Local Case Number,ACRS Report Type,Crash Date/Time,Road Name,Related Non-Motorist,Collision Type,Weather,Surface Condition,Light,Traffic Control,Driver Substance Abuse,Driver At Fault,Injury Severity,Circumstance,Driver Distracted By,Drivers License State,Vehicle Body Type,Vehicle Movement,Speed Limit,Driverless Vehicle,Vehicle Year,Vehicle Make,Vehicle Model,Latitude,Longitude,Year,Month,Hour
260019493,Injury Crash,05/05/2026 10:43:00 PM,NEW HAMPSHIRE AVE (SB/L),NA,Front to Front,Clear,Dry,Medium,No Controls,ALCOHOL PRESENT,Yes,No Apparent Injury,"Disregarded Other Road Markings, Operated Motor Vehicle in Inattentive, Careless, Negligent, or Erratic Manner, Wrong Side, Wrong Way",Unknown,MD,Passenger Car,Moving Constant Speed,40,No,2026,HONDA,CIVIC,39.03271067,-76.98539433,2026,5,22
260019493,Injury Crash,05/05/2026 10:43:00 PM,NEW HAMPSHIRE AVE (SB/L),NA,Front to Front,Clear,Dry,Medium,No Controls,NONE DETECTED,No,Possible Minor Injury,NA,Not Distracted,MD,Passenger Car,Moving Constant Speed,40,No,2018,VOLKSWAGEN,GOLF GTI,39.03271067,-76.98539433,2026,5,22
260019487,Property Damage Crash,05/05/2026 09:43:00 PM,VEIRS MILL RD,NA,Front to Rear,Clear,Dry,Medium,Flashing Traffic Control Signal,NONE DETECTED,No,No Apparent Injury,Other Improper Action,Not Distracted,MD,Passenger Car,Stopped in Traffic,35,No,2023,TOYOTA,RAV4,39.07866033,-77.13205117,2026,5,21
260019487,Property Damage Crash,05/05/2026 09:43:00 PM,VEIRS MILL RD,NA,Front to Rear,Clear,Dry,Medium,Flashing Traffic Control Signal,ALCOHOL PRESENT,No,No Apparent Injury,"Followed Too Closely, Operated Motor Vehicle in Inattentive, Careless, Negligent, or Erratic Manner, Operated Motor Vehicle in Reckless or Aggressive Manner, Other Improper Action",Unknown,NA,Passenger Car,Accelerating,35,No,2005,TOYOTA,CAMRY,39.07866033,-77.13205117,2026,5,21
260019485,Property Damage Crash,05/05/2026 09:30:00 PM,PIPING ROCK DR,NA,Angle,Clear,Dry,Medium,No Controls,NONE DETECTED,No,No Apparent Injury,NA,Not Distracted,MD,Passenger Car,Moving Constant Speed,45,No,2020,VOLKSWAGEN,JETTA,39.09698583,-77.00256383,2026,5,21
260019485,Property Damage Crash,05/05/2026 09:30:00 PM,PIPING ROCK DR,NA,Angle,Clear,Dry,Medium,Lane Use Control Signal,NONE DETECTED,Yes,No Apparent Injury,Failed to Yield Right-of-Way,Unknown,MD,Sport Utility Vehicle,Entering Traffic Lane,25,No,2025,KIA,SORENTO,39.09698583,-77.00256383,2026,5,21
260019479,Property Damage Crash,05/05/2026 08:20:00 PM,LINCOLN ST,Cyclist (non-electric),Single Vehicle,Clear,Dry,Dark,Traffic Control Signal,NONE DETECTED,No,NA,NA,NA,NA,NA,Accelerating,25,No,0,NA,NA,38.99817407,-77.10956426,2026,5,20
260019469,Injury Crash,05/05/2026 07:33:00 PM,OLD BALTIMORE RD,NA,Angle,Clear,Dry,Daylight,Traffic Control Signal,NONE DETECTED,No,Possible Minor Injury,NA,Not Distracted,MD,Passenger Car,Accelerating,40,No,2020,CHEVROLET,TRAX,39.14656267,-77.05045383,2026,5,19
260019469,Injury Crash,05/05/2026 07:33:00 PM,OLD BALTIMORE RD,NA,Angle,Clear,Dry,Daylight,Traffic Control Signal,NONE DETECTED,Yes,No Apparent Injury,Ran Red Light,Not Distracted,MD,Sport Utility Vehicle,Moving Constant Speed,30,No,2009,JEEP,WRANGLER,39.14656267,-77.05045383,2026,5,19
260019438,Injury Crash,05/05/2026 04:35:00 PM,CENTERWAY RD (WB/L),Pedestrian,Single Vehicle,Clear,Dry,Daylight,No Controls,NONE DETECTED,Yes,No Apparent Injury,NA,Unknown,MD,Passenger Car,Turning Left,35,No,2011,TOYOTA,CAMRY,39.17261866,-77.20202399,2026,5,16
260019385,Property Damage Crash,05/05/2026 12:20:00 PM,NA,Cyclist (non-electric),Single Vehicle,Clear,Dry,Daylight,No Controls,NONE DETECTED,Yes,No Apparent Injury,NA,Unknown,MD,Passenger Car,Turning Right,25,No,2018,MERCEDES-BENZ,GLE-CLASS,39.054531420000004,-77.05032612,2026,5,12
260019384,Injury Crash,05/05/2026 12:07:00 PM,NA,NA,Front to Rear,Clear,NA,Daylight,NA,NONE DETECTED,Yes,Possible Minor Injury,NA,Not Distracted,MD,Passenger Car,Slowing or Stopping,0,No,2024,TOYOTA,COROLLA,39.026373,-77.1043815,2026,5,12
260019380,Property Damage Crash,05/05/2026 11:40:00 AM,WESTLAKE DR,NA,Angle,Clear,Dry,Daylight,No Controls,NONE DETECTED,No,No Apparent Injury,NA,Not Distracted,MD,Passenger Car,Turning Left,30,No,2020,AUDI,Q7,39.0266403,-77.14778403,2026,5,11
260019380,Property Damage Crash,05/05/2026 11:40:00 AM,WESTLAKE DR,NA,Angle,Clear,Dry,Daylight,No Controls,NONE DETECTED,Yes,No Apparent Injury,Failed to Yield Right-of-Way,Not Distracted,FL,Passenger Car,Turning Left,15,No,2026,GMC,YUKON XL,39.0266403,-77.14778403,2026,5,11
260019374,Property Damage Crash,05/05/2026 11:05:00 AM,ROCKVILLE PIKE (SB/L),NA,"Sideswipe, Opposite Direction",Clear,Dry,Daylight,No Controls,NONE DETECTED,No,No Apparent Injury,NA,Not Distracted,MD,Passenger Car,Moving Constant Speed,45,No,2016,SUBARU,LEGACY,39.03162333,-77.105799,2026,5,11
260019374,Property Damage Crash,05/05/2026 11:05:00 AM,ROCKVILLE PIKE (SB/L),NA,"Sideswipe, Opposite Direction",Clear,Dry,Daylight,No Controls,NONE DETECTED,Yes,No Apparent Injury,NA,Unknown,MD,Single-Unit Truck,Changing Lanes,45,No,2023,MACK,GRANITE,39.03162333,-77.105799,2026,5,11
260019353,Property Damage Crash,05/05/2026 09:45:00 AM,FERNWOOD RD,NA,Front to Rear,Clear,Dry,Daylight,No Controls,NONE DETECTED,Yes,No Apparent Injury,NA,Not Distracted,MD,Passenger Car,Slowing or Stopping,30,No,2014,BUICK,ENCORE,39.0202458,-77.13447822,2026,5,9
260019353,Property Damage Crash,05/05/2026 09:45:00 AM,FERNWOOD RD,NA,Front to Rear,Clear,Dry,Daylight,No Controls,NONE DETECTED,No,No Apparent Injury,NA,Not Distracted,AZ,Passenger Car,Slowing or Stopping,30,No,2025,TOYOTA,RAV4,39.0202458,-77.13447822,2026,5,9
260019325,Property Damage Crash,05/05/2026 03:11:00 AM,NEW HAMPSHIRE AVE,NA,Front to Rear,Clear,Dry,Medium,Intersection Ahead Warning Sign,NONE DETECTED,No,No Apparent Injury,NA,Not Distracted,MD,Passenger Car,Slowing or Stopping,30,No,2025,CHEVROLET,TAHOE,38.98319167,-76.98827033,2026,5,3
260019325,Property Damage Crash,05/05/2026 03:11:00 AM,NEW HAMPSHIRE AVE,NA,Front to Rear,Clear,Dry,Medium,Intersection Ahead Warning Sign,NONE DETECTED,No,NA,NA,NA,NA,Passenger Car,Slowing or Stopping,30,No,2023,CHEVROLET,SUBURBAN,38.98319167,-76.98827033,2026,5,3
260019312,Property Damage Crash,05/04/2026 10:31:00 PM,COLESVILLE RD (SB/L),NA,Single Vehicle,Clear,Dry,Medium,No Controls,NONE DETECTED,No,No Apparent Injury,"Other Improper Action, Swerved or Avoided Due to Wind, Slippery Surface, Motor Vehicle, Object, Non-Motorist in Roadway, etc",Not Distracted,MD,Passenger Car,Moving Constant Speed,40,No,2026,TESLA,MODEL 3,39.01774792,-77.01522338,2026,5,22
260019313,Property Damage Crash,05/04/2026 10:30:00 PM,GEORGIA AVE,NA,Front to Rear,Clear,Dry,Dark,Traffic Control Signal,NONE DETECTED,No,No Apparent Injury,NA,Not Distracted,MD,Passenger Car,Moving Constant Speed,35,No,2018,TOYOTA,RAV4,39.024745,-77.04582383,2026,5,22
260019313,Property Damage Crash,05/04/2026 10:30:00 PM,GEORGIA AVE,NA,Front to Rear,Clear,Dry,Dark,Traffic Control Signal,NONE DETECTED,No,No Apparent Injury,NA,Not Distracted,MD,Passenger Car,Moving Constant Speed,35,No,2016,TOYOTA,TACOMA,39.024745,-77.04582383,2026,5,22
260019313,Property Damage Crash,05/04/2026 10:30:00 PM,GEORGIA AVE,NA,Front to Rear,Clear,Dry,Dark,Traffic Control Signal,NONE DETECTED,No,No Apparent Injury,NA,Not Distracted,DC,Passenger Car,Moving Constant Speed,35,No,2014,TOYOTA,PRIUS V,39.024745,-77.04582383,2026,5,22
260019309,Property Damage Crash,05/04/2026 09:07:00 PM,RHYTHM WAY,NA,Front to Rear,Clear,Dry,Medium,No Controls,NONE DETECTED,No,NA,NA,NA,NA,NA,Accelerating,25,No,0,NA,NA,39.1726975,-77.20596083,2026,5,21
260019293,Injury Crash,05/04/2026 06:50:00 PM,RIVER RD,NA,Angle,Clear,Dry,Daylight,Traffic Control Signal,NONE DETECTED,Yes,Possible Minor Injury,NA,Unknown,NA,Motorcycle - 2 Wheeled,Accelerating,35,No,2026,ZZKNOWN,UNKNOWN,38.96988328,-77.11214981,2026,5,18
260019293,Injury Crash,05/04/2026 06:50:00 PM,RIVER RD,NA,Angle,Clear,Dry,Daylight,Traffic Control Signal,NONE DETECTED,No,No Apparent Injury,NA,Not Distracted,MD,Sport Utility Vehicle,Stopped in Traffic,35,No,2024,HONDA,CR-V,38.96988328,-77.11214981,2026,5,18
260019289,Property Damage Crash,05/04/2026 06:33:00 PM,GERMANTOWN RD (SB/L),NA,Front to Rear,Clear,Dry,Daylight,No Controls,NONE DETECTED,Yes,No Apparent Injury,NA,Not Distracted,MD,Passenger Car,Leaving Traffic Lane,45,No,2013,MERCEDES-BENZ,GL-CLASS,39.18794833,-77.25234333,2026,5,18
260019289,Property Damage Crash,05/04/2026 06:33:00 PM,GERMANTOWN RD (SB/L),NA,Front to Rear,Clear,Dry,Daylight,No Controls,NONE DETECTED,No,No Apparent Injury,NA,Not Distracted,MD,Passenger Car,Moving Constant Speed,45,No,2006,AUDI,A3,39.18794833,-77.25234333,2026,5,18
260019278,Property Damage Crash,05/04/2026 06:19:00 PM,RIDGELINE DR,NA,Angle,Clear,Dry,Daylight,No Controls,NONE DETECTED,Yes,No Apparent Injury,NA,Not Distracted,MD,Bus - School,Turning Left,5,No,2020,THOMAS BUILT,HDX,39.1744735,-77.207396,2026,5,18
260019283,Property Damage Crash,05/04/2026 06:15:00 PM,OLD COLUMBIA PIKE,NA,Other,Clear,Dry,Daylight,No Controls,NONE DETECTED,Yes,No Apparent Injury,NA,Unknown,MD,Passenger Car,Turning Left,35,No,2018,HONDA,CIVIC,39.06833217,-76.962353,2026,5,18
260019283,Property Damage Crash,05/04/2026 06:15:00 PM,OLD COLUMBIA PIKE,NA,Other,Clear,Dry,Daylight,No Controls,NONE DETECTED,No,No Apparent Injury,NA,Not Distracted,MD,Passenger Car,Moving Constant Speed,35,No,2019,NISSAN,ALTIMA,39.06833217,-76.962353,2026,5,18
260019280,Injury Crash,05/04/2026 06:07:00 PM,SPRINGFIELD DR,NA,Angle,Clear,Dry,Daylight,Traffic Control Signal,NONE DETECTED,No,Possible Minor Injury,NA,Not Distracted,MD,Passenger Car,Moving Constant Speed,35,No,2017,ACURA,TLX,38.96988324,-77.11204192,2026,5,18
260019280,Injury Crash,05/04/2026 06:07:00 PM,SPRINGFIELD DR,NA,Angle,Clear,Dry,Daylight,Traffic Control Signal,NONE DETECTED,No,No Apparent Injury,NA,Not Distracted,MD,Passenger Car,Turning Left,35,No,2020,TESLA,MODEL S,38.96988324,-77.11204192,2026,5,18
260019291,Property Damage Crash,05/04/2026 06:03:00 PM,LITTLETON ST,NA,Angle,Clear,Dry,Daylight,No Controls,NONE DETECTED,Yes,NA,NA,NA,NA,Passenger Car,Moving Constant Speed,35,No,2018,HYUNDAI,ELANTRA,39.06235817,-77.085967,2026,5,18
260019284,Property Damage Crash,05/04/2026 06:00:00 PM,NA,NA,Angle,Clear,NA,Daylight,NA,NONE DETECTED,No,NA,NA,NA,NA,Passenger Car,NA,0,No,2023,CHEVROLET,BLAZER,39.02044849,-77.01212433,2026,5,18
260019263,Injury Crash,05/04/2026 05:30:00 PM,BROADBIRCH DR,Pedestrian,Single Vehicle,Clear,Dry,Daylight,Stop Sign,NONE DETECTED,Yes,No Apparent Injury,"Operated Motor Vehicle in Inattentive, Careless, Negligent, or Erratic Manner",Not Distracted,MD,Passenger Car,Accelerating,30,No,2025,TESLA,CYBERTRUCK,39.05561463,-76.96177969,2026,5,17
260019275,Property Damage Crash,05/04/2026 05:25:00 PM,NA,NA,Rear To Side,Clear,NA,Daylight,NA,NONE DETECTED,Yes,No Apparent Injury,NA,Not Distracted,MO,Truck Tractor,Moving Constant Speed,0,No,2025,FREIGHTLINER,CASCADIA,39.04505483,-77.10128367,2026,5,17
260019252,Property Damage Crash,05/04/2026 04:17:00 PM,NA,NA,Other,Clear,NA,Daylight,NA,NONE DETECTED,Yes,No Apparent Injury,Other Improper Action,Not Distracted,MD,Bus - School,Overtaking/Passing,0,No,2024,FREIGHTLINER,B2 106 ELECTRIC CONVENTIONAL CHASSIS,39.0807455,-77.0810315,2026,5,16
260019246,Injury Crash,05/04/2026 04:06:00 PM,ARDENNES AVE,Pedestrian,Single Vehicle,Clear,Dry,Daylight,No Controls,NONE DETECTED,No,No Apparent Injury,NA,Not Distracted,MD,Passenger Car,Moving Constant Speed,15,No,2018,FORD,TRANSIT CONNECT,39.06529972,-77.11823774,2026,5,16
260019223,Injury Crash,05/04/2026 02:28:00 PM,COLUMBIA PIKE (SB/L),NA,Front to Rear,Clear,Dry,Daylight,No Controls,NONE DETECTED,No,No Apparent Injury,NA,Not Distracted,MD,Sport Utility Vehicle,Slowing or Stopping,55,No,2015,MERCEDES-BENZ,GLA-CLASS,39.0901336,-76.94264894,2026,5,14
260019223,Injury Crash,05/04/2026 02:28:00 PM,COLUMBIA PIKE (SB/L),NA,Front to Rear,Clear,Dry,Daylight,No Controls,NONE DETECTED,Yes,Possible Minor Injury,NA,Unknown,MD,Sport Utility Vehicle,Moving Constant Speed,55,No,2023,HYUNDAI,IONIQ 5,39.0901336,-76.94264894,2026,5,14
260019211,Injury Crash,05/04/2026 01:34:00 PM,COLUMBIA PIKE,NA,Rear To Rear,Clear,Dry,Daylight,No Controls,NONE DETECTED,No,No Apparent Injury,NA,Not Distracted,MD,Passenger Car,Slowing or Stopping,45,No,2010,LEXUS,RX,39.0901641,-76.94220794,2026,5,13
260019211,Injury Crash,05/04/2026 01:34:00 PM,COLUMBIA PIKE,NA,Rear To Rear,Clear,Dry,Daylight,No Controls,NONE DETECTED,Yes,Possible Minor Injury,"Followed Too Closely, Swerved or Avoided Due to Wind, Slippery Surface, Motor Vehicle, Object, Non-Motorist in Roadway, etc",Not Distracted,MD,Passenger Car,Slowing or Stopping,45,No,2026,MAZDA,CX-50,39.0901641,-76.94220794,2026,5,13
260019203,Property Damage Crash,05/04/2026 12:39:00 PM,RIDGEMONT AVE,NA,Angle,Clear,Dry,Daylight,Traffic Control Signal,NONE DETECTED,No,No Apparent Injury,NA,Unknown,MD,Passenger Car,Moving Constant Speed,35,No,2009,TOYOTA,COROLLA,39.11917003,-77.17178736,2026,5,12
260019203,Property Damage Crash,05/04/2026 12:39:00 PM,RIDGEMONT AVE,NA,Angle,Clear,Dry,Daylight,Traffic Control Signal,NONE DETECTED,No,No Apparent Injury,NA,Unknown,MD,Passenger Car,Turning Left,25,No,2013,MAZDA,MAZDA3,39.11917003,-77.17178736,2026,5,12
260019189,Property Damage Crash,05/04/2026 11:24:00 AM,SPRING ST,NA,Angle,Clear,Dry,Daylight,Traffic Control Signal,NONE DETECTED,No,No Apparent Injury,NA,Unknown,MD,Sport Utility Vehicle,Moving Constant Speed,35,No,2017,HYUNDAI,TUCSON,38.99901087,-77.02612664,2026,5,11
260019189,Property Damage Crash,05/04/2026 11:24:00 AM,SPRING ST,NA,Angle,Clear,Dry,Daylight,Traffic Control Signal,NONE DETECTED,No,No Apparent Injury,Ran Red Light,Unknown,MD,Sport Utility Vehicle,Moving Constant Speed,35,No,2008,TOYOTA,RAV4,38.99901087,-77.02612664,2026,5,11
260019191,Injury Crash,05/04/2026 11:14:00 AM,RIDGE RD (SB/L),NA,Front to Rear,Clear,Dry,Daylight,No Controls,NONE DETECTED,Yes,No Apparent Injury,"Followed Too Closely, Operated Motor Vehicle in Inattentive, Careless, Negligent, or Erratic Manner, Too Fast For Conditions",Unknown,MD,Single-Unit Truck,Moving Constant Speed,40,No,2006,PETERBILT,357,39.24185209,-77.23495467,2026,5,11
260019191,Injury Crash,05/04/2026 11:14:00 AM,RIDGE RD (SB/L),NA,Front to Rear,Clear,Dry,Daylight,No Controls,NONE DETECTED,No,Possible Minor Injury,NA,Not Distracted,MD,Van - Passenger (&lt;9 Seats),Moving Constant Speed,40,No,2018,HONDA,ODYSSEY,39.24185209,-77.23495467,2026,5,11
260019191,Injury Crash,05/04/2026 11:14:00 AM,RIDGE RD (SB/L),NA,Front to Rear,Clear,Dry,Daylight,No Controls,NONE DETECTED,No,Possible Minor Injury,NA,Not Distracted,MD,Sport Utility Vehicle,Stopped in Traffic,40,No,2014,BMW,X3,39.24185209,-77.23495467,2026,5,11
260019185,Property Damage Crash,05/04/2026 11:04:00 AM,BROADBIRCH DR,NA,Rear To Side,Clear,Dry,Daylight,Stop Sign,NONE DETECTED,Yes,No Apparent Injury,Failed to Yield Right-of-Way,Unknown,MD,Passenger Car,Turning Left,30,No,2024,TOYOTA,CAMRY,39.05566421,-76.95592933,2026,5,11
260019185,Property Damage Crash,05/04/2026 11:04:00 AM,BROADBIRCH DR,NA,Rear To Side,Clear,Dry,Daylight,Traffic Control Signal,NONE DETECTED,No,No Apparent Injury,NA,Not Distracted,MD,Passenger Car,Moving Constant Speed,30,No,2010,HYUNDAI,ACCENT,39.05566421,-76.95592933,2026,5,11
260019175,Injury Crash,05/04/2026 10:40:00 AM,COLESVILLE RD (WB/L),Cyclist (non-electric),Single Vehicle,Clear,Dry,Daylight,Traffic Control Signal,NONE DETECTED,No,NA,NA,NA,NA,NA,Moving Constant Speed,35,No,0,NA,NA,38.99481767,-77.03022948,2026,5,10
260019181,Property Damage Crash,05/04/2026 10:38:00 AM,KEMPTOWN RD,NA,Front to Rear,Clear,Dry,Daylight,No Controls,NONE DETECTED,No,No Apparent Injury,NA,Not Distracted,MD,Sport Utility Vehicle,Stopped in Traffic,40,No,2017,CHEVROLET,TRAVERSE,39.32447901,-77.20658806,2026,5,10
260019181,Property Damage Crash,05/04/2026 10:38:00 AM,KEMPTOWN RD,NA,Front to Rear,Clear,Dry,Daylight,No Controls,NONE DETECTED,Yes,No Apparent Injury,Followed Too Closely,Unknown,MD,Passenger Car,Moving Constant Speed,40,No,2018,KIA,SOUL,39.32447901,-77.20658806,2026,5,10
260019235,Property Damage Crash,05/04/2026 10:00:00 AM,EVERETT ST,NA,Other,Clear,Dry,Daylight,"Other Pavement Marking (excluding edgelines, centerlines, or lane lines)",NONE DETECTED,No,NA,NA,NA,NA,Passenger Car,Turning Right,35,No,2018,TOYOTA,COROLLA,39.01932678,-77.07478104,2026,5,10
260019171,Property Damage Crash,05/04/2026 09:52:00 AM,BRINK RD,NA,"Sideswipe, Same Direction",Clear,Dry,Daylight,No Controls,NONE DETECTED,No,No Apparent Injury,NA,Not Distracted,MD,Pickup,Moving Constant Speed,40,No,2009,CHEVROLET,SILVERADO,39.20865037,-77.16792655,2026,5,9
260019171,Property Damage Crash,05/04/2026 09:52:00 AM,BRINK RD,NA,"Sideswipe, Same Direction",Clear,Dry,Daylight,No Controls,NONE DETECTED,Yes,No Apparent Injury,Improper Passing,Unknown,MD,Pickup,Overtaking/Passing,40,No,2023,FORD,F-150,39.20865037,-77.16792655,2026,5,9
260019151,Property Damage Crash,05/04/2026 08:07:00 AM,HENDERSON CORNER RD,NA,Single Vehicle,Clear,Dry,Daylight,Traffic Control Signal,NONE DETECTED,Yes,No Apparent Injury,Other Improper Action,Not Distracted,DE,Passenger Car,Moving Constant Speed,15,No,2021,TOYOTA,CAMRY,39.20234334,-77.24543021,2026,5,8
260019148,Property Damage Crash,05/04/2026 08:06:00 AM,FIELDCREST RD,NA,Angle,Clear,Dry,Daylight,Traffic Control Signal,NONE DETECTED,No,No Apparent Injury,NA,Not Distracted,MD,Pickup,Moving Constant Speed,45,No,2021,CHEVROLET,SILVERADO,39.18536339,-77.15071848,2026,5,8
260019148,Property Damage Crash,05/04/2026 08:06:00 AM,FIELDCREST RD,NA,Angle,Clear,Dry,Daylight,Traffic Control Signal,NONE DETECTED,Yes,No Apparent Injury,NA,Not Distracted,MD,Passenger Car,Moving Constant Speed,25,No,2015,BMW,M235I,39.18536339,-77.15071848,2026,5,8
260019150,Injury Crash,05/04/2026 08:00:00 AM,SUGARLAND RD,NA,Single Vehicle,Clear,Dry,Daylight,No Controls,NONE DETECTED,Yes,Possible Minor Injury,Other Improper Action,Unknown,MD,Passenger Car,Turning Right,50,No,2012,FORD,FOCUS,39.12990182,-77.34602369,2026,5,8
260019146,Injury Crash,05/04/2026 07:32:00 AM,ASTON MANOR DR,NA,Rear To Side,Clear,Dry,Daylight,Stop Sign,NONE DETECTED,Yes,No Apparent Injury,Failed to Yield Right-of-Way,Not Distracted,MD,Passenger Car,Turning Left,35,No,2022,CHEVROLET,MALIBU,39.07592362,-76.94108044,2026,5,7
260019146,Injury Crash,05/04/2026 07:32:00 AM,ASTON MANOR DR,NA,Rear To Side,Clear,Dry,Daylight,No Controls,NONE DETECTED,No,Possible Minor Injury,NA,Not Distracted,MD,Sport Utility Vehicle,Moving Constant Speed,40,No,2020,TOYOTA,RAV4,39.07592362,-76.94108044,2026,5,7
260019115,Property Damage Crash,05/03/2026 10:20:00 PM,OLD BALTIMORE RD,NA,"Sideswipe, Opposite Direction",Clear,Dry,Medium,No Controls,NONE DETECTED,Yes,No Apparent Injury,"Failed to Keep in Proper Lane, Ran Off Roadway, Swerved or Avoided Due to Wind, Slippery Surface, Motor Vehicle, Object, Non-Motorist in Roadway, etc",Not Distracted,MD,Passenger Car,Moving Constant Speed,30,No,1987,PORSCHE,944,39.143282,-77.05628583,2026,5,22
260019115,Property Damage Crash,05/03/2026 10:20:00 PM,OLD BALTIMORE RD,NA,"Sideswipe, Opposite Direction",Clear,Dry,Medium,No Controls,NONE DETECTED,No,No Apparent Injury,NA,Not Distracted,MD,Passenger Car,Moving Constant Speed,30,No,2022,FORD,MUSTANG MACH-E,39.143282,-77.05628583,2026,5,22
260019108,Injury Crash,05/03/2026 09:19:00 PM,FREDERICK RD (SB/L),NA,"Sideswipe, Same Direction",Clear,Dry,Medium,Other Signal,NONE DETECTED,Yes,No Apparent Injury,"Disregarded Other Road Markings, Failed to Keep in Proper Lane, Failed to Yield Right-of-Way, Operated Motor Vehicle in Inattentive, Careless, Negligent, or Erratic Manner, Other Improper Action",Unknown,MD,Passenger Car,Changing Lanes,40,No,2019,CADILLAC,CTS,39.20408644,-77.24599368,2026,5,21
260019108,Injury Crash,05/03/2026 09:19:00 PM,FREDERICK RD (SB/L),NA,"Sideswipe, Same Direction",Clear,Dry,Medium,Other Signal,NONE DETECTED,No,No Apparent Injury,NA,Not Distracted,MD,Passenger Car,Moving Constant Speed,40,No,2013,INFINITI,G37,39.20408644,-77.24599368,2026,5,21
260019107,Injury Crash,05/03/2026 09:02:00 PM,EAST WEST HWY (WB/L),NA,Front to Rear,Clear,Dry,Medium,Traffic Control Signal,NONE DETECTED,Yes,No Apparent Injury,NA,Not Distracted,MD,Passenger Car,Moving Constant Speed,35,No,2013,NISSAN,ROGUE,38.99380069,-77.05200571,2026,5,21
260019107,Injury Crash,05/03/2026 09:02:00 PM,EAST WEST HWY (WB/L),NA,Front to Rear,Clear,Dry,Medium,Traffic Control Signal,NONE DETECTED,No,Possible Minor Injury,NA,Not Distracted,VA,Passenger Car,Slowing or Stopping,35,No,2020,HYUNDAI,ELANTRA,38.99380069,-77.05200571,2026,5,21
260019098,Injury Crash,05/03/2026 08:00:00 PM,NA,Pedestrian,Single Vehicle,Clear,Dry,Medium,Traffic Control Signal,NONE DETECTED,No,No Apparent Injury,NA,Not Distracted,MD,Sport Utility Vehicle,Accelerating,35,No,2016,HONDA,CR-V,39.09187463,-77.07035495,2026,5,20
260019096,Property Damage Crash,05/03/2026 07:46:00 PM,NA,NA,Front to Rear,Clear,NA,Medium,NA,NONE DETECTED,No,No Apparent Injury,Improper Backing,Unknown,NA,Passenger Car,Backing,0,No,0,NA,NA,39.15472732,-77.16504889,2026,5,19
260019096,Property Damage Crash,05/03/2026 07:46:00 PM,NA,NA,Front to Rear,Clear,NA,Medium,NA,NONE DETECTED,No,No Apparent Injury,NA,Not Distracted,MD,Passenger Car,Parked,0,No,2022,HONDA,CIVIC,39.15472732,-77.16504889,2026,5,19
260019080,Injury Crash,05/03/2026 04:41:00 PM,ROCKVILLE PIKE (SB/L),NA,Front to Rear,Clear,Dry,Daylight,Flashing Traffic Control Signal,NONE DETECTED,No,No Apparent Injury,NA,Not Distracted,MD,Passenger Car,Moving Constant Speed,35,No,2022,JEEP,WRANGLER,39.08032734,-77.14410015,2026,5,16
260019080,Injury Crash,05/03/2026 04:41:00 PM,ROCKVILLE PIKE (SB/L),NA,Front to Rear,Clear,Dry,Daylight,Flashing Traffic Control Signal,NONE DETECTED,No,No Apparent Injury,NA,Not Distracted,MD,Passenger Car,Slowing or Stopping,35,No,2018,HONDA,CR-V,39.08032734,-77.14410015,2026,5,16
260019079,Property Damage Crash,05/03/2026 04:20:00 PM,DAWSON FARM RD,NA,"Sideswipe, Same Direction",Clear,Dry,Daylight,No Controls,NONE DETECTED,Yes,No Apparent Injury,NA,Not Distracted,MD,Sport Utility Vehicle,Changing Lanes,40,No,2019,NISSAN,ARMADA,39.17149094,-77.2773393,2026,5,16
260019079,Property Damage Crash,05/03/2026 04:20:00 PM,DAWSON FARM RD,NA,"Sideswipe, Same Direction",Clear,Dry,Daylight,No Controls,NONE DETECTED,No,No Apparent Injury,NA,Not Distracted,MD,Van - Passenger (&lt;9 Seats),Moving Constant Speed,40,No,2010,TOYOTA,SIENNA,39.17149094,-77.2773393,2026,5,16