Local Case Number,ACRS Report Type,Crash Date/Time,Road Name,Related Non-Motorist,Collision Type,Weather,Surface Condition,Light,Traffic Control,Driver Substance Abuse,Driver At Fault,Injury Severity,Circumstance,Driver Distracted By,Drivers License State,Vehicle Body Type,Vehicle Movement,Speed Limit,Driverless Vehicle,Vehicle Year,Vehicle Make,Vehicle Model,Latitude,Longitude,Year,Month,Hour
260019074,Injury Crash,05/03/2026 03:51:00 PM,COLUMBIA PIKE (SB/L),NA,Front to Rear,Clear,Dry,Daylight,No Controls,NONE DETECTED,Yes,No Apparent Injury,NA,Unknown,FL,Sport Utility Vehicle,Moving Constant Speed,50,No,2021,MERCEDES-BENZ,G-CLASS,39.07408075,-76.95522608,2026,5,15
260019074,Injury Crash,05/03/2026 03:51:00 PM,COLUMBIA PIKE (SB/L),NA,Front to Rear,Clear,Dry,Daylight,No Controls,NONE DETECTED,No,Possible Minor Injury,NA,Not Distracted,MD,Passenger Car,Slowing or Stopping,50,No,2017,HONDA,ACCORD,39.07408075,-76.95522608,2026,5,15
260019074,Injury Crash,05/03/2026 03:51:00 PM,COLUMBIA PIKE (SB/L),NA,Front to Rear,Clear,Dry,Daylight,No Controls,NONE DETECTED,No,No Apparent Injury,NA,Not Distracted,MD,Passenger Car,Slowing or Stopping,50,No,2022,TOYOTA,COROLLA,39.07408075,-76.95522608,2026,5,15
260019087,Property Damage Crash,05/03/2026 03:40:00 PM,NA,NA,"Sideswipe, Same Direction",Clear,NA,Daylight,NA,NONE DETECTED,No,NA,NA,NA,NA,Station Wagon,Backing,0,No,2011,SUBARU,OUTBACK,38.99057893,-77.15193317,2026,5,15
260019061,Injury Crash,05/03/2026 02:01:00 PM,PRINCE PHILIP DR,NA,Angle,Clear,Dry,Daylight,Traffic Control Signal,NONE DETECTED,No,Possible Minor Injury,Ran Red Light,Unknown,MD,Passenger Car,Accelerating,35,No,1999,TOYOTA,CAMRY,39.14970227,-77.05793834,2026,5,14
260019061,Injury Crash,05/03/2026 02:01:00 PM,PRINCE PHILIP DR,NA,Angle,Clear,Dry,Daylight,Traffic Control Signal,NONE DETECTED,No,Possible Minor Injury,NA,Unknown,MD,Passenger Car,Moving Constant Speed,35,No,2011,TOYOTA,PRIUS,39.14970227,-77.05793834,2026,5,14
260019028,Property Damage Crash,05/03/2026 08:53:00 AM,MIDCOUNTY HWY (NB/L),NA,Front to Rear,Clear,Dry,Daylight,Traffic Control Signal,NONE DETECTED,No,NA,NA,NA,NA,Passenger Car,Moving Constant Speed,35,No,2009,HONDA,CR-V,39.14762876,-77.16901462,2026,5,8
260019028,Property Damage Crash,05/03/2026 08:53:00 AM,MIDCOUNTY HWY (NB/L),NA,Front to Rear,Clear,Dry,Daylight,Traffic Control Signal,NONE DETECTED,No,No Apparent Injury,NA,Not Distracted,MD,Pickup,Stopped in Traffic,35,No,2008,NISSAN,FRONTIER,39.14762876,-77.16901462,2026,5,8
20019001,Injury Crash,05/02/2026 11:01:00 PM,WELLER RD,NA,Front to Rear,Clear,Dry,Medium,No Controls,NONE DETECTED,Yes,Possible Minor Injury,"Failed to Keep in Proper Lane, Operated Motor Vehicle in Inattentive, Careless, Negligent, or Erratic Manner, Swerved or Avoided Due to Wind, Slippery Surface, Motor Vehicle, Object, Non-Motorist in Roadway, etc",Unknown,MD,Passenger Car,Moving Constant Speed,25,No,2019,HONDA,CIVIC,39.06288317,-77.07476405,2026,5,23
260018997,Property Damage Crash,05/02/2026 10:18:00 PM,ERSKINE ST,NA,Other,Clear,Dry,Medium,Traffic Control Signal,NONE DETECTED,No,No Apparent Injury,NA,Not Distracted,NA,Passenger Car,Turning Left,35,No,2012,HONDA,CIVIC,38.98156072,-76.98873619,2026,5,22
260018997,Property Damage Crash,05/02/2026 10:18:00 PM,ERSKINE ST,NA,Other,Clear,Dry,Medium,Traffic Control Signal,NONE DETECTED,No,No Apparent Injury,NA,Not Distracted,MD,Passenger Car,Moving Constant Speed,35,No,2018,FORD,EXPLORER,38.98156072,-76.98873619,2026,5,22
260018992,Property Damage Crash,05/02/2026 09:25:00 PM,TWINBROOK PKWY (NB/L),NA,Front to Rear,Clear,Dry,Medium,Traffic Control Signal,NONE DETECTED,No,No Apparent Injury,NA,Not Distracted,MD,Sport Utility Vehicle,Stopped in Traffic,30,No,2025,BMW,X7,39.06368474,-77.11605957,2026,5,21
260018992,Property Damage Crash,05/02/2026 09:25:00 PM,TWINBROOK PKWY (NB/L),NA,Front to Rear,Clear,Dry,Medium,Traffic Control Signal,ALCOHOL PRESENT,Yes,No Apparent Injury,NA,Unknown,MD,Single-Unit Truck,Backing,30,No,2006,FORD,E-350,39.06368474,-77.11605957,2026,5,21
260018991,Injury Crash,05/02/2026 09:23:00 PM,ROCKVILLE PIKE,NA,Angle,Clear,Dry,Medium,Traffic Control Signal,NONE DETECTED,No,Possible Minor Injury,NA,Not Distracted,MD,Passenger Car,Moving Constant Speed,35,No,2018,FORD,FOCUS,39.06187861,-77.12390731,2026,5,21
260018991,Injury Crash,05/02/2026 09:23:00 PM,ROCKVILLE PIKE,NA,Angle,Clear,Dry,Medium,Traffic Control Signal,NONE DETECTED,Yes,No Apparent Injury,NA,Unknown,MD,Other Trucks,Turning Left,35,No,2006,FORD,E-350,39.06187861,-77.12390731,2026,5,21
260018986,Property Damage Crash,05/02/2026 08:40:00 PM,GOSHEN RD,NA,"Sideswipe, Opposite Direction",Clear,Dry,Medium,No Controls,NONE DETECTED,No,NA,NA,NA,NA,Passenger Car,NA,35,No,2003,HONDA,ACCORD,39.17328301,-77.18941442,2026,5,20
260018986,Property Damage Crash,05/02/2026 08:40:00 PM,GOSHEN RD,NA,"Sideswipe, Opposite Direction",Clear,Dry,Medium,No Controls,NONE DETECTED,No,No Apparent Injury,NA,Not Distracted,MD,Passenger Car,Moving Constant Speed,35,No,2013,VOLKSWAGEN,PASSAT,39.17328301,-77.18941442,2026,5,20
260018975,Property Damage Crash,05/02/2026 07:56:00 PM,NA,NA,Other,Clear,Dry,Medium,No Controls,NONE DETECTED,Yes,No Apparent Injury,NA,Not Distracted,MD,Pickup,Moving Constant Speed,35,No,2019,RAM,1500,39.15735588,-77.15820976,2026,5,19
260018975,Property Damage Crash,05/02/2026 07:56:00 PM,NA,NA,Other,Clear,Dry,Medium,No Controls,NONE DETECTED,No,No Apparent Injury,NA,Not Distracted,NJ,Passenger Car,Moving Constant Speed,35,No,2015,TESLA,MODEL Y,39.15735588,-77.15820976,2026,5,19
260018974,Property Damage Crash,05/02/2026 07:50:00 PM,MONTGOMERY VILLAGE AVE (SB/L),NA,"Sideswipe, Same Direction",Clear,Dry,Daylight,No Controls,ALCOHOL PRESENT,No,No Apparent Injury,"Failed to Keep in Proper Lane, Operated Motor Vehicle in Inattentive, Careless, Negligent, or Erratic Manner",Unknown,MD,Sport Utility Vehicle,Changing Lanes,35,No,2021,HYUNDAI,SANTA FE,39.18050491,-77.20045237,2026,5,19
260018974,Property Damage Crash,05/02/2026 07:50:00 PM,MONTGOMERY VILLAGE AVE (SB/L),NA,"Sideswipe, Same Direction",Clear,Dry,Daylight,No Controls,NONE DETECTED,No,No Apparent Injury,NA,Not Distracted,MD,Sport Utility Vehicle,Moving Constant Speed,35,No,2021,TOYOTA,RAV4,39.18050491,-77.20045237,2026,5,19
260018959,Injury Crash,05/02/2026 06:25:00 PM,RANDOLPH RD,NA,Angle,Clear,Dry,Daylight,Traffic Control Signal,NONE DETECTED,No,Possible Minor Injury,NA,Not Distracted,VA,Passenger Car,Accelerating,25,No,2024,LEXUS,ES,39.0623835,-77.04187833,2026,5,18
260018959,Injury Crash,05/02/2026 06:25:00 PM,RANDOLPH RD,NA,Angle,Clear,Dry,Daylight,Traffic Control Signal,NONE DETECTED,Yes,No Apparent Injury,Ran Red Light,Unknown,MD,Passenger Car,Moving Constant Speed,40,No,2012,TOYOTA,RAV4,39.0623835,-77.04187833,2026,5,18
260018962,Property Damage Crash,05/02/2026 06:08:00 PM,HAMMONTON PL,NA,Rear To Side,Clear,Dry,Daylight,Stop Sign,NONE DETECTED,No,No Apparent Injury,NA,Not Distracted,MD,Passenger Car,Moving Constant Speed,40,No,2009,TOYOTA,CAMRY,39.068807,-77.01499367,2026,5,18
260018962,Property Damage Crash,05/02/2026 06:08:00 PM,HAMMONTON PL,NA,Rear To Side,Clear,Dry,Daylight,Stop Sign,NONE DETECTED,Yes,No Apparent Injury,NA,Not Distracted,MD,Van - Passenger (&lt;9 Seats),Turning Left,40,No,2009,HONDA,ODYSSEY,39.068807,-77.01499367,2026,5,18
260018955,Property Damage Crash,05/02/2026 05:26:00 PM,VALLEYWOOD DR,NA,Front to Rear,Clear,Dry,Daylight,No Controls,NONE DETECTED,No,No Apparent Injury,NA,Not Distracted,MD,Passenger Car,Slowing or Stopping,25,No,2024,HONDA,ACCORD,39.05137991,-77.06858765,2026,5,17
260018955,Property Damage Crash,05/02/2026 05:26:00 PM,VALLEYWOOD DR,NA,Front to Rear,Clear,Dry,Daylight,No Controls,NONE DETECTED,Yes,No Apparent Injury,"Followed Too Closely, Too Fast For Conditions",Unknown,NA,Passenger Car,Moving Constant Speed,25,No,2011,GMC,ACADIA,39.05137991,-77.06858765,2026,5,17
260018954,Property Damage Crash,05/02/2026 05:23:00 PM,NEBEL ST,NA,Angle,Clear,Dry,Daylight,No Controls,NONE DETECTED,No,No Apparent Injury,NA,Not Distracted,MD,Passenger Car,Moving Constant Speed,35,No,2023,AUDI,SQ5,39.0514955,-77.1098345,2026,5,17
260018954,Property Damage Crash,05/02/2026 05:23:00 PM,NEBEL ST,NA,Angle,Clear,Dry,Daylight,No Controls,NONE DETECTED,No,NA,NA,NA,NA,NA,Entering Traffic Lane,35,No,0,NA,NA,39.0514955,-77.1098345,2026,5,17
260018952,Injury Crash,05/02/2026 04:52:00 PM,NA,Pedestrian,Single Vehicle,Clear,NA,Daylight,NA,NONE DETECTED,Yes,No Apparent Injury,"Operated Motor Vehicle in Inattentive, Careless, Negligent, or Erratic Manner, Operated Motor Vehicle in Reckless or Aggressive Manner",Unknown,MD,Passenger Car,Backing,0,No,2024,HONDA,CIVIC,39.0561241,-77.04677472,2026,5,16
260018949,Injury Crash,05/02/2026 04:45:00 PM,EVANSTON ST,Pedestrian,Single Vehicle,Clear,Dry,Daylight,No Controls,NONE DETECTED,No,No Apparent Injury,NA,Not Distracted,MD,Passenger Car,Moving Constant Speed,30,No,2020,JEEP,WRANGLER,39.06694614,-77.09056743,2026,5,16
260018944,Injury Crash,05/02/2026 03:54:00 PM,RAMP 5 FR RAMP 8 TO FATHER HURLEY BLVD,NA,Angle,Clear,Dry,Daylight,Traffic Control Signal,NONE DETECTED,Yes,Possible Minor Injury,"Failed to Yield Right-of-Way, Other Improper Action, Ran Red Light",Unknown,NA,Moped Or motorized bicycle,Moving Constant Speed,40,No,2023,KYMCO,AGILITY,39.19669267,-77.265464,2026,5,15
260018944,Injury Crash,05/02/2026 03:54:00 PM,RAMP 5 FR RAMP 8 TO FATHER HURLEY BLVD,NA,Angle,Clear,Dry,Daylight,Traffic Control Signal,NONE DETECTED,No,No Apparent Injury,NA,Not Distracted,WV,Sport Utility Vehicle,Moving Constant Speed,40,No,2017,FORD,EXPLORER,39.19669267,-77.265464,2026,5,15
260018940,Property Damage Crash,05/02/2026 03:16:00 PM,NA,NA,Rear To Rear,Clear,NA,Daylight,NA,NONE DETECTED,No,NA,NA,NA,NA,Van - Passenger (&lt;9 Seats),Backing,0,No,2017,RAM,PROMASTER 2500,39.07657162,-77.00366525,2026,5,15
260018931,Property Damage Crash,05/02/2026 02:09:00 PM,ROCKVILLE PIKE (SB/L),NA,Rear To Side,Clear,Dry,Daylight,Traffic Control Signal,NONE DETECTED,Yes,No Apparent Injury,Ran Red Light,Unknown,MD,Passenger Car,Moving Constant Speed,40,No,2024,BMW,IX,39.05123596,-77.11552901,2026,5,14
260018931,Property Damage Crash,05/02/2026 02:09:00 PM,ROCKVILLE PIKE (SB/L),NA,Rear To Side,Clear,Dry,Daylight,Traffic Control Signal,NONE DETECTED,No,No Apparent Injury,NA,Not Distracted,PA,Passenger Car,Accelerating,25,No,2025,TOYOTA,CAMRY,39.05123596,-77.11552901,2026,5,14
260018779,Property Damage Crash,05/02/2026 01:00:00 PM,VETERANS PL,NA,"Sideswipe, Same Direction",Clear,Dry,Daylight,No Controls,NONE DETECTED,No,NA,NA,NA,NA,Pickup,Moving Constant Speed,25,No,1998,DODGE,RAM,38.99755273,-77.02390037,2026,5,13
260018967,Property Damage Crash,05/02/2026 11:30:00 AM,ROCKVILLE PIKE (SB/L),Cyclist (non-electric),Single Vehicle,Clear,Dry,Daylight,No Controls,NONE DETECTED,No,NA,NA,NA,NA,Passenger Car,Turning Right,25,No,0,NA,NA,39.07601346,-77.13792487,2026,5,11
260018906,Injury Crash,05/02/2026 11:19:00 AM,GLENMONT CIR #1,NA,Front to Front,Clear,Dry,Daylight,Traffic Control Signal,NONE DETECTED,No,No Apparent Injury,NA,Not Distracted,MD,Passenger Car,Moving Constant Speed,40,No,2025,LEXUS,ES,39.0590814,-77.04771139,2026,5,11
260018906,Injury Crash,05/02/2026 11:19:00 AM,GLENMONT CIR #1,NA,Front to Front,Clear,Dry,Daylight,Traffic Control Signal,NONE DETECTED,Yes,No Apparent Injury,Failed to Yield Right-of-Way,Talking/listening,PA,Sport Utility Vehicle,Turning Left,40,No,2016,HONDA,CR-V,39.0590814,-77.04771139,2026,5,11
260018907,Property Damage Crash,05/02/2026 11:13:00 AM,RIDGE RD,NA,Single Vehicle,Clear,Dry,Daylight,No Controls,NONE DETECTED,Yes,No Apparent Injury,Other Improper Action,Unknown,MD,Other Trucks,Moving Constant Speed,30,No,2026,INTERNATIONAL,MV607,39.27889559,-77.21220859,2026,5,11
260018902,Injury Crash,05/02/2026 10:30:00 AM,NA,NA,Other,Clear,NA,Daylight,NA,NONE DETECTED,Yes,Possible Minor Injury,NA,Unknown,MD,Passenger Car,NA,0,No,2015,NISSAN,ROGUE,38.98534455,-76.98680197,2026,5,10
260018889,Property Damage Crash,05/02/2026 07:26:00 AM,ATLANTIC AVE,NA,"Sideswipe, Opposite Direction",Clear,Dry,Daylight,No Controls,NONE DETECTED,No,No Apparent Injury,NA,Not Distracted,MD,Pickup,Moving Constant Speed,25,No,2005,FORD,F-150,39.06989838,-77.11587274,2026,5,7
260018880,Property Damage Crash,05/02/2026 03:30:00 AM,RAMP 1 FR MD 355 NB TO IS 495 WB,NA,Single Vehicle,Clear,Dry,Dark,No Controls,NONE DETECTED,No,No Apparent Injury,NA,Not Distracted,MD,Sport Utility Vehicle,Accelerating,30,No,2019,HONDA,PILOT,39.01775478,-77.10149923,2026,5,3
260018877,Property Damage Crash,05/02/2026 02:47:00 AM,RANDOLPH RD (WB/L),NA,Single Vehicle,Clear,Dry,Medium,No Controls,NONE DETECTED,Yes,No Apparent Injury,NA,NA,NA,Pickup,Moving Constant Speed,35,No,2022,CHEVROLET,SILVERADO LTD,39.05913814,-77.06725096,2026,5,2
260018867,Property Damage Crash,05/01/2026 11:35:00 PM,NA,NA,Single Vehicle,Rain,Wet,Medium,No Controls,ALCOHOL PRESENT,Yes,No Apparent Injury,NA,Not Distracted,MD,Passenger Car,Moving Constant Speed,35,No,2008,HONDA,CIVIC,39.09852504,-76.94400058,2026,5,23
260018852,Property Damage Crash,05/01/2026 09:58:00 PM,NA,NA,Front to Front,Clear,Dry,Medium,Traffic Control Signal,NONE DETECTED,No,No Apparent Injury,NA,Not Distracted,MD,Passenger Car,Moving Constant Speed,35,No,2018,CHRYSLER,300,39.0052515,-77.0229925,2026,5,21
260018852,Property Damage Crash,05/01/2026 09:58:00 PM,NA,NA,Front to Front,Clear,Dry,Medium,Traffic Control Signal,NONE DETECTED,No,No Apparent Injury,NA,Unknown,DC,Sport Utility Vehicle,Moving Constant Speed,35,No,2024,CHEVROLET,EQUINOX,39.0052515,-77.0229925,2026,5,21
260018848,Property Damage Crash,05/01/2026 08:41:00 PM,NA,NA,Angle,Clear,Wet,Medium,No Controls,NONE DETECTED,No,No Apparent Injury,NA,Not Distracted,MD,Passenger Car,Moving Constant Speed,30,No,2016,JEEP,GRAND CHEROKEE,39.15039686,-77.06625151,2026,5,20
260018848,Property Damage Crash,05/01/2026 08:41:00 PM,NA,NA,Angle,Clear,Wet,Medium,No Controls,NONE DETECTED,No,No Apparent Injury,NA,Not Distracted,MD,Passenger Car,Turning Left,30,No,2025,HYUNDAI,KONA,39.15039686,-77.06625151,2026,5,20
260018844,Property Damage Crash,05/01/2026 08:08:00 PM,RANDOLPH RD,NA,Front to Rear,Clear,Dry,Medium,No Controls,NONE DETECTED,No,No Apparent Injury,NA,Not Distracted,MD,Station Wagon,Moving Constant Speed,35,No,2020,TOYOTA,4-RUNNER,39.05371152,-77.1009115,2026,5,20
260018844,Property Damage Crash,05/01/2026 08:08:00 PM,RANDOLPH RD,NA,Front to Rear,Clear,Dry,Medium,No Controls,NONE DETECTED,Yes,No Apparent Injury,NA,Unknown,NA,Pickup,Accelerating,35,No,2022,FORD,F-250,39.05371152,-77.1009115,2026,5,20
260018836,Property Damage Crash,05/01/2026 07:26:00 PM,CONNECTICUT AVE (SB/L),NA,"Sideswipe, Same Direction",Clear,Dry,Daylight,Traffic Control Signal,NONE DETECTED,No,No Apparent Injury,NA,Not Distracted,MD,Passenger Car,Moving Constant Speed,35,No,2014,NISSAN,MURANO,39.05212205,-77.07480592,2026,5,19
260018836,Property Damage Crash,05/01/2026 07:26:00 PM,CONNECTICUT AVE (SB/L),NA,"Sideswipe, Same Direction",Clear,Dry,Daylight,Traffic Control Signal,ALCOHOL PRESENT,Yes,No Apparent Injury,"Disregarded Other Road Markings, Failed to Keep in Proper Lane, Failed to Yield Right-of-Way, Operated Motor Vehicle in Inattentive, Careless, Negligent, or Erratic Manner, Operated Motor Vehicle in Reckless or Aggressive Manner, Other Improper Action",Unknown,MD,Passenger Car,Changing Lanes,35,No,2001,TOYOTA,CAMRY,39.05212205,-77.07480592,2026,5,19
260018818,Property Damage Crash,05/01/2026 05:34:00 PM,NA,NA,Single Vehicle,Clear,Dry,Daylight,No Controls,ALCOHOL PRESENT,No,No Apparent Injury,"Operated Motor Vehicle in Inattentive, Careless, Negligent, or Erratic Manner, Ran Off Roadway",Unknown,MD,Sport Utility Vehicle,Moving Constant Speed,40,No,2020,FORD,EXPEDITION MAX,39.21808617,-77.056228,2026,5,17
260018813,Injury Crash,05/01/2026 04:59:00 PM,OLD STAGE RD,NA,Front to Rear,Clear,Dry,Daylight,No Controls,NONE DETECTED,Yes,Possible Minor Injury,"Failed to Keep in Proper Lane, Operated Motor Vehicle in Inattentive, Careless, Negligent, or Erratic Manner",Not Distracted,MD,Sport Utility Vehicle,Moving Constant Speed,20,No,2020,BMW,X3,39.05128604,-77.15017568,2026,5,16
260018810,Property Damage Crash,05/01/2026 04:03:00 PM,OLD HUNDRED RD,NA,Angle,Clear,Dry,Daylight,Other,NONE DETECTED,Yes,No Apparent Injury,NA,Unknown,MD,Passenger Car,Turning Left,30,No,2015,MINI,HARDTOP,39.27542151,-77.33647003,2026,5,16
260018810,Property Damage Crash,05/01/2026 04:03:00 PM,OLD HUNDRED RD,NA,Angle,Clear,Dry,Daylight,Other Signal,NONE DETECTED,No,No Apparent Injury,NA,Not Distracted,MD,Pickup,Moving Constant Speed,30,No,2025,TOYOTA,TACOMA,39.27542151,-77.33647003,2026,5,16
26018806,Property Damage Crash,05/01/2026 04:00:00 PM,NA,NA,Rear To Rear,Clear,NA,Daylight,NA,NONE DETECTED,Yes,No Apparent Injury,Improper Backing,Unknown,MD,Passenger Car,Backing,0,No,2022,CHEVROLET,COLORADO,39.11008232,-76.99610501,2026,5,16
260018801,Property Damage Crash,05/01/2026 03:36:00 PM,ADRIAN ST,NA,Angle,Clear,Dry,Daylight,Stop Sign,NONE DETECTED,Yes,No Apparent Injury,NA,Not Distracted,DC,Bus - School,Turning Left,35,No,2026,FREIGHTLINER,B2 106 ELECTRIC CONVENTIONAL CHASSIS,39.06367683,-77.0940495,2026,5,15
260018804,Injury Crash,05/01/2026 03:21:00 PM,SANDY SPRING RD,NA,Front to Rear,Clear,Dry,Daylight,No Controls,NONE DETECTED,No,Possible Minor Injury,NA,Not Distracted,MD,Passenger Car,Moving Constant Speed,45,No,2015,NISSAN,ALTIMA,39.10532377,-76.91049158,2026,5,15
260018804,Injury Crash,05/01/2026 03:21:00 PM,SANDY SPRING RD,NA,Front to Rear,Clear,Dry,Daylight,No Controls,NONE DETECTED,No,No Apparent Injury,NA,Not Distracted,MD,Passenger Car,Moving Constant Speed,45,No,2021,RAM,1500,39.10532377,-76.91049158,2026,5,15
260018803,Property Damage Crash,05/01/2026 03:16:00 PM,FIRST ST (WB/L),NA,"Sideswipe, Opposite Direction",Clear,Dry,Daylight,No Controls,NONE DETECTED,Yes,No Apparent Injury,NA,Not Distracted,MD,Passenger Car,Changing Lanes,35,No,2020,TOYOTA,PRIUS,39.08112427,-77.1375157,2026,5,15
260018803,Property Damage Crash,05/01/2026 03:16:00 PM,FIRST ST (WB/L),NA,"Sideswipe, Opposite Direction",Clear,Dry,Daylight,No Controls,NONE DETECTED,No,No Apparent Injury,NA,Not Distracted,MD,Passenger Car,Moving Constant Speed,35,No,2021,HONDA,CR-V,39.08112427,-77.1375157,2026,5,15
260018790,Property Damage Crash,05/01/2026 02:33:00 PM,LAYHILL RD (SB/L),NA,Rear To Side,Clear,Dry,Daylight,Traffic Control Signal,NONE DETECTED,No,No Apparent Injury,NA,Not Distracted,MD,Passenger Car,Moving Constant Speed,40,No,2023,TOYOTA,COROLLA,39.06917347,-77.04581759,2026,5,14
260018790,Property Damage Crash,05/01/2026 02:33:00 PM,LAYHILL RD (SB/L),NA,Rear To Side,Clear,Dry,Daylight,Traffic Control Signal,ALCOHOL PRESENT,Yes,No Apparent Injury,"Failed to Yield Right-of-Way, Operated Motor Vehicle in Inattentive, Careless, Negligent, or Erratic Manner, Operated Motor Vehicle in Reckless or Aggressive Manner",Unknown,MD,Pickup,Turning Left,40,No,2023,FORD,F-150,39.06917347,-77.04581759,2026,5,14
260018787,Injury Crash,05/01/2026 02:06:00 PM,NA,NA,Angle,Clear,Dry,Daylight,No Controls,NONE DETECTED,Yes,No Apparent Injury,NA,Not Distracted,MD,Passenger Car,Turning Left,40,No,2024,TESLA,MODEL 3,39.07246517,-76.95993,2026,5,14
260018787,Injury Crash,05/01/2026 02:06:00 PM,NA,NA,Angle,Clear,Dry,Daylight,No Controls,NONE DETECTED,No,Possible Minor Injury,NA,Not Distracted,MD,Passenger Car,Moving Constant Speed,40,No,2022,HONDA,CR-V,39.07246517,-76.95993,2026,5,14
260018807,Property Damage Crash,05/01/2026 01:00:00 PM,NA,NA,"Sideswipe, Same Direction",Clear,Dry,Daylight,No Controls,NONE DETECTED,No,No Apparent Injury,NA,Not Distracted,MD,Passenger Car,Moving Constant Speed,35,No,2018,SUBARU,LEGACY,39.10606333,-77.15794635,2026,5,13
260018807,Property Damage Crash,05/01/2026 01:00:00 PM,NA,NA,"Sideswipe, Same Direction",Clear,Dry,Daylight,No Controls,NONE DETECTED,No,NA,NA,NA,NA,Passenger Car,Moving Constant Speed,35,No,2004,TOYOTA,COROLLA,39.10606333,-77.15794635,2026,5,13
260018763,Property Damage Crash,05/01/2026 12:04:00 PM,TWINBROOK PKWY,NA,Angle,Clear,Dry,Daylight,Traffic Control Signal,NONE DETECTED,No,No Apparent Injury,NA,Not Distracted,MD,Passenger Car,Moving Constant Speed,40,No,2012,HONDA,CIVIC,39.06361167,-77.11629333,2026,5,12
260018763,Property Damage Crash,05/01/2026 12:04:00 PM,TWINBROOK PKWY,NA,Angle,Clear,Dry,Daylight,Traffic Control Signal,NONE DETECTED,Yes,No Apparent Injury,Failed to Yield Right-of-Way,Unknown,MD,Passenger Car,Turning Left,40,No,2015,HONDA,CIVIC,39.06361167,-77.11629333,2026,5,12
260018744,Property Damage Crash,05/01/2026 10:51:00 AM,ROCKVILLE PIKE,NA,Front to Rear,Clear,Dry,Daylight,No Controls,NONE DETECTED,No,NA,NA,NA,NA,Unknown,Accelerating,35,No,0,NA,NA,39.06131834,-77.12344059,2026,5,10
260018744,Property Damage Crash,05/01/2026 10:51:00 AM,ROCKVILLE PIKE,NA,Front to Rear,Clear,Dry,Daylight,No Controls,NONE DETECTED,No,No Apparent Injury,NA,Not Distracted,MD,Sport Utility Vehicle,Accelerating,35,No,2023,VOLVO,XC40,39.06131834,-77.12344059,2026,5,10
260018765,Property Damage Crash,05/01/2026 10:51:00 AM,ROCKVILLE PIKE,NA,Angle,Clear,Dry,Daylight,Flashing Traffic Control Signal,NONE DETECTED,No,NA,NA,NA,NA,Unknown,Accelerating,35,No,0,NA,NA,39.06199936,-77.12410042,2026,5,10
260018765,Property Damage Crash,05/01/2026 10:51:00 AM,ROCKVILLE PIKE,NA,Angle,Clear,Dry,Daylight,Flashing Traffic Control Signal,NONE DETECTED,No,No Apparent Injury,NA,Not Distracted,MD,Sport Utility Vehicle,Turning Right,35,No,2022,CHEVROLET,TRAILBLAZER,39.06199936,-77.12410042,2026,5,10
260018730,Injury Crash,05/01/2026 09:22:00 AM,TWINBROOK PKWY,NA,Angle,Clear,Dry,Daylight,No Controls,NONE DETECTED,No,Possible Minor Injury,NA,Not Distracted,MD,Passenger Car,Moving Constant Speed,25,No,2002,TOYOTA,COROLLA,39.07589762,-77.1113514,2026,5,9
260018730,Injury Crash,05/01/2026 09:22:00 AM,TWINBROOK PKWY,NA,Angle,Clear,Dry,Daylight,Stop Sign,NONE DETECTED,Yes,No Apparent Injury,NA,Not Distracted,MD,Sport Utility Vehicle,Entering Traffic Lane,25,No,2019,FORD,EXPEDITION MAX,39.07589762,-77.1113514,2026,5,9
260018725,Property Damage Crash,05/01/2026 09:11:00 AM,SANDY POINT CT,NA,Angle,Clear,Dry,Daylight,No Controls,NONE DETECTED,Yes,No Apparent Injury,NA,Not Distracted,MD,Passenger Car,Entering Traffic Lane,30,No,2010,TOYOTA,CAMRY,39.05634817,-76.95299067,2026,5,9