Local Case Number,ACRS Report Type,Crash Date/Time,Road Name,Related Non-Motorist,Collision Type,Weather,Surface Condition,Light,Traffic Control,Driver Substance Abuse,Driver At Fault,Injury Severity,Circumstance,Driver Distracted By,Drivers License State,Vehicle Body Type,Vehicle Movement,Speed Limit,Driverless Vehicle,Vehicle Year,Vehicle Make,Vehicle Model,Latitude,Longitude,Year,Month,Hour
260018725,Property Damage Crash,05/01/2026 09:11:00 AM,SANDY POINT CT,NA,Angle,Clear,Dry,Daylight,No Controls,NONE DETECTED,No,No Apparent Injury,NA,Not Distracted,MD,Passenger Car,Moving Constant Speed,30,No,2019,HONDA,CIVIC,39.05634817,-76.95299067,2026,5,9
260018726,Property Damage Crash,05/01/2026 08:58:00 AM,ALLAN TERR,NA,"Sideswipe, Same Direction",Clear,Dry,Daylight,No Controls,NONE DETECTED,Yes,No Apparent Injury,Improper Passing,Not Distracted,MD,Bus - School,Moving Constant Speed,20,No,2017,THOMAS BUILT,HDX,38.95787717,-77.101216,2026,5,8
260018701,Property Damage Crash,05/01/2026 02:20:00 AM,SUNDOWN RD,NA,Single Vehicle,Clear,Dry,Dark,No Controls,ALCOHOL PRESENT,Yes,No Apparent Injury,"Operated Motor Vehicle in Inattentive, Careless, Negligent, or Erratic Manner",Not Distracted,MD,Sport Utility Vehicle,NA,35,No,2006,HONDA,PILOT,39.22230542,-77.08429293,2026,5,2
260018677,Property Damage Crash,04/30/2026 09:44:00 PM,E DIAMOND AVE,NA,"Sideswipe, Same Direction",Clear,Dry,Medium,Traffic Control Signal,NONE DETECTED,No,No Apparent Injury,NA,Unknown,MD,Passenger Car,Turning Left,25,No,2015,TOYOTA,COROLLA,39.1422065,-77.19339295,2026,4,21
260018677,Property Damage Crash,04/30/2026 09:44:00 PM,E DIAMOND AVE,NA,"Sideswipe, Same Direction",Clear,Dry,Medium,Traffic Control Signal,NONE DETECTED,No,No Apparent Injury,NA,Unknown,MD,Passenger Car,Moving Constant Speed,25,No,2016,TOYOTA,COROLLA,39.1422065,-77.19339295,2026,4,21
260018664,Injury Crash,04/30/2026 07:50:00 PM,GRACEFIELD RD,NA,Other,Clear,Dry,Medium,No Controls,NONE DETECTED,No,No Apparent Injury,NA,Not Distracted,MD,Passenger Car,Moving Constant Speed,35,No,2010,TOYOTA,RAV4,39.05694291,-76.9512252,2026,4,19
260018664,Injury Crash,04/30/2026 07:50:00 PM,GRACEFIELD RD,NA,Other,Clear,Dry,Medium,No Controls,NONE DETECTED,Yes,No Apparent Injury,NA,Unknown,MD,Passenger Car,Accelerating,35,No,2021,NISSAN,MAXIMA,39.05694291,-76.9512252,2026,4,19
260018645,Injury Crash,04/30/2026 06:05:00 PM,ROCKVILLE PIKE (SB/L),NA,Angle,Clear,Dry,Daylight,No Controls,NONE DETECTED,No,No Apparent Injury,NA,Not Distracted,MD,Passenger Car,Moving Constant Speed,35,No,2021,AUDI,Q7,39.07630465,-77.13848284,2026,4,18
260018645,Injury Crash,04/30/2026 06:05:00 PM,ROCKVILLE PIKE (SB/L),NA,Angle,Clear,Dry,Daylight,No Controls,NONE DETECTED,Yes,Possible Minor Injury,NA,Not Distracted,MD,Passenger Car,Turning Left,35,No,2016,LEXUS,GX,39.07630465,-77.13848284,2026,4,18
260018651,Property Damage Crash,04/30/2026 06:00:00 PM,NA,NA,Angle,Clear,Dry,Daylight,No Controls,NONE DETECTED,Yes,No Apparent Injury,Failed to Yield Right-of-Way,Not Distracted,MD,Passenger Car,Turning Left,25,No,2004,HONDA,CIVIC,39.09706018,-77.00264551,2026,4,18
260018651,Property Damage Crash,04/30/2026 06:00:00 PM,NA,NA,Angle,Clear,Dry,Daylight,No Controls,NONE DETECTED,No,No Apparent Injury,NA,Not Distracted,MD,Passenger Car,Moving Constant Speed,40,No,2010,ACURA,RDX,39.09706018,-77.00264551,2026,4,18
260018646,Property Damage Crash,04/30/2026 05:52:00 PM,FREDERICK RD (SB/L),NA,Front to Rear,Clear,Dry,Daylight,No Controls,NONE DETECTED,Yes,No Apparent Injury,NA,Not Distracted,MD,Passenger Car,Slowing or Stopping,35,No,2007,HYUNDAI,SONATA,39.12082362,-77.17501572,2026,4,17
260018646,Property Damage Crash,04/30/2026 05:52:00 PM,FREDERICK RD (SB/L),NA,Front to Rear,Clear,Dry,Daylight,No Controls,ALCOHOL PRESENT,Yes,No Apparent Injury,NA,Unknown,MD,Passenger Car,Moving Constant Speed,35,No,2005,TOYOTA,COROLLA,39.12082362,-77.17501572,2026,4,17
260018636,Property Damage Crash,04/30/2026 05:05:00 PM,CONNECTICUT AVE (SB/L),NA,Front to Rear,Clear,Dry,Daylight,No Controls,NONE DETECTED,Yes,No Apparent Injury,"Followed Too Closely, Too Fast For Conditions",Unknown,MD,Passenger Car,Moving Constant Speed,30,No,2011,JEEP,COMPASS,39.06963698,-77.07581773,2026,4,17
260018636,Property Damage Crash,04/30/2026 05:05:00 PM,CONNECTICUT AVE (SB/L),NA,Front to Rear,Clear,Dry,Daylight,No Controls,NONE DETECTED,No,No Apparent Injury,NA,Not Distracted,MD,Passenger Car,Moving Constant Speed,30,No,2016,FORD,F-550,39.06963698,-77.07581773,2026,4,17
260018641,Property Damage Crash,04/30/2026 05:03:00 PM,NA,NA,Single Vehicle,Clear,Dry,Daylight,No Controls,NONE DETECTED,Yes,No Apparent Injury,"Swerved or Avoided Due to Wind, Slippery Surface, Motor Vehicle, Object, Non-Motorist in Roadway, etc",Unknown,MD,Passenger Car,Moving Constant Speed,15,No,2015,BMW,528I,39.24079667,-77.26682267,2026,4,17
260018629,Property Damage Crash,04/30/2026 04:28:00 PM,KENTLANDS BLVD (NB/L),NA,Rear To Side,Clear,Dry,Daylight,Traffic Control Signal,NONE DETECTED,No,No Apparent Injury,NA,Not Distracted,MD,Passenger Car,Turning Right,35,No,2012,JEEP,PATRIOT,39.12367414,-77.2317889,2026,4,16
260018629,Property Damage Crash,04/30/2026 04:28:00 PM,KENTLANDS BLVD (NB/L),NA,Rear To Side,Clear,Dry,Daylight,Traffic Control Signal,NONE DETECTED,No,No Apparent Injury,NA,Not Distracted,MD,Passenger Car,Turning Left,35,No,2025,LEXUS,NX,39.12367414,-77.2317889,2026,4,16
260018634,Property Damage Crash,04/30/2026 04:15:00 PM,NA,NA,"Sideswipe, Same Direction",Clear,NA,Daylight,NA,NONE DETECTED,Yes,No Apparent Injury,Over-Correcting/Over-Steering,Unknown,MD,Pickup,Turning Right,0,No,2025,CHEVROLET,SILVERADO HD,39.02678267,-77.12529617,2026,4,16
260018626,Property Damage Crash,04/30/2026 03:45:00 PM,TECH RD,NA,"Sideswipe, Same Direction",Clear,Dry,Daylight,Stop Sign,NONE DETECTED,No,No Apparent Injury,NA,Not Distracted,MD,Truck Tractor,Turning Right,30,No,2000,VOLVO TRUCK,VNL,39.05758562,-76.96813596,2026,4,15
260018614,Property Damage Crash,04/30/2026 03:45:00 PM,COLUMBIA PIKE,NA,Front to Rear,Clear,Dry,Daylight,Traffic Control Signal,NONE DETECTED,Yes,No Apparent Injury,NA,Unknown,MD,Pickup,Moving Constant Speed,50,No,2016,NISSAN,FRONTIER,39.05571117,-76.97176133,2026,4,15
260018614,Property Damage Crash,04/30/2026 03:45:00 PM,COLUMBIA PIKE,NA,Front to Rear,Clear,Dry,Daylight,Traffic Control Signal,NONE DETECTED,No,No Apparent Injury,NA,Not Distracted,MD,Passenger Car,Moving Constant Speed,50,No,2022,TOYOTA,SIENNA,39.05571117,-76.97176133,2026,4,15
260018614,Property Damage Crash,04/30/2026 03:45:00 PM,COLUMBIA PIKE,NA,Front to Rear,Clear,Dry,Daylight,Traffic Control Signal,NONE DETECTED,No,No Apparent Injury,NA,Not Distracted,MD,Sport Utility Vehicle,Moving Constant Speed,50,No,2012,JEEP,WRANGLER,39.05571117,-76.97176133,2026,4,15
260018626,Property Damage Crash,04/30/2026 03:45:00 PM,TECH RD,NA,"Sideswipe, Same Direction",Clear,Dry,Daylight,Stop Sign,NONE DETECTED,Yes,No Apparent Injury,Improper Passing,Not Distracted,MD,Sport Utility Vehicle,Turning Right,30,No,2020,TOYOTA,RAV4,39.05758562,-76.96813596,2026,4,15
260018603,Property Damage Crash,04/30/2026 03:15:00 PM,SHADY GROVE RD (SB/L),NA,Angle,Clear,Dry,Daylight,Traffic Control Signal,NONE DETECTED,Yes,No Apparent Injury,Failed to Keep in Proper Lane,Not Distracted,MD,Passenger Car,Changing Lanes,40,No,2008,HONDA,CIVIC,39.11368322,-77.18659503,2026,4,15
260018603,Property Damage Crash,04/30/2026 03:15:00 PM,SHADY GROVE RD (SB/L),NA,Angle,Clear,Dry,Daylight,Traffic Control Signal,NONE DETECTED,No,No Apparent Injury,NA,Not Distracted,VA,Passenger Car,Entering Traffic Lane,40,No,2023,NISSAN,ALTIMA,39.11368322,-77.18659503,2026,4,15
260018599,Property Damage Crash,04/30/2026 03:05:00 PM,MUNCASTER MILL RD,NA,Angle,Clear,Dry,Daylight,Stop Sign,NONE DETECTED,No,No Apparent Injury,NA,Not Distracted,MD,Passenger Car,Turning Left,35,No,2004,TOYOTA,PRIUS,39.13165189,-77.12049644,2026,4,15
260018599,Property Damage Crash,04/30/2026 03:05:00 PM,MUNCASTER MILL RD,NA,Angle,Clear,Dry,Daylight,No Controls,NONE DETECTED,Yes,No Apparent Injury,NA,Not Distracted,MD,Passenger Car,Moving Constant Speed,35,No,2025,HONDA,CIVIC,39.13165189,-77.12049644,2026,4,15
260018595,Injury Crash,04/30/2026 02:31:00 PM,LOCKWOOD DR,NA,Front to Rear,Clear,Dry,Daylight,Pedestrian Crossing Sign,NONE DETECTED,No,Possible Minor Injury,NA,Not Distracted,MD,Passenger Car,Slowing or Stopping,25,No,2025,TOYOTA,CAMRY,39.03546163,-76.99707161,2026,4,14
260018595,Injury Crash,04/30/2026 02:31:00 PM,LOCKWOOD DR,NA,Front to Rear,Clear,Dry,Daylight,Pedestrian Crossing Sign,NONE DETECTED,Yes,Possible Minor Injury,NA,Unknown,MD,Passenger Car,Moving Constant Speed,25,No,2020,NISSAN,PATHFINDER,39.03546163,-76.99707161,2026,4,14
260018593,Property Damage Crash,04/30/2026 02:30:00 PM,LOCKWOOD DR (SB/L),NA,Other,Clear,Dry,Daylight,Traffic Control Signal,NONE DETECTED,Yes,No Apparent Injury,NA,Unknown,MD,Passenger Car,Turning Left,15,No,2020,KIA,TELLURIDE,39.040313,-76.98989483,2026,4,14
260018593,Property Damage Crash,04/30/2026 02:30:00 PM,LOCKWOOD DR (SB/L),NA,Other,Clear,Dry,Daylight,Traffic Control Signal,NONE DETECTED,No,No Apparent Injury,NA,Not Distracted,MD,Passenger Car,Moving Constant Speed,15,No,2018,HYUNDAI,SONATA,39.040313,-76.98989483,2026,4,14
260018596,Property Damage Crash,04/30/2026 02:12:00 PM,NA,NA,"Sideswipe, Same Direction",Clear,NA,Daylight,NA,NONE DETECTED,No,No Apparent Injury,NA,Not Distracted,MD,Passenger Car,Turning Left,0,No,2024,HONDA,ACCORD,39.01004012,-77.04156243,2026,4,14
260018594,Property Damage Crash,04/30/2026 02:12:00 PM,SHADY GROVE RD (SB/L),NA,Front to Rear,Clear,Dry,Daylight,Traffic Control Signal,NONE DETECTED,No,No Apparent Injury,NA,Not Distracted,MD,Passenger Car,Slowing or Stopping,40,No,2015,FORD,EXPLORER,39.12892733,-77.16727133,2026,4,14
260018596,Property Damage Crash,04/30/2026 02:12:00 PM,NA,NA,"Sideswipe, Same Direction",Clear,NA,Daylight,NA,NONE DETECTED,No,No Apparent Injury,NA,Not Distracted,MD,Pickup,Overtaking/Passing,0,No,2014,FORD,F-150,39.01004012,-77.04156243,2026,4,14
260018594,Property Damage Crash,04/30/2026 02:12:00 PM,SHADY GROVE RD (SB/L),NA,Front to Rear,Clear,Dry,Daylight,Traffic Control Signal,NONE DETECTED,No,No Apparent Injury,NA,Not Distracted,MD,Other Trucks,Accelerating,40,No,2019,PETERBILT,348,39.12892733,-77.16727133,2026,4,14
260018589,Injury Crash,04/30/2026 01:51:00 PM,NICHOLSON LA,NA,Front to Front,Clear,Dry,Daylight,No Controls,NONE DETECTED,Yes,Possible Minor Injury,NA,Not Distracted,IN,Passenger Car,Entering Traffic Lane,15,No,2017,TOYOTA,CAMRY,39.04455217,-77.11225233,2026,4,13
260018589,Injury Crash,04/30/2026 01:51:00 PM,NICHOLSON LA,NA,Front to Front,Clear,Dry,Daylight,No Controls,NONE DETECTED,No,Possible Minor Injury,NA,Not Distracted,MD,Passenger Car,Moving Constant Speed,35,No,2024,TOYOTA,CAMRY,39.04455217,-77.11225233,2026,4,13
260018577,Property Damage Crash,04/30/2026 12:08:00 PM,ARROWHEAD RD,NA,Angle,Clear,Dry,Daylight,No Controls,NONE DETECTED,No,No Apparent Injury,NA,Not Distracted,MD,Passenger Car,Moving Constant Speed,35,No,2009,FORD,FOCUS,39.18384117,-77.19315167,2026,4,12
260018577,Property Damage Crash,04/30/2026 12:08:00 PM,ARROWHEAD RD,NA,Angle,Clear,Dry,Daylight,No Controls,NONE DETECTED,Yes,No Apparent Injury,Failed to Yield Right-of-Way,Unknown,MD,Passenger Car,Turning Left,35,No,2002,TOYOTA,ECHO,39.18384117,-77.19315167,2026,4,12
260018568,Property Damage Crash,04/30/2026 11:33:00 AM,CADDINGTON AVE,NA,Angle,Clear,Dry,Daylight,No Controls,NONE DETECTED,No,No Apparent Injury,NA,Not Distracted,NA,Sport Utility Vehicle,Parked,25,No,2022,FORD,EXPLORER,39.0347475,-77.01943717,2026,4,11
260018568,Property Damage Crash,04/30/2026 11:33:00 AM,CADDINGTON AVE,NA,Angle,Clear,Dry,Daylight,No Controls,NONE DETECTED,Yes,No Apparent Injury,NA,"Other Action (looking away from task, etc.)",MD,Passenger Car,Accelerating,25,No,2014,TOYOTA,CAMRY,39.0347475,-77.01943717,2026,4,11
260018564,Injury Crash,04/30/2026 11:22:00 AM,RIVER RD,NA,Angle,Clear,Dry,Daylight,Traffic Control Signal,NONE DETECTED,No,Possible Minor Injury,NA,Not Distracted,MD,Sport Utility Vehicle,Moving Constant Speed,35,No,2016,TOYOTA,RAV4,38.966435,-77.10611883,2026,4,11
260018564,Injury Crash,04/30/2026 11:22:00 AM,RIVER RD,NA,Angle,Clear,Dry,Daylight,Traffic Control Signal,NONE DETECTED,Yes,Possible Minor Injury,Failed to Yield Right-of-Way,Unknown,MD,Passenger Car,Turning Left,35,No,2023,TESLA,MODEL 3,38.966435,-77.10611883,2026,4,11
260018560,Property Damage Crash,04/30/2026 11:00:00 AM,NA,NA,Single Vehicle,Clear,Dry,Daylight,No Controls,NONE DETECTED,No,No Apparent Injury,NA,Not Distracted,VA,Passenger Car,Moving Constant Speed,35,No,2016,HONDA,CR-V,38.9644251,-77.10361005,2026,4,11
260018537,Property Damage Crash,04/30/2026 09:26:00 AM,NA,NA,Front to Rear,Clear,Dry,Daylight,No Controls,NONE DETECTED,No,No Apparent Injury,NA,Not Distracted,MD,Bus - School,Slowing or Stopping,20,No,2024,FREIGHTLINER,B2 BUS CHASSIS,39.08458067,-77.16140867,2026,4,9
260018537,Property Damage Crash,04/30/2026 09:26:00 AM,NA,NA,Front to Rear,Clear,Dry,Daylight,No Controls,NONE DETECTED,Yes,No Apparent Injury,NA,Unknown,MD,Pickup,Moving Constant Speed,20,No,2017,RAM,1500,39.08458067,-77.16140867,2026,4,9
260018528,Injury Crash,04/30/2026 08:35:00 AM,SUGARBUSH LA,Cyclist (Electric),Single Vehicle,Clear,Dry,Daylight,Traffic Control Signal,NONE DETECTED,Yes,No Apparent Injury,Failed to Yield Right-of-Way,Unknown,VA,Passenger Car,Turning Right,30,No,2014,HYUNDAI,SONATA,39.03190713,-77.11799533,2026,4,8
260018524,Property Damage Crash,04/30/2026 08:23:00 AM,ROCKVILLE PIKE (SB/L),NA,Front to Rear,Clear,Dry,Daylight,No Controls,NONE DETECTED,Yes,No Apparent Injury,NA,Not Distracted,MD,Passenger Car,Moving Constant Speed,35,No,2012,ACURA,MDX,38.99937855,-77.097008,2026,4,8
260018524,Property Damage Crash,04/30/2026 08:23:00 AM,ROCKVILLE PIKE (SB/L),NA,Front to Rear,Clear,Dry,Daylight,No Controls,NONE DETECTED,No,No Apparent Injury,NA,Not Distracted,MD,Pickup,Slowing or Stopping,35,No,2019,TOYOTA,TACOMA,38.99937855,-77.097008,2026,4,8
260018524,Property Damage Crash,04/30/2026 08:23:00 AM,ROCKVILLE PIKE (SB/L),NA,Front to Rear,Clear,Dry,Daylight,No Controls,NONE DETECTED,No,NA,NA,NA,NA,NA,Slowing or Stopping,35,No,0,NA,NA,38.99937855,-77.097008,2026,4,8
260018517,Injury Crash,04/30/2026 08:09:00 AM,METRORAIL TRACK B2 RAIL,NA,Front to Rear,Clear,Dry,Daylight,Traffic Control Signal,NONE DETECTED,Yes,No Apparent Injury,NA,Not Distracted,MD,Passenger Car,Slowing or Stopping,30,No,2019,NISSAN,LEAF,39.03049017,-77.0478755,2026,4,8
260018517,Injury Crash,04/30/2026 08:09:00 AM,METRORAIL TRACK B2 RAIL,NA,Front to Rear,Clear,Dry,Daylight,Traffic Control Signal,NONE DETECTED,No,Possible Minor Injury,NA,Not Distracted,MD,Passenger Car,Slowing or Stopping,30,No,1999,HONDA,ACCORD,39.03049017,-77.0478755,2026,4,8
260018520,Property Damage Crash,04/30/2026 07:52:00 AM,MONTGOMERY VILLAGE AVE,NA,Front to Rear,Clear,Wet,Daylight,Traffic Control Signal,NONE DETECTED,No,No Apparent Injury,NA,Not Distracted,MD,Passenger Car,Slowing or Stopping,35,No,2017,HYUNDAI,SANTA FE,39.17267928,-77.20350744,2026,4,7
260018520,Property Damage Crash,04/30/2026 07:52:00 AM,MONTGOMERY VILLAGE AVE,NA,Front to Rear,Clear,Wet,Daylight,Traffic Control Signal,NONE DETECTED,Yes,No Apparent Injury,Followed Too Closely,Not Distracted,MD,Passenger Car,Slowing or Stopping,35,No,2019,HYUNDAI,KONA,39.17267928,-77.20350744,2026,4,7
260018519,Property Damage Crash,04/30/2026 07:50:00 AM,KNOWLES AVE,NA,"Sideswipe, Same Direction",Clear,Dry,Daylight,Traffic Control Signal,NONE DETECTED,No,No Apparent Injury,NA,Not Distracted,MD,Bus - School,Stopped in Traffic,30,No,2017,THOMAS BUILT,HDX,39.03111161,-77.0863245,2026,4,7
260018519,Property Damage Crash,04/30/2026 07:50:00 AM,KNOWLES AVE,NA,"Sideswipe, Same Direction",Clear,Dry,Daylight,Traffic Control Signal,NONE DETECTED,Yes,No Apparent Injury,NA,Unknown,MD,Sport Utility Vehicle,Overtaking/Passing,30,No,2022,TOYOTA,4-RUNNER,39.03111161,-77.0863245,2026,4,7
260018513,Injury Crash,04/30/2026 07:38:00 AM,PLUMMER DR (EB/L),Pedestrian,Single Vehicle,Clear,Dry,Daylight,Traffic Control Signal,NONE DETECTED,No,No Apparent Injury,NA,Not Distracted,MD,Passenger Car,Turning Right,25,No,2015,TOYOTA,PRIUS C,39.17159632,-77.2361159,2026,4,7
260018512,Property Damage Crash,04/30/2026 05:55:00 AM,SHADY GROVE RD,NA,Angle,Clear,Wet,Daylight,Traffic Control Signal,NONE DETECTED,No,No Apparent Injury,NA,Not Distracted,NC,Passenger Car,Moving Constant Speed,40,No,2019,RAM,3500,39.12912025,-77.1660004,2026,4,5
260018512,Property Damage Crash,04/30/2026 05:55:00 AM,SHADY GROVE RD,NA,Angle,Clear,Wet,Daylight,Traffic Control Signal,NONE DETECTED,No,No Apparent Injury,NA,Not Distracted,MD,Passenger Car,Turning Left,40,No,2025,TESLA,MODEL Y,39.12912025,-77.1660004,2026,4,5
260018512,Property Damage Crash,04/30/2026 05:55:00 AM,SHADY GROVE RD,NA,Angle,Clear,Wet,Daylight,Traffic Control Signal,NONE DETECTED,No,No Apparent Injury,NA,Not Distracted,MD,Passenger Car,Stopped in Traffic,40,No,2002,TOYOTA,CAMRY,39.12912025,-77.1660004,2026,4,5
260018503,Property Damage Crash,04/30/2026 12:45:00 AM,TOWER OAKS BLVD,NA,Single Vehicle,Clear,Wet,Medium,Traffic Control Signal,ALCOHOL PRESENT,Yes,No Apparent Injury,"Disregarded Other Road Markings, Disregarded Other Traffic Sign, Ran Off Roadway",Not Distracted,MD,Passenger Car,Moving Constant Speed,35,No,2023,HYUNDAI,SANTA CRUZ,39.05555067,-77.14946323,2026,4,0
260018494,Injury Crash,04/29/2026 10:12:00 PM,COLUMBIA PIKE (SB/L),NA,Angle,Rain,Wet,Medium,Flashing Traffic Control Signal,NONE DETECTED,No,Possible Minor Injury,NA,Not Distracted,MD,Passenger Car,Moving Constant Speed,45,No,2024,NISSAN,SENTRA,39.06781917,-76.95951862,2026,4,22
260018494,Injury Crash,04/29/2026 10:12:00 PM,COLUMBIA PIKE (SB/L),NA,Angle,Rain,Wet,Medium,Flashing Traffic Control Signal,NONE DETECTED,Yes,Possible Minor Injury,NA,Not Distracted,MD,Passenger Car,Entering Traffic Lane,35,No,2007,TOYOTA,COROLLA,39.06781917,-76.95951862,2026,4,22
260018490,Injury Crash,04/29/2026 09:00:00 PM,STRATHMORE ST,Pedestrian,Single Vehicle,Rain,Wet,Dark,No Controls,NONE DETECTED,No,No Apparent Injury,NA,Not Distracted,MD,Passenger Car,Moving Constant Speed,30,No,2023,TOYOTA,HIGHLANDER,38.9778885,-77.092637,2026,4,21
260018475,Property Damage Crash,04/29/2026 07:00:00 PM,CONNECTICUT AVE (SB/L),NA,Front to Rear,Rain,Wet,Daylight,No Controls,NONE DETECTED,No,No Apparent Injury,NA,Not Distracted,MD,Passenger Car,NA,35,No,2017,HONDA,ACCORD,38.98818971,-77.07719443,2026,4,19
260018475,Property Damage Crash,04/29/2026 07:00:00 PM,CONNECTICUT AVE (SB/L),NA,Front to Rear,Rain,Wet,Daylight,No Controls,NONE DETECTED,No,No Apparent Injury,NA,Unknown,MD,Passenger Car,NA,35,No,2014,TOYOTA,SIENNA,38.98818971,-77.07719443,2026,4,19
260018469,Property Damage Crash,04/29/2026 05:52:00 PM,GREAT SENECA HWY,NA,Front to Rear,Rain,Wet,Daylight,No Controls,NONE DETECTED,No,No Apparent Injury,NA,Not Distracted,MD,Passenger Car,Moving Constant Speed,50,No,2023,TESLA,MODEL 3,39.12505576,-77.23342775,2026,4,17
260018469,Property Damage Crash,04/29/2026 05:52:00 PM,GREAT SENECA HWY,NA,Front to Rear,Rain,Wet,Daylight,No Controls,NONE DETECTED,Yes,No Apparent Injury,NA,Not Distracted,MD,Passenger Car,Moving Constant Speed,50,No,2015,JEEP,CHEROKEE,39.12505576,-77.23342775,2026,4,17
260018464,Property Damage Crash,04/29/2026 05:42:00 PM,EVERTON ST,NA,"Sideswipe, Same Direction",Rain,Wet,Daylight,No Controls,NONE DETECTED,Yes,No Apparent Injury,Failed to Keep in Proper Lane,Unknown,MD,Passenger Car,Moving Constant Speed,15,No,2021,CADILLAC,ESCALADE ESV,39.05945433,-77.071292,2026,4,17
260018463,Property Damage Crash,04/29/2026 05:30:00 PM,MEADOW HALL DR,NA,Angle,Rain,Wet,Daylight,No Controls,NONE DETECTED,Yes,No Apparent Injury,"Failed to Keep in Proper Lane, Failed to Yield Right-of-Way, Other Improper Action",Not Distracted,MD,Passenger Car,Entering Traffic Lane,30,No,2014,HONDA,ACCORD,39.0742729,-77.11388489,2026,4,17
260018463,Property Damage Crash,04/29/2026 05:30:00 PM,MEADOW HALL DR,NA,Angle,Rain,Wet,Daylight,No Controls,NONE DETECTED,No,No Apparent Injury,NA,Not Distracted,MD,Passenger Car,Moving Constant Speed,30,No,2023,HONDA,CIVIC,39.0742729,-77.11388489,2026,4,17
260018448,Property Damage Crash,04/29/2026 04:11:00 PM,VICTORY FARM DR,NA,"Sideswipe, Same Direction",Cloudy,Dry,Daylight,Yield Sign,NONE DETECTED,No,No Apparent Injury,NA,Unknown,MD,Passenger Car,Negotiating a Curve,25,No,2015,TOYOTA,CAMRY,39.14643219,-77.18477672,2026,4,16
260018448,Property Damage Crash,04/29/2026 04:11:00 PM,VICTORY FARM DR,NA,"Sideswipe, Same Direction",Cloudy,Dry,Daylight,Yield Sign,NONE DETECTED,Yes,No Apparent Injury,NA,Unknown,MD,Bus - Transit,Negotiating a Curve,25,No,2009,GILLIG,LOW FLOOR BUS,39.14643219,-77.18477672,2026,4,16
260018442,Property Damage Crash,04/29/2026 03:50:00 PM,CRABBS BRANCH WAY,NA,Front to Rear,Cloudy,Dry,Daylight,No Controls,NONE DETECTED,No,No Apparent Injury,NA,Not Distracted,MD,Sport Utility Vehicle,Moving Constant Speed,30,No,2016,FORD,EXPLORER,39.12330602,-77.16107479,2026,4,15
260018442,Property Damage Crash,04/29/2026 03:50:00 PM,CRABBS BRANCH WAY,NA,Front to Rear,Cloudy,Dry,Daylight,No Controls,NONE DETECTED,No,No Apparent Injury,Other Improper Action,Unknown,MD,Passenger Car,Slowing or Stopping,30,No,2016,CHEVROLET,CRUZE,39.12330602,-77.16107479,2026,4,15
260018439,Property Damage Crash,04/29/2026 03:29:00 PM,PARKING LOT CUT THRU CUT,NA,Front to Rear,Clear,Dry,Daylight,No Controls,NONE DETECTED,No,NA,NA,NA,NA,Sport Utility Vehicle,Backing,10,No,2012,LEXUS,RX,39.15124969,-77.06363463,2026,4,15
260018439,Property Damage Crash,04/29/2026 03:29:00 PM,PARKING LOT CUT THRU CUT,NA,Front to Rear,Clear,Dry,Daylight,No Controls,NONE DETECTED,No,No Apparent Injury,NA,Not Distracted,MD,Passenger Car,Parked,10,No,2023,TESLA,MODEL 3,39.15124969,-77.06363463,2026,4,15
260018441,Property Damage Crash,04/29/2026 03:15:00 PM,NICHOLSON LA,NA,"Sideswipe, Same Direction",Cloudy,Dry,Daylight,No Controls,NONE DETECTED,No,No Apparent Injury,NA,Not Distracted,MD,Passenger Car,Accelerating,40,No,2013,NISSAN,PATHFINDER,39.0447682,-77.11164732,2026,4,15
260018441,Property Damage Crash,04/29/2026 03:15:00 PM,NICHOLSON LA,NA,"Sideswipe, Same Direction",Cloudy,Dry,Daylight,No Controls,NONE DETECTED,No,NA,NA,NA,NA,Bus - Transit,Changing Lanes,40,No,2016,GILLIG,CITY TRANSIT BUS,39.0447682,-77.11164732,2026,4,15