Local Case Number,ACRS Report Type,Crash Date/Time,Road Name,Related Non-Motorist,Collision Type,Weather,Surface Condition,Light,Traffic Control,Driver Substance Abuse,Driver At Fault,Injury Severity,Circumstance,Driver Distracted By,Drivers License State,Vehicle Body Type,Vehicle Movement,Speed Limit,Driverless Vehicle,Vehicle Year,Vehicle Make,Vehicle Model,Latitude,Longitude,Year,Month,Hour
260018433,Property Damage Crash,04/29/2026 03:00:00 PM,HOWARD CHAPEL DR,NA,Other,Rain,Wet,Daylight,No Controls,NONE DETECTED,Yes,No Apparent Injury,NA,Unknown,MD,Pickup,Accelerating,35,No,2022,CHEVROLET,SILVERADO HD,39.295531510000004,-77.17852138,2026,4,15
260018432,Property Damage Crash,04/29/2026 03:00:00 PM,NA,NA,Angle,Rain,NA,Daylight,NA,NONE DETECTED,No,NA,NA,NA,NA,Passenger Car,NA,0,No,2017,TOYOTA,PRIUS,38.96213842,-77.08764498,2026,4,15
260018433,Property Damage Crash,04/29/2026 03:00:00 PM,HOWARD CHAPEL DR,NA,Other,Rain,Wet,Daylight,No Controls,NONE DETECTED,No,No Apparent Injury,NA,Not Distracted,MD,Bus - School,Accelerating,35,No,2020,THOMAS BUILT,HDX,39.295531510000004,-77.17852138,2026,4,15
260018323,Property Damage Crash,04/29/2026 08:11:00 AM,NA,NA,Front to Rear,Clear,Dry,Daylight,Traffic Control Signal,NONE DETECTED,Yes,No Apparent Injury,NA,"Other Action (looking away from task, etc.)",MD,Bus - School,Slowing or Stopping,30,No,2016,THOMAS BUILT,HDX,39.012099,-77.1595435,2026,4,8
260018323,Property Damage Crash,04/29/2026 08:11:00 AM,NA,NA,Front to Rear,Clear,Dry,Daylight,No Controls,NONE DETECTED,No,No Apparent Injury,NA,Not Distracted,MD,Passenger Car,Stopped in Traffic,30,No,2021,SUBARU,OUTBACK,39.012099,-77.1595435,2026,4,8
260018293,Property Damage Crash,04/28/2026 10:00:00 PM,NA,NA,Angle,Clear,Dry,Medium,Traffic Control Signal,NONE DETECTED,No,No Apparent Injury,NA,Not Distracted,MD,Passenger Car,Moving Constant Speed,35,No,2018,DODGE,JOURNEY,39.16646067,-77.27071399,2026,4,22
260018293,Property Damage Crash,04/28/2026 10:00:00 PM,NA,NA,Angle,Clear,Dry,Medium,Traffic Control Signal,NONE DETECTED,Yes,No Apparent Injury,Failed to Yield Right-of-Way,Not Distracted,MD,Passenger Car,Turning Left,35,No,2016,TOYOTA,RAV4,39.16646067,-77.27071399,2026,4,22
260018286,Property Damage Crash,04/28/2026 08:30:00 PM,NA,NA,"Sideswipe, Same Direction",Clear,NA,Medium,NA,NONE DETECTED,No,No Apparent Injury,NA,Unknown,MD,Sport Utility Vehicle,Turning Right,0,No,2014,TOYOTA,RAV4,39.05586083,-77.11761717,2026,4,20
260018280,Property Damage Crash,04/28/2026 08:17:00 PM,SHAKESPEARE BLVD (WB/L),NA,"Sideswipe, Same Direction",Clear,Dry,Medium,No Controls,NONE DETECTED,Yes,No Apparent Injury,"Improper Turn, Operated Motor Vehicle in Inattentive, Careless, Negligent, or Erratic Manner, Other Improper Action",Unknown,FL,Truck Tractor,Turning Right,30,No,2026,PETERBILT,579,39.19741282,-77.25227139,2026,4,20
260018280,Property Damage Crash,04/28/2026 08:17:00 PM,SHAKESPEARE BLVD (WB/L),NA,"Sideswipe, Same Direction",Clear,Dry,Medium,No Controls,NONE DETECTED,No,No Apparent Injury,NA,Not Distracted,MD,Sport Utility Vehicle,Moving Constant Speed,30,No,2014,HYUNDAI,SANTA FE,39.19741282,-77.25227139,2026,4,20
260018265,Property Damage Crash,04/28/2026 06:12:00 PM,LYTTONSVILLE RD,NA,Angle,Clear,Dry,Daylight,Stop Sign,NONE DETECTED,Yes,No Apparent Injury,Followed Too Closely,Not Distracted,MD,Passenger Car,Moving Constant Speed,25,No,2025,TOYOTA,COROLLA,38.99942506,-77.05149321,2026,4,18
260018265,Property Damage Crash,04/28/2026 06:12:00 PM,LYTTONSVILLE RD,NA,Angle,Clear,Dry,Daylight,Stop Sign,NONE DETECTED,No,No Apparent Injury,NA,Not Distracted,MD,Sport Utility Vehicle,Moving Constant Speed,25,No,1992,CHEVROLET,S-10 BLAZER,38.99942506,-77.05149321,2026,4,18
260018245,Injury Crash,04/28/2026 04:55:00 PM,MUNCASTER MILL RD,Pedestrian,Single Vehicle,Cloudy,Dry,Daylight,No Controls,NONE DETECTED,No,NA,NA,NA,NA,Passenger Car,NA,35,No,2022,MERCEDES-BENZ,SPRINTER,39.1487781,-77.1471454,2026,4,16
260018251,Property Damage Crash,04/28/2026 04:00:00 PM,EAST WEST HWY,NA,"Sideswipe, Same Direction",Clear,Dry,Daylight,No Controls,NONE DETECTED,Yes,No Apparent Injury,Failed to Keep in Proper Lane,Not Distracted,MD,Passenger Car,Moving Constant Speed,30,No,2005,TOYOTA,CAMRY,38.98830523,-77.07552926,2026,4,16
260018251,Property Damage Crash,04/28/2026 04:00:00 PM,EAST WEST HWY,NA,"Sideswipe, Same Direction",Clear,Dry,Daylight,No Controls,NONE DETECTED,No,No Apparent Injury,NA,Not Distracted,MD,Van - Passenger (&lt;9 Seats),Parked,30,No,2018,RAM,PROMASTER 2500,38.98830523,-77.07552926,2026,4,16
260018206,Injury Crash,04/28/2026 02:32:00 PM,MIDCOUNTY HWY,NA,"Sideswipe, Same Direction",Clear,Dry,Daylight,No Controls,NONE DETECTED,Yes,Possible Minor Injury,Other Improper Action,Not Distracted,MD,Passenger Car,Changing Lanes,45,No,2020,FORD,ESCAPE,39.1420755,-77.1556855,2026,4,14
260018206,Injury Crash,04/28/2026 02:32:00 PM,MIDCOUNTY HWY,NA,"Sideswipe, Same Direction",Clear,Dry,Daylight,No Controls,NONE DETECTED,No,NA,NA,NA,NA,Passenger Car,Moving Constant Speed,45,No,2002,TOYOTA,CAMRY,39.1420755,-77.1556855,2026,4,14
260018204,Property Damage Crash,04/28/2026 02:20:00 PM,FIELDS RD (EB/L),NA,Front to Rear,Cloudy,Dry,Daylight,No Controls,NONE DETECTED,No,No Apparent Injury,NA,Not Distracted,MD,Bus - School,Moving Constant Speed,45,No,2018,FREIGHTLINER,B2 BUS CHASSIS,39.11630608,-77.20845916,2026,4,14
260018204,Property Damage Crash,04/28/2026 02:20:00 PM,FIELDS RD (EB/L),NA,Front to Rear,Cloudy,Dry,Daylight,No Controls,NONE DETECTED,Yes,No Apparent Injury,"Followed Too Closely, Other Improper Action",Unknown,MD,Sport Utility Vehicle,Changing Lanes,45,No,2023,TOYOTA,RAV4 PRIME,39.11630608,-77.20845916,2026,4,14
260018275,Property Damage Crash,04/28/2026 02:15:00 PM,UNIVERSITY BLVD W (WB/L),NA,Front to Rear,Clear,Dry,Daylight,Traffic Control Signal,NONE DETECTED,No,No Apparent Injury,NA,Not Distracted,MD,Passenger Car,Stopped in Traffic,35,No,2019,CADILLAC,CTS,39.04156926,-77.05159152,2026,4,14
260018275,Property Damage Crash,04/28/2026 02:15:00 PM,UNIVERSITY BLVD W (WB/L),NA,Front to Rear,Clear,Dry,Daylight,Traffic Control Signal,NONE DETECTED,Yes,No Apparent Injury,Followed Too Closely,Unknown,MD,Van - Passenger (&lt;9 Seats),Slowing or Stopping,35,No,2004,HONDA,ODYSSEY,39.04156926,-77.05159152,2026,4,14
260018205,Injury Crash,04/28/2026 02:05:00 PM,PARAMOUNT DR,NA,Angle,Cloudy,Dry,Daylight,No Controls,NONE DETECTED,Yes,No Apparent Injury,NA,Unknown,MD,Pickup,Accelerating,35,No,2026,GMC,SIERRA,39.11421783,-77.1627605,2026,4,14
260018205,Injury Crash,04/28/2026 02:05:00 PM,PARAMOUNT DR,NA,Angle,Cloudy,Dry,Daylight,No Controls,NONE DETECTED,No,Possible Minor Injury,NA,Not Distracted,MD,Passenger Car,Moving Constant Speed,35,No,2018,LEXUS,ES,39.11421783,-77.1627605,2026,4,14
260018194,Injury Crash,04/28/2026 01:28:00 PM,NA,NA,Single Vehicle,Cloudy,NA,Daylight,NA,NONE DETECTED,Yes,Possible Minor Injury,Other Improper Action,"Other Action (looking away from task, etc.)",DC,Passenger Car,Moving Constant Speed,0,No,2024,TOYOTA,COROLLA,39.28666511,-77.19977264,2026,4,13
260018197,Property Damage Crash,04/28/2026 01:03:00 PM,NA,NA,Angle,Cloudy,NA,Daylight,NA,NONE DETECTED,No,No Apparent Injury,NA,Unknown,MD,Passenger Car,Slowing or Stopping,0,No,2021,TOYOTA,CAMRY,38.99749014,-77.03979715,2026,4,13
260018197,Property Damage Crash,04/28/2026 01:03:00 PM,NA,NA,Angle,Cloudy,NA,Daylight,NA,NONE DETECTED,No,NA,NA,NA,NA,Passenger Car,Slowing or Stopping,0,No,2020,MAZDA,CX-9,38.99749014,-77.03979715,2026,4,13
26018187,Property Damage Crash,04/28/2026 12:48:00 PM,NA,NA,Front to Front,Clear,Dry,Daylight,No Controls,NONE DETECTED,Yes,No Apparent Injury,NA,Unknown,MD,Passenger Car,Turning Left,35,No,2025,BMW,228I,38.98816415,-77.02742687,2026,4,12
26018187,Property Damage Crash,04/28/2026 12:48:00 PM,NA,NA,Front to Front,Clear,Dry,Daylight,No Controls,NONE DETECTED,No,No Apparent Injury,NA,Not Distracted,MD,Passenger Car,Moving Constant Speed,35,No,2010,HONDA,ACCORD,38.98816415,-77.02742687,2026,4,12
260018180,Property Damage Crash,04/28/2026 12:39:00 PM,NA,NA,"Sideswipe, Same Direction",Cloudy,NA,Daylight,NA,NONE DETECTED,Yes,No Apparent Injury,Other Improper Action,Not Distracted,MD,Passenger Car,Turning Left,0,No,2022,BMW,X5,39.1796993,-77.2699342,2026,4,12
260018201,Property Damage Crash,04/28/2026 12:15:00 PM,NA,NA,Unknown,Clear,NA,Daylight,NA,NONE DETECTED,No,NA,NA,NA,NA,NA,NA,0,No,0,NA,NA,39.02808499,-77.14492596,2026,4,12
260018178,Property Damage Crash,04/28/2026 11:50:00 AM,NA,NA,Rear To Rear,Cloudy,NA,Daylight,NA,NONE DETECTED,Yes,No Apparent Injury,NA,Unknown,MD,Sport Utility Vehicle,Backing,0,No,2000,MERCEDES-BENZ,G-CLASS,39.15023275,-77.0650522,2026,4,11
260018168,Property Damage Crash,04/28/2026 11:34:00 AM,GAINSBOROUGH RD,NA,"Sideswipe, Same Direction",Cloudy,Dry,Daylight,No Controls,NONE DETECTED,Yes,No Apparent Injury,NA,Not Distracted,MD,Passenger Car,Moving Constant Speed,25,No,2022,KIA,NIRO,39.04314117,-77.17234717,2026,4,11
260018165,Property Damage Crash,04/28/2026 11:30:00 AM,W MONTGOMERY AVE,NA,Other,Clear,Dry,Daylight,No Controls,NONE DETECTED,No,NA,NA,NA,NA,NA,Turning Right,25,No,0,NA,NA,39.08415782,-77.15459995,2026,4,11
260018165,Property Damage Crash,04/28/2026 11:30:00 AM,W MONTGOMERY AVE,NA,Other,Clear,Dry,Daylight,No Controls,NONE DETECTED,No,No Apparent Injury,NA,Not Distracted,MD,Single-Unit Truck,Moving Constant Speed,25,No,2025,FORD,F-550,39.08415782,-77.15459995,2026,4,11
260018158,Property Damage Crash,04/28/2026 11:02:00 AM,BONIFANT RD,NA,Front to Rear,Rain,Wet,Daylight,Stop Sign,NONE DETECTED,No,No Apparent Injury,NA,Not Distracted,MD,Passenger Car,Slowing or Stopping,35,No,2020,HONDA,ACCORD,39.0931779,-77.00861839,2026,4,11
260018158,Property Damage Crash,04/28/2026 11:02:00 AM,BONIFANT RD,NA,Front to Rear,Rain,Wet,Daylight,Stop Sign,NONE DETECTED,Yes,No Apparent Injury,NA,Not Distracted,NA,Van - Passenger (&lt;9 Seats),Moving Constant Speed,35,No,2017,CHEVROLET,EXPRESS,39.0931779,-77.00861839,2026,4,11
260018154,Property Damage Crash,04/28/2026 11:00:00 AM,UPTON ST,NA,"Sideswipe, Opposite Direction",Cloudy,Wet,Daylight,Stop Sign,NONE DETECTED,No,No Apparent Injury,NA,Not Distracted,MD,Other Trucks,Moving Constant Speed,25,No,2024,BTL,LNT,39.08815217,-77.15743262,2026,4,11
260018154,Property Damage Crash,04/28/2026 11:00:00 AM,UPTON ST,NA,"Sideswipe, Opposite Direction",Cloudy,Wet,Daylight,Stop Sign,NONE DETECTED,Yes,No Apparent Injury,NA,Not Distracted,MD,Pickup,Parked,25,No,2021,CHEVROLET,SILVERADO,39.08815217,-77.15743262,2026,4,11
260018156,Property Damage Crash,04/28/2026 10:40:00 AM,SIOUX LA,NA,Single Vehicle,Cloudy,Wet,Daylight,"Other Pavement Marking (excluding edgelines, centerlines, or lane lines)",NONE DETECTED,No,No Apparent Injury,NA,Not Distracted,MD,Passenger Car,Moving Constant Speed,30,No,2023,HONDA,CIVIC,39.1297885,-77.24430833,2026,4,10
260018153,Property Damage Crash,04/28/2026 10:40:00 AM,E RANDOLPH RD,NA,Single Vehicle,Rain,Wet,Daylight,Traffic Control Signal,NONE DETECTED,No,No Apparent Injury,NA,Not Distracted,MD,Passenger Car,Moving Constant Speed,40,No,2008,FORD,MUSTANG,39.06735264,-76.9851384,2026,4,10
260018149,Injury Crash,04/28/2026 10:11:00 AM,STONEHAM RD,NA,Angle,Rain,Wet,Daylight,No Controls,NONE DETECTED,No,Possible Minor Injury,NA,Not Distracted,MD,Passenger Car,Moving Constant Speed,35,No,2011,HONDA,CR-V,39.01648283,-77.13305967,2026,4,10
260018149,Injury Crash,04/28/2026 10:11:00 AM,STONEHAM RD,NA,Angle,Rain,Wet,Daylight,Stop Sign,NONE DETECTED,Yes,No Apparent Injury,Failed to Yield Right-of-Way,Not Distracted,DC,Passenger Car,Turning Left,20,No,2025,HYUNDAI,TUCSON,39.01648283,-77.13305967,2026,4,10
260018143,Property Damage Crash,04/28/2026 09:34:00 AM,THE HILLS PLAZA,NA,Single Vehicle,Rain,Wet,Daylight,No Controls,NONE DETECTED,No,No Apparent Injury,NA,Unknown,MD,Passenger Car,Turning Right,10,No,2019,TESLA,MODEL 3,38.96233502,-77.08805085,2026,4,9
260018148,Property Damage Crash,04/28/2026 09:25:00 AM,COLESVILLE RD (WB/L),NA,"Sideswipe, Same Direction",Rain,Wet,Daylight,No Controls,NONE DETECTED,Yes,No Apparent Injury,NA,Not Distracted,MD,Passenger Car,Parked,30,No,2018,KIA,FORTE,38.99538433,-77.0294335,2026,4,9
260018148,Property Damage Crash,04/28/2026 09:25:00 AM,COLESVILLE RD (WB/L),NA,"Sideswipe, Same Direction",Rain,Wet,Daylight,No Controls,NONE DETECTED,Yes,No Apparent Injury,NA,Not Distracted,MD,Passenger Car,Turning Right,30,No,2010,HONDA,ODYSSEY,38.99538433,-77.0294335,2026,4,9
260018136,Property Damage Crash,04/28/2026 09:24:00 AM,NORBECK RD (WB/L),NA,Single Vehicle,Rain,Wet,Daylight,Traffic Control Signal,NONE DETECTED,No,No Apparent Injury,NA,Not Distracted,MD,Passenger Car,Moving Constant Speed,35,No,2025,HYUNDAI,VENUE,39.09533333,-77.1127425,2026,4,9
260018139,Property Damage Crash,04/28/2026 09:22:00 AM,SNOWDEN FARM PKW (WB/L)Y,NA,"Sideswipe, Same Direction",Clear,Dry,Daylight,No Controls,NONE DETECTED,Yes,No Apparent Injury,Other Improper Action,Unknown,MD,Bus - School,Changing Lanes,35,No,2017,THOMAS BUILT,HDX,39.23037939,-77.25353097,2026,4,9
260018139,Property Damage Crash,04/28/2026 09:22:00 AM,SNOWDEN FARM PKW (WB/L)Y,NA,"Sideswipe, Same Direction",Clear,Dry,Daylight,No Controls,NONE DETECTED,No,No Apparent Injury,NA,Not Distracted,MD,Passenger Car,Moving Constant Speed,35,No,2015,HONDA,ACCORD,39.23037939,-77.25353097,2026,4,9
260018132,Injury Crash,04/28/2026 09:03:00 AM,NA,NA,Front to Rear,Clear,Dry,Daylight,No Controls,NONE DETECTED,Yes,Possible Minor Injury,Other Improper Action,Not Distracted,MD,Passenger Car,Moving Constant Speed,40,No,2015,NISSAN,VERSA,39.27562171,-77.20418137,2026,4,9
260018132,Injury Crash,04/28/2026 09:03:00 AM,NA,NA,Front to Rear,Clear,Dry,Daylight,No Controls,NONE DETECTED,No,Possible Minor Injury,NA,Not Distracted,MD,Passenger Car,Slowing or Stopping,40,No,2021,TOYOTA,HIGHLANDER,39.27562171,-77.20418137,2026,4,9
260018131,Property Damage Crash,04/28/2026 08:51:00 AM,NA,NA,Angle,Clear,NA,Daylight,NA,NONE DETECTED,Yes,No Apparent Injury,NA,Not Distracted,NJ,Other Trucks,Turning Left,0,No,2020,INTERNATIONAL,MV607,39.01731169,-77.20925595,2026,4,8
260018126,Property Damage Crash,04/28/2026 08:12:00 AM,MARIANNA DR,NA,Angle,Clear,Dry,Daylight,No Controls,NONE DETECTED,No,No Apparent Injury,NA,Not Distracted,MD,Passenger Car,Moving Constant Speed,25,No,2013,HYUNDAI,ACCENT,39.08613067,-77.08869783,2026,4,8
260018126,Property Damage Crash,04/28/2026 08:12:00 AM,MARIANNA DR,NA,Angle,Clear,Dry,Daylight,No Controls,NONE DETECTED,Yes,No Apparent Injury,NA,Not Distracted,MD,Passenger Car,Turning Left,25,No,2004,MERCEDES-BENZ,M-CLASS,39.08613067,-77.08869783,2026,4,8
260018122,Injury Crash,04/28/2026 06:30:00 AM,BRINK RD (WB/L),NA,Front to Rear,Clear,Dry,Daylight,Traffic Control Signal,NONE DETECTED,Yes,No Apparent Injury,Followed Too Closely,Not Distracted,NA,Unknown,Slowing or Stopping,35,No,2019,TOYOTA,PRIUS,39.208378,-77.16948333,2026,4,6
260018122,Injury Crash,04/28/2026 06:30:00 AM,BRINK RD (WB/L),NA,Front to Rear,Clear,Dry,Daylight,Traffic Control Signal,NONE DETECTED,No,Possible Minor Injury,NA,Not Distracted,MD,Sport Utility Vehicle,Stopped in Traffic,35,No,2022,MAZDA,CX-9,39.208378,-77.16948333,2026,4,6
260018111,Property Damage Crash,04/27/2026 10:53:00 PM,WISTERIA DR,NA,Angle,Clear,Dry,Medium,Traffic Control Signal,ALCOHOL PRESENT,Yes,No Apparent Injury,NA,Not Distracted,MD,Passenger Car,Turning Right,35,No,2021,NISSAN,ROGUE,39.18130786,-77.27611555,2026,4,22
260018111,Property Damage Crash,04/27/2026 10:53:00 PM,WISTERIA DR,NA,Angle,Clear,Dry,Medium,Traffic Control Signal,NONE DETECTED,No,No Apparent Injury,NA,Not Distracted,MD,Passenger Car,Moving Constant Speed,35,No,2026,KIA,K5,39.18130786,-77.27611555,2026,4,22
260018103,Property Damage Crash,04/27/2026 10:00:00 PM,NA,NA,Angle,Clear,NA,Medium,NA,NONE DETECTED,No,NA,NA,NA,NA,Passenger Car,Turning Right,0,No,0,NA,NA,39.13235878,-77.23170125,2026,4,22
260018097,Property Damage Crash,04/27/2026 08:43:00 PM,GEORGIA AVE,NA,Angle,Clear,Dry,Medium,Traffic Control Signal,NONE DETECTED,Yes,No Apparent Injury,Other Improper Action,Unknown,MD,Passenger Car,Moving Constant Speed,45,No,2023,KIA,SPORTAGE,39.10948594,-77.07580168,2026,4,20
260018097,Property Damage Crash,04/27/2026 08:43:00 PM,GEORGIA AVE,NA,Angle,Clear,Dry,Medium,Traffic Control Signal,NONE DETECTED,Yes,No Apparent Injury,Other Improper Action,Unknown,MD,Passenger Car,Turning Left,45,No,2013,MAZDA,MAZDA3,39.10948594,-77.07580168,2026,4,20
260018075,Property Damage Crash,04/27/2026 07:34:00 PM,NORBECK RD (WB/L),NA,Front to Rear,Clear,Dry,Daylight,Traffic Control Signal,NONE DETECTED,Yes,No Apparent Injury,NA,Not Distracted,MD,Van - Cargo,Moving Constant Speed,40,No,2008,FORD,E-250,39.09288775,-77.12301579,2026,4,19
260018075,Property Damage Crash,04/27/2026 07:34:00 PM,NORBECK RD (WB/L),NA,Front to Rear,Clear,Dry,Daylight,Traffic Control Signal,NONE DETECTED,No,No Apparent Injury,NA,Not Distracted,MD,Passenger Car,Stopped in Traffic,40,No,2011,LEXUS,ES,39.09288775,-77.12301579,2026,4,19
260018077,Property Damage Crash,04/27/2026 07:32:00 PM,UNIVERSITY BLVD,NA,Front to Rear,Clear,Dry,Daylight,No Controls,NONE DETECTED,No,NA,NA,NA,NA,Passenger Car,Parked,0,No,2025,MAZDA,CX-5,38.98953447,-76.9886883,2026,4,19
260018077,Property Damage Crash,04/27/2026 07:32:00 PM,UNIVERSITY BLVD,NA,Front to Rear,Clear,Dry,Daylight,No Controls,NONE DETECTED,No,NA,NA,NA,NA,Passenger Car,Moving Constant Speed,0,No,2015,FORD,EXPLORER,38.98953447,-76.9886883,2026,4,19
260018267,Property Damage Crash,04/27/2026 06:34:00 PM,N HORNERS LA,NA,"Sideswipe, Same Direction",Clear,Dry,Daylight,No Controls,NONE DETECTED,No,NA,NA,NA,NA,Van - Passenger (&lt;9 Seats),Moving Constant Speed,25,No,2024,CHEVROLET,EXPRESS,39.08845283,-77.14327264,2026,4,18
260018064,Property Damage Crash,04/27/2026 06:15:00 PM,BEL PRE RD (EB/L),NA,Angle,Clear,Dry,Daylight,Traffic Control Signal,NONE DETECTED,Yes,No Apparent Injury,NA,Unknown,MD,Passenger Car,Accelerating,35,No,2011,SUBARU,IMPREZA,39.09060849,-77.04486406,2026,4,18
260018064,Property Damage Crash,04/27/2026 06:15:00 PM,BEL PRE RD (EB/L),NA,Angle,Clear,Dry,Daylight,Traffic Control Signal,NONE DETECTED,Yes,No Apparent Injury,NA,Unknown,MD,Sport Utility Vehicle,Turning Left,35,No,2007,HUMMER,H2,39.09060849,-77.04486406,2026,4,18
260018068,Property Damage Crash,04/27/2026 06:06:00 PM,CHAPMAN AVE,Cyclist (non-electric),Single Vehicle,Clear,Dry,Daylight,No Controls,NONE DETECTED,No,No Apparent Injury,NA,Not Distracted,MD,Passenger Car,Changing Lanes,25,No,2019,TOYOTA,C-HR,39.06230831,-77.12201893,2026,4,18
260018057,Property Damage Crash,04/27/2026 05:30:00 PM,UNIVERSITY BLVD W,NA,Front to Front,Clear,Dry,Daylight,No Controls,NONE DETECTED,Yes,No Apparent Injury,Failed to Yield Right-of-Way,Unknown,MD,Passenger Car,Turning Left,35,No,2017,FORD,MUSTANG,39.02768883,-77.0205755,2026,4,17
260018057,Property Damage Crash,04/27/2026 05:30:00 PM,UNIVERSITY BLVD W,NA,Front to Front,Clear,Dry,Daylight,No Controls,NONE DETECTED,No,No Apparent Injury,NA,Unknown,MD,Passenger Car,Turning Right,35,No,2024,LEXUS,ES,39.02768883,-77.0205755,2026,4,17
260018053,Injury Crash,04/27/2026 05:23:00 PM,BRANDYWINE ST,NA,Angle,Clear,Dry,Daylight,"Other Pavement Marking (excluding edgelines, centerlines, or lane lines)",NONE DETECTED,No,Possible Minor Injury,NA,Not Distracted,MD,Passenger Car,Moving Constant Speed,25,No,2015,HONDA,PILOT,39.03869195,-77.0763932,2026,4,17
260018053,Injury Crash,04/27/2026 05:23:00 PM,BRANDYWINE ST,NA,Angle,Clear,Dry,Daylight,"Other Pavement Marking (excluding edgelines, centerlines, or lane lines)",NONE DETECTED,Yes,No Apparent Injury,NA,Not Distracted,MD,Passenger Car,Turning Left,25,No,2021,FORD,BRONCO SPORT,39.03869195,-77.0763932,2026,4,17
260018051,Property Damage Crash,04/27/2026 05:11:00 PM,NA,NA,Single Vehicle,Clear,NA,Daylight,NA,NONE DETECTED,Yes,No Apparent Injury,NA,Not Distracted,MD,Sport Utility Vehicle,Moving Constant Speed,0,No,2015,HONDA,CR-V,39.1988861,-77.24961796,2026,4,17
260018048,Property Damage Crash,04/27/2026 04:50:00 PM,NEW HAMPSHIRE AVE,NA,Front to Rear,Clear,Dry,Daylight,No Controls,NONE DETECTED,No,No Apparent Injury,NA,Not Distracted,MD,Sport Utility Vehicle,Slowing or Stopping,35,No,2018,HYUNDAI,TUCSON,39.01246543,-76.97846575,2026,4,16
260018048,Property Damage Crash,04/27/2026 04:50:00 PM,NEW HAMPSHIRE AVE,NA,Front to Rear,Clear,Dry,Daylight,No Controls,NONE DETECTED,Yes,No Apparent Injury,Other Improper Action,Unknown,NA,Passenger Car,Changing Lanes,35,No,2012,HONDA,ACCORD,39.01246543,-76.97846575,2026,4,16
260010835,Injury Crash,04/27/2026 04:00:00 PM,GEORGIA AVE (SB/L),NA,Front to Rear,Clear,Dry,Daylight,Pedestrian Crossing Sign,NONE DETECTED,No,No Apparent Injury,NA,Not Distracted,DC,Passenger Car,Slowing or Stopping,30,No,2024,MAZDA,CX-5,39.05541274,-77.05017604,2026,4,16
260018034,Property Damage Crash,04/27/2026 04:00:00 PM,RAY DR,NA,"Sideswipe, Same Direction",Clear,Dry,Daylight,No Controls,NONE DETECTED,No,NA,NA,NA,NA,Passenger Car,Parked,25,No,2017,VOLKSWAGEN,GOLF GTI,38.98652783,-77.01588867,2026,4,16
260010835,Injury Crash,04/27/2026 04:00:00 PM,GEORGIA AVE (SB/L),NA,Front to Rear,Clear,Dry,Daylight,Pedestrian Crossing Sign,NONE DETECTED,Yes,Possible Minor Injury,Followed Too Closely,Not Distracted,MD,Passenger Car,Moving Constant Speed,30,No,2019,RAM,PROMASTER 1500,39.05541274,-77.05017604,2026,4,16
260018034,Property Damage Crash,04/27/2026 04:00:00 PM,RAY DR,NA,"Sideswipe, Same Direction",Clear,Dry,Daylight,No Controls,NONE DETECTED,No,NA,NA,NA,NA,Passenger Car,Moving Constant Speed,25,No,0,NA,NA,38.98652783,-77.01588867,2026,4,16
260018056,Property Damage Crash,04/27/2026 03:20:00 PM,SANDY SPRING RD (WB/L),NA,Front to Front,Clear,Dry,Daylight,Stop Sign,NONE DETECTED,No,No Apparent Injury,NA,Not Distracted,MD,Passenger Car,Slowing or Stopping,45,No,2025,MAZDA,CX-5,39.1056545,-76.9108925,2026,4,15
260018056,Property Damage Crash,04/27/2026 03:20:00 PM,SANDY SPRING RD (WB/L),NA,Front to Front,Clear,Dry,Daylight,Stop Sign,NONE DETECTED,Yes,No Apparent Injury,NA,Unknown,MD,Passenger Car,Accelerating,45,No,2025,HONDA,HR-V,39.1056545,-76.9108925,2026,4,15
260018022,Property Damage Crash,04/27/2026 03:02:00 PM,NA,NA,"Sideswipe, Same Direction",Clear,NA,Daylight,NA,NONE DETECTED,No,NA,NA,NA,NA,Sport Utility Vehicle,Turning Right,0,No,2009,HONDA,CR-V,39.15318145,-77.05401337,2026,4,15