Local Case Number,ACRS Report Type,Crash Date/Time,Road Name,Related Non-Motorist,Collision Type,Weather,Surface Condition,Light,Traffic Control,Driver Substance Abuse,Driver At Fault,Injury Severity,Circumstance,Driver Distracted By,Drivers License State,Vehicle Body Type,Vehicle Movement,Speed Limit,Driverless Vehicle,Vehicle Year,Vehicle Make,Vehicle Model,Latitude,Longitude,Year,Month,Hour
260017720,Property Damage Crash,04/25/2026 07:50:00 AM,GOSHEN RD,NA,Single Vehicle,Clear,Dry,Daylight,No Controls,NONE DETECTED,No,No Apparent Injury,NA,Unknown,MD,Passenger Car,Moving Constant Speed,35,No,2014,TOYOTA,HIGHLANDER,39.17203983,-77.1897902,2026,4,7
260017717,Injury Crash,04/25/2026 07:05:00 AM,HILDAROSE DR,NA,Front to Rear,Clear,Dry,Daylight,No Controls,NONE DETECTED,No,Possible Minor Injury,NA,Not Distracted,MD,Passenger Car,Moving Constant Speed,35,No,2010,HONDA,CIVIC,39.02055295,-77.04438175,2026,4,7
260017717,Injury Crash,04/25/2026 07:05:00 AM,HILDAROSE DR,NA,Front to Rear,Clear,Dry,Daylight,No Controls,NONE DETECTED,Yes,No Apparent Injury,Failed to Yield Right-of-Way,Unknown,MD,Sport Utility Vehicle,Entering Traffic Lane,35,No,2012,BMW,X3,39.02055295,-77.04438175,2026,4,7
260017672,Injury Crash,04/24/2026 09:00:00 PM,REDLAND RD,NA,Front to Rear,Clear,Dry,Medium,No Controls,NONE DETECTED,Yes,Possible Minor Injury,NA,Unknown,MD,Passenger Car,Moving Constant Speed,30,No,2018,HONDA,CIVIC,39.11705948,-77.16477928,2026,4,21
260017672,Injury Crash,04/24/2026 09:00:00 PM,REDLAND RD,NA,Front to Rear,Clear,Dry,Medium,No Controls,NONE DETECTED,Yes,Possible Minor Injury,NA,Unknown,MD,Passenger Car,Parked,30,No,2006,TOYOTA,PRIUS,39.11705948,-77.16477928,2026,4,21
260017661,Property Damage Crash,04/24/2026 08:07:00 PM,PARKLAWN DR,NA,"Sideswipe, Same Direction",Clear,Dry,Medium,Traffic Control Signal,NONE DETECTED,Yes,No Apparent Injury,Failed to Keep in Proper Lane,Unknown,MD,Sport Utility Vehicle,Turning Left,35,No,2016,FORD,EXPLORER,39.06161798,-77.11618712,2026,4,20
260017661,Property Damage Crash,04/24/2026 08:07:00 PM,PARKLAWN DR,NA,"Sideswipe, Same Direction",Clear,Dry,Medium,Traffic Control Signal,NONE DETECTED,Yes,No Apparent Injury,Failed to Keep in Proper Lane,Unknown,MD,Bus - Transit,Turning Left,35,No,2014,GILLIG,LOW FLOOR BUS,39.06161798,-77.11618712,2026,4,20
260017657,Property Damage Crash,04/24/2026 07:29:00 PM,NA,NA,"Sideswipe, Same Direction",Clear,NA,Daylight,NA,NONE DETECTED,No,No Apparent Injury,NA,Not Distracted,MD,Pickup,Stopped in Traffic,0,No,2016,FORD,F-150,38.98812986,-77.09871403,2026,4,19
260017657,Property Damage Crash,04/24/2026 07:29:00 PM,NA,NA,"Sideswipe, Same Direction",Clear,NA,Daylight,NA,NONE DETECTED,No,No Apparent Injury,NA,Not Distracted,MD,Sport Utility Vehicle,Parked,0,No,2023,TOYOTA,RAV4,38.98812986,-77.09871403,2026,4,19
260017658,Injury Crash,04/24/2026 07:26:00 PM,NEW HAMPSHIRE AVE (SB/L),NA,Front to Rear,Clear,Dry,Daylight,No Controls,NONE DETECTED,Yes,Possible Minor Injury,NA,Not Distracted,NA,Passenger Car,Changing Lanes,40,No,2016,INFINITI,QX80,39.0412315,-76.99141,2026,4,19
260017658,Injury Crash,04/24/2026 07:26:00 PM,NEW HAMPSHIRE AVE (SB/L),NA,Front to Rear,Clear,Dry,Daylight,No Controls,NONE DETECTED,No,No Apparent Injury,NA,Not Distracted,MD,Pickup,Stopped in Traffic,40,No,2007,CHEVROLET,SILVERADO,39.0412315,-76.99141,2026,4,19
260017641,Property Damage Crash,04/24/2026 05:35:00 PM,MONTROSE RD (WB/L),NA,Front to Rear,Clear,Dry,Daylight,Traffic Control Signal,NONE DETECTED,Yes,No Apparent Injury,Followed Too Closely,Not Distracted,MD,Passenger Car,Moving Constant Speed,35,No,2006,TOYOTA,CAMRY,39.055182,-77.14663767,2026,4,17
260017641,Property Damage Crash,04/24/2026 05:35:00 PM,MONTROSE RD (WB/L),NA,Front to Rear,Clear,Dry,Daylight,Traffic Control Signal,NONE DETECTED,No,No Apparent Injury,NA,Not Distracted,MD,Passenger Car,Slowing or Stopping,35,No,2022,MAZDA,MAZDA3,39.055182,-77.14663767,2026,4,17
260017636,Injury Crash,04/24/2026 05:01:00 PM,BELLS MILL RD,NA,Angle,Clear,Wet,Daylight,Traffic Control Signal,NONE DETECTED,No,No Apparent Injury,NA,Not Distracted,MD,Sport Utility Vehicle,Turning Left,35,No,2017,JEEP,COMPASS,39.0353675,-77.194405,2026,4,17
260017636,Injury Crash,04/24/2026 05:01:00 PM,BELLS MILL RD,NA,Angle,Clear,Wet,Daylight,Traffic Control Signal,NONE DETECTED,Yes,No Apparent Injury,NA,Not Distracted,FL,Passenger Car,Slowing or Stopping,35,No,2014,MERCEDES-BENZ,E-CLASS,39.0353675,-77.194405,2026,4,17
260017617,Injury Crash,04/24/2026 04:00:00 PM,LAMBERTON DR,Pedestrian,Single Vehicle,Clear,Wet,Daylight,No Controls,NONE DETECTED,No,No Apparent Injury,NA,Not Distracted,MD,Passenger Car,Moving Constant Speed,25,No,2016,NISSAN,ROGUE,39.04378767,-77.024344,2026,4,16
260017621,Property Damage Crash,04/24/2026 03:59:00 PM,THE HILLS PLAZA,NA,Front to Rear,Cloudy,Dry,Daylight,No Controls,NONE DETECTED,Yes,No Apparent Injury,NA,Not Distracted,DC,Passenger Car,Slowing or Stopping,20,No,2013,HYUNDAI,SONATA,38.96228371,-77.08783975,2026,4,15
260017615,Property Damage Crash,04/24/2026 03:43:00 PM,WESTLAKE DR (SB/L),NA,Front to Rear,Rain,Wet,Daylight,Traffic Control Signal,NONE DETECTED,No,No Apparent Injury,NA,Not Distracted,MD,Van - Passenger (&lt;9 Seats),Stopped in Traffic,30,No,2008,CHEVROLET,EXPRESS,39.02543933,-77.1486794,2026,4,15
260017615,Property Damage Crash,04/24/2026 03:43:00 PM,WESTLAKE DR (SB/L),NA,Front to Rear,Rain,Wet,Daylight,Traffic Control Signal,NONE DETECTED,Yes,No Apparent Injury,Too Fast For Conditions,Not Distracted,MD,Bus - School,Slowing or Stopping,30,No,2012,FREIGHTLINER,B2 BUS CHASSIS,39.02543933,-77.1486794,2026,4,15
260017602,Property Damage Crash,04/24/2026 03:00:00 PM,NA,NA,Angle,Cloudy,Dry,Daylight,No Controls,NONE DETECTED,No,No Apparent Injury,NA,Not Distracted,FL,Sport Utility Vehicle,Moving Constant Speed,30,No,2019,TOYOTA,HIGHLANDER,39.0942654,-77.12319669,2026,4,15
260017602,Property Damage Crash,04/24/2026 03:00:00 PM,NA,NA,Angle,Cloudy,Dry,Daylight,No Controls,NONE DETECTED,Yes,No Apparent Injury,NA,Not Distracted,MD,Passenger Car,Making U-Turn,30,No,2012,CHEVROLET,SONIC,39.0942654,-77.12319669,2026,4,15
260017598,Property Damage Crash,04/24/2026 02:44:00 PM,UNIVERSITY BLVD W (WB/L),NA,Front to Rear,Clear,Dry,Daylight,Traffic Control Signal,NONE DETECTED,No,No Apparent Injury,NA,Not Distracted,MD,Pickup,Slowing or Stopping,35,No,2020,FORD,F-150,39.03993293,-77.04300453,2026,4,14
260017598,Property Damage Crash,04/24/2026 02:44:00 PM,UNIVERSITY BLVD W (WB/L),NA,Front to Rear,Clear,Dry,Daylight,Traffic Control Signal,NONE DETECTED,Yes,No Apparent Injury,NA,Not Distracted,MD,Passenger Car,Moving Constant Speed,35,No,2012,TOYOTA,COROLLA,39.03993293,-77.04300453,2026,4,14
260017582,Property Damage Crash,04/24/2026 01:49:00 PM,WILSON LA,NA,Angle,Clear,Dry,Daylight,Stop Sign,NONE DETECTED,Yes,No Apparent Injury,NA,Not Distracted,MD,Passenger Car,Turning Right,20,No,2019,TOYOTA,RAV4,38.987179,-77.10560367,2026,4,13
260017582,Property Damage Crash,04/24/2026 01:49:00 PM,WILSON LA,NA,Angle,Clear,Dry,Daylight,No Controls,NONE DETECTED,No,No Apparent Injury,NA,Not Distracted,MD,Passenger Car,Moving Constant Speed,30,No,2026,TESLA,MODEL X,38.987179,-77.10560367,2026,4,13
260017574,Property Damage Crash,04/24/2026 01:30:00 PM,JACKSON AVE,NA,Front to Front,Clear,Dry,Daylight,Stop Sign,NONE DETECTED,Yes,NA,NA,NA,NA,Passenger Car,Turning Right,20,No,2007,DODGE,RAM,38.98311218,-76.99723191,2026,4,13
260017574,Property Damage Crash,04/24/2026 01:30:00 PM,JACKSON AVE,NA,Front to Front,Clear,Dry,Daylight,Stop Sign,NONE DETECTED,No,No Apparent Injury,NA,Not Distracted,MD,Passenger Car,Turning Left,20,No,2009,TOYOTA,CAMRY,38.98311218,-76.99723191,2026,4,13
260018125,Property Damage Crash,04/24/2026 12:47:00 PM,NA,NA,Other,Clear,NA,Daylight,NA,NONE DETECTED,No,No Apparent Injury,NA,Not Distracted,MN,Passenger Car,Turning Left,0,No,2026,FORD,EXPLORER,39.0917195,-77.047622,2026,4,12
260018125,Property Damage Crash,04/24/2026 12:47:00 PM,NA,NA,Other,Clear,NA,Daylight,NA,NONE DETECTED,No,No Apparent Injury,NA,Not Distracted,MD,Passenger Car,Parked,0,No,2017,FORD,ESCAPE,39.0917195,-77.047622,2026,4,12
260017577,Property Damage Crash,04/24/2026 12:27:00 PM,ROCKVILLE PIKE (SB/L),NA,"Sideswipe, Opposite Direction",Clear,Dry,Daylight,Other,NONE DETECTED,Yes,No Apparent Injury,NA,Unknown,MD,Bus - Transit,Slowing or Stopping,30,No,2023,NEW FLYER,XCELSIOR,38.99695703,-77.09672241,2026,4,12
260017577,Property Damage Crash,04/24/2026 12:27:00 PM,ROCKVILLE PIKE (SB/L),NA,"Sideswipe, Opposite Direction",Clear,Dry,Daylight,Other,NONE DETECTED,No,No Apparent Injury,NA,Not Distracted,DC,Passenger Car,Accelerating,30,No,2026,FORD,EXPLORER,38.99695703,-77.09672241,2026,4,12
260017548,Property Damage Crash,04/24/2026 10:40:00 AM,WEXFORD DR (WB/L),NA,Front to Rear,Clear,Dry,Daylight,Stop Sign,NONE DETECTED,No,No Apparent Injury,NA,Not Distracted,MD,Passenger Car,Stopped in Traffic,25,No,2026,KIA,K5,39.03618013,-77.08451009,2026,4,10
260017548,Property Damage Crash,04/24/2026 10:40:00 AM,WEXFORD DR (WB/L),NA,Front to Rear,Clear,Dry,Daylight,Stop Sign,NONE DETECTED,Yes,No Apparent Injury,NA,Unknown,MD,Pickup,Slowing or Stopping,25,No,2005,CHEVROLET,SILVERADO,39.03618013,-77.08451009,2026,4,10
260017538,Property Damage Crash,04/24/2026 09:45:00 AM,NA,NA,"Sideswipe, Same Direction",Clear,NA,Daylight,NA,NONE DETECTED,Yes,No Apparent Injury,Improper Backing,Not Distracted,MD,Pickup,Backing,0,No,2019,FORD,F-150,39.17667004,-77.17747673,2026,4,9
260017532,Property Damage Crash,04/24/2026 08:53:00 AM,COLUMBIA PIKE (SB/L),NA,Single Vehicle,Clear,Dry,Daylight,No Controls,NONE DETECTED,Yes,No Apparent Injury,"Failed to Keep in Proper Lane, Over-Correcting/Over-Steering, Ran Off Roadway","Other Action (looking away from task, etc.)",MD,Passenger Car,Turning Left,35,No,2025,HYUNDAI,ELANTRA,39.03312962,-77.00313392,2026,4,8
260017533,Property Damage Crash,04/24/2026 08:47:00 AM,NA,NA,Front to Rear,Clear,Dry,Daylight,No Controls,NONE DETECTED,No,No Apparent Injury,NA,Unknown,MD,Passenger Car,Slowing or Stopping,35,No,2010,HONDA,CIVIC,39.09048609,-77.04785273,2026,4,8
260017533,Property Damage Crash,04/24/2026 08:47:00 AM,NA,NA,Front to Rear,Clear,Dry,Daylight,No Controls,NONE DETECTED,No,No Apparent Injury,NA,NA,NA,Passenger Car,Moving Constant Speed,35,No,0,NA,NA,39.09048609,-77.04785273,2026,4,8
260017517,Property Damage Crash,04/24/2026 07:00:00 AM,GEORGIA AVE,NA,"Sideswipe, Same Direction",Clear,Dry,Daylight,No Controls,NONE DETECTED,No,No Apparent Injury,NA,Unknown,MD,Bus - School,Moving Constant Speed,45,No,2016,THOMAS BUILT,HDX,39.08431733,-77.07783683,2026,4,7
260017517,Property Damage Crash,04/24/2026 07:00:00 AM,GEORGIA AVE,NA,"Sideswipe, Same Direction",Clear,Dry,Daylight,No Controls,NONE DETECTED,No,No Apparent Injury,NA,Unknown,MD,Passenger Car,Moving Constant Speed,45,No,2020,KIA,SOUL,39.08431733,-77.07783683,2026,4,7
260017516,Property Damage Crash,04/24/2026 06:47:00 AM,NA,NA,Single Vehicle,Clear,Dry,Daylight,Traffic Control Signal,NONE DETECTED,Yes,No Apparent Injury,NA,Unknown,MD,Passenger Car,Slowing or Stopping,40,No,2015,NISSAN,VERSA NOTE,39.0765035,-76.97051033,2026,4,6
260017518,Injury Crash,04/24/2026 06:15:00 AM,GEORGIA AVE,NA,Angle,Clear,Dry,Daylight,No Controls,NONE DETECTED,Yes,No Apparent Injury,Failed to Yield Right-of-Way,Unknown,MD,Pickup,Leaving Traffic Lane,35,No,2025,CHEVROLET,SILVERADO HD,39.00842497,-77.04014123,2026,4,6
260017518,Injury Crash,04/24/2026 06:15:00 AM,GEORGIA AVE,NA,Angle,Clear,Dry,Daylight,No Controls,NONE DETECTED,No,Possible Minor Injury,NA,Not Distracted,MD,Pickup,Moving Constant Speed,35,No,2004,CHEVROLET,SILVERADO,39.00842497,-77.04014123,2026,4,6
260017484,Injury Crash,04/23/2026 08:54:00 PM,HUNGERFORD DR,Pedestrian,Single Vehicle,Clear,Dry,Medium,No Controls,NONE DETECTED,No,No Apparent Injury,Failed to Yield Right-of-Way,Unknown,NA,Unknown,NA,40,No,0,NA,NA,39.09284198,-77.15336376,2026,4,20
260017491,Property Damage Crash,04/23/2026 08:42:00 PM,NA,NA,Front to Rear,Clear,NA,Medium,NA,NONE DETECTED,No,No Apparent Injury,NA,Not Distracted,MD,Passenger Car,Backing,0,No,2002,AUDI,A4,39.11909851,-77.25476244,2026,4,20
260017481,Property Damage Crash,04/23/2026 08:39:00 PM,UNIVERSITY BLVD W,NA,Front to Rear,Clear,Dry,Medium,No Controls,NONE DETECTED,No,No Apparent Injury,NA,Not Distracted,MD,Sport Utility Vehicle,Moving Constant Speed,35,No,2012,HONDA,CR-V,39.0364495,-77.03097367,2026,4,20
260017481,Property Damage Crash,04/23/2026 08:39:00 PM,UNIVERSITY BLVD W,NA,Front to Rear,Clear,Dry,Medium,No Controls,NONE DETECTED,Yes,No Apparent Injury,Followed Too Closely,Not Distracted,MD,Passenger Car,Moving Constant Speed,35,No,2010,HYUNDAI,ACCENT,39.0364495,-77.03097367,2026,4,20
260017465,Property Damage Crash,04/23/2026 06:11:00 PM,GOLDEN EAGLE CT,NA,Single Vehicle,Clear,Dry,Daylight,No Controls,NONE DETECTED,Yes,No Apparent Injury,Improper Backing,Not Distracted,MD,Other,Backing,25,No,2001,CHEVROLET,EXPRESS,39.09403033,-76.93356467,2026,4,18
260017462,Property Damage Crash,04/23/2026 05:59:00 PM,OLNEY MILL RD,NA,Angle,Clear,Dry,Daylight,No Controls,NONE DETECTED,No,No Apparent Injury,NA,Not Distracted,MD,Sport Utility Vehicle,Moving Constant Speed,25,No,2021,GMC,YUKON,39.16589326,-77.08263663,2026,4,17
260017462,Property Damage Crash,04/23/2026 05:59:00 PM,OLNEY MILL RD,NA,Angle,Clear,Dry,Daylight,Stop Sign,NONE DETECTED,Yes,No Apparent Injury,"Failed to Yield Right-of-Way, Ran Stop Sign",Not Distracted,MD,Sport Utility Vehicle,Slowing or Stopping,25,No,2022,TOYOTA,VENZA,39.16589326,-77.08263663,2026,4,17
260017461,Property Damage Crash,04/23/2026 05:49:00 PM,NEW HAMPSHIRE AVE (SB/L),NA,"Sideswipe, Same Direction",Clear,Dry,Daylight,No Controls,NONE DETECTED,Yes,No Apparent Injury,Failed to Keep in Proper Lane,Not Distracted,MD,Single-Unit Truck,Turning Right,45,No,2000,INTERNATIONAL,4700,39.114613,-76.99304917,2026,4,17
260017461,Property Damage Crash,04/23/2026 05:49:00 PM,NEW HAMPSHIRE AVE (SB/L),NA,"Sideswipe, Same Direction",Clear,Dry,Daylight,No Controls,NONE DETECTED,Yes,No Apparent Injury,Followed Too Closely,Unknown,MD,Passenger Car,Changing Lanes,45,No,2025,KIA,K4,39.114613,-76.99304917,2026,4,17
260017446,Property Damage Crash,04/23/2026 05:15:00 PM,ROCKVILLE PIKE,NA,Front to Rear,Clear,Dry,Daylight,No Controls,NONE DETECTED,Yes,No Apparent Injury,NA,Unknown,MD,Passenger Car,Turning Left,35,No,2013,SUBARU,OUTBACK,39.07676264,-77.13882921,2026,4,17
260017446,Property Damage Crash,04/23/2026 05:15:00 PM,ROCKVILLE PIKE,NA,Front to Rear,Clear,Dry,Daylight,No Controls,NONE DETECTED,No,No Apparent Injury,NA,Unknown,MD,Passenger Car,Moving Constant Speed,35,No,2002,DODGE,GRAND CARAVAN,39.07676264,-77.13882921,2026,4,17
260017454,Property Damage Crash,04/23/2026 05:10:00 PM,FREDERICK RD,NA,"Sideswipe, Same Direction",Clear,Dry,Daylight,Traffic Control Signal,NONE DETECTED,No,No Apparent Injury,NA,Not Distracted,MD,Bus - Transit,Stopped in Traffic,40,No,2016,GILLIG,CITY TRANSIT BUS,39.12174183,-77.17617617,2026,4,17
260017454,Property Damage Crash,04/23/2026 05:10:00 PM,FREDERICK RD,NA,"Sideswipe, Same Direction",Clear,Dry,Daylight,Traffic Control Signal,NONE DETECTED,Yes,No Apparent Injury,NA,Unknown,MD,Bus - Mini,Slowing or Stopping,40,No,2022,FORD,COMMERCIAL CHASSIS,39.12174183,-77.17617617,2026,4,17
260017444,Injury Crash,04/23/2026 04:51:00 PM,ARCHDALE RD,NA,Front to Rear,Clear,Dry,Daylight,No Controls,NONE DETECTED,Yes,Possible Minor Injury,NA,Not Distracted,MD,Passenger Car,Moving Constant Speed,15,No,2016,DODGE,DART,39.17383233,-77.242133,2026,4,16
260017437,Injury Crash,04/23/2026 04:04:00 PM,NA,NA,Single Vehicle,Clear,NA,Daylight,NA,NONE DETECTED,Yes,No Apparent Injury,NA,Not Distracted,MD,Passenger Car,Accelerating,0,No,2022,SUBARU,LEGACY,39.05905918,-77.12016843,2026,4,16
260017435,Injury Crash,04/23/2026 03:57:00 PM,NA,NA,Single Vehicle,Clear,NA,Daylight,NA,NONE DETECTED,No,Suspected Serious Injury,Too Fast For Conditions,Unknown,MD,Motorcycle - 2 Wheeled,Negotiating a Curve,0,No,2023,TAOTAO,DB,39.12870804,-77.23756137,2026,4,15
260017419,Property Damage Crash,04/23/2026 03:00:00 PM,16TH ST (SB/L),NA,"Sideswipe, Same Direction",Clear,Dry,Daylight,No Controls,NONE DETECTED,No,No Apparent Injury,NA,Not Distracted,NA,Passenger Car,Moving Constant Speed,35,No,2013,FORD,TAURUS,39.00350441,-77.04022793,2026,4,15
260017419,Property Damage Crash,04/23/2026 03:00:00 PM,16TH ST (SB/L),NA,"Sideswipe, Same Direction",Clear,Dry,Daylight,No Controls,NONE DETECTED,No,No Apparent Injury,NA,Not Distracted,MD,Passenger Car,Accelerating,35,No,2013,FORD,E-350,39.00350441,-77.04022793,2026,4,15
260017428,Property Damage Crash,04/23/2026 02:41:00 PM,OLD COACH RD,NA,Single Vehicle,Clear,Dry,Daylight,Stop Sign,NONE DETECTED,No,No Apparent Injury,"Failed to Keep in Proper Lane, Improper Turn",Not Distracted,MD,Sport Utility Vehicle,Turning Right,25,No,2021,PORSCHE,MACAN,39.03614867,-77.17317556,2026,4,14
260017394,Injury Crash,04/23/2026 12:21:00 PM,S FREDERICK RD,Pedestrian,Single Vehicle,Clear,Dry,Daylight,No Controls,NONE DETECTED,No,No Apparent Injury,NA,Not Distracted,MD,Passenger Car,Turning Right,40,No,2010,ACURA,MDX,39.12869567,-77.1857675,2026,4,12
260017389,Injury Crash,04/23/2026 11:56:00 AM,RANDOLPH RD (WB/L),NA,Unknown,Clear,Dry,Daylight,Traffic Control Signal,NONE DETECTED,No,Possible Minor Injury,NA,Unknown,MD,Passenger Car,Turning Left,35,No,2014,CHEVROLET,MALIBU,39.05393969,-77.0941906,2026,4,11
260017389,Injury Crash,04/23/2026 11:56:00 AM,RANDOLPH RD (WB/L),NA,Unknown,Clear,Dry,Daylight,Traffic Control Signal,NONE DETECTED,No,Possible Minor Injury,NA,Unknown,MD,Passenger Car,Moving Constant Speed,35,No,2020,TOYOTA,COROLLA,39.05393969,-77.0941906,2026,4,11
260017385,Property Damage Crash,04/23/2026 11:32:00 AM,COLESVILLE RD,NA,Front to Rear,Clear,Dry,Daylight,Other,NONE DETECTED,No,NA,NA,NA,NA,Passenger Car,NA,35,No,2009,HONDA,ACCORD,39.00040988,-77.02566365,2026,4,11
260017385,Property Damage Crash,04/23/2026 11:32:00 AM,COLESVILLE RD,NA,Front to Rear,Clear,Dry,Daylight,Traffic Control Signal,NONE DETECTED,No,No Apparent Injury,NA,Not Distracted,MD,Passenger Car,Slowing or Stopping,35,No,2020,ACURA,MDX,39.00040988,-77.02566365,2026,4,11
260017382,Property Damage Crash,04/23/2026 11:15:00 AM,NA,NA,Angle,Clear,NA,Daylight,NA,NONE DETECTED,No,No Apparent Injury,NA,Not Distracted,MD,Motorcycle - 2 Wheeled,Moving Constant Speed,0,No,2017,HARLEY-DAVIDSON,FLHTP / POLICE ELECTRA GLIDE,39.17476533,-77.1781365,2026,4,11
260017382,Property Damage Crash,04/23/2026 11:15:00 AM,NA,NA,Angle,Clear,NA,Daylight,NA,NONE DETECTED,No,No Apparent Injury,NA,Not Distracted,MD,Sport Utility Vehicle,Entering Traffic Lane,0,No,2024,HYUNDAI,PALISADE,39.17476533,-77.1781365,2026,4,11
260017378,Injury Crash,04/23/2026 10:27:00 AM,16TH ST (SB/L),NA,Front to Rear,Clear,Dry,Daylight,Traffic Control Signal,NONE DETECTED,No,NA,NA,NA,NA,Passenger Car,Slowing or Stopping,35,No,2026,TESLA,MODEL Y,38.99467082,-77.03636095,2026,4,10
260017378,Injury Crash,04/23/2026 10:27:00 AM,16TH ST (SB/L),NA,Front to Rear,Clear,Dry,Daylight,Traffic Control Signal,NONE DETECTED,No,Possible Minor Injury,NA,Not Distracted,MD,Sport Utility Vehicle,Stopped in Traffic,35,No,2009,TOYOTA,HIGHLANDER,38.99467082,-77.03636095,2026,4,10
260017363,Property Damage Crash,04/23/2026 09:22:00 AM,NA,NA,"Sideswipe, Opposite Direction",Clear,NA,Daylight,NA,NONE DETECTED,Yes,No Apparent Injury,"Followed Too Closely, Over-Correcting/Over-Steering",Unknown,MD,Bus - School,Negotiating a Curve,0,No,2021,THOMAS BUILT,HDX,39.03032198,-77.0270229,2026,4,9
260017360,Injury Crash,04/23/2026 09:00:00 AM,FREDERICK RD (SB/L),NA,Single Vehicle,Clear,Dry,Daylight,No Controls,NONE DETECTED,Yes,Possible Minor Injury,"Operated Motor Vehicle in Inattentive, Careless, Negligent, or Erratic Manner, Over-Correcting/Over-Steering",Unknown,MD,Passenger Car,Turning Right,35,No,2016,LEXUS,GS,39.15200183,-77.2114445,2026,4,9
260017358,Property Damage Crash,04/23/2026 08:20:00 AM,NA,NA,Other,Clear,NA,Daylight,NA,NONE DETECTED,No,No Apparent Injury,NA,Not Distracted,MD,Bus - School,Slowing or Stopping,0,No,2014,FREIGHTLINER,B2 BUS CHASSIS,39.12760228,-77.19932177,2026,4,8
260017358,Property Damage Crash,04/23/2026 08:20:00 AM,NA,NA,Other,Clear,NA,Daylight,NA,NONE DETECTED,No,No Apparent Injury,NA,Not Distracted,MD,Passenger Car,Parked,0,No,2014,TOYOTA,SIENNA,39.12760228,-77.19932177,2026,4,8
260017355,Property Damage Crash,04/23/2026 07:46:00 AM,NA,NA,Other,Clear,NA,Daylight,NA,NONE DETECTED,Yes,No Apparent Injury,Other Improper Action,Not Distracted,MD,Sport Utility Vehicle,Overtaking/Passing,0,No,2020,MERCEDES-BENZ,GLC-CLASS,39.17645445,-77.26541479,2026,4,7
260017355,Property Damage Crash,04/23/2026 07:46:00 AM,NA,NA,Other,Clear,NA,Daylight,NA,NONE DETECTED,Yes,No Apparent Injury,NA,Not Distracted,MD,Sport Utility Vehicle,NA,0,No,2026,CHEVROLET,TRAVERSE,39.17645445,-77.26541479,2026,4,7
260017349,Injury Crash,04/23/2026 06:51:00 AM,MUNCASTER MILL RD,NA,Single Vehicle,Clear,Dry,Daylight,No Controls,NONE DETECTED,No,Possible Minor Injury,NA,Not Distracted,MD,Passenger Car,Moving Constant Speed,40,No,2022,HONDA,PASSPORT,39.12469439,-77.11557976,2026,4,6
260017324,Property Damage Crash,04/22/2026 10:10:00 PM,SCHRIDER ST,NA,"Sideswipe, Same Direction",Clear,Dry,Medium,No Controls,NONE DETECTED,Yes,No Apparent Injury,NA,Not Distracted,MD,Bus - Transit,Slowing or Stopping,25,No,2016,GILLIG,LOW FLOOR BUS,38.99176336,-77.01437458,2026,4,22
260017325,Injury Crash,04/22/2026 09:54:00 PM,ASPEN HILL RD,Scooter (electric),Single Vehicle,Clear,Dry,Medium,Traffic Control Signal,NONE DETECTED,No,No Apparent Injury,NA,Not Distracted,MD,Passenger Car,Turning Left,35,No,2013,HYUNDAI,SONATA,39.08022754,-77.08068748,2026,4,21
260017320,Injury Crash,04/22/2026 09:30:00 PM,BALTIMORE RD,NA,Angle,Clear,Dry,Dark,Traffic Control Signal,NONE DETECTED,Yes,Possible Minor Injury,"Failed to Yield Right-of-Way, Other Improper Action",Unknown,MD,Passenger Car,Turning Left,40,No,2004,JEEP,GRAND CHEROKEE,39.09514067,-77.112415,2026,4,21
260017320,Injury Crash,04/22/2026 09:30:00 PM,BALTIMORE RD,NA,Angle,Clear,Dry,Dark,Traffic Control Signal,NONE DETECTED,No,No Apparent Injury,NA,Not Distracted,MD,Passenger Car,Moving Constant Speed,40,No,2021,SUBARU,WRX,39.09514067,-77.112415,2026,4,21
260017319,Property Damage Crash,04/22/2026 09:22:00 PM,VEIRS MILL RD (WB/L),NA,Front to Rear,Clear,Dry,Medium,No Controls,NONE DETECTED,No,No Apparent Injury,NA,Not Distracted,MD,Passenger Car,Slowing or Stopping,30,No,2005,HONDA,PILOT,39.07704014,-77.12349814,2026,4,21