Local Case Number,ACRS Report Type,Crash Date/Time,Road Name,Related Non-Motorist,Collision Type,Weather,Surface Condition,Light,Traffic Control,Driver Substance Abuse,Driver At Fault,Injury Severity,Circumstance,Driver Distracted By,Drivers License State,Vehicle Body Type,Vehicle Movement,Speed Limit,Driverless Vehicle,Vehicle Year,Vehicle Make,Vehicle Model,Latitude,Longitude,Year,Month,Hour
260017319,Property Damage Crash,04/22/2026 09:22:00 PM,VEIRS MILL RD (WB/L),NA,Front to Rear,Clear,Dry,Medium,No Controls,NONE DETECTED,Yes,No Apparent Injury,NA,Unknown,MD,Passenger Car,Moving Constant Speed,30,No,2016,TOYOTA,SIENNA,39.07704014,-77.12349814,2026,4,21
260017291,Injury Crash,04/22/2026 06:26:00 PM,TECH RD,NA,Front to Front,Clear,Dry,Daylight,Traffic Control Signal,NONE DETECTED,Yes,Possible Minor Injury,Ran Red Light,Not Distracted,DC,Sport Utility Vehicle,Moving Constant Speed,50,No,2025,CHEVROLET,TRAX,39.05785678,-76.96842607,2026,4,18
260017291,Injury Crash,04/22/2026 06:26:00 PM,TECH RD,NA,Front to Front,Clear,Dry,Daylight,Traffic Control Signal,NONE DETECTED,No,Possible Minor Injury,NA,Not Distracted,MD,Pickup,Moving Constant Speed,30,No,2016,CHEVROLET,SILVERADO,39.05785678,-76.96842607,2026,4,18
260017288,Property Damage Crash,04/22/2026 06:20:00 PM,VALLEY BROOK DR,NA,Angle,Clear,Dry,Daylight,Traffic Control Signal,NONE DETECTED,No,No Apparent Injury,NA,Not Distracted,MD,Passenger Car,Turning Left,30,No,2019,HONDA,CR-V,39.0585511,-76.99772596,2026,4,18
260017288,Property Damage Crash,04/22/2026 06:20:00 PM,VALLEY BROOK DR,NA,Angle,Clear,Dry,Daylight,Traffic Control Signal,NONE DETECTED,Yes,No Apparent Injury,"Ran Red Light, Too Fast For Conditions",Not Distracted,MD,Passenger Car,Moving Constant Speed,30,No,2023,NISSAN,ALTIMA,39.0585511,-76.99772596,2026,4,18
260017283,Injury Crash,04/22/2026 05:44:00 PM,MIDDLEBROOK RD (WB/L),NA,Front to Rear,Clear,Dry,Daylight,No Controls,NONE DETECTED,Yes,Possible Minor Injury,Other Improper Action,Not Distracted,MD,Passenger Car,Moving Constant Speed,40,No,2009,TOYOTA,CAMRY,39.1837925,-77.2723175,2026,4,17
260017283,Injury Crash,04/22/2026 05:44:00 PM,MIDDLEBROOK RD (WB/L),NA,Front to Rear,Clear,Dry,Daylight,No Controls,NONE DETECTED,No,No Apparent Injury,NA,Not Distracted,MD,Passenger Car,Stopped in Traffic,40,No,2022,MAZDA,CX-30,39.1837925,-77.2723175,2026,4,17
260017280,Injury Crash,04/22/2026 05:32:00 PM,NA,Scooter (electric),Single Vehicle,Clear,Dry,Daylight,No Controls,NONE DETECTED,No,No Apparent Injury,NA,Not Distracted,MD,Passenger Car,Moving Constant Speed,25,No,2018,TOYOTA,AVALON,39.01620354,-77.0334641,2026,4,17
260017275,Injury Crash,04/22/2026 05:30:00 PM,MONTGOMERY VILLAGE AVE (SB/L),NA,Front to Rear,Clear,Dry,Daylight,Traffic Control Signal,NONE DETECTED,No,Possible Minor Injury,NA,Not Distracted,MD,Passenger Car,Slowing or Stopping,35,No,2020,VOLKSWAGEN,PASSAT,39.1529686,-77.21170643,2026,4,17
260017275,Injury Crash,04/22/2026 05:30:00 PM,MONTGOMERY VILLAGE AVE (SB/L),NA,Front to Rear,Clear,Dry,Daylight,Traffic Control Signal,NONE DETECTED,Yes,No Apparent Injury,NA,Not Distracted,MD,Sport Utility Vehicle,Changing Lanes,35,No,2013,NISSAN,ROGUE,39.1529686,-77.21170643,2026,4,17
260017275,Injury Crash,04/22/2026 05:30:00 PM,MONTGOMERY VILLAGE AVE (SB/L),NA,Front to Rear,Clear,Dry,Daylight,Traffic Control Signal,NONE DETECTED,No,Possible Minor Injury,NA,NA,MD,Van - Passenger (&lt;9 Seats),Slowing or Stopping,35,No,2015,HONDA,ODYSSEY,39.1529686,-77.21170643,2026,4,17
260017278,Property Damage Crash,04/22/2026 05:18:00 PM,COLESVILLE RD,NA,"Sideswipe, Same Direction",Clear,Dry,Daylight,No Controls,NONE DETECTED,Yes,No Apparent Injury,NA,Unknown,MD,Bus - Transit,Entering Traffic Lane,40,No,2020,NOVABUS,LFS ARTICULATED,39.02361126,-77.01108862,2026,4,17
260017278,Property Damage Crash,04/22/2026 05:18:00 PM,COLESVILLE RD,NA,"Sideswipe, Same Direction",Clear,Dry,Daylight,No Controls,NONE DETECTED,No,No Apparent Injury,NA,Unknown,MD,Passenger Car,Moving Constant Speed,40,No,2015,TOYOTA,COROLLA,39.02361126,-77.01108862,2026,4,17
260017282,Property Damage Crash,04/22/2026 04:53:00 PM,INTERCOUNTY CONNECTOR (WB/L),NA,Single Vehicle,Clear,Dry,Daylight,No Controls,NONE DETECTED,No,No Apparent Injury,NA,Not Distracted,MD,Passenger Car,Moving Constant Speed,60,No,2017,HONDA,ACCORD,39.10232809,-77.04676069,2026,4,16
260017266,Injury Crash,04/22/2026 04:46:00 PM,GERMANTOWN RD,NA,Other,Clear,Dry,Daylight,Traffic Control Signal,NONE DETECTED,No,Possible Minor Injury,NA,Not Distracted,MD,Passenger Car,Moving Constant Speed,40,No,2025,HONDA,CIVIC,39.18107728,-77.26225013,2026,4,16
260017266,Injury Crash,04/22/2026 04:46:00 PM,GERMANTOWN RD,NA,Other,Clear,Dry,Daylight,Traffic Control Signal,NONE DETECTED,Yes,Possible Minor Injury,Failed to Yield Right-of-Way,Not Distracted,MD,Passenger Car,Accelerating,40,No,2021,DODGE,CHARGER,39.18107728,-77.26225013,2026,4,16
260017260,Property Damage Crash,04/22/2026 04:30:00 PM,BOU AVE,NA,Single Vehicle,Clear,Dry,Daylight,No Controls,NONE DETECTED,Yes,No Apparent Injury,"Other Improper Action, Too Fast For Conditions",Unknown,MD,Station Wagon,Moving Constant Speed,30,No,2025,SUBARU,FORESTER,39.05670902,-77.11800668,2026,4,16
260017259,Property Damage Crash,04/22/2026 04:20:00 PM,FREDERICK RD,NA,"Sideswipe, Same Direction",Clear,Dry,Daylight,Traffic Control Signal,NONE DETECTED,No,No Apparent Injury,NA,Not Distracted,MD,Passenger Car,Changing Lanes,35,No,2023,TOYOTA,COROLLA,39.15207917,-77.2111995,2026,4,16
260017259,Property Damage Crash,04/22/2026 04:20:00 PM,FREDERICK RD,NA,"Sideswipe, Same Direction",Clear,Dry,Daylight,Traffic Control Signal,NONE DETECTED,No,No Apparent Injury,NA,Not Distracted,MD,Sport Utility Vehicle,Moving Constant Speed,35,No,2011,GMC,YUKON XL,39.15207917,-77.2111995,2026,4,16
260017301,Property Damage Crash,04/22/2026 04:15:00 PM,HINSDALE LA,NA,"Sideswipe, Same Direction",Clear,Dry,Daylight,No Controls,NONE DETECTED,No,NA,NA,NA,NA,Passenger Car,NA,25,No,2017,HONDA,CIVIC,39.00283555,-77.00055597,2026,4,16
260017254,Injury Crash,04/22/2026 04:04:00 PM,ROLLINS AVE,NA,"Sideswipe, Same Direction",Clear,Dry,Daylight,Traffic Control Signal,NONE DETECTED,Yes,Possible Minor Injury,NA,Not Distracted,MD,Sport Utility Vehicle,Accelerating,25,No,2022,TESLA,MODEL Y,39.05893365,-77.12156841,2026,4,16
260017254,Injury Crash,04/22/2026 04:04:00 PM,ROLLINS AVE,NA,"Sideswipe, Same Direction",Clear,Dry,Daylight,Traffic Control Signal,NONE DETECTED,No,No Apparent Injury,NA,Not Distracted,MD,Passenger Car,Accelerating,25,No,2017,FORD,E-350,39.05893365,-77.12156841,2026,4,16
260017262,Property Damage Crash,04/22/2026 04:00:00 PM,CROOKSTON LA,NA,Rear To Side,Clear,Dry,Daylight,No Controls,NONE DETECTED,No,No Apparent Injury,NA,Not Distracted,MD,Sport Utility Vehicle,Stopped in Traffic,25,No,2024,HONDA,CR-V,39.06946283,-77.111655,2026,4,16
260017262,Property Damage Crash,04/22/2026 04:00:00 PM,CROOKSTON LA,NA,Rear To Side,Clear,Dry,Daylight,No Controls,NONE DETECTED,No,No Apparent Injury,NA,Unknown,MD,Sport Utility Vehicle,Backing,25,No,2016,TOYOTA,4-RUNNER,39.06946283,-77.111655,2026,4,16
260017248,Property Damage Crash,04/22/2026 03:25:00 PM,ORKNEY PKWY,NA,"Sideswipe, Same Direction",Clear,Dry,Daylight,No Controls,NONE DETECTED,Yes,No Apparent Injury,NA,Not Distracted,MD,Bus - School,Moving Constant Speed,20,No,2023,FREIGHTLINER,B2 106 ELECTRIC CONVENTIONAL CHASSIS,38.981242,-77.13778467,2026,4,15
260017238,Property Damage Crash,04/22/2026 02:40:00 PM,BOOTH ST,NA,Angle,Clear,Dry,Daylight,Stop Sign,NONE DETECTED,No,No Apparent Injury,NA,Not Distracted,MD,Sport Utility Vehicle,Turning Left,25,No,2009,HONDA,CR-V,39.12715717,-77.24050867,2026,4,14
260017238,Property Damage Crash,04/22/2026 02:40:00 PM,BOOTH ST,NA,Angle,Clear,Dry,Daylight,No Controls,NONE DETECTED,No,No Apparent Injury,NA,Not Distracted,MD,Sport Utility Vehicle,Moving Constant Speed,40,No,2023,SUBARU,CROSSTREK,39.12715717,-77.24050867,2026,4,14
260017246,Property Damage Crash,04/22/2026 02:31:00 PM,BROADMORE RD,NA,Rear To Rear,Clear,Dry,Daylight,No Controls,NONE DETECTED,No,No Apparent Injury,NA,Unknown,MD,Unknown,Backing,25,No,2016,FORD,TRANSIT,39.07157276,-76.99244852,2026,4,14
260017244,Property Damage Crash,04/22/2026 02:30:00 PM,BRADLEY LA,NA,Other,Clear,Dry,Daylight,No Controls,NONE DETECTED,No,No Apparent Injury,Improper Backing,Unknown,PA,Van - Passenger (&lt;9 Seats),Backing,20,No,2015,FORD,TRANSIT,38.9767697,-77.07754354,2026,4,14
260017244,Property Damage Crash,04/22/2026 02:30:00 PM,BRADLEY LA,NA,Other,Clear,Dry,Daylight,No Controls,NONE DETECTED,No,No Apparent Injury,NA,Not Distracted,MD,Pickup,Slowing or Stopping,20,No,2024,TOYOTA,TUNDRA,38.9767697,-77.07754354,2026,4,14
260017236,Injury Crash,04/22/2026 02:08:00 PM,FREDERICK RD (SB/L),NA,Front to Rear,Clear,Dry,Daylight,"Other Pavement Marking (excluding edgelines, centerlines, or lane lines)",NONE DETECTED,No,Possible Minor Injury,NA,Not Distracted,MD,Passenger Car,Slowing or Stopping,35,No,2007,HONDA,ACCORD,39.15289417,-77.2126995,2026,4,14
260017236,Injury Crash,04/22/2026 02:08:00 PM,FREDERICK RD (SB/L),NA,Front to Rear,Clear,Dry,Daylight,"Other Pavement Marking (excluding edgelines, centerlines, or lane lines)",NONE DETECTED,Yes,No Apparent Injury,"Followed Too Closely, Too Fast For Conditions",Unknown,MD,Passenger Car,NA,35,No,1998,PONTIAC,FIREBIRD,39.15289417,-77.2126995,2026,4,14
260017236,Injury Crash,04/22/2026 02:08:00 PM,FREDERICK RD (SB/L),NA,Front to Rear,Clear,Dry,Daylight,"Other Pavement Marking (excluding edgelines, centerlines, or lane lines)",NONE DETECTED,No,No Apparent Injury,NA,Not Distracted,MD,Passenger Car,Stopped in Traffic,35,No,2015,HYUNDAI,GENESIS COUPE,39.15289417,-77.2126995,2026,4,14
260017256,Property Damage Crash,04/22/2026 12:59:00 PM,NA,NA,Single Vehicle,Clear,NA,Daylight,NA,NONE DETECTED,No,NA,"Improper Passing, Other Improper Action",NA,NA,Sport Utility Vehicle,Moving Constant Speed,0,No,2024,ACURA,RDX,38.9870187,-77.0939614,2026,4,12
260017231,Property Damage Crash,04/22/2026 12:43:00 PM,E DIAMOND AVE,NA,Single Vehicle,Clear,Dry,Daylight,No Controls,DRUG PRESENT,Yes,No Apparent Injury,NA,Unknown,MD,Passenger Car,NA,30,No,2013,HYUNDAI,SONATA,39.13995968,-77.18292452,2026,4,12
260017202,Injury Crash,04/22/2026 12:09:00 PM,DILSTON RD,NA,Angle,Rain,Wet,Daylight,Traffic Control Signal,NONE DETECTED,No,Possible Minor Injury,NA,Not Distracted,MD,Passenger Car,Slowing or Stopping,35,No,2012,HONDA,ACCORD,39.01143573,-76.97895002,2026,4,12
260017202,Injury Crash,04/22/2026 12:09:00 PM,DILSTON RD,NA,Angle,Rain,Wet,Daylight,Traffic Control Signal,NONE DETECTED,Yes,Possible Minor Injury,NA,Not Distracted,MD,Passenger Car,Turning Right,35,No,2022,TOYOTA,COROLLA,39.01143573,-76.97895002,2026,4,12
260017202,Injury Crash,04/22/2026 12:09:00 PM,DILSTON RD,NA,Angle,Rain,Wet,Daylight,Traffic Control Signal,NONE DETECTED,No,No Apparent Injury,NA,Not Distracted,VA,Single-Unit Truck,Slowing or Stopping,35,No,2023,FREIGHTLINER,M2,39.01143573,-76.97895002,2026,4,12
260017205,Property Damage Crash,04/22/2026 12:00:00 PM,NA,NA,Single Vehicle,Clear,Dry,Daylight,No Controls,NONE DETECTED,No,No Apparent Injury,NA,Not Distracted,MD,Passenger Car,Moving Constant Speed,45,No,2008,HONDA,ACCORD,39.16634859,-77.15600757,2026,4,12
260017205,Property Damage Crash,04/22/2026 12:00:00 PM,NA,NA,Single Vehicle,Clear,Dry,Daylight,No Controls,NONE DETECTED,No,No Apparent Injury,NA,Not Distracted,MD,Passenger Car,Moving Constant Speed,45,No,2023,HONDA,ACCORD,39.16634859,-77.15600757,2026,4,12
260017205,Property Damage Crash,04/22/2026 12:00:00 PM,NA,NA,Single Vehicle,Clear,Dry,Daylight,No Controls,NONE DETECTED,Yes,No Apparent Injury,Failed to Yield Right-of-Way,Unknown,MD,Passenger Car,Turning Left,45,No,2017,NISSAN,ROGUE,39.16634859,-77.15600757,2026,4,12
260017208,Property Damage Crash,04/22/2026 11:51:00 AM,COLUMBIA PIKE,NA,Front to Rear,Rain,Wet,Daylight,Traffic Control Signal,NONE DETECTED,No,No Apparent Injury,NA,Not Distracted,MD,Bus - School,Stopped in Traffic,50,No,2026,FREIGHTLINER,B2 BUS CHASSIS,39.06772727,-76.95922579,2026,4,11
260017208,Property Damage Crash,04/22/2026 11:51:00 AM,COLUMBIA PIKE,NA,Front to Rear,Rain,Wet,Daylight,Traffic Control Signal,NONE DETECTED,Yes,No Apparent Injury,"Other Improper Action, Too Fast For Conditions",Not Distracted,MD,Sport Utility Vehicle,Slowing or Stopping,50,No,2011,HONDA,CR-V,39.06772727,-76.95922579,2026,4,11
260017190,Injury Crash,04/22/2026 11:25:00 AM,NA,NA,Angle,Cloudy,Wet,Daylight,School Zone Sign,NONE DETECTED,No,Possible Minor Injury,NA,Not Distracted,MD,Passenger Car,Moving Constant Speed,25,No,2010,MAZDA,MAZDA3,39.17245975,-77.26417531,2026,4,11
260017190,Injury Crash,04/22/2026 11:25:00 AM,NA,NA,Angle,Cloudy,Wet,Daylight,School Zone Sign,NONE DETECTED,Yes,No Apparent Injury,Other Improper Action,Unknown,NA,Passenger Car,Leaving Traffic Lane,25,No,2004,HONDA,CIVIC,39.17245975,-77.26417531,2026,4,11
260017186,Property Damage Crash,04/22/2026 10:30:00 AM,GEORGIA AVE,NA,Front to Rear,Rain,Wet,Daylight,No Controls,NONE DETECTED,No,No Apparent Injury,NA,Not Distracted,MD,Pickup,Moving Constant Speed,35,No,2018,FORD,F-150,39.21241167,-77.0613715,2026,4,10
260017186,Property Damage Crash,04/22/2026 10:30:00 AM,GEORGIA AVE,NA,Front to Rear,Rain,Wet,Daylight,No Controls,NONE DETECTED,No,No Apparent Injury,NA,Not Distracted,MD,Pickup,Moving Constant Speed,35,No,2011,NISSAN,TITAN,39.21241167,-77.0613715,2026,4,10
260017186,Property Damage Crash,04/22/2026 10:30:00 AM,GEORGIA AVE,NA,Front to Rear,Rain,Wet,Daylight,No Controls,NONE DETECTED,No,No Apparent Injury,NA,Not Distracted,MD,Passenger Car,Moving Constant Speed,35,No,2002,MERCEDES-BENZ,E-CLASS,39.21241167,-77.0613715,2026,4,10
260017186,Property Damage Crash,04/22/2026 10:30:00 AM,GEORGIA AVE,NA,Front to Rear,Rain,Wet,Daylight,No Controls,NONE DETECTED,No,No Apparent Injury,NA,Not Distracted,MD,Sport Utility Vehicle,Moving Constant Speed,35,No,2015,NISSAN,NV,39.21241167,-77.0613715,2026,4,10
260017186,Property Damage Crash,04/22/2026 10:30:00 AM,GEORGIA AVE,NA,Front to Rear,Rain,Wet,Daylight,No Controls,NONE DETECTED,No,No Apparent Injury,NA,Unknown,MD,Other Trucks,Moving Constant Speed,35,No,2009,INTERNATIONAL,MA025,39.21241167,-77.0613715,2026,4,10
260017186,Property Damage Crash,04/22/2026 10:30:00 AM,GEORGIA AVE,NA,Front to Rear,Rain,Wet,Daylight,No Controls,NONE DETECTED,No,No Apparent Injury,NA,Not Distracted,MD,Sport Utility Vehicle,Slowing or Stopping,35,No,2026,ACURA,MDX,39.21241167,-77.0613715,2026,4,10
260017186,Property Damage Crash,04/22/2026 10:30:00 AM,GEORGIA AVE,NA,Front to Rear,Rain,Wet,Daylight,No Controls,NONE DETECTED,No,No Apparent Injury,NA,Not Distracted,MD,Passenger Car,Slowing or Stopping,35,No,2012,MERCEDES-BENZ,E-CLASS,39.21241167,-77.0613715,2026,4,10
260017168,Injury Crash,04/22/2026 08:30:00 AM,NA,NA,Single Vehicle,Cloudy,Dry,Daylight,No Controls,NONE DETECTED,Yes,Possible Minor Injury,NA,Unknown,PA,Passenger Car,Moving Constant Speed,35,No,2011,VOLKSWAGEN,JETTA,39.07811133,-76.9833965,2026,4,8
260017164,Property Damage Crash,04/22/2026 08:11:00 AM,SHAKESPEARE BLVD (WB/L),NA,Angle,Cloudy,Dry,Daylight,Other Signal,NONE DETECTED,Yes,No Apparent Injury,"Failed to Yield Right-of-Way, Improper Turn",Not Distracted,MD,Passenger Car,Turning Left,35,No,2001,FORD,FOCUS,39.19839312,-77.24501683,2026,4,8
260017164,Property Damage Crash,04/22/2026 08:11:00 AM,SHAKESPEARE BLVD (WB/L),NA,Angle,Cloudy,Dry,Daylight,Other Signal,NONE DETECTED,Yes,No Apparent Injury,"Failed to Keep in Proper Lane, Failed to Yield Right-of-Way, Ran Red Light",Not Distracted,MD,Passenger Car,Moving Constant Speed,35,No,2017,LEXUS,IS,39.19839312,-77.24501683,2026,4,8
260017167,Injury Crash,04/22/2026 07:30:00 AM,UNIVERSITY BLVD W,Pedestrian,Single Vehicle,Clear,Dry,Daylight,Traffic Control Signal,NONE DETECTED,No,No Apparent Injury,NA,Not Distracted,MD,Passenger Car,Slowing or Stopping,35,No,2025,TOYOTA,CAMRY,39.01985721,-77.01336701,2026,4,7
260017166,Property Damage Crash,04/22/2026 06:45:00 AM,NA,NA,"Sideswipe, Same Direction",Clear,Dry,Daylight,No Controls,NONE DETECTED,No,No Apparent Injury,NA,Not Distracted,WV,Passenger Car,Turning Right,40,No,2022,HONDA,CR-V,39.12289189,-77.17797666,2026,4,6
260017166,Property Damage Crash,04/22/2026 06:45:00 AM,NA,NA,"Sideswipe, Same Direction",Clear,Dry,Daylight,No Controls,NONE DETECTED,No,No Apparent Injury,NA,Not Distracted,MD,Passenger Car,Turning Right,40,No,2021,TOYOTA,AVALON,39.12289189,-77.17797666,2026,4,6
260017145,Injury Crash,04/22/2026 12:15:00 AM,QUINCE ORCHARD RD (SB/L),NA,Angle,Clear,Dry,Medium,Traffic Control Signal,NONE DETECTED,No,Possible Minor Injury,NA,Not Distracted,MD,Sport Utility Vehicle,Moving Constant Speed,35,No,2025,DODGE,DURANGO,39.14266407,-77.22091398,2026,4,0
260017145,Injury Crash,04/22/2026 12:15:00 AM,QUINCE ORCHARD RD (SB/L),NA,Angle,Clear,Dry,Medium,Traffic Control Signal,NONE DETECTED,Yes,No Apparent Injury,"Failed to Yield Right-of-Way, Ran Red Light",Unknown,MD,Passenger Car,Moving Constant Speed,35,No,2015,HONDA,CIVIC,39.14266407,-77.22091398,2026,4,0
260017142,Property Damage Crash,04/21/2026 10:40:00 PM,NA,NA,Single Vehicle,Clear,NA,Medium,NA,NONE DETECTED,Yes,No Apparent Injury,NA,Not Distracted,MX-MEX,Passenger Car,Accelerating,0,No,2014,MAZDA,MAZDA5,39.09593682,-77.15420312,2026,4,22
260017116,Injury Crash,04/21/2026 06:49:00 PM,NA,NA,Front to Rear,Clear,NA,Daylight,NA,NONE DETECTED,Yes,No Apparent Injury,Improper Backing,Unknown,MD,Passenger Car,Backing,0,No,2017,TOYOTA,CAMRY,39.044962,-76.95231767,2026,4,18
260017116,Injury Crash,04/21/2026 06:49:00 PM,NA,NA,Front to Rear,Clear,NA,Daylight,NA,NONE DETECTED,No,Possible Minor Injury,NA,Not Distracted,MD,Van - Passenger (&lt;9 Seats),Moving Constant Speed,0,No,2013,HONDA,ODYSSEY,39.044962,-76.95231767,2026,4,18
260017122,Property Damage Crash,04/21/2026 06:30:00 PM,REDSPIRE DR,NA,"Sideswipe, Same Direction",Clear,Dry,Daylight,No Controls,NONE DETECTED,No,NA,NA,NA,NA,Passenger Car,Moving Constant Speed,25,No,2009,INFINITI,G37,39.07689663,-77.03130592,2026,4,18
260017424,Property Damage Crash,04/21/2026 06:30:00 PM,SAUL RD,NA,"Sideswipe, Same Direction",Clear,Dry,Daylight,No Controls,NONE DETECTED,No,No Apparent Injury,NA,Not Distracted,MD,Sport Utility Vehicle,Changing Lanes,25,No,2014,TOYOTA,RAV4,39.01545916,-77.07886034,2026,4,18
260017424,Property Damage Crash,04/21/2026 06:30:00 PM,SAUL RD,NA,"Sideswipe, Same Direction",Clear,Dry,Daylight,No Controls,NONE DETECTED,No,No Apparent Injury,"Failed to Keep in Proper Lane, Improper Passing",Unknown,MD,Passenger Car,Changing Lanes,25,No,2015,LEXUS,ES,39.01545916,-77.07886034,2026,4,18
260017107,Property Damage Crash,04/21/2026 06:11:00 PM,GEORGIA AVE,NA,Angle,Clear,Dry,Daylight,Traffic Control Signal,NONE DETECTED,Yes,No Apparent Injury,Failed to Yield Right-of-Way,Not Distracted,MD,Passenger Car,Turning Left,35,No,2018,HONDA,CIVIC,39.07760362,-77.07080931,2026,4,18
260017107,Property Damage Crash,04/21/2026 06:11:00 PM,GEORGIA AVE,NA,Angle,Clear,Dry,Daylight,Traffic Control Signal,NONE DETECTED,No,No Apparent Injury,NA,Not Distracted,MD,Passenger Car,Moving Constant Speed,35,No,2021,HONDA,CIVIC,39.07760362,-77.07080931,2026,4,18
260016965,Property Damage Crash,04/21/2026 06:05:00 PM,NA,NA,"Sideswipe, Same Direction",Clear,NA,Daylight,NA,NONE DETECTED,No,NA,Other Improper Action,NA,NA,Passenger Car,Moving Constant Speed,0,No,2024,HYUNDAI,TUCSON,39.09160346,-77.04749496,2026,4,18
260017098,Property Damage Crash,04/21/2026 05:27:00 PM,VEIRS MILL RD (WB/L),NA,Front to Rear,Clear,Dry,Daylight,No Controls,NONE DETECTED,Yes,No Apparent Injury,NA,Not Distracted,MD,Station Wagon,Moving Constant Speed,35,No,2007,SUBARU,IMPREZA,39.0416823,-77.05845134,2026,4,17
260017098,Property Damage Crash,04/21/2026 05:27:00 PM,VEIRS MILL RD (WB/L),NA,Front to Rear,Clear,Dry,Daylight,No Controls,NONE DETECTED,No,No Apparent Injury,NA,Not Distracted,MD,Sport Utility Vehicle,Slowing or Stopping,35,No,2021,TOYOTA,HIGHLANDER,39.0416823,-77.05845134,2026,4,17
260017112,Property Damage Crash,04/21/2026 04:30:00 PM,ROCKVILLE PIKE,NA,Front to Rear,Clear,Dry,Daylight,No Controls,NONE DETECTED,No,No Apparent Injury,NA,Not Distracted,MD,Van - Cargo,Stopped in Traffic,35,No,2025,FORD,TRANSIT,39.04431812,-77.11143212,2026,4,16
260017112,Property Damage Crash,04/21/2026 04:30:00 PM,ROCKVILLE PIKE,NA,Front to Rear,Clear,Dry,Daylight,No Controls,NONE DETECTED,No,NA,NA,NA,NA,Passenger Car,Accelerating,35,No,2003,TOYOTA,CAMRY,39.04431812,-77.11143212,2026,4,16
260017091,Injury Crash,04/21/2026 04:24:00 PM,FATHER HURLEY BLVD,NA,"Sideswipe, Same Direction",Clear,Dry,Daylight,Traffic Control Signal,NONE DETECTED,No,No Apparent Injury,NA,Not Distracted,MD,Passenger Car,Stopped in Traffic,45,No,2008,HONDA,CIVIC,39.19410167,-77.26963883,2026,4,16
260017091,Injury Crash,04/21/2026 04:24:00 PM,FATHER HURLEY BLVD,NA,"Sideswipe, Same Direction",Clear,Dry,Daylight,Traffic Control Signal,NONE DETECTED,No,Possible Minor Injury,NA,Not Distracted,MD,Passenger Car,Moving Constant Speed,45,No,2023,DODGE,CHALLENGER,39.19410167,-77.26963883,2026,4,16
260017091,Injury Crash,04/21/2026 04:24:00 PM,FATHER HURLEY BLVD,NA,"Sideswipe, Same Direction",Clear,Dry,Daylight,Traffic Control Signal,NONE DETECTED,Yes,No Apparent Injury,NA,Not Distracted,MD,Passenger Car,Changing Lanes,40,No,2003,HONDA,CIVIC,39.19410167,-77.26963883,2026,4,16
260017091,Injury Crash,04/21/2026 04:24:00 PM,FATHER HURLEY BLVD,NA,"Sideswipe, Same Direction",Clear,Dry,Daylight,Traffic Control Signal,NONE DETECTED,No,No Apparent Injury,NA,Not Distracted,MD,Passenger Car,Stopped in Traffic,45,No,2015,ACURA,MDX,39.19410167,-77.26963883,2026,4,16
260017087,Property Damage Crash,04/21/2026 03:46:00 PM,CONNECTICUT AVE,NA,"Sideswipe, Same Direction",Clear,Dry,Daylight,No Controls,NONE DETECTED,No,No Apparent Injury,NA,Not Distracted,MD,Single-Unit Truck,Moving Constant Speed,35,No,2025,FREIGHTLINER,M2,38.99884883,-77.07687033,2026,4,15
260017087,Property Damage Crash,04/21/2026 03:46:00 PM,CONNECTICUT AVE,NA,"Sideswipe, Same Direction",Clear,Dry,Daylight,No Controls,NONE DETECTED,No,No Apparent Injury,NA,Not Distracted,MD,Bus - Transit,Stopped in Traffic,35,No,2023,NEW FLYER,XCELSIOR,38.99884883,-77.07687033,2026,4,15