Local Case Number,ACRS Report Type,Crash Date/Time,Road Name,Related Non-Motorist,Collision Type,Weather,Surface Condition,Light,Traffic Control,Driver Substance Abuse,Driver At Fault,Injury Severity,Circumstance,Driver Distracted By,Drivers License State,Vehicle Body Type,Vehicle Movement,Speed Limit,Driverless Vehicle,Vehicle Year,Vehicle Make,Vehicle Model,Latitude,Longitude,Year,Month,Hour
260016841,Injury Crash,04/20/2026 09:32:00 AM,FREDERICK RD,NA,Front to Rear,Clear,Dry,Daylight,Yield Sign,NONE DETECTED,No,No Apparent Injury,NA,"Other Action (looking away from task, etc.)",MD,Passenger Car,Stopped in Traffic,40,No,2023,HONDA,ACCORD,39.21565291,-77.25263336,2026,4,9
260016841,Injury Crash,04/20/2026 09:32:00 AM,FREDERICK RD,NA,Front to Rear,Clear,Dry,Daylight,Yield Sign,NONE DETECTED,Yes,No Apparent Injury,"Followed Too Closely, Other Improper Action","Other Action (looking away from task, etc.)",MD,Passenger Car,Slowing or Stopping,40,No,2013,HONDA,ACCORD,39.21565291,-77.25263336,2026,4,9
260016825,Injury Crash,04/20/2026 08:30:00 AM,RIVER RD,NA,Front to Rear,Clear,Wet,Daylight,Traffic Control Signal,NONE DETECTED,No,Possible Minor Injury,NA,Not Distracted,MD,Passenger Car,Stopped in Traffic,35,No,2022,TESLA,MODEL 3,38.96568155,-77.104939,2026,4,8
260016825,Injury Crash,04/20/2026 08:30:00 AM,RIVER RD,NA,Front to Rear,Clear,Wet,Daylight,Traffic Control Signal,NONE DETECTED,Yes,No Apparent Injury,Too Fast For Conditions,Not Distracted,DC,Passenger Car,Slowing or Stopping,35,No,2012,TOYOTA,CAMRY,38.96568155,-77.104939,2026,4,8
260016820,Property Damage Crash,04/20/2026 08:10:00 AM,WELBECK WAY,NA,"Sideswipe, Same Direction",Clear,Dry,Daylight,Stop Sign,NONE DETECTED,No,NA,NA,NA,NA,NA,Overtaking/Passing,10,No,0,NA,NA,39.18561636,-77.18379444,2026,4,8
260016820,Property Damage Crash,04/20/2026 08:10:00 AM,WELBECK WAY,NA,"Sideswipe, Same Direction",Clear,Dry,Daylight,Stop Sign,NONE DETECTED,No,No Apparent Injury,NA,Not Distracted,MD,Bus - School,Stopped in Traffic,10,No,2026,FREIGHTLINER,B2 BUS CHASSIS,39.18561636,-77.18379444,2026,4,8
260016818,Property Damage Crash,04/20/2026 07:32:00 AM,PINEY BRANCH RD (SB/L),NA,"Sideswipe, Same Direction",Cloudy,Dry,Daylight,Traffic Control Signal,NONE DETECTED,No,No Apparent Injury,NA,Not Distracted,MD,Passenger Car,Changing Lanes,30,No,2005,TOYOTA,COROLLA,38.99963117,-76.99467283,2026,4,7
260016818,Property Damage Crash,04/20/2026 07:32:00 AM,PINEY BRANCH RD (SB/L),NA,"Sideswipe, Same Direction",Cloudy,Dry,Daylight,No Controls,NONE DETECTED,Yes,No Apparent Injury,NA,Not Distracted,WV,Pickup,Turning Left,30,No,2021,FORD,F-550,38.99963117,-76.99467283,2026,4,7
260016809,Property Damage Crash,04/20/2026 04:42:00 AM,DAHILL RD,NA,Front to Front,Clear,Dry,Dark,No Controls,NONE DETECTED,Yes,No Apparent Injury,NA,Unknown,MD,Sport Utility Vehicle,Moving Constant Speed,25,No,2010,HONDA,CR-V,39.04798947,-77.08201115,2026,4,4
260016808,Injury Crash,04/20/2026 03:28:00 AM,NA,NA,Rear To Side,Clear,Dry,Medium,Traffic Control Signal,NONE DETECTED,Yes,No Apparent Injury,NA,Not Distracted,MD,Pickup,Entering Traffic Lane,30,No,2024,CHEVROLET,SILVERADO HD,39.14561707,-77.14397903,2026,4,3
260016808,Injury Crash,04/20/2026 03:28:00 AM,NA,NA,Rear To Side,Clear,Dry,Medium,Traffic Control Signal,NONE DETECTED,No,Possible Minor Injury,NA,Not Distracted,MD,Passenger Car,Moving Constant Speed,30,No,2008,HONDA,CIVIC,39.14561707,-77.14397903,2026,4,3
260016791,Property Damage Crash,04/19/2026 10:01:00 PM,VEIRS MILL RD,NA,Front to Rear,Clear,Dry,Medium,Traffic Control Signal,NONE DETECTED,No,No Apparent Injury,"Failed to Keep in Proper Lane, Failed to Yield Right-of-Way",Unknown,MD,Passenger Car,Stopped in Traffic,35,No,2015,DODGE,CHARGER,39.03829162,-77.05290311,2026,4,22
260016791,Property Damage Crash,04/19/2026 10:01:00 PM,VEIRS MILL RD,NA,Front to Rear,Clear,Dry,Medium,Traffic Control Signal,NONE DETECTED,No,No Apparent Injury,Failed to Keep in Proper Lane,Unknown,MD,Passenger Car,Stopped in Traffic,35,No,2018,TOYOTA,CAMRY,39.03829162,-77.05290311,2026,4,22
260016791,Property Damage Crash,04/19/2026 10:01:00 PM,VEIRS MILL RD,NA,Front to Rear,Clear,Dry,Medium,Traffic Control Signal,ALCOHOL PRESENT,Yes,No Apparent Injury,Failed to Keep in Proper Lane,Unknown,MD,Pickup,Moving Constant Speed,35,No,1987,TOYOTA,PICK-UP,39.03829162,-77.05290311,2026,4,22
260016780,Property Damage Crash,04/19/2026 08:50:00 PM,CENTERHILL ST,NA,Front to Rear,Clear,Dry,Medium,No Controls,NONE DETECTED,No,No Apparent Injury,NA,Not Distracted,MD,Passenger Car,Turning Left,35,No,2017,CHEVROLET,TAHOE,39.0503145,-77.07260783,2026,4,20
260016780,Property Damage Crash,04/19/2026 08:50:00 PM,CENTERHILL ST,NA,Front to Rear,Clear,Dry,Medium,No Controls,NONE DETECTED,Yes,No Apparent Injury,Followed Too Closely,Not Distracted,MD,Passenger Car,Moving Constant Speed,35,No,2013,SUBARU,IMPREZA,39.0503145,-77.07260783,2026,4,20
260016780,Property Damage Crash,04/19/2026 08:50:00 PM,CENTERHILL ST,NA,Front to Rear,Clear,Dry,Medium,No Controls,NONE DETECTED,No,No Apparent Injury,NA,Not Distracted,MD,Passenger Car,Slowing or Stopping,35,No,2017,ACURA,TLX,39.0503145,-77.07260783,2026,4,20
260016780,Property Damage Crash,04/19/2026 08:50:00 PM,CENTERHILL ST,NA,Front to Rear,Clear,Dry,Medium,No Controls,NONE DETECTED,No,No Apparent Injury,NA,Not Distracted,MD,Passenger Car,Slowing or Stopping,35,No,2007,TOYOTA,COROLLA MATRIX,39.0503145,-77.07260783,2026,4,20
260016776,Property Damage Crash,04/19/2026 08:18:00 PM,AIRCRAFT DR,NA,Angle,Clear,Dry,Medium,Other Warning Sign,NONE DETECTED,No,NA,NA,NA,NA,Passenger Car,Accelerating,40,No,0,NA,NA,39.18213163,-77.26026251,2026,4,20
260016776,Property Damage Crash,04/19/2026 08:18:00 PM,AIRCRAFT DR,NA,Angle,Clear,Dry,Medium,Traffic Control Signal,NONE DETECTED,No,No Apparent Injury,NA,Not Distracted,MD,Other,Turning Left,25,No,2016,FREIGHTLINER,M2,39.18213163,-77.26026251,2026,4,20
260016772,Property Damage Crash,04/19/2026 06:26:00 PM,EAST WEST HWY,NA,Angle,Clear,Dry,Daylight,No Controls,NONE DETECTED,No,No Apparent Injury,NA,Unknown,MD,Passenger Car,Moving Constant Speed,35,No,2019,HONDA,ACCORD,38.987884,-77.07790417,2026,4,18
260016772,Property Damage Crash,04/19/2026 06:26:00 PM,EAST WEST HWY,NA,Angle,Clear,Dry,Daylight,No Controls,NONE DETECTED,Yes,No Apparent Injury,"Failed to Yield Right-of-Way, Operated Motor Vehicle in Inattentive, Careless, Negligent, or Erratic Manner, Other Improper Action",Unknown,MD,Passenger Car,Entering Traffic Lane,35,No,2017,TOYOTA,PRIUS,38.987884,-77.07790417,2026,4,18
260016770,Injury Crash,04/19/2026 06:25:00 PM,NEEDWOOD RD,NA,"Sideswipe, Opposite Direction",Clear,Dry,Daylight,No Controls,NONE DETECTED,Yes,No Apparent Injury,"Failed to Keep in Proper Lane, Improper Passing, Operated Motor Vehicle in Inattentive, Careless, Negligent, or Erratic Manner, Operated Motor Vehicle in Reckless or Aggressive Manner, Over-Correcting/Over-Steering, Ran Off Roadway, Too Fast For Conditions, Wrong Side",Not Distracted,MD,Passenger Car,Overtaking/Passing,35,No,2019,AUDI,S5,39.12305886,-77.15659413,2026,4,18
260016770,Injury Crash,04/19/2026 06:25:00 PM,NEEDWOOD RD,NA,"Sideswipe, Opposite Direction",Clear,Dry,Daylight,No Controls,NONE DETECTED,No,Possible Minor Injury,NA,Not Distracted,NA,Passenger Car,Turning Left,35,No,2018,HONDA,CIVIC,39.12305886,-77.15659413,2026,4,18
260016757,Property Damage Crash,04/19/2026 04:00:00 PM,COLLEGE PKWY (SB/L),NA,Angle,Clear,Dry,Daylight,Traffic Control Signal,NONE DETECTED,Yes,No Apparent Injury,NA,Unknown,MD,Passenger Car,Moving Constant Speed,35,No,2020,NISSAN,ROGUE,39.10338614,-77.1560226,2026,4,16
260016757,Property Damage Crash,04/19/2026 04:00:00 PM,COLLEGE PKWY (SB/L),NA,Angle,Clear,Dry,Daylight,Traffic Control Signal,NONE DETECTED,No,No Apparent Injury,NA,Not Distracted,MD,Passenger Car,Turning Left,35,No,2012,HONDA,CIVIC,39.10338614,-77.1560226,2026,4,16
260016755,Property Damage Crash,04/19/2026 03:09:00 PM,NA,NA,Angle,Clear,NA,Daylight,NA,NONE DETECTED,Yes,No Apparent Injury,NA,Not Distracted,NA,Passenger Car,Moving Constant Speed,0,No,2012,FORD,FOCUS,39.07193617,-76.94588467,2026,4,15
260016748,Property Damage Crash,04/19/2026 02:46:00 PM,UNIVERSITY BLVD W (WB/L),NA,"Sideswipe, Same Direction",Clear,Dry,Daylight,No Controls,NONE DETECTED,No,No Apparent Injury,NA,Not Distracted,MD,Passenger Car,Moving Constant Speed,35,No,2016,TOYOTA,CAMRY,39.02107137,-77.01397519,2026,4,14
260016748,Property Damage Crash,04/19/2026 02:46:00 PM,UNIVERSITY BLVD W (WB/L),NA,"Sideswipe, Same Direction",Clear,Dry,Daylight,No Controls,NONE DETECTED,No,No Apparent Injury,NA,NA,NA,Passenger Car,Turning Left,35,No,2015,LEXUS,RC,39.02107137,-77.01397519,2026,4,14
260016731,Property Damage Crash,04/19/2026 12:10:00 PM,CENTURY BLVD (SB/L),NA,Single Vehicle,Cloudy,Wet,Daylight,No Controls,NONE DETECTED,Yes,No Apparent Injury,"Operated Motor Vehicle in Inattentive, Careless, Negligent, or Erratic Manner",Not Distracted,MD,Passenger Car,Moving Constant Speed,30,No,2019,MERCEDES-BENZ,GLS-CLASS,39.18913333,-77.26242333,2026,4,12
260016732,Property Damage Crash,04/19/2026 12:07:00 PM,LAYTONSVILLE RD,NA,Single Vehicle,Clear,Wet,Daylight,No Controls,NONE DETECTED,Yes,No Apparent Injury,"Other Improper Action, Ran Off Roadway, Too Fast For Conditions",Unknown,MD,Passenger Car,Moving Constant Speed,35,No,2004,FORD,MUSTANG,39.21139467,-77.14247417,2026,4,12
260016728,Property Damage Crash,04/19/2026 11:38:00 AM,W CEDAR LA,NA,Angle,Rain,Wet,Daylight,Traffic Control Signal,NONE DETECTED,No,NA,NA,NA,NA,Passenger Car,Changing Lanes,35,No,2020,TOYOTA,CAMRY,39.0065093,-77.09763749,2026,4,11
260016728,Property Damage Crash,04/19/2026 11:38:00 AM,W CEDAR LA,NA,Angle,Rain,Wet,Daylight,Traffic Control Signal,NONE DETECTED,No,No Apparent Injury,NA,Not Distracted,MD,Sport Utility Vehicle,Turning Left,35,No,2016,HONDA,CR-V,39.0065093,-77.09763749,2026,4,11
260016728,Property Damage Crash,04/19/2026 11:38:00 AM,W CEDAR LA,NA,Angle,Rain,Wet,Daylight,Traffic Control Signal,NONE DETECTED,No,No Apparent Injury,NA,Not Distracted,WV,Sport Utility Vehicle,Moving Constant Speed,35,No,2021,TOYOTA,RAV4,39.0065093,-77.09763749,2026,4,11
260016726,Property Damage Crash,04/19/2026 11:15:00 AM,NEW HAMPSHIRE AVE,NA,Other,Rain,Wet,Daylight,Traffic Control Signal,NONE DETECTED,No,No Apparent Injury,NA,Not Distracted,MD,Passenger Car,Turning Right,30,No,2020,CHRYSLER,PACIFICA,39.01141578,-76.97889376,2026,4,11
260016726,Property Damage Crash,04/19/2026 11:15:00 AM,NEW HAMPSHIRE AVE,NA,Other,Rain,Wet,Daylight,Traffic Control Signal,ALCOHOL PRESENT,No,No Apparent Injury,"Failed to Yield Right-of-Way, Operated Motor Vehicle in Inattentive, Careless, Negligent, or Erratic Manner, Ran Red Light, Too Fast For Conditions",NA,NA,Passenger Car,Moving Constant Speed,35,No,2006,HONDA,CIVIC,39.01141578,-76.97889376,2026,4,11
260016726,Property Damage Crash,04/19/2026 11:15:00 AM,NEW HAMPSHIRE AVE,NA,Other,Rain,Wet,Daylight,Traffic Control Signal,NONE DETECTED,No,No Apparent Injury,NA,Not Distracted,MD,Passenger Car,Turning Right,30,No,2021,HONDA,CR-V,39.01141578,-76.97889376,2026,4,11
260010719,Injury Crash,04/19/2026 10:50:00 AM,GEORGIA AVE,NA,Front to Rear,Rain,Wet,Daylight,No Controls,NONE DETECTED,Yes,No Apparent Injury,NA,Not Distracted,DC,Passenger Car,Moving Constant Speed,35,No,1998,LEXUS,GS,39.03187849,-77.0482302,2026,4,10
260010719,Injury Crash,04/19/2026 10:50:00 AM,GEORGIA AVE,NA,Front to Rear,Rain,Wet,Daylight,No Controls,NONE DETECTED,No,Possible Minor Injury,NA,Not Distracted,MD,Passenger Car,Slowing or Stopping,35,No,2018,HONDA,CIVIC,39.03187849,-77.0482302,2026,4,10
260016697,Property Damage Crash,04/19/2026 03:51:00 AM,BROADBIRCH DR,NA,Front to Front,Clear,Dry,Medium,Stop Sign,NONE DETECTED,No,NA,NA,NA,NA,Passenger Car,Turning Right,15,No,2014,LEXUS,ES,39.05588412,-76.96649401,2026,4,3
260016697,Property Damage Crash,04/19/2026 03:51:00 AM,BROADBIRCH DR,NA,Front to Front,Clear,Dry,Medium,Stop Sign,NONE DETECTED,No,No Apparent Injury,NA,Not Distracted,MD,Passenger Car,Turning Left,15,No,2020,LINCOLN,MKZ,39.05588412,-76.96649401,2026,4,3
260016690,Injury Crash,04/19/2026 02:15:00 AM,KINGS VALLEY RD,NA,Single Vehicle,Rain,Wet,Dark,No Controls,NONE DETECTED,Yes,Possible Minor Injury,NA,Not Distracted,MD,Passenger Car,Negotiating a Curve,35,No,2014,KIA,SORENTO,39.24412782,-77.22357394,2026,4,2
260016688,Property Damage Crash,04/19/2026 12:48:00 AM,NA,NA,"Sideswipe, Opposite Direction",Clear,Dry,Dark,No Controls,ALCOHOL PRESENT,Yes,No Apparent Injury,Failed to Keep in Proper Lane,Unknown,MD,Passenger Car,Leaving Traffic Lane,30,No,2010,TOYOTA,COROLLA,39.28336459,-77.18678825,2026,4,0
260016688,Property Damage Crash,04/19/2026 12:48:00 AM,NA,NA,"Sideswipe, Opposite Direction",Clear,Dry,Dark,No Controls,NONE DETECTED,No,No Apparent Injury,NA,Not Distracted,MD,Van - Passenger (&lt;9 Seats),Slowing or Stopping,30,No,2013,TOYOTA,SIENNA,39.28336459,-77.18678825,2026,4,0
260016681,Property Damage Crash,04/18/2026 10:29:00 PM,NA,NA,"Sideswipe, Opposite Direction",Clear,NA,Medium,NA,NONE DETECTED,No,NA,NA,NA,NA,Passenger Car,Turning Left,0,No,2013,CHEVROLET,CORVETTE,39.09357087,-77.07774272,2026,4,22
260016681,Property Damage Crash,04/18/2026 10:29:00 PM,NA,NA,"Sideswipe, Opposite Direction",Clear,NA,Medium,NA,NONE DETECTED,No,No Apparent Injury,NA,Not Distracted,MD,Passenger Car,Turning Right,0,No,2006,KIA,SPORTAGE,39.09357087,-77.07774272,2026,4,22
260016672,Property Damage Crash,04/18/2026 09:09:00 PM,BRIGGS RD,NA,Front to Rear,Clear,Dry,Medium,No Controls,NONE DETECTED,Yes,No Apparent Injury,"Disregarded Other Road Markings, Failed to Keep in Proper Lane, Operated Motor Vehicle in Inattentive, Careless, Negligent, or Erratic Manner, Other Improper Action",NA,MD,Passenger Car,Moving Constant Speed,25,No,2025,CHEVROLET,TRAX,39.06922094,-77.04207721,2026,4,21
260016671,Injury Crash,04/18/2026 08:28:00 PM,ODENDHAL AVE (EB/L),Pedestrian,Single Vehicle,Clear,Dry,Medium,Other,NONE DETECTED,No,No Apparent Injury,NA,Not Distracted,TX,Sport Utility Vehicle,Slowing or Stopping,35,No,2016,MERCEDES-BENZ,GLC-CLASS,39.15180334,-77.19992973,2026,4,20
260016669,Property Damage Crash,04/18/2026 08:24:00 PM,FREDERICK RD,NA,Angle,Clear,Dry,Medium,Traffic Control Signal,NONE DETECTED,No,No Apparent Injury,NA,Not Distracted,MD,Passenger Car,Moving Constant Speed,30,No,2024,TOYOTA,CAMRY,39.15025351,-77.20900896,2026,4,20
260016669,Property Damage Crash,04/18/2026 08:24:00 PM,FREDERICK RD,NA,Angle,Clear,Dry,Medium,Traffic Control Signal,NONE DETECTED,No,No Apparent Injury,NA,Not Distracted,MD,Passenger Car,Turning Left,30,No,2017,FORD,FUSION,39.15025351,-77.20900896,2026,4,20
260016655,Property Damage Crash,04/18/2026 05:21:00 PM,WAVERLY ST,NA,Front to Rear,Clear,Dry,Daylight,No Controls,NONE DETECTED,No,No Apparent Injury,NA,Not Distracted,MD,Passenger Car,Backing,25,No,1966,FORD,MUSTANG,38.98308567,-77.09229017,2026,4,17
260016655,Property Damage Crash,04/18/2026 05:21:00 PM,WAVERLY ST,NA,Front to Rear,Clear,Dry,Daylight,No Controls,NONE DETECTED,No,No Apparent Injury,NA,Not Distracted,NJ,Passenger Car,Parked,25,No,2013,KIA,RIO,38.98308567,-77.09229017,2026,4,17
260016656,Property Damage Crash,04/18/2026 05:03:00 PM,MAPLE AVE,NA,"Sideswipe, Opposite Direction",Clear,Dry,Daylight,No Controls,NONE DETECTED,No,NA,NA,NA,NA,Single-Unit Truck,Accelerating,25,No,0,NA,NA,38.98061801,-77.08432219,2026,4,17
260016645,Property Damage Crash,04/18/2026 03:30:00 PM,GRIDLEY RD,NA,"Sideswipe, Same Direction",Clear,Dry,Daylight,Flashing Traffic Control Signal,NONE DETECTED,No,No Apparent Injury,NA,Not Distracted,DC,Passenger Car,Turning Left,30,No,2021,TOYOTA,RAV4,39.05725979,-77.08435181,2026,4,15
260016644,Injury Crash,04/18/2026 03:30:00 PM,GEORGIA AVE (SB/L),NA,Front to Front,Clear,Dry,Daylight,Traffic Control Signal,NONE DETECTED,Yes,Possible Minor Injury,"Ran Red Light, Too Fast For Conditions",Unknown,MD,Passenger Car,Accelerating,35,No,2008,LEXUS,ES,39.01559263,-77.04273242,2026,4,15
260016648,Injury Crash,04/18/2026 03:30:00 PM,BRINK RD,NA,Angle,Clear,Dry,Daylight,Traffic Control Signal,NONE DETECTED,No,Suspected Serious Injury,NA,Not Distracted,MD,Passenger Car,Moving Constant Speed,35,No,2004,TOYOTA,CAMRY,39.20400181,-77.20712508,2026,4,15
260016645,Property Damage Crash,04/18/2026 03:30:00 PM,GRIDLEY RD,NA,"Sideswipe, Same Direction",Clear,Dry,Daylight,Flashing Traffic Control Signal,NONE DETECTED,No,No Apparent Injury,NA,Not Distracted,MD,Passenger Car,Moving Constant Speed,30,No,2019,JEEP,CHEROKEE,39.05725979,-77.08435181,2026,4,15
260016644,Injury Crash,04/18/2026 03:30:00 PM,GEORGIA AVE (SB/L),NA,Front to Front,Clear,Dry,Daylight,Traffic Control Signal,NONE DETECTED,No,No Apparent Injury,NA,Not Distracted,MD,Passenger Car,Turning Left,35,No,2024,TOYOTA,COROLLA,39.01559263,-77.04273242,2026,4,15
260016644,Injury Crash,04/18/2026 03:30:00 PM,GEORGIA AVE (SB/L),NA,Front to Front,Clear,Dry,Daylight,Traffic Control Signal,NONE DETECTED,No,Possible Minor Injury,NA,Not Distracted,DC,Passenger Car,Moving Constant Speed,35,No,2022,TOYOTA,TACOMA,39.01559263,-77.04273242,2026,4,15
260016648,Injury Crash,04/18/2026 03:30:00 PM,BRINK RD,NA,Angle,Clear,Dry,Daylight,Traffic Control Signal,NONE DETECTED,Yes,Possible Minor Injury,Failed to Yield Right-of-Way,Not Distracted,MD,Sport Utility Vehicle,Turning Left,35,No,2023,TESLA,MODEL 3,39.20400181,-77.20712508,2026,4,15
260016644,Injury Crash,04/18/2026 03:30:00 PM,GEORGIA AVE (SB/L),NA,Front to Front,Clear,Dry,Daylight,Traffic Control Signal,NONE DETECTED,No,NA,NA,NA,NA,Passenger Car,Stopped in Traffic,35,No,2017,LEXUS,RX,39.01559263,-77.04273242,2026,4,15
260016639,Injury Crash,04/18/2026 02:20:00 PM,WINDHAM LA,NA,Angle,Clear,Dry,Daylight,Traffic Control Signal,NONE DETECTED,No,No Apparent Injury,NA,Unknown,MD,Other Trucks,Turning Left,35,No,2024,FREIGHTLINER,M2,39.03194044,-77.04824918,2026,4,14
260016639,Injury Crash,04/18/2026 02:20:00 PM,WINDHAM LA,NA,Angle,Clear,Dry,Daylight,Traffic Control Signal,NONE DETECTED,Yes,Possible Minor Injury,NA,Unknown,MD,Passenger Car,Moving Constant Speed,35,No,2017,HONDA,CR-V,39.03194044,-77.04824918,2026,4,14
260016635,Injury Crash,04/18/2026 02:05:00 PM,MIDDLEBROOK RD (WB/L),NA,Rear To Side,Clear,Dry,Daylight,Stop Sign,NONE DETECTED,Yes,No Apparent Injury,Improper Turn,Unknown,MD,Pickup,Turning Left,40,No,2025,FORD,F-550,39.18159321,-77.23171511,2026,4,14
260016635,Injury Crash,04/18/2026 02:05:00 PM,MIDDLEBROOK RD (WB/L),NA,Rear To Side,Clear,Dry,Daylight,Stop Sign,NONE DETECTED,No,Possible Minor Injury,NA,Not Distracted,MD,Passenger Car,Moving Constant Speed,40,No,2018,TOYOTA,RAV4,39.18159321,-77.23171511,2026,4,14
260016633,Injury Crash,04/18/2026 01:58:00 PM,NA,Pedestrian,Single Vehicle,Clear,Dry,Daylight,Pedestrian Crossing,NONE DETECTED,Yes,No Apparent Injury,Failed to Yield Right-of-Way,Talking/listening,MD,Passenger Car,Accelerating,15,No,2013,HONDA,ACCORD,39.11876833,-77.1674775,2026,4,13
260016630,Property Damage Crash,04/18/2026 01:45:00 PM,NA,NA,Front to Rear,Clear,Dry,Daylight,Traffic Control Signal,NONE DETECTED,No,NA,NA,NA,NA,Motorcycle - 2 Wheeled,Moving Constant Speed,40,No,2021,ZZKNOWN,UNKNOWN,39.05502645,-77.11809522,2026,4,13
260016630,Property Damage Crash,04/18/2026 01:45:00 PM,NA,NA,Front to Rear,Clear,Dry,Daylight,Traffic Control Signal,NONE DETECTED,No,No Apparent Injury,NA,Not Distracted,MD,Passenger Car,Stopped in Traffic,40,No,2024,HYUNDAI,PALISADE,39.05502645,-77.11809522,2026,4,13
260016625,Injury Crash,04/18/2026 01:18:00 PM,WINDHAM LA,NA,Angle,Clear,Dry,Daylight,Traffic Control Signal,NONE DETECTED,No,Possible Minor Injury,NA,Not Distracted,MD,Sport Utility Vehicle,Moving Constant Speed,35,No,2019,JEEP,GRAND CHEROKEE,39.03205371,-77.04842437,2026,4,13
260016625,Injury Crash,04/18/2026 01:18:00 PM,WINDHAM LA,NA,Angle,Clear,Dry,Daylight,Traffic Control Signal,NONE DETECTED,No,Possible Minor Injury,NA,Not Distracted,VA,Passenger Car,Turning Left,35,No,2026,HONDA,CIVIC,39.03205371,-77.04842437,2026,4,13
260016626,Property Damage Crash,04/18/2026 12:47:00 PM,ALDERSHOT DR,NA,Other,Clear,Dry,Daylight,No Controls,NONE DETECTED,No,No Apparent Injury,Other Improper Action,Unknown,NA,Sport Utility Vehicle,Overtaking/Passing,20,No,2015,FORD,EXPLORER,39.00478738,-77.17014429,2026,4,12
260016616,Injury Crash,04/18/2026 12:07:00 PM,MORNING STAR DR,Pedestrian,Single Vehicle,Clear,Dry,Daylight,No Controls,NONE DETECTED,No,No Apparent Injury,"Operated Motor Vehicle in Inattentive, Careless, Negligent, or Erratic Manner",Unknown,MD,Passenger Car,Accelerating,25,No,2009,MERCEDES-BENZ,S-CLASS,39.2180697,-77.24772759,2026,4,12
260016605,Property Damage Crash,04/18/2026 11:13:00 AM,NA,NA,"Sideswipe, Same Direction",Clear,Dry,Daylight,No Controls,NONE DETECTED,No,NA,NA,NA,NA,Passenger Car,Parked,30,No,2020,SUBARU,OUTBACK,39.03246038,-77.17346377,2026,4,11
260016605,Property Damage Crash,04/18/2026 11:13:00 AM,NA,NA,"Sideswipe, Same Direction",Clear,Dry,Daylight,No Controls,NONE DETECTED,No,No Apparent Injury,NA,Not Distracted,MD,Bus - Transit,Moving Constant Speed,30,No,2014,GILLIG,CITY TRANSIT BUS,39.03246038,-77.17346377,2026,4,11
260016602,Property Damage Crash,04/18/2026 11:05:00 AM,COLUMBIA PIKE (SB/L),NA,Front to Rear,Clear,Dry,Daylight,Traffic Control Signal,NONE DETECTED,Yes,No Apparent Injury,NA,Unknown,MD,Passenger Car,Moving Constant Speed,50,No,2015,HONDA,CIVIC,39.09708,-76.937186,2026,4,11
260016602,Property Damage Crash,04/18/2026 11:05:00 AM,COLUMBIA PIKE (SB/L),NA,Front to Rear,Clear,Dry,Daylight,Traffic Control Signal,NONE DETECTED,No,No Apparent Injury,NA,Not Distracted,MD,Passenger Car,Slowing or Stopping,50,No,2018,LEXUS,RX,39.09708,-76.937186,2026,4,11
260016595,Injury Crash,04/18/2026 09:40:00 AM,KENT ST,Pedestrian,Single Vehicle,Clear,Dry,Daylight,Pedestrian Crossing Sign,NONE DETECTED,Yes,No Apparent Injury,NA,Not Distracted,MD,Passenger Car,Turning Left,35,No,2008,BUICK,LACROSSE,39.01967305,-77.06428297,2026,4,9
260016590,Property Damage Crash,04/18/2026 09:06:00 AM,NA,NA,"Sideswipe, Same Direction",Clear,NA,Daylight,NA,NONE DETECTED,Yes,No Apparent Injury,NA,Not Distracted,MD,Passenger Car,Parked,0,No,2020,MAZDA,CX-9,39.04211833,-77.15879167,2026,4,9
260016590,Property Damage Crash,04/18/2026 09:06:00 AM,NA,NA,"Sideswipe, Same Direction",Clear,NA,Daylight,NA,NONE DETECTED,Yes,No Apparent Injury,NA,Not Distracted,MO,Passenger Car,Slowing or Stopping,0,No,2026,KIA,CARNIVAL,39.04211833,-77.15879167,2026,4,9