Local Case Number,ACRS Report Type,Crash Date/Time,Road Name,Related Non-Motorist,Collision Type,Weather,Surface Condition,Light,Traffic Control,Driver Substance Abuse,Driver At Fault,Injury Severity,Circumstance,Driver Distracted By,Drivers License State,Vehicle Body Type,Vehicle Movement,Speed Limit,Driverless Vehicle,Vehicle Year,Vehicle Make,Vehicle Model,Latitude,Longitude,Year,Month,Hour
260016335,Property Damage Crash,04/16/2026 07:40:00 PM,MUDDY BRANCH RD,NA,Front to Rear,Clear,Dry,Daylight,Traffic Control Signal,NONE DETECTED,No,No Apparent Injury,NA,Unknown,MD,Passenger Car,Slowing or Stopping,35,No,2008,HONDA,ACCORD,39.13999157,-77.20494739,2026,4,19
260016338,Property Damage Crash,04/16/2026 07:35:00 PM,DEMOCRACY BLVD,NA,"Sideswipe, Same Direction",Clear,Dry,Medium,Traffic Control Signal,NONE DETECTED,No,No Apparent Injury,NA,Not Distracted,MD,Passenger Car,Turning Left,25,No,2023,NISSAN,KICKS,39.02162514,-77.14134066,2026,4,19
260016338,Property Damage Crash,04/16/2026 07:35:00 PM,DEMOCRACY BLVD,NA,"Sideswipe, Same Direction",Clear,Dry,Medium,Traffic Control Signal,NONE DETECTED,Yes,No Apparent Injury,NA,Not Distracted,NC,Truck Tractor,Moving Constant Speed,35,No,2021,FREIGHTLINER,CASCADIA,39.02162514,-77.14134066,2026,4,19
260010891,Property Damage Crash,04/16/2026 06:33:00 PM,NA,NA,Front to Rear,Clear,Dry,Daylight,No Controls,NONE DETECTED,No,No Apparent Injury,Other Improper Action,Not Distracted,NA,Passenger Car,Moving Constant Speed,30,No,2017,CHEVROLET,CRUZE,39.05335226,-77.0894555,2026,4,18
260010891,Property Damage Crash,04/16/2026 06:33:00 PM,NA,NA,Front to Rear,Clear,Dry,Daylight,Traffic Control Signal,NONE DETECTED,No,No Apparent Injury,Other Improper Action,Unknown,NA,Passenger Car,Moving Constant Speed,30,No,2017,CHEVROLET,CRUZE,39.05335226,-77.0894555,2026,4,18
260016326,Injury Crash,04/16/2026 06:25:00 PM,EDUCATION BLVD,NA,Rear To Side,Clear,Dry,Daylight,Traffic Control Signal,NONE DETECTED,No,Possible Minor Injury,NA,Not Distracted,MD,Passenger Car,Moving Constant Speed,35,No,2016,HONDA,CR-V,39.13590413,-77.19218524,2026,4,18
260016326,Injury Crash,04/16/2026 06:25:00 PM,EDUCATION BLVD,NA,Rear To Side,Clear,Dry,Daylight,Traffic Control Signal,NONE DETECTED,No,No Apparent Injury,NA,Not Distracted,MD,Passenger Car,Turning Left,35,No,2016,HYUNDAI,ELANTRA,39.13590413,-77.19218524,2026,4,18
260016327,Property Damage Crash,04/16/2026 06:18:00 PM,SHOP CTR CUT THRU CUT,NA,Angle,Clear,Dry,Daylight,No Controls,NONE DETECTED,No,No Apparent Injury,NA,Not Distracted,MD,Sport Utility Vehicle,Moving Constant Speed,15,No,2022,HONDA,PILOT,39.12239967,-77.23651783,2026,4,18
260016327,Property Damage Crash,04/16/2026 06:18:00 PM,SHOP CTR CUT THRU CUT,NA,Angle,Clear,Dry,Daylight,No Controls,NONE DETECTED,No,No Apparent Injury,Failed to Yield Right-of-Way,Unknown,MD,Passenger Car,Turning Right,10,No,2016,TOYOTA,COROLLA,39.12239967,-77.23651783,2026,4,18
260016311,Property Damage Crash,04/16/2026 04:39:00 PM,NA,NA,"Sideswipe, Same Direction",Clear,NA,Daylight,NA,NONE DETECTED,Yes,No Apparent Injury,Improper Passing,Unknown,MD,Passenger Car,Overtaking/Passing,0,No,2020,HONDA,CIVIC,39.17980127,-77.26612831,2026,4,16
260016311,Property Damage Crash,04/16/2026 04:39:00 PM,NA,NA,"Sideswipe, Same Direction",Clear,NA,Daylight,NA,NONE DETECTED,No,NA,NA,NA,NA,Passenger Car,Stopped in Traffic,0,No,2020,CHEVROLET,SILVERADO,39.17980127,-77.26612831,2026,4,16
260016314,Property Damage Crash,04/16/2026 04:38:00 PM,WILSON LA,NA,Front to Rear,Clear,Dry,Daylight,Traffic Control Signal,NONE DETECTED,No,NA,NA,NA,NA,Van - Passenger (&lt;9 Seats),NA,30,No,2015,MERCEDES-BENZ,SPRINTER,38.98619065,-77.11539132,2026,4,16
260016314,Property Damage Crash,04/16/2026 04:38:00 PM,WILSON LA,NA,Front to Rear,Clear,Dry,Daylight,Traffic Control Signal,NONE DETECTED,No,No Apparent Injury,NA,Not Distracted,MD,Passenger Car,Stopped in Traffic,30,No,2025,KIA,K4,38.98619065,-77.11539132,2026,4,16
260016309,Property Damage Crash,04/16/2026 04:25:00 PM,REDLAND BLVD,NA,Front to Rear,Clear,Dry,Daylight,Traffic Control Signal,NONE DETECTED,Yes,No Apparent Injury,NA,Unknown,MD,Passenger Car,Slowing or Stopping,35,No,2005,TOYOTA,CAMRY,39.11565915,-77.16613937,2026,4,16
260016309,Property Damage Crash,04/16/2026 04:25:00 PM,REDLAND BLVD,NA,Front to Rear,Clear,Dry,Daylight,Traffic Control Signal,NONE DETECTED,No,No Apparent Injury,NA,Not Distracted,MD,Sport Utility Vehicle,Stopped in Traffic,35,No,2019,TOYOTA,RAV4,39.11565915,-77.16613937,2026,4,16
260016309,Property Damage Crash,04/16/2026 04:25:00 PM,REDLAND BLVD,NA,Front to Rear,Clear,Dry,Daylight,Traffic Control Signal,NONE DETECTED,No,No Apparent Injury,NA,Not Distracted,MD,Passenger Car,Stopped in Traffic,35,No,2013,TOYOTA,COROLLA,39.11565915,-77.16613937,2026,4,16
260016306,Injury Crash,04/16/2026 04:24:00 PM,WASHINGTON GROVE LA (SB/L),NA,Angle,Clear,Dry,Daylight,Traffic Control Signal,NONE DETECTED,No,Possible Minor Injury,NA,Not Distracted,MD,Sport Utility Vehicle,Moving Constant Speed,45,No,2015,FORD,ESCAPE,39.14761067,-77.16920683,2026,4,16
260016306,Injury Crash,04/16/2026 04:24:00 PM,WASHINGTON GROVE LA (SB/L),NA,Angle,Clear,Dry,Daylight,Traffic Control Signal,NONE DETECTED,Yes,Possible Minor Injury,Failed to Yield Right-of-Way,Not Distracted,MD,Sport Utility Vehicle,Turning Left,45,No,2025,BMW,X1,39.14761067,-77.16920683,2026,4,16
260016307,Property Damage Crash,04/16/2026 04:19:00 PM,VEIRS MILL RD,NA,Angle,Clear,Dry,Daylight,No Controls,NONE DETECTED,Yes,No Apparent Injury,NA,Unknown,MD,Passenger Car,Turning Left,35,No,2010,MINI,COOPER,39.04930617,-77.07064617,2026,4,16
260016307,Property Damage Crash,04/16/2026 04:19:00 PM,VEIRS MILL RD,NA,Angle,Clear,Dry,Daylight,No Controls,NONE DETECTED,No,No Apparent Injury,NA,Not Distracted,MD,Passenger Car,Moving Constant Speed,35,No,2004,VOLVO,S60,39.04930617,-77.07064617,2026,4,16
260016305,Property Damage Crash,04/16/2026 04:00:00 PM,RAMP 1 FR MD 355 NB TO IS 370 WB,NA,Front to Rear,Clear,Dry,Daylight,Traffic Control Signal,NONE DETECTED,No,No Apparent Injury,NA,Not Distracted,MD,Passenger Car,Slowing or Stopping,35,No,2021,KIA,FORTE,39.12379067,-77.17918933,2026,4,16
260016305,Property Damage Crash,04/16/2026 04:00:00 PM,RAMP 1 FR MD 355 NB TO IS 370 WB,NA,Front to Rear,Clear,Dry,Daylight,Traffic Control Signal,NONE DETECTED,Yes,No Apparent Injury,NA,Unknown,MD,Passenger Car,Slowing or Stopping,35,No,2015,TOYOTA,COROLLA,39.12379067,-77.17918933,2026,4,16
260016300,Property Damage Crash,04/16/2026 03:47:00 PM,RAMSEY AVE,Pedestrian,Single Vehicle,Clear,Dry,Daylight,"Other Pavement Marking (excluding edgelines, centerlines, or lane lines)",NONE DETECTED,No,No Apparent Injury,NA,Not Distracted,MD,Bus - Transit,Moving Constant Speed,25,No,2020,NOVABUS,LFS ARTICULATED,38.99443614,-77.02915283,2026,4,15
260016302,Injury Crash,04/16/2026 03:44:00 PM,OBSERVATION DR,NA,Angle,Clear,Dry,Daylight,Traffic Control Signal,NONE DETECTED,Yes,Possible Minor Injury,Failed to Yield Right-of-Way,"Other Action (looking away from task, etc.)",MD,Passenger Car,Turning Left,40,No,2024,NISSAN,ROGUE,39.17842079,-77.24190199,2026,4,15
260016302,Injury Crash,04/16/2026 03:44:00 PM,OBSERVATION DR,NA,Angle,Clear,Dry,Daylight,Traffic Control Signal,NONE DETECTED,No,Possible Minor Injury,NA,Not Distracted,MD,Passenger Car,Moving Constant Speed,40,No,2015,BUICK,LACROSSE,39.17842079,-77.24190199,2026,4,15
260016322,Fatal Crash,04/16/2026 03:40:00 PM,N HORNERS LA,Pedestrian,Single Vehicle,Clear,Dry,Daylight,Stop Sign,NONE DETECTED,No,No Apparent Injury,NA,Unknown,MD,Sport Utility Vehicle,NA,25,No,2014,ACURA,RDX,39.09322848,-77.14361506,2026,4,15
260016299,Property Damage Crash,04/16/2026 03:36:00 PM,NA,NA,Front to Rear,Clear,Dry,Daylight,No Controls,NONE DETECTED,Yes,No Apparent Injury,Other Improper Action,Unknown,MD,Passenger Car,Moving Constant Speed,20,No,2013,HONDA,CIVIC,39.09946083,-77.048025,2026,4,15
260016299,Property Damage Crash,04/16/2026 03:36:00 PM,NA,NA,Front to Rear,Clear,Dry,Daylight,No Controls,NONE DETECTED,No,No Apparent Injury,NA,Not Distracted,MD,Bus - School,Stopped in Traffic,20,No,2024,FREIGHTLINER,B2 106 ELECTRIC CONVENTIONAL CHASSIS,39.09946083,-77.048025,2026,4,15
260016293,Property Damage Crash,04/16/2026 02:59:00 PM,DARNESTOWN RD,NA,Angle,Clear,Dry,Daylight,Traffic Control Signal,NONE DETECTED,Yes,No Apparent Injury,Failed to Yield Right-of-Way,Not Distracted,MD,Passenger Car,Turning Left,35,No,2022,VOLVO,XC40,39.10779931,-77.29918362,2026,4,14
260016293,Property Damage Crash,04/16/2026 02:59:00 PM,DARNESTOWN RD,NA,Angle,Clear,Dry,Daylight,Traffic Control Signal,NONE DETECTED,No,No Apparent Injury,NA,Not Distracted,MD,Single-Unit Truck,Moving Constant Speed,35,No,2019,KENWORTH,T3 SERIES,39.10779931,-77.29918362,2026,4,14
260016282,Property Damage Crash,04/16/2026 02:35:00 PM,KNOWLES AVE,NA,"Sideswipe, Same Direction",Clear,Dry,Daylight,No Controls,NONE DETECTED,No,No Apparent Injury,NA,Not Distracted,MD,Bus - Transit,Accelerating,30,No,2022,GILLIG,LOW FLOOR BUS,39.03043232,-77.08526206,2026,4,14
260016282,Property Damage Crash,04/16/2026 02:35:00 PM,KNOWLES AVE,NA,"Sideswipe, Same Direction",Clear,Dry,Daylight,No Controls,NONE DETECTED,No,NA,NA,NA,NA,Low Speed Vehicle,Turning Left,30,No,0,NA,NA,39.03043232,-77.08526206,2026,4,14
26000760,Property Damage Crash,04/16/2026 01:45:00 PM,GEORGIA AVE (SB/L),NA,Front to Rear,Clear,Dry,Daylight,Stop Sign,NONE DETECTED,No,No Apparent Injury,NA,Not Distracted,MD,Passenger Car,Slowing or Stopping,45,No,2017,MASERATI,GHIBLI,39.09344391,-77.07959774,2026,4,13
26000760,Property Damage Crash,04/16/2026 01:45:00 PM,GEORGIA AVE (SB/L),NA,Front to Rear,Clear,Dry,Daylight,Stop Sign,NONE DETECTED,No,No Apparent Injury,NA,Not Distracted,DC,Passenger Car,Slowing or Stopping,45,No,2023,FORD,F-250,39.09344391,-77.07959774,2026,4,13
260016268,Property Damage Crash,04/16/2026 01:43:00 PM,COLESVILLE RD,NA,"Sideswipe, Same Direction",Clear,Dry,Daylight,Yield Sign,NONE DETECTED,No,No Apparent Injury,NA,NA,NA,NA,Entering Traffic Lane,35,No,0,NA,NA,39.01560772,-77.01645854,2026,4,13
260016268,Property Damage Crash,04/16/2026 01:43:00 PM,COLESVILLE RD,NA,"Sideswipe, Same Direction",Clear,Dry,Daylight,No Controls,NONE DETECTED,No,No Apparent Injury,NA,Not Distracted,MD,Passenger Car,Moving Constant Speed,35,No,2011,HYUNDAI,ELANTRA TOURING,39.01560772,-77.01645854,2026,4,13
260016745,Property Damage Crash,04/16/2026 12:30:00 PM,YELLOWWOOD DR,NA,Single Vehicle,Clear,Dry,Daylight,Other Signal,NONE DETECTED,Yes,No Apparent Injury,Other Improper Action,Unknown,MD,Sport Utility Vehicle,Backing,25,No,2026,DODGE,DURANGO,39.23463113,-77.23951676,2026,4,12
260016251,Property Damage Crash,04/16/2026 12:20:00 PM,MIDDLEBROOK RD,NA,"Sideswipe, Same Direction",Clear,Dry,Daylight,No Controls,NONE DETECTED,No,No Apparent Injury,NA,Not Distracted,MD,Passenger Car,Moving Constant Speed,40,No,2021,HYUNDAI,SONATA,39.177621,-77.24286217,2026,4,12
260016251,Property Damage Crash,04/16/2026 12:20:00 PM,MIDDLEBROOK RD,NA,"Sideswipe, Same Direction",Clear,Dry,Daylight,No Controls,NONE DETECTED,Yes,No Apparent Injury,Failed to Yield Right-of-Way,Not Distracted,MD,Sport Utility Vehicle,Changing Lanes,40,No,2016,MAZDA,CX-5,39.177621,-77.24286217,2026,4,12
260016257,Property Damage Crash,04/16/2026 11:56:00 AM,NA,NA,Single Vehicle,Clear,NA,Daylight,NA,NONE DETECTED,Yes,No Apparent Injury,NA,Not Distracted,NA,Pickup,Moving Constant Speed,0,No,0,NA,NA,39.08366433,-77.14818699,2026,4,11
260016242,Property Damage Crash,04/16/2026 10:55:00 AM,NA,Unknown,Single Vehicle,Clear,NA,Daylight,NA,NONE DETECTED,Yes,No Apparent Injury,NA,Not Distracted,MD,Sport Utility Vehicle,Turning Right,0,No,2020,MERCEDES-BENZ,GLC-CLASS,39.06436024,-77.12693118,2026,4,10
260016408,Property Damage Crash,04/16/2026 10:45:00 AM,NA,NA,Angle,Clear,NA,Daylight,NA,NONE DETECTED,No,No Apparent Injury,NA,Not Distracted,MD,Passenger Car,Parked,0,No,2025,TOYOTA,CAMRY,39.03745935,-77.05505699,2026,4,10
260016408,Property Damage Crash,04/16/2026 10:45:00 AM,NA,NA,Angle,Clear,NA,Daylight,NA,NONE DETECTED,No,NA,NA,NA,NA,Passenger Car,Moving Constant Speed,0,No,2010,HONDA,CR-V,39.03745935,-77.05505699,2026,4,10
260016240,Injury Crash,04/16/2026 10:38:00 AM,NA,NA,Front to Rear,Clear,Dry,Daylight,No Controls,NONE DETECTED,Yes,Possible Minor Injury,Followed Too Closely,Not Distracted,MD,Passenger Car,Slowing or Stopping,40,No,2015,FORD,TAURUS,39.11045432,-76.93395107,2026,4,10
260016240,Injury Crash,04/16/2026 10:38:00 AM,NA,NA,Front to Rear,Clear,Dry,Daylight,No Controls,NONE DETECTED,No,No Apparent Injury,NA,Not Distracted,MD,Passenger Car,Slowing or Stopping,40,No,2020,HONDA,CIVIC,39.11045432,-76.93395107,2026,4,10
260016240,Injury Crash,04/16/2026 10:38:00 AM,NA,NA,Front to Rear,Clear,Dry,Daylight,No Controls,NONE DETECTED,No,Possible Minor Injury,NA,Not Distracted,MD,Passenger Car,Slowing or Stopping,40,No,2019,JEEP,CHEROKEE,39.11045432,-76.93395107,2026,4,10
260016228,Injury Crash,04/16/2026 09:35:00 AM,NA,NA,Single Vehicle,Clear,NA,Daylight,NA,NONE DETECTED,Yes,Possible Minor Injury,NA,Not Distracted,MD,Passenger Car,Slowing or Stopping,0,No,2007,DODGE,CALIBER,39.02068273,-77.01507809,2026,4,9
260016229,Injury Crash,04/16/2026 09:29:00 AM,CONNECTICUT AVE,NA,Angle,Clear,Dry,Daylight,Pedestrian Crossing Sign,NONE DETECTED,No,Possible Minor Injury,NA,Not Distracted,DC,Passenger Car,Moving Constant Speed,30,No,2010,CHEVROLET,EQUINOX,38.9809784,-77.07710373,2026,4,9
260016229,Injury Crash,04/16/2026 09:29:00 AM,CONNECTICUT AVE,NA,Angle,Clear,Dry,Daylight,Stop Sign,NONE DETECTED,Yes,No Apparent Injury,Failed to Yield Right-of-Way,Not Distracted,MD,Passenger Car,Entering Traffic Lane,30,No,2020,MERCEDES-BENZ,GLC-CLASS,38.9809784,-77.07710373,2026,4,9
260016226,Injury Crash,04/16/2026 09:10:00 AM,SPRING ST,NA,Angle,Clear,Dry,Daylight,Traffic Control Signal,NONE DETECTED,Yes,No Apparent Injury,NA,Not Distracted,MD,Sport Utility Vehicle,Turning Left,30,No,2023,HYUNDAI,TUCSON,38.99900677,-77.02614423,2026,4,9
260016226,Injury Crash,04/16/2026 09:10:00 AM,SPRING ST,NA,Angle,Clear,Dry,Daylight,Traffic Control Signal,NONE DETECTED,No,Possible Minor Injury,NA,Not Distracted,MD,Passenger Car,Accelerating,30,No,2002,HONDA,ACCORD,38.99900677,-77.02614423,2026,4,9
260016222,Property Damage Crash,04/16/2026 09:00:00 AM,NEW HAMPSHIRE AVE (SB/L),NA,Angle,Clear,Dry,Daylight,No Controls,NONE DETECTED,Yes,No Apparent Injury,Failed to Yield Right-of-Way,Not Distracted,MD,Other Trucks,Turning Left,35,No,2016,FORD,F-450,39.07706633,-77.00181284,2026,4,9
260016222,Property Damage Crash,04/16/2026 09:00:00 AM,NEW HAMPSHIRE AVE (SB/L),NA,Angle,Clear,Dry,Daylight,No Controls,NONE DETECTED,No,No Apparent Injury,NA,Not Distracted,MD,Passenger Car,Turning Right,35,No,2023,LEXUS,ES,39.07706633,-77.00181284,2026,4,9
260016218,Property Damage Crash,04/16/2026 08:15:00 AM,RIVER RD (WB/L),NA,Front to Rear,Clear,Dry,Daylight,No Controls,NONE DETECTED,Yes,No Apparent Injury,Other Improper Action,Not Distracted,DC,Passenger Car,Moving Constant Speed,35,No,2025,PORSCHE,MACAN,38.99061433,-77.15416432,2026,4,8
260016218,Property Damage Crash,04/16/2026 08:15:00 AM,RIVER RD (WB/L),NA,Front to Rear,Clear,Dry,Daylight,No Controls,NONE DETECTED,No,No Apparent Injury,NA,Not Distracted,MD,Passenger Car,Stopped in Traffic,35,No,2014,BMW,328I,38.99061433,-77.15416432,2026,4,8
260016219,Property Damage Crash,04/16/2026 08:08:00 AM,METRORAIL TRACK B2 RAIL,NA,Front to Rear,Clear,Dry,Daylight,No Controls,NONE DETECTED,Yes,No Apparent Injury,Failed to Yield Right-of-Way,Not Distracted,MD,Passenger Car,Changing Lanes,30,No,2020,FORD,ESCAPE,39.02232877,-77.04519123,2026,4,8
260016219,Property Damage Crash,04/16/2026 08:08:00 AM,METRORAIL TRACK B2 RAIL,NA,Front to Rear,Clear,Dry,Daylight,No Controls,NONE DETECTED,Yes,No Apparent Injury,Too Fast For Conditions,Not Distracted,MD,Passenger Car,Moving Constant Speed,30,No,2008,HONDA,CIVIC,39.02232877,-77.04519123,2026,4,8
260016213,Property Damage Crash,04/16/2026 07:30:00 AM,VALLEY PARK DR,NA,"Sideswipe, Same Direction",Clear,Dry,Daylight,No Controls,NONE DETECTED,No,No Apparent Injury,NA,Not Distracted,MD,Other Trucks,Moving Constant Speed,25,No,2025,FREIGHTLINER,M2,39.277188,-77.20694726,2026,4,7
260016213,Property Damage Crash,04/16/2026 07:30:00 AM,VALLEY PARK DR,NA,"Sideswipe, Same Direction",Clear,Dry,Daylight,No Controls,NONE DETECTED,Yes,No Apparent Injury,"Improper Passing, Wrong Side",Not Distracted,MD,Passenger Car,Overtaking/Passing,25,No,2013,LEXUS,IS,39.277188,-77.20694726,2026,4,7
260016210,Property Damage Crash,04/16/2026 07:00:00 AM,DEMOCRACY BLVD (EB/L),NA,"Sideswipe, Same Direction",Clear,Dry,Daylight,No Controls,NONE DETECTED,No,No Apparent Injury,NA,Not Distracted,MD,Passenger Car,Moving Constant Speed,40,No,2015,FORD,MUSTANG,39.02365488,-77.18773644,2026,4,7
260016210,Property Damage Crash,04/16/2026 07:00:00 AM,DEMOCRACY BLVD (EB/L),NA,"Sideswipe, Same Direction",Clear,Dry,Daylight,No Controls,NONE DETECTED,No,No Apparent Injury,NA,Not Distracted,MD,Passenger Car,Moving Constant Speed,40,No,2017,CHEVROLET,EQUINOX,39.02365488,-77.18773644,2026,4,7
260016211,Property Damage Crash,04/16/2026 06:40:00 AM,ASPEN HILL RD,NA,Angle,Clear,Dry,Daylight,No Controls,NONE DETECTED,Yes,No Apparent Injury,NA,Not Distracted,MD,Pickup,Turning Left,30,No,2019,RAM,1500,39.08023134,-77.08097758,2026,4,6
260016211,Property Damage Crash,04/16/2026 06:40:00 AM,ASPEN HILL RD,NA,Angle,Clear,Dry,Daylight,No Controls,NONE DETECTED,No,No Apparent Injury,NA,Not Distracted,MD,Van - Passenger (&lt;9 Seats),Moving Constant Speed,30,No,2012,NISSAN,QUEST,39.08023134,-77.08097758,2026,4,6
260016208,Injury Crash,04/16/2026 05:17:00 AM,OLNEY LAYTONSVILLE RD,NA,Front to Front,Clear,Dry,Dark,No Controls,NONE DETECTED,Yes,Possible Minor Injury,NA,Not Distracted,MD,Passenger Car,Moving Constant Speed,50,No,2008,ACURA,TSX,39.18314083,-77.11063767,2026,4,5
260016208,Injury Crash,04/16/2026 05:17:00 AM,OLNEY LAYTONSVILLE RD,NA,Front to Front,Clear,Dry,Dark,No Controls,NONE DETECTED,No,Possible Minor Injury,NA,Not Distracted,MD,Passenger Car,Moving Constant Speed,50,No,2015,SUBARU,OUTBACK,39.18314083,-77.11063767,2026,4,5
260012604,Property Damage Crash,04/16/2026 02:38:00 AM,MAPLE AVE,NA,Angle,Clear,Dry,Medium,No Controls,ALCOHOL PRESENT,Yes,No Apparent Injury,"Operated Motor Vehicle in Inattentive, Careless, Negligent, or Erratic Manner, Operated Motor Vehicle in Reckless or Aggressive Manner, Other Improper Action",Not Distracted,MD,Passenger Car,Moving Constant Speed,15,No,2021,TOYOTA,CAMRY,38.992006430000004,-77.09298878,2026,4,2
260016187,Injury Crash,04/15/2026 10:20:00 PM,NA,NA,Other,Clear,Dry,Dark,Stop Sign,NONE DETECTED,Yes,Possible Minor Injury,"Disregarded Other Traffic Sign, Failed to Yield Right-of-Way",Not Distracted,MD,Van - Passenger (&lt;9 Seats),Turning Left,35,No,2010,CHEVROLET,EXPRESS,39.26916702,-77.15225998,2026,4,22
260016187,Injury Crash,04/15/2026 10:20:00 PM,NA,NA,Other,Clear,Dry,Dark,No Controls,NONE DETECTED,No,Possible Minor Injury,NA,Not Distracted,MD,Passenger Car,Moving Constant Speed,35,No,2011,MERCEDES-BENZ,300,39.26916702,-77.15225998,2026,4,22
260016220,Property Damage Crash,04/15/2026 10:00:00 PM,APPLE HARVEST CIR,NA,Single Vehicle,Clear,Dry,Dark,Stop Sign,NONE DETECTED,Yes,No Apparent Injury,Over-Correcting/Over-Steering,Unknown,SC,Passenger Car,Backing,20,No,2006,HONDA,CIVIC,39.19148751,-77.24400101,2026,4,22
260016174,Injury Crash,04/15/2026 08:32:00 PM,WHITESTONE RD,NA,Front to Rear,Clear,Dry,Medium,Traffic Control Signal,NONE DETECTED,No,Possible Minor Injury,NA,Not Distracted,MD,Passenger Car,Stopped in Traffic,35,No,2019,MERCEDES-BENZ,C-CLASS,39.01672025,-77.00600893,2026,4,20
260016174,Injury Crash,04/15/2026 08:32:00 PM,WHITESTONE RD,NA,Front to Rear,Clear,Dry,Medium,Traffic Control Signal,NONE DETECTED,Yes,Possible Minor Injury,Other Improper Action,Not Distracted,MD,Pickup,Slowing or Stopping,35,No,2011,TOYOTA,TUNDRA,39.01672025,-77.00600893,2026,4,20
260016173,Property Damage Crash,04/15/2026 08:10:00 PM,EXECUTIVE BLVD (SB/L),NA,"Sideswipe, Same Direction",Clear,Dry,Daylight,No Controls,NONE DETECTED,No,NA,NA,NA,NA,Passenger Car,Negotiating a Curve,35,No,2019,INFINITI,QX50,39.04864567,-77.12540134,2026,4,20
260016173,Property Damage Crash,04/15/2026 08:10:00 PM,EXECUTIVE BLVD (SB/L),NA,"Sideswipe, Same Direction",Clear,Dry,Daylight,No Controls,NONE DETECTED,No,No Apparent Injury,NA,Not Distracted,MD,Passenger Car,Negotiating a Curve,35,No,2024,HONDA,CIVIC,39.04864567,-77.12540134,2026,4,20
260016152,Injury Crash,04/15/2026 06:02:00 PM,BROADBIRCH DR,NA,Front to Front,Clear,Dry,Daylight,No Controls,NONE DETECTED,Yes,No Apparent Injury,NA,Not Distracted,MD,Passenger Car,Entering Traffic Lane,30,No,2025,TOYOTA,COROLLA,39.0559729,-76.96584404,2026,4,18
260016152,Injury Crash,04/15/2026 06:02:00 PM,BROADBIRCH DR,NA,Front to Front,Clear,Dry,Daylight,No Controls,NONE DETECTED,No,No Apparent Injury,NA,Not Distracted,MD,Passenger Car,Moving Constant Speed,30,No,2024,TOYOTA,RAV4,39.0559729,-76.96584404,2026,4,18
260016155,Property Damage Crash,04/15/2026 05:45:00 PM,NA,NA,"Sideswipe, Same Direction",Clear,Dry,Daylight,Traffic Control Signal,NONE DETECTED,No,NA,NA,NA,NA,Passenger Car,Changing Lanes,30,No,2026,KIA,CARNIVAL,38.99538709,-77.02450734,2026,4,17
260016155,Property Damage Crash,04/15/2026 05:45:00 PM,NA,NA,"Sideswipe, Same Direction",Clear,Dry,Daylight,Traffic Control Signal,NONE DETECTED,No,No Apparent Injury,NA,Not Distracted,MD,Passenger Car,Changing Lanes,30,No,2017,TOYOTA,PRIUS,38.99538709,-77.02450734,2026,4,17
260016153,Property Damage Crash,04/15/2026 05:41:00 PM,CONNECTICUT AVE (SB/L),NA,"Sideswipe, Opposite Direction",Clear,Dry,Daylight,Traffic Control Signal,NONE DETECTED,No,No Apparent Injury,NA,Not Distracted,MD,Bus - Transit,Turning Right,35,No,2022,GILLIG,CITY SUBURBAN BUS,39.02756746,-77.07665168,2026,4,17
260016153,Property Damage Crash,04/15/2026 05:41:00 PM,CONNECTICUT AVE (SB/L),NA,"Sideswipe, Opposite Direction",Clear,Dry,Daylight,Traffic Control Signal,NONE DETECTED,No,NA,NA,NA,NA,Pickup,Turning Left,30,No,0,NA,NA,39.02756746,-77.07665168,2026,4,17
260016141,Injury Crash,04/15/2026 04:42:00 PM,GOSHEN RD,NA,Front to Rear,Clear,Dry,Daylight,No Controls,NONE DETECTED,Yes,No Apparent Injury,Followed Too Closely,Not Distracted,MD,Passenger Car,Moving Constant Speed,35,No,2018,SUBARU,WRX,39.1774244,-77.18944958,2026,4,16