Local Case Number,ACRS Report Type,Crash Date/Time,Road Name,Related Non-Motorist,Collision Type,Weather,Surface Condition,Light,Traffic Control,Driver Substance Abuse,Driver At Fault,Injury Severity,Circumstance,Driver Distracted By,Drivers License State,Vehicle Body Type,Vehicle Movement,Speed Limit,Driverless Vehicle,Vehicle Year,Vehicle Make,Vehicle Model,Latitude,Longitude,Year,Month,Hour
260016141,Injury Crash,04/15/2026 04:42:00 PM,GOSHEN RD,NA,Front to Rear,Clear,Dry,Daylight,No Controls,NONE DETECTED,No,Possible Minor Injury,NA,Not Distracted,MD,Passenger Car,Slowing or Stopping,35,No,2013,HYUNDAI,SONATA,39.1774244,-77.18944958,2026,4,16
260016126,Injury Crash,04/15/2026 03:41:00 PM,COLESVILLE RD (SB/L),NA,Front to Rear,Clear,Dry,Daylight,No Controls,NONE DETECTED,No,No Apparent Injury,NA,Not Distracted,MD,Passenger Car,Slowing or Stopping,35,No,2017,TOYOTA,COROLLA,39.01717633,-77.0158415,2026,4,15
260016126,Injury Crash,04/15/2026 03:41:00 PM,COLESVILLE RD (SB/L),NA,Front to Rear,Clear,Dry,Daylight,No Controls,NONE DETECTED,Yes,No Apparent Injury,NA,Not Distracted,MD,Passenger Car,Moving Constant Speed,35,No,2023,FORD,F-150,39.01717633,-77.0158415,2026,4,15
260016122,Property Damage Crash,04/15/2026 03:30:00 PM,MAIN ST,NA,"Sideswipe, Opposite Direction",Clear,Dry,Daylight,No Controls,NONE DETECTED,No,No Apparent Injury,NA,Not Distracted,MD,Passenger Car,Moving Constant Speed,25,No,2019,LEXUS,RX,39.12540223,-77.23616893,2026,4,15
260016122,Property Damage Crash,04/15/2026 03:30:00 PM,MAIN ST,NA,"Sideswipe, Opposite Direction",Clear,Dry,Daylight,No Controls,ALCOHOL PRESENT,Yes,No Apparent Injury,NA,Unknown,MD,Passenger Car,Moving Constant Speed,25,No,2016,FORD,FOCUS,39.12540223,-77.23616893,2026,4,15
260016114,Property Damage Crash,04/15/2026 03:05:00 PM,FREDERICK RD,NA,Single Vehicle,Clear,Dry,Daylight,No Controls,NONE DETECTED,No,No Apparent Injury,"Over-Correcting/Over-Steering, Ran Off Roadway",Unknown,MD,Van - Passenger (&lt;9 Seats),Moving Constant Speed,40,No,2018,FORD,TRANSIT CONNECT,39.25973753,-77.30258805,2026,4,15
260016112,Injury Crash,04/15/2026 03:00:00 PM,NA,NA,Single Vehicle,Clear,NA,Daylight,NA,NONE DETECTED,No,Possible Minor Injury,NA,Unknown,MD,Passenger Car,Accelerating,0,No,2024,TOYOTA,COROLLA,38.96508581,-77.08803033,2026,4,15
260016110,Property Damage Crash,04/15/2026 02:34:00 PM,NEW HAMPSHIRE AVE (SB/L),NA,"Sideswipe, Same Direction",Clear,Dry,Daylight,No Controls,NONE DETECTED,No,No Apparent Injury,NA,Not Distracted,MD,Passenger Car,Changing Lanes,35,No,2016,HONDA,HR-V,39.08753895,-76.99953923,2026,4,14
260016110,Property Damage Crash,04/15/2026 02:34:00 PM,NEW HAMPSHIRE AVE (SB/L),NA,"Sideswipe, Same Direction",Clear,Dry,Daylight,No Controls,NONE DETECTED,No,NA,NA,NA,NA,Passenger Car,Changing Lanes,35,No,2015,HONDA,CR-V,39.08753895,-76.99953923,2026,4,14
260016108,Injury Crash,04/15/2026 02:28:00 PM,ARBUTUS AVE,NA,Angle,Clear,Dry,Daylight,Stop Sign,NONE DETECTED,Yes,Possible Minor Injury,NA,Not Distracted,MD,Passenger Car,Moving Constant Speed,25,No,2014,LEXUS,ES,39.06710646,-77.10027276,2026,4,14
260016108,Injury Crash,04/15/2026 02:28:00 PM,ARBUTUS AVE,NA,Angle,Clear,Dry,Daylight,No Controls,NONE DETECTED,No,No Apparent Injury,NA,Not Distracted,IN,Passenger Car,Moving Constant Speed,25,No,2020,TOYOTA,SIENNA,39.06710646,-77.10027276,2026,4,14
260016103,Injury Crash,04/15/2026 02:05:00 PM,GUNNERS BRANCH RD,NA,Front to Rear,Clear,Dry,Daylight,No Controls,NONE DETECTED,No,No Apparent Injury,NA,Not Distracted,MD,Sport Utility Vehicle,Stopped in Traffic,20,No,2020,JEEP,GRAND CHEROKEE,39.17540189,-77.23823919,2026,4,14
260016103,Injury Crash,04/15/2026 02:05:00 PM,GUNNERS BRANCH RD,NA,Front to Rear,Clear,Dry,Daylight,No Controls,NONE DETECTED,Yes,No Apparent Injury,Followed Too Closely,Not Distracted,MD,Passenger Car,Slowing or Stopping,40,No,2021,JEEP,WRANGLER,39.17540189,-77.23823919,2026,4,14
260016103,Injury Crash,04/15/2026 02:05:00 PM,GUNNERS BRANCH RD,NA,Front to Rear,Clear,Dry,Daylight,No Controls,NONE DETECTED,No,Possible Minor Injury,NA,Not Distracted,MD,Van - Passenger (&lt;9 Seats),Stopped in Traffic,40,No,2015,FORD,TRANSIT CONNECT,39.17540189,-77.23823919,2026,4,14
260016107,Property Damage Crash,04/15/2026 02:00:00 PM,NA,NA,Front to Front,Clear,Dry,Daylight,Traffic Control Signal,NONE DETECTED,No,No Apparent Injury,NA,Not Distracted,MD,Passenger Car,Moving Constant Speed,35,No,1999,TOYOTA,CAMRY,38.96460092,-77.13602578,2026,4,14
260016107,Property Damage Crash,04/15/2026 02:00:00 PM,NA,NA,Front to Front,Clear,Dry,Daylight,Traffic Control Signal,NONE DETECTED,No,No Apparent Injury,NA,Not Distracted,MD,Passenger Car,Turning Left,35,No,2010,CHEVROLET,MALIBU,38.96460092,-77.13602578,2026,4,14
260016088,Injury Crash,04/15/2026 12:56:00 PM,RIDGEMONT AVE (EB/L),NA,Angle,Clear,Dry,Daylight,Traffic Control Signal,NONE DETECTED,No,Possible Minor Injury,NA,Not Distracted,MD,Passenger Car,Moving Constant Speed,35,No,2008,SUBARU,LEGACY,39.11914763,-77.17178143,2026,4,12
260016088,Injury Crash,04/15/2026 12:56:00 PM,RIDGEMONT AVE (EB/L),NA,Angle,Clear,Dry,Daylight,Traffic Control Signal,NONE DETECTED,Yes,Possible Minor Injury,NA,Not Distracted,MD,Passenger Car,Turning Left,35,No,2003,LEXUS,ES,39.11914763,-77.17178143,2026,4,12
260005419,Property Damage Crash,04/15/2026 12:23:00 PM,NA,NA,"Sideswipe, Opposite Direction",Clear,NA,Daylight,NA,NONE DETECTED,No,NA,NA,Unknown,NA,Pickup,Backing,0,No,0,NA,NA,39.04830517,-77.11410309,2026,4,12
260005419,Property Damage Crash,04/15/2026 12:23:00 PM,NA,NA,"Sideswipe, Opposite Direction",Clear,NA,Daylight,NA,NONE DETECTED,No,No Apparent Injury,NA,Not Distracted,MD,Sport Utility Vehicle,Parked,0,No,2024,TOYOTA,HIGHLANDER,39.04830517,-77.11410309,2026,4,12
260005419,Property Damage Crash,04/15/2026 12:23:00 PM,NA,NA,"Sideswipe, Opposite Direction",Clear,NA,Daylight,NA,NONE DETECTED,No,No Apparent Injury,NA,Not Distracted,MD,Passenger Car,Moving Constant Speed,0,No,2025,TOYOTA,COROLLA,39.04830517,-77.11410309,2026,4,12
260016393,Injury Crash,04/15/2026 12:20:00 PM,NA,Pedestrian,Single Vehicle,Clear,Dry,Daylight,Traffic Control Signal,NONE DETECTED,No,No Apparent Injury,NA,Unknown,MD,Sport Utility Vehicle,Moving Constant Speed,30,No,2018,ACURA,MDX,39.0272165,-77.14750133,2026,4,12
260016084,Injury Crash,04/15/2026 12:07:00 PM,CHAPMAN AVE,Cyclist (non-electric),Single Vehicle,Clear,Dry,Daylight,No Controls,NONE DETECTED,Yes,No Apparent Injury,NA,Unknown,MD,Pickup,Turning Right,25,No,2017,GMC,SIERRA,39.06101446,-77.12091312,2026,4,12
260016080,Property Damage Crash,04/15/2026 11:36:00 AM,RIVER RD (WB/L),NA,Front to Rear,Clear,Dry,Daylight,No Controls,NONE DETECTED,No,No Apparent Injury,NA,Not Distracted,MD,Single-Unit Truck,Moving Constant Speed,35,No,2024,FREIGHTLINER,M2,38.98929691,-77.14973196,2026,4,11
260016080,Property Damage Crash,04/15/2026 11:36:00 AM,RIVER RD (WB/L),NA,Front to Rear,Clear,Dry,Daylight,No Controls,NONE DETECTED,Yes,No Apparent Injury,NA,Unknown,MD,Sport Utility Vehicle,Moving Constant Speed,35,No,2021,JEEP,GRAND CHEROKEE,38.98929691,-77.14973196,2026,4,11
260016073,Property Damage Crash,04/15/2026 10:28:00 AM,CONNECTICUT AVE (SB/L),NA,Angle,Clear,Dry,Daylight,No Controls,NONE DETECTED,No,No Apparent Injury,NA,Not Distracted,MD,Passenger Car,Turning Left,35,No,2014,CHEVROLET,CRUZE,39.08684428,-77.07386459,2026,4,10
260016073,Property Damage Crash,04/15/2026 10:28:00 AM,CONNECTICUT AVE (SB/L),NA,Angle,Clear,Dry,Daylight,Stop Sign,NONE DETECTED,No,No Apparent Injury,NA,Not Distracted,MD,Van - Passenger (&lt;9 Seats),Slowing or Stopping,25,No,2023,MERCEDES-BENZ,METRIS,39.08684428,-77.07386459,2026,4,10
260016070,Property Damage Crash,04/15/2026 10:01:00 AM,HEWITT AVE,Pedestrian,Single Vehicle,Clear,Dry,Daylight,No Controls,NONE DETECTED,No,No Apparent Injury,NA,Not Distracted,MD,Pickup,Moving Constant Speed,25,No,2013,FORD,F-150,39.07894591,-77.06867873,2026,4,10
260016062,Injury Crash,04/15/2026 09:04:00 AM,GEORGIA AVE (SB/L),NA,Front to Rear,Clear,Dry,Daylight,No Controls,NONE DETECTED,Yes,No Apparent Injury,NA,Unknown,MD,Passenger Car,NA,35,No,2016,CHEVROLET,TAHOE,39.02862548,-77.04729058,2026,4,9
260016062,Injury Crash,04/15/2026 09:04:00 AM,GEORGIA AVE (SB/L),NA,Front to Rear,Clear,Dry,Daylight,No Controls,NONE DETECTED,No,Possible Minor Injury,NA,Not Distracted,MD,Passenger Car,Stopped in Traffic,35,No,2013,SUBARU,XV CROSSTREK,39.02862548,-77.04729058,2026,4,9
260016060,Property Damage Crash,04/15/2026 08:25:00 AM,CRYSTAL ROCK DR,NA,Front to Rear,Clear,Dry,Daylight,No Controls,NONE DETECTED,Yes,No Apparent Injury,Other Improper Action,Not Distracted,MD,Bus - School,Stopped in Traffic,30,No,2012,FREIGHTLINER,B2 BUS CHASSIS,39.17766667,-77.261875,2026,4,8
260016060,Property Damage Crash,04/15/2026 08:25:00 AM,CRYSTAL ROCK DR,NA,Front to Rear,Clear,Dry,Daylight,No Controls,NONE DETECTED,No,NA,NA,NA,NA,Pickup,Parked,30,No,2015,CHEVROLET,SILVERADO,39.17766667,-77.261875,2026,4,8
260016056,Property Damage Crash,04/15/2026 08:00:00 AM,GEORGIA AVE (SB/L),NA,"Sideswipe, Same Direction",Clear,Dry,Daylight,Traffic Control Signal,NONE DETECTED,No,No Apparent Injury,NA,Unknown,MD,Passenger Car,Turning Right,45,No,2005,FORD,FOCUS,39.10895133,-77.0762015,2026,4,8
260016056,Property Damage Crash,04/15/2026 08:00:00 AM,GEORGIA AVE (SB/L),NA,"Sideswipe, Same Direction",Clear,Dry,Daylight,Traffic Control Signal,NONE DETECTED,No,No Apparent Injury,NA,Not Distracted,MD,Single-Unit Truck,Moving Constant Speed,45,No,2022,KENWORTH,W9 SERIES,39.10895133,-77.0762015,2026,4,8
260016058,Property Damage Crash,04/15/2026 07:35:00 AM,COLUMBIA PIKE,NA,Front to Rear,Clear,Dry,Daylight,No Controls,NONE DETECTED,No,No Apparent Injury,NA,Not Distracted,MD,Passenger Car,Slowing or Stopping,40,No,2009,TOYOTA,COROLLA,39.05792294,-76.96826532,2026,4,7
260016058,Property Damage Crash,04/15/2026 07:35:00 AM,COLUMBIA PIKE,NA,Front to Rear,Clear,Dry,Daylight,No Controls,NONE DETECTED,Yes,No Apparent Injury,Followed Too Closely,Not Distracted,MD,Passenger Car,Moving Constant Speed,40,No,2017,ACURA,RDX,39.05792294,-76.96826532,2026,4,7
260016033,Property Damage Crash,04/14/2026 10:11:00 PM,BRUNETT AVE,NA,Single Vehicle,Clear,Dry,Medium,No Controls,NONE DETECTED,No,No Apparent Injury,Disregarded Other Traffic Sign,Unknown,NA,Passenger Car,Moving Constant Speed,25,No,2017,HYUNDAI,TUCSON,39.01110897,-77.02173314,2026,4,22
260016021,Property Damage Crash,04/14/2026 09:01:00 PM,NA,NA,"Sideswipe, Same Direction",Clear,NA,Medium,NA,NONE DETECTED,Yes,No Apparent Injury,Other Improper Action,Unknown,MD,Pickup,NA,0,No,2019,CHEVROLET,SILVERADO,39.17968317,-77.2699605,2026,4,21
260016011,Property Damage Crash,04/14/2026 07:18:00 PM,LEIGHTON PL,NA,Front to Rear,Clear,Dry,Daylight,No Controls,NONE DETECTED,No,No Apparent Injury,NA,Not Distracted,MD,Passenger Car,Moving Constant Speed,20,No,2025,CHEVROLET,EQUINOX,39.01041374,-77.0169033,2026,4,19
260016012,Injury Crash,04/14/2026 07:13:00 PM,MIDCOUNTY HWY (SB/L),NA,"Sideswipe, Same Direction",Clear,Dry,Daylight,No Controls,NONE DETECTED,Yes,No Apparent Injury,"Over-Correcting/Over-Steering, Swerved or Avoided Due to Wind, Slippery Surface, Motor Vehicle, Object, Non-Motorist in Roadway, etc","Other Action (looking away from task, etc.)",MD,Passenger Car,Moving Constant Speed,50,No,2010,HYUNDAI,ELANTRA TOURING,39.15734726,-77.18676194,2026,4,19
260016012,Injury Crash,04/14/2026 07:13:00 PM,MIDCOUNTY HWY (SB/L),NA,"Sideswipe, Same Direction",Clear,Dry,Daylight,No Controls,NONE DETECTED,No,Possible Minor Injury,NA,Not Distracted,MD,Passenger Car,Moving Constant Speed,50,No,2025,SUBARU,CROSSTREK,39.15734726,-77.18676194,2026,4,19
260016020,Property Damage Crash,04/14/2026 07:02:00 PM,NA,NA,Unknown,Clear,NA,Daylight,NA,NONE DETECTED,Yes,No Apparent Injury,Improper Turn,Unknown,MD,Sport Utility Vehicle,NA,0,No,2003,INFINITI,FX45,39.04133068,-77.05381637,2026,4,19
260016003,Property Damage Crash,04/14/2026 06:10:00 PM,CLOPPER RD (WB/L),NA,"Sideswipe, Same Direction",Clear,Dry,Daylight,No Controls,NONE DETECTED,No,No Apparent Injury,NA,Not Distracted,MD,Passenger Car,Moving Constant Speed,35,No,2006,TOYOTA,HIGHLANDER,39.14299967,-77.22195796,2026,4,18
260016003,Property Damage Crash,04/14/2026 06:10:00 PM,CLOPPER RD (WB/L),NA,"Sideswipe, Same Direction",Clear,Dry,Daylight,No Controls,NONE DETECTED,No,NA,NA,NA,NA,Passenger Car,Moving Constant Speed,35,No,2013,HONDA,CIVIC,39.14299967,-77.22195796,2026,4,18
260015994,Injury Crash,04/14/2026 05:30:00 PM,NA,NA,Single Vehicle,Clear,NA,Daylight,NA,NONE DETECTED,No,Possible Minor Injury,Other Improper Action,Unknown,MD,Passenger Car,Turning Right,0,No,2009,MERCURY,MILAN,39.11398476,-77.16290525,2026,4,17
260015992,Injury Crash,04/14/2026 04:55:00 PM,CIRCLE DR,NA,Angle,Clear,Dry,Daylight,Stop Sign,NONE DETECTED,No,No Apparent Injury,Failed to Keep in Proper Lane,Unknown,MD,Passenger Car,Turning Right,25,No,2024,HONDA,ACCORD,39.0707885,-77.20703677,2026,4,16
260015992,Injury Crash,04/14/2026 04:55:00 PM,CIRCLE DR,NA,Angle,Clear,Dry,Daylight,No Controls,NONE DETECTED,No,Possible Minor Injury,NA,Not Distracted,MD,Sport Utility Vehicle,Moving Constant Speed,30,No,2017,SUBARU,FORESTER,39.0707885,-77.20703677,2026,4,16
260015989,Property Damage Crash,04/14/2026 04:40:00 PM,NA,NA,"Sideswipe, Same Direction",Clear,NA,Daylight,NA,NONE DETECTED,Yes,No Apparent Injury,NA,Unknown,MD,Bus - Transit,Moving Constant Speed,0,No,2017,GILLIG,CITY TRANSIT BUS,39.08541807,-77.14627078,2026,4,16
260016163,Property Damage Crash,04/14/2026 03:30:00 PM,NA,NA,Angle,Clear,NA,Daylight,NA,NONE DETECTED,No,No Apparent Injury,Improper Turn,Unknown,MD,Van - Passenger (&lt;9 Seats),Turning Right,0,No,2018,TOYOTA,SIENNA,39.12752454,-77.18417041,2026,4,15
260015971,Injury Crash,04/14/2026 03:20:00 PM,NORBECK RD,NA,Front to Rear,Clear,Dry,Daylight,No Controls,NONE DETECTED,Yes,No Apparent Injury,NA,Unknown,MD,Pickup,NA,45,No,2005,FORD,F-250,39.11902275,-77.02041827,2026,4,15
260015971,Injury Crash,04/14/2026 03:20:00 PM,NORBECK RD,NA,Front to Rear,Clear,Dry,Daylight,No Controls,NONE DETECTED,No,Possible Minor Injury,NA,Not Distracted,MD,Sport Utility Vehicle,Slowing or Stopping,45,No,2025,HYUNDAI,TUCSON,39.11902275,-77.02041827,2026,4,15
260015965,Property Damage Crash,04/14/2026 02:51:00 PM,NA,NA,Other,Clear,Dry,Daylight,Other Warning Sign,NONE DETECTED,No,No Apparent Injury,NA,Not Distracted,MD,Passenger Car,NA,40,No,2025,CHEVROLET,TRAX,39.27645317,-77.31284767,2026,4,14
260015965,Property Damage Crash,04/14/2026 02:51:00 PM,NA,NA,Other,Clear,Dry,Daylight,Other Warning Sign,NONE DETECTED,Yes,No Apparent Injury,NA,Unknown,MD,Other Trucks,Moving Constant Speed,40,No,2015,FORD,F-150,39.27645317,-77.31284767,2026,4,14
260015955,Injury Crash,04/14/2026 01:48:00 PM,GATEWAY CENTER DR,NA,Single Vehicle,Clear,Dry,Daylight,No Controls,NONE DETECTED,Yes,Possible Minor Injury,Other Improper Action,"Other Action (looking away from task, etc.)",MD,Passenger Car,Moving Constant Speed,30,No,2018,TOYOTA,COROLLA,39.22921378,-77.28040595,2026,4,13
260015953,Property Damage Crash,04/14/2026 12:51:00 PM,ROCKVILLE PIKE (SB/L),NA,Angle,Clear,Dry,Daylight,No Controls,NONE DETECTED,No,No Apparent Injury,NA,Not Distracted,MD,Passenger Car,Moving Constant Speed,40,No,2008,LEXUS,ES,39.04628399,-77.11253438,2026,4,12
260015953,Property Damage Crash,04/14/2026 12:51:00 PM,ROCKVILLE PIKE (SB/L),NA,Angle,Clear,Dry,Daylight,No Controls,NONE DETECTED,No,No Apparent Injury,NA,Not Distracted,CA,Sport Utility Vehicle,Turning Left,40,No,2015,DODGE,DURANGO,39.04628399,-77.11253438,2026,4,12
260015930,Property Damage Crash,04/14/2026 11:21:00 AM,COLUMBIA PIKE,NA,"Sideswipe, Same Direction",Clear,Dry,Daylight,No Controls,NONE DETECTED,Yes,No Apparent Injury,Improper Passing,Not Distracted,MD,Passenger Car,Overtaking/Passing,45,No,2024,KIA,TELLURIDE,39.08584135,-76.94578614,2026,4,11
260015930,Property Damage Crash,04/14/2026 11:21:00 AM,COLUMBIA PIKE,NA,"Sideswipe, Same Direction",Clear,Dry,Daylight,No Controls,NONE DETECTED,No,No Apparent Injury,NA,Not Distracted,MD,Other,Changing Lanes,45,No,2026,MACK,GRANITE,39.08584135,-76.94578614,2026,4,11
260015918,Property Damage Crash,04/14/2026 10:14:00 AM,MATENY RD,NA,Single Vehicle,Clear,Dry,Daylight,No Controls,NONE DETECTED,Yes,No Apparent Injury,Failed to Keep in Proper Lane,Not Distracted,MD,Passenger Car,Moving Constant Speed,25,No,2011,VOLKSWAGEN,JETTA,39.14915033,-77.26892167,2026,4,10
260015916,Property Damage Crash,04/14/2026 10:07:00 AM,COLESVILLE RD,NA,"Sideswipe, Same Direction",Clear,Dry,Daylight,Other,NONE DETECTED,Yes,No Apparent Injury,NA,Not Distracted,MD,Passenger Car,Changing Lanes,30,No,2022,TOYOTA,RAV4,38.99779073,-77.02690297,2026,4,10
260015916,Property Damage Crash,04/14/2026 10:07:00 AM,COLESVILLE RD,NA,"Sideswipe, Same Direction",Clear,Dry,Daylight,Other,NONE DETECTED,No,No Apparent Injury,NA,Not Distracted,MD,Passenger Car,Moving Constant Speed,30,No,2016,FORD,C-MAX,38.99779073,-77.02690297,2026,4,10
260015932,Injury Crash,04/14/2026 09:30:00 AM,NA,Pedestrian,Single Vehicle,Clear,NA,Daylight,NA,NONE DETECTED,No,No Apparent Injury,NA,Not Distracted,MD,Passenger Car,Moving Constant Speed,0,No,2023,TESLA,MODEL Y,39.12718902,-77.16537526,2026,4,9
260015884,Property Damage Crash,04/14/2026 08:24:00 AM,MONTROSE PARK RIDE LOT,NA,Front to Front,Clear,Dry,Daylight,Traffic Control Signal,NONE DETECTED,Yes,No Apparent Injury,Failed to Yield Right-of-Way,Not Distracted,MD,Passenger Car,Turning Left,35,No,2019,KIA,OPTIMA,39.05302849,-77.11828244,2026,4,8
260015884,Property Damage Crash,04/14/2026 08:24:00 AM,MONTROSE PARK RIDE LOT,NA,Front to Front,Clear,Dry,Daylight,Traffic Control Signal,NONE DETECTED,No,No Apparent Injury,NA,Not Distracted,MD,Sport Utility Vehicle,Moving Constant Speed,35,No,2018,TOYOTA,RAV4,39.05302849,-77.11828244,2026,4,8
260016001,Property Damage Crash,04/14/2026 08:15:00 AM,GEORGIA AVE (SB/L),Scooter (electric),Single Vehicle,Clear,Dry,Daylight,Traffic Control Signal,NONE DETECTED,No,NA,NA,NA,NA,Passenger Car,Turning Left,30,No,2018,TOYOTA,RAV4,39.01556976,-77.04270213,2026,4,8
260015886,Injury Crash,04/14/2026 08:06:00 AM,RIVER RD,NA,Front to Rear,Clear,Dry,Daylight,No Controls,NONE DETECTED,Yes,Possible Minor Injury,"Followed Too Closely, Too Fast For Conditions",Unknown,MD,Passenger Car,Moving Constant Speed,35,No,1999,TOYOTA,COROLLA,39.007654,-77.19284317,2026,4,8
260015886,Injury Crash,04/14/2026 08:06:00 AM,RIVER RD,NA,Front to Rear,Clear,Dry,Daylight,No Controls,NONE DETECTED,No,Possible Minor Injury,NA,Not Distracted,MD,Sport Utility Vehicle,Slowing or Stopping,35,No,2017,HONDA,CR-V,39.007654,-77.19284317,2026,4,8
260015879,Property Damage Crash,04/14/2026 02:50:00 AM,EISENHOWER MEMORIAL HWY,NA,"Sideswipe, Same Direction",Clear,Dry,Medium,No Controls,NONE DETECTED,No,No Apparent Injury,NA,Unknown,MD,Pickup,Changing Lanes,55,No,2008,CHEVROLET,SILVERADO,39.13025537,-77.20523133,2026,4,2
260015879,Property Damage Crash,04/14/2026 02:50:00 AM,EISENHOWER MEMORIAL HWY,NA,"Sideswipe, Same Direction",Clear,Dry,Medium,No Controls,NONE DETECTED,No,No Apparent Injury,NA,Unknown,MD,Passenger Car,Changing Lanes,55,No,2024,FORD,MUSTANG MACH-E,39.13025537,-77.20523133,2026,4,2
260015874,Property Damage Crash,04/14/2026 01:30:00 AM,NA,NA,Single Vehicle,Clear,NA,Medium,NA,NONE DETECTED,No,No Apparent Injury,NA,Not Distracted,MD,Passenger Car,Accelerating,0,No,2022,DODGE,CHARGER,39.08139545,-77.15189325,2026,4,1
260015872,Property Damage Crash,04/14/2026 01:04:00 AM,SHANANDALE CT,NA,Single Vehicle,Clear,Dry,Medium,No Controls,NONE DETECTED,Yes,No Apparent Injury,NA,Unknown,MD,Passenger Car,NA,25,No,2006,TOYOTA,SIENNA,39.06341791,-76.956993,2026,4,1
260015860,Injury Crash,04/13/2026 10:49:00 PM,MANNAKEE ST,NA,"Sideswipe, Same Direction",Clear,Dry,Medium,Stop Sign,NONE DETECTED,No,No Apparent Injury,NA,Not Distracted,MD,Bus - Transit,Moving Constant Speed,25,No,2009,GILLIG,LOW FLOOR BUS,39.09599083,-77.157238,2026,4,22
260015860,Injury Crash,04/13/2026 10:49:00 PM,MANNAKEE ST,NA,"Sideswipe, Same Direction",Clear,Dry,Medium,Stop Sign,NONE DETECTED,No,Possible Minor Injury,NA,Not Distracted,MD,Bus - Transit,Parked,25,No,2014,GILLIG,LOW FLOOR BUS,39.09599083,-77.157238,2026,4,22
260015840,Injury Crash,04/13/2026 07:00:00 PM,ORANGE DR,NA,Front to Rear,Clear,Dry,Daylight,No Controls,ALCOHOL PRESENT,Yes,Possible Minor Injury,"Disregarded Other Road Markings, Too Fast For Conditions","Other Action (looking away from task, etc.)",MD,Pickup,Moving Constant Speed,25,No,2023,CHEVROLET,SILVERADO,39.02969917,-77.02314833,2026,4,19
260015834,Property Damage Crash,04/13/2026 06:00:00 PM,NA,NA,Angle,Clear,NA,Daylight,NA,NONE DETECTED,Yes,No Apparent Injury,NA,Unknown,NA,Passenger Car,Backing,0,No,2011,TOYOTA,COROLLA,39.07856536,-77.0801724,2026,4,18
260015834,Property Damage Crash,04/13/2026 06:00:00 PM,NA,NA,Angle,Clear,NA,Daylight,NA,NONE DETECTED,No,No Apparent Injury,NA,Not Distracted,VA,Passenger Car,Parked,0,No,2025,NISSAN,SENTRA,39.07856536,-77.0801724,2026,4,18
260015833,Property Damage Crash,04/13/2026 05:30:00 PM,TRAVIS AVE,NA,Single Vehicle,Clear,Dry,Daylight,Stop Sign,NONE DETECTED,Yes,No Apparent Injury,NA,Unknown,MD,Passenger Car,Moving Constant Speed,35,No,2026,TOYOTA,COROLLA,39.16215283,-77.21616667,2026,4,17
260015830,Property Damage Crash,04/13/2026 05:21:00 PM,RIDGE RD,NA,Front to Rear,Clear,Dry,Daylight,No Controls,NONE DETECTED,No,No Apparent Injury,NA,Not Distracted,PA,Sport Utility Vehicle,Stopped in Traffic,40,No,2025,HONDA,CR-V,39.241665,-77.23496333,2026,4,17
260015830,Property Damage Crash,04/13/2026 05:21:00 PM,RIDGE RD,NA,Front to Rear,Clear,Dry,Daylight,No Controls,NONE DETECTED,No,No Apparent Injury,NA,Not Distracted,MD,Sport Utility Vehicle,Stopped in Traffic,40,No,2026,SUBARU,FORESTER,39.241665,-77.23496333,2026,4,17
260015830,Property Damage Crash,04/13/2026 05:21:00 PM,RIDGE RD,NA,Front to Rear,Clear,Dry,Daylight,No Controls,NONE DETECTED,No,No Apparent Injury,NA,Not Distracted,MD,Pickup,Stopped in Traffic,40,No,2022,CHEVROLET,SILVERADO LTD,39.241665,-77.23496333,2026,4,17
260015830,Property Damage Crash,04/13/2026 05:21:00 PM,RIDGE RD,NA,Front to Rear,Clear,Dry,Daylight,No Controls,NONE DETECTED,Yes,No Apparent Injury,NA,Unknown,MD,Pickup,Slowing or Stopping,40,No,2012,CHEVROLET,SILVERADO,39.241665,-77.23496333,2026,4,17