Local Case Number,ACRS Report Type,Crash Date/Time,Road Name,Related Non-Motorist,Collision Type,Weather,Surface Condition,Light,Traffic Control,Driver Substance Abuse,Driver At Fault,Injury Severity,Circumstance,Driver Distracted By,Drivers License State,Vehicle Body Type,Vehicle Movement,Speed Limit,Driverless Vehicle,Vehicle Year,Vehicle Make,Vehicle Model,Latitude,Longitude,Year,Month,Hour
260015824,Injury Crash,04/13/2026 04:48:00 PM,SENECA RD,NA,Single Vehicle,Cloudy,Dry,Daylight,No Controls,NONE DETECTED,No,Possible Minor Injury,NA,Unknown,MD,Passenger Car,Moving Constant Speed,45,No,2018,HYUNDAI,ELANTRA,39.09276453,-77.29963946,2026,4,16
260015822,Property Damage Crash,04/13/2026 04:28:00 PM,ASHTON RD,NA,"Sideswipe, Same Direction",Cloudy,Dry,Daylight,No Controls,NONE DETECTED,No,No Apparent Injury,NA,Not Distracted,MD,Sport Utility Vehicle,Stopped in Traffic,45,No,2023,KIA,CARNIVAL,39.16047133,-76.9753375,2026,4,16
260015822,Property Damage Crash,04/13/2026 04:28:00 PM,ASHTON RD,NA,"Sideswipe, Same Direction",Cloudy,Dry,Daylight,No Controls,NONE DETECTED,Yes,No Apparent Injury,NA,Not Distracted,MD,Sport Utility Vehicle,Overtaking/Passing,45,No,2021,SUBARU,FORESTER,39.16047133,-76.9753375,2026,4,16
260015806,Injury Crash,04/13/2026 03:06:00 PM,CASHELL RD,Scooter (electric),Single Vehicle,Cloudy,Dry,Daylight,No Controls,NONE DETECTED,No,No Apparent Injury,NA,Not Distracted,MD,Pickup,Moving Constant Speed,35,No,2007,DODGE,DAKOTA,39.1414435,-77.09188567,2026,4,15
260015797,Property Damage Crash,04/13/2026 02:34:00 PM,CAPITAL BELTWAY (WB/L),NA,"Sideswipe, Same Direction",Cloudy,Dry,Daylight,No Controls,NONE DETECTED,Yes,No Apparent Injury,Other Improper Action,Not Distracted,MD,Sport Utility Vehicle,Overtaking/Passing,55,No,2025,FORD,EXPLORER,38.99147753,-77.15754386,2026,4,14
260015797,Property Damage Crash,04/13/2026 02:34:00 PM,CAPITAL BELTWAY (WB/L),NA,"Sideswipe, Same Direction",Cloudy,Dry,Daylight,No Controls,NONE DETECTED,No,NA,NA,NA,NA,Pickup,Moving Constant Speed,55,No,0,NA,NA,38.99147753,-77.15754386,2026,4,14
260015794,Property Damage Crash,04/13/2026 02:04:00 PM,NA,NA,"Sideswipe, Same Direction",Cloudy,Dry,Daylight,No Controls,NONE DETECTED,No,No Apparent Injury,NA,Not Distracted,MD,Bus - School,Moving Constant Speed,35,No,2016,THOMAS BUILT,HDX,39.02921833,-77.11086,2026,4,14
260015794,Property Damage Crash,04/13/2026 02:04:00 PM,NA,NA,"Sideswipe, Same Direction",Cloudy,Dry,Daylight,No Controls,NONE DETECTED,Yes,No Apparent Injury,Failed to Keep in Proper Lane,Not Distracted,MD,Bus - School,Moving Constant Speed,35,No,2019,THOMAS BUILT,HDX,39.02921833,-77.11086,2026,4,14
260015770,Property Damage Crash,04/13/2026 12:36:00 PM,CONNECTICUT AVE (SB/L),NA,Angle,Cloudy,Dry,Daylight,Traffic Control Signal,NONE DETECTED,No,No Apparent Injury,NA,Not Distracted,MD,Sport Utility Vehicle,Turning Left,35,No,2022,FORD,EXPLORER,39.02750556,-77.07671159,2026,4,12
260015770,Property Damage Crash,04/13/2026 12:36:00 PM,CONNECTICUT AVE (SB/L),NA,Angle,Cloudy,Dry,Daylight,Traffic Control Signal,NONE DETECTED,Yes,No Apparent Injury,"Disregarded Other Road Markings, Disregarded Other Traffic Sign, Failed to Keep in Proper Lane, Improper Turn, Wrong Side",Unknown,MD,Passenger Car,Entering Traffic Lane,35,No,2013,HYUNDAI,SONATA,39.02750556,-77.07671159,2026,4,12
260015767,Property Damage Crash,04/13/2026 11:55:00 AM,CONNECTICUT AVE,NA,"Sideswipe, Same Direction",Cloudy,Dry,Daylight,No Controls,NONE DETECTED,No,No Apparent Injury,NA,Not Distracted,MD,Passenger Car,Moving Constant Speed,30,No,2025,ACURA,MDX,38.98548849,-77.07702272,2026,4,11
260015767,Property Damage Crash,04/13/2026 11:55:00 AM,CONNECTICUT AVE,NA,"Sideswipe, Same Direction",Cloudy,Dry,Daylight,Traffic Control Signal,NONE DETECTED,No,NA,NA,NA,NA,Other Trucks,Moving Constant Speed,30,No,2019,FREIGHTLINER,M2,38.98548849,-77.07702272,2026,4,11
260015761,Property Damage Crash,04/13/2026 11:28:00 AM,NA,NA,Front to Rear,Clear,NA,Daylight,NA,NONE DETECTED,No,NA,NA,NA,NA,Passenger Car,Backing,0,No,2013,TOYOTA,PRIUS,39.05723921,-77.08267642,2026,4,11
260015745,Injury Crash,04/13/2026 10:47:00 AM,GEORGIA AVE (SB/L),NA,Front to Rear,Clear,Dry,Daylight,Stop Sign,NONE DETECTED,No,Possible Minor Injury,NA,Not Distracted,MD,Passenger Car,Stopped in Traffic,35,No,2014,TOYOTA,CAMRY,39.01570926,-77.04279251,2026,4,10
260015745,Injury Crash,04/13/2026 10:47:00 AM,GEORGIA AVE (SB/L),NA,Front to Rear,Clear,Dry,Daylight,Traffic Control Signal,NONE DETECTED,No,No Apparent Injury,NA,Not Distracted,MD,Passenger Car,Stopped in Traffic,35,No,2024,TOYOTA,PRIUS,39.01570926,-77.04279251,2026,4,10
260015745,Injury Crash,04/13/2026 10:47:00 AM,GEORGIA AVE (SB/L),NA,Front to Rear,Clear,Dry,Daylight,Traffic Control Signal,NONE DETECTED,Yes,No Apparent Injury,Followed Too Closely,Unknown,MD,Sport Utility Vehicle,Slowing or Stopping,35,No,2013,MAZDA,CX-5,39.01570926,-77.04279251,2026,4,10
260015741,Property Damage Crash,04/13/2026 10:19:00 AM,METRORAIL TRACK B1 RAIL,NA,Angle,Clear,Dry,Daylight,Lane Use Control Signal,NONE DETECTED,No,NA,NA,NA,NA,Sport Utility Vehicle,Entering Traffic Lane,35,No,2019,MAZDA,CX-5,39.01033905,-77.04084104,2026,4,10
260015741,Property Damage Crash,04/13/2026 10:19:00 AM,METRORAIL TRACK B1 RAIL,NA,Angle,Clear,Dry,Daylight,Lane Use Control Signal,NONE DETECTED,No,No Apparent Injury,NA,Not Distracted,MD,Passenger Car,Moving Constant Speed,35,No,2015,HONDA,FIT,39.01033905,-77.04084104,2026,4,10
260015728,Property Damage Crash,04/13/2026 09:13:00 AM,METRORAIL TRACK B1 RAIL,NA,Angle,Clear,Dry,Daylight,No Controls,NONE DETECTED,No,No Apparent Injury,NA,Not Distracted,MD,Passenger Car,Moving Constant Speed,35,No,2016,TOYOTA,COROLLA,39.01099888,-77.04109809,2026,4,9
260015728,Property Damage Crash,04/13/2026 09:13:00 AM,METRORAIL TRACK B1 RAIL,NA,Angle,Clear,Dry,Daylight,No Controls,NONE DETECTED,Yes,No Apparent Injury,Failed to Yield Right-of-Way,Unknown,MD,Sport Utility Vehicle,Entering Traffic Lane,35,No,2023,TESLA,MODEL Y,39.01099888,-77.04109809,2026,4,9
260015727,Injury Crash,04/13/2026 09:12:00 AM,GIST AVE,NA,Angle,Clear,Dry,Daylight,No Controls,NONE DETECTED,No,No Apparent Injury,NA,Not Distracted,DC,Single-Unit Truck,Moving Constant Speed,30,No,2026,FREIGHTLINER,M2,38.9895615,-77.02399717,2026,4,9
260015727,Injury Crash,04/13/2026 09:12:00 AM,GIST AVE,NA,Angle,Clear,Dry,Daylight,Stop Sign,NONE DETECTED,Yes,Possible Minor Injury,Failed to Yield Right-of-Way,Not Distracted,MD,Passenger Car,Turning Left,25,No,2007,LEXUS,ES,38.9895615,-77.02399717,2026,4,9
260015812,Property Damage Crash,04/13/2026 09:00:00 AM,E WAYNE AVE,NA,Other,Clear,Dry,Daylight,Stop Sign,NONE DETECTED,Yes,No Apparent Injury,NA,Unknown,MD,Passenger Car,Accelerating,25,No,2016,KIA,OPTIMA,38.99969307,-77.00972644,2026,4,9
260015812,Property Damage Crash,04/13/2026 09:00:00 AM,E WAYNE AVE,NA,Other,Clear,Dry,Daylight,No Controls,NONE DETECTED,No,No Apparent Injury,NA,Not Distracted,MD,Passenger Car,Moving Constant Speed,25,No,2023,SUBARU,FORESTER,38.99969307,-77.00972644,2026,4,9
260015712,Property Damage Crash,04/13/2026 02:53:00 AM,NA,NA,Single Vehicle,Clear,Dry,Medium,Flashing Traffic Control Signal,ALCOHOL PRESENT,No,No Apparent Injury,NA,Not Distracted,MD,Passenger Car,Moving Constant Speed,30,No,2013,HONDA,FIT,39.15259834,-77.1924133,2026,4,2
260015710,Injury Crash,04/12/2026 11:49:00 PM,BEL PRE RD,NA,"Sideswipe, Same Direction",Clear,Dry,Medium,No Controls,ALCOHOL PRESENT,Yes,No Apparent Injury,NA,Not Distracted,MD,Passenger Car,Moving Constant Speed,25,No,2013,HONDA,CIVIC,39.09671773,-77.09591005,2026,4,23
260015710,Injury Crash,04/12/2026 11:49:00 PM,BEL PRE RD,NA,"Sideswipe, Same Direction",Clear,Dry,Medium,No Controls,NONE DETECTED,No,No Apparent Injury,NA,Not Distracted,MD,Passenger Car,Parked,25,No,2010,KIA,SOUL,39.09671773,-77.09591005,2026,4,23
260015704,Property Damage Crash,04/12/2026 10:03:00 PM,NA,NA,Single Vehicle,Clear,NA,Medium,NA,NONE DETECTED,No,No Apparent Injury,NA,Not Distracted,MD,Passenger Car,Moving Constant Speed,0,No,2004,HONDA,CR-V,39.12667633,-77.20774333,2026,4,22
260015703,Property Damage Crash,04/12/2026 09:09:00 PM,FREDERICK RD,NA,"Sideswipe, Same Direction",Clear,Dry,Medium,No Controls,NONE DETECTED,No,No Apparent Injury,NA,Not Distracted,MD,Passenger Car,Moving Constant Speed,30,No,2015,NISSAN,ALTIMA,39.14700895,-77.20524403,2026,4,21
260015703,Property Damage Crash,04/12/2026 09:09:00 PM,FREDERICK RD,NA,"Sideswipe, Same Direction",Clear,Dry,Medium,No Controls,NONE DETECTED,Yes,No Apparent Injury,NA,Unknown,MD,Passenger Car,Turning Left,30,No,2018,AUDI,A4,39.14700895,-77.20524403,2026,4,21
260015701,Injury Crash,04/12/2026 08:52:00 PM,FREDERICK RD,NA,Front to Rear,Clear,Dry,Medium,No Controls,NONE DETECTED,No,Possible Minor Injury,NA,Not Distracted,MD,Passenger Car,Moving Constant Speed,35,No,2003,NISSAN,SENTRA,39.11458851,-77.16430428,2026,4,20
260015701,Injury Crash,04/12/2026 08:52:00 PM,FREDERICK RD,NA,Front to Rear,Clear,Dry,Medium,No Controls,NONE DETECTED,Yes,No Apparent Injury,NA,Unknown,MD,Sport Utility Vehicle,Entering Traffic Lane,35,No,2011,HONDA,PILOT,39.11458851,-77.16430428,2026,4,20
260015757,Property Damage Crash,04/12/2026 08:35:00 PM,SLIGO AVE,NA,"Sideswipe, Same Direction",Clear,Dry,Medium,No Controls,NONE DETECTED,No,NA,NA,NA,NA,Passenger Car,Moving Constant Speed,25,No,2019,FORD,FUSION,38.99009917,-77.022327,2026,4,20
260015700,Injury Crash,04/12/2026 08:03:00 PM,MIDCOUNTY HWY,NA,Angle,Clear,Dry,Medium,Traffic Control Signal,NONE DETECTED,Yes,No Apparent Injury,NA,Unknown,MD,Passenger Car,Moving Constant Speed,45,No,2006,BUICK,LUCERNE,39.14741424,-77.16930619,2026,4,20
260015700,Injury Crash,04/12/2026 08:03:00 PM,MIDCOUNTY HWY,NA,Angle,Clear,Dry,Medium,Traffic Control Signal,NONE DETECTED,No,Possible Minor Injury,NA,Not Distracted,MD,Passenger Car,Moving Constant Speed,30,No,2012,HONDA,CIVIC,39.14741424,-77.16930619,2026,4,20
260015699,Property Damage Crash,04/12/2026 08:00:00 PM,16TH ST,NA,Other,Clear,Dry,Dark,Traffic Control Signal,NONE DETECTED,Yes,No Apparent Injury,NA,Not Distracted,DC,Passenger Car,Turning Left,35,No,2026,TOYOTA,COROLLA,38.99450617,-77.03622483,2026,4,20
260015699,Property Damage Crash,04/12/2026 08:00:00 PM,16TH ST,NA,Other,Clear,Dry,Dark,Traffic Control Signal,NONE DETECTED,No,No Apparent Injury,NA,Not Distracted,MD,Passenger Car,Moving Constant Speed,35,No,2007,TOYOTA,SIENNA,38.99450617,-77.03622483,2026,4,20
260015692,Property Damage Crash,04/12/2026 07:03:00 PM,STEDWICK RD,NA,Front to Rear,Clear,Dry,Daylight,No Controls,ALCOHOL PRESENT,Yes,No Apparent Injury,Other Improper Action,Unknown,MD,Sport Utility Vehicle,Entering Traffic Lane,35,No,2018,FORD,ESCAPE,39.17096898,-77.21500626,2026,4,19
260015684,Property Damage Crash,04/12/2026 06:30:00 PM,E DIAMOND AVE,NA,Angle,Clear,Dry,Daylight,No Controls,NONE DETECTED,Yes,No Apparent Injury,Failed to Yield Right-of-Way,Unknown,MD,Sport Utility Vehicle,Entering Traffic Lane,25,No,2015,SUBARU,OUTBACK,39.14217067,-77.191741,2026,4,18
260015684,Property Damage Crash,04/12/2026 06:30:00 PM,E DIAMOND AVE,NA,Angle,Clear,Dry,Daylight,No Controls,NONE DETECTED,No,No Apparent Injury,NA,Not Distracted,MD,Sport Utility Vehicle,Moving Constant Speed,25,No,2018,TOYOTA,RAV4,39.14217067,-77.191741,2026,4,18
260015686,Property Damage Crash,04/12/2026 06:15:00 PM,NA,NA,Rear To Rear,Clear,NA,Daylight,NA,NONE DETECTED,No,NA,Improper Backing,NA,NA,Sport Utility Vehicle,Backing,0,No,2026,SUBARU,FORESTER,39.05328387,-77.12315161,2026,4,18
260015678,Injury Crash,04/12/2026 05:09:00 PM,COLUMBIA PIKE,NA,Angle,Clear,Dry,Daylight,No Controls,NONE DETECTED,No,Possible Minor Injury,NA,Not Distracted,MD,Passenger Car,Stopped in Traffic,55,No,2018,HYUNDAI,TUCSON,39.09368525,-76.93929355,2026,4,17
260015678,Injury Crash,04/12/2026 05:09:00 PM,COLUMBIA PIKE,NA,Angle,Clear,Dry,Daylight,No Controls,NONE DETECTED,No,No Apparent Injury,NA,Not Distracted,MD,Passenger Car,Slowing or Stopping,55,No,2022,HONDA,HR-V,39.09368525,-76.93929355,2026,4,17
260015678,Injury Crash,04/12/2026 05:09:00 PM,COLUMBIA PIKE,NA,Angle,Clear,Dry,Daylight,No Controls,NONE DETECTED,No,No Apparent Injury,NA,Not Distracted,MD,Passenger Car,Slowing or Stopping,55,No,2017,TOYOTA,RAV4,39.09368525,-76.93929355,2026,4,17
260015674,Property Damage Crash,04/12/2026 04:16:00 PM,COLESVILLE RD (SB/L),NA,Angle,Clear,Dry,Daylight,No Controls,NONE DETECTED,No,No Apparent Injury,NA,Unknown,MD,Passenger Car,Moving Constant Speed,40,No,2021,SUBARU,ASCENT,39.0237895,-77.0111695,2026,4,16
260015674,Property Damage Crash,04/12/2026 04:16:00 PM,COLESVILLE RD (SB/L),NA,Angle,Clear,Dry,Daylight,No Controls,NONE DETECTED,No,No Apparent Injury,NA,Not Distracted,MD,Passenger Car,Moving Constant Speed,40,No,2021,HYUNDAI,ACCENT,39.0237895,-77.0111695,2026,4,16
260015671,Property Damage Crash,04/12/2026 04:13:00 PM,NA,NA,Front to Front,Cloudy,Dry,Daylight,No Controls,NONE DETECTED,No,No Apparent Injury,NA,Not Distracted,MD,Passenger Car,Moving Constant Speed,30,No,2016,HONDA,PILOT,39.017559,-77.02361167,2026,4,16
260015671,Property Damage Crash,04/12/2026 04:13:00 PM,NA,NA,Front to Front,Cloudy,Dry,Daylight,No Controls,NONE DETECTED,Yes,No Apparent Injury,NA,Unknown,MD,Passenger Car,Turning Left,30,No,2013,MERCEDES-BENZ,E-CLASS,39.017559,-77.02361167,2026,4,16
260015658,Property Damage Crash,04/12/2026 02:00:00 PM,SNIDER LA,NA,"Sideswipe, Same Direction",Clear,Dry,Daylight,No Controls,NONE DETECTED,No,No Apparent Injury,NA,Unknown,MD,Passenger Car,Overtaking/Passing,30,No,1998,TOYOTA,COROLLA,39.11170082,-76.99285374,2026,4,14
260015658,Property Damage Crash,04/12/2026 02:00:00 PM,SNIDER LA,NA,"Sideswipe, Same Direction",Clear,Dry,Daylight,No Controls,NONE DETECTED,No,NA,NA,NA,NA,Other Trucks,Accelerating,30,No,2017,GMC,SAVANA,39.11170082,-76.99285374,2026,4,14
260015646,Property Damage Crash,04/12/2026 12:27:00 PM,NA,NA,Rear To Side,Clear,NA,Daylight,NA,NONE DETECTED,Yes,No Apparent Injury,"Operated Motor Vehicle in Inattentive, Careless, Negligent, or Erratic Manner",Unknown,MD,Passenger Car,Backing,0,No,2019,TOYOTA,CAMRY,39.20098776,-77.24885104,2026,4,12
260015619,Property Damage Crash,04/12/2026 04:15:00 AM,E RANDOLPH RD (WB/L),NA,Angle,Clear,Dry,Medium,Traffic Control Signal,NONE DETECTED,No,No Apparent Injury,NA,Not Distracted,MD,Sport Utility Vehicle,Moving Constant Speed,40,No,2012,HONDA,CR-V,39.06356817,-76.9660565,2026,4,4
260015620,Injury Crash,04/12/2026 04:15:00 AM,W MONTGOMERY AVE,NA,Single Vehicle,Clear,Dry,Medium,No Controls,NONE DETECTED,No,Suspected Serious Injury,"Operated Motor Vehicle in Inattentive, Careless, Negligent, or Erratic Manner, Operated Motor Vehicle in Reckless or Aggressive Manner, Other Improper Action, Over-Correcting/Over-Steering, Too Fast For Conditions",Unknown,MD,Passenger Car,NA,40,No,2012,NISSAN,FRONTIER,39.10119244,-77.18717987,2026,4,4
260015619,Property Damage Crash,04/12/2026 04:15:00 AM,E RANDOLPH RD (WB/L),NA,Angle,Clear,Dry,Medium,Traffic Control Signal,NONE DETECTED,Yes,No Apparent Injury,NA,Unknown,MD,Passenger Car,Moving Constant Speed,35,No,2023,TOYOTA,COROLLA,39.06356817,-76.9660565,2026,4,4
260015618,Property Damage Crash,04/12/2026 03:50:00 AM,UNIVERSITY BLVD W (WB/L),NA,Single Vehicle,Clear,Dry,Medium,No Controls,ALCOHOL PRESENT,Yes,No Apparent Injury,"Operated Motor Vehicle in Inattentive, Careless, Negligent, or Erratic Manner, Other Improper Action, Ran Off Roadway, Ran Red Light",Unknown,MD,Passenger Car,Accelerating,35,No,2011,DODGE,CHARGER,39.0211336,-77.013914,2026,4,3
260015617,Injury Crash,04/12/2026 03:44:00 AM,A ST (WB/L),NA,Single Vehicle,Clear,Dry,Medium,Traffic Control Signal,NONE DETECTED,No,NA,"Failed to Keep in Proper Lane, Improper Turn, Operated Motor Vehicle in Inattentive, Careless, Negligent, or Erratic Manner, Operated Motor Vehicle in Reckless or Aggressive Manner, Over-Correcting/Over-Steering, Too Fast For Conditions, Wrong Side",Unknown,NA,Passenger Car,Turning Left,35,No,2024,ACURA,UNKNOWN,39.09205205,-77.15325285,2026,4,3
260015612,Property Damage Crash,04/12/2026 01:18:00 AM,GOOD HOPE RD,NA,Single Vehicle,Clear,Dry,Medium,No Controls,ALCOHOL PRESENT,Yes,No Apparent Injury,"Over-Correcting/Over-Steering, Too Fast For Conditions",Not Distracted,MD,Passenger Car,Moving Constant Speed,30,No,2020,LEXUS,RX,39.09388867,-76.99304,2026,4,1
260015616,Fatal Crash,04/12/2026 01:17:00 AM,GEORGIA AVE,NA,Single Vehicle,Clear,Dry,Medium,No Controls,DRUG AND ALCOHOL CONTRIBUTED,No,Fatal Injury,NA,Unknown,MD,Sport Utility Vehicle,Moving Constant Speed,35,No,2011,CADILLAC,ESCALADE,39.05908212,-77.05007045,2026,4,1
260015609,Injury Crash,04/12/2026 12:40:00 AM,GEORGIA AVE,NA,Angle,Clear,Dry,Medium,Traffic Control Signal,NONE DETECTED,No,No Apparent Injury,NA,Not Distracted,MD,Passenger Car,Turning Left,45,No,2011,CHEVROLET,CRUZE,39.093238,-77.07941787,2026,4,0
260015609,Injury Crash,04/12/2026 12:40:00 AM,GEORGIA AVE,NA,Angle,Clear,Dry,Medium,Traffic Control Signal,NONE DETECTED,No,No Apparent Injury,NA,Not Distracted,MD,Passenger Car,Turning Left,45,No,2017,TOYOTA,COROLLA IM,39.093238,-77.07941787,2026,4,0
260015609,Injury Crash,04/12/2026 12:40:00 AM,GEORGIA AVE,NA,Angle,Clear,Dry,Medium,Traffic Control Signal,NONE DETECTED,Yes,No Apparent Injury,"Operated Motor Vehicle in Inattentive, Careless, Negligent, or Erratic Manner, Operated Motor Vehicle in Reckless or Aggressive Manner, Ran Red Light",Not Distracted,MD,Passenger Car,Moving Constant Speed,45,No,2014,TOYOTA,CAMRY,39.093238,-77.07941787,2026,4,0
260015603,Property Damage Crash,04/11/2026 11:08:00 PM,RIDGE RD (SB/L),NA,Angle,Clear,Dry,Medium,Traffic Control Signal,NONE DETECTED,No,No Apparent Injury,NA,Not Distracted,MD,Passenger Car,Turning Left,35,No,2021,ALFA ROMEO,STELVIO,39.21011433,-77.24003806,2026,4,23
260015603,Property Damage Crash,04/11/2026 11:08:00 PM,RIDGE RD (SB/L),NA,Angle,Clear,Dry,Medium,Traffic Control Signal,NONE DETECTED,Yes,No Apparent Injury,NA,Unknown,MD,Passenger Car,Moving Constant Speed,45,No,2015,NISSAN,ALTIMA,39.21011433,-77.24003806,2026,4,23
260015606,Property Damage Crash,04/11/2026 11:00:00 PM,NORBECK RD (WB/L),NA,"Sideswipe, Opposite Direction",Clear,Dry,Medium,No Controls,NONE DETECTED,No,No Apparent Injury,NA,Not Distracted,MD,Passenger Car,Moving Constant Speed,40,No,2014,HONDA,ACCORD,39.12087948,-77.03599754,2026,4,23
260015598,Injury Crash,04/11/2026 10:16:00 PM,HEWITT AVE,NA,"Sideswipe, Opposite Direction",Clear,Dry,Medium,No Controls,ALCOHOL PRESENT,Yes,No Apparent Injury,"Failed to Keep in Proper Lane, Operated Motor Vehicle in Inattentive, Careless, Negligent, or Erratic Manner, Operated Motor Vehicle in Reckless or Aggressive Manner",Not Distracted,MD,Passenger Car,Moving Constant Speed,35,No,2009,MERCEDES-BENZ,GL-CLASS,39.07963867,-77.06557517,2026,4,22
260015598,Injury Crash,04/11/2026 10:16:00 PM,HEWITT AVE,NA,"Sideswipe, Opposite Direction",Clear,Dry,Medium,No Controls,NONE DETECTED,No,Possible Minor Injury,NA,Not Distracted,MD,Passenger Car,Moving Constant Speed,35,No,2013,KIA,SORENTO,39.07963867,-77.06557517,2026,4,22
260015590,Property Damage Crash,04/11/2026 09:18:00 PM,LITTLE SENECA PKWY,NA,Single Vehicle,Clear,Dry,Medium,No Controls,NONE DETECTED,Yes,No Apparent Injury,Over-Correcting/Over-Steering,Unknown,MD,Passenger Car,Moving Constant Speed,35,No,2012,TOYOTA,CAMRY,39.22653331,-77.25584009,2026,4,21
260015592,Injury Crash,04/11/2026 09:04:00 PM,SENECA RD,NA,Other,Clear,Dry,Dark,No Controls,NONE DETECTED,Yes,Possible Minor Injury,"Failed to Keep in Proper Lane, Other Improper Action, Ran Off Roadway, Wrong Side",Unknown,MD,Passenger Car,Moving Constant Speed,30,No,2025,PORSCHE,718 SPYDER,39.09300267,-77.2992505,2026,4,21
260015592,Injury Crash,04/11/2026 09:04:00 PM,SENECA RD,NA,Other,Clear,Dry,Dark,No Controls,NONE DETECTED,No,No Apparent Injury,NA,Not Distracted,MD,Passenger Car,Moving Constant Speed,30,No,2020,TESLA,MODEL 3,39.09300267,-77.2992505,2026,4,21
260015584,Property Damage Crash,04/11/2026 08:15:00 PM,NA,NA,"Sideswipe, Opposite Direction",Clear,NA,Medium,NA,NONE DETECTED,No,No Apparent Injury,NA,Not Distracted,MD,Sport Utility Vehicle,Moving Constant Speed,0,No,2025,HYUNDAI,PALISADE,38.98168882,-77.09682316,2026,4,20
260015584,Property Damage Crash,04/11/2026 08:15:00 PM,NA,NA,"Sideswipe, Opposite Direction",Clear,NA,Medium,NA,NONE DETECTED,No,NA,NA,NA,NA,NA,Turning Right,0,No,0,NA,NA,38.98168882,-77.09682316,2026,4,20
260015581,Injury Crash,04/11/2026 08:11:00 PM,NA,Cyclist (non-electric),Single Vehicle,Clear,NA,Medium,NA,NONE DETECTED,No,No Apparent Injury,NA,Not Distracted,MD,Passenger Car,Turning Left,0,No,2021,TOYOTA,RAV4,39.12505611,-77.2360747,2026,4,20
260015576,Property Damage Crash,04/11/2026 05:34:00 PM,FREDERICK RD (SB/L),NA,Front to Rear,Clear,Dry,Daylight,No Controls,NONE DETECTED,No,No Apparent Injury,NA,Not Distracted,MD,Passenger Car,Moving Constant Speed,40,No,2014,HONDA,ACCORD,39.2090875,-77.247408,2026,4,17
260015576,Property Damage Crash,04/11/2026 05:34:00 PM,FREDERICK RD (SB/L),NA,Front to Rear,Clear,Dry,Daylight,No Controls,NONE DETECTED,Yes,No Apparent Injury,Followed Too Closely,Unknown,MD,Passenger Car,Moving Constant Speed,40,No,2024,LEXUS,RX,39.2090875,-77.247408,2026,4,17
260015566,Property Damage Crash,04/11/2026 05:23:00 PM,DURANT ST,NA,Single Vehicle,Clear,Dry,Daylight,No Controls,NONE DETECTED,No,No Apparent Injury,"Improper Turn, Ran Off Roadway",Unknown,MD,Passenger Car,Turning Right,25,No,2013,FORD,FUSION,39.10879088,-76.97470035,2026,4,17
260015558,Injury Crash,04/11/2026 04:48:00 PM,RUSSELL AVE (SB/L),NA,Rear To Side,Clear,Dry,Daylight,Traffic Control Signal,NONE DETECTED,No,Possible Minor Injury,NA,Not Distracted,MD,Passenger Car,Moving Constant Speed,35,No,2019,TOYOTA,CAMRY,39.15141983,-77.20739917,2026,4,16
260015558,Injury Crash,04/11/2026 04:48:00 PM,RUSSELL AVE (SB/L),NA,Rear To Side,Clear,Dry,Daylight,Traffic Control Signal,NONE DETECTED,No,No Apparent Injury,NA,Unknown,MD,Passenger Car,Turning Left,35,No,2015,BMW,320I,39.15141983,-77.20739917,2026,4,16
260015554,Property Damage Crash,04/11/2026 04:04:00 PM,NA,NA,"Sideswipe, Same Direction",Clear,NA,Daylight,NA,NONE DETECTED,No,NA,NA,NA,NA,NA,Accelerating,0,No,0,NA,NA,39.03373121,-77.07442933,2026,4,16
260015554,Property Damage Crash,04/11/2026 04:04:00 PM,NA,NA,"Sideswipe, Same Direction",Clear,NA,Daylight,NA,NONE DETECTED,No,No Apparent Injury,NA,Not Distracted,MD,Passenger Car,Stopped in Traffic,0,No,2023,BMW,Z4,39.03373121,-77.07442933,2026,4,16