Local Case Number,ACRS Report Type,Crash Date/Time,Road Name,Related Non-Motorist,Collision Type,Weather,Surface Condition,Light,Traffic Control,Driver Substance Abuse,Driver At Fault,Injury Severity,Circumstance,Driver Distracted By,Drivers License State,Vehicle Body Type,Vehicle Movement,Speed Limit,Driverless Vehicle,Vehicle Year,Vehicle Make,Vehicle Model,Latitude,Longitude,Year,Month,Hour
260015553,Property Damage Crash,04/11/2026 03:48:00 PM,NEW HAMPSHIRE AVE (SB/L),NA,"Sideswipe, Same Direction",Clear,Dry,Daylight,No Controls,NONE DETECTED,No,NA,NA,NA,NA,Pickup,Changing Lanes,40,No,2016,RAM,3500,39.05533722,-76.99565191,2026,4,15
260015553,Property Damage Crash,04/11/2026 03:48:00 PM,NEW HAMPSHIRE AVE (SB/L),NA,"Sideswipe, Same Direction",Clear,Dry,Daylight,No Controls,NONE DETECTED,No,No Apparent Injury,NA,Not Distracted,VA,Passenger Car,Slowing or Stopping,40,No,2022,TOYOTA,RAV4,39.05533722,-76.99565191,2026,4,15
260015555,Injury Crash,04/11/2026 03:46:00 PM,NA,Pedestrian,"Sideswipe, Opposite Direction",Clear,NA,Daylight,NA,NONE DETECTED,Yes,No Apparent Injury,Other Improper Action,Not Distracted,MD,Sport Utility Vehicle,Backing,0,No,2021,SUBARU,ASCENT,39.1198773,-77.26635668,2026,4,15
260015545,Property Damage Crash,04/11/2026 02:54:00 PM,NA,NA,Rear To Rear,Clear,NA,Daylight,NA,NONE DETECTED,Yes,No Apparent Injury,NA,"Other Action (looking away from task, etc.)",MD,Passenger Car,Backing,0,No,2023,FORD,EXPLORER,39.02183615,-76.97682978,2026,4,14
260015539,Injury Crash,04/11/2026 02:42:00 PM,NEW HAMPSHIRE AVE,NA,Front to Rear,Clear,Dry,Daylight,Pedestrian Crossing Sign,NONE DETECTED,No,No Apparent Injury,NA,Not Distracted,MD,Passenger Car,Slowing or Stopping,35,No,2015,TOYOTA,4-RUNNER,39.016043,-76.9774635,2026,4,14
260015539,Injury Crash,04/11/2026 02:42:00 PM,NEW HAMPSHIRE AVE,NA,Front to Rear,Clear,Dry,Daylight,Pedestrian Crossing Sign,NONE DETECTED,No,No Apparent Injury,NA,Unknown,MD,Passenger Car,Slowing or Stopping,35,No,2016,NISSAN,SENTRA,39.016043,-76.9774635,2026,4,14
260015539,Injury Crash,04/11/2026 02:42:00 PM,NEW HAMPSHIRE AVE,NA,Front to Rear,Clear,Dry,Daylight,Pedestrian Crossing Sign,NONE DETECTED,No,Possible Minor Injury,NA,Unknown,MD,Passenger Car,Slowing or Stopping,35,No,2016,HONDA,ACCORD,39.016043,-76.9774635,2026,4,14
260015530,Property Damage Crash,04/11/2026 01:33:00 PM,WASHINGTONIAN BLVD,NA,Front to Front,Clear,Dry,Daylight,No Controls,NONE DETECTED,No,No Apparent Injury,NA,Not Distracted,MD,Bus - Transit,Leaving Traffic Lane,25,No,2017,GILLIG,LOW FLOOR BUS,39.11649717,-77.19924983,2026,4,13
260015535,Injury Crash,04/11/2026 01:25:00 PM,AVERY RD,NA,Front to Front,Clear,Dry,Daylight,No Controls,NONE DETECTED,Yes,No Apparent Injury,Failed to Keep in Proper Lane,"Other Action (looking away from task, etc.)",MD,Passenger Car,Moving Constant Speed,20,No,2021,NISSAN,KICKS,39.10487,-77.12216833,2026,4,13
260015535,Injury Crash,04/11/2026 01:25:00 PM,AVERY RD,NA,Front to Front,Clear,Dry,Daylight,No Controls,NONE DETECTED,No,Possible Minor Injury,NA,Not Distracted,MD,Passenger Car,Moving Constant Speed,20,No,2016,VOLVO,XC60,39.10487,-77.12216833,2026,4,13
260015519,Property Damage Crash,04/11/2026 12:10:00 PM,FATHER HURLEY BLVD,NA,Angle,Clear,Dry,Daylight,Traffic Control Signal,NONE DETECTED,Yes,No Apparent Injury,Failed to Yield Right-of-Way,Not Distracted,MD,Passenger Car,Turning Left,35,No,2015,TOYOTA,RAV4,39.18392551,-77.27378457,2026,4,12
260015519,Property Damage Crash,04/11/2026 12:10:00 PM,FATHER HURLEY BLVD,NA,Angle,Clear,Dry,Daylight,Traffic Control Signal,NONE DETECTED,No,No Apparent Injury,NA,Not Distracted,MD,Passenger Car,Accelerating,35,No,2017,KIA,SOUL,39.18392551,-77.27378457,2026,4,12
260015522,Property Damage Crash,04/11/2026 12:09:00 PM,SOUTHLAWN LA,NA,"Sideswipe, Same Direction",Clear,Dry,Daylight,No Controls,NONE DETECTED,Yes,No Apparent Injury,Improper Passing,Not Distracted,MD,Sport Utility Vehicle,Overtaking/Passing,35,No,2025,TOYOTA,RAV4,39.10644467,-77.121787,2026,4,12
260015522,Property Damage Crash,04/11/2026 12:09:00 PM,SOUTHLAWN LA,NA,"Sideswipe, Same Direction",Clear,Dry,Daylight,No Controls,NONE DETECTED,No,No Apparent Injury,NA,Not Distracted,MD,Passenger Car,Overtaking/Passing,35,No,2023,TESLA,MODEL Y,39.10644467,-77.121787,2026,4,12
260015520,Injury Crash,04/11/2026 12:00:00 PM,GEORGIA AVE,NA,Angle,Clear,Dry,Daylight,No Controls,NONE DETECTED,No,No Apparent Injury,NA,Not Distracted,MD,Passenger Car,Moving Constant Speed,35,No,2019,JEEP,WRANGLER,39.02222109,-77.0450246,2026,4,12
260015520,Injury Crash,04/11/2026 12:00:00 PM,GEORGIA AVE,NA,Angle,Clear,Dry,Daylight,No Controls,NONE DETECTED,Yes,Possible Minor Injury,Failed to Yield Right-of-Way,Not Distracted,MD,Passenger Car,Turning Left,35,No,2015,NISSAN,ROGUE,39.02222109,-77.0450246,2026,4,12
260015505,Property Damage Crash,04/11/2026 10:37:00 AM,OLD COLUMBIA PIKE,NA,Front to Front,Clear,Dry,Daylight,No Controls,NONE DETECTED,Yes,No Apparent Injury,NA,Not Distracted,VA,Passenger Car,Turning Left,25,No,2020,TOYOTA,4-RUNNER,39.07667192,-76.95736183,2026,4,10
260015505,Property Damage Crash,04/11/2026 10:37:00 AM,OLD COLUMBIA PIKE,NA,Front to Front,Clear,Dry,Daylight,No Controls,NONE DETECTED,No,No Apparent Injury,NA,Not Distracted,MD,Passenger Car,Moving Constant Speed,25,No,2025,HONDA,PILOT,39.07667192,-76.95736183,2026,4,10
260015847,Injury Crash,04/11/2026 10:30:00 AM,NA,Pedestrian,Single Vehicle,Clear,NA,Daylight,NA,NONE DETECTED,Yes,No Apparent Injury,NA,Unknown,MD,Sport Utility Vehicle,Slowing or Stopping,0,No,2020,SUBARU,FORESTER,39.05681484,-77.11508985,2026,4,10
260015499,Property Damage Crash,04/11/2026 09:25:00 AM,FREDERICK RD (SB/L),NA,Other,Clear,Dry,Daylight,Traffic Control Signal,NONE DETECTED,No,No Apparent Injury,NA,Not Distracted,DC,Pickup,Accelerating,30,No,2018,TOYOTA,TACOMA,39.11555861,-77.16634133,2026,4,9
260015499,Property Damage Crash,04/11/2026 09:25:00 AM,FREDERICK RD (SB/L),NA,Other,Clear,Dry,Daylight,Traffic Control Signal,NONE DETECTED,Yes,No Apparent Injury,Ran Red Light,Unknown,MD,Sport Utility Vehicle,Moving Constant Speed,40,No,2019,HONDA,HR-V,39.11555861,-77.16634133,2026,4,9
260015495,Injury Crash,04/11/2026 08:16:00 AM,RAMP 4 FR MD 650 NB TO US 29 EB,NA,Front to Rear,Clear,Dry,Daylight,Pedestrian Crossing,NONE DETECTED,No,Possible Minor Injury,NA,Not Distracted,MD,Passenger Car,Slowing or Stopping,40,No,2017,HONDA,HR-V,39.04143783,-76.991156,2026,4,8
260015495,Injury Crash,04/11/2026 08:16:00 AM,RAMP 4 FR MD 650 NB TO US 29 EB,NA,Front to Rear,Clear,Dry,Daylight,Pedestrian Crossing,NONE DETECTED,No,NA,Followed Too Closely,NA,NA,Pickup,Moving Constant Speed,40,No,0,NA,NA,39.04143783,-76.991156,2026,4,8
260015495,Injury Crash,04/11/2026 08:16:00 AM,RAMP 4 FR MD 650 NB TO US 29 EB,NA,Front to Rear,Clear,Dry,Daylight,Pedestrian Crossing,NONE DETECTED,No,No Apparent Injury,Followed Too Closely,Not Distracted,MD,Passenger Car,Slowing or Stopping,40,No,2006,TOYOTA,COROLLA,39.04143783,-76.991156,2026,4,8
260015482,Property Damage Crash,04/11/2026 01:15:00 AM,NA,NA,"Sideswipe, Opposite Direction",Clear,NA,Medium,NA,ALCOHOL PRESENT,Yes,No Apparent Injury,NA,Not Distracted,MD,Passenger Car,Backing,0,No,2015,TOYOTA,COROLLA,39.04714277,-77.11414507,2026,4,1
260016139,Property Damage Crash,04/11/2026 12:47:00 AM,BEL PRE RD (EB/L),NA,"Sideswipe, Same Direction",Clear,Dry,Medium,Traffic Control Signal,NONE DETECTED,No,NA,Failed to Keep in Proper Lane,NA,NA,Pickup,Accelerating,25,No,2014,FORD,F-150,39.09304705,-77.07979197,2026,4,0
260016139,Property Damage Crash,04/11/2026 12:47:00 AM,BEL PRE RD (EB/L),NA,"Sideswipe, Same Direction",Clear,Dry,Medium,Traffic Control Signal,NONE DETECTED,No,No Apparent Injury,NA,Not Distracted,MD,Sport Utility Vehicle,Stopped in Traffic,25,No,2023,MERCEDES-BENZ,GLC-CLASS,39.09304705,-77.07979197,2026,4,0
260015481,Property Damage Crash,04/11/2026 12:27:00 AM,KEATING ST,NA,Angle,Clear,Dry,Dark,No Controls,NONE DETECTED,No,No Apparent Injury,"Operated Motor Vehicle in Inattentive, Careless, Negligent, or Erratic Manner",Unknown,NA,Passenger Car,NA,30,No,2018,HONDA,CIVIC,39.07503377,-77.09055977,2026,4,0
260015476,Injury Crash,04/10/2026 10:50:00 PM,PARKLAND DR,Pedestrian,Single Vehicle,Clear,Dry,Medium,No Controls,NONE DETECTED,Yes,No Apparent Injury,NA,Not Distracted,MD,Sport Utility Vehicle,Overtaking/Passing,25,No,2016,HONDA,CR-V,39.07260162,-77.08724303,2026,4,22
260015470,Property Damage Crash,04/10/2026 10:10:00 PM,N SUMMIT AVE,NA,Front to Rear,Clear,Dry,Medium,Traffic Control Signal,NONE DETECTED,Yes,No Apparent Injury,Followed Too Closely,Unknown,MD,Passenger Car,Accelerating,25,No,2016,GMC,ACADIA,39.14423754,-77.19281413,2026,4,22
260015470,Property Damage Crash,04/10/2026 10:10:00 PM,N SUMMIT AVE,NA,Front to Rear,Clear,Dry,Medium,Traffic Control Signal,NONE DETECTED,No,No Apparent Injury,NA,Not Distracted,MD,Passenger Car,Slowing or Stopping,25,No,2016,FORD,EXPLORER,39.14423754,-77.19281413,2026,4,22
260015464,Property Damage Crash,04/10/2026 09:30:00 PM,AUTUMN MIST CIR,NA,Angle,Clear,Dry,Medium,No Controls,NONE DETECTED,Yes,No Apparent Injury,NA,Unknown,MD,Passenger Car,Negotiating a Curve,10,No,2026,NISSAN,ROGUE,39.16040617,-77.27357817,2026,4,21
260015456,Injury Crash,04/10/2026 09:03:00 PM,GRACEFIELD RD,NA,Angle,Clear,Dry,Medium,Stop Sign,NONE DETECTED,No,Possible Minor Injury,NA,Not Distracted,MD,Passenger Car,Moving Constant Speed,30,No,2019,TOYOTA,CAMRY,39.05695667,-76.95123512,2026,4,21
260015456,Injury Crash,04/10/2026 09:03:00 PM,GRACEFIELD RD,NA,Angle,Clear,Dry,Medium,Stop Sign,NONE DETECTED,No,Possible Minor Injury,NA,Not Distracted,MD,Passenger Car,Moving Constant Speed,30,No,2015,JEEP,PATRIOT,39.05695667,-76.95123512,2026,4,21
260015455,Property Damage Crash,04/10/2026 09:00:00 PM,MIDWAY AVE,NA,"Sideswipe, Same Direction",Clear,Dry,Medium,No Controls,NONE DETECTED,Yes,No Apparent Injury,NA,Not Distracted,MD,Passenger Car,Moving Constant Speed,35,No,2026,FORD,MUSTANG,39.07306469,-77.1189239,2026,4,21
260015466,Property Damage Crash,04/10/2026 08:54:00 PM,NA,NA,Angle,Clear,NA,Medium,NA,NONE DETECTED,No,NA,NA,NA,NA,Pickup,Accelerating,0,No,0,NA,NA,39.0534719,-76.95409383,2026,4,20
260015466,Property Damage Crash,04/10/2026 08:54:00 PM,NA,NA,Angle,Clear,NA,Medium,NA,NONE DETECTED,No,No Apparent Injury,NA,Not Distracted,MD,Sport Utility Vehicle,Parked,0,No,2021,ACURA,RDX,39.0534719,-76.95409383,2026,4,20
260015473,Injury Crash,04/10/2026 08:25:00 PM,NA,Pedestrian,"Sideswipe, Same Direction",Clear,Dry,Medium,No Controls,NONE DETECTED,Yes,No Apparent Injury,"Operated Motor Vehicle in Inattentive, Careless, Negligent, or Erratic Manner",Not Distracted,MD,Other Trucks,Moving Constant Speed,35,No,2012,FORD,E-450,39.09941546,-77.05228275,2026,4,20
260015436,Property Damage Crash,04/10/2026 07:05:00 PM,FENTON ST,NA,"Sideswipe, Same Direction",Clear,Dry,Daylight,Traffic Control Signal,NONE DETECTED,No,NA,NA,NA,NA,Bus - Transit,Moving Constant Speed,25,No,2025,GILLIG,LOW FLOOR BUS,38.99308316,-77.02411568,2026,4,19
260015436,Property Damage Crash,04/10/2026 07:05:00 PM,FENTON ST,NA,"Sideswipe, Same Direction",Clear,Dry,Daylight,Traffic Control Signal,NONE DETECTED,No,No Apparent Injury,NA,Not Distracted,MD,Passenger Car,Stopped in Traffic,25,No,2019,FORD,MUSTANG,38.99308316,-77.02411568,2026,4,19
260015428,Property Damage Crash,04/10/2026 06:50:00 PM,DENNIS AVE,Pedestrian,Single Vehicle,Clear,Dry,Daylight,No Controls,NONE DETECTED,No,No Apparent Injury,NA,Not Distracted,MD,Passenger Car,Moving Constant Speed,25,No,2017,TOYOTA,COROLLA,39.02585067,-77.03342883,2026,4,18
260015420,Property Damage Crash,04/10/2026 06:41:00 PM,DILSTON RD,NA,Other,Clear,Dry,Daylight,Traffic Control Signal,NONE DETECTED,Yes,No Apparent Injury,Failed to Yield Right-of-Way,Unknown,MD,Passenger Car,Turning Left,25,No,2011,TOYOTA,PRIUS,39.01138417,-76.97901367,2026,4,18
260015420,Property Damage Crash,04/10/2026 06:41:00 PM,DILSTON RD,NA,Other,Clear,Dry,Daylight,Traffic Control Signal,NONE DETECTED,No,No Apparent Injury,NA,Not Distracted,MD,Passenger Car,Accelerating,25,No,2012,NISSAN,SENTRA,39.01138417,-76.97901367,2026,4,18
260015411,Injury Crash,04/10/2026 06:00:00 PM,RANDOLPH RD,NA,Front to Rear,Clear,Dry,Daylight,No Controls,NONE DETECTED,No,No Apparent Injury,NA,Not Distracted,MD,Passenger Car,Slowing or Stopping,40,No,2002,NISSAN,PATHFINDER,39.0664075,-77.02845483,2026,4,18
260015411,Injury Crash,04/10/2026 06:00:00 PM,RANDOLPH RD,NA,Front to Rear,Clear,Dry,Daylight,No Controls,NONE DETECTED,Yes,Possible Minor Injury,Followed Too Closely,Not Distracted,MD,Passenger Car,Moving Constant Speed,40,No,2021,HONDA,HR-V,39.0664075,-77.02845483,2026,4,18
260015411,Injury Crash,04/10/2026 06:00:00 PM,RANDOLPH RD,NA,Front to Rear,Clear,Dry,Daylight,No Controls,NONE DETECTED,No,No Apparent Injury,NA,Not Distracted,MD,Pickup,Slowing or Stopping,40,No,2001,DODGE,RAM,39.0664075,-77.02845483,2026,4,18
260015424,Property Damage Crash,04/10/2026 05:30:00 PM,CONNECTICUT AVE (SB/L),NA,"Sideswipe, Same Direction",Clear,Dry,Daylight,Traffic Control Signal,NONE DETECTED,No,NA,Improper Passing,Unknown,NA,Passenger Car,Overtaking/Passing,30,No,2017,TOYOTA,RAV4,39.02745348,-77.07666006,2026,4,17
260015424,Property Damage Crash,04/10/2026 05:30:00 PM,CONNECTICUT AVE (SB/L),NA,"Sideswipe, Same Direction",Clear,Dry,Daylight,Traffic Control Signal,NONE DETECTED,No,No Apparent Injury,NA,Not Distracted,MD,Passenger Car,Turning Left,30,No,2020,TOYOTA,COROLLA,39.02745348,-77.07666006,2026,4,17
260015403,Injury Crash,04/10/2026 05:00:00 PM,FATHER HURLEY BLVD,NA,Front to Rear,Clear,Dry,Daylight,Traffic Control Signal,NONE DETECTED,No,NA,NA,NA,NA,Pickup,NA,35,No,2017,CHEVROLET,SILVERADO,39.19597802,-77.2667137,2026,4,17
260015403,Injury Crash,04/10/2026 05:00:00 PM,FATHER HURLEY BLVD,NA,Front to Rear,Clear,Dry,Daylight,Traffic Control Signal,NONE DETECTED,No,Possible Minor Injury,NA,Not Distracted,MD,Passenger Car,Moving Constant Speed,35,No,2020,HONDA,ACCORD,39.19597802,-77.2667137,2026,4,17
260015402,Property Damage Crash,04/10/2026 04:50:00 PM,ROCKVILLE PIKE,NA,Front to Rear,Clear,Dry,Daylight,Traffic Control Signal,NONE DETECTED,No,No Apparent Injury,NA,Not Distracted,MD,Passenger Car,Stopped in Traffic,35,No,2012,HONDA,CIVIC,39.014546,-77.0994085,2026,4,16
260015402,Property Damage Crash,04/10/2026 04:50:00 PM,ROCKVILLE PIKE,NA,Front to Rear,Clear,Dry,Daylight,Traffic Control Signal,NONE DETECTED,Yes,No Apparent Injury,"Followed Too Closely, Too Fast For Conditions",Unknown,MD,Passenger Car,Moving Constant Speed,35,No,2008,HYUNDAI,ELANTRA,39.014546,-77.0994085,2026,4,16
260015390,Property Damage Crash,04/10/2026 04:12:00 PM,MONTGOMERY VILLAGE AVE (SB/L),NA,"Sideswipe, Same Direction",Clear,Dry,Daylight,No Controls,NONE DETECTED,No,NA,NA,NA,NA,Passenger Car,Changing Lanes,35,No,0,NA,NA,39.16555914,-77.20481376,2026,4,16
260015390,Property Damage Crash,04/10/2026 04:12:00 PM,MONTGOMERY VILLAGE AVE (SB/L),NA,"Sideswipe, Same Direction",Clear,Dry,Daylight,Pedestrian Crossing,NONE DETECTED,No,No Apparent Injury,NA,Not Distracted,MD,Bus - School,Stopped in Traffic,35,No,2023,FREIGHTLINER,B2 106 ELECTRIC CONVENTIONAL CHASSIS,39.16555914,-77.20481376,2026,4,16
260015408,Property Damage Crash,04/10/2026 04:00:00 PM,NA,NA,Front to Rear,Clear,NA,Daylight,NA,NONE DETECTED,No,NA,NA,NA,NA,Passenger Car,Backing,0,No,2021,HONDA,CR-V,38.9956005,-77.03691133,2026,4,16
260015372,Property Damage Crash,04/10/2026 03:24:00 PM,ROCKVILLE PIKE (SB/L),NA,Angle,Clear,Dry,Daylight,Traffic Control Signal,NONE DETECTED,Yes,No Apparent Injury,NA,Not Distracted,MD,Passenger Car,Moving Constant Speed,30,No,2018,HONDA,CIVIC,39.08030177,-77.14410134,2026,4,15
260015372,Property Damage Crash,04/10/2026 03:24:00 PM,ROCKVILLE PIKE (SB/L),NA,Angle,Clear,Dry,Daylight,Traffic Control Signal,NONE DETECTED,No,No Apparent Injury,NA,Not Distracted,MD,Passenger Car,Accelerating,30,No,2019,NISSAN,SENTRA,39.08030177,-77.14410134,2026,4,15
260015373,Injury Crash,04/10/2026 03:00:00 PM,NEW HAMPSHIRE AVE,NA,Front to Rear,Clear,Dry,Daylight,Traffic Control Signal,NONE DETECTED,No,No Apparent Injury,NA,Not Distracted,MD,Passenger Car,Slowing or Stopping,35,No,2013,INFINITI,JX35,39.10864048,-76.99799127,2026,4,15
260015373,Injury Crash,04/10/2026 03:00:00 PM,NEW HAMPSHIRE AVE,NA,Front to Rear,Clear,Dry,Daylight,Traffic Control Signal,NONE DETECTED,Yes,No Apparent Injury,NA,Unknown,VA,Passenger Car,Moving Constant Speed,35,No,2015,NISSAN,ALTIMA,39.10864048,-76.99799127,2026,4,15
260015347,Injury Crash,04/10/2026 01:07:00 PM,CAPITAL BELTWAY (WB/L),NA,Angle,Clear,Dry,Daylight,No Controls,NONE DETECTED,Yes,No Apparent Injury,"Failed to Yield Right-of-Way, Operated Motor Vehicle in Reckless or Aggressive Manner, Too Fast For Conditions",Unknown,MD,Passenger Car,Changing Lanes,35,No,2013,LEXUS,GS,39.01589923,-77.01637326,2026,4,13
260015347,Injury Crash,04/10/2026 01:07:00 PM,CAPITAL BELTWAY (WB/L),NA,Angle,Clear,Dry,Daylight,No Controls,NONE DETECTED,No,Possible Minor Injury,NA,Unknown,MD,Passenger Car,Moving Constant Speed,35,No,2008,HONDA,CIVIC,39.01589923,-77.01637326,2026,4,13
260015347,Injury Crash,04/10/2026 01:07:00 PM,CAPITAL BELTWAY (WB/L),NA,Angle,Clear,Dry,Daylight,No Controls,NONE DETECTED,No,No Apparent Injury,NA,Not Distracted,MD,Passenger Car,Moving Constant Speed,35,No,2011,BMW,328I,39.01589923,-77.01637326,2026,4,13
260015338,Injury Crash,04/10/2026 12:04:00 PM,GERMANTOWN RD (SB/L),NA,"Sideswipe, Same Direction",Clear,Dry,Daylight,Traffic Control Signal,NONE DETECTED,No,Possible Minor Injury,NA,Not Distracted,MD,Passenger Car,Changing Lanes,40,No,2023,TOYOTA,CAMRY,39.18142678,-77.26180785,2026,4,12
260015338,Injury Crash,04/10/2026 12:04:00 PM,GERMANTOWN RD (SB/L),NA,"Sideswipe, Same Direction",Clear,Dry,Daylight,Traffic Control Signal,NONE DETECTED,Yes,No Apparent Injury,Other Improper Action,Not Distracted,MD,Sport Utility Vehicle,Changing Lanes,40,No,2011,HYUNDAI,SANTA FE,39.18142678,-77.26180785,2026,4,12
260015334,Injury Crash,04/10/2026 11:43:00 AM,NA,NA,Angle,Clear,Dry,Daylight,No Controls,NONE DETECTED,No,Possible Minor Injury,NA,Not Distracted,MD,Passenger Car,Moving Constant Speed,15,No,2011,NISSAN,SENTRA,39.07639617,-77.13829486,2026,4,11
260015334,Injury Crash,04/10/2026 11:43:00 AM,NA,NA,Angle,Clear,Dry,Daylight,No Controls,NONE DETECTED,Yes,No Apparent Injury,NA,Not Distracted,MD,Sport Utility Vehicle,Turning Left,15,No,2020,HYUNDAI,PALISADE,39.07639617,-77.13829486,2026,4,11
260015325,Injury Crash,04/10/2026 10:45:00 AM,NA,Cyclist (Electric),Single Vehicle,Clear,NA,Daylight,NA,NONE DETECTED,No,No Apparent Injury,NA,Not Distracted,MD,Passenger Car,Entering Traffic Lane,0,No,2022,TOYOTA,RAV4,39.06605141,-77.02134826,2026,4,10
260015195,Property Damage Crash,04/10/2026 10:35:00 AM,NA,NA,Angle,Clear,NA,Daylight,NA,NONE DETECTED,No,No Apparent Injury,Improper Turn,Unknown,NA,Passenger Car,Turning Right,0,No,0,NA,NA,39.15473548,-77.1989775,2026,4,10
260015315,Property Damage Crash,04/10/2026 09:42:00 AM,LINDENHOUSE RD,NA,Front to Rear,Clear,Dry,Daylight,No Controls,NONE DETECTED,No,No Apparent Injury,NA,Not Distracted,MD,Pickup,Slowing or Stopping,40,No,2024,FORD,F-150,39.167481,-77.1915605,2026,4,9
260015315,Property Damage Crash,04/10/2026 09:42:00 AM,LINDENHOUSE RD,NA,Front to Rear,Clear,Dry,Daylight,No Controls,NONE DETECTED,No,No Apparent Injury,NA,Unknown,MD,Sport Utility Vehicle,Moving Constant Speed,40,No,2020,NISSAN,KICKS,39.167481,-77.1915605,2026,4,9
260015314,Injury Crash,04/10/2026 09:31:00 AM,FREDERICK RD (SB/L),NA,Rear To Side,Clear,Dry,Daylight,No Controls,NONE DETECTED,No,Possible Minor Injury,NA,Not Distracted,MD,Passenger Car,Slowing or Stopping,40,No,2025,ACURA,INTEGRA,39.16473717,-77.2274945,2026,4,9
260015314,Injury Crash,04/10/2026 09:31:00 AM,FREDERICK RD (SB/L),NA,Rear To Side,Clear,Dry,Daylight,No Controls,NONE DETECTED,Yes,Possible Minor Injury,Failed to Yield Right-of-Way,Unknown,MD,Sport Utility Vehicle,Turning Left,40,No,2014,ACURA,MDX,39.16473717,-77.2274945,2026,4,9
260015311,Property Damage Crash,04/10/2026 08:45:00 AM,SHADYWOOD RD,NA,Single Vehicle,Clear,Dry,Daylight,No Controls,NONE DETECTED,Yes,No Apparent Injury,NA,Not Distracted,MD,Bus - School,Moving Constant Speed,20,No,2017,FREIGHTLINER,B2 BUS CHASSIS,39.0080211,-77.15445308,2026,4,8
260015296,Property Damage Crash,04/10/2026 12:25:00 AM,LOCKWOOD DR (SB/L),NA,Front to Rear,Clear,Dry,Medium,Traffic Control Signal,NONE DETECTED,No,No Apparent Injury,NA,Not Distracted,MD,Passenger Car,Accelerating,15,No,2025,TOYOTA,HIGHLANDER,39.03986732,-76.99057453,2026,4,0
260015296,Property Damage Crash,04/10/2026 12:25:00 AM,LOCKWOOD DR (SB/L),NA,Front to Rear,Clear,Dry,Medium,Traffic Control Signal,NONE DETECTED,Yes,No Apparent Injury,NA,Not Distracted,NA,Pickup,Accelerating,15,No,2015,FORD,F-150,39.03986732,-76.99057453,2026,4,0
260015295,Property Damage Crash,04/10/2026 12:10:00 AM,OLD COLUMBIA PIKE,NA,Unknown,Clear,Dry,Medium,No Controls,NONE DETECTED,No,NA,NA,NA,NA,Passenger Car,NA,45,No,2013,HYUNDAI,SONATA,39.11454133,-76.93299067,2026,4,0
260015294,Property Damage Crash,04/10/2026 12:05:00 AM,NEW HAMPSHIRE AVE,NA,Front to Rear,Clear,Dry,Medium,Traffic Control Signal,NONE DETECTED,No,No Apparent Injury,NA,Not Distracted,MD,Passenger Car,Turning Left,35,No,2003,TOYOTA,COROLLA,38.98811756,-76.98776197,2026,4,0
260015294,Property Damage Crash,04/10/2026 12:05:00 AM,NEW HAMPSHIRE AVE,NA,Front to Rear,Clear,Dry,Medium,Traffic Control Signal,NONE DETECTED,No,No Apparent Injury,NA,Not Distracted,NA,Passenger Car,Moving Constant Speed,35,No,2015,TOYOTA,RAV4,38.98811756,-76.98776197,2026,4,0
260015283,Property Damage Crash,04/09/2026 08:49:00 PM,FENWICK LA,NA,"Sideswipe, Same Direction",Clear,Dry,Medium,No Controls,NONE DETECTED,Yes,No Apparent Injury,"Improper Passing, Improper Turn",Unknown,MD,Passenger Car,Turning Right,25,No,2011,HONDA,CIVIC,38.99794371,-77.03110793,2026,4,20
260015283,Property Damage Crash,04/09/2026 08:49:00 PM,FENWICK LA,NA,"Sideswipe, Same Direction",Clear,Dry,Medium,No Controls,NONE DETECTED,No,No Apparent Injury,NA,Not Distracted,MD,Passenger Car,Turning Right,25,No,2011,HYUNDAI,SONATA,38.99794371,-77.03110793,2026,4,20
260015269,Property Damage Crash,04/09/2026 07:21:00 PM,NA,NA,Front to Rear,Clear,Dry,Daylight,No Controls,NONE DETECTED,No,No Apparent Injury,Followed Too Closely,Unknown,MD,Autocycle,Moving Constant Speed,20,No,2024,ZHILONG,KY6,39.04706217,-77.0372905,2026,4,19