Local Case Number,ACRS Report Type,Crash Date/Time,Road Name,Related Non-Motorist,Collision Type,Weather,Surface Condition,Light,Traffic Control,Driver Substance Abuse,Driver At Fault,Injury Severity,Circumstance,Driver Distracted By,Drivers License State,Vehicle Body Type,Vehicle Movement,Speed Limit,Driverless Vehicle,Vehicle Year,Vehicle Make,Vehicle Model,Latitude,Longitude,Year,Month,Hour
260015269,Property Damage Crash,04/09/2026 07:21:00 PM,NA,NA,Front to Rear,Clear,Dry,Daylight,No Controls,NONE DETECTED,No,No Apparent Injury,NA,Not Distracted,MD,Passenger Car,Slowing or Stopping,20,No,2017,CHEVROLET,EQUINOX,39.04706217,-77.0372905,2026,4,19
260015263,Injury Crash,04/09/2026 07:00:00 PM,MORNINGWOOD DR,Pedestrian,Single Vehicle,Clear,Dry,Medium,No Controls,NONE DETECTED,No,NA,NA,NA,NA,NA,Moving Constant Speed,25,No,0,NA,NA,39.15274609,-77.07072534,2026,4,19
260015254,Property Damage Crash,04/09/2026 06:15:00 PM,S FREDERICK RD,NA,Front to Rear,Clear,Dry,Daylight,No Controls,NONE DETECTED,No,No Apparent Injury,NA,Unknown,MD,Passenger Car,Turning Left,35,No,2022,TOYOTA,COROLLA,39.1280418,-77.18517216,2026,4,18
260015254,Property Damage Crash,04/09/2026 06:15:00 PM,S FREDERICK RD,NA,Front to Rear,Clear,Dry,Daylight,No Controls,NONE DETECTED,No,NA,NA,NA,NA,Passenger Car,NA,35,No,2018,JEEP,WRANGLER,39.1280418,-77.18517216,2026,4,18
260015232,Injury Crash,04/09/2026 05:08:00 PM,NEW HAMPSHIRE AVE,NA,Front to Rear,Clear,Dry,Daylight,No Controls,NONE DETECTED,Yes,Possible Minor Injury,NA,Unknown,MD,Passenger Car,Moving Constant Speed,40,No,2011,FORD,EXPLORER,39.0660655,-77.00052867,2026,4,17
260015232,Injury Crash,04/09/2026 05:08:00 PM,NEW HAMPSHIRE AVE,NA,Front to Rear,Clear,Dry,Daylight,No Controls,NONE DETECTED,No,No Apparent Injury,NA,Not Distracted,MD,Passenger Car,Slowing or Stopping,40,No,2021,MERCEDES-BENZ,GLS-CLASS,39.0660655,-77.00052867,2026,4,17
260015229,Injury Crash,04/09/2026 04:49:00 PM,S FREDERICK RD (SB/L),NA,Angle,Clear,Dry,Daylight,No Controls,NONE DETECTED,No,Possible Minor Injury,NA,Not Distracted,MD,Sport Utility Vehicle,Moving Constant Speed,30,No,2011,NISSAN,ROGUE,39.13973062,-77.19644505,2026,4,16
260015229,Injury Crash,04/09/2026 04:49:00 PM,S FREDERICK RD (SB/L),NA,Angle,Clear,Dry,Daylight,Stop Sign,NONE DETECTED,Yes,No Apparent Injury,Failed to Yield Right-of-Way,Not Distracted,MD,Sport Utility Vehicle,Accelerating,30,No,2013,NISSAN,ROGUE,39.13973062,-77.19644505,2026,4,16
260015773,Property Damage Crash,04/09/2026 03:47:00 PM,NA,NA,Rear To Rear,Clear,NA,Daylight,NA,NONE DETECTED,No,No Apparent Injury,Improper Backing,Unknown,MD,Passenger Car,Backing,0,No,2016,HONDA,ACCORD,39.09530039,-77.11045459,2026,4,15
260015214,Property Damage Crash,04/09/2026 03:15:00 PM,NA,NA,"Sideswipe, Opposite Direction",Clear,Dry,Daylight,Traffic Control Signal,NONE DETECTED,No,No Apparent Injury,NA,Not Distracted,MD,Sport Utility Vehicle,Stopped in Traffic,30,No,2017,LEXUS,NX,39.14966377,-77.02672147,2026,4,15
260015214,Property Damage Crash,04/09/2026 03:15:00 PM,NA,NA,"Sideswipe, Opposite Direction",Clear,Dry,Daylight,Traffic Control Signal,NONE DETECTED,Yes,No Apparent Injury,Failed to Keep in Proper Lane,Not Distracted,NA,Other Trucks,Turning Left,30,No,1998,FORD,LT9511,39.14966377,-77.02672147,2026,4,15
260015217,Property Damage Crash,04/09/2026 03:05:00 PM,NA,NA,"Sideswipe, Same Direction",Clear,Dry,Daylight,Traffic Control Signal,NONE DETECTED,No,No Apparent Injury,NA,Not Distracted,MD,Bus - Transit,Moving Constant Speed,25,No,2020,GILLIG,LOW FLOOR BUS,38.99542137,-77.0243129,2026,4,15
260015217,Property Damage Crash,04/09/2026 03:05:00 PM,NA,NA,"Sideswipe, Same Direction",Clear,Dry,Daylight,Traffic Control Signal,NONE DETECTED,Yes,No Apparent Injury,Failed to Yield Right-of-Way,Not Distracted,MD,Passenger Car,Changing Lanes,25,No,2018,HONDA,ACCORD,38.99542137,-77.0243129,2026,4,15
260015202,Property Damage Crash,04/09/2026 02:00:00 PM,WESTLAKE TERR,NA,Front to Front,Clear,Dry,Daylight,No Controls,NONE DETECTED,No,No Apparent Injury,NA,Not Distracted,MD,Passenger Car,Accelerating,30,No,2005,HONDA,ODYSSEY,39.02715259,-77.14755007,2026,4,14
260015202,Property Damage Crash,04/09/2026 02:00:00 PM,WESTLAKE TERR,NA,Front to Front,Clear,Dry,Daylight,Traffic Control Signal,NONE DETECTED,No,No Apparent Injury,NA,Not Distracted,MD,Passenger Car,Turning Right,30,No,2021,GENESIS,GV80,39.02715259,-77.14755007,2026,4,14
260015204,Property Damage Crash,04/09/2026 01:49:00 PM,NA,NA,Angle,Clear,NA,Daylight,NA,NONE DETECTED,No,No Apparent Injury,NA,Not Distracted,MD,Passenger Car,Slowing or Stopping,0,No,2024,TOYOTA,CAMRY,39.11686211,-77.19120864,2026,4,13
260015204,Property Damage Crash,04/09/2026 01:49:00 PM,NA,NA,Angle,Clear,NA,Daylight,NA,NONE DETECTED,Yes,NA,"Operated Motor Vehicle in Inattentive, Careless, Negligent, or Erratic Manner, Operated Motor Vehicle in Reckless or Aggressive Manner, Other Improper Action, Too Fast For Conditions",Unknown,NA,Passenger Car,Moving Constant Speed,0,No,2001,BMW,X5,39.11686211,-77.19120864,2026,4,13
260015205,Property Damage Crash,04/09/2026 01:45:00 PM,GAITHER RD,NA,Front to Rear,Clear,Dry,Daylight,No Controls,NONE DETECTED,Yes,NA,"Followed Too Closely, Operated Motor Vehicle in Inattentive, Careless, Negligent, or Erratic Manner, Too Fast For Conditions",Unknown,NA,Passenger Car,Moving Constant Speed,25,No,2001,BMW,X5,39.11683166,-77.18200639,2026,4,13
260015205,Property Damage Crash,04/09/2026 01:45:00 PM,GAITHER RD,NA,Front to Rear,Clear,Dry,Daylight,No Controls,NONE DETECTED,No,No Apparent Injury,NA,Not Distracted,MD,Passenger Car,Turning Left,25,No,2024,TOYOTA,CAMRY,39.11683166,-77.18200639,2026,4,13
260015207,Property Damage Crash,04/09/2026 01:35:00 PM,NA,NA,Front to Rear,Clear,NA,Daylight,NA,NONE DETECTED,No,NA,NA,NA,NA,Passenger Car,Backing,0,No,2001,BMW,X5,39.11546617,-77.16564637,2026,4,13
260015207,Property Damage Crash,04/09/2026 01:35:00 PM,NA,NA,Front to Rear,Clear,NA,Daylight,NA,NONE DETECTED,No,No Apparent Injury,NA,Not Distracted,MD,Passenger Car,Slowing or Stopping,0,No,2023,KIA,STINGER,39.11546617,-77.16564637,2026,4,13
260015190,Property Damage Crash,04/09/2026 01:28:00 PM,TWINBROOK PKWY,NA,"Sideswipe, Same Direction",Clear,Dry,Daylight,Traffic Control Signal,NONE DETECTED,No,No Apparent Injury,NA,Unknown,MD,Single-Unit Truck,NA,35,No,2010,CHEVROLET,EXPRESS,39.06189076,-77.11654367,2026,4,13
260015190,Property Damage Crash,04/09/2026 01:28:00 PM,TWINBROOK PKWY,NA,"Sideswipe, Same Direction",Clear,Dry,Daylight,Traffic Control Signal,NONE DETECTED,No,No Apparent Injury,NA,Unknown,MD,Passenger Car,NA,35,No,2007,HYUNDAI,ELANTRA,39.06189076,-77.11654367,2026,4,13
260015550,Property Damage Crash,04/09/2026 01:00:00 PM,NA,NA,Other,Clear,NA,Daylight,NA,NONE DETECTED,Yes,No Apparent Injury,NA,Not Distracted,MD,Passenger Car,Turning Left,0,No,2005,DODGE,STRATUS,39.02519,-77.04522883,2026,4,13
260015175,Injury Crash,04/09/2026 12:09:00 PM,COLESVILLE RD,NA,Angle,Clear,Dry,Daylight,Traffic Control Signal,NONE DETECTED,No,No Apparent Injury,NA,Not Distracted,MD,Passenger Car,Turning Left,35,No,2018,CHEVROLET,CRUZE,38.99765481,-77.02703162,2026,4,12
260015175,Injury Crash,04/09/2026 12:09:00 PM,COLESVILLE RD,NA,Angle,Clear,Dry,Daylight,Traffic Control Signal,NONE DETECTED,Yes,Possible Minor Injury,NA,Not Distracted,VA,Sport Utility Vehicle,Moving Constant Speed,35,No,2016,HONDA,CR-V,38.99765481,-77.02703162,2026,4,12
260015175,Injury Crash,04/09/2026 12:09:00 PM,COLESVILLE RD,NA,Angle,Clear,Dry,Daylight,Traffic Control Signal,NONE DETECTED,No,No Apparent Injury,NA,Not Distracted,MD,Sport Utility Vehicle,Moving Constant Speed,35,No,2010,HONDA,CR-V,38.99765481,-77.02703162,2026,4,12
260015159,Property Damage Crash,04/09/2026 10:59:00 AM,NA,NA,Angle,Clear,Dry,Daylight,Flashing Traffic Control Signal,NONE DETECTED,No,No Apparent Injury,NA,Not Distracted,MD,Passenger Car,Turning Left,25,No,2013,NISSAN,SENTRA,39.06419808,-77.12629648,2026,4,10
260015159,Property Damage Crash,04/09/2026 10:59:00 AM,NA,NA,Angle,Clear,Dry,Daylight,Flashing Traffic Control Signal,NONE DETECTED,Yes,No Apparent Injury,NA,Not Distracted,MD,Sport Utility Vehicle,Moving Constant Speed,40,No,2017,NISSAN,MURANO,39.06419808,-77.12629648,2026,4,10
260015161,Property Damage Crash,04/09/2026 10:50:00 AM,WASHINGTONIAN BLVD,NA,Angle,Clear,Dry,Daylight,No Controls,NONE DETECTED,No,No Apparent Injury,NA,Not Distracted,MD,Passenger Car,Moving Constant Speed,35,No,2009,NISSAN,MURANO,39.1149827,-77.19802154,2026,4,10
260015161,Property Damage Crash,04/09/2026 10:50:00 AM,WASHINGTONIAN BLVD,NA,Angle,Clear,Dry,Daylight,Stop Sign,NONE DETECTED,Yes,No Apparent Injury,Failed to Yield Right-of-Way,"Other Action (looking away from task, etc.)",MD,Passenger Car,Turning Left,10,No,2020,TOYOTA,RAV4,39.1149827,-77.19802154,2026,4,10
260015149,Property Damage Crash,04/09/2026 09:30:00 AM,NA,NA,Front to Rear,Clear,NA,Daylight,NA,NONE DETECTED,No,No Apparent Injury,NA,Not Distracted,MD,Bus - Transit,Parked,0,No,2024,GILLIG,LOW FLOOR BUS,38.99276611,-77.02860677,2026,4,9
260015149,Property Damage Crash,04/09/2026 09:30:00 AM,NA,NA,Front to Rear,Clear,NA,Daylight,NA,NONE DETECTED,Yes,No Apparent Injury,NA,Not Distracted,MD,Bus - Transit,Moving Constant Speed,0,No,2021,NEW FLYER,XCELSIOR,38.99276611,-77.02860677,2026,4,9
260015142,Property Damage Crash,04/09/2026 07:50:00 AM,NA,Pedestrian,Single Vehicle,Clear,Dry,Daylight,No Controls,NONE DETECTED,No,No Apparent Injury,NA,Not Distracted,DC,Passenger Car,Moving Constant Speed,25,No,2012,TOYOTA,PRIUS,38.9750674,-77.0109611,2026,4,7
260015139,Injury Crash,04/09/2026 07:14:00 AM,GEORGIA AVE,NA,Front to Rear,Clear,Dry,Daylight,No Controls,NONE DETECTED,No,No Apparent Injury,NA,Not Distracted,MD,Sport Utility Vehicle,Moving Constant Speed,35,No,2019,NISSAN,ROGUE,39.0611455,-77.0521385,2026,4,7
260015139,Injury Crash,04/09/2026 07:14:00 AM,GEORGIA AVE,NA,Front to Rear,Clear,Dry,Daylight,No Controls,NONE DETECTED,Yes,No Apparent Injury,Followed Too Closely,Not Distracted,MD,Passenger Car,Moving Constant Speed,35,No,2005,LINCOLN,TOWN CAR,39.0611455,-77.0521385,2026,4,7
260015124,Property Damage Crash,04/09/2026 01:18:00 AM,NA,NA,Single Vehicle,Clear,Dry,Dark,No Controls,NONE DETECTED,No,No Apparent Injury,NA,Not Distracted,MD,Passenger Car,Slowing or Stopping,40,No,2021,FORD,EXPLORER,39.22139787,-77.29690292,2026,4,1
260015113,Property Damage Crash,04/08/2026 09:30:00 PM,ROBEY RD,NA,Single Vehicle,Clear,Dry,Medium,Other Warning Sign,NONE DETECTED,Yes,No Apparent Injury,Too Fast For Conditions,Not Distracted,MD,Passenger Car,Moving Constant Speed,30,No,2014,HONDA,CR-V,39.08464867,-76.93532933,2026,4,21
260015105,Property Damage Crash,04/08/2026 09:01:00 PM,GEORGIA AVE (SB/L),NA,Front to Rear,Clear,Dry,Dark,No Controls,NONE DETECTED,No,No Apparent Injury,NA,Not Distracted,MD,Passenger Car,Moving Constant Speed,35,No,2007,TOYOTA,COROLLA,39.0505385,-77.05157467,2026,4,21
260015105,Property Damage Crash,04/08/2026 09:01:00 PM,GEORGIA AVE (SB/L),NA,Front to Rear,Clear,Dry,Dark,No Controls,NONE DETECTED,No,NA,NA,NA,NA,Unknown,Accelerating,35,No,2017,CHEVROLET,EXPRESS,39.0505385,-77.05157467,2026,4,21
260015103,Property Damage Crash,04/08/2026 08:45:00 PM,FIRST ST,NA,Angle,Clear,Dry,Medium,No Controls,NONE DETECTED,Yes,No Apparent Injury,NA,Not Distracted,MD,Passenger Car,Turning Left,35,No,2017,ACURA,ILX,39.08948245,-77.13620298,2026,4,20
260015103,Property Damage Crash,04/08/2026 08:45:00 PM,FIRST ST,NA,Angle,Clear,Dry,Medium,No Controls,NONE DETECTED,No,No Apparent Injury,NA,Not Distracted,MD,Passenger Car,Moving Constant Speed,35,No,2018,HYUNDAI,SONATA,39.08948245,-77.13620298,2026,4,20
260015102,Property Damage Crash,04/08/2026 08:15:00 PM,UNIVERSITY BLVD E,NA,Front to Rear,Clear,Dry,Daylight,No Controls,NONE DETECTED,No,No Apparent Injury,NA,Not Distracted,NA,Passenger Car,Slowing or Stopping,35,No,2013,FORD,FIESTA,39.00012113,-76.99558492,2026,4,20
260015102,Property Damage Crash,04/08/2026 08:15:00 PM,UNIVERSITY BLVD E,NA,Front to Rear,Clear,Dry,Daylight,No Controls,NONE DETECTED,No,NA,NA,NA,NA,Pickup,Slowing or Stopping,35,No,2021,FORD,F-150,39.00012113,-76.99558492,2026,4,20
260015106,Property Damage Crash,04/08/2026 07:56:00 PM,E JEFFERSON ST (WB/L),NA,"Sideswipe, Same Direction",Clear,Dry,Medium,Traffic Control Signal,NONE DETECTED,No,No Apparent Injury,NA,Not Distracted,MD,Sport Utility Vehicle,Moving Constant Speed,30,No,2019,HYUNDAI,KONA,39.08273,-77.15092883,2026,4,19
260015106,Property Damage Crash,04/08/2026 07:56:00 PM,E JEFFERSON ST (WB/L),NA,"Sideswipe, Same Direction",Clear,Dry,Medium,Traffic Control Signal,NONE DETECTED,No,NA,NA,NA,NA,Pickup,Moving Constant Speed,30,No,0,NA,NA,39.08273,-77.15092883,2026,4,19
260015090,Property Damage Crash,04/08/2026 07:45:00 PM,NA,NA,Rear To Side,Clear,NA,Medium,NA,NONE DETECTED,Yes,No Apparent Injury,"Improper Backing, Operated Motor Vehicle in Inattentive, Careless, Negligent, or Erratic Manner",Unknown,MD,Passenger Car,Backing,0,No,2010,TOYOTA,SCION TC,39.07846283,-77.08013867,2026,4,19
260015104,Property Damage Crash,04/08/2026 07:38:00 PM,NA,NA,Front to Rear,Clear,NA,Medium,NA,NONE DETECTED,No,NA,NA,NA,NA,Sport Utility Vehicle,Backing,0,No,2013,JEEP,WRANGLER,39.10632454,-77.15734316,2026,4,19
260015104,Property Damage Crash,04/08/2026 07:38:00 PM,NA,NA,Front to Rear,Clear,NA,Medium,NA,NONE DETECTED,No,No Apparent Injury,NA,Not Distracted,MD,Sport Utility Vehicle,Stopped in Traffic,0,No,2024,TOYOTA,RAV4,39.10632454,-77.15734316,2026,4,19
260015089,Property Damage Crash,04/08/2026 07:07:00 PM,WISCONSIN AVE (SB/L),NA,Other,Clear,Dry,Medium,Traffic Control Signal,NONE DETECTED,No,No Apparent Injury,NA,Not Distracted,MD,Passenger Car,Slowing or Stopping,30,No,2018,TOYOTA,CAMRY,38.97755467,-77.09094233,2026,4,19
260015089,Property Damage Crash,04/08/2026 07:07:00 PM,WISCONSIN AVE (SB/L),NA,Other,Clear,Dry,Medium,Traffic Control Signal,NONE DETECTED,No,No Apparent Injury,NA,Not Distracted,MD,Sport Utility Vehicle,Stopped in Traffic,30,No,2020,MITSUBISHI,OUTLANDER,38.97755467,-77.09094233,2026,4,19
260015089,Property Damage Crash,04/08/2026 07:07:00 PM,WISCONSIN AVE (SB/L),NA,Other,Clear,Dry,Medium,Traffic Control Signal,NONE DETECTED,No,No Apparent Injury,NA,Not Distracted,MD,Passenger Car,Stopped in Traffic,30,No,2019,CADILLAC,CTS,38.97755467,-77.09094233,2026,4,19
260015089,Property Damage Crash,04/08/2026 07:07:00 PM,WISCONSIN AVE (SB/L),NA,Other,Clear,Dry,Medium,Traffic Control Signal,NONE DETECTED,Yes,No Apparent Injury,"Operated Motor Vehicle in Reckless or Aggressive Manner, Too Fast For Conditions",Unknown,MD,Passenger Car,Changing Lanes,30,No,2014,TOYOTA,COROLLA,38.97755467,-77.09094233,2026,4,19
260015089,Property Damage Crash,04/08/2026 07:07:00 PM,WISCONSIN AVE (SB/L),NA,Other,Clear,Dry,Medium,Traffic Control Signal,NONE DETECTED,No,No Apparent Injury,NA,Not Distracted,MD,Sport Utility Vehicle,Stopped in Traffic,30,No,2024,FORD,F-350,38.97755467,-77.09094233,2026,4,19
260015071,Property Damage Crash,04/08/2026 05:00:00 PM,ROCKVILLE PIKE,NA,Front to Rear,Clear,Dry,Daylight,Traffic Control Signal,NONE DETECTED,No,No Apparent Injury,NA,Not Distracted,NY,Sport Utility Vehicle,Stopped in Traffic,35,No,2015,HONDA,CR-V,39.02417685,-77.10297716,2026,4,17
260015071,Property Damage Crash,04/08/2026 05:00:00 PM,ROCKVILLE PIKE,NA,Front to Rear,Clear,Dry,Daylight,Traffic Control Signal,NONE DETECTED,Yes,No Apparent Injury,Followed Too Closely,Unknown,MD,Station Wagon,Slowing or Stopping,35,No,2018,NISSAN,NV,39.02417685,-77.10297716,2026,4,17
26000683,Injury Crash,04/08/2026 04:06:00 PM,SLIGO CREEK PKWY,NA,Front to Front,Clear,Dry,Daylight,No Controls,NONE DETECTED,No,Possible Minor Injury,Failed to Keep in Proper Lane,"Manually Operating (dialing, playing game, etc.)",MD,Passenger Car,Negotiating a Curve,25,No,2018,NISSAN,ALTIMA,38.99441751,-77.00408593,2026,4,16
26000683,Injury Crash,04/08/2026 04:06:00 PM,SLIGO CREEK PKWY,NA,Front to Front,Clear,Dry,Daylight,No Controls,NONE DETECTED,No,No Apparent Injury,NA,Not Distracted,MD,Pickup,Negotiating a Curve,25,No,2021,FORD,F-150,38.99441751,-77.00408593,2026,4,16
260015044,Property Damage Crash,04/08/2026 03:25:00 PM,NA,NA,Front to Rear,Clear,NA,Daylight,NA,NONE DETECTED,Yes,No Apparent Injury,"Operated Motor Vehicle in Inattentive, Careless, Negligent, or Erratic Manner",Not Distracted,MD,Passenger Car,Accelerating,0,No,2019,AUDI,Q5,39.09579888,-77.1936379,2026,4,15
260015038,Property Damage Crash,04/08/2026 03:00:00 PM,NA,NA,Front to Rear,Clear,Dry,Daylight,Traffic Control Signal,NONE DETECTED,No,No Apparent Injury,NA,Not Distracted,MD,Passenger Car,Slowing or Stopping,30,No,2011,MERCEDES-BENZ,C-CLASS,39.04598631,-77.03225635,2026,4,15
260015042,Property Damage Crash,04/08/2026 03:00:00 PM,NA,NA,"Sideswipe, Same Direction",Clear,NA,Daylight,NA,NONE DETECTED,Yes,No Apparent Injury,Other Improper Action,Not Distracted,MD,Passenger Car,Moving Constant Speed,0,No,2015,CHEVROLET,EXPRESS,39.21045795,-77.09025719,2026,4,15
260015038,Property Damage Crash,04/08/2026 03:00:00 PM,NA,NA,Front to Rear,Clear,Dry,Daylight,Traffic Control Signal,NONE DETECTED,Yes,No Apparent Injury,NA,Not Distracted,MD,Sport Utility Vehicle,Slowing or Stopping,30,No,2012,JEEP,GRAND CHEROKEE,39.04598631,-77.03225635,2026,4,15
260015042,Property Damage Crash,04/08/2026 03:00:00 PM,NA,NA,"Sideswipe, Same Direction",Clear,NA,Daylight,NA,NONE DETECTED,No,No Apparent Injury,NA,Not Distracted,MD,Bus - School,Parked,0,No,2022,IC BUS,PB105,39.21045795,-77.09025719,2026,4,15
260015045,Property Damage Crash,04/08/2026 02:55:00 PM,GEORGIA AVE (SB/L),NA,Front to Rear,Clear,Dry,Daylight,Traffic Control Signal,NONE DETECTED,Yes,No Apparent Injury,NA,Not Distracted,MD,Passenger Car,Accelerating,30,No,2022,TOYOTA,COROLLA,39.0157379,-77.04270708,2026,4,14
260015045,Property Damage Crash,04/08/2026 02:55:00 PM,GEORGIA AVE (SB/L),NA,Front to Rear,Clear,Dry,Daylight,No Controls,NONE DETECTED,No,No Apparent Injury,NA,Not Distracted,MD,Bus - School,Moving Constant Speed,30,No,2017,THOMAS BUILT,HDX,39.0157379,-77.04270708,2026,4,14
260015034,Injury Crash,04/08/2026 02:02:00 PM,BONIFANT RD,NA,"Sideswipe, Same Direction",Clear,Dry,Daylight,Traffic Control Signal,NONE DETECTED,No,No Apparent Injury,NA,Not Distracted,MD,Sport Utility Vehicle,Moving Constant Speed,45,No,2007,HONDA,CR-V,39.09590738,-77.00202035,2026,4,14
260015034,Injury Crash,04/08/2026 02:02:00 PM,BONIFANT RD,NA,"Sideswipe, Same Direction",Clear,Dry,Daylight,Traffic Control Signal,NONE DETECTED,Yes,Possible Minor Injury,Failed to Yield Right-of-Way,Unknown,MD,Passenger Car,Entering Traffic Lane,45,No,2017,TOYOTA,CAMRY,39.09590738,-77.00202035,2026,4,14
260015026,Injury Crash,04/08/2026 01:22:00 PM,NA,NA,Other,Clear,Dry,Daylight,Traffic Control Signal,NONE DETECTED,Yes,Possible Minor Injury,Too Fast For Conditions,Unknown,MD,Single-Unit Truck,Turning Left,30,No,1996,PETERBILT,379,38.96994153,-77.13119844,2026,4,13
260015026,Injury Crash,04/08/2026 01:22:00 PM,NA,NA,Other,Clear,Dry,Daylight,Traffic Control Signal,NONE DETECTED,No,No Apparent Injury,NA,Not Distracted,MD,Sport Utility Vehicle,Moving Constant Speed,30,No,2026,TESLA,MODEL Y,38.96994153,-77.13119844,2026,4,13
260015026,Injury Crash,04/08/2026 01:22:00 PM,NA,NA,Other,Clear,Dry,Daylight,Traffic Control Signal,NONE DETECTED,No,Possible Minor Injury,NA,Not Distracted,MD,Sport Utility Vehicle,Turning Left,30,No,2026,LEXUS,RX,38.96994153,-77.13119844,2026,4,13
26000681,Property Damage Crash,04/08/2026 12:35:00 PM,NA,NA,Single Vehicle,Clear,NA,Daylight,NA,NONE DETECTED,No,No Apparent Injury,NA,Unknown,MD,Passenger Car,Accelerating,0,No,2018,TOYOTA,COROLLA,39.03435165,-77.0296589,2026,4,12
260015004,Property Damage Crash,04/08/2026 12:27:00 PM,WISCONSIN AVE (SB/L),NA,"Sideswipe, Same Direction",Clear,Dry,Daylight,No Controls,NONE DETECTED,Yes,No Apparent Injury,NA,Not Distracted,PA,Passenger Car,Moving Constant Speed,25,No,2023,FORD,F-150,38.978219,-77.09135767,2026,4,12
260015004,Property Damage Crash,04/08/2026 12:27:00 PM,WISCONSIN AVE (SB/L),NA,"Sideswipe, Same Direction",Clear,Dry,Daylight,No Controls,NONE DETECTED,No,No Apparent Injury,NA,Not Distracted,MD,Bus - Transit,Slowing or Stopping,25,No,2017,FORD,E-450,38.978219,-77.09135767,2026,4,12
260015057,Property Damage Crash,04/08/2026 11:30:00 AM,KING FARM BLVD,NA,"Sideswipe, Same Direction",Clear,Dry,Daylight,No Controls,NONE DETECTED,No,NA,NA,NA,NA,Passenger Car,Moving Constant Speed,25,No,2025,LEXUS,ES,39.11095867,-77.17978217,2026,4,11
260014997,Property Damage Crash,04/08/2026 11:15:00 AM,GEORGIA AVE (SB/L),NA,Other,Clear,Dry,Daylight,No Controls,NONE DETECTED,No,No Apparent Injury,NA,Not Distracted,MD,Passenger Car,Moving Constant Speed,45,No,2009,CHRYSLER,300,39.09590417,-77.07908733,2026,4,11
260014997,Property Damage Crash,04/08/2026 11:15:00 AM,GEORGIA AVE (SB/L),NA,Other,Clear,Dry,Daylight,No Controls,NONE DETECTED,No,No Apparent Injury,NA,Not Distracted,MD,Passenger Car,Moving Constant Speed,45,No,2019,FORD,F-350,39.09590417,-77.07908733,2026,4,11
260014997,Property Damage Crash,04/08/2026 11:15:00 AM,GEORGIA AVE (SB/L),NA,Other,Clear,Dry,Daylight,No Controls,NONE DETECTED,Yes,No Apparent Injury,NA,Unknown,MD,Passenger Car,Changing Lanes,45,No,2012,TOYOTA,CAMRY,39.09590417,-77.07908733,2026,4,11
260014989,Injury Crash,04/08/2026 10:47:00 AM,EAST WEST HWY,NA,Angle,Clear,Dry,Daylight,Traffic Control Signal,NONE DETECTED,No,No Apparent Injury,NA,Not Distracted,MD,Passenger Car,Stopped in Traffic,35,No,2017,DODGE,GRAND CARAVAN,38.99450703,-77.03631378,2026,4,10
260014989,Injury Crash,04/08/2026 10:47:00 AM,EAST WEST HWY,NA,Angle,Clear,Dry,Daylight,Traffic Control Signal,NONE DETECTED,No,Possible Minor Injury,NA,Not Distracted,MD,Pickup,Accelerating,35,No,2021,CHEVROLET,COLORADO,38.99450703,-77.03631378,2026,4,10
260014989,Injury Crash,04/08/2026 10:47:00 AM,EAST WEST HWY,NA,Angle,Clear,Dry,Daylight,Traffic Control Signal,NONE DETECTED,Yes,Possible Minor Injury,NA,Unknown,NA,Passenger Car,Turning Left,35,No,2006,TOYOTA,HIGHLANDER,38.99450703,-77.03631378,2026,4,10
260014988,Property Damage Crash,04/08/2026 10:30:00 AM,NA,NA,"Sideswipe, Opposite Direction",Clear,NA,Daylight,NA,NONE DETECTED,No,No Apparent Injury,NA,Not Distracted,MD,Passenger Car,Stopped in Traffic,0,No,2022,NISSAN,SENTRA,39.08999301,-77.17748121,2026,4,10