Local Case Number,ACRS Report Type,Crash Date/Time,Road Name,Related Non-Motorist,Collision Type,Weather,Surface Condition,Light,Traffic Control,Driver Substance Abuse,Driver At Fault,Injury Severity,Circumstance,Driver Distracted By,Drivers License State,Vehicle Body Type,Vehicle Movement,Speed Limit,Driverless Vehicle,Vehicle Year,Vehicle Make,Vehicle Model,Latitude,Longitude,Year,Month,Hour
260014988,Property Damage Crash,04/08/2026 10:30:00 AM,NA,NA,"Sideswipe, Opposite Direction",Clear,NA,Daylight,NA,NONE DETECTED,No,NA,NA,NA,NA,Other Trucks,Backing,0,No,2010,MACK,MRU (TERRAPRO),39.08999301,-77.17748121,2026,4,10
260014979,Property Damage Crash,04/08/2026 09:56:00 AM,NA,NA,Single Vehicle,Clear,NA,Daylight,NA,NONE DETECTED,Yes,No Apparent Injury,Other Improper Action,Not Distracted,DC,Passenger Car,Slowing or Stopping,0,No,2014,MERCEDES-BENZ,C-CLASS,39.02799514,-77.07586571,2026,4,9
260014978,Property Damage Crash,04/08/2026 09:51:00 AM,MONTGOMERY LA,NA,Angle,Clear,Dry,Daylight,Traffic Control Signal,NONE DETECTED,No,No Apparent Injury,NA,Not Distracted,MD,Bus - Transit,Turning Left,25,No,2013,NEW FLYER,XCELSIOR,38.98349582,-77.0960957,2026,4,9
260014978,Property Damage Crash,04/08/2026 09:51:00 AM,MONTGOMERY LA,NA,Angle,Clear,Dry,Daylight,Traffic Control Signal,NONE DETECTED,No,No Apparent Injury,NA,Not Distracted,VA,Passenger Car,Turning Left,25,No,2012,MERCEDES-BENZ,C-CLASS,38.98349582,-77.0960957,2026,4,9
260014975,Property Damage Crash,04/08/2026 09:30:00 AM,COLESVILLE RD,NA,"Sideswipe, Same Direction",Clear,Dry,Daylight,No Controls,NONE DETECTED,No,No Apparent Injury,NA,Unknown,MD,Single-Unit Truck,Moving Constant Speed,35,No,2025,FREIGHTLINER,CASCADIA,38.99659989,-77.02772199,2026,4,9
260014975,Property Damage Crash,04/08/2026 09:30:00 AM,COLESVILLE RD,NA,"Sideswipe, Same Direction",Clear,Dry,Daylight,No Controls,NONE DETECTED,No,No Apparent Injury,NA,Unknown,DC,Passenger Car,Moving Constant Speed,35,No,2013,TOYOTA,COROLLA,38.99659989,-77.02772199,2026,4,9
260014971,Property Damage Crash,04/08/2026 09:13:00 AM,LEAMAN FARM RD,NA,Angle,Clear,Dry,Daylight,Stop Sign,NONE DETECTED,No,No Apparent Injury,NA,Not Distracted,MD,Passenger Car,Moving Constant Speed,40,No,2022,HONDA,ODYSSEY,39.1600635,-77.28393717,2026,4,9
260014971,Property Damage Crash,04/08/2026 09:13:00 AM,LEAMAN FARM RD,NA,Angle,Clear,Dry,Daylight,Stop Sign,NONE DETECTED,Yes,No Apparent Injury,Failed to Yield Right-of-Way,Not Distracted,MD,Passenger Car,Turning Left,30,No,2023,LINCOLN,AVIATOR,39.1600635,-77.28393717,2026,4,9
260014972,Injury Crash,04/08/2026 08:45:00 AM,SANDY SPRING RD,Pedestrian,Single Vehicle,Clear,Dry,Daylight,Stop Sign,NONE DETECTED,Yes,No Apparent Injury,NA,Not Distracted,MD,Passenger Car,Turning Right,35,No,2024,VOLVO,XC40,39.10778987,-76.92167285,2026,4,8
260014967,Property Damage Crash,04/08/2026 08:03:00 AM,STRATHMORE AVE,NA,Single Vehicle,Clear,Dry,Daylight,Traffic Control Signal,NONE DETECTED,No,No Apparent Injury,NA,Not Distracted,MD,Bus - School,Turning Left,25,No,2020,THOMAS BUILT,HDX,39.03482039,-77.10701436,2026,4,8
260014950,Injury Crash,04/07/2026 10:53:00 PM,NEW HAMPSHIRE AVE (SB/L),NA,Single Vehicle,Clear,Dry,Medium,Other,ALCOHOL PRESENT,No,Possible Minor Injury,Other Improper Action,Not Distracted,MD,Sport Utility Vehicle,Moving Constant Speed,40,No,2024,VOLKSWAGEN,TIGUAN,39.03591933,-76.988757,2026,4,22
260014951,Property Damage Crash,04/07/2026 10:41:00 PM,CHERRY HILL RD,NA,"Sideswipe, Opposite Direction",Clear,Dry,Medium,No Controls,NONE DETECTED,No,No Apparent Injury,NA,Not Distracted,DC,Bus - Transit,Slowing or Stopping,35,No,2016,NEW FLYER,XCELSIOR,39.0559435,-76.95423043,2026,4,22
260014951,Property Damage Crash,04/07/2026 10:41:00 PM,CHERRY HILL RD,NA,"Sideswipe, Opposite Direction",Clear,Dry,Medium,No Controls,NONE DETECTED,No,NA,NA,NA,NA,NA,NA,35,No,0,NA,NA,39.0559435,-76.95423043,2026,4,22
260014952,Property Damage Crash,04/07/2026 10:37:00 PM,CLARIDGE RD,NA,Front to Rear,Clear,Dry,Medium,Other Warning Sign,NONE DETECTED,No,NA,NA,NA,NA,NA,Moving Constant Speed,25,Unknown,0,NA,NA,39.05201886,-77.06568605,2026,4,22
260014941,Property Damage Crash,04/07/2026 08:20:00 PM,MONTROSE RD (WB/L),NA,Angle,Clear,Dry,Medium,Traffic Control Signal,NONE DETECTED,No,No Apparent Injury,NA,Not Distracted,MD,Passenger Car,NA,40,No,2013,MERCEDES-BENZ,GLK-CLASS,39.05446683,-77.14249444,2026,4,20
260014941,Property Damage Crash,04/07/2026 08:20:00 PM,MONTROSE RD (WB/L),NA,Angle,Clear,Dry,Medium,No Controls,NONE DETECTED,No,No Apparent Injury,NA,Unknown,MD,Passenger Car,Accelerating,40,No,2015,TOYOTA,RAV4,39.05446683,-77.14249444,2026,4,20
260014930,Property Damage Crash,04/07/2026 07:47:00 PM,ALLEY #4,NA,Angle,Clear,Dry,Daylight,Traffic Control Signal,NONE DETECTED,No,No Apparent Injury,NA,Unknown,MD,Passenger Car,Moving Constant Speed,25,No,2020,TOYOTA,COROLLA,38.98753953,-76.98783637,2026,4,19
260014930,Property Damage Crash,04/07/2026 07:47:00 PM,ALLEY #4,NA,Angle,Clear,Dry,Daylight,Traffic Control Signal,NONE DETECTED,No,No Apparent Injury,NA,Not Distracted,DC,Passenger Car,Moving Constant Speed,10,No,2004,TOYOTA,HIGHLANDER,38.98753953,-76.98783637,2026,4,19
260014915,Injury Crash,04/07/2026 06:57:00 PM,NA,NA,Rear To Side,Clear,Dry,Daylight,Lane Use Control Signal,NONE DETECTED,No,No Apparent Injury,NA,Not Distracted,MD,Passenger Car,Turning Left,30,No,2023,HYUNDAI,IONIQ 5,39.00623596,-77.02201747,2026,4,18
260014915,Injury Crash,04/07/2026 06:57:00 PM,NA,NA,Rear To Side,Clear,Dry,Daylight,Lane Use Control Signal,NONE DETECTED,Yes,Possible Minor Injury,NA,Unknown,MD,Passenger Car,Moving Constant Speed,30,No,2011,HONDA,CR-V,39.00623596,-77.02201747,2026,4,18
260014914,Property Damage Crash,04/07/2026 06:38:00 PM,JONES BRIDGE RD,NA,Front to Rear,Clear,Dry,Daylight,Traffic Control Signal,NONE DETECTED,Yes,No Apparent Injury,Followed Too Closely,Unknown,MD,Passenger Car,Moving Constant Speed,35,No,2015,JEEP,GRAND CHEROKEE,38.9968379,-77.09649231,2026,4,18
260014914,Property Damage Crash,04/07/2026 06:38:00 PM,JONES BRIDGE RD,NA,Front to Rear,Clear,Dry,Daylight,Traffic Control Signal,NONE DETECTED,No,No Apparent Injury,NA,Not Distracted,MD,Passenger Car,Stopped in Traffic,35,No,2015,MAZDA,CX-5,38.9968379,-77.09649231,2026,4,18
260014923,Injury Crash,04/07/2026 06:34:00 PM,NEW HAMPSHIRE AVE (SB/L),NA,Front to Rear,Clear,Dry,Daylight,Traffic Control Signal,NONE DETECTED,No,Possible Minor Injury,NA,Not Distracted,MD,Passenger Car,Stopped in Traffic,40,No,2012,CHEVROLET,EXPRESS,39.04461617,-76.99229789,2026,4,18
260014923,Injury Crash,04/07/2026 06:34:00 PM,NEW HAMPSHIRE AVE (SB/L),NA,Front to Rear,Clear,Dry,Daylight,Traffic Control Signal,NONE DETECTED,No,Possible Minor Injury,NA,Not Distracted,MD,Passenger Car,Moving Constant Speed,40,No,2009,HYUNDAI,SONATA,39.04461617,-76.99229789,2026,4,18
260014913,Property Damage Crash,04/07/2026 06:24:00 PM,NA,NA,Angle,Clear,Dry,Daylight,No Controls,NONE DETECTED,No,No Apparent Injury,NA,Not Distracted,MD,Bus - Transit,Moving Constant Speed,25,No,2025,GILLIG,CITY TRANSIT BUS,38.98784267,-77.09943567,2026,4,18
260014913,Property Damage Crash,04/07/2026 06:24:00 PM,NA,NA,Angle,Clear,Dry,Daylight,Stop Sign,NONE DETECTED,Yes,No Apparent Injury,NA,Unknown,MD,Sport Utility Vehicle,Accelerating,25,No,2014,LAND ROVER,LR2,38.98784267,-77.09943567,2026,4,18
260014907,Property Damage Crash,04/07/2026 05:47:00 PM,E MIDDLE LA,NA,Angle,Clear,Dry,Daylight,Traffic Control Signal,NONE DETECTED,Yes,No Apparent Injury,NA,Unknown,MD,Passenger Car,Moving Constant Speed,25,No,2016,TOYOTA,RAV4,39.08499844,-77.15294689,2026,4,17
260014907,Property Damage Crash,04/07/2026 05:47:00 PM,E MIDDLE LA,NA,Angle,Clear,Dry,Daylight,Traffic Control Signal,NONE DETECTED,No,No Apparent Injury,NA,Not Distracted,MD,Passenger Car,Moving Constant Speed,25,No,2012,VOLVO,XC60,39.08499844,-77.15294689,2026,4,17
260014906,Property Damage Crash,04/07/2026 05:39:00 PM,WISCONSIN AVE,NA,Rear To Side,Clear,Dry,Daylight,Traffic Control Signal,NONE DETECTED,Yes,No Apparent Injury,"Failed to Keep in Proper Lane, Operated Motor Vehicle in Inattentive, Careless, Negligent, or Erratic Manner, Other Improper Action",Unknown,VA,Bus - Transit,Moving Constant Speed,25,No,2024,VAN HOOL,COMMUTER COACH,38.98475602,-77.09410116,2026,4,17
260014906,Property Damage Crash,04/07/2026 05:39:00 PM,WISCONSIN AVE,NA,Rear To Side,Clear,Dry,Daylight,Traffic Control Signal,NONE DETECTED,No,No Apparent Injury,NA,Unknown,MD,Passenger Car,Turning Right,25,No,2023,TESLA,MODEL Y,38.98475602,-77.09410116,2026,4,17
260014901,Injury Crash,04/07/2026 05:21:00 PM,SHAKESPEARE BLVD (WB/L),NA,Angle,Clear,Dry,Daylight,Traffic Control Signal,NONE DETECTED,Yes,No Apparent Injury,NA,"Other Action (looking away from task, etc.)",FL,Passenger Car,Moving Constant Speed,35,No,2019,MAZDA,CX-5,39.19833167,-77.24471667,2026,4,17
260014901,Injury Crash,04/07/2026 05:21:00 PM,SHAKESPEARE BLVD (WB/L),NA,Angle,Clear,Dry,Daylight,Traffic Control Signal,NONE DETECTED,No,Possible Minor Injury,NA,Not Distracted,MD,Passenger Car,Turning Left,35,No,2014,HONDA,CIVIC,39.19833167,-77.24471667,2026,4,17
260014895,Injury Crash,04/07/2026 04:50:00 PM,CORDELL AVE,Pedestrian,Single Vehicle,Clear,Dry,Daylight,Pedestrian Crossing,NONE DETECTED,Yes,No Apparent Injury,NA,Unknown,MD,Passenger Car,Turning Left,25,No,2015,HONDA,FIT,38.99077371,-77.09671652,2026,4,16
260014902,Property Damage Crash,04/07/2026 04:37:00 PM,SPENCERVILLE RD,NA,Front to Rear,Clear,Dry,Daylight,No Controls,NONE DETECTED,Yes,No Apparent Injury,Other Improper Action,Unknown,MD,Passenger Car,Slowing or Stopping,35,No,2009,TOYOTA,PRIUS,39.11412457,-76.9585448,2026,4,16
260014902,Property Damage Crash,04/07/2026 04:37:00 PM,SPENCERVILLE RD,NA,Front to Rear,Clear,Dry,Daylight,No Controls,NONE DETECTED,No,No Apparent Injury,NA,Not Distracted,MD,Sport Utility Vehicle,Slowing or Stopping,35,No,2022,HYUNDAI,PALISADE,39.11412457,-76.9585448,2026,4,16
260014877,Property Damage Crash,04/07/2026 04:01:00 PM,FLOWER AVE,NA,Other,Clear,Dry,Daylight,No Controls,NONE DETECTED,No,NA,NA,NA,NA,Passenger Car,Moving Constant Speed,25,No,2010,HYUNDAI,SANTA FE,38.99026468,-77.00161074,2026,4,16
260014867,Injury Crash,04/07/2026 03:14:00 PM,CRYSTAL ROCK DR,NA,Angle,Clear,Dry,Daylight,"Other Pavement Marking (excluding edgelines, centerlines, or lane lines)",NONE DETECTED,Yes,Suspected Serious Injury,NA,Not Distracted,MD,Passenger Car,Turning Right,30,No,2022,SUBARU,OUTBACK,39.18194793,-77.26284695,2026,4,15
260014867,Injury Crash,04/07/2026 03:14:00 PM,CRYSTAL ROCK DR,NA,Angle,Clear,Dry,Daylight,"Other Pavement Marking (excluding edgelines, centerlines, or lane lines)",NONE DETECTED,No,No Apparent Injury,NA,Not Distracted,MD,Bus - Transit,Accelerating,30,No,2014,GILLIG,CITY TRANSIT BUS,39.18194793,-77.26284695,2026,4,15
260014863,Property Damage Crash,04/07/2026 02:44:00 PM,DURYEA DR,NA,Front to Rear,Clear,Dry,Daylight,"Person (including flagger, law enforcement, crossing guard, etc.",NONE DETECTED,No,No Apparent Injury,NA,Not Distracted,MD,Passenger Car,Stopped in Traffic,25,No,2023,TESLA,MODEL Y,39.04377904,-77.17941516,2026,4,14
260014863,Property Damage Crash,04/07/2026 02:44:00 PM,DURYEA DR,NA,Front to Rear,Clear,Dry,Daylight,"Person (including flagger, law enforcement, crossing guard, etc.",NONE DETECTED,Yes,No Apparent Injury,Followed Too Closely,Not Distracted,MD,Passenger Car,Moving Constant Speed,25,No,2013,HONDA,PILOT,39.04377904,-77.17941516,2026,4,14
260014863,Property Damage Crash,04/07/2026 02:44:00 PM,DURYEA DR,NA,Front to Rear,Clear,Dry,Daylight,"Person (including flagger, law enforcement, crossing guard, etc.",NONE DETECTED,No,No Apparent Injury,NA,Not Distracted,MD,Passenger Car,Stopped in Traffic,25,No,2021,FORD,BRONCO,39.04377904,-77.17941516,2026,4,14
260014912,Property Damage Crash,04/07/2026 02:38:00 PM,NA,NA,Front to Rear,Clear,NA,Daylight,NA,NONE DETECTED,No,NA,"Other Improper Action, Too Fast For Conditions",NA,NA,Passenger Car,Moving Constant Speed,0,No,2025,CHEVROLET,TRAILBLAZER,39.13194537,-77.11994978,2026,4,14
260014912,Property Damage Crash,04/07/2026 02:38:00 PM,NA,NA,Front to Rear,Clear,NA,Daylight,NA,NONE DETECTED,No,No Apparent Injury,NA,Not Distracted,MD,Passenger Car,Stopped in Traffic,0,No,2018,TOYOTA,RAV4,39.13194537,-77.11994978,2026,4,14
260014858,Injury Crash,04/07/2026 02:30:00 PM,VEIRS MILL RD,NA,Angle,Clear,Dry,Daylight,No Controls,NONE DETECTED,No,No Apparent Injury,NA,Not Distracted,MD,Passenger Car,Changing Lanes,35,No,2014,TOYOTA,CAMRY,39.05086533,-77.07393833,2026,4,14
260014858,Injury Crash,04/07/2026 02:30:00 PM,VEIRS MILL RD,NA,Angle,Clear,Dry,Daylight,No Controls,NONE DETECTED,No,No Apparent Injury,NA,Not Distracted,MD,Sport Utility Vehicle,Moving Constant Speed,35,No,2020,JEEP,GRAND CHEROKEE,39.05086533,-77.07393833,2026,4,14
260014858,Injury Crash,04/07/2026 02:30:00 PM,VEIRS MILL RD,NA,Angle,Clear,Dry,Daylight,No Controls,NONE DETECTED,No,Possible Minor Injury,NA,Not Distracted,MD,Passenger Car,Changing Lanes,35,No,2017,BMW,M4,39.05086533,-77.07393833,2026,4,14
260014854,Injury Crash,04/07/2026 02:05:00 PM,UNIVERSITY BLVD W (WB/L),NA,Angle,Clear,Dry,Daylight,No Controls,NONE DETECTED,No,Possible Minor Injury,NA,Not Distracted,MD,Passenger Car,Moving Constant Speed,35,No,2009,HONDA,CR-V,39.04125139,-77.04827158,2026,4,14
260014854,Injury Crash,04/07/2026 02:05:00 PM,UNIVERSITY BLVD W (WB/L),NA,Angle,Clear,Dry,Daylight,Traffic Control Signal,NONE DETECTED,Yes,No Apparent Injury,Failed to Yield Right-of-Way,Not Distracted,MD,Passenger Car,Turning Left,35,No,2014,HONDA,ODYSSEY,39.04125139,-77.04827158,2026,4,14
260014849,Property Damage Crash,04/07/2026 01:18:00 PM,BEL PRE RD (EB/L),NA,Front to Rear,Clear,Dry,Daylight,Traffic Control Signal,NONE DETECTED,No,No Apparent Injury,NA,Not Distracted,MD,Passenger Car,Parked,35,No,2018,HONDA,CIVIC,39.09057178,-77.04509087,2026,4,13
260014849,Property Damage Crash,04/07/2026 01:18:00 PM,BEL PRE RD (EB/L),NA,Front to Rear,Clear,Dry,Daylight,Traffic Control Signal,NONE DETECTED,No,No Apparent Injury,NA,Unknown,MD,Pickup,Slowing or Stopping,35,No,2024,CHEVROLET,SILVERADO HD,39.09057178,-77.04509087,2026,4,13
260014824,Property Damage Crash,04/07/2026 10:40:00 AM,EAST VILLAGE AVE (WB/L),NA,Single Vehicle,Clear,Dry,Daylight,No Controls,NONE DETECTED,No,No Apparent Injury,NA,Unknown,MD,Passenger Car,Turning Left,30,No,2023,MERCEDES-BENZ,EQS-CLASS SUV,39.19193483,-77.15272283,2026,4,10
260014816,Property Damage Crash,04/07/2026 10:13:00 AM,UNIVERSITY BLVD W,NA,Front to Rear,Clear,Dry,Daylight,Traffic Control Signal,NONE DETECTED,No,No Apparent Injury,NA,Not Distracted,MD,Passenger Car,Slowing or Stopping,35,No,2024,HONDA,HR-V,39.02116893,-77.01459561,2026,4,10
260014816,Property Damage Crash,04/07/2026 10:13:00 AM,UNIVERSITY BLVD W,NA,Front to Rear,Clear,Dry,Daylight,Traffic Control Signal,NONE DETECTED,Yes,No Apparent Injury,"Followed Too Closely, Operated Motor Vehicle in Inattentive, Careless, Negligent, or Erratic Manner",Not Distracted,MD,Passenger Car,Moving Constant Speed,35,No,2020,FORD,ESCAPE,39.02116893,-77.01459561,2026,4,10
260014802,Property Damage Crash,04/07/2026 07:41:00 AM,LITTLE SENECA PKWY,NA,Front to Rear,Clear,Dry,Daylight,No Controls,NONE DETECTED,Yes,No Apparent Injury,Followed Too Closely,Unknown,MD,Passenger Car,Moving Constant Speed,35,No,2011,ACURA,TSX,39.22301117,-77.26112567,2026,4,7
260014802,Property Damage Crash,04/07/2026 07:41:00 AM,LITTLE SENECA PKWY,NA,Front to Rear,Clear,Dry,Daylight,No Controls,NONE DETECTED,No,No Apparent Injury,NA,Unknown,MD,Van - Passenger (&lt;9 Seats),Moving Constant Speed,35,No,2022,TOYOTA,SIENNA,39.22301117,-77.26112567,2026,4,7
260014800,Injury Crash,04/07/2026 07:31:00 AM,MARINELLI RD,Pedestrian,Single Vehicle,Clear,Dry,Daylight,Pedestrian Crossing Sign,NONE DETECTED,Yes,No Apparent Injury,NA,Not Distracted,MD,Passenger Car,Moving Constant Speed,20,No,2011,SUBARU,OUTBACK,39.0465325,-77.114345,2026,4,7
260014799,Property Damage Crash,04/07/2026 07:26:00 AM,JONES BRIDGE RD,NA,Front to Rear,Clear,Dry,Daylight,No Controls,NONE DETECTED,No,No Apparent Injury,NA,Not Distracted,WV,Truck Tractor,Slowing or Stopping,35,No,2018,INTERNATIONAL,LT625,38.99698075,-77.09215102,2026,4,7
260014799,Property Damage Crash,04/07/2026 07:26:00 AM,JONES BRIDGE RD,NA,Front to Rear,Clear,Dry,Daylight,No Controls,NONE DETECTED,Yes,No Apparent Injury,"Operated Motor Vehicle in Inattentive, Careless, Negligent, or Erratic Manner","Other Action (looking away from task, etc.)",DC,Passenger Car,Changing Lanes,35,No,2006,NISSAN,ALTIMA,38.99698075,-77.09215102,2026,4,7
260014803,Fatal Crash,04/07/2026 06:14:00 AM,MANOR RD,NA,Angle,Clear,Dry,Medium,Traffic Control Signal,NONE DETECTED,No,Suspected Serious Injury,NA,Unknown,VA,Passenger Car,Turning Left,35,No,2026,TESLA,MODEL Y,38.99614138,-77.07707936,2026,4,6
260014803,Fatal Crash,04/07/2026 06:14:00 AM,MANOR RD,NA,Angle,Clear,Dry,Medium,Traffic Control Signal,NONE DETECTED,No,Fatal Injury,NA,Unknown,MD,Motorcycle - 2 Wheeled,Moving Constant Speed,35,No,2015,BMW,S 1000 RR,38.99614138,-77.07707936,2026,4,6
260014770,Property Damage Crash,04/06/2026 08:28:00 PM,DOMER AVE,NA,"Sideswipe, Same Direction",Clear,Dry,Medium,Stop Sign,ALCOHOL PRESENT,Yes,No Apparent Injury,NA,Not Distracted,MD,Passenger Car,NA,25,No,2012,HONDA,ACCORD,38.99675664,-77.00030419,2026,4,20
260014760,Property Damage Crash,04/06/2026 08:18:00 PM,NA,NA,Single Vehicle,Clear,Dry,Medium,No Controls,ALCOHOL PRESENT,Yes,No Apparent Injury,NA,Not Distracted,MD,Pickup,Moving Constant Speed,35,No,2016,FORD,F-150,39.03734749,-76.99504164,2026,4,20
260014772,Property Damage Crash,04/06/2026 06:59:00 PM,NA,NA,"Sideswipe, Same Direction",Clear,NA,Medium,NA,NONE DETECTED,No,No Apparent Injury,NA,Not Distracted,MD,Sport Utility Vehicle,NA,0,No,2019,ACURA,RDX,39.05899437,-76.95452722,2026,4,18
260014742,Injury Crash,04/06/2026 06:16:00 PM,LEISTER DR,Cyclist (non-electric),Single Vehicle,Clear,Dry,Daylight,No Controls,NONE DETECTED,No,NA,NA,NA,NA,NA,Moving Constant Speed,25,No,0,NA,NA,39.06577993,-76.98295145,2026,4,18
260014749,Property Damage Crash,04/06/2026 06:06:00 PM,NA,NA,Rear To Rear,Clear,NA,Daylight,NA,NONE DETECTED,No,No Apparent Injury,NA,Not Distracted,MD,Passenger Car,Parked,0,No,2004,HUMMER,H2,39.05292747,-76.95593681,2026,4,18
260014749,Property Damage Crash,04/06/2026 06:06:00 PM,NA,NA,Rear To Rear,Clear,NA,Daylight,NA,NONE DETECTED,No,NA,NA,NA,NA,Passenger Car,Backing,0,No,2024,TOYOTA,RAV4,39.05292747,-76.95593681,2026,4,18
260014718,Property Damage Crash,04/06/2026 04:15:00 PM,NA,NA,Single Vehicle,Clear,NA,Daylight,NA,NONE DETECTED,No,No Apparent Injury,"Other Improper Action, Ran Off Roadway",Unknown,VA,Passenger Car,Accelerating,0,No,2022,TOYOTA,COROLLA CROSS,39.08393538,-76.94459115,2026,4,16
260014719,Injury Crash,04/06/2026 04:12:00 PM,EAST WEST HWY,NA,Angle,Clear,Dry,Daylight,Lane Use Control Signal,NONE DETECTED,No,Possible Minor Injury,NA,Unknown,MD,Pickup,Making U-Turn,35,No,2011,DODGE,RAM,38.9893,-77.07024783,2026,4,16
260014719,Injury Crash,04/06/2026 04:12:00 PM,EAST WEST HWY,NA,Angle,Clear,Dry,Daylight,Lane Use Control Signal,NONE DETECTED,No,Possible Minor Injury,NA,Not Distracted,MD,Sport Utility Vehicle,Slowing or Stopping,35,No,2025,ACURA,RDX,38.9893,-77.07024783,2026,4,16
260014705,Property Damage Crash,04/06/2026 02:45:00 PM,NA,NA,Angle,Clear,NA,Daylight,NA,NONE DETECTED,Yes,No Apparent Injury,Other Improper Action,Unknown,MD,Passenger Car,Accelerating,0,No,2006,INFINITI,G35,39.05776473,-77.07898418,2026,4,14
260014717,Property Damage Crash,04/06/2026 02:30:00 PM,NA,NA,"Sideswipe, Same Direction",Clear,Dry,Daylight,No Controls,NONE DETECTED,No,No Apparent Injury,NA,Not Distracted,MD,Passenger Car,Moving Constant Speed,30,No,2025,HONDA,HR-V,39.03912946,-76.99169147,2026,4,14
260014717,Property Damage Crash,04/06/2026 02:30:00 PM,NA,NA,"Sideswipe, Same Direction",Clear,Dry,Daylight,No Controls,NONE DETECTED,No,NA,Improper Passing,NA,NA,Passenger Car,Overtaking/Passing,40,No,2012,TOYOTA,COROLLA,39.03912946,-76.99169147,2026,4,14
260014667,Property Damage Crash,04/06/2026 11:50:00 AM,ROCKVILLE PIKE (SB/L),NA,"Sideswipe, Same Direction",Clear,Dry,Daylight,No Controls,NONE DETECTED,Yes,No Apparent Injury,"Failed to Yield Right-of-Way, Improper Passing, Operated Motor Vehicle in Inattentive, Careless, Negligent, or Erratic Manner, Operated Motor Vehicle in Reckless or Aggressive Manner, Too Fast For Conditions",Not Distracted,MD,Passenger Car,Changing Lanes,35,No,2018,HONDA,CIVIC,38.99823466,-77.09687728,2026,4,11
260014667,Property Damage Crash,04/06/2026 11:50:00 AM,ROCKVILLE PIKE (SB/L),NA,"Sideswipe, Same Direction",Clear,Dry,Daylight,No Controls,NONE DETECTED,No,No Apparent Injury,NA,Not Distracted,DE,Passenger Car,Moving Constant Speed,35,No,2022,VOLKSWAGEN,TAOS,38.99823466,-77.09687728,2026,4,11
260014665,Property Damage Crash,04/06/2026 11:21:00 AM,CRYSTAL ROCK DR,NA,Angle,Clear,Dry,Daylight,No Controls,NONE DETECTED,Yes,No Apparent Injury,Failed to Yield Right-of-Way,Unknown,MD,Passenger Car,Turning Left,40,No,2020,HONDA,HR-V,39.18446467,-77.26414933,2026,4,11
260014665,Property Damage Crash,04/06/2026 11:21:00 AM,CRYSTAL ROCK DR,NA,Angle,Clear,Dry,Daylight,No Controls,NONE DETECTED,No,No Apparent Injury,NA,Not Distracted,VA,Passenger Car,Moving Constant Speed,40,No,2026,TESLA,MODEL Y,39.18446467,-77.26414933,2026,4,11
260014823,Property Damage Crash,04/06/2026 11:00:00 AM,NA,NA,Unknown,Clear,NA,Daylight,NA,NONE DETECTED,No,NA,NA,NA,NA,Unknown,Backing,0,No,0,NA,NA,39.06606401,-77.15935531,2026,4,11
260014656,Injury Crash,04/06/2026 10:30:00 AM,CONNECTICUT AVE,NA,Angle,Clear,Dry,Daylight,Traffic Control Signal,NONE DETECTED,No,Possible Minor Injury,NA,Unknown,MD,Passenger Car,Turning Left,35,No,2014,TOYOTA,COROLLA,39.03287292,-77.07487492,2026,4,10
260014656,Injury Crash,04/06/2026 10:30:00 AM,CONNECTICUT AVE,NA,Angle,Clear,Dry,Daylight,Traffic Control Signal,NONE DETECTED,No,No Apparent Injury,NA,Unknown,VA,Single-Unit Truck,Moving Constant Speed,35,No,2016,INTERNATIONAL,MA025,39.03287292,-77.07487492,2026,4,10
260014649,Property Damage Crash,04/06/2026 09:57:00 AM,NA,NA,Single Vehicle,Clear,Dry,Daylight,No Controls,NONE DETECTED,Yes,No Apparent Injury,NA,Unknown,MD,Sport Utility Vehicle,Moving Constant Speed,35,No,2017,ACURA,RDX,39.09043613,-77.05026883,2026,4,9