Local Case Number,ACRS Report Type,Crash Date/Time,Road Name,Related Non-Motorist,Collision Type,Weather,Surface Condition,Light,Traffic Control,Driver Substance Abuse,Driver At Fault,Injury Severity,Circumstance,Driver Distracted By,Drivers License State,Vehicle Body Type,Vehicle Movement,Speed Limit,Driverless Vehicle,Vehicle Year,Vehicle Make,Vehicle Model,Latitude,Longitude,Year,Month,Hour
260014644,Injury Crash,04/06/2026 08:46:00 AM,WATKINS POND BLVD,NA,"Sideswipe, Same Direction",Clear,Dry,Daylight,Traffic Control Signal,NONE DETECTED,Yes,No Apparent Injury,NA,Not Distracted,MD,Sport Utility Vehicle,Turning Right,35,No,2013,LEXUS,RX,39.11236151,-77.16196166,2026,4,8
260014644,Injury Crash,04/06/2026 08:46:00 AM,WATKINS POND BLVD,NA,"Sideswipe, Same Direction",Clear,Dry,Daylight,Traffic Control Signal,NONE DETECTED,No,No Apparent Injury,NA,Not Distracted,MD,Bus - Transit,Turning Right,35,No,2013,GILLIG,CITY TRANSIT BUS,39.11236151,-77.16196166,2026,4,8
260014641,Property Damage Crash,04/06/2026 08:30:00 AM,DEER MEADOW LA,NA,"Sideswipe, Same Direction",Clear,Dry,Daylight,No Controls,NONE DETECTED,No,No Apparent Injury,NA,Not Distracted,MD,Passenger Car,Moving Constant Speed,25,No,2007,TOYOTA,CAMRY SOLARA,39.11356005,-77.16555066,2026,4,8
260014641,Property Damage Crash,04/06/2026 08:30:00 AM,DEER MEADOW LA,NA,"Sideswipe, Same Direction",Clear,Dry,Daylight,No Controls,NONE DETECTED,Yes,No Apparent Injury,NA,Not Distracted,MD,Passenger Car,Turning Left,25,No,2019,NISSAN,ALTIMA,39.11356005,-77.16555066,2026,4,8
260014639,Injury Crash,04/06/2026 08:09:00 AM,WATKINS POND BLVD,NA,Angle,Clear,Dry,Daylight,Traffic Control Signal,NONE DETECTED,No,Possible Minor Injury,NA,Not Distracted,MD,Passenger Car,Turning Right,25,No,2019,TOYOTA,CAMRY,39.11223565,-77.16191154,2026,4,8
260014639,Injury Crash,04/06/2026 08:09:00 AM,WATKINS POND BLVD,NA,Angle,Clear,Dry,Daylight,Traffic Control Signal,NONE DETECTED,No,No Apparent Injury,NA,Not Distracted,MD,Passenger Car,Moving Constant Speed,35,No,2020,DODGE,CHARGER,39.11223565,-77.16191154,2026,4,8
260014636,Injury Crash,04/06/2026 07:07:00 AM,GEORGIA AVE (SB/L),NA,Front to Rear,Clear,Dry,Daylight,No Controls,NONE DETECTED,No,Possible Minor Injury,NA,Not Distracted,MD,Sport Utility Vehicle,Moving Constant Speed,30,No,2017,CHEVROLET,TRAVERSE,39.1519495,-77.06701117,2026,4,7
260014636,Injury Crash,04/06/2026 07:07:00 AM,GEORGIA AVE (SB/L),NA,Front to Rear,Clear,Dry,Daylight,No Controls,NONE DETECTED,Yes,Possible Minor Injury,NA,Not Distracted,MD,Passenger Car,Turning Left,30,No,2021,TOYOTA,COROLLA,39.1519495,-77.06701117,2026,4,7
260014636,Injury Crash,04/06/2026 07:07:00 AM,GEORGIA AVE (SB/L),NA,Front to Rear,Clear,Dry,Daylight,No Controls,NONE DETECTED,No,Possible Minor Injury,NA,Not Distracted,MD,Passenger Car,Turning Right,30,No,2013,ACURA,TL,39.1519495,-77.06701117,2026,4,7
260014735,Injury Crash,04/06/2026 06:45:00 AM,NA,Pedestrian,Single Vehicle,Clear,NA,Medium,NA,NONE DETECTED,No,NA,NA,NA,NA,Passenger Car,Backing,0,No,2008,HONDA,ACCORD,39.02841431,-77.07655231,2026,4,6
260014741,Property Damage Crash,04/06/2026 06:40:00 AM,CENTERWAY RD,NA,Front to Rear,Clear,Dry,Daylight,Stop Sign,NONE DETECTED,No,NA,NA,NA,NA,Passenger Car,Slowing or Stopping,25,No,2019,CHEVROLET,TRAX,39.16991278,-77.17902862,2026,4,6
260014741,Property Damage Crash,04/06/2026 06:40:00 AM,CENTERWAY RD,NA,Front to Rear,Clear,Dry,Daylight,Stop Sign,NONE DETECTED,No,No Apparent Injury,NA,Not Distracted,MD,Passenger Car,Slowing or Stopping,25,No,2011,TOYOTA,CAMRY,39.16991278,-77.17902862,2026,4,6
26000659,Property Damage Crash,04/06/2026 05:10:00 AM,NA,NA,Single Vehicle,Clear,NA,Medium,NA,NONE DETECTED,No,No Apparent Injury,NA,Unknown,MD,Pickup,Accelerating,0,No,2007,CHEVROLET,COLORADO,39.03770523,-77.15482529,2026,4,5
260014632,Property Damage Crash,04/06/2026 04:45:00 AM,NA,NA,"Sideswipe, Same Direction",Clear,Dry,Medium,Traffic Control Signal,NONE DETECTED,Yes,No Apparent Injury,"Disregarded Other Traffic Sign, Failed to Yield Right-of-Way",Not Distracted,NA,Passenger Car,Entering Traffic Lane,35,No,2015,JEEP,WRANGLER,39.03951658,-76.99071046,2026,4,4
260014632,Property Damage Crash,04/06/2026 04:45:00 AM,NA,NA,"Sideswipe, Same Direction",Clear,Dry,Medium,Traffic Control Signal,NONE DETECTED,No,No Apparent Injury,NA,Not Distracted,MD,Passenger Car,Turning Left,35,No,2009,HONDA,CIVIC,39.03951658,-76.99071046,2026,4,4
260014633,Property Damage Crash,04/06/2026 04:26:00 AM,HILDAROSE DR,NA,"Sideswipe, Opposite Direction",Clear,Dry,Dark,No Controls,NONE DETECTED,Yes,No Apparent Injury,NA,Not Distracted,MD,Passenger Car,Entering Traffic Lane,35,No,2004,TOYOTA,COROLLA MATRIX,39.02043383,-77.04432033,2026,4,4
260014633,Property Damage Crash,04/06/2026 04:26:00 AM,HILDAROSE DR,NA,"Sideswipe, Opposite Direction",Clear,Dry,Dark,No Controls,NONE DETECTED,No,No Apparent Injury,NA,Not Distracted,MD,Bus - Transit,Moving Constant Speed,35,No,2016,GILLIG,LOW FLOOR BUS,39.02043383,-77.04432033,2026,4,4
260014267,Property Damage Crash,04/06/2026 02:47:00 AM,NA,NA,Front to Rear,Clear,NA,Medium,NA,NONE DETECTED,No,NA,NA,NA,NA,Passenger Car,Backing,0,No,2022,DODGE,CHALLENGER,39.1177055,-77.184522,2026,4,2
260014619,Property Damage Crash,04/06/2026 12:12:00 AM,BRINK RD (WB/L),NA,Single Vehicle,Clear,Dry,Dark,No Controls,NONE DETECTED,Yes,No Apparent Injury,Ran Off Roadway,Not Distracted,MD,Passenger Car,Moving Constant Speed,35,No,2012,HYUNDAI,ELANTRA,39.20758833,-77.22445233,2026,4,0
260014613,Injury Crash,04/05/2026 10:02:00 PM,S FREDERICK RD,NA,Angle,Clear,Dry,Medium,Other Warning Sign,NONE DETECTED,No,No Apparent Injury,NA,Not Distracted,MD,Pickup,Moving Constant Speed,35,No,2006,TOYOTA,TACOMA,39.128023,-77.18521783,2026,4,22
260014613,Injury Crash,04/05/2026 10:02:00 PM,S FREDERICK RD,NA,Angle,Clear,Dry,Medium,Other Warning Sign,NONE DETECTED,Yes,Possible Minor Injury,Failed to Yield Right-of-Way,Not Distracted,MD,Passenger Car,Turning Left,35,No,2011,TOYOTA,COROLLA,39.128023,-77.18521783,2026,4,22
260014606,Property Damage Crash,04/05/2026 08:56:00 PM,NA,NA,Angle,Clear,Dry,Medium,No Controls,NONE DETECTED,No,No Apparent Injury,NA,Not Distracted,MD,Passenger Car,Moving Constant Speed,35,No,2018,MITSUBISHI,OUTLANDER,39.07540111,-77.13715449,2026,4,20
260014606,Property Damage Crash,04/05/2026 08:56:00 PM,NA,NA,Angle,Clear,Dry,Medium,No Controls,NONE DETECTED,Yes,No Apparent Injury,NA,Not Distracted,MD,Passenger Car,Turning Left,25,No,2026,HONDA,CIVIC,39.07540111,-77.13715449,2026,4,20
260014601,Injury Crash,04/05/2026 07:35:00 PM,NA,NA,Single Vehicle,Clear,Dry,Medium,Traffic Control Signal,NONE DETECTED,Yes,Possible Minor Injury,Too Fast For Conditions,Unknown,DC,Passenger Car,Moving Constant Speed,35,No,2012,TOYOTA,COROLLA,39.16250797,-77.16572176,2026,4,19
260014583,Property Damage Crash,04/05/2026 04:50:00 PM,COLIE DR,NA,Angle,Clear,Dry,Daylight,No Controls,NONE DETECTED,No,No Apparent Injury,NA,Not Distracted,MD,Passenger Car,Moving Constant Speed,25,No,2022,JEEP,CHEROKEE,39.05819781,-77.08165255,2026,4,16
260014583,Property Damage Crash,04/05/2026 04:50:00 PM,COLIE DR,NA,Angle,Clear,Dry,Daylight,No Controls,NONE DETECTED,No,No Apparent Injury,NA,Not Distracted,MD,Passenger Car,Moving Constant Speed,25,No,2011,NISSAN,VERSA,39.05819781,-77.08165255,2026,4,16
260014583,Property Damage Crash,04/05/2026 04:50:00 PM,COLIE DR,NA,Angle,Clear,Dry,Daylight,No Controls,NONE DETECTED,Yes,NA,NA,NA,NA,Pickup,Moving Constant Speed,25,No,2025,TOYOTA,TACOMA,39.05819781,-77.08165255,2026,4,16
260014577,Injury Crash,04/05/2026 04:08:00 PM,E RANDOLPH RD (WB/L),"Other Pedestrian (person in a building, skater, personal conveyance, etc.)",Angle,Clear,Dry,Daylight,No Controls,NONE DETECTED,No,No Apparent Injury,NA,Not Distracted,MD,Passenger Car,Accelerating,40,No,2020,DODGE,CHALLENGER,39.06774121,-76.98572159,2026,4,16
260014577,Injury Crash,04/05/2026 04:08:00 PM,E RANDOLPH RD (WB/L),"Other Pedestrian (person in a building, skater, personal conveyance, etc.)",Angle,Clear,Dry,Daylight,No Controls,NONE DETECTED,No,No Apparent Injury,NA,Not Distracted,MD,Pickup,Moving Constant Speed,40,No,2003,DODGE,DAKOTA,39.06774121,-76.98572159,2026,4,16
260014572,Property Damage Crash,04/05/2026 04:00:00 PM,CONNECTICUT AVE SERVICE RD,NA,"Sideswipe, Same Direction",Clear,Dry,Daylight,No Controls,NONE DETECTED,Yes,NA,NA,NA,NA,Passenger Car,Changing Lanes,25,No,2022,TOYOTA,CAMRY,39.0598222,-77.07300229,2026,4,16
260014570,Property Damage Crash,04/05/2026 03:12:00 PM,NA,NA,Front to Rear,Cloudy,Wet,Daylight,No Controls,NONE DETECTED,Yes,No Apparent Injury,Failed to Keep in Proper Lane,Not Distracted,MD,Passenger Car,Moving Constant Speed,35,No,2012,AUDI,A6,39.17851317,-77.20989017,2026,4,15
260014557,Injury Crash,04/05/2026 02:58:00 PM,NA,Pedestrian,Single Vehicle,Cloudy,NA,Daylight,NA,NONE DETECTED,Yes,No Apparent Injury,"Operated Motor Vehicle in Inattentive, Careless, Negligent, or Erratic Manner",Not Distracted,VA,Passenger Car,Backing,0,No,2020,TESLA,MODEL X,39.05187329,-77.11670789,2026,4,14
260014560,Injury Crash,04/05/2026 02:52:00 PM,NA,Pedestrian,Single Vehicle,Clear,NA,Daylight,NA,NONE DETECTED,No,No Apparent Injury,NA,Not Distracted,MD,Passenger Car,Turning Left,0,No,2015,BUICK,LACROSSE,39.02381971,-77.14829145,2026,4,14
260014599,Property Damage Crash,04/05/2026 02:50:00 PM,TOWER OAKS BLVD,NA,Front to Front,Rain,Wet,Daylight,Traffic Control Signal,NONE DETECTED,No,No Apparent Injury,NA,Unknown,MD,Passenger Car,NA,30,No,2016,HONDA,ACCORD,39.058476,-77.15225117,2026,4,14
260014599,Property Damage Crash,04/05/2026 02:50:00 PM,TOWER OAKS BLVD,NA,Front to Front,Rain,Wet,Daylight,Traffic Control Signal,NONE DETECTED,No,No Apparent Injury,NA,Unknown,VA,Passenger Car,NA,30,No,2012,HONDA,ACCORD,39.058476,-77.15225117,2026,4,14
260014563,Property Damage Crash,04/05/2026 02:38:00 PM,NA,NA,Single Vehicle,Clear,NA,Daylight,NA,NONE DETECTED,No,NA,NA,NA,NA,NA,Turning Left,0,No,0,NA,NA,39.16726356,-77.17227986,2026,4,14
260014555,Injury Crash,04/05/2026 02:13:00 PM,MIDCOUNTY HWY (NB/L),NA,"Sideswipe, Same Direction",Rain,Wet,Daylight,Traffic Control Signal,NONE DETECTED,No,No Apparent Injury,Failed to Keep in Proper Lane,Not Distracted,MD,Passenger Car,Turning Right,35,No,2023,ACURA,RDX,39.15085683,-77.17453117,2026,4,14
260014555,Injury Crash,04/05/2026 02:13:00 PM,MIDCOUNTY HWY (NB/L),NA,"Sideswipe, Same Direction",Rain,Wet,Daylight,Traffic Control Signal,NONE DETECTED,No,Possible Minor Injury,NA,Not Distracted,MD,Passenger Car,Moving Constant Speed,35,No,2006,HYUNDAI,ACCENT,39.15085683,-77.17453117,2026,4,14
260014558,Fatal Crash,04/05/2026 01:41:00 PM,CRABBS BRANCH WAY,NA,Single Vehicle,Rain,Wet,Daylight,No Controls,NONE DETECTED,No,Fatal Injury,NA,Unknown,MD,Passenger Car,Moving Constant Speed,35,No,2021,TOYOTA,AVALON,39.11678317,-77.1569595,2026,4,13
260014553,Injury Crash,04/05/2026 01:39:00 PM,NA,NA,Front to Rear,Rain,Wet,Daylight,Traffic Control Signal,NONE DETECTED,Yes,Possible Minor Injury,"Followed Too Closely, Too Fast For Conditions",Unknown,DC,Passenger Car,Slowing or Stopping,40,No,2015,CHEVROLET,EQUINOX,39.1124045,-77.06305417,2026,4,13
260014553,Injury Crash,04/05/2026 01:39:00 PM,NA,NA,Front to Rear,Rain,Wet,Daylight,Traffic Control Signal,NONE DETECTED,No,Possible Minor Injury,NA,Unknown,MD,Passenger Car,Slowing or Stopping,40,No,2023,LEXUS,RX,39.1124045,-77.06305417,2026,4,13
260014541,Property Damage Crash,04/05/2026 12:26:00 PM,NA,NA,Front to Rear,Rain,Wet,Daylight,Traffic Control Signal,NONE DETECTED,No,No Apparent Injury,NA,Not Distracted,MD,Sport Utility Vehicle,Stopped in Traffic,35,No,2022,HONDA,CR-V,39.03883021,-77.07553444,2026,4,12
260014541,Property Damage Crash,04/05/2026 12:26:00 PM,NA,NA,Front to Rear,Rain,Wet,Daylight,Traffic Control Signal,NONE DETECTED,No,NA,NA,NA,NA,NA,Slowing or Stopping,35,No,0,NA,NA,39.03883021,-77.07553444,2026,4,12
260014535,Property Damage Crash,04/05/2026 12:24:00 PM,NA,NA,Front to Rear,Rain,NA,Daylight,NA,NONE DETECTED,No,No Apparent Injury,NA,Not Distracted,DC,Passenger Car,Parked,0,No,2022,TOYOTA,COROLLA,39.05578783,-77.084084,2026,4,12
260014535,Property Damage Crash,04/05/2026 12:24:00 PM,NA,NA,Front to Rear,Rain,NA,Daylight,NA,ALCOHOL PRESENT,Yes,No Apparent Injury,NA,Not Distracted,MD,Pickup,Backing,0,No,2000,NISSAN,FRONTIER,39.05578783,-77.084084,2026,4,12
260014526,Property Damage Crash,04/05/2026 11:51:00 AM,RAMP 1 FR IS 270 NB TO SHADY GROVE RD WB,NA,Angle,Rain,Wet,Daylight,Traffic Control Signal,NONE DETECTED,Yes,No Apparent Injury,Ran Red Light,Unknown,MD,Passenger Car,Moving Constant Speed,35,No,2025,CHEVROLET,TRAILBLAZER,39.11188476,-77.1870351,2026,4,11
260014526,Property Damage Crash,04/05/2026 11:51:00 AM,RAMP 1 FR IS 270 NB TO SHADY GROVE RD WB,NA,Angle,Rain,Wet,Daylight,Traffic Control Signal,NONE DETECTED,No,No Apparent Injury,NA,Unknown,MD,Passenger Car,Accelerating,35,No,2007,INFINITI,G35,39.11188476,-77.1870351,2026,4,11
260014523,Property Damage Crash,04/05/2026 09:00:00 AM,OVERLEA RD,NA,"Sideswipe, Same Direction",Cloudy,Dry,Daylight,No Controls,NONE DETECTED,Yes,No Apparent Injury,Improper Passing,Unknown,MD,Sport Utility Vehicle,Leaving Traffic Lane,20,No,2016,MERCEDES-BENZ,GLE-CLASS,38.95709961,-77.113424,2026,4,9
260014504,Property Damage Crash,04/05/2026 05:30:00 AM,NA,NA,Other,Clear,NA,Medium,NA,NONE DETECTED,Yes,No Apparent Injury,NA,"Other Action (looking away from task, etc.)",MD,Sport Utility Vehicle,Backing,0,No,2025,DODGE,DURANGO,38.99137168,-77.09787584,2026,4,5
260014501,Property Damage Crash,04/05/2026 04:41:00 AM,NORBECK RD,NA,Angle,Clear,Dry,Medium,Traffic Control Signal,NONE DETECTED,Yes,No Apparent Injury,NA,Not Distracted,SC,Passenger Car,Turning Left,35,No,2014,CHEVROLET,CAMARO,39.09609997,-77.10987986,2026,4,4
260014501,Property Damage Crash,04/05/2026 04:41:00 AM,NORBECK RD,NA,Angle,Clear,Dry,Medium,Traffic Control Signal,NONE DETECTED,No,NA,NA,NA,NA,Passenger Car,Moving Constant Speed,35,No,2010,NISSAN,SENTRA,39.09609997,-77.10987986,2026,4,4
260014500,Property Damage Crash,04/05/2026 04:38:00 AM,MIDCOUNTY HWY,NA,Single Vehicle,Clear,Dry,Medium,No Controls,NONE DETECTED,No,NA,NA,NA,NA,Passenger Car,Negotiating a Curve,40,No,2016,HYUNDAI,SONATA,39.18135617,-77.22653917,2026,4,4
260014488,Property Damage Crash,04/05/2026 01:30:00 AM,E RANDOLPH RD,NA,Single Vehicle,Clear,Dry,Medium,No Controls,NONE DETECTED,Yes,No Apparent Injury,NA,Unknown,MD,Passenger Car,NA,35,No,2026,HONDA,CIVIC,39.06655622,-76.98393132,2026,4,1
260014482,Property Damage Crash,04/05/2026 12:01:00 AM,NA,NA,Single Vehicle,Clear,Dry,Medium,No Controls,ALCOHOL PRESENT,Yes,No Apparent Injury,"Ran Off Roadway, Too Fast For Conditions",Unknown,MD,Passenger Car,Moving Constant Speed,15,No,2019,JEEP,WRANGLER,39.09958,-77.0511155,2026,4,0
260014576,Property Damage Crash,04/04/2026 11:00:00 PM,UNIVERSITY BLVD,NA,"Sideswipe, Same Direction",Clear,Dry,Medium,No Controls,NONE DETECTED,No,No Apparent Injury,NA,Not Distracted,MD,Passenger Car,Moving Constant Speed,35,No,2022,HONDA,CR-V,38.98733067,-76.98535205,2026,4,23
260014576,Property Damage Crash,04/04/2026 11:00:00 PM,UNIVERSITY BLVD,NA,"Sideswipe, Same Direction",Clear,Dry,Medium,No Controls,NONE DETECTED,Yes,NA,NA,NA,NA,Pickup,Accelerating,35,No,2025,TOYOTA,TUNDRA,38.98733067,-76.98535205,2026,4,23
260014478,Property Damage Crash,04/04/2026 10:32:00 PM,DENIT ESTATES DR,NA,Single Vehicle,Clear,Dry,Medium,No Controls,ALCOHOL PRESENT,Yes,No Apparent Injury,"Operated Motor Vehicle in Inattentive, Careless, Negligent, or Erratic Manner, Operated Motor Vehicle in Reckless or Aggressive Manner, Ran Off Roadway",Unknown,MD,Sport Utility Vehicle,Moving Constant Speed,25,No,2024,JEEP,GRAND CHEROKEE,39.20537348,-77.0435635,2026,4,22
260014473,Injury Crash,04/04/2026 10:00:00 PM,VEIRS MILL RD,NA,"Sideswipe, Same Direction",Clear,Dry,Medium,No Controls,NONE DETECTED,No,No Apparent Injury,NA,Not Distracted,MD,Passenger Car,Moving Constant Speed,45,No,2014,HONDA,ACCORD,39.06391876,-77.09619508,2026,4,22
260014473,Injury Crash,04/04/2026 10:00:00 PM,VEIRS MILL RD,NA,"Sideswipe, Same Direction",Clear,Dry,Medium,No Controls,NONE DETECTED,Yes,Possible Minor Injury,NA,Not Distracted,MD,Passenger Car,Overtaking/Passing,45,No,2013,ACURA,TL,39.06391876,-77.09619508,2026,4,22
260014473,Injury Crash,04/04/2026 10:00:00 PM,VEIRS MILL RD,NA,"Sideswipe, Same Direction",Clear,Dry,Medium,No Controls,NONE DETECTED,No,No Apparent Injury,NA,Not Distracted,MD,Passenger Car,Moving Constant Speed,45,No,2007,HONDA,FIT,39.06391876,-77.09619508,2026,4,22
260014472,Property Damage Crash,04/04/2026 09:51:00 PM,DARNESTOWN RD (WB/L),NA,Single Vehicle,Clear,Dry,Medium,No Controls,NONE DETECTED,No,No Apparent Injury,"Ran Off Roadway, Too Fast For Conditions",Not Distracted,MD,Passenger Car,Negotiating a Curve,40,No,2024,TOYOTA,CAMRY,39.1009659,-77.21546394,2026,4,21
260014474,Property Damage Crash,04/04/2026 09:45:00 PM,EISENHOWER MEMORIAL HWY,NA,"Sideswipe, Same Direction",Clear,Dry,Medium,No Controls,NONE DETECTED,No,No Apparent Injury,NA,Not Distracted,MD,Sport Utility Vehicle,Moving Constant Speed,55,No,2023,TOYOTA,HIGHLANDER,39.01918806,-77.10326268,2026,4,21
260014474,Property Damage Crash,04/04/2026 09:45:00 PM,EISENHOWER MEMORIAL HWY,NA,"Sideswipe, Same Direction",Clear,Dry,Medium,No Controls,NONE DETECTED,No,No Apparent Injury,NA,Not Distracted,PA,Sport Utility Vehicle,Moving Constant Speed,55,No,2026,BMW,X1,39.01918806,-77.10326268,2026,4,21
260014474,Property Damage Crash,04/04/2026 09:45:00 PM,EISENHOWER MEMORIAL HWY,NA,"Sideswipe, Same Direction",Clear,Dry,Medium,No Controls,NONE DETECTED,No,NA,NA,NA,NA,NA,Changing Lanes,55,No,0,NA,NA,39.01918806,-77.10326268,2026,4,21
260014462,Injury Crash,04/04/2026 07:56:00 PM,HEWITT AVE,Cyclist (non-electric),Single Vehicle,Clear,Dry,Medium,Traffic Control Signal,NONE DETECTED,Yes,No Apparent Injury,"Failed to Yield Right-of-Way, Ran Red Light",Unknown,MD,Passenger Car,Moving Constant Speed,35,No,2015,HYUNDAI,SONATA,39.07742931,-77.07091768,2026,4,19
260014459,Property Damage Crash,04/04/2026 07:43:00 PM,MONTGOMERY VILLAGE AVE,NA,Front to Front,Clear,Dry,Medium,Traffic Control Signal,NONE DETECTED,No,No Apparent Injury,NA,Not Distracted,MD,Passenger Car,Accelerating,25,No,2018,TOYOTA,RAV4,39.18791017,-77.1973515,2026,4,19
260014459,Property Damage Crash,04/04/2026 07:43:00 PM,MONTGOMERY VILLAGE AVE,NA,Front to Front,Clear,Dry,Medium,Traffic Control Signal,NONE DETECTED,Yes,No Apparent Injury,Improper Turn,Not Distracted,MD,Passenger Car,Turning Left,25,No,2002,TOYOTA,COROLLA,39.18791017,-77.1973515,2026,4,19
260014461,Injury Crash,04/04/2026 07:40:00 PM,LEWIS DR,NA,Single Vehicle,Clear,Dry,Medium,No Controls,NONE DETECTED,Yes,Suspected Serious Injury,"Operated Motor Vehicle in Inattentive, Careless, Negligent, or Erratic Manner, Other Improper Action, Over-Correcting/Over-Steering",Unknown,NA,Golf Cart,Moving Constant Speed,25,No,1996,EZ GO,EZ GO,39.2915556,-77.20954151,2026,4,19
260014440,Property Damage Crash,04/04/2026 05:11:00 PM,COLESVILLE RD (WB/L),NA,"Sideswipe, Same Direction",Cloudy,Dry,Daylight,No Controls,NONE DETECTED,No,No Apparent Injury,NA,Not Distracted,MD,Passenger Car,Parked,35,No,2014,NISSAN,MAXIMA,38.99348393,-77.03276025,2026,4,17
260014440,Property Damage Crash,04/04/2026 05:11:00 PM,COLESVILLE RD (WB/L),NA,"Sideswipe, Same Direction",Cloudy,Dry,Daylight,No Controls,NONE DETECTED,Yes,No Apparent Injury,"Over-Correcting/Over-Steering, Too Fast For Conditions",Unknown,MD,Passenger Car,Moving Constant Speed,35,No,2015,DODGE,DART,38.99348393,-77.03276025,2026,4,17
260014439,Injury Crash,04/04/2026 05:07:00 PM,COLUMBIA PIKE,NA,Front to Rear,Clear,Dry,Daylight,No Controls,NONE DETECTED,No,No Apparent Injury,NA,Not Distracted,MD,Passenger Car,Stopped in Traffic,50,No,2023,TESLA,MODEL Y,39.09391452,-76.93911152,2026,4,17
260014439,Injury Crash,04/04/2026 05:07:00 PM,COLUMBIA PIKE,NA,Front to Rear,Clear,Dry,Daylight,No Controls,NONE DETECTED,Yes,Possible Minor Injury,NA,Not Distracted,MD,Passenger Car,Accelerating,50,No,2013,TOYOTA,RAV4,39.09391452,-76.93911152,2026,4,17
260014410,Property Damage Crash,04/04/2026 02:10:00 PM,NA,NA,Angle,Clear,NA,Daylight,NA,NONE DETECTED,Yes,No Apparent Injury,NA,Not Distracted,NA,Passenger Car,Backing,0,No,2005,CADILLAC,DEVILLE,39.05412692,-77.04399842,2026,4,14
260014643,Property Damage Crash,04/04/2026 02:07:00 PM,NA,NA,"Sideswipe, Same Direction",Clear,NA,Daylight,NA,NONE DETECTED,No,NA,NA,NA,NA,Passenger Car,Moving Constant Speed,0,No,2024,SUBARU,LEGACY,39.0231081,-77.14812647,2026,4,14
260014408,Property Damage Crash,04/04/2026 01:44:00 PM,SENECA RD,NA,Front to Rear,Clear,Dry,Daylight,No Controls,NONE DETECTED,Yes,No Apparent Injury,NA,Not Distracted,MD,Motorcycle - 2 Wheeled,Moving Constant Speed,45,No,2022,TRIUMPH,UNKNOWN,39.08129057,-77.31413607,2026,4,13
260014408,Property Damage Crash,04/04/2026 01:44:00 PM,SENECA RD,NA,Front to Rear,Clear,Dry,Daylight,No Controls,NONE DETECTED,No,No Apparent Injury,NA,Not Distracted,MD,Passenger Car,Slowing or Stopping,45,No,2024,MAZDA,CX-3,39.08129057,-77.31413607,2026,4,13
260014397,Injury Crash,04/04/2026 12:19:00 PM,ASPEN HILL RD,NA,Rear To Side,Clear,Dry,Daylight,No Controls,NONE DETECTED,No,Possible Minor Injury,NA,Not Distracted,MD,Passenger Car,Moving Constant Speed,30,No,2018,DODGE,GRAND CARAVAN,39.0721785,-77.09744683,2026,4,12
260014397,Injury Crash,04/04/2026 12:19:00 PM,ASPEN HILL RD,NA,Rear To Side,Clear,Dry,Daylight,No Controls,NONE DETECTED,Yes,No Apparent Injury,NA,Unknown,MD,Passenger Car,Backing,30,No,2008,TOYOTA,COROLLA,39.0721785,-77.09744683,2026,4,12
260014377,Injury Crash,04/04/2026 09:55:00 AM,FOREMAN BLVD,NA,Angle,Clear,Dry,Daylight,Stop Sign,NONE DETECTED,No,Possible Minor Injury,NA,Not Distracted,MD,Sport Utility Vehicle,Moving Constant Speed,40,No,2019,SUBARU,CROSSTREK,39.23180167,-77.258385,2026,4,9
260014377,Injury Crash,04/04/2026 09:55:00 AM,FOREMAN BLVD,NA,Angle,Clear,Dry,Daylight,Stop Sign,NONE DETECTED,Yes,Possible Minor Injury,Failed to Yield Right-of-Way,Not Distracted,MD,Sport Utility Vehicle,Turning Left,25,No,2016,NISSAN,ROGUE,39.23180167,-77.258385,2026,4,9
260014370,Injury Crash,04/04/2026 07:54:00 AM,ARBUTUS AVE,Pedestrian,Single Vehicle,Clear,Dry,Daylight,Stop Sign,NONE DETECTED,Yes,No Apparent Injury,Failed to Yield Right-of-Way,Unknown,MD,Passenger Car,Turning Left,30,No,2009,HONDA,CIVIC,39.067038,-77.10035817,2026,4,7