Local Case Number,ACRS Report Type,Crash Date/Time,Road Name,Related Non-Motorist,Collision Type,Weather,Surface Condition,Light,Traffic Control,Driver Substance Abuse,Driver At Fault,Injury Severity,Circumstance,Driver Distracted By,Drivers License State,Vehicle Body Type,Vehicle Movement,Speed Limit,Driverless Vehicle,Vehicle Year,Vehicle Make,Vehicle Model,Latitude,Longitude,Year,Month,Hour
260014366,Property Damage Crash,04/04/2026 07:00:00 AM,TIDEWATER CT,NA,Single Vehicle,Clear,Dry,Daylight,No Controls,ALCOHOL PRESENT,Yes,No Apparent Injury,NA,Not Distracted,PA,Passenger Car,NA,10,No,2015,NISSAN,ALTIMA,39.1567925,-77.06669967,2026,4,7
260014360,Injury Crash,04/04/2026 05:20:00 AM,DEMOCRACY BLVD,NA,Angle,Cloudy,Dry,Medium,Traffic Control Signal,NONE DETECTED,No,Possible Minor Injury,NA,Not Distracted,MD,Van - Passenger (&lt;9 Seats),Moving Constant Speed,35,No,2018,CHRYSLER,PACIFICA,39.02328361,-77.16237338,2026,4,5
260014360,Injury Crash,04/04/2026 05:20:00 AM,DEMOCRACY BLVD,NA,Angle,Cloudy,Dry,Medium,Traffic Control Signal,NONE DETECTED,Yes,No Apparent Injury,"Failed to Yield Right-of-Way, Operated Motor Vehicle in Inattentive, Careless, Negligent, or Erratic Manner, Ran Red Light",Unknown,VA,Sport Utility Vehicle,Moving Constant Speed,35,No,2022,TOYOTA,HIGHLANDER,39.02328361,-77.16237338,2026,4,5
260014349,Injury Crash,04/04/2026 01:01:00 AM,MT EPHRAIM RD,NA,Single Vehicle,Clear,Dry,Medium,No Controls,NONE DETECTED,No,Possible Minor Injury,"Failed to Keep in Proper Lane, Wrong Side",Unknown,MD,Passenger Car,NA,30,No,2017,MAZDA,CX-3,39.22054783,-77.42423683,2026,4,1
260014338,Property Damage Crash,04/03/2026 10:25:00 PM,CLOPPER RD,NA,Front to Rear,Clear,Dry,Medium,Traffic Control Signal,NONE DETECTED,No,No Apparent Injury,NA,Not Distracted,MD,Sport Utility Vehicle,Slowing or Stopping,35,No,2024,TOYOTA,GRAND HIGHLANDER,39.1541309,-77.25424994,2026,4,22
260014338,Property Damage Crash,04/03/2026 10:25:00 PM,CLOPPER RD,NA,Front to Rear,Clear,Dry,Medium,Traffic Control Signal,NONE DETECTED,Yes,No Apparent Injury,NA,Not Distracted,MD,Sport Utility Vehicle,Moving Constant Speed,35,No,2017,HONDA,CR-V,39.1541309,-77.25424994,2026,4,22
260014342,Property Damage Crash,04/03/2026 09:40:00 PM,NA,NA,Single Vehicle,Clear,Dry,Dark,No Controls,NONE DETECTED,Yes,No Apparent Injury,NA,Unknown,MD,Passenger Car,Negotiating a Curve,35,No,1992,FORD,MUSTANG,39.30141893,-77.23577562,2026,4,21
260014330,Injury Crash,04/03/2026 09:36:00 PM,NA,NA,Single Vehicle,Clear,NA,Medium,NA,NONE DETECTED,Yes,Suspected Serious Injury,"Other Improper Action, Over-Correcting/Over-Steering, Ran Off Roadway, Too Fast For Conditions",Not Distracted,MD,All-Terrain Vehicle/All-Terrain Cycle (ATV/ATC),Moving Constant Speed,0,No,2025,UNKNOWN,UNKNOWN,39.14290258,-77.07417068,2026,4,21
260014331,Property Damage Crash,04/03/2026 09:18:00 PM,SHADY GROVE RD,NA,Front to Front,Clear,Dry,Medium,Traffic Control Signal,NONE DETECTED,No,No Apparent Injury,NA,Not Distracted,MD,Sport Utility Vehicle,Moving Constant Speed,35,No,2019,BMW,X5,39.107487,-77.18932828,2026,4,21
260014331,Property Damage Crash,04/03/2026 09:18:00 PM,SHADY GROVE RD,NA,Front to Front,Clear,Dry,Medium,Traffic Control Signal,NONE DETECTED,Yes,No Apparent Injury,"Disregarded Other Road Markings, Disregarded Other Traffic Sign, Failed to Yield Right-of-Way, Operated Motor Vehicle in Inattentive, Careless, Negligent, or Erratic Manner, Other Improper Action",Unknown,DC,Passenger Car,Turning Left,35,No,2013,MERCEDES-BENZ,C-CLASS,39.107487,-77.18932828,2026,4,21
260014322,Injury Crash,04/03/2026 08:28:00 PM,RAMP 5 FR US 29 SB TO MD 200 EB,NA,Single Vehicle,Clear,Dry,Medium,No Controls,NONE DETECTED,Yes,Possible Minor Injury,NA,Unknown,MD,Passenger Car,Slowing or Stopping,50,No,2019,LINCOLN,NAUTILUS,39.0790675,-76.95197833,2026,4,20
260014319,Property Damage Crash,04/03/2026 08:15:00 PM,MUDDY BRANCH RD (SB/L),NA,Other,Clear,Dry,Medium,Traffic Control Signal,NONE DETECTED,Yes,No Apparent Injury,NA,Unknown,MD,Passenger Car,Moving Constant Speed,50,No,2006,CHEVROLET,SILVERADO,39.11032865,-77.2174019,2026,4,20
260014319,Property Damage Crash,04/03/2026 08:15:00 PM,MUDDY BRANCH RD (SB/L),NA,Other,Clear,Dry,Medium,Traffic Control Signal,NONE DETECTED,No,No Apparent Injury,NA,Not Distracted,MD,Passenger Car,Moving Constant Speed,40,No,2023,VOLKSWAGEN,ID.4,39.11032865,-77.2174019,2026,4,20
260014323,Property Damage Crash,04/03/2026 08:15:00 PM,RIDGE RD (SB/L),NA,Rear To Side,Clear,Dry,Dark,No Controls,NONE DETECTED,Yes,No Apparent Injury,"Disregarded Other Road Markings, Improper Turn",Unknown,MD,Passenger Car,Making U-Turn,50,No,2020,TOYOTA,RAV4,39.31891683,-77.19815567,2026,4,20
260014323,Property Damage Crash,04/03/2026 08:15:00 PM,RIDGE RD (SB/L),NA,Rear To Side,Clear,Dry,Dark,No Controls,NONE DETECTED,No,No Apparent Injury,NA,Not Distracted,MD,Passenger Car,Moving Constant Speed,50,No,2016,NISSAN,FRONTIER,39.31891683,-77.19815567,2026,4,20
260014316,Property Damage Crash,04/03/2026 08:00:00 PM,MONTGOMERY VILLAGE AVE,NA,Angle,Clear,Dry,Medium,Traffic Control Signal,NONE DETECTED,No,No Apparent Injury,NA,Unknown,MD,Passenger Car,Turning Left,35,No,2015,AUDI,A4,39.15443553,-77.20928568,2026,4,20
260014316,Property Damage Crash,04/03/2026 08:00:00 PM,MONTGOMERY VILLAGE AVE,NA,Angle,Clear,Dry,Medium,Traffic Control Signal,NONE DETECTED,No,No Apparent Injury,NA,Unknown,MD,Passenger Car,Moving Constant Speed,35,No,2017,BMW,M4,39.15443553,-77.20928568,2026,4,20
260014312,Property Damage Crash,04/03/2026 07:06:00 PM,INSPIRATION LA,NA,Front to Rear,Clear,Dry,Daylight,No Controls,NONE DETECTED,No,NA,NA,NA,NA,Pickup,Backing,25,No,2022,RAM,1500,39.11998709,-77.23728555,2026,4,19
260014306,Property Damage Crash,04/03/2026 06:16:00 PM,WISCONSIN AVE,NA,Angle,Cloudy,Dry,Daylight,Other,NONE DETECTED,Yes,No Apparent Injury,Disregarded Other Traffic Sign,Not Distracted,MD,Passenger Car,Turning Left,25,No,2019,TOYOTA,COROLLA,38.99122792,-77.09560155,2026,4,18
260014306,Property Damage Crash,04/03/2026 06:16:00 PM,WISCONSIN AVE,NA,Angle,Cloudy,Dry,Daylight,No Controls,NONE DETECTED,No,No Apparent Injury,NA,Not Distracted,VA,Passenger Car,Moving Constant Speed,25,No,2015,AUDI,A8,38.99122792,-77.09560155,2026,4,18
260014301,Injury Crash,04/03/2026 06:05:00 PM,CONTINENTAL DR,NA,Angle,Clear,Dry,Daylight,Stop Sign,NONE DETECTED,Yes,No Apparent Injury,NA,Unknown,MD,Van - Cargo,Entering Traffic Lane,15,No,2021,RAM,PROMASTER 3500,39.13418483,-77.0857185,2026,4,18
260014301,Injury Crash,04/03/2026 06:05:00 PM,CONTINENTAL DR,NA,Angle,Clear,Dry,Daylight,No Controls,NONE DETECTED,No,Possible Minor Injury,NA,Not Distracted,MD,Passenger Car,Moving Constant Speed,35,No,2018,LEXUS,ES,39.13418483,-77.0857185,2026,4,18
260014289,Injury Crash,04/03/2026 04:47:00 PM,NA,Cyclist (non-electric),Single Vehicle,Clear,NA,Daylight,NA,NONE DETECTED,Yes,No Apparent Injury,NA,Not Distracted,MD,Passenger Car,Accelerating,0,No,2020,TOYOTA,RAV4,39.07536813,-77.1372077,2026,4,16
260014294,Property Damage Crash,04/03/2026 04:45:00 PM,NA,NA,"Sideswipe, Same Direction",Clear,NA,Daylight,NA,NONE DETECTED,No,No Apparent Injury,NA,NA,NA,Passenger Car,Accelerating,0,No,2015,FORD,FOCUS,38.99315015,-77.00954711,2026,4,16
260014298,Injury Crash,04/03/2026 04:20:00 PM,NA,Pedestrian,Single Vehicle,Clear,NA,Daylight,NA,NONE DETECTED,No,NA,NA,NA,NA,NA,Backing,0,No,0,NA,NA,39.12617758,-77.20345887,2026,4,16
260014282,Property Damage Crash,04/03/2026 03:47:00 PM,NA,NA,Front to Rear,Clear,NA,Daylight,NA,NONE DETECTED,No,No Apparent Injury,NA,Not Distracted,MD,Van - Cargo,Parked,0,No,2020,RAM,PROMASTER 3500,39.16175234,-77.06987714,2026,4,15
260014282,Property Damage Crash,04/03/2026 03:47:00 PM,NA,NA,Front to Rear,Clear,NA,Daylight,NA,NONE DETECTED,Yes,No Apparent Injury,"Improper Backing, Operated Motor Vehicle in Inattentive, Careless, Negligent, or Erratic Manner, Too Fast For Conditions",Talking/listening,MD,Passenger Car,Backing,0,No,2002,CHEVROLET,TRAILBLAZER,39.16175234,-77.06987714,2026,4,15
260014279,Property Damage Crash,04/03/2026 03:30:00 PM,NA,NA,"Sideswipe, Opposite Direction",Clear,Dry,Daylight,Traffic Control Signal,NONE DETECTED,No,No Apparent Injury,NA,Not Distracted,MD,Passenger Car,Moving Constant Speed,25,No,2024,NISSAN,ALTIMA,39.00649989,-77.09725561,2026,4,15
260014279,Property Damage Crash,04/03/2026 03:30:00 PM,NA,NA,"Sideswipe, Opposite Direction",Clear,Dry,Daylight,Traffic Control Signal,NONE DETECTED,Yes,No Apparent Injury,"Failed to Keep in Proper Lane, Over-Correcting/Over-Steering, Wrong Side",Not Distracted,MD,Passenger Car,Moving Constant Speed,25,No,2020,AUDI,A3,39.00649989,-77.09725561,2026,4,15
260014271,Property Damage Crash,04/03/2026 03:01:00 PM,NA,NA,Rear To Side,Clear,Dry,Daylight,No Controls,NONE DETECTED,Yes,No Apparent Injury,NA,Not Distracted,MD,Passenger Car,Turning Left,35,No,2022,CHEVROLET,TRAILBLAZER,39.16095583,-77.16351233,2026,4,15
260014271,Property Damage Crash,04/03/2026 03:01:00 PM,NA,NA,Rear To Side,Clear,Dry,Daylight,No Controls,NONE DETECTED,No,No Apparent Injury,NA,Not Distracted,MD,Passenger Car,Moving Constant Speed,35,No,2021,TOYOTA,COROLLA,39.16095583,-77.16351233,2026,4,15
260014273,Property Damage Crash,04/03/2026 02:56:00 PM,METRORAIL TRACK B2 RAIL,NA,"Sideswipe, Same Direction",Clear,Dry,Daylight,No Controls,NONE DETECTED,No,No Apparent Injury,NA,Not Distracted,MD,Sport Utility Vehicle,Moving Constant Speed,35,No,2015,VOLVO,V60,39.03086098,-77.04804388,2026,4,14
260014273,Property Damage Crash,04/03/2026 02:56:00 PM,METRORAIL TRACK B2 RAIL,NA,"Sideswipe, Same Direction",Clear,Dry,Daylight,No Controls,NONE DETECTED,No,No Apparent Injury,NA,Not Distracted,MD,Passenger Car,Moving Constant Speed,35,No,2017,HONDA,CIVIC,39.03086098,-77.04804388,2026,4,14
260014273,Property Damage Crash,04/03/2026 02:56:00 PM,METRORAIL TRACK B2 RAIL,NA,"Sideswipe, Same Direction",Clear,Dry,Daylight,No Controls,NONE DETECTED,Yes,No Apparent Injury,NA,Not Distracted,NC,Passenger Car,Changing Lanes,35,No,2010,CHEVROLET,IMPALA,39.03086098,-77.04804388,2026,4,14
260014263,Injury Crash,04/03/2026 02:09:00 PM,NA,NA,"Sideswipe, Same Direction",Clear,Dry,Daylight,No Controls,NONE DETECTED,Yes,No Apparent Injury,"Operated Motor Vehicle in Inattentive, Careless, Negligent, or Erratic Manner",Unknown,MD,Other,Entering Traffic Lane,40,No,1980,FORD,UNKNOWN,39.11185139,-77.27607081,2026,4,14
260014263,Injury Crash,04/03/2026 02:09:00 PM,NA,NA,"Sideswipe, Same Direction",Clear,Dry,Daylight,No Controls,NONE DETECTED,No,Possible Minor Injury,NA,Not Distracted,MD,Sport Utility Vehicle,Moving Constant Speed,40,No,2015,JEEP,WRANGLER,39.11185139,-77.27607081,2026,4,14
260014247,Property Damage Crash,04/03/2026 11:15:00 AM,CLINTON AVE,NA,Angle,Cloudy,Dry,Daylight,No Controls,NONE DETECTED,No,No Apparent Injury,NA,Not Distracted,MD,Passenger Car,Turning Right,25,No,2014,CHEVROLET,TAHOE,39.02563383,-77.04269017,2026,4,11
260014247,Property Damage Crash,04/03/2026 11:15:00 AM,CLINTON AVE,NA,Angle,Cloudy,Dry,Daylight,No Controls,NONE DETECTED,Yes,No Apparent Injury,Improper Passing,Not Distracted,MD,Passenger Car,Overtaking/Passing,25,No,2015,TOYOTA,SIENNA,39.02563383,-77.04269017,2026,4,11
260014237,Injury Crash,04/03/2026 10:00:00 AM,FREDERICK RD (SB/L),NA,Front to Rear,Clear,Dry,Daylight,Traffic Control Signal,NONE DETECTED,Yes,No Apparent Injury,NA,Unknown,MD,Pickup,Moving Constant Speed,40,No,2021,CHEVROLET,COLORADO,39.15944623,-77.21937806,2026,4,10
260014237,Injury Crash,04/03/2026 10:00:00 AM,FREDERICK RD (SB/L),NA,Front to Rear,Clear,Dry,Daylight,Traffic Control Signal,NONE DETECTED,No,Possible Minor Injury,NA,Not Distracted,MD,Passenger Car,Stopped in Traffic,40,No,2018,NISSAN,SENTRA,39.15944623,-77.21937806,2026,4,10
260014237,Injury Crash,04/03/2026 10:00:00 AM,FREDERICK RD (SB/L),NA,Front to Rear,Clear,Dry,Daylight,Traffic Control Signal,NONE DETECTED,No,No Apparent Injury,NA,Not Distracted,PA,Single-Unit Truck,Stopped in Traffic,40,No,2023,FREIGHTLINER,M2,39.15944623,-77.21937806,2026,4,10
260014225,Property Damage Crash,04/03/2026 08:30:00 AM,BROOKVILLE RD,NA,Other,Cloudy,Wet,Daylight,No Controls,NONE DETECTED,No,No Apparent Injury,NA,Unknown,MD,Sport Utility Vehicle,Moving Constant Speed,35,No,2014,TOYOTA,HIGHLANDER,38.98580351,-77.07240125,2026,4,8
260014219,Property Damage Crash,04/03/2026 06:50:00 AM,WARREN ST,NA,Front to Front,Clear,Wet,Daylight,No Controls,NONE DETECTED,Yes,No Apparent Injury,Failed to Keep in Proper Lane,Not Distracted,MD,Pickup,Turning Right,25,No,2022,FORD,F-150,39.00644073,-77.04905083,2026,4,6
260014219,Property Damage Crash,04/03/2026 06:50:00 AM,WARREN ST,NA,Front to Front,Clear,Wet,Daylight,Stop Sign,NONE DETECTED,No,No Apparent Injury,NA,Not Distracted,MD,Pickup,Slowing or Stopping,25,No,2016,FORD,F-150,39.00644073,-77.04905083,2026,4,6
260014209,Property Damage Crash,04/03/2026 04:30:00 AM,RIDGE RD,NA,Front to Front,Rain,Wet,Medium,Flashing Traffic Control Signal,NONE DETECTED,No,No Apparent Injury,NA,Not Distracted,MD,Van - Passenger (&lt;9 Seats),Accelerating,45,No,2015,CHEVROLET,EXPRESS,39.20456474,-77.24598481,2026,4,4
260014209,Property Damage Crash,04/03/2026 04:30:00 AM,RIDGE RD,NA,Front to Front,Rain,Wet,Medium,Flashing Traffic Control Signal,NONE DETECTED,Yes,No Apparent Injury,NA,Not Distracted,MD,Passenger Car,Accelerating,45,No,2019,HONDA,CIVIC,39.20456474,-77.24598481,2026,4,4
260014208,Property Damage Crash,04/03/2026 04:20:00 AM,RANDOLPH RD,NA,Single Vehicle,Rain,Wet,Dark,Traffic Control Signal,NONE DETECTED,Yes,No Apparent Injury,"Swerved or Avoided Due to Wind, Slippery Surface, Motor Vehicle, Object, Non-Motorist in Roadway, etc",Not Distracted,US,Passenger Car,Moving Constant Speed,45,No,2017,FORD,TAURUS,39.07571758,-77.00227646,2026,4,4
260014200,Property Damage Crash,04/02/2026 11:51:00 PM,NA,NA,Front to Rear,Clear,NA,Medium,NA,NONE DETECTED,No,No Apparent Injury,NA,Not Distracted,MD,Passenger Car,Parked,0,No,2012,HONDA,CIVIC,39.18002184,-77.26780566,2026,4,23
260014200,Property Damage Crash,04/02/2026 11:51:00 PM,NA,NA,Front to Rear,Clear,NA,Medium,NA,NONE DETECTED,No,No Apparent Injury,"Improper Backing, Operated Motor Vehicle in Inattentive, Careless, Negligent, or Erratic Manner",Unknown,NA,Sport Utility Vehicle,Backing,0,No,2015,NISSAN,ROGUE,39.18002184,-77.26780566,2026,4,23
260014194,Property Damage Crash,04/02/2026 11:07:00 PM,OAKVIEW DR,NA,Angle,Rain,Wet,Medium,Traffic Control Signal,NONE DETECTED,Yes,No Apparent Injury,Failed to Yield Right-of-Way,Unknown,DC,Passenger Car,Turning Left,40,No,2025,TOYOTA,COROLLA,39.01528417,-76.97773333,2026,4,23
260014194,Property Damage Crash,04/02/2026 11:07:00 PM,OAKVIEW DR,NA,Angle,Rain,Wet,Medium,Traffic Control Signal,NONE DETECTED,No,No Apparent Injury,NA,Not Distracted,DC,Passenger Car,Moving Constant Speed,40,No,2025,KIA,SPORTAGE,39.01528417,-76.97773333,2026,4,23
260014193,Property Damage Crash,04/02/2026 10:50:00 PM,FREDERICK RD,NA,Front to Rear,Rain,Wet,Medium,No Controls,NONE DETECTED,No,No Apparent Injury,NA,Not Distracted,MD,Passenger Car,Moving Constant Speed,40,No,2017,TOYOTA,COROLLA,39.11647246,-77.16749707,2026,4,22
260014193,Property Damage Crash,04/02/2026 10:50:00 PM,FREDERICK RD,NA,Front to Rear,Rain,Wet,Medium,No Controls,NONE DETECTED,Yes,No Apparent Injury,NA,Not Distracted,MD,Bus - Transit,Changing Lanes,40,No,2019,GILLIG,LOW FLOOR BUS,39.11647246,-77.16749707,2026,4,22
260014192,Property Damage Crash,04/02/2026 10:38:00 PM,OBSERVATION DR (SB/L),NA,Front to Rear,Rain,Wet,Medium,Traffic Control Signal,NONE DETECTED,No,No Apparent Injury,NA,Not Distracted,MD,Pickup,Stopped in Traffic,40,No,2019,RAM,1500,39.20175659,-77.25334393,2026,4,22
260014192,Property Damage Crash,04/02/2026 10:38:00 PM,OBSERVATION DR (SB/L),NA,Front to Rear,Rain,Wet,Medium,Traffic Control Signal,ALCOHOL PRESENT,Yes,No Apparent Injury,Too Fast For Conditions,Not Distracted,MD,Passenger Car,Moving Constant Speed,40,No,2017,TOYOTA,CAMRY,39.20175659,-77.25334393,2026,4,22
260014189,Injury Crash,04/02/2026 10:13:00 PM,NA,NA,Front to Front,Rain,NA,Medium,NA,DRUG AND ALCOHOL CONTRIBUTED,Yes,No Apparent Injury,"Improper Turn, Operated Motor Vehicle in Inattentive, Careless, Negligent, or Erratic Manner, Operated Motor Vehicle in Reckless or Aggressive Manner, Too Fast For Conditions, Wrong Side",Unknown,MD,Passenger Car,Turning Left,0,No,2019,DODGE,CHARGER,39.14129372,-77.19467721,2026,4,22
260014189,Injury Crash,04/02/2026 10:13:00 PM,NA,NA,Front to Front,Rain,NA,Medium,NA,NONE DETECTED,No,Possible Minor Injury,NA,Not Distracted,MD,Passenger Car,Slowing or Stopping,0,No,2025,ACURA,INTEGRA,39.14129372,-77.19467721,2026,4,22
260014185,Property Damage Crash,04/02/2026 09:45:00 PM,UNIVERSITY BLVD W (WB/L),NA,Angle,Rain,Wet,Medium,Traffic Control Signal,NONE DETECTED,Yes,No Apparent Injury,Failed to Yield Right-of-Way,Unknown,MD,Passenger Car,Turning Left,25,No,2017,NISSAN,MURANO,39.0410769,-77.05306576,2026,4,21
260014185,Property Damage Crash,04/02/2026 09:45:00 PM,UNIVERSITY BLVD W (WB/L),NA,Angle,Rain,Wet,Medium,Traffic Control Signal,NONE DETECTED,No,No Apparent Injury,NA,Unknown,MD,Passenger Car,Moving Constant Speed,25,No,2002,HONDA,ACCORD,39.0410769,-77.05306576,2026,4,21
260014187,Property Damage Crash,04/02/2026 09:10:00 PM,NA,NA,"Sideswipe, Opposite Direction",Rain,NA,Medium,NA,NONE DETECTED,No,No Apparent Injury,NA,Not Distracted,MD,Passenger Car,Moving Constant Speed,0,No,2016,TOYOTA,CAMRY,38.99594025,-77.03884471,2026,4,21
260014187,Property Damage Crash,04/02/2026 09:10:00 PM,NA,NA,"Sideswipe, Opposite Direction",Rain,NA,Medium,NA,NONE DETECTED,Yes,No Apparent Injury,NA,Not Distracted,MD,Pickup,Moving Constant Speed,0,No,2000,GMC,SIERRA,38.99594025,-77.03884471,2026,4,21
260014177,Property Damage Crash,04/02/2026 08:50:00 PM,RANDOLPH RD,NA,"Sideswipe, Same Direction",Rain,Wet,Medium,No Controls,NONE DETECTED,No,NA,NA,NA,NA,Passenger Car,Leaving Traffic Lane,35,No,2020,HONDA,CIVIC,39.05726908,-77.07294085,2026,4,20
260014177,Property Damage Crash,04/02/2026 08:50:00 PM,RANDOLPH RD,NA,"Sideswipe, Same Direction",Rain,Wet,Medium,Traffic Control Signal,NONE DETECTED,No,No Apparent Injury,NA,Not Distracted,MD,Passenger Car,Moving Constant Speed,35,No,2023,HONDA,CIVIC,39.05726908,-77.07294085,2026,4,20
260014167,Property Damage Crash,04/02/2026 06:34:00 PM,LORAIN AVE,NA,"Sideswipe, Same Direction",Cloudy,Wet,Daylight,No Controls,NONE DETECTED,No,No Apparent Injury,NA,Not Distracted,MD,Pickup,Moving Constant Speed,40,No,2020,CHEVROLET,SILVERADO,39.02172122,-77.01519339,2026,4,18
260014167,Property Damage Crash,04/02/2026 06:34:00 PM,LORAIN AVE,NA,"Sideswipe, Same Direction",Cloudy,Wet,Daylight,Stop Sign,NONE DETECTED,No,NA,NA,NA,NA,Passenger Car,Turning Right,40,No,2017,ACURA,ILX,39.02172122,-77.01519339,2026,4,18
260014161,Injury Crash,04/02/2026 06:10:00 PM,LAKELANDS DR,NA,Other,Cloudy,Dry,Daylight,Traffic Control Signal,NONE DETECTED,Yes,Possible Minor Injury,NA,Unknown,MD,Passenger Car,Entering Traffic Lane,50,No,2006,JAGUAR,XJ,39.12062802,-77.22532692,2026,4,18
260014161,Injury Crash,04/02/2026 06:10:00 PM,LAKELANDS DR,NA,Other,Cloudy,Dry,Daylight,Traffic Control Signal,NONE DETECTED,No,Possible Minor Injury,NA,Not Distracted,MD,Passenger Car,Moving Constant Speed,50,No,2025,NISSAN,ALTIMA,39.12062802,-77.22532692,2026,4,18
260014159,Property Damage Crash,04/02/2026 05:40:00 PM,NA,NA,Angle,Clear,NA,Daylight,NA,NONE DETECTED,Yes,No Apparent Injury,NA,"Other Action (looking away from task, etc.)",MD,Passenger Car,Moving Constant Speed,0,No,2012,VOLKSWAGEN,JETTA,38.98145309,-77.0998162,2026,4,17
260014150,Property Damage Crash,04/02/2026 04:55:00 PM,VEIRS MILL RD (WB/L),NA,Front to Rear,Clear,Dry,Daylight,Traffic Control Signal,NONE DETECTED,No,No Apparent Injury,Other Improper Action,Unknown,NA,Passenger Car,Backing,30,No,2021,NISSAN,FRONTIER,39.05283882,-77.07663253,2026,4,16
260014150,Property Damage Crash,04/02/2026 04:55:00 PM,VEIRS MILL RD (WB/L),NA,Front to Rear,Clear,Dry,Daylight,Traffic Control Signal,NONE DETECTED,No,No Apparent Injury,NA,Not Distracted,MD,Passenger Car,Stopped in Traffic,30,No,2025,TOYOTA,RAV4,39.05283882,-77.07663253,2026,4,16
260014141,Property Damage Crash,04/02/2026 04:18:00 PM,NA,NA,Angle,Cloudy,NA,Daylight,NA,NONE DETECTED,No,NA,NA,NA,NA,Passenger Car,NA,0,No,2025,HONDA,ACCORD,39.14614465,-77.169623669999993,2026,4,16
260014156,Injury Crash,04/02/2026 03:17:00 PM,MEDICAL CENTER DR (WB/L),NA,Angle,Cloudy,Wet,Daylight,Traffic Control Signal,NONE DETECTED,Yes,Possible Minor Injury,NA,Unknown,MD,Passenger Car,Turning Left,45,No,2002,HONDA,ACCORD,39.09873689,-77.20425345,2026,4,15
260014156,Injury Crash,04/02/2026 03:17:00 PM,MEDICAL CENTER DR (WB/L),NA,Angle,Cloudy,Wet,Daylight,Traffic Control Signal,NONE DETECTED,No,Possible Minor Injury,NA,Not Distracted,MD,Sport Utility Vehicle,Parked,45,No,2001,TOYOTA,4-RUNNER,39.09873689,-77.20425345,2026,4,15
260014156,Injury Crash,04/02/2026 03:17:00 PM,MEDICAL CENTER DR (WB/L),NA,Angle,Cloudy,Wet,Daylight,Traffic Control Signal,NONE DETECTED,No,No Apparent Injury,NA,Not Distracted,MD,Other Trucks,Moving Constant Speed,45,No,2012,GMC,SIERRA,39.09873689,-77.20425345,2026,4,15
260014128,Injury Crash,04/02/2026 02:44:00 PM,COLESVILLE RD,NA,Front to Rear,Clear,Dry,Daylight,Traffic Control Signal,NONE DETECTED,No,No Apparent Injury,NA,Not Distracted,MD,Passenger Car,Slowing or Stopping,35,No,2025,LEXUS,TX,39.00775647,-77.02000437,2026,4,14
260014128,Injury Crash,04/02/2026 02:44:00 PM,COLESVILLE RD,NA,Front to Rear,Clear,Dry,Daylight,Traffic Control Signal,NONE DETECTED,No,Possible Minor Injury,NA,Not Distracted,MD,Passenger Car,Stopped in Traffic,35,No,2013,TOYOTA,COROLLA,39.00775647,-77.02000437,2026,4,14
260014128,Injury Crash,04/02/2026 02:44:00 PM,COLESVILLE RD,NA,Front to Rear,Clear,Dry,Daylight,Traffic Control Signal,NONE DETECTED,Yes,No Apparent Injury,Improper Passing,Not Distracted,MD,Passenger Car,Changing Lanes,35,No,2026,TESLA,MODEL Y,39.00775647,-77.02000437,2026,4,14
260014127,Injury Crash,04/02/2026 02:37:00 PM,S FREDERICK RD,NA,Other,Clear,Dry,Daylight,No Controls,NONE DETECTED,No,Possible Minor Injury,NA,Unknown,MD,Sport Utility Vehicle,Changing Lanes,35,No,2019,HONDA,HR-V,39.13025445,-77.18706648,2026,4,14
260014127,Injury Crash,04/02/2026 02:37:00 PM,S FREDERICK RD,NA,Other,Clear,Dry,Daylight,No Controls,NONE DETECTED,No,No Apparent Injury,NA,Unknown,WV,Bus - Transit,Moving Constant Speed,35,No,2017,GILLIG,LOW FLOOR BUS,39.13025445,-77.18706648,2026,4,14