Local Case Number,ACRS Report Type,Crash Date/Time,Road Name,Related Non-Motorist,Collision Type,Weather,Surface Condition,Light,Traffic Control,Driver Substance Abuse,Driver At Fault,Injury Severity,Circumstance,Driver Distracted By,Drivers License State,Vehicle Body Type,Vehicle Movement,Speed Limit,Driverless Vehicle,Vehicle Year,Vehicle Make,Vehicle Model,Latitude,Longitude,Year,Month,Hour
260014116,Property Damage Crash,04/02/2026 01:15:00 PM,NA,NA,"Sideswipe, Same Direction",Cloudy,NA,Daylight,NA,NONE DETECTED,Yes,No Apparent Injury,NA,Unknown,MD,Passenger Car,Turning Right,0,No,2018,HYUNDAI,ELANTRA,39.17133167,-77.20487983,2026,4,13
260014076,Injury Crash,04/02/2026 10:30:00 AM,GEORGIA AVE (SB/L),NA,Front to Rear,Cloudy,Dry,Daylight,Traffic Control Signal,NONE DETECTED,No,Possible Minor Injury,NA,Not Distracted,MD,Passenger Car,Slowing or Stopping,35,No,2020,HONDA,CIVIC,39.0608785,-77.05214667,2026,4,10
260014076,Injury Crash,04/02/2026 10:30:00 AM,GEORGIA AVE (SB/L),NA,Front to Rear,Cloudy,Dry,Daylight,Traffic Control Signal,NONE DETECTED,Yes,Possible Minor Injury,NA,Unknown,MD,Passenger Car,Moving Constant Speed,35,No,2017,HYUNDAI,ACCENT,39.0608785,-77.05214667,2026,4,10
260014070,Injury Crash,04/02/2026 09:29:00 AM,SEATON SQUARE DR,NA,Rear To Side,Cloudy,Dry,Daylight,Stop Sign,NONE DETECTED,No,NA,"Failed to Yield Right-of-Way, Operated Motor Vehicle in Inattentive, Careless, Negligent, or Erratic Manner",NA,NA,Passenger Car,NA,25,No,2014,VOLKSWAGEN,JETTA,39.03733822,-76.99506381,2026,4,9
260014070,Injury Crash,04/02/2026 09:29:00 AM,SEATON SQUARE DR,NA,Rear To Side,Cloudy,Dry,Daylight,No Controls,NONE DETECTED,No,Possible Minor Injury,NA,Not Distracted,MD,Passenger Car,Moving Constant Speed,35,No,2023,BUICK,ENCORE GX,39.03733822,-76.99506381,2026,4,9
260014057,Property Damage Crash,04/02/2026 12:20:00 AM,NA,NA,Single Vehicle,Rain,NA,Medium,NA,NONE DETECTED,Yes,No Apparent Injury,NA,Not Distracted,MD,Sport Utility Vehicle,Turning Left,0,No,2023,FORD,EXPLORER,39.175681,-77.17663907,2026,4,0
260014050,Property Damage Crash,04/01/2026 09:18:00 PM,ROCKVILLE PIKE,NA,Front to Rear,Clear,Dry,Medium,Traffic Control Signal,NONE DETECTED,No,No Apparent Injury,NA,Not Distracted,MD,Sport Utility Vehicle,Slowing or Stopping,45,No,2022,CHEVROLET,BOLT EUV,39.02221997,-77.1027274,2026,4,21
260014050,Property Damage Crash,04/01/2026 09:18:00 PM,ROCKVILLE PIKE,NA,Front to Rear,Clear,Dry,Medium,Traffic Control Signal,NONE DETECTED,No,No Apparent Injury,NA,Not Distracted,MD,Sport Utility Vehicle,Stopped in Traffic,45,No,2004,ACURA,MDX,39.02221997,-77.1027274,2026,4,21
260014038,Property Damage Crash,04/01/2026 07:24:00 PM,NA,NA,Front to Front,Rain,NA,Medium,NA,NONE DETECTED,No,NA,NA,NA,NA,Passenger Car,Backing,0,No,2011,KIA,SORENTO,39.14619658,-77.14462548,2026,4,19
260014048,Injury Crash,04/01/2026 07:19:00 PM,EDWARDS FERRY RD,NA,Single Vehicle,Cloudy,Wet,Daylight,No Controls,NONE DETECTED,No,Possible Minor Injury,"Ran Off Roadway, Too Fast For Conditions",Unknown,MD,Passenger Car,Moving Constant Speed,30,No,2021,HONDA,ACCORD,39.13266997,-77.4480146,2026,4,19
260014033,Property Damage Crash,04/01/2026 06:44:00 PM,CLOPPER RD,NA,Front to Rear,Rain,Wet,Daylight,No Controls,NONE DETECTED,Yes,No Apparent Injury,Followed Too Closely,Not Distracted,MD,Passenger Car,Accelerating,30,No,2012,HONDA,FIT,39.15123413,-77.24654137,2026,4,18
260014033,Property Damage Crash,04/01/2026 06:44:00 PM,CLOPPER RD,NA,Front to Rear,Rain,Wet,Daylight,No Controls,NONE DETECTED,No,No Apparent Injury,NA,Not Distracted,MD,Passenger Car,Slowing or Stopping,35,No,2007,HONDA,ACCORD,39.15123413,-77.24654137,2026,4,18
260014031,Injury Crash,04/01/2026 06:31:00 PM,GEORGIA AVE,NA,Other,Rain,Wet,Daylight,No Controls,NONE DETECTED,Yes,Possible Minor Injury,Failed to Keep in Proper Lane,Not Distracted,MD,Pickup,Moving Constant Speed,30,No,2023,HYUNDAI,SANTA CRUZ,39.23562233,-77.0558525,2026,4,18
260014031,Injury Crash,04/01/2026 06:31:00 PM,GEORGIA AVE,NA,Other,Rain,Wet,Daylight,No Controls,NONE DETECTED,No,No Apparent Injury,NA,Not Distracted,VA,Sport Utility Vehicle,Moving Constant Speed,30,No,2025,SUBARU,FORESTER,39.23562233,-77.0558525,2026,4,18
260014031,Injury Crash,04/01/2026 06:31:00 PM,GEORGIA AVE,NA,Other,Rain,Wet,Daylight,No Controls,NONE DETECTED,No,No Apparent Injury,NA,Not Distracted,MD,Passenger Car,Moving Constant Speed,30,No,2012,FIAT,500,39.23562233,-77.0558525,2026,4,18
260014020,Property Damage Crash,04/01/2026 05:03:00 PM,NA,NA,"Sideswipe, Same Direction",Clear,Dry,Daylight,Traffic Control Signal,NONE DETECTED,No,No Apparent Injury,NA,Not Distracted,MD,Passenger Car,Turning Left,30,No,2022,MAZDA,CX-5,38.99353686,-77.03222332,2026,4,17
260014020,Property Damage Crash,04/01/2026 05:03:00 PM,NA,NA,"Sideswipe, Same Direction",Clear,Dry,Daylight,Traffic Control Signal,NONE DETECTED,No,No Apparent Injury,NA,Not Distracted,MD,Bus - Transit,Turning Left,30,No,2025,GILLIG,LOW FLOOR BUS,38.99353686,-77.03222332,2026,4,17
260014028,Injury Crash,04/01/2026 04:15:00 PM,NEBEL ST,Cyclist (non-electric),Single Vehicle,Clear,Dry,Daylight,Traffic Control Signal,NONE DETECTED,No,No Apparent Injury,"Disregarded Other Road Markings, Disregarded Other Traffic Sign, Failed to Yield Right-of-Way, Operated Motor Vehicle in Inattentive, Careless, Negligent, or Erratic Manner, Other Improper Action",Unknown,NA,Passenger Car,Turning Right,35,No,2019,CHEVROLET,SPARK,39.05331168,-77.11098894,2026,4,16
260014006,Injury Crash,04/01/2026 03:33:00 PM,SHAWNEE LA,NA,Rear To Side,Clear,Dry,Daylight,No Controls,NONE DETECTED,No,No Apparent Injury,NA,Not Distracted,MD,Passenger Car,Moving Constant Speed,40,No,2023,TESLA,MODEL Y,39.23013917,-77.268467329999993,2026,4,15
260014006,Injury Crash,04/01/2026 03:33:00 PM,SHAWNEE LA,NA,Rear To Side,Clear,Dry,Daylight,Stop Sign,NONE DETECTED,Yes,Possible Minor Injury,Failed to Keep in Proper Lane,"Other Action (looking away from task, etc.)",MD,Passenger Car,Turning Right,35,No,2020,NISSAN,NV200,39.23013917,-77.268467329999993,2026,4,15
260014007,Property Damage Crash,04/01/2026 03:21:00 PM,NA,NA,"Sideswipe, Same Direction",Clear,Dry,Daylight,No Controls,NONE DETECTED,Yes,NA,NA,NA,NA,Passenger Car,Moving Constant Speed,30,No,2026,KENWORTH,T880,39.05953166,-77.06158054,2026,4,15
260014007,Property Damage Crash,04/01/2026 03:21:00 PM,NA,NA,"Sideswipe, Same Direction",Clear,Dry,Daylight,No Controls,NONE DETECTED,No,No Apparent Injury,NA,Not Distracted,MD,Passenger Car,Moving Constant Speed,30,No,1999,TOYOTA,COROLLA,39.05953166,-77.06158054,2026,4,15
260013999,Property Damage Crash,04/01/2026 03:12:00 PM,W MONTGOMERY AVE,NA,Angle,Clear,Dry,Daylight,No Controls,NONE DETECTED,No,No Apparent Injury,NA,Unknown,MD,Passenger Car,Moving Constant Speed,15,No,2014,ACURA,MDX,39.08416633,-77.1548445,2026,4,15
260013999,Property Damage Crash,04/01/2026 03:12:00 PM,W MONTGOMERY AVE,NA,Angle,Clear,Dry,Daylight,Stop Sign,NONE DETECTED,Yes,No Apparent Injury,NA,Unknown,MD,Passenger Car,Moving Constant Speed,15,No,2026,TOYOTA,COROLLA CROSS,39.08416633,-77.1548445,2026,4,15
260013994,Property Damage Crash,04/01/2026 03:10:00 PM,NA,NA,Single Vehicle,Clear,NA,Daylight,NA,NONE DETECTED,No,No Apparent Injury,NA,Not Distracted,MD,Sport Utility Vehicle,Backing,0,No,2025,NISSAN,PATHFINDER,39.16058589,-77.20589855,2026,4,15
260014011,Property Damage Crash,04/01/2026 02:10:00 PM,NA,NA,Front to Rear,Clear,NA,Daylight,NA,NONE DETECTED,Yes,No Apparent Injury,Other Improper Action,Unknown,MD,Passenger Car,Backing,0,No,2015,BUICK,LACROSSE,39.11443067,-77.17105665,2026,4,14
260013970,Property Damage Crash,04/01/2026 12:49:00 PM,NEW HAMPSHIRE AVE (SB/L),NA,Angle,Clear,Dry,Daylight,Traffic Control Signal,NONE DETECTED,No,No Apparent Injury,NA,Unknown,MD,Other Trucks,Moving Constant Speed,20,No,2022,FORD,E-450,38.98745617,-76.988095,2026,4,12
260013970,Property Damage Crash,04/01/2026 12:49:00 PM,NEW HAMPSHIRE AVE (SB/L),NA,Angle,Clear,Dry,Daylight,Traffic Control Signal,NONE DETECTED,No,No Apparent Injury,NA,Unknown,DC,Sport Utility Vehicle,Moving Constant Speed,35,No,2015,HONDA,CR-V,38.98745617,-76.988095,2026,4,12
260013965,Injury Crash,04/01/2026 12:22:00 PM,NA,NA,Front to Rear,Clear,Dry,Daylight,Traffic Control Signal,NONE DETECTED,No,Possible Minor Injury,NA,Not Distracted,MD,Passenger Car,Stopped in Traffic,35,No,2008,TOYOTA,COROLLA,39.15625842,-77.16553634,2026,4,12
260013965,Injury Crash,04/01/2026 12:22:00 PM,NA,NA,Front to Rear,Clear,Dry,Daylight,Traffic Control Signal,NONE DETECTED,Yes,No Apparent Injury,"Operated Motor Vehicle in Inattentive, Careless, Negligent, or Erratic Manner",Not Distracted,MD,Sport Utility Vehicle,Accelerating,35,No,2008,HONDA,CR-V,39.15625842,-77.16553634,2026,4,12
260013958,Property Damage Crash,04/01/2026 11:32:00 AM,NA,NA,Angle,Clear,NA,Daylight,NA,NONE DETECTED,No,No Apparent Injury,NA,Unknown,MD,Sport Utility Vehicle,Turning Left,0,No,2021,BMW,X7,39.15866441,-77.2141176,2026,4,11
260013958,Property Damage Crash,04/01/2026 11:32:00 AM,NA,NA,Angle,Clear,NA,Daylight,NA,NONE DETECTED,No,No Apparent Injury,NA,Unknown,MD,Passenger Car,Moving Constant Speed,0,No,2015,HYUNDAI,ACCENT,39.15866441,-77.2141176,2026,4,11
260013944,Property Damage Crash,04/01/2026 10:00:00 AM,CONNECTICUT AVE,NA,"Sideswipe, Same Direction",Clear,Dry,Daylight,No Controls,NONE DETECTED,No,No Apparent Injury,NA,Not Distracted,MD,Passenger Car,Moving Constant Speed,30,No,2017,ACURA,MDX,38.98220084,-77.07704982,2026,4,10
260013944,Property Damage Crash,04/01/2026 10:00:00 AM,CONNECTICUT AVE,NA,"Sideswipe, Same Direction",Clear,Dry,Daylight,No Controls,NONE DETECTED,No,NA,NA,NA,NA,Passenger Car,Moving Constant Speed,30,No,2018,CHEVROLET,EQUINOX,38.98220084,-77.07704982,2026,4,10
260013925,Property Damage Crash,04/01/2026 04:18:00 AM,MONTGOMERY VILLAGE AVE (SB/L),NA,Angle,Clear,Dry,Medium,Traffic Control Signal,NONE DETECTED,No,No Apparent Injury,NA,Not Distracted,MD,Sport Utility Vehicle,Turning Left,35,No,2025,TESLA,MODEL Y,39.16018646,-77.20226505,2026,4,4
260013925,Property Damage Crash,04/01/2026 04:18:00 AM,MONTGOMERY VILLAGE AVE (SB/L),NA,Angle,Clear,Dry,Medium,Traffic Control Signal,NONE DETECTED,Yes,No Apparent Injury,NA,Unknown,MD,Pickup,Moving Constant Speed,35,No,2015,GMC,SIERRA,39.16018646,-77.20226505,2026,4,4
260013922,Property Damage Crash,04/01/2026 02:17:00 AM,NA,NA,Front to Rear,Clear,NA,Medium,NA,NONE DETECTED,No,No Apparent Injury,NA,Not Distracted,MD,Sport Utility Vehicle,Accelerating,0,No,2012,TOYOTA,RAV4,39.09776063,-77.19973073,2026,4,2
260013912,Property Damage Crash,03/31/2026 10:35:00 PM,FREDERICK RD,NA,Angle,Clear,Dry,Medium,Traffic Control Signal,NONE DETECTED,Yes,No Apparent Injury,NA,Not Distracted,MD,Passenger Car,Turning Left,35,No,2017,HONDA,CIVIC,39.21565374,-77.25281323,2026,3,22
260013912,Property Damage Crash,03/31/2026 10:35:00 PM,FREDERICK RD,NA,Angle,Clear,Dry,Medium,Traffic Control Signal,NONE DETECTED,No,No Apparent Injury,NA,Not Distracted,MD,Passenger Car,Moving Constant Speed,35,No,2016,TOYOTA,HIGHLANDER,39.21565374,-77.25281323,2026,3,22
260013906,Injury Crash,03/31/2026 09:21:00 PM,FREDERICK RD,Pedestrian,Single Vehicle,Clear,Dry,Medium,Traffic Control Signal,NONE DETECTED,No,No Apparent Injury,NA,Not Distracted,MD,Bus - Transit,Moving Constant Speed,35,No,2016,GILLIG,LOW FLOOR BUS,39.12623174,-77.18298998,2026,3,21
260013900,Injury Crash,03/31/2026 08:32:00 PM,NA,Cyclist (Electric),Single Vehicle,Clear,Dry,Medium,Traffic Control Signal,NONE DETECTED,No,No Apparent Injury,NA,Not Distracted,DC,Passenger Car,Turning Left,25,No,2024,TESLA,MODEL Y,38.980892,-77.09844067,2026,3,20
260013898,Property Damage Crash,03/31/2026 08:18:00 PM,GATEWAY CENTER DR (NB/L),NA,Single Vehicle,Clear,Dry,Medium,No Controls,NONE DETECTED,Yes,No Apparent Injury,NA,Not Distracted,MD,Passenger Car,Slowing or Stopping,30,No,2004,HONDA,PILOT,39.23316433,-77.2801145,2026,3,20
260095371,Property Damage Crash,03/31/2026 08:00:00 PM,NA,NA,Single Vehicle,Clear,NA,Medium,NA,NONE DETECTED,No,NA,NA,NA,NA,Sport Utility Vehicle,Moving Constant Speed,0,No,0,NA,NA,39.04286903,-77.04758215,2026,3,20
260013893,Property Damage Crash,03/31/2026 07:59:00 PM,E GUDE DR,NA,Single Vehicle,Clear,Dry,Medium,Traffic Control Signal,NONE DETECTED,Yes,No Apparent Injury,"Failed to Keep in Proper Lane, Operated Motor Vehicle in Inattentive, Careless, Negligent, or Erratic Manner, Operated Motor Vehicle in Reckless or Aggressive Manner, Other Improper Action",Unknown,MD,Passenger Car,Moving Constant Speed,35,No,2015,CHEVROLET,CAMARO,39.0906508,-77.12939271,2026,3,19
260013890,Injury Crash,03/31/2026 07:37:00 PM,VANDALIA DR,NA,Single Vehicle,Clear,Dry,Medium,No Controls,NONE DETECTED,Yes,Possible Minor Injury,Too Fast For Conditions,Not Distracted,MD,Other,Moving Constant Speed,25,No,2002,ZZKNOWN,UNKNOWN,39.07487717,-77.083233,2026,3,19
260013879,Property Damage Crash,03/31/2026 06:35:00 PM,MUNCASTER RD,NA,Angle,Clear,Dry,Daylight,Traffic Control Signal,NONE DETECTED,No,No Apparent Injury,NA,Not Distracted,MD,Passenger Car,Accelerating,30,No,2017,BMW,X4,39.14577533,-77.14379683,2026,3,18
260013879,Property Damage Crash,03/31/2026 06:35:00 PM,MUNCASTER RD,NA,Angle,Clear,Dry,Daylight,Traffic Control Signal,NONE DETECTED,Yes,No Apparent Injury,NA,Not Distracted,MD,Passenger Car,Turning Left,30,No,2016,FORD,TRANSIT,39.14577533,-77.14379683,2026,3,18
260013869,Injury Crash,03/31/2026 05:54:00 PM,CATTAIL RD,NA,Single Vehicle,Clear,Dry,Daylight,No Controls,NONE DETECTED,Yes,Suspected Serious Injury,NA,Not Distracted,MD,Motorcycle - 2 Wheeled,Moving Constant Speed,30,No,2023,KAWASAKI,NINJA 650,39.15917545,-77.38808393,2026,3,17
260013849,Property Damage Crash,03/31/2026 04:26:00 PM,REEDIE DR,NA,Front to Rear,Clear,Dry,Daylight,Traffic Control Signal,NONE DETECTED,Yes,No Apparent Injury,Followed Too Closely,Not Distracted,MD,Sport Utility Vehicle,Moving Constant Speed,35,No,2012,LEXUS,RX,39.03982537,-77.04305598,2026,3,16
260013849,Property Damage Crash,03/31/2026 04:26:00 PM,REEDIE DR,NA,Front to Rear,Clear,Dry,Daylight,Traffic Control Signal,NONE DETECTED,Yes,No Apparent Injury,Other Improper Action,Not Distracted,MD,Passenger Car,Stopped in Traffic,35,No,2009,TOYOTA,CAMRY,39.03982537,-77.04305598,2026,3,16
260013834,Injury Crash,03/31/2026 03:15:00 PM,GERMANTOWN RD,NA,Angle,Clear,Dry,Daylight,Traffic Control Signal,NONE DETECTED,No,No Apparent Injury,NA,Not Distracted,MD,Passenger Car,Moving Constant Speed,40,No,2016,HONDA,CR-V,39.18103428,-77.26233104,2026,3,15
260013834,Injury Crash,03/31/2026 03:15:00 PM,GERMANTOWN RD,NA,Angle,Clear,Dry,Daylight,Traffic Control Signal,NONE DETECTED,Yes,No Apparent Injury,NA,Not Distracted,MD,Passenger Car,Turning Left,40,No,2018,TOYOTA,COROLLA,39.18103428,-77.26233104,2026,3,15
260013828,Injury Crash,03/31/2026 03:00:00 PM,E DIAMOND AVE,Pedestrian,Single Vehicle,Clear,Dry,Daylight,No Controls,NONE DETECTED,No,No Apparent Injury,NA,Unknown,MD,Passenger Car,Moving Constant Speed,35,No,2016,FORD,TRANSIT,39.14212421,-77.1928681,2026,3,15
260013825,Injury Crash,03/31/2026 02:45:00 PM,ASPEN HILL RD,NA,Front to Rear,Clear,Dry,Daylight,No Controls,NONE DETECTED,Yes,No Apparent Injury,Other Improper Action,Unknown,MD,Passenger Car,Moving Constant Speed,30,No,2017,CHEVROLET,EXPRESS,39.07204583,-77.09764883,2026,3,14
260013825,Injury Crash,03/31/2026 02:45:00 PM,ASPEN HILL RD,NA,Front to Rear,Clear,Dry,Daylight,No Controls,NONE DETECTED,No,Possible Minor Injury,NA,Not Distracted,MD,Passenger Car,Stopped in Traffic,30,No,2021,TOYOTA,RAV4,39.07204583,-77.09764883,2026,3,14
260013825,Injury Crash,03/31/2026 02:45:00 PM,ASPEN HILL RD,NA,Front to Rear,Clear,Dry,Daylight,No Controls,NONE DETECTED,No,No Apparent Injury,NA,Not Distracted,MD,Passenger Car,Stopped in Traffic,30,No,2017,HONDA,CR-V,39.07204583,-77.09764883,2026,3,14
260013814,Injury Crash,03/31/2026 02:00:00 PM,GEORGIA AVE,NA,Single Vehicle,Clear,Dry,Daylight,No Controls,NONE DETECTED,No,Possible Minor Injury,NA,Not Distracted,MD,Motorcycle - 2 Wheeled,Negotiating a Curve,40,No,1997,HARLEY,UNKNOWN,39.18366543,-77.06272225,2026,3,14
260013812,Property Damage Crash,03/31/2026 01:45:00 PM,EISNER ST,NA,Unknown,Clear,Dry,Daylight,No Controls,NONE DETECTED,Yes,No Apparent Injury,NA,Not Distracted,VA,Passenger Car,Moving Constant Speed,35,No,1998,FORD,E-150,39.02982029,-77.02105415,2026,3,13
260013812,Property Damage Crash,03/31/2026 01:45:00 PM,EISNER ST,NA,Unknown,Clear,Dry,Daylight,No Controls,NONE DETECTED,No,No Apparent Injury,NA,Not Distracted,MD,Passenger Car,Turning Right,35,No,2025,DODGE,DURANGO,39.02982029,-77.02105415,2026,3,13
260013840,Property Damage Crash,03/31/2026 01:30:00 PM,NA,NA,"Sideswipe, Opposite Direction",Clear,NA,Daylight,NA,NONE DETECTED,No,NA,NA,NA,NA,Single-Unit Truck,Turning Right,0,No,2024,HINO,INCOMPLETE VEHICLE,38.97961197,-77.09929311,2026,3,13
260013809,Property Damage Crash,03/31/2026 01:20:00 PM,ROTHBURY DR,NA,Angle,Clear,Dry,Daylight,Stop Sign,NONE DETECTED,Yes,No Apparent Injury,NA,Not Distracted,MD,Passenger Car,Accelerating,35,No,2016,HONDA,ACCORD,39.1852325,-77.19380817,2026,3,13
260013809,Property Damage Crash,03/31/2026 01:20:00 PM,ROTHBURY DR,NA,Angle,Clear,Dry,Daylight,Stop Sign,NONE DETECTED,Yes,No Apparent Injury,NA,Not Distracted,MD,Passenger Car,Accelerating,35,No,2019,NISSAN,ROGUE,39.1852325,-77.19380817,2026,3,13
260013802,Property Damage Crash,03/31/2026 01:05:00 PM,OAKLYN DR,NA,Angle,Clear,Dry,Daylight,No Controls,NONE DETECTED,No,No Apparent Injury,NA,Not Distracted,MD,Sport Utility Vehicle,Moving Constant Speed,35,No,2023,INFINITI,QX60,38.99978887,-77.2000755,2026,3,13
260013802,Property Damage Crash,03/31/2026 01:05:00 PM,OAKLYN DR,NA,Angle,Clear,Dry,Daylight,No Controls,NONE DETECTED,Yes,No Apparent Injury,"Failed to Yield Right-of-Way, Improper Turn","Other Action (looking away from task, etc.)",MD,Passenger Car,Turning Left,35,No,2012,FORD,FOCUS,38.99978887,-77.2000755,2026,3,13
260013802,Property Damage Crash,03/31/2026 01:05:00 PM,OAKLYN DR,NA,Angle,Clear,Dry,Daylight,Stop Sign,NONE DETECTED,No,No Apparent Injury,NA,Not Distracted,MD,Passenger Car,Stopped in Traffic,35,No,2018,CHEVROLET,EXPRESS,38.99978887,-77.2000755,2026,3,13
260013791,Injury Crash,03/31/2026 12:14:00 PM,RIVERWOOD DR,Cyclist (Electric),Unknown,Clear,Dry,Daylight,Stop Sign,NONE DETECTED,No,No Apparent Injury,NA,"Other Action (looking away from task, etc.)",MD,Passenger Car,Stopped in Traffic,25,No,2012,VOLKSWAGEN,JETTA SPORTWAGEN,39.0292834,-77.22432319,2026,3,12
260013767,Property Damage Crash,03/31/2026 10:30:00 AM,NA,NA,Front to Rear,Clear,NA,Daylight,NA,NONE DETECTED,Yes,No Apparent Injury,NA,Not Distracted,MD,Passenger Car,Backing,0,No,2002,TOYOTA,SIENNA,39.1889054,-77.19307707,2026,3,10
260013764,Property Damage Crash,03/31/2026 10:15:00 AM,NA,NA,Angle,Clear,Dry,Daylight,Stop Sign,NONE DETECTED,Yes,No Apparent Injury,NA,Not Distracted,NA,Passenger Car,Turning Right,40,No,2020,HONDA,ACCORD,39.09244881,-77.04530371,2026,3,10
260013764,Property Damage Crash,03/31/2026 10:15:00 AM,NA,NA,Angle,Clear,Dry,Daylight,No Controls,NONE DETECTED,No,No Apparent Injury,NA,Not Distracted,MD,Bus - Transit,Moving Constant Speed,40,No,2020,GILLIG,LOW FLOOR BUS,39.09244881,-77.04530371,2026,3,10
260013749,Injury Crash,03/31/2026 09:24:00 AM,GERMANTOWN RD,Pedestrian,Single Vehicle,Clear,Dry,Daylight,Pedestrian Crossing,NONE DETECTED,Yes,No Apparent Injury,"Disregarded Other Traffic Sign, Operated Motor Vehicle in Inattentive, Careless, Negligent, or Erratic Manner",Unknown,MD,Passenger Car,Turning Left,30,No,2019,HONDA,ODYSSEY,39.16263023,-77.28292307,2026,3,9
260013752,Injury Crash,03/31/2026 09:17:00 AM,MCKNEW RD,NA,Front to Rear,Clear,Dry,Daylight,Traffic Control Signal,NONE DETECTED,No,Possible Minor Injury,NA,Not Distracted,MD,Passenger Car,Slowing or Stopping,40,No,2010,CHEVROLET,CAMARO,39.10635941,-76.91872607,2026,3,9
260013752,Injury Crash,03/31/2026 09:17:00 AM,MCKNEW RD,NA,Front to Rear,Clear,Dry,Daylight,Traffic Control Signal,NONE DETECTED,Yes,No Apparent Injury,Followed Too Closely,Not Distracted,MD,Passenger Car,Slowing or Stopping,40,No,2015,NISSAN,ALTIMA,39.10635941,-76.91872607,2026,3,9
260013746,Injury Crash,03/31/2026 08:31:00 AM,WASHINGTONIAN BLVD,NA,Angle,Clear,Dry,Daylight,No Controls,NONE DETECTED,No,No Apparent Injury,NA,Not Distracted,MD,Passenger Car,Moving Constant Speed,25,No,2021,JEEP,WRANGLER,39.11392217,-77.19543633,2026,3,8
260013746,Injury Crash,03/31/2026 08:31:00 AM,WASHINGTONIAN BLVD,NA,Angle,Clear,Dry,Daylight,Stop Sign,NONE DETECTED,No,Possible Minor Injury,Failed to Yield Right-of-Way,Not Distracted,PA,Passenger Car,Turning Left,0,No,2021,LEXUS,RX,39.11392217,-77.19543633,2026,3,8
260013646,Property Damage Crash,03/31/2026 08:21:00 AM,E GUDE DR (WB/L),NA,Rear To Side,Clear,Dry,Daylight,Traffic Control Signal,NONE DETECTED,No,No Apparent Injury,NA,Not Distracted,DC,Other Trucks,Turning Right,25,No,2007,STERLING TRUCK,L9500 SERIES,39.09593167,-77.1337891,2026,3,8
260013646,Property Damage Crash,03/31/2026 08:21:00 AM,E GUDE DR (WB/L),NA,Rear To Side,Clear,Dry,Daylight,Traffic Control Signal,NONE DETECTED,Yes,No Apparent Injury,NA,Not Distracted,MD,Other Trucks,Changing Lanes,40,No,2024,FORD,F-550,39.09593167,-77.1337891,2026,3,8
260013744,Injury Crash,03/31/2026 07:34:00 AM,NA,NA,"Sideswipe, Same Direction",Clear,Dry,Daylight,No Controls,NONE DETECTED,Yes,No Apparent Injury,NA,Not Distracted,PA,Sport Utility Vehicle,Moving Constant Speed,25,No,2012,NISSAN,NV,38.99971677,-76.9943519,2026,3,7
260013744,Injury Crash,03/31/2026 07:34:00 AM,NA,NA,"Sideswipe, Same Direction",Clear,Dry,Daylight,No Controls,NONE DETECTED,No,Possible Minor Injury,NA,Not Distracted,MD,Passenger Car,Moving Constant Speed,25,No,2013,SUBARU,OUTBACK,38.99971677,-76.9943519,2026,3,7
260013737,Property Damage Crash,03/31/2026 07:30:00 AM,GEORGIA AVE (SB/L),NA,Angle,Clear,Dry,Daylight,Lane Use Control Signal,NONE DETECTED,No,No Apparent Injury,NA,Not Distracted,MD,Passenger Car,Moving Constant Speed,30,No,2012,MITSUBISHI,OUTLANDER,39.011023109999996,-77.04109813,2026,3,7
260013737,Property Damage Crash,03/31/2026 07:30:00 AM,GEORGIA AVE (SB/L),NA,Angle,Clear,Dry,Daylight,Lane Use Control Signal,NONE DETECTED,Yes,No Apparent Injury,Failed to Yield Right-of-Way,Not Distracted,VA,Passenger Car,Turning Left,30,No,2019,DODGE,GRAND CARAVAN,39.011023109999996,-77.04109813,2026,3,7