Local Case Number,ACRS Report Type,Crash Date/Time,Road Name,Related Non-Motorist,Collision Type,Weather,Surface Condition,Light,Traffic Control,Driver Substance Abuse,Driver At Fault,Injury Severity,Circumstance,Driver Distracted By,Drivers License State,Vehicle Body Type,Vehicle Movement,Speed Limit,Driverless Vehicle,Vehicle Year,Vehicle Make,Vehicle Model,Latitude,Longitude,Year,Month,Hour
260013372,Property Damage Crash,03/28/2026 03:15:00 PM,NA,NA,Other,Clear,NA,Daylight,NA,NONE DETECTED,Yes,No Apparent Injury,NA,Unknown,MD,Passenger Car,Backing,0,No,2018,NISSAN,ROGUE,39.04060429,-77.05359878,2026,3,15
260013369,Injury Crash,03/28/2026 02:45:00 PM,TAFT ST,NA,Angle,Clear,Dry,Daylight,Traffic Control Signal,NONE DETECTED,No,No Apparent Injury,NA,Unknown,MD,Passenger Car,Turning Left,40,No,2025,MAZDA,MAZDA3,39.09426633,-77.13272467,2026,3,14
260013370,Property Damage Crash,03/28/2026 02:45:00 PM,NELSON ST,NA,"Sideswipe, Opposite Direction",Clear,Dry,Daylight,No Controls,NONE DETECTED,Yes,No Apparent Injury,NA,Unknown,MD,Passenger Car,Moving Constant Speed,30,No,2007,FORD,FOCUS,39.09444442,-77.16339228,2026,3,14
260013369,Injury Crash,03/28/2026 02:45:00 PM,TAFT ST,NA,Angle,Clear,Dry,Daylight,Traffic Control Signal,NONE DETECTED,No,Possible Minor Injury,NA,Not Distracted,MD,Pickup,Moving Constant Speed,40,No,2025,RAM,2500,39.09426633,-77.13272467,2026,3,14
260013370,Property Damage Crash,03/28/2026 02:45:00 PM,NELSON ST,NA,"Sideswipe, Opposite Direction",Clear,Dry,Daylight,No Controls,NONE DETECTED,No,No Apparent Injury,NA,Not Distracted,MD,Sport Utility Vehicle,Moving Constant Speed,30,No,2023,KIA,NIRO,39.09444442,-77.16339228,2026,3,14
260013367,Property Damage Crash,03/28/2026 02:19:00 PM,FREDERICK RD,NA,Other,Clear,Dry,Daylight,No Controls,NONE DETECTED,No,NA,NA,NA,NA,Passenger Car,Entering Traffic Lane,5,No,2016,TOYOTA,CAMRY,39.14610011,-77.20416988,2026,3,14
260013367,Property Damage Crash,03/28/2026 02:19:00 PM,FREDERICK RD,NA,Other,Clear,Dry,Daylight,No Controls,NONE DETECTED,No,No Apparent Injury,NA,Unknown,MD,Passenger Car,Slowing or Stopping,30,No,2024,ACURA,MDX,39.14610011,-77.20416988,2026,3,14
260013359,Property Damage Crash,03/28/2026 01:26:00 PM,FENTON ST,NA,"Sideswipe, Same Direction",Clear,Dry,Daylight,Traffic Control Signal,NONE DETECTED,No,No Apparent Injury,NA,Not Distracted,MD,Bus - Transit,Moving Constant Speed,30,No,2022,NEW FLYER,XCELSIOR,38.9900919,-77.02392982,2026,3,13
260013359,Property Damage Crash,03/28/2026 01:26:00 PM,FENTON ST,NA,"Sideswipe, Same Direction",Clear,Dry,Daylight,Traffic Control Signal,NONE DETECTED,No,NA,NA,NA,NA,NA,Moving Constant Speed,30,No,0,NA,NA,38.9900919,-77.02392982,2026,3,13
260013346,Property Damage Crash,03/28/2026 12:00:00 PM,RIDGEROCK LA,NA,"Sideswipe, Same Direction",Clear,Dry,Daylight,No Controls,NONE DETECTED,No,No Apparent Injury,NA,Not Distracted,MD,Passenger Car,Moving Constant Speed,35,No,2018,INFINITI,Q70L,39.04327621,-77.11479486,2026,3,12
260013346,Property Damage Crash,03/28/2026 12:00:00 PM,RIDGEROCK LA,NA,"Sideswipe, Same Direction",Clear,Dry,Daylight,Stop Sign,NONE DETECTED,Yes,No Apparent Injury,NA,Not Distracted,MD,Passenger Car,Turning Right,35,No,2009,NISSAN,VERSA,39.04327621,-77.11479486,2026,3,12
260013348,Property Damage Crash,03/28/2026 11:27:00 AM,NA,NA,Single Vehicle,Clear,NA,Daylight,NA,NONE DETECTED,Yes,No Apparent Injury,NA,Not Distracted,MD,Passenger Car,Turning Right,0,No,2012,HYUNDAI,SONATA,39.01784503,-77.20821304,2026,3,11
260013340,Injury Crash,03/28/2026 10:20:00 AM,FREDERICK RD (SB/L),NA,Angle,Clear,Dry,Daylight,Traffic Control Signal,NONE DETECTED,No,Possible Minor Injury,NA,Not Distracted,MD,Other,Accelerating,35,No,2016,FREIGHTLINER,M2,39.10662785,-77.15857049,2026,3,10
260013340,Injury Crash,03/28/2026 10:20:00 AM,FREDERICK RD (SB/L),NA,Angle,Clear,Dry,Daylight,Traffic Control Signal,NONE DETECTED,No,Suspected Serious Injury,NA,Not Distracted,MD,Passenger Car,Moving Constant Speed,35,No,2009,TOYOTA,COROLLA,39.10662785,-77.15857049,2026,3,10
260013320,Injury Crash,03/28/2026 02:36:00 AM,CENTURY BLVD,NA,Single Vehicle,Clear,Dry,Medium,No Controls,ALCOHOL PRESENT,Yes,Possible Minor Injury,Ran Off Roadway,Not Distracted,MD,Pickup,Moving Constant Speed,25,No,2004,FORD,RANGER,39.2008567,-77.27058709,2026,3,2
260013318,Property Damage Crash,03/28/2026 01:20:00 AM,NA,NA,"Sideswipe, Same Direction",Clear,Dry,Medium,No Controls,NONE DETECTED,No,No Apparent Injury,NA,Not Distracted,MD,Passenger Car,Moving Constant Speed,25,No,2016,VOLKSWAGEN,PASSAT,39.01449862,-77.1053005,2026,3,1
260013358,Property Damage Crash,03/28/2026 12:00:00 AM,FLOWER HILL WAY,NA,Front to Rear,Clear,Dry,Medium,Stop Sign,NONE DETECTED,No,NA,NA,NA,NA,NA,Turning Left,35,No,0,NA,NA,39.15465977,-77.16383022,2026,3,0
260013358,Property Damage Crash,03/28/2026 12:00:00 AM,FLOWER HILL WAY,NA,Front to Rear,Clear,Dry,Medium,Stop Sign,NONE DETECTED,No,No Apparent Injury,NA,Not Distracted,VA,Passenger Car,Accelerating,35,No,2007,LEXUS,LS,39.15465977,-77.16383022,2026,3,0
260013315,Property Damage Crash,03/27/2026 11:38:00 PM,WARFIELD RD,NA,Single Vehicle,Clear,Dry,Medium,No Controls,DRUG AND ALCOHOL CONTRIBUTED,Yes,No Apparent Injury,"Failed to Keep in Proper Lane, Over-Correcting/Over-Steering, Ran Off Roadway, Too Fast For Conditions, Wrong Side",Unknown,MD,Sport Utility Vehicle,Negotiating a Curve,35,No,2023,TOYOTA,HIGHLANDER,39.19125447,-77.16688056,2026,3,23
26001331,Property Damage Crash,03/27/2026 11:07:00 PM,PINNACLE DR,NA,Angle,Clear,Dry,Medium,No Controls,NONE DETECTED,Yes,No Apparent Injury,NA,Unknown,MD,Passenger Car,Moving Constant Speed,15,No,2018,CHEVROLET,CAMARO,39.18145948,-77.26446927,2026,3,23
260013298,Property Damage Crash,03/27/2026 10:13:00 PM,MONTGOMERY VILLAGE AVE,NA,Rear To Side,Clear,Dry,Medium,Traffic Control Signal,NONE DETECTED,No,No Apparent Injury,NA,Not Distracted,MD,Passenger Car,Moving Constant Speed,30,No,2006,TOYOTA,HIGHLANDER,39.1746625,-77.203578,2026,3,22
260013298,Property Damage Crash,03/27/2026 10:13:00 PM,MONTGOMERY VILLAGE AVE,NA,Rear To Side,Clear,Dry,Medium,Traffic Control Signal,NONE DETECTED,Yes,No Apparent Injury,NA,Not Distracted,MD,Passenger Car,Moving Constant Speed,35,No,2018,HONDA,CIVIC,39.1746625,-77.203578,2026,3,22
260013291,Property Damage Crash,03/27/2026 09:10:00 PM,NA,NA,Front to Rear,Cloudy,Dry,Medium,Traffic Control Signal,NONE DETECTED,Yes,No Apparent Injury,NA,Unknown,GA,Passenger Car,Moving Constant Speed,35,No,2015,NISSAN,ROGUE,39.15686609,-77.20608041,2026,3,21
260013291,Property Damage Crash,03/27/2026 09:10:00 PM,NA,NA,Front to Rear,Cloudy,Dry,Medium,Traffic Control Signal,NONE DETECTED,No,No Apparent Injury,NA,Not Distracted,MD,Passenger Car,Slowing or Stopping,35,No,2008,HONDA,FIT,39.15686609,-77.20608041,2026,3,21
260013292,Injury Crash,03/27/2026 09:06:00 PM,WESTLAKE TERR (WB/L),NA,Other,Rain,Wet,Medium,Traffic Control Signal,NONE DETECTED,No,No Apparent Injury,NA,Unknown,MD,Sport Utility Vehicle,Turning Left,30,No,2019,FORD,ESCAPE,39.02637634,-77.13913813,2026,3,21
260013292,Injury Crash,03/27/2026 09:06:00 PM,WESTLAKE TERR (WB/L),NA,Other,Rain,Wet,Medium,Traffic Control Signal,NONE DETECTED,No,Possible Minor Injury,NA,Unknown,MD,Sport Utility Vehicle,Moving Constant Speed,30,No,2024,KIA,TELLURIDE,39.02637634,-77.13913813,2026,3,21
260013285,Property Damage Crash,03/27/2026 07:56:00 PM,NA,NA,Front to Front,Rain,Wet,Medium,Traffic Control Signal,NONE DETECTED,No,No Apparent Injury,NA,Not Distracted,MD,Passenger Car,Moving Constant Speed,25,No,2020,HONDA,CIVIC,38.9907786,-77.09663901,2026,3,19
260013285,Property Damage Crash,03/27/2026 07:56:00 PM,NA,NA,Front to Front,Rain,Wet,Medium,Traffic Control Signal,NONE DETECTED,Yes,No Apparent Injury,Failed to Yield Right-of-Way,Unknown,TX,Passenger Car,Turning Left,25,No,2026,HONDA,CIVIC,38.9907786,-77.09663901,2026,3,19
260013284,Property Damage Crash,03/27/2026 07:23:00 PM,BROOKS AVE,NA,Other,Clear,Wet,Medium,No Controls,NONE DETECTED,No,NA,NA,NA,NA,NA,Backing,30,No,0,NA,NA,39.14411617,-77.19524624,2026,3,19
260013276,Property Damage Crash,03/27/2026 07:08:00 PM,VEIRS MILL RD,NA,Front to Rear,Rain,Wet,Medium,No Controls,NONE DETECTED,No,No Apparent Injury,NA,Not Distracted,MD,Passenger Car,Stopped in Traffic,35,No,2011,SUBARU,IMPREZA,39.04474817,-77.064078,2026,3,19
260013276,Property Damage Crash,03/27/2026 07:08:00 PM,VEIRS MILL RD,NA,Front to Rear,Rain,Wet,Medium,No Controls,NONE DETECTED,Yes,No Apparent Injury,NA,Not Distracted,MD,Passenger Car,Accelerating,35,No,2018,MAZDA,CX-9,39.04474817,-77.064078,2026,3,19
260013276,Property Damage Crash,03/27/2026 07:08:00 PM,VEIRS MILL RD,NA,Front to Rear,Rain,Wet,Medium,No Controls,NONE DETECTED,No,No Apparent Injury,NA,Not Distracted,MD,Passenger Car,Stopped in Traffic,35,No,2023,KIA,SPORTAGE,39.04474817,-77.064078,2026,3,19
260013280,Property Damage Crash,03/27/2026 07:02:00 PM,MARYLAND AVE,NA,Front to Rear,Rain,Wet,Daylight,Stop Sign,NONE DETECTED,No,No Apparent Injury,NA,Not Distracted,MD,Passenger Car,Moving Constant Speed,35,No,2017,FORD,TAURUS,39.07875196,-77.15639105,2026,3,19
260013280,Property Damage Crash,03/27/2026 07:02:00 PM,MARYLAND AVE,NA,Front to Rear,Rain,Wet,Daylight,Stop Sign,NONE DETECTED,No,No Apparent Injury,NA,Not Distracted,MD,Sport Utility Vehicle,Slowing or Stopping,35,No,2017,INFINITI,QX60,39.07875196,-77.15639105,2026,3,19
260013275,Property Damage Crash,03/27/2026 07:00:00 PM,NA,NA,Front to Rear,Rain,Wet,Daylight,No Controls,NONE DETECTED,Yes,No Apparent Injury,"Followed Too Closely, Too Fast For Conditions","Other Action (looking away from task, etc.)",MD,Passenger Car,Moving Constant Speed,35,No,2016,NISSAN,SENTRA,39.14393817,-77.22434983,2026,3,19
260013275,Property Damage Crash,03/27/2026 07:00:00 PM,NA,NA,Front to Rear,Rain,Wet,Daylight,No Controls,NONE DETECTED,No,No Apparent Injury,NA,Not Distracted,VA,Sport Utility Vehicle,Turning Left,35,No,2014,TOYOTA,SIENNA,39.14393817,-77.22434983,2026,3,19
260013247,Property Damage Crash,03/27/2026 04:45:00 PM,NA,Cyclist (non-electric),Single Vehicle,Cloudy,NA,Daylight,NA,NONE DETECTED,No,No Apparent Injury,NA,Not Distracted,MD,Bus - School,Turning Right,0,No,2022,FREIGHTLINER,B2 BUS CHASSIS,38.99724209,-77.04192326,2026,3,16
260013239,Injury Crash,03/27/2026 04:23:00 PM,ROCKVILLE PIKE,NA,Front to Rear,Cloudy,Wet,Daylight,No Controls,NONE DETECTED,No,Possible Minor Injury,NA,Not Distracted,MD,Passenger Car,Stopped in Traffic,35,No,2018,MERCEDES-BENZ,C-CLASS,39.07492559,-77.13624783,2026,3,16
260013239,Injury Crash,03/27/2026 04:23:00 PM,ROCKVILLE PIKE,NA,Front to Rear,Cloudy,Wet,Daylight,No Controls,NONE DETECTED,Yes,No Apparent Injury,NA,Not Distracted,GA,Passenger Car,Slowing or Stopping,35,No,2014,TOYOTA,CAMRY,39.07492559,-77.13624783,2026,3,16
260013241,Property Damage Crash,03/27/2026 03:58:00 PM,NA,NA,Angle,Clear,NA,Daylight,NA,NONE DETECTED,No,No Apparent Injury,NA,Unknown,MD,Passenger Car,Backing,0,No,2022,HONDA,CIVIC,39.11031418,-76.93457358,2026,3,15
260013226,Injury Crash,03/27/2026 03:30:00 PM,WATKINS MILL RD,Pedestrian,Single Vehicle,Cloudy,Dry,Daylight,"Person (including flagger, law enforcement, crossing guard, etc.",NONE DETECTED,Yes,No Apparent Injury,Other Improper Action,Not Distracted,MD,Passenger Car,Accelerating,35,No,2022,TOYOTA,CAMRY,39.17249341,-77.20839038,2026,3,15
260013223,Property Damage Crash,03/27/2026 03:18:00 PM,NA,NA,Front to Rear,Clear,NA,Daylight,NA,NONE DETECTED,Yes,No Apparent Injury,Other Improper Action,Not Distracted,MD,Passenger Car,Backing,0,No,2019,MAZDA,MAZDA3,39.05913562,-77.04944493,2026,3,15
260013219,Property Damage Crash,03/27/2026 02:48:00 PM,E GUDE DR,NA,Front to Rear,Clear,Dry,Daylight,Traffic Control Signal,NONE DETECTED,Yes,No Apparent Injury,NA,Not Distracted,MD,Pickup,Slowing or Stopping,35,No,2015,FORD,F-250,39.09565889,-77.13391761,2026,3,14
260013219,Property Damage Crash,03/27/2026 02:48:00 PM,E GUDE DR,NA,Front to Rear,Clear,Dry,Daylight,Traffic Control Signal,NONE DETECTED,No,No Apparent Injury,NA,Not Distracted,MD,Passenger Car,Moving Constant Speed,35,No,2007,HONDA,ODYSSEY,39.09565889,-77.13391761,2026,3,14
260013203,Injury Crash,03/27/2026 01:15:00 PM,RIPLEY ST,Scooter (electric),Single Vehicle,Cloudy,Wet,Daylight,No Controls,NONE DETECTED,No,No Apparent Injury,NA,Not Distracted,MD,Passenger Car,Moving Constant Speed,25,No,2025,HYUNDAI,SONATA,38.99247549,-77.02895968,2026,3,13
260013195,Injury Crash,03/27/2026 12:15:00 PM,BROADWOOD DR,NA,Rear To Side,Clear,Wet,Daylight,Traffic Control Signal,NONE DETECTED,No,Possible Minor Injury,NA,Not Distracted,MD,Passenger Car,Stopped in Traffic,25,No,2015,KIA,OPTIMA,39.0769555,-77.12381847,2026,3,12
260013195,Injury Crash,03/27/2026 12:15:00 PM,BROADWOOD DR,NA,Rear To Side,Clear,Wet,Daylight,Traffic Control Signal,NONE DETECTED,Yes,Possible Minor Injury,NA,Not Distracted,NA,Passenger Car,Turning Right,25,No,2005,LEXUS,ES,39.0769555,-77.12381847,2026,3,12
260013186,Property Damage Crash,03/27/2026 11:00:00 AM,ROCKVILLE PIKE (SB/L),NA,Angle,Rain,Wet,Daylight,No Controls,NONE DETECTED,Yes,No Apparent Injury,NA,Not Distracted,MD,Sport Utility Vehicle,Accelerating,0,No,2022,HONDA,CR-V,39.04819678,-77.1136305,2026,3,11
260013186,Property Damage Crash,03/27/2026 11:00:00 AM,ROCKVILLE PIKE (SB/L),NA,Angle,Rain,Wet,Daylight,No Controls,NONE DETECTED,No,No Apparent Injury,NA,Not Distracted,MD,Passenger Car,Moving Constant Speed,40,No,2013,LEXUS,ES,39.04819678,-77.1136305,2026,3,11
260013182,Injury Crash,03/27/2026 10:26:00 AM,OLD COLUMBIA PIKE,NA,Front to Rear,Rain,Wet,Daylight,Traffic Control Signal,NONE DETECTED,Yes,No Apparent Injury,"Followed Too Closely, Too Fast For Conditions",Unknown,CA,Pickup,Slowing or Stopping,55,No,2026,FORD,F-350,39.07670276,-76.95734762,2026,3,10
260013182,Injury Crash,03/27/2026 10:26:00 AM,OLD COLUMBIA PIKE,NA,Front to Rear,Rain,Wet,Daylight,Traffic Control Signal,NONE DETECTED,No,Possible Minor Injury,NA,Not Distracted,MD,Passenger Car,Stopped in Traffic,55,No,2010,HYUNDAI,ELANTRA,39.07670276,-76.95734762,2026,3,10
260013158,Property Damage Crash,03/27/2026 08:44:00 AM,ROCKVILLE PIKE (SB/L),NA,Front to Rear,Rain,Wet,Daylight,No Controls,NONE DETECTED,No,No Apparent Injury,NA,Not Distracted,MD,Sport Utility Vehicle,Stopped in Traffic,40,No,2021,SUBARU,FORESTER,39.04264417,-77.11084942,2026,3,8
260013158,Property Damage Crash,03/27/2026 08:44:00 AM,ROCKVILLE PIKE (SB/L),NA,Front to Rear,Rain,Wet,Daylight,No Controls,NONE DETECTED,Yes,No Apparent Injury,"Operated Motor Vehicle in Inattentive, Careless, Negligent, or Erratic Manner, Too Fast For Conditions",Unknown,MD,Passenger Car,Slowing or Stopping,40,No,2021,HONDA,CIVIC,39.04264417,-77.11084942,2026,3,8
260013160,Property Damage Crash,03/27/2026 08:40:00 AM,NA,NA,"Sideswipe, Same Direction",Rain,NA,Daylight,NA,NONE DETECTED,No,NA,NA,NA,NA,Passenger Car,Slowing or Stopping,0,No,2020,KIA,SPORTAGE,39.17536741,-77.2030178,2026,3,8
260013153,Property Damage Crash,03/27/2026 08:03:00 AM,COLESVILLE RD (SB/L),NA,"Sideswipe, Same Direction",Cloudy,Wet,Daylight,No Controls,NONE DETECTED,Yes,No Apparent Injury,NA,Not Distracted,MD,Bus - Transit,Moving Constant Speed,40,No,2020,NEW FLYER,XCELSIOR,39.01956173,-77.01359258,2026,3,8
260013153,Property Damage Crash,03/27/2026 08:03:00 AM,COLESVILLE RD (SB/L),NA,"Sideswipe, Same Direction",Cloudy,Wet,Daylight,No Controls,NONE DETECTED,Yes,No Apparent Injury,NA,Not Distracted,MD,Sport Utility Vehicle,Moving Constant Speed,40,No,2025,KIA,TELLURIDE,39.01956173,-77.01359258,2026,3,8
260013152,Property Damage Crash,03/27/2026 07:54:00 AM,NA,NA,Front to Rear,Rain,Wet,Daylight,No Controls,NONE DETECTED,Yes,No Apparent Injury,Followed Too Closely,Unknown,MD,Passenger Car,Moving Constant Speed,35,No,2010,TOYOTA,COROLLA,39.19689835,-77.15418656,2026,3,7
260013152,Property Damage Crash,03/27/2026 07:54:00 AM,NA,NA,Front to Rear,Rain,Wet,Daylight,No Controls,NONE DETECTED,No,No Apparent Injury,NA,Not Distracted,MD,Passenger Car,Slowing or Stopping,35,No,2023,DODGE,CHARGER,39.19689835,-77.15418656,2026,3,7
260013152,Property Damage Crash,03/27/2026 07:54:00 AM,NA,NA,Front to Rear,Rain,Wet,Daylight,No Controls,NONE DETECTED,No,No Apparent Injury,NA,Not Distracted,MD,Pickup,Slowing or Stopping,35,No,2007,GMC,CANYON,39.19689835,-77.15418656,2026,3,7
260013151,Property Damage Crash,03/27/2026 05:40:00 AM,SHADY GROVE RD,NA,Angle,Clear,Wet,Medium,Traffic Control Signal,NONE DETECTED,No,No Apparent Injury,NA,Unknown,MD,Sport Utility Vehicle,Moving Constant Speed,40,No,2021,FORD,EXPLORER,39.12048818,-77.1801921,2026,3,5
260013151,Property Damage Crash,03/27/2026 05:40:00 AM,SHADY GROVE RD,NA,Angle,Clear,Wet,Medium,Traffic Control Signal,NONE DETECTED,No,No Apparent Injury,NA,Unknown,PA,Sport Utility Vehicle,Turning Left,35,No,2016,FORD,ESCAPE,39.12048818,-77.1801921,2026,3,5
260013137,Property Damage Crash,03/26/2026 10:25:00 PM,NA,NA,"Sideswipe, Opposite Direction",Clear,Dry,Dark,No Controls,NONE DETECTED,Yes,No Apparent Injury,"Disregarded Other Road Markings, Failed to Keep in Proper Lane, Operated Motor Vehicle in Inattentive, Careless, Negligent, or Erratic Manner, Wrong Side",Unknown,MD,Pickup,Moving Constant Speed,30,No,2025,CHEVROLET,SILVERADO HD,39.27689737,-77.20394637,2026,3,22
260013137,Property Damage Crash,03/26/2026 10:25:00 PM,NA,NA,"Sideswipe, Opposite Direction",Clear,Dry,Dark,No Controls,NONE DETECTED,No,No Apparent Injury,NA,Not Distracted,MD,Passenger Car,Moving Constant Speed,30,No,2010,CHEVROLET,MALIBU,39.27689737,-77.20394637,2026,3,22
26001324,Injury Crash,03/26/2026 09:13:00 PM,MONTGOMERY VILLAGE AVE (SB/L),NA,Angle,Clear,Dry,Medium,Traffic Control Signal,NONE DETECTED,No,No Apparent Injury,NA,Not Distracted,MD,Pickup,Turning Left,35,No,2011,DODGE,RAM,39.15454355,-77.20936275,2026,3,21
26001324,Injury Crash,03/26/2026 09:13:00 PM,MONTGOMERY VILLAGE AVE (SB/L),NA,Angle,Clear,Dry,Medium,Traffic Control Signal,NONE DETECTED,No,No Apparent Injury,NA,Not Distracted,MD,Sport Utility Vehicle,Moving Constant Speed,35,No,2016,HONDA,CR-V,39.15454355,-77.20936275,2026,3,21
260013092,Injury Crash,03/26/2026 05:20:00 PM,NA,Cyclist (non-electric),Single Vehicle,Clear,Dry,Daylight,"Other Pavement Marking (excluding edgelines, centerlines, or lane lines)",NONE DETECTED,Yes,No Apparent Injury,NA,Not Distracted,MD,Passenger Car,Turning Left,25,No,2013,MERCEDES-BENZ,GLK-CLASS,39.01328517,-77.05828067,2026,3,17
260013090,Injury Crash,03/26/2026 05:10:00 PM,HAMPDEN LA,Wheelchair (electric),Single Vehicle,Clear,Dry,Daylight,No Controls,NONE DETECTED,No,No Apparent Injury,NA,Not Distracted,DC,Passenger Car,Turning Right,30,No,2018,CHEVROLET,IMPALA,38.98305188,-77.09366284,2026,3,17
260013088,Injury Crash,03/26/2026 05:01:00 PM,HILLERY WAY,NA,Front to Rear,Clear,Dry,Daylight,No Controls,NONE DETECTED,No,No Apparent Injury,NA,Unknown,VA,Passenger Car,Moving Constant Speed,35,No,2026,TOYOTA,COROLLA,39.03882919,-77.10900312,2026,3,17
260013088,Injury Crash,03/26/2026 05:01:00 PM,HILLERY WAY,NA,Front to Rear,Clear,Dry,Daylight,No Controls,NONE DETECTED,No,Possible Minor Injury,NA,Not Distracted,MD,Sport Utility Vehicle,Changing Lanes,35,No,2020,TOYOTA,RAV4,39.03882919,-77.10900312,2026,3,17
260013091,Property Damage Crash,03/26/2026 04:30:00 PM,NA,NA,"Sideswipe, Same Direction",Clear,Dry,Daylight,Traffic Control Signal,NONE DETECTED,No,NA,NA,NA,NA,Passenger Car,Turning Right,30,No,2010,TOYOTA,RAV4,39.08238892,-76.94693257,2026,3,16
260013091,Property Damage Crash,03/26/2026 04:30:00 PM,NA,NA,"Sideswipe, Same Direction",Clear,Dry,Daylight,Lane Use Control Signal,NONE DETECTED,No,No Apparent Injury,NA,Not Distracted,MD,Passenger Car,Stopped in Traffic,30,No,2015,CADILLAC,SRX,39.08238892,-76.94693257,2026,3,16
260023085,Property Damage Crash,03/26/2026 04:26:00 PM,PREDELLA DR,NA,Angle,Clear,Dry,Daylight,No Controls,NONE DETECTED,No,No Apparent Injury,NA,Not Distracted,MD,Passenger Car,Moving Constant Speed,30,No,2009,SUBARU,OUTBACK,39.02839248,-77.0472099,2026,3,16
260023085,Property Damage Crash,03/26/2026 04:26:00 PM,PREDELLA DR,NA,Angle,Clear,Dry,Daylight,Stop Sign,NONE DETECTED,No,No Apparent Injury,NA,Not Distracted,MD,Passenger Car,Entering Traffic Lane,25,No,2016,DODGE,DURANGO,39.02839248,-77.0472099,2026,3,16
260023085,Property Damage Crash,03/26/2026 04:26:00 PM,PREDELLA DR,NA,Angle,Clear,Dry,Daylight,No Controls,NONE DETECTED,No,No Apparent Injury,NA,Not Distracted,MD,Passenger Car,Moving Constant Speed,30,No,2003,TOYOTA,COROLLA,39.02839248,-77.0472099,2026,3,16
260013080,Property Damage Crash,03/26/2026 04:03:00 PM,WISTERIA DR,NA,Angle,Clear,Dry,Daylight,Traffic Control Signal,NONE DETECTED,No,No Apparent Injury,NA,Not Distracted,MD,Passenger Car,Accelerating,30,No,2017,TOYOTA,RAV4,39.17694405,-77.2701574,2026,3,16
260013080,Property Damage Crash,03/26/2026 04:03:00 PM,WISTERIA DR,NA,Angle,Clear,Dry,Daylight,Traffic Control Signal,NONE DETECTED,Yes,No Apparent Injury,NA,Not Distracted,MD,Passenger Car,Moving Constant Speed,40,No,2024,KIA,TELLURIDE,39.17694405,-77.2701574,2026,3,16
260013082,Property Damage Crash,03/26/2026 03:53:00 PM,LOCBURY DR,NA,Angle,Clear,Dry,Daylight,Lane Use Control Signal,NONE DETECTED,Yes,No Apparent Injury,NA,Not Distracted,CA,Passenger Car,Accelerating,25,No,2025,TOYOTA,RAV4,39.18433467,-77.26719101,2026,3,15
260013082,Property Damage Crash,03/26/2026 03:53:00 PM,LOCBURY DR,NA,Angle,Clear,Dry,Daylight,Lane Use Control Signal,NONE DETECTED,No,No Apparent Injury,NA,Not Distracted,MD,Passenger Car,Moving Constant Speed,35,No,2015,TOYOTA,COROLLA,39.18433467,-77.26719101,2026,3,15
260013074,Property Damage Crash,03/26/2026 03:19:00 PM,NA,NA,Front to Rear,Clear,Dry,Daylight,No Controls,NONE DETECTED,No,No Apparent Injury,NA,Not Distracted,MD,Sport Utility Vehicle,Stopped in Traffic,40,No,2019,HYUNDAI,SANTA FE,39.22647167,-77.26401717,2026,3,15
260013074,Property Damage Crash,03/26/2026 03:19:00 PM,NA,NA,Front to Rear,Clear,Dry,Daylight,No Controls,NONE DETECTED,Yes,No Apparent Injury,NA,"Other Action (looking away from task, etc.)",MD,Passenger Car,Moving Constant Speed,40,No,2016,SUBARU,IMPREZA,39.22647167,-77.26401717,2026,3,15
260013068,Property Damage Crash,03/26/2026 03:06:00 PM,ROTHGEB DR,NA,Front to Rear,Clear,Dry,Daylight,Traffic Control Signal,NONE DETECTED,No,No Apparent Injury,NA,Not Distracted,MD,Sport Utility Vehicle,Stopped in Traffic,35,No,2017,HYUNDAI,SANTA FE,39.09581195,-77.13382873,2026,3,15