Local Case Number,ACRS Report Type,Crash Date/Time,Road Name,Related Non-Motorist,Collision Type,Weather,Surface Condition,Light,Traffic Control,Driver Substance Abuse,Driver At Fault,Injury Severity,Circumstance,Driver Distracted By,Drivers License State,Vehicle Body Type,Vehicle Movement,Speed Limit,Driverless Vehicle,Vehicle Year,Vehicle Make,Vehicle Model,Latitude,Longitude,Year,Month,Hour
260013068,Property Damage Crash,03/26/2026 03:06:00 PM,ROTHGEB DR,NA,Front to Rear,Clear,Dry,Daylight,Traffic Control Signal,NONE DETECTED,Yes,No Apparent Injury,NA,Talking/listening,MD,Pickup,Moving Constant Speed,35,No,2013,FORD,F-250,39.09581195,-77.13382873,2026,3,15
260013075,Injury Crash,03/26/2026 02:54:00 PM,BRADLEY BLVD (SB/L),NA,Front to Rear,Clear,Dry,Daylight,Pedestrian Crossing Sign,NONE DETECTED,No,No Apparent Injury,NA,Not Distracted,MD,Other Trucks,Slowing or Stopping,25,No,2004,MACK,RD,38.97822544,-77.09361269,2026,3,14
260013075,Injury Crash,03/26/2026 02:54:00 PM,BRADLEY BLVD (SB/L),NA,Front to Rear,Clear,Dry,Daylight,Pedestrian Crossing Sign,NONE DETECTED,No,Possible Minor Injury,NA,Not Distracted,MD,Sport Utility Vehicle,Stopped in Traffic,25,No,2023,TOYOTA,RAV4,38.97822544,-77.09361269,2026,3,14
260013066,Injury Crash,03/26/2026 02:33:00 PM,NA,Pedestrian,Single Vehicle,Clear,NA,Daylight,NA,NONE DETECTED,Yes,No Apparent Injury,NA,Unknown,MD,Passenger Car,Backing,0,No,2014,TOYOTA,PRIUS,39.03922998,-77.05483501,2026,3,14
260013057,Property Damage Crash,03/26/2026 02:30:00 PM,NEW HAMPSHIRE AVE,NA,"Sideswipe, Same Direction",Clear,Dry,Daylight,No Controls,NONE DETECTED,No,No Apparent Injury,NA,Not Distracted,MD,Bus - School,Moving Constant Speed,40,No,2024,FREIGHTLINER,B2 106 ELECTRIC CONVENTIONAL CHASSIS,39.05676347,-76.99694285,2026,3,14
260013057,Property Damage Crash,03/26/2026 02:30:00 PM,NEW HAMPSHIRE AVE,NA,"Sideswipe, Same Direction",Clear,Dry,Daylight,Stop Sign,NONE DETECTED,Yes,No Apparent Injury,NA,Unknown,MD,Passenger Car,Entering Traffic Lane,40,No,2017,HONDA,CIVIC,39.05676347,-76.99694285,2026,3,14
260013083,Property Damage Crash,03/26/2026 02:25:00 PM,NA,NA,Other,Clear,NA,Daylight,NA,NONE DETECTED,No,NA,NA,NA,NA,NA,Backing,0,No,0,NA,NA,39.14608724,-77.18390835,2026,3,14
260013083,Property Damage Crash,03/26/2026 02:25:00 PM,NA,NA,Other,Clear,NA,Daylight,NA,NONE DETECTED,No,No Apparent Injury,NA,Not Distracted,MD,Other,Parked,0,No,2025,FORD,TRANSIT,39.14608724,-77.18390835,2026,3,14
260013059,Property Damage Crash,03/26/2026 02:00:00 PM,COLUMBIA PIKE (SB/L),NA,"Sideswipe, Same Direction",Clear,Dry,Daylight,No Controls,NONE DETECTED,No,No Apparent Injury,NA,Not Distracted,MD,Passenger Car,Moving Constant Speed,55,No,2023,HONDA,PILOT,39.07387589,-76.95558075,2026,3,14
260013059,Property Damage Crash,03/26/2026 02:00:00 PM,COLUMBIA PIKE (SB/L),NA,"Sideswipe, Same Direction",Clear,Dry,Daylight,No Controls,NONE DETECTED,Yes,No Apparent Injury,Disregarded Other Road Markings,Unknown,MD,Passenger Car,Changing Lanes,55,No,2024,MAZDA,CX-5,39.07387589,-76.95558075,2026,3,14
260013071,Property Damage Crash,03/26/2026 12:46:00 PM,NA,NA,Other,Clear,NA,Daylight,NA,NONE DETECTED,No,No Apparent Injury,NA,Not Distracted,MD,Other Trucks,Turning Right,0,No,2022,RAM,5500,39.02642475,-77.14655603,2026,3,12
260013043,Property Damage Crash,03/26/2026 12:27:00 PM,NA,NA,"Sideswipe, Same Direction",Clear,Dry,Daylight,Lane Use Control Signal,NONE DETECTED,No,No Apparent Injury,NA,Not Distracted,MD,Bus - Transit,Moving Constant Speed,30,No,2022,NEW FLYER,XCELSIOR,38.99737865,-77.02710605,2026,3,12
260013043,Property Damage Crash,03/26/2026 12:27:00 PM,NA,NA,"Sideswipe, Same Direction",Clear,Dry,Daylight,Lane Use Control Signal,NONE DETECTED,No,NA,NA,NA,NA,NA,Moving Constant Speed,30,No,0,NA,NA,38.99737865,-77.02710605,2026,3,12
26000574,Property Damage Crash,03/26/2026 12:13:00 PM,NA,NA,Single Vehicle,Clear,NA,Daylight,NA,NONE DETECTED,No,No Apparent Injury,NA,Unknown,MD,Pickup,NA,0,No,2020,FORD,F-450,38.99906381,-77.03344736,2026,3,12
260013032,Injury Crash,03/26/2026 11:35:00 AM,DEMOCRACY BLVD (EB/L),NA,Rear To Side,Clear,Dry,Daylight,Traffic Control Signal,NONE DETECTED,Yes,No Apparent Injury,Ran Red Light,Not Distracted,MD,Passenger Car,Moving Constant Speed,45,No,2025,LUCID,AIR,39.0232165,-77.16209983,2026,3,11
260013032,Injury Crash,03/26/2026 11:35:00 AM,DEMOCRACY BLVD (EB/L),NA,Rear To Side,Clear,Dry,Daylight,Traffic Control Signal,NONE DETECTED,No,Possible Minor Injury,NA,Not Distracted,VA,Passenger Car,Moving Constant Speed,35,No,2014,CHEVROLET,SONIC,39.0232165,-77.16209983,2026,3,11
260013138,Property Damage Crash,03/26/2026 10:30:00 AM,NA,NA,"Sideswipe, Same Direction",Clear,NA,Daylight,NA,NONE DETECTED,No,NA,NA,NA,NA,Passenger Car,Backing,0,No,2010,TOYOTA,PRIUS,39.0458586,-77.11322625,2026,3,10
260013116,Property Damage Crash,03/26/2026 10:30:00 AM,CLARA BARTON PKWY (NB/L),NA,Front to Rear,Clear,Dry,Daylight,No Controls,NONE DETECTED,No,No Apparent Injury,NA,Not Distracted,MD,Passenger Car,Stopped in Traffic,40,No,2024,HONDA,CR-V,38.96627543,-77.14057605,2026,3,10
260013116,Property Damage Crash,03/26/2026 10:30:00 AM,CLARA BARTON PKWY (NB/L),NA,Front to Rear,Clear,Dry,Daylight,No Controls,NONE DETECTED,No,NA,NA,NA,NA,Passenger Car,Moving Constant Speed,40,No,2008,HONDA,FIT,38.96627543,-77.14057605,2026,3,10
260013018,Injury Crash,03/26/2026 10:08:00 AM,GREAT SENECA HWY (SB/L),NA,Angle,Clear,Dry,Daylight,Traffic Control Signal,NONE DETECTED,No,No Apparent Injury,NA,Unknown,MD,Sport Utility Vehicle,Moving Constant Speed,40,No,2019,TOYOTA,HIGHLANDER,39.09662121,-77.20375791,2026,3,10
260013018,Injury Crash,03/26/2026 10:08:00 AM,GREAT SENECA HWY (SB/L),NA,Angle,Clear,Dry,Daylight,Traffic Control Signal,NONE DETECTED,No,Possible Minor Injury,NA,Unknown,MD,Passenger Car,Accelerating,40,No,2015,CHRYSLER,200,39.09662121,-77.20375791,2026,3,10
260013013,Property Damage Crash,03/26/2026 09:50:00 AM,GEORGIA AVE,NA,"Sideswipe, Same Direction",Clear,Dry,Daylight,Traffic Control Signal,NONE DETECTED,No,No Apparent Injury,NA,Not Distracted,MD,Sport Utility Vehicle,Stopped in Traffic,35,No,2010,FORD,EXPLORER,39.06020961,-77.05112058,2026,3,9
260013013,Property Damage Crash,03/26/2026 09:50:00 AM,GEORGIA AVE,NA,"Sideswipe, Same Direction",Clear,Dry,Daylight,Traffic Control Signal,NONE DETECTED,Yes,No Apparent Injury,NA,Not Distracted,MD,Bus - Transit,Turning Left,35,No,2016,GILLIG,LOW FLOOR BUS,39.06020961,-77.05112058,2026,3,9
260013007,Property Damage Crash,03/26/2026 08:00:00 AM,STONEY CREEK RD,NA,Other,Clear,Dry,Daylight,No Controls,NONE DETECTED,No,No Apparent Injury,Other Improper Action,Not Distracted,MD,Sport Utility Vehicle,Slowing or Stopping,30,No,2012,ACURA,MDX,39.05842696,-77.26261374,2026,3,8
260013007,Property Damage Crash,03/26/2026 08:00:00 AM,STONEY CREEK RD,NA,Other,Clear,Dry,Daylight,No Controls,NONE DETECTED,Yes,No Apparent Injury,Improper Backing,Not Distracted,MD,Other,Backing,30,No,2022,MACK,GRANITE,39.05842696,-77.26261374,2026,3,8
260013003,Property Damage Crash,03/26/2026 07:40:00 AM,BROOKEVILLE RD,NA,Front to Front,Clear,Dry,Daylight,Stop Sign,NONE DETECTED,Yes,No Apparent Injury,NA,Unknown,MD,Passenger Car,Turning Right,35,No,2019,FORD,ESCAPE,39.18494479,-77.10081801,2026,3,7
260013005,Property Damage Crash,03/26/2026 07:40:00 AM,OLD BALTIMORE RD,NA,Angle,Clear,Dry,Daylight,Traffic Control Signal,NONE DETECTED,Yes,No Apparent Injury,NA,Not Distracted,MD,Passenger Car,Turning Right,35,No,2014,VOLKSWAGEN,EOS,39.13702919,-77.06885987,2026,3,7
260013005,Property Damage Crash,03/26/2026 07:40:00 AM,OLD BALTIMORE RD,NA,Angle,Clear,Dry,Daylight,Traffic Control Signal,NONE DETECTED,No,No Apparent Injury,NA,Not Distracted,MD,Pickup,Stopped in Traffic,35,No,2019,CHEVROLET,SILVERADO,39.13702919,-77.06885987,2026,3,7
260013003,Property Damage Crash,03/26/2026 07:40:00 AM,BROOKEVILLE RD,NA,Front to Front,Clear,Dry,Daylight,Stop Sign,NONE DETECTED,No,No Apparent Injury,NA,Not Distracted,MD,Passenger Car,Moving Constant Speed,30,No,2023,DODGE,DURANGO,39.18494479,-77.10081801,2026,3,7
260013073,Property Damage Crash,03/26/2026 12:07:00 AM,NA,NA,Rear To Rear,Clear,NA,Dark,NA,NONE DETECTED,No,NA,Improper Backing,Unknown,NA,Passenger Car,Backing,0,No,2006,HONDA,CIVIC,39.05584967,-77.0468129,2026,3,0
260012992,Property Damage Crash,03/25/2026 10:05:00 PM,WAKE DR,NA,"Sideswipe, Opposite Direction",Clear,Dry,Medium,No Controls,NONE DETECTED,Yes,No Apparent Injury,Other Improper Action,Unknown,MD,Other,Accelerating,25,No,2015,SEAGRAVE,CHASSIS ONLY,39.02221199,-77.0677546,2026,3,22
260012991,Property Damage Crash,03/25/2026 09:49:00 PM,CLARKSBURG RD,NA,Angle,Clear,Dry,Medium,Traffic Control Signal,NONE DETECTED,No,No Apparent Injury,NA,Not Distracted,MD,Passenger Car,Accelerating,30,No,2010,TOYOTA,CAMRY,39.23273553,-77.28384698,2026,3,21
260012991,Property Damage Crash,03/25/2026 09:49:00 PM,CLARKSBURG RD,NA,Angle,Clear,Dry,Medium,Traffic Control Signal,DRUG PRESENT,No,No Apparent Injury,NA,Not Distracted,AL,Sport Utility Vehicle,Turning Left,30,No,2021,MAZDA,CX-5,39.23273553,-77.28384698,2026,3,21
260012986,Property Damage Crash,03/25/2026 09:21:00 PM,RAMP 5 FR IS 270Y SB TO WESTLAKE TERR,NA,Other,Clear,Dry,Medium,Traffic Control Signal,NONE DETECTED,Yes,No Apparent Injury,NA,Unknown,MD,Passenger Car,Turning Left,35,No,2025,CHEVROLET,EQUINOX EV,39.02646802,-77.14180425,2026,3,21
260012986,Property Damage Crash,03/25/2026 09:21:00 PM,RAMP 5 FR IS 270Y SB TO WESTLAKE TERR,NA,Other,Clear,Dry,Medium,Traffic Control Signal,NONE DETECTED,No,No Apparent Injury,NA,Unknown,MD,Passenger Car,Moving Constant Speed,35,No,2013,HYUNDAI,AZERA,39.02646802,-77.14180425,2026,3,21
260012975,Injury Crash,03/25/2026 08:01:00 PM,NICHOLSON LA,Pedestrian,Single Vehicle,Clear,Dry,Medium,No Controls,NONE DETECTED,No,No Apparent Injury,NA,Not Distracted,MD,Bus - Transit,Moving Constant Speed,30,No,2020,GILLIG,CITY TRANSIT BUS,39.04867905,-77.10184766,2026,3,20
260012974,Property Damage Crash,03/25/2026 07:30:00 PM,SILVER SPRING AVE,NA,"Sideswipe, Opposite Direction",Clear,Dry,Medium,No Controls,NONE DETECTED,No,No Apparent Injury,NA,Not Distracted,MD,Passenger Car,Stopped in Traffic,25,No,2015,HONDA,FIT,38.99219877,-77.01368925,2026,3,19
260012974,Property Damage Crash,03/25/2026 07:30:00 PM,SILVER SPRING AVE,NA,"Sideswipe, Opposite Direction",Clear,Dry,Medium,No Controls,NONE DETECTED,No,No Apparent Injury,NA,NA,NA,Bus - Transit,Moving Constant Speed,25,No,0,NA,NA,38.99219877,-77.01368925,2026,3,19
260012956,Property Damage Crash,03/25/2026 06:00:00 PM,MONTROSE PKWY,NA,Front to Rear,Clear,Dry,Daylight,Traffic Control Signal,NONE DETECTED,No,No Apparent Injury,NA,Not Distracted,MD,Passenger Car,Slowing or Stopping,35,No,2023,CHEVROLET,TRAVERSE,39.05219783,-77.1171485,2026,3,18
260012956,Property Damage Crash,03/25/2026 06:00:00 PM,MONTROSE PKWY,NA,Front to Rear,Clear,Dry,Daylight,Traffic Control Signal,NONE DETECTED,Yes,No Apparent Injury,"Followed Too Closely, Too Fast For Conditions",Not Distracted,MD,Passenger Car,Moving Constant Speed,35,No,2013,KIA,OPTIMA,39.05219783,-77.1171485,2026,3,18
260012958,Property Damage Crash,03/25/2026 05:56:00 PM,COLUMBIA PIKE (SB/L),NA,Front to Rear,Clear,Dry,Daylight,Traffic Control Signal,NONE DETECTED,Yes,No Apparent Injury,Other Improper Action,Unknown,NA,Passenger Car,Slowing or Stopping,40,No,2024,CHEVROLET,MALIBU,39.03128221,-77.00480962,2026,3,17
260012958,Property Damage Crash,03/25/2026 05:56:00 PM,COLUMBIA PIKE (SB/L),NA,Front to Rear,Clear,Dry,Daylight,Traffic Control Signal,NONE DETECTED,No,No Apparent Injury,NA,Not Distracted,MD,Passenger Car,Stopped in Traffic,40,No,2016,TOYOTA,COROLLA,39.03128221,-77.00480962,2026,3,17
260012949,Property Damage Crash,03/25/2026 05:00:00 PM,QUINCE ORCHARD RD,NA,Front to Rear,Clear,Dry,Daylight,Traffic Control Signal,NONE DETECTED,No,No Apparent Injury,NA,Unknown,MD,Passenger Car,NA,40,No,2019,ACURA,MDX,39.14241436,-77.220961,2026,3,17
260012949,Property Damage Crash,03/25/2026 05:00:00 PM,QUINCE ORCHARD RD,NA,Front to Rear,Clear,Dry,Daylight,Traffic Control Signal,NONE DETECTED,No,No Apparent Injury,NA,Unknown,MD,Passenger Car,Accelerating,40,No,2015,LEXUS,RX,39.14241436,-77.220961,2026,3,17
260012936,Injury Crash,03/25/2026 04:33:00 PM,NA,Cyclist (Electric),Single Vehicle,Clear,Dry,Daylight,No Controls,NONE DETECTED,No,No Apparent Injury,NA,Not Distracted,MD,Sport Utility Vehicle,Moving Constant Speed,30,No,2021,TOYOTA,VENZA,38.9960585,-77.12780583,2026,3,16
260012931,Property Damage Crash,03/25/2026 04:30:00 PM,BANK ST,NA,Rear To Side,Clear,Dry,Daylight,Stop Sign,NONE DETECTED,No,No Apparent Injury,NA,Not Distracted,MD,Sport Utility Vehicle,Entering Traffic Lane,25,No,2014,TOYOTA,HIGHLANDER,39.14033822,-77.2228567,2026,3,16
260012931,Property Damage Crash,03/25/2026 04:30:00 PM,BANK ST,NA,Rear To Side,Clear,Dry,Daylight,No Controls,NONE DETECTED,No,No Apparent Injury,NA,Not Distracted,MD,Passenger Car,Moving Constant Speed,25,No,2013,HONDA,CIVIC,39.14033822,-77.2228567,2026,3,16
260012926,Injury Crash,03/25/2026 04:02:00 PM,NA,Pedestrian,Single Vehicle,Clear,NA,Daylight,NA,NONE DETECTED,Yes,No Apparent Injury,NA,Not Distracted,MD,Passenger Car,Turning Left,0,No,2018,NISSAN,ROGUE,39.18159712,-77.2709751,2026,3,16
260012951,Property Damage Crash,03/25/2026 03:45:00 PM,EAST WEST HWY,NA,Other,Clear,Dry,Daylight,Traffic Control Signal,NONE DETECTED,No,No Apparent Injury,NA,Not Distracted,MD,Van - Passenger (&lt;9 Seats),Turning Right,25,No,2015,TOYOTA,SIENNA,38.98831491,-77.07510022,2026,3,15
260012951,Property Damage Crash,03/25/2026 03:45:00 PM,EAST WEST HWY,NA,Other,Clear,Dry,Daylight,Traffic Control Signal,NONE DETECTED,Yes,NA,NA,NA,NA,Passenger Car,Backing,25,No,2025,TOYOTA,CAMRY,38.98831491,-77.07510022,2026,3,15
260012916,Property Damage Crash,03/25/2026 02:54:00 PM,RANDOLPH RD,NA,"Sideswipe, Same Direction",Clear,Dry,Daylight,No Controls,NONE DETECTED,No,No Apparent Injury,NA,Not Distracted,MD,Passenger Car,Moving Constant Speed,30,No,2019,MERCEDES-BENZ,C-CLASS,39.0533713,-77.09000749,2026,3,14
260012916,Property Damage Crash,03/25/2026 02:54:00 PM,RANDOLPH RD,NA,"Sideswipe, Same Direction",Clear,Dry,Daylight,No Controls,NONE DETECTED,No,No Apparent Injury,Other Improper Action,Unknown,NA,Passenger Car,Changing Lanes,30,No,2021,AUDI,A8,39.0533713,-77.09000749,2026,3,14
260012920,Property Damage Crash,03/25/2026 02:47:00 PM,BOU AVE,NA,Front to Front,Clear,Dry,Daylight,Traffic Control Signal,NONE DETECTED,Yes,No Apparent Injury,"Disregarded Other Traffic Sign, Operated Motor Vehicle in Inattentive, Careless, Negligent, or Erratic Manner, Ran Red Light","Other Action (looking away from task, etc.)",MD,Passenger Car,Moving Constant Speed,35,No,2009,TOYOTA,CAMRY,39.05611527,-77.11930404,2026,3,14
260012920,Property Damage Crash,03/25/2026 02:47:00 PM,BOU AVE,NA,Front to Front,Clear,Dry,Daylight,Traffic Control Signal,NONE DETECTED,No,No Apparent Injury,NA,Not Distracted,MD,Sport Utility Vehicle,Turning Left,5,No,2025,KIA,SORENTO,39.05611527,-77.11930404,2026,3,14
260012903,Injury Crash,03/25/2026 02:06:00 PM,RIDGE RD (NB/L),NA,Angle,Clear,Dry,Daylight,Traffic Control Signal,NONE DETECTED,Yes,Suspected Serious Injury,Ran Red Light,Unknown,MD,Passenger Car,Moving Constant Speed,45,No,2013,NISSAN,PATHFINDER,39.19895949,-77.26063935,2026,3,14
260012903,Injury Crash,03/25/2026 02:06:00 PM,RIDGE RD (NB/L),NA,Angle,Clear,Dry,Daylight,Traffic Control Signal,NONE DETECTED,No,No Apparent Injury,NA,Unknown,MD,Passenger Car,Moving Constant Speed,40,No,2015,SUBARU,IMPREZA,39.19895949,-77.26063935,2026,3,14
260012897,Property Damage Crash,03/25/2026 01:40:00 PM,APPLE RIDGE RD,NA,"Sideswipe, Opposite Direction",Clear,Dry,Daylight,Traffic Control Signal,NONE DETECTED,No,No Apparent Injury,NA,Not Distracted,MD,Pickup,Moving Constant Speed,35,No,2015,FORD,F-350,39.18430705,-77.21097101,2026,3,13
260012897,Property Damage Crash,03/25/2026 01:40:00 PM,APPLE RIDGE RD,NA,"Sideswipe, Opposite Direction",Clear,Dry,Daylight,Traffic Control Signal,NONE DETECTED,Yes,No Apparent Injury,NA,Not Distracted,MD,Other,Turning Left,35,No,2014,FORD,F-550,39.18430705,-77.21097101,2026,3,13
260012890,Injury Crash,03/25/2026 12:23:00 PM,GEORGIA AVE,Pedestrian,Other,Clear,Dry,Daylight,Stop Sign,ALCOHOL PRESENT,Yes,No Apparent Injury,NA,Not Distracted,MD,Passenger Car,Accelerating,15,No,2018,RAM,1500,38.99247468,-77.02657327,2026,3,12
260012890,Injury Crash,03/25/2026 12:23:00 PM,GEORGIA AVE,Pedestrian,Other,Clear,Dry,Daylight,Stop Sign,NONE DETECTED,No,No Apparent Injury,NA,Not Distracted,MD,Passenger Car,Moving Constant Speed,15,No,2019,NISSAN,PATHFINDER,38.99247468,-77.02657327,2026,3,12
260012884,Injury Crash,03/25/2026 11:57:00 AM,DOVER RD,NA,Front to Front,Clear,Dry,Daylight,No Controls,NONE DETECTED,No,Possible Minor Injury,NA,Not Distracted,MD,Pickup,Moving Constant Speed,30,No,1997,GMC,SIERRA,39.09831083,-77.14201317,2026,3,11
260012884,Injury Crash,03/25/2026 11:57:00 AM,DOVER RD,NA,Front to Front,Clear,Dry,Daylight,No Controls,NONE DETECTED,No,Possible Minor Injury,Failed to Yield Right-of-Way,Not Distracted,MD,Sport Utility Vehicle,Turning Left,30,No,2016,CHRYSLER,TOWN AND COUNTRY,39.09831083,-77.14201317,2026,3,11
260012878,Injury Crash,03/25/2026 11:36:00 AM,NEW HAMPSHIRE AVE (SB/L),NA,Front to Rear,Clear,Dry,Daylight,Traffic Control Signal,NONE DETECTED,Yes,No Apparent Injury,Other Improper Action,Unknown,MD,Passenger Car,Stopped in Traffic,35,No,2023,LEXUS,GX,39.07587475,-77.00199297,2026,3,11
260012878,Injury Crash,03/25/2026 11:36:00 AM,NEW HAMPSHIRE AVE (SB/L),NA,Front to Rear,Clear,Dry,Daylight,Traffic Control Signal,NONE DETECTED,No,Possible Minor Injury,NA,Not Distracted,MD,Passenger Car,Slowing or Stopping,35,No,2020,TOYOTA,RAV4,39.07587475,-77.00199297,2026,3,11
260012877,Property Damage Crash,03/25/2026 11:35:00 AM,GEORGIA AVE (SB/L),NA,Front to Rear,Clear,Dry,Daylight,No Controls,NONE DETECTED,No,NA,NA,NA,NA,Van - Passenger (&lt;9 Seats),Moving Constant Speed,30,No,2025,GMC,SAVANA,39.03739233,-77.0504385,2026,3,11
260012877,Property Damage Crash,03/25/2026 11:35:00 AM,GEORGIA AVE (SB/L),NA,Front to Rear,Clear,Dry,Daylight,No Controls,NONE DETECTED,No,No Apparent Injury,NA,Not Distracted,MD,Sport Utility Vehicle,Moving Constant Speed,30,No,2020,GMC,TERRAIN,39.03739233,-77.0504385,2026,3,11
260012877,Property Damage Crash,03/25/2026 11:35:00 AM,GEORGIA AVE (SB/L),NA,Front to Rear,Clear,Dry,Daylight,No Controls,NONE DETECTED,No,No Apparent Injury,NA,Not Distracted,MD,Passenger Car,Moving Constant Speed,30,No,2006,TOYOTA,COROLLA,39.03739233,-77.0504385,2026,3,11
260012876,Property Damage Crash,03/25/2026 11:33:00 AM,NORBECK RD (WB/L),NA,"Sideswipe, Same Direction",Clear,Dry,Daylight,No Controls,NONE DETECTED,No,No Apparent Injury,NA,Not Distracted,MD,Bus - Transit,Moving Constant Speed,40,No,2017,GILLIG,CITY TRANSIT BUS,39.09292747,-77.12296968,2026,3,11
260012876,Property Damage Crash,03/25/2026 11:33:00 AM,NORBECK RD (WB/L),NA,"Sideswipe, Same Direction",Clear,Dry,Daylight,No Controls,NONE DETECTED,Yes,No Apparent Injury,NA,Not Distracted,MD,Van - Passenger (&lt;9 Seats),Changing Lanes,40,No,2013,CHEVROLET,EXPRESS,39.09292747,-77.12296968,2026,3,11
260012845,Property Damage Crash,03/25/2026 08:23:00 AM,WOODLAND AVE,NA,"Sideswipe, Same Direction",Clear,Dry,Daylight,No Controls,NONE DETECTED,No,No Apparent Injury,NA,Not Distracted,MD,Passenger Car,Entering Traffic Lane,20,No,2016,TOYOTA,PRIUS,38.97819086,-77.004064,2026,3,8
260012845,Property Damage Crash,03/25/2026 08:23:00 AM,WOODLAND AVE,NA,"Sideswipe, Same Direction",Clear,Dry,Daylight,No Controls,NONE DETECTED,No,No Apparent Injury,NA,Not Distracted,MD,Bus - School,Accelerating,20,No,2019,FREIGHTLINER,B2 BUS CHASSIS,38.97819086,-77.004064,2026,3,8
260012843,Property Damage Crash,03/25/2026 08:22:00 AM,THAYER AVE,NA,Single Vehicle,Clear,Dry,Daylight,No Controls,NONE DETECTED,Yes,No Apparent Injury,NA,Not Distracted,MD,Bus - School,Backing,25,No,2015,FREIGHTLINER,B2 BUS CHASSIS,38.99360486,-77.01463009,2026,3,8
260012876,Property Damage Crash,03/25/2026 08:06:00 AM,GLENWOOD RD,NA,"Sideswipe, Opposite Direction",Clear,Dry,Daylight,No Controls,NONE DETECTED,No,NA,NA,NA,NA,Passenger Car,Moving Constant Speed,25,No,2018,TOYOTA,CAMRY,38.99391383,-77.1154755,2026,3,8
260012837,Property Damage Crash,03/25/2026 06:35:00 AM,SUNDOWN RD,NA,Front to Rear,Clear,Dry,Daylight,No Controls,NONE DETECTED,No,No Apparent Injury,NA,Not Distracted,MD,Passenger Car,Stopped in Traffic,30,No,2016,HONDA,HR-V,39.21214383,-77.14170783,2026,3,6
260012837,Property Damage Crash,03/25/2026 06:35:00 AM,SUNDOWN RD,NA,Front to Rear,Clear,Dry,Daylight,No Controls,NONE DETECTED,Yes,No Apparent Injury,Other Improper Action,Unknown,PA,Passenger Car,Moving Constant Speed,30,No,2015,HONDA,CIVIC,39.21214383,-77.14170783,2026,3,6
260012829,Injury Crash,03/25/2026 01:25:00 AM,WATKINS MILL RD (SB/L),NA,Front to Front,Clear,Dry,Medium,No Controls,ALCOHOL PRESENT,Yes,Possible Minor Injury,NA,Unknown,MD,Passenger Car,Entering Traffic Lane,35,No,2025,MAZDA,CX-50,39.15968613,-77.21828357,2026,3,1
260012829,Injury Crash,03/25/2026 01:25:00 AM,WATKINS MILL RD (SB/L),NA,Front to Front,Clear,Dry,Medium,No Controls,NONE DETECTED,No,Possible Minor Injury,NA,Not Distracted,MD,Unknown,Leaving Traffic Lane,35,No,2024,TOYOTA,CAMRY,39.15968613,-77.21828357,2026,3,1
260014290,Property Damage Crash,03/24/2026 11:33:00 PM,NA,NA,Angle,Clear,NA,Medium,NA,NONE DETECTED,No,NA,NA,NA,NA,Pickup,Backing,0,No,2011,FORD,F-150,39.16151129,-77.19975875,2026,3,23
260012800,Injury Crash,03/24/2026 07:36:00 PM,JACKSON RD,NA,Angle,Clear,Dry,Medium,Traffic Control Signal,NONE DETECTED,Yes,No Apparent Injury,NA,Unknown,MD,Sport Utility Vehicle,Moving Constant Speed,40,No,2023,NISSAN,ROGUE,39.05517883,-76.995284,2026,3,19
260012800,Injury Crash,03/24/2026 07:36:00 PM,JACKSON RD,NA,Angle,Clear,Dry,Medium,Traffic Control Signal,NONE DETECTED,No,Possible Minor Injury,NA,Not Distracted,MD,Passenger Car,Turning Left,40,No,2024,NISSAN,SENTRA,39.05517883,-76.995284,2026,3,19
260012797,Property Damage Crash,03/24/2026 07:05:00 PM,METRO ACCESS RD (NB/L),NA,Single Vehicle,Clear,Dry,Daylight,No Controls,NONE DETECTED,Yes,No Apparent Injury,"Failed to Keep in Proper Lane, Operated Motor Vehicle in Inattentive, Careless, Negligent, or Erratic Manner, Other Improper Action, Too Fast For Conditions",Not Distracted,MD,Motorcycle - 2 Wheeled,Moving Constant Speed,35,No,2022,KAWASAKI,ZX1002,39.12688627,-77.16055372,2026,3,19