Local Case Number,ACRS Report Type,Crash Date/Time,Road Name,Related Non-Motorist,Collision Type,Weather,Surface Condition,Light,Traffic Control,Driver Substance Abuse,Driver At Fault,Injury Severity,Circumstance,Driver Distracted By,Drivers License State,Vehicle Body Type,Vehicle Movement,Speed Limit,Driverless Vehicle,Vehicle Year,Vehicle Make,Vehicle Model,Latitude,Longitude,Year,Month,Hour
260012796,Property Damage Crash,03/24/2026 07:00:00 PM,RIDGE RD,NA,Angle,Clear,Dry,Daylight,No Controls,NONE DETECTED,No,No Apparent Injury,NA,Not Distracted,MD,Passenger Car,Moving Constant Speed,40,No,2025,TOYOTA,CAMRY,39.24118,-77.23498833,2026,3,19
260012796,Property Damage Crash,03/24/2026 07:00:00 PM,RIDGE RD,NA,Angle,Clear,Dry,Daylight,No Controls,NONE DETECTED,Yes,No Apparent Injury,NA,Unknown,MD,Passenger Car,Turning Left,40,No,2006,SUBARU,IMPREZA,39.24118,-77.23498833,2026,3,19
260012810,Injury Crash,03/24/2026 07:00:00 PM,N VAN BUREN ST,Pedestrian,Single Vehicle,Clear,Dry,Medium,Stop Sign,NONE DETECTED,Yes,No Apparent Injury,"Failed to Yield Right-of-Way, Improper Turn",Unknown,MD,Passenger Car,Turning Left,25,No,2026,BMW,IX,39.08495227,-77.15654274,2026,3,19
260012780,Property Damage Crash,03/24/2026 04:36:00 PM,DOCENA DR,NA,Single Vehicle,Clear,Dry,Daylight,No Controls,NONE DETECTED,Yes,No Apparent Injury,Improper Turn,Not Distracted,MD,Bus - School,Moving Constant Speed,15,No,2023,FREIGHTLINER,B2 106 ELECTRIC CONVENTIONAL CHASSIS,39.15963238,-77.19867565,2026,3,16
260012747,Injury Crash,03/24/2026 03:59:00 PM,FOREST GLEN RD,NA,"Sideswipe, Same Direction",Clear,Dry,Daylight,Traffic Control Signal,NONE DETECTED,No,Possible Minor Injury,NA,Not Distracted,MD,Passenger Car,Moving Constant Speed,30,No,2016,ACURA,MDX,39.01554667,-77.04269319,2026,3,15
260012747,Injury Crash,03/24/2026 03:59:00 PM,FOREST GLEN RD,NA,"Sideswipe, Same Direction",Clear,Dry,Daylight,Traffic Control Signal,NONE DETECTED,Yes,No Apparent Injury,NA,Not Distracted,MD,Passenger Car,Making U-Turn,30,No,2000,LEXUS,LS,39.01554667,-77.04269319,2026,3,15
260012745,Property Damage Crash,03/24/2026 03:35:00 PM,EAST WEST HWY,NA,"Sideswipe, Same Direction",Clear,Dry,Daylight,Traffic Control Signal,NONE DETECTED,No,No Apparent Injury,NA,Not Distracted,MD,Bus - Transit,Slowing or Stopping,35,No,2020,GILLIG,LOW FLOOR BUS,38.99386155,-77.03257745,2026,3,15
260012745,Property Damage Crash,03/24/2026 03:35:00 PM,EAST WEST HWY,NA,"Sideswipe, Same Direction",Clear,Dry,Daylight,Traffic Control Signal,NONE DETECTED,Yes,No Apparent Injury,NA,Not Distracted,MD,Sport Utility Vehicle,Changing Lanes,35,No,2023,NISSAN,ROGUE,38.99386155,-77.03257745,2026,3,15
260012737,Property Damage Crash,03/24/2026 03:28:00 PM,FREDERICK RD,NA,"Sideswipe, Same Direction",Clear,Dry,Daylight,No Controls,NONE DETECTED,No,No Apparent Injury,NA,Not Distracted,MD,Bus - School,NA,40,No,2021,FREIGHTLINER,B2 BUS CHASSIS,39.20097443,-77.24521749,2026,3,15
260012737,Property Damage Crash,03/24/2026 03:28:00 PM,FREDERICK RD,NA,"Sideswipe, Same Direction",Clear,Dry,Daylight,No Controls,NONE DETECTED,No,No Apparent Injury,NA,Not Distracted,MD,Sport Utility Vehicle,NA,40,No,2020,DODGE,DURANGO,39.20097443,-77.24521749,2026,3,15
260012761,Property Damage Crash,03/24/2026 03:00:00 PM,NA,NA,"Sideswipe, Same Direction",Clear,NA,Daylight,NA,NONE DETECTED,Yes,No Apparent Injury,Other Improper Action,Not Distracted,VA,Passenger Car,Slowing or Stopping,0,No,2014,NISSAN,SENTRA,39.10970262,-76.99596605,2026,3,15
260012718,Injury Crash,03/24/2026 02:09:00 PM,CONNECTICUT AVE,NA,Front to Rear,Clear,Dry,Daylight,Traffic Control Signal,NONE DETECTED,Yes,No Apparent Injury,Followed Too Closely,Not Distracted,DC,Passenger Car,Accelerating,20,No,2009,TOYOTA,SCION XB,39.06327104,-77.07341669,2026,3,14
260012718,Injury Crash,03/24/2026 02:09:00 PM,CONNECTICUT AVE,NA,Front to Rear,Clear,Dry,Daylight,Traffic Control Signal,NONE DETECTED,No,Possible Minor Injury,NA,Not Distracted,MD,Passenger Car,Turning Left,20,No,2015,TOYOTA,RAV4,39.06327104,-77.07341669,2026,3,14
260012711,Property Damage Crash,03/24/2026 01:38:00 PM,RAMP 5 FR RAMP 8 TO FATHER HURLEY BLVD,NA,Angle,Clear,Dry,Daylight,Traffic Control Signal,NONE DETECTED,Yes,No Apparent Injury,"Failed to Yield Right-of-Way, Operated Motor Vehicle in Inattentive, Careless, Negligent, or Erratic Manner, Ran Red Light",Unknown,MD,Passenger Car,Accelerating,45,No,2017,KIA,OPTIMA,39.19665167,-77.26540717,2026,3,13
260012711,Property Damage Crash,03/24/2026 01:38:00 PM,RAMP 5 FR RAMP 8 TO FATHER HURLEY BLVD,NA,Angle,Clear,Dry,Daylight,Traffic Control Signal,NONE DETECTED,No,No Apparent Injury,NA,Not Distracted,MD,Van - Passenger (&lt;9 Seats),Moving Constant Speed,45,No,2010,HONDA,ODYSSEY,39.19665167,-77.26540717,2026,3,13
260012699,Injury Crash,03/24/2026 12:41:00 PM,NEW HAMPSHIRE AVE,NA,Front to Rear,Clear,Dry,Daylight,Traffic Control Signal,NONE DETECTED,Yes,No Apparent Injury,"Disregarded Other Traffic Sign, Other Improper Action",Not Distracted,MD,Passenger Car,Accelerating,35,No,2015,FORD,FOCUS,39.03972545,-76.99047749,2026,3,12
260012699,Injury Crash,03/24/2026 12:41:00 PM,NEW HAMPSHIRE AVE,NA,Front to Rear,Clear,Dry,Daylight,Traffic Control Signal,NONE DETECTED,No,Possible Minor Injury,NA,Not Distracted,MD,Van - Passenger (&lt;9 Seats),Stopped in Traffic,35,No,2020,RAM,PROMASTER 3500,39.03972545,-76.99047749,2026,3,12
260012702,Property Damage Crash,03/24/2026 12:29:00 PM,NA,NA,"Sideswipe, Same Direction",Clear,NA,Daylight,NA,NONE DETECTED,No,NA,NA,NA,NA,Sport Utility Vehicle,Turning Left,0,No,2001,FORD,ESCAPE,39.14195784,-77.19775435,2026,3,12
260012702,Property Damage Crash,03/24/2026 12:29:00 PM,NA,NA,"Sideswipe, Same Direction",Clear,NA,Daylight,NA,NONE DETECTED,No,No Apparent Injury,NA,Not Distracted,MD,Van - Passenger (&lt;9 Seats),Parked,0,No,2018,KIA,SEDONA,39.14195784,-77.19775435,2026,3,12
260012695,Injury Crash,03/24/2026 12:18:00 PM,NA,NA,Other,Clear,NA,Daylight,NA,NONE DETECTED,Yes,Possible Minor Injury,Improper Turn,Not Distracted,MD,Passenger Car,Turning Left,0,No,2023,BMW,X1,39.03208557,-77.0045258,2026,3,12
260012695,Injury Crash,03/24/2026 12:18:00 PM,NA,NA,Other,Clear,NA,Daylight,NA,NONE DETECTED,No,No Apparent Injury,NA,Not Distracted,MD,Passenger Car,Stopped in Traffic,0,No,2013,BMW,750I / ALPINA B7,39.03208557,-77.0045258,2026,3,12
260012689,Injury Crash,03/24/2026 12:15:00 PM,NORBECK RD (WB/L),NA,Front to Rear,Clear,Dry,Daylight,Traffic Control Signal,NONE DETECTED,Yes,No Apparent Injury,Followed Too Closely,Not Distracted,MD,Passenger Car,Accelerating,40,No,2006,HONDA,ACCORD,39.10958489,-77.07611744,2026,3,12
260012689,Injury Crash,03/24/2026 12:15:00 PM,NORBECK RD (WB/L),NA,Front to Rear,Clear,Dry,Daylight,Traffic Control Signal,NONE DETECTED,No,Possible Minor Injury,NA,Not Distracted,MD,Sport Utility Vehicle,Stopped in Traffic,40,No,2016,CHEVROLET,EQUINOX,39.10958489,-77.07611744,2026,3,12
260012682,Injury Crash,03/24/2026 11:19:00 AM,WINGED ELM DR,NA,Front to Rear,Clear,Dry,Daylight,No Controls,NONE DETECTED,Yes,No Apparent Injury,Failed to Yield Right-of-Way,Unknown,MD,Sport Utility Vehicle,Backing,25,No,2018,ACURA,MDX,39.23423721,-77.25357862,2026,3,11
260012682,Injury Crash,03/24/2026 11:19:00 AM,WINGED ELM DR,NA,Front to Rear,Clear,Dry,Daylight,No Controls,NONE DETECTED,No,Possible Minor Injury,NA,Not Distracted,MD,Passenger Car,Moving Constant Speed,25,No,2021,TOYOTA,CAMRY,39.23423721,-77.25357862,2026,3,11
260012664,Property Damage Crash,03/24/2026 09:20:00 AM,NA,NA,"Sideswipe, Opposite Direction",Clear,NA,Daylight,NA,NONE DETECTED,Yes,No Apparent Injury,NA,Unknown,MD,Sport Utility Vehicle,Moving Constant Speed,0,No,2015,HYUNDAI,SANTA FE,39.1510788,-77.2918112,2026,3,9
260012664,Property Damage Crash,03/24/2026 09:20:00 AM,NA,NA,"Sideswipe, Opposite Direction",Clear,NA,Daylight,NA,NONE DETECTED,No,No Apparent Injury,NA,Not Distracted,MD,Bus - School,Moving Constant Speed,0,No,2018,FREIGHTLINER,B2 BUS CHASSIS,39.1510788,-77.2918112,2026,3,9
260012660,Property Damage Crash,03/24/2026 09:07:00 AM,PINEY BRANCH RD,NA,"Sideswipe, Same Direction",Clear,Dry,Daylight,No Controls,NONE DETECTED,No,No Apparent Injury,NA,Not Distracted,MD,Sport Utility Vehicle,Moving Constant Speed,35,No,2009,TOYOTA,HIGHLANDER,38.99970386,-76.99443946,2026,3,9
260012660,Property Damage Crash,03/24/2026 09:07:00 AM,PINEY BRANCH RD,NA,"Sideswipe, Same Direction",Clear,Dry,Daylight,No Controls,NONE DETECTED,No,No Apparent Injury,NA,Not Distracted,MD,Passenger Car,Moving Constant Speed,35,No,2014,HYUNDAI,ELANTRA,38.99970386,-76.99443946,2026,3,9
260012660,Property Damage Crash,03/24/2026 09:07:00 AM,PINEY BRANCH RD,NA,"Sideswipe, Same Direction",Clear,Dry,Daylight,No Controls,NONE DETECTED,Yes,No Apparent Injury,NA,Unknown,MD,Pickup,Entering Traffic Lane,35,No,2006,CHEVROLET,COLORADO,38.99970386,-76.99443946,2026,3,9
260012657,Property Damage Crash,03/24/2026 09:00:00 AM,NA,NA,Angle,Clear,NA,Daylight,NA,NONE DETECTED,No,No Apparent Injury,NA,Unknown,MD,Passenger Car,Turning Left,0,No,2011,CHEVROLET,CAMARO,39.13492183,-77.19491157,2026,3,9
260012657,Property Damage Crash,03/24/2026 09:00:00 AM,NA,NA,Angle,Clear,NA,Daylight,NA,NONE DETECTED,No,No Apparent Injury,NA,Not Distracted,MD,Pickup,Accelerating,0,No,2021,RAM,1500,39.13492183,-77.19491157,2026,3,9
260012650,Property Damage Crash,03/24/2026 08:30:00 AM,TRAVILLE GATEWAY DR (NB/L),NA,Single Vehicle,Clear,Dry,Daylight,Yield Sign,NONE DETECTED,No,No Apparent Injury,NA,"Other Action (looking away from task, etc.)",MD,Passenger Car,Accelerating,30,No,2015,AUDI,A3,39.095974,-77.201564,2026,3,8
260012648,Property Damage Crash,03/24/2026 08:13:00 AM,CHELTENHAM DR,NA,"Sideswipe, Same Direction",Clear,Dry,Daylight,Traffic Control Signal,NONE DETECTED,No,NA,Failed to Yield Right-of-Way,Unknown,NA,Passenger Car,Turning Right,25,No,0,NA,NA,38.98820844,-77.09601599,2026,3,8
260012648,Property Damage Crash,03/24/2026 08:13:00 AM,CHELTENHAM DR,NA,"Sideswipe, Same Direction",Clear,Dry,Daylight,Traffic Control Signal,NONE DETECTED,No,No Apparent Injury,NA,Not Distracted,MD,Bus - Transit,Turning Right,25,No,2023,NEW FLYER,XCELSIOR,38.98820844,-77.09601599,2026,3,8
260012647,Property Damage Crash,03/24/2026 08:11:00 AM,TECH RD,NA,Angle,Clear,Dry,Daylight,No Controls,NONE DETECTED,Yes,No Apparent Injury,NA,Not Distracted,MD,Passenger Car,Turning Right,30,No,2020,LEXUS,RX,39.056945,-76.96754622,2026,3,8
260012647,Property Damage Crash,03/24/2026 08:11:00 AM,TECH RD,NA,Angle,Clear,Dry,Daylight,No Controls,NONE DETECTED,No,No Apparent Injury,NA,Not Distracted,MD,Bus - Transit,Parked,30,No,2022,GILLIG,CITY TRANSIT BUS,39.056945,-76.96754622,2026,3,8
260012642,Property Damage Crash,03/24/2026 07:50:00 AM,BUSHEY DR,NA,Angle,Clear,Dry,Daylight,Traffic Control Signal,NONE DETECTED,No,No Apparent Injury,NA,Not Distracted,MD,Sport Utility Vehicle,Accelerating,25,No,2022,FORD,ESCAPE,39.05738526,-77.07798006,2026,3,7
260012642,Property Damage Crash,03/24/2026 07:50:00 AM,BUSHEY DR,NA,Angle,Clear,Dry,Daylight,Traffic Control Signal,NONE DETECTED,Yes,No Apparent Injury,NA,Not Distracted,MD,Sport Utility Vehicle,Moving Constant Speed,35,No,2010,FORD,ESCAPE,39.05738526,-77.07798006,2026,3,7
260012644,Property Damage Crash,03/24/2026 07:45:00 AM,BEL PRE RD (EB/L),NA,Angle,Clear,Dry,Daylight,No Controls,NONE DETECTED,No,No Apparent Injury,NA,Not Distracted,MD,Sport Utility Vehicle,Moving Constant Speed,35,No,2021,TOYOTA,HIGHLANDER,39.09335805,-77.0786152,2026,3,7
260012644,Property Damage Crash,03/24/2026 07:45:00 AM,BEL PRE RD (EB/L),NA,Angle,Clear,Dry,Daylight,No Controls,NONE DETECTED,Yes,No Apparent Injury,NA,Not Distracted,MD,Passenger Car,Changing Lanes,35,No,2021,TOYOTA,RAV4,39.09335805,-77.0786152,2026,3,7
260012641,Injury Crash,03/24/2026 07:40:00 AM,BLUERIDGE AVE,Pedestrian,Single Vehicle,Clear,Dry,Daylight,No Controls,NONE DETECTED,No,No Apparent Injury,NA,Not Distracted,MD,Sport Utility Vehicle,Moving Constant Speed,25,No,2024,VOLKSWAGEN,ATLAS,39.046758,-77.05968917,2026,3,7
260012643,Injury Crash,03/24/2026 07:38:00 AM,RITCHIE AVE,NA,Angle,Clear,Dry,Daylight,No Controls,NONE DETECTED,No,Possible Minor Injury,NA,Not Distracted,DC,Passenger Car,Moving Constant Speed,25,No,2005,MERCEDES-BENZ,C-CLASS,38.99047465,-77.01745917,2026,3,7
260012643,Injury Crash,03/24/2026 07:38:00 AM,RITCHIE AVE,NA,Angle,Clear,Dry,Daylight,Stop Sign,NONE DETECTED,Yes,Possible Minor Injury,NA,Not Distracted,MD,Passenger Car,Turning Left,20,No,2016,TOYOTA,RAV4,38.99047465,-77.01745917,2026,3,7
260012637,Property Damage Crash,03/24/2026 07:00:00 AM,NEW HAMPSHIRE AVE,NA,Angle,Clear,Dry,Medium,Traffic Control Signal,NONE DETECTED,No,No Apparent Injury,NA,Not Distracted,MD,Passenger Car,Moving Constant Speed,45,No,2016,HONDA,CIVIC,39.10861131,-76.99794704,2026,3,7
260012637,Property Damage Crash,03/24/2026 07:00:00 AM,NEW HAMPSHIRE AVE,NA,Angle,Clear,Dry,Medium,Traffic Control Signal,NONE DETECTED,No,No Apparent Injury,NA,Not Distracted,MD,Passenger Car,Turning Right,45,No,2008,HONDA,ACCORD,39.10861131,-76.99794704,2026,3,7
260012638,Property Damage Crash,03/24/2026 06:44:00 AM,NEW HAMPSHIRE AVE SERV RD,NA,Rear To Side,Clear,Dry,Medium,No Controls,NONE DETECTED,No,No Apparent Injury,NA,Not Distracted,MD,Passenger Car,Turning Right,35,No,2021,FORD,EXPEDITION,39.01015582,-76.97911252,2026,3,6
260012638,Property Damage Crash,03/24/2026 06:44:00 AM,NEW HAMPSHIRE AVE SERV RD,NA,Rear To Side,Clear,Dry,Medium,No Controls,NONE DETECTED,No,No Apparent Injury,NA,Not Distracted,MD,Passenger Car,Moving Constant Speed,35,No,2021,TOYOTA,HIGHLANDER,39.01015582,-76.97911252,2026,3,6
260012636,Injury Crash,03/24/2026 06:17:00 AM,SHADY GROVE RD,NA,"Sideswipe, Opposite Direction",Clear,Dry,Dark,Traffic Control Signal,NONE DETECTED,No,Possible Minor Injury,NA,Not Distracted,MD,Passenger Car,Accelerating,35,No,2016,TOYOTA,COROLLA,39.11191454,-77.18701471,2026,3,6
260012636,Injury Crash,03/24/2026 06:17:00 AM,SHADY GROVE RD,NA,"Sideswipe, Opposite Direction",Clear,Dry,Dark,Traffic Control Signal,NONE DETECTED,Yes,No Apparent Injury,NA,Not Distracted,MD,Station Wagon,Moving Constant Speed,35,No,2004,TOYOTA,SIENNA,39.11191454,-77.18701471,2026,3,6
260012634,Property Damage Crash,03/24/2026 02:00:00 AM,CLARKSBURG RD,NA,Single Vehicle,Clear,Dry,Medium,No Controls,NONE DETECTED,Yes,No Apparent Injury,Ran Off Roadway,Not Distracted,MD,Passenger Car,Moving Constant Speed,30,No,2011,FORD,FOCUS,39.23382583,-77.283183,2026,3,2
260012629,Injury Crash,03/24/2026 01:56:00 AM,NA,NA,Single Vehicle,Clear,Dry,Dark,No Controls,NONE DETECTED,Yes,Suspected Serious Injury,NA,Unknown,MD,Passenger Car,NA,35,No,1998,PLYMOUTH,VOYAGER,39.074544,-76.95870217,2026,3,1
260012608,Injury Crash,03/23/2026 07:59:00 PM,NEW HAMPSHIRE AVE (SB/L),NA,Other,Clear,Dry,Medium,Traffic Control Signal,NONE DETECTED,No,Possible Minor Injury,NA,Not Distracted,MD,Sport Utility Vehicle,Moving Constant Speed,40,No,2025,DODGE,DURANGO,39.04454506,-76.99224622,2026,3,19
260012608,Injury Crash,03/23/2026 07:59:00 PM,NEW HAMPSHIRE AVE (SB/L),NA,Other,Clear,Dry,Medium,Traffic Control Signal,NONE DETECTED,Yes,No Apparent Injury,Improper Turn,Not Distracted,MD,Sport Utility Vehicle,Turning Left,40,No,2019,TOYOTA,RAV4,39.04454506,-76.99224622,2026,3,19
260012608,Injury Crash,03/23/2026 07:59:00 PM,NEW HAMPSHIRE AVE (SB/L),NA,Other,Clear,Dry,Medium,Traffic Control Signal,NONE DETECTED,No,No Apparent Injury,NA,Not Distracted,WA,Sport Utility Vehicle,Moving Constant Speed,40,No,2024,HONDA,HR-V,39.04454506,-76.99224622,2026,3,19
260012608,Injury Crash,03/23/2026 07:59:00 PM,NEW HAMPSHIRE AVE (SB/L),NA,Other,Clear,Dry,Medium,Traffic Control Signal,NONE DETECTED,No,Possible Minor Injury,NA,Not Distracted,MD,Passenger Car,Moving Constant Speed,40,No,2018,DODGE,CHARGER,39.04454506,-76.99224622,2026,3,19
260012600,Injury Crash,03/23/2026 07:15:00 PM,BEALLSVILLE RD,NA,Single Vehicle,Clear,Dry,Medium,No Controls,NONE DETECTED,No,Possible Minor Injury,"Swerved or Avoided Due to Wind, Slippery Surface, Motor Vehicle, Object, Non-Motorist in Roadway, etc",Unknown,MD,Passenger Car,Moving Constant Speed,40,No,2008,TOYOTA,CAMRY SOLARA,39.16338615,-77.41825314,2026,3,19
260012584,Property Damage Crash,03/23/2026 05:50:00 PM,NA,NA,Single Vehicle,Clear,NA,Daylight,NA,NONE DETECTED,Yes,No Apparent Injury,NA,Unknown,MD,Sport Utility Vehicle,Entering Traffic Lane,0,No,2023,FORD,EXPLORER,38.99565967,-77.0281515,2026,3,17
260012599,Injury Crash,03/23/2026 05:39:00 PM,FAIRMONT AVE,Pedestrian,Single Vehicle,Clear,Dry,Daylight,Stop Sign,NONE DETECTED,No,NA,NA,NA,NA,NA,Turning Right,20,No,0,NA,NA,38.98710065,-77.09794768,2026,3,17
260012583,Injury Crash,03/23/2026 05:36:00 PM,FREDERICK RD (SB/L),NA,Front to Rear,Clear,Dry,Daylight,No Controls,NONE DETECTED,No,Possible Minor Injury,NA,Not Distracted,MD,Sport Utility Vehicle,Accelerating,35,No,2009,HONDA,CR-V,39.11280903,-77.16239714,2026,3,17
260012583,Injury Crash,03/23/2026 05:36:00 PM,FREDERICK RD (SB/L),NA,Front to Rear,Clear,Dry,Daylight,No Controls,NONE DETECTED,Yes,No Apparent Injury,NA,Not Distracted,MD,Sport Utility Vehicle,Accelerating,35,No,2011,HONDA,CR-V,39.11280903,-77.16239714,2026,3,17
260012585,Property Damage Crash,03/23/2026 05:30:00 PM,NA,NA,Single Vehicle,Clear,Dry,Daylight,No Controls,NONE DETECTED,No,No Apparent Injury,NA,Unknown,MD,Passenger Car,NA,35,No,2016,TOYOTA,COROLLA,39.14056417,-77.21367933,2026,3,17
260012571,Property Damage Crash,03/23/2026 04:20:00 PM,RESEARCH BLVD (SB/L),NA,"Sideswipe, Same Direction",Clear,Dry,Daylight,Traffic Control Signal,NONE DETECTED,No,No Apparent Injury,Improper Passing,Not Distracted,MD,Single-Unit Truck,Changing Lanes,30,No,2017,KENWORTH,T880,39.10486164,-77.18998887,2026,3,16
260012571,Property Damage Crash,03/23/2026 04:20:00 PM,RESEARCH BLVD (SB/L),NA,"Sideswipe, Same Direction",Clear,Dry,Daylight,Traffic Control Signal,NONE DETECTED,No,No Apparent Injury,NA,Not Distracted,MD,Bus - Transit,Stopped in Traffic,30,No,2019,GILLIG,LOW FLOOR BUS,39.10486164,-77.18998887,2026,3,16
260012574,Injury Crash,03/23/2026 04:14:00 PM,E GUDE DR (WB/L),NA,Front to Rear,Cloudy,Dry,Daylight,No Controls,NONE DETECTED,No,No Apparent Injury,NA,Not Distracted,MD,Sport Utility Vehicle,Stopped in Traffic,35,No,2018,KIA,SOUL,39.10667183,-77.15658983,2026,3,16
260012574,Injury Crash,03/23/2026 04:14:00 PM,E GUDE DR (WB/L),NA,Front to Rear,Cloudy,Dry,Daylight,No Controls,DRUG PRESENT,Yes,Possible Minor Injury,"Operated Motor Vehicle in Inattentive, Careless, Negligent, or Erratic Manner",Unknown,MD,Van - Passenger (&lt;9 Seats),NA,35,No,2005,CHEVROLET,EXPRESS,39.10667183,-77.15658983,2026,3,16
260012566,Property Damage Crash,03/23/2026 03:47:00 PM,NEW HAMPSHIRE AVE (SB/L),NA,Other,Clear,Dry,Daylight,No Controls,NONE DETECTED,No,No Apparent Injury,NA,Not Distracted,VA,Passenger Car,NA,5,No,2019,FORD,FUSION,39.02256439,-76.97807652,2026,3,15
260012566,Property Damage Crash,03/23/2026 03:47:00 PM,NEW HAMPSHIRE AVE (SB/L),NA,Other,Clear,Dry,Daylight,No Controls,NONE DETECTED,Yes,No Apparent Injury,NA,Not Distracted,MD,Passenger Car,Backing,5,No,2008,TOYOTA,AVALON,39.02256439,-76.97807652,2026,3,15
260012522,Injury Crash,03/23/2026 01:49:00 PM,SPRING TREE DR,NA,Front to Rear,Cloudy,Dry,Daylight,Traffic Control Signal,NONE DETECTED,Yes,No Apparent Injury,NA,Not Distracted,MD,Pickup,Accelerating,40,No,2017,RAM,1500,39.06597894,-77.02256998,2026,3,13
260012522,Injury Crash,03/23/2026 01:49:00 PM,SPRING TREE DR,NA,Front to Rear,Cloudy,Dry,Daylight,Traffic Control Signal,NONE DETECTED,No,Possible Minor Injury,NA,Not Distracted,MD,Passenger Car,Stopped in Traffic,40,No,2015,BMW,328I,39.06597894,-77.02256998,2026,3,13
260012511,Property Damage Crash,03/23/2026 11:15:00 AM,WARREN ST,NA,"Sideswipe, Same Direction",Cloudy,Dry,Daylight,No Controls,NONE DETECTED,No,NA,NA,NA,NA,Other,NA,25,No,0,NA,NA,39.00793578,-77.04915031,2026,3,11
260012487,Property Damage Crash,03/23/2026 09:30:00 AM,NA,NA,Angle,Clear,NA,Daylight,NA,NONE DETECTED,No,NA,NA,NA,NA,Passenger Car,Accelerating,0,No,2015,DODGE,JOURNEY,39.08181968,-77.05556984,2026,3,9
260012487,Property Damage Crash,03/23/2026 09:30:00 AM,NA,NA,Angle,Clear,NA,Daylight,NA,NONE DETECTED,No,No Apparent Injury,NA,Not Distracted,MD,Sport Utility Vehicle,Slowing or Stopping,0,No,2018,GMC,TERRAIN,39.08181968,-77.05556984,2026,3,9
260012482,Property Damage Crash,03/23/2026 08:39:00 AM,NA,NA,Unknown,Cloudy,NA,Daylight,NA,NONE DETECTED,No,NA,NA,NA,NA,Passenger Car,NA,0,No,2020,TOYOTA,CAMRY,39.02364726,-77.13462789,2026,3,8
260012477,Injury Crash,03/23/2026 07:59:00 AM,ROCKVILLE PIKE (SB/L),NA,Angle,Rain,Wet,Daylight,Traffic Control Signal,NONE DETECTED,No,Possible Minor Injury,Failed to Yield Right-of-Way,Not Distracted,VA,Pickup,Turning Left,35,No,2020,FORD,F-150,39.0025587,-77.09729229,2026,3,7
260012477,Injury Crash,03/23/2026 07:59:00 AM,ROCKVILLE PIKE (SB/L),NA,Angle,Rain,Wet,Daylight,Traffic Control Signal,NONE DETECTED,No,Possible Minor Injury,NA,Not Distracted,MD,Passenger Car,Moving Constant Speed,35,No,2017,ACURA,RDX,39.0025587,-77.09729229,2026,3,7
260012470,Property Damage Crash,03/23/2026 06:40:00 AM,NEW HAMPSHIRE AVE (SB/L),NA,Front to Rear,Rain,Wet,Daylight,No Controls,NONE DETECTED,Yes,No Apparent Injury,NA,Unknown,MD,Passenger Car,Moving Constant Speed,35,No,2015,HYUNDAI,SANTA FE,38.984907,-76.98844598,2026,3,6
260012470,Property Damage Crash,03/23/2026 06:40:00 AM,NEW HAMPSHIRE AVE (SB/L),NA,Front to Rear,Rain,Wet,Daylight,No Controls,NONE DETECTED,No,No Apparent Injury,NA,Not Distracted,MD,Passenger Car,Moving Constant Speed,35,No,2024,TOYOTA,GRAND HIGHLANDER,38.984907,-76.98844598,2026,3,6
260012469,Injury Crash,03/23/2026 05:54:00 AM,NA,NA,Front to Rear,Rain,Wet,Medium,Yield Sign,NONE DETECTED,Yes,No Apparent Injury,NA,"Other Action (looking away from task, etc.)",MD,Sport Utility Vehicle,Turning Right,35,No,2017,BMW,X1,39.04922963,-77.11434712,2026,3,5
260012469,Injury Crash,03/23/2026 05:54:00 AM,NA,NA,Front to Rear,Rain,Wet,Medium,Yield Sign,NONE DETECTED,No,Possible Minor Injury,NA,Not Distracted,MD,Passenger Car,Turning Right,35,No,2023,BMW,530I,39.04922963,-77.11434712,2026,3,5
260012464,Property Damage Crash,03/23/2026 03:31:00 AM,LAYTONSVILLE RD,NA,Single Vehicle,Clear,Dry,Dark,No Controls,NONE DETECTED,Yes,No Apparent Injury,NA,Unknown,MD,Passenger Car,Slowing or Stopping,50,No,2021,TOYOTA,COROLLA,39.231071,-77.1424075,2026,3,3