Local Case Number,ACRS Report Type,Crash Date/Time,Road Name,Related Non-Motorist,Collision Type,Weather,Surface Condition,Light,Traffic Control,Driver Substance Abuse,Driver At Fault,Injury Severity,Circumstance,Driver Distracted By,Drivers License State,Vehicle Body Type,Vehicle Movement,Speed Limit,Driverless Vehicle,Vehicle Year,Vehicle Make,Vehicle Model,Latitude,Longitude,Year,Month,Hour
260012214,Property Damage Crash,03/20/2026 07:25:00 PM,WESTLAKE DR,NA,"Sideswipe, Same Direction",Rain,Wet,Medium,No Controls,NONE DETECTED,No,NA,"Failed to Keep in Proper Lane, Failed to Yield Right-of-Way",Unknown,NA,Pickup,Changing Lanes,35,No,2003,CHEVROLET,SILVERADO,39.02517942,-77.14884282,2026,3,19
260012214,Property Damage Crash,03/20/2026 07:25:00 PM,WESTLAKE DR,NA,"Sideswipe, Same Direction",Rain,Wet,Medium,No Controls,NONE DETECTED,No,No Apparent Injury,NA,Not Distracted,FL,Passenger Car,Turning Left,35,No,2025,KIA,NIRO,39.02517942,-77.14884282,2026,3,19
260022210,Injury Crash,03/20/2026 07:00:00 PM,NA,NA,Front to Rear,Rain,Wet,Medium,No Controls,NONE DETECTED,No,Possible Minor Injury,NA,Not Distracted,VA,Passenger Car,Moving Constant Speed,40,No,2010,MAZDA,CX-9,39.04478153,-77.26127821,2026,3,19
260022210,Injury Crash,03/20/2026 07:00:00 PM,NA,NA,Front to Rear,Rain,Wet,Medium,No Controls,NONE DETECTED,No,Possible Minor Injury,NA,Not Distracted,VA,Passenger Car,Entering Traffic Lane,40,No,2018,KIA,FORTE,39.04478153,-77.26127821,2026,3,19
260012207,Property Damage Crash,03/20/2026 06:30:00 PM,RAMP 2 FR RP 7 (FR MD200 WB) TO MD650 NB,NA,Front to Rear,Rain,Wet,Daylight,Yield Sign,NONE DETECTED,No,NA,NA,NA,NA,Sport Utility Vehicle,NA,45,No,2022,HONDA,PILOT,39.08893834,-76.99932742,2026,3,18
260012207,Property Damage Crash,03/20/2026 06:30:00 PM,RAMP 2 FR RP 7 (FR MD200 WB) TO MD650 NB,NA,Front to Rear,Rain,Wet,Daylight,Yield Sign,NONE DETECTED,No,No Apparent Injury,NA,Not Distracted,MD,Passenger Car,Slowing or Stopping,45,No,2012,HYUNDAI,ELANTRA,39.08893834,-76.99932742,2026,3,18
260012200,Injury Crash,03/20/2026 05:52:00 PM,NA,NA,Angle,Rain,Wet,Daylight,No Controls,NONE DETECTED,Yes,No Apparent Injury,Failed to Yield Right-of-Way,Unknown,MD,Passenger Car,Turning Left,45,No,2014,TOYOTA,COROLLA,39.11182436,-77.07583266,2026,3,17
260012200,Injury Crash,03/20/2026 05:52:00 PM,NA,NA,Angle,Rain,Wet,Daylight,No Controls,NONE DETECTED,No,No Apparent Injury,NA,Not Distracted,MD,Passenger Car,Moving Constant Speed,45,No,2026,MERCEDES-BENZ,E-CLASS,39.11182436,-77.07583266,2026,3,17
260012197,Injury Crash,03/20/2026 05:30:00 PM,VEIRS MILL RD (WB/L),NA,Front to Rear,Rain,Wet,Daylight,Traffic Control Signal,NONE DETECTED,No,Possible Minor Injury,NA,Not Distracted,MD,Passenger Car,Stopped in Traffic,35,No,2011,MAZDA,CX-9,39.04487303,-77.06441021,2026,3,17
260012197,Injury Crash,03/20/2026 05:30:00 PM,VEIRS MILL RD (WB/L),NA,Front to Rear,Rain,Wet,Daylight,Traffic Control Signal,NONE DETECTED,Yes,No Apparent Injury,"Followed Too Closely, Too Fast For Conditions",Unknown,NA,Passenger Car,Slowing or Stopping,35,No,2016,ACURA,MDX,39.04487303,-77.06441021,2026,3,17
260012241,Injury Crash,03/20/2026 05:05:00 PM,GRANDIN AVE,NA,Single Vehicle,Rain,Wet,Daylight,Other,NONE DETECTED,No,Possible Minor Injury,NA,Unknown,NA,All-Terrain Vehicle/All-Terrain Cycle (ATV/ATC),Moving Constant Speed,25,No,2025,CC,UNKNOWN,39.07882369,-77.12662961,2026,3,17
260012338,Property Damage Crash,03/20/2026 04:25:00 PM,FATHER HURLEY BLVD,NA,Front to Rear,Clear,Dry,Daylight,Traffic Control Signal,NONE DETECTED,No,No Apparent Injury,NA,Not Distracted,MD,Passenger Car,Stopped in Traffic,35,No,2023,CHRYSLER,VOYAGER,39.19374456,-77.27008546,2026,3,16
260012338,Property Damage Crash,03/20/2026 04:25:00 PM,FATHER HURLEY BLVD,NA,Front to Rear,Clear,Dry,Daylight,Traffic Control Signal,NONE DETECTED,Yes,No Apparent Injury,Other Improper Action,Unknown,MD,Pickup,NA,35,No,2009,CHEVROLET,SILVERADO,39.19374456,-77.27008546,2026,3,16
260012183,Injury Crash,03/20/2026 04:20:00 PM,EAST WEST HWY (WB/L),NA,Front to Rear,Clear,Dry,Daylight,Traffic Control Signal,NONE DETECTED,No,Possible Minor Injury,NA,Not Distracted,MD,Sport Utility Vehicle,Stopped in Traffic,35,No,2011,TOYOTA,RAV4,38.99444868,-77.03630678,2026,3,16
260012183,Injury Crash,03/20/2026 04:20:00 PM,EAST WEST HWY (WB/L),NA,Front to Rear,Clear,Dry,Daylight,Traffic Control Signal,NONE DETECTED,Yes,No Apparent Injury,NA,Not Distracted,DC,Passenger Car,Moving Constant Speed,35,No,2021,CHRYSLER,PACIFICA,38.99444868,-77.03630678,2026,3,16
260012184,Property Damage Crash,03/20/2026 04:11:00 PM,FALLS RD,NA,Angle,Cloudy,Dry,Daylight,No Controls,NONE DETECTED,No,No Apparent Injury,NA,Not Distracted,MD,Sport Utility Vehicle,Stopped in Traffic,35,No,2024,MERCEDES-BENZ,GLE-CLASS,39.0239285,-77.20664367,2026,3,16
260012184,Property Damage Crash,03/20/2026 04:11:00 PM,FALLS RD,NA,Angle,Cloudy,Dry,Daylight,No Controls,NONE DETECTED,No,No Apparent Injury,NA,Not Distracted,VA,Sport Utility Vehicle,Moving Constant Speed,35,No,2024,TESLA,MODEL Y,39.0239285,-77.20664367,2026,3,16
260012184,Property Damage Crash,03/20/2026 04:11:00 PM,FALLS RD,NA,Angle,Cloudy,Dry,Daylight,No Controls,NONE DETECTED,Yes,No Apparent Injury,Failed to Yield Right-of-Way,Not Distracted,DC,Sport Utility Vehicle,Entering Traffic Lane,35,No,2021,JEEP,WRANGLER,39.0239285,-77.20664367,2026,3,16
260012211,Property Damage Crash,03/20/2026 04:00:00 PM,NA,NA,"Sideswipe, Same Direction",Clear,NA,Daylight,NA,NONE DETECTED,Yes,No Apparent Injury,NA,Not Distracted,MD,Passenger Car,Slowing or Stopping,0,No,2025,BMW,X3,39.02493287,-77.12484307,2026,3,16
260012176,Injury Crash,03/20/2026 03:53:00 PM,FATHER HURLEY BLVD,Pedestrian,Single Vehicle,Clear,Dry,Daylight,Lane Use Control Signal,NONE DETECTED,No,Possible Minor Injury,NA,Not Distracted,MD,Passenger Car,Turning Right,35,No,2015,TOYOTA,COROLLA,39.19198337,-77.27216959,2026,3,15
260012170,Injury Crash,03/20/2026 03:09:00 PM,ROCKVILLE PIKE (SB/L),NA,Angle,Clear,Dry,Daylight,No Controls,NONE DETECTED,Yes,No Apparent Injury,NA,Not Distracted,MD,Passenger Car,Turning Left,35,No,2015,HONDA,ACCORD,39.04342179,-77.11112464,2026,3,15
260012170,Injury Crash,03/20/2026 03:09:00 PM,ROCKVILLE PIKE (SB/L),NA,Angle,Clear,Dry,Daylight,No Controls,NONE DETECTED,No,Possible Minor Injury,NA,Not Distracted,MD,Passenger Car,Moving Constant Speed,35,No,1999,TOYOTA,COROLLA,39.04342179,-77.11112464,2026,3,15
260012156,Property Damage Crash,03/20/2026 02:00:00 PM,NA,NA,Front to Rear,Clear,Dry,Daylight,Traffic Control Signal,NONE DETECTED,No,No Apparent Injury,NA,Not Distracted,MD,Passenger Car,Stopped in Traffic,35,No,2023,HYUNDAI,ELANTRA,39.02408132,-77.16250312,2026,3,14
260012156,Property Damage Crash,03/20/2026 02:00:00 PM,NA,NA,Front to Rear,Clear,Dry,Daylight,Traffic Control Signal,NONE DETECTED,No,No Apparent Injury,NA,Not Distracted,MD,Passenger Car,Stopped in Traffic,35,No,2020,LEXUS,IS,39.02408132,-77.16250312,2026,3,14
260012156,Property Damage Crash,03/20/2026 02:00:00 PM,NA,NA,Front to Rear,Clear,Dry,Daylight,Traffic Control Signal,NONE DETECTED,Yes,No Apparent Injury,NA,"Other Action (looking away from task, etc.)",MD,Sport Utility Vehicle,Moving Constant Speed,35,No,2017,HYUNDAI,SANTA FE,39.02408132,-77.16250312,2026,3,14
260012161,Property Damage Crash,03/20/2026 02:00:00 PM,NA,NA,Other,Cloudy,NA,Daylight,NA,NONE DETECTED,No,NA,NA,NA,NA,NA,NA,0,No,0,NA,NA,39.14411505,-77.21977194,2026,3,14
260012165,Property Damage Crash,03/20/2026 01:07:00 PM,NA,NA,"Sideswipe, Same Direction",Clear,NA,Daylight,NA,NONE DETECTED,Yes,No Apparent Injury,NA,Not Distracted,MD,Passenger Car,Accelerating,0,No,2007,INFINITI,FX35,39.03068483,-77.0741895,2026,3,13
26000520,Property Damage Crash,03/20/2026 12:47:00 PM,NA,NA,Front to Rear,Clear,Dry,Daylight,Traffic Control Signal,NONE DETECTED,No,No Apparent Injury,NA,Unknown,MD,Passenger Car,Slowing or Stopping,25,No,2020,MERCEDES-BENZ,GLE-CLASS,39.03482322,-77.10667259,2026,3,12
26000520,Property Damage Crash,03/20/2026 12:47:00 PM,NA,NA,Front to Rear,Clear,Dry,Daylight,Traffic Control Signal,NONE DETECTED,No,No Apparent Injury,NA,Unknown,MD,Pickup,Slowing or Stopping,25,No,2023,FORD,F-250,39.03482322,-77.10667259,2026,3,12
260012142,Property Damage Crash,03/20/2026 11:56:00 AM,CLOPPER RD,NA,"Sideswipe, Same Direction",Clear,Dry,Daylight,No Controls,NONE DETECTED,Yes,No Apparent Injury,Failed to Keep in Proper Lane,Not Distracted,MD,Passenger Car,Changing Lanes,35,No,2025,SUBARU,OUTBACK,39.15910354,-77.27571932,2026,3,11
260012142,Property Damage Crash,03/20/2026 11:56:00 AM,CLOPPER RD,NA,"Sideswipe, Same Direction",Clear,Dry,Daylight,No Controls,NONE DETECTED,No,No Apparent Injury,NA,Not Distracted,MD,Pickup,Moving Constant Speed,35,No,2014,FORD,F-550,39.15910354,-77.27571932,2026,3,11
260012122,Injury Crash,03/20/2026 10:14:00 AM,NEW HAMPSHIRE AVE (SB/L),NA,Angle,Clear,Dry,Daylight,Traffic Control Signal,NONE DETECTED,No,No Apparent Injury,NA,Unknown,MD,Passenger Car,Accelerating,40,No,2020,SUBARU,FORESTER,39.07569075,-77.00206696,2026,3,10
260012122,Injury Crash,03/20/2026 10:14:00 AM,NEW HAMPSHIRE AVE (SB/L),NA,Angle,Clear,Dry,Daylight,Traffic Control Signal,NONE DETECTED,Yes,Possible Minor Injury,NA,Unknown,MD,Station Wagon,Moving Constant Speed,40,No,2021,TOYOTA,SIENNA,39.07569075,-77.00206696,2026,3,10
260012120,Injury Crash,03/20/2026 10:00:00 AM,MONTROSE PKWY,NA,Unknown,Clear,Dry,Daylight,Traffic Control Signal,NONE DETECTED,No,No Apparent Injury,"Failed to Keep in Proper Lane, Operated Motor Vehicle in Inattentive, Careless, Negligent, or Erratic Manner, Operated Motor Vehicle in Reckless or Aggressive Manner, Ran Red Light",Unknown,MD,Single-Unit Truck,Moving Constant Speed,35,No,2019,FORD,E-450,39.05076166,-77.12611048,2026,3,10
260012120,Injury Crash,03/20/2026 10:00:00 AM,MONTROSE PKWY,NA,Unknown,Clear,Dry,Daylight,Traffic Control Signal,NONE DETECTED,No,No Apparent Injury,NA,Not Distracted,MD,Sport Utility Vehicle,Stopped in Traffic,35,No,2023,VOLKSWAGEN,ID.4,39.05076166,-77.12611048,2026,3,10
260012120,Injury Crash,03/20/2026 10:00:00 AM,MONTROSE PKWY,NA,Unknown,Clear,Dry,Daylight,Traffic Control Signal,NONE DETECTED,No,Possible Minor Injury,NA,Not Distracted,MD,Sport Utility Vehicle,Stopped in Traffic,35,No,2016,FORD,EXPLORER,39.05076166,-77.12611048,2026,3,10
260012121,Injury Crash,03/20/2026 09:50:00 AM,QUINCY ST,NA,Single Vehicle,Clear,Dry,Daylight,Stop Sign,NONE DETECTED,Yes,Possible Minor Injury,"Over-Correcting/Over-Steering, Too Fast For Conditions",Not Distracted,MD,Sport Utility Vehicle,Turning Right,25,No,2021,LEXUS,UX,38.97611432,-77.07216511,2026,3,9
260012119,Injury Crash,03/20/2026 09:43:00 AM,ORCHARD AVE,Pedestrian,Single Vehicle,Clear,Dry,Daylight,No Controls,NONE DETECTED,No,No Apparent Injury,NA,Not Distracted,MD,Passenger Car,Moving Constant Speed,5,No,2001,CHEVROLET,MALIBU,38.96926295,-77.00247821,2026,3,9
260012117,Property Damage Crash,03/20/2026 09:40:00 AM,ROCKVILLE PIKE,NA,Front to Front,Clear,Dry,Daylight,Traffic Control Signal,NONE DETECTED,No,No Apparent Injury,NA,Not Distracted,MD,Pickup,Turning Left,35,No,2020,RAM,1500,39.03490951,-77.10687703,2026,3,9
260012117,Property Damage Crash,03/20/2026 09:40:00 AM,ROCKVILLE PIKE,NA,Front to Front,Clear,Dry,Daylight,Traffic Control Signal,NONE DETECTED,No,No Apparent Injury,"Failed to Keep in Proper Lane, Improper Passing, Operated Motor Vehicle in Inattentive, Careless, Negligent, or Erratic Manner, Operated Motor Vehicle in Reckless or Aggressive Manner, Ran Red Light",Unknown,MD,Single-Unit Truck,Moving Constant Speed,45,No,2019,FORD,E-450,39.03490951,-77.10687703,2026,3,9
260012112,Property Damage Crash,03/20/2026 08:26:00 AM,COLESVILLE RD (SB/L),NA,Front to Rear,Clear,Dry,Daylight,No Controls,NONE DETECTED,Yes,No Apparent Injury,NA,Not Distracted,MD,Passenger Car,Changing Lanes,40,No,2013,TOYOTA,HIGHLANDER,39.02841117,-77.008772,2026,3,8
260012112,Property Damage Crash,03/20/2026 08:26:00 AM,COLESVILLE RD (SB/L),NA,Front to Rear,Clear,Dry,Daylight,No Controls,NONE DETECTED,No,No Apparent Injury,NA,Not Distracted,MD,Bus - Other Type,Stopped in Traffic,40,No,2013,PREVOST,H3 COACH,39.02841117,-77.008772,2026,3,8
260012108,Property Damage Crash,03/20/2026 08:20:00 AM,GEORGIA AVE,NA,Front to Rear,Clear,Dry,Daylight,No Controls,NONE DETECTED,No,No Apparent Injury,NA,Not Distracted,MD,Passenger Car,Stopped in Traffic,35,No,2023,TOYOTA,CAMRY,39.05495217,-77.050253,2026,3,8
260012108,Property Damage Crash,03/20/2026 08:20:00 AM,GEORGIA AVE,NA,Front to Rear,Clear,Dry,Daylight,No Controls,NONE DETECTED,Yes,No Apparent Injury,NA,Not Distracted,MD,Sport Utility Vehicle,Slowing or Stopping,35,No,2013,CHEVROLET,EQUINOX,39.05495217,-77.050253,2026,3,8
260012115,Injury Crash,03/20/2026 08:16:00 AM,TECH RD,NA,Front to Front,Clear,Dry,Daylight,Stop Sign,NONE DETECTED,Yes,Possible Minor Injury,Failed to Yield Right-of-Way,Not Distracted,MD,Passenger Car,Moving Constant Speed,25,No,2011,MAZDA,MAZDA3,39.05638383,-76.96705367,2026,3,8
260012115,Injury Crash,03/20/2026 08:16:00 AM,TECH RD,NA,Front to Front,Clear,Dry,Daylight,Stop Sign,NONE DETECTED,No,No Apparent Injury,NA,Not Distracted,DE,Passenger Car,Moving Constant Speed,25,No,2020,HYUNDAI,IONIQ,39.05638383,-76.96705367,2026,3,8
260012099,Injury Crash,03/20/2026 06:34:00 AM,EDGEVALE ST,NA,"Sideswipe, Same Direction",Clear,Dry,Medium,Traffic Control Signal,NONE DETECTED,No,No Apparent Injury,NA,Not Distracted,MD,Sport Utility Vehicle,Stopped in Traffic,30,No,2018,TOYOTA,HIGHLANDER,38.98796958,-77.08281602,2026,3,6
260012099,Injury Crash,03/20/2026 06:34:00 AM,EDGEVALE ST,NA,"Sideswipe, Same Direction",Clear,Dry,Medium,Traffic Control Signal,NONE DETECTED,Yes,Possible Minor Injury,"Failed to Keep in Proper Lane, Other Improper Action",Unknown,MD,Passenger Car,Moving Constant Speed,30,No,2025,LUCID,AIR,38.98796958,-77.08281602,2026,3,6
260012089,Property Damage Crash,03/20/2026 01:18:00 AM,LAUREL AVE,NA,"Sideswipe, Same Direction",Clear,Dry,Medium,No Controls,NONE DETECTED,No,No Apparent Injury,NA,Not Distracted,MD,Passenger Car,Parked,25,No,2022,ACURA,MDX,38.97457638,-77.01234267,2026,3,1
260012089,Property Damage Crash,03/20/2026 01:18:00 AM,LAUREL AVE,NA,"Sideswipe, Same Direction",Clear,Dry,Medium,No Controls,NONE DETECTED,No,No Apparent Injury,NA,Not Distracted,TX,Passenger Car,Leaving Traffic Lane,25,No,2026,TOYOTA,COROLLA,38.97457638,-77.01234267,2026,3,1
260012080,Property Damage Crash,03/19/2026 10:13:00 PM,FREDERICK RD (SB/L),NA,Front to Rear,Clear,Dry,Medium,No Controls,ALCOHOL PRESENT,Yes,No Apparent Injury,"Operated Motor Vehicle in Inattentive, Careless, Negligent, or Erratic Manner",Not Distracted,MD,Passenger Car,Moving Constant Speed,40,No,2010,TOYOTA,COROLLA,39.18500364,-77.2395474,2026,3,22
260012080,Property Damage Crash,03/19/2026 10:13:00 PM,FREDERICK RD (SB/L),NA,Front to Rear,Clear,Dry,Medium,No Controls,NONE DETECTED,No,No Apparent Injury,NA,Not Distracted,VA,Passenger Car,Accelerating,40,No,2020,HONDA,CIVIC,39.18500364,-77.2395474,2026,3,22
260012059,Injury Crash,03/19/2026 07:47:00 PM,NEW HAMPSHIRE AVE (SB/L),NA,Angle,Clear,Dry,Medium,No Controls,NONE DETECTED,No,Possible Minor Injury,NA,Not Distracted,NA,Passenger Car,Moving Constant Speed,45,No,2021,TOYOTA,COROLLA,39.09979867,-77.0037565,2026,3,19
260012059,Injury Crash,03/19/2026 07:47:00 PM,NEW HAMPSHIRE AVE (SB/L),NA,Angle,Clear,Dry,Medium,Stop Sign,NONE DETECTED,Yes,Possible Minor Injury,Failed to Yield Right-of-Way,Unknown,MD,Sport Utility Vehicle,Accelerating,30,No,2024,CHEVROLET,SUBURBAN,39.09979867,-77.0037565,2026,3,19
260012056,Property Damage Crash,03/19/2026 07:12:00 PM,NORBECK RD (WB/L),NA,Single Vehicle,Clear,Dry,Medium,No Controls,NONE DETECTED,No,No Apparent Injury,Other Improper Action,Not Distracted,MD,Sport Utility Vehicle,Moving Constant Speed,35,No,2019,BMW,X3,39.10090849,-77.09459651,2026,3,19
260012042,Injury Crash,03/19/2026 06:16:00 PM,FREDERICK RD,NA,Rear To Side,Clear,Dry,Daylight,Stop Sign,NONE DETECTED,No,No Apparent Injury,NA,Not Distracted,MD,Passenger Car,Moving Constant Speed,40,No,2024,NISSAN,ALTIMA,39.17558131,-77.23804547,2026,3,18
260012042,Injury Crash,03/19/2026 06:16:00 PM,FREDERICK RD,NA,Rear To Side,Clear,Dry,Daylight,Other Warning Sign,NONE DETECTED,Yes,Possible Minor Injury,Failed to Yield Right-of-Way,Unknown,MD,Passenger Car,Moving Constant Speed,40,No,2022,NISSAN,ROGUE,39.17558131,-77.23804547,2026,3,18
260012039,Property Damage Crash,03/19/2026 06:16:00 PM,PINEY BRANCH RD,NA,Angle,Clear,Dry,Daylight,No Controls,NONE DETECTED,No,No Apparent Injury,NA,Not Distracted,MD,Bus - Transit,Accelerating,40,No,2025,GILLIG,LOW FLOOR BUS,38.99831066,-77.00292688,2026,3,18
260012039,Property Damage Crash,03/19/2026 06:16:00 PM,PINEY BRANCH RD,NA,Angle,Clear,Dry,Daylight,No Controls,NONE DETECTED,Yes,No Apparent Injury,NA,Unknown,MD,Passenger Car,Overtaking/Passing,40,No,2011,TOYOTA,HIGHLANDER,38.99831066,-77.00292688,2026,3,18
260012038,Property Damage Crash,03/19/2026 06:12:00 PM,TSCHIFFELY SQUARE RD (SB/L),NA,Front to Rear,Clear,Dry,Daylight,Traffic Control Signal,NONE DETECTED,No,No Apparent Injury,NA,Not Distracted,MD,Passenger Car,Stopped in Traffic,25,No,2013,HONDA,CIVIC,39.116175,-77.2462975,2026,3,18
260012038,Property Damage Crash,03/19/2026 06:12:00 PM,TSCHIFFELY SQUARE RD (SB/L),NA,Front to Rear,Clear,Dry,Daylight,Traffic Control Signal,NONE DETECTED,Yes,No Apparent Injury,NA,Unknown,MD,Bus - Transit,Slowing or Stopping,25,No,2017,GILLIG,LOW FLOOR BUS,39.116175,-77.2462975,2026,3,18
260012034,Injury Crash,03/19/2026 05:51:00 PM,RANDOLPH RD,NA,Front to Rear,Clear,Dry,Daylight,Traffic Control Signal,NONE DETECTED,No,No Apparent Injury,NA,Not Distracted,MD,Passenger Car,Stopped in Traffic,30,No,2012,TOYOTA,CAMRY,39.06578183,-77.034961,2026,3,17
260012040,Property Damage Crash,03/19/2026 05:51:00 PM,RIDGEPOINT PL,NA,Single Vehicle,Clear,Dry,Daylight,No Controls,ALCOHOL PRESENT,Yes,No Apparent Injury,NA,Unknown,MD,Passenger Car,Backing,10,No,2018,TOYOTA,CAMRY,39.12211621,-77.24917431,2026,3,17
260012034,Injury Crash,03/19/2026 05:51:00 PM,RANDOLPH RD,NA,Front to Rear,Clear,Dry,Daylight,Traffic Control Signal,NONE DETECTED,Yes,Possible Minor Injury,Too Fast For Conditions,Not Distracted,MD,Passenger Car,Moving Constant Speed,30,No,2014,TOYOTA,COROLLA,39.06578183,-77.034961,2026,3,17
260012037,Property Damage Crash,03/19/2026 05:43:00 PM,QUINCE ORCHARD RD (SB/L),NA,"Sideswipe, Same Direction",Clear,Dry,Daylight,Traffic Control Signal,NONE DETECTED,No,No Apparent Injury,NA,Not Distracted,MD,Van - Passenger (&lt;9 Seats),Stopped in Traffic,35,No,2020,HONDA,ODYSSEY,39.11805125,-77.25264834,2026,3,17
260012037,Property Damage Crash,03/19/2026 05:43:00 PM,QUINCE ORCHARD RD (SB/L),NA,"Sideswipe, Same Direction",Clear,Dry,Daylight,Traffic Control Signal,ALCOHOL PRESENT,Yes,No Apparent Injury,"Disregarded Other Traffic Sign, Failed to Keep in Proper Lane, Operated Motor Vehicle in Inattentive, Careless, Negligent, or Erratic Manner",Unknown,MD,Passenger Car,Changing Lanes,35,No,2018,TOYOTA,CAMRY,39.11805125,-77.25264834,2026,3,17
260012037,Property Damage Crash,03/19/2026 05:43:00 PM,QUINCE ORCHARD RD (SB/L),NA,"Sideswipe, Same Direction",Clear,Dry,Daylight,Traffic Control Signal,NONE DETECTED,No,No Apparent Injury,NA,Not Distracted,MD,Sport Utility Vehicle,Stopped in Traffic,35,No,2016,HONDA,PILOT,39.11805125,-77.25264834,2026,3,17
260012029,Injury Crash,03/19/2026 05:27:00 PM,NA,NA,Front to Rear,Clear,Dry,Daylight,No Controls,NONE DETECTED,Yes,No Apparent Injury,NA,Unknown,MD,Passenger Car,Moving Constant Speed,35,No,2017,HYUNDAI,SANTA FE,39.14939667,-77.241561,2026,3,17
260012029,Injury Crash,03/19/2026 05:27:00 PM,NA,NA,Front to Rear,Clear,Dry,Daylight,No Controls,NONE DETECTED,No,Possible Minor Injury,NA,Not Distracted,MD,Passenger Car,Slowing or Stopping,35,No,2016,TOYOTA,COROLLA,39.14939667,-77.241561,2026,3,17
260012025,Property Damage Crash,03/19/2026 05:13:00 PM,NEW HAMPSHIRE AVE,NA,Front to Rear,Clear,Dry,Daylight,No Controls,NONE DETECTED,Yes,No Apparent Injury,NA,Unknown,MD,Passenger Car,Moving Constant Speed,35,No,1997,TOYOTA,COROLLA,38.97831167,-76.99126767,2026,3,17
260012025,Property Damage Crash,03/19/2026 05:13:00 PM,NEW HAMPSHIRE AVE,NA,Front to Rear,Clear,Dry,Daylight,No Controls,NONE DETECTED,No,No Apparent Injury,NA,Unknown,MD,Passenger Car,Slowing or Stopping,35,No,2022,TOYOTA,CAMRY,38.97831167,-76.99126767,2026,3,17
260012015,Property Damage Crash,03/19/2026 04:31:00 PM,CONNECTICUT AVE,NA,Front to Rear,Clear,Dry,Daylight,"Other Pavement Marking (excluding edgelines, centerlines, or lane lines)",NONE DETECTED,No,No Apparent Injury,NA,Not Distracted,MD,Passenger Car,Slowing or Stopping,35,No,2021,VOLVO,XC40,39.00231567,-77.0771635,2026,3,16
260012015,Property Damage Crash,03/19/2026 04:31:00 PM,CONNECTICUT AVE,NA,Front to Rear,Clear,Dry,Daylight,"Other Pavement Marking (excluding edgelines, centerlines, or lane lines)",NONE DETECTED,No,No Apparent Injury,NA,Not Distracted,MD,Passenger Car,Slowing or Stopping,35,No,2022,KIA,NIRO,39.00231567,-77.0771635,2026,3,16
260012015,Property Damage Crash,03/19/2026 04:31:00 PM,CONNECTICUT AVE,NA,Front to Rear,Clear,Dry,Daylight,"Other Pavement Marking (excluding edgelines, centerlines, or lane lines)",NONE DETECTED,Yes,No Apparent Injury,Followed Too Closely,Not Distracted,MD,Passenger Car,Slowing or Stopping,35,No,2011,FORD,FUSION,39.00231567,-77.0771635,2026,3,16
260012012,Injury Crash,03/19/2026 04:30:00 PM,ODENDHAL AVE (EB/L),NA,Rear To Rear,Clear,Dry,Daylight,Traffic Control Signal,NONE DETECTED,No,Possible Minor Injury,NA,Not Distracted,MD,Sport Utility Vehicle,Moving Constant Speed,30,No,2020,JEEP,GRAND CHEROKEE,39.14841657,-77.20693617,2026,3,16
260012012,Injury Crash,03/19/2026 04:30:00 PM,ODENDHAL AVE (EB/L),NA,Rear To Rear,Clear,Dry,Daylight,Traffic Control Signal,NONE DETECTED,Yes,Suspected Serious Injury,Failed to Yield Right-of-Way,Unknown,MD,Passenger Car,Turning Left,30,No,2017,NISSAN,SENTRA,39.14841657,-77.20693617,2026,3,16
260012013,Property Damage Crash,03/19/2026 03:35:00 PM,PARKLAND DR (NB/L),NA,"Sideswipe, Same Direction",Clear,Dry,Daylight,No Controls,NONE DETECTED,No,NA,"Other Improper Action, Too Fast For Conditions",NA,NA,Passenger Car,Turning Left,25,No,1999,LEXUS,GS,39.07479833,-77.08660312,2026,3,15