Local Case Number,ACRS Report Type,Crash Date/Time,Road Name,Related Non-Motorist,Collision Type,Weather,Surface Condition,Light,Traffic Control,Driver Substance Abuse,Driver At Fault,Injury Severity,Circumstance,Driver Distracted By,Drivers License State,Vehicle Body Type,Vehicle Movement,Speed Limit,Driverless Vehicle,Vehicle Year,Vehicle Make,Vehicle Model,Latitude,Longitude,Year,Month,Hour
260012013,Property Damage Crash,03/19/2026 03:35:00 PM,PARKLAND DR (NB/L),NA,"Sideswipe, Same Direction",Clear,Dry,Daylight,No Controls,NONE DETECTED,No,No Apparent Injury,NA,Not Distracted,MD,Passenger Car,Moving Constant Speed,25,No,2021,BMW,X3,39.07479833,-77.08660312,2026,3,15
260012003,Property Damage Crash,03/19/2026 03:10:00 PM,ODENDHAL AVE (EB/L),NA,Front to Rear,Clear,Dry,Daylight,Traffic Control Signal,NONE DETECTED,No,No Apparent Injury,NA,Not Distracted,MD,Passenger Car,Moving Constant Speed,30,No,2009,TOYOTA,CAMRY,39.14845259,-77.20704034,2026,3,15
260012003,Property Damage Crash,03/19/2026 03:10:00 PM,ODENDHAL AVE (EB/L),NA,Front to Rear,Clear,Dry,Daylight,Traffic Control Signal,NONE DETECTED,Yes,No Apparent Injury,Failed to Yield Right-of-Way,Not Distracted,MD,Passenger Car,Changing Lanes,30,No,2018,HONDA,HR-V,39.14845259,-77.20704034,2026,3,15
260011994,Injury Crash,03/19/2026 02:35:00 PM,METRORAIL TRACK B2 RAIL,NA,Front to Rear,Clear,Dry,Daylight,Traffic Control Signal,NONE DETECTED,No,No Apparent Injury,NA,Not Distracted,VA,Passenger Car,Slowing or Stopping,30,No,2013,FORD,E-250,39.01378499,-77.04226943,2026,3,14
260011994,Injury Crash,03/19/2026 02:35:00 PM,METRORAIL TRACK B2 RAIL,NA,Front to Rear,Clear,Dry,Daylight,Traffic Control Signal,NONE DETECTED,No,Possible Minor Injury,NA,Not Distracted,MD,Passenger Car,Stopped in Traffic,30,No,2016,HONDA,ACCORD,39.01378499,-77.04226943,2026,3,14
260011764,Property Damage Crash,03/19/2026 12:46:00 PM,CONNECTICUT AVE,NA,Angle,Clear,Dry,Daylight,No Controls,NONE DETECTED,No,No Apparent Injury,"Operated Motor Vehicle in Inattentive, Careless, Negligent, or Erratic Manner",Unknown,NA,Sport Utility Vehicle,Entering Traffic Lane,35,No,2019,TOYOTA,RAV4,38.99495667,-77.07704032,2026,3,12
260011764,Property Damage Crash,03/19/2026 12:46:00 PM,CONNECTICUT AVE,NA,Angle,Clear,Dry,Daylight,No Controls,NONE DETECTED,No,No Apparent Injury,NA,Not Distracted,MD,Passenger Car,Stopped in Traffic,35,No,2016,HONDA,CIVIC,38.99495667,-77.07704032,2026,3,12
260011969,Property Damage Crash,03/19/2026 11:45:00 AM,FAIRMONT AVE,NA,Angle,Cloudy,Dry,Daylight,Stop Sign,NONE DETECTED,Yes,No Apparent Injury,NA,Unknown,MD,Passenger Car,Turning Left,30,No,2011,TOYOTA,PRIUS,38.98703387,-77.0980364,2026,3,11
260011969,Property Damage Crash,03/19/2026 11:45:00 AM,FAIRMONT AVE,NA,Angle,Cloudy,Dry,Daylight,Stop Sign,NONE DETECTED,No,No Apparent Injury,NA,Not Distracted,MD,Passenger Car,Moving Constant Speed,30,No,2009,HONDA,ACCORD,38.98703387,-77.0980364,2026,3,11
260011946,Injury Crash,03/19/2026 10:10:00 AM,NA,Pedestrian,Single Vehicle,Cloudy,NA,Daylight,NA,NONE DETECTED,No,No Apparent Injury,"Failed to Yield Right-of-Way, Operated Motor Vehicle in Inattentive, Careless, Negligent, or Erratic Manner, Too Fast For Conditions","Manually Operating (dialing, playing game, etc.)",MD,Passenger Car,NA,0,No,2022,CHEVROLET,TRAILBLAZER,39.15179273,-77.06734204,2026,3,10
260011937,Property Damage Crash,03/19/2026 09:37:00 AM,E DEER PARK DR,NA,"Sideswipe, Opposite Direction",Clear,Dry,Daylight,No Controls,NONE DETECTED,No,No Apparent Injury,NA,Not Distracted,MD,Passenger Car,Moving Constant Speed,25,No,2023,TOYOTA,COROLLA CROSS,39.13584583,-77.182626,2026,3,9
260011937,Property Damage Crash,03/19/2026 09:37:00 AM,E DEER PARK DR,NA,"Sideswipe, Opposite Direction",Clear,Dry,Daylight,No Controls,NONE DETECTED,No,No Apparent Injury,NA,Not Distracted,MD,Passenger Car,Moving Constant Speed,25,No,2007,ACURA,TSX,39.13584583,-77.182626,2026,3,9
260011936,Injury Crash,03/19/2026 09:19:00 AM,NA,Pedestrian,Single Vehicle,Clear,NA,Daylight,NA,NONE DETECTED,Yes,No Apparent Injury,Other Improper Action,Not Distracted,MD,Passenger Car,Backing,0,No,2017,NISSAN,ALTIMA,39.17920958,-77.26097442,2026,3,9
260011970,Injury Crash,03/19/2026 09:00:00 AM,NA,Pedestrian,Unknown,Clear,Dry,Daylight,No Controls,NONE DETECTED,No,NA,NA,NA,NA,NA,Moving Constant Speed,20,No,0,NA,NA,39.08269353,-76.94336541,2026,3,9
260011926,Injury Crash,03/19/2026 07:52:00 AM,APPLEDOWRE WAY (WB/L),NA,Angle,Cloudy,Dry,Daylight,No Controls,NONE DETECTED,No,No Apparent Injury,NA,Not Distracted,MD,Passenger Car,Moving Constant Speed,45,No,2008,HONDA,ACCORD,39.18563041,-77.23961266,2026,3,7
260011926,Injury Crash,03/19/2026 07:52:00 AM,APPLEDOWRE WAY (WB/L),NA,Angle,Cloudy,Dry,Daylight,Stop Sign,NONE DETECTED,Yes,Possible Minor Injury,Failed to Yield Right-of-Way,Not Distracted,MD,Passenger Car,Turning Right,25,No,2016,TOYOTA,COROLLA,39.18563041,-77.23961266,2026,3,7
260011924,Property Damage Crash,03/19/2026 06:29:00 AM,NA,NA,Angle,Clear,Dry,Dark,No Controls,NONE DETECTED,No,No Apparent Injury,NA,Not Distracted,MD,Passenger Car,Turning Left,30,No,2024,HYUNDAI,SANTA FE,38.97780557,-77.14276299,2026,3,6
260011924,Property Damage Crash,03/19/2026 06:29:00 AM,NA,NA,Angle,Clear,Dry,Dark,No Controls,NONE DETECTED,No,No Apparent Injury,NA,Not Distracted,MD,Passenger Car,Changing Lanes,30,No,2023,MERCEDES-BENZ,GLE-CLASS,38.97780557,-77.14276299,2026,3,6
260011922,Property Damage Crash,03/19/2026 05:18:00 AM,GOLDSBORO RD,NA,Single Vehicle,Clear,Dry,Medium,No Controls,NONE DETECTED,No,No Apparent Injury,Ran Off Roadway,Unknown,VA,Pickup,Turning Left,35,No,2005,CHEVROLET,SILVERADO,38.97500783,-77.11315183,2026,3,5
260011913,Property Damage Crash,03/19/2026 12:03:00 AM,GERMANTOWN RD (SB/L),NA,Angle,Clear,Dry,Medium,Traffic Control Signal,NONE DETECTED,No,No Apparent Injury,NA,Not Distracted,MD,Passenger Car,Moving Constant Speed,40,No,2021,HYUNDAI,ELANTRA,39.19223046,-77.24272594,2026,3,0
260011913,Property Damage Crash,03/19/2026 12:03:00 AM,GERMANTOWN RD (SB/L),NA,Angle,Clear,Dry,Medium,Traffic Control Signal,NONE DETECTED,Yes,No Apparent Injury,NA,Not Distracted,MD,Passenger Car,Moving Constant Speed,45,No,2018,TOYOTA,CAMRY,39.19223046,-77.24272594,2026,3,0
260011914,Property Damage Crash,03/19/2026 12:03:00 AM,CENTURY BLVD,NA,"Sideswipe, Opposite Direction",Clear,Dry,Medium,No Controls,NONE DETECTED,Yes,No Apparent Injury,"Improper Turn, Operated Motor Vehicle in Inattentive, Careless, Negligent, or Erratic Manner, Operated Motor Vehicle in Reckless or Aggressive Manner, Other Improper Action, Over-Correcting/Over-Steering, Too Fast For Conditions",Not Distracted,MD,Passenger Car,Negotiating a Curve,25,No,2008,LEXUS,IS,39.18272333,-77.26403917,2026,3,0
260011911,Property Damage Crash,03/18/2026 11:07:00 PM,GEORGIA AVE (SB/L),NA,Front to Rear,Clear,Dry,Medium,No Controls,NONE DETECTED,Yes,No Apparent Injury,Followed Too Closely,Unknown,MD,Pickup,Slowing or Stopping,35,No,2016,CHEVROLET,SILVERADO,39.0697065,-77.06246767,2026,3,23
260011911,Property Damage Crash,03/18/2026 11:07:00 PM,GEORGIA AVE (SB/L),NA,Front to Rear,Clear,Dry,Medium,No Controls,NONE DETECTED,No,No Apparent Injury,NA,Not Distracted,MD,Van - Passenger (&lt;9 Seats),Slowing or Stopping,35,No,2016,NISSAN,NV,39.0697065,-77.06246767,2026,3,23
260011903,Injury Crash,03/18/2026 10:08:00 PM,METRO ENT,Pedestrian,Single Vehicle,Clear,Dry,Medium,Traffic Control Signal,NONE DETECTED,Yes,No Apparent Injury,NA,Unknown,MD,Passenger Car,Entering Traffic Lane,40,No,2017,TOYOTA,PRIUS V,39.11738006,-77.16892591,2026,3,22
260011874,Property Damage Crash,03/18/2026 06:34:00 PM,NA,NA,Single Vehicle,Clear,NA,Daylight,NA,NONE DETECTED,No,No Apparent Injury,NA,Not Distracted,MD,Sport Utility Vehicle,Backing,0,No,2025,ACURA,MDX,38.99558289,-76.99175263,2026,3,18
260011870,Property Damage Crash,03/18/2026 06:11:00 PM,ROCKVILLE PIKE,NA,"Sideswipe, Same Direction",Clear,Dry,Daylight,No Controls,NONE DETECTED,No,No Apparent Injury,NA,Not Distracted,MD,Bus - Transit,Moving Constant Speed,35,No,2017,GILLIG,LOW FLOOR BUS,39.07969343,-77.1429471,2026,3,18
260011870,Property Damage Crash,03/18/2026 06:11:00 PM,ROCKVILLE PIKE,NA,"Sideswipe, Same Direction",Clear,Dry,Daylight,No Controls,NONE DETECTED,No,No Apparent Injury,NA,Not Distracted,MD,Pickup,Moving Constant Speed,35,No,2015,CHEVROLET,SILVERADO,39.07969343,-77.1429471,2026,3,18
260011862,Property Damage Crash,03/18/2026 05:29:00 PM,COLONY RD (WB/L),NA,Rear To Rear,Clear,Dry,Daylight,No Controls,NONE DETECTED,Yes,No Apparent Injury,NA,Not Distracted,MD,Bus - School,Backing,15,No,2022,FREIGHTLINER,B2 BUS CHASSIS,39.008204,-76.98768583,2026,3,17
260011841,Injury Crash,03/18/2026 04:21:00 PM,NA,Pedestrian,Single Vehicle,Clear,NA,Daylight,NA,NONE DETECTED,No,No Apparent Injury,NA,Unknown,MD,Passenger Car,Turning Left,0,No,2025,DODGE,DURANGO,39.05472117,-76.9561315,2026,3,16
260011843,Property Damage Crash,03/18/2026 04:19:00 PM,WOODFIELD RD,NA,Front to Rear,Clear,Dry,Daylight,No Controls,NONE DETECTED,No,No Apparent Injury,NA,Not Distracted,MD,Sport Utility Vehicle,Turning Left,40,No,2022,HONDA,CR-V,39.21157401,-77.17115974,2026,3,16
260011843,Property Damage Crash,03/18/2026 04:19:00 PM,WOODFIELD RD,NA,Front to Rear,Clear,Dry,Daylight,No Controls,NONE DETECTED,No,No Apparent Injury,Followed Too Closely,Unknown,MD,Pickup,Moving Constant Speed,40,No,2003,CHEVROLET,SILVERADO,39.21157401,-77.17115974,2026,3,16
260011834,Injury Crash,03/18/2026 04:04:00 PM,COLESVILLE RD (SB/L),NA,Angle,Clear,Dry,Daylight,No Controls,NONE DETECTED,Yes,No Apparent Injury,NA,Not Distracted,MD,Passenger Car,Moving Constant Speed,40,No,2022,HYUNDAI,PALISADE,39.0245625,-77.01120917,2026,3,16
260011834,Injury Crash,03/18/2026 04:04:00 PM,COLESVILLE RD (SB/L),NA,Angle,Clear,Dry,Daylight,No Controls,NONE DETECTED,No,Possible Minor Injury,NA,Not Distracted,MD,Passenger Car,Moving Constant Speed,40,No,2007,HYUNDAI,SANTA FE,39.0245625,-77.01120917,2026,3,16
260011839,Property Damage Crash,03/18/2026 04:03:00 PM,NEW HAMPSHIRE AVE (SB/L),NA,"Sideswipe, Same Direction",Clear,Dry,Daylight,Traffic Control Signal,NONE DETECTED,Yes,No Apparent Injury,NA,"Other Action (looking away from task, etc.)",MD,Passenger Car,Accelerating,40,No,2010,INFINITI,G37,39.03042893,-76.98391234,2026,3,16
260011839,Property Damage Crash,03/18/2026 04:03:00 PM,NEW HAMPSHIRE AVE (SB/L),NA,"Sideswipe, Same Direction",Clear,Dry,Daylight,Traffic Control Signal,NONE DETECTED,No,No Apparent Injury,NA,Not Distracted,MD,Passenger Car,Moving Constant Speed,40,No,2012,HONDA,CR-V,39.03042893,-76.98391234,2026,3,16
260011839,Property Damage Crash,03/18/2026 04:03:00 PM,NEW HAMPSHIRE AVE (SB/L),NA,"Sideswipe, Same Direction",Clear,Dry,Daylight,Traffic Control Signal,NONE DETECTED,No,No Apparent Injury,NA,Not Distracted,MD,Passenger Car,Stopped in Traffic,40,No,2024,TOYOTA,COROLLA,39.03042893,-76.98391234,2026,3,16
260011827,Injury Crash,03/18/2026 03:57:00 PM,NA,Pedestrian,Single Vehicle,Clear,NA,Daylight,NA,NONE DETECTED,No,No Apparent Injury,NA,Not Distracted,MD,Sport Utility Vehicle,Turning Left,0,No,2025,MERCEDES-BENZ,GLC-CLASS,39.08002656,-77.07902245,2026,3,15
260011802,Property Damage Crash,03/18/2026 02:00:00 PM,CLARKSBURG RD,NA,Front to Front,Clear,Dry,Daylight,Traffic Control Signal,NONE DETECTED,Yes,No Apparent Injury,Failed to Yield Right-of-Way,Not Distracted,MD,Passenger Car,Turning Left,30,No,2009,HONDA,ODYSSEY,39.1844985,-77.3125299,2026,3,14
260011802,Property Damage Crash,03/18/2026 02:00:00 PM,CLARKSBURG RD,NA,Front to Front,Clear,Dry,Daylight,Traffic Control Signal,NONE DETECTED,Yes,No Apparent Injury,Other Improper Action,Not Distracted,MD,Passenger Car,Moving Constant Speed,30,No,2025,DODGE,DURANGO,39.1844985,-77.3125299,2026,3,14
260011807,Property Damage Crash,03/18/2026 01:53:00 PM,GEORGIA AVE,NA,"Sideswipe, Same Direction",Clear,Dry,Daylight,No Controls,NONE DETECTED,No,NA,Failed to Yield Right-of-Way,NA,NA,Van - Cargo,Changing Lanes,35,No,2020,CHEVROLET,EXPRESS,39.01202575,-77.04146844,2026,3,13
260011807,Property Damage Crash,03/18/2026 01:53:00 PM,GEORGIA AVE,NA,"Sideswipe, Same Direction",Clear,Dry,Daylight,No Controls,NONE DETECTED,No,No Apparent Injury,NA,Not Distracted,MD,Sport Utility Vehicle,Moving Constant Speed,35,No,2018,MAZDA,CX-9,39.01202575,-77.04146844,2026,3,13
260011804,Property Damage Crash,03/18/2026 01:40:00 PM,NA,NA,Rear To Rear,Clear,NA,Daylight,NA,NONE DETECTED,Yes,No Apparent Injury,Improper Backing,Not Distracted,MD,Passenger Car,Backing,0,No,2020,TOYOTA,CAMRY,39.0657965,-77.1594835,2026,3,13
260011804,Property Damage Crash,03/18/2026 01:40:00 PM,NA,NA,Rear To Rear,Clear,NA,Daylight,NA,NONE DETECTED,No,No Apparent Injury,NA,Not Distracted,MD,Sport Utility Vehicle,Stopped in Traffic,0,No,2021,FORD,EXPLORER,39.0657965,-77.1594835,2026,3,13
260011761,Injury Crash,03/18/2026 01:00:00 PM,CHOKE CHERRY RD,Cyclist (Electric),Single Vehicle,Clear,Dry,Daylight,Stop Sign,NONE DETECTED,Yes,No Apparent Injury,NA,Not Distracted,MD,Passenger Car,Turning Right,25,No,2016,KIA,OPTIMA,39.11396464,-77.18479989,2026,3,13
260011750,Property Damage Crash,03/18/2026 12:00:00 PM,BLAIR MILL RD,NA,"Sideswipe, Same Direction",Clear,Dry,Daylight,No Controls,NONE DETECTED,No,No Apparent Injury,Failed to Keep in Proper Lane,Not Distracted,MD,Bus - Transit,Moving Constant Speed,25,No,2014,GILLIG,CITY TRANSIT BUS,38.9900494,-77.03061618,2026,3,12
260011742,Injury Crash,03/18/2026 11:01:00 AM,SHADY GROVE RD,NA,Angle,Clear,Dry,Daylight,Traffic Control Signal,NONE DETECTED,Yes,Possible Minor Injury,Failed to Yield Right-of-Way,Not Distracted,MD,Van - Passenger (&lt;9 Seats),Turning Left,40,No,2019,TOYOTA,SIENNA,39.107505,-77.18929,2026,3,11
260011742,Injury Crash,03/18/2026 11:01:00 AM,SHADY GROVE RD,NA,Angle,Clear,Dry,Daylight,Traffic Control Signal,NONE DETECTED,No,Possible Minor Injury,NA,Not Distracted,MD,Passenger Car,Moving Constant Speed,40,No,2013,ACURA,ILX,39.107505,-77.18929,2026,3,11
260011742,Injury Crash,03/18/2026 11:01:00 AM,SHADY GROVE RD,NA,Angle,Clear,Dry,Daylight,Traffic Control Signal,NONE DETECTED,No,Possible Minor Injury,NA,Not Distracted,MD,Sport Utility Vehicle,Stopped in Traffic,40,No,2021,FORD,EXPLORER,39.107505,-77.18929,2026,3,11
260011734,Injury Crash,03/18/2026 10:05:00 AM,HIGHVIEW DR,NA,"Sideswipe, Opposite Direction",Clear,Dry,Daylight,No Controls,NONE DETECTED,Yes,Possible Minor Injury,NA,Not Distracted,MD,Passenger Car,Moving Constant Speed,25,No,2010,HONDA,ACCORD,39.0496642,-77.08001928,2026,3,10
260011732,Injury Crash,03/18/2026 09:44:00 AM,RANDOLPH RD,NA,Front to Rear,Cloudy,Dry,Daylight,Flashing Railroad Crossing Signal (may include gates),NONE DETECTED,Yes,No Apparent Injury,NA,Not Distracted,MD,Other Trucks,Moving Constant Speed,30,No,2026,PETERBILT,589,39.05349976,-77.10928051,2026,3,9
260011732,Injury Crash,03/18/2026 09:44:00 AM,RANDOLPH RD,NA,Front to Rear,Cloudy,Dry,Daylight,Flashing Railroad Crossing Signal (may include gates),NONE DETECTED,No,Possible Minor Injury,NA,Not Distracted,MD,Passenger Car,Slowing or Stopping,30,No,2019,CHEVROLET,IMPALA,39.05349976,-77.10928051,2026,3,9
260011726,Injury Crash,03/18/2026 09:24:00 AM,HEWITT AVE,NA,Angle,Clear,Dry,Daylight,No Controls,NONE DETECTED,Yes,Possible Minor Injury,"Failed to Keep in Proper Lane, Failed to Yield Right-of-Way, Too Fast For Conditions",Unknown,MD,Passenger Car,Accelerating,15,No,2012,HYUNDAI,SONATA,39.07987664,-77.06368024,2026,3,9
260011726,Injury Crash,03/18/2026 09:24:00 AM,HEWITT AVE,NA,Angle,Clear,Dry,Daylight,No Controls,NONE DETECTED,No,Possible Minor Injury,NA,Not Distracted,MD,Passenger Car,Moving Constant Speed,30,No,2013,HONDA,RIDGELINE,39.07987664,-77.06368024,2026,3,9
260011744,Property Damage Crash,03/18/2026 09:15:00 AM,CATAWBA MANOR WAY,NA,Single Vehicle,Cloudy,Dry,Daylight,No Controls,NONE DETECTED,Yes,No Apparent Injury,Wrong Side,Unknown,MD,Passenger Car,Moving Constant Speed,25,No,2015,CHEVROLET,SONIC,39.24546477,-77.27970049,2026,3,9
260011721,Property Damage Crash,03/18/2026 08:44:00 AM,SMITH VILLAGE RD,NA,Angle,Clear,Dry,Daylight,Other,NONE DETECTED,Yes,No Apparent Injury,"Disregarded Other Traffic Sign, Failed to Yield Right-of-Way, Improper Turn, Other Improper Action",Not Distracted,MD,Passenger Car,Turning Left,25,No,2017,JEEP,CHEROKEE,39.07030685,-76.98769563,2026,3,8
260011721,Property Damage Crash,03/18/2026 08:44:00 AM,SMITH VILLAGE RD,NA,Angle,Clear,Dry,Daylight,No Controls,NONE DETECTED,No,No Apparent Injury,NA,Not Distracted,MD,Passenger Car,Moving Constant Speed,40,No,2022,HONDA,CIVIC,39.07030685,-76.98769563,2026,3,8
260011720,Injury Crash,03/18/2026 08:30:00 AM,CALVERTON BLVD,NA,Front to Rear,Clear,Dry,Daylight,No Controls,NONE DETECTED,No,Possible Minor Injury,NA,Not Distracted,MD,Passenger Car,Slowing or Stopping,40,No,2025,HYUNDAI,TUCSON,39.05617761,-76.95443229,2026,3,8
260011720,Injury Crash,03/18/2026 08:30:00 AM,CALVERTON BLVD,NA,Front to Rear,Clear,Dry,Daylight,No Controls,NONE DETECTED,No,NA,NA,NA,NA,NA,Slowing or Stopping,40,No,0,NA,NA,39.05617761,-76.95443229,2026,3,8
260011714,Property Damage Crash,03/18/2026 07:25:00 AM,COLUMBIA PIKE (SB/L),NA,Angle,Clear,Dry,Medium,Traffic Control Signal,NONE DETECTED,No,No Apparent Injury,NA,Not Distracted,MD,Passenger Car,Moving Constant Speed,25,No,2024,NISSAN,ALTIMA,39.06782191,-76.95950313,2026,3,7
260011714,Property Damage Crash,03/18/2026 07:25:00 AM,COLUMBIA PIKE (SB/L),NA,Angle,Clear,Dry,Medium,Traffic Control Signal,NONE DETECTED,Yes,No Apparent Injury,"Failed to Keep in Proper Lane, Failed to Yield Right-of-Way, Improper Turn, Other Improper Action",Not Distracted,MD,Passenger Car,Turning Left,25,No,2008,HONDA,ACCORD,39.06782191,-76.95950313,2026,3,7
260011709,Injury Crash,03/18/2026 05:45:00 AM,CABIN JOHN PKWY (SB/L),NA,Front to Rear,Clear,Dry,Dark,No Controls,NONE DETECTED,Yes,Possible Minor Injury,Followed Too Closely,Not Distracted,MD,Sport Utility Vehicle,Slowing or Stopping,55,No,2012,TOYOTA,4-RUNNER,38.98027812,-77.15456965,2026,3,5
260011709,Injury Crash,03/18/2026 05:45:00 AM,CABIN JOHN PKWY (SB/L),NA,Front to Rear,Clear,Dry,Dark,No Controls,NONE DETECTED,No,Possible Minor Injury,NA,Not Distracted,MD,Pickup,Slowing or Stopping,55,No,2016,FORD,F-150,38.98027812,-77.15456965,2026,3,5
260011709,Injury Crash,03/18/2026 05:45:00 AM,CABIN JOHN PKWY (SB/L),NA,Front to Rear,Clear,Dry,Dark,No Controls,NONE DETECTED,No,Possible Minor Injury,NA,Not Distracted,MD,Sport Utility Vehicle,Slowing or Stopping,55,No,2021,JEEP,CHEROKEE,38.98027812,-77.15456965,2026,3,5
260011708,Property Damage Crash,03/18/2026 05:25:00 AM,DEMOCRACY BLVD (EB/L),NA,"Sideswipe, Opposite Direction",Clear,Dry,Medium,Flashing Traffic Control Signal,NONE DETECTED,No,No Apparent Injury,NA,Not Distracted,VA,Sport Utility Vehicle,Accelerating,35,No,2018,FORD,EXPLORER,39.023196,-77.162221829999993,2026,3,5
260011708,Property Damage Crash,03/18/2026 05:25:00 AM,DEMOCRACY BLVD (EB/L),NA,"Sideswipe, Opposite Direction",Clear,Dry,Medium,Flashing Traffic Control Signal,NONE DETECTED,No,NA,NA,NA,NA,NA,Moving Constant Speed,35,No,0,NA,NA,39.023196,-77.162221829999993,2026,3,5
260011703,Injury Crash,03/18/2026 04:44:00 AM,RIDGE RD,NA,Other,Clear,Dry,Medium,Flashing Traffic Control Signal,NONE DETECTED,Yes,Possible Minor Injury,"Disregarded Other Traffic Sign, Failed to Yield Right-of-Way",Not Distracted,MD,Passenger Car,Moving Constant Speed,40,No,2017,CHEVROLET,CRUZE,39.20454483,-77.24588157,2026,3,4
260011703,Injury Crash,03/18/2026 04:44:00 AM,RIDGE RD,NA,Other,Clear,Dry,Medium,Flashing Traffic Control Signal,NONE DETECTED,No,Possible Minor Injury,NA,Not Distracted,MD,Pickup,Accelerating,40,No,2002,TOYOTA,TACOMA,39.20454483,-77.24588157,2026,3,4
260011695,Property Damage Crash,03/18/2026 02:01:00 AM,REDLAND BLVD,NA,Front to Rear,Clear,Dry,Medium,Flashing Traffic Control Signal,NONE DETECTED,No,No Apparent Injury,NA,Not Distracted,MD,Passenger Car,Slowing or Stopping,35,No,2012,HONDA,CIVIC,39.11562442,-77.16637646,2026,3,2
260011695,Property Damage Crash,03/18/2026 02:01:00 AM,REDLAND BLVD,NA,Front to Rear,Clear,Dry,Medium,Flashing Traffic Control Signal,NONE DETECTED,Yes,No Apparent Injury,NA,Not Distracted,MD,Passenger Car,Slowing or Stopping,35,No,2017,MITSUBISHI,MIRAGE G4,39.11562442,-77.16637646,2026,3,2
260011694,Property Damage Crash,03/18/2026 01:10:00 AM,NA,NA,Single Vehicle,Clear,Dry,Medium,No Controls,NONE DETECTED,Yes,No Apparent Injury,"Operated Motor Vehicle in Inattentive, Careless, Negligent, or Erratic Manner, Ran Off Roadway",Not Distracted,NJ,Sport Utility Vehicle,Negotiating a Curve,25,No,2017,ACURA,RDX,39.04359155,-77.11672871,2026,3,1
260011689,Injury Crash,03/17/2026 10:32:00 PM,E RANDOLPH RD,NA,Other,Clear,Dry,Medium,Traffic Control Signal,NONE DETECTED,No,No Apparent Injury,NA,Not Distracted,MD,Passenger Car,Turning Left,40,No,2014,TOYOTA,COROLLA,39.0627075,-76.96308417,2026,3,22
260011689,Injury Crash,03/17/2026 10:32:00 PM,E RANDOLPH RD,NA,Other,Clear,Dry,Medium,Traffic Control Signal,NONE DETECTED,No,Possible Minor Injury,NA,Not Distracted,MD,Passenger Car,Moving Constant Speed,40,No,2015,HONDA,ACCORD,39.0627075,-76.96308417,2026,3,22
260011686,Property Damage Crash,03/17/2026 10:04:00 PM,GEORGIA AVE (SB/L),NA,"Sideswipe, Same Direction",Clear,Dry,Medium,Traffic Control Signal,NONE DETECTED,No,NA,NA,NA,NA,Passenger Car,Turning Right,35,No,2010,MERCEDES-BENZ,C-CLASS,38.99605263,-77.02805957,2026,3,22
260011686,Property Damage Crash,03/17/2026 10:04:00 PM,GEORGIA AVE (SB/L),NA,"Sideswipe, Same Direction",Clear,Dry,Medium,Traffic Control Signal,NONE DETECTED,No,No Apparent Injury,NA,Not Distracted,MD,Passenger Car,Turning Right,35,No,2012,HONDA,CIVIC,38.99605263,-77.02805957,2026,3,22
260011671,Property Damage Crash,03/17/2026 07:05:00 PM,RAMP 7 FR US 29 WB TO MD 650 SB,NA,"Sideswipe, Opposite Direction",Clear,Dry,Medium,Traffic Control Signal,NONE DETECTED,No,No Apparent Injury,Failed to Yield Right-of-Way,Unknown,MD,Passenger Car,Turning Left,40,No,1998,TOYOTA,CAMRY,39.04403672,-76.99213954,2026,3,19
260011671,Property Damage Crash,03/17/2026 07:05:00 PM,RAMP 7 FR US 29 WB TO MD 650 SB,NA,"Sideswipe, Opposite Direction",Clear,Dry,Medium,Traffic Control Signal,NONE DETECTED,No,No Apparent Injury,NA,Not Distracted,DC,Passenger Car,Moving Constant Speed,40,No,2011,TOYOTA,SIENNA,39.04403672,-76.99213954,2026,3,19