Local Case Number,ACRS Report Type,Crash Date/Time,Road Name,Related Non-Motorist,Collision Type,Weather,Surface Condition,Light,Traffic Control,Driver Substance Abuse,Driver At Fault,Injury Severity,Circumstance,Driver Distracted By,Drivers License State,Vehicle Body Type,Vehicle Movement,Speed Limit,Driverless Vehicle,Vehicle Year,Vehicle Make,Vehicle Model,Latitude,Longitude,Year,Month,Hour
260011669,Property Damage Crash,03/17/2026 07:03:00 PM,ZION RD,NA,Front to Front,Clear,Dry,Medium,No Controls,NONE DETECTED,No,No Apparent Injury,NA,Not Distracted,MD,Sport Utility Vehicle,Moving Constant Speed,30,No,2022,FORD,EDGE,39.21598,-77.08890667,2026,3,19
260011669,Property Damage Crash,03/17/2026 07:03:00 PM,ZION RD,NA,Front to Front,Clear,Dry,Medium,No Controls,NONE DETECTED,No,No Apparent Injury,NA,Not Distracted,MD,Passenger Car,Moving Constant Speed,30,No,2018,MAZDA,MAZDA3,39.21598,-77.08890667,2026,3,19
260011664,Injury Crash,03/17/2026 06:50:00 PM,SHADY GROVE RD,NA,Front to Rear,Clear,Dry,Medium,Traffic Control Signal,NONE DETECTED,No,Possible Minor Injury,NA,Not Distracted,MD,Passenger Car,Stopped in Traffic,40,No,2013,HONDA,FIT,39.09302923,-77.19623454,2026,3,18
260011664,Injury Crash,03/17/2026 06:50:00 PM,SHADY GROVE RD,NA,Front to Rear,Clear,Dry,Medium,Traffic Control Signal,NONE DETECTED,Yes,No Apparent Injury,NA,"Other Action (looking away from task, etc.)",MD,Sport Utility Vehicle,Accelerating,40,No,2017,JEEP,CHEROKEE,39.09302923,-77.19623454,2026,3,18
260011663,Property Damage Crash,03/17/2026 06:46:00 PM,ROCKVILLE PIKE,NA,Front to Rear,Clear,Dry,Daylight,Traffic Control Signal,NONE DETECTED,No,No Apparent Injury,NA,Not Distracted,MD,Bus - Transit,Stopped in Traffic,45,No,2016,GILLIG,CITY TRANSIT BUS,39.05655484,-77.11927173,2026,3,18
260011663,Property Damage Crash,03/17/2026 06:46:00 PM,ROCKVILLE PIKE,NA,Front to Rear,Clear,Dry,Daylight,Traffic Control Signal,NONE DETECTED,Yes,No Apparent Injury,"Followed Too Closely, Operated Motor Vehicle in Inattentive, Careless, Negligent, or Erratic Manner, Other Improper Action, Over-Correcting/Over-Steering",Unknown,MD,Sport Utility Vehicle,Moving Constant Speed,45,No,2010,ACURA,MDX,39.05655484,-77.11927173,2026,3,18
260011658,Injury Crash,03/17/2026 06:00:00 PM,COLESVILLE RD,Pedestrian,Single Vehicle,Clear,Dry,Daylight,Traffic Control Signal,NONE DETECTED,Yes,No Apparent Injury,NA,Unknown,DC,Passenger Car,Accelerating,35,No,2011,DODGE,CHARGER,38.99767357,-77.02704862,2026,3,18
260011653,Property Damage Crash,03/17/2026 05:32:00 PM,NA,NA,"Sideswipe, Same Direction",Clear,Dry,Daylight,Traffic Control Signal,NONE DETECTED,Yes,No Apparent Injury,NA,Not Distracted,MD,Bus - Transit,Moving Constant Speed,50,No,2017,GILLIG,LOW FLOOR BUS,39.1601768,-77.20177569,2026,3,17
260011653,Property Damage Crash,03/17/2026 05:32:00 PM,NA,NA,"Sideswipe, Same Direction",Clear,Dry,Daylight,Traffic Control Signal,NONE DETECTED,Yes,No Apparent Injury,NA,Not Distracted,MD,Passenger Car,Moving Constant Speed,50,No,2019,HYUNDAI,TUCSON,39.1601768,-77.20177569,2026,3,17
260011652,Property Damage Crash,03/17/2026 05:17:00 PM,ROCKVILLE PIKE (SB/L),NA,Angle,Clear,Dry,Daylight,Traffic Control Signal,NONE DETECTED,No,No Apparent Injury,NA,Not Distracted,MD,Bus - Transit,Moving Constant Speed,35,No,2017,GILLIG,LOW FLOOR BUS,39.01427183,-77.09964733,2026,3,17
260011652,Property Damage Crash,03/17/2026 05:17:00 PM,ROCKVILLE PIKE (SB/L),NA,Angle,Clear,Dry,Daylight,Traffic Control Signal,NONE DETECTED,Yes,No Apparent Injury,Failed to Yield Right-of-Way,Not Distracted,DE,Passenger Car,Changing Lanes,35,No,2017,HYUNDAI,TUCSON,39.01427183,-77.09964733,2026,3,17
260011649,Property Damage Crash,03/17/2026 04:40:00 PM,OLD GEORGETOWN RD (SB/L),NA,Front to Rear,Clear,Dry,Daylight,No Controls,NONE DETECTED,Yes,No Apparent Injury,NA,Unknown,MD,Sport Utility Vehicle,Moving Constant Speed,35,No,2002,CHEVROLET,TAHOE,39.04688023,-77.11977344,2026,3,16
260011649,Property Damage Crash,03/17/2026 04:40:00 PM,OLD GEORGETOWN RD (SB/L),NA,Front to Rear,Clear,Dry,Daylight,No Controls,NONE DETECTED,No,No Apparent Injury,NA,Not Distracted,MD,Bus - School,Stopped in Traffic,35,No,2019,FREIGHTLINER,B2 BUS CHASSIS,39.04688023,-77.11977344,2026,3,16
260011643,Property Damage Crash,03/17/2026 04:26:00 PM,COLUMBIA PIKE,NA,Front to Rear,Cloudy,Dry,Daylight,Traffic Control Signal,NONE DETECTED,Yes,NA,NA,NA,NA,Passenger Car,Accelerating,50,No,2017,HYUNDAI,ELANTRA,39.0560311,-76.97132337,2026,3,16
260011643,Property Damage Crash,03/17/2026 04:26:00 PM,COLUMBIA PIKE,NA,Front to Rear,Cloudy,Dry,Daylight,Traffic Control Signal,NONE DETECTED,No,No Apparent Injury,NA,Not Distracted,MD,Passenger Car,Turning Right,50,No,2012,TOYOTA,PRIUS,39.0560311,-76.97132337,2026,3,16
260011643,Property Damage Crash,03/17/2026 04:26:00 PM,COLUMBIA PIKE,NA,Front to Rear,Cloudy,Dry,Daylight,Traffic Control Signal,NONE DETECTED,No,No Apparent Injury,NA,Not Distracted,MD,Passenger Car,Slowing or Stopping,50,No,2016,NISSAN,MAXIMA,39.0560311,-76.97132337,2026,3,16
260011639,Injury Crash,03/17/2026 04:16:00 PM,BRIGGS CHANEY RD (WB/L),NA,Front to Rear,Clear,Dry,Daylight,No Controls,NONE DETECTED,No,No Apparent Injury,NA,Not Distracted,VA,Passenger Car,Slowing or Stopping,35,No,2026,MINI,HARDTOP,39.08143643,-76.94645671,2026,3,16
260011639,Injury Crash,03/17/2026 04:16:00 PM,BRIGGS CHANEY RD (WB/L),NA,Front to Rear,Clear,Dry,Daylight,No Controls,NONE DETECTED,Yes,Possible Minor Injury,NA,Not Distracted,MD,Passenger Car,Changing Lanes,35,No,2020,TOYOTA,COROLLA,39.08143643,-76.94645671,2026,3,16
260011644,Property Damage Crash,03/17/2026 04:09:00 PM,RANDOLPH RD,NA,Single Vehicle,Cloudy,Dry,Daylight,Flashing Railroad Crossing Signal (may include gates),NONE DETECTED,Yes,No Apparent Injury,Other Improper Action,Not Distracted,MD,Van - Passenger (&lt;9 Seats),Stopped in Traffic,35,No,2017,GMC,SAVANA,39.05335403,-77.11010722,2026,3,16
260011621,Injury Crash,03/17/2026 03:01:00 PM,ROCKVILLE PIKE,NA,Front to Rear,Clear,Dry,Daylight,No Controls,NONE DETECTED,No,Possible Minor Injury,NA,Not Distracted,MD,Passenger Car,Stopped in Traffic,35,No,2019,TOYOTA,YARIS,39.00164317,-77.09712783,2026,3,15
260011621,Injury Crash,03/17/2026 03:01:00 PM,ROCKVILLE PIKE,NA,Front to Rear,Clear,Dry,Daylight,No Controls,NONE DETECTED,Yes,No Apparent Injury,NA,"Other Action (looking away from task, etc.)",MD,Passenger Car,Slowing or Stopping,35,No,2018,FORD,TAURUS,39.00164317,-77.09712783,2026,3,15
260011603,Property Damage Crash,03/17/2026 01:42:00 PM,BROSCHART RD (SB/L),NA,Single Vehicle,Clear,Dry,Daylight,No Controls,NONE DETECTED,Yes,No Apparent Injury,"Failed to Keep in Proper Lane, Swerved or Avoided Due to Wind, Slippery Surface, Motor Vehicle, Object, Non-Motorist in Roadway, etc",Not Distracted,MD,Passenger Car,Slowing or Stopping,30,No,2015,MITSUBISHI,MIRAGE,39.10173397,-77.20036806,2026,3,13
260011610,Property Damage Crash,03/17/2026 01:35:00 PM,NA,NA,Angle,Clear,Dry,Daylight,Traffic Control Signal,NONE DETECTED,No,No Apparent Injury,NA,Not Distracted,MD,Passenger Car,Moving Constant Speed,25,No,2025,TOYOTA,RAV4,38.97713853,-77.09036879,2026,3,13
260011610,Property Damage Crash,03/17/2026 01:35:00 PM,NA,NA,Angle,Clear,Dry,Daylight,Yield Sign,NONE DETECTED,Yes,No Apparent Injury,"Disregarded Other Traffic Sign, Failed to Yield Right-of-Way",Not Distracted,NA,Passenger Car,Entering Traffic Lane,25,No,2018,TOYOTA,YARIS IA,38.97713853,-77.09036879,2026,3,13
260011601,Property Damage Crash,03/17/2026 01:31:00 PM,RAYMOND ST,NA,"Sideswipe, Opposite Direction",Cloudy,Dry,Daylight,No Controls,NONE DETECTED,Yes,No Apparent Injury,NA,Unknown,MD,Single-Unit Truck,Moving Constant Speed,20,No,2017,ISUZU,NPR/NPR-HD,38.97786289,-77.07625862,2026,3,13
260011598,Property Damage Crash,03/17/2026 12:55:00 PM,GEORGIA AVE,NA,Single Vehicle,Clear,Dry,Daylight,No Controls,NONE DETECTED,Yes,No Apparent Injury,NA,Not Distracted,NJ,Passenger Car,Slowing or Stopping,25,No,2024,KIA,FORTE,39.038199,-77.05054017,2026,3,12
260011607,Property Damage Crash,03/17/2026 12:15:00 PM,NA,NA,Rear To Side,Clear,NA,Daylight,NA,NONE DETECTED,No,NA,NA,NA,NA,Passenger Car,Backing,0,No,1998,JEEP,CHEROKEE,39.09275957,-77.1430405,2026,3,12
260011572,Property Damage Crash,03/17/2026 10:38:00 AM,E DIAMOND AVE,NA,Single Vehicle,Clear,Dry,Daylight,No Controls,NONE DETECTED,No,No Apparent Injury,NA,"Other Action (looking away from task, etc.)",MD,Passenger Car,Moving Constant Speed,30,No,2006,VOLKSWAGEN,JETTA,39.14204884,-77.18984067,2026,3,10
260011849,Property Damage Crash,03/17/2026 10:19:00 AM,NA,NA,Front to Rear,Clear,NA,Daylight,NA,NONE DETECTED,No,NA,NA,NA,NA,Station Wagon,Moving Constant Speed,0,No,0,NA,NA,39.02678419,-77.12498991,2026,3,10
26001153,Injury Crash,03/17/2026 08:20:00 AM,CENTERWAY RD (WB/L),NA,Front to Front,Clear,Dry,Daylight,Traffic Control Signal,NONE DETECTED,No,Possible Minor Injury,NA,Not Distracted,FL,Passenger Car,Accelerating,35,No,2018,HONDA,CR-V,39.17257017,-77.20145983,2026,3,8
26001153,Injury Crash,03/17/2026 08:20:00 AM,CENTERWAY RD (WB/L),NA,Front to Front,Clear,Dry,Daylight,Traffic Control Signal,NONE DETECTED,Yes,No Apparent Injury,NA,Not Distracted,MD,Passenger Car,Accelerating,35,No,2009,TOYOTA,COROLLA,39.17257017,-77.20145983,2026,3,8
260011549,Injury Crash,03/17/2026 07:09:00 AM,LOST KNIFE RD,NA,Single Vehicle,Clear,Dry,Daylight,Traffic Control Signal,NONE DETECTED,No,Possible Minor Injury,Ran Off Roadway,Not Distracted,MD,Passenger Car,Turning Left,35,No,2011,TOYOTA,CAMRY,39.15479109,-77.20106402,2026,3,7
260011548,Injury Crash,03/17/2026 07:05:00 AM,SHADY GROVE RD (SB/L),NA,Front to Rear,Clear,Dry,Daylight,No Controls,NONE DETECTED,No,Possible Minor Injury,NA,Not Distracted,MD,Passenger Car,Slowing or Stopping,40,No,2007,LEXUS,GX,39.12919333,-77.16612833,2026,3,7
260011548,Injury Crash,03/17/2026 07:05:00 AM,SHADY GROVE RD (SB/L),NA,Front to Rear,Clear,Dry,Daylight,No Controls,NONE DETECTED,Yes,No Apparent Injury,NA,Unknown,MD,Passenger Car,Moving Constant Speed,40,No,2020,TOYOTA,RAV4,39.12919333,-77.16612833,2026,3,7
260011547,Injury Crash,03/17/2026 07:02:00 AM,CONNECTICUT AVE (SB/L),Pedestrian,Single Vehicle,Clear,Dry,Medium,Pedestrian Crossing,NONE DETECTED,No,NA,NA,NA,NA,NA,Moving Constant Speed,35,No,0,NA,NA,39.09011905,-77.07140175,2026,3,7
260011546,Injury Crash,03/17/2026 06:48:00 AM,MILESTONE CENTER DR,NA,Single Vehicle,Clear,Dry,Medium,No Controls,NONE DETECTED,Yes,Possible Minor Injury,Ran Off Roadway,Unknown,OH,Passenger Car,Moving Constant Speed,25,No,2013,FORD,TAURUS,39.20251638,-77.2652017,2026,3,6
260011545,Injury Crash,03/17/2026 06:06:00 AM,NA,Pedestrian,Single Vehicle,Clear,NA,Medium,NA,NONE DETECTED,Yes,No Apparent Injury,NA,Not Distracted,MD,Passenger Car,Moving Constant Speed,0,No,2010,BMW,X5,39.03528715,-76.97804421,2026,3,6
260011543,Property Damage Crash,03/17/2026 05:42:00 AM,CARROLL AVE (SB/L),NA,Angle,Cloudy,Dry,Medium,No Controls,NONE DETECTED,No,NA,NA,NA,NA,NA,Moving Constant Speed,30,No,0,NA,NA,38.99647903,-76.99206212,2026,3,5
260011537,Property Damage Crash,03/17/2026 04:10:00 AM,W DIAMOND AVE,NA,Single Vehicle,Clear,Dry,Medium,Other,NONE DETECTED,No,No Apparent Injury,Ran Off Roadway,Unknown,MD,Passenger Car,Negotiating a Curve,35,No,2019,SUBARU,OUTBACK,39.14098067,-77.197208,2026,3,4
260011531,Property Damage Crash,03/16/2026 10:36:00 PM,BURNT MILLS AVE,NA,Single Vehicle,Rain,Wet,Dark,No Controls,NONE DETECTED,No,No Apparent Injury,NA,Not Distracted,MD,Passenger Car,Moving Constant Speed,25,No,2017,TOYOTA,CAMRY,39.03443386,-76.99307122,2026,3,22
260011524,Property Damage Crash,03/16/2026 09:04:00 PM,LONGMEAD CROSSING DR,NA,Single Vehicle,Rain,Wet,Medium,Other,NONE DETECTED,Yes,No Apparent Injury,Improper Turn,Not Distracted,MD,Sport Utility Vehicle,Turning Right,25,No,2021,TOYOTA,4-RUNNER,39.09564432,-77.04464107,2026,3,21
260011520,Property Damage Crash,03/16/2026 09:00:00 PM,NA,NA,Single Vehicle,Cloudy,NA,Dark,NA,NONE DETECTED,Yes,No Apparent Injury,NA,Not Distracted,MD,Passenger Car,Backing,0,No,2017,FORD,TAURUS,39.1658954,-77.27769068,2026,3,21
260011516,Injury Crash,03/16/2026 08:16:00 PM,MUDDY BRANCH RD,NA,Front to Rear,Rain,Wet,Medium,No Controls,NONE DETECTED,No,No Apparent Injury,NA,Not Distracted,MD,Passenger Car,Slowing or Stopping,35,No,2021,TOYOTA,HIGHLANDER,39.133618,-77.2059768,2026,3,20
260011516,Injury Crash,03/16/2026 08:16:00 PM,MUDDY BRANCH RD,NA,Front to Rear,Rain,Wet,Medium,No Controls,NONE DETECTED,Yes,Possible Minor Injury,NA,Not Distracted,MD,Passenger Car,Slowing or Stopping,35,No,2011,FORD,E-250,39.133618,-77.2059768,2026,3,20
260011516,Injury Crash,03/16/2026 08:16:00 PM,MUDDY BRANCH RD,NA,Front to Rear,Rain,Wet,Medium,No Controls,NONE DETECTED,No,Possible Minor Injury,NA,Not Distracted,MD,Passenger Car,Slowing or Stopping,35,No,2013,GMC,TERRAIN,39.133618,-77.2059768,2026,3,20
260011484,Property Damage Crash,03/16/2026 04:13:00 PM,NA,NA,Front to Rear,Cloudy,NA,Daylight,NA,NONE DETECTED,No,NA,NA,NA,NA,Passenger Car,Moving Constant Speed,0,No,2012,MAZDA,MAZDA3,39.05982271,-77.04689623,2026,3,16
260011484,Property Damage Crash,03/16/2026 04:13:00 PM,NA,NA,Front to Rear,Cloudy,NA,Daylight,NA,NONE DETECTED,No,No Apparent Injury,NA,Not Distracted,MD,Passenger Car,Moving Constant Speed,0,No,2012,VOLKSWAGEN,PASSAT,39.05982271,-77.04689623,2026,3,16
260011469,Property Damage Crash,03/16/2026 02:16:00 PM,FIRST ST (WB/L),NA,Front to Rear,Rain,Wet,Daylight,No Controls,NONE DETECTED,No,No Apparent Injury,NA,Not Distracted,MD,Passenger Car,Slowing or Stopping,40,No,2023,JEEP,WRANGLER,39.08570549,-77.13590682,2026,3,14
260011469,Property Damage Crash,03/16/2026 02:16:00 PM,FIRST ST (WB/L),NA,Front to Rear,Rain,Wet,Daylight,No Controls,NONE DETECTED,Yes,No Apparent Injury,NA,Not Distracted,MD,Passenger Car,Moving Constant Speed,40,No,2017,NISSAN,MAXIMA,39.08570549,-77.13590682,2026,3,14
260011458,Property Damage Crash,03/16/2026 01:23:00 PM,E DEER PARK DR,NA,Front to Rear,Rain,Wet,Daylight,No Controls,NONE DETECTED,No,No Apparent Injury,NA,Not Distracted,MD,Passenger Car,Stopped in Traffic,30,No,2008,MAZDA,MX-5,39.13730139,-77.17993119,2026,3,13
260011458,Property Damage Crash,03/16/2026 01:23:00 PM,E DEER PARK DR,NA,Front to Rear,Rain,Wet,Daylight,No Controls,NONE DETECTED,Yes,No Apparent Injury,Improper Backing,Not Distracted,MD,Passenger Car,Backing,30,No,2024,CHEVROLET,SILVERADO HD,39.13730139,-77.17993119,2026,3,13
260011448,Property Damage Crash,03/16/2026 12:22:00 PM,TECH RD,NA,Angle,Cloudy,Wet,Daylight,Traffic Control Signal,NONE DETECTED,Yes,No Apparent Injury,NA,Not Distracted,MD,Passenger Car,Turning Left,40,No,2018,TOYOTA,COROLLA,39.0578644,-76.96841161,2026,3,12
260011448,Property Damage Crash,03/16/2026 12:22:00 PM,TECH RD,NA,Angle,Cloudy,Wet,Daylight,Traffic Control Signal,NONE DETECTED,No,No Apparent Injury,NA,Not Distracted,DC,Passenger Car,Accelerating,40,No,2015,VOLKSWAGEN,PASSAT,39.0578644,-76.96841161,2026,3,12
260011445,Injury Crash,03/16/2026 12:10:00 PM,POOKS HILL RD,NA,Angle,Cloudy,Wet,Daylight,Traffic Control Signal,NONE DETECTED,Yes,Possible Minor Injury,Ran Red Light,Unknown,MD,Passenger Car,Moving Constant Speed,35,No,2022,VOLKSWAGEN,JETTA,39.01489617,-77.1001025,2026,3,12
260011445,Injury Crash,03/16/2026 12:10:00 PM,POOKS HILL RD,NA,Angle,Cloudy,Wet,Daylight,Traffic Control Signal,NONE DETECTED,No,No Apparent Injury,NA,Not Distracted,MD,Passenger Car,Turning Left,35,No,2015,HONDA,CIVIC,39.01489617,-77.1001025,2026,3,12
260011441,Property Damage Crash,03/16/2026 12:05:00 PM,WISCONSIN AVE (SB/L),NA,Front to Rear,Clear,Dry,Daylight,No Controls,NONE DETECTED,No,No Apparent Injury,NA,Unknown,MD,Sport Utility Vehicle,Slowing or Stopping,30,No,2023,HONDA,CR-V,38.97810617,-77.09133517,2026,3,12
260011441,Property Damage Crash,03/16/2026 12:05:00 PM,WISCONSIN AVE (SB/L),NA,Front to Rear,Clear,Dry,Daylight,No Controls,NONE DETECTED,No,No Apparent Injury,NA,NA,MD,Passenger Car,Slowing or Stopping,30,No,2018,FORD,C-MAX,38.97810617,-77.09133517,2026,3,12
260011437,Injury Crash,03/16/2026 11:31:00 AM,NA,NA,Single Vehicle,Cloudy,Wet,Daylight,No Controls,NONE DETECTED,Yes,Possible Minor Injury,"Failed to Keep in Proper Lane, Operated Motor Vehicle in Inattentive, Careless, Negligent, or Erratic Manner, Ran Off Roadway",Unknown,VA,Passenger Car,Moving Constant Speed,25,No,2025,TOYOTA,RAV4,38.97713445,-77.09006507,2026,3,11
260011433,Property Damage Crash,03/16/2026 11:02:00 AM,NEW HAMPSHIRE AVE,NA,Angle,Rain,Wet,Daylight,Other Signal,NONE DETECTED,No,NA,NA,NA,NA,Passenger Car,Moving Constant Speed,35,No,2010,NISSAN,ALTIMA,38.98778434,-76.98781667,2026,3,11
260011433,Property Damage Crash,03/16/2026 11:02:00 AM,NEW HAMPSHIRE AVE,NA,Angle,Rain,Wet,Daylight,Traffic Control Signal,NONE DETECTED,No,No Apparent Injury,NA,Not Distracted,MD,Passenger Car,Turning Left,35,No,2014,CHEVROLET,SPARK,38.98778434,-76.98781667,2026,3,11
260011424,Property Damage Crash,03/16/2026 10:15:00 AM,NA,NA,Other,Cloudy,NA,Daylight,NA,NONE DETECTED,Yes,No Apparent Injury,Improper Backing,Unknown,MD,Pickup,Backing,0,No,2023,FORD,F-550,39.18562557,-77.18245321,2026,3,10
260011493,Injury Crash,03/16/2026 10:00:00 AM,DEAN RD,Cyclist (non-electric),Single Vehicle,Clear,Dry,Daylight,No Controls,NONE DETECTED,Yes,No Apparent Injury,Failed to Yield Right-of-Way,Not Distracted,MD,Passenger Car,Entering Traffic Lane,35,No,2006,VOLVO,S60,39.06901326,-77.07544367,2026,3,10
260011418,Property Damage Crash,03/16/2026 09:34:00 AM,NA,NA,Single Vehicle,Clear,NA,Daylight,NA,NONE DETECTED,Yes,No Apparent Injury,NA,Not Distracted,MD,Passenger Car,Moving Constant Speed,0,No,2016,LEXUS,RX,39.05212534,-76.97279014,2026,3,9
260011408,Injury Crash,03/16/2026 08:06:00 AM,MATENY RD,NA,Angle,Cloudy,Wet,Daylight,No Controls,NONE DETECTED,No,Possible Minor Injury,NA,Not Distracted,MD,Passenger Car,Moving Constant Speed,25,No,2021,MAZDA,CX-30,39.157954,-77.2663425,2026,3,8
260011408,Injury Crash,03/16/2026 08:06:00 AM,MATENY RD,NA,Angle,Cloudy,Wet,Daylight,Stop Sign,NONE DETECTED,Yes,No Apparent Injury,Failed to Yield Right-of-Way,Not Distracted,MD,Passenger Car,Turning Left,25,No,2007,LEXUS,RX,39.157954,-77.2663425,2026,3,8
260011405,Injury Crash,03/16/2026 07:05:00 AM,NA,NA,Angle,Cloudy,Wet,Daylight,Traffic Control Signal,NONE DETECTED,No,Possible Minor Injury,NA,Unknown,MD,Passenger Car,Turning Left,35,No,2025,HONDA,CIVIC,39.1152069,-77.21571026,2026,3,7
260011405,Injury Crash,03/16/2026 07:05:00 AM,NA,NA,Angle,Cloudy,Wet,Daylight,Traffic Control Signal,NONE DETECTED,No,Possible Minor Injury,NA,Unknown,MD,Passenger Car,Moving Constant Speed,35,No,2016,TOYOTA,CAMRY,39.1152069,-77.21571026,2026,3,7
260011398,Property Damage Crash,03/16/2026 04:44:00 AM,RUPPERT RD,NA,"Sideswipe, Same Direction",Rain,Wet,Medium,No Controls,NONE DETECTED,No,No Apparent Injury,NA,Not Distracted,MD,Sport Utility Vehicle,Moving Constant Speed,35,No,2024,HONDA,CR-V,39.03206732,-76.9848396,2026,3,4
260011398,Property Damage Crash,03/16/2026 04:44:00 AM,RUPPERT RD,NA,"Sideswipe, Same Direction",Rain,Wet,Medium,No Controls,NONE DETECTED,No,NA,NA,NA,NA,NA,Changing Lanes,35,No,0,NA,NA,39.03206732,-76.9848396,2026,3,4
260011382,Property Damage Crash,03/15/2026 09:18:00 PM,NA,NA,Single Vehicle,Clear,NA,Medium,NA,NONE DETECTED,No,No Apparent Injury,"Improper Backing, Other Improper Action",Not Distracted,MD,Passenger Car,Backing,0,No,2008,NISSAN,SENTRA,39.12245235,-77.14811847,2026,3,21
260011383,Property Damage Crash,03/15/2026 09:00:00 PM,GEORGIA AVE,NA,Front to Rear,Clear,Dry,Medium,Traffic Control Signal,NONE DETECTED,No,No Apparent Injury,NA,Not Distracted,MD,Passenger Car,Slowing or Stopping,40,No,2005,TOYOTA,COROLLA,39.057358,-77.04984583,2026,3,21
260011383,Property Damage Crash,03/15/2026 09:00:00 PM,GEORGIA AVE,NA,Front to Rear,Clear,Dry,Medium,Traffic Control Signal,ALCOHOL PRESENT,No,No Apparent Injury,NA,Talking/listening,MD,Passenger Car,Slowing or Stopping,35,No,2011,INFINITI,G37,39.057358,-77.04984583,2026,3,21
260011338,Property Damage Crash,03/15/2026 04:05:00 PM,GEORGIA AVE,NA,Angle,Clear,Dry,Daylight,No Controls,NONE DETECTED,Yes,No Apparent Injury,NA,Unknown,MD,Station Wagon,Turning Left,40,No,2017,SUBARU,FORESTER,39.154641,-77.06684667,2026,3,16
260011338,Property Damage Crash,03/15/2026 04:05:00 PM,GEORGIA AVE,NA,Angle,Clear,Dry,Daylight,No Controls,NONE DETECTED,No,No Apparent Injury,NA,Not Distracted,MD,Passenger Car,Moving Constant Speed,40,No,2013,FORD,FUSION,39.154641,-77.06684667,2026,3,16
260011334,Property Damage Crash,03/15/2026 03:19:00 PM,MIDCOUNTY HWY (SB/L),NA,Front to Rear,Clear,Dry,Daylight,Traffic Control Signal,NONE DETECTED,No,No Apparent Injury,NA,Not Distracted,MD,Passenger Car,Slowing or Stopping,50,No,2007,CHEVROLET,MALIBU,39.15793628,-77.19178042,2026,3,15
260011334,Property Damage Crash,03/15/2026 03:19:00 PM,MIDCOUNTY HWY (SB/L),NA,Front to Rear,Clear,Dry,Daylight,Traffic Control Signal,NONE DETECTED,No,NA,NA,Unknown,NA,Passenger Car,Slowing or Stopping,50,No,2008,CHEVROLET,AVEO,39.15793628,-77.19178042,2026,3,15
260011331,Property Damage Crash,03/15/2026 03:07:00 PM,RANDOLPH RD,NA,"Sideswipe, Same Direction",Cloudy,Dry,Daylight,No Controls,NONE DETECTED,No,No Apparent Injury,NA,Not Distracted,MD,Passenger Car,Moving Constant Speed,35,No,2014,HONDA,CIVIC,39.07568487,-77.0024424,2026,3,15
260011331,Property Damage Crash,03/15/2026 03:07:00 PM,RANDOLPH RD,NA,"Sideswipe, Same Direction",Cloudy,Dry,Daylight,Traffic Control Signal,NONE DETECTED,No,NA,NA,NA,NA,Passenger Car,Moving Constant Speed,35,No,2013,NISSAN,ALTIMA,39.07568487,-77.0024424,2026,3,15
260011318,Property Damage Crash,03/15/2026 02:24:00 PM,VEIRS MILL RD (WB/L),NA,Rear To Side,Clear,Dry,Daylight,No Controls,NONE DETECTED,No,No Apparent Injury,NA,Not Distracted,MD,Passenger Car,Moving Constant Speed,35,No,2010,HONDA,ACCORD,39.07555156,-77.1171686,2026,3,14
260011318,Property Damage Crash,03/15/2026 02:24:00 PM,VEIRS MILL RD (WB/L),NA,Rear To Side,Clear,Dry,Daylight,No Controls,NONE DETECTED,Yes,No Apparent Injury,NA,Not Distracted,MD,Passenger Car,Moving Constant Speed,35,No,2017,HONDA,FIT,39.07555156,-77.1171686,2026,3,14
260011309,Injury Crash,03/15/2026 01:09:00 PM,ROCKVILLE PIKE,NA,Front to Rear,Cloudy,Dry,Daylight,Traffic Control Signal,NONE DETECTED,No,Possible Minor Injury,NA,Not Distracted,MD,Passenger Car,Entering Traffic Lane,35,No,2004,MINI,COOPER,39.03513743,-77.10688385,2026,3,13