Local Case Number,ACRS Report Type,Crash Date/Time,Road Name,Related Non-Motorist,Collision Type,Weather,Surface Condition,Light,Traffic Control,Driver Substance Abuse,Driver At Fault,Injury Severity,Circumstance,Driver Distracted By,Drivers License State,Vehicle Body Type,Vehicle Movement,Speed Limit,Driverless Vehicle,Vehicle Year,Vehicle Make,Vehicle Model,Latitude,Longitude,Year,Month,Hour
260011309,Injury Crash,03/15/2026 01:09:00 PM,ROCKVILLE PIKE,NA,Front to Rear,Cloudy,Dry,Daylight,Traffic Control Signal,NONE DETECTED,Yes,No Apparent Injury,NA,Not Distracted,MD,Passenger Car,Entering Traffic Lane,35,No,2010,FORD,FOCUS,39.03513743,-77.10688385,2026,3,13
260011304,Injury Crash,03/15/2026 12:40:00 PM,GEORGIA AVE,NA,Angle,Clear,Dry,Daylight,No Controls,NONE DETECTED,No,No Apparent Injury,NA,Not Distracted,MD,Sport Utility Vehicle,Moving Constant Speed,30,No,2010,CHEVROLET,TAHOE,39.02613283,-77.04631217,2026,3,12
260011304,Injury Crash,03/15/2026 12:40:00 PM,GEORGIA AVE,NA,Angle,Clear,Dry,Daylight,No Controls,NONE DETECTED,Yes,No Apparent Injury,NA,Not Distracted,TX,Passenger Car,Changing Lanes,30,No,2021,HONDA,ACCORD,39.02613283,-77.04631217,2026,3,12
260011335,Property Damage Crash,03/15/2026 12:20:00 PM,NA,NA,Unknown,Clear,NA,Daylight,NA,NONE DETECTED,No,NA,NA,NA,NA,Unknown,NA,0,No,2023,ACURA,MDX,39.01835985,-77.21103505,2026,3,12
260011289,Injury Crash,03/15/2026 08:18:00 AM,MATENY RD,NA,Front to Rear,Clear,NA,Daylight,No Controls,NONE DETECTED,No,Possible Minor Injury,NA,Not Distracted,MD,Passenger Car,Turning Right,45,No,2013,FORD,EDGE,39.15655224,-77.26660404,2026,3,8
260011289,Injury Crash,03/15/2026 08:18:00 AM,MATENY RD,NA,Front to Rear,Clear,NA,Daylight,No Controls,NONE DETECTED,Yes,No Apparent Injury,Followed Too Closely,Not Distracted,MD,Passenger Car,Moving Constant Speed,45,No,2019,TOYOTA,HIGHLANDER,39.15655224,-77.26660404,2026,3,8
260011272,Property Damage Crash,03/15/2026 02:26:00 AM,WIGHTMAN RD,NA,Front to Front,Clear,Dry,Dark,No Controls,NONE DETECTED,No,No Apparent Injury,NA,NA,NA,Passenger Car,Negotiating a Curve,35,Unknown,2012,CHEVROLET,CRUZE,39.19932861,-77.20304716,2026,3,2
260011272,Property Damage Crash,03/15/2026 02:26:00 AM,WIGHTMAN RD,NA,Front to Front,Clear,Dry,Dark,No Controls,NONE DETECTED,Yes,No Apparent Injury,NA,Unknown,MD,Passenger Car,Negotiating a Curve,35,No,2021,TOYOTA,4-RUNNER,39.19932861,-77.20304716,2026,3,2
260011274,Fatal Crash,03/15/2026 01:27:00 AM,WOODFIELD RD,NA,Front to Front,Clear,Dry,Dark,No Controls,NONE DETECTED,No,Suspected Serious Injury,NA,Unknown,MD,Sport Utility Vehicle,Moving Constant Speed,50,No,2017,JEEP,GRAND CHEROKEE,39.21312743,-77.17209888,2026,3,1
260011274,Fatal Crash,03/15/2026 01:27:00 AM,WOODFIELD RD,NA,Front to Front,Clear,Dry,Dark,No Controls,NONE DETECTED,No,Fatal Injury,Wrong Side,Unknown,MD,Pickup,Moving Constant Speed,50,No,2012,FORD,F-150,39.21312743,-77.17209888,2026,3,1
260011747,Property Damage Crash,03/15/2026 12:34:00 AM,NA,NA,Single Vehicle,Clear,NA,Medium,NA,NONE DETECTED,Yes,No Apparent Injury,"Improper Backing, Operated Motor Vehicle in Inattentive, Careless, Negligent, or Erratic Manner",Unknown,MD,Passenger Car,Backing,0,No,2002,HONDA,ODYSSEY,38.99250514,-77.09626992,2026,3,0
260011254,Property Damage Crash,03/14/2026 09:23:00 PM,DRESSLER LA,NA,Angle,Clear,Dry,Dark,No Controls,NONE DETECTED,No,No Apparent Injury,NA,Not Distracted,MD,Passenger Car,Moving Constant Speed,25,No,2022,TOYOTA,CAMRY,39.07546561,-77.05295908,2026,3,21
260011254,Property Damage Crash,03/14/2026 09:23:00 PM,DRESSLER LA,NA,Angle,Clear,Dry,Dark,Stop Sign,NONE DETECTED,Yes,No Apparent Injury,Failed to Yield Right-of-Way,Not Distracted,MD,Passenger Car,Turning Left,25,No,2023,CADILLAC,XT4,39.07546561,-77.05295908,2026,3,21
260011250,Property Damage Crash,03/14/2026 08:58:00 PM,NA,NA,"Sideswipe, Same Direction",Clear,Dry,Medium,No Controls,NONE DETECTED,No,No Apparent Injury,NA,Not Distracted,MD,Bus - Transit,Slowing or Stopping,25,No,2025,GILLIG,LOW FLOOR BUS,39.07106248,-77.10168302,2026,3,20
260011250,Property Damage Crash,03/14/2026 08:58:00 PM,NA,NA,"Sideswipe, Same Direction",Clear,Dry,Medium,No Controls,NONE DETECTED,Yes,No Apparent Injury,Other Improper Action,Not Distracted,MD,Passenger Car,Moving Constant Speed,25,No,2018,AUDI,A4,39.07106248,-77.10168302,2026,3,20
260011248,Injury Crash,03/14/2026 08:51:00 PM,MONTROSE RD (WB/L),NA,Front to Front,Cloudy,Dry,Medium,No Controls,NONE DETECTED,No,Possible Minor Injury,Followed Too Closely,Not Distracted,MD,Passenger Car,Moving Constant Speed,45,No,2016,NISSAN,ALTIMA,39.05606383,-77.171368,2026,3,20
260011248,Injury Crash,03/14/2026 08:51:00 PM,MONTROSE RD (WB/L),NA,Front to Front,Cloudy,Dry,Medium,No Controls,NONE DETECTED,No,Possible Minor Injury,NA,Not Distracted,MD,Passenger Car,Slowing or Stopping,45,No,2021,MINI,HARDTOP,39.05606383,-77.171368,2026,3,20
260011249,Injury Crash,03/14/2026 08:45:00 PM,NA,NA,Front to Rear,Clear,Dry,Medium,No Controls,NONE DETECTED,No,Possible Minor Injury,NA,Not Distracted,MD,Sport Utility Vehicle,Turning Left,40,No,2014,ACURA,MDX,39.071929,-76.93836917,2026,3,20
260011249,Injury Crash,03/14/2026 08:45:00 PM,NA,NA,Front to Rear,Clear,Dry,Medium,No Controls,NONE DETECTED,Yes,No Apparent Injury,NA,Not Distracted,MD,Passenger Car,Moving Constant Speed,40,No,2015,HONDA,ACCORD,39.071929,-76.93836917,2026,3,20
260011245,Property Damage Crash,03/14/2026 08:00:00 PM,RAMP 2 FR BRIGGS CHANEY RD TO US 29 NB,NA,"Sideswipe, Same Direction",Clear,Dry,Dark,No Controls,NONE DETECTED,No,No Apparent Injury,NA,Not Distracted,MD,Passenger Car,Parked,50,No,1997,FORD,CROWN VICTORIA,39.0831095,-76.94805533,2026,3,20
260011245,Property Damage Crash,03/14/2026 08:00:00 PM,RAMP 2 FR BRIGGS CHANEY RD TO US 29 NB,NA,"Sideswipe, Same Direction",Clear,Dry,Dark,No Controls,NONE DETECTED,No,NA,NA,NA,NA,NA,Moving Constant Speed,50,No,0,NA,NA,39.0831095,-76.94805533,2026,3,20
260011240,Injury Crash,03/14/2026 07:58:00 PM,KEY WEST AVE (WB/L),NA,Front to Rear,Clear,Dry,Medium,No Controls,NONE DETECTED,Yes,Possible Minor Injury,NA,Unknown,MD,Sport Utility Vehicle,Moving Constant Speed,40,No,2024,JEEP,WRANGLER,39.104347,-77.20388167,2026,3,19
260011252,Property Damage Crash,03/14/2026 07:51:00 PM,NA,NA,"Sideswipe, Same Direction",Clear,NA,Medium,NA,NONE DETECTED,No,NA,NA,NA,NA,Passenger Car,Slowing or Stopping,0,No,2025,NISSAN,ALTIMA,39.0569285,-76.967162,2026,3,19
260011244,Property Damage Crash,03/14/2026 07:49:00 PM,CHERRY HILL RD,NA,"Sideswipe, Same Direction",Clear,Dry,Medium,No Controls,NONE DETECTED,Yes,No Apparent Injury,NA,Not Distracted,DC,Van - Cargo,Moving Constant Speed,40,No,2023,MERCEDES-BENZ,METRIS,39.05320972,-76.95332372,2026,3,19
260011244,Property Damage Crash,03/14/2026 07:49:00 PM,CHERRY HILL RD,NA,"Sideswipe, Same Direction",Clear,Dry,Medium,No Controls,NONE DETECTED,No,No Apparent Injury,NA,Not Distracted,MD,Passenger Car,Moving Constant Speed,40,No,2022,AUDI,Q7,39.05320972,-76.95332372,2026,3,19
260011242,Injury Crash,03/14/2026 06:51:00 PM,BALTIMORE RD,NA,Front to Front,Clear,Dry,Daylight,No Controls,NONE DETECTED,No,Possible Minor Injury,Other Improper Action,Unknown,MD,Passenger Car,Moving Constant Speed,25,No,2025,TOYOTA,CAMRY,39.08363833,-77.124331,2026,3,18
260011242,Injury Crash,03/14/2026 06:51:00 PM,BALTIMORE RD,NA,Front to Front,Clear,Dry,Daylight,No Controls,ALCOHOL PRESENT,No,Possible Minor Injury,"Failed to Keep in Proper Lane, Operated Motor Vehicle in Inattentive, Careless, Negligent, or Erratic Manner, Operated Motor Vehicle in Reckless or Aggressive Manner, Other Improper Action, Over-Correcting/Over-Steering",Unknown,MD,Passenger Car,Moving Constant Speed,25,No,2026,TOYOTA,CAMRY,39.08363833,-77.124331,2026,3,18
260011232,Injury Crash,03/14/2026 06:30:00 PM,MONTGOMERY VILLAGE AVE (SB/L),Cyclist (Electric),Single Vehicle,Clear,Dry,Medium,Pedestrian Crossing Sign,NONE DETECTED,Yes,No Apparent Injury,Other Improper Action,Not Distracted,MD,Passenger Car,Accelerating,35,No,2015,TOYOTA,COROLLA,39.17087197,-77.20405393,2026,3,18
260011229,Property Damage Crash,03/14/2026 06:12:00 PM,FREAS DR,NA,"Sideswipe, Same Direction",Clear,Dry,Daylight,No Controls,NONE DETECTED,No,No Apparent Injury,NA,"Manually Operating (dialing, playing game, etc.)",MD,Passenger Car,Moving Constant Speed,25,No,2009,CHEVROLET,MALIBU,39.098153,-77.23125633,2026,3,18
260011226,Injury Crash,03/14/2026 06:06:00 PM,WAINWRIGHT AVE,NA,Single Vehicle,Clear,Dry,Daylight,No Controls,NONE DETECTED,Yes,Possible Minor Injury,Ran Off Roadway,Not Distracted,MD,Passenger Car,Accelerating,25,No,2017,TOYOTA,CAMRY,39.07035058,-77.11668351,2026,3,18
260011227,Injury Crash,03/14/2026 06:02:00 PM,FREDERICK RD,NA,"Sideswipe, Same Direction",Clear,Dry,Daylight,No Controls,NONE DETECTED,No,Possible Minor Injury,NA,Not Distracted,MD,Passenger Car,Moving Constant Speed,40,No,2011,HONDA,ACCORD,39.26145617,-77.3028675,2026,3,18
260011227,Injury Crash,03/14/2026 06:02:00 PM,FREDERICK RD,NA,"Sideswipe, Same Direction",Clear,Dry,Daylight,No Controls,ALCOHOL PRESENT,Yes,Possible Minor Injury,"Improper Passing, Operated Motor Vehicle in Reckless or Aggressive Manner, Too Fast For Conditions",Unknown,MD,Sport Utility Vehicle,Overtaking/Passing,40,No,2020,LAND ROVER,RANGE ROVER SPORT,39.26145617,-77.3028675,2026,3,18
260011230,Property Damage Crash,03/14/2026 05:51:00 PM,NA,NA,Other,Clear,NA,Daylight,NA,NONE DETECTED,Yes,No Apparent Injury,NA,Unknown,MD,Passenger Car,Moving Constant Speed,0,No,2010,ACURA,TL,39.18488584,-77.18879657,2026,3,17
260011230,Property Damage Crash,03/14/2026 05:51:00 PM,NA,NA,Other,Clear,NA,Daylight,NA,NONE DETECTED,No,No Apparent Injury,NA,Not Distracted,MD,Passenger Car,Parked,0,No,2015,FORD,TAURUS,39.18488584,-77.18879657,2026,3,17
260011223,Injury Crash,03/14/2026 05:36:00 PM,W MONTGOMERY AVE (WB/L),NA,"Sideswipe, Same Direction",Cloudy,Dry,Daylight,Traffic Control Signal,NONE DETECTED,No,No Apparent Injury,Improper Turn,Not Distracted,PA,Passenger Car,Turning Left,45,No,2025,HYUNDAI,ELANTRA,39.09975721,-77.18457158,2026,3,17
260011223,Injury Crash,03/14/2026 05:36:00 PM,W MONTGOMERY AVE (WB/L),NA,"Sideswipe, Same Direction",Cloudy,Dry,Daylight,Traffic Control Signal,NONE DETECTED,No,No Apparent Injury,NA,Not Distracted,MD,Passenger Car,Moving Constant Speed,45,No,2013,TOYOTA,COROLLA,39.09975721,-77.18457158,2026,3,17
260011223,Injury Crash,03/14/2026 05:36:00 PM,W MONTGOMERY AVE (WB/L),NA,"Sideswipe, Same Direction",Cloudy,Dry,Daylight,Traffic Control Signal,NONE DETECTED,No,No Apparent Injury,NA,Not Distracted,MD,Pickup,Stopped in Traffic,45,No,2006,HONDA,RIDGELINE,39.09975721,-77.18457158,2026,3,17
260011221,Property Damage Crash,03/14/2026 05:35:00 PM,UNDERWOOD ST,NA,"Sideswipe, Opposite Direction",Clear,Dry,Daylight,No Controls,NONE DETECTED,Yes,No Apparent Injury,NA,Not Distracted,GA,Sport Utility Vehicle,Slowing or Stopping,20,No,2023,FORD,EXPLORER,38.983181,-77.07451717,2026,3,17
260011208,Property Damage Crash,03/14/2026 03:11:00 PM,CENTERHILL ST,NA,Front to Rear,Clear,Dry,Daylight,No Controls,NONE DETECTED,No,No Apparent Injury,NA,NA,NA,Passenger Car,Backing,15,No,2004,NISSAN,SENTRA,39.05607967,-77.0692235,2026,3,15
260011199,Injury Crash,03/14/2026 01:36:00 PM,ROCKVILLE PIKE,NA,Angle,Clear,Dry,Daylight,No Controls,NONE DETECTED,Yes,Suspected Serious Injury,NA,Not Distracted,MD,Passenger Car,Turning Left,35,No,2020,HYUNDAI,ELANTRA,39.0433861,-77.11095741,2026,3,13
260011199,Injury Crash,03/14/2026 01:36:00 PM,ROCKVILLE PIKE,NA,Angle,Clear,Dry,Daylight,No Controls,NONE DETECTED,No,Possible Minor Injury,NA,Not Distracted,MD,Passenger Car,Moving Constant Speed,35,No,2017,HONDA,CR-V,39.0433861,-77.11095741,2026,3,13
260011202,Property Damage Crash,03/14/2026 01:30:00 PM,CHELTENHAM DR,NA,"Sideswipe, Same Direction",Clear,Dry,Daylight,Traffic Control Signal,NONE DETECTED,No,No Apparent Injury,NA,Not Distracted,MD,Bus - Transit,Turning Right,25,No,2013,NEW FLYER,XCELSIOR,38.98819284,-77.09603888,2026,3,13
260011202,Property Damage Crash,03/14/2026 01:30:00 PM,CHELTENHAM DR,NA,"Sideswipe, Same Direction",Clear,Dry,Daylight,Traffic Control Signal,NONE DETECTED,No,NA,NA,NA,NA,NA,Turning Right,25,No,0,NA,NA,38.98819284,-77.09603888,2026,3,13
260011198,Property Damage Crash,03/14/2026 01:20:00 PM,NA,NA,Front to Rear,Clear,Dry,Daylight,Traffic Control Signal,NONE DETECTED,No,No Apparent Injury,NA,Not Distracted,MD,Passenger Car,Stopped in Traffic,35,No,2024,MERCEDES-BENZ,C-CLASS,39.14756906,-77.23305436,2026,3,13
260011198,Property Damage Crash,03/14/2026 01:20:00 PM,NA,NA,Front to Rear,Clear,Dry,Daylight,Traffic Control Signal,ALCOHOL PRESENT,Yes,No Apparent Injury,Failed to Keep in Proper Lane,Unknown,MD,Sport Utility Vehicle,Moving Constant Speed,35,No,2022,MITSUBISHI,OUTLANDER,39.14756906,-77.23305436,2026,3,13
260011190,Property Damage Crash,03/14/2026 12:10:00 PM,SHADY GROVE RD,NA,Angle,Clear,Dry,Daylight,Traffic Control Signal,NONE DETECTED,No,No Apparent Injury,NA,Not Distracted,MD,Passenger Car,Turning Left,25,No,2024,HONDA,ACCORD,39.11185249,-77.18704862,2026,3,12
260011190,Property Damage Crash,03/14/2026 12:10:00 PM,SHADY GROVE RD,NA,Angle,Clear,Dry,Daylight,Traffic Control Signal,NONE DETECTED,Yes,No Apparent Injury,Ran Red Light,Unknown,MD,Passenger Car,Moving Constant Speed,40,No,2017,HONDA,ACCORD,39.11185249,-77.18704862,2026,3,12
260011179,Injury Crash,03/14/2026 10:35:00 AM,MATTHEW HENSON TRL,Cyclist (Electric),Single Vehicle,Clear,Dry,Daylight,Pedestrian Crossing Sign,NONE DETECTED,No,No Apparent Injury,NA,Not Distracted,MD,Sport Utility Vehicle,Moving Constant Speed,25,No,2025,BMW,X3,39.08425294,-77.04149687,2026,3,10
260011159,Injury Crash,03/14/2026 06:50:00 AM,NEW HAMPSHIRE AVE (SB/L),NA,Front to Rear,Clear,Dry,Medium,Traffic Control Signal,NONE DETECTED,Yes,Possible Minor Injury,NA,Unknown,MD,Passenger Car,Moving Constant Speed,35,No,2020,HONDA,CIVIC,39.00689992,-76.98032909,2026,3,6
260011159,Injury Crash,03/14/2026 06:50:00 AM,NEW HAMPSHIRE AVE (SB/L),NA,Front to Rear,Clear,Dry,Medium,Traffic Control Signal,NONE DETECTED,No,Possible Minor Injury,NA,Not Distracted,MD,Pickup,Stopped in Traffic,35,No,2021,CHEVROLET,SILVERADO,39.00689992,-76.98032909,2026,3,6
260011156,Property Damage Crash,03/14/2026 04:29:00 AM,MARIANNA DR,NA,"Sideswipe, Opposite Direction",Clear,Dry,Medium,No Controls,NONE DETECTED,Yes,No Apparent Injury,NA,Not Distracted,MD,Passenger Car,Moving Constant Speed,25,No,2018,FORD,FOCUS,39.08414783,-77.09008733,2026,3,4
260011142,Property Damage Crash,03/14/2026 01:23:00 AM,PARKVIEW AVE,NA,Angle,Clear,Dry,Medium,Traffic Control Signal,NONE DETECTED,No,No Apparent Injury,NA,Not Distracted,MD,Passenger Car,Moving Constant Speed,35,No,2017,TOYOTA,CAMRY,39.15563804,-77.22724723,2026,3,1
260011142,Property Damage Crash,03/14/2026 01:23:00 AM,PARKVIEW AVE,NA,Angle,Clear,Dry,Medium,Traffic Control Signal,NONE DETECTED,No,No Apparent Injury,"Failed to Yield Right-of-Way, Ran Red Light",Unknown,MD,Passenger Car,Moving Constant Speed,35,No,2022,BMW,228I,39.15563804,-77.22724723,2026,3,1
260011135,Injury Crash,03/13/2026 10:16:00 PM,NEW HAMPSHIRE AVE (SB/L),NA,Front to Rear,Clear,Dry,Medium,Traffic Control Signal,NONE DETECTED,No,No Apparent Injury,NA,Not Distracted,MD,Passenger Car,Slowing or Stopping,30,No,2009,HONDA,CIVIC,38.98165196,-76.98898883,2026,3,22
260011135,Injury Crash,03/13/2026 10:16:00 PM,NEW HAMPSHIRE AVE (SB/L),NA,Front to Rear,Clear,Dry,Medium,Traffic Control Signal,NONE DETECTED,No,No Apparent Injury,NA,Not Distracted,MD,Passenger Car,Moving Constant Speed,30,No,2017,NISSAN,ARMADA,38.98165196,-76.98898883,2026,3,22
260011123,Property Damage Crash,03/13/2026 08:00:00 PM,RAMP 6 FR IS 370 EB TO RAMP 7 (TO IS270),NA,"Sideswipe, Same Direction",Clear,Dry,Medium,No Controls,NONE DETECTED,No,NA,NA,NA,NA,Pickup,Changing Lanes,55,No,2018,TOYOTA,TACOMA,39.11995362,-77.20218303,2026,3,20
260011123,Property Damage Crash,03/13/2026 08:00:00 PM,RAMP 6 FR IS 370 EB TO RAMP 7 (TO IS270),NA,"Sideswipe, Same Direction",Clear,Dry,Medium,No Controls,NONE DETECTED,No,No Apparent Injury,NA,Not Distracted,MD,Sport Utility Vehicle,Moving Constant Speed,55,No,2019,HONDA,PASSPORT,39.11995362,-77.20218303,2026,3,20
260011122,Injury Crash,03/13/2026 07:47:00 PM,NA,NA,Angle,Clear,Dry,Medium,Traffic Control Signal,NONE DETECTED,No,Possible Minor Injury,NA,Not Distracted,MD,Sport Utility Vehicle,Moving Constant Speed,45,No,2012,VOLVO,XC60,39.10611581,-77.00151688,2026,3,19
260011122,Injury Crash,03/13/2026 07:47:00 PM,NA,NA,Angle,Clear,Dry,Medium,Traffic Control Signal,NONE DETECTED,Yes,No Apparent Injury,Failed to Yield Right-of-Way,Unknown,MD,Passenger Car,Turning Left,45,No,2013,HONDA,CIVIC,39.10611581,-77.00151688,2026,3,19
260011111,Property Damage Crash,03/13/2026 06:23:00 PM,NEW HAMPSHIRE AVE (SB/L),NA,"Sideswipe, Same Direction",Clear,Dry,Daylight,No Controls,NONE DETECTED,No,No Apparent Injury,NA,Not Distracted,MD,Passenger Car,Moving Constant Speed,45,No,2019,HONDA,CIVIC,39.09960367,-77.00359667,2026,3,18
260011111,Property Damage Crash,03/13/2026 06:23:00 PM,NEW HAMPSHIRE AVE (SB/L),NA,"Sideswipe, Same Direction",Clear,Dry,Daylight,No Controls,NONE DETECTED,Yes,No Apparent Injury,Failed to Keep in Proper Lane,Unknown,MD,Sport Utility Vehicle,Making U-Turn,45,No,2012,VOLVO,XC60,39.09960367,-77.00359667,2026,3,18
260011098,Property Damage Crash,03/13/2026 05:30:00 PM,MUDDY BRANCH RD (SB/L),NA,Front to Rear,Clear,Dry,Daylight,Stop Sign,NONE DETECTED,No,No Apparent Injury,NA,Not Distracted,MD,Van - Passenger (&lt;9 Seats),Turning Left,25,No,2017,CHEVROLET,EXPRESS,39.1124755,-77.21644617,2026,3,17
260011098,Property Damage Crash,03/13/2026 05:30:00 PM,MUDDY BRANCH RD (SB/L),NA,Front to Rear,Clear,Dry,Daylight,Stop Sign,NONE DETECTED,Yes,No Apparent Injury,NA,Unknown,MD,Passenger Car,Turning Left,25,No,2016,NISSAN,ALTIMA,39.1124755,-77.21644617,2026,3,17
260011096,Injury Crash,03/13/2026 05:20:00 PM,RESEARCH BLVD,NA,Front to Front,Clear,Dry,Daylight,No Controls,NONE DETECTED,No,Possible Minor Injury,NA,Not Distracted,MD,Passenger Car,Moving Constant Speed,35,No,2010,SUBARU,OUTBACK,39.09146515,-77.17855276,2026,3,17
260011096,Injury Crash,03/13/2026 05:20:00 PM,RESEARCH BLVD,NA,Front to Front,Clear,Dry,Daylight,No Controls,NONE DETECTED,Yes,No Apparent Injury,NA,Not Distracted,MD,Passenger Car,Turning Left,25,No,2013,HONDA,ACCORD,39.09146515,-77.17855276,2026,3,17
260011092,Property Damage Crash,03/13/2026 04:21:00 PM,NA,NA,Front to Rear,Clear,NA,Daylight,NA,NONE DETECTED,Yes,No Apparent Injury,Improper Backing,Not Distracted,MD,Passenger Car,Backing,0,No,2002,TOYOTA,AVALON,39.03948918,-76.99168376,2026,3,16
260011093,Property Damage Crash,03/13/2026 04:04:00 PM,NA,NA,Rear To Side,Clear,NA,Daylight,NA,NONE DETECTED,No,NA,NA,NA,NA,Passenger Car,Backing,0,No,2022,TOYOTA,C-HR,39.03850552,-76.99064598,2026,3,16
260011093,Property Damage Crash,03/13/2026 04:04:00 PM,NA,NA,Rear To Side,Clear,NA,Daylight,NA,NONE DETECTED,No,No Apparent Injury,NA,Not Distracted,MD,Passenger Car,Slowing or Stopping,0,No,2023,TESLA,MODEL 3,39.03850552,-76.99064598,2026,3,16
260011086,Property Damage Crash,03/13/2026 03:32:00 PM,VEIRS MILL RD,NA,"Sideswipe, Same Direction",Clear,Dry,Daylight,No Controls,NONE DETECTED,No,No Apparent Injury,NA,Not Distracted,MD,Passenger Car,Moving Constant Speed,25,No,2026,TOYOTA,COROLLA,39.06902118,-77.10479103,2026,3,15
260011086,Property Damage Crash,03/13/2026 03:32:00 PM,VEIRS MILL RD,NA,"Sideswipe, Same Direction",Clear,Dry,Daylight,No Controls,NONE DETECTED,No,No Apparent Injury,Other Improper Action,Unknown,NA,Passenger Car,Moving Constant Speed,25,No,2008,FORD,RANGER,39.06902118,-77.10479103,2026,3,15
260011079,Injury Crash,03/13/2026 03:30:00 PM,UNDERWOOD ST,NA,Angle,Clear,Dry,Daylight,No Controls,NONE DETECTED,No,Possible Minor Injury,NA,Not Distracted,MD,Sport Utility Vehicle,Moving Constant Speed,30,No,2018,NISSAN,ROGUE,38.98300167,-77.07704412,2026,3,15
260011079,Injury Crash,03/13/2026 03:30:00 PM,UNDERWOOD ST,NA,Angle,Clear,Dry,Daylight,No Controls,NONE DETECTED,Yes,No Apparent Injury,Failed to Yield Right-of-Way,Not Distracted,MD,Sport Utility Vehicle,Turning Left,30,No,2017,TOYOTA,RAV4,38.98300167,-77.07704412,2026,3,15
260011073,Property Damage Crash,03/13/2026 03:05:00 PM,NA,NA,Rear To Rear,Clear,NA,Daylight,NA,NONE DETECTED,Yes,No Apparent Injury,NA,Not Distracted,MD,Passenger Car,Moving Constant Speed,0,No,1999,LEXUS,ES,39.06088428,-76.96307071,2026,3,15
260011073,Property Damage Crash,03/13/2026 03:05:00 PM,NA,NA,Rear To Rear,Clear,NA,Daylight,NA,NONE DETECTED,No,No Apparent Injury,NA,Not Distracted,MD,Passenger Car,Parked,0,No,2017,SUBARU,OUTBACK,39.06088428,-76.96307071,2026,3,15
260011072,Property Damage Crash,03/13/2026 03:00:00 PM,UNIVERSITY BLVD W (WB/L),NA,Single Vehicle,Clear,Dry,Daylight,No Controls,NONE DETECTED,No,No Apparent Injury,NA,Not Distracted,MD,Passenger Car,Moving Constant Speed,35,No,2023,AUDI,RS 5,39.04167619,-77.05125132,2026,3,15
260011071,Property Damage Crash,03/13/2026 02:50:00 PM,OLD CHESTER RD,NA,"Sideswipe, Opposite Direction",Cloudy,Dry,Daylight,No Controls,NONE DETECTED,Yes,No Apparent Injury,Failed to Keep in Proper Lane,Not Distracted,MD,Bus - School,Slowing or Stopping,15,No,2020,FREIGHTLINER,B2 BUS CHASSIS,38.98852771,-77.11988002,2026,3,14
260011066,Property Damage Crash,03/13/2026 02:36:00 PM,NORBECK RD,NA,Angle,Clear,Dry,Daylight,No Controls,NONE DETECTED,Yes,No Apparent Injury,NA,Not Distracted,VA,Passenger Car,Moving Constant Speed,40,No,2013,TOYOTA,COROLLA,39.08723613,-77.1346566,2026,3,14
260011066,Property Damage Crash,03/13/2026 02:36:00 PM,NORBECK RD,NA,Angle,Clear,Dry,Daylight,No Controls,NONE DETECTED,No,No Apparent Injury,NA,Not Distracted,MD,Passenger Car,Moving Constant Speed,40,No,2024,HONDA,CR-V,39.08723613,-77.1346566,2026,3,14
260011062,Property Damage Crash,03/13/2026 02:10:00 PM,EISENHOWER MEMORIAL HWY,NA,Front to Rear,Clear,Dry,Daylight,No Controls,NONE DETECTED,No,No Apparent Injury,NA,Not Distracted,MD,Sport Utility Vehicle,Slowing or Stopping,55,No,2025,FORD,EXPLORER,39.27658619,-77.32229205,2026,3,14
260011062,Property Damage Crash,03/13/2026 02:10:00 PM,EISENHOWER MEMORIAL HWY,NA,Front to Rear,Clear,Dry,Daylight,No Controls,NONE DETECTED,Yes,No Apparent Injury,Followed Too Closely,Not Distracted,MD,Sport Utility Vehicle,Slowing or Stopping,55,No,2026,FORD,EXPEDITION,39.27658619,-77.32229205,2026,3,14