Local Case Number,ACRS Report Type,Crash Date/Time,Road Name,Related Non-Motorist,Collision Type,Weather,Surface Condition,Light,Traffic Control,Driver Substance Abuse,Driver At Fault,Injury Severity,Circumstance,Driver Distracted By,Drivers License State,Vehicle Body Type,Vehicle Movement,Speed Limit,Driverless Vehicle,Vehicle Year,Vehicle Make,Vehicle Model,Latitude,Longitude,Year,Month,Hour
260011061,Injury Crash,03/13/2026 02:09:00 PM,WISTERIA DR,NA,Front to Rear,Cloudy,Dry,Daylight,Traffic Control Signal,NONE DETECTED,No,No Apparent Injury,NA,Not Distracted,MD,Passenger Car,Stopped in Traffic,40,No,2024,HYUNDAI,ELANTRA,39.17690752,-77.27011617,2026,3,14
260011061,Injury Crash,03/13/2026 02:09:00 PM,WISTERIA DR,NA,Front to Rear,Cloudy,Dry,Daylight,Traffic Control Signal,NONE DETECTED,Yes,No Apparent Injury,Followed Too Closely,"Other Action (looking away from task, etc.)",MD,Passenger Car,Accelerating,40,No,2016,BMW,328I,39.17690752,-77.27011617,2026,3,14
260011048,Property Damage Crash,03/13/2026 12:51:00 PM,SPRINGFIELD DR,NA,Angle,Clear,Dry,Daylight,Traffic Control Signal,NONE DETECTED,No,No Apparent Injury,NA,"Other Action (looking away from task, etc.)",MD,Sport Utility Vehicle,Moving Constant Speed,35,No,2025,VOLKSWAGEN,ATLAS,38.969876,-77.112087,2026,3,12
260011048,Property Damage Crash,03/13/2026 12:51:00 PM,SPRINGFIELD DR,NA,Angle,Clear,Dry,Daylight,Traffic Control Signal,NONE DETECTED,No,No Apparent Injury,NA,Not Distracted,MD,Sport Utility Vehicle,Turning Left,35,No,2014,ACURA,RDX,38.969876,-77.112087,2026,3,12
260011036,Injury Crash,03/13/2026 11:20:00 AM,CHERRY HILL RD (NB/L),NA,Front to Rear,Clear,Dry,Daylight,Traffic Control Signal,NONE DETECTED,Yes,No Apparent Injury,Followed Too Closely,Not Distracted,MD,Passenger Car,Slowing or Stopping,40,No,2016,HONDA,ACCORD,39.0624079,-76.96211004,2026,3,11
260011036,Injury Crash,03/13/2026 11:20:00 AM,CHERRY HILL RD (NB/L),NA,Front to Rear,Clear,Dry,Daylight,Traffic Control Signal,NONE DETECTED,No,No Apparent Injury,NA,Not Distracted,MD,Passenger Car,Slowing or Stopping,40,No,2026,LUCID,UNKNOWN,39.0624079,-76.96211004,2026,3,11
260011034,Property Damage Crash,03/13/2026 11:19:00 AM,ROCKVILLE PIKE,NA,Front to Rear,Clear,Dry,Daylight,Traffic Control Signal,NONE DETECTED,No,No Apparent Injury,NA,Not Distracted,MD,Passenger Car,Moving Constant Speed,35,No,2022,GENESIS,GV80,39.08486481,-77.14785575,2026,3,11
260011034,Property Damage Crash,03/13/2026 11:19:00 AM,ROCKVILLE PIKE,NA,Front to Rear,Clear,Dry,Daylight,Traffic Control Signal,NONE DETECTED,Yes,No Apparent Injury,NA,Unknown,MD,Passenger Car,Moving Constant Speed,35,No,2014,HONDA,ACCORD,39.08486481,-77.14785575,2026,3,11
260011011,Injury Crash,03/13/2026 08:41:00 AM,NA,NA,Front to Rear,Clear,Dry,Daylight,No Controls,NONE DETECTED,Yes,Possible Minor Injury,"Operated Motor Vehicle in Inattentive, Careless, Negligent, or Erratic Manner",Not Distracted,MD,Van - Passenger (&lt;9 Seats),Moving Constant Speed,35,No,2006,CHEVROLET,EXPRESS,39.03224031,-76.98474843,2026,3,8
260011011,Injury Crash,03/13/2026 08:41:00 AM,NA,NA,Front to Rear,Clear,Dry,Daylight,Stop Sign,NONE DETECTED,No,No Apparent Injury,NA,Not Distracted,MD,Passenger Car,Turning Right,25,No,2015,TOYOTA,CAMRY,39.03224031,-76.98474843,2026,3,8
260011011,Injury Crash,03/13/2026 08:41:00 AM,NA,NA,Front to Rear,Clear,Dry,Daylight,No Controls,NONE DETECTED,No,No Apparent Injury,NA,Not Distracted,MD,Passenger Car,Moving Constant Speed,35,No,2015,HONDA,CR-V,39.03224031,-76.98474843,2026,3,8
260011009,Property Damage Crash,03/13/2026 07:46:00 AM,GRANDVIEW AVE,NA,"Sideswipe, Same Direction",Clear,Dry,Daylight,No Controls,NONE DETECTED,Yes,No Apparent Injury,Other Improper Action,Not Distracted,VA,Pickup,Parked,25,No,2014,FORD,F-350,39.04093398,-77.05293403,2026,3,7
260011009,Property Damage Crash,03/13/2026 07:46:00 AM,GRANDVIEW AVE,NA,"Sideswipe, Same Direction",Clear,Dry,Daylight,No Controls,NONE DETECTED,No,No Apparent Injury,NA,Not Distracted,MD,Passenger Car,Moving Constant Speed,25,No,2024,HONDA,ACCORD,39.04093398,-77.05293403,2026,3,7
260011008,Property Damage Crash,03/13/2026 07:20:00 AM,BARBARA RD,NA,Front to Rear,Clear,Dry,Daylight,No Controls,NONE DETECTED,No,No Apparent Injury,NA,Not Distracted,MD,Passenger Car,Moving Constant Speed,25,No,2024,MITSUBISHI,MIRAGE G4,39.05914333,-77.08183683,2026,3,7
260011008,Property Damage Crash,03/13/2026 07:20:00 AM,BARBARA RD,NA,Front to Rear,Clear,Dry,Daylight,No Controls,NONE DETECTED,Yes,No Apparent Injury,NA,Not Distracted,MD,Passenger Car,Backing,25,No,2015,HONDA,ODYSSEY,39.05914333,-77.08183683,2026,3,7
260011005,Property Damage Crash,03/13/2026 06:17:00 AM,CLARKSBURG RD,NA,Angle,Clear,Dry,Medium,No Controls,NONE DETECTED,No,No Apparent Injury,NA,Not Distracted,MD,Sport Utility Vehicle,Moving Constant Speed,35,No,2013,HONDA,CR-V,39.24282438,-77.27976883,2026,3,6
260011005,Property Damage Crash,03/13/2026 06:17:00 AM,CLARKSBURG RD,NA,Angle,Clear,Dry,Medium,Stop Sign,NONE DETECTED,Yes,No Apparent Injury,Failed to Yield Right-of-Way,Not Distracted,MD,Sport Utility Vehicle,Turning Left,35,No,2024,SUBARU,CROSSTREK,39.24282438,-77.27976883,2026,3,6
260011004,Property Damage Crash,03/13/2026 06:00:00 AM,NORBECK RD,NA,Single Vehicle,Snow,Ice/Frost,Dark,No Controls,NONE DETECTED,No,No Apparent Injury,NA,Not Distracted,MD,Pickup,Moving Constant Speed,45,No,2008,CHEVROLET,AVALANCHE,39.1185635,-77.0243305,2026,3,6
260010999,Property Damage Crash,03/13/2026 01:02:00 AM,NA,NA,Single Vehicle,Clear,Dry,Medium,Stop Sign,NONE DETECTED,No,No Apparent Injury,NA,"Other Action (looking away from task, etc.)",MD,Sport Utility Vehicle,Turning Left,15,No,2016,SUBARU,FORESTER,39.10748319,-77.19145502,2026,3,1
260010998,Property Damage Crash,03/13/2026 12:05:00 AM,NA,NA,"Sideswipe, Opposite Direction",Clear,NA,Medium,NA,NONE DETECTED,No,No Apparent Injury,NA,Unknown,MD,Passenger Car,Moving Constant Speed,0,No,2019,MITSUBISHI,MIRAGE,39.0747031,-77.15255708,2026,3,0
260010998,Property Damage Crash,03/13/2026 12:05:00 AM,NA,NA,"Sideswipe, Opposite Direction",Clear,NA,Medium,NA,NONE DETECTED,No,NA,NA,NA,NA,Passenger Car,Moving Constant Speed,0,No,2008,CHEVROLET,IMPALA,39.0747031,-77.15255708,2026,3,0
260010997,Injury Crash,03/12/2026 11:34:00 PM,PALMETTO CIR,NA,Single Vehicle,Clear,Dry,Medium,Traffic Control Signal,DRUG PRESENT,Yes,Possible Minor Injury,"Operated Motor Vehicle in Inattentive, Careless, Negligent, or Erratic Manner, Operated Motor Vehicle in Reckless or Aggressive Manner, Ran Off Roadway, Ran Red Light",Unknown,MD,Passenger Car,Moving Constant Speed,35,No,2016,NISSAN,ALTIMA,39.17344929,-77.28401169,2026,3,23
260011260,Property Damage Crash,03/12/2026 10:01:00 PM,NA,NA,Other,Clear,NA,Medium,NA,NONE DETECTED,Yes,No Apparent Injury,NA,Unknown,MD,Other,Accelerating,0,No,2017,KIA,SPORTAGE,38.97568491,-77.10215021,2026,3,22
260010988,Property Damage Crash,03/12/2026 09:35:00 PM,RANDOLPH RD,NA,"Sideswipe, Same Direction",Clear,Dry,Medium,No Controls,NONE DETECTED,No,No Apparent Injury,NA,Not Distracted,MD,Passenger Car,Moving Constant Speed,35,No,2020,FORD,TRANSIT,39.05675954,-77.08153396,2026,3,21
260010988,Property Damage Crash,03/12/2026 09:35:00 PM,RANDOLPH RD,NA,"Sideswipe, Same Direction",Clear,Dry,Medium,No Controls,NONE DETECTED,No,NA,NA,NA,NA,Passenger Car,Moving Constant Speed,35,No,2014,HONDA,CR-V,39.05675954,-77.08153396,2026,3,21
260010985,Injury Crash,03/12/2026 09:17:00 PM,GEORGIA AVE,Pedestrian,Angle,Clear,Wet,Medium,Flashing Traffic Control Signal,NONE DETECTED,Yes,No Apparent Injury,"Failed to Yield Right-of-Way, Other Improper Action","Other Action (looking away from task, etc.)",MD,Passenger Car,Turning Left,45,No,2009,TOYOTA,CAMRY,39.11534443,-77.0751558,2026,3,21
260010985,Injury Crash,03/12/2026 09:17:00 PM,GEORGIA AVE,Pedestrian,Angle,Clear,Wet,Medium,Traffic Control Signal,NONE DETECTED,No,Suspected Serious Injury,NA,Not Distracted,MD,Passenger Car,Moving Constant Speed,45,No,2014,HONDA,CIVIC,39.11534443,-77.0751558,2026,3,21
260010985,Injury Crash,03/12/2026 09:17:00 PM,GEORGIA AVE,Pedestrian,Angle,Clear,Wet,Medium,Traffic Control Signal,NONE DETECTED,No,Possible Minor Injury,NA,Not Distracted,MD,Passenger Car,Moving Constant Speed,45,No,2006,TOYOTA,COROLLA,39.11534443,-77.0751558,2026,3,21
260010989,Property Damage Crash,03/12/2026 09:16:00 PM,FREDERICK RD (SB/L),NA,Angle,Clear,Dry,Medium,No Controls,NONE DETECTED,No,No Apparent Injury,NA,Not Distracted,MD,Pickup,Moving Constant Speed,40,No,2006,FORD,F-150,39.17110883,-77.23578017,2026,3,21
260010989,Property Damage Crash,03/12/2026 09:16:00 PM,FREDERICK RD (SB/L),NA,Angle,Clear,Dry,Medium,No Controls,NONE DETECTED,Yes,No Apparent Injury,Failed to Keep in Proper Lane,Talking/listening,MD,Passenger Car,Moving Constant Speed,40,No,2024,MINI,HARDTOP,39.17110883,-77.23578017,2026,3,21
260010973,Injury Crash,03/12/2026 06:36:00 PM,BROADBIRCH DR,NA,Angle,Clear,Dry,Daylight,Stop Sign,NONE DETECTED,Yes,No Apparent Injury,Failed to Yield Right-of-Way,Not Distracted,MD,Passenger Car,Turning Left,15,No,2019,TOYOTA,RAV4,39.05564503,-76.95592523,2026,3,18
260010973,Injury Crash,03/12/2026 06:36:00 PM,BROADBIRCH DR,NA,Angle,Clear,Dry,Daylight,No Controls,NONE DETECTED,No,Possible Minor Injury,NA,Not Distracted,VA,Passenger Car,Moving Constant Speed,30,No,2020,MASERATI,LEVANTE,39.05564503,-76.95592523,2026,3,18
260010967,Property Damage Crash,03/12/2026 06:06:00 PM,BEL PRE RD,NA,Angle,Clear,Dry,Daylight,No Controls,NONE DETECTED,No,No Apparent Injury,NA,Not Distracted,MD,Passenger Car,Moving Constant Speed,35,No,2013,NISSAN,ROGUE,39.09037242,-77.05370416,2026,3,18
260010967,Property Damage Crash,03/12/2026 06:06:00 PM,BEL PRE RD,NA,Angle,Clear,Dry,Daylight,No Controls,NONE DETECTED,No,No Apparent Injury,Failed to Yield Right-of-Way,"Other Action (looking away from task, etc.)",MD,Passenger Car,Turning Left,35,No,2022,HONDA,CR-V,39.09037242,-77.05370416,2026,3,18
260010967,Property Damage Crash,03/12/2026 06:06:00 PM,BEL PRE RD,NA,Angle,Clear,Dry,Daylight,Stop Sign,NONE DETECTED,No,No Apparent Injury,NA,Not Distracted,OH,Passenger Car,Moving Constant Speed,25,No,2024,CHEVROLET,TRAILBLAZER,39.09037242,-77.05370416,2026,3,18
260010960,Injury Crash,03/12/2026 05:18:00 PM,NA,NA,Single Vehicle,Clear,NA,Daylight,NA,NONE DETECTED,Yes,Possible Minor Injury,NA,Unknown,MD,Passenger Car,Accelerating,0,No,2017,INFINITI,Q50,39.06815666,-77.26383924,2026,3,17
260010957,Injury Crash,03/12/2026 05:13:00 PM,COLUMBIA PIKE (SB/L),NA,Angle,Clear,Wet,Daylight,Traffic Control Signal,NONE DETECTED,No,Possible Minor Injury,NA,Not Distracted,MD,Passenger Car,Slowing or Stopping,50,No,2019,MAZDA,MAZDA3,39.06779917,-76.95957617,2026,3,17
260010957,Injury Crash,03/12/2026 05:13:00 PM,COLUMBIA PIKE (SB/L),NA,Angle,Clear,Wet,Daylight,Traffic Control Signal,NONE DETECTED,No,No Apparent Injury,NA,Unknown,MD,Passenger Car,Moving Constant Speed,50,No,2008,TOYOTA,CAMRY,39.06779917,-76.95957617,2026,3,17
260010955,Property Damage Crash,03/12/2026 05:12:00 PM,NA,NA,Front to Rear,Clear,Dry,Daylight,No Controls,NONE DETECTED,Yes,No Apparent Injury,Other Improper Action,"Other Action (looking away from task, etc.)",MD,Passenger Car,Moving Constant Speed,25,No,2017,HONDA,CIVIC,39.06228317,-77.066598,2026,3,17
260010952,Property Damage Crash,03/12/2026 05:01:00 PM,BEALL AVE #2,NA,Angle,Clear,Dry,Daylight,No Controls,NONE DETECTED,No,No Apparent Injury,NA,Not Distracted,MD,Passenger Car,Moving Constant Speed,25,No,2021,TOYOTA,COROLLA,39.08715968,-77.15102958,2026,3,17
260010952,Property Damage Crash,03/12/2026 05:01:00 PM,BEALL AVE #2,NA,Angle,Clear,Dry,Daylight,Stop Sign,NONE DETECTED,Yes,No Apparent Injury,NA,Not Distracted,MD,Passenger Car,Moving Constant Speed,25,No,2015,TOYOTA,TACOMA,39.08715968,-77.15102958,2026,3,17
260010950,Property Damage Crash,03/12/2026 05:00:00 PM,RANDOLPH RD,NA,Front to Rear,Clear,Wet,Daylight,Flashing Traffic Control Signal,NONE DETECTED,No,No Apparent Injury,NA,Not Distracted,MD,Passenger Car,Slowing or Stopping,35,No,2015,TOYOTA,RAV4,39.06031967,-77.044894,2026,3,17
260010950,Property Damage Crash,03/12/2026 05:00:00 PM,RANDOLPH RD,NA,Front to Rear,Clear,Wet,Daylight,Flashing Traffic Control Signal,NONE DETECTED,Yes,No Apparent Injury,NA,"Other Action (looking away from task, etc.)",MD,Passenger Car,Moving Constant Speed,35,No,2013,TOYOTA,HIGHLANDER,39.06031967,-77.044894,2026,3,17
260010947,Property Damage Crash,03/12/2026 04:32:00 PM,TWINBROOK PKWY,NA,Angle,Clear,Wet,Daylight,Stop Sign,NONE DETECTED,Yes,No Apparent Injury,NA,Not Distracted,MD,Van - Passenger (&lt;9 Seats),Accelerating,25,No,2000,CHEVROLET,ASTRO VAN,39.07822124,-77.11241465,2026,3,16
260010947,Property Damage Crash,03/12/2026 04:32:00 PM,TWINBROOK PKWY,NA,Angle,Clear,Wet,Daylight,No Controls,NONE DETECTED,No,No Apparent Injury,NA,Not Distracted,MD,Passenger Car,Moving Constant Speed,25,No,2015,TOYOTA,CAMRY,39.07822124,-77.11241465,2026,3,16
260010937,Injury Crash,03/12/2026 03:33:00 PM,INDUSTRIAL PKWY,NA,Angle,Cloudy,Wet,Daylight,Stop Sign,NONE DETECTED,No,No Apparent Injury,NA,Not Distracted,MD,Passenger Car,Slowing or Stopping,30,No,2016,HONDA,ACCORD,39.05513776,-76.97031082,2026,3,15
260010937,Injury Crash,03/12/2026 03:33:00 PM,INDUSTRIAL PKWY,NA,Angle,Cloudy,Wet,Daylight,Stop Sign,NONE DETECTED,Yes,No Apparent Injury,NA,Not Distracted,MD,Passenger Car,Turning Right,30,No,2009,TOYOTA,CAMRY,39.05513776,-76.97031082,2026,3,15
260010936,Injury Crash,03/12/2026 03:27:00 PM,EVANS DR,NA,Front to Front,Cloudy,Wet,Daylight,Stop Sign,NONE DETECTED,No,Possible Minor Injury,NA,Not Distracted,MD,Sport Utility Vehicle,Turning Right,30,No,2025,HONDA,HR-V,39.0262285,-77.05235267,2026,3,15
260010936,Injury Crash,03/12/2026 03:27:00 PM,EVANS DR,NA,Front to Front,Cloudy,Wet,Daylight,No Controls,NONE DETECTED,Yes,No Apparent Injury,"Failed to Keep in Proper Lane, Operated Motor Vehicle in Inattentive, Careless, Negligent, or Erratic Manner, Wrong Side",Unknown,MD,Passenger Car,Turning Left,30,No,2019,HONDA,CIVIC,39.0262285,-77.05235267,2026,3,15
260010934,Property Damage Crash,03/12/2026 03:06:00 PM,OLD GEORGETOWN RD (SB/L),NA,Front to Rear,Rain,Wet,Daylight,No Controls,NONE DETECTED,No,No Apparent Injury,NA,Not Distracted,MD,Passenger Car,Stopped in Traffic,35,No,2022,HYUNDAI,SANTA FE,39.03537731,-77.12453619,2026,3,15
260010934,Property Damage Crash,03/12/2026 03:06:00 PM,OLD GEORGETOWN RD (SB/L),NA,Front to Rear,Rain,Wet,Daylight,No Controls,NONE DETECTED,Yes,No Apparent Injury,NA,Unknown,MD,Passenger Car,Moving Constant Speed,35,No,2012,VOLKSWAGEN,TIGUAN,39.03537731,-77.12453619,2026,3,15
260011219,Property Damage Crash,03/12/2026 01:21:00 PM,CONNECTICUT AVE (SB/L),NA,"Sideswipe, Same Direction",Clear,Dry,Daylight,No Controls,NONE DETECTED,No,No Apparent Injury,NA,Not Distracted,MD,Passenger Car,Turning Left,20,No,2020,TOYOTA,COROLLA,39.0275738,-77.07686511,2026,3,13
260011219,Property Damage Crash,03/12/2026 01:21:00 PM,CONNECTICUT AVE (SB/L),NA,"Sideswipe, Same Direction",Clear,Dry,Daylight,Flashing Traffic Control Signal,NONE DETECTED,No,NA,"Failed to Keep in Proper Lane, Improper Turn",NA,NA,NA,Turning Left,20,No,0,NA,NA,39.0275738,-77.07686511,2026,3,13
260010901,Injury Crash,03/12/2026 12:41:00 PM,DARNESTOWN RD,NA,Single Vehicle,Snow,Slush,Daylight,No Controls,NONE DETECTED,Yes,Possible Minor Injury,NA,Not Distracted,MD,Sport Utility Vehicle,Moving Constant Speed,50,No,2011,HONDA,CR-V,39.123685,-77.32529,2026,3,12
260010898,Property Damage Crash,03/12/2026 12:38:00 PM,FRIENDSHIP BLVD,NA,"Sideswipe, Same Direction",Snow,Wet,Daylight,No Controls,NONE DETECTED,No,No Apparent Injury,NA,Not Distracted,MD,Passenger Car,Moving Constant Speed,30,No,2024,TOYOTA,CROWN,38.96392717,-77.08955883,2026,3,12
260010898,Property Damage Crash,03/12/2026 12:38:00 PM,FRIENDSHIP BLVD,NA,"Sideswipe, Same Direction",Snow,Wet,Daylight,No Controls,NONE DETECTED,No,No Apparent Injury,NA,Not Distracted,MD,Passenger Car,Parked,30,No,2012,TOYOTA,CAMRY,38.96392717,-77.08955883,2026,3,12
260010909,Property Damage Crash,03/12/2026 12:35:00 PM,NA,NA,Single Vehicle,Rain,NA,Daylight,NA,NONE DETECTED,No,No Apparent Injury,NA,"Other Action (looking away from task, etc.)",MD,Passenger Car,Accelerating,0,No,2016,KIA,FORTE,39.16136748,-77.19988677,2026,3,12
260010887,Property Damage Crash,03/12/2026 10:53:00 AM,NA,NA,Front to Rear,Snow,NA,Daylight,NA,NONE DETECTED,Yes,No Apparent Injury,NA,Not Distracted,MD,"Construction Equipment (backhoe, bulldozer, etc.)",Backing,0,No,2025,COMMERCIAL,UNKNOWN,39.11518874,-77.23535026,2026,3,10
260010887,Property Damage Crash,03/12/2026 10:53:00 AM,NA,NA,Front to Rear,Snow,NA,Daylight,NA,NONE DETECTED,No,No Apparent Injury,NA,Not Distracted,MD,Bus - Transit,Turning Left,0,No,2016,GILLIG,LOW FLOOR BUS,39.11518874,-77.23535026,2026,3,10
260010879,Property Damage Crash,03/12/2026 10:43:00 AM,GREAT SENECA HWY,NA,Single Vehicle,Rain,Wet,Daylight,No Controls,NONE DETECTED,No,No Apparent Injury,NA,Not Distracted,MD,Sport Utility Vehicle,Moving Constant Speed,35,No,2004,HONDA,PILOT,39.17358357,-77.2616325,2026,3,10
260010882,Property Damage Crash,03/12/2026 10:40:00 AM,NA,NA,Other,Rain,Wet,Daylight,No Controls,NONE DETECTED,No,No Apparent Injury,NA,Unknown,MD,Sport Utility Vehicle,Moving Constant Speed,30,No,2025,FORD,EXPLORER,38.965383,-77.1046085,2026,3,10
260010882,Property Damage Crash,03/12/2026 10:40:00 AM,NA,NA,Other,Rain,Wet,Daylight,No Controls,NONE DETECTED,Yes,No Apparent Injury,NA,Unknown,MD,Sport Utility Vehicle,Changing Lanes,30,No,2018,VOLKSWAGEN,ATLAS,38.965383,-77.1046085,2026,3,10
260010880,Injury Crash,03/12/2026 10:30:00 AM,NA,NA,Front to Front,Rain,Wet,Daylight,No Controls,NONE DETECTED,No,Possible Minor Injury,NA,Not Distracted,MD,Sport Utility Vehicle,Moving Constant Speed,50,No,2015,CHEVROLET,SUBURBAN,39.123885,-77.325435,2026,3,10
260010880,Injury Crash,03/12/2026 10:30:00 AM,NA,NA,Front to Front,Rain,Wet,Daylight,No Controls,NONE DETECTED,Yes,Possible Minor Injury,NA,Not Distracted,MD,Sport Utility Vehicle,Moving Constant Speed,50,No,2016,BUICK,ENCORE,39.123885,-77.325435,2026,3,10
260010875,Property Damage Crash,03/12/2026 09:45:00 AM,BROADBIRCH DR,NA,Angle,Rain,Wet,Daylight,Stop Sign,NONE DETECTED,No,No Apparent Injury,NA,Not Distracted,MD,Passenger Car,Moving Constant Speed,35,No,2022,DODGE,DURANGO,39.05593633,-76.96271296,2026,3,9
260010875,Property Damage Crash,03/12/2026 09:45:00 AM,BROADBIRCH DR,NA,Angle,Rain,Wet,Daylight,Stop Sign,NONE DETECTED,Yes,No Apparent Injury,"Failed to Yield Right-of-Way, Improper Turn",Not Distracted,MD,Passenger Car,Turning Left,35,No,2019,TOYOTA,C-HR,39.05593633,-76.96271296,2026,3,9
260010867,Property Damage Crash,03/12/2026 09:03:00 AM,SHADY GROVE RD,NA,Front to Rear,Rain,Wet,Daylight,Traffic Control Signal,NONE DETECTED,No,No Apparent Injury,NA,Not Distracted,MD,Pickup,Slowing or Stopping,45,No,2019,FORD,F-150,39.108974,-77.188314,2026,3,9
260010867,Property Damage Crash,03/12/2026 09:03:00 AM,SHADY GROVE RD,NA,Front to Rear,Rain,Wet,Daylight,Traffic Control Signal,NONE DETECTED,No,No Apparent Injury,NA,Not Distracted,MD,Sport Utility Vehicle,Slowing or Stopping,45,No,2025,TOYOTA,LAND CRUISER,39.108974,-77.188314,2026,3,9
260010858,Injury Crash,03/12/2026 07:59:00 AM,E GUDE DR (WB/L),NA,Rear To Side,Rain,Wet,Daylight,Traffic Control Signal,NONE DETECTED,No,No Apparent Injury,NA,Not Distracted,MD,Van - Cargo,Moving Constant Speed,35,No,2021,NISSAN,NV,39.09416883,-77.13251467,2026,3,7
260010858,Injury Crash,03/12/2026 07:59:00 AM,E GUDE DR (WB/L),NA,Rear To Side,Rain,Wet,Daylight,Traffic Control Signal,NONE DETECTED,Yes,No Apparent Injury,NA,Not Distracted,MD,Passenger Car,Turning Left,35,No,2015,FORD,C-MAX,39.09416883,-77.13251467,2026,3,7
260010856,Property Damage Crash,03/12/2026 07:35:00 AM,CONNECTICUT AVE (SB/L),NA,Front to Rear,Cloudy,Wet,Medium,No Controls,NONE DETECTED,Yes,No Apparent Injury,NA,Not Distracted,MD,Passenger Car,Slowing or Stopping,40,No,2004,HUMMER,H2,39.04323917,-77.07627033,2026,3,7
260010856,Property Damage Crash,03/12/2026 07:35:00 AM,CONNECTICUT AVE (SB/L),NA,Front to Rear,Cloudy,Wet,Medium,No Controls,NONE DETECTED,No,No Apparent Injury,NA,Not Distracted,DC,Passenger Car,Slowing or Stopping,40,No,2013,HYUNDAI,ELANTRA,39.04323917,-77.07627033,2026,3,7
260010856,Property Damage Crash,03/12/2026 07:35:00 AM,CONNECTICUT AVE (SB/L),NA,Front to Rear,Cloudy,Wet,Medium,No Controls,NONE DETECTED,No,No Apparent Injury,NA,Not Distracted,MD,Passenger Car,Slowing or Stopping,40,No,2024,NISSAN,KICKS,39.04323917,-77.07627033,2026,3,7
260010864,Property Damage Crash,03/12/2026 07:23:00 AM,CONNECTICUT AVE (SB/L),NA,"Sideswipe, Same Direction",Rain,Wet,Medium,Traffic Control Signal,NONE DETECTED,No,No Apparent Injury,NA,Not Distracted,MD,Sport Utility Vehicle,Moving Constant Speed,40,No,2016,NISSAN,ROGUE,39.0388434,-77.07579056,2026,3,7
260010864,Property Damage Crash,03/12/2026 07:23:00 AM,CONNECTICUT AVE (SB/L),NA,"Sideswipe, Same Direction",Rain,Wet,Medium,Traffic Control Signal,NONE DETECTED,No,NA,NA,NA,NA,Passenger Car,Moving Constant Speed,40,No,2015,HONDA,ACCORD,39.0388434,-77.07579056,2026,3,7
260010855,Injury Crash,03/12/2026 07:21:00 AM,CONNECTICUT AVE (SB/L),NA,Front to Rear,Rain,Wet,Daylight,Traffic Control Signal,NONE DETECTED,No,No Apparent Injury,NA,Not Distracted,MD,Sport Utility Vehicle,Moving Constant Speed,40,No,2017,LEXUS,NX,39.03878967,-77.07574808,2026,3,7
260010855,Injury Crash,03/12/2026 07:21:00 AM,CONNECTICUT AVE (SB/L),NA,Front to Rear,Rain,Wet,Daylight,Traffic Control Signal,NONE DETECTED,Yes,No Apparent Injury,Followed Too Closely,Not Distracted,MD,Passenger Car,Moving Constant Speed,40,No,2019,NISSAN,SENTRA,39.03878967,-77.07574808,2026,3,7
260010857,Injury Crash,03/12/2026 07:03:00 AM,LONGMEAD CROSSING DR,Pedestrian,Single Vehicle,Rain,Wet,Dark,No Controls,NONE DETECTED,No,No Apparent Injury,NA,Not Distracted,MD,Sport Utility Vehicle,Slowing or Stopping,25,No,2016,ACURA,MDX,39.10381768,-77.05428402,2026,3,7
260010854,Property Damage Crash,03/12/2026 05:36:00 AM,GREAT SENECA HWY (SB/L),NA,Front to Rear,Rain,Wet,Medium,No Controls,ALCOHOL PRESENT,Yes,No Apparent Injury,"Followed Too Closely, Operated Motor Vehicle in Inattentive, Careless, Negligent, or Erratic Manner, Other Improper Action",Unknown,MD,Passenger Car,Moving Constant Speed,35,No,2016,TOYOTA,COROLLA,39.15943055,-77.27535991,2026,3,5
260010854,Property Damage Crash,03/12/2026 05:36:00 AM,GREAT SENECA HWY (SB/L),NA,Front to Rear,Rain,Wet,Medium,No Controls,NONE DETECTED,No,No Apparent Injury,NA,Not Distracted,MD,Sport Utility Vehicle,Slowing or Stopping,35,No,2020,LAND ROVER,RANGE ROVER EVOQUE,39.15943055,-77.27535991,2026,3,5