Local Case Number,ACRS Report Type,Crash Date/Time,Road Name,Related Non-Motorist,Collision Type,Weather,Surface Condition,Light,Traffic Control,Driver Substance Abuse,Driver At Fault,Injury Severity,Circumstance,Driver Distracted By,Drivers License State,Vehicle Body Type,Vehicle Movement,Speed Limit,Driverless Vehicle,Vehicle Year,Vehicle Make,Vehicle Model,Latitude,Longitude,Year,Month,Hour
260010667,Property Damage Crash,03/10/2026 06:47:00 PM,FREDERICK RD,NA,Front to Rear,Clear,Dry,Daylight,No Controls,NONE DETECTED,No,No Apparent Injury,NA,Not Distracted,MD,Passenger Car,Slowing or Stopping,40,No,2020,SUBARU,OUTBACK,39.17775505,-77.23842414,2026,3,18
260010670,Injury Crash,03/10/2026 06:45:00 PM,ORION CLUB DR,NA,Single Vehicle,Clear,Dry,Daylight,No Controls,NONE DETECTED,No,Possible Minor Injury,NA,Not Distracted,MD,Passenger Car,Moving Constant Speed,35,No,2020,KIA,SOUL,39.15056059,-77.01238263,2026,3,18
260010646,Injury Crash,03/10/2026 05:04:00 PM,NA,Pedestrian,Single Vehicle,Clear,NA,Daylight,NA,NONE DETECTED,No,No Apparent Injury,NA,Not Distracted,MD,Passenger Car,Turning Left,0,No,2024,NISSAN,ROGUE,38.99229483,-77.03228817,2026,3,17
260010647,Injury Crash,03/10/2026 04:56:00 PM,NA,NA,Front to Rear,Clear,Dry,Daylight,No Controls,NONE DETECTED,Yes,No Apparent Injury,NA,Unknown,MD,Passenger Car,Moving Constant Speed,35,No,2017,DODGE,GRAND CARAVAN,39.14033404,-77.1351908,2026,3,16
260010647,Injury Crash,03/10/2026 04:56:00 PM,NA,NA,Front to Rear,Clear,Dry,Daylight,No Controls,NONE DETECTED,No,No Apparent Injury,NA,Not Distracted,MD,Passenger Car,Stopped in Traffic,35,No,2020,MINI,COUNTRYMAN,39.14033404,-77.1351908,2026,3,16
260010647,Injury Crash,03/10/2026 04:56:00 PM,NA,NA,Front to Rear,Clear,Dry,Daylight,No Controls,NONE DETECTED,No,No Apparent Injury,NA,Not Distracted,MD,Passenger Car,Stopped in Traffic,35,No,2016,TOYOTA,SIENNA,39.14033404,-77.1351908,2026,3,16
260010647,Injury Crash,03/10/2026 04:56:00 PM,NA,NA,Front to Rear,Clear,Dry,Daylight,No Controls,NONE DETECTED,No,Possible Minor Injury,NA,Not Distracted,MD,Passenger Car,Stopped in Traffic,35,No,2006,HONDA,ODYSSEY,39.14033404,-77.1351908,2026,3,16
260010644,Property Damage Crash,03/10/2026 04:30:00 PM,NA,NA,Front to Front,Clear,NA,Daylight,NA,NONE DETECTED,Yes,No Apparent Injury,NA,Not Distracted,MD,Passenger Car,Accelerating,0,No,2010,FORD,F-150,39.08057967,-77.06918283,2026,3,16
260010638,Injury Crash,03/10/2026 04:14:00 PM,INWOOD AVE,NA,Front to Front,Clear,Dry,Daylight,Traffic Control Signal,NONE DETECTED,No,Possible Minor Injury,NA,Not Distracted,MD,Passenger Car,Moving Constant Speed,35,No,2017,LEXUS,IS,39.03606735,-77.03640838,2026,3,16
260010638,Injury Crash,03/10/2026 04:14:00 PM,INWOOD AVE,NA,Front to Front,Clear,Dry,Daylight,Traffic Control Signal,NONE DETECTED,Yes,Possible Minor Injury,"Failed to Keep in Proper Lane, Wrong Way",Unknown,MD,Passenger Car,Moving Constant Speed,35,No,2019,ALFA ROMEO,STELVIO,39.03606735,-77.03640838,2026,3,16
260010633,Injury Crash,03/10/2026 03:55:00 PM,NA,Pedestrian,Single Vehicle,Clear,Dry,Daylight,No Controls,NONE DETECTED,No,No Apparent Injury,NA,Not Distracted,MD,Passenger Car,Turning Left,30,No,2015,MERCEDES-BENZ,E-CLASS,38.97911535,-77.09875904,2026,3,15
260010626,Property Damage Crash,03/10/2026 03:30:00 PM,CHURCH ST (WB/L),NA,"Sideswipe, Same Direction",Clear,Dry,Daylight,Traffic Control Signal,NONE DETECTED,No,NA,NA,NA,NA,NA,Changing Lanes,35,No,0,NA,NA,39.08354389,-77.1468806,2026,3,15
260010626,Property Damage Crash,03/10/2026 03:30:00 PM,CHURCH ST (WB/L),NA,"Sideswipe, Same Direction",Clear,Dry,Daylight,Traffic Control Signal,NONE DETECTED,No,No Apparent Injury,NA,Not Distracted,MD,Bus - Transit,Accelerating,35,No,2017,GILLIG,LOW FLOOR BUS,39.08354389,-77.1468806,2026,3,15
260010629,Property Damage Crash,03/10/2026 03:20:00 PM,NA,NA,Rear To Rear,Clear,NA,Daylight,NA,NONE DETECTED,No,NA,NA,NA,NA,Passenger Car,Backing,0,No,2024,TOYOTA,COROLLA,39.14677222,-77.20437008,2026,3,15
260010623,Injury Crash,03/10/2026 03:10:00 PM,JUDITH ST,NA,Angle,Clear,Dry,Daylight,Stop Sign,NONE DETECTED,No,Possible Minor Injury,Disregarded Other Traffic Sign,"Other Action (looking away from task, etc.)",NA,Passenger Car,Moving Constant Speed,25,No,2020,TOYOTA,COROLLA,39.07553715,-77.084013,2026,3,15
260010623,Injury Crash,03/10/2026 03:10:00 PM,JUDITH ST,NA,Angle,Clear,Dry,Daylight,No Controls,NONE DETECTED,No,Possible Minor Injury,NA,Not Distracted,MD,Passenger Car,Moving Constant Speed,25,No,2016,KIA,SOUL,39.07553715,-77.084013,2026,3,15
260010612,Property Damage Crash,03/10/2026 02:46:00 PM,UNIVERSITY BLVD W (WB/L),NA,Front to Rear,Clear,Dry,Daylight,No Controls,NONE DETECTED,No,No Apparent Injury,NA,Not Distracted,MD,Sport Utility Vehicle,Slowing or Stopping,35,No,2021,CHRYSLER,PACIFICA,39.03365689,-77.02373456,2026,3,14
260010612,Property Damage Crash,03/10/2026 02:46:00 PM,UNIVERSITY BLVD W (WB/L),NA,Front to Rear,Clear,Dry,Daylight,No Controls,NONE DETECTED,Yes,No Apparent Injury,NA,Unknown,MD,Passenger Car,Moving Constant Speed,35,No,2013,TOYOTA,CAMRY,39.03365689,-77.02373456,2026,3,14
260010580,Property Damage Crash,03/10/2026 02:11:00 PM,CALVERTON BLVD,NA,Angle,Clear,Dry,Daylight,Traffic Control Signal,NONE DETECTED,Yes,No Apparent Injury,NA,Not Distracted,MD,Passenger Car,Moving Constant Speed,40,No,2024,TOYOTA,PRIUS,39.05618983,-76.95419967,2026,3,14
260010580,Property Damage Crash,03/10/2026 02:11:00 PM,CALVERTON BLVD,NA,Angle,Clear,Dry,Daylight,Traffic Control Signal,NONE DETECTED,No,No Apparent Injury,NA,Not Distracted,MD,Passenger Car,Moving Constant Speed,40,No,2004,HONDA,ACCORD,39.05618983,-76.95419967,2026,3,14
260010545,Property Damage Crash,03/10/2026 11:50:00 AM,EDSON LA,NA,Front to Rear,Clear,Dry,Daylight,No Controls,NONE DETECTED,Yes,No Apparent Injury,NA,Not Distracted,MD,Passenger Car,Moving Constant Speed,30,No,2017,HONDA,HONDA UTILITY VEHICLE,39.040147,-77.118749,2026,3,11
260010523,Injury Crash,03/10/2026 09:50:00 AM,RANDOLPH RD (WB/L),NA,Front to Rear,Clear,Dry,Daylight,No Controls,NONE DETECTED,No,NA,NA,NA,NA,Passenger Car,Moving Constant Speed,35,No,0,NA,NA,39.0535015,-77.10793417,2026,3,9
260010523,Injury Crash,03/10/2026 09:50:00 AM,RANDOLPH RD (WB/L),NA,Front to Rear,Clear,Dry,Daylight,No Controls,NONE DETECTED,No,Possible Minor Injury,NA,Not Distracted,MD,Passenger Car,Slowing or Stopping,35,No,2023,HONDA,PILOT,39.0535015,-77.10793417,2026,3,9
260010521,Property Damage Crash,03/10/2026 09:45:00 AM,NEW HAMPSHIRE AVE (SB/L),NA,"Sideswipe, Same Direction",Clear,Dry,Daylight,Traffic Control Signal,NONE DETECTED,No,NA,NA,NA,NA,Sport Utility Vehicle,Changing Lanes,35,No,2011,TOYOTA,RAV4,38.98761704,-76.98796178,2026,3,9
260010521,Property Damage Crash,03/10/2026 09:45:00 AM,NEW HAMPSHIRE AVE (SB/L),NA,"Sideswipe, Same Direction",Clear,Dry,Daylight,Traffic Control Signal,NONE DETECTED,No,No Apparent Injury,NA,Not Distracted,MD,Sport Utility Vehicle,Moving Constant Speed,35,No,2020,CADILLAC,XT4,38.98761704,-76.98796178,2026,3,9
260010518,Property Damage Crash,03/10/2026 09:04:00 AM,RIVER RD,NA,Front to Rear,Clear,Dry,Daylight,No Controls,NONE DETECTED,No,No Apparent Injury,NA,Not Distracted,VA,Passenger Car,Stopped in Traffic,35,No,2007,TOYOTA,CAMRY,38.97906397,-77.13161132,2026,3,9
260010518,Property Damage Crash,03/10/2026 09:04:00 AM,RIVER RD,NA,Front to Rear,Clear,Dry,Daylight,No Controls,NONE DETECTED,Yes,No Apparent Injury,Followed Too Closely,Not Distracted,MD,Single-Unit Truck,Slowing or Stopping,35,No,2008,STERLING TRUCK,L8500 SERIES,38.97906397,-77.13161132,2026,3,9
260010516,Property Damage Crash,03/10/2026 08:48:00 AM,GEORGIA AVE (SB/L),NA,"Sideswipe, Same Direction",Clear,Dry,Daylight,No Controls,NONE DETECTED,No,No Apparent Injury,NA,Not Distracted,MD,Passenger Car,Moving Constant Speed,30,No,2022,TESLA,MODEL Y,39.00866384,-77.04022267,2026,3,8
260010516,Property Damage Crash,03/10/2026 08:48:00 AM,GEORGIA AVE (SB/L),NA,"Sideswipe, Same Direction",Clear,Dry,Daylight,No Controls,NONE DETECTED,No,NA,NA,NA,NA,Passenger Car,Changing Lanes,5,No,2024,KIA,TELLURIDE,39.00866384,-77.04022267,2026,3,8
260010511,Injury Crash,03/10/2026 07:53:00 AM,CONNECTICUT AVE (SB/L),NA,"Sideswipe, Same Direction",Clear,Dry,Daylight,No Controls,NONE DETECTED,No,No Apparent Injury,NA,Not Distracted,MD,Pickup,Moving Constant Speed,30,No,2018,FORD,F-250,39.03277506,-77.07502096,2026,3,7
260010511,Injury Crash,03/10/2026 07:53:00 AM,CONNECTICUT AVE (SB/L),NA,"Sideswipe, Same Direction",Clear,Dry,Daylight,No Controls,NONE DETECTED,No,Possible Minor Injury,NA,Unknown,MD,Sport Utility Vehicle,Moving Constant Speed,30,No,2020,JEEP,CHEROKEE,39.03277506,-77.07502096,2026,3,7
260010505,Property Damage Crash,03/10/2026 03:58:00 AM,GEORGIA AVE,NA,Angle,Clear,Dry,Medium,No Controls,NONE DETECTED,Yes,No Apparent Injury,"Failed to Yield Right-of-Way, Operated Motor Vehicle in Inattentive, Careless, Negligent, or Erratic Manner",Not Distracted,MD,Passenger Car,Turning Left,35,No,2023,MAZDA,CX-30,39.07862517,-77.07194617,2026,3,3
260010505,Property Damage Crash,03/10/2026 03:58:00 AM,GEORGIA AVE,NA,Angle,Clear,Dry,Medium,No Controls,NONE DETECTED,No,No Apparent Injury,NA,Not Distracted,MD,Passenger Car,Moving Constant Speed,35,No,2016,FORD,FOCUS,39.07862517,-77.07194617,2026,3,3
260010501,Property Damage Crash,03/10/2026 01:15:00 AM,SPENCERVILLE RD,NA,Single Vehicle,Clear,Dry,Medium,No Controls,NONE DETECTED,Yes,No Apparent Injury,NA,Unknown,MD,Passenger Car,Moving Constant Speed,40,No,2012,MAZDA,MAZDA5,39.11148383,-76.95181933,2026,3,1
260010495,Property Damage Crash,03/09/2026 11:31:00 PM,GEORGIA AVE (SB/L),NA,Front to Rear,Clear,Dry,Medium,Traffic Control Signal,NONE DETECTED,No,No Apparent Injury,"Operated Motor Vehicle in Inattentive, Careless, Negligent, or Erratic Manner",Unknown,NA,Passenger Car,Slowing or Stopping,35,No,2005,LEXUS,UNKNOWN,39.0603215,-77.05120033,2026,3,23
260010495,Property Damage Crash,03/09/2026 11:31:00 PM,GEORGIA AVE (SB/L),NA,Front to Rear,Clear,Dry,Medium,Traffic Control Signal,NONE DETECTED,No,No Apparent Injury,NA,Not Distracted,DC,Pickup,Stopped in Traffic,35,No,2023,DODGE,RAM,39.0603215,-77.05120033,2026,3,23
260010482,Property Damage Crash,03/09/2026 09:04:00 PM,FLOWER AVE,NA,Front to Rear,Clear,Dry,Medium,Stop Sign,NONE DETECTED,No,No Apparent Injury,NA,Not Distracted,MD,Passenger Car,Slowing or Stopping,25,No,2012,TOYOTA,CAMRY,38.98803212,-77.00071948,2026,3,21
260010482,Property Damage Crash,03/09/2026 09:04:00 PM,FLOWER AVE,NA,Front to Rear,Clear,Dry,Medium,Stop Sign,NONE DETECTED,No,NA,NA,NA,NA,Pickup,Moving Constant Speed,25,No,2022,CHEVROLET,SILVERADO HD,38.98803212,-77.00071948,2026,3,21
260010470,Property Damage Crash,03/09/2026 07:40:00 PM,NEW HAMPSHIRE AVE (SB/L),NA,Front to Front,Clear,Dry,Medium,Flashing Traffic Control Signal,NONE DETECTED,No,No Apparent Injury,NA,Not Distracted,MD,Passenger Car,Moving Constant Speed,35,No,2012,KIA,SORENTO,39.07583656,-77.00204234,2026,3,19
260010470,Property Damage Crash,03/09/2026 07:40:00 PM,NEW HAMPSHIRE AVE (SB/L),NA,Front to Front,Clear,Dry,Medium,Flashing School Zone Signal,NONE DETECTED,No,No Apparent Injury,NA,Not Distracted,MD,Passenger Car,Turning Left,35,No,2005,ACURA,MDX,39.07583656,-77.00204234,2026,3,19
260010463,Property Damage Crash,03/09/2026 07:24:00 PM,GLENMONT CIR #1,NA,Angle,Clear,Dry,Daylight,Traffic Control Signal,NONE DETECTED,No,No Apparent Injury,NA,Not Distracted,MD,Passenger Car,Turning Left,35,No,2011,LEXUS,ES,39.05914117,-77.0476085,2026,3,19
260010463,Property Damage Crash,03/09/2026 07:24:00 PM,GLENMONT CIR #1,NA,Angle,Clear,Dry,Daylight,Traffic Control Signal,NONE DETECTED,No,No Apparent Injury,NA,Not Distracted,MD,Passenger Car,Moving Constant Speed,35,No,2014,MAZDA,MAZDA3,39.05914117,-77.0476085,2026,3,19
260010447,Injury Crash,03/09/2026 05:20:00 PM,BONIFANT RD,NA,Front to Rear,Clear,Dry,Daylight,Traffic Control Signal,NONE DETECTED,No,No Apparent Injury,NA,Unknown,MD,Pickup,Slowing or Stopping,40,No,2018,CHEVROLET,COLORADO,39.09061344,-77.04474231,2026,3,17
260010447,Injury Crash,03/09/2026 05:20:00 PM,BONIFANT RD,NA,Front to Rear,Clear,Dry,Daylight,Traffic Control Signal,NONE DETECTED,No,Possible Minor Injury,NA,Not Distracted,MD,Passenger Car,Stopped in Traffic,40,No,2026,TOYOTA,COROLLA,39.09061344,-77.04474231,2026,3,17
260010444,Property Damage Crash,03/09/2026 04:39:00 PM,SECURITY LA,NA,Angle,Clear,Dry,Daylight,No Controls,NONE DETECTED,No,No Apparent Injury,NA,Not Distracted,MD,Passenger Car,Moving Constant Speed,25,No,2015,HONDA,ACCORD,39.04176967,-77.1117025,2026,3,16
260010444,Property Damage Crash,03/09/2026 04:39:00 PM,SECURITY LA,NA,Angle,Clear,Dry,Daylight,No Controls,NONE DETECTED,Yes,No Apparent Injury,"Failed to Yield Right-of-Way, Improper Turn",Not Distracted,MD,Passenger Car,Making U-Turn,25,No,2012,HONDA,CIVIC,39.04176967,-77.1117025,2026,3,16
26001043,Property Damage Crash,03/09/2026 04:26:00 PM,NA,NA,Front to Rear,Clear,Dry,Daylight,No Controls,NONE DETECTED,No,NA,NA,NA,NA,NA,Turning Left,45,No,0,NA,NA,39.02599843,-77.10334834,2026,3,16
26001043,Property Damage Crash,03/09/2026 04:26:00 PM,NA,NA,Front to Rear,Clear,Dry,Daylight,No Controls,NONE DETECTED,No,No Apparent Injury,NA,Not Distracted,MD,Passenger Car,Turning Left,45,No,2024,BUICK,ENVISTA,39.02599843,-77.10334834,2026,3,16
260010440,Property Damage Crash,03/09/2026 04:17:00 PM,CONNECTICUT AVE,NA,Other,Clear,Dry,Daylight,No Controls,NONE DETECTED,No,No Apparent Injury,NA,Not Distracted,MD,Passenger Car,Accelerating,25,No,2014,TOYOTA,SIENNA,39.03385096,-77.07488659,2026,3,16
260010440,Property Damage Crash,03/09/2026 04:17:00 PM,CONNECTICUT AVE,NA,Other,Clear,Dry,Daylight,No Controls,NONE DETECTED,No,No Apparent Injury,NA,Not Distracted,MD,Passenger Car,Moving Constant Speed,35,No,2020,HONDA,CR-V,39.03385096,-77.07488659,2026,3,16
260010442,Property Damage Crash,03/09/2026 03:57:00 PM,E LIGHT DR,NA,"Sideswipe, Opposite Direction",Clear,Dry,Daylight,No Controls,NONE DETECTED,Yes,No Apparent Injury,"Operated Motor Vehicle in Inattentive, Careless, Negligent, or Erratic Manner",Talking/listening,MD,Passenger Car,Negotiating a Curve,30,No,1997,LEXUS,ES,39.01354201,-76.98620832,2026,3,15
260010437,Property Damage Crash,03/09/2026 03:54:00 PM,READING AVE,NA,Angle,Clear,Dry,Daylight,Stop Sign,NONE DETECTED,Yes,No Apparent Injury,NA,Not Distracted,MD,Bus - School,Turning Right,25,No,2018,THOMAS BUILT,HDX,39.08338139,-77.13689759,2026,3,15
260010429,Injury Crash,03/09/2026 03:30:00 PM,CHERRY HILL RD,NA,Front to Rear,Clear,Dry,Daylight,Traffic Control Signal,NONE DETECTED,Yes,No Apparent Injury,NA,Unknown,MD,Passenger Car,Slowing or Stopping,35,No,2013,FORD,F-150,39.06199712,-76.9606403,2026,3,15
260010429,Injury Crash,03/09/2026 03:30:00 PM,CHERRY HILL RD,NA,Front to Rear,Clear,Dry,Daylight,Traffic Control Signal,NONE DETECTED,No,No Apparent Injury,NA,Not Distracted,MD,Passenger Car,Slowing or Stopping,35,No,2024,FORD,MUSTANG MACH-E,39.06199712,-76.9606403,2026,3,15
260010429,Injury Crash,03/09/2026 03:30:00 PM,CHERRY HILL RD,NA,Front to Rear,Clear,Dry,Daylight,Traffic Control Signal,NONE DETECTED,No,Possible Minor Injury,NA,Not Distracted,VA,Passenger Car,Slowing or Stopping,35,No,2023,FORD,F-150,39.06199712,-76.9606403,2026,3,15
260010428,Property Damage Crash,03/09/2026 03:23:00 PM,CHRISTOPHER AVE (NB/L),NA,Front to Rear,Clear,Dry,Daylight,Traffic Control Signal,NONE DETECTED,No,No Apparent Injury,NA,Not Distracted,MD,Sport Utility Vehicle,Slowing or Stopping,35,No,2016,FORD,EDGE,39.15821914,-77.20434823,2026,3,15
260010428,Property Damage Crash,03/09/2026 03:23:00 PM,CHRISTOPHER AVE (NB/L),NA,Front to Rear,Clear,Dry,Daylight,Traffic Control Signal,NONE DETECTED,Yes,No Apparent Injury,"Followed Too Closely, Too Fast For Conditions",Not Distracted,MD,Sport Utility Vehicle,Slowing or Stopping,35,No,2012,HONDA,CR-V,39.15821914,-77.20434823,2026,3,15
260010422,Property Damage Crash,03/09/2026 02:45:00 PM,NA,NA,Angle,Clear,Dry,Daylight,Traffic Control Signal,NONE DETECTED,No,No Apparent Injury,NA,Not Distracted,MD,Passenger Car,Moving Constant Speed,30,No,2025,LUCID,AIR,39.2877775,-77.20167667,2026,3,14
260010422,Property Damage Crash,03/09/2026 02:45:00 PM,NA,NA,Angle,Clear,Dry,Daylight,Traffic Control Signal,NONE DETECTED,Yes,No Apparent Injury,"Failed to Yield Right-of-Way, Other Improper Action",Not Distracted,MD,Passenger Car,Turning Left,30,No,2015,HONDA,CR-V,39.2877775,-77.20167667,2026,3,14
260010417,Property Damage Crash,03/09/2026 02:30:00 PM,ROCKVILLE PIKE (SB/L),NA,Other,Clear,Dry,Daylight,No Controls,NONE DETECTED,Yes,No Apparent Injury,NA,Not Distracted,MD,Sport Utility Vehicle,Turning Left,35,No,2020,TOYOTA,HIGHLANDER,39.07539642,-77.13715903,2026,3,14
260010417,Property Damage Crash,03/09/2026 02:30:00 PM,ROCKVILLE PIKE (SB/L),NA,Other,Clear,Dry,Daylight,No Controls,NONE DETECTED,No,No Apparent Injury,NA,Not Distracted,MD,Passenger Car,Moving Constant Speed,35,No,2015,MASERATI,GHIBLI,39.07539642,-77.13715903,2026,3,14
260010414,Property Damage Crash,03/09/2026 02:00:00 PM,NA,NA,Single Vehicle,Clear,Dry,Daylight,No Controls,NONE DETECTED,Yes,No Apparent Injury,Over-Correcting/Over-Steering,Unknown,MD,Passenger Car,Moving Constant Speed,35,No,2015,NISSAN,VERSA NOTE,39.03049438,-77.20163991,2026,3,14
260010427,Property Damage Crash,03/09/2026 01:54:00 PM,JONES BRIDGE RD,NA,"Sideswipe, Same Direction",Clear,Dry,Daylight,No Controls,NONE DETECTED,No,No Apparent Injury,NA,Not Distracted,MD,Passenger Car,Changing Lanes,35,No,2015,BMW,I3,38.99970655,-77.07634222,2026,3,13
260010427,Property Damage Crash,03/09/2026 01:54:00 PM,JONES BRIDGE RD,NA,"Sideswipe, Same Direction",Clear,Dry,Daylight,No Controls,NONE DETECTED,No,NA,NA,NA,NA,Pickup,Changing Lanes,35,No,2011,FORD,F-150,38.99970655,-77.07634222,2026,3,13
260010413,Property Damage Crash,03/09/2026 01:15:00 PM,NA,NA,Angle,Clear,NA,Daylight,NA,NONE DETECTED,No,NA,NA,NA,NA,Passenger Car,NA,0,No,2023,TOYOTA,RAV4,38.99713445,-77.02365437,2026,3,13
260010380,Injury Crash,03/09/2026 10:48:00 AM,ELLINGTON BLVD,NA,"Sideswipe, Same Direction",Clear,Dry,Daylight,No Controls,NONE DETECTED,No,No Apparent Injury,NA,Not Distracted,MD,Passenger Car,Moving Constant Speed,30,No,2019,HONDA,CIVIC,39.11517268,-77.20461815,2026,3,10
260010380,Injury Crash,03/09/2026 10:48:00 AM,ELLINGTON BLVD,NA,"Sideswipe, Same Direction",Clear,Dry,Daylight,No Controls,NONE DETECTED,Yes,Possible Minor Injury,NA,Not Distracted,MD,Passenger Car,Parked,30,No,2023,CHEVROLET,TRAVERSE,39.11517268,-77.20461815,2026,3,10
260010372,Property Damage Crash,03/09/2026 10:30:00 AM,BRINK RD,NA,Front to Rear,Clear,Dry,Daylight,No Controls,NONE DETECTED,No,No Apparent Injury,NA,Not Distracted,MD,Pickup,Turning Right,40,No,2001,CHEVROLET,SILVERADO,39.20809928,-77.18009611,2026,3,10
260010372,Property Damage Crash,03/09/2026 10:30:00 AM,BRINK RD,NA,Front to Rear,Clear,Dry,Daylight,No Controls,NONE DETECTED,Yes,No Apparent Injury,Followed Too Closely,Not Distracted,MD,Passenger Car,Moving Constant Speed,40,No,2014,HYUNDAI,SONATA,39.20809928,-77.18009611,2026,3,10
260010359,Injury Crash,03/09/2026 10:03:00 AM,BURNT MILLS AVE,NA,"Sideswipe, Opposite Direction",Clear,Dry,Daylight,Traffic Control Signal,NONE DETECTED,Yes,No Apparent Injury,NA,Not Distracted,MD,Passenger Car,Turning Left,35,No,2008,HONDA,CR-V,39.03629922,-77.00024297,2026,3,10
260010359,Injury Crash,03/09/2026 10:03:00 AM,BURNT MILLS AVE,NA,"Sideswipe, Opposite Direction",Clear,Dry,Daylight,Traffic Control Signal,NONE DETECTED,No,No Apparent Injury,NA,Not Distracted,MD,Passenger Car,Moving Constant Speed,55,No,2018,TOYOTA,RAV4,39.03629922,-77.00024297,2026,3,10
260010355,Injury Crash,03/09/2026 09:30:00 AM,MORNINGWOOD DR,NA,Front to Rear,Clear,Dry,Daylight,No Controls,NONE DETECTED,Yes,Possible Minor Injury,NA,Unknown,MD,Sport Utility Vehicle,Moving Constant Speed,35,No,2017,LEXUS,NX,39.15039583,-77.06846917,2026,3,9
260010356,Property Damage Crash,03/09/2026 09:11:00 AM,LAYHILL RD,NA,Angle,Clear,Dry,Daylight,No Controls,NONE DETECTED,No,No Apparent Injury,NA,Unknown,MA,Sport Utility Vehicle,Turning Left,40,No,2012,NISSAN,MURANO,39.08765848,-77.04486186,2026,3,9
260010356,Property Damage Crash,03/09/2026 09:11:00 AM,LAYHILL RD,NA,Angle,Clear,Dry,Daylight,No Controls,NONE DETECTED,No,No Apparent Injury,NA,Not Distracted,MD,Single-Unit Truck,Moving Constant Speed,40,No,2005,CHEVROLET,C4,39.08765848,-77.04486186,2026,3,9
260010351,Property Damage Crash,03/09/2026 08:50:00 AM,MEDICAL CENTER WAY,NA,Angle,Clear,Dry,Daylight,Traffic Control Signal,NONE DETECTED,No,No Apparent Injury,NA,Not Distracted,MD,Passenger Car,Moving Constant Speed,40,No,2020,ACURA,RDX,39.09697633,-77.194692,2026,3,8
260010351,Property Damage Crash,03/09/2026 08:50:00 AM,MEDICAL CENTER WAY,NA,Angle,Clear,Dry,Daylight,Traffic Control Signal,NONE DETECTED,Yes,No Apparent Injury,NA,Unknown,MD,Sport Utility Vehicle,Turning Left,40,No,2021,ACURA,RDX,39.09697633,-77.194692,2026,3,8
260010352,Property Damage Crash,03/09/2026 08:42:00 AM,MONTROSE RD (WB/L),NA,Front to Rear,Clear,Dry,Daylight,Traffic Control Signal,NONE DETECTED,Yes,No Apparent Injury,NA,Not Distracted,MD,Passenger Car,Moving Constant Speed,35,No,2008,HONDA,CIVIC,39.05403839,-77.13802892,2026,3,8
260010352,Property Damage Crash,03/09/2026 08:42:00 AM,MONTROSE RD (WB/L),NA,Front to Rear,Clear,Dry,Daylight,Traffic Control Signal,NONE DETECTED,No,No Apparent Injury,NA,Not Distracted,MD,Passenger Car,Moving Constant Speed,35,No,2019,CHEVROLET,TAHOE,39.05403839,-77.13802892,2026,3,8
260010353,Property Damage Crash,03/09/2026 08:41:00 AM,DUNBAR TERR,NA,Rear To Side,Clear,Dry,Daylight,No Controls,NONE DETECTED,No,No Apparent Injury,NA,Not Distracted,MD,Pickup,Parked,25,No,2005,CHEVROLET,COLORADO,39.15629392,-77.28556336,2026,3,8
260010353,Property Damage Crash,03/09/2026 08:41:00 AM,DUNBAR TERR,NA,Rear To Side,Clear,Dry,Daylight,No Controls,NONE DETECTED,Yes,No Apparent Injury,Improper Backing,Not Distracted,MD,Sport Utility Vehicle,Backing,25,No,2019,TOYOTA,HIGHLANDER,39.15629392,-77.28556336,2026,3,8
260010350,Property Damage Crash,03/09/2026 08:33:00 AM,WOODMONT AVE,NA,Front to Rear,Clear,Dry,Daylight,No Controls,NONE DETECTED,Yes,No Apparent Injury,NA,Unknown,MD,Passenger Car,Stopped in Traffic,35,No,2018,HONDA,CR-V,38.97996609,-77.09359031,2026,3,8