Local Case Number,ACRS Report Type,Crash Date/Time,Road Name,Related Non-Motorist,Collision Type,Weather,Surface Condition,Light,Traffic Control,Driver Substance Abuse,Driver At Fault,Injury Severity,Circumstance,Driver Distracted By,Drivers License State,Vehicle Body Type,Vehicle Movement,Speed Limit,Driverless Vehicle,Vehicle Year,Vehicle Make,Vehicle Model,Latitude,Longitude,Year,Month,Hour
260010059,Property Damage Crash,03/06/2026 08:01:00 PM,DEVON RD,NA,Front to Front,Clear,Dry,Medium,Traffic Control Signal,NONE DETECTED,Yes,No Apparent Injury,NA,Not Distracted,MD,Passenger Car,Turning Left,30,No,2016,FORD,EXPLORER,38.99375951,-77.00905286,2026,3,20
260010059,Property Damage Crash,03/06/2026 08:01:00 PM,DEVON RD,NA,Front to Front,Clear,Dry,Medium,Traffic Control Signal,NONE DETECTED,No,No Apparent Injury,NA,Not Distracted,MD,Passenger Car,Moving Constant Speed,30,No,2025,TOYOTA,COROLLA,38.99375951,-77.00905286,2026,3,20
260010060,Injury Crash,03/06/2026 08:00:00 PM,MARINELLI RD,Pedestrian,Single Vehicle,Clear,Dry,Medium,Traffic Control Signal,NONE DETECTED,Yes,No Apparent Injury,NA,Not Distracted,MD,Sport Utility Vehicle,Turning Right,35,No,2019,MAZDA,CX-5,39.04717249,-77.11283405,2026,3,20
260010058,Property Damage Crash,03/06/2026 06:44:00 PM,NA,NA,Single Vehicle,Cloudy,NA,Medium,NA,NONE DETECTED,Yes,No Apparent Injury,"Operated Motor Vehicle in Inattentive, Careless, Negligent, or Erratic Manner",Talking/listening,MD,Passenger Car,NA,0,No,2007,MERCEDES-BENZ,E-CLASS,39.28931615,-77.20507032,2026,3,18
260010048,Property Damage Crash,03/06/2026 05:37:00 PM,RIVER RD (WB/L),NA,Front to Rear,Clear,Dry,Daylight,No Controls,NONE DETECTED,No,No Apparent Injury,NA,Not Distracted,VA,Passenger Car,Moving Constant Speed,35,No,2000,TOYOTA,YARIS,38.97358568,-77.12256046,2026,3,17
260010048,Property Damage Crash,03/06/2026 05:37:00 PM,RIVER RD (WB/L),NA,Front to Rear,Clear,Dry,Daylight,No Controls,NONE DETECTED,No,NA,NA,NA,NA,Pickup,Overtaking/Passing,35,No,2022,FORD,F-650,38.97358568,-77.12256046,2026,3,17
260010049,Property Damage Crash,03/06/2026 05:35:00 PM,NA,NA,Single Vehicle,Clear,NA,Daylight,NA,NONE DETECTED,Yes,No Apparent Injury,Improper Backing,Unknown,MD,Other,Backing,0,No,2016,FREIGHTLINER,M2,39.18026529,-77.41164036,2026,3,17
260010034,Property Damage Crash,03/06/2026 04:30:00 PM,EXECUTIVE BLVD,NA,Front to Rear,Clear,Dry,Daylight,Traffic Control Signal,NONE DETECTED,No,No Apparent Injury,NA,Unknown,MD,Passenger Car,Slowing or Stopping,35,No,2008,HONDA,CIVIC,39.04847868,-77.11927583,2026,3,16
260010034,Property Damage Crash,03/06/2026 04:30:00 PM,EXECUTIVE BLVD,NA,Front to Rear,Clear,Dry,Daylight,Traffic Control Signal,NONE DETECTED,No,No Apparent Injury,NA,Not Distracted,MD,Sport Utility Vehicle,Stopped in Traffic,35,No,2025,HONDA,CR-V,39.04847868,-77.11927583,2026,3,16
260010030,Property Damage Crash,03/06/2026 04:18:00 PM,SHADY GROVE RD,NA,"Sideswipe, Same Direction",Cloudy,Dry,Daylight,Traffic Control Signal,NONE DETECTED,No,No Apparent Injury,NA,Not Distracted,MD,Passenger Car,Stopped in Traffic,35,No,2015,HONDA,ACCORD,39.11448518,-77.18549967,2026,3,16
260010030,Property Damage Crash,03/06/2026 04:18:00 PM,SHADY GROVE RD,NA,"Sideswipe, Same Direction",Cloudy,Dry,Daylight,Traffic Control Signal,NONE DETECTED,No,No Apparent Injury,NA,NA,NA,Other Trucks,Accelerating,35,No,0,NA,NA,39.11448518,-77.18549967,2026,3,16
260010023,Property Damage Crash,03/06/2026 03:29:00 PM,OLDE TOWNE AVE,NA,Front to Rear,Cloudy,Dry,Daylight,No Controls,NONE DETECTED,No,No Apparent Injury,NA,Not Distracted,MD,Passenger Car,Turning Left,25,No,2010,HONDA,CR-V,39.14065324,-77.1942534,2026,3,15
260010023,Property Damage Crash,03/06/2026 03:29:00 PM,OLDE TOWNE AVE,NA,Front to Rear,Cloudy,Dry,Daylight,No Controls,NONE DETECTED,No,NA,NA,NA,NA,Passenger Car,Overtaking/Passing,25,No,2019,TOYOTA,C-HR,39.14065324,-77.1942534,2026,3,15
260010003,Property Damage Crash,03/06/2026 02:24:00 PM,NA,NA,Front to Front,Cloudy,NA,Daylight,NA,NONE DETECTED,No,No Apparent Injury,"Failed to Keep in Proper Lane, Ran Off Roadway",Not Distracted,MD,Passenger Car,Moving Constant Speed,0,No,2023,HONDA,CIVIC,39.08549038,-77.11984931,2026,3,14
260010009,Property Damage Crash,03/06/2026 02:22:00 PM,NA,NA,"Sideswipe, Opposite Direction",Cloudy,NA,Daylight,NA,NONE DETECTED,Yes,No Apparent Injury,Other Improper Action,Unknown,MD,Passenger Car,Slowing or Stopping,0,No,2000,LEXUS,RX,39.09189386,-77.21032386,2026,3,14
260010010,Injury Crash,03/06/2026 02:20:00 PM,RAMP 3 FR MD 198 EB TO RAMP 2 (US 29),NA,Angle,Clear,Dry,Daylight,Traffic Control Signal,NONE DETECTED,Yes,No Apparent Injury,NA,Not Distracted,FL,Passenger Car,Moving Constant Speed,45,No,2025,MAZDA,CX-30,39.11154184,-76.92861778,2026,3,14
260010010,Injury Crash,03/06/2026 02:20:00 PM,RAMP 3 FR MD 198 EB TO RAMP 2 (US 29),NA,Angle,Clear,Dry,Daylight,Traffic Control Signal,NONE DETECTED,No,No Apparent Injury,NA,Not Distracted,MD,Passenger Car,Moving Constant Speed,30,No,2020,HONDA,CIVIC,39.11154184,-76.92861778,2026,3,14
260010004,Injury Crash,03/06/2026 02:10:00 PM,VEIRS MILL RD (WB/L),NA,Front to Rear,Clear,Dry,Daylight,Traffic Control Signal,NONE DETECTED,No,No Apparent Injury,NA,Not Distracted,MD,Sport Utility Vehicle,Slowing or Stopping,45,No,2026,HONDA,CR-V,39.07334103,-77.11165342,2026,3,14
260010004,Injury Crash,03/06/2026 02:10:00 PM,VEIRS MILL RD (WB/L),NA,Front to Rear,Clear,Dry,Daylight,Traffic Control Signal,NONE DETECTED,Yes,No Apparent Injury,Followed Too Closely,Not Distracted,MD,Other Trucks,Slowing or Stopping,45,No,2010,ISUZU,NQR/NRR,39.07334103,-77.11165342,2026,3,14
260009995,Injury Crash,03/06/2026 01:37:00 PM,BLACKBURN RD,NA,Front to Front,Clear,Dry,Daylight,Traffic Control Signal,NONE DETECTED,No,Possible Minor Injury,NA,Not Distracted,MD,Passenger Car,Moving Constant Speed,25,No,2016,HONDA,CIVIC,39.1040925,-76.93319783,2026,3,13
260009995,Injury Crash,03/06/2026 01:37:00 PM,BLACKBURN RD,NA,Front to Front,Clear,Dry,Daylight,Traffic Control Signal,NONE DETECTED,Yes,No Apparent Injury,NA,Not Distracted,MD,Passenger Car,Turning Left,25,No,2022,TOYOTA,CAMRY,39.1040925,-76.93319783,2026,3,13
260009993,Property Damage Crash,03/06/2026 01:12:00 PM,ROCKVILLE PIKE,NA,Angle,Clear,Dry,Daylight,Traffic Control Signal,NONE DETECTED,No,No Apparent Injury,NA,Not Distracted,MD,Sport Utility Vehicle,Moving Constant Speed,35,No,2013,TOYOTA,HIGHLANDER,39.06955131,-77.13059567,2026,3,13
260009993,Property Damage Crash,03/06/2026 01:12:00 PM,ROCKVILLE PIKE,NA,Angle,Clear,Dry,Daylight,Traffic Control Signal,NONE DETECTED,Yes,No Apparent Injury,NA,Not Distracted,VA,Passenger Car,Turning Left,35,No,1999,SUBARU,LEGACY,39.06955131,-77.13059567,2026,3,13
260009975,Injury Crash,03/06/2026 11:57:00 AM,FENTON ST,NA,Other,Clear,Dry,Daylight,No Controls,NONE DETECTED,Yes,Possible Minor Injury,NA,Not Distracted,NA,Moped Or motorized bicycle,Moving Constant Speed,20,No,2019,UNKNOWN,UNKNOWN,38.99726596,-77.02614294,2026,3,11
260009975,Injury Crash,03/06/2026 11:57:00 AM,FENTON ST,NA,Other,Clear,Dry,Daylight,No Controls,NONE DETECTED,Yes,No Apparent Injury,NA,Not Distracted,MD,Passenger Car,Making U-Turn,20,No,2019,HONDA,CIVIC,38.99726596,-77.02614294,2026,3,11
260009960,Injury Crash,03/06/2026 10:00:00 AM,VEIRS MILL RD (WB/L),NA,Angle,Clear,Dry,Daylight,No Controls,NONE DETECTED,No,Possible Minor Injury,NA,Not Distracted,MD,Passenger Car,Moving Constant Speed,30,No,2015,TOYOTA,AVALON,39.0430845,-77.0608385,2026,3,10
260009960,Injury Crash,03/06/2026 10:00:00 AM,VEIRS MILL RD (WB/L),NA,Angle,Clear,Dry,Daylight,No Controls,NONE DETECTED,Yes,No Apparent Injury,NA,Unknown,MD,Pickup,Changing Lanes,30,No,2005,DODGE,RAM,39.0430845,-77.0608385,2026,3,10
260009957,Property Damage Crash,03/06/2026 09:32:00 AM,QUEBEC ST,NA,"Sideswipe, Opposite Direction",Clear,Wet,Daylight,No Controls,NONE DETECTED,Yes,No Apparent Injury,Failed to Keep in Proper Lane,Not Distracted,MD,Bus - Transit,Turning Left,20,No,2016,GILLIG,CITY TRANSIT BUS,39.00055795,-76.98516004,2026,3,9
260009957,Property Damage Crash,03/06/2026 09:32:00 AM,QUEBEC ST,NA,"Sideswipe, Opposite Direction",Clear,Wet,Daylight,No Controls,NONE DETECTED,No,No Apparent Injury,NA,Not Distracted,MD,Passenger Car,Turning Right,20,No,2010,HONDA,CIVIC,39.00055795,-76.98516004,2026,3,9
260009949,Property Damage Crash,03/06/2026 09:20:00 AM,NA,NA,Single Vehicle,Rain,Wet,Daylight,No Controls,NONE DETECTED,No,No Apparent Injury,NA,Not Distracted,MD,Bus - School,Moving Constant Speed,35,No,2019,FREIGHTLINER,B2 BUS CHASSIS,39.1179645,-77.036051,2026,3,9
260009951,Property Damage Crash,03/06/2026 09:11:00 AM,NEW HAMPSHIRE AVE,NA,"Sideswipe, Opposite Direction",Cloudy,Dry,Daylight,Traffic Control Signal,NONE DETECTED,No,No Apparent Injury,NA,Not Distracted,MD,Bus - School,Overtaking/Passing,10,No,2019,THOMAS BUILT,HDX,38.98330975,-76.98826304,2026,3,9
260009951,Property Damage Crash,03/06/2026 09:11:00 AM,NEW HAMPSHIRE AVE,NA,"Sideswipe, Opposite Direction",Cloudy,Dry,Daylight,Traffic Control Signal,NONE DETECTED,No,No Apparent Injury,NA,Not Distracted,MD,Bus - School,Moving Constant Speed,10,No,2024,FREIGHTLINER,B2 BUS CHASSIS,38.98330975,-76.98826304,2026,3,9
260009945,Property Damage Crash,03/06/2026 08:23:00 AM,NA,NA,"Sideswipe, Opposite Direction",Rain,NA,Daylight,NA,NONE DETECTED,Yes,No Apparent Injury,NA,Not Distracted,MD,Passenger Car,Accelerating,0,No,2016,CHEVROLET,IMPALA LIMITED,39.09655133,-76.91963704,2026,3,8
260009940,Injury Crash,03/06/2026 07:36:00 AM,GEORGIA AVE (SB/L),NA,Front to Rear,Cloudy,Wet,Daylight,No Controls,NONE DETECTED,No,No Apparent Injury,NA,Unknown,MD,Sport Utility Vehicle,Changing Lanes,45,No,2018,SUBARU,OUTBACK,39.10839567,-77.07627967,2026,3,7
260009940,Injury Crash,03/06/2026 07:36:00 AM,GEORGIA AVE (SB/L),NA,Front to Rear,Cloudy,Wet,Daylight,No Controls,NONE DETECTED,No,Possible Minor Injury,NA,Unknown,MD,Sport Utility Vehicle,Changing Lanes,45,No,2025,MAZDA,CX-5,39.10839567,-77.07627967,2026,3,7
260009931,Injury Crash,03/06/2026 06:24:00 AM,NA,NA,Front to Rear,Cloudy,Wet,Daylight,Traffic Control Signal,NONE DETECTED,No,Possible Minor Injury,NA,Not Distracted,MD,Passenger Car,Stopped in Traffic,35,No,2020,NISSAN,ROGUE,39.05574218,-77.14962955,2026,3,6
260009931,Injury Crash,03/06/2026 06:24:00 AM,NA,NA,Front to Rear,Cloudy,Wet,Daylight,Traffic Control Signal,NONE DETECTED,Yes,No Apparent Injury,"Followed Too Closely, Too Fast For Conditions",Not Distracted,MD,Passenger Car,Slowing or Stopping,35,No,2014,SUBARU,FORESTER,39.05574218,-77.14962955,2026,3,6
260009930,Property Damage Crash,03/06/2026 05:59:00 AM,SCHUYLKILL RD,NA,Front to Rear,Clear,Dry,Medium,Stop Sign,NONE DETECTED,No,NA,NA,NA,NA,Passenger Car,Moving Constant Speed,35,No,2021,HONDA,ACCORD,39.04452603,-77.09767032,2026,3,5
260009932,Property Damage Crash,03/06/2026 05:55:00 AM,NA,NA,Single Vehicle,Rain,Wet,Dark,Stop Sign,NONE DETECTED,Yes,No Apparent Injury,"Ran Off Roadway, Too Fast For Conditions","Other Action (looking away from task, etc.)",MD,Sport Utility Vehicle,Moving Constant Speed,35,No,2012,FORD,EXPLORER,39.24636625,-77.1437111,2026,3,5
260009924,Property Damage Crash,03/06/2026 01:51:00 AM,NEW HAMPSHIRE AVE,NA,Single Vehicle,Rain,Wet,Medium,No Controls,NONE DETECTED,Yes,No Apparent Injury,NA,Not Distracted,MD,Sport Utility Vehicle,Moving Constant Speed,40,No,2013,TOYOTA,HIGHLANDER,39.03211674,-76.98470344,2026,3,1
260009910,Property Damage Crash,03/05/2026 10:01:00 PM,MIDCOUNTY HWY,NA,Single Vehicle,Rain,Wet,Dark,No Controls,ALCOHOL PRESENT,Yes,No Apparent Injury,"Operated Motor Vehicle in Inattentive, Careless, Negligent, or Erratic Manner, Operated Motor Vehicle in Reckless or Aggressive Manner, Too Fast For Conditions",Not Distracted,MD,Passenger Car,Moving Constant Speed,50,No,2004,ACURA,TL,39.15542433,-77.18162133,2026,3,22
260009907,Injury Crash,03/05/2026 09:31:00 PM,NA,NA,Rear To Side,Clear,Wet,Medium,Traffic Control Signal,NONE DETECTED,Yes,No Apparent Injury,"Failed to Yield Right-of-Way, Improper Turn",Not Distracted,MD,Sport Utility Vehicle,Turning Left,35,No,2012,MERCEDES-BENZ,GLK-CLASS,39.0905835,-77.047817,2026,3,21
260009907,Injury Crash,03/05/2026 09:31:00 PM,NA,NA,Rear To Side,Clear,Wet,Medium,Traffic Control Signal,NONE DETECTED,No,Possible Minor Injury,NA,Not Distracted,MD,Passenger Car,Moving Constant Speed,35,No,2018,HONDA,CIVIC,39.0905835,-77.047817,2026,3,21
260009891,Property Damage Crash,03/05/2026 07:40:00 PM,MIDCOUNTY HWY (SB/L),NA,Single Vehicle,Rain,Wet,Medium,Traffic Control Signal,NONE DETECTED,Yes,No Apparent Injury,Too Fast For Conditions,Talking/listening,MD,Passenger Car,Turning Right,35,No,2020,HONDA,CIVIC,39.1603203,-77.20197452,2026,3,19
260009890,Injury Crash,03/05/2026 07:39:00 PM,ROCKVILLE PIKE,NA,Front to Rear,Clear,Dry,Medium,No Controls,NONE DETECTED,Yes,Possible Minor Injury,Followed Too Closely,Not Distracted,MD,Passenger Car,Slowing or Stopping,35,No,2014,MAZDA,MAZDA3,39.00443283,-77.09738867,2026,3,19
260009890,Injury Crash,03/05/2026 07:39:00 PM,ROCKVILLE PIKE,NA,Front to Rear,Clear,Dry,Medium,No Controls,NONE DETECTED,No,No Apparent Injury,NA,Not Distracted,MD,Passenger Car,Slowing or Stopping,35,No,2025,TOYOTA,SIENNA,39.00443283,-77.09738867,2026,3,19
260009895,Property Damage Crash,03/05/2026 07:35:00 PM,NA,NA,Angle,Clear,NA,Medium,NA,NONE DETECTED,No,NA,NA,NA,NA,Station Wagon,Turning Right,0,No,0,NA,NA,39.04425031,-77.10549735,2026,3,19
260009882,Property Damage Crash,03/05/2026 06:28:00 PM,BEECH TREE RD,NA,Angle,Clear,Dry,Medium,Traffic Control Signal,NONE DETECTED,Yes,No Apparent Injury,Failed to Yield Right-of-Way,Unknown,MD,Sport Utility Vehicle,Turning Left,35,No,2022,HYUNDAI,IONIQ 5,38.98612267,-77.14323467,2026,3,18
260009882,Property Damage Crash,03/05/2026 06:28:00 PM,BEECH TREE RD,NA,Angle,Clear,Dry,Medium,Traffic Control Signal,NONE DETECTED,No,No Apparent Injury,NA,Not Distracted,MD,Sport Utility Vehicle,Moving Constant Speed,35,No,2022,AUDI,E-TRON,38.98612267,-77.14323467,2026,3,18
260009878,Property Damage Crash,03/05/2026 06:05:00 PM,CASTLE BLVD,NA,Angle,Clear,Dry,Medium,No Controls,NONE DETECTED,Yes,No Apparent Injury,NA,Not Distracted,MD,Passenger Car,Turning Left,30,No,2007,HONDA,CR-V,39.08439789,-76.94069547,2026,3,18
260009878,Property Damage Crash,03/05/2026 06:05:00 PM,CASTLE BLVD,NA,Angle,Clear,Dry,Medium,No Controls,NONE DETECTED,No,No Apparent Injury,NA,Not Distracted,MD,Passenger Car,Moving Constant Speed,30,No,2011,NISSAN,ROGUE,39.08439789,-76.94069547,2026,3,18
260009869,Property Damage Crash,03/05/2026 05:28:00 PM,KEY WEST AVE,NA,"Sideswipe, Same Direction",Clear,Dry,Daylight,Traffic Control Signal,NONE DETECTED,Yes,No Apparent Injury,Failed to Keep in Proper Lane,Unknown,MD,Passenger Car,Changing Lanes,40,No,2022,TESLA,MODEL Y,39.10534941,-77.19668806,2026,3,17
260009869,Property Damage Crash,03/05/2026 05:28:00 PM,KEY WEST AVE,NA,"Sideswipe, Same Direction",Clear,Dry,Daylight,Traffic Control Signal,NONE DETECTED,No,No Apparent Injury,NA,Unknown,MD,Passenger Car,Slowing or Stopping,40,No,2004,TOYOTA,HIGHLANDER,39.10534941,-77.19668806,2026,3,17
260009865,Injury Crash,03/05/2026 05:23:00 PM,NA,NA,Other,Clear,NA,Daylight,NA,NONE DETECTED,Yes,No Apparent Injury,NA,Not Distracted,MD,Passenger Car,Backing,0,No,2008,NISSAN,VERSA,38.99934753,-77.00170216,2026,3,17
260009865,Injury Crash,03/05/2026 05:23:00 PM,NA,NA,Other,Clear,NA,Daylight,NA,NONE DETECTED,No,Possible Minor Injury,NA,Not Distracted,MD,Passenger Car,Moving Constant Speed,0,No,2008,MERCEDES-BENZ,E-CLASS,38.99934753,-77.00170216,2026,3,17
260009872,Property Damage Crash,03/05/2026 05:01:00 PM,RANDOLPH RD (WB/L),NA,Angle,Clear,Wet,Daylight,No Controls,NONE DETECTED,No,No Apparent Injury,NA,Not Distracted,MD,Passenger Car,Moving Constant Speed,40,No,2007,HONDA,FIT,39.06909215,-77.01487371,2026,3,17
260009872,Property Damage Crash,03/05/2026 05:01:00 PM,RANDOLPH RD (WB/L),NA,Angle,Clear,Wet,Daylight,No Controls,NONE DETECTED,No,NA,NA,NA,NA,Passenger Car,Changing Lanes,40,No,2011,HONDA,ACCORD,39.06909215,-77.01487371,2026,3,17
260009859,Property Damage Crash,03/05/2026 04:32:00 PM,GEORGIA AVE (SB/L),NA,Angle,Clear,Dry,Daylight,Traffic Control Signal,NONE DETECTED,No,No Apparent Injury,NA,Unknown,MD,Passenger Car,Slowing or Stopping,30,No,2011,TOYOTA,CAMRY,38.98831883,-77.0267525,2026,3,16
260009859,Property Damage Crash,03/05/2026 04:32:00 PM,GEORGIA AVE (SB/L),NA,Angle,Clear,Dry,Daylight,Traffic Control Signal,NONE DETECTED,No,No Apparent Injury,NA,Unknown,MD,Passenger Car,Accelerating,30,No,2008,TOYOTA,RAV4,38.98831883,-77.0267525,2026,3,16
260009851,Property Damage Crash,03/05/2026 03:51:00 PM,ASPEN HILL RD,NA,Angle,Cloudy,Dry,Daylight,No Controls,NONE DETECTED,Yes,No Apparent Injury,NA,Not Distracted,WV,Passenger Car,Turning Left,25,No,2019,DODGE,CHARGER,39.08029212,-77.07885821,2026,3,15
260009851,Property Damage Crash,03/05/2026 03:51:00 PM,ASPEN HILL RD,NA,Angle,Cloudy,Dry,Daylight,No Controls,NONE DETECTED,No,No Apparent Injury,NA,Not Distracted,MD,Sport Utility Vehicle,Moving Constant Speed,25,No,2017,JEEP,RENEGADE,39.08029212,-77.07885821,2026,3,15
260009850,Property Damage Crash,03/05/2026 03:43:00 PM,NA,NA,Angle,Clear,NA,Daylight,NA,NONE DETECTED,Yes,No Apparent Injury,NA,Unknown,DC,Passenger Car,Accelerating,0,No,2021,TOYOTA,COROLLA,38.9867958,-76.98776772,2026,3,15
260009850,Property Damage Crash,03/05/2026 03:43:00 PM,NA,NA,Angle,Clear,NA,Daylight,NA,NONE DETECTED,No,No Apparent Injury,NA,Unknown,MD,Passenger Car,Moving Constant Speed,0,No,2014,SUBARU,XV CROSSTREK,38.9867958,-76.98776772,2026,3,15
260009877,Property Damage Crash,03/05/2026 03:29:00 PM,GEORGIA AVE,NA,"Sideswipe, Same Direction",Clear,Dry,Daylight,No Controls,NONE DETECTED,No,No Apparent Injury,NA,Unknown,NA,Passenger Car,Moving Constant Speed,35,No,2000,FORD,EXCURSION,38.99355483,-77.02663383,2026,3,15
260009877,Property Damage Crash,03/05/2026 03:29:00 PM,GEORGIA AVE,NA,"Sideswipe, Same Direction",Clear,Dry,Daylight,No Controls,NONE DETECTED,No,No Apparent Injury,NA,Not Distracted,DC,Passenger Car,Moving Constant Speed,35,No,2022,TOYOTA,RAV4,38.99355483,-77.02663383,2026,3,15
260009857,Property Damage Crash,03/05/2026 02:04:00 PM,PARKLAND DR (NB/L),NA,Front to Rear,Clear,Dry,Daylight,No Controls,NONE DETECTED,No,NA,NA,NA,NA,Passenger Car,NA,25,No,2015,NISSAN,VERSA NOTE,39.06923978,-77.08818589,2026,3,14
260009822,Property Damage Crash,03/05/2026 01:27:00 PM,QUINCE ORCHARD RD,NA,Angle,Cloudy,Dry,Daylight,Traffic Control Signal,NONE DETECTED,No,No Apparent Injury,NA,Not Distracted,MD,Passenger Car,Turning Left,35,No,2018,FORD,FUSION,39.14252368,-77.22093582,2026,3,13
260009822,Property Damage Crash,03/05/2026 01:27:00 PM,QUINCE ORCHARD RD,NA,Angle,Cloudy,Dry,Daylight,Traffic Control Signal,NONE DETECTED,Yes,No Apparent Injury,"Failed to Yield Right-of-Way, Ran Red Light",Unknown,NV,Sport Utility Vehicle,Slowing or Stopping,35,No,2022,TESLA,MODEL 3,39.14252368,-77.22093582,2026,3,13
260009824,Injury Crash,03/05/2026 01:22:00 PM,CONNECTICUT AVE,NA,"Sideswipe, Same Direction",Cloudy,Dry,Daylight,Traffic Control Signal,NONE DETECTED,Yes,No Apparent Injury,Failed to Keep in Proper Lane,Not Distracted,MD,Passenger Car,Changing Lanes,35,No,2022,BMW,X7,38.99598161,-77.07706067,2026,3,13
260009824,Injury Crash,03/05/2026 01:22:00 PM,CONNECTICUT AVE,NA,"Sideswipe, Same Direction",Cloudy,Dry,Daylight,Traffic Control Signal,NONE DETECTED,No,Possible Minor Injury,NA,Not Distracted,MD,Passenger Car,Moving Constant Speed,35,No,2018,TOYOTA,RAV4,38.99598161,-77.07706067,2026,3,13
260009807,Property Damage Crash,03/05/2026 12:33:00 PM,NA,NA,Rear To Side,Cloudy,NA,Daylight,NA,NONE DETECTED,No,No Apparent Injury,NA,Not Distracted,MD,Van - Passenger (&lt;9 Seats),Turning Right,0,No,2021,CHEVROLET,EXPRESS,39.14199567,-77.19287483,2026,3,12
260009807,Property Damage Crash,03/05/2026 12:33:00 PM,NA,NA,Rear To Side,Cloudy,NA,Daylight,NA,NONE DETECTED,Yes,No Apparent Injury,NA,Unknown,MD,Sport Utility Vehicle,Backing,0,No,2018,DODGE,JOURNEY,39.14199567,-77.19287483,2026,3,12
26000397,Property Damage Crash,03/05/2026 12:21:00 PM,NA,NA,Single Vehicle,Cloudy,NA,Daylight,NA,NONE DETECTED,No,No Apparent Injury,NA,Unknown,MD,Passenger Car,Moving Constant Speed,0,No,2005,NISSAN,ALTIMA,39.01133012,-77.08922062,2026,3,12
260009806,Property Damage Crash,03/05/2026 12:20:00 PM,MONTROSE RD,NA,"Sideswipe, Same Direction",Clear,Dry,Daylight,Traffic Control Signal,NONE DETECTED,Yes,No Apparent Injury,NA,Not Distracted,MD,Other Trucks,Turning Left,35,No,2022,SEAGRAVE,TRUCK TRACTOR,39.05266997,-77.1263169,2026,3,12
260009806,Property Damage Crash,03/05/2026 12:20:00 PM,MONTROSE RD,NA,"Sideswipe, Same Direction",Clear,Dry,Daylight,Traffic Control Signal,NONE DETECTED,No,No Apparent Injury,NA,Not Distracted,MD,Bus - Other Type,Stopped in Traffic,35,No,2016,FORD,F-550,39.05266997,-77.1263169,2026,3,12
260009805,Property Damage Crash,03/05/2026 11:30:00 AM,16TH ST (SB/L),NA,"Sideswipe, Same Direction",Clear,Dry,Daylight,Traffic Control Signal,NONE DETECTED,Yes,No Apparent Injury,"Operated Motor Vehicle in Inattentive, Careless, Negligent, or Erratic Manner",Unknown,MD,Passenger Car,Changing Lanes,30,No,2014,FORD,FLEX,39.00759862,-77.03979363,2026,3,11
260009805,Property Damage Crash,03/05/2026 11:30:00 AM,16TH ST (SB/L),NA,"Sideswipe, Same Direction",Clear,Dry,Daylight,Traffic Control Signal,NONE DETECTED,No,No Apparent Injury,NA,Not Distracted,DC,Passenger Car,Moving Constant Speed,30,No,2025,CHEVROLET,MALIBU,39.00759862,-77.03979363,2026,3,11
250009798,Property Damage Crash,03/05/2026 11:25:00 AM,NA,NA,Front to Rear,Clear,NA,Daylight,NA,NONE DETECTED,No,NA,NA,NA,NA,NA,Backing,0,No,0,NA,NA,39.09148724,-76.93322941,2026,3,11
260009789,Property Damage Crash,03/05/2026 11:02:00 AM,FENTON ST,NA,"Sideswipe, Opposite Direction",Cloudy,Wet,Daylight,No Controls,NONE DETECTED,Yes,No Apparent Injury,Over-Correcting/Over-Steering,Not Distracted,MD,Other,Leaving Traffic Lane,30,No,2007,PIERCE MANUFACTURING,DASH,38.99278841,-77.02415926,2026,3,11
260009787,Property Damage Crash,03/05/2026 10:45:00 AM,NA,NA,Front to Rear,Clear,Wet,Daylight,Traffic Control Signal,NONE DETECTED,Yes,No Apparent Injury,NA,Unknown,MD,Passenger Car,Moving Constant Speed,40,No,2015,MAZDA,CX-5,39.13217324,-77.18895497,2026,3,10
260009787,Property Damage Crash,03/05/2026 10:45:00 AM,NA,NA,Front to Rear,Clear,Wet,Daylight,Traffic Control Signal,NONE DETECTED,No,No Apparent Injury,NA,Not Distracted,MD,Passenger Car,Slowing or Stopping,35,No,2025,TOYOTA,COROLLA,39.13217324,-77.18895497,2026,3,10