Local Case Number,ACRS Report Type,Crash Date/Time,Road Name,Related Non-Motorist,Collision Type,Weather,Surface Condition,Light,Traffic Control,Driver Substance Abuse,Driver At Fault,Injury Severity,Circumstance,Driver Distracted By,Drivers License State,Vehicle Body Type,Vehicle Movement,Speed Limit,Driverless Vehicle,Vehicle Year,Vehicle Make,Vehicle Model,Latitude,Longitude,Year,Month,Hour
260009536,Injury Crash,03/03/2026 07:45:00 PM,GEORGIA AVE (SB/L),NA,Front to Rear,Rain,Wet,Medium,No Controls,NONE DETECTED,No,No Apparent Injury,NA,Not Distracted,MD,Bus - Transit,Moving Constant Speed,45,No,2022,GILLIG,LOW FLOOR BUS,39.08328167,-77.07781,2026,3,19
260009536,Injury Crash,03/03/2026 07:45:00 PM,GEORGIA AVE (SB/L),NA,Front to Rear,Rain,Wet,Medium,No Controls,NONE DETECTED,Yes,Possible Minor Injury,NA,Not Distracted,MD,Sport Utility Vehicle,Changing Lanes,45,No,2025,TOYOTA,GRAND HIGHLANDER,39.08328167,-77.07781,2026,3,19
260009541,Property Damage Crash,03/03/2026 06:20:00 PM,CAPITAL BELTWAY,NA,Front to Rear,Rain,Wet,Medium,No Controls,NONE DETECTED,No,No Apparent Injury,NA,Not Distracted,VA,Sport Utility Vehicle,Moving Constant Speed,55,No,2013,LAND ROVER,RANGE ROVER SPORT,38.97142501,-77.1789998,2026,3,18
260009541,Property Damage Crash,03/03/2026 06:20:00 PM,CAPITAL BELTWAY,NA,Front to Rear,Rain,Wet,Medium,No Controls,NONE DETECTED,No,NA,NA,NA,NA,Passenger Car,Changing Lanes,55,No,2018,HONDA,CIVIC,38.97142501,-77.1789998,2026,3,18
260009537,Property Damage Crash,03/03/2026 05:40:00 PM,ROCKVILLE PIKE (SB/L),NA,"Sideswipe, Same Direction",Rain,Wet,Medium,No Controls,NONE DETECTED,Yes,No Apparent Injury,NA,Not Distracted,MD,Passenger Car,Overtaking/Passing,35,No,2010,FORD,EDGE,39.07567185,-77.13752249,2026,3,17
260009537,Property Damage Crash,03/03/2026 05:40:00 PM,ROCKVILLE PIKE (SB/L),NA,"Sideswipe, Same Direction",Rain,Wet,Medium,No Controls,NONE DETECTED,No,No Apparent Injury,NA,Not Distracted,MD,Passenger Car,Moving Constant Speed,35,No,2013,NISSAN,VERSA,39.07567185,-77.13752249,2026,3,17
260009511,Property Damage Crash,03/03/2026 03:57:00 PM,NA,NA,"Sideswipe, Same Direction",Rain,Wet,Daylight,No Controls,NONE DETECTED,No,No Apparent Injury,NA,Not Distracted,MD,Bus - School,Parked,15,No,2026,FREIGHTLINER,B2 BUS CHASSIS,39.09140233,-77.21535483,2026,3,15
260009511,Property Damage Crash,03/03/2026 03:57:00 PM,NA,NA,"Sideswipe, Same Direction",Rain,Wet,Daylight,No Controls,NONE DETECTED,Yes,No Apparent Injury,NA,Not Distracted,MD,Bus - School,Slowing or Stopping,15,No,2019,FREIGHTLINER,B2 BUS CHASSIS,39.09140233,-77.21535483,2026,3,15
260009509,Property Damage Crash,03/03/2026 03:29:00 PM,RIVER FALLS DR,NA,Single Vehicle,Rain,Wet,Daylight,No Controls,NONE DETECTED,No,No Apparent Injury,NA,Not Distracted,MD,Passenger Car,Moving Constant Speed,20,No,2016,BMW,320I,38.9887122,-77.21842224,2026,3,15
260009476,Property Damage Crash,03/03/2026 01:30:00 PM,NA,NA,Front to Rear,Rain,NA,Daylight,NA,NONE DETECTED,Yes,No Apparent Injury,NA,"Other Action (looking away from task, etc.)",MD,Passenger Car,Backing,0,No,2019,HONDA,CIVIC,39.03624431,-77.14553045,2026,3,13
260009970,Injury Crash,03/03/2026 01:30:00 PM,WISCONSIN AVE (SB/L),Pedestrian,Single Vehicle,Rain,Wet,Daylight,Traffic Control Signal,NONE DETECTED,No,NA,NA,NA,NA,NA,Turning Right,35,No,0,NA,NA,38.96379264,-77.08719265,2026,3,13
260009460,Property Damage Crash,03/03/2026 11:53:00 AM,CALVERTON BLVD,NA,Front to Rear,Cloudy,Wet,Daylight,No Controls,NONE DETECTED,No,No Apparent Injury,NA,Not Distracted,MD,Passenger Car,Slowing or Stopping,30,No,2004,TOYOTA,RAV4,39.05684817,-76.9476185,2026,3,11
260009460,Property Damage Crash,03/03/2026 11:53:00 AM,CALVERTON BLVD,NA,Front to Rear,Cloudy,Wet,Daylight,No Controls,NONE DETECTED,Yes,No Apparent Injury,NA,Not Distracted,MD,Passenger Car,Moving Constant Speed,30,No,2016,NISSAN,ALTIMA,39.05684817,-76.9476185,2026,3,11
260009455,Property Damage Crash,03/03/2026 10:51:00 AM,ARMORY AVE,NA,"Sideswipe, Same Direction",Rain,Wet,Daylight,No Controls,NONE DETECTED,Yes,No Apparent Injury,Failed to Yield Right-of-Way,Not Distracted,MD,Passenger Car,Entering Traffic Lane,25,No,2018,RAM,PROMASTER 2500,39.024967,-77.07560183,2026,3,10
260009455,Property Damage Crash,03/03/2026 10:51:00 AM,ARMORY AVE,NA,"Sideswipe, Same Direction",Rain,Wet,Daylight,No Controls,NONE DETECTED,No,No Apparent Injury,NA,Not Distracted,MD,Passenger Car,Moving Constant Speed,25,No,2016,TOYOTA,PRIUS,39.024967,-77.07560183,2026,3,10
260009454,Property Damage Crash,03/03/2026 10:50:00 AM,MANNAKEE ST,NA,Angle,Rain,Wet,Daylight,No Controls,NONE DETECTED,No,No Apparent Injury,NA,Not Distracted,MD,Sport Utility Vehicle,Turning Left,25,No,2019,JEEP,WRANGLER,39.09543041,-77.15862483,2026,3,10
260009454,Property Damage Crash,03/03/2026 10:50:00 AM,MANNAKEE ST,NA,Angle,Rain,Wet,Daylight,Stop Sign,NONE DETECTED,Yes,No Apparent Injury,NA,Not Distracted,MD,Passenger Car,Turning Left,15,No,2020,TOYOTA,COROLLA,39.09543041,-77.15862483,2026,3,10
260009450,Property Damage Crash,03/03/2026 10:22:00 AM,BRINK RD,NA,Front to Rear,Rain,Wet,Daylight,No Controls,NONE DETECTED,Yes,No Apparent Injury,Followed Too Closely,Unknown,MD,Pickup,Slowing or Stopping,35,No,2014,RAM,1500,39.20718433,-77.21898867,2026,3,10
260009450,Property Damage Crash,03/03/2026 10:22:00 AM,BRINK RD,NA,Front to Rear,Rain,Wet,Daylight,No Controls,NONE DETECTED,No,No Apparent Injury,NA,Unknown,MD,Sport Utility Vehicle,Stopped in Traffic,35,No,2016,NISSAN,ROGUE,39.20718433,-77.21898867,2026,3,10
260009433,Property Damage Crash,03/03/2026 09:00:00 AM,GEORGIA AVE (SB/L),NA,Other,Rain,Wet,Daylight,No Controls,NONE DETECTED,Yes,No Apparent Injury,NA,Unknown,MD,Sport Utility Vehicle,Entering Traffic Lane,35,No,2021,TOYOTA,RAV4,39.053233,-77.050864,2026,3,9
260009433,Property Damage Crash,03/03/2026 09:00:00 AM,GEORGIA AVE (SB/L),NA,Other,Rain,Wet,Daylight,No Controls,NONE DETECTED,No,No Apparent Injury,NA,Unknown,MD,Sport Utility Vehicle,Moving Constant Speed,35,No,2009,LINCOLN,MKX,39.053233,-77.050864,2026,3,9
260009429,Injury Crash,03/03/2026 08:42:00 AM,COLESVILLE RD,NA,Angle,Clear,Wet,Daylight,Traffic Control Signal,NONE DETECTED,No,Possible Minor Injury,NA,Not Distracted,MD,Passenger Car,Moving Constant Speed,10,No,2024,NISSAN,SENTRA,38.99764247,-77.0270115,2026,3,8
260009429,Injury Crash,03/03/2026 08:42:00 AM,COLESVILLE RD,NA,Angle,Clear,Wet,Daylight,Traffic Control Signal,NONE DETECTED,Yes,Possible Minor Injury,Ran Red Light,Not Distracted,NJ,Passenger Car,Moving Constant Speed,10,No,2020,ACURA,TLX,38.99764247,-77.0270115,2026,3,8
260009427,Property Damage Crash,03/03/2026 07:33:00 AM,RAMP 9 FR MD 187 NB TO MD 187B SB,NA,Front to Rear,Rain,Wet,Daylight,Traffic Control Signal,NONE DETECTED,No,No Apparent Injury,NA,NA,NA,Passenger Car,Entering Traffic Lane,15,No,2015,NISSAN,VERSA,39.03195134,-77.13143657,2026,3,7
260009427,Property Damage Crash,03/03/2026 07:33:00 AM,RAMP 9 FR MD 187 NB TO MD 187B SB,NA,Front to Rear,Rain,Wet,Daylight,Traffic Control Signal,NONE DETECTED,No,No Apparent Injury,NA,Not Distracted,MD,Van - Passenger (&lt;9 Seats),Stopped in Traffic,15,No,2026,TOYOTA,SIENNA,39.03195134,-77.13143657,2026,3,7
260009425,Property Damage Crash,03/03/2026 07:32:00 AM,OLD GEORGETOWN RD (SB/L),NA,Front to Rear,Rain,Wet,Daylight,No Controls,NONE DETECTED,No,No Apparent Injury,NA,Not Distracted,MD,Sport Utility Vehicle,Stopped in Traffic,35,No,2024,DODGE,DURANGO,39.02740438,-77.12647559,2026,3,7
260009425,Property Damage Crash,03/03/2026 07:32:00 AM,OLD GEORGETOWN RD (SB/L),NA,Front to Rear,Rain,Wet,Daylight,No Controls,NONE DETECTED,Yes,No Apparent Injury,"Followed Too Closely, Too Fast For Conditions",Not Distracted,MD,Passenger Car,Slowing or Stopping,35,No,2005,TOYOTA,COROLLA,39.02740438,-77.12647559,2026,3,7
260009423,Property Damage Crash,03/03/2026 07:11:00 AM,NA,NA,Single Vehicle,Cloudy,NA,Medium,NA,NONE DETECTED,Yes,No Apparent Injury,NA,"Other Action (looking away from task, etc.)",MD,Sport Utility Vehicle,Accelerating,0,No,2023,TOYOTA,RAV4,39.01850834,-77.01400764,2026,3,7
260009426,Injury Crash,03/03/2026 07:01:00 AM,NA,NA,Angle,Rain,Wet,Daylight,Lane Use Control Signal,NONE DETECTED,No,Possible Minor Injury,NA,Not Distracted,MD,Passenger Car,Turning Left,35,No,2021,TOYOTA,PRIUS,39.00521683,-77.02291033,2026,3,7
260009426,Injury Crash,03/03/2026 07:01:00 AM,NA,NA,Angle,Rain,Wet,Daylight,Lane Use Control Signal,NONE DETECTED,Yes,No Apparent Injury,Disregarded Other Traffic Sign,Not Distracted,MD,Passenger Car,Accelerating,35,No,2018,BMW,340I,39.00521683,-77.02291033,2026,3,7
260009420,Property Damage Crash,03/03/2026 06:50:00 AM,RADWICK LA,NA,Single Vehicle,Cloudy,Wet,Medium,No Controls,NONE DETECTED,Yes,No Apparent Injury,Other Improper Action,Not Distracted,MD,Bus - School,Making U-Turn,25,No,2020,FREIGHTLINER,B2 BUS CHASSIS,39.10997035,-77.0540767,2026,3,6
260009419,Property Damage Crash,03/03/2026 06:30:00 AM,NO NAME,NA,Single Vehicle,Rain,Wet,Medium,No Controls,NONE DETECTED,No,NA,NA,NA,NA,Sport Utility Vehicle,Moving Constant Speed,55,No,2020,FORD,EXPEDITION MAX,39.12400533,-77.17741333,2026,3,6
260009411,Injury Crash,03/03/2026 03:58:00 AM,NA,NA,Single Vehicle,Rain,Wet,Medium,No Controls,ALCOHOL PRESENT,Yes,Possible Minor Injury,Failed to Keep in Proper Lane,Unknown,MD,Pickup,Changing Lanes,45,No,2013,TOYOTA,TUNDRA,39.20359866,-77.25043115,2026,3,3
260009406,Property Damage Crash,03/03/2026 01:09:00 AM,NA,NA,Angle,Rain,Wet,Medium,Flashing Traffic Control Signal,NONE DETECTED,No,No Apparent Injury,Disregarded Other Traffic Sign,Not Distracted,MD,Passenger Car,Accelerating,35,No,2017,TOYOTA,RAV4,39.05050171,-77.18813711,2026,3,1
260009406,Property Damage Crash,03/03/2026 01:09:00 AM,NA,NA,Angle,Rain,Wet,Medium,Flashing Traffic Control Signal,NONE DETECTED,No,No Apparent Injury,NA,Not Distracted,MD,Sport Utility Vehicle,Moving Constant Speed,35,No,2026,KIA,EV9,39.05050171,-77.18813711,2026,3,1
260009404,Property Damage Crash,03/03/2026 12:15:00 AM,W GUDE DR,NA,Rear To Side,Clear,Wet,Medium,Traffic Control Signal,ALCOHOL PRESENT,No,No Apparent Injury,NA,Unknown,MD,Sport Utility Vehicle,Moving Constant Speed,35,No,2024,MITSUBISHI,OUTLANDER,39.10015176,-77.18192837,2026,3,0
260009404,Property Damage Crash,03/03/2026 12:15:00 AM,W GUDE DR,NA,Rear To Side,Clear,Wet,Medium,Traffic Control Signal,NONE DETECTED,Yes,No Apparent Injury,NA,Unknown,VA,Sport Utility Vehicle,Moving Constant Speed,35,No,2026,TOYOTA,GRAND HIGHLANDER,39.10015176,-77.18192837,2026,3,0
260009397,Property Damage Crash,03/02/2026 11:21:00 PM,UNIVERSITY BLVD E (WB/L),NA,Other,Clear,Wet,Medium,Traffic Control Signal,NONE DETECTED,No,No Apparent Injury,NA,Not Distracted,MD,Passenger Car,Moving Constant Speed,35,No,2024,TOYOTA,COROLLA,39.02040567,-77.01247783,2026,3,23
260009397,Property Damage Crash,03/02/2026 11:21:00 PM,UNIVERSITY BLVD E (WB/L),NA,Other,Clear,Wet,Medium,Traffic Control Signal,NONE DETECTED,No,No Apparent Injury,NA,Unknown,MD,Passenger Car,Moving Constant Speed,35,No,2003,HONDA,CIVIC,39.02040567,-77.01247783,2026,3,23
260009398,Fatal Crash,03/02/2026 10:29:00 PM,RIDGE RD (SB/L),NA,Front to Front,Cloudy,Wet,Medium,No Controls,ALCOHOL PRESENT,Yes,Fatal Injury,"Failed to Keep in Proper Lane, Too Fast For Conditions",Unknown,MD,Passenger Car,Moving Constant Speed,40,No,2022,TOYOTA,CAMRY,39.26280056,-77.22050531,2026,3,22
260009391,Property Damage Crash,03/02/2026 10:29:00 PM,MIDDLEBROOK RD (WB/L),NA,Front to Rear,Rain,Wet,Medium,No Controls,NONE DETECTED,No,No Apparent Injury,NA,Not Distracted,NA,Passenger Car,Changing Lanes,40,No,2002,HYUNDAI,SONATA,39.17424003,-77.24960222,2026,3,22
260009391,Property Damage Crash,03/02/2026 10:29:00 PM,MIDDLEBROOK RD (WB/L),NA,Front to Rear,Rain,Wet,Medium,No Controls,NONE DETECTED,No,No Apparent Injury,NA,Not Distracted,MD,Passenger Car,Negotiating a Curve,40,No,2009,INFINITI,G37,39.17424003,-77.24960222,2026,3,22
260009398,Fatal Crash,03/02/2026 10:29:00 PM,RIDGE RD (SB/L),NA,Front to Front,Cloudy,Wet,Medium,No Controls,NONE DETECTED,No,No Apparent Injury,NA,Not Distracted,MD,Passenger Car,Moving Constant Speed,40,No,2019,FORD,FUSION,39.26280056,-77.22050531,2026,3,22
260009398,Fatal Crash,03/02/2026 10:29:00 PM,RIDGE RD (SB/L),NA,Front to Front,Cloudy,Wet,Medium,No Controls,NONE DETECTED,No,Suspected Serious Injury,NA,Not Distracted,MD,Sport Utility Vehicle,Moving Constant Speed,40,No,2022,LEXUS,NX,39.26280056,-77.22050531,2026,3,22
260009390,Property Damage Crash,03/02/2026 10:27:00 PM,GREAT SENECA HWY (SB/L),NA,Front to Rear,Clear,Wet,Medium,Traffic Control Signal,NONE DETECTED,No,No Apparent Injury,NA,Not Distracted,MD,Passenger Car,Stopped in Traffic,35,No,2010,HONDA,CIVIC,39.17492684,-77.26128781,2026,3,22
260009390,Property Damage Crash,03/02/2026 10:27:00 PM,GREAT SENECA HWY (SB/L),NA,Front to Rear,Clear,Wet,Medium,Traffic Control Signal,NONE DETECTED,Yes,No Apparent Injury,Other Improper Action,Unknown,MD,Sport Utility Vehicle,Moving Constant Speed,35,No,2018,ACURA,RDX,39.17492684,-77.26128781,2026,3,22
260009382,Property Damage Crash,03/02/2026 09:28:00 PM,ROCKVILLE PIKE (SB/L),NA,Angle,Clear,Dry,Medium,Traffic Control Signal,NONE DETECTED,No,No Apparent Injury,NA,Not Distracted,MD,Pickup,Moving Constant Speed,35,No,2007,TOYOTA,TACOMA,39.08035428,-77.14424633,2026,3,21
260009382,Property Damage Crash,03/02/2026 09:28:00 PM,ROCKVILLE PIKE (SB/L),NA,Angle,Clear,Dry,Medium,Traffic Control Signal,NONE DETECTED,Yes,No Apparent Injury,NA,Not Distracted,MD,Passenger Car,Turning Left,35,No,2019,DODGE,GRAND CARAVAN,39.08035428,-77.14424633,2026,3,21
260009370,Property Damage Crash,03/02/2026 07:22:00 PM,RIDGE RD,NA,Front to Rear,Rain,Wet,Medium,No Controls,NONE DETECTED,Yes,No Apparent Injury,Failed to Yield Right-of-Way,Not Distracted,NA,Passenger Car,Entering Traffic Lane,30,No,1999,TOYOTA,CAMRY,39.28817789,-77.20634266,2026,3,19
260009370,Property Damage Crash,03/02/2026 07:22:00 PM,RIDGE RD,NA,Front to Rear,Rain,Wet,Medium,No Controls,NONE DETECTED,No,No Apparent Injury,NA,Not Distracted,MD,Pickup,Turning Left,30,No,2022,CHEVROLET,SILVERADO,39.28817789,-77.20634266,2026,3,19
260009342,Property Damage Crash,03/02/2026 04:18:00 PM,APPLEDOWRE WAY,NA,Single Vehicle,Snow,Wet,Daylight,Stop Sign,NONE DETECTED,Yes,No Apparent Injury,"Swerved or Avoided Due to Wind, Slippery Surface, Motor Vehicle, Object, Non-Motorist in Roadway, etc",Not Distracted,MD,Sport Utility Vehicle,Slowing or Stopping,40,No,2012,HYUNDAI,SANTA FE,39.18549512,-77.23976454,2026,3,16
260009347,Property Damage Crash,03/02/2026 03:45:00 PM,DENFELD AVE,NA,Front to Rear,Clear,Dry,Daylight,Traffic Control Signal,NONE DETECTED,Yes,NA,Other Improper Action,Unknown,NA,Passenger Car,Accelerating,25,No,2019,HONDA,CR-V,39.03878246,-77.07602476,2026,3,15
260009347,Property Damage Crash,03/02/2026 03:45:00 PM,DENFELD AVE,NA,Front to Rear,Clear,Dry,Daylight,Traffic Control Signal,NONE DETECTED,No,No Apparent Injury,NA,Not Distracted,MD,Passenger Car,Stopped in Traffic,25,No,2019,HONDA,CR-V,39.03878246,-77.07602476,2026,3,15
260009339,Property Damage Crash,03/02/2026 03:36:00 PM,BROOKVILLE RD,NA,Angle,Snow,Wet,Daylight,Other Signal,NONE DETECTED,No,No Apparent Injury,NA,Not Distracted,MD,Passenger Car,Moving Constant Speed,30,No,2006,TOYOTA,PRIUS,39.00097683,-77.0542515,2026,3,15
260009339,Property Damage Crash,03/02/2026 03:36:00 PM,BROOKVILLE RD,NA,Angle,Snow,Wet,Daylight,Other Signal,NONE DETECTED,No,No Apparent Injury,NA,Unknown,MD,Passenger Car,Entering Traffic Lane,30,No,2014,TOYOTA,AVALON,39.00097683,-77.0542515,2026,3,15
260009327,Property Damage Crash,03/02/2026 03:32:00 PM,UNIVERSITY BLVD E (WB/L),NA,Single Vehicle,Snow,Wet,Daylight,No Controls,NONE DETECTED,Yes,No Apparent Injury,Other Improper Action,Not Distracted,MD,Passenger Car,Making U-Turn,35,No,2005,CHRYSLER,300C,39.01404298,-77.00394655,2026,3,15
260009333,Property Damage Crash,03/02/2026 03:30:00 PM,GEORGIA AVE,NA,"Sideswipe, Same Direction",Snow,Wet,Daylight,No Controls,NONE DETECTED,No,No Apparent Injury,NA,Not Distracted,DC,Sport Utility Vehicle,Moving Constant Speed,25,No,2014,JEEP,CHEROKEE,39.03642111,-77.04987647,2026,3,15
260009333,Property Damage Crash,03/02/2026 03:30:00 PM,GEORGIA AVE,NA,"Sideswipe, Same Direction",Snow,Wet,Daylight,No Controls,NONE DETECTED,No,NA,NA,NA,NA,Passenger Car,Changing Lanes,25,No,2006,DODGE,STRATUS,39.03642111,-77.04987647,2026,3,15
260009316,Injury Crash,03/02/2026 03:03:00 PM,WISCONSIN AVE,Pedestrian,Single Vehicle,Snow,Wet,Daylight,Traffic Control Signal,NONE DETECTED,Yes,No Apparent Injury,Failed to Yield Right-of-Way,Not Distracted,MD,Passenger Car,Turning Right,25,No,2017,HONDA,CR-V,38.98020683,-77.09200567,2026,3,15
260009317,Property Damage Crash,03/02/2026 02:55:00 PM,RAMP 3 FR MD 121 EB TO IS 270 NB,NA,Front to Rear,Snow,Ice/Frost,Daylight,Traffic Control Signal,NONE DETECTED,No,No Apparent Injury,NA,Not Distracted,MD,Passenger Car,Slowing or Stopping,55,No,2017,JEEP,WRANGLER,39.23084353,-77.28398992,2026,3,14
260009317,Property Damage Crash,03/02/2026 02:55:00 PM,RAMP 3 FR MD 121 EB TO IS 270 NB,NA,Front to Rear,Snow,Ice/Frost,Daylight,Traffic Control Signal,NONE DETECTED,Yes,No Apparent Injury,NA,Not Distracted,MD,Sport Utility Vehicle,Moving Constant Speed,55,No,2025,DODGE,DURANGO,39.23084353,-77.28398992,2026,3,14
260009307,Property Damage Crash,03/02/2026 02:16:00 PM,NA,NA,Single Vehicle,Snow,NA,Daylight,NA,NONE DETECTED,No,No Apparent Injury,Ran Off Roadway,Not Distracted,MD,Other Trucks,Negotiating a Curve,0,No,2007,PETERBILT,357,39.17215572,-77.2321824,2026,3,14
260009277,Injury Crash,03/02/2026 12:16:00 PM,FREDERICK RD (SB/L),NA,Angle,Snow,Wet,Daylight,Traffic Control Signal,NONE DETECTED,Yes,No Apparent Injury,Failed to Yield Right-of-Way,Not Distracted,MD,Sport Utility Vehicle,Turning Left,40,No,2025,TOYOTA,RAV4,39.17842778,-77.23861318,2026,3,12
260009277,Injury Crash,03/02/2026 12:16:00 PM,FREDERICK RD (SB/L),NA,Angle,Snow,Wet,Daylight,Traffic Control Signal,NONE DETECTED,No,Possible Minor Injury,NA,Not Distracted,MD,Sport Utility Vehicle,Moving Constant Speed,40,No,2021,HYUNDAI,VENUE,39.17842778,-77.23861318,2026,3,12
260009274,Property Damage Crash,03/02/2026 12:05:00 PM,NA,NA,"Sideswipe, Same Direction",Clear,Dry,Daylight,Yield Sign,NONE DETECTED,No,No Apparent Injury,NA,Not Distracted,MD,Passenger Car,Moving Constant Speed,40,No,2024,TESLA,MODEL Y,39.15606862,-77.21624458,2026,3,12
260009274,Property Damage Crash,03/02/2026 12:05:00 PM,NA,NA,"Sideswipe, Same Direction",Clear,Dry,Daylight,Yield Sign,NONE DETECTED,No,No Apparent Injury,Failed to Yield Right-of-Way,Unknown,NA,Passenger Car,Accelerating,40,No,0,NA,NA,39.15606862,-77.21624458,2026,3,12
260009268,Property Damage Crash,03/02/2026 11:17:00 AM,NA,NA,Front to Rear,Cloudy,Dry,Daylight,No Controls,NONE DETECTED,Yes,No Apparent Injury,NA,Unknown,MD,Passenger Car,Moving Constant Speed,40,No,2012,BUICK,LACROSSE,39.134165,-77.12267033,2026,3,11
260009268,Property Damage Crash,03/02/2026 11:17:00 AM,NA,NA,Front to Rear,Cloudy,Dry,Daylight,No Controls,NONE DETECTED,No,No Apparent Injury,NA,Not Distracted,MD,Sport Utility Vehicle,Slowing or Stopping,40,No,2016,HONDA,PILOT,39.134165,-77.12267033,2026,3,11
260009256,Property Damage Crash,03/02/2026 10:30:00 AM,RANDOLPH RD (WB/L),NA,"Sideswipe, Same Direction",Clear,Dry,Daylight,Traffic Control Signal,NONE DETECTED,No,No Apparent Injury,NA,Not Distracted,MD,Bus - School,Moving Constant Speed,35,No,2019,THOMAS BUILT,HDX,39.0572717,-77.07382895,2026,3,10
260009256,Property Damage Crash,03/02/2026 10:30:00 AM,RANDOLPH RD (WB/L),NA,"Sideswipe, Same Direction",Clear,Dry,Daylight,Traffic Control Signal,NONE DETECTED,Yes,No Apparent Injury,NA,Not Distracted,MD,Bus - School,Moving Constant Speed,35,No,2020,THOMAS BUILT,HDX,39.0572717,-77.07382895,2026,3,10
260009245,Property Damage Crash,03/02/2026 09:20:00 AM,FREDERICK RD (SB/L),NA,"Sideswipe, Same Direction",Cloudy,Dry,Daylight,Traffic Control Signal,NONE DETECTED,No,No Apparent Injury,NA,Not Distracted,MD,Sport Utility Vehicle,Moving Constant Speed,35,No,2023,CHEVROLET,TAHOE,39.12263683,-77.17789245,2026,3,9
260009245,Property Damage Crash,03/02/2026 09:20:00 AM,FREDERICK RD (SB/L),NA,"Sideswipe, Same Direction",Cloudy,Dry,Daylight,Traffic Control Signal,NONE DETECTED,Yes,No Apparent Injury,"Failed to Keep in Proper Lane, Improper Passing",Not Distracted,MD,Other Trucks,Overtaking/Passing,35,No,2021,RAM,PROMASTER 2500,39.12263683,-77.17789245,2026,3,9
260009243,Property Damage Crash,03/02/2026 08:51:00 AM,NA,NA,Single Vehicle,Clear,NA,Daylight,NA,NONE DETECTED,Yes,No Apparent Injury,NA,Not Distracted,MD,Bus - School,Moving Constant Speed,0,No,2024,FREIGHTLINER,B2 BUS CHASSIS,39.06436312,-77.14851037,2026,3,8
260009238,Injury Crash,03/02/2026 08:15:00 AM,NA,NA,"Sideswipe, Same Direction",Clear,Dry,Daylight,No Controls,NONE DETECTED,No,No Apparent Injury,NA,Not Distracted,DC,Passenger Car,Stopped in Traffic,0,No,2014,HONDA,CIVIC,38.98722315,-77.02675121,2026,3,8
260009238,Injury Crash,03/02/2026 08:15:00 AM,NA,NA,"Sideswipe, Same Direction",Clear,Dry,Daylight,No Controls,NONE DETECTED,No,No Apparent Injury,NA,Not Distracted,DC,Passenger Car,Moving Constant Speed,5,No,2012,KIA,SOUL,38.98722315,-77.02675121,2026,3,8
260009238,Injury Crash,03/02/2026 08:15:00 AM,NA,NA,"Sideswipe, Same Direction",Clear,Dry,Daylight,No Controls,NONE DETECTED,Yes,No Apparent Injury,Improper Passing,Not Distracted,MD,Passenger Car,Overtaking/Passing,5,No,2024,TOYOTA,COROLLA CROSS,38.98722315,-77.02675121,2026,3,8
260009236,Property Damage Crash,03/02/2026 08:04:00 AM,RIDGE ST,NA,"Sideswipe, Same Direction",Clear,Dry,Daylight,No Controls,NONE DETECTED,No,No Apparent Injury,NA,Not Distracted,MD,Sport Utility Vehicle,Moving Constant Speed,15,No,2025,FORD,EXPLORER,38.97805383,-77.0892625,2026,3,8
260009236,Property Damage Crash,03/02/2026 08:04:00 AM,RIDGE ST,NA,"Sideswipe, Same Direction",Clear,Dry,Daylight,No Controls,NONE DETECTED,No,NA,NA,NA,NA,Pickup,Parked,15,No,2013,FORD,F-150,38.97805383,-77.0892625,2026,3,8
260009232,Property Damage Crash,03/02/2026 07:29:00 AM,NA,NA,Front to Rear,Clear,Dry,Daylight,No Controls,NONE DETECTED,No,No Apparent Injury,NA,Not Distracted,VA,Passenger Car,Slowing or Stopping,30,No,2015,LEXUS,GS,39.00758311,-77.09554611,2026,3,7
260009232,Property Damage Crash,03/02/2026 07:29:00 AM,NA,NA,Front to Rear,Clear,Dry,Daylight,No Controls,NONE DETECTED,No,No Apparent Injury,NA,Not Distracted,MD,Passenger Car,Slowing or Stopping,30,No,2017,VOLVO,XC90,39.00758311,-77.09554611,2026,3,7