Local Case Number,ACRS Report Type,Crash Date/Time,Road Name,Related Non-Motorist,Collision Type,Weather,Surface Condition,Light,Traffic Control,Driver Substance Abuse,Driver At Fault,Injury Severity,Circumstance,Driver Distracted By,Drivers License State,Vehicle Body Type,Vehicle Movement,Speed Limit,Driverless Vehicle,Vehicle Year,Vehicle Make,Vehicle Model,Latitude,Longitude,Year,Month,Hour
260009228,Property Damage Crash,03/02/2026 06:30:00 AM,QUINCE ORCHARD BLVD,NA,Angle,Clear,Dry,Daylight,No Controls,NONE DETECTED,Yes,No Apparent Injury,NA,Not Distracted,MD,Passenger Car,Leaving Traffic Lane,30,No,2003,TOYOTA,CAMRY,39.13986808,-77.22879594,2026,3,6
260009216,Injury Crash,03/01/2026 09:56:00 PM,NA,NA,Single Vehicle,Clear,Dry,Dark,No Controls,NONE DETECTED,No,Possible Minor Injury,NA,Not Distracted,MD,Passenger Car,Moving Constant Speed,40,No,2024,MAZDA,CX-50,39.111219,-77.08512367,2026,3,21
260009194,Property Damage Crash,03/01/2026 06:38:00 PM,LOCKWOOD DR,NA,"Sideswipe, Same Direction",Clear,Dry,Dark,Traffic Control Signal,NONE DETECTED,No,No Apparent Injury,NA,Not Distracted,MD,Bus - Transit,Turning Left,30,No,2019,NEW FLYER,XCELSIOR,39.0339322,-77.00239613,2026,3,18
260009194,Property Damage Crash,03/01/2026 06:38:00 PM,LOCKWOOD DR,NA,"Sideswipe, Same Direction",Clear,Dry,Dark,Traffic Control Signal,NONE DETECTED,Yes,No Apparent Injury,Failed to Keep in Proper Lane,Not Distracted,MD,Sport Utility Vehicle,Turning Left,40,No,2012,TOYOTA,RAV4,39.0339322,-77.00239613,2026,3,18
260009207,Fatal Crash,03/01/2026 06:30:00 PM,AVERY RD,Pedestrian,Single Vehicle,Clear,Dry,Medium,Traffic Control Signal,NONE DETECTED,No,No Apparent Injury,NA,Unknown,MD,Van - Passenger (&lt;9 Seats),Moving Constant Speed,40,No,2006,CHRYSLER,TOWN AND COUNTRY,39.09281566,-77.12271671,2026,3,18
260009190,Injury Crash,03/01/2026 06:16:00 PM,BRENISH DR,NA,Angle,Clear,Dry,Medium,No Controls,NONE DETECTED,No,Possible Minor Injury,Too Fast For Conditions,Not Distracted,MD,Sport Utility Vehicle,Moving Constant Speed,35,No,2025,VOLKSWAGEN,TIGUAN,39.17528222,-77.15147897,2026,3,18
260009190,Injury Crash,03/01/2026 06:16:00 PM,BRENISH DR,NA,Angle,Clear,Dry,Medium,No Controls,NONE DETECTED,Yes,Possible Minor Injury,Failed to Yield Right-of-Way,Not Distracted,MD,Passenger Car,Turning Left,35,No,2008,HYUNDAI,ELANTRA,39.17528222,-77.15147897,2026,3,18
260009189,Property Damage Crash,03/01/2026 05:59:00 PM,TUCKERMAN LA (EB/L),NA,Angle,Clear,Dry,Medium,Traffic Control Signal,NONE DETECTED,No,No Apparent Injury,NA,Not Distracted,SC,Passenger Car,Moving Constant Speed,35,No,2021,TOYOTA,RAV4,39.03443229,-77.12492275,2026,3,17
260009189,Property Damage Crash,03/01/2026 05:59:00 PM,TUCKERMAN LA (EB/L),NA,Angle,Clear,Dry,Medium,Traffic Control Signal,NONE DETECTED,Yes,No Apparent Injury,Ran Red Light,Unknown,MD,Passenger Car,Turning Left,35,No,2010,TOYOTA,PRIUS,39.03443229,-77.12492275,2026,3,17
260009189,Property Damage Crash,03/01/2026 05:59:00 PM,TUCKERMAN LA (EB/L),NA,Angle,Clear,Dry,Medium,Traffic Control Signal,NONE DETECTED,No,No Apparent Injury,NA,Not Distracted,MD,Passenger Car,Moving Constant Speed,35,No,2018,CHEVROLET,EQUINOX,39.03443229,-77.12492275,2026,3,17
260009154,Property Damage Crash,03/01/2026 01:04:00 PM,GEORGIA AVE (SB/L),NA,Front to Rear,Clear,Dry,Daylight,No Controls,NONE DETECTED,No,No Apparent Injury,NA,Not Distracted,MD,Passenger Car,Moving Constant Speed,40,No,2016,TOYOTA,COROLLA,39.02654597,-77.04652125,2026,3,13
260009154,Property Damage Crash,03/01/2026 01:04:00 PM,GEORGIA AVE (SB/L),NA,Front to Rear,Clear,Dry,Daylight,No Controls,NONE DETECTED,No,NA,NA,NA,NA,Passenger Car,NA,40,No,2023,TOYOTA,RAV4,39.02654597,-77.04652125,2026,3,13
260009154,Property Damage Crash,03/01/2026 01:04:00 PM,GEORGIA AVE (SB/L),NA,Front to Rear,Clear,Dry,Daylight,No Controls,NONE DETECTED,Yes,No Apparent Injury,NA,Unknown,VA,Passenger Car,Moving Constant Speed,40,No,2004,TOYOTA,CAMRY SOLARA,39.02654597,-77.04652125,2026,3,13
260009137,Property Damage Crash,03/01/2026 11:56:00 AM,POWDER MILL RD,NA,"Sideswipe, Same Direction",Clear,Dry,Daylight,No Controls,NONE DETECTED,No,No Apparent Injury,NA,Not Distracted,MD,Passenger Car,Turning Left,35,No,2003,TOYOTA,AVALON,39.02222049,-76.97747019,2026,3,11
260009137,Property Damage Crash,03/01/2026 11:56:00 AM,POWDER MILL RD,NA,"Sideswipe, Same Direction",Clear,Dry,Daylight,Other Signal,NONE DETECTED,Yes,No Apparent Injury,NA,Unknown,MD,Passenger Car,Turning Left,35,No,2012,HONDA,PILOT,39.02222049,-76.97747019,2026,3,11
260009133,Injury Crash,03/01/2026 10:45:00 AM,KING FARM BLVD,NA,Angle,Clear,Dry,Daylight,Traffic Control Signal,NONE DETECTED,No,No Apparent Injury,NA,Unknown,SD,Passenger Car,Turning Left,20,No,2026,LEXUS,RX,39.11713655,-77.16895157,2026,3,10
260009133,Injury Crash,03/01/2026 10:45:00 AM,KING FARM BLVD,NA,Angle,Clear,Dry,Daylight,Traffic Control Signal,NONE DETECTED,Yes,Possible Minor Injury,NA,Unknown,MD,Passenger Car,Moving Constant Speed,35,No,2020,HYUNDAI,SANTA FE,39.11713655,-77.16895157,2026,3,10
260009125,Property Damage Crash,03/01/2026 10:00:00 AM,E RANDOLPH RD (WB/L),NA,Angle,Clear,Dry,Daylight,Traffic Control Signal,NONE DETECTED,No,No Apparent Injury,NA,Not Distracted,MD,Passenger Car,Moving Constant Speed,40,No,2016,HONDA,ACCORD,39.07567033,-76.99396,2026,3,10
260009125,Property Damage Crash,03/01/2026 10:00:00 AM,E RANDOLPH RD (WB/L),NA,Angle,Clear,Dry,Daylight,Traffic Control Signal,NONE DETECTED,Yes,No Apparent Injury,NA,Unknown,MD,Passenger Car,Turning Left,40,No,2018,TOYOTA,RAV4,39.07567033,-76.99396,2026,3,10
260009127,Injury Crash,03/01/2026 09:52:00 AM,ADELPHI RD,NA,"Sideswipe, Same Direction",Clear,Dry,Daylight,No Controls,NONE DETECTED,No,NA,NA,NA,NA,NA,Accelerating,35,No,0,NA,NA,39.01122271,-76.97825611,2026,3,9
260009127,Injury Crash,03/01/2026 09:52:00 AM,ADELPHI RD,NA,"Sideswipe, Same Direction",Clear,Dry,Daylight,No Controls,NONE DETECTED,No,Possible Minor Injury,NA,Not Distracted,MD,Passenger Car,Moving Constant Speed,35,No,2022,HONDA,CR-V,39.01122271,-76.97825611,2026,3,9
260009121,Injury Crash,03/01/2026 09:40:00 AM,NA,NA,Angle,Clear,Dry,Daylight,No Controls,NONE DETECTED,No,Suspected Serious Injury,NA,Not Distracted,MD,Passenger Car,Moving Constant Speed,25,No,2018,MAZDA,CX-5,39.10949833,-76.935036,2026,3,9
260009121,Injury Crash,03/01/2026 09:40:00 AM,NA,NA,Angle,Clear,Dry,Daylight,No Controls,NONE DETECTED,Yes,No Apparent Injury,NA,Not Distracted,MD,Passenger Car,Turning Right,25,No,2023,MERCEDES-BENZ,GLS-CLASS,39.10949833,-76.935036,2026,3,9
260009123,Injury Crash,03/01/2026 09:33:00 AM,GOLDSBORO RD,NA,Single Vehicle,Clear,Dry,Daylight,No Controls,NONE DETECTED,Yes,Possible Minor Injury,NA,Unknown,MD,Passenger Car,Moving Constant Speed,35,No,2022,VOLVO,XC40,38.96843867,-77.13869433,2026,3,9
260009089,Injury Crash,02/28/2026 11:13:00 PM,ROCKVILLE PIKE (SB/L),NA,Angle,Clear,Dry,Medium,No Controls,NONE DETECTED,No,Possible Minor Injury,NA,Not Distracted,MD,Passenger Car,Moving Constant Speed,35,No,2016,NISSAN,ALTIMA,39.03696369,-77.10799534,2026,2,23
260009089,Injury Crash,02/28/2026 11:13:00 PM,ROCKVILLE PIKE (SB/L),NA,Angle,Clear,Dry,Medium,No Controls,NONE DETECTED,Yes,No Apparent Injury,NA,Unknown,MD,Sport Utility Vehicle,Turning Left,25,No,2015,AUDI,Q5,39.03696369,-77.10799534,2026,2,23
260009087,Property Damage Crash,02/28/2026 10:30:00 PM,GATEWAY CENTER DR,NA,Single Vehicle,Clear,Dry,Medium,No Controls,NONE DETECTED,Yes,No Apparent Injury,NA,Not Distracted,MD,Sport Utility Vehicle,Turning Left,35,No,2022,KIA,NIRO,39.23531457,-77.2829831,2026,2,22
260009784,Property Damage Crash,02/28/2026 06:30:00 PM,NA,NA,Single Vehicle,Clear,NA,Dark,NA,NONE DETECTED,Yes,No Apparent Injury,Improper Backing,Not Distracted,MD,Van - Passenger (&lt;9 Seats),Backing,0,No,2021,INTERNATIONAL,MV607,38.99475613,-77.02913546,2026,2,18
260009045,Property Damage Crash,02/28/2026 05:30:00 PM,NA,NA,Front to Rear,Clear,Dry,Medium,Traffic Control Signal,NONE DETECTED,No,No Apparent Injury,NA,Not Distracted,MD,Passenger Car,Stopped in Traffic,40,No,2016,MAZDA,MAZDA6,39.1254165,-77.0276275,2026,2,17
260009045,Property Damage Crash,02/28/2026 05:30:00 PM,NA,NA,Front to Rear,Clear,Dry,Medium,Traffic Control Signal,NONE DETECTED,No,No Apparent Injury,NA,Not Distracted,MD,Passenger Car,Stopped in Traffic,40,No,2020,NISSAN,VERSA,39.1254165,-77.0276275,2026,2,17
260009045,Property Damage Crash,02/28/2026 05:30:00 PM,NA,NA,Front to Rear,Clear,Dry,Medium,Traffic Control Signal,NONE DETECTED,Yes,No Apparent Injury,Other Improper Action,Not Distracted,MD,Passenger Car,Moving Constant Speed,40,No,2008,DODGE,RAM CHASSIS CAB,39.1254165,-77.0276275,2026,2,17
260009046,Injury Crash,02/28/2026 05:14:00 PM,NA,Pedestrian,Single Vehicle,Clear,NA,Daylight,NA,NONE DETECTED,Yes,No Apparent Injury,"Operated Motor Vehicle in Inattentive, Careless, Negligent, or Erratic Manner",Not Distracted,MD,Passenger Car,Moving Constant Speed,0,No,2012,FORD,FIESTA,39.15376787,-77.19792279,2026,2,17
260009033,Injury Crash,02/28/2026 04:41:00 PM,NA,NA,Angle,Clear,Dry,Daylight,Traffic Control Signal,NONE DETECTED,No,Possible Minor Injury,NA,Not Distracted,MD,Sport Utility Vehicle,Moving Constant Speed,35,No,2016,LEXUS,GX,39.06306092,-77.12495707,2026,2,16
260009033,Injury Crash,02/28/2026 04:41:00 PM,NA,NA,Angle,Clear,Dry,Daylight,Traffic Control Signal,NONE DETECTED,Yes,Possible Minor Injury,NA,Not Distracted,MD,Passenger Car,Making U-Turn,35,No,2017,FORD,FUSION,39.06306092,-77.12495707,2026,2,16
260009036,Injury Crash,02/28/2026 04:37:00 PM,NA,NA,Single Vehicle,Clear,Dry,Daylight,No Controls,NONE DETECTED,Yes,Possible Minor Injury,Followed Too Closely,Unknown,MD,Motorcycle - 2 Wheeled,Slowing or Stopping,40,No,2017,HARLEY-DAVIDSON,FLHX / STREET GLIDE,39.22525615,-77.26266095,2026,2,16
260009030,Injury Crash,02/28/2026 04:14:00 PM,NA,NA,"Sideswipe, Opposite Direction",Clear,Dry,Daylight,No Controls,NONE DETECTED,No,Possible Minor Injury,NA,Not Distracted,MD,Passenger Car,Moving Constant Speed,35,No,2006,HYUNDAI,SONATA,39.13671243,-77.12759853,2026,2,16
260009030,Injury Crash,02/28/2026 04:14:00 PM,NA,NA,"Sideswipe, Opposite Direction",Clear,Dry,Daylight,No Controls,NONE DETECTED,Yes,No Apparent Injury,Failed to Keep in Proper Lane,Not Distracted,MD,Passenger Car,Moving Constant Speed,35,No,2016,FORD,EXPEDITION,39.13671243,-77.12759853,2026,2,16
260009030,Injury Crash,02/28/2026 04:14:00 PM,NA,NA,"Sideswipe, Opposite Direction",Clear,Dry,Daylight,No Controls,NONE DETECTED,No,No Apparent Injury,NA,Not Distracted,MD,Passenger Car,Moving Constant Speed,35,No,2018,HONDA,RIDGELINE,39.13671243,-77.12759853,2026,2,16
260009026,Property Damage Crash,02/28/2026 03:40:00 PM,CONNECTICUT AVE,NA,Angle,Clear,Dry,Daylight,Traffic Control Signal,NONE DETECTED,Yes,No Apparent Injury,Ran Red Light,Unknown,MD,Passenger Car,Moving Constant Speed,30,No,2016,TOYOTA,HIGHLANDER,38.97785282,-77.07725815,2026,2,15
260009026,Property Damage Crash,02/28/2026 03:40:00 PM,CONNECTICUT AVE,NA,Angle,Clear,Dry,Daylight,Traffic Control Signal,NONE DETECTED,No,No Apparent Injury,NA,Not Distracted,MD,Passenger Car,Accelerating,30,No,2012,MERCEDES-BENZ,GL-CLASS,38.97785282,-77.07725815,2026,2,15
260009021,Property Damage Crash,02/28/2026 03:09:00 PM,GEORGIA AVE,NA,"Sideswipe, Same Direction",Clear,Dry,Daylight,No Controls,NONE DETECTED,No,No Apparent Injury,NA,Not Distracted,MD,Passenger Car,Moving Constant Speed,35,No,2016,KIA,SOUL,39.03770864,-77.05045117,2026,2,15
260009021,Property Damage Crash,02/28/2026 03:09:00 PM,GEORGIA AVE,NA,"Sideswipe, Same Direction",Clear,Dry,Daylight,No Controls,NONE DETECTED,No,No Apparent Injury,NA,Not Distracted,MD,Pickup,Moving Constant Speed,35,No,2010,TOYOTA,TACOMA,39.03770864,-77.05045117,2026,2,15
260009021,Property Damage Crash,02/28/2026 03:09:00 PM,GEORGIA AVE,NA,"Sideswipe, Same Direction",Clear,Dry,Daylight,No Controls,ALCOHOL PRESENT,Yes,No Apparent Injury,"Other Improper Action, Swerved or Avoided Due to Wind, Slippery Surface, Motor Vehicle, Object, Non-Motorist in Roadway, etc",Not Distracted,NA,Van - Passenger (&lt;9 Seats),Moving Constant Speed,35,No,2015,FORD,TRANSIT,39.03770864,-77.05045117,2026,2,15
260009007,Property Damage Crash,02/28/2026 12:51:00 PM,SEVEN LOCKS RD,NA,Front to Rear,Clear,Dry,Daylight,No Controls,NONE DETECTED,No,No Apparent Injury,NA,Not Distracted,VA,Passenger Car,Slowing or Stopping,25,No,2010,FORD,EDGE,39.01642467,-77.16042467,2026,2,12
260009007,Property Damage Crash,02/28/2026 12:51:00 PM,SEVEN LOCKS RD,NA,Front to Rear,Clear,Dry,Daylight,No Controls,NONE DETECTED,Yes,No Apparent Injury,NA,"Other Action (looking away from task, etc.)",MD,Passenger Car,Slowing or Stopping,25,No,2016,HYUNDAI,SANTA FE,39.01642467,-77.16042467,2026,2,12
260009003,Property Damage Crash,02/28/2026 11:52:00 AM,NEW HAMPSHIRE AVE (SB/L),NA,"Sideswipe, Same Direction",Clear,Dry,Daylight,No Controls,NONE DETECTED,No,No Apparent Injury,"Failed to Keep in Proper Lane, Improper Passing, Operated Motor Vehicle in Inattentive, Careless, Negligent, or Erratic Manner, Operated Motor Vehicle in Reckless or Aggressive Manner, Too Fast For Conditions",Unknown,NA,Passenger Car,Changing Lanes,35,No,2012,MERCEDES-BENZ,E-CLASS,38.9783036,-76.99137617,2026,2,11
260009003,Property Damage Crash,02/28/2026 11:52:00 AM,NEW HAMPSHIRE AVE (SB/L),NA,"Sideswipe, Same Direction",Clear,Dry,Daylight,No Controls,NONE DETECTED,No,No Apparent Injury,NA,Not Distracted,MD,Passenger Car,Moving Constant Speed,35,No,2006,TOYOTA,CAMRY,38.9783036,-76.99137617,2026,2,11
260009840,Property Damage Crash,02/28/2026 08:36:00 AM,NA,NA,Front to Rear,Clear,NA,Daylight,NA,NONE DETECTED,Yes,No Apparent Injury,NA,Unknown,NA,Passenger Car,Accelerating,0,No,2017,NISSAN,ALTIMA,39.1409705,-77.19483583,2026,2,8
260009840,Property Damage Crash,02/28/2026 08:36:00 AM,NA,NA,Front to Rear,Clear,NA,Daylight,NA,NONE DETECTED,Yes,No Apparent Injury,NA,Unknown,MD,Passenger Car,Slowing or Stopping,0,No,2016,FORD,FUSION,39.1409705,-77.19483583,2026,2,8
260008972,Injury Crash,02/28/2026 01:19:00 AM,E JEFFERSON ST,NA,Angle,Clear,Dry,Medium,Flashing Traffic Control Signal,NONE DETECTED,Yes,No Apparent Injury,"Failed to Yield Right-of-Way, Operated Motor Vehicle in Inattentive, Careless, Negligent, or Erratic Manner, Ran Red Light",Unknown,MD,Passenger Car,Moving Constant Speed,25,No,2013,HONDA,ACCORD,39.05853733,-77.12641428,2026,2,1
260008972,Injury Crash,02/28/2026 01:19:00 AM,E JEFFERSON ST,NA,Angle,Clear,Dry,Medium,Flashing Traffic Control Signal,NONE DETECTED,No,Possible Minor Injury,NA,Not Distracted,MD,Passenger Car,Moving Constant Speed,25,No,2018,CHEVROLET,TRAX,39.05853733,-77.12641428,2026,2,1
260008966,Property Damage Crash,02/28/2026 12:03:00 AM,BEALL AVE #2,NA,Front to Front,Clear,Dry,Medium,No Controls,NONE DETECTED,No,No Apparent Injury,Failed to Keep in Proper Lane,Unknown,NA,Passenger Car,NA,25,No,2020,HONDA,CIVIC,39.08764976,-77.16491625,2026,2,0
260008965,Property Damage Crash,02/27/2026 11:47:00 PM,SHADY GROVE RD,NA,Angle,Clear,Dry,Medium,Traffic Control Signal,NONE DETECTED,No,No Apparent Injury,NA,Not Distracted,XX,Sport Utility Vehicle,Turning Left,55,No,2019,MITSUBISHI,OUTLANDER,39.12046895,-77.18007515,2026,2,23
260008965,Property Damage Crash,02/27/2026 11:47:00 PM,SHADY GROVE RD,NA,Angle,Clear,Dry,Medium,Traffic Control Signal,NONE DETECTED,No,No Apparent Injury,Failed to Yield Right-of-Way,Unknown,MD,Passenger Car,Moving Constant Speed,40,No,2023,HYUNDAI,ELANTRA,39.12046895,-77.18007515,2026,2,23
260009178,Property Damage Crash,02/27/2026 08:30:00 PM,DUNLOP ST,NA,"Sideswipe, Same Direction",Clear,Dry,Medium,No Controls,NONE DETECTED,No,NA,"Failed to Keep in Proper Lane, Improper Passing",NA,NA,Truck Tractor,Moving Constant Speed,30,No,2000,UNKNOWN,UNKNOWN,38.99047521,-77.07705809,2026,2,20
260009178,Property Damage Crash,02/27/2026 08:30:00 PM,DUNLOP ST,NA,"Sideswipe, Same Direction",Clear,Dry,Medium,No Controls,NONE DETECTED,No,No Apparent Injury,NA,Not Distracted,DC,Sport Utility Vehicle,Moving Constant Speed,30,No,2021,ACURA,RDX,38.99047521,-77.07705809,2026,2,20
260008944,Injury Crash,02/27/2026 08:06:00 PM,WATKINS MILL RD (SB/L),NA,Front to Rear,Clear,Dry,Medium,Traffic Control Signal,NONE DETECTED,No,No Apparent Injury,NA,Not Distracted,MD,Passenger Car,Accelerating,35,No,2019,DODGE,DURANGO,39.15935646,-77.21931931,2026,2,20
260008944,Injury Crash,02/27/2026 08:06:00 PM,WATKINS MILL RD (SB/L),NA,Front to Rear,Clear,Dry,Medium,Traffic Control Signal,NONE DETECTED,No,Possible Minor Injury,NA,Unknown,MD,Passenger Car,Stopped in Traffic,35,No,2012,FORD,FOCUS,39.15935646,-77.21931931,2026,2,20
260008934,Property Damage Crash,02/27/2026 07:20:00 PM,UNIVERSITY BLVD W (WB/L),NA,Front to Rear,Clear,Dry,Medium,Traffic Control Signal,NONE DETECTED,No,No Apparent Injury,NA,Unknown,MD,Passenger Car,Slowing or Stopping,35,No,2015,HONDA,CR-V,39.03662317,-77.03043584,2026,2,19
260008934,Property Damage Crash,02/27/2026 07:20:00 PM,UNIVERSITY BLVD W (WB/L),NA,Front to Rear,Clear,Dry,Medium,Traffic Control Signal,NONE DETECTED,No,No Apparent Injury,NA,Not Distracted,MD,Passenger Car,Slowing or Stopping,35,No,2021,CHEVROLET,SUBURBAN,39.03662317,-77.03043584,2026,2,19
260008920,Property Damage Crash,02/27/2026 05:34:00 PM,NA,NA,"Sideswipe, Opposite Direction",Clear,NA,Daylight,NA,NONE DETECTED,No,No Apparent Injury,NA,Not Distracted,MD,Passenger Car,Moving Constant Speed,0,No,2021,TOYOTA,COROLLA,39.09525867,-77.11070087,2026,2,17
260008920,Property Damage Crash,02/27/2026 05:34:00 PM,NA,NA,"Sideswipe, Opposite Direction",Clear,NA,Daylight,NA,NONE DETECTED,No,NA,Improper Passing,NA,NA,Passenger Car,Moving Constant Speed,0,No,1999,BUICK,CENTURY,39.09525867,-77.11070087,2026,2,17
260008919,Property Damage Crash,02/27/2026 05:21:00 PM,WESTMORELAND AVE,NA,Angle,Clear,Dry,Daylight,No Controls,NONE DETECTED,Yes,No Apparent Injury,NA,Unknown,MD,Passenger Car,Moving Constant Speed,15,No,2023,CHEVROLET,BOLT EUV,38.9712555,-77.007695,2026,2,17
260008909,Property Damage Crash,02/27/2026 04:18:00 PM,QUINCE ORCHARD RD (SB/L),NA,Other,Clear,Dry,Daylight,Traffic Control Signal,NONE DETECTED,Yes,No Apparent Injury,NA,Not Distracted,MD,Passenger Car,Moving Constant Speed,35,No,2026,NISSAN,SENTRA,39.12921279,-77.23047141,2026,2,16
260008909,Property Damage Crash,02/27/2026 04:18:00 PM,QUINCE ORCHARD RD (SB/L),NA,Other,Clear,Dry,Daylight,Traffic Control Signal,NONE DETECTED,No,No Apparent Injury,NA,Not Distracted,MD,Pickup,Turning Left,25,No,2018,NISSAN,TITAN,39.12921279,-77.23047141,2026,2,16
260008908,Property Damage Crash,02/27/2026 04:16:00 PM,NA,NA,Angle,Clear,Dry,Daylight,No Controls,NONE DETECTED,Yes,No Apparent Injury,Failed to Yield Right-of-Way,Not Distracted,MD,Passenger Car,Turning Left,30,No,2016,TOYOTA,COROLLA,39.01766261,-77.02363922,2026,2,16
260008908,Property Damage Crash,02/27/2026 04:16:00 PM,NA,NA,Angle,Clear,Dry,Daylight,No Controls,NONE DETECTED,No,No Apparent Injury,NA,Not Distracted,MD,Passenger Car,Moving Constant Speed,30,No,2022,TESLA,MODEL 3,39.01766261,-77.02363922,2026,2,16
260008902,Property Damage Crash,02/27/2026 03:59:00 PM,KNOWLES AVE,NA,"Sideswipe, Same Direction",Clear,Dry,Daylight,Traffic Control Signal,NONE DETECTED,No,No Apparent Injury,Improper Passing,Not Distracted,NA,Passenger Car,Accelerating,20,No,2011,TOYOTA,CAMRY,39.03102075,-77.08612829,2026,2,15
260008902,Property Damage Crash,02/27/2026 03:59:00 PM,KNOWLES AVE,NA,"Sideswipe, Same Direction",Clear,Dry,Daylight,Traffic Control Signal,NONE DETECTED,No,No Apparent Injury,Other Improper Action,Not Distracted,MD,Passenger Car,Moving Constant Speed,20,No,2021,JEEP,WRANGLER,39.03102075,-77.08612829,2026,2,15
260008896,Injury Crash,02/27/2026 03:36:00 PM,NA,NA,Angle,Clear,NA,Daylight,NA,NONE DETECTED,No,No Apparent Injury,NA,Not Distracted,MD,Passenger Car,Accelerating,0,No,2012,SUBARU,LEGACY,39.20016465,-77.24651882,2026,2,15
260008896,Injury Crash,02/27/2026 03:36:00 PM,NA,NA,Angle,Clear,NA,Daylight,NA,NONE DETECTED,Yes,Possible Minor Injury,NA,Not Distracted,MD,Passenger Car,Moving Constant Speed,0,No,2004,TOYOTA,AVALON,39.20016465,-77.24651882,2026,2,15
260008889,Property Damage Crash,02/27/2026 02:54:00 PM,BRIGGS CHANEY RD,NA,Front to Rear,Clear,Dry,Daylight,Traffic Control Signal,NONE DETECTED,No,No Apparent Injury,NA,Not Distracted,MD,Passenger Car,Moving Constant Speed,35,No,2008,HYUNDAI,ELANTRA,39.080878,-76.94628433,2026,2,14
260008889,Property Damage Crash,02/27/2026 02:54:00 PM,BRIGGS CHANEY RD,NA,Front to Rear,Clear,Dry,Daylight,Traffic Control Signal,NONE DETECTED,Yes,No Apparent Injury,NA,Unknown,MD,Passenger Car,Turning Left,35,No,2022,TOYOTA,COROLLA,39.080878,-76.94628433,2026,2,14
260008890,Property Damage Crash,02/27/2026 02:45:00 PM,S GLEN RD,NA,Front to Front,Clear,Dry,Daylight,No Controls,NONE DETECTED,No,No Apparent Injury,NA,Not Distracted,MD,Sport Utility Vehicle,Moving Constant Speed,35,No,2017,MAZDA,CX-5,39.03025267,-77.21048617,2026,2,14
260008890,Property Damage Crash,02/27/2026 02:45:00 PM,S GLEN RD,NA,Front to Front,Clear,Dry,Daylight,No Controls,NONE DETECTED,No,No Apparent Injury,NA,"Other Action (looking away from task, etc.)",MD,Passenger Car,Turning Right,35,No,2024,ACURA,INTEGRA,39.03025267,-77.21048617,2026,2,14
260008885,Injury Crash,02/27/2026 02:28:00 PM,SHAKESPEARE BLVD,NA,Rear To Side,Clear,Dry,Daylight,Traffic Control Signal,NONE DETECTED,No,No Apparent Injury,NA,Not Distracted,MD,Passenger Car,Moving Constant Speed,45,No,2015,BMW,435I,39.198221,-77.24501529,2026,2,14
260008885,Injury Crash,02/27/2026 02:28:00 PM,SHAKESPEARE BLVD,NA,Rear To Side,Clear,Dry,Daylight,Traffic Control Signal,NONE DETECTED,No,Possible Minor Injury,NA,Not Distracted,MD,Passenger Car,Turning Right,30,No,2001,HONDA,CR-V,39.198221,-77.24501529,2026,2,14
260008885,Injury Crash,02/27/2026 02:28:00 PM,SHAKESPEARE BLVD,NA,Rear To Side,Clear,Dry,Daylight,Traffic Control Signal,NONE DETECTED,Yes,Possible Minor Injury,Improper Turn,Unknown,MD,Passenger Car,Turning Left,45,No,2021,LEXUS,ES,39.198221,-77.24501529,2026,2,14
260008883,Property Damage Crash,02/27/2026 02:06:00 PM,FIRST AVE,NA,Other,Clear,Dry,Daylight,No Controls,NONE DETECTED,Yes,No Apparent Injury,Other Improper Action,Not Distracted,MD,Bus - School,Moving Constant Speed,20,No,2022,FREIGHTLINER,B2 BUS CHASSIS,39.00303659,-77.03784329,2026,2,14