Local Case Number,ACRS Report Type,Crash Date/Time,Road Name,Related Non-Motorist,Collision Type,Weather,Surface Condition,Light,Traffic Control,Driver Substance Abuse,Driver At Fault,Injury Severity,Circumstance,Driver Distracted By,Drivers License State,Vehicle Body Type,Vehicle Movement,Speed Limit,Driverless Vehicle,Vehicle Year,Vehicle Make,Vehicle Model,Latitude,Longitude,Year,Month,Hour
260008876,Property Damage Crash,02/27/2026 01:20:00 PM,GREAT SENECA HWY (SB/L),NA,Rear To Rear,Clear,Dry,Daylight,No Controls,NONE DETECTED,No,No Apparent Injury,NA,Not Distracted,MD,Sport Utility Vehicle,Slowing or Stopping,40,No,2025,HYUNDAI,SANTA FE,39.1111322,-77.2193245,2026,2,13
260008876,Property Damage Crash,02/27/2026 01:20:00 PM,GREAT SENECA HWY (SB/L),NA,Rear To Rear,Clear,Dry,Daylight,No Controls,NONE DETECTED,Yes,No Apparent Injury,NA,Unknown,MD,Sport Utility Vehicle,Moving Constant Speed,40,No,2009,HONDA,CR-V,39.1111322,-77.2193245,2026,2,13
260008879,Property Damage Crash,02/27/2026 01:10:00 PM,NA,NA,Other,Clear,NA,Daylight,NA,NONE DETECTED,Yes,No Apparent Injury,NA,Unknown,MD,Sport Utility Vehicle,Moving Constant Speed,0,No,2024,SUBARU,ASCENT,39.14733443,-77.2295082,2026,2,13
260008877,Property Damage Crash,02/27/2026 01:00:00 PM,NA,NA,Unknown,Clear,NA,Daylight,NA,NONE DETECTED,No,NA,NA,NA,NA,Passenger Car,NA,0,No,2011,HONDA,ACCORD,39.01783175,-77.20813435,2026,2,13
260008870,Injury Crash,02/27/2026 12:25:00 PM,RIDGE RD,NA,Front to Rear,Clear,Dry,Daylight,Traffic Control Signal,NONE DETECTED,Yes,No Apparent Injury,"Operated Motor Vehicle in Inattentive, Careless, Negligent, or Erratic Manner","Other Action (looking away from task, etc.)",MD,Passenger Car,Moving Constant Speed,45,No,2024,HONDA,CIVIC,39.2020425,-77.25315739,2026,2,12
260008870,Injury Crash,02/27/2026 12:25:00 PM,RIDGE RD,NA,Front to Rear,Clear,Dry,Daylight,Traffic Control Signal,NONE DETECTED,No,No Apparent Injury,NA,Not Distracted,MD,Passenger Car,Slowing or Stopping,45,No,2015,TOYOTA,SIENNA,39.2020425,-77.25315739,2026,2,12
260008861,Injury Crash,02/27/2026 12:13:00 PM,NA,NA,Angle,Clear,Dry,Daylight,Traffic Control Signal,NONE DETECTED,No,Possible Minor Injury,NA,Not Distracted,MD,Sport Utility Vehicle,Moving Constant Speed,35,No,2016,JEEP,PATRIOT,39.06809466,-77.06117246,2026,2,12
260008861,Injury Crash,02/27/2026 12:13:00 PM,NA,NA,Angle,Clear,Dry,Daylight,Traffic Control Signal,NONE DETECTED,No,No Apparent Injury,NA,Not Distracted,MD,Sport Utility Vehicle,Moving Constant Speed,25,No,2004,CADILLAC,ESCALADE,39.06809466,-77.06117246,2026,2,12
260008866,Property Damage Crash,02/27/2026 11:45:00 AM,MIDDLEBROOK RD (WB/L),NA,"Sideswipe, Same Direction",Clear,Dry,Daylight,No Controls,NONE DETECTED,Yes,No Apparent Injury,Failed to Keep in Proper Lane,Unknown,MD,Bus - School,Moving Constant Speed,40,No,2026,FREIGHTLINER,B2 BUS CHASSIS,39.17531677,-77.2538113,2026,2,11
260008866,Property Damage Crash,02/27/2026 11:45:00 AM,MIDDLEBROOK RD (WB/L),NA,"Sideswipe, Same Direction",Clear,Dry,Daylight,No Controls,NONE DETECTED,Yes,No Apparent Injury,Failed to Keep in Proper Lane,Unknown,MD,Bus - School,Moving Constant Speed,40,No,2026,FREIGHTLINER,B2 106 ELECTRIC CONVENTIONAL CHASSIS,39.17531677,-77.2538113,2026,2,11
260008838,Property Damage Crash,02/27/2026 10:09:00 AM,ROCKVILLE PIKE (SB/L),NA,Front to Rear,Clear,Dry,Daylight,Traffic Control Signal,NONE DETECTED,Yes,No Apparent Injury,Followed Too Closely,Not Distracted,MD,Bus - Transit,Slowing or Stopping,40,No,2020,GILLIG,LOW FLOOR BUS,39.04476528,-77.11176977,2026,2,10
260008838,Property Damage Crash,02/27/2026 10:09:00 AM,ROCKVILLE PIKE (SB/L),NA,Front to Rear,Clear,Dry,Daylight,Traffic Control Signal,NONE DETECTED,No,No Apparent Injury,NA,Not Distracted,MD,Sport Utility Vehicle,Stopped in Traffic,40,No,2026,TOYOTA,4-RUNNER,39.04476528,-77.11176977,2026,2,10
26000348,Injury Crash,02/27/2026 08:22:00 AM,NA,NA,Single Vehicle,Clear,NA,Daylight,NA,NONE DETECTED,No,Possible Minor Injury,NA,Unknown,MD,Van - Passenger (&lt;9 Seats),NA,0,No,2003,CHEVROLET,ASTRO VAN,39.06801927,-77.10340079,2026,2,8
260008822,Injury Crash,02/27/2026 07:04:00 AM,UNIVERSITY BLVD E,NA,Front to Rear,Clear,Dry,Daylight,No Controls,NONE DETECTED,Yes,No Apparent Injury,NA,Not Distracted,MD,Van - Passenger (&lt;9 Seats),Slowing or Stopping,30,No,2016,CHRYSLER,TOWN AND COUNTRY,39.00482527,-76.9970354,2026,2,7
260008822,Injury Crash,02/27/2026 07:04:00 AM,UNIVERSITY BLVD E,NA,Front to Rear,Clear,Dry,Daylight,No Controls,NONE DETECTED,No,Possible Minor Injury,NA,Not Distracted,MD,Pickup,Stopped in Traffic,30,No,2013,FORD,F-150,39.00482527,-76.9970354,2026,2,7
260008824,Property Damage Crash,02/27/2026 07:03:00 AM,CLARKSBURG RD,NA,Single Vehicle,Clear,Ice/Frost,Daylight,No Controls,NONE DETECTED,Yes,No Apparent Injury,"Swerved or Avoided Due to Wind, Slippery Surface, Motor Vehicle, Object, Non-Motorist in Roadway, etc",Not Distracted,MD,Pickup,Accelerating,35,No,1997,FORD,RANGER,39.30484551,-77.25307484,2026,2,7
260008816,Property Damage Crash,02/27/2026 05:55:00 AM,GLENALLAN AVE (WB/L),NA,"Sideswipe, Opposite Direction",Clear,Dry,Medium,Traffic Control Signal,NONE DETECTED,No,No Apparent Injury,NA,Not Distracted,MD,Sport Utility Vehicle,Moving Constant Speed,40,No,2013,TOYOTA,4-RUNNER,39.06318364,-77.05018432,2026,2,5
260008816,Property Damage Crash,02/27/2026 05:55:00 AM,GLENALLAN AVE (WB/L),NA,"Sideswipe, Opposite Direction",Clear,Dry,Medium,Traffic Control Signal,NONE DETECTED,Yes,No Apparent Injury,Failed to Yield Right-of-Way,Unknown,MD,Passenger Car,Turning Left,40,No,2019,DODGE,CHARGER,39.06318364,-77.05018432,2026,2,5
260008815,Injury Crash,02/27/2026 05:30:00 AM,PEARL ST,NA,Single Vehicle,Cloudy,Wet,Medium,No Controls,NONE DETECTED,No,Possible Minor Injury,Too Fast For Conditions,Unknown,MD,Passenger Car,Moving Constant Speed,30,No,2002,HONDA,ACCORD,38.98434721,-77.09085351,2026,2,5
260008813,Injury Crash,02/27/2026 03:20:00 AM,WASHINGTON GROVE LA,NA,Single Vehicle,Clear,Dry,Medium,No Controls,ALCOHOL PRESENT,Yes,Possible Minor Injury,NA,Unknown,MD,Sport Utility Vehicle,Leaving Traffic Lane,35,No,2021,HONDA,PILOT,39.15221439,-77.16490706,2026,2,3
260008811,Injury Crash,02/27/2026 02:31:00 AM,NA,NA,Front to Front,Cloudy,Wet,Dark,No Controls,NONE DETECTED,No,Suspected Serious Injury,NA,Not Distracted,MD,Pickup,Moving Constant Speed,50,No,2018,FORD,F-150,39.05424917,-77.27426333,2026,2,2
260008811,Injury Crash,02/27/2026 02:31:00 AM,NA,NA,Front to Front,Cloudy,Wet,Dark,No Controls,NONE DETECTED,No,Possible Minor Injury,NA,Unknown,MD,Passenger Car,Moving Constant Speed,50,No,2015,BMW,428I,39.05424917,-77.27426333,2026,2,2
260008792,Injury Crash,02/26/2026 10:52:00 PM,ST PAUL ST,NA,Front to Front,Clear,Dry,Medium,No Controls,NONE DETECTED,No,NA,NA,NA,NA,Sport Utility Vehicle,Parked,25,No,2012,JEEP,GRAND CHEROKEE,39.03281117,-77.069724,2026,2,22
260008792,Injury Crash,02/26/2026 10:52:00 PM,ST PAUL ST,NA,Front to Front,Clear,Dry,Medium,No Controls,NONE DETECTED,Yes,Possible Minor Injury,"Operated Motor Vehicle in Inattentive, Careless, Negligent, or Erratic Manner",Not Distracted,MD,Passenger Car,Moving Constant Speed,25,No,2025,HYUNDAI,ELANTRA,39.03281117,-77.069724,2026,2,22
260008793,Property Damage Crash,02/26/2026 10:10:00 PM,NA,NA,Angle,Clear,Wet,Medium,Stop Sign,NONE DETECTED,Yes,No Apparent Injury,"Improper Turn, Operated Motor Vehicle in Inattentive, Careless, Negligent, or Erratic Manner, Operated Motor Vehicle in Reckless or Aggressive Manner, Other Improper Action, Over-Correcting/Over-Steering",Unknown,MD,Sport Utility Vehicle,Entering Traffic Lane,15,No,2025,TOYOTA,TACOMA,39.0898505,-77.06907867,2026,2,22
260008793,Property Damage Crash,02/26/2026 10:10:00 PM,NA,NA,Angle,Clear,Wet,Medium,No Controls,NONE DETECTED,No,No Apparent Injury,NA,Not Distracted,MD,Passenger Car,Stopped in Traffic,15,No,2020,TOYOTA,COROLLA,39.0898505,-77.06907867,2026,2,22
260008788,Injury Crash,02/26/2026 09:20:00 PM,OLNEY SANDY SPRING RD,NA,Angle,Clear,Dry,Medium,Pedestrian Crossing,NONE DETECTED,No,No Apparent Injury,NA,Not Distracted,MD,Passenger Car,Moving Constant Speed,35,No,2012,NISSAN,ALTIMA,39.15321094,-77.06675697,2026,2,21
260008788,Injury Crash,02/26/2026 09:20:00 PM,OLNEY SANDY SPRING RD,NA,Angle,Clear,Dry,Medium,Traffic Control Signal,NONE DETECTED,Yes,Possible Minor Injury,"Failed to Yield Right-of-Way, Improper Turn","Other Action (looking away from task, etc.)",MD,Passenger Car,Moving Constant Speed,35,No,2016,CHEVROLET,CRUZE LIMITED,39.15321094,-77.06675697,2026,2,21
260008783,Property Damage Crash,02/26/2026 07:40:00 PM,NA,NA,Other,Clear,NA,Medium,NA,NONE DETECTED,Yes,No Apparent Injury,NA,Not Distracted,MD,Sport Utility Vehicle,Backing,0,No,2016,NISSAN,ROGUE,39.09177525,-77.1768429,2026,2,19
260008783,Property Damage Crash,02/26/2026 07:40:00 PM,NA,NA,Other,Clear,NA,Medium,NA,NONE DETECTED,No,No Apparent Injury,NA,Not Distracted,MD,Passenger Car,Parked,0,No,2019,CHEVROLET,MALIBU,39.09177525,-77.1768429,2026,2,19
260008771,Injury Crash,02/26/2026 07:00:00 PM,RAMP 3 FR WESTLAKE TERR TO IS 270Y NB,NA,Front to Rear,Clear,Dry,Medium,Flashing Traffic Control Signal,NONE DETECTED,No,Possible Minor Injury,NA,Not Distracted,MD,Passenger Car,Stopped in Traffic,35,No,2025,NISSAN,ALTIMA,39.02844283,-77.14167033,2026,2,19
260008771,Injury Crash,02/26/2026 07:00:00 PM,RAMP 3 FR WESTLAKE TERR TO IS 270Y NB,NA,Front to Rear,Clear,Dry,Medium,Flashing Traffic Control Signal,NONE DETECTED,No,No Apparent Injury,NA,Unknown,MD,Van - Passenger (&lt;9 Seats),Moving Constant Speed,30,No,2014,TOYOTA,SIENNA,39.02844283,-77.14167033,2026,2,19
260008766,Injury Crash,02/26/2026 06:43:00 PM,E GUDE DR (WB/L),NA,Front to Rear,Clear,Wet,Medium,Traffic Control Signal,NONE DETECTED,No,Possible Minor Injury,NA,Not Distracted,MD,Sport Utility Vehicle,Moving Constant Speed,40,No,2026,TESLA,MODEL Y,39.10651854,-77.15191296,2026,2,18
260008766,Injury Crash,02/26/2026 06:43:00 PM,E GUDE DR (WB/L),NA,Front to Rear,Clear,Wet,Medium,Traffic Control Signal,NONE DETECTED,Yes,No Apparent Injury,NA,Unknown,MD,Sport Utility Vehicle,Moving Constant Speed,40,No,2011,HYUNDAI,SANTA FE,39.10651854,-77.15191296,2026,2,18
260008773,Property Damage Crash,02/26/2026 06:40:00 PM,GEORGIA AVE,NA,"Sideswipe, Same Direction",Rain,Wet,Medium,Traffic Control Signal,ALCOHOL PRESENT,No,No Apparent Injury,NA,Unknown,NA,Truck Tractor,Entering Traffic Lane,35,No,2002,INTERNATIONAL,9900IX,39.05988006,-77.05061087,2026,2,18
260008773,Property Damage Crash,02/26/2026 06:40:00 PM,GEORGIA AVE,NA,"Sideswipe, Same Direction",Rain,Wet,Medium,Traffic Control Signal,NONE DETECTED,No,No Apparent Injury,NA,Not Distracted,MD,Pickup,Moving Constant Speed,35,No,2025,TOYOTA,TACOMA,39.05988006,-77.05061087,2026,2,18
260008763,Property Damage Crash,02/26/2026 06:38:00 PM,MONROE ST,NA,Front to Rear,Clear,Dry,Medium,Traffic Control Signal,NONE DETECTED,Yes,No Apparent Injury,NA,Not Distracted,MD,Passenger Car,Turning Left,35,No,2013,FORD,C-MAX,39.08075641,-77.14998156,2026,2,18
260008763,Property Damage Crash,02/26/2026 06:38:00 PM,MONROE ST,NA,Front to Rear,Clear,Dry,Medium,Traffic Control Signal,NONE DETECTED,No,No Apparent Injury,NA,Not Distracted,MD,Passenger Car,Moving Constant Speed,35,No,2019,TOYOTA,CAMRY,39.08075641,-77.14998156,2026,2,18
260008758,Injury Crash,02/26/2026 06:27:00 PM,PLYERS MILL RD,Scooter (electric),Single Vehicle,Rain,Wet,Medium,Traffic Control Signal,NONE DETECTED,No,No Apparent Injury,NA,Not Distracted,MD,Passenger Car,Turning Right,35,No,2015,TOYOTA,AVALON,39.0297585,-77.07576983,2026,2,18
260008751,Property Damage Crash,02/26/2026 06:13:00 PM,FREDERICK RD,NA,Front to Rear,Rain,Wet,Medium,Lane Use Control Signal,NONE DETECTED,No,No Apparent Injury,NA,Not Distracted,MD,Passenger Car,Slowing or Stopping,40,No,2023,MERCEDES-BENZ,300,39.19253533,-77.2426165,2026,2,18
260008751,Property Damage Crash,02/26/2026 06:13:00 PM,FREDERICK RD,NA,Front to Rear,Rain,Wet,Medium,Lane Use Control Signal,NONE DETECTED,Yes,No Apparent Injury,NA,Not Distracted,MD,Passenger Car,Accelerating,40,No,2016,RAM,PROMASTER 2500,39.19253533,-77.2426165,2026,2,18
260008761,Property Damage Crash,02/26/2026 05:58:00 PM,ROCKVILLE PIKE,NA,"Sideswipe, Same Direction",Clear,Dry,Medium,Traffic Control Signal,NONE DETECTED,Yes,No Apparent Injury,NA,Unknown,MD,Pickup,Changing Lanes,40,No,2022,FORD,MAVERICK,39.04196283,-77.11031083,2026,2,17
260008761,Property Damage Crash,02/26/2026 05:58:00 PM,ROCKVILLE PIKE,NA,"Sideswipe, Same Direction",Clear,Dry,Medium,Traffic Control Signal,NONE DETECTED,No,No Apparent Injury,NA,Not Distracted,MD,Station Wagon,Moving Constant Speed,40,No,2016,TOYOTA,RAV4,39.04196283,-77.11031083,2026,2,17
260008761,Property Damage Crash,02/26/2026 05:58:00 PM,ROCKVILLE PIKE,NA,"Sideswipe, Same Direction",Clear,Dry,Medium,Traffic Control Signal,NONE DETECTED,No,No Apparent Injury,NA,Not Distracted,MD,Bus - Transit,Stopped in Traffic,40,No,2017,GILLIG,LOW FLOOR BUS,39.04196283,-77.11031083,2026,2,17
260008747,Injury Crash,02/26/2026 05:49:00 PM,NEW HAMPSHIRE AVE (SB/L),NA,Rear To Side,Clear,Dry,Daylight,No Controls,NONE DETECTED,No,No Apparent Injury,NA,Not Distracted,MD,Passenger Car,Moving Constant Speed,40,No,2020,TOYOTA,C-HR,39.0458345,-76.99257383,2026,2,17
260008747,Injury Crash,02/26/2026 05:49:00 PM,NEW HAMPSHIRE AVE (SB/L),NA,Rear To Side,Clear,Dry,Daylight,No Controls,NONE DETECTED,Yes,No Apparent Injury,NA,Not Distracted,MD,Passenger Car,Turning Left,40,No,2015,CHEVROLET,TRAX,39.0458345,-76.99257383,2026,2,17
260008752,Property Damage Crash,02/26/2026 05:29:00 PM,BROADBIRCH DR,NA,Front to Rear,Clear,Wet,Medium,No Controls,NONE DETECTED,No,No Apparent Injury,NA,Unknown,ME,Passenger Car,Stopped in Traffic,30,No,2018,INFINITI,Q50,39.05555432,-76.95653746,2026,2,17
260008752,Property Damage Crash,02/26/2026 05:29:00 PM,BROADBIRCH DR,NA,Front to Rear,Clear,Wet,Medium,No Controls,NONE DETECTED,Yes,No Apparent Injury,NA,Not Distracted,MD,Other,Moving Constant Speed,30,No,2020,FREIGHTLINER,M2,39.05555432,-76.95653746,2026,2,17
260008739,Property Damage Crash,02/26/2026 05:05:00 PM,NA,NA,Other,Rain,NA,Daylight,NA,NONE DETECTED,Yes,No Apparent Injury,Improper Backing,"Other Action (looking away from task, etc.)",MD,Passenger Car,Backing,0,No,2022,DODGE,CHARGER,39.10855302,-77.17415801,2026,2,17
260008733,Property Damage Crash,02/26/2026 04:37:00 PM,FALLS RD (SB/L),NA,Angle,Rain,Wet,Daylight,Traffic Control Signal,NONE DETECTED,No,No Apparent Injury,NA,Not Distracted,MD,Passenger Car,Moving Constant Speed,35,No,2022,HONDA,CIVIC,39.06977517,-77.17020117,2026,2,16
260008733,Property Damage Crash,02/26/2026 04:37:00 PM,FALLS RD (SB/L),NA,Angle,Rain,Wet,Daylight,Traffic Control Signal,NONE DETECTED,Yes,No Apparent Injury,Failed to Yield Right-of-Way,Not Distracted,MD,Passenger Car,Turning Left,35,No,2023,TOYOTA,COROLLA,39.06977517,-77.17020117,2026,2,16
260008726,Property Damage Crash,02/26/2026 03:54:00 PM,WOOTTON PKWY,NA,Front to Rear,Clear,Wet,Daylight,Traffic Control Signal,NONE DETECTED,No,No Apparent Injury,NA,Not Distracted,NA,Passenger Car,Changing Lanes,35,No,0,NA,NA,39.06710215,-77.15011215,2026,2,15
260008726,Property Damage Crash,02/26/2026 03:54:00 PM,WOOTTON PKWY,NA,Front to Rear,Clear,Wet,Daylight,Traffic Control Signal,NONE DETECTED,No,No Apparent Injury,Other Improper Action,Not Distracted,MD,Unknown,Moving Constant Speed,35,No,2020,BMW,530E,39.06710215,-77.15011215,2026,2,15
260008729,Property Damage Crash,02/26/2026 03:54:00 PM,MIMOSA LA,NA,"Sideswipe, Opposite Direction",Cloudy,Wet,Daylight,No Controls,NONE DETECTED,Yes,No Apparent Injury,"Swerved or Avoided Due to Wind, Slippery Surface, Motor Vehicle, Object, Non-Motorist in Roadway, etc",Not Distracted,MD,Bus - School,Overtaking/Passing,25,No,2017,FREIGHTLINER,B2 BUS CHASSIS,39.0775881,-76.98179854,2026,2,15
260008718,Property Damage Crash,02/26/2026 03:45:00 PM,FREDERICK AVE #2,NA,Angle,Rain,Wet,Daylight,Traffic Control Signal,NONE DETECTED,Yes,No Apparent Injury,NA,Not Distracted,MD,Passenger Car,Turning Right,35,No,2016,TOYOTA,YARIS,39.0941587,-77.1532634,2026,2,15
260008718,Property Damage Crash,02/26/2026 03:45:00 PM,FREDERICK AVE #2,NA,Angle,Rain,Wet,Daylight,Traffic Control Signal,NONE DETECTED,No,No Apparent Injury,NA,Not Distracted,MD,Passenger Car,Moving Constant Speed,35,No,2018,TOYOTA,PRIUS PRIME,39.0941587,-77.1532634,2026,2,15
260008714,Injury Crash,02/26/2026 03:26:00 PM,NA,Cyclist (non-electric),Single Vehicle,Rain,Wet,Daylight,Traffic Control Signal,NONE DETECTED,Yes,No Apparent Injury,NA,Not Distracted,MD,Passenger Car,Turning Left,40,No,2025,HYUNDAI,ELANTRA,39.06306611,-77.12492536,2026,2,15
260008711,Injury Crash,02/26/2026 03:04:00 PM,NA,NA,"Sideswipe, Same Direction",Cloudy,Wet,Daylight,No Controls,NONE DETECTED,Yes,No Apparent Injury,"Failed to Keep in Proper Lane, Other Improper Action, Ran Off Roadway",Not Distracted,MD,Passenger Car,Leaving Traffic Lane,30,No,2026,TOYOTA,CAMRY,39.09555933,-77.09304339,2026,2,15
260008709,Injury Crash,02/26/2026 02:47:00 PM,NA,NA,Front to Front,Clear,NA,Daylight,NA,NONE DETECTED,No,Possible Minor Injury,NA,Unknown,VA,Sport Utility Vehicle,NA,0,No,2018,TOYOTA,HIGHLANDER,39.02426685,-77.10196436,2026,2,14
260008706,Property Damage Crash,02/26/2026 02:24:00 PM,E MIDDLE LA,NA,Angle,Clear,Dry,Daylight,Traffic Control Signal,NONE DETECTED,No,No Apparent Injury,NA,Not Distracted,MD,Passenger Car,Parked,25,No,2023,TOYOTA,COROLLA,39.08501532,-77.15292276,2026,2,14
260008706,Property Damage Crash,02/26/2026 02:24:00 PM,E MIDDLE LA,NA,Angle,Clear,Dry,Daylight,No Controls,NONE DETECTED,Yes,No Apparent Injury,NA,Not Distracted,MD,Bus - Transit,Turning Right,25,No,2013,NEW FLYER,XCELSIOR,39.08501532,-77.15292276,2026,2,14
260008677,Injury Crash,02/26/2026 12:05:00 PM,DAYTON ST,NA,Single Vehicle,Clear,Dry,Daylight,No Controls,NONE DETECTED,Yes,Possible Minor Injury,NA,"Other Action (looking away from task, etc.)",MD,Passenger Car,Turning Left,35,No,2015,VOLKSWAGEN,GTI,39.03877021,-77.04165744,2026,2,12
260008678,Injury Crash,02/26/2026 12:00:00 PM,AMARILLO DR,NA,Angle,Clear,Dry,Daylight,Stop Sign,NONE DETECTED,Yes,No Apparent Injury,Failed to Yield Right-of-Way,Not Distracted,MD,Passenger Car,Accelerating,30,No,2015,FORD,FOCUS,39.16882833,-77.29050167,2026,2,12
260008678,Injury Crash,02/26/2026 12:00:00 PM,AMARILLO DR,NA,Angle,Clear,Dry,Daylight,No Controls,NONE DETECTED,No,Possible Minor Injury,NA,Not Distracted,MD,Passenger Car,Moving Constant Speed,30,No,2021,KIA,SOUL,39.16882833,-77.29050167,2026,2,12
260008675,Property Damage Crash,02/26/2026 11:32:00 AM,MIDDLEBROOK RD (WB/L),NA,Angle,Clear,Dry,Daylight,No Controls,NONE DETECTED,Yes,No Apparent Injury,Failed to Yield Right-of-Way,Unknown,MD,Passenger Car,Changing Lanes,40,No,2018,TOYOTA,RAV4,39.17545224,-77.25455891,2026,2,11
260008675,Property Damage Crash,02/26/2026 11:32:00 AM,MIDDLEBROOK RD (WB/L),NA,Angle,Clear,Dry,Daylight,No Controls,NONE DETECTED,No,No Apparent Injury,NA,Not Distracted,MD,Passenger Car,Moving Constant Speed,40,No,2006,HONDA,ACCORD,39.17545224,-77.25455891,2026,2,11
260008659,Property Damage Crash,02/26/2026 10:02:00 AM,RIVER RD,NA,"Sideswipe, Opposite Direction",Clear,Dry,Daylight,No Controls,NONE DETECTED,No,No Apparent Injury,NA,Unknown,MD,Passenger Car,Moving Constant Speed,35,No,2019,MERCEDES-BENZ,E-CLASS,39.02936218,-77.22286946,2026,2,10
260008659,Property Damage Crash,02/26/2026 10:02:00 AM,RIVER RD,NA,"Sideswipe, Opposite Direction",Clear,Dry,Daylight,No Controls,NONE DETECTED,No,No Apparent Injury,NA,Not Distracted,VA,Pickup,Moving Constant Speed,35,No,2021,FORD,RANGER,39.02936218,-77.22286946,2026,2,10
260008658,Property Damage Crash,02/26/2026 09:43:00 AM,EVERTON ST,NA,Other,Clear,Dry,Daylight,No Controls,NONE DETECTED,No,No Apparent Injury,NA,Not Distracted,MD,Sport Utility Vehicle,Stopped in Traffic,25,No,2008,FORD,EXPLORER,39.05985915,-77.07052373,2026,2,9
260008658,Property Damage Crash,02/26/2026 09:43:00 AM,EVERTON ST,NA,Other,Clear,Dry,Daylight,No Controls,NONE DETECTED,No,No Apparent Injury,NA,Unknown,MD,Passenger Car,Backing,25,No,2023,TOYOTA,CAMRY,39.05985915,-77.07052373,2026,2,9
260008653,Property Damage Crash,02/26/2026 09:40:00 AM,WARFIELD RD,NA,Single Vehicle,Clear,Dry,Daylight,No Controls,NONE DETECTED,Yes,No Apparent Injury,Other Improper Action,Not Distracted,MD,Bus - School,Moving Constant Speed,30,No,2020,FREIGHTLINER,B2 BUS CHASSIS,39.2045,-77.140705,2026,2,9
260008632,Property Damage Crash,02/26/2026 07:08:00 AM,NA,NA,Single Vehicle,Clear,Dry,Daylight,No Controls,NONE DETECTED,No,No Apparent Injury,NA,Not Distracted,VA,Other Trucks,Turning Right,35,No,2025,VOLVO TRUCK,VNL,39.0366522,-77.05042503,2026,2,7
260008626,Property Damage Crash,02/26/2026 05:23:00 AM,NA,NA,Angle,Clear,Dry,Medium,Traffic Control Signal,NONE DETECTED,Yes,No Apparent Injury,"Failed to Yield Right-of-Way, Improper Turn",Unknown,MD,Passenger Car,Turning Left,35,No,2015,VOLKSWAGEN,JETTA,38.993606,-77.03228086,2026,2,5
260008626,Property Damage Crash,02/26/2026 05:23:00 AM,NA,NA,Angle,Clear,Dry,Medium,Traffic Control Signal,NONE DETECTED,No,No Apparent Injury,NA,Not Distracted,MD,Passenger Car,Moving Constant Speed,35,No,2024,TESLA,MODEL Y,38.993606,-77.03228086,2026,2,5
260008608,Property Damage Crash,02/25/2026 09:30:00 PM,W DIAMOND AVE,NA,Front to Rear,Clear,Dry,Medium,Traffic Control Signal,ALCOHOL PRESENT,Yes,No Apparent Injury,"Operated Motor Vehicle in Inattentive, Careless, Negligent, or Erratic Manner, Operated Motor Vehicle in Reckless or Aggressive Manner, Other Improper Action",Unknown,MD,Passenger Car,Entering Traffic Lane,30,No,2006,HONDA,CIVIC,39.1404868,-77.21073819,2026,2,21
260008608,Property Damage Crash,02/25/2026 09:30:00 PM,W DIAMOND AVE,NA,Front to Rear,Clear,Dry,Medium,Traffic Control Signal,NONE DETECTED,No,No Apparent Injury,NA,Not Distracted,MD,Passenger Car,Slowing or Stopping,30,No,2018,TOYOTA,CAMRY,39.1404868,-77.21073819,2026,2,21
260008600,Property Damage Crash,02/25/2026 07:58:00 PM,NA,NA,Angle,Clear,Dry,Medium,No Controls,NONE DETECTED,Yes,No Apparent Injury,NA,Not Distracted,MD,Passenger Car,Backing,25,No,2012,VOLKSWAGEN,PASSAT,39.13054105,-77.16843745,2026,2,19
260008600,Property Damage Crash,02/25/2026 07:58:00 PM,NA,NA,Angle,Clear,Dry,Medium,No Controls,NONE DETECTED,No,No Apparent Injury,NA,Not Distracted,MD,Van - Passenger (9 or 12 Seats),Moving Constant Speed,25,No,2009,FORD,E-350,39.13054105,-77.16843745,2026,2,19