Local Case Number,ACRS Report Type,Crash Date/Time,Road Name,Related Non-Motorist,Collision Type,Weather,Surface Condition,Light,Traffic Control,Driver Substance Abuse,Driver At Fault,Injury Severity,Circumstance,Driver Distracted By,Drivers License State,Vehicle Body Type,Vehicle Movement,Speed Limit,Driverless Vehicle,Vehicle Year,Vehicle Make,Vehicle Model,Latitude,Longitude,Year,Month,Hour
260000338,Property Damage Crash,02/25/2026 07:55:00 PM,NA,NA,Single Vehicle,Clear,NA,Medium,NA,ALCOHOL PRESENT,Yes,No Apparent Injury,"Disregarded Other Road Markings, Disregarded Other Traffic Sign, Operated Motor Vehicle in Inattentive, Careless, Negligent, or Erratic Manner, Other Improper Action, Wrong Way",Unknown,NC,Sport Utility Vehicle,Accelerating,0,No,2014,JEEP,GRAND CHEROKEE,38.9462105,-77.11600497,2026,2,19
260008582,Property Damage Crash,02/25/2026 06:30:00 PM,GEORGIA AVE,NA,Front to Rear,Clear,Wet,Medium,No Controls,NONE DETECTED,No,No Apparent Injury,NA,Not Distracted,MD,Passenger Car,Slowing or Stopping,30,No,2015,HONDA,CIVIC,39.050125,-77.051671,2026,2,18
260008582,Property Damage Crash,02/25/2026 06:30:00 PM,GEORGIA AVE,NA,Front to Rear,Clear,Wet,Medium,No Controls,NONE DETECTED,Yes,NA,NA,NA,NA,Passenger Car,Moving Constant Speed,30,No,2015,ACURA,RLX,39.050125,-77.051671,2026,2,18
260008577,Injury Crash,02/25/2026 06:26:00 PM,TOWN COMMONS BLVD,Pedestrian,Single Vehicle,Clear,Dry,Medium,Stop Sign,NONE DETECTED,Yes,No Apparent Injury,Failed to Yield Right-of-Way,"Other Action (looking away from task, etc.)",MD,Passenger Car,Turning Left,25,No,2020,HONDA,INSIGHT,39.1810248,-77.26711368,2026,2,18
260008572,Injury Crash,02/25/2026 05:58:00 PM,GEORGIA AVE,NA,Front to Rear,Clear,Dry,Daylight,No Controls,ALCOHOL PRESENT,Yes,No Apparent Injury,"Operated Motor Vehicle in Inattentive, Careless, Negligent, or Erratic Manner",Not Distracted,MD,Passenger Car,Moving Constant Speed,35,No,2014,MERCEDES-BENZ,ML-CLASS,39.05572363,-77.04992892,2026,2,17
260008572,Injury Crash,02/25/2026 05:58:00 PM,GEORGIA AVE,NA,Front to Rear,Clear,Dry,Daylight,No Controls,NONE DETECTED,No,Possible Minor Injury,NA,Not Distracted,MD,Passenger Car,Slowing or Stopping,35,No,2017,HYUNDAI,TUCSON,39.05572363,-77.04992892,2026,2,17
260008574,Property Damage Crash,02/25/2026 05:50:00 PM,ELM ST,NA,"Sideswipe, Same Direction",Clear,Dry,Medium,No Controls,NONE DETECTED,No,No Apparent Injury,NA,Not Distracted,MD,Passenger Car,Parked,25,No,2016,TOYOTA,COROLLA,38.98217393,-77.09580635,2026,2,17
260008574,Property Damage Crash,02/25/2026 05:50:00 PM,ELM ST,NA,"Sideswipe, Same Direction",Clear,Dry,Medium,No Controls,NONE DETECTED,No,No Apparent Injury,NA,Not Distracted,MD,Passenger Car,Moving Constant Speed,25,No,2023,CHEVROLET,BOLT EV,38.98217393,-77.09580635,2026,2,17
260008560,Property Damage Crash,02/25/2026 04:50:00 PM,GEORGIA AVE,NA,Front to Rear,Clear,Dry,Daylight,No Controls,ALCOHOL PRESENT,Yes,No Apparent Injury,Other Improper Action,Not Distracted,MD,Sport Utility Vehicle,Accelerating,30,No,2018,JEEP,GRAND CHEROKEE,38.99393209,-77.02653668,2026,2,16
260008552,Property Damage Crash,02/25/2026 04:20:00 PM,FRAMINGHAM DR,NA,"Sideswipe, Same Direction",Clear,Dry,Daylight,No Controls,NONE DETECTED,No,No Apparent Injury,NA,Not Distracted,MD,Pickup,Moving Constant Speed,25,No,2022,FORD,F-450,39.17409513,-77.18659875,2026,2,16
260008552,Property Damage Crash,02/25/2026 04:20:00 PM,FRAMINGHAM DR,NA,"Sideswipe, Same Direction",Clear,Dry,Daylight,No Controls,NONE DETECTED,No,No Apparent Injury,NA,Not Distracted,MD,Other Trucks,Accelerating,25,No,1996,FORD,GR,39.17409513,-77.18659875,2026,2,16
260008546,Property Damage Crash,02/25/2026 03:27:00 PM,ROBEY RD,NA,Angle,Clear,Dry,Daylight,No Controls,NONE DETECTED,No,No Apparent Injury,NA,Not Distracted,MD,Passenger Car,Parked,30,No,2020,VOLKSWAGEN,TIGUAN,39.08154108,-76.94140625,2026,2,15
260008546,Property Damage Crash,02/25/2026 03:27:00 PM,ROBEY RD,NA,Angle,Clear,Dry,Daylight,No Controls,ALCOHOL PRESENT,Yes,No Apparent Injury,NA,Not Distracted,MD,Passenger Car,Turning Right,30,No,2005,TOYOTA,COROLLA,39.08154108,-76.94140625,2026,2,15
260008529,Property Damage Crash,02/25/2026 02:34:00 PM,NA,NA,Angle,Clear,Dry,Daylight,Traffic Control Signal,NONE DETECTED,Yes,No Apparent Injury,NA,Not Distracted,CA,Passenger Car,Turning Left,35,No,2026,KIA,NIRO,39.1417133,-77.21767179,2026,2,14
260008529,Property Damage Crash,02/25/2026 02:34:00 PM,NA,NA,Angle,Clear,Dry,Daylight,Traffic Control Signal,NONE DETECTED,No,No Apparent Injury,NA,Not Distracted,MD,Passenger Car,Moving Constant Speed,35,No,2005,ACURA,RL,39.1417133,-77.21767179,2026,2,14
260008527,Injury Crash,02/25/2026 02:30:00 PM,RAMP 1 FR RP 4 EB TO DEMOCRACY BLVD,NA,Front to Rear,Clear,Dry,Daylight,Traffic Control Signal,NONE DETECTED,No,No Apparent Injury,NA,Not Distracted,MD,Passenger Car,Slowing or Stopping,40,No,2012,TOYOTA,COROLLA,39.02161003,-77.14103733,2026,2,14
260008527,Injury Crash,02/25/2026 02:30:00 PM,RAMP 1 FR RP 4 EB TO DEMOCRACY BLVD,NA,Front to Rear,Clear,Dry,Daylight,Traffic Control Signal,NONE DETECTED,Yes,No Apparent Injury,NA,"Other Action (looking away from task, etc.)",MD,Passenger Car,Slowing or Stopping,40,No,2022,MITSUBISHI,ECLIPSE CROSS,39.02161003,-77.14103733,2026,2,14
260008524,Property Damage Crash,02/25/2026 02:15:00 PM,EMORY GROVE RD,NA,Front to Rear,Clear,Dry,Daylight,No Controls,NONE DETECTED,No,NA,"Improper Passing, Operated Motor Vehicle in Reckless or Aggressive Manner, Ran Off Roadway",Unknown,NA,Passenger Car,Overtaking/Passing,35,No,0,NA,NA,39.15961215,-77.18861443,2026,2,14
260008524,Property Damage Crash,02/25/2026 02:15:00 PM,EMORY GROVE RD,NA,Front to Rear,Clear,Dry,Daylight,No Controls,NONE DETECTED,No,No Apparent Injury,NA,Not Distracted,MD,Sport Utility Vehicle,Moving Constant Speed,35,No,2017,HONDA,PILOT,39.15961215,-77.18861443,2026,2,14
260008569,Property Damage Crash,02/25/2026 02:02:00 PM,RIO BLVD,NA,"Sideswipe, Same Direction",Clear,Dry,Daylight,Pedestrian Crossing Sign,NONE DETECTED,Yes,No Apparent Injury,NA,Not Distracted,MD,Bus - School,Turning Left,25,No,2021,FREIGHTLINER,B2 BUS CHASSIS,39.11620706,-77.20239954,2026,2,14
260008569,Property Damage Crash,02/25/2026 02:02:00 PM,RIO BLVD,NA,"Sideswipe, Same Direction",Clear,Dry,Daylight,Pedestrian Crossing Sign,NONE DETECTED,No,No Apparent Injury,NA,Not Distracted,MD,Passenger Car,Accelerating,30,No,2014,FORD,FUSION,39.11620706,-77.20239954,2026,2,14
260008511,Property Damage Crash,02/25/2026 01:25:00 PM,E RANDOLPH RD (WB/L),NA,Angle,Clear,Dry,Daylight,Traffic Control Signal,NONE DETECTED,No,NA,NA,NA,NA,NA,Turning Right,30,No,0,NA,NA,39.06348734,-76.9657823,2026,2,13
260008511,Property Damage Crash,02/25/2026 01:25:00 PM,E RANDOLPH RD (WB/L),NA,Angle,Clear,Dry,Daylight,Traffic Control Signal,NONE DETECTED,No,No Apparent Injury,NA,Not Distracted,MD,Bus - School,Turning Right,30,No,2020,THOMAS BUILT,HDX,39.06348734,-76.9657823,2026,2,13
260008504,Property Damage Crash,02/25/2026 12:57:00 PM,VEIRS MILL RD (WB/L),NA,Other,Clear,Dry,Daylight,No Controls,NONE DETECTED,Yes,No Apparent Injury,NA,Not Distracted,MD,Passenger Car,Turning Right,30,No,2022,TOYOTA,COROLLA,39.08143192,-77.14493507,2026,2,12
260008504,Property Damage Crash,02/25/2026 12:57:00 PM,VEIRS MILL RD (WB/L),NA,Other,Clear,Dry,Daylight,No Controls,NONE DETECTED,No,No Apparent Injury,NA,Not Distracted,MD,Bus - School,Stopped in Traffic,30,No,2019,FREIGHTLINER,B2 BUS CHASSIS,39.08143192,-77.14493507,2026,2,12
260008506,Property Damage Crash,02/25/2026 12:54:00 PM,NOTLEY RD,NA,Front to Rear,Cloudy,Dry,Daylight,Stop Sign,NONE DETECTED,No,No Apparent Injury,NA,Not Distracted,MD,Bus - School,Stopped in Traffic,30,No,2024,FREIGHTLINER,B2 BUS CHASSIS,39.08205811,-77.00802639,2026,2,12
260008506,Property Damage Crash,02/25/2026 12:54:00 PM,NOTLEY RD,NA,Front to Rear,Cloudy,Dry,Daylight,Stop Sign,NONE DETECTED,Yes,No Apparent Injury,Other Improper Action,Not Distracted,MD,Van - Passenger (&lt;9 Seats),Slowing or Stopping,30,No,2006,TOYOTA,SIENNA,39.08205811,-77.00802639,2026,2,12
26000329,Property Damage Crash,02/25/2026 12:52:00 PM,NA,NA,Single Vehicle,Clear,NA,Daylight,NA,NONE DETECTED,No,No Apparent Injury,NA,NA,MD,Other Trucks,Backing,0,No,2012,FORD,E-350,39.00671285,-77.04970551,2026,2,12
260008502,Property Damage Crash,02/25/2026 12:33:00 PM,NA,NA,"Sideswipe, Same Direction",Clear,Dry,Daylight,No Controls,NONE DETECTED,Yes,No Apparent Injury,NA,Not Distracted,MD,Passenger Car,Changing Lanes,35,No,2003,TOYOTA,CAMRY,39.05409548,-77.10678531,2026,2,12
260008501,Injury Crash,02/25/2026 12:33:00 PM,PARKLAWN DR,NA,Front to Rear,Clear,Dry,Daylight,No Controls,NONE DETECTED,No,Possible Minor Injury,NA,Not Distracted,MD,Passenger Car,Stopped in Traffic,35,No,2019,TOYOTA,COROLLA,39.05427967,-77.10683467,2026,2,12
260008501,Injury Crash,02/25/2026 12:33:00 PM,PARKLAWN DR,NA,Front to Rear,Clear,Dry,Daylight,No Controls,NONE DETECTED,No,NA,NA,NA,NA,Passenger Car,Moving Constant Speed,35,No,0,NA,NA,39.05427967,-77.10683467,2026,2,12
260008502,Property Damage Crash,02/25/2026 12:33:00 PM,NA,NA,"Sideswipe, Same Direction",Clear,Dry,Daylight,No Controls,NONE DETECTED,No,No Apparent Injury,NA,Not Distracted,MD,Single-Unit Truck,Moving Constant Speed,35,No,2020,FREIGHTLINER,M2,39.05409548,-77.10678531,2026,2,12
260008485,Property Damage Crash,02/25/2026 10:41:00 AM,PICCARD DR,NA,Single Vehicle,Clear,Dry,Daylight,Traffic Control Signal,NONE DETECTED,No,No Apparent Injury,"Improper Turn, Too Fast For Conditions",Not Distracted,MD,Passenger Car,Turning Right,30,No,2017,TOYOTA,PRIUS,39.10182009,-77.17719585,2026,2,10
260008460,Injury Crash,02/25/2026 08:13:00 AM,HAWKESBURY LA,NA,Front to Front,Clear,Dry,Daylight,Traffic Control Signal,NONE DETECTED,Yes,Possible Minor Injury,NA,Unknown,MD,Passenger Car,Turning Left,40,No,2024,TOYOTA,RAV4,39.06611283,-77.02265917,2026,2,8
260008460,Injury Crash,02/25/2026 08:13:00 AM,HAWKESBURY LA,NA,Front to Front,Clear,Dry,Daylight,Traffic Control Signal,NONE DETECTED,No,Possible Minor Injury,NA,Not Distracted,MD,Passenger Car,Moving Constant Speed,40,No,2022,TOYOTA,RAV4,39.06611283,-77.02265917,2026,2,8
260008436,Injury Crash,02/25/2026 08:07:00 AM,COLUMBIA PIKE (SB/L),NA,Front to Rear,Clear,Dry,Daylight,No Controls,NONE DETECTED,No,Possible Minor Injury,NA,Not Distracted,MD,Sport Utility Vehicle,Changing Lanes,45,No,2019,PORSCHE,MACAN,39.045696,-76.9885915,2026,2,8
260008436,Injury Crash,02/25/2026 08:07:00 AM,COLUMBIA PIKE (SB/L),NA,Front to Rear,Clear,Dry,Daylight,No Controls,NONE DETECTED,Yes,No Apparent Injury,Improper Passing,Not Distracted,MD,Sport Utility Vehicle,Changing Lanes,45,No,2025,CHEVROLET,EQUINOX,39.045696,-76.9885915,2026,2,8
260008435,Injury Crash,02/25/2026 07:28:00 AM,RICHTER FARM RD (EB/L),NA,Angle,Clear,Dry,Daylight,Stop Sign,NONE DETECTED,Yes,No Apparent Injury,"Failed to Yield Right-of-Way, Ran Stop Sign",Unknown,MD,Passenger Car,Moving Constant Speed,25,No,2021,HONDA,ACCORD,39.16422659,-77.29620747,2026,2,7
260008435,Injury Crash,02/25/2026 07:28:00 AM,RICHTER FARM RD (EB/L),NA,Angle,Clear,Dry,Daylight,Stop Sign,NONE DETECTED,No,Possible Minor Injury,NA,Unknown,MD,Passenger Car,Accelerating,35,No,2006,HONDA,CIVIC,39.16422659,-77.29620747,2026,2,7
260008431,Property Damage Crash,02/25/2026 07:13:00 AM,CONNECTICUT AVE,NA,Angle,Clear,Dry,Medium,No Controls,NONE DETECTED,Yes,No Apparent Injury,"Failed to Keep in Proper Lane, Failed to Yield Right-of-Way, Over-Correcting/Over-Steering",Unknown,MD,Passenger Car,Turning Left,0,No,2018,FORD,EXPLORER,39.07808972,-77.08087315,2026,2,7
260008431,Property Damage Crash,02/25/2026 07:13:00 AM,CONNECTICUT AVE,NA,Angle,Clear,Dry,Medium,No Controls,NONE DETECTED,No,No Apparent Injury,NA,Not Distracted,MD,Passenger Car,Moving Constant Speed,35,No,2023,HONDA,HR-V,39.07808972,-77.08087315,2026,2,7
260008430,Injury Crash,02/25/2026 06:40:00 AM,NA,Pedestrian,Single Vehicle,Clear,Dry,Daylight,Traffic Control Signal,NONE DETECTED,No,No Apparent Injury,NA,Not Distracted,MD,Passenger Car,Moving Constant Speed,35,No,2020,CHEVROLET,SPARK,39.07347303,-77.11189733,2026,2,6
260008419,Injury Crash,02/24/2026 10:30:00 PM,GEORGIA AVE,NA,Front to Rear,Cloudy,Dry,Medium,Traffic Control Signal,NONE DETECTED,No,Possible Minor Injury,NA,Not Distracted,MD,Passenger Car,Stopped in Traffic,35,No,2019,VOLKSWAGEN,JETTA,39.08064112,-77.07523002,2026,2,22
260008419,Injury Crash,02/24/2026 10:30:00 PM,GEORGIA AVE,NA,Front to Rear,Cloudy,Dry,Medium,Traffic Control Signal,NONE DETECTED,No,NA,NA,NA,NA,NA,Turning Left,35,No,0,NA,NA,39.08064112,-77.07523002,2026,2,22
260008403,Property Damage Crash,02/24/2026 08:46:00 PM,METRORAIL TRACK B2 RAIL,NA,Front to Rear,Clear,Dry,Medium,No Controls,NONE DETECTED,Yes,No Apparent Injury,NA,Unknown,MD,Passenger Car,Slowing or Stopping,30,No,2017,TOYOTA,PRIUS V,39.0312955,-77.04828667,2026,2,20
260008403,Property Damage Crash,02/24/2026 08:46:00 PM,METRORAIL TRACK B2 RAIL,NA,Front to Rear,Clear,Dry,Medium,No Controls,NONE DETECTED,No,No Apparent Injury,NA,Not Distracted,MD,Sport Utility Vehicle,Slowing or Stopping,30,No,2015,TOYOTA,RAV4,39.0312955,-77.04828667,2026,2,20
260008404,Property Damage Crash,02/24/2026 08:45:00 PM,METRORAIL TRACK B2 RAIL,NA,Front to Rear,Clear,Dry,Medium,No Controls,NONE DETECTED,No,No Apparent Injury,NA,Not Distracted,MD,Passenger Car,Slowing or Stopping,35,No,2014,FORD,FOCUS,39.031367,-77.04833567,2026,2,20
260008404,Property Damage Crash,02/24/2026 08:45:00 PM,METRORAIL TRACK B2 RAIL,NA,Front to Rear,Clear,Dry,Medium,No Controls,NONE DETECTED,Yes,No Apparent Injury,Followed Too Closely,Unknown,MD,Passenger Car,Moving Constant Speed,35,No,2013,HONDA,ACCORD,39.031367,-77.04833567,2026,2,20
260008399,Property Damage Crash,02/24/2026 08:30:00 PM,AVERY RD,NA,Single Vehicle,Clear,Dry,Dark,No Controls,NONE DETECTED,No,No Apparent Injury,NA,Not Distracted,MD,Passenger Car,Moving Constant Speed,30,No,2017,FORD,FOCUS,39.098691,-77.1252035,2026,2,20
260008386,Injury Crash,02/24/2026 06:53:00 PM,RAMP 2 FR MD 28 WB TO IS 270 NB,NA,Front to Rear,Clear,Dry,Dark,Ramp Meter Signal,NONE DETECTED,Yes,No Apparent Injury,"Disregarded Other Traffic Sign, Followed Too Closely, Operated Motor Vehicle in Inattentive, Careless, Negligent, or Erratic Manner, Other Improper Action",Unknown,MD,Passenger Car,Moving Constant Speed,35,No,2007,HONDA,CIVIC,39.08737253,-77.17268564,2026,2,18
260008386,Injury Crash,02/24/2026 06:53:00 PM,RAMP 2 FR MD 28 WB TO IS 270 NB,NA,Front to Rear,Clear,Dry,Dark,Ramp Meter Signal,NONE DETECTED,No,Possible Minor Injury,NA,Not Distracted,MD,Sport Utility Vehicle,Slowing or Stopping,35,No,2023,JEEP,WRANGLER,39.08737253,-77.17268564,2026,2,18
260008384,Injury Crash,02/24/2026 06:37:00 PM,E FRANKLIN AVE (WB/L),Pedestrian,Single Vehicle,Clear,Dry,Medium,Traffic Control Signal,NONE DETECTED,Yes,No Apparent Injury,NA,Not Distracted,DC,Passenger Car,Turning Left,30,No,2009,HONDA,ACCORD,39.01227563,-77.002663,2026,2,18
260008381,Property Damage Crash,02/24/2026 06:14:00 PM,NA,NA,Single Vehicle,Clear,Slush,Medium,No Controls,NONE DETECTED,No,No Apparent Injury,NA,Not Distracted,MD,Sport Utility Vehicle,Negotiating a Curve,30,No,2022,SUBARU,CROSSTREK,39.15412363,-77.05972297,2026,2,18
260008383,Property Damage Crash,02/24/2026 06:14:00 PM,GEORGIA AVE,NA,Single Vehicle,Clear,Dry,Medium,No Controls,NONE DETECTED,No,No Apparent Injury,NA,Unknown,MD,Passenger Car,Moving Constant Speed,45,No,2014,DODGE,DART,39.09248283,-77.079474,2026,2,18
260008379,Property Damage Crash,02/24/2026 06:10:00 PM,LAYHILL RD,NA,Front to Rear,Clear,Dry,Medium,No Controls,NONE DETECTED,Yes,No Apparent Injury,NA,"Other Action (looking away from task, etc.)",MD,Pickup,Moving Constant Speed,35,No,2017,CHEVROLET,COLORADO,39.09745133,-77.04346433,2026,2,18
260008379,Property Damage Crash,02/24/2026 06:10:00 PM,LAYHILL RD,NA,Front to Rear,Clear,Dry,Medium,No Controls,NONE DETECTED,No,No Apparent Injury,NA,Not Distracted,MD,Sport Utility Vehicle,Moving Constant Speed,35,No,2019,KIA,SPORTAGE,39.09745133,-77.04346433,2026,2,18
260008376,Property Damage Crash,02/24/2026 05:37:00 PM,LOCKNEY AVE,NA,Angle,Clear,Dry,Daylight,Stop Sign,NONE DETECTED,No,No Apparent Injury,NA,Not Distracted,MD,Passenger Car,Moving Constant Speed,15,No,2013,TOYOTA,TACOMA,38.98947783,-76.99205917,2026,2,17
260008376,Property Damage Crash,02/24/2026 05:37:00 PM,LOCKNEY AVE,NA,Angle,Clear,Dry,Daylight,Stop Sign,NONE DETECTED,Yes,No Apparent Injury,NA,Not Distracted,MD,Passenger Car,Accelerating,15,No,2014,HONDA,ACCORD,38.98947783,-76.99205917,2026,2,17
260008371,Injury Crash,02/24/2026 05:18:00 PM,MONTGOMERY VILLAGE AVE (SB/L),NA,Front to Rear,Clear,Dry,Daylight,No Controls,NONE DETECTED,No,Possible Minor Injury,NA,Not Distracted,MD,Passenger Car,Stopped in Traffic,35,No,2010,BMW,328I,39.15965362,-77.20262864,2026,2,17
260008371,Injury Crash,02/24/2026 05:18:00 PM,MONTGOMERY VILLAGE AVE (SB/L),NA,Front to Rear,Clear,Dry,Daylight,No Controls,NONE DETECTED,Yes,No Apparent Injury,Followed Too Closely,Not Distracted,MD,Passenger Car,Moving Constant Speed,35,No,2003,HONDA,ELEMENT,39.15965362,-77.20262864,2026,2,17
260008373,Property Damage Crash,02/24/2026 05:15:00 PM,BROADBIRCH DR,NA,Angle,Clear,Dry,Daylight,No Controls,NONE DETECTED,No,No Apparent Injury,NA,Not Distracted,MD,Passenger Car,Moving Constant Speed,25,No,2024,TOYOTA,PRIUS,39.0558935,-76.965963,2026,2,17
260008373,Property Damage Crash,02/24/2026 05:15:00 PM,BROADBIRCH DR,NA,Angle,Clear,Dry,Daylight,No Controls,NONE DETECTED,Yes,No Apparent Injury,NA,Unknown,MD,Passenger Car,Turning Left,25,No,2020,LEXUS,NX,39.0558935,-76.965963,2026,2,17
260008372,Property Damage Crash,02/24/2026 05:05:00 PM,NA,NA,Rear To Side,Clear,NA,Daylight,NA,NONE DETECTED,No,No Apparent Injury,NA,Not Distracted,MD,Passenger Car,Backing,0,No,2007,TOYOTA,COROLLA,39.09734295,-77.19198666,2026,2,17
260008372,Property Damage Crash,02/24/2026 05:05:00 PM,NA,NA,Rear To Side,Clear,NA,Daylight,NA,NONE DETECTED,Yes,No Apparent Injury,NA,Unknown,MD,Passenger Car,Moving Constant Speed,0,No,2022,MERCEDES-BENZ,A-CLASS,39.09734295,-77.19198666,2026,2,17
260008348,Property Damage Crash,02/24/2026 03:29:00 PM,CHERRY HILL RD,NA,Single Vehicle,Clear,Dry,Daylight,No Controls,NONE DETECTED,No,No Apparent Injury,NA,Not Distracted,MD,Passenger Car,Moving Constant Speed,40,No,2025,NISSAN,ALTIMA,39.05173015,-76.95281209,2026,2,15
260008346,Property Damage Crash,02/24/2026 03:08:00 PM,MONTGOMERY VILLAGE AVE,NA,Front to Rear,Clear,Dry,Daylight,No Controls,NONE DETECTED,No,No Apparent Injury,NA,Not Distracted,NY,Passenger Car,Slowing or Stopping,35,No,2024,MERCEDES-BENZ,C-CLASS,39.15588681,-77.20709432,2026,2,15
260008346,Property Damage Crash,02/24/2026 03:08:00 PM,MONTGOMERY VILLAGE AVE,NA,Front to Rear,Clear,Dry,Daylight,No Controls,DRUG AND ALCOHOL CONTRIBUTED,Yes,No Apparent Injury,Followed Too Closely,Unknown,MD,Passenger Car,NA,35,No,2019,JEEP,COMPASS,39.15588681,-77.20709432,2026,2,15
260008347,Property Damage Crash,02/24/2026 02:30:00 PM,NA,NA,"Sideswipe, Same Direction",Clear,NA,Daylight,NA,NONE DETECTED,Yes,No Apparent Injury,NA,Not Distracted,MD,Passenger Car,Moving Constant Speed,0,No,2020,TOYOTA,HIGHLANDER,38.98108652,-77.12654786,2026,2,14
260008336,Property Damage Crash,02/24/2026 02:18:00 PM,NA,NA,"Sideswipe, Opposite Direction",Clear,NA,Daylight,NA,NONE DETECTED,Yes,No Apparent Injury,"Improper Backing, Other Improper Action",Unknown,MD,Passenger Car,Backing,0,No,2020,TOYOTA,CAMRY,39.18244267,-77.23799833,2026,2,14
260008332,Property Damage Crash,02/24/2026 02:00:00 PM,NA,NA,Rear To Rear,Cloudy,NA,Daylight,NA,NONE DETECTED,Yes,No Apparent Injury,Improper Backing,Not Distracted,MD,Pickup,Backing,0,No,2019,CHEVROLET,SILVERADO,39.0228249,-77.1468649,2026,2,14
260008320,Property Damage Crash,02/24/2026 12:37:00 PM,NA,NA,"Sideswipe, Same Direction",Clear,NA,Daylight,NA,NONE DETECTED,No,No Apparent Injury,NA,Unknown,MD,Passenger Car,Parked,0,No,2012,TOYOTA,PRIUS C,39.09079073,-77.17819103,2026,2,12
260008320,Property Damage Crash,02/24/2026 12:37:00 PM,NA,NA,"Sideswipe, Same Direction",Clear,NA,Daylight,NA,NONE DETECTED,Yes,No Apparent Injury,NA,Unknown,MD,Passenger Car,Turning Right,0,No,2013,HONDA,CIVIC,39.09079073,-77.17819103,2026,2,12
260008312,Property Damage Crash,02/24/2026 12:05:00 PM,GEORGIA AVE,NA,Front to Rear,Clear,Dry,Daylight,Traffic Control Signal,NONE DETECTED,No,No Apparent Injury,NA,Not Distracted,XX,Passenger Car,Stopped in Traffic,30,No,2018,JAGUAR,F-PACE,39.01199004,-77.04142786,2026,2,12
260008312,Property Damage Crash,02/24/2026 12:05:00 PM,GEORGIA AVE,NA,Front to Rear,Clear,Dry,Daylight,Traffic Control Signal,NONE DETECTED,No,No Apparent Injury,Followed Too Closely,Not Distracted,MD,Van - Passenger (&lt;9 Seats),Slowing or Stopping,30,No,2006,CHEVROLET,EXPRESS,39.01199004,-77.04142786,2026,2,12
260008306,Injury Crash,02/24/2026 11:30:00 AM,SHADY GROVE RD (SB/L),NA,Front to Rear,Clear,Dry,Daylight,Traffic Control Signal,NONE DETECTED,Yes,No Apparent Injury,Followed Too Closely,Unknown,MD,Passenger Car,Slowing or Stopping,40,No,2013,VOLKSWAGEN,GOLF R,39.10344564,-77.19087503,2026,2,11
260008306,Injury Crash,02/24/2026 11:30:00 AM,SHADY GROVE RD (SB/L),NA,Front to Rear,Clear,Dry,Daylight,Traffic Control Signal,NONE DETECTED,No,Possible Minor Injury,NA,Not Distracted,WV,Passenger Car,Slowing or Stopping,40,No,2017,TOYOTA,RAV4,39.10344564,-77.19087503,2026,2,11
260008305,Property Damage Crash,02/24/2026 11:26:00 AM,MAIN ST,NA,"Sideswipe, Same Direction",Clear,Dry,Daylight,No Controls,NONE DETECTED,No,No Apparent Injury,NA,Not Distracted,MD,Sport Utility Vehicle,Slowing or Stopping,25,No,2020,CHEVROLET,TAHOE,39.12136824,-77.23776673,2026,2,11
260008302,Property Damage Crash,02/24/2026 11:00:00 AM,NA,NA,Angle,Clear,Dry,Daylight,Traffic Control Signal,NONE DETECTED,Yes,No Apparent Injury,Ran Red Light,Unknown,MD,Passenger Car,Moving Constant Speed,40,No,2014,TOYOTA,GR COROLLA,39.05508203,-77.11816228,2026,2,11
260008302,Property Damage Crash,02/24/2026 11:00:00 AM,NA,NA,Angle,Clear,Dry,Daylight,Traffic Control Signal,NONE DETECTED,No,No Apparent Injury,NA,Not Distracted,MD,Passenger Car,Moving Constant Speed,40,No,2025,TOYOTA,COROLLA,39.05508203,-77.11816228,2026,2,11
260008278,Property Damage Crash,02/24/2026 08:40:00 AM,FALLS RD,NA,Single Vehicle,Clear,Snow,Daylight,No Controls,NONE DETECTED,No,No Apparent Injury,NA,Not Distracted,MD,Pickup,Moving Constant Speed,35,No,2003,TOYOTA,TACOMA,39.036893,-77.19351083,2026,2,8