Local Case Number,ACRS Report Type,Crash Date/Time,Road Name,Related Non-Motorist,Collision Type,Weather,Surface Condition,Light,Traffic Control,Driver Substance Abuse,Driver At Fault,Injury Severity,Circumstance,Driver Distracted By,Drivers License State,Vehicle Body Type,Vehicle Movement,Speed Limit,Driverless Vehicle,Vehicle Year,Vehicle Make,Vehicle Model,Latitude,Longitude,Year,Month,Hour
260008277,Property Damage Crash,02/24/2026 08:30:00 AM,ROCKVILLE PIKE,NA,Angle,Clear,Dry,Daylight,Traffic Control Signal,NONE DETECTED,No,No Apparent Injury,NA,Not Distracted,MD,Passenger Car,Moving Constant Speed,35,No,2010,NISSAN,ROGUE,39.08516005,-77.148092020000007,2026,2,8
260008277,Property Damage Crash,02/24/2026 08:30:00 AM,ROCKVILLE PIKE,NA,Angle,Clear,Dry,Daylight,Traffic Control Signal,NONE DETECTED,Yes,No Apparent Injury,NA,Not Distracted,MD,Passenger Car,Turning Left,35,No,2026,TESLA,MODEL Y,39.08516005,-77.148092020000007,2026,2,8
260008275,Property Damage Crash,02/24/2026 07:32:00 AM,RIDGE RD,NA,Front to Rear,Clear,Dry,Daylight,Traffic Control Signal,NONE DETECTED,No,No Apparent Injury,NA,Not Distracted,MD,Pickup,Slowing or Stopping,30,No,2020,FORD,F-150,39.30012322,-77.19942515,2026,2,7
260008275,Property Damage Crash,02/24/2026 07:32:00 AM,RIDGE RD,NA,Front to Rear,Clear,Dry,Daylight,Traffic Control Signal,NONE DETECTED,Yes,No Apparent Injury,Followed Too Closely,Not Distracted,NA,Passenger Car,Moving Constant Speed,30,No,2022,TOYOTA,CAMRY,39.30012322,-77.19942515,2026,2,7
260008254,Property Damage Crash,02/23/2026 08:14:00 PM,GEORGIA AVE (SB/L),NA,Single Vehicle,Clear,Dry,Medium,No Controls,NONE DETECTED,Yes,No Apparent Injury,Other Improper Action,Not Distracted,DC,Bus - Transit,Moving Constant Speed,35,No,2016,GILLIG,LOW FLOOR BUS,38.98898509,-77.02675747,2026,2,20
260008251,Property Damage Crash,02/23/2026 08:00:00 PM,NA,NA,Angle,Clear,NA,Dark,NA,NONE DETECTED,Yes,No Apparent Injury,NA,Unknown,MD,Passenger Car,Backing,0,No,2022,HONDA,ACCORD,38.99982219,-76.99664715,2026,2,20
260008251,Property Damage Crash,02/23/2026 08:00:00 PM,NA,NA,Angle,Clear,NA,Dark,NA,NONE DETECTED,No,No Apparent Injury,NA,Not Distracted,MD,Passenger Car,Parked,0,No,2020,TOYOTA,CAMRY,38.99982219,-76.99664715,2026,2,20
260008247,Property Damage Crash,02/23/2026 07:09:00 PM,NA,NA,Single Vehicle,Clear,Dry,Dark,No Controls,NONE DETECTED,No,No Apparent Injury,NA,Not Distracted,MD,Bus - Transit,Moving Constant Speed,30,No,2025,GILLIG,LOW FLOOR BUS,38.99874363,-76.99885485,2026,2,19
260008244,Property Damage Crash,02/23/2026 06:37:00 PM,ROCKVILLE PIKE,NA,Front to Rear,Clear,Dry,Medium,Traffic Control Signal,NONE DETECTED,No,No Apparent Injury,NA,Not Distracted,MD,Passenger Car,Slowing or Stopping,35,No,2015,JEEP,GRAND CHEROKEE,39.08440183,-77.14752633,2026,2,18
260008244,Property Damage Crash,02/23/2026 06:37:00 PM,ROCKVILLE PIKE,NA,Front to Rear,Clear,Dry,Medium,Traffic Control Signal,NONE DETECTED,No,No Apparent Injury,NA,Not Distracted,MD,Passenger Car,Moving Constant Speed,35,No,2010,MAZDA,MAZDA6,39.08440183,-77.14752633,2026,2,18
260008257,Property Damage Crash,02/23/2026 06:22:00 PM,RANDOLPH RD,NA,Front to Rear,Cloudy,Dry,Medium,Traffic Control Signal,NONE DETECTED,No,No Apparent Injury,NA,Not Distracted,MD,Sport Utility Vehicle,Backing,35,No,2007,LEXUS,IS,39.05396115,-77.09402625,2026,2,18
260008257,Property Damage Crash,02/23/2026 06:22:00 PM,RANDOLPH RD,NA,Front to Rear,Cloudy,Dry,Medium,Traffic Control Signal,NONE DETECTED,No,No Apparent Injury,NA,Not Distracted,MD,Passenger Car,Stopped in Traffic,35,No,2018,MERCEDES-BENZ,E-CLASS,39.05396115,-77.09402625,2026,2,18
260008226,Injury Crash,02/23/2026 03:40:00 PM,MAIN ST,Pedestrian,Single Vehicle,Cloudy,Wet,Daylight,No Controls,NONE DETECTED,No,No Apparent Injury,"Operated Motor Vehicle in Inattentive, Careless, Negligent, or Erratic Manner",Not Distracted,MD,Sport Utility Vehicle,Moving Constant Speed,25,No,2022,HYUNDAI,TUCSON,39.12171679,-77.23830652,2026,2,15
260008211,Property Damage Crash,02/23/2026 02:48:00 PM,RUATAN ST,NA,"Sideswipe, Same Direction",Cloudy,Wet,Daylight,No Controls,NONE DETECTED,Yes,No Apparent Injury,NA,Not Distracted,DC,Bus - Transit,Turning Right,30,No,2016,GILLIG,LOW FLOOR BUS,38.99747169,-76.99073804,2026,2,14
260008215,Property Damage Crash,02/23/2026 02:45:00 PM,NA,NA,Front to Rear,Snow,NA,Daylight,NA,NONE DETECTED,Yes,No Apparent Injury,Improper Backing,Unknown,MD,Pickup,Backing,0,No,2016,FORD,F-250,39.08290183,-77.09269133,2026,2,14
260008201,Injury Crash,02/23/2026 02:31:00 PM,RIVER RD,NA,Angle,Cloudy,Dry,Daylight,No Controls,NONE DETECTED,Yes,No Apparent Injury,"Failed to Yield Right-of-Way, Other Improper Action",Not Distracted,MD,Passenger Car,Turning Left,25,No,2014,HONDA,CIVIC,38.96479483,-77.10390367,2026,2,14
260008201,Injury Crash,02/23/2026 02:31:00 PM,RIVER RD,NA,Angle,Cloudy,Dry,Daylight,No Controls,NONE DETECTED,No,Suspected Serious Injury,NA,Not Distracted,DC,Sport Utility Vehicle,Moving Constant Speed,25,No,2024,AUDI,SQ5,38.96479483,-77.10390367,2026,2,14
260008198,Property Damage Crash,02/23/2026 02:02:00 PM,BURNT HILL RD,NA,Front to Rear,Cloudy,Slush,Daylight,No Controls,NONE DETECTED,Yes,No Apparent Injury,NA,Not Distracted,MD,Sport Utility Vehicle,NA,35,No,2016,HONDA,PILOT,39.27525517,-77.250572,2026,2,14
260008198,Property Damage Crash,02/23/2026 02:02:00 PM,BURNT HILL RD,NA,Front to Rear,Cloudy,Slush,Daylight,No Controls,NONE DETECTED,Yes,No Apparent Injury,NA,Not Distracted,NC,Other Trucks,NA,35,No,2006,STERLING TRUCK,L8500 SERIES,39.27525517,-77.250572,2026,2,14
260008194,Injury Crash,02/23/2026 01:55:00 PM,BRIGGS CHANEY RD,NA,Front to Rear,Clear,Dry,Daylight,No Controls,NONE DETECTED,Yes,No Apparent Injury,Followed Too Closely,Unknown,MD,Passenger Car,Slowing or Stopping,30,No,2021,NISSAN,ROGUE SPORT,39.08679577,-76.95799004,2026,2,13
260008194,Injury Crash,02/23/2026 01:55:00 PM,BRIGGS CHANEY RD,NA,Front to Rear,Clear,Dry,Daylight,No Controls,NONE DETECTED,No,Possible Minor Injury,NA,Unknown,MD,Passenger Car,Slowing or Stopping,30,No,2016,HONDA,CIVIC,39.08679577,-76.95799004,2026,2,13
260008195,Property Damage Crash,02/23/2026 01:39:00 PM,RIVER RD (WB/L),NA,Front to Rear,Cloudy,Wet,Daylight,Traffic Control Signal,NONE DETECTED,Yes,No Apparent Injury,Followed Too Closely,Unknown,MD,Passenger Car,Moving Constant Speed,35,No,2010,VOLKSWAGEN,PASSAT,38.98916676,-77.14941697,2026,2,13
260008195,Property Damage Crash,02/23/2026 01:39:00 PM,RIVER RD (WB/L),NA,Front to Rear,Cloudy,Wet,Daylight,Traffic Control Signal,NONE DETECTED,No,No Apparent Injury,NA,Not Distracted,XX,Sport Utility Vehicle,Stopped in Traffic,35,No,2025,MAZDA,CX-90,38.98916676,-77.14941697,2026,2,13
260008180,Injury Crash,02/23/2026 12:33:00 PM,CEDAR TREE DR (NB/L),NA,Front to Rear,Rain,Wet,Daylight,Stop Sign,NONE DETECTED,Yes,No Apparent Injury,Improper Turn,Not Distracted,MD,Sport Utility Vehicle,Turning Right,35,No,2005,LEXUS,RX,39.1067585,-76.92030183,2026,2,12
260008180,Injury Crash,02/23/2026 12:33:00 PM,CEDAR TREE DR (NB/L),NA,Front to Rear,Rain,Wet,Daylight,Stop Sign,NONE DETECTED,No,No Apparent Injury,NA,Not Distracted,MD,Sport Utility Vehicle,Turning Right,30,No,2025,TOYOTA,RAV4,39.1067585,-76.92030183,2026,2,12
260008169,Injury Crash,02/23/2026 12:03:00 PM,NA,NA,Other,Cloudy,NA,Daylight,NA,NONE DETECTED,Yes,No Apparent Injury,NA,Unknown,MD,Passenger Car,Backing,0,No,2013,HYUNDAI,SANTA FE,39.03225722,-77.00330505,2026,2,12
260008169,Injury Crash,02/23/2026 12:03:00 PM,NA,NA,Other,Cloudy,NA,Daylight,NA,NONE DETECTED,No,Possible Minor Injury,NA,Not Distracted,MD,Passenger Car,Parked,0,No,2021,CHEVROLET,SPARK,39.03225722,-77.00330505,2026,2,12
260008186,Property Damage Crash,02/23/2026 12:02:00 PM,SOUTHEND RD,NA,"Sideswipe, Opposite Direction",Cloudy,Wet,Daylight,No Controls,NONE DETECTED,Yes,No Apparent Injury,NA,Not Distracted,DC,Single-Unit Truck,Turning Left,25,No,2017,MACK,GU (GRANITE),39.08567751,-77.07974594,2026,2,12
260008214,Property Damage Crash,02/23/2026 12:00:00 PM,GEORGIA AVE (SB/L),NA,Front to Front,Clear,Dry,Daylight,No Controls,NONE DETECTED,No,No Apparent Injury,NA,Not Distracted,MD,Passenger Car,Slowing or Stopping,35,No,2020,AUDI,A5,39.03192595,-77.04844718,2026,2,12
260008214,Property Damage Crash,02/23/2026 12:00:00 PM,GEORGIA AVE (SB/L),NA,Front to Front,Clear,Dry,Daylight,No Controls,NONE DETECTED,No,NA,"Other Improper Action, Too Fast For Conditions",NA,NA,Passenger Car,Moving Constant Speed,35,No,2022,HONDA,CR-V,39.03192595,-77.04844718,2026,2,12
260008167,Property Damage Crash,02/23/2026 11:45:00 AM,FREDERICK RD (SB/L),NA,Angle,Cloudy,Slush,Daylight,Traffic Control Signal,NONE DETECTED,Yes,No Apparent Injury,Other Improper Action,Not Distracted,MD,Van - Passenger (&lt;9 Seats),Moving Constant Speed,40,No,2014,HONDA,ODYSSEY,39.20469821,-77.24613343,2026,2,11
260008167,Property Damage Crash,02/23/2026 11:45:00 AM,FREDERICK RD (SB/L),NA,Angle,Cloudy,Slush,Daylight,Traffic Control Signal,NONE DETECTED,No,No Apparent Injury,NA,Not Distracted,MD,Van - Passenger (&lt;9 Seats),Accelerating,40,No,2010,TOYOTA,SIENNA,39.20469821,-77.24613343,2026,2,11
260008157,Injury Crash,02/23/2026 11:06:00 AM,NA,NA,Rear To Side,Cloudy,Wet,Daylight,Traffic Control Signal,NONE DETECTED,No,No Apparent Injury,Ran Red Light,Not Distracted,MD,"Construction Equipment (backhoe, bulldozer, etc.)",Moving Constant Speed,35,No,2002,INTERNATIONAL,MA025,39.05042774,-77.18806134,2026,2,11
260008157,Injury Crash,02/23/2026 11:06:00 AM,NA,NA,Rear To Side,Cloudy,Wet,Daylight,Traffic Control Signal,NONE DETECTED,No,Possible Minor Injury,NA,Not Distracted,MD,Pickup,Moving Constant Speed,35,No,2020,TOYOTA,TACOMA,39.05042774,-77.18806134,2026,2,11
260008173,Property Damage Crash,02/23/2026 10:38:00 AM,FREDERICK RD,NA,"Sideswipe, Same Direction",Cloudy,Wet,Daylight,No Controls,NONE DETECTED,No,NA,NA,NA,NA,Sport Utility Vehicle,Moving Constant Speed,40,No,2025,TOYOTA,4-RUNNER,39.11573283,-77.16625331,2026,2,10
260008173,Property Damage Crash,02/23/2026 10:38:00 AM,FREDERICK RD,NA,"Sideswipe, Same Direction",Cloudy,Wet,Daylight,No Controls,NONE DETECTED,No,No Apparent Injury,NA,Not Distracted,MD,Passenger Car,Changing Lanes,40,No,2014,LEXUS,IS,39.11573283,-77.16625331,2026,2,10
260008150,Property Damage Crash,02/23/2026 10:26:00 AM,FAIRLAND RD,NA,Angle,Snow,Slush,Daylight,Traffic Control Signal,NONE DETECTED,Yes,No Apparent Injury,NA,Unknown,MD,Sport Utility Vehicle,Moving Constant Speed,50,No,2025,AUDI,Q7,39.07321811,-76.95563463,2026,2,10
260008150,Property Damage Crash,02/23/2026 10:26:00 AM,FAIRLAND RD,NA,Angle,Snow,Slush,Daylight,Traffic Control Signal,NONE DETECTED,Yes,No Apparent Injury,NA,Unknown,MD,Passenger Car,Accelerating,35,No,2019,HYUNDAI,SONATA,39.07321811,-76.95563463,2026,2,10
260008141,Injury Crash,02/23/2026 09:42:00 AM,NA,NA,Single Vehicle,Cloudy,NA,Daylight,NA,NONE DETECTED,Yes,Possible Minor Injury,Too Fast For Conditions,Not Distracted,MD,Passenger Car,Slowing or Stopping,0,No,2021,ACURA,TLX,39.15947514,-77.22021251,2026,2,9
260008134,Property Damage Crash,02/23/2026 08:00:00 AM,DECATUR AVE,NA,Front to Front,Snow,Snow,Daylight,No Controls,NONE DETECTED,Yes,No Apparent Injury,NA,Unknown,MD,Passenger Car,Slowing or Stopping,15,No,2017,TOYOTA,COROLLA,39.03591883,-77.0822905,2026,2,8
260008128,Property Damage Crash,02/23/2026 05:40:00 AM,EISENHOWER MEMORIAL HWY,NA,Single Vehicle,Snow,Snow,Medium,No Controls,NONE DETECTED,No,No Apparent Injury,NA,Not Distracted,MD,Passenger Car,Moving Constant Speed,45,No,2017,TOYOTA,COROLLA IM,39.09932583,-77.178593,2026,2,5
260008127,Property Damage Crash,02/23/2026 02:33:00 AM,E GUDE DR (WB/L),NA,Front to Rear,Snow,Snow,Medium,No Controls,NONE DETECTED,No,NA,NA,NA,NA,Pickup,NA,35,No,2025,DODGE,DURANGO,39.09576657,-77.13378266,2026,2,2
260008127,Property Damage Crash,02/23/2026 02:33:00 AM,E GUDE DR (WB/L),NA,Front to Rear,Snow,Snow,Medium,No Controls,NONE DETECTED,No,No Apparent Injury,NA,Not Distracted,NA,All-Terrain Vehicle/All-Terrain Cycle (ATV/ATC),Moving Constant Speed,35,No,2022,POLARIS,SPORTSMAN,39.09576657,-77.13378266,2026,2,2
260008121,Injury Crash,02/22/2026 10:12:00 PM,GEORGIA AVE (SB/L),NA,Front to Front,Snow,Slush,Dark,Traffic Control Signal,NONE DETECTED,Yes,No Apparent Injury,NA,Not Distracted,MD,Passenger Car,Moving Constant Speed,30,No,2021,KIA,SOUL,39.00867133,-77.04016433,2026,2,22
260008121,Injury Crash,02/22/2026 10:12:00 PM,GEORGIA AVE (SB/L),NA,Front to Front,Snow,Slush,Dark,Traffic Control Signal,NONE DETECTED,No,Possible Minor Injury,NA,Not Distracted,MD,Passenger Car,Moving Constant Speed,30,No,2011,KIA,FORTE,39.00867133,-77.04016433,2026,2,22
260008120,Property Damage Crash,02/22/2026 09:55:00 PM,TECH RD,NA,Single Vehicle,Snow,Wet,Medium,No Controls,NONE DETECTED,No,No Apparent Injury,NA,Not Distracted,MD,Passenger Car,Accelerating,15,No,2020,FORD,EXPLORER,39.0563956,-76.96702642,2026,2,21
260008115,Injury Crash,02/22/2026 07:56:00 PM,WILSON LA,NA,Front to Front,Snow,Slush,Medium,Traffic Control Signal,NONE DETECTED,No,Possible Minor Injury,NA,Not Distracted,FL,Passenger Car,Accelerating,25,No,2016,HONDA,CIVIC,38.98754217,-77.098736830000007,2026,2,19
260008115,Injury Crash,02/22/2026 07:56:00 PM,WILSON LA,NA,Front to Front,Snow,Slush,Medium,Traffic Control Signal,NONE DETECTED,Yes,No Apparent Injury,Ran Red Light,Not Distracted,MD,Passenger Car,Turning Left,25,No,2017,JEEP,WRANGLER,38.98754217,-77.098736830000007,2026,2,19
260008107,Injury Crash,02/22/2026 06:22:00 PM,BELVEDERE BLVD,NA,Angle,Snow,Wet,Medium,Stop Sign,NONE DETECTED,No,Possible Minor Injury,NA,Not Distracted,MD,Passenger Car,Turning Right,20,No,2014,TOYOTA,COROLLA,39.01946294,-77.04414621,2026,2,18
260008107,Injury Crash,02/22/2026 06:22:00 PM,BELVEDERE BLVD,NA,Angle,Snow,Wet,Medium,No Controls,NONE DETECTED,No,No Apparent Injury,NA,Not Distracted,MD,Passenger Car,Moving Constant Speed,30,No,2021,TOYOTA,SIENNA,39.01946294,-77.04414621,2026,2,18
260008101,Property Damage Crash,02/22/2026 05:15:00 PM,TANLEY RD,NA,Other,Rain,Wet,Medium,No Controls,NONE DETECTED,Yes,No Apparent Injury,NA,Unknown,MD,Passenger Car,Turning Left,35,No,2021,FORD,ESCAPE,39.05199315,-76.99382388,2026,2,17
260008101,Property Damage Crash,02/22/2026 05:15:00 PM,TANLEY RD,NA,Other,Rain,Wet,Medium,No Controls,NONE DETECTED,No,No Apparent Injury,NA,Not Distracted,MD,Passenger Car,Moving Constant Speed,35,No,2017,NISSAN,ALTIMA,39.05199315,-76.99382388,2026,2,17
260008092,Property Damage Crash,02/22/2026 03:42:00 PM,VEIRS MILL RD (WB/L),NA,Angle,Rain,Wet,Daylight,No Controls,NONE DETECTED,Yes,No Apparent Injury,Failed to Yield Right-of-Way,Unknown,MD,Passenger Car,Accelerating,25,No,2013,NISSAN,SENTRA,39.03946406,-77.05425692,2026,2,15
260008092,Property Damage Crash,02/22/2026 03:42:00 PM,VEIRS MILL RD (WB/L),NA,Angle,Rain,Wet,Daylight,No Controls,NONE DETECTED,No,No Apparent Injury,NA,Not Distracted,MD,Passenger Car,Moving Constant Speed,35,No,2014,HONDA,CIVIC,39.03946406,-77.05425692,2026,2,15
260007974,Injury Crash,02/22/2026 03:22:00 PM,NA,Pedestrian,Single Vehicle,Clear,NA,Daylight,NA,NONE DETECTED,No,NA,NA,NA,NA,NA,Accelerating,0,No,0,NA,NA,39.07994865,-77.07909204,2026,2,15
260008076,Property Damage Crash,02/22/2026 01:58:00 PM,NA,NA,Single Vehicle,Rain,NA,Daylight,NA,ALCOHOL PRESENT,Yes,No Apparent Injury,Other Improper Action,Not Distracted,MD,Sport Utility Vehicle,Accelerating,0,No,2014,JEEP,COMPASS,39.29026482,-77.20317358,2026,2,13
260008067,Injury Crash,02/22/2026 11:38:00 AM,GEORGIA AVE,NA,"Sideswipe, Same Direction",Rain,Wet,Daylight,Traffic Control Signal,NONE DETECTED,Yes,Possible Minor Injury,Other Improper Action,Not Distracted,MD,Passenger Car,Moving Constant Speed,30,No,2016,FORD,FOCUS,39.01540602,-77.04253718,2026,2,11
260008067,Injury Crash,02/22/2026 11:38:00 AM,GEORGIA AVE,NA,"Sideswipe, Same Direction",Rain,Wet,Daylight,Traffic Control Signal,NONE DETECTED,Yes,No Apparent Injury,Other Improper Action,Not Distracted,FL,Passenger Car,Changing Lanes,30,No,2025,ACURA,TLX,39.01540602,-77.04253718,2026,2,11
260008060,Injury Crash,02/22/2026 10:30:00 AM,W MONTGOMERY AVE,NA,Front to Rear,Rain,Wet,Daylight,Traffic Control Signal,NONE DETECTED,No,Possible Minor Injury,NA,Not Distracted,MD,Passenger Car,NA,30,No,2017,SUBARU,FORESTER,39.08476633,-77.16147117,2026,2,10
260008060,Injury Crash,02/22/2026 10:30:00 AM,W MONTGOMERY AVE,NA,Front to Rear,Rain,Wet,Daylight,Traffic Control Signal,NONE DETECTED,Yes,No Apparent Injury,Followed Too Closely,Not Distracted,MD,Passenger Car,Moving Constant Speed,30,No,2013,HYUNDAI,TUCSON,39.08476633,-77.16147117,2026,2,10
260008061,Property Damage Crash,02/22/2026 10:25:00 AM,BOU AVE,NA,Front to Rear,Rain,Wet,Daylight,Stop Sign,NONE DETECTED,No,No Apparent Injury,NA,Not Distracted,MD,Passenger Car,Turning Left,30,No,2014,LEXUS,RX,39.0574995,-77.11647178,2026,2,10
260008061,Property Damage Crash,02/22/2026 10:25:00 AM,BOU AVE,NA,Front to Rear,Rain,Wet,Daylight,No Controls,NONE DETECTED,No,No Apparent Injury,NA,Not Distracted,MD,Passenger Car,Moving Constant Speed,30,No,2025,SUBARU,FORESTER,39.0574995,-77.11647178,2026,2,10
260008049,Property Damage Crash,02/22/2026 07:18:00 AM,ANNE AVE,NA,Single Vehicle,Rain,Wet,Daylight,Stop Sign,NONE DETECTED,No,No Apparent Injury,NA,Not Distracted,MD,Passenger Car,Slowing or Stopping,10,No,2008,HONDA,PILOT,38.99046195,-76.9905208,2026,2,7
260008045,Property Damage Crash,02/22/2026 04:29:00 AM,MONTROSE RD (WB/L),NA,Single Vehicle,Rain,Wet,Medium,"Other Pavement Marking (excluding edgelines, centerlines, or lane lines)",NONE DETECTED,No,No Apparent Injury,NA,Unknown,MD,Passenger Car,NA,35,No,2024,FORD,MUSTANG,39.05362745,-77.13549765,2026,2,4
260008044,Injury Crash,02/22/2026 03:49:00 AM,NEW HAMPSHIRE AVE,NA,Single Vehicle,Rain,Wet,Medium,No Controls,ALCOHOL PRESENT,Yes,Possible Minor Injury,NA,Unknown,DC,Passenger Car,Moving Constant Speed,45,No,2012,CHEVROLET,SUBURBAN,39.1047641,-77.0023942,2026,2,3
260008029,Property Damage Crash,02/22/2026 12:12:00 AM,GEORGIA AVE,NA,Front to Rear,Clear,Dry,Medium,No Controls,NONE DETECTED,No,No Apparent Injury,NA,Not Distracted,MD,Passenger Car,Moving Constant Speed,35,No,2007,HONDA,CR-V,39.22320965,-77.05933733,2026,2,0
260008029,Property Damage Crash,02/22/2026 12:12:00 AM,GEORGIA AVE,NA,Front to Rear,Clear,Dry,Medium,No Controls,NONE DETECTED,No,No Apparent Injury,"Operated Motor Vehicle in Inattentive, Careless, Negligent, or Erratic Manner","Other Action (looking away from task, etc.)",MD,Passenger Car,Moving Constant Speed,35,No,2022,KIA,K5,39.22320965,-77.05933733,2026,2,0
260008020,Property Damage Crash,02/21/2026 10:44:00 PM,RAMP 9 FR MD 187 NB TO MD 187B SB,NA,Front to Rear,Clear,Dry,Medium,Traffic Control Signal,NONE DETECTED,Yes,No Apparent Injury,NA,"Other Action (looking away from task, etc.)",MD,Passenger Car,Moving Constant Speed,25,No,2017,HONDA,CIVIC,39.03194786,-77.13148282,2026,2,22
260008020,Property Damage Crash,02/21/2026 10:44:00 PM,RAMP 9 FR MD 187 NB TO MD 187B SB,NA,Front to Rear,Clear,Dry,Medium,Traffic Control Signal,NONE DETECTED,No,No Apparent Injury,NA,Not Distracted,MD,Passenger Car,Stopped in Traffic,25,No,2019,TOYOTA,CAMRY,39.03194786,-77.13148282,2026,2,22
260008014,Property Damage Crash,02/21/2026 08:50:00 PM,KENTLANDS BLVD (NB/L),NA,Front to Rear,Clear,Dry,Medium,Intersection Ahead Warning Sign,NONE DETECTED,No,No Apparent Injury,"Swerved or Avoided Due to Wind, Slippery Surface, Motor Vehicle, Object, Non-Motorist in Roadway, etc",Not Distracted,MD,Passenger Car,Changing Lanes,25,No,1999,TOYOTA,COROLLA,39.12319513,-77.23515856,2026,2,20
260008014,Property Damage Crash,02/21/2026 08:50:00 PM,KENTLANDS BLVD (NB/L),NA,Front to Rear,Clear,Dry,Medium,Intersection Ahead Warning Sign,NONE DETECTED,No,No Apparent Injury,NA,Not Distracted,MD,Passenger Car,Stopped in Traffic,25,No,2017,TOYOTA,RAV4,39.12319513,-77.23515856,2026,2,20
260008015,Property Damage Crash,02/21/2026 08:49:00 PM,PARKLAND DR,NA,Angle,Clear,Dry,Dark,Stop Sign,NONE DETECTED,Yes,No Apparent Injury,Failed to Yield Right-of-Way,Not Distracted,MD,Sport Utility Vehicle,Accelerating,25,No,2022,NISSAN,ROGUE,39.08334567,-77.08690733,2026,2,20
260008015,Property Damage Crash,02/21/2026 08:49:00 PM,PARKLAND DR,NA,Angle,Clear,Dry,Dark,No Controls,ALCOHOL PRESENT,Yes,No Apparent Injury,Other Improper Action,Not Distracted,MD,Passenger Car,Moving Constant Speed,25,No,2006,MITSUBISHI,GALANT,39.08334567,-77.08690733,2026,2,20
260008003,Injury Crash,02/21/2026 06:21:00 PM,SCENERY DR,NA,Angle,Clear,Dry,Medium,Traffic Control Signal,NONE DETECTED,Yes,No Apparent Injury,Failed to Yield Right-of-Way,Unknown,MD,Pickup,Turning Left,40,No,2002,CHEVROLET,SILVERADO,39.19218711,-77.23344793,2026,2,18
260008003,Injury Crash,02/21/2026 06:21:00 PM,SCENERY DR,NA,Angle,Clear,Dry,Medium,Traffic Control Signal,NONE DETECTED,No,Possible Minor Injury,NA,Not Distracted,MD,Passenger Car,Moving Constant Speed,40,No,2022,JEEP,COMPASS,39.19218711,-77.23344793,2026,2,18
260007998,Injury Crash,02/21/2026 05:06:00 PM,GAME PRESERVE RD,NA,Rear To Side,Clear,Dry,Daylight,Stop Sign,NONE DETECTED,No,No Apparent Injury,NA,Unknown,MD,Sport Utility Vehicle,Entering Traffic Lane,40,No,2019,VOLVO,XC40,39.1649315,-77.22735833,2026,2,17
260007998,Injury Crash,02/21/2026 05:06:00 PM,GAME PRESERVE RD,NA,Rear To Side,Clear,Dry,Daylight,No Controls,NONE DETECTED,No,Possible Minor Injury,NA,Not Distracted,MD,Passenger Car,Moving Constant Speed,40,No,2009,TOYOTA,COROLLA,39.1649315,-77.22735833,2026,2,17
260007992,Property Damage Crash,02/21/2026 04:36:00 PM,RANDOLPH RD,NA,"Sideswipe, Same Direction",Clear,Dry,Daylight,Traffic Control Signal,NONE DETECTED,No,No Apparent Injury,NA,Not Distracted,MD,Passenger Car,Moving Constant Speed,35,No,2021,GMC,TERRAIN,39.0592404,-77.06207656,2026,2,16
260007992,Property Damage Crash,02/21/2026 04:36:00 PM,RANDOLPH RD,NA,"Sideswipe, Same Direction",Clear,Dry,Daylight,Traffic Control Signal,NONE DETECTED,Yes,NA,NA,NA,NA,Passenger Car,Turning Left,35,No,2011,FORD,E-450,39.0592404,-77.06207656,2026,2,16
260007987,Property Damage Crash,02/21/2026 04:28:00 PM,NA,NA,Unknown,Clear,NA,Daylight,NA,NONE DETECTED,No,NA,NA,NA,NA,NA,NA,0,No,0,NA,NA,39.177475,-77.17703937,2026,2,16
260007986,Property Damage Crash,02/21/2026 04:15:00 PM,COLESVILLE RD,NA,Rear To Side,Clear,Dry,Daylight,Traffic Control Signal,NONE DETECTED,No,No Apparent Injury,NA,Not Distracted,MD,Passenger Car,Moving Constant Speed,35,No,2002,MERCEDES-BENZ,M-CLASS,38.997671510000004,-77.02701778,2026,2,16