Local Case Number,ACRS Report Type,Crash Date/Time,Road Name,Related Non-Motorist,Collision Type,Weather,Surface Condition,Light,Traffic Control,Driver Substance Abuse,Driver At Fault,Injury Severity,Circumstance,Driver Distracted By,Drivers License State,Vehicle Body Type,Vehicle Movement,Speed Limit,Driverless Vehicle,Vehicle Year,Vehicle Make,Vehicle Model,Latitude,Longitude,Year,Month,Hour
260007690,Property Damage Crash,02/19/2026 06:42:00 PM,GLENALLAN AVE (WB/L),Pedestrian,Single Vehicle,Rain,Wet,Medium,Traffic Control Signal,NONE DETECTED,Yes,No Apparent Injury,NA,Unknown,MD,Passenger Car,Turning Left,35,No,2012,TOYOTA,CAMRY,39.06317414,-77.05019567,2026,2,18
260007684,Injury Crash,02/19/2026 06:07:00 PM,FREDERICK RD,NA,Other,Rain,Wet,Medium,Stop Sign,NONE DETECTED,Yes,No Apparent Injury,"Failed to Yield Right-of-Way, Ran Stop Sign",Unknown,DC,Sport Utility Vehicle,Entering Traffic Lane,40,No,2010,ACURA,MDX,39.16493445,-77.22733832,2026,2,18
260007684,Injury Crash,02/19/2026 06:07:00 PM,FREDERICK RD,NA,Other,Rain,Wet,Medium,No Controls,NONE DETECTED,No,Possible Minor Injury,NA,Not Distracted,MD,Passenger Car,Moving Constant Speed,40,No,2010,TOYOTA,PRIUS,39.16493445,-77.22733832,2026,2,18
260007680,Property Damage Crash,02/19/2026 05:35:00 PM,OAK LEAF DR,NA,Angle,Rain,Wet,Medium,No Controls,NONE DETECTED,Yes,No Apparent Injury,NA,Not Distracted,MD,Bus - Transit,Moving Constant Speed,40,No,2014,GILLIG,LOW FLOOR BUS,39.04101153,-76.9958331,2026,2,17
260007680,Property Damage Crash,02/19/2026 05:35:00 PM,OAK LEAF DR,NA,Angle,Rain,Wet,Medium,No Controls,NONE DETECTED,No,No Apparent Injury,NA,Not Distracted,MD,Passenger Car,Moving Constant Speed,40,No,2014,BMW,528I,39.04101153,-76.9958331,2026,2,17
260007673,Property Damage Crash,02/19/2026 05:11:00 PM,BRADLEY BLVD,NA,Front to Rear,Rain,Wet,Medium,No Controls,NONE DETECTED,Yes,No Apparent Injury,"Operated Motor Vehicle in Inattentive, Careless, Negligent, or Erratic Manner, Other Improper Action",Unknown,MD,Passenger Car,Moving Constant Speed,35,No,2003,TOYOTA,ECHO,38.97777783,-77.10004917,2026,2,17
260007673,Property Damage Crash,02/19/2026 05:11:00 PM,BRADLEY BLVD,NA,Front to Rear,Rain,Wet,Medium,No Controls,NONE DETECTED,No,No Apparent Injury,NA,Not Distracted,DC,Sport Utility Vehicle,Stopped in Traffic,35,No,2017,BMW,X5,38.97777783,-77.10004917,2026,2,17
260007673,Property Damage Crash,02/19/2026 05:11:00 PM,BRADLEY BLVD,NA,Front to Rear,Rain,Wet,Medium,No Controls,NONE DETECTED,No,No Apparent Injury,NA,Not Distracted,MD,Sport Utility Vehicle,Stopped in Traffic,35,No,2016,LAND ROVER,RANGE ROVER,38.97777783,-77.10004917,2026,2,17
260007672,Property Damage Crash,02/19/2026 05:03:00 PM,FIRST ST,NA,Other,Rain,Wet,Daylight,No Controls,NONE DETECTED,No,No Apparent Injury,NA,Not Distracted,MD,Sport Utility Vehicle,Moving Constant Speed,35,No,2017,KIA,SORENTO,39.08409579,-77.13637872,2026,2,17
260007672,Property Damage Crash,02/19/2026 05:03:00 PM,FIRST ST,NA,Other,Rain,Wet,Daylight,No Controls,NONE DETECTED,No,No Apparent Injury,NA,Not Distracted,MD,Passenger Car,Moving Constant Speed,35,No,2024,HONDA,CIVIC,39.08409579,-77.13637872,2026,2,17
260007672,Property Damage Crash,02/19/2026 05:03:00 PM,FIRST ST,NA,Other,Rain,Wet,Daylight,No Controls,NONE DETECTED,No,No Apparent Injury,NA,Not Distracted,MD,Passenger Car,Stopped in Traffic,35,No,2017,CHEVROLET,SPARK,39.08409579,-77.13637872,2026,2,17
260007672,Property Damage Crash,02/19/2026 05:03:00 PM,FIRST ST,NA,Other,Rain,Wet,Daylight,No Controls,NONE DETECTED,No,No Apparent Injury,NA,Not Distracted,MD,Passenger Car,Stopped in Traffic,35,No,2012,AUDI,A5,39.08409579,-77.13637872,2026,2,17
260007672,Property Damage Crash,02/19/2026 05:03:00 PM,FIRST ST,NA,Other,Rain,Wet,Daylight,No Controls,DRUG AND ALCOHOL CONTRIBUTED,Yes,No Apparent Injury,"Disregarded Other Road Markings, Failed to Keep in Proper Lane, Failed to Yield Right-of-Way, Followed Too Closely, Improper Passing, Improper Turn, Operated Motor Vehicle in Inattentive, Careless, Negligent, or Erratic Manner, Operated Motor Vehicle in Reckless or Aggressive Manner, Other Improper Action, Too Fast For Conditions",Not Distracted,MD,Passenger Car,Accelerating,35,No,2015,TOYOTA,COROLLA,39.08409579,-77.13637872,2026,2,17
260007688,Injury Crash,02/19/2026 04:40:00 PM,ROCKVILLE PIKE (SB/L),Pedestrian,Single Vehicle,Clear,NA,Daylight,No Controls,NONE DETECTED,No,NA,NA,NA,NA,NA,Entering Traffic Lane,5,No,0,NA,NA,39.07214333,-77.13334324,2026,2,16
260007654,Property Damage Crash,02/19/2026 02:22:00 PM,WILSON DR,NA,"Sideswipe, Same Direction",Cloudy,Dry,Daylight,Traffic Control Signal,NONE DETECTED,No,NA,NA,NA,NA,Passenger Car,Moving Constant Speed,35,No,2013,FORD,FUSION,39.00259432,-77.0972197,2026,2,14
260007654,Property Damage Crash,02/19/2026 02:22:00 PM,WILSON DR,NA,"Sideswipe, Same Direction",Cloudy,Dry,Daylight,Traffic Control Signal,NONE DETECTED,No,No Apparent Injury,NA,Not Distracted,MD,Passenger Car,Turning Left,35,No,2024,BMW,X3,39.00259432,-77.0972197,2026,2,14
260007782,Property Damage Crash,02/19/2026 10:00:00 AM,NA,NA,Other,Clear,NA,Daylight,NA,NONE DETECTED,Yes,No Apparent Injury,NA,Not Distracted,MD,Passenger Car,Turning Left,0,No,2010,HYUNDAI,SONATA,39.05001755,-76.95218111,2026,2,10
260007591,Property Damage Crash,02/19/2026 09:05:00 AM,FLOWER AVE,NA,"Sideswipe, Same Direction",Cloudy,Wet,Daylight,No Controls,NONE DETECTED,No,No Apparent Injury,Other Improper Action,Not Distracted,MD,Passenger Car,Parked,0,No,2020,INFINITI,QX60,38.991975,-77.002291,2026,2,9
260007591,Property Damage Crash,02/19/2026 09:05:00 AM,FLOWER AVE,NA,"Sideswipe, Same Direction",Cloudy,Wet,Daylight,No Controls,NONE DETECTED,No,No Apparent Injury,Improper Passing,Unknown,NA,Passenger Car,Overtaking/Passing,25,No,2018,TOYOTA,YARIS IA,38.991975,-77.002291,2026,2,9
260007586,Property Damage Crash,02/19/2026 07:34:00 AM,NEW HAMPSHIRE AVE (SB/L),NA,Front to Rear,Cloudy,Wet,Daylight,Traffic Control Signal,NONE DETECTED,Yes,No Apparent Injury,NA,Unknown,MD,Passenger Car,Moving Constant Speed,35,No,2014,TOYOTA,COROLLA,38.97789267,-76.99167117,2026,2,7
260007586,Property Damage Crash,02/19/2026 07:34:00 AM,NEW HAMPSHIRE AVE (SB/L),NA,Front to Rear,Cloudy,Wet,Daylight,Traffic Control Signal,NONE DETECTED,No,No Apparent Injury,NA,Unknown,MD,Sport Utility Vehicle,Slowing or Stopping,35,No,2023,TOYOTA,HIGHLANDER,38.97789267,-76.99167117,2026,2,7
260007594,Property Damage Crash,02/19/2026 06:30:00 AM,MANOR RD,NA,Front to Front,Cloudy,Wet,Medium,Traffic Control Signal,NONE DETECTED,No,No Apparent Injury,Failed to Yield Right-of-Way,Not Distracted,PA,Pickup,Turning Left,35,No,1995,FORD,RANGER,38.99615172,-77.07724857,2026,2,6
260007594,Property Damage Crash,02/19/2026 06:30:00 AM,MANOR RD,NA,Front to Front,Cloudy,Wet,Medium,Traffic Control Signal,NONE DETECTED,No,No Apparent Injury,NA,Not Distracted,MD,Passenger Car,Moving Constant Speed,35,No,2024,NISSAN,ROGUE,38.99615172,-77.07724857,2026,2,6
260007601,Property Damage Crash,02/19/2026 06:10:00 AM,NA,NA,Single Vehicle,Cloudy,NA,Medium,NA,NONE DETECTED,Yes,No Apparent Injury,NA,Not Distracted,MD,Sport Utility Vehicle,Slowing or Stopping,0,No,2013,CHEVROLET,SUBURBAN,39.0702134,-77.1447264,2026,2,6
260007583,Property Damage Crash,02/19/2026 05:00:00 AM,NA,NA,Single Vehicle,Clear,NA,Medium,NA,NONE DETECTED,Yes,No Apparent Injury,Improper Backing,Unknown,VA,Passenger Car,Backing,0,No,2026,GMC,ACADIA,39.05329908,-77.11933104,2026,2,5
260007580,Property Damage Crash,02/19/2026 02:02:00 AM,MONTROSE PKWY (WB/L),NA,Single Vehicle,Clear,Dry,Medium,No Controls,NONE DETECTED,No,No Apparent Injury,NA,Not Distracted,MD,Sport Utility Vehicle,Moving Constant Speed,40,No,2024,HYUNDAI,PALISADE,39.05101,-77.131186,2026,2,2
260007573,Injury Crash,02/18/2026 11:25:00 PM,NA,NA,Front to Front,Clear,Dry,Medium,No Controls,NONE DETECTED,No,Suspected Serious Injury,NA,Unknown,MD,Sport Utility Vehicle,Moving Constant Speed,35,No,2011,AUDI,Q7,39.14063857,-77.21423948,2026,2,23
260007573,Injury Crash,02/18/2026 11:25:00 PM,NA,NA,Front to Front,Clear,Dry,Medium,No Controls,NONE DETECTED,No,Suspected Serious Injury,"Failed to Keep in Proper Lane, Failed to Yield Right-of-Way, Improper Turn, Wrong Side",Unknown,NY,Passenger Car,Turning Left,35,No,2020,HONDA,CIVIC,39.14063857,-77.21423948,2026,2,23
260007561,Property Damage Crash,02/18/2026 09:32:00 PM,PRESERVE PKWY (WB/L),NA,Front to Rear,Clear,Wet,Dark,No Controls,NONE DETECTED,Yes,No Apparent Injury,NA,Not Distracted,VA,Passenger Car,Moving Constant Speed,35,No,2025,TOYOTA,PRIUS,39.06599864,-77.14985443,2026,2,21
260007557,Property Damage Crash,02/18/2026 08:47:00 PM,GREENTREE RD,NA,Angle,Clear,Dry,Medium,Stop Sign,ALCOHOL PRESENT,Yes,No Apparent Injury,Ran Stop Sign,Unknown,MD,Passenger Car,Moving Constant Speed,20,No,2003,INFINITI,G35,39.00099516,-77.12119208,2026,2,20
260007557,Property Damage Crash,02/18/2026 08:47:00 PM,GREENTREE RD,NA,Angle,Clear,Dry,Medium,Stop Sign,NONE DETECTED,No,No Apparent Injury,NA,Not Distracted,MD,Bus - Transit,Moving Constant Speed,30,No,2014,GILLIG,CITY TRANSIT BUS,39.00099516,-77.12119208,2026,2,20
260007547,Property Damage Crash,02/18/2026 07:53:00 PM,SCENERY DR,NA,Other,Clear,Dry,Dark,No Controls,NONE DETECTED,No,No Apparent Injury,NA,Unknown,MD,Passenger Car,Accelerating,25,No,2013,CHEVROLET,CRUZE,39.17607457,-77.23672147,2026,2,19
260007547,Property Damage Crash,02/18/2026 07:53:00 PM,SCENERY DR,NA,Other,Clear,Dry,Dark,No Controls,NONE DETECTED,No,No Apparent Injury,NA,Not Distracted,MD,Passenger Car,Backing,25,No,2017,FORD,TAURUS,39.17607457,-77.23672147,2026,2,19
260007542,Property Damage Crash,02/18/2026 07:20:00 PM,NA,NA,Front to Rear,Cloudy,Wet,Medium,Pedestrian Crossing,NONE DETECTED,Yes,No Apparent Injury,NA,Unknown,MD,Passenger Car,Moving Constant Speed,35,No,2019,TOYOTA,COROLLA,39.16539428,-77.21497212,2026,2,19
260007542,Property Damage Crash,02/18/2026 07:20:00 PM,NA,NA,Front to Rear,Cloudy,Wet,Medium,Pedestrian Crossing,NONE DETECTED,No,No Apparent Injury,NA,Not Distracted,MD,Pickup,Stopped in Traffic,35,No,2021,FORD,F-150,39.16539428,-77.21497212,2026,2,19
260007540,Property Damage Crash,02/18/2026 06:55:00 PM,MILESTONE DR,NA,Single Vehicle,Clear,Dry,Medium,No Controls,NONE DETECTED,Yes,No Apparent Injury,NA,Not Distracted,MD,Sport Utility Vehicle,Moving Constant Speed,15,No,2025,DODGE,DURANGO,39.04497194,-76.99084181,2026,2,18
260007534,Property Damage Crash,02/18/2026 06:30:00 PM,NA,NA,Single Vehicle,Clear,Dry,Medium,No Controls,DRUG PRESENT,Yes,No Apparent Injury,Ran Off Roadway,Unknown,MD,Passenger Car,Accelerating,35,No,2004,MERCURY,SABLE,39.11563843,-77.05164788,2026,2,18
260007517,Injury Crash,02/18/2026 05:05:00 PM,NA,NA,Front to Rear,Cloudy,Dry,Daylight,Traffic Control Signal,NONE DETECTED,Yes,No Apparent Injury,NA,Not Distracted,MD,Passenger Car,Accelerating,35,No,2016,MAZDA,MAZDA3,39.13982744,-77.2051359,2026,2,17
260007517,Injury Crash,02/18/2026 05:05:00 PM,NA,NA,Front to Rear,Cloudy,Dry,Daylight,Traffic Control Signal,NONE DETECTED,No,Possible Minor Injury,NA,Not Distracted,MD,Passenger Car,Stopped in Traffic,35,No,2018,TOYOTA,YARIS IA,39.13982744,-77.2051359,2026,2,17
260007512,Property Damage Crash,02/18/2026 04:50:00 PM,SECOND AVE (NB/L),NA,"Sideswipe, Same Direction",Clear,Dry,Daylight,No Controls,NONE DETECTED,No,No Apparent Injury,NA,Not Distracted,DC,Van - Passenger (&lt;9 Seats),Parked,25,No,2018,FORD,TRANSIT,38.99633769,-77.03204719,2026,2,16
260007514,Injury Crash,02/18/2026 04:50:00 PM,NA,NA,Front to Rear,Clear,Dry,Daylight,No Controls,NONE DETECTED,No,No Apparent Injury,NA,Unknown,MD,Passenger Car,Stopped in Traffic,35,No,2023,HONDA,HR-V,39.08164633,-77.145622,2026,2,16
260007512,Property Damage Crash,02/18/2026 04:50:00 PM,SECOND AVE (NB/L),NA,"Sideswipe, Same Direction",Clear,Dry,Daylight,No Controls,NONE DETECTED,Yes,No Apparent Injury,NA,Unknown,MD,Bus - School,Changing Lanes,25,No,2019,FREIGHTLINER,B2 BUS CHASSIS,38.99633769,-77.03204719,2026,2,16
260007514,Injury Crash,02/18/2026 04:50:00 PM,NA,NA,Front to Rear,Clear,Dry,Daylight,No Controls,NONE DETECTED,Yes,Possible Minor Injury,NA,Unknown,MD,Passenger Car,Accelerating,35,No,2011,FORD,ESCAPE,39.08164633,-77.145622,2026,2,16
260007499,Injury Crash,02/18/2026 04:15:00 PM,NA,NA,Angle,Clear,Dry,Daylight,No Controls,NONE DETECTED,No,Possible Minor Injury,NA,Not Distracted,MD,Passenger Car,Moving Constant Speed,40,No,2013,TOYOTA,RAV4,39.07559117,-76.99722283,2026,2,16
260007499,Injury Crash,02/18/2026 04:15:00 PM,NA,NA,Angle,Clear,Dry,Daylight,No Controls,NONE DETECTED,No,NA,NA,NA,NA,NA,Changing Lanes,40,No,0,NA,NA,39.07559117,-76.99722283,2026,2,16
260007499,Injury Crash,02/18/2026 04:15:00 PM,NA,NA,Angle,Clear,Dry,Daylight,No Controls,NONE DETECTED,No,Suspected Serious Injury,NA,Not Distracted,MD,Passenger Car,Moving Constant Speed,40,No,1995,HONDA,CIVIC,39.07559117,-76.99722283,2026,2,16
260007499,Injury Crash,02/18/2026 04:15:00 PM,NA,NA,Angle,Clear,Dry,Daylight,No Controls,NONE DETECTED,No,No Apparent Injury,NA,Not Distracted,MD,Passenger Car,Moving Constant Speed,40,No,2021,MAZDA,CX-30,39.07559117,-76.99722283,2026,2,16
260007487,Injury Crash,02/18/2026 02:59:00 PM,NEW HAMPSHIRE AVE (SB/L),NA,Angle,Clear,Wet,Daylight,No Controls,NONE DETECTED,No,No Apparent Injury,NA,Not Distracted,VA,Passenger Car,Moving Constant Speed,40,No,2007,TOYOTA,COROLLA MATRIX,39.07700933,-77.00177937,2026,2,14
260007487,Injury Crash,02/18/2026 02:59:00 PM,NEW HAMPSHIRE AVE (SB/L),NA,Angle,Clear,Wet,Daylight,No Controls,NONE DETECTED,Yes,Possible Minor Injury,Failed to Yield Right-of-Way,Unknown,MD,Passenger Car,Turning Left,40,No,2013,HYUNDAI,ELANTRA,39.07700933,-77.00177937,2026,2,14
260010151,Property Damage Crash,02/18/2026 01:52:00 PM,FULMER AVE,NA,"Sideswipe, Same Direction",Clear,Dry,Daylight,No Controls,NONE DETECTED,Yes,No Apparent Injury,Other Improper Action,Not Distracted,MD,Passenger Car,Moving Constant Speed,25,No,2008,ACURA,MDX,39.2157465,-77.2882905,2026,2,13
260007486,Property Damage Crash,02/18/2026 01:23:00 PM,ROCKVILLE PIKE (SB/L),NA,"Sideswipe, Same Direction",Cloudy,Wet,Daylight,No Controls,NONE DETECTED,No,NA,NA,NA,NA,NA,Moving Constant Speed,35,No,0,NA,NA,39.05517102,-77.11839965,2026,2,13
260007486,Property Damage Crash,02/18/2026 01:23:00 PM,ROCKVILLE PIKE (SB/L),NA,"Sideswipe, Same Direction",Cloudy,Wet,Daylight,No Controls,NONE DETECTED,No,No Apparent Injury,NA,Not Distracted,MD,Passenger Car,Changing Lanes,35,No,2024,MAZDA,MAZDA3,39.05517102,-77.11839965,2026,2,13
260007453,Injury Crash,02/18/2026 11:50:00 AM,NA,NA,Angle,Clear,Dry,Daylight,Traffic Control Signal,NONE DETECTED,No,Possible Minor Injury,NA,Not Distracted,MD,Passenger Car,Moving Constant Speed,35,No,2024,TOYOTA,COROLLA CROSS,39.07439554,-77.13594566,2026,2,11
260007453,Injury Crash,02/18/2026 11:50:00 AM,NA,NA,Angle,Clear,Dry,Daylight,Traffic Control Signal,NONE DETECTED,Yes,No Apparent Injury,Improper Turn,Not Distracted,MD,Passenger Car,Turning Right,35,No,2026,GENESIS,GV70,39.07439554,-77.13594566,2026,2,11
260007435,Injury Crash,02/18/2026 10:47:00 AM,NA,Pedestrian,Single Vehicle,Clear,NA,Daylight,NA,NONE DETECTED,Yes,No Apparent Injury,NA,Not Distracted,MD,Passenger Car,Turning Right,0,No,2009,HONDA,ACCORD,39.04869562,-76.95658039,2026,2,10
260007434,Property Damage Crash,02/18/2026 10:37:00 AM,RANDOLPH RD (WB/L),NA,"Sideswipe, Same Direction",Cloudy,Dry,Daylight,Flashing Railroad Crossing Signal (may include gates),NONE DETECTED,No,NA,NA,NA,NA,NA,Making U-Turn,30,No,0,NA,NA,39.05348674,-77.10967412,2026,2,10
260007434,Property Damage Crash,02/18/2026 10:37:00 AM,RANDOLPH RD (WB/L),NA,"Sideswipe, Same Direction",Cloudy,Dry,Daylight,Flashing Railroad Crossing Signal (may include gates),NONE DETECTED,No,No Apparent Injury,NA,Not Distracted,MD,Passenger Car,Stopped in Traffic,30,No,2018,SUBARU,LEGACY,39.05348674,-77.10967412,2026,2,10
260007644,Property Damage Crash,02/18/2026 10:00:00 AM,NA,NA,Single Vehicle,Clear,NA,Daylight,NA,NONE DETECTED,Yes,No Apparent Injury,Improper Backing,Not Distracted,MD,Passenger Car,Backing,0,No,2019,DODGE,CHARGER,39.28672779,-77.2074428,2026,2,10
260007423,Property Damage Crash,02/18/2026 09:21:00 AM,BROOKEVILLE RD,NA,Angle,Cloudy,Wet,Daylight,Stop Sign,NONE DETECTED,No,No Apparent Injury,NA,Not Distracted,MD,Passenger Car,Stopped in Traffic,30,No,2014,TOYOTA,CAMRY,39.18490858,-77.10088311,2026,2,9
260007423,Property Damage Crash,02/18/2026 09:21:00 AM,BROOKEVILLE RD,NA,Angle,Cloudy,Wet,Daylight,Stop Sign,NONE DETECTED,Yes,No Apparent Injury,"Failed to Yield Right-of-Way, Operated Motor Vehicle in Inattentive, Careless, Negligent, or Erratic Manner",Not Distracted,MD,Passenger Car,Moving Constant Speed,25,No,2015,LINCOLN,MKZ,39.18490858,-77.10088311,2026,2,9
260007416,Injury Crash,02/18/2026 07:53:00 AM,MONTGOMERY VILLAGE AVE (SB/L),NA,Angle,Cloudy,Dry,Daylight,Traffic Control Signal,NONE DETECTED,Yes,No Apparent Injury,NA,Unknown,MD,Passenger Car,Making U-Turn,35,No,2010,ACURA,TL,39.15497058,-77.20873018,2026,2,7
260007413,Property Damage Crash,02/18/2026 07:53:00 AM,NA,NA,Angle,Cloudy,NA,Daylight,NA,NONE DETECTED,Yes,No Apparent Injury,"Improper Backing, Operated Motor Vehicle in Inattentive, Careless, Negligent, or Erratic Manner",Unknown,MD,Passenger Car,Backing,0,No,2013,CHEVROLET,EQUINOX,39.13963783,-77.20984733,2026,2,7
260007416,Injury Crash,02/18/2026 07:53:00 AM,MONTGOMERY VILLAGE AVE (SB/L),NA,Angle,Cloudy,Dry,Daylight,Traffic Control Signal,NONE DETECTED,No,Possible Minor Injury,NA,Not Distracted,MD,Passenger Car,Moving Constant Speed,35,No,2014,SUBARU,IMPREZA,39.15497058,-77.20873018,2026,2,7
260007413,Property Damage Crash,02/18/2026 07:53:00 AM,NA,NA,Angle,Cloudy,NA,Daylight,NA,NONE DETECTED,No,No Apparent Injury,NA,Not Distracted,MD,Bus - School,Moving Constant Speed,0,No,2026,FREIGHTLINER,B2 106 ELECTRIC CONVENTIONAL CHASSIS,39.13963783,-77.20984733,2026,2,7
260007415,Property Damage Crash,02/18/2026 07:34:00 AM,NO NAME,NA,Angle,Cloudy,Wet,Daylight,Traffic Control Signal,NONE DETECTED,No,No Apparent Injury,NA,Not Distracted,MD,Bus - Transit,Accelerating,35,No,2022,GILLIG,CITY TRANSIT BUS,38.99540184,-77.03851219,2026,2,7
260007415,Property Damage Crash,02/18/2026 07:34:00 AM,NO NAME,NA,Angle,Cloudy,Wet,Daylight,Traffic Control Signal,NONE DETECTED,No,NA,NA,NA,NA,NA,Turning Right,35,No,0,NA,NA,38.99540184,-77.03851219,2026,2,7
260008154,Property Damage Crash,02/18/2026 07:04:00 AM,NA,NA,Front to Front,Clear,NA,Daylight,NA,NONE DETECTED,No,NA,Other Improper Action,NA,NA,Sport Utility Vehicle,Turning Right,0,No,2015,HONDA,CR-V,39.01445983,-77.03643886,2026,2,7
260007418,Property Damage Crash,02/18/2026 06:40:00 AM,CLARKSBURG RD,NA,Single Vehicle,Clear,Wet,Dark,No Controls,NONE DETECTED,No,No Apparent Injury,NA,Not Distracted,MD,Passenger Car,Slowing or Stopping,35,No,2019,DODGE,CHARGER,39.29696946,-77.25937355,2026,2,6
260007411,Property Damage Crash,02/18/2026 06:19:00 AM,MANNAKEE ST,NA,Front to Rear,Cloudy,Dry,Medium,Traffic Control Signal,NONE DETECTED,No,No Apparent Injury,NA,Unknown,MD,Passenger Car,Stopped in Traffic,30,No,2012,HYUNDAI,ELANTRA,39.09658727,-77.15314152,2026,2,6
260007411,Property Damage Crash,02/18/2026 06:19:00 AM,MANNAKEE ST,NA,Front to Rear,Cloudy,Dry,Medium,Traffic Control Signal,NONE DETECTED,Yes,No Apparent Injury,NA,Unknown,MD,Passenger Car,Moving Constant Speed,30,No,2022,HONDA,CIVIC SI,39.09658727,-77.15314152,2026,2,6
260007409,Property Damage Crash,02/18/2026 05:46:00 AM,BARNESVILLE RD,NA,Single Vehicle,Cloudy,Wet,Dark,No Controls,NONE DETECTED,No,No Apparent Injury,NA,Not Distracted,MD,Passenger Car,Moving Constant Speed,40,No,2024,TOYOTA,RAV4,39.20509156,-77.33799822,2026,2,5
260007407,Property Damage Crash,02/18/2026 05:16:00 AM,NA,NA,Single Vehicle,Clear,Dry,Medium,No Controls,NONE DETECTED,No,No Apparent Injury,NA,Not Distracted,MD,Passenger Car,Moving Constant Speed,45,No,2020,SUBARU,CROSSTREK,39.18688045,-77.15113542,2026,2,5
260007402,Property Damage Crash,02/18/2026 01:10:00 AM,GEORGIA AVE,NA,"Sideswipe, Same Direction",Clear,Dry,Medium,No Controls,NONE DETECTED,No,No Apparent Injury,NA,Not Distracted,MD,Passenger Car,Moving Constant Speed,35,No,2024,LINCOLN,AVIATOR,38.98656437,-77.02659976,2026,2,1
260007402,Property Damage Crash,02/18/2026 01:10:00 AM,GEORGIA AVE,NA,"Sideswipe, Same Direction",Clear,Dry,Medium,No Controls,NONE DETECTED,No,NA,NA,NA,NA,Passenger Car,Changing Lanes,35,No,2018,HONDA,CIVIC,38.98656437,-77.02659976,2026,2,1
260007374,Injury Crash,02/17/2026 07:01:00 PM,ROCKVILLE PIKE (SB/L),NA,Single Vehicle,Clear,Wet,Medium,No Controls,NONE DETECTED,Yes,No Apparent Injury,"Operated Motor Vehicle in Inattentive, Careless, Negligent, or Erratic Manner, Other Improper Action",Unknown,MD,Passenger Car,Moving Constant Speed,35,No,2021,SUBARU,CROSSTREK,39.01543563,-77.10032847,2026,2,19
260048529,Property Damage Crash,02/17/2026 06:55:00 PM,PINEWOOD RD,NA,"Sideswipe, Same Direction",Clear,Ice/Frost,Medium,No Controls,NONE DETECTED,No,No Apparent Injury,NA,Not Distracted,MD,Other,Moving Constant Speed,15,No,2020,FREIGHTLINER,M2,39.0901426,-77.142162,2026,2,18
260007367,Injury Crash,02/17/2026 06:31:00 PM,NA,NA,Front to Rear,Clear,Dry,Medium,Traffic Control Signal,NONE DETECTED,No,No Apparent Injury,NA,Not Distracted,MD,Passenger Car,Stopped in Traffic,40,No,2009,HONDA,CIVIC,39.15647953,-77.26629672,2026,2,18
260007367,Injury Crash,02/17/2026 06:31:00 PM,NA,NA,Front to Rear,Clear,Dry,Medium,Traffic Control Signal,NONE DETECTED,Yes,No Apparent Injury,"Operated Motor Vehicle in Inattentive, Careless, Negligent, or Erratic Manner",Unknown,MD,Passenger Car,Moving Constant Speed,40,No,2013,HYUNDAI,SONATA,39.15647953,-77.26629672,2026,2,18
260007365,Injury Crash,02/17/2026 06:27:00 PM,NA,NA,Angle,Clear,Dry,Medium,Traffic Control Signal,NONE DETECTED,Yes,Possible Minor Injury,Failed to Yield Right-of-Way,Not Distracted,MD,Passenger Car,Turning Left,35,No,2023,HONDA,CIVIC,39.14770817,-77.23287083,2026,2,18
260007365,Injury Crash,02/17/2026 06:27:00 PM,NA,NA,Angle,Clear,Dry,Medium,Traffic Control Signal,NONE DETECTED,No,Possible Minor Injury,NA,Not Distracted,MD,Sport Utility Vehicle,Moving Constant Speed,35,No,2019,TOYOTA,HIGHLANDER,39.14770817,-77.23287083,2026,2,18
260007360,Property Damage Crash,02/17/2026 05:30:00 PM,NA,NA,Rear To Side,Clear,NA,Medium,NA,NONE DETECTED,No,NA,NA,NA,NA,Passenger Car,Backing,0,No,2014,HONDA,CR-V,39.05224362,-76.95637425,2026,2,17