Local Case Number,ACRS Report Type,Crash Date/Time,Road Name,Related Non-Motorist,Collision Type,Weather,Surface Condition,Light,Traffic Control,Driver Substance Abuse,Driver At Fault,Injury Severity,Circumstance,Driver Distracted By,Drivers License State,Vehicle Body Type,Vehicle Movement,Speed Limit,Driverless Vehicle,Vehicle Year,Vehicle Make,Vehicle Model,Latitude,Longitude,Year,Month,Hour
260007352,Injury Crash,02/17/2026 05:00:00 PM,NA,NA,Angle,Clear,Dry,Daylight,No Controls,NONE DETECTED,No,No Apparent Injury,NA,Not Distracted,MD,Passenger Car,Moving Constant Speed,30,No,2013,TOYOTA,COROLLA,39.01915267,-77.210479,2026,2,17
260007352,Injury Crash,02/17/2026 05:00:00 PM,NA,NA,Angle,Clear,Dry,Daylight,No Controls,NONE DETECTED,Yes,Possible Minor Injury,NA,Not Distracted,MD,Sport Utility Vehicle,Turning Left,30,No,2020,HONDA,CR-V,39.01915267,-77.210479,2026,2,17
260007343,Property Damage Crash,02/17/2026 04:35:00 PM,GERMANTOWN RD (SB/L),NA,"Sideswipe, Same Direction",Clear,Dry,Daylight,Lane Use Control Signal,NONE DETECTED,No,No Apparent Injury,NA,Not Distracted,MD,Passenger Car,Accelerating,40,No,2002,HONDA,CIVIC,39.17927857,-77.26675819,2026,2,16
260007343,Property Damage Crash,02/17/2026 04:35:00 PM,GERMANTOWN RD (SB/L),NA,"Sideswipe, Same Direction",Clear,Dry,Daylight,Lane Use Control Signal,NONE DETECTED,No,No Apparent Injury,NA,Not Distracted,MD,Passenger Car,Slowing or Stopping,40,No,2019,NISSAN,ALTIMA,39.17927857,-77.26675819,2026,2,16
260007334,Property Damage Crash,02/17/2026 04:00:00 PM,GERMANTOWN RD,NA,Front to Front,Clear,Dry,Daylight,Traffic Control Signal,NONE DETECTED,Yes,No Apparent Injury,NA,Not Distracted,MD,Passenger Car,Moving Constant Speed,35,No,2016,TOYOTA,CAMRY,39.18087833,-77.26270467,2026,2,16
260007334,Property Damage Crash,02/17/2026 04:00:00 PM,GERMANTOWN RD,NA,Front to Front,Clear,Dry,Daylight,Traffic Control Signal,NONE DETECTED,No,No Apparent Injury,NA,Not Distracted,MD,Passenger Car,Slowing or Stopping,35,No,2015,TOYOTA,PRIUS,39.18087833,-77.26270467,2026,2,16
260007334,Property Damage Crash,02/17/2026 04:00:00 PM,GERMANTOWN RD,NA,Front to Front,Clear,Dry,Daylight,Traffic Control Signal,NONE DETECTED,No,No Apparent Injury,NA,Not Distracted,VA,Sport Utility Vehicle,Slowing or Stopping,35,No,2024,LEXUS,RX,39.18087833,-77.26270467,2026,2,16
260007325,Injury Crash,02/17/2026 02:11:00 PM,SHADY GROVE RD (SB/L),NA,Front to Rear,Clear,Dry,Daylight,Traffic Control Signal,NONE DETECTED,Yes,No Apparent Injury,Failed to Yield Right-of-Way,"Other Action (looking away from task, etc.)",MD,Other,Accelerating,30,No,2023,MACK,TERRAPRO,39.10519393,-77.1904879,2026,2,14
260007325,Injury Crash,02/17/2026 02:11:00 PM,SHADY GROVE RD (SB/L),NA,Front to Rear,Clear,Dry,Daylight,Traffic Control Signal,NONE DETECTED,No,Possible Minor Injury,NA,Not Distracted,MD,Sport Utility Vehicle,Slowing or Stopping,35,No,2026,BMW,X7,39.10519393,-77.1904879,2026,2,14
260007325,Injury Crash,02/17/2026 02:11:00 PM,SHADY GROVE RD (SB/L),NA,Front to Rear,Clear,Dry,Daylight,Traffic Control Signal,NONE DETECTED,No,No Apparent Injury,NA,Not Distracted,MD,Sport Utility Vehicle,Accelerating,35,No,2011,TOYOTA,RAV4,39.10519393,-77.1904879,2026,2,14
260007310,Injury Crash,02/17/2026 01:36:00 PM,COLUMBIA PIKE,NA,Angle,Cloudy,Dry,Daylight,Traffic Control Signal,NONE DETECTED,No,Possible Minor Injury,NA,Not Distracted,MD,Passenger Car,Slowing or Stopping,50,No,2025,HYUNDAI,ELANTRA,39.04645496,-76.9868749,2026,2,13
260007310,Injury Crash,02/17/2026 01:36:00 PM,COLUMBIA PIKE,NA,Angle,Cloudy,Dry,Daylight,Traffic Control Signal,NONE DETECTED,Yes,Possible Minor Injury,Failed to Yield Right-of-Way,Not Distracted,MD,Passenger Car,Turning Left,50,No,2012,HONDA,ACCORD,39.04645496,-76.9868749,2026,2,13
260007302,Property Damage Crash,02/17/2026 12:30:00 PM,NA,NA,Front to Rear,Clear,NA,Daylight,NA,NONE DETECTED,No,No Apparent Injury,NA,Not Distracted,MD,Sport Utility Vehicle,Stopped in Traffic,0,No,2023,VOLVO,XC40,39.01702128,-77.2092278,2026,2,12
260007302,Property Damage Crash,02/17/2026 12:30:00 PM,NA,NA,Front to Rear,Clear,NA,Daylight,NA,NONE DETECTED,No,No Apparent Injury,NA,Unknown,MD,Sport Utility Vehicle,Backing,0,No,2007,CHEVROLET,TAHOE,39.01702128,-77.2092278,2026,2,12
260007286,Injury Crash,02/17/2026 11:37:00 AM,SENECA MEADOWS PKWY,NA,Angle,Cloudy,Dry,Daylight,No Controls,NONE DETECTED,Yes,Possible Minor Injury,Failed to Yield Right-of-Way,Unknown,MD,Passenger Car,Moving Constant Speed,30,No,2024,VOLKSWAGEN,JETTA,39.19769379,-77.25434928,2026,2,11
260007286,Injury Crash,02/17/2026 11:37:00 AM,SENECA MEADOWS PKWY,NA,Angle,Cloudy,Dry,Daylight,No Controls,NONE DETECTED,No,No Apparent Injury,NA,Not Distracted,MD,Passenger Car,Moving Constant Speed,30,No,2016,SUBARU,FORESTER,39.19769379,-77.25434928,2026,2,11
260007274,Property Damage Crash,02/17/2026 10:25:00 AM,MT VERNON PL,NA,Front to Rear,Clear,Wet,Daylight,No Controls,NONE DETECTED,Yes,No Apparent Injury,NA,Not Distracted,MD,Passenger Car,Moving Constant Speed,25,No,2025,NISSAN,SENTRA,39.07654723,-77.14474915,2026,2,10
260007262,Injury Crash,02/17/2026 09:58:00 AM,YELLOW LEAF WAY,Pedestrian,Single Vehicle,Cloudy,Dry,Daylight,No Controls,NONE DETECTED,Yes,No Apparent Injury,"Operated Motor Vehicle in Inattentive, Careless, Negligent, or Erratic Manner",Unknown,MD,Sport Utility Vehicle,Moving Constant Speed,25,No,2022,HONDA,PILOT,39.18546959,-77.22977226,2026,2,9
260007255,Injury Crash,02/17/2026 09:40:00 AM,NORBECK RD,NA,Angle,Cloudy,Wet,Daylight,Traffic Control Signal,NONE DETECTED,Yes,Possible Minor Injury,NA,Not Distracted,MD,Passenger Car,Moving Constant Speed,40,No,2022,KIA,SPORTAGE,39.12045915,-77.03394141,2026,2,9
260007255,Injury Crash,02/17/2026 09:40:00 AM,NORBECK RD,NA,Angle,Cloudy,Wet,Daylight,Traffic Control Signal,NONE DETECTED,No,Possible Minor Injury,NA,Not Distracted,MD,Sport Utility Vehicle,Accelerating,40,No,2024,JEEP,WAGONEER,39.12045915,-77.03394141,2026,2,9
260007256,Property Damage Crash,02/17/2026 09:38:00 AM,COLESVILLE RD (SB/L),NA,"Sideswipe, Same Direction",Cloudy,Wet,Daylight,No Controls,NONE DETECTED,Yes,No Apparent Injury,Too Fast For Conditions,Not Distracted,MD,Bus - Transit,Accelerating,35,No,2020,NOVABUS,LFS ARTICULATED,39.02118533,-77.012294,2026,2,9
260007253,Injury Crash,02/17/2026 09:38:00 AM,NEW HAMPSHIRE AVE,NA,Angle,Cloudy,Dry,Daylight,No Controls,NONE DETECTED,Yes,Possible Minor Injury,Failed to Yield Right-of-Way,Not Distracted,MD,Passenger Car,Moving Constant Speed,40,No,2025,HYUNDAI,VENUE,39.06882771,-77.00295727,2026,2,9
260007256,Property Damage Crash,02/17/2026 09:38:00 AM,COLESVILLE RD (SB/L),NA,"Sideswipe, Same Direction",Cloudy,Wet,Daylight,No Controls,NONE DETECTED,Yes,No Apparent Injury,Failed to Keep in Proper Lane,Not Distracted,PA,Pickup,Changing Lanes,35,No,2020,FORD,F-250,39.02118533,-77.012294,2026,2,9
260007253,Injury Crash,02/17/2026 09:38:00 AM,NEW HAMPSHIRE AVE,NA,Angle,Cloudy,Dry,Daylight,Stop Sign,NONE DETECTED,No,Possible Minor Injury,NA,Not Distracted,MD,Passenger Car,Turning Left,40,No,2019,DODGE,CHARGER,39.06882771,-77.00295727,2026,2,9
260007254,Property Damage Crash,02/17/2026 09:15:00 AM,UNIVERSITY BLVD W,NA,"Sideswipe, Same Direction",Cloudy,Wet,Daylight,No Controls,NONE DETECTED,Yes,No Apparent Injury,NA,Not Distracted,MD,Passenger Car,Changing Lanes,35,No,2003,TOYOTA,CAMRY,39.04095819,-77.0532772,2026,2,9
260007254,Property Damage Crash,02/17/2026 09:15:00 AM,UNIVERSITY BLVD W,NA,"Sideswipe, Same Direction",Cloudy,Wet,Daylight,No Controls,NONE DETECTED,Yes,No Apparent Injury,NA,Not Distracted,MD,Passenger Car,Slowing or Stopping,35,No,2011,HONDA,PILOT,39.04095819,-77.0532772,2026,2,9
260007248,Property Damage Crash,02/17/2026 08:56:00 AM,DARNESTOWN RD,NA,Angle,Cloudy,Dry,Daylight,No Controls,NONE DETECTED,No,No Apparent Injury,NA,Not Distracted,MD,Sport Utility Vehicle,Moving Constant Speed,40,No,2025,CHRYSLER,PACIFICA,39.09912783,-77.21124917,2026,2,8
260007248,Property Damage Crash,02/17/2026 08:56:00 AM,DARNESTOWN RD,NA,Angle,Cloudy,Dry,Daylight,No Controls,NONE DETECTED,Yes,No Apparent Injury,Failed to Yield Right-of-Way,Not Distracted,MD,Passenger Car,Entering Traffic Lane,40,No,2011,TOYOTA,CAMRY,39.09912783,-77.21124917,2026,2,8
260007268,Property Damage Crash,02/17/2026 08:50:00 AM,SINGLETON DR,NA,"Sideswipe, Same Direction",Cloudy,Wet,Daylight,No Controls,NONE DETECTED,Yes,No Apparent Injury,Too Fast For Conditions,Unknown,MD,Van - Passenger (&lt;9 Seats),Negotiating a Curve,20,No,2005,HONDA,ODYSSEY,39.01234582,-77.12878311,2026,2,8
260007241,Injury Crash,02/17/2026 07:45:00 AM,BLUEBELL LA,NA,Other,Clear,Dry,Daylight,Traffic Control Signal,NONE DETECTED,Yes,Possible Minor Injury,NA,Not Distracted,MD,Passenger Car,Moving Constant Speed,35,No,2003,BMW,330I,39.15185293,-77.10054577,2026,2,7
260007241,Injury Crash,02/17/2026 07:45:00 AM,BLUEBELL LA,NA,Other,Clear,Dry,Daylight,Traffic Control Signal,NONE DETECTED,No,No Apparent Injury,NA,Not Distracted,MD,Passenger Car,Moving Constant Speed,35,No,2019,TOYOTA,SIENNA,39.15185293,-77.10054577,2026,2,7
260007235,Property Damage Crash,02/17/2026 06:34:00 AM,SILVER SPRING AVE,NA,"Sideswipe, Opposite Direction",Cloudy,Wet,Daylight,Stop Sign,NONE DETECTED,Yes,No Apparent Injury,NA,Not Distracted,MD,Bus - Transit,Turning Left,25,No,2025,GILLIG,CITY TRANSIT BUS,38.99270033,-77.01306417,2026,2,6
260007192,Property Damage Crash,02/16/2026 06:35:00 PM,NA,NA,Front to Rear,Clear,Wet,Medium,Traffic Control Signal,NONE DETECTED,No,No Apparent Injury,NA,Not Distracted,MD,Passenger Car,Slowing or Stopping,35,No,2024,MERCEDES-BENZ,C-CLASS,39.07314717,-77.11215383,2026,2,18
260007192,Property Damage Crash,02/16/2026 06:35:00 PM,NA,NA,Front to Rear,Clear,Wet,Medium,Traffic Control Signal,NONE DETECTED,No,No Apparent Injury,NA,Not Distracted,MD,Passenger Car,Moving Constant Speed,35,No,2020,TOYOTA,PRIUS PRIME,39.07314717,-77.11215383,2026,2,18
260007191,Property Damage Crash,02/16/2026 06:11:00 PM,MONTGOMERY AVE,NA,"Sideswipe, Same Direction",Clear,Wet,Medium,No Controls,NONE DETECTED,No,No Apparent Injury,NA,Not Distracted,MD,Passenger Car,Moving Constant Speed,25,No,2009,TOYOTA,PRIUS,38.98571317,-77.08677702,2026,2,18
260007191,Property Damage Crash,02/16/2026 06:11:00 PM,MONTGOMERY AVE,NA,"Sideswipe, Same Direction",Clear,Wet,Medium,No Controls,NONE DETECTED,No,No Apparent Injury,NA,Not Distracted,MD,Passenger Car,Changing Lanes,25,No,2018,TESLA,MODEL X,38.98571317,-77.08677702,2026,2,18
260007178,Property Damage Crash,02/16/2026 04:57:00 PM,UNIVERSITY BLVD E,NA,Other,Cloudy,Dry,Daylight,No Controls,NONE DETECTED,No,No Apparent Injury,NA,Not Distracted,MD,Passenger Car,Moving Constant Speed,35,No,2021,TOYOTA,PRIUS,39.00152434,-76.99570265,2026,2,16
260007178,Property Damage Crash,02/16/2026 04:57:00 PM,UNIVERSITY BLVD E,NA,Other,Cloudy,Dry,Daylight,No Controls,NONE DETECTED,Yes,No Apparent Injury,Failed to Yield Right-of-Way,Unknown,MD,Passenger Car,Turning Left,35,No,2019,FORD,FUSION,39.00152434,-76.99570265,2026,2,16
260007184,Property Damage Crash,02/16/2026 04:55:00 PM,BRADLEY BLVD,NA,Front to Rear,Clear,Dry,Daylight,Traffic Control Signal,NONE DETECTED,No,NA,Followed Too Closely,NA,NA,Sport Utility Vehicle,Accelerating,25,No,2022,AUDI,Q5,38.97795566,-77.09875182,2026,2,16
260007184,Property Damage Crash,02/16/2026 04:55:00 PM,BRADLEY BLVD,NA,Front to Rear,Clear,Dry,Daylight,Traffic Control Signal,NONE DETECTED,No,No Apparent Injury,NA,Not Distracted,MD,Passenger Car,Stopped in Traffic,25,No,2008,HONDA,ACCORD,38.97795566,-77.09875182,2026,2,16
260007173,Injury Crash,02/16/2026 04:26:00 PM,POTOMAC PROMENADE/PLACE,Pedestrian,Single Vehicle,Clear,Dry,Daylight,Traffic Control Signal,NONE DETECTED,No,No Apparent Injury,NA,Not Distracted,MD,Sport Utility Vehicle,Turning Left,10,No,2025,FORD,BRONCO,39.01715387,-77.20987371,2026,2,16
260007170,Property Damage Crash,02/16/2026 03:50:00 PM,NA,NA,Front to Rear,Cloudy,Wet,Daylight,No Controls,NONE DETECTED,No,No Apparent Injury,NA,Not Distracted,MD,Sport Utility Vehicle,Slowing or Stopping,30,No,2019,KIA,SORENTO,39.1202875,-77.0337975,2026,2,15
260007170,Property Damage Crash,02/16/2026 03:50:00 PM,NA,NA,Front to Rear,Cloudy,Wet,Daylight,No Controls,NONE DETECTED,Yes,No Apparent Injury,NA,Not Distracted,MD,Sport Utility Vehicle,Negotiating a Curve,30,No,2016,HONDA,PILOT,39.1202875,-77.0337975,2026,2,15
260007169,Property Damage Crash,02/16/2026 03:30:00 PM,NA,NA,"Sideswipe, Opposite Direction",Clear,NA,Daylight,NA,NONE DETECTED,No,NA,NA,NA,NA,NA,Backing,0,No,0,NA,NA,38.99927417,-77.04044567,2026,2,15
260007169,Property Damage Crash,02/16/2026 03:30:00 PM,NA,NA,"Sideswipe, Opposite Direction",Clear,NA,Daylight,NA,NONE DETECTED,No,No Apparent Injury,NA,Not Distracted,DC,Passenger Car,Parked,0,No,2021,CHEVROLET,TRAX,38.99927417,-77.04044567,2026,2,15
260007166,Property Damage Crash,02/16/2026 03:20:00 PM,PLYERS MILL RD,NA,Angle,Cloudy,Dry,Daylight,Stop Sign,NONE DETECTED,No,No Apparent Injury,NA,Not Distracted,MD,Passenger Car,Accelerating,25,No,2023,HONDA,CR-V,39.02984565,-77.07061026,2026,2,15
260007166,Property Damage Crash,02/16/2026 03:20:00 PM,PLYERS MILL RD,NA,Angle,Cloudy,Dry,Daylight,Stop Sign,NONE DETECTED,No,No Apparent Injury,NA,Unknown,MD,Passenger Car,Moving Constant Speed,25,No,2011,DODGE,DURANGO,39.02984565,-77.07061026,2026,2,15
260007146,Property Damage Crash,02/16/2026 01:20:00 PM,W JEFFERSON ST,NA,Angle,Clear,Dry,Daylight,No Controls,NONE DETECTED,No,No Apparent Injury,NA,Not Distracted,MD,Passenger Car,Moving Constant Speed,30,No,2009,HYUNDAI,SONATA,39.08312464,-77.15477261,2026,2,13
260007146,Property Damage Crash,02/16/2026 01:20:00 PM,W JEFFERSON ST,NA,Angle,Clear,Dry,Daylight,Stop Sign,NONE DETECTED,Yes,No Apparent Injury,NA,Not Distracted,MD,Passenger Car,Turning Left,25,No,2021,TESLA,MODEL X,39.08312464,-77.15477261,2026,2,13
260011830,Property Damage Crash,02/16/2026 12:30:00 PM,SYCAMORE AVE,NA,Front to Rear,Clear,Dry,Daylight,Traffic Control Signal,NONE DETECTED,No,No Apparent Injury,Other Improper Action,Unknown,MD,Passenger Car,Moving Constant Speed,25,No,2013,NISSAN,ROGUE,38.97804635,-77.00571936,2026,2,12
260011830,Property Damage Crash,02/16/2026 12:30:00 PM,SYCAMORE AVE,NA,Front to Rear,Clear,Dry,Daylight,Traffic Control Signal,NONE DETECTED,No,No Apparent Injury,Other Improper Action,Unknown,MD,Passenger Car,Stopped in Traffic,0,No,2012,TOYOTA,PRIUS,38.97804635,-77.00571936,2026,2,12
260007115,Property Damage Crash,02/16/2026 12:00:00 PM,PHILADELPHIA AVE,NA,Angle,Rain,Wet,Daylight,Traffic Control Signal,NONE DETECTED,No,No Apparent Injury,NA,Not Distracted,MD,Passenger Car,Moving Constant Speed,25,No,2018,HONDA,CIVIC,38.98782609,-77.02348244,2026,2,12
260007115,Property Damage Crash,02/16/2026 12:00:00 PM,PHILADELPHIA AVE,NA,Angle,Rain,Wet,Daylight,Traffic Control Signal,NONE DETECTED,No,No Apparent Injury,"Failed to Yield Right-of-Way, Operated Motor Vehicle in Inattentive, Careless, Negligent, or Erratic Manner, Other Improper Action",Not Distracted,MD,Passenger Car,Moving Constant Speed,25,No,2005,ACURA,TL,38.98782609,-77.02348244,2026,2,12
260007114,Property Damage Crash,02/16/2026 11:40:00 AM,SENECA MEADOWS PKWY,NA,"Sideswipe, Same Direction",Cloudy,Dry,Daylight,No Controls,NONE DETECTED,No,No Apparent Injury,NA,Not Distracted,MD,Passenger Car,Negotiating a Curve,30,No,2002,FORD,TAURUS,39.19240612,-77.25893528,2026,2,11
260007114,Property Damage Crash,02/16/2026 11:40:00 AM,SENECA MEADOWS PKWY,NA,"Sideswipe, Same Direction",Cloudy,Dry,Daylight,No Controls,NONE DETECTED,Yes,No Apparent Injury,Failed to Keep in Proper Lane,Not Distracted,MD,Sport Utility Vehicle,Negotiating a Curve,30,No,2015,SUBARU,FORESTER,39.19240612,-77.25893528,2026,2,11
260007108,Property Damage Crash,02/16/2026 10:41:00 AM,AUTOMOBILE BLVD,NA,Front to Rear,Clear,Dry,Daylight,No Controls,NONE DETECTED,No,NA,NA,NA,NA,Passenger Car,Moving Constant Speed,25,No,2017,JEEP,GRAND CHEROKEE,39.08016944,-76.9473602,2026,2,10
260007082,Property Damage Crash,02/16/2026 04:50:00 AM,FREDERICK RD,NA,Other,Clear,Wet,Medium,Traffic Control Signal,NONE DETECTED,Yes,No Apparent Injury,NA,Not Distracted,WV,Passenger Car,Moving Constant Speed,40,No,2004,FORD,F-150,39.15265789,-77.21206655,2026,2,4
260007082,Property Damage Crash,02/16/2026 04:50:00 AM,FREDERICK RD,NA,Other,Clear,Wet,Medium,Traffic Control Signal,NONE DETECTED,No,No Apparent Injury,NA,Not Distracted,MD,Passenger Car,Moving Constant Speed,40,No,2013,DODGE,AVENGER,39.15265789,-77.21206655,2026,2,4
260007071,Property Damage Crash,02/16/2026 01:20:00 AM,BOWIE MILL RD,NA,Single Vehicle,Clear,Dry,Medium,No Controls,ALCOHOL PRESENT,No,No Apparent Injury,"Ran Off Roadway, Wrong Side, Wrong Way","Other Action (looking away from task, etc.)",MD,Pickup,Moving Constant Speed,40,No,2012,CHEVROLET,SILVERADO,39.15854817,-77.08524839,2026,2,1
260007067,Property Damage Crash,02/15/2026 11:55:00 PM,LONDON LA,NA,"Sideswipe, Same Direction",Rain,Wet,Medium,No Controls,NONE DETECTED,No,No Apparent Injury,Failed to Keep in Proper Lane,Unknown,NA,Passenger Car,NA,25,No,2015,TOYOTA,HIGHLANDER,39.08930733,-77.08077383,2026,2,23
260007948,Property Damage Crash,02/15/2026 11:15:00 PM,E RANDOLPH RD (WB/L),NA,Front to Rear,Clear,NA,Dark,No Controls,NONE DETECTED,Yes,No Apparent Injury,NA,Not Distracted,MD,Passenger Car,Turning Left,35,No,2014,FORD,FUSION,39.06916985,-76.9870493,2026,2,23
260007948,Property Damage Crash,02/15/2026 11:15:00 PM,E RANDOLPH RD (WB/L),NA,Front to Rear,Clear,NA,Dark,No Controls,NONE DETECTED,Yes,No Apparent Injury,NA,Not Distracted,MD,Passenger Car,Moving Constant Speed,35,No,2015,ACURA,TLX,39.06916985,-76.9870493,2026,2,23
260007065,Property Damage Crash,02/15/2026 11:06:00 PM,CHESTNUT ST,NA,Front to Rear,Rain,Wet,Medium,Traffic Control Signal,ALCOHOL PRESENT,No,No Apparent Injury,NA,Not Distracted,MD,Passenger Car,Slowing or Stopping,25,No,2021,FORD,EDGE,39.14386017,-77.20174136,2026,2,23
260007065,Property Damage Crash,02/15/2026 11:06:00 PM,CHESTNUT ST,NA,Front to Rear,Rain,Wet,Medium,Traffic Control Signal,NONE DETECTED,No,No Apparent Injury,NA,Not Distracted,MD,Passenger Car,Stopped in Traffic,25,No,2024,TOYOTA,COROLLA,39.14386017,-77.20174136,2026,2,23
260007059,Property Damage Crash,02/15/2026 09:49:00 PM,BLUNT RD,NA,Single Vehicle,Rain,Wet,Dark,No Controls,NONE DETECTED,No,No Apparent Injury,NA,Unknown,MD,Passenger Car,Moving Constant Speed,30,No,2007,HONDA,ACCORD,39.197098,-77.21686633,2026,2,21
260007055,Injury Crash,02/15/2026 09:24:00 PM,PRINCE PHILIP DR,NA,Angle,Rain,Wet,Medium,Stop Sign,NONE DETECTED,Yes,No Apparent Injury,Disregarded Other Traffic Sign,Not Distracted,MD,Passenger Car,Moving Constant Speed,30,No,2016,TOYOTA,COROLLA,39.14600367,-77.05703267,2026,2,21
260007055,Injury Crash,02/15/2026 09:24:00 PM,PRINCE PHILIP DR,NA,Angle,Rain,Wet,Medium,No Controls,NONE DETECTED,No,No Apparent Injury,NA,Not Distracted,TX,Passenger Car,Moving Constant Speed,30,No,2011,HYUNDAI,SONATA,39.14600367,-77.05703267,2026,2,21
260007052,Property Damage Crash,02/15/2026 09:24:00 PM,VEIRS MILL RD (WB/L),NA,"Sideswipe, Same Direction",Rain,Wet,Medium,No Controls,NONE DETECTED,No,No Apparent Injury,NA,Not Distracted,MD,Bus - Transit,Moving Constant Speed,40,No,2013,NEW FLYER,XCELSIOR,39.05214715,-77.07538049,2026,2,21
260007052,Property Damage Crash,02/15/2026 09:24:00 PM,VEIRS MILL RD (WB/L),NA,"Sideswipe, Same Direction",Rain,Wet,Medium,No Controls,ALCOHOL PRESENT,No,No Apparent Injury,"Failed to Keep in Proper Lane, Operated Motor Vehicle in Inattentive, Careless, Negligent, or Erratic Manner",Not Distracted,MD,Pickup,Moving Constant Speed,40,No,2016,FORD,F-250,39.05214715,-77.07538049,2026,2,21
260007045,Property Damage Crash,02/15/2026 08:13:00 PM,MEADOW HALL DR,NA,Single Vehicle,Rain,Wet,Medium,No Controls,NONE DETECTED,No,No Apparent Injury,"Disregarded Other Road Markings, Failed to Keep in Proper Lane, Other Improper Action",Unknown,MD,Passenger Car,Moving Constant Speed,35,No,2010,HONDA,ACCORD,39.07435123,-77.11374725,2026,2,20
260007034,Injury Crash,02/15/2026 06:31:00 PM,MUNCASTER MILL RD,NA,Angle,Rain,Wet,Medium,No Controls,NONE DETECTED,Yes,No Apparent Injury,Failed to Yield Right-of-Way,Not Distracted,MD,Passenger Car,Turning Left,35,No,2022,HYUNDAI,TUCSON,39.14610234,-77.14508347,2026,2,18
260007034,Injury Crash,02/15/2026 06:31:00 PM,MUNCASTER MILL RD,NA,Angle,Rain,Wet,Medium,No Controls,NONE DETECTED,No,Possible Minor Injury,NA,Not Distracted,MD,Passenger Car,Moving Constant Speed,35,No,2025,HONDA,HR-V,39.14610234,-77.14508347,2026,2,18
260007028,Property Damage Crash,02/15/2026 04:56:00 PM,NA,NA,Angle,Rain,NA,Daylight,NA,NONE DETECTED,Yes,No Apparent Injury,NA,Unknown,MD,Passenger Car,Moving Constant Speed,0,No,2016,HONDA,ACCORD,39.05252614,-76.95526235,2026,2,16
260007028,Property Damage Crash,02/15/2026 04:56:00 PM,NA,NA,Angle,Rain,NA,Daylight,NA,NONE DETECTED,No,No Apparent Injury,NA,Not Distracted,MD,Passenger Car,Slowing or Stopping,0,No,2021,CHEVROLET,MALIBU,39.05252614,-76.95526235,2026,2,16
260007025,Property Damage Crash,02/15/2026 04:50:00 PM,NEW HAMPSHIRE AVE,NA,Angle,Rain,Wet,Daylight,Traffic Control Signal,NONE DETECTED,No,No Apparent Injury,Too Fast For Conditions,Not Distracted,MD,Sport Utility Vehicle,Moving Constant Speed,35,No,2019,LEXUS,RX,39.12121533,-76.98896367,2026,2,16
260007025,Property Damage Crash,02/15/2026 04:50:00 PM,NEW HAMPSHIRE AVE,NA,Angle,Rain,Wet,Daylight,Traffic Control Signal,NONE DETECTED,Yes,No Apparent Injury,"Failed to Yield Right-of-Way, Other Improper Action",Not Distracted,MD,Sport Utility Vehicle,Moving Constant Speed,35,No,2016,TOYOTA,HIGHLANDER,39.12121533,-76.98896367,2026,2,16
260007021,Property Damage Crash,02/15/2026 03:51:00 PM,GEORGIA AVE (SB/L),NA,Front to Front,Rain,Wet,Daylight,Traffic Control Signal,NONE DETECTED,No,No Apparent Injury,NA,Not Distracted,DC,Passenger Car,Moving Constant Speed,30,No,2014,CHEVROLET,MALIBU,39.00867585,-77.04024681,2026,2,15
260007021,Property Damage Crash,02/15/2026 03:51:00 PM,GEORGIA AVE (SB/L),NA,Front to Front,Rain,Wet,Daylight,Traffic Control Signal,NONE DETECTED,No,No Apparent Injury,NA,Not Distracted,DC,Passenger Car,Turning Left,30,No,2013,TOYOTA,PRIUS,39.00867585,-77.04024681,2026,2,15
260007018,Property Damage Crash,02/15/2026 03:50:00 PM,BOU AVE,NA,Front to Rear,Rain,Wet,Daylight,No Controls,NONE DETECTED,No,No Apparent Injury,NA,Not Distracted,MD,Passenger Car,Slowing or Stopping,30,No,2016,HONDA,CR-V,39.05639633,-77.11399833,2026,2,15