Local Case Number,ACRS Report Type,Crash Date/Time,Road Name,Related Non-Motorist,Collision Type,Weather,Surface Condition,Light,Traffic Control,Driver Substance Abuse,Driver At Fault,Injury Severity,Circumstance,Driver Distracted By,Drivers License State,Vehicle Body Type,Vehicle Movement,Speed Limit,Driverless Vehicle,Vehicle Year,Vehicle Make,Vehicle Model,Latitude,Longitude,Year,Month,Hour
260007018,Property Damage Crash,02/15/2026 03:50:00 PM,BOU AVE,NA,Front to Rear,Rain,Wet,Daylight,No Controls,NONE DETECTED,No,No Apparent Injury,NA,Not Distracted,MD,Passenger Car,Slowing or Stopping,30,No,2024,TOYOTA,COROLLA,39.05639633,-77.11399833,2026,2,15
260007020,Injury Crash,02/15/2026 03:47:00 PM,SHAKESPEARE BLVD,NA,Other,Rain,Wet,Daylight,Traffic Control Signal,NONE DETECTED,No,Possible Minor Injury,NA,Not Distracted,MD,Passenger Car,Accelerating,30,No,2009,NISSAN,ALTIMA,39.19823871,-77.24498348,2026,2,15
260007020,Injury Crash,02/15/2026 03:47:00 PM,SHAKESPEARE BLVD,NA,Other,Rain,Wet,Daylight,Traffic Control Signal,NONE DETECTED,Yes,No Apparent Injury,Ran Red Light,Unknown,MD,Passenger Car,Moving Constant Speed,45,No,2013,JEEP,PATRIOT,39.19823871,-77.24498348,2026,2,15
260007023,Property Damage Crash,02/15/2026 03:45:00 PM,NA,NA,Rear To Rear,Rain,NA,Daylight,NA,NONE DETECTED,Yes,No Apparent Injury,NA,Unknown,MD,Passenger Car,Backing,0,No,2024,KIA,SELTOS,39.03134483,-77.00400218,2026,2,15
260007023,Property Damage Crash,02/15/2026 03:45:00 PM,NA,NA,Rear To Rear,Rain,NA,Daylight,NA,NONE DETECTED,No,No Apparent Injury,NA,Unknown,MD,Passenger Car,Parked,0,No,2018,HYUNDAI,ELANTRA,39.03134483,-77.00400218,2026,2,15
260007019,Property Damage Crash,02/15/2026 03:30:00 PM,FREDERICK RD (SB/L),NA,Front to Rear,Rain,Wet,Daylight,No Controls,NONE DETECTED,No,No Apparent Injury,NA,Not Distracted,MD,Sport Utility Vehicle,Moving Constant Speed,35,No,2018,AUDI,Q5,39.14903376,-77.20780074,2026,2,15
260007019,Property Damage Crash,02/15/2026 03:30:00 PM,FREDERICK RD (SB/L),NA,Front to Rear,Rain,Wet,Daylight,No Controls,NONE DETECTED,No,No Apparent Injury,NA,Not Distracted,GA,Passenger Car,Changing Lanes,35,No,2012,VOLKSWAGEN,JETTA,39.14903376,-77.20780074,2026,2,15
260007008,Injury Crash,02/15/2026 02:23:00 PM,NA,Pedestrian,Single Vehicle,Rain,NA,Daylight,NA,NONE DETECTED,No,No Apparent Injury,NA,Not Distracted,MD,Sport Utility Vehicle,Backing,0,No,2014,FORD,EXPLORER,39.05579261,-77.11738531,2026,2,14
260007000,Property Damage Crash,02/15/2026 01:12:00 PM,GREAT SENECA HWY,NA,Angle,Rain,Wet,Daylight,Traffic Control Signal,NONE DETECTED,Yes,No Apparent Injury,NA,Not Distracted,MD,Passenger Car,Slowing or Stopping,40,No,2025,TOYOTA,RAV4,39.12843826,-77.23745643,2026,2,13
260007000,Property Damage Crash,02/15/2026 01:12:00 PM,GREAT SENECA HWY,NA,Angle,Rain,Wet,Daylight,Traffic Control Signal,NONE DETECTED,No,No Apparent Injury,NA,Not Distracted,MD,Passenger Car,Turning Left,40,No,2024,BMW,X3,39.12843826,-77.23745643,2026,2,13
260006996,Property Damage Crash,02/15/2026 11:23:00 AM,NA,NA,Rear To Side,Cloudy,NA,Daylight,NA,NONE DETECTED,No,No Apparent Injury,NA,NA,NA,Pickup,Backing,0,No,2008,FORD,RANGER,39.04028918,-77.05117731,2026,2,11
260006986,Property Damage Crash,02/15/2026 10:38:00 AM,PINEY MEETINGHOUSE RD (SB/L),NA,Front to Rear,Clear,Dry,Daylight,No Controls,NONE DETECTED,No,No Apparent Injury,NA,Not Distracted,MD,Passenger Car,Slowing or Stopping,35,No,2024,HONDA,ACCORD,39.07545033,-77.222591,2026,2,10
260006986,Property Damage Crash,02/15/2026 10:38:00 AM,PINEY MEETINGHOUSE RD (SB/L),NA,Front to Rear,Clear,Dry,Daylight,No Controls,NONE DETECTED,No,No Apparent Injury,NA,Not Distracted,MD,Sport Utility Vehicle,Slowing or Stopping,35,No,2016,CADILLAC,ESCALADE,39.07545033,-77.222591,2026,2,10
260006986,Property Damage Crash,02/15/2026 10:38:00 AM,PINEY MEETINGHOUSE RD (SB/L),NA,Front to Rear,Clear,Dry,Daylight,No Controls,NONE DETECTED,Yes,No Apparent Injury,NA,Not Distracted,MD,Passenger Car,Slowing or Stopping,35,No,2018,MERCEDES-BENZ,GLC-CLASS,39.07545033,-77.222591,2026,2,10
260006967,Injury Crash,02/15/2026 04:33:00 AM,LAYHILL RD,NA,Single Vehicle,Clear,Dry,Medium,No Controls,ALCOHOL PRESENT,No,Possible Minor Injury,"Operated Motor Vehicle in Inattentive, Careless, Negligent, or Erratic Manner",Not Distracted,MD,Sport Utility Vehicle,Moving Constant Speed,40,No,2010,TOYOTA,RAV4,39.11462669,-77.03694953,2026,2,4
260006965,Property Damage Crash,02/15/2026 03:25:00 AM,PINEY BRANCH RD,NA,Front to Rear,Clear,Dry,Medium,Traffic Control Signal,NONE DETECTED,No,No Apparent Injury,NA,Not Distracted,MD,Sport Utility Vehicle,Stopped in Traffic,35,No,2021,TOYOTA,RAV4,38.99950748,-76.99553428,2026,2,3
260006965,Property Damage Crash,02/15/2026 03:25:00 AM,PINEY BRANCH RD,NA,Front to Rear,Clear,Dry,Medium,Traffic Control Signal,NONE DETECTED,No,NA,NA,NA,NA,Pickup,Moving Constant Speed,35,No,2022,TOYOTA,TACOMA,38.99950748,-76.99553428,2026,2,3
260006954,Property Damage Crash,02/15/2026 12:45:00 AM,DUSTIN RD,NA,Single Vehicle,Clear,Wet,Medium,No Controls,ALCOHOL PRESENT,Yes,No Apparent Injury,NA,Not Distracted,MD,Passenger Car,Moving Constant Speed,35,No,2007,CHEVROLET,SILVERADO,39.12247195,-76.92595833,2026,2,0
260006982,Property Damage Crash,02/15/2026 12:44:00 AM,NA,NA,Front to Rear,Clear,Dry,Medium,No Controls,NONE DETECTED,Yes,No Apparent Injury,NA,Unknown,MD,Passenger Car,Moving Constant Speed,25,No,2018,DODGE,GRAND CARAVAN,38.98765583,-76.9902175,2026,2,0
260006949,Property Damage Crash,02/14/2026 11:15:00 PM,MONTGOMERY VILLAGE AVE,NA,Single Vehicle,Snow,Wet,Medium,Traffic Control Signal,NONE DETECTED,No,No Apparent Injury,NA,Not Distracted,MD,Passenger Car,Turning Left,35,No,2010,TOYOTA,RAV4,39.18791722,-77.19727873,2026,2,23
260006946,Property Damage Crash,02/14/2026 10:09:00 PM,RANDOLPH RD,NA,Front to Rear,Clear,Dry,Medium,No Controls,NONE DETECTED,No,No Apparent Injury,NA,Not Distracted,MD,Passenger Car,Moving Constant Speed,35,No,2018,TESLA,MODEL 3,39.05375167,-77.09933367,2026,2,22
260006946,Property Damage Crash,02/14/2026 10:09:00 PM,RANDOLPH RD,NA,Front to Rear,Clear,Dry,Medium,No Controls,NONE DETECTED,No,No Apparent Injury,NA,Not Distracted,MD,Passenger Car,Moving Constant Speed,35,No,2019,VOLKSWAGEN,JETTA,39.05375167,-77.09933367,2026,2,22
260006946,Property Damage Crash,02/14/2026 10:09:00 PM,RANDOLPH RD,NA,Front to Rear,Clear,Dry,Medium,No Controls,NONE DETECTED,No,No Apparent Injury,NA,Not Distracted,MD,Van - Passenger (&lt;9 Seats),Moving Constant Speed,35,No,2018,FORD,TRANSIT,39.05375167,-77.09933367,2026,2,22
260006942,Injury Crash,02/14/2026 09:00:00 PM,OLD COLUMBIA PIKE,NA,Front to Rear,Clear,Wet,Medium,No Controls,NONE DETECTED,No,Possible Minor Injury,NA,Not Distracted,MD,Pickup,Moving Constant Speed,35,No,2025,FORD,F-150,39.1165038,-76.93292837,2026,2,21
260006942,Injury Crash,02/14/2026 09:00:00 PM,OLD COLUMBIA PIKE,NA,Front to Rear,Clear,Wet,Medium,Reduce Speed Ahead Warning Sign,NONE DETECTED,Yes,No Apparent Injury,NA,Not Distracted,MD,Passenger Car,Accelerating,30,No,2022,NISSAN,SENTRA,39.1165038,-76.93292837,2026,2,21
260006917,Injury Crash,02/14/2026 04:51:00 PM,ONEILL DR,NA,Angle,Clear,Dry,Daylight,Traffic Control Signal,NONE DETECTED,No,No Apparent Injury,Ran Red Light,Unknown,MD,Passenger Car,Moving Constant Speed,35,No,2015,KIA,SPORTAGE,39.1240645,-77.18003817,2026,2,16
260006917,Injury Crash,02/14/2026 04:51:00 PM,ONEILL DR,NA,Angle,Clear,Dry,Daylight,Traffic Control Signal,NONE DETECTED,No,Possible Minor Injury,NA,Not Distracted,MD,Passenger Car,Turning Left,35,No,2024,CHEVROLET,TRAX,39.1240645,-77.18003817,2026,2,16
260006909,Injury Crash,02/14/2026 03:55:00 PM,RAMP 7 FR RANDOLPH RD WB TO MD 97 SB,NA,Single Vehicle,Clear,Dry,Daylight,Traffic Control Signal,NONE DETECTED,Yes,Possible Minor Injury,NA,Unknown,MD,Passenger Car,Changing Lanes,45,No,2018,TESLA,MODEL 3,39.05919791,-77.04787868,2026,2,15
260006903,Injury Crash,02/14/2026 03:35:00 PM,MONTROSE PKWY (WB/L),NA,Front to Rear,Clear,Dry,Daylight,Traffic Control Signal,NONE DETECTED,No,Possible Minor Injury,NA,Not Distracted,MD,Passenger Car,Slowing or Stopping,40,No,2025,TOYOTA,CROWN SIGNIA,39.05239333,-77.1173745,2026,2,15
260006903,Injury Crash,02/14/2026 03:35:00 PM,MONTROSE PKWY (WB/L),NA,Front to Rear,Clear,Dry,Daylight,Traffic Control Signal,NONE DETECTED,Yes,No Apparent Injury,Followed Too Closely,Unknown,MD,Passenger Car,Moving Constant Speed,40,No,2016,HONDA,ACCORD,39.05239333,-77.1173745,2026,2,15
260006906,Property Damage Crash,02/14/2026 03:29:00 PM,NA,NA,"Sideswipe, Same Direction",Clear,NA,Daylight,NA,NONE DETECTED,No,No Apparent Injury,NA,Not Distracted,MD,Passenger Car,Parked,0,No,2002,HONDA,ODYSSEY,39.05775431,-77.08370374,2026,2,15
260006896,Property Damage Crash,02/14/2026 01:53:00 PM,ROCKVILLE PIKE (SB/L),NA,Front to Rear,Clear,Dry,Daylight,No Controls,NONE DETECTED,No,No Apparent Injury,Followed Too Closely,Not Distracted,DC,Passenger Car,Slowing or Stopping,40,No,2024,KIA,EV6,39.03896558,-77.108893,2026,2,13
260006896,Property Damage Crash,02/14/2026 01:53:00 PM,ROCKVILLE PIKE (SB/L),NA,Front to Rear,Clear,Dry,Daylight,No Controls,NONE DETECTED,No,No Apparent Injury,NA,Not Distracted,VA,Passenger Car,Stopped in Traffic,40,No,2025,TOYOTA,RAV4,39.03896558,-77.108893,2026,2,13
260006896,Property Damage Crash,02/14/2026 01:53:00 PM,ROCKVILLE PIKE (SB/L),NA,Front to Rear,Clear,Dry,Daylight,No Controls,NONE DETECTED,Yes,No Apparent Injury,Followed Too Closely,Not Distracted,MD,Sport Utility Vehicle,Slowing or Stopping,40,No,2018,AUDI,Q5,39.03896558,-77.108893,2026,2,13
260006896,Property Damage Crash,02/14/2026 01:53:00 PM,ROCKVILLE PIKE (SB/L),NA,Front to Rear,Clear,Dry,Daylight,No Controls,NONE DETECTED,No,No Apparent Injury,NA,Not Distracted,MD,Passenger Car,Stopped in Traffic,40,No,2015,KIA,SORENTO,39.03896558,-77.108893,2026,2,13
260006896,Property Damage Crash,02/14/2026 01:53:00 PM,ROCKVILLE PIKE (SB/L),NA,Front to Rear,Clear,Dry,Daylight,No Controls,NONE DETECTED,Yes,No Apparent Injury,Followed Too Closely,Not Distracted,MD,Sport Utility Vehicle,Slowing or Stopping,40,No,2023,SUBARU,FORESTER,39.03896558,-77.108893,2026,2,13
260006896,Property Damage Crash,02/14/2026 01:53:00 PM,ROCKVILLE PIKE (SB/L),NA,Front to Rear,Clear,Dry,Daylight,No Controls,NONE DETECTED,Yes,No Apparent Injury,Followed Too Closely,Not Distracted,MD,Sport Utility Vehicle,Slowing or Stopping,40,No,2008,CHEVROLET,SUBURBAN,39.03896558,-77.108893,2026,2,13
260006893,Injury Crash,02/14/2026 01:16:00 PM,NA,NA,Other,Clear,Dry,Daylight,Traffic Control Signal,NONE DETECTED,No,Possible Minor Injury,NA,Not Distracted,MD,Pickup,Stopped in Traffic,35,No,1997,FORD,RANGER,39.00528428,-77.02284038,2026,2,13
260006893,Injury Crash,02/14/2026 01:16:00 PM,NA,NA,Other,Clear,Dry,Daylight,Traffic Control Signal,NONE DETECTED,No,No Apparent Injury,NA,Not Distracted,MD,Passenger Car,Stopped in Traffic,35,No,2018,NISSAN,MAXIMA,39.00528428,-77.02284038,2026,2,13
260006893,Injury Crash,02/14/2026 01:16:00 PM,NA,NA,Other,Clear,Dry,Daylight,Traffic Control Signal,NONE DETECTED,No,No Apparent Injury,NA,Not Distracted,MD,Passenger Car,Turning Left,35,No,2017,SUBARU,CROSSTREK,39.00528428,-77.02284038,2026,2,13
260006893,Injury Crash,02/14/2026 01:16:00 PM,NA,NA,Other,Clear,Dry,Daylight,Traffic Control Signal,NONE DETECTED,Yes,No Apparent Injury,"Operated Motor Vehicle in Inattentive, Careless, Negligent, or Erratic Manner",Unknown,NA,Passenger Car,Turning Right,35,No,0,NA,NA,39.00528428,-77.02284038,2026,2,13
260006893,Injury Crash,02/14/2026 01:16:00 PM,NA,NA,Other,Clear,Dry,Daylight,Traffic Control Signal,NONE DETECTED,No,No Apparent Injury,NA,Not Distracted,MD,Passenger Car,Stopped in Traffic,35,No,2025,HONDA,CIVIC,39.00528428,-77.02284038,2026,2,13
260006889,Injury Crash,02/14/2026 12:10:00 PM,FALLSTON AVE,NA,Angle,Clear,Dry,Daylight,No Controls,NONE DETECTED,Yes,No Apparent Injury,NA,Not Distracted,MD,Passenger Car,Entering Traffic Lane,25,No,2018,HONDA,CR-V,39.05557583,-76.94512433,2026,2,12
260006889,Injury Crash,02/14/2026 12:10:00 PM,FALLSTON AVE,NA,Angle,Clear,Dry,Daylight,No Controls,NONE DETECTED,No,Possible Minor Injury,NA,Not Distracted,MD,Passenger Car,Moving Constant Speed,25,No,2014,AUDI,A6,39.05557583,-76.94512433,2026,2,12
260006882,Property Damage Crash,02/14/2026 10:15:00 AM,GEORGIA AVE (SB/L),NA,Angle,Clear,Dry,Daylight,Traffic Control Signal,NONE DETECTED,No,No Apparent Injury,NA,Not Distracted,MD,Sport Utility Vehicle,Moving Constant Speed,35,No,2025,HYUNDAI,TUCSON,39.05307129,-77.05099255,2026,2,10
260006882,Property Damage Crash,02/14/2026 10:15:00 AM,GEORGIA AVE (SB/L),NA,Angle,Clear,Dry,Daylight,Traffic Control Signal,NONE DETECTED,Yes,No Apparent Injury,NA,Not Distracted,MD,Sport Utility Vehicle,Turning Right,35,No,2022,MERCEDES-BENZ,GLC-CLASS,39.05307129,-77.05099255,2026,2,10
260007110,Property Damage Crash,02/14/2026 09:48:00 AM,ASPEN ST,NA,"Sideswipe, Opposite Direction",Clear,Dry,Daylight,No Controls,NONE DETECTED,No,NA,NA,NA,NA,Passenger Car,Moving Constant Speed,25,No,2014,GMC,SIERRA,38.98628788,-77.07842079,2026,2,9
260006987,Property Damage Crash,02/14/2026 09:38:00 AM,NA,NA,"Sideswipe, Same Direction",Clear,NA,Daylight,NA,NONE DETECTED,Yes,No Apparent Injury,Improper Backing,Not Distracted,MD,Passenger Car,Backing,0,No,2013,CHEVROLET,MALIBU,39.20304317,-77.247127,2026,2,9
260006871,Property Damage Crash,02/14/2026 07:29:00 AM,MIDCOUNTY HWY (NB/L),NA,Angle,Clear,Dry,Daylight,Traffic Control Signal,NONE DETECTED,Yes,No Apparent Injury,Ran Red Light,Unknown,MD,Passenger Car,Moving Constant Speed,45,No,2013,KIA,SOUL,39.150836,-77.17445167,2026,2,7
260006871,Property Damage Crash,02/14/2026 07:29:00 AM,MIDCOUNTY HWY (NB/L),NA,Angle,Clear,Dry,Daylight,Traffic Control Signal,NONE DETECTED,No,No Apparent Injury,NA,Unknown,MD,Passenger Car,Moving Constant Speed,25,No,2015,HONDA,PILOT,39.150836,-77.17445167,2026,2,7
260006879,Property Damage Crash,02/14/2026 05:00:00 AM,KILDONAN DR,NA,"Sideswipe, Opposite Direction",Clear,NA,Dark,No Controls,NONE DETECTED,No,NA,NA,NA,NA,Passenger Car,NA,20,No,2022,HYUNDAI,KONA,39.17762267,-77.15284033,2026,2,5
260006864,Injury Crash,02/14/2026 03:38:00 AM,GEORGIA AVE,NA,Angle,Clear,Dry,Medium,No Controls,NONE DETECTED,Yes,Possible Minor Injury,"Failed to Keep in Proper Lane, Operated Motor Vehicle in Inattentive, Careless, Negligent, or Erratic Manner, Over-Correcting/Over-Steering, Too Fast For Conditions",Unknown,MD,Passenger Car,Moving Constant Speed,25,No,2019,MAZDA,CX-5,39.03678148,-77.05004051,2026,2,3
260006875,Property Damage Crash,02/14/2026 03:30:00 AM,NADINE DR,NA,Front to Front,Clear,Dry,Dark,No Controls,NONE DETECTED,No,NA,NA,NA,NA,Passenger Car,Parked,25,No,2016,HONDA,PILOT,39.09168345,-77.10169057,2026,2,3
260006875,Property Damage Crash,02/14/2026 03:30:00 AM,NADINE DR,NA,Front to Front,Clear,Dry,Dark,No Controls,NONE DETECTED,Yes,No Apparent Injury,Failed to Keep in Proper Lane,Not Distracted,MD,Passenger Car,Moving Constant Speed,25,No,2016,TOYOTA,SCION IA,39.09168345,-77.10169057,2026,2,3
260006861,Property Damage Crash,02/14/2026 02:48:00 AM,BRADLEY BLVD,NA,Single Vehicle,Clear,Ice/Frost,Medium,No Controls,NONE DETECTED,No,No Apparent Injury,NA,Not Distracted,MD,Passenger Car,Moving Constant Speed,35,No,2026,MERCEDES-BENZ,E-CLASS,39.005705,-77.14126733,2026,2,2
260006855,Property Damage Crash,02/13/2026 10:58:00 PM,NEW HAMPSHIRE AVE SERV RD,NA,"Sideswipe, Same Direction",Clear,Dry,Medium,No Controls,NONE DETECTED,Yes,No Apparent Injury,NA,Unknown,MD,Passenger Car,Entering Traffic Lane,25,No,2002,TOYOTA,TUNDRA,39.00912666,-76.97937109,2026,2,22
260006855,Property Damage Crash,02/13/2026 10:58:00 PM,NEW HAMPSHIRE AVE SERV RD,NA,"Sideswipe, Same Direction",Clear,Dry,Medium,No Controls,NONE DETECTED,No,No Apparent Injury,NA,Not Distracted,MD,Passenger Car,Moving Constant Speed,25,No,2013,SUBARU,FORESTER,39.00912666,-76.97937109,2026,2,22
260006853,Injury Crash,02/13/2026 10:50:00 PM,CHRISTOPHER AVE,NA,Rear To Side,Clear,Dry,Medium,Traffic Control Signal,ALCOHOL PRESENT,Yes,No Apparent Injury,"Operated Motor Vehicle in Inattentive, Careless, Negligent, or Erratic Manner, Operated Motor Vehicle in Reckless or Aggressive Manner, Ran Red Light",Unknown,MD,Passenger Car,Moving Constant Speed,35,No,2023,HONDA,CIVIC,39.15802489,-77.20457886,2026,2,22
260006853,Injury Crash,02/13/2026 10:50:00 PM,CHRISTOPHER AVE,NA,Rear To Side,Clear,Dry,Medium,Traffic Control Signal,NONE DETECTED,No,Suspected Serious Injury,NA,Not Distracted,MD,Passenger Car,Accelerating,30,No,2017,TOYOTA,CAMRY,39.15802489,-77.20457886,2026,2,22
260006849,Property Damage Crash,02/13/2026 10:10:00 PM,GRAND CHAMPION DR,NA,Unknown,Clear,Dry,Medium,No Controls,NONE DETECTED,No,NA,NA,NA,NA,Passenger Car,NA,10,No,2015,AUDI,A3,39.11518227,-77.17024503,2026,2,22
260006845,Injury Crash,02/13/2026 09:30:00 PM,SHADY GROVE RD (SB/L),NA,Front to Rear,Clear,Dry,Medium,Traffic Control Signal,NONE DETECTED,No,Possible Minor Injury,NA,Not Distracted,MD,Passenger Car,Slowing or Stopping,40,No,2000,CHEVROLET,SUBURBAN,39.12628345,-77.17392087,2026,2,21
260006845,Injury Crash,02/13/2026 09:30:00 PM,SHADY GROVE RD (SB/L),NA,Front to Rear,Clear,Dry,Medium,Traffic Control Signal,NONE DETECTED,No,No Apparent Injury,NA,Not Distracted,MD,Passenger Car,Slowing or Stopping,40,No,2013,NISSAN,ALTIMA,39.12628345,-77.17392087,2026,2,21
260006846,Injury Crash,02/13/2026 09:19:00 PM,HALPINE RD (EB/L),NA,Angle,Clear,Other,Medium,Stop Sign,NONE DETECTED,No,No Apparent Injury,NA,Not Distracted,MD,Passenger Car,Turning Left,35,No,2016,HONDA,CIVIC,39.06640693,-77.11474815,2026,2,21
260006846,Injury Crash,02/13/2026 09:19:00 PM,HALPINE RD (EB/L),NA,Angle,Clear,Other,Medium,No Controls,NONE DETECTED,No,No Apparent Injury,NA,Not Distracted,MD,Passenger Car,Moving Constant Speed,35,No,2012,NISSAN,ALTIMA,39.06640693,-77.11474815,2026,2,21
260006836,Property Damage Crash,02/13/2026 08:53:00 PM,NA,NA,Front to Rear,Clear,NA,Medium,NA,NONE DETECTED,Yes,No Apparent Injury,NA,Not Distracted,MD,Sport Utility Vehicle,Backing,0,No,2025,FORD,EXPLORER,39.05799309,-77.04867665,2026,2,20
260006839,Injury Crash,02/13/2026 08:49:00 PM,JONES BRIDGE RD,NA,Single Vehicle,Clear,Dry,Medium,Traffic Control Signal,NONE DETECTED,Yes,No Apparent Injury,Other Improper Action,Unknown,MD,Passenger Car,Accelerating,35,No,2025,FORD,MUSTANG,38.99978639,-77.07702117,2026,2,20
260006832,Property Damage Crash,02/13/2026 08:30:00 PM,FREDERICK RD,NA,Rear To Side,Clear,Dry,Medium,No Controls,NONE DETECTED,Yes,No Apparent Injury,Improper Backing,Not Distracted,PA,Sport Utility Vehicle,Backing,35,No,2025,FORD,EXPLORER,39.19840999,-77.24477904,2026,2,20
260006832,Property Damage Crash,02/13/2026 08:30:00 PM,FREDERICK RD,NA,Rear To Side,Clear,Dry,Medium,No Controls,NONE DETECTED,No,No Apparent Injury,NA,Not Distracted,MD,Sport Utility Vehicle,Stopped in Traffic,35,No,2025,HONDA,CR-V,39.19840999,-77.24477904,2026,2,20
260006827,Injury Crash,02/13/2026 07:53:00 PM,SHAKESPEARE BLVD,NA,Rear To Side,Clear,Dry,Medium,Traffic Control Signal,NONE DETECTED,No,Possible Minor Injury,NA,Not Distracted,MD,Passenger Car,Moving Constant Speed,45,No,2019,HONDA,ACCORD,39.19823428,-77.2449871,2026,2,19
260006827,Injury Crash,02/13/2026 07:53:00 PM,SHAKESPEARE BLVD,NA,Rear To Side,Clear,Dry,Medium,Traffic Control Signal,NONE DETECTED,Yes,No Apparent Injury,Improper Turn,Unknown,MD,Passenger Car,Turning Left,45,No,2008,TOYOTA,CAMRY,39.19823428,-77.2449871,2026,2,19
260006820,Injury Crash,02/13/2026 06:53:00 PM,GLENMONT CIR #1,NA,Angle,Cloudy,Dry,Medium,Traffic Control Signal,NONE DETECTED,Yes,No Apparent Injury,NA,Not Distracted,MD,Passenger Car,Moving Constant Speed,25,No,2014,BMW,328I,39.05901249,-77.0476875,2026,2,18
260006820,Injury Crash,02/13/2026 06:53:00 PM,GLENMONT CIR #1,NA,Angle,Cloudy,Dry,Medium,Traffic Control Signal,NONE DETECTED,No,Possible Minor Injury,NA,Not Distracted,MD,Sport Utility Vehicle,Moving Constant Speed,35,No,2017,LEXUS,RX,39.05901249,-77.0476875,2026,2,18
260006833,Property Damage Crash,02/13/2026 06:23:00 PM,LITTLE SENECA PKWY,NA,Angle,Clear,Dry,Medium,Stop Sign,NONE DETECTED,Yes,No Apparent Injury,NA,Not Distracted,MD,Sport Utility Vehicle,Entering Traffic Lane,25,No,2007,ACURA,MDX,39.231957800000004,-77.24696753,2026,2,18
260006833,Property Damage Crash,02/13/2026 06:23:00 PM,LITTLE SENECA PKWY,NA,Angle,Clear,Dry,Medium,No Controls,NONE DETECTED,No,No Apparent Injury,NA,Not Distracted,MD,Sport Utility Vehicle,Moving Constant Speed,30,No,2017,HONDA,HR-V,39.231957800000004,-77.24696753,2026,2,18
260006800,Property Damage Crash,02/13/2026 05:32:00 PM,SILVER SPRING AVE,NA,"Sideswipe, Opposite Direction",Clear,Wet,Medium,No Controls,NONE DETECTED,Yes,No Apparent Injury,NA,Not Distracted,MD,Bus - Transit,Negotiating a Curve,25,No,2022,GILLIG,CITY TRANSIT BUS,38.99238062,-77.01335936,2026,2,17
260006800,Property Damage Crash,02/13/2026 05:32:00 PM,SILVER SPRING AVE,NA,"Sideswipe, Opposite Direction",Clear,Wet,Medium,No Controls,NONE DETECTED,No,No Apparent Injury,NA,Not Distracted,MD,Passenger Car,Slowing or Stopping,25,No,2020,TOYOTA,RAV4,38.99238062,-77.01335936,2026,2,17
260006801,Property Damage Crash,02/13/2026 05:30:00 PM,SILVER SPRING AVE,NA,"Sideswipe, Opposite Direction",Clear,Snow,Medium,No Controls,NONE DETECTED,No,No Apparent Injury,NA,Not Distracted,MD,Passenger Car,Slowing or Stopping,25,No,2023,TOYOTA,CAMRY,38.99247733,-77.01324141,2026,2,17
260006801,Property Damage Crash,02/13/2026 05:30:00 PM,SILVER SPRING AVE,NA,"Sideswipe, Opposite Direction",Clear,Snow,Medium,No Controls,NONE DETECTED,Yes,No Apparent Injury,NA,Not Distracted,MD,Bus - Transit,Negotiating a Curve,25,No,2022,GILLIG,LOW FLOOR BUS,38.99247733,-77.01324141,2026,2,17
260006793,Property Damage Crash,02/13/2026 05:15:00 PM,WHITETHORN CT,NA,Angle,Clear,Wet,Daylight,No Controls,NONE DETECTED,No,No Apparent Injury,NA,Not Distracted,MD,Passenger Car,Moving Constant Speed,25,No,2017,GMC,ACADIA,39.06061319,-76.96313789,2026,2,17
260006793,Property Damage Crash,02/13/2026 05:15:00 PM,WHITETHORN CT,NA,Angle,Clear,Wet,Daylight,No Controls,NONE DETECTED,Yes,No Apparent Injury,NA,Not Distracted,MD,Passenger Car,Turning Left,25,No,2002,TOYOTA,COROLLA,39.06061319,-76.96313789,2026,2,17
260006789,Property Damage Crash,02/13/2026 05:00:00 PM,WESTLAKE DR,NA,"Sideswipe, Same Direction",Clear,Dry,Daylight,Traffic Control Signal,NONE DETECTED,Yes,No Apparent Injury,NA,Unknown,MD,Passenger Car,Changing Lanes,30,No,2025,FORD,BRONCO,39.02319676,-77.14991991,2026,2,17