Local Case Number,ACRS Report Type,Crash Date/Time,Road Name,Related Non-Motorist,Collision Type,Weather,Surface Condition,Light,Traffic Control,Driver Substance Abuse,Driver At Fault,Injury Severity,Circumstance,Driver Distracted By,Drivers License State,Vehicle Body Type,Vehicle Movement,Speed Limit,Driverless Vehicle,Vehicle Year,Vehicle Make,Vehicle Model,Latitude,Longitude,Year,Month,Hour
260006789,Property Damage Crash,02/13/2026 05:00:00 PM,WESTLAKE DR,NA,"Sideswipe, Same Direction",Clear,Dry,Daylight,Traffic Control Signal,NONE DETECTED,No,No Apparent Injury,NA,Not Distracted,MD,Passenger Car,Moving Constant Speed,30,No,2019,HONDA,CIVIC,39.02319676,-77.14991991,2026,2,17
260006787,Property Damage Crash,02/13/2026 04:55:00 PM,VEIRS MILL RD,NA,"Sideswipe, Same Direction",Clear,Dry,Daylight,No Controls,NONE DETECTED,No,NA,NA,NA,NA,NA,Turning Left,35,No,0,NA,NA,39.07995859,-77.1384531,2026,2,16
260006787,Property Damage Crash,02/13/2026 04:55:00 PM,VEIRS MILL RD,NA,"Sideswipe, Same Direction",Clear,Dry,Daylight,No Controls,NONE DETECTED,No,No Apparent Injury,NA,Not Distracted,NJ,Other,Stopped in Traffic,35,No,2024,FORD,E-350,39.07995859,-77.1384531,2026,2,16
260006794,Property Damage Crash,02/13/2026 04:45:00 PM,NA,NA,"Sideswipe, Same Direction",Clear,NA,Daylight,NA,NONE DETECTED,No,NA,NA,NA,NA,Passenger Car,Backing,0,No,2021,MERCEDES-BENZ,C-CLASS,39.09226013,-77.15235681,2026,2,16
260006780,Property Damage Crash,02/13/2026 03:57:00 PM,COLESVILLE RD (SB/L),NA,"Sideswipe, Same Direction",Clear,Dry,Daylight,No Controls,NONE DETECTED,No,No Apparent Injury,NA,Not Distracted,MD,Passenger Car,Moving Constant Speed,35,No,2023,TOYOTA,RAV4,39.02093058,-77.01225819,2026,2,15
260006780,Property Damage Crash,02/13/2026 03:57:00 PM,COLESVILLE RD (SB/L),NA,"Sideswipe, Same Direction",Clear,Dry,Daylight,No Controls,NONE DETECTED,No,NA,NA,NA,NA,Passenger Car,Moving Constant Speed,35,No,2015,TOYOTA,RAV4,39.02093058,-77.01225819,2026,2,15
260006745,Property Damage Crash,02/13/2026 01:50:00 PM,NA,NA,Front to Rear,Clear,Dry,Daylight,Traffic Control Signal,NONE DETECTED,No,No Apparent Injury,NA,Not Distracted,MD,Other Trucks,Stopped in Traffic,40,No,2019,CHEVROLET,EXPRESS,39.25908697,-77.2022954,2026,2,13
260006745,Property Damage Crash,02/13/2026 01:50:00 PM,NA,NA,Front to Rear,Clear,Dry,Daylight,Traffic Control Signal,NONE DETECTED,Yes,No Apparent Injury,Other Improper Action,"Other Action (looking away from task, etc.)",MD,Other Trucks,Moving Constant Speed,40,No,2020,CHEVROLET,EXPRESS,39.25908697,-77.2022954,2026,2,13
260006769,Injury Crash,02/13/2026 01:31:00 PM,MARINELLI RD,NA,Angle,Clear,Dry,Daylight,No Controls,NONE DETECTED,Yes,Possible Minor Injury,NA,Not Distracted,MD,Passenger Car,Moving Constant Speed,35,No,2016,TOYOTA,COROLLA,39.04759526,-77.10807906,2026,2,13
260006769,Injury Crash,02/13/2026 01:31:00 PM,MARINELLI RD,NA,Angle,Clear,Dry,Daylight,No Controls,NONE DETECTED,No,No Apparent Injury,NA,Not Distracted,MD,Sport Utility Vehicle,Stopped in Traffic,35,No,2025,HONDA,HR-V,39.04759526,-77.10807906,2026,2,13
260006769,Injury Crash,02/13/2026 01:31:00 PM,MARINELLI RD,NA,Angle,Clear,Dry,Daylight,No Controls,NONE DETECTED,No,No Apparent Injury,NA,Not Distracted,MD,Passenger Car,Stopped in Traffic,35,No,2022,TOYOTA,COROLLA,39.04759526,-77.10807906,2026,2,13
260006736,Injury Crash,02/13/2026 01:08:00 PM,S FREDERICK RD,Scooter (electric),Single Vehicle,Clear,Dry,Daylight,No Controls,NONE DETECTED,No,No Apparent Injury,NA,Not Distracted,MD,Passenger Car,Entering Traffic Lane,35,No,2016,HONDA,ODYSSEY,39.13940705,-77.19577155,2026,2,13
260006741,Property Damage Crash,02/13/2026 01:06:00 PM,NA,NA,Unknown,Clear,NA,Daylight,NA,NONE DETECTED,Yes,No Apparent Injury,"Improper Backing, Other Improper Action",Not Distracted,MD,Van - Passenger (&lt;9 Seats),Backing,0,No,2018,FORD,TRANSIT,39.04633618,-77.11317261,2026,2,13
260006729,Property Damage Crash,02/13/2026 12:18:00 PM,NA,NA,Single Vehicle,Clear,NA,Daylight,NA,NONE DETECTED,Yes,No Apparent Injury,NA,Not Distracted,MD,Passenger Car,Accelerating,0,No,2013,HONDA,CR-V,39.11478414,-77.17142536,2026,2,12
260006720,Injury Crash,02/13/2026 12:02:00 PM,CHESHIRE DR,NA,"Sideswipe, Same Direction",Clear,Dry,Daylight,Stop Sign,NONE DETECTED,No,Possible Minor Injury,NA,Not Distracted,MD,Passenger Car,Stopped in Traffic,25,No,2016,TOYOTA,COROLLA,39.02267605,-77.1229728,2026,2,12
260006720,Injury Crash,02/13/2026 12:02:00 PM,CHESHIRE DR,NA,"Sideswipe, Same Direction",Clear,Dry,Daylight,Stop Sign,NONE DETECTED,Yes,No Apparent Injury,Improper Turn,Not Distracted,MD,Other Trucks,Turning Right,25,No,2019,PETERBILT,567,39.02267605,-77.1229728,2026,2,12
260006718,Property Damage Crash,02/13/2026 11:52:00 AM,CONNECTICUT AVE,NA,"Sideswipe, Same Direction",Clear,Dry,Daylight,Traffic Control Signal,NONE DETECTED,Yes,No Apparent Injury,Failed to Keep in Proper Lane,Not Distracted,MD,Single-Unit Truck,Turning Left,35,No,2016,FREIGHTLINER,M2,39.0281807,-77.07639658,2026,2,11
260006718,Property Damage Crash,02/13/2026 11:52:00 AM,CONNECTICUT AVE,NA,"Sideswipe, Same Direction",Clear,Dry,Daylight,Traffic Control Signal,NONE DETECTED,No,No Apparent Injury,NA,Not Distracted,MD,Van - Passenger (&lt;9 Seats),Moving Constant Speed,35,No,2011,CHEVROLET,EXPRESS,39.0281807,-77.07639658,2026,2,11
260006716,Property Damage Crash,02/13/2026 11:41:00 AM,OLD GEORGETOWN RD,NA,Front to Rear,Clear,Dry,Daylight,Traffic Control Signal,NONE DETECTED,No,No Apparent Injury,NA,Not Distracted,MD,Passenger Car,Stopped in Traffic,35,No,2019,KIA,NIRO,39.04403207,-77.12076156,2026,2,11
260006716,Property Damage Crash,02/13/2026 11:41:00 AM,OLD GEORGETOWN RD,NA,Front to Rear,Clear,Dry,Daylight,Traffic Control Signal,NONE DETECTED,Yes,No Apparent Injury,"Followed Too Closely, Operated Motor Vehicle in Inattentive, Careless, Negligent, or Erratic Manner",Unknown,MD,Sport Utility Vehicle,Slowing or Stopping,35,No,2015,NISSAN,PATHFINDER,39.04403207,-77.12076156,2026,2,11
260006716,Property Damage Crash,02/13/2026 11:41:00 AM,OLD GEORGETOWN RD,NA,Front to Rear,Clear,Dry,Daylight,Traffic Control Signal,NONE DETECTED,No,No Apparent Injury,NA,Not Distracted,MD,Sport Utility Vehicle,Stopped in Traffic,35,No,2020,JEEP,GRAND CHEROKEE,39.04403207,-77.12076156,2026,2,11
260006694,Property Damage Crash,02/13/2026 09:30:00 AM,NICHOLSON CT,NA,Angle,Clear,Dry,Daylight,Traffic Control Signal,NONE DETECTED,Yes,No Apparent Injury,NA,Not Distracted,MD,Passenger Car,Moving Constant Speed,30,No,2011,TOYOTA,CAMRY,39.04538728,-77.10498544,2026,2,9
260006694,Property Damage Crash,02/13/2026 09:30:00 AM,NICHOLSON CT,NA,Angle,Clear,Dry,Daylight,Traffic Control Signal,NONE DETECTED,No,No Apparent Injury,NA,Not Distracted,MD,Sport Utility Vehicle,Moving Constant Speed,30,No,2018,NISSAN,ROGUE,39.04538728,-77.10498544,2026,2,9
260006682,Property Damage Crash,02/13/2026 08:56:00 AM,NA,NA,Angle,Clear,NA,Daylight,NA,NONE DETECTED,Yes,No Apparent Injury,Other Improper Action,Not Distracted,MD,Sport Utility Vehicle,Slowing or Stopping,0,No,2026,DODGE,DURANGO,39.04084998,-77.05184524,2026,2,8
260006687,Property Damage Crash,02/13/2026 08:47:00 AM,PINEY BRANCH RD,NA,"Sideswipe, Same Direction",Clear,Dry,Daylight,Traffic Control Signal,NONE DETECTED,No,No Apparent Injury,NA,Not Distracted,MD,Bus - Transit,Accelerating,35,No,2025,GILLIG,CITY TRANSIT BUS,38.99824056,-77.00360987,2026,2,8
260006687,Property Damage Crash,02/13/2026 08:47:00 AM,PINEY BRANCH RD,NA,"Sideswipe, Same Direction",Clear,Dry,Daylight,Traffic Control Signal,NONE DETECTED,Yes,No Apparent Injury,NA,Not Distracted,MD,Passenger Car,Overtaking/Passing,35,No,2023,HONDA,CIVIC,38.99824056,-77.00360987,2026,2,8
260006680,Property Damage Crash,02/13/2026 08:20:00 AM,FREDERICK RD,NA,Front to Rear,Clear,Dry,Daylight,Traffic Control Signal,NONE DETECTED,No,No Apparent Injury,NA,Not Distracted,MD,Bus - School,Stopped in Traffic,40,No,2024,FREIGHTLINER,B2 106 ELECTRIC CONVENTIONAL CHASSIS,39.22296684,-77.26047541,2026,2,8
260006680,Property Damage Crash,02/13/2026 08:20:00 AM,FREDERICK RD,NA,Front to Rear,Clear,Dry,Daylight,Traffic Control Signal,NONE DETECTED,Yes,No Apparent Injury,Followed Too Closely,Not Distracted,MD,Bus - School,Accelerating,40,No,2021,THOMAS BUILT,HDX,39.22296684,-77.26047541,2026,2,8
26000236,Property Damage Crash,02/13/2026 08:00:00 AM,NA,NA,Single Vehicle,Clear,NA,Daylight,NA,NONE DETECTED,No,No Apparent Injury,NA,Not Distracted,MD,Van - Cargo,Slowing or Stopping,0,No,2015,FREIGHTLINER,B2 BUS CHASSIS,39.04875681,-77.03072201,2026,2,8
260006676,Property Damage Crash,02/13/2026 05:46:00 AM,GEORGIA AVE (SB/L),NA,Single Vehicle,Clear,Dry,Dark,Traffic Control Signal,NONE DETECTED,No,No Apparent Injury,NA,Not Distracted,MD,Passenger Car,Moving Constant Speed,40,No,2022,FORD,EXPLORER,39.14319835,-77.06759788,2026,2,5
260006674,Property Damage Crash,02/13/2026 04:43:00 AM,W WATKINS MILL RD (SB/L),NA,Front to Rear,Clear,Dry,Medium,Flashing Traffic Control Signal,NONE DETECTED,Yes,No Apparent Injury,NA,Unknown,MD,Passenger Car,Slowing or Stopping,35,No,2024,NISSAN,VERSA,39.15638987,-77.22568608,2026,2,4
260006674,Property Damage Crash,02/13/2026 04:43:00 AM,W WATKINS MILL RD (SB/L),NA,Front to Rear,Clear,Dry,Medium,Flashing Traffic Control Signal,NONE DETECTED,No,No Apparent Injury,NA,Not Distracted,MD,Passenger Car,Stopped in Traffic,35,No,2025,TOYOTA,RAV4,39.15638987,-77.22568608,2026,2,4
260006681,Property Damage Crash,02/13/2026 03:31:00 AM,SUTHERLAND RD,NA,"Sideswipe, Same Direction",Clear,Dry,Medium,No Controls,ALCOHOL PRESENT,Yes,No Apparent Injury,Failed to Keep in Proper Lane,Not Distracted,MD,Passenger Car,Moving Constant Speed,25,No,2022,HONDA,ACCORD,39.0191291,-77.0151295,2026,2,3
26000670,Property Damage Crash,02/13/2026 12:42:00 AM,SNOUFFERS SCHOOL RD,NA,Single Vehicle,Clear,Dry,Dark,Flashing Traffic Control Signal,NONE DETECTED,Yes,No Apparent Injury,Ran Off Roadway,Unknown,MD,Passenger Car,Moving Constant Speed,40,No,2017,HONDA,CIVIC,39.17230133,-77.178563,2026,2,0
260006668,Injury Crash,02/13/2026 12:22:00 AM,UNIVERSITY BLVD E (WB/L),NA,Angle,Clear,Dry,Medium,Traffic Control Signal,NONE DETECTED,Yes,No Apparent Injury,NA,Not Distracted,MD,Van - Passenger (&lt;9 Seats),Turning Left,30,No,2012,MAZDA,MAZDA5,39.00623392,-76.99747076,2026,2,0
260006668,Injury Crash,02/13/2026 12:22:00 AM,UNIVERSITY BLVD E (WB/L),NA,Angle,Clear,Dry,Medium,Traffic Control Signal,NONE DETECTED,No,Possible Minor Injury,NA,Not Distracted,MD,Passenger Car,Moving Constant Speed,30,No,2024,TESLA,MODEL Y,39.00623392,-76.99747076,2026,2,0
260006663,Injury Crash,02/12/2026 10:19:00 PM,WASHINGTON GROVE LA,NA,Angle,Clear,Dry,Medium,Traffic Control Signal,NONE DETECTED,No,No Apparent Injury,NA,Not Distracted,MD,Passenger Car,Moving Constant Speed,35,No,2011,TOYOTA,CAMRY,39.14873633,-77.1676685,2026,2,22
260006663,Injury Crash,02/12/2026 10:19:00 PM,WASHINGTON GROVE LA,NA,Angle,Clear,Dry,Medium,Traffic Control Signal,NONE DETECTED,No,Possible Minor Injury,NA,Unknown,MD,Passenger Car,Turning Left,35,No,2011,TOYOTA,RAV4,39.14873633,-77.1676685,2026,2,22
260006655,Injury Crash,02/12/2026 08:11:00 PM,NA,NA,Front to Rear,Clear,Dry,Medium,No Controls,NONE DETECTED,Yes,Possible Minor Injury,NA,Unknown,MD,Sport Utility Vehicle,NA,30,No,2014,JEEP,WRANGLER,39.09056941,-77.0987167,2026,2,20
260006652,Property Damage Crash,02/12/2026 08:10:00 PM,WALKERS CHOICE RD,NA,Angle,Clear,Dry,Medium,No Controls,NONE DETECTED,Yes,No Apparent Injury,Failed to Yield Right-of-Way,Not Distracted,MD,Sport Utility Vehicle,Accelerating,25,No,2023,TOYOTA,RAV4,39.16533749,-77.20477541,2026,2,20
260006652,Property Damage Crash,02/12/2026 08:10:00 PM,WALKERS CHOICE RD,NA,Angle,Clear,Dry,Medium,No Controls,NONE DETECTED,No,No Apparent Injury,NA,Not Distracted,MD,Passenger Car,Moving Constant Speed,35,No,2020,TOYOTA,CAMRY,39.16533749,-77.20477541,2026,2,20
260006649,Injury Crash,02/12/2026 07:57:00 PM,SHAKESPEARE BLVD (WB/L),NA,Angle,Clear,Other,Medium,Traffic Control Signal,NONE DETECTED,No,Possible Minor Injury,Other Improper Action,Unknown,MD,Passenger Car,Moving Constant Speed,40,No,2025,JEEP,WRANGLER,39.19830144,-77.24478317,2026,2,19
260006649,Injury Crash,02/12/2026 07:57:00 PM,SHAKESPEARE BLVD (WB/L),NA,Angle,Clear,Other,Medium,Traffic Control Signal,NONE DETECTED,Yes,No Apparent Injury,Failed to Yield Right-of-Way,Unknown,MD,Passenger Car,Turning Left,40,No,2015,HONDA,ACCORD,39.19830144,-77.24478317,2026,2,19
260006635,Property Damage Crash,02/12/2026 06:00:00 PM,WOODLAND PHLOX ST,NA,"Sideswipe, Same Direction",Clear,Dry,Medium,No Controls,NONE DETECTED,Yes,No Apparent Injury,NA,Not Distracted,MD,Other,Moving Constant Speed,25,No,2014,RAM,PROMASTER 3500,39.06421255,-77.14849368,2026,2,18
260006633,Property Damage Crash,02/12/2026 05:40:00 PM,VEIRS MILL RD,NA,Angle,Clear,Dry,Dark,No Controls,NONE DETECTED,Yes,No Apparent Injury,NA,Not Distracted,MD,Bus - Transit,Changing Lanes,35,No,2020,GILLIG,CITY TRANSIT BUS,39.04046267,-77.05648567,2026,2,17
260006633,Property Damage Crash,02/12/2026 05:40:00 PM,VEIRS MILL RD,NA,Angle,Clear,Dry,Dark,No Controls,NONE DETECTED,No,No Apparent Injury,NA,Not Distracted,MD,Passenger Car,Moving Constant Speed,35,No,2011,MERCEDES-BENZ,C-CLASS,39.04046267,-77.05648567,2026,2,17
260006624,Injury Crash,02/12/2026 05:02:00 PM,MERWOOD LA,NA,Other,Clear,Dry,Daylight,No Controls,NONE DETECTED,No,Possible Minor Injury,NA,Not Distracted,MD,Sport Utility Vehicle,Moving Constant Speed,25,No,2025,TESLA,MODEL Y,39.01262938,-77.00186339,2026,2,17
260006624,Injury Crash,02/12/2026 05:02:00 PM,MERWOOD LA,NA,Other,Clear,Dry,Daylight,No Controls,NONE DETECTED,Yes,No Apparent Injury,NA,Not Distracted,MD,Sport Utility Vehicle,Turning Left,25,No,2016,JEEP,WRANGLER,39.01262938,-77.00186339,2026,2,17
260006623,Property Damage Crash,02/12/2026 04:51:00 PM,CONNECTICUT AVE,NA,Front to Rear,Clear,Dry,Daylight,Traffic Control Signal,NONE DETECTED,No,No Apparent Injury,NA,Not Distracted,MD,Sport Utility Vehicle,Slowing or Stopping,35,No,2021,LEXUS,RX,39.09171408,-77.07030144,2026,2,16
260006623,Property Damage Crash,02/12/2026 04:51:00 PM,CONNECTICUT AVE,NA,Front to Rear,Clear,Dry,Daylight,Traffic Control Signal,NONE DETECTED,Yes,No Apparent Injury,NA,Unknown,MD,Passenger Car,Moving Constant Speed,35,No,2017,TOYOTA,CAMRY,39.09171408,-77.07030144,2026,2,16
260006614,Property Damage Crash,02/12/2026 04:07:00 PM,CHANDLEE MILL RD,NA,"Sideswipe, Same Direction",Clear,Dry,Daylight,No Controls,NONE DETECTED,No,NA,NA,NA,NA,NA,Overtaking/Passing,15,No,0,NA,NA,39.17591916,-77.03288583,2026,2,16
260006614,Property Damage Crash,02/12/2026 04:07:00 PM,CHANDLEE MILL RD,NA,"Sideswipe, Same Direction",Clear,Dry,Daylight,Flashing Traffic Control Signal,NONE DETECTED,No,No Apparent Injury,NA,Not Distracted,MD,Bus - School,Stopped in Traffic,0,No,2020,THOMAS BUILT,HDX,39.17591916,-77.03288583,2026,2,16
260006597,Injury Crash,02/12/2026 03:01:00 PM,MIDDLEBROOK RD,NA,Angle,Clear,Dry,Daylight,Traffic Control Signal,NONE DETECTED,No,Possible Minor Injury,NA,Not Distracted,MD,Passenger Car,Moving Constant Speed,40,No,2019,HONDA,ODYSSEY,39.18380267,-77.27361033,2026,2,15
260006597,Injury Crash,02/12/2026 03:01:00 PM,MIDDLEBROOK RD,NA,Angle,Clear,Dry,Daylight,Traffic Control Signal,NONE DETECTED,Yes,Possible Minor Injury,NA,Not Distracted,MD,Passenger Car,Turning Left,40,No,2013,ACURA,MDX,39.18380267,-77.27361033,2026,2,15
260006593,Injury Crash,02/12/2026 02:42:00 PM,RAYBURN RD,NA,Angle,Clear,Dry,Daylight,No Controls,NONE DETECTED,No,Possible Minor Injury,NA,Unknown,MD,Sport Utility Vehicle,Moving Constant Speed,30,No,2021,TOYOTA,HIGHLANDER,38.99316945,-77.12053052,2026,2,14
260006593,Injury Crash,02/12/2026 02:42:00 PM,RAYBURN RD,NA,Angle,Clear,Dry,Daylight,Stop Sign,NONE DETECTED,No,Possible Minor Injury,NA,Unknown,MS,Sport Utility Vehicle,Accelerating,20,No,2023,KIA,SORENTO,38.99316945,-77.12053052,2026,2,14
260006600,Property Damage Crash,02/12/2026 02:35:00 PM,SEVEN LOCKS RD,NA,"Sideswipe, Same Direction",Clear,Dry,Daylight,No Controls,NONE DETECTED,No,NA,NA,NA,NA,NA,Moving Constant Speed,35,No,0,NA,NA,39.04716626,-77.16165684,2026,2,14
260006600,Property Damage Crash,02/12/2026 02:35:00 PM,SEVEN LOCKS RD,NA,"Sideswipe, Same Direction",Clear,Dry,Daylight,No Controls,NONE DETECTED,No,No Apparent Injury,NA,Not Distracted,MD,Bus - School,Parked,35,No,2024,IC BUS,PB105,39.04716626,-77.16165684,2026,2,14
260006588,Property Damage Crash,02/12/2026 02:01:00 PM,E GUDE DR,NA,"Sideswipe, Same Direction",Clear,Dry,Daylight,No Controls,NONE DETECTED,Yes,No Apparent Injury,NA,Not Distracted,MD,Single-Unit Truck,Changing Lanes,30,No,2018,MACK,GU (GRANITE),39.09353187,-77.1320999,2026,2,14
260006588,Property Damage Crash,02/12/2026 02:01:00 PM,E GUDE DR,NA,"Sideswipe, Same Direction",Clear,Dry,Daylight,No Controls,NONE DETECTED,No,No Apparent Injury,NA,Not Distracted,MD,Passenger Car,Moving Constant Speed,30,No,2017,HONDA,CIVIC,39.09353187,-77.1320999,2026,2,14
260006570,Injury Crash,02/12/2026 12:43:00 PM,FIRSTFIELD RD,NA,Angle,Clear,Ice/Frost,Daylight,Stop Sign,NONE DETECTED,No,No Apparent Injury,NA,Not Distracted,VA,Passenger Car,Moving Constant Speed,30,No,2005,DODGE,CARAVAN/GRAND CARAVAN,39.14181125,-77.22431347,2026,2,12
260006570,Injury Crash,02/12/2026 12:43:00 PM,FIRSTFIELD RD,NA,Angle,Clear,Ice/Frost,Daylight,Stop Sign,NONE DETECTED,Yes,Possible Minor Injury,NA,Not Distracted,MD,Passenger Car,Turning Left,30,No,2023,TOYOTA,CROWN,39.14181125,-77.22431347,2026,2,12
260006558,Injury Crash,02/12/2026 10:40:00 AM,NA,NA,"Sideswipe, Same Direction",Clear,Dry,Daylight,No Controls,NONE DETECTED,No,No Apparent Injury,Failed to Yield Right-of-Way,Not Distracted,MD,Passenger Car,Entering Traffic Lane,35,No,2019,SUBARU,FORESTER,39.15357792,-77.21069972,2026,2,10
260006558,Injury Crash,02/12/2026 10:40:00 AM,NA,NA,"Sideswipe, Same Direction",Clear,Dry,Daylight,No Controls,NONE DETECTED,No,Possible Minor Injury,NA,Not Distracted,MD,Passenger Car,Moving Constant Speed,35,No,2004,TOYOTA,CAMRY,39.15357792,-77.21069972,2026,2,10
260006560,Property Damage Crash,02/12/2026 10:35:00 AM,ROCKVILLE PIKE,NA,"Sideswipe, Same Direction",Clear,Dry,Daylight,No Controls,NONE DETECTED,No,NA,NA,NA,NA,Sport Utility Vehicle,Changing Lanes,35,No,2014,TOYOTA,RAV4,39.05311462,-77.11658858,2026,2,10
260006560,Property Damage Crash,02/12/2026 10:35:00 AM,ROCKVILLE PIKE,NA,"Sideswipe, Same Direction",Clear,Dry,Daylight,No Controls,NONE DETECTED,No,No Apparent Injury,NA,Not Distracted,MD,Sport Utility Vehicle,Moving Constant Speed,35,No,2020,MITSUBISHI,OUTLANDER SPORT,39.05311462,-77.11658858,2026,2,10
260006559,Property Damage Crash,02/12/2026 10:32:00 AM,WATKINS POND BLVD,NA,Single Vehicle,Clear,Dry,Daylight,Stop Sign,NONE DETECTED,Yes,No Apparent Injury,NA,Talking/listening,MD,Van - Passenger (&lt;9 Seats),Moving Constant Speed,25,No,2014,HONDA,ODYSSEY,39.1119259,-77.16342447,2026,2,10
260006554,Property Damage Crash,02/12/2026 10:00:00 AM,NA,NA,"Sideswipe, Same Direction",Clear,Dry,Daylight,Stop Sign,NONE DETECTED,Yes,No Apparent Injury,Improper Turn,Not Distracted,MD,Passenger Car,Turning Left,0,No,2015,HYUNDAI,ELANTRA,39.061785,-77.066735,2026,2,10
260006554,Property Damage Crash,02/12/2026 10:00:00 AM,NA,NA,"Sideswipe, Same Direction",Clear,Dry,Daylight,No Controls,NONE DETECTED,No,No Apparent Injury,NA,Not Distracted,MD,Bus - School,Parked,0,No,2019,THOMAS BUILT,HDX,39.061785,-77.066735,2026,2,10
260006546,Property Damage Crash,02/12/2026 08:40:00 AM,PERRY AVE,NA,"Sideswipe, Same Direction",Cloudy,Dry,Daylight,Pedestrian Crossing Sign,NONE DETECTED,Yes,No Apparent Injury,"Failed to Keep in Proper Lane, Improper Turn",Not Distracted,MD,Bus - School,Turning Left,30,No,2019,THOMAS BUILT,HDX,39.03298,-77.07342567,2026,2,8
260006546,Property Damage Crash,02/12/2026 08:40:00 AM,PERRY AVE,NA,"Sideswipe, Same Direction",Cloudy,Dry,Daylight,Pedestrian Crossing Sign,NONE DETECTED,No,No Apparent Injury,NA,Not Distracted,MD,Passenger Car,Moving Constant Speed,30,No,2020,VOLKSWAGEN,JETTA,39.03298,-77.07342567,2026,2,8
260006540,Property Damage Crash,02/12/2026 08:22:00 AM,SCHINDLER DR,NA,Angle,Cloudy,Dry,Daylight,Stop Sign,NONE DETECTED,No,No Apparent Injury,NA,Not Distracted,MD,Passenger Car,Accelerating,25,No,2007,HONDA,CIVIC,39.03281864,-76.987065,2026,2,8
260006540,Property Damage Crash,02/12/2026 08:22:00 AM,SCHINDLER DR,NA,Angle,Cloudy,Dry,Daylight,No Controls,NONE DETECTED,No,No Apparent Injury,NA,Not Distracted,MD,Van - Passenger (&lt;9 Seats),Moving Constant Speed,25,No,2004,TOYOTA,SIENNA,39.03281864,-76.987065,2026,2,8
260006536,Property Damage Crash,02/12/2026 07:13:00 AM,EAST WEST HWY,NA,Angle,Cloudy,Wet,Daylight,No Controls,NONE DETECTED,Yes,No Apparent Injury,NA,Not Distracted,DC,Passenger Car,Changing Lanes,30,No,2020,KIA,NIRO,38.98801189,-77.07652017,2026,2,7
260006536,Property Damage Crash,02/12/2026 07:13:00 AM,EAST WEST HWY,NA,Angle,Cloudy,Wet,Daylight,No Controls,NONE DETECTED,No,No Apparent Injury,NA,Not Distracted,MD,Bus - Transit,Stopped in Traffic,30,No,2023,NEW FLYER,XCELSIOR,38.98801189,-77.07652017,2026,2,7
260006536,Property Damage Crash,02/12/2026 07:13:00 AM,EAST WEST HWY,NA,Angle,Cloudy,Wet,Daylight,No Controls,NONE DETECTED,Yes,No Apparent Injury,NA,Not Distracted,PA,Passenger Car,Accelerating,30,No,2022,RAM,2500,38.98801189,-77.07652017,2026,2,7
260006533,Injury Crash,02/12/2026 07:00:00 AM,VALLEY BROOK DR,NA,Angle,Clear,Dry,Daylight,Traffic Control Signal,NONE DETECTED,No,Possible Minor Injury,NA,Not Distracted,MD,Passenger Car,Entering Traffic Lane,35,No,2010,SUBARU,OUTBACK,39.05864502,-76.99756214,2026,2,7
260006533,Injury Crash,02/12/2026 07:00:00 AM,VALLEY BROOK DR,NA,Angle,Clear,Dry,Daylight,Traffic Control Signal,NONE DETECTED,No,Suspected Serious Injury,NA,Not Distracted,MD,Passenger Car,Moving Constant Speed,40,No,2023,CADILLAC,XT6,39.05864502,-76.99756214,2026,2,7
260006535,Property Damage Crash,02/12/2026 06:30:00 AM,NA,NA,Unknown,Clear,Dry,Daylight,Traffic Control Signal,NONE DETECTED,No,NA,NA,NA,NA,NA,Moving Constant Speed,40,No,0,NA,NA,39.13222131,-77.18898685,2026,2,6
260006535,Property Damage Crash,02/12/2026 06:30:00 AM,NA,NA,Unknown,Clear,Dry,Daylight,Traffic Control Signal,NONE DETECTED,No,No Apparent Injury,NA,Not Distracted,MD,Van - Passenger (&lt;9 Seats),Moving Constant Speed,40,No,2017,FORD,TRANSIT,39.13222131,-77.18898685,2026,2,6