Local Case Number,ACRS Report Type,Crash Date/Time,Road Name,Related Non-Motorist,Collision Type,Weather,Surface Condition,Light,Traffic Control,Driver Substance Abuse,Driver At Fault,Injury Severity,Circumstance,Driver Distracted By,Drivers License State,Vehicle Body Type,Vehicle Movement,Speed Limit,Driverless Vehicle,Vehicle Year,Vehicle Make,Vehicle Model,Latitude,Longitude,Year,Month,Hour
260006262,Property Damage Crash,02/10/2026 04:01:00 PM,RAMP 5 FR RAMP 8 TO DEMOCRACY BLVD EB,NA,Angle,Clear,Dry,Daylight,Traffic Control Signal,NONE DETECTED,No,No Apparent Injury,NA,Not Distracted,MD,Passenger Car,Moving Constant Speed,35,No,2026,KIA,SPORTAGE,39.02182967,-77.14451517,2026,2,16
260006262,Property Damage Crash,02/10/2026 04:01:00 PM,RAMP 5 FR RAMP 8 TO DEMOCRACY BLVD EB,NA,Angle,Clear,Dry,Daylight,Traffic Control Signal,NONE DETECTED,No,No Apparent Injury,NA,Not Distracted,MD,Passenger Car,Moving Constant Speed,25,No,2024,KIA,SOUL,39.02182967,-77.14451517,2026,2,16
260006256,Property Damage Crash,02/10/2026 03:56:00 PM,PREDELLA DR,NA,Front to Rear,Clear,Dry,Daylight,No Controls,NONE DETECTED,Yes,No Apparent Injury,NA,Not Distracted,MD,Passenger Car,Backing,30,No,2025,DODGE,DURANGO,39.02836678,-77.04726665,2026,2,15
260006256,Property Damage Crash,02/10/2026 03:56:00 PM,PREDELLA DR,NA,Front to Rear,Clear,Dry,Daylight,No Controls,NONE DETECTED,No,No Apparent Injury,NA,Not Distracted,MD,Passenger Car,Entering Traffic Lane,30,No,2024,HYUNDAI,SANTA FE,39.02836678,-77.04726665,2026,2,15
260010515,Property Damage Crash,02/10/2026 03:20:00 PM,NELSON ST,NA,Single Vehicle,Clear,Ice/Frost,Daylight,No Controls,NONE DETECTED,Yes,No Apparent Injury,Improper Backing,Not Distracted,MD,Sport Utility Vehicle,Backing,25,No,2025,FORD,EXPLORER,39.0869175,-77.17112161,2026,2,15
260006243,Injury Crash,02/10/2026 03:20:00 PM,CLOPPER RD,NA,Front to Front,Clear,Dry,Daylight,Traffic Control Signal,NONE DETECTED,No,Possible Minor Injury,NA,Not Distracted,MD,Passenger Car,Moving Constant Speed,45,No,2015,TOYOTA,SIENNA,39.1541925,-77.2549075,2026,2,15
260006243,Injury Crash,02/10/2026 03:20:00 PM,CLOPPER RD,NA,Front to Front,Clear,Dry,Daylight,Traffic Control Signal,NONE DETECTED,Yes,No Apparent Injury,NA,Not Distracted,MD,Passenger Car,Changing Lanes,45,No,2002,CHEVROLET,TAHOE,39.1541925,-77.2549075,2026,2,15
260006243,Injury Crash,02/10/2026 03:20:00 PM,CLOPPER RD,NA,Front to Front,Clear,Dry,Daylight,Traffic Control Signal,NONE DETECTED,No,No Apparent Injury,NA,Not Distracted,MD,Passenger Car,Moving Constant Speed,45,No,2023,CHEVROLET,EXPRESS,39.1541925,-77.2549075,2026,2,15
250006255,Property Damage Crash,02/10/2026 03:18:00 PM,NA,NA,Single Vehicle,Clear,NA,Daylight,NA,NONE DETECTED,Yes,No Apparent Injury,"Failed to Keep in Proper Lane, Over-Correcting/Over-Steering",Unknown,MD,Passenger Car,Moving Constant Speed,0,No,2023,NISSAN,ROGUE,39.12094866,-77.17867016,2026,2,15
260006245,Injury Crash,02/10/2026 03:14:00 PM,PARKER AVE,Pedestrian,Single Vehicle,Cloudy,Wet,Daylight,No Controls,NONE DETECTED,No,No Apparent Injury,NA,Not Distracted,MD,Sport Utility Vehicle,Moving Constant Speed,35,No,2025,KIA,NIRO,39.04953835,-77.05194984,2026,2,15
260006250,Property Damage Crash,02/10/2026 03:11:00 PM,STRATHMORE AVE,NA,Angle,Clear,Dry,Daylight,School Zone Sign,NONE DETECTED,No,No Apparent Injury,NA,Not Distracted,MD,Sport Utility Vehicle,Moving Constant Speed,35,No,2022,TOYOTA,COROLLA CROSS,39.03457669,-77.10154168,2026,2,15
260006250,Property Damage Crash,02/10/2026 03:11:00 PM,STRATHMORE AVE,NA,Angle,Clear,Dry,Daylight,Stop Sign,NONE DETECTED,Yes,No Apparent Injury,"Failed to Yield Right-of-Way, Improper Turn, Operated Motor Vehicle in Inattentive, Careless, Negligent, or Erratic Manner, Ran Stop Sign",Unknown,MD,Passenger Car,Turning Left,25,No,2025,MAZDA,CX-5,39.03457669,-77.10154168,2026,2,15
260006246,Property Damage Crash,02/10/2026 03:06:00 PM,SAUL RD,NA,Single Vehicle,Clear,Wet,Daylight,No Controls,NONE DETECTED,No,No Apparent Injury,NA,Not Distracted,MD,Bus - School,Turning Right,35,No,2023,FREIGHTLINER,B2 106 ELECTRIC CONVENTIONAL CHASSIS,39.01544873,-77.07868173,2026,2,15
260006239,Property Damage Crash,02/10/2026 02:42:00 PM,NA,NA,"Sideswipe, Opposite Direction",Cloudy,NA,Daylight,NA,NONE DETECTED,Yes,No Apparent Injury,NA,Not Distracted,MD,Bus - School,Overtaking/Passing,0,No,2026,FREIGHTLINER,B2 BUS CHASSIS,39.03963102,-77.06789137,2026,2,14
260006239,Property Damage Crash,02/10/2026 02:42:00 PM,NA,NA,"Sideswipe, Opposite Direction",Cloudy,NA,Daylight,NA,NONE DETECTED,Yes,No Apparent Injury,NA,Not Distracted,MD,Bus - School,Overtaking/Passing,0,No,2015,FREIGHTLINER,B2 BUS CHASSIS,39.03963102,-77.06789137,2026,2,14
260006241,Injury Crash,02/10/2026 02:11:00 PM,METRORAIL TRACK B2 RAIL,NA,Other,Clear,Wet,Daylight,No Controls,NONE DETECTED,Yes,Possible Minor Injury,NA,Not Distracted,MD,Passenger Car,Turning Left,30,No,2011,HONDA,FIT,39.02836867,-77.04721383,2026,2,14
260006241,Injury Crash,02/10/2026 02:11:00 PM,METRORAIL TRACK B2 RAIL,NA,Other,Clear,Wet,Daylight,No Controls,NONE DETECTED,No,Possible Minor Injury,NA,Not Distracted,MD,Passenger Car,Moving Constant Speed,30,No,2014,HONDA,ACCORD,39.02836867,-77.04721383,2026,2,14
260006231,Injury Crash,02/10/2026 02:00:00 PM,NA,NA,Angle,Clear,Wet,Daylight,Traffic Control Signal,NONE DETECTED,No,Possible Minor Injury,NA,Not Distracted,MD,Passenger Car,Moving Constant Speed,40,No,2021,LEXUS,NX,39.11528029,-77.21574936,2026,2,14
260006234,Property Damage Crash,02/10/2026 02:00:00 PM,RIDGE DR,NA,"Sideswipe, Same Direction",Clear,Dry,Daylight,No Controls,NONE DETECTED,Yes,No Apparent Injury,NA,Not Distracted,VA,Single-Unit Truck,Moving Constant Speed,25,No,2020,INTERNATIONAL,MA025,38.94262811,-77.12168277,2026,2,14
260006231,Injury Crash,02/10/2026 02:00:00 PM,NA,NA,Angle,Clear,Wet,Daylight,Traffic Control Signal,NONE DETECTED,Yes,Possible Minor Injury,NA,Unknown,MD,Passenger Car,Turning Left,40,No,2008,HONDA,CIVIC,39.11528029,-77.21574936,2026,2,14
260006413,Property Damage Crash,02/10/2026 02:00:00 PM,NA,NA,Angle,Clear,NA,Daylight,NA,NONE DETECTED,Yes,No Apparent Injury,"Failed to Keep in Proper Lane, Improper Backing",Unknown,MD,Passenger Car,Backing,0,No,2018,HONDA,ACCORD,39.09146419,-77.17672165,2026,2,14
260006223,Injury Crash,02/10/2026 01:42:00 PM,CONNECTICUT AVE,NA,Single Vehicle,Cloudy,Dry,Daylight,Traffic Control Signal,NONE DETECTED,Yes,Possible Minor Injury,Ran Off Roadway,Not Distracted,MD,Sport Utility Vehicle,Turning Left,30,No,2021,MAZDA,CX-5,39.08375176,-77.07758153,2026,2,13
260006224,Property Damage Crash,02/10/2026 01:40:00 PM,ROCKVILLE PIKE (SB/L),NA,Front to Rear,Clear,Dry,Daylight,Traffic Control Signal,NONE DETECTED,Yes,No Apparent Injury,Other Improper Action,Unknown,MD,Passenger Car,NA,35,No,2013,VOLKSWAGEN,JETTA,39.0560573,-77.1191437,2026,2,13
260006224,Property Damage Crash,02/10/2026 01:40:00 PM,ROCKVILLE PIKE (SB/L),NA,Front to Rear,Clear,Dry,Daylight,Traffic Control Signal,NONE DETECTED,No,No Apparent Injury,NA,Not Distracted,VA,Other Trucks,Slowing or Stopping,35,No,2005,MERCEDES-BENZ,SPRINTER,39.0560573,-77.1191437,2026,2,13
260006225,Property Damage Crash,02/10/2026 01:23:00 PM,16TH ST (SB/L),NA,Front to Rear,Clear,Wet,Daylight,Traffic Control Signal,NONE DETECTED,No,No Apparent Injury,NA,Not Distracted,MD,Passenger Car,Stopped in Traffic,35,No,2018,HYUNDAI,TUCSON,39.00333574,-77.040237,2026,2,13
260006225,Property Damage Crash,02/10/2026 01:23:00 PM,16TH ST (SB/L),NA,Front to Rear,Clear,Wet,Daylight,Traffic Control Signal,NONE DETECTED,No,No Apparent Injury,Followed Too Closely,"Other Action (looking away from task, etc.)",PA,Passenger Car,Moving Constant Speed,35,No,2007,MAZDA,MAZDA6,39.00333574,-77.040237,2026,2,13
260006232,Property Damage Crash,02/10/2026 01:20:00 PM,NA,NA,"Sideswipe, Same Direction",Clear,Dry,Daylight,Traffic Control Signal,NONE DETECTED,No,NA,NA,NA,NA,Passenger Car,Turning Right,35,No,2005,JEEP,GRAND CHEROKEE,39.03881791,-77.07556178,2026,2,13
260006232,Property Damage Crash,02/10/2026 01:20:00 PM,NA,NA,"Sideswipe, Same Direction",Clear,Dry,Daylight,No Controls,NONE DETECTED,No,No Apparent Injury,NA,Not Distracted,MD,Passenger Car,Turning Right,35,No,2019,NISSAN,SENTRA,39.03881791,-77.07556178,2026,2,13
260006197,Property Damage Crash,02/10/2026 01:10:00 PM,OBSERVATION DR (SB/L),NA,Angle,Clear,Dry,Daylight,No Controls,NONE DETECTED,No,No Apparent Injury,NA,Not Distracted,MD,Pickup,Moving Constant Speed,35,No,1996,DODGE,DAKOTA,39.20371261,-77.25765016,2026,2,13
260006197,Property Damage Crash,02/10/2026 01:10:00 PM,OBSERVATION DR (SB/L),NA,Angle,Clear,Dry,Daylight,No Controls,NONE DETECTED,Yes,No Apparent Injury,"Failed to Yield Right-of-Way, Improper Turn",Not Distracted,MD,Van - Passenger (&lt;9 Seats),Turning Left,35,No,2018,CHEVROLET,EXPRESS,39.20371261,-77.25765016,2026,2,13
260006199,Injury Crash,02/10/2026 01:04:00 PM,NA,Pedestrian,Single Vehicle,Cloudy,Dry,Daylight,Pedestrian Crossing Sign,NONE DETECTED,Yes,No Apparent Injury,NA,Not Distracted,MD,Sport Utility Vehicle,Turning Left,25,No,2021,GMC,YUKON XL,38.95817152,-77.10968823,2026,2,13
26000220,Property Damage Crash,02/10/2026 12:51:00 PM,NA,NA,Single Vehicle,Clear,NA,Daylight,NA,NONE DETECTED,No,No Apparent Injury,NA,Unknown,MD,Pickup,Turning Right,0,No,2019,FORD,F-450,39.09239562,-77.04670321,2026,2,12
260006180,Property Damage Crash,02/10/2026 12:20:00 PM,NA,NA,Rear To Rear,Cloudy,NA,Daylight,NA,NONE DETECTED,No,No Apparent Injury,NA,Not Distracted,MD,Passenger Car,Parked,0,No,2019,HONDA,ACCORD,39.04095323,-77.05089981,2026,2,12
260006180,Property Damage Crash,02/10/2026 12:20:00 PM,NA,NA,Rear To Rear,Cloudy,NA,Daylight,NA,NONE DETECTED,No,No Apparent Injury,NA,NA,NA,Passenger Car,Backing,0,No,2012,TOYOTA,PRIUS,39.04095323,-77.05089981,2026,2,12
260006171,Property Damage Crash,02/10/2026 12:18:00 PM,HATHAWAY DR,NA,Single Vehicle,Clear,Dry,Daylight,No Controls,NONE DETECTED,No,No Apparent Injury,NA,Not Distracted,MD,Passenger Car,Moving Constant Speed,10,No,2024,DODGE,DURANGO,39.07360678,-77.0536973,2026,2,12
260006175,Injury Crash,02/10/2026 12:12:00 PM,BLOOMFIELD RD,NA,Angle,Clear,Dry,Daylight,No Controls,NONE DETECTED,No,Possible Minor Injury,NA,Not Distracted,MD,Sport Utility Vehicle,Moving Constant Speed,25,No,2018,GMC,TERRAIN,39.16894517,-77.07758133,2026,2,12
260006175,Injury Crash,02/10/2026 12:12:00 PM,BLOOMFIELD RD,NA,Angle,Clear,Dry,Daylight,Stop Sign,NONE DETECTED,Yes,Possible Minor Injury,Failed to Yield Right-of-Way,Not Distracted,MD,Passenger Car,Slowing or Stopping,25,No,2016,HONDA,ACCORD,39.16894517,-77.07758133,2026,2,12
260006174,Injury Crash,02/10/2026 11:30:00 AM,HATHAWAY DR (SB/L),NA,Angle,Clear,Dry,Daylight,Stop Sign,NONE DETECTED,No,Suspected Serious Injury,NA,Not Distracted,MD,Passenger Car,Moving Constant Speed,25,No,2017,HONDA,CR-V,39.06556284,-77.06301579,2026,2,11
260006174,Injury Crash,02/10/2026 11:30:00 AM,HATHAWAY DR (SB/L),NA,Angle,Clear,Dry,Daylight,Stop Sign,NONE DETECTED,No,NA,NA,NA,NA,Passenger Car,Moving Constant Speed,25,No,2011,HONDA,CR-V,39.06556284,-77.06301579,2026,2,11
260006161,Injury Crash,02/10/2026 11:24:00 AM,EMORY LA,NA,"Sideswipe, Opposite Direction",Cloudy,Dry,Daylight,No Controls,NONE DETECTED,Yes,Possible Minor Injury,"Failed to Keep in Proper Lane, Wrong Side",Unknown,MD,Passenger Car,Moving Constant Speed,35,No,2025,NISSAN,SENTRA,39.12671138,-77.07524674,2026,2,11
260006161,Injury Crash,02/10/2026 11:24:00 AM,EMORY LA,NA,"Sideswipe, Opposite Direction",Cloudy,Dry,Daylight,No Controls,NONE DETECTED,No,Possible Minor Injury,NA,Not Distracted,MD,Passenger Car,Moving Constant Speed,35,No,2022,BMW,X7,39.12671138,-77.07524674,2026,2,11
260006149,Property Damage Crash,02/10/2026 10:54:00 AM,NA,NA,Angle,Clear,Dry,Daylight,Traffic Control Signal,NONE DETECTED,No,No Apparent Injury,NA,Not Distracted,MD,Sport Utility Vehicle,Turning Left,40,No,2025,KIA,CARNIVAL,39.03377542,-77.00226496,2026,2,10
260006149,Property Damage Crash,02/10/2026 10:54:00 AM,NA,NA,Angle,Clear,Dry,Daylight,Traffic Control Signal,NONE DETECTED,No,No Apparent Injury,NA,Not Distracted,MD,Passenger Car,Turning Left,40,No,2014,NISSAN,VERSA NOTE,39.03377542,-77.00226496,2026,2,10
260006149,Property Damage Crash,02/10/2026 10:54:00 AM,NA,NA,Angle,Clear,Dry,Daylight,Traffic Control Signal,NONE DETECTED,Yes,No Apparent Injury,NA,Unknown,DC,Sport Utility Vehicle,Accelerating,40,No,2021,VOLKSWAGEN,ID.4,39.03377542,-77.00226496,2026,2,10
260006150,Property Damage Crash,02/10/2026 10:45:00 AM,OLD REDLAND RD,NA,"Sideswipe, Same Direction",Clear,Ice/Frost,Daylight,No Controls,NONE DETECTED,Yes,No Apparent Injury,NA,Not Distracted,MD,Van - Passenger (&lt;9 Seats),Overtaking/Passing,15,No,2010,HONDA,ODYSSEY,39.1225995,-77.15684,2026,2,10
260006150,Property Damage Crash,02/10/2026 10:45:00 AM,OLD REDLAND RD,NA,"Sideswipe, Same Direction",Clear,Ice/Frost,Daylight,No Controls,NONE DETECTED,No,No Apparent Injury,NA,Not Distracted,MD,Unknown,Slowing or Stopping,15,No,9999,USA,UNKNOWN,39.1225995,-77.15684,2026,2,10
260006146,Property Damage Crash,02/10/2026 10:38:00 AM,NICHOLSON LA,NA,Angle,Cloudy,Dry,Daylight,No Controls,NONE DETECTED,Yes,No Apparent Injury,Failed to Yield Right-of-Way,Unknown,MD,Passenger Car,Turning Left,30,No,2025,CHEVROLET,TRAX,39.04821343,-77.10187788,2026,2,10
260006146,Property Damage Crash,02/10/2026 10:38:00 AM,NICHOLSON LA,NA,Angle,Cloudy,Dry,Daylight,No Controls,NONE DETECTED,No,No Apparent Injury,NA,Not Distracted,MD,Passenger Car,Moving Constant Speed,30,No,2022,CHEVROLET,MALIBU,39.04821343,-77.10187788,2026,2,10
260006131,Property Damage Crash,02/10/2026 09:18:00 AM,NA,NA,Front to Rear,Clear,Dry,Daylight,Traffic Control Signal,NONE DETECTED,No,No Apparent Injury,NA,Not Distracted,MD,Bus - Transit,Stopped in Traffic,35,No,2017,GILLIG,CITY TRANSIT BUS,39.10587517,-77.19648767,2026,2,9
260006131,Property Damage Crash,02/10/2026 09:18:00 AM,NA,NA,Front to Rear,Clear,Dry,Daylight,Traffic Control Signal,NONE DETECTED,Yes,No Apparent Injury,Disregarded Other Traffic Sign,Unknown,MD,Passenger Car,Moving Constant Speed,35,No,2025,NISSAN,ALTIMA,39.10587517,-77.19648767,2026,2,9
260006127,Injury Crash,02/10/2026 09:15:00 AM,UNIVERSITY BLVD W (WB/L),NA,Angle,Clear,Dry,Daylight,Traffic Control Signal,NONE DETECTED,Yes,No Apparent Injury,NA,Not Distracted,MD,Passenger Car,Turning Left,35,No,2008,HONDA,CIVIC,39.0413955,-77.048103,2026,2,9
260006127,Injury Crash,02/10/2026 09:15:00 AM,UNIVERSITY BLVD W (WB/L),NA,Angle,Clear,Dry,Daylight,Traffic Control Signal,NONE DETECTED,Yes,Possible Minor Injury,NA,Not Distracted,MD,Passenger Car,Moving Constant Speed,35,No,2024,ACURA,TLX,39.0413955,-77.048103,2026,2,9
260006135,Property Damage Crash,02/10/2026 08:57:00 AM,CENTERHILL ST,NA,"Sideswipe, Same Direction",Clear,Dry,Daylight,No Controls,NONE DETECTED,Yes,No Apparent Injury,Other Improper Action,Unknown,MD,Bus - School,Moving Constant Speed,25,No,2020,FREIGHTLINER,B2 BUS CHASSIS,39.05557138,-77.06972133,2026,2,8
260006135,Property Damage Crash,02/10/2026 08:57:00 AM,CENTERHILL ST,NA,"Sideswipe, Same Direction",Clear,Dry,Daylight,No Controls,NONE DETECTED,No,No Apparent Injury,NA,Not Distracted,MD,Passenger Car,Parked,25,No,2017,TOYOTA,COROLLA,39.05557138,-77.06972133,2026,2,8
260006125,Property Damage Crash,02/10/2026 08:52:00 AM,BARRON ST,NA,"Sideswipe, Same Direction",Clear,Dry,Daylight,No Controls,NONE DETECTED,Yes,No Apparent Injury,NA,Not Distracted,MD,Bus - School,Moving Constant Speed,30,No,2017,THOMAS BUILT,HDX,38.9976257,-76.9972623,2026,2,8
260006122,Injury Crash,02/10/2026 08:44:00 AM,EAST WEST HWY,NA,Front to Front,Clear,Dry,Daylight,No Controls,NONE DETECTED,No,No Apparent Injury,NA,Not Distracted,MD,Passenger Car,Slowing or Stopping,30,No,2020,NISSAN,NV,38.98822369,-77.07544473,2026,2,8
260006122,Injury Crash,02/10/2026 08:44:00 AM,EAST WEST HWY,NA,Front to Front,Clear,Dry,Daylight,No Controls,NONE DETECTED,No,Possible Minor Injury,NA,Not Distracted,MD,Passenger Car,Moving Constant Speed,30,No,2017,NISSAN,ROGUE,38.98822369,-77.07544473,2026,2,8
260006122,Injury Crash,02/10/2026 08:44:00 AM,EAST WEST HWY,NA,Front to Front,Clear,Dry,Daylight,No Controls,NONE DETECTED,Yes,Possible Minor Injury,"Failed to Keep in Proper Lane, Wrong Side","Other Action (looking away from task, etc.)",MD,Passenger Car,Moving Constant Speed,30,No,2022,HYUNDAI,TUCSON,38.98822369,-77.07544473,2026,2,8
260006133,Property Damage Crash,02/10/2026 08:30:00 AM,WEDGEWOOD RD,NA,"Sideswipe, Same Direction",Clear,Dry,Daylight,No Controls,NONE DETECTED,Yes,No Apparent Injury,Other Improper Action,Not Distracted,MD,Bus - School,Moving Constant Speed,25,No,2014,FREIGHTLINER,B2 BUS CHASSIS,38.97217862,-77.12544859,2026,2,8
260006119,Injury Crash,02/10/2026 08:30:00 AM,BALLARD ST,NA,Angle,Clear,Dry,Daylight,No Controls,NONE DETECTED,No,No Apparent Injury,NA,Not Distracted,MD,Passenger Car,Moving Constant Speed,35,No,2019,TOYOTA,AVALON,39.0007885,-77.03353817,2026,2,8
260006119,Injury Crash,02/10/2026 08:30:00 AM,BALLARD ST,NA,Angle,Clear,Dry,Daylight,No Controls,NONE DETECTED,Yes,No Apparent Injury,Failed to Yield Right-of-Way,Not Distracted,MD,Sport Utility Vehicle,Turning Left,35,No,2024,HONDA,HR-V,39.0007885,-77.03353817,2026,2,8
260006113,Property Damage Crash,02/10/2026 07:30:00 AM,NA,NA,Rear To Side,Clear,Slush,Daylight,No Controls,NONE DETECTED,No,No Apparent Injury,NA,Not Distracted,MD,Sport Utility Vehicle,Moving Constant Speed,35,No,2013,NISSAN,ROGUE,39.14035067,-77.20625983,2026,2,7
260006113,Property Damage Crash,02/10/2026 07:30:00 AM,NA,NA,Rear To Side,Clear,Slush,Daylight,No Controls,NONE DETECTED,Yes,No Apparent Injury,Failed to Yield Right-of-Way,Not Distracted,MD,Sport Utility Vehicle,Turning Left,35,No,2025,MAZDA,CX-30,39.14035067,-77.20625983,2026,2,7
260006112,Property Damage Crash,02/10/2026 07:11:00 AM,LINDELL ST,NA,Angle,Clear,Dry,Daylight,Stop Sign,NONE DETECTED,Yes,No Apparent Injury,Failed to Keep in Proper Lane,Unknown,MD,Bus - School,Turning Left,25,No,2015,FREIGHTLINER,B2 BUS CHASSIS,39.05475383,-77.05194867,2026,2,7
260006112,Property Damage Crash,02/10/2026 07:11:00 AM,LINDELL ST,NA,Angle,Clear,Dry,Daylight,Stop Sign,NONE DETECTED,No,No Apparent Injury,NA,Not Distracted,MD,Passenger Car,Moving Constant Speed,25,No,2014,HYUNDAI,SONATA,39.05475383,-77.05194867,2026,2,7
260006103,Injury Crash,02/10/2026 05:11:00 AM,NA,NA,Angle,Clear,Dry,Medium,Flashing Traffic Control Signal,NONE DETECTED,No,No Apparent Injury,NA,Not Distracted,MD,Passenger Car,Accelerating,45,No,2023,HONDA,CIVIC,39.20467825,-77.24546673,2026,2,5
260006103,Injury Crash,02/10/2026 05:11:00 AM,NA,NA,Angle,Clear,Dry,Medium,Flashing Traffic Control Signal,NONE DETECTED,No,Possible Minor Injury,Failed to Yield Right-of-Way,Not Distracted,MD,Passenger Car,Moving Constant Speed,45,No,2024,TOYOTA,CAMRY,39.20467825,-77.24546673,2026,2,5
260006102,Property Damage Crash,02/10/2026 04:13:00 AM,ROCKVILLE PIKE (SB/L),NA,"Sideswipe, Same Direction",Clear,Dry,Medium,No Controls,NONE DETECTED,No,No Apparent Injury,NA,Not Distracted,MD,Passenger Car,Moving Constant Speed,35,No,2016,TOYOTA,AVALON,39.02302933,-77.10298033,2026,2,4
260006102,Property Damage Crash,02/10/2026 04:13:00 AM,ROCKVILLE PIKE (SB/L),NA,"Sideswipe, Same Direction",Clear,Dry,Medium,No Controls,ALCOHOL PRESENT,Yes,No Apparent Injury,"Failed to Yield Right-of-Way, Operated Motor Vehicle in Inattentive, Careless, Negligent, or Erratic Manner",Unknown,MD,Passenger Car,Changing Lanes,35,No,2013,FORD,FIESTA,39.02302933,-77.10298033,2026,2,4
260006099,Property Damage Crash,02/10/2026 12:00:00 AM,NA,NA,Single Vehicle,Clear,NA,Dark,NA,NONE DETECTED,No,No Apparent Injury,NA,Not Distracted,MD,Passenger Car,Slowing or Stopping,0,No,2016,FORD,TAURUS,39.00241423,-77.19505825,2026,2,0
260006089,Injury Crash,02/09/2026 09:45:00 PM,BOU AVE,NA,Angle,Clear,Dry,Medium,Traffic Control Signal,NONE DETECTED,No,Possible Minor Injury,NA,Not Distracted,MD,Passenger Car,Moving Constant Speed,35,No,2025,ACURA,INTEGRA,39.0561362,-77.11921104,2026,2,21
260006089,Injury Crash,02/09/2026 09:45:00 PM,BOU AVE,NA,Angle,Clear,Dry,Medium,Traffic Control Signal,NONE DETECTED,No,Possible Minor Injury,NA,Unknown,MD,Passenger Car,Slowing or Stopping,35,No,2013,HONDA,CIVIC,39.0561362,-77.11921104,2026,2,21
260006064,Property Damage Crash,02/09/2026 06:09:00 PM,BRADLEY BLVD (SB/L),NA,"Sideswipe, Same Direction",Snow,Other,Medium,No Controls,NONE DETECTED,No,NA,Failed to Keep in Proper Lane,NA,NA,Sport Utility Vehicle,Changing Lanes,30,No,2017,TOYOTA,HIGHLANDER,38.97797369,-77.09955551,2026,2,18
260006064,Property Damage Crash,02/09/2026 06:09:00 PM,BRADLEY BLVD (SB/L),NA,"Sideswipe, Same Direction",Snow,Other,Medium,No Controls,NONE DETECTED,No,No Apparent Injury,NA,Not Distracted,MD,Passenger Car,Moving Constant Speed,30,No,2012,TOYOTA,PRIUS V,38.97797369,-77.09955551,2026,2,18
260006058,Property Damage Crash,02/09/2026 05:52:00 PM,NA,NA,Front to Front,Snow,NA,Medium,NA,NONE DETECTED,Yes,No Apparent Injury,Ran Off Roadway,Unknown,MD,Passenger Car,Accelerating,0,No,2013,LEXUS,RX,39.09713982,-77.19917056,2026,2,17
260006059,Property Damage Crash,02/09/2026 05:48:00 PM,CONNECTICUT AVE (SB/L),NA,Front to Rear,Clear,Dry,Medium,Traffic Control Signal,NONE DETECTED,No,No Apparent Injury,NA,Unknown,MD,Passenger Car,Slowing or Stopping,35,No,2013,TOYOTA,PRIUS PLUG-IN,38.9786785,-77.07728783,2026,2,17
260006059,Property Damage Crash,02/09/2026 05:48:00 PM,CONNECTICUT AVE (SB/L),NA,Front to Rear,Clear,Dry,Medium,Traffic Control Signal,NONE DETECTED,No,No Apparent Injury,NA,Not Distracted,NJ,Passenger Car,Stopped in Traffic,35,No,2025,SUBARU,CROSSTREK,38.9786785,-77.07728783,2026,2,17
260006045,Property Damage Crash,02/09/2026 05:06:00 PM,OXBRIDGE DR,NA,Angle,Clear,Dry,Daylight,Stop Sign,NONE DETECTED,Yes,No Apparent Injury,Improper Turn,Unknown,MD,Passenger Car,Turning Left,25,No,2016,KIA,SEDONA,39.18995225,-77.24158504,2026,2,17
260006045,Property Damage Crash,02/09/2026 05:06:00 PM,OXBRIDGE DR,NA,Angle,Clear,Dry,Daylight,Stop Sign,NONE DETECTED,No,No Apparent Injury,NA,Not Distracted,MD,Pickup,Moving Constant Speed,25,No,2022,CHEVROLET,COLORADO,39.18995225,-77.24158504,2026,2,17
260006070,Property Damage Crash,02/09/2026 05:00:00 PM,NA,NA,Angle,Clear,NA,Daylight,NA,NONE DETECTED,No,NA,NA,NA,NA,Passenger Car,Backing,0,No,2025,TOYOTA,COROLLA,39.0599337,-77.04759131,2026,2,17