Local Case Number,ACRS Report Type,Crash Date/Time,Road Name,Related Non-Motorist,Collision Type,Weather,Surface Condition,Light,Traffic Control,Driver Substance Abuse,Driver At Fault,Injury Severity,Circumstance,Driver Distracted By,Drivers License State,Vehicle Body Type,Vehicle Movement,Speed Limit,Driverless Vehicle,Vehicle Year,Vehicle Make,Vehicle Model,Latitude,Longitude,Year,Month,Hour
260006034,Property Damage Crash,02/09/2026 04:05:00 PM,GEORGIA AVE,NA,"Sideswipe, Same Direction",Clear,Dry,Daylight,No Controls,NONE DETECTED,No,No Apparent Injury,NA,Not Distracted,MD,Bus - Transit,Stopped in Traffic,30,No,2019,NEW FLYER,XCELSIOR,39.02408053,-77.04556628,2026,2,16
260006034,Property Damage Crash,02/09/2026 04:05:00 PM,GEORGIA AVE,NA,"Sideswipe, Same Direction",Clear,Dry,Daylight,No Controls,NONE DETECTED,No,NA,NA,NA,NA,NA,Moving Constant Speed,30,No,0,NA,NA,39.02408053,-77.04556628,2026,2,16
260006028,Property Damage Crash,02/09/2026 03:40:00 PM,NA,Cyclist (non-electric),Single Vehicle,Clear,Dry,Daylight,Traffic Control Signal,NONE DETECTED,No,NA,Improper Passing,Unknown,NA,Sport Utility Vehicle,Moving Constant Speed,75,No,0,NA,NA,38.99293523,-77.10760343,2026,2,15
260006026,Property Damage Crash,02/09/2026 03:28:00 PM,STATION28 DR,NA,Front to Rear,Clear,Dry,Daylight,Traffic Control Signal,NONE DETECTED,Yes,No Apparent Injury,Other Improper Action,Not Distracted,MD,Passenger Car,Moving Constant Speed,35,No,2022,KIA,SPORTAGE,39.14841497,-77.14680755,2026,2,15
260006026,Property Damage Crash,02/09/2026 03:28:00 PM,STATION28 DR,NA,Front to Rear,Clear,Dry,Daylight,Traffic Control Signal,NONE DETECTED,No,No Apparent Injury,NA,Not Distracted,MD,Passenger Car,Slowing or Stopping,35,No,2016,NISSAN,ALTIMA,39.14841497,-77.14680755,2026,2,15
260006026,Property Damage Crash,02/09/2026 03:28:00 PM,STATION28 DR,NA,Front to Rear,Clear,Dry,Daylight,Traffic Control Signal,NONE DETECTED,No,No Apparent Injury,NA,Not Distracted,MD,Passenger Car,Slowing or Stopping,35,No,2015,SUBARU,FORESTER,39.14841497,-77.14680755,2026,2,15
260006031,Property Damage Crash,02/09/2026 03:26:00 PM,COLUMBIA PIKE (SB/L),NA,Front to Rear,Clear,Dry,Daylight,Traffic Control Signal,NONE DETECTED,Yes,No Apparent Injury,NA,Unknown,MD,Passenger Car,Moving Constant Speed,35,No,2007,NISSAN,ALTIMA,39.08313592,-76.94861157,2026,2,15
260006031,Property Damage Crash,02/09/2026 03:26:00 PM,COLUMBIA PIKE (SB/L),NA,Front to Rear,Clear,Dry,Daylight,Traffic Control Signal,NONE DETECTED,No,No Apparent Injury,NA,Not Distracted,MD,Passenger Car,Stopped in Traffic,35,No,2023,TOYOTA,RAV4,39.08313592,-76.94861157,2026,2,15
260006017,Property Damage Crash,02/09/2026 03:24:00 PM,EAST WEST HWY (WB/L),NA,"Sideswipe, Same Direction",Clear,Dry,Daylight,Traffic Control Signal,NONE DETECTED,No,No Apparent Injury,NA,Not Distracted,MD,Bus - Transit,Moving Constant Speed,25,No,2023,NEW FLYER,XCELSIOR,38.98473373,-77.09396396,2026,2,15
260006017,Property Damage Crash,02/09/2026 03:24:00 PM,EAST WEST HWY (WB/L),NA,"Sideswipe, Same Direction",Clear,Dry,Daylight,Traffic Control Signal,NONE DETECTED,No,NA,NA,NA,NA,Passenger Car,Moving Constant Speed,25,No,2024,KIA,NIRO,38.98473373,-77.09396396,2026,2,15
260006019,Property Damage Crash,02/09/2026 03:00:00 PM,16TH ST,NA,"Sideswipe, Same Direction",Clear,Dry,Daylight,No Controls,NONE DETECTED,No,No Apparent Injury,NA,Not Distracted,MD,Passenger Car,Moving Constant Speed,35,No,2025,TOYOTA,RAV4,38.99829017,-77.039011,2026,2,15
260006019,Property Damage Crash,02/09/2026 03:00:00 PM,16TH ST,NA,"Sideswipe, Same Direction",Clear,Dry,Daylight,No Controls,NONE DETECTED,No,NA,NA,NA,NA,Passenger Car,NA,35,No,2021,TESLA,MODEL X,38.99829017,-77.039011,2026,2,15
260006011,Property Damage Crash,02/09/2026 02:44:00 PM,GERMANTOWN RD (SB/L),NA,Angle,Clear,Dry,Daylight,Traffic Control Signal,NONE DETECTED,No,NA,NA,NA,NA,Passenger Car,Moving Constant Speed,40,No,0,NA,NA,39.18113874,-77.26244175,2026,2,14
260006011,Property Damage Crash,02/09/2026 02:44:00 PM,GERMANTOWN RD (SB/L),NA,Angle,Clear,Dry,Daylight,Traffic Control Signal,NONE DETECTED,No,No Apparent Injury,NA,Not Distracted,MD,Sport Utility Vehicle,Turning Left,40,No,2023,LEXUS,RX,39.18113874,-77.26244175,2026,2,14
260006004,Injury Crash,02/09/2026 02:06:00 PM,EAST WEST HWY (WB/L),NA,Angle,Clear,Dry,Daylight,No Controls,NONE DETECTED,Yes,No Apparent Injury,"Failed to Keep in Proper Lane, Failed to Yield Right-of-Way, Improper Turn, Operated Motor Vehicle in Inattentive, Careless, Negligent, or Erratic Manner",Unknown,MD,Passenger Car,Turning Right,25,No,2020,TOYOTA,PRIUS PRIME,38.98528978,-77.08945055,2026,2,14
260006004,Injury Crash,02/09/2026 02:06:00 PM,EAST WEST HWY (WB/L),NA,Angle,Clear,Dry,Daylight,No Controls,NONE DETECTED,No,Possible Minor Injury,NA,Not Distracted,MD,Passenger Car,Moving Constant Speed,25,No,2020,MERCEDES-BENZ,CLA-CLASS,38.98528978,-77.08945055,2026,2,14
260006001,Property Damage Crash,02/09/2026 01:12:00 PM,COLLEGE PKWY (SB/L),NA,"Sideswipe, Same Direction",Clear,Dry,Daylight,No Controls,NONE DETECTED,Yes,No Apparent Injury,NA,Unknown,MD,Passenger Car,Changing Lanes,30,No,2021,MAZDA,CX-5,39.1033837,-77.15598697,2026,2,13
260006001,Property Damage Crash,02/09/2026 01:12:00 PM,COLLEGE PKWY (SB/L),NA,"Sideswipe, Same Direction",Clear,Dry,Daylight,No Controls,NONE DETECTED,No,No Apparent Injury,NA,Unknown,MD,Passenger Car,Moving Constant Speed,30,No,2006,HONDA,CR-V,39.1033837,-77.15598697,2026,2,13
260005974,Property Damage Crash,02/09/2026 11:26:00 AM,TAKOMA AVE,NA,Rear To Side,Clear,Dry,Daylight,Traffic Control Signal,NONE DETECTED,No,No Apparent Injury,Other Improper Action,Not Distracted,MD,Passenger Car,Entering Traffic Lane,20,No,2013,TOYOTA,RAV4,38.97868702,-77.01822914,2026,2,11
260005974,Property Damage Crash,02/09/2026 11:26:00 AM,TAKOMA AVE,NA,Rear To Side,Clear,Dry,Daylight,Traffic Control Signal,NONE DETECTED,No,No Apparent Injury,Other Improper Action,Unknown,MD,"Construction Equipment (backhoe, bulldozer, etc.)",Backing,20,No,2021,JOHN DEERE,JOHN DEERE UTILITY VEHICLE,38.97868702,-77.01822914,2026,2,11
260005975,Injury Crash,02/09/2026 11:20:00 AM,EAST WEST HWY (WB/L),NA,Angle,Clear,Dry,Daylight,Traffic Control Signal,NONE DETECTED,No,Possible Minor Injury,NA,Not Distracted,DC,Passenger Car,Moving Constant Speed,30,No,2024,CHEVROLET,MALIBU,38.99377199,-77.05198964,2026,2,11
260005975,Injury Crash,02/09/2026 11:20:00 AM,EAST WEST HWY (WB/L),NA,Angle,Clear,Dry,Daylight,Traffic Control Signal,NONE DETECTED,Yes,No Apparent Injury,NA,Not Distracted,MD,Passenger Car,Turning Left,30,No,2011,TOYOTA,SIENNA,38.99377199,-77.05198964,2026,2,11
260005965,Injury Crash,02/09/2026 10:30:00 AM,RICHTER FARM RD (EB/L),NA,Front to Rear,Clear,Dry,Daylight,Traffic Control Signal,NONE DETECTED,No,No Apparent Injury,NA,Not Distracted,VA,Passenger Car,Stopped in Traffic,35,No,2007,TOYOTA,PRIUS,39.15406798,-77.28735338,2026,2,10
260005965,Injury Crash,02/09/2026 10:30:00 AM,RICHTER FARM RD (EB/L),NA,Front to Rear,Clear,Dry,Daylight,Traffic Control Signal,NONE DETECTED,Yes,No Apparent Injury,Other Improper Action,Unknown,MD,Passenger Car,Moving Constant Speed,35,No,2012,HONDA,ODYSSEY,39.15406798,-77.28735338,2026,2,10
260005961,Injury Crash,02/09/2026 10:00:00 AM,FATHER HURLEY BLVD,NA,Angle,Clear,Dry,Daylight,Traffic Control Signal,NONE DETECTED,No,Possible Minor Injury,NA,Not Distracted,MD,Passenger Car,Moving Constant Speed,35,No,2019,KIA,FORTE,39.16923427,-77.28290665,2026,2,10
260005961,Injury Crash,02/09/2026 10:00:00 AM,FATHER HURLEY BLVD,NA,Angle,Clear,Dry,Daylight,Traffic Control Signal,NONE DETECTED,Yes,No Apparent Injury,Failed to Yield Right-of-Way,Not Distracted,MD,Passenger Car,Making U-Turn,35,No,2024,CHEVROLET,MALIBU,39.16923427,-77.28290665,2026,2,10
260005959,Property Damage Crash,02/09/2026 09:52:00 AM,MUNCASTER MILL RD (WB/L),NA,Front to Rear,Clear,Dry,Daylight,Traffic Control Signal,NONE DETECTED,No,No Apparent Injury,"Operated Motor Vehicle in Inattentive, Careless, Negligent, or Erratic Manner, Other Improper Action",Unknown,MD,Van - Cargo,Stopped in Traffic,35,No,2023,FORD,TRANSIT,39.10907881,-77.08004716,2026,2,9
260005959,Property Damage Crash,02/09/2026 09:52:00 AM,MUNCASTER MILL RD (WB/L),NA,Front to Rear,Clear,Dry,Daylight,Traffic Control Signal,NONE DETECTED,No,No Apparent Injury,NA,Not Distracted,MD,Sport Utility Vehicle,Parked,35,No,2020,SUBARU,FORESTER,39.10907881,-77.08004716,2026,2,9
260005957,Property Damage Crash,02/09/2026 09:35:00 AM,NA,NA,Front to Rear,Cloudy,Dry,Daylight,No Controls,NONE DETECTED,Yes,No Apparent Injury,NA,Not Distracted,MD,Sport Utility Vehicle,Accelerating,25,No,2022,JEEP,GRAND CHEROKEE L,39.03168182,-77.12995886,2026,2,9
260005957,Property Damage Crash,02/09/2026 09:35:00 AM,NA,NA,Front to Rear,Cloudy,Dry,Daylight,No Controls,NONE DETECTED,No,No Apparent Injury,NA,Not Distracted,MD,Bus - School,Accelerating,25,No,2023,FREIGHTLINER,B2 106 ELECTRIC CONVENTIONAL CHASSIS,39.03168182,-77.12995886,2026,2,9
260005949,Injury Crash,02/09/2026 09:27:00 AM,VEIRS MILL RD (WB/L),NA,Front to Rear,Clear,Dry,Daylight,No Controls,NONE DETECTED,Yes,No Apparent Injury,NA,"Other Action (looking away from task, etc.)",MD,Passenger Car,Moving Constant Speed,35,No,2015,HONDA,ODYSSEY,39.04459283,-77.0638775,2026,2,9
260005949,Injury Crash,02/09/2026 09:27:00 AM,VEIRS MILL RD (WB/L),NA,Front to Rear,Clear,Dry,Daylight,No Controls,NONE DETECTED,No,No Apparent Injury,NA,Not Distracted,MD,Passenger Car,Stopped in Traffic,35,No,2019,TOYOTA,CAMRY,39.04459283,-77.0638775,2026,2,9
260005949,Injury Crash,02/09/2026 09:27:00 AM,VEIRS MILL RD (WB/L),NA,Front to Rear,Clear,Dry,Daylight,No Controls,NONE DETECTED,No,No Apparent Injury,NA,Not Distracted,MD,Passenger Car,Stopped in Traffic,35,No,2012,CHEVROLET,EQUINOX,39.04459283,-77.0638775,2026,2,9
260005953,Property Damage Crash,02/09/2026 09:26:00 AM,BURGESS LA,NA,"Sideswipe, Same Direction",Clear,Dry,Daylight,No Controls,NONE DETECTED,No,No Apparent Injury,Other Improper Action,Not Distracted,MD,Bus - School,Moving Constant Speed,25,No,2014,THOMAS BUILT,HDX,39.01396233,-76.99957517,2026,2,9
260005989,Property Damage Crash,02/09/2026 09:20:00 AM,E SCHUYLER RD,NA,"Sideswipe, Opposite Direction",Clear,Dry,Daylight,No Controls,NONE DETECTED,Yes,No Apparent Injury,Other Improper Action,Unknown,MD,Passenger Car,Slowing or Stopping,25,No,2017,SUBARU,WRX,39.00531015,-77.00448507,2026,2,9
260005944,Property Damage Crash,02/09/2026 09:00:00 AM,CARR AVE #2,NA,"Sideswipe, Same Direction",Clear,Dry,Daylight,No Controls,NONE DETECTED,Yes,No Apparent Injury,NA,Not Distracted,MD,Bus - School,Moving Constant Speed,25,No,2018,FREIGHTLINER,B2 BUS CHASSIS,39.08884753,-77.16504842,2026,2,9
260005939,Property Damage Crash,02/09/2026 08:55:00 AM,PINEY BRANCH RD,NA,Front to Rear,Clear,Dry,Daylight,Traffic Control Signal,NONE DETECTED,Yes,No Apparent Injury,NA,Unknown,MD,Bus - School,Moving Constant Speed,30,No,2024,THOMAS BUILT,HDX,38.99831267,-77.00174817,2026,2,8
260005939,Property Damage Crash,02/09/2026 08:55:00 AM,PINEY BRANCH RD,NA,Front to Rear,Clear,Dry,Daylight,Traffic Control Signal,NONE DETECTED,No,No Apparent Injury,NA,Not Distracted,MD,Sport Utility Vehicle,Slowing or Stopping,30,No,2024,TOYOTA,HIGHLANDER,38.99831267,-77.00174817,2026,2,8
260005938,Property Damage Crash,02/09/2026 08:45:00 AM,VEIRS MILL RD,NA,Front to Rear,Clear,Dry,Daylight,Traffic Control Signal,NONE DETECTED,No,No Apparent Injury,NA,Not Distracted,MD,Passenger Car,Slowing or Stopping,40,No,2003,HONDA,ACCORD,39.04445183,-77.06406983,2026,2,8
260005938,Property Damage Crash,02/09/2026 08:45:00 AM,VEIRS MILL RD,NA,Front to Rear,Clear,Dry,Daylight,Traffic Control Signal,NONE DETECTED,No,No Apparent Injury,NA,Not Distracted,MD,Van - Passenger (&lt;9 Seats),Slowing or Stopping,40,No,2025,TOYOTA,SIENNA,39.04445183,-77.06406983,2026,2,8
260005938,Property Damage Crash,02/09/2026 08:45:00 AM,VEIRS MILL RD,NA,Front to Rear,Clear,Dry,Daylight,Traffic Control Signal,NONE DETECTED,No,No Apparent Injury,NA,"Other Action (looking away from task, etc.)",MD,Van - Passenger (&lt;9 Seats),Moving Constant Speed,40,No,2018,RAM,PROMASTER 3500,39.04445183,-77.06406983,2026,2,8
260005935,Injury Crash,02/09/2026 08:36:00 AM,BRAEBURN PKWY,NA,Angle,Clear,Dry,Daylight,Traffic Control Signal,NONE DETECTED,No,Possible Minor Injury,NA,Unknown,MD,Sport Utility Vehicle,Turning Left,35,No,2025,MAZDA,CX-50,38.98046117,-77.13337317,2026,2,8
260005935,Injury Crash,02/09/2026 08:36:00 AM,BRAEBURN PKWY,NA,Angle,Clear,Dry,Daylight,Traffic Control Signal,NONE DETECTED,No,Possible Minor Injury,NA,Unknown,MD,Passenger Car,Moving Constant Speed,35,No,2021,NISSAN,LEAF,38.98046117,-77.13337317,2026,2,8
260005937,Property Damage Crash,02/09/2026 08:30:00 AM,NA,NA,"Sideswipe, Opposite Direction",Clear,Dry,Daylight,No Controls,NONE DETECTED,No,No Apparent Injury,NA,Not Distracted,MD,Passenger Car,Slowing or Stopping,30,No,2025,FORD,EXPLORER,38.98607268,-77.13481279,2026,2,8
260005937,Property Damage Crash,02/09/2026 08:30:00 AM,NA,NA,"Sideswipe, Opposite Direction",Clear,Dry,Daylight,No Controls,NONE DETECTED,No,No Apparent Injury,NA,Not Distracted,VA,Passenger Car,Slowing or Stopping,30,No,2020,SUBARU,ASCENT,38.98607268,-77.13481279,2026,2,8
260005936,Property Damage Crash,02/09/2026 08:18:00 AM,NA,NA,Angle,Clear,Dry,Daylight,No Controls,NONE DETECTED,No,No Apparent Injury,NA,Not Distracted,MD,Passenger Car,Moving Constant Speed,35,No,2025,LAND ROVER,DEFENDER,38.98652157,-77.13403721,2026,2,8
260005936,Property Damage Crash,02/09/2026 08:18:00 AM,NA,NA,Angle,Clear,Dry,Daylight,Stop Sign,NONE DETECTED,Yes,No Apparent Injury,NA,Not Distracted,MD,Passenger Car,Entering Traffic Lane,25,No,2020,BMW,330I,38.98652157,-77.13403721,2026,2,8
260005928,Property Damage Crash,02/09/2026 08:00:00 AM,CLOPPER RD,NA,Front to Rear,Clear,Dry,Daylight,Traffic Control Signal,NONE DETECTED,No,No Apparent Injury,NA,Not Distracted,MD,Bus - School,Slowing or Stopping,30,No,2022,THOMAS BUILT,HDX,39.16481112,-77.28726325,2026,2,8
260005928,Property Damage Crash,02/09/2026 08:00:00 AM,CLOPPER RD,NA,Front to Rear,Clear,Dry,Daylight,Traffic Control Signal,NONE DETECTED,Yes,No Apparent Injury,"Operated Motor Vehicle in Inattentive, Careless, Negligent, or Erratic Manner",Not Distracted,MD,Passenger Car,Moving Constant Speed,30,No,2001,BMW,330CI,39.16481112,-77.28726325,2026,2,8
260005930,Injury Crash,02/09/2026 08:00:00 AM,MUNCASTER MILL RD,NA,Front to Rear,Clear,Dry,Daylight,Traffic Control Signal,NONE DETECTED,No,Possible Minor Injury,NA,Not Distracted,MD,Passenger Car,Stopped in Traffic,30,No,2023,VOLKSWAGEN,JETTA,39.13278768,-77.12157578,2026,2,8
260005930,Injury Crash,02/09/2026 08:00:00 AM,MUNCASTER MILL RD,NA,Front to Rear,Clear,Dry,Daylight,Traffic Control Signal,NONE DETECTED,Yes,No Apparent Injury,Other Improper Action,Unknown,MD,Passenger Car,Moving Constant Speed,30,No,2002,HYUNDAI,ELANTRA,39.13278768,-77.12157578,2026,2,8
260005930,Injury Crash,02/09/2026 08:00:00 AM,MUNCASTER MILL RD,NA,Front to Rear,Clear,Dry,Daylight,Traffic Control Signal,NONE DETECTED,No,No Apparent Injury,NA,Not Distracted,MD,Passenger Car,Stopped in Traffic,30,No,2022,RAM,PROMASTER 2500,39.13278768,-77.12157578,2026,2,8
260005930,Injury Crash,02/09/2026 08:00:00 AM,MUNCASTER MILL RD,NA,Front to Rear,Clear,Dry,Daylight,Traffic Control Signal,NONE DETECTED,No,Possible Minor Injury,NA,Not Distracted,VA,Passenger Car,Stopped in Traffic,30,No,2011,BMW,X5,39.13278768,-77.12157578,2026,2,8
260005926,Property Damage Crash,02/09/2026 07:41:00 AM,NA,NA,Single Vehicle,Clear,Dry,Daylight,No Controls,NONE DETECTED,No,No Apparent Injury,NA,Not Distracted,MD,Sport Utility Vehicle,Moving Constant Speed,40,No,2019,AUDI,Q5,39.20306883,-77.30419217,2026,2,7
260005922,Injury Crash,02/09/2026 07:28:00 AM,NA,NA,Single Vehicle,Clear,Dry,Daylight,No Controls,NONE DETECTED,Yes,Possible Minor Injury,NA,Not Distracted,MD,Passenger Car,Moving Constant Speed,40,No,2024,SUBARU,CROSSTREK,39.04546667,-77.26201667,2026,2,7
260005921,Injury Crash,02/09/2026 07:16:00 AM,EAST WEST HWY,NA,Front to Rear,Clear,Dry,Medium,Traffic Control Signal,NONE DETECTED,No,Possible Minor Injury,NA,Not Distracted,MD,Passenger Car,Slowing or Stopping,30,No,2017,HONDA,CIVIC,38.99560403,-77.04207303,2026,2,7
260005921,Injury Crash,02/09/2026 07:16:00 AM,EAST WEST HWY,NA,Front to Rear,Clear,Dry,Medium,Traffic Control Signal,NONE DETECTED,Yes,No Apparent Injury,Followed Too Closely,Not Distracted,MD,Pickup,Slowing or Stopping,30,No,2000,TOYOTA,TUNDRA,38.99560403,-77.04207303,2026,2,7
260005923,Property Damage Crash,02/09/2026 07:08:00 AM,LAUDERDALE DR,NA,"Sideswipe, Opposite Direction",Clear,Ice/Frost,Daylight,No Controls,NONE DETECTED,No,No Apparent Injury,NA,Not Distracted,MD,Bus - School,Turning Right,25,No,2016,THOMAS BUILT,HDX,39.055165,-77.1042115,2026,2,7
260005920,Property Damage Crash,02/09/2026 06:54:00 AM,RICHTER FARM RD (EB/L),NA,Front to Front,Clear,Dry,Daylight,Traffic Control Signal,NONE DETECTED,No,No Apparent Injury,NA,Not Distracted,MD,Pickup,Moving Constant Speed,35,No,2023,CHEVROLET,SILVERADO,39.15411456,-77.28732565,2026,2,6
260005920,Property Damage Crash,02/09/2026 06:54:00 AM,RICHTER FARM RD (EB/L),NA,Front to Front,Clear,Dry,Daylight,Traffic Control Signal,NONE DETECTED,Yes,No Apparent Injury,Failed to Keep in Proper Lane,Unknown,MD,Passenger Car,Moving Constant Speed,35,No,2012,HONDA,CIVIC,39.15411456,-77.28732565,2026,2,6
260005917,Property Damage Crash,02/09/2026 05:03:00 AM,NA,NA,Angle,Clear,Dry,Medium,Flashing Traffic Control Signal,NONE DETECTED,No,No Apparent Injury,NA,Not Distracted,MD,Sport Utility Vehicle,Moving Constant Speed,40,No,1999,HONDA,CR-V,39.13600425,-76.99482385,2026,2,5
260005917,Property Damage Crash,02/09/2026 05:03:00 AM,NA,NA,Angle,Clear,Dry,Medium,Flashing Traffic Control Signal,NONE DETECTED,No,No Apparent Injury,Failed to Yield Right-of-Way,Not Distracted,MD,Passenger Car,Turning Left,40,No,2021,MITSUBISHI,MIRAGE,39.13600425,-76.99482385,2026,2,5
260005916,Property Damage Crash,02/09/2026 04:30:00 AM,BRINK RD,NA,Single Vehicle,Clear,Dry,Dark,No Controls,NONE DETECTED,Yes,No Apparent Injury,"Over-Correcting/Over-Steering, Ran Off Roadway, Too Fast For Conditions",Not Distracted,MD,Passenger Car,Moving Constant Speed,35,No,2005,TOYOTA,CAMRY,39.2129125,-77.247128,2026,2,4
260005901,Property Damage Crash,02/08/2026 10:59:00 PM,GRAND CHAMPION DR,NA,Unknown,Clear,Dry,Dark,No Controls,NONE DETECTED,No,No Apparent Injury,NA,Not Distracted,MD,Passenger Car,Moving Constant Speed,25,No,2021,DODGE,CHARGER,39.11408516,-77.16899194,2026,2,22
260005899,Injury Crash,02/08/2026 09:50:00 PM,MONTGOMERY VILLAGE AVE,NA,Front to Rear,Clear,Dry,Medium,Traffic Control Signal,NONE DETECTED,No,No Apparent Injury,NA,Not Distracted,MD,Passenger Car,Slowing or Stopping,40,No,2025,HONDA,HR-V,39.1543604,-77.20936251,2026,2,21
260005899,Injury Crash,02/08/2026 09:50:00 PM,MONTGOMERY VILLAGE AVE,NA,Front to Rear,Clear,Dry,Medium,Traffic Control Signal,NONE DETECTED,Yes,Possible Minor Injury,NA,Not Distracted,MD,Passenger Car,Slowing or Stopping,40,No,2015,NISSAN,SENTRA,39.1543604,-77.20936251,2026,2,21
260005900,Property Damage Crash,02/08/2026 09:30:00 PM,WEXHALL DR,NA,Front to Rear,Clear,Dry,Medium,No Controls,NONE DETECTED,Yes,No Apparent Injury,NA,Not Distracted,MD,Bus - Transit,Moving Constant Speed,25,No,2013,NEW FLYER,XCELSIOR,39.09286417,-76.9381885,2026,2,21
260005896,Injury Crash,02/08/2026 08:36:00 PM,NA,NA,"Sideswipe, Same Direction",Clear,Dry,Medium,No Controls,NONE DETECTED,No,No Apparent Injury,NA,Not Distracted,DC,Passenger Car,Moving Constant Speed,30,No,2015,TOYOTA,COROLLA,38.97563271,-76.98986218,2026,2,20
260005896,Injury Crash,02/08/2026 08:36:00 PM,NA,NA,"Sideswipe, Same Direction",Clear,Dry,Medium,No Controls,NONE DETECTED,No,Possible Minor Injury,NA,Not Distracted,DC,Passenger Car,Moving Constant Speed,30,No,2012,FIAT,500,38.97563271,-76.98986218,2026,2,20
260005894,Injury Crash,02/08/2026 08:26:00 PM,REEDIE DR,NA,Front to Front,Clear,Dry,Medium,Traffic Control Signal,NONE DETECTED,No,No Apparent Injury,NA,Not Distracted,MD,Sport Utility Vehicle,Moving Constant Speed,35,No,2026,HONDA,HR-V,39.03866725,-77.05080534,2026,2,20
260005894,Injury Crash,02/08/2026 08:26:00 PM,REEDIE DR,NA,Front to Front,Clear,Dry,Medium,Traffic Control Signal,NONE DETECTED,Yes,Possible Minor Injury,Failed to Yield Right-of-Way,Not Distracted,DC,Passenger Car,Making U-Turn,35,No,2021,NISSAN,VERSA,39.03866725,-77.05080534,2026,2,20
260005781,Injury Crash,02/08/2026 07:30:00 PM,GOODHILL RD (EB/L),NA,Other,Clear,Dry,Medium,No Controls,ALCOHOL PRESENT,Yes,Possible Minor Injury,Too Fast For Conditions,Unknown,MD,Passenger Car,Moving Constant Speed,25,No,2023,GMC,YUKON,39.05888011,-77.07160883,2026,2,19
260005892,Injury Crash,02/08/2026 07:00:00 PM,GEORGIA AVE,NA,Front to Rear,Clear,Dry,Medium,No Controls,NONE DETECTED,No,Possible Minor Injury,NA,Not Distracted,MD,Passenger Car,Stopped in Traffic,35,No,2017,HONDA,CIVIC,39.10949099,-77.07602998,2026,2,19
260005892,Injury Crash,02/08/2026 07:00:00 PM,GEORGIA AVE,NA,Front to Rear,Clear,Dry,Medium,Traffic Control Signal,NONE DETECTED,No,No Apparent Injury,NA,NA,NA,Passenger Car,Slowing or Stopping,35,No,2023,HONDA,CIVIC,39.10949099,-77.07602998,2026,2,19
260005889,Property Damage Crash,02/08/2026 06:25:00 PM,REDLAND RD,NA,Front to Front,Clear,Dry,Medium,Traffic Control Signal,NONE DETECTED,Yes,No Apparent Injury,NA,Unknown,MD,Passenger Car,Turning Left,25,No,2026,MERCEDES-BENZ,C-CLASS,39.115954,-77.16589465,2026,2,18
260005889,Property Damage Crash,02/08/2026 06:25:00 PM,REDLAND RD,NA,Front to Front,Clear,Dry,Medium,Traffic Control Signal,NONE DETECTED,No,No Apparent Injury,NA,Not Distracted,MD,Passenger Car,Moving Constant Speed,25,No,2000,TOYOTA,CAMRY,39.115954,-77.16589465,2026,2,18
260005884,Property Damage Crash,02/08/2026 05:43:00 PM,NA,NA,"Sideswipe, Same Direction",Clear,Dry,Medium,Traffic Control Signal,NONE DETECTED,No,No Apparent Injury,NA,Unknown,MD,Pickup,Overtaking/Passing,35,No,2004,FORD,F-150,39.15264738,-77.19238201,2026,2,17
260005884,Property Damage Crash,02/08/2026 05:43:00 PM,NA,NA,"Sideswipe, Same Direction",Clear,Dry,Medium,Traffic Control Signal,NONE DETECTED,No,No Apparent Injury,NA,Not Distracted,MD,Pickup,Stopped in Traffic,35,No,2023,FORD,F-150,39.15264738,-77.19238201,2026,2,17