Local Case Number,ACRS Report Type,Crash Date/Time,Road Name,Related Non-Motorist,Collision Type,Weather,Surface Condition,Light,Traffic Control,Driver Substance Abuse,Driver At Fault,Injury Severity,Circumstance,Driver Distracted By,Drivers License State,Vehicle Body Type,Vehicle Movement,Speed Limit,Driverless Vehicle,Vehicle Year,Vehicle Make,Vehicle Model,Latitude,Longitude,Year,Month,Hour
260005880,Property Damage Crash,02/08/2026 05:26:00 PM,NA,NA,Rear To Rear,Clear,NA,Daylight,NA,NONE DETECTED,No,No Apparent Injury,Other Improper Action,Not Distracted,MD,Passenger Car,Parked,0,No,2019,DODGE,CHARGER,39.05839358,-77.04836802,2026,2,17
260005880,Property Damage Crash,02/08/2026 05:26:00 PM,NA,NA,Rear To Rear,Clear,NA,Daylight,NA,NONE DETECTED,Yes,No Apparent Injury,NA,Not Distracted,MD,Passenger Car,Backing,0,No,2016,FORD,TAURUS,39.05839358,-77.04836802,2026,2,17
260005876,Property Damage Crash,02/08/2026 05:04:00 PM,DIAMONDBACK DR,NA,"Sideswipe, Same Direction",Clear,Dry,Daylight,Traffic Control Signal,NONE DETECTED,No,No Apparent Injury,NA,Not Distracted,MD,Passenger Car,Moving Constant Speed,40,No,2023,TESLA,MODEL 3,39.11521176,-77.21592743,2026,2,17
260005876,Property Damage Crash,02/08/2026 05:04:00 PM,DIAMONDBACK DR,NA,"Sideswipe, Same Direction",Clear,Dry,Daylight,Traffic Control Signal,NONE DETECTED,Yes,No Apparent Injury,NA,Not Distracted,MD,Passenger Car,Moving Constant Speed,40,No,2019,HYUNDAI,SANTA FE,39.11521176,-77.21592743,2026,2,17
260005863,Property Damage Crash,02/08/2026 05:00:00 PM,NA,NA,Angle,Clear,Snow,Daylight,No Controls,NONE DETECTED,No,No Apparent Injury,NA,Not Distracted,MD,Passenger Car,Moving Constant Speed,25,No,2005,TOYOTA,COROLLA,38.98609911,-76.99641979,2026,2,17
260005863,Property Damage Crash,02/08/2026 05:00:00 PM,NA,NA,Angle,Clear,Snow,Daylight,No Controls,NONE DETECTED,No,No Apparent Injury,NA,Not Distracted,MD,Passenger Car,Entering Traffic Lane,5,No,2016,CHEVROLET,TRAVERSE,38.98609911,-76.99641979,2026,2,17
260005878,Injury Crash,02/08/2026 04:57:00 PM,UNIVERSITY BLVD W,NA,Angle,Clear,Other,Daylight,Traffic Control Signal,NONE DETECTED,Yes,Possible Minor Injury,"Failed to Yield Right-of-Way, Ran Red Light",Unknown,NA,Other,Moving Constant Speed,35,No,2026,SCOOTERCAR,SCOOTERCAR,39.04119138,-77.04824679,2026,2,16
260005878,Injury Crash,02/08/2026 04:57:00 PM,UNIVERSITY BLVD W,NA,Angle,Clear,Other,Daylight,Traffic Control Signal,NONE DETECTED,No,No Apparent Injury,NA,Not Distracted,MD,Passenger Car,Slowing or Stopping,25,No,2019,HONDA,ODYSSEY,39.04119138,-77.04824679,2026,2,16
260005875,Injury Crash,02/08/2026 04:53:00 PM,MUNCASTER MILL RD (WB/L),NA,Angle,Clear,Dry,Daylight,Traffic Control Signal,NONE DETECTED,Yes,Possible Minor Injury,Failed to Yield Right-of-Way,Unknown,MD,Passenger Car,Turning Left,35,No,2019,TOYOTA,PRIUS,39.10890283,-77.0799625,2026,2,16
260005875,Injury Crash,02/08/2026 04:53:00 PM,MUNCASTER MILL RD (WB/L),NA,Angle,Clear,Dry,Daylight,Traffic Control Signal,NONE DETECTED,No,Possible Minor Injury,NA,Not Distracted,MD,Sport Utility Vehicle,Moving Constant Speed,35,No,2021,HYUNDAI,PALISADE,39.10890283,-77.0799625,2026,2,16
260005874,Injury Crash,02/08/2026 04:30:00 PM,MIDCOUNTY HWY (SB/L),NA,Front to Rear,Clear,Dry,Daylight,Yield Sign,NONE DETECTED,Yes,No Apparent Injury,Followed Too Closely,Unknown,DC,Passenger Car,Turning Right,35,No,2010,TOYOTA,COROLLA,39.15807348,-77.19234674,2026,2,16
260005874,Injury Crash,02/08/2026 04:30:00 PM,MIDCOUNTY HWY (SB/L),NA,Front to Rear,Clear,Dry,Daylight,Yield Sign,NONE DETECTED,No,Possible Minor Injury,NA,Not Distracted,MD,Passenger Car,Slowing or Stopping,35,No,2013,TOYOTA,RAV4,39.15807348,-77.19234674,2026,2,16
260005772,Injury Crash,02/08/2026 04:22:00 PM,EAST VILLAGE AVE,NA,Angle,Clear,Dry,Daylight,Stop Sign,NONE DETECTED,Yes,Possible Minor Injury,NA,Unknown,MD,Passenger Car,Moving Constant Speed,35,No,2018,TOYOTA,CAMRY,39.1891655,-77.15849833,2026,2,16
260005772,Injury Crash,02/08/2026 04:22:00 PM,EAST VILLAGE AVE,NA,Angle,Clear,Dry,Daylight,Stop Sign,NONE DETECTED,No,Possible Minor Injury,NA,Not Distracted,MD,Sport Utility Vehicle,Accelerating,35,No,2017,VOLVO,XC60,39.1891655,-77.15849833,2026,2,16
260005864,Property Damage Crash,02/08/2026 03:10:00 PM,FREDERICK RD (SB/L),NA,Front to Rear,Clear,Dry,Daylight,Traffic Control Signal,NONE DETECTED,No,No Apparent Injury,NA,Not Distracted,MD,Passenger Car,Moving Constant Speed,40,No,2022,HONDA,CR-V,39.17840698,-77.23865367,2026,2,15
260005864,Property Damage Crash,02/08/2026 03:10:00 PM,FREDERICK RD (SB/L),NA,Front to Rear,Clear,Dry,Daylight,Traffic Control Signal,NONE DETECTED,No,No Apparent Injury,NA,Unknown,MD,Passenger Car,Moving Constant Speed,40,No,2013,MINI,COUNTRYMAN,39.17840698,-77.23865367,2026,2,15
260005864,Property Damage Crash,02/08/2026 03:10:00 PM,FREDERICK RD (SB/L),NA,Front to Rear,Clear,Dry,Daylight,Traffic Control Signal,NONE DETECTED,No,No Apparent Injury,NA,Not Distracted,VA,Passenger Car,Stopped in Traffic,30,No,2022,HONDA,CR-V,39.17840698,-77.23865367,2026,2,15
260005856,Injury Crash,02/08/2026 01:57:00 PM,NA,Pedestrian,Angle,Clear,NA,Daylight,NA,NONE DETECTED,Yes,No Apparent Injury,NA,Not Distracted,MD,Passenger Car,Turning Left,0,No,2015,TOYOTA,CAMRY,39.00023068,-77.00263071,2026,2,13
260005856,Injury Crash,02/08/2026 01:57:00 PM,NA,Pedestrian,Angle,Clear,NA,Daylight,NA,NONE DETECTED,No,No Apparent Injury,NA,Not Distracted,MD,Van - Passenger (&lt;9 Seats),Moving Constant Speed,0,No,2017,TOYOTA,SIENNA,39.00023068,-77.00263071,2026,2,13
260005855,Property Damage Crash,02/08/2026 01:42:00 PM,NA,NA,Single Vehicle,Cloudy,NA,Daylight,NA,NONE DETECTED,No,No Apparent Injury,NA,Not Distracted,MD,Other,Backing,0,No,2016,FREIGHTLINER,M2,39.03204996,-77.06157048,2026,2,13
260005849,Injury Crash,02/08/2026 12:53:00 PM,NA,NA,Front to Rear,Clear,Dry,Daylight,Yield Sign,NONE DETECTED,Yes,Possible Minor Injury,Followed Too Closely,"Other Action (looking away from task, etc.)",MD,Passenger Car,Entering Traffic Lane,35,No,2015,TOYOTA,SCION TC,39.18420333,-77.273445,2026,2,12
260005849,Injury Crash,02/08/2026 12:53:00 PM,NA,NA,Front to Rear,Clear,Dry,Daylight,Yield Sign,NONE DETECTED,No,Possible Minor Injury,NA,Unknown,MD,Passenger Car,Slowing or Stopping,35,No,2023,KIA,SPORTAGE,39.18420333,-77.273445,2026,2,12
260005850,Property Damage Crash,02/08/2026 12:49:00 PM,FREDERICK RD,NA,Angle,Clear,Dry,Daylight,Traffic Control Signal,NONE DETECTED,No,No Apparent Injury,NA,Not Distracted,MD,Sport Utility Vehicle,Moving Constant Speed,40,No,2015,TOYOTA,4-RUNNER,39.22817623,-77.26610641,2026,2,12
260005850,Property Damage Crash,02/08/2026 12:49:00 PM,FREDERICK RD,NA,Angle,Clear,Dry,Daylight,Traffic Control Signal,NONE DETECTED,Yes,No Apparent Injury,Failed to Yield Right-of-Way,Not Distracted,MD,Passenger Car,Entering Traffic Lane,40,No,2009,MERCEDES-BENZ,S-CLASS,39.22817623,-77.26610641,2026,2,12
260005850,Property Damage Crash,02/08/2026 12:49:00 PM,FREDERICK RD,NA,Angle,Clear,Dry,Daylight,Traffic Control Signal,NONE DETECTED,No,No Apparent Injury,NA,Not Distracted,MD,Passenger Car,Stopped in Traffic,40,No,2009,BUICK,LUCERNE,39.22817623,-77.26610641,2026,2,12
260005844,Injury Crash,02/08/2026 12:30:00 PM,RAMP 5 FR IS 270 SB TO SHADY GROVE RD,NA,Angle,Clear,Dry,Daylight,Traffic Control Signal,NONE DETECTED,No,No Apparent Injury,NA,Not Distracted,MD,Pickup,Turning Left,25,No,2019,FORD,F-250,39.10949122,-77.18829315,2026,2,12
260005844,Injury Crash,02/08/2026 12:30:00 PM,RAMP 5 FR IS 270 SB TO SHADY GROVE RD,NA,Angle,Clear,Dry,Daylight,Traffic Control Signal,NONE DETECTED,Yes,Possible Minor Injury,Ran Red Light,Unknown,MD,Passenger Car,Moving Constant Speed,30,No,2016,MAZDA,MAZDA3,39.10949122,-77.18829315,2026,2,12
260005837,Property Damage Crash,02/08/2026 11:50:00 AM,NA,NA,"Sideswipe, Same Direction",Clear,NA,Daylight,NA,NONE DETECTED,No,NA,NA,NA,NA,Sport Utility Vehicle,Leaving Traffic Lane,0,No,2011,FORD,FOCUS,39.042866,-77.04764617,2026,2,11
260005837,Property Damage Crash,02/08/2026 11:50:00 AM,NA,NA,"Sideswipe, Same Direction",Clear,NA,Daylight,NA,NONE DETECTED,No,No Apparent Injury,NA,Not Distracted,MD,Sport Utility Vehicle,Parked,0,No,2009,HONDA,CR-V,39.042866,-77.04764617,2026,2,11
260005835,Property Damage Crash,02/08/2026 11:35:00 AM,NA,NA,Angle,Clear,Dry,Daylight,No Controls,NONE DETECTED,No,No Apparent Injury,NA,Not Distracted,MD,Passenger Car,Moving Constant Speed,35,No,2015,FORD,MUSTANG,39.22698042,-77.07595681,2026,2,11
260005835,Property Damage Crash,02/08/2026 11:35:00 AM,NA,NA,Angle,Clear,Dry,Daylight,No Controls,NONE DETECTED,Yes,No Apparent Injury,Failed to Yield Right-of-Way,Not Distracted,MD,Passenger Car,Turning Left,35,No,2016,TOYOTA,COROLLA,39.22698042,-77.07595681,2026,2,11
260005836,Property Damage Crash,02/08/2026 11:34:00 AM,FIELDS RD (EB/L),NA,"Sideswipe, Opposite Direction",Clear,Dry,Daylight,Traffic Control Signal,NONE DETECTED,No,No Apparent Injury,NA,Not Distracted,MD,Passenger Car,Turning Left,45,No,2023,BMW,X7,39.11619289,-77.20825434,2026,2,11
260005836,Property Damage Crash,02/08/2026 11:34:00 AM,FIELDS RD (EB/L),NA,"Sideswipe, Opposite Direction",Clear,Dry,Daylight,Traffic Control Signal,NONE DETECTED,No,No Apparent Injury,NA,Not Distracted,MD,Passenger Car,Turning Left,45,No,2021,TOYOTA,RAV4,39.11619289,-77.20825434,2026,2,11
260005836,Property Damage Crash,02/08/2026 11:34:00 AM,FIELDS RD (EB/L),NA,"Sideswipe, Opposite Direction",Clear,Dry,Daylight,Traffic Control Signal,NONE DETECTED,No,No Apparent Injury,Ran Red Light,Unknown,MD,Passenger Car,Moving Constant Speed,45,No,2019,TESLA,MODEL X,39.11619289,-77.20825434,2026,2,11
260005833,Property Damage Crash,02/08/2026 11:16:00 AM,RIDGE RD (SB/L),NA,Angle,Clear,Dry,Daylight,Traffic Control Signal,NONE DETECTED,No,No Apparent Injury,NA,Unknown,MD,Sport Utility Vehicle,Turning Left,40,No,2023,CHEVROLET,TAHOE,39.21013817,-77.2400585,2026,2,11
260005833,Property Damage Crash,02/08/2026 11:16:00 AM,RIDGE RD (SB/L),NA,Angle,Clear,Dry,Daylight,Traffic Control Signal,NONE DETECTED,Yes,No Apparent Injury,Ran Red Light,Unknown,MD,Passenger Car,Moving Constant Speed,50,No,2025,HYUNDAI,ELANTRA,39.21013817,-77.2400585,2026,2,11
260005831,Injury Crash,02/08/2026 11:11:00 AM,LAYHILL RD,NA,Front to Front,Clear,Dry,Daylight,Traffic Control Signal,NONE DETECTED,No,Possible Minor Injury,NA,Not Distracted,MD,Sport Utility Vehicle,Stopped in Traffic,40,No,2023,TOYOTA,RAV4,39.10012998,-77.0418186,2026,2,11
260005831,Injury Crash,02/08/2026 11:11:00 AM,LAYHILL RD,NA,Front to Front,Clear,Dry,Daylight,Traffic Control Signal,NONE DETECTED,No,No Apparent Injury,NA,Not Distracted,MD,Van - Passenger (&lt;9 Seats),Stopped in Traffic,40,No,2017,TOYOTA,SIENNA,39.10012998,-77.0418186,2026,2,11
260005831,Injury Crash,02/08/2026 11:11:00 AM,LAYHILL RD,NA,Front to Front,Clear,Dry,Daylight,Traffic Control Signal,NONE DETECTED,Yes,No Apparent Injury,NA,Unknown,MD,Passenger Car,Moving Constant Speed,40,No,2018,TOYOTA,PRIUS C,39.10012998,-77.0418186,2026,2,11
260005824,Property Damage Crash,02/08/2026 10:20:00 AM,GEORGIA AVE,NA,Front to Rear,Clear,Dry,Daylight,No Controls,NONE DETECTED,No,No Apparent Injury,NA,Not Distracted,MD,Van - Passenger (&lt;9 Seats),Moving Constant Speed,30,No,2005,TOYOTA,SIENNA,39.056281,-77.04979617,2026,2,10
260005824,Property Damage Crash,02/08/2026 10:20:00 AM,GEORGIA AVE,NA,Front to Rear,Clear,Dry,Daylight,No Controls,NONE DETECTED,No,NA,NA,NA,NA,NA,Slowing or Stopping,30,No,0,NA,NA,39.056281,-77.04979617,2026,2,10
260005823,Property Damage Crash,02/08/2026 10:05:00 AM,W MONTGOMERY AVE (WB/L),NA,Rear To Side,Clear,Dry,Daylight,Traffic Control Signal,NONE DETECTED,No,No Apparent Injury,NA,Not Distracted,MD,Passenger Car,Moving Constant Speed,25,No,2002,LEXUS,ES,39.08913355,-77.17782806,2026,2,10
260005823,Property Damage Crash,02/08/2026 10:05:00 AM,W MONTGOMERY AVE (WB/L),NA,Rear To Side,Clear,Dry,Daylight,Traffic Control Signal,NONE DETECTED,Yes,No Apparent Injury,NA,Not Distracted,MD,Sport Utility Vehicle,Moving Constant Speed,45,No,2019,TOYOTA,HIGHLANDER,39.08913355,-77.17782806,2026,2,10
260005818,Property Damage Crash,02/08/2026 09:30:00 AM,OLD COLUMBIA PIKE (SB/L),NA,"Sideswipe, Same Direction",Snow,Snow,Daylight,Traffic Control Signal,NONE DETECTED,No,No Apparent Injury,Other Improper Action,Not Distracted,MD,Passenger Car,Stopped in Traffic,35,No,2020,TESLA,MODEL 3,39.11121376,-76.93212208,2026,2,9
260005818,Property Damage Crash,02/08/2026 09:30:00 AM,OLD COLUMBIA PIKE (SB/L),NA,"Sideswipe, Same Direction",Snow,Snow,Daylight,Traffic Control Signal,NONE DETECTED,Yes,No Apparent Injury,Other Improper Action,Not Distracted,MD,Bus - Transit,Turning Left,35,No,2023,NEW FLYER,XCELSIOR,39.11121376,-76.93212208,2026,2,9
260005815,Property Damage Crash,02/08/2026 08:47:00 AM,CONNECTICUT AVE (SB/L),NA,"Sideswipe, Same Direction",Clear,Dry,Daylight,Traffic Control Signal,NONE DETECTED,Yes,No Apparent Injury,Failed to Keep in Proper Lane,Not Distracted,MD,Sport Utility Vehicle,Moving Constant Speed,35,No,2011,FORD,EXPLORER,39.03884969,-77.07567891,2026,2,8
260005815,Property Damage Crash,02/08/2026 08:47:00 AM,CONNECTICUT AVE (SB/L),NA,"Sideswipe, Same Direction",Clear,Dry,Daylight,Traffic Control Signal,NONE DETECTED,No,No Apparent Injury,NA,Not Distracted,MD,Sport Utility Vehicle,Stopped in Traffic,35,No,2021,ACURA,RDX,39.03884969,-77.07567891,2026,2,8
260005815,Property Damage Crash,02/08/2026 08:47:00 AM,CONNECTICUT AVE (SB/L),NA,"Sideswipe, Same Direction",Clear,Dry,Daylight,Traffic Control Signal,NONE DETECTED,No,No Apparent Injury,NA,Not Distracted,MD,Passenger Car,Moving Constant Speed,35,No,2012,LEXUS,ES,39.03884969,-77.07567891,2026,2,8
260005814,Injury Crash,02/08/2026 08:42:00 AM,KEY WEST AVE,NA,Angle,Clear,Dry,Daylight,Traffic Control Signal,NONE DETECTED,No,Possible Minor Injury,NA,Not Distracted,MD,Passenger Car,Moving Constant Speed,40,No,2026,HYUNDAI,KONA,39.10538456,-77.19652556,2026,2,8
260005814,Injury Crash,02/08/2026 08:42:00 AM,KEY WEST AVE,NA,Angle,Clear,Dry,Daylight,Traffic Control Signal,NONE DETECTED,Yes,No Apparent Injury,NA,Talking/listening,MD,Passenger Car,Moving Constant Speed,40,No,2023,TOYOTA,4-RUNNER,39.10538456,-77.19652556,2026,2,8
260005813,Property Damage Crash,02/08/2026 08:40:00 AM,DEAN RD,NA,Front to Front,Clear,Dry,Daylight,No Controls,NONE DETECTED,Yes,No Apparent Injury,Other Improper Action,Unknown,MD,Passenger Car,Moving Constant Speed,25,No,2012,HONDA,ACCORD,39.06777917,-77.07231433,2026,2,8
260005813,Property Damage Crash,02/08/2026 08:40:00 AM,DEAN RD,NA,Front to Front,Clear,Dry,Daylight,No Controls,NONE DETECTED,No,No Apparent Injury,NA,Not Distracted,MD,Passenger Car,Slowing or Stopping,25,No,2007,HONDA,ODYSSEY,39.06777917,-77.07231433,2026,2,8
260005810,Property Damage Crash,02/08/2026 07:36:00 AM,GEORGIA AVE (SB/L),NA,Single Vehicle,Clear,Dry,Daylight,No Controls,NONE DETECTED,Yes,No Apparent Injury,Over-Correcting/Over-Steering,Not Distracted,MD,Sport Utility Vehicle,Moving Constant Speed,35,No,2015,ACURA,RDX,39.08034583,-77.07493167,2026,2,7
260005806,Property Damage Crash,02/08/2026 06:04:00 AM,FREDERICK RD,NA,Single Vehicle,Clear,Ice/Frost,Medium,No Controls,NONE DETECTED,No,NA,NA,NA,NA,Passenger Car,NA,35,No,2006,LEXUS,GS,39.14260858,-77.20000818,2026,2,6
260005807,Property Damage Crash,02/08/2026 05:29:00 AM,CLARKSBURG RD,NA,Single Vehicle,Clear,Dry,Dark,No Controls,NONE DETECTED,Yes,No Apparent Injury,"Failed to Keep in Proper Lane, Ran Off Roadway",Unknown,MD,Passenger Car,Moving Constant Speed,35,No,2010,HONDA,ACCORD,39.29218817,-77.26313433,2026,2,5
260005803,Injury Crash,02/08/2026 03:04:00 AM,REEDIE DR,NA,Angle,Clear,Dry,Medium,Traffic Control Signal,NONE DETECTED,No,No Apparent Injury,NA,NA,NA,Unknown,Moving Constant Speed,25,No,0,NA,NA,39.03864419,-77.05079729,2026,2,3
260005803,Injury Crash,02/08/2026 03:04:00 AM,REEDIE DR,NA,Angle,Clear,Dry,Medium,Traffic Control Signal,NONE DETECTED,No,Possible Minor Injury,NA,Not Distracted,MD,Passenger Car,Accelerating,25,No,2025,HONDA,CIVIC,39.03864419,-77.05079729,2026,2,3
260005795,Property Damage Crash,02/07/2026 11:55:00 PM,MIDCOUNTY HWY,NA,Front to Rear,Clear,Dry,Medium,Traffic Control Signal,NONE DETECTED,Yes,No Apparent Injury,Failed to Yield Right-of-Way,Not Distracted,MD,Sport Utility Vehicle,Changing Lanes,35,No,2019,TOYOTA,C-HR,39.15990276,-77.2021331,2026,2,23
260005795,Property Damage Crash,02/07/2026 11:55:00 PM,MIDCOUNTY HWY,NA,Front to Rear,Clear,Dry,Medium,Traffic Control Signal,NONE DETECTED,No,No Apparent Injury,NA,Not Distracted,MD,Sport Utility Vehicle,Moving Constant Speed,35,No,2008,TOYOTA,HIGHLANDER,39.15990276,-77.2021331,2026,2,23
260005794,Property Damage Crash,02/07/2026 11:21:00 PM,REDLAND BLVD,NA,Angle,Clear,Dry,Medium,Traffic Control Signal,NONE DETECTED,No,No Apparent Injury,NA,Not Distracted,MD,Passenger Car,Moving Constant Speed,35,No,2023,TOYOTA,CAMRY,39.1155154,-77.16645151,2026,2,23
260005794,Property Damage Crash,02/07/2026 11:21:00 PM,REDLAND BLVD,NA,Angle,Clear,Dry,Medium,Traffic Control Signal,NONE DETECTED,No,NA,NA,NA,NA,NA,Moving Constant Speed,35,No,0,NA,NA,39.1155154,-77.16645151,2026,2,23
260005789,Property Damage Crash,02/07/2026 10:05:00 PM,NA,NA,Angle,Clear,Dry,Medium,Lane Use Control Signal,NONE DETECTED,Yes,No Apparent Injury,NA,Unknown,VA,Passenger Car,Turning Right,35,No,2010,HYUNDAI,SONATA,39.07348019,-77.11189299,2026,2,22
260005789,Property Damage Crash,02/07/2026 10:05:00 PM,NA,NA,Angle,Clear,Dry,Medium,Lane Use Control Signal,NONE DETECTED,No,No Apparent Injury,NA,Unknown,MD,Passenger Car,Moving Constant Speed,35,No,2019,FORD,MUSTANG,39.07348019,-77.11189299,2026,2,22
260005780,Property Damage Crash,02/07/2026 07:20:00 PM,GEORGIA AVE,NA,Angle,Clear,Dry,Medium,No Controls,NONE DETECTED,No,No Apparent Injury,NA,Not Distracted,MD,Sport Utility Vehicle,Moving Constant Speed,25,No,2022,VOLKSWAGEN,TIGUAN,39.05943619,-77.05025409,2026,2,19
260005780,Property Damage Crash,02/07/2026 07:20:00 PM,GEORGIA AVE,NA,Angle,Clear,Dry,Medium,No Controls,NONE DETECTED,Yes,No Apparent Injury,Improper Turn,Not Distracted,MD,Pickup,Turning Right,25,No,2023,CHEVROLET,SILVERADO HD,39.05943619,-77.05025409,2026,2,19
260005765,Property Damage Crash,02/07/2026 04:45:00 PM,HOBBS DR,NA,Angle,Clear,Dry,Daylight,No Controls,NONE DETECTED,Yes,No Apparent Injury,Failed to Yield Right-of-Way,Not Distracted,MD,Passenger Car,Entering Traffic Lane,25,No,2023,MAZDA,CX-5,39.08499314,-76.99832178,2026,2,16
260005765,Property Damage Crash,02/07/2026 04:45:00 PM,HOBBS DR,NA,Angle,Clear,Dry,Daylight,No Controls,NONE DETECTED,No,No Apparent Injury,NA,Not Distracted,MD,Passenger Car,Moving Constant Speed,25,No,2025,ZZKNOWN,UNKNOWN,39.08499314,-76.99832178,2026,2,16
260005755,Injury Crash,02/07/2026 03:57:00 PM,DARNESTOWN RD (WB/L),NA,Front to Front,Clear,Dry,Daylight,Flashing Traffic Control Signal,NONE DETECTED,No,Possible Minor Injury,NA,Not Distracted,MD,Sport Utility Vehicle,Accelerating,35,No,2008,CHEVROLET,SUBURBAN,39.11790004,-77.25255538,2026,2,15
260005755,Injury Crash,02/07/2026 03:57:00 PM,DARNESTOWN RD (WB/L),NA,Front to Front,Clear,Dry,Daylight,Flashing Traffic Control Signal,NONE DETECTED,No,No Apparent Injury,NA,Not Distracted,MD,Station Wagon,Moving Constant Speed,30,No,2020,SUBARU,IMPREZA,39.11790004,-77.25255538,2026,2,15
260005745,Injury Crash,02/07/2026 01:29:00 PM,BROADBIRCH DR,NA,"Sideswipe, Same Direction",Clear,Dry,Daylight,No Controls,NONE DETECTED,No,No Apparent Injury,NA,Not Distracted,MD,Sport Utility Vehicle,Moving Constant Speed,30,No,2002,CADILLAC,ESCALADE,39.05601951,-76.96493714,2026,2,13
260005745,Injury Crash,02/07/2026 01:29:00 PM,BROADBIRCH DR,NA,"Sideswipe, Same Direction",Clear,Dry,Daylight,No Controls,NONE DETECTED,Yes,No Apparent Injury,"Failed to Keep in Proper Lane, Improper Passing",Not Distracted,MD,Pickup,Moving Constant Speed,25,No,2018,FORD,F-250,39.05601951,-76.96493714,2026,2,13
260005742,Injury Crash,02/07/2026 01:10:00 PM,COLUMBIA PIKE (SB/L),NA,Angle,Clear,Dry,Daylight,Traffic Control Signal,NONE DETECTED,No,Possible Minor Injury,NA,Not Distracted,MD,Passenger Car,Turning Left,35,No,1999,HONDA,CR-V,39.05803342,-76.9685783,2026,2,13
260005742,Injury Crash,02/07/2026 01:10:00 PM,COLUMBIA PIKE (SB/L),NA,Angle,Clear,Dry,Daylight,Traffic Control Signal,NONE DETECTED,No,Possible Minor Injury,NA,Not Distracted,MD,Passenger Car,Turning Left,35,No,2019,VOLVO,XC90,39.05803342,-76.9685783,2026,2,13
260005742,Injury Crash,02/07/2026 01:10:00 PM,COLUMBIA PIKE (SB/L),NA,Angle,Clear,Dry,Daylight,Traffic Control Signal,NONE DETECTED,Yes,Possible Minor Injury,Ran Red Light,Unknown,MD,Passenger Car,Moving Constant Speed,55,No,2019,TOYOTA,RAV4,39.05803342,-76.9685783,2026,2,13
260005730,Property Damage Crash,02/07/2026 11:33:00 AM,NA,NA,Angle,Clear,NA,Daylight,NA,NONE DETECTED,Yes,No Apparent Injury,NA,Unknown,MD,Passenger Car,Turning Right,0,No,2024,TOYOTA,COROLLA,39.03517518,-77.05690076,2026,2,11
260005730,Property Damage Crash,02/07/2026 11:33:00 AM,NA,NA,Angle,Clear,NA,Daylight,NA,NONE DETECTED,No,No Apparent Injury,NA,Not Distracted,MD,Sport Utility Vehicle,Moving Constant Speed,0,No,2018,HONDA,PILOT,39.03517518,-77.05690076,2026,2,11
260005724,Property Damage Crash,02/07/2026 10:52:00 AM,ROCKY RD,NA,Single Vehicle,Windy,Snow,Daylight,No Controls,NONE DETECTED,Yes,No Apparent Injury,"Swerved or Avoided Due to Wind, Slippery Surface, Motor Vehicle, Object, Non-Motorist in Roadway, etc",Not Distracted,MD,Passenger Car,Moving Constant Speed,50,No,2026,TESLA,MODEL 3,39.23283114,-77.14234415,2026,2,10
260005719,Property Damage Crash,02/07/2026 10:29:00 AM,NEW HAMPSHIRE AVE (SB/L),NA,Front to Rear,Clear,Dry,Daylight,No Controls,NONE DETECTED,Yes,No Apparent Injury,"Followed Too Closely, Operated Motor Vehicle in Inattentive, Careless, Negligent, or Erratic Manner",Unknown,MD,Passenger Car,Moving Constant Speed,35,No,2007,HONDA,CIVIC,39.01491583,-76.97809118,2026,2,10
260005719,Property Damage Crash,02/07/2026 10:29:00 AM,NEW HAMPSHIRE AVE (SB/L),NA,Front to Rear,Clear,Dry,Daylight,No Controls,NONE DETECTED,No,No Apparent Injury,NA,Not Distracted,MD,Sport Utility Vehicle,Slowing or Stopping,35,No,2020,AUDI,Q5,39.01491583,-76.97809118,2026,2,10
260006159,Property Damage Crash,02/07/2026 10:20:00 AM,LAYTONSVILLE RD,NA,Single Vehicle,Snow,Ice/Frost,Daylight,No Controls,NONE DETECTED,No,No Apparent Injury,NA,Not Distracted,MD,Passenger Car,Moving Constant Speed,45,No,2014,DODGE,CHARGER,39.23699255,-77.14287828,2026,2,10