Local Case Number,ACRS Report Type,Crash Date/Time,Road Name,Related Non-Motorist,Collision Type,Weather,Surface Condition,Light,Traffic Control,Driver Substance Abuse,Driver At Fault,Injury Severity,Circumstance,Driver Distracted By,Drivers License State,Vehicle Body Type,Vehicle Movement,Speed Limit,Driverless Vehicle,Vehicle Year,Vehicle Make,Vehicle Model,Latitude,Longitude,Year,Month,Hour
260005723,Property Damage Crash,02/07/2026 10:11:00 AM,OBSERVATION DR,NA,Front to Rear,Clear,Dry,Daylight,Traffic Control Signal,NONE DETECTED,No,No Apparent Injury,NA,Unknown,MD,Sport Utility Vehicle,Slowing or Stopping,40,No,2013,TOYOTA,HIGHLANDER,39.17840928,-77.24172464,2026,2,10
260005723,Property Damage Crash,02/07/2026 10:11:00 AM,OBSERVATION DR,NA,Front to Rear,Clear,Dry,Daylight,Traffic Control Signal,NONE DETECTED,Yes,No Apparent Injury,Followed Too Closely,Unknown,XX,Sport Utility Vehicle,Slowing or Stopping,40,No,2015,LEXUS,RX,39.17840928,-77.24172464,2026,2,10
260005716,Property Damage Crash,02/07/2026 09:54:00 AM,GERMANTOWN RD (SB/L),NA,Single Vehicle,Clear,Dry,Daylight,No Controls,NONE DETECTED,Yes,No Apparent Injury,Ran Off Roadway,Unknown,MD,Passenger Car,Moving Constant Speed,40,No,2007,LEXUS,IS,39.1663075,-77.28124733,2026,2,9
260005713,Property Damage Crash,02/07/2026 08:40:00 AM,BOWIE MILL RD,NA,Single Vehicle,Clear,Ice/Frost,Daylight,No Controls,NONE DETECTED,Yes,No Apparent Injury,Too Fast For Conditions,Unknown,MD,Passenger Car,Moving Constant Speed,40,No,2010,HYUNDAI,ACCENT,39.14807335,-77.11581909,2026,2,8
260005707,Property Damage Crash,02/07/2026 08:35:00 AM,DARNESTOWN RD,NA,Front to Rear,Snow,Dry,Daylight,Traffic Control Signal,NONE DETECTED,Yes,NA,Improper Backing,Unknown,NA,Other Trucks,Backing,35,No,1999,PETERBILT,379,39.09610861,-77.20142061,2026,2,8
260005707,Property Damage Crash,02/07/2026 08:35:00 AM,DARNESTOWN RD,NA,Front to Rear,Snow,Dry,Daylight,Traffic Control Signal,NONE DETECTED,No,No Apparent Injury,NA,Not Distracted,MD,Passenger Car,Stopped in Traffic,35,No,2018,HONDA,CIVIC,39.09610861,-77.20142061,2026,2,8
260005706,Property Damage Crash,02/07/2026 08:08:00 AM,NA,NA,Single Vehicle,Snow,Snow,Daylight,No Controls,NONE DETECTED,Yes,No Apparent Injury,"Failed to Keep in Proper Lane, Ran Off Roadway, Too Fast For Conditions",Not Distracted,MD,Sport Utility Vehicle,Moving Constant Speed,50,No,2004,CHEVROLET,TRACKER,39.28290633,-77.17608417,2026,2,8
260005705,Property Damage Crash,02/07/2026 08:00:00 AM,NA,NA,Other,Snow,NA,Daylight,NA,NONE DETECTED,Yes,No Apparent Injury,"Swerved or Avoided Due to Wind, Slippery Surface, Motor Vehicle, Object, Non-Motorist in Roadway, etc",Not Distracted,MD,Single-Unit Truck,Backing,0,No,2017,MACK,GU (GRANITE),39.22236983,-77.42843821,2026,2,8
260005702,Property Damage Crash,02/07/2026 07:47:00 AM,NA,NA,Single Vehicle,Windy,NA,Medium,NA,ALCOHOL PRESENT,No,No Apparent Injury,NA,Not Distracted,MD,Passenger Car,NA,0,No,2011,BUICK,LACROSSE,39.14247752,-77.19633891,2026,2,7
260005698,Property Damage Crash,02/07/2026 05:00:00 AM,SANDY SPRING RD,NA,Single Vehicle,Cloudy,Wet,Dark,Traffic Control Signal,NONE DETECTED,No,No Apparent Injury,NA,Unknown,MD,Passenger Car,NA,35,No,2007,HONDA,ACCORD,39.1090685,-76.92302467,2026,2,5
260005727,Property Damage Crash,02/07/2026 03:07:00 AM,NA,NA,Other,Clear,NA,Medium,NA,NONE DETECTED,No,NA,NA,NA,NA,Passenger Car,Turning Left,0,No,2018,JEEP,GRAND CHEROKEE,39.0406228,-77.05063036,2026,2,3
260005690,Property Damage Crash,02/07/2026 12:00:00 AM,RALPH RD,NA,Front to Rear,Clear,Wet,Medium,No Controls,NONE DETECTED,Yes,No Apparent Injury,Failed to Keep in Proper Lane,Unknown,MD,Station Wagon,Moving Constant Speed,25,No,2019,TOYOTA,RAV4,39.07666117,-77.073849,2026,2,0
260005683,Property Damage Crash,02/06/2026 10:03:00 PM,NA,NA,"Sideswipe, Same Direction",Clear,Wet,Medium,Traffic Control Signal,NONE DETECTED,No,No Apparent Injury,NA,Not Distracted,DC,Other Trucks,Moving Constant Speed,35,No,2016,PETERBILT,389,39.07273261,-76.95597275,2026,2,22
260005683,Property Damage Crash,02/06/2026 10:03:00 PM,NA,NA,"Sideswipe, Same Direction",Clear,Wet,Medium,Traffic Control Signal,NONE DETECTED,Yes,No Apparent Injury,NA,Unknown,MD,Passenger Car,Changing Lanes,35,No,2014,HONDA,CIVIC,39.07273261,-76.95597275,2026,2,22
260005683,Property Damage Crash,02/06/2026 10:03:00 PM,NA,NA,"Sideswipe, Same Direction",Clear,Wet,Medium,Traffic Control Signal,NONE DETECTED,No,No Apparent Injury,NA,Not Distracted,MD,Passenger Car,Stopped in Traffic,35,No,2025,FORD,ESCAPE,39.07273261,-76.95597275,2026,2,22
260005683,Property Damage Crash,02/06/2026 10:03:00 PM,NA,NA,"Sideswipe, Same Direction",Clear,Wet,Medium,Traffic Control Signal,NONE DETECTED,No,No Apparent Injury,NA,Not Distracted,MD,Passenger Car,Stopped in Traffic,35,No,2014,NISSAN,ROGUE SELECT,39.07273261,-76.95597275,2026,2,22
260005677,Injury Crash,02/06/2026 08:25:00 PM,FLOWER AVE,NA,Front to Front,Clear,Wet,Medium,No Controls,NONE DETECTED,No,Possible Minor Injury,NA,Not Distracted,MD,Passenger Car,Moving Constant Speed,30,No,2012,HONDA,ODYSSEY,38.99298594,-77.00215358,2026,2,20
260005677,Injury Crash,02/06/2026 08:25:00 PM,FLOWER AVE,NA,Front to Front,Clear,Wet,Medium,No Controls,ALCOHOL PRESENT,Yes,Possible Minor Injury,NA,Unknown,MD,Passenger Car,Moving Constant Speed,30,No,2012,TOYOTA,SCION TC,38.99298594,-77.00215358,2026,2,20
260005676,Property Damage Crash,02/06/2026 08:25:00 PM,GERMANTOWN RD,NA,Single Vehicle,Clear,Wet,Medium,No Controls,ALCOHOL PRESENT,No,No Apparent Injury,NA,Unknown,MD,Passenger Car,Leaving Traffic Lane,45,No,2016,MAZDA,CX-5,39.18246217,-77.259172,2026,2,20
260005675,Property Damage Crash,02/06/2026 07:51:00 PM,DALAMAR ST,NA,Front to Rear,Snow,Wet,Medium,Traffic Control Signal,ALCOHOL PRESENT,Yes,No Apparent Injury,Followed Too Closely,Unknown,MD,Passenger Car,Slowing or Stopping,35,No,2015,KIA,OPTIMA,39.14612434,-77.20542162,2026,2,19
260005675,Property Damage Crash,02/06/2026 07:51:00 PM,DALAMAR ST,NA,Front to Rear,Snow,Wet,Medium,Traffic Control Signal,NONE DETECTED,No,No Apparent Injury,NA,Unknown,NA,Passenger Car,Leaving Traffic Lane,35,No,2024,TOYOTA,COROLLA,39.14612434,-77.20542162,2026,2,19
260005666,Property Damage Crash,02/06/2026 07:26:00 PM,S FREDERICK RD (SB/L),NA,Front to Rear,Snow,Wet,Medium,No Controls,NONE DETECTED,No,No Apparent Injury,NA,Not Distracted,MD,Bus - Transit,Slowing or Stopping,35,No,2016,GILLIG,CITY TRANSIT BUS,39.12850617,-77.18581167,2026,2,19
260005666,Property Damage Crash,02/06/2026 07:26:00 PM,S FREDERICK RD (SB/L),NA,Front to Rear,Snow,Wet,Medium,No Controls,NONE DETECTED,No,No Apparent Injury,NA,Not Distracted,MD,Passenger Car,Changing Lanes,35,No,2014,HYUNDAI,SONATA,39.12850617,-77.18581167,2026,2,19
260005657,Property Damage Crash,02/06/2026 06:16:00 PM,EAST WEST HWY (WB/L),NA,"Sideswipe, Same Direction",Snow,Wet,Medium,Traffic Control Signal,NONE DETECTED,No,No Apparent Injury,NA,Not Distracted,MD,Passenger Car,Moving Constant Speed,25,No,2016,TOYOTA,COROLLA,38.98476087,-77.09389769,2026,2,18
260005657,Property Damage Crash,02/06/2026 06:16:00 PM,EAST WEST HWY (WB/L),NA,"Sideswipe, Same Direction",Snow,Wet,Medium,Traffic Control Signal,NONE DETECTED,No,No Apparent Injury,NA,Not Distracted,MD,Bus - Transit,Moving Constant Speed,25,No,2013,NEW FLYER,XCELSIOR,38.98476087,-77.09389769,2026,2,18
260005667,Property Damage Crash,02/06/2026 06:14:00 PM,NA,NA,"Sideswipe, Opposite Direction",Snow,NA,Medium,NA,NONE DETECTED,No,NA,NA,NA,NA,Passenger Car,Moving Constant Speed,0,No,2018,BMW,X5,39.03863251,-76.99193877,2026,2,18
260005667,Property Damage Crash,02/06/2026 06:14:00 PM,NA,NA,"Sideswipe, Opposite Direction",Snow,NA,Medium,NA,NONE DETECTED,No,No Apparent Injury,NA,Not Distracted,MD,Passenger Car,Moving Constant Speed,0,No,2016,JEEP,PATRIOT,39.03863251,-76.99193877,2026,2,18
260005640,Property Damage Crash,02/06/2026 04:55:00 PM,DEMOCRACY BLVD (EB/L),NA,Front to Rear,Snow,Wet,Dark,No Controls,NONE DETECTED,No,No Apparent Injury,NA,Not Distracted,MD,Passenger Car,Slowing or Stopping,45,No,2026,KIA,SORENTO,39.02320117,-77.15825317,2026,2,16
260005640,Property Damage Crash,02/06/2026 04:55:00 PM,DEMOCRACY BLVD (EB/L),NA,Front to Rear,Snow,Wet,Dark,No Controls,NONE DETECTED,Yes,No Apparent Injury,NA,Not Distracted,MD,Passenger Car,Moving Constant Speed,45,No,2006,ACURA,TL,39.02320117,-77.15825317,2026,2,16
260005646,Property Damage Crash,02/06/2026 04:53:00 PM,NA,NA,Angle,Snow,NA,Medium,NA,NONE DETECTED,Yes,No Apparent Injury,NA,Not Distracted,MD,Bus - School,Backing,0,No,2018,FREIGHTLINER,B2 BUS CHASSIS,39.22526127,-77.27094277,2026,2,16
260005653,Property Damage Crash,02/06/2026 04:42:00 PM,DUPONT AVE #2,NA,"Sideswipe, Opposite Direction",Snow,Wet,Daylight,No Controls,NONE DETECTED,No,No Apparent Injury,NA,Not Distracted,NA,Passenger Car,Turning Left,25,No,2016,NISSAN,ROGUE,39.03086927,-77.07649141,2026,2,16
260005653,Property Damage Crash,02/06/2026 04:42:00 PM,DUPONT AVE #2,NA,"Sideswipe, Opposite Direction",Snow,Wet,Daylight,No Controls,NONE DETECTED,No,No Apparent Injury,NA,Not Distracted,MD,Passenger Car,Turning Right,25,No,2021,TOYOTA,COROLLA,39.03086927,-77.07649141,2026,2,16
260005635,Injury Crash,02/06/2026 04:22:00 PM,ROCKVILLE PIKE,NA,Front to Rear,Snow,Wet,Daylight,No Controls,NONE DETECTED,No,No Apparent Injury,NA,Not Distracted,MD,Sport Utility Vehicle,Slowing or Stopping,35,No,2016,HONDA,PILOT,39.00832857,-77.09738917,2026,2,16
260005635,Injury Crash,02/06/2026 04:22:00 PM,ROCKVILLE PIKE,NA,Front to Rear,Snow,Wet,Daylight,No Controls,NONE DETECTED,No,Possible Minor Injury,NA,Not Distracted,MD,Sport Utility Vehicle,Slowing or Stopping,35,No,2023,TOYOTA,COROLLA CROSS,39.00832857,-77.09738917,2026,2,16
260005632,Property Damage Crash,02/06/2026 04:10:00 PM,OLD GEORGETOWN RD,NA,Angle,Snow,Wet,Daylight,Traffic Control Signal,NONE DETECTED,Yes,No Apparent Injury,Ran Red Light,Not Distracted,MD,Passenger Car,Moving Constant Speed,35,No,2018,CADILLAC,ESCALADE ESV,39.01306114,-77.11720915,2026,2,16
260005632,Property Damage Crash,02/06/2026 04:10:00 PM,OLD GEORGETOWN RD,NA,Angle,Snow,Wet,Daylight,Traffic Control Signal,NONE DETECTED,No,No Apparent Injury,Improper Turn,Not Distracted,MD,Passenger Car,Making U-Turn,35,No,2017,HONDA,PILOT,39.01306114,-77.11720915,2026,2,16
260007424,Property Damage Crash,02/06/2026 04:00:00 PM,NEWPORT MILL RD,NA,"Sideswipe, Same Direction",Clear,Dry,Daylight,No Controls,NONE DETECTED,No,No Apparent Injury,NA,Not Distracted,MD,Passenger Car,Moving Constant Speed,40,No,2019,AUDI,Q5,39.040768,-77.069965,2026,2,16
260005623,Property Damage Crash,02/06/2026 03:30:00 PM,NA,NA,"Sideswipe, Same Direction",Clear,NA,Daylight,NA,NONE DETECTED,No,No Apparent Injury,NA,Not Distracted,MD,Bus - School,Stopped in Traffic,0,No,2021,THOMAS BUILT,HDX,39.13569517,-77.04392817,2026,2,15
260005623,Property Damage Crash,02/06/2026 03:30:00 PM,NA,NA,"Sideswipe, Same Direction",Clear,NA,Daylight,NA,NONE DETECTED,Yes,No Apparent Injury,Other Improper Action,Not Distracted,MD,Passenger Car,Backing,0,No,2012,VOLKSWAGEN,BEETLE,39.13569517,-77.04392817,2026,2,15
260005652,Property Damage Crash,02/06/2026 03:22:00 PM,NA,NA,"Sideswipe, Same Direction",Clear,NA,Daylight,NA,NONE DETECTED,No,No Apparent Injury,NA,NA,NA,Pickup,Moving Constant Speed,0,No,2011,FORD,F-150,39.10820263,-77.1576327,2026,2,15
260005620,Property Damage Crash,02/06/2026 03:21:00 PM,RIFFLE FORD RD,NA,Single Vehicle,Snow,Snow,Daylight,No Controls,NONE DETECTED,No,No Apparent Injury,NA,Not Distracted,MD,Bus - School,Turning Left,30,No,2021,THOMAS BUILT,HDX,39.11874303,-77.26373205,2026,2,15
260005621,Property Damage Crash,02/06/2026 03:17:00 PM,ARCTIC AVE,NA,Angle,Clear,Dry,Daylight,No Controls,NONE DETECTED,No,No Apparent Injury,NA,Not Distracted,MD,Passenger Car,Parked,30,No,2015,FORD,TRANSIT,39.07108983,-77.098821,2026,2,15
260005621,Property Damage Crash,02/06/2026 03:17:00 PM,ARCTIC AVE,NA,Angle,Clear,Dry,Daylight,No Controls,NONE DETECTED,Yes,No Apparent Injury,Improper Backing,Unknown,MD,Sport Utility Vehicle,Backing,30,No,2013,VOLKSWAGEN,ROUTAN,39.07108983,-77.098821,2026,2,15
260005603,Property Damage Crash,02/06/2026 01:38:00 PM,WISCONSIN AVE (SB/L),NA,"Sideswipe, Same Direction",Clear,Dry,Daylight,No Controls,NONE DETECTED,Yes,No Apparent Injury,NA,Not Distracted,MD,Other Trucks,Moving Constant Speed,35,No,2023,FREIGHTLINER,M2,38.96287948,-77.08682838,2026,2,13
260005603,Property Damage Crash,02/06/2026 01:38:00 PM,WISCONSIN AVE (SB/L),NA,"Sideswipe, Same Direction",Clear,Dry,Daylight,No Controls,NONE DETECTED,No,No Apparent Injury,NA,Not Distracted,MD,Sport Utility Vehicle,Parked,35,No,2024,ACURA,RDX,38.96287948,-77.08682838,2026,2,13
260005625,Property Damage Crash,02/06/2026 01:32:00 PM,NA,NA,Rear To Rear,Clear,NA,Daylight,NA,NONE DETECTED,Yes,No Apparent Injury,"Improper Backing, Other Improper Action",Unknown,MD,Passenger Car,Backing,0,No,2007,LEXUS,ES,39.04051387,-77.19100602,2026,2,13
260005597,Property Damage Crash,02/06/2026 01:21:00 PM,WOODFIELD RD,NA,Other,Cloudy,Snow,Daylight,No Controls,NONE DETECTED,No,No Apparent Injury,"Failed to Yield Right-of-Way, Other Improper Action",Not Distracted,MD,Passenger Car,Turning Left,35,No,2013,TOYOTA,COROLLA,39.17524733,-77.15131609,2026,2,13
260005597,Property Damage Crash,02/06/2026 01:21:00 PM,WOODFIELD RD,NA,Other,Cloudy,Snow,Daylight,No Controls,NONE DETECTED,Yes,No Apparent Injury,NA,Not Distracted,MD,Sport Utility Vehicle,Slowing or Stopping,35,No,2019,TOYOTA,RAV4,39.17524733,-77.15131609,2026,2,13
26000201,Property Damage Crash,02/06/2026 01:03:00 PM,NA,NA,Single Vehicle,Cloudy,NA,Daylight,NA,NONE DETECTED,No,No Apparent Injury,NA,Not Distracted,MD,Bus - School,Backing,0,No,2017,THOMAS BUILT,HDX,39.06233047,-77.02898276,2026,2,13
260005585,Property Damage Crash,02/06/2026 12:41:00 PM,MEADOW HALL DR,NA,Other,Cloudy,Dry,Daylight,Stop Sign,NONE DETECTED,Yes,No Apparent Injury,NA,Not Distracted,MD,Passenger Car,Entering Traffic Lane,25,No,2002,TOYOTA,CAMRY,39.07431396,-77.11384829,2026,2,12
260005585,Property Damage Crash,02/06/2026 12:41:00 PM,MEADOW HALL DR,NA,Other,Cloudy,Dry,Daylight,No Controls,NONE DETECTED,No,No Apparent Injury,NA,Not Distracted,MD,Passenger Car,Moving Constant Speed,35,No,2021,MAZDA,CX-30,39.07431396,-77.11384829,2026,2,12
260005583,Injury Crash,02/06/2026 12:00:00 PM,NA,Pedestrian,Single Vehicle,Clear,NA,Daylight,NA,NONE DETECTED,Yes,No Apparent Injury,NA,Unknown,MD,Pickup,NA,0,No,2018,CHEVROLET,SILVERADO,39.11500778,-77.18690702,2026,2,12
260005576,Property Damage Crash,02/06/2026 11:40:00 AM,SMALLWOOD RD,NA,Single Vehicle,Snow,Ice/Frost,Daylight,Stop Sign,NONE DETECTED,Yes,No Apparent Injury,NA,Not Distracted,MD,Bus - School,Turning Right,25,No,2017,THOMAS BUILT,HDX,39.09229316,-77.16653838,2026,2,11
260005558,Injury Crash,02/06/2026 10:19:00 AM,RIVER RD,NA,Single Vehicle,Clear,Dry,Daylight,No Controls,NONE DETECTED,No,Possible Minor Injury,NA,Not Distracted,MD,Passenger Car,Moving Constant Speed,50,No,2022,CHEVROLET,EQUINOX,39.05983167,-77.28103333,2026,2,10
260005558,Injury Crash,02/06/2026 10:19:00 AM,RIVER RD,NA,Single Vehicle,Clear,Dry,Daylight,No Controls,NONE DETECTED,No,No Apparent Injury,NA,Not Distracted,MD,Passenger Car,Moving Constant Speed,50,No,2024,SUBARU,CROSSTREK,39.05983167,-77.28103333,2026,2,10
260005556,Property Damage Crash,02/06/2026 09:41:00 AM,EAST WEST HWY,NA,"Sideswipe, Same Direction",Cloudy,Dry,Daylight,No Controls,NONE DETECTED,No,No Apparent Injury,NA,Not Distracted,MD,Passenger Car,Moving Constant Speed,30,No,2016,HONDA,CIVIC,38.9959265,-77.039431,2026,2,9
260005556,Property Damage Crash,02/06/2026 09:41:00 AM,EAST WEST HWY,NA,"Sideswipe, Same Direction",Cloudy,Dry,Daylight,No Controls,NONE DETECTED,Yes,No Apparent Injury,NA,Unknown,US,Passenger Car,Changing Lanes,30,No,2023,TOYOTA,HIGHLANDER,38.9959265,-77.039431,2026,2,9
260005555,Property Damage Crash,02/06/2026 09:40:00 AM,FEATHERSTONE ST,NA,"Sideswipe, Opposite Direction",Clear,Dry,Daylight,No Controls,NONE DETECTED,Yes,No Apparent Injury,Improper Backing,Unknown,MD,Pickup,Backing,25,No,2019,FORD,F-350,39.1148259,-77.2286338,2026,2,9
260005544,Property Damage Crash,02/06/2026 09:00:00 AM,ALTA VISTA RD,NA,"Sideswipe, Opposite Direction",Clear,Dry,Daylight,No Controls,NONE DETECTED,No,No Apparent Injury,NA,Not Distracted,MD,Passenger Car,Slowing or Stopping,25,No,2004,ACURA,TL,39.00951433,-77.108656,2026,2,9
260005544,Property Damage Crash,02/06/2026 09:00:00 AM,ALTA VISTA RD,NA,"Sideswipe, Opposite Direction",Clear,Dry,Daylight,No Controls,NONE DETECTED,Yes,No Apparent Injury,NA,Not Distracted,MD,Bus - School,Turning Left,25,No,2017,THOMAS BUILT,HDX,39.00951433,-77.108656,2026,2,9
260005550,Property Damage Crash,02/06/2026 08:28:00 AM,ROSS RD,NA,"Sideswipe, Same Direction",Clear,Dry,Daylight,No Controls,NONE DETECTED,No,No Apparent Injury,NA,Not Distracted,MD,Bus - School,Stopped in Traffic,20,No,2021,FREIGHTLINER,B2 BUS CHASSIS,38.99591934,-77.05294728,2026,2,8
260005550,Property Damage Crash,02/06/2026 08:28:00 AM,ROSS RD,NA,"Sideswipe, Same Direction",Clear,Dry,Daylight,No Controls,NONE DETECTED,Yes,No Apparent Injury,NA,Not Distracted,MD,Bus - Transit,Overtaking/Passing,20,No,2020,GILLIG,UNKNOWN,38.99591934,-77.05294728,2026,2,8
260005536,Property Damage Crash,02/06/2026 08:18:00 AM,INDIAN SPRING DR,NA,Other,Clear,Snow,Daylight,No Controls,NONE DETECTED,Yes,No Apparent Injury,"Swerved or Avoided Due to Wind, Slippery Surface, Motor Vehicle, Object, Non-Motorist in Roadway, etc",Not Distracted,MD,Bus - School,Moving Constant Speed,20,No,2024,FREIGHTLINER,B2 106 ELECTRIC CONVENTIONAL CHASSIS,39.01426823,-77.0020126,2026,2,8
260005537,Property Damage Crash,02/06/2026 07:46:00 AM,PINEY BRANCH RD,NA,"Sideswipe, Same Direction",Clear,Dry,Daylight,Traffic Control Signal,NONE DETECTED,No,No Apparent Injury,NA,Not Distracted,MD,Single-Unit Truck,Changing Lanes,25,No,2020,CHEVROLET,EXPRESS,38.99824469,-77.00356076,2026,2,7
260005537,Property Damage Crash,02/06/2026 07:46:00 AM,PINEY BRANCH RD,NA,"Sideswipe, Same Direction",Clear,Dry,Daylight,Traffic Control Signal,NONE DETECTED,No,NA,NA,NA,NA,NA,Moving Constant Speed,25,No,0,NA,NA,38.99824469,-77.00356076,2026,2,7
260005532,Injury Crash,02/06/2026 07:28:00 AM,NA,NA,Angle,Clear,Dry,Daylight,No Controls,NONE DETECTED,No,Possible Minor Injury,NA,Not Distracted,MD,Passenger Car,Moving Constant Speed,35,No,2005,HONDA,ODYSSEY,39.16871767,-77.20966633,2026,2,7
260005532,Injury Crash,02/06/2026 07:28:00 AM,NA,NA,Angle,Clear,Dry,Daylight,No Controls,NONE DETECTED,Yes,Possible Minor Injury,"Failed to Keep in Proper Lane, Wrong Side",Unknown,MD,Passenger Car,Moving Constant Speed,35,No,2018,HONDA,CR-V,39.16871767,-77.20966633,2026,2,7
260005526,Property Damage Crash,02/06/2026 07:04:00 AM,GEORGIA AVE,NA,"Sideswipe, Same Direction",Clear,Dry,Daylight,Traffic Control Signal,NONE DETECTED,No,NA,NA,NA,NA,Pickup,Moving Constant Speed,35,No,0,NA,NA,39.06811821,-77.06083474,2026,2,7
260005526,Property Damage Crash,02/06/2026 07:04:00 AM,GEORGIA AVE,NA,"Sideswipe, Same Direction",Clear,Dry,Daylight,Traffic Control Signal,NONE DETECTED,No,No Apparent Injury,NA,Not Distracted,MD,Van - Passenger (9 or 12 Seats),Slowing or Stopping,35,No,2019,FORD,TRANSIT,39.06811821,-77.06083474,2026,2,7
260005515,Property Damage Crash,02/06/2026 12:39:00 AM,COLUMBIA PIKE,NA,"Sideswipe, Same Direction",Clear,Dry,Medium,No Controls,NONE DETECTED,No,NA,NA,NA,NA,Passenger Car,NA,45,No,2025,TOYOTA,CAMRY,39.04203318,-76.9939115,2026,2,0
260005515,Property Damage Crash,02/06/2026 12:39:00 AM,COLUMBIA PIKE,NA,"Sideswipe, Same Direction",Clear,Dry,Medium,No Controls,NONE DETECTED,No,No Apparent Injury,NA,Not Distracted,MD,Passenger Car,Moving Constant Speed,45,No,2019,RAM,1500,39.04203318,-76.9939115,2026,2,0
260005513,Property Damage Crash,02/05/2026 11:52:00 PM,WISTERIA DR,NA,Rear To Side,Clear,Dry,Medium,No Controls,NONE DETECTED,Yes,No Apparent Injury,Improper Backing,Not Distracted,MD,Passenger Car,Backing,30,No,2025,DODGE,DURANGO,39.1783305,-77.27249096,2026,2,23
260005508,Property Damage Crash,02/05/2026 10:54:00 PM,ALDERTON RD,NA,Single Vehicle,Clear,Dry,Medium,No Controls,NONE DETECTED,No,No Apparent Injury,NA,Not Distracted,MD,Sport Utility Vehicle,Moving Constant Speed,30,No,2017,JEEP,CHEROKEE,39.09262959,-77.03447818,2026,2,22
260005492,Property Damage Crash,02/05/2026 07:00:00 PM,GEORGIA AVE,NA,Front to Rear,Clear,Wet,Medium,No Controls,NONE DETECTED,No,No Apparent Injury,NA,Not Distracted,MD,Passenger Car,Moving Constant Speed,35,No,2017,FORD,EXPLORER,39.06280455,-77.05423044,2026,2,19
260005492,Property Damage Crash,02/05/2026 07:00:00 PM,GEORGIA AVE,NA,Front to Rear,Clear,Wet,Medium,No Controls,NONE DETECTED,No,No Apparent Injury,NA,Not Distracted,MD,Passenger Car,Moving Constant Speed,35,No,2001,BMW,330I,39.06280455,-77.05423044,2026,2,19
260005492,Property Damage Crash,02/05/2026 07:00:00 PM,GEORGIA AVE,NA,Front to Rear,Clear,Wet,Medium,No Controls,NONE DETECTED,Yes,NA,NA,NA,NA,Passenger Car,Moving Constant Speed,35,No,2008,HONDA,PILOT,39.06280455,-77.05423044,2026,2,19
260005494,Property Damage Crash,02/05/2026 06:44:00 PM,SCHUYLKILL RD,NA,"Sideswipe, Same Direction",Clear,Dry,Dark,No Controls,NONE DETECTED,Yes,No Apparent Injury,Failed to Keep in Proper Lane,Not Distracted,MD,Sport Utility Vehicle,Moving Constant Speed,25,No,2014,SUBARU,OUTBACK,39.04343691,-77.09738993,2026,2,18
260005493,Property Damage Crash,02/05/2026 06:10:00 PM,PINEY BRANCH RD (SB/L),NA,"Sideswipe, Same Direction",Clear,Dry,Daylight,Traffic Control Signal,NONE DETECTED,No,No Apparent Injury,NA,Not Distracted,MD,Sport Utility Vehicle,Moving Constant Speed,35,No,2019,TOYOTA,RAV4,38.99953104,-76.99542416,2026,2,18
260005493,Property Damage Crash,02/05/2026 06:10:00 PM,PINEY BRANCH RD (SB/L),NA,"Sideswipe, Same Direction",Clear,Dry,Daylight,Traffic Control Signal,NONE DETECTED,No,NA,NA,NA,NA,Pickup,Changing Lanes,35,No,2014,FORD,F-150,38.99953104,-76.99542416,2026,2,18
260005539,Property Damage Crash,02/05/2026 06:00:00 PM,NA,NA,Front to Rear,Clear,NA,Daylight,NA,NONE DETECTED,Yes,No Apparent Injury,NA,Not Distracted,MD,Pickup,Turning Left,0,No,2011,CHEVROLET,SILVERADO,39.1636592,-77.05364128,2026,2,18
260005480,Property Damage Crash,02/05/2026 05:21:00 PM,NA,NA,Angle,Clear,NA,Daylight,NA,NONE DETECTED,No,No Apparent Injury,NA,Not Distracted,MD,Passenger Car,Stopped in Traffic,0,No,2024,HYUNDAI,ELANTRA,39.03087694,-77.07698796,2026,2,17