Local Case Number,ACRS Report Type,Crash Date/Time,Road Name,Related Non-Motorist,Collision Type,Weather,Surface Condition,Light,Traffic Control,Driver Substance Abuse,Driver At Fault,Injury Severity,Circumstance,Driver Distracted By,Drivers License State,Vehicle Body Type,Vehicle Movement,Speed Limit,Driverless Vehicle,Vehicle Year,Vehicle Make,Vehicle Model,Latitude,Longitude,Year,Month,Hour
260005480,Property Damage Crash,02/05/2026 05:21:00 PM,NA,NA,Angle,Clear,NA,Daylight,NA,NONE DETECTED,No,NA,NA,NA,NA,Pickup,Turning Left,0,No,2024,TOYOTA,TACOMA,39.03087694,-77.07698796,2026,2,17
260005477,Injury Crash,02/05/2026 05:20:00 PM,GEORGIA AVE,NA,Other,Clear,Wet,Medium,No Controls,NONE DETECTED,No,Possible Minor Injury,NA,Not Distracted,MD,Passenger Car,Moving Constant Speed,30,No,2019,HONDA,CIVIC,39.00424317,-77.03681433,2026,2,17
260005481,Injury Crash,02/05/2026 05:20:00 PM,ROCKVILLE PIKE (SB/L),NA,Front to Rear,Clear,Dry,Medium,Traffic Control Signal,NONE DETECTED,No,Possible Minor Injury,NA,Not Distracted,MD,Passenger Car,Moving Constant Speed,35,No,2020,TOYOTA,RAV4,39.07402263,-77.13535608,2026,2,17
260005481,Injury Crash,02/05/2026 05:20:00 PM,ROCKVILLE PIKE (SB/L),NA,Front to Rear,Clear,Dry,Medium,Traffic Control Signal,NONE DETECTED,Yes,No Apparent Injury,NA,Unknown,MD,Bus - School,Moving Constant Speed,35,No,2016,THOMAS BUILT,HDX,39.07402263,-77.13535608,2026,2,17
260005477,Injury Crash,02/05/2026 05:20:00 PM,GEORGIA AVE,NA,Other,Clear,Wet,Medium,Stop Sign,NONE DETECTED,Yes,No Apparent Injury,NA,Not Distracted,MD,Pickup,Accelerating,20,No,2024,FORD,MAVERICK,39.00424317,-77.03681433,2026,2,17
260005478,Injury Crash,02/05/2026 05:07:00 PM,DURYEA DR,NA,Single Vehicle,Cloudy,Wet,Medium,School Zone Sign,NONE DETECTED,Yes,Possible Minor Injury,"Swerved or Avoided Due to Wind, Slippery Surface, Motor Vehicle, Object, Non-Motorist in Roadway, etc",Unknown,MD,Passenger Car,Moving Constant Speed,30,No,2014,LEXUS,ES,39.04369615,-77.17935336,2026,2,17
260005471,Property Damage Crash,02/05/2026 04:03:00 PM,NA,NA,Rear To Rear,Clear,NA,Daylight,NA,NONE DETECTED,No,NA,NA,NA,NA,NA,Backing,0,No,0,NA,NA,39.16130954,-77.1594155,2026,2,16
260005455,Property Damage Crash,02/05/2026 03:36:00 PM,NA,NA,"Sideswipe, Same Direction",Clear,NA,Daylight,NA,NONE DETECTED,Yes,No Apparent Injury,Improper Passing,Not Distracted,MD,Bus - School,Overtaking/Passing,0,No,2022,FREIGHTLINER,B2 BUS CHASSIS,39.25316163,-77.19778063,2026,2,15
260005455,Property Damage Crash,02/05/2026 03:36:00 PM,NA,NA,"Sideswipe, Same Direction",Clear,NA,Daylight,NA,NONE DETECTED,No,No Apparent Injury,NA,Not Distracted,MD,Bus - School,Parked,0,No,2018,FREIGHTLINER,B2 BUS CHASSIS,39.25316163,-77.19778063,2026,2,15
260005453,Property Damage Crash,02/05/2026 03:34:00 PM,ROCKVILLE PIKE,NA,Angle,Clear,Dry,Daylight,Traffic Control Signal,NONE DETECTED,No,No Apparent Injury,NA,Unknown,VA,Passenger Car,Moving Constant Speed,35,No,2018,VOLVO,V90CC,39.00432344,-77.09730121,2026,2,15
260005453,Property Damage Crash,02/05/2026 03:34:00 PM,ROCKVILLE PIKE,NA,Angle,Clear,Dry,Daylight,Traffic Control Signal,NONE DETECTED,Yes,No Apparent Injury,Failed to Yield Right-of-Way,Unknown,MD,Passenger Car,Turning Right,5,No,2022,TOYOTA,HIGHLANDER,39.00432344,-77.09730121,2026,2,15
260005451,Property Damage Crash,02/05/2026 03:13:00 PM,SPARTAN RD,NA,"Sideswipe, Same Direction",Clear,Dry,Daylight,No Controls,NONE DETECTED,Yes,No Apparent Injury,NA,Not Distracted,MD,Sport Utility Vehicle,Moving Constant Speed,30,No,2019,HYUNDAI,SANTA FE,39.15672833,-77.05762783,2026,2,15
260005441,Injury Crash,02/05/2026 02:52:00 PM,NEW HAMPSHIRE AVE,NA,Angle,Clear,Dry,Daylight,Traffic Control Signal,NONE DETECTED,Yes,Possible Minor Injury,"Failed to Yield Right-of-Way, Improper Turn, Ran Red Light",Not Distracted,MD,Sport Utility Vehicle,Making U-Turn,45,No,2006,SATURN,VUE,39.07585083,-77.00181594,2026,2,14
260005441,Injury Crash,02/05/2026 02:52:00 PM,NEW HAMPSHIRE AVE,NA,Angle,Clear,Dry,Daylight,Traffic Control Signal,NONE DETECTED,No,Possible Minor Injury,NA,Not Distracted,MD,Passenger Car,Moving Constant Speed,45,No,2004,TOYOTA,PRIUS,39.07585083,-77.00181594,2026,2,14
260005444,Property Damage Crash,02/05/2026 02:45:00 PM,UNIVERSITY BLVD W,NA,Other,Clear,Dry,Daylight,Traffic Control Signal,NONE DETECTED,No,No Apparent Injury,NA,Not Distracted,MD,Passenger Car,Moving Constant Speed,35,No,2009,HONDA,ACCORD,39.03342652,-77.02377732,2026,2,14
260005444,Property Damage Crash,02/05/2026 02:45:00 PM,UNIVERSITY BLVD W,NA,Other,Clear,Dry,Daylight,Traffic Control Signal,NONE DETECTED,Yes,No Apparent Injury,NA,"Other Action (looking away from task, etc.)",MD,Passenger Car,Turning Left,35,No,2023,HYUNDAI,KONA ELECTRIC,39.03342652,-77.02377732,2026,2,14
260005438,Property Damage Crash,02/05/2026 01:57:00 PM,GEORGIA AVE (SB/L),NA,"Sideswipe, Same Direction",Clear,Dry,Daylight,No Controls,NONE DETECTED,No,No Apparent Injury,Improper Passing,Unknown,MD,Pickup,Moving Constant Speed,35,No,2021,RAM,2500,39.00945142,-77.04039941,2026,2,13
260005438,Property Damage Crash,02/05/2026 01:57:00 PM,GEORGIA AVE (SB/L),NA,"Sideswipe, Same Direction",Clear,Dry,Daylight,No Controls,NONE DETECTED,No,No Apparent Injury,NA,Not Distracted,MD,Bus - Transit,Stopped in Traffic,35,No,2022,NEW FLYER,XCELSIOR,39.00945142,-77.04039941,2026,2,13
260005445,Property Damage Crash,02/05/2026 01:29:00 PM,NA,NA,"Sideswipe, Opposite Direction",Clear,NA,Daylight,NA,NONE DETECTED,No,NA,NA,NA,NA,Passenger Car,Backing,0,No,2015,ACURA,MDX,39.08743522,-76.94750971,2026,2,13
260005420,Injury Crash,02/05/2026 01:25:00 PM,SCHOOLHOUSE CIR,NA,Front to Rear,Clear,Dry,Daylight,Stop Sign,NONE DETECTED,Yes,No Apparent Injury,NA,Not Distracted,MD,Passenger Car,Moving Constant Speed,30,No,2004,CHEVROLET,IMPALA,39.04318474,-77.06165813,2026,2,13
260005420,Injury Crash,02/05/2026 01:25:00 PM,SCHOOLHOUSE CIR,NA,Front to Rear,Clear,Dry,Daylight,Stop Sign,NONE DETECTED,No,No Apparent Injury,NA,Not Distracted,MD,Sport Utility Vehicle,Slowing or Stopping,30,No,2020,JEEP,COMPASS,39.04318474,-77.06165813,2026,2,13
260005420,Injury Crash,02/05/2026 01:25:00 PM,SCHOOLHOUSE CIR,NA,Front to Rear,Clear,Dry,Daylight,Stop Sign,NONE DETECTED,No,No Apparent Injury,NA,Not Distracted,MD,Passenger Car,Slowing or Stopping,30,No,2019,HONDA,PILOT,39.04318474,-77.06165813,2026,2,13
260005416,Injury Crash,02/05/2026 01:05:00 PM,GREAT SENECA HWY (SB/L),NA,Angle,Clear,Dry,Daylight,No Controls,NONE DETECTED,No,Possible Minor Injury,NA,Not Distracted,MD,Passenger Car,Moving Constant Speed,35,No,2023,HONDA,HR-V,39.16790548,-77.26749564,2026,2,13
260005416,Injury Crash,02/05/2026 01:05:00 PM,GREAT SENECA HWY (SB/L),NA,Angle,Clear,Dry,Daylight,No Controls,NONE DETECTED,Yes,No Apparent Injury,Failed to Yield Right-of-Way,Not Distracted,MD,Passenger Car,Turning Right,35,No,2025,HONDA,CR-V,39.16790548,-77.26749564,2026,2,13
260005417,Property Damage Crash,02/05/2026 01:00:00 PM,STEPHEN SITTER AVE,NA,Single Vehicle,Clear,Snow,Daylight,No Controls,NONE DETECTED,No,No Apparent Injury,NA,Not Distracted,MD,Bus - School,Making U-Turn,15,No,2016,THOMAS BUILT,HDX,39.00882832,-77.05541684,2026,2,13
260005415,Injury Crash,02/05/2026 12:49:00 PM,RAMP 5 FR RAMP 8 TO DEMOCRACY BLVD EB,NA,Angle,Clear,Dry,Daylight,Traffic Control Signal,NONE DETECTED,No,Possible Minor Injury,NA,Not Distracted,MD,Sport Utility Vehicle,Turning Left,25,No,2017,BMW,X3,39.02180967,-77.14451517,2026,2,12
260005415,Injury Crash,02/05/2026 12:49:00 PM,RAMP 5 FR RAMP 8 TO DEMOCRACY BLVD EB,NA,Angle,Clear,Dry,Daylight,Traffic Control Signal,NONE DETECTED,No,No Apparent Injury,NA,Not Distracted,MD,Passenger Car,Turning Left,25,No,2019,TOYOTA,CAMRY,39.02180967,-77.14451517,2026,2,12
260005415,Injury Crash,02/05/2026 12:49:00 PM,RAMP 5 FR RAMP 8 TO DEMOCRACY BLVD EB,NA,Angle,Clear,Dry,Daylight,Traffic Control Signal,NONE DETECTED,Yes,Possible Minor Injury,Ran Red Light,Not Distracted,MD,Sport Utility Vehicle,Moving Constant Speed,35,No,2026,HONDA,HR-V,39.02180967,-77.14451517,2026,2,12
260005409,Property Damage Crash,02/05/2026 12:30:00 PM,NA,NA,Front to Front,Clear,NA,Daylight,NA,NONE DETECTED,No,No Apparent Injury,NA,Not Distracted,TX,Passenger Car,Moving Constant Speed,0,No,2020,TOYOTA,HIGHLANDER,39.02530533,-77.12482067,2026,2,12
260005409,Property Damage Crash,02/05/2026 12:30:00 PM,NA,NA,Front to Front,Clear,NA,Daylight,NA,NONE DETECTED,No,No Apparent Injury,NA,Not Distracted,MD,Passenger Car,Moving Constant Speed,0,No,2023,ACURA,MDX,39.02530533,-77.12482067,2026,2,12
260005596,Property Damage Crash,02/05/2026 10:31:00 AM,WISCONSIN AVE,NA,"Sideswipe, Same Direction",Clear,Ice/Frost,Daylight,No Controls,NONE DETECTED,No,No Apparent Injury,NA,Not Distracted,MD,Passenger Car,Moving Constant Speed,30,No,2001,MERCEDES-BENZ,E-CLASS,38.97601487,-77.09010874,2026,2,10
260005596,Property Damage Crash,02/05/2026 10:31:00 AM,WISCONSIN AVE,NA,"Sideswipe, Same Direction",Clear,Ice/Frost,Daylight,No Controls,NONE DETECTED,Yes,No Apparent Injury,"Failed to Yield Right-of-Way, Followed Too Closely, Improper Passing",Not Distracted,MD,Passenger Car,Moving Constant Speed,30,No,2015,TOYOTA,COROLLA,38.97601487,-77.09010874,2026,2,10
260005383,Property Damage Crash,02/05/2026 10:21:00 AM,NA,NA,"Sideswipe, Same Direction",Clear,NA,Daylight,NA,NONE DETECTED,No,No Apparent Injury,NA,Not Distracted,MD,Passenger Car,Parked,0,No,2011,AUDI,Q5,39.05641135,-77.11981102,2026,2,10
260005383,Property Damage Crash,02/05/2026 10:21:00 AM,NA,NA,"Sideswipe, Same Direction",Clear,NA,Daylight,NA,NONE DETECTED,No,No Apparent Injury,NA,Not Distracted,MD,Passenger Car,Moving Constant Speed,0,No,2025,TOYOTA,COROLLA,39.05641135,-77.11981102,2026,2,10
260005401,Property Damage Crash,02/05/2026 10:00:00 AM,HILLERY WAY,NA,Single Vehicle,Clear,Ice/Frost,Daylight,Stop Sign,NONE DETECTED,No,No Apparent Injury,NA,Not Distracted,MD,Bus - School,Turning Right,25,No,2022,FREIGHTLINER,B2 106 ELECTRIC CONVENTIONAL CHASSIS,39.03881908,-77.10902677,2026,2,10
260005367,Property Damage Crash,02/05/2026 09:23:00 AM,RETAIL PL,NA,Single Vehicle,Clear,Dry,Daylight,No Controls,NONE DETECTED,Yes,No Apparent Injury,Other Improper Action,Not Distracted,MD,Passenger Car,Accelerating,10,No,2017,HYUNDAI,TUCSON,39.17232073,-77.20476729,2026,2,9
260005366,Injury Crash,02/05/2026 09:21:00 AM,UNIVERSITY BLVD W (WB/L),NA,Other,Clear,Dry,Daylight,Stop Sign,NONE DETECTED,Yes,Possible Minor Injury,NA,Unknown,NA,Passenger Car,Entering Traffic Lane,25,No,2010,TOYOTA,CAMRY,39.02780446,-77.02033489,2026,2,9
260005366,Injury Crash,02/05/2026 09:21:00 AM,UNIVERSITY BLVD W (WB/L),NA,Other,Clear,Dry,Daylight,No Controls,NONE DETECTED,No,No Apparent Injury,NA,Unknown,MD,Passenger Car,Moving Constant Speed,35,No,2013,NISSAN,VERSA,39.02780446,-77.02033489,2026,2,9
260005411,Property Damage Crash,02/05/2026 09:00:00 AM,STEDWICK RD,NA,Angle,Clear,Snow,Daylight,No Controls,NONE DETECTED,Yes,No Apparent Injury,Improper Passing,Not Distracted,MD,Van - Passenger (&lt;9 Seats),Overtaking/Passing,30,No,2023,CHRYSLER,PACIFICA,39.16981146,-77.20478994,2026,2,9
260005411,Property Damage Crash,02/05/2026 09:00:00 AM,STEDWICK RD,NA,Angle,Clear,Snow,Daylight,No Controls,NONE DETECTED,No,No Apparent Injury,NA,Not Distracted,MD,Bus - Transit,Stopped in Traffic,30,No,2021,GILLIG,LOW FLOOR BUS,39.16981146,-77.20478994,2026,2,9
260005370,Property Damage Crash,02/05/2026 09:00:00 AM,FALLS RD (SB/L),NA,Front to Rear,Clear,Ice/Frost,Daylight,No Controls,NONE DETECTED,Yes,No Apparent Injury,NA,Not Distracted,MD,Passenger Car,Slowing or Stopping,35,No,2022,ACURA,TLX,39.07600228,-77.1627437,2026,2,9
260005370,Property Damage Crash,02/05/2026 09:00:00 AM,FALLS RD (SB/L),NA,Front to Rear,Clear,Ice/Frost,Daylight,No Controls,NONE DETECTED,No,No Apparent Injury,NA,Not Distracted,MD,Passenger Car,Moving Constant Speed,35,No,2018,NISSAN,ROGUE,39.07600228,-77.1627437,2026,2,9
260005370,Property Damage Crash,02/05/2026 09:00:00 AM,FALLS RD (SB/L),NA,Front to Rear,Clear,Ice/Frost,Daylight,No Controls,NONE DETECTED,No,No Apparent Injury,NA,Not Distracted,MD,Passenger Car,Moving Constant Speed,35,No,2015,MINI,HARDTOP,39.07600228,-77.1627437,2026,2,9
260005332,Property Damage Crash,02/05/2026 08:23:00 AM,NA,NA,Angle,Clear,Dry,Daylight,Pedestrian Crossing Sign,NONE DETECTED,No,No Apparent Injury,NA,Not Distracted,MD,Passenger Car,Slowing or Stopping,30,No,2020,HONDA,CR-V,38.98835583,-77.1155685,2026,2,8
260005332,Property Damage Crash,02/05/2026 08:23:00 AM,NA,NA,Angle,Clear,Dry,Daylight,Stop Sign,NONE DETECTED,Yes,No Apparent Injury,NA,Not Distracted,MD,Passenger Car,Entering Traffic Lane,20,No,2017,NISSAN,ROGUE,38.98835583,-77.1155685,2026,2,8
260005373,Property Damage Crash,02/05/2026 08:20:00 AM,ROCKVILLE PIKE (SB/L),NA,Angle,Clear,Dry,Daylight,No Controls,NONE DETECTED,No,No Apparent Injury,NA,Not Distracted,MD,Passenger Car,Moving Constant Speed,35,No,2016,TOYOTA,COROLLA,39.06875568,-77.13015903,2026,2,8
260005373,Property Damage Crash,02/05/2026 08:20:00 AM,ROCKVILLE PIKE (SB/L),NA,Angle,Clear,Dry,Daylight,No Controls,NONE DETECTED,No,NA,NA,NA,NA,Passenger Car,Entering Traffic Lane,35,No,2013,HONDA,CIVIC,39.06875568,-77.13015903,2026,2,8
260005330,Property Damage Crash,02/05/2026 08:13:00 AM,LINDELL ST,NA,Front to Rear,Clear,Dry,Daylight,No Controls,NONE DETECTED,No,No Apparent Injury,NA,Unknown,MD,Sport Utility Vehicle,Stopped in Traffic,25,No,2008,TOYOTA,HIGHLANDER,39.05705533,-77.059825,2026,2,8
260005330,Property Damage Crash,02/05/2026 08:13:00 AM,LINDELL ST,NA,Front to Rear,Clear,Dry,Daylight,No Controls,NONE DETECTED,Yes,No Apparent Injury,NA,Unknown,MD,Van - Passenger (&lt;9 Seats),Slowing or Stopping,25,No,2014,TOYOTA,SIENNA,39.05705533,-77.059825,2026,2,8
260005326,Property Damage Crash,02/05/2026 08:00:00 AM,CRYSTAL HILL CIR,NA,Single Vehicle,Clear,Snow,Daylight,No Controls,NONE DETECTED,Yes,No Apparent Injury,Other Improper Action,Unknown,MD,Bus - School,Accelerating,0,No,2020,FREIGHTLINER,B2 BUS CHASSIS,39.19731524,-77.27679632,2026,2,8
260005324,Property Damage Crash,02/05/2026 07:30:00 AM,MIDCOUNTY HWY,NA,Front to Rear,Clear,Dry,Daylight,Traffic Control Signal,NONE DETECTED,No,No Apparent Injury,NA,Not Distracted,MD,Passenger Car,Slowing or Stopping,35,No,2021,VOLKSWAGEN,JETTA,39.14101889,-77.15196802,2026,2,7
260005324,Property Damage Crash,02/05/2026 07:30:00 AM,MIDCOUNTY HWY,NA,Front to Rear,Clear,Dry,Daylight,Traffic Control Signal,NONE DETECTED,Yes,No Apparent Injury,Followed Too Closely,Unknown,MD,Passenger Car,Moving Constant Speed,35,No,2017,HYUNDAI,SANTA FE,39.14101889,-77.15196802,2026,2,7
260005312,Property Damage Crash,02/05/2026 12:03:00 AM,BOWSPRIT CT,NA,Angle,Snow,Snow,Dark,No Controls,NONE DETECTED,Yes,No Apparent Injury,NA,Not Distracted,MD,Passenger Car,Slowing or Stopping,25,No,2013,HONDA,CIVIC,39.14329666,-77.18355723,2026,2,0
260005924,Property Damage Crash,02/04/2026 08:55:00 PM,NA,NA,Front to Rear,Clear,Wet,Medium,Traffic Control Signal,NONE DETECTED,No,No Apparent Injury,NA,Not Distracted,MD,Passenger Car,Moving Constant Speed,35,No,2010,MAZDA,MAZDA3,39.0798208,-77.13813304,2026,2,20
260005924,Property Damage Crash,02/04/2026 08:55:00 PM,NA,NA,Front to Rear,Clear,Wet,Medium,Traffic Control Signal,NONE DETECTED,No,No Apparent Injury,NA,Not Distracted,MD,Passenger Car,Stopped in Traffic,35,No,2004,HONDA,ACCORD,39.0798208,-77.13813304,2026,2,20
260005288,Property Damage Crash,02/04/2026 08:30:00 PM,GILSCOT PL,NA,"Sideswipe, Same Direction",Clear,Slush,Dark,No Controls,NONE DETECTED,No,No Apparent Injury,NA,Unknown,NA,Unknown,Overtaking/Passing,10,No,0,NA,NA,39.0824278,-77.1285392,2026,2,20
260005288,Property Damage Crash,02/04/2026 08:30:00 PM,GILSCOT PL,NA,"Sideswipe, Same Direction",Clear,Slush,Dark,No Controls,NONE DETECTED,No,No Apparent Injury,NA,Not Distracted,MD,Passenger Car,Moving Constant Speed,10,No,2019,KIA,RIO,39.0824278,-77.1285392,2026,2,20
260005276,Property Damage Crash,02/04/2026 07:25:00 PM,CADBURY AVE,NA,"Sideswipe, Same Direction",Clear,Dry,Medium,No Controls,NONE DETECTED,Yes,No Apparent Injury,Improper Turn,Unknown,MD,Bus - Transit,Turning Right,25,No,2025,GILLIG,LOW FLOOR BUS,39.06012212,-77.15794168,2026,2,19
260005270,Property Damage Crash,02/04/2026 07:00:00 PM,KNOWLES AVE,NA,Angle,Clear,Snow,Medium,Traffic Control Signal,NONE DETECTED,No,No Apparent Injury,NA,Not Distracted,MD,Passenger Car,Turning Left,35,No,2021,SUBARU,WRX,39.03101287,-77.08613429,2026,2,19
260005270,Property Damage Crash,02/04/2026 07:00:00 PM,KNOWLES AVE,NA,Angle,Clear,Snow,Medium,Traffic Control Signal,NONE DETECTED,No,No Apparent Injury,NA,Not Distracted,MD,Passenger Car,Moving Constant Speed,35,No,2019,HYUNDAI,ELANTRA,39.03101287,-77.08613429,2026,2,19
260005257,Property Damage Crash,02/04/2026 06:25:00 PM,RIDGE RD,NA,Angle,Snow,Slush,Dark,No Controls,NONE DETECTED,No,No Apparent Injury,NA,Not Distracted,MD,Passenger Car,Moving Constant Speed,45,No,2019,HYUNDAI,ELANTRA,39.21214333,-77.23925,2026,2,18
260005257,Property Damage Crash,02/04/2026 06:25:00 PM,RIDGE RD,NA,Angle,Snow,Slush,Dark,No Controls,NONE DETECTED,Yes,No Apparent Injury,NA,Not Distracted,MD,Passenger Car,Accelerating,45,No,2021,SUBARU,WRX,39.21214333,-77.23925,2026,2,18
260005254,Property Damage Crash,02/04/2026 05:56:00 PM,SCHINDLER DR,NA,"Sideswipe, Same Direction",Snow,Snow,Medium,Lane Use Control Signal,NONE DETECTED,No,No Apparent Injury,NA,Not Distracted,MD,Bus - Transit,Turning Left,35,No,2020,NOVABUS,LFS ARTICULATED,39.03348066,-76.98621778,2026,2,17
260005254,Property Damage Crash,02/04/2026 05:56:00 PM,SCHINDLER DR,NA,"Sideswipe, Same Direction",Snow,Snow,Medium,Lane Use Control Signal,NONE DETECTED,No,No Apparent Injury,NA,Not Distracted,MD,Passenger Car,Turning Left,35,No,2012,TOYOTA,HIGHLANDER,39.03348066,-76.98621778,2026,2,17
260005252,Injury Crash,02/04/2026 05:29:00 PM,NA,NA,Front to Rear,Clear,Dry,Medium,Lane Use Control Signal,NONE DETECTED,No,Possible Minor Injury,NA,Not Distracted,MD,Passenger Car,Slowing or Stopping,35,No,2011,TOYOTA,COROLLA,39.0075075,-77.02042383,2026,2,17
260005252,Injury Crash,02/04/2026 05:29:00 PM,NA,NA,Front to Rear,Clear,Dry,Medium,Lane Use Control Signal,NONE DETECTED,No,No Apparent Injury,NA,Not Distracted,MD,Other,Changing Lanes,35,No,2021,KENWORTH,T4 SERIES,39.0075075,-77.02042383,2026,2,17
260005268,Property Damage Crash,02/04/2026 05:21:00 PM,NA,NA,"Sideswipe, Same Direction",Clear,Dry,Daylight,No Controls,NONE DETECTED,No,No Apparent Injury,NA,Not Distracted,MD,Passenger Car,Moving Constant Speed,35,No,2023,AUDI,A6,39.04027508,-77.10945499,2026,2,17
260005268,Property Damage Crash,02/04/2026 05:21:00 PM,NA,NA,"Sideswipe, Same Direction",Clear,Dry,Daylight,No Controls,NONE DETECTED,Yes,No Apparent Injury,Failed to Keep in Proper Lane,Unknown,MD,Passenger Car,Moving Constant Speed,35,No,2012,TOYOTA,CAMRY,39.04027508,-77.10945499,2026,2,17
260005237,Property Damage Crash,02/04/2026 05:17:00 PM,NA,NA,"Sideswipe, Opposite Direction",Clear,Dry,Daylight,No Controls,NONE DETECTED,No,No Apparent Injury,NA,Not Distracted,MD,Passenger Car,Slowing or Stopping,25,No,2021,RAM,1500,39.1708355,-77.2867035,2026,2,17
260005237,Property Damage Crash,02/04/2026 05:17:00 PM,NA,NA,"Sideswipe, Opposite Direction",Clear,Dry,Daylight,No Controls,NONE DETECTED,Yes,No Apparent Injury,NA,Not Distracted,MD,Bus - School,Turning Right,25,No,2026,FREIGHTLINER,B2 BUS CHASSIS,39.1708355,-77.2867035,2026,2,17
260005239,Property Damage Crash,02/04/2026 04:51:00 PM,CARROLL AVE,NA,Front to Rear,Clear,Wet,Daylight,No Controls,NONE DETECTED,Yes,No Apparent Injury,NA,Not Distracted,MD,Passenger Car,Slowing or Stopping,25,No,2011,TOYOTA,SCION XD,38.98914956,-76.99362171,2026,2,16
260005239,Property Damage Crash,02/04/2026 04:51:00 PM,CARROLL AVE,NA,Front to Rear,Clear,Wet,Daylight,No Controls,NONE DETECTED,No,No Apparent Injury,NA,Not Distracted,MD,Bus - School,Stopped in Traffic,25,No,2017,THOMAS BUILT,HDX,38.98914956,-76.99362171,2026,2,16
260005249,Property Damage Crash,02/04/2026 04:40:00 PM,CONNECTICUT AVE,NA,Angle,Clear,Dry,Daylight,No Controls,NONE DETECTED,No,No Apparent Injury,Failed to Yield Right-of-Way,Unknown,MD,Sport Utility Vehicle,Moving Constant Speed,25,No,2020,HYUNDAI,PALISADE,38.98460574,-77.07712424,2026,2,16
260005249,Property Damage Crash,02/04/2026 04:40:00 PM,CONNECTICUT AVE,NA,Angle,Clear,Dry,Daylight,Stop Sign,NONE DETECTED,No,No Apparent Injury,NA,Not Distracted,MD,Sport Utility Vehicle,Slowing or Stopping,20,No,2021,HONDA,PASSPORT,38.98460574,-77.07712424,2026,2,16
260005226,Property Damage Crash,02/04/2026 03:48:00 PM,CATTAIL RD,NA,Single Vehicle,Clear,Dry,Daylight,No Controls,NONE DETECTED,No,No Apparent Injury,NA,Not Distracted,MD,Sport Utility Vehicle,Moving Constant Speed,30,No,2021,HONDA,CR-V,39.16235333,-77.38714,2026,2,15
260005221,Property Damage Crash,02/04/2026 03:45:00 PM,NA,NA,"Sideswipe, Opposite Direction",Clear,Dry,Daylight,No Controls,NONE DETECTED,Yes,No Apparent Injury,NA,Not Distracted,MD,Bus - School,Turning Right,25,No,2024,FREIGHTLINER,B2 106 ELECTRIC CONVENTIONAL CHASSIS,39.075119,-76.9830685,2026,2,15
260005221,Property Damage Crash,02/04/2026 03:45:00 PM,NA,NA,"Sideswipe, Opposite Direction",Clear,Dry,Daylight,No Controls,NONE DETECTED,No,No Apparent Injury,NA,Not Distracted,MD,Passenger Car,Slowing or Stopping,25,No,2015,NISSAN,ALTIMA,39.075119,-76.9830685,2026,2,15
260005224,Property Damage Crash,02/04/2026 03:32:00 PM,PROSPERITY DR,NA,Front to Rear,Clear,Dry,Daylight,No Controls,NONE DETECTED,No,NA,NA,NA,NA,Passenger Car,Accelerating,25,No,2021,HONDA,INSIGHT,39.06064433,-76.96332483,2026,2,15
260005224,Property Damage Crash,02/04/2026 03:32:00 PM,PROSPERITY DR,NA,Front to Rear,Clear,Dry,Daylight,No Controls,NONE DETECTED,No,No Apparent Injury,NA,Not Distracted,MD,Passenger Car,Moving Constant Speed,25,No,2015,HONDA,ACCORD,39.06064433,-76.96332483,2026,2,15
260005216,Injury Crash,02/04/2026 03:30:00 PM,NA,NA,Single Vehicle,Clear,Dry,Daylight,Traffic Control Signal,NONE DETECTED,Yes,Possible Minor Injury,Ran Off Roadway,Unknown,MD,Passenger Car,Moving Constant Speed,35,No,2024,NISSAN,ALTIMA,39.07821681,-76.97992733,2026,2,15
260005223,Property Damage Crash,02/04/2026 03:30:00 PM,AWKARD LA,NA,Single Vehicle,Clear,Dry,Daylight,No Controls,NONE DETECTED,Yes,No Apparent Injury,Improper Backing,Unknown,MD,Bus - School,Backing,25,No,2015,FREIGHTLINER,B2 BUS CHASSIS,39.10943104,-77.01334128,2026,2,15