Local Case Number,ACRS Report Type,Crash Date/Time,Road Name,Related Non-Motorist,Collision Type,Weather,Surface Condition,Light,Traffic Control,Driver Substance Abuse,Driver At Fault,Injury Severity,Circumstance,Driver Distracted By,Drivers License State,Vehicle Body Type,Vehicle Movement,Speed Limit,Driverless Vehicle,Vehicle Year,Vehicle Make,Vehicle Model,Latitude,Longitude,Year,Month,Hour
260005215,Property Damage Crash,02/04/2026 03:21:00 PM,RIDGE PL,NA,Rear To Rear,Clear,Dry,Daylight,No Controls,NONE DETECTED,Yes,No Apparent Injury,Followed Too Closely,Not Distracted,MD,Bus - School,Moving Constant Speed,25,No,2016,THOMAS BUILT,HDX,39.00269283,-77.1256795,2026,2,15
260005258,Property Damage Crash,02/04/2026 03:15:00 PM,NA,NA,"Sideswipe, Opposite Direction",Cloudy,NA,Daylight,NA,NONE DETECTED,Yes,No Apparent Injury,Other Improper Action,Unknown,MD,Station Wagon,Turning Right,0,No,1998,SUBARU,LEGACY,39.28848908,-77.20227868,2026,2,15
260005209,Injury Crash,02/04/2026 03:05:00 PM,ROCKVILLE PIKE,NA,Angle,Clear,Dry,Daylight,Traffic Control Signal,NONE DETECTED,Yes,Possible Minor Injury,NA,Not Distracted,MD,Passenger Car,Turning Left,35,No,2005,TOYOTA,CAMRY,39.08352039,-77.14680953,2026,2,15
260005209,Injury Crash,02/04/2026 03:05:00 PM,ROCKVILLE PIKE,NA,Angle,Clear,Dry,Daylight,Traffic Control Signal,NONE DETECTED,No,No Apparent Injury,NA,Not Distracted,MD,Passenger Car,Moving Constant Speed,35,No,2022,TESLA,MODEL 3,39.08352039,-77.14680953,2026,2,15
260005208,Property Damage Crash,02/04/2026 02:41:00 PM,OLD COLUMBIA PIKE (SB/L),NA,"Sideswipe, Same Direction",Clear,Wet,Daylight,Traffic Control Signal,NONE DETECTED,No,No Apparent Injury,NA,Not Distracted,MD,Passenger Car,Moving Constant Speed,25,No,2005,TOYOTA,HIGHLANDER,39.11144085,-76.93226046,2026,2,14
260005208,Property Damage Crash,02/04/2026 02:41:00 PM,OLD COLUMBIA PIKE (SB/L),NA,"Sideswipe, Same Direction",Clear,Wet,Daylight,Traffic Control Signal,NONE DETECTED,No,No Apparent Injury,NA,Unknown,MD,Passenger Car,Overtaking/Passing,25,No,2021,HONDA,ACCORD,39.11144085,-76.93226046,2026,2,14
260005202,Injury Crash,02/04/2026 02:00:00 PM,COLUMBIA PIKE,NA,Front to Rear,Clear,Dry,Daylight,No Controls,NONE DETECTED,No,NA,"Operated Motor Vehicle in Inattentive, Careless, Negligent, or Erratic Manner, Operated Motor Vehicle in Reckless or Aggressive Manner, Other Improper Action",NA,NA,Passenger Car,Slowing or Stopping,50,No,0,NA,NA,39.08330958,-76.94774887,2026,2,14
260005202,Injury Crash,02/04/2026 02:00:00 PM,COLUMBIA PIKE,NA,Front to Rear,Clear,Dry,Daylight,No Controls,NONE DETECTED,No,Possible Minor Injury,NA,Not Distracted,MD,Passenger Car,Moving Constant Speed,50,No,2013,HONDA,ACCORD,39.08330958,-76.94774887,2026,2,14
260005191,Injury Crash,02/04/2026 12:40:00 PM,UNIVERSITY BLVD W,NA,Angle,Clear,Wet,Daylight,Traffic Control Signal,NONE DETECTED,No,Possible Minor Injury,NA,Not Distracted,MD,Passenger Car,Moving Constant Speed,35,No,2009,CHEVROLET,COBALT,39.0198175,-77.01334307,2026,2,12
260005191,Injury Crash,02/04/2026 12:40:00 PM,UNIVERSITY BLVD W,NA,Angle,Clear,Wet,Daylight,Traffic Control Signal,NONE DETECTED,Yes,No Apparent Injury,NA,Unknown,VA,Sport Utility Vehicle,Moving Constant Speed,35,No,2021,FORD,EXPEDITION MAX,39.0198175,-77.01334307,2026,2,12
260005193,Property Damage Crash,02/04/2026 12:40:00 PM,DARNESTOWN RD,NA,Angle,Clear,Dry,Daylight,Traffic Control Signal,NONE DETECTED,No,No Apparent Injury,NA,Not Distracted,MD,Pickup,Turning Left,40,No,2003,FORD,RANGER,39.10054103,-77.2134194,2026,2,12
260005193,Property Damage Crash,02/04/2026 12:40:00 PM,DARNESTOWN RD,NA,Angle,Clear,Dry,Daylight,Traffic Control Signal,NONE DETECTED,No,No Apparent Injury,NA,"Other Action (looking away from task, etc.)",MD,Passenger Car,Moving Constant Speed,40,No,2020,HONDA,CIVIC,39.10054103,-77.2134194,2026,2,12
260005191,Injury Crash,02/04/2026 12:40:00 PM,UNIVERSITY BLVD W,NA,Angle,Clear,Wet,Daylight,Traffic Control Signal,NONE DETECTED,No,Possible Minor Injury,NA,Not Distracted,MD,Sport Utility Vehicle,Moving Constant Speed,35,No,2023,TOYOTA,RAV4,39.0198175,-77.01334307,2026,2,12
260006424,Property Damage Crash,02/04/2026 12:13:00 PM,NA,NA,"Sideswipe, Same Direction",Clear,NA,Daylight,NA,NONE DETECTED,No,No Apparent Injury,NA,Unknown,TX,Pickup,Backing,0,No,2025,RAM,2500,38.94333131,-77.11589727,2026,2,12
260005230,Property Damage Crash,02/04/2026 11:53:00 AM,GEORGIA AVE,NA,Front to Rear,Clear,Dry,Daylight,Traffic Control Signal,NONE DETECTED,No,NA,NA,NA,NA,Passenger Car,Accelerating,30,No,2018,HONDA,CIVIC,39.04293451,-77.05198781,2026,2,11
260005230,Property Damage Crash,02/04/2026 11:53:00 AM,GEORGIA AVE,NA,Front to Rear,Clear,Dry,Daylight,Traffic Control Signal,NONE DETECTED,No,No Apparent Injury,NA,Not Distracted,MD,Passenger Car,Slowing or Stopping,30,No,2019,HONDA,CR-V,39.04293451,-77.05198781,2026,2,11
260005187,Property Damage Crash,02/04/2026 11:42:00 AM,FLOWER AVE,NA,"Sideswipe, Same Direction",Clear,Dry,Daylight,No Controls,NONE DETECTED,No,NA,NA,NA,NA,NA,Overtaking/Passing,25,No,0,NA,NA,39.00950057,-77.00820065,2026,2,11
260005187,Property Damage Crash,02/04/2026 11:42:00 AM,FLOWER AVE,NA,"Sideswipe, Same Direction",Clear,Dry,Daylight,No Controls,NONE DETECTED,No,No Apparent Injury,NA,Not Distracted,MD,Bus - School,Stopped in Traffic,25,No,2025,FREIGHTLINER,B2 106 ELECTRIC CONVENTIONAL CHASSIS,39.00950057,-77.00820065,2026,2,11
260005175,Injury Crash,02/04/2026 11:35:00 AM,W MONTGOMERY AVE,NA,Rear To Side,Clear,Dry,Daylight,Stop Sign,NONE DETECTED,Yes,Possible Minor Injury,NA,Not Distracted,MD,Passenger Car,Entering Traffic Lane,25,No,2019,HONDA,CIVIC,39.08416372,-77.15480383,2026,2,11
260005175,Injury Crash,02/04/2026 11:35:00 AM,W MONTGOMERY AVE,NA,Rear To Side,Clear,Dry,Daylight,No Controls,NONE DETECTED,No,No Apparent Injury,NA,Not Distracted,MD,Passenger Car,Moving Constant Speed,25,No,2003,TOYOTA,4-RUNNER,39.08416372,-77.15480383,2026,2,11
260005186,Property Damage Crash,02/04/2026 11:22:00 AM,BARRON ST,NA,"Sideswipe, Opposite Direction",Cloudy,Wet,Daylight,Traffic Control Signal,NONE DETECTED,No,No Apparent Injury,NA,Not Distracted,MD,Bus - School,Turning Left,30,No,2021,THOMAS BUILT,HDX,38.99913559,-76.99727721,2026,2,11
260005186,Property Damage Crash,02/04/2026 11:22:00 AM,BARRON ST,NA,"Sideswipe, Opposite Direction",Cloudy,Wet,Daylight,Traffic Control Signal,NONE DETECTED,No,NA,NA,NA,NA,NA,Turning Left,30,No,0,NA,NA,38.99913559,-76.99727721,2026,2,11
260005174,Injury Crash,02/04/2026 11:08:00 AM,IS 270 LOCAL LANES (NB),NA,Front to Rear,Clear,Dry,Daylight,No Controls,NONE DETECTED,No,Possible Minor Injury,NA,Not Distracted,MD,Passenger Car,Slowing or Stopping,40,No,2023,KIA,SOUL,39.13174151,-77.20637564,2026,2,11
260005174,Injury Crash,02/04/2026 11:08:00 AM,IS 270 LOCAL LANES (NB),NA,Front to Rear,Clear,Dry,Daylight,No Controls,NONE DETECTED,Yes,Possible Minor Injury,Other Improper Action,Unknown,MD,Passenger Car,Moving Constant Speed,40,No,2018,SUBARU,LEGACY,39.13174151,-77.20637564,2026,2,11
260005170,Property Damage Crash,02/04/2026 10:45:00 AM,NAHANT ST,NA,"Sideswipe, Same Direction",Clear,Dry,Daylight,No Controls,NONE DETECTED,Yes,No Apparent Injury,"Operated Motor Vehicle in Inattentive, Careless, Negligent, or Erratic Manner",Unknown,MD,Bus - School,Moving Constant Speed,25,No,2016,THOMAS BUILT,HDX,38.95925567,-77.11838183,2026,2,10
260005167,Property Damage Crash,02/04/2026 10:35:00 AM,ROSS RD,NA,"Sideswipe, Opposite Direction",Clear,Wet,Daylight,Stop Sign,NONE DETECTED,No,No Apparent Injury,NA,Not Distracted,MD,Passenger Car,Slowing or Stopping,25,No,2012,TOYOTA,CAMRY,38.99598917,-77.05282667,2026,2,10
260005167,Property Damage Crash,02/04/2026 10:35:00 AM,ROSS RD,NA,"Sideswipe, Opposite Direction",Clear,Wet,Daylight,Stop Sign,NONE DETECTED,No,No Apparent Injury,NA,Not Distracted,MD,Bus - School,Moving Constant Speed,25,No,2021,THOMAS BUILT,HDX,38.99598917,-77.05282667,2026,2,10
260005158,Property Damage Crash,02/04/2026 10:30:00 AM,GIRARD ST,NA,Angle,Clear,Dry,Daylight,Stop Sign,NONE DETECTED,Yes,No Apparent Injury,Failed to Yield Right-of-Way,Unknown,MD,Bus - School,Entering Traffic Lane,15,No,2018,FREIGHTLINER,B2 BUS CHASSIS,39.141889,-77.18298433,2026,2,10
260005158,Property Damage Crash,02/04/2026 10:30:00 AM,GIRARD ST,NA,Angle,Clear,Dry,Daylight,No Controls,NONE DETECTED,No,No Apparent Injury,NA,Not Distracted,MD,Pickup,Moving Constant Speed,30,No,2011,FORD,F-350,39.141889,-77.18298433,2026,2,10
260005155,Property Damage Crash,02/04/2026 10:12:00 AM,NA,NA,Angle,Clear,Dry,Daylight,No Controls,NONE DETECTED,No,No Apparent Injury,NA,Not Distracted,MD,Bus - School,Moving Constant Speed,40,No,2015,THOMAS BUILT,HDX,39.11291413,-77.09008721,2026,2,10
260005155,Property Damage Crash,02/04/2026 10:12:00 AM,NA,NA,Angle,Clear,Dry,Daylight,No Controls,NONE DETECTED,Yes,No Apparent Injury,NA,Not Distracted,MD,Passenger Car,Accelerating,15,No,2013,ACURA,TL,39.11291413,-77.09008721,2026,2,10
260005150,Property Damage Crash,02/04/2026 09:30:00 AM,ROCKVILLE PIKE,NA,"Sideswipe, Same Direction",Clear,Dry,Daylight,No Controls,NONE DETECTED,No,No Apparent Injury,NA,Not Distracted,MD,Pickup,Slowing or Stopping,35,No,2021,GMC,SIERRA,39.04406468,-77.11131612,2026,2,9
260005150,Property Damage Crash,02/04/2026 09:30:00 AM,ROCKVILLE PIKE,NA,"Sideswipe, Same Direction",Clear,Dry,Daylight,No Controls,NONE DETECTED,No,No Apparent Injury,Failed to Keep in Proper Lane,Unknown,NA,Passenger Car,Changing Lanes,35,No,2020,HONDA,ACCORD,39.04406468,-77.11131612,2026,2,9
260005148,Property Damage Crash,02/04/2026 09:00:00 AM,NA,NA,"Sideswipe, Opposite Direction",Clear,Slush,Daylight,No Controls,NONE DETECTED,Yes,No Apparent Injury,Disregarded Other Road Markings,Not Distracted,MD,Single-Unit Truck,Moving Constant Speed,30,No,2027,KENWORTH,W9 SERIES,39.181258,-77.35314624,2026,2,9
260005148,Property Damage Crash,02/04/2026 09:00:00 AM,NA,NA,"Sideswipe, Opposite Direction",Clear,Slush,Daylight,No Controls,NONE DETECTED,Yes,No Apparent Injury,Disregarded Other Road Markings,Not Distracted,MD,Single-Unit Truck,Moving Constant Speed,30,No,2025,INTERNATIONAL,MV607,39.181258,-77.35314624,2026,2,9
260005147,Property Damage Crash,02/04/2026 08:57:00 AM,CASHELL RD,NA,Front to Rear,Clear,Dry,Daylight,Stop Sign,NONE DETECTED,No,No Apparent Injury,NA,Not Distracted,MD,Bus - School,Stopped in Traffic,35,No,2016,THOMAS BUILT,HDX,39.13968849,-77.09031592,2026,2,8
260005147,Property Damage Crash,02/04/2026 08:57:00 AM,CASHELL RD,NA,Front to Rear,Clear,Dry,Daylight,Stop Sign,NONE DETECTED,Yes,No Apparent Injury,Other Improper Action,Not Distracted,MD,Passenger Car,Moving Constant Speed,35,No,2025,TESLA,MODEL 3,39.13968849,-77.09031592,2026,2,8
260005146,Injury Crash,02/04/2026 08:39:00 AM,PHILADELPHIA AVE,NA,Front to Rear,Clear,Dry,Daylight,Pedestrian Crossing Sign,NONE DETECTED,Yes,No Apparent Injury,NA,Unknown,MD,Passenger Car,Moving Constant Speed,25,No,2003,TOYOTA,CAMRY,38.98124732,-77.01165753,2026,2,8
260005146,Injury Crash,02/04/2026 08:39:00 AM,PHILADELPHIA AVE,NA,Front to Rear,Clear,Dry,Daylight,Pedestrian Crossing Sign,NONE DETECTED,No,No Apparent Injury,NA,Not Distracted,MD,Passenger Car,Parked,25,No,2020,FORD,TRANSIT,38.98124732,-77.01165753,2026,2,8
260005145,Property Damage Crash,02/04/2026 08:14:00 AM,AMHERST AVE,NA,"Sideswipe, Same Direction",Clear,Dry,Daylight,No Controls,NONE DETECTED,Yes,No Apparent Injury,NA,Not Distracted,MD,Sport Utility Vehicle,Entering Traffic Lane,25,No,2021,TOYOTA,RAV4,39.03715681,-77.04840011,2026,2,8
260005145,Property Damage Crash,02/04/2026 08:14:00 AM,AMHERST AVE,NA,"Sideswipe, Same Direction",Clear,Dry,Daylight,No Controls,NONE DETECTED,No,No Apparent Injury,NA,Not Distracted,MD,Sport Utility Vehicle,Moving Constant Speed,25,No,2014,HONDA,CR-V,39.03715681,-77.04840011,2026,2,8
260005143,Injury Crash,02/04/2026 07:59:00 AM,FATHER HURLEY BLVD (NB/L),NA,Front to Rear,Clear,Ice/Frost,Daylight,No Controls,NONE DETECTED,No,No Apparent Injury,NA,Not Distracted,MD,Bus - Transit,Slowing or Stopping,35,No,2014,GILLIG,LOW FLOOR BUS,39.18643133,-77.27356967,2026,2,7
260005143,Injury Crash,02/04/2026 07:59:00 AM,FATHER HURLEY BLVD (NB/L),NA,Front to Rear,Clear,Ice/Frost,Daylight,No Controls,NONE DETECTED,Yes,Suspected Serious Injury,Too Fast For Conditions,Not Distracted,MD,Passenger Car,Turning Left,35,No,2006,JEEP,LIBERTY,39.18643133,-77.27356967,2026,2,7
260005137,Injury Crash,02/04/2026 04:30:00 AM,NA,NA,Single Vehicle,Cloudy,NA,Dark,NA,NONE DETECTED,Yes,Possible Minor Injury,"Failed to Keep in Proper Lane, Too Fast For Conditions",Unknown,MD,Passenger Car,NA,0,No,2013,TOYOTA,VENZA,39.20024665,-77.45312782,2026,2,4
260005133,Property Damage Crash,02/04/2026 03:10:00 AM,TREETOP DR,NA,Single Vehicle,Clear,Dry,Medium,Stop Sign,NONE DETECTED,No,No Apparent Injury,NA,Not Distracted,MD,Sport Utility Vehicle,Turning Right,35,No,2014,JEEP,PATRIOT,39.058868,-76.96937385,2026,2,3
260005112,Property Damage Crash,02/03/2026 08:34:00 PM,RAMP 2 FR MD 124 WB TO IS 270 NB,NA,Single Vehicle,Clear,Slush,Medium,No Controls,NONE DETECTED,Yes,No Apparent Injury,NA,Not Distracted,VA,Passenger Car,Turning Right,30,No,2021,MAZDA,MAZDA3,39.150306,-77.21481167,2026,2,20
260005114,Injury Crash,02/03/2026 08:17:00 PM,GEORGIA AVE (SB/L),NA,Front to Rear,Clear,Dry,Medium,No Controls,ALCOHOL PRESENT,Yes,No Apparent Injury,"Followed Too Closely, Operated Motor Vehicle in Inattentive, Careless, Negligent, or Erratic Manner",Not Distracted,MD,Passenger Car,Moving Constant Speed,35,No,2011,TOYOTA,CAMRY,39.05533074,-77.05016935,2026,2,20
260005114,Injury Crash,02/03/2026 08:17:00 PM,GEORGIA AVE (SB/L),NA,Front to Rear,Clear,Dry,Medium,No Controls,NONE DETECTED,No,Possible Minor Injury,NA,Not Distracted,MD,Pickup,Stopped in Traffic,35,No,2017,TOYOTA,TACOMA,39.05533074,-77.05016935,2026,2,20
260005110,Property Damage Crash,02/03/2026 08:02:00 PM,ADAMS DR,NA,Front to Front,Clear,Dry,Dark,No Controls,NONE DETECTED,No,NA,NA,NA,NA,Passenger Car,Accelerating,25,No,2026,TOYOTA,SCION TC,39.04751544,-77.07687296,2026,2,20
260005102,Property Damage Crash,02/03/2026 07:15:00 PM,CALVERTON BLVD,NA,Front to Front,Clear,Dry,Medium,No Controls,NONE DETECTED,No,No Apparent Injury,NA,Not Distracted,MD,Passenger Car,Moving Constant Speed,30,No,2017,NISSAN,ALTIMA,39.05703517,-76.950334,2026,2,19
260005102,Property Damage Crash,02/03/2026 07:15:00 PM,CALVERTON BLVD,NA,Front to Front,Clear,Dry,Medium,No Controls,NONE DETECTED,No,No Apparent Injury,NA,Not Distracted,MD,Passenger Car,Moving Constant Speed,30,No,2026,TOYOTA,COROLLA,39.05703517,-76.950334,2026,2,19
260005102,Property Damage Crash,02/03/2026 07:15:00 PM,CALVERTON BLVD,NA,Front to Front,Clear,Dry,Medium,No Controls,NONE DETECTED,Yes,No Apparent Injury,NA,Not Distracted,MD,Passenger Car,Moving Constant Speed,30,No,2014,HONDA,CIVIC,39.05703517,-76.950334,2026,2,19
260005103,Property Damage Crash,02/03/2026 06:51:00 PM,MINTWOOD ST,NA,"Sideswipe, Opposite Direction",Clear,Slush,Dark,No Controls,NONE DETECTED,No,NA,NA,NA,NA,Passenger Car,Turning Left,15,No,2026,RAM,PROMASTER 2500,39.00573834,-77.00240164,2026,2,18
260005103,Property Damage Crash,02/03/2026 06:51:00 PM,MINTWOOD ST,NA,"Sideswipe, Opposite Direction",Clear,Slush,Dark,No Controls,NONE DETECTED,No,No Apparent Injury,NA,Not Distracted,MD,Sport Utility Vehicle,Turning Right,15,No,2015,SUBARU,FORESTER,39.00573834,-77.00240164,2026,2,18
260005095,Injury Crash,02/03/2026 06:37:00 PM,NA,Pedestrian,Single Vehicle,Clear,Dry,Dark,No Controls,NONE DETECTED,No,No Apparent Injury,NA,Not Distracted,MD,Passenger Car,Moving Constant Speed,35,No,2022,PORSCHE,TAYCAN,39.00193644,-77.15973981,2026,2,18
260005093,Injury Crash,02/03/2026 06:29:00 PM,NEW HAMPSHIRE AVE,NA,Front to Rear,Clear,Dry,Medium,Traffic Control Signal,NONE DETECTED,Yes,No Apparent Injury,NA,Not Distracted,MD,Passenger Car,Changing Lanes,40,No,2015,TOYOTA,SCION TC,39.06161983,-76.9983975,2026,2,18
260005093,Injury Crash,02/03/2026 06:29:00 PM,NEW HAMPSHIRE AVE,NA,Front to Rear,Clear,Dry,Medium,Traffic Control Signal,NONE DETECTED,No,Possible Minor Injury,NA,Not Distracted,MD,Passenger Car,Moving Constant Speed,40,No,2018,CHEVROLET,CRUZE,39.06161983,-76.9983975,2026,2,18
260005091,Injury Crash,02/03/2026 06:21:00 PM,BROADBIRCH DR,NA,Angle,Clear,Dry,Medium,Stop Sign,NONE DETECTED,Yes,No Apparent Injury,Failed to Yield Right-of-Way,Unknown,MD,Passenger Car,Turning Left,30,No,2013,TOYOTA,PRIUS,39.055659,-76.95611,2026,2,18
260005091,Injury Crash,02/03/2026 06:21:00 PM,BROADBIRCH DR,NA,Angle,Clear,Dry,Medium,No Controls,NONE DETECTED,No,Possible Minor Injury,NA,Not Distracted,MD,Passenger Car,Moving Constant Speed,30,No,2011,SUBARU,LEGACY,39.055659,-76.95611,2026,2,18
260005087,Property Damage Crash,02/03/2026 05:39:00 PM,NORBECK RD (WB/L),NA,"Sideswipe, Same Direction",Clear,Dry,Daylight,No Controls,NONE DETECTED,No,No Apparent Injury,NA,NA,NA,Passenger Car,Moving Constant Speed,35,No,2004,BMW,325I,39.10948757,-77.07769654,2026,2,17
260005087,Property Damage Crash,02/03/2026 05:39:00 PM,NORBECK RD (WB/L),NA,"Sideswipe, Same Direction",Clear,Dry,Daylight,No Controls,NONE DETECTED,Yes,No Apparent Injury,Other Improper Action,Not Distracted,MD,Passenger Car,Changing Lanes,35,No,2025,NISSAN,ROGUE,39.10948757,-77.07769654,2026,2,17
260005084,Property Damage Crash,02/03/2026 05:33:00 PM,GEORGIA AVE,NA,Angle,Clear,Dry,Daylight,No Controls,NONE DETECTED,No,No Apparent Injury,NA,Not Distracted,MD,Passenger Car,Moving Constant Speed,30,No,2016,HONDA,CR-V,39.00520741,-77.0378008,2026,2,17
260005084,Property Damage Crash,02/03/2026 05:33:00 PM,GEORGIA AVE,NA,Angle,Clear,Dry,Daylight,No Controls,NONE DETECTED,Yes,No Apparent Injury,Failed to Yield Right-of-Way,Not Distracted,MD,Passenger Car,Turning Left,30,No,2019,HONDA,ODYSSEY,39.00520741,-77.0378008,2026,2,17
260005094,Property Damage Crash,02/03/2026 05:19:00 PM,NA,NA,Other,Clear,NA,Medium,NA,NONE DETECTED,No,No Apparent Injury,NA,Unknown,MD,Passenger Car,Backing,0,No,2017,TOYOTA,CAMRY,39.09742491,-77.19234286,2026,2,17
260005094,Property Damage Crash,02/03/2026 05:19:00 PM,NA,NA,Other,Clear,NA,Medium,NA,NONE DETECTED,No,NA,NA,NA,NA,NA,Backing,0,No,0,NA,NA,39.09742491,-77.19234286,2026,2,17
260005075,Injury Crash,02/03/2026 05:03:00 PM,GREAT SENECA HWY (SB/L),NA,Front to Rear,Clear,Dry,Daylight,No Controls,NONE DETECTED,No,No Apparent Injury,NA,Not Distracted,NC,Passenger Car,Moving Constant Speed,35,No,2023,CHEVROLET,COLORADO,39.16743902,-77.26861465,2026,2,17
260005075,Injury Crash,02/03/2026 05:03:00 PM,GREAT SENECA HWY (SB/L),NA,Front to Rear,Clear,Dry,Daylight,No Controls,NONE DETECTED,Yes,No Apparent Injury,Followed Too Closely,Unknown,DC,Passenger Car,Moving Constant Speed,35,No,2016,NISSAN,ALTIMA,39.16743902,-77.26861465,2026,2,17
260005075,Injury Crash,02/03/2026 05:03:00 PM,GREAT SENECA HWY (SB/L),NA,Front to Rear,Clear,Dry,Daylight,No Controls,NONE DETECTED,No,Possible Minor Injury,NA,Unknown,MD,Passenger Car,Moving Constant Speed,35,No,2022,KIA,SOUL,39.16743902,-77.26861465,2026,2,17
260005070,Property Damage Crash,02/03/2026 04:51:00 PM,BROADBIRCH DR,NA,Front to Front,Clear,Dry,Daylight,No Controls,NONE DETECTED,No,No Apparent Injury,NA,Not Distracted,MD,Passenger Car,Moving Constant Speed,35,No,1997,TOYOTA,COROLLA,39.0557516,-76.9555658,2026,2,16
260005070,Property Damage Crash,02/03/2026 04:51:00 PM,BROADBIRCH DR,NA,Front to Front,Clear,Dry,Daylight,Stop Sign,NONE DETECTED,No,No Apparent Injury,NA,Not Distracted,DC,Passenger Car,Moving Constant Speed,35,No,2016,KIA,SOUL,39.0557516,-76.9555658,2026,2,16
260005068,Property Damage Crash,02/03/2026 04:45:00 PM,LA PLATA ST,NA,Single Vehicle,Clear,Dry,Daylight,No Controls,NONE DETECTED,No,No Apparent Injury,Other Improper Action,Not Distracted,MD,Passenger Car,Turning Right,25,No,2017,FORD,TAURUS,39.05757348,-76.944881,2026,2,16
260005067,Property Damage Crash,02/03/2026 04:08:00 PM,MELVERN DR,NA,Rear To Side,Clear,Dry,Daylight,No Controls,NONE DETECTED,Yes,No Apparent Injury,"Operated Motor Vehicle in Inattentive, Careless, Negligent, or Erratic Manner",Not Distracted,MD,Passenger Car,Backing,15,No,2009,HONDA,ODYSSEY,39.0097206,-77.1241302,2026,2,16
260005063,Property Damage Crash,02/03/2026 03:58:00 PM,FERNWOOD RD,NA,Angle,Clear,Dry,Daylight,No Controls,NONE DETECTED,No,No Apparent Injury,NA,Not Distracted,MD,Passenger Car,Moving Constant Speed,30,No,2019,AUDI,RS 5,39.019797,-77.13444267,2026,2,15
260005063,Property Damage Crash,02/03/2026 03:58:00 PM,FERNWOOD RD,NA,Angle,Clear,Dry,Daylight,Stop Sign,NONE DETECTED,Yes,No Apparent Injury,Failed to Yield Right-of-Way,Not Distracted,MD,Sport Utility Vehicle,Accelerating,20,No,2020,TOYOTA,RAV4,39.019797,-77.13444267,2026,2,15
260005053,Property Damage Crash,02/03/2026 03:05:00 PM,NA,NA,Angle,Clear,NA,Daylight,NA,NONE DETECTED,No,NA,NA,NA,NA,Passenger Car,Turning Left,0,No,2018,SUBARU,FORESTER,39.02112133,-76.97558617,2026,2,15
260004871,Property Damage Crash,02/03/2026 02:46:00 PM,HUNGERFORD DR,NA,"Sideswipe, Same Direction",Clear,Dry,Daylight,Traffic Control Signal,NONE DETECTED,Yes,No Apparent Injury,Failed to Keep in Proper Lane,Unknown,MD,Other Trucks,Moving Constant Speed,35,No,2007,PIERCE MANUFACTURING,DASH,39.10600414,-77.15797424,2026,2,14
260004871,Property Damage Crash,02/03/2026 02:46:00 PM,HUNGERFORD DR,NA,"Sideswipe, Same Direction",Clear,Dry,Daylight,Traffic Control Signal,NONE DETECTED,No,No Apparent Injury,NA,Not Distracted,MD,Passenger Car,Moving Constant Speed,35,No,2019,FORD,TRANSIT CONNECT,39.10600414,-77.15797424,2026,2,14
260005026,Property Damage Crash,02/03/2026 12:45:00 PM,HAWKINS CREAMERY RD,NA,Single Vehicle,Clear,Dry,Daylight,No Controls,NONE DETECTED,Yes,No Apparent Injury,"Failed to Keep in Proper Lane, Ran Off Roadway",Unknown,MD,Pickup,Negotiating a Curve,45,No,1993,FORD,F-250,39.2674706,-77.1973959,2026,2,12
260005123,Property Damage Crash,02/03/2026 12:00:00 PM,NA,NA,Other,Clear,NA,Daylight,NA,NONE DETECTED,No,NA,NA,NA,NA,Sport Utility Vehicle,Backing,0,No,2018,TOYOTA,RAV4,39.11553016,-77.20723304,2026,2,12
260005017,Property Damage Crash,02/03/2026 11:56:00 AM,WOODFIELD RD,NA,"Sideswipe, Same Direction",Cloudy,Snow,Daylight,No Controls,NONE DETECTED,No,No Apparent Injury,NA,Not Distracted,MD,Single-Unit Truck,Moving Constant Speed,35,No,2025,PETERBILT,548,39.158933330000004,-77.16035446,2026,2,11