Local Case Number,ACRS Report Type,Crash Date/Time,Road Name,Related Non-Motorist,Collision Type,Weather,Surface Condition,Light,Traffic Control,Driver Substance Abuse,Driver At Fault,Injury Severity,Circumstance,Driver Distracted By,Drivers License State,Vehicle Body Type,Vehicle Movement,Speed Limit,Driverless Vehicle,Vehicle Year,Vehicle Make,Vehicle Model,Latitude,Longitude,Year,Month,Hour
260005017,Property Damage Crash,02/03/2026 11:56:00 AM,WOODFIELD RD,NA,"Sideswipe, Same Direction",Cloudy,Snow,Daylight,Traffic Control Signal,NONE DETECTED,Yes,No Apparent Injury,Failed to Keep in Proper Lane,Not Distracted,MD,Van - Passenger (&lt;9 Seats),Moving Constant Speed,35,No,2020,FORD,TRANSIT,39.158933330000004,-77.16035446,2026,2,11
260005022,Property Damage Crash,02/03/2026 11:50:00 AM,SCHOOL ACCESS RD,NA,"Sideswipe, Opposite Direction",Snow,Wet,Daylight,No Controls,NONE DETECTED,No,No Apparent Injury,Too Fast For Conditions,Not Distracted,MD,Passenger Car,Moving Constant Speed,35,No,2018,LEXUS,GX,39.11079247,-76.93649573,2026,2,11
260005022,Property Damage Crash,02/03/2026 11:50:00 AM,SCHOOL ACCESS RD,NA,"Sideswipe, Opposite Direction",Snow,Wet,Daylight,No Controls,NONE DETECTED,No,No Apparent Injury,Too Fast For Conditions,Not Distracted,NC,Passenger Car,Moving Constant Speed,35,No,2022,MERCEDES-BENZ,METRIS,39.11079247,-76.93649573,2026,2,11
260005014,Property Damage Crash,02/03/2026 11:45:00 AM,COLESVILLE RD,NA,"Sideswipe, Same Direction",Clear,Other,Daylight,No Controls,NONE DETECTED,No,NA,Failed to Keep in Proper Lane,NA,NA,NA,Moving Constant Speed,35,No,0,NA,NA,38.99924891,-77.02609656,2026,2,11
260005014,Property Damage Crash,02/03/2026 11:45:00 AM,COLESVILLE RD,NA,"Sideswipe, Same Direction",Clear,Other,Daylight,No Controls,NONE DETECTED,No,No Apparent Injury,NA,Not Distracted,MD,Bus - Transit,Moving Constant Speed,35,No,2014,GILLIG,LOW FLOOR BUS,38.99924891,-77.02609656,2026,2,11
260005000,Injury Crash,02/03/2026 11:14:00 AM,MONTGOMERY AVE,NA,Angle,Clear,Slush,Daylight,No Controls,NONE DETECTED,Yes,No Apparent Injury,NA,Not Distracted,MD,Passenger Car,Turning Left,30,No,2025,HYUNDAI,SONATA,39.14572617,-77.20363733,2026,2,11
260005000,Injury Crash,02/03/2026 11:14:00 AM,MONTGOMERY AVE,NA,Angle,Clear,Slush,Daylight,No Controls,NONE DETECTED,No,No Apparent Injury,NA,Not Distracted,MD,Passenger Car,Moving Constant Speed,30,No,2016,RAM,5500,39.14572617,-77.20363733,2026,2,11
260005000,Injury Crash,02/03/2026 11:14:00 AM,MONTGOMERY AVE,NA,Angle,Clear,Slush,Daylight,No Controls,NONE DETECTED,No,No Apparent Injury,NA,Not Distracted,MD,Passenger Car,Entering Traffic Lane,30,No,2025,TOYOTA,COROLLA CROSS,39.14572617,-77.20363733,2026,2,11
260004994,Property Damage Crash,02/03/2026 10:45:00 AM,LAYHILL RD (SB/L),NA,Angle,Clear,Snow,Daylight,Traffic Control Signal,NONE DETECTED,Yes,No Apparent Injury,NA,Unknown,MD,Passenger Car,Making U-Turn,30,No,2025,HONDA,CR-V,39.06327294,-77.05041036,2026,2,10
260004994,Property Damage Crash,02/03/2026 10:45:00 AM,LAYHILL RD (SB/L),NA,Angle,Clear,Snow,Daylight,Traffic Control Signal,NONE DETECTED,No,No Apparent Injury,NA,Unknown,MD,Passenger Car,Moving Constant Speed,30,No,2023,KIA,SELTOS,39.06327294,-77.05041036,2026,2,10
260004996,Property Damage Crash,02/03/2026 10:40:00 AM,BRIGHTVIEW ST,NA,"Sideswipe, Same Direction",Clear,Dry,Daylight,No Controls,NONE DETECTED,Yes,No Apparent Injury,NA,Unknown,MD,Bus - School,Negotiating a Curve,25,No,2020,THOMAS BUILT,HDX,39.05368367,-77.07462017,2026,2,10
260005002,Property Damage Crash,02/03/2026 10:39:00 AM,UNIVERSITY BLVD W (WB/L),NA,"Sideswipe, Same Direction",Clear,Dry,Daylight,Traffic Control Signal,NONE DETECTED,No,No Apparent Injury,NA,Not Distracted,MD,Pickup,Moving Constant Speed,30,No,2015,CHEVROLET,SILVERADO,39.03161389,-77.07500037,2026,2,10
260005002,Property Damage Crash,02/03/2026 10:39:00 AM,UNIVERSITY BLVD W (WB/L),NA,"Sideswipe, Same Direction",Clear,Dry,Daylight,Traffic Control Signal,NONE DETECTED,No,No Apparent Injury,NA,Not Distracted,NA,Sport Utility Vehicle,Moving Constant Speed,30,No,2011,TOYOTA,SIENNA,39.03161389,-77.07500037,2026,2,10
260004985,Property Damage Crash,02/03/2026 09:20:00 AM,BEALL AVE,NA,Single Vehicle,Clear,Snow,Daylight,No Controls,NONE DETECTED,Yes,No Apparent Injury,Improper Turn,Not Distracted,MD,Bus - School,Turning Left,35,No,2013,FREIGHTLINER,B2 BUS CHASSIS,39.29203144,-77.20330396,2026,2,9
260005098,Property Damage Crash,02/03/2026 09:17:00 AM,DUPONT AVE #2,NA,Single Vehicle,Clear,Slush,Daylight,No Controls,NONE DETECTED,No,NA,NA,NA,NA,Sport Utility Vehicle,Turning Left,30,No,2022,CADILLAC,ESCALADE ESV,39.03087447,-77.07636797,2026,2,9
260004988,Property Damage Crash,02/03/2026 09:11:00 AM,LANARK WAY,NA,Angle,Clear,Other,Daylight,Traffic Control Signal,NONE DETECTED,No,No Apparent Injury,NA,Not Distracted,MD,Passenger Car,Turning Right,40,No,2015,NISSAN,ALTIMA,39.01863603,-77.0144512,2026,2,9
260004988,Property Damage Crash,02/03/2026 09:11:00 AM,LANARK WAY,NA,Angle,Clear,Other,Daylight,Traffic Control Signal,NONE DETECTED,No,No Apparent Injury,NA,Not Distracted,MD,Passenger Car,Moving Constant Speed,40,No,2014,NISSAN,NV200,39.01863603,-77.0144512,2026,2,9
260005019,Injury Crash,02/03/2026 09:00:00 AM,COLESVILLE RD,NA,Front to Rear,Clear,Dry,Daylight,No Controls,NONE DETECTED,No,Possible Minor Injury,NA,Not Distracted,MD,Sport Utility Vehicle,Moving Constant Speed,35,No,2015,TOYOTA,SCION XB,38.99851074,-77.02641694,2026,2,9
260005019,Injury Crash,02/03/2026 09:00:00 AM,COLESVILLE RD,NA,Front to Rear,Clear,Dry,Daylight,No Controls,NONE DETECTED,No,NA,Followed Too Closely,NA,NA,Sport Utility Vehicle,NA,35,No,2015,ACURA,RDX,38.99851074,-77.02641694,2026,2,9
260004974,Property Damage Crash,02/03/2026 07:02:00 AM,GEORGIA AVE,NA,"Sideswipe, Same Direction",Cloudy,Dry,Daylight,No Controls,NONE DETECTED,No,No Apparent Injury,NA,Unknown,MD,Pickup,Moving Constant Speed,35,No,2011,DODGE,RAM CHASSIS CAB,39.05377517,-77.05060433,2026,2,7
260004974,Property Damage Crash,02/03/2026 07:02:00 AM,GEORGIA AVE,NA,"Sideswipe, Same Direction",Cloudy,Dry,Daylight,No Controls,NONE DETECTED,Yes,No Apparent Injury,NA,Unknown,VA,Other,Changing Lanes,35,No,2026,INTERNATIONAL,MV607,39.05377517,-77.05060433,2026,2,7
260004973,Property Damage Crash,02/03/2026 07:00:00 AM,RIVER RD,NA,Single Vehicle,Clear,Dry,Dark,No Controls,NONE DETECTED,No,No Apparent Injury,NA,Not Distracted,MD,Passenger Car,Moving Constant Speed,35,No,2016,TOYOTA,CAMRY,39.03016338,-77.2296095,2026,2,7
260004971,Property Damage Crash,02/03/2026 06:57:00 AM,FLOWER AVE,NA,"Sideswipe, Opposite Direction",Cloudy,Dry,Medium,No Controls,NONE DETECTED,No,No Apparent Injury,NA,Not Distracted,MD,Bus - School,Moving Constant Speed,30,No,2000,INTERNATIONAL,3800,38.99568533,-77.00290133,2026,2,6
260004971,Property Damage Crash,02/03/2026 06:57:00 AM,FLOWER AVE,NA,"Sideswipe, Opposite Direction",Cloudy,Dry,Medium,No Controls,NONE DETECTED,No,NA,NA,NA,NA,Pickup,Moving Constant Speed,30,No,2015,RAM,1500,38.99568533,-77.00290133,2026,2,6
260004958,Property Damage Crash,02/02/2026 11:55:00 PM,W GUDE DR (WB/L),NA,Angle,Clear,Dry,Medium,Flashing Traffic Control Signal,NONE DETECTED,No,No Apparent Injury,NA,Not Distracted,MD,Passenger Car,Moving Constant Speed,35,No,2020,VOLKSWAGEN,JETTA,39.1002313,-77.18213413,2026,2,23
260004958,Property Damage Crash,02/02/2026 11:55:00 PM,W GUDE DR (WB/L),NA,Angle,Clear,Dry,Medium,Flashing Traffic Control Signal,NONE DETECTED,Yes,No Apparent Injury,NA,Not Distracted,MD,Passenger Car,Moving Constant Speed,35,No,2023,NISSAN,ALTIMA,39.1002313,-77.18213413,2026,2,23
260004950,Injury Crash,02/02/2026 09:50:00 PM,COLUMBIA PIKE (SB/L),NA,Front to Rear,Clear,Dry,Medium,Traffic Control Signal,NONE DETECTED,No,No Apparent Injury,NA,Not Distracted,MD,Passenger Car,Stopped in Traffic,50,No,2006,CHRYSLER,300C,39.10443048,-76.9332081,2026,2,21
260004950,Injury Crash,02/02/2026 09:50:00 PM,COLUMBIA PIKE (SB/L),NA,Front to Rear,Clear,Dry,Medium,Traffic Control Signal,NONE DETECTED,No,No Apparent Injury,NA,Not Distracted,MD,Passenger Car,Stopped in Traffic,50,No,2019,CHEVROLET,BOLT EV,39.10443048,-76.9332081,2026,2,21
260004950,Injury Crash,02/02/2026 09:50:00 PM,COLUMBIA PIKE (SB/L),NA,Front to Rear,Clear,Dry,Medium,Traffic Control Signal,NONE DETECTED,Yes,Possible Minor Injury,Other Improper Action,"Other Action (looking away from task, etc.)",MD,Passenger Car,Slowing or Stopping,50,No,2020,SUBARU,FORESTER,39.10443048,-76.9332081,2026,2,21
260004946,Property Damage Crash,02/02/2026 09:33:00 PM,GLENMONT CIR #1,NA,Rear To Side,Clear,Dry,Medium,Traffic Control Signal,NONE DETECTED,Yes,No Apparent Injury,NA,Unknown,VA,Passenger Car,Turning Right,35,No,2023,CHEVROLET,BOLT EV,39.05904795,-77.0476841,2026,2,21
260004946,Property Damage Crash,02/02/2026 09:33:00 PM,GLENMONT CIR #1,NA,Rear To Side,Clear,Dry,Medium,Traffic Control Signal,NONE DETECTED,No,No Apparent Injury,NA,Not Distracted,MD,Passenger Car,Moving Constant Speed,35,No,2014,MAZDA,MAZDA3,39.05904795,-77.0476841,2026,2,21
260004948,Property Damage Crash,02/02/2026 09:12:00 PM,NEWPORT MILL RD,NA,Single Vehicle,Clear,Wet,Medium,No Controls,NONE DETECTED,Yes,No Apparent Injury,Too Fast For Conditions,Unknown,MD,Passenger Car,Accelerating,25,No,2007,MAZDA,MX-5,39.04528606,-77.0645963,2026,2,21
260004941,Property Damage Crash,02/02/2026 08:55:00 PM,CHESTNUT ST,NA,Front to Rear,Clear,Dry,Medium,Traffic Control Signal,NONE DETECTED,No,No Apparent Injury,NA,Not Distracted,MD,Passenger Car,NA,25,No,2024,TOYOTA,TACOMA,39.14388283,-77.20172264,2026,2,20
260004941,Property Damage Crash,02/02/2026 08:55:00 PM,CHESTNUT ST,NA,Front to Rear,Clear,Dry,Medium,Traffic Control Signal,NONE DETECTED,No,NA,NA,NA,NA,Passenger Car,NA,25,No,2014,KIA,UNKNOWN,39.14388283,-77.20172264,2026,2,20
260004930,Property Damage Crash,02/02/2026 08:00:00 PM,GEORGIA AVE,NA,"Sideswipe, Same Direction",Clear,Dry,Medium,No Controls,NONE DETECTED,Yes,NA,NA,NA,NA,Pickup,NA,35,No,0,NA,NA,39.0589265,-77.05006317,2026,2,20
260004930,Property Damage Crash,02/02/2026 08:00:00 PM,GEORGIA AVE,NA,"Sideswipe, Same Direction",Clear,Dry,Medium,No Controls,NONE DETECTED,No,No Apparent Injury,NA,Not Distracted,MD,Passenger Car,Moving Constant Speed,35,No,2026,HONDA,ODYSSEY,39.0589265,-77.05006317,2026,2,20
260004937,Property Damage Crash,02/02/2026 07:17:00 PM,FIELDS RD,NA,Angle,Clear,Dry,Medium,Traffic Control Signal,NONE DETECTED,Yes,No Apparent Injury,Ran Red Light,Unknown,MD,Sport Utility Vehicle,Moving Constant Speed,45,No,2021,HYUNDAI,PALISADE,39.11625512,-77.20815293,2026,2,19
260004937,Property Damage Crash,02/02/2026 07:17:00 PM,FIELDS RD,NA,Angle,Clear,Dry,Medium,Traffic Control Signal,NONE DETECTED,No,No Apparent Injury,NA,Not Distracted,MD,Passenger Car,Turning Left,35,No,2023,TOYOTA,COROLLA,39.11625512,-77.20815293,2026,2,19
260004925,Property Damage Crash,02/02/2026 07:10:00 PM,CONNECTICUT AVE,NA,Front to Rear,Clear,Dry,Medium,No Controls,NONE DETECTED,No,No Apparent Injury,NA,Unknown,MD,Passenger Car,Slowing or Stopping,35,No,2024,TESLA,MODEL Y,38.9970955,-77.07709933,2026,2,19
260004925,Property Damage Crash,02/02/2026 07:10:00 PM,CONNECTICUT AVE,NA,Front to Rear,Clear,Dry,Medium,No Controls,NONE DETECTED,No,No Apparent Injury,NA,Unknown,MD,Passenger Car,Slowing or Stopping,35,No,2015,LEXUS,IS,38.9970955,-77.07709933,2026,2,19
260004927,Property Damage Crash,02/02/2026 07:09:00 PM,16TH ST,NA,Angle,Clear,Dry,Medium,Traffic Control Signal,NONE DETECTED,No,No Apparent Injury,NA,Not Distracted,MD,Passenger Car,Moving Constant Speed,35,No,2023,KIA,FORTE,38.99460199,-77.03621528,2026,2,19
260004922,Injury Crash,02/02/2026 07:01:00 PM,W DIAMOND AVE,NA,Rear To Side,Clear,Dry,Medium,No Controls,NONE DETECTED,Yes,No Apparent Injury,NA,Unknown,MD,Passenger Car,NA,35,No,2014,LEXUS,IS,39.14050144,-77.21079888,2026,2,19
260004922,Injury Crash,02/02/2026 07:01:00 PM,W DIAMOND AVE,NA,Rear To Side,Clear,Dry,Medium,No Controls,NONE DETECTED,No,No Apparent Injury,NA,Unknown,MD,Passenger Car,NA,35,No,1995,TOYOTA,COROLLA,39.14050144,-77.21079888,2026,2,19
260004913,Injury Crash,02/02/2026 06:24:00 PM,RANDOLPH RD,NA,Angle,Clear,Dry,Medium,No Controls,NONE DETECTED,Yes,Possible Minor Injury,Failed to Yield Right-of-Way,Not Distracted,MD,Passenger Car,Turning Left,35,No,2024,HONDA,CIVIC,39.05901466,-77.06498467,2026,2,18
260004913,Injury Crash,02/02/2026 06:24:00 PM,RANDOLPH RD,NA,Angle,Clear,Dry,Medium,No Controls,NONE DETECTED,No,No Apparent Injury,NA,Not Distracted,MD,Passenger Car,Moving Constant Speed,35,No,2018,HYUNDAI,ELANTRA GT,39.05901466,-77.06498467,2026,2,18
260004914,Property Damage Crash,02/02/2026 06:14:00 PM,NA,NA,Front to Rear,Clear,NA,Medium,NA,NONE DETECTED,Yes,No Apparent Injury,"Improper Backing, Other Improper Action",Not Distracted,NA,Passenger Car,Backing,0,No,2002,ACURA,TL,39.15407,-77.1971665,2026,2,18
260004914,Property Damage Crash,02/02/2026 06:14:00 PM,NA,NA,Front to Rear,Clear,NA,Medium,NA,NONE DETECTED,No,No Apparent Injury,NA,Not Distracted,MD,Sport Utility Vehicle,Slowing or Stopping,0,No,2026,HONDA,CR-V,39.15407,-77.1971665,2026,2,18
260004918,Property Damage Crash,02/02/2026 05:57:00 PM,MONTGOMERY VILLAGE AVE,NA,Single Vehicle,Clear,Dry,Medium,Traffic Control Signal,ALCOHOL PRESENT,Yes,No Apparent Injury,"Failed to Keep in Proper Lane, Over-Correcting/Over-Steering",Unknown,MD,Passenger Car,Moving Constant Speed,35,No,2015,CADILLAC,SRX,39.18853077,-77.19633332,2026,2,17
260004907,Property Damage Crash,02/02/2026 05:45:00 PM,DEMOCRACY BLVD,NA,"Sideswipe, Same Direction",Clear,Snow,Medium,No Controls,NONE DETECTED,No,No Apparent Injury,NA,Not Distracted,MD,Passenger Car,Moving Constant Speed,35,No,2016,MERCEDES-BENZ,CLS-CLASS,39.02248718,-77.14905271,2026,2,17
260004907,Property Damage Crash,02/02/2026 05:45:00 PM,DEMOCRACY BLVD,NA,"Sideswipe, Same Direction",Clear,Snow,Medium,No Controls,NONE DETECTED,Yes,No Apparent Injury,NA,Not Distracted,PA,Single-Unit Truck,Moving Constant Speed,35,No,2018,FREIGHTLINER,M2,39.02248718,-77.14905271,2026,2,17
260004895,Property Damage Crash,02/02/2026 04:50:00 PM,NA,NA,Front to Rear,Clear,NA,Daylight,NA,NONE DETECTED,No,No Apparent Injury,NA,Not Distracted,VA,Passenger Car,Moving Constant Speed,0,No,2018,HONDA,CIVIC,39.01751983,-77.21045491,2026,2,16
260004895,Property Damage Crash,02/02/2026 04:50:00 PM,NA,NA,Front to Rear,Clear,NA,Daylight,NA,NONE DETECTED,No,NA,NA,NA,NA,Sport Utility Vehicle,Backing,0,No,0,NA,NA,39.01751983,-77.21045491,2026,2,16
260004892,Property Damage Crash,02/02/2026 04:43:00 PM,LANGLEY DR,NA,Angle,Clear,Dry,Daylight,Stop Sign,NONE DETECTED,Yes,No Apparent Injury,Failed to Yield Right-of-Way,Not Distracted,MD,Passenger Car,Turning Left,25,No,2024,CHEVROLET,TRAX,39.00150903,-76.99549657,2026,2,16
260004892,Property Damage Crash,02/02/2026 04:43:00 PM,LANGLEY DR,NA,Angle,Clear,Dry,Daylight,No Controls,NONE DETECTED,No,No Apparent Injury,NA,Not Distracted,MD,Passenger Car,Moving Constant Speed,35,No,2012,TOYOTA,4-RUNNER,39.00150903,-76.99549657,2026,2,16
260004891,Injury Crash,02/02/2026 04:15:00 PM,BURDETTE RD,NA,Angle,Clear,Dry,Daylight,Traffic Control Signal,NONE DETECTED,No,Possible Minor Injury,NA,Not Distracted,MD,Passenger Car,Moving Constant Speed,35,No,2024,TESLA,MODEL Y,38.9900565,-77.15264083,2026,2,16
260004891,Injury Crash,02/02/2026 04:15:00 PM,BURDETTE RD,NA,Angle,Clear,Dry,Daylight,Traffic Control Signal,NONE DETECTED,Yes,No Apparent Injury,Failed to Yield Right-of-Way,Not Distracted,MD,Sport Utility Vehicle,Turning Left,35,No,2019,HONDA,CR-V,38.9900565,-77.15264083,2026,2,16
260004883,Injury Crash,02/02/2026 04:07:00 PM,COLESVILLE RD (WB/L),Pedestrian,Single Vehicle,Clear,Dry,Daylight,Traffic Control Signal,NONE DETECTED,Yes,No Apparent Injury,"Disregarded Other Traffic Sign, Operated Motor Vehicle in Inattentive, Careless, Negligent, or Erratic Manner, Ran Red Light",Unknown,MD,Passenger Car,Moving Constant Speed,35,No,2016,TOYOTA,COROLLA,38.99434051,-77.03110128,2026,2,16
260004870,Property Damage Crash,02/02/2026 02:56:00 PM,ARLINGTON RD,NA,Front to Rear,Clear,Dry,Daylight,Traffic Control Signal,NONE DETECTED,No,No Apparent Injury,NA,Not Distracted,DC,Passenger Car,Stopped in Traffic,25,No,2007,HONDA,ACCORD,38.98050701,-77.09840386,2026,2,14
260004870,Property Damage Crash,02/02/2026 02:56:00 PM,ARLINGTON RD,NA,Front to Rear,Clear,Dry,Daylight,Traffic Control Signal,NONE DETECTED,No,No Apparent Injury,NA,Not Distracted,MD,Passenger Car,Stopped in Traffic,25,No,2006,JEEP,WRANGLER,38.98050701,-77.09840386,2026,2,14
260004870,Property Damage Crash,02/02/2026 02:56:00 PM,ARLINGTON RD,NA,Front to Rear,Clear,Dry,Daylight,Traffic Control Signal,NONE DETECTED,No,No Apparent Injury,NA,Not Distracted,DC,Passenger Car,Stopped in Traffic,25,No,2021,BMW,330I,38.98050701,-77.09840386,2026,2,14
260004870,Property Damage Crash,02/02/2026 02:56:00 PM,ARLINGTON RD,NA,Front to Rear,Clear,Dry,Daylight,Traffic Control Signal,NONE DETECTED,Yes,No Apparent Injury,"Operated Motor Vehicle in Inattentive, Careless, Negligent, or Erratic Manner",Unknown,MD,Sport Utility Vehicle,Moving Constant Speed,25,No,2017,VOLKSWAGEN,TOUAREG,38.98050701,-77.09840386,2026,2,14
260004866,Property Damage Crash,02/02/2026 02:16:00 PM,MUNCASTER MILL RD,NA,Front to Rear,Clear,Dry,Daylight,No Controls,NONE DETECTED,No,No Apparent Injury,Failed to Keep in Proper Lane,Not Distracted,MD,Passenger Car,Parked,40,No,2022,TOYOTA,CAMRY,39.11317226,-77.09064893,2026,2,14
260004866,Property Damage Crash,02/02/2026 02:16:00 PM,MUNCASTER MILL RD,NA,Front to Rear,Clear,Dry,Daylight,No Controls,NONE DETECTED,No,No Apparent Injury,Improper Passing,Unknown,MD,Single-Unit Truck,Moving Constant Speed,40,No,2014,KENWORTH,W9 SERIES,39.11317226,-77.09064893,2026,2,14
260004864,Property Damage Crash,02/02/2026 02:00:00 PM,LAMBERTINA LA,NA,"Sideswipe, Opposite Direction",Clear,Snow,Daylight,No Controls,NONE DETECTED,No,No Apparent Injury,Failed to Keep in Proper Lane,Not Distracted,MD,Pickup,Moving Constant Speed,15,No,2025,FORD,F-450,39.08408875,-77.20654338,2026,2,14
260004864,Property Damage Crash,02/02/2026 02:00:00 PM,LAMBERTINA LA,NA,"Sideswipe, Opposite Direction",Clear,Snow,Daylight,No Controls,NONE DETECTED,No,No Apparent Injury,Failed to Keep in Proper Lane,Not Distracted,MD,Single-Unit Truck,Moving Constant Speed,15,No,2022,INTERNATIONAL,MV607,39.08408875,-77.20654338,2026,2,14
260004862,Property Damage Crash,02/02/2026 01:52:00 PM,NA,NA,Angle,Clear,NA,Daylight,NA,NONE DETECTED,Yes,No Apparent Injury,NA,Not Distracted,MD,Passenger Car,Turning Right,0,No,2023,FORD,F-150,39.08524951,-76.95152799,2026,2,13
260005292,Injury Crash,02/02/2026 01:40:00 PM,MONROE ST,Cyclist (non-electric),Single Vehicle,Clear,Dry,Daylight,Stop Sign,NONE DETECTED,Yes,Possible Minor Injury,NA,Unknown,MD,Passenger Car,Entering Traffic Lane,20,No,2025,TESLA,MODEL 3,39.08441506,-77.1491036,2026,2,13
260004863,Injury Crash,02/02/2026 01:40:00 PM,RIDGE RD,NA,Angle,Clear,Dry,Daylight,Traffic Control Signal,NONE DETECTED,No,No Apparent Injury,NA,Unknown,MD,Sport Utility Vehicle,Moving Constant Speed,30,No,2014,DODGE,DURANGO,39.29024848,-77.20495699,2026,2,13
260004863,Injury Crash,02/02/2026 01:40:00 PM,RIDGE RD,NA,Angle,Clear,Dry,Daylight,Traffic Control Signal,NONE DETECTED,Yes,Possible Minor Injury,Ran Red Light,Unknown,MD,Passenger Car,Moving Constant Speed,30,No,2023,TOYOTA,COROLLA,39.29024848,-77.20495699,2026,2,13
260004856,Property Damage Crash,02/02/2026 12:20:00 PM,ROCKVILLE PIKE,NA,"Sideswipe, Same Direction",Clear,Dry,Daylight,No Controls,NONE DETECTED,Yes,No Apparent Injury,"Failed to Keep in Proper Lane, Failed to Yield Right-of-Way",Not Distracted,MD,Passenger Car,Changing Lanes,35,No,2010,JEEP,WRANGLER,39.01362554,-77.09895307,2026,2,12
260004856,Property Damage Crash,02/02/2026 12:20:00 PM,ROCKVILLE PIKE,NA,"Sideswipe, Same Direction",Clear,Dry,Daylight,No Controls,NONE DETECTED,No,No Apparent Injury,NA,Not Distracted,MD,Passenger Car,Moving Constant Speed,35,No,2018,MASERATI,LEVANTE,39.01362554,-77.09895307,2026,2,12
260004857,Property Damage Crash,02/02/2026 12:14:00 PM,BURNT WOODS DR,NA,"Sideswipe, Same Direction",Clear,Ice/Frost,Daylight,No Controls,NONE DETECTED,Yes,No Apparent Injury,Other Improper Action,Not Distracted,NY,Pickup,Overtaking/Passing,20,No,2012,CHEVROLET,SILVERADO,39.19708035,-77.27879803,2026,2,12
260004860,Property Damage Crash,02/02/2026 12:10:00 PM,FREDERICK RD,NA,"Sideswipe, Same Direction",Clear,Dry,Daylight,No Controls,NONE DETECTED,No,No Apparent Injury,NA,Not Distracted,MD,Single-Unit Truck,Moving Constant Speed,40,No,2022,INTERNATIONAL,MV607,39.12174828,-77.17626941,2026,2,12
260004860,Property Damage Crash,02/02/2026 12:10:00 PM,FREDERICK RD,NA,"Sideswipe, Same Direction",Clear,Dry,Daylight,No Controls,NONE DETECTED,Yes,No Apparent Injury,Other Improper Action,Not Distracted,MD,Bus - Transit,NA,40,No,2019,GILLIG,LOW FLOOR BUS,39.12174828,-77.17626941,2026,2,12
260004844,Injury Crash,02/02/2026 10:00:00 AM,COLESVILLE RD,NA,Front to Rear,Clear,Dry,Daylight,Traffic Control Signal,NONE DETECTED,No,No Apparent Injury,NA,Not Distracted,MD,Bus - Transit,Stopped in Traffic,0,No,2013,NEW FLYER,XCELSIOR,38.9967515,-77.02772967,2026,2,10
260004844,Injury Crash,02/02/2026 10:00:00 AM,COLESVILLE RD,NA,Front to Rear,Clear,Dry,Daylight,Traffic Control Signal,NONE DETECTED,No,Possible Minor Injury,Followed Too Closely,Not Distracted,VA,Passenger Car,Moving Constant Speed,20,No,2010,TOYOTA,COROLLA,38.9967515,-77.02772967,2026,2,10
260004838,Property Damage Crash,02/02/2026 09:16:00 AM,CORAL SEA AVE,NA,"Sideswipe, Opposite Direction",Clear,Dry,Daylight,No Controls,NONE DETECTED,No,No Apparent Injury,Other Improper Action,Unknown,MD,Bus - Transit,Moving Constant Speed,25,No,2021,GILLIG,CITY TRANSIT BUS,39.0736982,-77.12123614,2026,2,9
260004842,Property Damage Crash,02/02/2026 09:11:00 AM,KEY WEST AVE (WB/L),NA,"Sideswipe, Same Direction",Clear,Dry,Daylight,Traffic Control Signal,NONE DETECTED,No,No Apparent Injury,Failed to Keep in Proper Lane,Unknown,NA,Passenger Car,Turning Left,45,No,2016,FORD,F-150,39.10342001,-77.20636017,2026,2,9
260004842,Property Damage Crash,02/02/2026 09:11:00 AM,KEY WEST AVE (WB/L),NA,"Sideswipe, Same Direction",Clear,Dry,Daylight,Traffic Control Signal,NONE DETECTED,No,No Apparent Injury,NA,Not Distracted,MD,Van - Cargo,Turning Left,45,No,2013,FORD,E-350,39.10342001,-77.20636017,2026,2,9