Local Case Number,ACRS Report Type,Crash Date/Time,Road Name,Related Non-Motorist,Collision Type,Weather,Surface Condition,Light,Traffic Control,Driver Substance Abuse,Driver At Fault,Injury Severity,Circumstance,Driver Distracted By,Drivers License State,Vehicle Body Type,Vehicle Movement,Speed Limit,Driverless Vehicle,Vehicle Year,Vehicle Make,Vehicle Model,Latitude,Longitude,Year,Month,Hour
260004832,Property Damage Crash,02/02/2026 08:01:00 AM,E RANDOLPH RD,NA,Front to Rear,Clear,Dry,Daylight,No Controls,NONE DETECTED,No,No Apparent Injury,NA,Not Distracted,MD,Sport Utility Vehicle,Stopped in Traffic,40,No,2006,CHEVROLET,TRAILBLAZER,39.06521688,-76.97883227,2026,2,8
260004832,Property Damage Crash,02/02/2026 08:01:00 AM,E RANDOLPH RD,NA,Front to Rear,Clear,Dry,Daylight,No Controls,NONE DETECTED,No,No Apparent Injury,Too Fast For Conditions,Not Distracted,MD,Passenger Car,Slowing or Stopping,40,No,2004,ACURA,TSX,39.06521688,-76.97883227,2026,2,8
260004834,Injury Crash,02/02/2026 07:30:00 AM,FREDERICK RD (SB/L),NA,"Sideswipe, Same Direction",Clear,Ice/Frost,Daylight,Traffic Control Signal,NONE DETECTED,No,No Apparent Injury,NA,Not Distracted,MD,Passenger Car,Moving Constant Speed,30,No,2016,NISSAN,ALTIMA,39.15335933,-77.21332117,2026,2,7
260004834,Injury Crash,02/02/2026 07:30:00 AM,FREDERICK RD (SB/L),NA,"Sideswipe, Same Direction",Clear,Ice/Frost,Daylight,Traffic Control Signal,NONE DETECTED,No,No Apparent Injury,NA,Not Distracted,MD,Passenger Car,Moving Constant Speed,30,No,2016,HONDA,CR-V,39.15335933,-77.21332117,2026,2,7
260004830,Property Damage Crash,02/02/2026 07:30:00 AM,E DIAMOND AVE,NA,"Sideswipe, Opposite Direction",Clear,Dry,Daylight,No Controls,NONE DETECTED,No,No Apparent Injury,NA,Not Distracted,MD,Van - Passenger (&lt;9 Seats),Moving Constant Speed,25,No,2020,FORD,TRANSIT,39.14200083,-77.19136333,2026,2,7
260004830,Property Damage Crash,02/02/2026 07:30:00 AM,E DIAMOND AVE,NA,"Sideswipe, Opposite Direction",Clear,Dry,Daylight,No Controls,NONE DETECTED,No,No Apparent Injury,NA,Unknown,MD,Pickup,Moving Constant Speed,25,No,2016,FORD,F-350,39.14200083,-77.19136333,2026,2,7
260004827,Property Damage Crash,02/02/2026 06:30:00 AM,FREDERICK RD (SB/L),NA,Single Vehicle,Clear,Dry,Medium,No Controls,NONE DETECTED,Yes,No Apparent Injury,"Swerved or Avoided Due to Wind, Slippery Surface, Motor Vehicle, Object, Non-Motorist in Roadway, etc",Not Distracted,MD,Passenger Car,Moving Constant Speed,40,No,2010,NISSAN,ALTIMA,39.12128833,-77.17573833,2026,2,6
260004825,Property Damage Crash,02/02/2026 05:38:00 AM,TECH RD,NA,"Sideswipe, Same Direction",Clear,Ice/Frost,Medium,Traffic Control Signal,NONE DETECTED,No,No Apparent Injury,NA,Not Distracted,MD,Other Trucks,Moving Constant Speed,30,No,2024,FREIGHTLINER,M2,39.05750994,-76.96808139,2026,2,5
260004822,Property Damage Crash,02/02/2026 04:17:00 AM,TWINBROOK PKWY,NA,Rear To Rear,Clear,Ice/Frost,Medium,No Controls,NONE DETECTED,Yes,No Apparent Injury,NA,Not Distracted,MD,"Construction Equipment (backhoe, bulldozer, etc.)",Backing,30,No,2026,JOHN DEERE,UNIVERSAL CYCLE,39.05884193,-77.12068039,2026,2,4
260004819,Property Damage Crash,02/02/2026 03:18:00 AM,DEER RIDGE DR,NA,"Sideswipe, Same Direction",Clear,Ice/Frost,Medium,No Controls,NONE DETECTED,No,No Apparent Injury,NA,Not Distracted,MD,Other Trucks,Moving Constant Speed,25,No,2024,E-ONE,TRUCK,39.06360064,-76.95358966,2026,2,3
260004812,Injury Crash,02/02/2026 01:43:00 AM,CALVERTON BLVD,NA,Rear To Side,Clear,Dry,Medium,Traffic Control Signal,NONE DETECTED,No,Possible Minor Injury,NA,Not Distracted,MD,Van - Passenger (&lt;9 Seats),Moving Constant Speed,30,No,2026,CHRYSLER,PACIFICA,39.05603333,-76.95434,2026,2,1
260004812,Injury Crash,02/02/2026 01:43:00 AM,CALVERTON BLVD,NA,Rear To Side,Clear,Dry,Medium,Traffic Control Signal,NONE DETECTED,Yes,Possible Minor Injury,Ran Red Light,Unknown,MD,Sport Utility Vehicle,Moving Constant Speed,40,No,2017,TOYOTA,RAV4,39.05603333,-76.95434,2026,2,1
260004809,Property Damage Crash,02/02/2026 12:00:00 AM,RAMP 2 FR MD 198 WB TO US 29 NB,NA,Single Vehicle,Clear,Slush,Medium,Traffic Control Signal,NONE DETECTED,Yes,No Apparent Injury,Too Fast For Conditions,Unknown,MD,Passenger Car,Turning Right,35,No,2004,HONDA,CIVIC,39.11174667,-76.92848667,2026,2,0
260004805,Property Damage Crash,02/01/2026 10:18:00 PM,FIRST ST SPUR,NA,Other,Clear,Other,Medium,No Controls,NONE DETECTED,No,No Apparent Injury,NA,Not Distracted,MD,Passenger Car,Moving Constant Speed,35,No,2008,TOYOTA,COROLLA,39.0869365,-77.13511665,2026,2,22
260004805,Property Damage Crash,02/01/2026 10:18:00 PM,FIRST ST SPUR,NA,Other,Clear,Other,Medium,Stop Sign,NONE DETECTED,Yes,No Apparent Injury,NA,Not Distracted,MD,Passenger Car,Turning Left,35,No,2019,HONDA,CIVIC,39.0869365,-77.13511665,2026,2,22
260004792,Property Damage Crash,02/01/2026 08:14:00 PM,FATHER HURLEY BLVD,Pedestrian,Single Vehicle,Clear,Dry,Medium,No Controls,NONE DETECTED,Yes,No Apparent Injury,NA,Not Distracted,MD,Passenger Car,Moving Constant Speed,35,No,2025,HONDA,CR-V,39.18993458,-77.2732948,2026,2,20
260004784,Property Damage Crash,02/01/2026 06:51:00 PM,SHAKESPEARE BLVD (WB/L),NA,"Sideswipe, Same Direction",Clear,Dry,Medium,Traffic Control Signal,NONE DETECTED,No,No Apparent Injury,NA,Not Distracted,MD,Passenger Car,Accelerating,35,No,2020,ACURA,ILX,39.19781884,-77.25411399,2026,2,18
260004784,Property Damage Crash,02/01/2026 06:51:00 PM,SHAKESPEARE BLVD (WB/L),NA,"Sideswipe, Same Direction",Clear,Dry,Medium,Traffic Control Signal,NONE DETECTED,No,No Apparent Injury,NA,Not Distracted,MD,Bus - Transit,Turning Left,35,No,2016,GILLIG,LOW FLOOR BUS,39.19781884,-77.25411399,2026,2,18
260004783,Injury Crash,02/01/2026 06:02:00 PM,SERPENTINE WAY,Pedestrian,Single Vehicle,Clear,Slush,Medium,No Controls,NONE DETECTED,No,No Apparent Injury,NA,Not Distracted,MD,Passenger Car,Changing Lanes,15,No,2019,HONDA,ODYSSEY,39.06761874,-76.96965667,2026,2,18
260004782,Property Damage Crash,02/01/2026 05:35:00 PM,FIELDCREST RD,NA,Front to Rear,Clear,Dry,Medium,No Controls,NONE DETECTED,No,No Apparent Injury,NA,Not Distracted,MD,Sport Utility Vehicle,Slowing or Stopping,40,No,2023,TOYOTA,HIGHLANDER,39.18928204,-77.12061475,2026,2,17
260004782,Property Damage Crash,02/01/2026 05:35:00 PM,FIELDCREST RD,NA,Front to Rear,Clear,Dry,Medium,No Controls,NONE DETECTED,Yes,No Apparent Injury,NA,Not Distracted,MD,Sport Utility Vehicle,Slowing or Stopping,40,No,2013,KIA,SORENTO,39.18928204,-77.12061475,2026,2,17
260004898,Property Damage Crash,02/01/2026 05:00:00 PM,NA,NA,Single Vehicle,Clear,NA,Daylight,NA,NONE DETECTED,Yes,No Apparent Injury,Improper Turn,Not Distracted,MD,Sport Utility Vehicle,Turning Right,0,No,2022,FORD,EXPLORER,39.07908873,-76.94378815,2026,2,17
260004765,Property Damage Crash,02/01/2026 03:47:00 PM,BONIFANT RD,NA,Front to Front,Clear,Dry,Daylight,No Controls,NONE DETECTED,No,NA,NA,NA,NA,NA,Overtaking/Passing,30,No,0,NA,NA,39.09481805,-77.00460497,2026,2,15
260004765,Property Damage Crash,02/01/2026 03:47:00 PM,BONIFANT RD,NA,Front to Front,Clear,Dry,Daylight,No Controls,NONE DETECTED,No,No Apparent Injury,NA,Not Distracted,MD,Passenger Car,Stopped in Traffic,30,No,2023,LEXUS,NX,39.09481805,-77.00460497,2026,2,15
260004756,Property Damage Crash,02/01/2026 02:56:00 PM,NA,NA,"Sideswipe, Same Direction",Clear,NA,Daylight,NA,NONE DETECTED,No,No Apparent Injury,NA,Not Distracted,MD,Passenger Car,Moving Constant Speed,0,No,2020,TOYOTA,COROLLA,39.08003914,-77.07898964,2026,2,14
260004756,Property Damage Crash,02/01/2026 02:56:00 PM,NA,NA,"Sideswipe, Same Direction",Clear,NA,Daylight,NA,NONE DETECTED,No,NA,NA,NA,NA,Passenger Car,Overtaking/Passing,0,No,2014,MERCEDES-BENZ,C-CLASS,39.08003914,-77.07898964,2026,2,14
260004753,Property Damage Crash,02/01/2026 02:55:00 PM,NORTHAMPTON DR (SB/L),NA,Angle,Clear,Snow,Daylight,No Controls,NONE DETECTED,No,No Apparent Injury,NA,Not Distracted,MD,Passenger Car,Stopped in Traffic,30,No,2018,HONDA,CIVIC,39.00691912,-76.98064711,2026,2,14
260004753,Property Damage Crash,02/01/2026 02:55:00 PM,NORTHAMPTON DR (SB/L),NA,Angle,Clear,Snow,Daylight,No Controls,NONE DETECTED,No,No Apparent Injury,NA,Not Distracted,MD,Bus - Transit,Turning Right,30,No,2025,GILLIG,CITY TRANSIT BUS,39.00691912,-76.98064711,2026,2,14
260004749,Property Damage Crash,02/01/2026 02:47:00 PM,DEMOCRACY BLVD,NA,Angle,Clear,Snow,Daylight,Traffic Control Signal,NONE DETECTED,No,No Apparent Injury,NA,"Other Action (looking away from task, etc.)",MD,Station Wagon,Accelerating,35,No,2018,SUBARU,FORESTER,39.02244783,-77.14865367,2026,2,14
260004749,Property Damage Crash,02/01/2026 02:47:00 PM,DEMOCRACY BLVD,NA,Angle,Clear,Snow,Daylight,Traffic Control Signal,NONE DETECTED,No,No Apparent Injury,NA,Not Distracted,MD,Passenger Car,Accelerating,35,No,2015,ACURA,TLX,39.02244783,-77.14865367,2026,2,14
260004749,Property Damage Crash,02/01/2026 02:47:00 PM,DEMOCRACY BLVD,NA,Angle,Clear,Snow,Daylight,Traffic Control Signal,NONE DETECTED,No,No Apparent Injury,NA,Not Distracted,MD,Passenger Car,Accelerating,35,No,2022,HYUNDAI,ACCENT,39.02244783,-77.14865367,2026,2,14
260004740,Property Damage Crash,02/01/2026 01:00:00 PM,OLD GEORGETOWN RD (SB/L),NA,Angle,Clear,Dry,Daylight,Traffic Control Signal,NONE DETECTED,No,No Apparent Injury,NA,Not Distracted,MD,Sport Utility Vehicle,Accelerating,35,No,2024,VOLKSWAGEN,ID.4,39.03008577,-77.1266893,2026,2,13
26004742,Property Damage Crash,02/01/2026 01:00:00 PM,WASHINGTONIAN BLVD (SB/L),NA,Angle,Clear,Dry,Daylight,Traffic Control Signal,NONE DETECTED,No,No Apparent Injury,NA,Not Distracted,VA,Passenger Car,Moving Constant Speed,30,No,2024,MAZDA,CX-30,39.1173754,-77.2058652,2026,2,13
26004742,Property Damage Crash,02/01/2026 01:00:00 PM,WASHINGTONIAN BLVD (SB/L),NA,Angle,Clear,Dry,Daylight,Traffic Control Signal,NONE DETECTED,No,No Apparent Injury,NA,Not Distracted,MD,Sport Utility Vehicle,Entering Traffic Lane,30,No,2023,GENESIS,GV70,39.1173754,-77.2058652,2026,2,13
260004740,Property Damage Crash,02/01/2026 01:00:00 PM,OLD GEORGETOWN RD (SB/L),NA,Angle,Clear,Dry,Daylight,Traffic Control Signal,NONE DETECTED,Yes,No Apparent Injury,Ran Red Light,"Other Action (looking away from task, etc.)",VA,Sport Utility Vehicle,Moving Constant Speed,35,No,2023,VOLKSWAGEN,TIGUAN,39.03008577,-77.1266893,2026,2,13
260004735,Property Damage Crash,02/01/2026 12:02:00 PM,ELMCROFT BLVD,NA,"Sideswipe, Same Direction",Clear,Dry,Daylight,No Controls,NONE DETECTED,No,No Apparent Injury,NA,Not Distracted,MD,Other Trucks,Moving Constant Speed,25,No,2015,PIERCE MANUFACTURING,ARROW XT,39.11513596,-77.1679506,2026,2,12
260004738,Property Damage Crash,02/01/2026 12:00:00 PM,NA,NA,Angle,Clear,NA,Daylight,NA,NONE DETECTED,Yes,No Apparent Injury,NA,Unknown,NA,Passenger Car,NA,0,No,2006,MAZDA,MAZDA6,39.04173517,-77.05264583,2026,2,12
260004732,Property Damage Crash,02/01/2026 11:28:00 AM,NEW HAMPSHIRE AVE,NA,Rear To Side,Clear,Dry,Daylight,No Controls,NONE DETECTED,No,No Apparent Injury,NA,Not Distracted,MD,Passenger Car,Moving Constant Speed,35,No,2021,TOYOTA,COROLLA,39.06511362,-76.9998703,2026,2,11
260004732,Property Damage Crash,02/01/2026 11:28:00 AM,NEW HAMPSHIRE AVE,NA,Rear To Side,Clear,Dry,Daylight,Stop Sign,NONE DETECTED,Yes,No Apparent Injury,"Failed to Yield Right-of-Way, Other Improper Action",Talking/listening,MD,Sport Utility Vehicle,Entering Traffic Lane,20,No,2017,HONDA,PILOT,39.06511362,-76.9998703,2026,2,11
260004731,Property Damage Crash,02/01/2026 10:52:00 AM,BEL PRE RD,NA,Angle,Clear,Dry,Daylight,No Controls,NONE DETECTED,No,No Apparent Injury,NA,Not Distracted,MD,Sport Utility Vehicle,Moving Constant Speed,35,No,2008,HONDA,CR-V,39.09121387,-77.06233937,2026,2,10
260004731,Property Damage Crash,02/01/2026 10:52:00 AM,BEL PRE RD,NA,Angle,Clear,Dry,Daylight,No Controls,NONE DETECTED,Yes,No Apparent Injury,NA,Not Distracted,NA,Passenger Car,Turning Left,35,No,2011,TOYOTA,SCION TC,39.09121387,-77.06233937,2026,2,10
260004745,Property Damage Crash,02/01/2026 10:50:00 AM,POWDER MILL RD (WB/L),NA,Front to Rear,Clear,Dry,Daylight,Traffic Control Signal,NONE DETECTED,No,NA,NA,NA,NA,Sport Utility Vehicle,Slowing or Stopping,30,No,2001,TOYOTA,RAV4,39.02246813,-76.97698933,2026,2,10
260004745,Property Damage Crash,02/01/2026 10:50:00 AM,POWDER MILL RD (WB/L),NA,Front to Rear,Clear,Dry,Daylight,Traffic Control Signal,NONE DETECTED,No,No Apparent Injury,NA,Not Distracted,MD,Van - Passenger (&lt;9 Seats),Stopped in Traffic,35,No,2021,TOYOTA,SIENNA,39.02246813,-76.97698933,2026,2,10
260004722,Injury Crash,02/01/2026 10:08:00 AM,16TH ST (SB/L),NA,Front to Rear,Clear,Dry,Daylight,Traffic Control Signal,NONE DETECTED,No,Possible Minor Injury,NA,Not Distracted,DC,Passenger Car,Slowing or Stopping,40,No,2017,TOYOTA,CAMRY,39.0075063,-77.03971919,2026,2,10
260004722,Injury Crash,02/01/2026 10:08:00 AM,16TH ST (SB/L),NA,Front to Rear,Clear,Dry,Daylight,Traffic Control Signal,NONE DETECTED,Yes,No Apparent Injury,NA,Unknown,MD,Passenger Car,Moving Constant Speed,40,No,2002,HONDA,CR-V,39.0075063,-77.03971919,2026,2,10
260004744,Property Damage Crash,02/01/2026 09:45:00 AM,SHOREFIELD RD,NA,Front to Rear,Clear,Dry,Daylight,Traffic Control Signal,NONE DETECTED,No,No Apparent Injury,NA,Not Distracted,MD,Passenger Car,Moving Constant Speed,35,No,2017,CHRYSLER,PACIFICA,39.05295111,-77.05087448,2026,2,9
260004744,Property Damage Crash,02/01/2026 09:45:00 AM,SHOREFIELD RD,NA,Front to Rear,Clear,Dry,Daylight,Traffic Control Signal,NONE DETECTED,No,NA,NA,NA,NA,Passenger Car,Moving Constant Speed,35,No,2021,KIA,FORTE,39.05295111,-77.05087448,2026,2,9
260004712,Property Damage Crash,02/01/2026 07:05:00 AM,NA,NA,Single Vehicle,Clear,NA,Daylight,NA,DRUG AND ALCOHOL CONTRIBUTED,Yes,No Apparent Injury,NA,Unknown,MD,Passenger Car,Backing,0,No,2015,ACURA,TLX,39.11679001,-77.25140265,2026,2,7
260004711,Property Damage Crash,02/01/2026 05:00:00 AM,PARKING LOT,NA,Front to Front,Clear,Dry,Medium,No Controls,NONE DETECTED,No,No Apparent Injury,NA,Not Distracted,MD,Passenger Car,Moving Constant Speed,10,No,2024,DODGE,DURANGO,39.1232236,-77.2337621,2026,2,5
260004711,Property Damage Crash,02/01/2026 05:00:00 AM,PARKING LOT,NA,Front to Front,Clear,Dry,Medium,No Controls,NONE DETECTED,Yes,No Apparent Injury,Improper Turn,Not Distracted,MD,Passenger Car,Turning Right,10,No,2025,HONDA,PILOT,39.1232236,-77.2337621,2026,2,5
260004707,Injury Crash,02/01/2026 04:00:00 AM,IS 270 LOCAL LANES (NB),NA,"Sideswipe, Same Direction",Clear,Dry,Medium,No Controls,NONE DETECTED,No,Possible Minor Injury,NA,Not Distracted,MD,Passenger Car,Turning Right,55,No,2008,HONDA,CR-V,39.14713201,-77.21539295,2026,2,4
260004707,Injury Crash,02/01/2026 04:00:00 AM,IS 270 LOCAL LANES (NB),NA,"Sideswipe, Same Direction",Clear,Dry,Medium,No Controls,NONE DETECTED,No,No Apparent Injury,Failed to Keep in Proper Lane,Not Distracted,MD,Passenger Car,Changing Lanes,55,No,2016,DODGE,CHALLENGER,39.14713201,-77.21539295,2026,2,4
260004701,Property Damage Crash,02/01/2026 01:35:00 AM,FATHER HURLEY BLVD,NA,"Sideswipe, Same Direction",Clear,Dry,Medium,No Controls,NONE DETECTED,No,No Apparent Injury,NA,Not Distracted,MD,Passenger Car,Stopped in Traffic,45,No,2020,TESLA,MODEL 3,39.19760845,-77.26366886,2026,2,1
260004701,Property Damage Crash,02/01/2026 01:35:00 AM,FATHER HURLEY BLVD,NA,"Sideswipe, Same Direction",Clear,Dry,Medium,No Controls,ALCOHOL PRESENT,Yes,No Apparent Injury,NA,Unknown,MD,Passenger Car,Moving Constant Speed,45,No,2017,FORD,FOCUS,39.19760845,-77.26366886,2026,2,1
260004699,Injury Crash,02/01/2026 01:17:00 AM,QUINCE ORCHARD RD,NA,Front to Front,Clear,Dry,Medium,No Controls,NONE DETECTED,No,Possible Minor Injury,NA,Not Distracted,MD,Sport Utility Vehicle,Moving Constant Speed,45,No,2026,HONDA,HR-V,39.13446265,-77.22371833,2026,2,1
260004699,Injury Crash,02/01/2026 01:17:00 AM,QUINCE ORCHARD RD,NA,Front to Front,Clear,Dry,Medium,No Controls,ALCOHOL PRESENT,No,No Apparent Injury,"Failed to Keep in Proper Lane, Operated Motor Vehicle in Inattentive, Careless, Negligent, or Erratic Manner, Operated Motor Vehicle in Reckless or Aggressive Manner, Wrong Side",Unknown,MD,Passenger Car,Moving Constant Speed,45,No,2005,TOYOTA,PRIUS,39.13446265,-77.22371833,2026,2,1
260004795,Property Damage Crash,02/01/2026 12:30:00 AM,RALPH RD,NA,Rear To Side,Clear,Slush,Medium,No Controls,ALCOHOL PRESENT,Yes,No Apparent Injury,NA,Not Distracted,MD,Passenger Car,Backing,25,No,1996,TOYOTA,CAMRY,39.07713539,-77.07317026,2026,2,0
260004565,Injury Crash,01/31/2026 11:50:00 PM,ROCKVILLE PIKE (SB/L),Pedestrian,Single Vehicle,Clear,Dry,Medium,No Controls,NONE DETECTED,No,NA,NA,NA,NA,Passenger Car,NA,35,No,0,NA,NA,39.04864252,-77.11388648,2026,1,23
260004693,Property Damage Crash,01/31/2026 10:57:00 PM,SANDY SPRING RD (WB/L),NA,Front to Rear,Clear,Dry,Medium,Traffic Control Signal,NONE DETECTED,No,NA,NA,NA,NA,Pickup,Moving Constant Speed,35,No,2003,DODGE,RAM,39.11163806,-76.92782124,2026,1,22
260004693,Property Damage Crash,01/31/2026 10:57:00 PM,SANDY SPRING RD (WB/L),NA,Front to Rear,Clear,Dry,Medium,Traffic Control Signal,NONE DETECTED,No,No Apparent Injury,NA,Not Distracted,MD,Passenger Car,Stopped in Traffic,35,No,2020,SUBARU,CROSSTREK,39.11163806,-76.92782124,2026,1,22
260004691,Property Damage Crash,01/31/2026 10:28:00 PM,GEORGIA AVE,NA,Single Vehicle,Clear,Dry,Medium,Traffic Control Signal,ALCOHOL PRESENT,Yes,No Apparent Injury,"Improper Turn, Operated Motor Vehicle in Inattentive, Careless, Negligent, or Erratic Manner, Ran Off Roadway, Too Fast For Conditions",Unknown,MD,Passenger Car,Turning Right,30,No,2008,HONDA,CR-V,39.03002095,-77.04759503,2026,1,22
260004684,Injury Crash,01/31/2026 09:20:00 PM,BRIGGS CHANEY RD,NA,"Sideswipe, Opposite Direction",Clear,Dry,Medium,Traffic Control Signal,NONE DETECTED,Yes,Possible Minor Injury,NA,Unknown,MD,Passenger Car,Turning Left,35,No,2015,ACURA,TLX,39.08428315,-76.95107604,2026,1,21
260004684,Injury Crash,01/31/2026 09:20:00 PM,BRIGGS CHANEY RD,NA,"Sideswipe, Opposite Direction",Clear,Dry,Medium,Traffic Control Signal,NONE DETECTED,No,No Apparent Injury,NA,Not Distracted,MD,Pickup,Moving Constant Speed,35,No,2016,RAM,1500,39.08428315,-76.95107604,2026,1,21
260004682,Injury Crash,01/31/2026 09:15:00 PM,E RANDOLPH RD,NA,"Sideswipe, Same Direction",Clear,Slush,Medium,No Controls,NONE DETECTED,Yes,Possible Minor Injury,NA,Unknown,MD,Passenger Car,Turning Right,40,No,2025,TOYOTA,COROLLA,39.06500917,-76.971357,2026,1,21
260004682,Injury Crash,01/31/2026 09:15:00 PM,E RANDOLPH RD,NA,"Sideswipe, Same Direction",Clear,Slush,Medium,No Controls,NONE DETECTED,No,No Apparent Injury,NA,Not Distracted,MD,Passenger Car,Turning Right,40,No,2009,HONDA,ACCORD,39.06500917,-76.971357,2026,1,21
260004683,Property Damage Crash,01/31/2026 09:07:00 PM,CEDAR LA,NA,Front to Rear,Clear,Dry,Medium,No Controls,NONE DETECTED,No,No Apparent Injury,NA,Not Distracted,MD,Passenger Car,Moving Constant Speed,30,No,2020,NISSAN,ALTIMA,39.02191233,-77.08470433,2026,1,21
260004683,Property Damage Crash,01/31/2026 09:07:00 PM,CEDAR LA,NA,Front to Rear,Clear,Dry,Medium,No Controls,NONE DETECTED,No,NA,NA,NA,NA,Passenger Car,Moving Constant Speed,30,No,2017,HONDA,CIVIC,39.02191233,-77.08470433,2026,1,21
260004683,Property Damage Crash,01/31/2026 09:07:00 PM,CEDAR LA,NA,Front to Rear,Clear,Dry,Medium,No Controls,NONE DETECTED,No,No Apparent Injury,NA,Not Distracted,MD,Sport Utility Vehicle,Slowing or Stopping,30,No,2017,TOYOTA,HIGHLANDER,39.02191233,-77.08470433,2026,1,21
260004672,Property Damage Crash,01/31/2026 08:43:00 PM,GREAT SENECA HWY,NA,"Sideswipe, Same Direction",Clear,Dry,Medium,Traffic Control Signal,NONE DETECTED,Yes,No Apparent Injury,NA,Not Distracted,MD,Passenger Car,Turning Left,45,No,2019,TOYOTA,CAMRY,39.15351692,-77.27799646,2026,1,20
260004672,Property Damage Crash,01/31/2026 08:43:00 PM,GREAT SENECA HWY,NA,"Sideswipe, Same Direction",Clear,Dry,Medium,Traffic Control Signal,NONE DETECTED,No,No Apparent Injury,NA,Not Distracted,MD,Passenger Car,Moving Constant Speed,45,No,2015,NISSAN,ALTIMA,39.15351692,-77.27799646,2026,1,20
260004679,Property Damage Crash,01/31/2026 08:41:00 PM,NA,NA,"Sideswipe, Opposite Direction",Clear,Dry,Medium,Traffic Control Signal,NONE DETECTED,Yes,No Apparent Injury,"Failed to Keep in Proper Lane, Failed to Yield Right-of-Way, Followed Too Closely, Operated Motor Vehicle in Inattentive, Careless, Negligent, or Erratic Manner, Over-Correcting/Over-Steering, Ran Red Light, Swerved or Avoided Due to Wind, Slippery Surface, Motor Vehicle, Object, Non-Motorist in Roadway, etc, Too Fast For Conditions, Wrong Way",Unknown,MD,Passenger Car,Moving Constant Speed,35,No,2011,INFINITI,M37,39.0642835,-77.1262255,2026,1,20
260004679,Property Damage Crash,01/31/2026 08:41:00 PM,NA,NA,"Sideswipe, Opposite Direction",Clear,Dry,Medium,Traffic Control Signal,NONE DETECTED,No,No Apparent Injury,NA,Not Distracted,MD,Passenger Car,Stopped in Traffic,35,No,2020,HONDA,ACCORD,39.0642835,-77.1262255,2026,1,20
260004665,Property Damage Crash,01/31/2026 06:40:00 PM,SNOWDEN FARM PKWY,NA,Single Vehicle,Clear,Dry,Medium,No Controls,NONE DETECTED,Yes,No Apparent Injury,Too Fast For Conditions,Unknown,MD,Passenger Car,Moving Constant Speed,40,No,2024,FORD,MUSTANG MACH-E,39.23152333,-77.25813917,2026,1,18
260004671,Property Damage Crash,01/31/2026 06:21:00 PM,NA,NA,Front to Rear,Clear,NA,Daylight,NA,NONE DETECTED,No,No Apparent Injury,NA,Not Distracted,MD,Passenger Car,Stopped in Traffic,0,No,2007,TOYOTA,PRIUS,39.0911015,-77.04768595,2026,1,18
260004671,Property Damage Crash,01/31/2026 06:21:00 PM,NA,NA,Front to Rear,Clear,NA,Daylight,NA,NONE DETECTED,No,NA,"Followed Too Closely, Other Improper Action, Too Fast For Conditions",NA,NA,Passenger Car,Moving Constant Speed,0,No,2019,HONDA,CIVIC,39.0911015,-77.04768595,2026,1,18
260004661,Property Damage Crash,01/31/2026 06:15:00 PM,NA,NA,Front to Rear,Clear,Dry,Medium,Traffic Control Signal,NONE DETECTED,No,No Apparent Injury,NA,Not Distracted,MD,Passenger Car,Turning Left,30,No,2013,INFINITI,G37,38.98351683,-77.09609561,2026,1,18
260004661,Property Damage Crash,01/31/2026 06:15:00 PM,NA,NA,Front to Rear,Clear,Dry,Medium,Traffic Control Signal,NONE DETECTED,No,NA,NA,NA,NA,Sport Utility Vehicle,Making U-Turn,30,No,2017,JEEP,WRANGLER,38.98351683,-77.09609561,2026,1,18
260004645,Injury Crash,01/31/2026 04:22:00 PM,NA,NA,Angle,Clear,NA,Daylight,NA,NONE DETECTED,Yes,No Apparent Injury,Too Fast For Conditions,Unknown,PA,Passenger Car,Turning Left,0,No,2006,CHEVROLET,COBALT,39.14548817,-77.14532417,2026,1,16