Local Case Number,ACRS Report Type,Crash Date/Time,Road Name,Related Non-Motorist,Collision Type,Weather,Surface Condition,Light,Traffic Control,Driver Substance Abuse,Driver At Fault,Injury Severity,Circumstance,Driver Distracted By,Drivers License State,Vehicle Body Type,Vehicle Movement,Speed Limit,Driverless Vehicle,Vehicle Year,Vehicle Make,Vehicle Model,Latitude,Longitude,Year,Month,Hour
260004645,Injury Crash,01/31/2026 04:22:00 PM,NA,NA,Angle,Clear,NA,Daylight,NA,NONE DETECTED,No,Possible Minor Injury,NA,Unknown,MD,Passenger Car,Parked,0,No,2011,BMW,328I,39.14548817,-77.14532417,2026,1,16
260004656,Injury Crash,01/31/2026 04:15:00 PM,NA,Pedestrian,Single Vehicle,Clear,NA,Daylight,NA,NONE DETECTED,No,NA,NA,NA,NA,Station Wagon,Moving Constant Speed,0,No,2000,BMW,528I,39.08477358,-77.13541061,2026,1,16
260004641,Property Damage Crash,01/31/2026 04:05:00 PM,MOTOR CITY DR,NA,Single Vehicle,Clear,Snow,Daylight,No Controls,NONE DETECTED,Yes,No Apparent Injury,"Disregarded Other Road Markings, Other Improper Action",Not Distracted,MH,Single-Unit Truck,Moving Constant Speed,5,No,2010,FORD,E-450,39.02701917,-77.143996,2026,1,16
260004628,Property Damage Crash,01/31/2026 02:22:00 PM,NA,NA,Front to Rear,Clear,NA,Daylight,NA,NONE DETECTED,No,No Apparent Injury,NA,Not Distracted,MD,Sport Utility Vehicle,Slowing or Stopping,0,No,2024,ACURA,RDX,39.01807629,-77.21102262,2026,1,14
260004619,Property Damage Crash,01/31/2026 01:15:00 PM,ROCKVILLE PIKE (SB/L),NA,Front to Rear,Clear,Dry,Daylight,No Controls,NONE DETECTED,Yes,No Apparent Injury,NA,Not Distracted,MD,Passenger Car,Moving Constant Speed,35,No,2008,BMW,528XI,39.03259246,-77.10619899,2026,1,13
260004619,Property Damage Crash,01/31/2026 01:15:00 PM,ROCKVILLE PIKE (SB/L),NA,Front to Rear,Clear,Dry,Daylight,No Controls,NONE DETECTED,No,No Apparent Injury,NA,Not Distracted,MD,Passenger Car,Slowing or Stopping,35,No,2023,TESLA,MODEL Y,39.03259246,-77.10619899,2026,1,13
260004611,Property Damage Crash,01/31/2026 12:45:00 PM,NA,NA,Front to Rear,Clear,NA,Daylight,NA,NONE DETECTED,Yes,No Apparent Injury,NA,"Other Action (looking away from task, etc.)",DC,Sport Utility Vehicle,Backing,0,No,2003,FORD,ESCAPE,39.0173347,-77.2109219,2026,1,12
260004611,Property Damage Crash,01/31/2026 12:45:00 PM,NA,NA,Front to Rear,Clear,NA,Daylight,NA,NONE DETECTED,No,No Apparent Injury,NA,Not Distracted,MD,Sport Utility Vehicle,Parked,0,No,2021,VOLVO,XC90,39.0173347,-77.2109219,2026,1,12
260004602,Injury Crash,01/31/2026 11:45:00 AM,SLIGO AVE,Pedestrian,Single Vehicle,Clear,Dry,Daylight,No Controls,ALCOHOL PRESENT,Yes,No Apparent Injury,"Operated Motor Vehicle in Inattentive, Careless, Negligent, or Erratic Manner, Operated Motor Vehicle in Reckless or Aggressive Manner",Unknown,PA,Passenger Car,NA,25,No,2021,DODGE,CHARGER,38.99017577,-77.02207366,2026,1,11
260004595,Property Damage Crash,01/31/2026 10:40:00 AM,BOWIE MILL RD,NA,Front to Rear,Clear,Dry,Daylight,Stop Sign,NONE DETECTED,No,No Apparent Injury,NA,Unknown,MD,Passenger Car,Stopped in Traffic,20,No,2024,NISSAN,ROGUE,39.1588865,-77.0844865,2026,1,10
260004595,Property Damage Crash,01/31/2026 10:40:00 AM,BOWIE MILL RD,NA,Front to Rear,Clear,Dry,Daylight,Stop Sign,NONE DETECTED,Yes,No Apparent Injury,NA,Not Distracted,MD,Passenger Car,Moving Constant Speed,20,No,2016,TOYOTA,COROLLA,39.1588865,-77.0844865,2026,1,10
260004593,Property Damage Crash,01/31/2026 10:06:00 AM,NA,NA,Single Vehicle,Clear,Ice/Frost,Daylight,No Controls,NONE DETECTED,No,NA,NA,NA,NA,NA,NA,15,No,0,NA,NA,38.99579887,-76.99752161,2026,1,10
260004582,Property Damage Crash,01/31/2026 08:05:00 AM,GEORGIA AVE (SB/L),NA,Angle,Clear,Dry,Daylight,Traffic Control Signal,NONE DETECTED,Yes,No Apparent Injury,Ran Red Light,"Other Action (looking away from task, etc.)",MD,Sport Utility Vehicle,Moving Constant Speed,30,No,2022,VOLKSWAGEN,TIGUAN,39.00865155,-77.0401362,2026,1,8
260004582,Property Damage Crash,01/31/2026 08:05:00 AM,GEORGIA AVE (SB/L),NA,Angle,Clear,Dry,Daylight,Traffic Control Signal,NONE DETECTED,No,No Apparent Injury,NA,Not Distracted,MD,Sport Utility Vehicle,Accelerating,30,No,2025,HYUNDAI,IONIQ 5,39.00865155,-77.0401362,2026,1,8
260004580,Property Damage Crash,01/31/2026 07:37:00 AM,MONROE PL,NA,"Sideswipe, Opposite Direction",Clear,Dry,Daylight,No Controls,NONE DETECTED,No,No Apparent Injury,NA,Not Distracted,MD,Sport Utility Vehicle,Parked,15,No,2021,FORD,EXPLORER,39.08345383,-77.14958833,2026,1,7
260004580,Property Damage Crash,01/31/2026 07:37:00 AM,MONROE PL,NA,"Sideswipe, Opposite Direction",Clear,Dry,Daylight,No Controls,NONE DETECTED,Yes,No Apparent Injury,Improper Turn,Not Distracted,MD,Sport Utility Vehicle,Slowing or Stopping,15,No,2025,DODGE,DURANGO,39.08345383,-77.14958833,2026,1,7
260004569,Property Damage Crash,01/31/2026 02:10:00 AM,NA,NA,Angle,Clear,NA,Medium,NA,ALCOHOL PRESENT,Yes,No Apparent Injury,NA,Unknown,MD,Passenger Car,NA,0,No,2019,MERCEDES-BENZ,E-CLASS,39.1837102,-77.25947325,2026,1,2
260004841,Property Damage Crash,01/31/2026 12:45:00 AM,BELVEDERE BLVD,NA,Front to Rear,Clear,Snow,Medium,No Controls,NONE DETECTED,No,NA,Improper Backing,NA,NA,Sport Utility Vehicle,Backing,25,No,2002,CHEVROLET,SUBURBAN,39.01941358,-77.04513778,2026,1,0
260004560,Property Damage Crash,01/31/2026 12:06:00 AM,UNIVERSITY BLVD E (WB/L),NA,Single Vehicle,Clear,Snow,Medium,No Controls,NONE DETECTED,Yes,No Apparent Injury,NA,Unknown,DC,Passenger Car,Moving Constant Speed,35,No,2017,NISSAN,ALTIMA,39.01935717,-77.010174,2026,1,0
260004586,Property Damage Crash,01/31/2026 12:00:00 AM,WHEATFIELD DR,NA,Single Vehicle,Snow,Snow,Dark,Pedestrian Crossing Sign,NONE DETECTED,No,No Apparent Injury,"Operated Motor Vehicle in Inattentive, Careless, Negligent, or Erratic Manner, Ran Off Roadway",Unknown,NA,Sport Utility Vehicle,Moving Constant Speed,25,No,2019,KIA,SORENTO,39.173325,-77.233198,2026,1,0
260004554,Property Damage Crash,01/30/2026 10:14:00 PM,GEORGIA AVE,NA,"Sideswipe, Same Direction",Clear,Ice/Frost,Medium,Traffic Control Signal,NONE DETECTED,No,No Apparent Injury,NA,Not Distracted,MD,Bus - Transit,Moving Constant Speed,30,No,2013,NEW FLYER,XCELSIOR,38.99487804,-77.02694819,2026,1,22
260004554,Property Damage Crash,01/30/2026 10:14:00 PM,GEORGIA AVE,NA,"Sideswipe, Same Direction",Clear,Ice/Frost,Medium,Traffic Control Signal,NONE DETECTED,Yes,No Apparent Injury,"Followed Too Closely, Operated Motor Vehicle in Inattentive, Careless, Negligent, or Erratic Manner",Not Distracted,VA,Sport Utility Vehicle,Changing Lanes,30,No,2023,HONDA,HR-V,38.99487804,-77.02694819,2026,1,22
260004551,Property Damage Crash,01/30/2026 09:54:00 PM,STABLE WAY,NA,"Sideswipe, Same Direction",Clear,Ice/Frost,Medium,No Controls,NONE DETECTED,Yes,No Apparent Injury,NA,Not Distracted,MD,Other Trucks,Negotiating a Curve,25,No,2025,MACK,GRANITE,38.98281462,-77.22386943,2026,1,21
260004540,Property Damage Crash,01/30/2026 09:31:00 PM,CARROLL AVE,NA,Front to Rear,Clear,Wet,Medium,Traffic Control Signal,NONE DETECTED,No,No Apparent Injury,NA,Unknown,MD,Passenger Car,Slowing or Stopping,25,No,2008,AUDI,A6,38.97802314,-77.0063201,2026,1,21
260004540,Property Damage Crash,01/30/2026 09:31:00 PM,CARROLL AVE,NA,Front to Rear,Clear,Wet,Medium,Flashing Traffic Control Signal,NONE DETECTED,No,NA,NA,NA,NA,NA,Stopped in Traffic,25,No,0,NA,NA,38.97802314,-77.0063201,2026,1,21
260004540,Property Damage Crash,01/30/2026 09:31:00 PM,CARROLL AVE,NA,Front to Rear,Clear,Wet,Medium,Traffic Control Signal,NONE DETECTED,No,No Apparent Injury,NA,Not Distracted,MD,Sport Utility Vehicle,Stopped in Traffic,25,No,2020,FORD,ECOSPORT,38.97802314,-77.0063201,2026,1,21
260004540,Property Damage Crash,01/30/2026 09:31:00 PM,CARROLL AVE,NA,Front to Rear,Clear,Wet,Medium,Traffic Control Signal,NONE DETECTED,No,No Apparent Injury,NA,Not Distracted,MD,Passenger Car,Stopped in Traffic,25,No,2020,CHEVROLET,MALIBU,38.97802314,-77.0063201,2026,1,21
260004547,Property Damage Crash,01/30/2026 09:21:00 PM,NORRIS DR,NA,Angle,Clear,Dry,Medium,Traffic Control Signal,NONE DETECTED,Yes,No Apparent Injury,NA,Unknown,MD,Passenger Car,Turning Left,35,No,2015,MERCEDES-BENZ,C-CLASS,39.04400046,-77.06315289,2026,1,21
260004547,Property Damage Crash,01/30/2026 09:21:00 PM,NORRIS DR,NA,Angle,Clear,Dry,Medium,Traffic Control Signal,NONE DETECTED,No,No Apparent Injury,NA,Not Distracted,MD,Passenger Car,Moving Constant Speed,35,No,2008,FORD,TAURUS X,39.04400046,-77.06315289,2026,1,21
260004532,Property Damage Crash,01/30/2026 08:47:00 PM,CLUB HOUSE RD,NA,Rear To Side,Clear,Other,Medium,Traffic Control Signal,NONE DETECTED,Yes,No Apparent Injury,Failed to Yield Right-of-Way,Unknown,MD,Passenger Car,Turning Left,35,No,2015,ACURA,TLX,39.17451561,-77.20361704,2026,1,20
260004532,Property Damage Crash,01/30/2026 08:47:00 PM,CLUB HOUSE RD,NA,Rear To Side,Clear,Other,Medium,Traffic Control Signal,NONE DETECTED,No,No Apparent Injury,NA,Not Distracted,MD,Sport Utility Vehicle,Moving Constant Speed,35,No,2019,TOYOTA,HIGHLANDER,39.17451561,-77.20361704,2026,1,20
260004526,Property Damage Crash,01/30/2026 07:39:00 PM,RANDOLPH RD,NA,"Sideswipe, Same Direction",Cloudy,Snow,Dark,No Controls,NONE DETECTED,No,No Apparent Injury,NA,Not Distracted,MD,Passenger Car,Moving Constant Speed,40,No,2014,DODGE,DURANGO,39.06902823,-77.01488776,2026,1,19
260004526,Property Damage Crash,01/30/2026 07:39:00 PM,RANDOLPH RD,NA,"Sideswipe, Same Direction",Cloudy,Snow,Dark,No Controls,NONE DETECTED,Yes,No Apparent Injury,"Operated Motor Vehicle in Inattentive, Careless, Negligent, or Erratic Manner, Too Fast For Conditions",Not Distracted,MD,Van - Cargo,Entering Traffic Lane,40,No,2015,CHEVROLET,EXPRESS,39.06902823,-77.01488776,2026,1,19
260004512,Property Damage Crash,01/30/2026 06:55:00 PM,INDUSTRIAL PKWY,NA,Angle,Clear,Dry,Medium,No Controls,NONE DETECTED,Yes,No Apparent Injury,"Disregarded Other Road Markings, Improper Turn, Operated Motor Vehicle in Inattentive, Careless, Negligent, or Erratic Manner",Unknown,MD,Sport Utility Vehicle,Turning Left,30,No,2026,HONDA,CR-V,39.05545283,-76.97059183,2026,1,18
260004512,Property Damage Crash,01/30/2026 06:55:00 PM,INDUSTRIAL PKWY,NA,Angle,Clear,Dry,Medium,No Controls,NONE DETECTED,No,No Apparent Injury,NA,Not Distracted,MD,Other,Moving Constant Speed,30,No,2024,RAM,PROMASTER 2500,39.05545283,-76.97059183,2026,1,18
260004504,Property Damage Crash,01/30/2026 06:13:00 PM,CHERRY HILL RD,NA,Front to Rear,Clear,Dry,Medium,No Controls,NONE DETECTED,No,No Apparent Injury,NA,Not Distracted,MD,Pickup,Moving Constant Speed,40,No,1990,CHEVROLET,GMT-400,39.06106067,-76.95772883,2026,1,18
260004504,Property Damage Crash,01/30/2026 06:13:00 PM,CHERRY HILL RD,NA,Front to Rear,Clear,Dry,Medium,No Controls,NONE DETECTED,Yes,No Apparent Injury,NA,Not Distracted,MD,Passenger Car,Entering Traffic Lane,40,No,2008,NISSAN,ALTIMA,39.06106067,-76.95772883,2026,1,18
260004502,Property Damage Crash,01/30/2026 06:00:00 PM,NEW HAMPSHIRE AVE,NA,Single Vehicle,Snow,Snow,Dark,No Controls,NONE DETECTED,No,No Apparent Injury,NA,Unknown,TX,Pickup,Moving Constant Speed,30,No,2013,GMC,SIERRA,39.14593917,-77.0072975,2026,1,18
260004499,Property Damage Crash,01/30/2026 05:59:00 PM,SNOUFFERS SCHOOL RD,NA,Front to Rear,Clear,Snow,Medium,Traffic Control Signal,NONE DETECTED,No,No Apparent Injury,NA,Not Distracted,WV,Sport Utility Vehicle,Stopped in Traffic,35,No,2011,HONDA,CR-V,39.15909402,-77.16053528,2026,1,17
260004499,Property Damage Crash,01/30/2026 05:59:00 PM,SNOUFFERS SCHOOL RD,NA,Front to Rear,Clear,Snow,Medium,Traffic Control Signal,NONE DETECTED,Yes,No Apparent Injury,Followed Too Closely,Not Distracted,MD,Pickup,Accelerating,35,No,2014,FORD,F-350,39.15909402,-77.16053528,2026,1,17
260004498,Property Damage Crash,01/30/2026 05:43:00 PM,NA,NA,Front to Front,Clear,Dry,Dark,No Controls,NONE DETECTED,Yes,No Apparent Injury,Failed to Keep in Proper Lane,Unknown,MD,Other Trucks,Moving Constant Speed,35,No,2021,FREIGHTLINER,MT 45G FRONT GASOLINE ENGINE WALK IN VAN,38.98966674,-77.06995648,2026,1,17
260004498,Property Damage Crash,01/30/2026 05:43:00 PM,NA,NA,Front to Front,Clear,Dry,Dark,No Controls,NONE DETECTED,No,No Apparent Injury,NA,Not Distracted,MD,Passenger Car,Moving Constant Speed,35,No,2022,TOYOTA,PRIUS PRIME,38.98966674,-77.06995648,2026,1,17
260004498,Property Damage Crash,01/30/2026 05:43:00 PM,NA,NA,Front to Front,Clear,Dry,Dark,No Controls,NONE DETECTED,No,No Apparent Injury,NA,Not Distracted,MD,Passenger Car,Moving Constant Speed,35,No,2020,SUBARU,ASCENT,38.98966674,-77.06995648,2026,1,17
260004513,Property Damage Crash,01/30/2026 05:37:00 PM,RIVER RD,NA,"Sideswipe, Same Direction",Clear,Dry,Daylight,Traffic Control Signal,NONE DETECTED,No,No Apparent Injury,NA,Not Distracted,DC,Passenger Car,Stopped in Traffic,35,No,2020,SUBARU,ASCENT,38.96671783,-77.10648708,2026,1,17
260004513,Property Damage Crash,01/30/2026 05:37:00 PM,RIVER RD,NA,"Sideswipe, Same Direction",Clear,Dry,Daylight,Traffic Control Signal,NONE DETECTED,No,NA,NA,NA,NA,Passenger Car,Moving Constant Speed,35,No,2011,ACURA,MDX,38.96671783,-77.10648708,2026,1,17
260004486,Property Damage Crash,01/30/2026 05:28:00 PM,NA,NA,"Sideswipe, Same Direction",Clear,NA,Daylight,NA,NONE DETECTED,No,No Apparent Injury,NA,Not Distracted,MD,Passenger Car,Turning Right,0,No,2020,JEEP,COMPASS,39.09112031,-77.04726401,2026,1,17
260004486,Property Damage Crash,01/30/2026 05:28:00 PM,NA,NA,"Sideswipe, Same Direction",Clear,NA,Daylight,NA,NONE DETECTED,Yes,No Apparent Injury,"Failed to Yield Right-of-Way, Other Improper Action",Unknown,MD,Passenger Car,Turning Left,0,No,2015,TOYOTA,COROLLA,39.09112031,-77.04726401,2026,1,17
260004680,Property Damage Crash,01/30/2026 05:11:00 PM,GERMANTOWN RD (SB/L),NA,Front to Front,Clear,Dry,Daylight,Traffic Control Signal,NONE DETECTED,Yes,No Apparent Injury,NA,Unknown,MD,Passenger Car,Moving Constant Speed,40,No,2020,DODGE,DURANGO,39.18124468,-77.26232361,2026,1,17
260004680,Property Damage Crash,01/30/2026 05:11:00 PM,GERMANTOWN RD (SB/L),NA,Front to Front,Clear,Dry,Daylight,Traffic Control Signal,NONE DETECTED,No,No Apparent Injury,NA,Not Distracted,MD,Passenger Car,Turning Left,35,No,2013,HONDA,ACCORD,39.18124468,-77.26232361,2026,1,17
260004489,Property Damage Crash,01/30/2026 04:50:00 PM,JONES BRIDGE RD (WB/L),NA,Angle,Clear,Snow,Daylight,Traffic Control Signal,NONE DETECTED,No,No Apparent Injury,NA,Not Distracted,MD,Other Trucks,Turning Right,35,No,2016,INTERNATIONAL,SA525,38.99999583,-77.07673683,2026,1,16
260004489,Property Damage Crash,01/30/2026 04:50:00 PM,JONES BRIDGE RD (WB/L),NA,Angle,Clear,Snow,Daylight,Traffic Control Signal,NONE DETECTED,No,No Apparent Injury,NA,Not Distracted,MD,Passenger Car,Turning Right,35,No,2021,HONDA,INSIGHT,38.99999583,-77.07673683,2026,1,16
260004482,Property Damage Crash,01/30/2026 04:47:00 PM,WAYNE AVE (WB/L),NA,"Sideswipe, Same Direction",Clear,Ice/Frost,Daylight,Traffic Control Signal,NONE DETECTED,Yes,No Apparent Injury,NA,Not Distracted,MD,Sport Utility Vehicle,Moving Constant Speed,35,No,2021,TOYOTA,HIGHLANDER,38.99450705,-77.02717654,2026,1,16
260004482,Property Damage Crash,01/30/2026 04:47:00 PM,WAYNE AVE (WB/L),NA,"Sideswipe, Same Direction",Clear,Ice/Frost,Daylight,Traffic Control Signal,NONE DETECTED,Yes,No Apparent Injury,NA,Not Distracted,MD,Bus - Transit,Moving Constant Speed,35,No,2022,NEW FLYER,XCELSIOR,38.99450705,-77.02717654,2026,1,16
260004476,Injury Crash,01/30/2026 04:35:00 PM,NA,NA,Angle,Clear,Dry,Daylight,No Controls,NONE DETECTED,No,No Apparent Injury,NA,Not Distracted,MD,Passenger Car,Moving Constant Speed,30,No,2013,FORD,ESCAPE,39.19049083,-77.05365933,2026,1,16
260004476,Injury Crash,01/30/2026 04:35:00 PM,NA,NA,Angle,Clear,Dry,Daylight,Stop Sign,NONE DETECTED,Yes,Possible Minor Injury,Failed to Yield Right-of-Way,Not Distracted,MD,Passenger Car,Turning Left,30,No,2016,HONDA,CIVIC,39.19049083,-77.05365933,2026,1,16
260004477,Property Damage Crash,01/30/2026 04:25:00 PM,HATHAWAY DR,NA,Front to Front,Clear,Dry,Daylight,Traffic Control Signal,NONE DETECTED,No,No Apparent Injury,NA,Not Distracted,MD,Pickup,Moving Constant Speed,35,No,2011,FORD,F-150,39.0682087,-77.06104828,2026,1,16
260004477,Property Damage Crash,01/30/2026 04:25:00 PM,HATHAWAY DR,NA,Front to Front,Clear,Dry,Daylight,Traffic Control Signal,NONE DETECTED,Yes,No Apparent Injury,NA,Unknown,MD,Passenger Car,Moving Constant Speed,35,No,2021,TOYOTA,C-HR,39.0682087,-77.06104828,2026,1,16
260004477,Property Damage Crash,01/30/2026 04:25:00 PM,HATHAWAY DR,NA,Front to Front,Clear,Dry,Daylight,Traffic Control Signal,NONE DETECTED,No,No Apparent Injury,NA,Not Distracted,MD,Pickup,Moving Constant Speed,35,No,2006,TOYOTA,TUNDRA,39.0682087,-77.06104828,2026,1,16
260004467,Property Damage Crash,01/30/2026 03:34:00 PM,NA,NA,"Sideswipe, Same Direction",Clear,Snow,Daylight,No Controls,NONE DETECTED,No,No Apparent Injury,NA,Not Distracted,MD,Bus - Transit,Moving Constant Speed,30,No,2023,NEW FLYER,XCELSIOR,38.9981858,-77.02678079,2026,1,15
260004467,Property Damage Crash,01/30/2026 03:34:00 PM,NA,NA,"Sideswipe, Same Direction",Clear,Snow,Daylight,No Controls,NONE DETECTED,No,No Apparent Injury,NA,Unknown,MD,Van - Cargo,Moving Constant Speed,30,No,0,NA,NA,38.9981858,-77.02678079,2026,1,15
260004464,Property Damage Crash,01/30/2026 03:15:00 PM,RAMP 2 FR CHERRY HILL RD WB TO US 29 NB,NA,Front to Rear,Clear,Slush,Daylight,No Controls,NONE DETECTED,No,No Apparent Injury,NA,Unknown,MD,Passenger Car,Moving Constant Speed,15,No,2022,DODGE,DURANGO,39.06453817,-76.9612655,2026,1,15
260004464,Property Damage Crash,01/30/2026 03:15:00 PM,RAMP 2 FR CHERRY HILL RD WB TO US 29 NB,NA,Front to Rear,Clear,Slush,Daylight,No Controls,NONE DETECTED,No,No Apparent Injury,NA,Not Distracted,MD,Passenger Car,Slowing or Stopping,15,No,2026,TOYOTA,HIGHLANDER,39.06453817,-76.9612655,2026,1,15
260004458,Property Damage Crash,01/30/2026 02:45:00 PM,LEWIS AVE,NA,"Sideswipe, Opposite Direction",Clear,Dry,Daylight,No Controls,NONE DETECTED,Yes,No Apparent Injury,NA,Not Distracted,MD,Pickup,Slowing or Stopping,25,No,2020,FORD,F-150,39.07200031,-77.1308088,2026,1,14
260004458,Property Damage Crash,01/30/2026 02:45:00 PM,LEWIS AVE,NA,"Sideswipe, Opposite Direction",Clear,Dry,Daylight,No Controls,NONE DETECTED,Yes,No Apparent Injury,NA,Not Distracted,MD,Other,Moving Constant Speed,25,No,2000,FORD,EXPLORER,39.07200031,-77.1308088,2026,1,14
260004454,Injury Crash,01/30/2026 02:00:00 PM,NA,Pedestrian,Single Vehicle,Clear,NA,Daylight,NA,NONE DETECTED,Yes,No Apparent Injury,Failed to Yield Right-of-Way,Not Distracted,MD,Sport Utility Vehicle,Moving Constant Speed,0,No,2014,AUDI,Q7,39.19884695,-77.25159765,2026,1,14
260004451,Property Damage Crash,01/30/2026 02:00:00 PM,CLIFTON RD,NA,Front to Rear,Clear,Dry,Daylight,No Controls,NONE DETECTED,Yes,No Apparent Injury,NA,Unknown,MD,Passenger Car,Moving Constant Speed,40,No,2007,FORD,F-150,39.07547363,-76.99819552,2026,1,14
260004451,Property Damage Crash,01/30/2026 02:00:00 PM,CLIFTON RD,NA,Front to Rear,Clear,Dry,Daylight,No Controls,NONE DETECTED,No,No Apparent Injury,NA,Not Distracted,MD,Passenger Car,Slowing or Stopping,40,No,2013,SUBARU,OUTBACK,39.07547363,-76.99819552,2026,1,14
260004448,Property Damage Crash,01/30/2026 01:25:00 PM,GEORGIA AVE,NA,Front to Rear,Clear,Dry,Daylight,Traffic Control Signal,NONE DETECTED,No,No Apparent Injury,NA,Not Distracted,MD,Pickup,Stopped in Traffic,30,No,2024,FORD,F-150,39.03534405,-77.04946731,2026,1,13
260004448,Property Damage Crash,01/30/2026 01:25:00 PM,GEORGIA AVE,NA,Front to Rear,Clear,Dry,Daylight,Traffic Control Signal,NONE DETECTED,Yes,No Apparent Injury,NA,"Other Action (looking away from task, etc.)",MD,Bus - Transit,Slowing or Stopping,30,No,2020,NEW FLYER,XCELSIOR,39.03534405,-77.04946731,2026,1,13
260004441,Property Damage Crash,01/30/2026 12:05:00 PM,LAYHILL RD (SB/L),NA,"Sideswipe, Same Direction",Clear,Snow,Daylight,Traffic Control Signal,NONE DETECTED,No,No Apparent Injury,NA,Not Distracted,MD,Van - Passenger (&lt;9 Seats),Stopped in Traffic,40,No,2025,HONDA,ODYSSEY,39.09074937,-77.044922,2026,1,12
260004441,Property Damage Crash,01/30/2026 12:05:00 PM,LAYHILL RD (SB/L),NA,"Sideswipe, Same Direction",Clear,Snow,Daylight,Traffic Control Signal,NONE DETECTED,No,No Apparent Injury,NA,Not Distracted,MD,Passenger Car,Moving Constant Speed,40,No,2014,HONDA,ACCORD,39.09074937,-77.044922,2026,1,12
260004432,Property Damage Crash,01/30/2026 11:51:00 AM,BURNT MILLS AVE,NA,Rear To Side,Clear,Dry,Daylight,Traffic Control Signal,NONE DETECTED,Yes,No Apparent Injury,Ran Red Light,Not Distracted,MD,Pickup,Moving Constant Speed,40,No,2018,TOYOTA,TUNDRA,39.03633691,-77.00020801,2026,1,11
260004432,Property Damage Crash,01/30/2026 11:51:00 AM,BURNT MILLS AVE,NA,Rear To Side,Clear,Dry,Daylight,Traffic Control Signal,NONE DETECTED,No,No Apparent Injury,NA,Not Distracted,MD,Passenger Car,Turning Left,25,No,2014,FORD,FOCUS,39.03633691,-77.00020801,2026,1,11
260004428,Property Damage Crash,01/30/2026 11:25:00 AM,WISTERIA DR,NA,Front to Rear,Clear,Dry,Daylight,Traffic Control Signal,NONE DETECTED,Yes,No Apparent Injury,Followed Too Closely,Unknown,MD,Passenger Car,Turning Right,30,No,2024,ACURA,INTEGRA,39.17723834,-77.27061441,2026,1,11
260004428,Property Damage Crash,01/30/2026 11:25:00 AM,WISTERIA DR,NA,Front to Rear,Clear,Dry,Daylight,Traffic Control Signal,NONE DETECTED,No,No Apparent Injury,NA,Not Distracted,VA,Pickup,Moving Constant Speed,30,No,2019,NISSAN,NV,39.17723834,-77.27061441,2026,1,11
260008297,Property Damage Crash,01/30/2026 11:03:00 AM,NA,NA,Rear To Side,Clear,NA,Daylight,NA,NONE DETECTED,Yes,No Apparent Injury,NA,Not Distracted,DC,Single-Unit Truck,Backing,0,No,2014,FREIGHTLINER,M2,39.0011666,-77.05877989,2026,1,11
260004426,Injury Crash,01/30/2026 11:00:00 AM,TEMPLETON PL (EB/L),NA,Front to Front,Clear,Ice/Frost,Daylight,Traffic Control Signal,NONE DETECTED,Yes,Possible Minor Injury,NA,Unknown,MD,Passenger Car,Moving Constant Speed,35,No,1999,TOYOTA,COROLLA,39.06697559,-77.12810289,2026,1,11
260004426,Injury Crash,01/30/2026 11:00:00 AM,TEMPLETON PL (EB/L),NA,Front to Front,Clear,Ice/Frost,Daylight,Traffic Control Signal,NONE DETECTED,No,Possible Minor Injury,NA,Not Distracted,MD,Van - Cargo,Turning Right,35,No,2003,CHEVROLET,EXPRESS,39.06697559,-77.12810289,2026,1,11
260004419,Property Damage Crash,01/30/2026 09:41:00 AM,NA,NA,Angle,Clear,Dry,Daylight,Stop Sign,NONE DETECTED,Yes,No Apparent Injury,NA,Unknown,MD,Passenger Car,Turning Left,30,No,2024,MAZDA,CX-5,39.11323435,-77.18333508,2026,1,9