Local Case Number,ACRS Report Type,Crash Date/Time,Road Name,Related Non-Motorist,Collision Type,Weather,Surface Condition,Light,Traffic Control,Driver Substance Abuse,Driver At Fault,Injury Severity,Circumstance,Driver Distracted By,Drivers License State,Vehicle Body Type,Vehicle Movement,Speed Limit,Driverless Vehicle,Vehicle Year,Vehicle Make,Vehicle Model,Latitude,Longitude,Year,Month,Hour
260004419,Property Damage Crash,01/30/2026 09:41:00 AM,NA,NA,Angle,Clear,Dry,Daylight,No Controls,NONE DETECTED,No,No Apparent Injury,NA,Not Distracted,MD,Van - Passenger (&lt;9 Seats),Moving Constant Speed,30,No,2007,HONDA,ODYSSEY,39.11323435,-77.18333508,2026,1,9
260004413,Property Damage Crash,01/30/2026 08:21:00 AM,ORCHARD RIDGE DR,NA,"Sideswipe, Opposite Direction",Clear,Dry,Daylight,Traffic Control Signal,NONE DETECTED,No,No Apparent Injury,Failed to Yield Right-of-Way,Not Distracted,MD,Passenger Car,Turning Left,35,No,2024,HYUNDAI,ELANTRA,39.12905462,-77.23376487,2026,1,8
260004413,Property Damage Crash,01/30/2026 08:21:00 AM,ORCHARD RIDGE DR,NA,"Sideswipe, Opposite Direction",Clear,Dry,Daylight,Traffic Control Signal,NONE DETECTED,No,No Apparent Injury,NA,Not Distracted,MD,Passenger Car,Moving Constant Speed,35,No,2021,JEEP,WRANGLER,39.12905462,-77.23376487,2026,1,8
260004402,Property Damage Crash,01/30/2026 07:02:00 AM,ROCKVILLE PIKE (SB/L),NA,"Sideswipe, Same Direction",Clear,Dry,Daylight,No Controls,NONE DETECTED,No,No Apparent Injury,NA,Not Distracted,MD,Bus - Transit,Slowing or Stopping,35,No,2017,GILLIG,LOW FLOOR BUS,39.07378762,-77.13498095,2026,1,7
260004402,Property Damage Crash,01/30/2026 07:02:00 AM,ROCKVILLE PIKE (SB/L),NA,"Sideswipe, Same Direction",Clear,Dry,Daylight,No Controls,NONE DETECTED,No,NA,NA,NA,NA,Other Trucks,Moving Constant Speed,35,No,0,NA,NA,39.07378762,-77.13498095,2026,1,7
260004400,Injury Crash,01/30/2026 06:50:00 AM,SHADY GROVE RD,NA,Single Vehicle,Clear,Dry,Medium,No Controls,NONE DETECTED,Yes,Possible Minor Injury,Too Fast For Conditions,Unknown,MD,Passenger Car,Moving Constant Speed,40,No,2000,HONDA,S2000,39.13871533,-77.15308217,2026,1,6
260004401,Property Damage Crash,01/30/2026 06:45:00 AM,NO NAME,NA,Other,Clear,Ice/Frost,Medium,No Controls,NONE DETECTED,No,No Apparent Injury,NA,Not Distracted,MD,Sport Utility Vehicle,Moving Constant Speed,55,No,2025,DODGE,DURANGO,39.13154167,-77.170005,2026,1,6
260004401,Property Damage Crash,01/30/2026 06:45:00 AM,NO NAME,NA,Other,Clear,Ice/Frost,Medium,No Controls,NONE DETECTED,Yes,No Apparent Injury,NA,Unknown,MD,Sport Utility Vehicle,Moving Constant Speed,55,No,2001,TOYOTA,SEQUOIA,39.13154167,-77.170005,2026,1,6
260004398,Injury Crash,01/30/2026 06:35:00 AM,GEORGIA AVE (SB/L),NA,Angle,Snow,Ice/Frost,Medium,Traffic Control Signal,NONE DETECTED,No,Possible Minor Injury,NA,Unknown,MD,Passenger Car,Moving Constant Speed,25,No,2017,TOYOTA,RAV4,39.04133733,-77.05166917,2026,1,6
260004398,Injury Crash,01/30/2026 06:35:00 AM,GEORGIA AVE (SB/L),NA,Angle,Snow,Ice/Frost,Medium,Traffic Control Signal,NONE DETECTED,No,Suspected Serious Injury,NA,Unknown,MD,Passenger Car,Moving Constant Speed,35,No,2018,TOYOTA,HIGHLANDER,39.04133733,-77.05166917,2026,1,6
260004397,Injury Crash,01/30/2026 06:20:00 AM,COLESVILLE RD,NA,Rear To Side,Clear,Dry,Medium,No Controls,NONE DETECTED,Yes,Possible Minor Injury,"Failed to Yield Right-of-Way, Improper Turn, Operated Motor Vehicle in Inattentive, Careless, Negligent, or Erratic Manner",Not Distracted,MD,Passenger Car,Making U-Turn,35,No,2025,HONDA,HR-V,39.0213312,-77.01195944,2026,1,6
260004397,Injury Crash,01/30/2026 06:20:00 AM,COLESVILLE RD,NA,Rear To Side,Clear,Dry,Medium,No Controls,NONE DETECTED,No,No Apparent Injury,NA,Not Distracted,MD,Sport Utility Vehicle,Moving Constant Speed,35,No,2021,HYUNDAI,PALISADE,39.0213312,-77.01195944,2026,1,6
260004416,Property Damage Crash,01/30/2026 01:46:00 AM,VEIRS MILL RD,NA,"Sideswipe, Same Direction",Clear,NA,Dark,Traffic Control Signal,NONE DETECTED,No,NA,NA,NA,NA,Unknown,Moving Constant Speed,25,No,1999,FREIGHTLINER,FL70,39.03600554,-77.05006678,2026,1,1
260004416,Property Damage Crash,01/30/2026 01:46:00 AM,VEIRS MILL RD,NA,"Sideswipe, Same Direction",Clear,NA,Dark,Traffic Control Signal,NONE DETECTED,No,No Apparent Injury,NA,Not Distracted,MD,Passenger Car,Moving Constant Speed,25,No,2017,TOYOTA,COROLLA,39.03600554,-77.05006678,2026,1,1
260004388,Property Damage Crash,01/29/2026 09:24:00 PM,NA,NA,Front to Rear,Clear,Slush,Medium,Traffic Control Signal,NONE DETECTED,No,No Apparent Injury,NA,Not Distracted,VA,Passenger Car,Moving Constant Speed,20,No,2021,MAZDA,CX-5,38.99862097,-76.99907603,2026,1,21
260004388,Property Damage Crash,01/29/2026 09:24:00 PM,NA,NA,Front to Rear,Clear,Slush,Medium,Traffic Control Signal,NONE DETECTED,No,NA,NA,NA,NA,Passenger Car,Moving Constant Speed,20,No,2007,GMC,SIERRA,38.99862097,-76.99907603,2026,1,21
260004386,Property Damage Crash,01/29/2026 09:01:00 PM,NA,NA,"Sideswipe, Same Direction",Clear,Slush,Medium,Traffic Control Signal,NONE DETECTED,No,NA,NA,NA,NA,NA,Overtaking/Passing,30,No,0,NA,NA,39.02530378,-77.0461957,2026,1,21
260004386,Property Damage Crash,01/29/2026 09:01:00 PM,NA,NA,"Sideswipe, Same Direction",Clear,Slush,Medium,Traffic Control Signal,NONE DETECTED,No,No Apparent Injury,NA,Not Distracted,MD,Bus - Transit,Overtaking/Passing,30,No,2023,NEW FLYER,XCELSIOR,39.02530378,-77.0461957,2026,1,21
260004381,Property Damage Crash,01/29/2026 08:38:00 PM,VEIRS MILL RD,NA,Front to Rear,Clear,Dry,Medium,Traffic Control Signal,NONE DETECTED,No,No Apparent Injury,NA,Not Distracted,MD,Sport Utility Vehicle,Stopped in Traffic,35,No,2019,HYUNDAI,SANTA FE XL,39.07342346,-77.11202481,2026,1,20
260004381,Property Damage Crash,01/29/2026 08:38:00 PM,VEIRS MILL RD,NA,Front to Rear,Clear,Dry,Medium,Traffic Control Signal,NONE DETECTED,Yes,No Apparent Injury,NA,Not Distracted,MD,Sport Utility Vehicle,Slowing or Stopping,35,No,2025,GENESIS,GV80,39.07342346,-77.11202481,2026,1,20
260004381,Property Damage Crash,01/29/2026 08:38:00 PM,VEIRS MILL RD,NA,Front to Rear,Clear,Dry,Medium,Traffic Control Signal,NONE DETECTED,No,No Apparent Injury,NA,Not Distracted,MD,Passenger Car,Stopped in Traffic,35,No,2018,TOYOTA,YARIS IA,39.07342346,-77.11202481,2026,1,20
260004372,Property Damage Crash,01/29/2026 07:10:00 PM,GEORGIA AVE,NA,Angle,Clear,Wet,Medium,Stop Sign,NONE DETECTED,Yes,No Apparent Injury,NA,Not Distracted,MD,Passenger Car,Turning Left,35,No,2025,TOYOTA,COROLLA CROSS,39.05959517,-77.0503465,2026,1,19
260004372,Property Damage Crash,01/29/2026 07:10:00 PM,GEORGIA AVE,NA,Angle,Clear,Wet,Medium,No Controls,NONE DETECTED,No,No Apparent Injury,NA,Not Distracted,NA,Passenger Car,Moving Constant Speed,35,No,2005,TOYOTA,SIENNA,39.05959517,-77.0503465,2026,1,19
260004368,Injury Crash,01/29/2026 06:33:00 PM,MONTGOMERY VILLAGE AVE (SB/L),NA,Angle,Clear,Slush,Medium,Traffic Control Signal,NONE DETECTED,No,Possible Minor Injury,NA,Not Distracted,MD,Passenger Car,Moving Constant Speed,35,No,2002,CADILLAC,ESCALADE,39.16966017,-77.20439817,2026,1,18
260004368,Injury Crash,01/29/2026 06:33:00 PM,MONTGOMERY VILLAGE AVE (SB/L),NA,Angle,Clear,Slush,Medium,Traffic Control Signal,NONE DETECTED,No,No Apparent Injury,NA,Not Distracted,MD,Passenger Car,Stopped in Traffic,25,No,2019,AUDI,Q7,39.16966017,-77.20439817,2026,1,18
260004368,Injury Crash,01/29/2026 06:33:00 PM,MONTGOMERY VILLAGE AVE (SB/L),NA,Angle,Clear,Slush,Medium,Traffic Control Signal,NONE DETECTED,Yes,Possible Minor Injury,Failed to Yield Right-of-Way,Not Distracted,MD,Passenger Car,Turning Left,35,No,2013,FORD,ESCAPE,39.16966017,-77.20439817,2026,1,18
260004362,Property Damage Crash,01/29/2026 05:13:00 PM,LONGMEAD CROSSING DR,NA,Front to Front,Clear,Dry,Medium,Flashing Traffic Control Signal,NONE DETECTED,No,No Apparent Injury,"Failed to Yield Right-of-Way, Improper Turn",Unknown,VA,Passenger Car,Turning Left,40,No,2021,ACURA,ILX,39.095692,-77.04464283,2026,1,17
260004362,Property Damage Crash,01/29/2026 05:13:00 PM,LONGMEAD CROSSING DR,NA,Front to Front,Clear,Dry,Medium,Flashing Traffic Control Signal,NONE DETECTED,No,No Apparent Injury,NA,Not Distracted,MD,Passenger Car,Moving Constant Speed,40,No,2020,TOYOTA,COROLLA,39.095692,-77.04464283,2026,1,17
260004352,Property Damage Crash,01/29/2026 04:31:00 PM,MIDDLEBROOK RD (WB/L),NA,Angle,Clear,Dry,Daylight,No Controls,NONE DETECTED,No,No Apparent Injury,NA,Not Distracted,MD,Passenger Car,Moving Constant Speed,30,No,2014,HONDA,CIVIC,39.18161181,-77.23173793,2026,1,16
260004352,Property Damage Crash,01/29/2026 04:31:00 PM,MIDDLEBROOK RD (WB/L),NA,Angle,Clear,Dry,Daylight,Stop Sign,NONE DETECTED,Yes,No Apparent Injury,Failed to Yield Right-of-Way,Unknown,MD,Passenger Car,Moving Constant Speed,30,No,2017,TOYOTA,COROLLA,39.18161181,-77.23173793,2026,1,16
260004351,Property Damage Crash,01/29/2026 04:30:00 PM,NA,NA,Single Vehicle,Clear,Dry,Daylight,No Controls,NONE DETECTED,No,No Apparent Injury,NA,Not Distracted,MD,Single-Unit Truck,Moving Constant Speed,50,No,2021,PETERBILT,520,39.23519333,-77.180405,2026,1,16
260004349,Property Damage Crash,01/29/2026 04:00:00 PM,GEORGIA AVE,NA,"Sideswipe, Same Direction",Clear,Wet,Daylight,No Controls,NONE DETECTED,No,No Apparent Injury,NA,Not Distracted,MD,Passenger Car,Moving Constant Speed,35,No,2020,HONDA,ACCORD,39.045717,-77.052101,2026,1,16
260004349,Property Damage Crash,01/29/2026 04:00:00 PM,GEORGIA AVE,NA,"Sideswipe, Same Direction",Clear,Wet,Daylight,No Controls,NONE DETECTED,Yes,No Apparent Injury,NA,Not Distracted,MD,Passenger Car,Changing Lanes,35,No,2020,MERCEDES-BENZ,GLE-CLASS,39.045717,-77.052101,2026,1,16
260004346,Property Damage Crash,01/29/2026 03:40:00 PM,GEORGIA AVE (SB/L),NA,Front to Rear,Clear,Slush,Daylight,Traffic Control Signal,NONE DETECTED,No,NA,"Followed Too Closely, Operated Motor Vehicle in Inattentive, Careless, Negligent, or Erratic Manner",Unknown,NA,Passenger Car,Moving Constant Speed,30,No,2017,BMW,320I,39.0102517,-77.04080987,2026,1,15
260004346,Property Damage Crash,01/29/2026 03:40:00 PM,GEORGIA AVE (SB/L),NA,Front to Rear,Clear,Slush,Daylight,Traffic Control Signal,NONE DETECTED,No,No Apparent Injury,NA,Not Distracted,MD,Sport Utility Vehicle,Stopped in Traffic,30,No,2025,TOYOTA,RAV4,39.0102517,-77.04080987,2026,1,15
260004336,Property Damage Crash,01/29/2026 02:55:00 PM,NA,NA,"Sideswipe, Same Direction",Clear,Dry,Daylight,No Controls,NONE DETECTED,Yes,No Apparent Injury,NA,Not Distracted,MD,Passenger Car,Parked,25,No,2023,HONDA,CR-V,38.98951467,-77.09646467,2026,1,14
260004336,Property Damage Crash,01/29/2026 02:55:00 PM,NA,NA,"Sideswipe, Same Direction",Clear,Dry,Daylight,No Controls,NONE DETECTED,No,No Apparent Injury,NA,Not Distracted,MD,Passenger Car,Moving Constant Speed,25,No,2025,LEXUS,NX,38.98951467,-77.09646467,2026,1,14
260004333,Injury Crash,01/29/2026 02:50:00 PM,TRAVIS AVE,NA,Rear To Side,Clear,Dry,Daylight,Traffic Control Signal,NONE DETECTED,Yes,No Apparent Injury,Failed to Yield Right-of-Way,Not Distracted,MD,Passenger Car,Turning Left,35,No,2014,HONDA,CIVIC,39.16125337,-77.22276774,2026,1,14
260004333,Injury Crash,01/29/2026 02:50:00 PM,TRAVIS AVE,NA,Rear To Side,Clear,Dry,Daylight,Traffic Control Signal,NONE DETECTED,No,Possible Minor Injury,NA,Not Distracted,MD,Passenger Car,Moving Constant Speed,35,No,2011,NISSAN,ALTIMA,39.16125337,-77.22276774,2026,1,14
260004326,Property Damage Crash,01/29/2026 02:14:00 PM,FAIRLAND RD,NA,Front to Rear,Snow,Ice/Frost,Daylight,No Controls,NONE DETECTED,No,No Apparent Injury,NA,Not Distracted,MD,Passenger Car,Slowing or Stopping,35,No,2018,TOYOTA,RAV4,39.06679044,-76.94721885,2026,1,14
260004326,Property Damage Crash,01/29/2026 02:14:00 PM,FAIRLAND RD,NA,Front to Rear,Snow,Ice/Frost,Daylight,No Controls,NONE DETECTED,No,No Apparent Injury,NA,Not Distracted,MD,Passenger Car,Moving Constant Speed,35,No,2014,SUBARU,FORESTER,39.06679044,-76.94721885,2026,1,14
260004329,Property Damage Crash,01/29/2026 02:13:00 PM,FENTON ST,NA,"Sideswipe, Same Direction",Snow,Snow,Daylight,No Controls,NONE DETECTED,No,NA,NA,NA,NA,NA,Overtaking/Passing,25,No,0,NA,NA,38.98353631,-77.02210174,2026,1,14
260004329,Property Damage Crash,01/29/2026 02:13:00 PM,FENTON ST,NA,"Sideswipe, Same Direction",Snow,Snow,Daylight,No Controls,NONE DETECTED,No,No Apparent Injury,NA,Not Distracted,DC,Bus - Transit,Stopped in Traffic,25,No,2021,GILLIG,LOW FLOOR BUS,38.98353631,-77.02210174,2026,1,14
260004342,Property Damage Crash,01/29/2026 01:30:00 PM,NA,NA,"Sideswipe, Opposite Direction",Clear,NA,Daylight,NA,NONE DETECTED,No,NA,NA,NA,NA,Passenger Car,Moving Constant Speed,0,No,2003,NISSAN,MAXIMA,39.1579271,-77.2125359,2026,1,13
260004318,Property Damage Crash,01/29/2026 01:13:00 PM,NA,NA,"Sideswipe, Opposite Direction",Clear,NA,Daylight,NA,NONE DETECTED,Yes,No Apparent Injury,"Improper Turn, Operated Motor Vehicle in Inattentive, Careless, Negligent, or Erratic Manner",Unknown,MD,Sport Utility Vehicle,Turning Right,0,No,2023,SUBARU,ASCENT,39.19794903,-77.25856212,2026,1,13
260004309,Property Damage Crash,01/29/2026 12:00:00 PM,OLNEY SANDY SPRING RD,NA,Front to Rear,Snow,Snow,Daylight,Traffic Control Signal,NONE DETECTED,Yes,No Apparent Injury,NA,Not Distracted,MD,Sport Utility Vehicle,Moving Constant Speed,30,No,2015,ACURA,RDX,39.14416426,-77.04358322,2026,1,12
260004309,Property Damage Crash,01/29/2026 12:00:00 PM,OLNEY SANDY SPRING RD,NA,Front to Rear,Snow,Snow,Daylight,Traffic Control Signal,NONE DETECTED,No,No Apparent Injury,NA,Not Distracted,MD,Passenger Car,Slowing or Stopping,30,No,2002,MERCEDES-BENZ,METRIS,39.14416426,-77.04358322,2026,1,12
260004305,Property Damage Crash,01/29/2026 11:56:00 AM,MIDDLEBROOK RD (WB/L),NA,Angle,Clear,Dry,Daylight,Stop Sign,NONE DETECTED,No,No Apparent Injury,"Operated Motor Vehicle in Inattentive, Careless, Negligent, or Erratic Manner, Ran Stop Sign",NA,NA,Passenger Car,Accelerating,30,No,2019,KIA,FORTE,39.18161932,-77.23176115,2026,1,11
260004305,Property Damage Crash,01/29/2026 11:56:00 AM,MIDDLEBROOK RD (WB/L),NA,Angle,Clear,Dry,Daylight,No Controls,NONE DETECTED,No,No Apparent Injury,NA,Not Distracted,MD,Passenger Car,Moving Constant Speed,30,No,2018,TOYOTA,PRIUS,39.18161932,-77.23176115,2026,1,11
260004298,Injury Crash,01/29/2026 11:22:00 AM,NA,NA,Angle,Clear,Dry,Daylight,No Controls,NONE DETECTED,No,No Apparent Injury,NA,Not Distracted,MD,Sport Utility Vehicle,Turning Left,35,No,2018,TOYOTA,RAV4,39.11189015,-77.15600652,2026,1,11
260004298,Injury Crash,01/29/2026 11:22:00 AM,NA,NA,Angle,Clear,Dry,Daylight,No Controls,NONE DETECTED,No,Possible Minor Injury,NA,Not Distracted,MD,Sport Utility Vehicle,Moving Constant Speed,35,No,2003,TOYOTA,RAV4,39.11189015,-77.15600652,2026,1,11
260004296,Property Damage Crash,01/29/2026 11:03:00 AM,PLUM ORCHARD DR,NA,Front to Front,Clear,Dry,Daylight,Stop Sign,NONE DETECTED,Yes,No Apparent Injury,NA,Not Distracted,MD,Passenger Car,Turning Left,30,No,2016,NISSAN,SENTRA,39.05110095,-76.95536066,2026,1,11
260004296,Property Damage Crash,01/29/2026 11:03:00 AM,PLUM ORCHARD DR,NA,Front to Front,Clear,Dry,Daylight,No Controls,NONE DETECTED,No,No Apparent Injury,NA,Not Distracted,MD,Sport Utility Vehicle,Moving Constant Speed,30,No,2024,TOYOTA,RAV4,39.05110095,-76.95536066,2026,1,11
260004294,Property Damage Crash,01/29/2026 10:49:00 AM,FARRAGUT AVE,NA,"Sideswipe, Same Direction",Clear,Ice/Frost,Daylight,Traffic Control Signal,NONE DETECTED,No,No Apparent Injury,NA,Not Distracted,MD,Bus - Transit,Moving Constant Speed,35,No,2025,GILLIG,LOW FLOOR BUS,39.03187556,-77.07499405,2026,1,10
260004294,Property Damage Crash,01/29/2026 10:49:00 AM,FARRAGUT AVE,NA,"Sideswipe, Same Direction",Clear,Ice/Frost,Daylight,Traffic Control Signal,NONE DETECTED,No,No Apparent Injury,NA,Not Distracted,MD,Pickup,Moving Constant Speed,35,No,2004,FORD,F-250,39.03187556,-77.07499405,2026,1,10
260004292,Property Damage Crash,01/29/2026 10:45:00 AM,WOODFIELD RD (SB/L),NA,Front to Rear,Clear,Dry,Daylight,Traffic Control Signal,NONE DETECTED,Yes,No Apparent Injury,Ran Red Light,Not Distracted,PA,Van - Passenger (&lt;9 Seats),Moving Constant Speed,35,No,2016,RAM,PROMASTER CITY,39.17242233,-77.15255433,2026,1,10
260004292,Property Damage Crash,01/29/2026 10:45:00 AM,WOODFIELD RD (SB/L),NA,Front to Rear,Clear,Dry,Daylight,Traffic Control Signal,NONE DETECTED,No,No Apparent Injury,NA,Not Distracted,MD,Sport Utility Vehicle,Accelerating,25,No,2018,TOYOTA,RAV4,39.17242233,-77.15255433,2026,1,10
260004293,Property Damage Crash,01/29/2026 10:35:00 AM,NA,NA,"Sideswipe, Same Direction",Clear,Ice/Frost,Daylight,Traffic Control Signal,NONE DETECTED,No,No Apparent Injury,NA,Not Distracted,MD,Passenger Car,Stopped in Traffic,40,No,2024,TOYOTA,COROLLA,39.0962392,-77.20177925,2026,1,10
260004290,Property Damage Crash,01/29/2026 10:35:00 AM,MUNCASTER MILL RD,NA,Angle,Clear,Snow,Daylight,No Controls,NONE DETECTED,No,No Apparent Injury,NA,Not Distracted,MD,Passenger Car,Moving Constant Speed,40,No,2015,NISSAN,SENTRA,39.1460965,-77.1449915,2026,1,10
260004293,Property Damage Crash,01/29/2026 10:35:00 AM,NA,NA,"Sideswipe, Same Direction",Clear,Ice/Frost,Daylight,Traffic Control Signal,NONE DETECTED,Yes,No Apparent Injury,Other Improper Action,Not Distracted,MD,Sport Utility Vehicle,Overtaking/Passing,40,No,2012,TOYOTA,FJ CRUISER,39.0962392,-77.20177925,2026,1,10
260004290,Property Damage Crash,01/29/2026 10:35:00 AM,MUNCASTER MILL RD,NA,Angle,Clear,Snow,Daylight,No Controls,NONE DETECTED,Yes,No Apparent Injury,Failed to Yield Right-of-Way,Unknown,MD,Passenger Car,Turning Left,40,No,2016,NISSAN,ALTIMA,39.1460965,-77.1449915,2026,1,10
260004287,Property Damage Crash,01/29/2026 10:16:00 AM,FALLS RD,NA,Front to Rear,Clear,Dry,Daylight,Traffic Control Signal,NONE DETECTED,No,No Apparent Injury,NA,Not Distracted,MD,Sport Utility Vehicle,Stopped in Traffic,30,No,2023,MERCEDES-BENZ,GLS-CLASS,39.03528693,-77.19455399,2026,1,10
260004287,Property Damage Crash,01/29/2026 10:16:00 AM,FALLS RD,NA,Front to Rear,Clear,Dry,Daylight,Traffic Control Signal,NONE DETECTED,No,No Apparent Injury,NA,Not Distracted,MD,Sport Utility Vehicle,Stopped in Traffic,30,No,2025,MAZDA,CX-5,39.03528693,-77.19455399,2026,1,10
260004287,Property Damage Crash,01/29/2026 10:16:00 AM,FALLS RD,NA,Front to Rear,Clear,Dry,Daylight,Traffic Control Signal,NONE DETECTED,Yes,No Apparent Injury,"Operated Motor Vehicle in Inattentive, Careless, Negligent, or Erratic Manner, Other Improper Action, Too Fast For Conditions",Unknown,MD,Passenger Car,Moving Constant Speed,30,No,2016,LEXUS,IS,39.03528693,-77.19455399,2026,1,10
260004278,Property Damage Crash,01/29/2026 09:00:00 AM,WACHS TERR,NA,Front to Front,Snow,Snow,Daylight,No Controls,NONE DETECTED,No,NA,NA,NA,NA,Passenger Car,Parked,0,No,2015,VOLKSWAGEN,GTI,39.1590535,-77.0808645,2026,1,9
260004278,Property Damage Crash,01/29/2026 09:00:00 AM,WACHS TERR,NA,Front to Front,Snow,Snow,Daylight,No Controls,NONE DETECTED,Yes,No Apparent Injury,NA,Not Distracted,MD,Other Trucks,Turning Left,25,No,2025,MACK,GRANITE,39.1590535,-77.0808645,2026,1,9
260004275,Property Damage Crash,01/29/2026 08:14:00 AM,E RANDOLPH RD (WB/L),NA,Single Vehicle,Snow,Ice/Frost,Daylight,Traffic Control Signal,NONE DETECTED,No,No Apparent Injury,Too Fast For Conditions,Not Distracted,MD,Passenger Car,Moving Constant Speed,40,No,2013,GMC,ACADIA,39.07215757,-76.98864981,2026,1,8
260004271,Property Damage Crash,01/29/2026 08:10:00 AM,FREDERICK RD (SB/L),NA,Angle,Clear,Ice/Frost,Daylight,Traffic Control Signal,NONE DETECTED,Yes,No Apparent Injury,NA,Not Distracted,MD,Passenger Car,Moving Constant Speed,40,No,2021,TOYOTA,VENZA,39.16127203,-77.22258803,2026,1,8
260004271,Property Damage Crash,01/29/2026 08:10:00 AM,FREDERICK RD (SB/L),NA,Angle,Clear,Ice/Frost,Daylight,Traffic Control Signal,NONE DETECTED,No,No Apparent Injury,NA,Not Distracted,MD,Passenger Car,Moving Constant Speed,25,No,2022,CHEVROLET,TRAILBLAZER,39.16127203,-77.22258803,2026,1,8
260004411,Property Damage Crash,01/29/2026 08:00:00 AM,NA,NA,"Sideswipe, Opposite Direction",Clear,NA,Daylight,NA,NONE DETECTED,No,No Apparent Injury,NA,Not Distracted,MD,Passenger Car,Parked,0,No,2016,HONDA,CR-V,39.21588349,-77.2853108,2026,1,8
260004411,Property Damage Crash,01/29/2026 08:00:00 AM,NA,NA,"Sideswipe, Opposite Direction",Clear,NA,Daylight,NA,NONE DETECTED,No,No Apparent Injury,Improper Passing,Not Distracted,MD,Pickup,Overtaking/Passing,0,No,2023,FORD,F-150,39.21588349,-77.2853108,2026,1,8
260004272,Property Damage Crash,01/29/2026 07:50:00 AM,FAIRLAND RD,NA,Front to Front,Clear,Wet,Daylight,Traffic Control Signal,NONE DETECTED,Yes,No Apparent Injury,NA,Not Distracted,MD,Passenger Car,Turning Left,40,No,2020,VOLKSWAGEN,JETTA,39.0755067,-76.99397746,2026,1,7
260004272,Property Damage Crash,01/29/2026 07:50:00 AM,FAIRLAND RD,NA,Front to Front,Clear,Wet,Daylight,Traffic Control Signal,NONE DETECTED,No,No Apparent Injury,NA,Not Distracted,MD,Passenger Car,Moving Constant Speed,40,No,2019,NISSAN,SENTRA,39.0755067,-76.99397746,2026,1,7
260004260,Property Damage Crash,01/29/2026 07:31:00 AM,NA,NA,Rear To Side,Clear,NA,Medium,NA,NONE DETECTED,No,NA,NA,NA,NA,Other,Backing,0,No,2007,FORD,E-250,39.03460137,-77.07149378,2026,1,7
260004258,Property Damage Crash,01/29/2026 06:45:00 AM,PARKLAND DR (NB/L),NA,"Sideswipe, Same Direction",Clear,Dry,Daylight,No Controls,NONE DETECTED,No,No Apparent Injury,NA,Not Distracted,MD,Bus - Transit,Moving Constant Speed,25,No,2016,GILLIG,LOW FLOOR BUS,39.0624859,-77.09119217,2026,1,6
260004255,Property Damage Crash,01/29/2026 04:53:00 AM,MONTGOMERY VILLAGE AVE (SB/L),NA,Angle,Clear,Dry,Medium,Flashing Traffic Control Signal,NONE DETECTED,No,No Apparent Injury,NA,Not Distracted,MD,Passenger Car,Moving Constant Speed,35,No,2015,TOYOTA,CAMRY,39.16970785,-77.204532,2026,1,4
260004255,Property Damage Crash,01/29/2026 04:53:00 AM,MONTGOMERY VILLAGE AVE (SB/L),NA,Angle,Clear,Dry,Medium,Traffic Control Signal,NONE DETECTED,Yes,No Apparent Injury,NA,Not Distracted,MD,Passenger Car,Turning Left,35,No,2017,HYUNDAI,SANTA FE,39.16970785,-77.204532,2026,1,4
260004254,Property Damage Crash,01/29/2026 02:15:00 AM,ATHERTON DR,NA,Single Vehicle,Clear,Ice/Frost,Medium,No Controls,DRUG AND ALCOHOL CONTRIBUTED,No,No Apparent Injury,"Failed to Keep in Proper Lane, Operated Motor Vehicle in Reckless or Aggressive Manner, Other Improper Action, Too Fast For Conditions",Unknown,NA,Passenger Car,Moving Constant Speed,25,No,2010,HONDA,CIVIC,39.05550144,-77.07745568,2026,1,2