Local Case Number,ACRS Report Type,Crash Date/Time,Road Name,Related Non-Motorist,Collision Type,Weather,Surface Condition,Light,Traffic Control,Driver Substance Abuse,Driver At Fault,Injury Severity,Circumstance,Driver Distracted By,Drivers License State,Vehicle Body Type,Vehicle Movement,Speed Limit,Driverless Vehicle,Vehicle Year,Vehicle Make,Vehicle Model,Latitude,Longitude,Year,Month,Hour
260004238,Property Damage Crash,01/28/2026 09:20:00 PM,GEORGIA AVE,NA,"Sideswipe, Same Direction",Clear,Slush,Medium,No Controls,NONE DETECTED,Yes,No Apparent Injury,"Failed to Keep in Proper Lane, Failed to Yield Right-of-Way, Operated Motor Vehicle in Reckless or Aggressive Manner",Unknown,DC,Sport Utility Vehicle,Changing Lanes,30,No,2018,LEXUS,RX,38.99552833,-77.027466,2026,1,21
260004238,Property Damage Crash,01/28/2026 09:20:00 PM,GEORGIA AVE,NA,"Sideswipe, Same Direction",Clear,Slush,Medium,No Controls,NONE DETECTED,No,No Apparent Injury,NA,Not Distracted,MD,Passenger Car,Moving Constant Speed,30,No,2018,FORD,TAURUS,38.99552833,-77.027466,2026,1,21
260004226,Property Damage Crash,01/28/2026 07:41:00 PM,RUSSELL AVE (SB/L),NA,"Sideswipe, Same Direction",Clear,Slush,Medium,No Controls,NONE DETECTED,No,No Apparent Injury,NA,Not Distracted,MD,Sport Utility Vehicle,Moving Constant Speed,30,No,2017,TOYOTA,HIGHLANDER,39.15460474,-77.20946504,2026,1,19
260004226,Property Damage Crash,01/28/2026 07:41:00 PM,RUSSELL AVE (SB/L),NA,"Sideswipe, Same Direction",Clear,Slush,Medium,No Controls,ALCOHOL PRESENT,Yes,No Apparent Injury,"Operated Motor Vehicle in Inattentive, Careless, Negligent, or Erratic Manner, Other Improper Action",Unknown,MD,Passenger Car,Moving Constant Speed,30,No,2018,DODGE,GRAND CARAVAN,39.15460474,-77.20946504,2026,1,19
260004228,Property Damage Crash,01/28/2026 07:27:00 PM,ROCKVILLE PIKE,NA,"Sideswipe, Same Direction",Snow,Snow,Medium,No Controls,NONE DETECTED,No,No Apparent Injury,NA,Not Distracted,MD,Sport Utility Vehicle,Changing Lanes,35,No,2022,BMW,X7,38.99886228,-77.09677341,2026,1,19
260004228,Property Damage Crash,01/28/2026 07:27:00 PM,ROCKVILLE PIKE,NA,"Sideswipe, Same Direction",Snow,Snow,Medium,No Controls,NONE DETECTED,No,NA,NA,Unknown,NA,Pickup,Accelerating,35,No,2008,CHEVROLET,SILVERADO,38.99886228,-77.09677341,2026,1,19
260004221,Property Damage Crash,01/28/2026 07:18:00 PM,W MONTGOMERY AVE (WB/L),NA,Front to Rear,Clear,Dry,Medium,Traffic Control Signal,NONE DETECTED,Yes,No Apparent Injury,NA,Not Distracted,MD,Pickup,Changing Lanes,30,No,2001,DODGE,RAM,39.10323911,-77.19036126,2026,1,19
260004221,Property Damage Crash,01/28/2026 07:18:00 PM,W MONTGOMERY AVE (WB/L),NA,Front to Rear,Clear,Dry,Medium,Traffic Control Signal,NONE DETECTED,No,No Apparent Injury,NA,Not Distracted,MD,Passenger Car,Stopped in Traffic,30,No,2025,TOYOTA,CAMRY,39.10323911,-77.19036126,2026,1,19
260004218,Injury Crash,01/28/2026 07:00:00 PM,MARYLAND AVE,NA,Angle,Clear,Slush,Medium,No Controls,NONE DETECTED,No,Possible Minor Injury,NA,Not Distracted,MD,Passenger Car,Moving Constant Speed,30,No,2018,HYUNDAI,SONATA,39.14490235,-77.20271847,2026,1,19
260004218,Injury Crash,01/28/2026 07:00:00 PM,MARYLAND AVE,NA,Angle,Clear,Slush,Medium,Stop Sign,NONE DETECTED,Yes,No Apparent Injury,"Failed to Yield Right-of-Way, Operated Motor Vehicle in Inattentive, Careless, Negligent, or Erratic Manner",Not Distracted,MD,Van - Passenger (&lt;9 Seats),Turning Left,25,No,2005,TOYOTA,SIENNA,39.14490235,-77.20271847,2026,1,19
260004212,Property Damage Crash,01/28/2026 06:30:00 PM,CHRISTOPHER AVE,NA,Angle,Snow,Wet,Medium,No Controls,NONE DETECTED,No,No Apparent Injury,NA,Not Distracted,VA,Passenger Car,Moving Constant Speed,35,No,2023,TOYOTA,CAMRY,39.15893771,-77.211925,2026,1,18
260004212,Property Damage Crash,01/28/2026 06:30:00 PM,CHRISTOPHER AVE,NA,Angle,Snow,Wet,Medium,Stop Sign,NONE DETECTED,No,No Apparent Injury,NA,Unknown,MD,Pickup,Turning Right,5,No,2002,NISSAN,FRONTIER,39.15893771,-77.211925,2026,1,18
260004206,Property Damage Crash,01/28/2026 05:51:00 PM,OLD COLUMBIA PIKE (SB/L),NA,Angle,Snow,Ice/Frost,Medium,Traffic Control Signal,NONE DETECTED,No,No Apparent Injury,NA,Not Distracted,MD,Passenger Car,Moving Constant Speed,35,No,2023,MERCEDES-BENZ,EQS-CLASS SEDAN,39.1113735,-76.93211433,2026,1,17
260004206,Property Damage Crash,01/28/2026 05:51:00 PM,OLD COLUMBIA PIKE (SB/L),NA,Angle,Snow,Ice/Frost,Medium,Traffic Control Signal,NONE DETECTED,Yes,No Apparent Injury,NA,Not Distracted,MD,Passenger Car,Turning Left,35,No,2016,HONDA,CR-V,39.1113735,-76.93211433,2026,1,17
260004202,Property Damage Crash,01/28/2026 04:45:00 PM,MANCHESTER RD,NA,"Sideswipe, Opposite Direction",Clear,Snow,Medium,No Controls,NONE DETECTED,No,No Apparent Injury,NA,Not Distracted,MD,Bus - Transit,Slowing or Stopping,25,No,2025,GILLIG,LOW FLOOR BUS,38.99903942,-77.00902315,2026,1,16
260004202,Property Damage Crash,01/28/2026 04:45:00 PM,MANCHESTER RD,NA,"Sideswipe, Opposite Direction",Clear,Snow,Medium,No Controls,NONE DETECTED,Yes,No Apparent Injury,NA,Not Distracted,MD,Pickup,Moving Constant Speed,25,No,2014,RAM,5500,38.99903942,-77.00902315,2026,1,16
260004192,Property Damage Crash,01/28/2026 04:35:00 PM,VALLEY VIEW AVE,NA,Rear To Side,Snow,Slush,Daylight,Traffic Control Signal,NONE DETECTED,No,No Apparent Injury,NA,Not Distracted,MD,Passenger Car,Moving Constant Speed,30,No,2022,HONDA,ACCORD,39.03774933,-77.0597125,2026,1,16
260004192,Property Damage Crash,01/28/2026 04:35:00 PM,VALLEY VIEW AVE,NA,Rear To Side,Snow,Slush,Daylight,Traffic Control Signal,NONE DETECTED,No,No Apparent Injury,NA,Not Distracted,MD,Passenger Car,Moving Constant Speed,30,No,2019,HYUNDAI,IONIQ,39.03774933,-77.0597125,2026,1,16
260004192,Property Damage Crash,01/28/2026 04:35:00 PM,VALLEY VIEW AVE,NA,Rear To Side,Snow,Slush,Daylight,Traffic Control Signal,NONE DETECTED,Yes,No Apparent Injury,NA,"Other Action (looking away from task, etc.)",MD,Passenger Car,Turning Left,30,No,2014,TOYOTA,SIENNA,39.03774933,-77.0597125,2026,1,16
260004178,Property Damage Crash,01/28/2026 03:38:00 PM,RAMP 2 FR MD 198 WB TO US 29 NB,NA,Front to Rear,Cloudy,Snow,Daylight,Yield Sign,NONE DETECTED,No,No Apparent Injury,NA,Not Distracted,MD,Sport Utility Vehicle,Slowing or Stopping,40,No,2023,SUBARU,ASCENT,39.11508938,-76.92787602,2026,1,15
260004178,Property Damage Crash,01/28/2026 03:38:00 PM,RAMP 2 FR MD 198 WB TO US 29 NB,NA,Front to Rear,Cloudy,Snow,Daylight,Yield Sign,NONE DETECTED,Yes,No Apparent Injury,"Ran Off Roadway, Swerved or Avoided Due to Wind, Slippery Surface, Motor Vehicle, Object, Non-Motorist in Roadway, etc, Too Fast For Conditions",Not Distracted,MD,Pickup,Slowing or Stopping,40,No,2021,FORD,F-150,39.11508938,-76.92787602,2026,1,15
260004164,Property Damage Crash,01/28/2026 03:00:00 PM,QUINCE ORCHARD RD,NA,"Sideswipe, Same Direction",Clear,Ice/Frost,Daylight,Traffic Control Signal,NONE DETECTED,No,No Apparent Injury,NA,Not Distracted,MD,Passenger Car,Moving Constant Speed,30,No,2020,KIA,SORENTO,39.14531406,-77.22001852,2026,1,15
260004164,Property Damage Crash,01/28/2026 03:00:00 PM,QUINCE ORCHARD RD,NA,"Sideswipe, Same Direction",Clear,Ice/Frost,Daylight,Traffic Control Signal,NONE DETECTED,Yes,No Apparent Injury,"Failed to Keep in Proper Lane, Improper Turn",Unknown,MD,Single-Unit Truck,Changing Lanes,30,No,2020,PETERBILT,389,39.14531406,-77.22001852,2026,1,15
260004169,Property Damage Crash,01/28/2026 02:50:00 PM,ALABASTER DR,NA,"Sideswipe, Opposite Direction",Snow,Ice/Frost,Daylight,No Controls,NONE DETECTED,No,NA,NA,NA,NA,NA,Parked,25,No,0,NA,NA,39.07390067,-76.972948830000007,2026,1,14
260004169,Property Damage Crash,01/28/2026 02:50:00 PM,ALABASTER DR,NA,"Sideswipe, Opposite Direction",Snow,Ice/Frost,Daylight,No Controls,NONE DETECTED,Yes,No Apparent Injury,NA,Not Distracted,MD,Other Trucks,Moving Constant Speed,25,No,2017,MACK,GU (GRANITE),39.07390067,-76.972948830000007,2026,1,14
260004156,Property Damage Crash,01/28/2026 02:37:00 PM,NA,NA,Front to Rear,Cloudy,NA,Daylight,NA,NONE DETECTED,No,No Apparent Injury,NA,Not Distracted,MD,Passenger Car,Slowing or Stopping,0,No,2019,DODGE,CHARGER,39.00978408,-77.04147923,2026,1,14
260004156,Property Damage Crash,01/28/2026 02:37:00 PM,NA,NA,Front to Rear,Cloudy,NA,Daylight,NA,NONE DETECTED,Yes,No Apparent Injury,NA,Not Distracted,MD,Sport Utility Vehicle,Slowing or Stopping,0,No,2021,FORD,EXPLORER,39.00978408,-77.04147923,2026,1,14
260004156,Property Damage Crash,01/28/2026 02:37:00 PM,NA,NA,Front to Rear,Cloudy,NA,Daylight,NA,NONE DETECTED,Yes,No Apparent Injury,NA,Not Distracted,MD,Passenger Car,Moving Constant Speed,0,No,2017,FORD,TAURUS,39.00978408,-77.04147923,2026,1,14
260004157,Property Damage Crash,01/28/2026 02:26:00 PM,NA,NA,Other,Clear,Dry,Daylight,No Controls,NONE DETECTED,Yes,No Apparent Injury,NA,Not Distracted,MD,Passenger Car,Moving Constant Speed,30,No,2018,TOYOTA,PRIUS,39.08525038,-77.16456475,2026,1,14
260004157,Property Damage Crash,01/28/2026 02:26:00 PM,NA,NA,Other,Clear,Dry,Daylight,No Controls,NONE DETECTED,No,No Apparent Injury,NA,Not Distracted,MD,Sport Utility Vehicle,Turning Right,30,No,2024,VOLKSWAGEN,TIGUAN,39.08525038,-77.16456475,2026,1,14
260004141,Property Damage Crash,01/28/2026 01:00:00 PM,QUINCE ORCHARD RD (SB/L),NA,Angle,Cloudy,Snow,Daylight,Stop Sign,NONE DETECTED,Yes,No Apparent Injury,NA,Unknown,MD,Passenger Car,Turning Left,15,No,2025,TOYOTA,CAMRY,39.14408734,-77.22041178,2026,1,13
260004141,Property Damage Crash,01/28/2026 01:00:00 PM,QUINCE ORCHARD RD (SB/L),NA,Angle,Cloudy,Snow,Daylight,No Controls,NONE DETECTED,No,No Apparent Injury,NA,Not Distracted,MD,Passenger Car,Moving Constant Speed,35,No,2025,HONDA,ODYSSEY,39.14408734,-77.22041178,2026,1,13
260004143,Property Damage Crash,01/28/2026 12:53:00 PM,LULLABY RD,NA,Front to Rear,Clear,Snow,Daylight,No Controls,NONE DETECTED,Yes,No Apparent Injury,Improper Backing,Not Distracted,MD,Other Trucks,Backing,25,No,2017,MACK,GU (GRANITE),39.17727573,-77.2837381,2026,1,12
260004143,Property Damage Crash,01/28/2026 12:53:00 PM,LULLABY RD,NA,Front to Rear,Clear,Snow,Daylight,No Controls,NONE DETECTED,No,No Apparent Injury,NA,Not Distracted,MD,Passenger Car,Moving Constant Speed,25,No,2015,TOYOTA,CAMRY,39.17727573,-77.2837381,2026,1,12
260004138,Property Damage Crash,01/28/2026 12:39:00 PM,MONTGOMERY VILLAGE AVE (SB/L),NA,Angle,Snow,Wet,Daylight,Traffic Control Signal,NONE DETECTED,No,No Apparent Injury,NA,Not Distracted,MD,Passenger Car,Moving Constant Speed,35,No,2016,LEXUS,RX,39.16976191,-77.20446968,2026,1,12
260004138,Property Damage Crash,01/28/2026 12:39:00 PM,MONTGOMERY VILLAGE AVE (SB/L),NA,Angle,Snow,Wet,Daylight,Traffic Control Signal,NONE DETECTED,Yes,No Apparent Injury,Failed to Yield Right-of-Way,Unknown,MD,Passenger Car,Turning Left,35,No,2020,INFINITI,Q60,39.16976191,-77.20446968,2026,1,12
260004135,Property Damage Crash,01/28/2026 12:20:00 PM,MERIVALE RD,NA,Single Vehicle,Snow,Snow,Daylight,No Controls,NONE DETECTED,Yes,No Apparent Injury,NA,Not Distracted,MD,Passenger Car,Moving Constant Speed,25,No,2017,FORD,TAURUS,38.95969591,-77.0924836,2026,1,12
260004259,Property Damage Crash,01/28/2026 12:00:00 PM,NA,NA,Single Vehicle,Clear,NA,Daylight,NA,NONE DETECTED,No,No Apparent Injury,Other Improper Action,Not Distracted,MD,Sport Utility Vehicle,Backing,0,No,2021,FORD,EXPLORER,39.22889318,-77.3616478,2026,1,12
260004132,Property Damage Crash,01/28/2026 11:25:00 AM,GEORGIA AVE,NA,"Sideswipe, Same Direction",Clear,Dry,Daylight,No Controls,NONE DETECTED,No,No Apparent Injury,NA,Not Distracted,MD,Passenger Car,Moving Constant Speed,25,No,2015,HONDA,CIVIC,39.01012331,-77.04068363,2026,1,11
260004132,Property Damage Crash,01/28/2026 11:25:00 AM,GEORGIA AVE,NA,"Sideswipe, Same Direction",Clear,Dry,Daylight,No Controls,NONE DETECTED,No,NA,Failed to Keep in Proper Lane,NA,NA,Truck Tractor,Moving Constant Speed,30,No,2017,PETERBILT,389,39.01012331,-77.04068363,2026,1,11
260004122,Property Damage Crash,01/28/2026 11:10:00 AM,GREAT SENECA HWY,NA,"Sideswipe, Same Direction",Clear,Snow,Daylight,No Controls,NONE DETECTED,No,No Apparent Injury,NA,Not Distracted,MD,Passenger Car,Moving Constant Speed,50,No,2024,TOYOTA,PRIUS PRIME,39.104098,-77.20643733,2026,1,11
260004122,Property Damage Crash,01/28/2026 11:10:00 AM,GREAT SENECA HWY,NA,"Sideswipe, Same Direction",Clear,Snow,Daylight,No Controls,NONE DETECTED,Yes,No Apparent Injury,NA,Not Distracted,MD,Pickup,Changing Lanes,50,No,2014,MACK,GU (GRANITE),39.104098,-77.20643733,2026,1,11
260004127,Property Damage Crash,01/28/2026 11:00:00 AM,HARMONY HALL RD,NA,Angle,Cloudy,Snow,Daylight,No Controls,NONE DETECTED,Yes,No Apparent Injury,NA,Unknown,MD,Passenger Car,Moving Constant Speed,25,No,2020,FORD,F-350,39.13545385,-77.20224122,2026,1,11
260004117,Property Damage Crash,01/28/2026 10:43:00 AM,SHADY GROVE RD,NA,Front to Rear,Clear,Ice/Frost,Daylight,Traffic Control Signal,NONE DETECTED,No,No Apparent Injury,NA,Not Distracted,MD,Passenger Car,Stopped in Traffic,50,No,2025,TOYOTA,COROLLA,39.14097874,-77.15178375,2026,1,10
260004117,Property Damage Crash,01/28/2026 10:43:00 AM,SHADY GROVE RD,NA,Front to Rear,Clear,Ice/Frost,Daylight,Traffic Control Signal,NONE DETECTED,No,No Apparent Injury,NA,Not Distracted,MD,Passenger Car,Stopped in Traffic,50,No,2019,SUBARU,OUTBACK,39.14097874,-77.15178375,2026,1,10
260004117,Property Damage Crash,01/28/2026 10:43:00 AM,SHADY GROVE RD,NA,Front to Rear,Clear,Ice/Frost,Daylight,Traffic Control Signal,NONE DETECTED,No,No Apparent Injury,NA,Not Distracted,MD,Passenger Car,Slowing or Stopping,50,No,2023,TESLA,MODEL Y,39.14097874,-77.15178375,2026,1,10
260004116,Property Damage Crash,01/28/2026 10:30:00 AM,BRADMOOR DR,NA,Rear To Rear,Clear,Snow,Daylight,No Controls,NONE DETECTED,Yes,No Apparent Injury,Improper Backing,Not Distracted,DC,Single-Unit Truck,Backing,25,No,2019,MACK,GU (GRANITE),39.00004034,-77.1212436,2026,1,10
260003983,Property Damage Crash,01/28/2026 09:40:00 AM,NA,NA,Rear To Side,Clear,NA,Daylight,NA,NONE DETECTED,No,No Apparent Injury,Improper Backing,Not Distracted,MD,Passenger Car,Backing,0,No,2023,FORD,EXPLORER,38.99105156,-77.02748727,2026,1,9
260004107,Property Damage Crash,01/28/2026 09:01:00 AM,VEIRS MILL RD (WB/L),NA,Other,Clear,Ice/Frost,Daylight,No Controls,NONE DETECTED,Yes,No Apparent Injury,NA,Not Distracted,MD,Van - Cargo,Backing,35,No,2023,RAM,PROMASTER 3500,39.04905943,-77.06970622,2026,1,9
260004107,Property Damage Crash,01/28/2026 09:01:00 AM,VEIRS MILL RD (WB/L),NA,Other,Clear,Ice/Frost,Daylight,No Controls,NONE DETECTED,Yes,No Apparent Injury,Improper Backing,Not Distracted,MD,Bus - Transit,Backing,35,No,2016,GILLIG,CITY TRANSIT BUS,39.04905943,-77.06970622,2026,1,9
260004107,Property Damage Crash,01/28/2026 09:01:00 AM,VEIRS MILL RD (WB/L),NA,Other,Clear,Ice/Frost,Daylight,No Controls,NONE DETECTED,No,No Apparent Injury,NA,Not Distracted,NJ,Van - Cargo,Stopped in Traffic,35,No,2021,INTERNATIONAL,MV607,39.04905943,-77.06970622,2026,1,9
260004099,Injury Crash,01/28/2026 07:50:00 AM,WISCONSIN AVE,Pedestrian,Single Vehicle,Clear,Dry,Daylight,Traffic Control Signal,NONE DETECTED,Yes,No Apparent Injury,NA,Not Distracted,MD,Pickup,Turning Left,25,No,2016,TOYOTA,TACOMA,38.98366551,-77.0937764,2026,1,7
260004097,Property Damage Crash,01/28/2026 06:00:00 AM,NA,NA,"Sideswipe, Opposite Direction",Snow,Snow,Dark,No Controls,NONE DETECTED,Yes,No Apparent Injury,Wrong Side,Not Distracted,MD,Sport Utility Vehicle,Overtaking/Passing,20,No,2025,HONDA,CR-V,39.17775453,-77.2364548,2026,1,6
260004096,Property Damage Crash,01/28/2026 06:00:00 AM,OLNEY SANDY SPRING RD,NA,Front to Front,Snow,Ice/Frost,Medium,No Controls,NONE DETECTED,No,No Apparent Injury,NA,Not Distracted,MD,Passenger Car,Moving Constant Speed,25,No,2009,HONDA,CIVIC,39.14469997,-77.04254751,2026,1,6
260004096,Property Damage Crash,01/28/2026 06:00:00 AM,OLNEY SANDY SPRING RD,NA,Front to Front,Snow,Ice/Frost,Medium,No Controls,NONE DETECTED,Yes,No Apparent Injury,Improper Passing,Not Distracted,MD,Passenger Car,Moving Constant Speed,35,No,2024,NISSAN,SENTRA,39.14469997,-77.04254751,2026,1,6
260004097,Property Damage Crash,01/28/2026 06:00:00 AM,NA,NA,"Sideswipe, Opposite Direction",Snow,Snow,Dark,No Controls,NONE DETECTED,Yes,No Apparent Injury,"Improper Passing, Wrong Side",Not Distracted,MD,Passenger Car,Overtaking/Passing,20,No,2007,HONDA,ACCORD,39.17775453,-77.2364548,2026,1,6
260004092,Injury Crash,01/28/2026 04:32:00 AM,NA,NA,Angle,Snow,Snow,Medium,Traffic Control Signal,NONE DETECTED,Yes,No Apparent Injury,Failed to Yield Right-of-Way,Not Distracted,MD,Pickup,Accelerating,35,No,2023,FORD,F-150,39.05340467,-77.10674883,2026,1,4
260004092,Injury Crash,01/28/2026 04:32:00 AM,NA,NA,Angle,Snow,Snow,Medium,Traffic Control Signal,NONE DETECTED,No,Possible Minor Injury,NA,Not Distracted,DC,Passenger Car,Moving Constant Speed,35,No,2013,HONDA,CIVIC,39.05340467,-77.10674883,2026,1,4
260004085,Property Damage Crash,01/27/2026 10:57:00 PM,NA,NA,"Sideswipe, Opposite Direction",Clear,Dry,Medium,Traffic Control Signal,NONE DETECTED,No,No Apparent Injury,NA,Not Distracted,MD,Van - Passenger (&lt;9 Seats),Stopped in Traffic,35,No,2009,TOYOTA,SIENNA,39.09935475,-77.09970271,2026,1,22
260004085,Property Damage Crash,01/27/2026 10:57:00 PM,NA,NA,"Sideswipe, Opposite Direction",Clear,Dry,Medium,Traffic Control Signal,NONE DETECTED,Yes,No Apparent Injury,"Failed to Keep in Proper Lane, Improper Turn, Operated Motor Vehicle in Inattentive, Careless, Negligent, or Erratic Manner",Unknown,MD,Passenger Car,Turning Right,35,No,1998,HONDA,CIVIC,39.09935475,-77.09970271,2026,1,22
260004075,Injury Crash,01/27/2026 09:01:00 PM,RANDOLPH RD,NA,Single Vehicle,Snow,Snow,Medium,No Controls,NONE DETECTED,No,Possible Minor Injury,NA,Not Distracted,MD,Passenger Car,Moving Constant Speed,35,No,2005,TOYOTA,RAV4,39.05700183,-77.08104883,2026,1,21
260004076,Property Damage Crash,01/27/2026 08:53:00 PM,MUDDY BRANCH RD (SB/L),NA,Single Vehicle,Clear,Wet,Medium,Bicycle Crossing Sign,ALCOHOL PRESENT,Yes,No Apparent Injury,"Operated Motor Vehicle in Inattentive, Careless, Negligent, or Erratic Manner, Operated Motor Vehicle in Reckless or Aggressive Manner, Too Fast For Conditions",Not Distracted,MD,Passenger Car,Moving Constant Speed,40,No,2014,NISSAN,SENTRA,39.11755661,-77.21701583,2026,1,20
260004074,Property Damage Crash,01/27/2026 08:43:00 PM,NA,NA,Single Vehicle,Clear,Ice/Frost,Medium,Yield Sign,NONE DETECTED,Yes,No Apparent Injury,Too Fast For Conditions,Not Distracted,MD,Passenger Car,Turning Right,30,No,2020,FORD,EXPLORER,39.15586958,-77.21564939,2026,1,20
260004197,Property Damage Crash,01/27/2026 08:00:00 PM,NA,NA,Angle,Rain,NA,Medium,NA,NONE DETECTED,Yes,NA,Improper Backing,Unknown,NA,Passenger Car,Backing,0,No,2023,GMC,SAVANA,39.07931329,-77.06226872,2026,1,20
260004063,Injury Crash,01/27/2026 05:36:00 PM,CROSSOVER,NA,Angle,Cloudy,Dry,Medium,Traffic Control Signal,NONE DETECTED,No,No Apparent Injury,NA,Not Distracted,MD,Passenger Car,Moving Constant Speed,35,No,2017,KIA,FORTE,39.20040705,-77.2453664,2026,1,17
260004063,Injury Crash,01/27/2026 05:36:00 PM,CROSSOVER,NA,Angle,Cloudy,Dry,Medium,Traffic Control Signal,NONE DETECTED,Yes,No Apparent Injury,"Failed to Yield Right-of-Way, Improper Turn",Unknown,MD,Passenger Car,Turning Left,35,No,2012,HONDA,ACCORD,39.20040705,-77.2453664,2026,1,17
260004059,Property Damage Crash,01/27/2026 05:10:00 PM,NA,NA,"Sideswipe, Opposite Direction",Clear,NA,Daylight,NA,NONE DETECTED,No,No Apparent Injury,NA,Not Distracted,MD,Passenger Car,Moving Constant Speed,0,No,2012,TOYOTA,RAV4,39.08764644,-76.94049286,2026,1,17
260004059,Property Damage Crash,01/27/2026 05:10:00 PM,NA,NA,"Sideswipe, Opposite Direction",Clear,NA,Daylight,NA,NONE DETECTED,No,No Apparent Injury,NA,Not Distracted,FL,Passenger Car,Moving Constant Speed,0,No,2022,HYUNDAI,TUCSON,39.08764644,-76.94049286,2026,1,17
260004058,Injury Crash,01/27/2026 05:00:00 PM,WARING STATION RD,NA,"Sideswipe, Opposite Direction",Clear,Slush,Daylight,No Controls,NONE DETECTED,No,Possible Minor Injury,NA,Not Distracted,MD,Passenger Car,Moving Constant Speed,30,No,2015,NISSAN,VERSA,39.16980597,-77.24933808,2026,1,17
260004058,Injury Crash,01/27/2026 05:00:00 PM,WARING STATION RD,NA,"Sideswipe, Opposite Direction",Clear,Slush,Daylight,Stop Sign,NONE DETECTED,Yes,No Apparent Injury,Failed to Yield Right-of-Way,"Other Action (looking away from task, etc.)",MD,Passenger Car,NA,30,No,2018,HONDA,ACCORD,39.16980597,-77.24933808,2026,1,17
260004062,Property Damage Crash,01/27/2026 04:40:00 PM,WISCONSIN AVE (SB/L),NA,"Sideswipe, Same Direction",Cloudy,Snow,Daylight,Traffic Control Signal,NONE DETECTED,No,No Apparent Injury,NA,Unknown,MD,Passenger Car,Stopped in Traffic,30,No,2024,KIA,NIRO,38.97725364,-77.09078021,2026,1,16
260004062,Property Damage Crash,01/27/2026 04:40:00 PM,WISCONSIN AVE (SB/L),NA,"Sideswipe, Same Direction",Cloudy,Snow,Daylight,Traffic Control Signal,NONE DETECTED,No,NA,NA,NA,NA,Unknown,Turning Right,30,No,2026,HINO,INCOMPLETE VEHICLE,38.97725364,-77.09078021,2026,1,16
260004065,Property Damage Crash,01/27/2026 04:15:00 PM,NA,NA,"Sideswipe, Opposite Direction",Clear,NA,Daylight,NA,NONE DETECTED,No,NA,NA,NA,NA,NA,Slowing or Stopping,0,No,0,NA,NA,39.15180008,-77.20914371,2026,1,16
260004054,Property Damage Crash,01/27/2026 04:00:00 PM,RIVER RD,NA,"Sideswipe, Same Direction",Clear,Wet,Daylight,No Controls,NONE DETECTED,Yes,No Apparent Injury,NA,Not Distracted,VA,Sport Utility Vehicle,Overtaking/Passing,50,No,2007,HONDA,CR-V,39.0718985,-77.31065283,2026,1,16
260004054,Property Damage Crash,01/27/2026 04:00:00 PM,RIVER RD,NA,"Sideswipe, Same Direction",Clear,Wet,Daylight,No Controls,NONE DETECTED,No,No Apparent Injury,NA,Not Distracted,MD,Van - Passenger (&lt;9 Seats),Slowing or Stopping,50,No,2022,MERCEDES-BENZ,METRIS,39.0718985,-77.31065283,2026,1,16
260004050,Injury Crash,01/27/2026 03:55:00 PM,MONTGOMERY VILLAGE AVE (SB/L),NA,Rear To Side,Clear,Ice/Frost,Daylight,Traffic Control Signal,NONE DETECTED,Yes,Possible Minor Injury,Failed to Yield Right-of-Way,Unknown,MD,Passenger Car,Turning Left,35,No,2007,TOYOTA,AVALON,39.1697247,-77.20430369,2026,1,15
260004050,Injury Crash,01/27/2026 03:55:00 PM,MONTGOMERY VILLAGE AVE (SB/L),NA,Rear To Side,Clear,Ice/Frost,Daylight,Traffic Control Signal,NONE DETECTED,No,Possible Minor Injury,NA,Not Distracted,MD,Sport Utility Vehicle,Moving Constant Speed,35,No,2021,TOYOTA,RAV4,39.1697247,-77.20430369,2026,1,15