Local Case Number,ACRS Report Type,Crash Date/Time,Road Name,Related Non-Motorist,Collision Type,Weather,Surface Condition,Light,Traffic Control,Driver Substance Abuse,Driver At Fault,Injury Severity,Circumstance,Driver Distracted By,Drivers License State,Vehicle Body Type,Vehicle Movement,Speed Limit,Driverless Vehicle,Vehicle Year,Vehicle Make,Vehicle Model,Latitude,Longitude,Year,Month,Hour
260004043,Injury Crash,01/27/2026 03:10:00 PM,E GUDE DR,NA,Front to Rear,Clear,Dry,Daylight,Intersection Ahead Warning Sign,NONE DETECTED,No,Possible Minor Injury,NA,Not Distracted,MD,Passenger Car,Moving Constant Speed,40,No,2018,MERCEDES-BENZ,GLC-CLASS,39.09815507,-77.13729418,2026,1,15
260004043,Injury Crash,01/27/2026 03:10:00 PM,E GUDE DR,NA,Front to Rear,Clear,Dry,Daylight,Intersection Ahead Warning Sign,NONE DETECTED,No,No Apparent Injury,NA,Not Distracted,MD,Pickup,Moving Constant Speed,40,No,2008,CHEVROLET,SILVERADO,39.09815507,-77.13729418,2026,1,15
260004045,Property Damage Crash,01/27/2026 03:07:00 PM,CONNECTICUT AVE,NA,Front to Rear,Snow,Wet,Daylight,No Controls,NONE DETECTED,No,No Apparent Injury,NA,Not Distracted,MD,Sport Utility Vehicle,Slowing or Stopping,35,No,2014,TOYOTA,RAV4,39.07828886,-77.08071869,2026,1,15
260004045,Property Damage Crash,01/27/2026 03:07:00 PM,CONNECTICUT AVE,NA,Front to Rear,Snow,Wet,Daylight,No Controls,NONE DETECTED,Yes,No Apparent Injury,Followed Too Closely,Not Distracted,MD,Pickup,Slowing or Stopping,35,No,2020,FREIGHTLINER,108SD,39.07828886,-77.08071869,2026,1,15
260004041,Injury Crash,01/27/2026 03:06:00 PM,GREAT SENECA HWY (SB/L),NA,Angle,Clear,Wet,Daylight,Traffic Control Signal,NONE DETECTED,Yes,No Apparent Injury,Failed to Yield Right-of-Way,Unknown,MD,Passenger Car,Turning Left,50,No,2015,TOYOTA,COROLLA,39.10156103,-77.20559795,2026,1,15
260004041,Injury Crash,01/27/2026 03:06:00 PM,GREAT SENECA HWY (SB/L),NA,Angle,Clear,Wet,Daylight,Traffic Control Signal,NONE DETECTED,No,Suspected Serious Injury,NA,Unknown,MD,Passenger Car,Moving Constant Speed,50,No,2021,KIA,K5,39.10156103,-77.20559795,2026,1,15
260004039,Property Damage Crash,01/27/2026 02:32:00 PM,NA,NA,"Sideswipe, Same Direction",Clear,NA,Daylight,NA,NONE DETECTED,No,NA,NA,NA,NA,Passenger Car,Turning Left,0,No,2021,ACURA,RDX,39.11304994,-77.1723482,2026,1,14
260004039,Property Damage Crash,01/27/2026 02:32:00 PM,NA,NA,"Sideswipe, Same Direction",Clear,NA,Daylight,NA,NONE DETECTED,No,No Apparent Injury,NA,Not Distracted,TX,Passenger Car,Parked,0,No,2021,HONDA,CR-V,39.11304994,-77.1723482,2026,1,14
260004098,Property Damage Crash,01/27/2026 02:05:00 PM,TERRAPIN RD,NA,Single Vehicle,Snow,Snow,Daylight,No Controls,NONE DETECTED,Yes,No Apparent Injury,Other Improper Action,Not Distracted,MD,Passenger Car,Making U-Turn,25,No,2019,DODGE,CHARGER,39.05970775,-77.05369891,2026,1,14
260004029,Property Damage Crash,01/27/2026 01:02:00 PM,VALLEY VIEW AVE,NA,Front to Rear,Clear,Slush,Daylight,No Controls,NONE DETECTED,Yes,No Apparent Injury,NA,Not Distracted,DC,Other Trucks,Backing,25,No,2018,MACK,GU (GRANITE),39.0389815,-77.06306433,2026,1,13
260004033,Property Damage Crash,01/27/2026 01:00:00 PM,NA,NA,"Sideswipe, Same Direction",Clear,Slush,Daylight,Traffic Control Signal,NONE DETECTED,No,No Apparent Injury,NA,Not Distracted,MD,Passenger Car,Moving Constant Speed,35,No,2021,LEXUS,NX,39.16019,-77.19206958,2026,1,13
260004033,Property Damage Crash,01/27/2026 01:00:00 PM,NA,NA,"Sideswipe, Same Direction",Clear,Slush,Daylight,Traffic Control Signal,NONE DETECTED,Yes,No Apparent Injury,"Failed to Keep in Proper Lane, Other Improper Action",Unknown,MD,Passenger Car,Changing Lanes,35,No,1998,FORD,RANGER,39.16019,-77.19206958,2026,1,13
260004030,Property Damage Crash,01/27/2026 12:55:00 PM,WISTERIA DR,NA,Other,Clear,Dry,Daylight,Traffic Control Signal,NONE DETECTED,No,NA,NA,NA,NA,Passenger Car,Turning Right,40,No,2020,TOYOTA,CAMRY,39.17695258,-77.27019018,2026,1,12
260004030,Property Damage Crash,01/27/2026 12:55:00 PM,WISTERIA DR,NA,Other,Clear,Dry,Daylight,Traffic Control Signal,NONE DETECTED,No,No Apparent Injury,NA,Not Distracted,MD,Sport Utility Vehicle,Moving Constant Speed,40,No,2024,NISSAN,ROGUE,39.17695258,-77.27019018,2026,1,12
260004018,Property Damage Crash,01/27/2026 12:03:00 PM,TILTON DR,NA,Other,Snow,Snow,Daylight,No Controls,NONE DETECTED,No,No Apparent Injury,NA,Not Distracted,WV,Other Trucks,NA,25,No,2017,MACK,GU (GRANITE),39.01892753,-77.03920054,2026,1,12
260004023,Property Damage Crash,01/27/2026 11:03:00 AM,NA,NA,Angle,Snow,NA,Daylight,NA,NONE DETECTED,No,NA,NA,NA,NA,Passenger Car,NA,0,No,2012,HONDA,CIVIC,39.15526745,-77.16521312,2026,1,11
260003978,Property Damage Crash,01/27/2026 09:10:00 AM,CHAPMAN AVE,NA,Angle,Clear,Slush,Daylight,No Controls,NONE DETECTED,No,No Apparent Injury,NA,Not Distracted,MD,Other,Parked,25,No,2019,FORD,F-450,39.06155658,-77.12132183,2026,1,9
260003978,Property Damage Crash,01/27/2026 09:10:00 AM,CHAPMAN AVE,NA,Angle,Clear,Slush,Daylight,No Controls,NONE DETECTED,No,No Apparent Injury,NA,Not Distracted,MD,Bus - Transit,Turning Right,25,No,2014,GILLIG,LOW FLOOR BUS,39.06155658,-77.12132183,2026,1,9
260003980,Property Damage Crash,01/27/2026 08:52:00 AM,GREENWAY DR,NA,"Sideswipe, Opposite Direction",Clear,Snow,Daylight,No Controls,NONE DETECTED,Yes,No Apparent Injury,NA,Not Distracted,MD,"Construction Equipment (backhoe, bulldozer, etc.)",Accelerating,25,No,2014,MACK,GU (GRANITE),38.96189654,-77.10070253,2026,1,8
260003972,Property Damage Crash,01/27/2026 08:19:00 AM,VEIRS MILL RD,NA,Front to Front,Clear,Wet,Daylight,Traffic Control Signal,NONE DETECTED,No,No Apparent Injury,NA,Not Distracted,MD,Passenger Car,Moving Constant Speed,35,No,2016,JEEP,WRANGLER,39.0731905,-77.11162517,2026,1,8
260003972,Property Damage Crash,01/27/2026 08:19:00 AM,VEIRS MILL RD,NA,Front to Front,Clear,Wet,Daylight,Traffic Control Signal,NONE DETECTED,No,No Apparent Injury,NA,Not Distracted,MD,Passenger Car,Moving Constant Speed,35,No,2017,FORD,ESCAPE,39.0731905,-77.11162517,2026,1,8
260003970,Property Damage Crash,01/27/2026 07:50:00 AM,RAMP 9 FR RAMP 1 TO BRIGGS CHANEY RD EB,NA,Front to Rear,Snow,Ice/Frost,Daylight,Traffic Control Signal,NONE DETECTED,No,No Apparent Injury,NA,Not Distracted,MD,Bus - Transit,Stopped in Traffic,35,No,2023,NEW FLYER,XCELSIOR,39.08257913,-76.94795424,2026,1,7
260003970,Property Damage Crash,01/27/2026 07:50:00 AM,RAMP 9 FR RAMP 1 TO BRIGGS CHANEY RD EB,NA,Front to Rear,Snow,Ice/Frost,Daylight,Traffic Control Signal,NONE DETECTED,No,No Apparent Injury,Too Fast For Conditions,Unknown,MD,Bus - Transit,Slowing or Stopping,35,No,2008,GILLIG,LOW FLOOR BUS,39.08257913,-76.94795424,2026,1,7
260003966,Property Damage Crash,01/27/2026 07:12:00 AM,NA,NA,Front to Rear,Clear,NA,Daylight,NA,NONE DETECTED,No,No Apparent Injury,Improper Backing,Not Distracted,MD,Van - Passenger (&lt;9 Seats),Backing,0,No,2016,CHEVROLET,EXPRESS,38.99100395,-77.02741224,2026,1,7
260003955,Injury Crash,01/26/2026 10:43:00 PM,UNIVERSITY BLVD E,NA,Angle,Clear,Slush,Medium,Traffic Control Signal,NONE DETECTED,No,No Apparent Injury,NA,Not Distracted,DC,Passenger Car,Moving Constant Speed,35,No,2018,DODGE,DURANGO,38.99727386,-76.99385979,2026,1,22
260003955,Injury Crash,01/26/2026 10:43:00 PM,UNIVERSITY BLVD E,NA,Angle,Clear,Slush,Medium,Traffic Control Signal,NONE DETECTED,No,No Apparent Injury,NA,Unknown,FL,Passenger Car,Turning Right,35,No,2005,VOLVO,XC90,38.99727386,-76.99385979,2026,1,22
260004057,Property Damage Crash,01/26/2026 08:45:00 PM,WILTON OAKS DR,NA,Single Vehicle,Clear,Snow,Medium,No Controls,NONE DETECTED,No,No Apparent Injury,NA,Not Distracted,MD,Passenger Car,Backing,25,No,2025,FORD,EXPLORER,39.07200588,-77.05074842,2026,1,20
260003940,Property Damage Crash,01/26/2026 06:54:00 PM,BRIGGS CHANEY RD,NA,Single Vehicle,Cloudy,Dry,Medium,No Controls,NONE DETECTED,Yes,No Apparent Injury,Other Improper Action,Not Distracted,MD,Passenger Car,Moving Constant Speed,35,No,2018,GMC,ACADIA,39.07096828,-76.93777626,2026,1,18
260003935,Injury Crash,01/26/2026 05:14:00 PM,FREDERICK RD (SB/L),NA,Front to Rear,Clear,Snow,Medium,No Controls,DRUG PRESENT,Yes,Possible Minor Injury,Followed Too Closely,"Other Action (looking away from task, etc.)",VA,Passenger Car,Moving Constant Speed,40,No,2014,CHEVROLET,IMPALA LIMITED,39.19973647,-77.24531811,2026,1,17
260003935,Injury Crash,01/26/2026 05:14:00 PM,FREDERICK RD (SB/L),NA,Front to Rear,Clear,Snow,Medium,No Controls,NONE DETECTED,No,No Apparent Injury,NA,Not Distracted,MD,Passenger Car,Moving Constant Speed,40,No,2015,NISSAN,ROGUE,39.19973647,-77.24531811,2026,1,17
260004196,Property Damage Crash,01/26/2026 02:00:00 PM,PRINCEVILLE CT,NA,"Sideswipe, Same Direction",Snow,Snow,Daylight,No Controls,NONE DETECTED,No,NA,NA,NA,NA,NA,Moving Constant Speed,15,No,0,NA,NA,39.0701658,-77.0195895,2026,1,14
260003911,Property Damage Crash,01/26/2026 01:20:00 PM,QUAIL VALLEY BLVD,NA,"Sideswipe, Opposite Direction",Clear,Snow,Daylight,Stop Sign,NONE DETECTED,Yes,No Apparent Injury,NA,Not Distracted,MD,Passenger Car,Turning Right,25,No,2016,HONDA,CR-V,39.16645448,-77.18119207,2026,1,13
260003911,Property Damage Crash,01/26/2026 01:20:00 PM,QUAIL VALLEY BLVD,NA,"Sideswipe, Opposite Direction",Clear,Snow,Daylight,Stop Sign,NONE DETECTED,Yes,No Apparent Injury,NA,Not Distracted,MD,Bus - Transit,Turning Left,25,No,2019,GILLIG,LOW FLOOR BUS,39.16645448,-77.18119207,2026,1,13
260003905,Property Damage Crash,01/26/2026 01:00:00 PM,RAMP 1 FR IS 270 NB TO IS 370 WB,NA,Single Vehicle,Snow,Snow,Daylight,No Controls,NONE DETECTED,No,No Apparent Injury,NA,Not Distracted,MD,Passenger Car,Entering Traffic Lane,45,No,2022,SUBARU,FORESTER,39.11863067,-77.20538617,2026,1,13
260003907,Property Damage Crash,01/26/2026 12:24:00 PM,PINEY BRANCH RD,NA,"Sideswipe, Same Direction",Clear,Snow,Daylight,No Controls,NONE DETECTED,No,No Apparent Injury,Improper Passing,Not Distracted,DC,Pickup,Overtaking/Passing,5,No,2023,CHEVROLET,SILVERADO,38.99933848,-76.99615582,2026,1,12
260003907,Property Damage Crash,01/26/2026 12:24:00 PM,PINEY BRANCH RD,NA,"Sideswipe, Same Direction",Clear,Snow,Daylight,No Controls,NONE DETECTED,No,No Apparent Injury,NA,Not Distracted,MD,Bus - Transit,Parked,0,No,2012,GILLIG,LOW FLOOR BUS,38.99933848,-76.99615582,2026,1,12
260003906,Property Damage Crash,01/26/2026 12:18:00 PM,NICHOLSON LA,NA,"Sideswipe, Same Direction",Cloudy,Slush,Daylight,No Controls,NONE DETECTED,Yes,No Apparent Injury,NA,Not Distracted,WV,Bus - Transit,Slowing or Stopping,35,No,2020,GILLIG,LOW FLOOR BUS,39.044803,-77.11129417,2026,1,12
260003906,Property Damage Crash,01/26/2026 12:18:00 PM,NICHOLSON LA,NA,"Sideswipe, Same Direction",Cloudy,Slush,Daylight,No Controls,NONE DETECTED,No,No Apparent Injury,NA,Not Distracted,MD,Pickup,Slowing or Stopping,35,No,2002,FORD,F-350,39.044803,-77.11129417,2026,1,12
260003900,Property Damage Crash,01/26/2026 10:41:00 AM,BUSHEY DR,NA,Rear To Rear,Snow,Snow,Daylight,No Controls,NONE DETECTED,No,No Apparent Injury,NA,Not Distracted,MD,Sport Utility Vehicle,Backing,25,No,2025,DODGE,DURANGO,39.06778978,-77.08169914,2026,1,10
260003900,Property Damage Crash,01/26/2026 10:41:00 AM,BUSHEY DR,NA,Rear To Rear,Snow,Snow,Daylight,No Controls,NONE DETECTED,No,NA,NA,NA,NA,Passenger Car,Parked,25,No,2021,TOYOTA,COROLLA,39.06778978,-77.08169914,2026,1,10
260003897,Property Damage Crash,01/26/2026 09:56:00 AM,IVY GLEN RD,NA,"Sideswipe, Opposite Direction",Snow,Snow,Daylight,No Controls,NONE DETECTED,No,No Apparent Injury,NA,Not Distracted,MD,Other Trucks,Moving Constant Speed,30,No,2014,MACK,GU (GRANITE),39.04450555,-77.08249303,2026,1,9
260003897,Property Damage Crash,01/26/2026 09:56:00 AM,IVY GLEN RD,NA,"Sideswipe, Opposite Direction",Snow,Snow,Daylight,No Controls,NONE DETECTED,No,No Apparent Injury,NA,Not Distracted,MD,Pickup,Moving Constant Speed,30,No,2018,RAM,2500,39.04450555,-77.08249303,2026,1,9
260003848,Injury Crash,01/26/2026 09:55:00 AM,NA,NA,Front to Front,Snow,Snow,Daylight,No Controls,NONE DETECTED,Yes,Possible Minor Injury,"Swerved or Avoided Due to Wind, Slippery Surface, Motor Vehicle, Object, Non-Motorist in Roadway, etc, Too Fast For Conditions",Not Distracted,MD,Passenger Car,Moving Constant Speed,50,No,2009,TOYOTA,COROLLA MATRIX,39.26222406,-77.14952978,2026,1,9
260003848,Injury Crash,01/26/2026 09:55:00 AM,NA,NA,Front to Front,Snow,Snow,Daylight,No Controls,NONE DETECTED,No,No Apparent Injury,NA,Not Distracted,MD,Pickup,Moving Constant Speed,50,No,2014,FORD,F-350,39.26222406,-77.14952978,2026,1,9
260003890,Property Damage Crash,01/26/2026 09:15:00 AM,PUMPHREY AVE,NA,Rear To Rear,Snow,Snow,Daylight,No Controls,NONE DETECTED,Yes,No Apparent Injury,NA,Not Distracted,MD,Snowmobile,Backing,25,No,2024,FREIGHTLINER,108SD,39.08194638,-77.11809849,2026,1,9
260003887,Property Damage Crash,01/26/2026 08:48:00 AM,NA,NA,Rear To Side,Snow,NA,Daylight,NA,NONE DETECTED,Yes,No Apparent Injury,Improper Backing,Not Distracted,MD,Pickup,Backing,0,No,2013,FORD,F-250,39.07314043,-77.00354274,2026,1,8
260003713,Property Damage Crash,01/26/2026 12:15:00 AM,GREAT SENECA HWY (SB/L),NA,Single Vehicle,Clear,Dry,Medium,No Controls,NONE DETECTED,Yes,No Apparent Injury,Over-Correcting/Over-Steering,Unknown,MD,Passenger Car,Turning Right,50,No,2012,AUDI,A6,39.12609053,-77.23508687,2026,1,0
260003879,Property Damage Crash,01/25/2026 11:29:00 PM,NA,NA,Rear To Rear,Rain,NA,Medium,NA,NONE DETECTED,No,No Apparent Injury,NA,Not Distracted,MD,Other Trucks,Backing,0,No,2012,FORD,F-550,39.10462831,-76.93170507,2026,1,23
260003869,Property Damage Crash,01/25/2026 07:38:00 PM,BALTIMORE RD,NA,Rear To Rear,Snow,Snow,Medium,Traffic Control Signal,NONE DETECTED,Yes,No Apparent Injury,Other Improper Action,Unknown,MD,Truck Tractor,Backing,35,No,2021,JOHN DEERE,LT/COMMERCIAL,39.0951337,-77.11265944,2026,1,19
260003869,Property Damage Crash,01/25/2026 07:38:00 PM,BALTIMORE RD,NA,Rear To Rear,Snow,Snow,Medium,Traffic Control Signal,NONE DETECTED,No,No Apparent Injury,NA,Not Distracted,MD,Sport Utility Vehicle,Stopped in Traffic,35,No,2020,CHEVROLET,TAHOE,39.0951337,-77.11265944,2026,1,19
260003868,Property Damage Crash,01/25/2026 07:09:00 PM,MUNSON ST,NA,"Sideswipe, Same Direction",Snow,Snow,Medium,No Controls,NONE DETECTED,Yes,No Apparent Injury,Other Improper Action,Unknown,MD,Passenger Car,Moving Constant Speed,20,No,2019,FREIGHTLINER,M2,39.05745491,-77.05889237,2026,1,19
260003918,Property Damage Crash,01/25/2026 11:00:00 AM,PITCAIRN PL,NA,"Sideswipe, Same Direction",Snow,Snow,Daylight,No Controls,NONE DETECTED,Yes,No Apparent Injury,Other Improper Action,Unknown,NA,Other Trucks,Overtaking/Passing,25,No,2024,INTERNATIONAL,MV607,39.07609703,-76.92943526,2026,1,11
260003982,Property Damage Crash,01/25/2026 10:00:00 AM,W WATKINS MILL RD,NA,Single Vehicle,Rain,Slush,Daylight,No Controls,NONE DETECTED,Yes,No Apparent Injury,Too Fast For Conditions,Not Distracted,MD,Sport Utility Vehicle,Moving Constant Speed,35,No,2022,FORD,EXPLORER,39.15542436,-77.22712419,2026,1,10
260003843,Property Damage Crash,01/25/2026 05:45:00 AM,NA,NA,Single Vehicle,Clear,NA,Medium,NA,NONE DETECTED,No,No Apparent Injury,NA,Not Distracted,MD,Passenger Car,Backing,0,No,2016,FORD,TAURUS,38.99879322,-77.03031327,2026,1,5
260003828,Property Damage Crash,01/24/2026 11:25:00 PM,EAST WEST HWY,NA,Front to Rear,Cloudy,Dry,Medium,Traffic Control Signal,NONE DETECTED,No,No Apparent Injury,NA,Not Distracted,MD,Bus - Transit,Stopped in Traffic,30,No,2023,NEW FLYER,XCELSIOR,38.9879292,-77.07733518,2026,1,23
260003828,Property Damage Crash,01/24/2026 11:25:00 PM,EAST WEST HWY,NA,Front to Rear,Cloudy,Dry,Medium,Traffic Control Signal,NONE DETECTED,No,No Apparent Injury,Followed Too Closely,Unknown,NA,Passenger Car,Moving Constant Speed,30,No,2020,AUDI,Q3,38.9879292,-77.07733518,2026,1,23
260003711,Property Damage Crash,01/24/2026 11:23:00 PM,GERMANTOWN RD,NA,Single Vehicle,Clear,Dry,Medium,No Controls,ALCOHOL PRESENT,Yes,No Apparent Injury,Other Improper Action,Unknown,MD,Pickup,Moving Constant Speed,45,No,2006,LINCOLN,NAVIGATOR,39.18551929,-77.25357783,2026,1,23
260003826,Property Damage Crash,01/24/2026 10:33:00 PM,N WASHINGTON ST,NA,Front to Rear,Clear,Dry,Medium,Traffic Control Signal,NONE DETECTED,No,No Apparent Injury,NA,Not Distracted,MD,Passenger Car,Slowing or Stopping,35,No,2025,HYUNDAI,KONA,39.0846405,-77.15300358,2026,1,22
260003826,Property Damage Crash,01/24/2026 10:33:00 PM,N WASHINGTON ST,NA,Front to Rear,Clear,Dry,Medium,Traffic Control Signal,ALCOHOL PRESENT,Yes,No Apparent Injury,NA,Not Distracted,MD,Passenger Car,Moving Constant Speed,35,No,2008,NISSAN,VERSA,39.0846405,-77.15300358,2026,1,22
260003823,Property Damage Crash,01/24/2026 09:15:00 PM,OAKVIEW DR,NA,"Sideswipe, Opposite Direction",Clear,Dry,Medium,No Controls,ALCOHOL PRESENT,Yes,No Apparent Injury,Operated Motor Vehicle in Reckless or Aggressive Manner,Not Distracted,NA,Passenger Car,Moving Constant Speed,30,No,2020,FORD,EDGE,39.01550054,-76.98506856,2026,1,21
260003810,Property Damage Crash,01/24/2026 08:10:00 PM,NA,NA,Front to Front,Cloudy,Dry,Medium,No Controls,NONE DETECTED,Yes,No Apparent Injury,NA,Unknown,MD,Passenger Car,Moving Constant Speed,35,No,2014,TOYOTA,CAMRY,39.00486662,-77.21550382,2026,1,20
260003810,Property Damage Crash,01/24/2026 08:10:00 PM,NA,NA,Front to Front,Cloudy,Dry,Medium,No Controls,NONE DETECTED,No,No Apparent Injury,NA,Not Distracted,MD,Station Wagon,Moving Constant Speed,35,No,2020,SUBARU,FORESTER,39.00486662,-77.21550382,2026,1,20
260003809,Injury Crash,01/24/2026 07:47:00 PM,CALVERTON BLVD,NA,Angle,Clear,Dry,Medium,Traffic Control Signal,ALCOHOL PRESENT,Yes,No Apparent Injury,"Failed to Yield Right-of-Way, Operated Motor Vehicle in Inattentive, Careless, Negligent, or Erratic Manner",Unknown,MD,Passenger Car,Turning Left,30,No,2025,NISSAN,KICKS,39.0560515,-76.9544765,2026,1,19
260003809,Injury Crash,01/24/2026 07:47:00 PM,CALVERTON BLVD,NA,Angle,Clear,Dry,Medium,Traffic Control Signal,NONE DETECTED,No,Possible Minor Injury,NA,Not Distracted,MD,Passenger Car,Moving Constant Speed,30,No,2011,LEXUS,RX,39.0560515,-76.9544765,2026,1,19
260003806,Property Damage Crash,01/24/2026 06:24:00 PM,NICHOLSON LA,NA,Front to Front,Clear,Dry,Medium,Traffic Control Signal,NONE DETECTED,No,No Apparent Injury,NA,Not Distracted,GA,Passenger Car,Stopped in Traffic,35,No,2014,FORD,TAURUS,39.04478071,-77.11167437,2026,1,18
260003806,Property Damage Crash,01/24/2026 06:24:00 PM,NICHOLSON LA,NA,Front to Front,Clear,Dry,Medium,Traffic Control Signal,NONE DETECTED,No,No Apparent Injury,NA,Not Distracted,MD,Sport Utility Vehicle,Stopped in Traffic,35,No,2018,VOLVO,XC90,39.04478071,-77.11167437,2026,1,18
260003806,Property Damage Crash,01/24/2026 06:24:00 PM,NICHOLSON LA,NA,Front to Front,Clear,Dry,Medium,Traffic Control Signal,ALCOHOL PRESENT,Yes,No Apparent Injury,NA,Not Distracted,MD,Passenger Car,Turning Right,35,No,2022,HYUNDAI,KONA,39.04478071,-77.11167437,2026,1,18
260003792,Property Damage Crash,01/24/2026 04:26:00 PM,MONTGOMERY LA,NA,"Sideswipe, Same Direction",Clear,Dry,Daylight,No Controls,NONE DETECTED,Yes,No Apparent Injury,NA,Not Distracted,MD,Sport Utility Vehicle,Turning Left,25,No,2019,HONDA,PASSPORT,38.98350561,-77.09606557,2026,1,16
260003792,Property Damage Crash,01/24/2026 04:26:00 PM,MONTGOMERY LA,NA,"Sideswipe, Same Direction",Clear,Dry,Daylight,No Controls,NONE DETECTED,No,No Apparent Injury,NA,Not Distracted,DC,Bus - Transit,Turning Left,25,No,2013,NEW FLYER,XCELSIOR,38.98350561,-77.09606557,2026,1,16
260003790,Property Damage Crash,01/24/2026 04:12:00 PM,UNIVERSITY BLVD E,NA,"Sideswipe, Same Direction",Clear,Dry,Daylight,No Controls,NONE DETECTED,No,No Apparent Injury,NA,Not Distracted,MD,Passenger Car,Moving Constant Speed,35,No,2024,TOYOTA,PRIUS,39.00462755,-76.99701701,2026,1,16
260003790,Property Damage Crash,01/24/2026 04:12:00 PM,UNIVERSITY BLVD E,NA,"Sideswipe, Same Direction",Clear,Dry,Daylight,No Controls,NONE DETECTED,No,NA,NA,NA,NA,Passenger Car,Overtaking/Passing,35,No,2009,HONDA,CIVIC,39.00462755,-76.99701701,2026,1,16
260003784,Property Damage Crash,01/24/2026 03:53:00 PM,UNIVERSITY BLVD E,NA,"Sideswipe, Opposite Direction",Clear,Dry,Daylight,Traffic Control Signal,NONE DETECTED,No,NA,NA,NA,NA,Passenger Car,Entering Traffic Lane,35,No,2016,CHEVROLET,VOLT,38.99971575,-76.99528934,2026,1,15
260003784,Property Damage Crash,01/24/2026 03:53:00 PM,UNIVERSITY BLVD E,NA,"Sideswipe, Opposite Direction",Clear,Dry,Daylight,Traffic Control Signal,NONE DETECTED,No,No Apparent Injury,NA,Not Distracted,DC,Passenger Car,Moving Constant Speed,35,No,2018,CHEVROLET,EQUINOX,38.99971575,-76.99528934,2026,1,15
260003778,Injury Crash,01/24/2026 03:37:00 PM,HOWARD AVE,NA,"Sideswipe, Same Direction",Clear,Dry,Daylight,No Controls,NONE DETECTED,No,No Apparent Injury,NA,Not Distracted,MD,Sport Utility Vehicle,Moving Constant Speed,35,No,2004,TOYOTA,4-RUNNER,39.03103358,-77.08320103,2026,1,15
260003778,Injury Crash,01/24/2026 03:37:00 PM,HOWARD AVE,NA,"Sideswipe, Same Direction",Clear,Dry,Daylight,No Controls,NONE DETECTED,No,Possible Minor Injury,NA,Not Distracted,MD,Passenger Car,Turning Right,35,No,2016,CHEVROLET,TAHOE,39.03103358,-77.08320103,2026,1,15
260003766,Property Damage Crash,01/24/2026 01:44:00 PM,ASPEN HILL RD,NA,Front to Rear,Clear,Dry,Daylight,Traffic Control Signal,NONE DETECTED,Yes,No Apparent Injury,NA,Not Distracted,MD,Van - Passenger (&lt;9 Seats),Moving Constant Speed,30,No,2019,FORD,TRANSIT,39.07129024,-77.09887468,2026,1,13
260003766,Property Damage Crash,01/24/2026 01:44:00 PM,ASPEN HILL RD,NA,Front to Rear,Clear,Dry,Daylight,Traffic Control Signal,NONE DETECTED,No,No Apparent Injury,NA,Not Distracted,MD,Passenger Car,Stopped in Traffic,30,No,2023,TOYOTA,VENZA,39.07129024,-77.09887468,2026,1,13
260003763,Property Damage Crash,01/24/2026 01:30:00 PM,POPLARWOOD PL,NA,Rear To Rear,Clear,Dry,Daylight,No Controls,NONE DETECTED,Yes,No Apparent Injury,NA,Not Distracted,MD,Pickup,Backing,20,No,2017,CHEVROLET,SILVERADO,39.13013229,-77.18410032,2026,1,13
260003747,Injury Crash,01/24/2026 11:05:00 AM,SHADY GROVE RD,NA,"Sideswipe, Opposite Direction",Clear,Dry,Daylight,Traffic Control Signal,NONE DETECTED,Yes,No Apparent Injury,NA,Not Distracted,MD,Station Wagon,Turning Left,40,No,2018,LEXUS,RX,39.09712817,-77.19445683,2026,1,11