Local Case Number,ACRS Report Type,Crash Date/Time,Road Name,Related Non-Motorist,Collision Type,Weather,Surface Condition,Light,Traffic Control,Driver Substance Abuse,Driver At Fault,Injury Severity,Circumstance,Driver Distracted By,Drivers License State,Vehicle Body Type,Vehicle Movement,Speed Limit,Driverless Vehicle,Vehicle Year,Vehicle Make,Vehicle Model,Latitude,Longitude,Year,Month,Hour
260003472,Property Damage Crash,01/22/2026 05:42:00 PM,HILLCROFT DR,NA,Angle,Clear,Dry,Medium,No Controls,NONE DETECTED,No,No Apparent Injury,NA,Unknown,MD,Passenger Car,Entering Traffic Lane,40,No,1997,CHEVROLET,TAHOE,39.12405917,-77.0733395,2026,1,17
260003472,Property Damage Crash,01/22/2026 05:42:00 PM,HILLCROFT DR,NA,Angle,Clear,Dry,Medium,No Controls,NONE DETECTED,No,No Apparent Injury,NA,Not Distracted,MD,Passenger Car,Moving Constant Speed,40,No,2022,HYUNDAI,ELANTRA,39.12405917,-77.0733395,2026,1,17
260003579,Property Damage Crash,01/22/2026 05:37:00 PM,RAMP 4 FR MD 185 NB TO IS 495 EB,NA,Front to Rear,Clear,Dry,Medium,No Controls,NONE DETECTED,Yes,No Apparent Injury,NA,Unknown,MD,Sport Utility Vehicle,Slowing or Stopping,25,No,2022,NISSAN,PATHFINDER,39.00445195,-77.07741476,2026,1,17
260003579,Property Damage Crash,01/22/2026 05:37:00 PM,RAMP 4 FR MD 185 NB TO IS 495 EB,NA,Front to Rear,Clear,Dry,Medium,No Controls,NONE DETECTED,No,No Apparent Injury,NA,Not Distracted,MD,Sport Utility Vehicle,Slowing or Stopping,25,No,2026,TESLA,MODEL Y,39.00445195,-77.07741476,2026,1,17
260003466,Property Damage Crash,01/22/2026 04:57:00 PM,NEW HAMPSHIRE AVE (SB/L),NA,Angle,Cloudy,Dry,Medium,Traffic Control Signal,NONE DETECTED,No,No Apparent Injury,NA,Not Distracted,MD,Bus - School,Moving Constant Speed,35,No,2016,THOMAS BUILT,HDX,39.0759764,-77.00196454,2026,1,16
260003466,Property Damage Crash,01/22/2026 04:57:00 PM,NEW HAMPSHIRE AVE (SB/L),NA,Angle,Cloudy,Dry,Medium,Traffic Control Signal,NONE DETECTED,Yes,No Apparent Injury,"Failed to Yield Right-of-Way, Swerved or Avoided Due to Wind, Slippery Surface, Motor Vehicle, Object, Non-Motorist in Roadway, etc",Not Distracted,MD,Pickup,Changing Lanes,35,No,2021,CHEVROLET,SILVERADO,39.0759764,-77.00196454,2026,1,16
260003455,Property Damage Crash,01/22/2026 04:20:00 PM,NA,NA,"Sideswipe, Same Direction",Cloudy,NA,Daylight,NA,NONE DETECTED,No,No Apparent Injury,NA,Not Distracted,MD,Sport Utility Vehicle,Parked,0,No,2018,GMC,TERRAIN,38.9949876,-77.07635596,2026,1,16
260003455,Property Damage Crash,01/22/2026 04:20:00 PM,NA,NA,"Sideswipe, Same Direction",Cloudy,NA,Daylight,NA,NONE DETECTED,No,NA,NA,NA,NA,Station Wagon,Slowing or Stopping,0,No,2016,SUBARU,OUTBACK,38.9949876,-77.07635596,2026,1,16
260003443,Property Damage Crash,01/22/2026 03:37:00 PM,OLD COLUMBIA PIKE,NA,Front to Front,Clear,Dry,Daylight,No Controls,NONE DETECTED,Yes,No Apparent Injury,NA,Not Distracted,MD,Passenger Car,Entering Traffic Lane,25,No,2020,ACURA,MDX,39.10871312,-76.93601073,2026,1,15
260003443,Property Damage Crash,01/22/2026 03:37:00 PM,OLD COLUMBIA PIKE,NA,Front to Front,Clear,Dry,Daylight,No Controls,NONE DETECTED,No,No Apparent Injury,NA,Not Distracted,MD,Sport Utility Vehicle,Moving Constant Speed,25,No,2015,HONDA,ACCORD,39.10871312,-76.93601073,2026,1,15
26000137,Property Damage Crash,01/22/2026 03:33:00 PM,NA,NA,Front to Rear,Clear,Dry,Daylight,No Controls,NONE DETECTED,No,No Apparent Injury,NA,Not Distracted,MD,Passenger Car,Slowing or Stopping,35,No,2016,BMW,528I,39.15407105,-77.15402656,2026,1,15
26000137,Property Damage Crash,01/22/2026 03:33:00 PM,NA,NA,Front to Rear,Clear,Dry,Daylight,No Controls,NONE DETECTED,No,No Apparent Injury,NA,Not Distracted,MD,Passenger Car,Slowing or Stopping,35,No,2023,DODGE,DURANGO,39.15407105,-77.15402656,2026,1,15
260003441,Injury Crash,01/22/2026 03:21:00 PM,GREAT SENECA HWY,NA,Angle,Clear,Dry,Daylight,No Controls,NONE DETECTED,No,Possible Minor Injury,NA,Not Distracted,MD,Passenger Car,Moving Constant Speed,40,No,2002,TOYOTA,SIENNA,39.15726524,-77.27589953,2026,1,15
260003441,Injury Crash,01/22/2026 03:21:00 PM,GREAT SENECA HWY,NA,Angle,Clear,Dry,Daylight,No Controls,NONE DETECTED,Yes,No Apparent Injury,Failed to Yield Right-of-Way,Unknown,MD,Passenger Car,Entering Traffic Lane,40,No,2017,FORD,FUSION,39.15726524,-77.27589953,2026,1,15
260003426,Property Damage Crash,01/22/2026 02:25:00 PM,NA,NA,Front to Front,Clear,NA,Daylight,NA,NONE DETECTED,No,NA,NA,NA,NA,Passenger Car,Turning Left,0,No,2020,TOYOTA,RAV4,39.127254,-77.18424983,2026,1,14
260003420,Property Damage Crash,01/22/2026 01:54:00 PM,NEW HAMPSHIRE AVE (SB/L),NA,Front to Rear,Clear,Dry,Daylight,No Controls,NONE DETECTED,No,No Apparent Injury,NA,Not Distracted,MD,Passenger Car,Slowing or Stopping,30,No,2018,MAZDA,CX-9,39.087402,-76.99948167,2026,1,13
260003420,Property Damage Crash,01/22/2026 01:54:00 PM,NEW HAMPSHIRE AVE (SB/L),NA,Front to Rear,Clear,Dry,Daylight,No Controls,NONE DETECTED,No,No Apparent Injury,NA,Not Distracted,MD,Passenger Car,Moving Constant Speed,30,No,2025,DODGE,DURANGO,39.087402,-76.99948167,2026,1,13
260003413,Injury Crash,01/22/2026 01:22:00 PM,MUNCASTER MILL RD,NA,Angle,Clear,Dry,Daylight,Traffic Control Signal,NONE DETECTED,Yes,Possible Minor Injury,Other Improper Action,Not Distracted,MD,Passenger Car,Moving Constant Speed,35,No,2008,CHEVROLET,COBALT,39.14858888,-77.14694861,2026,1,13
260003413,Injury Crash,01/22/2026 01:22:00 PM,MUNCASTER MILL RD,NA,Angle,Clear,Dry,Daylight,Traffic Control Signal,NONE DETECTED,No,No Apparent Injury,NA,Not Distracted,MD,Passenger Car,Turning Left,35,No,2013,HONDA,CIVIC,39.14858888,-77.14694861,2026,1,13
260003419,Injury Crash,01/22/2026 01:05:00 PM,EAST WEST HWY,NA,Front to Rear,Clear,Dry,Daylight,No Controls,NONE DETECTED,No,Possible Minor Injury,NA,Not Distracted,MD,Sport Utility Vehicle,Stopped in Traffic,35,No,2026,JEEP,WRANGLER,38.994404,-77.03492617,2026,1,13
260003419,Injury Crash,01/22/2026 01:05:00 PM,EAST WEST HWY,NA,Front to Rear,Clear,Dry,Daylight,No Controls,NONE DETECTED,Yes,No Apparent Injury,"Swerved or Avoided Due to Wind, Slippery Surface, Motor Vehicle, Object, Non-Motorist in Roadway, etc",Not Distracted,MD,Pickup,Changing Lanes,35,No,2013,FORD,F-150,38.994404,-77.03492617,2026,1,13
260003406,Property Damage Crash,01/22/2026 12:37:00 PM,N WASHINGTON ST,NA,Front to Rear,Clear,Dry,Daylight,Traffic Control Signal,NONE DETECTED,No,No Apparent Injury,NA,Unknown,MD,Pickup,Moving Constant Speed,25,No,2025,TESLA,CYBERTRUCK,39.0900093,-77.15371678,2026,1,12
260003406,Property Damage Crash,01/22/2026 12:37:00 PM,N WASHINGTON ST,NA,Front to Rear,Clear,Dry,Daylight,Lane Use Control Signal,NONE DETECTED,Yes,No Apparent Injury,NA,Unknown,MD,Bus - Transit,Moving Constant Speed,25,No,2016,GILLIG,LOW FLOOR BUS,39.0900093,-77.15371678,2026,1,12
260003390,Property Damage Crash,01/22/2026 11:07:00 AM,INDUSTRIAL DR,NA,"Sideswipe, Same Direction",Clear,Dry,Daylight,No Controls,NONE DETECTED,No,No Apparent Injury,NA,Unknown,MD,Passenger Car,Moving Constant Speed,30,No,2012,TOYOTA,CAMRY,39.11893927,-77.18948635,2026,1,11
260003390,Property Damage Crash,01/22/2026 11:07:00 AM,INDUSTRIAL DR,NA,"Sideswipe, Same Direction",Clear,Dry,Daylight,No Controls,NONE DETECTED,Yes,No Apparent Injury,Failed to Yield Right-of-Way,Unknown,MD,Passenger Car,Entering Traffic Lane,30,No,2013,INFINITI,G37,39.11893927,-77.18948635,2026,1,11
260003388,Property Damage Crash,01/22/2026 10:52:00 AM,MOORLAND LA,NA,Rear To Side,Clear,Dry,Daylight,No Controls,NONE DETECTED,No,No Apparent Injury,NA,Not Distracted,MD,Passenger Car,Moving Constant Speed,25,No,2019,JEEP,WRANGLER,38.98720967,-77.10992517,2026,1,10
260003388,Property Damage Crash,01/22/2026 10:52:00 AM,MOORLAND LA,NA,Rear To Side,Clear,Dry,Daylight,Stop Sign,NONE DETECTED,Yes,No Apparent Injury,NA,"Other Action (looking away from task, etc.)",MD,Passenger Car,Entering Traffic Lane,25,No,2019,MERCEDES-BENZ,A-CLASS,38.98720967,-77.10992517,2026,1,10
260003386,Property Damage Crash,01/22/2026 10:40:00 AM,MUDDY BRANCH RD,NA,Angle,Clear,Dry,Daylight,Stop Sign,NONE DETECTED,Yes,No Apparent Injury,NA,Unknown,MD,Passenger Car,Turning Left,25,No,2018,TESLA,MODEL 3,39.12487433,-77.21360783,2026,1,10
260003386,Property Damage Crash,01/22/2026 10:40:00 AM,MUDDY BRANCH RD,NA,Angle,Clear,Dry,Daylight,No Controls,NONE DETECTED,No,No Apparent Injury,NA,Not Distracted,MD,Passenger Car,Moving Constant Speed,40,No,2021,JEEP,GRAND CHEROKEE,39.12487433,-77.21360783,2026,1,10
260003380,Injury Crash,01/22/2026 09:35:00 AM,OLD COLUMBIA PIKE,NA,Front to Rear,Clear,Dry,Daylight,Traffic Control Signal,NONE DETECTED,No,Possible Minor Injury,NA,Not Distracted,MD,Passenger Car,Slowing or Stopping,40,No,2005,TOYOTA,RAV4,39.06343755,-76.96592938,2026,1,9
260003380,Injury Crash,01/22/2026 09:35:00 AM,OLD COLUMBIA PIKE,NA,Front to Rear,Clear,Dry,Daylight,Traffic Control Signal,NONE DETECTED,Yes,No Apparent Injury,NA,Not Distracted,MD,Passenger Car,Changing Lanes,40,No,2014,HONDA,CR-V,39.06343755,-76.96592938,2026,1,9
260003374,Property Damage Crash,01/22/2026 09:25:00 AM,MACARTHUR BLVD,NA,Angle,Clear,Dry,Daylight,No Controls,NONE DETECTED,No,No Apparent Injury,NA,Not Distracted,MD,Van - Cargo,Moving Constant Speed,30,No,2021,FORD,TRANSIT,38.97360433,-77.15769867,2026,1,9
260003374,Property Damage Crash,01/22/2026 09:25:00 AM,MACARTHUR BLVD,NA,Angle,Clear,Dry,Daylight,No Controls,NONE DETECTED,No,No Apparent Injury,NA,Not Distracted,MD,Sport Utility Vehicle,Making U-Turn,30,No,2024,VOLVO,XC40,38.97360433,-77.15769867,2026,1,9
260003376,Property Damage Crash,01/22/2026 09:12:00 AM,NEW HAMPSHIRE AVE,NA,Angle,Clear,Dry,Daylight,No Controls,NONE DETECTED,No,No Apparent Injury,NA,Not Distracted,MD,Passenger Car,Changing Lanes,40,No,2018,CHEVROLET,TRAX,39.05355386,-76.99428043,2026,1,9
260003376,Property Damage Crash,01/22/2026 09:12:00 AM,NEW HAMPSHIRE AVE,NA,Angle,Clear,Dry,Daylight,No Controls,NONE DETECTED,No,No Apparent Injury,NA,Not Distracted,FL,Passenger Car,Moving Constant Speed,40,No,2016,LEXUS,RX,39.05355386,-76.99428043,2026,1,9
260003375,Property Damage Crash,01/22/2026 09:05:00 AM,PINEY MEETINGHOUSE RD,NA,"Sideswipe, Same Direction",Clear,Dry,Daylight,Traffic Control Signal,NONE DETECTED,Yes,No Apparent Injury,NA,Not Distracted,MD,Passenger Car,Accelerating,40,No,2021,KIA,K5,39.08261187,-77.21695212,2026,1,9
260003375,Property Damage Crash,01/22/2026 09:05:00 AM,PINEY MEETINGHOUSE RD,NA,"Sideswipe, Same Direction",Clear,Dry,Daylight,Traffic Control Signal,NONE DETECTED,No,No Apparent Injury,NA,Not Distracted,MD,Other Trucks,Making U-Turn,40,No,2004,MACK,CV (GRANITE),39.08261187,-77.21695212,2026,1,9
260003668,Property Damage Crash,01/22/2026 07:56:00 AM,FALLS RD (SB/L),NA,Single Vehicle,Clear,Dry,Daylight,No Controls,NONE DETECTED,No,No Apparent Injury,NA,Not Distracted,MD,Passenger Car,Moving Constant Speed,35,No,2016,HONDA,CIVIC,39.07155124,-77.16738221,2026,1,7
260003668,Property Damage Crash,01/22/2026 07:56:00 AM,FALLS RD (SB/L),NA,Single Vehicle,Clear,Dry,Daylight,Stop Sign,NONE DETECTED,Yes,No Apparent Injury,NA,Not Distracted,MD,Sport Utility Vehicle,Turning Left,35,No,2025,BMW,X5,39.07155124,-77.16738221,2026,1,7
260003367,Injury Crash,01/22/2026 07:55:00 AM,RIDGE RD (SB/L),NA,Angle,Clear,Dry,Daylight,No Controls,NONE DETECTED,No,No Apparent Injury,NA,Not Distracted,MD,Sport Utility Vehicle,Moving Constant Speed,25,No,2022,TOYOTA,RAV4,39.28848489,-77.20489768,2026,1,7
260003367,Injury Crash,01/22/2026 07:55:00 AM,RIDGE RD (SB/L),NA,Angle,Clear,Dry,Daylight,No Controls,NONE DETECTED,Yes,Possible Minor Injury,"Failed to Yield Right-of-Way, Improper Turn",Unknown,MD,Sport Utility Vehicle,Turning Left,25,No,2019,HONDA,CR-V,39.28848489,-77.20489768,2026,1,7
260003366,Property Damage Crash,01/22/2026 07:09:00 AM,MASSACHUSETTS AVE,NA,Single Vehicle,Cloudy,Dry,Daylight,No Controls,NONE DETECTED,No,No Apparent Injury,NA,Not Distracted,DC,Passenger Car,Moving Constant Speed,30,No,2019,VOLKSWAGEN,JETTA,38.95762483,-77.108499,2026,1,7
260003351,Property Damage Crash,01/21/2026 10:30:00 PM,ROCKVILLE PIKE,NA,Front to Rear,Clear,Dry,Medium,No Controls,NONE DETECTED,Yes,No Apparent Injury,NA,Not Distracted,MD,Passenger Car,Slowing or Stopping,35,No,2016,VOLKSWAGEN,JETTA,39.01277476,-77.09843932,2026,1,22
260003351,Property Damage Crash,01/21/2026 10:30:00 PM,ROCKVILLE PIKE,NA,Front to Rear,Clear,Dry,Medium,No Controls,NONE DETECTED,No,No Apparent Injury,NA,Not Distracted,VA,Sport Utility Vehicle,NA,35,No,2022,AUDI,Q7,39.01277476,-77.09843932,2026,1,22
260003348,Property Damage Crash,01/21/2026 10:16:00 PM,NA,NA,"Sideswipe, Same Direction",Clear,Dry,Medium,No Controls,NONE DETECTED,Yes,No Apparent Injury,Failed to Yield Right-of-Way,Not Distracted,MD,Sport Utility Vehicle,Changing Lanes,25,No,2019,NISSAN,PATHFINDER,38.98516522,-77.0986606,2026,1,22
260003348,Property Damage Crash,01/21/2026 10:16:00 PM,NA,NA,"Sideswipe, Same Direction",Clear,Dry,Medium,No Controls,NONE DETECTED,No,No Apparent Injury,NA,Not Distracted,MD,Passenger Car,Moving Constant Speed,25,No,2007,HONDA,CIVIC,38.98516522,-77.0986606,2026,1,22
260003331,Injury Crash,01/21/2026 07:27:00 PM,ODENDHAL AVE (EB/L),NA,Front to Front,Clear,Dry,Medium,No Controls,NONE DETECTED,No,Possible Minor Injury,NA,Not Distracted,MD,Passenger Car,Moving Constant Speed,30,No,2019,TOYOTA,COROLLA,39.14968049,-77.20530286,2026,1,19
260003331,Injury Crash,01/21/2026 07:27:00 PM,ODENDHAL AVE (EB/L),NA,Front to Front,Clear,Dry,Medium,No Controls,NONE DETECTED,Yes,No Apparent Injury,NA,Unknown,MD,Passenger Car,Turning Left,30,No,2024,TOYOTA,PRIUS,39.14968049,-77.20530286,2026,1,19
260003324,Property Damage Crash,01/21/2026 06:02:00 PM,NEW HAMPSHIRE AVE,NA,"Sideswipe, Same Direction",Clear,Dry,Medium,Traffic Control Signal,NONE DETECTED,No,No Apparent Injury,Improper Passing,NA,NA,Passenger Car,Overtaking/Passing,35,No,2010,NISSAN,VERSA,39.02184253,-76.97701007,2026,1,18
260003324,Property Damage Crash,01/21/2026 06:02:00 PM,NEW HAMPSHIRE AVE,NA,"Sideswipe, Same Direction",Clear,Dry,Medium,Traffic Control Signal,NONE DETECTED,No,No Apparent Injury,NA,Not Distracted,MD,Bus - Transit,Stopped in Traffic,35,No,2019,NEW FLYER,XCELSIOR,39.02184253,-76.97701007,2026,1,18
260003317,Injury Crash,01/21/2026 05:50:00 PM,W GUDE DR,NA,Front to Rear,Clear,Dry,Medium,Traffic Control Signal,NONE DETECTED,No,No Apparent Injury,Followed Too Closely,Not Distracted,MD,Passenger Car,Moving Constant Speed,35,No,2022,TOYOTA,SIENNA,39.10657453,-77.15929098,2026,1,17
260003317,Injury Crash,01/21/2026 05:50:00 PM,W GUDE DR,NA,Front to Rear,Clear,Dry,Medium,Traffic Control Signal,NONE DETECTED,No,Possible Minor Injury,NA,Not Distracted,MD,Passenger Car,NA,35,No,2013,ACURA,RDX,39.10657453,-77.15929098,2026,1,17
260003306,Injury Crash,01/21/2026 05:10:00 PM,GRANDVIEW AVE,Scooter (electric),Single Vehicle,Clear,Dry,Daylight,Stop Sign,NONE DETECTED,No,No Apparent Injury,NA,Not Distracted,MD,Passenger Car,Moving Constant Speed,25,No,2019,HONDA,CR-V,39.05096273,-77.05270107,2026,1,17
260003301,Property Damage Crash,01/21/2026 04:33:00 PM,GEORGIA AVE,NA,"Sideswipe, Same Direction",Clear,Dry,Daylight,Lane Use Control Signal,NONE DETECTED,No,NA,NA,NA,NA,NA,Moving Constant Speed,30,No,0,NA,NA,39.01140684,-77.04126786,2026,1,16
260003301,Property Damage Crash,01/21/2026 04:33:00 PM,GEORGIA AVE,NA,"Sideswipe, Same Direction",Clear,Dry,Daylight,Lane Use Control Signal,NONE DETECTED,No,No Apparent Injury,NA,Not Distracted,DC,Bus - School,Moving Constant Speed,30,No,2017,CHEVROLET,EXPRESS,39.01140684,-77.04126786,2026,1,16
260003294,Property Damage Crash,01/21/2026 04:07:00 PM,NA,NA,Angle,Clear,NA,Daylight,NA,NONE DETECTED,No,No Apparent Injury,NA,Not Distracted,MD,Sport Utility Vehicle,Parked,0,No,2025,DODGE,DURANGO,39.04966883,-77.12566333,2026,1,16
260003294,Property Damage Crash,01/21/2026 04:07:00 PM,NA,NA,Angle,Clear,NA,Daylight,NA,NONE DETECTED,No,No Apparent Injury,NA,Not Distracted,MD,Passenger Car,Accelerating,0,No,2014,TOYOTA,SCION XD,39.04966883,-77.12566333,2026,1,16
260003291,Property Damage Crash,01/21/2026 03:30:00 PM,NORWOOD RD,NA,Front to Rear,Clear,Dry,Daylight,No Controls,NONE DETECTED,Yes,No Apparent Injury,Followed Too Closely,Not Distracted,MD,Passenger Car,Slowing or Stopping,35,No,2011,HONDA,ODYSSEY,39.12205467,-77.02558933,2026,1,15
260003291,Property Damage Crash,01/21/2026 03:30:00 PM,NORWOOD RD,NA,Front to Rear,Clear,Dry,Daylight,No Controls,NONE DETECTED,No,No Apparent Injury,NA,Not Distracted,MD,Passenger Car,Slowing or Stopping,35,No,2017,CADILLAC,CTS,39.12205467,-77.02558933,2026,1,15
260003284,Property Damage Crash,01/21/2026 03:00:00 PM,HUNTING QUARTER RD,NA,Single Vehicle,Clear,Ice/Frost,Daylight,No Controls,NONE DETECTED,No,No Apparent Injury,NA,Not Distracted,MD,Sport Utility Vehicle,Moving Constant Speed,25,No,2025,DODGE,DURANGO,39.0826359,-77.3935289,2026,1,15
260003273,Property Damage Crash,01/21/2026 02:35:00 PM,NA,NA,Rear To Rear,Clear,NA,Daylight,NA,NONE DETECTED,No,NA,NA,NA,NA,NA,Backing,0,No,0,NA,NA,39.08361299,-77.23236709,2026,1,14
260003267,Property Damage Crash,01/21/2026 02:12:00 PM,ROCKVILLE PIKE (SB/L),NA,Other,Clear,Dry,Daylight,Traffic Control Signal,NONE DETECTED,Yes,No Apparent Injury,Failed to Keep in Proper Lane,Not Distracted,MD,Passenger Car,Changing Lanes,30,No,2020,HONDA,HR-V,39.0515425,-77.11573683,2026,1,14
260003267,Property Damage Crash,01/21/2026 02:12:00 PM,ROCKVILLE PIKE (SB/L),NA,Other,Clear,Dry,Daylight,Traffic Control Signal,NONE DETECTED,No,No Apparent Injury,NA,Not Distracted,MD,Passenger Car,Moving Constant Speed,30,No,2024,HONDA,CR-V,39.0515425,-77.11573683,2026,1,14
260003268,Property Damage Crash,01/21/2026 01:34:00 PM,VEIRS MILL RD (WB/L),NA,"Sideswipe, Same Direction",Clear,Dry,Daylight,No Controls,NONE DETECTED,No,No Apparent Injury,NA,Not Distracted,MD,Sport Utility Vehicle,Moving Constant Speed,35,No,2019,MITSUBISHI,ECLIPSE CROSS,39.04392439,-77.0626765,2026,1,13
260003268,Property Damage Crash,01/21/2026 01:34:00 PM,VEIRS MILL RD (WB/L),NA,"Sideswipe, Same Direction",Clear,Dry,Daylight,No Controls,NONE DETECTED,Yes,No Apparent Injury,Improper Passing,Unknown,MD,Passenger Car,Overtaking/Passing,35,No,2015,TOYOTA,COROLLA,39.04392439,-77.0626765,2026,1,13
260003256,Property Damage Crash,01/21/2026 12:41:00 PM,PARKING LOT CUT THRU CUT,NA,Rear To Rear,Clear,Dry,Daylight,No Controls,NONE DETECTED,No,No Apparent Injury,NA,NA,NA,Van - Passenger (&lt;9 Seats),Accelerating,10,No,2018,MITSUBISHI,OUTLANDER,39.09582025,-77.20596024,2026,1,12
260003247,Property Damage Crash,01/21/2026 11:38:00 AM,UNIVERSITY BLVD W (WB/L),NA,Single Vehicle,Clear,Dry,Daylight,No Controls,NONE DETECTED,No,NA,NA,NA,NA,Passenger Car,Moving Constant Speed,30,No,2013,HYUNDAI,SONATA,39.03995758,-77.05566762,2026,1,11
260003237,Injury Crash,01/21/2026 11:16:00 AM,EAST WEST HWY,NA,Single Vehicle,Clear,Dry,Daylight,No Controls,NONE DETECTED,No,Possible Minor Injury,NA,Not Distracted,MD,Passenger Car,NA,30,No,2012,HONDA,CIVIC,38.98843496,-77.02749921,2026,1,11
260003219,Injury Crash,01/21/2026 08:53:00 AM,BLUFF POINT LA,NA,"Sideswipe, Same Direction",Clear,Dry,Daylight,No Controls,NONE DETECTED,No,No Apparent Injury,NA,Not Distracted,MD,Passenger Car,Moving Constant Speed,30,No,2017,TOYOTA,COROLLA,39.0814925,-77.06205983,2026,1,8
260003219,Injury Crash,01/21/2026 08:53:00 AM,BLUFF POINT LA,NA,"Sideswipe, Same Direction",Clear,Dry,Daylight,No Controls,NONE DETECTED,No,No Apparent Injury,NA,Not Distracted,MD,Passenger Car,Moving Constant Speed,30,No,2017,TOYOTA,RAV4,39.0814925,-77.06205983,2026,1,8
260003218,Property Damage Crash,01/21/2026 08:04:00 AM,SHARON DR,NA,"Sideswipe, Same Direction",Clear,Dry,Daylight,No Controls,NONE DETECTED,Yes,No Apparent Injury,Failed to Keep in Proper Lane,Unknown,MD,Golf Cart,Moving Constant Speed,25,No,2024,THOMAS BUILT,HDX,39.01151444,-77.05173106,2026,1,8
260003211,Injury Crash,01/21/2026 07:53:00 AM,NA,NA,Single Vehicle,Clear,NA,Daylight,NA,NONE DETECTED,Yes,Possible Minor Injury,Ran Off Roadway,Not Distracted,MD,Van - Passenger (&lt;9 Seats),Accelerating,0,No,2010,VOLKSWAGEN,ROUTAN,39.08164196,-77.07871839,2026,1,7
260003209,Property Damage Crash,01/21/2026 07:52:00 AM,CHERRY HILL RD (NB/L),NA,Front to Rear,Clear,Dry,Daylight,Traffic Control Signal,NONE DETECTED,Yes,No Apparent Injury,NA,Not Distracted,MD,Passenger Car,Accelerating,30,No,2015,NISSAN,VERSA,39.06232533,-76.961193,2026,1,7
260003209,Property Damage Crash,01/21/2026 07:52:00 AM,CHERRY HILL RD (NB/L),NA,Front to Rear,Clear,Dry,Daylight,Traffic Control Signal,NONE DETECTED,No,No Apparent Injury,NA,Not Distracted,NA,Passenger Car,Stopped in Traffic,35,No,2006,FORD,FOCUS,39.06232533,-76.961193,2026,1,7
260003207,Injury Crash,01/21/2026 06:50:00 AM,NA,NA,Single Vehicle,Clear,NA,Daylight,NA,NONE DETECTED,No,Possible Minor Injury,NA,Not Distracted,MD,Passenger Car,Moving Constant Speed,0,No,2022,KIA,NIRO,39.05466949,-77.12219441,2026,1,6
260003202,Property Damage Crash,01/21/2026 03:06:00 AM,S FREDERICK RD,NA,Single Vehicle,Clear,Dry,Medium,No Controls,NONE DETECTED,No,No Apparent Injury,"Failed to Keep in Proper Lane, Operated Motor Vehicle in Inattentive, Careless, Negligent, or Erratic Manner, Operated Motor Vehicle in Reckless or Aggressive Manner, Over-Correcting/Over-Steering, Ran Off Roadway, Wrong Side, Wrong Way",Unknown,NA,Passenger Car,Moving Constant Speed,35,No,2017,HYUNDAI,ELANTRA,39.12800574,-77.1852334,2026,1,3
260003181,Property Damage Crash,01/20/2026 08:20:00 PM,S SUMMIT AVE,NA,Angle,Clear,Dry,Medium,No Controls,NONE DETECTED,No,No Apparent Injury,NA,Unknown,OR,Passenger Car,Moving Constant Speed,25,No,2013,FORD,MUSTANG,39.14058772,-77.19368323,2026,1,20
260003181,Property Damage Crash,01/20/2026 08:20:00 PM,S SUMMIT AVE,NA,Angle,Clear,Dry,Medium,Stop Sign,NONE DETECTED,Yes,No Apparent Injury,"Failed to Yield Right-of-Way, Operated Motor Vehicle in Inattentive, Careless, Negligent, or Erratic Manner",Unknown,MD,Sport Utility Vehicle,Turning Left,25,No,2022,AUDI,E-TRON SPORTBACK,39.14058772,-77.19368323,2026,1,20
260003185,Property Damage Crash,01/20/2026 08:04:00 PM,NA,NA,Rear To Side,Clear,NA,Medium,NA,NONE DETECTED,No,NA,NA,NA,NA,Passenger Car,Backing,0,No,2019,HONDA,INSIGHT,38.99883996,-77.03892077,2026,1,20
260003185,Property Damage Crash,01/20/2026 08:04:00 PM,NA,NA,Rear To Side,Clear,NA,Medium,NA,NONE DETECTED,No,No Apparent Injury,NA,Not Distracted,AL,Pickup,Slowing or Stopping,0,No,2019,NISSAN,TITAN,38.99883996,-77.03892077,2026,1,20