Local Case Number,ACRS Report Type,Crash Date/Time,Road Name,Related Non-Motorist,Collision Type,Weather,Surface Condition,Light,Traffic Control,Driver Substance Abuse,Driver At Fault,Injury Severity,Circumstance,Driver Distracted By,Drivers License State,Vehicle Body Type,Vehicle Movement,Speed Limit,Driverless Vehicle,Vehicle Year,Vehicle Make,Vehicle Model,Latitude,Longitude,Year,Month,Hour
260003173,Injury Crash,01/20/2026 06:52:00 PM,MUDDY BRANCH RD (SB/L),NA,Front to Rear,Clear,Dry,Medium,Yield Sign,NONE DETECTED,No,Possible Minor Injury,NA,Not Distracted,MD,Passenger Car,Stopped in Traffic,30,No,2010,HONDA,CIVIC,39.1002681,-77.22490901,2026,1,18
260003173,Injury Crash,01/20/2026 06:52:00 PM,MUDDY BRANCH RD (SB/L),NA,Front to Rear,Clear,Dry,Medium,Yield Sign,NONE DETECTED,No,No Apparent Injury,Followed Too Closely,"Other Action (looking away from task, etc.)",MD,Sport Utility Vehicle,Accelerating,30,No,2021,TOYOTA,RAV4,39.1002681,-77.22490901,2026,1,18
260003171,Injury Crash,01/20/2026 06:46:00 PM,NA,NA,Rear To Side,Clear,Dry,Medium,No Controls,NONE DETECTED,Yes,No Apparent Injury,NA,Unknown,MD,Passenger Car,Turning Left,35,No,2014,NISSAN,ALTIMA,39.14063182,-77.21425451,2026,1,18
260003171,Injury Crash,01/20/2026 06:46:00 PM,NA,NA,Rear To Side,Clear,Dry,Medium,No Controls,NONE DETECTED,No,No Apparent Injury,NA,Not Distracted,MD,Passenger Car,Stopped in Traffic,35,No,2014,SUBARU,OUTBACK,39.14063182,-77.21425451,2026,1,18
260003171,Injury Crash,01/20/2026 06:46:00 PM,NA,NA,Rear To Side,Clear,Dry,Medium,No Controls,NONE DETECTED,No,Possible Minor Injury,NA,Not Distracted,MD,Passenger Car,Moving Constant Speed,35,No,2018,FORD,EDGE,39.14063182,-77.21425451,2026,1,18
260003170,Property Damage Crash,01/20/2026 06:25:00 PM,NORBECK RD,NA,Front to Rear,Clear,Dry,Medium,No Controls,NONE DETECTED,Yes,No Apparent Injury,Other Improper Action,Unknown,MD,Passenger Car,Moving Constant Speed,35,No,2024,NISSAN,ALTIMA,39.1087025,-77.08064433,2026,1,18
260003170,Property Damage Crash,01/20/2026 06:25:00 PM,NORBECK RD,NA,Front to Rear,Clear,Dry,Medium,No Controls,NONE DETECTED,No,No Apparent Injury,NA,Not Distracted,MD,Passenger Car,Moving Constant Speed,35,No,2012,SUBARU,OUTBACK,39.1087025,-77.08064433,2026,1,18
260003162,Injury Crash,01/20/2026 05:43:00 PM,WMATA ENT,Pedestrian,Single Vehicle,Clear,Dry,Medium,Traffic Control Signal,NONE DETECTED,Yes,No Apparent Injury,NA,"Other Action (looking away from task, etc.)",DC,Bus - Transit,Turning Right,35,No,2019,NEW FLYER,XCELSIOR,38.99417143,-77.03091286,2026,1,17
260003155,Injury Crash,01/20/2026 05:34:00 PM,TECH RD,NA,"Sideswipe, Same Direction",Clear,Dry,Daylight,Traffic Control Signal,NONE DETECTED,Yes,No Apparent Injury,NA,Unknown,MD,Sport Utility Vehicle,Changing Lanes,50,No,2025,CHEVROLET,TRAX,39.05792083,-76.96834033,2026,1,17
260003155,Injury Crash,01/20/2026 05:34:00 PM,TECH RD,NA,"Sideswipe, Same Direction",Clear,Dry,Daylight,Traffic Control Signal,NONE DETECTED,No,Possible Minor Injury,NA,Not Distracted,MD,Sport Utility Vehicle,Moving Constant Speed,50,No,2024,CADILLAC,LYRIQ,39.05792083,-76.96834033,2026,1,17
260003153,Property Damage Crash,01/20/2026 04:28:00 PM,FISHER AVE,NA,Single Vehicle,Clear,Dry,Daylight,No Controls,NONE DETECTED,No,No Apparent Injury,Ran Off Roadway,Not Distracted,MD,Bus - School,Moving Constant Speed,30,No,2013,FREIGHTLINER,B2 BUS CHASSIS,39.13497517,-77.40332083,2026,1,16
260003143,Property Damage Crash,01/20/2026 04:12:00 PM,GALWAY DR (SB/L),NA,Front to Rear,Clear,Dry,Daylight,Traffic Control Signal,NONE DETECTED,No,No Apparent Injury,NA,Not Distracted,MD,Passenger Car,Stopped in Traffic,25,No,2021,TESLA,MODEL 3,39.05620087,-76.94433113,2026,1,16
260003143,Property Damage Crash,01/20/2026 04:12:00 PM,GALWAY DR (SB/L),NA,Front to Rear,Clear,Dry,Daylight,Traffic Control Signal,NONE DETECTED,Yes,NA,NA,NA,NA,Passenger Car,NA,25,No,2013,CHEVROLET,IMPALA,39.05620087,-76.94433113,2026,1,16
260003140,Property Damage Crash,01/20/2026 04:06:00 PM,FREDERICK RD (SB/L),NA,Front to Rear,Clear,Dry,Daylight,Traffic Control Signal,NONE DETECTED,No,No Apparent Injury,NA,Not Distracted,MD,Passenger Car,Stopped in Traffic,35,No,2022,MITSUBISHI,OUTLANDER,39.18134176,-77.23849198,2026,1,16
260003140,Property Damage Crash,01/20/2026 04:06:00 PM,FREDERICK RD (SB/L),NA,Front to Rear,Clear,Dry,Daylight,Traffic Control Signal,NONE DETECTED,Yes,No Apparent Injury,"Operated Motor Vehicle in Inattentive, Careless, Negligent, or Erratic Manner","Other Action (looking away from task, etc.)",MD,Bus - School,Moving Constant Speed,35,No,2018,THOMAS BUILT,HDX,39.18134176,-77.23849198,2026,1,16
260003122,Property Damage Crash,01/20/2026 02:20:00 PM,SHADY GROVE RD,NA,Front to Rear,Clear,Dry,Daylight,Traffic Control Signal,NONE DETECTED,Yes,No Apparent Injury,Followed Too Closely,Not Distracted,MD,Passenger Car,Slowing or Stopping,40,No,2017,LEXUS,ES,39.14097342,-77.15178872,2026,1,14
260003122,Property Damage Crash,01/20/2026 02:20:00 PM,SHADY GROVE RD,NA,Front to Rear,Clear,Dry,Daylight,Traffic Control Signal,NONE DETECTED,No,No Apparent Injury,NA,Not Distracted,MD,Bus - School,Slowing or Stopping,40,No,2024,FREIGHTLINER,B2 BUS CHASSIS,39.14097342,-77.15178872,2026,1,14
260003117,Property Damage Crash,01/20/2026 02:00:00 PM,NA,NA,Single Vehicle,Clear,NA,Daylight,NA,NONE DETECTED,No,No Apparent Injury,Improper Backing,Not Distracted,MD,Pickup,Backing,0,No,2014,FORD,F-250,39.06568626,-77.15947187,2026,1,14
260003107,Injury Crash,01/20/2026 01:19:00 PM,COLUMBIA PIKE (SB/L),NA,"Sideswipe, Same Direction",Clear,Dry,Daylight,Traffic Control Signal,NONE DETECTED,No,Possible Minor Injury,NA,Not Distracted,MD,Passenger Car,Stopped in Traffic,40,No,2013,NISSAN,ALTIMA,39.03123758,-77.00486892,2026,1,13
260003107,Injury Crash,01/20/2026 01:19:00 PM,COLUMBIA PIKE (SB/L),NA,"Sideswipe, Same Direction",Clear,Dry,Daylight,Traffic Control Signal,NONE DETECTED,No,Possible Minor Injury,NA,Not Distracted,MD,Passenger Car,Stopped in Traffic,40,No,2025,LEXUS,ES,39.03123758,-77.00486892,2026,1,13
260003107,Injury Crash,01/20/2026 01:19:00 PM,COLUMBIA PIKE (SB/L),NA,"Sideswipe, Same Direction",Clear,Dry,Daylight,Traffic Control Signal,NONE DETECTED,No,Possible Minor Injury,NA,Not Distracted,MD,Passenger Car,Stopped in Traffic,40,No,2026,KIA,SPORTAGE,39.03123758,-77.00486892,2026,1,13
260003107,Injury Crash,01/20/2026 01:19:00 PM,COLUMBIA PIKE (SB/L),NA,"Sideswipe, Same Direction",Clear,Dry,Daylight,Traffic Control Signal,NONE DETECTED,Yes,Possible Minor Injury,Followed Too Closely,Not Distracted,MD,Passenger Car,Moving Constant Speed,40,No,2018,TESLA,MODEL 3,39.03123758,-77.00486892,2026,1,13
260003103,Property Damage Crash,01/20/2026 12:56:00 PM,WINTERSET DR,NA,"Sideswipe, Same Direction",Clear,Dry,Daylight,Other,NONE DETECTED,Yes,No Apparent Injury,NA,Unknown,DC,Passenger Car,Moving Constant Speed,35,No,2023,KIA,FORTE,39.04803217,-77.19044567,2026,1,12
260003103,Property Damage Crash,01/20/2026 12:56:00 PM,WINTERSET DR,NA,"Sideswipe, Same Direction",Clear,Dry,Daylight,Other,NONE DETECTED,No,No Apparent Injury,NA,Not Distracted,MD,Passenger Car,Moving Constant Speed,35,No,2006,HONDA,ODYSSEY,39.04803217,-77.19044567,2026,1,12
260003095,Property Damage Crash,01/20/2026 12:45:00 PM,TOWER OAKS BLVD,NA,Front to Rear,Clear,Dry,Daylight,No Controls,NONE DETECTED,No,No Apparent Injury,NA,Not Distracted,MD,Passenger Car,Moving Constant Speed,25,No,2019,HONDA,RIDGELINE,39.05889217,-77.15281183,2026,1,12
260003095,Property Damage Crash,01/20/2026 12:45:00 PM,TOWER OAKS BLVD,NA,Front to Rear,Clear,Dry,Daylight,No Controls,NONE DETECTED,No,No Apparent Injury,NA,Not Distracted,MD,Passenger Car,Slowing or Stopping,25,No,2022,VOLKSWAGEN,TAOS,39.05889217,-77.15281183,2026,1,12
260003097,Property Damage Crash,01/20/2026 12:17:00 PM,MONTROSE PKWY,NA,Front to Rear,Clear,Dry,Daylight,No Controls,NONE DETECTED,Yes,No Apparent Injury,NA,Not Distracted,MD,Passenger Car,Moving Constant Speed,35,No,2018,HONDA,HR-V,39.051365,-77.12062333,2026,1,12
260003097,Property Damage Crash,01/20/2026 12:17:00 PM,MONTROSE PKWY,NA,Front to Rear,Clear,Dry,Daylight,No Controls,NONE DETECTED,No,No Apparent Injury,NA,Not Distracted,MD,Other Trucks,Slowing or Stopping,35,No,2024,FORD,E-450,39.051365,-77.12062333,2026,1,12
260003081,Property Damage Crash,01/20/2026 11:13:00 AM,NA,NA,Angle,Clear,Dry,Daylight,No Controls,NONE DETECTED,No,No Apparent Injury,NA,Not Distracted,MD,Passenger Car,Moving Constant Speed,30,No,2014,HONDA,ACCORD,39.06474447,-77.1609319,2026,1,11
260003081,Property Damage Crash,01/20/2026 11:13:00 AM,NA,NA,Angle,Clear,Dry,Daylight,No Controls,NONE DETECTED,No,No Apparent Injury,NA,Not Distracted,MD,Passenger Car,Turning Left,0,No,2024,HYUNDAI,IONIQ 5,39.06474447,-77.1609319,2026,1,11
260003079,Injury Crash,01/20/2026 11:00:00 AM,NA,Pedestrian,Single Vehicle,Clear,NA,Daylight,NA,NONE DETECTED,No,No Apparent Injury,NA,Not Distracted,MD,Sport Utility Vehicle,Moving Constant Speed,0,No,2023,FORD,EXPLORER,39.19237707,-77.24377451,2026,1,11
260003069,Property Damage Crash,01/20/2026 09:19:00 AM,ROCKVILLE PIKE (SB/L),NA,Front to Rear,Clear,Dry,Daylight,No Controls,NONE DETECTED,Yes,No Apparent Injury,NA,Not Distracted,NA,Passenger Car,Moving Constant Speed,35,No,2009,CHEVROLET,IMPALA,38.998913,-77.0970185,2026,1,9
260003069,Property Damage Crash,01/20/2026 09:19:00 AM,ROCKVILLE PIKE (SB/L),NA,Front to Rear,Clear,Dry,Daylight,No Controls,NONE DETECTED,No,No Apparent Injury,NA,Not Distracted,MD,Passenger Car,Moving Constant Speed,35,No,2017,HONDA,CIVIC,38.998913,-77.0970185,2026,1,9
260003069,Property Damage Crash,01/20/2026 09:19:00 AM,ROCKVILLE PIKE (SB/L),NA,Front to Rear,Clear,Dry,Daylight,No Controls,NONE DETECTED,No,No Apparent Injury,NA,Not Distracted,MD,Passenger Car,Moving Constant Speed,35,No,2013,ACURA,ILX,38.998913,-77.0970185,2026,1,9
260003070,Property Damage Crash,01/20/2026 09:06:00 AM,NA,NA,Front to Rear,Clear,NA,Daylight,NA,NONE DETECTED,No,No Apparent Injury,NA,Not Distracted,MD,Bus - School,Overtaking/Passing,0,No,2019,FREIGHTLINER,B2 BUS CHASSIS,38.96797933,-77.11834917,2026,1,9
260003070,Property Damage Crash,01/20/2026 09:06:00 AM,NA,NA,Front to Rear,Clear,NA,Daylight,NA,NONE DETECTED,No,No Apparent Injury,NA,Not Distracted,MD,Bus - School,Parked,0,No,2020,FREIGHTLINER,B2 BUS CHASSIS,38.96797933,-77.11834917,2026,1,9
260003068,Property Damage Crash,01/20/2026 09:06:00 AM,NA,NA,Unknown,Clear,NA,Daylight,NA,NONE DETECTED,No,NA,NA,NA,NA,NA,NA,0,No,0,NA,NA,38.99746681,-77.02541228,2026,1,9
260003104,Property Damage Crash,01/20/2026 09:00:00 AM,NEWPORT MILL RD,NA,Unknown,Clear,Dry,Daylight,No Controls,NONE DETECTED,No,NA,NA,NA,NA,NA,NA,25,No,0,NA,NA,39.03764383,-77.07181865,2026,1,9
260003065,Property Damage Crash,01/20/2026 09:00:00 AM,RAMP 3 FR IS 370 EB TO MD 355 NB,NA,Front to Rear,Clear,Dry,Daylight,Yield Sign,NONE DETECTED,No,No Apparent Injury,NA,Unknown,MD,Bus - School,Moving Constant Speed,30,No,2026,FREIGHTLINER,B2 BUS CHASSIS,39.1246597,-77.18006676,2026,1,9
260003065,Property Damage Crash,01/20/2026 09:00:00 AM,RAMP 3 FR IS 370 EB TO MD 355 NB,NA,Front to Rear,Clear,Dry,Daylight,Yield Sign,NONE DETECTED,No,No Apparent Injury,NA,Not Distracted,MD,Sport Utility Vehicle,Moving Constant Speed,30,No,2017,TOYOTA,RAV4,39.1246597,-77.18006676,2026,1,9
260003051,Property Damage Crash,01/20/2026 08:01:00 AM,ASTON MANOR DR,NA,Angle,Clear,Dry,Daylight,Stop Sign,NONE DETECTED,Yes,No Apparent Injury,NA,Unknown,MD,Passenger Car,Turning Right,25,No,2016,MAZDA,MAZDA3,39.07593123,-76.94110192,2026,1,8
260003051,Property Damage Crash,01/20/2026 08:01:00 AM,ASTON MANOR DR,NA,Angle,Clear,Dry,Daylight,No Controls,NONE DETECTED,No,No Apparent Injury,NA,Not Distracted,MD,Passenger Car,Moving Constant Speed,40,No,2002,HONDA,CIVIC,39.07593123,-76.94110192,2026,1,8
260003073,Property Damage Crash,01/20/2026 06:45:00 AM,NA,NA,Front to Front,Clear,NA,Dark,NA,NONE DETECTED,No,No Apparent Injury,NA,Not Distracted,MD,Passenger Car,Parked,0,No,2024,TOYOTA,GR86,39.1570805,-77.27419123,2026,1,6
260003073,Property Damage Crash,01/20/2026 06:45:00 AM,NA,NA,Front to Front,Clear,NA,Dark,NA,ALCOHOL PRESENT,Yes,No Apparent Injury,"Operated Motor Vehicle in Inattentive, Careless, Negligent, or Erratic Manner",Unknown,DC,Passenger Car,Accelerating,0,No,2017,ACURA,ILX,39.1570805,-77.27419123,2026,1,6
260003048,Injury Crash,01/20/2026 06:22:00 AM,UNIVERSITY BLVD E (WB/L),NA,"Sideswipe, Same Direction",Clear,Dry,Medium,No Controls,NONE DETECTED,No,Possible Minor Injury,NA,Not Distracted,DC,Bus - Transit,Moving Constant Speed,35,No,2013,NEW FLYER,XCELSIOR,39.00019933,-76.9953425,2026,1,6
260003048,Injury Crash,01/20/2026 06:22:00 AM,UNIVERSITY BLVD E (WB/L),NA,"Sideswipe, Same Direction",Clear,Dry,Medium,No Controls,NONE DETECTED,Yes,No Apparent Injury,NA,Not Distracted,MD,Other,Changing Lanes,35,No,2017,FORD,TRANSIT,39.00019933,-76.9953425,2026,1,6
260003047,Property Damage Crash,01/20/2026 05:56:00 AM,MIDCOUNTY HWY (NB/L),NA,"Sideswipe, Same Direction",Clear,Dry,Medium,Traffic Control Signal,NONE DETECTED,Yes,No Apparent Injury,Failed to Keep in Proper Lane,Unknown,MD,Passenger Car,Changing Lanes,45,No,2022,VOLKSWAGEN,TIGUAN,39.15078912,-77.174607,2026,1,5
260003047,Property Damage Crash,01/20/2026 05:56:00 AM,MIDCOUNTY HWY (NB/L),NA,"Sideswipe, Same Direction",Clear,Dry,Medium,Traffic Control Signal,NONE DETECTED,No,No Apparent Injury,NA,Not Distracted,MD,Passenger Car,Changing Lanes,45,No,2023,HONDA,ACCORD,39.15078912,-77.174607,2026,1,5
260003043,Property Damage Crash,01/20/2026 03:33:00 AM,INWOOD AVE,NA,Angle,Clear,Dry,Medium,No Controls,NONE DETECTED,Yes,No Apparent Injury,Other Improper Action,Unknown,MD,Passenger Car,Moving Constant Speed,25,No,2005,ACURA,MDX,39.03126966,-77.03571253,2026,1,3
260003016,Injury Crash,01/19/2026 08:22:00 PM,FREDERICK RD (SB/L),NA,"Sideswipe, Same Direction",Clear,Dry,Medium,No Controls,NONE DETECTED,No,Possible Minor Injury,NA,Not Distracted,MD,Passenger Car,Moving Constant Speed,40,No,2009,BMW,328I,39.1629435,-77.225792,2026,1,20
260003016,Injury Crash,01/19/2026 08:22:00 PM,FREDERICK RD (SB/L),NA,"Sideswipe, Same Direction",Clear,Dry,Medium,Yield Sign,NONE DETECTED,No,NA,NA,NA,NA,Passenger Car,Entering Traffic Lane,40,No,1998,HONDA,CIVIC,39.1629435,-77.225792,2026,1,20
260003003,Injury Crash,01/19/2026 07:05:00 PM,FIRSTFIELD RD,Pedestrian,Single Vehicle,Clear,Dry,Medium,Traffic Control Signal,NONE DETECTED,No,No Apparent Injury,NA,Not Distracted,MD,Passenger Car,Moving Constant Speed,35,No,2018,TOYOTA,COROLLA,39.14504666,-77.22008721,2026,1,19
260002978,Property Damage Crash,01/19/2026 04:16:00 PM,HOLDRIDGE RD,NA,"Sideswipe, Opposite Direction",Clear,Dry,Daylight,No Controls,NONE DETECTED,No,No Apparent Injury,NA,Not Distracted,MD,Passenger Car,Parked,15,No,2009,FORD,FOCUS,39.0700961,-77.0666197,2026,1,16
260002978,Property Damage Crash,01/19/2026 04:16:00 PM,HOLDRIDGE RD,NA,"Sideswipe, Opposite Direction",Clear,Dry,Daylight,No Controls,ALCOHOL PRESENT,Yes,No Apparent Injury,"Operated Motor Vehicle in Inattentive, Careless, Negligent, or Erratic Manner, Operated Motor Vehicle in Reckless or Aggressive Manner, Too Fast For Conditions","Other Action (looking away from task, etc.)",DC,Passenger Car,Moving Constant Speed,15,No,2014,HONDA,CR-V,39.0700961,-77.0666197,2026,1,16
260002961,Property Damage Crash,01/19/2026 02:40:00 PM,TRAVIS CT,NA,Angle,Clear,Dry,Daylight,Stop Sign,NONE DETECTED,No,No Apparent Injury,NA,Unknown,MD,Passenger Car,Turning Left,25,No,2011,MAZDA,MAZDA3,39.16075433,-77.21557017,2026,1,14
260002961,Property Damage Crash,01/19/2026 02:40:00 PM,TRAVIS CT,NA,Angle,Clear,Dry,Daylight,No Controls,NONE DETECTED,No,No Apparent Injury,NA,Not Distracted,MD,Pickup,Moving Constant Speed,25,No,2024,TOYOTA,TACOMA,39.16075433,-77.21557017,2026,1,14
260002960,Property Damage Crash,01/19/2026 01:46:00 PM,NA,NA,Single Vehicle,Clear,NA,Daylight,NA,NONE DETECTED,No,No Apparent Injury,NA,Unknown,MD,Van - Cargo,Making U-Turn,0,No,2025,RAM,PROMASTER 2500,39.23273063,-77.16751292,2026,1,13
260002941,Injury Crash,01/19/2026 12:50:00 PM,NICHOLSON CT,NA,Angle,Clear,Dry,Daylight,Traffic Control Signal,NONE DETECTED,No,Possible Minor Injury,NA,Not Distracted,MD,Passenger Car,Moving Constant Speed,30,No,2018,TOYOTA,CAMRY,39.04540183,-77.10497454,2026,1,12
260002941,Injury Crash,01/19/2026 12:50:00 PM,NICHOLSON CT,NA,Angle,Clear,Dry,Daylight,Traffic Control Signal,NONE DETECTED,Yes,No Apparent Injury,"Operated Motor Vehicle in Inattentive, Careless, Negligent, or Erratic Manner, Ran Red Light","Other Action (looking away from task, etc.)",MD,Passenger Car,Moving Constant Speed,30,No,2019,LINCOLN,NAVIGATOR,39.04540183,-77.10497454,2026,1,12
260002935,Property Damage Crash,01/19/2026 12:02:00 PM,SCENERY DR,NA,Unknown,Clear,Dry,Daylight,No Controls,NONE DETECTED,No,No Apparent Injury,"Followed Too Closely, Operated Motor Vehicle in Inattentive, Careless, Negligent, or Erratic Manner, Operated Motor Vehicle in Reckless or Aggressive Manner",Unknown,NA,Passenger Car,Moving Constant Speed,30,No,2019,KIA,FORTE,39.17714517,-77.23381217,2026,1,12
260002935,Property Damage Crash,01/19/2026 12:02:00 PM,SCENERY DR,NA,Unknown,Clear,Dry,Daylight,No Controls,NONE DETECTED,No,NA,NA,NA,NA,Unknown,NA,30,No,0,NA,NA,39.17714517,-77.23381217,2026,1,12
260002897,Property Damage Crash,01/19/2026 07:39:00 AM,GATEWAY CENTER DR,NA,Single Vehicle,Clear,Ice/Frost,Daylight,No Controls,NONE DETECTED,Yes,No Apparent Injury,"Swerved or Avoided Due to Wind, Slippery Surface, Motor Vehicle, Object, Non-Motorist in Roadway, etc",Not Distracted,MD,Passenger Car,Moving Constant Speed,30,No,1999,TOYOTA,CAMRY,39.23531205,-77.28267212,2026,1,7
260002891,Injury Crash,01/19/2026 06:23:00 AM,RANDOLPH RD (WB/L),NA,Angle,Clear,Dry,Medium,Traffic Control Signal,NONE DETECTED,No,NA,NA,NA,NA,Passenger Car,NA,35,No,2017,FORD,FUSION,39.05752389,-77.08001243,2026,1,6
260002891,Injury Crash,01/19/2026 06:23:00 AM,RANDOLPH RD (WB/L),NA,Angle,Clear,Dry,Medium,Traffic Control Signal,NONE DETECTED,No,Possible Minor Injury,NA,Not Distracted,MD,Passenger Car,Turning Left,25,No,2023,TOYOTA,COROLLA,39.05752389,-77.08001243,2026,1,6
260002886,Property Damage Crash,01/19/2026 05:41:00 AM,NA,NA,Single Vehicle,Clear,Ice/Frost,Medium,No Controls,NONE DETECTED,No,NA,NA,Unknown,NA,Sport Utility Vehicle,Moving Constant Speed,40,No,2023,TOYOTA,4-RUNNER,39.101785,-77.04064083,2026,1,5
260002868,Injury Crash,01/19/2026 12:37:00 AM,SPARTAN RD,NA,Single Vehicle,Clear,Dry,Medium,No Controls,NONE DETECTED,No,Possible Minor Injury,"Failed to Keep in Proper Lane, Operated Motor Vehicle in Inattentive, Careless, Negligent, or Erratic Manner",Not Distracted,MD,Passenger Car,Moving Constant Speed,25,No,2018,TOYOTA,COROLLA,39.15723583,-77.0559414,2026,1,0
260002861,Property Damage Crash,01/18/2026 11:19:00 PM,MUNSEY ST,NA,"Sideswipe, Same Direction",Clear,Dry,Dark,No Controls,NONE DETECTED,Yes,No Apparent Injury,"Disregard Officer Directions, Other Improper Action, Ran Off Roadway, Too Fast For Conditions",Unknown,NA,Passenger Car,Moving Constant Speed,25,No,2019,NISSAN,ALTIMA,39.07202422,-77.07437315,2026,1,23
260003468,Property Damage Crash,01/18/2026 11:14:00 PM,HOLDRIDGE RD,NA,Single Vehicle,Clear,Dry,Medium,No Controls,NONE DETECTED,Yes,No Apparent Injury,NA,Not Distracted,MD,Sport Utility Vehicle,Negotiating a Curve,25,No,2025,DODGE,DURANGO,39.07248484,-77.06819837,2026,1,23
260002853,Property Damage Crash,01/18/2026 09:13:00 PM,FLOWER AVE,NA,Angle,Clear,Dry,Medium,No Controls,NONE DETECTED,No,No Apparent Injury,NA,Not Distracted,MD,Passenger Car,Moving Constant Speed,25,No,2025,TOYOTA,RAV4,38.98703224,-77.00004116,2026,1,21
260002853,Property Damage Crash,01/18/2026 09:13:00 PM,FLOWER AVE,NA,Angle,Clear,Dry,Medium,No Controls,NONE DETECTED,No,No Apparent Injury,NA,Not Distracted,MD,Passenger Car,Moving Constant Speed,25,No,2015,TOYOTA,COROLLA,38.98703224,-77.00004116,2026,1,21
260002846,Injury Crash,01/18/2026 07:45:00 PM,BAUER DR,NA,Angle,Clear,Dry,Medium,Stop Sign,NONE DETECTED,No,Possible Minor Injury,NA,Not Distracted,MD,Passenger Car,Accelerating,30,No,2025,TOYOTA,COROLLA,39.08894469,-77.0943385,2026,1,19
260002846,Injury Crash,01/18/2026 07:45:00 PM,BAUER DR,NA,Angle,Clear,Dry,Medium,Stop Sign,NONE DETECTED,Yes,No Apparent Injury,"Failed to Yield Right-of-Way, Ran Stop Sign",Unknown,MD,Passenger Car,Moving Constant Speed,30,No,2025,NISSAN,SENTRA,39.08894469,-77.0943385,2026,1,19
260002844,Injury Crash,01/18/2026 06:15:00 PM,OLD COLUMBIA PIKE,NA,Front to Front,Snow,Ice/Frost,Medium,No Controls,NONE DETECTED,No,No Apparent Injury,NA,Not Distracted,MD,Passenger Car,Moving Constant Speed,30,No,2003,TOYOTA,SEQUOIA,39.08004155,-76.95528627,2026,1,18
260002844,Injury Crash,01/18/2026 06:15:00 PM,OLD COLUMBIA PIKE,NA,Front to Front,Snow,Ice/Frost,Medium,No Controls,NONE DETECTED,No,No Apparent Injury,NA,Not Distracted,MD,Pickup,Moving Constant Speed,30,No,2020,GMC,CANYON,39.08004155,-76.95528627,2026,1,18
260002843,Property Damage Crash,01/18/2026 05:58:00 PM,VEIRS MILL RD (WB/L),NA,Front to Rear,Snow,Wet,Medium,Lane Use Control Signal,NONE DETECTED,No,No Apparent Injury,NA,Not Distracted,MD,Passenger Car,Moving Constant Speed,45,No,2012,KIA,OPTIMA,39.06924551,-77.1047846,2026,1,17
260002843,Property Damage Crash,01/18/2026 05:58:00 PM,VEIRS MILL RD (WB/L),NA,Front to Rear,Snow,Wet,Medium,Lane Use Control Signal,NONE DETECTED,Yes,No Apparent Injury,NA,Unknown,MD,Van - Passenger (&lt;9 Seats),Turning Right,45,No,2008,TOYOTA,SIENNA,39.06924551,-77.1047846,2026,1,17
260002832,Injury Crash,01/18/2026 04:50:00 PM,ROCKLEDGE DR (SB/L),NA,Angle,Snow,Wet,Daylight,Traffic Control Signal,NONE DETECTED,No,Possible Minor Injury,NA,Not Distracted,MD,Passenger Car,Moving Constant Speed,35,No,2020,TESLA,MODEL 3,39.027058,-77.13224533,2026,1,16
260002832,Injury Crash,01/18/2026 04:50:00 PM,ROCKLEDGE DR (SB/L),NA,Angle,Snow,Wet,Daylight,Traffic Control Signal,NONE DETECTED,Yes,No Apparent Injury,NA,Unknown,MD,Sport Utility Vehicle,Turning Left,35,No,2021,NISSAN,ARMADA,39.027058,-77.13224533,2026,1,16
260002833,Injury Crash,01/18/2026 04:45:00 PM,NA,Cyclist (Electric),Single Vehicle,Snow,NA,Daylight,NA,NONE DETECTED,No,No Apparent Injury,NA,Unknown,MD,Sport Utility Vehicle,Turning Right,0,No,2020,VOLKSWAGEN,TIGUAN,39.05837187,-77.12118333,2026,1,16
260002828,Injury Crash,01/18/2026 04:25:00 PM,ROCKVILLE PIKE,NA,Angle,Snow,Wet,Daylight,Traffic Control Signal,NONE DETECTED,No,No Apparent Injury,NA,Not Distracted,MD,Passenger Car,Turning Left,35,No,2011,HONDA,ACCORD CROSSTOUR,39.0695851,-77.13056406,2026,1,16