Local Case Number,ACRS Report Type,Crash Date/Time,Road Name,Related Non-Motorist,Collision Type,Weather,Surface Condition,Light,Traffic Control,Driver Substance Abuse,Driver At Fault,Injury Severity,Circumstance,Driver Distracted By,Drivers License State,Vehicle Body Type,Vehicle Movement,Speed Limit,Driverless Vehicle,Vehicle Year,Vehicle Make,Vehicle Model,Latitude,Longitude,Year,Month,Hour
260002828,Injury Crash,01/18/2026 04:25:00 PM,ROCKVILLE PIKE,NA,Angle,Snow,Wet,Daylight,Traffic Control Signal,NONE DETECTED,Yes,Possible Minor Injury,NA,Unknown,MD,Passenger Car,Accelerating,35,No,2012,HONDA,ACCORD,39.0695851,-77.13056406,2026,1,16
260002828,Injury Crash,01/18/2026 04:25:00 PM,ROCKVILLE PIKE,NA,Angle,Snow,Wet,Daylight,Traffic Control Signal,NONE DETECTED,No,Possible Minor Injury,NA,Not Distracted,MD,Passenger Car,Stopped in Traffic,10,No,2024,AUDI,Q5,39.0695851,-77.13056406,2026,1,16
260002823,Injury Crash,01/18/2026 03:09:00 PM,GOSHEN RD,NA,"Sideswipe, Opposite Direction",Clear,Dry,Daylight,No Controls,NONE DETECTED,Yes,No Apparent Injury,"Failed to Keep in Proper Lane, Ran Off Roadway, Wrong Side",Unknown,MD,Passenger Car,Moving Constant Speed,35,No,2020,ACURA,RDX,39.16460962,-77.19194901,2026,1,15
260002823,Injury Crash,01/18/2026 03:09:00 PM,GOSHEN RD,NA,"Sideswipe, Opposite Direction",Clear,Dry,Daylight,No Controls,NONE DETECTED,No,Possible Minor Injury,NA,Not Distracted,MD,Passenger Car,Moving Constant Speed,35,No,2018,CHEVROLET,EQUINOX,39.16460962,-77.19194901,2026,1,15
260002823,Injury Crash,01/18/2026 03:09:00 PM,GOSHEN RD,NA,"Sideswipe, Opposite Direction",Clear,Dry,Daylight,No Controls,NONE DETECTED,No,Possible Minor Injury,NA,Not Distracted,MD,Pickup,Moving Constant Speed,35,No,2014,FORD,F-150,39.16460962,-77.19194901,2026,1,15
260002819,Property Damage Crash,01/18/2026 01:20:00 PM,FREDERICK RD,NA,Single Vehicle,Cloudy,Wet,Daylight,Traffic Control Signal,NONE DETECTED,No,No Apparent Injury,"Operated Motor Vehicle in Inattentive, Careless, Negligent, or Erratic Manner, Operated Motor Vehicle in Reckless or Aggressive Manner, Too Fast For Conditions",Unknown,NA,Passenger Car,Turning Right,45,No,2010,HYUNDAI,ELANTRA,39.18124467,-77.23824267,2026,1,13
260002816,Property Damage Crash,01/18/2026 01:17:00 PM,NA,NA,Front to Rear,Cloudy,Dry,Daylight,No Controls,NONE DETECTED,Yes,No Apparent Injury,Followed Too Closely,Unknown,VA,Pickup,Moving Constant Speed,35,No,2012,FORD,F-150,39.00365006,-77.18447257,2026,1,13
260002816,Property Damage Crash,01/18/2026 01:17:00 PM,NA,NA,Front to Rear,Cloudy,Dry,Daylight,No Controls,NONE DETECTED,No,No Apparent Injury,NA,Not Distracted,MD,Passenger Car,Moving Constant Speed,35,No,2025,MERCEDES-BENZ,GLE-CLASS,39.00365006,-77.18447257,2026,1,13
260002815,Property Damage Crash,01/18/2026 01:00:00 PM,BOU AVE,NA,Single Vehicle,Cloudy,Dry,Daylight,No Controls,NONE DETECTED,Yes,No Apparent Injury,Ran Off Roadway,Unknown,MD,Pickup,Moving Constant Speed,30,No,2004,CHEVROLET,SILVERADO,39.05733103,-77.11504436,2026,1,13
260002808,Injury Crash,01/18/2026 11:30:00 AM,NEW HAMPSHIRE AVE (SB/L),NA,Front to Rear,Rain,Wet,Daylight,Traffic Control Signal,NONE DETECTED,No,Possible Minor Injury,NA,Not Distracted,PA,Passenger Car,Moving Constant Speed,40,No,2022,KIA,FORTE,39.01151251,-76.97908171,2026,1,11
260002808,Injury Crash,01/18/2026 11:30:00 AM,NEW HAMPSHIRE AVE (SB/L),NA,Front to Rear,Rain,Wet,Daylight,Traffic Control Signal,NONE DETECTED,No,No Apparent Injury,Followed Too Closely,Not Distracted,MD,Passenger Car,Slowing or Stopping,40,No,2022,CHEVROLET,TRAX,39.01151251,-76.97908171,2026,1,11
260002793,Injury Crash,01/18/2026 04:00:00 AM,16TH ST,NA,Single Vehicle,Rain,Wet,Medium,No Controls,NONE DETECTED,Yes,Possible Minor Injury,Too Fast For Conditions,Unknown,MD,Passenger Car,Negotiating a Curve,30,No,2026,HONDA,CIVIC,39.00599273,-77.03964285,2026,1,4
260002778,Property Damage Crash,01/18/2026 12:40:00 AM,NA,NA,Front to Rear,Clear,NA,Medium,NA,NONE DETECTED,No,No Apparent Injury,Other Improper Action,Not Distracted,MD,Sport Utility Vehicle,Accelerating,0,No,2025,DODGE,DURANGO,39.06598072,-77.16017776,2026,1,0
260002779,Property Damage Crash,01/18/2026 12:17:00 AM,NA,NA,Single Vehicle,Clear,Dry,Medium,No Controls,NONE DETECTED,No,No Apparent Injury,"Over-Correcting/Over-Steering, Too Fast For Conditions",Unknown,MD,Pickup,Moving Constant Speed,45,No,2008,FORD,F-250,39.14211218,-77.04722206,2026,1,0
260002765,Injury Crash,01/17/2026 10:30:00 PM,INTERCOUNTY CONNECTOR (WB/L),NA,Front to Rear,Clear,Dry,Medium,No Controls,NONE DETECTED,Yes,No Apparent Injury,Improper Passing,Not Distracted,MD,Passenger Car,Changing Lanes,45,No,2011,HONDA,CIVIC,39.1183385,-77.074625,2026,1,22
260002765,Injury Crash,01/17/2026 10:30:00 PM,INTERCOUNTY CONNECTOR (WB/L),NA,Front to Rear,Clear,Dry,Medium,No Controls,NONE DETECTED,No,Possible Minor Injury,NA,Not Distracted,MD,Passenger Car,Moving Constant Speed,45,No,2026,LEXUS,NX,39.1183385,-77.074625,2026,1,22
260002761,Injury Crash,01/17/2026 09:45:00 PM,GREAT FALLS RD,NA,Angle,Clear,Dry,Medium,Traffic Control Signal,NONE DETECTED,No,No Apparent Injury,NA,Not Distracted,DC,Bus - Transit,Moving Constant Speed,30,No,2025,GILLIG,LOW FLOOR BUS,39.07614796,-77.16251501,2026,1,21
260002761,Injury Crash,01/17/2026 09:45:00 PM,GREAT FALLS RD,NA,Angle,Clear,Dry,Medium,Traffic Control Signal,NONE DETECTED,Yes,Possible Minor Injury,Failed to Yield Right-of-Way,Not Distracted,MD,Sport Utility Vehicle,Turning Left,30,No,2019,SUBARU,OUTBACK,39.07614796,-77.16251501,2026,1,21
260002756,Injury Crash,01/17/2026 09:20:00 PM,NA,NA,Angle,Clear,NA,Medium,NA,NONE DETECTED,No,Possible Minor Injury,NA,Not Distracted,MD,Passenger Car,Parked,0,No,2015,LINCOLN,MKC,39.14202499,-77.19190169,2026,1,21
260002756,Injury Crash,01/17/2026 09:20:00 PM,NA,NA,Angle,Clear,NA,Medium,NA,NONE DETECTED,No,No Apparent Injury,NA,Not Distracted,MD,Sport Utility Vehicle,Moving Constant Speed,0,No,2022,TOYOTA,RAV4,39.14202499,-77.19190169,2026,1,21
260002753,Property Damage Crash,01/17/2026 09:06:00 PM,COLUMBIA PIKE (SB/L),NA,Front to Rear,Clear,Dry,Medium,Traffic Control Signal,NONE DETECTED,Yes,No Apparent Injury,NA,Unknown,VA,Passenger Car,Moving Constant Speed,45,No,2018,BUICK,ENCLAVE,39.03995661,-76.99724315,2026,1,21
260002753,Property Damage Crash,01/17/2026 09:06:00 PM,COLUMBIA PIKE (SB/L),NA,Front to Rear,Clear,Dry,Medium,Traffic Control Signal,NONE DETECTED,No,No Apparent Injury,NA,Not Distracted,MD,Passenger Car,Stopped in Traffic,45,No,2022,SUBARU,FORESTER,39.03995661,-76.99724315,2026,1,21
260002754,Property Damage Crash,01/17/2026 09:05:00 PM,GILBERT ST,NA,"Sideswipe, Same Direction",Clear,Dry,Dark,No Controls,NONE DETECTED,Yes,No Apparent Injury,Improper Turn,Not Distracted,MD,Other Trucks,Turning Right,25,No,2016,SPARTAN MOTORS CHASS,GLADIATOR,38.99783957,-76.99579042,2026,1,21
260002760,Property Damage Crash,01/17/2026 08:10:00 PM,NA,NA,"Sideswipe, Opposite Direction",Cloudy,NA,Medium,NA,NONE DETECTED,No,No Apparent Injury,NA,Not Distracted,MD,Passenger Car,Moving Constant Speed,0,No,2018,TOYOTA,COROLLA,39.203004,-77.247614,2026,1,20
260002760,Property Damage Crash,01/17/2026 08:10:00 PM,NA,NA,"Sideswipe, Opposite Direction",Cloudy,NA,Medium,NA,NONE DETECTED,Yes,No Apparent Injury,"Failed to Keep in Proper Lane, Other Improper Action",Not Distracted,MD,Passenger Car,Moving Constant Speed,0,No,2014,NISSAN,ALTIMA,39.203004,-77.247614,2026,1,20
260002723,Property Damage Crash,01/17/2026 05:30:00 PM,16TH ST,NA,"Sideswipe, Same Direction",Clear,Dry,Medium,No Controls,NONE DETECTED,No,No Apparent Injury,NA,Not Distracted,MD,Passenger Car,Negotiating a Curve,35,No,2009,AUDI,A4,39.0058697,-77.0398508,2026,1,17
260002723,Property Damage Crash,01/17/2026 05:30:00 PM,16TH ST,NA,"Sideswipe, Same Direction",Clear,Dry,Medium,No Controls,NONE DETECTED,No,No Apparent Injury,NA,Not Distracted,MD,Pickup,Negotiating a Curve,35,No,2020,FORD,F-350,39.0058697,-77.0398508,2026,1,17
260002718,Injury Crash,01/17/2026 05:04:00 PM,NEW HAMPSHIRE AVE,NA,Front to Rear,Clear,Dry,Medium,No Controls,NONE DETECTED,No,No Apparent Injury,NA,Unknown,MD,Sport Utility Vehicle,Slowing or Stopping,40,No,2005,INFINITI,QX56,39.01585517,-76.9776255,2026,1,17
260002718,Injury Crash,01/17/2026 05:04:00 PM,NEW HAMPSHIRE AVE,NA,Front to Rear,Clear,Dry,Medium,No Controls,NONE DETECTED,No,No Apparent Injury,NA,Not Distracted,MD,Van - Passenger (&lt;9 Seats),Stopped in Traffic,40,No,2005,TOYOTA,SIENNA,39.01585517,-76.9776255,2026,1,17
260002713,Property Damage Crash,01/17/2026 05:00:00 PM,FENTON ST,NA,Angle,Clear,Dry,Medium,No Controls,NONE DETECTED,No,No Apparent Injury,NA,Not Distracted,MD,Passenger Car,Moving Constant Speed,25,No,2007,FORD,FUSION,38.99483683,-77.02429133,2026,1,17
260002713,Property Damage Crash,01/17/2026 05:00:00 PM,FENTON ST,NA,Angle,Clear,Dry,Medium,No Controls,NONE DETECTED,No,NA,NA,NA,NA,Passenger Car,Entering Traffic Lane,25,No,2023,NISSAN,LEAF,38.99483683,-77.02429133,2026,1,17
260002727,Property Damage Crash,01/17/2026 04:00:00 PM,NA,NA,Single Vehicle,Cloudy,Dry,Daylight,Traffic Control Signal,NONE DETECTED,Yes,No Apparent Injury,NA,Unknown,MD,Passenger Car,Turning Left,30,No,2014,TOYOTA,COROLLA,39.04888792,-77.12112773,2026,1,16
260002706,Property Damage Crash,01/17/2026 03:00:00 PM,NA,NA,"Sideswipe, Same Direction",Clear,NA,Daylight,NA,NONE DETECTED,No,No Apparent Injury,"Other Improper Action, Over-Correcting/Over-Steering",Unknown,NA,Passenger Car,Turning Right,0,No,2022,TOYOTA,HIGHLANDER,39.04075926,-77.05195341,2026,1,15
260002690,Property Damage Crash,01/17/2026 02:33:00 PM,SHADY GROVE RD,NA,Front to Rear,Clear,Dry,Daylight,Traffic Control Signal,NONE DETECTED,Yes,No Apparent Injury,NA,Unknown,MD,Passenger Car,Slowing or Stopping,40,No,1997,HONDA,ACCORD,39.13360174,-77.15821476,2026,1,14
260002690,Property Damage Crash,01/17/2026 02:33:00 PM,SHADY GROVE RD,NA,Front to Rear,Clear,Dry,Daylight,Traffic Control Signal,NONE DETECTED,No,No Apparent Injury,NA,Unknown,MD,Passenger Car,Stopped in Traffic,40,No,2014,BMW,X3,39.13360174,-77.15821476,2026,1,14
260002684,Property Damage Crash,01/17/2026 02:05:00 PM,TWINBROOK PKWY (NB/L),NA,Angle,Cloudy,Dry,Daylight,Traffic Control Signal,NONE DETECTED,Yes,No Apparent Injury,NA,Not Distracted,MD,Passenger Car,Turning Left,35,No,2010,MERCEDES-BENZ,CLS-CLASS,39.05884813,-77.12118912,2026,1,14
260002684,Property Damage Crash,01/17/2026 02:05:00 PM,TWINBROOK PKWY (NB/L),NA,Angle,Cloudy,Dry,Daylight,Traffic Control Signal,NONE DETECTED,No,No Apparent Injury,NA,Not Distracted,MD,Passenger Car,Stopped in Traffic,25,No,2022,SUBARU,CROSSTREK,39.05884813,-77.12118912,2026,1,14
260002684,Property Damage Crash,01/17/2026 02:05:00 PM,TWINBROOK PKWY (NB/L),NA,Angle,Cloudy,Dry,Daylight,Traffic Control Signal,NONE DETECTED,No,No Apparent Injury,NA,Not Distracted,MD,Passenger Car,Moving Constant Speed,35,No,2018,TOYOTA,COROLLA,39.05884813,-77.12118912,2026,1,14
260002678,Injury Crash,01/17/2026 01:54:00 PM,GEORGIA AVE,NA,Angle,Cloudy,Wet,Daylight,No Controls,NONE DETECTED,No,No Apparent Injury,NA,Not Distracted,MD,Passenger Car,Moving Constant Speed,35,No,2025,CHEVROLET,MALIBU,39.07974691,-77.07367984,2026,1,13
260002678,Injury Crash,01/17/2026 01:54:00 PM,GEORGIA AVE,NA,Angle,Cloudy,Wet,Daylight,Yield Sign,NONE DETECTED,Yes,No Apparent Injury,Failed to Yield Right-of-Way,Not Distracted,MD,Passenger Car,Turning Left,35,No,2013,HONDA,ACCORD,39.07974691,-77.07367984,2026,1,13
260002676,Property Damage Crash,01/17/2026 01:50:00 PM,EISNER ST,NA,Angle,Clear,Dry,Daylight,No Controls,NONE DETECTED,Yes,No Apparent Injury,NA,Not Distracted,MD,Sport Utility Vehicle,Turning Left,35,No,2011,TOYOTA,RAV4,39.02980306,-77.02102864,2026,1,13
260002676,Property Damage Crash,01/17/2026 01:50:00 PM,EISNER ST,NA,Angle,Clear,Dry,Daylight,No Controls,NONE DETECTED,No,No Apparent Injury,NA,Not Distracted,MD,Passenger Car,Moving Constant Speed,35,No,2016,HONDA,CIVIC,39.02980306,-77.02102864,2026,1,13
260002683,Injury Crash,01/17/2026 01:45:00 PM,FLOWER AVE,NA,Single Vehicle,Clear,Dry,Daylight,No Controls,ALCOHOL PRESENT,Yes,Possible Minor Injury,NA,Unknown,MD,Passenger Car,Moving Constant Speed,25,No,2021,HONDA,HR-V,38.98667717,-76.99990683,2026,1,13
260002679,Property Damage Crash,01/17/2026 01:29:00 PM,RIDGE RD (SB/L),NA,Front to Rear,Clear,Wet,Daylight,Traffic Control Signal,NONE DETECTED,No,No Apparent Injury,NA,Not Distracted,MD,Sport Utility Vehicle,Stopped in Traffic,40,No,2023,TESLA,MODEL Y,39.26125515,-77.22232137,2026,1,13
260002679,Property Damage Crash,01/17/2026 01:29:00 PM,RIDGE RD (SB/L),NA,Front to Rear,Clear,Wet,Daylight,Traffic Control Signal,NONE DETECTED,No,No Apparent Injury,NA,Not Distracted,MD,Sport Utility Vehicle,Stopped in Traffic,40,No,2002,GMC,YUKON,39.26125515,-77.22232137,2026,1,13
260002679,Property Damage Crash,01/17/2026 01:29:00 PM,RIDGE RD (SB/L),NA,Front to Rear,Clear,Wet,Daylight,Traffic Control Signal,NONE DETECTED,No,No Apparent Injury,NA,Not Distracted,MD,Passenger Car,Stopped in Traffic,40,No,2005,LEXUS,ES,39.26125515,-77.22232137,2026,1,13
260002679,Property Damage Crash,01/17/2026 01:29:00 PM,RIDGE RD (SB/L),NA,Front to Rear,Clear,Wet,Daylight,Traffic Control Signal,NONE DETECTED,No,No Apparent Injury,NA,Not Distracted,MD,Passenger Car,Stopped in Traffic,40,No,2015,VOLKSWAGEN,JETTA,39.26125515,-77.22232137,2026,1,13
260002679,Property Damage Crash,01/17/2026 01:29:00 PM,RIDGE RD (SB/L),NA,Front to Rear,Clear,Wet,Daylight,Traffic Control Signal,NONE DETECTED,Yes,No Apparent Injury,Followed Too Closely,Unknown,MD,Sport Utility Vehicle,Moving Constant Speed,40,No,2015,MERCEDES-BENZ,GL-CLASS,39.26125515,-77.22232137,2026,1,13
260002665,Injury Crash,01/17/2026 11:15:00 AM,WATKINS RD,NA,Angle,Rain,Snow,Daylight,No Controls,NONE DETECTED,Yes,No Apparent Injury,Failed to Yield Right-of-Way,Not Distracted,MD,Sport Utility Vehicle,Backing,35,No,2010,INFINITI,QX56,39.23421333,-77.19675333,2026,1,11
260002665,Injury Crash,01/17/2026 11:15:00 AM,WATKINS RD,NA,Angle,Rain,Snow,Daylight,No Controls,NONE DETECTED,No,Possible Minor Injury,NA,Not Distracted,MD,Passenger Car,Slowing or Stopping,35,No,2016,FORD,TAURUS,39.23421333,-77.19675333,2026,1,11
260002662,Injury Crash,01/17/2026 11:12:00 AM,GEORGIA AVE,NA,Angle,Snow,Wet,Daylight,Stop Sign,NONE DETECTED,Yes,No Apparent Injury,Failed to Yield Right-of-Way,Unknown,MD,Station Wagon,Turning Left,25,No,2016,SUBARU,CROSSTREK,39.16494767,-77.06064417,2026,1,11
260002662,Injury Crash,01/17/2026 11:12:00 AM,GEORGIA AVE,NA,Angle,Snow,Wet,Daylight,No Controls,NONE DETECTED,No,Possible Minor Injury,NA,Not Distracted,MD,Passenger Car,Moving Constant Speed,40,No,2009,NISSAN,ALTIMA,39.16494767,-77.06064417,2026,1,11
260002659,Injury Crash,01/17/2026 10:50:00 AM,NA,NA,Angle,Rain,Wet,Daylight,Stop Sign,NONE DETECTED,Yes,Possible Minor Injury,NA,Not Distracted,MD,Sport Utility Vehicle,Accelerating,35,No,2024,SUBARU,FORESTER,39.07542048,-77.11728108,2026,1,10
260002659,Injury Crash,01/17/2026 10:50:00 AM,NA,NA,Angle,Rain,Wet,Daylight,No Controls,NONE DETECTED,No,Possible Minor Injury,NA,Not Distracted,MD,Passenger Car,Moving Constant Speed,35,No,2018,HONDA,CIVIC,39.07542048,-77.11728108,2026,1,10
260002653,Injury Crash,01/17/2026 09:12:00 AM,SENECA MEADOWS PKWY,NA,Single Vehicle,Snow,Snow,Daylight,No Controls,NONE DETECTED,No,No Apparent Injury,"Over-Correcting/Over-Steering, Ran Off Roadway, Swerved or Avoided Due to Wind, Slippery Surface, Motor Vehicle, Object, Non-Motorist in Roadway, etc, Too Fast For Conditions",Not Distracted,CA,Passenger Car,Slowing or Stopping,30,No,2004,TOYOTA,PRIUS,39.19604108,-77.25904679,2026,1,9
260002648,Property Damage Crash,01/17/2026 07:40:00 AM,EISENHOWER MEMORIAL HWY (SB/L),NA,Single Vehicle,Snow,Snow,Medium,No Controls,NONE DETECTED,Yes,No Apparent Injury,Too Fast For Conditions,Not Distracted,MD,Sport Utility Vehicle,Moving Constant Speed,65,No,2021,FORD,EXPLORER,39.26614643,-77.31322218,2026,1,7
260002641,Injury Crash,01/17/2026 02:45:00 AM,NA,NA,Rear To Rear,Clear,NA,Medium,NA,NONE DETECTED,No,Possible Minor Injury,NA,Not Distracted,MD,Sport Utility Vehicle,Backing,0,No,2025,FORD,EXPLORER,39.10475867,-76.93011683,2026,1,2
260002627,Property Damage Crash,01/16/2026 11:25:00 PM,SHADY GROVE RD,NA,Other,Clear,Dry,Medium,Traffic Control Signal,NONE DETECTED,No,No Apparent Injury,NA,Not Distracted,MD,Passenger Car,Moving Constant Speed,35,No,2019,TOYOTA,CAMRY,39.131384,-77.1604975,2026,1,23
260002627,Property Damage Crash,01/16/2026 11:25:00 PM,SHADY GROVE RD,NA,Other,Clear,Dry,Medium,Traffic Control Signal,NONE DETECTED,No,No Apparent Injury,NA,Not Distracted,MD,Passenger Car,Moving Constant Speed,35,No,2016,HONDA,PILOT,39.131384,-77.1604975,2026,1,23
260002623,Injury Crash,01/16/2026 10:03:00 PM,W DIAMOND AVE (WB/L),NA,Front to Rear,Clear,Dry,Dark,Traffic Control Signal,NONE DETECTED,No,NA,NA,Unknown,NA,Passenger Car,NA,25,No,2004,ACURA,TL,39.1402229,-77.20492883,2026,1,22
260002623,Injury Crash,01/16/2026 10:03:00 PM,W DIAMOND AVE (WB/L),NA,Front to Rear,Clear,Dry,Dark,Traffic Control Signal,NONE DETECTED,No,Possible Minor Injury,NA,Not Distracted,MD,Passenger Car,Slowing or Stopping,25,No,2017,TOYOTA,COROLLA,39.1402229,-77.20492883,2026,1,22
260002618,Injury Crash,01/16/2026 09:08:00 PM,CHERRY HILL RD,NA,Front to Rear,Clear,Dry,Medium,Traffic Control Signal,NONE DETECTED,No,Possible Minor Injury,NA,Not Distracted,NY,Passenger Car,Stopped in Traffic,40,No,2015,HONDA,ACCORD,39.05601197,-76.95423599,2026,1,21
260002618,Injury Crash,01/16/2026 09:08:00 PM,CHERRY HILL RD,NA,Front to Rear,Clear,Dry,Medium,Traffic Control Signal,ALCOHOL PRESENT,Yes,No Apparent Injury,NA,Unknown,MD,Pickup,Accelerating,40,No,2023,HONDA,RIDGELINE,39.05601197,-76.95423599,2026,1,21
260002618,Injury Crash,01/16/2026 09:08:00 PM,CHERRY HILL RD,NA,Front to Rear,Clear,Dry,Medium,Traffic Control Signal,NONE DETECTED,No,Possible Minor Injury,NA,Not Distracted,MD,Passenger Car,Stopped in Traffic,40,No,2021,TOYOTA,HIGHLANDER,39.05601197,-76.95423599,2026,1,21
260002615,Property Damage Crash,01/16/2026 08:49:00 PM,NA,NA,"Sideswipe, Opposite Direction",Clear,NA,Medium,NA,NONE DETECTED,No,No Apparent Injury,NA,Not Distracted,NY,Passenger Car,Negotiating a Curve,0,No,2022,TOYOTA,CAMRY,38.997972,-77.02464804,2026,1,20
260002615,Property Damage Crash,01/16/2026 08:49:00 PM,NA,NA,"Sideswipe, Opposite Direction",Clear,NA,Medium,NA,NONE DETECTED,Yes,No Apparent Injury,NA,Unknown,MD,Passenger Car,Negotiating a Curve,0,No,2022,TOYOTA,COROLLA,38.997972,-77.02464804,2026,1,20
260002617,Property Damage Crash,01/16/2026 08:32:00 PM,VEIRS MILL RD (WB/L),NA,Angle,Clear,Dry,Medium,Traffic Control Signal,NONE DETECTED,Yes,No Apparent Injury,NA,Not Distracted,MD,Passenger Car,Moving Constant Speed,35,No,2020,HONDA,CIVIC,39.07503609,-77.11563752,2026,1,20
260002617,Property Damage Crash,01/16/2026 08:32:00 PM,VEIRS MILL RD (WB/L),NA,Angle,Clear,Dry,Medium,Traffic Control Signal,NONE DETECTED,No,No Apparent Injury,NA,Not Distracted,MD,Passenger Car,Moving Constant Speed,35,No,2018,HONDA,ACCORD,39.07503609,-77.11563752,2026,1,20
260002609,Property Damage Crash,01/16/2026 07:33:00 PM,MONTROSE RD (WB/L),NA,Front to Rear,Clear,Dry,Medium,No Controls,NONE DETECTED,Yes,No Apparent Injury,NA,Unknown,MD,Station Wagon,Slowing or Stopping,40,No,2026,NISSAN,ROGUE,39.05537983,-77.14758483,2026,1,19
260002609,Property Damage Crash,01/16/2026 07:33:00 PM,MONTROSE RD (WB/L),NA,Front to Rear,Clear,Dry,Medium,No Controls,NONE DETECTED,No,No Apparent Injury,NA,Not Distracted,MD,Passenger Car,Stopped in Traffic,40,No,2020,HONDA,CIVIC,39.05537983,-77.14758483,2026,1,19
260002609,Property Damage Crash,01/16/2026 07:33:00 PM,MONTROSE RD (WB/L),NA,Front to Rear,Clear,Dry,Medium,No Controls,NONE DETECTED,No,No Apparent Injury,NA,Not Distracted,NJ,Station Wagon,Stopped in Traffic,40,No,2025,HONDA,HR-V,39.05537983,-77.14758483,2026,1,19
260002621,Property Damage Crash,01/16/2026 06:23:00 PM,ROCKVILLE PIKE (SB/L),NA,"Sideswipe, Same Direction",Clear,Dry,Medium,No Controls,NONE DETECTED,No,No Apparent Injury,Other Improper Action,Unknown,NA,Sport Utility Vehicle,Changing Lanes,40,No,2003,JEEP,LIBERTY,39.0488393,-77.11402538,2026,1,18
260002621,Property Damage Crash,01/16/2026 06:23:00 PM,ROCKVILLE PIKE (SB/L),NA,"Sideswipe, Same Direction",Clear,Dry,Medium,No Controls,NONE DETECTED,No,No Apparent Injury,NA,Unknown,MD,Passenger Car,Moving Constant Speed,40,No,2023,HYUNDAI,SONATA,39.0488393,-77.11402538,2026,1,18
260002591,Property Damage Crash,01/16/2026 06:09:00 PM,NA,NA,Angle,Clear,Dry,Medium,Traffic Control Signal,NONE DETECTED,Yes,No Apparent Injury,Failed to Yield Right-of-Way,Not Distracted,MD,Sport Utility Vehicle,Turning Left,40,No,2016,BMW,X3,39.16999314,-77.1766938,2026,1,18
260002591,Property Damage Crash,01/16/2026 06:09:00 PM,NA,NA,Angle,Clear,Dry,Medium,Traffic Control Signal,NONE DETECTED,No,No Apparent Injury,NA,Not Distracted,MD,Sport Utility Vehicle,Moving Constant Speed,40,No,2024,HYUNDAI,TUCSON,39.16999314,-77.1766938,2026,1,18
260002593,Injury Crash,01/16/2026 06:02:00 PM,NA,NA,Front to Front,Clear,Dry,Medium,Traffic Control Signal,NONE DETECTED,Yes,Possible Minor Injury,Failed to Yield Right-of-Way,Unknown,MD,Passenger Car,Turning Left,35,No,2021,NISSAN,SENTRA,39.24024633,-77.28103133,2026,1,18
260002593,Injury Crash,01/16/2026 06:02:00 PM,NA,NA,Front to Front,Clear,Dry,Medium,Traffic Control Signal,NONE DETECTED,No,Possible Minor Injury,NA,Not Distracted,MD,Sport Utility Vehicle,Moving Constant Speed,35,No,2025,KIA,SORENTO,39.24024633,-77.28103133,2026,1,18
260002594,Property Damage Crash,01/16/2026 05:52:00 PM,UNIVERSITY BLVD W (WB/L),NA,Angle,Clear,Dry,Medium,No Controls,NONE DETECTED,No,No Apparent Injury,NA,Not Distracted,VA,Passenger Car,Moving Constant Speed,30,No,2019,JEEP,GRAND CHEROKEE,39.02187257,-77.01501928,2026,1,17
260002594,Property Damage Crash,01/16/2026 05:52:00 PM,UNIVERSITY BLVD W (WB/L),NA,Angle,Clear,Dry,Medium,Stop Sign,NONE DETECTED,Yes,No Apparent Injury,NA,Not Distracted,MD,Passenger Car,Turning Left,30,No,2011,BMW,328I,39.02187257,-77.01501928,2026,1,17
260002583,Injury Crash,01/16/2026 05:34:00 PM,NA,NA,Single Vehicle,Clear,NA,Medium,NA,NONE DETECTED,Yes,Possible Minor Injury,Over-Correcting/Over-Steering,Not Distracted,MD,Passenger Car,Accelerating,0,No,2025,TOYOTA,COROLLA,39.05689896,-76.99667147,2026,1,17