Local Case Number,ACRS Report Type,Crash Date/Time,Road Name,Related Non-Motorist,Collision Type,Weather,Surface Condition,Light,Traffic Control,Driver Substance Abuse,Driver At Fault,Injury Severity,Circumstance,Driver Distracted By,Drivers License State,Vehicle Body Type,Vehicle Movement,Speed Limit,Driverless Vehicle,Vehicle Year,Vehicle Make,Vehicle Model,Latitude,Longitude,Year,Month,Hour
260002310,Property Damage Crash,01/15/2026 02:02:00 AM,NA,NA,Front to Rear,Rain,NA,Medium,NA,ALCOHOL PRESENT,Yes,No Apparent Injury,"Operated Motor Vehicle in Inattentive, Careless, Negligent, or Erratic Manner, Operated Motor Vehicle in Reckless or Aggressive Manner",Not Distracted,MD,Sport Utility Vehicle,Making U-Turn,0,No,2018,SUBARU,OUTBACK,39.14884036,-77.20676415,2026,1,2
260002300,Property Damage Crash,01/14/2026 10:35:00 PM,UNIVERSITY BLVD E,NA,Single Vehicle,Clear,Dry,Medium,No Controls,ALCOHOL PRESENT,Yes,No Apparent Injury,Ran Off Roadway,Unknown,VA,Passenger Car,Moving Constant Speed,35,No,2020,JEEP,GRAND CHEROKEE,39.01115832,-77.00194184,2026,1,22
260002299,Property Damage Crash,01/14/2026 09:42:00 PM,EDUCATION BLVD,NA,Front to Rear,Clear,Dry,Medium,Traffic Control Signal,NONE DETECTED,No,No Apparent Injury,"Followed Too Closely, Operated Motor Vehicle in Inattentive, Careless, Negligent, or Erratic Manner, Operated Motor Vehicle in Reckless or Aggressive Manner",Unknown,MD,Sport Utility Vehicle,Moving Constant Speed,35,No,2019,JEEP,CHEROKEE,39.13588696,-77.19241703,2026,1,21
260002299,Property Damage Crash,01/14/2026 09:42:00 PM,EDUCATION BLVD,NA,Front to Rear,Clear,Dry,Medium,Traffic Control Signal,NONE DETECTED,No,No Apparent Injury,NA,Not Distracted,MD,Sport Utility Vehicle,Stopped in Traffic,35,No,2017,TOYOTA,RAV4,39.13588696,-77.19241703,2026,1,21
260002302,Property Damage Crash,01/14/2026 09:40:00 PM,NA,NA,Front to Rear,Clear,NA,Medium,NA,NONE DETECTED,No,NA,NA,NA,NA,Passenger Car,Parked,0,No,2018,LEXUS,LS,39.04079979,-76.9858175,2026,1,21
260002302,Property Damage Crash,01/14/2026 09:40:00 PM,NA,NA,Front to Rear,Clear,NA,Medium,NA,NONE DETECTED,No,NA,NA,NA,NA,Sport Utility Vehicle,Backing,0,No,2002,TOYOTA,SEQUOIA,39.04079979,-76.9858175,2026,1,21
260002288,Property Damage Crash,01/14/2026 06:40:00 PM,GREAT SENECA HWY,NA,Front to Rear,Clear,Dry,Dark,No Controls,NONE DETECTED,No,No Apparent Injury,NA,Not Distracted,MD,Passenger Car,Slowing or Stopping,50,No,2018,CHEVROLET,SPARK,39.11662147,-77.22322525,2026,1,18
260002288,Property Damage Crash,01/14/2026 06:40:00 PM,GREAT SENECA HWY,NA,Front to Rear,Clear,Dry,Dark,No Controls,NONE DETECTED,Yes,No Apparent Injury,Followed Too Closely,Unknown,MD,Van - Passenger (&lt;9 Seats),Moving Constant Speed,50,No,2016,HONDA,ODYSSEY,39.11662147,-77.22322525,2026,1,18
260002281,Injury Crash,01/14/2026 06:10:00 PM,CONNECTICUT AVE,NA,Front to Rear,Clear,Dry,Medium,Traffic Control Signal,NONE DETECTED,Yes,Possible Minor Injury,Other Improper Action,Not Distracted,DC,Passenger Car,Slowing or Stopping,35,No,2026,TOYOTA,CAMRY,39.08346042,-77.0784448,2026,1,18
260002281,Injury Crash,01/14/2026 06:10:00 PM,CONNECTICUT AVE,NA,Front to Rear,Clear,Dry,Medium,Traffic Control Signal,NONE DETECTED,Yes,No Apparent Injury,Other Improper Action,Not Distracted,MD,Passenger Car,Moving Constant Speed,35,No,2014,HYUNDAI,ELANTRA,39.08346042,-77.0784448,2026,1,18
260002279,Property Damage Crash,01/14/2026 05:44:00 PM,TRAVILAH RD,NA,Single Vehicle,Clear,Dry,Medium,No Controls,NONE DETECTED,No,No Apparent Injury,NA,Not Distracted,MD,Van - Passenger (&lt;9 Seats),Moving Constant Speed,40,No,2017,FORD,TRANSIT,39.08455549,-77.2269464,2026,1,17
260002280,Property Damage Crash,01/14/2026 05:35:00 PM,BRINK RD,NA,Other,Clear,Dry,Medium,Traffic Control Signal,NONE DETECTED,Yes,No Apparent Injury,Failed to Keep in Proper Lane,Not Distracted,MD,Sport Utility Vehicle,Turning Left,35,No,2024,TOYOTA,RAV4,39.20838788,-77.16936198,2026,1,17
260002280,Property Damage Crash,01/14/2026 05:35:00 PM,BRINK RD,NA,Other,Clear,Dry,Medium,Traffic Control Signal,NONE DETECTED,No,No Apparent Injury,NA,Not Distracted,MD,Passenger Car,Moving Constant Speed,35,No,2021,HONDA,CIVIC,39.20838788,-77.16936198,2026,1,17
260002254,Property Damage Crash,01/14/2026 04:15:00 PM,NA,NA,Front to Rear,Cloudy,Dry,Daylight,Stop Sign,NONE DETECTED,Yes,No Apparent Injury,NA,"Other Action (looking away from task, etc.)",MD,Sport Utility Vehicle,Turning Right,30,No,2018,CHEVROLET,TRAVERSE,39.28797417,-77.20259407,2026,1,16
260002254,Property Damage Crash,01/14/2026 04:15:00 PM,NA,NA,Front to Rear,Cloudy,Dry,Daylight,No Controls,NONE DETECTED,No,No Apparent Injury,NA,Not Distracted,MD,Bus - Transit,Stopped in Traffic,30,No,2018,GILLIG,CITY SUBURBAN BUS,39.28797417,-77.20259407,2026,1,16
260002216,Property Damage Crash,01/14/2026 12:48:00 PM,WHITTIER BLVD,NA,Front to Rear,Cloudy,Dry,Daylight,No Controls,NONE DETECTED,Yes,No Apparent Injury,"Followed Too Closely, Other Improper Action",Unknown,VA,Passenger Car,Slowing or Stopping,25,No,2003,SUZUKI,AERIO,38.981594,-77.12562233,2026,1,12
260002216,Property Damage Crash,01/14/2026 12:48:00 PM,WHITTIER BLVD,NA,Front to Rear,Cloudy,Dry,Daylight,No Controls,NONE DETECTED,No,No Apparent Injury,NA,Not Distracted,MD,Sport Utility Vehicle,Stopped in Traffic,25,No,2025,HONDA,HR-V,38.981594,-77.12562233,2026,1,12
260002021,Injury Crash,01/14/2026 12:41:00 PM,NA,NA,Angle,Clear,NA,Daylight,NA,NONE DETECTED,Yes,Possible Minor Injury,Other Improper Action,Not Distracted,MD,Passenger Car,Moving Constant Speed,0,No,2025,TOYOTA,COROLLA,39.05692499,-76.95717856,2026,1,12
260002021,Injury Crash,01/14/2026 12:41:00 PM,NA,NA,Angle,Clear,NA,Daylight,NA,NONE DETECTED,No,No Apparent Injury,NA,Not Distracted,MD,Passenger Car,Moving Constant Speed,0,No,2015,TOYOTA,CAMRY,39.05692499,-76.95717856,2026,1,12
260002214,Property Damage Crash,01/14/2026 12:30:00 PM,NA,NA,Front to Rear,Clear,NA,Daylight,NA,NONE DETECTED,No,NA,NA,NA,NA,Passenger Car,NA,0,No,2024,RAM,4500,38.96356783,-77.1024,2026,1,12
260002214,Property Damage Crash,01/14/2026 12:30:00 PM,NA,NA,Front to Rear,Clear,NA,Daylight,NA,NONE DETECTED,No,No Apparent Injury,NA,Not Distracted,MD,Passenger Car,Parked,0,No,2022,FORD,ESCAPE,38.96356783,-77.1024,2026,1,12
260002220,Fatal Crash,01/14/2026 11:19:00 AM,LOCKWOOD DR,NA,Angle,Cloudy,Dry,Daylight,No Controls,NONE DETECTED,Yes,No Apparent Injury,"Operated Motor Vehicle in Reckless or Aggressive Manner, Ran Off Roadway",Unknown,MD,Passenger Car,Accelerating,30,No,2017,LEXUS,GS,39.03651267,-76.99593924,2026,1,11
260002220,Fatal Crash,01/14/2026 11:19:00 AM,LOCKWOOD DR,NA,Angle,Cloudy,Dry,Daylight,Stop Sign,NONE DETECTED,No,No Apparent Injury,NA,Unknown,MD,Passenger Car,Turning Left,25,No,2025,TOYOTA,COROLLA,39.03651267,-76.99593924,2026,1,11
260002191,Property Damage Crash,01/14/2026 10:30:00 AM,FREDERICK RD,NA,"Sideswipe, Same Direction",Cloudy,Dry,Daylight,No Controls,NONE DETECTED,Yes,No Apparent Injury,Other Improper Action,Unknown,MD,Passenger Car,Changing Lanes,35,No,2019,TOYOTA,COROLLA,39.12400233,-77.17969183,2026,1,10
260002191,Property Damage Crash,01/14/2026 10:30:00 AM,FREDERICK RD,NA,"Sideswipe, Same Direction",Cloudy,Dry,Daylight,No Controls,NONE DETECTED,No,No Apparent Injury,NA,Not Distracted,MD,Passenger Car,Moving Constant Speed,35,No,2017,BMW,330I,39.12400233,-77.17969183,2026,1,10
260002180,Property Damage Crash,01/14/2026 09:15:00 AM,METRO PARKING LOT LOT,NA,"Sideswipe, Same Direction",Clear,Dry,Daylight,Stop Sign,NONE DETECTED,Yes,No Apparent Injury,Improper Passing,Unknown,MD,Passenger Car,Moving Constant Speed,25,No,2016,TOYOTA,RAV4,39.08364258,-77.14641765,2026,1,9
260002180,Property Damage Crash,01/14/2026 09:15:00 AM,METRO PARKING LOT LOT,NA,"Sideswipe, Same Direction",Clear,Dry,Daylight,Stop Sign,NONE DETECTED,No,No Apparent Injury,NA,Not Distracted,MD,Bus - Transit,Turning Right,25,No,2024,GILLIG,CITY TRANSIT BUS,39.08364258,-77.14641765,2026,1,9
260002181,Property Damage Crash,01/14/2026 09:12:00 AM,SOUTHLAWN LA,NA,Front to Rear,Cloudy,Dry,Daylight,No Controls,NONE DETECTED,Yes,No Apparent Injury,NA,Not Distracted,MD,Other Trucks,Backing,25,No,2007,PIERCE MANUFACTURING,DASH,39.10260438,-77.13575613,2026,1,9
260002172,Property Damage Crash,01/14/2026 07:21:00 AM,UNIVERSITY BLVD W,NA,"Sideswipe, Same Direction",Clear,Dry,Daylight,No Controls,NONE DETECTED,No,No Apparent Injury,NA,Not Distracted,MD,Bus - School,Moving Constant Speed,35,No,2020,THOMAS BUILT,HDX,39.01990688,-77.0135044,2026,1,7
260002172,Property Damage Crash,01/14/2026 07:21:00 AM,UNIVERSITY BLVD W,NA,"Sideswipe, Same Direction",Clear,Dry,Daylight,No Controls,NONE DETECTED,No,No Apparent Injury,NA,Not Distracted,MD,Passenger Car,Moving Constant Speed,35,No,2013,HONDA,CIVIC,39.01990688,-77.0135044,2026,1,7
260002175,Property Damage Crash,01/14/2026 07:12:00 AM,CAPITAL BELTWAY,NA,"Sideswipe, Same Direction",Clear,Dry,Medium,Other,NONE DETECTED,No,NA,NA,NA,NA,NA,Moving Constant Speed,55,No,0,NA,NA,39.00501279,-77.08158425,2026,1,7
260002175,Property Damage Crash,01/14/2026 07:12:00 AM,CAPITAL BELTWAY,NA,"Sideswipe, Same Direction",Clear,Dry,Medium,No Controls,NONE DETECTED,No,No Apparent Injury,NA,Not Distracted,MD,Bus - School,Moving Constant Speed,55,No,2017,THOMAS BUILT,HDX,39.00501279,-77.08158425,2026,1,7
260002167,Injury Crash,01/14/2026 05:30:00 AM,RANDOLPH RD,NA,Angle,Clear,Dry,Medium,Pedestrian Crossing Sign,NONE DETECTED,No,Possible Minor Injury,NA,Not Distracted,MD,Sport Utility Vehicle,Moving Constant Speed,40,No,2025,HYUNDAI,TUCSON,39.06651217,-77.02010233,2026,1,5
260002167,Injury Crash,01/14/2026 05:30:00 AM,RANDOLPH RD,NA,Angle,Clear,Dry,Medium,Pedestrian Crossing Sign,NONE DETECTED,Yes,Possible Minor Injury,NA,Unknown,MD,Passenger Car,Turning Right,40,No,2007,HYUNDAI,SONATA,39.06651217,-77.02010233,2026,1,5
260002159,Fatal Crash,01/14/2026 01:17:00 AM,NA,NA,Single Vehicle,Clear,Dry,Dark,Curve Ahead Warning Sign,NONE DETECTED,Yes,Fatal Injury,Ran Off Roadway,Unknown,MD,Sport Utility Vehicle,Negotiating a Curve,30,No,2025,MITSUBISHI,ECLIPSE CROSS,39.29040332,-77.222882,2026,1,1
260002158,Injury Crash,01/14/2026 12:56:00 AM,UNIVERSITY BLVD W,NA,Rear To Side,Clear,Dry,Medium,Traffic Control Signal,NONE DETECTED,Yes,Possible Minor Injury,NA,Not Distracted,MD,Passenger Car,Moving Constant Speed,35,No,2025,TOYOTA,COROLLA,39.019909,-77.01326983,2026,1,0
260002158,Injury Crash,01/14/2026 12:56:00 AM,UNIVERSITY BLVD W,NA,Rear To Side,Clear,Dry,Medium,Traffic Control Signal,NONE DETECTED,No,No Apparent Injury,NA,Not Distracted,DC,Passenger Car,Moving Constant Speed,35,No,2025,HYUNDAI,SONATA,39.019909,-77.01326983,2026,1,0
260002143,Property Damage Crash,01/13/2026 08:59:00 PM,GEORGIA AVE (SB/L),NA,"Sideswipe, Same Direction",Clear,Dry,Medium,No Controls,NONE DETECTED,Yes,No Apparent Injury,Other Improper Action,Not Distracted,MD,Passenger Car,Moving Constant Speed,40,No,2000,HONDA,CIVIC,39.12899383,-77.07157633,2026,1,20
260002143,Property Damage Crash,01/13/2026 08:59:00 PM,GEORGIA AVE (SB/L),NA,"Sideswipe, Same Direction",Clear,Dry,Medium,No Controls,NONE DETECTED,No,No Apparent Injury,NA,Not Distracted,VA,Pickup,Moving Constant Speed,40,No,2022,FORD,RANGER,39.12899383,-77.07157633,2026,1,20
260002121,Injury Crash,01/13/2026 07:23:00 PM,W DEER PARK RD,NA,Angle,Clear,Dry,Medium,Traffic Control Signal,NONE DETECTED,No,No Apparent Injury,NA,Not Distracted,MD,Passenger Car,Turning Right,35,No,2017,TOYOTA,HIGHLANDER,39.1321921,-77.18886574,2026,1,19
260002121,Injury Crash,01/13/2026 07:23:00 PM,W DEER PARK RD,NA,Angle,Clear,Dry,Medium,Traffic Control Signal,NONE DETECTED,No,No Apparent Injury,NA,Not Distracted,MD,Passenger Car,Moving Constant Speed,25,No,2008,HONDA,CIVIC,39.1321921,-77.18886574,2026,1,19
260002128,Injury Crash,01/13/2026 07:05:00 PM,RICHTER FARM RD,NA,Front to Rear,Clear,Dry,Medium,No Controls,NONE DETECTED,No,No Apparent Injury,NA,Not Distracted,MD,Passenger Car,Moving Constant Speed,25,No,2019,JEEP,CHEROKEE,39.15029313,-77.2804495,2026,1,19
260002128,Injury Crash,01/13/2026 07:05:00 PM,RICHTER FARM RD,NA,Front to Rear,Clear,Dry,Medium,No Controls,ALCOHOL PRESENT,Yes,Possible Minor Injury,"Followed Too Closely, Too Fast For Conditions","Other Action (looking away from task, etc.)",MD,Passenger Car,Overtaking/Passing,25,No,2015,CHRYSLER,200,39.15029313,-77.2804495,2026,1,19
260002115,Property Damage Crash,01/13/2026 06:55:00 PM,WATKINS MILL RD (SB/L),NA,Angle,Clear,Dry,Medium,Stop Sign,NONE DETECTED,No,No Apparent Injury,NA,Unknown,MD,Passenger Car,Turning Left,30,No,2015,NISSAN,VERSA NOTE,39.162072,-77.21442183,2026,1,18
260002115,Property Damage Crash,01/13/2026 06:55:00 PM,WATKINS MILL RD (SB/L),NA,Angle,Clear,Dry,Medium,Stop Sign,NONE DETECTED,No,No Apparent Injury,NA,Unknown,MD,Sport Utility Vehicle,Moving Constant Speed,30,No,2020,JEEP,GRAND CHEROKEE,39.162072,-77.21442183,2026,1,18
260002112,Property Damage Crash,01/13/2026 06:47:00 PM,NA,NA,Front to Rear,Clear,Dry,Dark,Other Signal,NONE DETECTED,No,No Apparent Injury,NA,Not Distracted,MD,Sport Utility Vehicle,Slowing or Stopping,35,No,2014,FORD,EDGE,39.151681,-77.24699433,2026,1,18
260002112,Property Damage Crash,01/13/2026 06:47:00 PM,NA,NA,Front to Rear,Clear,Dry,Dark,Other Signal,NONE DETECTED,Yes,No Apparent Injury,Followed Too Closely,Unknown,MD,Passenger Car,Moving Constant Speed,35,No,2005,TOYOTA,COROLLA,39.151681,-77.24699433,2026,1,18
260002103,Injury Crash,01/13/2026 06:25:00 PM,INDIAN HILLS DR,NA,Angle,Clear,Dry,Medium,Stop Sign,NONE DETECTED,No,Possible Minor Injury,NA,Unknown,MD,Passenger Car,Accelerating,15,No,2016,KIA,OPTIMA,39.11641083,-77.15684167,2026,1,18
260002113,Property Damage Crash,01/13/2026 06:25:00 PM,NA,NA,"Sideswipe, Same Direction",Clear,Dry,Medium,Traffic Control Signal,NONE DETECTED,No,No Apparent Injury,Other Improper Action,Not Distracted,DC,Bus - Transit,Turning Left,25,No,2025,GILLIG,LOW FLOOR BUS,38.99359917,-77.032082,2026,1,18
260002113,Property Damage Crash,01/13/2026 06:25:00 PM,NA,NA,"Sideswipe, Same Direction",Clear,Dry,Medium,Traffic Control Signal,NONE DETECTED,No,No Apparent Injury,Other Improper Action,Not Distracted,MD,Sport Utility Vehicle,Turning Left,25,No,2009,HONDA,CR-V,38.99359917,-77.032082,2026,1,18
260002103,Injury Crash,01/13/2026 06:25:00 PM,INDIAN HILLS DR,NA,Angle,Clear,Dry,Medium,No Controls,NONE DETECTED,No,Possible Minor Injury,NA,Unknown,MD,Passenger Car,Turning Left,30,No,2017,VOLKSWAGEN,JETTA,39.11641083,-77.15684167,2026,1,18
260002100,Property Damage Crash,01/13/2026 06:10:00 PM,COLUMBIA PIKE (SB/L),NA,Front to Rear,Clear,Dry,Medium,No Controls,NONE DETECTED,No,No Apparent Injury,NA,Not Distracted,WV,Passenger Car,Slowing or Stopping,40,No,2018,TOYOTA,HIGHLANDER,39.0407826,-76.99628538,2026,1,18
260002100,Property Damage Crash,01/13/2026 06:10:00 PM,COLUMBIA PIKE (SB/L),NA,Front to Rear,Clear,Dry,Medium,No Controls,NONE DETECTED,No,No Apparent Injury,NA,Not Distracted,MD,Passenger Car,Slowing or Stopping,40,No,2025,TOYOTA,RAV4,39.0407826,-76.99628538,2026,1,18
260002089,Injury Crash,01/13/2026 05:49:00 PM,VEIRS MILL RD (WB/L),NA,Front to Rear,Clear,Dry,Medium,Traffic Control Signal,NONE DETECTED,Yes,Possible Minor Injury,Other Improper Action,Unknown,MD,Passenger Car,Moving Constant Speed,30,No,2012,CHEVROLET,CRUZE,39.04463433,-77.06413883,2026,1,17
260002089,Injury Crash,01/13/2026 05:49:00 PM,VEIRS MILL RD (WB/L),NA,Front to Rear,Clear,Dry,Medium,Traffic Control Signal,NONE DETECTED,No,Possible Minor Injury,NA,Not Distracted,MD,Passenger Car,Moving Constant Speed,30,No,2017,TOYOTA,HIGHLANDER,39.04463433,-77.06413883,2026,1,17
260002087,Injury Crash,01/13/2026 05:48:00 PM,EWING DR,NA,Angle,Clear,Dry,Medium,Stop Sign,NONE DETECTED,No,Possible Minor Injury,Too Fast For Conditions,Not Distracted,MD,Passenger Car,Moving Constant Speed,30,No,2014,GMC,YUKON,39.00122055,-77.12316885,2026,1,17
260002087,Injury Crash,01/13/2026 05:48:00 PM,EWING DR,NA,Angle,Clear,Dry,Medium,Stop Sign,NONE DETECTED,Yes,Possible Minor Injury,Failed to Yield Right-of-Way,Not Distracted,MD,Passenger Car,Turning Left,30,No,2022,TESLA,MODEL 3,39.00122055,-77.12316885,2026,1,17
260002070,Injury Crash,01/13/2026 04:04:00 PM,BROADWATER DR,NA,Front to Rear,Clear,Dry,Daylight,No Controls,NONE DETECTED,No,No Apparent Injury,NA,Not Distracted,MD,Passenger Car,Turning Left,35,No,2019,TOYOTA,COROLLA,39.16951733,-77.19350035,2026,1,16
260002070,Injury Crash,01/13/2026 04:04:00 PM,BROADWATER DR,NA,Front to Rear,Clear,Dry,Daylight,No Controls,NONE DETECTED,No,Possible Minor Injury,NA,Not Distracted,MD,Passenger Car,Slowing or Stopping,35,No,2014,HONDA,CIVIC,39.16951733,-77.19350035,2026,1,16
260002070,Injury Crash,01/13/2026 04:04:00 PM,BROADWATER DR,NA,Front to Rear,Clear,Dry,Daylight,No Controls,NONE DETECTED,Yes,No Apparent Injury,Other Improper Action,Not Distracted,MD,Passenger Car,Slowing or Stopping,35,No,2015,BMW,528I,39.16951733,-77.19350035,2026,1,16
260002064,Property Damage Crash,01/13/2026 04:01:00 PM,PARK RD (WB/L),NA,Other,Clear,Dry,Daylight,Traffic Control Signal,NONE DETECTED,No,No Apparent Injury,NA,Not Distracted,MD,Passenger Car,Turning Right,25,No,2025,TOYOTA,COROLLA,39.08519215,-77.14822898,2026,1,16
260002064,Property Damage Crash,01/13/2026 04:01:00 PM,PARK RD (WB/L),NA,Other,Clear,Dry,Daylight,Traffic Control Signal,NONE DETECTED,Yes,No Apparent Injury,NA,Not Distracted,MD,Sport Utility Vehicle,Making U-Turn,30,No,2020,LAND ROVER,RANGE ROVER SPORT,39.08519215,-77.14822898,2026,1,16
260002054,Injury Crash,01/13/2026 03:29:00 PM,SCHOOL DR,NA,Angle,Clear,Dry,Daylight,No Controls,NONE DETECTED,Yes,No Apparent Injury,Failed to Yield Right-of-Way,Not Distracted,MD,Sport Utility Vehicle,Turning Left,40,No,2017,HYUNDAI,SANTA FE SPORT,39.11774683,-77.21665233,2026,1,15
260002054,Injury Crash,01/13/2026 03:29:00 PM,SCHOOL DR,NA,Angle,Clear,Dry,Daylight,No Controls,NONE DETECTED,No,Possible Minor Injury,NA,Not Distracted,MD,Van - Passenger (&lt;9 Seats),Moving Constant Speed,40,No,2014,HONDA,ODYSSEY,39.11774683,-77.21665233,2026,1,15
260002054,Injury Crash,01/13/2026 03:29:00 PM,SCHOOL DR,NA,Angle,Clear,Dry,Daylight,Stop Sign,NONE DETECTED,No,No Apparent Injury,NA,Not Distracted,MD,Passenger Car,Stopped in Traffic,25,No,2014,HONDA,CIVIC,39.11774683,-77.21665233,2026,1,15
260002058,Property Damage Crash,01/13/2026 03:04:00 PM,BLUE SPRUCE LA,NA,Other,Cloudy,Dry,Daylight,No Controls,NONE DETECTED,Yes,No Apparent Injury,Too Fast For Conditions,Not Distracted,NA,Passenger Car,Moving Constant Speed,25,No,2007,NISSAN,ALTIMA,39.08100934,-77.05696097,2026,1,15
260002077,Property Damage Crash,01/13/2026 02:29:00 PM,NA,NA,Front to Rear,Cloudy,NA,Daylight,NA,NONE DETECTED,No,No Apparent Injury,NA,Not Distracted,MD,Sport Utility Vehicle,Parked,0,No,2019,CADILLAC,ESCALADE ESV,39.28155161,-77.21119778,2026,1,14
260002077,Property Damage Crash,01/13/2026 02:29:00 PM,NA,NA,Front to Rear,Cloudy,NA,Daylight,NA,NONE DETECTED,Yes,No Apparent Injury,Other Improper Action,Unknown,MD,Sport Utility Vehicle,Backing,0,No,2022,FORD,ESCAPE,39.28155161,-77.21119778,2026,1,14
260002077,Property Damage Crash,01/13/2026 02:29:00 PM,NA,NA,Front to Rear,Cloudy,NA,Daylight,NA,NONE DETECTED,No,No Apparent Injury,NA,Not Distracted,MD,Van - Passenger (&lt;9 Seats),Parked,0,No,2026,KIA,CARNIVAL,39.28155161,-77.21119778,2026,1,14
260002046,Property Damage Crash,01/13/2026 02:17:00 PM,MAIN ST,NA,"Sideswipe, Same Direction",Clear,Dry,Daylight,No Controls,NONE DETECTED,No,NA,NA,NA,NA,Sport Utility Vehicle,Moving Constant Speed,35,No,0,NA,NA,39.12198367,-77.23854012,2026,1,14
260002086,Property Damage Crash,01/13/2026 02:00:00 PM,ROEDER RD,NA,"Sideswipe, Same Direction",Clear,Dry,Daylight,Pedestrian Crossing,NONE DETECTED,Yes,NA,NA,NA,NA,Passenger Car,Changing Lanes,30,No,2021,KIA,K5,38.99721702,-77.02605002,2026,1,14
260002086,Property Damage Crash,01/13/2026 02:00:00 PM,ROEDER RD,NA,"Sideswipe, Same Direction",Clear,Dry,Daylight,No Controls,NONE DETECTED,No,No Apparent Injury,NA,Not Distracted,MD,Sport Utility Vehicle,Moving Constant Speed,30,No,2023,TOYOTA,RAV4,38.99721702,-77.02605002,2026,1,14
260002031,Injury Crash,01/13/2026 12:51:00 PM,TILDEN LA,NA,Angle,Clear,Dry,Daylight,No Controls,NONE DETECTED,No,Possible Minor Injury,NA,Not Distracted,MD,Passenger Car,Moving Constant Speed,25,No,2018,CHRYSLER,PACIFICA,39.04424986,-77.1417719,2026,1,12
260002031,Injury Crash,01/13/2026 12:51:00 PM,TILDEN LA,NA,Angle,Clear,Dry,Daylight,Stop Sign,NONE DETECTED,No,NA,NA,NA,NA,Passenger Car,Entering Traffic Lane,20,No,2012,JEEP,PATRIOT,39.04424986,-77.1417719,2026,1,12
260002018,Property Damage Crash,01/13/2026 12:26:00 PM,TULIP AVE,NA,"Sideswipe, Opposite Direction",Clear,Dry,Daylight,No Controls,NONE DETECTED,No,No Apparent Injury,Improper Passing,Not Distracted,MD,Other Trucks,Overtaking/Passing,25,No,2021,CHEVROLET,EXPRESS,38.97807661,-77.01609478,2026,1,12
260004527,Property Damage Crash,01/13/2026 11:36:00 AM,HUNT AVE,NA,"Sideswipe, Same Direction",Clear,Dry,Daylight,No Controls,NONE DETECTED,No,NA,NA,Not Distracted,NA,Sport Utility Vehicle,Parked,15,No,2025,BMW,X3,38.97068032,-77.09113663,2026,1,11
260004527,Property Damage Crash,01/13/2026 11:36:00 AM,HUNT AVE,NA,"Sideswipe, Same Direction",Clear,Dry,Daylight,No Controls,NONE DETECTED,No,NA,NA,NA,NA,Pickup,NA,15,No,2016,RAM,1500,38.97068032,-77.09113663,2026,1,11
250002193,Property Damage Crash,01/13/2026 10:18:00 AM,NA,NA,Single Vehicle,Clear,NA,Daylight,NA,NONE DETECTED,No,No Apparent Injury,NA,Not Distracted,MD,Van - Passenger (9 or 12 Seats),Accelerating,0,No,2025,DODGE,RAM VAN,38.99167238,-77.0979353,2026,1,10
260001969,Injury Crash,01/13/2026 08:30:00 AM,VEIRS MILL RD,NA,Front to Front,Clear,Dry,Daylight,Traffic Control Signal,NONE DETECTED,Yes,No Apparent Injury,NA,Unknown,MD,Passenger Car,Moving Constant Speed,35,No,2003,TOYOTA,CAMRY,39.05606,-77.08257999,2026,1,8
260001969,Injury Crash,01/13/2026 08:30:00 AM,VEIRS MILL RD,NA,Front to Front,Clear,Dry,Daylight,Traffic Control Signal,NONE DETECTED,No,No Apparent Injury,NA,Not Distracted,MD,Bus - Transit,Accelerating,35,No,2022,NEW FLYER,XCELSIOR,39.05606,-77.08257999,2026,1,8
260001975,Property Damage Crash,01/13/2026 08:30:00 AM,SEMINOLE ST,NA,Front to Rear,Clear,Dry,Daylight,No Controls,NONE DETECTED,Yes,No Apparent Injury,NA,"Other Action (looking away from task, etc.)",NA,Passenger Car,Moving Constant Speed,40,No,2021,NISSAN,VERSA,39.01083163,-77.00528545,2026,1,8
260001975,Property Damage Crash,01/13/2026 08:30:00 AM,SEMINOLE ST,NA,Front to Rear,Clear,Dry,Daylight,No Controls,NONE DETECTED,No,No Apparent Injury,NA,Not Distracted,MD,Passenger Car,Moving Constant Speed,40,No,2024,TOYOTA,RAV4,39.01083163,-77.00528545,2026,1,8