Local Case Number,ACRS Report Type,Crash Date/Time,Road Name,Related Non-Motorist,Collision Type,Weather,Surface Condition,Light,Traffic Control,Driver Substance Abuse,Driver At Fault,Injury Severity,Circumstance,Driver Distracted By,Drivers License State,Vehicle Body Type,Vehicle Movement,Speed Limit,Driverless Vehicle,Vehicle Year,Vehicle Make,Vehicle Model,Latitude,Longitude,Year,Month,Hour
260001647,Injury Crash,01/11/2026 10:14:00 AM,HAWKINS CREAMERY RD,NA,Front to Rear,Clear,Dry,Daylight,Traffic Control Signal,NONE DETECTED,No,Possible Minor Injury,NA,Not Distracted,MD,Passenger Car,Slowing or Stopping,40,No,2022,HONDA,CR-V,39.27316495,-77.20443836,2026,1,10
260001647,Injury Crash,01/11/2026 10:14:00 AM,HAWKINS CREAMERY RD,NA,Front to Rear,Clear,Dry,Daylight,Traffic Control Signal,NONE DETECTED,Yes,No Apparent Injury,"Operated Motor Vehicle in Inattentive, Careless, Negligent, or Erratic Manner",Not Distracted,MD,Sport Utility Vehicle,Moving Constant Speed,40,No,2005,TOYOTA,HIGHLANDER,39.27316495,-77.20443836,2026,1,10
260001646,Property Damage Crash,01/11/2026 09:42:00 AM,SCENERY DR,NA,Front to Rear,Clear,Wet,Daylight,No Controls,NONE DETECTED,No,No Apparent Injury,"Operated Motor Vehicle in Inattentive, Careless, Negligent, or Erratic Manner, Operated Motor Vehicle in Reckless or Aggressive Manner, Ran Off Roadway, Too Fast For Conditions",Unknown,NA,Passenger Car,NA,30,No,2019,KIA,FORTE,39.17754917,-77.232599,2026,1,9
260001642,Property Damage Crash,01/11/2026 09:13:00 AM,WINTERGATE DR,NA,Single Vehicle,Clear,Dry,Daylight,Pedestrian Crossing Sign,NONE DETECTED,Yes,No Apparent Injury,"Disregarded Other Road Markings, Failed to Keep in Proper Lane",Unknown,MD,Passenger Car,Moving Constant Speed,30,No,2019,MAZDA,CX-5,39.10756381,-77.0534544,2026,1,9
260001635,Property Damage Crash,01/11/2026 07:05:00 AM,NA,NA,Front to Rear,Clear,Dry,Medium,No Controls,NONE DETECTED,No,No Apparent Injury,NA,Not Distracted,MD,Passenger Car,Moving Constant Speed,35,No,2014,HONDA,ACCORD,39.14816936,-77.23737187,2026,1,7
260001635,Property Damage Crash,01/11/2026 07:05:00 AM,NA,NA,Front to Rear,Clear,Dry,Medium,No Controls,NONE DETECTED,No,No Apparent Injury,NA,Not Distracted,MD,Bus - Transit,Changing Lanes,35,No,2017,GILLIG,LOW FLOOR BUS,39.14816936,-77.23737187,2026,1,7
260001631,Property Damage Crash,01/11/2026 04:09:00 AM,NA,NA,"Sideswipe, Opposite Direction",Clear,NA,Medium,NA,DRUG AND ALCOHOL CONTRIBUTED,Yes,No Apparent Injury,Improper Backing,Unknown,MD,Passenger Car,Backing,0,No,2012,FORD,FIESTA,39.14130113,-77.19306525,2026,1,4
260001630,Property Damage Crash,01/11/2026 04:00:00 AM,NA,NA,Front to Front,Clear,NA,Medium,NA,NONE DETECTED,Yes,No Apparent Injury,NA,Not Distracted,MD,Station Wagon,NA,0,No,2020,TOYOTA,SIENNA,38.99909472,-76.99930976,2026,1,4
260001618,Property Damage Crash,01/11/2026 01:08:00 AM,WHITES FERRY RD,NA,Single Vehicle,Rain,Wet,Dark,Curve Ahead Warning Sign,NONE DETECTED,No,No Apparent Injury,Failed to Keep in Proper Lane,Unknown,MD,Passenger Car,NA,35,No,2003,TOYOTA,RAV4,39.13198017,-77.38508,2026,1,1
260001612,Property Damage Crash,01/10/2026 11:10:00 PM,HAMLET SQUARE CT,NA,Front to Rear,Clear,Dry,Medium,No Controls,ALCOHOL PRESENT,Yes,No Apparent Injury,"Improper Turn, Other Improper Action",Not Distracted,MD,Passenger Car,Turning Left,10,No,2009,CHEVROLET,COBALT,39.1616813,-77.27888326,2026,1,23
260001612,Property Damage Crash,01/10/2026 11:10:00 PM,HAMLET SQUARE CT,NA,Front to Rear,Clear,Dry,Medium,No Controls,NONE DETECTED,No,No Apparent Injury,NA,Not Distracted,MD,Passenger Car,Parked,10,No,2026,HYUNDAI,TUCSON,39.1616813,-77.27888326,2026,1,23
260001611,Property Damage Crash,01/10/2026 11:08:00 PM,CLARKSBURG RD,NA,Single Vehicle,Cloudy,Wet,Dark,No Controls,NONE DETECTED,Yes,No Apparent Injury,"Ran Off Roadway, Too Fast For Conditions",Not Distracted,MD,Passenger Car,Accelerating,35,No,2016,KIA,FORTE,39.28590498,-77.27207755,2026,1,23
260001651,Property Damage Crash,01/10/2026 11:00:00 PM,LAWNSBERRY TERR,NA,Unknown,Cloudy,Wet,Dark,No Controls,NONE DETECTED,No,NA,NA,NA,NA,NA,NA,25,No,0,NA,NA,39.01490729,-76.99770579,2026,1,23
260001607,Property Damage Crash,01/10/2026 10:41:00 PM,COLESVILLE RD,NA,"Sideswipe, Same Direction",Rain,Wet,Medium,No Controls,NONE DETECTED,No,No Apparent Injury,NA,Not Distracted,MD,Van - Passenger (&lt;9 Seats),Moving Constant Speed,30,No,2022,TOYOTA,SIENNA,39.00402753,-77.02369798,2026,1,22
260001607,Property Damage Crash,01/10/2026 10:41:00 PM,COLESVILLE RD,NA,"Sideswipe, Same Direction",Rain,Wet,Medium,No Controls,NONE DETECTED,Yes,No Apparent Injury,NA,Unknown,VA,Passenger Car,Turning Right,30,No,2022,TOYOTA,CAMRY,39.00402753,-77.02369798,2026,1,22
260001604,Injury Crash,01/10/2026 10:20:00 PM,FREDERICK RD,NA,Single Vehicle,Cloudy,Wet,Medium,Traffic Control Signal,NONE DETECTED,Yes,Possible Minor Injury,"Ran Off Roadway, Too Fast For Conditions",Not Distracted,MD,Passenger Car,Moving Constant Speed,45,No,2025,ACURA,INTEGRA,39.20426767,-77.245835,2026,1,22
260001597,Property Damage Crash,01/10/2026 09:09:00 PM,HICKORY RD,NA,Angle,Rain,Wet,Medium,Traffic Control Signal,NONE DETECTED,Yes,No Apparent Injury,NA,Not Distracted,MD,Passenger Car,Moving Constant Speed,35,No,2016,CHEVROLET,SILVERADO,39.13835017,-77.17931883,2026,1,21
260001597,Property Damage Crash,01/10/2026 09:09:00 PM,HICKORY RD,NA,Angle,Rain,Wet,Medium,Traffic Control Signal,NONE DETECTED,Yes,No Apparent Injury,NA,Not Distracted,MD,Passenger Car,Moving Constant Speed,35,No,2015,NISSAN,ALTIMA,39.13835017,-77.17931883,2026,1,21
260001601,Injury Crash,01/10/2026 08:41:00 PM,MIDDLEBROOK RD,Pedestrian,Single Vehicle,Rain,Wet,Medium,Traffic Control Signal,NONE DETECTED,Yes,No Apparent Injury,NA,Not Distracted,MD,Passenger Car,Turning Right,40,No,2023,TESLA,MODEL 3,39.18120465,-77.23821132,2026,1,20
260001593,Property Damage Crash,01/10/2026 08:26:00 PM,WOODBINE ST,NA,"Sideswipe, Same Direction",Rain,Wet,Medium,No Controls,NONE DETECTED,Yes,No Apparent Injury,"Failed to Keep in Proper Lane, Over-Correcting/Over-Steering",Unknown,MD,Sport Utility Vehicle,Overtaking/Passing,25,No,2025,LINCOLN,AVIATOR,38.98459508,-77.078771,2026,1,20
260001585,Property Damage Crash,01/10/2026 07:14:00 PM,COLESVILLE RD (WB/L),NA,Single Vehicle,Rain,Wet,Medium,Traffic Control Signal,NONE DETECTED,Yes,No Apparent Injury,NA,Not Distracted,MD,Passenger Car,Moving Constant Speed,35,No,2016,SUBARU,FORESTER,38.993919,-77.031933,2026,1,19
260001583,Property Damage Crash,01/10/2026 06:39:00 PM,NA,NA,Rear To Side,Clear,NA,Medium,NA,NONE DETECTED,Yes,No Apparent Injury,Improper Backing,Not Distracted,NA,Sport Utility Vehicle,Backing,0,No,2016,JEEP,PATRIOT,39.0924745,-77.07927467,2026,1,18
260001583,Property Damage Crash,01/10/2026 06:39:00 PM,NA,NA,Rear To Side,Clear,NA,Medium,NA,NONE DETECTED,No,No Apparent Injury,NA,Not Distracted,MD,Sport Utility Vehicle,Moving Constant Speed,0,No,2019,TOYOTA,RAV4,39.0924745,-77.07927467,2026,1,18
260001582,Injury Crash,01/10/2026 06:27:00 PM,OLD GEORGETOWN RD (SB/L),"Other Pedestrian (person in a building, skater, personal conveyance, etc.)",Single Vehicle,Rain,Wet,Dark,"Other Pavement Marking (excluding edgelines, centerlines, or lane lines)",NONE DETECTED,No,No Apparent Injury,NA,Not Distracted,MD,Passenger Car,Slowing or Stopping,25,No,2011,TOYOTA,CAMRY,39.04978493,-77.11263511,2026,1,18
260001581,Property Damage Crash,01/10/2026 05:54:00 PM,GEORGIA AVE,NA,Angle,Rain,Wet,Medium,Stop Sign,NONE DETECTED,Yes,No Apparent Injury,NA,Not Distracted,MD,Passenger Car,Turning Left,40,No,2019,HYUNDAI,KONA,39.1480655,-77.06682367,2026,1,17
260001581,Property Damage Crash,01/10/2026 05:54:00 PM,GEORGIA AVE,NA,Angle,Rain,Wet,Medium,No Controls,NONE DETECTED,No,No Apparent Injury,NA,Not Distracted,MD,Passenger Car,Moving Constant Speed,40,No,2021,JEEP,WRANGLER,39.1480655,-77.06682367,2026,1,17
260001576,Injury Crash,01/10/2026 05:45:00 PM,NA,Pedestrian,Single Vehicle,Rain,NA,Medium,NA,NONE DETECTED,Yes,Possible Minor Injury,NA,Unknown,MD,Passenger Car,Slowing or Stopping,0,No,2012,MAZDA,MAZDA3,39.11341438,-77.18588473,2026,1,17
260002412,Property Damage Crash,01/10/2026 05:07:00 PM,NA,NA,Front to Rear,Clear,NA,Medium,NA,NONE DETECTED,No,NA,NA,NA,NA,Passenger Car,Moving Constant Speed,0,No,2006,HONDA,ODYSSEY,39.14121071,-77.19342681,2026,1,17
260002412,Property Damage Crash,01/10/2026 05:07:00 PM,NA,NA,Front to Rear,Clear,NA,Medium,NA,NONE DETECTED,No,No Apparent Injury,NA,Not Distracted,TX,Passenger Car,Slowing or Stopping,0,No,2020,HONDA,CIVIC,39.14121071,-77.19342681,2026,1,17
260001603,Property Damage Crash,01/10/2026 04:45:00 PM,NA,NA,Angle,Rain,NA,Daylight,NA,NONE DETECTED,No,NA,NA,NA,NA,Sport Utility Vehicle,Turning Right,0,No,2023,TOYOTA,HIGHLANDER,39.03936263,-76.99238655,2026,1,16
260001551,Injury Crash,01/10/2026 03:37:00 PM,NA,NA,Rear To Side,Rain,Wet,Daylight,Traffic Control Signal,NONE DETECTED,Yes,Possible Minor Injury,NA,Unknown,MD,Passenger Car,Turning Left,30,No,2016,HONDA,CIVIC,39.11820484,-77.2549829,2026,1,15
260001551,Injury Crash,01/10/2026 03:37:00 PM,NA,NA,Rear To Side,Rain,Wet,Daylight,Traffic Control Signal,NONE DETECTED,No,No Apparent Injury,NA,Unknown,MD,Passenger Car,NA,30,No,2023,CHEVROLET,SUBURBAN,39.11820484,-77.2549829,2026,1,15
260001546,Property Damage Crash,01/10/2026 03:02:00 PM,CELEBRATION WAY,NA,Angle,Rain,Wet,Daylight,No Controls,NONE DETECTED,No,No Apparent Injury,NA,Not Distracted,MD,Passenger Car,Moving Constant Speed,35,No,2005,TOYOTA,SCION TC,39.18123667,-77.2695305,2026,1,15
260001546,Property Damage Crash,01/10/2026 03:02:00 PM,CELEBRATION WAY,NA,Angle,Rain,Wet,Daylight,Other Warning Sign,NONE DETECTED,Yes,No Apparent Injury,NA,Not Distracted,MD,Passenger Car,Turning Left,35,No,2018,MAZDA,CX-9,39.18123667,-77.2695305,2026,1,15
260001553,Property Damage Crash,01/10/2026 03:00:00 PM,EAST WEST HWY,NA,"Sideswipe, Same Direction",Rain,Wet,Daylight,Traffic Control Signal,NONE DETECTED,No,NA,NA,NA,NA,Pickup,Turning Right,35,No,2015,GMC,SIERRA,38.98795232,-77.07720449,2026,1,15
260001553,Property Damage Crash,01/10/2026 03:00:00 PM,EAST WEST HWY,NA,"Sideswipe, Same Direction",Rain,Wet,Daylight,Traffic Control Signal,NONE DETECTED,No,No Apparent Injury,NA,Not Distracted,DC,Sport Utility Vehicle,Moving Constant Speed,35,No,2008,TOYOTA,RAV4,38.98795232,-77.07720449,2026,1,15
260001542,Property Damage Crash,01/10/2026 02:59:00 PM,NA,NA,"Sideswipe, Same Direction",Rain,NA,Daylight,NA,NONE DETECTED,No,No Apparent Injury,NA,NA,NA,Passenger Car,Slowing or Stopping,0,No,2019,HONDA,CR-V,39.04045447,-76.99014644,2026,1,14
260001531,Property Damage Crash,01/10/2026 02:05:00 PM,NA,NA,Rear To Rear,Rain,NA,Daylight,NA,NONE DETECTED,No,No Apparent Injury,Other Improper Action,Unknown,MD,Passenger Car,Backing,0,No,2012,HYUNDAI,GENESIS COUPE,38.99977217,-77.00336664,2026,1,14
260001531,Property Damage Crash,01/10/2026 02:05:00 PM,NA,NA,Rear To Rear,Rain,NA,Daylight,NA,NONE DETECTED,No,No Apparent Injury,NA,Not Distracted,MD,Passenger Car,Parked,0,No,2008,TOYOTA,RAV4,38.99977217,-77.00336664,2026,1,14
260001524,Property Damage Crash,01/10/2026 12:53:00 PM,GAIL ST,NA,Angle,Rain,Wet,Daylight,No Controls,NONE DETECTED,No,NA,NA,NA,NA,Passenger Car,Turning Left,25,No,2021,TOYOTA,COROLLA,39.04949818,-77.07055086,2026,1,12
260001524,Property Damage Crash,01/10/2026 12:53:00 PM,GAIL ST,NA,Angle,Rain,Wet,Daylight,No Controls,NONE DETECTED,No,No Apparent Injury,NA,Not Distracted,MD,Passenger Car,Moving Constant Speed,35,No,2026,TOYOTA,CAMRY,39.04949818,-77.07055086,2026,1,12
260001516,Property Damage Crash,01/10/2026 12:10:00 PM,RAMP 6 FR MD 117 EB TO IS 270 SB,NA,Angle,Rain,Wet,Daylight,No Controls,NONE DETECTED,Yes,No Apparent Injury,NA,Unknown,MD,Passenger Car,Entering Traffic Lane,25,No,2008,BMW,335I,39.14008683,-77.21412533,2026,1,12
260001516,Property Damage Crash,01/10/2026 12:10:00 PM,RAMP 6 FR MD 117 EB TO IS 270 SB,NA,Angle,Rain,Wet,Daylight,No Controls,NONE DETECTED,No,No Apparent Injury,NA,Not Distracted,MD,Passenger Car,Moving Constant Speed,25,No,2022,JEEP,COMPASS,39.14008683,-77.21412533,2026,1,12
260001516,Property Damage Crash,01/10/2026 12:10:00 PM,RAMP 6 FR MD 117 EB TO IS 270 SB,NA,Angle,Rain,Wet,Daylight,No Controls,NONE DETECTED,No,No Apparent Injury,NA,Not Distracted,MD,Passenger Car,Moving Constant Speed,25,No,2014,NISSAN,ALTIMA,39.14008683,-77.21412533,2026,1,12
260001511,Injury Crash,01/10/2026 11:40:00 AM,RESEARCH BLVD,NA,Angle,Rain,Wet,Daylight,Traffic Control Signal,NONE DETECTED,No,Possible Minor Injury,NA,Not Distracted,MD,Bus - Transit,Accelerating,30,No,2016,GILLIG,LOW FLOOR BUS,39.10503617,-77.19060667,2026,1,11
260001511,Injury Crash,01/10/2026 11:40:00 AM,RESEARCH BLVD,NA,Angle,Rain,Wet,Daylight,Traffic Control Signal,NONE DETECTED,Yes,No Apparent Injury,NA,Unknown,MD,Van - Passenger (&lt;9 Seats),Moving Constant Speed,40,No,2024,FORD,TRANSIT,39.10503617,-77.19060667,2026,1,11
260001501,Property Damage Crash,01/10/2026 10:15:00 AM,GRACE CHURCH RD,NA,Front to Front,Rain,Wet,Daylight,No Controls,NONE DETECTED,No,No Apparent Injury,NA,Not Distracted,MD,Passenger Car,Moving Constant Speed,30,No,2007,MAZDA,MAZDA3,39.0054847,-77.03827979,2026,1,10
260001501,Property Damage Crash,01/10/2026 10:15:00 AM,GRACE CHURCH RD,NA,Front to Front,Rain,Wet,Daylight,No Controls,NONE DETECTED,Yes,No Apparent Injury,Failed to Yield Right-of-Way,Not Distracted,MD,Passenger Car,Turning Left,25,No,2023,AUDI,E-TRON,39.0054847,-77.03827979,2026,1,10
260001489,Property Damage Crash,01/10/2026 08:04:00 AM,GLEN MILL RD,NA,Single Vehicle,Cloudy,Wet,Daylight,No Controls,NONE DETECTED,No,No Apparent Injury,NA,Not Distracted,MD,Sport Utility Vehicle,Negotiating a Curve,30,No,2010,LEXUS,RX,39.04870667,-77.21842333,2026,1,8
260001481,Property Damage Crash,01/10/2026 05:00:00 AM,COLESVILLE RD,NA,Angle,Cloudy,Dry,Medium,Traffic Control Signal,NONE DETECTED,Yes,No Apparent Injury,NA,Not Distracted,MD,Passenger Car,Entering Traffic Lane,40,No,2009,NISSAN,VERSA,39.01967333,-77.01334366,2026,1,5
260001481,Property Damage Crash,01/10/2026 05:00:00 AM,COLESVILLE RD,NA,Angle,Cloudy,Dry,Medium,Traffic Control Signal,NONE DETECTED,No,No Apparent Injury,NA,Not Distracted,MD,Passenger Car,Accelerating,40,No,2020,TOYOTA,CAMRY,39.01967333,-77.01334366,2026,1,5
260001454,Property Damage Crash,01/09/2026 11:00:00 PM,POOKS HILL RD,NA,Front to Rear,Clear,Wet,Medium,Traffic Control Signal,NONE DETECTED,No,NA,NA,NA,NA,Passenger Car,Moving Constant Speed,35,No,2024,SUBARU,FORESTER,39.01496267,-77.09964128,2026,1,23
260001454,Property Damage Crash,01/09/2026 11:00:00 PM,POOKS HILL RD,NA,Front to Rear,Clear,Wet,Medium,Traffic Control Signal,NONE DETECTED,No,No Apparent Injury,NA,Not Distracted,MD,Passenger Car,Slowing or Stopping,35,No,2014,TOYOTA,COROLLA,39.01496267,-77.09964128,2026,1,23
260001449,Property Damage Crash,01/09/2026 10:50:00 PM,GERMANTOWN RD (SB/L),NA,Single Vehicle,Clear,Wet,Medium,No Controls,NONE DETECTED,Yes,No Apparent Injury,NA,Unknown,MD,Sport Utility Vehicle,Slowing or Stopping,40,No,2017,CHEVROLET,EQUINOX,39.18104167,-77.26270867,2026,1,22
260001448,Property Damage Crash,01/09/2026 10:21:00 PM,NA,NA,Single Vehicle,Cloudy,Wet,Dark,No Controls,NONE DETECTED,Yes,No Apparent Injury,NA,Unknown,MD,Passenger Car,Moving Constant Speed,35,No,2025,HONDA,CR-V,39.1634014,-77.36240543,2026,1,22
260001433,Property Damage Crash,01/09/2026 09:03:00 PM,DAWSON FARM RD,NA,Single Vehicle,Rain,Wet,Medium,Traffic Control Signal,NONE DETECTED,No,No Apparent Injury,NA,Not Distracted,MD,Passenger Car,Moving Constant Speed,35,No,2017,HYUNDAI,SONATA,39.173427,-77.28350733,2026,1,21
260001424,Property Damage Crash,01/09/2026 07:34:00 PM,POOKS HILL RD,NA,"Sideswipe, Same Direction",Rain,Wet,Medium,Traffic Control Signal,NONE DETECTED,No,No Apparent Injury,NA,Unknown,MD,Passenger Car,Turning Right,35,No,2022,HYUNDAI,ELANTRA,39.01493734,-77.09999022,2026,1,19
260001424,Property Damage Crash,01/09/2026 07:34:00 PM,POOKS HILL RD,NA,"Sideswipe, Same Direction",Rain,Wet,Medium,Traffic Control Signal,NONE DETECTED,Yes,No Apparent Injury,Failed to Yield Right-of-Way,Unknown,MD,Sport Utility Vehicle,Turning Right,35,No,2023,NISSAN,ARIYA,39.01493734,-77.09999022,2026,1,19
260001417,Property Damage Crash,01/09/2026 07:20:00 PM,PINEY BRANCH RD,NA,Unknown,Rain,Wet,Medium,Traffic Control Signal,NONE DETECTED,No,No Apparent Injury,NA,Not Distracted,MD,Bus - Other Type,Turning Right,10,No,2019,PREVOST,X3 PASSENGER COACH,38.9783601,-77.01845535,2026,1,19
260001403,Property Damage Crash,01/09/2026 06:33:00 PM,DARNESTOWN RD (WB/L),NA,Front to Rear,Cloudy,Wet,Medium,No Controls,NONE DETECTED,No,No Apparent Injury,NA,Not Distracted,XX,Sport Utility Vehicle,Stopped in Traffic,40,No,2017,JEEP,GRAND CHEROKEE,39.1034865,-77.2264345,2026,1,18
260001403,Property Damage Crash,01/09/2026 06:33:00 PM,DARNESTOWN RD (WB/L),NA,Front to Rear,Cloudy,Wet,Medium,No Controls,NONE DETECTED,No,No Apparent Injury,Followed Too Closely,Not Distracted,MD,Sport Utility Vehicle,Slowing or Stopping,40,No,2001,JEEP,WRANGLER,39.1034865,-77.2264345,2026,1,18
260001406,Injury Crash,01/09/2026 06:26:00 PM,NA,Pedestrian,Single Vehicle,Rain,Wet,Dark,Traffic Control Signal,NONE DETECTED,Yes,No Apparent Injury,Failed to Yield Right-of-Way,Not Distracted,MD,Pickup,Turning Right,30,No,2000,DODGE,DAKOTA,38.97857571,-77.20697227,2026,1,18
260001394,Injury Crash,01/09/2026 05:50:00 PM,PINEY BRANCH RD,Pedestrian,Single Vehicle,Rain,Wet,Medium,No Controls,NONE DETECTED,No,NA,NA,NA,NA,Passenger Car,Moving Constant Speed,35,No,0,NA,NA,39.00126733,-76.9875315,2026,1,17
260001389,Injury Crash,01/09/2026 05:42:00 PM,SNOUFFERS SCHOOL RD,Cyclist (non-electric),Single Vehicle,Rain,Wet,Medium,Pedestrian Crossing Sign,NONE DETECTED,Yes,No Apparent Injury,Failed to Yield Right-of-Way,Unknown,MD,Passenger Car,Turning Left,25,No,2021,TOYOTA,RAV4,39.16061218,-77.1627521,2026,1,17
260001404,Injury Crash,01/09/2026 05:23:00 PM,SCHINDLER DR,NA,Front to Front,Clear,Dry,Medium,Traffic Control Signal,NONE DETECTED,No,No Apparent Injury,NA,Not Distracted,MD,Sport Utility Vehicle,Turning Left,35,No,2020,KIA,SOUL,39.03345204,-76.986151950000007,2026,1,17
260001404,Injury Crash,01/09/2026 05:23:00 PM,SCHINDLER DR,NA,Front to Front,Clear,Dry,Medium,Traffic Control Signal,NONE DETECTED,No,No Apparent Injury,NA,Not Distracted,MD,Passenger Car,Turning Left,35,No,2023,VOLVO,XC60,39.03345204,-76.986151950000007,2026,1,17
260001386,Property Damage Crash,01/09/2026 05:15:00 PM,BROADBIRCH DR,NA,Angle,Rain,Wet,Medium,No Controls,NONE DETECTED,No,No Apparent Injury,NA,Not Distracted,MD,Passenger Car,Turning Left,25,No,2016,NISSAN,SENTRA,39.05600447,-76.96500761,2026,1,17
260001386,Property Damage Crash,01/09/2026 05:15:00 PM,BROADBIRCH DR,NA,Angle,Rain,Wet,Medium,No Controls,NONE DETECTED,No,NA,NA,NA,NA,Passenger Car,Changing Lanes,25,No,2017,LEXUS,ES,39.05600447,-76.96500761,2026,1,17
260001364,Injury Crash,01/09/2026 05:00:00 PM,NA,Pedestrian,Single Vehicle,Rain,Wet,Medium,Flashing Traffic Control Signal,NONE DETECTED,Yes,No Apparent Injury,NA,Not Distracted,MD,Passenger Car,Turning Left,30,No,2019,FORD,F-250,39.06810991,-77.06116594,2026,1,17
260001382,Injury Crash,01/09/2026 04:57:00 PM,RAMP 8 FR US 29 SB TO E RANDOLPH RD WB,NA,Front to Rear,Rain,Wet,Daylight,Traffic Control Signal,NONE DETECTED,Yes,No Apparent Injury,NA,Unknown,MD,Passenger Car,Accelerating,25,No,2013,HONDA,ACCORD,39.0640915,-76.96226217,2026,1,16
260001382,Injury Crash,01/09/2026 04:57:00 PM,RAMP 8 FR US 29 SB TO E RANDOLPH RD WB,NA,Front to Rear,Rain,Wet,Daylight,Traffic Control Signal,NONE DETECTED,No,Possible Minor Injury,NA,Not Distracted,DC,Van - Passenger (&lt;9 Seats),Slowing or Stopping,25,No,2023,CHRYSLER,VOYAGER,39.0640915,-76.96226217,2026,1,16
260001381,Property Damage Crash,01/09/2026 04:43:00 PM,SHAKESPEARE BLVD (WB/L),NA,Angle,Rain,Wet,Medium,Traffic Control Signal,NONE DETECTED,Yes,No Apparent Injury,Failed to Yield Right-of-Way,Unknown,MD,Passenger Car,Turning Left,35,No,1999,FORD,E-150,39.19834189,-77.24501747,2026,1,16
260001381,Property Damage Crash,01/09/2026 04:43:00 PM,SHAKESPEARE BLVD (WB/L),NA,Angle,Rain,Wet,Medium,Traffic Control Signal,NONE DETECTED,No,No Apparent Injury,NA,Not Distracted,MD,Passenger Car,Moving Constant Speed,35,No,2005,TOYOTA,CAMRY,39.19834189,-77.24501747,2026,1,16
260001380,Injury Crash,01/09/2026 04:30:00 PM,E DEER PARK DR,NA,Angle,Rain,Wet,Daylight,No Controls,NONE DETECTED,No,No Apparent Injury,NA,Unknown,MD,Passenger Car,Turning Left,30,No,2019,KIA,FORTE,39.13265217,-77.18818767,2026,1,16
260001380,Injury Crash,01/09/2026 04:30:00 PM,E DEER PARK DR,NA,Angle,Rain,Wet,Daylight,No Controls,NONE DETECTED,No,No Apparent Injury,NA,Not Distracted,MD,Passenger Car,Moving Constant Speed,30,No,2022,TOYOTA,CAMRY,39.13265217,-77.18818767,2026,1,16
260001367,Property Damage Crash,01/09/2026 04:00:00 PM,W DIAMOND AVE,NA,Single Vehicle,Rain,Wet,Daylight,No Controls,NONE DETECTED,No,No Apparent Injury,NA,Unknown,MD,Passenger Car,Moving Constant Speed,25,No,2024,HONDA,CIVIC,39.140742,-77.19623283,2026,1,16
260001369,Property Damage Crash,01/09/2026 03:55:00 PM,DARNESTOWN RD (WB/L),NA,Front to Rear,Rain,Wet,Daylight,No Controls,NONE DETECTED,Yes,No Apparent Injury,NA,Unknown,MD,Passenger Car,Moving Constant Speed,40,No,2015,KIA,OPTIMA,39.1136935,-77.24276583,2026,1,15
260001369,Property Damage Crash,01/09/2026 03:55:00 PM,DARNESTOWN RD (WB/L),NA,Front to Rear,Rain,Wet,Daylight,No Controls,NONE DETECTED,No,No Apparent Injury,NA,Not Distracted,MD,Sport Utility Vehicle,Slowing or Stopping,40,No,2021,HONDA,CR-V,39.1136935,-77.24276583,2026,1,15
260001372,Injury Crash,01/09/2026 03:50:00 PM,SNOUFFERS SCHOOL RD (NB/L),NA,Front to Rear,Rain,Wet,Daylight,No Controls,NONE DETECTED,No,Possible Minor Injury,NA,Not Distracted,MD,Passenger Car,Slowing or Stopping,35,No,2017,TOYOTA,COROLLA,39.16040789,-77.16229796,2026,1,15
260001372,Injury Crash,01/09/2026 03:50:00 PM,SNOUFFERS SCHOOL RD (NB/L),NA,Front to Rear,Rain,Wet,Daylight,No Controls,NONE DETECTED,Yes,No Apparent Injury,Followed Too Closely,Unknown,MD,Pickup,Moving Constant Speed,35,No,2005,FORD,F-150,39.16040789,-77.16229796,2026,1,15