Local Case Number,ACRS Report Type,Crash Date/Time,Road Name,Related Non-Motorist,Collision Type,Weather,Surface Condition,Light,Traffic Control,Driver Substance Abuse,Driver At Fault,Injury Severity,Circumstance,Driver Distracted By,Drivers License State,Vehicle Body Type,Vehicle Movement,Speed Limit,Driverless Vehicle,Vehicle Year,Vehicle Make,Vehicle Model,Latitude,Longitude,Year,Month,Hour
260001365,Injury Crash,01/09/2026 03:30:00 PM,WHITES FERRY RD,NA,"Sideswipe, Opposite Direction",Rain,Wet,Daylight,No Controls,NONE DETECTED,Yes,Possible Minor Injury,Too Fast For Conditions,Not Distracted,MD,Passenger Car,Negotiating a Curve,40,No,2010,TOYOTA,COROLLA,39.1322895,-77.3851535,2026,1,15
260001365,Injury Crash,01/09/2026 03:30:00 PM,WHITES FERRY RD,NA,"Sideswipe, Opposite Direction",Rain,Wet,Daylight,No Controls,NONE DETECTED,No,Possible Minor Injury,NA,Not Distracted,MD,Pickup,Negotiating a Curve,40,No,2024,GMC,CANYON,39.1322895,-77.3851535,2026,1,15
260001358,Injury Crash,01/09/2026 03:09:00 PM,ENNALLS AVE,NA,Angle,Rain,Wet,Daylight,No Controls,NONE DETECTED,Yes,No Apparent Injury,Failed to Yield Right-of-Way,Not Distracted,MD,Pickup,Turning Left,35,No,2018,FORD,F-150,39.04086827,-77.05196909,2026,1,15
260001358,Injury Crash,01/09/2026 03:09:00 PM,ENNALLS AVE,NA,Angle,Rain,Wet,Daylight,No Controls,NONE DETECTED,No,Possible Minor Injury,NA,Not Distracted,MD,Passenger Car,Moving Constant Speed,35,No,2008,TOYOTA,COROLLA,39.04086827,-77.05196909,2026,1,15
260001356,Property Damage Crash,01/09/2026 02:18:00 PM,NA,NA,"Sideswipe, Same Direction",Rain,Wet,Daylight,"Other Pavement Marking (excluding edgelines, centerlines, or lane lines)",NONE DETECTED,No,No Apparent Injury,NA,Not Distracted,MD,Passenger Car,Moving Constant Speed,30,No,2022,HONDA,HR-V,39.02268525,-76.97626418,2026,1,14
260001356,Property Damage Crash,01/09/2026 02:18:00 PM,NA,NA,"Sideswipe, Same Direction",Rain,Wet,Daylight,"Other Pavement Marking (excluding edgelines, centerlines, or lane lines)",NONE DETECTED,Yes,No Apparent Injury,Failed to Yield Right-of-Way,Not Distracted,VA,Passenger Car,Accelerating,30,No,2024,LEXUS,GX,39.02268525,-76.97626418,2026,1,14
260001356,Property Damage Crash,01/09/2026 02:18:00 PM,NA,NA,"Sideswipe, Same Direction",Rain,Wet,Daylight,"Other Pavement Marking (excluding edgelines, centerlines, or lane lines)",NONE DETECTED,No,No Apparent Injury,NA,Not Distracted,MD,Passenger Car,Moving Constant Speed,30,No,2010,TOYOTA,RAV4,39.02268525,-76.97626418,2026,1,14
260001354,Property Damage Crash,01/09/2026 02:15:00 PM,UNIVERSITY BLVD (WB/L),NA,"Sideswipe, Same Direction",Cloudy,Wet,Daylight,Traffic Control Signal,NONE DETECTED,No,NA,NA,NA,NA,Van - Cargo,Turning Left,35,No,2012,FORD,E-450,38.98904133,-76.98765622,2026,1,14
260001354,Property Damage Crash,01/09/2026 02:15:00 PM,UNIVERSITY BLVD (WB/L),NA,"Sideswipe, Same Direction",Cloudy,Wet,Daylight,Traffic Control Signal,NONE DETECTED,No,No Apparent Injury,NA,Not Distracted,MD,Passenger Car,Turning Left,35,No,2004,TOYOTA,COROLLA,38.98904133,-76.98765622,2026,1,14
260001342,Property Damage Crash,01/09/2026 01:33:00 PM,LAYHILL RD (SB/L),NA,Front to Rear,Rain,Wet,Daylight,Pedestrian Crossing Sign,NONE DETECTED,Yes,No Apparent Injury,NA,Unknown,NJ,Passenger Car,Moving Constant Speed,35,No,2008,HONDA,CIVIC,39.061919,-77.05087717,2026,1,13
260001342,Property Damage Crash,01/09/2026 01:33:00 PM,LAYHILL RD (SB/L),NA,Front to Rear,Rain,Wet,Daylight,Pedestrian Crossing Sign,NONE DETECTED,No,No Apparent Injury,NA,Not Distracted,MD,Passenger Car,Moving Constant Speed,35,No,2025,LEXUS,RX,39.061919,-77.05087717,2026,1,13
260001351,Property Damage Crash,01/09/2026 01:30:00 PM,LORAIN AVE,NA,"Sideswipe, Same Direction",Rain,Wet,Daylight,No Controls,NONE DETECTED,Yes,No Apparent Injury,"Operated Motor Vehicle in Inattentive, Careless, Negligent, or Erratic Manner, Operated Motor Vehicle in Reckless or Aggressive Manner, Other Improper Action, Too Fast For Conditions",Unknown,MD,Passenger Car,Accelerating,25,No,2017,DODGE,CHALLENGER,39.02029989,-77.01640511,2026,1,13
260001339,Property Damage Crash,01/09/2026 01:16:00 PM,NA,NA,Angle,Clear,NA,Daylight,NA,NONE DETECTED,Yes,No Apparent Injury,NA,Unknown,MD,Passenger Car,Backing,0,No,2010,MERCEDES-BENZ,C-CLASS,39.04202233,-77.05268583,2026,1,13
260001350,Property Damage Crash,01/09/2026 01:00:00 PM,COLESVILLE RD,NA,Other,Rain,Wet,Daylight,No Controls,NONE DETECTED,No,No Apparent Injury,NA,Not Distracted,MD,Passenger Car,Parked,25,No,2020,TOYOTA,RAV4,39.02153053,-77.01186174,2026,1,13
260001350,Property Damage Crash,01/09/2026 01:00:00 PM,COLESVILLE RD,NA,Other,Rain,Wet,Daylight,No Controls,NONE DETECTED,No,No Apparent Injury,NA,Not Distracted,MD,Passenger Car,Moving Constant Speed,25,No,2025,HONDA,ACCORD,39.02153053,-77.01186174,2026,1,13
260001350,Property Damage Crash,01/09/2026 01:00:00 PM,COLESVILLE RD,NA,Other,Rain,Wet,Daylight,Stop Sign,NONE DETECTED,Yes,No Apparent Injury,"Failed to Yield Right-of-Way, Operated Motor Vehicle in Inattentive, Careless, Negligent, or Erratic Manner, Operated Motor Vehicle in Reckless or Aggressive Manner, Wrong Way",Unknown,MD,Passenger Car,Accelerating,25,No,2017,DODGE,CHALLENGER,39.02153053,-77.01186174,2026,1,13
260001328,Property Damage Crash,01/09/2026 12:16:00 PM,NA,NA,"Sideswipe, Same Direction",Cloudy,NA,Daylight,NA,NONE DETECTED,No,No Apparent Injury,NA,Not Distracted,FL,Passenger Car,Parked,0,No,2018,DODGE,JOURNEY,39.17901833,-77.2692835,2026,1,12
260001328,Property Damage Crash,01/09/2026 12:16:00 PM,NA,NA,"Sideswipe, Same Direction",Cloudy,NA,Daylight,NA,NONE DETECTED,Yes,No Apparent Injury,Improper Turn,Not Distracted,MD,Station Wagon,Turning Right,0,No,2017,DODGE,GRAND CARAVAN,39.17901833,-77.2692835,2026,1,12
260001308,Injury Crash,01/09/2026 10:22:00 AM,DALE DR,NA,Front to Rear,Cloudy,Dry,Daylight,No Controls,NONE DETECTED,No,No Apparent Injury,NA,Not Distracted,MD,Passenger Car,Making U-Turn,30,No,2021,NISSAN,SENTRA,39.00303983,-77.020349,2026,1,10
260001308,Injury Crash,01/09/2026 10:22:00 AM,DALE DR,NA,Front to Rear,Cloudy,Dry,Daylight,No Controls,NONE DETECTED,Yes,Possible Minor Injury,NA,Unknown,MD,Motorcycle - 2 Wheeled,Moving Constant Speed,30,No,2026,KAWASAKI,NINJA ZX-6R,39.00303983,-77.020349,2026,1,10
26000059,Property Damage Crash,01/09/2026 09:15:00 AM,BALTIC AVE,NA,"Sideswipe, Same Direction",Cloudy,Dry,Daylight,No Controls,NONE DETECTED,No,NA,NA,NA,NA,Pickup,Parked,25,No,2016,FORD,F-150,39.07162278,-77.10272591,2026,1,9
26000059,Property Damage Crash,01/09/2026 09:15:00 AM,BALTIC AVE,NA,"Sideswipe, Same Direction",Cloudy,Dry,Daylight,No Controls,NONE DETECTED,No,No Apparent Injury,NA,Not Distracted,MD,Pickup,Slowing or Stopping,25,No,2016,FORD,F-550,39.07162278,-77.10272591,2026,1,9
260001297,Property Damage Crash,01/09/2026 08:26:00 AM,NA,NA,Single Vehicle,Cloudy,NA,Daylight,NA,NONE DETECTED,No,No Apparent Injury,Other Improper Action,Not Distracted,MD,Bus - Transit,Backing,0,No,2020,MOTOR COACH INDUSTRI,J4500,38.98672667,-77.09914667,2026,1,8
260001296,Injury Crash,01/09/2026 07:42:00 AM,NA,NA,Front to Rear,Clear,NA,Daylight,NA,NONE DETECTED,No,Possible Minor Injury,NA,Not Distracted,MD,Sport Utility Vehicle,Slowing or Stopping,0,No,2017,FORD,EXPLORER,39.0606255,-76.97323424,2026,1,7
260001296,Injury Crash,01/09/2026 07:42:00 AM,NA,NA,Front to Rear,Clear,NA,Daylight,NA,NONE DETECTED,Yes,No Apparent Injury,NA,Not Distracted,MD,Bus - School,Backing,0,No,2018,FREIGHTLINER,B2 BUS CHASSIS,39.0606255,-76.97323424,2026,1,7
260001309,Injury Crash,01/09/2026 07:00:00 AM,ATHERTON DR,Pedestrian,Single Vehicle,Cloudy,Dry,Medium,Stop Sign,NONE DETECTED,Yes,No Apparent Injury,Failed to Yield Right-of-Way,Not Distracted,MD,Passenger Car,Turning Left,25,No,2011,HONDA,CR-V,39.06242754,-77.07529855,2026,1,7
260001285,Property Damage Crash,01/09/2026 05:14:00 AM,W MONTGOMERY AVE (WB/L),NA,Single Vehicle,Clear,Dry,Medium,No Controls,NONE DETECTED,No,No Apparent Injury,NA,Not Distracted,MD,Passenger Car,Moving Constant Speed,40,No,2023,NISSAN,SENTRA,39.093593,-77.18341067,2026,1,5
260001283,Property Damage Crash,01/09/2026 05:05:00 AM,NA,NA,Other,Clear,Wet,Medium,Flashing Traffic Control Signal,NONE DETECTED,Yes,No Apparent Injury,NA,Unknown,MD,Passenger Car,Accelerating,25,No,2005,VOLKSWAGEN,BEETLE,39.15641117,-77.1655085,2026,1,5
260001283,Property Damage Crash,01/09/2026 05:05:00 AM,NA,NA,Other,Clear,Wet,Medium,Flashing Traffic Control Signal,NONE DETECTED,No,No Apparent Injury,NA,Not Distracted,MD,Passenger Car,Moving Constant Speed,35,No,2023,DODGE,CHARGER,39.15641117,-77.1655085,2026,1,5
260001281,Property Damage Crash,01/09/2026 05:00:00 AM,NA,NA,"Sideswipe, Opposite Direction",Clear,NA,Medium,NA,NONE DETECTED,Yes,No Apparent Injury,NA,Not Distracted,MD,Sport Utility Vehicle,Slowing or Stopping,0,No,2022,FORD,EXPLORER,39.04607833,-76.9907,2026,1,5
260001255,Property Damage Crash,01/08/2026 09:00:00 PM,SHOP CTR CUT THRU CUT,NA,"Sideswipe, Same Direction",Clear,Dry,Medium,No Controls,NONE DETECTED,Yes,No Apparent Injury,NA,Unknown,MD,Van - Passenger (&lt;9 Seats),Entering Traffic Lane,15,No,2016,FORD,TRANSIT,39.08152833,-76.94585783,2026,1,21
260001255,Property Damage Crash,01/08/2026 09:00:00 PM,SHOP CTR CUT THRU CUT,NA,"Sideswipe, Same Direction",Clear,Dry,Medium,No Controls,NONE DETECTED,No,No Apparent Injury,NA,Not Distracted,MD,Passenger Car,Moving Constant Speed,15,No,2020,LAND ROVER,RANGE ROVER EVOQUE,39.08152833,-76.94585783,2026,1,21
260001250,Injury Crash,01/08/2026 08:30:00 PM,NA,Pedestrian,Single Vehicle,Clear,NA,Medium,NA,NONE DETECTED,Yes,No Apparent Injury,Other Improper Action,Not Distracted,MD,Passenger Car,Turning Left,0,No,2012,MAZDA,MAZDA3,39.09212509,-77.07191276,2026,1,20
260001245,Property Damage Crash,01/08/2026 08:02:00 PM,DEMOCRACY BLVD,NA,"Sideswipe, Same Direction",Clear,Dry,Medium,No Controls,NONE DETECTED,No,No Apparent Injury,NA,Not Distracted,MD,Van - Passenger (&lt;9 Seats),Moving Constant Speed,35,No,2014,FORD,E-350,39.02277718,-77.150637,2026,1,20
260001245,Property Damage Crash,01/08/2026 08:02:00 PM,DEMOCRACY BLVD,NA,"Sideswipe, Same Direction",Clear,Dry,Medium,No Controls,NONE DETECTED,Yes,No Apparent Injury,Failed to Keep in Proper Lane,Not Distracted,MD,Sport Utility Vehicle,Entering Traffic Lane,35,No,2024,LEXUS,RX,39.02277718,-77.150637,2026,1,20
260001231,Injury Crash,01/08/2026 06:35:00 PM,NEW HAMPSHIRE AVE (SB/L),NA,Angle,Clear,Dry,Medium,No Controls,NONE DETECTED,No,Possible Minor Injury,NA,Not Distracted,MD,Sport Utility Vehicle,Moving Constant Speed,40,No,2022,KIA,NIRO,39.03204872,-76.98482229,2026,1,18
260001231,Injury Crash,01/08/2026 06:35:00 PM,NEW HAMPSHIRE AVE (SB/L),NA,Angle,Clear,Dry,Medium,No Controls,NONE DETECTED,Yes,Possible Minor Injury,Failed to Yield Right-of-Way,Not Distracted,MD,Station Wagon,Turning Left,40,No,2020,CHEVROLET,BOLT EV,39.03204872,-76.98482229,2026,1,18
260001222,Property Damage Crash,01/08/2026 05:49:00 PM,NEW HAMPSHIRE AVE,NA,Front to Rear,Clear,Dry,Medium,No Controls,NONE DETECTED,Yes,No Apparent Injury,NA,Unknown,NA,Passenger Car,Moving Constant Speed,40,No,2006,TOYOTA,COROLLA,39.02046894,-76.97659939,2026,1,17
260001222,Property Damage Crash,01/08/2026 05:49:00 PM,NEW HAMPSHIRE AVE,NA,Front to Rear,Clear,Dry,Medium,No Controls,NONE DETECTED,No,No Apparent Injury,NA,Not Distracted,MD,Passenger Car,Slowing or Stopping,40,No,2022,MAZDA,CX-5,39.02046894,-76.97659939,2026,1,17
260001220,Injury Crash,01/08/2026 05:09:00 PM,QUEBEC ST,NA,Rear To Side,Clear,Dry,Medium,No Controls,NONE DETECTED,No,No Apparent Injury,NA,Not Distracted,MD,Bus - Transit,Moving Constant Speed,10,No,2011,GILLIG,LOW FLOOR BUS,39.00062076,-76.98629309,2026,1,17
260001220,Injury Crash,01/08/2026 05:09:00 PM,QUEBEC ST,NA,Rear To Side,Clear,Dry,Medium,No Controls,NONE DETECTED,Yes,No Apparent Injury,NA,Unknown,MD,Passenger Car,Backing,10,No,2014,CHEVROLET,SILVERADO,39.00062076,-76.98629309,2026,1,17
260001026,Injury Crash,01/08/2026 04:10:00 PM,BALTIMORE RD,Unknown Type Of Non-Motorist,Unknown,Clear,Dry,Daylight,Traffic Control Signal,NONE DETECTED,No,NA,NA,NA,NA,Passenger Car,Turning Left,35,No,0,NA,NA,39.08463578,-77.13614271,2026,1,16
260001202,Injury Crash,01/08/2026 04:00:00 PM,CELEBRATION WAY,NA,Angle,Clear,Dry,Daylight,No Controls,NONE DETECTED,No,No Apparent Injury,NA,Not Distracted,MD,Passenger Car,Moving Constant Speed,25,No,2015,MERCEDES-BENZ,S-CLASS,39.18210667,-77.26814,2026,1,16
260001202,Injury Crash,01/08/2026 04:00:00 PM,CELEBRATION WAY,NA,Angle,Clear,Dry,Daylight,Stop Sign,NONE DETECTED,Yes,No Apparent Injury,NA,Unknown,MD,Pickup,Accelerating,25,No,2003,TOYOTA,TACOMA,39.18210667,-77.26814,2026,1,16
260001217,Property Damage Crash,01/08/2026 04:00:00 PM,CRESTWOOD RD,NA,Angle,Clear,Dry,Daylight,No Controls,NONE DETECTED,No,NA,NA,NA,NA,Van - Cargo,Moving Constant Speed,25,No,2020,FORD,COMMERCIAL CHASSIS,39.02291271,-77.0908289,2026,1,16
260005626,Property Damage Crash,01/08/2026 03:00:00 PM,NA,NA,Unknown,Clear,NA,Daylight,NA,NONE DETECTED,No,NA,NA,NA,NA,Unknown,NA,0,No,0,NA,NA,39.03941974,-76.99343411,2026,1,15
260001186,Injury Crash,01/08/2026 02:15:00 PM,MERRIMAC DR,NA,Angle,Clear,Dry,Daylight,No Controls,NONE DETECTED,No,Possible Minor Injury,NA,Not Distracted,MD,Sport Utility Vehicle,Moving Constant Speed,30,No,2021,NISSAN,KICKS,38.99240237,-76.99298559,2026,1,14
260001183,Property Damage Crash,01/08/2026 02:15:00 PM,N HORNERS LA,NA,"Sideswipe, Same Direction",Clear,Dry,Daylight,No Controls,NONE DETECTED,Yes,No Apparent Injury,NA,Not Distracted,MD,Bus - Transit,Turning Right,30,No,2016,GILLIG,LOW FLOOR BUS,39.0868542,-77.14330253,2026,1,14
260001186,Injury Crash,01/08/2026 02:15:00 PM,MERRIMAC DR,NA,Angle,Clear,Dry,Daylight,Stop Sign,NONE DETECTED,Yes,No Apparent Injury,NA,Not Distracted,MD,Sport Utility Vehicle,Turning Left,30,No,2019,TOYOTA,COROLLA,38.99240237,-76.99298559,2026,1,14
260001175,Injury Crash,01/08/2026 01:00:00 PM,GEORGIA AVE (SB/L),Pedestrian,Single Vehicle,Clear,Dry,Daylight,Traffic Control Signal,NONE DETECTED,Yes,No Apparent Injury,NA,Not Distracted,MD,Passenger Car,Turning Left,40,No,2011,TOYOTA,HIGHLANDER,39.01556666,-77.04294186,2026,1,13
260001167,Property Damage Crash,01/08/2026 12:58:00 PM,COLESVILLE RD,NA,Front to Rear,Clear,Dry,Daylight,No Controls,NONE DETECTED,No,No Apparent Injury,NA,Not Distracted,VA,Passenger Car,Slowing or Stopping,35,No,2014,TOYOTA,COROLLA,39.02096965,-77.01202054,2026,1,12
260001167,Property Damage Crash,01/08/2026 12:58:00 PM,COLESVILLE RD,NA,Front to Rear,Clear,Dry,Daylight,No Controls,NONE DETECTED,Yes,No Apparent Injury,"Operated Motor Vehicle in Inattentive, Careless, Negligent, or Erratic Manner",Not Distracted,MD,Passenger Car,Moving Constant Speed,35,No,2012,HONDA,CR-V,39.02096965,-77.01202054,2026,1,12
260001167,Property Damage Crash,01/08/2026 12:58:00 PM,COLESVILLE RD,NA,Front to Rear,Clear,Dry,Daylight,No Controls,NONE DETECTED,No,No Apparent Injury,NA,Not Distracted,MD,Passenger Car,Slowing or Stopping,35,No,2011,HONDA,PILOT,39.02096965,-77.01202054,2026,1,12
260001161,Injury Crash,01/08/2026 12:45:00 PM,CENTERWAY RD,NA,Angle,Clear,Dry,Daylight,Stop Sign,NONE DETECTED,Yes,No Apparent Injury,NA,Not Distracted,MD,Sport Utility Vehicle,Accelerating,25,No,2016,HONDA,HR-V,39.16925283,-77.18943763,2026,1,12
260001161,Injury Crash,01/08/2026 12:45:00 PM,CENTERWAY RD,NA,Angle,Clear,Dry,Daylight,Stop Sign,NONE DETECTED,No,Possible Minor Injury,NA,Not Distracted,MD,Passenger Car,Moving Constant Speed,25,No,2024,TOYOTA,CAMRY,39.16925283,-77.18943763,2026,1,12
260001164,Property Damage Crash,01/08/2026 12:40:00 PM,OLD GEORGETOWN RD (SB/L),NA,"Sideswipe, Same Direction",Clear,Dry,Daylight,No Controls,NONE DETECTED,No,No Apparent Injury,NA,Not Distracted,MD,Passenger Car,Moving Constant Speed,35,No,2020,HYUNDAI,SONATA,39.04941199,-77.11533644,2026,1,12
260001164,Property Damage Crash,01/08/2026 12:40:00 PM,OLD GEORGETOWN RD (SB/L),NA,"Sideswipe, Same Direction",Clear,Dry,Daylight,Traffic Control Signal,NONE DETECTED,Yes,No Apparent Injury,NA,Unknown,MD,Sport Utility Vehicle,Turning Left,35,No,2018,FORD,ECOSPORT,39.04941199,-77.11533644,2026,1,12
260001149,Property Damage Crash,01/08/2026 11:41:00 AM,NA,NA,Front to Rear,Clear,Dry,Daylight,Traffic Control Signal,NONE DETECTED,Yes,No Apparent Injury,"Disregarded Other Traffic Sign, Followed Too Closely",Not Distracted,MD,Passenger Car,Slowing or Stopping,40,No,2015,VOLKSWAGEN,JETTA,39.14082965,-77.1520853,2026,1,11
260001149,Property Damage Crash,01/08/2026 11:41:00 AM,NA,NA,Front to Rear,Clear,Dry,Daylight,Traffic Control Signal,NONE DETECTED,No,No Apparent Injury,NA,Not Distracted,MD,Sport Utility Vehicle,Stopped in Traffic,40,No,2009,FORD,ESCAPE,39.14082965,-77.1520853,2026,1,11
260001163,Property Damage Crash,01/08/2026 11:30:00 AM,NA,NA,Other,Clear,NA,Daylight,NA,NONE DETECTED,Yes,No Apparent Injury,Improper Backing,Not Distracted,MD,Pickup,Backing,0,No,2016,CHEVROLET,SILVERADO,39.17947991,-77.23812059,2026,1,11
260001154,Property Damage Crash,01/08/2026 11:26:00 AM,NA,NA,Angle,Clear,NA,Daylight,NA,NONE DETECTED,Yes,No Apparent Injury,Other Improper Action,Unknown,MD,Passenger Car,Slowing or Stopping,0,No,2025,HONDA,CR-V,38.99243717,-77.0492495,2026,1,11
260001144,Property Damage Crash,01/08/2026 10:39:00 AM,NA,NA,Front to Front,Clear,Dry,Daylight,Traffic Control Signal,NONE DETECTED,No,No Apparent Injury,NA,Not Distracted,MD,Passenger Car,Moving Constant Speed,35,No,2015,HONDA,CR-V,39.07548808,-76.99412023,2026,1,10
260001144,Property Damage Crash,01/08/2026 10:39:00 AM,NA,NA,Front to Front,Clear,Dry,Daylight,Traffic Control Signal,NONE DETECTED,No,No Apparent Injury,NA,Unknown,MD,Passenger Car,Turning Left,35,No,2021,CADILLAC,XT6,39.07548808,-76.99412023,2026,1,10
260001140,Injury Crash,01/08/2026 10:29:00 AM,E RANDOLPH RD (WB/L),NA,Front to Rear,Clear,Dry,Daylight,No Controls,NONE DETECTED,No,Possible Minor Injury,NA,Not Distracted,MD,Passenger Car,Moving Constant Speed,40,No,2010,LEXUS,RX,39.07344911,-76.98974472,2026,1,10
260001140,Injury Crash,01/08/2026 10:29:00 AM,E RANDOLPH RD (WB/L),NA,Front to Rear,Clear,Dry,Daylight,No Controls,NONE DETECTED,Yes,No Apparent Injury,"Operated Motor Vehicle in Inattentive, Careless, Negligent, or Erratic Manner",Not Distracted,MD,Passenger Car,Slowing or Stopping,40,No,2014,CHEVROLET,CORVETTE,39.07344911,-76.98974472,2026,1,10
260001132,Injury Crash,01/08/2026 09:30:00 AM,NA,NA,Front to Rear,Clear,Dry,Daylight,No Controls,NONE DETECTED,Yes,No Apparent Injury,NA,Not Distracted,MD,Passenger Car,Turning Left,25,No,2005,HONDA,ACCORD,39.15786983,-77.05004267,2026,1,9
260001132,Injury Crash,01/08/2026 09:30:00 AM,NA,NA,Front to Rear,Clear,Dry,Daylight,No Controls,NONE DETECTED,No,Possible Minor Injury,NA,Not Distracted,MD,Pickup,Parked,25,No,2002,TOYOTA,TUNDRA,39.15786983,-77.05004267,2026,1,9
260001133,Property Damage Crash,01/08/2026 09:14:00 AM,NEW HAMPSHIRE AVE,NA,Angle,Clear,Dry,Daylight,Traffic Control Signal,NONE DETECTED,Yes,No Apparent Injury,Failed to Yield Right-of-Way,Unknown,MD,Passenger Car,Turning Left,30,No,2014,MERCEDES-BENZ,CLA-CLASS,39.15006517,-77.01241017,2026,1,9
260001133,Property Damage Crash,01/08/2026 09:14:00 AM,NEW HAMPSHIRE AVE,NA,Angle,Clear,Dry,Daylight,Traffic Control Signal,NONE DETECTED,No,No Apparent Injury,NA,Not Distracted,MD,Pickup,Turning Right,30,No,2024,CHEVROLET,SILVERADO HD,39.15006517,-77.01241017,2026,1,9
260001134,Property Damage Crash,01/08/2026 09:13:00 AM,RAMP 4 FR MD 650 NB TO US 29 EB,NA,Rear To Side,Clear,Dry,Daylight,No Controls,NONE DETECTED,No,No Apparent Injury,NA,Not Distracted,MD,Passenger Car,Slowing or Stopping,40,No,2020,CHEVROLET,BOLT EV,39.0436175,-76.99011977,2026,1,9
260001134,Property Damage Crash,01/08/2026 09:13:00 AM,RAMP 4 FR MD 650 NB TO US 29 EB,NA,Rear To Side,Clear,Dry,Daylight,No Controls,NONE DETECTED,Yes,No Apparent Injury,Followed Too Closely,Not Distracted,MD,Bus - School,Slowing or Stopping,40,No,2022,THOMAS BUILT,HDX,39.0436175,-76.99011977,2026,1,9
260001131,Property Damage Crash,01/08/2026 09:05:00 AM,SEVEN LOCKS RD,NA,Rear To Side,Clear,Dry,Daylight,No Controls,NONE DETECTED,Yes,No Apparent Injury,NA,Not Distracted,MD,Passenger Car,Entering Traffic Lane,35,No,2010,HONDA,INSIGHT,39.03041453,-77.16157566,2026,1,9
260001131,Property Damage Crash,01/08/2026 09:05:00 AM,SEVEN LOCKS RD,NA,Rear To Side,Clear,Dry,Daylight,No Controls,NONE DETECTED,No,No Apparent Injury,NA,Not Distracted,MD,Passenger Car,Moving Constant Speed,35,No,2017,HYUNDAI,SANTA FE,39.03041453,-77.16157566,2026,1,9
260001131,Property Damage Crash,01/08/2026 09:05:00 AM,SEVEN LOCKS RD,NA,Rear To Side,Clear,Dry,Daylight,No Controls,NONE DETECTED,No,No Apparent Injury,NA,Not Distracted,MD,Passenger Car,Stopped in Traffic,35,No,2002,LEXUS,RX,39.03041453,-77.16157566,2026,1,9
260001130,Injury Crash,01/08/2026 08:59:00 AM,SNOWDEN FARM PKWY,NA,Front to Rear,Clear,Wet,Daylight,No Controls,NONE DETECTED,Yes,Possible Minor Injury,"Followed Too Closely, Too Fast For Conditions",Unknown,MD,Passenger Car,Moving Constant Speed,30,No,2020,AUDI,A3,39.22772174,-77.24952709,2026,1,8
260001130,Injury Crash,01/08/2026 08:59:00 AM,SNOWDEN FARM PKWY,NA,Front to Rear,Clear,Wet,Daylight,No Controls,NONE DETECTED,No,No Apparent Injury,NA,Not Distracted,MD,Sport Utility Vehicle,Moving Constant Speed,30,No,2025,MAZDA,CX-90,39.22772174,-77.24952709,2026,1,8
260001116,Injury Crash,01/08/2026 05:50:00 AM,GEORGIA AVE (SB/L),NA,Front to Rear,Clear,Dry,Dark,Traffic Control Signal,NONE DETECTED,Yes,No Apparent Injury,NA,Not Distracted,VA,Passenger Car,Moving Constant Speed,35,No,2024,TOYOTA,TACOMA,39.01271267,-77.04170883,2026,1,5
260001116,Injury Crash,01/08/2026 05:50:00 AM,GEORGIA AVE (SB/L),NA,Front to Rear,Clear,Dry,Dark,Traffic Control Signal,NONE DETECTED,No,Possible Minor Injury,NA,Not Distracted,MD,Passenger Car,Stopped in Traffic,35,No,2023,TOYOTA,COROLLA,39.01271267,-77.04170883,2026,1,5
260001111,Property Damage Crash,01/08/2026 12:52:00 AM,BUEHLER RD,NA,Other,Clear,Dry,Medium,No Controls,ALCOHOL PRESENT,No,No Apparent Injury,"Operated Motor Vehicle in Inattentive, Careless, Negligent, or Erratic Manner",Not Distracted,MD,Passenger Car,Moving Constant Speed,25,No,2003,FORD,MUSTANG,39.14941552,-77.06336858,2026,1,0
260001107,Property Damage Crash,01/07/2026 11:50:00 PM,NA,NA,Single Vehicle,Clear,NA,Medium,NA,NONE DETECTED,Yes,No Apparent Injury,Other Improper Action,Not Distracted,MD,Passenger Car,Accelerating,0,No,2017,FORD,INTERCEPTOR,38.98669737,-77.02836084,2026,1,23