Local Case Number,ACRS Report Type,Crash Date/Time,Road Name,Related Non-Motorist,Collision Type,Weather,Surface Condition,Light,Traffic Control,Driver Substance Abuse,Driver At Fault,Injury Severity,Circumstance,Driver Distracted By,Drivers License State,Vehicle Body Type,Vehicle Movement,Speed Limit,Driverless Vehicle,Vehicle Year,Vehicle Make,Vehicle Model,Latitude,Longitude,Year,Month,Hour
260000778,Property Damage Crash,01/06/2026 11:41:00 AM,NA,NA,Front to Rear,Clear,Dry,Daylight,No Controls,NONE DETECTED,No,No Apparent Injury,NA,Not Distracted,MD,Passenger Car,Stopped in Traffic,30,No,2019,HONDA,CIVIC,39.08481627,-77.1622656,2026,1,11
260000776,Property Damage Crash,01/06/2026 11:24:00 AM,WAYNE AVE (WB/L),NA,Front to Rear,Cloudy,Dry,Daylight,No Controls,NONE DETECTED,No,No Apparent Injury,NA,Not Distracted,WV,Van - Cargo,Changing Lanes,30,No,2024,FORD,UNKNOWN,38.99453073,-77.02785428,2026,1,11
260000776,Property Damage Crash,01/06/2026 11:24:00 AM,WAYNE AVE (WB/L),NA,Front to Rear,Cloudy,Dry,Daylight,No Controls,NONE DETECTED,No,No Apparent Injury,NA,Not Distracted,MD,Bus - Transit,Moving Constant Speed,30,No,2025,GILLIG,CITY TRANSIT BUS,38.99453073,-77.02785428,2026,1,11
260000766,Property Damage Crash,01/06/2026 09:53:00 AM,LAKE RIDGE DR,NA,Angle,Cloudy,Wet,Daylight,Stop Sign,NONE DETECTED,No,No Apparent Injury,NA,Not Distracted,MD,Passenger Car,Turning Left,35,No,2025,VOLKSWAGEN,JETTA,39.2142529,-77.28015237,2026,1,9
260000766,Property Damage Crash,01/06/2026 09:53:00 AM,LAKE RIDGE DR,NA,Angle,Cloudy,Wet,Daylight,Stop Sign,NONE DETECTED,No,No Apparent Injury,NA,Not Distracted,MD,Passenger Car,Turning Left,35,No,2009,TOYOTA,RAV4,39.2142529,-77.28015237,2026,1,9
260000762,Property Damage Crash,01/06/2026 08:44:00 AM,RIVER RD,NA,"Sideswipe, Same Direction",Cloudy,Dry,Daylight,No Controls,NONE DETECTED,No,No Apparent Injury,NA,Not Distracted,MD,Pickup,Stopped in Traffic,35,No,2022,FORD,F-550,38.97568209,-77.12638979,2026,1,8
260000762,Property Damage Crash,01/06/2026 08:44:00 AM,RIVER RD,NA,"Sideswipe, Same Direction",Cloudy,Dry,Daylight,No Controls,NONE DETECTED,Yes,No Apparent Injury,Improper Passing,Not Distracted,MD,Other Trucks,Moving Constant Speed,35,No,2020,CHEVROLET,EXPRESS,38.97568209,-77.12638979,2026,1,8
26000761,Property Damage Crash,01/06/2026 08:33:00 AM,NA,NA,Single Vehicle,Cloudy,NA,Daylight,NA,NONE DETECTED,No,No Apparent Injury,Other Improper Action,Not Distracted,MD,Bus - School,Backing,0,No,2016,THOMAS BUILT,HDX,39.0416,-77.12996833,2026,1,8
260000752,Property Damage Crash,01/06/2026 07:33:00 AM,NA,NA,"Sideswipe, Same Direction",Cloudy,NA,Daylight,NA,NONE DETECTED,No,No Apparent Injury,Improper Turn,Not Distracted,MD,Bus - School,Making U-Turn,0,No,2019,FREIGHTLINER,B2 BUS CHASSIS,39.04003702,-77.06680166,2026,1,7
260000752,Property Damage Crash,01/06/2026 07:33:00 AM,NA,NA,"Sideswipe, Same Direction",Cloudy,NA,Daylight,NA,NONE DETECTED,No,No Apparent Injury,NA,Not Distracted,MD,Bus - School,Parked,0,No,2021,FREIGHTLINER,B2 BUS CHASSIS,39.04003702,-77.06680166,2026,1,7
260000556,Property Damage Crash,01/06/2026 07:19:00 AM,E WAYNE AVE,NA,Front to Rear,Clear,Dry,Daylight,Traffic Control Signal,NONE DETECTED,No,No Apparent Injury,NA,Not Distracted,MD,Passenger Car,Moving Constant Speed,40,No,2015,MITSUBISHI,OUTLANDER,39.00600458,-76.99748378,2026,1,7
260000556,Property Damage Crash,01/06/2026 07:19:00 AM,E WAYNE AVE,NA,Front to Rear,Clear,Dry,Daylight,Traffic Control Signal,NONE DETECTED,No,No Apparent Injury,NA,Not Distracted,MD,Bus - Transit,Slowing or Stopping,40,No,2020,NEW FLYER,XCELSIOR,39.00600458,-76.99748378,2026,1,7
260000751,Property Damage Crash,01/06/2026 07:08:00 AM,W EDMONSTON DR,NA,Angle,Clear,Wet,Medium,Traffic Control Signal,NONE DETECTED,No,No Apparent Injury,NA,Not Distracted,MD,Sport Utility Vehicle,Turning Left,35,No,2010,MITSUBISHI,OUTLANDER,39.07447032,-77.13572984,2026,1,7
260000751,Property Damage Crash,01/06/2026 07:08:00 AM,W EDMONSTON DR,NA,Angle,Clear,Wet,Medium,Traffic Control Signal,NONE DETECTED,Yes,No Apparent Injury,NA,Not Distracted,MD,Sport Utility Vehicle,Moving Constant Speed,35,No,2021,MAZDA,CX-30,39.07447032,-77.13572984,2026,1,7
260000739,Property Damage Crash,01/06/2026 03:09:00 AM,GLENALLAN AVE (WB/L),NA,Single Vehicle,Clear,Dry,Medium,No Controls,NONE DETECTED,No,No Apparent Injury,NA,Not Distracted,MD,Passenger Car,Moving Constant Speed,30,No,2019,CHEVROLET,IMPALA,39.06406572,-77.05303788,2026,1,3
260000672,Property Damage Crash,01/05/2026 04:33:00 PM,FREDERICK RD (SB/L),NA,"Sideswipe, Same Direction",Clear,Dry,Daylight,No Controls,NONE DETECTED,No,No Apparent Injury,NA,Not Distracted,MD,Passenger Car,Moving Constant Speed,30,No,2022,HONDA,CIVIC,39.14240394,-77.20021362,2026,1,16
260000672,Property Damage Crash,01/05/2026 04:33:00 PM,FREDERICK RD (SB/L),NA,"Sideswipe, Same Direction",Clear,Dry,Daylight,No Controls,NONE DETECTED,No,NA,NA,NA,NA,Passenger Car,Moving Constant Speed,30,No,2019,TOYOTA,RAV4,39.14240394,-77.20021362,2026,1,16
260000675,Property Damage Crash,01/05/2026 04:20:00 PM,JONES BRIDGE RD,NA,Angle,Clear,Dry,Daylight,Traffic Control Signal,NONE DETECTED,Yes,No Apparent Injury,NA,Not Distracted,MD,Passenger Car,Entering Traffic Lane,35,No,2016,BMW,528I,38.99694285,-77.09652847,2026,1,16
260000675,Property Damage Crash,01/05/2026 04:20:00 PM,JONES BRIDGE RD,NA,Angle,Clear,Dry,Daylight,Traffic Control Signal,NONE DETECTED,No,No Apparent Injury,NA,Not Distracted,MD,Bus - School,Moving Constant Speed,35,No,2017,THOMAS BUILT,HDX,38.99694285,-77.09652847,2026,1,16
260000669,Injury Crash,01/05/2026 04:07:00 PM,GEORGIA AVE (SB/L),Cyclist (non-electric),Single Vehicle,Cloudy,Dry,Daylight,Traffic Control Signal,NONE DETECTED,Yes,No Apparent Injury,"Failed to Yield Right-of-Way, Operated Motor Vehicle in Inattentive, Careless, Negligent, or Erratic Manner, Other Improper Action",Not Distracted,MD,Sport Utility Vehicle,Turning Right,35,No,2015,HONDA,CR-V,39.0806226,-77.07532502,2026,1,16
260000662,Property Damage Crash,01/05/2026 03:30:00 PM,NA,NA,Single Vehicle,Clear,NA,Daylight,NA,NONE DETECTED,Yes,No Apparent Injury,NA,Unknown,MD,Sport Utility Vehicle,Slowing or Stopping,0,No,2022,TOYOTA,VENZA,39.02469229,-77.12341669,2026,1,15
260000656,Property Damage Crash,01/05/2026 03:22:00 PM,NA,NA,Angle,Cloudy,NA,Daylight,NA,NONE DETECTED,Yes,No Apparent Injury,Other Improper Action,Not Distracted,MD,Sport Utility Vehicle,Turning Right,0,No,2021,TOYOTA,RAV4,39.09134904,-77.07515755,2026,1,15
260000656,Property Damage Crash,01/05/2026 03:22:00 PM,NA,NA,Angle,Cloudy,NA,Daylight,NA,NONE DETECTED,No,No Apparent Injury,NA,Not Distracted,MD,Passenger Car,Overtaking/Passing,0,No,2019,DODGE,CHARGER,39.09134904,-77.07515755,2026,1,15
260000673,Property Damage Crash,01/05/2026 02:36:00 PM,ARLISS ST,NA,Front to Rear,Clear,Dry,Daylight,Traffic Control Signal,NONE DETECTED,No,No Apparent Injury,NA,Not Distracted,MD,Bus - Transit,Changing Lanes,35,No,2022,GILLIG,LOW FLOOR BUS,38.99861845,-77.00094212,2026,1,14
260000673,Property Damage Crash,01/05/2026 02:36:00 PM,ARLISS ST,NA,Front to Rear,Clear,Dry,Daylight,Traffic Control Signal,NONE DETECTED,No,No Apparent Injury,NA,Not Distracted,MD,Passenger Car,Changing Lanes,35,No,2024,TOYOTA,TACOMA,38.99861845,-77.00094212,2026,1,14
260000632,Injury Crash,01/05/2026 02:00:00 PM,NA,NA,Single Vehicle,Clear,NA,Daylight,NA,NONE DETECTED,Yes,Possible Minor Injury,NA,Not Distracted,MD,Station Wagon,Accelerating,0,No,2025,SUBARU,FORESTER,39.10028984,-77.17610681,2026,1,14
260000636,Injury Crash,01/05/2026 01:59:00 PM,NA,NA,Front to Rear,Clear,Dry,Daylight,Traffic Control Signal,NONE DETECTED,Yes,No Apparent Injury,"Followed Too Closely, Too Fast For Conditions",Not Distracted,MD,Passenger Car,Moving Constant Speed,35,No,2001,HONDA,CIVIC,39.1642031,-77.15733059,2026,1,13
260000636,Injury Crash,01/05/2026 01:59:00 PM,NA,NA,Front to Rear,Clear,Dry,Daylight,Traffic Control Signal,NONE DETECTED,No,Possible Minor Injury,NA,Not Distracted,MD,Passenger Car,Stopped in Traffic,35,No,2000,CHEVROLET,GEO PRIZM,39.1642031,-77.15733059,2026,1,13
260000631,Injury Crash,01/05/2026 01:29:00 PM,FIRST ST (WB/L),NA,Front to Rear,Clear,Dry,Daylight,Traffic Control Signal,NONE DETECTED,Yes,Possible Minor Injury,Followed Too Closely,Not Distracted,MD,Passenger Car,Slowing or Stopping,40,No,2000,HONDA,CR-V,39.08467937,-77.13629909,2026,1,13
260000631,Injury Crash,01/05/2026 01:29:00 PM,FIRST ST (WB/L),NA,Front to Rear,Clear,Dry,Daylight,Traffic Control Signal,NONE DETECTED,No,No Apparent Injury,NA,Not Distracted,MD,Passenger Car,Slowing or Stopping,40,No,2013,HONDA,CIVIC,39.08467937,-77.13629909,2026,1,13
260000631,Injury Crash,01/05/2026 01:29:00 PM,FIRST ST (WB/L),NA,Front to Rear,Clear,Dry,Daylight,Traffic Control Signal,NONE DETECTED,No,No Apparent Injury,NA,Not Distracted,MD,Passenger Car,Slowing or Stopping,40,No,2026,TOYOTA,COROLLA,39.08467937,-77.13629909,2026,1,13
260000664,Property Damage Crash,01/05/2026 01:00:00 PM,NA,NA,Other,Cloudy,NA,Daylight,NA,NONE DETECTED,No,NA,NA,NA,NA,Passenger Car,Backing,0,No,2014,CHEVROLET,CRUZE,39.04435771,-77.10532739,2026,1,13
260000612,Property Damage Crash,01/05/2026 11:56:00 AM,WISTERIA DR,NA,Front to Rear,Clear,Dry,Daylight,Traffic Control Signal,NONE DETECTED,Yes,No Apparent Injury,Followed Too Closely,Not Distracted,MD,Passenger Car,Turning Right,30,No,2016,TOYOTA,HIGHLANDER,39.17114788,-77.26288425,2026,1,11
260000612,Property Damage Crash,01/05/2026 11:56:00 AM,WISTERIA DR,NA,Front to Rear,Clear,Dry,Daylight,Traffic Control Signal,NONE DETECTED,No,No Apparent Injury,NA,Not Distracted,MD,Passenger Car,Stopped in Traffic,30,No,2020,MERCEDES-BENZ,METRIS,39.17114788,-77.26288425,2026,1,11
260000600,Property Damage Crash,01/05/2026 11:12:00 AM,FENTON ST,NA,"Sideswipe, Same Direction",Clear,Dry,Daylight,Traffic Control Signal,NONE DETECTED,No,No Apparent Injury,"Improper Passing, Improper Turn, Other Improper Action",Not Distracted,MD,Bus - Transit,Changing Lanes,25,No,2016,GILLIG,LOW FLOOR BUS,38.99520558,-77.02430651,2026,1,11
260000600,Property Damage Crash,01/05/2026 11:12:00 AM,FENTON ST,NA,"Sideswipe, Same Direction",Clear,Dry,Daylight,Traffic Control Signal,NONE DETECTED,No,No Apparent Injury,NA,Not Distracted,MD,Passenger Car,Slowing or Stopping,25,No,2010,TOYOTA,PRIUS,38.99520558,-77.02430651,2026,1,11
260000584,Property Damage Crash,01/05/2026 09:35:00 AM,ROCKVILLE PIKE,NA,"Sideswipe, Same Direction",Clear,Dry,Daylight,Traffic Control Signal,NONE DETECTED,Yes,No Apparent Injury,Other Improper Action,Unknown,MD,Other,Slowing or Stopping,25,No,2021,FREIGHTLINER,M2,38.99673127,-77.09649236,2026,1,9
260000584,Property Damage Crash,01/05/2026 09:35:00 AM,ROCKVILLE PIKE,NA,"Sideswipe, Same Direction",Clear,Dry,Daylight,Traffic Control Signal,NONE DETECTED,Yes,No Apparent Injury,Other Improper Action,Unknown,VA,Bus - Other Type,Moving Constant Speed,25,No,2019,VAN HOOL,TOURIST COACH,38.99673127,-77.09649236,2026,1,9
260000592,Property Damage Crash,01/05/2026 09:30:00 AM,CAPITAL BELTWAY (WB/L),NA,Front to Rear,Cloudy,Wet,Daylight,No Controls,NONE DETECTED,Yes,No Apparent Injury,NA,Not Distracted,MD,Passenger Car,Changing Lanes,55,No,2016,TOYOTA,CAMRY,39.0134481,-77.03776073,2026,1,9
260000592,Property Damage Crash,01/05/2026 09:30:00 AM,CAPITAL BELTWAY (WB/L),NA,Front to Rear,Cloudy,Wet,Daylight,No Controls,NONE DETECTED,No,No Apparent Injury,NA,Not Distracted,MD,Passenger Car,Stopped in Traffic,55,No,2022,DODGE,CHALLENGER,39.0134481,-77.03776073,2026,1,9
260000581,Property Damage Crash,01/05/2026 09:07:00 AM,NA,NA,Front to Front,Clear,Dry,Daylight,Traffic Control Signal,NONE DETECTED,Yes,No Apparent Injury,Failed to Yield Right-of-Way,Not Distracted,MD,Passenger Car,Turning Left,35,No,2020,HYUNDAI,IONIQ,39.195023140000004,-77.15314458,2026,1,9
260000581,Property Damage Crash,01/05/2026 09:07:00 AM,NA,NA,Front to Front,Clear,Dry,Daylight,Traffic Control Signal,NONE DETECTED,No,No Apparent Injury,NA,Not Distracted,MD,Passenger Car,Moving Constant Speed,35,No,2004,SUBARU,IMPREZA,39.195023140000004,-77.15314458,2026,1,9
260000579,Property Damage Crash,01/05/2026 08:40:00 AM,NA,NA,Angle,Clear,NA,Daylight,NA,NONE DETECTED,Yes,No Apparent Injury,Improper Backing,Unknown,MD,Passenger Car,Backing,0,No,1998,TOYOTA,SIENNA,39.15824647,-77.20194257,2026,1,8
260000566,Injury Crash,01/05/2026 08:40:00 AM,CHOKE CHERRY RD,NA,Angle,Clear,Dry,Daylight,Traffic Control Signal,NONE DETECTED,No,Possible Minor Injury,NA,Not Distracted,MD,Passenger Car,Moving Constant Speed,35,No,2014,TOYOTA,CAMRY,39.11441233,-77.18566083,2026,1,8
260000566,Injury Crash,01/05/2026 08:40:00 AM,CHOKE CHERRY RD,NA,Angle,Clear,Dry,Daylight,Traffic Control Signal,NONE DETECTED,Yes,Possible Minor Injury,NA,Not Distracted,MD,Station Wagon,Turning Left,35,No,2006,TOYOTA,HIGHLANDER,39.11441233,-77.18566083,2026,1,8
260000579,Property Damage Crash,01/05/2026 08:40:00 AM,NA,NA,Angle,Clear,NA,Daylight,NA,NONE DETECTED,No,No Apparent Injury,NA,Not Distracted,MD,Bus - School,Parked,0,No,2024,FREIGHTLINER,B2 BUS CHASSIS,39.15824647,-77.20194257,2026,1,8
260000554,Property Damage Crash,01/05/2026 07:24:00 AM,CONGRESSIONAL LA (EB/L),NA,Front to Rear,Clear,Dry,Medium,Traffic Control Signal,ALCOHOL PRESENT,Yes,No Apparent Injury,NA,Unknown,MD,Passenger Car,Moving Constant Speed,25,No,2013,ACURA,ILX,39.06418619,-77.12620845,2026,1,7
260000554,Property Damage Crash,01/05/2026 07:24:00 AM,CONGRESSIONAL LA (EB/L),NA,Front to Rear,Clear,Dry,Medium,Traffic Control Signal,NONE DETECTED,No,No Apparent Injury,NA,Not Distracted,MD,Passenger Car,Stopped in Traffic,25,No,2019,LINCOLN,MKZ,39.06418619,-77.12620845,2026,1,7
260000551,Property Damage Crash,01/05/2026 07:00:00 AM,VEIRS MILL RD,NA,Front to Rear,Clear,Dry,Medium,Traffic Control Signal,NONE DETECTED,Yes,No Apparent Injury,Other Improper Action,Not Distracted,MD,Pickup,Slowing or Stopping,45,No,2009,CHEVROLET,SILVERADO,39.06027183,-77.09000033,2026,1,7
260000551,Property Damage Crash,01/05/2026 07:00:00 AM,VEIRS MILL RD,NA,Front to Rear,Clear,Dry,Medium,Traffic Control Signal,NONE DETECTED,No,No Apparent Injury,NA,Not Distracted,MD,Passenger Car,Stopped in Traffic,45,No,2024,TOYOTA,RAV4,39.06027183,-77.09000033,2026,1,7
260000548,Injury Crash,01/05/2026 06:18:00 AM,GEORGIA AVE,NA,Angle,Clear,Dry,Dark,No Controls,NONE DETECTED,Yes,No Apparent Injury,"Failed to Keep in Proper Lane, Swerved or Avoided Due to Wind, Slippery Surface, Motor Vehicle, Object, Non-Motorist in Roadway, etc",Not Distracted,MD,Passenger Car,Moving Constant Speed,35,No,2025,CHEVROLET,TRAX,39.09354643,-77.07937533,2026,1,6
260000548,Injury Crash,01/05/2026 06:18:00 AM,GEORGIA AVE,NA,Angle,Clear,Dry,Dark,No Controls,NONE DETECTED,No,No Apparent Injury,NA,Not Distracted,MD,Passenger Car,Moving Constant Speed,35,No,2019,CHEVROLET,EXPRESS,39.09354643,-77.07937533,2026,1,6
260000549,Injury Crash,01/05/2026 05:45:00 AM,CEDAR TREE DR (NB/L),NA,Front to Rear,Clear,Dry,Dark,Stop Sign,NONE DETECTED,No,Possible Minor Injury,NA,Not Distracted,MD,Passenger Car,Moving Constant Speed,40,No,2013,HONDA,FIT,39.10661151,-76.91993703,2026,1,5
260000549,Injury Crash,01/05/2026 05:45:00 AM,CEDAR TREE DR (NB/L),NA,Front to Rear,Clear,Dry,Dark,Stop Sign,NONE DETECTED,No,No Apparent Injury,"Failed to Yield Right-of-Way, Operated Motor Vehicle in Inattentive, Careless, Negligent, or Erratic Manner",Not Distracted,MD,Passenger Car,Moving Constant Speed,40,No,2019,ACURA,RDX,39.10661151,-76.91993703,2026,1,5
260000546,Property Damage Crash,01/05/2026 05:25:00 AM,NEW HAMPSHIRE AVE,NA,Angle,Clear,Dry,Medium,Traffic Control Signal,NONE DETECTED,No,No Apparent Injury,NA,Not Distracted,MD,Sport Utility Vehicle,Accelerating,45,No,2013,LAND ROVER,RANGE ROVER SPORT,39.10851178,-76.99781351,2026,1,5
260000546,Property Damage Crash,01/05/2026 05:25:00 AM,NEW HAMPSHIRE AVE,NA,Angle,Clear,Dry,Medium,Traffic Control Signal,NONE DETECTED,No,No Apparent Injury,Ran Red Light,Unknown,DC,Passenger Car,Moving Constant Speed,45,No,2000,HONDA,CIVIC,39.10851178,-76.99781351,2026,1,5
260000594,Property Damage Crash,01/05/2026 12:00:00 AM,DILSTON RD,NA,"Sideswipe, Same Direction",Clear,Dry,Dark,No Controls,NONE DETECTED,Yes,No Apparent Injury,"Operated Motor Vehicle in Inattentive, Careless, Negligent, or Erratic Manner",Not Distracted,NA,Pickup,NA,25,No,2006,FORD,F-150,39.01256083,-76.98172833,2026,1,0
260000539,Property Damage Crash,01/04/2026 10:55:00 PM,GEORGIA AVE (SB/L),NA,"Sideswipe, Same Direction",Clear,Dry,Medium,No Controls,NONE DETECTED,No,No Apparent Injury,NA,Not Distracted,MD,Passenger Car,Moving Constant Speed,35,No,2020,TOYOTA,COROLLA,39.00685212,-77.03927459,2026,1,22
260000539,Property Damage Crash,01/04/2026 10:55:00 PM,GEORGIA AVE (SB/L),NA,"Sideswipe, Same Direction",Clear,Dry,Medium,No Controls,NONE DETECTED,No,NA,NA,NA,NA,Pickup,Moving Constant Speed,35,No,2025,RAM,1500,39.00685212,-77.03927459,2026,1,22
260000529,Property Damage Crash,01/04/2026 07:58:00 PM,CHILHAM PL,NA,Other,Clear,Dry,Medium,No Controls,NONE DETECTED,Yes,No Apparent Injury,NA,Not Distracted,MD,Passenger Car,Moving Constant Speed,5,No,2022,FORD,EXPLORER,39.05870247,-77.17562662,2026,1,19
260000521,Property Damage Crash,01/04/2026 06:20:00 PM,CENTERWAY RD,NA,"Sideswipe, Same Direction",Clear,Dry,Medium,Traffic Control Signal,NONE DETECTED,No,No Apparent Injury,NA,Not Distracted,VA,Sport Utility Vehicle,Moving Constant Speed,35,No,2016,TOYOTA,RAV4,39.16951997,-77.19069328,2026,1,18
260000521,Property Damage Crash,01/04/2026 06:20:00 PM,CENTERWAY RD,NA,"Sideswipe, Same Direction",Clear,Dry,Medium,Traffic Control Signal,NONE DETECTED,Yes,No Apparent Injury,NA,Not Distracted,MD,Sport Utility Vehicle,Moving Constant Speed,35,No,2016,CHEVROLET,SUBURBAN,39.16951997,-77.19069328,2026,1,18
260000513,Property Damage Crash,01/04/2026 04:45:00 PM,GEORGIA AVE,NA,"Sideswipe, Same Direction",Clear,Dry,Medium,Traffic Control Signal,NONE DETECTED,No,NA,NA,NA,NA,Passenger Car,Moving Constant Speed,30,No,2025,TOYOTA,COROLLA,39.02998854,-77.04763169,2026,1,16
260000513,Property Damage Crash,01/04/2026 04:45:00 PM,GEORGIA AVE,NA,"Sideswipe, Same Direction",Clear,Dry,Medium,Traffic Control Signal,NONE DETECTED,No,No Apparent Injury,NA,Not Distracted,VA,Passenger Car,Stopped in Traffic,30,No,2006,TOYOTA,PRIUS,39.02998854,-77.04763169,2026,1,16
260000505,Injury Crash,01/04/2026 04:00:00 PM,RAMP 2 FR RANDOLPH RD WB TO MD 97 NB,NA,Front to Rear,Clear,Dry,Daylight,Flashing Traffic Control Signal,NONE DETECTED,Yes,NA,NA,NA,NA,Passenger Car,Moving Constant Speed,30,No,2013,TOYOTA,AVALON,39.058451,-77.04963373,2026,1,16
260000505,Injury Crash,01/04/2026 04:00:00 PM,RAMP 2 FR RANDOLPH RD WB TO MD 97 NB,NA,Front to Rear,Clear,Dry,Daylight,Flashing Traffic Control Signal,NONE DETECTED,No,Possible Minor Injury,NA,Not Distracted,MD,Passenger Car,Turning Right,30,No,2020,GMC,ACADIA,39.058451,-77.04963373,2026,1,16
260000509,Property Damage Crash,01/04/2026 03:54:00 PM,ROCKVILLE PIKE (SB/L),NA,"Sideswipe, Same Direction",Clear,Dry,Daylight,No Controls,NONE DETECTED,No,NA,NA,NA,NA,Sport Utility Vehicle,Accelerating,35,No,2023,MAZDA,CX-9,39.05921453,-77.12183781,2026,1,15
260000509,Property Damage Crash,01/04/2026 03:54:00 PM,ROCKVILLE PIKE (SB/L),NA,"Sideswipe, Same Direction",Clear,Dry,Daylight,No Controls,NONE DETECTED,No,No Apparent Injury,NA,Unknown,MD,Passenger Car,Changing Lanes,35,No,2015,HONDA,CIVIC,39.05921453,-77.12183781,2026,1,15
260000499,Property Damage Crash,01/04/2026 03:24:00 PM,NA,NA,Single Vehicle,Clear,NA,Daylight,NA,NONE DETECTED,Yes,No Apparent Injury,NA,Not Distracted,MD,Other,Moving Constant Speed,0,No,2007,PIERCE MANUFACTURING,DASH,39.0588677,-77.1226525,2026,1,15
260000500,Injury Crash,01/04/2026 03:21:00 PM,NA,Cyclist (non-electric),Single Vehicle,Clear,Dry,Daylight,Traffic Control Signal,NONE DETECTED,Yes,No Apparent Injury,NA,Not Distracted,MD,Passenger Car,Turning Left,30,No,2019,NISSAN,SENTRA,39.06683399,-77.16163025,2026,1,15
260000515,Property Damage Crash,01/04/2026 03:00:00 PM,BRADLEY BLVD,NA,"Sideswipe, Same Direction",Clear,Dry,Daylight,No Controls,NONE DETECTED,No,NA,NA,NA,NA,Sport Utility Vehicle,Moving Constant Speed,30,No,2016,LEXUS,RX,38.97769118,-77.09232446,2026,1,15
260000497,Property Damage Crash,01/04/2026 02:45:00 PM,QUINCE ORCHARD RD,NA,"Sideswipe, Same Direction",Clear,Dry,Daylight,Traffic Control Signal,NONE DETECTED,No,No Apparent Injury,NA,Not Distracted,MD,Passenger Car,Moving Constant Speed,35,No,2019,HONDA,RIDGELINE,39.145707,-77.2199125,2026,1,14
260000497,Property Damage Crash,01/04/2026 02:45:00 PM,QUINCE ORCHARD RD,NA,"Sideswipe, Same Direction",Clear,Dry,Daylight,Traffic Control Signal,NONE DETECTED,Yes,No Apparent Injury,NA,Unknown,MD,Passenger Car,Entering Traffic Lane,35,No,2025,NISSAN,ROGUE,39.145707,-77.2199125,2026,1,14
260000490,Property Damage Crash,01/04/2026 01:53:00 PM,NA,NA,Rear To Side,Clear,NA,Daylight,NA,NONE DETECTED,No,NA,Improper Backing,Unknown,NA,Passenger Car,Backing,0,No,0,NA,NA,39.04095668,-77.15778559,2026,1,13
260000490,Property Damage Crash,01/04/2026 01:53:00 PM,NA,NA,Rear To Side,Clear,NA,Daylight,NA,NONE DETECTED,No,No Apparent Injury,NA,Not Distracted,MD,Pickup,Stopped in Traffic,0,No,2019,FORD,RANGER,39.04095668,-77.15778559,2026,1,13
260000464,Injury Crash,01/04/2026 10:35:00 AM,NEW HAMPSHIRE AVE (SB/L),NA,Rear To Side,Clear,Dry,Daylight,Traffic Control Signal,NONE DETECTED,Yes,No Apparent Injury,NA,Unknown,MD,Passenger Car,Turning Left,35,No,2025,ACURA,INTEGRA,38.98759404,-76.98797003,2026,1,10
260000464,Injury Crash,01/04/2026 10:35:00 AM,NEW HAMPSHIRE AVE (SB/L),NA,Rear To Side,Clear,Dry,Daylight,Traffic Control Signal,NONE DETECTED,No,Possible Minor Injury,NA,Not Distracted,MD,Passenger Car,Moving Constant Speed,35,No,2024,CHEVROLET,MALIBU,38.98759404,-76.98797003,2026,1,10
260000473,Property Damage Crash,01/04/2026 05:58:00 AM,COLESVILLE RD,NA,Single Vehicle,Clear,Dry,Dark,Traffic Control Signal,NONE DETECTED,No,No Apparent Injury,NA,Not Distracted,MD,Passenger Car,Moving Constant Speed,35,No,2023,FORD,EXPLORER,39.00560437,-77.02263044,2026,1,5
260000446,Property Damage Crash,01/04/2026 02:40:00 AM,LINDELL ST,NA,"Sideswipe, Same Direction",Clear,Dry,Dark,No Controls,ALCOHOL PRESENT,Yes,No Apparent Injury,NA,Unknown,MD,Sport Utility Vehicle,Moving Constant Speed,30,No,2013,HONDA,PILOT,39.05447268,-77.05111747,2026,1,2
260000438,Property Damage Crash,01/04/2026 12:45:00 AM,VEIRS MILL RD (WB/L),NA,Single Vehicle,Clear,Dry,Medium,No Controls,NONE DETECTED,No,No Apparent Injury,NA,Not Distracted,MD,Passenger Car,Moving Constant Speed,35,No,2025,HYUNDAI,SANTA FE,39.0781074,-77.12800065,2026,1,0