Local Case Number,ACRS Report Type,Crash Date/Time,Road Name,Related Non-Motorist,Collision Type,Weather,Surface Condition,Light,Traffic Control,Driver Substance Abuse,Driver At Fault,Injury Severity,Circumstance,Driver Distracted By,Drivers License State,Vehicle Body Type,Vehicle Movement,Speed Limit,Driverless Vehicle,Vehicle Year,Vehicle Make,Vehicle Model,Latitude,Longitude,Year,Month,Hour
260000431,Injury Crash,01/03/2026 11:34:00 PM,WINDHAM LA,NA,Front to Rear,Clear,Dry,Medium,Traffic Control Signal,ALCOHOL PRESENT,Yes,Possible Minor Injury,"Operated Motor Vehicle in Inattentive, Careless, Negligent, or Erratic Manner, Other Improper Action, Too Fast For Conditions",Unknown,MD,Passenger Car,Moving Constant Speed,30,No,2011,MAZDA,MAZDA3,39.03194049,-77.04840464,2026,1,23
260000431,Injury Crash,01/03/2026 11:34:00 PM,WINDHAM LA,NA,Front to Rear,Clear,Dry,Medium,Traffic Control Signal,NONE DETECTED,No,Possible Minor Injury,NA,Not Distracted,VA,Passenger Car,Moving Constant Speed,30,No,2001,MERCEDES-BENZ,S-CLASS,39.03194049,-77.04840464,2026,1,23
260000432,Property Damage Crash,01/03/2026 11:25:00 PM,ASPEN HILL RD,NA,Front to Rear,Clear,Dry,Medium,Traffic Control Signal,NONE DETECTED,No,No Apparent Injury,NA,Not Distracted,MD,Passenger Car,Stopped in Traffic,40,No,2012,TOYOTA,CAMRY,39.06938184,-77.10465234,2026,1,23
260000432,Property Damage Crash,01/03/2026 11:25:00 PM,ASPEN HILL RD,NA,Front to Rear,Clear,Dry,Medium,Traffic Control Signal,NONE DETECTED,Yes,No Apparent Injury,"Operated Motor Vehicle in Inattentive, Careless, Negligent, or Erratic Manner",Not Distracted,MD,Passenger Car,Slowing or Stopping,40,No,2013,TOYOTA,COROLLA,39.06938184,-77.10465234,2026,1,23
260000430,Property Damage Crash,01/03/2026 11:00:00 PM,ARBUTUS AVE,NA,Front to Rear,Clear,Dry,Medium,No Controls,NONE DETECTED,No,NA,NA,NA,NA,Passenger Car,Parked,25,No,2021,FORD,ESCAPE,39.0719923,-77.09465916,2026,1,23
260000430,Property Damage Crash,01/03/2026 11:00:00 PM,ARBUTUS AVE,NA,Front to Rear,Clear,Dry,Medium,No Controls,NONE DETECTED,Yes,No Apparent Injury,NA,Unknown,NA,Passenger Car,Moving Constant Speed,25,No,2000,HONDA,ACCORD,39.0719923,-77.09465916,2026,1,23
260000430,Property Damage Crash,01/03/2026 11:00:00 PM,ARBUTUS AVE,NA,Front to Rear,Clear,Dry,Medium,No Controls,NONE DETECTED,No,NA,NA,NA,NA,Passenger Car,Parked,25,No,2009,KIA,OPTIMA,39.0719923,-77.09465916,2026,1,23
260000403,Property Damage Crash,01/03/2026 07:06:00 PM,MONTGOMERY VILLAGE AVE (SB/L),NA,Front to Front,Clear,Dry,Medium,Traffic Control Signal,NONE DETECTED,Yes,No Apparent Injury,Failed to Yield Right-of-Way,Unknown,MD,Passenger Car,Turning Left,35,No,2019,TOYOTA,YARIS,39.16981017,-77.20454517,2026,1,19
260000403,Property Damage Crash,01/03/2026 07:06:00 PM,MONTGOMERY VILLAGE AVE (SB/L),NA,Front to Front,Clear,Dry,Medium,Traffic Control Signal,NONE DETECTED,No,No Apparent Injury,NA,Not Distracted,VA,Sport Utility Vehicle,Moving Constant Speed,35,No,2017,NISSAN,VERSA NOTE,39.16981017,-77.20454517,2026,1,19
260000402,Injury Crash,01/03/2026 07:00:00 PM,ROCKVILLE PIKE (SB/L),NA,Angle,Clear,Dry,Medium,No Controls,NONE DETECTED,Yes,Possible Minor Injury,NA,Not Distracted,PA,Passenger Car,Entering Traffic Lane,35,No,2023,HONDA,CR-V,39.06571022,-77.127396,2026,1,19
260000402,Injury Crash,01/03/2026 07:00:00 PM,ROCKVILLE PIKE (SB/L),NA,Angle,Clear,Dry,Medium,No Controls,NONE DETECTED,No,Possible Minor Injury,NA,Not Distracted,MD,Passenger Car,Moving Constant Speed,35,No,2008,MERCEDES-BENZ,R-CLASS,39.06571022,-77.127396,2026,1,19
260000395,Property Damage Crash,01/03/2026 06:14:00 PM,SCHUBERT DR,NA,Front to Rear,Clear,Dry,Medium,No Controls,NONE DETECTED,No,No Apparent Injury,NA,Unknown,MD,Sport Utility Vehicle,Slowing or Stopping,25,No,2021,MAZDA,CX-5,39.06941472,-76.94249832,2026,1,18
260000390,Property Damage Crash,01/03/2026 06:00:00 PM,PINEY BRANCH RD,NA,Front to Rear,Clear,Dry,Medium,No Controls,NONE DETECTED,No,No Apparent Injury,NA,Not Distracted,MD,Passenger Car,Stopped in Traffic,30,No,2023,GMC,ACADIA,38.99285367,-77.00967133,2026,1,18
260000390,Property Damage Crash,01/03/2026 06:00:00 PM,PINEY BRANCH RD,NA,Front to Rear,Clear,Dry,Medium,No Controls,NONE DETECTED,Yes,No Apparent Injury,"Followed Too Closely, Operated Motor Vehicle in Inattentive, Careless, Negligent, or Erratic Manner, Too Fast For Conditions",Unknown,MD,Passenger Car,Moving Constant Speed,30,No,2012,LEXUS,ES,38.99285367,-77.00967133,2026,1,18
260000390,Property Damage Crash,01/03/2026 06:00:00 PM,PINEY BRANCH RD,NA,Front to Rear,Clear,Dry,Medium,No Controls,NONE DETECTED,No,No Apparent Injury,NA,Not Distracted,MD,Passenger Car,Slowing or Stopping,30,No,2019,HYUNDAI,KONA,38.99285367,-77.00967133,2026,1,18
260000396,Property Damage Crash,01/03/2026 05:57:00 PM,WASHINGTONIAN BLVD,NA,"Sideswipe, Same Direction",Clear,Dry,Medium,No Controls,NONE DETECTED,No,No Apparent Injury,NA,Not Distracted,MD,Passenger Car,Moving Constant Speed,25,No,2011,NISSAN,ALTIMA,39.11798037,-77.20268626,2026,1,17
260000396,Property Damage Crash,01/03/2026 05:57:00 PM,WASHINGTONIAN BLVD,NA,"Sideswipe, Same Direction",Clear,Dry,Medium,No Controls,NONE DETECTED,No,NA,NA,NA,NA,Passenger Car,Moving Constant Speed,25,No,2020,NISSAN,VERSA,39.11798037,-77.20268626,2026,1,17
260000382,Property Damage Crash,01/03/2026 05:25:00 PM,SHAKESPEARE BLVD,NA,Rear To Side,Clear,Dry,Medium,Traffic Control Signal,NONE DETECTED,No,No Apparent Injury,NA,Not Distracted,MD,Passenger Car,Turning Right,45,No,1999,TOYOTA,CAMRY,39.19820017,-77.245063,2026,1,17
260000382,Property Damage Crash,01/03/2026 05:25:00 PM,SHAKESPEARE BLVD,NA,Rear To Side,Clear,Dry,Medium,Traffic Control Signal,NONE DETECTED,No,No Apparent Injury,Improper Turn,Unknown,MD,Passenger Car,Turning Left,45,No,2018,HONDA,CIVIC,39.19820017,-77.245063,2026,1,17
260000382,Property Damage Crash,01/03/2026 05:25:00 PM,SHAKESPEARE BLVD,NA,Rear To Side,Clear,Dry,Medium,Traffic Control Signal,NONE DETECTED,No,No Apparent Injury,NA,Not Distracted,MD,Passenger Car,Moving Constant Speed,45,No,2012,FORD,FUSION,39.19820017,-77.245063,2026,1,17
260000381,Property Damage Crash,01/03/2026 05:15:00 PM,NA,NA,Other,Clear,NA,Medium,NA,NONE DETECTED,Yes,No Apparent Injury,NA,Unknown,NA,Van - Passenger (&lt;9 Seats),Moving Constant Speed,0,No,2022,TOYOTA,SIENNA,39.17529751,-77.20484728,2026,1,17
260000366,Injury Crash,01/03/2026 04:03:00 PM,SILVER SPRING AVE,Pedestrian,Single Vehicle,Cloudy,Dry,Daylight,Traffic Control Signal,NONE DETECTED,No,No Apparent Injury,"Failed to Keep in Proper Lane, Failed to Yield Right-of-Way, Improper Passing, Operated Motor Vehicle in Inattentive, Careless, Negligent, or Erratic Manner",Not Distracted,IL,Passenger Car,Turning Left,25,No,2012,HONDA,CIVIC,38.99171652,-77.02408035,2026,1,16
260000347,Injury Crash,01/03/2026 01:45:00 PM,NA,NA,Front to Rear,Clear,Dry,Daylight,No Controls,NONE DETECTED,Yes,No Apparent Injury,NA,Unknown,MD,Passenger Car,Moving Constant Speed,30,No,2018,SUBARU,LEGACY,39.14627774,-77.04032356,2026,1,13
260000347,Injury Crash,01/03/2026 01:45:00 PM,NA,NA,Front to Rear,Clear,Dry,Daylight,No Controls,NONE DETECTED,No,No Apparent Injury,NA,Not Distracted,MD,Passenger Car,Turning Left,30,No,2017,HONDA,CIVIC,39.14627774,-77.04032356,2026,1,13
260000351,Property Damage Crash,01/03/2026 01:28:00 PM,NA,NA,"Sideswipe, Same Direction",Cloudy,Dry,Daylight,Traffic Control Signal,NONE DETECTED,No,No Apparent Injury,NA,Not Distracted,MD,Pickup,Accelerating,35,No,2022,FORD,F-150,39.16479876,-77.28720303,2026,1,13
260000351,Property Damage Crash,01/03/2026 01:28:00 PM,NA,NA,"Sideswipe, Same Direction",Cloudy,Dry,Daylight,Traffic Control Signal,NONE DETECTED,Yes,No Apparent Injury,Failed to Yield Right-of-Way,Unknown,MD,Passenger Car,Leaving Traffic Lane,35,No,2022,SUBARU,OUTBACK,39.16479876,-77.28720303,2026,1,13
260000342,Property Damage Crash,01/03/2026 01:15:00 PM,BATTERY LA,NA,"Sideswipe, Same Direction",Clear,Dry,Daylight,No Controls,NONE DETECTED,No,No Apparent Injury,NA,Unknown,MD,Passenger Car,Changing Lanes,25,No,2025,KIA,SPORTAGE,38.99275267,-77.097353,2026,1,13
260000342,Property Damage Crash,01/03/2026 01:15:00 PM,BATTERY LA,NA,"Sideswipe, Same Direction",Clear,Dry,Daylight,No Controls,NONE DETECTED,No,No Apparent Injury,NA,Unknown,MD,Other,Accelerating,25,No,2000,FORD,EXPLORER,38.99275267,-77.097353,2026,1,13
260000339,Property Damage Crash,01/03/2026 12:33:00 PM,BRINK RD,NA,Front to Rear,Clear,Dry,Daylight,No Controls,NONE DETECTED,No,No Apparent Injury,NA,Not Distracted,MD,Van - Passenger (&lt;9 Seats),Slowing or Stopping,35,No,2020,MERCEDES-BENZ,METRIS,39.2077011,-77.2231929,2026,1,12
260000339,Property Damage Crash,01/03/2026 12:33:00 PM,BRINK RD,NA,Front to Rear,Clear,Dry,Daylight,No Controls,NONE DETECTED,Yes,No Apparent Injury,Too Fast For Conditions,Not Distracted,MD,Passenger Car,Moving Constant Speed,35,No,2009,TOYOTA,COROLLA,39.2077011,-77.2231929,2026,1,12
260000328,Injury Crash,01/03/2026 10:30:00 AM,NA,NA,Rear To Side,Clear,NA,Daylight,NA,NONE DETECTED,No,No Apparent Injury,NA,Not Distracted,MD,Passenger Car,Moving Constant Speed,0,No,2013,NISSAN,ALTIMA,39.1218864,-77.1827365,2026,1,10
260000324,Injury Crash,01/03/2026 10:30:00 AM,LAKE FOREST BLVD,NA,Front to Front,Clear,Dry,Daylight,Traffic Control Signal,NONE DETECTED,No,No Apparent Injury,NA,Not Distracted,NA,Passenger Car,Moving Constant Speed,35,No,2008,NISSAN,VERSA,39.15153964,-77.20727362,2026,1,10
260000328,Injury Crash,01/03/2026 10:30:00 AM,NA,NA,Rear To Side,Clear,NA,Daylight,NA,NONE DETECTED,Yes,Possible Minor Injury,NA,Not Distracted,MD,Van - Passenger (&lt;9 Seats),Backing,0,No,2013,TOYOTA,SIENNA,39.1218864,-77.1827365,2026,1,10
260000324,Injury Crash,01/03/2026 10:30:00 AM,LAKE FOREST BLVD,NA,Front to Front,Clear,Dry,Daylight,Traffic Control Signal,NONE DETECTED,Yes,Possible Minor Injury,NA,Not Distracted,MD,Passenger Car,Moving Constant Speed,35,No,2019,MERCEDES-BENZ,GLA-CLASS,39.15153964,-77.20727362,2026,1,10
260000308,Property Damage Crash,01/03/2026 05:20:00 AM,CONNECTICUT AVE,NA,Single Vehicle,Clear,Dry,Medium,No Controls,NONE DETECTED,No,No Apparent Injury,NA,Not Distracted,MD,Sport Utility Vehicle,Moving Constant Speed,35,No,2013,HONDA,CR-V,39.00943281,-77.08081116,2026,1,5
260000304,Property Damage Crash,01/03/2026 02:50:00 AM,PRESERVE PKWY (WB/L),NA,Single Vehicle,Clear,Dry,Medium,No Controls,NONE DETECTED,No,No Apparent Injury,"Other Improper Action, Over-Correcting/Over-Steering",Unknown,MD,Truck Tractor,Turning Right,35,No,2007,PIERCE MANUFACTURING,DASH,39.06551979,-77.14986486,2026,1,2
260000302,Property Damage Crash,01/03/2026 12:52:00 AM,FALLS RD,NA,Single Vehicle,Clear,Dry,Medium,No Controls,ALCOHOL PRESENT,Yes,No Apparent Injury,NA,Unknown,MD,Passenger Car,Moving Constant Speed,35,No,2024,VOLVO,S60,39.07185222,-77.16668535,2026,1,0
260000294,Injury Crash,01/03/2026 12:13:00 AM,SLIGO CREEK PKWY,NA,Front to Rear,Clear,Dry,Medium,Traffic Control Signal,ALCOHOL PRESENT,Yes,No Apparent Injury,NA,Unknown,MD,Passenger Car,Moving Constant Speed,30,No,2013,SUBARU,IMPREZA,39.00766811,-77.02013135,2026,1,0
260000294,Injury Crash,01/03/2026 12:13:00 AM,SLIGO CREEK PKWY,NA,Front to Rear,Clear,Dry,Medium,Traffic Control Signal,NONE DETECTED,No,Possible Minor Injury,NA,Not Distracted,MD,Passenger Car,Stopped in Traffic,30,No,2020,LEXUS,NX,39.00766811,-77.02013135,2026,1,0
260000289,Property Damage Crash,01/02/2026 10:54:00 PM,SHERWOOD FOREST DR,NA,Single Vehicle,Clear,Dry,Dark,No Controls,NONE DETECTED,Yes,No Apparent Injury,Failed to Keep in Proper Lane,Not Distracted,MD,Passenger Car,Moving Constant Speed,40,No,2014,INFINITI,QX70,39.07322069,-77.0083488,2026,1,22
260000274,Injury Crash,01/02/2026 08:00:00 PM,BIG WOODS RD,NA,Single Vehicle,Clear,Dry,Dark,No Controls,NONE DETECTED,Yes,Possible Minor Injury,NA,Unknown,MD,Sport Utility Vehicle,Moving Constant Speed,30,No,2006,CHEVROLET,HHR,39.2120435,-77.41897167,2026,1,20
260000267,Property Damage Crash,01/02/2026 06:52:00 PM,DALE DR,NA,Front to Rear,Clear,Dry,Dark,No Controls,NONE DETECTED,No,No Apparent Injury,NA,NA,NA,Unknown,Moving Constant Speed,25,No,2014,JEEP,GRAND CHEROKEE,39.008274,-77.031945,2026,1,18
260000261,Property Damage Crash,01/02/2026 06:49:00 PM,CONTOUR RD,NA,"Sideswipe, Opposite Direction",Clear,Dry,Medium,No Controls,NONE DETECTED,No,No Apparent Injury,NA,Not Distracted,MD,Passenger Car,Moving Constant Speed,25,No,2019,HONDA,ODYSSEY,39.15527994,-77.20043715,2026,1,18
260000261,Property Damage Crash,01/02/2026 06:49:00 PM,CONTOUR RD,NA,"Sideswipe, Opposite Direction",Clear,Dry,Medium,No Controls,NONE DETECTED,Yes,No Apparent Injury,"Disregarded Other Road Markings, Failed to Keep in Proper Lane, Improper Turn",Not Distracted,MD,Passenger Car,Making U-Turn,25,No,2015,HONDA,ACCORD,39.15527994,-77.20043715,2026,1,18
260000258,Property Damage Crash,01/02/2026 06:38:00 PM,NA,NA,Angle,Clear,Dry,Medium,No Controls,NONE DETECTED,No,No Apparent Injury,NA,Not Distracted,MD,Sport Utility Vehicle,Moving Constant Speed,30,No,2017,JEEP,CHEROKEE,39.2844065,-77.18371367,2026,1,18
260000258,Property Damage Crash,01/02/2026 06:38:00 PM,NA,NA,Angle,Clear,Dry,Medium,No Controls,NONE DETECTED,Yes,No Apparent Injury,Failed to Yield Right-of-Way,Unknown,MD,Passenger Car,Turning Left,30,No,2021,ACURA,ILX,39.2844065,-77.18371367,2026,1,18
260000246,Property Damage Crash,01/02/2026 05:43:00 PM,FOREMAN BLVD,NA,Other,Clear,Dry,Medium,No Controls,NONE DETECTED,No,No Apparent Injury,NA,Unknown,MD,Passenger Car,Moving Constant Speed,40,No,2011,HYUNDAI,SONATA,39.23176766,-77.25860641,2026,1,17
260000246,Property Damage Crash,01/02/2026 05:43:00 PM,FOREMAN BLVD,NA,Other,Clear,Dry,Medium,Stop Sign,NONE DETECTED,Yes,No Apparent Injury,Failed to Yield Right-of-Way,Unknown,MD,Passenger Car,Accelerating,40,No,2024,CHEVROLET,EQUINOX,39.23176766,-77.25860641,2026,1,17
260000247,Property Damage Crash,01/02/2026 05:43:00 PM,WYNGATE DR,NA,Angle,Clear,Dry,Medium,No Controls,NONE DETECTED,No,No Apparent Injury,NA,Not Distracted,WV,Passenger Car,Turning Left,30,No,2019,HYUNDAI,KONA,39.01187584,-77.11642158,2026,1,17
260000247,Property Damage Crash,01/02/2026 05:43:00 PM,WYNGATE DR,NA,Angle,Clear,Dry,Medium,No Controls,NONE DETECTED,No,No Apparent Injury,NA,Not Distracted,MD,Passenger Car,Moving Constant Speed,40,No,2007,HONDA,ODYSSEY,39.01187584,-77.11642158,2026,1,17
260000232,Injury Crash,01/02/2026 04:56:00 PM,BROADMORE RD,Cyclist (non-electric),Single Vehicle,Clear,Dry,Daylight,No Controls,NONE DETECTED,No,No Apparent Injury,NA,Not Distracted,MD,Passenger Car,Moving Constant Speed,25,No,2014,TOYOTA,RAV4,39.07139788,-76.99140344,2026,1,16
260000225,Injury Crash,01/02/2026 04:02:00 PM,NA,NA,Angle,Clear,Dry,Daylight,No Controls,NONE DETECTED,No,Possible Minor Injury,NA,Not Distracted,MD,Passenger Car,Moving Constant Speed,40,No,2016,TOYOTA,COROLLA,39.17949794,-77.24042699,2026,1,16
260000225,Injury Crash,01/02/2026 04:02:00 PM,NA,NA,Angle,Clear,Dry,Daylight,No Controls,NONE DETECTED,Yes,No Apparent Injury,"Failed to Yield Right-of-Way, Improper Turn",Unknown,MD,Passenger Car,Turning Left,40,No,2012,NISSAN,ALTIMA,39.17949794,-77.24042699,2026,1,16
260000220,Injury Crash,01/02/2026 03:49:00 PM,GEORGIA AVE (SB/L),Pedestrian,Single Vehicle,Clear,Dry,Daylight,Traffic Control Signal,NONE DETECTED,Yes,No Apparent Injury,Failed to Yield Right-of-Way,Not Distracted,DC,Passenger Car,Turning Left,25,No,2020,TOYOTA,COROLLA,38.99158306,-77.02661205,2026,1,15
260000218,Injury Crash,01/02/2026 03:36:00 PM,NORBECK RD (WB/L),NA,Front to Rear,Clear,Dry,Daylight,Traffic Control Signal,NONE DETECTED,No,No Apparent Injury,NA,Not Distracted,MD,Sport Utility Vehicle,Moving Constant Speed,35,No,2014,TOYOTA,RAV4,39.09618127,-77.10993538,2026,1,15
260000218,Injury Crash,01/02/2026 03:36:00 PM,NORBECK RD (WB/L),NA,Front to Rear,Clear,Dry,Daylight,Traffic Control Signal,NONE DETECTED,Yes,Possible Minor Injury,"Followed Too Closely, Other Improper Action",Not Distracted,NA,Passenger Car,Moving Constant Speed,35,No,2014,TOYOTA,COROLLA,39.09618127,-77.10993538,2026,1,15
260000210,Property Damage Crash,01/02/2026 03:03:00 PM,NA,NA,Front to Rear,Clear,Dry,Daylight,No Controls,NONE DETECTED,No,No Apparent Injury,NA,Unknown,MD,Passenger Car,Slowing or Stopping,25,No,2016,CHRYSLER,200,39.10643873,-77.17993379,2026,1,15
260000210,Property Damage Crash,01/02/2026 03:03:00 PM,NA,NA,Front to Rear,Clear,Dry,Daylight,No Controls,NONE DETECTED,Yes,No Apparent Injury,NA,Unknown,MD,Passenger Car,Moving Constant Speed,25,No,2024,VOLVO,S60,39.10643873,-77.17993379,2026,1,15
260000209,Property Damage Crash,01/02/2026 02:55:00 PM,SHADY GROVE RD (SB/L),NA,Angle,Clear,Dry,Daylight,Traffic Control Signal,NONE DETECTED,No,No Apparent Injury,NA,Unknown,MD,Sport Utility Vehicle,Turning Left,40,No,2008,NISSAN,PATHFINDER,39.11917783,-77.182599,2026,1,14
260000209,Property Damage Crash,01/02/2026 02:55:00 PM,SHADY GROVE RD (SB/L),NA,Angle,Clear,Dry,Daylight,Traffic Control Signal,NONE DETECTED,Yes,No Apparent Injury,"Failed to Yield Right-of-Way, Ran Red Light",Unknown,MD,Passenger Car,Moving Constant Speed,40,No,2025,CHEVROLET,TRAX,39.11917783,-77.182599,2026,1,14
260000199,Injury Crash,01/02/2026 02:05:00 PM,GAITHER RD,NA,Rear To Side,Clear,Dry,Daylight,Traffic Control Signal,NONE DETECTED,No,Possible Minor Injury,NA,Not Distracted,MD,Passenger Car,Moving Constant Speed,30,No,2013,HONDA,ACCORD,39.11760268,-77.18434271,2026,1,14
260000199,Injury Crash,01/02/2026 02:05:00 PM,GAITHER RD,NA,Rear To Side,Clear,Dry,Daylight,Traffic Control Signal,NONE DETECTED,Yes,No Apparent Injury,"Failed to Keep in Proper Lane, Improper Backing",Not Distracted,MD,Passenger Car,Backing,30,No,2024,HONDA,CR-V,39.11760268,-77.18434271,2026,1,14
260000194,Property Damage Crash,01/02/2026 01:45:00 PM,NA,NA,Other,Clear,NA,Daylight,NA,NONE DETECTED,Yes,No Apparent Injury,NA,Not Distracted,MD,Passenger Car,Moving Constant Speed,0,No,2014,FORD,FOCUS,39.03859567,-77.05565667,2026,1,13
260000194,Property Damage Crash,01/02/2026 01:45:00 PM,NA,NA,Other,Clear,NA,Daylight,NA,NONE DETECTED,No,No Apparent Injury,NA,Not Distracted,MD,Passenger Car,Moving Constant Speed,0,No,2001,HONDA,ODYSSEY,39.03859567,-77.05565667,2026,1,13
26000216,Property Damage Crash,01/02/2026 01:30:00 PM,CRISFIELD RD,NA,Angle,Clear,Dry,Daylight,No Controls,NONE DETECTED,Yes,No Apparent Injury,NA,Not Distracted,NA,Passenger Car,Moving Constant Speed,25,No,2016,HONDA,CIVIC,39.069903,-77.07304033,2026,1,13
260000176,Property Damage Crash,01/02/2026 12:03:00 PM,NO NAME,NA,"Sideswipe, Opposite Direction",Cloudy,Dry,Daylight,Traffic Control Signal,NONE DETECTED,Yes,No Apparent Injury,NA,Unknown,MD,Passenger Car,Turning Left,50,No,2014,FORD,FUSION,39.04724121,-76.98565907,2026,1,12
260000176,Property Damage Crash,01/02/2026 12:03:00 PM,NO NAME,NA,"Sideswipe, Opposite Direction",Cloudy,Dry,Daylight,Traffic Control Signal,NONE DETECTED,No,No Apparent Injury,NA,Not Distracted,MD,Passenger Car,Accelerating,50,No,2014,TOYOTA,COROLLA,39.04724121,-76.98565907,2026,1,12
260000176,Property Damage Crash,01/02/2026 12:03:00 PM,NO NAME,NA,"Sideswipe, Opposite Direction",Cloudy,Dry,Daylight,Traffic Control Signal,NONE DETECTED,No,No Apparent Injury,NA,Not Distracted,MD,Passenger Car,Accelerating,50,No,2018,DODGE,CHARGER,39.04724121,-76.98565907,2026,1,12
260000167,Injury Crash,01/02/2026 11:12:00 AM,MONTGOMERY VILLAGE AVE,NA,Angle,Clear,Dry,Daylight,Traffic Control Signal,ALCOHOL PRESENT,No,No Apparent Injury,NA,Not Distracted,NA,Passenger Car,Turning Left,40,No,2013,VOLKSWAGEN,JETTA,39.15443585,-77.20925369,2026,1,11
260000167,Injury Crash,01/02/2026 11:12:00 AM,MONTGOMERY VILLAGE AVE,NA,Angle,Clear,Dry,Daylight,Traffic Control Signal,NONE DETECTED,No,Possible Minor Injury,NA,Not Distracted,MD,Passenger Car,Moving Constant Speed,40,No,2017,INFINITI,Q50,39.15443585,-77.20925369,2026,1,11
260000165,Property Damage Crash,01/02/2026 11:05:00 AM,SHAKESPEARE BLVD,NA,Single Vehicle,Cloudy,Dry,Daylight,No Controls,NONE DETECTED,Yes,No Apparent Injury,NA,Not Distracted,MD,Sport Utility Vehicle,Turning Left,40,No,2008,NISSAN,ROGUE,39.19296947,-77.23853689,2026,1,11
260000153,Injury Crash,01/02/2026 05:28:00 AM,RAMP 5 FR RAMP 8 TO FATHER HURLEY BLVD,NA,Other,Clear,Dry,Medium,Traffic Control Signal,NONE DETECTED,No,Possible Minor Injury,NA,Not Distracted,MD,Passenger Car,Moving Constant Speed,40,No,2017,HONDA,CIVIC,39.19661481,-77.26553299,2026,1,5
260000153,Injury Crash,01/02/2026 05:28:00 AM,RAMP 5 FR RAMP 8 TO FATHER HURLEY BLVD,NA,Other,Clear,Dry,Medium,Traffic Control Signal,NONE DETECTED,No,No Apparent Injury,NA,Not Distracted,MD,Sport Utility Vehicle,Accelerating,15,No,2022,FORD,ESCAPE,39.19661481,-77.26553299,2026,1,5
260000319,Property Damage Crash,01/02/2026 03:00:00 AM,RAMP 2 FR MD 28 WB TO IS 270 NB,NA,Single Vehicle,Clear,Dry,Medium,No Controls,NONE DETECTED,No,No Apparent Injury,NA,Not Distracted,MD,Passenger Car,Negotiating a Curve,55,No,2019,DODGE,CHARGER,39.08611275,-77.1714336,2026,1,3
260000133,Injury Crash,01/01/2026 09:25:00 PM,MASSACHUSETTS AVE (WB/L),NA,Single Vehicle,Clear,Dry,Medium,No Controls,NONE DETECTED,No,Possible Minor Injury,NA,Unknown,VA,Passenger Car,Moving Constant Speed,35,No,2020,NISSAN,ALTIMA,38.95480893,-77.10458125,2026,1,21
260000113,Injury Crash,01/01/2026 06:00:00 PM,GROVE ST,Pedestrian,Single Vehicle,Clear,Dry,Dark,Stop Sign,NONE DETECTED,Yes,No Apparent Injury,NA,Not Distracted,MD,Passenger Car,Accelerating,35,No,2017,HONDA,ACCORD,38.99531589,-77.02218763,2026,1,18
260000112,Injury Crash,01/01/2026 05:40:00 PM,ROCKVILLE PIKE (SB/L),NA,Angle,Clear,Dry,Medium,No Controls,NONE DETECTED,Yes,No Apparent Injury,NA,Not Distracted,MD,Sport Utility Vehicle,Turning Left,40,No,2019,LEXUS,NX,39.06589349,-77.12743942,2026,1,17
260000109,Injury Crash,01/01/2026 05:25:00 PM,DEVON RD,Pedestrian,Single Vehicle,Clear,Dry,Medium,Traffic Control Signal,NONE DETECTED,Yes,No Apparent Injury,NA,Not Distracted,MD,Passenger Car,Turning Left,30,No,2016,HONDA,CIVIC,38.99372032,-77.00907795,2026,1,17
260000106,Property Damage Crash,01/01/2026 05:00:00 PM,ORIENTAL ST,NA,Front to Rear,Clear,Dry,Medium,Stop Sign,NONE DETECTED,No,No Apparent Injury,NA,Not Distracted,MD,Passenger Car,Accelerating,25,No,2024,VOLKSWAGEN,TAOS,39.07562133,-77.09910783,2026,1,17