Local Case Number,ACRS Report Type,Crash Date/Time,Road Name,Related Non-Motorist,Collision Type,Weather,Surface Condition,Light,Traffic Control,Driver Substance Abuse,Driver At Fault,Injury Severity,Circumstance,Driver Distracted By,Drivers License State,Vehicle Body Type,Vehicle Movement,Speed Limit,Driverless Vehicle,Vehicle Year,Vehicle Make,Vehicle Model,Latitude,Longitude,Year,Month,Hour
260000106,Property Damage Crash,01/01/2026 05:00:00 PM,ORIENTAL ST,NA,Front to Rear,Clear,Dry,Medium,Stop Sign,NONE DETECTED,No,No Apparent Injury,"Improper Passing, Ran Stop Sign",Unknown,MD,Passenger Car,Moving Constant Speed,25,No,2019,TOYOTA,CAMRY,39.07562133,-77.09910783,2026,1,17
260000102,Property Damage Crash,01/01/2026 04:46:00 PM,NA,NA,Front to Rear,Clear,Dry,Medium,Traffic Control Signal,ALCOHOL PRESENT,Yes,No Apparent Injury,"Operated Motor Vehicle in Inattentive, Careless, Negligent, or Erratic Manner, Other Improper Action",Unknown,MD,Passenger Car,Slowing or Stopping,35,No,2012,TOYOTA,CAMRY,39.158447,-77.203898,2026,1,16
260000102,Property Damage Crash,01/01/2026 04:46:00 PM,NA,NA,Front to Rear,Clear,Dry,Medium,Traffic Control Signal,NONE DETECTED,No,No Apparent Injury,NA,Not Distracted,MD,Passenger Car,Stopped in Traffic,35,No,2022,HONDA,ACCORD,39.158447,-77.203898,2026,1,16
260000095,Property Damage Crash,01/01/2026 02:16:00 PM,CONNECTICUT AVE,NA,"Sideswipe, Same Direction",Clear,Dry,Daylight,Traffic Control Signal,NONE DETECTED,No,No Apparent Injury,NA,Unknown,MD,Passenger Car,Negotiating a Curve,25,No,2005,MERCEDES-BENZ,E-CLASS,39.03138293,-77.07493734,2026,1,14
260000095,Property Damage Crash,01/01/2026 02:16:00 PM,CONNECTICUT AVE,NA,"Sideswipe, Same Direction",Clear,Dry,Daylight,Traffic Control Signal,NONE DETECTED,No,No Apparent Injury,NA,Unknown,MD,Sport Utility Vehicle,Negotiating a Curve,25,No,2025,TOYOTA,RAV4 PRIME,39.03138293,-77.07493734,2026,1,14
260000087,Property Damage Crash,01/01/2026 12:55:00 PM,MUNCASTER MILL RD,NA,"Sideswipe, Same Direction",Clear,Dry,Daylight,Traffic Control Signal,NONE DETECTED,Yes,No Apparent Injury,Improper Turn,Not Distracted,MD,Other Trucks,Turning Right,35,No,2021,INTERNATIONAL,MV607,39.14872462,-77.14708955,2026,1,12
260000087,Property Damage Crash,01/01/2026 12:55:00 PM,MUNCASTER MILL RD,NA,"Sideswipe, Same Direction",Clear,Dry,Daylight,Traffic Control Signal,NONE DETECTED,No,No Apparent Injury,NA,Not Distracted,MD,Bus - Transit,Parked,35,No,2013,GILLIG,LOW FLOOR BUS,39.14872462,-77.14708955,2026,1,12
260000085,Property Damage Crash,01/01/2026 12:11:00 PM,MIDCOUNTY HWY,NA,Front to Rear,Clear,Dry,Daylight,No Controls,NONE DETECTED,Yes,No Apparent Injury,Failed to Yield Right-of-Way,Not Distracted,MD,Passenger Car,Entering Traffic Lane,50,No,2024,TOYOTA,RAV4,39.1577315,-77.191435,2026,1,12
260000085,Property Damage Crash,01/01/2026 12:11:00 PM,MIDCOUNTY HWY,NA,Front to Rear,Clear,Dry,Daylight,No Controls,NONE DETECTED,No,No Apparent Injury,NA,Unknown,MD,Passenger Car,Moving Constant Speed,50,No,2017,MERCEDES-BENZ,E-CLASS,39.1577315,-77.191435,2026,1,12
260000076,Property Damage Crash,01/01/2026 10:11:00 AM,NEW HAMPSHIRE AVE SER RD,NA,Front to Front,Clear,Dry,Daylight,No Controls,NONE DETECTED,Yes,NA,NA,NA,NA,NA,Turning Left,35,No,0,NA,NA,39.03747431,-76.98962045,2026,1,10
260000076,Property Damage Crash,01/01/2026 10:11:00 AM,NEW HAMPSHIRE AVE SER RD,NA,Front to Front,Clear,Dry,Daylight,No Controls,NONE DETECTED,No,No Apparent Injury,NA,Not Distracted,MD,Sport Utility Vehicle,Moving Constant Speed,35,No,2020,TOYOTA,RAV4,39.03747431,-76.98962045,2026,1,10
260000049,Property Damage Crash,01/01/2026 08:15:00 AM,FREDERICK RD,NA,Single Vehicle,Clear,Snow,Daylight,No Controls,NONE DETECTED,Yes,No Apparent Injury,NA,Not Distracted,MD,Other Trucks,Accelerating,25,No,2012,FORD,E-450,39.11835801,-77.17061762,2026,1,8
260000046,Injury Crash,01/01/2026 07:59:00 AM,SLIGO CREEK PKWY,NA,Angle,Clear,Dry,Daylight,Traffic Control Signal,NONE DETECTED,Yes,Possible Minor Injury,NA,Not Distracted,MD,Passenger Car,Accelerating,35,No,2021,TOYOTA,HIGHLANDER,39.00772206,-77.02011634,2026,1,7
260000046,Injury Crash,01/01/2026 07:59:00 AM,SLIGO CREEK PKWY,NA,Angle,Clear,Dry,Daylight,Traffic Control Signal,NONE DETECTED,No,Possible Minor Injury,NA,Not Distracted,MD,Passenger Car,Turning Left,25,No,2023,ACURA,MDX,39.00772206,-77.02011634,2026,1,7
260000044,Property Damage Crash,01/01/2026 07:06:00 AM,TOWER OAKS BLVD,NA,Single Vehicle,Clear,Wet,Daylight,Traffic Control Signal,NONE DETECTED,No,No Apparent Injury,NA,Not Distracted,MD,Passenger Car,Turning Left,30,No,2025,HYUNDAI,ELANTRA,39.05861216,-77.1521816,2026,1,7
260000040,Property Damage Crash,01/01/2026 05:27:00 AM,HUCKBURN CT,NA,Front to Front,Clear,Dry,Medium,No Controls,NONE DETECTED,No,No Apparent Injury,NA,Not Distracted,MD,Passenger Car,Moving Constant Speed,15,No,2024,HYUNDAI,SONATA,39.1066389,-76.9079688,2026,1,5
260000033,Property Damage Crash,01/01/2026 04:20:00 AM,OLNEY SANDY SPRING RD,NA,Single Vehicle,Clear,Dry,Medium,No Controls,NONE DETECTED,Yes,No Apparent Injury,Failed to Keep in Proper Lane,Unknown,MD,Passenger Car,Moving Constant Speed,35,No,2017,SUBARU,LEGACY,39.14929633,-77.01330267,2026,1,4
260000026,Property Damage Crash,01/01/2026 03:00:00 AM,ROCKVILLE PIKE,NA,Front to Rear,Clear,Dry,Medium,Traffic Control Signal,ALCOHOL PRESENT,Yes,No Apparent Injury,NA,Unknown,MD,Passenger Car,Moving Constant Speed,35,No,2016,TOYOTA,COROLLA,39.04188337,-77.11027635,2026,1,3
260000026,Property Damage Crash,01/01/2026 03:00:00 AM,ROCKVILLE PIKE,NA,Front to Rear,Clear,Dry,Medium,Traffic Control Signal,NONE DETECTED,No,No Apparent Injury,NA,Not Distracted,MD,Passenger Car,Stopped in Traffic,35,No,2023,TESLA,MODEL Y,39.04188337,-77.11027635,2026,1,3
260000020,Injury Crash,01/01/2026 02:53:00 AM,ANDERSON AVE,NA,Other,Clear,Dry,Medium,No Controls,ALCOHOL PRESENT,No,Possible Minor Injury,"Failed to Keep in Proper Lane, Other Improper Action",Not Distracted,MD,Passenger Car,NA,25,No,2009,SUBARU,LEGACY,39.08596283,-77.16135267,2026,1,2
260000015,Property Damage Crash,01/01/2026 02:10:00 AM,WAYNE AVE,NA,"Sideswipe, Same Direction",Clear,Dry,Medium,No Controls,ALCOHOL PRESENT,No,No Apparent Injury,"Operated Motor Vehicle in Inattentive, Careless, Negligent, or Erratic Manner, Operated Motor Vehicle in Reckless or Aggressive Manner, Over-Correcting/Over-Steering",Not Distracted,MD,Passenger Car,Accelerating,25,No,2013,ACURA,TL,38.99452067,-77.02601904,2026,1,2
260000014,Property Damage Crash,01/01/2026 01:56:00 AM,RIDGE RD (NB/L),NA,Single Vehicle,Clear,Dry,Medium,No Controls,NONE DETECTED,Yes,No Apparent Injury,NA,Unknown,MD,Sport Utility Vehicle,Moving Constant Speed,45,No,2025,CHEVROLET,EQUINOX,39.20263092,-77.25152921,2026,1,1
260000011,Injury Crash,01/01/2026 01:43:00 AM,WOODMONT AVE,NA,Other,Clear,Dry,Medium,Flashing Traffic Control Signal,ALCOHOL PRESENT,No,Possible Minor Injury,Failed to Yield Right-of-Way,Not Distracted,MD,Passenger Car,Moving Constant Speed,30,No,2016,HYUNDAI,SONATA,38.99269179,-77.09705041,2026,1,1
260000011,Injury Crash,01/01/2026 01:43:00 AM,WOODMONT AVE,NA,Other,Clear,Dry,Medium,Flashing Traffic Control Signal,NONE DETECTED,No,Possible Minor Injury,NA,Not Distracted,MD,Passenger Car,Moving Constant Speed,30,No,2021,CHEVROLET,SUBURBAN,38.99269179,-77.09705041,2026,1,1
260000009,Property Damage Crash,01/01/2026 01:18:00 AM,GLENVILLE RD,NA,"Sideswipe, Same Direction",Clear,Dry,Medium,No Controls,ALCOHOL PRESENT,Yes,No Apparent Injury,"Failed to Keep in Proper Lane, Improper Turn, Operated Motor Vehicle in Inattentive, Careless, Negligent, or Erratic Manner, Too Fast For Conditions",Not Distracted,MD,Passenger Car,Turning Left,25,No,2013,HONDA,ACCORD,39.00104633,-76.99670167,2026,1,1
250058416,Property Damage Crash,12/31/2025 10:50:00 PM,NA,NA,Single Vehicle,Clear,NA,Medium,NA,NONE DETECTED,No,No Apparent Injury,NA,Not Distracted,MD,Passenger Car,Accelerating,0,No,2015,FORD,TAURUS,39.06918724,-77.1618881,2025,12,22
250058405,Property Damage Crash,12/31/2025 09:54:00 PM,OLD COLUMBIA PIKE,NA,"Sideswipe, Opposite Direction",Clear,Dry,Medium,No Controls,NONE DETECTED,No,No Apparent Injury,NA,Not Distracted,MD,Sport Utility Vehicle,Moving Constant Speed,35,No,2006,CHEVROLET,AVALANCHE,39.073,-76.95965333,2025,12,21
250058405,Property Damage Crash,12/31/2025 09:54:00 PM,OLD COLUMBIA PIKE,NA,"Sideswipe, Opposite Direction",Clear,Dry,Medium,No Controls,NONE DETECTED,No,No Apparent Injury,"Failed to Keep in Proper Lane, Operated Motor Vehicle in Inattentive, Careless, Negligent, or Erratic Manner, Other Improper Action","Other Action (looking away from task, etc.)",MD,Passenger Car,Moving Constant Speed,35,No,2004,TOYOTA,SIENNA,39.073,-76.95965333,2025,12,21
250058407,Property Damage Crash,12/31/2025 09:40:00 PM,WOOTTON PKWY,NA,"Sideswipe, Same Direction",Clear,Dry,Medium,Flashing Traffic Control Signal,NONE DETECTED,No,No Apparent Injury,NA,Not Distracted,MD,Passenger Car,Moving Constant Speed,35,No,2016,CADILLAC,XTS,39.06974343,-77.16980243,2025,12,21
250058407,Property Damage Crash,12/31/2025 09:40:00 PM,WOOTTON PKWY,NA,"Sideswipe, Same Direction",Clear,Dry,Medium,Traffic Control Signal,NONE DETECTED,No,No Apparent Injury,NA,Not Distracted,MD,Passenger Car,Moving Constant Speed,35,No,2013,HONDA,ODYSSEY,39.06974343,-77.16980243,2025,12,21
250058399,Property Damage Crash,12/31/2025 08:13:00 PM,SCHOOL DR,NA,Rear To Side,Clear,Dry,Medium,No Controls,NONE DETECTED,No,No Apparent Injury,NA,Not Distracted,MD,Passenger Car,Moving Constant Speed,35,No,2023,TOYOTA,COROLLA,39.11766875,-77.21673685,2025,12,20
250058399,Property Damage Crash,12/31/2025 08:13:00 PM,SCHOOL DR,NA,Rear To Side,Clear,Dry,Medium,Yield Sign,NONE DETECTED,Yes,No Apparent Injury,Failed to Yield Right-of-Way,Not Distracted,MD,Passenger Car,Turning Left,35,No,2001,HONDA,ODYSSEY,39.11766875,-77.21673685,2025,12,20
250058398,Property Damage Crash,12/31/2025 07:51:00 PM,ROCKVILLE PIKE,NA,Other,Clear,Dry,Medium,Traffic Control Signal,NONE DETECTED,No,No Apparent Injury,NA,Not Distracted,MD,Sport Utility Vehicle,Moving Constant Speed,30,No,2013,JEEP,WRANGLER,39.02423217,-77.102927,2025,12,19
250058398,Property Damage Crash,12/31/2025 07:51:00 PM,ROCKVILLE PIKE,NA,Other,Clear,Dry,Medium,Traffic Control Signal,NONE DETECTED,No,No Apparent Injury,NA,Not Distracted,MD,Sport Utility Vehicle,Turning Left,30,No,2012,HONDA,FIT,39.02423217,-77.102927,2025,12,19
250058396,Property Damage Crash,12/31/2025 07:31:00 PM,NA,NA,Single Vehicle,Clear,NA,Medium,NA,NONE DETECTED,Yes,No Apparent Injury,NA,Not Distracted,FL,Single-Unit Truck,Moving Constant Speed,0,No,2013,FORD,E-450,39.04313912,-77.05074745,2025,12,19
250058394,Injury Crash,12/31/2025 07:16:00 PM,INDEPENDENCE ST,Pedestrian,Single Vehicle,Clear,Dry,Medium,Pedestrian Crossing,NONE DETECTED,Yes,No Apparent Injury,Failed to Yield Right-of-Way,Unknown,MD,Passenger Car,Turning Left,35,No,2014,HYUNDAI,ELANTRA,39.07646767,-77.08041483,2025,12,19
250058393,Property Damage Crash,12/31/2025 06:53:00 PM,NA,NA,Rear To Side,Clear,Dry,Medium,No Controls,NONE DETECTED,No,No Apparent Injury,NA,Unknown,DC,Sport Utility Vehicle,Moving Constant Speed,40,No,2025,HONDA,HR-V,39.07546663,-77.11726317,2025,12,18
250058393,Property Damage Crash,12/31/2025 06:53:00 PM,NA,NA,Rear To Side,Clear,Dry,Medium,No Controls,NONE DETECTED,No,No Apparent Injury,NA,Unknown,MD,Sport Utility Vehicle,Moving Constant Speed,40,No,2014,TOYOTA,RAV4,39.07546663,-77.11726317,2025,12,18
250058388,Property Damage Crash,12/31/2025 06:31:00 PM,METRORAIL TRACK B2 RAIL,NA,Front to Rear,Clear,Dry,Medium,No Controls,NONE DETECTED,No,No Apparent Injury,NA,Not Distracted,MD,Passenger Car,Moving Constant Speed,30,No,2025,NISSAN,SENTRA,39.033905,-77.04914883,2025,12,18
250058388,Property Damage Crash,12/31/2025 06:31:00 PM,METRORAIL TRACK B2 RAIL,NA,Front to Rear,Clear,Dry,Medium,No Controls,NONE DETECTED,No,No Apparent Injury,NA,Not Distracted,MD,Passenger Car,Moving Constant Speed,30,No,2021,TOYOTA,CAMRY,39.033905,-77.04914883,2025,12,18
250058388,Property Damage Crash,12/31/2025 06:31:00 PM,METRORAIL TRACK B2 RAIL,NA,Front to Rear,Clear,Dry,Medium,No Controls,NONE DETECTED,Yes,No Apparent Injury,"Swerved or Avoided Due to Wind, Slippery Surface, Motor Vehicle, Object, Non-Motorist in Roadway, etc",Not Distracted,MD,Sport Utility Vehicle,Moving Constant Speed,30,No,2011,FORD,ESCAPE,39.033905,-77.04914883,2025,12,18
250058384,Property Damage Crash,12/31/2025 06:16:00 PM,W DEER PARK RD,NA,Rear To Side,Clear,Dry,Medium,Traffic Control Signal,NONE DETECTED,No,NA,Failed to Yield Right-of-Way,NA,NA,NA,Turning Left,35,No,0,NA,NA,39.13479963,-77.20571014,2025,12,18
250058384,Property Damage Crash,12/31/2025 06:16:00 PM,W DEER PARK RD,NA,Rear To Side,Clear,Dry,Medium,Traffic Control Signal,NONE DETECTED,No,No Apparent Injury,NA,Not Distracted,MD,Passenger Car,Moving Constant Speed,35,No,2007,HONDA,CIVIC,39.13479963,-77.20571014,2025,12,18
250058385,Property Damage Crash,12/31/2025 06:00:00 PM,NA,NA,"Sideswipe, Opposite Direction",Clear,NA,Medium,NA,NONE DETECTED,No,No Apparent Injury,NA,Not Distracted,MD,Passenger Car,Parked,0,No,2008,MERCEDES-BENZ,S-CLASS,38.98987715,-77.01927839,2025,12,18
250058385,Property Damage Crash,12/31/2025 06:00:00 PM,NA,NA,"Sideswipe, Opposite Direction",Clear,NA,Medium,NA,NONE DETECTED,No,NA,NA,NA,NA,NA,Leaving Traffic Lane,0,No,0,NA,NA,38.98987715,-77.01927839,2025,12,18
250058381,Injury Crash,12/31/2025 05:50:00 PM,GEORGIA AVE,NA,Other,Clear,Dry,Medium,Traffic Control Signal,NONE DETECTED,No,Possible Minor Injury,NA,Not Distracted,MD,Passenger Car,Moving Constant Speed,35,No,2011,HONDA,ACCORD,39.03556967,-77.049603,2025,12,17
250058381,Injury Crash,12/31/2025 05:50:00 PM,GEORGIA AVE,NA,Other,Clear,Dry,Medium,Traffic Control Signal,NONE DETECTED,No,No Apparent Injury,NA,Not Distracted,MD,Passenger Car,Slowing or Stopping,35,No,2016,SUBARU,IMPREZA,39.03556967,-77.049603,2025,12,17
250058381,Injury Crash,12/31/2025 05:50:00 PM,GEORGIA AVE,NA,Other,Clear,Dry,Medium,Traffic Control Signal,NONE DETECTED,No,No Apparent Injury,NA,Unknown,MD,Passenger Car,Changing Lanes,35,No,2015,JEEP,CHEROKEE,39.03556967,-77.049603,2025,12,17
260000186,Property Damage Crash,12/31/2025 05:41:00 PM,NA,NA,Other,Clear,NA,Daylight,NA,NONE DETECTED,No,NA,NA,NA,NA,Passenger Car,Moving Constant Speed,0,No,2018,FORD,FOCUS,39.11478549,-77.19756652,2025,12,17
250058376,Property Damage Crash,12/31/2025 05:37:00 PM,UNIVERSITY BLVD E (WB/L),NA,Other,Clear,Dry,Medium,Traffic Control Signal,NONE DETECTED,Yes,No Apparent Injury,NA,Not Distracted,NA,Passenger Car,Moving Constant Speed,35,No,2009,MERCEDES-BENZ,C-CLASS,38.996762,-76.99331567,2025,12,17
250058376,Property Damage Crash,12/31/2025 05:37:00 PM,UNIVERSITY BLVD E (WB/L),NA,Other,Clear,Dry,Medium,Traffic Control Signal,NONE DETECTED,No,No Apparent Injury,NA,Not Distracted,DC,Passenger Car,Slowing or Stopping,35,No,1996,HONDA,PRELUDE,38.996762,-76.99331567,2025,12,17
250058376,Property Damage Crash,12/31/2025 05:37:00 PM,UNIVERSITY BLVD E (WB/L),NA,Other,Clear,Dry,Medium,Traffic Control Signal,NONE DETECTED,No,No Apparent Injury,NA,Not Distracted,MD,Sport Utility Vehicle,Stopped in Traffic,35,No,2017,TOYOTA,RAV4,38.996762,-76.99331567,2025,12,17
250058382,Injury Crash,12/31/2025 05:22:00 PM,CLARKSBURG RD,NA,Single Vehicle,Clear,Dry,Dark,No Controls,ALCOHOL PRESENT,Yes,Possible Minor Injury,"Other Improper Action, Ran Off Roadway",Not Distracted,MD,Passenger Car,Moving Constant Speed,35,No,2021,FORD,MUSTANG MACH-E,39.27246691,-77.27708394,2025,12,17
250058364,Injury Crash,12/31/2025 04:59:00 PM,CONNECTICUT AVE (SB/L),NA,Front to Rear,Clear,Dry,Medium,No Controls,NONE DETECTED,No,No Apparent Injury,NA,Not Distracted,MD,Passenger Car,Turning Right,40,No,2014,TOYOTA,COROLLA,39.05221644,-77.07477354,2025,12,16
250058364,Injury Crash,12/31/2025 04:59:00 PM,CONNECTICUT AVE (SB/L),NA,Front to Rear,Clear,Dry,Medium,No Controls,NONE DETECTED,Yes,No Apparent Injury,"Followed Too Closely, Too Fast For Conditions","Other Action (looking away from task, etc.)",MD,Passenger Car,Turning Right,40,No,2009,FORD,ESCAPE,39.05221644,-77.07477354,2025,12,16
250058369,Property Damage Crash,12/31/2025 04:46:00 PM,BLUEGRASS RD,NA,Rear To Side,Clear,Dry,Daylight,No Controls,NONE DETECTED,No,No Apparent Injury,NA,Not Distracted,MD,Sport Utility Vehicle,Leaving Traffic Lane,25,No,2018,FORD,EXPLORER,39.0179965,-77.2051045,2025,12,16
250058369,Property Damage Crash,12/31/2025 04:46:00 PM,BLUEGRASS RD,NA,Rear To Side,Clear,Dry,Daylight,No Controls,NONE DETECTED,Yes,No Apparent Injury,Improper Backing,Not Distracted,MD,Passenger Car,Backing,25,No,2000,FORD,EXPLORER,39.0179965,-77.2051045,2025,12,16
250058361,Property Damage Crash,12/31/2025 04:40:00 PM,ELM ST,NA,"Sideswipe, Same Direction",Clear,Dry,Daylight,Traffic Control Signal,NONE DETECTED,No,No Apparent Injury,NA,Not Distracted,MD,Passenger Car,Moving Constant Speed,20,No,2014,HONDA,CIVIC,38.98220083,-77.095509,2025,12,16
250058361,Property Damage Crash,12/31/2025 04:40:00 PM,ELM ST,NA,"Sideswipe, Same Direction",Clear,Dry,Daylight,Traffic Control Signal,NONE DETECTED,No,No Apparent Injury,NA,Not Distracted,DC,Passenger Car,Entering Traffic Lane,20,No,2021,NISSAN,ALTIMA,38.98220083,-77.095509,2025,12,16
250058359,Injury Crash,12/31/2025 04:22:00 PM,GEORGIA AVE (SB/L),NA,Front to Rear,Clear,Dry,Daylight,Traffic Control Signal,NONE DETECTED,No,Suspected Serious Injury,NA,Not Distracted,MD,Passenger Car,Moving Constant Speed,35,No,2012,MERCEDES-BENZ,C-CLASS,39.08760633,-77.07961983,2025,12,16
250058359,Injury Crash,12/31/2025 04:22:00 PM,GEORGIA AVE (SB/L),NA,Front to Rear,Clear,Dry,Daylight,Traffic Control Signal,NONE DETECTED,Yes,No Apparent Injury,Failed to Yield Right-of-Way,Unknown,MD,Passenger Car,Turning Left,35,No,2013,TOYOTA,VENZA,39.08760633,-77.07961983,2025,12,16
250058353,Injury Crash,12/31/2025 03:38:00 PM,ROCKVILLE PIKE,Pedestrian,Angle,Clear,Dry,Daylight,No Controls,NONE DETECTED,Yes,Possible Minor Injury,NA,Not Distracted,MD,Passenger Car,NA,35,No,2016,MERCEDES-BENZ,E-CLASS,39.04912287,-77.11398614,2025,12,15
250058353,Injury Crash,12/31/2025 03:38:00 PM,ROCKVILLE PIKE,Pedestrian,Angle,Clear,Dry,Daylight,No Controls,NONE DETECTED,No,No Apparent Injury,NA,Not Distracted,US,Passenger Car,Moving Constant Speed,35,No,2015,LINCOLN,NAVIGATOR,39.04912287,-77.11398614,2025,12,15
250058352,Property Damage Crash,12/31/2025 03:35:00 PM,OLNEY SANDY SPRING RD,NA,"Sideswipe, Same Direction",Cloudy,Dry,Daylight,Traffic Control Signal,NONE DETECTED,No,No Apparent Injury,NA,Not Distracted,MD,Passenger Car,Accelerating,40,No,2010,HONDA,CIVIC,39.1493388,-77.01248188,2025,12,15
250058352,Property Damage Crash,12/31/2025 03:35:00 PM,OLNEY SANDY SPRING RD,NA,"Sideswipe, Same Direction",Cloudy,Dry,Daylight,Traffic Control Signal,NONE DETECTED,No,NA,NA,NA,NA,Unknown,Turning Right,40,No,2014,FREIGHTLINER,M2,39.1493388,-77.01248188,2025,12,15
250058344,Property Damage Crash,12/31/2025 02:20:00 PM,MERTON RD,NA,Angle,Cloudy,Dry,Daylight,No Controls,NONE DETECTED,No,No Apparent Injury,NA,Not Distracted,MD,Other,Moving Constant Speed,25,No,2022,ISUZU,NRR,39.091634,-77.08686733,2025,12,14
250058344,Property Damage Crash,12/31/2025 02:20:00 PM,MERTON RD,NA,Angle,Cloudy,Dry,Daylight,Stop Sign,NONE DETECTED,Yes,No Apparent Injury,Disregarded Other Traffic Sign,Not Distracted,MD,Passenger Car,Moving Constant Speed,25,No,2014,TOYOTA,SIENNA,39.091634,-77.08686733,2025,12,14
250058338,Property Damage Crash,12/31/2025 02:15:00 PM,NA,NA,Angle,Clear,Dry,Daylight,Stop Sign,NONE DETECTED,Yes,No Apparent Injury,Failed to Yield Right-of-Way,Unknown,MD,Passenger Car,Turning Left,25,No,2011,TOYOTA,COROLLA,39.16506117,-77.16864933,2025,12,14
250058338,Property Damage Crash,12/31/2025 02:15:00 PM,NA,NA,Angle,Clear,Dry,Daylight,No Controls,NONE DETECTED,No,No Apparent Injury,NA,Unknown,MD,Passenger Car,Moving Constant Speed,40,No,2016,HYUNDAI,ELANTRA,39.16506117,-77.16864933,2025,12,14
250058328,Injury Crash,12/31/2025 12:37:00 PM,NA,NA,Front to Rear,Cloudy,Dry,Daylight,Traffic Control Signal,NONE DETECTED,Yes,Possible Minor Injury,"Operated Motor Vehicle in Inattentive, Careless, Negligent, or Erratic Manner, Ran Off Roadway, Ran Red Light",Not Distracted,MD,Sport Utility Vehicle,Moving Constant Speed,40,No,2013,JEEP,PATRIOT,39.10064818,-77.21346527,2025,12,12
250058328,Injury Crash,12/31/2025 12:37:00 PM,NA,NA,Front to Rear,Cloudy,Dry,Daylight,No Controls,NONE DETECTED,No,Possible Minor Injury,NA,Not Distracted,MD,Passenger Car,Moving Constant Speed,40,No,2020,TOYOTA,CAMRY,39.10064818,-77.21346527,2025,12,12
250058323,Property Damage Crash,12/31/2025 12:09:00 PM,GEORGIA AVE,NA,Front to Rear,Clear,Dry,Daylight,Traffic Control Signal,NONE DETECTED,Yes,No Apparent Injury,NA,Unknown,MD,Pickup,Moving Constant Speed,30,No,2012,CHEVROLET,SILVERADO,38.99436847,-77.02667784,2025,12,12
250058323,Property Damage Crash,12/31/2025 12:09:00 PM,GEORGIA AVE,NA,Front to Rear,Clear,Dry,Daylight,Traffic Control Signal,NONE DETECTED,No,No Apparent Injury,NA,Not Distracted,DC,Passenger Car,Slowing or Stopping,30,No,2017,MERCEDES-BENZ,CLS-CLASS,38.99436847,-77.02667784,2025,12,12
260000586,Property Damage Crash,12/31/2025 11:50:00 AM,PASEO DR,NA,"Sideswipe, Same Direction",Clear,Dry,Daylight,No Controls,NONE DETECTED,Yes,No Apparent Injury,Failed to Keep in Proper Lane,Unknown,MD,Passenger Car,Moving Constant Speed,20,No,2025,HONDA,ACCORD,39.04338782,-77.11196466,2025,12,11
250058310,Injury Crash,12/31/2025 10:49:00 AM,NEW HAMPSHIRE AVE (SB/L),NA,Other,Clear,Dry,Daylight,No Controls,NONE DETECTED,No,No Apparent Injury,NA,Not Distracted,MD,Sport Utility Vehicle,Moving Constant Speed,35,No,2021,NISSAN,ROGUE,39.09022983,-77.00015483,2025,12,10
250058310,Injury Crash,12/31/2025 10:49:00 AM,NEW HAMPSHIRE AVE (SB/L),NA,Other,Clear,Dry,Daylight,No Controls,NONE DETECTED,No,No Apparent Injury,NA,Not Distracted,MD,Passenger Car,Moving Constant Speed,35,No,2016,TOYOTA,COROLLA,39.09022983,-77.00015483,2025,12,10
250058310,Injury Crash,12/31/2025 10:49:00 AM,NEW HAMPSHIRE AVE (SB/L),NA,Other,Clear,Dry,Daylight,No Controls,NONE DETECTED,Yes,Possible Minor Injury,NA,Not Distracted,MD,Passenger Car,Changing Lanes,35,No,2025,NISSAN,VERSA,39.09022983,-77.00015483,2025,12,10