Local Case Number,ACRS Report Type,Crash Date/Time,Road Name,Related Non-Motorist,Collision Type,Weather,Surface Condition,Light,Traffic Control,Driver Substance Abuse,Driver At Fault,Injury Severity,Circumstance,Driver Distracted By,Drivers License State,Vehicle Body Type,Vehicle Movement,Speed Limit,Driverless Vehicle,Vehicle Year,Vehicle Make,Vehicle Model,Latitude,Longitude,Year,Month,Hour
250057563,Property Damage Crash,12/25/2025 05:02:00 AM,GOSHEN RD,NA,Single Vehicle,Clear,Dry,Dark,No Controls,NONE DETECTED,Yes,No Apparent Injury,Ran Off Roadway,Unknown,MD,Passenger Car,Moving Constant Speed,35,No,2018,VOLKSWAGEN,JETTA,39.20190667,-77.184407,2025,12,5
250057561,Property Damage Crash,12/25/2025 04:47:00 AM,CHARLES ST,NA,"Sideswipe, Same Direction",Clear,Dry,Medium,No Controls,ALCOHOL PRESENT,Yes,No Apparent Injury,NA,Unknown,MD,Pickup,Moving Constant Speed,35,No,2016,FORD,F-250,39.08672747,-77.13895829,2025,12,4
250057550,Property Damage Crash,12/25/2025 12:41:00 AM,GEORGIA AVE,NA,Front to Rear,Clear,Dry,Medium,Traffic Control Signal,NONE DETECTED,No,No Apparent Injury,NA,Not Distracted,DC,Sport Utility Vehicle,Stopped in Traffic,35,No,2020,CHEVROLET,TAHOE,38.99126721,-77.02657071,2025,12,0
250057550,Property Damage Crash,12/25/2025 12:41:00 AM,GEORGIA AVE,NA,Front to Rear,Clear,Dry,Medium,Traffic Control Signal,NONE DETECTED,Yes,No Apparent Injury,NA,Not Distracted,MD,Bus - Transit,Slowing or Stopping,35,No,2020,NEW FLYER,XCELSIOR,38.99126721,-77.02657071,2025,12,0
250057549,Property Damage Crash,12/25/2025 12:30:00 AM,FENTON ST,NA,Angle,Clear,Dry,Medium,Traffic Control Signal,NONE DETECTED,No,NA,NA,NA,NA,Passenger Car,Overtaking/Passing,30,No,2024,CHEVROLET,MALIBU,38.98792461,-77.02357148,2025,12,0
250057549,Property Damage Crash,12/25/2025 12:30:00 AM,FENTON ST,NA,Angle,Clear,Dry,Medium,Traffic Control Signal,NONE DETECTED,No,No Apparent Injury,NA,Not Distracted,DC,Passenger Car,Moving Constant Speed,30,No,2011,HONDA,ACCORD,38.98792461,-77.02357148,2025,12,0
250057548,Property Damage Crash,12/25/2025 12:10:00 AM,DUSTIN RD,NA,Single Vehicle,Clear,Dry,Medium,Yield Sign,ALCOHOL PRESENT,No,No Apparent Injury,"Failed to Keep in Proper Lane, Operated Motor Vehicle in Inattentive, Careless, Negligent, or Erratic Manner, Operated Motor Vehicle in Reckless or Aggressive Manner, Too Fast For Conditions",Not Distracted,MD,Passenger Car,Negotiating a Curve,30,No,2019,MITSUBISHI,ECLIPSE CROSS,39.12252425,-76.92626785,2025,12,0
250057545,Injury Crash,12/24/2025 11:58:00 PM,IS 270 LOCAL LANES (SB),NA,"Sideswipe, Same Direction",Clear,Dry,Dark,No Controls,NONE DETECTED,No,No Apparent Injury,NA,Not Distracted,MD,Passenger Car,Slowing or Stopping,55,No,2013,TOYOTA,HIGHLANDER,39.08955466,-77.17489272,2025,12,23
250057545,Injury Crash,12/24/2025 11:58:00 PM,IS 270 LOCAL LANES (SB),NA,"Sideswipe, Same Direction",Clear,Dry,Dark,No Controls,ALCOHOL PRESENT,Yes,Possible Minor Injury,Failed to Keep in Proper Lane,Unknown,MD,Passenger Car,Moving Constant Speed,55,No,2014,MAZDA,MAZDA3,39.08955466,-77.17489272,2025,12,23
250057537,Property Damage Crash,12/24/2025 10:28:00 PM,NA,NA,"Sideswipe, Opposite Direction",Clear,NA,Medium,NA,NONE DETECTED,No,No Apparent Injury,Improper Backing,Unknown,NA,Passenger Car,Backing,0,No,2004,HONDA,CIVIC,39.04468333,-76.95242667,2025,12,22
250057527,Property Damage Crash,12/24/2025 07:33:00 PM,NA,NA,"Sideswipe, Opposite Direction",Clear,Dry,Medium,Flashing Traffic Control Signal,NONE DETECTED,No,No Apparent Injury,"Failed to Keep in Proper Lane, Failed to Yield Right-of-Way, Other Improper Action",Unknown,MD,Passenger Car,Changing Lanes,35,No,2020,TOYOTA,COROLLA,39.07423726,-77.13534802,2025,12,19
250057527,Property Damage Crash,12/24/2025 07:33:00 PM,NA,NA,"Sideswipe, Opposite Direction",Clear,Dry,Medium,Flashing Traffic Control Signal,NONE DETECTED,No,No Apparent Injury,Other Improper Action,Unknown,MD,Passenger Car,Moving Constant Speed,35,No,2023,SUBARU,IMPREZA,39.07423726,-77.13534802,2025,12,19
250057520,Injury Crash,12/24/2025 07:30:00 PM,RIDGE RD (SB/L),NA,Front to Front,Clear,Dry,Medium,No Controls,NONE DETECTED,Yes,No Apparent Injury,NA,Not Distracted,MD,Passenger Car,Turning Left,30,No,2008,HONDA,CIVIC,39.28806324,-77.20661713,2025,12,19
250057520,Injury Crash,12/24/2025 07:30:00 PM,RIDGE RD (SB/L),NA,Front to Front,Clear,Dry,Medium,No Controls,NONE DETECTED,No,Possible Minor Injury,NA,Not Distracted,MD,Sport Utility Vehicle,Moving Constant Speed,30,No,2019,AUDI,E-TRON,39.28806324,-77.20661713,2025,12,19
250057523,Property Damage Crash,12/24/2025 06:23:00 PM,SILVER SPRING AVE,NA,Front to Rear,Clear,Dry,Medium,Traffic Control Signal,NONE DETECTED,No,No Apparent Injury,"Disregarded Other Road Markings, Followed Too Closely",Unknown,NA,Passenger Car,Slowing or Stopping,20,No,2009,SUBARU,FORESTER,38.99162548,-77.02638741,2025,12,18
250057523,Property Damage Crash,12/24/2025 06:23:00 PM,SILVER SPRING AVE,NA,Front to Rear,Clear,Dry,Medium,Traffic Control Signal,NONE DETECTED,No,No Apparent Injury,NA,Not Distracted,MD,Passenger Car,Stopped in Traffic,20,No,2017,HONDA,CIVIC,38.99162548,-77.02638741,2025,12,18
250057521,Injury Crash,12/24/2025 06:10:00 PM,RIVER RD (WB/L),NA,Front to Rear,Clear,Dry,Medium,Traffic Control Signal,NONE DETECTED,Yes,No Apparent Injury,Followed Too Closely,"Other Action (looking away from task, etc.)",MD,Passenger Car,Moving Constant Speed,35,No,2017,HONDA,ACCORD,38.99029733,-77.15248867,2025,12,18
250057521,Injury Crash,12/24/2025 06:10:00 PM,RIVER RD (WB/L),NA,Front to Rear,Clear,Dry,Medium,Traffic Control Signal,NONE DETECTED,No,No Apparent Injury,NA,Not Distracted,MD,Sport Utility Vehicle,Moving Constant Speed,35,No,2020,BMW,X5,38.99029733,-77.15248867,2025,12,18
250057519,Property Damage Crash,12/24/2025 05:55:00 PM,BRIGHTON DR,NA,Angle,Clear,Dry,Medium,No Controls,NONE DETECTED,Yes,No Apparent Injury,"Operated Motor Vehicle in Inattentive, Careless, Negligent, or Erratic Manner, Other Improper Action, Over-Correcting/Over-Steering",Unknown,CA,Sport Utility Vehicle,Moving Constant Speed,25,No,2026,BMW,X5,39.12964494,-77.1959643,2025,12,17
250057510,Injury Crash,12/24/2025 05:20:00 PM,FREDERICK RD,NA,Front to Rear,Clear,Dry,Medium,Traffic Control Signal,NONE DETECTED,No,No Apparent Injury,NA,Not Distracted,VA,Passenger Car,Moving Constant Speed,35,No,2024,TOYOTA,COROLLA,39.15546975,-77.21550807,2025,12,17
250057510,Injury Crash,12/24/2025 05:20:00 PM,FREDERICK RD,NA,Front to Rear,Clear,Dry,Medium,Traffic Control Signal,NONE DETECTED,No,Possible Minor Injury,NA,Not Distracted,MD,Passenger Car,Slowing or Stopping,35,No,2023,TOYOTA,COROLLA,39.15546975,-77.21550807,2025,12,17
250057506,Property Damage Crash,12/24/2025 04:30:00 PM,NA,NA,Front to Front,Clear,Dry,Medium,No Controls,NONE DETECTED,Yes,No Apparent Injury,NA,Unknown,MD,Passenger Car,Turning Left,35,No,2018,JEEP,WRANGLER JK,39.19393657,-77.18492188,2025,12,16
250057506,Property Damage Crash,12/24/2025 04:30:00 PM,NA,NA,Front to Front,Clear,Dry,Medium,No Controls,NONE DETECTED,No,No Apparent Injury,NA,Not Distracted,CA,Passenger Car,Moving Constant Speed,35,No,2017,HONDA,CIVIC,39.19393657,-77.18492188,2025,12,16
250057492,Property Damage Crash,12/24/2025 02:50:00 PM,NA,NA,Rear To Rear,Clear,NA,Daylight,NA,NONE DETECTED,Yes,No Apparent Injury,NA,"Other Action (looking away from task, etc.)",MD,Sport Utility Vehicle,Backing,0,No,2023,FORD,EXPLORER,39.0800929,-77.07228026,2025,12,14
250057492,Property Damage Crash,12/24/2025 02:50:00 PM,NA,NA,Rear To Rear,Clear,NA,Daylight,NA,NONE DETECTED,No,No Apparent Injury,NA,Not Distracted,MD,Passenger Car,Parked,0,No,2020,HONDA,HR-V,39.0800929,-77.07228026,2025,12,14
250057491,Injury Crash,12/24/2025 02:50:00 PM,NA,Pedestrian,Rear To Side,Clear,NA,Daylight,NA,NONE DETECTED,No,No Apparent Injury,NA,Not Distracted,MD,Passenger Car,Moving Constant Speed,0,No,2018,TOYOTA,RAV4,39.07983209,-77.07218738,2025,12,14
250057491,Injury Crash,12/24/2025 02:50:00 PM,NA,Pedestrian,Rear To Side,Clear,NA,Daylight,NA,NONE DETECTED,No,No Apparent Injury,NA,Not Distracted,IL,Passenger Car,Backing,0,No,2018,NISSAN,ROGUE,39.07983209,-77.07218738,2025,12,14
250057484,Property Damage Crash,12/24/2025 01:00:00 PM,NA,NA,Angle,Clear,NA,Daylight,NA,NONE DETECTED,No,No Apparent Injury,NA,Not Distracted,MD,Passenger Car,Moving Constant Speed,0,No,2024,TESLA,MODEL Y,39.0498621,-77.11560987,2025,12,13
250057484,Property Damage Crash,12/24/2025 01:00:00 PM,NA,NA,Angle,Clear,NA,Daylight,NA,NONE DETECTED,No,No Apparent Injury,NA,Not Distracted,MD,Passenger Car,Moving Constant Speed,0,No,2022,AUDI,Q5,39.0498621,-77.11560987,2025,12,13
250057480,Property Damage Crash,12/24/2025 12:39:00 PM,NA,NA,"Sideswipe, Opposite Direction",Clear,NA,Daylight,NA,NONE DETECTED,No,No Apparent Injury,NA,Not Distracted,MD,Passenger Car,Parked,0,No,2026,LEXUS,RX,39.170714,-77.26163517,2025,12,12
250057480,Property Damage Crash,12/24/2025 12:39:00 PM,NA,NA,"Sideswipe, Opposite Direction",Clear,NA,Daylight,NA,NONE DETECTED,Yes,No Apparent Injury,Other Improper Action,Not Distracted,MD,Passenger Car,Turning Left,0,No,2018,HONDA,CR-V,39.170714,-77.26163517,2025,12,12
250057479,Property Damage Crash,12/24/2025 12:35:00 PM,NA,NA,Other,Clear,NA,Daylight,NA,NONE DETECTED,Yes,No Apparent Injury,Other Improper Action,Not Distracted,MD,Sport Utility Vehicle,Backing,0,No,2024,JEEP,GRAND CHEROKEE,39.05747533,-77.123848,2025,12,12
250057470,Injury Crash,12/24/2025 12:20:00 PM,COLESVILLE RD (SB/L),NA,Front to Rear,Clear,Dry,Daylight,Traffic Control Signal,NONE DETECTED,No,Possible Minor Injury,NA,Not Distracted,CO,Passenger Car,Stopped in Traffic,40,No,1992,MERCEDES-BENZ,190,39.02614994,-77.01080497,2025,12,12
250057470,Injury Crash,12/24/2025 12:20:00 PM,COLESVILLE RD (SB/L),NA,Front to Rear,Clear,Dry,Daylight,Traffic Control Signal,NONE DETECTED,Yes,No Apparent Injury,Other Improper Action,Not Distracted,MD,Bus - Transit,Slowing or Stopping,40,No,2013,NEW FLYER,XCELSIOR,39.02614994,-77.01080497,2025,12,12
250057469,Property Damage Crash,12/24/2025 12:19:00 PM,ROCKVILLE PIKE,NA,Angle,Clear,Dry,Daylight,Traffic Control Signal,NONE DETECTED,Yes,No Apparent Injury,NA,Not Distracted,MD,Sport Utility Vehicle,Moving Constant Speed,35,No,2022,TOYOTA,COROLLA CROSS,39.0618906,-77.12395211,2025,12,12
250057469,Property Damage Crash,12/24/2025 12:19:00 PM,ROCKVILLE PIKE,NA,Angle,Clear,Dry,Daylight,Traffic Control Signal,NONE DETECTED,No,No Apparent Injury,NA,Not Distracted,MD,Passenger Car,Moving Constant Speed,25,No,2014,BENTLEY,CONTINENTAL,39.0618906,-77.12395211,2025,12,12
250057465,Property Damage Crash,12/24/2025 11:30:00 AM,GEORGIA AVE,NA,Front to Rear,Clear,Dry,Daylight,Traffic Control Signal,NONE DETECTED,Yes,No Apparent Injury,Other Improper Action,Not Distracted,MD,Passenger Car,Stopped in Traffic,30,No,2024,CHEVROLET,SILVERADO HD,39.07759487,-77.07081072,2025,12,11
250057465,Property Damage Crash,12/24/2025 11:30:00 AM,GEORGIA AVE,NA,Front to Rear,Clear,Dry,Daylight,Traffic Control Signal,NONE DETECTED,No,No Apparent Injury,NA,Not Distracted,MD,Passenger Car,Stopped in Traffic,30,No,2022,HONDA,HR-V,39.07759487,-77.07081072,2025,12,11
250057464,Property Damage Crash,12/24/2025 11:20:00 AM,ROCKVILLE PIKE (SB/L),NA,Front to Rear,Clear,Dry,Daylight,Traffic Control Signal,NONE DETECTED,Yes,No Apparent Injury,NA,Not Distracted,WV,Passenger Car,Slowing or Stopping,35,No,2005,VOLVO,S80,39.049866,-77.114445,2025,12,11
250057464,Property Damage Crash,12/24/2025 11:20:00 AM,ROCKVILLE PIKE (SB/L),NA,Front to Rear,Clear,Dry,Daylight,Traffic Control Signal,NONE DETECTED,No,No Apparent Injury,NA,Not Distracted,MD,Sport Utility Vehicle,Slowing or Stopping,35,No,2022,MERCEDES-BENZ,GLB-CLASS,39.049866,-77.114445,2025,12,11
250057464,Property Damage Crash,12/24/2025 11:20:00 AM,ROCKVILLE PIKE (SB/L),NA,Front to Rear,Clear,Dry,Daylight,Traffic Control Signal,NONE DETECTED,No,No Apparent Injury,NA,Not Distracted,MD,Passenger Car,Stopped in Traffic,35,No,2012,HONDA,CIVIC,39.049866,-77.114445,2025,12,11
250057461,Property Damage Crash,12/24/2025 11:00:00 AM,NEW HAMPSHIRE AVE,NA,"Sideswipe, Same Direction",Clear,Dry,Daylight,No Controls,NONE DETECTED,No,No Apparent Injury,NA,Not Distracted,MD,Sport Utility Vehicle,Parked,35,No,2019,TOYOTA,RAV4,39.20856538,-77.03772367,2025,12,11
250057461,Property Damage Crash,12/24/2025 11:00:00 AM,NEW HAMPSHIRE AVE,NA,"Sideswipe, Same Direction",Clear,Dry,Daylight,No Controls,NONE DETECTED,Yes,No Apparent Injury,NA,Not Distracted,MD,Pickup,Moving Constant Speed,35,No,1996,CHEVROLET,GMT-400,39.20856538,-77.03772367,2025,12,11
250057457,Injury Crash,12/24/2025 10:21:00 AM,SHADY GROVE RD (SB/L),Pedestrian,Single Vehicle,Clear,Dry,Daylight,No Controls,NONE DETECTED,No,No Apparent Injury,NA,Not Distracted,MD,Sport Utility Vehicle,Moving Constant Speed,40,No,2024,JEEP,WRANGLER,39.11405066,-77.18622233,2025,12,10
250057451,Property Damage Crash,12/24/2025 08:54:00 AM,GEORGIA AVE (SB/L),NA,Front to Rear,Clear,Dry,Daylight,Traffic Control Signal,NONE DETECTED,No,No Apparent Injury,NA,Not Distracted,MD,Sport Utility Vehicle,Stopped in Traffic,35,No,2022,HYUNDAI,TUCSON,39.08384804,-77.07796674,2025,12,8
250057451,Property Damage Crash,12/24/2025 08:54:00 AM,GEORGIA AVE (SB/L),NA,Front to Rear,Clear,Dry,Daylight,Traffic Control Signal,NONE DETECTED,Yes,No Apparent Injury,NA,"Other Action (looking away from task, etc.)",MD,Pickup,Slowing or Stopping,35,No,2002,NISSAN,FRONTIER,39.08384804,-77.07796674,2025,12,8
250057446,Property Damage Crash,12/24/2025 08:24:00 AM,FIELDS RD,NA,Single Vehicle,Clear,Dry,Daylight,Traffic Control Signal,NONE DETECTED,No,No Apparent Injury,Other Improper Action,Not Distracted,DC,Single-Unit Truck,Turning Left,35,No,2000,ISUZU,NQR,39.11582246,-77.20373218,2025,12,8
250057434,Injury Crash,12/24/2025 03:45:00 AM,FREDERICK RD,NA,Single Vehicle,Clear,Dry,Medium,Flashing Traffic Control Signal,NONE DETECTED,Yes,Possible Minor Injury,Failed to Keep in Proper Lane,Not Distracted,MD,Passenger Car,Moving Constant Speed,45,No,2014,VOLKSWAGEN,JETTA,39.20478445,-77.24593535,2025,12,3
250057433,Property Damage Crash,12/24/2025 02:39:00 AM,NA,NA,Single Vehicle,Rain,Wet,Medium,Flashing Traffic Control Signal,NONE DETECTED,Yes,No Apparent Injury,Too Fast For Conditions,Not Distracted,MD,Pickup,Turning Left,35,No,2022,CHEVROLET,SILVERADO HD,39.156205,-77.16560167,2025,12,2
250057429,Property Damage Crash,12/24/2025 01:31:00 AM,BRADLEY BLVD (SB/L),NA,Front to Rear,Clear,Dry,Medium,No Controls,ALCOHOL PRESENT,No,No Apparent Injury,Other Improper Action,Unknown,MD,Sport Utility Vehicle,Moving Constant Speed,35,No,2024,SUBARU,CROSSTREK,38.97803133,-77.09271,2025,12,1
250057426,Property Damage Crash,12/23/2025 11:58:00 PM,TOWN CENTER DR,NA,Single Vehicle,Clear,Dry,Medium,No Controls,NONE DETECTED,No,No Apparent Injury,Other Improper Action,Not Distracted,MD,Passenger Car,Accelerating,10,No,2002,TOYOTA,CAMRY,39.15187779,-77.06174912,2025,12,23
250057417,Injury Crash,12/23/2025 10:36:00 PM,W EDMONSTON DR,Pedestrian,Single Vehicle,Clear,Dry,Medium,Traffic Control Signal,NONE DETECTED,No,Possible Minor Injury,NA,Not Distracted,MD,Passenger Car,Turning Right,25,No,2019,TOYOTA,HIGHLANDER,39.07129728,-77.13956402,2025,12,22
250057414,Property Damage Crash,12/23/2025 10:05:00 PM,BEL PRE RD (EB/L),NA,Rear To Rear,Clear,Dry,Medium,Traffic Control Signal,NONE DETECTED,No,No Apparent Injury,NA,Not Distracted,MD,Passenger Car,Stopped in Traffic,35,No,2008,HONDA,FIT,39.09056038,-77.0451492,2025,12,22
250057414,Property Damage Crash,12/23/2025 10:05:00 PM,BEL PRE RD (EB/L),NA,Rear To Rear,Clear,Dry,Medium,Traffic Control Signal,NONE DETECTED,Yes,No Apparent Injury,NA,Not Distracted,MD,Passenger Car,Moving Constant Speed,35,No,2013,HONDA,CIVIC,39.09056038,-77.0451492,2025,12,22
250057414,Property Damage Crash,12/23/2025 10:05:00 PM,BEL PRE RD (EB/L),NA,Rear To Rear,Clear,Dry,Medium,Traffic Control Signal,NONE DETECTED,No,No Apparent Injury,NA,Not Distracted,MD,Passenger Car,Stopped in Traffic,35,No,2003,NISSAN,MAXIMA,39.09056038,-77.0451492,2025,12,22
250057415,Property Damage Crash,12/23/2025 10:04:00 PM,MONTROSE PKWY,NA,Rear To Side,Clear,Dry,Medium,Flashing Traffic Control Signal,NONE DETECTED,Yes,No Apparent Injury,NA,Not Distracted,MD,Passenger Car,Turning Left,40,No,2024,SUBARU,CROSSTREK,39.05065567,-77.1260585,2025,12,22
250057415,Property Damage Crash,12/23/2025 10:04:00 PM,MONTROSE PKWY,NA,Rear To Side,Clear,Dry,Medium,Flashing Traffic Control Signal,NONE DETECTED,No,No Apparent Injury,NA,Not Distracted,MD,Passenger Car,Moving Constant Speed,40,No,2008,ACURA,TSX,39.05065567,-77.1260585,2025,12,22
250057409,Property Damage Crash,12/23/2025 09:16:00 PM,CONNECTICUT AVE,NA,Other,Clear,Dry,Medium,Traffic Control Signal,NONE DETECTED,No,No Apparent Injury,NA,Not Distracted,MD,Passenger Car,Moving Constant Speed,30,No,2020,INFINITI,QX60,39.05713151,-77.07343987,2025,12,21
250057409,Property Damage Crash,12/23/2025 09:16:00 PM,CONNECTICUT AVE,NA,Other,Clear,Dry,Medium,Traffic Control Signal,NONE DETECTED,Yes,No Apparent Injury,Failed to Yield Right-of-Way,Not Distracted,MD,Passenger Car,Turning Left,30,No,2018,HONDA,CIVIC,39.05713151,-77.07343987,2025,12,21
250057408,Property Damage Crash,12/23/2025 08:55:00 PM,HOBBS DR,NA,Single Vehicle,Clear,Dry,Medium,No Controls,NONE DETECTED,No,No Apparent Injury,NA,Not Distracted,KY,Passenger Car,Moving Constant Speed,40,No,2019,SUBARU,IMPREZA,39.0849643,-76.99971552,2025,12,20
250057400,Property Damage Crash,12/23/2025 08:15:00 PM,PERRY PKWY (SB/L),NA,Angle,Clear,Dry,Medium,No Controls,NONE DETECTED,Yes,No Apparent Injury,"Improper Turn, Operated Motor Vehicle in Inattentive, Careless, Negligent, or Erratic Manner, Other Improper Action",Unknown,MD,Pickup,Turning Right,30,No,2022,RAM,1500,39.147829,-77.21378567,2025,12,20
250057400,Property Damage Crash,12/23/2025 08:15:00 PM,PERRY PKWY (SB/L),NA,Angle,Clear,Dry,Medium,No Controls,NONE DETECTED,No,No Apparent Injury,NA,Not Distracted,MD,Pickup,Moving Constant Speed,30,No,2022,CHEVROLET,SILVERADO,39.147829,-77.21378567,2025,12,20
250057403,Property Damage Crash,12/23/2025 08:10:00 PM,NA,NA,"Sideswipe, Same Direction",Clear,NA,Medium,NA,NONE DETECTED,Yes,No Apparent Injury,"Disregarded Other Road Markings, Other Improper Action",Not Distracted,MD,Van - Passenger (&lt;9 Seats),Slowing or Stopping,0,No,2019,FORD,TRANSIT,39.03605153,-77.055824,2025,12,20
250057403,Property Damage Crash,12/23/2025 08:10:00 PM,NA,NA,"Sideswipe, Same Direction",Clear,NA,Medium,NA,NONE DETECTED,No,NA,NA,NA,NA,Passenger Car,Parked,0,No,2017,LEXUS,GX,39.03605153,-77.055824,2025,12,20
250057401,Property Damage Crash,12/23/2025 07:57:00 PM,FATHER HURLEY BLVD,NA,Angle,Clear,Dry,Medium,Traffic Control Signal,NONE DETECTED,No,No Apparent Injury,NA,Not Distracted,MD,Passenger Car,Moving Constant Speed,35,No,2023,HONDA,CR-V,39.16923149,-77.2829099,2025,12,19
250057401,Property Damage Crash,12/23/2025 07:57:00 PM,FATHER HURLEY BLVD,NA,Angle,Clear,Dry,Medium,Traffic Control Signal,NONE DETECTED,Yes,No Apparent Injury,Failed to Yield Right-of-Way,Unknown,MD,Passenger Car,Turning Left,35,No,2008,HYUNDAI,SONATA,39.16923149,-77.2829099,2025,12,19
250057395,Injury Crash,12/23/2025 07:12:00 PM,NA,NA,Angle,Clear,NA,Medium,NA,NONE DETECTED,Yes,No Apparent Injury,Improper Backing,Unknown,MD,Passenger Car,Backing,0,No,2024,TOYOTA,RAV4 PRIME,39.17616257,-77.24377183,2025,12,19
250057395,Injury Crash,12/23/2025 07:12:00 PM,NA,NA,Angle,Clear,NA,Medium,NA,NONE DETECTED,No,Possible Minor Injury,NA,Not Distracted,MD,Passenger Car,Parked,0,No,2018,HONDA,CIVIC,39.17616257,-77.24377183,2025,12,19
250057391,Property Damage Crash,12/23/2025 06:58:00 PM,GREAT SENECA HWY,NA,Front to Front,Clear,Dry,Medium,No Controls,NONE DETECTED,No,No Apparent Injury,NA,Not Distracted,MD,Passenger Car,Moving Constant Speed,45,No,2008,SAAB,9-3,39.15715446,-77.27581004,2025,12,18
250057391,Property Damage Crash,12/23/2025 06:58:00 PM,GREAT SENECA HWY,NA,Front to Front,Clear,Dry,Medium,Stop Sign,NONE DETECTED,Yes,No Apparent Injury,Failed to Yield Right-of-Way,Unknown,MD,Passenger Car,Accelerating,25,No,2024,TOYOTA,COROLLA,39.15715446,-77.27581004,2025,12,18
250057392,Property Damage Crash,12/23/2025 06:56:00 PM,NA,NA,"Sideswipe, Same Direction",Clear,NA,Medium,NA,NONE DETECTED,No,No Apparent Injury,NA,Not Distracted,MD,Sport Utility Vehicle,Moving Constant Speed,0,No,2020,KIA,TELLURIDE,39.07779862,-77.08039024,2025,12,18
250057392,Property Damage Crash,12/23/2025 06:56:00 PM,NA,NA,"Sideswipe, Same Direction",Clear,NA,Medium,NA,NONE DETECTED,No,NA,NA,NA,NA,Passenger Car,Moving Constant Speed,0,No,2017,DODGE,CHALLENGER,39.07779862,-77.08039024,2025,12,18
250057384,Property Damage Crash,12/23/2025 06:40:00 PM,BROADBIRCH DR,NA,Other,Clear,Dry,Medium,No Controls,NONE DETECTED,No,No Apparent Injury,NA,Not Distracted,MD,Passenger Car,Moving Constant Speed,30,No,2007,TOYOTA,HIGHLANDER,39.05565367,-76.955862,2025,12,18
250057384,Property Damage Crash,12/23/2025 06:40:00 PM,BROADBIRCH DR,NA,Other,Clear,Dry,Medium,No Controls,NONE DETECTED,Yes,No Apparent Injury,NA,Unknown,MD,Passenger Car,Entering Traffic Lane,30,No,2021,BMW,330I,39.05565367,-76.955862,2025,12,18
250057378,Property Damage Crash,12/23/2025 06:00:00 PM,SHADY GROVE RD,NA,Front to Rear,Clear,Dry,Medium,Traffic Control Signal,NONE DETECTED,No,No Apparent Injury,NA,Not Distracted,MD,Passenger Car,Stopped in Traffic,45,No,2020,JEEP,GRAND CHEROKEE,39.14805387,-77.14758851,2025,12,18
250057378,Property Damage Crash,12/23/2025 06:00:00 PM,SHADY GROVE RD,NA,Front to Rear,Clear,Dry,Medium,No Controls,NONE DETECTED,No,NA,Followed Too Closely,NA,NA,Passenger Car,Moving Constant Speed,45,No,0,NA,NA,39.14805387,-77.14758851,2025,12,18
250057352,Property Damage Crash,12/23/2025 05:06:00 PM,PIER POINT PL,NA,"Sideswipe, Same Direction",Clear,Dry,Medium,No Controls,NONE DETECTED,No,No Apparent Injury,NA,Not Distracted,NA,Bus - School,Moving Constant Speed,25,No,2021,FREIGHTLINER,B2 BUS CHASSIS,39.16016011,-77.19834047,2025,12,17
250057352,Property Damage Crash,12/23/2025 05:06:00 PM,PIER POINT PL,NA,"Sideswipe, Same Direction",Clear,Dry,Medium,No Controls,NONE DETECTED,Yes,No Apparent Injury,NA,Not Distracted,MD,Passenger Car,Overtaking/Passing,25,No,2007,TOYOTA,CAMRY,39.16016011,-77.19834047,2025,12,17
250057345,Injury Crash,12/23/2025 05:00:00 PM,GREENWOOD AVE,NA,"Sideswipe, Same Direction",Clear,Dry,Medium,No Controls,NONE DETECTED,Yes,Possible Minor Injury,NA,Unknown,MD,Passenger Car,Moving Constant Speed,15,No,2016,FORD,FOCUS,38.98825383,-76.99972067,2025,12,17