Local Case Number,ACRS Report Type,Crash Date/Time,Road Name,Related Non-Motorist,Collision Type,Weather,Surface Condition,Light,Traffic Control,Driver Substance Abuse,Driver At Fault,Injury Severity,Circumstance,Driver Distracted By,Drivers License State,Vehicle Body Type,Vehicle Movement,Speed Limit,Driverless Vehicle,Vehicle Year,Vehicle Make,Vehicle Model,Latitude,Longitude,Year,Month,Hour
250057015,Property Damage Crash,12/21/2025 05:30:00 PM,VEIRS MILL RD (WB/L),NA,"Sideswipe, Same Direction",Clear,Dry,Medium,No Controls,NONE DETECTED,No,No Apparent Injury,NA,Not Distracted,MD,Sport Utility Vehicle,Moving Constant Speed,35,No,2021,HYUNDAI,VENUE,39.07458291,-77.11418115,2025,12,17
250057015,Property Damage Crash,12/21/2025 05:30:00 PM,VEIRS MILL RD (WB/L),NA,"Sideswipe, Same Direction",Clear,Dry,Medium,No Controls,NONE DETECTED,Yes,No Apparent Injury,NA,"Other Action (looking away from task, etc.)",FL,Sport Utility Vehicle,Changing Lanes,35,No,2012,CADILLAC,SRX,39.07458291,-77.11418115,2025,12,17
250057007,Property Damage Crash,12/21/2025 04:21:00 PM,NA,NA,Other,Clear,NA,Daylight,NA,NONE DETECTED,No,NA,NA,NA,NA,Passenger Car,Backing,0,No,2007,HONDA,ACCORD,39.03922902,-77.05134771,2025,12,16
250057007,Property Damage Crash,12/21/2025 04:21:00 PM,NA,NA,Other,Clear,NA,Daylight,NA,NONE DETECTED,No,No Apparent Injury,NA,Not Distracted,MD,Passenger Car,Parked,0,No,2017,AUDI,A3,39.03922902,-77.05134771,2025,12,16
250056995,Property Damage Crash,12/21/2025 02:15:00 PM,NA,NA,Angle,Clear,NA,Daylight,NA,NONE DETECTED,Yes,No Apparent Injury,NA,Not Distracted,MD,Passenger Car,Moving Constant Speed,0,No,2006,TOYOTA,AVALON,39.06734322,-77.08249666,2025,12,14
250056992,Injury Crash,12/21/2025 02:10:00 PM,NA,NA,Single Vehicle,Clear,NA,Daylight,NA,NONE DETECTED,Yes,Possible Minor Injury,"Failed to Keep in Proper Lane, Ran Off Roadway",Not Distracted,MD,Passenger Car,Moving Constant Speed,0,No,2021,MAZDA,CX-5,39.10187173,-77.07522384,2025,12,14
250056987,Property Damage Crash,12/21/2025 01:00:00 PM,BONIFANT RD,NA,Front to Rear,Clear,Dry,Daylight,No Controls,NONE DETECTED,No,No Apparent Injury,NA,Not Distracted,MD,Passenger Car,Moving Constant Speed,30,No,2015,ACURA,MDX,39.09300132,-77.00959198,2025,12,13
250056987,Property Damage Crash,12/21/2025 01:00:00 PM,BONIFANT RD,NA,Front to Rear,Clear,Dry,Daylight,No Controls,NONE DETECTED,Yes,No Apparent Injury,Too Fast For Conditions,Unknown,MD,Passenger Car,Moving Constant Speed,30,No,2015,NISSAN,ROGUE,39.09300132,-77.00959198,2025,12,13
2500378141,Injury Crash,12/21/2025 10:00:00 AM,NA,NA,Front to Rear,Cloudy,NA,Daylight,NA,NONE DETECTED,No,No Apparent Injury,NA,Not Distracted,MD,Sport Utility Vehicle,Moving Constant Speed,0,No,2017,MERCEDES-BENZ,GLS-CLASS,39.1578096,-77.22307484,2025,12,10
2500378141,Injury Crash,12/21/2025 10:00:00 AM,NA,NA,Front to Rear,Cloudy,NA,Daylight,NA,NONE DETECTED,No,Possible Minor Injury,NA,Not Distracted,MD,Sport Utility Vehicle,Slowing or Stopping,0,No,2017,HONDA,CR-V,39.1578096,-77.22307484,2025,12,10
2500378141,Injury Crash,12/21/2025 10:00:00 AM,NA,NA,Front to Rear,Cloudy,NA,Daylight,NA,NONE DETECTED,No,No Apparent Injury,NA,Not Distracted,DC,Passenger Car,Slowing or Stopping,0,No,2025,VOLVO,S40,39.1578096,-77.22307484,2025,12,10
250056959,Property Damage Crash,12/21/2025 07:30:00 AM,CRYSTAL HILL CIR,NA,Single Vehicle,Clear,Dry,Daylight,No Controls,NONE DETECTED,Yes,No Apparent Injury,Ran Off Roadway,Unknown,MD,Sport Utility Vehicle,Accelerating,5,No,2005,JEEP,GRAND CHEROKEE,39.19641333,-77.27566167,2025,12,7
250056957,Injury Crash,12/21/2025 06:24:00 AM,E JEFFERSON ST,NA,Single Vehicle,Clear,Dry,Medium,No Controls,ALCOHOL PRESENT,Yes,Possible Minor Injury,NA,Unknown,MD,Passenger Car,NA,25,No,2012,HONDA,CIVIC,39.08163118,-77.1485766,2025,12,6
250056952,Property Damage Crash,12/21/2025 03:49:00 AM,NA,NA,Front to Rear,Clear,Dry,Medium,No Controls,ALCOHOL PRESENT,Yes,No Apparent Injury,"Failed to Keep in Proper Lane, Operated Motor Vehicle in Inattentive, Careless, Negligent, or Erratic Manner, Operated Motor Vehicle in Reckless or Aggressive Manner",Not Distracted,MD,Passenger Car,Moving Constant Speed,35,No,2025,TOYOTA,COROLLA,39.09238156,-77.08434848,2025,12,3
250056937,Property Damage Crash,12/21/2025 12:06:00 AM,TWINBROOK PKWY (NB/L),NA,Single Vehicle,Clear,Dry,Medium,No Controls,ALCOHOL PRESENT,Yes,No Apparent Injury,Failed to Keep in Proper Lane,Not Distracted,MD,Passenger Car,Turning Right,30,No,2017,HONDA,ACCORD,39.06186864,-77.11635999,2025,12,0
250056936,Injury Crash,12/20/2025 11:55:00 PM,MIDDLEBROOK RD,Pedestrian,Single Vehicle,Clear,Dry,Medium,Traffic Control Signal,NONE DETECTED,Yes,No Apparent Injury,NA,Not Distracted,MD,Passenger Car,Moving Constant Speed,40,No,2011,NISSAN,ROGUE,39.17509818,-77.25376618,2025,12,23
250056933,Property Damage Crash,12/20/2025 10:00:00 PM,ROCKVILLE PIKE (SB/L),NA,"Sideswipe, Same Direction",Clear,NA,Dark,No Controls,NONE DETECTED,No,No Apparent Injury,NA,Not Distracted,MD,Sport Utility Vehicle,Moving Constant Speed,35,No,2014,NISSAN,PATHFINDER,39.06223239,-77.12445984,2025,12,22
250056933,Property Damage Crash,12/20/2025 10:00:00 PM,ROCKVILLE PIKE (SB/L),NA,"Sideswipe, Same Direction",Clear,NA,Dark,No Controls,NONE DETECTED,No,No Apparent Injury,NA,Unknown,NA,Pickup,Changing Lanes,35,No,2023,RAM,2500,39.06223239,-77.12445984,2025,12,22
250056931,Property Damage Crash,12/20/2025 09:48:00 PM,SOUTHLAWN LA,NA,Single Vehicle,Clear,Dry,Dark,No Controls,NONE DETECTED,Yes,No Apparent Injury,Over-Correcting/Over-Steering,Not Distracted,MD,Passenger Car,Negotiating a Curve,30,No,2008,INFINITI,G35,39.10632874,-77.12275475,2025,12,21
250056922,Injury Crash,12/20/2025 08:49:00 PM,NA,Pedestrian,Single Vehicle,Clear,Dry,Dark,Yield Sign,NONE DETECTED,Yes,No Apparent Injury,Failed to Yield Right-of-Way,Not Distracted,MD,Passenger Car,Moving Constant Speed,25,No,2020,HONDA,ACCORD,39.100991,-77.0742875,2025,12,20
250056913,Property Damage Crash,12/20/2025 07:32:00 PM,MATENY RD,NA,Angle,Clear,Dry,Medium,Traffic Control Signal,NONE DETECTED,Yes,No Apparent Injury,Failed to Yield Right-of-Way,Unknown,MD,Passenger Car,Moving Constant Speed,45,No,2011,NISSAN,ALTIMA,39.16443384,-77.27335392,2025,12,19
250056913,Property Damage Crash,12/20/2025 07:32:00 PM,MATENY RD,NA,Angle,Clear,Dry,Medium,Traffic Control Signal,NONE DETECTED,No,No Apparent Injury,NA,Not Distracted,MD,Passenger Car,Moving Constant Speed,45,No,2010,HYUNDAI,GENESIS COUPE,39.16443384,-77.27335392,2025,12,19
250056907,Property Damage Crash,12/20/2025 06:39:00 PM,GEORGIA AVE,NA,Angle,Clear,Dry,Medium,Traffic Control Signal,NONE DETECTED,Yes,No Apparent Injury,"Disregarded Other Road Markings, Improper Turn, Ran Red Light",Not Distracted,DC,Passenger Car,Turning Left,35,No,2019,HONDA,ACCORD,38.99455267,-77.02660533,2025,12,18
250056907,Property Damage Crash,12/20/2025 06:39:00 PM,GEORGIA AVE,NA,Angle,Clear,Dry,Medium,Traffic Control Signal,NONE DETECTED,No,No Apparent Injury,NA,Not Distracted,MD,Passenger Car,Turning Left,35,No,2020,NISSAN,ALTIMA,38.99455267,-77.02660533,2025,12,18
250056915,Property Damage Crash,12/20/2025 06:33:00 PM,NEW HAMPSHIRE AVE,NA,Front to Rear,Clear,Dry,Medium,No Controls,NONE DETECTED,No,NA,NA,NA,NA,Passenger Car,Moving Constant Speed,40,No,2020,CHRYSLER,300,39.01452241,-76.97800484,2025,12,18
250056915,Property Damage Crash,12/20/2025 06:33:00 PM,NEW HAMPSHIRE AVE,NA,Front to Rear,Clear,Dry,Medium,Traffic Control Signal,NONE DETECTED,No,No Apparent Injury,NA,Not Distracted,DE,Passenger Car,Slowing or Stopping,40,No,2013,HONDA,ACCORD,39.01452241,-76.97800484,2025,12,18
250056905,Property Damage Crash,12/20/2025 06:30:00 PM,NA,NA,Front to Rear,Clear,NA,Medium,NA,NONE DETECTED,Yes,No Apparent Injury,Followed Too Closely,Not Distracted,MD,Passenger Car,Moving Constant Speed,0,No,2025,FORD,EXPLORER,39.03812859,-77.05516486,2025,12,18
250056905,Property Damage Crash,12/20/2025 06:30:00 PM,NA,NA,Front to Rear,Clear,NA,Medium,NA,NONE DETECTED,No,No Apparent Injury,NA,Not Distracted,MD,Passenger Car,Moving Constant Speed,0,No,2014,TOYOTA,CAMRY,39.03812859,-77.05516486,2025,12,18
250056903,Injury Crash,12/20/2025 05:46:00 PM,WINDHAM LA,Pedestrian,Single Vehicle,Clear,Dry,Medium,Traffic Control Signal,NONE DETECTED,No,No Apparent Injury,NA,Not Distracted,MD,Sport Utility Vehicle,Moving Constant Speed,30,No,2013,HONDA,CR-V,39.03194304,-77.04826014,2025,12,17
250056902,Property Damage Crash,12/20/2025 05:29:00 PM,NEW HAMPSHIRE AVE,NA,Front to Rear,Clear,Dry,Medium,Traffic Control Signal,NONE DETECTED,No,No Apparent Injury,NA,NA,NA,Passenger Car,Slowing or Stopping,35,No,2020,NISSAN,ROGUE,39.01985718,-76.97654396,2025,12,17
250056902,Property Damage Crash,12/20/2025 05:29:00 PM,NEW HAMPSHIRE AVE,NA,Front to Rear,Clear,Dry,Medium,Traffic Control Signal,NONE DETECTED,No,No Apparent Injury,NA,Not Distracted,MD,Passenger Car,Stopped in Traffic,35,No,2016,LEXUS,RX,39.01985718,-76.97654396,2025,12,17
250056900,Injury Crash,12/20/2025 05:18:00 PM,WISCONSIN AVE (SB/L),NA,Front to Front,Clear,Dry,Medium,Traffic Control Signal,NONE DETECTED,No,Possible Minor Injury,NA,Unknown,MD,Motorcycle - 2 Wheeled,Moving Constant Speed,35,No,2024,ZNEN,"HOUND, ASTRO",38.97721636,-77.09077367,2025,12,17
250056900,Injury Crash,12/20/2025 05:18:00 PM,WISCONSIN AVE (SB/L),NA,Front to Front,Clear,Dry,Medium,Traffic Control Signal,NONE DETECTED,Yes,No Apparent Injury,"Failed to Yield Right-of-Way, Operated Motor Vehicle in Inattentive, Careless, Negligent, or Erratic Manner, Other Improper Action",Unknown,FL,Sport Utility Vehicle,Turning Left,35,No,2015,JEEP,CHEROKEE,38.97721636,-77.09077367,2025,12,17
250056881,Injury Crash,12/20/2025 03:35:00 PM,WASHINGTON GROVE LA,NA,Single Vehicle,Clear,Dry,Daylight,No Controls,ALCOHOL PRESENT,Yes,Possible Minor Injury,NA,Unknown,MD,Passenger Car,Moving Constant Speed,30,No,2015,NISSAN,ALTIMA,39.14382981,-77.17343773,2025,12,15
250056867,Property Damage Crash,12/20/2025 01:40:00 PM,OLD BALTIMORE RD,NA,Angle,Clear,Dry,Daylight,Traffic Control Signal,NONE DETECTED,No,No Apparent Injury,NA,Not Distracted,MD,Passenger Car,Moving Constant Speed,30,No,2025,BMW,I4,39.13707846,-77.06914826,2025,12,13
250056867,Property Damage Crash,12/20/2025 01:40:00 PM,OLD BALTIMORE RD,NA,Angle,Clear,Dry,Daylight,Traffic Control Signal,NONE DETECTED,Yes,No Apparent Injury,NA,Unknown,MD,Passenger Car,Moving Constant Speed,40,No,2008,HONDA,CR-V,39.13707846,-77.06914826,2025,12,13
250057269,Property Damage Crash,12/20/2025 01:40:00 PM,NA,NA,Front to Front,Clear,NA,Daylight,NA,NONE DETECTED,No,No Apparent Injury,Improper Backing,Unknown,NA,Sport Utility Vehicle,Moving Constant Speed,0,No,0,NA,NA,39.02104991,-77.01299954,2025,12,13
250056859,Property Damage Crash,12/20/2025 12:15:00 PM,UNIVERSITY BLVD E,NA,Front to Rear,Clear,Dry,Daylight,No Controls,NONE DETECTED,No,No Apparent Injury,NA,Not Distracted,MD,Passenger Car,Slowing or Stopping,30,No,2022,SUBARU,OUTBACK,38.994396,-76.99294467,2025,12,12
250056859,Property Damage Crash,12/20/2025 12:15:00 PM,UNIVERSITY BLVD E,NA,Front to Rear,Clear,Dry,Daylight,No Controls,NONE DETECTED,Yes,No Apparent Injury,Followed Too Closely,Not Distracted,MD,Bus - Transit,Slowing or Stopping,30,No,2013,NEW FLYER,XCELSIOR,38.994396,-76.99294467,2025,12,12
250056857,Property Damage Crash,12/20/2025 11:38:00 AM,NA,NA,Angle,Clear,Dry,Daylight,No Controls,NONE DETECTED,No,No Apparent Injury,NA,Not Distracted,MD,Passenger Car,Moving Constant Speed,40,No,2019,HONDA,ACCORD,39.264311,-77.20462067,2025,12,11
250056857,Property Damage Crash,12/20/2025 11:38:00 AM,NA,NA,Angle,Clear,Dry,Daylight,No Controls,NONE DETECTED,Yes,No Apparent Injury,Failed to Yield Right-of-Way,Not Distracted,MD,Passenger Car,Turning Left,40,No,2004,MITSUBISHI,GALANT,39.264311,-77.20462067,2025,12,11
250056849,Property Damage Crash,12/20/2025 10:47:00 AM,FATHER HURLEY BLVD,NA,Angle,Clear,Dry,Daylight,Traffic Control Signal,NONE DETECTED,Yes,No Apparent Injury,"Failed to Yield Right-of-Way, Improper Turn",Unknown,MD,Passenger Car,Turning Left,35,No,2022,GENESIS,G70,39.18147833,-77.27637667,2025,12,10
250056849,Property Damage Crash,12/20/2025 10:47:00 AM,FATHER HURLEY BLVD,NA,Angle,Clear,Dry,Daylight,Traffic Control Signal,NONE DETECTED,No,No Apparent Injury,NA,Not Distracted,MD,Passenger Car,Moving Constant Speed,35,No,2016,CADILLAC,XTS,39.18147833,-77.27637667,2025,12,10
250056845,Property Damage Crash,12/20/2025 10:10:00 AM,OAKVIEW DR,NA,Angle,Clear,Dry,Daylight,Traffic Control Signal,NONE DETECTED,Yes,No Apparent Injury,NA,Not Distracted,MD,Pickup,Turning Left,35,No,2005,CHEVROLET,SILVERADO,39.01533466,-76.97794243,2025,12,10
250056845,Property Damage Crash,12/20/2025 10:10:00 AM,OAKVIEW DR,NA,Angle,Clear,Dry,Daylight,Traffic Control Signal,NONE DETECTED,No,No Apparent Injury,NA,Not Distracted,MD,Passenger Car,Moving Constant Speed,35,No,2022,DODGE,CHARGER,39.01533466,-76.97794243,2025,12,10
250056858,Property Damage Crash,12/20/2025 09:53:00 AM,NA,NA,Other,Clear,NA,Daylight,NA,NONE DETECTED,No,NA,NA,NA,NA,Sport Utility Vehicle,NA,0,No,2025,SUBARU,CROSSTREK,39.02485725,-77.12406743,2025,12,9
250056839,Property Damage Crash,12/20/2025 09:45:00 AM,NA,NA,Rear To Side,Clear,NA,Daylight,NA,NONE DETECTED,No,No Apparent Injury,NA,NA,NA,Pickup,Accelerating,0,No,0,NA,NA,39.16994948,-77.25985284,2025,12,9
250002678,Property Damage Crash,12/20/2025 05:10:00 AM,WOODFIELD RD,NA,Single Vehicle,Clear,Dry,Dark,No Controls,NONE DETECTED,No,No Apparent Injury,NA,Not Distracted,MD,Sport Utility Vehicle,Moving Constant Speed,35,No,2021,FORD,EXPLORER,39.19877162,-77.15605899,2025,12,5
250056818,Property Damage Crash,12/20/2025 03:00:00 AM,ROLLING FORK WAY,NA,Single Vehicle,Clear,Dry,Medium,No Controls,NONE DETECTED,No,NA,NA,NA,NA,Passenger Car,Moving Constant Speed,25,No,2020,CHEVROLET,CAMARO,39.24978875,-77.19573156,2025,12,3
250056815,Property Damage Crash,12/20/2025 02:50:00 AM,PEACH ORCHARD RD,NA,Single Vehicle,Clear,Dry,Medium,No Controls,ALCOHOL PRESENT,Yes,No Apparent Injury,Ran Off Roadway,Unknown,MD,Sport Utility Vehicle,Moving Constant Speed,35,No,2013,FORD,EXPLORER,39.10718584,-76.96309803,2025,12,2
250056809,Property Damage Crash,12/20/2025 02:13:00 AM,NEW HAMPSHIRE AVE (SB/L),NA,Single Vehicle,Clear,Dry,Medium,No Controls,ALCOHOL PRESENT,Yes,No Apparent Injury,"Ran Off Roadway, Wrong Side, Wrong Way",Not Distracted,MD,Passenger Car,Moving Constant Speed,40,No,2017,HONDA,CIVIC,39.07616687,-77.00193505,2025,12,2
250056800,Property Damage Crash,12/20/2025 12:34:00 AM,SHADY SPRING DR,NA,Front to Front,Clear,Dry,Medium,Stop Sign,NONE DETECTED,No,No Apparent Injury,"Improper Turn, Wrong Side",Not Distracted,MD,Passenger Car,Turning Left,25,No,2017,TOYOTA,RAV4,39.148258,-77.16666217,2025,12,0
250056800,Property Damage Crash,12/20/2025 12:34:00 AM,SHADY SPRING DR,NA,Front to Front,Clear,Dry,Medium,Stop Sign,NONE DETECTED,No,No Apparent Injury,NA,Not Distracted,MD,Passenger Car,Stopped in Traffic,25,No,2005,HONDA,ACCORD,39.148258,-77.16666217,2025,12,0
250056786,Property Damage Crash,12/19/2025 09:30:00 PM,NA,NA,Front to Rear,Clear,Dry,Medium,Traffic Control Signal,NONE DETECTED,No,No Apparent Injury,NA,Not Distracted,MD,Passenger Car,Slowing or Stopping,50,No,2010,HONDA,ACCORD,39.12823095,-77.23714081,2025,12,21
250056786,Property Damage Crash,12/19/2025 09:30:00 PM,NA,NA,Front to Rear,Clear,Dry,Medium,Traffic Control Signal,ALCOHOL PRESENT,Yes,No Apparent Injury,"Followed Too Closely, Operated Motor Vehicle in Inattentive, Careless, Negligent, or Erratic Manner, Other Improper Action","Other Action (looking away from task, etc.)",MD,Passenger Car,Slowing or Stopping,50,No,2014,HONDA,CIVIC,39.12823095,-77.23714081,2025,12,21
250056785,Injury Crash,12/19/2025 08:46:00 PM,PINEY BRANCH RD,Pedestrian,Single Vehicle,Clear,Dry,Medium,Traffic Control Signal,NONE DETECTED,No,No Apparent Injury,NA,Not Distracted,MD,Passenger Car,Turning Right,25,No,2016,FORD,FUSION,38.98327345,-77.01542304,2025,12,20
250056778,Property Damage Crash,12/19/2025 07:58:00 PM,UNIVERSITY BLVD W,NA,Rear To Side,Clear,Dry,Dark,Traffic Control Signal,NONE DETECTED,No,No Apparent Injury,NA,Not Distracted,MD,Passenger Car,Moving Constant Speed,35,No,2001,MERCEDES-BENZ,E-CLASS,39.03605917,-77.03669733,2025,12,19
250056778,Property Damage Crash,12/19/2025 07:58:00 PM,UNIVERSITY BLVD W,NA,Rear To Side,Clear,Dry,Dark,Traffic Control Signal,NONE DETECTED,Yes,No Apparent Injury,Failed to Yield Right-of-Way,"Other Action (looking away from task, etc.)",MD,Passenger Car,Turning Left,35,No,2016,HONDA,CR-V,39.03605917,-77.03669733,2025,12,19
250056779,Injury Crash,12/19/2025 07:50:00 PM,FREDERICK RD (SB/L),NA,"Sideswipe, Same Direction",Clear,Dry,Medium,No Controls,NONE DETECTED,Yes,NA,Failed to Keep in Proper Lane,Unknown,NA,Unknown,Moving Constant Speed,35,No,0,NA,NA,39.16986667,-77.23505333,2025,12,19
250056779,Injury Crash,12/19/2025 07:50:00 PM,FREDERICK RD (SB/L),NA,"Sideswipe, Same Direction",Clear,Dry,Medium,No Controls,NONE DETECTED,No,Possible Minor Injury,NA,Not Distracted,MD,Passenger Car,Moving Constant Speed,35,No,2008,NISSAN,ROGUE,39.16986667,-77.23505333,2025,12,19
250056777,Property Damage Crash,12/19/2025 07:23:00 PM,SHADY GROVE RD (SB/L),NA,Front to Rear,Clear,Dry,Medium,Traffic Control Signal,NONE DETECTED,No,No Apparent Injury,NA,Unknown,VA,Passenger Car,Stopped in Traffic,40,No,2025,BMW,430I,39.11203831,-77.18719881,2025,12,19
250056777,Property Damage Crash,12/19/2025 07:23:00 PM,SHADY GROVE RD (SB/L),NA,Front to Rear,Clear,Dry,Medium,Traffic Control Signal,ALCOHOL PRESENT,Yes,No Apparent Injury,NA,Unknown,MD,Passenger Car,Accelerating,40,No,2016,ACURA,TLX,39.11203831,-77.18719881,2025,12,19
250056765,Property Damage Crash,12/19/2025 06:24:00 PM,FATHER HURLEY BLVD (NB/L),NA,Angle,Clear,Dry,Medium,Traffic Control Signal,NONE DETECTED,Yes,No Apparent Injury,Failed to Yield Right-of-Way,Not Distracted,MD,Passenger Car,Moving Constant Speed,35,No,2014,JEEP,WRANGLER,39.18405371,-77.2735539,2025,12,18
250056765,Property Damage Crash,12/19/2025 06:24:00 PM,FATHER HURLEY BLVD (NB/L),NA,Angle,Clear,Dry,Medium,Traffic Control Signal,NONE DETECTED,No,No Apparent Injury,NA,Not Distracted,MD,Passenger Car,Moving Constant Speed,35,No,2010,MAZDA,MAZDA6,39.18405371,-77.2735539,2025,12,18
250056764,Property Damage Crash,12/19/2025 06:10:00 PM,RIVER RD (WB/L),NA,Front to Rear,Clear,Dry,Medium,Traffic Control Signal,NONE DETECTED,No,No Apparent Injury,NA,Not Distracted,MD,Passenger Car,Moving Constant Speed,35,No,2023,LEXUS,RX,38.9893005,-77.1496265,2025,12,18
250056764,Property Damage Crash,12/19/2025 06:10:00 PM,RIVER RD (WB/L),NA,Front to Rear,Clear,Dry,Medium,Traffic Control Signal,NONE DETECTED,No,No Apparent Injury,Followed Too Closely,Not Distracted,MD,Passenger Car,Moving Constant Speed,35,No,2016,TOYOTA,CAMRY,38.9893005,-77.1496265,2025,12,18
250056761,Property Damage Crash,12/19/2025 05:49:00 PM,VEIRS MILL RD,NA,Rear To Side,Clear,Dry,Medium,Other Warning Sign,NONE DETECTED,Yes,No Apparent Injury,NA,Not Distracted,MD,Other,Backing,35,No,2016,FREIGHTLINER,M2,39.0610975,-77.09138833,2025,12,17
250056761,Property Damage Crash,12/19/2025 05:49:00 PM,VEIRS MILL RD,NA,Rear To Side,Clear,Dry,Medium,No Controls,NONE DETECTED,No,No Apparent Injury,NA,Not Distracted,MD,Bus - Transit,Parked,35,No,2009,GILLIG,CITY SUBURBAN BUS,39.0610975,-77.09138833,2025,12,17
250056763,Property Damage Crash,12/19/2025 05:23:00 PM,SELFRIDGE RD,NA,Front to Rear,Clear,Dry,Medium,No Controls,ALCOHOL PRESENT,Yes,No Apparent Injury,"Followed Too Closely, Operated Motor Vehicle in Inattentive, Careless, Negligent, or Erratic Manner, Operated Motor Vehicle in Reckless or Aggressive Manner",Unknown,NA,Passenger Car,Slowing or Stopping,25,No,2006,NISSAN,MAXIMA,39.05580878,-77.08429787,2025,12,17
250056763,Property Damage Crash,12/19/2025 05:23:00 PM,SELFRIDGE RD,NA,Front to Rear,Clear,Dry,Medium,No Controls,NONE DETECTED,No,No Apparent Injury,NA,Not Distracted,MD,Passenger Car,Slowing or Stopping,25,No,2019,TOYOTA,RAV4,39.05580878,-77.08429787,2025,12,17
250056754,Injury Crash,12/19/2025 04:59:00 PM,WYNGATE DR,NA,Angle,Clear,Dry,Medium,Stop Sign,NONE DETECTED,Yes,Possible Minor Injury,Failed to Yield Right-of-Way,Unknown,MD,Sport Utility Vehicle,Entering Traffic Lane,30,No,2023,TESLA,MODEL Y,39.01188549,-77.11641947,2025,12,16
250056754,Injury Crash,12/19/2025 04:59:00 PM,WYNGATE DR,NA,Angle,Clear,Dry,Medium,No Controls,NONE DETECTED,No,Possible Minor Injury,NA,Not Distracted,MD,Sport Utility Vehicle,Moving Constant Speed,35,No,2021,TOYOTA,HIGHLANDER,39.01188549,-77.11641947,2025,12,16
250056753,Property Damage Crash,12/19/2025 04:48:00 PM,FAIRLAND RD (WB/L),NA,Front to Front,Clear,Dry,Medium,Traffic Control Signal,NONE DETECTED,No,No Apparent Injury,NA,Not Distracted,MD,Sport Utility Vehicle,Moving Constant Speed,35,No,2023,FORD,ESCAPE,39.07355445,-76.955678700000007,2025,12,16
250056753,Property Damage Crash,12/19/2025 04:48:00 PM,FAIRLAND RD (WB/L),NA,Front to Front,Clear,Dry,Medium,Traffic Control Signal,NONE DETECTED,Yes,No Apparent Injury,NA,Not Distracted,MD,Sport Utility Vehicle,Moving Constant Speed,50,No,2025,CHEVROLET,BLAZER EV,39.07355445,-76.955678700000007,2025,12,16
250056752,Injury Crash,12/19/2025 04:46:00 PM,VEIRS MILL RD,NA,Front to Rear,Clear,Dry,Daylight,No Controls,NONE DETECTED,Yes,Possible Minor Injury,"Followed Too Closely, Operated Motor Vehicle in Reckless or Aggressive Manner, Other Improper Action, Too Fast For Conditions",Unknown,MD,Passenger Car,Moving Constant Speed,35,No,2004,ACURA,TL,39.06031367,-77.08988917,2025,12,16
250056752,Injury Crash,12/19/2025 04:46:00 PM,VEIRS MILL RD,NA,Front to Rear,Clear,Dry,Daylight,No Controls,NONE DETECTED,No,Possible Minor Injury,NA,Not Distracted,MD,Sport Utility Vehicle,Moving Constant Speed,35,No,2021,FORD,EXPLORER,39.06031367,-77.08988917,2025,12,16
250056751,Property Damage Crash,12/19/2025 04:41:00 PM,NA,NA,"Sideswipe, Same Direction",Clear,Dry,Medium,No Controls,NONE DETECTED,No,No Apparent Injury,NA,Not Distracted,MD,Bus - Transit,Stopped in Traffic,30,No,2025,GILLIG,CITY TRANSIT BUS,39.07107905,-77.10169567,2025,12,16
250056751,Property Damage Crash,12/19/2025 04:41:00 PM,NA,NA,"Sideswipe, Same Direction",Clear,Dry,Medium,No Controls,NONE DETECTED,No,NA,NA,NA,NA,NA,Overtaking/Passing,30,No,0,NA,NA,39.07107905,-77.10169567,2025,12,16