Local Case Number,ACRS Report Type,Crash Date/Time,Road Name,Related Non-Motorist,Collision Type,Weather,Surface Condition,Light,Traffic Control,Driver Substance Abuse,Driver At Fault,Injury Severity,Circumstance,Driver Distracted By,Drivers License State,Vehicle Body Type,Vehicle Movement,Speed Limit,Driverless Vehicle,Vehicle Year,Vehicle Make,Vehicle Model,Latitude,Longitude,Year,Month,Hour
250056747,Property Damage Crash,12/19/2025 04:16:00 PM,FULKS CORNER AVE,NA,Rear To Side,Clear,Dry,Daylight,No Controls,NONE DETECTED,Yes,No Apparent Injury,NA,Unknown,MD,Passenger Car,Turning Left,25,No,2012,MINI,COUNTRYMAN,39.13977767,-77.1963618,2025,12,16
250056747,Property Damage Crash,12/19/2025 04:16:00 PM,FULKS CORNER AVE,NA,Rear To Side,Clear,Dry,Daylight,No Controls,NONE DETECTED,No,No Apparent Injury,NA,Unknown,MD,Passenger Car,NA,35,No,2018,TOYOTA,HIGHLANDER,39.13977767,-77.1963618,2025,12,16
250056755,Property Damage Crash,12/19/2025 04:00:00 PM,GEORGIA AVE (SB/L),NA,Front to Rear,Clear,Dry,Daylight,No Controls,NONE DETECTED,No,No Apparent Injury,NA,Not Distracted,MD,Passenger Car,Moving Constant Speed,35,No,2013,SUBARU,XV CROSSTREK,39.04911317,-77.05197917,2025,12,16
250056755,Property Damage Crash,12/19/2025 04:00:00 PM,GEORGIA AVE (SB/L),NA,Front to Rear,Clear,Dry,Daylight,No Controls,NONE DETECTED,Yes,No Apparent Injury,Ran Off Roadway,Not Distracted,MD,Passenger Car,Moving Constant Speed,35,No,2010,VOLKSWAGEN,JETTA,39.04911317,-77.05197917,2025,12,16
250056737,Injury Crash,12/19/2025 03:32:00 PM,WISTERIA DR,Pedestrian,Single Vehicle,Clear,Dry,Daylight,Pedestrian Crossing,NONE DETECTED,Yes,No Apparent Injury,NA,"Other Action (looking away from task, etc.)",MD,Passenger Car,Moving Constant Speed,25,No,2003,CHEVROLET,CORVETTE,39.16788161,-77.25988612,2025,12,15
250056733,Property Damage Crash,12/19/2025 03:00:00 PM,BLACKWELL RD,NA,Front to Rear,Clear,Dry,Daylight,No Controls,NONE DETECTED,No,No Apparent Injury,NA,Unknown,MD,Passenger Car,Slowing or Stopping,40,No,2003,ACURA,MDX,39.10084232,-77.19174073,2025,12,15
250056733,Property Damage Crash,12/19/2025 03:00:00 PM,BLACKWELL RD,NA,Front to Rear,Clear,Dry,Daylight,Traffic Control Signal,NONE DETECTED,Yes,No Apparent Injury,Followed Too Closely,Unknown,VA,Passenger Car,Moving Constant Speed,40,No,2005,TOYOTA,CAMRY,39.10084232,-77.19174073,2025,12,15
250056721,Injury Crash,12/19/2025 01:11:00 PM,CHERRY HILL RD,NA,Front to Rear,Clear,Wet,Daylight,Traffic Control Signal,NONE DETECTED,Yes,No Apparent Injury,NA,Unknown,MD,Sport Utility Vehicle,Slowing or Stopping,30,No,2018,BMW,X1,39.06206562,-76.96090419,2025,12,13
250056721,Injury Crash,12/19/2025 01:11:00 PM,CHERRY HILL RD,NA,Front to Rear,Clear,Wet,Daylight,Traffic Control Signal,NONE DETECTED,No,Possible Minor Injury,NA,Not Distracted,MD,Van - Passenger (&lt;9 Seats),Stopped in Traffic,30,No,2009,TOYOTA,SIENNA,39.06206562,-76.96090419,2025,12,13
250056718,Injury Crash,12/19/2025 12:52:00 PM,RIDGE RD (SB/L),NA,Front to Front,Clear,Dry,Daylight,No Controls,NONE DETECTED,Yes,Possible Minor Injury,"Failed to Keep in Proper Lane, Operated Motor Vehicle in Inattentive, Careless, Negligent, or Erratic Manner","Other Action (looking away from task, etc.)",MD,Passenger Car,Moving Constant Speed,40,No,2012,TOYOTA,CAMRY,39.3144761,-77.19817663,2025,12,12
250056718,Injury Crash,12/19/2025 12:52:00 PM,RIDGE RD (SB/L),NA,Front to Front,Clear,Dry,Daylight,No Controls,NONE DETECTED,No,Possible Minor Injury,NA,Not Distracted,MD,Sport Utility Vehicle,Moving Constant Speed,40,No,2023,HYUNDAI,SANTA FE,39.3144761,-77.19817663,2025,12,12
250056708,Property Damage Crash,12/19/2025 12:00:00 PM,NA,NA,Angle,Clear,NA,Daylight,NA,NONE DETECTED,No,No Apparent Injury,NA,Not Distracted,MD,Passenger Car,Parked,0,No,2014,TOYOTA,CAMRY,39.14353653,-77.20060747,2025,12,12
250056708,Property Damage Crash,12/19/2025 12:00:00 PM,NA,NA,Angle,Clear,NA,Daylight,NA,NONE DETECTED,No,NA,NA,NA,NA,NA,Backing,0,No,0,NA,NA,39.14353653,-77.20060747,2025,12,12
250056709,Property Damage Crash,12/19/2025 11:38:00 AM,BURNT MILLS AVE,NA,"Sideswipe, Same Direction",Clear,Dry,Daylight,Traffic Control Signal,NONE DETECTED,No,No Apparent Injury,NA,Not Distracted,MD,Passenger Car,Stopped in Traffic,40,No,2019,TOYOTA,HIGHLANDER,39.03630416,-77.00025247,2025,12,11
250056709,Property Damage Crash,12/19/2025 11:38:00 AM,BURNT MILLS AVE,NA,"Sideswipe, Same Direction",Clear,Dry,Daylight,Traffic Control Signal,NONE DETECTED,Yes,No Apparent Injury,"Disregarded Other Road Markings, Failed to Keep in Proper Lane, Improper Turn, Operated Motor Vehicle in Inattentive, Careless, Negligent, or Erratic Manner, Operated Motor Vehicle in Reckless or Aggressive Manner, Other Improper Action, Over-Correcting/Over-Steering",Not Distracted,MD,Truck Tractor,Turning Left,40,No,2021,KENWORTH,T3 SERIES,39.03630416,-77.00025247,2025,12,11
250056699,Property Damage Crash,12/19/2025 11:10:00 AM,CENTERHILL ST,NA,Other,Rain,Wet,Daylight,No Controls,NONE DETECTED,No,No Apparent Injury,NA,Unknown,MD,Passenger Car,Moving Constant Speed,35,No,2011,TOYOTA,CAMRY,39.050375,-77.07260183,2025,12,11
250056699,Property Damage Crash,12/19/2025 11:10:00 AM,CENTERHILL ST,NA,Other,Rain,Wet,Daylight,Stop Sign,NONE DETECTED,Yes,No Apparent Injury,NA,Unknown,MD,Van - Passenger (&lt;9 Seats),Turning Left,25,No,2002,TOYOTA,SIENNA,39.050375,-77.07260183,2025,12,11
250056700,Property Damage Crash,12/19/2025 10:54:00 AM,NA,NA,Unknown,Rain,NA,Daylight,NA,NONE DETECTED,No,NA,NA,NA,NA,Passenger Car,NA,0,No,2006,CHEVROLET,EXPRESS,39.04590931,-77.11266997,2025,12,10
250056686,Property Damage Crash,12/19/2025 08:51:00 AM,RIFFLE FORD RD,NA,Front to Rear,Rain,Wet,Daylight,Traffic Control Signal,NONE DETECTED,No,No Apparent Injury,NA,Not Distracted,MD,Bus - School,Stopped in Traffic,35,No,2020,FREIGHTLINER,B2 BUS CHASSIS,39.1177669,-77.26150683,2025,12,8
250056686,Property Damage Crash,12/19/2025 08:51:00 AM,RIFFLE FORD RD,NA,Front to Rear,Rain,Wet,Daylight,Traffic Control Signal,NONE DETECTED,Yes,No Apparent Injury,NA,"Other Action (looking away from task, etc.)",MD,Passenger Car,Slowing or Stopping,35,No,1997,MAZDA,626,39.1177669,-77.26150683,2025,12,8
250056687,Injury Crash,12/19/2025 08:45:00 AM,FREDERICK RD (SB/L),NA,Other,Rain,Wet,Daylight,No Controls,NONE DETECTED,No,Possible Minor Injury,NA,Not Distracted,MD,Passenger Car,Moving Constant Speed,45,No,2022,HONDA,INSIGHT,39.190127,-77.24164883,2025,12,8
250056687,Injury Crash,12/19/2025 08:45:00 AM,FREDERICK RD (SB/L),NA,Other,Rain,Wet,Daylight,No Controls,NONE DETECTED,No,No Apparent Injury,NA,Not Distracted,MD,Passenger Car,Turning Left,45,No,2004,HUMMER,H2,39.190127,-77.24164883,2025,12,8
250056687,Injury Crash,12/19/2025 08:45:00 AM,FREDERICK RD (SB/L),NA,Other,Rain,Wet,Daylight,No Controls,NONE DETECTED,Yes,Possible Minor Injury,"Other Improper Action, Ran Off Roadway, Too Fast For Conditions","Other Action (looking away from task, etc.)",MD,Passenger Car,Moving Constant Speed,45,No,2004,ACURA,TL,39.190127,-77.24164883,2025,12,8
250056675,Injury Crash,12/19/2025 08:17:00 AM,FREDERICK RD,NA,Angle,Rain,Wet,Daylight,Traffic Control Signal,NONE DETECTED,Yes,Possible Minor Injury,Failed to Yield Right-of-Way,Unknown,MD,Passenger Car,Turning Left,40,No,2016,NISSAN,MURANO,39.21577745,-77.25273847,2025,12,8
250056675,Injury Crash,12/19/2025 08:17:00 AM,FREDERICK RD,NA,Angle,Rain,Wet,Daylight,Traffic Control Signal,NONE DETECTED,No,Possible Minor Injury,NA,Unknown,MD,Passenger Car,Moving Constant Speed,40,No,2023,ACURA,INTEGRA,39.21577745,-77.25273847,2025,12,8
250056674,Property Damage Crash,12/19/2025 08:06:00 AM,NA,NA,Angle,Rain,Wet,Medium,No Controls,NONE DETECTED,Yes,No Apparent Injury,"Failed to Yield Right-of-Way, Over-Correcting/Over-Steering, Too Fast For Conditions",Unknown,MD,Passenger Car,Turning Left,15,No,2015,NISSAN,JUKE,39.09119033,-77.06235437,2025,12,8
250056674,Property Damage Crash,12/19/2025 08:06:00 AM,NA,NA,Angle,Rain,Wet,Medium,No Controls,NONE DETECTED,No,No Apparent Injury,NA,Not Distracted,MD,Pickup,Moving Constant Speed,35,No,2013,RAM,1500,39.09119033,-77.06235437,2025,12,8
250056671,Property Damage Crash,12/19/2025 07:11:00 AM,CAMERON ST,NA,Angle,Rain,Wet,Medium,Traffic Control Signal,NONE DETECTED,No,No Apparent Injury,NA,Not Distracted,MD,Sport Utility Vehicle,Stopped in Traffic,30,No,2025,TOYOTA,RAV4,38.99614789,-77.03203755,2025,12,7
250056671,Property Damage Crash,12/19/2025 07:11:00 AM,CAMERON ST,NA,Angle,Rain,Wet,Medium,Traffic Control Signal,NONE DETECTED,Yes,No Apparent Injury,Ran Red Light,Unknown,VA,Passenger Car,Moving Constant Speed,30,No,2017,MERCEDES-BENZ,E-CLASS,38.99614789,-77.03203755,2025,12,7
250056671,Property Damage Crash,12/19/2025 07:11:00 AM,CAMERON ST,NA,Angle,Rain,Wet,Medium,Traffic Control Signal,NONE DETECTED,No,No Apparent Injury,NA,Not Distracted,MD,Passenger Car,Accelerating,30,No,2026,TESLA,MODEL Y,38.99614789,-77.03203755,2025,12,7
250056667,Injury Crash,12/19/2025 06:50:00 AM,HENDERSON CORNER RD (NB/L),Pedestrian,Single Vehicle,Rain,Wet,Dark,Pedestrian Crossing,NONE DETECTED,Yes,No Apparent Injury,Failed to Yield Right-of-Way,Unknown,MD,Sport Utility Vehicle,Turning Left,25,No,2017,HONDA,PILOT,39.20345038,-77.24417689,2025,12,6
250056666,Injury Crash,12/19/2025 06:25:00 AM,MEADOW HALL DR,NA,Angle,Rain,Wet,Dark,Stop Sign,NONE DETECTED,Yes,No Apparent Injury,NA,Not Distracted,MD,Passenger Car,Accelerating,15,No,2009,HYUNDAI,ELANTRA,39.07584788,-77.11135545,2025,12,6
250056666,Injury Crash,12/19/2025 06:25:00 AM,MEADOW HALL DR,NA,Angle,Rain,Wet,Dark,No Controls,NONE DETECTED,No,Possible Minor Injury,NA,Not Distracted,MD,Passenger Car,Moving Constant Speed,25,No,2014,TOYOTA,COROLLA,39.07584788,-77.11135545,2025,12,6
250056665,Fatal Crash,12/19/2025 06:10:00 AM,GEORGIA AVE,Pedestrian,Single Vehicle,Rain,Wet,Medium,Traffic Control Signal,NONE DETECTED,No,No Apparent Injury,NA,Unknown,DC,Passenger Car,NA,30,No,2017,TOYOTA,COROLLA,38.99117769,-77.02649317,2025,12,6
250056688,Injury Crash,12/19/2025 02:00:00 AM,WESTLAKE DR,NA,Single Vehicle,Rain,Wet,Dark,No Controls,NONE DETECTED,No,Possible Minor Injury,NA,Not Distracted,MD,Passenger Car,Moving Constant Speed,35,No,2013,BMW,X1,39.03544636,-77.14743872,2025,12,2
250056653,Injury Crash,12/19/2025 12:21:00 AM,TECH RD,NA,Front to Rear,Rain,Wet,Medium,Traffic Control Signal,NONE DETECTED,Yes,No Apparent Injury,NA,Not Distracted,VA,Passenger Car,Moving Constant Speed,45,No,2013,CHEVROLET,MALIBU,39.05807839,-76.96847831,2025,12,0
250056653,Injury Crash,12/19/2025 12:21:00 AM,TECH RD,NA,Front to Rear,Rain,Wet,Medium,Traffic Control Signal,NONE DETECTED,No,Suspected Serious Injury,NA,Not Distracted,MD,Passenger Car,Slowing or Stopping,45,No,2018,NISSAN,ROGUE SPORT,39.05807839,-76.96847831,2025,12,0
250056652,Property Damage Crash,12/18/2025 11:59:00 PM,IS 270 LOCAL LANES (SB),NA,Single Vehicle,Rain,Wet,Medium,No Controls,ALCOHOL PRESENT,Yes,No Apparent Injury,"Failed to Keep in Proper Lane, Operated Motor Vehicle in Inattentive, Careless, Negligent, or Erratic Manner, Operated Motor Vehicle in Reckless or Aggressive Manner",NA,MD,Sport Utility Vehicle,Moving Constant Speed,55,No,2018,JEEP,COMPASS,39.11539172,-77.19312002,2025,12,23
250056648,Property Damage Crash,12/18/2025 11:15:00 PM,ATLANTIC AVE,NA,Angle,Rain,Wet,Medium,No Controls,NONE DETECTED,Yes,No Apparent Injury,NA,Unknown,NA,Sport Utility Vehicle,Backing,25,No,2017,TOYOTA,RAV4,39.0720901,-77.1156074,2025,12,23
250056645,Property Damage Crash,12/18/2025 10:54:00 PM,MIDDLEBROOK RD (WB/L),NA,Front to Rear,Rain,Wet,Medium,Traffic Control Signal,ALCOHOL PRESENT,Yes,No Apparent Injury,NA,Not Distracted,MD,Passenger Car,Moving Constant Speed,45,No,2013,TESLA,MODEL S,39.18123571,-77.23846382,2025,12,22
250056645,Property Damage Crash,12/18/2025 10:54:00 PM,MIDDLEBROOK RD (WB/L),NA,Front to Rear,Rain,Wet,Medium,Traffic Control Signal,NONE DETECTED,No,No Apparent Injury,NA,Not Distracted,MD,Sport Utility Vehicle,Stopped in Traffic,45,No,2007,INFINITI,QX56,39.18123571,-77.23846382,2025,12,22
250056636,Property Damage Crash,12/18/2025 08:47:00 PM,SMALLWOOD RD,NA,"Sideswipe, Same Direction",Rain,Wet,Medium,Other,NONE DETECTED,No,No Apparent Injury,NA,Unknown,MD,Other Trucks,Parked,20,No,2024,FREIGHTLINER,108SD,39.092441,-77.1679056,2025,12,20
250056636,Property Damage Crash,12/18/2025 08:47:00 PM,SMALLWOOD RD,NA,"Sideswipe, Same Direction",Rain,Wet,Medium,Other,NONE DETECTED,Yes,No Apparent Injury,NA,Unknown,MD,Passenger Car,Overtaking/Passing,20,No,2026,TESLA,MODEL 3,39.092441,-77.1679056,2025,12,20
250056623,Property Damage Crash,12/18/2025 07:54:00 PM,STEEPLE RD,NA,Single Vehicle,Rain,Wet,Medium,Traffic Control Signal,NONE DETECTED,No,No Apparent Injury,NA,Not Distracted,MD,Passenger Car,Moving Constant Speed,30,No,2019,HYUNDAI,TUCSON,39.16932412,-77.28927147,2025,12,19
250056610,Property Damage Crash,12/18/2025 06:31:00 PM,FREDERICK RD,NA,"Sideswipe, Same Direction",Clear,Dry,Medium,No Controls,NONE DETECTED,No,No Apparent Injury,NA,Not Distracted,MD,Passenger Car,Moving Constant Speed,35,No,2017,TOYOTA,HIGHLANDER,39.15166158,-77.210775279999993,2025,12,18
250056610,Property Damage Crash,12/18/2025 06:31:00 PM,FREDERICK RD,NA,"Sideswipe, Same Direction",Clear,Dry,Medium,No Controls,NONE DETECTED,No,NA,NA,NA,NA,Passenger Car,Moving Constant Speed,35,No,2024,HONDA,CIVIC,39.15166158,-77.210775279999993,2025,12,18
250056608,Property Damage Crash,12/18/2025 06:25:00 PM,NA,NA,Angle,Clear,NA,Medium,NA,NONE DETECTED,No,NA,NA,NA,NA,Sport Utility Vehicle,NA,0,No,2006,DODGE,DURANGO,39.15496517,-77.19865484,2025,12,18
250056604,Property Damage Crash,12/18/2025 05:51:00 PM,VEIRS MILL RD (WB/L),NA,Front to Front,Clear,Dry,Medium,Traffic Control Signal,NONE DETECTED,Yes,No Apparent Injury,Failed to Yield Right-of-Way,Not Distracted,MD,Passenger Car,Turning Left,30,No,2023,FREIGHTLINER,MT 45G FRONT GASOLINE ENGINE WALK IN VAN,39.05176707,-77.07489073,2025,12,17
250056604,Property Damage Crash,12/18/2025 05:51:00 PM,VEIRS MILL RD (WB/L),NA,Front to Front,Clear,Dry,Medium,Traffic Control Signal,NONE DETECTED,No,No Apparent Injury,NA,Not Distracted,MD,Passenger Car,Moving Constant Speed,30,No,2022,TOYOTA,RAV4,39.05176707,-77.07489073,2025,12,17
250056606,Property Damage Crash,12/18/2025 05:30:00 PM,ROCKVILLE PIKE,NA,"Sideswipe, Same Direction",Clear,Dry,Medium,No Controls,NONE DETECTED,No,No Apparent Injury,NA,Not Distracted,MD,Passenger Car,Changing Lanes,35,No,2026,KIA,CARNIVAL,39.05148583,-77.11545301,2025,12,17
250056606,Property Damage Crash,12/18/2025 05:30:00 PM,ROCKVILLE PIKE,NA,"Sideswipe, Same Direction",Clear,Dry,Medium,No Controls,NONE DETECTED,No,No Apparent Injury,NA,Not Distracted,MD,Passenger Car,Accelerating,35,No,2013,VOLKSWAGEN,JETTA,39.05148583,-77.11545301,2025,12,17
250056603,Property Damage Crash,12/18/2025 04:56:00 PM,WISCONSIN AVE (SB/L),NA,Front to Rear,Clear,Dry,Medium,Pedestrian Crossing,NONE DETECTED,No,No Apparent Injury,NA,Not Distracted,MD,Passenger Car,Turning Right,25,No,2014,VOLKSWAGEN,JETTA,38.97724308,-77.09083025,2025,12,16
250056603,Property Damage Crash,12/18/2025 04:56:00 PM,WISCONSIN AVE (SB/L),NA,Front to Rear,Clear,Dry,Medium,Pedestrian Crossing,NONE DETECTED,No,No Apparent Injury,NA,Unknown,VA,Passenger Car,Turning Right,25,No,2013,BMW,528XI,38.97724308,-77.09083025,2025,12,16
250056587,Property Damage Crash,12/18/2025 04:23:00 PM,BARNESVILLE RD,NA,"Sideswipe, Opposite Direction",Clear,Dry,Daylight,Stop Sign,NONE DETECTED,No,No Apparent Injury,NA,Not Distracted,MD,Passenger Car,Slowing or Stopping,40,No,2020,CHEVROLET,SPARK,39.21557732,-77.35644227,2025,12,16
250056587,Property Damage Crash,12/18/2025 04:23:00 PM,BARNESVILLE RD,NA,"Sideswipe, Opposite Direction",Clear,Dry,Daylight,Lane Use Control Signal,NONE DETECTED,No,No Apparent Injury,NA,Not Distracted,NA,Passenger Car,Accelerating,40,No,2001,DODGE,CARAVAN/GRAND CARAVAN,39.21557732,-77.35644227,2025,12,16
250056586,Property Damage Crash,12/18/2025 04:20:00 PM,UNIVERSITY BLVD W (WB/L),NA,Front to Front,Clear,Dry,Daylight,Traffic Control Signal,NONE DETECTED,No,No Apparent Injury,NA,Not Distracted,MD,Passenger Car,NA,40,No,2015,HONDA,CR-V,39.03997743,-77.0552832,2025,12,16
250056586,Property Damage Crash,12/18/2025 04:20:00 PM,UNIVERSITY BLVD W (WB/L),NA,Front to Front,Clear,Dry,Daylight,Traffic Control Signal,NONE DETECTED,No,NA,NA,NA,NA,Passenger Car,NA,40,No,2012,VOLVO,XC60,39.03997743,-77.0552832,2025,12,16
250056577,Property Damage Crash,12/18/2025 03:30:00 PM,NA,NA,Angle,Clear,Wet,Daylight,Traffic Control Signal,NONE DETECTED,Yes,No Apparent Injury,Over-Correcting/Over-Steering,Not Distracted,MD,Bus - School,Turning Left,30,No,2020,THOMAS BUILT,HDX,39.14950999,-77.02642553,2025,12,15
250056577,Property Damage Crash,12/18/2025 03:30:00 PM,NA,NA,Angle,Clear,Wet,Daylight,Traffic Control Signal,NONE DETECTED,No,No Apparent Injury,NA,Not Distracted,MD,Passenger Car,Stopped in Traffic,30,No,2017,JEEP,GRAND CHEROKEE,39.14950999,-77.02642553,2025,12,15
250056564,Property Damage Crash,12/18/2025 03:00:00 PM,ROTHBURY DR,NA,Single Vehicle,Clear,Dry,Daylight,No Controls,NONE DETECTED,Yes,No Apparent Injury,"Over-Correcting/Over-Steering, Ran Off Roadway, Swerved or Avoided Due to Wind, Slippery Surface, Motor Vehicle, Object, Non-Motorist in Roadway, etc, Too Fast For Conditions",Unknown,MD,Passenger Car,Turning Right,35,No,2011,BMW,328I,39.1855419,-77.18944253,2025,12,15
250056556,Property Damage Crash,12/18/2025 02:55:00 PM,E GUDE DR,NA,"Sideswipe, Same Direction",Clear,Dry,Daylight,Intersection Ahead Warning Sign,NONE DETECTED,No,No Apparent Injury,NA,Not Distracted,MD,Passenger Car,Moving Constant Speed,40,No,2019,DODGE,CHARGER,39.09046949,-77.12944067,2025,12,14
250056556,Property Damage Crash,12/18/2025 02:55:00 PM,E GUDE DR,NA,"Sideswipe, Same Direction",Clear,Dry,Daylight,Intersection Ahead Warning Sign,NONE DETECTED,No,No Apparent Injury,"Disregarded Other Road Markings, Disregarded Other Traffic Sign, Failed to Yield Right-of-Way, Improper Turn",Not Distracted,DC,Sport Utility Vehicle,Accelerating,40,No,2022,BMW,X3,39.09046949,-77.12944067,2025,12,14
250056557,Injury Crash,12/18/2025 02:53:00 PM,LIVINGSTON ST,NA,Angle,Clear,Dry,Daylight,No Controls,NONE DETECTED,No,No Apparent Injury,NA,Not Distracted,MD,Passenger Car,Moving Constant Speed,35,No,2024,TOYOTA,GR86,39.05831783,-77.05527717,2025,12,14
250056557,Injury Crash,12/18/2025 02:53:00 PM,LIVINGSTON ST,NA,Angle,Clear,Dry,Daylight,Traffic Control Signal,NONE DETECTED,Yes,Possible Minor Injury,Other Improper Action,Not Distracted,MD,Passenger Car,Turning Left,35,No,2016,TOYOTA,HIGHLANDER,39.05831783,-77.05527717,2025,12,14
250056562,Injury Crash,12/18/2025 02:50:00 PM,MACARTHUR BLVD,Cyclist (non-electric),Single Vehicle,Cloudy,Dry,Daylight,No Controls,NONE DETECTED,No,NA,NA,NA,NA,Sport Utility Vehicle,Moving Constant Speed,25,No,2013,TOYOTA,RAV4,38.95697907,-77.12990513,2025,12,14
250056554,Property Damage Crash,12/18/2025 02:47:00 PM,MIDDLEBROOK RD (WB/L),NA,Angle,Clear,Dry,Daylight,Traffic Control Signal,NONE DETECTED,Yes,No Apparent Injury,NA,Not Distracted,MI,Passenger Car,Accelerating,40,No,2022,HYUNDAI,SANTA FE,39.1803048,-77.26842458,2025,12,14
250056554,Property Damage Crash,12/18/2025 02:47:00 PM,MIDDLEBROOK RD (WB/L),NA,Angle,Clear,Dry,Daylight,Lane Use Control Signal,NONE DETECTED,No,No Apparent Injury,NA,Not Distracted,MD,Passenger Car,Moving Constant Speed,40,No,2012,FORD,ESCAPE,39.1803048,-77.26842458,2025,12,14
250056560,Fatal Crash,12/18/2025 02:01:00 PM,NEW HAMPSHIRE AVE,Cyclist (non-electric),Single Vehicle,Clear,Other,Daylight,No Controls,NONE DETECTED,No,No Apparent Injury,NA,Unknown,MD,Passenger Car,Leaving Traffic Lane,45,No,2012,TOYOTA,RAV4,39.10494723,-77.00236033,2025,12,14
250056374,Property Damage Crash,12/18/2025 02:00:00 PM,NA,NA,Single Vehicle,Clear,NA,Daylight,NA,NONE DETECTED,No,No Apparent Injury,NA,Not Distracted,NA,Passenger Car,Accelerating,0,No,2000,NISSAN,MAXIMA,39.0873039,-76.947435,2025,12,14
250056539,Property Damage Crash,12/18/2025 01:30:00 PM,CONNECTICUT AVE (SB/L),NA,Angle,Clear,Dry,Daylight,No Controls,NONE DETECTED,Yes,No Apparent Injury,NA,Not Distracted,MD,Passenger Car,Moving Constant Speed,35,No,2017,SUBARU,FORESTER,39.02818967,-77.07647484,2025,12,13
250056539,Property Damage Crash,12/18/2025 01:30:00 PM,CONNECTICUT AVE (SB/L),NA,Angle,Clear,Dry,Daylight,Traffic Control Signal,NONE DETECTED,No,No Apparent Injury,NA,Not Distracted,MD,Passenger Car,Moving Constant Speed,35,No,2018,CHRYSLER,PACIFICA,39.02818967,-77.07647484,2025,12,13
250056540,Injury Crash,12/18/2025 01:29:00 PM,REDLAND RD (NB/L),NA,Single Vehicle,Clear,Dry,Daylight,Traffic Control Signal,NONE DETECTED,No,Possible Minor Injury,NA,Not Distracted,MD,Passenger Car,Moving Constant Speed,35,No,2021,KIA,K5,39.12103717,-77.1584565,2025,12,13
250056535,Property Damage Crash,12/18/2025 01:26:00 PM,STEWART LA,NA,Angle,Clear,Dry,Daylight,Other Signal,NONE DETECTED,No,No Apparent Injury,NA,Not Distracted,MD,Passenger Car,Stopped in Traffic,55,No,2006,INFINITI,FX35,39.04645716,-76.98686611,2025,12,13
250056535,Property Damage Crash,12/18/2025 01:26:00 PM,STEWART LA,NA,Angle,Clear,Dry,Daylight,Other Signal,NONE DETECTED,Yes,No Apparent Injury,NA,Not Distracted,NM,Passenger Car,Turning Left,55,No,2023,TOYOTA,PRIUS,39.04645716,-76.98686611,2025,12,13
250056535,Property Damage Crash,12/18/2025 01:26:00 PM,STEWART LA,NA,Angle,Clear,Dry,Daylight,Traffic Control Signal,NONE DETECTED,No,No Apparent Injury,NA,Not Distracted,MD,Passenger Car,Moving Constant Speed,55,No,2018,TOYOTA,TACOMA,39.04645716,-76.98686611,2025,12,13
250056534,Property Damage Crash,12/18/2025 01:08:00 PM,COLUMBIA PIKE,NA,Front to Rear,Clear,Dry,Daylight,Traffic Control Signal,NONE DETECTED,Yes,No Apparent Injury,Other Improper Action,"Other Action (looking away from task, etc.)",WV,Other Trucks,Moving Constant Speed,45,No,2023,KENWORTH,W9 SERIES,39.07293817,-76.9557295,2025,12,13
250056534,Property Damage Crash,12/18/2025 01:08:00 PM,COLUMBIA PIKE,NA,Front to Rear,Clear,Dry,Daylight,Traffic Control Signal,NONE DETECTED,No,No Apparent Injury,NA,Not Distracted,MD,Sport Utility Vehicle,Stopped in Traffic,45,No,2017,HONDA,CR-V,39.07293817,-76.9557295,2025,12,13
250056523,Injury Crash,12/18/2025 12:05:00 PM,S BELGRADE RD,NA,Angle,Clear,Dry,Daylight,Stop Sign,NONE DETECTED,Yes,Possible Minor Injury,NA,Not Distracted,MD,Passenger Car,Accelerating,25,No,2009,NISSAN,SENTRA,39.04153639,-77.0280847,2025,12,12