Local Case Number,ACRS Report Type,Crash Date/Time,Road Name,Related Non-Motorist,Collision Type,Weather,Surface Condition,Light,Traffic Control,Driver Substance Abuse,Driver At Fault,Injury Severity,Circumstance,Driver Distracted By,Drivers License State,Vehicle Body Type,Vehicle Movement,Speed Limit,Driverless Vehicle,Vehicle Year,Vehicle Make,Vehicle Model,Latitude,Longitude,Year,Month,Hour
250056523,Injury Crash,12/18/2025 12:05:00 PM,S BELGRADE RD,NA,Angle,Clear,Dry,Daylight,No Controls,NONE DETECTED,No,Possible Minor Injury,NA,Not Distracted,MD,Sport Utility Vehicle,Moving Constant Speed,25,No,2008,HONDA,CIVIC,39.04153639,-77.0280847,2025,12,12
250056516,Property Damage Crash,12/18/2025 11:45:00 AM,NA,NA,Front to Rear,Clear,NA,Daylight,NA,NONE DETECTED,Yes,No Apparent Injury,NA,Not Distracted,MD,Van - Cargo,Backing,0,No,2020,FORD,TRANSIT,39.00112817,-77.05487667,2025,12,11
250056510,Property Damage Crash,12/18/2025 10:57:00 AM,CLARKSBURG RD,NA,Single Vehicle,Clear,Dry,Daylight,No Controls,NONE DETECTED,No,No Apparent Injury,NA,"Other Action (looking away from task, etc.)",MD,Sport Utility Vehicle,Moving Constant Speed,35,No,2012,TOYOTA,HIGHLANDER,39.26057083,-77.27952633,2025,12,10
250056503,Property Damage Crash,12/18/2025 10:21:00 AM,SEVEN LOCKS RD,NA,Angle,Clear,Other,Daylight,Traffic Control Signal,NONE DETECTED,No,No Apparent Injury,NA,Not Distracted,MD,Passenger Car,Turning Left,35,No,2020,NISSAN,ALTIMA,39.01196847,-77.16010024,2025,12,10
250056503,Property Damage Crash,12/18/2025 10:21:00 AM,SEVEN LOCKS RD,NA,Angle,Clear,Other,Daylight,Traffic Control Signal,NONE DETECTED,Yes,No Apparent Injury,Too Fast For Conditions,Not Distracted,MD,Sport Utility Vehicle,Moving Constant Speed,35,No,2024,BMW,X5,39.01196847,-77.16010024,2025,12,10
250056502,Property Damage Crash,12/18/2025 09:40:00 AM,NA,NA,Front to Rear,Clear,Dry,Daylight,No Controls,NONE DETECTED,No,No Apparent Injury,NA,Not Distracted,MD,Passenger Car,Slowing or Stopping,35,No,2018,NISSAN,FRONTIER,39.05704899,-77.16119421,2025,12,9
250056502,Property Damage Crash,12/18/2025 09:40:00 AM,NA,NA,Front to Rear,Clear,Dry,Daylight,No Controls,NONE DETECTED,Yes,No Apparent Injury,Followed Too Closely,Unknown,MD,Passenger Car,Moving Constant Speed,35,No,2012,HONDA,CIVIC,39.05704899,-77.16119421,2025,12,9
250056498,Injury Crash,12/18/2025 09:30:00 AM,ROLLING ACRES WAY,NA,Other,Clear,Wet,Daylight,No Controls,NONE DETECTED,Yes,No Apparent Injury,NA,Not Distracted,MD,Van - Passenger (&lt;9 Seats),Moving Constant Speed,25,No,2021,FORD,TRANSIT,39.16293528,-77.07257853,2025,12,9
250056498,Injury Crash,12/18/2025 09:30:00 AM,ROLLING ACRES WAY,NA,Other,Clear,Wet,Daylight,Stop Sign,NONE DETECTED,No,Possible Minor Injury,NA,Not Distracted,MD,Passenger Car,NA,25,No,2004,SUZUKI,XL7,39.16293528,-77.07257853,2025,12,9
250056499,Property Damage Crash,12/18/2025 09:14:00 AM,TORREY POND PL,NA,"Sideswipe, Opposite Direction",Clear,Wet,Daylight,No Controls,NONE DETECTED,No,No Apparent Injury,NA,Not Distracted,MD,Passenger Car,Moving Constant Speed,25,No,2016,MITSUBISHI,OUTLANDER,39.185666,-77.20457533,2025,12,9
250056499,Property Damage Crash,12/18/2025 09:14:00 AM,TORREY POND PL,NA,"Sideswipe, Opposite Direction",Clear,Wet,Daylight,No Controls,NONE DETECTED,No,No Apparent Injury,NA,Not Distracted,MD,Passenger Car,Moving Constant Speed,25,No,2011,CADILLAC,CTS,39.185666,-77.20457533,2025,12,9
250056494,Injury Crash,12/18/2025 09:09:00 AM,MONTROSE RD (WB/L),NA,Front to Rear,Clear,Dry,Daylight,Traffic Control Signal,NONE DETECTED,No,Possible Minor Injury,NA,Not Distracted,MD,Passenger Car,Moving Constant Speed,35,No,2026,TESLA,MODEL Y,39.055357,-77.1477555,2025,12,9
250056494,Injury Crash,12/18/2025 09:09:00 AM,MONTROSE RD (WB/L),NA,Front to Rear,Clear,Dry,Daylight,Traffic Control Signal,NONE DETECTED,No,No Apparent Injury,NA,Not Distracted,MD,Passenger Car,Moving Constant Speed,35,No,2022,ACURA,MDX,39.055357,-77.1477555,2025,12,9
250056494,Injury Crash,12/18/2025 09:09:00 AM,MONTROSE RD (WB/L),NA,Front to Rear,Clear,Dry,Daylight,Traffic Control Signal,NONE DETECTED,Yes,Possible Minor Injury,Followed Too Closely,Unknown,MD,Passenger Car,Moving Constant Speed,35,No,2023,CHEVROLET,MALIBU,39.055357,-77.1477555,2025,12,9
250056486,Injury Crash,12/18/2025 08:02:00 AM,NA,Pedestrian,Single Vehicle,Clear,Dry,Daylight,Pedestrian Crossing,NONE DETECTED,Yes,No Apparent Injury,Failed to Yield Right-of-Way,Not Distracted,PA,Pickup,Moving Constant Speed,25,No,2021,FORD,F-150,39.28416463,-77.20913651,2025,12,8
250056488,Injury Crash,12/18/2025 08:02:00 AM,IRIS ST,NA,Front to Rear,Clear,Wet,Daylight,No Controls,NONE DETECTED,No,No Apparent Injury,NA,Not Distracted,MD,Pickup,Slowing or Stopping,30,No,2010,CHEVROLET,COLORADO,39.07526725,-77.09375603,2025,12,8
250056488,Injury Crash,12/18/2025 08:02:00 AM,IRIS ST,NA,Front to Rear,Clear,Wet,Daylight,No Controls,NONE DETECTED,No,No Apparent Injury,NA,Not Distracted,MD,Station Wagon,Slowing or Stopping,30,No,2023,FORD,MUSTANG MACH-E,39.07526725,-77.09375603,2025,12,8
250056488,Injury Crash,12/18/2025 08:02:00 AM,IRIS ST,NA,Front to Rear,Clear,Wet,Daylight,No Controls,NONE DETECTED,Yes,Possible Minor Injury,NA,Unknown,MD,Sport Utility Vehicle,Slowing or Stopping,30,No,2012,TOYOTA,HIGHLANDER,39.07526725,-77.09375603,2025,12,8
250056481,Property Damage Crash,12/18/2025 07:05:00 AM,GOODHILL RD,NA,Angle,Clear,Dry,Daylight,Stop Sign,NONE DETECTED,Yes,No Apparent Injury,NA,Not Distracted,MD,Bus - School,Turning Right,25,No,2017,THOMAS BUILT,HDX,39.05451394,-77.06678693,2025,12,7
250056472,Property Damage Crash,12/18/2025 01:35:00 AM,ELMCROFT BLVD,NA,"Sideswipe, Same Direction",Clear,Dry,Dark,No Controls,NONE DETECTED,No,No Apparent Injury,NA,Not Distracted,MD,Pickup,Parked,25,No,2018,FORD,F-150,39.11326932,-77.16492849,2025,12,1
250056472,Property Damage Crash,12/18/2025 01:35:00 AM,ELMCROFT BLVD,NA,"Sideswipe, Same Direction",Clear,Dry,Dark,No Controls,NONE DETECTED,Yes,No Apparent Injury,NA,Not Distracted,MD,Pickup,Moving Constant Speed,25,No,2016,FREIGHTLINER,M2,39.11326932,-77.16492849,2025,12,1
250056444,Property Damage Crash,12/17/2025 08:49:00 PM,BLUERIDGE AVE,NA,Other,Clear,Dry,Medium,No Controls,NONE DETECTED,No,NA,NA,NA,NA,Passenger Car,Moving Constant Speed,20,No,2018,TOYOTA,COROLLA,39.04305059,-77.05108139,2025,12,20
250056438,Injury Crash,12/17/2025 08:00:00 PM,ROCKVILLE PIKE,NA,Angle,Clear,Dry,Medium,Traffic Control Signal,NONE DETECTED,No,No Apparent Injury,NA,Not Distracted,MD,Passenger Car,Moving Constant Speed,35,No,2018,MAZDA,CX-3,39.0445249,-77.11156861,2025,12,20
250056438,Injury Crash,12/17/2025 08:00:00 PM,ROCKVILLE PIKE,NA,Angle,Clear,Dry,Medium,Traffic Control Signal,NONE DETECTED,No,Possible Minor Injury,NA,Not Distracted,MD,Passenger Car,Stopped in Traffic,35,No,2019,NISSAN,MAXIMA,39.0445249,-77.11156861,2025,12,20
250056438,Injury Crash,12/17/2025 08:00:00 PM,ROCKVILLE PIKE,NA,Angle,Clear,Dry,Medium,Traffic Control Signal,NONE DETECTED,Yes,No Apparent Injury,Failed to Yield Right-of-Way,Unknown,MD,Passenger Car,Entering Traffic Lane,35,No,2023,HYUNDAI,KONA ELECTRIC,39.0445249,-77.11156861,2025,12,20
250056433,Property Damage Crash,12/17/2025 07:20:00 PM,REEDIE DR,NA,"Sideswipe, Same Direction",Clear,Dry,Medium,Traffic Control Signal,NONE DETECTED,Yes,No Apparent Injury,Failed to Yield Right-of-Way,Not Distracted,MD,Sport Utility Vehicle,Entering Traffic Lane,35,No,2019,JEEP,GRAND CHEROKEE,39.03852867,-77.05080217,2025,12,19
250056433,Property Damage Crash,12/17/2025 07:20:00 PM,REEDIE DR,NA,"Sideswipe, Same Direction",Clear,Dry,Medium,Traffic Control Signal,NONE DETECTED,No,No Apparent Injury,NA,Not Distracted,MD,Passenger Car,Moving Constant Speed,35,No,2006,TOYOTA,COROLLA,39.03852867,-77.05080217,2025,12,19
250056429,Property Damage Crash,12/17/2025 06:54:00 PM,GEORGIA AVE (SB/L),NA,Front to Rear,Clear,Dry,Medium,Traffic Control Signal,NONE DETECTED,No,No Apparent Injury,NA,Not Distracted,MD,Passenger Car,Stopped in Traffic,35,No,2008,HONDA,CIVIC,39.08761306,-77.0797077,2025,12,18
250056429,Property Damage Crash,12/17/2025 06:54:00 PM,GEORGIA AVE (SB/L),NA,Front to Rear,Clear,Dry,Medium,Traffic Control Signal,NONE DETECTED,Yes,No Apparent Injury,NA,Unknown,MP,Sport Utility Vehicle,Slowing or Stopping,35,No,2015,GMC,ACADIA,39.08761306,-77.0797077,2025,12,18
250056416,Property Damage Crash,12/17/2025 06:08:00 PM,VALLEY BROOK DR,NA,Angle,Clear,Dry,Medium,Traffic Control Signal,NONE DETECTED,No,No Apparent Injury,NA,Not Distracted,MD,Passenger Car,Moving Constant Speed,40,No,2003,TOYOTA,COROLLA,39.05842216,-76.99766881,2025,12,18
250056416,Property Damage Crash,12/17/2025 06:08:00 PM,VALLEY BROOK DR,NA,Angle,Clear,Dry,Medium,Traffic Control Signal,NONE DETECTED,No,No Apparent Injury,Failed to Yield Right-of-Way,Not Distracted,MD,Passenger Car,Accelerating,40,No,2025,HONDA,ACCORD,39.05842216,-76.99766881,2025,12,18
250056411,Injury Crash,12/17/2025 05:25:00 PM,NA,Pedestrian,Single Vehicle,Clear,Dry,Medium,Traffic Control Signal,NONE DETECTED,No,No Apparent Injury,NA,Not Distracted,MD,Sport Utility Vehicle,Moving Constant Speed,30,No,2014,PORSCHE,CAYENNE,39.11621145,-77.16572426,2025,12,17
25002652,Injury Crash,12/17/2025 05:00:00 PM,LITTLE FALLS PKWY,NA,Front to Rear,Clear,Dry,Medium,Pedestrian Crossing Sign,NONE DETECTED,No,NA,NA,NA,NA,NA,Moving Constant Speed,25,No,0,NA,NA,38.97395583,-77.10180852,2025,12,17
25002652,Injury Crash,12/17/2025 05:00:00 PM,LITTLE FALLS PKWY,NA,Front to Rear,Clear,Dry,Medium,Pedestrian Crossing Sign,NONE DETECTED,No,Possible Minor Injury,NA,Not Distracted,MD,Passenger Car,Slowing or Stopping,25,No,2007,HONDA,FIT,38.97395583,-77.10180852,2025,12,17
250056408,Property Damage Crash,12/17/2025 04:58:00 PM,SEMINARY RD,NA,"Sideswipe, Same Direction",Clear,Dry,Medium,No Controls,NONE DETECTED,No,No Apparent Injury,NA,Not Distracted,MD,Bus - School,Stopped in Traffic,30,No,2026,FREIGHTLINER,B2 BUS CHASSIS,39.00874117,-77.04164302,2025,12,16
250056408,Property Damage Crash,12/17/2025 04:58:00 PM,SEMINARY RD,NA,"Sideswipe, Same Direction",Clear,Dry,Medium,No Controls,NONE DETECTED,Yes,No Apparent Injury,NA,Not Distracted,VA,Passenger Car,Overtaking/Passing,30,No,2021,TOYOTA,SIENNA,39.00874117,-77.04164302,2025,12,16
250056418,Injury Crash,12/17/2025 03:39:00 PM,GREAT SENECA HWY,NA,"Sideswipe, Same Direction",Clear,Dry,Daylight,No Controls,NONE DETECTED,No,NA,NA,NA,NA,NA,Moving Constant Speed,50,No,0,NA,NA,39.11744156,-77.2232478,2025,12,15
250056418,Injury Crash,12/17/2025 03:39:00 PM,GREAT SENECA HWY,NA,"Sideswipe, Same Direction",Clear,Dry,Daylight,No Controls,NONE DETECTED,No,Possible Minor Injury,NA,Not Distracted,MD,Passenger Car,Moving Constant Speed,50,No,2020,CHEVROLET,SPARK,39.11744156,-77.2232478,2025,12,15
25002650,Injury Crash,12/17/2025 02:14:00 PM,NORBECK RD,NA,Front to Rear,Clear,Dry,Daylight,No Controls,NONE DETECTED,No,Possible Minor Injury,NA,Not Distracted,MD,Pickup,Stopped in Traffic,40,No,2018,FORD,F-350,39.11328115,-77.05711605,2025,12,14
25002650,Injury Crash,12/17/2025 02:14:00 PM,NORBECK RD,NA,Front to Rear,Clear,Dry,Daylight,No Controls,NONE DETECTED,No,No Apparent Injury,Too Fast For Conditions,Unknown,MD,Sport Utility Vehicle,Moving Constant Speed,40,No,2015,SUBARU,FORESTER,39.11328115,-77.05711605,2025,12,14
250056360,Property Damage Crash,12/17/2025 01:22:00 PM,ROLLINS AVE,NA,Angle,Cloudy,Dry,Daylight,No Controls,NONE DETECTED,No,No Apparent Injury,NA,Not Distracted,MD,Passenger Car,Moving Constant Speed,25,No,2022,TOYOTA,CAMRY,39.05868558,-77.12387558,2025,12,13
250056360,Property Damage Crash,12/17/2025 01:22:00 PM,ROLLINS AVE,NA,Angle,Cloudy,Dry,Daylight,No Controls,NONE DETECTED,Yes,No Apparent Injury,NA,Not Distracted,NJ,Passenger Car,Entering Traffic Lane,25,No,2024,VOLKSWAGEN,JETTA,39.05868558,-77.12387558,2025,12,13
250056353,Property Damage Crash,12/17/2025 12:20:00 PM,NA,NA,Angle,Cloudy,NA,Daylight,NA,NONE DETECTED,No,NA,NA,NA,NA,Passenger Car,Moving Constant Speed,0,No,2003,SATURN,ION,39.0334646,-77.07357645,2025,12,12
250056324,Injury Crash,12/17/2025 09:50:00 AM,NEW HAMPSHIRE AVE,NA,Angle,Clear,Dry,Daylight,Traffic Control Signal,NONE DETECTED,No,Possible Minor Injury,NA,Not Distracted,MD,Van - Passenger (&lt;9 Seats),Turning Left,25,No,2016,TOYOTA,SIENNA,39.0616095,-76.99832317,2025,12,9
250056324,Injury Crash,12/17/2025 09:50:00 AM,NEW HAMPSHIRE AVE,NA,Angle,Clear,Dry,Daylight,Traffic Control Signal,NONE DETECTED,Yes,No Apparent Injury,Ran Red Light,Not Distracted,MD,Passenger Car,Accelerating,40,No,2022,LEXUS,IS,39.0616095,-76.99832317,2025,12,9
250056322,Injury Crash,12/17/2025 09:45:00 AM,NA,NA,Angle,Clear,Dry,Daylight,No Controls,NONE DETECTED,No,Possible Minor Injury,NA,Not Distracted,MD,Passenger Car,Moving Constant Speed,35,No,2016,TOYOTA,CAMRY,39.23190654,-77.24909002,2025,12,9
250056322,Injury Crash,12/17/2025 09:45:00 AM,NA,NA,Angle,Clear,Dry,Daylight,Stop Sign,NONE DETECTED,Yes,No Apparent Injury,Failed to Yield Right-of-Way,Unknown,MD,Sport Utility Vehicle,Moving Constant Speed,25,No,2017,TOYOTA,HIGHLANDER,39.23190654,-77.24909002,2025,12,9
250056318,Property Damage Crash,12/17/2025 08:12:00 AM,CAPITAL BELTWAY (WB/L),NA,"Sideswipe, Same Direction",Clear,Dry,Daylight,No Controls,NONE DETECTED,No,No Apparent Injury,NA,Not Distracted,MD,Passenger Car,Moving Constant Speed,55,No,2016,FREIGHTLINER,M2,39.01708684,-76.99648393,2025,12,8
250056318,Property Damage Crash,12/17/2025 08:12:00 AM,CAPITAL BELTWAY (WB/L),NA,"Sideswipe, Same Direction",Clear,Dry,Daylight,No Controls,NONE DETECTED,No,No Apparent Injury,NA,Not Distracted,OH,Passenger Car,Stopped in Traffic,55,No,2019,FREIGHTLINER,CASCADIA,39.01708684,-76.99648393,2025,12,8
250056317,Property Damage Crash,12/17/2025 08:00:00 AM,OLNEY SANDY SPRING RD,NA,"Sideswipe, Opposite Direction",Clear,Dry,Daylight,No Controls,NONE DETECTED,No,No Apparent Injury,NA,Not Distracted,MD,Passenger Car,Moving Constant Speed,30,No,2019,JEEP,GRAND CHEROKEE,39.1472325,-77.03676233,2025,12,8
250056317,Property Damage Crash,12/17/2025 08:00:00 AM,OLNEY SANDY SPRING RD,NA,"Sideswipe, Opposite Direction",Clear,Dry,Daylight,No Controls,NONE DETECTED,Yes,No Apparent Injury,NA,Unknown,MD,Passenger Car,Moving Constant Speed,30,No,2022,CHEVROLET,EQUINOX,39.1472325,-77.03676233,2025,12,8
250056312,Property Damage Crash,12/17/2025 07:40:00 AM,E GUDE DR (WB/L),NA,"Sideswipe, Same Direction",Clear,Dry,Daylight,No Controls,NONE DETECTED,Yes,No Apparent Injury,Failed to Yield Right-of-Way,Not Distracted,TX,Passenger Car,Entering Traffic Lane,30,No,2016,NISSAN,ROGUE,39.09528217,-77.13334917,2025,12,7
250056312,Property Damage Crash,12/17/2025 07:40:00 AM,E GUDE DR (WB/L),NA,"Sideswipe, Same Direction",Clear,Dry,Daylight,No Controls,NONE DETECTED,No,No Apparent Injury,NA,Not Distracted,MD,Passenger Car,Moving Constant Speed,30,No,2018,DODGE,DURANGO,39.09528217,-77.13334917,2025,12,7
250056315,Injury Crash,12/17/2025 07:16:00 AM,CHESTERFIELD RD,NA,Angle,Clear,Dry,Daylight,No Controls,NONE DETECTED,No,Possible Minor Injury,NA,Not Distracted,MD,Passenger Car,Moving Constant Speed,25,No,2015,TOYOTA,CAMRY,39.09117867,-77.0832755,2025,12,7
250056315,Injury Crash,12/17/2025 07:16:00 AM,CHESTERFIELD RD,NA,Angle,Clear,Dry,Daylight,Stop Sign,NONE DETECTED,No,No Apparent Injury,"Failed to Yield Right-of-Way, Ran Stop Sign",Unknown,MD,Passenger Car,Moving Constant Speed,25,No,2021,VOLKSWAGEN,JETTA,39.09117867,-77.0832755,2025,12,7
250056310,Injury Crash,12/17/2025 07:14:00 AM,FREDERICK RD (SB/L),NA,Angle,Clear,Dry,Medium,Traffic Control Signal,NONE DETECTED,Yes,No Apparent Injury,"Disregarded Other Road Markings, Failed to Keep in Proper Lane, Failed to Yield Right-of-Way, Improper Passing, Improper Turn",Not Distracted,MD,Passenger Car,Turning Left,40,No,2020,HONDA,CR-V,39.17841855,-77.2386024,2025,12,7
250056310,Injury Crash,12/17/2025 07:14:00 AM,FREDERICK RD (SB/L),NA,Angle,Clear,Dry,Medium,Traffic Control Signal,NONE DETECTED,No,Possible Minor Injury,NA,Not Distracted,MD,Passenger Car,Moving Constant Speed,40,No,2017,HYUNDAI,IONIQ,39.17841855,-77.2386024,2025,12,7
250056311,Property Damage Crash,12/17/2025 07:10:00 AM,ADRIAN ST,NA,"Sideswipe, Same Direction",Clear,Dry,Daylight,Stop Sign,NONE DETECTED,No,No Apparent Injury,NA,Not Distracted,MD,Bus - School,Turning Left,25,No,2017,THOMAS BUILT,HDX,39.06374233,-77.094276,2025,12,7
250056311,Property Damage Crash,12/17/2025 07:10:00 AM,ADRIAN ST,NA,"Sideswipe, Same Direction",Clear,Dry,Daylight,No Controls,NONE DETECTED,No,No Apparent Injury,NA,Not Distracted,MD,Sport Utility Vehicle,Moving Constant Speed,25,No,2024,TOYOTA,GRAND HIGHLANDER,39.06374233,-77.094276,2025,12,7
250056309,Property Damage Crash,12/17/2025 07:00:00 AM,CLOPPER RD,NA,Front to Rear,Clear,Dry,Medium,No Controls,NONE DETECTED,No,No Apparent Injury,NA,Not Distracted,MD,Passenger Car,Moving Constant Speed,35,No,2021,AUDI,Q5,39.15442783,-77.256322,2025,12,7
250056309,Property Damage Crash,12/17/2025 07:00:00 AM,CLOPPER RD,NA,Front to Rear,Clear,Dry,Medium,No Controls,NONE DETECTED,Yes,No Apparent Injury,NA,Not Distracted,NC,Passenger Car,Moving Constant Speed,35,No,2020,HYUNDAI,ELANTRA,39.15442783,-77.256322,2025,12,7
250056309,Property Damage Crash,12/17/2025 07:00:00 AM,CLOPPER RD,NA,Front to Rear,Clear,Dry,Medium,No Controls,NONE DETECTED,Yes,No Apparent Injury,NA,Not Distracted,MD,Passenger Car,Moving Constant Speed,35,No,2024,BMW,330I,39.15442783,-77.256322,2025,12,7
250056305,Property Damage Crash,12/17/2025 04:15:00 AM,DEXTER AVE,NA,Front to Rear,Clear,Dry,Medium,No Controls,NONE DETECTED,Yes,No Apparent Injury,NA,Not Distracted,MD,Passenger Car,Moving Constant Speed,25,No,2016,TOYOTA,COROLLA,39.02211401,-77.04885419,2025,12,4
250056302,Property Damage Crash,12/17/2025 12:28:00 AM,RIDGE RD,NA,Single Vehicle,Clear,Dry,Medium,Traffic Control Signal,NONE DETECTED,Yes,No Apparent Injury,"Failed to Keep in Proper Lane, Operated Motor Vehicle in Inattentive, Careless, Negligent, or Erratic Manner, Ran Off Roadway",Unknown,MD,Sport Utility Vehicle,NA,40,No,2023,LEXUS,RX,39.21621791,-77.23877548,2025,12,0
240056293,Property Damage Crash,12/16/2025 10:37:00 PM,NA,NA,Angle,Clear,NA,Medium,NA,NONE DETECTED,No,NA,NA,NA,NA,Passenger Car,Moving Constant Speed,0,No,2020,HONDA,CIVIC,39.07868176,-77.13883305,2025,12,22
240056293,Property Damage Crash,12/16/2025 10:37:00 PM,NA,NA,Angle,Clear,NA,Medium,NA,NONE DETECTED,No,No Apparent Injury,NA,Not Distracted,MD,Passenger Car,Parked,0,No,2022,TOYOTA,SIENNA,39.07868176,-77.13883305,2025,12,22
250056289,Property Damage Crash,12/16/2025 09:32:00 PM,DEAN RD,NA,Front to Rear,Clear,Dry,Medium,No Controls,NONE DETECTED,Yes,No Apparent Injury,Failed to Keep in Proper Lane,"Other Action (looking away from task, etc.)",MD,Passenger Car,Moving Constant Speed,25,No,2018,TOYOTA,HIGHLANDER,39.06894538,-77.0741134,2025,12,21
250056287,Injury Crash,12/16/2025 09:30:00 PM,OLD GEORGETOWN RD (SB/L),NA,Front to Rear,Clear,Dry,Dark,Traffic Control Signal,NONE DETECTED,No,Possible Minor Injury,NA,Not Distracted,VA,Passenger Car,Stopped in Traffic,35,No,2021,NISSAN,ROGUE,39.04485429,-77.12053844,2025,12,21
250056287,Injury Crash,12/16/2025 09:30:00 PM,OLD GEORGETOWN RD (SB/L),NA,Front to Rear,Clear,Dry,Dark,Traffic Control Signal,NONE DETECTED,Yes,No Apparent Injury,NA,Unknown,MD,Pickup,Slowing or Stopping,35,No,2024,TOYOTA,TACOMA,39.04485429,-77.12053844,2025,12,21
250056284,Injury Crash,12/16/2025 09:01:00 PM,NA,Pedestrian,Single Vehicle,Clear,Dry,Medium,Traffic Control Signal,NONE DETECTED,No,NA,NA,NA,NA,Passenger Car,Turning Left,25,No,0,NA,NA,39.02648027,-77.14402173,2025,12,21
250056279,Property Damage Crash,12/16/2025 08:11:00 PM,NA,NA,Front to Rear,Clear,NA,Medium,NA,NONE DETECTED,Yes,No Apparent Injury,"Operated Motor Vehicle in Inattentive, Careless, Negligent, or Erratic Manner, Other Improper Action",Unknown,MD,Passenger Car,Accelerating,0,No,2016,VOLKSWAGEN,BEETLE,38.978444,-77.09019567,2025,12,20
250056264,Property Damage Crash,12/16/2025 06:07:00 PM,LELAND ST,NA,Angle,Clear,Dry,Medium,No Controls,NONE DETECTED,No,No Apparent Injury,NA,Unknown,VA,Sport Utility Vehicle,Moving Constant Speed,35,No,2025,CHEVROLET,TRAX,38.98543767,-77.0772185,2025,12,18
250056264,Property Damage Crash,12/16/2025 06:07:00 PM,LELAND ST,NA,Angle,Clear,Dry,Medium,Stop Sign,NONE DETECTED,Yes,No Apparent Injury,"Failed to Yield Right-of-Way, Operated Motor Vehicle in Inattentive, Careless, Negligent, or Erratic Manner, Other Improper Action",Unknown,MD,Passenger Car,Entering Traffic Lane,25,No,2020,CHEVROLET,TRAX,38.98543767,-77.0772185,2025,12,18
250056263,Property Damage Crash,12/16/2025 05:58:00 PM,RAMP 4 FR IS 270 NB TO MIDDLEBROOK RD EB,NA,Front to Rear,Clear,Dry,Medium,No Controls,NONE DETECTED,No,No Apparent Injury,Followed Too Closely,Unknown,NA,Passenger Car,Moving Constant Speed,30,No,2016,BMW,320I,39.17348524,-77.24545303,2025,12,17
250056263,Property Damage Crash,12/16/2025 05:58:00 PM,RAMP 4 FR IS 270 NB TO MIDDLEBROOK RD EB,NA,Front to Rear,Clear,Dry,Medium,No Controls,NONE DETECTED,No,No Apparent Injury,NA,Not Distracted,MD,Passenger Car,Moving Constant Speed,30,No,2015,NISSAN,VERSA NOTE,39.17348524,-77.24545303,2025,12,17
250056277,Property Damage Crash,12/16/2025 05:45:00 PM,NA,NA,Single Vehicle,Clear,Ice/Frost,Medium,No Controls,NONE DETECTED,Yes,No Apparent Injury,"Ran Off Roadway, Too Fast For Conditions",Unknown,MD,Passenger Car,Moving Constant Speed,40,No,1999,VOLVO,S80,39.26816049,-77.30619817,2025,12,17
250056255,Injury Crash,12/16/2025 05:44:00 PM,OLD BALTIMORE RD,NA,Front to Rear,Clear,Ice/Frost,Medium,No Controls,NONE DETECTED,Yes,No Apparent Injury,Other Improper Action,Not Distracted,MD,Sport Utility Vehicle,Slowing or Stopping,35,No,2018,LAND ROVER,DISCOVERY SPORT,39.136996,-77.0685815,2025,12,17
250056255,Injury Crash,12/16/2025 05:44:00 PM,OLD BALTIMORE RD,NA,Front to Rear,Clear,Ice/Frost,Medium,No Controls,NONE DETECTED,No,Possible Minor Injury,NA,Not Distracted,MD,Sport Utility Vehicle,Stopped in Traffic,35,No,2024,MAZDA,CX-5,39.136996,-77.0685815,2025,12,17
250056255,Injury Crash,12/16/2025 05:44:00 PM,OLD BALTIMORE RD,NA,Front to Rear,Clear,Ice/Frost,Medium,No Controls,NONE DETECTED,No,No Apparent Injury,NA,Not Distracted,MD,Sport Utility Vehicle,Stopped in Traffic,35,No,2019,HONDA,CR-V,39.136996,-77.0685815,2025,12,17