Local Case Number,ACRS Report Type,Crash Date/Time,Road Name,Related Non-Motorist,Collision Type,Weather,Surface Condition,Light,Traffic Control,Driver Substance Abuse,Driver At Fault,Injury Severity,Circumstance,Driver Distracted By,Drivers License State,Vehicle Body Type,Vehicle Movement,Speed Limit,Driverless Vehicle,Vehicle Year,Vehicle Make,Vehicle Model,Latitude,Longitude,Year,Month,Hour
250056258,Property Damage Crash,12/16/2025 05:35:00 PM,FERNWOOD RD (SB/L),NA,Angle,Clear,Dry,Medium,Traffic Control Signal,NONE DETECTED,No,No Apparent Injury,Ran Red Light,Unknown,NA,Other,Moving Constant Speed,35,No,2018,FORD,TRANSIT,39.02197065,-77.13499129,2025,12,17
250056258,Property Damage Crash,12/16/2025 05:35:00 PM,FERNWOOD RD (SB/L),NA,Angle,Clear,Dry,Medium,Traffic Control Signal,NONE DETECTED,No,No Apparent Injury,NA,Not Distracted,MD,Sport Utility Vehicle,Turning Left,30,No,2009,HYUNDAI,SANTA FE,39.02197065,-77.13499129,2025,12,17
250056258,Property Damage Crash,12/16/2025 05:35:00 PM,FERNWOOD RD (SB/L),NA,Angle,Clear,Dry,Medium,Traffic Control Signal,NONE DETECTED,No,No Apparent Injury,NA,Not Distracted,MD,Sport Utility Vehicle,Turning Left,30,No,2020,TOYOTA,C-HR,39.02197065,-77.13499129,2025,12,17
250056253,Injury Crash,12/16/2025 05:33:00 PM,AIRPARK RD,NA,Front to Rear,Clear,Dry,Medium,Traffic Control Signal,NONE DETECTED,No,Possible Minor Injury,NA,Not Distracted,MD,Passenger Car,Turning Right,45,No,2020,JEEP,WRANGLER,39.16913972,-77.15429443,2025,12,17
250056253,Injury Crash,12/16/2025 05:33:00 PM,AIRPARK RD,NA,Front to Rear,Clear,Dry,Medium,Traffic Control Signal,NONE DETECTED,Yes,No Apparent Injury,NA,Unknown,MD,Passenger Car,Turning Right,45,No,2025,HONDA,PROLOGUE,39.16913972,-77.15429443,2025,12,17
250056265,Property Damage Crash,12/16/2025 05:30:00 PM,GEORGIA AVE,NA,"Sideswipe, Same Direction",Clear,Dry,Medium,Traffic Control Signal,NONE DETECTED,No,No Apparent Injury,NA,Not Distracted,MD,Sport Utility Vehicle,Moving Constant Speed,35,No,2023,VOLKSWAGEN,ID.4,39.02517258,-77.0459645,2025,12,17
250056265,Property Damage Crash,12/16/2025 05:30:00 PM,GEORGIA AVE,NA,"Sideswipe, Same Direction",Clear,Dry,Medium,Traffic Control Signal,NONE DETECTED,No,NA,NA,NA,NA,Passenger Car,Moving Constant Speed,35,No,2020,HONDA,ACCORD,39.02517258,-77.0459645,2025,12,17
250056245,Property Damage Crash,12/16/2025 04:31:00 PM,UNIVERSITY BLVD W (WB/L),NA,Front to Front,Clear,Dry,Daylight,Traffic Control Signal,NONE DETECTED,Yes,No Apparent Injury,Failed to Yield Right-of-Way,Not Distracted,MD,Passenger Car,Turning Left,25,No,2020,TOYOTA,CAMRY,39.033426,-77.02360517,2025,12,16
250056245,Property Damage Crash,12/16/2025 04:31:00 PM,UNIVERSITY BLVD W (WB/L),NA,Front to Front,Clear,Dry,Daylight,Traffic Control Signal,NONE DETECTED,No,No Apparent Injury,NA,Not Distracted,MD,Sport Utility Vehicle,Moving Constant Speed,25,No,2014,FORD,EXPLORER,39.033426,-77.02360517,2025,12,16
250056257,Property Damage Crash,12/16/2025 04:30:00 PM,MATENY RD,NA,Front to Rear,Clear,Dry,Daylight,Traffic Control Signal,NONE DETECTED,No,No Apparent Injury,NA,Not Distracted,MD,Sport Utility Vehicle,Slowing or Stopping,30,No,2014,NISSAN,PATHFINDER,39.15650046,-77.26659313,2025,12,16
250056257,Property Damage Crash,12/16/2025 04:30:00 PM,MATENY RD,NA,Front to Rear,Clear,Dry,Daylight,Traffic Control Signal,NONE DETECTED,No,NA,NA,NA,NA,Passenger Car,Moving Constant Speed,30,No,2014,DODGE,CHARGER,39.15650046,-77.26659313,2025,12,16
250056237,Property Damage Crash,12/16/2025 04:25:00 PM,NA,NA,Angle,Clear,NA,Daylight,NA,NONE DETECTED,No,No Apparent Injury,NA,Not Distracted,MD,Passenger Car,Slowing or Stopping,0,No,2018,HONDA,ODYSSEY,39.0198916,-77.0111969,2025,12,16
250056238,Property Damage Crash,12/16/2025 04:20:00 PM,CLOVER PATCH DR,NA,Other,Clear,Dry,Medium,No Controls,NONE DETECTED,No,No Apparent Injury,NA,Not Distracted,NA,Passenger Car,Accelerating,30,No,2009,HONDA,CIVIC,39.05258283,-76.950751,2025,12,16
250056238,Property Damage Crash,12/16/2025 04:20:00 PM,CLOVER PATCH DR,NA,Other,Clear,Dry,Medium,No Controls,NONE DETECTED,Yes,No Apparent Injury,NA,Unknown,MD,Passenger Car,Accelerating,30,No,2015,NISSAN,ROGUE,39.05258283,-76.950751,2025,12,16
250056252,Property Damage Crash,12/16/2025 04:16:00 PM,WHELAN LA,NA,Single Vehicle,Clear,Dry,Daylight,Other,ALCOHOL PRESENT,Yes,No Apparent Injury,"Disregarded Other Road Markings, Failed to Keep in Proper Lane, Other Improper Action, Ran Off Roadway",Unknown,MD,Passenger Car,NA,25,No,2021,TOYOTA,COROLLA,39.23024098,-77.28823522,2025,12,16
250056240,Property Damage Crash,12/16/2025 04:12:00 PM,TRAVILAH RD,NA,Single Vehicle,Clear,Dry,Daylight,No Controls,NONE DETECTED,Yes,No Apparent Injury,NA,Unknown,MD,Passenger Car,Moving Constant Speed,35,No,2023,TESLA,MODEL Y,39.07266367,-77.26027717,2025,12,16
250056239,Property Damage Crash,12/16/2025 04:12:00 PM,NA,NA,Front to Front,Clear,NA,Daylight,NA,NONE DETECTED,Yes,No Apparent Injury,NA,Not Distracted,MD,Van - Passenger (&lt;9 Seats),NA,0,No,2022,CHRYSLER,PACIFICA,39.01988898,-77.01114989,2025,12,16
250056230,Property Damage Crash,12/16/2025 04:03:00 PM,ROCKVILLE PIKE,NA,Angle,Clear,Dry,Daylight,Stop Sign,NONE DETECTED,No,No Apparent Injury,NA,Not Distracted,MD,Passenger Car,Stopped in Traffic,25,No,2017,TOYOTA,YARIS IA,39.07099215,-77.13219324,2025,12,16
250056230,Property Damage Crash,12/16/2025 04:03:00 PM,ROCKVILLE PIKE,NA,Angle,Clear,Dry,Daylight,No Controls,NONE DETECTED,Yes,No Apparent Injury,NA,Not Distracted,MD,Van - Passenger (&lt;9 Seats),Turning Left,35,No,2026,RAM,PROMASTER 2500,39.07099215,-77.13219324,2025,12,16
250056230,Property Damage Crash,12/16/2025 04:03:00 PM,ROCKVILLE PIKE,NA,Angle,Clear,Dry,Daylight,No Controls,NONE DETECTED,No,No Apparent Injury,NA,Not Distracted,MD,Passenger Car,Moving Constant Speed,35,No,2000,HONDA,CIVIC,39.07099215,-77.13219324,2025,12,16
250056234,Property Damage Crash,12/16/2025 04:02:00 PM,RANDOLPH RD (WB/L),NA,Unknown,Clear,Dry,Daylight,No Controls,NONE DETECTED,No,NA,NA,NA,NA,Motorcycle - 2 Wheeled,NA,35,No,1900,SUZUKI,MOTO-CROSS,39.05763817,-77.078326,2025,12,16
250056234,Property Damage Crash,12/16/2025 04:02:00 PM,RANDOLPH RD (WB/L),NA,Unknown,Clear,Dry,Daylight,No Controls,NONE DETECTED,No,No Apparent Injury,NA,Not Distracted,MD,Passenger Car,Backing,35,No,2024,DODGE,HORNET,39.05763817,-77.078326,2025,12,16
250056225,Property Damage Crash,12/16/2025 03:09:00 PM,GEORGIA AVE (SB/L),NA,"Sideswipe, Same Direction",Clear,Dry,Daylight,Traffic Control Signal,NONE DETECTED,Yes,No Apparent Injury,Other Improper Action,Not Distracted,MD,Other,Turning Left,45,No,2020,FREIGHTLINER,M2,39.10956244,-77.07608735,2025,12,15
250056225,Property Damage Crash,12/16/2025 03:09:00 PM,GEORGIA AVE (SB/L),NA,"Sideswipe, Same Direction",Clear,Dry,Daylight,Traffic Control Signal,NONE DETECTED,No,No Apparent Injury,NA,Not Distracted,MD,Passenger Car,Stopped in Traffic,45,No,2016,FORD,FOCUS,39.10956244,-77.07608735,2025,12,15
250056216,Property Damage Crash,12/16/2025 02:36:00 PM,HUNGERFORD DR (SB/L),NA,Angle,Clear,Dry,Daylight,Traffic Control Signal,NONE DETECTED,Yes,No Apparent Injury,NA,Unknown,MD,Passenger Car,Turning Left,35,No,2011,VOLKSWAGEN,JETTA,39.09195511,-77.15333663,2025,12,14
250056216,Property Damage Crash,12/16/2025 02:36:00 PM,HUNGERFORD DR (SB/L),NA,Angle,Clear,Dry,Daylight,Traffic Control Signal,NONE DETECTED,No,No Apparent Injury,NA,Unknown,MD,Passenger Car,Moving Constant Speed,35,No,2019,SUBARU,OUTBACK,39.09195511,-77.15333663,2025,12,14
250056214,Property Damage Crash,12/16/2025 02:00:00 PM,NICHOLSON LA,NA,"Sideswipe, Same Direction",Clear,Dry,Daylight,No Controls,NONE DETECTED,No,No Apparent Injury,NA,Not Distracted,MD,Passenger Car,Moving Constant Speed,30,No,2017,AUDI,A5,39.04504354,-77.11586825,2025,12,14
250056214,Property Damage Crash,12/16/2025 02:00:00 PM,NICHOLSON LA,NA,"Sideswipe, Same Direction",Clear,Dry,Daylight,No Controls,NONE DETECTED,No,No Apparent Injury,NA,Not Distracted,MD,Passenger Car,Moving Constant Speed,30,No,2020,ACURA,TLX,39.04504354,-77.11586825,2025,12,14
250056205,Injury Crash,12/16/2025 01:24:00 PM,NA,NA,Other,Clear,NA,Daylight,NA,NONE DETECTED,No,No Apparent Injury,NA,Not Distracted,MD,Passenger Car,Parked,0,No,2014,HONDA,ODYSSEY,39.02055079,-77.01360364,2025,12,13
250056205,Injury Crash,12/16/2025 01:24:00 PM,NA,NA,Other,Clear,NA,Daylight,NA,NONE DETECTED,No,No Apparent Injury,NA,Not Distracted,MD,Passenger Car,Parked,0,No,2021,HYUNDAI,ELANTRA,39.02055079,-77.01360364,2025,12,13
250056205,Injury Crash,12/16/2025 01:24:00 PM,NA,NA,Other,Clear,NA,Daylight,NA,NONE DETECTED,Yes,Possible Minor Injury,NA,Not Distracted,MD,Passenger Car,NA,0,No,2022,VOLKSWAGEN,TIGUAN,39.02055079,-77.01360364,2025,12,13
250056205,Injury Crash,12/16/2025 01:24:00 PM,NA,NA,Other,Clear,NA,Daylight,NA,NONE DETECTED,No,No Apparent Injury,NA,Not Distracted,MD,Passenger Car,Parked,0,No,2017,SUBARU,OUTBACK,39.02055079,-77.01360364,2025,12,13
250056199,Injury Crash,12/16/2025 01:03:00 PM,E GUDE DR,NA,Front to Rear,Clear,Dry,Daylight,No Controls,NONE DETECTED,No,Possible Minor Injury,NA,Not Distracted,MD,Passenger Car,Slowing or Stopping,40,No,2017,TOYOTA,COROLLA,39.10552632,-77.14482315,2025,12,13
250056199,Injury Crash,12/16/2025 01:03:00 PM,E GUDE DR,NA,Front to Rear,Clear,Dry,Daylight,No Controls,NONE DETECTED,Yes,No Apparent Injury,Followed Too Closely,Not Distracted,MD,Passenger Car,Moving Constant Speed,40,No,2005,TOYOTA,TUNDRA,39.10552632,-77.14482315,2025,12,13
250056185,Property Damage Crash,12/16/2025 11:30:00 AM,RAMP 2 FR IS 495 WB TO MD 97 NB,NA,Front to Rear,Clear,Dry,Daylight,Yield Sign,NONE DETECTED,No,No Apparent Injury,NA,Not Distracted,MD,Passenger Car,Stopped in Traffic,30,No,2022,SUBARU,IMPREZA,39.01421187,-77.04189949,2025,12,11
250056185,Property Damage Crash,12/16/2025 11:30:00 AM,RAMP 2 FR IS 495 WB TO MD 97 NB,NA,Front to Rear,Clear,Dry,Daylight,Yield Sign,NONE DETECTED,No,No Apparent Injury,NA,NA,NA,Passenger Car,Moving Constant Speed,30,No,2018,MAZDA,MAZDA3,39.01421187,-77.04189949,2025,12,11
250056175,Property Damage Crash,12/16/2025 11:00:00 AM,NA,NA,"Sideswipe, Same Direction",Clear,NA,Daylight,NA,NONE DETECTED,Yes,No Apparent Injury,Improper Passing,Not Distracted,VA,Passenger Car,Overtaking/Passing,0,No,2020,ACURA,RDX,39.0579123,-77.12165932,2025,12,11
250056175,Property Damage Crash,12/16/2025 11:00:00 AM,NA,NA,"Sideswipe, Same Direction",Clear,NA,Daylight,NA,NONE DETECTED,No,No Apparent Injury,NA,Not Distracted,MD,Bus - School,Parked,0,No,2024,FREIGHTLINER,B2 BUS CHASSIS,39.0579123,-77.12165932,2025,12,11
250056178,Property Damage Crash,12/16/2025 11:00:00 AM,NA,NA,Other,Clear,NA,Daylight,NA,NONE DETECTED,No,No Apparent Injury,NA,Not Distracted,MD,Passenger Car,Slowing or Stopping,0,No,2019,SUBARU,FORESTER,39.06996321,-77.14612832,2025,12,11
250056171,Injury Crash,12/16/2025 10:20:00 AM,AVERY RD,NA,"Sideswipe, Opposite Direction",Clear,Dry,Daylight,Traffic Control Signal,NONE DETECTED,No,No Apparent Injury,NA,Not Distracted,MD,Passenger Car,Stopped in Traffic,30,No,2023,CHEVROLET,SUBURBAN,39.12184333,-77.115695,2025,12,10
250056171,Injury Crash,12/16/2025 10:20:00 AM,AVERY RD,NA,"Sideswipe, Opposite Direction",Clear,Dry,Daylight,Traffic Control Signal,NONE DETECTED,Yes,Possible Minor Injury,Failed to Keep in Proper Lane,Unknown,MD,Passenger Car,Accelerating,30,No,2018,DODGE,GRAND CARAVAN,39.12184333,-77.115695,2025,12,10
250056169,Injury Crash,12/16/2025 10:15:00 AM,PHILADELPHIA AVE,NA,Front to Rear,Clear,Dry,Daylight,No Controls,NONE DETECTED,No,No Apparent Injury,Other Improper Action,Not Distracted,MD,Passenger Car,Slowing or Stopping,20,No,2013,CHRYSLER,300,38.98196935,-77.01312557,2025,12,10
250056169,Injury Crash,12/16/2025 10:15:00 AM,PHILADELPHIA AVE,NA,Front to Rear,Clear,Dry,Daylight,No Controls,NONE DETECTED,No,Possible Minor Injury,Other Improper Action,Not Distracted,MD,Passenger Car,Slowing or Stopping,20,No,2025,HYUNDAI,ELANTRA,38.98196935,-77.01312557,2025,12,10
250056174,Property Damage Crash,12/16/2025 09:50:00 AM,ODENDHAL AVE (EB/L),NA,Front to Rear,Clear,Dry,Daylight,Traffic Control Signal,NONE DETECTED,No,No Apparent Injury,NA,Not Distracted,MD,Passenger Car,Turning Right,30,No,2024,VOLKSWAGEN,JETTA,39.14843188,-77.20693556,2025,12,9
250056174,Property Damage Crash,12/16/2025 09:50:00 AM,ODENDHAL AVE (EB/L),NA,Front to Rear,Clear,Dry,Daylight,Traffic Control Signal,NONE DETECTED,Yes,No Apparent Injury,NA,Unknown,MD,Passenger Car,Turning Left,30,No,2017,HYUNDAI,SONATA,39.14843188,-77.20693556,2025,12,9
250056160,Property Damage Crash,12/16/2025 09:20:00 AM,POWDER HORN DR,NA,Front to Rear,Clear,Dry,Daylight,No Controls,NONE DETECTED,Yes,No Apparent Injury,Other Improper Action,Not Distracted,MD,Passenger Car,Moving Constant Speed,25,No,2017,HYUNDAI,ELANTRA,39.0357821,-77.17566892,2025,12,9
250056159,Injury Crash,12/16/2025 09:08:00 AM,OLD GEORGETOWN RD (SB/L),NA,Rear To Rear,Clear,Dry,Daylight,No Controls,NONE DETECTED,No,Possible Minor Injury,NA,Not Distracted,MD,Sport Utility Vehicle,Stopped in Traffic,35,No,2014,HONDA,PILOT,39.00967,-77.11464217,2025,12,9
250056159,Injury Crash,12/16/2025 09:08:00 AM,OLD GEORGETOWN RD (SB/L),NA,Rear To Rear,Clear,Dry,Daylight,No Controls,NONE DETECTED,No,Possible Minor Injury,NA,Not Distracted,VA,Sport Utility Vehicle,Stopped in Traffic,35,No,2024,JEEP,GRAND CHEROKEE L,39.00967,-77.11464217,2025,12,9
250056159,Injury Crash,12/16/2025 09:08:00 AM,OLD GEORGETOWN RD (SB/L),NA,Rear To Rear,Clear,Dry,Daylight,No Controls,NONE DETECTED,No,Possible Minor Injury,NA,Not Distracted,MD,Passenger Car,Stopped in Traffic,35,No,2019,MAZDA,MAZDA3,39.00967,-77.11464217,2025,12,9
250056159,Injury Crash,12/16/2025 09:08:00 AM,OLD GEORGETOWN RD (SB/L),NA,Rear To Rear,Clear,Dry,Daylight,No Controls,NONE DETECTED,Yes,No Apparent Injury,Followed Too Closely,"Other Action (looking away from task, etc.)",MD,Passenger Car,Moving Constant Speed,35,No,2003,VOLKSWAGEN,PASSAT,39.00967,-77.11464217,2025,12,9
250056153,Property Damage Crash,12/16/2025 08:53:00 AM,NA,NA,Rear To Rear,Clear,NA,Daylight,NA,NONE DETECTED,No,NA,NA,NA,NA,Passenger Car,Backing,0,No,1111,LINCOLN,MKS,39.11476447,-76.9322813,2025,12,8
250056151,Property Damage Crash,12/16/2025 08:35:00 AM,RIDGE RD (NB/L),NA,Front to Rear,Clear,Dry,Daylight,No Controls,NONE DETECTED,No,No Apparent Injury,NA,Not Distracted,MD,Passenger Car,Stopped in Traffic,45,No,2023,TESLA,MODEL Y,39.20164451,-77.25378128,2025,12,8
250056151,Property Damage Crash,12/16/2025 08:35:00 AM,RIDGE RD (NB/L),NA,Front to Rear,Clear,Dry,Daylight,No Controls,NONE DETECTED,Yes,No Apparent Injury,"Followed Too Closely, Too Fast For Conditions",Not Distracted,MD,Pickup,Accelerating,45,No,2023,RAM,1500,39.20164451,-77.25378128,2025,12,8
250056150,Property Damage Crash,12/16/2025 08:30:00 AM,LOVEJOY ST,NA,"Sideswipe, Opposite Direction",Clear,Dry,Daylight,No Controls,NONE DETECTED,No,No Apparent Injury,Other Improper Action,Not Distracted,MD,Bus - School,Slowing or Stopping,25,No,2024,FREIGHTLINER,B2 BUS CHASSIS,39.04624645,-77.01880006,2025,12,8
250056148,Property Damage Crash,12/16/2025 08:23:00 AM,BRIARCLIFF MANOR WAY,NA,Front to Front,Clear,Dry,Daylight,Other,NONE DETECTED,No,No Apparent Injury,NA,Not Distracted,MD,Sport Utility Vehicle,Moving Constant Speed,35,No,2021,HONDA,PILOT,39.10333992,-76.93934776,2025,12,8
250056148,Property Damage Crash,12/16/2025 08:23:00 AM,BRIARCLIFF MANOR WAY,NA,Front to Front,Clear,Dry,Daylight,Other,NONE DETECTED,Yes,No Apparent Injury,NA,"Other Action (looking away from task, etc.)",MD,Passenger Car,Moving Constant Speed,35,No,2014,HONDA,ACCORD,39.10333992,-76.93934776,2025,12,8
250056157,Property Damage Crash,12/16/2025 08:17:00 AM,CRICKET HILL DR,NA,"Sideswipe, Opposite Direction",Clear,Dry,Daylight,No Controls,NONE DETECTED,No,NA,Other Improper Action,NA,NA,Passenger Car,Moving Constant Speed,25,No,2010,FORD,EDGE,39.15087681,-77.28156587,2025,12,8
250056154,Injury Crash,12/16/2025 08:16:00 AM,SUNDOWN RD,NA,Angle,Clear,Ice/Frost,Daylight,No Controls,NONE DETECTED,No,Possible Minor Injury,NA,Not Distracted,MD,Passenger Car,Moving Constant Speed,35,No,2006,MERCEDES-BENZ,S-CLASS,39.21943833,-77.09840183,2025,12,8
250056154,Injury Crash,12/16/2025 08:16:00 AM,SUNDOWN RD,NA,Angle,Clear,Ice/Frost,Daylight,No Controls,NONE DETECTED,Yes,No Apparent Injury,Too Fast For Conditions,Not Distracted,MD,Passenger Car,Slowing or Stopping,35,No,2021,KIA,K5,39.21943833,-77.09840183,2025,12,8
250056154,Injury Crash,12/16/2025 08:16:00 AM,SUNDOWN RD,NA,Angle,Clear,Ice/Frost,Daylight,No Controls,NONE DETECTED,No,Possible Minor Injury,NA,Not Distracted,MD,Passenger Car,Moving Constant Speed,40,No,2014,RAM,1500,39.21943833,-77.09840183,2025,12,8
250056147,Injury Crash,12/16/2025 08:11:00 AM,NO NAME,NA,Front to Rear,Clear,Dry,Daylight,Traffic Control Signal,NONE DETECTED,No,No Apparent Injury,NA,Not Distracted,DC,Passenger Car,Moving Constant Speed,30,No,2015,KIA,K900,38.99542593,-77.03856619,2025,12,8
250056147,Injury Crash,12/16/2025 08:11:00 AM,NO NAME,NA,Front to Rear,Clear,Dry,Daylight,Traffic Control Signal,NONE DETECTED,Yes,Possible Minor Injury,NA,Not Distracted,MD,Passenger Car,Moving Constant Speed,30,No,2020,HONDA,HR-V,38.99542593,-77.03856619,2025,12,8
250056147,Injury Crash,12/16/2025 08:11:00 AM,NO NAME,NA,Front to Rear,Clear,Dry,Daylight,Traffic Control Signal,NONE DETECTED,No,No Apparent Injury,NA,Not Distracted,MD,Passenger Car,Stopped in Traffic,30,No,2016,TOYOTA,CAMRY,38.99542593,-77.03856619,2025,12,8
250056147,Injury Crash,12/16/2025 08:11:00 AM,NO NAME,NA,Front to Rear,Clear,Dry,Daylight,Traffic Control Signal,NONE DETECTED,No,No Apparent Injury,NA,Not Distracted,MD,Passenger Car,Stopped in Traffic,30,No,2009,CHEVROLET,TAHOE,38.99542593,-77.03856619,2025,12,8
250056140,Property Damage Crash,12/16/2025 08:08:00 AM,MONTGOMERY VILLAGE AVE (SB/L),NA,Front to Rear,Clear,Dry,Daylight,No Controls,NONE DETECTED,No,No Apparent Injury,NA,Not Distracted,MD,Passenger Car,Slowing or Stopping,35,No,2005,TOYOTA,SIENNA,39.17422294,-77.20367,2025,12,8
250056140,Property Damage Crash,12/16/2025 08:08:00 AM,MONTGOMERY VILLAGE AVE (SB/L),NA,Front to Rear,Clear,Dry,Daylight,No Controls,NONE DETECTED,Yes,No Apparent Injury,Followed Too Closely,Unknown,MD,Passenger Car,Moving Constant Speed,35,No,2018,MITSUBISHI,ECLIPSE CROSS,39.17422294,-77.20367,2025,12,8
250056140,Property Damage Crash,12/16/2025 08:08:00 AM,MONTGOMERY VILLAGE AVE (SB/L),NA,Front to Rear,Clear,Dry,Daylight,No Controls,NONE DETECTED,No,No Apparent Injury,NA,Not Distracted,MD,Passenger Car,Slowing or Stopping,35,No,2009,BMW,X3,39.17422294,-77.20367,2025,12,8
250056139,Property Damage Crash,12/16/2025 07:48:00 AM,RICHTER FARM RD (EB/L),NA,Front to Rear,Clear,Dry,Daylight,No Controls,NONE DETECTED,Yes,No Apparent Injury,Too Fast For Conditions,Not Distracted,MD,Passenger Car,Moving Constant Speed,25,No,2012,TOYOTA,RAV4,39.15094117,-77.28117067,2025,12,7
250056139,Property Damage Crash,12/16/2025 07:48:00 AM,RICHTER FARM RD (EB/L),NA,Front to Rear,Clear,Dry,Daylight,No Controls,NONE DETECTED,No,No Apparent Injury,NA,Not Distracted,MD,Passenger Car,Stopped in Traffic,25,No,2014,HONDA,PILOT,39.15094117,-77.28117067,2025,12,7
250056135,Property Damage Crash,12/16/2025 07:25:00 AM,UNIVERSITY BLVD E (WB/L),NA,Single Vehicle,Clear,Dry,Daylight,No Controls,NONE DETECTED,No,No Apparent Injury,NA,Not Distracted,MD,Other,Moving Constant Speed,40,No,2003,CHEVROLET,EXPRESS,39.01188186,-77.00232167,2025,12,7
250056131,Property Damage Crash,12/16/2025 05:34:00 AM,COLUMBIA PIKE (SB/L),NA,Front to Rear,Clear,Dry,Medium,No Controls,NONE DETECTED,Yes,No Apparent Injury,NA,Unknown,MD,Passenger Car,Moving Constant Speed,50,No,2016,HONDA,CIVIC,39.07443857,-76.95518117,2025,12,5
250056131,Property Damage Crash,12/16/2025 05:34:00 AM,COLUMBIA PIKE (SB/L),NA,Front to Rear,Clear,Dry,Medium,No Controls,NONE DETECTED,No,No Apparent Injury,NA,Not Distracted,MD,Sport Utility Vehicle,Moving Constant Speed,50,No,2022,FORD,BRONCO,39.07443857,-76.95518117,2025,12,5
260001982,Property Damage Crash,12/16/2025 12:41:00 AM,TIMBERLAKE DR,NA,Angle,Snow,Snow,Dark,Stop Sign,NONE DETECTED,No,NA,NA,NA,NA,NA,Moving Constant Speed,35,No,0,NA,NA,39.1021115,-76.95580233,2025,12,0
250056117,Property Damage Crash,12/15/2025 10:13:00 PM,UNIVERSITY BLVD,NA,Angle,Clear,Dry,Medium,Intersection Ahead Warning Sign,NONE DETECTED,No,No Apparent Injury,NA,Not Distracted,MD,Passenger Car,Moving Constant Speed,20,No,2023,HYUNDAI,KONA,38.98798386,-76.98643039,2025,12,22
250056117,Property Damage Crash,12/15/2025 10:13:00 PM,UNIVERSITY BLVD,NA,Angle,Clear,Dry,Medium,Intersection Ahead Warning Sign,NONE DETECTED,No,No Apparent Injury,NA,Not Distracted,MD,Passenger Car,Moving Constant Speed,15,No,2006,MAZDA,MAZDA6,38.98798386,-76.98643039,2025,12,22
250056117,Property Damage Crash,12/15/2025 10:13:00 PM,UNIVERSITY BLVD,NA,Angle,Clear,Dry,Medium,Intersection Ahead Warning Sign,NONE DETECTED,No,No Apparent Injury,NA,Not Distracted,MD,Passenger Car,Moving Constant Speed,15,No,2004,HONDA,ACCORD,38.98798386,-76.98643039,2025,12,22
250056112,Property Damage Crash,12/15/2025 09:42:00 PM,COLESVILLE RD (SB/L),NA,Front to Front,Clear,Dry,Medium,Traffic Control Signal,NONE DETECTED,Yes,No Apparent Injury,NA,Unknown,MD,Passenger Car,Moving Constant Speed,35,No,2018,TOYOTA,PRIUS C,39.01966052,-77.01351632,2025,12,21
250056112,Property Damage Crash,12/15/2025 09:42:00 PM,COLESVILLE RD (SB/L),NA,Front to Front,Clear,Dry,Medium,Traffic Control Signal,NONE DETECTED,No,No Apparent Injury,NA,Not Distracted,MD,Passenger Car,Moving Constant Speed,35,No,2016,SUBARU,IMPREZA,39.01966052,-77.01351632,2025,12,21
250056092,Property Damage Crash,12/15/2025 07:09:00 PM,PARK RD (WB/L),NA,Front to Front,Clear,Dry,Medium,Traffic Control Signal,NONE DETECTED,No,No Apparent Injury,NA,Not Distracted,MD,Passenger Car,Moving Constant Speed,25,No,2001,BUICK,CENTURY,39.0853429,-77.14829007,2025,12,19
250056092,Property Damage Crash,12/15/2025 07:09:00 PM,PARK RD (WB/L),NA,Front to Front,Clear,Dry,Medium,Traffic Control Signal,NONE DETECTED,No,No Apparent Injury,NA,Unknown,MD,Passenger Car,Turning Left,25,No,2012,MITSUBISHI,OUTLANDER,39.0853429,-77.14829007,2025,12,19
250056101,Property Damage Crash,12/15/2025 06:55:00 PM,ARLINGTON RD,NA,"Sideswipe, Same Direction",Clear,Dry,Medium,Traffic Control Signal,NONE DETECTED,No,No Apparent Injury,NA,Not Distracted,MD,Passenger Car,Stopped in Traffic,35,No,2015,AUDI,Q5,38.9809422,-77.09844312,2025,12,18