Local Case Number,ACRS Report Type,Crash Date/Time,Road Name,Related Non-Motorist,Collision Type,Weather,Surface Condition,Light,Traffic Control,Driver Substance Abuse,Driver At Fault,Injury Severity,Circumstance,Driver Distracted By,Drivers License State,Vehicle Body Type,Vehicle Movement,Speed Limit,Driverless Vehicle,Vehicle Year,Vehicle Make,Vehicle Model,Latitude,Longitude,Year,Month,Hour
250055856,Property Damage Crash,12/13/2025 11:57:00 PM,NORBECK RD,NA,Single Vehicle,Clear,Dry,Medium,No Controls,NONE DETECTED,Yes,No Apparent Injury,"Over-Correcting/Over-Steering, Swerved or Avoided Due to Wind, Slippery Surface, Motor Vehicle, Object, Non-Motorist in Roadway, etc, Too Fast For Conditions",Not Distracted,MD,Passenger Car,Moving Constant Speed,35,No,2016,TOYOTA,COROLLA,39.108351,-77.08123783,2025,12,23
250055855,Property Damage Crash,12/13/2025 11:39:00 PM,GERMANTOWN RD (SB/L),NA,Front to Rear,Snow,Wet,Medium,Traffic Control Signal,NONE DETECTED,No,No Apparent Injury,NA,Not Distracted,MD,Passenger Car,Turning Left,40,No,2017,KIA,SORENTO,39.18124874,-77.26212993,2025,12,23
250055855,Property Damage Crash,12/13/2025 11:39:00 PM,GERMANTOWN RD (SB/L),NA,Front to Rear,Snow,Wet,Medium,Traffic Control Signal,ALCOHOL PRESENT,No,No Apparent Injury,"Followed Too Closely, Operated Motor Vehicle in Inattentive, Careless, Negligent, or Erratic Manner, Too Fast For Conditions",Not Distracted,MD,Passenger Car,Slowing or Stopping,40,No,2015,TOYOTA,COROLLA,39.18124874,-77.26212993,2025,12,23
250055853,Property Damage Crash,12/13/2025 10:57:00 PM,FARMLAND DR,NA,"Sideswipe, Same Direction",Clear,Dry,Medium,No Controls,ALCOHOL PRESENT,No,No Apparent Injury,NA,NA,NA,Passenger Car,Turning Left,25,No,2019,TESLA,MODEL 3,39.04425055,-77.14360977,2025,12,22
250055849,Property Damage Crash,12/13/2025 09:53:00 PM,GEORGIA AVE (SB/L),NA,"Sideswipe, Same Direction",Rain,Wet,Medium,No Controls,NONE DETECTED,No,No Apparent Injury,NA,Not Distracted,MD,Bus - Transit,Accelerating,30,No,2019,NEW FLYER,XCELSIOR,39.15257067,-77.06702483,2025,12,21
250055849,Property Damage Crash,12/13/2025 09:53:00 PM,GEORGIA AVE (SB/L),NA,"Sideswipe, Same Direction",Rain,Wet,Medium,No Controls,NONE DETECTED,Yes,No Apparent Injury,"Failed to Keep in Proper Lane, Failed to Yield Right-of-Way, Improper Turn, Operated Motor Vehicle in Inattentive, Careless, Negligent, or Erratic Manner",Unknown,MD,Pickup,Turning Right,30,No,2021,GMC,SIERRA,39.15257067,-77.06702483,2025,12,21
250055843,Property Damage Crash,12/13/2025 09:44:00 PM,GEORGIA AVE,NA,Front to Rear,Clear,Dry,Medium,No Controls,NONE DETECTED,No,No Apparent Injury,NA,Not Distracted,DC,Passenger Car,Moving Constant Speed,35,No,2017,HONDA,HR-V,39.05179983,-77.05121483,2025,12,21
250055843,Property Damage Crash,12/13/2025 09:44:00 PM,GEORGIA AVE,NA,Front to Rear,Clear,Dry,Medium,No Controls,NONE DETECTED,Yes,No Apparent Injury,Failed to Keep in Proper Lane,Unknown,MD,Passenger Car,Changing Lanes,35,No,2018,TOYOTA,COROLLA,39.05179983,-77.05121483,2025,12,21
250055843,Property Damage Crash,12/13/2025 09:44:00 PM,GEORGIA AVE,NA,Front to Rear,Clear,Dry,Medium,No Controls,NONE DETECTED,No,No Apparent Injury,NA,Not Distracted,MD,Passenger Car,Moving Constant Speed,35,No,2022,MAZDA,CX-5,39.05179983,-77.05121483,2025,12,21
250055850,Property Damage Crash,12/13/2025 09:39:00 PM,SHADY GROVE RD (SB/L),NA,Angle,Clear,Wet,Medium,Traffic Control Signal,NONE DETECTED,No,NA,NA,NA,NA,Passenger Car,Stopped in Traffic,40,No,2025,MERCEDES-BENZ,GLE-CLASS,39.11473577,-77.18581513,2025,12,21
250055850,Property Damage Crash,12/13/2025 09:39:00 PM,SHADY GROVE RD (SB/L),NA,Angle,Clear,Wet,Medium,Traffic Control Signal,NONE DETECTED,No,NA,NA,NA,NA,Passenger Car,Changing Lanes,40,No,2015,MERCEDES-BENZ,C-CLASS,39.11473577,-77.18581513,2025,12,21
250055844,Injury Crash,12/13/2025 09:20:00 PM,NA,Pedestrian,"Sideswipe, Opposite Direction",Clear,NA,Medium,NA,ALCOHOL PRESENT,Yes,No Apparent Injury,NA,Not Distracted,MD,Sport Utility Vehicle,Moving Constant Speed,0,No,2013,CHEVROLET,TAHOE,39.04688293,-77.10553037,2025,12,21
250055841,Injury Crash,12/13/2025 09:15:00 PM,RESEARCH BLVD,NA,Angle,Rain,Wet,Medium,No Controls,NONE DETECTED,No,Possible Minor Injury,NA,Not Distracted,MD,Passenger Car,Turning Left,30,No,2022,JEEP,WRANGLER,39.0914983,-77.17860467,2025,12,21
250055841,Injury Crash,12/13/2025 09:15:00 PM,RESEARCH BLVD,NA,Angle,Rain,Wet,Medium,Stop Sign,NONE DETECTED,Yes,No Apparent Injury,NA,Not Distracted,MD,Van - Passenger (&lt;9 Seats),Turning Left,25,No,2023,CHRYSLER,PACIFICA,39.0914983,-77.17860467,2025,12,21
250055932,Property Damage Crash,12/13/2025 08:30:00 PM,NA,NA,"Sideswipe, Opposite Direction",Clear,NA,Medium,NA,NONE DETECTED,No,NA,NA,NA,NA,Passenger Car,Moving Constant Speed,0,No,2025,GMC,SAVANA,39.04090967,-76.985862,2025,12,20
250055830,Property Damage Crash,12/13/2025 06:37:00 PM,DARNESTOWN RD (WB/L),NA,Front to Rear,Clear,Dry,Medium,Traffic Control Signal,NONE DETECTED,Yes,No Apparent Injury,NA,Unknown,MD,Sport Utility Vehicle,Moving Constant Speed,40,No,2014,HONDA,ODYSSEY,39.10254783,-77.22004767,2025,12,18
250055830,Property Damage Crash,12/13/2025 06:37:00 PM,DARNESTOWN RD (WB/L),NA,Front to Rear,Clear,Dry,Medium,Traffic Control Signal,NONE DETECTED,No,No Apparent Injury,NA,Not Distracted,MD,Sport Utility Vehicle,Slowing or Stopping,40,No,2021,TOYOTA,HIGHLANDER,39.10254783,-77.22004767,2025,12,18
250055828,Injury Crash,12/13/2025 06:07:00 PM,NA,NA,Angle,Clear,Dry,Medium,Traffic Control Signal,DRUG AND ALCOHOL CONTRIBUTED,Yes,Possible Minor Injury,NA,Not Distracted,ME,Passenger Car,Accelerating,45,No,2018,MERCEDES-BENZ,C-CLASS,39.08283257,-76.94806122,2025,12,18
250055828,Injury Crash,12/13/2025 06:07:00 PM,NA,NA,Angle,Clear,Dry,Medium,Traffic Control Signal,NONE DETECTED,No,Possible Minor Injury,NA,Not Distracted,MD,Passenger Car,Slowing or Stopping,35,No,2022,TESLA,MODEL 3,39.08283257,-76.94806122,2025,12,18
250055828,Injury Crash,12/13/2025 06:07:00 PM,NA,NA,Angle,Clear,Dry,Medium,Traffic Control Signal,NONE DETECTED,No,Suspected Serious Injury,NA,Not Distracted,MD,Sport Utility Vehicle,Slowing or Stopping,35,No,2020,HONDA,CR-V,39.08283257,-76.94806122,2025,12,18
250055824,Property Damage Crash,12/13/2025 06:03:00 PM,SHAFTSBURY ST,NA,Front to Front,Clear,Dry,Medium,No Controls,NONE DETECTED,No,No Apparent Injury,NA,Not Distracted,MD,Passenger Car,Moving Constant Speed,25,No,2021,NISSAN,FRONTIER,39.03062533,-77.0783625,2025,12,18
250055824,Property Damage Crash,12/13/2025 06:03:00 PM,SHAFTSBURY ST,NA,Front to Front,Clear,Dry,Medium,No Controls,ALCOHOL PRESENT,No,No Apparent Injury,NA,"Other Action (looking away from task, etc.)",MD,Passenger Car,NA,25,No,2023,HYUNDAI,TUCSON,39.03062533,-77.0783625,2025,12,18
250055823,Property Damage Crash,12/13/2025 05:50:00 PM,HILDAROSE DR,NA,Angle,Clear,Dry,Dark,No Controls,NONE DETECTED,Yes,NA,NA,NA,NA,Sport Utility Vehicle,Turning Left,30,No,2023,FORD,F-450,39.02047344,-77.04464623,2025,12,17
250055823,Property Damage Crash,12/13/2025 05:50:00 PM,HILDAROSE DR,NA,Angle,Clear,Dry,Dark,No Controls,NONE DETECTED,No,No Apparent Injury,NA,Not Distracted,MD,Sport Utility Vehicle,Moving Constant Speed,30,No,2015,TOYOTA,TACOMA,39.02047344,-77.04464623,2025,12,17
250055820,Injury Crash,12/13/2025 05:45:00 PM,MONTGOMERY VILLAGE AVE (SB/L),NA,Angle,Clear,Dry,Medium,Traffic Control Signal,NONE DETECTED,No,No Apparent Injury,NA,Not Distracted,MD,Passenger Car,Stopped in Traffic,35,No,2016,NISSAN,ROGUE,39.1544282,-77.20917891,2025,12,17
250055820,Injury Crash,12/13/2025 05:45:00 PM,MONTGOMERY VILLAGE AVE (SB/L),NA,Angle,Clear,Dry,Medium,Traffic Control Signal,NONE DETECTED,No,Possible Minor Injury,NA,Not Distracted,MD,Passenger Car,Moving Constant Speed,35,No,2012,HONDA,CIVIC,39.1544282,-77.20917891,2025,12,17
250055820,Injury Crash,12/13/2025 05:45:00 PM,MONTGOMERY VILLAGE AVE (SB/L),NA,Angle,Clear,Dry,Medium,Traffic Control Signal,NONE DETECTED,Yes,No Apparent Injury,Failed to Yield Right-of-Way,Unknown,MD,Passenger Car,Turning Left,35,No,2020,TOYOTA,CAMRY,39.1544282,-77.20917891,2025,12,17
250055819,Injury Crash,12/13/2025 05:28:00 PM,GOSHEN RD,NA,Front to Front,Clear,Dry,Dark,No Controls,ALCOHOL PRESENT,Yes,No Apparent Injury,"Operated Motor Vehicle in Inattentive, Careless, Negligent, or Erratic Manner, Operated Motor Vehicle in Reckless or Aggressive Manner, Wrong Side",Unknown,MD,Sport Utility Vehicle,Moving Constant Speed,35,No,2019,HONDA,CR-V,39.16515267,-77.19187933,2025,12,17
250055819,Injury Crash,12/13/2025 05:28:00 PM,GOSHEN RD,NA,Front to Front,Clear,Dry,Dark,No Controls,NONE DETECTED,No,Possible Minor Injury,NA,Not Distracted,MD,Sport Utility Vehicle,Moving Constant Speed,35,No,2010,HONDA,CR-V,39.16515267,-77.19187933,2025,12,17
250055818,Property Damage Crash,12/13/2025 05:15:00 PM,NICHOLSON LA,NA,Angle,Clear,Dry,Medium,No Controls,NONE DETECTED,No,No Apparent Injury,NA,Not Distracted,MD,Passenger Car,Moving Constant Speed,35,No,2021,HONDA,CIVIC,39.04454717,-77.11207283,2025,12,17
250055818,Property Damage Crash,12/13/2025 05:15:00 PM,NICHOLSON LA,NA,Angle,Clear,Dry,Medium,No Controls,NONE DETECTED,No,No Apparent Injury,Failed to Yield Right-of-Way,Unknown,MD,Passenger Car,Entering Traffic Lane,35,No,2021,BMW,330I,39.04454717,-77.11207283,2025,12,17
250055814,Injury Crash,12/13/2025 04:50:00 PM,NA,NA,Angle,Clear,Dry,Medium,Traffic Control Signal,ALCOHOL PRESENT,Yes,No Apparent Injury,"Operated Motor Vehicle in Inattentive, Careless, Negligent, or Erratic Manner, Other Improper Action, Ran Red Light",Unknown,NA,Passenger Car,Moving Constant Speed,35,No,2016,FORD,MUSTANG,39.0181755,-77.20905517,2025,12,16
250055814,Injury Crash,12/13/2025 04:50:00 PM,NA,NA,Angle,Clear,Dry,Medium,Traffic Control Signal,NONE DETECTED,No,Possible Minor Injury,NA,Not Distracted,MD,Sport Utility Vehicle,Moving Constant Speed,35,No,2023,HONDA,CR-V,39.0181755,-77.20905517,2025,12,16
250055807,Property Damage Crash,12/13/2025 04:30:00 PM,NA,NA,Unknown,Clear,NA,Daylight,NA,NONE DETECTED,No,NA,NA,NA,NA,Sport Utility Vehicle,NA,0,No,2019,GMC,ACADIA,38.96244242,-77.08829704,2025,12,16
250055806,Property Damage Crash,12/13/2025 03:54:00 PM,DIAMONDBACK DR,NA,Front to Rear,Cloudy,Dry,Daylight,Traffic Control Signal,NONE DETECTED,No,No Apparent Injury,NA,Not Distracted,MD,Sport Utility Vehicle,Stopped in Traffic,25,No,2024,AUDI,Q5 E,39.11432229,-77.2093764,2025,12,15
250055806,Property Damage Crash,12/13/2025 03:54:00 PM,DIAMONDBACK DR,NA,Front to Rear,Cloudy,Dry,Daylight,Traffic Control Signal,NONE DETECTED,No,No Apparent Injury,NA,Unknown,MD,Passenger Car,Moving Constant Speed,25,No,2017,LEXUS,ES,39.11432229,-77.2093764,2025,12,15
250055801,Injury Crash,12/13/2025 03:40:00 PM,NA,NA,Front to Front,Clear,Dry,Daylight,Traffic Control Signal,NONE DETECTED,Yes,Possible Minor Injury,NA,Unknown,MD,Passenger Car,Moving Constant Speed,30,No,2012,NISSAN,ROGUE,39.17696213,-77.26425866,2025,12,15
250055801,Injury Crash,12/13/2025 03:40:00 PM,NA,NA,Front to Front,Clear,Dry,Daylight,Traffic Control Signal,NONE DETECTED,No,Possible Minor Injury,NA,Not Distracted,MD,Passenger Car,Moving Constant Speed,30,No,2018,TOYOTA,SIENNA,39.17696213,-77.26425866,2025,12,15
250055797,Property Damage Crash,12/13/2025 02:17:00 PM,COLESVILLE RD (SB/L),NA,Front to Rear,Clear,Dry,Daylight,Traffic Control Signal,NONE DETECTED,No,No Apparent Injury,NA,Not Distracted,MD,Bus - Transit,Stopped in Traffic,30,No,2024,GILLIG,CITY TRANSIT BUS,39.01957133,-77.0136505,2025,12,14
250055797,Property Damage Crash,12/13/2025 02:17:00 PM,COLESVILLE RD (SB/L),NA,Front to Rear,Clear,Dry,Daylight,Traffic Control Signal,NONE DETECTED,Yes,No Apparent Injury,Failed to Yield Right-of-Way,Not Distracted,MD,Passenger Car,Changing Lanes,30,No,2014,LEXUS,ES,39.01957133,-77.0136505,2025,12,14
250055786,Property Damage Crash,12/13/2025 01:28:00 PM,NA,NA,Angle,Clear,NA,Daylight,NA,NONE DETECTED,No,No Apparent Injury,NA,Not Distracted,MD,Passenger Car,Moving Constant Speed,0,No,2022,TOYOTA,COROLLA,39.03628039,-77.05763855,2025,12,13
250055786,Property Damage Crash,12/13/2025 01:28:00 PM,NA,NA,Angle,Clear,NA,Daylight,NA,NONE DETECTED,No,No Apparent Injury,NA,Not Distracted,MD,Passenger Car,Stopped in Traffic,0,No,2021,ACURA,RDX,39.03628039,-77.05763855,2025,12,13
250055786,Property Damage Crash,12/13/2025 01:28:00 PM,NA,NA,Angle,Clear,NA,Daylight,NA,NONE DETECTED,Yes,No Apparent Injury,NA,Not Distracted,MD,Passenger Car,Turning Left,0,No,2025,TOYOTA,CAMRY,39.03628039,-77.05763855,2025,12,13
250055783,Property Damage Crash,12/13/2025 12:49:00 PM,MOORLAND LA,NA,Angle,Clear,Dry,Daylight,No Controls,NONE DETECTED,No,No Apparent Injury,NA,Not Distracted,VA,Sport Utility Vehicle,Moving Constant Speed,25,No,2019,KIA,SORENTO,38.98590183,-77.103424,2025,12,12
250055783,Property Damage Crash,12/13/2025 12:49:00 PM,MOORLAND LA,NA,Angle,Clear,Dry,Daylight,Stop Sign,NONE DETECTED,Yes,No Apparent Injury,NA,Not Distracted,MD,Passenger Car,Accelerating,25,No,2014,NISSAN,MAXIMA,38.98590183,-77.103424,2025,12,12
250055757,Injury Crash,12/13/2025 12:40:00 PM,N PARK AVE,Unknown,Single Vehicle,Clear,Dry,Daylight,Other,NONE DETECTED,No,No Apparent Injury,NA,Not Distracted,MD,Passenger Car,Accelerating,25,No,2025,CHEVROLET,TRAX,38.96347735,-77.09140961,2025,12,12
250055796,Property Damage Crash,12/13/2025 12:00:00 PM,NORBECK RD,NA,Front to Rear,Cloudy,Dry,Daylight,No Controls,NONE DETECTED,No,No Apparent Injury,NA,Not Distracted,MD,Passenger Car,Stopped in Traffic,40,No,2021,ACURA,TLX,39.11884511,-77.0210672,2025,12,12
250055796,Property Damage Crash,12/13/2025 12:00:00 PM,NORBECK RD,NA,Front to Rear,Cloudy,Dry,Daylight,No Controls,NONE DETECTED,No,NA,NA,NA,NA,Van - Passenger (&lt;9 Seats),Moving Constant Speed,40,No,2006,TOYOTA,SIENNA,39.11884511,-77.0210672,2025,12,12
25002620,Property Damage Crash,12/13/2025 09:56:00 AM,SHOREFIELD RD,NA,Front to Rear,Clear,Dry,Daylight,Traffic Control Signal,NONE DETECTED,No,No Apparent Injury,NA,Not Distracted,MD,Pickup,Turning Left,25,No,2021,FORD,F-550,39.05303921,-77.05093336,2025,12,9
25002620,Property Damage Crash,12/13/2025 09:56:00 AM,SHOREFIELD RD,NA,Front to Rear,Clear,Dry,Daylight,Traffic Control Signal,NONE DETECTED,No,No Apparent Injury,NA,Not Distracted,MD,Passenger Car,Slowing or Stopping,25,No,2015,HONDA,ODYSSEY,39.05303921,-77.05093336,2025,12,9
250055759,Property Damage Crash,12/13/2025 08:53:00 AM,NA,NA,Rear To Rear,Clear,NA,Daylight,NA,NONE DETECTED,Yes,No Apparent Injury,Improper Backing,Not Distracted,MD,Passenger Car,Backing,0,No,2010,FORD,E-350,39.15322045,-77.15121551,2025,12,8
250055752,Injury Crash,12/13/2025 08:31:00 AM,EAST WEST HWY,NA,Front to Rear,Clear,Dry,Daylight,No Controls,NONE DETECTED,Yes,No Apparent Injury,"Followed Too Closely, Operated Motor Vehicle in Inattentive, Careless, Negligent, or Erratic Manner, Other Improper Action",Not Distracted,MD,Passenger Car,Moving Constant Speed,35,No,2023,NISSAN,VERSA,38.99512267,-77.03812717,2025,12,8
250055752,Injury Crash,12/13/2025 08:31:00 AM,EAST WEST HWY,NA,Front to Rear,Clear,Dry,Daylight,No Controls,NONE DETECTED,No,Possible Minor Injury,NA,Not Distracted,MD,Passenger Car,Slowing or Stopping,35,No,2012,HYUNDAI,ELANTRA,38.99512267,-77.03812717,2025,12,8
250055756,Property Damage Crash,12/13/2025 08:15:00 AM,S SUMMIT AVE,NA,Angle,Clear,Dry,Daylight,Stop Sign,NONE DETECTED,Yes,No Apparent Injury,NA,Unknown,MD,Passenger Car,Turning Left,15,No,2017,CHEVROLET,CRUZE,39.14113813,-77.19356583,2025,12,8
250055756,Property Damage Crash,12/13/2025 08:15:00 AM,S SUMMIT AVE,NA,Angle,Clear,Dry,Daylight,No Controls,NONE DETECTED,No,No Apparent Injury,NA,Not Distracted,MD,Passenger Car,Moving Constant Speed,25,No,2017,TOYOTA,COROLLA,39.14113813,-77.19356583,2025,12,8
250055750,Injury Crash,12/13/2025 07:30:00 AM,FREDERICK RD,NA,Rear To Side,Clear,Dry,Daylight,Stop Sign,NONE DETECTED,Yes,Possible Minor Injury,NA,Unknown,MD,Passenger Car,Turning Left,15,No,2012,TOYOTA,TACOMA,39.14456783,-77.20242967,2025,12,7
250055750,Injury Crash,12/13/2025 07:30:00 AM,FREDERICK RD,NA,Rear To Side,Clear,Dry,Daylight,Traffic Control Signal,NONE DETECTED,Yes,Possible Minor Injury,NA,Not Distracted,MD,Passenger Car,Moving Constant Speed,30,No,2001,ACURA,CL,39.14456783,-77.20242967,2025,12,7
250055745,Property Damage Crash,12/13/2025 04:31:00 AM,MIDCOUNTY HWY,NA,Single Vehicle,Clear,Dry,Dark,No Controls,NONE DETECTED,No,No Apparent Injury,NA,Unknown,MD,Passenger Car,Moving Constant Speed,50,No,2015,TOYOTA,SCION TC,39.15302785,-77.17812622,2025,12,4
250055746,Property Damage Crash,12/13/2025 04:25:00 AM,CASTLE BLVD,NA,Single Vehicle,Clear,Dry,Medium,No Controls,NONE DETECTED,No,NA,NA,NA,NA,Passenger Car,NA,30,No,2006,CHRYSLER,300,39.08505833,-76.9405235,2025,12,4
250055743,Injury Crash,12/13/2025 02:30:00 AM,NA,NA,Front to Front,Clear,Dry,Dark,No Controls,NONE DETECTED,No,Suspected Serious Injury,NA,Not Distracted,MD,Passenger Car,Moving Constant Speed,45,No,2006,PONTIAC,SOLSTICE,39.16509431,-77.16859916,2025,12,2
250055743,Injury Crash,12/13/2025 02:30:00 AM,NA,NA,Front to Front,Clear,Dry,Dark,No Controls,ALCOHOL PRESENT,Yes,No Apparent Injury,"Failed to Keep in Proper Lane, Operated Motor Vehicle in Inattentive, Careless, Negligent, or Erratic Manner, Wrong Side",Not Distracted,NA,Passenger Car,Moving Constant Speed,45,No,2006,HONDA,ODYSSEY,39.16509431,-77.16859916,2025,12,2
250055742,Property Damage Crash,12/13/2025 02:23:00 AM,LEATHERFERN TERR,NA,"Sideswipe, Same Direction",Clear,Dry,Medium,No Controls,NONE DETECTED,Yes,No Apparent Injury,NA,Unknown,NA,Passenger Car,Moving Constant Speed,10,No,1998,TOYOTA,COROLLA,39.15927633,-77.2070665,2025,12,2
250056679,Property Damage Crash,12/12/2025 11:39:00 PM,ARVIN ST,NA,Front to Rear,Clear,Dry,Dark,No Controls,NONE DETECTED,No,NA,NA,NA,NA,Sport Utility Vehicle,Backing,25,No,2023,GMC,YUKON XL,39.04782773,-77.0571638,2025,12,23
250055732,Property Damage Crash,12/12/2025 10:10:00 PM,WESTMORELAND CIR,NA,"Sideswipe, Same Direction",Clear,Dry,Medium,Other,NONE DETECTED,No,No Apparent Injury,NA,Not Distracted,MD,Passenger Car,Slowing or Stopping,20,No,2023,HONDA,ACCORD,38.94874292,-77.10142934,2025,12,22
250055732,Property Damage Crash,12/12/2025 10:10:00 PM,WESTMORELAND CIR,NA,"Sideswipe, Same Direction",Clear,Dry,Medium,Other,NONE DETECTED,No,NA,"Disregarded Other Road Markings, Failed to Keep in Proper Lane, Failed to Yield Right-of-Way, Operated Motor Vehicle in Inattentive, Careless, Negligent, or Erratic Manner",Unknown,NA,Passenger Car,Changing Lanes,20,No,2023,AUDI,A3,38.94874292,-77.10142934,2025,12,22
250055720,Property Damage Crash,12/12/2025 09:26:00 PM,PARK AVE,NA,Front to Rear,Clear,Dry,Medium,No Controls,ALCOHOL PRESENT,No,No Apparent Injury,NA,Not Distracted,WA,Pickup,Overtaking/Passing,25,No,2014,RAM,1500,39.14357176,-77.19501702,2025,12,21
250055720,Property Damage Crash,12/12/2025 09:26:00 PM,PARK AVE,NA,Front to Rear,Clear,Dry,Medium,No Controls,NONE DETECTED,No,No Apparent Injury,NA,Not Distracted,MD,Passenger Car,Parked,25,No,2006,HONDA,ACCORD,39.14357176,-77.19501702,2025,12,21
250055714,Injury Crash,12/12/2025 09:12:00 PM,NA,NA,Single Vehicle,Clear,Dry,Medium,No Controls,NONE DETECTED,Yes,No Apparent Injury,"Over-Correcting/Over-Steering, Too Fast For Conditions",Unknown,MD,Passenger Car,Accelerating,35,No,2023,TESLA,MODEL 3,39.04387819,-77.17954019,2025,12,21
250055710,Injury Crash,12/12/2025 09:00:00 PM,EAST WEST HWY,NA,Angle,Clear,Dry,Medium,No Controls,NONE DETECTED,No,No Apparent Injury,NA,Not Distracted,MD,Passenger Car,Moving Constant Speed,35,No,2025,HONDA,CIVIC,38.99173917,-77.03050169,2025,12,21
250055710,Injury Crash,12/12/2025 09:00:00 PM,EAST WEST HWY,NA,Angle,Clear,Dry,Medium,No Controls,NONE DETECTED,Yes,Possible Minor Injury,NA,Unknown,MD,Sport Utility Vehicle,Entering Traffic Lane,35,No,2015,TOYOTA,RAV4,38.99173917,-77.03050169,2025,12,21
250055706,Property Damage Crash,12/12/2025 08:55:00 PM,CLARIDGE RD,NA,"Sideswipe, Opposite Direction",Clear,Dry,Medium,No Controls,NONE DETECTED,Yes,No Apparent Injury,"Swerved or Avoided Due to Wind, Slippery Surface, Motor Vehicle, Object, Non-Motorist in Roadway, etc",Not Distracted,MD,Passenger Car,Moving Constant Speed,25,No,2014,FORD,FOCUS,39.049172,-77.068636,2025,12,20
250055708,Property Damage Crash,12/12/2025 08:27:00 PM,CARLTON LA,NA,"Sideswipe, Opposite Direction",Clear,Dry,Medium,No Controls,NONE DETECTED,Yes,No Apparent Injury,Other Improper Action,Unknown,MD,Other,Moving Constant Speed,25,No,2023,FREIGHTLINER,M2,38.95873145,-77.12003668,2025,12,20
250055699,Property Damage Crash,12/12/2025 07:46:00 PM,NA,NA,"Sideswipe, Same Direction",Clear,NA,Medium,NA,ALCOHOL PRESENT,Yes,No Apparent Injury,"Operated Motor Vehicle in Inattentive, Careless, Negligent, or Erratic Manner, Other Improper Action",Unknown,MD,Pickup,NA,0,No,2017,RAM,1500,39.20210648,-77.24607417,2025,12,19
250055692,Property Damage Crash,12/12/2025 06:45:00 PM,SNOUFFERS SCHOOL RD,NA,Front to Rear,Clear,Dry,Medium,Stop Sign,NONE DETECTED,Yes,No Apparent Injury,NA,Not Distracted,MD,Passenger Car,Turning Left,45,No,2014,KIA,SORENTO,39.1674505,-77.17350167,2025,12,18
250055692,Property Damage Crash,12/12/2025 06:45:00 PM,SNOUFFERS SCHOOL RD,NA,Front to Rear,Clear,Dry,Medium,No Controls,NONE DETECTED,No,No Apparent Injury,NA,Not Distracted,MD,Passenger Car,Moving Constant Speed,45,No,2007,TOYOTA,TUNDRA,39.1674505,-77.17350167,2025,12,18
250055691,Property Damage Crash,12/12/2025 06:31:00 PM,NA,NA,Front to Rear,Clear,Dry,Dark,Yield Sign,NONE DETECTED,Yes,No Apparent Injury,NA,"Other Action (looking away from task, etc.)",MD,Sport Utility Vehicle,Entering Traffic Lane,40,No,2012,JEEP,GRAND CHEROKEE,39.10973499,-77.07566617,2025,12,18
250055691,Property Damage Crash,12/12/2025 06:31:00 PM,NA,NA,Front to Rear,Clear,Dry,Dark,Yield Sign,NONE DETECTED,No,No Apparent Injury,NA,Not Distracted,MD,Sport Utility Vehicle,Entering Traffic Lane,40,No,2022,MERCEDES-BENZ,GLC-CLASS,39.10973499,-77.07566617,2025,12,18
250055682,Injury Crash,12/12/2025 06:02:00 PM,ROCKVILLE PIKE,NA,Front to Rear,Clear,Dry,Medium,Traffic Control Signal,NONE DETECTED,No,Possible Minor Injury,NA,Unknown,MD,Passenger Car,Moving Constant Speed,30,No,2024,TOYOTA,COROLLA,39.02228558,-77.10275344,2025,12,18
250055682,Injury Crash,12/12/2025 06:02:00 PM,ROCKVILLE PIKE,NA,Front to Rear,Clear,Dry,Medium,Traffic Control Signal,NONE DETECTED,No,No Apparent Injury,NA,Unknown,DC,Passenger Car,Moving Constant Speed,30,No,2015,TOYOTA,PRIUS,39.02228558,-77.10275344,2025,12,18