Local Case Number,ACRS Report Type,Crash Date/Time,Road Name,Related Non-Motorist,Collision Type,Weather,Surface Condition,Light,Traffic Control,Driver Substance Abuse,Driver At Fault,Injury Severity,Circumstance,Driver Distracted By,Drivers License State,Vehicle Body Type,Vehicle Movement,Speed Limit,Driverless Vehicle,Vehicle Year,Vehicle Make,Vehicle Model,Latitude,Longitude,Year,Month,Hour
250055507,Injury Crash,12/11/2025 01:50:00 PM,WISCONSIN AVE,Cyclist (non-electric),Single Vehicle,Clear,Dry,Daylight,No Controls,NONE DETECTED,No,No Apparent Injury,NA,Not Distracted,MD,Sport Utility Vehicle,Parked,30,No,2020,LEXUS,NX,38.96521065,-77.08766798,2025,12,13
250055444,Property Damage Crash,12/11/2025 01:40:00 PM,NA,NA,"Sideswipe, Same Direction",Clear,NA,Daylight,NA,NONE DETECTED,No,NA,Failed to Keep in Proper Lane,NA,NA,Passenger Car,Turning Right,0,No,2022,TESLA,MODEL Y,39.17088179,-77.26143007,2025,12,13
250055441,Property Damage Crash,12/11/2025 01:32:00 PM,SULLIVAN LA,NA,Front to Front,Clear,Dry,Daylight,Stop Sign,NONE DETECTED,No,No Apparent Injury,NA,Not Distracted,MD,Passenger Car,Slowing or Stopping,25,No,2003,TOYOTA,CAMRY,39.08497145,-77.04581191,2025,12,13
250055441,Property Damage Crash,12/11/2025 01:32:00 PM,SULLIVAN LA,NA,Front to Front,Clear,Dry,Daylight,No Controls,NONE DETECTED,No,No Apparent Injury,NA,Unknown,MD,Sport Utility Vehicle,Turning Right,25,No,2025,CHEVROLET,EQUINOX EV,39.08497145,-77.04581191,2025,12,13
250055434,Injury Crash,12/11/2025 12:19:00 PM,NEW HAMPSHIRE AVE (SB/L),NA,"Sideswipe, Same Direction",Clear,Dry,Daylight,Traffic Control Signal,NONE DETECTED,Yes,No Apparent Injury,Improper Turn,Not Distracted,MD,Passenger Car,Turning Left,35,No,2018,MOTOR COACH INDUSTRI,D4505,39.01161542,-76.97899087,2025,12,12
250055434,Injury Crash,12/11/2025 12:19:00 PM,NEW HAMPSHIRE AVE (SB/L),NA,"Sideswipe, Same Direction",Clear,Dry,Daylight,Traffic Control Signal,NONE DETECTED,No,Possible Minor Injury,NA,Not Distracted,MD,Passenger Car,Slowing or Stopping,35,No,2014,LEXUS,RX,39.01161542,-76.97899087,2025,12,12
250054459,Property Damage Crash,12/11/2025 09:27:00 AM,BUCKLEY DR,NA,Single Vehicle,Snow,Snow,Daylight,No Controls,NONE DETECTED,No,NA,NA,NA,NA,NA,Moving Constant Speed,20,No,0,NA,NA,39.06087062,-76.99642769,2025,12,9
250055401,Injury Crash,12/11/2025 09:20:00 AM,NA,Pedestrian,Single Vehicle,Clear,NA,Daylight,NA,NONE DETECTED,No,No Apparent Injury,NA,Not Distracted,MD,Passenger Car,Backing,0,No,2010,LEXUS,RX,38.98961667,-77.02578143,2025,12,9
250055389,Property Damage Crash,12/11/2025 08:09:00 AM,GERMANTOWN RD,NA,Front to Rear,Clear,Dry,Daylight,No Controls,NONE DETECTED,Yes,No Apparent Injury,Followed Too Closely,Talking/listening,MD,Passenger Car,Moving Constant Speed,45,No,2013,HYUNDAI,SONATA,39.19144875,-77.24535017,2025,12,8
250055389,Property Damage Crash,12/11/2025 08:09:00 AM,GERMANTOWN RD,NA,Front to Rear,Clear,Dry,Daylight,No Controls,NONE DETECTED,No,No Apparent Injury,NA,Not Distracted,MD,Sport Utility Vehicle,Slowing or Stopping,45,No,2017,JEEP,RENEGADE,39.19144875,-77.24535017,2025,12,8
250055388,Injury Crash,12/11/2025 08:09:00 AM,STARDRIFT DR (EB/L),NA,Angle,Cloudy,Dry,Daylight,No Controls,NONE DETECTED,No,Possible Minor Injury,NA,Not Distracted,MD,Sport Utility Vehicle,Moving Constant Speed,45,No,2017,NISSAN,ROGUE,39.20672667,-77.24668833,2025,12,8
250055388,Injury Crash,12/11/2025 08:09:00 AM,STARDRIFT DR (EB/L),NA,Angle,Cloudy,Dry,Daylight,No Controls,NONE DETECTED,Yes,No Apparent Injury,Failed to Yield Right-of-Way,Not Distracted,MD,Passenger Car,Turning Left,45,No,2012,KIA,FORTE,39.20672667,-77.24668833,2025,12,8
250055386,Property Damage Crash,12/11/2025 07:45:00 AM,NA,NA,Rear To Side,Clear,Dry,Daylight,Traffic Control Signal,NONE DETECTED,No,No Apparent Injury,NA,Not Distracted,MD,Passenger Car,Moving Constant Speed,30,No,2015,BMW,228I,39.15410367,-77.21424883,2025,12,7
250055386,Property Damage Crash,12/11/2025 07:45:00 AM,NA,NA,Rear To Side,Clear,Dry,Daylight,Traffic Control Signal,NONE DETECTED,No,No Apparent Injury,NA,Not Distracted,MD,Passenger Car,Moving Constant Speed,50,No,2015,NISSAN,VERSA,39.15410367,-77.21424883,2025,12,7
250055382,Injury Crash,12/11/2025 07:06:00 AM,NA,NA,Front to Rear,Clear,Dry,Medium,No Controls,NONE DETECTED,Yes,No Apparent Injury,"Followed Too Closely, Other Improper Action",Unknown,MD,Passenger Car,Moving Constant Speed,35,No,2013,FORD,ESCAPE,39.01394767,-77.09004933,2025,12,7
250055382,Injury Crash,12/11/2025 07:06:00 AM,NA,NA,Front to Rear,Clear,Dry,Medium,No Controls,NONE DETECTED,No,Possible Minor Injury,NA,Not Distracted,MD,Passenger Car,Slowing or Stopping,35,No,2015,FORD,FOCUS,39.01394767,-77.09004933,2025,12,7
250055377,Property Damage Crash,12/11/2025 04:10:00 AM,E GUDE DR (WB/L),NA,Angle,Clear,Dry,Medium,No Controls,NONE DETECTED,No,No Apparent Injury,NA,Not Distracted,MD,Pickup,Moving Constant Speed,35,No,2000,FORD,RANGER,39.09639333,-77.13446517,2025,12,4
250055377,Property Damage Crash,12/11/2025 04:10:00 AM,E GUDE DR (WB/L),NA,Angle,Clear,Dry,Medium,Stop Sign,NONE DETECTED,Yes,No Apparent Injury,Failed to Yield Right-of-Way,Unknown,MD,Pickup,Turning Left,35,No,2022,FORD,MAVERICK,39.09639333,-77.13446517,2025,12,4
250055376,Property Damage Crash,12/11/2025 03:08:00 AM,SLIGO CREEK PKWY,NA,Single Vehicle,Clear,Dry,Medium,Traffic Control Signal,ALCOHOL PRESENT,Yes,No Apparent Injury,Ran Red Light,Not Distracted,MD,Passenger Car,Moving Constant Speed,35,No,2011,FORD,F-150,38.98049015,-76.98952536,2025,12,3
250055373,Property Damage Crash,12/11/2025 02:23:00 AM,NA,NA,Single Vehicle,Clear,NA,Medium,NA,ALCOHOL PRESENT,Yes,No Apparent Injury,Other Improper Action,Unknown,MD,Passenger Car,Accelerating,0,No,2019,HYUNDAI,ELANTRA,39.07879902,-77.08017173,2025,12,2
250055366,Property Damage Crash,12/11/2025 12:37:00 AM,E RANDOLPH RD,NA,Angle,Clear,Dry,Medium,Traffic Control Signal,NONE DETECTED,Yes,No Apparent Injury,NA,"Other Action (looking away from task, etc.)",MD,Passenger Car,Moving Constant Speed,40,No,2015,HONDA,CIVIC,39.07582239,-77.00194133,2025,12,0
250055366,Property Damage Crash,12/11/2025 12:37:00 AM,E RANDOLPH RD,NA,Angle,Clear,Dry,Medium,Traffic Control Signal,NONE DETECTED,No,No Apparent Injury,NA,Not Distracted,MD,Passenger Car,Turning Left,40,No,2014,HONDA,ACCORD,39.07582239,-77.00194133,2025,12,0
250055354,Property Damage Crash,12/10/2025 10:23:00 PM,CLARKSBURG RD,NA,Single Vehicle,Cloudy,Wet,Dark,No Controls,NONE DETECTED,Yes,No Apparent Injury,Ran Off Roadway,Not Distracted,MD,Passenger Car,Moving Constant Speed,40,No,2006,TOYOTA,COROLLA,39.2640435,-77.281641,2025,12,22
250055312,Property Damage Crash,12/10/2025 09:48:00 PM,CONNECTICUT AVE,NA,"Sideswipe, Same Direction",Clear,Dry,Medium,No Controls,NONE DETECTED,Yes,No Apparent Injury,Failed to Keep in Proper Lane,Unknown,NA,Sport Utility Vehicle,Changing Lanes,35,No,2018,FORD,EXPLORER,39.08534371,-77.07476958,2025,12,21
250055312,Property Damage Crash,12/10/2025 09:48:00 PM,CONNECTICUT AVE,NA,"Sideswipe, Same Direction",Clear,Dry,Medium,No Controls,NONE DETECTED,No,No Apparent Injury,NA,Not Distracted,MD,Sport Utility Vehicle,Moving Constant Speed,35,No,2016,FORD,EXPLORER,39.08534371,-77.07476958,2025,12,21
250055337,Injury Crash,12/10/2025 08:40:00 PM,SHADY GROVE RD (SB/L),Pedestrian,Single Vehicle,Cloudy,Dry,Medium,Traffic Control Signal,NONE DETECTED,Yes,No Apparent Injury,NA,Not Distracted,MD,Passenger Car,Moving Constant Speed,35,No,2022,NISSAN,ROGUE SPORT,39.119198,-77.18246467,2025,12,20
250055335,Property Damage Crash,12/10/2025 08:30:00 PM,UNIVERSITY BLVD W,NA,Front to Rear,Clear,Dry,Medium,No Controls,NONE DETECTED,No,No Apparent Injury,Other Improper Action,Not Distracted,MD,Passenger Car,NA,20,No,2021,ACURA,ILX,39.03750174,-77.05954922,2025,12,20
250055335,Property Damage Crash,12/10/2025 08:30:00 PM,UNIVERSITY BLVD W,NA,Front to Rear,Clear,Dry,Medium,No Controls,NONE DETECTED,No,No Apparent Injury,Other Improper Action,Not Distracted,MD,Passenger Car,NA,20,No,2011,HONDA,CR-V,39.03750174,-77.05954922,2025,12,20
250055332,Property Damage Crash,12/10/2025 08:00:00 PM,LAYHILL RD (SB/L),NA,Front to Front,Clear,Dry,Dark,No Controls,NONE DETECTED,No,No Apparent Injury,NA,Not Distracted,MD,Passenger Car,Moving Constant Speed,35,No,2022,THOMAS BUILT,HDX,39.074837,-77.04570446,2025,12,20
250055332,Property Damage Crash,12/10/2025 08:00:00 PM,LAYHILL RD (SB/L),NA,Front to Front,Clear,Dry,Dark,No Controls,NONE DETECTED,Yes,No Apparent Injury,Failed to Yield Right-of-Way,Not Distracted,MD,Passenger Car,Turning Left,35,No,2014,MAZDA,CX-9,39.074837,-77.04570446,2025,12,20
250055338,Property Damage Crash,12/10/2025 07:50:00 PM,OLD GEORGETOWN RD (SB/L),NA,Front to Rear,Clear,Dry,Medium,Traffic Control Signal,NONE DETECTED,No,NA,NA,NA,NA,Passenger Car,Slowing or Stopping,40,No,2002,TOYOTA,CAMRY,39.04488951,-77.12052362,2025,12,19
250055338,Property Damage Crash,12/10/2025 07:50:00 PM,OLD GEORGETOWN RD (SB/L),NA,Front to Rear,Clear,Dry,Medium,Traffic Control Signal,NONE DETECTED,No,No Apparent Injury,NA,Not Distracted,MD,Passenger Car,Slowing or Stopping,40,No,2025,HYUNDAI,ELANTRA N,39.04488951,-77.12052362,2025,12,19
250055321,Injury Crash,12/10/2025 07:27:00 PM,COLLEGE PKWY,NA,Angle,Clear,Dry,Medium,Traffic Control Signal,NONE DETECTED,No,No Apparent Injury,Other Improper Action,Unknown,MD,Passenger Car,Moving Constant Speed,35,No,2026,CHEVROLET,TRAVERSE,39.10337843,-77.15602789,2025,12,19
250055321,Injury Crash,12/10/2025 07:27:00 PM,COLLEGE PKWY,NA,Angle,Clear,Dry,Medium,Traffic Control Signal,NONE DETECTED,No,Possible Minor Injury,Other Improper Action,Unknown,MD,Passenger Car,Turning Left,35,No,2004,HONDA,PILOT,39.10337843,-77.15602789,2025,12,19
250055313,Injury Crash,12/10/2025 06:36:00 PM,VEIRS MILL RD,NA,"Sideswipe, Opposite Direction",Clear,Dry,Medium,Stop Sign,NONE DETECTED,No,Possible Minor Injury,"Failed to Yield Right-of-Way, Other Improper Action",Unknown,MD,Passenger Car,Entering Traffic Lane,35,No,2012,HYUNDAI,SONATA,39.07445117,-77.11426233,2025,12,18
250055313,Injury Crash,12/10/2025 06:36:00 PM,VEIRS MILL RD,NA,"Sideswipe, Opposite Direction",Clear,Dry,Medium,No Controls,NONE DETECTED,No,No Apparent Injury,Other Improper Action,Unknown,NA,Passenger Car,Moving Constant Speed,35,No,2004,KIA,OPTIMA,39.07445117,-77.11426233,2025,12,18
250055307,Property Damage Crash,12/10/2025 06:29:00 PM,NEW HAMPSHIRE AVE,NA,"Sideswipe, Same Direction",Clear,Dry,Medium,No Controls,NONE DETECTED,No,No Apparent Injury,NA,Not Distracted,MD,Passenger Car,Stopped in Traffic,40,No,2010,TOYOTA,CAMRY,39.02255035,-76.97747768,2025,12,18
250055307,Property Damage Crash,12/10/2025 06:29:00 PM,NEW HAMPSHIRE AVE,NA,"Sideswipe, Same Direction",Clear,Dry,Medium,No Controls,NONE DETECTED,No,No Apparent Injury,NA,Not Distracted,MD,Sport Utility Vehicle,Stopped in Traffic,40,No,2017,JEEP,RENEGADE,39.02255035,-76.97747768,2025,12,18
250055307,Property Damage Crash,12/10/2025 06:29:00 PM,NEW HAMPSHIRE AVE,NA,"Sideswipe, Same Direction",Clear,Dry,Medium,No Controls,NONE DETECTED,Yes,No Apparent Injury,Improper Passing,Not Distracted,MD,Passenger Car,Overtaking/Passing,40,No,2021,TESLA,MODEL 3,39.02255035,-76.97747768,2025,12,18
250055309,Property Damage Crash,12/10/2025 06:13:00 PM,WINDHAM LA,NA,"Sideswipe, Same Direction",Clear,Dry,Medium,Traffic Control Signal,NONE DETECTED,Yes,No Apparent Injury,NA,Not Distracted,VA,Passenger Car,Turning Right,35,No,2004,HONDA,CIVIC,39.03192539,-77.04842094,2025,12,18
250055320,Property Damage Crash,12/10/2025 06:13:00 PM,NEW HAMPSHIRE AVE (SB/L),NA,Front to Front,Clear,Dry,Medium,No Controls,NONE DETECTED,Yes,No Apparent Injury,Wrong Side,Not Distracted,MD,Passenger Car,Accelerating,40,No,2021,TESLA,MODEL 3,39.02449764,-76.97955103,2025,12,18
250055320,Property Damage Crash,12/10/2025 06:13:00 PM,NEW HAMPSHIRE AVE (SB/L),NA,Front to Front,Clear,Dry,Medium,No Controls,NONE DETECTED,No,No Apparent Injury,NA,Not Distracted,MD,Sport Utility Vehicle,Slowing or Stopping,40,No,2020,JEEP,WRANGLER,39.02449764,-76.97955103,2025,12,18
250055309,Property Damage Crash,12/10/2025 06:13:00 PM,WINDHAM LA,NA,"Sideswipe, Same Direction",Clear,Dry,Medium,Traffic Control Signal,NONE DETECTED,No,No Apparent Injury,NA,Not Distracted,DC,Bus - Transit,Moving Constant Speed,35,No,2020,GILLIG,CITY TRANSIT BUS,39.03192539,-77.04842094,2025,12,18
250055320,Property Damage Crash,12/10/2025 06:13:00 PM,NEW HAMPSHIRE AVE (SB/L),NA,Front to Front,Clear,Dry,Medium,No Controls,NONE DETECTED,No,No Apparent Injury,NA,Not Distracted,MD,Pickup,Stopped in Traffic,40,No,2021,FORD,F-150,39.02449764,-76.97955103,2025,12,18
250055315,Property Damage Crash,12/10/2025 06:05:00 PM,ROCKVILLE PIKE (SB/L),NA,Front to Rear,Clear,Dry,Medium,No Controls,NONE DETECTED,No,No Apparent Injury,NA,Not Distracted,MD,Sport Utility Vehicle,Slowing or Stopping,35,No,2020,HONDA,CR-V,39.02664867,-77.10376167,2025,12,18
250055315,Property Damage Crash,12/10/2025 06:05:00 PM,ROCKVILLE PIKE (SB/L),NA,Front to Rear,Clear,Dry,Medium,No Controls,NONE DETECTED,No,NA,NA,NA,NA,NA,Slowing or Stopping,35,No,0,NA,NA,39.02664867,-77.10376167,2025,12,18
250055315,Property Damage Crash,12/10/2025 06:05:00 PM,ROCKVILLE PIKE (SB/L),NA,Front to Rear,Clear,Dry,Medium,No Controls,NONE DETECTED,Yes,No Apparent Injury,NA,Unknown,MD,Passenger Car,Slowing or Stopping,35,No,2015,HYUNDAI,VELOSTER,39.02664867,-77.10376167,2025,12,18
250055315,Property Damage Crash,12/10/2025 06:05:00 PM,ROCKVILLE PIKE (SB/L),NA,Front to Rear,Clear,Dry,Medium,No Controls,NONE DETECTED,No,No Apparent Injury,NA,Not Distracted,MD,Passenger Car,Slowing or Stopping,35,No,2005,PONTIAC,VIBE,39.02664867,-77.10376167,2025,12,18
250055305,Property Damage Crash,12/10/2025 05:51:00 PM,WISTERIA DR,NA,"Sideswipe, Same Direction",Clear,Dry,Medium,Stop Sign,NONE DETECTED,No,NA,NA,NA,NA,Passenger Car,Accelerating,15,No,2017,CADILLAC,ATS,39.17755284,-77.27116251,2025,12,17
250055305,Property Damage Crash,12/10/2025 05:51:00 PM,WISTERIA DR,NA,"Sideswipe, Same Direction",Clear,Dry,Medium,Stop Sign,NONE DETECTED,No,No Apparent Injury,NA,Not Distracted,MD,Passenger Car,Entering Traffic Lane,15,No,2016,BMW,X3,39.17755284,-77.27116251,2025,12,17
250055294,Injury Crash,12/10/2025 05:33:00 PM,TREETOP DR,NA,Angle,Clear,Dry,Medium,Stop Sign,NONE DETECTED,No,No Apparent Injury,NA,Unknown,DC,Passenger Car,Accelerating,35,No,2019,JEEP,COMPASS,39.05886298,-76.96939559,2025,12,17
250055301,Property Damage Crash,12/10/2025 05:33:00 PM,WOODMONT AVE,NA,"Sideswipe, Same Direction",Clear,Dry,Daylight,Traffic Control Signal,NONE DETECTED,No,NA,NA,NA,NA,Sport Utility Vehicle,Stopped in Traffic,35,No,0,NA,NA,38.98472584,-77.09671283,2025,12,17
250055294,Injury Crash,12/10/2025 05:33:00 PM,TREETOP DR,NA,Angle,Clear,Dry,Medium,Stop Sign,NONE DETECTED,No,Possible Minor Injury,NA,Unknown,MD,Passenger Car,Accelerating,35,No,2013,HONDA,CIVIC,39.05886298,-76.96939559,2025,12,17
250055301,Property Damage Crash,12/10/2025 05:33:00 PM,WOODMONT AVE,NA,"Sideswipe, Same Direction",Clear,Dry,Daylight,Traffic Control Signal,NONE DETECTED,Yes,No Apparent Injury,"Improper Turn, Other Improper Action",Unknown,MD,Bus - Transit,Turning Left,35,No,2010,NEW FLYER,LOW FLOOR - ADVANCED STYLE,38.98472584,-77.09671283,2025,12,17
250055304,Injury Crash,12/10/2025 05:30:00 PM,CONNECTICUT AVE (SB/L),Pedestrian,Single Vehicle,Clear,Dry,Medium,No Controls,NONE DETECTED,No,Suspected Serious Injury,NA,Not Distracted,MD,Passenger Car,Moving Constant Speed,35,No,2020,AUDI,Q3,39.04407399,-77.07621588,2025,12,17
250055288,Property Damage Crash,12/10/2025 05:10:00 PM,UNIVERSITY BLVD W,NA,Front to Rear,Clear,Dry,Medium,No Controls,NONE DETECTED,No,No Apparent Injury,NA,Not Distracted,MD,Sport Utility Vehicle,Stopped in Traffic,35,No,2017,TOYOTA,RAV4,39.03648283,-77.03301817,2025,12,17
250055288,Property Damage Crash,12/10/2025 05:10:00 PM,UNIVERSITY BLVD W,NA,Front to Rear,Clear,Dry,Medium,No Controls,NONE DETECTED,No,NA,NA,NA,NA,Sport Utility Vehicle,Moving Constant Speed,35,No,2002,DODGE,DURANGO,39.03648283,-77.03301817,2025,12,17
250055283,Property Damage Crash,12/10/2025 05:00:00 PM,NA,NA,Other,Clear,NA,Medium,NA,NONE DETECTED,Yes,No Apparent Injury,NA,Unknown,MD,Bus - School,Backing,0,No,2016,THOMAS BUILT,HDX,39.04169183,-76.99386663,2025,12,17
250055298,Property Damage Crash,12/10/2025 04:55:00 PM,BALANTRE LA,NA,"Sideswipe, Same Direction",Clear,Dry,Dark,No Controls,NONE DETECTED,Yes,No Apparent Injury,Improper Passing,Not Distracted,MD,Bus - School,Overtaking/Passing,25,No,2024,FREIGHTLINER,B2 BUS CHASSIS,39.04036117,-77.2216975,2025,12,16
250055256,Injury Crash,12/10/2025 03:30:00 PM,NA,NA,Angle,Rain,Wet,Daylight,No Controls,NONE DETECTED,No,Possible Minor Injury,NA,Not Distracted,MD,Passenger Car,Moving Constant Speed,35,No,2014,HONDA,ACCORD,39.03334633,-77.2370845,2025,12,15
250055256,Injury Crash,12/10/2025 03:30:00 PM,NA,NA,Angle,Rain,Wet,Daylight,No Controls,NONE DETECTED,No,No Apparent Injury,NA,Not Distracted,VA,Other,Changing Lanes,35,No,2014,CHEVROLET,EXPRESS,39.03334633,-77.2370845,2025,12,15
250055266,Property Damage Crash,12/10/2025 03:17:00 PM,WISCONSIN AVE,NA,"Sideswipe, Same Direction",Cloudy,Dry,Daylight,Traffic Control Signal,NONE DETECTED,No,No Apparent Injury,NA,Not Distracted,VA,Passenger Car,Stopped in Traffic,30,No,2014,HONDA,CIVIC,38.96184108,-77.08612647,2025,12,15
250055266,Property Damage Crash,12/10/2025 03:17:00 PM,WISCONSIN AVE,NA,"Sideswipe, Same Direction",Cloudy,Dry,Daylight,Traffic Control Signal,NONE DETECTED,Yes,No Apparent Injury,NA,Not Distracted,DC,Bus - Transit,Accelerating,30,No,2023,NEW FLYER,XCELSIOR,38.96184108,-77.08612647,2025,12,15
250055297,Property Damage Crash,12/10/2025 03:00:00 PM,NA,NA,Front to Rear,Clear,NA,Daylight,NA,NONE DETECTED,No,NA,NA,NA,NA,Passenger Car,Parked,0,No,2014,HYUNDAI,ELANTRA,38.9930294,-77.1067536,2025,12,15
250055297,Property Damage Crash,12/10/2025 03:00:00 PM,NA,NA,Front to Rear,Clear,NA,Daylight,NA,NONE DETECTED,Yes,No Apparent Injury,Improper Backing,Unknown,MD,Passenger Car,Backing,0,No,2021,SUBARU,FORESTER,38.9930294,-77.1067536,2025,12,15
250055250,Injury Crash,12/10/2025 02:55:00 PM,NA,NA,Front to Front,Cloudy,NA,Daylight,NA,NONE DETECTED,No,No Apparent Injury,NA,Not Distracted,MD,Van - Passenger (&lt;9 Seats),Parked,0,No,2017,DODGE,GRAND CARAVAN,39.14193833,-77.22279283,2025,12,14
250055250,Injury Crash,12/10/2025 02:55:00 PM,NA,NA,Front to Front,Cloudy,NA,Daylight,NA,NONE DETECTED,No,No Apparent Injury,NA,Not Distracted,MD,Sport Utility Vehicle,Accelerating,0,No,2008,LEXUS,RX,39.14193833,-77.22279283,2025,12,14
250055268,Property Damage Crash,12/10/2025 02:00:00 PM,FOX ST,NA,"Sideswipe, Same Direction",Clear,Dry,Daylight,No Controls,NONE DETECTED,No,No Apparent Injury,NA,Not Distracted,MD,Passenger Car,Slowing or Stopping,25,No,2021,FORD,EXPLORER,39.0081729,-76.97966832,2025,12,14
250055268,Property Damage Crash,12/10/2025 02:00:00 PM,FOX ST,NA,"Sideswipe, Same Direction",Clear,Dry,Daylight,No Controls,NONE DETECTED,Yes,No Apparent Injury,Other Improper Action,Not Distracted,MD,Passenger Car,Accelerating,25,No,2002,FORD,F-150,39.0081729,-76.97966832,2025,12,14
250055233,Injury Crash,12/10/2025 01:00:00 PM,NA,NA,Single Vehicle,Cloudy,NA,Daylight,NA,NONE DETECTED,No,Possible Minor Injury,NA,Not Distracted,MD,Sport Utility Vehicle,Slowing or Stopping,0,No,2019,CADILLAC,ESCALADE,39.03122858,-77.07476651,2025,12,13
250055222,Injury Crash,12/10/2025 12:27:00 PM,VEIRS MILL RD,Pedestrian,Single Vehicle,Cloudy,Dry,Daylight,No Controls,NONE DETECTED,No,No Apparent Injury,NA,Not Distracted,DC,Passenger Car,Moving Constant Speed,35,No,2000,SUBARU,LEGACY,39.04045525,-77.05642646,2025,12,12
250055215,Property Damage Crash,12/10/2025 11:49:00 AM,GEORGIA AVE,NA,"Sideswipe, Same Direction",Clear,Dry,Daylight,Lane Use Control Signal,NONE DETECTED,No,NA,NA,NA,NA,Passenger Car,Overtaking/Passing,30,No,2008,CHEVROLET,EXPRESS,39.00974776,-77.04062817,2025,12,11
250055215,Property Damage Crash,12/10/2025 11:49:00 AM,GEORGIA AVE,NA,"Sideswipe, Same Direction",Clear,Dry,Daylight,Lane Use Control Signal,NONE DETECTED,No,No Apparent Injury,NA,Not Distracted,MD,Passenger Car,Moving Constant Speed,30,No,2007,TOYOTA,CAMRY,39.00974776,-77.04062817,2025,12,11
250055211,Injury Crash,12/10/2025 11:35:00 AM,VEIRS MILL RD (WB/L),NA,Angle,Cloudy,Dry,Daylight,Stop Sign,NONE DETECTED,Yes,No Apparent Injury,NA,Not Distracted,MD,Sport Utility Vehicle,Entering Traffic Lane,35,No,2013,NISSAN,ROGUE,39.07552929,-77.11722144,2025,12,11
250055211,Injury Crash,12/10/2025 11:35:00 AM,VEIRS MILL RD (WB/L),NA,Angle,Cloudy,Dry,Daylight,No Controls,NONE DETECTED,No,Possible Minor Injury,NA,Not Distracted,MD,Passenger Car,Moving Constant Speed,35,No,2023,TOYOTA,CROWN,39.07552929,-77.11722144,2025,12,11
250055243,Property Damage Crash,12/10/2025 11:35:00 AM,NA,NA,Other,Cloudy,NA,Daylight,NA,NONE DETECTED,No,No Apparent Injury,NA,Not Distracted,MD,Passenger Car,Backing,0,No,2014,DODGE,CHARGER,39.06636226,-77.15988321,2025,12,11
250055209,Property Damage Crash,12/10/2025 11:30:00 AM,NA,NA,Unknown,Clear,NA,Daylight,NA,NONE DETECTED,No,No Apparent Injury,NA,NA,NA,Passenger Car,NA,0,No,2003,GMC,YUKON,39.06113023,-77.05152069,2025,12,11
250055202,Property Damage Crash,12/10/2025 10:31:00 AM,RAMP 7 FR RAMP 2 (FR IS 495) TO MD 97 SB,NA,"Sideswipe, Same Direction",Clear,Dry,Daylight,Traffic Control Signal,NONE DETECTED,No,No Apparent Injury,Failed to Yield Right-of-Way,Not Distracted,VA,Pickup,Turning Left,35,No,2022,FORD,F-150,39.01394233,-77.04214641,2025,12,10
250055202,Property Damage Crash,12/10/2025 10:31:00 AM,RAMP 7 FR RAMP 2 (FR IS 495) TO MD 97 SB,NA,"Sideswipe, Same Direction",Clear,Dry,Daylight,Traffic Control Signal,NONE DETECTED,No,No Apparent Injury,"Operated Motor Vehicle in Inattentive, Careless, Negligent, or Erratic Manner",Not Distracted,MD,Single-Unit Truck,Slowing or Stopping,35,No,2021,PETERBILT,337,39.01394233,-77.04214641,2025,12,10
250055201,Property Damage Crash,12/10/2025 10:01:00 AM,MUDDY BRANCH RD (SB/L),NA,Front to Rear,Cloudy,Dry,Daylight,Other,NONE DETECTED,No,No Apparent Injury,NA,Unknown,MD,Van - Cargo,Moving Constant Speed,40,No,2024,FORD,TRANSIT,39.10597263,-77.21944145,2025,12,10
250055201,Property Damage Crash,12/10/2025 10:01:00 AM,MUDDY BRANCH RD (SB/L),NA,Front to Rear,Cloudy,Dry,Daylight,Other,NONE DETECTED,No,No Apparent Injury,NA,Unknown,MD,Passenger Car,Moving Constant Speed,40,No,2015,VOLKSWAGEN,PASSAT,39.10597263,-77.21944145,2025,12,10