Local Case Number,ACRS Report Type,Crash Date/Time,Road Name,Related Non-Motorist,Collision Type,Weather,Surface Condition,Light,Traffic Control,Driver Substance Abuse,Driver At Fault,Injury Severity,Circumstance,Driver Distracted By,Drivers License State,Vehicle Body Type,Vehicle Movement,Speed Limit,Driverless Vehicle,Vehicle Year,Vehicle Make,Vehicle Model,Latitude,Longitude,Year,Month,Hour
250055193,Property Damage Crash,12/10/2025 09:25:00 AM,MUNCASTER MILL RD (WB/L),NA,"Sideswipe, Same Direction",Clear,Dry,Daylight,Traffic Control Signal,NONE DETECTED,Yes,No Apparent Injury,Failed to Keep in Proper Lane,Unknown,MD,Passenger Car,Turning Left,35,No,2015,HONDA,ACCORD,39.14876165,-77.14692595,2025,12,9
250055193,Property Damage Crash,12/10/2025 09:25:00 AM,MUNCASTER MILL RD (WB/L),NA,"Sideswipe, Same Direction",Clear,Dry,Daylight,Traffic Control Signal,NONE DETECTED,No,No Apparent Injury,NA,Not Distracted,MD,Other Trucks,Accelerating,35,No,2013,FREIGHTLINER,M2,39.14876165,-77.14692595,2025,12,9
250055183,Property Damage Crash,12/10/2025 09:08:00 AM,SOTWEED DR,NA,Single Vehicle,Cloudy,Dry,Daylight,No Controls,NONE DETECTED,Yes,No Apparent Injury,NA,Not Distracted,MD,Bus - School,Accelerating,15,No,2017,THOMAS BUILT,HDX,39.01417772,-77.20072157,2025,12,9
250055178,Property Damage Crash,12/10/2025 09:00:00 AM,OLNEY SANDY SPRING RD (WB/L),NA,Angle,Clear,Dry,Daylight,Traffic Control Signal,NONE DETECTED,No,No Apparent Injury,NA,Not Distracted,MD,Sport Utility Vehicle,Moving Constant Speed,30,No,2024,FORD,EXPEDITION MAX,39.15318567,-77.06695683,2025,12,9
250055178,Property Damage Crash,12/10/2025 09:00:00 AM,OLNEY SANDY SPRING RD (WB/L),NA,Angle,Clear,Dry,Daylight,Traffic Control Signal,NONE DETECTED,No,No Apparent Injury,NA,Not Distracted,MD,Other Trucks,Moving Constant Speed,30,No,2009,FORD,F-550,39.15318567,-77.06695683,2025,12,9
250055174,Property Damage Crash,12/10/2025 08:45:00 AM,DEMOCRACY BLVD (EB/L),NA,Front to Rear,Cloudy,Dry,Daylight,Traffic Control Signal,NONE DETECTED,No,No Apparent Injury,NA,Not Distracted,MD,Passenger Car,Slowing or Stopping,35,No,2008,HONDA,ACCORD,39.02474948,-77.12531781,2025,12,8
250055174,Property Damage Crash,12/10/2025 08:45:00 AM,DEMOCRACY BLVD (EB/L),NA,Front to Rear,Cloudy,Dry,Daylight,Traffic Control Signal,NONE DETECTED,Yes,No Apparent Injury,NA,Not Distracted,MD,Passenger Car,Slowing or Stopping,35,No,2017,FORD,TAURUS,39.02474948,-77.12531781,2025,12,8
250055166,Property Damage Crash,12/10/2025 08:42:00 AM,NA,NA,Single Vehicle,Clear,NA,Daylight,NA,NONE DETECTED,No,No Apparent Injury,NA,Not Distracted,MD,Bus - School,Backing,0,No,2016,THOMAS BUILT,HDX,39.13556262,-77.19385746,2025,12,8
250055157,Property Damage Crash,12/10/2025 06:45:00 AM,CRYSTAL ROCK DR,NA,Front to Rear,Clear,Dry,Medium,No Controls,NONE DETECTED,Yes,No Apparent Injury,"Swerved or Avoided Due to Wind, Slippery Surface, Motor Vehicle, Object, Non-Motorist in Roadway, etc",Not Distracted,MD,Passenger Car,Moving Constant Speed,30,No,2023,CHEVROLET,MALIBU,39.1959165,-77.272554,2025,12,6
250055151,Property Damage Crash,12/10/2025 03:35:00 AM,WATKINS RD,NA,Single Vehicle,Clear,Dry,Dark,No Controls,NONE DETECTED,No,No Apparent Injury,NA,NA,NA,Pickup,Moving Constant Speed,35,No,2003,DODGE,RAM,39.23891733,-77.21299917,2025,12,3
250055149,Property Damage Crash,12/10/2025 02:45:00 AM,NA,NA,Single Vehicle,Clear,NA,Medium,NA,NONE DETECTED,No,No Apparent Injury,NA,"Other Action (looking away from task, etc.)",MD,Sport Utility Vehicle,Accelerating,0,No,2016,FORD,EXPLORER,39.16163006,-77.15948179,2025,12,2
250055146,Property Damage Crash,12/09/2025 11:22:00 PM,RAMP 1 FR RAMP 4 (FR IS270) TO MD 189 WB,NA,"Sideswipe, Same Direction",Clear,Dry,Dark,Traffic Control Signal,NONE DETECTED,No,No Apparent Injury,NA,Not Distracted,MD,Passenger Car,Moving Constant Speed,30,No,2006,NISSAN,FRONTIER,39.07402256,-77.1643425,2025,12,23
250055146,Property Damage Crash,12/09/2025 11:22:00 PM,RAMP 1 FR RAMP 4 (FR IS270) TO MD 189 WB,NA,"Sideswipe, Same Direction",Clear,Dry,Dark,Traffic Control Signal,NONE DETECTED,Yes,No Apparent Injury,NA,Not Distracted,MD,Passenger Car,Moving Constant Speed,30,No,2019,LEXUS,RX,39.07402256,-77.1643425,2025,12,23
250058307,Property Damage Crash,12/09/2025 10:00:00 PM,NA,NA,Rear To Rear,Clear,NA,Medium,NA,NONE DETECTED,No,NA,NA,NA,NA,NA,Backing,0,No,0,NA,NA,39.02803044,-77.14478357,2025,12,22
250055128,Property Damage Crash,12/09/2025 08:41:00 PM,NA,NA,Single Vehicle,Clear,Dry,Medium,No Controls,NONE DETECTED,Yes,No Apparent Injury,"Operated Motor Vehicle in Inattentive, Careless, Negligent, or Erratic Manner",Not Distracted,MD,Passenger Car,Moving Constant Speed,40,No,2008,TOYOTA,AVALON,39.06948832,-76.96147885,2025,12,20
250055116,Property Damage Crash,12/09/2025 06:07:00 PM,NA,NA,Front to Rear,Clear,Dry,Medium,Yield Sign,NONE DETECTED,Yes,No Apparent Injury,NA,Unknown,MD,Passenger Car,Negotiating a Curve,40,No,2009,HYUNDAI,SONATA,39.16293,-77.28267333,2025,12,18
250055116,Property Damage Crash,12/09/2025 06:07:00 PM,NA,NA,Front to Rear,Clear,Dry,Medium,Yield Sign,NONE DETECTED,No,No Apparent Injury,NA,Not Distracted,MD,Passenger Car,Slowing or Stopping,40,No,2015,ACURA,RDX,39.16293,-77.28267333,2025,12,18
250055106,Property Damage Crash,12/09/2025 05:54:00 PM,NA,NA,Angle,Clear,Dry,Medium,No Controls,NONE DETECTED,No,No Apparent Injury,NA,Unknown,MD,Sport Utility Vehicle,Moving Constant Speed,25,No,2018,HONDA,CR-V,38.988058,-77.09941033,2025,12,17
250055106,Property Damage Crash,12/09/2025 05:54:00 PM,NA,NA,Angle,Clear,Dry,Medium,Stop Sign,NONE DETECTED,Yes,No Apparent Injury,Failed to Yield Right-of-Way,Unknown,DC,Motorcycle - 2 Wheeled,Accelerating,25,No,2024,ZHILONG,CLICK,38.988058,-77.09941033,2025,12,17
250055100,Injury Crash,12/09/2025 05:37:00 PM,GREAT SENECA HWY,NA,Angle,Clear,Dry,Medium,No Controls,NONE DETECTED,Yes,No Apparent Injury,NA,Not Distracted,MD,Passenger Car,Turning Left,35,No,2003,CHEVROLET,MALIBU,39.15714,-77.27565167,2025,12,17
250055100,Injury Crash,12/09/2025 05:37:00 PM,GREAT SENECA HWY,NA,Angle,Clear,Dry,Medium,No Controls,NONE DETECTED,No,No Apparent Injury,NA,Not Distracted,MD,Passenger Car,Moving Constant Speed,35,No,2016,TOYOTA,COROLLA,39.15714,-77.27565167,2025,12,17
250055086,Property Damage Crash,12/09/2025 04:58:00 PM,FREDERICK RD,NA,Front to Rear,Clear,Dry,Dark,No Controls,NONE DETECTED,No,NA,NA,NA,NA,Autocycle,Slowing or Stopping,35,No,0,NA,NA,39.11454466,-77.16419511,2025,12,16
250055086,Property Damage Crash,12/09/2025 04:58:00 PM,FREDERICK RD,NA,Front to Rear,Clear,Dry,Dark,No Controls,NONE DETECTED,No,No Apparent Injury,NA,Not Distracted,MD,Passenger Car,Slowing or Stopping,35,No,2007,TOYOTA,COROLLA,39.11454466,-77.16419511,2025,12,16
250055083,Property Damage Crash,12/09/2025 04:44:00 PM,GEORGIA AVE,NA,Front to Rear,Clear,Dry,Medium,No Controls,NONE DETECTED,Yes,No Apparent Injury,Improper Passing,Not Distracted,MD,Passenger Car,Moving Constant Speed,30,No,2025,DODGE,DURANGO,39.05694657,-77.0498992,2025,12,16
250055083,Property Damage Crash,12/09/2025 04:44:00 PM,GEORGIA AVE,NA,Front to Rear,Clear,Dry,Medium,No Controls,NONE DETECTED,No,No Apparent Injury,NA,Not Distracted,MD,Passenger Car,Slowing or Stopping,30,No,2022,SUBARU,CROSSTREK,39.05694657,-77.0498992,2025,12,16
250055089,Injury Crash,12/09/2025 03:58:00 PM,NA,Pedestrian,Single Vehicle,Clear,NA,Daylight,NA,NONE DETECTED,Yes,No Apparent Injury,"Failed to Yield Right-of-Way, Operated Motor Vehicle in Inattentive, Careless, Negligent, or Erratic Manner",Unknown,MD,Pickup,Turning Left,0,No,2022,CHEVROLET,COLORADO,38.99627401,-77.04123506,2025,12,15
250055053,Injury Crash,12/09/2025 01:49:00 PM,NEW HAMPSHIRE AVE (SB/L),NA,"Sideswipe, Same Direction",Clear,Dry,Daylight,No Controls,NONE DETECTED,No,Possible Minor Injury,NA,Not Distracted,MD,Passenger Car,Moving Constant Speed,40,No,2017,TOYOTA,CAMRY,39.01911766,-76.97684984,2025,12,13
250055053,Injury Crash,12/09/2025 01:49:00 PM,NEW HAMPSHIRE AVE (SB/L),NA,"Sideswipe, Same Direction",Clear,Dry,Daylight,No Controls,NONE DETECTED,No,No Apparent Injury,NA,Not Distracted,MD,Other Trucks,Moving Constant Speed,40,No,2023,FREIGHTLINER,M2,39.01911766,-76.97684984,2025,12,13
250055040,Injury Crash,12/09/2025 01:25:00 PM,LEAMAN FARM RD,NA,Angle,Cloudy,Dry,Daylight,No Controls,NONE DETECTED,No,No Apparent Injury,NA,Not Distracted,MD,Bus - Transit,Moving Constant Speed,45,No,2018,GILLIG,LOW FLOOR BUS,39.15568,-77.27688167,2025,12,13
250055040,Injury Crash,12/09/2025 01:25:00 PM,LEAMAN FARM RD,NA,Angle,Cloudy,Dry,Daylight,Stop Sign,NONE DETECTED,Yes,Possible Minor Injury,Failed to Yield Right-of-Way,Unknown,MD,Sport Utility Vehicle,Turning Right,30,No,2013,ACURA,RDX,39.15568,-77.27688167,2025,12,13
250055050,Property Damage Crash,12/09/2025 12:43:00 PM,SUMMIT AVE,NA,"Sideswipe, Same Direction",Cloudy,Dry,Daylight,No Controls,NONE DETECTED,No,NA,NA,NA,NA,Passenger Car,Overtaking/Passing,25,No,2020,CHEVROLET,EQUINOX,39.02915526,-77.07849795,2025,12,12
250055050,Property Damage Crash,12/09/2025 12:43:00 PM,SUMMIT AVE,NA,"Sideswipe, Same Direction",Cloudy,Dry,Daylight,No Controls,NONE DETECTED,No,No Apparent Injury,NA,Not Distracted,MD,Passenger Car,Slowing or Stopping,25,No,2016,BMW,X3,39.02915526,-77.07849795,2025,12,12
250055026,Property Damage Crash,12/09/2025 12:15:00 PM,HAVARD ST,NA,Front to Front,Cloudy,Dry,Daylight,No Controls,NONE DETECTED,No,No Apparent Injury,NA,Not Distracted,MD,Passenger Car,Moving Constant Speed,25,No,2003,HONDA,CIVIC,39.05971598,-77.08602149,2025,12,12
250055026,Property Damage Crash,12/09/2025 12:15:00 PM,HAVARD ST,NA,Front to Front,Cloudy,Dry,Daylight,No Controls,NONE DETECTED,Yes,No Apparent Injury,Failed to Yield Right-of-Way,"Other Action (looking away from task, etc.)",MD,Sport Utility Vehicle,Turning Left,25,No,2022,HYUNDAI,KONA,39.05971598,-77.08602149,2025,12,12
250055015,Property Damage Crash,12/09/2025 11:29:00 AM,WOOTTON PKWY (EB/L),NA,Angle,Clear,Dry,Daylight,Traffic Control Signal,NONE DETECTED,No,No Apparent Injury,NA,Not Distracted,MD,Pickup,Moving Constant Speed,35,No,2018,CHEVROLET,SILVERADO,39.07270905,-77.13824398,2025,12,11
250055015,Property Damage Crash,12/09/2025 11:29:00 AM,WOOTTON PKWY (EB/L),NA,Angle,Clear,Dry,Daylight,Other Signal,NONE DETECTED,Yes,No Apparent Injury,Failed to Yield Right-of-Way,Unknown,MD,Sport Utility Vehicle,Turning Left,35,No,2019,GMC,ACADIA,39.07270905,-77.13824398,2025,12,11
250055005,Property Damage Crash,12/09/2025 10:45:00 AM,DEMOCRACY BLVD,NA,Front to Rear,Cloudy,Dry,Daylight,Traffic Control Signal,NONE DETECTED,No,No Apparent Injury,NA,Not Distracted,MD,Passenger Car,Moving Constant Speed,35,No,2017,HYUNDAI,ELANTRA,39.02178683,-77.14378067,2025,12,10
250055005,Property Damage Crash,12/09/2025 10:45:00 AM,DEMOCRACY BLVD,NA,Front to Rear,Cloudy,Dry,Daylight,Traffic Control Signal,NONE DETECTED,Yes,No Apparent Injury,Too Fast For Conditions,Not Distracted,MD,Sport Utility Vehicle,Slowing or Stopping,35,No,2017,AUDI,Q7,39.02178683,-77.14378067,2025,12,10
250055001,Injury Crash,12/09/2025 10:30:00 AM,TOWNE CREST DR,NA,"Sideswipe, Opposite Direction",Clear,Dry,Daylight,No Controls,NONE DETECTED,Yes,Possible Minor Injury,NA,Not Distracted,MD,Passenger Car,Moving Constant Speed,25,No,2007,HONDA,CIVIC,39.14522583,-77.1737795,2025,12,10
250054417,Property Damage Crash,12/09/2025 09:34:00 AM,NA,NA,Angle,Snow,NA,Daylight,NA,NONE DETECTED,No,No Apparent Injury,NA,Not Distracted,MD,Bus - School,Slowing or Stopping,0,No,2013,THOMAS BUILT,HDX,39.09363224,-77.10250729,2025,12,9
250054417,Property Damage Crash,12/09/2025 09:34:00 AM,NA,NA,Angle,Snow,NA,Daylight,NA,NONE DETECTED,No,No Apparent Injury,NA,Not Distracted,MD,Bus - School,Parked,0,No,2018,THOMAS BUILT,HDX,39.09363224,-77.10250729,2025,12,9
250054991,Injury Crash,12/09/2025 09:28:00 AM,SANDY SPRING RD,NA,Rear To Side,Clear,Dry,Daylight,Traffic Control Signal,NONE DETECTED,Yes,Possible Minor Injury,NA,Unknown,MD,Sport Utility Vehicle,Slowing or Stopping,45,No,2015,FORD,EDGE,39.11152895,-76.92869914,2025,12,9
250054991,Injury Crash,12/09/2025 09:28:00 AM,SANDY SPRING RD,NA,Rear To Side,Clear,Dry,Daylight,Traffic Control Signal,NONE DETECTED,No,Possible Minor Injury,NA,Not Distracted,MD,Passenger Car,Turning Left,25,No,2013,TOYOTA,CAMRY,39.11152895,-76.92869914,2025,12,9
250054987,Property Damage Crash,12/09/2025 08:47:00 AM,MIDDLEBROOK RD,NA,Front to Rear,Clear,Dry,Daylight,No Controls,NONE DETECTED,Yes,No Apparent Injury,"Failed to Keep in Proper Lane, Operated Motor Vehicle in Inattentive, Careless, Negligent, or Erratic Manner",Talking/listening,MD,Passenger Car,Moving Constant Speed,40,No,2025,NISSAN,SENTRA,39.17399649,-77.24954281,2025,12,8
250054987,Property Damage Crash,12/09/2025 08:47:00 AM,MIDDLEBROOK RD,NA,Front to Rear,Clear,Dry,Daylight,No Controls,NONE DETECTED,No,No Apparent Injury,NA,Not Distracted,MD,Passenger Car,Slowing or Stopping,40,No,2016,HONDA,CR-V,39.17399649,-77.24954281,2025,12,8
250054985,Property Damage Crash,12/09/2025 08:29:00 AM,SHADY GROVE RD,NA,"Sideswipe, Opposite Direction",Clear,Dry,Daylight,No Controls,NONE DETECTED,No,No Apparent Injury,NA,Not Distracted,MA,Passenger Car,Moving Constant Speed,40,No,2024,NISSAN,SENTRA,39.13283833,-77.15917333,2025,12,8
250054985,Property Damage Crash,12/09/2025 08:29:00 AM,SHADY GROVE RD,NA,"Sideswipe, Opposite Direction",Clear,Dry,Daylight,No Controls,NONE DETECTED,Yes,No Apparent Injury,Failed to Keep in Proper Lane,Not Distracted,MD,Passenger Car,Moving Constant Speed,40,No,2023,TESLA,MODEL Y,39.13283833,-77.15917333,2025,12,8
250054980,Property Damage Crash,12/09/2025 08:25:00 AM,GEORGIA AVE (SB/L),NA,Front to Rear,Clear,Dry,Daylight,Lane Use Control Signal,NONE DETECTED,No,No Apparent Injury,NA,Not Distracted,MD,Passenger Car,Stopped in Traffic,30,No,2015,HONDA,ACCORD,39.01110865,-77.04110757,2025,12,8
250054980,Property Damage Crash,12/09/2025 08:25:00 AM,GEORGIA AVE (SB/L),NA,Front to Rear,Clear,Dry,Daylight,Lane Use Control Signal,NONE DETECTED,Yes,No Apparent Injury,Followed Too Closely,Not Distracted,MD,Bus - Transit,Moving Constant Speed,30,No,2023,NEW FLYER,XCELSIOR,39.01110865,-77.04110757,2025,12,8
250054988,Property Damage Crash,12/09/2025 08:13:00 AM,PARKSIDE RD,NA,Angle,Clear,Dry,Daylight,Stop Sign,NONE DETECTED,Yes,No Apparent Injury,Failed to Yield Right-of-Way,Not Distracted,MD,Sport Utility Vehicle,Entering Traffic Lane,25,No,2025,HYUNDAI,TUCSON,38.98906281,-77.01159992,2025,12,8
250054988,Property Damage Crash,12/09/2025 08:13:00 AM,PARKSIDE RD,NA,Angle,Clear,Dry,Daylight,No Controls,NONE DETECTED,No,No Apparent Injury,NA,Not Distracted,MD,Passenger Car,Moving Constant Speed,30,No,2019,VOLKSWAGEN,BEETLE,38.98906281,-77.01159992,2025,12,8
250054979,Injury Crash,12/09/2025 08:00:00 AM,MIDDLEBROOK RD (WB/L),NA,Angle,Clear,Dry,Daylight,Traffic Control Signal,NONE DETECTED,No,Possible Minor Injury,NA,Not Distracted,MD,Passenger Car,Entering Traffic Lane,30,No,2026,TOYOTA,COROLLA,39.18131209,-77.23831545,2025,12,8
250054976,Property Damage Crash,12/09/2025 08:00:00 AM,RANDOLPH RD,NA,Front to Rear,Clear,Dry,Daylight,No Controls,NONE DETECTED,Yes,No Apparent Injury,NA,Not Distracted,MD,Passenger Car,Slowing or Stopping,35,No,2009,TOYOTA,COROLLA,39.05963417,-77.04644333,2025,12,8
250054979,Injury Crash,12/09/2025 08:00:00 AM,MIDDLEBROOK RD (WB/L),NA,Angle,Clear,Dry,Daylight,Traffic Control Signal,NONE DETECTED,Yes,Possible Minor Injury,Ran Red Light,Not Distracted,MD,Sport Utility Vehicle,Slowing or Stopping,40,No,2010,CHEVROLET,TRAVERSE,39.18131209,-77.23831545,2025,12,8
250054976,Property Damage Crash,12/09/2025 08:00:00 AM,RANDOLPH RD,NA,Front to Rear,Clear,Dry,Daylight,No Controls,NONE DETECTED,No,No Apparent Injury,NA,Not Distracted,MD,Sport Utility Vehicle,Stopped in Traffic,35,No,2007,KIA,SORENTO,39.05963417,-77.04644333,2025,12,8
250054974,Property Damage Crash,12/09/2025 07:45:00 AM,GERMANTOWN RD,NA,Front to Rear,Clear,Dry,Daylight,Traffic Control Signal,NONE DETECTED,No,No Apparent Injury,NA,Not Distracted,MD,Bus - School,Stopped in Traffic,30,No,2020,THOMAS BUILT,HDX,39.15418866,-77.28717182,2025,12,7
250054974,Property Damage Crash,12/09/2025 07:45:00 AM,GERMANTOWN RD,NA,Front to Rear,Clear,Dry,Daylight,Traffic Control Signal,NONE DETECTED,Yes,No Apparent Injury,"Operated Motor Vehicle in Inattentive, Careless, Negligent, or Erratic Manner",Not Distracted,MD,Passenger Car,Slowing or Stopping,30,No,2021,TOYOTA,COROLLA,39.15418866,-77.28717182,2025,12,7
250054978,Property Damage Crash,12/09/2025 07:43:00 AM,GEORGIA AVE (SB/L),NA,"Sideswipe, Same Direction",Clear,Dry,Daylight,Traffic Control Signal,NONE DETECTED,Yes,No Apparent Injury,NA,Not Distracted,VA,Single-Unit Truck,Accelerating,35,No,2024,ISUZU,FTR,39.04744668,-77.05210459,2025,12,7
250054978,Property Damage Crash,12/09/2025 07:43:00 AM,GEORGIA AVE (SB/L),NA,"Sideswipe, Same Direction",Clear,Dry,Daylight,Traffic Control Signal,NONE DETECTED,No,No Apparent Injury,NA,Not Distracted,MD,Pickup,Stopped in Traffic,35,No,2018,CHEVROLET,COLORADO,39.04744668,-77.05210459,2025,12,7
250054972,Injury Crash,12/09/2025 07:30:00 AM,NEW HAMPSHIRE AVE,NA,Angle,Clear,Dry,Daylight,No Controls,NONE DETECTED,Yes,Possible Minor Injury,NA,Unknown,MD,Passenger Car,Turning Left,40,No,2018,TOYOTA,RAV4,39.07712659,-77.00156421,2025,12,7
250054972,Injury Crash,12/09/2025 07:30:00 AM,NEW HAMPSHIRE AVE,NA,Angle,Clear,Dry,Daylight,No Controls,NONE DETECTED,No,No Apparent Injury,NA,Not Distracted,MD,Passenger Car,Accelerating,40,No,2024,HYUNDAI,PALISADE,39.07712659,-77.00156421,2025,12,7
250054975,Injury Crash,12/09/2025 07:28:00 AM,LAYHILL RD,NA,Angle,Clear,Dry,Medium,Traffic Control Signal,NONE DETECTED,No,Possible Minor Injury,NA,Not Distracted,MD,Passenger Car,Moving Constant Speed,30,No,2005,HONDA,PILOT,39.06317161,-77.05020348,2025,12,7
250054975,Injury Crash,12/09/2025 07:28:00 AM,LAYHILL RD,NA,Angle,Clear,Dry,Medium,Traffic Control Signal,NONE DETECTED,Yes,Possible Minor Injury,"Failed to Yield Right-of-Way, Other Improper Action",Unknown,MD,Passenger Car,Turning Left,30,No,2012,HONDA,FIT,39.06317161,-77.05020348,2025,12,7
250055004,Property Damage Crash,12/09/2025 06:35:00 AM,RANDOLPH RD (WB/L),NA,Front to Rear,Clear,Dry,Dark,Traffic Control Signal,NONE DETECTED,No,NA,NA,NA,NA,Passenger Car,NA,35,No,2017,HONDA,ACCORD,39.05729813,-77.07337376,2025,12,6
250055004,Property Damage Crash,12/09/2025 06:35:00 AM,RANDOLPH RD (WB/L),NA,Front to Rear,Clear,Dry,Dark,Traffic Control Signal,NONE DETECTED,No,No Apparent Injury,NA,Not Distracted,MD,Passenger Car,Stopped in Traffic,35,No,2014,NISSAN,ALTIMA,39.05729813,-77.07337376,2025,12,6
25002596,Property Damage Crash,12/09/2025 05:56:00 AM,NA,NA,Single Vehicle,Clear,NA,Dark,NA,NONE DETECTED,No,No Apparent Injury,Ran Off Roadway,Unknown,MD,Passenger Car,Entering Traffic Lane,0,No,2024,TOYOTA,PRIUS,39.10410196,-76.97377335,2025,12,5
250054957,Property Damage Crash,12/08/2025 10:30:00 PM,QUINCE ORCHARD RD,NA,"Sideswipe, Same Direction",Clear,Dry,Medium,No Controls,NONE DETECTED,No,No Apparent Injury,"Failed to Keep in Proper Lane, Operated Motor Vehicle in Inattentive, Careless, Negligent, or Erratic Manner",Unknown,NA,Passenger Car,Moving Constant Speed,35,No,2023,NISSAN,ARIYA,39.15237894,-77.21218452,2025,12,22
250054957,Property Damage Crash,12/08/2025 10:30:00 PM,QUINCE ORCHARD RD,NA,"Sideswipe, Same Direction",Clear,Dry,Medium,No Controls,NONE DETECTED,No,No Apparent Injury,NA,Not Distracted,MD,Passenger Car,Moving Constant Speed,35,No,2018,FORD,EXPLORER,39.15237894,-77.21218452,2025,12,22
250055490,Property Damage Crash,12/08/2025 09:00:00 PM,CAITLIN CT,NA,Single Vehicle,Clear,Dry,Medium,No Controls,NONE DETECTED,Yes,No Apparent Injury,Other Improper Action,Not Distracted,MD,Van - Passenger (&lt;9 Seats),Slowing or Stopping,25,No,2016,FORD,TRANSIT,39.0715328,-76.9805804,2025,12,21
250054950,Property Damage Crash,12/08/2025 08:59:00 PM,COLUMBIA PIKE (SB/L),NA,Angle,Clear,Dry,Medium,Traffic Control Signal,NONE DETECTED,No,NA,NA,NA,NA,NA,Moving Constant Speed,50,No,0,NA,NA,39.09566549,-76.93814309,2025,12,20
250054950,Property Damage Crash,12/08/2025 08:59:00 PM,COLUMBIA PIKE (SB/L),NA,Angle,Clear,Dry,Medium,Traffic Control Signal,NONE DETECTED,No,No Apparent Injury,NA,Not Distracted,MD,Passenger Car,Moving Constant Speed,25,No,2010,TOYOTA,CAMRY,39.09566549,-76.93814309,2025,12,20
250054945,Property Damage Crash,12/08/2025 07:50:00 PM,NA,NA,"Sideswipe, Same Direction",Clear,NA,Medium,NA,NONE DETECTED,No,No Apparent Injury,NA,Not Distracted,MD,Passenger Car,Entering Traffic Lane,0,No,2014,TOYOTA,COROLLA,39.14122903,-77.22254611,2025,12,19
250054945,Property Damage Crash,12/08/2025 07:50:00 PM,NA,NA,"Sideswipe, Same Direction",Clear,NA,Medium,NA,NONE DETECTED,No,No Apparent Injury,NA,Not Distracted,MD,Passenger Car,Moving Constant Speed,0,No,2021,HONDA,CIVIC,39.14122903,-77.22254611,2025,12,19
250054938,Injury Crash,12/08/2025 07:46:00 PM,NORBECK RD (WB/L),NA,Front to Rear,Clear,Dry,Medium,Traffic Control Signal,NONE DETECTED,No,No Apparent Injury,NA,Not Distracted,MD,Passenger Car,Stopped in Traffic,40,No,2015,HYUNDAI,SONATA,39.10957273,-77.07608818,2025,12,19
250054938,Injury Crash,12/08/2025 07:46:00 PM,NORBECK RD (WB/L),NA,Front to Rear,Clear,Dry,Medium,Traffic Control Signal,NONE DETECTED,No,Possible Minor Injury,NA,Not Distracted,NA,Passenger Car,Stopped in Traffic,40,No,2025,HONDA,CR-V,39.10957273,-77.07608818,2025,12,19
250054938,Injury Crash,12/08/2025 07:46:00 PM,NORBECK RD (WB/L),NA,Front to Rear,Clear,Dry,Medium,Traffic Control Signal,NONE DETECTED,Yes,No Apparent Injury,NA,Unknown,MD,Passenger Car,Moving Constant Speed,40,No,2013,TOYOTA,RAV4,39.10957273,-77.07608818,2025,12,19
250054935,Injury Crash,12/08/2025 07:39:00 PM,PINEY BRANCH RD,NA,Front to Rear,Clear,Dry,Medium,No Controls,NONE DETECTED,Yes,Possible Minor Injury,NA,Not Distracted,MD,Autocycle,Slowing or Stopping,55,No,2020,WHIZZER,WHIZZER,38.99826707,-77.00287264,2025,12,19
250054935,Injury Crash,12/08/2025 07:39:00 PM,PINEY BRANCH RD,NA,Front to Rear,Clear,Dry,Medium,No Controls,NONE DETECTED,No,No Apparent Injury,NA,Not Distracted,MD,Bus - Transit,Slowing or Stopping,35,No,2020,GILLIG,LOW FLOOR BUS,38.99826707,-77.00287264,2025,12,19
250054939,Property Damage Crash,12/08/2025 06:40:00 PM,NA,NA,Angle,Clear,NA,Medium,NA,NONE DETECTED,No,NA,NA,NA,NA,Passenger Car,Turning Right,0,No,2017,HONDA,PILOT,39.06054179,-77.12331967,2025,12,18