Local Case Number,ACRS Report Type,Crash Date/Time,Road Name,Related Non-Motorist,Collision Type,Weather,Surface Condition,Light,Traffic Control,Driver Substance Abuse,Driver At Fault,Injury Severity,Circumstance,Driver Distracted By,Drivers License State,Vehicle Body Type,Vehicle Movement,Speed Limit,Driverless Vehicle,Vehicle Year,Vehicle Make,Vehicle Model,Latitude,Longitude,Year,Month,Hour
250054924,Property Damage Crash,12/08/2025 06:02:00 PM,CONNECTICUT AVE,NA,Front to Rear,Clear,Dry,Medium,No Controls,NONE DETECTED,No,NA,NA,NA,NA,Sport Utility Vehicle,Slowing or Stopping,35,No,2020,NISSAN,ROGUE,39.00392893,-77.0774066,2025,12,18
250054924,Property Damage Crash,12/08/2025 06:02:00 PM,CONNECTICUT AVE,NA,Front to Rear,Clear,Dry,Medium,No Controls,NONE DETECTED,No,No Apparent Injury,NA,Not Distracted,MD,Sport Utility Vehicle,Slowing or Stopping,35,No,2026,HYUNDAI,TUCSON,39.00392893,-77.0774066,2025,12,18
250054929,Property Damage Crash,12/08/2025 06:00:00 PM,PRESERVE PKWY,NA,Single Vehicle,Clear,Dry,Medium,No Controls,NONE DETECTED,No,No Apparent Injury,NA,Unknown,MD,Sport Utility Vehicle,Parked,25,No,2017,FORD,EXPLORER,39.06526495,-77.14955208,2025,12,18
250054929,Property Damage Crash,12/08/2025 06:00:00 PM,PRESERVE PKWY,NA,Single Vehicle,Clear,Dry,Medium,No Controls,NONE DETECTED,No,No Apparent Injury,NA,Not Distracted,MD,Passenger Car,Moving Constant Speed,25,No,2021,TOYOTA,COROLLA,39.06526495,-77.14955208,2025,12,18
250054943,Property Damage Crash,12/08/2025 05:44:00 PM,CLOPPER RD,NA,Front to Rear,Clear,Dry,Dark,Traffic Control Signal,NONE DETECTED,No,No Apparent Injury,NA,Not Distracted,MD,Passenger Car,Accelerating,45,No,1998,MERCEDES-BENZ,M-CLASS,39.15657084,-77.26677865,2025,12,17
250054943,Property Damage Crash,12/08/2025 05:44:00 PM,CLOPPER RD,NA,Front to Rear,Clear,Dry,Dark,Traffic Control Signal,NONE DETECTED,Yes,No Apparent Injury,Followed Too Closely,Unknown,MD,Passenger Car,Moving Constant Speed,45,No,2010,TOYOTA,COROLLA,39.15657084,-77.26677865,2025,12,17
250054926,Property Damage Crash,12/08/2025 05:40:00 PM,VEIRS MILL SERV RD,NA,Front to Rear,Clear,Dry,Medium,No Controls,NONE DETECTED,Yes,No Apparent Injury,NA,"Other Action (looking away from task, etc.)",VA,Passenger Car,Moving Constant Speed,35,No,2017,HYUNDAI,ELANTRA,39.079479,-77.1351991,2025,12,17
250054926,Property Damage Crash,12/08/2025 05:40:00 PM,VEIRS MILL SERV RD,NA,Front to Rear,Clear,Dry,Medium,No Controls,NONE DETECTED,No,No Apparent Injury,NA,Not Distracted,MD,Sport Utility Vehicle,Slowing or Stopping,35,No,2005,TOYOTA,HIGHLANDER,39.079479,-77.1351991,2025,12,17
250054914,Injury Crash,12/08/2025 05:25:00 PM,CHURCH ST (WB/L),NA,"Sideswipe, Same Direction",Clear,Dry,Medium,Stop Sign,NONE DETECTED,Yes,No Apparent Injury,NA,Not Distracted,MD,Bus - Transit,Overtaking/Passing,15,No,2016,GILLIG,LOW FLOOR BUS,39.0835595,-77.14666229,2025,12,17
250054914,Injury Crash,12/08/2025 05:25:00 PM,CHURCH ST (WB/L),NA,"Sideswipe, Same Direction",Clear,Dry,Medium,Stop Sign,NONE DETECTED,No,No Apparent Injury,NA,Not Distracted,MD,Passenger Car,Stopped in Traffic,15,No,2023,KIA,RIO,39.0835595,-77.14666229,2025,12,17
250054907,Injury Crash,12/08/2025 04:45:00 PM,ROCKVILLE PIKE (SB/L),NA,Front to Rear,Clear,Dry,Medium,Traffic Control Signal,NONE DETECTED,Yes,No Apparent Injury,"Followed Too Closely, Operated Motor Vehicle in Inattentive, Careless, Negligent, or Erratic Manner, Too Fast For Conditions",Not Distracted,PA,Pickup,Moving Constant Speed,35,No,2003,DODGE,RAM,39.02288431,-77.10311111,2025,12,16
250054907,Injury Crash,12/08/2025 04:45:00 PM,ROCKVILLE PIKE (SB/L),NA,Front to Rear,Clear,Dry,Medium,Traffic Control Signal,NONE DETECTED,No,Possible Minor Injury,NA,Not Distracted,MD,Passenger Car,Stopped in Traffic,35,No,2022,TESLA,MODEL 3,39.02288431,-77.10311111,2025,12,16
250054912,Property Damage Crash,12/08/2025 04:20:00 PM,S PARK AVE,NA,"Sideswipe, Same Direction",Clear,Dry,Daylight,Traffic Control Signal,NONE DETECTED,No,NA,NA,NA,NA,NA,NA,20,No,0,NA,NA,38.963525,-77.08754783,2025,12,16
250054893,Property Damage Crash,12/08/2025 03:57:00 PM,NA,NA,"Sideswipe, Same Direction",Clear,Dry,Daylight,No Controls,NONE DETECTED,No,No Apparent Injury,NA,Not Distracted,MD,Passenger Car,Parked,30,No,2024,HYUNDAI,PALISADE,39.17730409,-77.06843483,2025,12,15
250054893,Property Damage Crash,12/08/2025 03:57:00 PM,NA,NA,"Sideswipe, Same Direction",Clear,Dry,Daylight,No Controls,NONE DETECTED,Yes,No Apparent Injury,NA,Not Distracted,MD,Bus - School,Moving Constant Speed,30,No,2020,THOMAS BUILT,HDX,39.17730409,-77.06843483,2025,12,15
250054900,Property Damage Crash,12/08/2025 03:54:00 PM,RITCHIE AVE,NA,"Sideswipe, Same Direction",Clear,Dry,Daylight,No Controls,NONE DETECTED,No,No Apparent Injury,NA,Not Distracted,MD,Bus - School,Moving Constant Speed,25,No,2016,THOMAS BUILT,HDX,38.98636435,-77.01021568,2025,12,15
250054900,Property Damage Crash,12/08/2025 03:54:00 PM,RITCHIE AVE,NA,"Sideswipe, Same Direction",Clear,Dry,Daylight,No Controls,NONE DETECTED,No,NA,NA,NA,NA,NA,Moving Constant Speed,25,No,0,NA,NA,38.98636435,-77.01021568,2025,12,15
250054887,Injury Crash,12/08/2025 03:19:00 PM,MARINELLI RD (EB/L),Pedestrian,Single Vehicle,Clear,Dry,Daylight,No Controls,NONE DETECTED,No,No Apparent Injury,NA,Not Distracted,MD,Passenger Car,Changing Lanes,40,No,2022,TOYOTA,TUNDRA,39.04713933,-77.11287583,2025,12,15
250054881,Property Damage Crash,12/08/2025 03:06:00 PM,NA,NA,"Sideswipe, Same Direction",Clear,NA,Daylight,NA,NONE DETECTED,Yes,No Apparent Injury,NA,Not Distracted,MD,Bus - Other Type,Negotiating a Curve,0,No,2024,PETERBILT,520,39.12612183,-77.21077233,2025,12,15
250054879,Property Damage Crash,12/08/2025 02:14:00 PM,COLESVILLE RD,NA,Front to Rear,Clear,Dry,Daylight,No Controls,NONE DETECTED,No,No Apparent Injury,NA,Not Distracted,MD,Passenger Car,Moving Constant Speed,35,No,2010,FORD,TAURUS,39.02152954,-77.01193451,2025,12,14
250054879,Property Damage Crash,12/08/2025 02:14:00 PM,COLESVILLE RD,NA,Front to Rear,Clear,Dry,Daylight,No Controls,NONE DETECTED,No,No Apparent Injury,NA,Not Distracted,DC,Passenger Car,Moving Constant Speed,35,No,2003,HONDA,CIVIC,39.02152954,-77.01193451,2025,12,14
250054879,Property Damage Crash,12/08/2025 02:14:00 PM,COLESVILLE RD,NA,Front to Rear,Clear,Dry,Daylight,No Controls,NONE DETECTED,No,No Apparent Injury,NA,Not Distracted,MD,Passenger Car,Slowing or Stopping,35,No,2010,HONDA,FIT,39.02152954,-77.01193451,2025,12,14
250054879,Property Damage Crash,12/08/2025 02:14:00 PM,COLESVILLE RD,NA,Front to Rear,Clear,Dry,Daylight,No Controls,NONE DETECTED,No,No Apparent Injury,NA,Not Distracted,MD,Passenger Car,Moving Constant Speed,35,No,2000,HONDA,ACCORD,39.02152954,-77.01193451,2025,12,14
250054879,Property Damage Crash,12/08/2025 02:14:00 PM,COLESVILLE RD,NA,Front to Rear,Clear,Dry,Daylight,No Controls,NONE DETECTED,No,NA,NA,NA,NA,Passenger Car,Turning Left,35,No,0,NA,NA,39.02152954,-77.01193451,2025,12,14
250053562,Property Damage Crash,12/08/2025 01:51:00 PM,TECH RD,NA,Angle,Clear,Wet,Daylight,No Controls,NONE DETECTED,No,NA,NA,NA,NA,Passenger Car,Accelerating,25,No,2004,TOYOTA,SCION XB,39.05639674,-76.96703359,2025,12,13
250053562,Property Damage Crash,12/08/2025 01:51:00 PM,TECH RD,NA,Angle,Clear,Wet,Daylight,No Controls,NONE DETECTED,No,No Apparent Injury,NA,Not Distracted,MD,Passenger Car,Moving Constant Speed,25,No,2023,TOYOTA,CAMRY,39.05639674,-76.96703359,2025,12,13
250054863,Property Damage Crash,12/08/2025 12:46:00 PM,NA,NA,Rear To Side,Clear,Dry,Daylight,No Controls,NONE DETECTED,No,NA,NA,NA,NA,Passenger Car,Backing,10,No,2019,HONDA,PILOT,39.09892206,-77.15431941,2025,12,12
250054863,Property Damage Crash,12/08/2025 12:46:00 PM,NA,NA,Rear To Side,Clear,Dry,Daylight,No Controls,NONE DETECTED,No,No Apparent Injury,NA,Not Distracted,DC,Passenger Car,Parked,10,No,2025,MAZDA,CX-50,39.09892206,-77.15431941,2025,12,12
250054875,Injury Crash,12/08/2025 12:37:00 PM,KNOWLES AVE,NA,Front to Rear,Clear,Dry,Daylight,No Controls,NONE DETECTED,Yes,No Apparent Injury,NA,Unknown,NA,Passenger Car,Slowing or Stopping,20,No,2017,HONDA,CIVIC,39.02758105,-77.07727815,2025,12,12
250054875,Injury Crash,12/08/2025 12:37:00 PM,KNOWLES AVE,NA,Front to Rear,Clear,Dry,Daylight,No Controls,NONE DETECTED,No,Possible Minor Injury,NA,Not Distracted,MD,Passenger Car,Stopped in Traffic,20,No,2022,MERCEDES-BENZ,S-CLASS,39.02758105,-77.07727815,2025,12,12
250054853,Property Damage Crash,12/08/2025 12:20:00 PM,VEIRS MILL RD (WB/L),NA,Front to Rear,Clear,Dry,Daylight,Traffic Control Signal,NONE DETECTED,Yes,No Apparent Injury,NA,Unknown,MD,Passenger Car,Turning Right,35,No,2009,TOYOTA,PRIUS,39.05625452,-77.08261562,2025,12,12
250054853,Property Damage Crash,12/08/2025 12:20:00 PM,VEIRS MILL RD (WB/L),NA,Front to Rear,Clear,Dry,Daylight,Traffic Control Signal,NONE DETECTED,No,No Apparent Injury,NA,Not Distracted,MD,Passenger Car,Turning Right,35,No,2010,TOYOTA,COROLLA,39.05625452,-77.08261562,2025,12,12
250054841,Injury Crash,12/08/2025 11:03:00 AM,FREDERICK RD,NA,Unknown,Cloudy,Dry,Daylight,Traffic Control Signal,NONE DETECTED,No,Possible Minor Injury,NA,Not Distracted,MD,Other Trucks,Moving Constant Speed,40,No,2014,MACK,GU (GRANITE),39.11285559,-77.16216737,2025,12,11
250054841,Injury Crash,12/08/2025 11:03:00 AM,FREDERICK RD,NA,Unknown,Cloudy,Dry,Daylight,Traffic Control Signal,NONE DETECTED,Yes,No Apparent Injury,Failed to Yield Right-of-Way,Not Distracted,MD,Sport Utility Vehicle,Turning Right,40,No,2002,LEXUS,RX,39.11285559,-77.16216737,2025,12,11
250054821,Property Damage Crash,12/08/2025 08:15:00 AM,WINDHAM LA,NA,Other,Cloudy,Dry,Daylight,Traffic Control Signal,NONE DETECTED,Yes,No Apparent Injury,NA,Unknown,DC,Passenger Car,Turning Left,35,No,2021,HYUNDAI,IONIQ,39.031873,-77.0484455,2025,12,8
250054821,Property Damage Crash,12/08/2025 08:15:00 AM,WINDHAM LA,NA,Other,Cloudy,Dry,Daylight,Traffic Control Signal,NONE DETECTED,Yes,No Apparent Injury,NA,Unknown,MD,Passenger Car,Moving Constant Speed,35,No,2023,TESLA,MODEL Y,39.031873,-77.0484455,2025,12,8
250054819,Property Damage Crash,12/08/2025 07:50:00 AM,BELLS MILL RD,NA,Angle,Cloudy,Dry,Daylight,No Controls,NONE DETECTED,Yes,No Apparent Injury,NA,Unknown,MD,Passenger Car,Moving Constant Speed,30,No,2014,INFINITI,Q50,39.023161,-77.13048967,2025,12,7
250054819,Property Damage Crash,12/08/2025 07:50:00 AM,BELLS MILL RD,NA,Angle,Cloudy,Dry,Daylight,No Controls,NONE DETECTED,No,No Apparent Injury,NA,Not Distracted,MD,Passenger Car,Moving Constant Speed,35,No,2016,HONDA,CIVIC,39.023161,-77.13048967,2025,12,7
250054816,Injury Crash,12/08/2025 06:30:00 AM,COLUMBIA PIKE (SB/L),NA,Angle,Clear,Dry,Medium,Traffic Control Signal,NONE DETECTED,No,Possible Minor Injury,Ran Red Light,Unknown,MD,Passenger Car,Moving Constant Speed,50,No,2017,HONDA,ODYSSEY,39.05801648,-76.96844172,2025,12,6
250054816,Injury Crash,12/08/2025 06:30:00 AM,COLUMBIA PIKE (SB/L),NA,Angle,Clear,Dry,Medium,Traffic Control Signal,NONE DETECTED,No,No Apparent Injury,NA,Not Distracted,MD,Passenger Car,Turning Left,35,No,2015,TOYOTA,4-RUNNER,39.05801648,-76.96844172,2025,12,6
250054815,Property Damage Crash,12/08/2025 06:02:00 AM,METRORAIL TRACK B2 RAIL,NA,Front to Rear,Clear,Dry,Medium,No Controls,NONE DETECTED,No,No Apparent Injury,NA,Not Distracted,MD,Passenger Car,Stopped in Traffic,40,No,2018,HONDA,ACCORD,39.01587787,-77.04285912,2025,12,6
250054815,Property Damage Crash,12/08/2025 06:02:00 AM,METRORAIL TRACK B2 RAIL,NA,Front to Rear,Clear,Dry,Medium,No Controls,NONE DETECTED,No,NA,NA,NA,NA,Van - Passenger (&lt;9 Seats),Backing,40,No,2004,SPRINTER (DODGE OR F,SPRINTER,39.01587787,-77.04285912,2025,12,6
250054805,Property Damage Crash,12/08/2025 02:20:00 AM,RIDGE RD,NA,Single Vehicle,Clear,Dry,Dark,No Controls,NONE DETECTED,No,No Apparent Injury,NA,Not Distracted,MD,Passenger Car,Moving Constant Speed,45,No,2019,DODGE,CHARGER,39.21284741,-77.23914389,2025,12,2
250054802,Injury Crash,12/08/2025 01:12:00 AM,NA,NA,Single Vehicle,Clear,Dry,Medium,No Controls,NONE DETECTED,Yes,Possible Minor Injury,"Failed to Keep in Proper Lane, Operated Motor Vehicle in Inattentive, Careless, Negligent, or Erratic Manner, Over-Correcting/Over-Steering",Not Distracted,MD,Passenger Car,Moving Constant Speed,40,No,2016,TOYOTA,COROLLA,39.1168886,-76.96806741,2025,12,1
250054804,Property Damage Crash,12/08/2025 01:12:00 AM,NA,NA,Single Vehicle,Clear,Dry,Medium,No Controls,NONE DETECTED,No,No Apparent Injury,NA,Not Distracted,MD,Passenger Car,Moving Constant Speed,40,No,2015,CHRYSLER,200,39.11685717,-76.96796546,2025,12,1
250054794,Property Damage Crash,12/07/2025 10:21:00 PM,ROLLINS AVE,NA,Other,Clear,Dry,Medium,Traffic Control Signal,NONE DETECTED,Yes,No Apparent Injury,NA,Not Distracted,MD,Passenger Car,Turning Left,35,No,2009,NISSAN,MAXIMA,39.05886997,-77.12154037,2025,12,22
250054794,Property Damage Crash,12/07/2025 10:21:00 PM,ROLLINS AVE,NA,Other,Clear,Dry,Medium,Traffic Control Signal,NONE DETECTED,No,No Apparent Injury,NA,Not Distracted,MD,Passenger Car,Moving Constant Speed,30,No,2021,BMW,M340I,39.05886997,-77.12154037,2025,12,22
250054789,Property Damage Crash,12/07/2025 08:40:00 PM,WISCONSIN AVE,NA,"Sideswipe, Same Direction",Clear,Dry,Medium,No Controls,NONE DETECTED,No,No Apparent Injury,NA,Not Distracted,MD,Passenger Car,Moving Constant Speed,25,No,2024,HONDA,ACCORD,38.99187842,-77.09574313,2025,12,20
250054789,Property Damage Crash,12/07/2025 08:40:00 PM,WISCONSIN AVE,NA,"Sideswipe, Same Direction",Clear,Dry,Medium,No Controls,NONE DETECTED,No,No Apparent Injury,"Improper Passing, Operated Motor Vehicle in Inattentive, Careless, Negligent, or Erratic Manner, Other Improper Action",Unknown,NA,Passenger Car,Changing Lanes,25,No,2022,HYUNDAI,ELANTRA,38.99187842,-77.09574313,2025,12,20
250054783,Property Damage Crash,12/07/2025 08:05:00 PM,BOARDWALK PL,NA,"Sideswipe, Same Direction",Clear,Dry,Medium,Stop Sign,NONE DETECTED,No,NA,NA,NA,NA,NA,Backing,25,No,0,NA,NA,39.11647786,-77.19797482,2025,12,20
250054783,Property Damage Crash,12/07/2025 08:05:00 PM,BOARDWALK PL,NA,"Sideswipe, Same Direction",Clear,Dry,Medium,No Controls,NONE DETECTED,No,No Apparent Injury,NA,Not Distracted,VA,Sport Utility Vehicle,Backing,25,No,2016,HYUNDAI,SANTA FE,39.11647786,-77.19797482,2025,12,20
250054791,Property Damage Crash,12/07/2025 08:00:00 PM,MONROE ST,NA,"Sideswipe, Same Direction",Clear,Dry,Medium,No Controls,NONE DETECTED,No,No Apparent Injury,Other Improper Action,Unknown,NA,Passenger Car,Moving Constant Speed,30,No,2002,BMW,525I,39.076946,-77.152051,2025,12,20
250054781,Property Damage Crash,12/07/2025 07:46:00 PM,PINEY BRANCH RD,NA,Angle,Clear,Dry,Medium,Traffic Control Signal,NONE DETECTED,Yes,No Apparent Injury,Failed to Yield Right-of-Way,Not Distracted,MD,Passenger Car,Turning Left,35,No,2013,HYUNDAI,SONATA,38.99823784,-77.00355702,2025,12,19
250054781,Property Damage Crash,12/07/2025 07:46:00 PM,PINEY BRANCH RD,NA,Angle,Clear,Dry,Medium,Traffic Control Signal,NONE DETECTED,No,No Apparent Injury,NA,Not Distracted,MD,Passenger Car,Moving Constant Speed,35,No,1999,JEEP,WRANGLER,38.99823784,-77.00355702,2025,12,19
250054776,Property Damage Crash,12/07/2025 06:09:00 PM,OLD GEORGETOWN RD,NA,Front to Rear,Clear,Dry,Medium,Traffic Control Signal,NONE DETECTED,No,No Apparent Injury,NA,Not Distracted,MD,Passenger Car,Slowing or Stopping,35,No,2025,TOYOTA,CAMRY,39.00362883,-77.1101905,2025,12,18
250054776,Property Damage Crash,12/07/2025 06:09:00 PM,OLD GEORGETOWN RD,NA,Front to Rear,Clear,Dry,Medium,Traffic Control Signal,NONE DETECTED,Yes,No Apparent Injury,Followed Too Closely,Not Distracted,MD,Passenger Car,Moving Constant Speed,35,No,2005,ACURA,TL,39.00362883,-77.1101905,2025,12,18
250054751,Property Damage Crash,12/07/2025 02:32:00 PM,QUINCE ORCHARD RD (SB/L),NA,"Sideswipe, Same Direction",Clear,Dry,Daylight,No Controls,NONE DETECTED,No,No Apparent Injury,NA,Not Distracted,MD,Passenger Car,Changing Lanes,35,No,2019,DODGE,DURANGO,39.13963406,-77.22199982,2025,12,14
250054751,Property Damage Crash,12/07/2025 02:32:00 PM,QUINCE ORCHARD RD (SB/L),NA,"Sideswipe, Same Direction",Clear,Dry,Daylight,No Controls,NONE DETECTED,No,No Apparent Injury,NA,Not Distracted,MD,Passenger Car,Moving Constant Speed,35,No,2010,HONDA,ACCORD,39.13963406,-77.22199982,2025,12,14
250054746,Injury Crash,12/07/2025 02:27:00 PM,TAMARACK RD,Pedestrian,Single Vehicle,Clear,Dry,Daylight,Traffic Control Signal,NONE DETECTED,No,No Apparent Injury,NA,Not Distracted,MD,Passenger Car,Turning Left,25,No,2008,TOYOTA,SEQUOIA,39.06765485,-76.98574851,2025,12,14
250054745,Injury Crash,12/07/2025 02:18:00 PM,WESTLAKE DR (SB/L),Pedestrian,Front to Rear,Clear,Dry,Daylight,No Controls,NONE DETECTED,No,No Apparent Injury,NA,Not Distracted,MD,Passenger Car,Slowing or Stopping,30,No,2023,HYUNDAI,IONIQ 6,39.02498621,-77.14902877,2025,12,14
250054745,Injury Crash,12/07/2025 02:18:00 PM,WESTLAKE DR (SB/L),Pedestrian,Front to Rear,Clear,Dry,Daylight,No Controls,NONE DETECTED,No,No Apparent Injury,NA,Not Distracted,MD,Passenger Car,Moving Constant Speed,30,No,2017,JEEP,WRANGLER,39.02498621,-77.14902877,2025,12,14
250054742,Property Damage Crash,12/07/2025 02:01:00 PM,RAMP 5 FR MD 187 SB TO RAMP 4 (TO IS270),NA,Angle,Clear,Dry,Daylight,Traffic Control Signal,NONE DETECTED,No,No Apparent Injury,NA,Not Distracted,MD,Sport Utility Vehicle,Turning Left,35,No,2025,TOYOTA,RAV4,39.03004944,-77.12643656,2025,12,14
250054742,Property Damage Crash,12/07/2025 02:01:00 PM,RAMP 5 FR MD 187 SB TO RAMP 4 (TO IS270),NA,Angle,Clear,Dry,Daylight,Traffic Control Signal,NONE DETECTED,Yes,No Apparent Injury,NA,Unknown,MD,Passenger Car,Making U-Turn,35,No,2008,MERCEDES-BENZ,C-CLASS,39.03004944,-77.12643656,2025,12,14
250054741,Property Damage Crash,12/07/2025 01:34:00 PM,RIDGE RD,NA,"Sideswipe, Same Direction",Clear,Dry,Daylight,No Controls,NONE DETECTED,No,No Apparent Injury,NA,Not Distracted,MD,Pickup,Moving Constant Speed,35,No,2023,RAM,1500,39.28647203,-77.20855123,2025,12,13
250054741,Property Damage Crash,12/07/2025 01:34:00 PM,RIDGE RD,NA,"Sideswipe, Same Direction",Clear,Dry,Daylight,No Controls,NONE DETECTED,Yes,No Apparent Injury,"Failed to Keep in Proper Lane, Other Improper Action",Not Distracted,MD,Passenger Car,Changing Lanes,35,No,2022,TOYOTA,COROLLA,39.28647203,-77.20855123,2025,12,13
250054728,Property Damage Crash,12/07/2025 12:50:00 PM,NA,NA,Single Vehicle,Clear,Dry,Daylight,No Controls,NONE DETECTED,Yes,No Apparent Injury,Too Fast For Conditions,"Manually Operating (dialing, playing game, etc.)",MD,Passenger Car,Moving Constant Speed,30,No,2018,MAZDA,MAZDA3,39.052637,-77.2168585,2025,12,12
250054724,Injury Crash,12/07/2025 12:42:00 PM,NA,NA,Angle,Clear,Dry,Daylight,No Controls,NONE DETECTED,No,No Apparent Injury,NA,Not Distracted,MD,Passenger Car,Moving Constant Speed,25,No,2011,SUBARU,OUTBACK,39.15013907,-77.06525813,2025,12,12
250054724,Injury Crash,12/07/2025 12:42:00 PM,NA,NA,Angle,Clear,Dry,Daylight,No Controls,NONE DETECTED,Yes,Possible Minor Injury,NA,Unknown,MD,Passenger Car,Entering Traffic Lane,25,No,2015,MERCEDES-BENZ,C-CLASS,39.15013907,-77.06525813,2025,12,12
250054726,Injury Crash,12/07/2025 12:36:00 PM,CARONA DR,NA,Front to Rear,Clear,Dry,Daylight,No Controls,NONE DETECTED,Yes,No Apparent Injury,Followed Too Closely,Not Distracted,MD,Passenger Car,Moving Constant Speed,25,No,1992,HONDA,PRELUDE,39.1012315,-77.024664,2025,12,12
250054726,Injury Crash,12/07/2025 12:36:00 PM,CARONA DR,NA,Front to Rear,Clear,Dry,Daylight,No Controls,NONE DETECTED,No,Possible Minor Injury,NA,Not Distracted,MD,Sport Utility Vehicle,Slowing or Stopping,25,No,2025,SUBARU,CROSSTREK,39.1012315,-77.024664,2025,12,12
250054719,Injury Crash,12/07/2025 12:08:00 PM,LOCKWOOD DR,Pedestrian,Single Vehicle,Clear,Dry,Daylight,No Controls,NONE DETECTED,No,No Apparent Injury,NA,Unknown,MD,Passenger Car,Entering Traffic Lane,35,No,2013,TOYOTA,PRIUS,39.0389561,-76.99211394,2025,12,12
250054715,Property Damage Crash,12/07/2025 11:43:00 AM,REPRISE TERR,NA,Front to Rear,Clear,Dry,Daylight,No Controls,NONE DETECTED,Yes,No Apparent Injury,NA,Unknown,NA,Passenger Car,Moving Constant Speed,0,No,2024,CHEVROLET,TRAX,39.11172306,-77.21022387,2025,12,11
250054692,Injury Crash,12/07/2025 05:21:00 AM,RAMP 7 FR IS 495 WB TO MD 650 SB,NA,Single Vehicle,Clear,Dry,Medium,No Controls,NONE DETECTED,Yes,Possible Minor Injury,Ran Off Roadway,Unknown,FL,Passenger Car,Negotiating a Curve,55,No,2022,DODGE,CHARGER,39.01965284,-76.9777828,2025,12,5
240054688,Property Damage Crash,12/07/2025 03:46:00 AM,NA,NA,Single Vehicle,Clear,NA,Medium,NA,NONE DETECTED,Yes,No Apparent Injury,Improper Turn,Not Distracted,MD,Passenger Car,Turning Left,0,No,2011,TOYOTA,CAMRY,38.99653028,-77.03168928,2025,12,3
250054693,Property Damage Crash,12/07/2025 03:33:00 AM,DAMASCUS RD,NA,Single Vehicle,Clear,Dry,Medium,No Controls,ALCOHOL PRESENT,No,No Apparent Injury,NA,Not Distracted,MD,Passenger Car,Moving Constant Speed,35,No,2016,HONDA,CIVIC,39.22649393,-77.06910007,2025,12,3
250054685,Property Damage Crash,12/07/2025 02:44:00 AM,GREAT SENECA HWY (SB/L),NA,Single Vehicle,Clear,Dry,Dark,No Controls,ALCOHOL PRESENT,No,No Apparent Injury,"Failed to Keep in Proper Lane, Ran Off Roadway",Unknown,MD,Passenger Car,Moving Constant Speed,45,No,2025,HONDA,CIVIC TYPE R,39.10947683,-77.21520233,2025,12,2
250054682,Property Damage Crash,12/07/2025 02:43:00 AM,FENTON ST,NA,"Sideswipe, Same Direction",Clear,Dry,Medium,No Controls,NONE DETECTED,No,No Apparent Injury,NA,Not Distracted,MD,Passenger Car,Parked,25,No,2013,HONDA,ACCORD,38.99044791,-77.02401852,2025,12,2
250054682,Property Damage Crash,12/07/2025 02:43:00 AM,FENTON ST,NA,"Sideswipe, Same Direction",Clear,Dry,Medium,No Controls,NONE DETECTED,No,NA,NA,NA,NA,Passenger Car,NA,25,No,2017,HYUNDAI,SONATA,38.99044791,-77.02401852,2025,12,2
250054676,Property Damage Crash,12/07/2025 01:30:00 AM,CAPITAL BELTWAY,NA,Other,Clear,Wet,Medium,No Controls,NONE DETECTED,Yes,No Apparent Injury,NA,Not Distracted,MD,Passenger Car,Moving Constant Speed,55,No,2015,LEXUS,ES,39.01309773,-77.06251718,2025,12,1
250054676,Property Damage Crash,12/07/2025 01:30:00 AM,CAPITAL BELTWAY,NA,Other,Clear,Wet,Medium,No Controls,NONE DETECTED,No,No Apparent Injury,NA,Not Distracted,MD,Passenger Car,Moving Constant Speed,55,No,2016,FORD,FOCUS,39.01309773,-77.06251718,2025,12,1
250054675,Property Damage Crash,12/07/2025 12:59:00 AM,QUINCE ORCHARD RD (SB/L),NA,Single Vehicle,Clear,Dry,Medium,Traffic Control Signal,ALCOHOL PRESENT,Yes,No Apparent Injury,NA,Unknown,MD,Passenger Car,NA,35,No,2018,HONDA,ACCORD,39.14270768,-77.22080424,2025,12,0