Local Case Number,ACRS Report Type,Crash Date/Time,Road Name,Related Non-Motorist,Collision Type,Weather,Surface Condition,Light,Traffic Control,Driver Substance Abuse,Driver At Fault,Injury Severity,Circumstance,Driver Distracted By,Drivers License State,Vehicle Body Type,Vehicle Movement,Speed Limit,Driverless Vehicle,Vehicle Year,Vehicle Make,Vehicle Model,Latitude,Longitude,Year,Month,Hour
250054430,Injury Crash,12/05/2025 11:10:00 AM,FIRST ST (SB/L),NA,Angle,Snow,Snow,Daylight,Traffic Control Signal,NONE DETECTED,No,Possible Minor Injury,NA,Not Distracted,MD,Passenger Car,Moving Constant Speed,45,No,2018,JEEP,COMPASS,39.07721937,-77.13942055,2025,12,11
250054414,Injury Crash,12/05/2025 09:20:00 AM,WALKERS CHOICE RD,NA,Front to Rear,Snow,Snow,Daylight,No Controls,NONE DETECTED,Yes,No Apparent Injury,Too Fast For Conditions,Not Distracted,MD,Passenger Car,Slowing or Stopping,25,No,2021,TOYOTA,CAMRY,39.16533833,-77.2049165,2025,12,9
250054414,Injury Crash,12/05/2025 09:20:00 AM,WALKERS CHOICE RD,NA,Front to Rear,Snow,Snow,Daylight,No Controls,NONE DETECTED,Yes,Possible Minor Injury,Too Fast For Conditions,Not Distracted,MD,Passenger Car,Slowing or Stopping,25,No,2017,FORD,EDGE,39.16533833,-77.2049165,2025,12,9
250054414,Injury Crash,12/05/2025 09:20:00 AM,WALKERS CHOICE RD,NA,Front to Rear,Snow,Snow,Daylight,No Controls,NONE DETECTED,No,No Apparent Injury,NA,Not Distracted,MD,Passenger Car,Slowing or Stopping,25,No,2018,CHEVROLET,COLORADO,39.16533833,-77.2049165,2025,12,9
250054415,Property Damage Crash,12/05/2025 09:12:00 AM,NOLTE AVE,NA,Angle,Snow,Wet,Daylight,Stop Sign,NONE DETECTED,Yes,No Apparent Injury,Improper Turn,Not Distracted,MD,Bus - Transit,Turning Left,25,No,2025,GILLIG,LOW FLOOR BUS,38.9936865,-77.01318933,2025,12,9
250054406,Property Damage Crash,12/05/2025 09:06:00 AM,BREADY RD,NA,Single Vehicle,Snow,Snow,Daylight,No Controls,NONE DETECTED,Yes,No Apparent Injury,NA,Not Distracted,MD,Sport Utility Vehicle,Slowing or Stopping,30,No,2023,CHEVROLET,TAHOE,39.14752232,-77.09464573,2025,12,9
250054404,Property Damage Crash,12/05/2025 09:00:00 AM,ASHCROFT CT,NA,Single Vehicle,Snow,Snow,Daylight,No Controls,NONE DETECTED,Yes,No Apparent Injury,Other Improper Action,Not Distracted,MD,Bus - School,Moving Constant Speed,25,No,2015,FREIGHTLINER,B2 BUS CHASSIS,39.16197733,-77.01101983,2025,12,9
250054410,Property Damage Crash,12/05/2025 08:57:00 AM,CLARKSBURG RD,NA,Front to Rear,Snow,Snow,Daylight,Stop Sign,NONE DETECTED,Yes,No Apparent Injury,Too Fast For Conditions,Not Distracted,MD,Passenger Car,Slowing or Stopping,25,No,2019,NISSAN,ROGUE,39.24360795,-77.27913869,2025,12,8
250054410,Property Damage Crash,12/05/2025 08:57:00 AM,CLARKSBURG RD,NA,Front to Rear,Snow,Snow,Daylight,Stop Sign,NONE DETECTED,No,No Apparent Injury,NA,Not Distracted,MD,Bus - School,Stopped in Traffic,25,No,2021,THOMAS BUILT,HDX,39.24360795,-77.27913869,2025,12,8
250054411,Property Damage Crash,12/05/2025 08:50:00 AM,HALESWORTH DR,NA,Single Vehicle,Snow,Snow,Daylight,No Controls,NONE DETECTED,No,No Apparent Injury,Too Fast For Conditions,Not Distracted,MD,Bus - School,Slowing or Stopping,25,No,2019,THOMAS BUILT,HDX,39.06638142,-77.16588353,2025,12,8
250054409,Property Damage Crash,12/05/2025 08:48:00 AM,CLOPPER RD,NA,Front to Rear,Snow,Snow,Daylight,Traffic Control Signal,NONE DETECTED,No,NA,NA,NA,NA,Bus - School,Stopped in Traffic,30,No,0,NA,NA,39.1628805,-77.2835915,2025,12,8
250054409,Property Damage Crash,12/05/2025 08:48:00 AM,CLOPPER RD,NA,Front to Rear,Snow,Snow,Daylight,Traffic Control Signal,NONE DETECTED,Yes,No Apparent Injury,Too Fast For Conditions,Not Distracted,MD,Passenger Car,Slowing or Stopping,30,No,2016,TOYOTA,COROLLA,39.1628805,-77.2835915,2025,12,8
25002579,Property Damage Crash,12/05/2025 08:47:00 AM,NA,NA,Single Vehicle,Snow,NA,Daylight,NA,NONE DETECTED,No,No Apparent Injury,NA,Not Distracted,MD,Pickup,Accelerating,0,No,2023,FORD,F-250,39.01781093,-77.0285101,2025,12,8
250054402,Injury Crash,12/05/2025 08:30:00 AM,IS 270 LOCAL LANES (SB),NA,Front to Rear,Snow,Snow,Daylight,No Controls,NONE DETECTED,Yes,Possible Minor Injury,NA,Not Distracted,MD,Passenger Car,Moving Constant Speed,55,No,2023,NISSAN,ROGUE,39.09555438,-77.17721044,2025,12,8
250054412,Property Damage Crash,12/05/2025 08:30:00 AM,NA,NA,Front to Rear,Snow,Snow,Daylight,Stop Sign,NONE DETECTED,Yes,No Apparent Injury,NA,Not Distracted,MD,Sport Utility Vehicle,Slowing or Stopping,25,No,2016,HYUNDAI,TUCSON,39.1155929,-77.05160032,2025,12,8
250054402,Injury Crash,12/05/2025 08:30:00 AM,IS 270 LOCAL LANES (SB),NA,Front to Rear,Snow,Snow,Daylight,No Controls,NONE DETECTED,No,Possible Minor Injury,NA,Not Distracted,FL,Pickup,Slowing or Stopping,55,No,2017,RAM,1500,39.09555438,-77.17721044,2025,12,8
250054412,Property Damage Crash,12/05/2025 08:30:00 AM,NA,NA,Front to Rear,Snow,Snow,Daylight,Stop Sign,NONE DETECTED,No,No Apparent Injury,NA,Not Distracted,MD,Bus - School,Slowing or Stopping,25,No,2019,THOMAS BUILT,HDX,39.1155929,-77.05160032,2025,12,8
250054396,Injury Crash,12/05/2025 08:12:00 AM,NA,NA,Front to Rear,Snow,Snow,Daylight,No Controls,NONE DETECTED,No,No Apparent Injury,NA,Unknown,MD,Passenger Car,Stopped in Traffic,45,No,2014,NISSAN,ALTIMA,39.215324,-77.251924,2025,12,8
250054396,Injury Crash,12/05/2025 08:12:00 AM,NA,NA,Front to Rear,Snow,Snow,Daylight,No Controls,NONE DETECTED,Yes,No Apparent Injury,"Followed Too Closely, Swerved or Avoided Due to Wind, Slippery Surface, Motor Vehicle, Object, Non-Motorist in Roadway, etc",Unknown,MD,Passenger Car,Slowing or Stopping,45,No,2008,BMW,528I,39.215324,-77.251924,2025,12,8
250054396,Injury Crash,12/05/2025 08:12:00 AM,NA,NA,Front to Rear,Snow,Snow,Daylight,No Controls,NONE DETECTED,No,Possible Minor Injury,NA,Unknown,MD,Passenger Car,Moving Constant Speed,45,No,2013,CHEVROLET,SPARK,39.215324,-77.251924,2025,12,8
250054401,Property Damage Crash,12/05/2025 08:12:00 AM,EDGEWOOD AVE,NA,Front to Rear,Snow,Snow,Daylight,Stop Sign,NONE DETECTED,Yes,No Apparent Injury,Too Fast For Conditions,Not Distracted,NC,Passenger Car,Overtaking/Passing,25,No,2009,DODGE,CHALLENGER,39.0238135,-77.01270917,2025,12,8
250054401,Property Damage Crash,12/05/2025 08:12:00 AM,EDGEWOOD AVE,NA,Front to Rear,Snow,Snow,Daylight,Stop Sign,NONE DETECTED,No,No Apparent Injury,NA,Not Distracted,MD,Bus - School,Parked,25,No,2016,THOMAS BUILT,HDX,39.0238135,-77.01270917,2025,12,8
250054399,Injury Crash,12/05/2025 08:06:00 AM,CELEBRATION WAY,NA,Angle,Snow,Ice/Frost,Daylight,No Controls,NONE DETECTED,No,Possible Minor Injury,NA,Not Distracted,VA,Passenger Car,Moving Constant Speed,25,No,2014,NISSAN,SENTRA,39.18209593,-77.26835382,2025,12,8
250054399,Injury Crash,12/05/2025 08:06:00 AM,CELEBRATION WAY,NA,Angle,Snow,Ice/Frost,Daylight,Stop Sign,NONE DETECTED,Yes,No Apparent Injury,Too Fast For Conditions,Not Distracted,MD,Passenger Car,Slowing or Stopping,25,No,2022,CHEVROLET,MALIBU,39.18209593,-77.26835382,2025,12,8
250054395,Property Damage Crash,12/05/2025 07:55:00 AM,DARNESTOWN RD,NA,Front to Rear,Snow,Snow,Daylight,Traffic Control Signal,NONE DETECTED,No,No Apparent Injury,NA,Not Distracted,MD,Sport Utility Vehicle,Slowing or Stopping,40,No,2020,HONDA,CR-V,39.11224348,-77.24076473,2025,12,7
250054395,Property Damage Crash,12/05/2025 07:55:00 AM,DARNESTOWN RD,NA,Front to Rear,Snow,Snow,Daylight,Traffic Control Signal,NONE DETECTED,No,No Apparent Injury,NA,Not Distracted,MD,Sport Utility Vehicle,Slowing or Stopping,40,No,2025,DODGE,DURANGO,39.11224348,-77.24076473,2025,12,7
250054393,Property Damage Crash,12/05/2025 07:45:00 AM,RAMP 8 FR IS 270 SB TO MD 118 WB,NA,Single Vehicle,Snow,Ice/Frost,Daylight,No Controls,NONE DETECTED,No,No Apparent Injury,"Swerved or Avoided Due to Wind, Slippery Surface, Motor Vehicle, Object, Non-Motorist in Roadway, etc",Not Distracted,VA,Passenger Car,Moving Constant Speed,20,No,2023,HYUNDAI,SONATA,39.18406471,-77.25767145,2025,12,7
250054394,Injury Crash,12/05/2025 07:45:00 AM,MUDDY BRANCH RD (SB/L),NA,Single Vehicle,Snow,Snow,Daylight,Traffic Control Signal,NONE DETECTED,Yes,Possible Minor Injury,NA,Not Distracted,MD,Station Wagon,Moving Constant Speed,35,No,2017,JEEP,PATRIOT,39.12788217,-77.20942783,2025,12,7
250054389,Property Damage Crash,12/05/2025 07:39:00 AM,NEW HAMPSHIRE AVE (SB/L),NA,Single Vehicle,Snow,Snow,Daylight,No Controls,NONE DETECTED,No,No Apparent Injury,NA,Not Distracted,MD,Sport Utility Vehicle,Moving Constant Speed,45,No,2022,LEXUS,NX,39.10680686,-77.00070404,2025,12,7
250054397,Property Damage Crash,12/05/2025 07:32:00 AM,NA,NA,Front to Rear,Snow,NA,Daylight,NA,NONE DETECTED,No,No Apparent Injury,Too Fast For Conditions,Not Distracted,MD,Bus - School,Slowing or Stopping,0,No,2014,FREIGHTLINER,B2 BUS CHASSIS,39.1210927,-77.1773022,2025,12,7
250054397,Property Damage Crash,12/05/2025 07:32:00 AM,NA,NA,Front to Rear,Snow,NA,Daylight,NA,NONE DETECTED,No,No Apparent Injury,NA,Not Distracted,VA,Van - Passenger (&lt;9 Seats),Parked,0,No,2018,FORD,TRANSIT,39.1210927,-77.1773022,2025,12,7
250054392,Property Damage Crash,12/05/2025 07:25:00 AM,NA,NA,Single Vehicle,Snow,Snow,Daylight,No Controls,NONE DETECTED,Yes,No Apparent Injury,NA,Unknown,MD,Passenger Car,Moving Constant Speed,25,No,2023,TOYOTA,COROLLA,38.97718256,-77.08840057,2025,12,7
250054390,Property Damage Crash,12/05/2025 07:20:00 AM,NA,NA,Angle,Snow,NA,Daylight,NA,NONE DETECTED,Yes,No Apparent Injury,"Swerved or Avoided Due to Wind, Slippery Surface, Motor Vehicle, Object, Non-Motorist in Roadway, etc",Unknown,MD,Passenger Car,Slowing or Stopping,0,No,2013,HONDA,CIVIC,39.18284733,-77.21617789,2025,12,7
250054390,Property Damage Crash,12/05/2025 07:20:00 AM,NA,NA,Angle,Snow,NA,Daylight,NA,NONE DETECTED,No,No Apparent Injury,NA,Not Distracted,MD,Bus - School,Moving Constant Speed,0,No,2025,FREIGHTLINER,B2 106 ELECTRIC CONVENTIONAL CHASSIS,39.18284733,-77.21617789,2025,12,7
250054388,Property Damage Crash,12/05/2025 07:16:00 AM,JACKSON RD,NA,Front to Rear,Snow,Snow,Daylight,Traffic Control Signal,NONE DETECTED,Yes,No Apparent Injury,Too Fast For Conditions,Not Distracted,MD,Passenger Car,Slowing or Stopping,35,No,2015,HONDA,ACCORD,39.05525445,-76.99560036,2025,12,7
250054388,Property Damage Crash,12/05/2025 07:16:00 AM,JACKSON RD,NA,Front to Rear,Snow,Snow,Daylight,Traffic Control Signal,NONE DETECTED,No,No Apparent Injury,NA,Not Distracted,MD,Passenger Car,Slowing or Stopping,35,No,2018,DODGE,CHARGER,39.05525445,-76.99560036,2025,12,7
250054387,Property Damage Crash,12/05/2025 07:12:00 AM,GRAMERCY BLVD,NA,"Sideswipe, Same Direction",Snow,Snow,Daylight,No Controls,NONE DETECTED,No,No Apparent Injury,NA,Not Distracted,MD,Passenger Car,Accelerating,35,No,2023,TESLA,MODEL 3,39.12461785,-77.16446332,2025,12,7
250054387,Property Damage Crash,12/05/2025 07:12:00 AM,GRAMERCY BLVD,NA,"Sideswipe, Same Direction",Snow,Snow,Daylight,No Controls,NONE DETECTED,Yes,No Apparent Injury,"Swerved or Avoided Due to Wind, Slippery Surface, Motor Vehicle, Object, Non-Motorist in Roadway, etc",Not Distracted,MD,Other Trucks,Accelerating,35,No,2014,MACK,GU (GRANITE),39.12461785,-77.16446332,2025,12,7
250054403,Property Damage Crash,12/05/2025 07:10:00 AM,HAWKES RD,NA,Front to Rear,Snow,Ice/Frost,Daylight,No Controls,NONE DETECTED,No,No Apparent Injury,"Swerved or Avoided Due to Wind, Slippery Surface, Motor Vehicle, Object, Non-Motorist in Roadway, etc",Not Distracted,MD,Bus - School,Parked,30,No,2021,THOMAS BUILT,HDX,39.25318257,-77.24031101,2025,12,7
250054403,Property Damage Crash,12/05/2025 07:10:00 AM,HAWKES RD,NA,Front to Rear,Snow,Ice/Frost,Daylight,No Controls,NONE DETECTED,Yes,No Apparent Injury,"Swerved or Avoided Due to Wind, Slippery Surface, Motor Vehicle, Object, Non-Motorist in Roadway, etc",Not Distracted,AZ,Passenger Car,Slowing or Stopping,30,No,2001,TOYOTA,CAMRY,39.25318257,-77.24031101,2025,12,7
250054386,Injury Crash,12/05/2025 07:01:00 AM,NORBECK RD (WB/L),NA,Front to Rear,Snow,Ice/Frost,Daylight,No Controls,NONE DETECTED,No,NA,NA,NA,NA,Passenger Car,Slowing or Stopping,35,No,2015,TOYOTA,HIGHLANDER,39.09637499,-77.10931522,2025,12,7
250054386,Injury Crash,12/05/2025 07:01:00 AM,NORBECK RD (WB/L),NA,Front to Rear,Snow,Ice/Frost,Daylight,No Controls,NONE DETECTED,Yes,Possible Minor Injury,"Swerved or Avoided Due to Wind, Slippery Surface, Motor Vehicle, Object, Non-Motorist in Roadway, etc",Unknown,MD,Passenger Car,Slowing or Stopping,35,No,2024,HYUNDAI,ELANTRA,39.09637499,-77.10931522,2025,12,7
250054383,Property Damage Crash,12/05/2025 05:00:00 AM,NEW HAMPSHIRE AVE,NA,Single Vehicle,Clear,Dry,Medium,No Controls,NONE DETECTED,Yes,No Apparent Injury,"Ran Off Roadway, Too Fast For Conditions",Unknown,MD,Sport Utility Vehicle,Moving Constant Speed,35,No,2019,HONDA,CR-V,39.16616058,-77.01527566,2025,12,5
250054380,Property Damage Crash,12/05/2025 02:45:00 AM,GEORGIA AVE (SB/L),NA,Angle,Clear,Dry,Medium,No Controls,NONE DETECTED,Yes,No Apparent Injury,NA,Unknown,MD,Passenger Car,Changing Lanes,25,No,2023,HONDA,CR-V,39.04167252,-77.05190197,2025,12,2
250054380,Property Damage Crash,12/05/2025 02:45:00 AM,GEORGIA AVE (SB/L),NA,Angle,Clear,Dry,Medium,No Controls,NONE DETECTED,No,No Apparent Injury,NA,Not Distracted,MD,Other,Moving Constant Speed,25,No,2001,FORD,F-550,39.04167252,-77.05190197,2025,12,2
25002577,Property Damage Crash,12/05/2025 01:50:00 AM,BRINK RD,NA,Single Vehicle,Clear,Dry,Dark,Reduce Speed Ahead Warning Sign,NONE DETECTED,No,No Apparent Injury,NA,Not Distracted,MD,Sport Utility Vehicle,NA,35,No,2023,DODGE,DURANGO,39.20464341,-77.21097958,2025,12,1
250054408,Property Damage Crash,12/05/2025 12:00:00 AM,NA,NA,Front to Rear,Clear,NA,Dark,NA,NONE DETECTED,No,NA,NA,NA,NA,Passenger Car,Backing,0,No,2006,LEXUS,GS,39.17825209,-77.26230112,2025,12,0
250054373,Injury Crash,12/04/2025 11:22:00 PM,LAYHILL RD,NA,Angle,Clear,Dry,Medium,Traffic Control Signal,NONE DETECTED,No,Possible Minor Injury,NA,Not Distracted,MD,Sport Utility Vehicle,Moving Constant Speed,40,No,2015,HONDA,CR-V,39.06919536,-77.04564119,2025,12,23
250054373,Injury Crash,12/04/2025 11:22:00 PM,LAYHILL RD,NA,Angle,Clear,Dry,Medium,No Controls,NONE DETECTED,Yes,No Apparent Injury,"Failed to Keep in Proper Lane, Failed to Yield Right-of-Way, Improper Turn, Operated Motor Vehicle in Inattentive, Careless, Negligent, or Erratic Manner, Operated Motor Vehicle in Reckless or Aggressive Manner, Other Improper Action, Over-Correcting/Over-Steering, Ran Red Light, Too Fast For Conditions",Unknown,MD,Passenger Car,Negotiating a Curve,40,No,2014,HYUNDAI,SONATA,39.06919536,-77.04564119,2025,12,23
250054364,Property Damage Crash,12/04/2025 09:08:00 PM,NA,NA,Single Vehicle,Clear,Dry,Dark,No Controls,NONE DETECTED,Yes,No Apparent Injury,"Swerved or Avoided Due to Wind, Slippery Surface, Motor Vehicle, Object, Non-Motorist in Roadway, etc",Not Distracted,WA,Sport Utility Vehicle,Moving Constant Speed,50,No,2019,GMC,TERRAIN,39.128527,-77.3420215,2025,12,21
250054349,Property Damage Crash,12/04/2025 07:17:00 PM,RIDGE RD,NA,Front to Rear,Clear,Dry,Medium,No Controls,NONE DETECTED,No,No Apparent Injury,NA,Not Distracted,MD,Passenger Car,Turning Left,40,No,2013,NISSAN,VERSA,39.23960033,-77.23504717,2025,12,19
250054349,Property Damage Crash,12/04/2025 07:17:00 PM,RIDGE RD,NA,Front to Rear,Clear,Dry,Medium,No Controls,NONE DETECTED,Yes,No Apparent Injury,Followed Too Closely,"Other Action (looking away from task, etc.)",MD,Passenger Car,Moving Constant Speed,40,No,2019,NISSAN,KICKS,39.23960033,-77.23504717,2025,12,19
250054348,Property Damage Crash,12/04/2025 07:10:00 PM,RIDGE RD (SB/L),NA,Front to Rear,Clear,Dry,Dark,No Controls,NONE DETECTED,Yes,No Apparent Injury,Followed Too Closely,Not Distracted,MD,Passenger Car,Slowing or Stopping,40,No,2016,TOYOTA,PRIUS,39.30793,-77.19760833,2025,12,19
250054348,Property Damage Crash,12/04/2025 07:10:00 PM,RIDGE RD (SB/L),NA,Front to Rear,Clear,Dry,Dark,No Controls,NONE DETECTED,No,No Apparent Injury,NA,Not Distracted,MD,Sport Utility Vehicle,Slowing or Stopping,40,No,2012,KIA,SPORTAGE,39.30793,-77.19760833,2025,12,19
250054347,Property Damage Crash,12/04/2025 06:36:00 PM,COLUMBIA PIKE (SB/L),NA,Front to Rear,Clear,Dry,Medium,Traffic Control Signal,NONE DETECTED,No,NA,NA,NA,NA,Passenger Car,Moving Constant Speed,40,No,2023,FORD,TRANSIT,39.09894022,-76.93623056,2025,12,18
250054347,Property Damage Crash,12/04/2025 06:36:00 PM,COLUMBIA PIKE (SB/L),NA,Front to Rear,Clear,Dry,Medium,Traffic Control Signal,NONE DETECTED,No,No Apparent Injury,NA,Not Distracted,ME,Passenger Car,Stopped in Traffic,40,No,2022,CADILLAC,CT4,39.09894022,-76.93623056,2025,12,18
250054333,Property Damage Crash,12/04/2025 05:46:00 PM,RIVER RD,NA,Front to Rear,Clear,Dry,Medium,Traffic Control Signal,NONE DETECTED,No,No Apparent Injury,NA,Not Distracted,MD,Sport Utility Vehicle,Slowing or Stopping,35,No,2021,HONDA,CR-V,38.975473,-77.12592767,2025,12,17
250054333,Property Damage Crash,12/04/2025 05:46:00 PM,RIVER RD,NA,Front to Rear,Clear,Dry,Medium,Traffic Control Signal,NONE DETECTED,No,No Apparent Injury,NA,Not Distracted,MD,Sport Utility Vehicle,Stopped in Traffic,35,No,2009,CADILLAC,ESCALADE,38.975473,-77.12592767,2025,12,17
250054333,Property Damage Crash,12/04/2025 05:46:00 PM,RIVER RD,NA,Front to Rear,Clear,Dry,Medium,Traffic Control Signal,NONE DETECTED,No,No Apparent Injury,NA,Not Distracted,MD,Sport Utility Vehicle,Moving Constant Speed,35,No,2024,FORD,BRONCO,38.975473,-77.12592767,2025,12,17
250054328,Injury Crash,12/04/2025 05:39:00 PM,NA,Scooter (non-Electric),Single Vehicle,Clear,NA,Dark,NA,NONE DETECTED,Yes,No Apparent Injury,NA,Not Distracted,MD,Passenger Car,Accelerating,0,No,2010,TOYOTA,COROLLA,39.03742736,-76.98976065,2025,12,17
250054327,Injury Crash,12/04/2025 05:35:00 PM,E DIAMOND AVE,NA,Front to Rear,Clear,Dry,Medium,Traffic Control Signal,NONE DETECTED,No,NA,NA,NA,NA,Passenger Car,Turning Right,25,No,2014,HONDA,ACCORD,39.1421842,-77.19335459,2025,12,17
250054327,Injury Crash,12/04/2025 05:35:00 PM,E DIAMOND AVE,NA,Front to Rear,Clear,Dry,Medium,Traffic Control Signal,NONE DETECTED,No,Possible Minor Injury,NA,Not Distracted,MD,Passenger Car,Turning Left,25,No,2020,HONDA,ACCORD,39.1421842,-77.19335459,2025,12,17
250054329,Property Damage Crash,12/04/2025 05:34:00 PM,OLD COLUMBIA PIKE,NA,Rear To Side,Clear,Dry,Medium,Traffic Control Signal,NONE DETECTED,Yes,No Apparent Injury,Failed to Yield Right-of-Way,Unknown,MD,Passenger Car,Turning Left,35,No,2010,HONDA,CIVIC,39.10815503,-76.93698936,2025,12,17
250054329,Property Damage Crash,12/04/2025 05:34:00 PM,OLD COLUMBIA PIKE,NA,Rear To Side,Clear,Dry,Medium,Traffic Control Signal,NONE DETECTED,No,No Apparent Injury,NA,Not Distracted,MD,Passenger Car,Moving Constant Speed,35,No,2004,TOYOTA,COROLLA,39.10815503,-76.93698936,2025,12,17
250054325,Property Damage Crash,12/04/2025 05:32:00 PM,RAMP 5 FR IS 270 SB TO SHADY GROVE RD,NA,"Sideswipe, Same Direction",Clear,Dry,Dark,No Controls,NONE DETECTED,No,No Apparent Injury,NA,Not Distracted,MD,Sport Utility Vehicle,Moving Constant Speed,55,No,2025,FORD,EXPLORER,39.11228283,-77.1898342,2025,12,17
250054325,Property Damage Crash,12/04/2025 05:32:00 PM,RAMP 5 FR IS 270 SB TO SHADY GROVE RD,NA,"Sideswipe, Same Direction",Clear,Dry,Dark,No Controls,NONE DETECTED,Yes,No Apparent Injury,"Disregard Officer Directions, Failed to Yield Right-of-Way","Other Action (looking away from task, etc.)",MD,Van - Passenger (&lt;9 Seats),Changing Lanes,55,No,2007,HONDA,ODYSSEY,39.11228283,-77.1898342,2025,12,17
250054323,Injury Crash,12/04/2025 05:24:00 PM,NA,NA,Angle,Clear,Dry,Medium,No Controls,NONE DETECTED,No,Possible Minor Injury,NA,Unknown,MD,Passenger Car,Moving Constant Speed,40,No,2018,TOYOTA,CAMRY,39.10420626,-77.1926365,2025,12,17
250054323,Injury Crash,12/04/2025 05:24:00 PM,NA,NA,Angle,Clear,Dry,Medium,No Controls,NONE DETECTED,Yes,Possible Minor Injury,NA,Not Distracted,MD,Passenger Car,Turning Left,40,No,2020,BMW,X5,39.10420626,-77.1926365,2025,12,17
250054321,Property Damage Crash,12/04/2025 05:13:00 PM,NA,NA,Angle,Clear,Dry,Medium,Traffic Control Signal,NONE DETECTED,No,No Apparent Injury,NA,Not Distracted,MD,Passenger Car,Accelerating,35,No,2015,HONDA,ACCORD,38.97713437,-77.09056144,2025,12,17
250054321,Property Damage Crash,12/04/2025 05:13:00 PM,NA,NA,Angle,Clear,Dry,Medium,Traffic Control Signal,NONE DETECTED,No,NA,NA,NA,NA,NA,Turning Left,25,No,0,NA,NA,38.97713437,-77.09056144,2025,12,17
250054319,Injury Crash,12/04/2025 05:12:00 PM,BELLS MILL RD,NA,Front to Front,Clear,Dry,Medium,Pedestrian Crossing Sign,NONE DETECTED,No,Possible Minor Injury,NA,Not Distracted,MD,Sport Utility Vehicle,Moving Constant Speed,35,No,2011,HONDA,CR-V,39.02319023,-77.13041569,2025,12,17
250054319,Injury Crash,12/04/2025 05:12:00 PM,BELLS MILL RD,NA,Front to Front,Clear,Dry,Medium,Stop Sign,NONE DETECTED,Yes,No Apparent Injury,Failed to Yield Right-of-Way,Unknown,MD,Sport Utility Vehicle,Turning Left,25,No,2017,SUBARU,FORESTER,39.02319023,-77.13041569,2025,12,17
250054315,Property Damage Crash,12/04/2025 05:00:00 PM,NA,NA,Front to Rear,Clear,Dry,Medium,No Controls,NONE DETECTED,No,No Apparent Injury,NA,Not Distracted,DC,Bus - Transit,Slowing or Stopping,15,No,2021,NEW FLYER,XCELSIOR,39.04141433,-76.9834695,2025,12,17
250054315,Property Damage Crash,12/04/2025 05:00:00 PM,NA,NA,Front to Rear,Clear,Dry,Medium,No Controls,NONE DETECTED,Yes,No Apparent Injury,NA,Unknown,MD,Other,Moving Constant Speed,15,No,2018,RAM,PROMASTER 2500,39.04141433,-76.9834695,2025,12,17
250054314,Property Damage Crash,12/04/2025 04:39:00 PM,MIDCOUNTY HWY,NA,Angle,Clear,Dry,Medium,No Controls,NONE DETECTED,No,No Apparent Injury,NA,Unknown,MD,Truck Tractor,Moving Constant Speed,45,No,2014,INTERNATIONAL,MA035,39.14303054,-77.15885765,2025,12,16
250054314,Property Damage Crash,12/04/2025 04:39:00 PM,MIDCOUNTY HWY,NA,Angle,Clear,Dry,Medium,No Controls,NONE DETECTED,Yes,No Apparent Injury,Failed to Yield Right-of-Way,Unknown,MD,Van - Passenger (&lt;9 Seats),Turning Left,45,No,2012,TOYOTA,SIENNA,39.14303054,-77.15885765,2025,12,16
250054312,Property Damage Crash,12/04/2025 04:26:00 PM,LOCKWOOD DR,NA,"Sideswipe, Opposite Direction",Clear,Dry,Daylight,Traffic Control Signal,NONE DETECTED,Yes,No Apparent Injury,NA,Unknown,MD,Passenger Car,Turning Right,35,No,2025,TOYOTA,COROLLA,39.03976746,-76.9905716,2025,12,16
250054312,Property Damage Crash,12/04/2025 04:26:00 PM,LOCKWOOD DR,NA,"Sideswipe, Opposite Direction",Clear,Dry,Daylight,Traffic Control Signal,NONE DETECTED,No,No Apparent Injury,NA,Unknown,MD,Passenger Car,Accelerating,35,No,2020,NISSAN,ALTIMA,39.03976746,-76.9905716,2025,12,16