Local Case Number,ACRS Report Type,Crash Date/Time,Road Name,Related Non-Motorist,Collision Type,Weather,Surface Condition,Light,Traffic Control,Driver Substance Abuse,Driver At Fault,Injury Severity,Circumstance,Driver Distracted By,Drivers License State,Vehicle Body Type,Vehicle Movement,Speed Limit,Driverless Vehicle,Vehicle Year,Vehicle Make,Vehicle Model,Latitude,Longitude,Year,Month,Hour
250056206,Property Damage Crash,12/04/2025 04:23:00 PM,NA,NA,Rear To Side,Clear,NA,Daylight,NA,NONE DETECTED,No,NA,NA,NA,NA,NA,Backing,0,No,0,NA,NA,39.05113079,-77.10923996,2025,12,16
250054306,Property Damage Crash,12/04/2025 03:55:00 PM,NA,NA,Angle,Clear,Dry,Daylight,Traffic Control Signal,NONE DETECTED,Yes,No Apparent Injury,"Over-Correcting/Over-Steering, Ran Red Light",Unknown,MD,Passenger Car,Moving Constant Speed,30,No,2017,SUBARU,FORESTER,39.16262216,-77.28266045,2025,12,15
250054306,Property Damage Crash,12/04/2025 03:55:00 PM,NA,NA,Angle,Clear,Dry,Daylight,Traffic Control Signal,NONE DETECTED,No,No Apparent Injury,NA,Not Distracted,MD,Passenger Car,Moving Constant Speed,40,No,2021,TOYOTA,RAV4,39.16262216,-77.28266045,2025,12,15
250054292,Property Damage Crash,12/04/2025 02:52:00 PM,FLOWER AVE,NA,"Sideswipe, Same Direction",Clear,Dry,Daylight,No Controls,NONE DETECTED,No,No Apparent Injury,NA,Not Distracted,MD,Passenger Car,Moving Constant Speed,25,No,2016,TOYOTA,SIENNA,38.98129028,-76.99513437,2025,12,14
250054296,Property Damage Crash,12/04/2025 02:50:00 PM,GRAND CORNER AVE,NA,"Sideswipe, Same Direction",Clear,Dry,Daylight,No Controls,NONE DETECTED,No,No Apparent Injury,NA,Unknown,NA,Passenger Car,Entering Traffic Lane,25,No,2020,TOYOTA,C-HR,39.11792633,-77.2003415,2025,12,14
250054291,Property Damage Crash,12/04/2025 02:50:00 PM,NEW HAMPSHIRE AVE (SB/L),NA,"Sideswipe, Same Direction",Clear,Dry,Daylight,No Controls,NONE DETECTED,No,No Apparent Injury,Failed to Keep in Proper Lane,Not Distracted,MD,Passenger Car,Moving Constant Speed,40,No,2019,ACURA,ILX,39.05033317,-76.99338967,2025,12,14
250054291,Property Damage Crash,12/04/2025 02:50:00 PM,NEW HAMPSHIRE AVE (SB/L),NA,"Sideswipe, Same Direction",Clear,Dry,Daylight,No Controls,NONE DETECTED,No,No Apparent Injury,NA,Not Distracted,MD,Bus - School,Moving Constant Speed,40,No,2020,THOMAS BUILT,HDX,39.05033317,-76.99338967,2025,12,14
250054289,Property Damage Crash,12/04/2025 02:00:00 PM,NA,NA,Front to Rear,Clear,NA,Daylight,NA,NONE DETECTED,No,NA,NA,NA,NA,Passenger Car,Backing,0,No,2018,TOYOTA,RAV4,38.9616464,-77.08741244,2025,12,14
250054289,Property Damage Crash,12/04/2025 02:00:00 PM,NA,NA,Front to Rear,Clear,NA,Daylight,NA,NONE DETECTED,No,No Apparent Injury,NA,Not Distracted,VA,Passenger Car,Parked,0,No,2021,NISSAN,VERSA,38.9616464,-77.08741244,2025,12,14
250054307,Injury Crash,12/04/2025 02:00:00 PM,ONEILL DR,Cyclist (Electric),Single Vehicle,Clear,Dry,Daylight,Traffic Control Signal,NONE DETECTED,No,No Apparent Injury,Failed to Yield Right-of-Way,Not Distracted,MD,Passenger Car,Accelerating,25,No,2019,TOYOTA,CAMRY,39.12401333,-77.17993117,2025,12,14
250054259,Property Damage Crash,12/04/2025 12:15:00 PM,NA,NA,Front to Rear,Clear,Dry,Daylight,No Controls,NONE DETECTED,No,No Apparent Injury,NA,Not Distracted,MD,Passenger Car,Slowing or Stopping,35,No,2022,NISSAN,PATHFINDER,38.98821517,-77.081437,2025,12,12
250054259,Property Damage Crash,12/04/2025 12:15:00 PM,NA,NA,Front to Rear,Clear,Dry,Daylight,No Controls,NONE DETECTED,Yes,No Apparent Injury,NA,Not Distracted,MD,Other Trucks,Moving Constant Speed,35,No,2015,MACK,GU (GRANITE),38.98821517,-77.081437,2025,12,12
250054236,Injury Crash,12/04/2025 10:02:00 AM,SEEK LA,NA,Single Vehicle,Clear,Dry,Daylight,No Controls,NONE DETECTED,Yes,Possible Minor Injury,NA,Unknown,MD,Passenger Car,Accelerating,30,No,2001,BUICK,PARK AVENUE,38.99730264,-76.99360333,2025,12,10
250054222,Property Damage Crash,12/04/2025 08:59:00 AM,RIDGE RD (SB/L),NA,Front to Rear,Clear,Dry,Daylight,No Controls,NONE DETECTED,No,No Apparent Injury,NA,Not Distracted,MD,Passenger Car,Slowing or Stopping,40,No,2019,HONDA,ACCORD,39.31146117,-77.19801267,2025,12,8
250054222,Property Damage Crash,12/04/2025 08:59:00 AM,RIDGE RD (SB/L),NA,Front to Rear,Clear,Dry,Daylight,No Controls,NONE DETECTED,No,No Apparent Injury,NA,Not Distracted,MD,Sport Utility Vehicle,Slowing or Stopping,40,No,2024,HYUNDAI,SANTA FE,39.31146117,-77.19801267,2025,12,8
250054222,Property Damage Crash,12/04/2025 08:59:00 AM,RIDGE RD (SB/L),NA,Front to Rear,Clear,Dry,Daylight,No Controls,NONE DETECTED,Yes,No Apparent Injury,Followed Too Closely,Not Distracted,MD,Passenger Car,Moving Constant Speed,40,No,2008,PONTIAC,G6,39.31146117,-77.19801267,2025,12,8
250054222,Property Damage Crash,12/04/2025 08:59:00 AM,RIDGE RD (SB/L),NA,Front to Rear,Clear,Dry,Daylight,No Controls,NONE DETECTED,No,No Apparent Injury,NA,Not Distracted,MD,Passenger Car,Slowing or Stopping,40,No,2013,TOYOTA,SIENNA,39.31146117,-77.19801267,2025,12,8
250054215,Property Damage Crash,12/04/2025 08:10:00 AM,RANDOLPH RD (WB/L),NA,"Sideswipe, Same Direction",Clear,Dry,Daylight,No Controls,NONE DETECTED,Yes,No Apparent Injury,NA,Not Distracted,MD,Passenger Car,Changing Lanes,30,No,1998,HONDA,ACCORD,39.05440483,-77.08652717,2025,12,8
250054215,Property Damage Crash,12/04/2025 08:10:00 AM,RANDOLPH RD (WB/L),NA,"Sideswipe, Same Direction",Clear,Dry,Daylight,No Controls,NONE DETECTED,No,No Apparent Injury,NA,Not Distracted,MD,Sport Utility Vehicle,Stopped in Traffic,30,No,2015,SUBARU,FORESTER,39.05440483,-77.08652717,2025,12,8
250054214,Property Damage Crash,12/04/2025 08:03:00 AM,ASPEN HILL RD,NA,"Sideswipe, Same Direction",Clear,Dry,Daylight,Traffic Control Signal,NONE DETECTED,Yes,No Apparent Injury,NA,Unknown,MD,Bus - School,Moving Constant Speed,25,No,2017,THOMAS BUILT,HDX,39.0802827,-77.08063448,2025,12,8
250054214,Property Damage Crash,12/04/2025 08:03:00 AM,ASPEN HILL RD,NA,"Sideswipe, Same Direction",Clear,Dry,Daylight,Traffic Control Signal,NONE DETECTED,No,NA,NA,NA,NA,NA,Moving Constant Speed,25,No,0,NA,NA,39.0802827,-77.08063448,2025,12,8
250054213,Property Damage Crash,12/04/2025 07:41:00 AM,GOLDSBORO RD,NA,Front to Rear,Cloudy,Ice/Frost,Daylight,Traffic Control Signal,NONE DETECTED,No,No Apparent Injury,NA,Not Distracted,MD,Other Trucks,Stopped in Traffic,30,No,2014,MACK,GU (GRANITE),38.97677317,-77.10693417,2025,12,7
250054213,Property Damage Crash,12/04/2025 07:41:00 AM,GOLDSBORO RD,NA,Front to Rear,Cloudy,Ice/Frost,Daylight,Traffic Control Signal,NONE DETECTED,No,No Apparent Injury,NA,Not Distracted,VA,Passenger Car,Slowing or Stopping,30,No,2016,HONDA,HR-V,38.97677317,-77.10693417,2025,12,7
250054212,Property Damage Crash,12/04/2025 07:30:00 AM,GEORGIA AVE (SB/L),NA,"Sideswipe, Same Direction",Clear,Dry,Daylight,No Controls,NONE DETECTED,No,No Apparent Injury,NA,Not Distracted,MD,Bus - Transit,Moving Constant Speed,30,No,2019,NEW FLYER,XCELSIOR,39.01534417,-77.04273417,2025,12,7
250054212,Property Damage Crash,12/04/2025 07:30:00 AM,GEORGIA AVE (SB/L),NA,"Sideswipe, Same Direction",Clear,Dry,Daylight,No Controls,NONE DETECTED,Yes,No Apparent Injury,NA,Not Distracted,MD,Van - Cargo,Changing Lanes,30,No,2012,CHEVROLET,EXPRESS,39.01534417,-77.04273417,2025,12,7
250054211,Property Damage Crash,12/04/2025 07:28:00 AM,COLUMBIA PIKE (SB/L),NA,Front to Rear,Clear,Dry,Daylight,No Controls,NONE DETECTED,Yes,No Apparent Injury,"Followed Too Closely, Other Improper Action",Not Distracted,MD,Passenger Car,Moving Constant Speed,45,No,2021,HYUNDAI,ELANTRA,39.04529343,-76.98903022,2025,12,7
250054211,Property Damage Crash,12/04/2025 07:28:00 AM,COLUMBIA PIKE (SB/L),NA,Front to Rear,Clear,Dry,Daylight,No Controls,NONE DETECTED,No,No Apparent Injury,NA,Not Distracted,GA,Pickup,Moving Constant Speed,45,No,2023,FORD,F-150,39.04529343,-76.98903022,2025,12,7
250054209,Property Damage Crash,12/04/2025 06:07:00 AM,NA,NA,Angle,Clear,Dry,Medium,Traffic Control Signal,NONE DETECTED,No,No Apparent Injury,NA,Not Distracted,MD,Passenger Car,Moving Constant Speed,30,No,2025,TOYOTA,CAMRY,39.08317909,-77.15285496,2025,12,6
250054209,Property Damage Crash,12/04/2025 06:07:00 AM,NA,NA,Angle,Clear,Dry,Medium,Traffic Control Signal,NONE DETECTED,Yes,No Apparent Injury,NA,Not Distracted,MD,Passenger Car,Turning Left,30,No,2010,TOYOTA,RAV4,39.08317909,-77.15285496,2025,12,6
250054207,Property Damage Crash,12/04/2025 05:32:00 AM,COLUMBIA PIKE,NA,Angle,Clear,Dry,Medium,No Controls,NONE DETECTED,Yes,No Apparent Injury,NA,Unknown,MD,Passenger Car,Turning Right,45,No,2022,KIA,EV6,39.037545,-76.99911383,2025,12,5
250054207,Property Damage Crash,12/04/2025 05:32:00 AM,COLUMBIA PIKE,NA,Angle,Clear,Dry,Medium,No Controls,NONE DETECTED,No,No Apparent Injury,NA,Not Distracted,MD,Passenger Car,Moving Constant Speed,45,No,2018,HONDA,PILOT,39.037545,-76.99911383,2025,12,5
250054194,Injury Crash,12/03/2025 10:51:00 PM,NA,NA,Single Vehicle,Clear,NA,Dark,NA,NONE DETECTED,No,Possible Minor Injury,NA,Not Distracted,MD,Passenger Car,Moving Constant Speed,0,No,2019,LEXUS,RX,39.01940717,-77.23359617,2025,12,22
250054182,Property Damage Crash,12/03/2025 09:00:00 PM,BEL PRE RD,NA,Angle,Clear,Dry,Medium,No Controls,NONE DETECTED,No,No Apparent Injury,NA,Not Distracted,MD,Sport Utility Vehicle,Moving Constant Speed,35,No,2025,FORD,EXPLORER,39.09121155,-77.06235284,2025,12,21
250054182,Property Damage Crash,12/03/2025 09:00:00 PM,BEL PRE RD,NA,Angle,Clear,Dry,Medium,No Controls,NONE DETECTED,No,No Apparent Injury,NA,Not Distracted,NA,Passenger Car,Turning Right,35,No,2013,HONDA,FIT,39.09121155,-77.06235284,2025,12,21
250054172,Property Damage Crash,12/03/2025 07:52:00 PM,E JEFFERSON ST,NA,"Sideswipe, Same Direction",Clear,Dry,Medium,Traffic Control Signal,NONE DETECTED,Yes,No Apparent Injury,NA,Not Distracted,PA,Other Trucks,Turning Left,30,No,2008,SPARTAN MOTORS CHASS,GLADIATOR,39.08182891,-77.14898279,2025,12,19
250054172,Property Damage Crash,12/03/2025 07:52:00 PM,E JEFFERSON ST,NA,"Sideswipe, Same Direction",Clear,Dry,Medium,Traffic Control Signal,NONE DETECTED,No,No Apparent Injury,NA,Not Distracted,MD,Passenger Car,Stopped in Traffic,30,No,2024,TOYOTA,SIENNA,39.08182891,-77.14898279,2025,12,19
250054163,Property Damage Crash,12/03/2025 06:30:00 PM,NA,NA,"Sideswipe, Opposite Direction",Clear,NA,Medium,NA,NONE DETECTED,No,No Apparent Injury,NA,Not Distracted,MD,Sport Utility Vehicle,Moving Constant Speed,0,No,2021,HYUNDAI,SANTA FE,39.09693342,-76.93508751,2025,12,18
250054163,Property Damage Crash,12/03/2025 06:30:00 PM,NA,NA,"Sideswipe, Opposite Direction",Clear,NA,Medium,NA,NONE DETECTED,No,NA,NA,NA,NA,Passenger Car,Turning Left,0,No,2008,HONDA,CIVIC,39.09693342,-76.93508751,2025,12,18
250054157,Property Damage Crash,12/03/2025 06:00:00 PM,FIELDS RD,NA,"Sideswipe, Same Direction",Clear,Dry,Medium,Traffic Control Signal,NONE DETECTED,Yes,No Apparent Injury,Other Improper Action,Unknown,MD,Passenger Car,Changing Lanes,35,No,2016,HONDA,ACCORD,39.11580725,-77.20367118,2025,12,18
250054157,Property Damage Crash,12/03/2025 06:00:00 PM,FIELDS RD,NA,"Sideswipe, Same Direction",Clear,Dry,Medium,No Controls,NONE DETECTED,No,No Apparent Injury,NA,Not Distracted,MD,Passenger Car,Moving Constant Speed,35,No,2020,JEEP,GRAND CHEROKEE,39.11580725,-77.20367118,2025,12,18
250054151,Property Damage Crash,12/03/2025 05:29:00 PM,OAKVIEW DR,NA,Front to Rear,Clear,Dry,Medium,Traffic Control Signal,NONE DETECTED,No,No Apparent Injury,NA,Not Distracted,PA,Sport Utility Vehicle,Stopped in Traffic,25,No,2015,CADILLAC,ESCALADE,39.01541783,-76.97885388,2025,12,17
250054151,Property Damage Crash,12/03/2025 05:29:00 PM,OAKVIEW DR,NA,Front to Rear,Clear,Dry,Medium,Traffic Control Signal,NONE DETECTED,Yes,No Apparent Injury,NA,Talking/listening,NA,Sport Utility Vehicle,Slowing or Stopping,25,No,2011,HONDA,PILOT,39.01541783,-76.97885388,2025,12,17
250054154,Property Damage Crash,12/03/2025 04:51:00 PM,E GUDE DR,NA,Front to Rear,Clear,Dry,Medium,Traffic Control Signal,NONE DETECTED,No,No Apparent Injury,NA,Not Distracted,MD,Passenger Car,Stopped in Traffic,35,No,2005,LEXUS,ES,39.0977501,-77.13674456,2025,12,16
250054154,Property Damage Crash,12/03/2025 04:51:00 PM,E GUDE DR,NA,Front to Rear,Clear,Dry,Medium,Traffic Control Signal,NONE DETECTED,Yes,No Apparent Injury,"Followed Too Closely, Operated Motor Vehicle in Inattentive, Careless, Negligent, or Erratic Manner",Unknown,MD,Passenger Car,Moving Constant Speed,35,No,2014,LEXUS,ES,39.0977501,-77.13674456,2025,12,16
250054154,Property Damage Crash,12/03/2025 04:51:00 PM,E GUDE DR,NA,Front to Rear,Clear,Dry,Medium,Traffic Control Signal,NONE DETECTED,No,No Apparent Injury,NA,Not Distracted,MD,Passenger Car,Stopped in Traffic,35,No,2018,TOYOTA,HIGHLANDER,39.0977501,-77.13674456,2025,12,16
250054124,Property Damage Crash,12/03/2025 04:11:00 PM,PINEY BRANCH RD,NA,Rear To Rear,Clear,Dry,Daylight,Traffic Control Signal,NONE DETECTED,Yes,No Apparent Injury,NA,Not Distracted,MD,Passenger Car,Accelerating,35,No,2016,HONDA,CIVIC,38.99815152,-77.00373162,2025,12,16
250054124,Property Damage Crash,12/03/2025 04:11:00 PM,PINEY BRANCH RD,NA,Rear To Rear,Clear,Dry,Daylight,Traffic Control Signal,NONE DETECTED,No,No Apparent Injury,NA,Not Distracted,MD,Bus - School,Accelerating,35,No,2022,THOMAS BUILT,HDX,38.99815152,-77.00373162,2025,12,16
250054136,Property Damage Crash,12/03/2025 04:10:00 PM,CRABB AVE,NA,Other,Clear,Dry,Medium,No Controls,NONE DETECTED,No,No Apparent Injury,NA,Not Distracted,MD,Passenger Car,Moving Constant Speed,25,No,2015,DODGE,CHALLENGER,39.08875523,-77.1433554,2025,12,16
250054136,Property Damage Crash,12/03/2025 04:10:00 PM,CRABB AVE,NA,Other,Clear,Dry,Medium,Stop Sign,NONE DETECTED,Yes,No Apparent Injury,NA,Not Distracted,MD,Passenger Car,Accelerating,25,No,2023,BMW,IX,39.08875523,-77.1433554,2025,12,16
250054126,Injury Crash,12/03/2025 03:54:00 PM,UNIVERSITY BLVD W (WB/L),NA,Front to Rear,Clear,Dry,Daylight,No Controls,NONE DETECTED,No,Possible Minor Injury,NA,Not Distracted,MD,Passenger Car,Slowing or Stopping,35,No,2022,TOYOTA,TACOMA,39.03204628,-77.02262211,2025,12,15
250054126,Injury Crash,12/03/2025 03:54:00 PM,UNIVERSITY BLVD W (WB/L),NA,Front to Rear,Clear,Dry,Daylight,No Controls,NONE DETECTED,No,No Apparent Injury,NA,Not Distracted,MD,Passenger Car,Moving Constant Speed,35,No,2009,TOYOTA,TACOMA,39.03204628,-77.02262211,2025,12,15
250054126,Injury Crash,12/03/2025 03:54:00 PM,UNIVERSITY BLVD W (WB/L),NA,Front to Rear,Clear,Dry,Daylight,No Controls,NONE DETECTED,No,No Apparent Injury,NA,Not Distracted,MD,Passenger Car,Slowing or Stopping,35,No,2025,TOYOTA,SIENNA,39.03204628,-77.02262211,2025,12,15
250054084,Property Damage Crash,12/03/2025 02:54:00 PM,AIRCRAFT DR,NA,Angle,Clear,Dry,Daylight,Traffic Control Signal,NONE DETECTED,No,No Apparent Injury,NA,Not Distracted,MD,Passenger Car,Accelerating,35,No,2018,MERCEDES-BENZ,GLE-CLASS,39.18211238,-77.26025117,2025,12,14
250054084,Property Damage Crash,12/03/2025 02:54:00 PM,AIRCRAFT DR,NA,Angle,Clear,Dry,Daylight,Traffic Control Signal,NONE DETECTED,Yes,No Apparent Injury,NA,Not Distracted,MD,Passenger Car,Moving Constant Speed,40,No,2025,HONDA,CIVIC SI,39.18211238,-77.26025117,2025,12,14
250054076,Property Damage Crash,12/03/2025 02:30:00 PM,NA,NA,Angle,Clear,Dry,Daylight,No Controls,NONE DETECTED,Yes,No Apparent Injury,NA,Unknown,MD,Passenger Car,Changing Lanes,40,No,2002,MERCEDES-BENZ,SLK-CLASS,39.11354255,-77.22238171,2025,12,14
250054076,Property Damage Crash,12/03/2025 02:30:00 PM,NA,NA,Angle,Clear,Dry,Daylight,No Controls,NONE DETECTED,No,No Apparent Injury,NA,Not Distracted,MD,Sport Utility Vehicle,Moving Constant Speed,40,No,2025,JEEP,GRAND CHEROKEE L,39.11354255,-77.22238171,2025,12,14
25002570,Property Damage Crash,12/03/2025 02:00:00 PM,WISCONSIN AVE (SB/L),NA,Unknown,Clear,Dry,Daylight,Traffic Control Signal,NONE DETECTED,No,No Apparent Injury,NA,Unknown,MD,Pickup,Moving Constant Speed,35,No,2025,FORD,F-450,38.96313023,-77.08696198,2025,12,14
250054065,Property Damage Crash,12/03/2025 01:13:00 PM,QUEEN ELIZABETH DR,NA,Rear To Side,Clear,Dry,Daylight,No Controls,NONE DETECTED,No,No Apparent Injury,NA,Not Distracted,MD,Van - Passenger (&lt;9 Seats),Parked,30,No,2024,RIVIAN,EDV,39.16157469,-77.07325176,2025,12,13
250054065,Property Damage Crash,12/03/2025 01:13:00 PM,QUEEN ELIZABETH DR,NA,Rear To Side,Clear,Dry,Daylight,No Controls,NONE DETECTED,Yes,No Apparent Injury,NA,Not Distracted,MD,Passenger Car,Backing,30,No,2017,FORD,TAURUS,39.16157469,-77.07325176,2025,12,13
250054048,Injury Crash,12/03/2025 12:20:00 PM,NA,NA,Angle,Clear,NA,Daylight,NA,NONE DETECTED,No,No Apparent Injury,NA,Not Distracted,MD,Passenger Car,Moving Constant Speed,0,No,2013,TOYOTA,CAMRY,39.03869271,-77.05574961,2025,12,12
250054048,Injury Crash,12/03/2025 12:20:00 PM,NA,NA,Angle,Clear,NA,Daylight,NA,NONE DETECTED,Yes,Possible Minor Injury,Failed to Yield Right-of-Way,Not Distracted,MD,Passenger Car,Moving Constant Speed,0,No,2014,NISSAN,SENTRA,39.03869271,-77.05574961,2025,12,12
250054040,Property Damage Crash,12/03/2025 11:33:00 AM,GREAT SENECA HWY,NA,Single Vehicle,Clear,Dry,Daylight,Traffic Control Signal,NONE DETECTED,Yes,No Apparent Injury,"Swerved or Avoided Due to Wind, Slippery Surface, Motor Vehicle, Object, Non-Motorist in Roadway, etc",Not Distracted,MD,Passenger Car,Moving Constant Speed,35,No,2018,TOYOTA,COROLLA,39.159249,-77.27512633,2025,12,11
250054035,Injury Crash,12/03/2025 10:45:00 AM,SHADY GROVE RD (SB/L),NA,Front to Front,Clear,Dry,Daylight,Traffic Control Signal,NONE DETECTED,Yes,No Apparent Injury,NA,Unknown,MD,Passenger Car,Moving Constant Speed,40,No,2025,CHEVROLET,EXPRESS,39.13448017,-77.15754167,2025,12,10
250054035,Injury Crash,12/03/2025 10:45:00 AM,SHADY GROVE RD (SB/L),NA,Front to Front,Clear,Dry,Daylight,Traffic Control Signal,NONE DETECTED,No,Possible Minor Injury,NA,Not Distracted,MD,Passenger Car,Stopped in Traffic,40,No,2023,HYUNDAI,SANTA FE,39.13448017,-77.15754167,2025,12,10
250054035,Injury Crash,12/03/2025 10:45:00 AM,SHADY GROVE RD (SB/L),NA,Front to Front,Clear,Dry,Daylight,Traffic Control Signal,NONE DETECTED,No,No Apparent Injury,NA,Not Distracted,MD,Passenger Car,Stopped in Traffic,40,No,2013,FORD,TRANSIT CONNECT,39.13448017,-77.15754167,2025,12,10
250054031,Injury Crash,12/03/2025 10:31:00 AM,NA,NA,"Sideswipe, Same Direction",Clear,NA,Daylight,NA,NONE DETECTED,No,Possible Minor Injury,NA,Not Distracted,MD,Passenger Car,Moving Constant Speed,0,No,2018,NISSAN,SENTRA,39.14818737,-77.21064951,2025,12,10
250054031,Injury Crash,12/03/2025 10:31:00 AM,NA,NA,"Sideswipe, Same Direction",Clear,NA,Daylight,NA,NONE DETECTED,Yes,No Apparent Injury,NA,Not Distracted,MD,Passenger Car,Turning Right,0,No,2014,HONDA,PILOT,39.14818737,-77.21064951,2025,12,10
250054025,Property Damage Crash,12/03/2025 10:04:00 AM,MONROE PL,NA,Single Vehicle,Clear,Dry,Daylight,No Controls,NONE DETECTED,Yes,No Apparent Injury,NA,Not Distracted,MD,Sport Utility Vehicle,NA,25,No,2024,DODGE,DURANGO,39.08349333,-77.14839667,2025,12,10
250054014,Property Damage Crash,12/03/2025 08:38:00 AM,EDMONSTON DR,NA,Angle,Clear,Dry,Daylight,Stop Sign,NONE DETECTED,Yes,No Apparent Injury,Failed to Yield Right-of-Way,Unknown,MD,Passenger Car,Accelerating,25,No,2015,DODGE,DART,39.08382992,-77.13035028,2025,12,8
250054014,Property Damage Crash,12/03/2025 08:38:00 AM,EDMONSTON DR,NA,Angle,Clear,Dry,Daylight,Stop Sign,NONE DETECTED,No,No Apparent Injury,NA,Not Distracted,MD,Pickup,Accelerating,25,No,2006,NISSAN,TITAN,39.08382992,-77.13035028,2025,12,8
250054008,Property Damage Crash,12/03/2025 07:40:00 AM,CONNECTICUT AVE,NA,"Sideswipe, Same Direction",Clear,Dry,Daylight,No Controls,NONE DETECTED,No,NA,NA,NA,NA,Pickup,NA,35,No,2018,ISUZU,NQR,39.03123223,-77.07504882,2025,12,7
250054008,Property Damage Crash,12/03/2025 07:40:00 AM,CONNECTICUT AVE,NA,"Sideswipe, Same Direction",Clear,Dry,Daylight,No Controls,NONE DETECTED,No,No Apparent Injury,NA,Not Distracted,MD,Station Wagon,Moving Constant Speed,35,No,2017,CHEVROLET,EXPRESS,39.03123223,-77.07504882,2025,12,7
250054007,Property Damage Crash,12/03/2025 07:33:00 AM,CLOPPER RD,NA,Front to Rear,Clear,Dry,Daylight,No Controls,NONE DETECTED,Yes,No Apparent Injury,Too Fast For Conditions,Not Distracted,MD,Passenger Car,Moving Constant Speed,30,No,2015,TOYOTA,RAV4,39.16442351,-77.28649685,2025,12,7
250054007,Property Damage Crash,12/03/2025 07:33:00 AM,CLOPPER RD,NA,Front to Rear,Clear,Dry,Daylight,No Controls,NONE DETECTED,No,No Apparent Injury,NA,Not Distracted,MD,Passenger Car,Moving Constant Speed,30,No,2014,HONDA,CR-V,39.16442351,-77.28649685,2025,12,7
250054004,Property Damage Crash,12/03/2025 07:20:00 AM,COLUMBIA PIKE,NA,Front to Rear,Clear,Ice/Frost,Daylight,No Controls,NONE DETECTED,No,No Apparent Injury,NA,Not Distracted,NA,Van - Passenger (&lt;9 Seats),Slowing or Stopping,40,No,2011,FORD,E-250,39.0365743,-76.99970875,2025,12,7
250054004,Property Damage Crash,12/03/2025 07:20:00 AM,COLUMBIA PIKE,NA,Front to Rear,Clear,Ice/Frost,Daylight,No Controls,NONE DETECTED,Yes,No Apparent Injury,NA,Not Distracted,MD,Passenger Car,Slowing or Stopping,40,No,2024,TOYOTA,COROLLA CROSS,39.0365743,-76.99970875,2025,12,7
250054004,Property Damage Crash,12/03/2025 07:20:00 AM,COLUMBIA PIKE,NA,Front to Rear,Clear,Ice/Frost,Daylight,No Controls,NONE DETECTED,Yes,No Apparent Injury,NA,Not Distracted,VA,Passenger Car,Slowing or Stopping,40,No,2023,MERCEDES-BENZ,E-CLASS,39.0365743,-76.99970875,2025,12,7
250054001,Property Damage Crash,12/03/2025 06:50:00 AM,RANDOLPH RD (WB/L),NA,Front to Rear,Clear,Dry,Daylight,Traffic Control Signal,NONE DETECTED,Yes,No Apparent Injury,"Followed Too Closely, Too Fast For Conditions",Not Distracted,MD,Passenger Car,Slowing or Stopping,35,No,2015,TOYOTA,PRIUS,39.06074675,-77.04511653,2025,12,6
250054001,Property Damage Crash,12/03/2025 06:50:00 AM,RANDOLPH RD (WB/L),NA,Front to Rear,Clear,Dry,Daylight,Traffic Control Signal,NONE DETECTED,No,No Apparent Injury,NA,Not Distracted,MD,Bus - School,Turning Right,35,No,2024,FREIGHTLINER,B2 106 ELECTRIC CONVENTIONAL CHASSIS,39.06074675,-77.04511653,2025,12,6
250053990,Property Damage Crash,12/03/2025 12:28:00 AM,SOUTHLAWN LA,NA,Other,Clear,Dry,Medium,Traffic Control Signal,NONE DETECTED,No,No Apparent Injury,NA,Not Distracted,DC,Passenger Car,Stopped in Traffic,25,No,2018,HONDA,CIVIC,39.09786815,-77.13649488,2025,12,0