Local Case Number,ACRS Report Type,Crash Date/Time,Road Name,Related Non-Motorist,Collision Type,Weather,Surface Condition,Light,Traffic Control,Driver Substance Abuse,Driver At Fault,Injury Severity,Circumstance,Driver Distracted By,Drivers License State,Vehicle Body Type,Vehicle Movement,Speed Limit,Driverless Vehicle,Vehicle Year,Vehicle Make,Vehicle Model,Latitude,Longitude,Year,Month,Hour
250053990,Property Damage Crash,12/03/2025 12:28:00 AM,SOUTHLAWN LA,NA,Other,Clear,Dry,Medium,Traffic Control Signal,NONE DETECTED,Yes,No Apparent Injury,"Improper Backing, Operated Motor Vehicle in Inattentive, Careless, Negligent, or Erratic Manner, Operated Motor Vehicle in Reckless or Aggressive Manner, Other Improper Action","Other Action (looking away from task, etc.)",MD,Sport Utility Vehicle,Backing,25,No,2024,GENESIS,GV60,39.09786815,-77.13649488,2025,12,0
250053971,Property Damage Crash,12/02/2025 07:15:00 PM,NEW HAMPSHIRE AVE,NA,"Sideswipe, Same Direction",Clear,Wet,Medium,Traffic Control Signal,NONE DETECTED,Yes,NA,Improper Passing,Unknown,NA,Sport Utility Vehicle,Changing Lanes,30,No,2016,HONDA,PILOT,39.01963296,-76.97631897,2025,12,19
250053971,Property Damage Crash,12/02/2025 07:15:00 PM,NEW HAMPSHIRE AVE,NA,"Sideswipe, Same Direction",Clear,Wet,Medium,Traffic Control Signal,NONE DETECTED,Yes,No Apparent Injury,Failed to Keep in Proper Lane,Not Distracted,MD,Passenger Car,Leaving Traffic Lane,30,No,2016,SUBARU,IMPREZA,39.01963296,-76.97631897,2025,12,19
250053966,Property Damage Crash,12/02/2025 06:50:00 PM,NA,NA,Front to Rear,Clear,NA,Medium,NA,NONE DETECTED,No,No Apparent Injury,NA,Not Distracted,MD,Sport Utility Vehicle,Parked,0,No,2025,KIA,TELLURIDE,39.03914946,-76.99102953,2025,12,18
250053966,Property Damage Crash,12/02/2025 06:50:00 PM,NA,NA,Front to Rear,Clear,NA,Medium,NA,NONE DETECTED,No,NA,NA,NA,NA,Passenger Car,Moving Constant Speed,0,No,0,NA,NA,39.03914946,-76.99102953,2025,12,18
250053955,Property Damage Crash,12/02/2025 06:26:00 PM,MIDDLEBROOK RD,NA,Angle,Clear,Wet,Medium,Traffic Control Signal,NONE DETECTED,No,No Apparent Injury,NA,Not Distracted,MD,Passenger Car,Accelerating,35,No,2013,HONDA,CR-V,39.183863,-77.27343817,2025,12,18
250053955,Property Damage Crash,12/02/2025 06:26:00 PM,MIDDLEBROOK RD,NA,Angle,Clear,Wet,Medium,Traffic Control Signal,NONE DETECTED,Yes,No Apparent Injury,Failed to Yield Right-of-Way,Unknown,MD,Van - Cargo,Turning Left,35,No,2005,GMC,SAVANA,39.183863,-77.27343817,2025,12,18
250054361,Property Damage Crash,12/02/2025 06:10:00 PM,NA,NA,Angle,Rain,NA,Medium,NA,NONE DETECTED,Yes,No Apparent Injury,NA,Not Distracted,MD,Sport Utility Vehicle,Turning Left,0,No,2023,HYUNDAI,SANTA FE,39.04017067,-76.99148794,2025,12,18
250053948,Property Damage Crash,12/02/2025 05:59:00 PM,COLESVILLE RD (SB/L),NA,Front to Rear,Clear,Dry,Medium,Traffic Control Signal,NONE DETECTED,No,NA,NA,NA,NA,Passenger Car,NA,35,No,2025,NISSAN,SENTRA,39.0088225,-77.01846434,2025,12,17
250053948,Property Damage Crash,12/02/2025 05:59:00 PM,COLESVILLE RD (SB/L),NA,Front to Rear,Clear,Dry,Medium,Traffic Control Signal,NONE DETECTED,No,No Apparent Injury,NA,Not Distracted,MD,Passenger Car,Slowing or Stopping,35,No,2022,HONDA,CR-V,39.0088225,-77.01846434,2025,12,17
250053952,Injury Crash,12/02/2025 05:55:00 PM,GATESHEAD MANOR WAY,NA,"Sideswipe, Opposite Direction",Clear,Wet,Medium,Traffic Control Signal,NONE DETECTED,Yes,No Apparent Injury,Failed to Yield Right-of-Way,Unknown,MD,Passenger Car,Moving Constant Speed,35,No,2017,NISSAN,ALTIMA,39.07727708,-76.94251563,2025,12,17
250053952,Injury Crash,12/02/2025 05:55:00 PM,GATESHEAD MANOR WAY,NA,"Sideswipe, Opposite Direction",Clear,Wet,Medium,Traffic Control Signal,NONE DETECTED,No,Possible Minor Injury,NA,Not Distracted,MD,Passenger Car,Moving Constant Speed,35,No,2025,TOYOTA,COROLLA,39.07727708,-76.94251563,2025,12,17
250053952,Injury Crash,12/02/2025 05:55:00 PM,GATESHEAD MANOR WAY,NA,"Sideswipe, Opposite Direction",Clear,Wet,Medium,Traffic Control Signal,NONE DETECTED,No,No Apparent Injury,NA,Not Distracted,MD,Bus - Transit,Parked,25,No,2011,GILLIG,LOW FLOOR BUS,39.07727708,-76.94251563,2025,12,17
250053947,Injury Crash,12/02/2025 05:41:00 PM,NA,Pedestrian,Single Vehicle,Clear,NA,Medium,NA,NONE DETECTED,Yes,No Apparent Injury,Other Improper Action,Unknown,MD,Passenger Car,Moving Constant Speed,0,No,2010,NISSAN,MURANO,39.09475035,-77.11011054,2025,12,17
250053946,Property Damage Crash,12/02/2025 05:40:00 PM,GERMANTOWN RD,NA,Front to Rear,Clear,Dry,Medium,Traffic Control Signal,NONE DETECTED,No,No Apparent Injury,NA,Not Distracted,MD,Passenger Car,Stopped in Traffic,35,No,2017,TOYOTA,CAMRY,39.192485,-77.23453333,2025,12,17
250053946,Property Damage Crash,12/02/2025 05:40:00 PM,GERMANTOWN RD,NA,Front to Rear,Clear,Dry,Medium,Traffic Control Signal,NONE DETECTED,Yes,No Apparent Injury,Followed Too Closely,Unknown,PA,Passenger Car,Moving Constant Speed,35,No,2015,NISSAN,ROGUE,39.192485,-77.23453333,2025,12,17
250053951,Injury Crash,12/02/2025 05:25:00 PM,NA,Pedestrian,Single Vehicle,Clear,NA,Medium,NA,NONE DETECTED,Yes,No Apparent Injury,NA,Unknown,MD,Sport Utility Vehicle,Backing,0,No,2013,HYUNDAI,TUCSON,39.04033151,-76.99149269,2025,12,17
250053935,Injury Crash,12/02/2025 04:45:00 PM,NA,Cyclist (non-electric),Single Vehicle,Cloudy,Wet,Medium,Traffic Control Signal,NONE DETECTED,Yes,No Apparent Injury,Failed to Yield Right-of-Way,Not Distracted,MD,Passenger Car,Turning Left,35,No,2019,TOYOTA,PRIUS,39.14918038,-77.02917747,2025,12,16
250053938,Property Damage Crash,12/02/2025 04:39:00 PM,UNIVERSITY BLVD W,NA,Single Vehicle,Clear,Dry,Medium,No Controls,ALCOHOL PRESENT,Yes,No Apparent Injury,"Operated Motor Vehicle in Inattentive, Careless, Negligent, or Erratic Manner, Operated Motor Vehicle in Reckless or Aggressive Manner, Other Improper Action, Ran Off Roadway",Unknown,MD,Passenger Car,Accelerating,35,No,2010,LEXUS,LS,39.03505321,-77.06778609,2025,12,16
250053930,Injury Crash,12/02/2025 04:28:00 PM,CLIFTON RD,NA,Front to Rear,Clear,Dry,Medium,No Controls,NONE DETECTED,No,No Apparent Injury,NA,Not Distracted,MD,Passenger Car,Slowing or Stopping,40,No,2020,TOYOTA,CAMRY,39.07553517,-76.99819983,2025,12,16
250053930,Injury Crash,12/02/2025 04:28:00 PM,CLIFTON RD,NA,Front to Rear,Clear,Dry,Medium,No Controls,NONE DETECTED,Yes,No Apparent Injury,"Followed Too Closely, Too Fast For Conditions",Not Distracted,MD,Passenger Car,Slowing or Stopping,40,No,2017,HONDA,PILOT,39.07553517,-76.99819983,2025,12,16
250053930,Injury Crash,12/02/2025 04:28:00 PM,CLIFTON RD,NA,Front to Rear,Clear,Dry,Medium,No Controls,NONE DETECTED,No,Possible Minor Injury,NA,Not Distracted,MD,Passenger Car,Slowing or Stopping,40,No,2024,MAZDA,CX-5,39.07553517,-76.99819983,2025,12,16
250053930,Injury Crash,12/02/2025 04:28:00 PM,CLIFTON RD,NA,Front to Rear,Clear,Dry,Medium,No Controls,NONE DETECTED,No,No Apparent Injury,NA,Not Distracted,MD,Passenger Car,Slowing or Stopping,40,No,2019,HYUNDAI,KONA,39.07553517,-76.99819983,2025,12,16
250053928,Injury Crash,12/02/2025 04:20:00 PM,CLARKSBURG RD,NA,Front to Front,Clear,Dry,Medium,No Controls,NONE DETECTED,Yes,Possible Minor Injury,Failed to Keep in Proper Lane,Unknown,VA,Passenger Car,Moving Constant Speed,40,No,2015,CHEVROLET,CRUZE,39.20798453,-77.30120146,2025,12,16
250053939,Property Damage Crash,12/02/2025 04:20:00 PM,MASSACHUSETTS AVE,NA,Front to Rear,Rain,Wet,Daylight,Traffic Control Signal,NONE DETECTED,No,No Apparent Injury,NA,Not Distracted,MD,Passenger Car,Slowing or Stopping,35,No,2013,HONDA,ACCORD,38.96088883,-77.11609267,2025,12,16
250053928,Injury Crash,12/02/2025 04:20:00 PM,CLARKSBURG RD,NA,Front to Front,Clear,Dry,Medium,No Controls,NONE DETECTED,No,Possible Minor Injury,NA,Unknown,MD,Passenger Car,Moving Constant Speed,40,No,2005,ACURA,TL,39.20798453,-77.30120146,2025,12,16
250053939,Property Damage Crash,12/02/2025 04:20:00 PM,MASSACHUSETTS AVE,NA,Front to Rear,Rain,Wet,Daylight,Traffic Control Signal,NONE DETECTED,No,No Apparent Injury,NA,Unknown,MD,Bus - School,Slowing or Stopping,35,No,2014,FREIGHTLINER,B2 BUS CHASSIS,38.96088883,-77.11609267,2025,12,16
250053926,Property Damage Crash,12/02/2025 04:17:00 PM,VITAL WAY,NA,Rear To Side,Clear,Dry,Daylight,No Controls,NONE DETECTED,Yes,No Apparent Injury,"Failed to Keep in Proper Lane, Improper Turn, Too Fast For Conditions",Unknown,MD,Passenger Car,Turning Right,15,No,2005,ACURA,TL,39.07514511,-77.0036331,2025,12,16
250053926,Property Damage Crash,12/02/2025 04:17:00 PM,VITAL WAY,NA,Rear To Side,Clear,Dry,Daylight,No Controls,NONE DETECTED,No,No Apparent Injury,NA,Not Distracted,MD,Passenger Car,Turning Right,15,No,2016,CHRYSLER,TOWN AND COUNTRY,39.07514511,-77.0036331,2025,12,16
250053923,Property Damage Crash,12/02/2025 04:13:00 PM,NA,NA,Single Vehicle,Cloudy,Wet,Daylight,Yield Sign,NONE DETECTED,No,No Apparent Injury,NA,Not Distracted,MD,Passenger Car,Negotiating a Curve,40,No,2025,HONDA,CIVIC,39.16279333,-77.28338,2025,12,16
250053919,Injury Crash,12/02/2025 03:55:00 PM,CALVERTON BLVD,NA,Front to Front,Clear,Wet,Daylight,Traffic Control Signal,NONE DETECTED,Yes,Possible Minor Injury,NA,Not Distracted,MD,Sport Utility Vehicle,Turning Left,40,No,2016,INFINITI,QX60,39.05607367,-76.9541905,2025,12,15
250053919,Injury Crash,12/02/2025 03:55:00 PM,CALVERTON BLVD,NA,Front to Front,Clear,Wet,Daylight,Traffic Control Signal,NONE DETECTED,No,Possible Minor Injury,NA,Not Distracted,MD,Passenger Car,Moving Constant Speed,40,No,2013,INFINITI,G37,39.05607367,-76.9541905,2025,12,15
250053904,Property Damage Crash,12/02/2025 03:04:00 PM,NA,NA,"Sideswipe, Opposite Direction",Clear,NA,Daylight,NA,NONE DETECTED,No,No Apparent Injury,NA,Not Distracted,MD,Passenger Car,Parked,0,No,2022,FORD,TRANSIT,38.99798476,-77.00302351,2025,12,15
250053904,Property Damage Crash,12/02/2025 03:04:00 PM,NA,NA,"Sideswipe, Opposite Direction",Clear,NA,Daylight,NA,NONE DETECTED,No,NA,NA,NA,NA,Passenger Car,Accelerating,0,No,2010,HONDA,CIVIC,38.99798476,-77.00302351,2025,12,15
250053913,Injury Crash,12/02/2025 03:01:00 PM,WILKINS AVE,NA,"Sideswipe, Same Direction",Cloudy,Wet,Daylight,No Controls,NONE DETECTED,No,No Apparent Injury,Improper Turn,Not Distracted,MD,Van - Cargo,Making U-Turn,25,No,2018,ISUZU,REACH,39.05990082,-77.11269136,2025,12,15
250053913,Injury Crash,12/02/2025 03:01:00 PM,WILKINS AVE,NA,"Sideswipe, Same Direction",Cloudy,Wet,Daylight,No Controls,NONE DETECTED,No,Possible Minor Injury,NA,Not Distracted,MD,Passenger Car,Moving Constant Speed,25,No,2014,KIA,SOUL,39.05990082,-77.11269136,2025,12,15
250053910,Property Damage Crash,12/02/2025 02:41:00 PM,NA,NA,"Sideswipe, Opposite Direction",Cloudy,Dry,Daylight,No Controls,NONE DETECTED,No,No Apparent Injury,NA,Not Distracted,MD,Passenger Car,Moving Constant Speed,25,No,2017,SUBARU,OUTBACK,39.02243983,-77.12058422,2025,12,14
250053910,Property Damage Crash,12/02/2025 02:41:00 PM,NA,NA,"Sideswipe, Opposite Direction",Cloudy,Dry,Daylight,No Controls,NONE DETECTED,Yes,No Apparent Injury,NA,Unknown,MD,Passenger Car,Moving Constant Speed,25,No,2019,MINI,COUNTRYMAN,39.02243983,-77.12058422,2025,12,14
250053900,Property Damage Crash,12/02/2025 02:34:00 PM,FALLS RD,NA,Front to Rear,Rain,Wet,Daylight,Traffic Control Signal,NONE DETECTED,Yes,No Apparent Injury,NA,Not Distracted,MD,Passenger Car,Slowing or Stopping,40,No,2010,HONDA,CIVIC,39.07290317,-77.1653254,2025,12,14
250053900,Property Damage Crash,12/02/2025 02:34:00 PM,FALLS RD,NA,Front to Rear,Rain,Wet,Daylight,Traffic Control Signal,NONE DETECTED,No,No Apparent Injury,NA,Not Distracted,MD,Sport Utility Vehicle,Stopped in Traffic,40,No,2014,TOYOTA,RAV4,39.07290317,-77.1653254,2025,12,14
250053929,Property Damage Crash,12/02/2025 02:15:00 PM,HILLWOOD DR,NA,"Sideswipe, Opposite Direction",Rain,Wet,Daylight,No Controls,NONE DETECTED,Yes,No Apparent Injury,NA,Not Distracted,MD,Single-Unit Truck,Making U-Turn,25,No,2011,FORD,E-450,39.03227932,-77.00281022,2025,12,14
250053925,Property Damage Crash,12/02/2025 02:15:00 PM,BATTERY PL,NA,Single Vehicle,Clear,Wet,Daylight,No Controls,NONE DETECTED,Yes,No Apparent Injury,NA,Not Distracted,FL,Passenger Car,Turning Right,10,No,2013,NISSAN,ALTIMA,38.99102009,-77.10252711,2025,12,14
250053894,Property Damage Crash,12/02/2025 01:52:00 PM,CAPITAL BELTWAY (WB/L),NA,Front to Rear,Rain,Wet,Daylight,No Controls,NONE DETECTED,Yes,No Apparent Injury,Too Fast For Conditions,Not Distracted,DC,Passenger Car,Moving Constant Speed,55,No,2023,HONDA,HR-V,39.01758389,-76.99498157,2025,12,13
250053894,Property Damage Crash,12/02/2025 01:52:00 PM,CAPITAL BELTWAY (WB/L),NA,Front to Rear,Rain,Wet,Daylight,No Controls,NONE DETECTED,No,No Apparent Injury,NA,Not Distracted,MD,Passenger Car,Slowing or Stopping,55,No,2025,TOYOTA,RAV4,39.01758389,-76.99498157,2025,12,13
250053884,Injury Crash,12/02/2025 01:14:00 PM,GOLDSBORO RD,NA,Front to Rear,Cloudy,Wet,Daylight,No Controls,NONE DETECTED,Yes,No Apparent Injury,"Followed Too Closely, Too Fast For Conditions",Not Distracted,MD,Passenger Car,Moving Constant Speed,35,No,2021,HONDA,CR-V,38.97078329,-77.12956517,2025,12,13
250053884,Injury Crash,12/02/2025 01:14:00 PM,GOLDSBORO RD,NA,Front to Rear,Cloudy,Wet,Daylight,No Controls,NONE DETECTED,No,Possible Minor Injury,NA,Not Distracted,MD,Passenger Car,Slowing or Stopping,35,No,2016,VOLKSWAGEN,GOLF GTI,38.97078329,-77.12956517,2025,12,13
250053873,Property Damage Crash,12/02/2025 12:12:00 PM,W GUDE DR (WB/L),NA,Front to Rear,Rain,Wet,Daylight,Traffic Control Signal,NONE DETECTED,No,No Apparent Injury,Followed Too Closely,Unknown,MD,Passenger Car,Slowing or Stopping,35,No,2012,HONDA,ACCORD,39.10667924,-77.16108939,2025,12,12
250053873,Property Damage Crash,12/02/2025 12:12:00 PM,W GUDE DR (WB/L),NA,Front to Rear,Rain,Wet,Daylight,Traffic Control Signal,NONE DETECTED,No,No Apparent Injury,Other Improper Action,Not Distracted,MD,Passenger Car,Slowing or Stopping,35,No,2010,SUBARU,FORESTER,39.10667924,-77.16108939,2025,12,12
250053853,Injury Crash,12/02/2025 11:17:00 AM,NA,Pedestrian,Single Vehicle,Rain,NA,Daylight,NA,NONE DETECTED,No,No Apparent Injury,NA,Unknown,MD,Bus - Other Type,Accelerating,0,No,2023,CHEVROLET,EXPRESS,39.10925715,-77.06470607,2025,12,11
250053851,Property Damage Crash,12/02/2025 11:13:00 AM,GROVEPOINT CT,NA,Single Vehicle,Rain,Wet,Daylight,No Controls,NONE DETECTED,Yes,No Apparent Injury,NA,Not Distracted,MD,Single-Unit Truck,Backing,25,No,2015,MACK,LEU (TERRAPRO),39.07324775,-77.16779373,2025,12,11
250055221,Property Damage Crash,12/02/2025 09:45:00 AM,JONES BRIDGE RD,NA,"Sideswipe, Same Direction",Rain,Wet,Daylight,No Controls,NONE DETECTED,Yes,No Apparent Injury,NA,Unknown,MD,Passenger Car,Changing Lanes,30,No,2021,KIA,SELTOS,38.99968224,-77.08496632,2025,12,9
250055221,Property Damage Crash,12/02/2025 09:45:00 AM,JONES BRIDGE RD,NA,"Sideswipe, Same Direction",Rain,Wet,Daylight,No Controls,NONE DETECTED,No,No Apparent Injury,NA,Not Distracted,DC,Sport Utility Vehicle,Moving Constant Speed,30,No,2018,JEEP,GRAND CHEROKEE,38.99968224,-77.08496632,2025,12,9
250053845,Injury Crash,12/02/2025 09:40:00 AM,SUGAR VIEW DR,Pedestrian,Single Vehicle,Clear,Dry,Daylight,No Controls,NONE DETECTED,Yes,No Apparent Injury,Improper Backing,Unknown,VA,Other Trucks,Backing,25,No,2016,KENWORTH,T3 SERIES,39.24330134,-77.26885267,2025,12,9
250053841,Injury Crash,12/02/2025 09:24:00 AM,RIDGE RD,NA,Angle,Rain,Wet,Daylight,Traffic Control Signal,NONE DETECTED,Yes,No Apparent Injury,Failed to Yield Right-of-Way,Unknown,MD,Sport Utility Vehicle,Turning Left,40,No,2022,HONDA,CR-V,39.23133833,-77.23713333,2025,12,9
250053841,Injury Crash,12/02/2025 09:24:00 AM,RIDGE RD,NA,Angle,Rain,Wet,Daylight,Traffic Control Signal,NONE DETECTED,No,Possible Minor Injury,NA,Not Distracted,FL,Passenger Car,Moving Constant Speed,40,No,2005,HONDA,CIVIC,39.23133833,-77.23713333,2025,12,9
250053837,Injury Crash,12/02/2025 08:40:00 AM,COLESVILLE RD,NA,"Sideswipe, Same Direction",Rain,Wet,Daylight,Traffic Control Signal,NONE DETECTED,Yes,No Apparent Injury,NA,Not Distracted,MD,Passenger Car,Changing Lanes,35,No,2023,TESLA,MODEL 3,38.99766864,-77.02695558,2025,12,8
250053837,Injury Crash,12/02/2025 08:40:00 AM,COLESVILLE RD,NA,"Sideswipe, Same Direction",Rain,Wet,Daylight,Traffic Control Signal,NONE DETECTED,No,Possible Minor Injury,NA,Not Distracted,MD,Passenger Car,Moving Constant Speed,35,No,2021,CHEVROLET,MALIBU,38.99766864,-77.02695558,2025,12,8
250053836,Property Damage Crash,12/02/2025 08:21:00 AM,MEDICAL CENTER DR (WB/L),NA,Angle,Rain,Wet,Daylight,No Controls,NONE DETECTED,Yes,No Apparent Injury,NA,Not Distracted,MD,Van - Passenger (&lt;9 Seats),Turning Right,35,No,2019,RAM,PROMASTER CITY,39.09657311,-77.19760048,2025,12,8
250053836,Property Damage Crash,12/02/2025 08:21:00 AM,MEDICAL CENTER DR (WB/L),NA,Angle,Rain,Wet,Daylight,No Controls,NONE DETECTED,No,No Apparent Injury,NA,Not Distracted,MD,Bus - Transit,Moving Constant Speed,35,No,2017,GILLIG,LOW FLOOR BUS,39.09657311,-77.19760048,2025,12,8
250053830,Property Damage Crash,12/02/2025 07:00:00 AM,KNOWLES AVE,NA,Front to Front,Rain,Wet,Medium,Traffic Control Signal,NONE DETECTED,No,No Apparent Injury,NA,Not Distracted,MD,Sport Utility Vehicle,Moving Constant Speed,35,No,2015,NISSAN,ROGUE,39.02781632,-77.0795307,2025,12,7
250053830,Property Damage Crash,12/02/2025 07:00:00 AM,KNOWLES AVE,NA,Front to Front,Rain,Wet,Medium,Traffic Control Signal,NONE DETECTED,No,No Apparent Injury,"Failed to Yield Right-of-Way, Improper Turn",Unknown,MD,Passenger Car,Turning Left,35,No,2011,TOYOTA,CAMRY,39.02781632,-77.0795307,2025,12,7
250053822,Property Damage Crash,12/02/2025 12:20:00 AM,FREDERICK RD (SB/L),NA,Single Vehicle,Clear,Dry,Medium,Traffic Control Signal,ALCOHOL PRESENT,Yes,No Apparent Injury,"Disregarded Other Road Markings, Failed to Keep in Proper Lane, Operated Motor Vehicle in Inattentive, Careless, Negligent, or Erratic Manner, Ran Off Roadway",Unknown,MD,Sport Utility Vehicle,Moving Constant Speed,45,No,2019,JEEP,COMPASS,39.15907625,-77.21916876,2025,12,0
250053821,Property Damage Crash,12/01/2025 11:13:00 PM,WELLER RD,NA,Front to Rear,Clear,Dry,Medium,No Controls,NONE DETECTED,Yes,No Apparent Injury,NA,Unknown,MD,Pickup,Moving Constant Speed,25,No,2012,GMC,SIERRA,39.06248267,-77.07894983,2025,12,23
250053818,Property Damage Crash,12/01/2025 10:38:00 PM,FALLSGROVE BLVD,NA,"Sideswipe, Same Direction",Clear,Dry,Medium,No Controls,NONE DETECTED,Yes,No Apparent Injury,NA,Unknown,MD,Passenger Car,Accelerating,25,No,2023,DODGE,CHALLENGER,39.09669287,-77.19411856,2025,12,22
250053790,Injury Crash,12/01/2025 07:08:00 PM,CONNECTICUT AVE,NA,Front to Rear,Clear,Dry,Medium,Traffic Control Signal,NONE DETECTED,No,Possible Minor Injury,NA,Not Distracted,MD,Passenger Car,Moving Constant Speed,35,No,2024,TESLA,CYBERTRUCK,39.08021706,-77.08041247,2025,12,19
250053790,Injury Crash,12/01/2025 07:08:00 PM,CONNECTICUT AVE,NA,Front to Rear,Clear,Dry,Medium,Traffic Control Signal,NONE DETECTED,Yes,Possible Minor Injury,"Failed to Keep in Proper Lane, Failed to Yield Right-of-Way",Unknown,MD,Passenger Car,Changing Lanes,35,No,2020,NISSAN,ROGUE,39.08021706,-77.08041247,2025,12,19
250053787,Property Damage Crash,12/01/2025 06:54:00 PM,NA,NA,"Sideswipe, Opposite Direction",Clear,Dry,Medium,Traffic Control Signal,NONE DETECTED,No,No Apparent Injury,NA,Unknown,MD,Passenger Car,Moving Constant Speed,25,No,2016,ACURA,ILX,39.07947685,-77.1447032,2025,12,18
250053787,Property Damage Crash,12/01/2025 06:54:00 PM,NA,NA,"Sideswipe, Opposite Direction",Clear,Dry,Medium,No Controls,NONE DETECTED,Yes,No Apparent Injury,NA,Unknown,MD,Passenger Car,Accelerating,5,No,2022,PORSCHE,CAYENNE,39.07947685,-77.1447032,2025,12,18
250053783,Property Damage Crash,12/01/2025 06:20:00 PM,DENFELD AVE,NA,Front to Rear,Clear,Dry,Medium,No Controls,NONE DETECTED,No,NA,NA,NA,NA,NA,Slowing or Stopping,25,No,0,NA,NA,39.03878008,-77.07593758,2025,12,18
250053783,Property Damage Crash,12/01/2025 06:20:00 PM,DENFELD AVE,NA,Front to Rear,Clear,Dry,Medium,No Controls,NONE DETECTED,No,No Apparent Injury,NA,Not Distracted,MD,Passenger Car,Stopped in Traffic,25,No,2019,HYUNDAI,TUCSON,39.03878008,-77.07593758,2025,12,18
250053778,Injury Crash,12/01/2025 06:12:00 PM,S FREDERICK RD,NA,Front to Rear,Clear,Dry,Medium,Traffic Control Signal,NONE DETECTED,No,No Apparent Injury,NA,Unknown,MD,Passenger Car,Accelerating,35,No,2012,TOYOTA,CAMRY,39.1372485,-77.19322317,2025,12,18
250053778,Injury Crash,12/01/2025 06:12:00 PM,S FREDERICK RD,NA,Front to Rear,Clear,Dry,Medium,Traffic Control Signal,NONE DETECTED,No,Possible Minor Injury,NA,Not Distracted,MD,Sport Utility Vehicle,Stopped in Traffic,35,No,2021,JEEP,COMPASS,39.1372485,-77.19322317,2025,12,18
250053780,Property Damage Crash,12/01/2025 05:42:00 PM,WOODFIELD RD,NA,Single Vehicle,Clear,Dry,Medium,No Controls,NONE DETECTED,Yes,No Apparent Injury,Improper Turn,Unknown,MD,Passenger Car,Turning Left,30,No,2014,CHEVROLET,VOLT,39.19185,-77.15238,2025,12,17
250053754,Injury Crash,12/01/2025 04:43:00 PM,FIRSTFIELD RD (EB/L),NA,Angle,Clear,Dry,Daylight,Stop Sign,NONE DETECTED,No,No Apparent Injury,Failed to Yield Right-of-Way,Unknown,MD,Passenger Car,Turning Left,25,No,2015,HONDA,CIVIC,39.141937,-77.224468,2025,12,16
250053754,Injury Crash,12/01/2025 04:43:00 PM,FIRSTFIELD RD (EB/L),NA,Angle,Clear,Dry,Daylight,No Controls,NONE DETECTED,No,No Apparent Injury,NA,Not Distracted,MD,Sport Utility Vehicle,Moving Constant Speed,30,No,2017,CHEVROLET,EQUINOX,39.141937,-77.224468,2025,12,16
250053808,Property Damage Crash,12/01/2025 04:31:00 PM,SYCAMORE FARM DR,NA,"Sideswipe, Same Direction",Clear,Dry,Daylight,No Controls,NONE DETECTED,No,NA,NA,NA,NA,Passenger Car,Parked,25,No,2006,BMW,325I,39.2357245,-77.25562983,2025,12,16
250053808,Property Damage Crash,12/01/2025 04:31:00 PM,SYCAMORE FARM DR,NA,"Sideswipe, Same Direction",Clear,Dry,Daylight,No Controls,NONE DETECTED,Yes,No Apparent Injury,Other Improper Action,Unknown,MD,Passenger Car,Moving Constant Speed,25,No,2021,TOYOTA,HIGHLANDER,39.2357245,-77.25562983,2025,12,16
250053747,Injury Crash,12/01/2025 04:12:00 PM,JANET RD,Pedestrian,Single Vehicle,Clear,Dry,Daylight,No Controls,NONE DETECTED,No,NA,NA,NA,NA,NA,Accelerating,15,No,0,NA,NA,39.06930965,-77.06229705,2025,12,16
250053741,Injury Crash,12/01/2025 03:36:00 PM,ASHTON RD,NA,Front to Rear,Clear,Dry,Daylight,No Controls,NONE DETECTED,No,No Apparent Injury,NA,Not Distracted,MD,Station Wagon,Slowing or Stopping,45,No,2023,SUBARU,FORESTER,39.1541605,-77.0026375,2025,12,15