Local Case Number,ACRS Report Type,Crash Date/Time,Road Name,Related Non-Motorist,Collision Type,Weather,Surface Condition,Light,Traffic Control,Driver Substance Abuse,Driver At Fault,Injury Severity,Circumstance,Driver Distracted By,Drivers License State,Vehicle Body Type,Vehicle Movement,Speed Limit,Driverless Vehicle,Vehicle Year,Vehicle Make,Vehicle Model,Latitude,Longitude,Year,Month,Hour
250053741,Injury Crash,12/01/2025 03:36:00 PM,ASHTON RD,NA,Front to Rear,Clear,Dry,Daylight,No Controls,NONE DETECTED,Yes,Possible Minor Injury,Followed Too Closely,Not Distracted,MD,Passenger Car,Slowing or Stopping,45,No,2008,HONDA,CIVIC,39.1541605,-77.0026375,2025,12,15
250053740,Property Damage Crash,12/01/2025 03:20:00 PM,MONTROSE RD (WB/L),NA,Front to Rear,Clear,Dry,Daylight,Traffic Control Signal,NONE DETECTED,No,No Apparent Injury,NA,Not Distracted,MD,Passenger Car,Accelerating,45,No,2006,HYUNDAI,TUCSON,39.05645429,-77.16765594,2025,12,15
250053740,Property Damage Crash,12/01/2025 03:20:00 PM,MONTROSE RD (WB/L),NA,Front to Rear,Clear,Dry,Daylight,Traffic Control Signal,NONE DETECTED,No,No Apparent Injury,Followed Too Closely,Unknown,MD,Passenger Car,Accelerating,45,No,2016,AUDI,A3,39.05645429,-77.16765594,2025,12,15
250053736,Injury Crash,12/01/2025 03:12:00 PM,NA,Pedestrian,Single Vehicle,Clear,Dry,Daylight,Traffic Control Signal,NONE DETECTED,No,No Apparent Injury,NA,Unknown,MD,Passenger Car,Turning Left,35,No,2016,CADILLAC,ESCALADE,39.14656749,-77.0504629,2025,12,15
250053728,Injury Crash,12/01/2025 02:59:00 PM,GRAND CORNER AVE,NA,Rear To Side,Clear,Dry,Daylight,Stop Sign,NONE DETECTED,Yes,No Apparent Injury,Failed to Yield Right-of-Way,Not Distracted,MD,Passenger Car,Accelerating,25,No,2013,NISSAN,ROGUE,39.11872155,-77.20210298,2025,12,14
250053728,Injury Crash,12/01/2025 02:59:00 PM,GRAND CORNER AVE,NA,Rear To Side,Clear,Dry,Daylight,Stop Sign,NONE DETECTED,No,Possible Minor Injury,NA,Not Distracted,MD,Passenger Car,Moving Constant Speed,25,No,2022,SUBARU,OUTBACK,39.11872155,-77.20210298,2025,12,14
250053734,Property Damage Crash,12/01/2025 02:55:00 PM,NA,NA,"Sideswipe, Same Direction",Clear,Dry,Daylight,Traffic Control Signal,NONE DETECTED,No,No Apparent Injury,NA,Not Distracted,MD,Bus - School,Slowing or Stopping,35,No,2016,THOMAS BUILT,HDX,39.1709495,-77.20892917,2025,12,14
250053734,Property Damage Crash,12/01/2025 02:55:00 PM,NA,NA,"Sideswipe, Same Direction",Clear,Dry,Daylight,Traffic Control Signal,NONE DETECTED,Yes,No Apparent Injury,Improper Passing,Unknown,NA,Sport Utility Vehicle,Overtaking/Passing,35,No,1994,TOYOTA,TERCEL,39.1709495,-77.20892917,2025,12,14
250053720,Property Damage Crash,12/01/2025 02:20:00 PM,NA,NA,"Sideswipe, Same Direction",Clear,Dry,Daylight,No Controls,NONE DETECTED,Yes,No Apparent Injury,NA,Not Distracted,MD,Sport Utility Vehicle,Changing Lanes,40,No,2013,HONDA,PILOT,39.06623317,-77.033983,2025,12,14
250053720,Property Damage Crash,12/01/2025 02:20:00 PM,NA,NA,"Sideswipe, Same Direction",Clear,Dry,Daylight,No Controls,NONE DETECTED,No,No Apparent Injury,NA,Not Distracted,MD,Sport Utility Vehicle,Moving Constant Speed,40,No,2024,TOYOTA,COROLLA CROSS,39.06623317,-77.033983,2025,12,14
250053814,Property Damage Crash,12/01/2025 02:10:00 PM,WISCONSIN AVE,NA,"Sideswipe, Same Direction",Clear,Wet,Daylight,No Controls,NONE DETECTED,No,NA,NA,NA,NA,Other Trucks,Changing Lanes,35,No,2021,FORD,E-350,38.96542089,-77.08792234,2025,12,14
250053814,Property Damage Crash,12/01/2025 02:10:00 PM,WISCONSIN AVE,NA,"Sideswipe, Same Direction",Clear,Wet,Daylight,No Controls,NONE DETECTED,No,No Apparent Injury,NA,Not Distracted,MD,Station Wagon,Moving Constant Speed,35,No,2018,SUBARU,CROSSTREK,38.96542089,-77.08792234,2025,12,14
250053719,Injury Crash,12/01/2025 02:09:00 PM,WOLF DR,NA,Angle,Clear,Dry,Daylight,Traffic Control Signal,NONE DETECTED,No,Possible Minor Injury,NA,Not Distracted,MD,Passenger Car,Moving Constant Speed,25,No,2006,HONDA,CIVIC,39.07309233,-77.0025835,2025,12,14
250053719,Injury Crash,12/01/2025 02:09:00 PM,WOLF DR,NA,Angle,Clear,Dry,Daylight,Traffic Control Signal,NONE DETECTED,Yes,No Apparent Injury,Failed to Yield Right-of-Way,Unknown,MD,Passenger Car,Turning Left,25,No,2008,HONDA,CIVIC,39.07309233,-77.0025835,2025,12,14
250053711,Property Damage Crash,12/01/2025 01:08:00 PM,NA,NA,"Sideswipe, Opposite Direction",Clear,NA,Daylight,NA,NONE DETECTED,No,No Apparent Injury,NA,Not Distracted,MD,Passenger Car,Moving Constant Speed,0,No,2022,MERCEDES-BENZ,METRIS,38.98819733,-76.98828383,2025,12,13
250053711,Property Damage Crash,12/01/2025 01:08:00 PM,NA,NA,"Sideswipe, Opposite Direction",Clear,NA,Daylight,NA,NONE DETECTED,No,NA,NA,NA,NA,NA,Accelerating,0,No,0,NA,NA,38.98819733,-76.98828383,2025,12,13
250053684,Property Damage Crash,12/01/2025 11:16:00 AM,NEW HAMPSHIRE AVE,NA,Front to Rear,Clear,Dry,Daylight,No Controls,NONE DETECTED,No,No Apparent Injury,NA,Not Distracted,MD,Truck Tractor,Slowing or Stopping,35,No,2023,ISUZU,NRR,39.01606267,-76.97742979,2025,12,11
250053684,Property Damage Crash,12/01/2025 11:16:00 AM,NEW HAMPSHIRE AVE,NA,Front to Rear,Clear,Dry,Daylight,No Controls,NONE DETECTED,No,No Apparent Injury,Followed Too Closely,Not Distracted,MD,Passenger Car,Moving Constant Speed,35,No,1998,HONDA,CIVIC,39.01606267,-76.97742979,2025,12,11
250053731,Injury Crash,12/01/2025 11:00:00 AM,DEMOCRACY BLVD,NA,"Sideswipe, Same Direction",Clear,Dry,Daylight,Traffic Control Signal,NONE DETECTED,Yes,No Apparent Injury,"Failed to Keep in Proper Lane, Improper Turn",Unknown,MD,Passenger Car,Turning Left,30,No,2020,BMW,M240I,39.02496741,-77.12528648,2025,12,11
250053731,Injury Crash,12/01/2025 11:00:00 AM,DEMOCRACY BLVD,NA,"Sideswipe, Same Direction",Clear,Dry,Daylight,Traffic Control Signal,NONE DETECTED,No,Possible Minor Injury,NA,Not Distracted,MD,Sport Utility Vehicle,Moving Constant Speed,30,No,2026,TESLA,MODEL Y,39.02496741,-77.12528648,2025,12,11
250053666,Injury Crash,12/01/2025 08:20:00 AM,BONIFANT RD,NA,Front to Rear,Clear,Dry,Daylight,Traffic Control Signal,NONE DETECTED,Yes,No Apparent Injury,"Followed Too Closely, Too Fast For Conditions",Unknown,MD,Passenger Car,Slowing or Stopping,35,No,2014,TOYOTA,COROLLA,39.09067842,-77.04453394,2025,12,8
250053666,Injury Crash,12/01/2025 08:20:00 AM,BONIFANT RD,NA,Front to Rear,Clear,Dry,Daylight,Traffic Control Signal,NONE DETECTED,No,Possible Minor Injury,NA,Not Distracted,VA,Passenger Car,Stopped in Traffic,35,No,2021,TOYOTA,CAMRY,39.09067842,-77.04453394,2025,12,8
250053658,Property Damage Crash,12/01/2025 06:55:00 AM,CENTURY BLVD,NA,Angle,Clear,Dry,Daylight,Traffic Control Signal,NONE DETECTED,Yes,No Apparent Injury,Failed to Yield Right-of-Way,Not Distracted,MD,Passenger Car,Turning Left,35,No,2023,HONDA,ODYSSEY,39.18026002,-77.2686506,2025,12,6
250053658,Property Damage Crash,12/01/2025 06:55:00 AM,CENTURY BLVD,NA,Angle,Clear,Dry,Daylight,Traffic Control Signal,NONE DETECTED,No,No Apparent Injury,NA,Not Distracted,MD,Passenger Car,Moving Constant Speed,35,No,2015,NISSAN,MURANO,39.18026002,-77.2686506,2025,12,6
250053649,Property Damage Crash,12/01/2025 02:45:00 AM,ROCKVILLE PIKE,NA,Single Vehicle,Clear,Dry,Medium,No Controls,NONE DETECTED,Yes,No Apparent Injury,"Operated Motor Vehicle in Inattentive, Careless, Negligent, or Erratic Manner, Ran Off Roadway",Not Distracted,DC,Passenger Car,Moving Constant Speed,45,No,2015,KIA,SOUL,39.0276441,-77.10359083,2025,12,2
250053629,Property Damage Crash,11/30/2025 08:50:00 PM,EAST WEST HWY,NA,"Sideswipe, Same Direction",Clear,Wet,Medium,No Controls,NONE DETECTED,No,No Apparent Injury,NA,Not Distracted,MD,Passenger Car,Negotiating a Curve,30,No,2018,BMW,330I,38.99483719,-77.04497266,2025,11,20
250053629,Property Damage Crash,11/30/2025 08:50:00 PM,EAST WEST HWY,NA,"Sideswipe, Same Direction",Clear,Wet,Medium,No Controls,NONE DETECTED,No,No Apparent Injury,Failed to Keep in Proper Lane,Not Distracted,MD,Sport Utility Vehicle,Negotiating a Curve,30,No,2025,BMW,X3,38.99483719,-77.04497266,2025,11,20
250053623,Property Damage Crash,11/30/2025 08:29:00 PM,CLARKSBURG RD,NA,Other,Clear,Wet,Medium,No Controls,NONE DETECTED,Yes,No Apparent Injury,Other Improper Action,Unknown,MD,Passenger Car,Moving Constant Speed,40,No,2023,VOLKSWAGEN,ID.4,39.233005,-77.28359117,2025,11,20
250053623,Property Damage Crash,11/30/2025 08:29:00 PM,CLARKSBURG RD,NA,Other,Clear,Wet,Medium,No Controls,NONE DETECTED,No,No Apparent Injury,NA,Not Distracted,MD,Passenger Car,Moving Constant Speed,40,No,2019,FORD,FUSION,39.233005,-77.28359117,2025,11,20
250053608,Injury Crash,11/30/2025 06:26:00 PM,DEMOCRACY BLVD (EB/L),NA,Front to Rear,Clear,Wet,Medium,Traffic Control Signal,NONE DETECTED,Yes,No Apparent Injury,NA,"Manually Operating (dialing, playing game, etc.)",MD,Passenger Car,Moving Constant Speed,35,No,2012,KIA,FORTE,39.021875,-77.14649217,2025,11,18
250053608,Injury Crash,11/30/2025 06:26:00 PM,DEMOCRACY BLVD (EB/L),NA,Front to Rear,Clear,Wet,Medium,Traffic Control Signal,NONE DETECTED,No,Possible Minor Injury,NA,Not Distracted,MD,Passenger Car,Slowing or Stopping,35,No,2019,ACURA,RDX,39.021875,-77.14649217,2025,11,18
250053605,Property Damage Crash,11/30/2025 06:15:00 PM,GOLDSBORO RD,NA,Single Vehicle,Clear,Wet,Dark,No Controls,ALCOHOL PRESENT,Yes,No Apparent Injury,"Failed to Keep in Proper Lane, Too Fast For Conditions","Other Action (looking away from task, etc.)",DE,Sport Utility Vehicle,Negotiating a Curve,35,No,2024,KIA,SORENTO,38.96933783,-77.13441633,2025,11,18
250053622,Property Damage Crash,11/30/2025 06:11:00 PM,NA,NA,Angle,Clear,NA,Dark,No Controls,NONE DETECTED,No,No Apparent Injury,NA,Unknown,MD,Passenger Car,NA,45,No,2021,HONDA,ACCORD,39.14927265,-77.01219695,2025,11,18
250053622,Property Damage Crash,11/30/2025 06:11:00 PM,NA,NA,Angle,Clear,NA,Dark,No Controls,NONE DETECTED,No,No Apparent Injury,NA,Not Distracted,MD,Passenger Car,NA,45,No,2018,TOYOTA,COROLLA,39.14927265,-77.01219695,2025,11,18
250053604,Injury Crash,11/30/2025 05:34:00 PM,NA,Pedestrian,Single Vehicle,Clear,Wet,Medium,No Controls,NONE DETECTED,No,No Apparent Injury,NA,Not Distracted,FL,Sport Utility Vehicle,Moving Constant Speed,35,No,2012,LEXUS,RX,38.99985017,-76.9922425,2025,11,17
250053601,Property Damage Crash,11/30/2025 05:25:00 PM,NA,NA,Single Vehicle,Clear,Dry,Dark,No Controls,NONE DETECTED,No,No Apparent Injury,NA,Unknown,MD,Passenger Car,Moving Constant Speed,40,No,2000,TOYOTA,AVALON,39.11582828,-77.03668369,2025,11,17
250053596,Injury Crash,11/30/2025 04:55:00 PM,DALAMAR ST,NA,Angle,Cloudy,Dry,Medium,Traffic Control Signal,NONE DETECTED,Yes,No Apparent Injury,Failed to Yield Right-of-Way,Not Distracted,MD,Sport Utility Vehicle,Turning Left,30,No,2024,VOLKSWAGEN,TIGUAN,39.14650867,-77.20493717,2025,11,16
250053596,Injury Crash,11/30/2025 04:55:00 PM,DALAMAR ST,NA,Angle,Cloudy,Dry,Medium,Traffic Control Signal,NONE DETECTED,No,Possible Minor Injury,NA,Not Distracted,MD,Passenger Car,Moving Constant Speed,30,No,2014,CADILLAC,XTS,39.14650867,-77.20493717,2025,11,16
250053587,Property Damage Crash,11/30/2025 04:28:00 PM,WOODFIELD RD,NA,Single Vehicle,Cloudy,Wet,Medium,No Controls,NONE DETECTED,Yes,No Apparent Injury,NA,Not Distracted,MD,Passenger Car,Negotiating a Curve,50,No,2017,INFINITI,Q50,39.21948083,-77.17414933,2025,11,16
250053576,Property Damage Crash,11/30/2025 03:38:00 PM,BEL PRE RD,NA,Front to Rear,Cloudy,Wet,Daylight,No Controls,NONE DETECTED,Yes,No Apparent Injury,NA,Not Distracted,MD,Passenger Car,Entering Traffic Lane,35,No,2017,GMC,TERRAIN,39.09057167,-77.04611167,2025,11,15
250053576,Property Damage Crash,11/30/2025 03:38:00 PM,BEL PRE RD,NA,Front to Rear,Cloudy,Wet,Daylight,No Controls,NONE DETECTED,No,No Apparent Injury,NA,Not Distracted,MD,Passenger Car,Moving Constant Speed,35,No,2013,HONDA,ACCORD,39.09057167,-77.04611167,2025,11,15
250053575,Property Damage Crash,11/30/2025 03:27:00 PM,NEW HAMPSHIRE AVE (SB/L),NA,"Sideswipe, Same Direction",Clear,Wet,Daylight,Traffic Control Signal,NONE DETECTED,Yes,No Apparent Injury,"Failed to Yield Right-of-Way, Other Improper Action",Unknown,MD,Passenger Car,Accelerating,35,No,2022,CHEVROLET,MALIBU,39.02936802,-76.98358715,2025,11,15
250053575,Property Damage Crash,11/30/2025 03:27:00 PM,NEW HAMPSHIRE AVE (SB/L),NA,"Sideswipe, Same Direction",Clear,Wet,Daylight,Traffic Control Signal,NONE DETECTED,No,No Apparent Injury,NA,Not Distracted,MD,Passenger Car,Accelerating,35,No,2013,TOYOTA,VENZA,39.02936802,-76.98358715,2025,11,15
250053573,Property Damage Crash,11/30/2025 03:27:00 PM,WARING STATION RD,NA,Single Vehicle,Cloudy,Wet,Daylight,Traffic Control Signal,NONE DETECTED,Yes,No Apparent Injury,"Over-Correcting/Over-Steering, Ran Off Roadway, Too Fast For Conditions",Not Distracted,MD,Passenger Car,Turning Left,40,No,2015,TOYOTA,CAMRY,39.17523699,-77.25361754,2025,11,15
250053567,Property Damage Crash,11/30/2025 02:37:00 PM,CONTOUR RD,NA,Angle,Cloudy,Wet,Daylight,Stop Sign,NONE DETECTED,Yes,No Apparent Injury,Failed to Yield Right-of-Way,Not Distracted,MD,Passenger Car,Entering Traffic Lane,30,No,2010,HONDA,CIVIC,39.15544083,-77.20029167,2025,11,14
250053567,Property Damage Crash,11/30/2025 02:37:00 PM,CONTOUR RD,NA,Angle,Cloudy,Wet,Daylight,No Controls,NONE DETECTED,No,No Apparent Injury,NA,Not Distracted,MD,Pickup,Moving Constant Speed,30,No,2003,FORD,RANGER,39.15544083,-77.20029167,2025,11,14
250053566,Property Damage Crash,11/30/2025 02:28:00 PM,LOCBURY DR,NA,Front to Rear,Cloudy,Wet,Daylight,No Controls,NONE DETECTED,No,No Apparent Injury,NA,Not Distracted,MD,Passenger Car,Overtaking/Passing,30,No,2019,KIA,OPTIMA,39.18767164,-77.26680084,2025,11,14
250053566,Property Damage Crash,11/30/2025 02:28:00 PM,LOCBURY DR,NA,Front to Rear,Cloudy,Wet,Daylight,No Controls,NONE DETECTED,Yes,No Apparent Injury,NA,Not Distracted,MD,Passenger Car,Overtaking/Passing,30,No,2018,CHEVROLET,CRUZE,39.18767164,-77.26680084,2025,11,14
250053565,Property Damage Crash,11/30/2025 02:13:00 PM,ROBINDALE DR,NA,Front to Rear,Cloudy,Wet,Daylight,Traffic Control Signal,NONE DETECTED,Yes,No Apparent Injury,"Disregarded Other Traffic Sign, Operated Motor Vehicle in Inattentive, Careless, Negligent, or Erratic Manner, Operated Motor Vehicle in Reckless or Aggressive Manner, Other Improper Action, Too Fast For Conditions",Not Distracted,MD,Passenger Car,Moving Constant Speed,35,No,2021,TOYOTA,COROLLA,39.062931,-77.094805,2025,11,14
250053565,Property Damage Crash,11/30/2025 02:13:00 PM,ROBINDALE DR,NA,Front to Rear,Cloudy,Wet,Daylight,Traffic Control Signal,NONE DETECTED,No,No Apparent Injury,NA,Not Distracted,MD,Passenger Car,Stopped in Traffic,35,No,2015,CHRYSLER,200,39.062931,-77.094805,2025,11,14
250053560,Injury Crash,11/30/2025 01:50:00 PM,NA,NA,Front to Rear,Cloudy,Wet,Daylight,No Controls,NONE DETECTED,No,Possible Minor Injury,NA,Not Distracted,MD,Passenger Car,Stopped in Traffic,35,No,2019,NISSAN,SENTRA,39.15775914,-77.27073738,2025,11,13
250053560,Injury Crash,11/30/2025 01:50:00 PM,NA,NA,Front to Rear,Cloudy,Wet,Daylight,No Controls,NONE DETECTED,Yes,No Apparent Injury,"Followed Too Closely, Too Fast For Conditions",Not Distracted,MD,Passenger Car,Slowing or Stopping,35,No,2001,MERCEDES-BENZ,SL-CLASS,39.15775914,-77.27073738,2025,11,13
250053560,Injury Crash,11/30/2025 01:50:00 PM,NA,NA,Front to Rear,Cloudy,Wet,Daylight,No Controls,NONE DETECTED,No,Possible Minor Injury,NA,Not Distracted,MD,Passenger Car,Moving Constant Speed,35,No,2018,MERCEDES-BENZ,GLE-CLASS,39.15775914,-77.27073738,2025,11,13
250053555,Property Damage Crash,11/30/2025 01:12:00 PM,NA,NA,Front to Rear,Rain,Wet,Daylight,No Controls,NONE DETECTED,Yes,No Apparent Injury,Too Fast For Conditions,Not Distracted,MD,Passenger Car,Slowing or Stopping,35,No,2003,TOYOTA,CAMRY,39.16955467,-77.18375233,2025,11,13
250053546,Injury Crash,11/30/2025 12:17:00 PM,CLOPPER RD (WB/L),NA,Single Vehicle,Cloudy,Wet,Daylight,Traffic Control Signal,NONE DETECTED,Yes,Possible Minor Injury,Failed to Keep in Proper Lane,Unknown,MD,Passenger Car,Moving Constant Speed,30,No,2025,NISSAN,SENTRA,39.161043,-77.2795175,2025,11,12
250053526,Injury Crash,11/30/2025 08:49:00 AM,SENECA RD,NA,Front to Front,Rain,Wet,Daylight,No Controls,NONE DETECTED,No,No Apparent Injury,NA,Not Distracted,MD,Passenger Car,Moving Constant Speed,30,No,2013,ACURA,RDX,39.08795624,-77.30284417,2025,11,8
250053526,Injury Crash,11/30/2025 08:49:00 AM,SENECA RD,NA,Front to Front,Rain,Wet,Daylight,No Controls,NONE DETECTED,No,Possible Minor Injury,NA,Not Distracted,MD,Passenger Car,Turning Left,30,No,2024,MERCEDES-BENZ,GLC-CLASS,39.08795624,-77.30284417,2025,11,8
250053369,Property Damage Crash,11/30/2025 05:22:00 AM,TECH RD,NA,Single Vehicle,Clear,Dry,Medium,Traffic Control Signal,ALCOHOL PRESENT,Yes,No Apparent Injury,NA,Not Distracted,MD,Passenger Car,Turning Right,35,No,2023,HONDA,HR-V,39.05793006,-76.96843301,2025,11,5
250053518,Fatal Crash,11/30/2025 04:05:00 AM,RIDGE RD (SB/L),NA,Single Vehicle,Clear,Dry,Medium,Traffic Control Signal,ALCOHOL PRESENT,Yes,Fatal Injury,"Operated Motor Vehicle in Reckless or Aggressive Manner, Ran Off Roadway",Unknown,MD,Passenger Car,NA,40,No,2013,HONDA,CIVIC,39.25326565,-77.22961591,2025,11,4
250053512,Property Damage Crash,11/30/2025 02:58:00 AM,NEW HAMPSHIRE AVE,NA,Single Vehicle,Clear,Dry,Medium,No Controls,NONE DETECTED,No,No Apparent Injury,NA,Not Distracted,MD,Passenger Car,Changing Lanes,40,No,2016,MERCEDES-BENZ,C-CLASS,39.04213583,-76.99145733,2025,11,2
250053502,Injury Crash,11/29/2025 11:58:00 PM,GEORGIA AVE,NA,"Sideswipe, Same Direction",Clear,Dry,Dark,Traffic Control Signal,NONE DETECTED,Yes,No Apparent Injury,NA,Not Distracted,MD,Passenger Car,Moving Constant Speed,35,No,2021,TOYOTA,CAMRY,39.02519412,-77.04597339,2025,11,23
250053502,Injury Crash,11/29/2025 11:58:00 PM,GEORGIA AVE,NA,"Sideswipe, Same Direction",Clear,Dry,Dark,Traffic Control Signal,NONE DETECTED,No,No Apparent Injury,NA,Not Distracted,MD,Passenger Car,Slowing or Stopping,35,No,2022,HONDA,PILOT,39.02519412,-77.04597339,2025,11,23
250053504,Property Damage Crash,11/29/2025 11:26:00 PM,RIDGE DR,NA,"Sideswipe, Same Direction",Clear,Dry,Medium,No Controls,ALCOHOL PRESENT,Yes,No Apparent Injury,"Failed to Keep in Proper Lane, Operated Motor Vehicle in Inattentive, Careless, Negligent, or Erratic Manner, Operated Motor Vehicle in Reckless or Aggressive Manner",Not Distracted,VA,Passenger Car,Moving Constant Speed,25,No,2010,HONDA,CR-V,38.94367967,-77.12191383,2025,11,23
250053493,Property Damage Crash,11/29/2025 09:56:00 PM,NA,NA,Single Vehicle,Clear,Dry,Medium,No Controls,NONE DETECTED,No,No Apparent Injury,NA,Not Distracted,VA,Pickup,Moving Constant Speed,30,No,2020,FORD,F-150,39.1057747,-77.29566868,2025,11,21
250053491,Property Damage Crash,11/29/2025 09:26:00 PM,CONNECTICUT AVE,NA,Angle,Clear,Dry,Medium,No Controls,NONE DETECTED,No,No Apparent Injury,NA,Not Distracted,MD,Passenger Car,Moving Constant Speed,35,No,2015,MAZDA,CX-5,39.068770550000004,-77.07537477,2025,11,21
250053491,Property Damage Crash,11/29/2025 09:26:00 PM,CONNECTICUT AVE,NA,Angle,Clear,Dry,Medium,No Controls,ALCOHOL PRESENT,Yes,No Apparent Injury,"Failed to Yield Right-of-Way, Improper Turn",Not Distracted,MD,Passenger Car,Entering Traffic Lane,35,No,2008,HONDA,CR-V,39.068770550000004,-77.07537477,2025,11,21
250053479,Property Damage Crash,11/29/2025 08:30:00 PM,NEW HAMPSHIRE AVE,NA,Front to Rear,Clear,Dry,Medium,No Controls,NONE DETECTED,No,No Apparent Injury,NA,Not Distracted,MD,Passenger Car,Stopped in Traffic,35,No,2020,FORD,EXPLORER,38.98705343,-76.98779288,2025,11,20
250053479,Property Damage Crash,11/29/2025 08:30:00 PM,NEW HAMPSHIRE AVE,NA,Front to Rear,Clear,Dry,Medium,No Controls,NONE DETECTED,No,No Apparent Injury,NA,Not Distracted,NY,Passenger Car,Stopped in Traffic,35,No,2025,HONDA,CR-V,38.98705343,-76.98779288,2025,11,20
250053479,Property Damage Crash,11/29/2025 08:30:00 PM,NEW HAMPSHIRE AVE,NA,Front to Rear,Clear,Dry,Medium,No Controls,NONE DETECTED,No,No Apparent Injury,NA,Not Distracted,MD,Passenger Car,Stopped in Traffic,35,No,2012,ACURA,TSX,38.98705343,-76.98779288,2025,11,20
250053479,Property Damage Crash,11/29/2025 08:30:00 PM,NEW HAMPSHIRE AVE,NA,Front to Rear,Clear,Dry,Medium,No Controls,NONE DETECTED,Yes,No Apparent Injury,NA,Not Distracted,MD,Passenger Car,Slowing or Stopping,35,No,2009,SUBARU,IMPREZA,38.98705343,-76.98779288,2025,11,20
250053474,Injury Crash,11/29/2025 08:00:00 PM,ROCKVILLE PIKE (SB/L),NA,Front to Rear,Clear,Dry,Medium,No Controls,NONE DETECTED,No,Possible Minor Injury,NA,Not Distracted,MD,Passenger Car,Moving Constant Speed,35,No,2007,TOYOTA,CAMRY,39.06142068,-77.12378133,2025,11,20
250053474,Injury Crash,11/29/2025 08:00:00 PM,ROCKVILLE PIKE (SB/L),NA,Front to Rear,Clear,Dry,Medium,No Controls,NONE DETECTED,No,NA,NA,NA,NA,NA,Moving Constant Speed,35,No,0,NA,NA,39.06142068,-77.12378133,2025,11,20
250053475,Property Damage Crash,11/29/2025 07:57:00 PM,CRABBS BRANCH WAY,NA,"Sideswipe, Same Direction",Clear,Dry,Medium,No Controls,NONE DETECTED,No,No Apparent Injury,NA,Not Distracted,MD,Passenger Car,Moving Constant Speed,35,No,1997,BMW,740IL,39.11935375,-77.15688906,2025,11,19
250053475,Property Damage Crash,11/29/2025 07:57:00 PM,CRABBS BRANCH WAY,NA,"Sideswipe, Same Direction",Clear,Dry,Medium,No Controls,NONE DETECTED,No,No Apparent Injury,NA,Unknown,MD,Bus - Transit,Changing Lanes,35,No,2016,GILLIG,LOW FLOOR BUS,39.11935375,-77.15688906,2025,11,19
250053468,Property Damage Crash,11/29/2025 07:05:00 PM,ROCKVILLE PIKE (SB/L),NA,Front to Rear,Clear,Dry,Medium,No Controls,NONE DETECTED,No,No Apparent Injury,NA,Not Distracted,MD,Passenger Car,Slowing or Stopping,35,No,2019,ACURA,TLX,39.0480155,-77.11357367,2025,11,19
250053468,Property Damage Crash,11/29/2025 07:05:00 PM,ROCKVILLE PIKE (SB/L),NA,Front to Rear,Clear,Dry,Medium,No Controls,NONE DETECTED,Yes,No Apparent Injury,Followed Too Closely,"Other Action (looking away from task, etc.)",MD,Passenger Car,Moving Constant Speed,35,No,2016,CHEVROLET,MALIBU,39.0480155,-77.11357367,2025,11,19
250053462,Property Damage Crash,11/29/2025 06:02:00 PM,MIDDLEGATE RD,NA,Front to Front,Clear,Dry,Medium,No Controls,NONE DETECTED,No,No Apparent Injury,Over-Correcting/Over-Steering,Unknown,MD,Passenger Car,Moving Constant Speed,30,No,2016,HONDA,PILOT,39.103369,-77.0116735,2025,11,18
250053460,Property Damage Crash,11/29/2025 06:00:00 PM,FENTON ST,NA,Front to Rear,Clear,Dry,Medium,Traffic Control Signal,NONE DETECTED,Yes,No Apparent Injury,Followed Too Closely,"Other Action (looking away from task, etc.)",MD,Passenger Car,Accelerating,25,No,2016,FORD,TAURUS,38.99020468,-77.02404531,2025,11,18