Local Case Number,ACRS Report Type,Crash Date/Time,Road Name,Related Non-Motorist,Collision Type,Weather,Surface Condition,Light,Traffic Control,Driver Substance Abuse,Driver At Fault,Injury Severity,Circumstance,Driver Distracted By,Drivers License State,Vehicle Body Type,Vehicle Movement,Speed Limit,Driverless Vehicle,Vehicle Year,Vehicle Make,Vehicle Model,Latitude,Longitude,Year,Month,Hour
250053460,Property Damage Crash,11/29/2025 06:00:00 PM,FENTON ST,NA,Front to Rear,Clear,Dry,Medium,Traffic Control Signal,NONE DETECTED,No,No Apparent Injury,NA,Not Distracted,MD,Passenger Car,Slowing or Stopping,25,No,2019,TOYOTA,RAV4,38.99020468,-77.02404531,2025,11,18
250053459,Property Damage Crash,11/29/2025 05:36:00 PM,RIDGE RD (SB/L),NA,Front to Rear,Clear,Dry,Dark,No Controls,NONE DETECTED,No,No Apparent Injury,NA,Not Distracted,MD,Sport Utility Vehicle,Stopped in Traffic,50,No,2024,BUICK,ENCORE GX,39.332004,-77.18889046,2025,11,17
250053459,Property Damage Crash,11/29/2025 05:36:00 PM,RIDGE RD (SB/L),NA,Front to Rear,Clear,Dry,Dark,No Controls,NONE DETECTED,No,No Apparent Injury,Too Fast For Conditions,NA,NA,Passenger Car,Moving Constant Speed,50,No,2017,FORD,FOCUS,39.332004,-77.18889046,2025,11,17
250053455,Property Damage Crash,11/29/2025 05:30:00 PM,NA,NA,Single Vehicle,Clear,Dry,Medium,Traffic Control Signal,NONE DETECTED,Yes,No Apparent Injury,NA,Not Distracted,DC,Passenger Car,Turning Left,35,No,2003,CADILLAC,DEVILLE,38.98486407,-77.02676328,2025,11,17
250053416,Property Damage Crash,11/29/2025 02:23:00 PM,NA,NA,Rear To Side,Clear,Dry,Daylight,Stop Sign,NONE DETECTED,No,No Apparent Injury,NA,Unknown,VA,Passenger Car,Entering Traffic Lane,20,No,2020,HYUNDAI,SANTA FE,38.98803583,-77.09951617,2025,11,14
250053416,Property Damage Crash,11/29/2025 02:23:00 PM,NA,NA,Rear To Side,Clear,Dry,Daylight,No Controls,NONE DETECTED,No,No Apparent Injury,NA,Not Distracted,MD,Passenger Car,Moving Constant Speed,25,No,1997,TOYOTA,4-RUNNER,38.98803583,-77.09951617,2025,11,14
250053420,Injury Crash,11/29/2025 02:00:00 PM,EISENHOWER MEMORIAL HWY (SB/L),NA,Front to Rear,Clear,Dry,Daylight,No Controls,NONE DETECTED,Yes,Possible Minor Injury,"Disregarded Other Road Markings, Failed to Keep in Proper Lane, Failed to Yield Right-of-Way, Improper Turn, Operated Motor Vehicle in Inattentive, Careless, Negligent, or Erratic Manner",Not Distracted,MD,Passenger Car,Changing Lanes,55,No,2019,TOYOTA,C-HR,39.0211867,-77.10590528,2025,11,14
250053420,Injury Crash,11/29/2025 02:00:00 PM,EISENHOWER MEMORIAL HWY (SB/L),NA,Front to Rear,Clear,Dry,Daylight,No Controls,NONE DETECTED,No,No Apparent Injury,NA,Not Distracted,DC,Passenger Car,Moving Constant Speed,55,No,2007,NISSAN,VERSA,39.0211867,-77.10590528,2025,11,14
250053400,Property Damage Crash,11/29/2025 12:24:00 PM,SERPENTINE WAY,NA,"Sideswipe, Same Direction",Clear,Dry,Daylight,No Controls,NONE DETECTED,No,No Apparent Injury,NA,Not Distracted,MD,Passenger Car,Moving Constant Speed,25,No,2025,TOYOTA,CAMRY,39.07323967,-76.969894,2025,11,12
250053400,Property Damage Crash,11/29/2025 12:24:00 PM,SERPENTINE WAY,NA,"Sideswipe, Same Direction",Clear,Dry,Daylight,No Controls,NONE DETECTED,Yes,No Apparent Injury,NA,"Other Action (looking away from task, etc.)",MD,Other,Entering Traffic Lane,25,No,2000,FORD,EXPLORER,39.07323967,-76.969894,2025,11,12
250053398,Property Damage Crash,11/29/2025 11:40:00 AM,NA,NA,Rear To Side,Clear,NA,Daylight,NA,NONE DETECTED,No,No Apparent Injury,NA,Not Distracted,MD,Passenger Car,Moving Constant Speed,0,No,2021,MAZDA,CX-9,39.05815981,-77.08419111,2025,11,11
250053398,Property Damage Crash,11/29/2025 11:40:00 AM,NA,NA,Rear To Side,Clear,NA,Daylight,NA,NONE DETECTED,Yes,No Apparent Injury,NA,Not Distracted,NA,Passenger Car,Backing,0,No,2015,CHEVROLET,CRUZE,39.05815981,-77.08419111,2025,11,11
250053366,Property Damage Crash,11/29/2025 04:00:00 AM,CENTURY BLVD (SB/L),NA,"Sideswipe, Same Direction",Clear,Dry,Medium,No Controls,NONE DETECTED,No,No Apparent Injury,NA,Not Distracted,MD,Passenger Car,Moving Constant Speed,35,No,2018,HYUNDAI,SONATA,39.19238231,-77.26558223,2025,11,4
250053366,Property Damage Crash,11/29/2025 04:00:00 AM,CENTURY BLVD (SB/L),NA,"Sideswipe, Same Direction",Clear,Dry,Medium,No Controls,NONE DETECTED,No,No Apparent Injury,NA,Not Distracted,MD,Passenger Car,Moving Constant Speed,35,No,2018,TESLA,MODEL S,39.19238231,-77.26558223,2025,11,4
250053364,Property Damage Crash,11/29/2025 03:15:00 AM,GEORGIA AVE,NA,Single Vehicle,Clear,Dry,Medium,No Controls,NONE DETECTED,No,No Apparent Injury,Failed to Keep in Proper Lane,Unknown,MD,Passenger Car,Moving Constant Speed,30,No,2012,FORD,TAURUS,39.14847483,-77.066857,2025,11,3
250053363,Property Damage Crash,11/29/2025 02:41:00 AM,RAMP 6 FR E RANDOLPH EB TO US 29 SB,NA,Single Vehicle,Clear,Dry,Medium,No Controls,NONE DETECTED,No,NA,NA,NA,NA,Passenger Car,Moving Constant Speed,45,No,2014,HONDA,CR-V,39.06061751,-76.96491643,2025,11,2
250053353,Property Damage Crash,11/29/2025 01:09:00 AM,NA,NA,Other,Clear,Dry,Medium,No Controls,ALCOHOL PRESENT,Yes,No Apparent Injury,NA,Unknown,MD,Pickup,Accelerating,25,No,2025,TOYOTA,TACOMA,39.0933547,-77.0746199,2025,11,1
250053340,Property Damage Crash,11/28/2025 09:31:00 PM,GLENMONT CIR #1,NA,"Sideswipe, Same Direction",Cloudy,Dry,Medium,Traffic Control Signal,NONE DETECTED,Yes,No Apparent Injury,NA,Not Distracted,MD,Passenger Car,Backing,30,No,2019,DODGE,CHARGER,39.05921869,-77.04787433,2025,11,21
250053340,Property Damage Crash,11/28/2025 09:31:00 PM,GLENMONT CIR #1,NA,"Sideswipe, Same Direction",Cloudy,Dry,Medium,Traffic Control Signal,NONE DETECTED,No,No Apparent Injury,NA,Not Distracted,MD,Passenger Car,Stopped in Traffic,30,No,2018,FORD,TAURUS,39.05921869,-77.04787433,2025,11,21
250053336,Injury Crash,11/28/2025 08:47:00 PM,DAMASCUS RD,NA,Single Vehicle,Clear,Dry,Dark,No Controls,ALCOHOL PRESENT,Yes,Possible Minor Injury,"Operated Motor Vehicle in Inattentive, Careless, Negligent, or Erratic Manner, Operated Motor Vehicle in Reckless or Aggressive Manner",Not Distracted,MD,Passenger Car,Leaving Traffic Lane,40,No,2019,VOLKSWAGEN,JETTA,39.26811414,-77.15170923,2025,11,20
250053332,Property Damage Crash,11/28/2025 08:22:00 PM,SEVEN LOCKS RD,NA,Front to Rear,Clear,Dry,Medium,No Controls,NONE DETECTED,No,No Apparent Injury,NA,Not Distracted,MD,Passenger Car,Slowing or Stopping,35,No,2024,BMW,I4,39.04700218,-77.16154819,2025,11,20
250053332,Property Damage Crash,11/28/2025 08:22:00 PM,SEVEN LOCKS RD,NA,Front to Rear,Clear,Dry,Medium,No Controls,NONE DETECTED,Yes,No Apparent Injury,NA,Unknown,MD,Passenger Car,Moving Constant Speed,35,No,2016,NISSAN,ALTIMA,39.04700218,-77.16154819,2025,11,20
250053331,Property Damage Crash,11/28/2025 07:37:00 PM,AMHERST AVE,NA,Front to Rear,Clear,Dry,Medium,No Controls,NONE DETECTED,No,No Apparent Injury,Other Improper Action,Unknown,NA,Passenger Car,NA,25,No,2004,GMC,ENVOY,39.04446783,-77.04788033,2025,11,19
250053322,Injury Crash,11/28/2025 06:48:00 PM,FATHER HURLEY BLVD (NB/L),NA,Front to Rear,Cloudy,Dry,Medium,Traffic Control Signal,NONE DETECTED,Yes,No Apparent Injury,NA,Unknown,MD,Passenger Car,Moving Constant Speed,40,No,2014,BMW,X1,39.19639317,-77.26563533,2025,11,18
250053322,Injury Crash,11/28/2025 06:48:00 PM,FATHER HURLEY BLVD (NB/L),NA,Front to Rear,Cloudy,Dry,Medium,Traffic Control Signal,NONE DETECTED,No,Possible Minor Injury,NA,Not Distracted,MD,Sport Utility Vehicle,Stopped in Traffic,40,No,2022,HYUNDAI,VENUE,39.19639317,-77.26563533,2025,11,18
250053320,Property Damage Crash,11/28/2025 06:15:00 PM,WESTLAKE DR,NA,Angle,Clear,Dry,Medium,No Controls,NONE DETECTED,Yes,No Apparent Injury,NA,Not Distracted,MD,Passenger Car,Making U-Turn,30,No,2012,TOYOTA,PRIUS V,39.02426769,-77.14942227,2025,11,18
250053320,Property Damage Crash,11/28/2025 06:15:00 PM,WESTLAKE DR,NA,Angle,Clear,Dry,Medium,No Controls,NONE DETECTED,No,No Apparent Injury,NA,Not Distracted,MD,Sport Utility Vehicle,Moving Constant Speed,30,No,2016,FORD,EDGE,39.02426769,-77.14942227,2025,11,18
250053318,Property Damage Crash,11/28/2025 06:11:00 PM,NORTH HIGH ST,NA,"Sideswipe, Same Direction",Clear,Dry,Medium,No Controls,NONE DETECTED,No,NA,NA,NA,NA,Passenger Car,Turning Left,40,No,2025,CADILLAC,OPTIQ,39.15128975,-77.06684011,2025,11,18
250053318,Property Damage Crash,11/28/2025 06:11:00 PM,NORTH HIGH ST,NA,"Sideswipe, Same Direction",Clear,Dry,Medium,No Controls,NONE DETECTED,No,No Apparent Injury,NA,Not Distracted,MD,Passenger Car,Moving Constant Speed,40,No,2017,HONDA,CIVIC,39.15128975,-77.06684011,2025,11,18
250053319,Property Damage Crash,11/28/2025 05:48:00 PM,RAMP 7 FR MD 109 WB TO RAMP 6 (TO IS270),NA,Front to Front,Clear,Dry,Medium,No Controls,NONE DETECTED,No,No Apparent Injury,NA,Not Distracted,MD,Passenger Car,Moving Constant Speed,30,No,2019,FORD,FUSION,39.27737131,-77.3248614,2025,11,17
250053319,Property Damage Crash,11/28/2025 05:48:00 PM,RAMP 7 FR MD 109 WB TO RAMP 6 (TO IS270),NA,Front to Front,Clear,Dry,Medium,No Controls,NONE DETECTED,No,No Apparent Injury,NA,Not Distracted,MD,Passenger Car,Turning Left,30,No,2015,FORD,FIESTA,39.27737131,-77.3248614,2025,11,17
250053315,Property Damage Crash,11/28/2025 05:23:00 PM,CLOPPER RD,NA,Angle,Clear,Dry,Medium,Traffic Control Signal,NONE DETECTED,Yes,No Apparent Injury,Failed to Yield Right-of-Way,Unknown,NJ,Passenger Car,Turning Left,30,No,2016,DODGE,CHARGER,39.16076933,-77.2793135,2025,11,17
250053315,Property Damage Crash,11/28/2025 05:23:00 PM,CLOPPER RD,NA,Angle,Clear,Dry,Medium,Traffic Control Signal,NONE DETECTED,No,No Apparent Injury,NA,Not Distracted,MD,Sport Utility Vehicle,Moving Constant Speed,30,No,2019,NISSAN,ROGUE,39.16076933,-77.2793135,2025,11,17
250053313,Injury Crash,11/28/2025 05:21:00 PM,COLUMBIA PIKE (SB/L),NA,Front to Rear,Clear,Dry,Dark,Traffic Control Signal,NONE DETECTED,No,No Apparent Injury,NA,Not Distracted,MD,Sport Utility Vehicle,Moving Constant Speed,55,No,2014,HONDA,CR-V,39.10572233,-76.93253067,2025,11,17
250053313,Injury Crash,11/28/2025 05:21:00 PM,COLUMBIA PIKE (SB/L),NA,Front to Rear,Clear,Dry,Dark,Traffic Control Signal,NONE DETECTED,No,NA,NA,NA,NA,Sport Utility Vehicle,NA,55,No,2022,RIVIAN,R1S,39.10572233,-76.93253067,2025,11,17
250053313,Injury Crash,11/28/2025 05:21:00 PM,COLUMBIA PIKE (SB/L),NA,Front to Rear,Clear,Dry,Dark,Traffic Control Signal,NONE DETECTED,No,Possible Minor Injury,NA,Not Distracted,MD,Passenger Car,Moving Constant Speed,55,No,2023,HONDA,CIVIC,39.10572233,-76.93253067,2025,11,17
250053307,Injury Crash,11/28/2025 03:53:00 PM,GOSHEN RD,NA,Angle,Clear,Dry,Daylight,Stop Sign,NONE DETECTED,Yes,No Apparent Injury,Failed to Yield Right-of-Way,Not Distracted,MD,Passenger Car,Turning Left,5,No,2022,SUBARU,CROSSTREK,39.18667006,-77.18712132,2025,11,15
250053307,Injury Crash,11/28/2025 03:53:00 PM,GOSHEN RD,NA,Angle,Clear,Dry,Daylight,No Controls,NONE DETECTED,No,No Apparent Injury,NA,Not Distracted,MD,Passenger Car,Moving Constant Speed,35,No,2004,TOYOTA,COROLLA,39.18667006,-77.18712132,2025,11,15
250053303,Property Damage Crash,11/28/2025 03:06:00 PM,NA,NA,Angle,Clear,Dry,Daylight,Traffic Control Signal,NONE DETECTED,No,No Apparent Injury,NA,Not Distracted,MD,Passenger Car,Moving Constant Speed,35,No,2014,TOYOTA,SCION TC,39.07347748,-77.11175721,2025,11,15
250053303,Property Damage Crash,11/28/2025 03:06:00 PM,NA,NA,Angle,Clear,Dry,Daylight,Traffic Control Signal,NONE DETECTED,Yes,No Apparent Injury,Ran Red Light,Unknown,MD,Passenger Car,Moving Constant Speed,25,No,2011,FORD,FUSION,39.07347748,-77.11175721,2025,11,15
250053299,Property Damage Crash,11/28/2025 03:00:00 PM,NA,NA,"Sideswipe, Same Direction",Clear,NA,Daylight,NA,NONE DETECTED,Yes,No Apparent Injury,"Operated Motor Vehicle in Inattentive, Careless, Negligent, or Erratic Manner",Unknown,MD,Passenger Car,Moving Constant Speed,0,No,2004,FORD,TAURUS,39.00827403,-77.04050876,2025,11,15
250053299,Property Damage Crash,11/28/2025 03:00:00 PM,NA,NA,"Sideswipe, Same Direction",Clear,NA,Daylight,NA,NONE DETECTED,No,No Apparent Injury,NA,Not Distracted,MD,Passenger Car,Parked,0,No,2016,FORD,TAURUS,39.00827403,-77.04050876,2025,11,15
250053286,Property Damage Crash,11/28/2025 01:35:00 PM,MANNAKEE ALLEY,NA,"Sideswipe, Same Direction",Clear,Dry,Daylight,No Controls,NONE DETECTED,No,No Apparent Injury,Failed to Keep in Proper Lane,Not Distracted,MD,Passenger Car,Moving Constant Speed,25,No,2019,GMC,TERRAIN,39.08619967,-77.16744767,2025,11,13
250053283,Injury Crash,11/28/2025 01:15:00 PM,SHADY GROVE RD (SB/L),NA,Angle,Clear,Dry,Daylight,Traffic Control Signal,NONE DETECTED,Yes,No Apparent Injury,NA,Not Distracted,MD,Passenger Car,Making U-Turn,40,No,2006,HONDA,ELEMENT,39.107493,-77.18967183,2025,11,13
250053283,Injury Crash,11/28/2025 01:15:00 PM,SHADY GROVE RD (SB/L),NA,Angle,Clear,Dry,Daylight,Traffic Control Signal,NONE DETECTED,No,No Apparent Injury,NA,Not Distracted,MD,Passenger Car,Moving Constant Speed,40,No,2021,TESLA,MODEL Y,39.107493,-77.18967183,2025,11,13
250053282,Injury Crash,11/28/2025 01:09:00 PM,SYCAMORE FARM DR,Pedestrian,Single Vehicle,Cloudy,Dry,Daylight,No Controls,NONE DETECTED,No,No Apparent Injury,NA,Not Distracted,MD,Sport Utility Vehicle,Moving Constant Speed,25,No,2024,TOYOTA,VENZA,39.23149717,-77.25477433,2025,11,13
250053281,Property Damage Crash,11/28/2025 12:35:00 PM,WISCONSIN AVE,NA,"Sideswipe, Same Direction",Clear,Dry,Daylight,Traffic Control Signal,NONE DETECTED,No,No Apparent Injury,NA,Not Distracted,MD,Bus - Transit,Stopped in Traffic,25,No,2022,NEW FLYER,XCELSIOR,38.97702079,-77.09052246,2025,11,12
250053281,Property Damage Crash,11/28/2025 12:35:00 PM,WISCONSIN AVE,NA,"Sideswipe, Same Direction",Clear,Dry,Daylight,Traffic Control Signal,NONE DETECTED,No,No Apparent Injury,NA,Unknown,DC,Bus - Transit,Slowing or Stopping,25,No,2020,GILLIG,LOW FLOOR BUS,38.97702079,-77.09052246,2025,11,12
250053294,Property Damage Crash,11/28/2025 12:15:00 PM,WISCONSIN AVE,NA,"Sideswipe, Same Direction",Clear,Dry,Daylight,No Controls,NONE DETECTED,No,No Apparent Injury,NA,Not Distracted,MD,Single-Unit Truck,Moving Constant Speed,35,No,2019,MACK,GU (GRANITE),38.96409583,-77.0872345,2025,11,12
250053280,Property Damage Crash,11/28/2025 11:55:00 AM,LYTTONSVILLE RD,NA,Angle,Cloudy,Dry,Daylight,No Controls,NONE DETECTED,No,No Apparent Injury,NA,Not Distracted,DC,Passenger Car,Moving Constant Speed,35,No,2023,SUBARU,IMPREZA,38.99564043,-77.05409318,2025,11,11
250053280,Property Damage Crash,11/28/2025 11:55:00 AM,LYTTONSVILLE RD,NA,Angle,Cloudy,Dry,Daylight,No Controls,NONE DETECTED,Yes,No Apparent Injury,"Failed to Yield Right-of-Way, Improper Turn",Unknown,MD,Sport Utility Vehicle,Entering Traffic Lane,35,No,2022,TOYOTA,RAV4,38.99564043,-77.05409318,2025,11,11
250053273,Injury Crash,11/28/2025 11:32:00 AM,NA,Pedestrian,Single Vehicle,Windy,NA,Daylight,NA,NONE DETECTED,Yes,No Apparent Injury,Failed to Yield Right-of-Way,Unknown,MD,Passenger Car,Turning Right,0,No,2017,HONDA,CIVIC,39.07897262,-77.07249863,2025,11,11
250053271,Injury Crash,11/28/2025 11:25:00 AM,NA,NA,Angle,Cloudy,NA,Daylight,NA,NONE DETECTED,No,Possible Minor Injury,NA,Not Distracted,MD,Passenger Car,Moving Constant Speed,0,No,2018,NISSAN,MAXIMA,39.20017032,-77.24817013,2025,11,11
250053271,Injury Crash,11/28/2025 11:25:00 AM,NA,NA,Angle,Cloudy,NA,Daylight,NA,NONE DETECTED,Yes,No Apparent Injury,Failed to Yield Right-of-Way,Not Distracted,MD,Sport Utility Vehicle,Accelerating,0,No,2008,HONDA,PILOT,39.20017032,-77.24817013,2025,11,11
250053256,Property Damage Crash,11/28/2025 08:47:00 AM,NA,NA,Unknown,Clear,Dry,Daylight,No Controls,NONE DETECTED,No,No Apparent Injury,NA,Not Distracted,MD,Passenger Car,Backing,0,No,2023,TESLA,MODEL Y,39.07508361,-77.12626595,2025,11,8
250053256,Property Damage Crash,11/28/2025 08:47:00 AM,NA,NA,Unknown,Clear,Dry,Daylight,No Controls,NONE DETECTED,Yes,No Apparent Injury,"Failed to Keep in Proper Lane, Improper Turn, Over-Correcting/Over-Steering, Ran Off Roadway, Too Fast For Conditions",Not Distracted,MD,Passenger Car,Moving Constant Speed,25,No,2022,TOYOTA,COROLLA,39.07508361,-77.12626595,2025,11,8
250053249,Injury Crash,11/28/2025 07:24:00 AM,ROCKVILLE PIKE,NA,Front to Rear,Clear,Dry,Daylight,Traffic Control Signal,NONE DETECTED,No,Possible Minor Injury,NA,Not Distracted,MD,Passenger Car,Moving Constant Speed,35,No,2023,MITSUBISHI,OUTLANDER,39.08151806,-77.14574631,2025,11,7
250053249,Injury Crash,11/28/2025 07:24:00 AM,ROCKVILLE PIKE,NA,Front to Rear,Clear,Dry,Daylight,Traffic Control Signal,NONE DETECTED,Yes,No Apparent Injury,NA,Not Distracted,MD,Passenger Car,Moving Constant Speed,35,No,2009,TOYOTA,COROLLA,39.08151806,-77.14574631,2025,11,7
250053246,Injury Crash,11/28/2025 06:37:00 AM,ROCKVILLE PIKE (SB/L),Pedestrian,Single Vehicle,Clear,Dry,Medium,No Controls,NONE DETECTED,No,No Apparent Injury,NA,Not Distracted,MD,Passenger Car,Moving Constant Speed,35,No,2022,TOYOTA,COROLLA,39.04372831,-77.11137431,2025,11,6
250053244,Property Damage Crash,11/28/2025 05:40:00 AM,COLUMBIA PIKE (SB/L),NA,Angle,Clear,Dry,Dark,Flashing Traffic Control Signal,NONE DETECTED,No,NA,"Failed to Yield Right-of-Way, Improper Turn, Operated Motor Vehicle in Inattentive, Careless, Negligent, or Erratic Manner, Operated Motor Vehicle in Reckless or Aggressive Manner",Not Distracted,NA,NA,Turning Right,50,No,0,NA,NA,39.10425521,-76.93337989,2025,11,5
250053244,Property Damage Crash,11/28/2025 05:40:00 AM,COLUMBIA PIKE (SB/L),NA,Angle,Clear,Dry,Dark,Traffic Control Signal,NONE DETECTED,No,No Apparent Injury,NA,Not Distracted,MD,Passenger Car,Moving Constant Speed,50,No,2018,CHEVROLET,EQUINOX,39.10425521,-76.93337989,2025,11,5
250053242,Property Damage Crash,11/28/2025 04:45:00 AM,BARNESVILLE RD,NA,Single Vehicle,Clear,Dry,Dark,No Controls,NONE DETECTED,Yes,No Apparent Injury,"Ran Off Roadway, Too Fast For Conditions",Not Distracted,MD,Passenger Car,Moving Constant Speed,35,No,2006,FORD,MUSTANG,39.22810167,-77.41165333,2025,11,4
250053239,Property Damage Crash,11/28/2025 02:39:00 AM,NA,NA,Front to Rear,Clear,Dry,Medium,No Controls,ALCOHOL PRESENT,Yes,No Apparent Injury,"Operated Motor Vehicle in Inattentive, Careless, Negligent, or Erratic Manner, Operated Motor Vehicle in Reckless or Aggressive Manner",Not Distracted,MD,Passenger Car,Moving Constant Speed,35,No,2022,TOYOTA,COROLLA,39.10083817,-77.05156933,2025,11,2
250053238,Property Damage Crash,11/28/2025 02:19:00 AM,FIRSTFIELD RD (EB/L),NA,Front to Rear,Clear,Dry,Medium,Flashing Traffic Control Signal,NONE DETECTED,No,NA,NA,NA,NA,Passenger Car,Moving Constant Speed,25,No,2020,MAZDA,CX-30,39.14365196,-77.22374532,2025,11,2
250053238,Property Damage Crash,11/28/2025 02:19:00 AM,FIRSTFIELD RD (EB/L),NA,Front to Rear,Clear,Dry,Medium,Flashing Traffic Control Signal,NONE DETECTED,No,No Apparent Injury,NA,Not Distracted,MD,Passenger Car,Moving Constant Speed,35,No,2025,TOYOTA,COROLLA,39.14365196,-77.22374532,2025,11,2
250053231,Property Damage Crash,11/28/2025 12:50:00 AM,UNIVERSITY BLVD E (WB/L),NA,Front to Front,Clear,Dry,Medium,Traffic Control Signal,ALCOHOL PRESENT,Yes,No Apparent Injury,"Disregard Officer Directions, Other Improper Action","Other Action (looking away from task, etc.)",MD,Sport Utility Vehicle,Accelerating,35,No,2024,HONDA,CR-V,39.02019733,-77.01243517,2025,11,0
250053224,Property Damage Crash,11/28/2025 12:10:00 AM,WOODFIELD RD,NA,Front to Rear,Clear,Dry,Medium,Other Signal,NONE DETECTED,No,No Apparent Injury,NA,Not Distracted,MD,Passenger Car,Stopped in Traffic,45,No,2017,HONDA,CIVIC,39.1850125,-77.150721,2025,11,0
250053224,Property Damage Crash,11/28/2025 12:10:00 AM,WOODFIELD RD,NA,Front to Rear,Clear,Dry,Medium,Other Signal,NONE DETECTED,Yes,No Apparent Injury,Followed Too Closely,Unknown,MD,Passenger Car,Slowing or Stopping,45,No,2011,TOYOTA,CAMRY,39.1850125,-77.150721,2025,11,0
250053225,Property Damage Crash,11/27/2025 11:57:00 PM,VEIRS MILL RD,NA,Front to Rear,Clear,Dry,Medium,Traffic Control Signal,NONE DETECTED,No,No Apparent Injury,NA,Not Distracted,MD,Passenger Car,Stopped in Traffic,45,No,2023,MITSUBISHI,OUTLANDER,39.06965033,-77.10570533,2025,11,23
250053225,Property Damage Crash,11/27/2025 11:57:00 PM,VEIRS MILL RD,NA,Front to Rear,Clear,Dry,Medium,Traffic Control Signal,NONE DETECTED,No,No Apparent Injury,NA,Not Distracted,MD,Passenger Car,Stopped in Traffic,45,No,2020,NISSAN,VERSA,39.06965033,-77.10570533,2025,11,23
250053225,Property Damage Crash,11/27/2025 11:57:00 PM,VEIRS MILL RD,NA,Front to Rear,Clear,Dry,Medium,Traffic Control Signal,ALCOHOL PRESENT,Yes,No Apparent Injury,"Followed Too Closely, Operated Motor Vehicle in Inattentive, Careless, Negligent, or Erratic Manner, Operated Motor Vehicle in Reckless or Aggressive Manner",Not Distracted,MD,Passenger Car,Moving Constant Speed,45,No,2014,HONDA,CIVIC,39.06965033,-77.10570533,2025,11,23
250053218,Property Damage Crash,11/27/2025 07:30:00 PM,NEW HAMPSHIRE AVE,NA,Front to Rear,Clear,Dry,Medium,No Controls,NONE DETECTED,No,No Apparent Injury,NA,Not Distracted,MD,Passenger Car,Moving Constant Speed,35,No,2024,NISSAN,SENTRA,38.98816511,-76.9876161,2025,11,19
250053218,Property Damage Crash,11/27/2025 07:30:00 PM,NEW HAMPSHIRE AVE,NA,Front to Rear,Clear,Dry,Medium,No Controls,ALCOHOL PRESENT,Yes,No Apparent Injury,NA,Unknown,MD,Passenger Car,Accelerating,35,No,2017,CHEVROLET,SILVERADO,38.98816511,-76.9876161,2025,11,19
250053218,Property Damage Crash,11/27/2025 07:30:00 PM,NEW HAMPSHIRE AVE,NA,Front to Rear,Clear,Dry,Medium,No Controls,NONE DETECTED,No,No Apparent Injury,NA,Not Distracted,DC,Passenger Car,Moving Constant Speed,35,No,2022,TOYOTA,CAMRY,38.98816511,-76.9876161,2025,11,19
250053218,Property Damage Crash,11/27/2025 07:30:00 PM,NEW HAMPSHIRE AVE,NA,Front to Rear,Clear,Dry,Medium,No Controls,NONE DETECTED,No,No Apparent Injury,NA,Not Distracted,MD,Passenger Car,Moving Constant Speed,35,No,2005,HONDA,ELEMENT,38.98816511,-76.9876161,2025,11,19
250053218,Property Damage Crash,11/27/2025 07:30:00 PM,NEW HAMPSHIRE AVE,NA,Front to Rear,Clear,Dry,Medium,No Controls,NONE DETECTED,No,No Apparent Injury,NA,Not Distracted,MD,Passenger Car,Moving Constant Speed,35,No,2003,BMW,325I,38.98816511,-76.9876161,2025,11,19
250053214,Injury Crash,11/27/2025 06:27:00 PM,CONNECTICUT AVE,Scooter (electric),Single Vehicle,Clear,Dry,Medium,Traffic Control Signal,NONE DETECTED,Yes,No Apparent Injury,Failed to Yield Right-of-Way,Unknown,MD,Passenger Car,Turning Left,35,No,2019,VOLKSWAGEN,TIGUAN,39.08028992,-77.08038333,2025,11,18