Local Case Number,ACRS Report Type,Crash Date/Time,Road Name,Related Non-Motorist,Collision Type,Weather,Surface Condition,Light,Traffic Control,Driver Substance Abuse,Driver At Fault,Injury Severity,Circumstance,Driver Distracted By,Drivers License State,Vehicle Body Type,Vehicle Movement,Speed Limit,Driverless Vehicle,Vehicle Year,Vehicle Make,Vehicle Model,Latitude,Longitude,Year,Month,Hour
250052996,Property Damage Crash,11/26/2025 06:46:00 AM,RAMP 7 FR RAMP 2 (FR IS 495) TO MD 97 SB,NA,"Sideswipe, Same Direction",Rain,Wet,Daylight,Traffic Control Signal,NONE DETECTED,Yes,No Apparent Injury,NA,Not Distracted,MD,Passenger Car,Changing Lanes,30,No,2024,SUBARU,WRX,39.01406433,-77.04186067,2025,11,6
250052995,Property Damage Crash,11/26/2025 06:00:00 AM,FREDERICK RD,NA,Front to Rear,Cloudy,Wet,Medium,No Controls,NONE DETECTED,No,No Apparent Injury,NA,Not Distracted,MD,Passenger Car,Slowing or Stopping,35,No,2016,TOYOTA,CAMRY,39.123223,-77.17855083,2025,11,6
250052995,Property Damage Crash,11/26/2025 06:00:00 AM,FREDERICK RD,NA,Front to Rear,Cloudy,Wet,Medium,No Controls,NONE DETECTED,Yes,No Apparent Injury,NA,Unknown,MD,Passenger Car,Slowing or Stopping,35,No,2016,MERCEDES-BENZ,C-CLASS,39.123223,-77.17855083,2025,11,6
250052990,Property Damage Crash,11/26/2025 05:50:00 AM,NA,NA,"Sideswipe, Same Direction",Clear,NA,Dark,NA,NONE DETECTED,Yes,No Apparent Injury,Other Improper Action,Not Distracted,MD,Sport Utility Vehicle,Accelerating,0,No,2025,FORD,EXPLORER,39.00402623,-77.0243807,2025,11,5
250052990,Property Damage Crash,11/26/2025 05:50:00 AM,NA,NA,"Sideswipe, Same Direction",Clear,NA,Dark,NA,NONE DETECTED,No,No Apparent Injury,NA,Not Distracted,MD,Sport Utility Vehicle,Parked,0,No,2025,DODGE,DURANGO,39.00402623,-77.0243807,2025,11,5
250052987,Property Damage Crash,11/26/2025 02:33:00 AM,GALWAY DR (SB/L),NA,Front to Rear,Rain,Wet,Medium,No Controls,NONE DETECTED,No,NA,NA,NA,NA,Passenger Car,NA,20,No,2011,TOYOTA,PRIUS,39.05742029,-76.94379549,2025,11,2
250052985,Property Damage Crash,11/26/2025 01:20:00 AM,MUDDY BRANCH RD,NA,Single Vehicle,Rain,Wet,Medium,Traffic Control Signal,NONE DETECTED,Yes,No Apparent Injury,Too Fast For Conditions,Unknown,MD,Passenger Car,Turning Left,40,No,2008,NISSAN,ALTIMA,39.10290856,-77.22053987,2025,11,1
250052978,Property Damage Crash,11/25/2025 09:25:00 PM,OLD COLUMBIA PIKE,NA,Front to Rear,Rain,Wet,Medium,Traffic Control Signal,ALCOHOL PRESENT,Yes,No Apparent Injury,Too Fast For Conditions,Not Distracted,MD,Passenger Car,Slowing or Stopping,35,No,2016,CHEVROLET,MALIBU,39.07626972,-76.95754552,2025,11,21
250052978,Property Damage Crash,11/25/2025 09:25:00 PM,OLD COLUMBIA PIKE,NA,Front to Rear,Rain,Wet,Medium,Traffic Control Signal,NONE DETECTED,No,No Apparent Injury,NA,Not Distracted,GA,Passenger Car,Stopped in Traffic,35,No,2026,TOYOTA,CAMRY,39.07626972,-76.95754552,2025,11,21
250052965,Property Damage Crash,11/25/2025 08:26:00 PM,GEORGIA AVE,NA,Angle,Rain,Wet,Medium,No Controls,NONE DETECTED,Yes,No Apparent Injury,NA,Not Distracted,MD,Passenger Car,Backing,40,No,2011,HONDA,CIVIC,39.15884483,-77.06459267,2025,11,20
250052965,Property Damage Crash,11/25/2025 08:26:00 PM,GEORGIA AVE,NA,Angle,Rain,Wet,Medium,No Controls,NONE DETECTED,No,No Apparent Injury,NA,Not Distracted,MD,Sport Utility Vehicle,Moving Constant Speed,40,No,2019,BENTLEY,BENTAYGA,39.15884483,-77.06459267,2025,11,20
240053065,Injury Crash,11/25/2025 08:13:00 PM,MONTROSE RD,NA,Front to Rear,Rain,Wet,Dark,Traffic Control Signal,NONE DETECTED,No,Possible Minor Injury,NA,Not Distracted,MD,Van - Cargo,Stopped in Traffic,35,No,2016,FORD,TRANSIT CONNECT,39.05267705,-77.12630637,2025,11,20
240053065,Injury Crash,11/25/2025 08:13:00 PM,MONTROSE RD,NA,Front to Rear,Rain,Wet,Dark,Traffic Control Signal,NONE DETECTED,No,NA,NA,NA,NA,Passenger Car,NA,35,No,0,NA,NA,39.05267705,-77.12630637,2025,11,20
250052979,Property Damage Crash,11/25/2025 07:40:00 PM,UNIVERSITY BLVD W,NA,Front to Rear,Rain,Wet,Medium,"Other Pavement Marking (excluding edgelines, centerlines, or lane lines)",NONE DETECTED,No,No Apparent Injury,NA,Not Distracted,MD,Passenger Car,Slowing or Stopping,35,No,2010,TOYOTA,PRIUS,39.03632338,-77.02979639,2025,11,19
250052979,Property Damage Crash,11/25/2025 07:40:00 PM,UNIVERSITY BLVD W,NA,Front to Rear,Rain,Wet,Medium,"Other Pavement Marking (excluding edgelines, centerlines, or lane lines)",NONE DETECTED,No,NA,NA,NA,NA,Passenger Car,Changing Lanes,35,No,2020,NISSAN,ALTIMA,39.03632338,-77.02979639,2025,11,19
250052959,Property Damage Crash,11/25/2025 07:25:00 PM,NA,NA,"Sideswipe, Opposite Direction",Rain,NA,Medium,NA,NONE DETECTED,No,NA,NA,NA,NA,Passenger Car,Accelerating,0,No,2020,NISSAN,ALTIMA,39.04046083,-77.05124496,2025,11,19
250052959,Property Damage Crash,11/25/2025 07:25:00 PM,NA,NA,"Sideswipe, Opposite Direction",Rain,NA,Medium,NA,NONE DETECTED,No,No Apparent Injury,NA,Not Distracted,MD,Passenger Car,Accelerating,0,No,2024,TOYOTA,COROLLA,39.04046083,-77.05124496,2025,11,19
250052963,Property Damage Crash,11/25/2025 07:24:00 PM,UNIVERSITY BLVD W,NA,"Sideswipe, Same Direction",Rain,Wet,Medium,No Controls,NONE DETECTED,No,No Apparent Injury,"Operated Motor Vehicle in Inattentive, Careless, Negligent, or Erratic Manner",Unknown,NA,Passenger Car,Moving Constant Speed,35,No,2020,NISSAN,ALTIMA,39.0416583,-77.05046488,2025,11,19
250052963,Property Damage Crash,11/25/2025 07:24:00 PM,UNIVERSITY BLVD W,NA,"Sideswipe, Same Direction",Rain,Wet,Medium,No Controls,NONE DETECTED,No,No Apparent Injury,NA,Not Distracted,MD,Passenger Car,Moving Constant Speed,35,No,2024,LEXUS,IS,39.0416583,-77.05046488,2025,11,19
250052957,Injury Crash,11/25/2025 07:17:00 PM,LOST KNIFE RD (NB/L),NA,Other,Rain,Wet,Medium,Traffic Control Signal,NONE DETECTED,No,No Apparent Injury,NA,Not Distracted,MD,Pickup,Moving Constant Speed,30,No,2014,CHEVROLET,SILVERADO,39.15494037,-77.20101786,2025,11,19
250052957,Injury Crash,11/25/2025 07:17:00 PM,LOST KNIFE RD (NB/L),NA,Other,Rain,Wet,Medium,Traffic Control Signal,NONE DETECTED,Yes,Possible Minor Injury,Failed to Yield Right-of-Way,Unknown,MD,Sport Utility Vehicle,Turning Left,30,No,2019,JEEP,CHEROKEE,39.15494037,-77.20101786,2025,11,19
250052955,Property Damage Crash,11/25/2025 07:02:00 PM,FREDERICK RD,NA,Front to Rear,Rain,Wet,Medium,Flashing Traffic Control Signal,NONE DETECTED,Yes,No Apparent Injury,NA,Unknown,MD,Bus - Transit,Slowing or Stopping,40,No,2016,GILLIG,LOW FLOOR BUS,39.11780952,-77.169756,2025,11,19
250052955,Property Damage Crash,11/25/2025 07:02:00 PM,FREDERICK RD,NA,Front to Rear,Rain,Wet,Medium,Flashing Traffic Control Signal,NONE DETECTED,No,No Apparent Injury,NA,Not Distracted,CA,Passenger Car,Slowing or Stopping,40,No,2020,MAZDA,CX-30,39.11780952,-77.169756,2025,11,19
250052956,Property Damage Crash,11/25/2025 06:58:00 PM,PARKING LOT CUT THRU CUT,NA,Single Vehicle,Rain,Wet,Medium,Traffic Control Signal,NONE DETECTED,Yes,No Apparent Injury,NA,Not Distracted,MD,Passenger Car,Turning Left,35,No,2020,TOYOTA,COROLLA,39.02696028,-77.12621706,2025,11,18
250052953,Property Damage Crash,11/25/2025 06:53:00 PM,COLUMBIA PIKE (SB/L),NA,Angle,Rain,Wet,Medium,Traffic Control Signal,NONE DETECTED,Yes,No Apparent Injury,"Operated Motor Vehicle in Inattentive, Careless, Negligent, or Erratic Manner",Unknown,NY,Passenger Car,Moving Constant Speed,50,No,2014,BMW,328I,39.04739941,-76.98579445,2025,11,18
250052953,Property Damage Crash,11/25/2025 06:53:00 PM,COLUMBIA PIKE (SB/L),NA,Angle,Rain,Wet,Medium,Traffic Control Signal,NONE DETECTED,No,No Apparent Injury,NA,Not Distracted,MD,Passenger Car,Turning Left,50,No,2021,FORD,MUSTANG MACH-E,39.04739941,-76.98579445,2025,11,18
250052949,Property Damage Crash,11/25/2025 06:47:00 PM,RANDOLPH RD,NA,Front to Rear,Rain,Wet,Medium,Traffic Control Signal,NONE DETECTED,Yes,No Apparent Injury,Other Improper Action,Not Distracted,MD,Passenger Car,Slowing or Stopping,40,No,2017,FORD,TAURUS,39.06241807,-77.04181252,2025,11,18
250052949,Property Damage Crash,11/25/2025 06:47:00 PM,RANDOLPH RD,NA,Front to Rear,Rain,Wet,Medium,Traffic Control Signal,NONE DETECTED,No,No Apparent Injury,NA,Not Distracted,MD,Passenger Car,Slowing or Stopping,40,No,2004,LEXUS,ES,39.06241807,-77.04181252,2025,11,18
250052951,Property Damage Crash,11/25/2025 06:40:00 PM,WOODFIELD RD,NA,Angle,Rain,Wet,Medium,No Controls,NONE DETECTED,No,No Apparent Injury,NA,Not Distracted,MD,Sport Utility Vehicle,Moving Constant Speed,50,No,2015,BMW,X6,39.23868167,-77.18216833,2025,11,18
250052951,Property Damage Crash,11/25/2025 06:40:00 PM,WOODFIELD RD,NA,Angle,Rain,Wet,Medium,No Controls,NONE DETECTED,No,No Apparent Injury,NA,Not Distracted,MD,Passenger Car,Moving Constant Speed,50,No,2024,CHEVROLET,MALIBU,39.23868167,-77.18216833,2025,11,18
250052951,Property Damage Crash,11/25/2025 06:40:00 PM,WOODFIELD RD,NA,Angle,Rain,Wet,Medium,Stop Sign,NONE DETECTED,Yes,No Apparent Injury,Failed to Yield Right-of-Way,Not Distracted,MD,Pickup,Entering Traffic Lane,35,No,2016,CHEVROLET,SILVERADO,39.23868167,-77.18216833,2025,11,18
250052954,Property Damage Crash,11/25/2025 06:37:00 PM,ASPEN HILL RD,NA,"Sideswipe, Same Direction",Rain,Wet,Medium,Traffic Control Signal,NONE DETECTED,Yes,No Apparent Injury,Other Improper Action,Not Distracted,MD,Sport Utility Vehicle,Changing Lanes,35,No,2022,KIA,SORENTO,39.08024368,-77.08067853,2025,11,18
250052954,Property Damage Crash,11/25/2025 06:37:00 PM,ASPEN HILL RD,NA,"Sideswipe, Same Direction",Rain,Wet,Medium,Traffic Control Signal,NONE DETECTED,No,No Apparent Injury,NA,Not Distracted,MD,Bus - Transit,Stopped in Traffic,35,No,2016,GILLIG,LOW FLOOR BUS,39.08024368,-77.08067853,2025,11,18
250052946,Property Damage Crash,11/25/2025 06:23:00 PM,NA,NA,Front to Rear,Rain,Wet,Medium,Yield Sign,NONE DETECTED,No,No Apparent Injury,NA,Not Distracted,MD,Passenger Car,Stopped in Traffic,40,No,2023,FORD,EXPLORER,39.20508483,-77.24603867,2025,11,18
250052946,Property Damage Crash,11/25/2025 06:23:00 PM,NA,NA,Front to Rear,Rain,Wet,Medium,Yield Sign,NONE DETECTED,Yes,No Apparent Injury,NA,"Other Action (looking away from task, etc.)",MD,Passenger Car,Accelerating,40,No,2024,MAZDA,CX-5,39.20508483,-77.24603867,2025,11,18
250052943,Injury Crash,11/25/2025 06:20:00 PM,RANDOLPH RD,NA,Front to Rear,Rain,Wet,Dark,Traffic Control Signal,NONE DETECTED,Yes,Possible Minor Injury,NA,"Other Action (looking away from task, etc.)",MD,Passenger Car,Moving Constant Speed,35,No,2021,TOYOTA,HIGHLANDER,39.066198,-77.03364517,2025,11,18
250052943,Injury Crash,11/25/2025 06:20:00 PM,RANDOLPH RD,NA,Front to Rear,Rain,Wet,Dark,No Controls,NONE DETECTED,No,No Apparent Injury,NA,Unknown,MD,Passenger Car,Accelerating,35,No,2005,TOYOTA,COROLLA,39.066198,-77.03364517,2025,11,18
250052944,Injury Crash,11/25/2025 06:10:00 PM,VEIRS MILL RD,NA,Angle,Rain,Wet,Medium,Flashing Traffic Control Signal,NONE DETECTED,No,NA,NA,NA,NA,NA,Accelerating,35,No,0,NA,NA,39.0511005,-77.07413583,2025,11,18
250052944,Injury Crash,11/25/2025 06:10:00 PM,VEIRS MILL RD,NA,Angle,Rain,Wet,Medium,Flashing Traffic Control Signal,NONE DETECTED,No,Possible Minor Injury,NA,Not Distracted,MD,Passenger Car,Moving Constant Speed,35,No,2013,VOLKSWAGEN,TIGUAN,39.0511005,-77.07413583,2025,11,18
250052941,Property Damage Crash,11/25/2025 06:08:00 PM,RANDOLPH RD,NA,Front to Rear,Rain,Wet,Medium,No Controls,NONE DETECTED,Yes,No Apparent Injury,Followed Too Closely,Unknown,MD,Passenger Car,Moving Constant Speed,35,No,2005,TOYOTA,COROLLA,39.06604833,-77.03388,2025,11,18
250052941,Property Damage Crash,11/25/2025 06:08:00 PM,RANDOLPH RD,NA,Front to Rear,Rain,Wet,Medium,No Controls,NONE DETECTED,No,No Apparent Injury,NA,Unknown,MD,Passenger Car,Slowing or Stopping,35,No,2014,HONDA,CIVIC,39.06604833,-77.03388,2025,11,18
250052941,Property Damage Crash,11/25/2025 06:08:00 PM,RANDOLPH RD,NA,Front to Rear,Rain,Wet,Medium,No Controls,NONE DETECTED,No,No Apparent Injury,NA,Not Distracted,MD,Pickup,Slowing or Stopping,35,No,2016,CHEVROLET,COLORADO,39.06604833,-77.03388,2025,11,18
250052973,Injury Crash,11/25/2025 06:00:00 PM,APPOMATTOX AVE,Pedestrian,Single Vehicle,Rain,Wet,Medium,No Controls,NONE DETECTED,Yes,No Apparent Injury,NA,Unknown,MD,Passenger Car,Turning Left,30,No,2004,LINCOLN,TOWN CAR,39.15328954,-77.06028982,2025,11,18
250052947,Property Damage Crash,11/25/2025 06:00:00 PM,WHITES FERRY RD,NA,Single Vehicle,Rain,Wet,Dark,No Controls,ALCOHOL PRESENT,Yes,No Apparent Injury,"Failed to Keep in Proper Lane, Operated Motor Vehicle in Inattentive, Careless, Negligent, or Erratic Manner, Other Improper Action, Too Fast For Conditions",Unknown,VA,Passenger Car,Moving Constant Speed,25,No,2017,TOYOTA,HIGHLANDER,39.15346253,-77.44042944,2025,11,18
250052942,Property Damage Crash,11/25/2025 05:59:00 PM,HUNGERFORD DR (SB/L),NA,Angle,Rain,Wet,Medium,Traffic Control Signal,NONE DETECTED,Yes,No Apparent Injury,NA,Unknown,MD,Passenger Car,Turning Left,35,No,2023,KIA,FORTE,39.08747427,-77.15018058,2025,11,17
250052942,Property Damage Crash,11/25/2025 05:59:00 PM,HUNGERFORD DR (SB/L),NA,Angle,Rain,Wet,Medium,Traffic Control Signal,NONE DETECTED,No,No Apparent Injury,NA,Unknown,MD,Passenger Car,Moving Constant Speed,35,No,2015,JEEP,PATRIOT,39.08747427,-77.15018058,2025,11,17
250052937,Property Damage Crash,11/25/2025 05:53:00 PM,SHAWNEE LA,NA,Rear To Side,Rain,Wet,Medium,Stop Sign,NONE DETECTED,Yes,No Apparent Injury,Failed to Yield Right-of-Way,Unknown,MD,Passenger Car,Accelerating,40,No,2017,HYUNDAI,SONATA,39.23021238,-77.26854939,2025,11,17
250052937,Property Damage Crash,11/25/2025 05:53:00 PM,SHAWNEE LA,NA,Rear To Side,Rain,Wet,Medium,No Controls,NONE DETECTED,No,No Apparent Injury,NA,Not Distracted,PA,Passenger Car,Moving Constant Speed,40,No,2017,SUBARU,FORESTER,39.23021238,-77.26854939,2025,11,17
250052938,Property Damage Crash,11/25/2025 05:49:00 PM,NA,NA,Front to Front,Rain,Wet,Medium,No Controls,NONE DETECTED,No,NA,NA,NA,NA,Sport Utility Vehicle,Moving Constant Speed,30,No,2011,HONDA,ODYSSEY,38.99994009,-77.15991593,2025,11,17
250052938,Property Damage Crash,11/25/2025 05:49:00 PM,NA,NA,Front to Front,Rain,Wet,Medium,No Controls,NONE DETECTED,No,No Apparent Injury,NA,Not Distracted,VA,Sport Utility Vehicle,Slowing or Stopping,30,No,2010,FORD,EXPLORER,38.99994009,-77.15991593,2025,11,17
250052938,Property Damage Crash,11/25/2025 05:49:00 PM,NA,NA,Front to Front,Rain,Wet,Medium,No Controls,NONE DETECTED,Yes,No Apparent Injury,NA,Unknown,VA,Sport Utility Vehicle,Slowing or Stopping,30,No,2019,NISSAN,ROGUE SPORT,38.99994009,-77.15991593,2025,11,17
250052926,Property Damage Crash,11/25/2025 05:35:00 PM,GRANITE ROCK RD,NA,Single Vehicle,Rain,Wet,Medium,No Controls,DRUG PRESENT,No,No Apparent Injury,Ran Off Roadway,Unknown,MD,Passenger Car,Accelerating,15,No,2010,HONDA,ELEMENT,39.23925358,-77.26159034,2025,11,17
250052931,Injury Crash,11/25/2025 05:20:00 PM,REEDIE DR,Pedestrian,Single Vehicle,Rain,Wet,Medium,Traffic Control Signal,NONE DETECTED,Yes,No Apparent Injury,Failed to Yield Right-of-Way,Unknown,MD,Passenger Car,Turning Left,25,No,2015,DODGE,GRAND CARAVAN,39.03868902,-77.0508142,2025,11,17
250052929,Property Damage Crash,11/25/2025 05:18:00 PM,CSX TRACK 1 RAIL,NA,Single Vehicle,Rain,Wet,Medium,Railroad Crossing,NONE DETECTED,Yes,No Apparent Injury,NA,Unknown,VA,Passenger Car,Turning Left,25,No,2025,TOYOTA,CAMRY,39.14153251,-77.19348433,2025,11,17
250052932,Property Damage Crash,11/25/2025 05:18:00 PM,RAMP 7 FR MD 189 WB TO IS 270 SB,NA,Front to Rear,Rain,Wet,Medium,Traffic Control Signal,NONE DETECTED,Yes,No Apparent Injury,NA,Unknown,MD,Passenger Car,Moving Constant Speed,35,No,2020,NISSAN,ROGUE,39.07170056,-77.16250717,2025,11,17
250052932,Property Damage Crash,11/25/2025 05:18:00 PM,RAMP 7 FR MD 189 WB TO IS 270 SB,NA,Front to Rear,Rain,Wet,Medium,Traffic Control Signal,NONE DETECTED,No,No Apparent Injury,NA,Not Distracted,VA,Passenger Car,Slowing or Stopping,35,No,2022,NISSAN,SENTRA,39.07170056,-77.16250717,2025,11,17
250052930,Property Damage Crash,11/25/2025 05:04:00 PM,WOOTTON PKWY,NA,Front to Rear,Rain,Wet,Medium,Traffic Control Signal,NONE DETECTED,Yes,No Apparent Injury,Followed Too Closely,Unknown,MD,Passenger Car,Moving Constant Speed,35,No,2013,TOYOTA,PRIUS,39.06890417,-77.16901133,2025,11,17
250052930,Property Damage Crash,11/25/2025 05:04:00 PM,WOOTTON PKWY,NA,Front to Rear,Rain,Wet,Medium,Traffic Control Signal,NONE DETECTED,No,No Apparent Injury,NA,Not Distracted,MD,Passenger Car,Slowing or Stopping,35,No,2014,DODGE,CHARGER,39.06890417,-77.16901133,2025,11,17
250052924,Injury Crash,11/25/2025 04:58:00 PM,WOODFIELD RD,NA,Front to Front,Rain,Wet,Medium,Traffic Control Signal,NONE DETECTED,No,Possible Minor Injury,NA,Not Distracted,MD,Passenger Car,Moving Constant Speed,35,No,2020,NISSAN,ALTIMA,39.1521934,-77.17257369,2025,11,16
250052924,Injury Crash,11/25/2025 04:58:00 PM,WOODFIELD RD,NA,Front to Front,Rain,Wet,Medium,Traffic Control Signal,NONE DETECTED,Yes,Possible Minor Injury,NA,Unknown,MD,Passenger Car,Turning Left,35,No,2017,TOYOTA,SIENNA,39.1521934,-77.17257369,2025,11,16
250052916,Property Damage Crash,11/25/2025 04:34:00 PM,HAMMONTON PL,NA,Front to Rear,Rain,Wet,Medium,Stop Sign,NONE DETECTED,No,No Apparent Injury,NA,Not Distracted,MD,Passenger Car,Moving Constant Speed,45,No,2006,NISSAN,SENTRA,39.06883164,-77.0149468,2025,11,16
250052916,Property Damage Crash,11/25/2025 04:34:00 PM,HAMMONTON PL,NA,Front to Rear,Rain,Wet,Medium,Stop Sign,NONE DETECTED,No,No Apparent Injury,NA,Not Distracted,MD,Sport Utility Vehicle,Turning Left,45,No,2019,JEEP,COMPASS,39.06883164,-77.0149468,2025,11,16
250052915,Property Damage Crash,11/25/2025 04:30:00 PM,FREDERICK RD,NA,Angle,Rain,Wet,Medium,No Controls,NONE DETECTED,No,No Apparent Injury,NA,Not Distracted,MD,Sport Utility Vehicle,Moving Constant Speed,30,No,2016,TOYOTA,HIGHLANDER,39.14610483,-77.20408283,2025,11,16
250052915,Property Damage Crash,11/25/2025 04:30:00 PM,FREDERICK RD,NA,Angle,Rain,Wet,Medium,No Controls,NONE DETECTED,Yes,No Apparent Injury,Failed to Yield Right-of-Way,Unknown,XX,Passenger Car,Turning Left,5,No,2024,TOYOTA,CAMRY,39.14610483,-77.20408283,2025,11,16
250052904,Injury Crash,11/25/2025 03:52:00 PM,WISTERIA DR,NA,Front to Front,Cloudy,Wet,Daylight,No Controls,NONE DETECTED,No,Possible Minor Injury,NA,Not Distracted,MD,Passenger Car,Moving Constant Speed,30,No,2022,NISSAN,ROGUE SPORT,39.17025829,-77.2619538,2025,11,15
250052904,Injury Crash,11/25/2025 03:52:00 PM,WISTERIA DR,NA,Front to Front,Cloudy,Wet,Daylight,No Controls,NONE DETECTED,Yes,Possible Minor Injury,Improper Turn,Unknown,MD,Passenger Car,Turning Left,30,No,2012,TOYOTA,COROLLA,39.17025829,-77.2619538,2025,11,15
250052906,Injury Crash,11/25/2025 03:49:00 PM,RAMP 6 FR IS 495 EB TO MD 193 SB,NA,Front to Rear,Cloudy,Dry,Daylight,Yield Sign,NONE DETECTED,Yes,No Apparent Injury,Other Improper Action,Not Distracted,MD,Sport Utility Vehicle,Accelerating,35,No,2008,HONDA,CR-V,39.01415978,-77.00431588,2025,11,15
250052906,Injury Crash,11/25/2025 03:49:00 PM,RAMP 6 FR IS 495 EB TO MD 193 SB,NA,Front to Rear,Cloudy,Dry,Daylight,Yield Sign,NONE DETECTED,No,Possible Minor Injury,NA,Not Distracted,MD,Sport Utility Vehicle,Stopped in Traffic,35,No,2021,TOYOTA,RAV4,39.01415978,-77.00431588,2025,11,15
250052900,Injury Crash,11/25/2025 03:44:00 PM,GEORGIA AVE,Pedestrian,Unknown,Cloudy,Dry,Daylight,No Controls,NONE DETECTED,No,NA,NA,NA,NA,NA,Turning Right,35,No,0,NA,NA,39.07841299,-77.07172235,2025,11,15
250052903,Property Damage Crash,11/25/2025 03:23:00 PM,STRINGTOWN RD (NB/L),NA,"Sideswipe, Same Direction",Rain,Wet,Daylight,Yield Sign,NONE DETECTED,Yes,No Apparent Injury,Failed to Yield Right-of-Way,Unknown,FL,Bus - Mini,Entering Traffic Lane,40,No,2018,MERCEDES-BENZ,SPRINTER,39.23331568,-77.28298675,2025,11,15
250052903,Property Damage Crash,11/25/2025 03:23:00 PM,STRINGTOWN RD (NB/L),NA,"Sideswipe, Same Direction",Rain,Wet,Daylight,Yield Sign,NONE DETECTED,No,No Apparent Injury,NA,Not Distracted,MD,Bus - School,Moving Constant Speed,40,No,2019,CHEVROLET,EXPRESS,39.23331568,-77.28298675,2025,11,15
250052895,Property Damage Crash,11/25/2025 02:48:00 PM,BALLARD ST,NA,Angle,Cloudy,Dry,Daylight,No Controls,NONE DETECTED,Yes,No Apparent Injury,"Failed to Yield Right-of-Way, Improper Turn",Unknown,MD,Sport Utility Vehicle,Turning Right,30,No,2006,KIA,SORENTO,39.00082614,-77.03343616,2025,11,14
250052895,Property Damage Crash,11/25/2025 02:48:00 PM,BALLARD ST,NA,Angle,Cloudy,Dry,Daylight,No Controls,NONE DETECTED,No,No Apparent Injury,NA,Not Distracted,MD,Bus - Transit,Moving Constant Speed,30,No,2013,NEW FLYER,XCELSIOR,39.00082614,-77.03343616,2025,11,14
250052880,Injury Crash,11/25/2025 01:49:00 PM,RANDOLPH RD (WB/L),NA,"Sideswipe, Opposite Direction",Rain,Wet,Daylight,Traffic Control Signal,NONE DETECTED,No,Possible Minor Injury,NA,Not Distracted,MD,Sport Utility Vehicle,Moving Constant Speed,40,No,2024,FORD,EXPEDITION,39.0661645,-77.03444383,2025,11,13
250052880,Injury Crash,11/25/2025 01:49:00 PM,RANDOLPH RD (WB/L),NA,"Sideswipe, Opposite Direction",Rain,Wet,Daylight,Traffic Control Signal,NONE DETECTED,Yes,No Apparent Injury,Improper Turn,Unknown,MD,Sport Utility Vehicle,Turning Left,40,No,2020,NISSAN,ARMADA,39.0661645,-77.03444383,2025,11,13
250052872,Injury Crash,11/25/2025 01:05:00 PM,PINEY MEETINGHOUSE RD,NA,Angle,Rain,Wet,Daylight,Traffic Control Signal,NONE DETECTED,No,Possible Minor Injury,NA,Not Distracted,MD,Sport Utility Vehicle,Moving Constant Speed,40,No,2019,TOYOTA,4-RUNNER,39.08267567,-77.21710383,2025,11,13
250052872,Injury Crash,11/25/2025 01:05:00 PM,PINEY MEETINGHOUSE RD,NA,Angle,Rain,Wet,Daylight,Traffic Control Signal,NONE DETECTED,Yes,No Apparent Injury,Failed to Yield Right-of-Way,Not Distracted,MD,Passenger Car,Turning Left,40,No,2016,LEXUS,RX,39.08267567,-77.21710383,2025,11,13
250052867,Property Damage Crash,11/25/2025 12:24:00 PM,NA,NA,"Sideswipe, Same Direction",Clear,Dry,Daylight,Traffic Control Signal,NONE DETECTED,No,No Apparent Injury,NA,Not Distracted,MD,Passenger Car,Moving Constant Speed,40,No,2017,NISSAN,MAXIMA,39.1699931,-77.17670722,2025,11,12
250052867,Property Damage Crash,11/25/2025 12:24:00 PM,NA,NA,"Sideswipe, Same Direction",Clear,Dry,Daylight,Traffic Control Signal,NONE DETECTED,Yes,No Apparent Injury,Failed to Yield Right-of-Way,Unknown,MD,Pickup,Turning Right,40,No,2013,TOYOTA,TACOMA,39.1699931,-77.17670722,2025,11,12