Local Case Number,ACRS Report Type,Crash Date/Time,Road Name,Related Non-Motorist,Collision Type,Weather,Surface Condition,Light,Traffic Control,Driver Substance Abuse,Driver At Fault,Injury Severity,Circumstance,Driver Distracted By,Drivers License State,Vehicle Body Type,Vehicle Movement,Speed Limit,Driverless Vehicle,Vehicle Year,Vehicle Make,Vehicle Model,Latitude,Longitude,Year,Month,Hour
250052865,Injury Crash,11/25/2025 12:14:00 PM,LITTLETON ST,NA,Rear To Side,Clear,Dry,Daylight,No Controls,NONE DETECTED,Yes,Possible Minor Injury,Failed to Yield Right-of-Way,Unknown,MD,Passenger Car,Turning Right,15,No,2013,TOYOTA,RAV4,39.0678295,-77.081616,2025,11,12
250052865,Injury Crash,11/25/2025 12:14:00 PM,LITTLETON ST,NA,Rear To Side,Clear,Dry,Daylight,No Controls,NONE DETECTED,No,No Apparent Injury,NA,Not Distracted,MD,Passenger Car,Moving Constant Speed,15,No,2012,HONDA,CIVIC,39.0678295,-77.081616,2025,11,12
250052860,Property Damage Crash,11/25/2025 11:45:00 AM,HASTINGS DR,NA,Front to Rear,Rain,Wet,Daylight,Traffic Control Signal,NONE DETECTED,No,No Apparent Injury,NA,Not Distracted,MD,Passenger Car,Stopped in Traffic,35,No,2021,TOYOTA,TACOMA,39.01317846,-77.01659065,2025,11,11
250052860,Property Damage Crash,11/25/2025 11:45:00 AM,HASTINGS DR,NA,Front to Rear,Rain,Wet,Daylight,Traffic Control Signal,NONE DETECTED,No,No Apparent Injury,NA,Not Distracted,MD,Pickup,Stopped in Traffic,35,No,2016,FORD,FIESTA,39.01317846,-77.01659065,2025,11,11
250052860,Property Damage Crash,11/25/2025 11:45:00 AM,HASTINGS DR,NA,Front to Rear,Rain,Wet,Daylight,Traffic Control Signal,NONE DETECTED,Yes,No Apparent Injury,Too Fast For Conditions,"Other Action (looking away from task, etc.)",MD,Passenger Car,Slowing or Stopping,35,No,2017,FORD,TAURUS,39.01317846,-77.01659065,2025,11,11
250052859,Injury Crash,11/25/2025 11:33:00 AM,NEWCUT RD,NA,Front to Rear,Cloudy,Dry,Daylight,No Controls,NONE DETECTED,Yes,Possible Minor Injury,"Operated Motor Vehicle in Inattentive, Careless, Negligent, or Erratic Manner, Other Improper Action",Not Distracted,MD,Passenger Car,Moving Constant Speed,25,No,2024,KIA,SELTOS,39.23105217,-77.24728167,2025,11,11
250052839,Property Damage Crash,11/25/2025 08:30:00 AM,WINDHAM LA,NA,Other,Clear,Dry,Daylight,Traffic Control Signal,NONE DETECTED,No,No Apparent Injury,NA,Not Distracted,MD,Passenger Car,Moving Constant Speed,35,No,2010,TOYOTA,COROLLA,39.03192837,-77.048422,2025,11,8
250052839,Property Damage Crash,11/25/2025 08:30:00 AM,WINDHAM LA,NA,Other,Clear,Dry,Daylight,Traffic Control Signal,NONE DETECTED,No,No Apparent Injury,NA,Unknown,MD,Pickup,Moving Constant Speed,35,No,2023,FORD,F-150,39.03192837,-77.048422,2025,11,8
250052849,Property Damage Crash,11/25/2025 08:00:00 AM,RANDOLPH RD (WB/L),NA,"Sideswipe, Same Direction",Clear,Dry,Daylight,No Controls,NONE DETECTED,No,No Apparent Injury,NA,Not Distracted,MD,Passenger Car,Moving Constant Speed,35,No,2006,NISSAN,ALTIMA,39.05333752,-77.08899237,2025,11,8
250052849,Property Damage Crash,11/25/2025 08:00:00 AM,RANDOLPH RD (WB/L),NA,"Sideswipe, Same Direction",Clear,Dry,Daylight,No Controls,NONE DETECTED,No,NA,NA,NA,NA,Single-Unit Truck,Moving Constant Speed,35,No,2005,FORD,F-450,39.05333752,-77.08899237,2025,11,8
250052833,Injury Crash,11/25/2025 06:13:00 AM,GLENMONT CIR #1,NA,Rear To Side,Clear,Dry,Medium,Traffic Control Signal,NONE DETECTED,Yes,Possible Minor Injury,NA,"Other Action (looking away from task, etc.)",MD,Passenger Car,Turning Left,35,No,2019,DODGE,CHARGER,39.05904912,-77.04774916,2025,11,6
250052833,Injury Crash,11/25/2025 06:13:00 AM,GLENMONT CIR #1,NA,Rear To Side,Clear,Dry,Medium,Traffic Control Signal,NONE DETECTED,No,No Apparent Injury,NA,Not Distracted,MD,Passenger Car,Moving Constant Speed,35,No,2020,FORD,MUSTANG,39.05904912,-77.04774916,2025,11,6
250053279,Injury Crash,11/24/2025 09:00:00 PM,ALCOTT PL,Pedestrian,Single Vehicle,Clear,Dry,Medium,Stop Sign,NONE DETECTED,No,NA,NA,NA,NA,NA,Moving Constant Speed,20,No,0,NA,NA,39.11363202,-77.20464171,2025,11,21
250052812,Property Damage Crash,11/24/2025 08:59:00 PM,TRAVILAH RD,NA,Single Vehicle,Clear,Dry,Medium,No Controls,NONE DETECTED,No,No Apparent Injury,NA,Not Distracted,MD,Passenger Car,Moving Constant Speed,35,No,2015,LINCOLN,MKS,39.08634933,-77.21890533,2025,11,20
250052797,Injury Crash,11/24/2025 07:20:00 PM,WISTERIA DR,NA,Angle,Clear,Dry,Medium,No Controls,NONE DETECTED,No,Possible Minor Injury,NA,Not Distracted,MD,Passenger Car,Moving Constant Speed,30,No,2006,HYUNDAI,SONATA,39.1764709,-77.26931526,2025,11,19
250052797,Injury Crash,11/24/2025 07:20:00 PM,WISTERIA DR,NA,Angle,Clear,Dry,Medium,No Controls,NONE DETECTED,Yes,No Apparent Injury,NA,Not Distracted,MD,Passenger Car,Turning Left,30,No,2022,TOYOTA,COROLLA,39.1764709,-77.26931526,2025,11,19
250052793,Property Damage Crash,11/24/2025 07:08:00 PM,NA,NA,Front to Rear,Clear,NA,Medium,NA,NONE DETECTED,Yes,No Apparent Injury,"Operated Motor Vehicle in Inattentive, Careless, Negligent, or Erratic Manner, Other Improper Action",Unknown,MD,Sport Utility Vehicle,Backing,0,No,2017,BUICK,ENCLAVE,39.0547655,-76.95565483,2025,11,19
250052793,Property Damage Crash,11/24/2025 07:08:00 PM,NA,NA,Front to Rear,Clear,NA,Medium,NA,NONE DETECTED,No,No Apparent Injury,NA,Not Distracted,MD,Passenger Car,Slowing or Stopping,0,No,2018,HONDA,CIVIC,39.0547655,-76.95565483,2025,11,19
250052785,Injury Crash,11/24/2025 06:12:00 PM,CHRISTOPHER AVE,NA,Angle,Clear,Dry,Medium,Traffic Control Signal,NONE DETECTED,Yes,Possible Minor Injury,NA,Unknown,MD,Passenger Car,Entering Traffic Lane,35,No,2014,DODGE,CHARGER,39.15769517,-77.21338386,2025,11,18
250052785,Injury Crash,11/24/2025 06:12:00 PM,CHRISTOPHER AVE,NA,Angle,Clear,Dry,Medium,Traffic Control Signal,NONE DETECTED,No,No Apparent Injury,NA,Unknown,MD,Passenger Car,Accelerating,35,No,2016,HONDA,CIVIC,39.15769517,-77.21338386,2025,11,18
250052780,Property Damage Crash,11/24/2025 05:43:00 PM,WIGHTMAN RD,NA,Front to Rear,Clear,Dry,Medium,No Controls,NONE DETECTED,No,No Apparent Injury,NA,Not Distracted,MD,Passenger Car,Stopped in Traffic,35,No,2018,NISSAN,VERSA,39.18790825,-77.18717418,2025,11,17
250052780,Property Damage Crash,11/24/2025 05:43:00 PM,WIGHTMAN RD,NA,Front to Rear,Clear,Dry,Medium,No Controls,NONE DETECTED,Yes,No Apparent Injury,Followed Too Closely,Unknown,MD,Passenger Car,Slowing or Stopping,35,No,2009,NISSAN,ALTIMA,39.18790825,-77.18717418,2025,11,17
250052780,Property Damage Crash,11/24/2025 05:43:00 PM,WIGHTMAN RD,NA,Front to Rear,Clear,Dry,Medium,No Controls,NONE DETECTED,No,No Apparent Injury,NA,Not Distracted,MD,Passenger Car,Stopped in Traffic,35,No,2024,TOYOTA,CAMRY,39.18790825,-77.18717418,2025,11,17
250052781,Property Damage Crash,11/24/2025 05:40:00 PM,ROLLINS AVE,NA,"Sideswipe, Same Direction",Clear,Dry,Medium,No Controls,NONE DETECTED,No,No Apparent Injury,NA,Not Distracted,MD,Other Trucks,Moving Constant Speed,30,No,2019,PIERCE MANUFACTURING,PUMPER,39.05883721,-77.12198923,2025,11,17
250052781,Property Damage Crash,11/24/2025 05:40:00 PM,ROLLINS AVE,NA,"Sideswipe, Same Direction",Clear,Dry,Medium,No Controls,NONE DETECTED,No,NA,NA,NA,NA,NA,Turning Right,30,No,0,NA,NA,39.05883721,-77.12198923,2025,11,17
250052778,Property Damage Crash,11/24/2025 05:35:00 PM,INWOOD AVE,NA,Angle,Clear,Dry,Medium,Traffic Control Signal,NONE DETECTED,No,No Apparent Injury,NA,Unknown,MD,Passenger Car,Moving Constant Speed,35,No,2009,TOYOTA,CAMRY,39.03609733,-77.03655317,2025,11,17
250052778,Property Damage Crash,11/24/2025 05:35:00 PM,INWOOD AVE,NA,Angle,Clear,Dry,Medium,Traffic Control Signal,NONE DETECTED,Yes,No Apparent Injury,Failed to Yield Right-of-Way,Unknown,MD,Passenger Car,Turning Left,35,No,2016,HYUNDAI,ACCENT,39.03609733,-77.03655317,2025,11,17
250052774,Injury Crash,11/24/2025 05:30:00 PM,WISTERIA DR,NA,"Sideswipe, Same Direction",Clear,Dry,Medium,No Controls,NONE DETECTED,Yes,Possible Minor Injury,NA,Unknown,MD,Passenger Car,Entering Traffic Lane,30,No,2003,NISSAN,SENTRA,39.16181689,-77.25220179,2025,11,17
250052774,Injury Crash,11/24/2025 05:30:00 PM,WISTERIA DR,NA,"Sideswipe, Same Direction",Clear,Dry,Medium,No Controls,NONE DETECTED,No,No Apparent Injury,NA,Not Distracted,MD,Pickup,Moving Constant Speed,30,No,2020,TOYOTA,TACOMA,39.16181689,-77.25220179,2025,11,17
250052768,Property Damage Crash,11/24/2025 04:56:00 PM,OLD GEORGETOWN RD (SB/L),NA,Angle,Clear,Dry,Medium,Traffic Control Signal,NONE DETECTED,No,No Apparent Injury,NA,Not Distracted,MD,Sport Utility Vehicle,Moving Constant Speed,35,No,2021,KIA,SPORTAGE,39.04470953,-77.12054382,2025,11,16
250052768,Property Damage Crash,11/24/2025 04:56:00 PM,OLD GEORGETOWN RD (SB/L),NA,Angle,Clear,Dry,Medium,Traffic Control Signal,NONE DETECTED,Yes,No Apparent Injury,Failed to Yield Right-of-Way,Unknown,MD,Sport Utility Vehicle,Turning Left,35,No,2024,HONDA,CR-V,39.04470953,-77.12054382,2025,11,16
250052759,Property Damage Crash,11/24/2025 04:50:00 PM,NA,NA,"Sideswipe, Same Direction",Clear,NA,Medium,NA,NONE DETECTED,No,No Apparent Injury,NA,Not Distracted,MD,Passenger Car,Stopped in Traffic,0,No,2020,ACURA,ILX,39.05507513,-76.95592189,2025,11,16
250052759,Property Damage Crash,11/24/2025 04:50:00 PM,NA,NA,"Sideswipe, Same Direction",Clear,NA,Medium,NA,NONE DETECTED,No,No Apparent Injury,NA,NA,NA,Pickup,Overtaking/Passing,0,No,2019,TOYOTA,TUNDRA,39.05507513,-76.95592189,2025,11,16
250052765,Injury Crash,11/24/2025 04:50:00 PM,FREDERICK RD,Pedestrian,Single Vehicle,Clear,Dry,Medium,Traffic Control Signal,NONE DETECTED,No,No Apparent Injury,NA,Not Distracted,MD,Passenger Car,Moving Constant Speed,30,No,2020,KIA,FORTE,39.15065762,-77.20952904,2025,11,16
250052763,Property Damage Crash,11/24/2025 04:38:00 PM,WOODFIELD RD (SB/L),NA,"Sideswipe, Same Direction",Clear,Dry,Medium,No Controls,NONE DETECTED,Yes,No Apparent Injury,"Failed to Yield Right-of-Way, Other Improper Action",Unknown,MD,Passenger Car,Changing Lanes,35,No,2015,TOYOTA,RAV4,39.15814878,-77.16176386,2025,11,16
250052763,Property Damage Crash,11/24/2025 04:38:00 PM,WOODFIELD RD (SB/L),NA,"Sideswipe, Same Direction",Clear,Dry,Medium,No Controls,NONE DETECTED,No,No Apparent Injury,NA,Not Distracted,DE,Passenger Car,Moving Constant Speed,35,No,2024,SUBARU,CROSSTREK,39.15814878,-77.16176386,2025,11,16
250052754,Property Damage Crash,11/24/2025 04:00:00 PM,RAILROAD ST,NA,Front to Front,Clear,Dry,Daylight,Traffic Control Signal,NONE DETECTED,No,No Apparent Injury,NA,Not Distracted,MD,Passenger Car,Accelerating,20,No,2020,TOYOTA,SIENNA,39.13775308,-77.17895976,2025,11,16
250052754,Property Damage Crash,11/24/2025 04:00:00 PM,RAILROAD ST,NA,Front to Front,Clear,Dry,Daylight,Traffic Control Signal,NONE DETECTED,Yes,No Apparent Injury,Failed to Yield Right-of-Way,Not Distracted,MD,Passenger Car,Turning Left,20,No,2025,TOYOTA,COROLLA,39.13775308,-77.17895976,2025,11,16
250052754,Property Damage Crash,11/24/2025 04:00:00 PM,RAILROAD ST,NA,Front to Front,Clear,Dry,Daylight,No Controls,NONE DETECTED,No,No Apparent Injury,NA,Not Distracted,MD,Passenger Car,Accelerating,20,No,2021,HONDA,CR-V,39.13775308,-77.17895976,2025,11,16
250052749,Property Damage Crash,11/24/2025 03:53:00 PM,RAMP 6 FR WATKINS MILL RD TO IS 270 SB,NA,Angle,Clear,Dry,Daylight,Traffic Control Signal,NONE DETECTED,Yes,No Apparent Injury,"Failed to Yield Right-of-Way, Ran Red Light",Unknown,MD,Passenger Car,Moving Constant Speed,35,No,2013,ACURA,RDX,39.15608822,-77.2257316,2025,11,15
250052749,Property Damage Crash,11/24/2025 03:53:00 PM,RAMP 6 FR WATKINS MILL RD TO IS 270 SB,NA,Angle,Clear,Dry,Daylight,Traffic Control Signal,NONE DETECTED,No,No Apparent Injury,NA,Not Distracted,MD,Passenger Car,Accelerating,35,No,2018,BMW,X3,39.15608822,-77.2257316,2025,11,15
250052752,Injury Crash,11/24/2025 03:48:00 PM,W WATKINS MILL RD,NA,Front to Rear,Clear,Dry,Daylight,No Controls,NONE DETECTED,No,No Apparent Injury,NA,Not Distracted,MD,Sport Utility Vehicle,Slowing or Stopping,35,No,2025,DODGE,DURANGO,39.15218667,-77.23145417,2025,11,15
250052752,Injury Crash,11/24/2025 03:48:00 PM,W WATKINS MILL RD,NA,Front to Rear,Clear,Dry,Daylight,No Controls,NONE DETECTED,Yes,No Apparent Injury,Followed Too Closely,Unknown,NA,Passenger Car,NA,35,No,2000,TOYOTA,CAMRY,39.15218667,-77.23145417,2025,11,15
250052752,Injury Crash,11/24/2025 03:48:00 PM,W WATKINS MILL RD,NA,Front to Rear,Clear,Dry,Daylight,No Controls,NONE DETECTED,No,Possible Minor Injury,NA,Not Distracted,MD,Sport Utility Vehicle,Moving Constant Speed,35,No,2014,HONDA,CR-V,39.15218667,-77.23145417,2025,11,15
250052745,Property Damage Crash,11/24/2025 03:40:00 PM,QUINCE ORCHARD RD (SB/L),NA,Front to Front,Clear,Dry,Daylight,No Controls,NONE DETECTED,No,No Apparent Injury,NA,Not Distracted,MD,Passenger Car,Moving Constant Speed,35,No,2019,TOYOTA,CAMRY,39.14572817,-77.219757,2025,11,15
250052745,Property Damage Crash,11/24/2025 03:40:00 PM,QUINCE ORCHARD RD (SB/L),NA,Front to Front,Clear,Dry,Daylight,No Controls,NONE DETECTED,No,No Apparent Injury,NA,Not Distracted,MD,Other,Turning Right,35,No,2012,FORD,E-350,39.14572817,-77.219757,2025,11,15
250052744,Property Damage Crash,11/24/2025 03:35:00 PM,COLUMBIA PIKE (SB/L),NA,Front to Rear,Clear,Dry,Daylight,No Controls,NONE DETECTED,Yes,No Apparent Injury,NA,Unknown,MD,Passenger Car,Moving Constant Speed,50,No,2007,HONDA,CIVIC,39.05905477,-76.96688743,2025,11,15
250052744,Property Damage Crash,11/24/2025 03:35:00 PM,COLUMBIA PIKE (SB/L),NA,Front to Rear,Clear,Dry,Daylight,No Controls,NONE DETECTED,No,No Apparent Injury,NA,Not Distracted,DC,Passenger Car,Slowing or Stopping,50,No,2019,NISSAN,VERSA,39.05905477,-76.96688743,2025,11,15
250052753,Injury Crash,11/24/2025 03:31:00 PM,SHAKESPEARE BLVD (WB/L),Pedestrian,Single Vehicle,Clear,Dry,Daylight,Stop Sign,NONE DETECTED,Yes,No Apparent Injury,Failed to Yield Right-of-Way,Unknown,MD,Passenger Car,Turning Right,25,No,2015,FORD,FOCUS,39.19745456,-77.25226412,2025,11,15
250052737,Property Damage Crash,11/24/2025 03:08:00 PM,VEIRS MILL RD (WB/L),NA,Front to Rear,Clear,Dry,Daylight,No Controls,NONE DETECTED,No,No Apparent Injury,NA,Not Distracted,VA,Passenger Car,Stopped in Traffic,35,No,2025,HONDA,ACCORD,39.04158367,-77.05834533,2025,11,15
250052737,Property Damage Crash,11/24/2025 03:08:00 PM,VEIRS MILL RD (WB/L),NA,Front to Rear,Clear,Dry,Daylight,No Controls,NONE DETECTED,Yes,No Apparent Injury,NA,Not Distracted,MD,Sport Utility Vehicle,Changing Lanes,35,No,2019,FORD,TRANSIT,39.04158367,-77.05834533,2025,11,15
250052737,Property Damage Crash,11/24/2025 03:08:00 PM,VEIRS MILL RD (WB/L),NA,Front to Rear,Clear,Dry,Daylight,No Controls,NONE DETECTED,No,No Apparent Injury,NA,Not Distracted,MD,Passenger Car,Moving Constant Speed,35,No,2015,ACURA,TLX,39.04158367,-77.05834533,2025,11,15
250052736,Property Damage Crash,11/24/2025 03:00:00 PM,FOURTEENTH AVE,NA,"Sideswipe, Same Direction",Clear,Dry,Daylight,No Controls,NONE DETECTED,Yes,No Apparent Injury,NA,Not Distracted,MD,Passenger Car,Moving Constant Speed,20,No,2017,FORD,F-450,38.97920139,-76.98707228,2025,11,15
250052726,Injury Crash,11/24/2025 01:56:00 PM,EMERALD GREEN DR,NA,Angle,Clear,Dry,Daylight,No Controls,NONE DETECTED,No,No Apparent Injury,NA,Not Distracted,MD,Passenger Car,Moving Constant Speed,40,No,2014,LEXUS,LS,39.223223,-77.24438433,2025,11,13
250052726,Injury Crash,11/24/2025 01:56:00 PM,EMERALD GREEN DR,NA,Angle,Clear,Dry,Daylight,No Controls,NONE DETECTED,Yes,Possible Minor Injury,Failed to Yield Right-of-Way,Not Distracted,MD,Passenger Car,Turning Left,40,No,2015,TOYOTA,COROLLA,39.223223,-77.24438433,2025,11,13
250052721,Property Damage Crash,11/24/2025 01:30:00 PM,JILRICK ST,NA,Front to Rear,Clear,Dry,Daylight,No Controls,NONE DETECTED,Yes,No Apparent Injury,NA,Not Distracted,MD,Passenger Car,Accelerating,10,No,2013,CHEVROLET,EXPRESS,39.12621017,-77.0861925,2025,11,13
250052721,Property Damage Crash,11/24/2025 01:30:00 PM,JILRICK ST,NA,Front to Rear,Clear,Dry,Daylight,No Controls,NONE DETECTED,No,No Apparent Injury,NA,Not Distracted,MD,Passenger Car,Moving Constant Speed,25,No,2003,HONDA,ACCORD,39.12621017,-77.0861925,2025,11,13
250052725,Property Damage Crash,11/24/2025 01:23:00 PM,WOODFIELD RD,NA,"Sideswipe, Same Direction",Clear,Dry,Daylight,No Controls,NONE DETECTED,No,No Apparent Injury,NA,Not Distracted,MD,Passenger Car,Moving Constant Speed,30,No,2016,CHEVROLET,CRUZE LIMITED,39.2798115,-77.2032035,2025,11,13
250052725,Property Damage Crash,11/24/2025 01:23:00 PM,WOODFIELD RD,NA,"Sideswipe, Same Direction",Clear,Dry,Daylight,No Controls,NONE DETECTED,Yes,No Apparent Injury,Failed to Yield Right-of-Way,Not Distracted,MD,Passenger Car,Accelerating,30,No,2022,TOYOTA,CAMRY,39.2798115,-77.2032035,2025,11,13
250052707,Injury Crash,11/24/2025 12:59:00 PM,RANDOLPH RD,NA,Front to Rear,Clear,Dry,Daylight,No Controls,NONE DETECTED,No,Possible Minor Injury,NA,Unknown,DC,Van - Passenger (&lt;9 Seats),Stopped in Traffic,35,No,2020,RAM,PROMASTER 3500,39.05770633,-77.05319433,2025,11,12
250052707,Injury Crash,11/24/2025 12:59:00 PM,RANDOLPH RD,NA,Front to Rear,Clear,Dry,Daylight,No Controls,NONE DETECTED,Yes,No Apparent Injury,NA,Not Distracted,MD,Sport Utility Vehicle,Moving Constant Speed,35,No,2012,LEXUS,RX,39.05770633,-77.05319433,2025,11,12
250052694,Property Damage Crash,11/24/2025 12:00:00 PM,RETAIL PL,NA,Front to Rear,Clear,Dry,Daylight,No Controls,NONE DETECTED,Yes,No Apparent Injury,"Operated Motor Vehicle in Inattentive, Careless, Negligent, or Erratic Manner, Other Improper Action, Over-Correcting/Over-Steering",Not Distracted,MD,Passenger Car,Accelerating,25,No,2021,TOYOTA,RAV4,39.17174283,-77.205008,2025,11,12
250052689,Property Damage Crash,11/24/2025 11:55:00 AM,NORBECK RD,NA,"Sideswipe, Same Direction",Clear,Dry,Daylight,Traffic Control Signal,NONE DETECTED,No,NA,Other Improper Action,Unknown,NA,Unknown,Accelerating,35,No,1900,UNKNOWN,UNKNOWN,39.09602171,-77.11005407,2025,11,11
250052689,Property Damage Crash,11/24/2025 11:55:00 AM,NORBECK RD,NA,"Sideswipe, Same Direction",Clear,Dry,Daylight,Traffic Control Signal,NONE DETECTED,No,No Apparent Injury,NA,Not Distracted,MD,Bus - Transit,Moving Constant Speed,30,No,2009,GILLIG,LOW FLOOR BUS,39.09602171,-77.11005407,2025,11,11
250052692,Property Damage Crash,11/24/2025 11:00:00 AM,NA,NA,Front to Rear,Clear,NA,Daylight,NA,NONE DETECTED,No,No Apparent Injury,NA,NA,NA,Passenger Car,Turning Right,0,No,2016,AUDI,A4,38.9686025,-77.1019635,2025,11,11
250052666,Property Damage Crash,11/24/2025 09:30:00 AM,NA,NA,"Sideswipe, Same Direction",Clear,NA,Daylight,NA,NONE DETECTED,No,No Apparent Injury,NA,Not Distracted,MD,Bus - School,Parked,0,No,2015,FREIGHTLINER,B2 BUS CHASSIS,39.04734318,-77.14514599,2025,11,9
250052666,Property Damage Crash,11/24/2025 09:30:00 AM,NA,NA,"Sideswipe, Same Direction",Clear,NA,Daylight,NA,NONE DETECTED,No,No Apparent Injury,NA,Not Distracted,MD,Bus - School,Overtaking/Passing,0,No,2017,THOMAS BUILT,HDX,39.04734318,-77.14514599,2025,11,9
250052662,Property Damage Crash,11/24/2025 09:05:00 AM,PARKLAND DR,NA,Front to Front,Clear,Dry,Daylight,Stop Sign,NONE DETECTED,Yes,No Apparent Injury,Other Improper Action,Unknown,MD,Passenger Car,Turning Left,25,No,2014,CHEVROLET,EXPRESS,39.08338937,-77.08694734,2025,11,9
250052662,Property Damage Crash,11/24/2025 09:05:00 AM,PARKLAND DR,NA,Front to Front,Clear,Dry,Daylight,No Controls,NONE DETECTED,No,No Apparent Injury,NA,Not Distracted,MD,Passenger Car,Moving Constant Speed,25,No,2014,MERCEDES-BENZ,E-CLASS,39.08338937,-77.08694734,2025,11,9
250052669,Property Damage Crash,11/24/2025 08:45:00 AM,WISCONSIN AVE,NA,Angle,Clear,Dry,Daylight,No Controls,NONE DETECTED,No,No Apparent Injury,NA,Not Distracted,DC,Station Wagon,Stopped in Traffic,25,No,2017,VOLVO,V90CC,38.98352875,-77.09381276,2025,11,8
250052669,Property Damage Crash,11/24/2025 08:45:00 AM,WISCONSIN AVE,NA,Angle,Clear,Dry,Daylight,No Controls,NONE DETECTED,Yes,No Apparent Injury,NA,Unknown,DC,Sport Utility Vehicle,Changing Lanes,25,No,2011,TOYOTA,HIGHLANDER,38.98352875,-77.09381276,2025,11,8
250052657,Property Damage Crash,11/24/2025 08:20:00 AM,CIRCLE AVE,NA,Rear To Side,Clear,Dry,Daylight,No Controls,NONE DETECTED,No,No Apparent Injury,NA,Not Distracted,MD,Bus - School,Backing,25,No,2019,FREIGHTLINER,B2 BUS CHASSIS,38.97386112,-76.99932189,2025,11,8
250052650,Injury Crash,11/24/2025 07:55:00 AM,URBANA DR,Pedestrian,Single Vehicle,Clear,Dry,Daylight,Traffic Control Signal,NONE DETECTED,No,No Apparent Injury,NA,Not Distracted,MD,Bus - Transit,Turning Left,35,No,2020,GILLIG,LOW FLOOR BUS,39.0614609,-77.05248537,2025,11,7
250052648,Property Damage Crash,11/24/2025 07:30:00 AM,NEW HAMPSHIRE AVE (SB/L),NA,"Sideswipe, Same Direction",Clear,Dry,Daylight,No Controls,NONE DETECTED,No,NA,NA,NA,NA,Passenger Car,Changing Lanes,40,No,2003,HUMMER,H2,39.01354894,-76.97846731,2025,11,7
250052648,Property Damage Crash,11/24/2025 07:30:00 AM,NEW HAMPSHIRE AVE (SB/L),NA,"Sideswipe, Same Direction",Clear,Dry,Daylight,No Controls,NONE DETECTED,No,No Apparent Injury,NA,Not Distracted,DC,Passenger Car,Moving Constant Speed,40,No,2020,TOYOTA,CAMRY,39.01354894,-76.97846731,2025,11,7
250052647,Property Damage Crash,11/24/2025 07:00:00 AM,RESEARCH BLVD,NA,Front to Rear,Clear,Dry,Daylight,No Controls,NONE DETECTED,No,No Apparent Injury,NA,Not Distracted,MD,Single-Unit Truck,Moving Constant Speed,30,No,2017,KENWORTH,T4 SERIES,39.09125397,-77.17875663,2025,11,7
250052647,Property Damage Crash,11/24/2025 07:00:00 AM,RESEARCH BLVD,NA,Front to Rear,Clear,Dry,Daylight,No Controls,NONE DETECTED,Yes,No Apparent Injury,Followed Too Closely,Not Distracted,MD,Passenger Car,Moving Constant Speed,30,No,2013,HONDA,ODYSSEY,39.09125397,-77.17875663,2025,11,7
250052628,Property Damage Crash,11/23/2025 11:00:00 PM,GREENCASTLE RD (NB/L),NA,Single Vehicle,Clear,Dry,Medium,No Controls,NONE DETECTED,No,No Apparent Injury,Over-Correcting/Over-Steering,Not Distracted,MD,Passenger Car,Negotiating a Curve,30,No,2008,NISSAN,ALTIMA,39.09147175,-76.93049861,2025,11,23
250052623,Injury Crash,11/23/2025 10:19:00 PM,SHOREFIELD RD,NA,Angle,Clear,Dry,Medium,No Controls,NONE DETECTED,No,Possible Minor Injury,NA,Not Distracted,MD,Passenger Car,Moving Constant Speed,25,No,2022,TOYOTA,RAV4,39.05303651,-77.05100823,2025,11,22
250052623,Injury Crash,11/23/2025 10:19:00 PM,SHOREFIELD RD,NA,Angle,Clear,Dry,Medium,No Controls,NONE DETECTED,Yes,Possible Minor Injury,Ran Red Light,Unknown,NA,Passenger Car,Moving Constant Speed,25,No,2015,NISSAN,VERSA NOTE,39.05303651,-77.05100823,2025,11,22