Local Case Number,ACRS Report Type,Crash Date/Time,Road Name,Related Non-Motorist,Collision Type,Weather,Surface Condition,Light,Traffic Control,Driver Substance Abuse,Driver At Fault,Injury Severity,Circumstance,Driver Distracted By,Drivers License State,Vehicle Body Type,Vehicle Movement,Speed Limit,Driverless Vehicle,Vehicle Year,Vehicle Make,Vehicle Model,Latitude,Longitude,Year,Month,Hour
250052511,Property Damage Crash,11/23/2025 10:16:00 PM,GEORGIA AVE,NA,Front to Rear,Clear,Dry,Medium,Flashing Traffic Control Signal,NONE DETECTED,No,No Apparent Injury,NA,Not Distracted,MD,Sport Utility Vehicle,Slowing or Stopping,35,No,2023,TOYOTA,HIGHLANDER,38.99921061,-77.03148212,2025,11,22
250052624,Property Damage Crash,11/23/2025 10:16:00 PM,DARNESTOWN RD,NA,Front to Front,Clear,Dry,Medium,Traffic Control Signal,NONE DETECTED,Yes,No Apparent Injury,NA,Not Distracted,MD,Passenger Car,Changing Lanes,40,No,2019,ACURA,RDX,39.09692084,-77.20603778,2025,11,22
250052511,Property Damage Crash,11/23/2025 10:16:00 PM,GEORGIA AVE,NA,Front to Rear,Clear,Dry,Medium,Flashing Traffic Control Signal,ALCOHOL PRESENT,Yes,No Apparent Injury,"Followed Too Closely, Operated Motor Vehicle in Inattentive, Careless, Negligent, or Erratic Manner",Unknown,VA,Passenger Car,Moving Constant Speed,35,No,2018,BMW,750I,38.99921061,-77.03148212,2025,11,22
250052624,Property Damage Crash,11/23/2025 10:16:00 PM,DARNESTOWN RD,NA,Front to Front,Clear,Dry,Medium,Traffic Control Signal,NONE DETECTED,No,No Apparent Injury,NA,Not Distracted,MD,Sport Utility Vehicle,Moving Constant Speed,40,No,2025,FORD,EXPLORER,39.09692084,-77.20603778,2025,11,22
250052625,Fatal Crash,11/23/2025 09:57:00 PM,CHERRY HILL RD,NA,Single Vehicle,Clear,Dry,Medium,No Controls,ALCOHOL PRESENT,Yes,Fatal Injury,"Operated Motor Vehicle in Inattentive, Careless, Negligent, or Erratic Manner, Ran Off Roadway",Unknown,MD,Passenger Car,Moving Constant Speed,40,No,2007,TOYOTA,AVALON,39.06019617,-76.95653361,2025,11,21
250052620,Injury Crash,11/23/2025 09:22:00 PM,BURNT MILLS AVE,NA,Single Vehicle,Clear,Dry,Medium,No Controls,NONE DETECTED,Yes,Possible Minor Injury,Other Improper Action,Not Distracted,MD,Passenger Car,Accelerating,25,No,2006,TOYOTA,SCION TC,39.03513708,-76.99648262,2025,11,21
250052621,Property Damage Crash,11/23/2025 09:20:00 PM,RIVER RD (WB/L),NA,"Sideswipe, Same Direction",Clear,Dry,Medium,Traffic Control Signal,NONE DETECTED,No,No Apparent Injury,NA,Not Distracted,MD,Passenger Car,Moving Constant Speed,35,No,2023,MAZDA,CX-50,38.97561499,-77.1258871,2025,11,21
250052621,Property Damage Crash,11/23/2025 09:20:00 PM,RIVER RD (WB/L),NA,"Sideswipe, Same Direction",Clear,Dry,Medium,Traffic Control Signal,NONE DETECTED,Yes,No Apparent Injury,NA,Not Distracted,MD,Passenger Car,Changing Lanes,35,No,2023,TESLA,MODEL Y,38.97561499,-77.1258871,2025,11,21
259952619,Injury Crash,11/23/2025 09:10:00 PM,EISENHOWER MEMORIAL HWY,NA,Front to Front,Clear,Dry,Medium,Traffic Control Signal,NONE DETECTED,Yes,Possible Minor Injury,NA,Not Distracted,MD,Passenger Car,Turning Left,35,No,2023,TOYOTA,COROLLA,39.07392674,-77.16445893,2025,11,21
259952619,Injury Crash,11/23/2025 09:10:00 PM,EISENHOWER MEMORIAL HWY,NA,Front to Front,Clear,Dry,Medium,Traffic Control Signal,NONE DETECTED,No,No Apparent Injury,NA,Not Distracted,MD,Passenger Car,Turning Left,35,No,2025,KIA,TELLURIDE,39.07392674,-77.16445893,2025,11,21
250052612,Injury Crash,11/23/2025 08:25:00 PM,CONNECTICUT AVE,NA,Front to Rear,Clear,Dry,Medium,Traffic Control Signal,NONE DETECTED,No,Possible Minor Injury,NA,Not Distracted,MD,Passenger Car,Slowing or Stopping,35,No,2021,TESLA,MODEL 3,39.03866862,-77.0755915,2025,11,20
250052612,Injury Crash,11/23/2025 08:25:00 PM,CONNECTICUT AVE,NA,Front to Rear,Clear,Dry,Medium,Traffic Control Signal,NONE DETECTED,No,No Apparent Injury,NA,Not Distracted,MD,Passenger Car,Moving Constant Speed,35,No,2017,HONDA,CIVIC,39.03866862,-77.0755915,2025,11,20
250052601,Injury Crash,11/23/2025 05:35:00 PM,FREDERICK RD,NA,Front to Front,Clear,Dry,Medium,Traffic Control Signal,NONE DETECTED,No,No Apparent Injury,NA,Not Distracted,NC,Sport Utility Vehicle,Turning Left,35,No,2025,MAZDA,CX-5,39.15942641,-77.21913545,2025,11,17
250052601,Injury Crash,11/23/2025 05:35:00 PM,FREDERICK RD,NA,Front to Front,Clear,Dry,Medium,Traffic Control Signal,NONE DETECTED,No,Possible Minor Injury,NA,Unknown,MD,Passenger Car,Moving Constant Speed,35,No,2010,HONDA,ACCORD,39.15942641,-77.21913545,2025,11,17
250052599,Property Damage Crash,11/23/2025 05:14:00 PM,FREDERICK RD,NA,Other,Clear,Dry,Medium,Traffic Control Signal,NONE DETECTED,No,No Apparent Injury,NA,Not Distracted,MD,Passenger Car,Stopped in Traffic,30,No,2003,HONDA,ODYSSEY,39.178435,-77.23834467,2025,11,17
250052599,Property Damage Crash,11/23/2025 05:14:00 PM,FREDERICK RD,NA,Other,Clear,Dry,Medium,Traffic Control Signal,NONE DETECTED,No,No Apparent Injury,NA,Unknown,MD,All-Terrain Vehicle/All-Terrain Cycle (ATV/ATC),Moving Constant Speed,40,No,2014,HONDA,ACCORD,39.178435,-77.23834467,2025,11,17
250052599,Property Damage Crash,11/23/2025 05:14:00 PM,FREDERICK RD,NA,Other,Clear,Dry,Medium,Traffic Control Signal,NONE DETECTED,Yes,No Apparent Injury,Failed to Yield Right-of-Way,Unknown,MD,Passenger Car,Accelerating,40,No,2022,TESLA,MODEL Y,39.178435,-77.23834467,2025,11,17
250052587,Injury Crash,11/23/2025 04:03:00 PM,WEST OLD BALTIMORE RD,NA,Single Vehicle,Clear,Dry,Daylight,No Controls,NONE DETECTED,Yes,Possible Minor Injury,Too Fast For Conditions,Unknown,MD,Motorcycle - 2 Wheeled,Moving Constant Speed,35,No,2018,HONDA,CMX500 (REBEL500),39.2137933,-77.2866012,2025,11,16
250052582,Injury Crash,11/23/2025 03:22:00 PM,CARROLL AVE,Scooter (electric),Single Vehicle,Clear,Dry,Daylight,No Controls,NONE DETECTED,No,No Apparent Injury,NA,Not Distracted,MD,Passenger Car,Turning Right,15,No,2012,FORD,E-350,38.99901034,-76.99111048,2025,11,15
25002493,Property Damage Crash,11/23/2025 12:19:00 PM,NA,NA,Unknown,Cloudy,NA,Daylight,NA,NONE DETECTED,No,NA,NA,NA,NA,NA,NA,0,No,0,NA,NA,39.15279061,-77.30804012,2025,11,12
250052568,Property Damage Crash,11/23/2025 12:07:00 PM,MILESTONE DR,NA,Angle,Clear,Dry,Daylight,No Controls,NONE DETECTED,No,No Apparent Injury,NA,Not Distracted,PA,Passenger Car,Moving Constant Speed,15,No,2021,NISSAN,ROGUE SPORT,39.04607071,-76.98825904,2025,11,12
250052568,Property Damage Crash,11/23/2025 12:07:00 PM,MILESTONE DR,NA,Angle,Clear,Dry,Daylight,Stop Sign,NONE DETECTED,Yes,No Apparent Injury,NA,Not Distracted,MD,Passenger Car,Moving Constant Speed,15,No,2021,NISSAN,KICKS,39.04607071,-76.98825904,2025,11,12
250052567,Injury Crash,11/23/2025 11:56:00 AM,HENDERSON AVE,NA,Angle,Cloudy,Dry,Daylight,No Controls,NONE DETECTED,No,Possible Minor Injury,NA,Not Distracted,MD,Passenger Car,Moving Constant Speed,35,No,2010,TOYOTA,COROLLA,39.05072015,-77.0517083,2025,11,11
250052567,Injury Crash,11/23/2025 11:56:00 AM,HENDERSON AVE,NA,Angle,Cloudy,Dry,Daylight,Stop Sign,NONE DETECTED,Yes,No Apparent Injury,NA,Not Distracted,MD,Passenger Car,Entering Traffic Lane,25,No,2021,NISSAN,ROGUE,39.05072015,-77.0517083,2025,11,11
250052564,Property Damage Crash,11/23/2025 11:10:00 AM,NA,NA,Angle,Clear,NA,Daylight,NA,NONE DETECTED,No,No Apparent Injury,NA,Not Distracted,MD,Passenger Car,Parked,0,No,2018,HYUNDAI,TUCSON,39.14200604,-77.19166479,2025,11,11
250052564,Property Damage Crash,11/23/2025 11:10:00 AM,NA,NA,Angle,Clear,NA,Daylight,NA,NONE DETECTED,Yes,No Apparent Injury,"Operated Motor Vehicle in Inattentive, Careless, Negligent, or Erratic Manner",Unknown,MD,Passenger Car,Accelerating,0,No,2010,HONDA,ACCORD,39.14200604,-77.19166479,2025,11,11
250052543,Injury Crash,11/23/2025 08:00:00 AM,VEIRS MILL RD (WB/L),NA,Front to Rear,Clear,Dry,Daylight,No Controls,NONE DETECTED,Yes,Possible Minor Injury,NA,Not Distracted,MD,Passenger Car,Moving Constant Speed,35,No,2020,BUICK,ENCORE GX,39.05970333,-77.088887,2025,11,8
250052544,Injury Crash,11/23/2025 07:57:00 AM,GEORGIA AVE (SB/L),NA,Angle,Clear,Dry,Daylight,Traffic Control Signal,NONE DETECTED,Yes,No Apparent Injury,NA,Not Distracted,MD,Passenger Car,Moving Constant Speed,35,No,2013,HONDA,ACCORD,39.06132273,-77.05261488,2025,11,7
250052544,Injury Crash,11/23/2025 07:57:00 AM,GEORGIA AVE (SB/L),NA,Angle,Clear,Dry,Daylight,Traffic Control Signal,NONE DETECTED,No,Possible Minor Injury,NA,Not Distracted,MD,Bus - Transit,Turning Left,35,No,2023,NEW FLYER,XCELSIOR,39.06132273,-77.05261488,2025,11,7
25002492,Injury Crash,11/23/2025 07:17:00 AM,UNIVERSITY BLVD W,NA,Angle,Clear,Dry,Daylight,Traffic Control Signal,NONE DETECTED,No,No Apparent Injury,Ran Red Light,Unknown,MD,Sport Utility Vehicle,Moving Constant Speed,40,No,2009,HONDA,CR-V,39.01981976,-77.01333499,2025,11,7
25002492,Injury Crash,11/23/2025 07:17:00 AM,UNIVERSITY BLVD W,NA,Angle,Clear,Dry,Daylight,Traffic Control Signal,NONE DETECTED,No,No Apparent Injury,NA,Not Distracted,MD,Passenger Car,Moving Constant Speed,35,No,2012,HONDA,CIVIC,39.01981976,-77.01333499,2025,11,7
25005358,Property Damage Crash,11/23/2025 03:43:00 AM,BARRON ST,NA,"Sideswipe, Same Direction",Clear,Dry,Medium,No Controls,NONE DETECTED,Yes,No Apparent Injury,NA,"Manually Operating (dialing, playing game, etc.)",MD,Pickup,Moving Constant Speed,15,No,2015,FORD,F-150,38.99452327,-76.99805179,2025,11,3
250052535,Property Damage Crash,11/23/2025 03:20:00 AM,NA,NA,Single Vehicle,Clear,Dry,Medium,Traffic Control Signal,ALCOHOL PRESENT,Yes,No Apparent Injury,"Failed to Keep in Proper Lane, Operated Motor Vehicle in Inattentive, Careless, Negligent, or Erratic Manner",Unknown,MD,Passenger Car,Turning Left,35,No,2016,TOYOTA,CAMRY,38.98463175,-77.02663103,2025,11,3
250052534,Property Damage Crash,11/23/2025 03:07:00 AM,RAMP 6 FR MD 118 EB TO IS 270 SB,NA,Single Vehicle,Clear,Dry,Dark,No Controls,NONE DETECTED,No,NA,NA,NA,NA,Pickup,Negotiating a Curve,40,No,2012,DODGE,RAM,39.18286096,-77.25622084,2025,11,3
250052530,Injury Crash,11/23/2025 02:45:00 AM,WICKHAM DR,NA,Single Vehicle,Clear,Dry,Medium,Stop Sign,ALCOHOL PRESENT,No,Possible Minor Injury,"Operated Motor Vehicle in Inattentive, Careless, Negligent, or Erratic Manner, Ran Stop Sign",Not Distracted,MD,Sport Utility Vehicle,Moving Constant Speed,25,No,2002,HONDA,CR-V,39.15565188,-77.09541624,2025,11,2
250052526,Property Damage Crash,11/23/2025 01:25:00 AM,NA,NA,Single Vehicle,Clear,Dry,Dark,No Controls,NONE DETECTED,Yes,No Apparent Injury,Ran Off Roadway,Not Distracted,NA,Passenger Car,Moving Constant Speed,35,No,2018,TOYOTA,COROLLA,39.20509133,-77.16453817,2025,11,1
250052524,Injury Crash,11/23/2025 01:02:00 AM,NA,NA,Front to Rear,Clear,Dry,Medium,Traffic Control Signal,ALCOHOL PRESENT,Yes,No Apparent Injury,"Operated Motor Vehicle in Inattentive, Careless, Negligent, or Erratic Manner, Operated Motor Vehicle in Reckless or Aggressive Manner, Other Improper Action",Unknown,MD,Passenger Car,Moving Constant Speed,45,No,2009,ACURA,TL,39.15015913,-77.20923287,2025,11,1
250052524,Injury Crash,11/23/2025 01:02:00 AM,NA,NA,Front to Rear,Clear,Dry,Medium,Traffic Control Signal,NONE DETECTED,No,Possible Minor Injury,NA,Not Distracted,MD,Van - Passenger (&lt;9 Seats),Stopped in Traffic,45,No,2024,CHRYSLER,PACIFICA,39.15015913,-77.20923287,2025,11,1
250052515,Property Damage Crash,11/22/2025 11:41:00 PM,MEDWAY ST,NA,Front to Front,Clear,Dry,Dark,No Controls,NONE DETECTED,No,NA,NA,NA,NA,Passenger Car,Moving Constant Speed,20,No,2003,TOYOTA,CAMRY,39.05322572,-77.06612899,2025,11,23
250052508,Property Damage Crash,11/22/2025 10:00:00 PM,FAIRLAND RD,NA,"Sideswipe, Same Direction",Clear,Dry,Medium,Traffic Control Signal,NONE DETECTED,No,NA,Ran Red Light,NA,NA,Passenger Car,Moving Constant Speed,50,No,0,NA,NA,39.07340072,-76.95584817,2025,11,22
250052508,Property Damage Crash,11/22/2025 10:00:00 PM,FAIRLAND RD,NA,"Sideswipe, Same Direction",Clear,Dry,Medium,Traffic Control Signal,NONE DETECTED,No,No Apparent Injury,NA,Not Distracted,MD,Passenger Car,Turning Right,50,No,2010,HONDA,PILOT,39.07340072,-76.95584817,2025,11,22
250052505,Property Damage Crash,11/22/2025 09:29:00 PM,RIDGE RD,NA,Front to Rear,Clear,Dry,Dark,No Controls,NONE DETECTED,No,No Apparent Injury,NA,Not Distracted,MD,Passenger Car,Slowing or Stopping,40,No,2021,TESLA,MODEL Y,39.241262,-77.23494633,2025,11,21
250052505,Property Damage Crash,11/22/2025 09:29:00 PM,RIDGE RD,NA,Front to Rear,Clear,Dry,Dark,No Controls,NONE DETECTED,Yes,No Apparent Injury,NA,Unknown,MD,Passenger Car,Slowing or Stopping,40,No,2018,HYUNDAI,ELANTRA,39.241262,-77.23494633,2025,11,21
250054533,Property Damage Crash,11/22/2025 07:21:00 PM,LAYHILL RD,NA,Front to Rear,Clear,Dry,Dark,No Controls,NONE DETECTED,Yes,No Apparent Injury,"Other Improper Action, Too Fast For Conditions",Unknown,MD,Passenger Car,Stopped in Traffic,35,No,2010,VOLKSWAGEN,JETTA,39.08605783,-77.045506,2025,11,19
250054533,Property Damage Crash,11/22/2025 07:21:00 PM,LAYHILL RD,NA,Front to Rear,Clear,Dry,Dark,No Controls,NONE DETECTED,No,No Apparent Injury,NA,Unknown,MD,Passenger Car,Moving Constant Speed,35,No,2015,TOYOTA,CAMRY,39.08605783,-77.045506,2025,11,19
250052485,Injury Crash,11/22/2025 07:15:00 PM,NA,NA,Angle,Clear,Dry,Dark,No Controls,NONE DETECTED,No,Possible Minor Injury,NA,Not Distracted,NA,Passenger Car,Moving Constant Speed,50,No,2006,HONDA,CIVIC,39.06330184,-77.2871717,2025,11,19
250052485,Injury Crash,11/22/2025 07:15:00 PM,NA,NA,Angle,Clear,Dry,Dark,No Controls,NONE DETECTED,Yes,No Apparent Injury,Failed to Yield Right-of-Way,Not Distracted,MD,Passenger Car,Making U-Turn,50,No,2023,HONDA,CIVIC,39.06330184,-77.2871717,2025,11,19
250052483,Injury Crash,11/22/2025 07:05:00 PM,FREDERICK RD,NA,Angle,Clear,Dry,Medium,No Controls,NONE DETECTED,Yes,Possible Minor Injury,Failed to Yield Right-of-Way,Unknown,MD,Passenger Car,Turning Left,35,No,2011,TOYOTA,RAV4,39.14412582,-77.20181971,2025,11,19
250052483,Injury Crash,11/22/2025 07:05:00 PM,FREDERICK RD,NA,Angle,Clear,Dry,Medium,No Controls,NONE DETECTED,No,Possible Minor Injury,NA,Unknown,MD,Passenger Car,Moving Constant Speed,35,No,2015,NISSAN,ALTIMA,39.14412582,-77.20181971,2025,11,19
250052482,Injury Crash,11/22/2025 07:04:00 PM,TILTON DR,Pedestrian,Single Vehicle,Clear,Dry,Medium,No Controls,NONE DETECTED,No,No Apparent Injury,NA,Not Distracted,MD,Passenger Car,Turning Left,20,No,2017,NISSAN,SENTRA,39.0184028,-77.04362734,2025,11,19
250052479,Property Damage Crash,11/22/2025 06:39:00 PM,NA,NA,Angle,Clear,Dry,Dark,Traffic Control Signal,NONE DETECTED,Yes,No Apparent Injury,Failed to Yield Right-of-Way,Not Distracted,MD,Passenger Car,Turning Left,35,No,2024,CHEVROLET,MALIBU,39.099355,-77.09960617,2025,11,18
250052479,Property Damage Crash,11/22/2025 06:39:00 PM,NA,NA,Angle,Clear,Dry,Dark,Traffic Control Signal,NONE DETECTED,No,No Apparent Injury,NA,Not Distracted,MD,Passenger Car,Moving Constant Speed,35,No,2006,TOYOTA,SIENNA,39.099355,-77.09960617,2025,11,18
250052478,Injury Crash,11/22/2025 06:30:00 PM,NA,Pedestrian,Single Vehicle,Clear,NA,Medium,NA,NONE DETECTED,No,No Apparent Injury,NA,Unknown,MD,Passenger Car,Backing,0,No,2012,HONDA,ACCORD,39.1281875,-77.20596,2025,11,18
250052473,Property Damage Crash,11/22/2025 06:25:00 PM,COLUMBIA PIKE (SB/L),NA,Front to Rear,Clear,Dry,Medium,Traffic Control Signal,NONE DETECTED,No,No Apparent Injury,NA,Not Distracted,VA,Sport Utility Vehicle,Moving Constant Speed,55,No,2018,JEEP,WRANGLER,39.10618367,-76.93223583,2025,11,18
250052473,Property Damage Crash,11/22/2025 06:25:00 PM,COLUMBIA PIKE (SB/L),NA,Front to Rear,Clear,Dry,Medium,Traffic Control Signal,NONE DETECTED,Yes,No Apparent Injury,NA,Not Distracted,TN,Sport Utility Vehicle,Moving Constant Speed,55,No,2017,JEEP,CHEROKEE,39.10618367,-76.93223583,2025,11,18
250052472,Property Damage Crash,11/22/2025 06:00:00 PM,MANOR RD,NA,Angle,Clear,Dry,Medium,Traffic Control Signal,NONE DETECTED,No,No Apparent Injury,NA,Not Distracted,MD,Passenger Car,Moving Constant Speed,30,No,2009,HONDA,ACCORD,38.99612836,-77.07708702,2025,11,18
250052471,Property Damage Crash,11/22/2025 06:00:00 PM,ASPEN HILL RD,NA,Angle,Clear,Dry,Medium,Traffic Control Signal,NONE DETECTED,Yes,No Apparent Injury,Failed to Yield Right-of-Way,Unknown,MD,Passenger Car,Turning Left,30,No,2016,NISSAN,ROGUE,39.07135317,-77.09900683,2025,11,18
250052471,Property Damage Crash,11/22/2025 06:00:00 PM,ASPEN HILL RD,NA,Angle,Clear,Dry,Medium,Traffic Control Signal,NONE DETECTED,No,No Apparent Injury,NA,Not Distracted,MD,Passenger Car,Moving Constant Speed,30,No,2015,HONDA,CIVIC,39.07135317,-77.09900683,2025,11,18
250052472,Property Damage Crash,11/22/2025 06:00:00 PM,MANOR RD,NA,Angle,Clear,Dry,Medium,Traffic Control Signal,NONE DETECTED,Yes,No Apparent Injury,Failed to Yield Right-of-Way,Unknown,MD,Sport Utility Vehicle,Turning Left,30,No,2023,HYUNDAI,TUCSON,38.99612836,-77.07708702,2025,11,18
250052470,Property Damage Crash,11/22/2025 05:50:00 PM,TWINBROOK PKWY,NA,Front to Rear,Clear,Dry,Medium,No Controls,NONE DETECTED,No,No Apparent Injury,NA,Not Distracted,MD,Sport Utility Vehicle,Making U-Turn,25,No,2013,FORD,EDGE,39.08211924,-77.11465716,2025,11,17
250052470,Property Damage Crash,11/22/2025 05:50:00 PM,TWINBROOK PKWY,NA,Front to Rear,Clear,Dry,Medium,No Controls,NONE DETECTED,Yes,No Apparent Injury,Followed Too Closely,Not Distracted,MD,Passenger Car,Moving Constant Speed,25,No,2012,LEXUS,ES,39.08211924,-77.11465716,2025,11,17
250052476,Injury Crash,11/22/2025 05:50:00 PM,PARK POTOMAC AVE,NA,Front to Rear,Clear,Dry,Medium,No Controls,NONE DETECTED,No,Possible Minor Injury,Failed to Keep in Proper Lane,Unknown,NA,Passenger Car,Moving Constant Speed,25,No,2008,CHEVROLET,IMPALA,39.0615325,-77.1579495,2025,11,17
250052468,Injury Crash,11/22/2025 05:40:00 PM,NA,Cyclist (non-electric),Single Vehicle,Clear,Dry,Medium,Traffic Control Signal,NONE DETECTED,No,No Apparent Injury,"Failed to Yield Right-of-Way, Operated Motor Vehicle in Inattentive, Careless, Negligent, or Erratic Manner",Unknown,MD,Passenger Car,Turning Left,35,No,2015,TOYOTA,HIGHLANDER,39.00449857,-77.11039613,2025,11,17
250052464,Property Damage Crash,11/22/2025 04:50:00 PM,E BRADLEY LA,NA,Rear To Side,Clear,Dry,Medium,No Controls,NONE DETECTED,Yes,No Apparent Injury,Improper Backing,Unknown,MD,Station Wagon,Backing,25,No,2018,RAM,PROMASTER 2500,38.97603241,-77.06957599,2025,11,16
250052461,Property Damage Crash,11/22/2025 04:33:00 PM,GEORGIA AVE,NA,Angle,Clear,Dry,Medium,No Controls,NONE DETECTED,No,No Apparent Injury,NA,Not Distracted,MD,Passenger Car,Moving Constant Speed,35,No,2011,MERCEDES-BENZ,C-CLASS,39.07970963,-77.07360299,2025,11,16
250052459,Property Damage Crash,11/22/2025 04:33:00 PM,NA,NA,Front to Rear,Clear,NA,Daylight,NA,NONE DETECTED,No,NA,NA,NA,NA,Passenger Car,Backing,0,No,2015,NISSAN,VERSA,39.15407562,-77.06711425,2025,11,16
250052461,Property Damage Crash,11/22/2025 04:33:00 PM,GEORGIA AVE,NA,Angle,Clear,Dry,Medium,No Controls,NONE DETECTED,Yes,No Apparent Injury,"Failed to Yield Right-of-Way, Improper Turn, Operated Motor Vehicle in Inattentive, Careless, Negligent, or Erratic Manner",Not Distracted,MD,Passenger Car,Turning Left,35,No,2017,INFINITI,Q60,39.07970963,-77.07360299,2025,11,16
250052459,Property Damage Crash,11/22/2025 04:33:00 PM,NA,NA,Front to Rear,Clear,NA,Daylight,NA,NONE DETECTED,No,No Apparent Injury,NA,Not Distracted,MD,Passenger Car,Slowing or Stopping,0,No,2024,HONDA,CIVIC,39.15407562,-77.06711425,2025,11,16
250052450,Property Damage Crash,11/22/2025 03:33:00 PM,OLD GEORGETOWN RD,NA,Front to Rear,Clear,Dry,Daylight,No Controls,NONE DETECTED,No,No Apparent Injury,NA,Not Distracted,MD,Pickup,Slowing or Stopping,40,No,2022,RAM,1500,39.01789417,-77.1202405,2025,11,15
250052450,Property Damage Crash,11/22/2025 03:33:00 PM,OLD GEORGETOWN RD,NA,Front to Rear,Clear,Dry,Daylight,No Controls,NONE DETECTED,Yes,No Apparent Injury,NA,Not Distracted,MD,Passenger Car,Moving Constant Speed,40,No,2019,TESLA,MODEL 3,39.01789417,-77.1202405,2025,11,15
250052449,Property Damage Crash,11/22/2025 03:24:00 PM,DAWSON FARM RD (WB/L),NA,Front to Rear,Clear,Dry,Daylight,Traffic Control Signal,NONE DETECTED,Yes,No Apparent Injury,"Followed Too Closely, Too Fast For Conditions",Unknown,NA,Motorcycle - 2 Wheeled,Accelerating,35,No,2023,FENGYUAN,UNKNOWN,39.167254,-77.27104636,2025,11,15
250052449,Property Damage Crash,11/22/2025 03:24:00 PM,DAWSON FARM RD (WB/L),NA,Front to Rear,Clear,Dry,Daylight,Traffic Control Signal,NONE DETECTED,No,No Apparent Injury,NA,Not Distracted,PA,Passenger Car,Stopped in Traffic,35,No,2019,ACURA,MDX,39.167254,-77.27104636,2025,11,15
250052445,Property Damage Crash,11/22/2025 03:15:00 PM,LORAIN AVE,NA,Angle,Clear,Dry,Daylight,No Controls,NONE DETECTED,Yes,No Apparent Injury,NA,Not Distracted,MD,Passenger Car,Turning Left,40,No,2018,HONDA,CIVIC,39.02406093,-77.01120131,2025,11,15
250052445,Property Damage Crash,11/22/2025 03:15:00 PM,LORAIN AVE,NA,Angle,Clear,Dry,Daylight,No Controls,NONE DETECTED,No,No Apparent Injury,NA,Not Distracted,MD,Passenger Car,Moving Constant Speed,40,No,2005,VOLKSWAGEN,JETTA,39.02406093,-77.01120131,2025,11,15
250052448,Property Damage Crash,11/22/2025 03:10:00 PM,NA,NA,Other,Clear,NA,Daylight,NA,NONE DETECTED,No,NA,NA,NA,NA,Sport Utility Vehicle,NA,0,No,2021,DODGE,DURANGO,39.08010685,-76.94638342,2025,11,15
250052448,Property Damage Crash,11/22/2025 03:10:00 PM,NA,NA,Other,Clear,NA,Daylight,NA,NONE DETECTED,No,No Apparent Injury,NA,Not Distracted,MD,Sport Utility Vehicle,Parked,0,No,2015,FORD,EDGE,39.08010685,-76.94638342,2025,11,15
250052439,Property Damage Crash,11/22/2025 02:51:00 PM,STEWART LA,NA,Front to Rear,Clear,Dry,Daylight,No Controls,NONE DETECTED,Yes,No Apparent Injury,NA,Not Distracted,MD,Passenger Car,Slowing or Stopping,35,No,2016,AUDI,Q5,39.04635782,-76.98695427,2025,11,14
250052439,Property Damage Crash,11/22/2025 02:51:00 PM,STEWART LA,NA,Front to Rear,Clear,Dry,Daylight,No Controls,NONE DETECTED,No,No Apparent Injury,NA,Not Distracted,MD,Passenger Car,Stopped in Traffic,35,No,2018,TESLA,MODEL 3,39.04635782,-76.98695427,2025,11,14
250052434,Property Damage Crash,11/22/2025 02:24:00 PM,NA,NA,Single Vehicle,Clear,Dry,Daylight,No Controls,NONE DETECTED,Yes,No Apparent Injury,"Operated Motor Vehicle in Inattentive, Careless, Negligent, or Erratic Manner, Ran Off Roadway",Unknown,MD,Sport Utility Vehicle,Moving Constant Speed,25,No,2013,TOYOTA,HIGHLANDER,39.01811738,-77.01429591,2025,11,14