Local Case Number,ACRS Report Type,Crash Date/Time,Road Name,Related Non-Motorist,Collision Type,Weather,Surface Condition,Light,Traffic Control,Driver Substance Abuse,Driver At Fault,Injury Severity,Circumstance,Driver Distracted By,Drivers License State,Vehicle Body Type,Vehicle Movement,Speed Limit,Driverless Vehicle,Vehicle Year,Vehicle Make,Vehicle Model,Latitude,Longitude,Year,Month,Hour
250052429,Property Damage Crash,11/22/2025 01:25:00 PM,COLUMBIA PIKE (SB/L),NA,Front to Rear,Clear,Dry,Daylight,No Controls,NONE DETECTED,No,No Apparent Injury,NA,Not Distracted,MD,Passenger Car,Slowing or Stopping,55,No,2013,TOYOTA,CAMRY,39.09855955,-76.93640625,2025,11,13
250052429,Property Damage Crash,11/22/2025 01:25:00 PM,COLUMBIA PIKE (SB/L),NA,Front to Rear,Clear,Dry,Daylight,No Controls,NONE DETECTED,Yes,No Apparent Injury,NA,Unknown,MD,Pickup,Slowing or Stopping,55,No,2024,FORD,MAVERICK,39.09855955,-76.93640625,2025,11,13
250052429,Property Damage Crash,11/22/2025 01:25:00 PM,COLUMBIA PIKE (SB/L),NA,Front to Rear,Clear,Dry,Daylight,No Controls,NONE DETECTED,No,No Apparent Injury,NA,Not Distracted,MD,Sport Utility Vehicle,Slowing or Stopping,55,No,2022,HONDA,HR-V,39.09855955,-76.93640625,2025,11,13
250052426,Injury Crash,11/22/2025 01:10:00 PM,RIDGE RD (SB/L),NA,Angle,Cloudy,Dry,Daylight,No Controls,NONE DETECTED,No,No Apparent Injury,NA,Not Distracted,MD,Pickup,Turning Right,40,No,2011,FORD,F-450,39.22124267,-77.23815517,2025,11,13
250052426,Injury Crash,11/22/2025 01:10:00 PM,RIDGE RD (SB/L),NA,Angle,Cloudy,Dry,Daylight,No Controls,NONE DETECTED,Yes,Possible Minor Injury,"Failed to Keep in Proper Lane, Improper Passing",Unknown,MD,Passenger Car,Moving Constant Speed,40,No,2020,NISSAN,VERSA,39.22124267,-77.23815517,2025,11,13
250052419,Property Damage Crash,11/22/2025 12:04:00 PM,ELM ST,NA,Rear To Side,Clear,Dry,Daylight,Traffic Control Signal,NONE DETECTED,Yes,No Apparent Injury,Failed to Yield Right-of-Way,Not Distracted,MD,Passenger Car,Turning Left,25,No,2019,NISSAN,ROGUE,38.98206336,-77.09847388,2025,11,12
250052419,Property Damage Crash,11/22/2025 12:04:00 PM,ELM ST,NA,Rear To Side,Clear,Dry,Daylight,Traffic Control Signal,NONE DETECTED,No,No Apparent Injury,NA,Not Distracted,MD,Passenger Car,Moving Constant Speed,25,No,2000,TOYOTA,CAMRY,38.98206336,-77.09847388,2025,11,12
250052414,Property Damage Crash,11/22/2025 11:21:00 AM,MONTROSE PKWY (WB/L),NA,Single Vehicle,Clear,Dry,Daylight,No Controls,NONE DETECTED,No,No Apparent Injury,"Over-Correcting/Over-Steering, Swerved or Avoided Due to Wind, Slippery Surface, Motor Vehicle, Object, Non-Motorist in Roadway, etc",Unknown,MD,Passenger Car,Negotiating a Curve,35,No,2017,KIA,OPTIMA,39.05200386,-77.13499859,2025,11,11
250052402,Injury Crash,11/22/2025 09:42:00 AM,MIDCOUNTY HWY (SB/L),NA,Single Vehicle,Rain,Wet,Daylight,No Controls,NONE DETECTED,Yes,Possible Minor Injury,Too Fast For Conditions,Unknown,NA,Passenger Car,Entering Traffic Lane,50,No,2001,FORD,MUSTANG,39.15805717,-77.19237017,2025,11,9
250052407,Property Damage Crash,11/22/2025 09:35:00 AM,LINDENHOUSE RD,NA,Front to Rear,Rain,Wet,Daylight,No Controls,NONE DETECTED,Yes,No Apparent Injury,Followed Too Closely,Unknown,NA,Passenger Car,Slowing or Stopping,35,No,2001,FORD,MUSTANG,39.16740667,-77.19155419,2025,11,9
250052407,Property Damage Crash,11/22/2025 09:35:00 AM,LINDENHOUSE RD,NA,Front to Rear,Rain,Wet,Daylight,No Controls,NONE DETECTED,No,No Apparent Injury,NA,Not Distracted,MD,Passenger Car,Stopped in Traffic,35,No,2018,NISSAN,VERSA,39.16740667,-77.19155419,2025,11,9
250052401,Property Damage Crash,11/22/2025 09:30:00 AM,UNIVERSITY BLVD W,NA,Front to Rear,Cloudy,Dry,Daylight,Flashing Traffic Control Signal,NONE DETECTED,Yes,No Apparent Injury,NA,Not Distracted,NA,Passenger Car,Moving Constant Speed,35,No,2007,MITSUBISHI,GALANT,39.03610917,-77.03664517,2025,11,9
250052401,Property Damage Crash,11/22/2025 09:30:00 AM,UNIVERSITY BLVD W,NA,Front to Rear,Cloudy,Dry,Daylight,Flashing Traffic Control Signal,NONE DETECTED,No,No Apparent Injury,NA,Not Distracted,MD,Sport Utility Vehicle,Slowing or Stopping,35,No,2024,NISSAN,ROGUE,39.03610917,-77.03664517,2025,11,9
250052399,Injury Crash,11/22/2025 09:19:00 AM,ELLSWORTH DR,NA,Front to Rear,Clear,Wet,Daylight,Stop Sign,NONE DETECTED,No,NA,NA,NA,NA,NA,NA,20,No,0,NA,NA,39.0006445,-77.02369583,2025,11,9
250052399,Injury Crash,11/22/2025 09:19:00 AM,ELLSWORTH DR,NA,Front to Rear,Clear,Wet,Daylight,Stop Sign,NONE DETECTED,No,Possible Minor Injury,NA,Not Distracted,VA,Passenger Car,Stopped in Traffic,20,No,2010,NISSAN,ALTIMA,39.0006445,-77.02369583,2025,11,9
250052404,Property Damage Crash,11/22/2025 09:17:00 AM,NA,NA,Single Vehicle,Clear,NA,Daylight,NA,NONE DETECTED,No,No Apparent Injury,NA,Not Distracted,NJ,Passenger Car,Accelerating,0,No,2021,HYUNDAI,SONATA,38.99922753,-77.02528734,2025,11,9
250052397,Property Damage Crash,11/22/2025 08:49:00 AM,CLOPPER RD (WB/L),NA,Single Vehicle,Rain,Wet,Daylight,Traffic Control Signal,NONE DETECTED,No,No Apparent Injury,Too Fast For Conditions,Not Distracted,MD,Passenger Car,Turning Right,40,No,2016,TOYOTA,CAMRY,39.16285983,-77.2832635,2025,11,8
250052396,Property Damage Crash,11/22/2025 08:11:00 AM,NA,NA,Single Vehicle,Rain,NA,Daylight,NA,NONE DETECTED,Yes,No Apparent Injury,"Operated Motor Vehicle in Inattentive, Careless, Negligent, or Erratic Manner",Unknown,NA,Sport Utility Vehicle,Negotiating a Curve,0,No,2006,TOYOTA,HIGHLANDER,39.19999347,-77.30512358,2025,11,8
250052394,Property Damage Crash,11/22/2025 07:47:00 AM,NA,NA,Angle,Rain,Wet,Daylight,Traffic Control Signal,NONE DETECTED,No,No Apparent Injury,NA,Not Distracted,MD,Passenger Car,Moving Constant Speed,35,No,2015,DODGE,JOURNEY,39.02226274,-76.97737516,2025,11,7
250052394,Property Damage Crash,11/22/2025 07:47:00 AM,NA,NA,Angle,Rain,Wet,Daylight,Traffic Control Signal,NONE DETECTED,Yes,No Apparent Injury,NA,Unknown,MD,Passenger Car,Changing Lanes,35,No,2020,FORD,F-150,39.02226274,-76.97737516,2025,11,7
250052392,Property Damage Crash,11/22/2025 07:30:00 AM,NA,NA,Single Vehicle,Cloudy,Wet,Daylight,No Controls,NONE DETECTED,Yes,No Apparent Injury,Too Fast For Conditions,Not Distracted,MD,Sport Utility Vehicle,Negotiating a Curve,35,No,2011,TOYOTA,RAV4,39.2201326,-77.17486149,2025,11,7
250052387,Property Damage Crash,11/22/2025 05:31:00 AM,CLIFTON RD,NA,Front to Rear,Rain,Wet,Medium,No Controls,NONE DETECTED,No,NA,NA,NA,NA,Passenger Car,Moving Constant Speed,15,No,2014,HONDA,ACCORD,39.0720899,-76.99544157,2025,11,5
250052386,Property Damage Crash,11/22/2025 05:15:00 AM,NA,NA,Single Vehicle,Rain,NA,Medium,NA,NONE DETECTED,No,No Apparent Injury,NA,Not Distracted,MD,Passenger Car,Negotiating a Curve,0,No,2021,HONDA,HR-V,38.95900558,-77.08834462,2025,11,5
250052382,Injury Crash,11/22/2025 03:12:00 AM,FENTON ST,NA,Front to Rear,Rain,Wet,Medium,No Controls,NONE DETECTED,Yes,Possible Minor Injury,"Failed to Keep in Proper Lane, Over-Correcting/Over-Steering",Unknown,MD,Sport Utility Vehicle,Moving Constant Speed,25,No,2018,HONDA,CR-V,38.99352672,-77.02414033,2025,11,3
250052366,Property Damage Crash,11/21/2025 10:20:00 PM,SHADY GROVE RD,NA,"Sideswipe, Same Direction",Rain,Wet,Medium,Traffic Control Signal,NONE DETECTED,No,No Apparent Injury,NA,Not Distracted,MD,Passenger Car,Turning Left,35,No,2010,LEXUS,ES,39.12249003,-77.17754976,2025,11,22
250052366,Property Damage Crash,11/21/2025 10:20:00 PM,SHADY GROVE RD,NA,"Sideswipe, Same Direction",Rain,Wet,Medium,Traffic Control Signal,NONE DETECTED,Yes,No Apparent Injury,"Failed to Keep in Proper Lane, Operated Motor Vehicle in Inattentive, Careless, Negligent, or Erratic Manner, Operated Motor Vehicle in Reckless or Aggressive Manner, Other Improper Action",Unknown,MD,Passenger Car,Turning Left,35,No,2020,LEXUS,RX,39.12249003,-77.17754976,2025,11,22
250052365,Property Damage Crash,11/21/2025 10:07:00 PM,THORNHURST DR,NA,Front to Rear,Rain,Wet,Medium,No Controls,NONE DETECTED,No,No Apparent Injury,NA,Not Distracted,MD,Sport Utility Vehicle,Stopped in Traffic,30,No,2023,TESLA,MODEL Y,39.157357,-77.088857,2025,11,22
250052365,Property Damage Crash,11/21/2025 10:07:00 PM,THORNHURST DR,NA,Front to Rear,Rain,Wet,Medium,No Controls,NONE DETECTED,No,No Apparent Injury,NA,Not Distracted,MD,Passenger Car,Slowing or Stopping,30,No,2005,TOYOTA,COROLLA,39.157357,-77.088857,2025,11,22
250052354,Property Damage Crash,11/21/2025 08:57:00 PM,WAVERLY AVE,NA,Single Vehicle,Clear,Dry,Medium,No Controls,ALCOHOL PRESENT,Yes,No Apparent Injury,NA,Not Distracted,MD,Passenger Car,Accelerating,25,No,2016,HONDA,ACCORD,39.03854084,-77.09334287,2025,11,20
250052348,Property Damage Crash,11/21/2025 08:45:00 PM,NA,NA,Rear To Rear,Clear,NA,Medium,NA,NONE DETECTED,No,No Apparent Injury,NA,Not Distracted,MD,Sport Utility Vehicle,Backing,0,No,2010,FORD,ESCAPE,38.99981045,-76.99572796,2025,11,20
250052348,Property Damage Crash,11/21/2025 08:45:00 PM,NA,NA,Rear To Rear,Clear,NA,Medium,NA,NONE DETECTED,Yes,No Apparent Injury,NA,Not Distracted,NA,Passenger Car,Backing,0,No,2006,HONDA,CIVIC,38.99981045,-76.99572796,2025,11,20
250052344,Property Damage Crash,11/21/2025 08:30:00 PM,RAMP 5 FR IS 270 SB TO IS 370 EB,NA,Single Vehicle,Rain,Wet,Dark,Curve Ahead Warning Sign,NONE DETECTED,Yes,No Apparent Injury,NA,Not Distracted,MD,Passenger Car,Negotiating a Curve,40,No,2008,HONDA,ACCORD,39.12091556,-77.19411945,2025,11,20
250052345,Property Damage Crash,11/21/2025 07:58:00 PM,NA,NA,Other,Clear,Dry,Dark,Stop Sign,NONE DETECTED,Yes,No Apparent Injury,NA,Unknown,MD,Passenger Car,Accelerating,35,No,2025,MERCEDES-BENZ,GLC-CLASS,39.20362797,-77.1873647,2025,11,19
250052345,Property Damage Crash,11/21/2025 07:58:00 PM,NA,NA,Other,Clear,Dry,Dark,Stop Sign,NONE DETECTED,Yes,No Apparent Injury,NA,Unknown,MD,Passenger Car,Accelerating,35,No,2017,BMW,330I,39.20362797,-77.1873647,2025,11,19
250052340,Property Damage Crash,11/21/2025 06:53:00 PM,BARNESVILLE RD,NA,"Sideswipe, Opposite Direction",Cloudy,Dry,Dark,No Controls,NONE DETECTED,No,No Apparent Injury,NA,Not Distracted,MD,Passenger Car,Moving Constant Speed,40,No,2021,TOYOTA,CAMRY,39.18494876,-77.31478136,2025,11,18
250052340,Property Damage Crash,11/21/2025 06:53:00 PM,BARNESVILLE RD,NA,"Sideswipe, Opposite Direction",Cloudy,Dry,Dark,No Controls,NONE DETECTED,No,No Apparent Injury,NA,Unknown,NA,Passenger Car,Overtaking/Passing,40,No,2016,FORD,TAURUS,39.18494876,-77.31478136,2025,11,18
250052329,Property Damage Crash,11/21/2025 06:20:00 PM,BOU AVE,NA,Rear To Side,Clear,Dry,Medium,Traffic Control Signal,NONE DETECTED,No,No Apparent Injury,NA,Not Distracted,MD,Sport Utility Vehicle,Moving Constant Speed,40,No,2020,KIA,NIRO,39.056139,-77.11931483,2025,11,18
250052329,Property Damage Crash,11/21/2025 06:20:00 PM,BOU AVE,NA,Rear To Side,Clear,Dry,Medium,Traffic Control Signal,NONE DETECTED,Yes,No Apparent Injury,Failed to Yield Right-of-Way,Not Distracted,MD,Passenger Car,Moving Constant Speed,40,No,2010,NISSAN,ALTIMA,39.056139,-77.11931483,2025,11,18
250052321,Property Damage Crash,11/21/2025 05:41:00 PM,EAST WEST HWY,NA,Front to Rear,Clear,Dry,Dark,No Controls,NONE DETECTED,Yes,No Apparent Injury,NA,Not Distracted,MD,Passenger Car,Moving Constant Speed,35,No,2012,TOYOTA,PRIUS,38.98856783,-77.07374067,2025,11,17
250052321,Property Damage Crash,11/21/2025 05:41:00 PM,EAST WEST HWY,NA,Front to Rear,Clear,Dry,Dark,No Controls,NONE DETECTED,No,No Apparent Injury,NA,Not Distracted,DC,Pickup,Slowing or Stopping,35,No,2020,RAM,1500,38.98856783,-77.07374067,2025,11,17
250052318,Property Damage Crash,11/21/2025 05:30:00 PM,ALLEY,NA,Front to Rear,Clear,Dry,Medium,No Controls,NONE DETECTED,No,No Apparent Injury,NA,Not Distracted,MD,Sport Utility Vehicle,Parked,0,No,2009,HONDA,CR-V,39.04049067,-77.05155667,2025,11,17
250052328,Injury Crash,11/21/2025 05:30:00 PM,MUSGROVE RD,Pedestrian,Unknown,Clear,Dry,Dark,Traffic Control Signal,NONE DETECTED,No,NA,NA,NA,NA,NA,Turning Left,50,No,0,NA,NA,39.06785275,-76.95956857,2025,11,17
250052318,Property Damage Crash,11/21/2025 05:30:00 PM,ALLEY,NA,Front to Rear,Clear,Dry,Medium,No Controls,NONE DETECTED,No,No Apparent Injury,NA,Unknown,MD,Sport Utility Vehicle,Moving Constant Speed,35,No,2018,TOYOTA,RAV4,39.04049067,-77.05155667,2025,11,17
250052318,Property Damage Crash,11/21/2025 05:30:00 PM,ALLEY,NA,Front to Rear,Clear,Dry,Medium,No Controls,NONE DETECTED,No,No Apparent Injury,NA,Not Distracted,MD,Passenger Car,Parked,0,No,2011,FORD,FIESTA,39.04049067,-77.05155667,2025,11,17
250052320,Injury Crash,11/21/2025 05:29:00 PM,FREDERICK RD (SB/L),NA,Front to Rear,Clear,Dry,Medium,No Controls,NONE DETECTED,Yes,No Apparent Injury,NA,Not Distracted,MD,Passenger Car,Slowing or Stopping,45,No,2006,NISSAN,XTERRA,39.12500783,-77.18149417,2025,11,17
250052320,Injury Crash,11/21/2025 05:29:00 PM,FREDERICK RD (SB/L),NA,Front to Rear,Clear,Dry,Medium,No Controls,NONE DETECTED,No,Possible Minor Injury,NA,Not Distracted,MD,Passenger Car,Slowing or Stopping,45,No,2013,LINCOLN,MKS,39.12500783,-77.18149417,2025,11,17
250052320,Injury Crash,11/21/2025 05:29:00 PM,FREDERICK RD (SB/L),NA,Front to Rear,Clear,Dry,Medium,No Controls,NONE DETECTED,No,No Apparent Injury,NA,Not Distracted,MD,Passenger Car,Slowing or Stopping,45,No,2020,CHEVROLET,TRAVERSE,39.12500783,-77.18149417,2025,11,17
250052316,Property Damage Crash,11/21/2025 05:28:00 PM,GEORGIA AVE,NA,Front to Rear,Cloudy,Dry,Dark,No Controls,NONE DETECTED,Yes,No Apparent Injury,Other Improper Action,Not Distracted,MD,Passenger Car,Moving Constant Speed,35,No,2002,CHEVROLET,ASTRO VAN,39.09102583,-77.07973883,2025,11,17
250052316,Property Damage Crash,11/21/2025 05:28:00 PM,GEORGIA AVE,NA,Front to Rear,Cloudy,Dry,Dark,No Controls,NONE DETECTED,No,No Apparent Injury,NA,Not Distracted,MD,Pickup,Stopped in Traffic,35,No,2023,TOYOTA,TACOMA,39.09102583,-77.07973883,2025,11,17
250052319,Injury Crash,11/21/2025 05:17:00 PM,BREWER HOUSE CIR,Pedestrian,Single Vehicle,Cloudy,Dry,Medium,No Controls,NONE DETECTED,No,No Apparent Injury,NA,"Other Action (looking away from task, etc.)",MD,Sport Utility Vehicle,Moving Constant Speed,25,No,2013,KIA,SORENTO,39.03113356,-77.113689,2025,11,17
250052324,Property Damage Crash,11/21/2025 05:17:00 PM,RANDOLPH RD,NA,Other,Clear,Dry,Medium,Traffic Control Signal,NONE DETECTED,No,NA,NA,NA,NA,NA,Turning Left,40,No,0,NA,NA,39.07569367,-77.00245583,2025,11,17
250052324,Property Damage Crash,11/21/2025 05:17:00 PM,RANDOLPH RD,NA,Other,Clear,Dry,Medium,Traffic Control Signal,NONE DETECTED,No,No Apparent Injury,NA,Not Distracted,MD,Passenger Car,Stopped in Traffic,40,No,2013,TOYOTA,AVALON,39.07569367,-77.00245583,2025,11,17
250052310,Injury Crash,11/21/2025 05:06:00 PM,W MONTGOMERY AVE (WB/L),NA,Angle,Cloudy,Dry,Medium,Traffic Control Signal,NONE DETECTED,Yes,No Apparent Injury,NA,Unknown,MD,Passenger Car,Turning Left,45,No,2021,POLESTAR,PS2,39.08922329,-77.17768728,2025,11,17
250052310,Injury Crash,11/21/2025 05:06:00 PM,W MONTGOMERY AVE (WB/L),NA,Angle,Cloudy,Dry,Medium,Traffic Control Signal,NONE DETECTED,No,Possible Minor Injury,NA,Unknown,MD,Passenger Car,Moving Constant Speed,45,No,2021,MAZDA,CX-5,39.08922329,-77.17768728,2025,11,17
250052307,Injury Crash,11/21/2025 04:44:00 PM,MIDCOUNTY HWY,NA,Angle,Clear,Dry,Medium,Traffic Control Signal,NONE DETECTED,Yes,No Apparent Injury,NA,Unknown,MD,Sport Utility Vehicle,Turning Left,45,No,2008,GMC,YUKON XL,39.14744263,-77.16925762,2025,11,16
250052307,Injury Crash,11/21/2025 04:44:00 PM,MIDCOUNTY HWY,NA,Angle,Clear,Dry,Medium,Traffic Control Signal,NONE DETECTED,No,No Apparent Injury,NA,Not Distracted,MD,Sport Utility Vehicle,Moving Constant Speed,45,No,2015,MERCEDES-BENZ,ML-CLASS,39.14744263,-77.16925762,2025,11,16
250052787,Property Damage Crash,11/21/2025 04:15:00 PM,COLUMBIA PIKE,NA,Front to Rear,Clear,Dry,Daylight,No Controls,NONE DETECTED,No,No Apparent Injury,NA,Not Distracted,MD,Sport Utility Vehicle,Stopped in Traffic,50,No,2024,MAZDA,CX-5,39.05351227,-76.97541716,2025,11,16
250052787,Property Damage Crash,11/21/2025 04:15:00 PM,COLUMBIA PIKE,NA,Front to Rear,Clear,Dry,Daylight,No Controls,NONE DETECTED,Yes,No Apparent Injury,Followed Too Closely,"Other Action (looking away from task, etc.)",MD,Passenger Car,Accelerating,50,No,2013,HONDA,CIVIC,39.05351227,-76.97541716,2025,11,16
250052297,Property Damage Crash,11/21/2025 04:07:00 PM,NEW HAMPSHIRE AVE,NA,Front to Rear,Clear,Dry,Daylight,No Controls,NONE DETECTED,No,No Apparent Injury,NA,Unknown,DC,Passenger Car,Moving Constant Speed,35,No,2018,HONDA,CIVIC,38.97771083,-76.99163183,2025,11,16
250052297,Property Damage Crash,11/21/2025 04:07:00 PM,NEW HAMPSHIRE AVE,NA,Front to Rear,Clear,Dry,Daylight,No Controls,NONE DETECTED,No,No Apparent Injury,NA,Not Distracted,MD,Bus - Transit,Parked,35,No,2010,NEW FLYER,LOW FLOOR - ADVANCED STYLE,38.97771083,-76.99163183,2025,11,16
250052290,Property Damage Crash,11/21/2025 03:37:00 PM,CAPITAL BELTWAY (WB/L),NA,Front to Rear,Clear,Dry,Daylight,No Controls,NONE DETECTED,Yes,No Apparent Injury,NA,Not Distracted,MD,Pickup,Moving Constant Speed,55,No,2022,CHEVROLET,SILVERADO HD,39.00644617,-77.07065717,2025,11,15
250052290,Property Damage Crash,11/21/2025 03:37:00 PM,CAPITAL BELTWAY (WB/L),NA,Front to Rear,Clear,Dry,Daylight,No Controls,NONE DETECTED,No,No Apparent Injury,NA,Not Distracted,MD,Sport Utility Vehicle,Slowing or Stopping,55,No,2023,MAZDA,CX-5,39.00644617,-77.07065717,2025,11,15
250052285,Property Damage Crash,11/21/2025 03:00:00 PM,GLEN RD,NA,Single Vehicle,Clear,Dry,Daylight,No Controls,NONE DETECTED,Yes,No Apparent Injury,Over-Correcting/Over-Steering,Not Distracted,MD,Bus - School,Moving Constant Speed,30,No,2020,FREIGHTLINER,B2 BUS CHASSIS,39.0562015,-77.242505,2025,11,15
250052283,Fatal Crash,11/21/2025 02:53:00 PM,E JEFFERSON ST,Pedestrian,Single Vehicle,Clear,Dry,Daylight,Traffic Control Signal,NONE DETECTED,No,No Apparent Injury,NA,Unknown,MD,Sport Utility Vehicle,Turning Left,25,No,2019,HONDA,PILOT,39.05848521,-77.12637594,2025,11,14
250052276,Property Damage Crash,11/21/2025 02:20:00 PM,OLD BALTIMORE RD,NA,Front to Rear,Cloudy,Dry,Daylight,No Controls,NONE DETECTED,Yes,No Apparent Injury,NA,Not Distracted,MD,Passenger Car,Slowing or Stopping,35,No,2014,TOYOTA,CAMRY,39.13760517,-77.064017,2025,11,14
250052276,Property Damage Crash,11/21/2025 02:20:00 PM,OLD BALTIMORE RD,NA,Front to Rear,Cloudy,Dry,Daylight,No Controls,NONE DETECTED,No,No Apparent Injury,NA,Not Distracted,MD,Passenger Car,Stopped in Traffic,35,No,2011,HYUNDAI,SANTA FE,39.13760517,-77.064017,2025,11,14
2500552277,Injury Crash,11/21/2025 02:03:00 PM,NA,NA,"Sideswipe, Same Direction",Clear,NA,Daylight,NA,NONE DETECTED,Yes,Possible Minor Injury,NA,Not Distracted,MD,Passenger Car,Accelerating,0,No,2002,MITSUBISHI,ECLIPSE,39.16240532,-77.22787052,2025,11,14
250052270,Property Damage Crash,11/21/2025 01:19:00 PM,NA,NA,"Sideswipe, Same Direction",Clear,Dry,Daylight,No Controls,NONE DETECTED,Yes,No Apparent Injury,NA,Not Distracted,MD,Sport Utility Vehicle,Overtaking/Passing,40,No,2022,KIA,TELLURIDE,39.15908681,-76.99115538,2025,11,13
250052270,Property Damage Crash,11/21/2025 01:19:00 PM,NA,NA,"Sideswipe, Same Direction",Clear,Dry,Daylight,No Controls,NONE DETECTED,No,No Apparent Injury,NA,Not Distracted,MD,Sport Utility Vehicle,Stopped in Traffic,40,No,2022,MERCEDES-BENZ,METRIS,39.15908681,-76.99115538,2025,11,13
250052268,Injury Crash,11/21/2025 01:07:00 PM,HASTINGS DR (SB/L),NA,Angle,Clear,Dry,Daylight,No Controls,NONE DETECTED,No,Possible Minor Injury,NA,Not Distracted,MD,Passenger Car,Turning Left,30,No,2020,HONDA,CIVIC,39.01330002,-77.01660983,2025,11,13
250052268,Injury Crash,11/21/2025 01:07:00 PM,HASTINGS DR (SB/L),NA,Angle,Clear,Dry,Daylight,Traffic Control Signal,NONE DETECTED,Yes,No Apparent Injury,NA,Not Distracted,MD,Pickup,Moving Constant Speed,35,No,2024,FORD,F-350,39.01330002,-77.01660983,2025,11,13
250052255,Property Damage Crash,11/21/2025 11:37:00 AM,NA,NA,"Sideswipe, Same Direction",Cloudy,Dry,Daylight,Traffic Control Signal,NONE DETECTED,No,No Apparent Injury,NA,Unknown,MD,Sport Utility Vehicle,Turning Left,35,No,2015,LAND ROVER,RANGE ROVER,39.05717826,-77.16156356,2025,11,11
250052255,Property Damage Crash,11/21/2025 11:37:00 AM,NA,NA,"Sideswipe, Same Direction",Cloudy,Dry,Daylight,Traffic Control Signal,NONE DETECTED,No,No Apparent Injury,NA,Unknown,VA,Truck Tractor,Turning Left,35,No,2009,PETERBILT,388,39.05717826,-77.16156356,2025,11,11
250052229,Property Damage Crash,11/21/2025 10:00:00 AM,BROOKS AVE,NA,Angle,Clear,Dry,Daylight,Stop Sign,NONE DETECTED,No,No Apparent Injury,NA,Not Distracted,NY,Passenger Car,Accelerating,25,No,2021,DODGE,CHARGER,39.14398378,-77.19662876,2025,11,10
250052229,Property Damage Crash,11/21/2025 10:00:00 AM,BROOKS AVE,NA,Angle,Clear,Dry,Daylight,Stop Sign,NONE DETECTED,No,No Apparent Injury,NA,Not Distracted,MD,Sport Utility Vehicle,Turning Left,25,No,2020,HYUNDAI,KONA,39.14398378,-77.19662876,2025,11,10
250052227,Property Damage Crash,11/21/2025 09:52:00 AM,NA,NA,Angle,Cloudy,NA,Daylight,NA,NONE DETECTED,Yes,No Apparent Injury,"Failed to Yield Right-of-Way, Improper Turn","Other Action (looking away from task, etc.)",MD,Passenger Car,Turning Left,0,No,2009,HONDA,ACCORD,39.03694858,-77.02827135,2025,11,9
250052227,Property Damage Crash,11/21/2025 09:52:00 AM,NA,NA,Angle,Cloudy,NA,Daylight,NA,NONE DETECTED,No,No Apparent Injury,NA,Not Distracted,MD,Bus - Transit,Moving Constant Speed,0,No,2021,GILLIG,CITY TRANSIT BUS,39.03694858,-77.02827135,2025,11,9
250052217,Property Damage Crash,11/21/2025 09:35:00 AM,WILDCAT RD,NA,Single Vehicle,Cloudy,Dry,Daylight,No Controls,NONE DETECTED,Yes,No Apparent Injury,"Operated Motor Vehicle in Inattentive, Careless, Negligent, or Erratic Manner","Other Action (looking away from task, etc.)",MD,Passenger Car,Moving Constant Speed,25,No,2015,TOYOTA,COROLLA,39.22737217,-77.2063005,2025,11,9
250052219,Property Damage Crash,11/21/2025 09:31:00 AM,NEW HAMPSHIRE AVE,NA,"Sideswipe, Same Direction",Clear,Dry,Daylight,No Controls,NONE DETECTED,No,No Apparent Injury,NA,Not Distracted,VA,Passenger Car,Moving Constant Speed,40,No,2022,ISUZU,NPR-XD,39.03782067,-76.98970883,2025,11,9
250052219,Property Damage Crash,11/21/2025 09:31:00 AM,NEW HAMPSHIRE AVE,NA,"Sideswipe, Same Direction",Clear,Dry,Daylight,No Controls,NONE DETECTED,Yes,No Apparent Injury,Failed to Keep in Proper Lane,Not Distracted,MD,Passenger Car,Changing Lanes,40,No,2011,TOYOTA,YARIS,39.03782067,-76.98970883,2025,11,9