Local Case Number,ACRS Report Type,Crash Date/Time,Road Name,Related Non-Motorist,Collision Type,Weather,Surface Condition,Light,Traffic Control,Driver Substance Abuse,Driver At Fault,Injury Severity,Circumstance,Driver Distracted By,Drivers License State,Vehicle Body Type,Vehicle Movement,Speed Limit,Driverless Vehicle,Vehicle Year,Vehicle Make,Vehicle Model,Latitude,Longitude,Year,Month,Hour
250052206,Property Damage Crash,11/21/2025 08:15:00 AM,COLUMBIA PIKE (SB/L),NA,"Sideswipe, Same Direction",Clear,Dry,Daylight,No Controls,NONE DETECTED,Yes,No Apparent Injury,NA,Not Distracted,MD,Passenger Car,Changing Lanes,55,No,2008,TOYOTA,RAV4,39.04773784,-76.98529482,2025,11,8
250052206,Property Damage Crash,11/21/2025 08:15:00 AM,COLUMBIA PIKE (SB/L),NA,"Sideswipe, Same Direction",Clear,Dry,Daylight,No Controls,NONE DETECTED,No,No Apparent Injury,NA,Not Distracted,MD,Passenger Car,Moving Constant Speed,55,No,2020,NISSAN,ALTIMA,39.04773784,-76.98529482,2025,11,8
250052204,Property Damage Crash,11/21/2025 07:03:00 AM,RIVER RD,NA,"Sideswipe, Same Direction",Cloudy,Dry,Daylight,No Controls,NONE DETECTED,Yes,No Apparent Injury,NA,Not Distracted,MD,Pickup,Changing Lanes,35,No,2024,RAM,3500,38.96617562,-77.1057587,2025,11,7
250052204,Property Damage Crash,11/21/2025 07:03:00 AM,RIVER RD,NA,"Sideswipe, Same Direction",Cloudy,Dry,Daylight,No Controls,NONE DETECTED,No,No Apparent Injury,NA,Not Distracted,DC,Bus - Transit,Moving Constant Speed,35,No,2020,GILLIG,LOW FLOOR BUS,38.96617562,-77.1057587,2025,11,7
250052198,Property Damage Crash,11/21/2025 04:59:00 AM,BOILING BROOK PKWY,NA,Angle,Clear,Dry,Medium,Traffic Control Signal,NONE DETECTED,No,No Apparent Injury,NA,Not Distracted,MD,Passenger Car,Moving Constant Speed,30,No,2025,TOYOTA,COROLLA,39.04888871,-77.10206766,2025,11,4
250052198,Property Damage Crash,11/21/2025 04:59:00 AM,BOILING BROOK PKWY,NA,Angle,Clear,Dry,Medium,Traffic Control Signal,NONE DETECTED,No,No Apparent Injury,NA,Not Distracted,MD,Pickup,Turning Left,30,No,2024,RAM,1500,39.04888871,-77.10206766,2025,11,4
250052185,Property Damage Crash,11/20/2025 10:25:00 PM,RAMP 1 FR WASH. BLVD TO SAM EIG HWY WB,NA,Angle,Clear,Dry,Medium,Traffic Control Signal,NONE DETECTED,Yes,No Apparent Injury,NA,Unknown,NA,Sport Utility Vehicle,Moving Constant Speed,35,No,2014,NISSAN,PATHFINDER,39.11817587,-77.20649787,2025,11,22
250052185,Property Damage Crash,11/20/2025 10:25:00 PM,RAMP 1 FR WASH. BLVD TO SAM EIG HWY WB,NA,Angle,Clear,Dry,Medium,Traffic Control Signal,NONE DETECTED,No,No Apparent Injury,NA,Not Distracted,MD,Passenger Car,Moving Constant Speed,35,No,2010,TOYOTA,COROLLA,39.11817587,-77.20649787,2025,11,22
250052182,Injury Crash,11/20/2025 09:50:00 PM,UNIVERSITY BLVD W (WB/L),NA,Angle,Clear,Dry,Medium,Traffic Control Signal,NONE DETECTED,Yes,No Apparent Injury,Failed to Yield Right-of-Way,Unknown,DC,Sport Utility Vehicle,Turning Left,35,No,2019,SUBARU,ASCENT,39.04131208,-77.04823703,2025,11,21
250052182,Injury Crash,11/20/2025 09:50:00 PM,UNIVERSITY BLVD W (WB/L),NA,Angle,Clear,Dry,Medium,Traffic Control Signal,NONE DETECTED,No,Possible Minor Injury,NA,Not Distracted,MD,Passenger Car,Moving Constant Speed,35,No,2019,HONDA,CIVIC,39.04131208,-77.04823703,2025,11,21
250052162,Property Damage Crash,11/20/2025 07:26:00 PM,NA,NA,"Sideswipe, Opposite Direction",Clear,Dry,Dark,Stop Sign,NONE DETECTED,No,No Apparent Injury,NA,Not Distracted,MD,Passenger Car,Slowing or Stopping,30,No,2003,HONDA,CIVIC,39.19697009,-77.27369314,2025,11,19
250052162,Property Damage Crash,11/20/2025 07:26:00 PM,NA,NA,"Sideswipe, Opposite Direction",Clear,Dry,Dark,Stop Sign,ALCOHOL PRESENT,Yes,No Apparent Injury,"Wrong Side, Wrong Way",Not Distracted,MD,Passenger Car,Turning Right,30,No,2018,HONDA,ACCORD,39.19697009,-77.27369314,2025,11,19
250052163,Property Damage Crash,11/20/2025 07:14:00 PM,NA,NA,Angle,Clear,Dry,Medium,Traffic Control Signal,NONE DETECTED,No,No Apparent Injury,NA,Not Distracted,MD,Pickup,Moving Constant Speed,35,No,2015,GMC,SIERRA,38.99981303,-76.99122864,2025,11,19
250052163,Property Damage Crash,11/20/2025 07:14:00 PM,NA,NA,Angle,Clear,Dry,Medium,Traffic Control Signal,NONE DETECTED,Yes,No Apparent Injury,NA,Not Distracted,NA,Passenger Car,Entering Traffic Lane,35,No,2020,CHEVROLET,CORVETTE,38.99981303,-76.99122864,2025,11,19
250052159,Property Damage Crash,11/20/2025 06:55:00 PM,GEORGIA AVE (SB/L),NA,"Sideswipe, Same Direction",Clear,Dry,Medium,Traffic Control Signal,NONE DETECTED,Yes,No Apparent Injury,NA,Unknown,MD,Other Trucks,Turning Left,30,No,2015,SEAGRAVE,CHASSIS ONLY,39.04716178,-77.05211971,2025,11,18
250052159,Property Damage Crash,11/20/2025 06:55:00 PM,GEORGIA AVE (SB/L),NA,"Sideswipe, Same Direction",Clear,Dry,Medium,Traffic Control Signal,NONE DETECTED,No,NA,NA,NA,NA,Passenger Car,Stopped in Traffic,30,No,0,NA,NA,39.04716178,-77.05211971,2025,11,18
250052153,Injury Crash,11/20/2025 06:20:00 PM,MUNCASTER MILL RD,NA,Angle,Clear,Dry,Medium,No Controls,NONE DETECTED,No,No Apparent Injury,NA,Not Distracted,MD,Van - Passenger (&lt;9 Seats),Moving Constant Speed,40,No,2018,CHEVROLET,EXPRESS,39.14272831,-77.13969216,2025,11,18
250052153,Injury Crash,11/20/2025 06:20:00 PM,MUNCASTER MILL RD,NA,Angle,Clear,Dry,Medium,No Controls,NONE DETECTED,No,Possible Minor Injury,NA,Unknown,MD,Sport Utility Vehicle,Turning Left,40,No,2008,CHEVROLET,TRAILBLAZER,39.14272831,-77.13969216,2025,11,18
250052157,Injury Crash,11/20/2025 06:05:00 PM,DARNESTOWN RD,NA,Front to Front,Cloudy,Dry,Dark,No Controls,NONE DETECTED,Yes,Possible Minor Injury,"Failed to Keep in Proper Lane, Improper Passing, Operated Motor Vehicle in Inattentive, Careless, Negligent, or Erratic Manner, Operated Motor Vehicle in Reckless or Aggressive Manner, Too Fast For Conditions, Wrong Way",Not Distracted,MD,Passenger Car,Overtaking/Passing,50,No,2010,HONDA,CIVIC,39.18907424,-77.42148706,2025,11,18
250052157,Injury Crash,11/20/2025 06:05:00 PM,DARNESTOWN RD,NA,Front to Front,Cloudy,Dry,Dark,No Controls,NONE DETECTED,No,Suspected Serious Injury,NA,Not Distracted,MD,Passenger Car,Moving Constant Speed,50,No,2014,HONDA,CIVIC,39.18907424,-77.42148706,2025,11,18
250052148,Property Damage Crash,11/20/2025 05:59:00 PM,MUNCASTER RD,NA,Single Vehicle,Clear,Dry,Medium,No Controls,NONE DETECTED,No,No Apparent Injury,NA,Not Distracted,MD,Bus - School,Moving Constant Speed,30,No,2015,THOMAS BUILT,HDX,39.17311459,-77.11768613,2025,11,17
250052149,Injury Crash,11/20/2025 05:38:00 PM,UNIVERSITY BLVD E,NA,"Sideswipe, Same Direction",Clear,Dry,Medium,Other,NONE DETECTED,Yes,No Apparent Injury,NA,Unknown,MD,Passenger Car,Changing Lanes,30,No,2021,TOYOTA,HIGHLANDER,39.01760317,-77.006921,2025,11,17
250052149,Injury Crash,11/20/2025 05:38:00 PM,UNIVERSITY BLVD E,NA,"Sideswipe, Same Direction",Clear,Dry,Medium,Other,NONE DETECTED,No,No Apparent Injury,NA,Not Distracted,MD,Bus - Transit,Accelerating,30,No,2013,NEW FLYER,XCELSIOR,39.01760317,-77.006921,2025,11,17
250052129,Injury Crash,11/20/2025 04:53:00 PM,WOODMONT AVE,Cyclist (non-electric),Single Vehicle,Clear,Dry,Medium,Traffic Control Signal,NONE DETECTED,Yes,No Apparent Injury,Failed to Yield Right-of-Way,Unknown,MD,Passenger Car,Turning Right,25,No,2020,TOYOTA,AVALON,38.98271255,-77.09612816,2025,11,16
250052133,Injury Crash,11/20/2025 04:45:00 PM,BRYANTS NURSERY RD,NA,Angle,Clear,Dry,Medium,No Controls,NONE DETECTED,No,No Apparent Injury,NA,Not Distracted,MD,Passenger Car,Moving Constant Speed,40,No,2017,TOYOTA,RAV4,39.111898,-76.994906,2025,11,16
250052133,Injury Crash,11/20/2025 04:45:00 PM,BRYANTS NURSERY RD,NA,Angle,Clear,Dry,Medium,Stop Sign,NONE DETECTED,Yes,Possible Minor Injury,Failed to Yield Right-of-Way,Not Distracted,MD,Passenger Car,Turning Left,30,No,2025,HONDA,CR-V,39.111898,-76.994906,2025,11,16
250052120,Property Damage Crash,11/20/2025 03:58:00 PM,NA,NA,Front to Rear,Clear,Dry,Daylight,No Controls,NONE DETECTED,No,No Apparent Injury,NA,Not Distracted,MD,Passenger Car,Moving Constant Speed,35,No,2015,TOYOTA,RAV4,39.13217905,-77.03037494,2025,11,15
250052120,Property Damage Crash,11/20/2025 03:58:00 PM,NA,NA,Front to Rear,Clear,Dry,Daylight,No Controls,NONE DETECTED,No,No Apparent Injury,NA,"Other Action (looking away from task, etc.)",MD,Passenger Car,Accelerating,35,No,2009,HONDA,ACCORD,39.13217905,-77.03037494,2025,11,15
250052120,Property Damage Crash,11/20/2025 03:58:00 PM,NA,NA,Front to Rear,Clear,Dry,Daylight,No Controls,NONE DETECTED,No,No Apparent Injury,NA,Not Distracted,MD,Passenger Car,Moving Constant Speed,35,No,2022,HYUNDAI,TUCSON,39.13217905,-77.03037494,2025,11,15
250052410,Property Damage Crash,11/20/2025 03:57:00 PM,NA,NA,Front to Rear,Clear,NA,Daylight,NA,NONE DETECTED,No,NA,NA,NA,NA,Passenger Car,Moving Constant Speed,0,No,2005,TOYOTA,SEQUOIA,38.96123861,-77.10557036,2025,11,15
250052116,Property Damage Crash,11/20/2025 03:43:00 PM,FREDERICK RD,NA,Front to Rear,Clear,Dry,Daylight,Traffic Control Signal,NONE DETECTED,No,No Apparent Injury,NA,Not Distracted,MD,Bus - School,Moving Constant Speed,40,No,2018,FREIGHTLINER,B2 BUS CHASSIS,39.20435195,-77.24586402,2025,11,15
250052116,Property Damage Crash,11/20/2025 03:43:00 PM,FREDERICK RD,NA,Front to Rear,Clear,Dry,Daylight,Traffic Control Signal,NONE DETECTED,No,NA,NA,NA,NA,NA,Changing Lanes,40,No,0,NA,NA,39.20435195,-77.24586402,2025,11,15
250052108,Property Damage Crash,11/20/2025 03:22:00 PM,GEORGIA AVE,NA,Front to Rear,Clear,Dry,Daylight,Lane Use Control Signal,NONE DETECTED,Yes,No Apparent Injury,NA,Not Distracted,MD,Sport Utility Vehicle,Accelerating,30,No,2017,HONDA,ODYSSEY,39.00649716,-77.03902063,2025,11,15
250052108,Property Damage Crash,11/20/2025 03:22:00 PM,GEORGIA AVE,NA,Front to Rear,Clear,Dry,Daylight,Lane Use Control Signal,NONE DETECTED,No,No Apparent Injury,NA,Not Distracted,MD,Passenger Car,Stopped in Traffic,30,No,2015,FORD,C-MAX,39.00649716,-77.03902063,2025,11,15
25005210,Property Damage Crash,11/20/2025 02:52:00 PM,MARINELLI RD,NA,"Sideswipe, Same Direction",Cloudy,Dry,Daylight,"Other Pavement Marking (excluding edgelines, centerlines, or lane lines)",NONE DETECTED,Yes,No Apparent Injury,Failed to Yield Right-of-Way,Not Distracted,MD,Passenger Car,Entering Traffic Lane,35,No,2024,HONDA,CIVIC,39.04749025,-77.11091975,2025,11,14
25005210,Property Damage Crash,11/20/2025 02:52:00 PM,MARINELLI RD,NA,"Sideswipe, Same Direction",Cloudy,Dry,Daylight,"Other Pavement Marking (excluding edgelines, centerlines, or lane lines)",NONE DETECTED,No,No Apparent Injury,NA,Not Distracted,MD,Bus - Transit,Moving Constant Speed,35,No,2020,NEW FLYER,XCELSIOR,39.04749025,-77.11091975,2025,11,14
250052097,Injury Crash,11/20/2025 02:43:00 PM,NA,NA,Single Vehicle,Clear,NA,Daylight,NA,NONE DETECTED,Yes,Possible Minor Injury,NA,Not Distracted,MD,Passenger Car,Accelerating,0,No,2009,TOYOTA,CAMRY,39.09756908,-77.19134889,2025,11,14
250052095,Property Damage Crash,11/20/2025 02:40:00 PM,COLESVILLE RD (SB/L),NA,Front to Rear,Clear,Dry,Daylight,No Controls,NONE DETECTED,Yes,No Apparent Injury,NA,Unknown,WV,Passenger Car,Moving Constant Speed,35,No,2006,FORD,F-150,39.0117565,-77.01718633,2025,11,14
250052095,Property Damage Crash,11/20/2025 02:40:00 PM,COLESVILLE RD (SB/L),NA,Front to Rear,Clear,Dry,Daylight,No Controls,NONE DETECTED,No,No Apparent Injury,NA,Not Distracted,MD,Passenger Car,Stopped in Traffic,35,No,2019,TOYOTA,RAV4,39.0117565,-77.01718633,2025,11,14
250052095,Property Damage Crash,11/20/2025 02:40:00 PM,COLESVILLE RD (SB/L),NA,Front to Rear,Clear,Dry,Daylight,No Controls,NONE DETECTED,No,No Apparent Injury,NA,Not Distracted,MD,Bus - Transit,Stopped in Traffic,35,No,2008,GILLIG,LOW FLOOR BUS,39.0117565,-77.01718633,2025,11,14
250052123,Property Damage Crash,11/20/2025 02:34:00 PM,NA,NA,"Sideswipe, Same Direction",Clear,Dry,Daylight,Traffic Control Signal,NONE DETECTED,No,NA,NA,NA,NA,NA,Accelerating,35,No,0,NA,NA,39.05349648,-77.10693592,2025,11,14
250052123,Property Damage Crash,11/20/2025 02:34:00 PM,NA,NA,"Sideswipe, Same Direction",Clear,Dry,Daylight,Traffic Control Signal,NONE DETECTED,No,No Apparent Injury,NA,Not Distracted,MD,Single-Unit Truck,Moving Constant Speed,35,No,2019,FORD,F-450,39.05349648,-77.10693592,2025,11,14
250052146,Property Damage Crash,11/20/2025 02:30:00 PM,THAYER AVE,NA,"Sideswipe, Same Direction",Clear,Dry,Daylight,No Controls,NONE DETECTED,No,NA,NA,NA,NA,Passenger Car,Moving Constant Speed,15,No,2025,CHRYSLER,PACIFICA,38.99305849,-77.02304712,2025,11,14
250052146,Property Damage Crash,11/20/2025 02:30:00 PM,THAYER AVE,NA,"Sideswipe, Same Direction",Clear,Dry,Daylight,No Controls,NONE DETECTED,No,No Apparent Injury,NA,Not Distracted,MD,Passenger Car,Parked,15,No,2025,BMW,X7,38.99305849,-77.02304712,2025,11,14
250052091,Injury Crash,11/20/2025 02:06:00 PM,NA,NA,Front to Rear,Cloudy,NA,Daylight,NA,NONE DETECTED,Yes,Possible Minor Injury,"Operated Motor Vehicle in Inattentive, Careless, Negligent, or Erratic Manner",Unknown,DE,Passenger Car,Moving Constant Speed,0,No,2017,FORD,EDGE,39.28923517,-77.20315956,2025,11,14
250052087,Injury Crash,11/20/2025 01:32:00 PM,NA,Occupant of Motor Vehicle Not in Transport,Other,Cloudy,NA,Daylight,NA,NONE DETECTED,Yes,No Apparent Injury,NA,Unknown,OH,Sport Utility Vehicle,Backing,0,No,2019,DODGE,GRAND CARAVAN,39.03559523,-77.05577458,2025,11,13
250052083,Property Damage Crash,11/20/2025 01:14:00 PM,NA,NA,"Sideswipe, Same Direction",Cloudy,NA,Daylight,NA,NONE DETECTED,Yes,No Apparent Injury,"Failed to Keep in Proper Lane, Other Improper Action",Unknown,MD,Sport Utility Vehicle,Accelerating,0,No,2010,TOYOTA,HIGHLANDER,39.17959807,-77.23956802,2025,11,13
250052077,Property Damage Crash,11/20/2025 12:44:00 PM,RICHTER FARM RD,NA,Front to Rear,Cloudy,Dry,Daylight,Traffic Control Signal,NONE DETECTED,Yes,No Apparent Injury,Followed Too Closely,Not Distracted,MD,Bus - Transit,Accelerating,45,No,2016,GILLIG,LOW FLOOR BUS,39.14868149,-77.27658468,2025,11,12
250052077,Property Damage Crash,11/20/2025 12:44:00 PM,RICHTER FARM RD,NA,Front to Rear,Cloudy,Dry,Daylight,Traffic Control Signal,NONE DETECTED,No,No Apparent Injury,NA,Not Distracted,MD,Passenger Car,Stopped in Traffic,45,No,2014,CADILLAC,SRX,39.14868149,-77.27658468,2025,11,12
250052073,Injury Crash,11/20/2025 12:24:00 PM,NA,NA,Front to Rear,Cloudy,Dry,Daylight,No Controls,NONE DETECTED,No,Possible Minor Injury,NA,Not Distracted,MD,Pickup,Moving Constant Speed,50,No,2011,FORD,F-250,39.1285029,-77.34316792,2025,11,12
250052073,Injury Crash,11/20/2025 12:24:00 PM,NA,NA,Front to Rear,Cloudy,Dry,Daylight,Stop Sign,NONE DETECTED,No,No Apparent Injury,NA,Not Distracted,MD,Pickup,Accelerating,30,No,2003,DODGE,RAM,39.1285029,-77.34316792,2025,11,12
250052069,Property Damage Crash,11/20/2025 12:08:00 PM,CHESTNUT ST,NA,"Sideswipe, Same Direction",Cloudy,Dry,Daylight,No Controls,NONE DETECTED,No,No Apparent Injury,NA,Not Distracted,MD,Single-Unit Truck,Parked,25,No,2025,FORD,F-450,38.99357724,-77.09099244,2025,11,12
250052069,Property Damage Crash,11/20/2025 12:08:00 PM,CHESTNUT ST,NA,"Sideswipe, Same Direction",Cloudy,Dry,Daylight,No Controls,NONE DETECTED,Yes,No Apparent Injury,NA,Not Distracted,MD,Sport Utility Vehicle,Slowing or Stopping,25,No,2014,LEXUS,RX,38.99357724,-77.09099244,2025,11,12
250052043,Property Damage Crash,11/20/2025 09:45:00 AM,NA,NA,Single Vehicle,Clear,Dry,Daylight,No Controls,NONE DETECTED,Yes,No Apparent Injury,NA,Unknown,MD,Passenger Car,Accelerating,35,No,2023,CHRYSLER,300,39.11229519,-77.0604546,2025,11,9
250052034,Property Damage Crash,11/20/2025 08:45:00 AM,CONNECTICUT AVE,NA,Front to Rear,Cloudy,Dry,Daylight,No Controls,NONE DETECTED,No,No Apparent Injury,NA,Not Distracted,MD,Passenger Car,Stopped in Traffic,35,No,2023,NISSAN,SENTRA,38.98609876,-77.07708989,2025,11,8
250052034,Property Damage Crash,11/20/2025 08:45:00 AM,CONNECTICUT AVE,NA,Front to Rear,Cloudy,Dry,Daylight,No Controls,NONE DETECTED,No,No Apparent Injury,Followed Too Closely,Unknown,NA,Single-Unit Truck,Slowing or Stopping,35,No,2007,KENWORTH,W9 SERIES,38.98609876,-77.07708989,2025,11,8
250052056,Property Damage Crash,11/20/2025 08:20:00 AM,NEW HAMPSHIRE AVE (SB/L),NA,Front to Rear,Clear,Dry,Daylight,No Controls,NONE DETECTED,No,NA,NA,NA,NA,Passenger Car,Changing Lanes,35,No,2013,FORD,EDGE,38.98757477,-76.98797947,2025,11,8
250052056,Property Damage Crash,11/20/2025 08:20:00 AM,NEW HAMPSHIRE AVE (SB/L),NA,Front to Rear,Clear,Dry,Daylight,No Controls,NONE DETECTED,No,No Apparent Injury,NA,Not Distracted,MD,Passenger Car,Moving Constant Speed,35,No,2024,CHEVROLET,SILVERADO HD,38.98757477,-76.98797947,2025,11,8
250052026,Injury Crash,11/20/2025 07:56:00 AM,LOCBURY CIR,NA,Angle,Clear,Dry,Daylight,No Controls,NONE DETECTED,No,Possible Minor Injury,NA,Not Distracted,MD,Sport Utility Vehicle,Moving Constant Speed,30,No,2011,HONDA,CR-V,39.18451167,-77.26518,2025,11,7
250052026,Injury Crash,11/20/2025 07:56:00 AM,LOCBURY CIR,NA,Angle,Clear,Dry,Daylight,Stop Sign,NONE DETECTED,Yes,No Apparent Injury,Failed to Yield Right-of-Way,Unknown,MD,Sport Utility Vehicle,Accelerating,30,No,2021,TOYOTA,HIGHLANDER,39.18451167,-77.26518,2025,11,7
250052023,Injury Crash,11/20/2025 07:44:00 AM,16TH ST (SB/L),Pedestrian,Single Vehicle,Cloudy,Dry,Daylight,No Controls,NONE DETECTED,No,No Apparent Injury,NA,Not Distracted,MD,Passenger Car,Moving Constant Speed,35,No,2024,KIA,SOUL,38.99576567,-77.036488,2025,11,7
250052008,Property Damage Crash,11/19/2025 10:31:00 PM,GREAT SENECA HWY (SB/L),NA,Single Vehicle,Clear,Dry,Medium,Traffic Control Signal,NONE DETECTED,Yes,No Apparent Injury,"Disregard Officer Directions, Failed to Keep in Proper Lane, Operated Motor Vehicle in Reckless or Aggressive Manner, Wrong Way",Not Distracted,NA,Sport Utility Vehicle,Turning Left,50,No,2020,CHEVROLET,EQUINOX,39.12851727,-77.23777322,2025,11,22
250051999,Injury Crash,11/19/2025 09:14:00 PM,WOODFIELD RD,NA,"Sideswipe, Same Direction",Clear,Dry,Medium,No Controls,NONE DETECTED,No,Possible Minor Injury,NA,Not Distracted,MD,Passenger Car,Moving Constant Speed,40,No,2004,HONDA,CIVIC,39.17404567,-77.15160367,2025,11,21
250051999,Injury Crash,11/19/2025 09:14:00 PM,WOODFIELD RD,NA,"Sideswipe, Same Direction",Clear,Dry,Medium,No Controls,NONE DETECTED,Yes,No Apparent Injury,"Failed to Keep in Proper Lane, Over-Correcting/Over-Steering",Not Distracted,MD,Sport Utility Vehicle,Changing Lanes,40,No,2017,BMW,X3,39.17404567,-77.15160367,2025,11,21
250051998,Property Damage Crash,11/19/2025 08:56:00 PM,NA,NA,Single Vehicle,Clear,Dry,Medium,No Controls,NONE DETECTED,Yes,No Apparent Injury,NA,Unknown,MD,Passenger Car,Moving Constant Speed,35,No,2007,FORD,MUSTANG,39.0180463,-77.08721188,2025,11,20
250052002,Property Damage Crash,11/19/2025 08:20:00 PM,VEIRS MILL RD,NA,"Sideswipe, Same Direction",Clear,Dry,Medium,No Controls,NONE DETECTED,No,No Apparent Injury,NA,Not Distracted,MD,Passenger Car,Moving Constant Speed,35,No,1998,LEXUS,GS,39.04910251,-77.07011716,2025,11,20
250052002,Property Damage Crash,11/19/2025 08:20:00 PM,VEIRS MILL RD,NA,"Sideswipe, Same Direction",Clear,Dry,Medium,No Controls,NONE DETECTED,No,NA,NA,NA,NA,Passenger Car,Changing Lanes,35,No,2012,VOLKSWAGEN,PASSAT,39.04910251,-77.07011716,2025,11,20
250051985,Property Damage Crash,11/19/2025 07:08:00 PM,MUDDY BRANCH RD (SB/L),NA,Front to Rear,Clear,Dry,Medium,No Controls,NONE DETECTED,No,NA,NA,NA,NA,Passenger Car,Moving Constant Speed,35,No,0,NA,NA,39.1399363,-77.20522086,2025,11,19
250051985,Property Damage Crash,11/19/2025 07:08:00 PM,MUDDY BRANCH RD (SB/L),NA,Front to Rear,Clear,Dry,Medium,No Controls,NONE DETECTED,No,No Apparent Injury,NA,Not Distracted,PA,Other,Moving Constant Speed,35,No,2020,FREIGHTLINER,M2,39.1399363,-77.20522086,2025,11,19
250051983,Injury Crash,11/19/2025 07:00:00 PM,NA,NA,Single Vehicle,Clear,NA,Medium,NA,NONE DETECTED,Yes,Possible Minor Injury,NA,Unknown,MD,Sport Utility Vehicle,NA,0,No,2015,SUBARU,FORESTER,39.12917033,-77.20309038,2025,11,19
250051980,Property Damage Crash,11/19/2025 06:29:00 PM,EAST WEST HWY,NA,"Sideswipe, Same Direction",Clear,Dry,Medium,No Controls,NONE DETECTED,No,NA,NA,NA,NA,NA,Moving Constant Speed,35,No,0,NA,NA,38.99262221,-77.06054976,2025,11,18
250051980,Property Damage Crash,11/19/2025 06:29:00 PM,EAST WEST HWY,NA,"Sideswipe, Same Direction",Clear,Dry,Medium,Traffic Control Signal,NONE DETECTED,No,No Apparent Injury,NA,Not Distracted,DC,Sport Utility Vehicle,Moving Constant Speed,35,No,2011,SUBARU,OUTBACK,38.99262221,-77.06054976,2025,11,18
250051974,Property Damage Crash,11/19/2025 05:50:00 PM,CONNECTICUT AVE,NA,Angle,Clear,Dry,Medium,Traffic Control Signal,NONE DETECTED,No,No Apparent Injury,NA,Not Distracted,MD,Passenger Car,Moving Constant Speed,35,No,2004,CHEVROLET,SUBURBAN,39.02254033,-77.07628933,2025,11,17
250051974,Property Damage Crash,11/19/2025 05:50:00 PM,CONNECTICUT AVE,NA,Angle,Clear,Dry,Medium,Traffic Control Signal,NONE DETECTED,No,No Apparent Injury,NA,Not Distracted,MD,Passenger Car,Moving Constant Speed,35,No,2018,AUDI,Q3,39.02254033,-77.07628933,2025,11,17
250051967,Injury Crash,11/19/2025 05:42:00 PM,GEORGIAN WOODS PL,Cyclist (Electric),Single Vehicle,Clear,Dry,Dark,Stop Sign,NONE DETECTED,No,No Apparent Injury,NA,Unknown,MD,Passenger Car,Turning Right,25,No,2012,TOYOTA,HIGHLANDER,39.05583834,-77.04981636,2025,11,17
250051971,Property Damage Crash,11/19/2025 05:39:00 PM,NA,NA,Angle,Clear,Dry,Medium,Traffic Control Signal,NONE DETECTED,Yes,No Apparent Injury,Failed to Yield Right-of-Way,Unknown,MD,Passenger Car,Turning Left,35,No,2004,TOYOTA,SIENNA,39.17696326,-77.26425114,2025,11,17
250051971,Property Damage Crash,11/19/2025 05:39:00 PM,NA,NA,Angle,Clear,Dry,Medium,Traffic Control Signal,NONE DETECTED,No,No Apparent Injury,NA,Unknown,MD,Passenger Car,Moving Constant Speed,35,No,2008,HONDA,ACCORD,39.17696326,-77.26425114,2025,11,17
250051966,Property Damage Crash,11/19/2025 05:25:00 PM,NORBECK RD (WB/L),NA,"Sideswipe, Same Direction",Clear,Dry,Medium,No Controls,NONE DETECTED,Yes,No Apparent Injury,"Failed to Keep in Proper Lane, Operated Motor Vehicle in Inattentive, Careless, Negligent, or Erratic Manner, Other Improper Action",Unknown,NA,Sport Utility Vehicle,Changing Lanes,35,No,2000,HONDA,CR-V,39.0952714,-77.11250481,2025,11,17
250051966,Property Damage Crash,11/19/2025 05:25:00 PM,NORBECK RD (WB/L),NA,"Sideswipe, Same Direction",Clear,Dry,Medium,No Controls,NONE DETECTED,No,No Apparent Injury,NA,Not Distracted,MD,Sport Utility Vehicle,Moving Constant Speed,35,No,2022,TESLA,MODEL Y,39.0952714,-77.11250481,2025,11,17