Local Case Number,ACRS Report Type,Crash Date/Time,Road Name,Related Non-Motorist,Collision Type,Weather,Surface Condition,Light,Traffic Control,Driver Substance Abuse,Driver At Fault,Injury Severity,Circumstance,Driver Distracted By,Drivers License State,Vehicle Body Type,Vehicle Movement,Speed Limit,Driverless Vehicle,Vehicle Year,Vehicle Make,Vehicle Model,Latitude,Longitude,Year,Month,Hour
250052573,Property Damage Crash,11/19/2025 04:44:00 PM,NA,NA,Rear To Rear,Clear,NA,Daylight,NA,NONE DETECTED,No,NA,NA,NA,NA,Sport Utility Vehicle,Backing,0,No,2018,SUBARU,OUTBACK,39.2011438,-77.24686502,2025,11,16
250051948,Property Damage Crash,11/19/2025 04:40:00 PM,WOODFIELD RD,NA,Angle,Clear,Dry,Medium,No Controls,NONE DETECTED,Yes,No Apparent Injury,Failed to Yield Right-of-Way,Unknown,MD,Passenger Car,Accelerating,20,No,2016,JEEP,CHEROKEE,39.1602127,-77.15936849,2025,11,16
250051948,Property Damage Crash,11/19/2025 04:40:00 PM,WOODFIELD RD,NA,Angle,Clear,Dry,Medium,No Controls,NONE DETECTED,No,No Apparent Injury,NA,Not Distracted,MD,Passenger Car,Moving Constant Speed,35,No,2007,LEXUS,RX,39.1602127,-77.15936849,2025,11,16
250051956,Property Damage Crash,11/19/2025 04:34:00 PM,GLENALLAN AVE (WB/L),NA,Front to Front,Clear,Dry,Medium,No Controls,NONE DETECTED,No,No Apparent Injury,NA,Not Distracted,MD,Passenger Car,Moving Constant Speed,25,No,2009,MERCEDES-BENZ,C-CLASS,39.06259133,-77.04866917,2025,11,16
250051956,Property Damage Crash,11/19/2025 04:34:00 PM,GLENALLAN AVE (WB/L),NA,Front to Front,Clear,Dry,Medium,No Controls,NONE DETECTED,Yes,No Apparent Injury,NA,Not Distracted,MD,Passenger Car,Making U-Turn,25,No,2018,TOYOTA,YARIS IA,39.06259133,-77.04866917,2025,11,16
250051944,Property Damage Crash,11/19/2025 03:58:00 PM,INDUSTRIAL PKWY,NA,Front to Front,Clear,Dry,Daylight,Stop Sign,NONE DETECTED,No,No Apparent Injury,NA,Not Distracted,MD,Sport Utility Vehicle,Moving Constant Speed,25,No,2018,TOYOTA,RAV4,39.05351364,-76.9683689,2025,11,15
250051944,Property Damage Crash,11/19/2025 03:58:00 PM,INDUSTRIAL PKWY,NA,Front to Front,Clear,Dry,Daylight,Stop Sign,NONE DETECTED,No,No Apparent Injury,NA,Not Distracted,MD,Sport Utility Vehicle,Turning Left,25,No,2013,HONDA,PILOT,39.05351364,-76.9683689,2025,11,15
250051929,Injury Crash,11/19/2025 03:54:00 PM,LYTTONSVILLE RD,Pedestrian,Single Vehicle,Clear,Dry,Daylight,No Controls,NONE DETECTED,Yes,No Apparent Injury,NA,Not Distracted,MD,Pickup,Moving Constant Speed,25,No,2002,CHEVROLET,SILVERADO,39.00084433,-77.0495365,2025,11,15
250051926,Injury Crash,11/19/2025 03:50:00 PM,FAIRLAND RD,Cyclist (non-electric),Single Vehicle,Clear,Dry,Daylight,Traffic Control Signal,NONE DETECTED,No,No Apparent Injury,NA,Not Distracted,MD,Sport Utility Vehicle,Accelerating,50,No,2003,TOYOTA,SEQUOIA,39.07330483,-76.95570217,2025,11,15
250051912,Property Damage Crash,11/19/2025 02:38:00 PM,SOWARD DR,NA,"Sideswipe, Same Direction",Clear,Dry,Daylight,No Controls,NONE DETECTED,No,No Apparent Injury,NA,Not Distracted,MD,Passenger Car,Moving Constant Speed,25,No,2012,HONDA,ODYSSEY,39.0425335,-77.072198,2025,11,14
250051912,Property Damage Crash,11/19/2025 02:38:00 PM,SOWARD DR,NA,"Sideswipe, Same Direction",Clear,Dry,Daylight,No Controls,NONE DETECTED,No,No Apparent Injury,NA,Not Distracted,MD,Other Trucks,Stopped in Traffic,25,No,2025,MACK,GRANITE,39.0425335,-77.072198,2025,11,14
250051844,Property Damage Crash,11/19/2025 09:50:00 AM,NA,NA,Rear To Side,Cloudy,Dry,Daylight,No Controls,NONE DETECTED,No,No Apparent Injury,Failed to Yield Right-of-Way,Not Distracted,WV,Passenger Car,Moving Constant Speed,30,No,2016,KIA,FORTE,39.14478383,-77.225881330000007,2025,11,9
250051844,Property Damage Crash,11/19/2025 09:50:00 AM,NA,NA,Rear To Side,Cloudy,Dry,Daylight,No Controls,NONE DETECTED,No,No Apparent Injury,NA,Not Distracted,MD,Sport Utility Vehicle,Moving Constant Speed,30,No,2009,TOYOTA,RAV4,39.14478383,-77.225881330000007,2025,11,9
250051842,Property Damage Crash,11/19/2025 09:22:00 AM,TOWER OAKS BLVD,NA,Angle,Cloudy,Wet,Daylight,Traffic Control Signal,NONE DETECTED,Yes,No Apparent Injury,Failed to Yield Right-of-Way,Not Distracted,MD,Sport Utility Vehicle,Turning Left,40,No,2019,SUBARU,ASCENT,39.05563817,-77.14929883,2025,11,9
250051842,Property Damage Crash,11/19/2025 09:22:00 AM,TOWER OAKS BLVD,NA,Angle,Cloudy,Wet,Daylight,Traffic Control Signal,NONE DETECTED,No,No Apparent Injury,NA,Not Distracted,MD,Van - Passenger (&lt;9 Seats),Moving Constant Speed,40,No,2015,TOYOTA,SIENNA,39.05563817,-77.14929883,2025,11,9
250051841,Property Damage Crash,11/19/2025 09:10:00 AM,NA,NA,Front to Rear,Clear,Wet,Daylight,Traffic Control Signal,NONE DETECTED,No,No Apparent Injury,NA,Not Distracted,MD,Passenger Car,Slowing or Stopping,40,No,2020,NISSAN,ROGUE,39.15420131,-77.28720725,2025,11,9
250051841,Property Damage Crash,11/19/2025 09:10:00 AM,NA,NA,Front to Rear,Clear,Wet,Daylight,Traffic Control Signal,NONE DETECTED,Yes,No Apparent Injury,Followed Too Closely,Not Distracted,MD,Passenger Car,Moving Constant Speed,40,No,2018,TOYOTA,RAV4,39.15420131,-77.28720725,2025,11,9
250051839,Injury Crash,11/19/2025 09:09:00 AM,COLUMBIA PIKE (SB/L),NA,Front to Rear,Cloudy,Wet,Daylight,No Controls,NONE DETECTED,No,No Apparent Injury,NA,Not Distracted,MD,Passenger Car,Slowing or Stopping,45,No,2016,TOYOTA,CAMRY,39.04786917,-76.98505714,2025,11,9
250051839,Injury Crash,11/19/2025 09:09:00 AM,COLUMBIA PIKE (SB/L),NA,Front to Rear,Cloudy,Wet,Daylight,No Controls,NONE DETECTED,Yes,No Apparent Injury,"Failed to Keep in Proper Lane, Followed Too Closely, Too Fast For Conditions",Not Distracted,MD,Passenger Car,Slowing or Stopping,45,No,2015,CHRYSLER,300,39.04786917,-76.98505714,2025,11,9
250051836,Injury Crash,11/19/2025 08:48:00 AM,EDNOR RD,NA,Single Vehicle,Rain,Wet,Daylight,No Controls,NONE DETECTED,Yes,Possible Minor Injury,Too Fast For Conditions,Not Distracted,MD,Passenger Car,Slowing or Stopping,35,No,2009,HONDA,ACCORD,39.14266334,-76.96768504,2025,11,8
250051832,Injury Crash,11/19/2025 08:25:00 AM,NEW HAMPSHIRE AVE (SB/L),NA,Front to Rear,Rain,Wet,Daylight,No Controls,NONE DETECTED,No,No Apparent Injury,Followed Too Closely,Not Distracted,MD,Bus - Transit,Slowing or Stopping,35,No,2020,NEW FLYER,XCELSIOR,39.007917,-76.9801845,2025,11,8
250051832,Injury Crash,11/19/2025 08:25:00 AM,NEW HAMPSHIRE AVE (SB/L),NA,Front to Rear,Rain,Wet,Daylight,No Controls,NONE DETECTED,No,Possible Minor Injury,NA,Not Distracted,MD,Passenger Car,Slowing or Stopping,35,No,2017,MITSUBISHI,MIRAGE G4,39.007917,-76.9801845,2025,11,8
250051831,Property Damage Crash,11/19/2025 08:05:00 AM,UNIVERSITY BLVD W (WB/L),NA,Angle,Cloudy,Wet,Daylight,No Controls,NONE DETECTED,Yes,No Apparent Injury,NA,Not Distracted,MD,Passenger Car,Turning Left,40,No,2007,CHRYSLER,PT CRUISER,39.0217765,-77.015273,2025,11,8
250051831,Property Damage Crash,11/19/2025 08:05:00 AM,UNIVERSITY BLVD W (WB/L),NA,Angle,Cloudy,Wet,Daylight,No Controls,NONE DETECTED,No,NA,NA,NA,NA,Passenger Car,Moving Constant Speed,40,No,0,NA,NA,39.0217765,-77.015273,2025,11,8
250051820,Property Damage Crash,11/19/2025 06:45:00 AM,MONTROSE PKWY,NA,Single Vehicle,Cloudy,Wet,Medium,No Controls,NONE DETECTED,No,No Apparent Injury,NA,Not Distracted,MD,Passenger Car,Moving Constant Speed,30,No,2019,TOYOTA,COROLLA,39.051276,-77.13393583,2025,11,6
250051808,Property Damage Crash,11/19/2025 12:15:00 AM,BEL PRE RD,NA,Front to Rear,Rain,Wet,Medium,No Controls,NONE DETECTED,Yes,No Apparent Injury,NA,Unknown,MD,Passenger Car,Moving Constant Speed,35,No,2025,TOYOTA,RAV4 PRIME,39.093942,-77.08856183,2025,11,0
250051809,Property Damage Crash,11/19/2025 12:03:00 AM,MONTGOMERY VILLAGE AVE (SB/L),NA,Single Vehicle,Rain,Wet,Medium,No Controls,NONE DETECTED,Yes,No Apparent Injury,NA,Not Distracted,MD,Passenger Car,Negotiating a Curve,35,No,2004,MERCURY,GRAND MARQUIS,39.16682288,-77.20513342,2025,11,0
250051807,Property Damage Crash,11/18/2025 10:57:00 PM,CLUE DR,NA,"Sideswipe, Same Direction",Rain,Wet,Medium,No Controls,NONE DETECTED,No,No Apparent Injury,NA,Not Distracted,MD,Passenger Car,Moving Constant Speed,25,No,2005,TOYOTA,PRIUS,39.0203745,-77.12648017,2025,11,22
250051805,Property Damage Crash,11/18/2025 10:30:00 PM,RIGGS RD,NA,Single Vehicle,Rain,Wet,Dark,No Controls,NONE DETECTED,No,No Apparent Injury,Ran Off Roadway,Not Distracted,MD,Other,Negotiating a Curve,35,No,2019,PIERCE MANUFACTURING,PUMPER,39.20676967,-77.109473499999993,2025,11,22
250051802,Injury Crash,11/18/2025 10:22:00 PM,NA,Pedestrian,Single Vehicle,Rain,Wet,Medium,No Controls,NONE DETECTED,No,No Apparent Injury,NA,Unknown,MD,Passenger Car,Slowing or Stopping,35,No,2007,BMW,530XI,39.03937195,-76.99132101,2025,11,22
250051801,Injury Crash,11/18/2025 10:10:00 PM,OLD COLUMBIA PIKE (SB/L),NA,Rear To Side,Rain,Wet,Medium,Traffic Control Signal,NONE DETECTED,Yes,No Apparent Injury,NA,Unknown,MD,Passenger Car,Turning Left,45,No,2013,SUBARU,IMPREZA,39.11267916,-76.93285021,2025,11,22
250051801,Injury Crash,11/18/2025 10:10:00 PM,OLD COLUMBIA PIKE (SB/L),NA,Rear To Side,Rain,Wet,Medium,Traffic Control Signal,NONE DETECTED,No,Possible Minor Injury,NA,Not Distracted,MD,Passenger Car,Moving Constant Speed,45,No,2018,TOYOTA,C-HR,39.11267916,-76.93285021,2025,11,22
250051803,Property Damage Crash,11/18/2025 10:07:00 PM,MASSACHUSETTS AVE,NA,Single Vehicle,Rain,Wet,Medium,No Controls,NONE DETECTED,No,No Apparent Injury,Ran Off Roadway,Not Distracted,MD,Sport Utility Vehicle,Moving Constant Speed,35,No,2005,JEEP,LIBERTY,38.9503765,-77.10160917,2025,11,22
250051804,Injury Crash,11/18/2025 09:47:00 PM,MONTROSE RD (WB/L),NA,Single Vehicle,Rain,Wet,Medium,No Controls,NONE DETECTED,No,Possible Minor Injury,NA,Unknown,VA,Passenger Car,Turning Left,35,No,2020,MAZDA,CX-5,39.05355567,-77.1353295,2025,11,21
250051798,Injury Crash,11/18/2025 09:27:00 PM,MIDLAND RD,NA,Front to Front,Rain,Wet,Medium,Traffic Control Signal,NONE DETECTED,No,Possible Minor Injury,NA,Not Distracted,MD,Sport Utility Vehicle,Moving Constant Speed,15,No,2020,GMC,YUKON,39.07757833,-77.0017975,2025,11,21
250051798,Injury Crash,11/18/2025 09:27:00 PM,MIDLAND RD,NA,Front to Front,Rain,Wet,Medium,Traffic Control Signal,NONE DETECTED,Yes,Possible Minor Injury,Ran Red Light,Unknown,MD,Passenger Car,Moving Constant Speed,35,No,2016,TOYOTA,RAV4,39.07757833,-77.0017975,2025,11,21
250051795,Property Damage Crash,11/18/2025 08:34:00 PM,NICHOLSON LA,NA,Angle,Rain,Wet,Medium,No Controls,NONE DETECTED,No,No Apparent Injury,NA,Not Distracted,MD,Passenger Car,Moving Constant Speed,35,No,2019,TOYOTA,COROLLA,39.04584777,-77.1043452,2025,11,20
250051795,Property Damage Crash,11/18/2025 08:34:00 PM,NICHOLSON LA,NA,Angle,Rain,Wet,Medium,No Controls,NONE DETECTED,Yes,No Apparent Injury,NA,Not Distracted,MD,Passenger Car,Entering Traffic Lane,35,No,2005,TOYOTA,CAMRY,39.04584777,-77.1043452,2025,11,20
250051790,Injury Crash,11/18/2025 08:28:00 PM,NA,NA,Angle,Rain,Wet,Medium,No Controls,NONE DETECTED,No,No Apparent Injury,NA,Not Distracted,MD,Passenger Car,Moving Constant Speed,35,No,2012,KIA,SOUL,38.99787083,-77.02683967,2025,11,20
250051790,Injury Crash,11/18/2025 08:28:00 PM,NA,NA,Angle,Rain,Wet,Medium,No Controls,NONE DETECTED,Yes,Possible Minor Injury,"Failed to Yield Right-of-Way, Improper Turn",Not Distracted,DC,Passenger Car,Making U-Turn,35,No,2007,HONDA,CIVIC,38.99787083,-77.02683967,2025,11,20
250051781,Property Damage Crash,11/18/2025 07:33:00 PM,MCKNEW RD,NA,Front to Front,Rain,Wet,Medium,Traffic Control Signal,NONE DETECTED,No,No Apparent Injury,NA,Not Distracted,MD,Passenger Car,Moving Constant Speed,45,No,2007,HYUNDAI,SONATA,39.10626395,-76.91879296,2025,11,19
250051781,Property Damage Crash,11/18/2025 07:33:00 PM,MCKNEW RD,NA,Front to Front,Rain,Wet,Medium,Traffic Control Signal,NONE DETECTED,Yes,No Apparent Injury,NA,Not Distracted,MD,Passenger Car,Making U-Turn,45,No,2008,HONDA,CIVIC,39.10626395,-76.91879296,2025,11,19
250051777,Property Damage Crash,11/18/2025 07:28:00 PM,NA,NA,Angle,Rain,NA,Medium,NA,NONE DETECTED,Yes,No Apparent Injury,Failed to Yield Right-of-Way,Unknown,MD,Passenger Car,Accelerating,0,No,2018,TOYOTA,RAV4,39.1990416,-77.24996688,2025,11,19
250051777,Property Damage Crash,11/18/2025 07:28:00 PM,NA,NA,Angle,Rain,NA,Medium,NA,NONE DETECTED,No,No Apparent Injury,NA,Not Distracted,MD,Passenger Car,Moving Constant Speed,0,No,2015,NISSAN,ALTIMA,39.1990416,-77.24996688,2025,11,19
250051772,Property Damage Crash,11/18/2025 07:00:00 PM,RAMP 7 FR RAMP 2 (FR IS 495) TO MD 97 SB,NA,Rear To Side,Rain,Wet,Medium,Traffic Control Signal,NONE DETECTED,No,No Apparent Injury,NA,Not Distracted,DC,Passenger Car,Entering Traffic Lane,35,No,2021,TOYOTA,RAV4,39.014098,-77.04204767,2025,11,19
250051772,Property Damage Crash,11/18/2025 07:00:00 PM,RAMP 7 FR RAMP 2 (FR IS 495) TO MD 97 SB,NA,Rear To Side,Rain,Wet,Medium,Traffic Control Signal,NONE DETECTED,No,No Apparent Injury,NA,Not Distracted,FL,Truck Tractor,Moving Constant Speed,35,No,1995,FREIGHTLINER,USF-1E,39.014098,-77.04204767,2025,11,19
250051771,Injury Crash,11/18/2025 06:56:00 PM,VEIRS MILL RD (WB/L),Pedestrian,Single Vehicle,Rain,Wet,Medium,Traffic Control Signal,NONE DETECTED,Yes,No Apparent Injury,NA,Not Distracted,MD,Pickup,Moving Constant Speed,35,No,2012,GMC,SIERRA,39.07722295,-77.12378542,2025,11,18
250051766,Property Damage Crash,11/18/2025 06:40:00 PM,RANDOLPH RD,NA,Front to Rear,Rain,Wet,Medium,No Controls,NONE DETECTED,No,No Apparent Injury,NA,Not Distracted,MD,Passenger Car,Slowing or Stopping,35,No,2012,TOYOTA,COROLLA,39.0573945,-77.07568733,2025,11,18
250051766,Property Damage Crash,11/18/2025 06:40:00 PM,RANDOLPH RD,NA,Front to Rear,Rain,Wet,Medium,No Controls,NONE DETECTED,Yes,No Apparent Injury,Followed Too Closely,Not Distracted,NA,Passenger Car,Moving Constant Speed,35,No,2019,TOYOTA,HIGHLANDER,39.0573945,-77.07568733,2025,11,18
250051766,Property Damage Crash,11/18/2025 06:40:00 PM,RANDOLPH RD,NA,Front to Rear,Rain,Wet,Medium,No Controls,NONE DETECTED,No,No Apparent Injury,NA,Not Distracted,MD,Passenger Car,Slowing or Stopping,35,No,2018,FORD,FUSION,39.0573945,-77.07568733,2025,11,18
250051768,Injury Crash,11/18/2025 06:30:00 PM,METRORAIL TRACK B2 RAIL,NA,Front to Rear,Rain,Wet,Medium,No Controls,NONE DETECTED,Yes,No Apparent Injury,NA,Not Distracted,NC,Passenger Car,Accelerating,35,No,2021,HYUNDAI,SONATA,39.004417,-77.04023583,2025,11,18
250051768,Injury Crash,11/18/2025 06:30:00 PM,METRORAIL TRACK B2 RAIL,NA,Front to Rear,Rain,Wet,Medium,No Controls,NONE DETECTED,No,Possible Minor Injury,NA,Not Distracted,MD,Passenger Car,Stopped in Traffic,35,No,2019,TOYOTA,COROLLA,39.004417,-77.04023583,2025,11,18
250051769,Injury Crash,11/18/2025 06:25:00 PM,TWINBROOK PKWY (NB/L),Pedestrian,Single Vehicle,Rain,Wet,Medium,Traffic Control Signal,NONE DETECTED,Yes,No Apparent Injury,Failed to Yield Right-of-Way,Unknown,MD,Sport Utility Vehicle,Turning Right,35,No,2014,TOYOTA,HIGHLANDER,39.05883175,-77.12104006,2025,11,18
250052037,Property Damage Crash,11/18/2025 06:15:00 PM,GEORGIA AVE,NA,"Sideswipe, Same Direction",Cloudy,Dry,Medium,No Controls,NONE DETECTED,No,No Apparent Injury,Failed to Keep in Proper Lane,NA,NA,Passenger Car,Moving Constant Speed,35,No,2015,VOLKSWAGEN,JETTA,39.00976382,-77.0406138,2025,11,18
250052037,Property Damage Crash,11/18/2025 06:15:00 PM,GEORGIA AVE,NA,"Sideswipe, Same Direction",Cloudy,Dry,Medium,No Controls,NONE DETECTED,No,No Apparent Injury,NA,Not Distracted,MD,Passenger Car,Moving Constant Speed,35,No,2025,HYUNDAI,IONIQ 5,39.00976382,-77.0406138,2025,11,18
250051759,Property Damage Crash,11/18/2025 06:08:00 PM,OLD GEORGETOWN RD,NA,Front to Rear,Rain,Wet,Medium,Traffic Control Signal,NONE DETECTED,No,No Apparent Injury,NA,Not Distracted,XX,Passenger Car,Turning Left,30,No,2024,SUBARU,FORESTER,38.98487203,-77.0944377,2025,11,18
250051759,Property Damage Crash,11/18/2025 06:08:00 PM,OLD GEORGETOWN RD,NA,Front to Rear,Rain,Wet,Medium,Traffic Control Signal,NONE DETECTED,Yes,No Apparent Injury,NA,Not Distracted,MD,Passenger Car,Turning Left,30,No,2019,CHEVROLET,TAHOE,38.98487203,-77.0944377,2025,11,18
250051758,Property Damage Crash,11/18/2025 05:41:00 PM,NA,NA,Front to Rear,Rain,Wet,Dark,No Controls,NONE DETECTED,No,No Apparent Injury,NA,Not Distracted,MD,Sport Utility Vehicle,Stopped in Traffic,30,No,2024,KIA,SELTOS,39.03038917,-77.23003,2025,11,17
250051758,Property Damage Crash,11/18/2025 05:41:00 PM,NA,NA,Front to Rear,Rain,Wet,Dark,No Controls,NONE DETECTED,No,No Apparent Injury,NA,Not Distracted,MD,Pickup,Slowing or Stopping,30,No,2011,CHEVROLET,SILVERADO,39.03038917,-77.23003,2025,11,17
250051758,Property Damage Crash,11/18/2025 05:41:00 PM,NA,NA,Front to Rear,Rain,Wet,Dark,No Controls,NONE DETECTED,No,No Apparent Injury,NA,Not Distracted,MD,Passenger Car,Stopped in Traffic,30,No,2021,SUBARU,OUTBACK,39.03038917,-77.23003,2025,11,17
250051751,Injury Crash,11/18/2025 05:33:00 PM,SUGARBUSH LA,Pedestrian,Single Vehicle,Rain,Wet,Medium,Traffic Control Signal,NONE DETECTED,No,No Apparent Injury,NA,Unknown,MD,Passenger Car,Turning Right,30,No,2010,HONDA,CIVIC,39.0319194,-77.11801286,2025,11,17
250051756,Property Damage Crash,11/18/2025 05:30:00 PM,NA,NA,"Sideswipe, Same Direction",Rain,Wet,Medium,No Controls,NONE DETECTED,Yes,No Apparent Injury,Failed to Yield Right-of-Way,Not Distracted,MD,Sport Utility Vehicle,Changing Lanes,35,No,2004,MAZDA,MAZDA3,39.06550645,-77.11519897,2025,11,17
250051756,Property Damage Crash,11/18/2025 05:30:00 PM,NA,NA,"Sideswipe, Same Direction",Rain,Wet,Medium,No Controls,NONE DETECTED,No,No Apparent Injury,NA,Not Distracted,MD,Sport Utility Vehicle,Moving Constant Speed,35,No,2021,FORD,ESCAPE,39.06550645,-77.11519897,2025,11,17
250051749,Injury Crash,11/18/2025 05:28:00 PM,KISS AND RIDE TWINBROOK LOT,Pedestrian,Single Vehicle,Rain,Wet,Medium,Stop Sign,NONE DETECTED,Yes,No Apparent Injury,NA,Not Distracted,MD,Sport Utility Vehicle,Accelerating,25,No,2021,MAZDA,CX-30,39.06111631,-77.12105684,2025,11,17
250051748,Property Damage Crash,11/18/2025 05:20:00 PM,GEORGIA AVE (SB/L),NA,Front to Rear,Rain,Wet,Medium,No Controls,NONE DETECTED,No,No Apparent Injury,NA,Not Distracted,MD,Passenger Car,Slowing or Stopping,40,No,2012,TOYOTA,CAMRY,39.13006767,-77.0711405,2025,11,17
250051748,Property Damage Crash,11/18/2025 05:20:00 PM,GEORGIA AVE (SB/L),NA,Front to Rear,Rain,Wet,Medium,No Controls,NONE DETECTED,Yes,No Apparent Injury,Followed Too Closely,"Other Action (looking away from task, etc.)",MD,Passenger Car,Moving Constant Speed,40,No,2009,TOYOTA,VENZA,39.13006767,-77.0711405,2025,11,17
250051744,Property Damage Crash,11/18/2025 04:57:00 PM,W MONTGOMERY AVE (WB/L),NA,"Sideswipe, Same Direction",Rain,Wet,Dark,No Controls,NONE DETECTED,Yes,No Apparent Injury,Failed to Keep in Proper Lane,Unknown,MD,Passenger Car,Changing Lanes,35,No,2010,MAZDA,MAZDA3,39.08987526,-77.17811674,2025,11,16
250051744,Property Damage Crash,11/18/2025 04:57:00 PM,W MONTGOMERY AVE (WB/L),NA,"Sideswipe, Same Direction",Rain,Wet,Dark,No Controls,NONE DETECTED,No,No Apparent Injury,NA,Not Distracted,MA,Passenger Car,Slowing or Stopping,35,No,2016,LEXUS,RX,39.08987526,-77.17811674,2025,11,16
250051743,Property Damage Crash,11/18/2025 04:53:00 PM,NA,NA,"Sideswipe, Same Direction",Cloudy,Dry,Dark,No Controls,NONE DETECTED,Yes,No Apparent Injury,Other Improper Action,"Other Action (looking away from task, etc.)",MD,Passenger Car,Moving Constant Speed,35,No,2022,CHRYSLER,PACIFICA,39.07811883,-76.98148133,2025,11,16
250051743,Property Damage Crash,11/18/2025 04:53:00 PM,NA,NA,"Sideswipe, Same Direction",Cloudy,Dry,Dark,No Controls,NONE DETECTED,No,No Apparent Injury,NA,Not Distracted,MD,Sport Utility Vehicle,Stopped in Traffic,35,No,2022,NISSAN,PATHFINDER,39.07811883,-76.98148133,2025,11,16
250051746,Property Damage Crash,11/18/2025 04:49:00 PM,NA,NA,Front to Rear,Rain,"Mud, Dirt, Gravel",Medium,No Controls,NONE DETECTED,No,NA,NA,NA,NA,Passenger Car,Accelerating,25,No,2011,CHEVROLET,AVEO,39.01520767,-76.97681383,2025,11,16
250051746,Property Damage Crash,11/18/2025 04:49:00 PM,NA,NA,Front to Rear,Rain,"Mud, Dirt, Gravel",Medium,No Controls,NONE DETECTED,No,No Apparent Injury,NA,Not Distracted,MD,Passenger Car,Slowing or Stopping,25,No,2017,MERCEDES-BENZ,GLE-CLASS,39.01520767,-76.97681383,2025,11,16
250051757,Property Damage Crash,11/18/2025 04:47:00 PM,LOG HOUSE RD,NA,Single Vehicle,Clear,Dry,Daylight,No Controls,NONE DETECTED,No,NA,NA,NA,NA,Sport Utility Vehicle,Moving Constant Speed,25,No,2021,SUBARU,FORESTER,39.2543595,-77.20243698,2025,11,16
250051738,Property Damage Crash,11/18/2025 04:42:00 PM,UNIVERSITY BLVD E (WB/L),Cyclist (non-electric),Single Vehicle,Clear,Dry,Daylight,"Other Pavement Marking (excluding edgelines, centerlines, or lane lines)",NONE DETECTED,Yes,No Apparent Injury,NA,Unknown,MD,Pickup,Turning Right,30,No,2020,TOYOTA,TUNDRA,39.01573851,-77.00519274,2025,11,16
250051737,Injury Crash,11/18/2025 04:40:00 PM,VEIRS MILL RD (WB/L),NA,Front to Rear,Clear,Dry,Medium,No Controls,NONE DETECTED,Yes,No Apparent Injury,Followed Too Closely,Unknown,PA,Sport Utility Vehicle,Moving Constant Speed,35,No,2025,RIVIAN,R1S,39.04149932,-77.05815654,2025,11,16
250051737,Injury Crash,11/18/2025 04:40:00 PM,VEIRS MILL RD (WB/L),NA,Front to Rear,Clear,Dry,Medium,No Controls,NONE DETECTED,No,No Apparent Injury,NA,Not Distracted,MD,Sport Utility Vehicle,Slowing or Stopping,35,No,2017,TOYOTA,RAV4,39.04149932,-77.05815654,2025,11,16
250051718,Injury Crash,11/18/2025 03:30:00 PM,COLESVILLE RD,NA,Front to Rear,Cloudy,Dry,Daylight,No Controls,NONE DETECTED,Yes,Possible Minor Injury,NA,Unknown,MD,Passenger Car,Moving Constant Speed,40,No,2020,VOLKSWAGEN,JETTA,39.01374498,-77.01660264,2025,11,15
250051718,Injury Crash,11/18/2025 03:30:00 PM,COLESVILLE RD,NA,Front to Rear,Cloudy,Dry,Daylight,No Controls,NONE DETECTED,No,No Apparent Injury,NA,Not Distracted,MD,Passenger Car,Slowing or Stopping,40,No,2019,NISSAN,MURANO,39.01374498,-77.01660264,2025,11,15
250051721,Property Damage Crash,11/18/2025 03:29:00 PM,CLARENDON RD,NA,Angle,Clear,Dry,Daylight,No Controls,NONE DETECTED,No,No Apparent Injury,NA,Not Distracted,MD,Passenger Car,Entering Traffic Lane,25,No,2024,TOYOTA,GR86,38.9803085,-77.10086317,2025,11,15
250051721,Property Damage Crash,11/18/2025 03:29:00 PM,CLARENDON RD,NA,Angle,Clear,Dry,Daylight,No Controls,NONE DETECTED,No,NA,NA,NA,NA,NA,Moving Constant Speed,25,No,0,NA,NA,38.9803085,-77.10086317,2025,11,15