Local Case Number,ACRS Report Type,Crash Date/Time,Road Name,Related Non-Motorist,Collision Type,Weather,Surface Condition,Light,Traffic Control,Driver Substance Abuse,Driver At Fault,Injury Severity,Circumstance,Driver Distracted By,Drivers License State,Vehicle Body Type,Vehicle Movement,Speed Limit,Driverless Vehicle,Vehicle Year,Vehicle Make,Vehicle Model,Latitude,Longitude,Year,Month,Hour
250052710,Property Damage Crash,11/18/2025 03:06:00 PM,BEL PRE RD (EB/L),NA,Front to Rear,Clear,Dry,Daylight,Traffic Control Signal,NONE DETECTED,Yes,No Apparent Injury,"Operated Motor Vehicle in Inattentive, Careless, Negligent, or Erratic Manner",Not Distracted,MD,Passenger Car,Moving Constant Speed,35,No,2018,TOYOTA,COROLLA,39.09312808,-77.07947517,2025,11,15
250052710,Property Damage Crash,11/18/2025 03:06:00 PM,BEL PRE RD (EB/L),NA,Front to Rear,Clear,Dry,Daylight,Traffic Control Signal,NONE DETECTED,No,No Apparent Injury,NA,Not Distracted,MD,Sport Utility Vehicle,Stopped in Traffic,35,No,2015,NISSAN,PATHFINDER,39.09312808,-77.07947517,2025,11,15
250051712,Property Damage Crash,11/18/2025 03:00:00 PM,NEW HAMPSHIRE AVE,NA,"Sideswipe, Same Direction",Clear,Dry,Daylight,No Controls,NONE DETECTED,No,No Apparent Injury,NA,Not Distracted,MD,Single-Unit Truck,Turning Right,35,No,2005,INTERNATIONAL,7400,39.11492567,-76.992534,2025,11,15
250051712,Property Damage Crash,11/18/2025 03:00:00 PM,NEW HAMPSHIRE AVE,NA,"Sideswipe, Same Direction",Clear,Dry,Daylight,No Controls,NONE DETECTED,No,No Apparent Injury,NA,Not Distracted,MD,Passenger Car,Moving Constant Speed,35,No,2008,HONDA,FIT,39.11492567,-76.992534,2025,11,15
250051699,Property Damage Crash,11/18/2025 01:43:00 PM,NA,NA,Angle,Clear,NA,Daylight,NA,NONE DETECTED,No,No Apparent Injury,NA,Not Distracted,MD,Passenger Car,Parked,0,No,2013,HYUNDAI,GENESIS COUPE,39.02160765,-76.97578292,2025,11,13
250051699,Property Damage Crash,11/18/2025 01:43:00 PM,NA,NA,Angle,Clear,NA,Daylight,NA,NONE DETECTED,No,No Apparent Injury,Over-Correcting/Over-Steering,Unknown,MD,Passenger Car,Turning Left,0,No,2008,MERCEDES-BENZ,M-CLASS,39.02160765,-76.97578292,2025,11,13
250051692,Property Damage Crash,11/18/2025 01:36:00 PM,SOUTHLAWN LA,NA,Angle,Clear,Dry,Daylight,No Controls,NONE DETECTED,Yes,No Apparent Injury,NA,Not Distracted,MD,Passenger Car,Turning Left,25,No,2021,KIA,FORTE,39.09650146,-77.13789951,2025,11,13
250051692,Property Damage Crash,11/18/2025 01:36:00 PM,SOUTHLAWN LA,NA,Angle,Clear,Dry,Daylight,Stop Sign,NONE DETECTED,No,No Apparent Injury,NA,Not Distracted,MD,Van - Passenger (&lt;9 Seats),Stopped in Traffic,25,No,2020,GMC,UNKNOWN,39.09650146,-77.13789951,2025,11,13
250051692,Property Damage Crash,11/18/2025 01:36:00 PM,SOUTHLAWN LA,NA,Angle,Clear,Dry,Daylight,No Controls,NONE DETECTED,No,No Apparent Injury,NA,Not Distracted,MD,Station Wagon,Moving Constant Speed,25,No,2017,SUBARU,FORESTER,39.09650146,-77.13789951,2025,11,13
250051694,Property Damage Crash,11/18/2025 01:35:00 PM,NA,NA,Single Vehicle,Cloudy,Dry,Daylight,No Controls,NONE DETECTED,Yes,No Apparent Injury,NA,Unknown,MD,Sport Utility Vehicle,Moving Constant Speed,25,No,2019,LAND ROVER,RANGE ROVER VELAR,39.08022526,-77.16105096,2025,11,13
250051690,Property Damage Crash,11/18/2025 01:14:00 PM,ROCKVILLE PIKE (SB/L),NA,"Sideswipe, Same Direction",Clear,Dry,Daylight,No Controls,NONE DETECTED,No,No Apparent Injury,NA,Not Distracted,MD,Bus - Transit,Stopped in Traffic,35,No,2024,GILLIG,LOW FLOOR BUS,38.99785383,-77.09681983,2025,11,13
250051690,Property Damage Crash,11/18/2025 01:14:00 PM,ROCKVILLE PIKE (SB/L),NA,"Sideswipe, Same Direction",Clear,Dry,Daylight,No Controls,NONE DETECTED,Yes,No Apparent Injury,NA,Not Distracted,MD,Van - Cargo,Moving Constant Speed,35,No,2023,FORD,COMMERCIAL CHASSIS,38.99785383,-77.09681983,2025,11,13
250051686,Property Damage Crash,11/18/2025 01:05:00 PM,UNIVERSITY BLVD E,NA,"Sideswipe, Same Direction",Cloudy,Dry,Daylight,No Controls,NONE DETECTED,No,NA,NA,NA,NA,NA,Overtaking/Passing,30,No,0,NA,NA,38.99408949,-76.99268899,2025,11,13
250051686,Property Damage Crash,11/18/2025 01:05:00 PM,UNIVERSITY BLVD E,NA,"Sideswipe, Same Direction",Cloudy,Dry,Daylight,No Controls,NONE DETECTED,No,No Apparent Injury,NA,Not Distracted,MD,Bus - Transit,Slowing or Stopping,30,No,2012,NEW FLYER,XCELSIOR,38.99408949,-76.99268899,2025,11,13
250051670,Injury Crash,11/18/2025 11:29:00 AM,HUNGERFORD DR (SB/L),Pedestrian,Single Vehicle,Clear,Dry,Daylight,Pedestrian Crossing,NONE DETECTED,Yes,No Apparent Injury,NA,Not Distracted,MD,Single-Unit Truck,Turning Right,30,No,2023,HINO,UNKNOWN,39.08745832,-77.15015184,2025,11,11
250015664,Property Damage Crash,11/18/2025 11:15:00 AM,TRAVIS AVE,NA,"Sideswipe, Same Direction",Cloudy,Dry,Daylight,Stop Sign,NONE DETECTED,No,No Apparent Injury,NA,Not Distracted,MD,Bus - School,Moving Constant Speed,30,No,2014,FREIGHTLINER,B2 BUS CHASSIS,39.16218983,-77.21481933,2025,11,11
250015664,Property Damage Crash,11/18/2025 11:15:00 AM,TRAVIS AVE,NA,"Sideswipe, Same Direction",Cloudy,Dry,Daylight,Stop Sign,NONE DETECTED,No,No Apparent Injury,NA,Not Distracted,MD,Pickup,Turning Left,30,No,2024,FORD,TRANSIT,39.16218983,-77.21481933,2025,11,11
250051655,Property Damage Crash,11/18/2025 10:28:00 AM,NEW HAMPSHIRE AVE,NA,Angle,Clear,Dry,Daylight,No Controls,NONE DETECTED,No,No Apparent Injury,"Failed to Yield Right-of-Way, Improper Turn",Not Distracted,MD,Passenger Car,Making U-Turn,35,No,2021,TOYOTA,CAMRY,39.028663,-76.98294833,2025,11,10
250051655,Property Damage Crash,11/18/2025 10:28:00 AM,NEW HAMPSHIRE AVE,NA,Angle,Clear,Dry,Daylight,Other,NONE DETECTED,No,No Apparent Injury,NA,Not Distracted,MD,Passenger Car,Changing Lanes,35,No,2013,TOYOTA,CAMRY,39.028663,-76.98294833,2025,11,10
250051643,Injury Crash,11/18/2025 09:42:00 AM,TWINBROOK PKWY,NA,Front to Rear,Clear,Dry,Daylight,No Controls,NONE DETECTED,No,Possible Minor Injury,NA,Not Distracted,MD,Van - Passenger (&lt;9 Seats),Moving Constant Speed,35,No,2013,TOYOTA,SIENNA,39.06058333,-77.116568,2025,11,9
250051643,Injury Crash,11/18/2025 09:42:00 AM,TWINBROOK PKWY,NA,Front to Rear,Clear,Dry,Daylight,No Controls,NONE DETECTED,Yes,No Apparent Injury,Followed Too Closely,Unknown,MD,Sport Utility Vehicle,Moving Constant Speed,35,No,2015,HONDA,PILOT,39.06058333,-77.116568,2025,11,9
250051626,Property Damage Crash,11/18/2025 08:27:00 AM,GOLD KETTLE DR,NA,Front to Rear,Clear,Dry,Daylight,Traffic Control Signal,NONE DETECTED,Yes,No Apparent Injury,NA,Unknown,MD,Passenger Car,Moving Constant Speed,40,No,2004,TOYOTA,COROLLA,39.11609372,-77.21544372,2025,11,8
250051626,Property Damage Crash,11/18/2025 08:27:00 AM,GOLD KETTLE DR,NA,Front to Rear,Clear,Dry,Daylight,Traffic Control Signal,NONE DETECTED,No,No Apparent Injury,NA,Not Distracted,MD,Sport Utility Vehicle,Slowing or Stopping,40,No,2016,VOLKSWAGEN,TIGUAN,39.11609372,-77.21544372,2025,11,8
250051627,Property Damage Crash,11/18/2025 08:19:00 AM,ARCTIC AVE,NA,Single Vehicle,Clear,Dry,Daylight,No Controls,NONE DETECTED,Yes,No Apparent Injury,"Failed to Keep in Proper Lane, Too Fast For Conditions",Unknown,MD,Passenger Car,NA,25,No,2017,TOYOTA,SIENNA,39.0771615,-77.097927,2025,11,8
250051622,Property Damage Crash,11/18/2025 08:00:00 AM,NORTH DR,NA,Front to Rear,Clear,Dry,Daylight,Traffic Control Signal,NONE DETECTED,No,No Apparent Injury,NA,Not Distracted,MD,Sport Utility Vehicle,Stopped in Traffic,35,No,2015,PORSCHE,MACAN,39.00471278,-77.09750469,2025,11,8
250051622,Property Damage Crash,11/18/2025 08:00:00 AM,NORTH DR,NA,Front to Rear,Clear,Dry,Daylight,No Controls,NONE DETECTED,No,NA,NA,NA,NA,Van - Cargo,NA,35,No,0,NA,NA,39.00471278,-77.09750469,2025,11,8
250051656,Injury Crash,11/18/2025 07:58:00 AM,LAYHILL RD (SB/L),NA,"Sideswipe, Same Direction",Clear,Dry,Daylight,No Controls,NONE DETECTED,Yes,No Apparent Injury,Failed to Keep in Proper Lane,Unknown,MD,Passenger Car,Changing Lanes,40,No,2019,FORD,FIESTA,39.09180567,-77.04513621,2025,11,7
250051656,Injury Crash,11/18/2025 07:58:00 AM,LAYHILL RD (SB/L),NA,"Sideswipe, Same Direction",Clear,Dry,Daylight,No Controls,NONE DETECTED,No,Possible Minor Injury,NA,Not Distracted,MD,Passenger Car,Moving Constant Speed,40,No,2022,HONDA,CR-V,39.09180567,-77.04513621,2025,11,7
250051618,Injury Crash,11/18/2025 07:50:00 AM,QUINCE ORCHARD BLVD,Pedestrian,Single Vehicle,Clear,Dry,Daylight,No Controls,NONE DETECTED,No,No Apparent Injury,NA,Not Distracted,MD,Passenger Car,Slowing or Stopping,25,No,2016,MERCEDES-BENZ,CLA-CLASS,39.1417315,-77.22785867,2025,11,7
250051619,Injury Crash,11/18/2025 07:45:00 AM,SWEET MEADOW LA,NA,Angle,Clear,Dry,Daylight,No Controls,NONE DETECTED,No,Possible Minor Injury,NA,Not Distracted,MD,Passenger Car,Moving Constant Speed,35,No,2017,KIA,FORTE,39.1961875,-77.13304567,2025,11,7
250051619,Injury Crash,11/18/2025 07:45:00 AM,SWEET MEADOW LA,NA,Angle,Clear,Dry,Daylight,No Controls,NONE DETECTED,Yes,No Apparent Injury,Failed to Yield Right-of-Way,Not Distracted,MD,Sport Utility Vehicle,Turning Left,35,No,2023,CHEVROLET,SUBURBAN,39.1961875,-77.13304567,2025,11,7
250051612,Property Damage Crash,11/18/2025 07:18:00 AM,DICKENS AVE,NA,"Sideswipe, Same Direction",Clear,Dry,Daylight,No Controls,NONE DETECTED,Yes,No Apparent Injury,Other Improper Action,Not Distracted,MD,Bus - School,Moving Constant Speed,20,No,2020,FREIGHTLINER,B2 BUS CHASSIS,39.02098303,-77.11363639,2025,11,7
250051611,Injury Crash,11/18/2025 06:37:00 AM,SLIGO CREEK PKWY,Pedestrian,Single Vehicle,Clear,Dry,Medium,Traffic Control Signal,NONE DETECTED,Yes,No Apparent Injury,Failed to Yield Right-of-Way,Unknown,MD,Passenger Car,Turning Right,35,No,2019,MAZDA,CX-5,39.00770243,-77.02014089,2025,11,6
250051610,Property Damage Crash,11/18/2025 06:05:00 AM,FREDERICK RD (SB/L),NA,Single Vehicle,Clear,Dry,Medium,No Controls,NONE DETECTED,No,No Apparent Injury,NA,Not Distracted,MD,Sport Utility Vehicle,Moving Constant Speed,40,No,2024,HONDA,CR-V,39.11972491,-77.17303809,2025,11,6
250051609,Property Damage Crash,11/18/2025 05:50:00 AM,OAK LEAF DR,NA,Single Vehicle,Clear,Dry,Dark,No Controls,NONE DETECTED,No,No Apparent Injury,NA,Not Distracted,MD,Passenger Car,Moving Constant Speed,30,No,2025,TOYOTA,RAV4,39.04181396,-76.99678541,2025,11,5
250051602,Injury Crash,11/18/2025 12:08:00 AM,BALLINGER DR,NA,Single Vehicle,Clear,Dry,Medium,No Controls,NONE DETECTED,No,Suspected Serious Injury,NA,Unknown,MD,Passenger Car,NA,25,No,2001,TOYOTA,COROLLA,39.087935,-76.936527,2025,11,0
250051600,Property Damage Crash,11/17/2025 11:29:00 PM,NEW HAMPSHIRE AVE,NA,Angle,Clear,Dry,Medium,Traffic Control Signal,NONE DETECTED,No,No Apparent Injury,NA,Not Distracted,MD,Passenger Car,Turning Left,35,No,2019,TOYOTA,RAV4,38.98339368,-76.98842305,2025,11,23
250051600,Property Damage Crash,11/17/2025 11:29:00 PM,NEW HAMPSHIRE AVE,NA,Angle,Clear,Dry,Medium,Traffic Control Signal,NONE DETECTED,No,No Apparent Injury,NA,Not Distracted,MD,Pickup,Moving Constant Speed,35,No,2011,DODGE,RAM,38.98339368,-76.98842305,2025,11,23
250051576,Injury Crash,11/17/2025 06:49:00 PM,OLD GEORGETOWN RD,NA,Other,Clear,Dry,Medium,Stop Sign,NONE DETECTED,No,No Apparent Injury,NA,Not Distracted,LA,Sport Utility Vehicle,Turning Right,25,No,2024,LEXUS,NX,38.98840999,-77.10023735,2025,11,18
250051576,Injury Crash,11/17/2025 06:49:00 PM,OLD GEORGETOWN RD,NA,Other,Clear,Dry,Medium,Stop Sign,NONE DETECTED,No,Possible Minor Injury,NA,Not Distracted,MD,Sport Utility Vehicle,Turning Left,25,No,2020,CHEVROLET,EQUINOX,38.98840999,-77.10023735,2025,11,18
250051581,Injury Crash,11/17/2025 06:45:00 PM,NA,NA,Angle,Clear,Dry,Medium,No Controls,NONE DETECTED,No,Possible Minor Injury,NA,Not Distracted,MD,Passenger Car,Moving Constant Speed,25,No,2020,TOYOTA,CAMRY,39.08398184,-76.94108748,2025,11,18
250051581,Injury Crash,11/17/2025 06:45:00 PM,NA,NA,Angle,Clear,Dry,Medium,No Controls,NONE DETECTED,No,No Apparent Injury,NA,Not Distracted,MD,Passenger Car,Entering Traffic Lane,25,No,2004,TOYOTA,CAMRY,39.08398184,-76.94108748,2025,11,18
250051573,Property Damage Crash,11/17/2025 06:21:00 PM,N NOYES DR,NA,"Sideswipe, Same Direction",Clear,Dry,Medium,No Controls,NONE DETECTED,Yes,No Apparent Injury,Improper Turn,Not Distracted,NJ,Passenger Car,Turning Left,35,No,2009,HONDA,CIVIC,39.00175833,-77.02506052,2025,11,18
250051573,Property Damage Crash,11/17/2025 06:21:00 PM,N NOYES DR,NA,"Sideswipe, Same Direction",Clear,Dry,Medium,No Controls,NONE DETECTED,No,No Apparent Injury,NA,Not Distracted,DC,Passenger Car,Moving Constant Speed,35,No,2025,KIA,K4,39.00175833,-77.02506052,2025,11,18
250051571,Injury Crash,11/17/2025 06:18:00 PM,UNIVERSITY BLVD W,NA,Front to Rear,Clear,Dry,Medium,No Controls,NONE DETECTED,No,Possible Minor Injury,NA,Not Distracted,MD,Passenger Car,Stopped in Traffic,30,No,2015,HONDA,CR-V,39.04142307,-77.05169823,2025,11,18
250051571,Injury Crash,11/17/2025 06:18:00 PM,UNIVERSITY BLVD W,NA,Front to Rear,Clear,Dry,Medium,Traffic Control Signal,NONE DETECTED,No,Possible Minor Injury,NA,Not Distracted,MD,Passenger Car,Changing Lanes,35,No,2019,VOLKSWAGEN,JETTA,39.04142307,-77.05169823,2025,11,18
250051574,Injury Crash,11/17/2025 06:01:00 PM,EISENHOWER MEMORIAL HWY,NA,Front to Rear,Clear,Dry,Medium,No Controls,NONE DETECTED,Yes,Possible Minor Injury,"Operated Motor Vehicle in Inattentive, Careless, Negligent, or Erratic Manner","Other Action (looking away from task, etc.)",MD,Van - Passenger (&lt;9 Seats),Slowing or Stopping,55,No,2017,FORD,TRANSIT,39.13584333,-77.21010833,2025,11,18
250051582,Property Damage Crash,11/17/2025 06:01:00 PM,LOCBURY DR,NA,"Sideswipe, Opposite Direction",Clear,Dry,Dark,No Controls,NONE DETECTED,Yes,No Apparent Injury,NA,"Other Action (looking away from task, etc.)",MD,Passenger Car,Moving Constant Speed,25,No,2025,GMC,SIERRA,39.18498733,-77.2661135,2025,11,18
250051574,Injury Crash,11/17/2025 06:01:00 PM,EISENHOWER MEMORIAL HWY,NA,Front to Rear,Clear,Dry,Medium,No Controls,NONE DETECTED,No,Possible Minor Injury,NA,Not Distracted,MD,Sport Utility Vehicle,Stopped in Traffic,55,No,2025,DODGE,DURANGO,39.13584333,-77.21010833,2025,11,18
250051582,Property Damage Crash,11/17/2025 06:01:00 PM,LOCBURY DR,NA,"Sideswipe, Opposite Direction",Clear,Dry,Dark,No Controls,NONE DETECTED,No,No Apparent Injury,NA,Not Distracted,MD,Passenger Car,Moving Constant Speed,25,No,2010,FORD,F-150,39.18498733,-77.2661135,2025,11,18
250051574,Injury Crash,11/17/2025 06:01:00 PM,EISENHOWER MEMORIAL HWY,NA,Front to Rear,Clear,Dry,Medium,No Controls,NONE DETECTED,No,No Apparent Injury,NA,Not Distracted,MD,Passenger Car,Stopped in Traffic,55,No,2025,BMW,430I,39.13584333,-77.21010833,2025,11,18
250051564,Property Damage Crash,11/17/2025 05:48:00 PM,GEORGIA AVE (SB/L),Cyclist (Electric),Single Vehicle,Clear,Dry,Dark,Stop Sign,NONE DETECTED,No,NA,NA,NA,NA,Passenger Car,Entering Traffic Lane,20,No,2012,MERCEDES-BENZ,S-CLASS,39.08276479,-77.07747279,2025,11,17
250051566,Injury Crash,11/17/2025 05:41:00 PM,RIDGE RD (NB/L),NA,Front to Rear,Clear,Dry,Medium,Traffic Control Signal,NONE DETECTED,No,Possible Minor Injury,NA,Not Distracted,MD,Passenger Car,Stopped in Traffic,40,No,2013,VOLKSWAGEN,TIGUAN,39.204336670000004,-77.24714,2025,11,17
250051566,Injury Crash,11/17/2025 05:41:00 PM,RIDGE RD (NB/L),NA,Front to Rear,Clear,Dry,Medium,Traffic Control Signal,NONE DETECTED,Yes,No Apparent Injury,"Operated Motor Vehicle in Inattentive, Careless, Negligent, or Erratic Manner",Unknown,MD,Passenger Car,Moving Constant Speed,40,No,2015,TESLA,MODEL S,39.204336670000004,-77.24714,2025,11,17
250051566,Injury Crash,11/17/2025 05:41:00 PM,RIDGE RD (NB/L),NA,Front to Rear,Clear,Dry,Medium,Traffic Control Signal,NONE DETECTED,No,Possible Minor Injury,NA,Not Distracted,MD,Passenger Car,Stopped in Traffic,40,No,2014,RAM,CARGO VAN,39.204336670000004,-77.24714,2025,11,17
250051578,Property Damage Crash,11/17/2025 05:34:00 PM,FENTON ST,NA,"Sideswipe, Same Direction",Clear,Dry,Medium,Traffic Control Signal,NONE DETECTED,No,NA,NA,NA,NA,Passenger Car,Moving Constant Speed,30,No,0,NA,NA,38.99422001,-77.02416453,2025,11,17
250051584,Property Damage Crash,11/17/2025 05:34:00 PM,NA,NA,Front to Rear,Clear,Dry,Medium,Traffic Control Signal,NONE DETECTED,No,No Apparent Injury,NA,Not Distracted,MD,Other Trucks,Stopped in Traffic,35,No,2019,FREIGHTLINER,MT 45G FRONT GASOLINE ENGINE WALK IN VAN,39.0811903,-76.94623096,2025,11,17
250051584,Property Damage Crash,11/17/2025 05:34:00 PM,NA,NA,Front to Rear,Clear,Dry,Medium,Traffic Control Signal,NONE DETECTED,No,No Apparent Injury,NA,Not Distracted,MD,Passenger Car,Moving Constant Speed,35,No,2004,TOYOTA,CAMRY,39.0811903,-76.94623096,2025,11,17
250051562,Property Damage Crash,11/17/2025 05:15:00 PM,SPENCERVILLE RD,NA,Front to Front,Clear,Dry,Medium,Flashing Traffic Control Signal,NONE DETECTED,No,No Apparent Injury,NA,Not Distracted,MD,Passenger Car,Moving Constant Speed,35,No,2012,NISSAN,QUEST,39.11602883,-76.96229617,2025,11,17
250051562,Property Damage Crash,11/17/2025 05:15:00 PM,SPENCERVILLE RD,NA,Front to Front,Clear,Dry,Medium,Flashing Traffic Control Signal,NONE DETECTED,Yes,No Apparent Injury,NA,Unknown,MD,Single-Unit Truck,Turning Left,35,No,2008,FREIGHTLINER,M2,39.11602883,-76.96229617,2025,11,17
250051593,Property Damage Crash,11/17/2025 05:00:00 PM,EAST WEST HWY,NA,"Sideswipe, Same Direction",Clear,Dry,Daylight,No Controls,NONE DETECTED,No,No Apparent Injury,NA,NA,NA,Sport Utility Vehicle,Moving Constant Speed,35,No,2017,NISSAN,ROGUE,38.99448777,-77.03642145,2025,11,17
250051593,Property Damage Crash,11/17/2025 05:00:00 PM,EAST WEST HWY,NA,"Sideswipe, Same Direction",Clear,Dry,Daylight,No Controls,NONE DETECTED,No,No Apparent Injury,NA,Not Distracted,NC,Passenger Car,Moving Constant Speed,35,No,2017,NISSAN,SENTRA,38.99448777,-77.03642145,2025,11,17
250051546,Injury Crash,11/17/2025 04:00:00 PM,ASPEN HILL RD,NA,Front to Rear,Clear,Dry,Daylight,Traffic Control Signal,NONE DETECTED,Yes,No Apparent Injury,Followed Too Closely,Unknown,MD,Passenger Car,Moving Constant Speed,30,No,2007,ACURA,TSX,39.07131897,-77.09883686,2025,11,16
250051546,Injury Crash,11/17/2025 04:00:00 PM,ASPEN HILL RD,NA,Front to Rear,Clear,Dry,Daylight,Traffic Control Signal,NONE DETECTED,No,Possible Minor Injury,NA,Not Distracted,MD,Passenger Car,Slowing or Stopping,30,No,2012,TOYOTA,SIENNA,39.07131897,-77.09883686,2025,11,16
250051551,Injury Crash,11/17/2025 03:57:00 PM,NA,Pedestrian,Other,Clear,NA,Daylight,NA,NONE DETECTED,No,NA,NA,NA,NA,Passenger Car,Parked,0,No,2020,ACURA,RDX,39.15326217,-77.06403733,2025,11,15
250051551,Injury Crash,11/17/2025 03:57:00 PM,NA,Pedestrian,Other,Clear,NA,Daylight,NA,NONE DETECTED,No,No Apparent Injury,"Operated Motor Vehicle in Inattentive, Careless, Negligent, or Erratic Manner, Other Improper Action","Other Action (looking away from task, etc.)",MD,Passenger Car,Accelerating,0,No,2014,MERCEDES-BENZ,C-CLASS,39.15326217,-77.06403733,2025,11,15
250051545,Injury Crash,11/17/2025 03:51:00 PM,RIDING STABLE RD,NA,"Sideswipe, Opposite Direction",Clear,Dry,Daylight,No Controls,NONE DETECTED,No,Possible Minor Injury,NA,Not Distracted,MD,Sport Utility Vehicle,Moving Constant Speed,45,No,2018,TOYOTA,RAV4,39.10549933,-76.910749,2025,11,15
250051545,Injury Crash,11/17/2025 03:51:00 PM,RIDING STABLE RD,NA,"Sideswipe, Opposite Direction",Clear,Dry,Daylight,Stop Sign,NONE DETECTED,Yes,No Apparent Injury,NA,Unknown,MD,Sport Utility Vehicle,Turning Left,35,No,2016,GMC,YUKON XL,39.10549933,-76.910749,2025,11,15
250051543,Injury Crash,11/17/2025 03:30:00 PM,GEORGIA AVE,NA,Front to Rear,Clear,Dry,Daylight,No Controls,NONE DETECTED,No,No Apparent Injury,NA,"Other Action (looking away from task, etc.)",MD,Pickup,Accelerating,40,No,2017,CHEVROLET,SILVERADO,39.12296933,-77.07335583,2025,11,15
250051543,Injury Crash,11/17/2025 03:30:00 PM,GEORGIA AVE,NA,Front to Rear,Clear,Dry,Daylight,No Controls,NONE DETECTED,No,Possible Minor Injury,NA,Not Distracted,MD,Sport Utility Vehicle,Stopped in Traffic,40,No,2021,CADILLAC,ESCALADE ESV,39.12296933,-77.07335583,2025,11,15
250051530,Injury Crash,11/17/2025 03:00:00 PM,BOWIE MILL RD,NA,Angle,Clear,Dry,Daylight,Traffic Control Signal,NONE DETECTED,Yes,No Apparent Injury,NA,Not Distracted,MD,Passenger Car,Turning Left,40,No,2014,HONDA,PILOT,39.16097433,-77.07953267,2025,11,15
250051530,Injury Crash,11/17/2025 03:00:00 PM,BOWIE MILL RD,NA,Angle,Clear,Dry,Daylight,Traffic Control Signal,NONE DETECTED,No,Possible Minor Injury,NA,Not Distracted,MD,Passenger Car,Moving Constant Speed,40,No,2018,TOYOTA,C-HR,39.16097433,-77.07953267,2025,11,15
250051524,Property Damage Crash,11/17/2025 02:25:00 PM,MONROE ST,NA,Front to Rear,Clear,Dry,Daylight,No Controls,NONE DETECTED,No,No Apparent Injury,NA,Not Distracted,MD,Passenger Car,Stopped in Traffic,30,No,2015,FORD,C-MAX,39.08105716,-77.14971664,2025,11,14
250051524,Property Damage Crash,11/17/2025 02:25:00 PM,MONROE ST,NA,Front to Rear,Clear,Dry,Daylight,No Controls,NONE DETECTED,No,No Apparent Injury,NA,Not Distracted,MD,Sport Utility Vehicle,Moving Constant Speed,30,No,2012,HONDA,CR-V,39.08105716,-77.14971664,2025,11,14
250051509,Property Damage Crash,11/17/2025 01:50:00 PM,NA,NA,Other,Clear,NA,Daylight,NA,NONE DETECTED,Yes,No Apparent Injury,"Improper Passing, Operated Motor Vehicle in Inattentive, Careless, Negligent, or Erratic Manner",Unknown,MD,Other Trucks,Overtaking/Passing,0,No,2024,GMC,SIERRA HD,39.11518558,-77.25408776,2025,11,13
250051503,Property Damage Crash,11/17/2025 12:40:00 PM,ROSEDALE AVE,NA,"Sideswipe, Same Direction",Clear,Dry,Daylight,No Controls,NONE DETECTED,No,NA,NA,NA,NA,NA,NA,25,No,0,NA,NA,38.99276519,-77.09306508,2025,11,12
250051480,Property Damage Crash,11/17/2025 10:12:00 AM,CHATHAM RD,NA,"Sideswipe, Same Direction",Clear,Dry,Daylight,No Controls,NONE DETECTED,No,No Apparent Injury,NA,Not Distracted,MD,Single-Unit Truck,Slowing or Stopping,15,No,2020,CHEVROLET,EXPRESS,38.98682217,-77.08039167,2025,11,10
250051480,Property Damage Crash,11/17/2025 10:12:00 AM,CHATHAM RD,NA,"Sideswipe, Same Direction",Clear,Dry,Daylight,No Controls,NONE DETECTED,No,NA,NA,NA,NA,Sport Utility Vehicle,Parked,15,No,2024,CADILLAC,ESCALADE ESV,38.98682217,-77.08039167,2025,11,10
250051466,Property Damage Crash,11/17/2025 09:06:00 AM,CONTOUR RD,NA,Angle,Cloudy,Dry,Daylight,No Controls,NONE DETECTED,No,No Apparent Injury,NA,Not Distracted,MD,Passenger Car,Moving Constant Speed,35,No,2020,HYUNDAI,SONATA,39.15576203,-77.19965373,2025,11,9
250051466,Property Damage Crash,11/17/2025 09:06:00 AM,CONTOUR RD,NA,Angle,Cloudy,Dry,Daylight,No Controls,NONE DETECTED,Yes,No Apparent Injury,Failed to Yield Right-of-Way,Not Distracted,MD,Passenger Car,Turning Left,35,No,2009,TOYOTA,COROLLA,39.15576203,-77.19965373,2025,11,9