Local Case Number,ACRS Report Type,Crash Date/Time,Road Name,Related Non-Motorist,Collision Type,Weather,Surface Condition,Light,Traffic Control,Driver Substance Abuse,Driver At Fault,Injury Severity,Circumstance,Driver Distracted By,Drivers License State,Vehicle Body Type,Vehicle Movement,Speed Limit,Driverless Vehicle,Vehicle Year,Vehicle Make,Vehicle Model,Latitude,Longitude,Year,Month,Hour
250051459,Property Damage Crash,11/17/2025 08:20:00 AM,WIGHTMAN RD,NA,Front to Rear,Clear,Dry,Daylight,No Controls,NONE DETECTED,No,No Apparent Injury,NA,Not Distracted,MD,Passenger Car,Slowing or Stopping,35,No,2018,TOYOTA,RAV4,39.188561,-77.189072,2025,11,8
250051459,Property Damage Crash,11/17/2025 08:20:00 AM,WIGHTMAN RD,NA,Front to Rear,Clear,Dry,Daylight,No Controls,NONE DETECTED,Yes,No Apparent Injury,Followed Too Closely,Not Distracted,MD,Passenger Car,Moving Constant Speed,35,No,2017,RAM,2500,39.188561,-77.189072,2025,11,8
250051459,Property Damage Crash,11/17/2025 08:20:00 AM,WIGHTMAN RD,NA,Front to Rear,Clear,Dry,Daylight,No Controls,NONE DETECTED,No,No Apparent Injury,NA,Not Distracted,MD,Passenger Car,Slowing or Stopping,35,No,2008,MITSUBISHI,OUTLANDER,39.188561,-77.189072,2025,11,8
250051454,Property Damage Crash,11/17/2025 07:42:00 AM,MAPLE AVE,NA,"Sideswipe, Same Direction",Cloudy,Dry,Daylight,No Controls,NONE DETECTED,No,No Apparent Injury,NA,Not Distracted,MD,Bus - School,Slowing or Stopping,35,No,2018,FREIGHTLINER,B2 BUS CHASSIS,38.99187382,-77.09591291,2025,11,7
250051454,Property Damage Crash,11/17/2025 07:42:00 AM,MAPLE AVE,NA,"Sideswipe, Same Direction",Cloudy,Dry,Daylight,No Controls,NONE DETECTED,No,NA,NA,NA,NA,Single-Unit Truck,Moving Constant Speed,35,No,0,NA,NA,38.99187382,-77.09591291,2025,11,7
250051452,Injury Crash,11/17/2025 07:40:00 AM,E RANDOLPH RD,NA,Angle,Clear,Dry,Daylight,Stop Sign,NONE DETECTED,No,No Apparent Injury,Failed to Yield Right-of-Way,Unknown,MD,Passenger Car,Turning Left,40,No,2017,TOYOTA,HIGHLANDER,39.0663137,-76.98288274,2025,11,7
250051452,Injury Crash,11/17/2025 07:40:00 AM,E RANDOLPH RD,NA,Angle,Clear,Dry,Daylight,No Controls,NONE DETECTED,No,Possible Minor Injury,NA,Not Distracted,MD,Passenger Car,Moving Constant Speed,40,No,2013,TOYOTA,SIENNA,39.0663137,-76.98288274,2025,11,7
250051450,Injury Crash,11/17/2025 06:20:00 AM,LAYHILL RD,Pedestrian,Single Vehicle,Clear,Dry,Dark,No Controls,NONE DETECTED,No,No Apparent Injury,NA,Not Distracted,MD,Passenger Car,Moving Constant Speed,40,No,2011,SUBARU,OUTBACK,39.10637395,-77.03806185,2025,11,6
250051449,Property Damage Crash,11/17/2025 05:46:00 AM,NEW HAMPSHIRE AVE (SB/L),NA,Front to Front,Clear,Dry,Medium,No Controls,NONE DETECTED,No,No Apparent Injury,NA,Not Distracted,MD,Passenger Car,Turning Left,35,No,2024,JEEP,GRAND CHEROKEE L,39.024238,-76.97938954,2025,11,5
250051449,Property Damage Crash,11/17/2025 05:46:00 AM,NEW HAMPSHIRE AVE (SB/L),NA,Front to Front,Clear,Dry,Medium,No Controls,NONE DETECTED,No,No Apparent Injury,NA,Not Distracted,MD,Passenger Car,Moving Constant Speed,35,No,2016,HONDA,HR-V,39.024238,-76.97938954,2025,11,5
250051437,Property Damage Crash,11/16/2025 09:18:00 PM,RANDOLPH RD,NA,Front to Rear,Clear,Dry,Medium,Traffic Control Signal,NONE DETECTED,No,No Apparent Injury,NA,Not Distracted,MD,Passenger Car,Slowing or Stopping,35,No,2010,TOYOTA,COROLLA,39.05719358,-77.07418194,2025,11,21
250051437,Property Damage Crash,11/16/2025 09:18:00 PM,RANDOLPH RD,NA,Front to Rear,Clear,Dry,Medium,Traffic Control Signal,NONE DETECTED,Yes,No Apparent Injury,Followed Too Closely,Unknown,DC,Passenger Car,Slowing or Stopping,35,No,2018,FORD,TAURUS,39.05719358,-77.07418194,2025,11,21
250051438,Injury Crash,11/16/2025 09:00:00 PM,RIVER RD,NA,Front to Rear,Clear,Dry,Medium,Traffic Control Signal,NONE DETECTED,Yes,NA,"Failed to Keep in Proper Lane, Failed to Yield Right-of-Way, Wrong Side, Wrong Way",NA,NA,Passenger Car,Moving Constant Speed,35,No,0,NA,NA,38.99003933,-77.152499,2025,11,21
250051438,Injury Crash,11/16/2025 09:00:00 PM,RIVER RD,NA,Front to Rear,Clear,Dry,Medium,Traffic Control Signal,NONE DETECTED,No,Possible Minor Injury,NA,Not Distracted,VA,Autocycle,Slowing or Stopping,35,No,2007,SUZUKI,GSX-R1000,38.99003933,-77.152499,2025,11,21
250051432,Property Damage Crash,11/16/2025 07:47:00 PM,SILKCOTTON WAY,NA,Rear To Rear,Clear,Dry,Dark,No Controls,NONE DETECTED,Yes,No Apparent Injury,Improper Backing,Not Distracted,MD,Passenger Car,Backing,25,No,2013,SUBARU,FORESTER,39.14866436,-77.16306687,2025,11,19
250051432,Property Damage Crash,11/16/2025 07:47:00 PM,SILKCOTTON WAY,NA,Rear To Rear,Clear,Dry,Dark,No Controls,NONE DETECTED,No,No Apparent Injury,NA,Not Distracted,MD,Passenger Car,Parked,25,No,2025,HONDA,HR-V,39.14866436,-77.16306687,2025,11,19
250051429,Injury Crash,11/16/2025 07:41:00 PM,RAMP 1 FR IS 270 NB TO SHADY GROVE RD WB,NA,Angle,Clear,Dry,Medium,Traffic Control Signal,NONE DETECTED,No,Possible Minor Injury,NA,Not Distracted,MD,Sport Utility Vehicle,Turning Left,35,No,2021,TESLA,MODEL 3,39.11187235,-77.18700356,2025,11,19
250051429,Injury Crash,11/16/2025 07:41:00 PM,RAMP 1 FR IS 270 NB TO SHADY GROVE RD WB,NA,Angle,Clear,Dry,Medium,Traffic Control Signal,NONE DETECTED,No,No Apparent Injury,Ran Red Light,Unknown,NA,Passenger Car,Moving Constant Speed,40,No,2025,HONDA,ACCORD,39.11187235,-77.18700356,2025,11,19
250051435,Injury Crash,11/16/2025 07:05:00 PM,WISCONSIN AVE (SB/L),Pedestrian,Single Vehicle,Clear,Dry,Medium,Traffic Control Signal,NONE DETECTED,No,NA,NA,NA,NA,Other Trucks,Turning Right,25,No,0,NA,NA,38.96374388,-77.08727478,2025,11,19
250051431,Property Damage Crash,11/16/2025 06:57:00 PM,FATHER HURLEY BLVD (NB/L),NA,Front to Front,Clear,Dry,Medium,Traffic Control Signal,NONE DETECTED,No,No Apparent Injury,NA,Not Distracted,MD,Passenger Car,Moving Constant Speed,35,No,2019,HYUNDAI,ELANTRA,39.18409588,-77.27349186,2025,11,18
250051431,Property Damage Crash,11/16/2025 06:57:00 PM,FATHER HURLEY BLVD (NB/L),NA,Front to Front,Clear,Dry,Medium,Traffic Control Signal,NONE DETECTED,No,NA,NA,NA,NA,NA,Turning Left,35,No,0,NA,NA,39.18409588,-77.27349186,2025,11,18
250051419,Property Damage Crash,11/16/2025 06:15:00 PM,ARCOLA AVE,NA,"Sideswipe, Same Direction",Clear,Dry,Dark,No Controls,NONE DETECTED,No,NA,"Improper Passing, Operated Motor Vehicle in Reckless or Aggressive Manner",Unknown,NA,Unknown,Overtaking/Passing,25,No,0,NA,NA,39.03895333,-77.027708,2025,11,18
250051419,Property Damage Crash,11/16/2025 06:15:00 PM,ARCOLA AVE,NA,"Sideswipe, Same Direction",Clear,Dry,Dark,No Controls,NONE DETECTED,No,No Apparent Injury,NA,Not Distracted,MD,Passenger Car,Moving Constant Speed,25,No,2007,HONDA,CIVIC,39.03895333,-77.027708,2025,11,18
250051420,Property Damage Crash,11/16/2025 06:12:00 PM,NEW HAMPSHIRE AVE,NA,Front to Rear,Clear,Dry,Medium,No Controls,NONE DETECTED,Yes,No Apparent Injury,Other Improper Action,Unknown,MD,Other Trucks,Slowing or Stopping,40,No,2016,HINO,CONVENTIONAL TYPE TRUCK,39.07365115,-77.00244119,2025,11,18
250051420,Property Damage Crash,11/16/2025 06:12:00 PM,NEW HAMPSHIRE AVE,NA,Front to Rear,Clear,Dry,Medium,No Controls,NONE DETECTED,No,No Apparent Injury,NA,Not Distracted,MD,Passenger Car,Slowing or Stopping,40,No,2008,TOYOTA,SIENNA,39.07365115,-77.00244119,2025,11,18
250051420,Property Damage Crash,11/16/2025 06:12:00 PM,NEW HAMPSHIRE AVE,NA,Front to Rear,Clear,Dry,Medium,No Controls,NONE DETECTED,No,No Apparent Injury,NA,Not Distracted,MD,Passenger Car,Slowing or Stopping,40,No,2019,HONDA,CIVIC,39.07365115,-77.00244119,2025,11,18
250051415,Property Damage Crash,11/16/2025 05:31:00 PM,LOST KNIFE RD (NB/L),NA,Angle,Clear,Dry,Medium,Traffic Control Signal,NONE DETECTED,Yes,No Apparent Injury,Improper Turn,Not Distracted,MD,Passenger Car,Turning Left,35,No,2019,HONDA,FIT,39.15499104,-77.20099308,2025,11,17
250051415,Property Damage Crash,11/16/2025 05:31:00 PM,LOST KNIFE RD (NB/L),NA,Angle,Clear,Dry,Medium,Traffic Control Signal,NONE DETECTED,No,No Apparent Injury,NA,Not Distracted,MD,Passenger Car,Moving Constant Speed,35,No,2010,HONDA,ACCORD,39.15499104,-77.20099308,2025,11,17
250051421,Property Damage Crash,11/16/2025 05:29:00 PM,NA,NA,Angle,Cloudy,NA,Medium,NA,NONE DETECTED,Yes,No Apparent Injury,NA,Unknown,MD,Pickup,Accelerating,0,No,2013,FORD,F-150,39.20017238,-77.2465135,2025,11,17
250051421,Property Damage Crash,11/16/2025 05:29:00 PM,NA,NA,Angle,Cloudy,NA,Medium,NA,NONE DETECTED,No,No Apparent Injury,NA,Not Distracted,MD,Passenger Car,Moving Constant Speed,0,No,2023,HONDA,CIVIC,39.20017238,-77.2465135,2025,11,17
250051413,Injury Crash,11/16/2025 05:08:00 PM,OLNEY SANDY SPRING RD,NA,Angle,Clear,Dry,Medium,Traffic Control Signal,NONE DETECTED,No,Possible Minor Injury,NA,Not Distracted,MD,Passenger Car,Moving Constant Speed,35,No,2023,MAZDA,MAZDA3,39.15195601,-77.06435944,2025,11,17
250051413,Injury Crash,11/16/2025 05:08:00 PM,OLNEY SANDY SPRING RD,NA,Angle,Clear,Dry,Medium,Flashing Traffic Control Signal,NONE DETECTED,Yes,No Apparent Injury,Failed to Yield Right-of-Way,Not Distracted,MD,Sport Utility Vehicle,Turning Left,35,No,2015,TOYOTA,HIGHLANDER,39.15195601,-77.06435944,2025,11,17
250051407,Injury Crash,11/16/2025 04:35:00 PM,PERRY AVE,NA,Angle,Clear,Dry,Daylight,Traffic Control Signal,NONE DETECTED,Yes,Suspected Serious Injury,Disregarded Other Traffic Sign,Unknown,MD,Passenger Car,Moving Constant Speed,35,No,2025,NISSAN,VERSA,39.03281348,-77.07486292,2025,11,16
250051407,Injury Crash,11/16/2025 04:35:00 PM,PERRY AVE,NA,Angle,Clear,Dry,Daylight,Traffic Control Signal,NONE DETECTED,No,No Apparent Injury,NA,Not Distracted,MD,Passenger Car,Turning Left,35,No,2024,NISSAN,SENTRA,39.03281348,-77.07486292,2025,11,16
250051402,Property Damage Crash,11/16/2025 03:38:00 PM,BONIFANT RD,NA,Angle,Clear,Dry,Daylight,Traffic Control Signal,NONE DETECTED,No,No Apparent Injury,NA,Unknown,MD,Passenger Car,Moving Constant Speed,40,No,2013,HYUNDAI,SONATA,39.0906286,-77.04471882,2025,11,15
250051402,Property Damage Crash,11/16/2025 03:38:00 PM,BONIFANT RD,NA,Angle,Clear,Dry,Daylight,Traffic Control Signal,NONE DETECTED,Yes,No Apparent Injury,Failed to Yield Right-of-Way,Unknown,MD,Passenger Car,Turning Left,40,No,2020,ACURA,TLX,39.0906286,-77.04471882,2025,11,15
250051400,Injury Crash,11/16/2025 03:29:00 PM,FREDERICK RD (SB/L),NA,"Sideswipe, Same Direction",Clear,Dry,Daylight,Traffic Control Signal,NONE DETECTED,No,Possible Minor Injury,NA,Not Distracted,DC,Sport Utility Vehicle,Stopped in Traffic,35,No,2024,TOYOTA,RAV4,39.11563528,-77.16625469,2025,11,15
250051400,Injury Crash,11/16/2025 03:29:00 PM,FREDERICK RD (SB/L),NA,"Sideswipe, Same Direction",Clear,Dry,Daylight,Traffic Control Signal,NONE DETECTED,No,No Apparent Injury,NA,Not Distracted,MD,Sport Utility Vehicle,Stopped in Traffic,35,No,2025,INFINITI,QX60,39.11563528,-77.16625469,2025,11,15
250051400,Injury Crash,11/16/2025 03:29:00 PM,FREDERICK RD (SB/L),NA,"Sideswipe, Same Direction",Clear,Dry,Daylight,Traffic Control Signal,NONE DETECTED,Yes,No Apparent Injury,"Operated Motor Vehicle in Inattentive, Careless, Negligent, or Erratic Manner, Too Fast For Conditions",Unknown,MD,Passenger Car,Moving Constant Speed,35,No,2003,VOLKSWAGEN,JETTA,39.11563528,-77.16625469,2025,11,15
250051387,Property Damage Crash,11/16/2025 01:16:00 PM,GROSVENOR LA,NA,Angle,Clear,Dry,Daylight,Traffic Control Signal,NONE DETECTED,No,No Apparent Injury,NA,Not Distracted,MD,Passenger Car,Turning Left,35,No,2017,NISSAN,SENTRA,39.02241819,-77.10298449,2025,11,13
250051387,Property Damage Crash,11/16/2025 01:16:00 PM,GROSVENOR LA,NA,Angle,Clear,Dry,Daylight,Traffic Control Signal,NONE DETECTED,Yes,No Apparent Injury,NA,Unknown,NE,Passenger Car,Moving Constant Speed,35,No,2020,SUBARU,CROSSTREK,39.02241819,-77.10298449,2025,11,13
250051405,Property Damage Crash,11/16/2025 01:12:00 PM,NA,NA,"Sideswipe, Opposite Direction",Clear,NA,Daylight,NA,NONE DETECTED,Yes,No Apparent Injury,Improper Backing,Unknown,MD,Station Wagon,Backing,0,No,2018,NISSAN,ROGUE,39.18821226,-77.18540225,2025,11,13
250051381,Property Damage Crash,11/16/2025 01:00:00 PM,OLD VIC BLVD,NA,Single Vehicle,Clear,Dry,Daylight,No Controls,NONE DETECTED,Yes,No Apparent Injury,Ran Off Roadway,Not Distracted,MD,Passenger Car,Moving Constant Speed,25,No,2010,LEXUS,HS,39.14450483,-77.04751617,2025,11,13
250051380,Property Damage Crash,11/16/2025 12:50:00 PM,CLOPPER RD,NA,Front to Rear,Clear,Dry,Daylight,No Controls,NONE DETECTED,No,No Apparent Injury,NA,Not Distracted,MD,Sport Utility Vehicle,Moving Constant Speed,35,No,2017,ACURA,MDX,39.14814409,-77.23678143,2025,11,12
250051380,Property Damage Crash,11/16/2025 12:50:00 PM,CLOPPER RD,NA,Front to Rear,Clear,Dry,Daylight,No Controls,NONE DETECTED,Yes,No Apparent Injury,NA,Unknown,NA,Passenger Car,Accelerating,35,No,2015,TOYOTA,COROLLA,39.14814409,-77.23678143,2025,11,12
250051382,Property Damage Crash,11/16/2025 12:41:00 PM,NA,NA,Front to Front,Clear,Dry,Daylight,Traffic Control Signal,NONE DETECTED,Yes,No Apparent Injury,Failed to Yield Right-of-Way,Not Distracted,MD,Passenger Car,Entering Traffic Lane,30,No,2020,TOYOTA,CAMRY,39.04115355,-76.98715944,2025,11,12
250051382,Property Damage Crash,11/16/2025 12:41:00 PM,NA,NA,Front to Front,Clear,Dry,Daylight,Other Signal,NONE DETECTED,No,NA,NA,NA,NA,NA,Moving Constant Speed,30,No,0,NA,NA,39.04115355,-76.98715944,2025,11,12
250051375,Property Damage Crash,11/16/2025 12:00:00 PM,GEORGIA AVE,NA,Angle,Clear,Dry,Daylight,Traffic Control Signal,NONE DETECTED,Yes,No Apparent Injury,Ran Red Light,Not Distracted,MD,Passenger Car,Moving Constant Speed,30,No,2017,TOYOTA,HIGHLANDER,39.1459435,-77.06695417,2025,11,12
250051375,Property Damage Crash,11/16/2025 12:00:00 PM,GEORGIA AVE,NA,Angle,Clear,Dry,Daylight,Traffic Control Signal,NONE DETECTED,No,No Apparent Injury,NA,Not Distracted,MD,Passenger Car,Turning Left,30,No,2016,KIA,SOUL,39.1459435,-77.06695417,2025,11,12
250051372,Injury Crash,11/16/2025 10:56:00 AM,PLYERS MILL RD,NA,Front to Rear,Clear,Dry,Daylight,Traffic Control Signal,NONE DETECTED,No,No Apparent Injury,NA,Not Distracted,MD,Passenger Car,Stopped in Traffic,30,No,2021,HONDA,CR-V,39.03003871,-77.04762889,2025,11,10
250051372,Injury Crash,11/16/2025 10:56:00 AM,PLYERS MILL RD,NA,Front to Rear,Clear,Dry,Daylight,Traffic Control Signal,NONE DETECTED,Yes,No Apparent Injury,"Followed Too Closely, Too Fast For Conditions",Not Distracted,MD,Sport Utility Vehicle,Moving Constant Speed,30,No,2002,TOYOTA,SEQUOIA,39.03003871,-77.04762889,2025,11,10
250051372,Injury Crash,11/16/2025 10:56:00 AM,PLYERS MILL RD,NA,Front to Rear,Clear,Dry,Daylight,Traffic Control Signal,NONE DETECTED,No,Possible Minor Injury,NA,Not Distracted,MD,Passenger Car,Stopped in Traffic,30,No,2013,TOYOTA,COROLLA,39.03003871,-77.04762889,2025,11,10
250051372,Injury Crash,11/16/2025 10:56:00 AM,PLYERS MILL RD,NA,Front to Rear,Clear,Dry,Daylight,Traffic Control Signal,NONE DETECTED,No,Possible Minor Injury,NA,Not Distracted,FL,Passenger Car,Stopped in Traffic,30,No,2023,TOYOTA,CAMRY,39.03003871,-77.04762889,2025,11,10
250051360,Injury Crash,11/16/2025 09:12:00 AM,DEXTER AVE,NA,Angle,Clear,Dry,Daylight,Stop Sign,NONE DETECTED,Yes,Possible Minor Injury,Failed to Yield Right-of-Way,Not Distracted,MD,Passenger Car,Accelerating,25,No,2017,TOYOTA,CAMRY,39.02214852,-77.04736114,2025,11,9
250051360,Injury Crash,11/16/2025 09:12:00 AM,DEXTER AVE,NA,Angle,Clear,Dry,Daylight,No Controls,NONE DETECTED,No,No Apparent Injury,NA,Not Distracted,MD,Passenger Car,Moving Constant Speed,30,No,2016,HYUNDAI,TUCSON,39.02214852,-77.04736114,2025,11,9
250051353,Injury Crash,11/16/2025 06:25:00 AM,DARNESTOWN RD,NA,Front to Rear,Cloudy,Wet,Medium,No Controls,NONE DETECTED,No,No Apparent Injury,NA,Not Distracted,MD,Passenger Car,Slowing or Stopping,40,No,2020,SUBARU,CROSSTREK,39.11797955,-77.26029696,2025,11,6
250051353,Injury Crash,11/16/2025 06:25:00 AM,DARNESTOWN RD,NA,Front to Rear,Cloudy,Wet,Medium,No Controls,NONE DETECTED,No,Possible Minor Injury,NA,Not Distracted,MD,Passenger Car,Moving Constant Speed,40,No,2015,TOYOTA,HIGHLANDER,39.11797955,-77.26029696,2025,11,6
250051350,Property Damage Crash,11/16/2025 06:00:00 AM,NA,NA,Single Vehicle,Clear,Dry,Dark,No Controls,NONE DETECTED,No,No Apparent Injury,NA,Not Distracted,MD,Passenger Car,Moving Constant Speed,40,No,2019,DODGE,CHARGER,39.1694785,-77.09087979,2025,11,6
250051349,Injury Crash,11/16/2025 04:00:00 AM,CALVERTON BLVD,NA,"Sideswipe, Same Direction",Rain,Wet,Medium,No Controls,NONE DETECTED,Yes,No Apparent Injury,Too Fast For Conditions,Not Distracted,MD,Passenger Car,Moving Constant Speed,35,No,2020,TOYOTA,COROLLA,39.056977,-76.94875983,2025,11,4
250051348,Property Damage Crash,11/16/2025 03:41:00 AM,REDLAND RD,NA,Single Vehicle,Rain,Wet,Medium,Traffic Control Signal,NONE DETECTED,No,No Apparent Injury,"Operated Motor Vehicle in Inattentive, Careless, Negligent, or Erratic Manner, Operated Motor Vehicle in Reckless or Aggressive Manner, Other Improper Action, Too Fast For Conditions",Unknown,MD,Passenger Car,Turning Left,35,No,2022,KIA,STINGER,39.12397884,-77.15512691,2025,11,3
250051345,Property Damage Crash,11/16/2025 02:09:00 AM,GEORGIA AVE (SB/L),NA,Front to Rear,Clear,Dry,Medium,No Controls,NONE DETECTED,No,No Apparent Injury,NA,Not Distracted,MD,Passenger Car,Slowing or Stopping,45,No,2022,NISSAN,SENTRA,39.01371967,-77.042153,2025,11,2
250051345,Property Damage Crash,11/16/2025 02:09:00 AM,GEORGIA AVE (SB/L),NA,Front to Rear,Clear,Dry,Medium,No Controls,NONE DETECTED,Yes,No Apparent Injury,NA,NA,NA,Passenger Car,Backing,45,No,0,NA,NA,39.01371967,-77.042153,2025,11,2
250051344,Property Damage Crash,11/16/2025 02:00:00 AM,SANDY SPRING RD,NA,Single Vehicle,Rain,Wet,Dark,No Controls,NONE DETECTED,No,No Apparent Injury,NA,Not Distracted,MD,Passenger Car,Accelerating,45,No,2023,TOYOTA,RAV4,39.10555104,-76.91070083,2025,11,2
250051341,Property Damage Crash,11/16/2025 12:37:00 AM,NEEDWOOD RD,NA,Single Vehicle,Clear,Dry,Medium,No Controls,ALCOHOL PRESENT,No,No Apparent Injury,"Failed to Keep in Proper Lane, Operated Motor Vehicle in Inattentive, Careless, Negligent, or Erratic Manner, Operated Motor Vehicle in Reckless or Aggressive Manner, Other Improper Action",Unknown,MD,Sport Utility Vehicle,Moving Constant Speed,20,No,2025,AUDI,Q3,39.12187762,-77.14326229,2025,11,0
250051337,Property Damage Crash,11/16/2025 12:00:00 AM,MARTINSBURG RD,NA,Single Vehicle,Clear,Wet,Dark,No Controls,NONE DETECTED,Yes,No Apparent Injury,"Disregarded Other Road Markings, Failed to Keep in Proper Lane, Operated Motor Vehicle in Inattentive, Careless, Negligent, or Erratic Manner, Operated Motor Vehicle in Reckless or Aggressive Manner, Too Fast For Conditions",Talking/listening,MD,Passenger Car,Moving Constant Speed,35,No,2019,AUDI,A5,39.20443975,-77.44434064,2025,11,0
250051335,Property Damage Crash,11/15/2025 11:42:00 PM,STRINGTOWN RD,NA,Single Vehicle,Cloudy,Dry,Medium,No Controls,NONE DETECTED,No,No Apparent Injury,NA,Not Distracted,VA,Passenger Car,Moving Constant Speed,40,No,2023,KIA,SPORTAGE,39.23357732,-77.28283827,2025,11,23
250051333,Property Damage Crash,11/15/2025 11:27:00 PM,W DIAMOND AVE (WB/L),NA,Front to Front,Clear,Dry,Medium,Traffic Control Signal,NONE DETECTED,No,No Apparent Injury,"Disregarded Other Road Markings, Disregarded Other Traffic Sign, Wrong Way",Unknown,MD,Passenger Car,Accelerating,35,No,2012,HYUNDAI,VELOSTER,39.14025211,-77.20489636,2025,11,23
250051333,Property Damage Crash,11/15/2025 11:27:00 PM,W DIAMOND AVE (WB/L),NA,Front to Front,Clear,Dry,Medium,Traffic Control Signal,NONE DETECTED,No,No Apparent Injury,NA,Not Distracted,MD,Passenger Car,Stopped in Traffic,35,No,2008,HONDA,CIVIC,39.14025211,-77.20489636,2025,11,23
250051327,Property Damage Crash,11/15/2025 10:09:00 PM,FREDERICK AVE,NA,Single Vehicle,Clear,Dry,Medium,No Controls,ALCOHOL PRESENT,Yes,No Apparent Injury,Ran Off Roadway,Talking/listening,MD,Passenger Car,Slowing or Stopping,20,No,2015,HONDA,ACCORD,39.02435285,-77.0702158,2025,11,22
250051321,Injury Crash,11/15/2025 09:03:00 PM,COLESVILLE MANOR DR,Pedestrian,Single Vehicle,Clear,Dry,Dark,No Controls,NONE DETECTED,Yes,No Apparent Injury,Failed to Yield Right-of-Way,Not Distracted,MD,Passenger Car,Moving Constant Speed,25,No,2023,GMC,TERRAIN,39.08548007,-76.99980399,2025,11,21
250051477,Property Damage Crash,11/15/2025 08:10:00 PM,NA,NA,Front to Rear,Clear,NA,Medium,NA,NONE DETECTED,No,NA,NA,NA,NA,Pickup,Backing,0,No,2012,NISSAN,FRONTIER,38.99318387,-77.01070371,2025,11,20
250051477,Property Damage Crash,11/15/2025 08:10:00 PM,NA,NA,Front to Rear,Clear,NA,Medium,NA,NONE DETECTED,No,No Apparent Injury,NA,Not Distracted,MD,Passenger Car,Parked,0,No,2016,MERCEDES-BENZ,GLC-CLASS,38.99318387,-77.01070371,2025,11,20
250051317,Property Damage Crash,11/15/2025 07:40:00 PM,SHADY GROVE RD (SB/L),NA,Angle,Clear,Dry,Medium,Traffic Control Signal,NONE DETECTED,No,No Apparent Injury,NA,Unknown,VA,Other,Moving Constant Speed,40,No,2022,WESTERN STAR,4900,39.1151368,-77.18549959,2025,11,19
250051317,Property Damage Crash,11/15/2025 07:40:00 PM,SHADY GROVE RD (SB/L),NA,Angle,Clear,Dry,Medium,Traffic Control Signal,NONE DETECTED,Yes,No Apparent Injury,Failed to Yield Right-of-Way,Unknown,MD,Passenger Car,Entering Traffic Lane,40,No,2024,SUBARU,FORESTER,39.1151368,-77.18549959,2025,11,19
250051318,Injury Crash,11/15/2025 07:34:00 PM,GEORGIA AVE,NA,Angle,Cloudy,Dry,Medium,Traffic Control Signal,NONE DETECTED,No,Possible Minor Injury,NA,Not Distracted,MD,Passenger Car,Turning Left,45,No,2023,CADILLAC,XT5,39.09314124,-77.07944397,2025,11,19
250051318,Injury Crash,11/15/2025 07:34:00 PM,GEORGIA AVE,NA,Angle,Cloudy,Dry,Medium,Traffic Control Signal,NONE DETECTED,No,No Apparent Injury,Ran Red Light,Unknown,MD,Passenger Car,Moving Constant Speed,45,No,2009,ACURA,TL,39.09314124,-77.07944397,2025,11,19
250051310,Property Damage Crash,11/15/2025 06:15:00 PM,NA,NA,Front to Front,Clear,Dry,Medium,Traffic Control Signal,NONE DETECTED,No,No Apparent Injury,NA,Not Distracted,MD,Passenger Car,Moving Constant Speed,35,No,2010,BMW,328I,39.14756962,-77.23297858,2025,11,18
250051310,Property Damage Crash,11/15/2025 06:15:00 PM,NA,NA,Front to Front,Clear,Dry,Medium,Traffic Control Signal,NONE DETECTED,Yes,No Apparent Injury,Failed to Yield Right-of-Way,Not Distracted,MD,Passenger Car,Turning Left,35,No,2022,TOYOTA,CAMRY,39.14756962,-77.23297858,2025,11,18