Local Case Number,ACRS Report Type,Crash Date/Time,Road Name,Related Non-Motorist,Collision Type,Weather,Surface Condition,Light,Traffic Control,Driver Substance Abuse,Driver At Fault,Injury Severity,Circumstance,Driver Distracted By,Drivers License State,Vehicle Body Type,Vehicle Movement,Speed Limit,Driverless Vehicle,Vehicle Year,Vehicle Make,Vehicle Model,Latitude,Longitude,Year,Month,Hour
250051305,Property Damage Crash,11/15/2025 05:32:00 PM,MONTGOMERY VILLAGE AVE,NA,Front to Rear,Clear,Dry,Medium,No Controls,NONE DETECTED,Yes,No Apparent Injury,Other Improper Action,Not Distracted,MD,Passenger Car,Accelerating,35,No,2014,LEXUS,ES,39.15628883,-77.20651883,2025,11,17
250051305,Property Damage Crash,11/15/2025 05:32:00 PM,MONTGOMERY VILLAGE AVE,NA,Front to Rear,Clear,Dry,Medium,No Controls,NONE DETECTED,No,No Apparent Injury,NA,Not Distracted,MD,Pickup,Stopped in Traffic,35,No,2018,CHEVROLET,SILVERADO,39.15628883,-77.20651883,2025,11,17
250051299,Injury Crash,11/15/2025 04:37:00 PM,HASTINGS DR (SB/L),NA,Front to Rear,Clear,Dry,Daylight,Traffic Control Signal,NONE DETECTED,No,No Apparent Injury,NA,Not Distracted,MD,Passenger Car,Stopped in Traffic,35,No,2025,HONDA,CIVIC,39.01331573,-77.01660795,2025,11,16
250051299,Injury Crash,11/15/2025 04:37:00 PM,HASTINGS DR (SB/L),NA,Front to Rear,Clear,Dry,Daylight,Traffic Control Signal,NONE DETECTED,Yes,Possible Minor Injury,NA,Unknown,MD,Passenger Car,NA,35,No,2012,HONDA,CIVIC,39.01331573,-77.01660795,2025,11,16
250051309,Property Damage Crash,11/15/2025 04:00:00 PM,GEORGIA AVE (SB/L),NA,Front to Rear,Clear,Dry,Daylight,Pedestrian Crossing,NONE DETECTED,No,No Apparent Injury,NA,Not Distracted,MD,Sport Utility Vehicle,Moving Constant Speed,35,No,2021,TOYOTA,RAV4,38.99820092,-77.0306205,2025,11,16
250051309,Property Damage Crash,11/15/2025 04:00:00 PM,GEORGIA AVE (SB/L),NA,Front to Rear,Clear,Dry,Daylight,Pedestrian Crossing,NONE DETECTED,Yes,No Apparent Injury,NA,Not Distracted,MD,Sport Utility Vehicle,Moving Constant Speed,35,No,2015,HONDA,CR-V,38.99820092,-77.0306205,2025,11,16
250051290,Injury Crash,11/15/2025 03:42:00 PM,WOODFIELD RD,NA,Other,Cloudy,Dry,Daylight,Traffic Control Signal,NONE DETECTED,No,Possible Minor Injury,NA,Not Distracted,MD,Van - Passenger (&lt;9 Seats),Moving Constant Speed,40,No,2020,HONDA,ODYSSEY,39.260041,-77.202735,2025,11,15
250051290,Injury Crash,11/15/2025 03:42:00 PM,WOODFIELD RD,NA,Other,Cloudy,Dry,Daylight,Traffic Control Signal,NONE DETECTED,Yes,No Apparent Injury,Failed to Yield Right-of-Way,Not Distracted,MD,Station Wagon,Turning Left,40,No,2011,NISSAN,VERSA,39.260041,-77.202735,2025,11,15
250051285,Property Damage Crash,11/15/2025 02:45:00 PM,RAMP 6 FR SHADY GROVE RD EB TO MD200A SB,NA,Front to Rear,Clear,Dry,Daylight,No Controls,NONE DETECTED,No,No Apparent Injury,NA,Unknown,MD,Pickup,Moving Constant Speed,35,No,2018,FORD,F-250,39.12907933,-77.16599567,2025,11,14
250051285,Property Damage Crash,11/15/2025 02:45:00 PM,RAMP 6 FR SHADY GROVE RD EB TO MD200A SB,NA,Front to Rear,Clear,Dry,Daylight,No Controls,NONE DETECTED,No,No Apparent Injury,NA,Not Distracted,VA,Passenger Car,Moving Constant Speed,35,No,2018,AUDI,Q5,39.12907933,-77.16599567,2025,11,14
250051525,Property Damage Crash,11/15/2025 01:56:00 PM,NA,NA,"Sideswipe, Same Direction",Clear,NA,Daylight,NA,NONE DETECTED,No,NA,NA,NA,NA,NA,Turning Right,0,No,0,NA,NA,39.12265758,-77.23370202,2025,11,13
250051274,Injury Crash,11/15/2025 01:01:00 PM,NA,NA,Single Vehicle,Cloudy,Dry,Daylight,No Controls,NONE DETECTED,No,Possible Minor Injury,NA,Not Distracted,MD,Sport Utility Vehicle,Moving Constant Speed,40,No,2024,TOYOTA,RAV4,39.17495833,-77.40528833,2025,11,13
250051272,Property Damage Crash,11/15/2025 01:00:00 PM,ATHERTON DR,NA,"Sideswipe, Same Direction",Clear,Dry,Daylight,No Controls,NONE DETECTED,Yes,No Apparent Injury,NA,Unknown,MD,Other,Moving Constant Speed,25,No,2014,MACK,GU (GRANITE),39.06046565,-77.07577599,2025,11,13
250051270,Injury Crash,11/15/2025 12:28:00 PM,SPRING ST,Pedestrian,Single Vehicle,Clear,Dry,Daylight,Traffic Control Signal,NONE DETECTED,Yes,No Apparent Injury,"Operated Motor Vehicle in Inattentive, Careless, Negligent, or Erratic Manner",Not Distracted,MD,Passenger Car,Stopped in Traffic,35,No,2017,VOLKSWAGEN,JETTA,38.99895063,-77.02614106,2025,11,12
250051264,Injury Crash,11/15/2025 11:21:00 AM,WEST SIDE DR,NA,Single Vehicle,Cloudy,Dry,Daylight,No Controls,NONE DETECTED,No,Possible Minor Injury,Other Improper Action,Unknown,MD,Passenger Car,Accelerating,0,No,2026,HONDA,HR-V,39.12472858,-77.20327929,2025,11,11
250051262,Injury Crash,11/15/2025 11:05:00 AM,SECOND AVE,NA,Other,Clear,Dry,Daylight,Stop Sign,NONE DETECTED,No,No Apparent Injury,NA,Not Distracted,MD,Passenger Car,Accelerating,20,No,2019,NISSAN,PATHFINDER,39.00484267,-77.04174183,2025,11,11
250051262,Injury Crash,11/15/2025 11:05:00 AM,SECOND AVE,NA,Other,Clear,Dry,Daylight,Stop Sign,NONE DETECTED,No,Possible Minor Injury,NA,Not Distracted,MD,Passenger Car,Accelerating,20,No,2021,TOYOTA,RAV4,39.00484267,-77.04174183,2025,11,11
250051258,Injury Crash,11/15/2025 10:26:00 AM,CHERRY TREE LA,NA,Rear To Side,Clear,Dry,Daylight,Stop Sign,NONE DETECTED,Yes,No Apparent Injury,Failed to Yield Right-of-Way,Not Distracted,MD,Passenger Car,Accelerating,25,No,2007,ACURA,RL,39.01797968,-77.00263772,2025,11,10
250051258,Injury Crash,11/15/2025 10:26:00 AM,CHERRY TREE LA,NA,Rear To Side,Clear,Dry,Daylight,No Controls,NONE DETECTED,No,Possible Minor Injury,NA,Not Distracted,MD,Passenger Car,Moving Constant Speed,25,No,2010,TOYOTA,SIENNA,39.01797968,-77.00263772,2025,11,10
250051259,Property Damage Crash,11/15/2025 10:04:00 AM,POPLAR AVE,NA,Angle,Clear,Dry,Daylight,No Controls,NONE DETECTED,No,NA,NA,NA,NA,Passenger Car,Moving Constant Speed,25,No,2008,VOLKSWAGEN,PASSAT,38.97555961,-77.0057399,2025,11,10
250051249,Property Damage Crash,11/15/2025 09:30:00 AM,SHAKESPEARE BLVD,NA,Angle,Cloudy,Dry,Daylight,Traffic Control Signal,NONE DETECTED,No,No Apparent Injury,NA,Not Distracted,MD,Pickup,Moving Constant Speed,45,No,2004,FORD,EXPLORER SPORT TRAC,39.19819333,-77.24505283,2025,11,9
250051249,Property Damage Crash,11/15/2025 09:30:00 AM,SHAKESPEARE BLVD,NA,Angle,Cloudy,Dry,Daylight,Traffic Control Signal,NONE DETECTED,Yes,No Apparent Injury,Failed to Yield Right-of-Way,Not Distracted,MD,Sport Utility Vehicle,Turning Left,45,No,2023,MAZDA,CX-30,39.19819333,-77.24505283,2025,11,9
250051243,Property Damage Crash,11/15/2025 07:14:00 AM,SCHRIDER ST,NA,"Sideswipe, Same Direction",Clear,Dry,Daylight,No Controls,ALCOHOL PRESENT,Yes,No Apparent Injury,NA,Unknown,NA,Passenger Car,Entering Traffic Lane,25,No,2010,VOLKSWAGEN,GTI,38.9914969,-77.01434082,2025,11,7
250051394,Property Damage Crash,11/15/2025 06:05:00 AM,NA,NA,Single Vehicle,Clear,Dry,Dark,No Controls,NONE DETECTED,No,No Apparent Injury,NA,Not Distracted,MD,Sport Utility Vehicle,Moving Constant Speed,30,No,2023,FORD,EXPLORER,39.18649557,-77.31674693,2025,11,6
250051240,Property Damage Crash,11/15/2025 05:55:00 AM,MANCHESTER RD,NA,Angle,Clear,Dry,Medium,No Controls,ALCOHOL PRESENT,Yes,No Apparent Injury,NA,Not Distracted,MD,Passenger Car,Moving Constant Speed,15,No,2020,TOYOTA,C-HR,39.00264461,-77.01105588,2025,11,5
250051239,Injury Crash,11/15/2025 05:52:00 AM,COLESVILLE RD,Pedestrian,Single Vehicle,Clear,Dry,Medium,Traffic Control Signal,NONE DETECTED,Yes,No Apparent Injury,NA,Not Distracted,MD,Pickup,Turning Right,45,No,2014,FORD,F-350,39.01971187,-77.01319236,2025,11,5
250051223,Property Damage Crash,11/14/2025 11:58:00 PM,NA,NA,Front to Rear,Clear,Dry,Medium,Traffic Control Signal,ALCOHOL PRESENT,No,No Apparent Injury,"Followed Too Closely, Operated Motor Vehicle in Inattentive, Careless, Negligent, or Erratic Manner, Too Fast For Conditions",Not Distracted,MD,Passenger Car,Moving Constant Speed,35,No,2003,TOYOTA,CAMRY,39.00762,-77.02039167,2025,11,23
250051223,Property Damage Crash,11/14/2025 11:58:00 PM,NA,NA,Front to Rear,Clear,Dry,Medium,Traffic Control Signal,NONE DETECTED,No,No Apparent Injury,NA,Not Distracted,MD,Passenger Car,Stopped in Traffic,35,No,2017,FORD,FUSION,39.00762,-77.02039167,2025,11,23
250051221,Property Damage Crash,11/14/2025 11:50:00 PM,FREDERICK RD,NA,Front to Rear,Clear,Dry,Medium,No Controls,NONE DETECTED,No,No Apparent Injury,Operated Motor Vehicle in Reckless or Aggressive Manner,Not Distracted,MD,Sport Utility Vehicle,Overtaking/Passing,35,No,2019,NISSAN,ROGUE,39.15099317,-77.20992233,2025,11,23
250051221,Property Damage Crash,11/14/2025 11:50:00 PM,FREDERICK RD,NA,Front to Rear,Clear,Dry,Medium,Yield Sign,NONE DETECTED,Yes,No Apparent Injury,Failed to Yield Right-of-Way,Not Distracted,MD,Van - Passenger (&lt;9 Seats),Entering Traffic Lane,35,No,2008,TOYOTA,SIENNA,39.15099317,-77.20992233,2025,11,23
250051222,Injury Crash,11/14/2025 11:45:00 PM,MARYLAND AVE,Pedestrian,Single Vehicle,Clear,Dry,Medium,No Controls,ALCOHOL PRESENT,Yes,No Apparent Injury,NA,Not Distracted,MD,Passenger Car,Moving Constant Speed,25,No,2025,NISSAN,ROGUE,39.08611948,-77.15102817,2025,11,23
250051210,Injury Crash,11/14/2025 08:48:00 PM,GREAT SENECA HWY,NA,Angle,Clear,Dry,Medium,Traffic Control Signal,NONE DETECTED,Yes,No Apparent Injury,NA,Not Distracted,MD,Passenger Car,Turning Left,45,No,2024,NISSAN,VERSA,39.15327093,-77.27809617,2025,11,20
250051210,Injury Crash,11/14/2025 08:48:00 PM,GREAT SENECA HWY,NA,Angle,Clear,Dry,Medium,Traffic Control Signal,NONE DETECTED,No,Possible Minor Injury,NA,Not Distracted,MD,Passenger Car,Moving Constant Speed,45,No,2006,ACURA,TL,39.15327093,-77.27809617,2025,11,20
250051254,Property Damage Crash,11/14/2025 07:50:00 PM,NA,NA,Rear To Rear,Clear,NA,Dark,NA,NONE DETECTED,No,NA,NA,NA,NA,Single-Unit Truck,Backing,0,No,2013,HINO,CONVENTIONAL TYPE TRUCK,38.96360579,-77.10245561,2025,11,19
250051207,Property Damage Crash,11/14/2025 07:45:00 PM,NA,NA,Angle,Clear,Dry,Dark,Stop Sign,NONE DETECTED,Yes,No Apparent Injury,Failed to Yield Right-of-Way,Unknown,MD,Passenger Car,Turning Left,30,No,2022,TOYOTA,COROLLA,39.01494217,-77.2138506,2025,11,19
250051207,Property Damage Crash,11/14/2025 07:45:00 PM,NA,NA,Angle,Clear,Dry,Dark,No Controls,NONE DETECTED,No,No Apparent Injury,NA,Not Distracted,MD,Passenger Car,Moving Constant Speed,30,No,2021,BMW,M440I,39.01494217,-77.2138506,2025,11,19
25002432,Property Damage Crash,11/14/2025 07:35:00 PM,GEORGIA AVE,NA,"Sideswipe, Same Direction",Clear,Dry,Dark,No Controls,NONE DETECTED,No,No Apparent Injury,NA,Not Distracted,MD,Passenger Car,Moving Constant Speed,30,No,2018,FORD,EXPLORER,39.05542734,-77.05002247,2025,11,19
25002432,Property Damage Crash,11/14/2025 07:35:00 PM,GEORGIA AVE,NA,"Sideswipe, Same Direction",Clear,Dry,Dark,No Controls,NONE DETECTED,No,No Apparent Injury,NA,Unknown,MD,Passenger Car,Moving Constant Speed,30,No,2013,FORD,FUSION,39.05542734,-77.05002247,2025,11,19
250051203,Property Damage Crash,11/14/2025 06:00:00 PM,PUNCH ST,NA,"Sideswipe, Same Direction",Clear,Dry,Medium,No Controls,NONE DETECTED,No,NA,"Disregarded Other Road Markings, Failed to Keep in Proper Lane, Other Improper Action",NA,NA,NA,Moving Constant Speed,25,No,0,NA,NA,39.08874561,-77.04187752,2025,11,18
250051188,Injury Crash,11/14/2025 05:45:00 PM,COLUMBIA PIKE (SB/L),NA,Front to Rear,Clear,Dry,Dark,No Controls,NONE DETECTED,No,No Apparent Injury,NA,Not Distracted,MD,Passenger Car,Slowing or Stopping,50,No,2021,AUDI,Q3,39.04792017,-76.9848835,2025,11,17
250051188,Injury Crash,11/14/2025 05:45:00 PM,COLUMBIA PIKE (SB/L),NA,Front to Rear,Clear,Dry,Dark,No Controls,NONE DETECTED,Yes,Possible Minor Injury,NA,Unknown,MD,Passenger Car,Slowing or Stopping,50,No,2019,NISSAN,SENTRA,39.04792017,-76.9848835,2025,11,17
250051190,Property Damage Crash,11/14/2025 05:40:00 PM,GREAT SENECA HWY (SB/L),NA,Front to Rear,Cloudy,Dry,Medium,Traffic Control Signal,NONE DETECTED,Yes,No Apparent Injury,NA,"Other Action (looking away from task, etc.)",MD,Passenger Car,Slowing or Stopping,50,No,2020,FORD,RANGER,39.1105875,-77.21858183,2025,11,17
250051190,Property Damage Crash,11/14/2025 05:40:00 PM,GREAT SENECA HWY (SB/L),NA,Front to Rear,Cloudy,Dry,Medium,Traffic Control Signal,NONE DETECTED,No,No Apparent Injury,NA,Not Distracted,MD,Passenger Car,Stopped in Traffic,50,No,2023,RIVIAN,R1S,39.1105875,-77.21858183,2025,11,17
250051190,Property Damage Crash,11/14/2025 05:40:00 PM,GREAT SENECA HWY (SB/L),NA,Front to Rear,Cloudy,Dry,Medium,Traffic Control Signal,NONE DETECTED,No,No Apparent Injury,NA,Not Distracted,MD,Passenger Car,Stopped in Traffic,50,No,2021,HYUNDAI,ELANTRA,39.1105875,-77.21858183,2025,11,17
250051183,Injury Crash,11/14/2025 05:28:00 PM,NA,NA,Front to Rear,Clear,Dry,Medium,Pedestrian Crossing Sign,NONE DETECTED,No,Possible Minor Injury,NA,Not Distracted,MD,Passenger Car,Negotiating a Curve,40,No,2020,TOYOTA,RAV4,39.00120215,-76.98780935,2025,11,17
250051183,Injury Crash,11/14/2025 05:28:00 PM,NA,NA,Front to Rear,Clear,Dry,Medium,Pedestrian Crossing Sign,NONE DETECTED,Yes,Possible Minor Injury,"Disregarded Other Traffic Sign, Too Fast For Conditions",Unknown,MD,Passenger Car,Moving Constant Speed,40,No,2015,TOYOTA,COROLLA,39.00120215,-76.98780935,2025,11,17
250051180,Property Damage Crash,11/14/2025 05:21:00 PM,CROYDON CT,NA,Front to Rear,Clear,Dry,Medium,No Controls,NONE DETECTED,Yes,No Apparent Injury,NA,Not Distracted,MD,Bus - School,Stopped in Traffic,25,No,2022,FREIGHTLINER,B2 BUS CHASSIS,39.00393572,-77.01171628,2025,11,17
250051175,Property Damage Crash,11/14/2025 04:34:00 PM,NA,NA,Single Vehicle,Clear,NA,Daylight,NA,NONE DETECTED,Yes,No Apparent Injury,NA,Not Distracted,MD,Bus - School,Parked,0,No,2024,FREIGHTLINER,B2 BUS CHASSIS,39.17629851,-77.19979878,2025,11,16
250051176,Property Damage Crash,11/14/2025 04:00:00 PM,HOME DEPOT SQUARE CUT THRU CUT,NA,"Sideswipe, Opposite Direction",Clear,Dry,Daylight,Stop Sign,NONE DETECTED,No,No Apparent Injury,"Ran Stop Sign, Too Fast For Conditions",NA,NA,Passenger Car,Moving Constant Speed,15,No,2013,HONDA,ACCORD,39.0278103,-77.1450232,2025,11,16
250051176,Property Damage Crash,11/14/2025 04:00:00 PM,HOME DEPOT SQUARE CUT THRU CUT,NA,"Sideswipe, Opposite Direction",Clear,Dry,Daylight,No Controls,NONE DETECTED,No,No Apparent Injury,NA,Not Distracted,MD,Passenger Car,Turning Left,15,No,2023,NISSAN,LEAF,39.0278103,-77.1450232,2025,11,16
250051174,Property Damage Crash,11/14/2025 03:35:00 PM,CONNECTICUT AVE (SB/L),NA,"Sideswipe, Same Direction",Clear,Dry,Daylight,No Controls,NONE DETECTED,No,No Apparent Injury,Failed to Keep in Proper Lane,Unknown,MD,Bus - School,Moving Constant Speed,25,No,2024,FREIGHTLINER,B2 106 ELECTRIC CONVENTIONAL CHASSIS,39.08399845,-77.07723433,2025,11,15
250051174,Property Damage Crash,11/14/2025 03:35:00 PM,CONNECTICUT AVE (SB/L),NA,"Sideswipe, Same Direction",Clear,Dry,Daylight,No Controls,NONE DETECTED,No,No Apparent Injury,NA,Not Distracted,VA,Bus - Transit,Moving Constant Speed,25,No,2025,GILLIG,LOW FLOOR BUS,39.08399845,-77.07723433,2025,11,15
250051156,Property Damage Crash,11/14/2025 03:08:00 PM,REGINA DR,NA,"Sideswipe, Same Direction",Cloudy,Dry,Daylight,No Controls,NONE DETECTED,No,No Apparent Injury,NA,Not Distracted,MD,Passenger Car,Moving Constant Speed,35,No,2023,HYUNDAI,SONATA,39.07406333,-77.06655833,2025,11,15
250051156,Property Damage Crash,11/14/2025 03:08:00 PM,REGINA DR,NA,"Sideswipe, Same Direction",Cloudy,Dry,Daylight,No Controls,NONE DETECTED,No,No Apparent Injury,NA,Not Distracted,MD,Passenger Car,Moving Constant Speed,35,No,2020,CHEVROLET,TRAVERSE,39.07406333,-77.06655833,2025,11,15
250051153,Injury Crash,11/14/2025 02:45:00 PM,GOOSENECK TERR,NA,Single Vehicle,Cloudy,Dry,Daylight,No Controls,NONE DETECTED,Yes,Possible Minor Injury,NA,NA,MD,Passenger Car,Moving Constant Speed,30,No,2016,HONDA,CIVIC,39.12944796,-77.07471155,2025,11,14
250051158,Property Damage Crash,11/14/2025 02:41:00 PM,NA,NA,Front to Rear,Cloudy,NA,Daylight,NA,NONE DETECTED,Yes,NA,NA,NA,NA,Sport Utility Vehicle,NA,0,No,0,NA,NA,39.183492,-77.21532633,2025,11,14
250051158,Property Damage Crash,11/14/2025 02:41:00 PM,NA,NA,Front to Rear,Cloudy,NA,Daylight,NA,NONE DETECTED,No,No Apparent Injury,NA,Not Distracted,MD,Bus - School,Parked,0,No,2015,FREIGHTLINER,B2 BUS CHASSIS,39.183492,-77.21532633,2025,11,14
250051147,Property Damage Crash,11/14/2025 01:45:00 PM,WISCONSIN AVE,NA,"Sideswipe, Same Direction",Clear,Dry,Daylight,No Controls,NONE DETECTED,No,No Apparent Injury,NA,Not Distracted,MD,Bus - Transit,Moving Constant Speed,35,No,2021,NEW FLYER,XCELSIOR,38.96798033,-77.08871317,2025,11,13
250051147,Property Damage Crash,11/14/2025 01:45:00 PM,WISCONSIN AVE,NA,"Sideswipe, Same Direction",Clear,Dry,Daylight,No Controls,NONE DETECTED,No,NA,NA,NA,NA,NA,Overtaking/Passing,35,No,0,NA,NA,38.96798033,-77.08871317,2025,11,13
250041149,Injury Crash,11/14/2025 01:41:00 PM,COLUMBIA PIKE (SB/L),NA,Angle,Clear,Dry,Daylight,Traffic Control Signal,NONE DETECTED,Yes,No Apparent Injury,NA,Not Distracted,MD,Single-Unit Truck,Moving Constant Speed,50,No,2010,KENWORTH,T8 SERIES,39.10427149,-76.9333256,2025,11,13
250041149,Injury Crash,11/14/2025 01:41:00 PM,COLUMBIA PIKE (SB/L),NA,Angle,Clear,Dry,Daylight,Traffic Control Signal,NONE DETECTED,No,Possible Minor Injury,NA,Not Distracted,FL,Passenger Car,Moving Constant Speed,30,No,2012,KIA,FORTE,39.10427149,-76.9333256,2025,11,13
250051141,Injury Crash,11/14/2025 12:50:00 PM,E DIAMOND AVE,Pedestrian,Single Vehicle,Clear,Dry,Daylight,No Controls,NONE DETECTED,No,No Apparent Injury,NA,Not Distracted,MD,Pickup,Turning Left,30,No,2024,CHEVROLET,COLORADO,39.14191036,-77.19554811,2025,11,12
250051146,Property Damage Crash,11/14/2025 12:38:00 PM,HELEN HENEGHAN WAY,NA,"Sideswipe, Same Direction",Clear,Dry,Daylight,No Controls,NONE DETECTED,No,No Apparent Injury,NA,Not Distracted,MD,Passenger Car,Overtaking/Passing,15,No,2024,HONDA,CR-V,39.08453708,-77.14999167,2025,11,12
250051129,Injury Crash,11/14/2025 11:20:00 AM,TWIG TERR,NA,"Sideswipe, Same Direction",Cloudy,Dry,Daylight,No Controls,NONE DETECTED,Yes,No Apparent Injury,NA,Not Distracted,DC,Sport Utility Vehicle,Backing,25,No,2018,TOYOTA,RAV4,39.09281883,-76.98654483,2025,11,11
250051129,Injury Crash,11/14/2025 11:20:00 AM,TWIG TERR,NA,"Sideswipe, Same Direction",Cloudy,Dry,Daylight,No Controls,NONE DETECTED,No,Possible Minor Injury,NA,Not Distracted,MD,Sport Utility Vehicle,Stopped in Traffic,25,No,2010,TOYOTA,HIGHLANDER,39.09281883,-76.98654483,2025,11,11
250051126,Property Damage Crash,11/14/2025 11:19:00 AM,PERRY AVE,NA,Angle,Clear,Dry,Daylight,No Controls,NONE DETECTED,Yes,No Apparent Injury,NA,Not Distracted,MD,Passenger Car,Turning Left,35,No,2025,CHEVROLET,EQUINOX,39.03291569,-77.07346054,2025,11,11
250051126,Property Damage Crash,11/14/2025 11:19:00 AM,PERRY AVE,NA,Angle,Clear,Dry,Daylight,No Controls,NONE DETECTED,No,No Apparent Injury,NA,Not Distracted,MD,Pickup,Moving Constant Speed,35,No,2019,FORD,F-150,39.03291569,-77.07346054,2025,11,11
250051122,Injury Crash,11/14/2025 11:03:00 AM,NA,NA,Angle,Clear,Dry,Daylight,Traffic Control Signal,NONE DETECTED,Yes,Possible Minor Injury,Failed to Yield Right-of-Way,Not Distracted,MD,Sport Utility Vehicle,Turning Left,35,No,2022,GMC,YUKON XL,39.00318667,-77.134976,2025,11,11
250051122,Injury Crash,11/14/2025 11:03:00 AM,NA,NA,Angle,Clear,Dry,Daylight,Traffic Control Signal,NONE DETECTED,No,Possible Minor Injury,NA,Not Distracted,MD,Sport Utility Vehicle,Moving Constant Speed,35,No,2023,MERCEDES-BENZ,GLE-CLASS,39.00318667,-77.134976,2025,11,11
250051116,Injury Crash,11/14/2025 10:30:00 AM,ISBELL ST,NA,Angle,Clear,Dry,Daylight,Stop Sign,NONE DETECTED,No,Possible Minor Injury,NA,Not Distracted,MD,Passenger Car,Turning Right,35,No,2019,HYUNDAI,ACCENT,39.06455115,-77.07399057,2025,11,10
250051116,Injury Crash,11/14/2025 10:30:00 AM,ISBELL ST,NA,Angle,Clear,Dry,Daylight,Stop Sign,NONE DETECTED,Yes,Possible Minor Injury,NA,"Manually Operating (dialing, playing game, etc.)",MD,Sport Utility Vehicle,Moving Constant Speed,35,No,2025,CHEVROLET,TRAX,39.06455115,-77.07399057,2025,11,10
250051106,Property Damage Crash,11/14/2025 09:53:00 AM,NA,NA,Single Vehicle,Clear,NA,Daylight,NA,NONE DETECTED,No,No Apparent Injury,NA,Not Distracted,MD,Passenger Car,Accelerating,0,No,2020,TOYOTA,AVALON,39.07757036,-77.14126166,2025,11,9
250051104,Property Damage Crash,11/14/2025 09:31:00 AM,NA,NA,Angle,Clear,Dry,Daylight,Stop Sign,NONE DETECTED,No,No Apparent Injury,NA,Not Distracted,MD,Passenger Car,Moving Constant Speed,30,No,2008,TOYOTA,COROLLA MATRIX,39.05047224,-77.10374023,2025,11,9
250051104,Property Damage Crash,11/14/2025 09:31:00 AM,NA,NA,Angle,Clear,Dry,Daylight,Stop Sign,NONE DETECTED,Yes,No Apparent Injury,NA,Not Distracted,NJ,Passenger Car,Turning Left,30,No,2016,FORD,EXPLORER,39.05047224,-77.10374023,2025,11,9
250051103,Property Damage Crash,11/14/2025 09:28:00 AM,ROCKVILLE PIKE,NA,Front to Rear,Clear,Dry,Daylight,Traffic Control Signal,NONE DETECTED,Yes,No Apparent Injury,Followed Too Closely,Unknown,MD,Passenger Car,NA,25,No,2013,TOYOTA,PRIUS PLUG-IN,39.066779,-77.12801467,2025,11,9
250051103,Property Damage Crash,11/14/2025 09:28:00 AM,ROCKVILLE PIKE,NA,Front to Rear,Clear,Dry,Daylight,Traffic Control Signal,NONE DETECTED,No,No Apparent Injury,Other Improper Action,Unknown,MD,Passenger Car,NA,25,No,2019,HONDA,CR-V,39.066779,-77.12801467,2025,11,9
250051102,Property Damage Crash,11/14/2025 09:00:00 AM,NA,NA,Front to Rear,Clear,NA,Daylight,NA,NONE DETECTED,No,No Apparent Injury,NA,Not Distracted,MD,Bus - School,Parked,0,No,2015,FREIGHTLINER,B2 BUS CHASSIS,39.29109571,-77.20249144,2025,11,9
250051102,Property Damage Crash,11/14/2025 09:00:00 AM,NA,NA,Front to Rear,Clear,NA,Daylight,NA,NONE DETECTED,Yes,No Apparent Injury,Other Improper Action,Not Distracted,MD,Passenger Car,Backing,0,No,2014,NISSAN,SENTRA,39.29109571,-77.20249144,2025,11,9
250051098,Injury Crash,11/14/2025 08:23:00 AM,REDLAND RD,NA,"Sideswipe, Opposite Direction",Clear,Dry,Daylight,No Controls,NONE DETECTED,Yes,No Apparent Injury,Failed to Yield Right-of-Way,Unknown,MD,Passenger Car,Turning Left,35,No,2014,GMC,ACADIA,39.14491944,-77.1444557,2025,11,8
250051098,Injury Crash,11/14/2025 08:23:00 AM,REDLAND RD,NA,"Sideswipe, Opposite Direction",Clear,Dry,Daylight,No Controls,NONE DETECTED,No,Possible Minor Injury,NA,Not Distracted,MD,Van - Passenger (&lt;9 Seats),Moving Constant Speed,35,No,2003,CHEVROLET,ASTRO VAN,39.14491944,-77.1444557,2025,11,8