Local Case Number,ACRS Report Type,Crash Date/Time,Road Name,Related Non-Motorist,Collision Type,Weather,Surface Condition,Light,Traffic Control,Driver Substance Abuse,Driver At Fault,Injury Severity,Circumstance,Driver Distracted By,Drivers License State,Vehicle Body Type,Vehicle Movement,Speed Limit,Driverless Vehicle,Vehicle Year,Vehicle Make,Vehicle Model,Latitude,Longitude,Year,Month,Hour
250051094,Property Damage Crash,11/14/2025 07:50:00 AM,E GUDE DR (WB/L),NA,Front to Rear,Clear,Dry,Daylight,Traffic Control Signal,NONE DETECTED,No,No Apparent Injury,NA,Not Distracted,XX,Pickup,Stopped in Traffic,40,No,2025,TOYOTA,TACOMA,39.1066511,-77.15833378,2025,11,7
250051094,Property Damage Crash,11/14/2025 07:50:00 AM,E GUDE DR (WB/L),NA,Front to Rear,Clear,Dry,Daylight,Traffic Control Signal,NONE DETECTED,Yes,No Apparent Injury,Followed Too Closely,Not Distracted,MD,Passenger Car,Slowing or Stopping,40,No,2007,HYUNDAI,ACCENT,39.1066511,-77.15833378,2025,11,7
250051178,Property Damage Crash,11/14/2025 07:49:00 AM,SPRING ST,NA,Front to Rear,Clear,Dry,Daylight,Traffic Control Signal,NONE DETECTED,No,NA,NA,NA,NA,Bus - School,Slowing or Stopping,30,No,2011,FREIGHTLINER,B2 BUS CHASSIS,38.99967833,-77.0316325,2025,11,7
250051178,Property Damage Crash,11/14/2025 07:49:00 AM,SPRING ST,NA,Front to Rear,Clear,Dry,Daylight,Traffic Control Signal,NONE DETECTED,No,No Apparent Injury,NA,Not Distracted,MD,Passenger Car,Stopped in Traffic,30,No,2018,TOYOTA,RAV4,38.99967833,-77.0316325,2025,11,7
250051091,Injury Crash,11/14/2025 07:45:00 AM,KEMP MILL RD,NA,Single Vehicle,Clear,Other,Daylight,Stop Sign,NONE DETECTED,Yes,Possible Minor Injury,NA,Not Distracted,MD,Motorcycle - 2 Wheeled,Turning Left,25,No,2018,TRIUMPH,STREET TRIPLE,39.05209764,-77.02455126,2025,11,7
250051095,Property Damage Crash,11/14/2025 07:30:00 AM,NA,NA,"Sideswipe, Same Direction",Clear,NA,Daylight,NA,NONE DETECTED,No,No Apparent Injury,Improper Passing,Unknown,MD,Bus - School,Overtaking/Passing,0,No,2018,FREIGHTLINER,B2 BUS CHASSIS,39.05825699,-77.00491165,2025,11,7
250051095,Property Damage Crash,11/14/2025 07:30:00 AM,NA,NA,"Sideswipe, Same Direction",Clear,NA,Daylight,NA,NONE DETECTED,No,No Apparent Injury,NA,Not Distracted,MD,Bus - School,Parked,0,No,2012,FREIGHTLINER,B2 BUS CHASSIS,39.05825699,-77.00491165,2025,11,7
250051092,Injury Crash,11/14/2025 07:22:00 AM,WIMS RD,NA,Other,Clear,Dry,Daylight,No Controls,NONE DETECTED,Yes,Possible Minor Injury,NA,Unknown,MD,Passenger Car,Accelerating,40,No,2023,TOYOTA,TACOMA,39.22636375,-77.26403809,2025,11,7
250051092,Injury Crash,11/14/2025 07:22:00 AM,WIMS RD,NA,Other,Clear,Dry,Daylight,Stop Sign,NONE DETECTED,No,No Apparent Injury,NA,Not Distracted,MD,Passenger Car,Moving Constant Speed,15,No,2005,LEXUS,ES,39.22636375,-77.26403809,2025,11,7
250051087,Property Damage Crash,11/14/2025 07:19:00 AM,GEORGIA AVE,NA,Front to Rear,Clear,Dry,Daylight,No Controls,NONE DETECTED,No,No Apparent Injury,NA,Not Distracted,MD,Passenger Car,Moving Constant Speed,30,No,2016,AUDI,A3,39.1556135,-77.06659049,2025,11,7
250051087,Property Damage Crash,11/14/2025 07:19:00 AM,GEORGIA AVE,NA,Front to Rear,Clear,Dry,Daylight,No Controls,NONE DETECTED,Yes,No Apparent Injury,NA,Not Distracted,MD,Van - Passenger (&lt;9 Seats),Changing Lanes,30,No,2012,CHEVROLET,EXPRESS,39.1556135,-77.06659049,2025,11,7
250051088,Property Damage Crash,11/14/2025 07:15:00 AM,MUDDY BRANCH RD (SB/L),NA,Front to Rear,Clear,Dry,Daylight,Traffic Control Signal,NONE DETECTED,Yes,No Apparent Injury,NA,Unknown,MD,Passenger Car,Turning Right,35,No,2016,FORD,C-MAX,39.11034736,-77.21741483,2025,11,7
250051088,Property Damage Crash,11/14/2025 07:15:00 AM,MUDDY BRANCH RD (SB/L),NA,Front to Rear,Clear,Dry,Daylight,Traffic Control Signal,NONE DETECTED,No,No Apparent Injury,NA,Not Distracted,MD,Bus - School,Stopped in Traffic,35,No,2017,THOMAS BUILT,HDX,39.11034736,-77.21741483,2025,11,7
250051079,Property Damage Crash,11/14/2025 04:00:00 AM,GLENMONT CIR #1,NA,Angle,Clear,Dry,Medium,Lane Use Control Signal,NONE DETECTED,Yes,No Apparent Injury,NA,Not Distracted,MD,Passenger Car,Moving Constant Speed,40,No,2017,NISSAN,MAXIMA,39.05902751,-77.04766042,2025,11,4
250051079,Property Damage Crash,11/14/2025 04:00:00 AM,GLENMONT CIR #1,NA,Angle,Clear,Dry,Medium,Lane Use Control Signal,NONE DETECTED,Yes,No Apparent Injury,NA,Not Distracted,MD,Sport Utility Vehicle,Turning Left,40,No,2011,NISSAN,ROGUE,39.05902751,-77.04766042,2025,11,4
250051074,Injury Crash,11/14/2025 12:50:00 AM,NEW HAMPSHIRE AVE,NA,Front to Rear,Clear,Dry,Medium,No Controls,NONE DETECTED,Yes,No Apparent Injury,NA,Unknown,MD,Passenger Car,Slowing or Stopping,35,No,2013,TOYOTA,COROLLA,39.02171835,-76.97714975,2025,11,0
250051074,Injury Crash,11/14/2025 12:50:00 AM,NEW HAMPSHIRE AVE,NA,Front to Rear,Clear,Dry,Medium,No Controls,NONE DETECTED,No,Possible Minor Injury,NA,Not Distracted,MD,Passenger Car,Slowing or Stopping,35,No,2008,HYUNDAI,SONATA,39.02171835,-76.97714975,2025,11,0
250051071,Property Damage Crash,11/13/2025 11:43:00 PM,CABIN JOHN PKWY (SB/L),NA,Single Vehicle,Clear,Dry,Dark,No Controls,NONE DETECTED,Yes,No Apparent Injury,NA,Unknown,MD,Passenger Car,Negotiating a Curve,35,No,2014,CHEVROLET,CORVETTE,38.97034725,-77.14593239,2025,11,23
250051058,Property Damage Crash,11/13/2025 08:39:00 PM,WHITTIER BLVD,NA,Single Vehicle,Clear,Dry,Medium,Stop Sign,NONE DETECTED,Yes,No Apparent Injury,NA,Unknown,MD,Passenger Car,Turning Right,25,No,2015,VOLKSWAGEN,PASSAT,38.98096005,-77.12563524,2025,11,20
250051056,Property Damage Crash,11/13/2025 08:34:00 PM,COLUMBIA PIKE,NA,Single Vehicle,Clear,Dry,Medium,No Controls,NONE DETECTED,Yes,No Apparent Injury,NA,Not Distracted,MD,Sport Utility Vehicle,Moving Constant Speed,50,No,2022,HYUNDAI,TUCSON,39.11249664,-76.92870352,2025,11,20
250051076,Injury Crash,11/13/2025 08:00:00 PM,NA,Pedestrian,Single Vehicle,Clear,NA,Dark,NA,NONE DETECTED,No,NA,NA,NA,NA,NA,Moving Constant Speed,0,No,0,NA,NA,39.03354099,-77.04770356,2025,11,20
250051049,Injury Crash,11/13/2025 07:21:00 PM,NA,NA,Single Vehicle,Clear,NA,Medium,NA,NONE DETECTED,Yes,Possible Minor Injury,"Improper Backing, Operated Motor Vehicle in Inattentive, Careless, Negligent, or Erratic Manner, Other Improper Action, Ran Off Roadway",Unknown,MD,Sport Utility Vehicle,Backing,0,No,2008,HYUNDAI,SANTA FE,39.18291497,-77.17938943,2025,11,19
250051043,Injury Crash,11/13/2025 07:09:00 PM,MARKET ST,NA,Angle,Clear,Dry,Medium,Yield Sign,NONE DETECTED,Yes,No Apparent Injury,Failed to Yield Right-of-Way,Not Distracted,MD,Passenger Car,Accelerating,25,No,2015,TOYOTA,RAV4,39.12296153,-77.23478119,2025,11,19
250051043,Injury Crash,11/13/2025 07:09:00 PM,MARKET ST,NA,Angle,Clear,Dry,Medium,Yield Sign,NONE DETECTED,No,No Apparent Injury,NA,Not Distracted,MD,Passenger Car,Moving Constant Speed,25,No,2014,NISSAN,MAXIMA,39.12296153,-77.23478119,2025,11,19
250051047,Property Damage Crash,11/13/2025 06:51:00 PM,NEW HAMPSHIRE AVE,NA,"Sideswipe, Same Direction",Clear,Dry,Medium,No Controls,NONE DETECTED,No,No Apparent Injury,NA,Not Distracted,MD,Bus - School,Moving Constant Speed,35,No,2020,THOMAS BUILT,HDX,39.03427272,-76.98687453,2025,11,18
250051047,Property Damage Crash,11/13/2025 06:51:00 PM,NEW HAMPSHIRE AVE,NA,"Sideswipe, Same Direction",Clear,Dry,Medium,No Controls,NONE DETECTED,No,NA,NA,NA,NA,Passenger Car,Moving Constant Speed,35,No,0,NA,NA,39.03427272,-76.98687453,2025,11,18
250051040,Injury Crash,11/13/2025 06:50:00 PM,RANDOLPH RD (WB/L),NA,Front to Rear,Clear,Dry,Medium,No Controls,NONE DETECTED,Yes,No Apparent Injury,Followed Too Closely,Not Distracted,GA,Passenger Car,Moving Constant Speed,35,No,2011,MAZDA,CX-9,39.05388693,-77.09615791,2025,11,18
250051040,Injury Crash,11/13/2025 06:50:00 PM,RANDOLPH RD (WB/L),NA,Front to Rear,Clear,Dry,Medium,No Controls,NONE DETECTED,No,Possible Minor Injury,NA,Not Distracted,MD,Passenger Car,Moving Constant Speed,35,No,2018,DODGE,GRAND CARAVAN,39.05388693,-77.09615791,2025,11,18
250051039,Property Damage Crash,11/13/2025 06:45:00 PM,GEORGIA AVE (SB/L),NA,Unknown,Clear,Dry,Medium,Traffic Control Signal,NONE DETECTED,Yes,No Apparent Injury,NA,Unknown,MD,Passenger Car,Overtaking/Passing,40,No,2012,NISSAN,ALTIMA,38.99608038,-77.02836436,2025,11,18
250051039,Property Damage Crash,11/13/2025 06:45:00 PM,GEORGIA AVE (SB/L),NA,Unknown,Clear,Dry,Medium,Traffic Control Signal,NONE DETECTED,No,No Apparent Injury,NA,Not Distracted,MD,Passenger Car,Stopped in Traffic,40,No,2024,TESLA,MODEL Y,38.99608038,-77.02836436,2025,11,18
250051038,Property Damage Crash,11/13/2025 06:40:00 PM,NA,NA,Front to Rear,Clear,Dry,Medium,No Controls,NONE DETECTED,Yes,No Apparent Injury,NA,Not Distracted,MD,Passenger Car,Backing,25,No,2019,DODGE,CHARGER,39.11989333,-77.16500833,2025,11,18
250051037,Property Damage Crash,11/13/2025 06:32:00 PM,MUDDY BRANCH RD (SB/L),NA,Front to Rear,Clear,Dry,Medium,Traffic Control Signal,NONE DETECTED,No,No Apparent Injury,NA,Not Distracted,MD,Passenger Car,Moving Constant Speed,35,No,2013,HYUNDAI,SONATA,39.14005583,-77.205002,2025,11,18
250051037,Property Damage Crash,11/13/2025 06:32:00 PM,MUDDY BRANCH RD (SB/L),NA,Front to Rear,Clear,Dry,Medium,Traffic Control Signal,NONE DETECTED,No,No Apparent Injury,NA,Not Distracted,MD,Passenger Car,Turning Left,35,No,2021,HONDA,ACCORD,39.14005583,-77.205002,2025,11,18
250051036,Injury Crash,11/13/2025 06:17:00 PM,RANDOLPH RD (WB/L),NA,Front to Rear,Clear,Dry,Medium,No Controls,NONE DETECTED,No,Possible Minor Injury,NA,Unknown,MD,Passenger Car,Moving Constant Speed,30,No,2025,NISSAN,ALTIMA,39.05350933,-77.0897375,2025,11,18
250051036,Injury Crash,11/13/2025 06:17:00 PM,RANDOLPH RD (WB/L),NA,Front to Rear,Clear,Dry,Medium,No Controls,NONE DETECTED,Yes,No Apparent Injury,NA,Unknown,MD,Bus - Transit,Changing Lanes,30,No,2013,NEW FLYER,XCELSIOR,39.05350933,-77.0897375,2025,11,18
250051033,Property Damage Crash,11/13/2025 06:09:00 PM,COLESVILLE RD,NA,Other,Clear,Dry,Medium,Lane Use Control Signal,NONE DETECTED,No,No Apparent Injury,NA,Not Distracted,MD,Passenger Car,Moving Constant Speed,35,No,2016,FORD,FOCUS,39.00005426,-77.02572283,2025,11,18
250051033,Property Damage Crash,11/13/2025 06:09:00 PM,COLESVILLE RD,NA,Other,Clear,Dry,Medium,Lane Use Control Signal,NONE DETECTED,Yes,No Apparent Injury,NA,Not Distracted,MD,Sport Utility Vehicle,Turning Left,35,No,2024,TOYOTA,GRAND HIGHLANDER,39.00005426,-77.02572283,2025,11,18
250051034,Property Damage Crash,11/13/2025 06:00:00 PM,NORBECK RD,NA,"Sideswipe, Opposite Direction",Clear,Dry,Medium,Traffic Control Signal,NONE DETECTED,No,No Apparent Injury,NA,Not Distracted,MD,Passenger Car,Changing Lanes,35,No,2017,CHEVROLET,IMPALA,39.09609435,-77.10996724,2025,11,18
250051034,Property Damage Crash,11/13/2025 06:00:00 PM,NORBECK RD,NA,"Sideswipe, Opposite Direction",Clear,Dry,Medium,Traffic Control Signal,NONE DETECTED,No,No Apparent Injury,NA,NA,NA,Unknown,Moving Constant Speed,35,No,0,NA,NA,39.09609435,-77.10996724,2025,11,18
250051024,Injury Crash,11/13/2025 05:48:00 PM,NA,NA,Angle,Clear,Dry,Medium,Stop Sign,NONE DETECTED,Yes,No Apparent Injury,Failed to Yield Right-of-Way,Unknown,VA,Sport Utility Vehicle,Accelerating,25,No,2020,JEEP,CHEROKEE,38.98792625,-77.09950621,2025,11,17
250051024,Injury Crash,11/13/2025 05:48:00 PM,NA,NA,Angle,Clear,Dry,Medium,No Controls,NONE DETECTED,No,Possible Minor Injury,NA,Unknown,MD,Passenger Car,Moving Constant Speed,25,No,2020,KIA,FORTE,38.98792625,-77.09950621,2025,11,17
250051022,Injury Crash,11/13/2025 05:37:00 PM,COMUS RD,NA,Rear To Rear,Clear,Dry,Dark,No Controls,NONE DETECTED,No,No Apparent Injury,"Operated Motor Vehicle in Inattentive, Careless, Negligent, or Erratic Manner, Too Fast For Conditions",Unknown,MD,Passenger Car,Moving Constant Speed,30,No,2014,HONDA,CR-V,39.24371183,-77.31854517,2025,11,17
250051022,Injury Crash,11/13/2025 05:37:00 PM,COMUS RD,NA,Rear To Rear,Clear,Dry,Dark,No Controls,NONE DETECTED,No,Possible Minor Injury,NA,Not Distracted,MD,Passenger Car,Turning Left,30,No,2015,TOYOTA,CAMRY,39.24371183,-77.31854517,2025,11,17
250051026,Property Damage Crash,11/13/2025 05:33:00 PM,ROCKVILLE PIKE,NA,Rear To Rear,Clear,Dry,Medium,Traffic Control Signal,NONE DETECTED,Yes,No Apparent Injury,NA,Unknown,MD,Passenger Car,Moving Constant Speed,35,No,2016,BMW,428I,39.01500763,-77.09967845,2025,11,17
250051026,Property Damage Crash,11/13/2025 05:33:00 PM,ROCKVILLE PIKE,NA,Rear To Rear,Clear,Dry,Medium,Traffic Control Signal,NONE DETECTED,No,No Apparent Injury,NA,Not Distracted,MD,Passenger Car,Slowing or Stopping,35,No,2014,TOYOTA,PRIUS V,39.01500763,-77.09967845,2025,11,17
250051026,Property Damage Crash,11/13/2025 05:33:00 PM,ROCKVILLE PIKE,NA,Rear To Rear,Clear,Dry,Medium,Traffic Control Signal,NONE DETECTED,Yes,No Apparent Injury,NA,Unknown,MD,Passenger Car,Moving Constant Speed,35,No,2006,TOYOTA,COROLLA MATRIX,39.01500763,-77.09967845,2025,11,17
250051708,Property Damage Crash,11/13/2025 05:16:00 PM,E RANDOLPH RD (WB/L),NA,Front to Rear,Clear,Dry,Medium,No Controls,NONE DETECTED,No,NA,"Disregarded Other Road Markings, Failed to Yield Right-of-Way, Other Improper Action",NA,NA,Sport Utility Vehicle,Changing Lanes,35,No,1999,JEEP,GRAND CHEROKEE,39.0758784,-77.00142947,2025,11,17
250051708,Property Damage Crash,11/13/2025 05:16:00 PM,E RANDOLPH RD (WB/L),NA,Front to Rear,Clear,Dry,Medium,No Controls,NONE DETECTED,No,No Apparent Injury,NA,Not Distracted,MD,Passenger Car,Stopped in Traffic,35,No,2021,VOLKSWAGEN,JETTA,39.0758784,-77.00142947,2025,11,17
250051007,Injury Crash,11/13/2025 04:45:00 PM,RAMP 7 FR RANDOLPH RD WB TO MD 97 SB,NA,Single Vehicle,Clear,Dry,Daylight,Traffic Control Signal,NONE DETECTED,No,Possible Minor Injury,Other Improper Action,Unknown,FL,Passenger Car,Moving Constant Speed,40,No,2000,TOYOTA,COROLLA,39.05920333,-77.0478595,2025,11,16
250051008,Property Damage Crash,11/13/2025 04:38:00 PM,MEEM AVE,NA,Single Vehicle,Clear,Dry,Daylight,No Controls,ALCOHOL PRESENT,No,No Apparent Injury,NA,Unknown,MD,Passenger Car,NA,35,No,2005,NISSAN,ALTIMA,39.14079076,-77.20201773,2025,11,16
250050996,Injury Crash,11/13/2025 04:15:00 PM,KNOWLES AVE,Cyclist (non-electric),Single Vehicle,Clear,Dry,Daylight,"Other Pavement Marking (excluding edgelines, centerlines, or lane lines)",NONE DETECTED,Yes,No Apparent Injury,Improper Passing,Not Distracted,MD,Passenger Car,Overtaking/Passing,35,No,2006,TOYOTA,SCION XA,39.03349355,-77.08918804,2025,11,16
250050995,Property Damage Crash,11/13/2025 03:57:00 PM,NA,NA,Front to Rear,Clear,Dry,Daylight,Pedestrian Crossing Sign,NONE DETECTED,No,No Apparent Injury,Followed Too Closely,Unknown,MD,Passenger Car,Slowing or Stopping,35,No,2025,BMW,X1,39.02946567,-77.20158567,2025,11,15
250050995,Property Damage Crash,11/13/2025 03:57:00 PM,NA,NA,Front to Rear,Clear,Dry,Daylight,Pedestrian Crossing Sign,NONE DETECTED,No,No Apparent Injury,NA,Not Distracted,MD,Passenger Car,Slowing or Stopping,35,No,2018,HONDA,CIVIC,39.02946567,-77.20158567,2025,11,15
250050989,Injury Crash,11/13/2025 03:50:00 PM,DARNESTOWN RD,NA,Angle,Clear,Dry,Daylight,Traffic Control Signal,NONE DETECTED,No,Possible Minor Injury,NA,Not Distracted,MD,Passenger Car,Turning Left,40,No,2012,TOYOTA,SIENNA,39.1006635,-77.21324433,2025,11,15
250050989,Injury Crash,11/13/2025 03:50:00 PM,DARNESTOWN RD,NA,Angle,Clear,Dry,Daylight,Traffic Control Signal,NONE DETECTED,Yes,No Apparent Injury,NA,Unknown,MD,Passenger Car,Moving Constant Speed,40,No,2015,TOYOTA,TUNDRA,39.1006635,-77.21324433,2025,11,15
250050985,Injury Crash,11/13/2025 03:37:00 PM,MASSACHUSETTS AVE,NA,Front to Rear,Clear,Dry,Daylight,No Controls,NONE DETECTED,No,Possible Minor Injury,NA,Not Distracted,MD,Sport Utility Vehicle,Slowing or Stopping,35,No,2024,SUBARU,FORESTER,38.96136632,-77.11726487,2025,11,15
250050985,Injury Crash,11/13/2025 03:37:00 PM,MASSACHUSETTS AVE,NA,Front to Rear,Clear,Dry,Daylight,No Controls,NONE DETECTED,Yes,No Apparent Injury,NA,"Other Action (looking away from task, etc.)",VA,Sport Utility Vehicle,Moving Constant Speed,35,No,2017,FORD,EXPLORER,38.96136632,-77.11726487,2025,11,15
250050983,Property Damage Crash,11/13/2025 03:35:00 PM,ROCKVILLE PIKE,NA,Angle,Clear,Dry,Daylight,Traffic Control Signal,NONE DETECTED,No,No Apparent Injury,NA,Not Distracted,MD,Passenger Car,Moving Constant Speed,35,No,2015,NISSAN,VERSA,39.08347877,-77.14677364,2025,11,15
250050983,Property Damage Crash,11/13/2025 03:35:00 PM,ROCKVILLE PIKE,NA,Angle,Clear,Dry,Daylight,Traffic Control Signal,NONE DETECTED,Yes,No Apparent Injury,NA,Unknown,MD,Passenger Car,Turning Left,35,No,2014,CHRYSLER,TOWN AND COUNTRY,39.08347877,-77.14677364,2025,11,15
250051004,Property Damage Crash,11/13/2025 03:29:00 PM,MANNAKEE ST,NA,Other,Clear,Dry,Daylight,Stop Sign,NONE DETECTED,Yes,No Apparent Injury,NA,Unknown,MD,Bus - Transit,Turning Left,25,No,2017,GILLIG,UNKNOWN,39.09603442,-77.15702936,2025,11,15
250051004,Property Damage Crash,11/13/2025 03:29:00 PM,MANNAKEE ST,NA,Other,Clear,Dry,Daylight,Stop Sign,NONE DETECTED,No,No Apparent Injury,NA,Unknown,MD,Passenger Car,Accelerating,25,No,2013,CHRYSLER,300,39.09603442,-77.15702936,2025,11,15
250050976,Injury Crash,11/13/2025 02:15:00 PM,CONNECTICUT AVE SERVICE RD,Pedestrian,Single Vehicle,Clear,Dry,Daylight,No Controls,NONE DETECTED,No,No Apparent Injury,NA,Not Distracted,MD,Passenger Car,Backing,15,No,2018,TOYOTA,RAV4,39.0538365,-77.07409667,2025,11,14
250050977,Injury Crash,11/13/2025 02:15:00 PM,NA,Pedestrian,Single Vehicle,Clear,Dry,Daylight,Stop Sign,NONE DETECTED,Yes,No Apparent Injury,NA,Unknown,MD,Passenger Car,Accelerating,30,No,2006,TOYOTA,SIENNA,38.98811232,-77.01231913,2025,11,14
250050978,Property Damage Crash,11/13/2025 02:02:00 PM,NA,NA,Other,Clear,NA,Daylight,NA,NONE DETECTED,Yes,No Apparent Injury,Improper Passing,Not Distracted,MD,Passenger Car,Slowing or Stopping,0,No,2013,TOYOTA,TACOMA,39.127375,-77.16401167,2025,11,14
250050978,Property Damage Crash,11/13/2025 02:02:00 PM,NA,NA,Other,Clear,NA,Daylight,NA,NONE DETECTED,No,No Apparent Injury,NA,Not Distracted,MD,Bus - School,Backing,0,No,2022,FREIGHTLINER,B2 BUS CHASSIS,39.127375,-77.16401167,2025,11,14
250051204,Property Damage Crash,11/13/2025 01:52:00 PM,NA,NA,Front to Rear,Clear,NA,Daylight,NA,NONE DETECTED,No,NA,NA,NA,NA,Sport Utility Vehicle,Backing,0,No,2006,GMC,YUKON XL,39.05209088,-76.97465332,2025,11,13
250051204,Property Damage Crash,11/13/2025 01:52:00 PM,NA,NA,Front to Rear,Clear,NA,Daylight,NA,NONE DETECTED,No,NA,NA,NA,NA,Passenger Car,Parked,0,No,2022,TOYOTA,CAMRY,39.05209088,-76.97465332,2025,11,13
250050973,Property Damage Crash,11/13/2025 01:50:00 PM,CONNECTICUT AVE (SB/L),NA,"Sideswipe, Same Direction",Clear,Dry,Daylight,No Controls,NONE DETECTED,Yes,No Apparent Injury,NA,Not Distracted,MD,Bus - School,Moving Constant Speed,35,No,2022,THOMAS BUILT,HDX,39.030929,-77.07528846,2025,11,13
250050973,Property Damage Crash,11/13/2025 01:50:00 PM,CONNECTICUT AVE (SB/L),NA,"Sideswipe, Same Direction",Clear,Dry,Daylight,No Controls,NONE DETECTED,Yes,No Apparent Injury,NA,Not Distracted,MD,Passenger Car,Moving Constant Speed,35,No,2024,HONDA,CIVIC,39.030929,-77.07528846,2025,11,13
250050959,Property Damage Crash,11/13/2025 12:34:00 PM,HUNGERFORD DR (SB/L),NA,Front to Rear,Clear,Dry,Daylight,No Controls,NONE DETECTED,Yes,No Apparent Injury,NA,Not Distracted,MD,Van - Passenger (&lt;9 Seats),Moving Constant Speed,35,No,2021,FORD,TRANSIT,39.09463225,-77.15338622,2025,11,12
250050958,Property Damage Crash,11/13/2025 12:34:00 PM,UNIVERSITY BLVD E,NA,"Sideswipe, Same Direction",Clear,Dry,Daylight,Other,NONE DETECTED,No,No Apparent Injury,NA,Not Distracted,MD,Bus - Transit,Moving Constant Speed,30,No,2013,NEW FLYER,XCELSIOR,39.00022074,-76.99561148,2025,11,12
250050959,Property Damage Crash,11/13/2025 12:34:00 PM,HUNGERFORD DR (SB/L),NA,Front to Rear,Clear,Dry,Daylight,No Controls,NONE DETECTED,No,No Apparent Injury,NA,Not Distracted,MD,Van - Passenger (&lt;9 Seats),Stopped in Traffic,35,No,2007,HONDA,ODYSSEY,39.09463225,-77.15338622,2025,11,12
250050959,Property Damage Crash,11/13/2025 12:34:00 PM,HUNGERFORD DR (SB/L),NA,Front to Rear,Clear,Dry,Daylight,No Controls,NONE DETECTED,No,No Apparent Injury,NA,Not Distracted,VA,Van - Passenger (&lt;9 Seats),Stopped in Traffic,35,No,2026,CHRYSLER,VOYAGER,39.09463225,-77.15338622,2025,11,12
250050958,Property Damage Crash,11/13/2025 12:34:00 PM,UNIVERSITY BLVD E,NA,"Sideswipe, Same Direction",Clear,Dry,Daylight,Other,NONE DETECTED,No,No Apparent Injury,"Disregarded Other Traffic Sign, Failed to Yield Right-of-Way",Unknown,MD,Passenger Car,Changing Lanes,30,No,2023,TOYOTA,COROLLA,39.00022074,-76.99561148,2025,11,12
250050951,Property Damage Crash,11/13/2025 12:00:00 PM,GEORGIA AVE,NA,Other,Clear,Dry,Daylight,No Controls,NONE DETECTED,Yes,No Apparent Injury,Failed to Yield Right-of-Way,Not Distracted,MD,Sport Utility Vehicle,Moving Constant Speed,40,No,2012,ACURA,MDX,39.13400504,-77.06985499,2025,11,12
250050951,Property Damage Crash,11/13/2025 12:00:00 PM,GEORGIA AVE,NA,Other,Clear,Dry,Daylight,No Controls,NONE DETECTED,No,No Apparent Injury,NA,Not Distracted,MD,Pickup,Moving Constant Speed,35,No,2014,CHEVROLET,SILVERADO,39.13400504,-77.06985499,2025,11,12
250050950,Injury Crash,11/13/2025 11:44:00 AM,PLYERS MILL RD,NA,Front to Rear,Clear,Dry,Daylight,No Controls,NONE DETECTED,Yes,No Apparent Injury,NA,Not Distracted,MD,Passenger Car,Slowing or Stopping,30,No,2012,HYUNDAI,TUCSON,39.029581,-77.0765884,2025,11,11
250050950,Injury Crash,11/13/2025 11:44:00 AM,PLYERS MILL RD,NA,Front to Rear,Clear,Dry,Daylight,No Controls,NONE DETECTED,No,Possible Minor Injury,NA,Not Distracted,MD,Passenger Car,Slowing or Stopping,30,No,2016,TOYOTA,PRIUS,39.029581,-77.0765884,2025,11,11
250050940,Property Damage Crash,11/13/2025 10:55:00 AM,NA,NA,Rear To Side,Clear,Dry,Daylight,No Controls,NONE DETECTED,No,No Apparent Injury,NA,Not Distracted,MD,Passenger Car,Moving Constant Speed,35,No,2012,KIA,SOUL,39.17087293,-77.20408049,2025,11,10
250050940,Property Damage Crash,11/13/2025 10:55:00 AM,NA,NA,Rear To Side,Clear,Dry,Daylight,No Controls,NONE DETECTED,Yes,No Apparent Injury,NA,Unknown,MD,Passenger Car,Entering Traffic Lane,35,No,2025,HONDA,ODYSSEY,39.17087293,-77.20408049,2025,11,10
250050928,Property Damage Crash,11/13/2025 09:37:00 AM,NO NAME,NA,Angle,Clear,Dry,Daylight,Traffic Control Signal,NONE DETECTED,Yes,No Apparent Injury,Failed to Yield Right-of-Way,Not Distracted,MD,Passenger Car,Turning Left,35,No,2019,HONDA,CR-V,38.99549533,-77.03869217,2025,11,9