Local Case Number,ACRS Report Type,Crash Date/Time,Road Name,Related Non-Motorist,Collision Type,Weather,Surface Condition,Light,Traffic Control,Driver Substance Abuse,Driver At Fault,Injury Severity,Circumstance,Driver Distracted By,Drivers License State,Vehicle Body Type,Vehicle Movement,Speed Limit,Driverless Vehicle,Vehicle Year,Vehicle Make,Vehicle Model,Latitude,Longitude,Year,Month,Hour
250050928,Property Damage Crash,11/13/2025 09:37:00 AM,NO NAME,NA,Angle,Clear,Dry,Daylight,Traffic Control Signal,NONE DETECTED,No,No Apparent Injury,NA,Not Distracted,WA,Passenger Car,Moving Constant Speed,35,No,2022,JEEP,GRAND CHEROKEE,38.99549533,-77.03869217,2025,11,9
250050924,Property Damage Crash,11/13/2025 09:34:00 AM,ROCKVILLE PIKE (SB/L),NA,Front to Rear,Clear,Dry,Daylight,No Controls,NONE DETECTED,No,No Apparent Injury,NA,Not Distracted,MD,Passenger Car,Stopped in Traffic,35,No,2014,VOLKSWAGEN,JETTA,39.01340417,-77.099065,2025,11,9
250050924,Property Damage Crash,11/13/2025 09:34:00 AM,ROCKVILLE PIKE (SB/L),NA,Front to Rear,Clear,Dry,Daylight,No Controls,NONE DETECTED,No,No Apparent Injury,NA,Not Distracted,PA,Sport Utility Vehicle,Slowing or Stopping,35,No,2018,JEEP,WRANGLER,39.01340417,-77.099065,2025,11,9
250050924,Property Damage Crash,11/13/2025 09:34:00 AM,ROCKVILLE PIKE (SB/L),NA,Front to Rear,Clear,Dry,Daylight,No Controls,NONE DETECTED,Yes,No Apparent Injury,NA,Not Distracted,MD,Sport Utility Vehicle,Moving Constant Speed,35,No,2010,HONDA,CR-V,39.01340417,-77.099065,2025,11,9
250050929,Property Damage Crash,11/13/2025 09:32:00 AM,NA,NA,Rear To Side,Clear,NA,Daylight,NA,NONE DETECTED,No,No Apparent Injury,NA,Unknown,MD,Passenger Car,Backing,0,No,2013,LEXUS,RX,38.95907635,-77.10818342,2025,11,9
250050929,Property Damage Crash,11/13/2025 09:32:00 AM,NA,NA,Rear To Side,Clear,NA,Daylight,NA,NONE DETECTED,No,NA,NA,NA,NA,Other Trucks,Parked,0,No,2026,INTERNATIONAL,MV607,38.95907635,-77.10818342,2025,11,9
250050921,Injury Crash,11/13/2025 09:13:00 AM,FERNWOOD RD (SB/L),Cyclist (Electric),Single Vehicle,Clear,Dry,Daylight,Pedestrian Crossing Sign,NONE DETECTED,Yes,No Apparent Injury,"Failed to Yield Right-of-Way, Improper Turn, Other Improper Action",Unknown,MD,Passenger Car,Turning Right,25,No,2016,VOLVO,S60,39.02185302,-77.1349627,2025,11,9
250050947,Property Damage Crash,11/13/2025 08:55:00 AM,NA,NA,Front to Rear,Clear,NA,Daylight,NA,NONE DETECTED,No,No Apparent Injury,NA,NA,NA,Passenger Car,Making U-Turn,0,No,2025,LEXUS,CT,39.11630916,-77.20682697,2025,11,8
250050914,Property Damage Crash,11/13/2025 08:19:00 AM,NA,NA,Single Vehicle,Clear,Dry,Daylight,No Controls,NONE DETECTED,No,No Apparent Injury,NA,Not Distracted,MD,Passenger Car,Moving Constant Speed,30,No,2024,SUBARU,ASCENT,39.201132200000004,-77.13585807,2025,11,8
250050916,Property Damage Crash,11/13/2025 08:08:00 AM,GEORGIA AVE (SB/L),NA,Front to Rear,Clear,Dry,Daylight,Traffic Control Signal,NONE DETECTED,No,No Apparent Injury,NA,Not Distracted,MD,Sport Utility Vehicle,Slowing or Stopping,35,No,2025,SUBARU,FORESTER,39.07245335,-77.06492045,2025,11,8
250050916,Property Damage Crash,11/13/2025 08:08:00 AM,GEORGIA AVE (SB/L),NA,Front to Rear,Clear,Dry,Daylight,Traffic Control Signal,NONE DETECTED,Yes,No Apparent Injury,Followed Too Closely,Not Distracted,MD,Passenger Car,Moving Constant Speed,35,No,2011,HYUNDAI,SONATA,39.07245335,-77.06492045,2025,11,8
250050910,Property Damage Crash,11/13/2025 08:00:00 AM,VEIRS MILL RD,NA,"Sideswipe, Same Direction",Clear,Dry,Daylight,Traffic Control Signal,NONE DETECTED,No,No Apparent Injury,NA,Not Distracted,MD,Passenger Car,Stopped in Traffic,45,No,2018,HONDA,CIVIC,39.07341144,-77.111894,2025,11,8
250050910,Property Damage Crash,11/13/2025 08:00:00 AM,VEIRS MILL RD,NA,"Sideswipe, Same Direction",Clear,Dry,Daylight,Traffic Control Signal,NONE DETECTED,No,No Apparent Injury,NA,Not Distracted,MD,Passenger Car,Stopped in Traffic,45,No,2020,TOYOTA,RAV4,39.07341144,-77.111894,2025,11,8
250050910,Property Damage Crash,11/13/2025 08:00:00 AM,VEIRS MILL RD,NA,"Sideswipe, Same Direction",Clear,Dry,Daylight,Traffic Control Signal,NONE DETECTED,Yes,No Apparent Injury,Failed to Keep in Proper Lane,Not Distracted,MD,Passenger Car,Moving Constant Speed,45,No,2018,TOYOTA,COROLLA IM,39.07341144,-77.111894,2025,11,8
250050908,Property Damage Crash,11/13/2025 07:25:00 AM,IS 270 LOCAL LANES (SB),NA,Single Vehicle,Clear,Dry,Daylight,No Controls,NONE DETECTED,No,No Apparent Injury,NA,Not Distracted,MD,Pickup,Moving Constant Speed,35,No,2015,CHEVROLET,SILVERADO,39.11041833,-77.18770117,2025,11,7
250050909,Property Damage Crash,11/13/2025 07:16:00 AM,NEW HAMPSHIRE AVE,NA,Front to Rear,Clear,Dry,Daylight,No Controls,NONE DETECTED,No,No Apparent Injury,NA,Not Distracted,MD,Sport Utility Vehicle,Slowing or Stopping,30,No,2014,MERCEDES-BENZ,ML-CLASS,39.21038151,-77.04035056,2025,11,7
250050909,Property Damage Crash,11/13/2025 07:16:00 AM,NEW HAMPSHIRE AVE,NA,Front to Rear,Clear,Dry,Daylight,No Controls,NONE DETECTED,Yes,No Apparent Injury,Followed Too Closely,Unknown,MD,Pickup,Moving Constant Speed,30,No,2021,CHEVROLET,SILVERADO,39.21038151,-77.04035056,2025,11,7
250050904,Property Damage Crash,11/13/2025 07:10:00 AM,SLIGO AVE,NA,Angle,Clear,Dry,Daylight,No Controls,NONE DETECTED,No,No Apparent Injury,NA,Not Distracted,DC,Passenger Car,Moving Constant Speed,25,No,2014,HONDA,ODYSSEY,38.9901465,-77.02359383,2025,11,7
250050904,Property Damage Crash,11/13/2025 07:10:00 AM,SLIGO AVE,NA,Angle,Clear,Dry,Daylight,No Controls,NONE DETECTED,No,No Apparent Injury,Improper Turn,Unknown,MD,Passenger Car,Accelerating,25,No,2016,HONDA,CIVIC,38.9901465,-77.02359383,2025,11,7
250050904,Property Damage Crash,11/13/2025 07:10:00 AM,SLIGO AVE,NA,Angle,Clear,Dry,Daylight,No Controls,NONE DETECTED,No,No Apparent Injury,NA,Not Distracted,MD,Other Trucks,Stopped in Traffic,25,No,2022,RAM,4500,38.9901465,-77.02359383,2025,11,7
25002424,Property Damage Crash,11/13/2025 06:17:00 AM,NA,NA,Single Vehicle,Clear,NA,Medium,NA,NONE DETECTED,No,No Apparent Injury,NA,Unknown,MD,Passenger Car,Moving Constant Speed,0,No,2020,TOYOTA,HIGHLANDER,38.99937951,-77.19926331,2025,11,6
250050894,Property Damage Crash,11/13/2025 02:22:00 AM,CRAWFORD DR,NA,"Sideswipe, Same Direction",Clear,Dry,Dark,No Controls,NONE DETECTED,Yes,No Apparent Injury,NA,Unknown,DC,Passenger Car,Moving Constant Speed,35,No,2005,BMW,325XI,39.0726155,-77.1179941,2025,11,2
250050885,Property Damage Crash,11/12/2025 11:42:00 PM,FREDERICK RD (SB/L),NA,Front to Rear,Clear,Dry,Medium,Traffic Control Signal,NONE DETECTED,No,NA,NA,NA,NA,Passenger Car,Moving Constant Speed,35,No,0,NA,NA,39.15265148,-77.21233321,2025,11,23
250050885,Property Damage Crash,11/12/2025 11:42:00 PM,FREDERICK RD (SB/L),NA,Front to Rear,Clear,Dry,Medium,Traffic Control Signal,NONE DETECTED,No,No Apparent Injury,NA,Not Distracted,MD,Passenger Car,Stopped in Traffic,35,No,2010,HONDA,ACCORD,39.15265148,-77.21233321,2025,11,23
250050870,Injury Crash,11/12/2025 09:11:00 PM,NO NAME,NA,Front to Rear,Clear,Dry,Medium,Traffic Control Signal,NONE DETECTED,Yes,No Apparent Injury,NA,Not Distracted,DC,Sport Utility Vehicle,Turning Right,30,No,2015,JEEP,CHEROKEE,39.04722116,-76.98563771,2025,11,21
250050870,Injury Crash,11/12/2025 09:11:00 PM,NO NAME,NA,Front to Rear,Clear,Dry,Medium,Traffic Control Signal,NONE DETECTED,No,Possible Minor Injury,NA,Not Distracted,MD,Motorcycle - 2 Wheeled,Turning Right,30,No,2025,ZNEN,HOUND II,39.04722116,-76.98563771,2025,11,21
250050862,Injury Crash,11/12/2025 08:00:00 PM,FREDERICK RD (SB/L),NA,Other,Clear,Dry,Medium,Traffic Control Signal,NONE DETECTED,No,Possible Minor Injury,Other Improper Action,Unknown,MD,Sport Utility Vehicle,Moving Constant Speed,40,No,2022,NISSAN,PATHFINDER,39.12258646,-77.17777062,2025,11,20
250050875,Property Damage Crash,11/12/2025 08:00:00 PM,NA,NA,Front to Rear,Clear,NA,Medium,NA,NONE DETECTED,No,No Apparent Injury,NA,Not Distracted,MD,Passenger Car,Turning Right,0,No,2010,MAZDA,MAZDA6,39.04354523,-77.10607308,2025,11,20
250050862,Injury Crash,11/12/2025 08:00:00 PM,FREDERICK RD (SB/L),NA,Other,Clear,Dry,Medium,Traffic Control Signal,NONE DETECTED,No,No Apparent Injury,Other Improper Action,Unknown,MD,Sport Utility Vehicle,Moving Constant Speed,40,No,2021,HONDA,CR-V,39.12258646,-77.17777062,2025,11,20
250050875,Property Damage Crash,11/12/2025 08:00:00 PM,NA,NA,Front to Rear,Clear,NA,Medium,NA,NONE DETECTED,No,NA,NA,NA,NA,Passenger Car,NA,0,No,2007,ACURA,MDX,39.04354523,-77.10607308,2025,11,20
250050860,Property Damage Crash,11/12/2025 07:21:00 PM,MONTGOMERY VILLAGE AVE (SB/L),NA,Angle,Cloudy,Dry,Medium,Traffic Control Signal,NONE DETECTED,No,No Apparent Injury,NA,Not Distracted,MI,Passenger Car,Turning Left,35,No,2014,CHEVROLET,EQUINOX,39.15449991,-77.20931699,2025,11,19
250050860,Property Damage Crash,11/12/2025 07:21:00 PM,MONTGOMERY VILLAGE AVE (SB/L),NA,Angle,Cloudy,Dry,Medium,Traffic Control Signal,NONE DETECTED,No,No Apparent Injury,NA,Not Distracted,VA,Passenger Car,Moving Constant Speed,35,No,2022,CHEVROLET,MALIBU,39.15449991,-77.20931699,2025,11,19
250050854,Injury Crash,11/12/2025 07:00:00 PM,QUINCE ORCHARD RD (SB/L),NA,Rear To Side,Clear,Dry,Medium,Traffic Control Signal,NONE DETECTED,No,No Apparent Injury,NA,Not Distracted,MD,Passenger Car,Moving Constant Speed,35,No,2011,HONDA,PILOT,39.14520556,-77.21998432,2025,11,19
250050854,Injury Crash,11/12/2025 07:00:00 PM,QUINCE ORCHARD RD (SB/L),NA,Rear To Side,Clear,Dry,Medium,Traffic Control Signal,NONE DETECTED,Yes,Possible Minor Injury,Failed to Yield Right-of-Way,Not Distracted,MD,Passenger Car,Turning Left,35,No,2015,TOYOTA,RAV4,39.14520556,-77.21998432,2025,11,19
250050855,Property Damage Crash,11/12/2025 06:59:00 PM,NEW HAMPSHIRE AVE,NA,Angle,Clear,Dry,Medium,No Controls,NONE DETECTED,Yes,No Apparent Injury,NA,Unknown,MD,Passenger Car,Turning Left,40,No,2012,CHEVROLET,SILVERADO,39.04583633,-76.99223183,2025,11,18
250050855,Property Damage Crash,11/12/2025 06:59:00 PM,NEW HAMPSHIRE AVE,NA,Angle,Clear,Dry,Medium,No Controls,NONE DETECTED,No,No Apparent Injury,NA,Not Distracted,MD,Passenger Car,Moving Constant Speed,40,No,2017,FIAT,500X,39.04583633,-76.99223183,2025,11,18
250050849,Property Damage Crash,11/12/2025 06:45:00 PM,SHERATON ST,NA,Angle,Clear,Dry,Medium,Yield Sign,NONE DETECTED,Yes,No Apparent Injury,NA,Unknown,MD,Passenger Car,Moving Constant Speed,30,No,2016,HONDA,CR-V,39.05926333,-77.0505095,2025,11,18
250050849,Property Damage Crash,11/12/2025 06:45:00 PM,SHERATON ST,NA,Angle,Clear,Dry,Medium,Yield Sign,NONE DETECTED,No,No Apparent Injury,NA,Not Distracted,MD,Passenger Car,Moving Constant Speed,30,No,2017,MAZDA,MAZDA3,39.05926333,-77.0505095,2025,11,18
250050843,Injury Crash,11/12/2025 06:02:00 PM,MONTGOMERY VILLAGE AVE,NA,Front to Rear,Clear,Dry,Medium,No Controls,NONE DETECTED,No,No Apparent Injury,NA,Not Distracted,MD,Bus - Transit,Stopped in Traffic,35,No,2016,GILLIG,LOW FLOOR BUS,39.17746583,-77.2027325,2025,11,18
250050843,Injury Crash,11/12/2025 06:02:00 PM,MONTGOMERY VILLAGE AVE,NA,Front to Rear,Clear,Dry,Medium,No Controls,NONE DETECTED,Yes,No Apparent Injury,"Operated Motor Vehicle in Inattentive, Careless, Negligent, or Erratic Manner",Unknown,NA,Passenger Car,Moving Constant Speed,35,No,2012,FORD,FOCUS,39.17746583,-77.2027325,2025,11,18
250050842,Property Damage Crash,11/12/2025 05:53:00 PM,RIFFLE FORD RD,NA,Single Vehicle,Clear,Dry,Dark,No Controls,NONE DETECTED,Yes,No Apparent Injury,NA,Not Distracted,MD,Passenger Car,Moving Constant Speed,40,No,2010,HONDA,CIVIC,39.1337515,-77.26824317,2025,11,17
250050838,Injury Crash,11/12/2025 05:50:00 PM,GEORGIA AVE,Pedestrian,Single Vehicle,Clear,Dry,Medium,Traffic Control Signal,NONE DETECTED,Yes,No Apparent Injury,NA,Unknown,MD,Passenger Car,Turning Right,35,No,2022,TOYOTA,C-HR,38.99030456,-77.02654979,2025,11,17
250050828,Injury Crash,11/12/2025 05:30:00 PM,CONGRESSIONAL LA,Pedestrian,"Sideswipe, Same Direction",Clear,Dry,Dark,No Controls,NONE DETECTED,No,NA,NA,NA,NA,Passenger Car,Parked,25,No,2012,VOLKSWAGEN,JETTA,39.05955874,-77.1306544,2025,11,17
250050828,Injury Crash,11/12/2025 05:30:00 PM,CONGRESSIONAL LA,Pedestrian,"Sideswipe, Same Direction",Clear,Dry,Dark,No Controls,NONE DETECTED,Yes,NA,NA,NA,NA,NA,Moving Constant Speed,25,No,0,NA,NA,39.05955874,-77.1306544,2025,11,17
250050827,Property Damage Crash,11/12/2025 05:25:00 PM,NA,NA,"Sideswipe, Same Direction",Clear,NA,Medium,NA,NONE DETECTED,Yes,No Apparent Injury,NA,Not Distracted,MD,Bus - School,Overtaking/Passing,0,No,2015,THOMAS BUILT,HDX,38.99737267,-77.0380935,2025,11,17
250050827,Property Damage Crash,11/12/2025 05:25:00 PM,NA,NA,"Sideswipe, Same Direction",Clear,NA,Medium,NA,NONE DETECTED,No,No Apparent Injury,NA,Not Distracted,DC,Sport Utility Vehicle,Parked,0,No,2025,HONDA,ODYSSEY,38.99737267,-77.0380935,2025,11,17
250050822,Property Damage Crash,11/12/2025 05:05:00 PM,LEWIS AVE,NA,Front to Rear,Clear,Dry,Medium,No Controls,NONE DETECTED,Yes,No Apparent Injury,NA,Not Distracted,MD,Passenger Car,Moving Constant Speed,30,No,2016,HONDA,CIVIC,39.0676627,-77.125953,2025,11,17
250050818,Property Damage Crash,11/12/2025 04:49:00 PM,NA,NA,"Sideswipe, Same Direction",Clear,Dry,Medium,Stop Sign,NONE DETECTED,No,No Apparent Injury,NA,Not Distracted,MD,Passenger Car,Accelerating,30,No,2019,HONDA,CIVIC,39.14397858,-77.19677973,2025,11,16
250050818,Property Damage Crash,11/12/2025 04:49:00 PM,NA,NA,"Sideswipe, Same Direction",Clear,Dry,Medium,Stop Sign,NONE DETECTED,No,NA,NA,NA,NA,NA,Overtaking/Passing,30,No,0,NA,NA,39.14397858,-77.19677973,2025,11,16
250050818,Property Damage Crash,11/12/2025 04:49:00 PM,NA,NA,"Sideswipe, Same Direction",Clear,Dry,Medium,Stop Sign,NONE DETECTED,No,No Apparent Injury,NA,Not Distracted,MD,Passenger Car,Stopped in Traffic,30,No,1990,MAZDA,MX-5,39.14397858,-77.19677973,2025,11,16
250050811,Property Damage Crash,11/12/2025 04:30:00 PM,S CAMPUS DR,NA,Other,Clear,Dry,Medium,No Controls,NONE DETECTED,Yes,No Apparent Injury,NA,Not Distracted,MD,Passenger Car,Moving Constant Speed,25,No,2013,TOYOTA,HIGHLANDER,39.09647135,-77.15724466,2025,11,16
250050803,Property Damage Crash,11/12/2025 04:14:00 PM,GEORGIA AVE (SB/L),NA,Angle,Clear,Dry,Daylight,No Controls,NONE DETECTED,Yes,No Apparent Injury,NA,Not Distracted,MD,Passenger Car,Turning Left,35,No,2019,ACURA,TLX,39.07812337,-77.07179708,2025,11,16
250050803,Property Damage Crash,11/12/2025 04:14:00 PM,GEORGIA AVE (SB/L),NA,Angle,Clear,Dry,Daylight,No Controls,NONE DETECTED,No,No Apparent Injury,NA,Not Distracted,MD,Sport Utility Vehicle,Moving Constant Speed,35,No,2018,HONDA,HR-V,39.07812337,-77.07179708,2025,11,16
250050806,Property Damage Crash,11/12/2025 04:11:00 PM,NO NAME,NA,Front to Front,Clear,Dry,Daylight,No Controls,NONE DETECTED,No,No Apparent Injury,NA,Unknown,MD,Passenger Car,Moving Constant Speed,25,No,2021,LEXUS,NX,39.12297319,-77.23377294,2025,11,16
250050806,Property Damage Crash,11/12/2025 04:11:00 PM,NO NAME,NA,Front to Front,Clear,Dry,Daylight,Stop Sign,NONE DETECTED,Yes,No Apparent Injury,NA,Unknown,MD,Passenger Car,Turning Left,15,No,2017,ACURA,MDX,39.12297319,-77.23377294,2025,11,16
250050834,Property Damage Crash,11/12/2025 04:10:00 PM,RILEY RD,Pedestrian,Single Vehicle,Clear,Dry,Daylight,Stop Sign,NONE DETECTED,No,No Apparent Injury,NA,Unknown,MD,Passenger Car,Turning Right,25,No,2019,HONDA,CR-V,39.00969415,-77.04309288,2025,11,16
250050782,Injury Crash,11/12/2025 02:37:00 PM,METRORAIL TRACK B1 RAIL,Cyclist (non-electric),Single Vehicle,Clear,Dry,Daylight,No Controls,NONE DETECTED,No,NA,NA,NA,NA,NA,Moving Constant Speed,35,No,0,NA,NA,39.01073624,-77.04098269,2025,11,14
250050783,Injury Crash,11/12/2025 02:30:00 PM,METRORAIL TRACK B1 RAIL,NA,Front to Rear,Clear,Dry,Daylight,No Controls,NONE DETECTED,Yes,No Apparent Injury,Failed to Yield Right-of-Way,Not Distracted,MD,Passenger Car,Turning Left,35,No,2009,HYUNDAI,TUCSON,39.0110155,-77.04109335,2025,11,14
250050783,Injury Crash,11/12/2025 02:30:00 PM,METRORAIL TRACK B1 RAIL,NA,Front to Rear,Clear,Dry,Daylight,No Controls,NONE DETECTED,No,Possible Minor Injury,NA,Not Distracted,MD,Passenger Car,Moving Constant Speed,35,No,2022,HYUNDAI,SONATA,39.0110155,-77.04109335,2025,11,14
250050781,Injury Crash,11/12/2025 02:21:00 PM,UNIVERSITY BLVD W,Cyclist (non-electric),Single Vehicle,Clear,Dry,Daylight,Traffic Control Signal,NONE DETECTED,No,No Apparent Injury,Disregarded Other Road Markings,Not Distracted,CT,Passenger Car,Turning Right,35,No,2006,FORD,FOCUS,39.02607318,-77.02027006,2025,11,14
250050763,Property Damage Crash,11/12/2025 12:45:00 PM,ROCKVILLE PIKE (SB/L),NA,Other,Clear,Dry,Daylight,No Controls,NONE DETECTED,No,No Apparent Injury,Other Improper Action,Not Distracted,GA,Passenger Car,Moving Constant Speed,35,No,2011,HYUNDAI,SONATA,39.06027866,-77.12278581,2025,11,12
250050763,Property Damage Crash,11/12/2025 12:45:00 PM,ROCKVILLE PIKE (SB/L),NA,Other,Clear,Dry,Daylight,No Controls,NONE DETECTED,Yes,No Apparent Injury,Failed to Yield Right-of-Way,Unknown,MD,Passenger Car,Turning Left,35,No,2025,TESLA,MODEL 3,39.06027866,-77.12278581,2025,11,12
250050779,Property Damage Crash,11/12/2025 12:30:00 PM,NA,NA,Other,Clear,NA,Daylight,NA,NONE DETECTED,No,NA,NA,NA,NA,NA,Backing,0,No,0,NA,NA,39.1461634,-77.20615598,2025,11,12
260009759,Property Damage Crash,11/12/2025 11:12:00 AM,MIDDLEBROOK RD (WB/L),NA,"Sideswipe, Same Direction",Clear,Dry,Daylight,No Controls,NONE DETECTED,No,No Apparent Injury,Failed to Keep in Proper Lane,Unknown,NA,Pickup,Changing Lanes,35,No,2024,RAM,2500,39.17541525,-77.25693951,2025,11,11
260009759,Property Damage Crash,11/12/2025 11:12:00 AM,MIDDLEBROOK RD (WB/L),NA,"Sideswipe, Same Direction",Clear,Dry,Daylight,No Controls,NONE DETECTED,No,No Apparent Injury,NA,Not Distracted,MD,Sport Utility Vehicle,Moving Constant Speed,35,No,2016,TOYOTA,HIGHLANDER,39.17541525,-77.25693951,2025,11,11
250050744,Property Damage Crash,11/12/2025 10:40:00 AM,NA,NA,"Sideswipe, Same Direction",Clear,Dry,Daylight,Traffic Control Signal,NONE DETECTED,No,No Apparent Injury,NA,Not Distracted,MD,Passenger Car,Moving Constant Speed,35,No,2025,TOYOTA,RAV4,38.99608633,-77.02811806,2025,11,10
250050744,Property Damage Crash,11/12/2025 10:40:00 AM,NA,NA,"Sideswipe, Same Direction",Clear,Dry,Daylight,Traffic Control Signal,NONE DETECTED,No,NA,Failed to Keep in Proper Lane,NA,NA,Bus - Transit,Moving Constant Speed,35,No,2020,GILLIG,LOW FLOOR BUS,38.99608633,-77.02811806,2025,11,10
250050743,Property Damage Crash,11/12/2025 10:20:00 AM,NA,NA,Other,Clear,NA,Daylight,NA,NONE DETECTED,Yes,No Apparent Injury,Improper Backing,Unknown,MD,Pickup,Backing,0,No,2000,ISUZU,NPR/NPR-HD,39.12186624,-77.17765542,2025,11,10
250050941,Property Damage Crash,11/12/2025 09:45:00 AM,FREDERICK RD (SB/L),NA,"Sideswipe, Same Direction",Clear,Dry,Daylight,No Controls,NONE DETECTED,Yes,No Apparent Injury,Failed to Keep in Proper Lane,Unknown,MD,Passenger Car,Changing Lanes,40,No,2018,LEXUS,RX,39.10729249,-77.15903075,2025,11,9
250050941,Property Damage Crash,11/12/2025 09:45:00 AM,FREDERICK RD (SB/L),NA,"Sideswipe, Same Direction",Clear,Dry,Daylight,No Controls,NONE DETECTED,No,No Apparent Injury,NA,Not Distracted,MD,Passenger Car,Moving Constant Speed,40,No,2014,HONDA,ODYSSEY,39.10729249,-77.15903075,2025,11,9
250050727,Property Damage Crash,11/12/2025 08:54:00 AM,ARCOLA AVE,NA,Angle,Clear,Dry,Daylight,No Controls,NONE DETECTED,Yes,No Apparent Injury,Failed to Yield Right-of-Way,Not Distracted,MD,Passenger Car,Backing,25,No,2007,NISSAN,MURANO,39.0470585,-77.05244967,2025,11,8
250050727,Property Damage Crash,11/12/2025 08:54:00 AM,ARCOLA AVE,NA,Angle,Clear,Dry,Daylight,No Controls,NONE DETECTED,No,No Apparent Injury,NA,Not Distracted,MD,Passenger Car,Moving Constant Speed,25,No,2018,MAZDA,CX-5,39.0470585,-77.05244967,2025,11,8
250050737,Property Damage Crash,11/12/2025 08:15:00 AM,NA,NA,Angle,Clear,Dry,Daylight,Traffic Control Signal,NONE DETECTED,Yes,No Apparent Injury,Failed to Yield Right-of-Way,Not Distracted,WV,Sport Utility Vehicle,Turning Left,30,No,2023,NISSAN,ROGUE,39.18851461,-77.25167831,2025,11,8
250050737,Property Damage Crash,11/12/2025 08:15:00 AM,NA,NA,Angle,Clear,Dry,Daylight,Traffic Control Signal,NONE DETECTED,Yes,No Apparent Injury,Ran Red Light,Not Distracted,MD,Passenger Car,Moving Constant Speed,30,No,2012,TOYOTA,PRIUS C,39.18851461,-77.25167831,2025,11,8
250050718,Property Damage Crash,11/12/2025 08:00:00 AM,CASTLE BLVD,NA,Angle,Clear,Dry,Daylight,No Controls,NONE DETECTED,Yes,No Apparent Injury,NA,"Other Action (looking away from task, etc.)",MD,Sport Utility Vehicle,Entering Traffic Lane,30,No,2023,MITSUBISHI,OUTLANDER,39.08459639,-76.94053747,2025,11,8
250050718,Property Damage Crash,11/12/2025 08:00:00 AM,CASTLE BLVD,NA,Angle,Clear,Dry,Daylight,No Controls,NONE DETECTED,No,No Apparent Injury,NA,Not Distracted,MD,Passenger Car,Moving Constant Speed,30,No,2016,TOYOTA,CAMRY,39.08459639,-76.94053747,2025,11,8
250050714,Property Damage Crash,11/12/2025 08:00:00 AM,NA,NA,Front to Rear,Clear,Dry,Daylight,No Controls,NONE DETECTED,Yes,No Apparent Injury,"Followed Too Closely, Too Fast For Conditions","Other Action (looking away from task, etc.)",MD,Pickup,Moving Constant Speed,30,No,2015,FORD,F-250,39.25098333,-77.19518833,2025,11,8
250050714,Property Damage Crash,11/12/2025 08:00:00 AM,NA,NA,Front to Rear,Clear,Dry,Daylight,No Controls,NONE DETECTED,No,No Apparent Injury,NA,Not Distracted,MD,Sport Utility Vehicle,Slowing or Stopping,30,No,2013,FORD,ESCAPE,39.25098333,-77.19518833,2025,11,8
250050714,Property Damage Crash,11/12/2025 08:00:00 AM,NA,NA,Front to Rear,Clear,Dry,Daylight,No Controls,NONE DETECTED,No,No Apparent Injury,NA,Not Distracted,MD,Passenger Car,Slowing or Stopping,30,No,2020,HYUNDAI,ELANTRA,39.25098333,-77.19518833,2025,11,8
250050708,Property Damage Crash,11/12/2025 05:50:00 AM,SHADY GROVE RD (SB/L),NA,Angle,Cloudy,Dry,Medium,Traffic Control Signal,NONE DETECTED,Yes,No Apparent Injury,Ran Red Light,"Other Action (looking away from task, etc.)",MD,Passenger Car,Slowing or Stopping,40,No,2019,HONDA,CIVIC,39.11184709,-77.18713322,2025,11,5
250050708,Property Damage Crash,11/12/2025 05:50:00 AM,SHADY GROVE RD (SB/L),NA,Angle,Cloudy,Dry,Medium,Traffic Control Signal,NONE DETECTED,No,No Apparent Injury,NA,Not Distracted,MD,Passenger Car,Accelerating,25,No,2017,LEXUS,CT,39.11184709,-77.18713322,2025,11,5
250050696,Property Damage Crash,11/12/2025 01:20:00 AM,UNIVERSITY BLVD W,NA,Front to Front,Clear,Dry,Medium,Traffic Control Signal,NONE DETECTED,No,No Apparent Injury,NA,Unknown,MD,Passenger Car,Moving Constant Speed,35,No,2021,TOYOTA,COROLLA,39.01981306,-77.01333576,2025,11,1