Local Case Number,ACRS Report Type,Crash Date/Time,Road Name,Related Non-Motorist,Collision Type,Weather,Surface Condition,Light,Traffic Control,Driver Substance Abuse,Driver At Fault,Injury Severity,Circumstance,Driver Distracted By,Drivers License State,Vehicle Body Type,Vehicle Movement,Speed Limit,Driverless Vehicle,Vehicle Year,Vehicle Make,Vehicle Model,Latitude,Longitude,Year,Month,Hour
250050696,Property Damage Crash,11/12/2025 01:20:00 AM,UNIVERSITY BLVD W,NA,Front to Front,Clear,Dry,Medium,Traffic Control Signal,NONE DETECTED,No,No Apparent Injury,NA,Not Distracted,MD,Passenger Car,Stopped in Traffic,35,No,2024,TOYOTA,PRIUS,39.01981306,-77.01333576,2025,11,1
250050696,Property Damage Crash,11/12/2025 01:20:00 AM,UNIVERSITY BLVD W,NA,Front to Front,Clear,Dry,Medium,Traffic Control Signal,NONE DETECTED,No,No Apparent Injury,NA,Unknown,MD,Passenger Car,Moving Constant Speed,30,No,2005,ACURA,TL,39.01981306,-77.01333576,2025,11,1
250050692,Injury Crash,11/11/2025 10:53:00 PM,E JEFFERSON ST,NA,Angle,Clear,Dry,Medium,Traffic Control Signal,NONE DETECTED,Yes,No Apparent Injury,Ran Red Light,Not Distracted,MD,Passenger Car,Moving Constant Speed,35,No,2025,HONDA,CIVIC,39.05274817,-77.12606147,2025,11,22
250050692,Injury Crash,11/11/2025 10:53:00 PM,E JEFFERSON ST,NA,Angle,Clear,Dry,Medium,Traffic Control Signal,NONE DETECTED,No,Possible Minor Injury,NA,Not Distracted,MD,Passenger Car,Accelerating,35,No,2012,VOLKSWAGEN,JETTA,39.05274817,-77.12606147,2025,11,22
250050678,Property Damage Crash,11/11/2025 09:50:00 PM,ROCKVILLE PIKE,NA,Single Vehicle,Clear,Dry,Medium,No Controls,NONE DETECTED,No,No Apparent Injury,NA,Not Distracted,MD,Passenger Car,Moving Constant Speed,35,No,2025,MERCEDES-BENZ,CLA-CLASS,39.02107225,-77.10260391,2025,11,21
250050668,Property Damage Crash,11/11/2025 07:00:00 PM,FENTON ST,NA,Single Vehicle,Clear,Dry,Medium,No Controls,NONE DETECTED,Yes,No Apparent Injury,NA,Unknown,MD,Passenger Car,Changing Lanes,30,No,2022,TOYOTA,PRIUS,38.99692636,-77.02553295,2025,11,19
250050653,Property Damage Crash,11/11/2025 04:23:00 PM,GAITHER RD,NA,Angle,Clear,Dry,Medium,No Controls,NONE DETECTED,No,No Apparent Injury,NA,Not Distracted,MD,Passenger Car,Moving Constant Speed,30,No,2010,HYUNDAI,SANTA FE,39.11756817,-77.18541383,2025,11,16
250050653,Property Damage Crash,11/11/2025 04:23:00 PM,GAITHER RD,NA,Angle,Clear,Dry,Medium,No Controls,NONE DETECTED,Yes,No Apparent Injury,NA,Not Distracted,MD,Passenger Car,Turning Left,30,No,2009,TOYOTA,CAMRY,39.11756817,-77.18541383,2025,11,16
250050655,Property Damage Crash,11/11/2025 04:05:00 PM,MONTROSE PKWY (WB/L),NA,"Sideswipe, Same Direction",Clear,Dry,Daylight,No Controls,NONE DETECTED,No,No Apparent Injury,NA,Unknown,VA,Passenger Car,Overtaking/Passing,35,No,2008,NISSAN,ALTIMA,39.0508951,-77.12571497,2025,11,16
250050655,Property Damage Crash,11/11/2025 04:05:00 PM,MONTROSE PKWY (WB/L),NA,"Sideswipe, Same Direction",Clear,Dry,Daylight,No Controls,NONE DETECTED,No,No Apparent Injury,NA,Unknown,MD,Sport Utility Vehicle,Overtaking/Passing,35,No,2020,SUBARU,FORESTER,39.0508951,-77.12571497,2025,11,16
250050635,Property Damage Crash,11/11/2025 02:36:00 PM,ROCKVILLE PIKE,NA,Angle,Clear,Dry,Daylight,Traffic Control Signal,NONE DETECTED,No,No Apparent Injury,NA,Not Distracted,DC,Passenger Car,Turning Left,35,No,2025,POLESTAR,POLESTAR 3,39.0223055,-77.10278183,2025,11,14
250050635,Property Damage Crash,11/11/2025 02:36:00 PM,ROCKVILLE PIKE,NA,Angle,Clear,Dry,Daylight,Traffic Control Signal,NONE DETECTED,Yes,No Apparent Injury,NA,Not Distracted,MD,Passenger Car,Moving Constant Speed,35,No,2012,HONDA,ACCORD,39.0223055,-77.10278183,2025,11,14
250050632,Property Damage Crash,11/11/2025 02:30:00 PM,WISCONSIN AVE,NA,"Sideswipe, Same Direction",Clear,Dry,Daylight,No Controls,NONE DETECTED,No,No Apparent Injury,"Swerved or Avoided Due to Wind, Slippery Surface, Motor Vehicle, Object, Non-Motorist in Roadway, etc",Not Distracted,MD,Bus - Transit,Moving Constant Speed,30,No,2023,NEW FLYER,XCELSIOR,38.99263206,-77.09582314,2025,11,14
250050636,Property Damage Crash,11/11/2025 01:40:00 PM,CHERRY HILL RD,NA,Front to Rear,Clear,Dry,Daylight,Traffic Control Signal,NONE DETECTED,No,No Apparent Injury,NA,Not Distracted,MD,Passenger Car,Stopped in Traffic,35,No,2012,HONDA,ODYSSEY,39.0559296,-76.95418701,2025,11,13
250050636,Property Damage Crash,11/11/2025 01:40:00 PM,CHERRY HILL RD,NA,Front to Rear,Clear,Dry,Daylight,Traffic Control Signal,NONE DETECTED,No,No Apparent Injury,"Followed Too Closely, Operated Motor Vehicle in Inattentive, Careless, Negligent, or Erratic Manner",Unknown,NA,Passenger Car,Moving Constant Speed,35,No,2018,HONDA,CIVIC,39.0559296,-76.95418701,2025,11,13
250050620,Property Damage Crash,11/11/2025 12:32:00 PM,KING ST,NA,Front to Front,Clear,Dry,Daylight,No Controls,NONE DETECTED,No,No Apparent Injury,NA,Not Distracted,WA,Passenger Car,Turning Left,30,No,2017,HYUNDAI,SANTA FE,38.98725929,-77.02337709,2025,11,12
250050620,Property Damage Crash,11/11/2025 12:32:00 PM,KING ST,NA,Front to Front,Clear,Dry,Daylight,No Controls,NONE DETECTED,No,No Apparent Injury,NA,Not Distracted,DC,Sport Utility Vehicle,Turning Left,30,No,2012,LEXUS,ES,38.98725929,-77.02337709,2025,11,12
250050624,Property Damage Crash,11/11/2025 12:00:00 PM,NA,NA,Unknown,Clear,NA,Daylight,NA,NONE DETECTED,No,NA,NA,NA,NA,NA,NA,0,No,0,NA,NA,39.15948637,-77.27925078,2025,11,12
250050609,Property Damage Crash,11/11/2025 11:58:00 AM,NA,NA,Rear To Rear,Clear,NA,Daylight,NA,NONE DETECTED,No,No Apparent Injury,NA,Not Distracted,MD,Sport Utility Vehicle,Parked,0,No,2019,BMW,X3,39.02638723,-77.12735068,2025,11,11
250050609,Property Damage Crash,11/11/2025 11:58:00 AM,NA,NA,Rear To Rear,Clear,NA,Daylight,NA,NONE DETECTED,Yes,No Apparent Injury,NA,"Other Action (looking away from task, etc.)",MD,Passenger Car,Backing,0,No,2011,TOYOTA,CAMRY,39.02638723,-77.12735068,2025,11,11
250051157,Property Damage Crash,11/11/2025 11:11:00 AM,RICHARD MONTGOMERY DR,NA,Front to Rear,Clear,Dry,Daylight,Traffic Control Signal,NONE DETECTED,Yes,No Apparent Injury,NA,"Other Action (looking away from task, etc.)",MD,Passenger Car,Slowing or Stopping,25,No,2018,FORD,TAURUS,39.08026963,-77.144114,2025,11,11
250051157,Property Damage Crash,11/11/2025 11:11:00 AM,RICHARD MONTGOMERY DR,NA,Front to Rear,Clear,Dry,Daylight,Traffic Control Signal,NONE DETECTED,No,No Apparent Injury,NA,Not Distracted,MD,Passenger Car,Slowing or Stopping,25,No,2013,GMC,YUKON,39.08026963,-77.144114,2025,11,11
250050597,Property Damage Crash,11/11/2025 10:10:00 AM,NA,NA,Angle,Clear,Dry,Daylight,No Controls,NONE DETECTED,No,No Apparent Injury,NA,Unknown,MD,Passenger Car,Moving Constant Speed,35,No,2007,TOYOTA,PRIUS,38.98792812,-77.09951256,2025,11,10
250050597,Property Damage Crash,11/11/2025 10:10:00 AM,NA,NA,Angle,Clear,Dry,Daylight,Stop Sign,NONE DETECTED,Yes,No Apparent Injury,NA,Not Distracted,MD,Passenger Car,Entering Traffic Lane,25,No,2025,MERCEDES-BENZ,GLE-CLASS,38.98792812,-77.09951256,2025,11,10
250050588,Property Damage Crash,11/11/2025 08:40:00 AM,BELHAVEN RD,NA,Angle,Cloudy,Dry,Daylight,No Controls,NONE DETECTED,No,No Apparent Injury,NA,Not Distracted,MD,Passenger Car,Moving Constant Speed,20,No,2024,HONDA,ACCORD,39.02040117,-77.12296967,2025,11,8
250050588,Property Damage Crash,11/11/2025 08:40:00 AM,BELHAVEN RD,NA,Angle,Cloudy,Dry,Daylight,No Controls,NONE DETECTED,Yes,No Apparent Injury,Failed to Yield Right-of-Way,Not Distracted,MD,Van - Cargo,Turning Left,20,No,2023,FORD,TRANSIT,39.02040117,-77.12296967,2025,11,8
250050584,Property Damage Crash,11/11/2025 08:26:00 AM,LELAND ST,Scooter (electric),Single Vehicle,Clear,Dry,Daylight,Pedestrian Crossing,NONE DETECTED,Yes,No Apparent Injury,NA,"Other Action (looking away from task, etc.)",MD,Passenger Car,Turning Right,25,No,2015,TOYOTA,CAMRY,38.98008632,-77.09376028,2025,11,8
250050580,Property Damage Crash,11/11/2025 07:42:00 AM,RANDOLPH RD,NA,Rear To Rear,Clear,Dry,Daylight,Traffic Control Signal,NONE DETECTED,No,No Apparent Injury,NA,Not Distracted,MD,Passenger Car,Accelerating,35,No,2014,TOYOTA,CAMRY,39.05943583,-77.06195067,2025,11,7
250050580,Property Damage Crash,11/11/2025 07:42:00 AM,RANDOLPH RD,NA,Rear To Rear,Clear,Dry,Daylight,Traffic Control Signal,NONE DETECTED,Yes,No Apparent Injury,"Failed to Yield Right-of-Way, Improper Turn",Unknown,MD,Passenger Car,Turning Left,35,No,2015,HONDA,FIT,39.05943583,-77.06195067,2025,11,7
250050576,Injury Crash,11/11/2025 07:13:00 AM,RANDOLPH RD,NA,Angle,Clear,Dry,Daylight,No Controls,NONE DETECTED,Yes,No Apparent Injury,NA,Not Distracted,MD,Pickup,Backing,35,No,2002,DODGE,RAM,39.05901433,-77.058202,2025,11,7
250050576,Injury Crash,11/11/2025 07:13:00 AM,RANDOLPH RD,NA,Angle,Clear,Dry,Daylight,No Controls,NONE DETECTED,No,No Apparent Injury,NA,Not Distracted,MD,Passenger Car,Moving Constant Speed,35,No,2023,TOYOTA,HIGHLANDER,39.05901433,-77.058202,2025,11,7
250050572,Property Damage Crash,11/11/2025 04:36:00 AM,NO NAME,NA,Angle,Clear,Dry,Medium,Traffic Control Signal,NONE DETECTED,No,No Apparent Injury,NA,Not Distracted,MD,Passenger Car,Moving Constant Speed,40,No,2018,TOYOTA,COROLLA,39.04723793,-76.98565417,2025,11,4
250050572,Property Damage Crash,11/11/2025 04:36:00 AM,NO NAME,NA,Angle,Clear,Dry,Medium,Traffic Control Signal,NONE DETECTED,Yes,No Apparent Injury,NA,Unknown,MD,Passenger Car,Moving Constant Speed,40,No,2018,CHEVROLET,MALIBU,39.04723793,-76.98565417,2025,11,4
250050560,Property Damage Crash,11/10/2025 10:30:00 PM,RAMP 1 FR WASH. BLVD TO SAM EIG HWY WB,NA,Angle,Clear,Dry,Medium,Traffic Control Signal,NONE DETECTED,Yes,No Apparent Injury,"Failed to Yield Right-of-Way, Operated Motor Vehicle in Inattentive, Careless, Negligent, or Erratic Manner",Not Distracted,MD,Passenger Car,Turning Left,25,No,2016,SUBARU,IMPREZA,39.11803285,-77.20649328,2025,11,22
250050560,Property Damage Crash,11/10/2025 10:30:00 PM,RAMP 1 FR WASH. BLVD TO SAM EIG HWY WB,NA,Angle,Clear,Dry,Medium,Traffic Control Signal,NONE DETECTED,No,No Apparent Injury,NA,Not Distracted,MD,Passenger Car,Moving Constant Speed,25,No,2009,BMW,M3,39.11803285,-77.20649328,2025,11,22
250050558,Property Damage Crash,11/10/2025 10:18:00 PM,ADELPHI RD (WB/L),NA,"Sideswipe, Same Direction",Clear,Dry,Medium,Traffic Control Signal,NONE DETECTED,No,NA,NA,NA,NA,Unknown,Turning Right,40,No,2017,TOYOTA,COROLLA,39.0114445,-76.97867744,2025,11,22
250050558,Property Damage Crash,11/10/2025 10:18:00 PM,ADELPHI RD (WB/L),NA,"Sideswipe, Same Direction",Clear,Dry,Medium,Traffic Control Signal,NONE DETECTED,No,No Apparent Injury,NA,Not Distracted,MD,Passenger Car,Turning Right,40,No,2018,CHEVROLET,TRAX,39.0114445,-76.97867744,2025,11,22
250050543,Property Damage Crash,11/10/2025 08:07:00 PM,TWINBROOK PKWY (NB/L),NA,Other,Clear,Dry,Medium,Traffic Control Signal,NONE DETECTED,No,No Apparent Injury,NA,Unknown,MD,Passenger Car,Accelerating,35,No,2010,TOYOTA,COROLLA,39.05875737,-77.12127953,2025,11,20
250050543,Property Damage Crash,11/10/2025 08:07:00 PM,TWINBROOK PKWY (NB/L),NA,Other,Clear,Dry,Medium,Traffic Control Signal,NONE DETECTED,No,No Apparent Injury,NA,Unknown,MD,Passenger Car,Turning Left,35,No,2016,LEXUS,NX,39.05875737,-77.12127953,2025,11,20
250050534,Injury Crash,11/10/2025 07:17:00 PM,MT VERNON AVE,NA,Rear To Side,Clear,Dry,Medium,Stop Sign,NONE DETECTED,Yes,Possible Minor Injury,Failed to Yield Right-of-Way,Not Distracted,MD,Van - Passenger (&lt;9 Seats),Entering Traffic Lane,30,No,2008,CHRYSLER,TOWN AND COUNTRY,39.2836835,-77.201747,2025,11,19
250050534,Injury Crash,11/10/2025 07:17:00 PM,MT VERNON AVE,NA,Rear To Side,Clear,Dry,Medium,No Controls,NONE DETECTED,No,Possible Minor Injury,NA,Not Distracted,MD,Station Wagon,Moving Constant Speed,30,No,2020,MERCEDES-BENZ,METRIS,39.2836835,-77.201747,2025,11,19
250050532,Injury Crash,11/10/2025 07:13:00 PM,CLARKSBURG RD,Pedestrian,Single Vehicle,Clear,Dry,Medium,Stop Sign,NONE DETECTED,Yes,No Apparent Injury,"Disregarded Other Road Markings, Operated Motor Vehicle in Inattentive, Careless, Negligent, or Erratic Manner","Other Action (looking away from task, etc.)",MD,Sport Utility Vehicle,Accelerating,25,No,2023,HYUNDAI,TUCSON,39.24360284,-77.27915507,2025,11,19
250050528,Property Damage Crash,11/10/2025 06:31:00 PM,FATHER HURLEY BLVD (NB/L),NA,Angle,Clear,Dry,Medium,Traffic Control Signal,NONE DETECTED,Yes,No Apparent Injury,NA,Unknown,MD,Passenger Car,Turning Left,45,No,2024,HONDA,ODYSSEY,39.18405383,-77.2733715,2025,11,18
250050528,Property Damage Crash,11/10/2025 06:31:00 PM,FATHER HURLEY BLVD (NB/L),NA,Angle,Clear,Dry,Medium,Traffic Control Signal,NONE DETECTED,No,No Apparent Injury,NA,Not Distracted,MD,Passenger Car,Moving Constant Speed,45,No,2015,LEXUS,RX,39.18405383,-77.2733715,2025,11,18
250050529,Injury Crash,11/10/2025 06:20:00 PM,NA,NA,Front to Front,Clear,Dry,Medium,Traffic Control Signal,NONE DETECTED,Yes,Possible Minor Injury,Failed to Yield Right-of-Way,Unknown,VA,Passenger Car,Turning Right,35,No,2018,HONDA,CIVIC,39.02278018,-77.15054074,2025,11,18
250050529,Injury Crash,11/10/2025 06:20:00 PM,NA,NA,Front to Front,Clear,Dry,Medium,Traffic Control Signal,NONE DETECTED,No,No Apparent Injury,NA,Not Distracted,MD,Passenger Car,Moving Constant Speed,35,No,2021,CHEVROLET,SUBURBAN,39.02278018,-77.15054074,2025,11,18
250050524,Injury Crash,11/10/2025 06:01:00 PM,GARDINER AVE,Pedestrian,Single Vehicle,Clear,Dry,Dark,No Controls,NONE DETECTED,No,NA,NA,NA,NA,NA,NA,30,No,0,NA,NA,39.02453759,-77.04989253,2025,11,18
250050519,Property Damage Crash,11/10/2025 05:17:00 PM,UNIVERSITY BLVD E,NA,Front to Rear,Clear,Dry,Daylight,No Controls,NONE DETECTED,No,No Apparent Injury,NA,Not Distracted,PA,Passenger Car,Stopped in Traffic,35,No,2010,FORD,FOCUS,39.00123133,-76.99557083,2025,11,17
250050519,Property Damage Crash,11/10/2025 05:17:00 PM,UNIVERSITY BLVD E,NA,Front to Rear,Clear,Dry,Daylight,No Controls,NONE DETECTED,No,No Apparent Injury,NA,Not Distracted,MD,Sport Utility Vehicle,Stopped in Traffic,35,No,2024,TOYOTA,GRAND HIGHLANDER,39.00123133,-76.99557083,2025,11,17
250050519,Property Damage Crash,11/10/2025 05:17:00 PM,UNIVERSITY BLVD E,NA,Front to Rear,Clear,Dry,Daylight,No Controls,NONE DETECTED,Yes,No Apparent Injury,NA,Not Distracted,MD,Sport Utility Vehicle,Accelerating,35,No,2004,TOYOTA,4-RUNNER,39.00123133,-76.99557083,2025,11,17
250050513,Injury Crash,11/10/2025 04:40:00 PM,BEACH DR,NA,Front to Rear,Clear,Dry,Daylight,No Controls,NONE DETECTED,No,Possible Minor Injury,NA,Not Distracted,MD,Passenger Car,Slowing or Stopping,25,No,2003,ACURA,TL,39.0313715,-77.08577783,2025,11,16
250050513,Injury Crash,11/10/2025 04:40:00 PM,BEACH DR,NA,Front to Rear,Clear,Dry,Daylight,No Controls,NONE DETECTED,No,No Apparent Injury,NA,Not Distracted,MD,Passenger Car,Slowing or Stopping,25,No,2006,DODGE,DAKOTA,39.0313715,-77.08577783,2025,11,16
250050507,Property Damage Crash,11/10/2025 03:51:00 PM,BREWERS TAVERN WAY,NA,"Sideswipe, Same Direction",Clear,Dry,Daylight,No Controls,NONE DETECTED,No,NA,NA,NA,NA,Sport Utility Vehicle,Parked,25,No,2019,LEXUS,RX,39.23757,-77.2765885,2025,11,15
250050507,Property Damage Crash,11/10/2025 03:51:00 PM,BREWERS TAVERN WAY,NA,"Sideswipe, Same Direction",Clear,Dry,Daylight,No Controls,NONE DETECTED,No,NA,NA,NA,NA,Sport Utility Vehicle,Parked,25,No,2018,TOYOTA,RAV4,39.23757,-77.2765885,2025,11,15
250050507,Property Damage Crash,11/10/2025 03:51:00 PM,BREWERS TAVERN WAY,NA,"Sideswipe, Same Direction",Clear,Dry,Daylight,No Controls,NONE DETECTED,No,No Apparent Injury,"Operated Motor Vehicle in Inattentive, Careless, Negligent, or Erratic Manner",Unknown,MD,Van - Passenger (&lt;9 Seats),NA,25,No,2021,TOYOTA,SIENNA,39.23757,-77.2765885,2025,11,15
250050507,Property Damage Crash,11/10/2025 03:51:00 PM,BREWERS TAVERN WAY,NA,"Sideswipe, Same Direction",Clear,Dry,Daylight,No Controls,NONE DETECTED,No,NA,NA,NA,NA,Sport Utility Vehicle,Parked,25,No,2017,GMC,ACADIA,39.23757,-77.2765885,2025,11,15
250050500,Property Damage Crash,11/10/2025 03:50:00 PM,EAST WEST HWY (WB/L),NA,Front to Rear,Clear,Dry,Daylight,Traffic Control Signal,NONE DETECTED,No,No Apparent Injury,NA,Not Distracted,MD,Bus - Transit,Accelerating,35,No,2023,NEW FLYER,XCELSIOR,38.99458367,-77.03557333,2025,11,15
250050500,Property Damage Crash,11/10/2025 03:50:00 PM,EAST WEST HWY (WB/L),NA,Front to Rear,Clear,Dry,Daylight,Traffic Control Signal,NONE DETECTED,No,No Apparent Injury,NA,Not Distracted,MD,Passenger Car,Stopped in Traffic,35,No,2025,HONDA,CIVIC,38.99458367,-77.03557333,2025,11,15
250050517,Property Damage Crash,11/10/2025 02:59:00 PM,NA,NA,Front to Rear,Clear,NA,Daylight,NA,NONE DETECTED,Yes,No Apparent Injury,NA,Unknown,MD,Sport Utility Vehicle,Backing,0,No,2016,NISSAN,ROGUE,39.12193167,-77.17794533,2025,11,14
250050517,Property Damage Crash,11/10/2025 02:59:00 PM,NA,NA,Front to Rear,Clear,NA,Daylight,NA,NONE DETECTED,No,No Apparent Injury,NA,Not Distracted,MD,Sport Utility Vehicle,Parked,0,No,2019,TESLA,MODEL X,39.12193167,-77.17794533,2025,11,14
250050506,Property Damage Crash,11/10/2025 02:58:00 PM,WISCONSIN AVE,NA,"Sideswipe, Same Direction",Clear,Dry,Daylight,Traffic Control Signal,NONE DETECTED,No,No Apparent Injury,NA,Unknown,DC,Passenger Car,Turning Left,25,No,2012,FORD,FOCUS,38.98478267,-77.09418973,2025,11,14
250050506,Property Damage Crash,11/10/2025 02:58:00 PM,WISCONSIN AVE,NA,"Sideswipe, Same Direction",Clear,Dry,Daylight,Traffic Control Signal,NONE DETECTED,No,No Apparent Injury,NA,Not Distracted,MD,Passenger Car,Turning Left,25,No,2009,TOYOTA,COROLLA,38.98478267,-77.09418973,2025,11,14
250050541,Property Damage Crash,11/10/2025 02:31:00 PM,NA,NA,"Sideswipe, Same Direction",Clear,NA,Daylight,NA,NONE DETECTED,Yes,No Apparent Injury,NA,Unknown,MD,Sport Utility Vehicle,Turning Left,0,No,2011,VOLVO,XC90,39.06183423,-77.15858798,2025,11,14
250050487,Property Damage Crash,11/10/2025 01:40:00 PM,NA,NA,Front to Front,Clear,Dry,Daylight,Traffic Control Signal,NONE DETECTED,No,No Apparent Injury,NA,Not Distracted,MD,Passenger Car,Accelerating,35,No,2006,LEXUS,ES,39.06428281,-77.12602809,2025,11,13
250050487,Property Damage Crash,11/10/2025 01:40:00 PM,NA,NA,Front to Front,Clear,Dry,Daylight,Traffic Control Signal,NONE DETECTED,Yes,No Apparent Injury,NA,Unknown,NA,Passenger Car,NA,35,No,2007,CHEVROLET,MALIBU,39.06428281,-77.12602809,2025,11,13
250050469,Property Damage Crash,11/10/2025 11:35:00 AM,NA,NA,"Sideswipe, Opposite Direction",Clear,NA,Daylight,NA,NONE DETECTED,Yes,No Apparent Injury,Too Fast For Conditions,Not Distracted,MD,Passenger Car,Accelerating,0,No,2006,BMW,325I,39.11432981,-77.01804752,2025,11,11
250050469,Property Damage Crash,11/10/2025 11:35:00 AM,NA,NA,"Sideswipe, Opposite Direction",Clear,NA,Daylight,NA,NONE DETECTED,No,No Apparent Injury,NA,Not Distracted,MD,Passenger Car,Entering Traffic Lane,0,No,2022,HONDA,ACCORD,39.11432981,-77.01804752,2025,11,11
250050458,Injury Crash,11/10/2025 10:57:00 AM,W GUDE DR,NA,Angle,Clear,Dry,Daylight,Traffic Control Signal,NONE DETECTED,No,No Apparent Injury,NA,Not Distracted,MD,Passenger Car,Moving Constant Speed,35,No,2014,TOYOTA,PRIUS C,39.10005053,-77.18192798,2025,11,10
250050458,Injury Crash,11/10/2025 10:57:00 AM,W GUDE DR,NA,Angle,Clear,Dry,Daylight,Traffic Control Signal,NONE DETECTED,Yes,Possible Minor Injury,NA,Not Distracted,MD,Pickup,Turning Left,35,No,2020,TOYOTA,TACOMA,39.10005053,-77.18192798,2025,11,10
250050446,Property Damage Crash,11/10/2025 10:00:00 AM,S WESTLAND DR,NA,Angle,Clear,Dry,Daylight,Traffic Control Signal,NONE DETECTED,Yes,No Apparent Injury,Failed to Yield Right-of-Way,Unknown,MD,Passenger Car,Turning Left,35,No,2021,TOYOTA,CAMRY,39.12593267,-77.18295967,2025,11,10
250050483,Property Damage Crash,11/10/2025 10:00:00 AM,NA,NA,Angle,Clear,NA,Daylight,NA,NONE DETECTED,No,NA,NA,NA,NA,Sport Utility Vehicle,NA,0,No,2013,MERCEDES-BENZ,GL-CLASS,39.17196766,-77.28672524,2025,11,10
250050445,Property Damage Crash,11/10/2025 10:00:00 AM,RIVER RD,NA,Front to Rear,Clear,Dry,Daylight,Traffic Control Signal,NONE DETECTED,No,No Apparent Injury,NA,Not Distracted,MD,Passenger Car,Stopped in Traffic,35,No,2007,ACURA,MDX,39.03171611,-77.23339663,2025,11,10
250050446,Property Damage Crash,11/10/2025 10:00:00 AM,S WESTLAND DR,NA,Angle,Clear,Dry,Daylight,Traffic Control Signal,NONE DETECTED,No,No Apparent Injury,NA,Not Distracted,MD,Van - Passenger (&lt;9 Seats),Moving Constant Speed,35,No,2008,FORD,E-350,39.12593267,-77.18295967,2025,11,10
250050445,Property Damage Crash,11/10/2025 10:00:00 AM,RIVER RD,NA,Front to Rear,Clear,Dry,Daylight,Traffic Control Signal,NONE DETECTED,Yes,No Apparent Injury,Other Improper Action,Not Distracted,MD,Passenger Car,Moving Constant Speed,35,No,2011,HONDA,CIVIC,39.03171611,-77.23339663,2025,11,10
250050444,Property Damage Crash,11/10/2025 09:28:00 AM,NA,NA,"Sideswipe, Same Direction",Clear,Dry,Daylight,Traffic Control Signal,NONE DETECTED,No,No Apparent Injury,Failed to Keep in Proper Lane,Unknown,NA,Passenger Car,Turning Left,30,No,0,NA,NA,39.11780594,-77.25308171,2025,11,9
250050444,Property Damage Crash,11/10/2025 09:28:00 AM,NA,NA,"Sideswipe, Same Direction",Clear,Dry,Daylight,Traffic Control Signal,NONE DETECTED,No,No Apparent Injury,NA,Not Distracted,MD,Bus - School,Stopped in Traffic,35,No,2021,FREIGHTLINER,B2 BUS CHASSIS,39.11780594,-77.25308171,2025,11,9
250050443,Property Damage Crash,11/10/2025 09:24:00 AM,W MONTGOMERY AVE (WB/L),NA,"Sideswipe, Same Direction",Clear,Dry,Daylight,No Controls,NONE DETECTED,No,No Apparent Injury,NA,Not Distracted,MD,Pickup,Moving Constant Speed,30,No,2020,FORD,F-150,39.08577451,-77.17056054,2025,11,9
250050443,Property Damage Crash,11/10/2025 09:24:00 AM,W MONTGOMERY AVE (WB/L),NA,"Sideswipe, Same Direction",Clear,Dry,Daylight,No Controls,NONE DETECTED,Yes,No Apparent Injury,NA,Not Distracted,MD,Passenger Car,Changing Lanes,30,No,2020,HYUNDAI,ELANTRA,39.08577451,-77.17056054,2025,11,9
250050440,Property Damage Crash,11/10/2025 09:00:00 AM,NA,NA,Angle,Clear,Dry,Daylight,"Person (including flagger, law enforcement, crossing guard, etc.",NONE DETECTED,No,No Apparent Injury,NA,Not Distracted,MD,Passenger Car,Stopped in Traffic,25,No,2007,LEXUS,RX,39.155685,-77.197735,2025,11,9
250050440,Property Damage Crash,11/10/2025 09:00:00 AM,NA,NA,Angle,Clear,Dry,Daylight,"Person (including flagger, law enforcement, crossing guard, etc.",NONE DETECTED,No,NA,Improper Turn,NA,NA,NA,Turning Left,25,No,0,NA,NA,39.155685,-77.197735,2025,11,9