Local Case Number,ACRS Report Type,Crash Date/Time,Road Name,Related Non-Motorist,Collision Type,Weather,Surface Condition,Light,Traffic Control,Driver Substance Abuse,Driver At Fault,Injury Severity,Circumstance,Driver Distracted By,Drivers License State,Vehicle Body Type,Vehicle Movement,Speed Limit,Driverless Vehicle,Vehicle Year,Vehicle Make,Vehicle Model,Latitude,Longitude,Year,Month,Hour
250049913,Injury Crash,11/06/2025 05:17:00 PM,FERNWOOD RD,NA,Angle,Clear,Dry,Medium,Traffic Control Signal,NONE DETECTED,Yes,Possible Minor Injury,Improper Turn,Unknown,MD,Moped Or motorized bicycle,Turning Left,35,No,2023,JIAJUE,JJ50QT-21,39.02532857,-77.13674011,2025,11,17
250049908,Property Damage Crash,11/06/2025 05:01:00 PM,RESERVE CHAMPION DR,NA,"Sideswipe, Opposite Direction",Clear,Dry,Medium,No Controls,NONE DETECTED,Yes,No Apparent Injury,NA,Not Distracted,MD,Passenger Car,Moving Constant Speed,25,No,2021,FORD,MUSTANG,39.11091075,-77.17164447,2025,11,17
250049904,Injury Crash,11/06/2025 04:33:00 PM,MONTROSE RD (WB/L),NA,Angle,Clear,Dry,Daylight,Traffic Control Signal,NONE DETECTED,No,No Apparent Injury,NA,Not Distracted,MD,Passenger Car,Stopped in Traffic,35,No,2013,HONDA,CIVIC,39.05404153,-77.13805341,2025,11,16
250049904,Injury Crash,11/06/2025 04:33:00 PM,MONTROSE RD (WB/L),NA,Angle,Clear,Dry,Daylight,Traffic Control Signal,NONE DETECTED,Yes,Possible Minor Injury,NA,Unknown,MD,Passenger Car,Turning Left,35,No,2020,MAZDA,MX-5,39.05404153,-77.13805341,2025,11,16
250049904,Injury Crash,11/06/2025 04:33:00 PM,MONTROSE RD (WB/L),NA,Angle,Clear,Dry,Daylight,Traffic Control Signal,NONE DETECTED,No,No Apparent Injury,NA,Not Distracted,VA,Sport Utility Vehicle,Moving Constant Speed,35,No,2023,TESLA,MODEL Y,39.05404153,-77.13805341,2025,11,16
250049904,Injury Crash,11/06/2025 04:33:00 PM,MONTROSE RD (WB/L),NA,Angle,Clear,Dry,Daylight,Traffic Control Signal,NONE DETECTED,No,No Apparent Injury,NA,Not Distracted,MD,Sport Utility Vehicle,Stopped in Traffic,35,No,2021,FORD,EXPLORER,39.05404153,-77.13805341,2025,11,16
250049896,Property Damage Crash,11/06/2025 04:27:00 PM,HAYDEN DR,NA,"Sideswipe, Same Direction",Clear,Dry,Daylight,"Person (including flagger, law enforcement, crossing guard, etc.",NONE DETECTED,No,No Apparent Injury,NA,Not Distracted,MD,Passenger Car,Overtaking/Passing,25,No,2024,VOLKSWAGEN,ATLAS,39.02001656,-77.05351833,2025,11,16
250049896,Property Damage Crash,11/06/2025 04:27:00 PM,HAYDEN DR,NA,"Sideswipe, Same Direction",Clear,Dry,Daylight,"Person (including flagger, law enforcement, crossing guard, etc.",NONE DETECTED,No,No Apparent Injury,NA,Not Distracted,MD,Bus - School,Slowing or Stopping,25,No,2012,FREIGHTLINER,B2 BUS CHASSIS,39.02001656,-77.05351833,2025,11,16
250049903,Property Damage Crash,11/06/2025 04:21:00 PM,BRAXFIELD CT,NA,Angle,Clear,Dry,Daylight,No Controls,NONE DETECTED,Yes,No Apparent Injury,"Failed to Keep in Proper Lane, Ran Off Roadway",Not Distracted,MD,Passenger Car,Accelerating,10,No,2017,SUBARU,FORESTER,39.05727566,-77.1052624,2025,11,16
250049897,Injury Crash,11/06/2025 04:17:00 PM,ARCOLA AVE,Pedestrian,Single Vehicle,Clear,Dry,Daylight,Pedestrian Crossing Sign,NONE DETECTED,Yes,No Apparent Injury,"Disregarded Other Traffic Sign, Failed to Yield Right-of-Way, Operated Motor Vehicle in Inattentive, Careless, Negligent, or Erratic Manner",Unknown,MD,Passenger Car,Accelerating,25,No,2023,TOYOTA,RAV4,39.04712874,-77.05035061,2025,11,16
250049894,Injury Crash,11/06/2025 04:02:00 PM,SHOP CTR CUT THRU CUT,NA,"Sideswipe, Same Direction",Clear,Dry,Daylight,No Controls,NONE DETECTED,Yes,No Apparent Injury,NA,Not Distracted,MD,Van - Passenger (&lt;9 Seats),Turning Left,15,No,2025,TOYOTA,SIENNA,39.08276444,-76.94668405,2025,11,16
250049894,Injury Crash,11/06/2025 04:02:00 PM,SHOP CTR CUT THRU CUT,NA,"Sideswipe, Same Direction",Clear,Dry,Daylight,No Controls,NONE DETECTED,No,No Apparent Injury,NA,Not Distracted,MD,Sport Utility Vehicle,Moving Constant Speed,15,No,2019,TOYOTA,HIGHLANDER,39.08276444,-76.94668405,2025,11,16
250049891,Injury Crash,11/06/2025 04:00:00 PM,VEIRS MILL RD,NA,Front to Rear,Clear,Dry,Daylight,Traffic Control Signal,NONE DETECTED,No,Possible Minor Injury,NA,Not Distracted,MD,Passenger Car,Moving Constant Speed,35,No,2014,TOYOTA,PRIUS V,39.06149233,-77.09208133,2025,11,16
250049891,Injury Crash,11/06/2025 04:00:00 PM,VEIRS MILL RD,NA,Front to Rear,Clear,Dry,Daylight,Traffic Control Signal,NONE DETECTED,Yes,No Apparent Injury,Followed Too Closely,"Other Action (looking away from task, etc.)",MD,Passenger Car,Stopped in Traffic,35,No,2020,TOYOTA,RAV4,39.06149233,-77.09208133,2025,11,16
250049882,Property Damage Crash,11/06/2025 03:16:00 PM,GEORGIA AVE (SB/L),NA,"Sideswipe, Same Direction",Clear,Dry,Daylight,Traffic Control Signal,NONE DETECTED,Yes,No Apparent Injury,Failed to Keep in Proper Lane,Unknown,MD,Bus - School,Turning Left,25,No,2017,THOMAS BUILT,HDX,39.04718044,-77.05210538,2025,11,15
250049882,Property Damage Crash,11/06/2025 03:16:00 PM,GEORGIA AVE (SB/L),NA,"Sideswipe, Same Direction",Clear,Dry,Daylight,Traffic Control Signal,NONE DETECTED,No,No Apparent Injury,NA,Not Distracted,FL,Pickup,Stopped in Traffic,25,No,2022,RAM,2500,39.04718044,-77.05210538,2025,11,15
250049878,Injury Crash,11/06/2025 03:03:00 PM,MONTGOMERY VILLAGE AVE,NA,Front to Rear,Clear,Dry,Daylight,Yield Sign,NONE DETECTED,Yes,No Apparent Injury,NA,Not Distracted,MD,Passenger Car,Entering Traffic Lane,40,No,2017,FORD,ESCAPE,39.15291896,-77.21146211,2025,11,15
250049878,Injury Crash,11/06/2025 03:03:00 PM,MONTGOMERY VILLAGE AVE,NA,Front to Rear,Clear,Dry,Daylight,Yield Sign,NONE DETECTED,No,Possible Minor Injury,NA,Not Distracted,MD,Passenger Car,Entering Traffic Lane,40,No,2013,TOYOTA,PRIUS V,39.15291896,-77.21146211,2025,11,15
250049902,Property Damage Crash,11/06/2025 02:30:00 PM,BRAXFIELD CT,NA,Front to Rear,Clear,Dry,Daylight,No Controls,NONE DETECTED,Yes,No Apparent Injury,Too Fast For Conditions,Not Distracted,MD,Sport Utility Vehicle,Moving Constant Speed,25,No,2013,LEXUS,GX,39.05686941,-77.10573683,2025,11,14
250049902,Property Damage Crash,11/06/2025 02:30:00 PM,BRAXFIELD CT,NA,Front to Rear,Clear,Dry,Daylight,No Controls,NONE DETECTED,No,No Apparent Injury,NA,Not Distracted,MD,Station Wagon,Slowing or Stopping,25,No,2017,SUBARU,FORESTER,39.05686941,-77.10573683,2025,11,14
250049874,Property Damage Crash,11/06/2025 02:25:00 PM,QUINCE ORCHARD RD (SB/L),NA,Front to Rear,Clear,Dry,Daylight,Traffic Control Signal,NONE DETECTED,Yes,No Apparent Injury,Followed Too Closely,Unknown,MD,Bus - School,Slowing or Stopping,40,No,2018,THOMAS BUILT,HDX,39.1292475,-77.23356892,2025,11,14
250049874,Property Damage Crash,11/06/2025 02:25:00 PM,QUINCE ORCHARD RD (SB/L),NA,Front to Rear,Clear,Dry,Daylight,Traffic Control Signal,NONE DETECTED,No,No Apparent Injury,NA,Not Distracted,ME,Passenger Car,Slowing or Stopping,40,No,2020,VOLKSWAGEN,TIGUAN,39.1292475,-77.23356892,2025,11,14
250049872,Property Damage Crash,11/06/2025 02:25:00 PM,NA,NA,"Sideswipe, Opposite Direction",Clear,NA,Daylight,NA,NONE DETECTED,No,NA,NA,NA,NA,Sport Utility Vehicle,NA,0,No,2020,HYUNDAI,SANTA FE,39.1533402,-77.05386898,2025,11,14
250049870,Property Damage Crash,11/06/2025 02:08:00 PM,PENDLETON DR,NA,"Sideswipe, Same Direction",Clear,Dry,Daylight,No Controls,NONE DETECTED,Yes,No Apparent Injury,NA,Not Distracted,MD,Passenger Car,Changing Lanes,40,No,2016,KIA,OPTIMA,39.04682174,-77.06742578,2025,11,14
250049870,Property Damage Crash,11/06/2025 02:08:00 PM,PENDLETON DR,NA,"Sideswipe, Same Direction",Clear,Dry,Daylight,No Controls,NONE DETECTED,No,No Apparent Injury,NA,Not Distracted,MD,Other Trucks,Moving Constant Speed,40,No,1996,KENWORTH,T800,39.04682174,-77.06742578,2025,11,14
250049877,Property Damage Crash,11/06/2025 02:00:00 PM,NA,NA,Rear To Side,Clear,NA,Daylight,NA,NONE DETECTED,Yes,No Apparent Injury,NA,Unknown,MD,Passenger Car,Backing,0,No,2007,VOLVO,S60,38.97929596,-77.09893005,2025,11,14
250049858,Property Damage Crash,11/06/2025 01:46:00 PM,NA,NA,"Sideswipe, Same Direction",Clear,NA,Daylight,NA,NONE DETECTED,Yes,No Apparent Injury,Operated Motor Vehicle in Reckless or Aggressive Manner,Not Distracted,MD,Sport Utility Vehicle,Moving Constant Speed,0,No,2020,FORD,EXPLORER,39.17619816,-77.24154819,2025,11,13
250049876,Property Damage Crash,11/06/2025 01:24:00 PM,NA,NA,Front to Front,Clear,NA,Daylight,NA,ALCOHOL PRESENT,Yes,No Apparent Injury,Other Improper Action,Unknown,MD,Passenger Car,Slowing or Stopping,0,No,2019,SUBARU,FORESTER,39.15948269,-77.27910943,2025,11,13
250049856,Property Damage Crash,11/06/2025 12:59:00 PM,GEORGIA AVE,NA,"Sideswipe, Same Direction",Clear,Dry,Daylight,No Controls,NONE DETECTED,No,No Apparent Injury,NA,Not Distracted,MD,Passenger Car,Moving Constant Speed,35,No,2022,HONDA,ODYSSEY,39.00766875,-77.03983614,2025,11,12
250049856,Property Damage Crash,11/06/2025 12:59:00 PM,GEORGIA AVE,NA,"Sideswipe, Same Direction",Clear,Dry,Daylight,No Controls,NONE DETECTED,Yes,No Apparent Injury,Failed to Yield Right-of-Way,Unknown,MD,Passenger Car,Changing Lanes,35,No,2017,NISSAN,SENTRA,39.00766875,-77.03983614,2025,11,12
250049847,Property Damage Crash,11/06/2025 12:30:00 PM,WASHINGTON GROVE LA,NA,"Sideswipe, Opposite Direction",Clear,Dry,Daylight,No Controls,NONE DETECTED,Yes,No Apparent Injury,NA,Not Distracted,MD,Passenger Car,Turning Right,30,No,2023,TESLA,MODEL 3,39.14734319,-77.16931105,2025,11,12
250049847,Property Damage Crash,11/06/2025 12:30:00 PM,WASHINGTON GROVE LA,NA,"Sideswipe, Opposite Direction",Clear,Dry,Daylight,No Controls,NONE DETECTED,No,No Apparent Injury,NA,Not Distracted,MD,Passenger Car,Stopped in Traffic,30,No,2013,NISSAN,ALTIMA,39.14734319,-77.16931105,2025,11,12
250049843,Injury Crash,11/06/2025 12:10:00 PM,NA,Cyclist (non-electric),Single Vehicle,Clear,Dry,Daylight,Traffic Control Signal,NONE DETECTED,No,No Apparent Injury,NA,Not Distracted,WV,Other Trucks,Moving Constant Speed,40,No,2011,FORD,E-450,39.17139911,-77.27729741,2025,11,12
250049840,Property Damage Crash,11/06/2025 11:25:00 AM,DAMASCUS RD,NA,Angle,Clear,Dry,Daylight,Stop Sign,NONE DETECTED,Yes,No Apparent Injury,Failed to Yield Right-of-Way,Not Distracted,DC,Sport Utility Vehicle,Turning Left,50,No,2010,HONDA,CR-V,39.27403399,-77.15550903,2025,11,11
250049840,Property Damage Crash,11/06/2025 11:25:00 AM,DAMASCUS RD,NA,Angle,Clear,Dry,Daylight,No Controls,NONE DETECTED,No,No Apparent Injury,NA,Not Distracted,MD,Sport Utility Vehicle,Moving Constant Speed,50,No,2023,HONDA,CR-V,39.27403399,-77.15550903,2025,11,11
250049826,Property Damage Crash,11/06/2025 11:20:00 AM,NA,NA,Single Vehicle,Clear,NA,Daylight,NA,NONE DETECTED,Yes,No Apparent Injury,NA,Not Distracted,MD,Passenger Car,Accelerating,0,No,2022,LEXUS,RX,39.05893297,-76.97106767,2025,11,11
250049820,Injury Crash,11/06/2025 10:55:00 AM,OLD STAGE RD,Pedestrian,Single Vehicle,Clear,Dry,Daylight,Pedestrian Crossing,NONE DETECTED,Yes,No Apparent Injury,Failed to Yield Right-of-Way,"Other Action (looking away from task, etc.)",MD,Passenger Car,Turning Left,25,No,2024,TOYOTA,GRAND HIGHLANDER,39.0493449,-77.14086883,2025,11,10
250049800,Injury Crash,11/06/2025 08:51:00 AM,NA,Scooter (electric),Single Vehicle,Clear,NA,Daylight,NA,NONE DETECTED,Yes,No Apparent Injury,NA,Unknown,MD,Van - Cargo,Turning Right,0,No,2023,BRIGHTDROP,ZEVO,39.10734849,-77.15875868,2025,11,8
250049796,Property Damage Crash,11/06/2025 08:20:00 AM,NEW HAMPSHIRE AVE (SB/L),NA,Front to Rear,Clear,Dry,Daylight,No Controls,NONE DETECTED,No,No Apparent Injury,"Followed Too Closely, Too Fast For Conditions",Unknown,MD,Passenger Car,Slowing or Stopping,40,No,2025,HYUNDAI,VENUE,39.06354768,-76.99918353,2025,11,8
250049796,Property Damage Crash,11/06/2025 08:20:00 AM,NEW HAMPSHIRE AVE (SB/L),NA,Front to Rear,Clear,Dry,Daylight,No Controls,NONE DETECTED,No,No Apparent Injury,NA,Not Distracted,MD,Passenger Car,Stopped in Traffic,40,No,2020,TOYOTA,HIGHLANDER,39.06354768,-76.99918353,2025,11,8
250049791,Injury Crash,11/06/2025 08:00:00 AM,RAY DR,Pedestrian,Single Vehicle,Clear,Dry,Daylight,Traffic Control Signal,NONE DETECTED,No,No Apparent Injury,NA,Not Distracted,MD,Passenger Car,Moving Constant Speed,25,No,2013,TOYOTA,RAV4,38.98546308,-77.01420933,2025,11,8
250049786,Property Damage Crash,11/06/2025 07:10:00 AM,OLD COLUMBIA PIKE,NA,Angle,Clear,Dry,Daylight,Traffic Control Signal,NONE DETECTED,Yes,No Apparent Injury,NA,Not Distracted,MD,Passenger Car,Moving Constant Speed,35,No,2017,HYUNDAI,SANTA FE,39.06349567,-76.96602517,2025,11,7
250049786,Property Damage Crash,11/06/2025 07:10:00 AM,OLD COLUMBIA PIKE,NA,Angle,Clear,Dry,Daylight,Traffic Control Signal,NONE DETECTED,No,No Apparent Injury,NA,Not Distracted,MD,Passenger Car,Turning Left,35,No,2012,HONDA,ODYSSEY,39.06349567,-76.96602517,2025,11,7
250049785,Property Damage Crash,11/06/2025 05:33:00 AM,CONNECTICUT AVE (SB/L),NA,"Sideswipe, Same Direction",Clear,Dry,Medium,No Controls,NONE DETECTED,Yes,No Apparent Injury,NA,Unknown,NA,Pickup,Changing Lanes,30,No,2019,CHEVROLET,SILVERADO,39.00027748,-77.0770075,2025,11,5
250049785,Property Damage Crash,11/06/2025 05:33:00 AM,CONNECTICUT AVE (SB/L),NA,"Sideswipe, Same Direction",Clear,Dry,Medium,No Controls,NONE DETECTED,No,No Apparent Injury,NA,Not Distracted,MD,Passenger Car,Moving Constant Speed,30,No,2023,SUBARU,BRZ,39.00027748,-77.0770075,2025,11,5
250049778,Property Damage Crash,11/06/2025 12:28:00 AM,METROPOLITAN CT,NA,Angle,Clear,Dry,Medium,No Controls,NONE DETECTED,Yes,No Apparent Injury,NA,Unknown,MD,Passenger Car,Moving Constant Speed,25,No,2021,TOYOTA,COROLLA,39.14870142,-77.22844446,2025,11,0
250049765,Property Damage Crash,11/05/2025 08:10:00 PM,OLNEY SANDY SPRING RD (WB/L),NA,Front to Rear,Clear,Dry,Medium,No Controls,NONE DETECTED,Yes,No Apparent Injury,NA,Unknown,MD,Passenger Car,Turning Left,40,No,2017,NISSAN,MAXIMA,39.15320458,-77.06664351,2025,11,20
250049765,Property Damage Crash,11/05/2025 08:10:00 PM,OLNEY SANDY SPRING RD (WB/L),NA,Front to Rear,Clear,Dry,Medium,No Controls,NONE DETECTED,No,No Apparent Injury,NA,Not Distracted,MD,Passenger Car,Stopped in Traffic,40,No,2025,HONDA,CR-V,39.15320458,-77.06664351,2025,11,20
250049767,Property Damage Crash,11/05/2025 07:39:00 PM,SCHUBERT DR,NA,Front to Rear,Clear,Dry,Medium,No Controls,NONE DETECTED,No,NA,NA,NA,NA,Passenger Car,Backing,25,No,2006,HONDA,ACCORD,39.06999821,-76.94632966,2025,11,19
250049752,Injury Crash,11/05/2025 07:15:00 PM,KENNEBEC AVE,NA,Unknown,Clear,Dry,Medium,No Controls,NONE DETECTED,No,Possible Minor Injury,NA,Not Distracted,PR,Pickup,NA,25,No,2026,CHEVROLET,SILVERADO,38.98952767,-77.00257687,2025,11,19
250049752,Injury Crash,11/05/2025 07:15:00 PM,KENNEBEC AVE,NA,Unknown,Clear,Dry,Medium,No Controls,NONE DETECTED,No,NA,NA,NA,NA,NA,NA,25,No,0,NA,NA,38.98952767,-77.00257687,2025,11,19
250049748,Injury Crash,11/05/2025 07:00:00 PM,W DIAMOND AVE (WB/L),NA,Angle,Clear,Dry,Medium,Traffic Control Signal,NONE DETECTED,No,No Apparent Injury,NA,Not Distracted,MD,Van - Passenger (&lt;9 Seats),Moving Constant Speed,35,No,2022,TOYOTA,SIENNA,39.14175733,-77.217525,2025,11,19
250049748,Injury Crash,11/05/2025 07:00:00 PM,W DIAMOND AVE (WB/L),NA,Angle,Clear,Dry,Medium,Traffic Control Signal,NONE DETECTED,Yes,No Apparent Injury,Failed to Yield Right-of-Way,Unknown,MD,Sport Utility Vehicle,Turning Left,35,No,2022,HYUNDAI,PALISADE,39.14175733,-77.217525,2025,11,19
250049747,Property Damage Crash,11/05/2025 06:29:00 PM,NA,NA,Single Vehicle,Clear,NA,Medium,NA,NONE DETECTED,Yes,No Apparent Injury,NA,Unknown,MD,Passenger Car,Moving Constant Speed,0,No,2017,ACURA,MDX,39.11303159,-77.19466388,2025,11,18
250049734,Injury Crash,11/05/2025 05:38:00 PM,RIDGE RD,NA,Other,Clear,Dry,Medium,Traffic Control Signal,NONE DETECTED,No,Possible Minor Injury,NA,Not Distracted,MD,Passenger Car,Moving Constant Speed,30,No,2011,BUICK,LACROSSE,39.29027288,-77.20493156,2025,11,17
250049734,Injury Crash,11/05/2025 05:38:00 PM,RIDGE RD,NA,Other,Clear,Dry,Medium,Traffic Control Signal,NONE DETECTED,Yes,No Apparent Injury,Failed to Yield Right-of-Way,Unknown,MD,Passenger Car,Accelerating,30,No,2015,TOYOTA,COROLLA,39.29027288,-77.20493156,2025,11,17
250049715,Injury Crash,11/05/2025 04:55:00 PM,LONE OAK DR,NA,Front to Front,Clear,Dry,Medium,Traffic Control Signal,NONE DETECTED,No,Possible Minor Injury,NA,Not Distracted,MD,Sport Utility Vehicle,Moving Constant Speed,35,No,2010,MERCEDES-BENZ,M-CLASS,39.02081767,-77.1223865,2025,11,16
250049715,Injury Crash,11/05/2025 04:55:00 PM,LONE OAK DR,NA,Front to Front,Clear,Dry,Medium,Traffic Control Signal,NONE DETECTED,No,Possible Minor Injury,NA,Not Distracted,MD,Passenger Car,Turning Left,35,No,2024,TOYOTA,PRIUS PRIME,39.02081767,-77.1223865,2025,11,16
250049716,Property Damage Crash,11/05/2025 04:49:00 PM,16TH ST,NA,Other,Clear,Dry,Medium,Stop Sign,NONE DETECTED,No,No Apparent Injury,NA,Not Distracted,MD,Sport Utility Vehicle,Moving Constant Speed,25,No,2023,TOYOTA,RAV4,39.00465205,-77.04001158,2025,11,16
250049716,Property Damage Crash,11/05/2025 04:49:00 PM,16TH ST,NA,Other,Clear,Dry,Medium,No Controls,NONE DETECTED,No,No Apparent Injury,NA,Not Distracted,MD,Passenger Car,Moving Constant Speed,35,No,2024,CHEVROLET,MALIBU,39.00465205,-77.04001158,2025,11,16
250049703,Property Damage Crash,11/05/2025 03:53:00 PM,LISA DR,NA,Front to Rear,Clear,Dry,Daylight,Stop Sign,NONE DETECTED,Yes,No Apparent Injury,NA,Not Distracted,MD,Passenger Car,Backing,25,No,2001,JEEP,CHEROKEE,39.14432833,-77.1415445,2025,11,15
250049703,Property Damage Crash,11/05/2025 03:53:00 PM,LISA DR,NA,Front to Rear,Clear,Dry,Daylight,Stop Sign,NONE DETECTED,No,No Apparent Injury,NA,Not Distracted,MD,Passenger Car,Stopped in Traffic,25,No,2019,CHEVROLET,CRUZE,39.14432833,-77.1415445,2025,11,15
250049691,Property Damage Crash,11/05/2025 03:25:00 PM,BEL PRE RD (EB/L),NA,"Sideswipe, Same Direction",Clear,Dry,Daylight,No Controls,NONE DETECTED,Yes,No Apparent Injury,NA,Not Distracted,MD,Sport Utility Vehicle,Overtaking/Passing,25,No,2025,CHEVROLET,TRAVERSE,39.09284482,-77.08064569,2025,11,15
250049696,Injury Crash,11/05/2025 03:25:00 PM,UNIVERSITY BLVD W,NA,Front to Rear,Clear,Dry,Daylight,Traffic Control Signal,NONE DETECTED,No,NA,NA,NA,NA,Unknown,Accelerating,30,No,0,NA,NA,39.02104542,-77.0145416,2025,11,15
250049696,Injury Crash,11/05/2025 03:25:00 PM,UNIVERSITY BLVD W,NA,Front to Rear,Clear,Dry,Daylight,Traffic Control Signal,NONE DETECTED,No,Possible Minor Injury,NA,Not Distracted,MD,Passenger Car,Stopped in Traffic,30,No,2019,TOYOTA,CAMRY,39.02104542,-77.0145416,2025,11,15
250049691,Property Damage Crash,11/05/2025 03:25:00 PM,BEL PRE RD (EB/L),NA,"Sideswipe, Same Direction",Clear,Dry,Daylight,No Controls,NONE DETECTED,No,No Apparent Injury,NA,Not Distracted,MD,Bus - School,Stopped in Traffic,25,No,2023,FREIGHTLINER,B2 106 ELECTRIC CONVENTIONAL CHASSIS,39.09284482,-77.08064569,2025,11,15
250049690,Property Damage Crash,11/05/2025 02:55:00 PM,NORBECK RD (WB/L),NA,Front to Rear,Clear,Dry,Daylight,No Controls,NONE DETECTED,Yes,No Apparent Injury,NA,Not Distracted,MD,Station Wagon,Entering Traffic Lane,40,No,2016,FORD,TRANSIT CONNECT,39.09263884,-77.1236495,2025,11,14
250049690,Property Damage Crash,11/05/2025 02:55:00 PM,NORBECK RD (WB/L),NA,Front to Rear,Clear,Dry,Daylight,No Controls,NONE DETECTED,No,No Apparent Injury,NA,Not Distracted,MD,Sport Utility Vehicle,Slowing or Stopping,40,No,2013,CHEVROLET,TAHOE,39.09263884,-77.1236495,2025,11,14
250049687,Property Damage Crash,11/05/2025 02:35:00 PM,HUCKBURN CT,NA,Single Vehicle,Clear,Dry,Daylight,Stop Sign,NONE DETECTED,Yes,No Apparent Injury,NA,Not Distracted,MD,Passenger Car,Turning Right,25,No,2012,LEXUS,ES,39.10710366,-76.91017415,2025,11,14
250049667,Property Damage Crash,11/05/2025 12:44:00 PM,FREDERICK RD (SB/L),NA,"Sideswipe, Same Direction",Clear,Dry,Daylight,No Controls,NONE DETECTED,Yes,No Apparent Injury,"Failed to Keep in Proper Lane, Other Improper Action, Over-Correcting/Over-Steering",Not Distracted,MD,Passenger Car,Changing Lanes,40,No,2003,TOYOTA,COROLLA,39.18015885,-77.238611,2025,11,12
250049667,Property Damage Crash,11/05/2025 12:44:00 PM,FREDERICK RD (SB/L),NA,"Sideswipe, Same Direction",Clear,Dry,Daylight,No Controls,NONE DETECTED,No,No Apparent Injury,NA,Not Distracted,MD,Other,Moving Constant Speed,40,No,2023,FORD,TRANSIT,39.18015885,-77.238611,2025,11,12
250049660,Property Damage Crash,11/05/2025 12:00:00 PM,BOU AVE,NA,"Sideswipe, Same Direction",Clear,Dry,Daylight,Traffic Control Signal,NONE DETECTED,Yes,No Apparent Injury,NA,Unknown,MD,Passenger Car,Changing Lanes,45,No,2015,HYUNDAI,ELANTRA,39.05616342,-77.11901077,2025,11,12
250049660,Property Damage Crash,11/05/2025 12:00:00 PM,BOU AVE,NA,"Sideswipe, Same Direction",Clear,Dry,Daylight,Traffic Control Signal,NONE DETECTED,No,No Apparent Injury,NA,Not Distracted,MD,Passenger Car,Moving Constant Speed,45,No,2012,NISSAN,MURANO,39.05616342,-77.11901077,2025,11,12
250049645,Property Damage Crash,11/05/2025 11:50:00 AM,NEW HAMPSHIRE AVE,NA,Front to Rear,Clear,Dry,Daylight,No Controls,NONE DETECTED,Yes,No Apparent Injury,NA,Not Distracted,MD,Passenger Car,Moving Constant Speed,40,No,2016,VOLKSWAGEN,JETTA,39.01338583,-76.9782705,2025,11,11
250049645,Property Damage Crash,11/05/2025 11:50:00 AM,NEW HAMPSHIRE AVE,NA,Front to Rear,Clear,Dry,Daylight,No Controls,NONE DETECTED,No,No Apparent Injury,NA,Not Distracted,MD,Passenger Car,Slowing or Stopping,40,No,2025,HONDA,CR-V,39.01338583,-76.9782705,2025,11,11
250049643,Property Damage Crash,11/05/2025 11:35:00 AM,NA,NA,Angle,Clear,NA,Daylight,NA,NONE DETECTED,No,NA,NA,NA,NA,Passenger Car,Backing,0,No,2017,FORD,F-150,39.09025117,-77.04620464,2025,11,11
250049632,Injury Crash,11/05/2025 11:20:00 AM,NA,NA,Front to Front,Clear,Dry,Daylight,Traffic Control Signal,NONE DETECTED,No,No Apparent Injury,NA,Not Distracted,MD,Sport Utility Vehicle,Moving Constant Speed,35,No,2010,LEXUS,RX,39.15036469,-77.06679232,2025,11,11
250049632,Injury Crash,11/05/2025 11:20:00 AM,NA,NA,Front to Front,Clear,Dry,Daylight,Traffic Control Signal,NONE DETECTED,Yes,No Apparent Injury,NA,Not Distracted,MD,Passenger Car,Turning Left,35,No,2023,TESLA,MODEL Y,39.15036469,-77.06679232,2025,11,11
250049693,Property Damage Crash,11/05/2025 11:10:00 AM,NA,NA,Rear To Side,Clear,NA,Daylight,NA,NONE DETECTED,No,No Apparent Injury,NA,Unknown,MD,Passenger Car,Backing,0,No,2013,BUICK,VERANO,38.97863796,-77.09819772,2025,11,11