Local Case Number,ACRS Report Type,Crash Date/Time,Road Name,Related Non-Motorist,Collision Type,Weather,Surface Condition,Light,Traffic Control,Driver Substance Abuse,Driver At Fault,Injury Severity,Circumstance,Driver Distracted By,Drivers License State,Vehicle Body Type,Vehicle Movement,Speed Limit,Driverless Vehicle,Vehicle Year,Vehicle Make,Vehicle Model,Latitude,Longitude,Year,Month,Hour
250049693,Property Damage Crash,11/05/2025 11:10:00 AM,NA,NA,Rear To Side,Clear,NA,Daylight,NA,NONE DETECTED,No,No Apparent Injury,NA,Unknown,MD,Sport Utility Vehicle,Moving Constant Speed,0,No,2014,BMW,X1,38.97863796,-77.09819772,2025,11,11
250049640,Injury Crash,11/05/2025 11:00:00 AM,RAMP 5 FR IS 270 SB TO IS 370 EB,NA,"Sideswipe, Same Direction",Clear,Dry,Daylight,No Controls,NONE DETECTED,No,No Apparent Injury,NA,Not Distracted,MD,Van - Passenger (&lt;9 Seats),Moving Constant Speed,30,No,2021,CHEVROLET,TRAVERSE,39.12217435,-77.19352841,2025,11,11
250049640,Injury Crash,11/05/2025 11:00:00 AM,RAMP 5 FR IS 270 SB TO IS 370 EB,NA,"Sideswipe, Same Direction",Clear,Dry,Daylight,No Controls,NONE DETECTED,Yes,Suspected Serious Injury,Improper Turn,Not Distracted,MD,Motorcycle - 2 Wheeled,Moving Constant Speed,30,No,2016,KAWASAKI,NINJA 650,39.12217435,-77.19352841,2025,11,11
250049634,Property Damage Crash,11/05/2025 10:59:00 AM,ROCKVILLE PIKE,NA,Front to Rear,Clear,Dry,Daylight,No Controls,NONE DETECTED,No,No Apparent Injury,NA,Not Distracted,MD,Bus - Transit,Stopped in Traffic,35,No,2009,GILLIG,CITY TRANSIT BUS,39.06194766,-77.12396211,2025,11,10
250049634,Property Damage Crash,11/05/2025 10:59:00 AM,ROCKVILLE PIKE,NA,Front to Rear,Clear,Dry,Daylight,No Controls,NONE DETECTED,Yes,No Apparent Injury,NA,Not Distracted,MD,Passenger Car,Changing Lanes,35,No,2017,KIA,OPTIMA,39.06194766,-77.12396211,2025,11,10
250049628,Property Damage Crash,11/05/2025 10:48:00 AM,RUSSELL AVE,NA,"Sideswipe, Same Direction",Clear,Dry,Daylight,No Controls,NONE DETECTED,No,No Apparent Injury,NA,Not Distracted,MD,Bus - Transit,Moving Constant Speed,35,No,2014,GILLIG,LOW FLOOR BUS,39.15885974,-77.21508299,2025,11,10
250049628,Property Damage Crash,11/05/2025 10:48:00 AM,RUSSELL AVE,NA,"Sideswipe, Same Direction",Clear,Dry,Daylight,No Controls,NONE DETECTED,No,No Apparent Injury,NA,Not Distracted,MD,Truck Tractor,Parked,35,No,2020,VOLVO TRUCK,VAH,39.15885974,-77.21508299,2025,11,10
250049629,Property Damage Crash,11/05/2025 10:05:00 AM,NA,NA,Front to Rear,Clear,Dry,Daylight,No Controls,NONE DETECTED,No,NA,NA,NA,NA,Passenger Car,Backing,20,No,2016,HONDA,CIVIC,39.0433655,-77.11278656,2025,11,10
250049629,Property Damage Crash,11/05/2025 10:05:00 AM,NA,NA,Front to Rear,Clear,Dry,Daylight,No Controls,NONE DETECTED,No,No Apparent Injury,NA,Not Distracted,MD,Passenger Car,Parked,20,No,2024,VOLKSWAGEN,TAOS,39.0433655,-77.11278656,2025,11,10
250049616,Injury Crash,11/05/2025 09:55:00 AM,NA,NA,Single Vehicle,Clear,NA,Daylight,NA,NONE DETECTED,Yes,Possible Minor Injury,NA,Not Distracted,MD,Sport Utility Vehicle,Moving Constant Speed,0,No,2011,HONDA,CR-V,39.06791886,-77.12957396,2025,11,9
250049615,Property Damage Crash,11/05/2025 09:44:00 AM,NA,NA,"Sideswipe, Same Direction",Clear,Dry,Daylight,No Controls,NONE DETECTED,No,No Apparent Injury,NA,Not Distracted,MD,Sport Utility Vehicle,Moving Constant Speed,35,No,2022,HYUNDAI,TUCSON,39.00026826,-77.02572236,2025,11,9
250049615,Property Damage Crash,11/05/2025 09:44:00 AM,NA,NA,"Sideswipe, Same Direction",Clear,Dry,Daylight,No Controls,NONE DETECTED,No,No Apparent Injury,Failed to Yield Right-of-Way,Unknown,VA,Van - Cargo,Changing Lanes,35,No,2013,FORD,E-350,39.00026826,-77.02572236,2025,11,9
250049621,Property Damage Crash,11/05/2025 09:20:00 AM,CONNECTICUT AVE,NA,Other,Clear,Dry,Daylight,No Controls,NONE DETECTED,No,No Apparent Injury,Failed to Keep in Proper Lane,Unknown,MD,Pickup,Moving Constant Speed,35,No,2016,RAM,1500,38.98011178,-77.07709458,2025,11,9
250049606,Property Damage Crash,11/05/2025 07:57:00 AM,EISENHOWER MEMORIAL HWY (SB/L),NA,Front to Rear,Clear,Dry,Daylight,No Controls,NONE DETECTED,Yes,No Apparent Injury,NA,Not Distracted,MD,Passenger Car,Moving Constant Speed,55,No,2013,HONDA,CIVIC,39.10726218,-77.18414616,2025,11,7
250049606,Property Damage Crash,11/05/2025 07:57:00 AM,EISENHOWER MEMORIAL HWY (SB/L),NA,Front to Rear,Clear,Dry,Daylight,No Controls,NONE DETECTED,No,No Apparent Injury,NA,Not Distracted,VA,Passenger Car,Stopped in Traffic,55,No,2019,TOYOTA,CAMRY,39.10726218,-77.18414616,2025,11,7
250049607,Property Damage Crash,11/05/2025 07:37:00 AM,THOMPSON AVE,NA,"Sideswipe, Same Direction",Clear,Dry,Daylight,Stop Sign,NONE DETECTED,No,No Apparent Injury,NA,Not Distracted,MD,Bus - Transit,Turning Right,25,No,2016,GILLIG,LOW FLOOR BUS,39.05948185,-77.12182085,2025,11,7
250049607,Property Damage Crash,11/05/2025 07:37:00 AM,THOMPSON AVE,NA,"Sideswipe, Same Direction",Clear,Dry,Daylight,Stop Sign,NONE DETECTED,Yes,No Apparent Injury,NA,Not Distracted,MD,Passenger Car,Stopped in Traffic,25,No,2017,SUBARU,LEGACY,39.05948185,-77.12182085,2025,11,7
250049603,Property Damage Crash,11/05/2025 07:30:00 AM,GEORGIA AVE (SB/L),NA,Front to Rear,Clear,Dry,Daylight,No Controls,NONE DETECTED,No,NA,NA,NA,NA,Passenger Car,Overtaking/Passing,30,No,2010,TOYOTA,RAV4,39.04259688,-77.05205445,2025,11,7
250049603,Property Damage Crash,11/05/2025 07:30:00 AM,GEORGIA AVE (SB/L),NA,Front to Rear,Clear,Dry,Daylight,No Controls,NONE DETECTED,No,No Apparent Injury,NA,Not Distracted,MD,Passenger Car,Moving Constant Speed,30,No,2022,SUBARU,OUTBACK,39.04259688,-77.05205445,2025,11,7
250049599,Injury Crash,11/05/2025 05:08:00 AM,QUEENSTOWN LA,NA,Angle,Clear,Dry,Medium,Flashing Traffic Control Signal,NONE DETECTED,No,Possible Minor Injury,NA,Not Distracted,MD,Sport Utility Vehicle,Turning Left,25,No,2025,HYUNDAI,TUCSON,39.15339033,-77.27821145,2025,11,5
250049599,Injury Crash,11/05/2025 05:08:00 AM,QUEENSTOWN LA,NA,Angle,Clear,Dry,Medium,Flashing Traffic Control Signal,NONE DETECTED,No,Possible Minor Injury,NA,Not Distracted,MD,Passenger Car,Moving Constant Speed,45,No,2012,BMW,335I,39.15339033,-77.27821145,2025,11,5
250049595,Property Damage Crash,11/05/2025 02:43:00 AM,GOSHEN RD,NA,Single Vehicle,Clear,Dry,Dark,No Controls,NONE DETECTED,No,No Apparent Injury,NA,Not Distracted,MD,Sport Utility Vehicle,Moving Constant Speed,35,No,2012,INFINITI,QX56,39.1972175,-77.1847415,2025,11,2
250049594,Property Damage Crash,11/05/2025 02:13:00 AM,IS 270 LOCAL LANES (NB),NA,Single Vehicle,Clear,Dry,Dark,No Controls,ALCOHOL PRESENT,Yes,No Apparent Injury,"Failed to Keep in Proper Lane, Operated Motor Vehicle in Inattentive, Careless, Negligent, or Erratic Manner, Operated Motor Vehicle in Reckless or Aggressive Manner, Other Improper Action, Ran Off Roadway",Unknown,MD,Sport Utility Vehicle,Moving Constant Speed,55,No,2025,TOYOTA,COROLLA CROSS,39.14121861,-77.21257779,2025,11,2
250049578,Property Damage Crash,11/04/2025 08:57:00 PM,GREAT SENECA HWY,NA,Single Vehicle,Clear,Dry,Medium,No Controls,NONE DETECTED,No,No Apparent Injury,NA,Not Distracted,MD,Passenger Car,Moving Constant Speed,50,No,2022,TOYOTA,CAMRY,39.12168997,-77.22700097,2025,11,20
250049573,Property Damage Crash,11/04/2025 08:30:00 PM,NA,NA,Other,Clear,NA,Medium,NA,NONE DETECTED,Yes,No Apparent Injury,NA,Not Distracted,MD,Other,Backing,0,No,2023,FREIGHTLINER,M2,39.01451753,-77.03428764,2025,11,20
250049566,Property Damage Crash,11/04/2025 07:03:00 PM,CROWFOOT LA,NA,Single Vehicle,Clear,Dry,Dark,No Controls,NONE DETECTED,Yes,No Apparent Injury,Improper Turn,Unknown,MD,Sport Utility Vehicle,Turning Right,20,No,2017,LEXUS,RX,39.0790695,-76.98763717,2025,11,19
250049557,Property Damage Crash,11/04/2025 06:15:00 PM,NA,NA,Front to Rear,Clear,Dry,Medium,No Controls,NONE DETECTED,Yes,No Apparent Injury,"Followed Too Closely, Operated Motor Vehicle in Inattentive, Careless, Negligent, or Erratic Manner",Unknown,MD,Passenger Car,Slowing or Stopping,30,No,2006,HONDA,ACCORD,38.98419134,-77.09856841,2025,11,18
250049557,Property Damage Crash,11/04/2025 06:15:00 PM,NA,NA,Front to Rear,Clear,Dry,Medium,No Controls,NONE DETECTED,No,No Apparent Injury,NA,Unknown,MD,Sport Utility Vehicle,Slowing or Stopping,30,No,2017,SUBARU,FORESTER,38.98419134,-77.09856841,2025,11,18
250049558,Injury Crash,11/04/2025 06:12:00 PM,FREDERICK RD,NA,Front to Rear,Clear,Dry,Medium,No Controls,NONE DETECTED,No,No Apparent Injury,NA,Not Distracted,MD,Passenger Car,Moving Constant Speed,40,No,2017,JEEP,GRAND CHEROKEE,39.18355807,-77.23880048,2025,11,18
250049558,Injury Crash,11/04/2025 06:12:00 PM,FREDERICK RD,NA,Front to Rear,Clear,Dry,Medium,No Controls,DRUG AND ALCOHOL CONTRIBUTED,Yes,No Apparent Injury,NA,Unknown,TN,Passenger Car,Moving Constant Speed,40,No,2015,HONDA,ACCORD,39.18355807,-77.23880048,2025,11,18
250049558,Injury Crash,11/04/2025 06:12:00 PM,FREDERICK RD,NA,Front to Rear,Clear,Dry,Medium,No Controls,NONE DETECTED,No,Possible Minor Injury,NA,Not Distracted,MD,Passenger Car,Moving Constant Speed,40,No,2022,TOYOTA,HIGHLANDER,39.18355807,-77.23880048,2025,11,18
250049561,Property Damage Crash,11/04/2025 06:08:00 PM,NA,NA,Front to Front,Clear,Dry,Medium,Traffic Control Signal,NONE DETECTED,No,No Apparent Injury,NA,Not Distracted,MD,Passenger Car,Turning Left,40,No,2016,HONDA,PILOT,39.15429869,-77.28714746,2025,11,18
250049561,Property Damage Crash,11/04/2025 06:08:00 PM,NA,NA,Front to Front,Clear,Dry,Medium,Traffic Control Signal,NONE DETECTED,Yes,No Apparent Injury,NA,Not Distracted,MD,Passenger Car,Turning Left,40,No,2025,HYUNDAI,SANTA FE,39.15429869,-77.28714746,2025,11,18
250049550,Property Damage Crash,11/04/2025 05:45:00 PM,MANNAKEE ST,NA,Angle,Clear,Dry,Medium,Traffic Control Signal,NONE DETECTED,No,No Apparent Injury,NA,Not Distracted,MD,Passenger Car,Moving Constant Speed,35,No,2003,ACURA,TL,39.09660713,-77.15331962,2025,11,17
250049550,Property Damage Crash,11/04/2025 05:45:00 PM,MANNAKEE ST,NA,Angle,Clear,Dry,Medium,Traffic Control Signal,NONE DETECTED,Yes,No Apparent Injury,NA,Not Distracted,MD,Passenger Car,Turning Left,35,No,2014,TOYOTA,COROLLA,39.09660713,-77.15331962,2025,11,17
250049556,Property Damage Crash,11/04/2025 05:36:00 PM,CLARA BARTON PKWY (NB/L),NA,Front to Rear,Clear,Dry,Medium,No Controls,NONE DETECTED,Yes,No Apparent Injury,NA,Talking/listening,MD,Passenger Car,Slowing or Stopping,50,No,2015,TOYOTA,CAMRY,38.96815467,-77.142546,2025,11,17
250049556,Property Damage Crash,11/04/2025 05:36:00 PM,CLARA BARTON PKWY (NB/L),NA,Front to Rear,Clear,Dry,Medium,No Controls,NONE DETECTED,No,No Apparent Injury,NA,Not Distracted,VA,Sport Utility Vehicle,Stopped in Traffic,50,No,2024,MERCEDES-BENZ,GLC-CLASS,38.96815467,-77.142546,2025,11,17
250049547,Property Damage Crash,11/04/2025 05:25:00 PM,FREDERICK RD,NA,"Sideswipe, Same Direction",Clear,Dry,Medium,No Controls,NONE DETECTED,Yes,No Apparent Injury,NA,Not Distracted,MD,Passenger Car,Moving Constant Speed,40,No,2012,VOLKSWAGEN,JETTA,39.16899459,-77.23405265,2025,11,17
250049547,Property Damage Crash,11/04/2025 05:25:00 PM,FREDERICK RD,NA,"Sideswipe, Same Direction",Clear,Dry,Medium,No Controls,NONE DETECTED,No,No Apparent Injury,NA,Not Distracted,MD,Bus - Transit,Slowing or Stopping,40,No,2013,GILLIG,CITY TRANSIT BUS,39.16899459,-77.23405265,2025,11,17
250049530,Property Damage Crash,11/04/2025 04:12:00 PM,E JEFFERSON ST,NA,"Sideswipe, Same Direction",Clear,Dry,Daylight,Traffic Control Signal,NONE DETECTED,Yes,No Apparent Injury,NA,Not Distracted,MD,Bus - Transit,Turning Left,30,No,2016,GILLIG,CITY TRANSIT BUS,39.08193791,-77.14928502,2025,11,16
250049530,Property Damage Crash,11/04/2025 04:12:00 PM,E JEFFERSON ST,NA,"Sideswipe, Same Direction",Clear,Dry,Daylight,Traffic Control Signal,NONE DETECTED,No,No Apparent Injury,NA,Not Distracted,MD,Pickup,Stopped in Traffic,30,No,2019,FORD,F-350,39.08193791,-77.14928502,2025,11,16
250049528,Property Damage Crash,11/04/2025 03:50:00 PM,BOILING BROOK PKWY,NA,Angle,Clear,Dry,Daylight,Stop Sign,NONE DETECTED,No,No Apparent Injury,NA,Not Distracted,MD,Passenger Car,Accelerating,20,No,2016,TOYOTA,COROLLA,39.0477595,-77.09819817,2025,11,15
250049528,Property Damage Crash,11/04/2025 03:50:00 PM,BOILING BROOK PKWY,NA,Angle,Clear,Dry,Daylight,No Controls,NONE DETECTED,No,No Apparent Injury,NA,Not Distracted,MD,Passenger Car,Moving Constant Speed,20,No,2018,LEXUS,IS,39.0477595,-77.09819817,2025,11,15
250049539,Injury Crash,11/04/2025 02:45:00 PM,CROSSOVER,Pedestrian,Single Vehicle,Clear,Dry,Daylight,Traffic Control Signal,NONE DETECTED,Yes,No Apparent Injury,"Failed to Yield Right-of-Way, Ran Red Light",NA,NA,Passenger Car,Turning Left,25,No,2014,TOYOTA,PRIUS V,39.01594597,-77.00527489,2025,11,14
250049512,Property Damage Crash,11/04/2025 02:33:00 PM,E GUDE DR,NA,Front to Rear,Clear,Dry,Daylight,Traffic Control Signal,NONE DETECTED,Yes,No Apparent Injury,Other Improper Action,Unknown,MD,Bus - Transit,Stopped in Traffic,35,No,2016,GILLIG,CITY TRANSIT BUS,39.10027924,-77.14016358,2025,11,14
250049512,Property Damage Crash,11/04/2025 02:33:00 PM,E GUDE DR,NA,Front to Rear,Clear,Dry,Daylight,Traffic Control Signal,NONE DETECTED,No,No Apparent Injury,NA,Unknown,MD,Other Trucks,Stopped in Traffic,35,No,2005,ISUZU,T7F,39.10027924,-77.14016358,2025,11,14
250049488,Property Damage Crash,11/04/2025 12:43:00 PM,ROCKVILLE PIKE,NA,Front to Rear,Clear,Dry,Daylight,No Controls,NONE DETECTED,No,No Apparent Injury,NA,Not Distracted,MD,Passenger Car,Moving Constant Speed,35,No,2013,HONDA,PILOT,39.015174,-77.09970233,2025,11,12
250049488,Property Damage Crash,11/04/2025 12:43:00 PM,ROCKVILLE PIKE,NA,Front to Rear,Clear,Dry,Daylight,No Controls,NONE DETECTED,No,No Apparent Injury,NA,Not Distracted,DC,Other Trucks,Changing Lanes,35,No,2017,RAM,3500,39.015174,-77.09970233,2025,11,12
250049480,Injury Crash,11/04/2025 12:11:00 PM,EAST WEST HWY,NA,Front to Rear,Clear,Dry,Daylight,Traffic Control Signal,NONE DETECTED,Yes,No Apparent Injury,NA,Unknown,DC,Passenger Car,Moving Constant Speed,30,No,2021,HONDA,CR-V,38.9879166,-77.07708385,2025,11,12
250049480,Injury Crash,11/04/2025 12:11:00 PM,EAST WEST HWY,NA,Front to Rear,Clear,Dry,Daylight,Traffic Control Signal,NONE DETECTED,No,Possible Minor Injury,NA,Not Distracted,MD,Pickup,Slowing or Stopping,30,No,2017,FORD,F-150,38.9879166,-77.07708385,2025,11,12
250049472,Injury Crash,11/04/2025 11:55:00 AM,NA,NA,Angle,Clear,Dry,Daylight,No Controls,NONE DETECTED,No,Possible Minor Injury,NA,Not Distracted,MD,Passenger Car,Moving Constant Speed,35,No,2016,HONDA,CIVIC,39.10814022,-77.00428732,2025,11,11
250049472,Injury Crash,11/04/2025 11:55:00 AM,NA,NA,Angle,Clear,Dry,Daylight,No Controls,NONE DETECTED,Yes,No Apparent Injury,NA,Unknown,MD,Passenger Car,Turning Left,30,No,2019,PORSCHE,CAYENNE,39.10814022,-77.00428732,2025,11,11
250049450,Property Damage Crash,11/04/2025 10:45:00 AM,NA,NA,Rear To Rear,Clear,NA,Daylight,NA,NONE DETECTED,No,No Apparent Injury,NA,Not Distracted,MD,Passenger Car,Backing,0,No,2013,HONDA,CIVIC,39.09845998,-76.93483199,2025,11,10
250049450,Property Damage Crash,11/04/2025 10:45:00 AM,NA,NA,Rear To Rear,Clear,NA,Daylight,NA,NONE DETECTED,No,No Apparent Injury,Improper Backing,Unknown,MD,Passenger Car,Backing,0,No,2015,FORD,F-250,39.09845998,-76.93483199,2025,11,10
250049444,Injury Crash,11/04/2025 10:20:00 AM,NA,Pedestrian,Single Vehicle,Clear,NA,Daylight,NA,NONE DETECTED,No,No Apparent Injury,NA,Not Distracted,MD,Sport Utility Vehicle,Moving Constant Speed,0,No,2023,HYUNDAI,SANTA FE,39.11697835,-77.20582193,2025,11,10
250049440,Injury Crash,11/04/2025 10:09:00 AM,ROCKVILLE PIKE,NA,"Sideswipe, Same Direction",Clear,Dry,Daylight,Traffic Control Signal,NONE DETECTED,Yes,Possible Minor Injury,NA,Not Distracted,MD,Station Wagon,Turning Left,30,No,2022,HONDA,ODYSSEY,39.04953278,-77.11422449,2025,11,10
250049440,Injury Crash,11/04/2025 10:09:00 AM,ROCKVILLE PIKE,NA,"Sideswipe, Same Direction",Clear,Dry,Daylight,Traffic Control Signal,NONE DETECTED,No,Possible Minor Injury,NA,Not Distracted,MD,Passenger Car,Turning Left,30,No,2016,VOLVO,S60,39.04953278,-77.11422449,2025,11,10
250049437,Injury Crash,11/04/2025 09:53:00 AM,NA,NA,"Sideswipe, Same Direction",Clear,Dry,Daylight,No Controls,NONE DETECTED,Yes,No Apparent Injury,NA,Not Distracted,DE,Van - Passenger (&lt;9 Seats),Changing Lanes,45,No,2014,NISSAN,NV,39.14147423,-77.15177513,2025,11,9
250049437,Injury Crash,11/04/2025 09:53:00 AM,NA,NA,"Sideswipe, Same Direction",Clear,Dry,Daylight,No Controls,NONE DETECTED,No,No Apparent Injury,NA,Not Distracted,MD,Passenger Car,Moving Constant Speed,45,No,2026,TOYOTA,CAMRY,39.14147423,-77.15177513,2025,11,9
250049433,Property Damage Crash,11/04/2025 09:23:00 AM,ALLEGHENY AVE,NA,Rear To Side,Clear,Dry,Daylight,No Controls,NONE DETECTED,No,No Apparent Injury,Other Improper Action,Not Distracted,DC,Other Trucks,NA,10,No,2025,MACK,TERRAPRO,38.97211026,-77.00710066,2025,11,9
250049434,Injury Crash,11/04/2025 09:20:00 AM,CSX TRACK 2 RAIL,NA,Front to Rear,Clear,Dry,Daylight,No Controls,NONE DETECTED,No,Possible Minor Injury,NA,Not Distracted,DC,Passenger Car,Moving Constant Speed,25,No,2023,NISSAN,ALTIMA,38.98762467,-77.0251845,2025,11,9
250049434,Injury Crash,11/04/2025 09:20:00 AM,CSX TRACK 2 RAIL,NA,Front to Rear,Clear,Dry,Daylight,No Controls,NONE DETECTED,No,No Apparent Injury,NA,Not Distracted,DC,Passenger Car,Moving Constant Speed,25,No,2008,HONDA,ACCORD,38.98762467,-77.0251845,2025,11,9
250049434,Injury Crash,11/04/2025 09:20:00 AM,CSX TRACK 2 RAIL,NA,Front to Rear,Clear,Dry,Daylight,No Controls,NONE DETECTED,No,NA,NA,NA,NA,Passenger Car,Changing Lanes,25,No,0,NA,NA,38.98762467,-77.0251845,2025,11,9
250049422,Property Damage Crash,11/04/2025 09:10:00 AM,IS 270 LOCAL LANES (NB),NA,Single Vehicle,Clear,Dry,Daylight,No Controls,NONE DETECTED,No,No Apparent Injury,NA,Not Distracted,VA,Passenger Car,Entering Traffic Lane,55,No,2025,TOYOTA,CAMRY,39.15080399,-77.21818995,2025,11,9
250049428,Injury Crash,11/04/2025 08:51:00 AM,DARNESTOWN RD,NA,Front to Rear,Clear,Dry,Daylight,Traffic Control Signal,NONE DETECTED,No,No Apparent Injury,NA,Not Distracted,MD,Van - Passenger (&lt;9 Seats),Slowing or Stopping,35,No,2020,TOYOTA,SIENNA,39.10053602,-77.21342483,2025,11,8
250049428,Injury Crash,11/04/2025 08:51:00 AM,DARNESTOWN RD,NA,Front to Rear,Clear,Dry,Daylight,Traffic Control Signal,NONE DETECTED,Yes,No Apparent Injury,NA,Unknown,MD,Sport Utility Vehicle,Moving Constant Speed,35,No,2025,HONDA,CR-V,39.10053602,-77.21342483,2025,11,8
250049427,Property Damage Crash,11/04/2025 08:50:00 AM,SHADY GROVE RD,NA,"Sideswipe, Opposite Direction",Clear,Dry,Daylight,Traffic Control Signal,NONE DETECTED,No,No Apparent Injury,NA,Not Distracted,MD,Passenger Car,Moving Constant Speed,35,No,2022,TOYOTA,CAMRY,39.11199083,-77.187142,2025,11,8
250049427,Property Damage Crash,11/04/2025 08:50:00 AM,SHADY GROVE RD,NA,"Sideswipe, Opposite Direction",Clear,Dry,Daylight,Traffic Control Signal,NONE DETECTED,Yes,No Apparent Injury,NA,Not Distracted,MD,Passenger Car,Moving Constant Speed,35,No,2009,TOYOTA,COROLLA,39.11199083,-77.187142,2025,11,8
250049427,Property Damage Crash,11/04/2025 08:50:00 AM,SHADY GROVE RD,NA,"Sideswipe, Opposite Direction",Clear,Dry,Daylight,Traffic Control Signal,NONE DETECTED,No,No Apparent Injury,NA,Not Distracted,VA,Other Trucks,Moving Constant Speed,35,No,2025,FREIGHTLINER,M2,39.11199083,-77.187142,2025,11,8
250049424,Property Damage Crash,11/04/2025 08:40:00 AM,BOWIE MILL RD,NA,Single Vehicle,Clear,Dry,Daylight,No Controls,NONE DETECTED,No,No Apparent Injury,NA,Not Distracted,MD,Bus - School,Moving Constant Speed,40,No,2015,THOMAS BUILT,HDX,39.13579745,-77.12089162,2025,11,8
250049417,Property Damage Crash,11/04/2025 08:28:00 AM,UNIVERSITY BLVD E (WB/L),NA,Angle,Clear,Dry,Daylight,Traffic Control Signal,NONE DETECTED,No,No Apparent Injury,Failed to Yield Right-of-Way,Not Distracted,MD,Passenger Car,Turning Left,35,No,2010,HONDA,CR-V,39.01786692,-77.00710595,2025,11,8
250049417,Property Damage Crash,11/04/2025 08:28:00 AM,UNIVERSITY BLVD E (WB/L),NA,Angle,Clear,Dry,Daylight,Traffic Control Signal,NONE DETECTED,No,No Apparent Injury,NA,Not Distracted,MD,Passenger Car,Accelerating,35,No,2022,SUBARU,CROSSTREK,39.01786692,-77.00710595,2025,11,8
250048170,Property Damage Crash,11/04/2025 08:18:00 AM,CRISPIN WAY,NA,"Sideswipe, Same Direction",Clear,Dry,Daylight,No Controls,NONE DETECTED,No,NA,NA,NA,NA,NA,Moving Constant Speed,15,No,0,NA,NA,39.07702065,-77.10232074,2025,11,8
250048170,Property Damage Crash,11/04/2025 08:18:00 AM,CRISPIN WAY,NA,"Sideswipe, Same Direction",Clear,Dry,Daylight,No Controls,NONE DETECTED,No,NA,NA,NA,NA,Passenger Car,Parked,15,No,2001,FORD,E-350,39.07702065,-77.10232074,2025,11,8
250049416,Property Damage Crash,11/04/2025 08:16:00 AM,NA,NA,"Sideswipe, Same Direction",Clear,NA,Daylight,NA,NONE DETECTED,No,No Apparent Injury,Failed to Keep in Proper Lane,Unknown,NA,Van - Passenger (&lt;9 Seats),Turning Right,0,No,0,NA,NA,39.20043505,-77.24903228,2025,11,8
250049419,Property Damage Crash,11/04/2025 08:10:00 AM,RIVER RD (WB/L),NA,"Sideswipe, Same Direction",Clear,Dry,Daylight,No Controls,NONE DETECTED,No,No Apparent Injury,NA,Not Distracted,MD,Bus - School,Slowing or Stopping,35,No,2024,FREIGHTLINER,B2 106 ELECTRIC CONVENTIONAL CHASSIS,38.97279,-77.121737,2025,11,8
250049419,Property Damage Crash,11/04/2025 08:10:00 AM,RIVER RD (WB/L),NA,"Sideswipe, Same Direction",Clear,Dry,Daylight,No Controls,NONE DETECTED,Yes,No Apparent Injury,NA,Not Distracted,MD,Passenger Car,Changing Lanes,35,No,2019,MERCEDES-BENZ,GLC-CLASS,38.97279,-77.121737,2025,11,8
250049412,Property Damage Crash,11/04/2025 07:45:00 AM,NA,NA,"Sideswipe, Same Direction",Clear,NA,Daylight,NA,NONE DETECTED,No,No Apparent Injury,Other Improper Action,Unknown,MD,Sport Utility Vehicle,Backing,0,No,2016,TOYOTA,RAV4,39.02638667,-77.13032333,2025,11,7
250049412,Property Damage Crash,11/04/2025 07:45:00 AM,NA,NA,"Sideswipe, Same Direction",Clear,NA,Daylight,NA,NONE DETECTED,No,No Apparent Injury,NA,Not Distracted,MD,Bus - School,Parked,0,No,2017,THOMAS BUILT,HDX,39.02638667,-77.13032333,2025,11,7
250049420,Property Damage Crash,11/04/2025 07:33:00 AM,CONNECTICUT AVE (SB/L),NA,Front to Rear,Clear,Dry,Daylight,Stop Sign,NONE DETECTED,Yes,No Apparent Injury,Other Improper Action,Unknown,MD,Sport Utility Vehicle,Changing Lanes,35,No,2023,JEEP,WRANGLER,39.03380288,-77.07497038,2025,11,7
250049420,Property Damage Crash,11/04/2025 07:33:00 AM,CONNECTICUT AVE (SB/L),NA,Front to Rear,Clear,Dry,Daylight,No Controls,NONE DETECTED,No,No Apparent Injury,NA,Not Distracted,MD,Pickup,Stopped in Traffic,35,No,2012,FORD,F-150,39.03380288,-77.07497038,2025,11,7