Local Case Number,ACRS Report Type,Crash Date/Time,Road Name,Related Non-Motorist,Collision Type,Weather,Surface Condition,Light,Traffic Control,Driver Substance Abuse,Driver At Fault,Injury Severity,Circumstance,Driver Distracted By,Drivers License State,Vehicle Body Type,Vehicle Movement,Speed Limit,Driverless Vehicle,Vehicle Year,Vehicle Make,Vehicle Model,Latitude,Longitude,Year,Month,Hour
250049409,Property Damage Crash,11/04/2025 07:30:00 AM,FREDERICK RD (SB/L),NA,Front to Rear,Clear,Dry,Daylight,Other,NONE DETECTED,No,No Apparent Injury,NA,Not Distracted,MD,Pickup,Slowing or Stopping,35,No,2010,DODGE,RAM,39.16050228,-77.2208491,2025,11,7
250049409,Property Damage Crash,11/04/2025 07:30:00 AM,FREDERICK RD (SB/L),NA,Front to Rear,Clear,Dry,Daylight,Other Signal,NONE DETECTED,No,No Apparent Injury,NA,Not Distracted,MD,Passenger Car,Moving Constant Speed,35,No,2012,LINCOLN,MKZ,39.16050228,-77.2208491,2025,11,7
250049409,Property Damage Crash,11/04/2025 07:30:00 AM,FREDERICK RD (SB/L),NA,Front to Rear,Clear,Dry,Daylight,Other,NONE DETECTED,No,No Apparent Injury,NA,Not Distracted,MD,Passenger Car,Slowing or Stopping,35,No,2019,BMW,540I,39.16050228,-77.2208491,2025,11,7
250049411,Property Damage Crash,11/04/2025 07:15:00 AM,RIDGE DR,NA,Other,Clear,Dry,Daylight,No Controls,NONE DETECTED,No,No Apparent Injury,NA,Not Distracted,MD,Passenger Car,Moving Constant Speed,25,No,2020,KIA,STINGER,39.0733535,-77.20182467,2025,11,7
250049411,Property Damage Crash,11/04/2025 07:15:00 AM,RIDGE DR,NA,Other,Clear,Dry,Daylight,Stop Sign,NONE DETECTED,Yes,No Apparent Injury,Failed to Yield Right-of-Way,Not Distracted,MD,Passenger Car,Moving Constant Speed,25,No,2020,BMW,330I,39.0733535,-77.20182467,2025,11,7
250049405,Property Damage Crash,11/04/2025 06:00:00 AM,HEATHFIELD RD,NA,Front to Rear,Clear,Dry,Daylight,No Controls,NONE DETECTED,No,NA,NA,NA,NA,Passenger Car,Parked,25,No,2014,CHEVROLET,EQUINOX,39.08713683,-77.081425,2025,11,6
250049405,Property Damage Crash,11/04/2025 06:00:00 AM,HEATHFIELD RD,NA,Front to Rear,Clear,Dry,Daylight,No Controls,ALCOHOL PRESENT,Yes,No Apparent Injury,"Operated Motor Vehicle in Inattentive, Careless, Negligent, or Erratic Manner",Unknown,MD,Pickup,Moving Constant Speed,25,No,2021,CHEVROLET,COLORADO,39.08713683,-77.081425,2025,11,6
250049405,Property Damage Crash,11/04/2025 06:00:00 AM,HEATHFIELD RD,NA,Front to Rear,Clear,Dry,Daylight,No Controls,NONE DETECTED,No,NA,NA,NA,NA,Passenger Car,Parked,25,No,2012,FORD,F-150,39.08713683,-77.081425,2025,11,6
250049402,Property Damage Crash,11/04/2025 02:46:00 AM,ROYAL CRESCENT,NA,Front to Rear,Clear,Dry,Medium,No Controls,NONE DETECTED,Yes,No Apparent Injury,NA,"Other Action (looking away from task, etc.)",MD,Passenger Car,Moving Constant Speed,10,No,2025,TOYOTA,CAMRY,39.11537194,-77.18003036,2025,11,2
250049779,Property Damage Crash,11/04/2025 12:05:00 AM,NA,NA,"Sideswipe, Opposite Direction",Clear,NA,Medium,NA,NONE DETECTED,No,NA,NA,NA,NA,Passenger Car,Turning Right,0,No,2013,HYUNDAI,ELANTRA,38.99860204,-77.10994072,2025,11,0
250049390,Property Damage Crash,11/03/2025 09:45:00 PM,OLNEY LAYTONSVILLE RD,NA,Single Vehicle,Clear,Dry,Dark,No Controls,NONE DETECTED,Yes,No Apparent Injury,Other Improper Action,Not Distracted,MD,Passenger Car,Moving Constant Speed,30,No,2012,HONDA,CR-V,39.18210519,-77.10825266,2025,11,21
250049388,Injury Crash,11/03/2025 08:50:00 PM,NA,Pedestrian,Single Vehicle,Clear,NA,Medium,NA,NONE DETECTED,Yes,No Apparent Injury,NA,Not Distracted,MD,Passenger Car,Turning Left,0,No,2018,NISSAN,VERSA NOTE,38.99573865,-77.03664481,2025,11,20
250049382,Property Damage Crash,11/03/2025 08:13:00 PM,LOST KNIFE RD (NB/L),NA,Angle,Clear,Dry,Medium,Traffic Control Signal,NONE DETECTED,Yes,No Apparent Injury,"Failed to Yield Right-of-Way, Improper Turn",Unknown,MD,Sport Utility Vehicle,Turning Left,35,No,2019,FORD,ESCAPE,39.154986,-77.2008215,2025,11,20
250049382,Property Damage Crash,11/03/2025 08:13:00 PM,LOST KNIFE RD (NB/L),NA,Angle,Clear,Dry,Medium,Traffic Control Signal,NONE DETECTED,No,No Apparent Injury,NA,Not Distracted,MD,Passenger Car,Moving Constant Speed,35,No,2017,TOYOTA,COROLLA,39.154986,-77.2008215,2025,11,20
250049383,Property Damage Crash,11/03/2025 07:57:00 PM,NEW HAMPSHIRE AVE (SB/L),NA,"Sideswipe, Same Direction",Clear,Dry,Medium,No Controls,NONE DETECTED,Yes,No Apparent Injury,Other Improper Action,Not Distracted,MD,Passenger Car,Turning Right,30,No,2022,TOYOTA,TACOMA,39.07571499,-77.0018768,2025,11,19
250049383,Property Damage Crash,11/03/2025 07:57:00 PM,NEW HAMPSHIRE AVE (SB/L),NA,"Sideswipe, Same Direction",Clear,Dry,Medium,Traffic Control Signal,NONE DETECTED,No,No Apparent Injury,NA,Not Distracted,MD,Passenger Car,Turning Right,25,No,2023,FREIGHTLINER,CASCADIA,39.07571499,-77.0018768,2025,11,19
250049379,Injury Crash,11/03/2025 07:42:00 PM,MIDDLEBROOK RD,NA,Angle,Clear,Dry,Medium,No Controls,NONE DETECTED,No,Possible Minor Injury,NA,Not Distracted,MD,Passenger Car,Moving Constant Speed,40,No,2006,TOYOTA,CAMRY SOLARA,39.17941,-77.24030833,2025,11,19
250049379,Injury Crash,11/03/2025 07:42:00 PM,MIDDLEBROOK RD,NA,Angle,Clear,Dry,Medium,Stop Sign,NONE DETECTED,Yes,Possible Minor Injury,"Failed to Yield Right-of-Way, Improper Turn",Unknown,NJ,Passenger Car,Turning Left,15,No,2018,AUDI,S3,39.17941,-77.24030833,2025,11,19
250049371,Injury Crash,11/03/2025 06:55:00 PM,GERMANTOWN RD (SB/L),NA,Front to Rear,Clear,Dry,Medium,Traffic Control Signal,NONE DETECTED,No,No Apparent Injury,NA,Not Distracted,MD,Passenger Car,Slowing or Stopping,40,No,2006,TOYOTA,SIENNA,39.1630825,-77.28298087,2025,11,18
250049371,Injury Crash,11/03/2025 06:55:00 PM,GERMANTOWN RD (SB/L),NA,Front to Rear,Clear,Dry,Medium,Traffic Control Signal,NONE DETECTED,Yes,Possible Minor Injury,NA,Unknown,MD,Passenger Car,Moving Constant Speed,40,No,2008,MERCEDES-BENZ,GL-CLASS,39.1630825,-77.28298087,2025,11,18
250049361,Property Damage Crash,11/03/2025 05:40:00 PM,BEL PRE RD (EB/L),NA,"Sideswipe, Opposite Direction",Clear,Dry,Medium,Traffic Control Signal,NONE DETECTED,No,No Apparent Injury,NA,Not Distracted,MD,Passenger Car,Moving Constant Speed,35,No,2011,HYUNDAI,GENESIS,39.09304766,-77.07957507,2025,11,17
250049361,Property Damage Crash,11/03/2025 05:40:00 PM,BEL PRE RD (EB/L),NA,"Sideswipe, Opposite Direction",Clear,Dry,Medium,Traffic Control Signal,ALCOHOL PRESENT,Yes,No Apparent Injury,NA,Not Distracted,MD,Passenger Car,Turning Left,35,No,2009,TOYOTA,CAMRY,39.09304766,-77.07957507,2025,11,17
250049362,Property Damage Crash,11/03/2025 05:30:00 PM,GOOD HOPE RD,NA,"Sideswipe, Opposite Direction",Clear,Dry,Medium,No Controls,NONE DETECTED,No,No Apparent Injury,NA,Not Distracted,MD,Pickup,Moving Constant Speed,25,No,2024,TOYOTA,TUNDRA,39.09695746,-76.98592137,2025,11,17
250049362,Property Damage Crash,11/03/2025 05:30:00 PM,GOOD HOPE RD,NA,"Sideswipe, Opposite Direction",Clear,Dry,Medium,No Controls,NONE DETECTED,No,No Apparent Injury,Failed to Keep in Proper Lane,Not Distracted,MD,Bus - Transit,Moving Constant Speed,25,No,2011,GILLIG,UNKNOWN,39.09695746,-76.98592137,2025,11,17
250049358,Property Damage Crash,11/03/2025 05:23:00 PM,FREDERICK RD,NA,"Sideswipe, Same Direction",Clear,Dry,Medium,No Controls,NONE DETECTED,Yes,No Apparent Injury,NA,Unknown,MD,Other,NA,30,No,2019,MACK,GRANITE,39.14613133,-77.20437717,2025,11,17
250049358,Property Damage Crash,11/03/2025 05:23:00 PM,FREDERICK RD,NA,"Sideswipe, Same Direction",Clear,Dry,Medium,No Controls,NONE DETECTED,No,No Apparent Injury,NA,Unknown,MD,Bus - Transit,NA,30,No,2017,GILLIG,LOW FLOOR BUS,39.14613133,-77.20437717,2025,11,17
250049353,Property Damage Crash,11/03/2025 04:10:00 PM,GEORGIA AVE (SB/L),NA,"Sideswipe, Same Direction",Clear,Dry,Daylight,Other Warning Sign,NONE DETECTED,Yes,No Apparent Injury,Failed to Yield Right-of-Way,Unknown,MD,Sport Utility Vehicle,Changing Lanes,35,No,2016,GMC,TERRAIN,39.01167137,-77.04136686,2025,11,16
250049353,Property Damage Crash,11/03/2025 04:10:00 PM,GEORGIA AVE (SB/L),NA,"Sideswipe, Same Direction",Clear,Dry,Daylight,Other Warning Sign,NONE DETECTED,No,No Apparent Injury,NA,Not Distracted,MD,Van - Passenger (&lt;9 Seats),Moving Constant Speed,35,No,2015,RAM,PROMASTER 1500,39.01167137,-77.04136686,2025,11,16
250049340,Property Damage Crash,11/03/2025 03:50:00 PM,NEW HAMPSHIRE AVE,NA,"Sideswipe, Same Direction",Clear,Dry,Daylight,"Other Pavement Marking (excluding edgelines, centerlines, or lane lines)",NONE DETECTED,No,No Apparent Injury,NA,Not Distracted,MD,Passenger Car,Moving Constant Speed,35,No,2004,HONDA,PILOT,39.02082505,-76.9766963,2025,11,15
250049340,Property Damage Crash,11/03/2025 03:50:00 PM,NEW HAMPSHIRE AVE,NA,"Sideswipe, Same Direction",Clear,Dry,Daylight,"Other Pavement Marking (excluding edgelines, centerlines, or lane lines)",NONE DETECTED,Yes,No Apparent Injury,NA,Unknown,MD,Passenger Car,Accelerating,35,No,2015,FORD,FUSION,39.02082505,-76.9766963,2025,11,15
250049375,Property Damage Crash,11/03/2025 12:45:00 PM,NA,NA,Angle,Clear,Dry,Daylight,Traffic Control Signal,NONE DETECTED,No,No Apparent Injury,NA,Not Distracted,MD,Passenger Car,Moving Constant Speed,30,No,2011,TOYOTA,CAMRY,39.08390699,-77.1567846,2025,11,12
250049375,Property Damage Crash,11/03/2025 12:45:00 PM,NA,NA,Angle,Clear,Dry,Daylight,Traffic Control Signal,NONE DETECTED,No,No Apparent Injury,NA,Not Distracted,FL,Passenger Car,Changing Lanes,30,No,2013,TOYOTA,COROLLA,39.08390699,-77.1567846,2025,11,12
250049305,Property Damage Crash,11/03/2025 12:41:00 PM,NA,NA,Front to Rear,Clear,Dry,Daylight,Traffic Control Signal,NONE DETECTED,No,No Apparent Injury,Too Fast For Conditions,Not Distracted,MD,Passenger Car,Slowing or Stopping,35,No,2009,BUICK,LUCERNE,39.09701341,-77.20723657,2025,11,12
250049305,Property Damage Crash,11/03/2025 12:41:00 PM,NA,NA,Front to Rear,Clear,Dry,Daylight,Traffic Control Signal,NONE DETECTED,No,No Apparent Injury,NA,Not Distracted,MD,Passenger Car,Stopped in Traffic,35,No,2009,HONDA,CIVIC,39.09701341,-77.20723657,2025,11,12
250049297,Property Damage Crash,11/03/2025 12:00:00 PM,BLUE SMOKE DR,NA,Angle,Clear,Dry,Daylight,No Controls,NONE DETECTED,Yes,No Apparent Injury,"Improper Turn, Ran Off Roadway, Too Fast For Conditions",Unknown,MD,Passenger Car,Turning Right,25,No,2003,FORD,MUSTANG,39.17905667,-77.18150983,2025,11,12
250049296,Injury Crash,11/03/2025 11:45:00 AM,BOU AVE,NA,Angle,Clear,Dry,Daylight,Lane Use Control Signal,NONE DETECTED,Yes,No Apparent Injury,"Failed to Yield Right-of-Way, Ran Red Light",Not Distracted,DC,Passenger Car,Accelerating,40,No,2014,VOLKSWAGEN,PASSAT,39.05621207,-77.11906307,2025,11,11
250049296,Injury Crash,11/03/2025 11:45:00 AM,BOU AVE,NA,Angle,Clear,Dry,Daylight,Lane Use Control Signal,NONE DETECTED,Yes,Possible Minor Injury,Other Improper Action,Not Distracted,MD,Passenger Car,Turning Left,40,No,2017,HONDA,CR-V,39.05621207,-77.11906307,2025,11,11
250049295,Injury Crash,11/03/2025 11:41:00 AM,METRORAIL TRACK B2 RAIL,NA,"Sideswipe, Same Direction",Clear,Dry,Daylight,No Controls,NONE DETECTED,No,Possible Minor Injury,NA,Not Distracted,MD,Passenger Car,Moving Constant Speed,35,No,2019,TOYOTA,HIGHLANDER,39.01355763,-77.04212127,2025,11,11
250049295,Injury Crash,11/03/2025 11:41:00 AM,METRORAIL TRACK B2 RAIL,NA,"Sideswipe, Same Direction",Clear,Dry,Daylight,No Controls,NONE DETECTED,No,No Apparent Injury,NA,Not Distracted,MD,Passenger Car,Moving Constant Speed,35,No,2019,TOYOTA,RAV4,39.01355763,-77.04212127,2025,11,11
250049295,Injury Crash,11/03/2025 11:41:00 AM,METRORAIL TRACK B2 RAIL,NA,"Sideswipe, Same Direction",Clear,Dry,Daylight,No Controls,ALCOHOL PRESENT,Yes,No Apparent Injury,NA,Unknown,MD,Passenger Car,Moving Constant Speed,35,No,2009,HONDA,PILOT,39.01355763,-77.04212127,2025,11,11
250049283,Injury Crash,11/03/2025 10:30:00 AM,VEIRS MILL RD,NA,Front to Rear,Clear,Dry,Daylight,No Controls,NONE DETECTED,Yes,No Apparent Injury,NA,Not Distracted,MD,Pickup,Moving Constant Speed,30,No,2012,CHEVROLET,SILVERADO,39.0497065,-77.0713755,2025,11,10
250049283,Injury Crash,11/03/2025 10:30:00 AM,VEIRS MILL RD,NA,Front to Rear,Clear,Dry,Daylight,No Controls,NONE DETECTED,No,Possible Minor Injury,NA,Not Distracted,VA,Sport Utility Vehicle,Slowing or Stopping,30,No,2020,TOYOTA,HIGHLANDER,39.0497065,-77.0713755,2025,11,10
250049279,Property Damage Crash,11/03/2025 09:52:00 AM,ROCKVILLE PIKE (SB/L),NA,"Sideswipe, Same Direction",Cloudy,Dry,Daylight,No Controls,NONE DETECTED,No,No Apparent Injury,NA,Not Distracted,MD,Passenger Car,Changing Lanes,35,No,2023,MAZDA,CX-50,39.01623339,-77.10098298,2025,11,9
250049279,Property Damage Crash,11/03/2025 09:52:00 AM,ROCKVILLE PIKE (SB/L),NA,"Sideswipe, Same Direction",Cloudy,Dry,Daylight,No Controls,NONE DETECTED,No,No Apparent Injury,NA,Not Distracted,MD,Single-Unit Truck,Changing Lanes,35,No,2021,FORD,F-750,39.01623339,-77.10098298,2025,11,9
250049269,Injury Crash,11/03/2025 08:41:00 AM,NA,NA,Front to Rear,Cloudy,Dry,Daylight,Traffic Control Signal,NONE DETECTED,Yes,Possible Minor Injury,NA,Not Distracted,MD,Passenger Car,Moving Constant Speed,35,No,2025,VOLKSWAGEN,JETTA GLI,38.96308805,-77.10113529,2025,11,8
250049269,Injury Crash,11/03/2025 08:41:00 AM,NA,NA,Front to Rear,Cloudy,Dry,Daylight,Traffic Control Signal,NONE DETECTED,No,No Apparent Injury,NA,Not Distracted,VA,Sport Utility Vehicle,Stopped in Traffic,35,No,2022,KIA,TELLURIDE,38.96308805,-77.10113529,2025,11,8
250049265,Property Damage Crash,11/03/2025 07:48:00 AM,FAIRMONT AVE,NA,Rear To Side,Clear,Dry,Daylight,No Controls,NONE DETECTED,No,No Apparent Injury,NA,Not Distracted,DC,Passenger Car,Moving Constant Speed,25,No,2006,CHEVROLET,HHR,38.98705401,-77.09800514,2025,11,7
250049265,Property Damage Crash,11/03/2025 07:48:00 AM,FAIRMONT AVE,NA,Rear To Side,Clear,Dry,Daylight,No Controls,NONE DETECTED,No,No Apparent Injury,NA,Not Distracted,MD,Passenger Car,Turning Left,25,No,2023,HONDA,CIVIC,38.98705401,-77.09800514,2025,11,7
250049261,Injury Crash,11/03/2025 06:43:00 AM,NA,NA,Front to Rear,Cloudy,Dry,Medium,No Controls,NONE DETECTED,No,Possible Minor Injury,NA,Not Distracted,MD,Passenger Car,Slowing or Stopping,25,No,2021,TOYOTA,COROLLA,39.0295268,-77.07451015,2025,11,6
250049261,Injury Crash,11/03/2025 06:43:00 AM,NA,NA,Front to Rear,Cloudy,Dry,Medium,No Controls,NONE DETECTED,Yes,No Apparent Injury,Failed to Yield Right-of-Way,Not Distracted,MD,Passenger Car,Slowing or Stopping,25,No,2024,FORD,MUSTANG MACH-E,39.0295268,-77.07451015,2025,11,6
25002350,Property Damage Crash,11/03/2025 01:44:00 AM,CLARKSBURG RD,NA,Single Vehicle,Clear,Dry,Dark,No Controls,NONE DETECTED,No,No Apparent Injury,NA,Not Distracted,MD,Passenger Car,Slowing or Stopping,40,No,2023,DODGE,DURANGO,39.2104555,-77.30026217,2025,11,1
250049251,Property Damage Crash,11/03/2025 12:33:00 AM,WIGHTMAN RD,NA,Single Vehicle,Clear,Dry,Dark,No Controls,NONE DETECTED,No,NA,"Failed to Keep in Proper Lane, Ran Off Roadway",Unknown,NA,Sport Utility Vehicle,Moving Constant Speed,35,No,2025,TOYOTA,COROLLA CROSS,39.195776,-77.19617883,2025,11,0
250049249,Property Damage Crash,11/02/2025 10:15:00 PM,N STONESTREET AVE,Cyclist (non-electric),Single Vehicle,Clear,Dry,Medium,Traffic Control Signal,NONE DETECTED,No,NA,NA,NA,NA,NA,Moving Constant Speed,25,No,0,NA,NA,39.08557216,-77.14669729,2025,11,22
250049701,Property Damage Crash,11/02/2025 10:00:00 PM,ADELPHI RD (WB/L),NA,"Sideswipe, Same Direction",Clear,NA,Medium,Traffic Control Signal,NONE DETECTED,No,No Apparent Injury,NA,Unknown,MD,Pickup,Turning Right,35,No,2017,CHEVROLET,SILVERADO,39.01147279,-76.97887472,2025,11,22
250049701,Property Damage Crash,11/02/2025 10:00:00 PM,ADELPHI RD (WB/L),NA,"Sideswipe, Same Direction",Clear,NA,Medium,Traffic Control Signal,NONE DETECTED,No,No Apparent Injury,NA,Not Distracted,MD,Passenger Car,Turning Right,35,No,2024,TOYOTA,SEQUOIA,39.01147279,-76.97887472,2025,11,22
250049245,Property Damage Crash,11/02/2025 09:44:00 PM,16TH ST,NA,Single Vehicle,Clear,Dry,Medium,Curve Ahead Warning Sign,NONE DETECTED,No,No Apparent Injury,"Over-Correcting/Over-Steering, Ran Off Roadway, Too Fast For Conditions",Unknown,MD,Passenger Car,Moving Constant Speed,35,No,2018,BMW,430I,39.00578587,-77.03997207,2025,11,21
250049244,Property Damage Crash,11/02/2025 09:10:00 PM,TWINBROOK PKWY,NA,Angle,Clear,Dry,Medium,No Controls,ALCOHOL PRESENT,No,No Apparent Injury,NA,Unknown,MD,Pickup,Moving Constant Speed,25,No,2018,RAM,3500,39.076555,-77.111539,2025,11,21
250049242,Property Damage Crash,11/02/2025 07:35:00 PM,GREENCASTLE RIDGE DR,NA,Rear To Side,Clear,Dry,Medium,No Controls,ALCOHOL PRESENT,Yes,No Apparent Injury,NA,Unknown,MD,Passenger Car,NA,30,No,2018,TOYOTA,CAMRY,39.0767143,-76.93044261,2025,11,19
250049242,Property Damage Crash,11/02/2025 07:35:00 PM,GREENCASTLE RIDGE DR,NA,Rear To Side,Clear,Dry,Medium,No Controls,NONE DETECTED,No,No Apparent Injury,NA,Not Distracted,MD,Passenger Car,Parked,30,No,2013,HONDA,ACCORD,39.0767143,-76.93044261,2025,11,19
250049232,Property Damage Crash,11/02/2025 07:31:00 PM,ABERDEEN RD,NA,Angle,Clear,Dry,Medium,Stop Sign,NONE DETECTED,Yes,No Apparent Injury,Failed to Yield Right-of-Way,Not Distracted,MD,Passenger Car,Moving Constant Speed,30,No,2023,TOYOTA,BZ4X,38.99131329,-77.11769944,2025,11,19
250049232,Property Damage Crash,11/02/2025 07:31:00 PM,ABERDEEN RD,NA,Angle,Clear,Dry,Medium,No Controls,NONE DETECTED,No,No Apparent Injury,NA,Not Distracted,WV,Passenger Car,Moving Constant Speed,30,No,2021,TOYOTA,COROLLA,38.99131329,-77.11769944,2025,11,19
250049226,Property Damage Crash,11/02/2025 07:12:00 PM,ALDERWOOD DR (SB/L),NA,Angle,Clear,Dry,Medium,Stop Sign,NONE DETECTED,No,No Apparent Injury,NA,Not Distracted,MD,Sport Utility Vehicle,Accelerating,25,No,2014,TOYOTA,HIGHLANDER,39.10647704,-77.23344636,2025,11,19
250049226,Property Damage Crash,11/02/2025 07:12:00 PM,ALDERWOOD DR (SB/L),NA,Angle,Clear,Dry,Medium,Stop Sign,NONE DETECTED,No,No Apparent Injury,NA,Not Distracted,MD,Passenger Car,Turning Left,25,No,2007,VOLVO,S80,39.10647704,-77.23344636,2025,11,19
250049223,Property Damage Crash,11/02/2025 07:00:00 PM,NORBECK RD (WB/L),NA,Front to Rear,Clear,Dry,Medium,Flashing Traffic Control Signal,NONE DETECTED,No,No Apparent Injury,NA,Unknown,MD,Passenger Car,Moving Constant Speed,40,No,2013,CHEVROLET,CAMARO,39.09308715,-77.1225974,2025,11,19
250049223,Property Damage Crash,11/02/2025 07:00:00 PM,NORBECK RD (WB/L),NA,Front to Rear,Clear,Dry,Medium,Flashing Traffic Control Signal,NONE DETECTED,No,No Apparent Injury,NA,Not Distracted,VA,Sport Utility Vehicle,Slowing or Stopping,40,No,2023,NISSAN,ROGUE,39.09308715,-77.1225974,2025,11,19
250049225,Property Damage Crash,11/02/2025 06:33:00 PM,GRIFFITH RD,NA,Single Vehicle,Clear,Dry,Medium,No Controls,NONE DETECTED,No,No Apparent Injury,NA,Unknown,MD,Sport Utility Vehicle,Leaving Traffic Lane,30,No,2017,JEEP,CHEROKEE,39.22760472,-77.12793781,2025,11,18
250049209,Property Damage Crash,11/02/2025 05:38:00 PM,RICHTER FARM RD (EB/L),NA,Angle,Clear,Dry,Dark,Traffic Control Signal,NONE DETECTED,No,No Apparent Injury,NA,Unknown,MD,Passenger Car,Moving Constant Speed,35,No,2022,HYUNDAI,SANTA FE,39.15411916,-77.28730416,2025,11,17
250049209,Property Damage Crash,11/02/2025 05:38:00 PM,RICHTER FARM RD (EB/L),NA,Angle,Clear,Dry,Dark,Traffic Control Signal,NONE DETECTED,Yes,No Apparent Injury,Failed to Yield Right-of-Way,Unknown,MD,Passenger Car,Turning Left,35,No,2023,HYUNDAI,IONIQ 5,39.15411916,-77.28730416,2025,11,17
250049208,Injury Crash,11/02/2025 05:29:00 PM,FREDERICK RD,NA,Angle,Clear,Dry,Medium,Traffic Control Signal,NONE DETECTED,No,Possible Minor Injury,NA,Not Distracted,MD,Passenger Car,Moving Constant Speed,35,No,2022,TOYOTA,COROLLA CROSS,39.1784194,-77.23839788,2025,11,17
250049208,Injury Crash,11/02/2025 05:29:00 PM,FREDERICK RD,NA,Angle,Clear,Dry,Medium,Traffic Control Signal,NONE DETECTED,Yes,Possible Minor Injury,Improper Turn,Unknown,VA,Passenger Car,Turning Left,35,No,2017,HYUNDAI,TUCSON,39.1784194,-77.23839788,2025,11,17
250049216,Property Damage Crash,11/02/2025 04:59:00 PM,BIRMINGHAM DR,NA,"Sideswipe, Same Direction",Clear,Dry,Dark,No Controls,NONE DETECTED,No,No Apparent Injury,NA,Not Distracted,MD,Sport Utility Vehicle,Moving Constant Speed,45,No,2024,NISSAN,ROGUE,39.10639833,-76.91465183,2025,11,16
250049216,Property Damage Crash,11/02/2025 04:59:00 PM,BIRMINGHAM DR,NA,"Sideswipe, Same Direction",Clear,Dry,Dark,No Controls,NONE DETECTED,No,No Apparent Injury,NA,Not Distracted,MD,Passenger Car,Moving Constant Speed,45,No,2021,MAZDA,CX-30,39.10639833,-76.91465183,2025,11,16
250049216,Property Damage Crash,11/02/2025 04:59:00 PM,BIRMINGHAM DR,NA,"Sideswipe, Same Direction",Clear,Dry,Dark,No Controls,NONE DETECTED,No,No Apparent Injury,NA,Not Distracted,MD,Passenger Car,Moving Constant Speed,45,No,2003,HONDA,ACCORD,39.10639833,-76.91465183,2025,11,16
250049216,Property Damage Crash,11/02/2025 04:59:00 PM,BIRMINGHAM DR,NA,"Sideswipe, Same Direction",Clear,Dry,Dark,No Controls,NONE DETECTED,No,NA,NA,NA,NA,NA,Moving Constant Speed,45,No,0,NA,NA,39.10639833,-76.91465183,2025,11,16
250049198,Injury Crash,11/02/2025 04:24:00 PM,TILDENWOOD DR,Pedestrian,Single Vehicle,Clear,Dry,Medium,Traffic Control Signal,NONE DETECTED,Yes,No Apparent Injury,"Failed to Yield Right-of-Way, Operated Motor Vehicle in Inattentive, Careless, Negligent, or Erratic Manner, Ran Red Light",Not Distracted,NJ,Station Wagon,Turning Right,35,No,2019,MAZDA,CX-3,39.0538787,-77.13809868,2025,11,16
250049188,Property Damage Crash,11/02/2025 02:01:00 PM,CONNECTICUT AVE (SB/L),NA,"Sideswipe, Opposite Direction",Clear,Dry,Daylight,No Controls,NONE DETECTED,No,No Apparent Injury,NA,Not Distracted,DC,Bus - Transit,Moving Constant Speed,35,No,2025,GILLIG,LOW FLOOR BUS,39.08415152,-77.07692085,2025,11,14
250049188,Property Damage Crash,11/02/2025 02:01:00 PM,CONNECTICUT AVE (SB/L),NA,"Sideswipe, Opposite Direction",Clear,Dry,Daylight,No Controls,NONE DETECTED,Yes,No Apparent Injury,Other Improper Action,Unknown,MD,Passenger Car,Moving Constant Speed,25,No,2010,LEXUS,RX,39.08415152,-77.07692085,2025,11,14
250049176,Property Damage Crash,11/02/2025 01:55:00 PM,NA,NA,Single Vehicle,Clear,NA,Daylight,NA,NONE DETECTED,Yes,No Apparent Injury,NA,Not Distracted,MD,Other,Negotiating a Curve,0,No,2003,PIERCE MANUFACTURING,DS,39.05492176,-77.12280157,2025,11,13