Local Case Number,ACRS Report Type,Crash Date/Time,Road Name,Related Non-Motorist,Collision Type,Weather,Surface Condition,Light,Traffic Control,Driver Substance Abuse,Driver At Fault,Injury Severity,Circumstance,Driver Distracted By,Drivers License State,Vehicle Body Type,Vehicle Movement,Speed Limit,Driverless Vehicle,Vehicle Year,Vehicle Make,Vehicle Model,Latitude,Longitude,Year,Month,Hour
250048974,Property Damage Crash,10/31/2025 09:41:00 PM,KEATING ST,NA,Angle,Clear,Dry,Dark,No Controls,ALCOHOL PRESENT,Yes,No Apparent Injury,NA,NA,MD,Passenger Car,Moving Constant Speed,25,No,2011,HONDA,ACCORD,39.07761033,-77.0857915,2025,10,21
250048950,Property Damage Crash,10/31/2025 06:58:00 PM,NA,NA,"Sideswipe, Same Direction",Clear,Dry,Medium,Traffic Control Signal,NONE DETECTED,No,No Apparent Injury,NA,Unknown,NA,Single-Unit Truck,Turning Right,30,No,2022,INTERNATIONAL,MV607,38.99971089,-77.01065044,2025,10,18
250048950,Property Damage Crash,10/31/2025 06:58:00 PM,NA,NA,"Sideswipe, Same Direction",Clear,Dry,Medium,Traffic Control Signal,NONE DETECTED,No,No Apparent Injury,NA,Not Distracted,MD,Passenger Car,Stopped in Traffic,30,No,2005,TOYOTA,PRIUS,38.99971089,-77.01065044,2025,10,18
250048947,Injury Crash,10/31/2025 06:51:00 PM,WATTS BRANCH PKWY,NA,Angle,Clear,Dry,Medium,Stop Sign,NONE DETECTED,Yes,Possible Minor Injury,Failed to Yield Right-of-Way,Unknown,DC,Passenger Car,Accelerating,25,No,2025,TOYOTA,CAMRY,39.07312386,-77.16914714,2025,10,18
250048948,Property Damage Crash,10/31/2025 06:51:00 PM,GREAT SENECA HWY,NA,Angle,Clear,Dry,Medium,Stop Sign,NONE DETECTED,No,No Apparent Injury,NA,Not Distracted,MD,Passenger Car,Turning Right,25,No,2020,NISSAN,ROGUE,39.15722081,-77.275815,2025,10,18
250048947,Injury Crash,10/31/2025 06:51:00 PM,WATTS BRANCH PKWY,NA,Angle,Clear,Dry,Medium,Stop Sign,NONE DETECTED,Yes,No Apparent Injury,Failed to Yield Right-of-Way,Unknown,MD,Passenger Car,Accelerating,25,No,2024,TOYOTA,BZ4X,39.07312386,-77.16914714,2025,10,18
250048940,Property Damage Crash,10/31/2025 06:21:00 PM,NA,NA,Front to Rear,Clear,Dry,Medium,No Controls,NONE DETECTED,Yes,No Apparent Injury,NA,Not Distracted,MD,Passenger Car,Moving Constant Speed,25,No,2017,HYUNDAI,ELANTRA,39.16522583,-77.21505883,2025,10,18
250048940,Property Damage Crash,10/31/2025 06:21:00 PM,NA,NA,Front to Rear,Clear,Dry,Medium,No Controls,NONE DETECTED,No,No Apparent Injury,NA,Not Distracted,MD,Passenger Car,Slowing or Stopping,25,No,2009,TOYOTA,HIGHLANDER,39.16522583,-77.21505883,2025,10,18
250048942,Injury Crash,10/31/2025 05:52:00 PM,DARNESTOWN RD,NA,Angle,Clear,Dry,Daylight,Stop Sign,NONE DETECTED,No,No Apparent Injury,NA,Not Distracted,MD,Sport Utility Vehicle,Moving Constant Speed,40,No,2021,TOYOTA,HIGHLANDER,39.09155064,-77.18997956,2025,10,17
250048942,Injury Crash,10/31/2025 05:52:00 PM,DARNESTOWN RD,NA,Angle,Clear,Dry,Daylight,Stop Sign,NONE DETECTED,Yes,Possible Minor Injury,Failed to Yield Right-of-Way,Unknown,MD,Sport Utility Vehicle,Turning Left,40,No,2024,TOYOTA,RAV4,39.09155064,-77.18997956,2025,10,17
250048939,Property Damage Crash,10/31/2025 05:45:00 PM,CHAPMAN AVE,NA,Angle,Cloudy,Dry,Daylight,No Controls,NONE DETECTED,Yes,No Apparent Injury,"Wrong Side, Wrong Way","Other Action (looking away from task, etc.)",MD,Passenger Car,Overtaking/Passing,30,No,2012,NISSAN,ROGUE,39.05740788,-77.11781636,2025,10,17
250048939,Property Damage Crash,10/31/2025 05:45:00 PM,CHAPMAN AVE,NA,Angle,Cloudy,Dry,Daylight,No Controls,NONE DETECTED,No,No Apparent Injury,NA,Not Distracted,MD,Passenger Car,Turning Left,30,No,2019,HONDA,CR-V,39.05740788,-77.11781636,2025,10,17
250048935,Property Damage Crash,10/31/2025 05:16:00 PM,NEW HAMPSHIRE AVE,NA,Other,Clear,Dry,Daylight,No Controls,NONE DETECTED,No,No Apparent Injury,NA,Not Distracted,MD,Passenger Car,Turning Left,15,No,2017,HONDA,CIVIC,38.97833214,-76.99114927,2025,10,17
250048935,Property Damage Crash,10/31/2025 05:16:00 PM,NEW HAMPSHIRE AVE,NA,Other,Clear,Dry,Daylight,No Controls,NONE DETECTED,No,NA,NA,NA,NA,Motorcycle - 2 Wheeled,Accelerating,35,No,2025,SUZUKI,GSX-R750,38.97833214,-76.99114927,2025,10,17
250048916,Property Damage Crash,10/31/2025 03:34:00 PM,NEW HAMPSHIRE AVE (SB/L),NA,Front to Rear,Clear,Dry,Daylight,Flashing Traffic Control Signal,NONE DETECTED,No,No Apparent Injury,NA,Unknown,MD,Passenger Car,Changing Lanes,5,No,2014,INFINITI,QX60,38.98045122,-76.98957882,2025,10,15
250048916,Property Damage Crash,10/31/2025 03:34:00 PM,NEW HAMPSHIRE AVE (SB/L),NA,Front to Rear,Clear,Dry,Daylight,Flashing Traffic Control Signal,NONE DETECTED,No,No Apparent Injury,NA,Unknown,MD,Passenger Car,Accelerating,35,No,2010,SUBARU,OUTBACK,38.98045122,-76.98957882,2025,10,15
250048965,Property Damage Crash,10/31/2025 03:20:00 PM,NA,NA,Front to Rear,Cloudy,NA,Daylight,NA,NONE DETECTED,No,No Apparent Injury,"Operated Motor Vehicle in Inattentive, Careless, Negligent, or Erratic Manner",NA,NA,Sport Utility Vehicle,Backing,0,No,2015,GMC,SIERRA,39.15052721,-77.1478083,2025,10,15
250048965,Property Damage Crash,10/31/2025 03:20:00 PM,NA,NA,Front to Rear,Cloudy,NA,Daylight,NA,NONE DETECTED,No,No Apparent Injury,NA,Not Distracted,MD,Passenger Car,Stopped in Traffic,0,No,2015,HONDA,ODYSSEY,39.15052721,-77.1478083,2025,10,15
250048910,Property Damage Crash,10/31/2025 03:17:00 PM,FATHER HURLEY BLVD,NA,Angle,Clear,Dry,Daylight,Traffic Control Signal,NONE DETECTED,No,No Apparent Injury,NA,Not Distracted,MD,Passenger Car,Moving Constant Speed,35,No,2015,TOYOTA,CAMRY,39.16925725,-77.28283301,2025,10,15
250048910,Property Damage Crash,10/31/2025 03:17:00 PM,FATHER HURLEY BLVD,NA,Angle,Clear,Dry,Daylight,Traffic Control Signal,NONE DETECTED,Yes,No Apparent Injury,NA,Not Distracted,MD,Passenger Car,Turning Left,35,No,2020,TOYOTA,CAMRY,39.16925725,-77.28283301,2025,10,15
250048906,Property Damage Crash,10/31/2025 03:15:00 PM,E RANDOLPH RD (WB/L),NA,Unknown,Clear,Dry,Daylight,No Controls,NONE DETECTED,No,No Apparent Injury,NA,Not Distracted,MD,Bus - School,Moving Constant Speed,35,No,2024,FREIGHTLINER,B2 BUS CHASSIS,39.075622,-76.9975865,2025,10,15
250048924,Property Damage Crash,10/31/2025 03:10:00 PM,NA,NA,Unknown,Clear,NA,Daylight,NA,NONE DETECTED,No,NA,NA,NA,NA,Passenger Car,NA,0,No,2015,HONDA,ACCORD,39.17177045,-77.20269187,2025,10,15
250048899,Property Damage Crash,10/31/2025 02:40:00 PM,OLNEY SANDY SPRING RD,NA,Front to Front,Clear,Dry,Daylight,No Controls,NONE DETECTED,No,No Apparent Injury,NA,Not Distracted,MD,Passenger Car,Accelerating,25,No,2018,MITSUBISHI,ECLIPSE CROSS,39.14903133,-77.01998717,2025,10,14
250048899,Property Damage Crash,10/31/2025 02:40:00 PM,OLNEY SANDY SPRING RD,NA,Front to Front,Clear,Dry,Daylight,No Controls,NONE DETECTED,Yes,No Apparent Injury,NA,Unknown,MD,Van - Cargo,Making U-Turn,25,No,2013,FORD,TRANSIT CONNECT,39.14903133,-77.01998717,2025,10,14
250050497,Property Damage Crash,10/31/2025 02:28:00 PM,NA,NA,Other,Windy,NA,Daylight,NA,NONE DETECTED,No,No Apparent Injury,NA,Not Distracted,MD,Passenger Car,NA,0,No,2022,BMW,X4,39.08363996,-77.15354406,2025,10,14
250048891,Property Damage Crash,10/31/2025 01:41:00 PM,SHADY GROVE RD,NA,"Sideswipe, Same Direction",Clear,Dry,Daylight,No Controls,NONE DETECTED,No,No Apparent Injury,NA,Not Distracted,MD,Bus - Transit,Accelerating,40,No,2021,GILLIG,CITY TRANSIT BUS,39.12258088,-77.17749916,2025,10,13
250048891,Property Damage Crash,10/31/2025 01:41:00 PM,SHADY GROVE RD,NA,"Sideswipe, Same Direction",Clear,Dry,Daylight,Traffic Control Signal,NONE DETECTED,No,NA,NA,NA,NA,NA,Accelerating,40,No,0,NA,NA,39.12258088,-77.17749916,2025,10,13
250048890,Property Damage Crash,10/31/2025 01:20:00 PM,RAMP 8 FR IS 270 SB TO WATKINS MILL RD,NA,Front to Rear,Clear,Dry,Daylight,Traffic Control Signal,NONE DETECTED,No,No Apparent Injury,NA,Not Distracted,MD,Sport Utility Vehicle,Accelerating,20,No,2021,LINCOLN,NAVIGATOR L,39.15576014,-77.22737822,2025,10,13
250048890,Property Damage Crash,10/31/2025 01:20:00 PM,RAMP 8 FR IS 270 SB TO WATKINS MILL RD,NA,Front to Rear,Clear,Dry,Daylight,Traffic Control Signal,NONE DETECTED,No,No Apparent Injury,NA,Not Distracted,MD,Passenger Car,Accelerating,20,No,2017,HONDA,ACCORD,39.15576014,-77.22737822,2025,10,13
250048883,Injury Crash,10/31/2025 01:14:00 PM,DIAMONDBACK DR,NA,Front to Rear,Clear,Dry,Daylight,Flashing Traffic Control Signal,NONE DETECTED,No,No Apparent Injury,NA,Unknown,MD,Passenger Car,Moving Constant Speed,30,No,2015,HONDA,ODYSSEY,39.11485533,-77.21110817,2025,10,13
250048883,Injury Crash,10/31/2025 01:14:00 PM,DIAMONDBACK DR,NA,Front to Rear,Clear,Dry,Daylight,Flashing Traffic Control Signal,NONE DETECTED,No,Possible Minor Injury,NA,Not Distracted,MD,Passenger Car,Stopped in Traffic,30,No,2025,HONDA,CR-V,39.11485533,-77.21110817,2025,10,13
250048878,Property Damage Crash,10/31/2025 12:15:00 PM,MONTGOMERY VILLAGE AVE,NA,Front to Rear,Clear,Dry,Daylight,No Controls,NONE DETECTED,No,No Apparent Injury,NA,Not Distracted,MD,Sport Utility Vehicle,Moving Constant Speed,35,No,2024,MERCEDES-BENZ,GLA-CLASS,39.15402966,-77.20983657,2025,10,12
250048878,Property Damage Crash,10/31/2025 12:15:00 PM,MONTGOMERY VILLAGE AVE,NA,Front to Rear,Clear,Dry,Daylight,No Controls,NONE DETECTED,No,No Apparent Injury,NA,Not Distracted,MD,Passenger Car,Changing Lanes,35,No,2018,KIA,OPTIMA,39.15402966,-77.20983657,2025,10,12
250048881,Property Damage Crash,10/31/2025 12:00:00 PM,NA,NA,Front to Front,Clear,NA,Daylight,NA,NONE DETECTED,No,No Apparent Injury,NA,Not Distracted,MD,Sport Utility Vehicle,Moving Constant Speed,0,No,2016,HONDA,PILOT,39.02803572,-77.07704498,2025,10,12
250048881,Property Damage Crash,10/31/2025 12:00:00 PM,NA,NA,Front to Front,Clear,NA,Daylight,NA,NONE DETECTED,Yes,No Apparent Injury,Other Improper Action,Unknown,MD,Sport Utility Vehicle,Accelerating,0,No,2009,HONDA,CR-V,39.02803572,-77.07704498,2025,10,12
250048867,Property Damage Crash,10/31/2025 11:34:00 AM,RAMP 6 FR MIDDLEBROOK RD EB TO IS 270 SB,NA,Front to Rear,Clear,Dry,Daylight,No Controls,NONE DETECTED,Yes,No Apparent Injury,Followed Too Closely,Not Distracted,MD,Passenger Car,Moving Constant Speed,40,No,2016,TOYOTA,CAMRY,39.17408117,-77.2492355,2025,10,11
250048867,Property Damage Crash,10/31/2025 11:34:00 AM,RAMP 6 FR MIDDLEBROOK RD EB TO IS 270 SB,NA,Front to Rear,Clear,Dry,Daylight,No Controls,NONE DETECTED,No,No Apparent Injury,NA,Not Distracted,MD,Passenger Car,Slowing or Stopping,40,No,2017,CHEVROLET,CRUZE,39.17408117,-77.2492355,2025,10,11
250048866,Property Damage Crash,10/31/2025 11:12:00 AM,NA,NA,"Sideswipe, Opposite Direction",Clear,NA,Daylight,NA,NONE DETECTED,Yes,No Apparent Injury,Improper Backing,Unknown,MD,Single-Unit Truck,Backing,0,No,2018,INTERNATIONAL,SA625,39.0919901,-77.21497879,2025,10,11
250048863,Property Damage Crash,10/31/2025 10:58:00 AM,MARYLAND AVE,NA,Angle,Clear,Dry,Daylight,Stop Sign,NONE DETECTED,Yes,No Apparent Injury,NA,Not Distracted,MD,Pickup,Turning Left,25,No,2012,DODGE,RAM,39.14487524,-77.20274952,2025,10,10
250048863,Property Damage Crash,10/31/2025 10:58:00 AM,MARYLAND AVE,NA,Angle,Clear,Dry,Daylight,No Controls,NONE DETECTED,No,No Apparent Injury,NA,Not Distracted,MD,Sport Utility Vehicle,Turning Left,30,No,2020,TOYOTA,HIGHLANDER,39.14487524,-77.20274952,2025,10,10
250048860,Property Damage Crash,10/31/2025 10:45:00 AM,JONES BRIDGE RD,NA,Angle,Clear,Dry,Daylight,Traffic Control Signal,NONE DETECTED,No,No Apparent Injury,Failed to Yield Right-of-Way,Unknown,KS,Passenger Car,Turning Right,35,No,2010,MERCURY,MILAN,38.99965125,-77.07700942,2025,10,10
25002324,Property Damage Crash,10/31/2025 10:45:00 AM,NA,NA,Single Vehicle,Windy,NA,Daylight,NA,NONE DETECTED,No,No Apparent Injury,NA,Not Distracted,MD,Other Trucks,Moving Constant Speed,0,No,2018,CHEVROLET,4500HD,39.02704834,-77.14833722,2025,10,10
250048860,Property Damage Crash,10/31/2025 10:45:00 AM,JONES BRIDGE RD,NA,Angle,Clear,Dry,Daylight,Traffic Control Signal,NONE DETECTED,No,No Apparent Injury,NA,Not Distracted,MD,Sport Utility Vehicle,Moving Constant Speed,35,No,2022,TOYOTA,RAV4,38.99965125,-77.07700942,2025,10,10
250048858,Injury Crash,10/31/2025 10:36:00 AM,DORSET AVE,NA,Angle,Clear,Dry,Daylight,Stop Sign,NONE DETECTED,No,Possible Minor Injury,NA,Unknown,DC,Sport Utility Vehicle,Accelerating,25,No,2019,HYUNDAI,ELANTRA,38.96918255,-77.10562952,2025,10,10
250048858,Injury Crash,10/31/2025 10:36:00 AM,DORSET AVE,NA,Angle,Clear,Dry,Daylight,Stop Sign,NONE DETECTED,No,No Apparent Injury,NA,Unknown,MD,Passenger Car,Accelerating,25,No,2018,NISSAN,PATHFINDER,38.96918255,-77.10562952,2025,10,10
250048855,Property Damage Crash,10/31/2025 10:30:00 AM,S SUMMIT AVE,NA,Single Vehicle,Clear,Dry,Daylight,Other Warning Sign,NONE DETECTED,No,No Apparent Injury,Ran Off Roadway,"Other Action (looking away from task, etc.)",NA,Passenger Car,Accelerating,25,No,2023,HONDA,ODYSSEY,39.14059332,-77.19368232,2025,10,10
250048853,Injury Crash,10/31/2025 10:00:00 AM,GEORGIA AVE,NA,Front to Rear,Clear,Dry,Daylight,No Controls,NONE DETECTED,Yes,No Apparent Injury,NA,Not Distracted,MD,Passenger Car,Slowing or Stopping,35,No,2015,LEXUS,IS,39.01956367,-77.04402967,2025,10,10
250048853,Injury Crash,10/31/2025 10:00:00 AM,GEORGIA AVE,NA,Front to Rear,Clear,Dry,Daylight,No Controls,NONE DETECTED,No,Possible Minor Injury,NA,Not Distracted,MD,Passenger Car,Stopped in Traffic,35,No,2023,HYUNDAI,SONATA,39.01956367,-77.04402967,2025,10,10
250048845,Property Damage Crash,10/31/2025 08:52:00 AM,KENT GARDENS CIR,NA,Angle,Clear,Dry,Daylight,Stop Sign,NONE DETECTED,No,No Apparent Injury,NA,Not Distracted,MD,Passenger Car,Turning Right,30,No,2016,HONDA,ACCORD,39.11737293,-77.24577165,2025,10,8
250048845,Property Damage Crash,10/31/2025 08:52:00 AM,KENT GARDENS CIR,NA,Angle,Clear,Dry,Daylight,Stop Sign,NONE DETECTED,No,No Apparent Injury,NA,Not Distracted,MD,Bus - School,Parked,30,No,2024,FREIGHTLINER,B2 BUS CHASSIS,39.11737293,-77.24577165,2025,10,8
250048839,Injury Crash,10/31/2025 08:18:00 AM,NA,NA,Front to Rear,Clear,Dry,Daylight,Traffic Control Signal,NONE DETECTED,No,No Apparent Injury,NA,Not Distracted,MD,Passenger Car,Making U-Turn,30,No,2017,FORD,TRANSIT,39.03373532,-77.0022277,2025,10,8
250048839,Injury Crash,10/31/2025 08:18:00 AM,NA,NA,Front to Rear,Clear,Dry,Daylight,Traffic Control Signal,NONE DETECTED,Yes,Possible Minor Injury,Followed Too Closely,Not Distracted,MD,Passenger Car,Slowing or Stopping,30,No,2007,HONDA,PILOT,39.03373532,-77.0022277,2025,10,8
250048837,Property Damage Crash,10/31/2025 07:39:00 AM,UNIVERSITY BLVD W,NA,"Sideswipe, Same Direction",Clear,Dry,Daylight,Traffic Control Signal,NONE DETECTED,Yes,No Apparent Injury,Failed to Keep in Proper Lane,Not Distracted,NC,Single-Unit Truck,Accelerating,25,No,2023,FREIGHTLINER,CASCADIA,39.04139646,-77.05187561,2025,10,7
250048837,Property Damage Crash,10/31/2025 07:39:00 AM,UNIVERSITY BLVD W,NA,"Sideswipe, Same Direction",Clear,Dry,Daylight,Traffic Control Signal,NONE DETECTED,No,No Apparent Injury,NA,Not Distracted,MD,Bus - School,Stopped in Traffic,25,No,2018,FREIGHTLINER,B2 BUS CHASSIS,39.04139646,-77.05187561,2025,10,7
250048835,Property Damage Crash,10/31/2025 07:10:00 AM,RANDOLPH RD,NA,Front to Rear,Clear,Dry,Medium,Traffic Control Signal,NONE DETECTED,No,No Apparent Injury,NA,Unknown,MD,Passenger Car,Accelerating,40,No,2017,TOYOTA,COROLLA,39.07566799,-77.00256532,2025,10,7
250048835,Property Damage Crash,10/31/2025 07:10:00 AM,RANDOLPH RD,NA,Front to Rear,Clear,Dry,Medium,Traffic Control Signal,NONE DETECTED,No,No Apparent Injury,NA,Not Distracted,MD,Passenger Car,Stopped in Traffic,40,No,2022,TOYOTA,COROLLA,39.07566799,-77.00256532,2025,10,7
250048828,Property Damage Crash,10/31/2025 03:20:00 AM,GEORGIA AVE,NA,Single Vehicle,Clear,Dry,Medium,Traffic Control Signal,NONE DETECTED,Yes,No Apparent Injury,Ran Off Roadway,Unknown,MD,Passenger Car,Moving Constant Speed,35,No,2009,HONDA,ACCORD,39.01401043,-77.04201885,2025,10,3
250048821,Property Damage Crash,10/30/2025 11:51:00 PM,PLEASANT RIDGE DR (SB/L),NA,Single Vehicle,Clear,Dry,Medium,No Controls,NONE DETECTED,No,No Apparent Injury,Ran Off Roadway,Not Distracted,MD,Sport Utility Vehicle,Negotiating a Curve,25,No,2022,BMW,X3,39.19071967,-77.191032,2025,10,23
250048816,Property Damage Crash,10/30/2025 10:30:00 PM,NA,NA,Angle,Clear,Dry,Medium,Traffic Control Signal,NONE DETECTED,No,No Apparent Injury,"Failed to Yield Right-of-Way, Ran Red Light",Not Distracted,MD,Passenger Car,Moving Constant Speed,30,No,2014,TOYOTA,COROLLA,39.11818217,-77.25487383,2025,10,22
250048816,Property Damage Crash,10/30/2025 10:30:00 PM,NA,NA,Angle,Clear,Dry,Medium,Traffic Control Signal,NONE DETECTED,No,No Apparent Injury,Failed to Yield Right-of-Way,Unknown,WA,Passenger Car,Turning Left,30,No,2014,TOYOTA,CAMRY,39.11818217,-77.25487383,2025,10,22
250048814,Injury Crash,10/30/2025 10:19:00 PM,QUINCE ORCHARD RD (SB/L),NA,Angle,Clear,Dry,Medium,Traffic Control Signal,NONE DETECTED,No,No Apparent Injury,NA,Not Distracted,MD,Passenger Car,Moving Constant Speed,35,No,2023,TESLA,MODEL Y,39.1292925,-77.2334545,2025,10,22
250048814,Injury Crash,10/30/2025 10:19:00 PM,QUINCE ORCHARD RD (SB/L),NA,Angle,Clear,Dry,Medium,Traffic Control Signal,NONE DETECTED,Yes,Possible Minor Injury,Failed to Yield Right-of-Way,Unknown,MD,Passenger Car,Turning Left,35,No,2022,MINI,HARDTOP,39.1292925,-77.2334545,2025,10,22
250048861,Property Damage Crash,10/30/2025 09:54:00 PM,NA,NA,Front to Front,Clear,NA,Dark,NA,NONE DETECTED,Yes,No Apparent Injury,NA,Unknown,TN,Passenger Car,NA,0,No,2023,MERCEDES-BENZ,GLC-CLASS,39.05204056,-77.11160401,2025,10,21
250048811,Property Damage Crash,10/30/2025 09:36:00 PM,LEE ST,NA,Front to Rear,Clear,Dry,Medium,No Controls,ALCOHOL PRESENT,Yes,No Apparent Injury,NA,Unknown,MD,Sport Utility Vehicle,Moving Constant Speed,15,No,2024,VOLKSWAGEN,ATLAS,39.14497703,-77.19367286,2025,10,21
250048808,Property Damage Crash,10/30/2025 08:07:00 PM,GAINSBOROUGH RD,NA,Rear To Side,Clear,Dry,Dark,No Controls,NONE DETECTED,No,No Apparent Injury,Improper Backing,Not Distracted,MD,Passenger Car,Backing,25,No,2009,LEXUS,RX,39.04114719,-77.17278071,2025,10,20
250048801,Property Damage Crash,10/30/2025 07:55:00 PM,OLNEY SANDY SPRING RD,NA,Angle,Clear,Dry,Medium,No Controls,NONE DETECTED,No,No Apparent Injury,NA,Not Distracted,MD,Passenger Car,Moving Constant Speed,30,No,2021,NISSAN,VERSA,39.14925267,-77.01402217,2025,10,19
250048801,Property Damage Crash,10/30/2025 07:55:00 PM,OLNEY SANDY SPRING RD,NA,Angle,Clear,Dry,Medium,No Controls,NONE DETECTED,No,NA,"Operated Motor Vehicle in Inattentive, Careless, Negligent, or Erratic Manner",NA,NA,Passenger Car,Turning Right,30,No,2002,TOYOTA,TACOMA,39.14925267,-77.01402217,2025,10,19
250048799,Property Damage Crash,10/30/2025 07:36:00 PM,ROTHBURY DR,NA,Other,Clear,Dry,Medium,No Controls,NONE DETECTED,Yes,No Apparent Injury,Failed to Keep in Proper Lane,Unknown,MD,Sport Utility Vehicle,NA,30,No,2003,HONDA,CR-V,39.18563245,-77.19133564,2025,10,19
250048793,Property Damage Crash,10/30/2025 07:14:00 PM,CARROLL AVE,NA,Angle,Clear,Dry,Medium,Traffic Control Signal,NONE DETECTED,Yes,No Apparent Injury,"Failed to Keep in Proper Lane, Operated Motor Vehicle in Inattentive, Careless, Negligent, or Erratic Manner",Unknown,MD,Passenger Car,Moving Constant Speed,25,No,2017,HYUNDAI,TUCSON,38.99330593,-76.99273646,2025,10,19
250048793,Property Damage Crash,10/30/2025 07:14:00 PM,CARROLL AVE,NA,Angle,Clear,Dry,Medium,Traffic Control Signal,NONE DETECTED,No,No Apparent Injury,NA,Not Distracted,MD,Passenger Car,Stopped in Traffic,25,No,2015,NISSAN,ALTIMA,38.99330593,-76.99273646,2025,10,19
250048793,Property Damage Crash,10/30/2025 07:14:00 PM,CARROLL AVE,NA,Angle,Clear,Dry,Medium,Traffic Control Signal,NONE DETECTED,No,No Apparent Injury,NA,Not Distracted,MD,Passenger Car,Moving Constant Speed,25,No,2018,HONDA,CIVIC,38.99330593,-76.99273646,2025,10,19
250048798,Injury Crash,10/30/2025 06:41:00 PM,NA,NA,Rear To Side,Clear,Dry,Medium,No Controls,NONE DETECTED,No,Possible Minor Injury,NA,Not Distracted,MD,Passenger Car,Moving Constant Speed,40,No,2005,HONDA,CIVIC,39.2312242,-77.26974834,2025,10,18
250048798,Injury Crash,10/30/2025 06:41:00 PM,NA,NA,Rear To Side,Clear,Dry,Medium,No Controls,NONE DETECTED,Yes,No Apparent Injury,Failed to Yield Right-of-Way,Unknown,MD,Passenger Car,Turning Left,40,No,2014,MAZDA,MAZDA6,39.2312242,-77.26974834,2025,10,18
250048770,Injury Crash,10/30/2025 04:55:00 PM,OBSERVATION DR,NA,Rear To Side,Clear,Dry,Daylight,Traffic Control Signal,NONE DETECTED,No,Possible Minor Injury,NA,Not Distracted,MD,Passenger Car,Moving Constant Speed,40,No,2009,TOYOTA,RAV4,39.17843541,-77.24188198,2025,10,16
250048770,Injury Crash,10/30/2025 04:55:00 PM,OBSERVATION DR,NA,Rear To Side,Clear,Dry,Daylight,Traffic Control Signal,NONE DETECTED,Yes,No Apparent Injury,NA,Not Distracted,MD,Passenger Car,Turning Left,40,No,2021,TOYOTA,CAMRY,39.17843541,-77.24188198,2025,10,16
250048779,Property Damage Crash,10/30/2025 04:50:00 PM,BELVEDERE BLVD,NA,"Sideswipe, Same Direction",Clear,Dry,Daylight,No Controls,NONE DETECTED,No,NA,NA,NA,NA,Other Trucks,Moving Constant Speed,30,No,0,NA,NA,39.01940646,-77.04396825,2025,10,16
250048779,Property Damage Crash,10/30/2025 04:50:00 PM,BELVEDERE BLVD,NA,"Sideswipe, Same Direction",Clear,Dry,Daylight,No Controls,NONE DETECTED,No,No Apparent Injury,NA,Not Distracted,MD,Pickup,Stopped in Traffic,30,No,2013,FORD,F-150,39.01940646,-77.04396825,2025,10,16
250048765,Injury Crash,10/30/2025 04:39:00 PM,COLUMBIA PIKE (SB/L),NA,Angle,Clear,Dry,Daylight,Traffic Control Signal,NONE DETECTED,Yes,Possible Minor Injury,NA,Unknown,MD,Sport Utility Vehicle,Turning Left,55,No,2017,LEXUS,RX,39.0956956,-76.93812344,2025,10,16
250048765,Injury Crash,10/30/2025 04:39:00 PM,COLUMBIA PIKE (SB/L),NA,Angle,Clear,Dry,Daylight,Traffic Control Signal,NONE DETECTED,No,Possible Minor Injury,NA,Not Distracted,MD,Sport Utility Vehicle,Accelerating,55,No,2020,NISSAN,ROGUE,39.0956956,-76.93812344,2025,10,16
250048767,Property Damage Crash,10/30/2025 04:05:00 PM,NA,NA,Angle,Clear,Dry,Daylight,No Controls,NONE DETECTED,Yes,No Apparent Injury,Failed to Yield Right-of-Way,Not Distracted,MD,Passenger Car,Turning Left,15,No,2007,TOYOTA,TUNDRA,39.1490345,-77.01231517,2025,10,16
250048767,Property Damage Crash,10/30/2025 04:05:00 PM,NA,NA,Angle,Clear,Dry,Daylight,No Controls,NONE DETECTED,No,No Apparent Injury,NA,Not Distracted,MD,Passenger Car,Accelerating,35,No,2020,INFINITI,QX60,39.1490345,-77.01231517,2025,10,16