Local Case Number,ACRS Report Type,Crash Date/Time,Road Name,Related Non-Motorist,Collision Type,Weather,Surface Condition,Light,Traffic Control,Driver Substance Abuse,Driver At Fault,Injury Severity,Circumstance,Driver Distracted By,Drivers License State,Vehicle Body Type,Vehicle Movement,Speed Limit,Driverless Vehicle,Vehicle Year,Vehicle Make,Vehicle Model,Latitude,Longitude,Year,Month,Hour
250048767,Property Damage Crash,10/30/2025 04:05:00 PM,NA,NA,Angle,Clear,Dry,Daylight,No Controls,NONE DETECTED,No,No Apparent Injury,NA,Not Distracted,XX,Passenger Car,Entering Traffic Lane,35,No,2020,KIA,TELLURIDE,39.1490345,-77.01231517,2025,10,16
250048763,Property Damage Crash,10/30/2025 03:55:00 PM,NA,NA,Single Vehicle,Clear,NA,Daylight,NA,NONE DETECTED,No,NA,Other Improper Action,NA,NA,Passenger Car,Moving Constant Speed,0,No,2021,NISSAN,SENTRA,39.00467366,-77.01282152,2025,10,15
250048753,Property Damage Crash,10/30/2025 03:40:00 PM,SHADY GROVE RD (SB/L),NA,Angle,Clear,Dry,Daylight,Traffic Control Signal,NONE DETECTED,No,No Apparent Injury,NA,Not Distracted,MD,Passenger Car,Accelerating,35,No,2013,VOLKSWAGEN,PASSAT,39.10497342,-77.1905678,2025,10,15
250048753,Property Damage Crash,10/30/2025 03:40:00 PM,SHADY GROVE RD (SB/L),NA,Angle,Clear,Dry,Daylight,Traffic Control Signal,NONE DETECTED,No,No Apparent Injury,NA,Not Distracted,MD,Passenger Car,Accelerating,35,No,2012,CHEVROLET,SONIC,39.10497342,-77.1905678,2025,10,15
250048753,Property Damage Crash,10/30/2025 03:40:00 PM,SHADY GROVE RD (SB/L),NA,Angle,Clear,Dry,Daylight,Traffic Control Signal,NONE DETECTED,Yes,No Apparent Injury,Ran Red Light,Not Distracted,MD,Passenger Car,Moving Constant Speed,15,No,2010,NISSAN,SENTRA,39.10497342,-77.1905678,2025,10,15
250048745,Property Damage Crash,10/30/2025 03:15:00 PM,NA,NA,Other,Clear,NA,Daylight,NA,NONE DETECTED,Yes,No Apparent Injury,Improper Backing,Unknown,MD,Sport Utility Vehicle,Backing,0,No,2014,NISSAN,ROGUE,39.07960618,-77.1441958,2025,10,15
250048745,Property Damage Crash,10/30/2025 03:15:00 PM,NA,NA,Other,Clear,NA,Daylight,NA,NONE DETECTED,No,No Apparent Injury,NA,Not Distracted,MD,Passenger Car,Moving Constant Speed,0,No,2020,CHEVROLET,BOLT EV,39.07960618,-77.1441958,2025,10,15
250048749,Injury Crash,10/30/2025 03:13:00 PM,NA,NA,Front to Front,Clear,NA,Daylight,NA,NONE DETECTED,Yes,Possible Minor Injury,NA,Unknown,MD,Passenger Car,Accelerating,0,No,2024,LEXUS,RX,39.02375534,-77.13403397,2025,10,15
250048749,Injury Crash,10/30/2025 03:13:00 PM,NA,NA,Front to Front,Clear,NA,Daylight,NA,NONE DETECTED,No,No Apparent Injury,NA,Not Distracted,MD,Passenger Car,Parked,0,No,2014,HONDA,CR-V,39.02375534,-77.13403397,2025,10,15
250048744,Property Damage Crash,10/30/2025 03:00:00 PM,HOWARD CHAPEL DR,NA,Single Vehicle,Clear,Dry,Daylight,No Controls,NONE DETECTED,No,No Apparent Injury,"Swerved or Avoided Due to Wind, Slippery Surface, Motor Vehicle, Object, Non-Motorist in Roadway, etc",Not Distracted,MD,Passenger Car,Moving Constant Speed,30,No,2002,CHRYSLER,SEBRING,39.29554,-77.17842,2025,10,15
250048740,Property Damage Crash,10/30/2025 03:00:00 PM,WELLER RD,NA,"Sideswipe, Same Direction",Clear,Dry,Daylight,Stop Sign,NONE DETECTED,Yes,No Apparent Injury,NA,Not Distracted,MD,Passenger Car,Moving Constant Speed,30,No,2022,HONDA,PILOT,39.06578422,-77.06235459,2025,10,15
250048740,Property Damage Crash,10/30/2025 03:00:00 PM,WELLER RD,NA,"Sideswipe, Same Direction",Clear,Dry,Daylight,Stop Sign,NONE DETECTED,No,No Apparent Injury,NA,Not Distracted,DC,Bus - Transit,Parked,30,No,2016,GILLIG,LOW FLOOR BUS,39.06578422,-77.06235459,2025,10,15
250048735,Property Damage Crash,10/30/2025 02:15:00 PM,RAMP 2 FR IS 370 WB TO IS 270 NB,NA,Angle,Clear,Dry,Daylight,No Controls,NONE DETECTED,Yes,No Apparent Injury,NA,Not Distracted,MD,Passenger Car,Changing Lanes,35,No,2011,HONDA,CR-V,39.12310106,-77.19567699,2025,10,14
250048735,Property Damage Crash,10/30/2025 02:15:00 PM,RAMP 2 FR IS 370 WB TO IS 270 NB,NA,Angle,Clear,Dry,Daylight,No Controls,NONE DETECTED,No,No Apparent Injury,NA,Not Distracted,NJ,Passenger Car,Moving Constant Speed,35,No,2021,CHEVROLET,SILVERADO,39.12310106,-77.19567699,2025,10,14
250048732,Property Damage Crash,10/30/2025 02:11:00 PM,BLUERIDGE AVE,NA,Angle,Clear,Wet,Daylight,No Controls,NONE DETECTED,No,No Apparent Injury,NA,Not Distracted,MD,Passenger Car,Moving Constant Speed,25,No,2017,SUBARU,OUTBACK,39.04309333,-77.04951983,2025,10,14
250048732,Property Damage Crash,10/30/2025 02:11:00 PM,BLUERIDGE AVE,NA,Angle,Clear,Wet,Daylight,No Controls,NONE DETECTED,Yes,No Apparent Injury,NA,Not Distracted,MD,Passenger Car,Entering Traffic Lane,25,No,2010,HONDA,CIVIC,39.04309333,-77.04951983,2025,10,14
250048726,Injury Crash,10/30/2025 01:43:00 PM,NA,NA,Single Vehicle,Cloudy,Wet,Daylight,No Controls,NONE DETECTED,Yes,Possible Minor Injury,NA,Not Distracted,MD,Passenger Car,Moving Constant Speed,40,No,2009,HONDA,CIVIC,39.07821409,-76.97992059,2025,10,13
250048710,Property Damage Crash,10/30/2025 12:20:00 PM,NA,NA,Front to Rear,Rain,NA,Daylight,NA,NONE DETECTED,No,No Apparent Injury,NA,Not Distracted,MD,Passenger Car,Slowing or Stopping,0,No,2020,JEEP,COMPASS,38.96270767,-77.10730117,2025,10,12
250048710,Property Damage Crash,10/30/2025 12:20:00 PM,NA,NA,Front to Rear,Rain,NA,Daylight,NA,NONE DETECTED,No,No Apparent Injury,NA,Not Distracted,MD,Passenger Car,Parked,0,No,2025,TOYOTA,BZ4X,38.96270767,-77.10730117,2025,10,12
250048706,Injury Crash,10/30/2025 12:00:00 PM,BETHESDA AVE,NA,Other,Clear,Wet,Daylight,No Controls,NONE DETECTED,No,No Apparent Injury,NA,Not Distracted,MD,Sport Utility Vehicle,Entering Traffic Lane,25,No,2022,BMW,X5,38.98116183,-77.09338,2025,10,12
250048706,Injury Crash,10/30/2025 12:00:00 PM,BETHESDA AVE,NA,Other,Clear,Wet,Daylight,No Controls,NONE DETECTED,No,Possible Minor Injury,NA,Unknown,DC,Passenger Car,Moving Constant Speed,25,No,2024,NISSAN,SENTRA,38.98116183,-77.09338,2025,10,12
250048707,Property Damage Crash,10/30/2025 11:55:00 AM,FREDERICK RD,NA,Front to Rear,Cloudy,Wet,Daylight,No Controls,NONE DETECTED,No,No Apparent Injury,NA,Not Distracted,MD,Passenger Car,Moving Constant Speed,40,No,2014,SUBARU,XV CROSSTREK,39.19020567,-77.24170167,2025,10,11
250048707,Property Damage Crash,10/30/2025 11:55:00 AM,FREDERICK RD,NA,Front to Rear,Cloudy,Wet,Daylight,No Controls,NONE DETECTED,No,No Apparent Injury,Failed to Keep in Proper Lane,Unknown,NA,Passenger Car,Moving Constant Speed,40,No,0,NA,NA,39.19020567,-77.24170167,2025,10,11
250048705,Property Damage Crash,10/30/2025 11:38:00 AM,CLARKSBURG RD,NA,Single Vehicle,Rain,Wet,Daylight,No Controls,NONE DETECTED,Yes,No Apparent Injury,Too Fast For Conditions,Not Distracted,MD,Pickup,Negotiating a Curve,30,No,2004,CHEVROLET,SILVERADO,39.19991483,-77.30524517,2025,10,11
250048702,Property Damage Crash,10/30/2025 11:06:00 AM,FIRSTFIELD RD,NA,Angle,Cloudy,Wet,Daylight,No Controls,NONE DETECTED,No,No Apparent Injury,NA,Not Distracted,MD,Passenger Car,Moving Constant Speed,25,No,2022,NISSAN,KICKS,39.14482642,-77.21873237,2025,10,11
250048702,Property Damage Crash,10/30/2025 11:06:00 AM,FIRSTFIELD RD,NA,Angle,Cloudy,Wet,Daylight,No Controls,NONE DETECTED,No,No Apparent Injury,NA,Not Distracted,MD,Passenger Car,Stopped in Traffic,0,No,2010,HONDA,CIVIC,39.14482642,-77.21873237,2025,10,11
250048702,Property Damage Crash,10/30/2025 11:06:00 AM,FIRSTFIELD RD,NA,Angle,Cloudy,Wet,Daylight,No Controls,NONE DETECTED,Yes,No Apparent Injury,Failed to Yield Right-of-Way,Unknown,MD,Passenger Car,Accelerating,25,No,2020,HYUNDAI,ELANTRA,39.14482642,-77.21873237,2025,10,11
250048851,Property Damage Crash,10/30/2025 11:00:00 AM,NA,NA,Single Vehicle,Clear,NA,Daylight,NA,NONE DETECTED,Yes,No Apparent Injury,Improper Backing,Not Distracted,MD,Sport Utility Vehicle,Backing,0,No,2015,FORD,C-MAX,39.16548281,-77.16824853,2025,10,11
250048699,Property Damage Crash,10/30/2025 10:11:00 AM,NA,NA,Angle,Cloudy,Wet,Daylight,Traffic Control Signal,NONE DETECTED,Yes,No Apparent Injury,Failed to Yield Right-of-Way,Unknown,MD,Passenger Car,Turning Right,35,No,2004,BMW,530I,39.02315547,-77.16245794,2025,10,10
250048699,Property Damage Crash,10/30/2025 10:11:00 AM,NA,NA,Angle,Cloudy,Wet,Daylight,Traffic Control Signal,NONE DETECTED,No,No Apparent Injury,NA,Not Distracted,MD,Passenger Car,Moving Constant Speed,35,No,2024,HYUNDAI,TUCSON,39.02315547,-77.16245794,2025,10,10
250048693,Property Damage Crash,10/30/2025 09:30:00 AM,WHITES FERRY RD,NA,Single Vehicle,Rain,Wet,Daylight,No Controls,NONE DETECTED,Yes,No Apparent Injury,Too Fast For Conditions,Not Distracted,MD,Other,Negotiating a Curve,35,No,2024,FREIGHTLINER,M2,39.13239867,-77.38534967,2025,10,9
250048688,Property Damage Crash,10/30/2025 09:29:00 AM,FERNWOOD RD,NA,Angle,Rain,Wet,Daylight,No Controls,NONE DETECTED,No,No Apparent Injury,NA,Not Distracted,MD,Passenger Car,Moving Constant Speed,35,No,2013,BMW,328I,39.01979175,-77.13438989,2025,10,9
250048688,Property Damage Crash,10/30/2025 09:29:00 AM,FERNWOOD RD,NA,Angle,Rain,Wet,Daylight,Stop Sign,NONE DETECTED,Yes,No Apparent Injury,NA,Not Distracted,MD,Sport Utility Vehicle,Accelerating,20,No,2023,FORD,EXPLORER,39.01979175,-77.13438989,2025,10,9
250048689,Property Damage Crash,10/30/2025 09:23:00 AM,E GUDE DR,NA,"Sideswipe, Same Direction",Rain,Wet,Daylight,Traffic Control Signal,NONE DETECTED,No,No Apparent Injury,NA,Unknown,NA,Passenger Car,Turning Right,35,No,0,NA,NA,39.10631401,-77.15228343,2025,10,9
250048689,Property Damage Crash,10/30/2025 09:23:00 AM,E GUDE DR,NA,"Sideswipe, Same Direction",Rain,Wet,Daylight,Traffic Control Signal,NONE DETECTED,No,No Apparent Injury,NA,Not Distracted,MD,Passenger Car,Moving Constant Speed,35,No,2021,MERCEDES-BENZ,GLA-CLASS,39.10631401,-77.15228343,2025,10,9
250048686,Property Damage Crash,10/30/2025 08:50:00 AM,NORBECK RD (WB/L),NA,"Sideswipe, Same Direction",Rain,Wet,Daylight,Traffic Control Signal,NONE DETECTED,No,No Apparent Injury,"Swerved or Avoided Due to Wind, Slippery Surface, Motor Vehicle, Object, Non-Motorist in Roadway, etc",Not Distracted,MD,Passenger Car,Turning Left,35,No,2017,HONDA,CIVIC,39.10951918,-77.07611473,2025,10,8
250048686,Property Damage Crash,10/30/2025 08:50:00 AM,NORBECK RD (WB/L),NA,"Sideswipe, Same Direction",Rain,Wet,Daylight,Traffic Control Signal,NONE DETECTED,No,No Apparent Injury,NA,Not Distracted,MD,Bus - School,Turning Left,35,No,2025,FREIGHTLINER,B2 106 ELECTRIC CONVENTIONAL CHASSIS,39.10951918,-77.07611473,2025,10,8
250048684,Property Damage Crash,10/30/2025 08:50:00 AM,GEORGIA AVE,NA,Front to Rear,Rain,Wet,Daylight,No Controls,NONE DETECTED,Yes,No Apparent Injury,NA,Not Distracted,MD,Passenger Car,Moving Constant Speed,35,No,2017,TOYOTA,PRIUS,39.12914833,-77.07137683,2025,10,8
250048684,Property Damage Crash,10/30/2025 08:50:00 AM,GEORGIA AVE,NA,Front to Rear,Rain,Wet,Daylight,No Controls,NONE DETECTED,No,No Apparent Injury,NA,Not Distracted,MD,Passenger Car,Moving Constant Speed,35,No,2018,FORD,ESCAPE,39.12914833,-77.07137683,2025,10,8
250048685,Injury Crash,10/30/2025 08:42:00 AM,TRAVILAH RD,NA,Front to Rear,Rain,Wet,Daylight,No Controls,NONE DETECTED,Yes,No Apparent Injury,"Followed Too Closely, Too Fast For Conditions",Unknown,FL,Passenger Car,Slowing or Stopping,30,No,2010,HONDA,CR-V,39.08033419,-77.25238138,2025,10,8
250048685,Injury Crash,10/30/2025 08:42:00 AM,TRAVILAH RD,NA,Front to Rear,Rain,Wet,Daylight,No Controls,NONE DETECTED,No,Possible Minor Injury,NA,Not Distracted,MD,Passenger Car,Slowing or Stopping,30,No,2024,KIA,SPORTAGE,39.08033419,-77.25238138,2025,10,8
250048680,Injury Crash,10/30/2025 08:12:00 AM,CLOPPER RD,NA,Angle,Rain,Wet,Daylight,No Controls,NONE DETECTED,No,Possible Minor Injury,NA,Not Distracted,MD,Passenger Car,Moving Constant Speed,30,No,2015,HONDA,CIVIC,39.16347288,-77.28465436,2025,10,8
250048680,Injury Crash,10/30/2025 08:12:00 AM,CLOPPER RD,NA,Angle,Rain,Wet,Daylight,Stop Sign,NONE DETECTED,Yes,Possible Minor Injury,Failed to Yield Right-of-Way,Not Distracted,MD,Passenger Car,Entering Traffic Lane,30,No,2022,TOYOTA,COROLLA CROSS,39.16347288,-77.28465436,2025,10,8
250048679,Property Damage Crash,10/30/2025 07:58:00 AM,RANDOLPH RD (WB/L),NA,Front to Rear,Rain,Wet,Daylight,No Controls,NONE DETECTED,Yes,No Apparent Injury,"Followed Too Closely, Operated Motor Vehicle in Reckless or Aggressive Manner, Too Fast For Conditions",Unknown,MD,Passenger Car,Moving Constant Speed,40,No,2016,FORD,FUSION,39.07331046,-77.00821918,2025,10,7
250048679,Property Damage Crash,10/30/2025 07:58:00 AM,RANDOLPH RD (WB/L),NA,Front to Rear,Rain,Wet,Daylight,No Controls,NONE DETECTED,No,No Apparent Injury,NA,Not Distracted,MD,Passenger Car,Moving Constant Speed,40,No,2023,MITSUBISHI,OUTLANDER,39.07331046,-77.00821918,2025,10,7
25002312,Property Damage Crash,10/30/2025 07:57:00 AM,SLIGO CREEK PKWY,NA,"Sideswipe, Opposite Direction",Rain,Wet,Dark,No Controls,NONE DETECTED,No,No Apparent Injury,NA,Unknown,NA,Passenger Car,Negotiating a Curve,25,No,2015,HONDA,CIVIC,38.99138774,-77.00605406,2025,10,7
25002312,Property Damage Crash,10/30/2025 07:57:00 AM,SLIGO CREEK PKWY,NA,"Sideswipe, Opposite Direction",Rain,Wet,Dark,No Controls,NONE DETECTED,No,No Apparent Injury,NA,Unknown,MD,Passenger Car,Negotiating a Curve,25,No,2017,TOYOTA,RAV4,38.99138774,-77.00605406,2025,10,7
250048675,Injury Crash,10/30/2025 07:19:00 AM,NA,Pedestrian,Single Vehicle,Rain,Wet,Medium,Traffic Control Signal,NONE DETECTED,No,NA,NA,NA,NA,Passenger Car,Turning Right,20,No,0,NA,NA,39.0905276,-77.04796563,2025,10,7
250048673,Property Damage Crash,10/30/2025 07:05:00 AM,CHEVY CHASE LAKE DR,NA,Angle,Rain,Wet,Medium,Traffic Control Signal,NONE DETECTED,Yes,No Apparent Injury,NA,Not Distracted,MD,Passenger Car,Turning Left,35,No,2015,NISSAN,ALTIMA,38.99389249,-77.0769961,2025,10,7
250048673,Property Damage Crash,10/30/2025 07:05:00 AM,CHEVY CHASE LAKE DR,NA,Angle,Rain,Wet,Medium,Traffic Control Signal,NONE DETECTED,No,No Apparent Injury,NA,Not Distracted,MD,Passenger Car,Moving Constant Speed,35,No,2020,MAZDA,CX-5,38.99389249,-77.0769961,2025,10,7
250048672,Injury Crash,10/30/2025 07:00:00 AM,METRORAIL TRACK B2 RAIL,NA,Front to Rear,Rain,Wet,Medium,No Controls,NONE DETECTED,No,Possible Minor Injury,NA,Not Distracted,MD,Passenger Car,Slowing or Stopping,35,No,2023,MERCEDES-BENZ,GLB-CLASS,39.02423201,-77.04581622,2025,10,7
250048672,Injury Crash,10/30/2025 07:00:00 AM,METRORAIL TRACK B2 RAIL,NA,Front to Rear,Rain,Wet,Medium,No Controls,NONE DETECTED,Yes,No Apparent Injury,"Followed Too Closely, Too Fast For Conditions",Not Distracted,MD,Passenger Car,Moving Constant Speed,35,No,2019,RAM,PROMASTER CITY,39.02423201,-77.04581622,2025,10,7
250048671,Property Damage Crash,10/30/2025 05:40:00 AM,NA,NA,Angle,Rain,Wet,Dark,No Controls,NONE DETECTED,No,No Apparent Injury,NA,Not Distracted,MD,Passenger Car,Moving Constant Speed,35,No,2023,TOYOTA,CAMRY,39.0913035,-77.06664083,2025,10,5
250048671,Property Damage Crash,10/30/2025 05:40:00 AM,NA,NA,Angle,Rain,Wet,Dark,No Controls,NONE DETECTED,Yes,No Apparent Injury,NA,Unknown,MD,Passenger Car,Turning Left,35,No,2015,AUDI,A3,39.0913035,-77.06664083,2025,10,5
250048670,Property Damage Crash,10/30/2025 05:38:00 AM,CLUB HOUSE RD,NA,Rear To Side,Rain,Wet,Medium,Flashing Traffic Control Signal,NONE DETECTED,No,No Apparent Injury,NA,Not Distracted,MD,Passenger Car,Moving Constant Speed,35,No,2012,HONDA,CIVIC,39.17452405,-77.20363419,2025,10,5
250048670,Property Damage Crash,10/30/2025 05:38:00 AM,CLUB HOUSE RD,NA,Rear To Side,Rain,Wet,Medium,Flashing Traffic Control Signal,NONE DETECTED,Yes,No Apparent Injury,NA,Not Distracted,MD,Passenger Car,Turning Left,35,No,2015,TOYOTA,COROLLA,39.17452405,-77.20363419,2025,10,5
250048661,Property Damage Crash,10/30/2025 12:27:00 AM,LELAND ST,NA,Other,Rain,Wet,Medium,No Controls,NONE DETECTED,Yes,No Apparent Injury,NA,Unknown,MD,Passenger Car,Entering Traffic Lane,30,No,2023,VOLVO,XC40,38.98553517,-77.07706233,2025,10,0
250048661,Property Damage Crash,10/30/2025 12:27:00 AM,LELAND ST,NA,Other,Rain,Wet,Medium,No Controls,NONE DETECTED,No,No Apparent Injury,NA,Not Distracted,MD,Passenger Car,Moving Constant Speed,30,No,2003,HONDA,ELEMENT,38.98553517,-77.07706233,2025,10,0
250048658,Property Damage Crash,10/30/2025 12:01:00 AM,LAYHILL RD,NA,Single Vehicle,Rain,Wet,Medium,No Controls,ALCOHOL PRESENT,No,No Apparent Injury,"Failed to Keep in Proper Lane, Operated Motor Vehicle in Inattentive, Careless, Negligent, or Erratic Manner, Other Improper Action, Ran Off Roadway, Too Fast For Conditions",Unknown,MD,Passenger Car,Moving Constant Speed,40,No,2008,BMW,X3,39.09287283,-77.045022,2025,10,0
250048658,Property Damage Crash,10/30/2025 12:01:00 AM,LAYHILL RD,NA,Single Vehicle,Rain,Wet,Medium,No Controls,NONE DETECTED,No,No Apparent Injury,NA,Not Distracted,MD,Passenger Car,Moving Constant Speed,40,No,2013,DODGE,CHALLENGER,39.09287283,-77.045022,2025,10,0
250048657,Property Damage Crash,10/29/2025 11:48:00 PM,NEW HAMPSHIRE AVE,NA,Single Vehicle,Rain,Wet,Medium,No Controls,NONE DETECTED,No,No Apparent Injury,NA,Not Distracted,MD,Passenger Car,Moving Constant Speed,35,No,2011,TOYOTA,CAMRY,39.0322579,-76.98479433,2025,10,23
250048656,Property Damage Crash,10/29/2025 11:30:00 PM,KENSINGTON EXIT,NA,Single Vehicle,Rain,Wet,Dark,No Controls,NONE DETECTED,Yes,No Apparent Injury,NA,Not Distracted,MD,Passenger Car,Moving Constant Speed,25,No,2019,TESLA,MODEL 3,39.00658127,-77.07424924,2025,10,23
250048649,Property Damage Crash,10/29/2025 09:57:00 PM,NA,NA,Angle,Rain,Wet,Medium,No Controls,NONE DETECTED,No,No Apparent Injury,NA,Not Distracted,MD,Passenger Car,Turning Left,35,No,2010,AUDI,A4,39.09058006,-77.04599879,2025,10,21
250048649,Property Damage Crash,10/29/2025 09:57:00 PM,NA,NA,Angle,Rain,Wet,Medium,No Controls,NONE DETECTED,Yes,No Apparent Injury,"Failed to Yield Right-of-Way, Operated Motor Vehicle in Inattentive, Careless, Negligent, or Erratic Manner",Not Distracted,MD,Passenger Car,Turning Left,35,No,2020,HONDA,CIVIC,39.09058006,-77.04599879,2025,10,21
250048643,Injury Crash,10/29/2025 09:31:00 PM,HUNTMASTER RD,NA,Single Vehicle,Rain,Wet,Dark,No Controls,NONE DETECTED,Yes,Possible Minor Injury,NA,Unknown,MD,Passenger Car,Negotiating a Curve,40,No,2002,TOYOTA,CAMRY SOLARA,39.210299,-77.20262583,2025,10,21
250048636,Injury Crash,10/29/2025 08:32:00 PM,STEWART LA,NA,Front to Rear,Cloudy,Dry,Medium,Traffic Control Signal,NONE DETECTED,No,Possible Minor Injury,NA,Not Distracted,MD,Passenger Car,Stopped in Traffic,40,No,2021,TOYOTA,RAV4,39.04632123,-76.98707835,2025,10,20
250048636,Injury Crash,10/29/2025 08:32:00 PM,STEWART LA,NA,Front to Rear,Cloudy,Dry,Medium,Traffic Control Signal,NONE DETECTED,No,No Apparent Injury,NA,Not Distracted,MD,Passenger Car,Stopped in Traffic,40,No,2000,LEXUS,ES,39.04632123,-76.98707835,2025,10,20
250048636,Injury Crash,10/29/2025 08:32:00 PM,STEWART LA,NA,Front to Rear,Cloudy,Dry,Medium,Traffic Control Signal,ALCOHOL PRESENT,Yes,No Apparent Injury,Other Improper Action,Not Distracted,MD,Passenger Car,Accelerating,40,No,2020,TOYOTA,RAV4,39.04632123,-76.98707835,2025,10,20
250048635,Property Damage Crash,10/29/2025 08:05:00 PM,NA,NA,"Sideswipe, Same Direction",Clear,NA,Medium,NA,NONE DETECTED,No,No Apparent Injury,NA,Not Distracted,MD,Bus - Transit,Moving Constant Speed,0,No,2014,GILLIG,SHUTTLE BUS,39.16019307,-77.28047043,2025,10,20
250048635,Property Damage Crash,10/29/2025 08:05:00 PM,NA,NA,"Sideswipe, Same Direction",Clear,NA,Medium,NA,NONE DETECTED,Yes,No Apparent Injury,NA,Not Distracted,MD,Passenger Car,Turning Left,0,No,2014,FORD,FOCUS,39.16019307,-77.28047043,2025,10,20
250048622,Injury Crash,10/29/2025 06:11:00 PM,CLARKSBURG RD,NA,"Sideswipe, Opposite Direction",Clear,Dry,Daylight,No Controls,NONE DETECTED,Yes,Possible Minor Injury,NA,Not Distracted,MD,Passenger Car,Moving Constant Speed,25,No,2026,TESLA,MODEL Y,39.2220335,-77.29667245,2025,10,18
250048622,Injury Crash,10/29/2025 06:11:00 PM,CLARKSBURG RD,NA,"Sideswipe, Opposite Direction",Clear,Dry,Daylight,No Controls,NONE DETECTED,No,No Apparent Injury,NA,Not Distracted,MD,Passenger Car,Accelerating,25,No,2015,KIA,OPTIMA,39.2220335,-77.29667245,2025,10,18
250048616,Property Damage Crash,10/29/2025 06:10:00 PM,ROCKVILLE PIKE (SB/L),NA,Angle,Clear,Dry,Daylight,No Controls,NONE DETECTED,No,NA,NA,NA,NA,NA,Moving Constant Speed,35,No,0,NA,NA,39.0779596,-77.14083918,2025,10,18
250048616,Property Damage Crash,10/29/2025 06:10:00 PM,ROCKVILLE PIKE (SB/L),NA,Angle,Clear,Dry,Daylight,No Controls,NONE DETECTED,No,No Apparent Injury,NA,Not Distracted,MD,Passenger Car,Moving Constant Speed,35,No,2016,NISSAN,VERSA NOTE,39.0779596,-77.14083918,2025,10,18
250048620,Property Damage Crash,10/29/2025 06:10:00 PM,NA,NA,Angle,Clear,Dry,Medium,Traffic Control Signal,NONE DETECTED,No,No Apparent Injury,NA,Not Distracted,MD,Passenger Car,Moving Constant Speed,45,No,2019,JEEP,WRANGLER,39.10609268,-77.00136615,2025,10,18
250048620,Property Damage Crash,10/29/2025 06:10:00 PM,NA,NA,Angle,Clear,Dry,Medium,Traffic Control Signal,NONE DETECTED,Yes,No Apparent Injury,Failed to Yield Right-of-Way,Unknown,MD,Passenger Car,Making U-Turn,45,No,2021,ACURA,TLX,39.10609268,-77.00136615,2025,10,18
250048616,Property Damage Crash,10/29/2025 06:10:00 PM,ROCKVILLE PIKE (SB/L),NA,Angle,Clear,Dry,Daylight,No Controls,NONE DETECTED,No,No Apparent Injury,NA,Not Distracted,MD,Passenger Car,Moving Constant Speed,35,No,2011,HYUNDAI,SONATA,39.0779596,-77.14083918,2025,10,18
250048615,Property Damage Crash,10/29/2025 05:56:00 PM,BATCHELLORS FOREST RD,NA,Front to Rear,Clear,Dry,Daylight,No Controls,NONE DETECTED,No,No Apparent Injury,"Disregarded Other Road Markings, Failed to Keep in Proper Lane, Improper Turn, Other Improper Action, Wrong Way",Not Distracted,MD,Pickup,Accelerating,45,No,2019,FORD,F-150,39.12383941,-77.07297663,2025,10,17
250048615,Property Damage Crash,10/29/2025 05:56:00 PM,BATCHELLORS FOREST RD,NA,Front to Rear,Clear,Dry,Daylight,No Controls,NONE DETECTED,No,No Apparent Injury,NA,Not Distracted,MD,Passenger Car,Stopped in Traffic,45,No,2016,TOYOTA,RAV4,39.12383941,-77.07297663,2025,10,17
250048610,Injury Crash,10/29/2025 05:20:00 PM,COLESVILLE RD (SB/L),NA,Front to Rear,Clear,Dry,Daylight,No Controls,NONE DETECTED,No,No Apparent Injury,NA,Not Distracted,MD,Sport Utility Vehicle,Stopped in Traffic,35,No,2020,TOYOTA,RAV4,39.00791517,-77.01976533,2025,10,17