Local Case Number,ACRS Report Type,Crash Date/Time,Road Name,Related Non-Motorist,Collision Type,Weather,Surface Condition,Light,Traffic Control,Driver Substance Abuse,Driver At Fault,Injury Severity,Circumstance,Driver Distracted By,Drivers License State,Vehicle Body Type,Vehicle Movement,Speed Limit,Driverless Vehicle,Vehicle Year,Vehicle Make,Vehicle Model,Latitude,Longitude,Year,Month,Hour
250048610,Injury Crash,10/29/2025 05:20:00 PM,COLESVILLE RD (SB/L),NA,Front to Rear,Clear,Dry,Daylight,No Controls,NONE DETECTED,No,No Apparent Injury,NA,Not Distracted,MD,Passenger Car,Slowing or Stopping,35,No,2002,TOYOTA,CAMRY,39.00791517,-77.01976533,2025,10,17
250048607,Property Damage Crash,10/29/2025 05:01:00 PM,AIRCRAFT DR,NA,Angle,Clear,Dry,Daylight,No Controls,NONE DETECTED,Yes,No Apparent Injury,NA,Not Distracted,MD,Passenger Car,Entering Traffic Lane,25,No,2020,HONDA,PILOT,39.18326781,-77.26119464,2025,10,17
250048607,Property Damage Crash,10/29/2025 05:01:00 PM,AIRCRAFT DR,NA,Angle,Clear,Dry,Daylight,No Controls,NONE DETECTED,No,No Apparent Injury,NA,Not Distracted,MD,Passenger Car,Moving Constant Speed,25,No,2023,TOYOTA,CAMRY,39.18326781,-77.26119464,2025,10,17
250048601,Property Damage Crash,10/29/2025 04:39:00 PM,NA,NA,Single Vehicle,Cloudy,NA,Daylight,NA,NONE DETECTED,Yes,No Apparent Injury,"Other Improper Action, Ran Off Roadway",Not Distracted,MD,Passenger Car,Accelerating,0,No,2015,TOYOTA,SCION XB,39.12351597,-77.23435376,2025,10,16
250048609,Property Damage Crash,10/29/2025 04:21:00 PM,DARNESTOWN RD,NA,"Sideswipe, Same Direction",Cloudy,Dry,Daylight,No Controls,NONE DETECTED,No,No Apparent Injury,NA,Not Distracted,MD,Bus - School,Moving Constant Speed,40,No,2020,THOMAS BUILT,HDX,39.11809049,-77.25989307,2025,10,16
250048609,Property Damage Crash,10/29/2025 04:21:00 PM,DARNESTOWN RD,NA,"Sideswipe, Same Direction",Cloudy,Dry,Daylight,No Controls,NONE DETECTED,Yes,No Apparent Injury,"Operated Motor Vehicle in Inattentive, Careless, Negligent, or Erratic Manner",Unknown,MD,Passenger Car,Changing Lanes,40,No,2020,LEXUS,ES,39.11809049,-77.25989307,2025,10,16
250048596,Property Damage Crash,10/29/2025 04:02:00 PM,DARNESTOWN RD (WB/L),NA,Front to Rear,Cloudy,Dry,Daylight,Traffic Control Signal,NONE DETECTED,No,No Apparent Injury,NA,Not Distracted,TX,Passenger Car,Stopped in Traffic,5,No,2009,FORD,FUSION,39.11742748,-77.25108257,2025,10,16
250048596,Property Damage Crash,10/29/2025 04:02:00 PM,DARNESTOWN RD (WB/L),NA,Front to Rear,Cloudy,Dry,Daylight,Traffic Control Signal,NONE DETECTED,Yes,No Apparent Injury,Followed Too Closely,Not Distracted,MD,Van - Passenger (&lt;9 Seats),Slowing or Stopping,5,No,2016,FORD,TRANSIT,39.11742748,-77.25108257,2025,10,16
250048594,Injury Crash,10/29/2025 03:40:00 PM,ROCKVILLE PIKE (SB/L),NA,Front to Rear,Clear,Dry,Daylight,No Controls,NONE DETECTED,No,No Apparent Injury,NA,Not Distracted,MD,Passenger Car,Moving Constant Speed,35,No,2020,HONDA,CR-V,39.04899682,-77.1141103,2025,10,15
250048594,Injury Crash,10/29/2025 03:40:00 PM,ROCKVILLE PIKE (SB/L),NA,Front to Rear,Clear,Dry,Daylight,No Controls,NONE DETECTED,No,No Apparent Injury,NA,Not Distracted,MD,Passenger Car,Moving Constant Speed,35,No,2017,TOYOTA,HIGHLANDER,39.04899682,-77.1141103,2025,10,15
250048586,Property Damage Crash,10/29/2025 03:00:00 PM,ASPEN HILL RD,NA,Front to Front,Clear,Dry,Daylight,Traffic Control Signal,NONE DETECTED,No,No Apparent Injury,NA,Not Distracted,MD,Sport Utility Vehicle,Stopped in Traffic,35,No,2024,TOYOTA,SEQUOIA,39.08025978,-77.08083542,2025,10,15
250048586,Property Damage Crash,10/29/2025 03:00:00 PM,ASPEN HILL RD,NA,Front to Front,Clear,Dry,Daylight,Traffic Control Signal,NONE DETECTED,No,NA,NA,NA,NA,Passenger Car,Entering Traffic Lane,35,No,2010,INFINITI,G37,39.08025978,-77.08083542,2025,10,15
250048586,Property Damage Crash,10/29/2025 03:00:00 PM,ASPEN HILL RD,NA,Front to Front,Clear,Dry,Daylight,Traffic Control Signal,NONE DETECTED,No,No Apparent Injury,NA,Not Distracted,MD,Passenger Car,Stopped in Traffic,35,No,2012,NISSAN,SENTRA,39.08025978,-77.08083542,2025,10,15
250048569,Injury Crash,10/29/2025 01:46:00 PM,MERRIMAC DR,NA,Angle,Cloudy,Dry,Daylight,No Controls,NONE DETECTED,Yes,Possible Minor Injury,NA,Unknown,MD,Passenger Car,Turning Left,25,No,2022,TOYOTA,PRIUS,38.99296114,-76.99091678,2025,10,13
250048569,Injury Crash,10/29/2025 01:46:00 PM,MERRIMAC DR,NA,Angle,Cloudy,Dry,Daylight,No Controls,NONE DETECTED,No,Possible Minor Injury,NA,Not Distracted,MD,Passenger Car,Moving Constant Speed,25,No,2008,HONDA,CIVIC,38.99296114,-76.99091678,2025,10,13
250048556,Injury Crash,10/29/2025 01:00:00 PM,COLESVILLE RD,Pedestrian,Single Vehicle,Clear,Dry,Daylight,Traffic Control Signal,NONE DETECTED,No,No Apparent Injury,NA,Not Distracted,MD,Other Trucks,Turning Left,30,No,2023,FREIGHTLINER,M2,38.99369671,-77.03197929,2025,10,13
250048584,Property Damage Crash,10/29/2025 12:18:00 PM,SWEEPSTAKES RD,NA,Front to Rear,Clear,Dry,Daylight,No Controls,NONE DETECTED,Yes,No Apparent Injury,Operated Motor Vehicle in Reckless or Aggressive Manner,Unknown,MD,Passenger Car,Slowing or Stopping,30,No,2025,HONDA,CIVIC,39.25974573,-77.21394016,2025,10,12
250048584,Property Damage Crash,10/29/2025 12:18:00 PM,SWEEPSTAKES RD,NA,Front to Rear,Clear,Dry,Daylight,Other,NONE DETECTED,Yes,No Apparent Injury,Operated Motor Vehicle in Reckless or Aggressive Manner,Unknown,MD,Passenger Car,Moving Constant Speed,30,No,2014,HONDA,CR-V,39.25974573,-77.21394016,2025,10,12
250048551,Property Damage Crash,10/29/2025 12:08:00 PM,NORBECK RD,NA,Single Vehicle,Clear,Dry,Daylight,No Controls,NONE DETECTED,No,No Apparent Injury,NA,Not Distracted,MD,Passenger Car,Moving Constant Speed,40,No,2024,TOYOTA,COROLLA,39.08694882,-77.13489872,2025,10,12
250048519,Property Damage Crash,10/29/2025 07:57:00 AM,NA,NA,Other,Clear,Dry,Daylight,No Controls,NONE DETECTED,Yes,No Apparent Injury,NA,Not Distracted,MD,Van - Passenger (&lt;9 Seats),Turning Left,30,No,2014,RAM,CARGO VAN,39.08635287,-77.15294261,2025,10,7
250048519,Property Damage Crash,10/29/2025 07:57:00 AM,NA,NA,Other,Clear,Dry,Daylight,No Controls,NONE DETECTED,No,No Apparent Injury,NA,Not Distracted,MD,Bus - Transit,Moving Constant Speed,30,No,2017,GILLIG,LOW FLOOR BUS,39.08635287,-77.15294261,2025,10,7
250048520,Property Damage Crash,10/29/2025 07:42:00 AM,KEMP MILL RD,NA,Single Vehicle,Clear,Dry,Medium,No Controls,NONE DETECTED,No,No Apparent Injury,NA,Unknown,MD,Sport Utility Vehicle,Moving Constant Speed,30,No,2022,MAZDA,CX-5,39.04745267,-77.028555,2025,10,7
250048515,Injury Crash,10/29/2025 07:00:00 AM,NA,NA,Angle,Clear,Dry,Medium,Traffic Control Signal,NONE DETECTED,No,Possible Minor Injury,NA,Not Distracted,MD,Passenger Car,Moving Constant Speed,35,No,2024,TESLA,MODEL Y,39.14758647,-77.23295822,2025,10,7
250048515,Injury Crash,10/29/2025 07:00:00 AM,NA,NA,Angle,Clear,Dry,Medium,Traffic Control Signal,NONE DETECTED,Yes,Possible Minor Injury,NA,Unknown,MD,Sport Utility Vehicle,Moving Constant Speed,35,No,2005,JEEP,GRAND CHEROKEE,39.14758647,-77.23295822,2025,10,7
250048514,Injury Crash,10/29/2025 07:00:00 AM,NORWOOD RD,NA,Other,Clear,Dry,Medium,Traffic Control Signal,NONE DETECTED,No,No Apparent Injury,NA,Unknown,MD,Single-Unit Truck,Turning Left,35,No,2019,FORD,F-550,39.119101,-77.02131717,2025,10,7
250048514,Injury Crash,10/29/2025 07:00:00 AM,NORWOOD RD,NA,Other,Clear,Dry,Medium,Traffic Control Signal,NONE DETECTED,No,Possible Minor Injury,NA,Unknown,MD,Passenger Car,Moving Constant Speed,35,No,2018,TOYOTA,COROLLA,39.119101,-77.02131717,2025,10,7
250048492,Property Damage Crash,10/28/2025 09:46:00 PM,UNIVERSITY BLVD E (WB/L),NA,Single Vehicle,Clear,Dry,Medium,Traffic Control Signal,NONE DETECTED,Yes,No Apparent Injury,Other Improper Action,Unknown,MD,Passenger Car,Moving Constant Speed,35,No,2012,HONDA,ODYSSEY,39.01444217,-77.0042115,2025,10,21
250048482,Property Damage Crash,10/28/2025 08:01:00 PM,LAYHILL RD,NA,Single Vehicle,Clear,Dry,Medium,No Controls,NONE DETECTED,No,No Apparent Injury,NA,Not Distracted,MD,Passenger Car,Moving Constant Speed,40,No,2011,MERCEDES-BENZ,GL-CLASS,39.10674017,-77.03782083,2025,10,20
250048471,Injury Crash,10/28/2025 07:15:00 PM,VEIRS MILL RD,NA,Front to Rear,Cloudy,Wet,Medium,Traffic Control Signal,NONE DETECTED,No,Possible Minor Injury,NA,Not Distracted,MD,Pickup,Accelerating,35,No,2008,TOYOTA,TACOMA,39.07466248,-77.11491171,2025,10,19
250048471,Injury Crash,10/28/2025 07:15:00 PM,VEIRS MILL RD,NA,Front to Rear,Cloudy,Wet,Medium,Traffic Control Signal,NONE DETECTED,Yes,No Apparent Injury,NA,Not Distracted,MD,Passenger Car,Moving Constant Speed,35,No,2016,TOYOTA,CAMRY,39.07466248,-77.11491171,2025,10,19
250048467,Injury Crash,10/28/2025 06:54:00 PM,MT EPHRAIM RD,NA,Single Vehicle,Cloudy,Dry,Dark,No Controls,NONE DETECTED,No,Possible Minor Injury,Ran Off Roadway,Unknown,MD,Passenger Car,Negotiating a Curve,30,No,2017,FORD,ESCAPE,39.22048239,-77.42419562,2025,10,18
250048469,Property Damage Crash,10/28/2025 06:49:00 PM,GREENCASTLE RD,NA,Other,Clear,Dry,Medium,Traffic Control Signal,NONE DETECTED,No,No Apparent Injury,NA,Not Distracted,MD,Passenger Car,Accelerating,55,No,2019,TOYOTA,C-HR,39.095405,-76.93761867,2025,10,18
250048469,Property Damage Crash,10/28/2025 06:49:00 PM,GREENCASTLE RD,NA,Other,Clear,Dry,Medium,Traffic Control Signal,NONE DETECTED,Yes,No Apparent Injury,NA,Not Distracted,MD,Passenger Car,Accelerating,30,No,2016,TOYOTA,SCION IA,39.095405,-76.93761867,2025,10,18
250048460,Injury Crash,10/28/2025 06:09:00 PM,S FREDERICK RD,NA,Rear To Side,Cloudy,Dry,Medium,Traffic Control Signal,NONE DETECTED,Yes,No Apparent Injury,NA,Unknown,MD,Passenger Car,NA,35,No,2005,CHEVROLET,EXPRESS,39.13590004,-77.19211467,2025,10,18
250048460,Injury Crash,10/28/2025 06:09:00 PM,S FREDERICK RD,NA,Rear To Side,Cloudy,Dry,Medium,Traffic Control Signal,NONE DETECTED,No,Possible Minor Injury,NA,Unknown,MD,Passenger Car,NA,35,No,2019,DODGE,CHALLENGER,39.13590004,-77.19211467,2025,10,18
250048452,Property Damage Crash,10/28/2025 05:32:00 PM,NA,NA,Front to Rear,Cloudy,Dry,Daylight,No Controls,NONE DETECTED,Yes,No Apparent Injury,"Followed Too Closely, Operated Motor Vehicle in Inattentive, Careless, Negligent, or Erratic Manner","Other Action (looking away from task, etc.)",MD,Passenger Car,Moving Constant Speed,30,No,2018,KIA,FORTE,39.0133545,-77.090341,2025,10,17
250048452,Property Damage Crash,10/28/2025 05:32:00 PM,NA,NA,Front to Rear,Cloudy,Dry,Daylight,No Controls,NONE DETECTED,No,No Apparent Injury,NA,Not Distracted,MD,Sport Utility Vehicle,Slowing or Stopping,30,No,2017,JEEP,WRANGLER,39.0133545,-77.090341,2025,10,17
250048454,Property Damage Crash,10/28/2025 05:23:00 PM,MEADOW LA,NA,"Sideswipe, Same Direction",Clear,Dry,Daylight,No Controls,NONE DETECTED,Yes,No Apparent Injury,Other Improper Action,Unknown,DC,Passenger Car,Accelerating,25,No,2018,TESLA,MODEL 3,38.97857043,-77.07819484,2025,10,17
250048438,Property Damage Crash,10/28/2025 04:45:00 PM,JUSTICE RD,NA,Angle,Clear,Dry,Daylight,No Controls,NONE DETECTED,Yes,No Apparent Injury,Failed to Yield Right-of-Way,Not Distracted,MD,Passenger Car,Turning Right,30,No,2004,TOYOTA,PRIUS,39.077514,-77.091306,2025,10,16
250048438,Property Damage Crash,10/28/2025 04:45:00 PM,JUSTICE RD,NA,Angle,Clear,Dry,Daylight,No Controls,NONE DETECTED,Yes,No Apparent Injury,Too Fast For Conditions,Not Distracted,MD,Motorcycle - 2 Wheeled,Moving Constant Speed,30,No,2010,YAMAHA,PW80,39.077514,-77.091306,2025,10,16
250048423,Property Damage Crash,10/28/2025 03:16:00 PM,PINEY BRANCH RD,NA,"Sideswipe, Same Direction",Cloudy,Dry,Daylight,No Controls,NONE DETECTED,No,No Apparent Injury,NA,Not Distracted,MD,Bus - School,Stopped in Traffic,35,No,2015,FREIGHTLINER,B2 BUS CHASSIS,38.99841581,-77.00037248,2025,10,15
250048423,Property Damage Crash,10/28/2025 03:16:00 PM,PINEY BRANCH RD,NA,"Sideswipe, Same Direction",Cloudy,Dry,Daylight,No Controls,NONE DETECTED,Yes,No Apparent Injury,Failed to Yield Right-of-Way,Not Distracted,MD,Bus - Transit,Changing Lanes,35,No,2024,GILLIG,LOW FLOOR BUS,38.99841581,-77.00037248,2025,10,15
250048418,Property Damage Crash,10/28/2025 03:00:00 PM,NA,NA,Front to Front,Cloudy,NA,Daylight,NA,NONE DETECTED,Yes,No Apparent Injury,NA,Not Distracted,MD,Van - Cargo,Turning Left,0,No,2014,RAM,PROMASTER 1500,39.06548506,-77.15957106,2025,10,15
250048415,Injury Crash,10/28/2025 02:45:00 PM,NA,NA,Other,Clear,Dry,Daylight,Traffic Control Signal,NONE DETECTED,No,Possible Minor Injury,Ran Red Light,Unknown,GA,Passenger Car,Moving Constant Speed,30,No,2013,NISSAN,ALTIMA,39.148473,-77.20715833,2025,10,14
250048415,Injury Crash,10/28/2025 02:45:00 PM,NA,NA,Other,Clear,Dry,Daylight,Traffic Control Signal,NONE DETECTED,No,No Apparent Injury,Ran Red Light,Unknown,MD,Sport Utility Vehicle,Turning Left,30,No,2023,HYUNDAI,SANTA FE,39.148473,-77.20715833,2025,10,14
250048417,Injury Crash,10/28/2025 02:43:00 PM,NA,NA,Front to Rear,Clear,Dry,Daylight,No Controls,NONE DETECTED,No,No Apparent Injury,NA,Not Distracted,MD,Passenger Car,Slowing or Stopping,45,No,2020,HYUNDAI,SONATA,39.15490953,-77.25841199,2025,10,14
250048417,Injury Crash,10/28/2025 02:43:00 PM,NA,NA,Front to Rear,Clear,Dry,Daylight,No Controls,NONE DETECTED,No,No Apparent Injury,NA,Not Distracted,MD,Passenger Car,Stopped in Traffic,45,No,2011,NISSAN,ALTIMA,39.15490953,-77.25841199,2025,10,14
250048417,Injury Crash,10/28/2025 02:43:00 PM,NA,NA,Front to Rear,Clear,Dry,Daylight,No Controls,NONE DETECTED,Yes,No Apparent Injury,NA,Unknown,MD,Passenger Car,Moving Constant Speed,45,No,2013,FORD,FOCUS,39.15490953,-77.25841199,2025,10,14
250028421,Property Damage Crash,10/28/2025 02:30:00 PM,NA,NA,Angle,Cloudy,NA,Daylight,NA,NONE DETECTED,No,No Apparent Injury,NA,Not Distracted,MD,Passenger Car,Parked,0,No,2024,HYUNDAI,ELANTRA,39.06270891,-77.12975821,2025,10,14
250028421,Property Damage Crash,10/28/2025 02:30:00 PM,NA,NA,Angle,Cloudy,NA,Daylight,NA,NONE DETECTED,Yes,No Apparent Injury,NA,Unknown,OR,Passenger Car,Leaving Traffic Lane,0,No,2007,HONDA,CIVIC,39.06270891,-77.12975821,2025,10,14
250048410,Injury Crash,10/28/2025 02:21:00 PM,FREDERICK RD,NA,Front to Rear,Clear,Dry,Daylight,Traffic Control Signal,NONE DETECTED,No,No Apparent Injury,NA,Unknown,MD,Passenger Car,Moving Constant Speed,35,No,2002,FORD,E-150,39.15935645,-77.21929034,2025,10,14
250048410,Injury Crash,10/28/2025 02:21:00 PM,FREDERICK RD,NA,Front to Rear,Clear,Dry,Daylight,Traffic Control Signal,NONE DETECTED,No,Possible Minor Injury,NA,Unknown,MD,Passenger Car,Stopped in Traffic,35,No,2013,CHRYSLER,200,39.15935645,-77.21929034,2025,10,14
250048416,Property Damage Crash,10/28/2025 02:20:00 PM,NA,NA,Other,Cloudy,NA,Daylight,NA,NONE DETECTED,No,No Apparent Injury,NA,Not Distracted,MD,Passenger Car,Parked,0,No,2025,HYUNDAI,SONATA,39.04636373,-77.11285055,2025,10,14
250048416,Property Damage Crash,10/28/2025 02:20:00 PM,NA,NA,Other,Cloudy,NA,Daylight,NA,NONE DETECTED,No,No Apparent Injury,NA,NA,NA,Passenger Car,Backing,0,No,2014,HYUNDAI,ELANTRA,39.04636373,-77.11285055,2025,10,14
250048404,Property Damage Crash,10/28/2025 01:46:00 PM,NA,NA,Front to Rear,Clear,Dry,Daylight,No Controls,NONE DETECTED,Yes,No Apparent Injury,"Followed Too Closely, Other Improper Action","Other Action (looking away from task, etc.)",VA,Other Trucks,Moving Constant Speed,40,No,2014,FREIGHTLINER,M2,39.27171303,-77.30792334,2025,10,13
250048404,Property Damage Crash,10/28/2025 01:46:00 PM,NA,NA,Front to Rear,Clear,Dry,Daylight,No Controls,NONE DETECTED,No,No Apparent Injury,NA,Not Distracted,MD,Passenger Car,Stopped in Traffic,40,No,2020,HYUNDAI,ELANTRA,39.27171303,-77.30792334,2025,10,13
250048404,Property Damage Crash,10/28/2025 01:46:00 PM,NA,NA,Front to Rear,Clear,Dry,Daylight,No Controls,NONE DETECTED,No,No Apparent Injury,NA,Not Distracted,MD,Passenger Car,Stopped in Traffic,40,No,2025,HONDA,PILOT,39.27171303,-77.30792334,2025,10,13
250048396,Property Damage Crash,10/28/2025 01:00:00 PM,NEW HAMPSHIRE AVE (SB/L),NA,"Sideswipe, Same Direction",Clear,Dry,Daylight,No Controls,NONE DETECTED,No,No Apparent Injury,NA,Not Distracted,MD,Pickup,Moving Constant Speed,40,No,2009,TOYOTA,TACOMA,39.04293582,-76.99185548,2025,10,13
250048396,Property Damage Crash,10/28/2025 01:00:00 PM,NEW HAMPSHIRE AVE (SB/L),NA,"Sideswipe, Same Direction",Clear,Dry,Daylight,No Controls,NONE DETECTED,No,No Apparent Injury,"Operated Motor Vehicle in Inattentive, Careless, Negligent, or Erratic Manner",Unknown,NA,Passenger Car,Changing Lanes,40,No,2019,HYUNDAI,SANTA FE,39.04293582,-76.99185548,2025,10,13
250048385,Injury Crash,10/28/2025 12:50:00 PM,CONNECTICUT AVE,NA,Front to Rear,Cloudy,Dry,Daylight,Yield Sign,NONE DETECTED,Yes,No Apparent Injury,Followed Too Closely,Not Distracted,MD,Pickup,Accelerating,35,No,2021,JEEP,GLADIATOR,39.05187407,-77.07460293,2025,10,12
250048385,Injury Crash,10/28/2025 12:50:00 PM,CONNECTICUT AVE,NA,Front to Rear,Cloudy,Dry,Daylight,Yield Sign,NONE DETECTED,No,Possible Minor Injury,NA,Not Distracted,MD,Passenger Car,Slowing or Stopping,35,No,2012,BUICK,VERANO,39.05187407,-77.07460293,2025,10,12
250048393,Property Damage Crash,10/28/2025 12:10:00 PM,NA,NA,Angle,Clear,NA,Daylight,NA,NONE DETECTED,Yes,No Apparent Injury,Failed to Yield Right-of-Way,Unknown,MD,Passenger Car,Accelerating,0,No,2022,HONDA,CIVIC,39.17987995,-77.26921815,2025,10,12
250048393,Property Damage Crash,10/28/2025 12:10:00 PM,NA,NA,Angle,Clear,NA,Daylight,NA,NONE DETECTED,No,No Apparent Injury,NA,Not Distracted,MD,Sport Utility Vehicle,Moving Constant Speed,0,No,2023,HYUNDAI,KONA,39.17987995,-77.26921815,2025,10,12
250048360,Property Damage Crash,10/28/2025 09:02:00 AM,BETHESDA AVE,NA,Other,Clear,Dry,Daylight,No Controls,NONE DETECTED,No,No Apparent Injury,NA,Not Distracted,VA,Single-Unit Truck,Backing,25,No,2016,HINO,CONVENTIONAL TYPE TRUCK,38.98092677,-77.09590416,2025,10,9
250048352,Injury Crash,10/28/2025 08:45:00 AM,CENTURY BLVD (SB/L),NA,Angle,Clear,Dry,Daylight,No Controls,NONE DETECTED,No,Possible Minor Injury,NA,Not Distracted,MD,Sport Utility Vehicle,Moving Constant Speed,35,No,2020,FORD,TRANSIT CONNECT,39.19214487,-77.2654854,2025,10,8
250048352,Injury Crash,10/28/2025 08:45:00 AM,CENTURY BLVD (SB/L),NA,Angle,Clear,Dry,Daylight,Stop Sign,NONE DETECTED,Yes,No Apparent Injury,Failed to Yield Right-of-Way,Unknown,MD,Sport Utility Vehicle,Accelerating,10,No,2020,MAZDA,CX-5,39.19214487,-77.2654854,2025,10,8
250048351,Property Damage Crash,10/28/2025 08:15:00 AM,NEWCUT RD,NA,Single Vehicle,Clear,Dry,Daylight,No Controls,NONE DETECTED,Yes,No Apparent Injury,"Swerved or Avoided Due to Wind, Slippery Surface, Motor Vehicle, Object, Non-Motorist in Roadway, etc",Not Distracted,MD,Bus - School,Moving Constant Speed,10,No,2022,FREIGHTLINER,B2 BUS CHASSIS,39.22217167,-77.25667,2025,10,8
250048350,Injury Crash,10/28/2025 08:07:00 AM,METRO ENT,NA,Front to Front,Clear,Dry,Daylight,Traffic Control Signal,NONE DETECTED,No,Possible Minor Injury,NA,Unknown,VA,Passenger Car,Turning Left,35,No,2019,HONDA,CR-V,39.11733904,-77.16894777,2025,10,8
250048350,Injury Crash,10/28/2025 08:07:00 AM,METRO ENT,NA,Front to Front,Clear,Dry,Daylight,Traffic Control Signal,NONE DETECTED,No,No Apparent Injury,NA,Unknown,MD,Passenger Car,Moving Constant Speed,35,No,2023,KIA,SOUL,39.11733904,-77.16894777,2025,10,8
250048348,Property Damage Crash,10/28/2025 08:00:00 AM,REDLAND BLVD,NA,"Sideswipe, Opposite Direction",Clear,Dry,Medium,Traffic Control Signal,NONE DETECTED,No,No Apparent Injury,NA,Not Distracted,MD,Passenger Car,Moving Constant Speed,40,No,2017,KIA,FORTE,39.11558696,-77.16622014,2025,10,8
250048348,Property Damage Crash,10/28/2025 08:00:00 AM,REDLAND BLVD,NA,"Sideswipe, Opposite Direction",Clear,Dry,Medium,Traffic Control Signal,NONE DETECTED,Yes,No Apparent Injury,Failed to Yield Right-of-Way,Not Distracted,MD,Sport Utility Vehicle,Making U-Turn,40,No,2023,RIVIAN,R1S,39.11558696,-77.16622014,2025,10,8
250047589,Property Damage Crash,10/28/2025 07:04:00 AM,RIDGE RD,NA,Single Vehicle,Clear,Dry,Daylight,No Controls,NONE DETECTED,Yes,No Apparent Injury,"Swerved or Avoided Due to Wind, Slippery Surface, Motor Vehicle, Object, Non-Motorist in Roadway, etc",Unknown,MD,Van - Passenger (&lt;9 Seats),Moving Constant Speed,40,No,2016,CHRYSLER,TOWN AND COUNTRY,39.24582729,-77.23424705,2025,10,7
250048344,Injury Crash,10/28/2025 06:00:00 AM,EDUCATION BLVD,Pedestrian,Single Vehicle,Clear,Dry,Medium,Traffic Control Signal,NONE DETECTED,Yes,No Apparent Injury,NA,Not Distracted,MD,Passenger Car,Turning Left,35,No,2005,JEEP,WRANGLER,39.13604317,-77.192508,2025,10,6
250048340,Injury Crash,10/28/2025 01:23:00 AM,NA,NA,Single Vehicle,Clear,Dry,Medium,Traffic Control Signal,NONE DETECTED,Yes,Possible Minor Injury,NA,Unknown,MD,Moped Or motorized bicycle,NA,30,No,2023,JIAJUE,JJ150T-16A,39.1493003,-77.01233248,2025,10,1
250048332,Injury Crash,10/28/2025 12:27:00 AM,VIOLETTES LOCK RD,NA,Single Vehicle,Clear,Dry,Dark,No Controls,NONE DETECTED,No,Possible Minor Injury,"Ran Off Roadway, Too Fast For Conditions",Not Distracted,VA,Sport Utility Vehicle,Moving Constant Speed,25,No,2019,VOLKSWAGEN,ATLAS,39.06764883,-77.329205,2025,10,0
250048321,Property Damage Crash,10/27/2025 09:35:00 PM,MCKNEW RD,NA,Front to Rear,Clear,Dry,Dark,Traffic Control Signal,NONE DETECTED,Yes,No Apparent Injury,Other Improper Action,Not Distracted,MD,Passenger Car,Slowing or Stopping,25,No,2014,HONDA,ODYSSEY,39.10620907,-76.91871367,2025,10,21
250048321,Property Damage Crash,10/27/2025 09:35:00 PM,MCKNEW RD,NA,Front to Rear,Clear,Dry,Dark,Traffic Control Signal,NONE DETECTED,No,No Apparent Injury,NA,Not Distracted,MD,Passenger Car,Stopped in Traffic,25,No,2023,KIA,NIRO,39.10620907,-76.91871367,2025,10,21
250048307,Property Damage Crash,10/27/2025 07:22:00 PM,EAST WEST HWY,NA,Front to Rear,Clear,Dry,Medium,No Controls,NONE DETECTED,No,No Apparent Injury,NA,Not Distracted,MD,Sport Utility Vehicle,Slowing or Stopping,35,No,2023,TOYOTA,HIGHLANDER,38.9886131,-77.07383165,2025,10,19
250048307,Property Damage Crash,10/27/2025 07:22:00 PM,EAST WEST HWY,NA,Front to Rear,Clear,Dry,Medium,No Controls,NONE DETECTED,Yes,No Apparent Injury,NA,Unknown,MD,Sport Utility Vehicle,Moving Constant Speed,35,No,2013,TOYOTA,RAV4,38.9886131,-77.07383165,2025,10,19
250048389,Injury Crash,10/27/2025 07:15:00 PM,ARLINGTON RD,Cyclist (non-electric),Single Vehicle,Clear,Dry,Medium,No Controls,NONE DETECTED,Yes,No Apparent Injury,"Failed to Yield Right-of-Way, Operated Motor Vehicle in Inattentive, Careless, Negligent, or Erratic Manner",Unknown,FL,Passenger Car,Entering Traffic Lane,5,No,2011,NISSAN,MAXIMA,38.98011882,-77.09832152,2025,10,19