Local Case Number,ACRS Report Type,Crash Date/Time,Road Name,Related Non-Motorist,Collision Type,Weather,Surface Condition,Light,Traffic Control,Driver Substance Abuse,Driver At Fault,Injury Severity,Circumstance,Driver Distracted By,Drivers License State,Vehicle Body Type,Vehicle Movement,Speed Limit,Driverless Vehicle,Vehicle Year,Vehicle Make,Vehicle Model,Latitude,Longitude,Year,Month,Hour
250048281,Injury Crash,10/27/2025 05:28:00 PM,RAMP 7 FR MD 117 WB TO RAMP 6 (TO IS270),NA,Front to Rear,Clear,Dry,Daylight,No Controls,NONE DETECTED,No,No Apparent Injury,NA,Not Distracted,MD,Passenger Car,NA,25,No,2017,FORD,ESCAPE,39.14052809,-77.21426256,2025,10,17
250048281,Injury Crash,10/27/2025 05:28:00 PM,RAMP 7 FR MD 117 WB TO RAMP 6 (TO IS270),NA,Front to Rear,Clear,Dry,Daylight,No Controls,NONE DETECTED,Yes,No Apparent Injury,NA,Unknown,MD,Passenger Car,NA,25,No,2018,HONDA,ODYSSEY,39.14052809,-77.21426256,2025,10,17
250048277,Injury Crash,10/27/2025 04:39:00 PM,RAMP 3 FR MD 109 EB TO RAMP 2 (TO IS270),NA,Front to Front,Clear,Dry,Daylight,No Controls,NONE DETECTED,No,Possible Minor Injury,NA,Not Distracted,MD,Passenger Car,Moving Constant Speed,30,No,2003,HONDA,ACCORD,39.27848083,-77.322331,2025,10,16
250048277,Injury Crash,10/27/2025 04:39:00 PM,RAMP 3 FR MD 109 EB TO RAMP 2 (TO IS270),NA,Front to Front,Clear,Dry,Daylight,No Controls,NONE DETECTED,Yes,No Apparent Injury,Failed to Yield Right-of-Way,Unknown,PA,Pickup,Accelerating,30,No,2024,GMC,SIERRA HD,39.27848083,-77.322331,2025,10,16
25002296,Injury Crash,10/27/2025 04:22:00 PM,NA,NA,Single Vehicle,Clear,Dry,Daylight,No Controls,NONE DETECTED,No,Suspected Serious Injury,NA,Unknown,NA,Moped Or motorized bicycle,Moving Constant Speed,30,No,2025,ZHILONG,CLICK,38.95937402,-77.10479543,2025,10,16
250048290,Property Damage Crash,10/27/2025 04:19:00 PM,OTTER COVE CT,NA,"Sideswipe, Opposite Direction",Clear,Dry,Daylight,No Controls,NONE DETECTED,No,No Apparent Injury,NA,NA,NA,Van - Cargo,Turning Right,15,No,0,NA,NA,39.18693733,-77.159293,2025,10,16
250048259,Property Damage Crash,10/27/2025 03:45:00 PM,GLENALLAN AVE,NA,Front to Rear,Clear,Dry,Daylight,No Controls,NONE DETECTED,No,No Apparent Injury,NA,Not Distracted,MD,Passenger Car,Slowing or Stopping,25,No,2023,TOYOTA,HIGHLANDER,39.0602685,-77.04428467,2025,10,15
250048259,Property Damage Crash,10/27/2025 03:45:00 PM,GLENALLAN AVE,NA,Front to Rear,Clear,Dry,Daylight,No Controls,NONE DETECTED,Yes,No Apparent Injury,NA,Not Distracted,MD,Passenger Car,Stopped in Traffic,25,No,2007,CADILLAC,CTS,39.0602685,-77.04428467,2025,10,15
250048257,Property Damage Crash,10/27/2025 03:27:00 PM,HENDERSON CORNER RD (NB/L),NA,Angle,Clear,Dry,Daylight,Stop Sign,NONE DETECTED,Yes,No Apparent Injury,Ran Stop Sign,Unknown,MD,Passenger Car,Moving Constant Speed,15,No,2014,TOYOTA,RAV4,39.20349352,-77.24417306,2025,10,15
250048257,Property Damage Crash,10/27/2025 03:27:00 PM,HENDERSON CORNER RD (NB/L),NA,Angle,Clear,Dry,Daylight,Stop Sign,NONE DETECTED,No,No Apparent Injury,NA,Not Distracted,MD,Passenger Car,Turning Left,15,No,2018,TESLA,MODEL S,39.20349352,-77.24417306,2025,10,15
250048251,Injury Crash,10/27/2025 03:22:00 PM,NA,Pedestrian,Single Vehicle,Clear,Dry,Daylight,Stop Sign,NONE DETECTED,Yes,No Apparent Injury,"Operated Motor Vehicle in Inattentive, Careless, Negligent, or Erratic Manner",Unknown,MD,Passenger Car,Turning Left,35,No,2014,FORD,FUSION,39.17610442,-77.20981042,2025,10,15
250048248,Property Damage Crash,10/27/2025 03:08:00 PM,NA,NA,"Sideswipe, Same Direction",Clear,Dry,Daylight,No Controls,NONE DETECTED,Yes,No Apparent Injury,Improper Passing,Not Distracted,VA,Passenger Car,Entering Traffic Lane,35,No,2010,TOYOTA,PRIUS,39.15478633,-77.15476024,2025,10,15
250048248,Property Damage Crash,10/27/2025 03:08:00 PM,NA,NA,"Sideswipe, Same Direction",Clear,Dry,Daylight,No Controls,NONE DETECTED,No,No Apparent Injury,NA,Not Distracted,MD,Passenger Car,Moving Constant Speed,35,No,2022,HYUNDAI,ACCENT,39.15478633,-77.15476024,2025,10,15
250048252,Property Damage Crash,10/27/2025 03:05:00 PM,FLEET ST,NA,"Sideswipe, Same Direction",Clear,Dry,Daylight,No Controls,NONE DETECTED,No,No Apparent Injury,NA,NA,NA,Passenger Car,Changing Lanes,30,No,2018,TOYOTA,TUNDRA,39.08080712,-77.15023575,2025,10,15
250048252,Property Damage Crash,10/27/2025 03:05:00 PM,FLEET ST,NA,"Sideswipe, Same Direction",Clear,Dry,Daylight,No Controls,NONE DETECTED,No,No Apparent Injury,NA,Not Distracted,MD,Passenger Car,Stopped in Traffic,30,No,2024,HYUNDAI,TUCSON,39.08080712,-77.15023575,2025,10,15
250048266,Property Damage Crash,10/27/2025 03:01:00 PM,CLUB HOUSE RD,NA,Front to Front,Clear,Dry,Daylight,Traffic Control Signal,ALCOHOL PRESENT,Yes,No Apparent Injury,"Followed Too Closely, Improper Passing, Operated Motor Vehicle in Inattentive, Careless, Negligent, or Erratic Manner",Unknown,MD,Passenger Car,Accelerating,35,No,2004,LEXUS,ES,39.17418728,-77.20739969,2025,10,15
250048266,Property Damage Crash,10/27/2025 03:01:00 PM,CLUB HOUSE RD,NA,Front to Front,Clear,Dry,Daylight,Traffic Control Signal,NONE DETECTED,No,No Apparent Injury,NA,Not Distracted,MD,Sport Utility Vehicle,Stopped in Traffic,35,No,2012,HYUNDAI,SANTA FE,39.17418728,-77.20739969,2025,10,15
250048260,Property Damage Crash,10/27/2025 03:00:00 PM,CLUB HOUSE RD,NA,Front to Rear,Clear,Dry,Daylight,Traffic Control Signal,NONE DETECTED,No,No Apparent Injury,NA,Not Distracted,MD,Passenger Car,Stopped in Traffic,35,No,2012,NISSAN,SENTRA,39.17459313,-77.20379685,2025,10,15
250048260,Property Damage Crash,10/27/2025 03:00:00 PM,CLUB HOUSE RD,NA,Front to Rear,Clear,Dry,Daylight,Traffic Control Signal,ALCOHOL PRESENT,Yes,No Apparent Injury,"Followed Too Closely, Operated Motor Vehicle in Inattentive, Careless, Negligent, or Erratic Manner",Unknown,MD,Passenger Car,Stopped in Traffic,35,No,2004,LEXUS,ES,39.17459313,-77.20379685,2025,10,15
250048241,Injury Crash,10/27/2025 02:53:00 PM,MIDDLEBROOK RD (WB/L),Pedestrian,Single Vehicle,Clear,Dry,Daylight,Stop Sign,NONE DETECTED,No,NA,"Operated Motor Vehicle in Inattentive, Careless, Negligent, or Erratic Manner",Unknown,NA,Unknown,Turning Right,15,No,0,NA,NA,39.1816672,-77.23425146,2025,10,14
250048268,Property Damage Crash,10/27/2025 02:50:00 PM,NA,NA,Angle,Clear,NA,Daylight,NA,NONE DETECTED,Yes,No Apparent Injury,"Failed to Yield Right-of-Way, Improper Backing",Not Distracted,MD,Passenger Car,Backing,0,No,2018,FORD,ESCAPE,39.02475504,-77.12482433,2025,10,14
250048268,Property Damage Crash,10/27/2025 02:50:00 PM,NA,NA,Angle,Clear,NA,Daylight,NA,NONE DETECTED,No,No Apparent Injury,NA,Not Distracted,MD,Passenger Car,Moving Constant Speed,0,No,2016,TOYOTA,RAV4,39.02475504,-77.12482433,2025,10,14
250048235,Property Damage Crash,10/27/2025 02:15:00 PM,SNOUFFERS SCHOOL RD,NA,Front to Rear,Clear,Dry,Daylight,No Controls,NONE DETECTED,No,No Apparent Injury,NA,Not Distracted,MD,Passenger Car,Slowing or Stopping,40,No,2023,NISSAN,ROGUE,39.18729717,-77.18598906,2025,10,14
250048235,Property Damage Crash,10/27/2025 02:15:00 PM,SNOUFFERS SCHOOL RD,NA,Front to Rear,Clear,Dry,Daylight,No Controls,NONE DETECTED,Yes,No Apparent Injury,Followed Too Closely,Not Distracted,MD,Passenger Car,Slowing or Stopping,40,No,2005,TOYOTA,SIENNA,39.18729717,-77.18598906,2025,10,14
250048229,Injury Crash,10/27/2025 02:00:00 PM,QUINCE ORCHARD RD (SB/L),NA,Front to Front,Clear,Dry,Daylight,Traffic Control Signal,NONE DETECTED,Yes,Possible Minor Injury,Ran Red Light,Unknown,MD,Passenger Car,Turning Left,35,No,2017,MERCEDES-BENZ,E-CLASS,39.14256,-77.22070617,2025,10,14
250048229,Injury Crash,10/27/2025 02:00:00 PM,QUINCE ORCHARD RD (SB/L),NA,Front to Front,Clear,Dry,Daylight,Traffic Control Signal,NONE DETECTED,No,Possible Minor Injury,NA,Unknown,MD,Passenger Car,Moving Constant Speed,35,No,2007,BUICK,LACROSSE,39.14256,-77.22070617,2025,10,14
250048230,Property Damage Crash,10/27/2025 01:52:00 PM,ROCKVILLE PIKE,NA,Angle,Clear,Dry,Daylight,Traffic Control Signal,NONE DETECTED,No,No Apparent Injury,NA,Not Distracted,TX,Van - Passenger (&lt;9 Seats),Moving Constant Speed,35,No,1997,GMC,SAVANA,39.06188159,-77.12390021,2025,10,13
250048230,Property Damage Crash,10/27/2025 01:52:00 PM,ROCKVILLE PIKE,NA,Angle,Clear,Dry,Daylight,Traffic Control Signal,NONE DETECTED,Yes,No Apparent Injury,NA,Unknown,MD,Passenger Car,Turning Left,35,No,2010,FORD,FUSION,39.06188159,-77.12390021,2025,10,13
250048468,Property Damage Crash,10/27/2025 01:00:00 PM,NA,NA,Other,Clear,NA,Daylight,NA,NONE DETECTED,No,NA,NA,NA,NA,Passenger Car,Backing,0,No,2021,TOYOTA,CAMRY,39.0492069,-76.9568218,2025,10,13
250048212,Injury Crash,10/27/2025 12:23:00 PM,NA,Pedestrian,Single Vehicle,Clear,NA,Daylight,NA,NONE DETECTED,No,No Apparent Injury,NA,Not Distracted,MD,Passenger Car,Moving Constant Speed,0,No,2025,TOYOTA,RAV4 PRIME,39.05787474,-76.95592392,2025,10,12
250048207,Property Damage Crash,10/27/2025 12:01:00 PM,NA,NA,Single Vehicle,Clear,Dry,Daylight,No Controls,NONE DETECTED,Yes,No Apparent Injury,"Failed to Keep in Proper Lane, Other Improper Action",Unknown,MD,Passenger Car,Moving Constant Speed,40,No,2011,HONDA,RIDGELINE,39.20291317,-77.1380645,2025,10,12
250048200,Injury Crash,10/27/2025 11:34:00 AM,NA,Pedestrian,Single Vehicle,Clear,NA,Daylight,NA,NONE DETECTED,Yes,No Apparent Injury,NA,Not Distracted,DC,Other Trucks,Turning Left,0,No,2007,KENWORTH,T8 SERIES,39.12733288,-77.16309015,2025,10,11
250048194,Injury Crash,10/27/2025 11:10:00 AM,GEORGIA AVE,Pedestrian,Single Vehicle,Clear,Dry,Daylight,No Controls,NONE DETECTED,No,No Apparent Injury,NA,Not Distracted,DC,Passenger Car,Turning Right,30,No,2008,MAZDA,MAZDA6,38.99297265,-77.02656017,2025,10,11
250048187,Property Damage Crash,10/27/2025 10:32:00 AM,LOCKWOOD DR,NA,"Sideswipe, Same Direction",Clear,Dry,Daylight,Traffic Control Signal,NONE DETECTED,No,No Apparent Injury,NA,Not Distracted,MD,Bus - Transit,Turning Left,35,No,2020,NOVABUS,LFS ARTICULATED,39.03381911,-77.00233747,2025,10,10
250048187,Property Damage Crash,10/27/2025 10:32:00 AM,LOCKWOOD DR,NA,"Sideswipe, Same Direction",Clear,Dry,Daylight,Traffic Control Signal,NONE DETECTED,No,No Apparent Injury,NA,Not Distracted,MD,Passenger Car,Turning Left,35,No,2026,HONDA,CR-V,39.03381911,-77.00233747,2025,10,10
250048182,Property Damage Crash,10/27/2025 10:30:00 AM,CENTURY BLVD,NA,"Sideswipe, Same Direction",Clear,Dry,Daylight,No Controls,NONE DETECTED,No,No Apparent Injury,NA,Not Distracted,MD,Passenger Car,Moving Constant Speed,20,No,2022,HONDA,ACCORD,39.18362064,-77.26200946,2025,10,10
250048182,Property Damage Crash,10/27/2025 10:30:00 AM,CENTURY BLVD,NA,"Sideswipe, Same Direction",Clear,Dry,Daylight,No Controls,NONE DETECTED,Yes,No Apparent Injury,Failed to Keep in Proper Lane,Not Distracted,DC,Bus - Transit,Accelerating,20,No,2013,GILLIG,CITY TRANSIT BUS,39.18362064,-77.26200946,2025,10,10
250048176,Property Damage Crash,10/27/2025 09:48:00 AM,NA,NA,"Sideswipe, Same Direction",Clear,Dry,Daylight,No Controls,NONE DETECTED,No,No Apparent Injury,NA,Not Distracted,MD,Passenger Car,Moving Constant Speed,35,No,2022,HONDA,CIVIC,39.00522534,-77.02289892,2025,10,9
250048176,Property Damage Crash,10/27/2025 09:48:00 AM,NA,NA,"Sideswipe, Same Direction",Clear,Dry,Daylight,No Controls,NONE DETECTED,Yes,No Apparent Injury,NA,Unknown,MD,Passenger Car,Changing Lanes,35,No,2015,TOYOTA,RAV4,39.00522534,-77.02289892,2025,10,9
250048179,Property Damage Crash,10/27/2025 09:48:00 AM,TUCKERMAN LA,NA,Single Vehicle,Clear,Dry,Daylight,Traffic Control Signal,NONE DETECTED,No,No Apparent Injury,NA,Not Distracted,MD,Passenger Car,Slowing or Stopping,35,No,2025,HONDA,CR-V,39.03457972,-77.12477751,2025,10,9
250048305,Property Damage Crash,10/27/2025 09:30:00 AM,NA,NA,"Sideswipe, Same Direction",Clear,NA,Daylight,NA,NONE DETECTED,No,NA,NA,NA,NA,Passenger Car,Backing,0,No,2026,RIVIAN,R1S,38.98142988,-77.09414266,2025,10,9
250048347,Property Damage Crash,10/27/2025 09:20:00 AM,FREDERICK RD (SB/L),NA,Single Vehicle,Clear,Dry,Daylight,Traffic Control Signal,NONE DETECTED,Yes,No Apparent Injury,Improper Turn,Not Distracted,MD,Pickup,Making U-Turn,35,No,2018,CHEVROLET,SILVERADO,39.10661996,-77.15855547,2025,10,9
250048168,Property Damage Crash,10/27/2025 09:10:00 AM,COLESVILLE RD,NA,"Sideswipe, Same Direction",Clear,Dry,Daylight,Lane Use Control Signal,NONE DETECTED,No,No Apparent Injury,NA,Not Distracted,MD,Bus - School,Moving Constant Speed,35,No,2020,THOMAS BUILT,HDX,38.9999485,-77.02581633,2025,10,9
250048168,Property Damage Crash,10/27/2025 09:10:00 AM,COLESVILLE RD,NA,"Sideswipe, Same Direction",Clear,Dry,Daylight,Lane Use Control Signal,NONE DETECTED,No,No Apparent Injury,NA,Not Distracted,MD,Bus - Transit,Moving Constant Speed,35,No,2025,GILLIG,LOW FLOOR BUS,38.9999485,-77.02581633,2025,10,9
250048172,Property Damage Crash,10/27/2025 09:05:00 AM,GEORGIA AVE (SB/L),NA,"Sideswipe, Same Direction",Clear,Dry,Daylight,Traffic Control Signal,NONE DETECTED,No,No Apparent Injury,NA,Not Distracted,MD,Bus - School,Stopped in Traffic,35,No,2018,FREIGHTLINER,B2 BUS CHASSIS,39.02529642,-77.04617347,2025,10,9
250048172,Property Damage Crash,10/27/2025 09:05:00 AM,GEORGIA AVE (SB/L),NA,"Sideswipe, Same Direction",Clear,Dry,Daylight,Traffic Control Signal,NONE DETECTED,No,NA,NA,NA,NA,NA,Moving Constant Speed,35,No,0,NA,NA,39.02529642,-77.04617347,2025,10,9
250048164,Property Damage Crash,10/27/2025 08:45:00 AM,NA,NA,Front to Rear,Clear,Dry,Daylight,Traffic Control Signal,NONE DETECTED,No,No Apparent Injury,NA,Not Distracted,MD,Bus - School,Stopped in Traffic,40,No,2016,THOMAS BUILT,HDX,39.07947686,-76.9453054,2025,10,8
250048164,Property Damage Crash,10/27/2025 08:45:00 AM,NA,NA,Front to Rear,Clear,Dry,Daylight,Traffic Control Signal,NONE DETECTED,No,NA,"Followed Too Closely, Operated Motor Vehicle in Inattentive, Careless, Negligent, or Erratic Manner, Too Fast For Conditions",Unknown,NA,Passenger Car,Slowing or Stopping,40,No,0,NA,NA,39.07947686,-76.9453054,2025,10,8
250048161,Injury Crash,10/27/2025 08:06:00 AM,NA,Pedestrian,Single Vehicle,Clear,NA,Daylight,NA,NONE DETECTED,No,No Apparent Injury,NA,Not Distracted,MD,Passenger Car,Moving Constant Speed,0,No,2019,HONDA,FIT,39.02757946,-76.9916449,2025,10,8
250048160,Property Damage Crash,10/27/2025 08:00:00 AM,NA,NA,"Sideswipe, Same Direction",Clear,Dry,Daylight,Traffic Control Signal,NONE DETECTED,No,NA,NA,NA,NA,Passenger Car,NA,35,No,2014,FORD,F-150,39.08016177,-77.08044123,2025,10,8
250048160,Property Damage Crash,10/27/2025 08:00:00 AM,NA,NA,"Sideswipe, Same Direction",Clear,Dry,Daylight,Traffic Control Signal,NONE DETECTED,Yes,No Apparent Injury,Failed to Keep in Proper Lane,Unknown,MD,Bus - School,Turning Left,35,No,2016,THOMAS BUILT,HDX,39.08016177,-77.08044123,2025,10,8
250048156,Property Damage Crash,10/27/2025 07:51:00 AM,UNIVERSITY BLVD E (WB/L),NA,Angle,Clear,Dry,Daylight,Traffic Control Signal,NONE DETECTED,No,No Apparent Injury,NA,Not Distracted,NA,Passenger Car,Moving Constant Speed,35,No,2022,TOYOTA,RAV4,39.01602757,-77.00545401,2025,10,7
250048156,Property Damage Crash,10/27/2025 07:51:00 AM,UNIVERSITY BLVD E (WB/L),NA,Angle,Clear,Dry,Daylight,Traffic Control Signal,NONE DETECTED,No,No Apparent Injury,NA,Not Distracted,MD,Passenger Car,Turning Right,35,No,2012,CHRYSLER,TOWN AND COUNTRY,39.01602757,-77.00545401,2025,10,7
250048154,Property Damage Crash,10/27/2025 07:30:00 AM,COLESVILLE RD (WB/L),NA,Front to Rear,Clear,Dry,Daylight,Traffic Control Signal,NONE DETECTED,No,NA,NA,NA,NA,NA,NA,30,No,0,NA,NA,38.99484521,-77.03025969,2025,10,7
250048154,Property Damage Crash,10/27/2025 07:30:00 AM,COLESVILLE RD (WB/L),NA,Front to Rear,Clear,Dry,Daylight,Traffic Control Signal,NONE DETECTED,No,No Apparent Injury,NA,Not Distracted,MD,Passenger Car,Slowing or Stopping,30,No,2025,TOYOTA,CAMRY,38.99484521,-77.03025969,2025,10,7
250048152,Injury Crash,10/27/2025 07:20:00 AM,COLEFAIR DR,NA,Front to Rear,Clear,Dry,Daylight,No Controls,NONE DETECTED,No,Possible Minor Injury,NA,Not Distracted,MD,Passenger Car,Turning Left,30,No,2015,MITSUBISHI,OUTLANDER SPORT,39.07710976,-76.96793758,2025,10,7
250048152,Injury Crash,10/27/2025 07:20:00 AM,COLEFAIR DR,NA,Front to Rear,Clear,Dry,Daylight,No Controls,NONE DETECTED,Yes,Possible Minor Injury,NA,Unknown,MD,Passenger Car,Moving Constant Speed,30,No,2015,TOYOTA,PRIUS V,39.07710976,-76.96793758,2025,10,7
250048150,Injury Crash,10/27/2025 06:56:00 AM,E RANDOLPH RD (WB/L),NA,Angle,Clear,Dry,Medium,Traffic Control Signal,NONE DETECTED,No,Possible Minor Injury,NA,Not Distracted,MD,Sport Utility Vehicle,Moving Constant Speed,35,No,2024,MERCEDES-BENZ,GLB-CLASS,39.0755093,-76.99394114,2025,10,6
250048150,Injury Crash,10/27/2025 06:56:00 AM,E RANDOLPH RD (WB/L),NA,Angle,Clear,Dry,Medium,Traffic Control Signal,NONE DETECTED,Yes,No Apparent Injury,NA,Unknown,MD,Sport Utility Vehicle,Turning Left,35,No,2010,TOYOTA,VENZA,39.0755093,-76.99394114,2025,10,6
250048149,Injury Crash,10/27/2025 06:29:00 AM,OLD BALTIMORE RD,NA,Front to Front,Clear,Dry,Dark,Traffic Control Signal,NONE DETECTED,Yes,No Apparent Injury,Ran Red Light,Not Distracted,MD,Passenger Car,Entering Traffic Lane,30,No,2002,BMW,330XI,39.1465353,-77.05051937,2025,10,6
250048149,Injury Crash,10/27/2025 06:29:00 AM,OLD BALTIMORE RD,NA,Front to Front,Clear,Dry,Dark,Traffic Control Signal,NONE DETECTED,No,No Apparent Injury,NA,Not Distracted,MD,Sport Utility Vehicle,Stopped in Traffic,30,No,2005,JEEP,GRAND CHEROKEE,39.1465353,-77.05051937,2025,10,6
250048149,Injury Crash,10/27/2025 06:29:00 AM,OLD BALTIMORE RD,NA,Front to Front,Clear,Dry,Dark,Traffic Control Signal,NONE DETECTED,No,Possible Minor Injury,NA,Not Distracted,MD,Passenger Car,Moving Constant Speed,30,No,2011,SUBARU,LEGACY,39.1465353,-77.05051937,2025,10,6
250048147,Property Damage Crash,10/27/2025 05:50:00 AM,NA,NA,Single Vehicle,Cloudy,NA,Medium,NA,NONE DETECTED,No,No Apparent Injury,Improper Backing,Not Distracted,MD,Sport Utility Vehicle,Backing,0,No,2021,FORD,EXPLORER,39.15800527,-77.22382009,2025,10,5
250048122,Property Damage Crash,10/26/2025 07:15:00 PM,FRANKLIN AVE,NA,"Sideswipe, Same Direction",Clear,Dry,Medium,Traffic Control Signal,NONE DETECTED,Yes,NA,NA,NA,NA,NA,Turning Right,30,No,0,NA,NA,39.01031621,-77.00815264,2025,10,19
250048122,Property Damage Crash,10/26/2025 07:15:00 PM,FRANKLIN AVE,NA,"Sideswipe, Same Direction",Clear,Dry,Medium,Traffic Control Signal,NONE DETECTED,No,No Apparent Injury,NA,Not Distracted,VA,Passenger Car,Turning Right,30,No,2024,SUBARU,WRX,39.01031621,-77.00815264,2025,10,19
250048125,Injury Crash,10/26/2025 06:51:00 PM,AIRCRAFT DR,NA,Angle,Clear,Dry,Medium,Traffic Control Signal,NONE DETECTED,Yes,Suspected Serious Injury,NA,Unknown,MD,Passenger Car,Turning Left,45,No,2007,HONDA,ACCORD,39.18217567,-77.260338,2025,10,18
250048125,Injury Crash,10/26/2025 06:51:00 PM,AIRCRAFT DR,NA,Angle,Clear,Dry,Medium,Traffic Control Signal,NONE DETECTED,No,Possible Minor Injury,NA,Not Distracted,MD,Passenger Car,Accelerating,45,No,2007,BMW,335XI,39.18217567,-77.260338,2025,10,18
250048115,Property Damage Crash,10/26/2025 06:11:00 PM,OMEGA DR (SB/L),NA,Single Vehicle,Clear,Dry,Medium,No Controls,ALCOHOL PRESENT,Yes,No Apparent Injury,"Failed to Keep in Proper Lane, Improper Turn, Ran Off Roadway, Too Fast For Conditions","Manually Operating (dialing, playing game, etc.)",MD,Passenger Car,Negotiating a Curve,35,No,2022,TESLA,MODEL S,39.11095239,-77.19187169,2025,10,18
250048109,Injury Crash,10/26/2025 06:07:00 PM,NO NAME,Scooter (electric),Single Vehicle,Clear,Dry,Medium,Traffic Control Signal,NONE DETECTED,No,No Apparent Injury,NA,Not Distracted,MD,Passenger Car,Moving Constant Speed,30,No,2025,VOLKSWAGEN,TAOS,39.05190768,-77.07509392,2025,10,18
250048112,Property Damage Crash,10/26/2025 06:07:00 PM,NA,NA,"Sideswipe, Opposite Direction",Clear,NA,Medium,NA,ALCOHOL PRESENT,Yes,No Apparent Injury,Improper Turn,Unknown,MD,Sport Utility Vehicle,Turning Left,0,No,2025,CHEVROLET,TRAX,39.15987678,-77.19971503,2025,10,18
250048108,Property Damage Crash,10/26/2025 05:25:00 PM,HICKERSON DR,NA,Angle,Clear,Dry,Daylight,No Controls,NONE DETECTED,No,No Apparent Injury,NA,Not Distracted,NA,Passenger Car,Moving Constant Speed,25,No,2014,CHEVROLET,CAMARO,39.04223723,-77.05199415,2025,10,17
250048108,Property Damage Crash,10/26/2025 05:25:00 PM,HICKERSON DR,NA,Angle,Clear,Dry,Daylight,No Controls,NONE DETECTED,Yes,No Apparent Injury,NA,Not Distracted,NA,Passenger Car,Turning Left,25,No,2008,MERCEDES-BENZ,C-CLASS,39.04223723,-77.05199415,2025,10,17
250048100,Injury Crash,10/26/2025 04:44:00 PM,MUNCASTER MILL RD,NA,Angle,Clear,Dry,Daylight,Traffic Control Signal,NONE DETECTED,No,Possible Minor Injury,NA,Not Distracted,MD,Sport Utility Vehicle,Accelerating,35,No,2020,HONDA,PILOT,39.10901367,-77.0802959,2025,10,16
250048100,Injury Crash,10/26/2025 04:44:00 PM,MUNCASTER MILL RD,NA,Angle,Clear,Dry,Daylight,Traffic Control Signal,NONE DETECTED,Yes,Possible Minor Injury,Ran Red Light,Not Distracted,MD,Sport Utility Vehicle,Moving Constant Speed,35,No,1995,JEEP,CHEROKEE,39.10901367,-77.0802959,2025,10,16
250048095,Property Damage Crash,10/26/2025 04:08:00 PM,NA,NA,"Sideswipe, Same Direction",Clear,NA,Daylight,NA,NONE DETECTED,Yes,No Apparent Injury,Other Improper Action,Unknown,MD,Passenger Car,Accelerating,0,No,2013,TOYOTA,COROLLA,39.036278,-77.05643945,2025,10,16
250048096,Property Damage Crash,10/26/2025 03:44:00 PM,VEIRS MILL RD,NA,"Sideswipe, Same Direction",Clear,Dry,Daylight,No Controls,NONE DETECTED,No,NA,NA,NA,NA,Passenger Car,Moving Constant Speed,35,No,2010,FORD,E-450,39.0733485,-77.11192306,2025,10,15
250048096,Property Damage Crash,10/26/2025 03:44:00 PM,VEIRS MILL RD,NA,"Sideswipe, Same Direction",Clear,Dry,Daylight,No Controls,NONE DETECTED,No,No Apparent Injury,NA,Not Distracted,DC,Bus - Transit,Moving Constant Speed,35,No,2011,BUSSCAR,UNKNOWN,39.0733485,-77.11192306,2025,10,15
250048093,Property Damage Crash,10/26/2025 03:31:00 PM,GRAND PARK AVE,NA,Other,Clear,Dry,Daylight,No Controls,NONE DETECTED,No,No Apparent Injury,NA,Not Distracted,MD,Sport Utility Vehicle,Backing,25,No,2017,CHEVROLET,TAHOE,39.05024702,-77.11730611,2025,10,15
250048086,Injury Crash,10/26/2025 03:00:00 PM,MONTROSE PKWY (WB/L),NA,Single Vehicle,Clear,Dry,Daylight,Traffic Control Signal,NONE DETECTED,Yes,Possible Minor Injury,Failed to Keep in Proper Lane,Not Distracted,MD,Passenger Car,Moving Constant Speed,40,No,2025,MAZDA,CX-5,39.05189067,-77.11900583,2025,10,15