Local Case Number,ACRS Report Type,Crash Date/Time,Road Name,Related Non-Motorist,Collision Type,Weather,Surface Condition,Light,Traffic Control,Driver Substance Abuse,Driver At Fault,Injury Severity,Circumstance,Driver Distracted By,Drivers License State,Vehicle Body Type,Vehicle Movement,Speed Limit,Driverless Vehicle,Vehicle Year,Vehicle Make,Vehicle Model,Latitude,Longitude,Year,Month,Hour
250048076,Injury Crash,10/26/2025 01:00:00 PM,FREDERICK RD,NA,Single Vehicle,Clear,Dry,Daylight,No Controls,NONE DETECTED,Yes,Possible Minor Injury,NA,Not Distracted,MD,Passenger Car,Turning Right,40,No,2008,MERCURY,SABLE,39.12687062,-77.18385997,2025,10,13
250048080,Property Damage Crash,10/26/2025 01:00:00 PM,WOODFIELD RD,NA,Front to Front,Clear,Dry,Daylight,No Controls,NONE DETECTED,No,No Apparent Injury,NA,Not Distracted,MD,Passenger Car,Moving Constant Speed,30,No,2012,LINCOLN,MKZ,39.16093085,-77.15902348,2025,10,13
250048080,Property Damage Crash,10/26/2025 01:00:00 PM,WOODFIELD RD,NA,Front to Front,Clear,Dry,Daylight,Stop Sign,NONE DETECTED,Yes,No Apparent Injury,Failed to Yield Right-of-Way,Unknown,MD,Passenger Car,Turning Left,25,No,2002,CHRYSLER,PT CRUISER,39.16093085,-77.15902348,2025,10,13
250048072,Property Damage Crash,10/26/2025 12:09:00 PM,PRELUDE DR,NA,Front to Rear,Clear,Dry,Daylight,Traffic Control Signal,NONE DETECTED,No,No Apparent Injury,NA,Not Distracted,MD,Passenger Car,Stopped in Traffic,45,No,2016,KIA,FORTE,39.03950364,-76.99781399,2025,10,12
250048072,Property Damage Crash,10/26/2025 12:09:00 PM,PRELUDE DR,NA,Front to Rear,Clear,Dry,Daylight,Traffic Control Signal,NONE DETECTED,Yes,No Apparent Injury,"Followed Too Closely, Swerved or Avoided Due to Wind, Slippery Surface, Motor Vehicle, Object, Non-Motorist in Roadway, etc, Too Fast For Conditions",Not Distracted,MD,Passenger Car,Slowing or Stopping,45,No,2021,TOYOTA,COROLLA,39.03950364,-76.99781399,2025,10,12
250048072,Property Damage Crash,10/26/2025 12:09:00 PM,PRELUDE DR,NA,Front to Rear,Clear,Dry,Daylight,Traffic Control Signal,NONE DETECTED,No,No Apparent Injury,NA,Not Distracted,VA,Passenger Car,Stopped in Traffic,45,No,1997,TOYOTA,CAMRY,39.03950364,-76.99781399,2025,10,12
250048063,Injury Crash,10/26/2025 10:40:00 AM,NA,NA,Rear To Side,Clear,NA,Daylight,NA,NONE DETECTED,No,No Apparent Injury,NA,Not Distracted,MD,Passenger Car,Backing,0,No,2023,MAZDA,CX-50,39.0924786,-77.11330897,2025,10,10
250048063,Injury Crash,10/26/2025 10:40:00 AM,NA,NA,Rear To Side,Clear,NA,Daylight,NA,NONE DETECTED,Yes,No Apparent Injury,Improper Backing,Unknown,MD,Passenger Car,Backing,0,No,2010,HONDA,ACCORD,39.0924786,-77.11330897,2025,10,10
250048066,Property Damage Crash,10/26/2025 05:00:00 AM,WEST SIDE DR,NA,"Sideswipe, Same Direction",Clear,Dry,Medium,No Controls,NONE DETECTED,No,No Apparent Injury,NA,Unknown,NA,Passenger Car,NA,25,No,2011,TOYOTA,CAMRY,39.12634004,-77.20497061,2025,10,5
250048043,Property Damage Crash,10/26/2025 12:55:00 AM,OAKVIEW DR,NA,Rear To Side,Clear,Dry,Medium,Traffic Control Signal,ALCOHOL PRESENT,Yes,No Apparent Injury,NA,Unknown,DC,Passenger Car,Turning Left,40,No,2014,MAZDA,MAZDA3,39.01532233,-76.97776757,2025,10,0
250048043,Property Damage Crash,10/26/2025 12:55:00 AM,OAKVIEW DR,NA,Rear To Side,Clear,Dry,Medium,Traffic Control Signal,NONE DETECTED,No,No Apparent Injury,NA,Not Distracted,MD,Passenger Car,Moving Constant Speed,40,No,2017,MERCEDES-BENZ,C-CLASS,39.01532233,-76.97776757,2025,10,0
250048041,Property Damage Crash,10/26/2025 12:46:00 AM,CENTERWAY RD,NA,Angle,Clear,Dry,Medium,Stop Sign,NONE DETECTED,No,No Apparent Injury,NA,Not Distracted,MD,Sport Utility Vehicle,Moving Constant Speed,10,No,2013,HYUNDAI,SANTA FE,39.172653,-77.20495633,2025,10,0
250048041,Property Damage Crash,10/26/2025 12:46:00 AM,CENTERWAY RD,NA,Angle,Clear,Dry,Medium,Stop Sign,NONE DETECTED,Yes,No Apparent Injury,Ran Stop Sign,Unknown,MD,Passenger Car,Entering Traffic Lane,10,No,2020,HONDA,CIVIC,39.172653,-77.20495633,2025,10,0
250048042,Injury Crash,10/26/2025 12:37:00 AM,RIDGE RD,NA,Single Vehicle,Clear,Dry,Dark,No Controls,NONE DETECTED,No,Possible Minor Injury,NA,Not Distracted,MD,Passenger Car,NA,50,No,2021,MERCEDES-BENZ,C-CLASS,39.33472167,-77.18711,2025,10,0
250048039,Injury Crash,10/26/2025 12:00:00 AM,CALVERTON BLVD,NA,Angle,Clear,Dry,Medium,Flashing Traffic Control Signal,ALCOHOL PRESENT,Yes,No Apparent Injury,NA,Not Distracted,MD,Passenger Car,Turning Left,40,No,2016,HYUNDAI,SONATA,39.0560696,-76.95413541,2025,10,0
250048039,Injury Crash,10/26/2025 12:00:00 AM,CALVERTON BLVD,NA,Angle,Clear,Dry,Medium,Traffic Control Signal,ALCOHOL PRESENT,Yes,Possible Minor Injury,NA,Unknown,MD,Passenger Car,Moving Constant Speed,40,No,2005,MERCEDES-BENZ,E-CLASS,39.0560696,-76.95413541,2025,10,0
250048034,Injury Crash,10/25/2025 11:27:00 PM,E RANDOLPH RD (WB/L),NA,Single Vehicle,Clear,Dry,Medium,Traffic Control Signal,NONE DETECTED,Yes,Possible Minor Injury,NA,Unknown,MD,Passenger Car,Moving Constant Speed,40,No,2015,VOLKSWAGEN,JETTA,39.06771852,-76.98575671,2025,10,23
250048035,Property Damage Crash,10/25/2025 11:15:00 PM,NEW HAMPSHIRE AVE,NA,Single Vehicle,Clear,Dry,Medium,No Controls,NONE DETECTED,Yes,No Apparent Injury,NA,Unknown,MD,Passenger Car,Turning Right,40,No,2017,JEEP,WRANGLER,39.01586733,-76.97761883,2025,10,23
250048033,Injury Crash,10/25/2025 10:59:00 PM,NEW HAMPSHIRE AVE,NA,Front to Rear,Clear,Dry,Medium,Traffic Control Signal,NONE DETECTED,No,Possible Minor Injury,NA,Not Distracted,MD,Passenger Car,Stopped in Traffic,45,No,2021,HONDA,PILOT,39.0877285,-76.999345,2025,10,22
250048033,Injury Crash,10/25/2025 10:59:00 PM,NEW HAMPSHIRE AVE,NA,Front to Rear,Clear,Dry,Medium,Traffic Control Signal,NONE DETECTED,Yes,No Apparent Injury,"Followed Too Closely, Other Improper Action",Unknown,MD,Passenger Car,Moving Constant Speed,45,No,2015,ACURA,TLX,39.0877285,-76.999345,2025,10,22
250048019,Property Damage Crash,10/25/2025 08:54:00 PM,SCOTT DR,NA,Front to Front,Clear,Dry,Medium,No Controls,NONE DETECTED,No,No Apparent Injury,NA,Unknown,MD,Passenger Car,Turning Right,25,No,2015,MAZDA,MAZDA6,39.07429817,-77.18840583,2025,10,20
250048019,Property Damage Crash,10/25/2025 08:54:00 PM,SCOTT DR,NA,Front to Front,Clear,Dry,Medium,Stop Sign,NONE DETECTED,No,No Apparent Injury,NA,Unknown,MD,Sport Utility Vehicle,Turning Left,25,No,2021,CHEVROLET,TAHOE,39.07429817,-77.18840583,2025,10,20
250048010,Property Damage Crash,10/25/2025 08:00:00 PM,BRIGGS CHANEY RD (WB/L),NA,Front to Rear,Clear,Dry,Medium,No Controls,NONE DETECTED,No,No Apparent Injury,NA,Not Distracted,MD,Passenger Car,Stopped in Traffic,40,No,2014,TOYOTA,AVALON,39.08220986,-76.94722158,2025,10,20
250048010,Property Damage Crash,10/25/2025 08:00:00 PM,BRIGGS CHANEY RD (WB/L),NA,Front to Rear,Clear,Dry,Medium,No Controls,NONE DETECTED,Yes,No Apparent Injury,Followed Too Closely,Not Distracted,MD,Passenger Car,Moving Constant Speed,40,No,2004,HONDA,ODYSSEY,39.08220986,-76.94722158,2025,10,20
250048010,Property Damage Crash,10/25/2025 08:00:00 PM,BRIGGS CHANEY RD (WB/L),NA,Front to Rear,Clear,Dry,Medium,No Controls,NONE DETECTED,No,No Apparent Injury,NA,Not Distracted,MD,Passenger Car,Stopped in Traffic,40,No,2019,NISSAN,ROGUE,39.08220986,-76.94722158,2025,10,20
250048006,Property Damage Crash,10/25/2025 07:38:00 PM,NA,NA,Angle,Clear,Dry,Medium,Traffic Control Signal,NONE DETECTED,Yes,No Apparent Injury,"Failed to Yield Right-of-Way, Improper Turn",Not Distracted,MD,Sport Utility Vehicle,Turning Left,35,No,2019,TOYOTA,RAV4,39.13669998,-77.20577572,2025,10,19
250048006,Property Damage Crash,10/25/2025 07:38:00 PM,NA,NA,Angle,Clear,Dry,Medium,Traffic Control Signal,NONE DETECTED,No,No Apparent Injury,NA,Not Distracted,MD,Passenger Car,Moving Constant Speed,35,No,2010,TOYOTA,COROLLA,39.13669998,-77.20577572,2025,10,19
250048003,Property Damage Crash,10/25/2025 07:00:00 PM,GEORGIA AVE (SB/L),NA,Angle,Clear,Dry,Medium,No Controls,NONE DETECTED,No,No Apparent Injury,NA,Not Distracted,DC,Passenger Car,Moving Constant Speed,30,No,2018,TOYOTA,HIGHLANDER,39.01148396,-77.04131942,2025,10,19
250048003,Property Damage Crash,10/25/2025 07:00:00 PM,GEORGIA AVE (SB/L),NA,Angle,Clear,Dry,Medium,No Controls,NONE DETECTED,Yes,No Apparent Injury,NA,Not Distracted,MD,Passenger Car,Turning Left,30,No,2025,TOYOTA,COROLLA CROSS,39.01148396,-77.04131942,2025,10,19
250047998,Property Damage Crash,10/25/2025 06:18:00 PM,BROOKEVILLE RD,NA,Front to Rear,Cloudy,Dry,Medium,Stop Sign,NONE DETECTED,No,No Apparent Injury,NA,Not Distracted,MD,Pickup,Stopped in Traffic,30,No,2022,GMC,CANYON,39.18309595,-77.11035604,2025,10,18
250047998,Property Damage Crash,10/25/2025 06:18:00 PM,BROOKEVILLE RD,NA,Front to Rear,Cloudy,Dry,Medium,Stop Sign,NONE DETECTED,Yes,No Apparent Injury,NA,"Other Action (looking away from task, etc.)",MD,Passenger Car,Accelerating,30,No,2017,NISSAN,SENTRA,39.18309595,-77.11035604,2025,10,18
250047978,Property Damage Crash,10/25/2025 04:00:00 PM,ROCKVILLE PIKE (SB/L),NA,Angle,Clear,Dry,Daylight,No Controls,NONE DETECTED,No,No Apparent Injury,NA,Not Distracted,MD,Passenger Car,Moving Constant Speed,40,No,2021,JEEP,GRAND CHEROKEE L,39.07100371,-77.13217775,2025,10,16
250047978,Property Damage Crash,10/25/2025 04:00:00 PM,ROCKVILLE PIKE (SB/L),NA,Angle,Clear,Dry,Daylight,Stop Sign,NONE DETECTED,Yes,No Apparent Injury,NA,Unknown,MD,Passenger Car,Turning Left,20,No,2022,TOYOTA,COROLLA,39.07100371,-77.13217775,2025,10,16
250047975,Property Damage Crash,10/25/2025 03:50:00 PM,NA,NA,Angle,Clear,Dry,Daylight,No Controls,NONE DETECTED,No,No Apparent Injury,NA,Not Distracted,VA,Passenger Car,Slowing or Stopping,35,No,1998,HONDA,CR-V,38.98193095,-77.22613753,2025,10,15
250047975,Property Damage Crash,10/25/2025 03:50:00 PM,NA,NA,Angle,Clear,Dry,Daylight,No Controls,NONE DETECTED,Yes,No Apparent Injury,"Failed to Keep in Proper Lane, Improper Passing",Not Distracted,VA,Passenger Car,Overtaking/Passing,35,No,2023,BMW,330I,38.98193095,-77.22613753,2025,10,15
250047986,Property Damage Crash,10/25/2025 03:30:00 PM,QUINCE ORCHARD RD,NA,"Sideswipe, Same Direction",Clear,Dry,Daylight,Traffic Control Signal,NONE DETECTED,No,NA,Failed to Keep in Proper Lane,Unknown,NA,Sport Utility Vehicle,Overtaking/Passing,35,No,2012,VOLKSWAGEN,TIGUAN,39.15219276,-77.21248059,2025,10,15
250047986,Property Damage Crash,10/25/2025 03:30:00 PM,QUINCE ORCHARD RD,NA,"Sideswipe, Same Direction",Clear,Dry,Daylight,Traffic Control Signal,NONE DETECTED,No,No Apparent Injury,NA,Not Distracted,MD,Passenger Car,Moving Constant Speed,35,No,2021,LEXUS,IS,39.15219276,-77.21248059,2025,10,15
250047966,Injury Crash,10/25/2025 03:06:00 PM,NA,Pedestrian,Single Vehicle,Clear,NA,Daylight,NA,NONE DETECTED,Yes,No Apparent Injury,Improper Backing,Not Distracted,MD,Other Trucks,Backing,0,No,2019,FREIGHTLINER,MT 45G FRONT GASOLINE ENGINE WALK IN VAN,39.15430219,-77.26973033,2025,10,15
250047963,Property Damage Crash,10/25/2025 01:30:00 PM,GEORGIA AVE,NA,Front to Rear,Clear,Dry,Daylight,Traffic Control Signal,NONE DETECTED,No,No Apparent Injury,NA,Not Distracted,GA,Passenger Car,Slowing or Stopping,30,No,2011,NISSAN,ROGUE,38.99149099,-77.02653677,2025,10,13
250047963,Property Damage Crash,10/25/2025 01:30:00 PM,GEORGIA AVE,NA,Front to Rear,Clear,Dry,Daylight,Traffic Control Signal,NONE DETECTED,No,NA,NA,NA,NA,Passenger Car,Moving Constant Speed,30,No,2017,HYUNDAI,SONATA,38.99149099,-77.02653677,2025,10,13
250047955,Injury Crash,10/25/2025 12:37:00 PM,WYACONDA RD,NA,"Sideswipe, Opposite Direction",Clear,Dry,Daylight,No Controls,DRUG AND ALCOHOL CONTRIBUTED,No,Possible Minor Injury,NA,Unknown,NA,Passenger Car,Moving Constant Speed,25,No,2014,NISSAN,ALTIMA,39.045109,-77.09224283,2025,10,12
250048358,Property Damage Crash,10/25/2025 11:18:00 AM,NA,NA,"Sideswipe, Same Direction",Clear,NA,Daylight,NA,NONE DETECTED,No,NA,Improper Turn,NA,NA,Passenger Car,Turning Right,0,No,2024,MAZDA,CX-90,39.08088089,-76.94575524,2025,10,11
250047938,Property Damage Crash,10/25/2025 10:47:00 AM,EAST WEST HWY (WB/L),NA,Front to Rear,Clear,Dry,Daylight,Traffic Control Signal,NONE DETECTED,Yes,No Apparent Injury,"Followed Too Closely, Other Improper Action","Other Action (looking away from task, etc.)",NA,Motorcycle - 2 Wheeled,Moving Constant Speed,30,No,2024,ZHILONG,BWS,38.98590446,-77.08696662,2025,10,10
250047938,Property Damage Crash,10/25/2025 10:47:00 AM,EAST WEST HWY (WB/L),NA,Front to Rear,Clear,Dry,Daylight,Traffic Control Signal,NONE DETECTED,No,No Apparent Injury,NA,Not Distracted,MD,Sport Utility Vehicle,Stopped in Traffic,30,No,2024,BMW,IX,38.98590446,-77.08696662,2025,10,10
250047940,Property Damage Crash,10/25/2025 10:00:00 AM,AIKEN DR,NA,Rear To Side,Clear,Dry,Daylight,No Controls,NONE DETECTED,Yes,No Apparent Injury,"Improper Backing, Other Improper Action",Unknown,NA,Passenger Car,Backing,0,No,2010,TOYOTA,PRIUS,39.29125614,-77.28900403,2025,10,10
250047934,Injury Crash,10/25/2025 09:57:00 AM,DEMOCRACY BLVD,NA,"Sideswipe, Same Direction",Clear,Dry,Daylight,No Controls,NONE DETECTED,Yes,No Apparent Injury,NA,Unknown,MD,Sport Utility Vehicle,Changing Lanes,35,No,2021,LEXUS,NX,39.02156474,-77.13792349,2025,10,9
250047934,Injury Crash,10/25/2025 09:57:00 AM,DEMOCRACY BLVD,NA,"Sideswipe, Same Direction",Clear,Dry,Daylight,No Controls,NONE DETECTED,No,No Apparent Injury,NA,Not Distracted,MD,Passenger Car,Moving Constant Speed,35,No,2003,INFINITI,I35,39.02156474,-77.13792349,2025,10,9
250047927,Injury Crash,10/25/2025 08:21:00 AM,EAST WEST HWY (WB/L),NA,Single Vehicle,Clear,Dry,Daylight,No Controls,NONE DETECTED,Yes,Possible Minor Injury,Ran Off Roadway,Unknown,MD,Passenger Car,NA,30,No,2010,NISSAN,ALTIMA,38.98593401,-77.08691606,2025,10,8
250047926,Property Damage Crash,10/25/2025 08:20:00 AM,CONNECTICUT AVE (SB/L),NA,Angle,Clear,Dry,Daylight,Traffic Control Signal,NONE DETECTED,Yes,No Apparent Injury,NA,Unknown,MD,Passenger Car,Moving Constant Speed,35,No,2013,CHEVROLET,EXPRESS,39.06321846,-77.07356478,2025,10,8
250047926,Property Damage Crash,10/25/2025 08:20:00 AM,CONNECTICUT AVE (SB/L),NA,Angle,Clear,Dry,Daylight,Traffic Control Signal,NONE DETECTED,No,No Apparent Injury,NA,Not Distracted,MD,Passenger Car,Turning Left,35,No,2020,TOYOTA,RAV4,39.06321846,-77.07356478,2025,10,8
250047925,Property Damage Crash,10/25/2025 07:46:00 AM,NA,NA,Angle,Clear,Dry,Medium,No Controls,NONE DETECTED,Yes,No Apparent Injury,NA,Unknown,MD,Passenger Car,Turning Left,35,No,2022,TESLA,MODEL S,38.98795633,-77.07942333,2025,10,7
250047925,Property Damage Crash,10/25/2025 07:46:00 AM,NA,NA,Angle,Clear,Dry,Medium,No Controls,NONE DETECTED,No,No Apparent Injury,NA,Not Distracted,MD,Passenger Car,Moving Constant Speed,35,No,2013,TOYOTA,COROLLA,38.98795633,-77.07942333,2025,10,7
250047922,Injury Crash,10/25/2025 06:36:00 AM,ASPEN HILL RD,NA,Front to Rear,Clear,Dry,Medium,No Controls,NONE DETECTED,Yes,Possible Minor Injury,"Failed to Keep in Proper Lane, Operated Motor Vehicle in Inattentive, Careless, Negligent, or Erratic Manner, Other Improper Action","Other Action (looking away from task, etc.)",MD,Sport Utility Vehicle,Moving Constant Speed,30,No,2025,TOYOTA,RAV4,39.07927933,-77.08563167,2025,10,6
250047921,Property Damage Crash,10/25/2025 06:30:00 AM,NORBECK RD (WB/L),NA,Single Vehicle,Clear,Dry,Medium,No Controls,NONE DETECTED,No,No Apparent Injury,NA,Not Distracted,MD,Passenger Car,Moving Constant Speed,40,No,2018,CHRYSLER,PACIFICA,39.08965731,-77.13029338,2025,10,6
250047915,Property Damage Crash,10/25/2025 02:00:00 AM,NA,NA,"Sideswipe, Opposite Direction",Clear,Dry,Medium,No Controls,NONE DETECTED,Yes,No Apparent Injury,Failed to Keep in Proper Lane,Unknown,MD,Sport Utility Vehicle,Moving Constant Speed,30,No,2007,FORD,ESCAPE,39.21891017,-77.42467683,2025,10,2
250047915,Property Damage Crash,10/25/2025 02:00:00 AM,NA,NA,"Sideswipe, Opposite Direction",Clear,Dry,Medium,No Controls,NONE DETECTED,No,No Apparent Injury,NA,Not Distracted,MD,Passenger Car,Moving Constant Speed,30,No,2017,TOYOTA,COROLLA,39.21891017,-77.42467683,2025,10,2
250047912,Property Damage Crash,10/25/2025 01:35:00 AM,APARTMENT CUT THRU CUT,NA,Angle,Clear,Dry,Medium,No Controls,NONE DETECTED,Yes,No Apparent Injury,NA,Not Distracted,MD,Passenger Car,Moving Constant Speed,15,No,2015,HONDA,CIVIC,39.03758971,-77.02874049,2025,10,1
250047902,Property Damage Crash,10/24/2025 10:34:00 PM,OLD HUNDRED RD,NA,Single Vehicle,Clear,Dry,Dark,No Controls,NONE DETECTED,Yes,No Apparent Injury,"Over-Correcting/Over-Steering, Too Fast For Conditions",Unknown,MD,Passenger Car,Moving Constant Speed,40,No,2009,LEXUS,GS,39.2643293,-77.34351218,2025,10,22
250047893,Property Damage Crash,10/24/2025 09:33:00 PM,RAMP 2 FR DUSTIN RD TO US 29 NB,NA,"Sideswipe, Opposite Direction",Clear,Dry,Medium,No Controls,NONE DETECTED,Yes,No Apparent Injury,NA,Not Distracted,MD,Other Trucks,Moving Constant Speed,30,No,2024,E-ONE,TRUCK,39.12280833,-76.92522833,2025,10,21
250047893,Property Damage Crash,10/24/2025 09:33:00 PM,RAMP 2 FR DUSTIN RD TO US 29 NB,NA,"Sideswipe, Opposite Direction",Clear,Dry,Medium,No Controls,NONE DETECTED,No,No Apparent Injury,NA,Not Distracted,MD,Passenger Car,Slowing or Stopping,30,No,2017,MERCEDES-BENZ,E-CLASS,39.12280833,-76.92522833,2025,10,21
250047891,Property Damage Crash,10/24/2025 09:09:00 PM,COLUMBIA PIKE (SB/L),NA,Single Vehicle,Clear,Dry,Medium,No Controls,NONE DETECTED,No,No Apparent Injury,NA,Unknown,MD,Passenger Car,Moving Constant Speed,55,No,2021,NISSAN,SENTRA,39.11657215,-76.92784076,2025,10,21
250047884,Property Damage Crash,10/24/2025 08:22:00 PM,SEMINARY PL,NA,Front to Rear,Clear,Dry,Medium,Traffic Control Signal,NONE DETECTED,No,No Apparent Injury,NA,Not Distracted,MD,Passenger Car,Slowing or Stopping,30,No,2015,LEXUS,CT,39.00962994,-77.04055539,2025,10,20
250047884,Property Damage Crash,10/24/2025 08:22:00 PM,SEMINARY PL,NA,Front to Rear,Clear,Dry,Medium,Traffic Control Signal,NONE DETECTED,Yes,No Apparent Injury,NA,Unknown,MD,Bus - Transit,Moving Constant Speed,30,No,2013,NEW FLYER,XCELSIOR,39.00962994,-77.04055539,2025,10,20
250047885,Property Damage Crash,10/24/2025 07:54:00 PM,VIRGILIA ST,NA,"Sideswipe, Same Direction",Clear,Dry,Medium,No Controls,NONE DETECTED,No,No Apparent Injury,NA,Not Distracted,MD,Other Trucks,Moving Constant Speed,25,No,2018,FREIGHTLINER,M2,38.98381783,-77.0784825,2025,10,19
250047879,Injury Crash,10/24/2025 07:47:00 PM,OLD BALTIMORE RD,NA,Angle,Clear,Dry,Medium,Traffic Control Signal,NONE DETECTED,Yes,Possible Minor Injury,Ran Red Light,Not Distracted,MD,Van - Passenger (&lt;9 Seats),Moving Constant Speed,35,No,2013,HONDA,ODYSSEY,39.14647821,-77.05061351,2025,10,19
250047879,Injury Crash,10/24/2025 07:47:00 PM,OLD BALTIMORE RD,NA,Angle,Clear,Dry,Medium,Traffic Control Signal,NONE DETECTED,No,Possible Minor Injury,NA,Not Distracted,MD,Passenger Car,Turning Left,35,No,2013,HONDA,CIVIC,39.14647821,-77.05061351,2025,10,19
250047876,Injury Crash,10/24/2025 07:12:00 PM,HUNGERFORD DR,NA,Front to Rear,Clear,Dry,Medium,No Controls,NONE DETECTED,Yes,No Apparent Injury,NA,Unknown,MD,Passenger Car,Slowing or Stopping,35,No,2003,HONDA,ACCORD,39.08586977,-77.14873423,2025,10,19
250047876,Injury Crash,10/24/2025 07:12:00 PM,HUNGERFORD DR,NA,Front to Rear,Clear,Dry,Medium,No Controls,NONE DETECTED,No,Possible Minor Injury,NA,Not Distracted,MD,Passenger Car,Slowing or Stopping,35,No,2013,HONDA,ACCORD,39.08586977,-77.14873423,2025,10,19
250047874,Injury Crash,10/24/2025 06:21:00 PM,NA,Scooter (electric),Single Vehicle,Cloudy,Dry,Medium,Pedestrian Crossing,NONE DETECTED,Yes,No Apparent Injury,Failed to Yield Right-of-Way,Not Distracted,MD,Passenger Car,Turning Left,35,No,2011,MITSUBISHI,ECLIPSE,38.99376364,-77.05185327,2025,10,18
250047867,Property Damage Crash,10/24/2025 05:31:00 PM,COMMERCE LA,NA,"Sideswipe, Same Direction",Clear,Dry,Daylight,No Controls,NONE DETECTED,No,No Apparent Injury,"Operated Motor Vehicle in Inattentive, Careless, Negligent, or Erratic Manner",Unknown,MD,Bus - Transit,Moving Constant Speed,35,No,2013,NEW FLYER,XCELSIOR,38.98598311,-77.09471041,2025,10,17
250047860,Property Damage Crash,10/24/2025 05:00:00 PM,EAST WEST HWY (WB/L),NA,Angle,Clear,Dry,Daylight,No Controls,NONE DETECTED,Yes,No Apparent Injury,NA,Not Distracted,MD,Passenger Car,Entering Traffic Lane,30,No,1998,BMW,528I,38.99462379,-77.03629605,2025,10,17
250047860,Property Damage Crash,10/24/2025 05:00:00 PM,EAST WEST HWY (WB/L),NA,Angle,Clear,Dry,Daylight,No Controls,NONE DETECTED,No,No Apparent Injury,NA,Not Distracted,MD,Passenger Car,Moving Constant Speed,30,No,2017,HYUNDAI,ELANTRA,38.99462379,-77.03629605,2025,10,17
250047886,Property Damage Crash,10/24/2025 05:00:00 PM,LOCKWOOD DR,NA,"Sideswipe, Same Direction",Clear,Dry,Daylight,Traffic Control Signal,NONE DETECTED,No,NA,NA,NA,NA,Passenger Car,Changing Lanes,40,No,2013,TOYOTA,CAMRY,39.03381169,-77.00245784,2025,10,17
250047886,Property Damage Crash,10/24/2025 05:00:00 PM,LOCKWOOD DR,NA,"Sideswipe, Same Direction",Clear,Dry,Daylight,Traffic Control Signal,NONE DETECTED,No,No Apparent Injury,NA,Not Distracted,DC,Sport Utility Vehicle,Changing Lanes,40,No,2019,INFINITI,QX50,39.03381169,-77.00245784,2025,10,17
250047853,Property Damage Crash,10/24/2025 04:32:00 PM,WISTERIA DR,NA,Angle,Clear,Dry,Daylight,Stop Sign,NONE DETECTED,Yes,No Apparent Injury,NA,Not Distracted,MD,Passenger Car,Turning Left,30,No,2010,TOYOTA,RAV4,39.17768367,-77.27129867,2025,10,16
250047853,Property Damage Crash,10/24/2025 04:32:00 PM,WISTERIA DR,NA,Angle,Clear,Dry,Daylight,No Controls,NONE DETECTED,No,No Apparent Injury,NA,Not Distracted,MD,Passenger Car,Moving Constant Speed,30,No,2016,MAZDA,MAZDA3,39.17768367,-77.27129867,2025,10,16
250047852,Property Damage Crash,10/24/2025 04:30:00 PM,MONTGOMERY AVE,NA,Rear To Side,Cloudy,Dry,Daylight,No Controls,NONE DETECTED,No,No Apparent Injury,NA,Not Distracted,MD,Passenger Car,Moving Constant Speed,35,No,2016,TOYOTA,AVALON,39.14572005,-77.20373357,2025,10,16
250047852,Property Damage Crash,10/24/2025 04:30:00 PM,MONTGOMERY AVE,NA,Rear To Side,Cloudy,Dry,Daylight,Stop Sign,NONE DETECTED,Yes,No Apparent Injury,Failed to Yield Right-of-Way,Not Distracted,MD,Sport Utility Vehicle,Entering Traffic Lane,35,No,2021,HONDA,PILOT,39.14572005,-77.20373357,2025,10,16