Local Case Number,ACRS Report Type,Crash Date/Time,Road Name,Related Non-Motorist,Collision Type,Weather,Surface Condition,Light,Traffic Control,Driver Substance Abuse,Driver At Fault,Injury Severity,Circumstance,Driver Distracted By,Drivers License State,Vehicle Body Type,Vehicle Movement,Speed Limit,Driverless Vehicle,Vehicle Year,Vehicle Make,Vehicle Model,Latitude,Longitude,Year,Month,Hour
250047849,Injury Crash,10/24/2025 04:03:00 PM,SILVER SPRING AVE,Pedestrian,Single Vehicle,Clear,Dry,Daylight,No Controls,NONE DETECTED,Yes,No Apparent Injury,"Disregarded Other Road Markings, Failed to Yield Right-of-Way, Operated Motor Vehicle in Reckless or Aggressive Manner, Swerved or Avoided Due to Wind, Slippery Surface, Motor Vehicle, Object, Non-Motorist in Roadway, etc",Not Distracted,MD,Passenger Car,Moving Constant Speed,30,No,2000,HONDA,ACCORD,38.99157131,-77.02671856,2025,10,16
250047843,Injury Crash,10/24/2025 03:47:00 PM,BUSHEY DR,NA,Rear To Side,Clear,Dry,Daylight,No Controls,NONE DETECTED,No,Possible Minor Injury,NA,Not Distracted,MD,Passenger Car,Turning Left,20,No,2022,LEXUS,RC,39.063607,-77.07943283,2025,10,15
250047843,Injury Crash,10/24/2025 03:47:00 PM,BUSHEY DR,NA,Rear To Side,Clear,Dry,Daylight,No Controls,NONE DETECTED,Yes,No Apparent Injury,"Followed Too Closely, Too Fast For Conditions","Other Action (looking away from task, etc.)",MD,Passenger Car,Moving Constant Speed,20,No,2006,NISSAN,QUEST,39.063607,-77.07943283,2025,10,15
250047848,Injury Crash,10/24/2025 03:27:00 PM,CRESTHAVEN DR,Cyclist (Electric),Single Vehicle,Clear,Dry,Daylight,Stop Sign,NONE DETECTED,No,No Apparent Injury,NA,Not Distracted,MD,Sport Utility Vehicle,Accelerating,25,No,2021,HONDA,CR-V,39.02579102,-76.98741144,2025,10,15
250047841,Injury Crash,10/24/2025 03:18:00 PM,TOWER OAKS BLVD,NA,Angle,Clear,Dry,Daylight,No Controls,NONE DETECTED,No,Possible Minor Injury,NA,Not Distracted,MD,Passenger Car,Moving Constant Speed,25,No,2021,BMW,330I,39.05714052,-77.15055051,2025,10,15
250047841,Injury Crash,10/24/2025 03:18:00 PM,TOWER OAKS BLVD,NA,Angle,Clear,Dry,Daylight,No Controls,NONE DETECTED,Yes,No Apparent Injury,NA,Not Distracted,US,Sport Utility Vehicle,Entering Traffic Lane,25,No,2023,TOYOTA,HIGHLANDER,39.05714052,-77.15055051,2025,10,15
250047839,Property Damage Crash,10/24/2025 03:08:00 PM,RIDGE RD,NA,"Sideswipe, Opposite Direction",Clear,Dry,Daylight,No Controls,NONE DETECTED,No,No Apparent Injury,NA,Not Distracted,MD,Bus - School,Moving Constant Speed,40,No,2015,FREIGHTLINER,B2 BUS CHASSIS,39.2514665,-77.231970810000007,2025,10,15
250047839,Property Damage Crash,10/24/2025 03:08:00 PM,RIDGE RD,NA,"Sideswipe, Opposite Direction",Clear,Dry,Daylight,No Controls,NONE DETECTED,Yes,No Apparent Injury,Failed to Keep in Proper Lane,"Other Action (looking away from task, etc.)",MD,Passenger Car,Moving Constant Speed,40,No,2011,HONDA,CR-V,39.2514665,-77.231970810000007,2025,10,15
250047833,Injury Crash,10/24/2025 02:23:00 PM,WARRIOR BROOK DR,NA,Angle,Clear,Dry,Daylight,No Controls,NONE DETECTED,No,No Apparent Injury,NA,Not Distracted,MD,Unknown,Moving Constant Speed,25,No,2019,FORD,COMMERCIAL CHASSIS,39.17002454,-77.28181158,2025,10,14
250047833,Injury Crash,10/24/2025 02:23:00 PM,WARRIOR BROOK DR,NA,Angle,Clear,Dry,Daylight,No Controls,NONE DETECTED,Yes,Possible Minor Injury,Other Improper Action,Not Distracted,MD,Passenger Car,Entering Traffic Lane,25,No,2017,HYUNDAI,ELANTRA,39.17002454,-77.28181158,2025,10,14
250047828,Property Damage Crash,10/24/2025 01:58:00 PM,ODENDHAL AVE (EB/L),NA,Single Vehicle,Cloudy,Dry,Daylight,Traffic Control Signal,NONE DETECTED,No,No Apparent Injury,Failed to Keep in Proper Lane,Not Distracted,MD,Passenger Car,Moving Constant Speed,25,No,2022,HONDA,ODYSSEY,39.15245065,-77.19243319,2025,10,13
250047820,Property Damage Crash,10/24/2025 01:02:00 PM,WILDCAT RD,NA,Single Vehicle,Cloudy,Dry,Daylight,Stop Sign,NONE DETECTED,Yes,No Apparent Injury,Other Improper Action,Not Distracted,MD,Bus - Other Type,Turning Right,25,No,2024,IC BUS,PB105,39.21895595,-77.22104359,2025,10,13
250047821,Property Damage Crash,10/24/2025 01:00:00 PM,EAST WEST HWY,NA,Single Vehicle,Clear,Dry,Daylight,No Controls,NONE DETECTED,Yes,No Apparent Injury,NA,Unknown,MD,Passenger Car,Moving Constant Speed,30,No,2003,HONDA,ODYSSEY,38.99298533,-77.03162567,2025,10,13
250047811,Property Damage Crash,10/24/2025 12:00:00 PM,COLESVILLE RD (WB/L),NA,Angle,Clear,Dry,Daylight,Traffic Control Signal,NONE DETECTED,No,No Apparent Injury,NA,Not Distracted,MD,Passenger Car,Moving Constant Speed,30,No,2025,TOYOTA,RAV4,38.99367352,-77.03235179,2025,10,12
250047811,Property Damage Crash,10/24/2025 12:00:00 PM,COLESVILLE RD (WB/L),NA,Angle,Clear,Dry,Daylight,Traffic Control Signal,NONE DETECTED,No,NA,NA,NA,NA,NA,Moving Constant Speed,30,No,0,NA,NA,38.99367352,-77.03235179,2025,10,12
250047799,Property Damage Crash,10/24/2025 11:55:00 AM,NA,NA,Front to Rear,Clear,Dry,Daylight,No Controls,NONE DETECTED,No,No Apparent Injury,NA,Not Distracted,MD,Passenger Car,Slowing or Stopping,35,No,2023,KIA,SPORTAGE,39.14499083,-77.0419495,2025,10,11
250047799,Property Damage Crash,10/24/2025 11:55:00 AM,NA,NA,Front to Rear,Clear,Dry,Daylight,No Controls,NONE DETECTED,No,No Apparent Injury,NA,Not Distracted,MD,Pickup,Slowing or Stopping,35,No,2019,CHEVROLET,COLORADO,39.14499083,-77.0419495,2025,10,11
250047799,Property Damage Crash,10/24/2025 11:55:00 AM,NA,NA,Front to Rear,Clear,Dry,Daylight,No Controls,NONE DETECTED,Yes,No Apparent Injury,NA,Not Distracted,MD,Sport Utility Vehicle,Slowing or Stopping,35,No,2022,KIA,SPORTAGE,39.14499083,-77.0419495,2025,10,11
250047800,Property Damage Crash,10/24/2025 11:32:00 AM,ROEDER RD,NA,"Sideswipe, Same Direction",Clear,Dry,Daylight,Stop Sign,NONE DETECTED,No,No Apparent Injury,NA,Not Distracted,MD,Van - Passenger (&lt;9 Seats),Slowing or Stopping,15,No,2024,CHRYSLER,VOYAGER,38.99728683,-77.02613203,2025,10,11
250047800,Property Damage Crash,10/24/2025 11:32:00 AM,ROEDER RD,NA,"Sideswipe, Same Direction",Clear,Dry,Daylight,Stop Sign,NONE DETECTED,Yes,No Apparent Injury,NA,Unknown,MD,Passenger Car,Accelerating,15,No,2009,PONTIAC,VIBE,38.99728683,-77.02613203,2025,10,11
250047798,Injury Crash,10/24/2025 11:29:00 AM,CAPITAL BELTWAY,NA,Single Vehicle,Clear,Dry,Daylight,No Controls,NONE DETECTED,No,Possible Minor Injury,NA,Not Distracted,MD,Passenger Car,Moving Constant Speed,55,No,2007,HONDA,ACCORD,39.01580502,-77.01699932,2025,10,11
250047798,Injury Crash,10/24/2025 11:29:00 AM,CAPITAL BELTWAY,NA,Single Vehicle,Clear,Dry,Daylight,No Controls,NONE DETECTED,Yes,No Apparent Injury,NA,Unknown,MD,Single-Unit Truck,Moving Constant Speed,55,No,2007,MACK,CT (GRANITE),39.01580502,-77.01699932,2025,10,11
250047789,Property Damage Crash,10/24/2025 10:54:00 AM,BOU AVE,NA,"Sideswipe, Same Direction",Clear,Dry,Daylight,Traffic Control Signal,NONE DETECTED,No,No Apparent Injury,NA,Not Distracted,MD,Passenger Car,Turning Left,25,No,2017,MITSUBISHI,LANCER,39.05618216,-77.11912208,2025,10,10
250047789,Property Damage Crash,10/24/2025 10:54:00 AM,BOU AVE,NA,"Sideswipe, Same Direction",Clear,Dry,Daylight,Traffic Control Signal,NONE DETECTED,Yes,No Apparent Injury,NA,Unknown,MD,Passenger Car,Turning Left,25,No,2016,TOYOTA,HIGHLANDER,39.05618216,-77.11912208,2025,10,10
250047781,Property Damage Crash,10/24/2025 10:12:00 AM,NA,NA,Angle,Clear,NA,Daylight,NA,NONE DETECTED,Yes,No Apparent Injury,Failed to Yield Right-of-Way,Not Distracted,MD,Passenger Car,Turning Right,0,No,2013,CHEVROLET,EXPRESS,39.10026833,-77.13941833,2025,10,10
250047781,Property Damage Crash,10/24/2025 10:12:00 AM,NA,NA,Angle,Clear,NA,Daylight,NA,NONE DETECTED,No,No Apparent Injury,NA,Not Distracted,MD,Passenger Car,Moving Constant Speed,0,No,2021,SUBARU,IMPREZA,39.10026833,-77.13941833,2025,10,10
250047783,Property Damage Crash,10/24/2025 10:11:00 AM,MONTGOMERY VILLAGE AVE (SB/L),NA,"Sideswipe, Same Direction",Clear,Dry,Daylight,Traffic Control Signal,NONE DETECTED,No,No Apparent Injury,NA,Not Distracted,MD,Bus - Transit,Moving Constant Speed,35,No,2017,GILLIG,LOW FLOOR BUS,39.19057583,-77.19265917,2025,10,10
250047783,Property Damage Crash,10/24/2025 10:11:00 AM,MONTGOMERY VILLAGE AVE (SB/L),NA,"Sideswipe, Same Direction",Clear,Dry,Daylight,Yield Sign,NONE DETECTED,Yes,No Apparent Injury,NA,Not Distracted,MD,Passenger Car,Moving Constant Speed,35,No,2018,TOYOTA,RAV4,39.19057583,-77.19265917,2025,10,10
250047780,Property Damage Crash,10/24/2025 08:48:00 AM,VEIRS MILL RD,NA,Other,Clear,Dry,Daylight,No Controls,NONE DETECTED,No,NA,NA,NA,NA,Passenger Car,Changing Lanes,35,No,2019,TOYOTA,CAMRY,39.07688871,-77.12310286,2025,10,8
250047780,Property Damage Crash,10/24/2025 08:48:00 AM,VEIRS MILL RD,NA,Other,Clear,Dry,Daylight,No Controls,NONE DETECTED,No,No Apparent Injury,NA,Not Distracted,MD,Passenger Car,Moving Constant Speed,35,No,2008,HYUNDAI,ENTOURAGE,39.07688871,-77.12310286,2025,10,8
250047780,Property Damage Crash,10/24/2025 08:48:00 AM,VEIRS MILL RD,NA,Other,Clear,Dry,Daylight,No Controls,NONE DETECTED,No,No Apparent Injury,NA,Not Distracted,FL,Other Trucks,Moving Constant Speed,35,No,2014,VOLVO TRUCK,VNL,39.07688871,-77.12310286,2025,10,8
250047765,Property Damage Crash,10/24/2025 07:45:00 AM,NA,NA,Single Vehicle,Clear,Dry,Daylight,No Controls,NONE DETECTED,Yes,No Apparent Injury,NA,NA,MD,Passenger Car,Moving Constant Speed,40,No,2008,TOYOTA,HIGHLANDER,39.11733617,-77.03635433,2025,10,7
250047762,Property Damage Crash,10/24/2025 07:22:00 AM,GEORGIA AVE,NA,Angle,Clear,Dry,Daylight,No Controls,NONE DETECTED,No,No Apparent Injury,NA,Not Distracted,MD,Bus - School,Moving Constant Speed,30,No,2017,THOMAS BUILT,HDX,39.00791517,-77.039846,2025,10,7
250047762,Property Damage Crash,10/24/2025 07:22:00 AM,GEORGIA AVE,NA,Angle,Clear,Dry,Daylight,No Controls,NONE DETECTED,Yes,No Apparent Injury,NA,Not Distracted,VA,Passenger Car,Turning Left,30,No,2018,SUBARU,IMPREZA,39.00791517,-77.039846,2025,10,7
250047760,Property Damage Crash,10/24/2025 05:52:00 AM,GREAT FALLS RD,NA,Single Vehicle,Clear,Dry,Medium,Traffic Control Signal,NONE DETECTED,No,No Apparent Injury,NA,Not Distracted,MD,Sport Utility Vehicle,Moving Constant Speed,35,No,2024,DODGE,DURANGO,39.07620667,-77.16225667,2025,10,5
250047758,Injury Crash,10/24/2025 05:46:00 AM,NA,NA,Rear To Side,Clear,Dry,Medium,No Controls,NONE DETECTED,Yes,Possible Minor Injury,"Failed to Yield Right-of-Way, Operated Motor Vehicle in Inattentive, Careless, Negligent, or Erratic Manner, Operated Motor Vehicle in Reckless or Aggressive Manner",Unknown,DC,Pickup,Turning Left,35,No,2019,FORD,F-350,39.14064419,-77.21425243,2025,10,5
250047758,Injury Crash,10/24/2025 05:46:00 AM,NA,NA,Rear To Side,Clear,Dry,Medium,No Controls,NONE DETECTED,No,No Apparent Injury,NA,Not Distracted,MD,Pickup,Moving Constant Speed,35,No,2019,RAM,1500,39.14064419,-77.21425243,2025,10,5
250047919,Property Damage Crash,10/24/2025 05:04:00 AM,CRESTHAVEN DR,NA,"Sideswipe, Same Direction",Clear,Dry,Medium,Stop Sign,NONE DETECTED,Yes,No Apparent Injury,NA,Unknown,MD,Passenger Car,Moving Constant Speed,25,No,2021,HYUNDAI,KONA ELECTRIC,39.02973587,-76.98562626,2025,10,5
250047757,Property Damage Crash,10/24/2025 05:01:00 AM,WISCONSIN CIR,NA,"Sideswipe, Same Direction",Clear,Dry,Medium,No Controls,NONE DETECTED,Yes,No Apparent Injury,NA,Not Distracted,MD,Bus - Transit,NA,25,No,2022,NEW FLYER,XCELSIOR,38.96198703,-77.08510444,2025,10,5
250047757,Property Damage Crash,10/24/2025 05:01:00 AM,WISCONSIN CIR,NA,"Sideswipe, Same Direction",Clear,Dry,Medium,No Controls,NONE DETECTED,No,No Apparent Injury,NA,Not Distracted,WV,Single-Unit Truck,NA,25,No,2025,HINO,INCOMPLETE VEHICLE,38.96198703,-77.08510444,2025,10,5
250047754,Injury Crash,10/24/2025 02:30:00 AM,GEORGIA AVE (SB/L),NA,Single Vehicle,Clear,Dry,Medium,No Controls,NONE DETECTED,No,Possible Minor Injury,Other Improper Action,"Other Action (looking away from task, etc.)",NJ,Passenger Car,Moving Constant Speed,35,No,2007,HONDA,CIVIC,39.08000417,-77.07451033,2025,10,2
250047738,Injury Crash,10/23/2025 11:00:00 PM,UNIVERSITY BLVD,NA,Single Vehicle,Clear,Dry,Medium,Flashing Traffic Control Signal,NONE DETECTED,No,NA,NA,NA,NA,Passenger Car,NA,35,No,2002,FORD,MUSTANG,38.98863987,-76.98746783,2025,10,23
250047736,Property Damage Crash,10/23/2025 10:33:00 PM,NA,NA,"Sideswipe, Same Direction",Clear,NA,Medium,NA,NONE DETECTED,Yes,No Apparent Injury,NA,Unknown,MD,Passenger Car,Turning Left,0,No,2021,TOYOTA,PRIUS PRIME,38.9812606,-77.09445293,2025,10,22
250047737,Property Damage Crash,10/23/2025 10:32:00 PM,SAMPSON RD,NA,"Sideswipe, Same Direction",Clear,Dry,Medium,No Controls,NONE DETECTED,No,No Apparent Injury,NA,Unknown,NA,Passenger Car,NA,25,No,2015,HONDA,CIVIC,39.05337237,-77.07916552,2025,10,22
250047741,Property Damage Crash,10/23/2025 10:30:00 PM,ROSS RD,NA,"Sideswipe, Opposite Direction",Clear,Dry,Medium,No Controls,NONE DETECTED,Yes,No Apparent Injury,NA,Unknown,MD,Pickup,Backing,15,No,2018,CHEVROLET,SILVERADO,38.99780423,-77.05189124,2025,10,22
250047735,Property Damage Crash,10/23/2025 10:27:00 PM,ROCKLEDGE DR (SB/L),NA,Angle,Clear,Dry,Medium,Flashing Traffic Control Signal,NONE DETECTED,No,No Apparent Injury,NA,Not Distracted,MD,Passenger Car,Slowing or Stopping,30,No,2025,TESLA,MODEL 3,39.0297854,-77.13236426,2025,10,22
250047735,Property Damage Crash,10/23/2025 10:27:00 PM,ROCKLEDGE DR (SB/L),NA,Angle,Clear,Dry,Medium,Flashing Traffic Control Signal,NONE DETECTED,No,No Apparent Injury,Failed to Yield Right-of-Way,Not Distracted,MD,Sport Utility Vehicle,Turning Left,30,No,2020,FORD,ECOSPORT,39.0297854,-77.13236426,2025,10,22
250047229,Injury Crash,10/23/2025 09:54:00 PM,VEIRS MILL RD,NA,Front to Rear,Clear,Dry,Medium,Traffic Control Signal,NONE DETECTED,No,Possible Minor Injury,NA,Not Distracted,MD,Van - Passenger (&lt;9 Seats),Parked,35,No,2007,TOYOTA,FJ CRUISER,39.0734701,-77.11231315,2025,10,21
250047229,Injury Crash,10/23/2025 09:54:00 PM,VEIRS MILL RD,NA,Front to Rear,Clear,Dry,Medium,Traffic Control Signal,NONE DETECTED,No,Possible Minor Injury,NA,Not Distracted,CA,Passenger Car,Parked,35,No,2020,FORD,TRANSIT,39.0734701,-77.11231315,2025,10,21
250047229,Injury Crash,10/23/2025 09:54:00 PM,VEIRS MILL RD,NA,Front to Rear,Clear,Dry,Medium,Traffic Control Signal,NONE DETECTED,Yes,Suspected Serious Injury,NA,Not Distracted,MD,Passenger Car,Moving Constant Speed,35,No,2004,FORD,THUNDERBIRD,39.0734701,-77.11231315,2025,10,21
250047723,Injury Crash,10/23/2025 09:10:00 PM,COLUMBIA PIKE (SB/L),NA,Front to Front,Clear,Dry,Medium,Traffic Control Signal,NONE DETECTED,Yes,Possible Minor Injury,NA,"Other Action (looking away from task, etc.)",MD,Passenger Car,Turning Left,30,No,2007,TOYOTA,COROLLA,39.09568526,-76.93811165,2025,10,21
250047723,Injury Crash,10/23/2025 09:10:00 PM,COLUMBIA PIKE (SB/L),NA,Front to Front,Clear,Dry,Medium,Traffic Control Signal,NONE DETECTED,No,No Apparent Injury,NA,Not Distracted,MD,Passenger Car,Moving Constant Speed,30,No,2013,TOYOTA,CAMRY,39.09568526,-76.93811165,2025,10,21
250047717,Property Damage Crash,10/23/2025 07:54:00 PM,RICHTER FARM RD (EB/L),NA,Angle,Clear,Dry,Dark,Stop Sign,NONE DETECTED,No,No Apparent Injury,NA,Not Distracted,MD,Passenger Car,Accelerating,40,No,2026,HONDA,CR-V,39.16423808,-77.29620428,2025,10,19
250047717,Property Damage Crash,10/23/2025 07:54:00 PM,RICHTER FARM RD (EB/L),NA,Angle,Clear,Dry,Dark,Stop Sign,NONE DETECTED,No,No Apparent Injury,Ran Stop Sign,Unknown,MD,Passenger Car,NA,40,No,2020,JEEP,GRAND CHEROKEE,39.16423808,-77.29620428,2025,10,19
250047710,Injury Crash,10/23/2025 07:18:00 PM,NORBECK RD,NA,Front to Rear,Clear,Dry,Medium,No Controls,NONE DETECTED,Yes,Possible Minor Injury,NA,Not Distracted,MD,Passenger Car,Slowing or Stopping,35,No,2014,LEXUS,ES,39.10937906,-77.07714008,2025,10,19
250047710,Injury Crash,10/23/2025 07:18:00 PM,NORBECK RD,NA,Front to Rear,Clear,Dry,Medium,No Controls,NONE DETECTED,No,No Apparent Injury,NA,Not Distracted,MD,Single-Unit Truck,Slowing or Stopping,35,No,2019,FORD,F-650,39.10937906,-77.07714008,2025,10,19
250047702,Injury Crash,10/23/2025 05:55:00 PM,GRACE CHURCH RD,NA,Other,Clear,Dry,Daylight,Stop Sign,NONE DETECTED,No,No Apparent Injury,NA,Not Distracted,MD,Sport Utility Vehicle,Stopped in Traffic,20,No,2023,CHEVROLET,BOLT EUV,39.00416217,-77.04090533,2025,10,17
250047702,Injury Crash,10/23/2025 05:55:00 PM,GRACE CHURCH RD,NA,Other,Clear,Dry,Daylight,No Controls,NONE DETECTED,No,No Apparent Injury,NA,Not Distracted,MD,Van - Passenger (&lt;9 Seats),Moving Constant Speed,30,No,2004,CHEVROLET,EXPRESS,39.00416217,-77.04090533,2025,10,17
250047702,Injury Crash,10/23/2025 05:55:00 PM,GRACE CHURCH RD,NA,Other,Clear,Dry,Daylight,Stop Sign,NONE DETECTED,No,No Apparent Injury,NA,Not Distracted,MD,Sport Utility Vehicle,Accelerating,20,No,2023,TOYOTA,HIGHLANDER,39.00416217,-77.04090533,2025,10,17
250047694,Property Damage Crash,10/23/2025 05:41:00 PM,MUNCASTER MILL RD,NA,Angle,Clear,Dry,Daylight,Stop Sign,NONE DETECTED,Yes,No Apparent Injury,NA,Not Distracted,TX,Passenger Car,Turning Left,25,No,2013,FORD,FOCUS,39.13994367,-77.13425517,2025,10,17
250047694,Property Damage Crash,10/23/2025 05:41:00 PM,MUNCASTER MILL RD,NA,Angle,Clear,Dry,Daylight,No Controls,NONE DETECTED,No,No Apparent Injury,NA,Not Distracted,MD,Pickup,Moving Constant Speed,40,No,2016,CHEVROLET,COLORADO,39.13994367,-77.13425517,2025,10,17
250047713,Property Damage Crash,10/23/2025 05:40:00 PM,BALTIMORE RD,NA,Front to Rear,Clear,Dry,Medium,No Controls,NONE DETECTED,No,No Apparent Injury,NA,Not Distracted,MD,Passenger Car,Slowing or Stopping,25,No,2017,FORD,FIESTA,39.08449694,-77.13507815,2025,10,17
250047713,Property Damage Crash,10/23/2025 05:40:00 PM,BALTIMORE RD,NA,Front to Rear,Clear,Dry,Medium,No Controls,NONE DETECTED,No,No Apparent Injury,NA,Not Distracted,MD,Other Trucks,Slowing or Stopping,25,No,2020,ISUZU,NPR-HD,39.08449694,-77.13507815,2025,10,17
250047681,Property Damage Crash,10/23/2025 05:07:00 PM,GEORGIA AVE,NA,Angle,Clear,Dry,Daylight,No Controls,NONE DETECTED,No,No Apparent Injury,Disregarded Other Road Markings,Not Distracted,MD,Passenger Car,Parked,35,No,2020,TOYOTA,CAMRY,38.99501897,-77.02696675,2025,10,17
250047681,Property Damage Crash,10/23/2025 05:07:00 PM,GEORGIA AVE,NA,Angle,Clear,Dry,Daylight,No Controls,NONE DETECTED,Yes,No Apparent Injury,Other Improper Action,Not Distracted,MD,Bus - Transit,Turning Left,35,No,2020,NEW FLYER,XCELSIOR,38.99501897,-77.02696675,2025,10,17
250047684,Property Damage Crash,10/23/2025 05:04:00 PM,NA,NA,Other,Clear,Dry,Daylight,Traffic Control Signal,NONE DETECTED,Yes,No Apparent Injury,NA,Unknown,MD,Pickup,Entering Traffic Lane,40,No,1984,FORD,F-600,39.10995383,-77.21691117,2025,10,17
250047684,Property Damage Crash,10/23/2025 05:04:00 PM,NA,NA,Other,Clear,Dry,Daylight,Traffic Control Signal,NONE DETECTED,No,No Apparent Injury,NA,Unknown,MD,Passenger Car,Stopped in Traffic,50,No,2009,TOYOTA,COROLLA,39.10995383,-77.21691117,2025,10,17
250047684,Property Damage Crash,10/23/2025 05:04:00 PM,NA,NA,Other,Clear,Dry,Daylight,Traffic Control Signal,NONE DETECTED,No,No Apparent Injury,NA,Unknown,MD,Passenger Car,Moving Constant Speed,50,No,2015,NISSAN,SENTRA,39.10995383,-77.21691117,2025,10,17
250047679,Property Damage Crash,10/23/2025 04:44:00 PM,GRANDADS LA,NA,Single Vehicle,Clear,Dry,Daylight,Stop Sign,NONE DETECTED,Yes,No Apparent Injury,NA,Not Distracted,MD,Bus - School,Turning Left,25,No,2019,FREIGHTLINER,B2 BUS CHASSIS,39.1028617,-76.97806381,2025,10,16
250047675,Property Damage Crash,10/23/2025 04:43:00 PM,CONNECTICUT AVE (SB/L),NA,"Sideswipe, Same Direction",Clear,Dry,Daylight,No Controls,NONE DETECTED,No,No Apparent Injury,NA,Not Distracted,MD,Sport Utility Vehicle,Stopped in Traffic,35,No,2019,TOYOTA,RAV4,39.08413354,-77.07679888,2025,10,16
250047675,Property Damage Crash,10/23/2025 04:43:00 PM,CONNECTICUT AVE (SB/L),NA,"Sideswipe, Same Direction",Clear,Dry,Daylight,No Controls,NONE DETECTED,Yes,No Apparent Injury,NA,Unknown,NA,Passenger Car,Overtaking/Passing,35,No,2012,CHEVROLET,CAMARO,39.08413354,-77.07679888,2025,10,16
250047680,Property Damage Crash,10/23/2025 04:40:00 PM,SWEETWOOD AVE,NA,Single Vehicle,Clear,Dry,Daylight,No Controls,ALCOHOL PRESENT,Yes,No Apparent Injury,"Ran Off Roadway, Too Fast For Conditions",Unknown,MD,Passenger Car,NA,40,No,2006,BMW,650I,39.08542914,-77.21476973,2025,10,16
250047673,Injury Crash,10/23/2025 04:29:00 PM,CRABBS BRANCH WAY,NA,Angle,Clear,Dry,Daylight,Traffic Control Signal,NONE DETECTED,No,Possible Minor Injury,NA,Not Distracted,MD,Pickup,Moving Constant Speed,40,No,2013,TOYOTA,TACOMA,39.10644787,-77.15225355,2025,10,16
250047673,Injury Crash,10/23/2025 04:29:00 PM,CRABBS BRANCH WAY,NA,Angle,Clear,Dry,Daylight,Traffic Control Signal,NONE DETECTED,Yes,Possible Minor Injury,Failed to Yield Right-of-Way,Unknown,MD,Sport Utility Vehicle,Turning Left,40,No,2013,NISSAN,ROGUE,39.10644787,-77.15225355,2025,10,16
250047669,Property Damage Crash,10/23/2025 04:15:00 PM,MONTGOMERY VILLAGE AVE,NA,"Sideswipe, Same Direction",Clear,Dry,Daylight,Traffic Control Signal,NONE DETECTED,Yes,No Apparent Injury,NA,Unknown,MD,Passenger Car,Turning Right,35,No,2006,HONDA,ACCORD,39.18788412,-77.1972528,2025,10,16
250047669,Property Damage Crash,10/23/2025 04:15:00 PM,MONTGOMERY VILLAGE AVE,NA,"Sideswipe, Same Direction",Clear,Dry,Daylight,Traffic Control Signal,NONE DETECTED,No,No Apparent Injury,NA,Not Distracted,MD,Passenger Car,Turning Right,35,No,2021,KIA,FORTE,39.18788412,-77.1972528,2025,10,16
250047665,Property Damage Crash,10/23/2025 04:02:00 PM,E JEFFERSON ST,NA,"Sideswipe, Same Direction",Clear,Dry,Daylight,Traffic Control Signal,NONE DETECTED,Yes,No Apparent Injury,NA,Not Distracted,MD,Bus - Transit,Slowing or Stopping,30,No,2009,GILLIG,LOW FLOOR BUS,39.08193277,-77.14924276,2025,10,16
250047665,Property Damage Crash,10/23/2025 04:02:00 PM,E JEFFERSON ST,NA,"Sideswipe, Same Direction",Clear,Dry,Daylight,Traffic Control Signal,NONE DETECTED,No,No Apparent Injury,NA,Not Distracted,MD,Sport Utility Vehicle,Stopped in Traffic,30,No,2004,GMC,YUKON,39.08193277,-77.14924276,2025,10,16
250047664,Injury Crash,10/23/2025 03:30:00 PM,BAUER DR,Pedestrian,Single Vehicle,Clear,Dry,Daylight,Traffic Control Signal,NONE DETECTED,Yes,NA,NA,NA,NA,Pickup,Turning Right,30,No,0,NA,NA,39.09482915,-77.10933039,2025,10,15
250047658,Property Damage Crash,10/23/2025 03:20:00 PM,NA,NA,Rear To Rear,Clear,NA,Daylight,NA,NONE DETECTED,Yes,No Apparent Injury,Improper Backing,Not Distracted,MD,Passenger Car,Backing,0,No,2020,DODGE,CHARGER,39.06271818,-77.05364648,2025,10,15