Local Case Number,ACRS Report Type,Crash Date/Time,Road Name,Related Non-Motorist,Collision Type,Weather,Surface Condition,Light,Traffic Control,Driver Substance Abuse,Driver At Fault,Injury Severity,Circumstance,Driver Distracted By,Drivers License State,Vehicle Body Type,Vehicle Movement,Speed Limit,Driverless Vehicle,Vehicle Year,Vehicle Make,Vehicle Model,Latitude,Longitude,Year,Month,Hour
250047655,Property Damage Crash,10/23/2025 02:56:00 PM,TWINBROOK PKWY,NA,Front to Rear,Clear,Dry,Daylight,No Controls,NONE DETECTED,Yes,No Apparent Injury,NA,Not Distracted,MD,Passenger Car,Moving Constant Speed,30,No,2010,NISSAN,ROGUE,39.068515,-77.11410767,2025,10,14
250047655,Property Damage Crash,10/23/2025 02:56:00 PM,TWINBROOK PKWY,NA,Front to Rear,Clear,Dry,Daylight,No Controls,NONE DETECTED,No,No Apparent Injury,NA,Not Distracted,MD,Passenger Car,Slowing or Stopping,30,No,2023,HONDA,CIVIC,39.068515,-77.11410767,2025,10,14
250047632,Injury Crash,10/23/2025 12:42:00 PM,FREDERICK RD,Pedestrian,Single Vehicle,Clear,Dry,Daylight,No Controls,NONE DETECTED,Yes,No Apparent Injury,NA,Not Distracted,MD,Passenger Car,Entering Traffic Lane,35,No,2018,KIA,FORTE,39.1510325,-77.20995658,2025,10,12
250047633,Injury Crash,10/23/2025 12:29:00 PM,RIDGE RD (SB/L),NA,Front to Rear,Clear,Dry,Daylight,Traffic Control Signal,NONE DETECTED,No,Possible Minor Injury,NA,Unknown,MD,Passenger Car,Stopped in Traffic,40,No,2018,TOYOTA,PRIUS PRIME,39.25323264,-77.22966418,2025,10,12
250047633,Injury Crash,10/23/2025 12:29:00 PM,RIDGE RD (SB/L),NA,Front to Rear,Clear,Dry,Daylight,Traffic Control Signal,NONE DETECTED,Yes,No Apparent Injury,Other Improper Action,Unknown,MD,Pickup,Accelerating,40,No,2019,RAM,1500,39.25323264,-77.22966418,2025,10,12
250047623,Property Damage Crash,10/23/2025 11:20:00 AM,RAMP 1 FR IS 270 NB TO SHADY GROVE RD WB,NA,Angle,Clear,Dry,Daylight,Traffic Control Signal,NONE DETECTED,No,No Apparent Injury,NA,Not Distracted,MD,Sport Utility Vehicle,Entering Traffic Lane,35,No,2016,JEEP,CHEROKEE,39.11187014,-77.18699737,2025,10,11
250047623,Property Damage Crash,10/23/2025 11:20:00 AM,RAMP 1 FR IS 270 NB TO SHADY GROVE RD WB,NA,Angle,Clear,Dry,Daylight,Traffic Control Signal,NONE DETECTED,No,No Apparent Injury,NA,Not Distracted,MD,Passenger Car,Accelerating,35,No,2011,HYUNDAI,SONATA,39.11187014,-77.18699737,2025,10,11
250047619,Property Damage Crash,10/23/2025 10:53:00 AM,CONNECTICUT AVE,NA,Other,Clear,Dry,Daylight,Traffic Control Signal,NONE DETECTED,No,No Apparent Injury,NA,Unknown,MD,Passenger Car,Moving Constant Speed,35,No,2018,SUBARU,FORESTER,39.047286,-77.07558267,2025,10,10
250047619,Property Damage Crash,10/23/2025 10:53:00 AM,CONNECTICUT AVE,NA,Other,Clear,Dry,Daylight,Traffic Control Signal,NONE DETECTED,Yes,No Apparent Injury,NA,Unknown,MD,Passenger Car,Turning Left,35,No,2014,SUBARU,LEGACY,39.047286,-77.07558267,2025,10,10
250047739,Property Damage Crash,10/23/2025 10:47:00 AM,COUNSELMAN RD,NA,Single Vehicle,Clear,Dry,Daylight,No Controls,NONE DETECTED,No,NA,NA,NA,NA,Pickup,Moving Constant Speed,25,No,2020,FORD,F-150,39.01763553,-77.20750251,2025,10,10
250047613,Injury Crash,10/23/2025 10:35:00 AM,NA,Pedestrian,Single Vehicle,Clear,NA,Daylight,NA,NONE DETECTED,No,NA,NA,NA,NA,NA,Backing,0,No,0,NA,NA,39.14967717,-77.19967817,2025,10,10
250047605,Property Damage Crash,10/23/2025 09:30:00 AM,NICHOLSON LA,NA,Front to Front,Clear,Dry,Daylight,No Controls,NONE DETECTED,No,No Apparent Injury,NA,Not Distracted,MD,Sport Utility Vehicle,Moving Constant Speed,35,No,2016,TOYOTA,RAV4,39.04485435,-77.11139937,2025,10,9
250047605,Property Damage Crash,10/23/2025 09:30:00 AM,NICHOLSON LA,NA,Front to Front,Clear,Dry,Daylight,No Controls,NONE DETECTED,No,No Apparent Injury,Failed to Yield Right-of-Way,Unknown,MD,Van - Passenger (&lt;9 Seats),Entering Traffic Lane,35,No,2018,TOYOTA,SIENNA,39.04485435,-77.11139937,2025,10,9
250047598,Property Damage Crash,10/23/2025 08:20:00 AM,VEIRS MILL RD (WB/L),NA,Other,Clear,Dry,Daylight,Traffic Control Signal,NONE DETECTED,No,No Apparent Injury,NA,Unknown,MD,Van - Passenger (&lt;9 Seats),Moving Constant Speed,35,No,2003,CHEVROLET,EXPRESS,39.04861333,-77.06929083,2025,10,8
250047598,Property Damage Crash,10/23/2025 08:20:00 AM,VEIRS MILL RD (WB/L),NA,Other,Clear,Dry,Daylight,Traffic Control Signal,NONE DETECTED,No,No Apparent Injury,NA,Unknown,MD,Passenger Car,Turning Right,25,No,2018,LEXUS,IS,39.04861333,-77.06929083,2025,10,8
250047600,Property Damage Crash,10/23/2025 08:15:00 AM,CORRIGAN SQ ACCESS RD,NA,Front to Rear,Clear,Dry,Daylight,No Controls,NONE DETECTED,Yes,No Apparent Injury,Improper Backing,Not Distracted,MD,Sport Utility Vehicle,Backing,15,No,2020,JEEP,COMPASS,39.16925478,-77.17588746,2025,10,8
250047600,Property Damage Crash,10/23/2025 08:15:00 AM,CORRIGAN SQ ACCESS RD,NA,Front to Rear,Clear,Dry,Daylight,No Controls,NONE DETECTED,No,No Apparent Injury,NA,Not Distracted,MD,Sport Utility Vehicle,Stopped in Traffic,15,No,2025,HYUNDAI,PALISADE,39.16925478,-77.17588746,2025,10,8
250047593,Injury Crash,10/23/2025 07:50:00 AM,GERMANTOWN RD,NA,Front to Rear,Clear,Dry,Daylight,Traffic Control Signal,NONE DETECTED,Yes,No Apparent Injury,Other Improper Action,Unknown,MD,Passenger Car,Accelerating,40,No,2012,VOLKSWAGEN,CC,39.16254593,-77.28294716,2025,10,7
250047593,Injury Crash,10/23/2025 07:50:00 AM,GERMANTOWN RD,NA,Front to Rear,Clear,Dry,Daylight,Traffic Control Signal,NONE DETECTED,No,Possible Minor Injury,NA,Not Distracted,MD,Passenger Car,Accelerating,40,No,2007,TOYOTA,CAMRY,39.16254593,-77.28294716,2025,10,7
250047594,Property Damage Crash,10/23/2025 07:47:00 AM,NA,NA,Front to Rear,Clear,NA,Daylight,NA,NONE DETECTED,Yes,No Apparent Injury,"Failed to Keep in Proper Lane, Operated Motor Vehicle in Inattentive, Careless, Negligent, or Erratic Manner, Too Fast For Conditions",Unknown,MD,Passenger Car,NA,0,No,2006,HONDA,CIVIC,39.09016153,-77.07063687,2025,10,7
250047592,Injury Crash,10/23/2025 07:45:00 AM,GEORGIA AVE,NA,Front to Rear,Clear,Dry,Daylight,Lane Use Control Signal,NONE DETECTED,No,No Apparent Injury,NA,Not Distracted,MD,Passenger Car,Slowing or Stopping,35,No,2019,TOYOTA,RAV4,39.00766787,-77.03979935,2025,10,7
250047592,Injury Crash,10/23/2025 07:45:00 AM,GEORGIA AVE,NA,Front to Rear,Clear,Dry,Daylight,Lane Use Control Signal,NONE DETECTED,No,Possible Minor Injury,Disregarded Other Traffic Sign,Not Distracted,VA,Passenger Car,Slowing or Stopping,35,No,2025,TOYOTA,CAMRY,39.00766787,-77.03979935,2025,10,7
250047592,Injury Crash,10/23/2025 07:45:00 AM,GEORGIA AVE,NA,Front to Rear,Clear,Dry,Daylight,Lane Use Control Signal,NONE DETECTED,Yes,No Apparent Injury,Followed Too Closely,Not Distracted,MD,Passenger Car,Moving Constant Speed,35,No,2019,SUBARU,FORESTER,39.00766787,-77.03979935,2025,10,7
250047588,Injury Crash,10/23/2025 05:30:00 AM,NA,NA,Front to Rear,Clear,Dry,Medium,Traffic Control Signal,NONE DETECTED,Yes,No Apparent Injury,"Operated Motor Vehicle in Inattentive, Careless, Negligent, or Erratic Manner",Unknown,MD,Van - Passenger (&lt;9 Seats),Slowing or Stopping,30,No,2001,TOYOTA,SIENNA,38.96307744,-77.10108704,2025,10,5
250047588,Injury Crash,10/23/2025 05:30:00 AM,NA,NA,Front to Rear,Clear,Dry,Medium,Traffic Control Signal,NONE DETECTED,No,Possible Minor Injury,NA,Not Distracted,MD,Passenger Car,Stopped in Traffic,30,No,2016,TOYOTA,PRIUS V,38.96307744,-77.10108704,2025,10,5
250047585,Property Damage Crash,10/23/2025 01:23:00 AM,N WASHINGTON ST,NA,Single Vehicle,Clear,Dry,Medium,Traffic Control Signal,NONE DETECTED,No,No Apparent Injury,NA,Not Distracted,MD,Passenger Car,Accelerating,35,No,2008,NISSAN,VERSA,39.09174674,-77.15342411,2025,10,1
250035577,Property Damage Crash,10/23/2025 12:07:00 AM,HUNGERFORD DR (SB/L),NA,Single Vehicle,Clear,Dry,Medium,Traffic Control Signal,ALCOHOL PRESENT,No,No Apparent Injury,NA,Unknown,MD,Passenger Car,Accelerating,35,No,2021,BMW,530E,39.08750173,-77.15041797,2025,10,0
250047569,Property Damage Crash,10/22/2025 09:31:00 PM,FREDERICK RD,NA,Single Vehicle,Clear,Dry,Medium,Traffic Control Signal,NONE DETECTED,Yes,No Apparent Injury,NA,Not Distracted,MD,Sport Utility Vehicle,Moving Constant Speed,30,No,2015,ACURA,RDX,39.23742961,-77.2778202,2025,10,21
250047562,Property Damage Crash,10/22/2025 09:01:00 PM,LEXINGTON ST,NA,Front to Rear,Clear,Dry,Medium,Traffic Control Signal,ALCOHOL PRESENT,No,No Apparent Injury,NA,Not Distracted,MD,Sport Utility Vehicle,Stopped in Traffic,35,No,2020,TOYOTA,RAV4,39.03359158,-77.07265102,2025,10,21
250047562,Property Damage Crash,10/22/2025 09:01:00 PM,LEXINGTON ST,NA,Front to Rear,Clear,Dry,Medium,Traffic Control Signal,NONE DETECTED,Yes,No Apparent Injury,Improper Backing,Not Distracted,MD,Sport Utility Vehicle,Backing,35,No,1999,ISUZU,RODEO/AMIGO,39.03359158,-77.07265102,2025,10,21
250047401,Property Damage Crash,10/22/2025 08:54:00 PM,TWO FARM DR,NA,Single Vehicle,Clear,Wet,Dark,No Controls,ALCOHOL PRESENT,Yes,No Apparent Injury,NA,Unknown,MD,Passenger Car,NA,15,No,2016,FORD,EXPLORER,39.06976853,-77.00788952,2025,10,20
250047560,Property Damage Crash,10/22/2025 08:33:00 PM,LINDEN LA,NA,Angle,Clear,Dry,Medium,Traffic Control Signal,NONE DETECTED,No,No Apparent Injury,NA,Not Distracted,MD,Pickup,Moving Constant Speed,35,No,2017,FORD,F-250,39.00887767,-77.04345967,2025,10,20
250047560,Property Damage Crash,10/22/2025 08:33:00 PM,LINDEN LA,NA,Angle,Clear,Dry,Medium,Traffic Control Signal,NONE DETECTED,Yes,No Apparent Injury,NA,Not Distracted,MD,Passenger Car,Turning Left,35,No,2023,DODGE,CHARGER,39.00887767,-77.04345967,2025,10,20
250047544,Property Damage Crash,10/22/2025 07:06:00 PM,FRANKLIN AVE,NA,Angle,Clear,Dry,Medium,Traffic Control Signal,NONE DETECTED,No,NA,NA,NA,NA,NA,Moving Constant Speed,35,No,0,NA,NA,39.01214433,-77.00277683,2025,10,19
250047544,Property Damage Crash,10/22/2025 07:06:00 PM,FRANKLIN AVE,NA,Angle,Clear,Dry,Medium,Traffic Control Signal,NONE DETECTED,No,No Apparent Injury,NA,Not Distracted,NA,Moped Or motorized bicycle,Turning Left,35,No,2024,ZHILONG,BWS,39.01214433,-77.00277683,2025,10,19
250047542,Property Damage Crash,10/22/2025 06:40:00 PM,COLESVILLE RD,NA,Front to Rear,Clear,Dry,Medium,No Controls,NONE DETECTED,No,No Apparent Injury,NA,Not Distracted,MD,Passenger Car,Slowing or Stopping,35,No,2014,TOYOTA,COROLLA,39.01050417,-77.017371,2025,10,18
250047542,Property Damage Crash,10/22/2025 06:40:00 PM,COLESVILLE RD,NA,Front to Rear,Clear,Dry,Medium,No Controls,NONE DETECTED,Yes,No Apparent Injury,Followed Too Closely,Not Distracted,MD,Passenger Car,Slowing or Stopping,35,No,2015,NISSAN,VERSA,39.01050417,-77.017371,2025,10,18
250047533,Property Damage Crash,10/22/2025 06:00:00 PM,NA,NA,Single Vehicle,Clear,NA,Dark,NA,NONE DETECTED,Yes,No Apparent Injury,Improper Backing,Not Distracted,MD,Passenger Car,Backing,0,No,2022,FORD,EXPLORER,38.99115934,-77.02694506,2025,10,18
250047534,Property Damage Crash,10/22/2025 05:53:00 PM,WATKINS MILL RD (SB/L),NA,Front to Rear,Clear,Dry,Medium,Stop Sign,NONE DETECTED,No,NA,NA,NA,NA,Passenger Car,Slowing or Stopping,30,No,0,NA,NA,39.16222947,-77.21443792,2025,10,17
250047534,Property Damage Crash,10/22/2025 05:53:00 PM,WATKINS MILL RD (SB/L),NA,Front to Rear,Clear,Dry,Medium,Stop Sign,NONE DETECTED,No,No Apparent Injury,NA,Not Distracted,MD,Passenger Car,Stopped in Traffic,30,No,2012,HYUNDAI,ACCENT,39.16222947,-77.21443792,2025,10,17
250047531,Property Damage Crash,10/22/2025 05:43:00 PM,NA,NA,Front to Rear,Clear,Dry,Medium,Traffic Control Signal,NONE DETECTED,No,No Apparent Injury,NA,Not Distracted,MD,Passenger Car,Stopped in Traffic,35,No,2011,TOYOTA,CAMRY,39.09693283,-77.10769319,2025,10,17
250047531,Property Damage Crash,10/22/2025 05:43:00 PM,NA,NA,Front to Rear,Clear,Dry,Medium,Traffic Control Signal,NONE DETECTED,Yes,No Apparent Injury,"Operated Motor Vehicle in Inattentive, Careless, Negligent, or Erratic Manner",Not Distracted,PA,Passenger Car,Slowing or Stopping,35,No,2019,MITSUBISHI,MIRAGE G4,39.09693283,-77.10769319,2025,10,17
250047529,Injury Crash,10/22/2025 05:42:00 PM,NA,NA,"Sideswipe, Opposite Direction",Clear,Dry,Daylight,No Controls,NONE DETECTED,Yes,Possible Minor Injury,NA,Unknown,MD,Passenger Car,Entering Traffic Lane,25,No,2025,MAZDA,MAZDA3,39.1088306,-76.93592805,2025,10,17
250047529,Injury Crash,10/22/2025 05:42:00 PM,NA,NA,"Sideswipe, Opposite Direction",Clear,Dry,Daylight,No Controls,NONE DETECTED,No,Possible Minor Injury,NA,Unknown,MD,Passenger Car,Moving Constant Speed,25,No,2022,FORD,MAVERICK,39.1088306,-76.93592805,2025,10,17
250047525,Property Damage Crash,10/22/2025 05:14:00 PM,VENETIAN RD,NA,"Sideswipe, Same Direction",Clear,Dry,Daylight,No Controls,NONE DETECTED,Yes,No Apparent Injury,NA,"Other Action (looking away from task, etc.)",MD,Passenger Car,Moving Constant Speed,25,No,2009,HYUNDAI,SANTA FE,39.0707854,-76.99862055,2025,10,17
250047526,Property Damage Crash,10/22/2025 04:27:00 PM,COLESVILLE RD,NA,"Sideswipe, Same Direction",Clear,Dry,Daylight,Traffic Control Signal,NONE DETECTED,No,NA,NA,NA,NA,Bus - Other Type,Changing Lanes,35,No,2018,MOTOR COACH INDUSTRI,D4505,38.99578211,-77.02842843,2025,10,16
250047526,Property Damage Crash,10/22/2025 04:27:00 PM,COLESVILLE RD,NA,"Sideswipe, Same Direction",Clear,Dry,Daylight,Traffic Control Signal,NONE DETECTED,No,No Apparent Injury,NA,Not Distracted,MD,Passenger Car,Moving Constant Speed,35,No,2016,TOYOTA,CAMRY,38.99578211,-77.02842843,2025,10,16
250047508,Injury Crash,10/22/2025 03:26:00 PM,W VIRGINIA AVE,NA,Front to Front,Clear,Dry,Daylight,No Controls,NONE DETECTED,No,Suspected Serious Injury,NA,Not Distracted,MD,Passenger Car,Moving Constant Speed,25,No,2023,BMW,M240I,38.99082996,-77.08799751,2025,10,15
250047504,Property Damage Crash,10/22/2025 03:06:00 PM,NORBECK RD (WB/L),NA,Angle,Cloudy,Dry,Daylight,Traffic Control Signal,NONE DETECTED,No,No Apparent Injury,NA,Not Distracted,PA,Truck Tractor,Turning Right,35,No,2022,VOLVO TRUCK,VNL,39.09618882,-77.10989971,2025,10,15
250047504,Property Damage Crash,10/22/2025 03:06:00 PM,NORBECK RD (WB/L),NA,Angle,Cloudy,Dry,Daylight,Traffic Control Signal,NONE DETECTED,Yes,No Apparent Injury,Other Improper Action,Not Distracted,MD,Bus - Transit,Changing Lanes,35,No,2013,GILLIG,CITY TRANSIT BUS,39.09618882,-77.10989971,2025,10,15
250047517,Property Damage Crash,10/22/2025 02:50:00 PM,NA,NA,"Sideswipe, Opposite Direction",Clear,NA,Daylight,NA,NONE DETECTED,No,NA,NA,NA,NA,Passenger Car,Turning Right,0,No,2015,VOLKSWAGEN,PASSAT,38.98251404,-77.09726969,2025,10,14
250047496,Property Damage Crash,10/22/2025 02:45:00 PM,COLESVILLE RD,NA,"Sideswipe, Same Direction",Clear,Dry,Daylight,No Controls,NONE DETECTED,Yes,No Apparent Injury,Too Fast For Conditions,Not Distracted,MD,Passenger Car,Moving Constant Speed,35,No,2014,LEXUS,IS,39.01574467,-77.01632867,2025,10,14
250047496,Property Damage Crash,10/22/2025 02:45:00 PM,COLESVILLE RD,NA,"Sideswipe, Same Direction",Clear,Dry,Daylight,No Controls,NONE DETECTED,No,No Apparent Injury,NA,Not Distracted,MD,Passenger Car,Moving Constant Speed,35,No,2024,JEEP,WRANGLER,39.01574467,-77.01632867,2025,10,14
250047499,Property Damage Crash,10/22/2025 02:40:00 PM,MONTROSE RD,NA,Single Vehicle,Clear,Dry,Daylight,No Controls,NONE DETECTED,No,No Apparent Injury,NA,Not Distracted,MD,Passenger Car,Moving Constant Speed,40,No,2022,HYUNDAI,ELANTRA,39.05333233,-77.13236789,2025,10,14
250047491,Injury Crash,10/22/2025 02:15:00 PM,GERMANTOWN RD (SB/L),NA,Front to Rear,Clear,Dry,Daylight,Traffic Control Signal,NONE DETECTED,Yes,No Apparent Injury,Followed Too Closely,Not Distracted,MD,Bus - Transit,Slowing or Stopping,40,No,2017,GILLIG,LOW FLOOR BUS,39.18658167,-77.25319,2025,10,14
250047492,Property Damage Crash,10/22/2025 02:15:00 PM,GEORGIA AVE (SB/L),NA,Front to Rear,Clear,Dry,Daylight,Traffic Control Signal,NONE DETECTED,Yes,No Apparent Injury,NA,Not Distracted,MD,Passenger Car,Slowing or Stopping,40,No,2018,LEXUS,GX,39.12612959,-77.07247198,2025,10,14
250047491,Injury Crash,10/22/2025 02:15:00 PM,GERMANTOWN RD (SB/L),NA,Front to Rear,Clear,Dry,Daylight,Traffic Control Signal,NONE DETECTED,No,No Apparent Injury,NA,Not Distracted,MD,Passenger Car,Slowing or Stopping,40,No,2007,HONDA,ACCORD,39.18658167,-77.25319,2025,10,14
250047492,Property Damage Crash,10/22/2025 02:15:00 PM,GEORGIA AVE (SB/L),NA,Front to Rear,Clear,Dry,Daylight,Traffic Control Signal,NONE DETECTED,No,No Apparent Injury,NA,Not Distracted,MD,Passenger Car,Slowing or Stopping,40,No,2012,INFINITI,M37,39.12612959,-77.07247198,2025,10,14
25004787,Injury Crash,10/22/2025 01:08:00 PM,HUNGERFORD DR (SB/L),NA,"Sideswipe, Same Direction",Clear,Dry,Daylight,No Controls,NONE DETECTED,No,No Apparent Injury,NA,Not Distracted,MD,Passenger Car,Moving Constant Speed,35,No,2009,TOYOTA,AVALON,39.10415528,-77.15659243,2025,10,13
25004787,Injury Crash,10/22/2025 01:08:00 PM,HUNGERFORD DR (SB/L),NA,"Sideswipe, Same Direction",Clear,Dry,Daylight,No Controls,NONE DETECTED,No,Possible Minor Injury,Failed to Yield Right-of-Way,Not Distracted,MD,Passenger Car,Moving Constant Speed,35,No,2018,VOLKSWAGEN,JETTA,39.10415528,-77.15659243,2025,10,13
250047481,Property Damage Crash,10/22/2025 12:35:00 PM,FAIRLAND RD,NA,Angle,Clear,Dry,Daylight,Traffic Control Signal,NONE DETECTED,No,No Apparent Injury,NA,Not Distracted,MD,Passenger Car,Slowing or Stopping,30,No,2014,TOYOTA,COROLLA,39.07305233,-76.95550929,2025,10,12
250047481,Property Damage Crash,10/22/2025 12:35:00 PM,FAIRLAND RD,NA,Angle,Clear,Dry,Daylight,Traffic Control Signal,NONE DETECTED,Yes,No Apparent Injury,NA,Not Distracted,MD,Single-Unit Truck,Turning Right,25,No,2024,KENWORTH,T480,39.07305233,-76.95550929,2025,10,12
250047291,Property Damage Crash,10/22/2025 12:25:00 PM,NA,NA,"Sideswipe, Opposite Direction",Clear,NA,Daylight,NA,NONE DETECTED,No,NA,NA,NA,NA,NA,Backing,0,No,0,NA,NA,39.28618028,-77.19935466,2025,10,12
250047439,Property Damage Crash,10/22/2025 09:11:00 AM,UNIVERSITY BLVD E (WB/L),NA,Angle,Clear,Dry,Daylight,Traffic Control Signal,NONE DETECTED,No,No Apparent Injury,NA,Not Distracted,NA,Passenger Car,Turning Left,30,No,2018,MAZDA,CX-5,39.01595664,-77.00544126,2025,10,9
250047439,Property Damage Crash,10/22/2025 09:11:00 AM,UNIVERSITY BLVD E (WB/L),NA,Angle,Clear,Dry,Daylight,Traffic Control Signal,NONE DETECTED,Yes,No Apparent Injury,"Operated Motor Vehicle in Inattentive, Careless, Negligent, or Erratic Manner, Ran Red Light",Not Distracted,MD,Passenger Car,Moving Constant Speed,35,No,2025,TOYOTA,RAV4,39.01595664,-77.00544126,2025,10,9
250047436,Injury Crash,10/22/2025 08:46:00 AM,WIGHTMAN RD,NA,Front to Front,Clear,Wet,Daylight,Traffic Control Signal,NONE DETECTED,Yes,Possible Minor Injury,NA,Not Distracted,MD,Sport Utility Vehicle,Turning Left,35,No,2024,SUBARU,OUTBACK,39.18775342,-77.1867497,2025,10,8
250047436,Injury Crash,10/22/2025 08:46:00 AM,WIGHTMAN RD,NA,Front to Front,Clear,Wet,Daylight,Traffic Control Signal,NONE DETECTED,No,No Apparent Injury,NA,Not Distracted,MD,Pickup,Moving Constant Speed,35,No,2007,FORD,F-250,39.18775342,-77.1867497,2025,10,8
250047436,Injury Crash,10/22/2025 08:46:00 AM,WIGHTMAN RD,NA,Front to Front,Clear,Wet,Daylight,Traffic Control Signal,NONE DETECTED,No,No Apparent Injury,NA,Not Distracted,MD,Sport Utility Vehicle,Stopped in Traffic,35,No,2020,BMW,X7,39.18775342,-77.1867497,2025,10,8
250047425,Injury Crash,10/22/2025 06:44:00 AM,RIDGE RD,NA,"Sideswipe, Same Direction",Clear,Wet,Medium,No Controls,NONE DETECTED,Yes,Possible Minor Injury,"Failed to Keep in Proper Lane, Wrong Side",Not Distracted,MD,Passenger Car,Backing,30,No,2019,CHEVROLET,SILVERADO HD,39.30521045,-77.19762611,2025,10,6
250047425,Injury Crash,10/22/2025 06:44:00 AM,RIDGE RD,NA,"Sideswipe, Same Direction",Clear,Wet,Medium,No Controls,NONE DETECTED,No,Possible Minor Injury,NA,Not Distracted,MD,Passenger Car,Stopped in Traffic,30,No,2016,CHEVROLET,MALIBU,39.30521045,-77.19762611,2025,10,6
250047425,Injury Crash,10/22/2025 06:44:00 AM,RIDGE RD,NA,"Sideswipe, Same Direction",Clear,Wet,Medium,No Controls,NONE DETECTED,No,Possible Minor Injury,Too Fast For Conditions,Unknown,MD,Single-Unit Truck,Moving Constant Speed,30,No,2019,PETERBILT,567,39.30521045,-77.19762611,2025,10,6
250047419,Property Damage Crash,10/22/2025 04:45:00 AM,NEW HAMPSHIRE AVE,NA,"Sideswipe, Same Direction",Clear,Wet,Medium,No Controls,NONE DETECTED,No,No Apparent Injury,"Operated Motor Vehicle in Inattentive, Careless, Negligent, or Erratic Manner, Other Improper Action",Unknown,NA,Passenger Car,Changing Lanes,35,No,0,NA,NA,39.01558173,-76.97765333,2025,10,4
250047419,Property Damage Crash,10/22/2025 04:45:00 AM,NEW HAMPSHIRE AVE,NA,"Sideswipe, Same Direction",Clear,Wet,Medium,No Controls,NONE DETECTED,No,No Apparent Injury,NA,Not Distracted,MD,Passenger Car,Moving Constant Speed,35,No,2014,HONDA,CIVIC,39.01558173,-76.97765333,2025,10,4
250047400,Property Damage Crash,10/21/2025 09:38:00 PM,GEORGIA AVE (SB/L),NA,Single Vehicle,Rain,Wet,Medium,No Controls,NONE DETECTED,No,No Apparent Injury,NA,Not Distracted,MD,Passenger Car,Slowing or Stopping,45,No,2024,DODGE,DURANGO,39.11237533,-77.07582217,2025,10,21
250047391,Property Damage Crash,10/21/2025 08:37:00 PM,CHRISTOPHER AVE (NB/L),NA,Front to Rear,Clear,Dry,Medium,Traffic Control Signal,NONE DETECTED,Yes,No Apparent Injury,NA,Unknown,MD,Passenger Car,Moving Constant Speed,35,No,2023,TOYOTA,CAMRY,39.158136,-77.20424583,2025,10,20
250047391,Property Damage Crash,10/21/2025 08:37:00 PM,CHRISTOPHER AVE (NB/L),NA,Front to Rear,Clear,Dry,Medium,Traffic Control Signal,NONE DETECTED,No,No Apparent Injury,NA,Not Distracted,MD,Passenger Car,Slowing or Stopping,35,No,2010,HONDA,CR-V,39.158136,-77.20424583,2025,10,20
250047376,Injury Crash,10/21/2025 07:45:00 PM,GEORGIA AVE,NA,Front to Rear,Clear,Dry,Dark,No Controls,NONE DETECTED,Yes,No Apparent Injury,Followed Too Closely,Not Distracted,FL,Passenger Car,Moving Constant Speed,35,No,2022,FORD,F-250,39.0514405,-77.05147767,2025,10,19
250047376,Injury Crash,10/21/2025 07:45:00 PM,GEORGIA AVE,NA,Front to Rear,Clear,Dry,Dark,No Controls,NONE DETECTED,No,Possible Minor Injury,NA,Not Distracted,MD,Passenger Car,Slowing or Stopping,35,No,2012,HONDA,CIVIC,39.0514405,-77.05147767,2025,10,19
250047376,Injury Crash,10/21/2025 07:45:00 PM,GEORGIA AVE,NA,Front to Rear,Clear,Dry,Dark,No Controls,NONE DETECTED,No,No Apparent Injury,NA,Not Distracted,DC,Passenger Car,Slowing or Stopping,35,No,2020,TOYOTA,COROLLA,39.0514405,-77.05147767,2025,10,19