Local Case Number,ACRS Report Type,Crash Date/Time,Road Name,Related Non-Motorist,Collision Type,Weather,Surface Condition,Light,Traffic Control,Driver Substance Abuse,Driver At Fault,Injury Severity,Circumstance,Driver Distracted By,Drivers License State,Vehicle Body Type,Vehicle Movement,Speed Limit,Driverless Vehicle,Vehicle Year,Vehicle Make,Vehicle Model,Latitude,Longitude,Year,Month,Hour
250047380,Property Damage Crash,10/21/2025 07:39:00 PM,CRESTED IRIS DR,NA,Front to Rear,Clear,Dry,Medium,No Controls,NONE DETECTED,Yes,No Apparent Injury,"Operated Motor Vehicle in Inattentive, Careless, Negligent, or Erratic Manner",Unknown,MD,Passenger Car,Moving Constant Speed,35,No,2005,TOYOTA,CAMRY,39.180085,-77.21012467,2025,10,19
250047380,Property Damage Crash,10/21/2025 07:39:00 PM,CRESTED IRIS DR,NA,Front to Rear,Clear,Dry,Medium,No Controls,NONE DETECTED,No,No Apparent Injury,NA,Not Distracted,MD,Sport Utility Vehicle,Slowing or Stopping,35,No,2024,HONDA,CR-V,39.180085,-77.21012467,2025,10,19
250047371,Property Damage Crash,10/21/2025 07:20:00 PM,NA,NA,Single Vehicle,Clear,NA,Medium,NA,NONE DETECTED,Yes,No Apparent Injury,NA,Unknown,MD,Other Trucks,Backing,0,No,2015,SEAGRAVE,TK,39.04690457,-77.05158271,2025,10,19
250047367,Property Damage Crash,10/21/2025 06:55:00 PM,E DIAMOND AVE,NA,Other,Clear,Dry,Medium,No Controls,NONE DETECTED,No,No Apparent Injury,NA,Not Distracted,MD,Sport Utility Vehicle,Stopped in Traffic,30,No,2009,BUICK,ENCLAVE,39.141818,-77.195451,2025,10,18
250047367,Property Damage Crash,10/21/2025 06:55:00 PM,E DIAMOND AVE,NA,Other,Clear,Dry,Medium,No Controls,ALCOHOL PRESENT,Yes,No Apparent Injury,"Failed to Keep in Proper Lane, Operated Motor Vehicle in Inattentive, Careless, Negligent, or Erratic Manner",Unknown,MD,Pickup,Moving Constant Speed,30,No,2000,CHEVROLET,SILVERADO,39.141818,-77.195451,2025,10,18
250047367,Property Damage Crash,10/21/2025 06:55:00 PM,E DIAMOND AVE,NA,Other,Clear,Dry,Medium,No Controls,NONE DETECTED,No,No Apparent Injury,NA,Not Distracted,MD,Passenger Car,Moving Constant Speed,30,No,2022,FORD,MUSTANG,39.141818,-77.195451,2025,10,18
250047368,Injury Crash,10/21/2025 06:25:00 PM,BEALLSVILLE RD,NA,Single Vehicle,Clear,Dry,Dark,No Controls,NONE DETECTED,No,Possible Minor Injury,NA,Not Distracted,MD,Passenger Car,Moving Constant Speed,40,No,2016,NISSAN,MAXIMA,39.19328508,-77.39877811,2025,10,18
250047369,Property Damage Crash,10/21/2025 06:17:00 PM,UNIVERSITY BLVD W (WB/L),NA,Front to Rear,Clear,Dry,Medium,No Controls,NONE DETECTED,No,No Apparent Injury,NA,Not Distracted,MD,Passenger Car,Turning Left,35,No,2010,TOYOTA,CAMRY,39.040274170000004,-77.05530483,2025,10,18
250047369,Property Damage Crash,10/21/2025 06:17:00 PM,UNIVERSITY BLVD W (WB/L),NA,Front to Rear,Clear,Dry,Medium,No Controls,NONE DETECTED,No,No Apparent Injury,"Operated Motor Vehicle in Inattentive, Careless, Negligent, or Erratic Manner",Unknown,NA,Passenger Car,Moving Constant Speed,35,No,0,NA,NA,39.040274170000004,-77.05530483,2025,10,18
250047355,Injury Crash,10/21/2025 05:45:00 PM,NA,NA,Angle,Clear,Dry,Daylight,Traffic Control Signal,NONE DETECTED,Yes,Possible Minor Injury,"Failed to Yield Right-of-Way, Ran Red Light",Not Distracted,MD,Sport Utility Vehicle,Turning Left,35,No,2021,HONDA,PILOT,39.16026383,-77.19220467,2025,10,17
250047355,Injury Crash,10/21/2025 05:45:00 PM,NA,NA,Angle,Clear,Dry,Daylight,Traffic Control Signal,NONE DETECTED,No,No Apparent Injury,NA,Not Distracted,MD,Sport Utility Vehicle,Accelerating,35,No,2025,CHEVROLET,TRAVERSE,39.16026383,-77.19220467,2025,10,17
250047346,Injury Crash,10/21/2025 05:05:00 PM,NA,NA,Other,Clear,NA,Daylight,NA,NONE DETECTED,No,Possible Minor Injury,NA,Unknown,DC,Passenger Car,Backing,0,No,2013,HONDA,CIVIC,38.988167,-77.02726167,2025,10,17
250047348,Property Damage Crash,10/21/2025 04:48:00 PM,DURHAM DR,NA,"Sideswipe, Same Direction",Clear,Dry,Daylight,No Controls,NONE DETECTED,Yes,No Apparent Injury,Other Improper Action,Not Distracted,MD,Bus - School,Moving Constant Speed,25,No,2015,THOMAS BUILT,HDX,39.00136305,-77.19065139,2025,10,16
250047351,Property Damage Crash,10/21/2025 04:23:00 PM,NA,NA,Other,Clear,NA,Daylight,NA,NONE DETECTED,No,No Apparent Injury,NA,Not Distracted,MD,Passenger Car,Turning Left,0,No,2023,TESLA,MODEL Y,39.13174459,-77.2319938,2025,10,16
250047351,Property Damage Crash,10/21/2025 04:23:00 PM,NA,NA,Other,Clear,NA,Daylight,NA,NONE DETECTED,No,No Apparent Injury,NA,Unknown,MD,Passenger Car,Moving Constant Speed,0,No,2009,TOYOTA,COROLLA,39.13174459,-77.2319938,2025,10,16
250047340,Property Damage Crash,10/21/2025 04:08:00 PM,KEY WEST AVE,NA,Front to Rear,Clear,Dry,Daylight,Traffic Control Signal,NONE DETECTED,No,No Apparent Injury,NA,Not Distracted,MD,Passenger Car,Slowing or Stopping,40,No,2013,CHEVROLET,MALIBU,39.10331668,-77.20604945,2025,10,16
250047340,Property Damage Crash,10/21/2025 04:08:00 PM,KEY WEST AVE,NA,Front to Rear,Clear,Dry,Daylight,Traffic Control Signal,NONE DETECTED,Yes,No Apparent Injury,NA,Unknown,MD,Passenger Car,Moving Constant Speed,40,No,2019,HONDA,ODYSSEY,39.10331668,-77.20604945,2025,10,16
250047344,Property Damage Crash,10/21/2025 03:55:00 PM,TRAMS WAY,NA,Front to Rear,Clear,Dry,Daylight,No Controls,NONE DETECTED,No,No Apparent Injury,NA,Not Distracted,MD,Passenger Car,Turning Left,35,No,2010,ACURA,TL,39.17729909,-77.1894422,2025,10,15
250047344,Property Damage Crash,10/21/2025 03:55:00 PM,TRAMS WAY,NA,Front to Rear,Clear,Dry,Daylight,No Controls,NONE DETECTED,Yes,No Apparent Injury,Other Improper Action,Not Distracted,MD,Passenger Car,Moving Constant Speed,35,No,2017,HONDA,CIVIC,39.17729909,-77.1894422,2025,10,15
250047326,Injury Crash,10/21/2025 03:10:00 PM,CHOKE CHERRY RD (WB/L),NA,Angle,Clear,Dry,Daylight,Traffic Control Signal,NONE DETECTED,No,Possible Minor Injury,NA,Unknown,MD,Passenger Car,NA,30,No,2017,HONDA,ACCORD,39.11468367,-77.18552533,2025,10,15
250047327,Property Damage Crash,10/21/2025 03:10:00 PM,TANLEY RD,NA,Single Vehicle,Clear,Dry,Daylight,No Controls,NONE DETECTED,No,No Apparent Injury,NA,Not Distracted,MD,Bus - School,Making U-Turn,25,No,2020,THOMAS BUILT,HDX,39.05094367,-76.99791283,2025,10,15
250047326,Injury Crash,10/21/2025 03:10:00 PM,CHOKE CHERRY RD (WB/L),NA,Angle,Clear,Dry,Daylight,Traffic Control Signal,NONE DETECTED,Yes,No Apparent Injury,Failed to Yield Right-of-Way,Unknown,MD,Van - Passenger (&lt;9 Seats),Slowing or Stopping,40,No,2020,HONDA,ODYSSEY,39.11468367,-77.18552533,2025,10,15
250047320,Property Damage Crash,10/21/2025 03:00:00 PM,NA,NA,"Sideswipe, Same Direction",Clear,Dry,Daylight,No Controls,NONE DETECTED,Yes,No Apparent Injury,NA,Not Distracted,MD,Passenger Car,Overtaking/Passing,30,No,2011,NISSAN,SENTRA,38.986585,-77.02125767,2025,10,15
250047320,Property Damage Crash,10/21/2025 03:00:00 PM,NA,NA,"Sideswipe, Same Direction",Clear,Dry,Daylight,No Controls,NONE DETECTED,No,No Apparent Injury,NA,Not Distracted,MD,Bus - Transit,Parked,30,No,2016,NEW FLYER,XCELSIOR,38.986585,-77.02125767,2025,10,15
250047315,Injury Crash,10/21/2025 02:42:00 PM,RAMP 7 FR RP 2 (FR MD200 WB) TO US 29 SB,NA,Front to Rear,Clear,Dry,Daylight,Traffic Control Signal,NONE DETECTED,No,No Apparent Injury,NA,Not Distracted,VA,Passenger Car,Stopped in Traffic,50,No,2003,SATURN,ION,39.07406867,-76.955474,2025,10,14
250047315,Injury Crash,10/21/2025 02:42:00 PM,RAMP 7 FR RP 2 (FR MD200 WB) TO US 29 SB,NA,Front to Rear,Clear,Dry,Daylight,Traffic Control Signal,NONE DETECTED,No,No Apparent Injury,NA,Not Distracted,MD,Passenger Car,Stopped in Traffic,50,No,2020,NISSAN,KICKS,39.07406867,-76.955474,2025,10,14
250047315,Injury Crash,10/21/2025 02:42:00 PM,RAMP 7 FR RP 2 (FR MD200 WB) TO US 29 SB,NA,Front to Rear,Clear,Dry,Daylight,Traffic Control Signal,NONE DETECTED,No,Possible Minor Injury,NA,Not Distracted,PA,Passenger Car,Stopped in Traffic,50,No,2022,HYUNDAI,TUCSON,39.07406867,-76.955474,2025,10,14
250047315,Injury Crash,10/21/2025 02:42:00 PM,RAMP 7 FR RP 2 (FR MD200 WB) TO US 29 SB,NA,Front to Rear,Clear,Dry,Daylight,Traffic Control Signal,NONE DETECTED,No,No Apparent Injury,NA,Not Distracted,MD,Passenger Car,Stopped in Traffic,50,No,2013,AUDI,A6,39.07406867,-76.955474,2025,10,14
250047315,Injury Crash,10/21/2025 02:42:00 PM,RAMP 7 FR RP 2 (FR MD200 WB) TO US 29 SB,NA,Front to Rear,Clear,Dry,Daylight,Traffic Control Signal,NONE DETECTED,Yes,No Apparent Injury,Too Fast For Conditions,Unknown,MD,Passenger Car,Moving Constant Speed,50,No,2021,NISSAN,ROGUE,39.07406867,-76.955474,2025,10,14
250047317,Injury Crash,10/21/2025 02:31:00 PM,FREDERICK RD,NA,Other,Clear,Dry,Daylight,No Controls,NONE DETECTED,No,No Apparent Injury,NA,Not Distracted,VA,Passenger Car,Moving Constant Speed,30,No,2019,FORD,F-150,39.2842165,-77.315104,2025,10,14
250047317,Injury Crash,10/21/2025 02:31:00 PM,FREDERICK RD,NA,Other,Clear,Dry,Daylight,No Controls,NONE DETECTED,Yes,Possible Minor Injury,"Other Improper Action, Wrong Side",Unknown,MD,Passenger Car,Moving Constant Speed,30,No,2021,CHEVROLET,TRAILBLAZER,39.2842165,-77.315104,2025,10,14
250047312,Injury Crash,10/21/2025 02:25:00 PM,NA,NA,Single Vehicle,Clear,Dry,Daylight,No Controls,NONE DETECTED,No,Possible Minor Injury,NA,Unknown,MD,Passenger Car,Moving Constant Speed,40,No,2011,VOLKSWAGEN,JETTA,39.27587,-77.20409167,2025,10,14
250047303,Property Damage Crash,10/21/2025 01:53:00 PM,FIRST ST,NA,"Sideswipe, Same Direction",Clear,Dry,Daylight,No Controls,NONE DETECTED,No,No Apparent Injury,NA,Not Distracted,MD,Passenger Car,Stopped in Traffic,35,No,2023,FORD,EXPLORER,39.0793225,-77.13800983,2025,10,13
250047303,Property Damage Crash,10/21/2025 01:53:00 PM,FIRST ST,NA,"Sideswipe, Same Direction",Clear,Dry,Daylight,No Controls,NONE DETECTED,Yes,No Apparent Injury,Other Improper Action,Not Distracted,MD,Passenger Car,Changing Lanes,35,No,2024,TOYOTA,RAV4,39.0793225,-77.13800983,2025,10,13
250047111,Property Damage Crash,10/21/2025 01:08:00 PM,NA,NA,Rear To Rear,Clear,NA,Daylight,NA,NONE DETECTED,No,No Apparent Injury,NA,Not Distracted,MD,Passenger Car,Parked,0,No,2018,HONDA,ACCORD,39.02168767,-76.97548526,2025,10,13
250047111,Property Damage Crash,10/21/2025 01:08:00 PM,NA,NA,Rear To Rear,Clear,NA,Daylight,NA,NONE DETECTED,No,No Apparent Injury,Improper Backing,Not Distracted,NA,Passenger Car,Backing,0,No,2012,CHEVROLET,EQUINOX,39.02168767,-76.97548526,2025,10,13
250047297,Property Damage Crash,10/21/2025 12:20:00 PM,NA,NA,Front to Rear,Clear,NA,Daylight,NA,NONE DETECTED,No,No Apparent Injury,NA,Not Distracted,VA,Passenger Car,Stopped in Traffic,0,No,2008,MERCEDES-BENZ,CLK-CLASS,39.10409635,-77.19269876,2025,10,12
250047297,Property Damage Crash,10/21/2025 12:20:00 PM,NA,NA,Front to Rear,Clear,NA,Daylight,NA,NONE DETECTED,No,No Apparent Injury,Improper Backing,Unknown,NA,Passenger Car,Backing,0,No,2025,HYUNDAI,ELANTRA,39.10409635,-77.19269876,2025,10,12
250047287,Property Damage Crash,10/21/2025 11:35:00 AM,SHADY GROVE RD (SB/L),NA,Front to Front,Clear,Dry,Daylight,Traffic Control Signal,NONE DETECTED,No,No Apparent Injury,NA,Not Distracted,MD,Sport Utility Vehicle,Turning Left,40,No,2018,LEXUS,UNKNOWN,39.10762156,-77.18950026,2025,10,11
250047287,Property Damage Crash,10/21/2025 11:35:00 AM,SHADY GROVE RD (SB/L),NA,Front to Front,Clear,Dry,Daylight,Traffic Control Signal,NONE DETECTED,No,No Apparent Injury,NA,Not Distracted,MD,Passenger Car,Moving Constant Speed,40,No,2017,HONDA,CIVIC,39.10762156,-77.18950026,2025,10,11
250047270,Property Damage Crash,10/21/2025 11:19:00 AM,MEDICAL CENTER WAY,NA,Front to Front,Clear,Dry,Daylight,Traffic Control Signal,NONE DETECTED,No,No Apparent Injury,NA,Not Distracted,MD,Sport Utility Vehicle,Turning Left,40,No,2025,HYUNDAI,KONA,39.09714383,-77.19491767,2025,10,11
250047270,Property Damage Crash,10/21/2025 11:19:00 AM,MEDICAL CENTER WAY,NA,Front to Front,Clear,Dry,Daylight,Traffic Control Signal,NONE DETECTED,No,No Apparent Injury,NA,Not Distracted,MD,Passenger Car,Moving Constant Speed,40,No,2011,NISSAN,SENTRA,39.09714383,-77.19491767,2025,10,11
250047274,Injury Crash,10/21/2025 11:16:00 AM,WISCONSIN AVE (SB/L),NA,Front to Rear,Clear,Dry,Daylight,Traffic Control Signal,NONE DETECTED,Yes,No Apparent Injury,Followed Too Closely,Not Distracted,MD,Passenger Car,Moving Constant Speed,35,No,2014,TOYOTA,PRIUS V,38.96758581,-77.08880972,2025,10,11
250047274,Injury Crash,10/21/2025 11:16:00 AM,WISCONSIN AVE (SB/L),NA,Front to Rear,Clear,Dry,Daylight,Traffic Control Signal,NONE DETECTED,No,No Apparent Injury,NA,Not Distracted,MD,Passenger Car,Stopped in Traffic,35,No,2017,FORD,FUSION,38.96758581,-77.08880972,2025,10,11
250047289,Property Damage Crash,10/21/2025 10:57:00 AM,SHADY GROVE RD (SB/L),NA,Front to Rear,Clear,Dry,Daylight,Traffic Control Signal,NONE DETECTED,No,No Apparent Injury,NA,Not Distracted,MD,Sport Utility Vehicle,Accelerating,40,No,2011,TOYOTA,RAV4,39.10804667,-77.189228,2025,10,10
250047289,Property Damage Crash,10/21/2025 10:57:00 AM,SHADY GROVE RD (SB/L),NA,Front to Rear,Clear,Dry,Daylight,Traffic Control Signal,NONE DETECTED,No,No Apparent Injury,NA,Not Distracted,MD,Sport Utility Vehicle,Accelerating,40,No,2020,ACURA,MDX,39.10804667,-77.189228,2025,10,10
250047252,Property Damage Crash,10/21/2025 10:25:00 AM,NA,NA,Angle,Clear,NA,Daylight,NA,NONE DETECTED,Yes,No Apparent Injury,NA,Not Distracted,MD,Bus - School,Stopped in Traffic,0,No,2022,FREIGHTLINER,B2 BUS CHASSIS,39.13755744,-77.20631634,2025,10,10
250047245,Property Damage Crash,10/21/2025 09:00:00 AM,NA,NA,Single Vehicle,Clear,Dry,Daylight,No Controls,NONE DETECTED,Yes,No Apparent Injury,NA,Unknown,VA,Passenger Car,Moving Constant Speed,25,No,2018,MERCEDES-BENZ,CLA-CLASS,39.10729952,-77.19155409,2025,10,9
250047241,Injury Crash,10/21/2025 08:38:00 AM,ROCKVILLE PIKE (SB/L),NA,Front to Rear,Clear,Dry,Daylight,No Controls,NONE DETECTED,Yes,Possible Minor Injury,NA,Unknown,MD,Van - Passenger (&lt;9 Seats),Moving Constant Speed,35,No,2006,TOYOTA,SIENNA,39.046587,-77.112745,2025,10,8
250047241,Injury Crash,10/21/2025 08:38:00 AM,ROCKVILLE PIKE (SB/L),NA,Front to Rear,Clear,Dry,Daylight,No Controls,NONE DETECTED,No,No Apparent Injury,NA,Not Distracted,MD,Passenger Car,Stopped in Traffic,35,No,2024,ACURA,INTEGRA,39.046587,-77.112745,2025,10,8
250047241,Injury Crash,10/21/2025 08:38:00 AM,ROCKVILLE PIKE (SB/L),NA,Front to Rear,Clear,Dry,Daylight,No Controls,NONE DETECTED,No,Possible Minor Injury,NA,Not Distracted,MD,Passenger Car,Stopped in Traffic,35,No,2013,HONDA,CIVIC,39.046587,-77.112745,2025,10,8
250047235,Property Damage Crash,10/21/2025 08:30:00 AM,SHADY GROVE RD (SB/L),NA,Angle,Clear,Dry,Daylight,Traffic Control Signal,NONE DETECTED,Yes,No Apparent Injury,NA,Unknown,DE,Sport Utility Vehicle,Moving Constant Speed,40,No,2019,JEEP,COMPASS,39.11927515,-77.18243457,2025,10,8
250047235,Property Damage Crash,10/21/2025 08:30:00 AM,SHADY GROVE RD (SB/L),NA,Angle,Clear,Dry,Daylight,Traffic Control Signal,NONE DETECTED,Yes,No Apparent Injury,NA,Unknown,VA,Sport Utility Vehicle,Turning Left,40,No,2012,TOYOTA,RAV4,39.11927515,-77.18243457,2025,10,8
250047234,Property Damage Crash,10/21/2025 08:15:00 AM,COLESVILLE RD (SB/L),NA,Front to Rear,Clear,Dry,Daylight,No Controls,NONE DETECTED,Yes,No Apparent Injury,NA,Not Distracted,DC,Passenger Car,Slowing or Stopping,40,No,2019,TOYOTA,RAV4,39.0196255,-77.013585,2025,10,8
250047234,Property Damage Crash,10/21/2025 08:15:00 AM,COLESVILLE RD (SB/L),NA,Front to Rear,Clear,Dry,Daylight,No Controls,NONE DETECTED,No,No Apparent Injury,NA,Not Distracted,MD,Pickup,Slowing or Stopping,40,No,2021,CHEVROLET,EXPRESS,39.0196255,-77.013585,2025,10,8
250047232,Injury Crash,10/21/2025 08:08:00 AM,DARNESTOWN RD (WB/L),Pedestrian,Single Vehicle,Clear,Dry,Daylight,Traffic Control Signal,NONE DETECTED,No,No Apparent Injury,NA,Not Distracted,MD,Passenger Car,Turning Right,40,No,2020,TOYOTA,PRIUS PRIME,39.11602017,-77.24661333,2025,10,8
250047231,Injury Crash,10/21/2025 08:00:00 AM,CLOPPER RD,NA,Front to Rear,Clear,Dry,Daylight,Traffic Control Signal,NONE DETECTED,Yes,No Apparent Injury,"Followed Too Closely, Too Fast For Conditions",Unknown,MD,Passenger Car,Moving Constant Speed,35,No,2023,TESLA,MODEL Y,39.14256734,-77.22102586,2025,10,8
250047231,Injury Crash,10/21/2025 08:00:00 AM,CLOPPER RD,NA,Front to Rear,Clear,Dry,Daylight,Traffic Control Signal,NONE DETECTED,No,Possible Minor Injury,NA,Not Distracted,DC,Passenger Car,Stopped in Traffic,35,No,2016,HYUNDAI,ELANTRA,39.14256734,-77.22102586,2025,10,8
250047228,Injury Crash,10/21/2025 07:45:00 AM,LAYHILL RD,NA,Front to Rear,Clear,Dry,Daylight,No Controls,NONE DETECTED,No,Possible Minor Injury,NA,Not Distracted,MD,Passenger Car,Slowing or Stopping,40,No,2015,TOYOTA,RAV4,39.0964355,-77.04385983,2025,10,7
250047228,Injury Crash,10/21/2025 07:45:00 AM,LAYHILL RD,NA,Front to Rear,Clear,Dry,Daylight,No Controls,NONE DETECTED,Yes,No Apparent Injury,Too Fast For Conditions,Unknown,MD,Passenger Car,Slowing or Stopping,40,No,2018,CHEVROLET,TRAVERSE,39.0964355,-77.04385983,2025,10,7
250047225,Injury Crash,10/21/2025 04:40:00 AM,CHRISTOPHER AVE,NA,Rear To Side,Clear,Dry,Medium,Flashing Traffic Control Signal,NONE DETECTED,Yes,Possible Minor Injury,"Failed to Yield Right-of-Way, Operated Motor Vehicle in Inattentive, Careless, Negligent, or Erratic Manner, Ran Red Light",Unknown,MD,Passenger Car,Moving Constant Speed,30,No,2014,RAM,PROMASTER 1500,39.15754617,-77.21351767,2025,10,4
250047225,Injury Crash,10/21/2025 04:40:00 AM,CHRISTOPHER AVE,NA,Rear To Side,Clear,Dry,Medium,Flashing Traffic Control Signal,NONE DETECTED,No,Possible Minor Injury,NA,Not Distracted,MD,Passenger Car,Moving Constant Speed,25,No,2020,RAM,PROMASTER 2500,39.15754617,-77.21351767,2025,10,4
250047208,Property Damage Crash,10/20/2025 10:57:00 PM,NA,NA,"Sideswipe, Opposite Direction",Clear,NA,Medium,NA,NONE DETECTED,Yes,No Apparent Injury,NA,Not Distracted,MD,Passenger Car,Moving Constant Speed,0,No,2015,TOYOTA,CAMRY,39.1692322,-77.2083592,2025,10,22
250047196,Injury Crash,10/20/2025 08:29:00 PM,RANDOLPH RD,NA,Single Vehicle,Clear,Dry,Medium,No Controls,NONE DETECTED,Yes,Possible Minor Injury,"Other Improper Action, Too Fast For Conditions",Not Distracted,MD,Motorcycle - 2 Wheeled,Turning Right,30,No,2008,SUZUKI,GSX-R600,39.0532745,-77.11044617,2025,10,20
250047185,Injury Crash,10/20/2025 07:35:00 PM,ROBINDALE DR,NA,Angle,Clear,Dry,Medium,Traffic Control Signal,NONE DETECTED,Yes,NA,Failed to Yield Right-of-Way,Unknown,NA,Passenger Car,Turning Left,45,No,2021,HONDA,CR-V,39.06313063,-77.09471162,2025,10,19
250047185,Injury Crash,10/20/2025 07:35:00 PM,ROBINDALE DR,NA,Angle,Clear,Dry,Medium,Traffic Control Signal,NONE DETECTED,No,Possible Minor Injury,NA,Not Distracted,MD,Passenger Car,Moving Constant Speed,45,No,2008,CHEVROLET,SILVERADO,39.06313063,-77.09471162,2025,10,19
250047177,Injury Crash,10/20/2025 06:34:00 PM,CONNECTICUT AVE,NA,Other,Clear,Dry,Medium,No Controls,NONE DETECTED,No,No Apparent Injury,NA,Not Distracted,MD,Passenger Car,Turning Left,35,No,2022,TOYOTA,PRIUS,38.98902767,-77.07695317,2025,10,18
250047177,Injury Crash,10/20/2025 06:34:00 PM,CONNECTICUT AVE,NA,Other,Clear,Dry,Medium,No Controls,NONE DETECTED,No,Possible Minor Injury,NA,Not Distracted,MD,Passenger Car,Moving Constant Speed,35,No,2018,TOYOTA,COROLLA,38.98902767,-77.07695317,2025,10,18
250047161,Injury Crash,10/20/2025 05:05:00 PM,FALLS RD,NA,Front to Rear,Clear,Dry,Daylight,No Controls,NONE DETECTED,No,Possible Minor Injury,NA,Not Distracted,MD,Passenger Car,Slowing or Stopping,35,No,2018,HONDA,FIT,39.021216,-77.2078525,2025,10,17
250047161,Injury Crash,10/20/2025 05:05:00 PM,FALLS RD,NA,Front to Rear,Clear,Dry,Daylight,No Controls,NONE DETECTED,No,No Apparent Injury,NA,Not Distracted,MD,Passenger Car,Moving Constant Speed,35,No,2007,TOYOTA,4-RUNNER,39.021216,-77.2078525,2025,10,17
250047157,Injury Crash,10/20/2025 04:25:00 PM,PLYERS MILL RD,NA,Angle,Clear,Dry,Daylight,Traffic Control Signal,NONE DETECTED,Yes,Possible Minor Injury,"Failed to Yield Right-of-Way, Ran Red Light","Other Action (looking away from task, etc.)",MD,Pickup,Moving Constant Speed,35,No,2015,CHEVROLET,SILVERADO,39.03002394,-77.04779041,2025,10,16
250047157,Injury Crash,10/20/2025 04:25:00 PM,PLYERS MILL RD,NA,Angle,Clear,Dry,Daylight,Traffic Control Signal,NONE DETECTED,No,Possible Minor Injury,NA,Not Distracted,CO,Sport Utility Vehicle,Accelerating,30,No,2016,JEEP,GRAND CHEROKEE,39.03002394,-77.04779041,2025,10,16
250047173,Property Damage Crash,10/20/2025 04:19:00 PM,GEORGIA AVE (SB/L),NA,Front to Rear,Clear,Dry,Daylight,No Controls,NONE DETECTED,Yes,No Apparent Injury,NA,NA,NA,Van - Passenger (&lt;9 Seats),Moving Constant Speed,25,No,0,NA,NA,39.04185089,-77.05191579,2025,10,16
250047173,Property Damage Crash,10/20/2025 04:19:00 PM,GEORGIA AVE (SB/L),NA,Front to Rear,Clear,Dry,Daylight,No Controls,NONE DETECTED,No,No Apparent Injury,NA,Not Distracted,MD,Pickup,Moving Constant Speed,25,No,2015,CHEVROLET,SILVERADO,39.04185089,-77.05191579,2025,10,16
250047148,Injury Crash,10/20/2025 04:14:00 PM,LOCKSLEY LA,NA,Front to Rear,Clear,Dry,Daylight,Traffic Control Signal,NONE DETECTED,Yes,No Apparent Injury,Followed Too Closely,Not Distracted,MD,Sport Utility Vehicle,Moving Constant Speed,40,No,2016,TOYOTA,RAV4,39.07147167,-77.01126767,2025,10,16
250047148,Injury Crash,10/20/2025 04:14:00 PM,LOCKSLEY LA,NA,Front to Rear,Clear,Dry,Daylight,Traffic Control Signal,NONE DETECTED,No,Possible Minor Injury,NA,Not Distracted,MD,Passenger Car,Slowing or Stopping,40,No,2017,TOYOTA,CAMRY,39.07147167,-77.01126767,2025,10,16
250047134,Property Damage Crash,10/20/2025 03:25:00 PM,NA,NA,Front to Rear,Clear,NA,Daylight,NA,NONE DETECTED,Yes,No Apparent Injury,NA,Not Distracted,MD,Passenger Car,Backing,0,No,2015,TOYOTA,AVALON,39.0388483,-77.05417557,2025,10,15
250047134,Property Damage Crash,10/20/2025 03:25:00 PM,NA,NA,Front to Rear,Clear,NA,Daylight,NA,NONE DETECTED,No,No Apparent Injury,NA,Not Distracted,MD,Passenger Car,Parked,0,No,2019,DODGE,CHARGER,39.0388483,-77.05417557,2025,10,15
250047133,Property Damage Crash,10/20/2025 03:15:00 PM,MONTGOMERY VILLAGE AVE,NA,Front to Front,Clear,Dry,Daylight,Traffic Control Signal,NONE DETECTED,No,No Apparent Injury,NA,Not Distracted,MD,Sport Utility Vehicle,Moving Constant Speed,35,No,2023,NISSAN,ROGUE,39.17459017,-77.2034725,2025,10,15
250047133,Property Damage Crash,10/20/2025 03:15:00 PM,MONTGOMERY VILLAGE AVE,NA,Front to Front,Clear,Dry,Daylight,Traffic Control Signal,NONE DETECTED,Yes,No Apparent Injury,Failed to Yield Right-of-Way,Not Distracted,MD,Passenger Car,Turning Left,35,No,2015,HONDA,CIVIC,39.17459017,-77.2034725,2025,10,15