Local Case Number,ACRS Report Type,Crash Date/Time,Road Name,Related Non-Motorist,Collision Type,Weather,Surface Condition,Light,Traffic Control,Driver Substance Abuse,Driver At Fault,Injury Severity,Circumstance,Driver Distracted By,Drivers License State,Vehicle Body Type,Vehicle Movement,Speed Limit,Driverless Vehicle,Vehicle Year,Vehicle Make,Vehicle Model,Latitude,Longitude,Year,Month,Hour
250047138,Property Damage Crash,10/20/2025 03:13:00 PM,NA,NA,Single Vehicle,Clear,Dry,Daylight,No Controls,NONE DETECTED,Yes,No Apparent Injury,"Swerved or Avoided Due to Wind, Slippery Surface, Motor Vehicle, Object, Non-Motorist in Roadway, etc","Other Action (looking away from task, etc.)",MD,Passenger Car,Moving Constant Speed,40,No,2015,FORD,FIESTA,39.17909333,-77.24051167,2025,10,15
250047132,Property Damage Crash,10/20/2025 02:59:00 PM,ENNALLS AVE,NA,Angle,Clear,Dry,Daylight,No Controls,NONE DETECTED,Yes,No Apparent Injury,Failed to Yield Right-of-Way,Not Distracted,MD,Passenger Car,Turning Left,35,No,2006,HONDA,ACCORD,39.03942335,-77.05424231,2025,10,14
250047132,Property Damage Crash,10/20/2025 02:59:00 PM,ENNALLS AVE,NA,Angle,Clear,Dry,Daylight,No Controls,NONE DETECTED,Yes,No Apparent Injury,Failed to Yield Right-of-Way,Not Distracted,MD,Passenger Car,Moving Constant Speed,35,No,2017,HYUNDAI,ELANTRA,39.03942335,-77.05424231,2025,10,14
250047126,Property Damage Crash,10/20/2025 02:35:00 PM,NA,NA,Other,Clear,NA,Daylight,NA,NONE DETECTED,Yes,No Apparent Injury,NA,Unknown,MD,Passenger Car,Backing,0,No,2015,VOLVO,S60,39.127613,-77.20804333,2025,10,14
250047126,Property Damage Crash,10/20/2025 02:35:00 PM,NA,NA,Other,Clear,NA,Daylight,NA,NONE DETECTED,No,No Apparent Injury,NA,Not Distracted,MD,Passenger Car,NA,0,No,2021,LEXUS,ES,39.127613,-77.20804333,2025,10,14
250047116,Property Damage Crash,10/20/2025 01:25:00 PM,WAYNE AVE,Pedestrian,Single Vehicle,Clear,Dry,Daylight,Traffic Control Signal,NONE DETECTED,No,NA,NA,NA,NA,NA,Moving Constant Speed,30,No,0,NA,NA,38.99448269,-77.02670366,2025,10,13
250047098,Property Damage Crash,10/20/2025 12:00:00 PM,WOODFIELD RD (SB/L),NA,Front to Rear,Clear,Dry,Daylight,No Controls,NONE DETECTED,Yes,No Apparent Injury,Other Improper Action,Not Distracted,MD,Passenger Car,Moving Constant Speed,35,No,2017,CHRYSLER,PACIFICA,39.17758512,-77.15096943,2025,10,12
250047098,Property Damage Crash,10/20/2025 12:00:00 PM,WOODFIELD RD (SB/L),NA,Front to Rear,Clear,Dry,Daylight,No Controls,NONE DETECTED,No,No Apparent Injury,NA,Not Distracted,MD,Passenger Car,Parked,35,No,2026,HONDA,CR-V,39.17758512,-77.15096943,2025,10,12
250047097,Injury Crash,10/20/2025 11:53:00 AM,BEACH DR,NA,Front to Rear,Cloudy,Dry,Daylight,No Controls,NONE DETECTED,Yes,No Apparent Injury,Followed Too Closely,Not Distracted,MD,Passenger Car,Moving Constant Speed,25,No,2010,HONDA,CR-V,39.035955,-77.08442067,2025,10,11
250047097,Injury Crash,10/20/2025 11:53:00 AM,BEACH DR,NA,Front to Rear,Cloudy,Dry,Daylight,No Controls,NONE DETECTED,No,Possible Minor Injury,NA,Not Distracted,MD,Passenger Car,Slowing or Stopping,25,No,1999,TOYOTA,CAMRY,39.035955,-77.08442067,2025,10,11
250047080,Property Damage Crash,10/20/2025 10:09:00 AM,CHRISTOPHER AVE,NA,Angle,Clear,Dry,Daylight,No Controls,NONE DETECTED,No,No Apparent Injury,NA,Not Distracted,MD,Passenger Car,Moving Constant Speed,30,No,2011,KIA,OPTIMA,39.1567257,-77.21458193,2025,10,10
250047080,Property Damage Crash,10/20/2025 10:09:00 AM,CHRISTOPHER AVE,NA,Angle,Clear,Dry,Daylight,Stop Sign,NONE DETECTED,Yes,No Apparent Injury,Failed to Yield Right-of-Way,Not Distracted,MD,Passenger Car,Turning Left,10,No,2019,HONDA,CR-V,39.1567257,-77.21458193,2025,10,10
250047083,Property Damage Crash,10/20/2025 10:08:00 AM,NA,NA,Single Vehicle,Clear,NA,Daylight,NA,NONE DETECTED,No,No Apparent Injury,Other Improper Action,Not Distracted,MD,Other,Backing,0,No,2014,PETERBILT,320,39.06816686,-77.16142456,2025,10,10
250047069,Property Damage Crash,10/20/2025 08:44:00 AM,BRADLEY LA,NA,Rear To Side,Clear,Dry,Daylight,No Controls,NONE DETECTED,No,No Apparent Injury,NA,Not Distracted,DC,Passenger Car,Moving Constant Speed,25,No,2021,CHEVROLET,SPARK,38.97720833,-77.08937433,2025,10,8
250047069,Property Damage Crash,10/20/2025 08:44:00 AM,BRADLEY LA,NA,Rear To Side,Clear,Dry,Daylight,Stop Sign,NONE DETECTED,No,No Apparent Injury,NA,Not Distracted,MD,Passenger Car,Entering Traffic Lane,25,No,2021,LEXUS,IS,38.97720833,-77.08937433,2025,10,8
25002252,Property Damage Crash,10/20/2025 08:32:00 AM,GEORGIA AVE (SB/L),NA,"Sideswipe, Same Direction",Cloudy,Dry,Daylight,Traffic Control Signal,NONE DETECTED,No,No Apparent Injury,NA,Unknown,MD,Other Trucks,Moving Constant Speed,25,No,2015,FORD,E-350,39.04757153,-77.05194982,2025,10,8
25002252,Property Damage Crash,10/20/2025 08:32:00 AM,GEORGIA AVE (SB/L),NA,"Sideswipe, Same Direction",Cloudy,Dry,Daylight,Traffic Control Signal,NONE DETECTED,No,No Apparent Injury,NA,Unknown,NA,Unknown,Turning Left,25,No,0,NA,NA,39.04757153,-77.05194982,2025,10,8
250047068,Property Damage Crash,10/20/2025 08:32:00 AM,GLEN RD,NA,Front to Rear,Cloudy,Wet,Daylight,"Person (including flagger, law enforcement, crossing guard, etc.",NONE DETECTED,Yes,No Apparent Injury,NA,"Other Action (looking away from task, etc.)",MD,Passenger Car,Moving Constant Speed,30,No,2014,CADILLAC,CTS,39.06175904,-77.24836041,2025,10,8
250047077,Property Damage Crash,10/20/2025 08:24:00 AM,CLUB HOUSE RD,NA,"Sideswipe, Same Direction",Clear,Dry,Daylight,No Controls,NONE DETECTED,No,No Apparent Injury,NA,Not Distracted,MD,Sport Utility Vehicle,Moving Constant Speed,25,No,2021,TOYOTA,RAV4,39.17273211,-77.20148847,2025,10,8
250047077,Property Damage Crash,10/20/2025 08:24:00 AM,CLUB HOUSE RD,NA,"Sideswipe, Same Direction",Clear,Dry,Daylight,No Controls,NONE DETECTED,Yes,NA,NA,NA,NA,Passenger Car,Changing Lanes,25,No,2017,HYUNDAI,ELANTRA,39.17273211,-77.20148847,2025,10,8
250047066,Injury Crash,10/20/2025 08:20:00 AM,NA,NA,"Sideswipe, Same Direction",Clear,Dry,Daylight,Traffic Control Signal,NONE DETECTED,Yes,Possible Minor Injury,NA,Not Distracted,MD,Passenger Car,Changing Lanes,45,No,2011,HONDA,ACCORD,39.01511967,-76.97700067,2025,10,8
250047066,Injury Crash,10/20/2025 08:20:00 AM,NA,NA,"Sideswipe, Same Direction",Clear,Dry,Daylight,Traffic Control Signal,NONE DETECTED,No,No Apparent Injury,NA,Not Distracted,MD,Passenger Car,Moving Constant Speed,45,No,2022,ISUZU,NQR,39.01511967,-76.97700067,2025,10,8
250047064,Property Damage Crash,10/20/2025 07:20:00 AM,FREDERICK RD (SB/L),NA,Angle,Clear,Dry,Daylight,No Controls,NONE DETECTED,No,No Apparent Injury,NA,Not Distracted,MD,Sport Utility Vehicle,Slowing or Stopping,45,No,2017,LAND ROVER,RANGE ROVER EVOQUE,39.19248364,-77.24284537,2025,10,7
250047064,Property Damage Crash,10/20/2025 07:20:00 AM,FREDERICK RD (SB/L),NA,Angle,Clear,Dry,Daylight,No Controls,NONE DETECTED,Yes,No Apparent Injury,Failed to Yield Right-of-Way,Not Distracted,MD,Passenger Car,Entering Traffic Lane,45,No,2004,HONDA,CIVIC,39.19248364,-77.24284537,2025,10,7
250047063,Property Damage Crash,10/20/2025 06:50:00 AM,NA,NA,Front to Rear,Clear,Wet,Medium,No Controls,NONE DETECTED,Yes,No Apparent Injury,"Operated Motor Vehicle in Inattentive, Careless, Negligent, or Erratic Manner","Other Action (looking away from task, etc.)",MD,Pickup,Moving Constant Speed,35,No,2018,GMC,SIERRA,39.19422984,-77.12481944,2025,10,6
250047063,Property Damage Crash,10/20/2025 06:50:00 AM,NA,NA,Front to Rear,Clear,Wet,Medium,No Controls,NONE DETECTED,No,No Apparent Injury,NA,Not Distracted,MD,Pickup,Turning Left,35,No,2022,GMC,SIERRA HD,39.19422984,-77.12481944,2025,10,6
250047062,Injury Crash,10/20/2025 06:29:00 AM,GEORGIA AVE (SB/L),NA,Front to Front,Clear,Dry,Medium,Traffic Control Signal,NONE DETECTED,No,No Apparent Injury,NA,Not Distracted,MD,Passenger Car,Stopped in Traffic,35,No,2024,HONDA,CIVIC,39.10944378,-77.0761059,2025,10,6
250047062,Injury Crash,10/20/2025 06:29:00 AM,GEORGIA AVE (SB/L),NA,Front to Front,Clear,Dry,Medium,Traffic Control Signal,NONE DETECTED,Yes,Suspected Serious Injury,"Failed to Keep in Proper Lane, Ran Red Light, Wrong Way",Not Distracted,MD,Passenger Car,Accelerating,35,No,2003,HONDA,ODYSSEY,39.10944378,-77.0761059,2025,10,6
250047060,Injury Crash,10/20/2025 06:20:00 AM,CIDER BARRELL DR,NA,Angle,Clear,Dry,Medium,Stop Sign,NONE DETECTED,Yes,Possible Minor Injury,Failed to Yield Right-of-Way,Not Distracted,MD,Sport Utility Vehicle,Turning Left,40,No,2022,TOYOTA,HIGHLANDER,39.19158967,-77.24525317,2025,10,6
250047060,Injury Crash,10/20/2025 06:20:00 AM,CIDER BARRELL DR,NA,Angle,Clear,Dry,Medium,No Controls,NONE DETECTED,No,Possible Minor Injury,NA,Not Distracted,MD,Passenger Car,Moving Constant Speed,40,No,2004,TOYOTA,COROLLA,39.19158967,-77.24525317,2025,10,6
250047056,Injury Crash,10/20/2025 05:12:00 AM,ROCKVILLE PIKE,NA,"Sideswipe, Same Direction",Clear,Wet,Medium,Traffic Control Signal,NONE DETECTED,Yes,No Apparent Injury,NA,Not Distracted,MD,Passenger Car,Changing Lanes,45,No,2017,HONDA,ACCORD,39.014913,-77.09956917,2025,10,5
250047056,Injury Crash,10/20/2025 05:12:00 AM,ROCKVILLE PIKE,NA,"Sideswipe, Same Direction",Clear,Wet,Medium,Traffic Control Signal,NONE DETECTED,No,Possible Minor Injury,NA,Not Distracted,MD,Passenger Car,Stopped in Traffic,45,No,2022,TOYOTA,RAV4,39.014913,-77.09956917,2025,10,5
250047056,Injury Crash,10/20/2025 05:12:00 AM,ROCKVILLE PIKE,NA,"Sideswipe, Same Direction",Clear,Wet,Medium,Traffic Control Signal,NONE DETECTED,No,No Apparent Injury,NA,Not Distracted,MD,Passenger Car,Moving Constant Speed,45,No,2023,TESLA,MODEL S,39.014913,-77.09956917,2025,10,5
250047051,Injury Crash,10/20/2025 01:21:00 AM,OAKVIEW DR,Pedestrian,Single Vehicle,Rain,Wet,Medium,Stop Sign,NONE DETECTED,Yes,No Apparent Injury,NA,Unknown,MD,Passenger Car,Turning Left,25,No,2008,TOYOTA,RAV4,39.01522129,-76.97693878,2025,10,1
250047034,Property Damage Crash,10/19/2025 09:00:00 PM,COLUMBIA PIKE (SB/L),NA,"Sideswipe, Same Direction",Clear,Dry,Medium,No Controls,NONE DETECTED,No,No Apparent Injury,NA,Not Distracted,MD,Passenger Car,Moving Constant Speed,40,No,2013,TOYOTA,COROLLA,39.09643295,-76.93756563,2025,10,21
250047034,Property Damage Crash,10/19/2025 09:00:00 PM,COLUMBIA PIKE (SB/L),NA,"Sideswipe, Same Direction",Clear,Dry,Medium,Traffic Control Signal,NONE DETECTED,No,NA,NA,NA,NA,Passenger Car,Moving Constant Speed,45,No,2022,TOYOTA,CAMRY,39.09643295,-76.93756563,2025,10,21
250047020,Injury Crash,10/19/2025 07:59:00 PM,VEIRS MILL RD (WB/L),NA,Angle,Clear,Dry,Medium,No Controls,NONE DETECTED,No,No Apparent Injury,NA,Unknown,MD,Passenger Car,Moving Constant Speed,35,No,2006,HONDA,RIDGELINE,39.0754916,-77.11739141,2025,10,19
250047020,Injury Crash,10/19/2025 07:59:00 PM,VEIRS MILL RD (WB/L),NA,Angle,Clear,Dry,Medium,No Controls,NONE DETECTED,Yes,No Apparent Injury,NA,Unknown,NA,Passenger Car,Entering Traffic Lane,35,No,2013,FORD,EXPLORER,39.0754916,-77.11739141,2025,10,19
250047022,Injury Crash,10/19/2025 07:54:00 PM,SHADY GROVE RD,NA,Front to Rear,Rain,Wet,Medium,Traffic Control Signal,NONE DETECTED,No,Possible Minor Injury,NA,Not Distracted,MD,Passenger Car,Slowing or Stopping,40,No,2025,MAZDA,CX-5,39.12945317,-77.16422067,2025,10,19
250047022,Injury Crash,10/19/2025 07:54:00 PM,SHADY GROVE RD,NA,Front to Rear,Rain,Wet,Medium,Traffic Control Signal,NONE DETECTED,Yes,No Apparent Injury,NA,Not Distracted,MD,Passenger Car,Slowing or Stopping,40,No,2007,HONDA,CR-V,39.12945317,-77.16422067,2025,10,19
250047024,Property Damage Crash,10/19/2025 07:48:00 PM,NA,NA,"Sideswipe, Opposite Direction",Clear,Dry,Medium,No Controls,ALCOHOL PRESENT,Yes,No Apparent Injury,Other Improper Action,Unknown,MD,Sport Utility Vehicle,Entering Traffic Lane,25,No,2014,JEEP,GRAND CHEROKEE,38.99766167,-77.034146,2025,10,19
250047016,Property Damage Crash,10/19/2025 07:45:00 PM,GERMANTOWN RD (SB/L),NA,Front to Rear,Rain,Wet,Medium,Traffic Control Signal,NONE DETECTED,No,No Apparent Injury,NA,Not Distracted,MD,Passenger Car,Moving Constant Speed,45,No,2025,HYUNDAI,SANTA FE,39.183499,-77.25670367,2025,10,19
250047016,Property Damage Crash,10/19/2025 07:45:00 PM,GERMANTOWN RD (SB/L),NA,Front to Rear,Rain,Wet,Medium,Other Signal,NONE DETECTED,No,No Apparent Injury,NA,Not Distracted,MD,Passenger Car,Accelerating,45,No,2008,HONDA,CIVIC,39.183499,-77.25670367,2025,10,19
250047019,Property Damage Crash,10/19/2025 07:37:00 PM,NA,NA,Other,Clear,Dry,Dark,No Controls,NONE DETECTED,No,NA,NA,NA,NA,Passenger Car,Moving Constant Speed,35,No,2021,HONDA,PILOT,39.07765555,-76.98946964,2025,10,19
250047017,Injury Crash,10/19/2025 07:31:00 PM,NA,Cyclist (non-electric),Single Vehicle,Clear,Dry,Medium,Stop Sign,NONE DETECTED,No,No Apparent Injury,NA,Not Distracted,MD,Passenger Car,Turning Left,15,No,2020,HONDA,ACCORD,39.08267698,-76.93067348,2025,10,19
250047010,Property Damage Crash,10/19/2025 06:31:00 PM,WINDHAM PL,NA,Front to Rear,Clear,Dry,Dark,No Controls,NONE DETECTED,Yes,No Apparent Injury,"Disregard Officer Directions, Disregarded Other Road Markings, Failed to Keep in Proper Lane, Failed to Yield Right-of-Way, Improper Turn, Other Improper Action, Ran Off Roadway, Too Fast For Conditions, Wrong Side, Wrong Way","Other Action (looking away from task, etc.)",VA,Passenger Car,Accelerating,25,No,2017,HYUNDAI,IONIQ,39.03118983,-77.04688517,2025,10,18
250047011,Property Damage Crash,10/19/2025 06:30:00 PM,CARROLL AVE,NA,Front to Front,Clear,Dry,Medium,No Controls,NONE DETECTED,No,NA,NA,NA,NA,NA,Turning Right,15,No,0,NA,NA,38.99238229,-76.99261857,2025,10,18
250047008,Injury Crash,10/19/2025 06:22:00 PM,TIDEWATER CT,NA,Front to Rear,Clear,Dry,Daylight,No Controls,NONE DETECTED,Yes,Possible Minor Injury,Other Improper Action,Not Distracted,MD,Passenger Car,Slowing or Stopping,35,No,2018,TOYOTA,CAMRY,39.1566845,-77.06579083,2025,10,18
250047018,Injury Crash,10/19/2025 06:17:00 PM,GEORGIA AVE (SB/L),Pedestrian,Single Vehicle,Clear,Dry,Daylight,Lane Use Control Signal,NONE DETECTED,No,No Apparent Injury,NA,Not Distracted,MD,Passenger Car,Changing Lanes,35,No,2004,ACURA,TSX,39.02675523,-77.04670141,2025,10,18
250046984,Injury Crash,10/19/2025 03:25:00 PM,ILFORD RD,Pedestrian,Single Vehicle,Clear,Dry,Daylight,No Controls,NONE DETECTED,No,No Apparent Injury,NA,Not Distracted,MD,Passenger Car,Moving Constant Speed,25,No,2008,HONDA,ACCORD,39.058411,-77.07857833,2025,10,15
250046982,Injury Crash,10/19/2025 03:10:00 PM,UNIVERSITY BLVD W (WB/L),NA,Front to Rear,Clear,Dry,Daylight,No Controls,NONE DETECTED,Yes,No Apparent Injury,NA,Not Distracted,MD,Passenger Car,Slowing or Stopping,35,No,2016,TOYOTA,SCION IM,39.03196367,-77.02247783,2025,10,15
250046982,Injury Crash,10/19/2025 03:10:00 PM,UNIVERSITY BLVD W (WB/L),NA,Front to Rear,Clear,Dry,Daylight,No Controls,NONE DETECTED,No,No Apparent Injury,NA,Not Distracted,MD,Passenger Car,Stopped in Traffic,35,No,2023,TESLA,MODEL Y,39.03196367,-77.02247783,2025,10,15
250046985,Property Damage Crash,10/19/2025 02:53:00 PM,CONNECTICUT AVE (SB/L),NA,"Sideswipe, Same Direction",Clear,Dry,Daylight,"Other Pavement Marking (excluding edgelines, centerlines, or lane lines)",NONE DETECTED,Yes,No Apparent Injury,NA,Not Distracted,MD,Passenger Car,Changing Lanes,35,No,2010,NISSAN,SENTRA,39.03075967,-77.07557833,2025,10,14
250046985,Property Damage Crash,10/19/2025 02:53:00 PM,CONNECTICUT AVE (SB/L),NA,"Sideswipe, Same Direction",Clear,Dry,Daylight,"Other Pavement Marking (excluding edgelines, centerlines, or lane lines)",NONE DETECTED,No,No Apparent Injury,NA,Not Distracted,MD,Bus - Transit,Slowing or Stopping,35,No,2021,GILLIG,CITY TRANSIT BUS,39.03075967,-77.07557833,2025,10,14
250046974,Property Damage Crash,10/19/2025 01:53:00 PM,ROCKVILLE PIKE (SB/L),NA,Angle,Clear,Dry,Daylight,No Controls,NONE DETECTED,No,No Apparent Injury,NA,Unknown,MD,Bus - Transit,Accelerating,35,No,2017,GILLIG,LOW FLOOR BUS,39.06526957,-77.12706028,2025,10,13
250046974,Property Damage Crash,10/19/2025 01:53:00 PM,ROCKVILLE PIKE (SB/L),NA,Angle,Clear,Dry,Daylight,No Controls,NONE DETECTED,Yes,No Apparent Injury,NA,Unknown,NY,Passenger Car,Turning Right,35,No,2024,TESLA,MODEL 3,39.06526957,-77.12706028,2025,10,13
250046947,Injury Crash,10/19/2025 12:10:00 PM,NA,NA,Front to Rear,Clear,Dry,Daylight,Stop Sign,NONE DETECTED,Yes,No Apparent Injury,NA,Unknown,MD,Passenger Car,NA,20,No,2019,DODGE,CHARGER,39.09135344,-77.0690513,2025,10,12
250046947,Injury Crash,10/19/2025 12:10:00 PM,NA,NA,Front to Rear,Clear,Dry,Daylight,Stop Sign,NONE DETECTED,No,Possible Minor Injury,NA,Not Distracted,MD,Passenger Car,Slowing or Stopping,20,No,2018,FORD,TAURUS,39.09135344,-77.0690513,2025,10,12
250046959,Property Damage Crash,10/19/2025 11:05:00 AM,RIFFLE FORD RD,NA,"Sideswipe, Opposite Direction",Clear,Dry,Daylight,Traffic Control Signal,NONE DETECTED,No,No Apparent Injury,NA,Not Distracted,MD,Passenger Car,Moving Constant Speed,35,No,2024,TESLA,MODEL 3,39.12092817,-77.267142,2025,10,11
250046959,Property Damage Crash,10/19/2025 11:05:00 AM,RIFFLE FORD RD,NA,"Sideswipe, Opposite Direction",Clear,Dry,Daylight,Traffic Control Signal,NONE DETECTED,No,No Apparent Injury,NA,Not Distracted,MD,Passenger Car,Moving Constant Speed,35,No,2015,HONDA,CR-V,39.12092817,-77.267142,2025,10,11
250046959,Property Damage Crash,10/19/2025 11:05:00 AM,RIFFLE FORD RD,NA,"Sideswipe, Opposite Direction",Clear,Dry,Daylight,Traffic Control Signal,NONE DETECTED,Yes,No Apparent Injury,Failed to Keep in Proper Lane,Unknown,MD,Passenger Car,Moving Constant Speed,35,No,2016,MERCEDES-BENZ,C-CLASS,39.12092817,-77.267142,2025,10,11
250046949,Property Damage Crash,10/19/2025 07:05:00 AM,AVERY RD,NA,Single Vehicle,Clear,Dry,Medium,No Controls,NONE DETECTED,No,No Apparent Injury,Failed to Keep in Proper Lane,Not Distracted,MD,Sport Utility Vehicle,Moving Constant Speed,35,No,2007,TOYOTA,HIGHLANDER,39.0996829,-77.12521264,2025,10,7
250046947,Property Damage Crash,10/19/2025 06:00:00 AM,RAMP 4 FR IS 270 NB TO MD 124 EB,NA,Front to Rear,Clear,Dry,Medium,Traffic Control Signal,NONE DETECTED,No,No Apparent Injury,NA,Not Distracted,MD,Pickup,Stopped in Traffic,20,No,2017,CHEVROLET,SILVERADO,39.15004462,-77.21460005,2025,10,6
250046947,Property Damage Crash,10/19/2025 06:00:00 AM,RAMP 4 FR IS 270 NB TO MD 124 EB,NA,Front to Rear,Clear,Dry,Medium,Traffic Control Signal,NONE DETECTED,Yes,No Apparent Injury,NA,Unknown,MD,Sport Utility Vehicle,Moving Constant Speed,20,No,2013,NISSAN,ROGUE,39.15004462,-77.21460005,2025,10,6
250046944,Property Damage Crash,10/19/2025 04:30:00 AM,BONIFANT ST,NA,Front to Rear,Clear,Dry,Medium,No Controls,NONE DETECTED,Yes,No Apparent Injury,Other Improper Action,Not Distracted,PA,Other,Backing,25,No,2024,FREIGHTLINER,M2,38.99384139,-77.02568615,2025,10,4
250046942,Property Damage Crash,10/19/2025 03:45:00 AM,CRESTMOOR DR,NA,Single Vehicle,Clear,Dry,Medium,No Controls,NONE DETECTED,No,No Apparent Injury,NA,Not Distracted,NA,Passenger Car,Moving Constant Speed,40,No,2015,FORD,EXPLORER,39.02794668,-77.00902326,2025,10,3
250046938,Property Damage Crash,10/19/2025 02:12:00 AM,JONES LA,NA,Single Vehicle,Clear,Dry,Medium,No Controls,NONE DETECTED,No,No Apparent Injury,Too Fast For Conditions,Not Distracted,MD,Other,Turning Left,30,No,2013,NISSAN,ROGUE,39.09069654,-77.26742527,2025,10,2
250046935,Property Damage Crash,10/19/2025 01:29:00 AM,KINSTER DR (WB/L),NA,"Sideswipe, Same Direction",Clear,Dry,Medium,No Controls,ALCOHOL PRESENT,Yes,No Apparent Injury,NA,Unknown,MD,Passenger Car,NA,30,No,2019,VOLKSWAGEN,JETTA,39.19827553,-77.26978595,2025,10,1
250046929,Property Damage Crash,10/19/2025 12:51:00 AM,WASHINGTONIAN BLVD,NA,Single Vehicle,Clear,Dry,Medium,No Controls,ALCOHOL PRESENT,Yes,No Apparent Injury,NA,Unknown,MD,Passenger Car,Moving Constant Speed,30,No,2024,RAM,2500,39.11756504,-77.20362634,2025,10,0
250046921,Injury Crash,10/18/2025 10:28:00 PM,PARKVIEW AVE,NA,Angle,Clear,Dry,Medium,Flashing Traffic Control Signal,NONE DETECTED,Yes,No Apparent Injury,"Failed to Yield Right-of-Way, Ran Red Light",Not Distracted,MD,Sport Utility Vehicle,Moving Constant Speed,30,No,2011,HONDA,CR-V,39.15564532,-77.22726177,2025,10,22
250046921,Injury Crash,10/18/2025 10:28:00 PM,PARKVIEW AVE,NA,Angle,Clear,Dry,Medium,Traffic Control Signal,NONE DETECTED,No,Possible Minor Injury,NA,Not Distracted,MD,Sport Utility Vehicle,Moving Constant Speed,35,No,2023,HONDA,CR-V,39.15564532,-77.22726177,2025,10,22
250046922,Property Damage Crash,10/18/2025 10:09:00 PM,UNIVERSITY BLVD E (WB/L),NA,"Sideswipe, Same Direction",Clear,Dry,Medium,Traffic Control Signal,NONE DETECTED,No,NA,NA,NA,NA,Passenger Car,Turning Left,35,No,2008,CHEVROLET,TRAILBLAZER,39.01602957,-77.0054678,2025,10,22
250046922,Property Damage Crash,10/18/2025 10:09:00 PM,UNIVERSITY BLVD E (WB/L),NA,"Sideswipe, Same Direction",Clear,Dry,Medium,Traffic Control Signal,NONE DETECTED,No,No Apparent Injury,NA,Not Distracted,VA,Passenger Car,Turning Right,35,No,2021,VOLKSWAGEN,ATLAS,39.01602957,-77.0054678,2025,10,22
250046919,Injury Crash,10/18/2025 09:47:00 PM,TILFORD WAY,NA,Other,Clear,Dry,Medium,No Controls,NONE DETECTED,No,No Apparent Injury,NA,Not Distracted,NA,Passenger Car,Moving Constant Speed,25,No,2005,ACURA,TL,39.17193174,-77.27994704,2025,10,21
250046919,Injury Crash,10/18/2025 09:47:00 PM,TILFORD WAY,NA,Other,Clear,Dry,Medium,Stop Sign,NONE DETECTED,Yes,Possible Minor Injury,"Failed to Yield Right-of-Way, Ran Stop Sign",Unknown,MD,Passenger Car,Accelerating,25,No,2018,HONDA,CR-V,39.17193174,-77.27994704,2025,10,21
250046917,Property Damage Crash,10/18/2025 08:50:00 PM,NA,NA,"Sideswipe, Same Direction",Clear,Dry,Medium,Traffic Control Signal,NONE DETECTED,No,No Apparent Injury,NA,Not Distracted,MD,Passenger Car,Turning Left,25,No,2023,TOYOTA,CAMRY,38.98351641,-77.09613933,2025,10,20
250046917,Property Damage Crash,10/18/2025 08:50:00 PM,NA,NA,"Sideswipe, Same Direction",Clear,Dry,Medium,Traffic Control Signal,NONE DETECTED,No,No Apparent Injury,NA,Not Distracted,MD,Bus - Transit,Turning Left,25,No,2016,NEW FLYER,XCELSIOR,38.98351641,-77.09613933,2025,10,20
250046914,Property Damage Crash,10/18/2025 08:32:00 PM,MARYLAND AVE,NA,"Sideswipe, Same Direction",Clear,Dry,Medium,No Controls,NONE DETECTED,No,No Apparent Injury,NA,Not Distracted,MD,Passenger Car,Parked,15,No,2024,TOYOTA,TUNDRA,39.08693017,-77.15111967,2025,10,20
250046914,Property Damage Crash,10/18/2025 08:32:00 PM,MARYLAND AVE,NA,"Sideswipe, Same Direction",Clear,Dry,Medium,No Controls,NONE DETECTED,Yes,No Apparent Injury,Failed to Keep in Proper Lane,Unknown,MD,Other,Moving Constant Speed,15,No,2023,FORD,TRANSIT,39.08693017,-77.15111967,2025,10,20