Local Case Number,ACRS Report Type,Crash Date/Time,Road Name,Related Non-Motorist,Collision Type,Weather,Surface Condition,Light,Traffic Control,Driver Substance Abuse,Driver At Fault,Injury Severity,Circumstance,Driver Distracted By,Drivers License State,Vehicle Body Type,Vehicle Movement,Speed Limit,Driverless Vehicle,Vehicle Year,Vehicle Make,Vehicle Model,Latitude,Longitude,Year,Month,Hour
250046915,Injury Crash,10/18/2025 08:24:00 PM,WASHINGTON GROVE LA (SB/L),NA,"Sideswipe, Same Direction",Clear,Dry,Medium,No Controls,NONE DETECTED,Yes,NA,NA,NA,NA,Passenger Car,Turning Right,35,No,2019,FORD,MUSTANG,39.14840974,-77.16809038,2025,10,20
250046915,Injury Crash,10/18/2025 08:24:00 PM,WASHINGTON GROVE LA (SB/L),NA,"Sideswipe, Same Direction",Clear,Dry,Medium,No Controls,NONE DETECTED,No,Possible Minor Injury,NA,Not Distracted,MD,Sport Utility Vehicle,Moving Constant Speed,35,No,2019,HONDA,CR-V,39.14840974,-77.16809038,2025,10,20
250046910,Injury Crash,10/18/2025 08:11:00 PM,COLESVILLE RD,NA,Front to Rear,Clear,Dry,Medium,"Other Pavement Marking (excluding edgelines, centerlines, or lane lines)",NONE DETECTED,No,Possible Minor Injury,NA,Not Distracted,DC,Passenger Car,Slowing or Stopping,35,No,2024,TOYOTA,RAV4,38.99770804,-77.02703955,2025,10,20
250046910,Injury Crash,10/18/2025 08:11:00 PM,COLESVILLE RD,NA,Front to Rear,Clear,Dry,Medium,"Other Pavement Marking (excluding edgelines, centerlines, or lane lines)",NONE DETECTED,No,NA,NA,NA,NA,Passenger Car,Moving Constant Speed,35,No,1900,UNKNOWN,UNKNOWN,38.99770804,-77.02703955,2025,10,20
250046907,Injury Crash,10/18/2025 07:54:00 PM,NEW HAMPSHIRE AVE,NA,Front to Rear,Clear,Dry,Medium,Traffic Control Signal,NONE DETECTED,No,Possible Minor Injury,NA,Not Distracted,MD,Sport Utility Vehicle,Slowing or Stopping,35,No,2016,HYUNDAI,TUCSON,38.98141271,-76.98890429,2025,10,19
250046907,Injury Crash,10/18/2025 07:54:00 PM,NEW HAMPSHIRE AVE,NA,Front to Rear,Clear,Dry,Medium,Traffic Control Signal,NONE DETECTED,No,No Apparent Injury,NA,Unknown,MD,Sport Utility Vehicle,Slowing or Stopping,35,No,2022,AUDI,Q3,38.98141271,-76.98890429,2025,10,19
250046906,Injury Crash,10/18/2025 07:39:00 PM,RAMP 1 FR MD 650 NB TO RAMP 8 (TO US 29),NA,Angle,Clear,Dry,Medium,Traffic Control Signal,NONE DETECTED,No,No Apparent Injury,NA,Not Distracted,MD,Passenger Car,Moving Constant Speed,40,No,2012,BMW,M3,39.04452832,-76.99225806,2025,10,19
250046906,Injury Crash,10/18/2025 07:39:00 PM,RAMP 1 FR MD 650 NB TO RAMP 8 (TO US 29),NA,Angle,Clear,Dry,Medium,Traffic Control Signal,NONE DETECTED,Yes,Possible Minor Injury,Failed to Yield Right-of-Way,Unknown,MD,Passenger Car,Turning Left,40,No,2019,NISSAN,ARMADA,39.04452832,-76.99225806,2025,10,19
250046893,Injury Crash,10/18/2025 06:06:00 PM,RAMP 4 FR IS 270 NB TO MIDDLEBROOK RD EB,NA,Rear To Rear,Clear,Dry,Daylight,Yield Sign,NONE DETECTED,Yes,No Apparent Injury,Followed Too Closely,Unknown,MD,Sport Utility Vehicle,Moving Constant Speed,40,No,2015,TOYOTA,RAV4,39.17666937,-77.24466551,2025,10,18
250046893,Injury Crash,10/18/2025 06:06:00 PM,RAMP 4 FR IS 270 NB TO MIDDLEBROOK RD EB,NA,Rear To Rear,Clear,Dry,Daylight,Yield Sign,NONE DETECTED,No,Possible Minor Injury,NA,Not Distracted,MD,Passenger Car,Stopped in Traffic,40,No,2023,TOYOTA,COROLLA,39.17666937,-77.24466551,2025,10,18
250048919,Property Damage Crash,10/18/2025 05:28:00 PM,UNIVERSITY BLVD W,NA,Front to Rear,Clear,Dry,Daylight,No Controls,NONE DETECTED,No,No Apparent Injury,NA,Not Distracted,MD,Passenger Car,Stopped in Traffic,40,No,2014,KIA,CADENZA,39.02290383,-77.01669983,2025,10,17
250048919,Property Damage Crash,10/18/2025 05:28:00 PM,UNIVERSITY BLVD W,NA,Front to Rear,Clear,Dry,Daylight,No Controls,NONE DETECTED,Yes,No Apparent Injury,NA,Not Distracted,MD,Passenger Car,Slowing or Stopping,40,No,2011,FORD,FOCUS,39.02290383,-77.01669983,2025,10,17
250046886,Property Damage Crash,10/18/2025 05:18:00 PM,COLESVILLE RD (SB/L),NA,"Sideswipe, Same Direction",Clear,Dry,Daylight,Traffic Control Signal,NONE DETECTED,No,No Apparent Injury,NA,Not Distracted,MD,Van - Cargo,Slowing or Stopping,35,No,2024,GMC,SAVANA,39.00898838,-77.01825184,2025,10,17
250046886,Property Damage Crash,10/18/2025 05:18:00 PM,COLESVILLE RD (SB/L),NA,"Sideswipe, Same Direction",Clear,Dry,Daylight,Traffic Control Signal,NONE DETECTED,No,No Apparent Injury,NA,Not Distracted,MD,Bus - Transit,Stopped in Traffic,35,No,2013,NEW FLYER,XCELSIOR,39.00898838,-77.01825184,2025,10,17
250046878,Injury Crash,10/18/2025 04:45:00 PM,GERMANTOWN RD (SB/L),NA,Front to Rear,Clear,Dry,Daylight,Traffic Control Signal,NONE DETECTED,Yes,No Apparent Injury,"Followed Too Closely, Other Improper Action",Unknown,MD,Passenger Car,Slowing or Stopping,40,No,2023,TOYOTA,RAV4,39.16361783,-77.28271933,2025,10,16
250046878,Injury Crash,10/18/2025 04:45:00 PM,GERMANTOWN RD (SB/L),NA,Front to Rear,Clear,Dry,Daylight,Traffic Control Signal,NONE DETECTED,No,Possible Minor Injury,NA,Not Distracted,MD,Passenger Car,Stopped in Traffic,40,No,2024,LEXUS,NX,39.16361783,-77.28271933,2025,10,16
250046875,Property Damage Crash,10/18/2025 04:18:00 PM,N WASHINGTON ST,NA,Rear To Side,Clear,Dry,Daylight,No Controls,NONE DETECTED,Yes,No Apparent Injury,NA,"Other Action (looking away from task, etc.)",MD,Passenger Car,Accelerating,25,No,2013,HONDA,CIVIC,39.08682639,-77.15298214,2025,10,16
250046875,Property Damage Crash,10/18/2025 04:18:00 PM,N WASHINGTON ST,NA,Rear To Side,Clear,Dry,Daylight,No Controls,NONE DETECTED,No,No Apparent Injury,NA,Not Distracted,MD,Sport Utility Vehicle,Turning Left,25,No,2006,ACURA,MDX,39.08682639,-77.15298214,2025,10,16
250046874,Property Damage Crash,10/18/2025 03:59:00 PM,NA,NA,"Sideswipe, Same Direction",Clear,Dry,Daylight,No Controls,NONE DETECTED,Yes,No Apparent Injury,Failed to Keep in Proper Lane,Unknown,MD,Passenger Car,Moving Constant Speed,30,No,2005,TOYOTA,SCION XB,38.99496286,-77.04556622,2025,10,15
250046874,Property Damage Crash,10/18/2025 03:59:00 PM,NA,NA,"Sideswipe, Same Direction",Clear,Dry,Daylight,No Controls,NONE DETECTED,No,No Apparent Injury,NA,Not Distracted,MD,Sport Utility Vehicle,Moving Constant Speed,30,No,2020,TOYOTA,HIGHLANDER,38.99496286,-77.04556622,2025,10,15
250046867,Injury Crash,10/18/2025 03:41:00 PM,FISHER AVE,Pedestrian,Single Vehicle,Clear,Dry,Daylight,Stop Sign,NONE DETECTED,Yes,No Apparent Injury,Failed to Yield Right-of-Way,Unknown,MD,Pickup,Turning Left,25,No,2011,FORD,RANGER,39.14388492,-77.40847959,2025,10,15
250046881,Property Damage Crash,10/18/2025 03:00:00 PM,EDMONSTON DR,NA,Rear To Side,Clear,Dry,Daylight,No Controls,NONE DETECTED,Yes,No Apparent Injury,NA,Unknown,MD,Sport Utility Vehicle,Backing,25,No,2017,TOYOTA,4-RUNNER,39.0843325,-77.1305015,2025,10,15
250046854,Property Damage Crash,10/18/2025 02:20:00 PM,WISCONSIN AVE (SB/L),NA,Rear To Side,Clear,Dry,Daylight,Traffic Control Signal,NONE DETECTED,Yes,No Apparent Injury,NA,Unknown,MD,All-Terrain Vehicle/All-Terrain Cycle (ATV/ATC),Changing Lanes,25,No,2016,FORD,MUSTANG,38.98110218,-77.09276621,2025,10,14
250046854,Property Damage Crash,10/18/2025 02:20:00 PM,WISCONSIN AVE (SB/L),NA,Rear To Side,Clear,Dry,Daylight,Traffic Control Signal,NONE DETECTED,No,No Apparent Injury,NA,Not Distracted,MD,Bus - Transit,Accelerating,25,No,2015,NEW FLYER,XCELSIOR,38.98110218,-77.09276621,2025,10,14
250046850,Property Damage Crash,10/18/2025 01:39:00 PM,UNIVERSITY BLVD W,NA,Rear To Side,Clear,Dry,Daylight,No Controls,NONE DETECTED,No,No Apparent Injury,NA,Not Distracted,MD,Passenger Car,Moving Constant Speed,35,No,2013,MERCEDES-BENZ,C-CLASS,39.02026366,-77.01392772,2025,10,13
250046850,Property Damage Crash,10/18/2025 01:39:00 PM,UNIVERSITY BLVD W,NA,Rear To Side,Clear,Dry,Daylight,No Controls,NONE DETECTED,Yes,No Apparent Injury,"Improper Turn, Operated Motor Vehicle in Inattentive, Careless, Negligent, or Erratic Manner",Not Distracted,MD,Van - Passenger (&lt;9 Seats),Turning Left,35,No,2022,FORD,TRANSIT CONNECT,39.02026366,-77.01392772,2025,10,13
250046843,Property Damage Crash,10/18/2025 01:36:00 PM,LYNCH CT,NA,"Sideswipe, Opposite Direction",Clear,Dry,Daylight,No Controls,DRUG PRESENT,Yes,No Apparent Injury,Operated Motor Vehicle in Reckless or Aggressive Manner,Not Distracted,MD,Passenger Car,Accelerating,25,No,1996,MERCEDES-BENZ,C-CLASS,39.09018379,-77.16518874,2025,10,13
250046851,Property Damage Crash,10/18/2025 01:35:00 PM,NORBECK RD,NA,Front to Rear,Clear,Dry,Daylight,Traffic Control Signal,NONE DETECTED,Yes,No Apparent Injury,NA,"Other Action (looking away from task, etc.)",MD,Passenger Car,Moving Constant Speed,35,No,2019,SUBARU,IMPREZA,39.09607687,-77.10987081,2025,10,13
250046851,Property Damage Crash,10/18/2025 01:35:00 PM,NORBECK RD,NA,Front to Rear,Clear,Dry,Daylight,Traffic Control Signal,NONE DETECTED,No,No Apparent Injury,NA,Not Distracted,MD,Sport Utility Vehicle,Stopped in Traffic,35,No,2022,TOYOTA,COROLLA CROSS,39.09607687,-77.10987081,2025,10,13
250046839,Property Damage Crash,10/18/2025 12:47:00 PM,NA,NA,"Sideswipe, Same Direction",Clear,NA,Daylight,NA,NONE DETECTED,Yes,NA,NA,NA,NA,Passenger Car,NA,0,No,2011,DODGE,RAM,39.05704067,-76.96712073,2025,10,12
250046840,Property Damage Crash,10/18/2025 12:20:00 PM,KENSINGTON BLVD,NA,Angle,Clear,Dry,Daylight,No Controls,NONE DETECTED,No,No Apparent Injury,NA,Not Distracted,MD,Sport Utility Vehicle,Moving Constant Speed,30,No,2000,LEXUS,RX,39.04177271,-77.05314012,2025,10,12
250046840,Property Damage Crash,10/18/2025 12:20:00 PM,KENSINGTON BLVD,NA,Angle,Clear,Dry,Daylight,No Controls,NONE DETECTED,No,NA,NA,NA,NA,Sport Utility Vehicle,Entering Traffic Lane,30,No,2007,CHEVROLET,SUBURBAN,39.04177271,-77.05314012,2025,10,12
250046842,Property Damage Crash,10/18/2025 11:49:00 AM,WAYNE AVE,NA,Front to Rear,Clear,Dry,Daylight,Traffic Control Signal,NONE DETECTED,No,No Apparent Injury,NA,Not Distracted,MD,Passenger Car,Stopped in Traffic,30,No,2025,MINI,COUNTRYMAN,38.99449991,-77.02694387,2025,10,11
250046842,Property Damage Crash,10/18/2025 11:49:00 AM,WAYNE AVE,NA,Front to Rear,Clear,Dry,Daylight,Traffic Control Signal,NONE DETECTED,No,NA,NA,NA,NA,Passenger Car,Backing,30,No,2017,HONDA,CIVIC,38.99449991,-77.02694387,2025,10,11
25002238,Property Damage Crash,10/18/2025 11:24:00 AM,NA,NA,Rear To Side,Clear,Dry,Daylight,Traffic Control Signal,NONE DETECTED,No,No Apparent Injury,NA,Not Distracted,MD,Other Trucks,Stopped in Traffic,25,No,2024,E-ONE,TRUCK,38.95766922,-77.10778517,2025,10,11
25002238,Property Damage Crash,10/18/2025 11:24:00 AM,NA,NA,Rear To Side,Clear,Dry,Daylight,Traffic Control Signal,NONE DETECTED,No,No Apparent Injury,NA,Unknown,MD,Passenger Car,Backing,25,No,2016,VOLVO,V60CC,38.95766922,-77.10778517,2025,10,11
250046833,Property Damage Crash,10/18/2025 10:58:00 AM,GEORGIA AVE (SB/L),NA,"Sideswipe, Same Direction",Clear,Dry,Daylight,No Controls,NONE DETECTED,No,No Apparent Injury,NA,Not Distracted,MD,Passenger Car,Moving Constant Speed,30,No,2009,HONDA,ACCORD,39.00893796,-77.0403081,2025,10,10
250046833,Property Damage Crash,10/18/2025 10:58:00 AM,GEORGIA AVE (SB/L),NA,"Sideswipe, Same Direction",Clear,Dry,Daylight,No Controls,NONE DETECTED,No,NA,NA,NA,NA,NA,Changing Lanes,30,No,0,NA,NA,39.00893796,-77.0403081,2025,10,10
250046834,Injury Crash,10/18/2025 10:45:00 AM,ROCKVILLE PIKE (SB/L),NA,Front to Rear,Clear,Dry,Daylight,No Controls,NONE DETECTED,No,No Apparent Injury,NA,Not Distracted,MD,Passenger Car,Accelerating,35,No,2015,TOYOTA,PRIUS,39.06093287,-77.12335714,2025,10,10
250046834,Injury Crash,10/18/2025 10:45:00 AM,ROCKVILLE PIKE (SB/L),NA,Front to Rear,Clear,Dry,Daylight,No Controls,NONE DETECTED,Yes,Possible Minor Injury,NA,Unknown,MD,Van - Passenger (&lt;9 Seats),NA,35,No,2004,HONDA,ODYSSEY,39.06093287,-77.12335714,2025,10,10
250046832,Property Damage Crash,10/18/2025 10:42:00 AM,NA,NA,Angle,Clear,NA,Daylight,NA,NONE DETECTED,No,No Apparent Injury,NA,Unknown,MD,Van - Passenger (&lt;9 Seats),Backing,0,No,2013,TOYOTA,SIENNA,39.22781759,-77.26693232,2025,10,10
250046832,Property Damage Crash,10/18/2025 10:42:00 AM,NA,NA,Angle,Clear,NA,Daylight,NA,NONE DETECTED,No,No Apparent Injury,NA,Not Distracted,MD,Bus - School,Parked,0,No,2017,THOMAS BUILT,HDX,39.22781759,-77.26693232,2025,10,10
250046821,Injury Crash,10/18/2025 09:33:00 AM,NA,NA,Front to Rear,Clear,Dry,Daylight,Traffic Control Signal,NONE DETECTED,Yes,No Apparent Injury,NA,"Other Action (looking away from task, etc.)",MD,Passenger Car,Moving Constant Speed,30,No,2019,TOYOTA,4-RUNNER,38.99087279,-77.02655185,2025,10,9
250046821,Injury Crash,10/18/2025 09:33:00 AM,NA,NA,Front to Rear,Clear,Dry,Daylight,Traffic Control Signal,NONE DETECTED,No,Possible Minor Injury,NA,Not Distracted,DC,Passenger Car,Slowing or Stopping,30,No,2022,VOLVO,XC40,38.99087279,-77.02655185,2025,10,9
250046822,Injury Crash,10/18/2025 09:21:00 AM,NA,NA,Front to Front,Clear,Dry,Daylight,No Controls,NONE DETECTED,No,No Apparent Injury,NA,Not Distracted,MD,Passenger Car,Stopped in Traffic,30,No,2019,KIA,SORENTO,39.04138814,-77.16452108,2025,10,9
250046822,Injury Crash,10/18/2025 09:21:00 AM,NA,NA,Front to Front,Clear,Dry,Daylight,No Controls,NONE DETECTED,Yes,Possible Minor Injury,Improper Turn,Not Distracted,MD,Passenger Car,Turning Left,30,No,2025,MINI,HARDTOP,39.04138814,-77.16452108,2025,10,9
250046812,Property Damage Crash,10/18/2025 08:04:00 AM,WINTERGATE DR,NA,Rear To Side,Clear,Dry,Daylight,Traffic Control Signal,NONE DETECTED,No,No Apparent Injury,NA,Not Distracted,MD,Pickup,Accelerating,35,No,2002,FORD,F-350,39.11241238,-77.05911165,2025,10,8
250046812,Property Damage Crash,10/18/2025 08:04:00 AM,WINTERGATE DR,NA,Rear To Side,Clear,Dry,Daylight,Traffic Control Signal,NONE DETECTED,Yes,No Apparent Injury,Ran Red Light,Unknown,MD,Passenger Car,Turning Left,35,No,2009,TOYOTA,CAMRY,39.11241238,-77.05911165,2025,10,8
250046810,Injury Crash,10/18/2025 06:55:00 AM,NA,NA,Single Vehicle,Clear,Dry,Dark,No Controls,NONE DETECTED,Yes,Possible Minor Injury,NA,Unknown,MD,Passenger Car,NA,35,No,2011,CHEVROLET,EQUINOX,39.07079239,-76.93778999,2025,10,6
250046808,Property Damage Crash,10/18/2025 05:24:00 AM,RANDOLPH RD (WB/L),NA,Single Vehicle,Clear,Dry,Dark,Intersection Ahead Warning Sign,NONE DETECTED,No,No Apparent Injury,"Failed to Keep in Proper Lane, Other Improper Action",Not Distracted,MD,Passenger Car,Moving Constant Speed,35,No,2019,LEXUS,IS,39.06724233,-77.01802883,2025,10,5
250046803,Property Damage Crash,10/18/2025 01:51:00 AM,CALVERTON BLVD,NA,Other,Clear,Dry,Medium,No Controls,NONE DETECTED,No,No Apparent Injury,NA,Not Distracted,MD,Passenger Car,Turning Right,35,No,2011,TOYOTA,SIENNA,39.05706533,-76.94843617,2025,10,1
250046803,Property Damage Crash,10/18/2025 01:51:00 AM,CALVERTON BLVD,NA,Other,Clear,Dry,Medium,No Controls,NONE DETECTED,No,NA,NA,NA,NA,Passenger Car,Moving Constant Speed,35,No,2017,SUBARU,OUTBACK,39.05706533,-76.94843617,2025,10,1
250046809,Property Damage Crash,10/18/2025 01:26:00 AM,E LIGHT DR,NA,Front to Front,Clear,Dry,Medium,No Controls,NONE DETECTED,Yes,No Apparent Injury,NA,Unknown,MD,Passenger Car,Moving Constant Speed,25,No,2021,NISSAN,SENTRA,39.01665863,-76.98547557,2025,10,1
250046799,Injury Crash,10/18/2025 12:48:00 AM,NA,Pedestrian,Single Vehicle,Clear,NA,Medium,NA,NONE DETECTED,No,No Apparent Injury,NA,Not Distracted,MD,Other Trucks,Moving Constant Speed,0,No,2019,FORD,F-350,39.08660539,-76.93814944,2025,10,0
250046795,Property Damage Crash,10/17/2025 11:44:00 PM,BELHAVEN RD,NA,Front to Rear,Clear,Dry,Dark,No Controls,NONE DETECTED,Yes,No Apparent Injury,NA,"Other Action (looking away from task, etc.)",MD,Pickup,Moving Constant Speed,20,No,2016,FORD,F-150,39.01993783,-77.12266283,2025,10,23
250046788,Property Damage Crash,10/17/2025 10:22:00 PM,W MONTGOMERY AVE (WB/L),NA,"Sideswipe, Same Direction",Clear,Dry,Medium,Traffic Control Signal,NONE DETECTED,No,No Apparent Injury,NA,Not Distracted,MD,Sport Utility Vehicle,Moving Constant Speed,45,No,2018,GMC,YUKON,39.10346463,-77.19051451,2025,10,22
250046788,Property Damage Crash,10/17/2025 10:22:00 PM,W MONTGOMERY AVE (WB/L),NA,"Sideswipe, Same Direction",Clear,Dry,Medium,Traffic Control Signal,NONE DETECTED,Yes,No Apparent Injury,"Failed to Keep in Proper Lane, Improper Turn","Other Action (looking away from task, etc.)",MD,Passenger Car,Turning Left,45,No,2015,FORD,FUSION,39.10346463,-77.19051451,2025,10,22
250046787,Injury Crash,10/17/2025 09:30:00 PM,ATHERTON DR,NA,Front to Rear,Clear,Dry,Medium,No Controls,NONE DETECTED,No,No Apparent Injury,NA,"Other Action (looking away from task, etc.)",MD,Passenger Car,Slowing or Stopping,35,No,2011,HONDA,CR-V,39.05727161,-77.07671801,2025,10,21
250046787,Injury Crash,10/17/2025 09:30:00 PM,ATHERTON DR,NA,Front to Rear,Clear,Dry,Medium,No Controls,NONE DETECTED,No,No Apparent Injury,NA,Not Distracted,MD,Passenger Car,Stopped in Traffic,35,No,2021,TOYOTA,VENZA,39.05727161,-77.07671801,2025,10,21
250046787,Injury Crash,10/17/2025 09:30:00 PM,ATHERTON DR,NA,Front to Rear,Clear,Dry,Medium,No Controls,NONE DETECTED,No,Possible Minor Injury,NA,Not Distracted,MD,Passenger Car,Stopped in Traffic,35,No,2015,LEXUS,RX,39.05727161,-77.07671801,2025,10,21
250046783,Property Damage Crash,10/17/2025 09:06:00 PM,FLEET ST,NA,Front to Rear,Clear,Dry,Medium,No Controls,NONE DETECTED,No,NA,Improper Backing,Unknown,NA,Unknown,NA,25,No,0,NA,NA,39.07929992,-77.14461851,2025,10,21
250046782,Property Damage Crash,10/17/2025 08:00:00 PM,BREADY RD,NA,Single Vehicle,Clear,Dry,Dark,No Controls,NONE DETECTED,Yes,No Apparent Injury,Other Improper Action,Not Distracted,MD,Passenger Car,Moving Constant Speed,25,No,2016,FORD,FOCUS,39.151514830000004,-77.10028433,2025,10,20
250046781,Property Damage Crash,10/17/2025 07:46:00 PM,GLEN MILL RD,NA,Front to Front,Clear,Dry,Dark,No Controls,NONE DETECTED,No,No Apparent Injury,NA,Not Distracted,MD,Passenger Car,Moving Constant Speed,30,No,2024,KIA,SOUL,39.07304283,-77.20728433,2025,10,19
250046781,Property Damage Crash,10/17/2025 07:46:00 PM,GLEN MILL RD,NA,Front to Front,Clear,Dry,Dark,No Controls,NONE DETECTED,Yes,No Apparent Injury,NA,Not Distracted,MD,Passenger Car,Turning Left,30,No,2024,TOYOTA,GRAND HIGHLANDER,39.07304283,-77.20728433,2025,10,19
250046971,Property Damage Crash,10/17/2025 07:31:00 PM,NEW HAMPSHIRE AVE (SB/L),NA,Single Vehicle,Clear,Dry,Medium,No Controls,NONE DETECTED,No,No Apparent Injury,NA,Not Distracted,MD,Passenger Car,Moving Constant Speed,45,No,2025,FORD,EXPLORER,39.060989,-76.998409,2025,10,19
250046776,Property Damage Crash,10/17/2025 07:30:00 PM,SHERATON ST,NA,"Sideswipe, Same Direction",Clear,Dry,Dark,No Controls,NONE DETECTED,Yes,No Apparent Injury,"Operated Motor Vehicle in Inattentive, Careless, Negligent, or Erratic Manner, Too Fast For Conditions","Other Action (looking away from task, etc.)",MD,Passenger Car,Moving Constant Speed,25,No,2013,HYUNDAI,SONATA,39.05869137,-77.05272808,2025,10,19
250047768,Property Damage Crash,10/17/2025 06:27:00 PM,GEORGIA AVE,NA,Front to Rear,Clear,Dry,Daylight,No Controls,NONE DETECTED,Yes,No Apparent Injury,Followed Too Closely,Not Distracted,MD,Passenger Car,Moving Constant Speed,35,No,2017,HONDA,FIT,39.05001933,-77.05175733,2025,10,18
250047768,Property Damage Crash,10/17/2025 06:27:00 PM,GEORGIA AVE,NA,Front to Rear,Clear,Dry,Daylight,No Controls,NONE DETECTED,No,No Apparent Injury,NA,Not Distracted,MD,Passenger Car,Slowing or Stopping,35,No,2015,TOYOTA,TACOMA,39.05001933,-77.05175733,2025,10,18
250046763,Property Damage Crash,10/17/2025 05:42:00 PM,DINWIDDIE DR,NA,Angle,Clear,Dry,Daylight,No Controls,NONE DETECTED,Yes,No Apparent Injury,"Operated Motor Vehicle in Inattentive, Careless, Negligent, or Erratic Manner",Unknown,MD,Van - Passenger (&lt;9 Seats),Moving Constant Speed,10,No,2018,CHEVROLET,EXPRESS,39.05067883,-77.15102,2025,10,17
250046757,Property Damage Crash,10/17/2025 05:25:00 PM,PARKLAWN DR,NA,Front to Rear,Clear,Dry,Daylight,Traffic Control Signal,NONE DETECTED,No,NA,Other Improper Action,Unknown,NA,Passenger Car,Slowing or Stopping,35,No,0,NA,NA,39.05370096,-77.1067905,2025,10,17
250046757,Property Damage Crash,10/17/2025 05:25:00 PM,PARKLAWN DR,NA,Front to Rear,Clear,Dry,Daylight,Traffic Control Signal,NONE DETECTED,No,No Apparent Injury,NA,Not Distracted,MD,Passenger Car,Stopped in Traffic,35,No,2006,TOYOTA,SIENNA,39.05370096,-77.1067905,2025,10,17
250046760,Property Damage Crash,10/17/2025 05:19:00 PM,NA,NA,Other,Clear,Dry,Daylight,No Controls,NONE DETECTED,No,No Apparent Injury,NA,Not Distracted,MD,Sport Utility Vehicle,Parked,15,No,2020,MAZDA,CX-5,39.1531525,-77.06425903,2025,10,17
250046760,Property Damage Crash,10/17/2025 05:19:00 PM,NA,NA,Other,Clear,Dry,Daylight,No Controls,NONE DETECTED,No,No Apparent Injury,NA,Not Distracted,MD,Passenger Car,Parked,15,No,2012,NISSAN,ROGUE,39.1531525,-77.06425903,2025,10,17
250046760,Property Damage Crash,10/17/2025 05:19:00 PM,NA,NA,Other,Clear,Dry,Daylight,No Controls,NONE DETECTED,Yes,No Apparent Injury,Other Improper Action,Not Distracted,MD,Sport Utility Vehicle,Turning Right,15,No,2025,KIA,EV6,39.1531525,-77.06425903,2025,10,17
250046749,Property Damage Crash,10/17/2025 05:01:00 PM,AIRCRAFT DR,NA,Angle,Clear,Dry,Daylight,Traffic Control Signal,NONE DETECTED,Yes,No Apparent Injury,NA,Unknown,MD,Passenger Car,Moving Constant Speed,45,No,2014,HYUNDAI,SONATA,39.18209445,-77.26024815,2025,10,17
250046749,Property Damage Crash,10/17/2025 05:01:00 PM,AIRCRAFT DR,NA,Angle,Clear,Dry,Daylight,Traffic Control Signal,NONE DETECTED,No,No Apparent Injury,NA,Not Distracted,MD,Passenger Car,Accelerating,25,No,2007,HONDA,CR-V,39.18209445,-77.26024815,2025,10,17
250046754,Property Damage Crash,10/17/2025 05:00:00 PM,UNIVERSITY BLVD W (WB/L),NA,"Sideswipe, Same Direction",Clear,Dry,Daylight,No Controls,NONE DETECTED,No,NA,NA,NA,NA,Passenger Car,Accelerating,35,No,2017,NISSAN,ROGUE,39.03153092,-77.07506539,2025,10,17
250046754,Property Damage Crash,10/17/2025 05:00:00 PM,UNIVERSITY BLVD W (WB/L),NA,"Sideswipe, Same Direction",Clear,Dry,Daylight,No Controls,NONE DETECTED,No,No Apparent Injury,NA,Not Distracted,MD,Passenger Car,Slowing or Stopping,35,No,2021,TOYOTA,RAV4,39.03153092,-77.07506539,2025,10,17
250046753,Property Damage Crash,10/17/2025 04:47:00 PM,CAPITAL BELTWAY (WB/L),NA,"Sideswipe, Same Direction",Clear,Dry,Daylight,No Controls,NONE DETECTED,No,No Apparent Injury,Ran Off Roadway,Not Distracted,MD,All-Terrain Vehicle/All-Terrain Cycle (ATV/ATC),Accelerating,55,No,2021,CHEVROLET,BLAZER,39.01594018,-77.00753281,2025,10,16