Local Case Number,ACRS Report Type,Crash Date/Time,Road Name,Related Non-Motorist,Collision Type,Weather,Surface Condition,Light,Traffic Control,Driver Substance Abuse,Driver At Fault,Injury Severity,Circumstance,Driver Distracted By,Drivers License State,Vehicle Body Type,Vehicle Movement,Speed Limit,Driverless Vehicle,Vehicle Year,Vehicle Make,Vehicle Model,Latitude,Longitude,Year,Month,Hour
250046753,Property Damage Crash,10/17/2025 04:47:00 PM,CAPITAL BELTWAY (WB/L),NA,"Sideswipe, Same Direction",Clear,Dry,Daylight,No Controls,NONE DETECTED,No,NA,NA,NA,NA,Passenger Car,Moving Constant Speed,55,No,0,NA,NA,39.01594018,-77.00753281,2025,10,16
250046750,Injury Crash,10/17/2025 04:42:00 PM,FREDERICK RD,NA,Front to Rear,Clear,Dry,Daylight,No Controls,NONE DETECTED,No,No Apparent Injury,NA,Not Distracted,MD,Passenger Car,Stopped in Traffic,40,No,2024,SUBARU,ASCENT,39.23261905,-77.27127277,2025,10,16
250046750,Injury Crash,10/17/2025 04:42:00 PM,FREDERICK RD,NA,Front to Rear,Clear,Dry,Daylight,No Controls,NONE DETECTED,Yes,No Apparent Injury,Other Improper Action,Unknown,MD,Passenger Car,Slowing or Stopping,40,No,1999,CHEVROLET,GEO PRIZM,39.23261905,-77.27127277,2025,10,16
250050480,Property Damage Crash,10/17/2025 04:20:00 PM,FALLS FARM DR,NA,Single Vehicle,Clear,Dry,Daylight,No Controls,NONE DETECTED,Yes,No Apparent Injury,"Followed Too Closely, Swerved or Avoided Due to Wind, Slippery Surface, Motor Vehicle, Object, Non-Motorist in Roadway, etc","Other Action (looking away from task, etc.)",MD,Passenger Car,Moving Constant Speed,35,No,2019,DODGE,CHARGER,39.05415671,-77.18330261,2025,10,16
250046729,Property Damage Crash,10/17/2025 03:43:00 PM,LANDY LA,NA,"Sideswipe, Same Direction",Clear,Dry,Daylight,No Controls,NONE DETECTED,Yes,No Apparent Injury,NA,Unknown,MD,Truck Tractor,Moving Constant Speed,20,No,2024,FREIGHTLINER,CASCADIA,38.96533367,-77.103194,2025,10,15
250046725,Property Damage Crash,10/17/2025 03:25:00 PM,RIDGE RD,NA,Front to Rear,Clear,Dry,Daylight,No Controls,NONE DETECTED,No,No Apparent Injury,NA,Not Distracted,MD,Sport Utility Vehicle,Slowing or Stopping,30,No,2021,FORD,EXPLORER,39.30653667,-77.19766667,2025,10,15
250046725,Property Damage Crash,10/17/2025 03:25:00 PM,RIDGE RD,NA,Front to Rear,Clear,Dry,Daylight,No Controls,NONE DETECTED,Yes,No Apparent Injury,"Followed Too Closely, Too Fast For Conditions",Not Distracted,MD,Passenger Car,Slowing or Stopping,30,No,2010,HONDA,INSIGHT,39.30653667,-77.19766667,2025,10,15
250046725,Property Damage Crash,10/17/2025 03:25:00 PM,RIDGE RD,NA,Front to Rear,Clear,Dry,Daylight,No Controls,NONE DETECTED,No,No Apparent Injury,NA,Not Distracted,MD,Sport Utility Vehicle,Slowing or Stopping,30,No,2018,SUBARU,CROSSTREK,39.30653667,-77.19766667,2025,10,15
250046717,Property Damage Crash,10/17/2025 02:43:00 PM,NORBECK RD,NA,"Sideswipe, Same Direction",Clear,Dry,Daylight,No Controls,NONE DETECTED,No,No Apparent Injury,NA,Not Distracted,MD,Sport Utility Vehicle,Moving Constant Speed,35,No,2019,ACURA,MDX,39.11470567,-77.05336867,2025,10,14
250046717,Property Damage Crash,10/17/2025 02:43:00 PM,NORBECK RD,NA,"Sideswipe, Same Direction",Clear,Dry,Daylight,No Controls,NONE DETECTED,Yes,No Apparent Injury,Other Improper Action,Not Distracted,MD,Passenger Car,Making U-Turn,35,No,2024,HONDA,ACCORD,39.11470567,-77.05336867,2025,10,14
250046714,Injury Crash,10/17/2025 02:30:00 PM,CAPITAL BELTWAY,NA,Front to Rear,Clear,Dry,Daylight,No Controls,NONE DETECTED,No,No Apparent Injury,Followed Too Closely,Unknown,MD,Station Wagon,Slowing or Stopping,55,No,2016,FORD,TRANSIT,38.99456673,-77.15779682,2025,10,14
250046714,Injury Crash,10/17/2025 02:30:00 PM,CAPITAL BELTWAY,NA,Front to Rear,Clear,Dry,Daylight,No Controls,NONE DETECTED,No,Possible Minor Injury,NA,Not Distracted,VA,Sport Utility Vehicle,Slowing or Stopping,55,No,2026,HONDA,CR-V,38.99456673,-77.15779682,2025,10,14
250046697,Injury Crash,10/17/2025 01:15:00 PM,MONTGOMERY VILLAGE AVE,Pedestrian,Single Vehicle,Clear,Dry,Daylight,Traffic Control Signal,NONE DETECTED,Yes,No Apparent Injury,Failed to Yield Right-of-Way,Not Distracted,MD,Passenger Car,Turning Right,35,No,2014,TOYOTA,COROLLA,39.16152828,-77.20167673,2025,10,13
250046680,Injury Crash,10/17/2025 12:01:00 PM,ROCKVILLE PIKE,Cyclist (Electric),Single Vehicle,Clear,Dry,Daylight,Stop Sign,NONE DETECTED,Yes,No Apparent Injury,NA,Unknown,MD,Passenger Car,Turning Right,25,No,2021,JEEP,CHEROKEE,39.0718896,-77.13280976,2025,10,12
250046669,Property Damage Crash,10/17/2025 11:10:00 AM,NA,NA,Single Vehicle,Clear,NA,Daylight,NA,NONE DETECTED,Yes,No Apparent Injury,Ran Off Roadway,Unknown,MD,Sport Utility Vehicle,NA,0,No,2018,NISSAN,ROGUE,39.14261669,-77.20031813,2025,10,11
250046651,Injury Crash,10/17/2025 07:50:00 AM,MONTROSE RD (WB/L),NA,Angle,Clear,Dry,Daylight,Traffic Control Signal,NONE DETECTED,Yes,No Apparent Injury,Failed to Yield Right-of-Way,Unknown,MD,Passenger Car,Turning Left,40,No,2025,BMW,X5,39.054023,-77.138004,2025,10,7
250046651,Injury Crash,10/17/2025 07:50:00 AM,MONTROSE RD (WB/L),NA,Angle,Clear,Dry,Daylight,Traffic Control Signal,NONE DETECTED,No,Possible Minor Injury,NA,Unknown,VA,Passenger Car,Moving Constant Speed,40,No,2025,TESLA,MODEL 3,39.054023,-77.138004,2025,10,7
250046648,Property Damage Crash,10/17/2025 06:33:00 AM,COLUMBIA PIKE,NA,Front to Rear,Clear,Dry,Dark,No Controls,NONE DETECTED,No,No Apparent Injury,NA,Not Distracted,MD,Passenger Car,Slowing or Stopping,50,No,2018,NISSAN,ROGUE,39.07684377,-76.95319073,2025,10,6
250046648,Property Damage Crash,10/17/2025 06:33:00 AM,COLUMBIA PIKE,NA,Front to Rear,Clear,Dry,Dark,No Controls,NONE DETECTED,Yes,No Apparent Injury,NA,Not Distracted,MD,Passenger Car,Moving Constant Speed,50,No,2016,TOYOTA,CAMRY,39.07684377,-76.95319073,2025,10,6
250046646,Property Damage Crash,10/17/2025 06:24:00 AM,TAFT ST,NA,Angle,Clear,Dry,Medium,Traffic Control Signal,NONE DETECTED,Yes,No Apparent Injury,"Failed to Keep in Proper Lane, Over-Correcting/Over-Steering, Too Fast For Conditions",Unknown,MD,Sport Utility Vehicle,Turning Right,35,No,2011,ACURA,RDX,39.09411162,-77.13271403,2025,10,6
250046646,Property Damage Crash,10/17/2025 06:24:00 AM,TAFT ST,NA,Angle,Clear,Dry,Medium,Traffic Control Signal,NONE DETECTED,No,No Apparent Injury,NA,Not Distracted,MD,Sport Utility Vehicle,Stopped in Traffic,25,No,2017,SUBARU,CROSSTREK,39.09411162,-77.13271403,2025,10,6
250046643,Property Damage Crash,10/17/2025 05:44:00 AM,CALVERTON BLVD,NA,Single Vehicle,Clear,Dry,Medium,Traffic Control Signal,NONE DETECTED,No,No Apparent Injury,NA,Unknown,MD,Passenger Car,Turning Left,35,No,2019,CHEVROLET,TRAX,39.05607575,-76.95445698,2025,10,5
250046641,Injury Crash,10/17/2025 05:10:00 AM,CRABBS BRANCH WAY,NA,Single Vehicle,Cloudy,Dry,Medium,No Controls,DRUG AND ALCOHOL CONTRIBUTED,No,Possible Minor Injury,"Failed to Keep in Proper Lane, Operated Motor Vehicle in Inattentive, Careless, Negligent, or Erratic Manner, Ran Off Roadway",Not Distracted,MD,Passenger Car,Moving Constant Speed,35,No,2024,HYUNDAI,ELANTRA,39.12105773,-77.15870723,2025,10,5
250046620,Property Damage Crash,10/16/2025 09:14:00 PM,GEORGIA AVE,NA,Front to Rear,Clear,Dry,Dark,No Controls,NONE DETECTED,No,No Apparent Injury,NA,Not Distracted,MD,Passenger Car,Slowing or Stopping,45,No,2024,KIA,FORTE,39.19800468,-77.06645707,2025,10,21
250046620,Property Damage Crash,10/16/2025 09:14:00 PM,GEORGIA AVE,NA,Front to Rear,Clear,Dry,Dark,No Controls,NONE DETECTED,No,No Apparent Injury,NA,Not Distracted,MD,Passenger Car,Moving Constant Speed,45,No,2012,TOYOTA,CAMRY,39.19800468,-77.06645707,2025,10,21
250046620,Property Damage Crash,10/16/2025 09:14:00 PM,GEORGIA AVE,NA,Front to Rear,Clear,Dry,Dark,No Controls,NONE DETECTED,No,No Apparent Injury,Followed Too Closely,Unknown,MD,Passenger Car,Moving Constant Speed,45,No,2013,KIA,OPTIMA,39.19800468,-77.06645707,2025,10,21
250046613,Injury Crash,10/16/2025 09:00:00 PM,VEIRS MILL RD (WB/L),NA,Front to Rear,Clear,Dry,Medium,No Controls,NONE DETECTED,No,Possible Minor Injury,NA,Not Distracted,MD,Passenger Car,Moving Constant Speed,35,No,2010,TOYOTA,COROLLA,39.06215667,-77.09284367,2025,10,21
250046613,Injury Crash,10/16/2025 09:00:00 PM,VEIRS MILL RD (WB/L),NA,Front to Rear,Clear,Dry,Medium,No Controls,NONE DETECTED,Yes,No Apparent Injury,Followed Too Closely,Not Distracted,NA,Passenger Car,Moving Constant Speed,35,No,2014,HYUNDAI,ELANTRA,39.06215667,-77.09284367,2025,10,21
250046609,Property Damage Crash,10/16/2025 08:30:00 PM,NO NAME,NA,Front to Rear,Clear,Dry,Medium,No Controls,NONE DETECTED,No,No Apparent Injury,NA,Not Distracted,MD,Bus - Transit,Slowing or Stopping,35,No,2009,GILLIG,LOW FLOOR BUS,38.99365203,-77.05173548,2025,10,20
250046609,Property Damage Crash,10/16/2025 08:30:00 PM,NO NAME,NA,Front to Rear,Clear,Dry,Medium,No Controls,NONE DETECTED,No,No Apparent Injury,NA,Not Distracted,MD,Passenger Car,Stopped in Traffic,35,No,2013,FORD,C-MAX,38.99365203,-77.05173548,2025,10,20
250046604,Injury Crash,10/16/2025 08:06:00 PM,CONNECTICUT AVE,NA,Front to Front,Clear,Dry,Medium,No Controls,NONE DETECTED,No,Possible Minor Injury,NA,Not Distracted,MD,Sport Utility Vehicle,Moving Constant Speed,35,No,2021,JEEP,WRANGLER,39.06519117,-77.0739515,2025,10,20
250046604,Injury Crash,10/16/2025 08:06:00 PM,CONNECTICUT AVE,NA,Front to Front,Clear,Dry,Medium,No Controls,NONE DETECTED,Yes,Suspected Serious Injury,"Other Improper Action, Over-Correcting/Over-Steering, Ran Off Roadway, Swerved or Avoided Due to Wind, Slippery Surface, Motor Vehicle, Object, Non-Motorist in Roadway, etc, Too Fast For Conditions",Unknown,MD,Passenger Car,Accelerating,35,No,2014,TOYOTA,CAMRY,39.06519117,-77.0739515,2025,10,20
250046606,Property Damage Crash,10/16/2025 08:05:00 PM,CHESTERWOOD DR,NA,Angle,Clear,Dry,Medium,Lane Use Control Signal,NONE DETECTED,No,No Apparent Injury,NA,Not Distracted,MD,Van - Passenger (&lt;9 Seats),Moving Constant Speed,35,No,2011,DODGE,GRAND CARAVAN,39.0876551,-77.07948686,2025,10,20
250046606,Property Damage Crash,10/16/2025 08:05:00 PM,CHESTERWOOD DR,NA,Angle,Clear,Dry,Medium,Lane Use Control Signal,NONE DETECTED,Yes,No Apparent Injury,NA,Not Distracted,VA,Passenger Car,Turning Left,35,No,2024,HONDA,ACCORD,39.0876551,-77.07948686,2025,10,20
250046243,Property Damage Crash,10/16/2025 06:32:00 PM,NA,NA,Angle,Clear,NA,Daylight,NA,NONE DETECTED,No,NA,NA,NA,NA,NA,NA,0,No,0,NA,NA,39.04584049,-76.97568476,2025,10,18
250046591,Injury Crash,10/16/2025 06:00:00 PM,MONTGOMERY VILLAGE AVE (SB/L),Cyclist (Electric),Single Vehicle,Clear,Dry,Medium,Traffic Control Signal,NONE DETECTED,Yes,No Apparent Injury,Other Improper Action,Not Distracted,MD,Passenger Car,Turning Left,35,No,2005,TOYOTA,PRIUS,39.16973204,-77.20446624,2025,10,18
250046612,Property Damage Crash,10/16/2025 06:00:00 PM,PINNACLE DR,NA,Front to Rear,Clear,Dry,Daylight,Stop Sign,NONE DETECTED,No,No Apparent Injury,NA,Not Distracted,MD,Sport Utility Vehicle,Turning Left,25,No,2018,NISSAN,ROGUE SPORT,39.18210397,-77.26515123,2025,10,18
250046612,Property Damage Crash,10/16/2025 06:00:00 PM,PINNACLE DR,NA,Front to Rear,Clear,Dry,Daylight,No Controls,NONE DETECTED,Yes,No Apparent Injury,Improper Backing,Unknown,DC,Passenger Car,Backing,25,No,2010,TOYOTA,COROLLA,39.18210397,-77.26515123,2025,10,18
250046590,Property Damage Crash,10/16/2025 05:58:00 PM,DEL RAY AVE,NA,Other,Clear,Dry,Daylight,No Controls,NONE DETECTED,No,NA,NA,NA,NA,Passenger Car,Backing,25,No,2018,LEXUS,ES,38.98968333,-77.09887767,2025,10,17
250046590,Property Damage Crash,10/16/2025 05:58:00 PM,DEL RAY AVE,NA,Other,Clear,Dry,Daylight,No Controls,NONE DETECTED,No,No Apparent Injury,NA,Not Distracted,MD,Passenger Car,Parked,25,No,2024,BMW,X5,38.98968333,-77.09887767,2025,10,17
250046578,Property Damage Crash,10/16/2025 05:03:00 PM,FREDERICK RD,NA,Front to Rear,Clear,Dry,Daylight,No Controls,NONE DETECTED,Yes,No Apparent Injury,Improper Passing,Unknown,MD,Passenger Car,Changing Lanes,35,No,2021,BMW,228I,39.19263333,-77.24259167,2025,10,17
250046578,Property Damage Crash,10/16/2025 05:03:00 PM,FREDERICK RD,NA,Front to Rear,Clear,Dry,Daylight,No Controls,NONE DETECTED,No,No Apparent Injury,NA,Not Distracted,MD,Bus - Transit,Stopped in Traffic,35,No,2019,GILLIG,LOW FLOOR BUS,39.19263333,-77.24259167,2025,10,17
250046577,Property Damage Crash,10/16/2025 04:45:00 PM,NA,NA,"Sideswipe, Same Direction",Clear,NA,Daylight,NA,NONE DETECTED,No,No Apparent Injury,NA,Not Distracted,MD,Passenger Car,Parked,0,No,2009,TOYOTA,CAMRY,39.07417413,-77.13736639,2025,10,16
250046577,Property Damage Crash,10/16/2025 04:45:00 PM,NA,NA,"Sideswipe, Same Direction",Clear,NA,Daylight,NA,NONE DETECTED,No,No Apparent Injury,NA,Unknown,MD,Passenger Car,Turning Left,0,No,2018,HONDA,ACCORD,39.07417413,-77.13736639,2025,10,16
250046567,Injury Crash,10/16/2025 04:30:00 PM,RAYBURN RD,NA,"Sideswipe, Opposite Direction",Clear,Dry,Daylight,No Controls,NONE DETECTED,No,Possible Minor Injury,NA,Not Distracted,MD,Van - Passenger (&lt;9 Seats),Moving Constant Speed,30,No,2025,CHRYSLER,PACIFICA,38.99319569,-77.12058999,2025,10,16
250046567,Injury Crash,10/16/2025 04:30:00 PM,RAYBURN RD,NA,"Sideswipe, Opposite Direction",Clear,Dry,Daylight,Stop Sign,NONE DETECTED,Yes,No Apparent Injury,NA,Not Distracted,MD,Passenger Car,Accelerating,20,No,2017,BMW,230I,38.99319569,-77.12058999,2025,10,16
250046562,Property Damage Crash,10/16/2025 04:15:00 PM,BATTERY LA,NA,Angle,Clear,Dry,Daylight,Stop Sign,NONE DETECTED,No,No Apparent Injury,NA,Not Distracted,MD,Passenger Car,Moving Constant Speed,25,No,2013,SUBARU,FORESTER,38.99193107,-77.10257142,2025,10,16
250046562,Property Damage Crash,10/16/2025 04:15:00 PM,BATTERY LA,NA,Angle,Clear,Dry,Daylight,No Controls,NONE DETECTED,No,No Apparent Injury,NA,Not Distracted,MD,Passenger Car,Moving Constant Speed,25,No,2013,HONDA,CR-V,38.99193107,-77.10257142,2025,10,16
250046560,Property Damage Crash,10/16/2025 04:01:00 PM,RAMP 4 FR IS 270 NB TO MD 28 EB,NA,Front to Rear,Clear,Dry,Daylight,No Controls,NONE DETECTED,No,No Apparent Injury,NA,Not Distracted,MD,Station Wagon,Stopped in Traffic,55,No,2023,SUBARU,CROSSTREK,39.08337826,-77.17207682,2025,10,16
250046560,Property Damage Crash,10/16/2025 04:01:00 PM,RAMP 4 FR IS 270 NB TO MD 28 EB,NA,Front to Rear,Clear,Dry,Daylight,No Controls,NONE DETECTED,Yes,No Apparent Injury,NA,Not Distracted,MD,Van - Passenger (&lt;9 Seats),Moving Constant Speed,55,No,2021,CHEVROLET,EXPRESS,39.08337826,-77.17207682,2025,10,16
250046554,Injury Crash,10/16/2025 03:44:00 PM,MACARTHUR BLVD,NA,Front to Front,Clear,Dry,Daylight,No Controls,NONE DETECTED,No,Possible Minor Injury,NA,Not Distracted,MD,Passenger Car,Moving Constant Speed,35,No,2022,VOLKSWAGEN,ID.4,38.97430471,-77.16830873,2025,10,15
250046554,Injury Crash,10/16/2025 03:44:00 PM,MACARTHUR BLVD,NA,Front to Front,Clear,Dry,Daylight,Stop Sign,NONE DETECTED,No,No Apparent Injury,Failed to Yield Right-of-Way,Unknown,IL,Passenger Car,Turning Left,35,No,2014,SUBARU,LEGACY,38.97430471,-77.16830873,2025,10,15
250046557,Property Damage Crash,10/16/2025 03:37:00 PM,HAVARD ST,NA,"Sideswipe, Opposite Direction",Clear,Dry,Daylight,Stop Sign,NONE DETECTED,No,No Apparent Injury,NA,Not Distracted,MD,Passenger Car,Moving Constant Speed,25,No,2008,HYUNDAI,ELANTRA,39.05890794,-77.08596064,2025,10,15
250046557,Property Damage Crash,10/16/2025 03:37:00 PM,HAVARD ST,NA,"Sideswipe, Opposite Direction",Clear,Dry,Daylight,Stop Sign,NONE DETECTED,Yes,No Apparent Injury,"Failed to Yield Right-of-Way, Improper Turn",Unknown,MD,Passenger Car,Making U-Turn,25,No,2009,TOYOTA,COROLLA,39.05890794,-77.08596064,2025,10,15
250046558,Property Damage Crash,10/16/2025 03:10:00 PM,FREDERICK RD,NA,"Sideswipe, Same Direction",Clear,Dry,Daylight,Traffic Control Signal,NONE DETECTED,No,No Apparent Injury,"Disregarded Other Road Markings, Disregarded Other Traffic Sign, Failed to Keep in Proper Lane, Improper Turn, Operated Motor Vehicle in Inattentive, Careless, Negligent, or Erratic Manner",Unknown,NA,Station Wagon,NA,20,No,0,NA,NA,39.17842418,-77.23839192,2025,10,15
250046558,Property Damage Crash,10/16/2025 03:10:00 PM,FREDERICK RD,NA,"Sideswipe, Same Direction",Clear,Dry,Daylight,Traffic Control Signal,NONE DETECTED,No,No Apparent Injury,NA,Not Distracted,MD,Sport Utility Vehicle,Turning Right,20,No,2022,ACURA,RDX,39.17842418,-77.23839192,2025,10,15
250046529,Injury Crash,10/16/2025 01:41:00 PM,SHADY GROVE RD,NA,Angle,Clear,Dry,Daylight,Traffic Control Signal,NONE DETECTED,No,Possible Minor Injury,NA,Not Distracted,MD,Passenger Car,Turning Left,40,No,2023,TOYOTA,RAV4,39.11745064,-77.18349395,2025,10,13
250046529,Injury Crash,10/16/2025 01:41:00 PM,SHADY GROVE RD,NA,Angle,Clear,Dry,Daylight,Traffic Control Signal,NONE DETECTED,Yes,Possible Minor Injury,Ran Red Light,Unknown,MD,Passenger Car,Moving Constant Speed,40,No,2014,HONDA,CIVIC,39.11745064,-77.18349395,2025,10,13
250046536,Property Damage Crash,10/16/2025 01:39:00 PM,NA,NA,Front to Rear,Clear,Dry,Daylight,Traffic Control Signal,NONE DETECTED,No,No Apparent Injury,NA,Unknown,DC,Passenger Car,Slowing or Stopping,35,No,2025,KIA,SORENTO,39.03492276,-77.19472508,2025,10,13
250046536,Property Damage Crash,10/16/2025 01:39:00 PM,NA,NA,Front to Rear,Clear,Dry,Daylight,Traffic Control Signal,NONE DETECTED,Yes,No Apparent Injury,NA,Unknown,MD,Other,Accelerating,35,No,2013,CHEVROLET,EXPRESS,39.03492276,-77.19472508,2025,10,13
250046516,Property Damage Crash,10/16/2025 12:47:00 PM,FERN ST,NA,Angle,Clear,Dry,Daylight,No Controls,NONE DETECTED,No,No Apparent Injury,NA,Not Distracted,MD,Passenger Car,Moving Constant Speed,35,No,2009,HONDA,ACCORD,39.04145488,-77.04927884,2025,10,12
250046516,Property Damage Crash,10/16/2025 12:47:00 PM,FERN ST,NA,Angle,Clear,Dry,Daylight,Stop Sign,NONE DETECTED,Yes,No Apparent Injury,NA,Not Distracted,MD,Passenger Car,Turning Right,30,No,2017,NISSAN,PATHFINDER,39.04145488,-77.04927884,2025,10,12
250046509,Property Damage Crash,10/16/2025 12:27:00 PM,MONTGOMERY AVE,NA,"Sideswipe, Same Direction",Clear,Dry,Daylight,Traffic Control Signal,NONE DETECTED,No,No Apparent Injury,NA,Not Distracted,MD,Passenger Car,Slowing or Stopping,30,No,2019,DODGE,CHARGER,38.9835934,-77.09398373,2025,10,12
250046509,Property Damage Crash,10/16/2025 12:27:00 PM,MONTGOMERY AVE,NA,"Sideswipe, Same Direction",Clear,Dry,Daylight,Traffic Control Signal,NONE DETECTED,No,No Apparent Injury,NA,Not Distracted,MD,Passenger Car,Stopped in Traffic,30,No,2015,HONDA,CIVIC,38.9835934,-77.09398373,2025,10,12
250046509,Property Damage Crash,10/16/2025 12:27:00 PM,MONTGOMERY AVE,NA,"Sideswipe, Same Direction",Clear,Dry,Daylight,Traffic Control Signal,NONE DETECTED,Yes,No Apparent Injury,NA,Unknown,MD,Passenger Car,Changing Lanes,30,No,2019,TOYOTA,PRIUS,38.9835934,-77.09398373,2025,10,12
250046504,Injury Crash,10/16/2025 12:20:00 PM,JESSUP BLAIR DR,NA,Angle,Clear,Dry,Daylight,No Controls,NONE DETECTED,Yes,No Apparent Injury,Failed to Yield Right-of-Way,Not Distracted,MD,Passenger Car,Turning Left,30,No,2010,VOLVO,XC60,38.985771,-77.02659467,2025,10,12
250046504,Injury Crash,10/16/2025 12:20:00 PM,JESSUP BLAIR DR,NA,Angle,Clear,Dry,Daylight,No Controls,NONE DETECTED,No,Suspected Serious Injury,NA,Not Distracted,DC,Motorcycle - 2 Wheeled,Moving Constant Speed,30,No,2020,DUCATI,SCRAMBLER,38.985771,-77.02659467,2025,10,12
250046507,Property Damage Crash,10/16/2025 12:12:00 PM,CONNECTICUT AVE (SB/L),NA,Unknown,Clear,Dry,Daylight,Lane Use Control Signal,NONE DETECTED,No,No Apparent Injury,NA,Not Distracted,MD,Passenger Car,NA,35,No,2012,SUBARU,OUTBACK,39.05193533,-77.07466733,2025,10,12
250046761,Property Damage Crash,10/16/2025 12:00:00 PM,GEORGIA AVE (SB/L),NA,"Sideswipe, Same Direction",Clear,Dry,Daylight,No Controls,NONE DETECTED,No,No Apparent Injury,NA,Not Distracted,VA,Passenger Car,Turning Left,35,No,2022,NISSAN,VERSA,39.08366453,-77.07792717,2025,10,12
250046761,Property Damage Crash,10/16/2025 12:00:00 PM,GEORGIA AVE (SB/L),NA,"Sideswipe, Same Direction",Clear,Dry,Daylight,No Controls,NONE DETECTED,No,NA,NA,NA,NA,Passenger Car,Turning Left,35,No,2025,NISSAN,SENTRA,39.08366453,-77.07792717,2025,10,12
250046486,Property Damage Crash,10/16/2025 10:16:00 AM,LEWIS DR,NA,"Sideswipe, Same Direction",Clear,Dry,Daylight,No Controls,NONE DETECTED,Yes,No Apparent Injury,Failed to Keep in Proper Lane,Not Distracted,MD,Passenger Car,Changing Lanes,35,No,2011,MERCEDES-BENZ,C-CLASS,39.2899595,-77.20551717,2025,10,10
250046486,Property Damage Crash,10/16/2025 10:16:00 AM,LEWIS DR,NA,"Sideswipe, Same Direction",Clear,Dry,Daylight,No Controls,NONE DETECTED,No,No Apparent Injury,NA,Not Distracted,MD,Pickup,Slowing or Stopping,35,No,2015,CHEVROLET,SILVERADO,39.2899595,-77.20551717,2025,10,10
250046474,Injury Crash,10/16/2025 09:15:00 AM,CAPITAL BELTWAY (WB/L),NA,Front to Rear,Clear,Dry,Daylight,No Controls,NONE DETECTED,Yes,No Apparent Injury,NA,"Other Action (looking away from task, etc.)",VA,Passenger Car,Slowing or Stopping,55,No,2010,MERCEDES-BENZ,C-CLASS,39.01499205,-77.12443082,2025,10,9
250046474,Injury Crash,10/16/2025 09:15:00 AM,CAPITAL BELTWAY (WB/L),NA,Front to Rear,Clear,Dry,Daylight,No Controls,NONE DETECTED,No,No Apparent Injury,NA,Not Distracted,MD,Sport Utility Vehicle,Stopped in Traffic,55,No,2019,NISSAN,ROGUE,39.01499205,-77.12443082,2025,10,9
250046475,Property Damage Crash,10/16/2025 09:13:00 AM,WOODMOOR DR,NA,"Sideswipe, Same Direction",Clear,Dry,Daylight,No Controls,NONE DETECTED,Yes,No Apparent Injury,Failed to Keep in Proper Lane,Not Distracted,MD,Sport Utility Vehicle,Moving Constant Speed,30,No,2021,FORD,EXPLORER,39.02124617,-77.006936,2025,10,9
250046476,Property Damage Crash,10/16/2025 09:12:00 AM,PINEY BRANCH RD,NA,Front to Front,Clear,Dry,Daylight,"Other Pavement Marking (excluding edgelines, centerlines, or lane lines)",NONE DETECTED,No,NA,"Disregarded Other Road Markings, Failed to Yield Right-of-Way",NA,NA,Pickup,Changing Lanes,30,No,2004,FORD,F-150,38.99785307,-77.00442657,2025,10,9
250046476,Property Damage Crash,10/16/2025 09:12:00 AM,PINEY BRANCH RD,NA,Front to Front,Clear,Dry,Daylight,"Other Pavement Marking (excluding edgelines, centerlines, or lane lines)",NONE DETECTED,No,No Apparent Injury,NA,Not Distracted,DC,Passenger Car,Changing Lanes,30,No,2009,TOYOTA,RAV4,38.99785307,-77.00442657,2025,10,9