Local Case Number,ACRS Report Type,Crash Date/Time,Road Name,Related Non-Motorist,Collision Type,Weather,Surface Condition,Light,Traffic Control,Driver Substance Abuse,Driver At Fault,Injury Severity,Circumstance,Driver Distracted By,Drivers License State,Vehicle Body Type,Vehicle Movement,Speed Limit,Driverless Vehicle,Vehicle Year,Vehicle Make,Vehicle Model,Latitude,Longitude,Year,Month,Hour
250046472,Property Damage Crash,10/16/2025 08:43:00 AM,PLYERS MILL RD,NA,Front to Rear,Clear,Dry,Daylight,Traffic Control Signal,NONE DETECTED,No,No Apparent Injury,NA,Not Distracted,MD,Sport Utility Vehicle,Turning Right,25,No,2021,VOLKSWAGEN,ATLAS,39.02971703,-77.07579994,2025,10,8
250046472,Property Damage Crash,10/16/2025 08:43:00 AM,PLYERS MILL RD,NA,Front to Rear,Clear,Dry,Daylight,Traffic Control Signal,NONE DETECTED,No,No Apparent Injury,NA,Not Distracted,MD,Sport Utility Vehicle,Turning Right,25,No,2021,VOLVO,XC90,39.02971703,-77.07579994,2025,10,8
250046468,Property Damage Crash,10/16/2025 07:50:00 AM,WESTLAKE DR,NA,Front to Rear,Clear,Dry,Medium,Traffic Control Signal,NONE DETECTED,No,No Apparent Injury,NA,NA,MD,Passenger Car,Moving Constant Speed,35,No,2013,AUDI,Q7,39.02255013,-77.15015645,2025,10,7
250046468,Property Damage Crash,10/16/2025 07:50:00 AM,WESTLAKE DR,NA,Front to Rear,Clear,Dry,Medium,Traffic Control Signal,NONE DETECTED,No,No Apparent Injury,NA,Not Distracted,MD,Passenger Car,Moving Constant Speed,35,No,2024,TESLA,MODEL Y,39.02255013,-77.15015645,2025,10,7
250046466,Injury Crash,10/16/2025 07:40:00 AM,NA,Pedestrian,Single Vehicle,Clear,NA,Daylight,NA,NONE DETECTED,Yes,No Apparent Injury,NA,Not Distracted,MD,Other,Turning Right,0,No,2014,MACK,LEU (TERRAPRO),39.11983149,-77.1762059,2025,10,7
250046286,Property Damage Crash,10/16/2025 06:13:00 AM,GEORGIA AVE (SB/L),NA,"Sideswipe, Same Direction",Clear,Wet,Medium,Traffic Control Signal,NONE DETECTED,Yes,No Apparent Injury,"Disregarded Other Road Markings, Disregarded Other Traffic Sign, Failed to Keep in Proper Lane",Not Distracted,DE,Other Trucks,Turning Right,35,No,2017,VOLVO TRUCK,UNKNOWN,38.9960572,-77.02805058,2025,10,6
250046286,Property Damage Crash,10/16/2025 06:13:00 AM,GEORGIA AVE (SB/L),NA,"Sideswipe, Same Direction",Clear,Wet,Medium,Traffic Control Signal,NONE DETECTED,No,No Apparent Injury,NA,Not Distracted,MD,Passenger Car,Stopped in Traffic,30,No,2007,DODGE,CHARGER,38.9960572,-77.02805058,2025,10,6
250046454,Property Damage Crash,10/15/2025 11:05:00 PM,NORBECK RD,NA,Front to Rear,Clear,Dry,Medium,Traffic Control Signal,NONE DETECTED,No,No Apparent Injury,NA,Unknown,NA,Passenger Car,Accelerating,45,No,2002,HONDA,CR-V,39.09615709,-77.109842,2025,10,23
250046454,Property Damage Crash,10/15/2025 11:05:00 PM,NORBECK RD,NA,Front to Rear,Clear,Dry,Medium,Traffic Control Signal,NONE DETECTED,No,No Apparent Injury,NA,Unknown,MD,Passenger Car,Accelerating,45,No,2020,TOYOTA,HIGHLANDER,39.09615709,-77.109842,2025,10,23
250046445,Injury Crash,10/15/2025 08:50:00 PM,RIVER RD,Pedestrian,Single Vehicle,Clear,Dry,Dark,Pedestrian Crossing Sign,NONE DETECTED,No,No Apparent Injury,NA,Unknown,DC,Passenger Car,Moving Constant Speed,35,No,2023,CHEVROLET,BOLT EV,38.96468655,-77.10355319,2025,10,20
250046444,Injury Crash,10/15/2025 08:40:00 PM,GEORGIA AVE,NA,"Sideswipe, Same Direction",Clear,Dry,Medium,No Controls,NONE DETECTED,Yes,Possible Minor Injury,NA,Not Distracted,DE,Passenger Car,Changing Lanes,30,No,2015,CHEVROLET,EQUINOX,39.01203418,-77.04144704,2025,10,20
250046444,Injury Crash,10/15/2025 08:40:00 PM,GEORGIA AVE,NA,"Sideswipe, Same Direction",Clear,Dry,Medium,No Controls,NONE DETECTED,No,No Apparent Injury,NA,Not Distracted,MD,Bus - Transit,Moving Constant Speed,30,No,2023,NEW FLYER,XCELSIOR,39.01203418,-77.04144704,2025,10,20
240046438,Property Damage Crash,10/15/2025 08:20:00 PM,ALDERWOOD DR,NA,Angle,Clear,Dry,Dark,No Controls,NONE DETECTED,No,No Apparent Injury,NA,Not Distracted,MD,Passenger Car,Turning Left,40,No,2016,SUBARU,IMPREZA,39.10639578,-77.23350109,2025,10,20
240046438,Property Damage Crash,10/15/2025 08:20:00 PM,ALDERWOOD DR,NA,Angle,Clear,Dry,Dark,No Controls,NONE DETECTED,No,No Apparent Injury,NA,Not Distracted,MD,Passenger Car,Moving Constant Speed,40,No,2014,HONDA,ACCORD,39.10639578,-77.23350109,2025,10,20
250046430,Property Damage Crash,10/15/2025 07:20:00 PM,WATKINS MILL RD,NA,"Sideswipe, Same Direction",Clear,Dry,Dark,No Controls,NONE DETECTED,No,No Apparent Injury,NA,Not Distracted,MD,Sport Utility Vehicle,Parked,35,No,2021,JEEP,COMPASS,39.18565317,-77.21234583,2025,10,19
250046430,Property Damage Crash,10/15/2025 07:20:00 PM,WATKINS MILL RD,NA,"Sideswipe, Same Direction",Clear,Dry,Dark,No Controls,NONE DETECTED,Yes,No Apparent Injury,Other Improper Action,Unknown,MD,Sport Utility Vehicle,Moving Constant Speed,35,No,2021,LEXUS,RX,39.18565317,-77.21234583,2025,10,19
250046430,Property Damage Crash,10/15/2025 07:20:00 PM,WATKINS MILL RD,NA,"Sideswipe, Same Direction",Clear,Dry,Dark,No Controls,NONE DETECTED,No,No Apparent Injury,NA,Not Distracted,MD,Passenger Car,Moving Constant Speed,35,No,2000,TOYOTA,CAMRY,39.18565317,-77.21234583,2025,10,19
250046424,Injury Crash,10/15/2025 06:54:00 PM,GEORGIA AVE,NA,Front to Rear,Clear,Dry,Medium,No Controls,NONE DETECTED,No,Possible Minor Injury,NA,Not Distracted,MD,Passenger Car,Stopped in Traffic,40,No,2015,LEXUS,RX,39.12910733,-77.07123883,2025,10,18
250046424,Injury Crash,10/15/2025 06:54:00 PM,GEORGIA AVE,NA,Front to Rear,Clear,Dry,Medium,No Controls,NONE DETECTED,Yes,Possible Minor Injury,"Followed Too Closely, Operated Motor Vehicle in Inattentive, Careless, Negligent, or Erratic Manner, Other Improper Action",Unknown,MD,Passenger Car,Moving Constant Speed,40,No,2009,KIA,OPTIMA,39.12910733,-77.07123883,2025,10,18
250046424,Injury Crash,10/15/2025 06:54:00 PM,GEORGIA AVE,NA,Front to Rear,Clear,Dry,Medium,No Controls,NONE DETECTED,No,Possible Minor Injury,NA,Not Distracted,MD,Passenger Car,Moving Constant Speed,40,No,2017,CHEVROLET,TRAX,39.12910733,-77.07123883,2025,10,18
250046418,Property Damage Crash,10/15/2025 06:03:00 PM,OLNEY LAYTONSVILLE RD,NA,Angle,Clear,Dry,Daylight,No Controls,NONE DETECTED,Yes,No Apparent Injury,NA,Not Distracted,MD,Passenger Car,Turning Left,30,No,2016,TOYOTA,PRIUS C,39.1543019,-77.06894821,2025,10,18
250046418,Property Damage Crash,10/15/2025 06:03:00 PM,OLNEY LAYTONSVILLE RD,NA,Angle,Clear,Dry,Daylight,No Controls,NONE DETECTED,No,No Apparent Injury,NA,Not Distracted,MD,Pickup,Moving Constant Speed,30,No,2024,RAM,3500,39.1543019,-77.06894821,2025,10,18
250046413,Property Damage Crash,10/15/2025 05:59:00 PM,SAM EIG HWY,NA,"Sideswipe, Opposite Direction",Clear,Dry,Daylight,Traffic Control Signal,NONE DETECTED,No,No Apparent Injury,NA,Unknown,MD,Passenger Car,Stopped in Traffic,45,No,2019,NISSAN,SENTRA,39.11464011,-77.20939848,2025,10,17
250046413,Property Damage Crash,10/15/2025 05:59:00 PM,SAM EIG HWY,NA,"Sideswipe, Opposite Direction",Clear,Dry,Daylight,No Controls,ALCOHOL PRESENT,Yes,No Apparent Injury,"Failed to Keep in Proper Lane, Operated Motor Vehicle in Inattentive, Careless, Negligent, or Erratic Manner, Wrong Side",NA,MD,Passenger Car,Accelerating,45,No,2021,NISSAN,SENTRA,39.11464011,-77.20939848,2025,10,17
250046411,Property Damage Crash,10/15/2025 05:50:00 PM,SHADY GROVE RD (SB/L),NA,Front to Rear,Clear,Dry,Daylight,Traffic Control Signal,NONE DETECTED,No,No Apparent Injury,NA,Unknown,MD,Passenger Car,Stopped in Traffic,35,No,2018,SUBARU,FORESTER,39.11504939,-77.18550715,2025,10,17
250046411,Property Damage Crash,10/15/2025 05:50:00 PM,SHADY GROVE RD (SB/L),NA,Front to Rear,Clear,Dry,Daylight,Traffic Control Signal,NONE DETECTED,Yes,No Apparent Injury,"Operated Motor Vehicle in Inattentive, Careless, Negligent, or Erratic Manner",Unknown,MD,Passenger Car,Entering Traffic Lane,35,No,2021,DODGE,DURANGO,39.11504939,-77.18550715,2025,10,17
250046410,Injury Crash,10/15/2025 05:37:00 PM,NORBECK RD,NA,Front to Rear,Clear,Dry,Daylight,No Controls,NONE DETECTED,No,No Apparent Injury,NA,Not Distracted,MD,Passenger Car,Slowing or Stopping,45,No,2018,JEEP,RENEGADE,39.09140866,-77.12585209,2025,10,17
250046410,Injury Crash,10/15/2025 05:37:00 PM,NORBECK RD,NA,Front to Rear,Clear,Dry,Daylight,No Controls,NONE DETECTED,Yes,No Apparent Injury,NA,Not Distracted,MD,Passenger Car,Accelerating,45,No,2015,CHEVROLET,SILVERADO,39.09140866,-77.12585209,2025,10,17
250046390,Property Damage Crash,10/15/2025 04:45:00 PM,NA,NA,Front to Rear,Clear,Dry,Daylight,No Controls,NONE DETECTED,No,No Apparent Injury,NA,Not Distracted,MD,Passenger Car,Stopped in Traffic,30,No,2009,TOYOTA,CAMRY,39.08318397,-77.15299002,2025,10,16
250046390,Property Damage Crash,10/15/2025 04:45:00 PM,NA,NA,Front to Rear,Clear,Dry,Daylight,No Controls,NONE DETECTED,No,No Apparent Injury,NA,Not Distracted,MD,Passenger Car,Stopped in Traffic,30,No,2002,BMW,525I,39.08318397,-77.15299002,2025,10,16
250046390,Property Damage Crash,10/15/2025 04:45:00 PM,NA,NA,Front to Rear,Clear,Dry,Daylight,No Controls,NONE DETECTED,Yes,No Apparent Injury,NA,"Other Action (looking away from task, etc.)",MD,Passenger Car,Moving Constant Speed,30,No,2016,SMART,FORTWO,39.08318397,-77.15299002,2025,10,16
250046398,Property Damage Crash,10/15/2025 04:40:00 PM,NA,NA,Front to Rear,Clear,Dry,Daylight,Yield Sign,NONE DETECTED,No,No Apparent Injury,NA,Not Distracted,MD,Passenger Car,Slowing or Stopping,45,No,2008,TOYOTA,RAV4,39.13497985,-77.2055612,2025,10,16
250046398,Property Damage Crash,10/15/2025 04:40:00 PM,NA,NA,Front to Rear,Clear,Dry,Daylight,Traffic Control Signal,NONE DETECTED,No,No Apparent Injury,NA,Not Distracted,MD,Passenger Car,Stopped in Traffic,45,No,2019,TOYOTA,CAMRY,39.13497985,-77.2055612,2025,10,16
250046398,Property Damage Crash,10/15/2025 04:40:00 PM,NA,NA,Front to Rear,Clear,Dry,Daylight,Yield Sign,NONE DETECTED,Yes,No Apparent Injury,"Followed Too Closely, Too Fast For Conditions",Unknown,NA,Sport Utility Vehicle,Backing,45,No,2014,NISSAN,PATHFINDER,39.13497985,-77.2055612,2025,10,16
250046381,Property Damage Crash,10/15/2025 03:42:00 PM,CASHELL RD,NA,Single Vehicle,Clear,Dry,Daylight,No Controls,NONE DETECTED,No,No Apparent Injury,NA,Not Distracted,MD,Bus - School,Moving Constant Speed,35,No,2024,FREIGHTLINER,B2 BUS CHASSIS,39.1411783,-77.09186976,2025,10,15
250046357,Injury Crash,10/15/2025 02:10:00 PM,E JEFFERSON ST (SB/L),NA,Angle,Clear,Dry,Daylight,Traffic Control Signal,NONE DETECTED,Yes,Possible Minor Injury,"Failed to Yield Right-of-Way, Ran Red Light","Other Action (looking away from task, etc.)",VA,Passenger Car,Moving Constant Speed,30,No,2011,VOLKSWAGEN,JETTA SPORTWAGEN,39.0508785,-77.12626233,2025,10,14
250046357,Injury Crash,10/15/2025 02:10:00 PM,E JEFFERSON ST (SB/L),NA,Angle,Clear,Dry,Daylight,Traffic Control Signal,NONE DETECTED,No,No Apparent Injury,NA,Not Distracted,MD,Sport Utility Vehicle,Turning Left,30,No,2022,LEXUS,RX,39.0508785,-77.12626233,2025,10,14
250046432,Property Damage Crash,10/15/2025 01:57:00 PM,VEIRS MILL RD,NA,"Sideswipe, Same Direction",Clear,Dry,Daylight,No Controls,NONE DETECTED,No,NA,Failed to Keep in Proper Lane,Unknown,NA,Passenger Car,Moving Constant Speed,30,No,2006,SAAB,9-2X,39.05139774,-77.0746002,2025,10,13
250046432,Property Damage Crash,10/15/2025 01:57:00 PM,VEIRS MILL RD,NA,"Sideswipe, Same Direction",Clear,Dry,Daylight,No Controls,NONE DETECTED,No,No Apparent Injury,NA,Not Distracted,MD,Sport Utility Vehicle,Moving Constant Speed,30,No,2025,HONDA,CR-V,39.05139774,-77.0746002,2025,10,13
250046352,Property Damage Crash,10/15/2025 01:34:00 PM,RAMP 2 FR MD 28 WB TO STONESTREET AVE,NA,Single Vehicle,Clear,Dry,Daylight,No Controls,NONE DETECTED,Yes,No Apparent Injury,NA,Not Distracted,MD,Passenger Car,Leaving Traffic Lane,30,No,2016,TOYOTA,CAMRY,39.08027863,-77.13976269,2025,10,13
250046353,Property Damage Crash,10/15/2025 01:30:00 PM,GEORGIA AVE (SB/L),NA,Angle,Clear,Dry,Daylight,Traffic Control Signal,NONE DETECTED,Yes,No Apparent Injury,NA,Not Distracted,MD,Single-Unit Truck,Turning Right,25,No,2025,FREIGHTLINER,M2,38.99609919,-77.02804844,2025,10,13
250046353,Property Damage Crash,10/15/2025 01:30:00 PM,GEORGIA AVE (SB/L),NA,Angle,Clear,Dry,Daylight,Traffic Control Signal,NONE DETECTED,No,No Apparent Injury,NA,Not Distracted,MD,Bus - Transit,Turning Right,25,No,2011,GILLIG,LOW FLOOR BUS,38.99609919,-77.02804844,2025,10,13
250046354,Property Damage Crash,10/15/2025 01:25:00 PM,NA,NA,Rear To Rear,Clear,NA,Daylight,NA,NONE DETECTED,No,NA,NA,NA,NA,NA,Backing,0,No,0,NA,NA,39.02568574,-77.12429541,2025,10,13
250046354,Property Damage Crash,10/15/2025 01:25:00 PM,NA,NA,Rear To Rear,Clear,NA,Daylight,NA,NONE DETECTED,No,No Apparent Injury,NA,Not Distracted,MD,Passenger Car,Parked,0,No,2021,TESLA,MODEL Y,39.02568574,-77.12429541,2025,10,13
250046350,Property Damage Crash,10/15/2025 01:19:00 PM,GODDARD RD,NA,Other,Clear,Dry,Daylight,No Controls,NONE DETECTED,Yes,No Apparent Injury,Improper Passing,Unknown,MD,Bus - School,Overtaking/Passing,25,No,2022,FREIGHTLINER,B2 BUS CHASSIS,38.9895445,-77.106869,2025,10,13
25002213,Property Damage Crash,10/15/2025 12:53:00 PM,NA,NA,Single Vehicle,Clear,NA,Daylight,NA,NONE DETECTED,No,No Apparent Injury,NA,Unknown,MD,Pickup,Backing,0,No,2014,FORD,F-250,39.03223274,-77.15117684,2025,10,12
250046341,Property Damage Crash,10/15/2025 12:40:00 PM,BANK ST (EB/L),Pedestrian,Single Vehicle,Clear,Dry,Daylight,Traffic Control Signal,NONE DETECTED,Yes,No Apparent Injury,Failed to Yield Right-of-Way,Unknown,MD,Sport Utility Vehicle,Turning Right,30,No,2023,TOYOTA,RAV4,39.14002761,-77.22188436,2025,10,12
250046337,Property Damage Crash,10/15/2025 11:59:00 AM,TRAVILLE GATEWAY DR,NA,Other,Clear,Dry,Daylight,No Controls,NONE DETECTED,Yes,No Apparent Injury,NA,Unknown,MD,Passenger Car,Accelerating,25,No,2014,CHEVROLET,CRUZE,39.09472606,-77.20239124,2025,10,11
250046338,Property Damage Crash,10/15/2025 11:40:00 AM,BROADBIRCH DR,NA,Angle,Clear,Dry,Daylight,No Controls,NONE DETECTED,No,No Apparent Injury,NA,Not Distracted,MD,Passenger Car,Moving Constant Speed,25,No,2018,HONDA,ACCORD,39.05609141,-76.96408011,2025,10,11
250046338,Property Damage Crash,10/15/2025 11:40:00 AM,BROADBIRCH DR,NA,Angle,Clear,Dry,Daylight,No Controls,NONE DETECTED,No,No Apparent Injury,NA,Unknown,MD,Passenger Car,Moving Constant Speed,25,No,2025,TOYOTA,RAV4,39.05609141,-76.96408011,2025,10,11
250046346,Property Damage Crash,10/15/2025 11:18:00 AM,VEIRS MILL RD (WB/L),NA,Front to Rear,Clear,Dry,Daylight,Traffic Control Signal,NONE DETECTED,No,No Apparent Injury,NA,Not Distracted,MD,Sport Utility Vehicle,Stopped in Traffic,35,No,2020,TOYOTA,RAV4,39.07981432,-77.13773859,2025,10,11
250046346,Property Damage Crash,10/15/2025 11:18:00 AM,VEIRS MILL RD (WB/L),NA,Front to Rear,Clear,Dry,Daylight,Traffic Control Signal,NONE DETECTED,Yes,No Apparent Injury,NA,Unknown,MD,Passenger Car,Slowing or Stopping,35,No,2006,HONDA,CIVIC,39.07981432,-77.13773859,2025,10,11
250046303,Property Damage Crash,10/15/2025 09:16:00 AM,RANDOLPH RD (WB/L),NA,"Sideswipe, Same Direction",Clear,Dry,Daylight,Traffic Control Signal,NONE DETECTED,No,No Apparent Injury,NA,Not Distracted,VA,Other Trucks,Stopped in Traffic,35,No,2010,HINO,CONVENTIONAL TYPE TRUCK,39.0574175,-77.07266783,2025,10,9
250046303,Property Damage Crash,10/15/2025 09:16:00 AM,RANDOLPH RD (WB/L),NA,"Sideswipe, Same Direction",Clear,Dry,Daylight,Traffic Control Signal,NONE DETECTED,Yes,No Apparent Injury,Failed to Keep in Proper Lane,Unknown,MD,Bus - School,Moving Constant Speed,35,No,2020,FREIGHTLINER,B2 BUS CHASSIS,39.0574175,-77.07266783,2025,10,9
250046873,Property Damage Crash,10/15/2025 09:00:00 AM,NA,NA,Single Vehicle,Clear,NA,Daylight,NA,NONE DETECTED,No,NA,NA,NA,NA,Passenger Car,Entering Traffic Lane,0,No,2017,HONDA,ACCORD,39.00070111,-77.01943201,2025,10,9
250046298,Injury Crash,10/15/2025 08:50:00 AM,NORWOOD RD,NA,Single Vehicle,Clear,Dry,Daylight,No Controls,NONE DETECTED,No,Possible Minor Injury,NA,Unknown,MD,Passenger Car,Moving Constant Speed,30,No,2019,TESLA,MODEL S,39.13959017,-77.03212817,2025,10,8
250046296,Property Damage Crash,10/15/2025 08:34:00 AM,UNIVERSITY BLVD E (WB/L),NA,"Sideswipe, Same Direction",Clear,Dry,Daylight,No Controls,NONE DETECTED,No,No Apparent Injury,NA,Not Distracted,NM,Pickup,Moving Constant Speed,35,No,2022,GMC,SIERRA,38.9990195,-76.99487706,2025,10,8
250046296,Property Damage Crash,10/15/2025 08:34:00 AM,UNIVERSITY BLVD E (WB/L),NA,"Sideswipe, Same Direction",Clear,Dry,Daylight,No Controls,NONE DETECTED,No,NA,NA,NA,NA,Sport Utility Vehicle,Changing Lanes,35,No,2013,AUDI,Q5,38.9990195,-76.99487706,2025,10,8
250046293,Injury Crash,10/15/2025 08:15:00 AM,NEW HAMPSHIRE AVE (SB/L),NA,Angle,Clear,Dry,Daylight,No Controls,NONE DETECTED,No,Possible Minor Injury,NA,Not Distracted,MD,Passenger Car,Moving Constant Speed,30,No,2024,TOYOTA,RAV4,39.03861454,-76.99020824,2025,10,8
250046293,Injury Crash,10/15/2025 08:15:00 AM,NEW HAMPSHIRE AVE (SB/L),NA,Angle,Clear,Dry,Daylight,No Controls,NONE DETECTED,No,No Apparent Injury,NA,Not Distracted,MD,Passenger Car,Entering Traffic Lane,30,No,2008,HONDA,CIVIC,39.03861454,-76.99020824,2025,10,8
250046291,Injury Crash,10/15/2025 07:48:00 AM,MONTROSE RD,Scooter (electric),Single Vehicle,Clear,Dry,Medium,Pedestrian Crossing,NONE DETECTED,Yes,No Apparent Injury,Failed to Yield Right-of-Way,Not Distracted,MD,Sport Utility Vehicle,Moving Constant Speed,35,No,2020,BMW,X5,39.05509967,-77.14686633,2025,10,7
250046284,Property Damage Crash,10/15/2025 03:50:00 AM,NICHOLSON LA,NA,"Sideswipe, Opposite Direction",Clear,Dry,Medium,Traffic Control Signal,NONE DETECTED,Yes,No Apparent Injury,NA,Not Distracted,MD,Passenger Car,Turning Right,30,No,2017,HONDA,ACCORD,39.04478598,-77.11160476,2025,10,3
250046284,Property Damage Crash,10/15/2025 03:50:00 AM,NICHOLSON LA,NA,"Sideswipe, Opposite Direction",Clear,Dry,Medium,Traffic Control Signal,NONE DETECTED,No,No Apparent Injury,NA,Not Distracted,MD,Passenger Car,Moving Constant Speed,30,No,2017,VOLKSWAGEN,GOLF GTI,39.04478598,-77.11160476,2025,10,3
250046281,Property Damage Crash,10/15/2025 02:00:00 AM,ERSKINE ST,NA,Front to Rear,Clear,Dry,Medium,No Controls,ALCOHOL PRESENT,No,No Apparent Injury,Failed to Keep in Proper Lane,Unknown,MD,Passenger Car,NA,25,No,2009,DODGE,JOURNEY,38.98134936,-76.98863103,2025,10,2
250046277,Property Damage Crash,10/15/2025 12:03:00 AM,LINDEN AVE,NA,Front to Front,Clear,Dry,Medium,No Controls,NONE DETECTED,No,No Apparent Injury,NA,Not Distracted,MD,Sport Utility Vehicle,NA,5,No,2020,FORD,EXPLORER,38.97792,-76.9904093,2025,10,0
250046277,Property Damage Crash,10/15/2025 12:03:00 AM,LINDEN AVE,NA,Front to Front,Clear,Dry,Medium,No Controls,NONE DETECTED,No,NA,NA,NA,NA,Passenger Car,Accelerating,20,No,2023,CHEVROLET,MALIBU,38.97792,-76.9904093,2025,10,0
250046271,Injury Crash,10/14/2025 11:21:00 PM,FIRSTFIELD RD (EB/L),NA,Front to Rear,Clear,Dry,Medium,No Controls,ALCOHOL PRESENT,Yes,No Apparent Injury,NA,Not Distracted,MD,Passenger Car,Moving Constant Speed,25,No,2008,VOLKSWAGEN,JETTA,39.14548917,-77.221333,2025,10,23
250046271,Injury Crash,10/14/2025 11:21:00 PM,FIRSTFIELD RD (EB/L),NA,Front to Rear,Clear,Dry,Medium,No Controls,NONE DETECTED,No,Possible Minor Injury,NA,Not Distracted,MD,Motorcycle - 2 Wheeled,Moving Constant Speed,25,No,2022,HARLEY-DAVIDSON,FXLRST / LOW RIDER ST,39.14548917,-77.221333,2025,10,23
250046264,Injury Crash,10/14/2025 09:55:00 PM,N WASHINGTON ST,NA,Angle,Clear,Dry,Medium,Traffic Control Signal,NONE DETECTED,No,No Apparent Injury,NA,Not Distracted,MD,Sport Utility Vehicle,Turning Left,35,No,2015,TOYOTA,RAV4,39.09188622,-77.15323779,2025,10,21
250046264,Injury Crash,10/14/2025 09:55:00 PM,N WASHINGTON ST,NA,Angle,Clear,Dry,Medium,Traffic Control Signal,NONE DETECTED,No,Possible Minor Injury,NA,Not Distracted,MD,Passenger Car,Moving Constant Speed,35,No,2015,CHEVROLET,SONIC,39.09188622,-77.15323779,2025,10,21
250046254,Injury Crash,10/14/2025 08:04:00 PM,COLESVILLE RD (SB/L),NA,Front to Rear,Clear,Dry,Medium,No Controls,NONE DETECTED,Yes,No Apparent Injury,NA,Not Distracted,MD,Passenger Car,Changing Lanes,40,No,2010,NISSAN,ALTIMA,39.01759917,-77.0154705,2025,10,20
250046254,Injury Crash,10/14/2025 08:04:00 PM,COLESVILLE RD (SB/L),NA,Front to Rear,Clear,Dry,Medium,No Controls,NONE DETECTED,No,No Apparent Injury,NA,Not Distracted,VA,Passenger Car,Stopped in Traffic,40,No,2016,TOYOTA,CAMRY,39.01759917,-77.0154705,2025,10,20
250046253,Property Damage Crash,10/14/2025 07:36:00 PM,PRICE AVE,NA,"Sideswipe, Same Direction",Clear,Dry,Medium,No Controls,NONE DETECTED,Yes,No Apparent Injury,Failed to Yield Right-of-Way,Not Distracted,NA,Passenger Car,Turning Right,30,No,2020,HONDA,CIVIC,39.04012355,-77.05123558,2025,10,19
250046253,Property Damage Crash,10/14/2025 07:36:00 PM,PRICE AVE,NA,"Sideswipe, Same Direction",Clear,Dry,Medium,No Controls,NONE DETECTED,No,No Apparent Injury,NA,Not Distracted,MD,Sport Utility Vehicle,Moving Constant Speed,30,No,2022,HONDA,CR-V,39.04012355,-77.05123558,2025,10,19
240046251,Property Damage Crash,10/14/2025 07:18:00 PM,RIDGE RD (SB/L),NA,Other,Clear,Dry,Medium,Stop Sign,NONE DETECTED,Yes,No Apparent Injury,Failed to Yield Right-of-Way,Not Distracted,MD,Passenger Car,Turning Left,40,No,2017,TOYOTA,CAMRY,39.274055,-77.215105,2025,10,19
240046251,Property Damage Crash,10/14/2025 07:18:00 PM,RIDGE RD (SB/L),NA,Other,Clear,Dry,Medium,No Controls,NONE DETECTED,No,No Apparent Injury,NA,Not Distracted,MD,Pickup,Moving Constant Speed,40,No,2021,RAM,1500,39.274055,-77.215105,2025,10,19
250046250,Injury Crash,10/14/2025 07:06:00 PM,NA,NA,Angle,Clear,Dry,Medium,No Controls,NONE DETECTED,Yes,No Apparent Injury,Failed to Yield Right-of-Way,Not Distracted,MD,Pickup,Turning Left,25,No,2006,CHEVROLET,SILVERADO,39.28785331,-77.20234474,2025,10,19
250046250,Injury Crash,10/14/2025 07:06:00 PM,NA,NA,Angle,Clear,Dry,Medium,No Controls,NONE DETECTED,No,Suspected Serious Injury,NA,Not Distracted,MD,Motorcycle - 2 Wheeled,Moving Constant Speed,25,No,2001,SUZUKI,GSX-R1000,39.28785331,-77.20234474,2025,10,19
250046244,Injury Crash,10/14/2025 06:50:00 PM,GOSHEN RD,NA,Front to Rear,Clear,Dry,Medium,No Controls,NONE DETECTED,Yes,No Apparent Injury,Followed Too Closely,Not Distracted,MD,Sport Utility Vehicle,Accelerating,35,No,2011,CHEVROLET,SUBURBAN,39.15854,-77.19209033,2025,10,18
250046244,Injury Crash,10/14/2025 06:50:00 PM,GOSHEN RD,NA,Front to Rear,Clear,Dry,Medium,No Controls,NONE DETECTED,No,No Apparent Injury,NA,Not Distracted,MD,Sport Utility Vehicle,Slowing or Stopping,35,No,2022,TOYOTA,HIGHLANDER,39.15854,-77.19209033,2025,10,18