Local Case Number,ACRS Report Type,Crash Date/Time,Road Name,Related Non-Motorist,Collision Type,Weather,Surface Condition,Light,Traffic Control,Driver Substance Abuse,Driver At Fault,Injury Severity,Circumstance,Driver Distracted By,Drivers License State,Vehicle Body Type,Vehicle Movement,Speed Limit,Driverless Vehicle,Vehicle Year,Vehicle Make,Vehicle Model,Latitude,Longitude,Year,Month,Hour
250046239,Property Damage Crash,10/14/2025 06:38:00 PM,ASPEN HILL RD,NA,Front to Rear,Clear,Dry,Medium,No Controls,NONE DETECTED,No,No Apparent Injury,NA,Not Distracted,MD,Sport Utility Vehicle,Stopped in Traffic,35,No,2019,CHEVROLET,EQUINOX,39.08027217,-77.07837317,2025,10,18
250046239,Property Damage Crash,10/14/2025 06:38:00 PM,ASPEN HILL RD,NA,Front to Rear,Clear,Dry,Medium,No Controls,NONE DETECTED,Yes,No Apparent Injury,"Operated Motor Vehicle in Inattentive, Careless, Negligent, or Erratic Manner, Other Improper Action",Not Distracted,MD,Passenger Car,Slowing or Stopping,25,No,2001,HONDA,ACCORD,39.08027217,-77.07837317,2025,10,18
250046239,Property Damage Crash,10/14/2025 06:38:00 PM,ASPEN HILL RD,NA,Front to Rear,Clear,Dry,Medium,No Controls,NONE DETECTED,No,No Apparent Injury,NA,Not Distracted,MD,Van - Passenger (&lt;9 Seats),Slowing or Stopping,35,No,2008,FORD,E-250,39.08027217,-77.07837317,2025,10,18
250046245,Property Damage Crash,10/14/2025 06:30:00 PM,BROADBIRCH DR,NA,"Sideswipe, Same Direction",Clear,Dry,Daylight,No Controls,NONE DETECTED,No,No Apparent Injury,NA,Not Distracted,MD,Passenger Car,Moving Constant Speed,30,No,2014,HONDA,ACCORD,39.05558961,-76.95613777,2025,10,18
250046245,Property Damage Crash,10/14/2025 06:30:00 PM,BROADBIRCH DR,NA,"Sideswipe, Same Direction",Clear,Dry,Daylight,No Controls,NONE DETECTED,No,NA,NA,NA,NA,Sport Utility Vehicle,Changing Lanes,30,No,2007,VOLVO,XC90,39.05558961,-76.95613777,2025,10,18
250046238,Injury Crash,10/14/2025 06:11:00 PM,VEIRS MILL RD (WB/L),NA,Front to Rear,Clear,Dry,Daylight,Traffic Control Signal,NONE DETECTED,No,Possible Minor Injury,NA,Not Distracted,MD,Sport Utility Vehicle,Moving Constant Speed,25,No,2015,HONDA,PILOT,39.03822315,-77.05252921,2025,10,18
250046238,Injury Crash,10/14/2025 06:11:00 PM,VEIRS MILL RD (WB/L),NA,Front to Rear,Clear,Dry,Daylight,Traffic Control Signal,NONE DETECTED,No,No Apparent Injury,Other Improper Action,Unknown,NA,Pickup,Moving Constant Speed,25,No,2023,TOYOTA,TACOMA,39.03822315,-77.05252921,2025,10,18
250046217,Property Damage Crash,10/14/2025 04:20:00 PM,CLUB HOUSE RD,NA,Angle,Clear,Dry,Daylight,No Controls,NONE DETECTED,No,No Apparent Injury,NA,Not Distracted,MD,Passenger Car,Moving Constant Speed,30,No,2015,LINCOLN,MKC,39.17456083,-77.20497967,2025,10,16
250046217,Property Damage Crash,10/14/2025 04:20:00 PM,CLUB HOUSE RD,NA,Angle,Clear,Dry,Daylight,No Controls,NONE DETECTED,Yes,No Apparent Injury,NA,Not Distracted,MD,Passenger Car,Moving Constant Speed,30,No,2019,NISSAN,SENTRA,39.17456083,-77.20497967,2025,10,16
250046218,Property Damage Crash,10/14/2025 04:13:00 PM,WESTBARD AVE,NA,Angle,Clear,Dry,Daylight,Traffic Control Signal,NONE DETECTED,No,No Apparent Injury,NA,Not Distracted,MD,Bus - School,Turning Left,20,No,2017,FREIGHTLINER,B2 BUS CHASSIS,38.963614,-77.10656582,2025,10,16
250046218,Property Damage Crash,10/14/2025 04:13:00 PM,WESTBARD AVE,NA,Angle,Clear,Dry,Daylight,Traffic Control Signal,NONE DETECTED,No,No Apparent Injury,NA,Not Distracted,MD,Passenger Car,Turning Left,25,No,2004,VOLVO,XC70,38.963614,-77.10656582,2025,10,16
250046212,Injury Crash,10/14/2025 04:06:00 PM,SEMINARY PL,Pedestrian,Single Vehicle,Clear,Dry,Daylight,Stop Sign,NONE DETECTED,No,No Apparent Injury,NA,Unknown,MD,Passenger Car,Accelerating,30,No,2011,FORD,FIESTA,39.00978017,-77.04431783,2025,10,16
250046204,Property Damage Crash,10/14/2025 03:29:00 PM,NA,NA,Angle,Cloudy,Dry,Daylight,Stop Sign,NONE DETECTED,Yes,No Apparent Injury,Failed to Yield Right-of-Way,Not Distracted,MD,Passenger Car,Turning Left,25,No,2021,SUBARU,CROSSTREK,39.1573874,-77.16324269,2025,10,15
250046204,Property Damage Crash,10/14/2025 03:29:00 PM,NA,NA,Angle,Cloudy,Dry,Daylight,No Controls,NONE DETECTED,No,No Apparent Injury,NA,Not Distracted,MD,Sport Utility Vehicle,Moving Constant Speed,35,No,2015,MERCEDES-BENZ,GLK-CLASS,39.1573874,-77.16324269,2025,10,15
250046210,Property Damage Crash,10/14/2025 03:11:00 PM,BOU AVE,NA,"Sideswipe, Same Direction",Clear,Dry,Daylight,No Controls,NONE DETECTED,No,No Apparent Injury,NA,Not Distracted,MD,Passenger Car,Moving Constant Speed,25,No,2019,TOYOTA,CAMRY,39.05649147,-77.118466,2025,10,15
250046210,Property Damage Crash,10/14/2025 03:11:00 PM,BOU AVE,NA,"Sideswipe, Same Direction",Clear,Dry,Daylight,No Controls,NONE DETECTED,No,No Apparent Injury,"Improper Passing, Operated Motor Vehicle in Inattentive, Careless, Negligent, or Erratic Manner",Unknown,FL,Sport Utility Vehicle,Changing Lanes,25,No,2019,TOYOTA,HIGHLANDER,39.05649147,-77.118466,2025,10,15
250046211,Property Damage Crash,10/14/2025 02:27:00 PM,OLD GEORGETOWN RD (SB/L),NA,"Sideswipe, Same Direction",Clear,Dry,Daylight,Traffic Control Signal,NONE DETECTED,No,No Apparent Injury,NA,Not Distracted,MD,Bus - Transit,Moving Constant Speed,35,No,2011,GILLIG,LOW FLOOR BUS,39.04881557,-77.11827597,2025,10,14
250046177,Property Damage Crash,10/14/2025 12:45:00 PM,EAST WEST HWY (WB/L),NA,"Sideswipe, Same Direction",Cloudy,Dry,Daylight,Traffic Control Signal,NONE DETECTED,No,No Apparent Injury,NA,Not Distracted,VA,Other,Slowing or Stopping,25,No,2019,PIERCE MANUFACTURING,PUMPER,38.98476741,-77.09381096,2025,10,12
250046177,Property Damage Crash,10/14/2025 12:45:00 PM,EAST WEST HWY (WB/L),NA,"Sideswipe, Same Direction",Cloudy,Dry,Daylight,Traffic Control Signal,NONE DETECTED,Yes,No Apparent Injury,NA,Not Distracted,MD,Passenger Car,Slowing or Stopping,25,No,2017,SUBARU,OUTBACK,38.98476741,-77.09381096,2025,10,12
250046222,Property Damage Crash,10/14/2025 12:27:00 PM,NA,NA,Angle,Clear,NA,Daylight,NA,NONE DETECTED,Yes,No Apparent Injury,NA,Unknown,MD,Pickup,NA,0,No,2015,CHEVROLET,SILVERADO,39.10482101,-77.25946873,2025,10,12
250046155,Injury Crash,10/14/2025 11:20:00 AM,NA,NA,"Sideswipe, Same Direction",Clear,NA,Daylight,NA,NONE DETECTED,No,No Apparent Injury,NA,Not Distracted,MD,Bus - Transit,Moving Constant Speed,0,No,2019,GILLIG,LOW FLOOR BUS,39.09291332,-77.20245975,2025,10,11
250046152,Property Damage Crash,10/14/2025 10:40:00 AM,FENTON ST,NA,"Sideswipe, Opposite Direction",Cloudy,Wet,Daylight,No Controls,NONE DETECTED,No,No Apparent Injury,NA,Not Distracted,MD,Passenger Car,Slowing or Stopping,25,No,2006,TOYOTA,SIENNA,38.99279138,-77.02407345,2025,10,10
250046152,Property Damage Crash,10/14/2025 10:40:00 AM,FENTON ST,NA,"Sideswipe, Opposite Direction",Cloudy,Wet,Daylight,No Controls,NONE DETECTED,No,No Apparent Injury,Improper Passing,Not Distracted,MD,Bus - Transit,Accelerating,25,No,2016,GILLIG,LOW FLOOR BUS,38.99279138,-77.02407345,2025,10,10
250046145,Property Damage Crash,10/14/2025 10:08:00 AM,RIPPLING BROOK DR,NA,"Sideswipe, Same Direction",Clear,Dry,Daylight,No Controls,NONE DETECTED,Yes,No Apparent Injury,"Failed to Keep in Proper Lane, Followed Too Closely, Improper Passing, Operated Motor Vehicle in Inattentive, Careless, Negligent, or Erratic Manner",Not Distracted,MD,Passenger Car,Overtaking/Passing,25,No,2018,CHEVROLET,CRUZE,39.0874616,-77.0537014,2025,10,10
250046145,Property Damage Crash,10/14/2025 10:08:00 AM,RIPPLING BROOK DR,NA,"Sideswipe, Same Direction",Clear,Dry,Daylight,No Controls,NONE DETECTED,No,No Apparent Injury,NA,Unknown,MD,Passenger Car,Moving Constant Speed,25,No,2016,SUBARU,WRX,39.0874616,-77.0537014,2025,10,10
250046138,Injury Crash,10/14/2025 10:00:00 AM,W GUDE DR,NA,Angle,Clear,Dry,Daylight,Traffic Control Signal,NONE DETECTED,Yes,No Apparent Injury,Failed to Yield Right-of-Way,Not Distracted,WV,Passenger Car,Turning Left,35,No,2019,FORD,TRANSIT CONNECT,39.09962833,-77.18437167,2025,10,10
250046138,Injury Crash,10/14/2025 10:00:00 AM,W GUDE DR,NA,Angle,Clear,Dry,Daylight,Traffic Control Signal,NONE DETECTED,No,Possible Minor Injury,NA,Not Distracted,MD,Passenger Car,Moving Constant Speed,25,No,2005,LEXUS,ES,39.09962833,-77.18437167,2025,10,10
250046135,Property Damage Crash,10/14/2025 09:42:00 AM,NA,NA,Single Vehicle,Clear,Wet,Daylight,Curve Ahead Warning Sign,NONE DETECTED,Yes,No Apparent Injury,Too Fast For Conditions,Not Distracted,MD,Passenger Car,Negotiating a Curve,40,No,2013,NISSAN,370Z,39.15443167,-77.14190833,2025,10,9
250046134,Injury Crash,10/14/2025 09:40:00 AM,VEIRS MILL RD,NA,Other,Clear,Dry,Daylight,Traffic Control Signal,NONE DETECTED,No,Possible Minor Injury,NA,Unknown,MD,Sport Utility Vehicle,Moving Constant Speed,35,No,2015,TOYOTA,RAV4,39.05297953,-77.07696354,2025,10,9
250046134,Injury Crash,10/14/2025 09:40:00 AM,VEIRS MILL RD,NA,Other,Clear,Dry,Daylight,Traffic Control Signal,NONE DETECTED,Yes,Possible Minor Injury,NA,Unknown,MD,Passenger Car,Turning Right,25,No,2008,HONDA,CIVIC,39.05297953,-77.07696354,2025,10,9
250046134,Injury Crash,10/14/2025 09:40:00 AM,VEIRS MILL RD,NA,Other,Clear,Dry,Daylight,Traffic Control Signal,NONE DETECTED,No,No Apparent Injury,NA,Not Distracted,MD,Sport Utility Vehicle,Moving Constant Speed,35,No,2023,GMC,YUKON XL,39.05297953,-77.07696354,2025,10,9
250046131,Property Damage Crash,10/14/2025 09:21:00 AM,GEORGIA AVE (SB/L),NA,Front to Rear,Clear,Dry,Daylight,Traffic Control Signal,NONE DETECTED,No,No Apparent Injury,NA,Not Distracted,MD,Bus - School,Stopped in Traffic,35,No,2025,FREIGHTLINER,B2 106 ELECTRIC CONVENTIONAL CHASSIS,39.07257247,-77.06510328,2025,10,9
250046131,Property Damage Crash,10/14/2025 09:21:00 AM,GEORGIA AVE (SB/L),NA,Front to Rear,Clear,Dry,Daylight,No Controls,NONE DETECTED,No,NA,NA,NA,NA,NA,Slowing or Stopping,35,No,0,NA,NA,39.07257247,-77.06510328,2025,10,9
250046130,Property Damage Crash,10/14/2025 09:17:00 AM,ROLLINS AVE,NA,Front to Rear,Rain,Wet,Daylight,No Controls,NONE DETECTED,No,No Apparent Injury,NA,Not Distracted,MD,Sport Utility Vehicle,Stopped in Traffic,25,No,2009,NISSAN,ROGUE,39.057749,-77.11814983,2025,10,9
250046130,Property Damage Crash,10/14/2025 09:17:00 AM,ROLLINS AVE,NA,Front to Rear,Rain,Wet,Daylight,No Controls,NONE DETECTED,Yes,No Apparent Injury,Followed Too Closely,Not Distracted,MD,Passenger Car,Slowing or Stopping,25,No,2017,HYUNDAI,ELANTRA,39.057749,-77.11814983,2025,10,9
250046125,Injury Crash,10/14/2025 09:15:00 AM,GRACE CHURCH RD,NA,Angle,Cloudy,Wet,Daylight,Stop Sign,NONE DETECTED,No,No Apparent Injury,NA,Not Distracted,MD,Passenger Car,Accelerating,25,No,2018,HYUNDAI,SANTA FE SPORT,39.00403647,-77.04100671,2025,10,9
250046125,Injury Crash,10/14/2025 09:15:00 AM,GRACE CHURCH RD,NA,Angle,Cloudy,Wet,Daylight,Stop Sign,NONE DETECTED,No,No Apparent Injury,Improper Turn,Not Distracted,MD,Passenger Car,Accelerating,25,No,2015,CHEVROLET,MALIBU,39.00403647,-77.04100671,2025,10,9
250046140,Injury Crash,10/14/2025 09:00:00 AM,CAPITAL BELTWAY,NA,Single Vehicle,Rain,Wet,Daylight,No Controls,NONE DETECTED,Yes,Possible Minor Injury,"Over-Correcting/Over-Steering, Swerved or Avoided Due to Wind, Slippery Surface, Motor Vehicle, Object, Non-Motorist in Roadway, etc",Not Distracted,MD,Passenger Car,Moving Constant Speed,55,No,2008,HONDA,CIVIC,39.01346375,-77.04811488,2025,10,9
250046110,Property Damage Crash,10/14/2025 08:08:00 AM,ALLEGHENY AVE,NA,"Sideswipe, Opposite Direction",Rain,Wet,Daylight,Stop Sign,NONE DETECTED,No,No Apparent Injury,Improper Passing,Not Distracted,MD,Passenger Car,Accelerating,15,No,2008,HONDA,CR-V,38.96993671,-77.00427987,2025,10,8
250046110,Property Damage Crash,10/14/2025 08:08:00 AM,ALLEGHENY AVE,NA,"Sideswipe, Opposite Direction",Rain,Wet,Daylight,Stop Sign,NONE DETECTED,No,No Apparent Injury,"Improper Passing, Other Improper Action",Not Distracted,MD,Bus - School,Stopped in Traffic,10,No,2020,THOMAS BUILT,HDX,38.96993671,-77.00427987,2025,10,8
250046107,Injury Crash,10/14/2025 07:55:00 AM,RIVER RD (WB/L),NA,Front to Rear,Rain,Wet,Daylight,No Controls,NONE DETECTED,No,No Apparent Injury,NA,Not Distracted,MD,Passenger Car,Moving Constant Speed,35,No,2010,JEEP,GRAND CHEROKEE,38.98508583,-77.140627,2025,10,7
250046107,Injury Crash,10/14/2025 07:55:00 AM,RIVER RD (WB/L),NA,Front to Rear,Rain,Wet,Daylight,No Controls,NONE DETECTED,No,Possible Minor Injury,NA,Not Distracted,MD,Passenger Car,Moving Constant Speed,35,No,2013,LEXUS,CT,38.98508583,-77.140627,2025,10,7
250046107,Injury Crash,10/14/2025 07:55:00 AM,RIVER RD (WB/L),NA,Front to Rear,Rain,Wet,Daylight,No Controls,NONE DETECTED,No,No Apparent Injury,NA,Unknown,MD,Passenger Car,Moving Constant Speed,35,No,2023,AUDI,A6,38.98508583,-77.140627,2025,10,7
250046104,Injury Crash,10/14/2025 07:53:00 AM,EISENHOWER MEMORIAL HWY (SB/L),NA,Front to Rear,Rain,Wet,Daylight,No Controls,NONE DETECTED,No,No Apparent Injury,NA,Not Distracted,MD,Passenger Car,Slowing or Stopping,70,No,2010,HONDA,RIDGELINE,39.08821731,-77.17425332,2025,10,7
250046104,Injury Crash,10/14/2025 07:53:00 AM,EISENHOWER MEMORIAL HWY (SB/L),NA,Front to Rear,Rain,Wet,Daylight,No Controls,NONE DETECTED,Yes,No Apparent Injury,Followed Too Closely,Not Distracted,MD,Passenger Car,Slowing or Stopping,70,No,2015,SUBARU,FORESTER,39.08821731,-77.17425332,2025,10,7
250046103,Injury Crash,10/14/2025 07:22:00 AM,CAPITAL BELTWAY,NA,"Sideswipe, Same Direction",Rain,Wet,Daylight,No Controls,NONE DETECTED,No,No Apparent Injury,NA,Not Distracted,MD,Sport Utility Vehicle,Moving Constant Speed,55,No,2013,TOYOTA,HIGHLANDER,39.01667167,-77.02336967,2025,10,7
250046103,Injury Crash,10/14/2025 07:22:00 AM,CAPITAL BELTWAY,NA,"Sideswipe, Same Direction",Rain,Wet,Daylight,No Controls,NONE DETECTED,No,NA,NA,NA,NA,NA,NA,55,No,0,NA,NA,39.01667167,-77.02336967,2025,10,7
250046103,Injury Crash,10/14/2025 07:22:00 AM,CAPITAL BELTWAY,NA,"Sideswipe, Same Direction",Rain,Wet,Daylight,No Controls,NONE DETECTED,No,Possible Minor Injury,NA,Not Distracted,VA,Pickup,Moving Constant Speed,55,No,2019,RAM,1500,39.01667167,-77.02336967,2025,10,7
250046103,Injury Crash,10/14/2025 07:22:00 AM,CAPITAL BELTWAY,NA,"Sideswipe, Same Direction",Rain,Wet,Daylight,No Controls,NONE DETECTED,No,No Apparent Injury,NA,Unknown,PA,Other Trucks,Moving Constant Speed,55,No,2013,FREIGHTLINER,M2,39.01667167,-77.02336967,2025,10,7
250046099,Property Damage Crash,10/14/2025 07:00:00 AM,RAMP 5 FR IS 270 SB TO IS 370 EB,NA,Single Vehicle,Rain,Wet,Medium,No Controls,NONE DETECTED,No,No Apparent Injury,NA,Not Distracted,MD,Single-Unit Truck,Moving Constant Speed,15,No,2016,FREIGHTLINER,CASCADIA,39.11925745,-77.19762167,2025,10,7
250046098,Property Damage Crash,10/14/2025 06:19:00 AM,RAMP 5 FR IS 270 SB TO IS 370 EB,NA,Single Vehicle,Rain,Wet,Daylight,No Controls,NONE DETECTED,No,No Apparent Injury,NA,Not Distracted,MD,Passenger Car,Negotiating a Curve,50,No,2003,TOYOTA,COROLLA,39.11927922,-77.19533601,2025,10,6
250046085,Property Damage Crash,10/13/2025 11:02:00 PM,RANDOLPH RD (WB/L),NA,Single Vehicle,Rain,Wet,Medium,No Controls,NONE DETECTED,Yes,No Apparent Injury,Failed to Keep in Proper Lane,Not Distracted,MD,Passenger Car,Negotiating a Curve,35,No,1988,VOLVO,240 SERIES,39.05334933,-77.08911517,2025,10,23
250046069,Property Damage Crash,10/13/2025 08:22:00 PM,ROCKVILLE PIKE (SB/L),NA,Other,Rain,Wet,Dark,Traffic Control Signal,NONE DETECTED,No,No Apparent Injury,NA,Not Distracted,MD,All-Terrain Vehicle/All-Terrain Cycle (ATV/ATC),Accelerating,35,No,2005,TOYOTA,HIGHLANDER,39.06444539,-77.12632308,2025,10,20
250046069,Property Damage Crash,10/13/2025 08:22:00 PM,ROCKVILLE PIKE (SB/L),NA,Other,Rain,Wet,Dark,Traffic Control Signal,NONE DETECTED,No,No Apparent Injury,NA,Not Distracted,MD,All-Terrain Vehicle/All-Terrain Cycle (ATV/ATC),Turning Left,35,No,2008,TOYOTA,COROLLA,39.06444539,-77.12632308,2025,10,20
250046062,Property Damage Crash,10/13/2025 07:50:00 PM,HAWKESBURY LA,NA,Front to Rear,Rain,Wet,Dark,Traffic Control Signal,NONE DETECTED,No,No Apparent Injury,NA,Not Distracted,MD,Sport Utility Vehicle,Stopped in Traffic,40,No,2019,HYUNDAI,SANTA FE,39.06613111,-77.02243454,2025,10,19
250046062,Property Damage Crash,10/13/2025 07:50:00 PM,HAWKESBURY LA,NA,Front to Rear,Rain,Wet,Dark,Traffic Control Signal,NONE DETECTED,Yes,No Apparent Injury,"Swerved or Avoided Due to Wind, Slippery Surface, Motor Vehicle, Object, Non-Motorist in Roadway, etc",Not Distracted,MD,Sport Utility Vehicle,Slowing or Stopping,40,No,2013,NISSAN,ROGUE,39.06613111,-77.02243454,2025,10,19
250046056,Injury Crash,10/13/2025 06:49:00 PM,DARNESTOWN RD (WB/L),NA,Front to Rear,Rain,Wet,Medium,Traffic Control Signal,NONE DETECTED,No,No Apparent Injury,NA,Not Distracted,MD,Passenger Car,Parked,40,No,2020,JAGUAR,F-PACE,39.11781699,-77.25229405,2025,10,18
250046056,Injury Crash,10/13/2025 06:49:00 PM,DARNESTOWN RD (WB/L),NA,Front to Rear,Rain,Wet,Medium,Traffic Control Signal,ALCOHOL PRESENT,Yes,Possible Minor Injury,NA,Not Distracted,MD,Passenger Car,Slowing or Stopping,40,No,2018,JAGUAR,XF,39.11781699,-77.25229405,2025,10,18
250046049,Property Damage Crash,10/13/2025 06:18:00 PM,NORBECK RD (WB/L),NA,Front to Rear,Rain,Wet,Medium,Traffic Control Signal,NONE DETECTED,Yes,No Apparent Injury,"Disregarded Other Road Markings, Failed to Keep in Proper Lane, Failed to Yield Right-of-Way",Not Distracted,MD,Sport Utility Vehicle,Changing Lanes,35,No,2023,HONDA,CR-V,39.09061982,-77.12820824,2025,10,18
250046049,Property Damage Crash,10/13/2025 06:18:00 PM,NORBECK RD (WB/L),NA,Front to Rear,Rain,Wet,Medium,No Controls,NONE DETECTED,No,No Apparent Injury,NA,Not Distracted,MD,Passenger Car,Moving Constant Speed,35,No,2002,TOYOTA,TACOMA,39.09061982,-77.12820824,2025,10,18
250046032,Injury Crash,10/13/2025 04:47:00 PM,NA,Pedestrian,Single Vehicle,Clear,Dry,Daylight,Traffic Control Signal,NONE DETECTED,Yes,No Apparent Injury,Failed to Yield Right-of-Way,Not Distracted,VA,Sport Utility Vehicle,Turning Right,25,No,2021,MITSUBISHI,OUTLANDER,39.06420372,-77.12613616,2025,10,16
250046011,Property Damage Crash,10/13/2025 03:30:00 PM,NORBECK RD,NA,Angle,Rain,Wet,Daylight,Traffic Control Signal,NONE DETECTED,No,No Apparent Injury,NA,Not Distracted,MD,Passenger Car,Moving Constant Speed,40,No,2004,VOLKSWAGEN,GOLF,39.12051483,-77.03403761,2025,10,15
250046011,Property Damage Crash,10/13/2025 03:30:00 PM,NORBECK RD,NA,Angle,Rain,Wet,Daylight,Traffic Control Signal,NONE DETECTED,Yes,No Apparent Injury,Failed to Yield Right-of-Way,Not Distracted,MD,Passenger Car,Turning Left,40,No,2021,LEXUS,NX,39.12051483,-77.03403761,2025,10,15
250046006,Injury Crash,10/13/2025 03:15:00 PM,ORCHARD WAY,NA,Single Vehicle,Cloudy,Dry,Daylight,No Controls,NONE DETECTED,Yes,Possible Minor Injury,Ran Off Roadway,Not Distracted,MD,Passenger Car,Accelerating,0,No,2000,TOYOTA,AVALON,39.082887,-76.99447054,2025,10,15
250046004,Injury Crash,10/13/2025 03:04:00 PM,CONNECTICUT AVE,NA,"Sideswipe, Opposite Direction",Clear,Dry,Daylight,Traffic Control Signal,NONE DETECTED,No,Possible Minor Injury,NA,Not Distracted,MD,Passenger Car,Moving Constant Speed,35,No,2012,HONDA,ACCORD,39.09194463,-77.07032369,2025,10,15
250046004,Injury Crash,10/13/2025 03:04:00 PM,CONNECTICUT AVE,NA,"Sideswipe, Opposite Direction",Clear,Dry,Daylight,Traffic Control Signal,NONE DETECTED,Yes,No Apparent Injury,Failed to Yield Right-of-Way,Not Distracted,MD,Passenger Car,Turning Left,35,No,2011,TOYOTA,RAV4,39.09194463,-77.07032369,2025,10,15
250046004,Injury Crash,10/13/2025 03:04:00 PM,CONNECTICUT AVE,NA,"Sideswipe, Opposite Direction",Clear,Dry,Daylight,Traffic Control Signal,NONE DETECTED,No,No Apparent Injury,NA,Not Distracted,MD,Passenger Car,Stopped in Traffic,35,No,2019,SUBARU,CROSSTREK,39.09194463,-77.07032369,2025,10,15
250046001,Injury Crash,10/13/2025 02:48:00 PM,NA,NA,Single Vehicle,Cloudy,NA,Daylight,NA,NONE DETECTED,Yes,Possible Minor Injury,Other Improper Action,Not Distracted,VA,Pickup,Accelerating,0,No,1999,CHEVROLET,GMT-400,39.09157504,-77.04515401,2025,10,14
250045998,Property Damage Crash,10/13/2025 02:44:00 PM,WATERS RD,NA,Angle,Clear,Dry,Daylight,Traffic Control Signal,NONE DETECTED,No,No Apparent Injury,NA,Not Distracted,MD,Passenger Car,Turning Left,40,No,2002,CHEVROLET,SUBURBAN,39.175409,-77.2722088,2025,10,14
250045998,Property Damage Crash,10/13/2025 02:44:00 PM,WATERS RD,NA,Angle,Clear,Dry,Daylight,Traffic Control Signal,NONE DETECTED,Yes,No Apparent Injury,NA,Not Distracted,MD,Passenger Car,Moving Constant Speed,40,No,2019,VOLKSWAGEN,GOLF R,39.175409,-77.2722088,2025,10,14
250045990,Injury Crash,10/13/2025 01:51:00 PM,ALLEY #4,NA,Angle,Clear,Dry,Daylight,Flashing Traffic Control Signal,NONE DETECTED,No,No Apparent Injury,NA,Unknown,DC,Passenger Car,Moving Constant Speed,35,No,2023,CHEVROLET,BOLT EV,38.98761996,-76.98779035,2025,10,13
250045990,Injury Crash,10/13/2025 01:51:00 PM,ALLEY #4,NA,Angle,Clear,Dry,Daylight,Flashing Traffic Control Signal,NONE DETECTED,No,No Apparent Injury,NA,Unknown,MD,Passenger Car,Moving Constant Speed,10,No,2014,NISSAN,ALTIMA,38.98761996,-76.98779035,2025,10,13
250045967,Property Damage Crash,10/13/2025 11:51:00 AM,BALTUSROL DR,NA,Angle,Clear,Dry,Daylight,No Controls,NONE DETECTED,Yes,No Apparent Injury,Too Fast For Conditions,Unknown,WV,Passenger Car,Moving Constant Speed,10,No,2016,MAZDA,MAZDA6,39.20039833,-77.27372,2025,10,11
250045966,Property Damage Crash,10/13/2025 11:00:00 AM,RIDGE RD (SB/L),NA,Angle,Cloudy,Dry,Daylight,No Controls,NONE DETECTED,No,NA,NA,NA,NA,Single-Unit Truck,Backing,40,No,0,NA,NA,39.23461289,-77.23752408,2025,10,11
250045966,Property Damage Crash,10/13/2025 11:00:00 AM,RIDGE RD (SB/L),NA,Angle,Cloudy,Dry,Daylight,No Controls,NONE DETECTED,No,No Apparent Injury,NA,Unknown,MD,Pickup,Stopped in Traffic,40,No,2015,GMC,SIERRA,39.23461289,-77.23752408,2025,10,11
250045953,Injury Crash,10/13/2025 10:50:00 AM,NA,Pedestrian,Single Vehicle,Rain,NA,Daylight,NA,NONE DETECTED,Yes,No Apparent Injury,Improper Backing,Not Distracted,MD,Pickup,Backing,0,No,2010,TOYOTA,TUNDRA,39.150761,-77.062383,2025,10,10
250045934,Injury Crash,10/13/2025 09:58:00 AM,FLOWER HILL WAY,NA,Angle,Cloudy,Dry,Daylight,Stop Sign,NONE DETECTED,No,No Apparent Injury,NA,Not Distracted,MD,Sport Utility Vehicle,Stopped in Traffic,25,No,2017,HYUNDAI,TUCSON,39.15536633,-77.16452775,2025,10,9