Local Case Number,ACRS Report Type,Crash Date/Time,Road Name,Related Non-Motorist,Collision Type,Weather,Surface Condition,Light,Traffic Control,Driver Substance Abuse,Driver At Fault,Injury Severity,Circumstance,Driver Distracted By,Drivers License State,Vehicle Body Type,Vehicle Movement,Speed Limit,Driverless Vehicle,Vehicle Year,Vehicle Make,Vehicle Model,Latitude,Longitude,Year,Month,Hour
250045934,Injury Crash,10/13/2025 09:58:00 AM,FLOWER HILL WAY,NA,Angle,Cloudy,Dry,Daylight,Stop Sign,NONE DETECTED,Yes,No Apparent Injury,Failed to Yield Right-of-Way,Not Distracted,MD,Passenger Car,Moving Constant Speed,25,No,2011,TOYOTA,AVALON,39.15536633,-77.16452775,2025,10,9
250045934,Injury Crash,10/13/2025 09:58:00 AM,FLOWER HILL WAY,NA,Angle,Cloudy,Dry,Daylight,Stop Sign,NONE DETECTED,No,Possible Minor Injury,NA,Not Distracted,MD,Pickup,Moving Constant Speed,25,No,2017,GMC,SIERRA,39.15536633,-77.16452775,2025,10,9
250045701,Property Damage Crash,10/13/2025 09:50:00 AM,UNIVERSITY BLVD W (WB/L),NA,Angle,Clear,Dry,Daylight,No Controls,NONE DETECTED,No,NA,NA,NA,NA,Sport Utility Vehicle,Moving Constant Speed,30,No,2023,HONDA,PILOT,39.04119379,-77.0529886,2025,10,9
250045930,Injury Crash,10/13/2025 08:30:00 AM,KENBROOK DR,NA,Angle,Cloudy,Dry,Daylight,Stop Sign,NONE DETECTED,Yes,No Apparent Injury,NA,Not Distracted,MD,Passenger Car,Turning Left,25,No,2014,KIA,CADENZA,39.03916793,-77.02777766,2025,10,8
250045930,Injury Crash,10/13/2025 08:30:00 AM,KENBROOK DR,NA,Angle,Cloudy,Dry,Daylight,No Controls,NONE DETECTED,No,Possible Minor Injury,NA,Not Distracted,MD,Passenger Car,Moving Constant Speed,35,No,2011,CHRYSLER,TOWN AND COUNTRY,39.03916793,-77.02777766,2025,10,8
250045923,Injury Crash,10/13/2025 08:01:00 AM,NA,NA,Single Vehicle,Rain,Wet,Daylight,Yield Sign,NONE DETECTED,No,Possible Minor Injury,"Swerved or Avoided Due to Wind, Slippery Surface, Motor Vehicle, Object, Non-Motorist in Roadway, etc, Too Fast For Conditions",Unknown,MD,Passenger Car,Turning Right,35,No,2022,HYUNDAI,ELANTRA,39.091679,-77.0704525,2025,10,8
250045922,Injury Crash,10/13/2025 08:00:00 AM,GOLD MINE RD,NA,Angle,Rain,Wet,Daylight,No Controls,NONE DETECTED,No,Possible Minor Injury,NA,Not Distracted,MD,Passenger Car,Moving Constant Speed,20,No,2007,FORD,FUSION,39.17914624,-77.02698654,2025,10,8
250045922,Injury Crash,10/13/2025 08:00:00 AM,GOLD MINE RD,NA,Angle,Rain,Wet,Daylight,Stop Sign,NONE DETECTED,Yes,No Apparent Injury,NA,Not Distracted,MD,Passenger Car,Turning Left,20,No,2010,HONDA,ACCORD,39.17914624,-77.02698654,2025,10,8
250045917,Injury Crash,10/13/2025 06:00:00 AM,WHITES FERRY RD,NA,Single Vehicle,Rain,Wet,Dark,Stop Sign,NONE DETECTED,Yes,Possible Minor Injury,Too Fast For Conditions,Not Distracted,MD,Sport Utility Vehicle,Moving Constant Speed,35,No,2016,JEEP,RENEGADE,39.16476467,-77.4797915,2025,10,6
250045913,Property Damage Crash,10/13/2025 02:09:00 AM,CAPITAL BELTWAY (WB/L),NA,Single Vehicle,Clear,Wet,Medium,No Controls,NONE DETECTED,Yes,No Apparent Injury,NA,Unknown,GA,Sport Utility Vehicle,Negotiating a Curve,55,No,2024,MAZDA,CX-30,39.00648517,-77.06996683,2025,10,2
250045951,Property Damage Crash,10/13/2025 01:09:00 AM,WELLER RD,NA,"Sideswipe, Same Direction",Clear,NA,Dark,No Controls,NONE DETECTED,Yes,No Apparent Injury,NA,Unknown,MD,Passenger Car,Moving Constant Speed,25,No,2017,MASERATI,GHIBLI,39.06923469,-77.05676581,2025,10,1
25002199,Property Damage Crash,10/13/2025 01:05:00 AM,CAMPING RIDGE RD,NA,Single Vehicle,Rain,Wet,Dark,No Controls,NONE DETECTED,No,No Apparent Injury,NA,Unknown,MD,Passenger Car,Moving Constant Speed,45,No,2013,BMW,328I,39.24661285,-77.29077142,2025,10,1
250045908,Injury Crash,10/12/2025 11:50:00 PM,WIGHTMAN RD,NA,"Sideswipe, Opposite Direction",Clear,Wet,Dark,No Controls,NONE DETECTED,No,Possible Minor Injury,"Operated Motor Vehicle in Inattentive, Careless, Negligent, or Erratic Manner, Too Fast For Conditions",Unknown,NA,Passenger Car,Negotiating a Curve,30,No,2009,NISSAN,VERSA,39.20031933,-77.2038345,2025,10,23
250045908,Injury Crash,10/12/2025 11:50:00 PM,WIGHTMAN RD,NA,"Sideswipe, Opposite Direction",Clear,Wet,Dark,No Controls,NONE DETECTED,No,Possible Minor Injury,NA,Not Distracted,MD,Pickup,Moving Constant Speed,30,No,2013,RAM,1500,39.20031933,-77.2038345,2025,10,23
250045907,Injury Crash,10/12/2025 11:19:00 PM,COLUMBIA PIKE (SB/L),NA,Front to Rear,Rain,Wet,Medium,Traffic Control Signal,NONE DETECTED,No,No Apparent Injury,NA,Not Distracted,MD,Passenger Car,Stopped in Traffic,30,No,2012,FORD,FUSION,39.09570831,-76.93810954,2025,10,23
250045907,Injury Crash,10/12/2025 11:19:00 PM,COLUMBIA PIKE (SB/L),NA,Front to Rear,Rain,Wet,Medium,Traffic Control Signal,NONE DETECTED,Yes,Possible Minor Injury,NA,Unknown,MD,Passenger Car,Accelerating,30,No,2023,HONDA,CIVIC,39.09570831,-76.93810954,2025,10,23
250045907,Injury Crash,10/12/2025 11:19:00 PM,COLUMBIA PIKE (SB/L),NA,Front to Rear,Rain,Wet,Medium,Traffic Control Signal,NONE DETECTED,No,Possible Minor Injury,NA,Not Distracted,MD,Passenger Car,Moving Constant Speed,50,No,2014,MERCEDES-BENZ,ML-CLASS,39.09570831,-76.93810954,2025,10,23
250045899,Injury Crash,10/12/2025 09:32:00 PM,OLD GEORGETOWN RD,NA,Angle,Rain,Wet,Medium,Traffic Control Signal,NONE DETECTED,No,Possible Minor Injury,NA,Not Distracted,MD,Passenger Car,Moving Constant Speed,35,No,2018,LAND ROVER,RANGE ROVER VELAR,39.02533618,-77.12554013,2025,10,21
250045899,Injury Crash,10/12/2025 09:32:00 PM,OLD GEORGETOWN RD,NA,Angle,Rain,Wet,Medium,Traffic Control Signal,NONE DETECTED,Yes,No Apparent Injury,Failed to Yield Right-of-Way,Unknown,MD,Passenger Car,Entering Traffic Lane,35,No,2019,HONDA,CIVIC,39.02533618,-77.12554013,2025,10,21
250045899,Injury Crash,10/12/2025 09:32:00 PM,OLD GEORGETOWN RD,NA,Angle,Rain,Wet,Medium,Traffic Control Signal,NONE DETECTED,No,Possible Minor Injury,NA,Not Distracted,MD,Passenger Car,Moving Constant Speed,35,No,2020,ACURA,RDX,39.02533618,-77.12554013,2025,10,21
250045897,Property Damage Crash,10/12/2025 09:15:00 PM,NA,NA,Single Vehicle,Rain,Wet,Medium,Traffic Control Signal,NONE DETECTED,No,No Apparent Injury,"Swerved or Avoided Due to Wind, Slippery Surface, Motor Vehicle, Object, Non-Motorist in Roadway, etc",Not Distracted,NY,Passenger Car,Turning Right,30,No,2018,CHRYSLER,300C,39.08121047,-76.94623453,2025,10,21
250045896,Property Damage Crash,10/12/2025 08:03:00 PM,NA,NA,Angle,Rain,NA,Medium,NA,NONE DETECTED,No,No Apparent Injury,NA,Not Distracted,MD,Passenger Car,Moving Constant Speed,0,No,2017,NISSAN,ROGUE,38.9862239,-76.9864939,2025,10,20
250045896,Property Damage Crash,10/12/2025 08:03:00 PM,NA,NA,Angle,Rain,NA,Medium,NA,NONE DETECTED,No,No Apparent Injury,NA,Not Distracted,DC,Passenger Car,Moving Constant Speed,0,No,2001,FORD,ESCAPE,38.9862239,-76.9864939,2025,10,20
250045892,Property Damage Crash,10/12/2025 07:30:00 PM,OBSERVATION DR,NA,Single Vehicle,Clear,Dry,Medium,No Controls,NONE DETECTED,No,NA,NA,NA,NA,Sport Utility Vehicle,NA,30,No,2018,JEEP,CHEROKEE,39.19841933,-77.25370107,2025,10,19
250045882,Property Damage Crash,10/12/2025 06:34:00 PM,VEIRS MILL RD,NA,Other,Rain,Wet,Medium,No Controls,NONE DETECTED,No,No Apparent Injury,NA,Not Distracted,MD,Sport Utility Vehicle,Moving Constant Speed,35,No,2024,LINCOLN,CORSAIR,39.0743367,-77.11399722,2025,10,18
250045882,Property Damage Crash,10/12/2025 06:34:00 PM,VEIRS MILL RD,NA,Other,Rain,Wet,Medium,No Controls,NONE DETECTED,Yes,No Apparent Injury,NA,Not Distracted,MD,Station Wagon,Moving Constant Speed,35,No,2011,VOLVO,XC90,39.0743367,-77.11399722,2025,10,18
250045874,Property Damage Crash,10/12/2025 05:28:00 PM,E RANDOLPH RD (WB/L),NA,"Sideswipe, Same Direction",Cloudy,Dry,Daylight,No Controls,NONE DETECTED,No,NA,NA,NA,NA,Passenger Car,Changing Lanes,40,No,2021,TOYOTA,CAMRY,39.06348385,-76.96600908,2025,10,17
250045874,Property Damage Crash,10/12/2025 05:28:00 PM,E RANDOLPH RD (WB/L),NA,"Sideswipe, Same Direction",Cloudy,Dry,Daylight,No Controls,NONE DETECTED,No,No Apparent Injury,NA,Not Distracted,MD,Passenger Car,Moving Constant Speed,40,No,2010,LEXUS,HS,39.06348385,-76.96600908,2025,10,17
250045864,Injury Crash,10/12/2025 03:35:00 PM,GEORGIA AVE,Scooter (electric),Single Vehicle,Clear,Dry,Daylight,Stop Sign,NONE DETECTED,No,NA,NA,NA,NA,NA,Entering Traffic Lane,15,No,0,NA,NA,39.0803202,-77.07435803,2025,10,15
250045865,Property Damage Crash,10/12/2025 03:30:00 PM,NA,NA,"Sideswipe, Same Direction",Clear,NA,Daylight,NA,NONE DETECTED,No,NA,Other Improper Action,NA,NA,Passenger Car,Moving Constant Speed,0,No,2010,NISSAN,ALTIMA,39.17822002,-77.2709205,2025,10,15
250045865,Property Damage Crash,10/12/2025 03:30:00 PM,NA,NA,"Sideswipe, Same Direction",Clear,NA,Daylight,NA,NONE DETECTED,No,No Apparent Injury,NA,Not Distracted,MD,Passenger Car,Moving Constant Speed,0,No,2014,KIA,CADENZA,39.17822002,-77.2709205,2025,10,15
250045861,Property Damage Crash,10/12/2025 03:15:00 PM,NA,NA,Angle,Clear,Dry,Daylight,Yield Sign,NONE DETECTED,Yes,No Apparent Injury,NA,Not Distracted,MD,Passenger Car,Turning Right,20,No,2006,HYUNDAI,SONATA,39.06420095,-77.12626726,2025,10,15
250045861,Property Damage Crash,10/12/2025 03:15:00 PM,NA,NA,Angle,Clear,Dry,Daylight,Yield Sign,NONE DETECTED,No,No Apparent Injury,NA,Not Distracted,DC,Passenger Car,Turning Left,20,No,2016,MAZDA,CX-5,39.06420095,-77.12626726,2025,10,15
250045852,Injury Crash,10/12/2025 02:18:00 PM,KANSAS LA,Cyclist (Electric),Single Vehicle,Cloudy,Dry,Daylight,Stop Sign,NONE DETECTED,No,No Apparent Injury,NA,Not Distracted,MD,Passenger Car,Accelerating,25,No,2022,HYUNDAI,IONIQ 5,38.96930991,-77.0050771,2025,10,14
250045853,Injury Crash,10/12/2025 02:01:00 PM,VEIRS MILL RD (WB/L),Pedestrian,Single Vehicle,Clear,Dry,Daylight,No Controls,NONE DETECTED,No,NA,NA,NA,NA,Passenger Car,Moving Constant Speed,45,No,2018,TOYOTA,COROLLA IM,39.0583535,-77.08625218,2025,10,14
250045831,Property Damage Crash,10/12/2025 09:45:00 AM,RANDOLPH RD (WB/L),NA,Front to Rear,Cloudy,Dry,Daylight,No Controls,NONE DETECTED,No,No Apparent Injury,NA,Not Distracted,MD,Sport Utility Vehicle,Moving Constant Speed,35,No,2012,TOYOTA,RAV4,39.05379912,-77.09196344,2025,10,9
250045831,Property Damage Crash,10/12/2025 09:45:00 AM,RANDOLPH RD (WB/L),NA,Front to Rear,Cloudy,Dry,Daylight,No Controls,NONE DETECTED,No,No Apparent Injury,"Followed Too Closely, Operated Motor Vehicle in Inattentive, Careless, Negligent, or Erratic Manner",NA,NA,Sport Utility Vehicle,Moving Constant Speed,35,No,1900,GMC,TERRAIN,39.05379912,-77.09196344,2025,10,9
250045827,Injury Crash,10/12/2025 09:30:00 AM,NA,NA,Single Vehicle,Cloudy,Wet,Daylight,No Controls,NONE DETECTED,Yes,Possible Minor Injury,Too Fast For Conditions,Unknown,MD,Passenger Car,Moving Constant Speed,40,No,2011,CHRYSLER,200,39.23077583,-77.14239746,2025,10,9
250045822,Property Damage Crash,10/12/2025 07:26:00 AM,SOUTHLAWN LA,NA,Single Vehicle,Rain,Wet,Medium,No Controls,NONE DETECTED,No,No Apparent Injury,Other Improper Action,Unknown,NA,Passenger Car,NA,30,No,2025,TOYOTA,PRIUS,39.10688994,-77.12805482,2025,10,7
250045820,Property Damage Crash,10/12/2025 06:21:00 AM,HILLRIDGE DR,NA,"Sideswipe, Same Direction",Rain,Wet,Dark,No Controls,NONE DETECTED,Yes,No Apparent Injury,NA,Not Distracted,MD,Other Trucks,Backing,25,No,2018,PIERCE MANUFACTURING,RESCUE,39.02070654,-77.06705097,2025,10,6
250045819,Property Damage Crash,10/12/2025 05:13:00 AM,HATHAWAY DR,NA,Single Vehicle,Rain,Wet,Medium,No Controls,NONE DETECTED,Yes,No Apparent Injury,NA,Unknown,NA,Passenger Car,Accelerating,25,No,2006,HONDA,CIVIC,39.068548,-77.06056033,2025,10,5
250045815,Property Damage Crash,10/12/2025 04:45:00 AM,NA,NA,Front to Rear,Rain,Wet,Medium,Traffic Control Signal,NONE DETECTED,Yes,No Apparent Injury,"Other Improper Action, Too Fast For Conditions",Not Distracted,MD,Passenger Car,Moving Constant Speed,50,No,2007,MERCEDES-BENZ,M-CLASS,39.1579664,-77.19198226,2025,10,4
250045815,Property Damage Crash,10/12/2025 04:45:00 AM,NA,NA,Front to Rear,Rain,Wet,Medium,Traffic Control Signal,NONE DETECTED,No,No Apparent Injury,NA,Not Distracted,MD,Passenger Car,Stopped in Traffic,50,No,2015,TOYOTA,COROLLA,39.1579664,-77.19198226,2025,10,4
250045811,Injury Crash,10/12/2025 02:59:00 AM,BROADBIRCH DR,NA,Single Vehicle,Rain,Wet,Medium,No Controls,NONE DETECTED,Yes,Possible Minor Injury,NA,Unknown,NA,Passenger Car,NA,30,No,2020,ACURA,TLX,39.05580933,-76.96217517,2025,10,2
250045810,Property Damage Crash,10/12/2025 02:58:00 AM,NA,NA,"Sideswipe, Same Direction",Clear,NA,Medium,NA,NONE DETECTED,No,NA,Over-Correcting/Over-Steering,NA,NA,Passenger Car,Turning Left,0,No,2012,TOYOTA,COROLLA,39.16282924,-77.22467096,2025,10,2
250045792,Property Damage Crash,10/11/2025 09:56:00 PM,GEORGIA AVE (SB/L),NA,Angle,Rain,Wet,Medium,No Controls,NONE DETECTED,No,No Apparent Injury,NA,Not Distracted,MD,Passenger Car,Moving Constant Speed,35,No,2008,NISSAN,VERSA,39.05435848,-77.05057935,2025,10,21
250045792,Property Damage Crash,10/11/2025 09:56:00 PM,GEORGIA AVE (SB/L),NA,Angle,Rain,Wet,Medium,Stop Sign,NONE DETECTED,Yes,No Apparent Injury,"Failed to Keep in Proper Lane, Failed to Yield Right-of-Way",Unknown,NA,Passenger Car,Entering Traffic Lane,25,No,2019,HONDA,CIVIC,39.05435848,-77.05057935,2025,10,21
250045784,Property Damage Crash,10/11/2025 08:51:00 PM,RANDOLPH RD (WB/L),NA,Front to Rear,Rain,Wet,Medium,Traffic Control Signal,NONE DETECTED,No,NA,NA,NA,NA,Passenger Car,Slowing or Stopping,35,No,2006,HYUNDAI,TIBURON,39.05757063,-77.07972792,2025,10,20
250045784,Property Damage Crash,10/11/2025 08:51:00 PM,RANDOLPH RD (WB/L),NA,Front to Rear,Rain,Wet,Medium,Traffic Control Signal,NONE DETECTED,No,No Apparent Injury,NA,Not Distracted,MD,Passenger Car,Slowing or Stopping,35,No,2017,HYUNDAI,ELANTRA,39.05757063,-77.07972792,2025,10,20
250045781,Injury Crash,10/11/2025 08:40:00 PM,CHRISTOPHER AVE,NA,Angle,Clear,Dry,Medium,No Controls,NONE DETECTED,Yes,No Apparent Injury,Failed to Yield Right-of-Way,Unknown,MD,Sport Utility Vehicle,Turning Left,30,No,2019,NISSAN,ROGUE,39.15881716,-77.21175441,2025,10,20
250045782,Property Damage Crash,10/11/2025 08:40:00 PM,GRACEFIELD RD,NA,"Sideswipe, Same Direction",Rain,Wet,Medium,No Controls,NONE DETECTED,No,No Apparent Injury,NA,Not Distracted,MD,Passenger Car,Moving Constant Speed,30,No,1999,TOYOTA,COROLLA,39.05692306,-76.95123663,2025,10,20
250045782,Property Damage Crash,10/11/2025 08:40:00 PM,GRACEFIELD RD,NA,"Sideswipe, Same Direction",Rain,Wet,Medium,Stop Sign,NONE DETECTED,No,NA,Ran Stop Sign,NA,NA,NA,Moving Constant Speed,15,No,0,NA,NA,39.05692306,-76.95123663,2025,10,20
250045781,Injury Crash,10/11/2025 08:40:00 PM,CHRISTOPHER AVE,NA,Angle,Clear,Dry,Medium,No Controls,NONE DETECTED,No,Possible Minor Injury,NA,Not Distracted,MD,Passenger Car,Moving Constant Speed,30,No,2009,TOYOTA,PRIUS,39.15881716,-77.21175441,2025,10,20
250045770,Injury Crash,10/11/2025 07:18:00 PM,NA,NA,"Sideswipe, Same Direction",Clear,Dry,Dark,No Controls,NONE DETECTED,No,No Apparent Injury,NA,Unknown,PA,Passenger Car,Moving Constant Speed,30,No,2021,HYUNDAI,SANTA FE,39.1488615,-77.21062833,2025,10,19
250045770,Injury Crash,10/11/2025 07:18:00 PM,NA,NA,"Sideswipe, Same Direction",Clear,Dry,Dark,No Controls,NONE DETECTED,No,No Apparent Injury,NA,Unknown,MD,Passenger Car,Moving Constant Speed,30,No,2020,TOYOTA,RAV4,39.1488615,-77.21062833,2025,10,19
250045772,Property Damage Crash,10/11/2025 07:17:00 PM,NEW HAMPSHIRE AVE,NA,"Sideswipe, Opposite Direction",Clear,Wet,Dark,No Controls,NONE DETECTED,No,No Apparent Injury,NA,Not Distracted,MD,Sport Utility Vehicle,Negotiating a Curve,35,No,2019,FORD,EXPLORER,39.18896467,-77.02457667,2025,10,19
250045772,Property Damage Crash,10/11/2025 07:17:00 PM,NEW HAMPSHIRE AVE,NA,"Sideswipe, Opposite Direction",Clear,Wet,Dark,No Controls,NONE DETECTED,No,No Apparent Injury,NA,Not Distracted,MD,Sport Utility Vehicle,Moving Constant Speed,35,No,2024,TESLA,MODEL Y,39.18896467,-77.02457667,2025,10,19
250045772,Property Damage Crash,10/11/2025 07:17:00 PM,NEW HAMPSHIRE AVE,NA,"Sideswipe, Opposite Direction",Clear,Wet,Dark,No Controls,NONE DETECTED,Yes,No Apparent Injury,Failed to Keep in Proper Lane,"Manually Operating (dialing, playing game, etc.)",MD,Passenger Car,Negotiating a Curve,35,No,2019,TOYOTA,CAMRY,39.18896467,-77.02457667,2025,10,19
250045789,Property Damage Crash,10/11/2025 07:15:00 PM,NA,NA,Front to Rear,Clear,Dry,Medium,No Controls,NONE DETECTED,Yes,No Apparent Injury,NA,Unknown,MD,Passenger Car,Moving Constant Speed,30,No,2014,ACURA,TL,39.01392874,-77.08992246,2025,10,19
250045789,Property Damage Crash,10/11/2025 07:15:00 PM,NA,NA,Front to Rear,Clear,Dry,Medium,No Controls,NONE DETECTED,No,No Apparent Injury,NA,Not Distracted,MD,Passenger Car,Turning Left,30,No,2016,MERCEDES-BENZ,E-CLASS,39.01392874,-77.08992246,2025,10,19
250045764,Injury Crash,10/11/2025 06:30:00 PM,GEORGIA AVE (SB/L),NA,Angle,Clear,Dry,Medium,Traffic Control Signal,NONE DETECTED,No,Possible Minor Injury,NA,Not Distracted,MD,Passenger Car,Stopped in Traffic,30,No,2018,HONDA,CR-V,39.15330317,-77.06700033,2025,10,18
250045764,Injury Crash,10/11/2025 06:30:00 PM,GEORGIA AVE (SB/L),NA,Angle,Clear,Dry,Medium,Traffic Control Signal,NONE DETECTED,Yes,Possible Minor Injury,"Swerved or Avoided Due to Wind, Slippery Surface, Motor Vehicle, Object, Non-Motorist in Roadway, etc",Not Distracted,MD,Passenger Car,Moving Constant Speed,30,No,2026,TOYOTA,COROLLA CROSS,39.15330317,-77.06700033,2025,10,18
250045768,Property Damage Crash,10/11/2025 06:15:00 PM,NA,NA,"Sideswipe, Same Direction",Clear,NA,Medium,NA,NONE DETECTED,No,NA,NA,NA,NA,Sport Utility Vehicle,Parked,0,No,2018,HONDA,PILOT,38.99885869,-77.03079464,2025,10,18
250045768,Property Damage Crash,10/11/2025 06:15:00 PM,NA,NA,"Sideswipe, Same Direction",Clear,NA,Medium,NA,NONE DETECTED,No,No Apparent Injury,NA,NA,NA,Van - Passenger (&lt;9 Seats),Moving Constant Speed,0,No,0,NA,NA,38.99885869,-77.03079464,2025,10,18
250045765,Property Damage Crash,10/11/2025 06:01:00 PM,NA,NA,Front to Rear,Clear,Dry,Daylight,Stop Sign,NONE DETECTED,Yes,No Apparent Injury,NA,Unknown,MD,Passenger Car,Accelerating,25,No,2010,TOYOTA,COROLLA,38.97626663,-76.99698295,2025,10,18
250045765,Property Damage Crash,10/11/2025 06:01:00 PM,NA,NA,Front to Rear,Clear,Dry,Daylight,Stop Sign,NONE DETECTED,No,No Apparent Injury,NA,Not Distracted,DC,Passenger Car,Slowing or Stopping,25,No,2020,HONDA,INSIGHT,38.97626663,-76.99698295,2025,10,18
250045765,Property Damage Crash,10/11/2025 06:01:00 PM,NA,NA,Front to Rear,Clear,Dry,Daylight,Stop Sign,NONE DETECTED,No,No Apparent Injury,NA,Not Distracted,MD,Passenger Car,Accelerating,25,No,2021,TOYOTA,RAV4,38.97626663,-76.99698295,2025,10,18
250045743,Property Damage Crash,10/11/2025 04:00:00 PM,CLOPPER RD,NA,Front to Rear,Clear,Dry,Daylight,No Controls,NONE DETECTED,No,No Apparent Injury,NA,Not Distracted,MD,Pickup,Slowing or Stopping,35,No,2025,TOYOTA,TACOMA,39.15401717,-77.25230417,2025,10,16
250045743,Property Damage Crash,10/11/2025 04:00:00 PM,CLOPPER RD,NA,Front to Rear,Clear,Dry,Daylight,No Controls,NONE DETECTED,No,No Apparent Injury,NA,NA,MD,Passenger Car,Moving Constant Speed,35,No,2010,SUBARU,LEGACY,39.15401717,-77.25230417,2025,10,16
250045740,Property Damage Crash,10/11/2025 03:44:00 PM,CENTURY BLVD,NA,"Sideswipe, Same Direction",Cloudy,Dry,Daylight,Stop Sign,NONE DETECTED,No,No Apparent Injury,NA,Not Distracted,MD,Passenger Car,Moving Constant Speed,30,No,2018,NISSAN,SENTRA,39.19221002,-77.26527511,2025,10,15
250045740,Property Damage Crash,10/11/2025 03:44:00 PM,CENTURY BLVD,NA,"Sideswipe, Same Direction",Cloudy,Dry,Daylight,Stop Sign,NONE DETECTED,No,No Apparent Injury,NA,Not Distracted,MD,Sport Utility Vehicle,Turning Left,30,No,2020,FORD,EXPLORER,39.19221002,-77.26527511,2025,10,15
250045732,Injury Crash,10/11/2025 02:50:00 PM,FATHER HURLEY BLVD (NB/L),NA,Front to Rear,Cloudy,Dry,Daylight,Traffic Control Signal,NONE DETECTED,No,No Apparent Injury,NA,Not Distracted,MD,Sport Utility Vehicle,Stopped in Traffic,30,No,2020,HONDA,PILOT,39.18437251,-77.27338131,2025,10,14
250045732,Injury Crash,10/11/2025 02:50:00 PM,FATHER HURLEY BLVD (NB/L),NA,Front to Rear,Cloudy,Dry,Daylight,Traffic Control Signal,NONE DETECTED,No,No Apparent Injury,NA,Not Distracted,MD,Sport Utility Vehicle,Turning Right,30,No,2013,TOYOTA,RAV4,39.18437251,-77.27338131,2025,10,14
250045730,Injury Crash,10/11/2025 02:24:00 PM,CONNECTICUT AVE (SB/L),NA,Front to Rear,Cloudy,Dry,Daylight,No Controls,NONE DETECTED,No,Possible Minor Injury,NA,Not Distracted,MD,Passenger Car,Moving Constant Speed,35,No,2016,TOYOTA,COROLLA,39.07634232,-77.08077838,2025,10,14
250045730,Injury Crash,10/11/2025 02:24:00 PM,CONNECTICUT AVE (SB/L),NA,Front to Rear,Cloudy,Dry,Daylight,No Controls,NONE DETECTED,No,NA,Other Improper Action,NA,NA,Sport Utility Vehicle,Changing Lanes,35,No,0,NA,NA,39.07634232,-77.08077838,2025,10,14
250045731,Injury Crash,10/11/2025 02:21:00 PM,NA,NA,Angle,Clear,Dry,Daylight,Traffic Control Signal,NONE DETECTED,Yes,No Apparent Injury,NA,Unknown,MD,Passenger Car,Moving Constant Speed,35,No,2015,HONDA,CIVIC,39.07343614,-77.11188643,2025,10,14
250045731,Injury Crash,10/11/2025 02:21:00 PM,NA,NA,Angle,Clear,Dry,Daylight,Traffic Control Signal,NONE DETECTED,No,No Apparent Injury,NA,Unknown,MD,Passenger Car,Moving Constant Speed,35,No,2017,TOYOTA,COROLLA,39.07343614,-77.11188643,2025,10,14
250045736,Property Damage Crash,10/11/2025 01:30:00 PM,RAMP 7 FR FATHER HURLEY BLVD TO IS270 SB,NA,"Sideswipe, Same Direction",Clear,Dry,Daylight,No Controls,NONE DETECTED,No,No Apparent Injury,NA,Not Distracted,MD,Passenger Car,Moving Constant Speed,55,No,2019,HONDA,PILOT,39.19798167,-77.26367104,2025,10,13
250045736,Property Damage Crash,10/11/2025 01:30:00 PM,RAMP 7 FR FATHER HURLEY BLVD TO IS270 SB,NA,"Sideswipe, Same Direction",Clear,Dry,Daylight,No Controls,NONE DETECTED,No,NA,NA,NA,NA,Passenger Car,Changing Lanes,55,No,2012,TOYOTA,PRIUS,39.19798167,-77.26367104,2025,10,13
250045720,Injury Crash,10/11/2025 01:00:00 PM,UNIVERSITY BLVD W (WB/L),NA,"Sideswipe, Same Direction",Clear,Dry,Daylight,No Controls,NONE DETECTED,Yes,Possible Minor Injury,NA,Not Distracted,MD,Sport Utility Vehicle,Changing Lanes,40,No,2022,VOLKSWAGEN,TIGUAN,39.0211925,-77.0144215,2025,10,13
250045720,Injury Crash,10/11/2025 01:00:00 PM,UNIVERSITY BLVD W (WB/L),NA,"Sideswipe, Same Direction",Clear,Dry,Daylight,No Controls,NONE DETECTED,No,No Apparent Injury,NA,Not Distracted,MD,Passenger Car,Moving Constant Speed,40,No,2019,HONDA,ACCORD,39.0211925,-77.0144215,2025,10,13