Local Case Number,ACRS Report Type,Crash Date/Time,Road Name,Related Non-Motorist,Collision Type,Weather,Surface Condition,Light,Traffic Control,Driver Substance Abuse,Driver At Fault,Injury Severity,Circumstance,Driver Distracted By,Drivers License State,Vehicle Body Type,Vehicle Movement,Speed Limit,Driverless Vehicle,Vehicle Year,Vehicle Make,Vehicle Model,Latitude,Longitude,Year,Month,Hour
250045716,Injury Crash,10/11/2025 12:35:00 PM,CONNECTICUT AVE,NA,Front to Rear,Cloudy,Dry,Daylight,No Controls,NONE DETECTED,No,Possible Minor Injury,NA,Not Distracted,MD,Passenger Car,Slowing or Stopping,35,No,2019,HONDA,ACCORD,39.00341155,-77.07732056,2025,10,12
250045716,Injury Crash,10/11/2025 12:35:00 PM,CONNECTICUT AVE,NA,Front to Rear,Cloudy,Dry,Daylight,No Controls,NONE DETECTED,Yes,No Apparent Injury,"Followed Too Closely, Too Fast For Conditions",Unknown,DC,Sport Utility Vehicle,Moving Constant Speed,35,No,2017,AUDI,Q5,39.00341155,-77.07732056,2025,10,12
250045719,Injury Crash,10/11/2025 12:35:00 PM,NA,NA,"Sideswipe, Same Direction",Clear,Dry,Daylight,No Controls,NONE DETECTED,No,Possible Minor Injury,NA,Not Distracted,MD,Passenger Car,Moving Constant Speed,35,No,2024,HONDA,ACCORD,39.0422106,-77.15958326,2025,10,12
250045719,Injury Crash,10/11/2025 12:35:00 PM,NA,NA,"Sideswipe, Same Direction",Clear,Dry,Daylight,No Controls,NONE DETECTED,Yes,No Apparent Injury,Failed to Yield Right-of-Way,Unknown,MD,Passenger Car,Entering Traffic Lane,35,No,2014,VOLKSWAGEN,JETTA,39.0422106,-77.15958326,2025,10,12
250045715,Property Damage Crash,10/11/2025 12:03:00 PM,NA,NA,Single Vehicle,Clear,NA,Daylight,NA,NONE DETECTED,Yes,No Apparent Injury,Other Improper Action,Unknown,MD,Sport Utility Vehicle,Backing,0,No,2024,HONDA,CR-V,39.19466695,-77.24561835,2025,10,12
250045714,Property Damage Crash,10/11/2025 11:30:00 AM,NA,NA,Front to Rear,Clear,Dry,Daylight,Flashing Traffic Control Signal,NONE DETECTED,Yes,No Apparent Injury,Followed Too Closely,Unknown,MD,Passenger Car,Entering Traffic Lane,30,No,2020,KIA,FORTE,39.02298458,-77.13257803,2025,10,11
250045714,Property Damage Crash,10/11/2025 11:30:00 AM,NA,NA,Front to Rear,Clear,Dry,Daylight,No Controls,NONE DETECTED,No,No Apparent Injury,NA,Not Distracted,MD,Sport Utility Vehicle,Stopped in Traffic,30,No,2020,LEXUS,NX,39.02298458,-77.13257803,2025,10,11
250045712,Property Damage Crash,10/11/2025 11:29:00 AM,NA,Occupant Of a Non-Motor Vehicle Transportation Device,Single Vehicle,Clear,NA,Daylight,NA,NONE DETECTED,No,No Apparent Injury,"Operated Motor Vehicle in Inattentive, Careless, Negligent, or Erratic Manner",Unknown,MD,Sport Utility Vehicle,Entering Traffic Lane,0,No,2024,TESLA,MODEL Y,38.9816165,-77.09857629,2025,10,11
250045704,Injury Crash,10/11/2025 10:20:00 AM,S WESTLAND DR,NA,Other,Cloudy,Dry,Daylight,No Controls,NONE DETECTED,Yes,Possible Minor Injury,NA,Unknown,MD,Passenger Car,Turning Left,40,No,2023,FORD,F-150,39.12604878,-77.18282331,2025,10,10
250045704,Injury Crash,10/11/2025 10:20:00 AM,S WESTLAND DR,NA,Other,Cloudy,Dry,Daylight,Traffic Control Signal,NONE DETECTED,No,Suspected Serious Injury,NA,Not Distracted,MD,Passenger Car,Stopped in Traffic,25,No,2025,LEXUS,RX,39.12604878,-77.18282331,2025,10,10
250045704,Injury Crash,10/11/2025 10:20:00 AM,S WESTLAND DR,NA,Other,Cloudy,Dry,Daylight,Traffic Control Signal,NONE DETECTED,Yes,Possible Minor Injury,Operated Motor Vehicle in Reckless or Aggressive Manner,Unknown,MD,Passenger Car,Accelerating,40,No,2017,MERCEDES-BENZ,E-CLASS,39.12604878,-77.18282331,2025,10,10
250045694,Injury Crash,10/11/2025 07:45:00 AM,STEWART LA,Pedestrian,Single Vehicle,Clear,Dry,Daylight,No Controls,NONE DETECTED,No,No Apparent Injury,NA,Not Distracted,MD,Bus - Transit,Moving Constant Speed,35,No,2019,NEW FLYER,XCELSIOR,39.04610607,-76.98632883,2025,10,7
250045688,Property Damage Crash,10/11/2025 03:45:00 AM,NA,NA,Single Vehicle,Clear,Dry,Dark,No Controls,NONE DETECTED,No,No Apparent Injury,NA,Not Distracted,MD,Sport Utility Vehicle,Moving Constant Speed,45,No,2024,KIA,TELLURIDE,39.23262567,-77.178902,2025,10,3
250045679,Property Damage Crash,10/11/2025 12:30:00 AM,GREAT SENECA HWY,NA,Single Vehicle,Clear,Dry,Medium,No Controls,ALCOHOL PRESENT,No,No Apparent Injury,"Operated Motor Vehicle in Inattentive, Careless, Negligent, or Erratic Manner, Operated Motor Vehicle in Reckless or Aggressive Manner, Over-Correcting/Over-Steering, Ran Off Roadway, Too Fast For Conditions",Unknown,MD,Passenger Car,Overtaking/Passing,55,No,1998,CHEVROLET,CORVETTE,39.13361717,-77.24618583,2025,10,0
250045674,Property Damage Crash,10/10/2025 11:02:00 PM,NA,NA,Front to Rear,Clear,Dry,Medium,Traffic Control Signal,NONE DETECTED,No,No Apparent Injury,NA,Not Distracted,MD,Passenger Car,Stopped in Traffic,25,No,2023,BMW,230I,38.98089473,-77.09842385,2025,10,23
250045674,Property Damage Crash,10/10/2025 11:02:00 PM,NA,NA,Front to Rear,Clear,Dry,Medium,Traffic Control Signal,ALCOHOL PRESENT,No,No Apparent Injury,"Operated Motor Vehicle in Inattentive, Careless, Negligent, or Erratic Manner",Not Distracted,WA,Pickup,Moving Constant Speed,25,No,2022,TOYOTA,TACOMA,38.98089473,-77.09842385,2025,10,23
250045669,Property Damage Crash,10/10/2025 09:20:00 PM,E MIDDLE LA,NA,"Sideswipe, Same Direction",Clear,Dry,Medium,No Controls,NONE DETECTED,No,No Apparent Injury,NA,Not Distracted,MD,Bus - Transit,Moving Constant Speed,25,No,2014,GILLIG,LOW FLOOR BUS,39.08504112,-77.15075821,2025,10,21
250045657,Property Damage Crash,10/10/2025 08:10:00 PM,GEORGIA AVE,NA,Angle,Clear,Dry,Medium,Traffic Control Signal,NONE DETECTED,Yes,No Apparent Injury,Failed to Yield Right-of-Way,Not Distracted,MD,Sport Utility Vehicle,Turning Left,25,No,2012,HONDA,PILOT,39.1426775,-77.06756283,2025,10,20
250045657,Property Damage Crash,10/10/2025 08:10:00 PM,GEORGIA AVE,NA,Angle,Clear,Dry,Medium,Traffic Control Signal,NONE DETECTED,No,No Apparent Injury,NA,Not Distracted,MD,Van - Passenger (&lt;9 Seats),Moving Constant Speed,25,No,2018,HONDA,ODYSSEY,39.1426775,-77.06756283,2025,10,20
250045656,Property Damage Crash,10/10/2025 07:46:00 PM,MUNCASTER MILL RD,NA,Front to Rear,Clear,Dry,Medium,Traffic Control Signal,ALCOHOL PRESENT,Yes,No Apparent Injury,"Operated Motor Vehicle in Inattentive, Careless, Negligent, or Erratic Manner, Other Improper Action",Unknown,MD,Passenger Car,Moving Constant Speed,40,No,2011,FORD,ESCAPE,39.13341547,-77.12212017,2025,10,19
250045656,Property Damage Crash,10/10/2025 07:46:00 PM,MUNCASTER MILL RD,NA,Front to Rear,Clear,Dry,Medium,Traffic Control Signal,NONE DETECTED,No,No Apparent Injury,NA,Not Distracted,MD,Passenger Car,Slowing or Stopping,40,No,2001,NISSAN,FRONTIER,39.13341547,-77.12212017,2025,10,19
250045656,Property Damage Crash,10/10/2025 07:46:00 PM,MUNCASTER MILL RD,NA,Front to Rear,Clear,Dry,Medium,Traffic Control Signal,NONE DETECTED,No,No Apparent Injury,NA,Not Distracted,MD,Passenger Car,Slowing or Stopping,40,No,2012,HONDA,PILOT,39.13341547,-77.12212017,2025,10,19
250045662,Property Damage Crash,10/10/2025 07:30:00 PM,NA,NA,Front to Rear,Clear,NA,Medium,NA,NONE DETECTED,No,NA,NA,NA,NA,Passenger Car,Backing,0,No,0,NA,NA,39.05515136,-77.11879614,2025,10,19
250045646,Property Damage Crash,10/10/2025 07:02:00 PM,WELLER RD,NA,Single Vehicle,Clear,Dry,Medium,No Controls,NONE DETECTED,No,No Apparent Injury,NA,Not Distracted,MD,Bus - Transit,Moving Constant Speed,35,No,2025,GILLIG,LOW FLOOR BUS,39.0666867,-77.0595028,2025,10,19
250045645,Property Damage Crash,10/10/2025 06:26:00 PM,GEORGIA AVE,NA,"Sideswipe, Same Direction",Clear,Dry,Daylight,No Controls,NONE DETECTED,No,No Apparent Injury,NA,Not Distracted,MD,Passenger Car,Moving Constant Speed,30,No,2014,TOYOTA,HIGHLANDER,39.0081113,-77.0401071,2025,10,18
250045645,Property Damage Crash,10/10/2025 06:26:00 PM,GEORGIA AVE,NA,"Sideswipe, Same Direction",Clear,Dry,Daylight,Traffic Control Signal,NONE DETECTED,Yes,No Apparent Injury,NA,Not Distracted,MD,Passenger Car,Turning Left,30,No,2024,MERCEDES-BENZ,EQB-CLASS,39.0081113,-77.0401071,2025,10,18
250045631,Injury Crash,10/10/2025 05:51:00 PM,GEORGIA AVE,NA,Angle,Clear,Dry,Daylight,No Controls,NONE DETECTED,Yes,Possible Minor Injury,NA,Not Distracted,MD,Passenger Car,Turning Left,35,No,2025,TOYOTA,COROLLA,38.99829681,-77.03066878,2025,10,17
250045631,Injury Crash,10/10/2025 05:51:00 PM,GEORGIA AVE,NA,Angle,Clear,Dry,Daylight,No Controls,NONE DETECTED,No,Possible Minor Injury,NA,Not Distracted,MD,Passenger Car,Moving Constant Speed,35,No,2010,TOYOTA,HIGHLANDER,38.99829681,-77.03066878,2025,10,17
250045632,Property Damage Crash,10/10/2025 05:30:00 PM,UNIVERSITY BLVD E (WB/L),NA,Single Vehicle,Clear,Dry,Daylight,No Controls,NONE DETECTED,No,No Apparent Injury,NA,Not Distracted,MD,Sport Utility Vehicle,Moving Constant Speed,35,No,2009,HONDA,PILOT,39.01343217,-77.00357233,2025,10,17
250045614,Property Damage Crash,10/10/2025 04:00:00 PM,MARKET ST,NA,Angle,Clear,Dry,Daylight,No Controls,NONE DETECTED,No,No Apparent Injury,NA,Not Distracted,MD,Unknown,Parked,25,No,2017,KENWORTH,T4 SERIES,39.12258851,-77.23493237,2025,10,16
250045614,Property Damage Crash,10/10/2025 04:00:00 PM,MARKET ST,NA,Angle,Clear,Dry,Daylight,No Controls,NONE DETECTED,Yes,No Apparent Injury,Improper Passing,Unknown,VA,Other,Slowing or Stopping,25,No,2023,FORD,E-450,39.12258851,-77.23493237,2025,10,16
250045606,Property Damage Crash,10/10/2025 03:40:00 PM,NA,NA,"Sideswipe, Opposite Direction",Cloudy,Dry,Daylight,No Controls,NONE DETECTED,Yes,No Apparent Injury,"Operated Motor Vehicle in Inattentive, Careless, Negligent, or Erratic Manner, Wrong Side","Other Action (looking away from task, etc.)",MD,Passenger Car,Moving Constant Speed,40,No,2018,HONDA,CIVIC,39.11832283,-77.10353167,2025,10,15
250045606,Property Damage Crash,10/10/2025 03:40:00 PM,NA,NA,"Sideswipe, Opposite Direction",Cloudy,Dry,Daylight,No Controls,NONE DETECTED,No,No Apparent Injury,NA,Not Distracted,MD,Single-Unit Truck,Moving Constant Speed,40,No,2005,FORD,F-700,39.11832283,-77.10353167,2025,10,15
250045610,Injury Crash,10/10/2025 03:33:00 PM,MINERAL SPRINGS DR,NA,Front to Front,Clear,Dry,Daylight,No Controls,NONE DETECTED,No,No Apparent Injury,NA,Not Distracted,MD,Passenger Car,Moving Constant Speed,35,No,2020,BMW,330I,39.15229633,-77.16485617,2025,10,15
250045610,Injury Crash,10/10/2025 03:33:00 PM,MINERAL SPRINGS DR,NA,Front to Front,Clear,Dry,Daylight,No Controls,NONE DETECTED,Yes,Suspected Serious Injury,"Failed to Yield Right-of-Way, Improper Turn",Unknown,MD,Passenger Car,Turning Left,35,No,2021,HONDA,HR-V,39.15229633,-77.16485617,2025,10,15
250045598,Property Damage Crash,10/10/2025 03:30:00 PM,REDLAND BLVD,NA,Angle,Cloudy,Dry,Daylight,Traffic Control Signal,NONE DETECTED,Yes,No Apparent Injury,NA,Not Distracted,MD,Passenger Car,Accelerating,40,No,2011,CHEVROLET,CRUZE,39.11569494,-77.16617241,2025,10,15
250045598,Property Damage Crash,10/10/2025 03:30:00 PM,REDLAND BLVD,NA,Angle,Cloudy,Dry,Daylight,Traffic Control Signal,NONE DETECTED,No,No Apparent Injury,NA,Not Distracted,MD,Passenger Car,Accelerating,35,No,2024,BMW,X7,39.11569494,-77.16617241,2025,10,15
250045597,Injury Crash,10/10/2025 03:16:00 PM,RANDOLPH RD (WB/L),Cyclist (Electric),Single Vehicle,Clear,Dry,Daylight,"Other Pavement Marking (excluding edgelines, centerlines, or lane lines)",NONE DETECTED,Yes,No Apparent Injury,"Failed to Yield Right-of-Way, Operated Motor Vehicle in Inattentive, Careless, Negligent, or Erratic Manner, Operated Motor Vehicle in Reckless or Aggressive Manner, Other Improper Action",Not Distracted,MD,Passenger Car,Turning Left,25,No,2022,TOYOTA,CAMRY,39.06529075,-77.03713729,2025,10,15
250045600,Property Damage Crash,10/10/2025 03:00:00 PM,CARROLL AVE,NA,"Sideswipe, Opposite Direction",Clear,Dry,Daylight,No Controls,NONE DETECTED,No,NA,NA,NA,NA,NA,Moving Constant Speed,35,No,0,NA,NA,38.99956768,-76.99061301,2025,10,15
250045600,Property Damage Crash,10/10/2025 03:00:00 PM,CARROLL AVE,NA,"Sideswipe, Opposite Direction",Clear,Dry,Daylight,No Controls,NONE DETECTED,No,No Apparent Injury,NA,Not Distracted,MD,Passenger Car,Moving Constant Speed,35,No,2020,TOYOTA,COROLLA,38.99956768,-76.99061301,2025,10,15
250045595,Property Damage Crash,10/10/2025 02:54:00 PM,DAVIS AVE,NA,"Sideswipe, Opposite Direction",Clear,Dry,Daylight,No Controls,NONE DETECTED,No,No Apparent Injury,NA,Not Distracted,DC,Van - Passenger (9 or 12 Seats),Moving Constant Speed,15,No,2018,RAM,PROMASTER 2500,38.98415685,-76.99754181,2025,10,14
250045595,Property Damage Crash,10/10/2025 02:54:00 PM,DAVIS AVE,NA,"Sideswipe, Opposite Direction",Clear,Dry,Daylight,No Controls,NONE DETECTED,No,No Apparent Injury,NA,Not Distracted,MD,Pickup,Moving Constant Speed,15,No,2019,FORD,F-350,38.98415685,-76.99754181,2025,10,14
250045593,Property Damage Crash,10/10/2025 02:46:00 PM,MONTROSE AVE,NA,Front to Rear,Clear,Dry,Daylight,No Controls,NONE DETECTED,Yes,No Apparent Injury,Improper Backing,Unknown,MD,Pickup,Backing,25,No,2014,RAM,1500,39.02549897,-77.10095679,2025,10,14
250045593,Property Damage Crash,10/10/2025 02:46:00 PM,MONTROSE AVE,NA,Front to Rear,Clear,Dry,Daylight,No Controls,NONE DETECTED,No,No Apparent Injury,NA,Unknown,MD,Passenger Car,Making U-Turn,25,No,2025,NISSAN,VERSA,39.02549897,-77.10095679,2025,10,14
250045601,Property Damage Crash,10/10/2025 02:20:00 PM,NA,NA,"Sideswipe, Same Direction",Clear,NA,Daylight,NA,NONE DETECTED,No,NA,NA,NA,NA,Passenger Car,Moving Constant Speed,0,No,2015,TOYOTA,HIGHLANDER,39.08590747,-76.95479614,2025,10,14
250045601,Property Damage Crash,10/10/2025 02:20:00 PM,NA,NA,"Sideswipe, Same Direction",Clear,NA,Daylight,NA,NONE DETECTED,No,No Apparent Injury,NA,Not Distracted,MD,Passenger Car,Moving Constant Speed,0,No,2009,TOYOTA,PRIUS,39.08590747,-76.95479614,2025,10,14
250045580,Property Damage Crash,10/10/2025 01:00:00 PM,GEORGIA AVE (SB/L),NA,"Sideswipe, Same Direction",Clear,Dry,Daylight,No Controls,NONE DETECTED,No,NA,NA,NA,NA,Passenger Car,Changing Lanes,30,No,2023,TOYOTA,COROLLA,38.99910684,-77.03139083,2025,10,13
250045580,Property Damage Crash,10/10/2025 01:00:00 PM,GEORGIA AVE (SB/L),NA,"Sideswipe, Same Direction",Clear,Dry,Daylight,No Controls,NONE DETECTED,No,No Apparent Injury,NA,Not Distracted,MD,Passenger Car,Changing Lanes,30,No,2025,LEXUS,IS,38.99910684,-77.03139083,2025,10,13
250045566,Injury Crash,10/10/2025 11:50:00 AM,NA,NA,Angle,Clear,Dry,Daylight,Traffic Control Signal,NONE DETECTED,No,No Apparent Injury,NA,Not Distracted,MD,Passenger Car,Turning Left,35,No,2019,NISSAN,VERSA NOTE,39.00524469,-77.0228435,2025,10,11
250045566,Injury Crash,10/10/2025 11:50:00 AM,NA,NA,Angle,Clear,Dry,Daylight,Traffic Control Signal,NONE DETECTED,Yes,Possible Minor Injury,NA,Not Distracted,DC,Passenger Car,Moving Constant Speed,35,No,2014,DODGE,GRAND CARAVAN,39.00524469,-77.0228435,2025,10,11
250045560,Property Damage Crash,10/10/2025 11:30:00 AM,NA,NA,Angle,Clear,NA,Daylight,NA,NONE DETECTED,Yes,NA,NA,NA,NA,Passenger Car,Turning Right,0,No,2024,MERCEDES-BENZ,GLE-CLASS,38.98130856,-77.0944261,2025,10,11
250045560,Property Damage Crash,10/10/2025 11:30:00 AM,NA,NA,Angle,Clear,NA,Daylight,NA,NONE DETECTED,No,No Apparent Injury,NA,Not Distracted,MD,Passenger Car,Parked,0,No,2014,HONDA,ODYSSEY,38.98130856,-77.0944261,2025,10,11
250045561,Property Damage Crash,10/10/2025 11:28:00 AM,DAVIS MILL RD,NA,Single Vehicle,Clear,Dry,Daylight,No Controls,NONE DETECTED,Yes,No Apparent Injury,Failed to Keep in Proper Lane,Not Distracted,MD,Passenger Car,Moving Constant Speed,25,No,2015,BUICK,VERANO,39.21202622,-77.20475262,2025,10,11
250045552,Injury Crash,10/10/2025 10:55:00 AM,SENECA MEADOWS PKWY,NA,Angle,Clear,Dry,Daylight,Traffic Control Signal,NONE DETECTED,No,No Apparent Injury,NA,Not Distracted,MD,Van - Passenger (&lt;9 Seats),Stopped in Traffic,30,No,2018,HONDA,ODYSSEY,39.18859,-77.25170167,2025,10,10
250045552,Injury Crash,10/10/2025 10:55:00 AM,SENECA MEADOWS PKWY,NA,Angle,Clear,Dry,Daylight,Traffic Control Signal,NONE DETECTED,Yes,Possible Minor Injury,"Failed to Yield Right-of-Way, Operated Motor Vehicle in Inattentive, Careless, Negligent, or Erratic Manner",Unknown,MD,Passenger Car,Turning Left,45,No,2019,HONDA,CIVIC,39.18859,-77.25170167,2025,10,10
250045552,Injury Crash,10/10/2025 10:55:00 AM,SENECA MEADOWS PKWY,NA,Angle,Clear,Dry,Daylight,Traffic Control Signal,NONE DETECTED,No,Possible Minor Injury,NA,Not Distracted,MD,Passenger Car,Moving Constant Speed,45,No,2020,MERCEDES-BENZ,C-CLASS,39.18859,-77.25170167,2025,10,10
250045540,Property Damage Crash,10/10/2025 09:00:00 AM,BLAIR RD,NA,"Sideswipe, Opposite Direction",Clear,Dry,Daylight,No Controls,NONE DETECTED,No,No Apparent Injury,NA,Not Distracted,DC,Passenger Car,Moving Constant Speed,30,No,2012,INFINITI,EX35,38.98375985,-77.02426102,2025,10,9
250045540,Property Damage Crash,10/10/2025 09:00:00 AM,BLAIR RD,NA,"Sideswipe, Opposite Direction",Clear,Dry,Daylight,No Controls,NONE DETECTED,No,NA,NA,NA,NA,NA,Moving Constant Speed,30,No,0,NA,NA,38.98375985,-77.02426102,2025,10,9
250045537,Property Damage Crash,10/10/2025 08:45:00 AM,CAPITAL BELTWAY,NA,Single Vehicle,Clear,Dry,Daylight,No Controls,NONE DETECTED,No,No Apparent Injury,NA,Not Distracted,MD,Van - Cargo,Moving Constant Speed,30,No,2025,CHEVROLET,EXPRESS,39.01337555,-77.0466816,2025,10,8
250045532,Injury Crash,10/10/2025 08:05:00 AM,EAST WEST HWY (WB/L),NA,Front to Rear,Clear,Dry,Daylight,No Controls,NONE DETECTED,No,NA,NA,NA,NA,Passenger Car,Slowing or Stopping,30,No,2007,TOYOTA,PRIUS,38.99457851,-77.03521658,2025,10,8
250045532,Injury Crash,10/10/2025 08:05:00 AM,EAST WEST HWY (WB/L),NA,Front to Rear,Clear,Dry,Daylight,No Controls,NONE DETECTED,No,Possible Minor Injury,NA,Not Distracted,MD,Passenger Car,Slowing or Stopping,30,No,2014,TOYOTA,RAV4,38.99457851,-77.03521658,2025,10,8
250045531,Injury Crash,10/10/2025 07:59:00 AM,NA,Cyclist (non-electric),Single Vehicle,Clear,Dry,Daylight,No Controls,NONE DETECTED,Yes,No Apparent Injury,NA,Not Distracted,MD,Passenger Car,Turning Left,35,No,2014,HONDA,CR-V,39.0189715,-77.00851861,2025,10,7
250045530,Property Damage Crash,10/10/2025 07:45:00 AM,GEORGIA AVE (SB/L),NA,Front to Rear,Clear,Dry,Daylight,Traffic Control Signal,NONE DETECTED,No,NA,NA,NA,NA,NA,Turning Right,30,No,0,NA,NA,38.99750593,-77.02982442,2025,10,7
250045530,Property Damage Crash,10/10/2025 07:45:00 AM,GEORGIA AVE (SB/L),NA,Front to Rear,Clear,Dry,Daylight,Traffic Control Signal,NONE DETECTED,No,No Apparent Injury,NA,Not Distracted,MD,Bus - Transit,Moving Constant Speed,30,No,2013,NEW FLYER,XCELSIOR,38.99750593,-77.02982442,2025,10,7
250045528,Property Damage Crash,10/10/2025 07:40:00 AM,OLD GEORGETOWN RD (SB/L),NA,"Sideswipe, Same Direction",Clear,Dry,Daylight,No Controls,NONE DETECTED,No,No Apparent Injury,NA,Not Distracted,MD,Passenger Car,Moving Constant Speed,35,No,2023,NISSAN,ALTIMA,39.02712592,-77.12635512,2025,10,7
250045528,Property Damage Crash,10/10/2025 07:40:00 AM,OLD GEORGETOWN RD (SB/L),NA,"Sideswipe, Same Direction",Clear,Dry,Daylight,No Controls,NONE DETECTED,No,NA,NA,NA,NA,Passenger Car,Moving Constant Speed,35,No,2024,FORD,EDGE,39.02712592,-77.12635512,2025,10,7
250045529,Property Damage Crash,10/10/2025 07:22:00 AM,NA,NA,Angle,Clear,NA,Daylight,NA,NONE DETECTED,Yes,No Apparent Injury,Improper Passing,Not Distracted,DC,Bus - Transit,Overtaking/Passing,0,No,2023,NEW FLYER,XCELSIOR,39.03762333,-77.05095841,2025,10,7
250045529,Property Damage Crash,10/10/2025 07:22:00 AM,NA,NA,Angle,Clear,NA,Daylight,NA,NONE DETECTED,No,No Apparent Injury,NA,Not Distracted,MD,Bus - Transit,Parked,0,No,2025,GILLIG,CITY TRANSIT BUS,39.03762333,-77.05095841,2025,10,7
250045525,Property Damage Crash,10/10/2025 06:56:00 AM,VEIRS MILL RD,NA,Front to Rear,Clear,Dry,Medium,Traffic Control Signal,NONE DETECTED,No,No Apparent Injury,NA,Not Distracted,MD,Passenger Car,Stopped in Traffic,35,No,2008,TOYOTA,COROLLA,39.05193197,-77.07541746,2025,10,6
250045525,Property Damage Crash,10/10/2025 06:56:00 AM,VEIRS MILL RD,NA,Front to Rear,Clear,Dry,Medium,Traffic Control Signal,NONE DETECTED,No,No Apparent Injury,NA,Not Distracted,MD,Sport Utility Vehicle,Stopped in Traffic,35,No,2022,TOYOTA,RAV4,39.05193197,-77.07541746,2025,10,6
250045525,Property Damage Crash,10/10/2025 06:56:00 AM,VEIRS MILL RD,NA,Front to Rear,Clear,Dry,Medium,Traffic Control Signal,NONE DETECTED,No,NA,NA,NA,NA,Sport Utility Vehicle,Slowing or Stopping,35,No,2013,CHEVROLET,EQUINOX,39.05193197,-77.07541746,2025,10,6
250045524,Property Damage Crash,10/10/2025 05:59:00 AM,NA,NA,Single Vehicle,Clear,Dry,Medium,Traffic Control Signal,NONE DETECTED,Yes,No Apparent Injury,Too Fast For Conditions,Unknown,MD,Passenger Car,Moving Constant Speed,40,No,2019,TOYOTA,COROLLA,39.2332885,-77.23770217,2025,10,5
250045520,Property Damage Crash,10/10/2025 01:08:00 AM,LEWISDALE RD,NA,Front to Rear,Clear,Dry,Dark,No Controls,NONE DETECTED,No,No Apparent Injury,NA,Not Distracted,MD,Passenger Car,Moving Constant Speed,40,No,2014,TOYOTA,COROLLA,39.28813033,-77.28939883,2025,10,1
250045515,Property Damage Crash,10/10/2025 12:00:00 AM,NA,NA,Single Vehicle,Clear,Dry,Dark,No Controls,NONE DETECTED,No,No Apparent Injury,NA,Not Distracted,MD,Sport Utility Vehicle,Moving Constant Speed,50,No,2025,DODGE,DURANGO,39.1836485,-77.416974,2025,10,0
250045500,Injury Crash,10/09/2025 09:36:00 PM,FREDERICK RD,NA,Angle,Clear,Dry,Medium,No Controls,NONE DETECTED,Yes,No Apparent Injury,Improper Turn,Unknown,MD,Passenger Car,Turning Right,40,No,2019,HONDA,ODYSSEY,39.16489909,-77.22733383,2025,10,21
250045500,Injury Crash,10/09/2025 09:36:00 PM,FREDERICK RD,NA,Angle,Clear,Dry,Medium,No Controls,NONE DETECTED,No,Possible Minor Injury,NA,Not Distracted,MD,Passenger Car,Moving Constant Speed,40,No,2005,ACURA,TL,39.16489909,-77.22733383,2025,10,21
250045502,Property Damage Crash,10/09/2025 09:33:00 PM,WOODFIELD RD,NA,Angle,Clear,Dry,Medium,Traffic Control Signal,NONE DETECTED,No,NA,NA,NA,NA,Passenger Car,Turning Left,35,No,2014,MERCEDES-BENZ,C-CLASS,39.15898971,-77.16040254,2025,10,21
250045502,Property Damage Crash,10/09/2025 09:33:00 PM,WOODFIELD RD,NA,Angle,Clear,Dry,Medium,Traffic Control Signal,NONE DETECTED,No,No Apparent Injury,NA,Not Distracted,MD,Passenger Car,Moving Constant Speed,35,No,2014,DODGE,CHARGER,39.15898971,-77.16040254,2025,10,21
250045497,Property Damage Crash,10/09/2025 09:02:00 PM,ODENDHAL AVE (EB/L),NA,Angle,Clear,Dry,Dark,Traffic Control Signal,NONE DETECTED,No,No Apparent Injury,NA,Not Distracted,MD,Sport Utility Vehicle,Stopped in Traffic,30,No,2023,TOYOTA,RAV4,39.152223,-77.19603363,2025,10,21