Local Case Number,ACRS Report Type,Crash Date/Time,Road Name,Related Non-Motorist,Collision Type,Weather,Surface Condition,Light,Traffic Control,Driver Substance Abuse,Driver At Fault,Injury Severity,Circumstance,Driver Distracted By,Drivers License State,Vehicle Body Type,Vehicle Movement,Speed Limit,Driverless Vehicle,Vehicle Year,Vehicle Make,Vehicle Model,Latitude,Longitude,Year,Month,Hour
250045497,Property Damage Crash,10/09/2025 09:02:00 PM,ODENDHAL AVE (EB/L),NA,Angle,Clear,Dry,Dark,Traffic Control Signal,NONE DETECTED,No,No Apparent Injury,NA,Unknown,MD,Bus - Transit,Changing Lanes,30,No,2017,GILLIG,LOW FLOOR BUS,39.152223,-77.19603363,2025,10,21
250045490,Injury Crash,10/09/2025 08:45:00 PM,APPLE RIDGE RD,NA,Front to Front,Clear,Dry,Medium,Traffic Control Signal,NONE DETECTED,Yes,No Apparent Injury,Failed to Yield Right-of-Way,Unknown,MD,Passenger Car,Turning Left,35,No,2015,HONDA,ACCORD,39.1843605,-77.210987,2025,10,20
250045490,Injury Crash,10/09/2025 08:45:00 PM,APPLE RIDGE RD,NA,Front to Front,Clear,Dry,Medium,Traffic Control Signal,NONE DETECTED,No,Possible Minor Injury,NA,Not Distracted,MD,Passenger Car,Moving Constant Speed,35,No,2021,KIA,RIO,39.1843605,-77.210987,2025,10,20
250045495,Property Damage Crash,10/09/2025 08:30:00 PM,NA,NA,Angle,Clear,Dry,Dark,No Controls,NONE DETECTED,No,No Apparent Injury,NA,Not Distracted,MD,Passenger Car,Moving Constant Speed,35,No,2022,HONDA,CR-V,39.13814373,-77.14425745,2025,10,20
250045495,Property Damage Crash,10/09/2025 08:30:00 PM,NA,NA,Angle,Clear,Dry,Dark,No Controls,NONE DETECTED,No,No Apparent Injury,NA,Not Distracted,MD,Pickup,Turning Left,35,No,2009,CHEVROLET,SILVERADO,39.13814373,-77.14425745,2025,10,20
250045489,Injury Crash,10/09/2025 08:10:00 PM,GRUBB RD,NA,Other,Clear,Dry,Medium,Traffic Control Signal,NONE DETECTED,No,No Apparent Injury,NA,Not Distracted,MD,Sport Utility Vehicle,Turning Left,35,No,2018,HONDA,CR-V,38.99380457,-77.05203793,2025,10,20
250045489,Injury Crash,10/09/2025 08:10:00 PM,GRUBB RD,NA,Other,Clear,Dry,Medium,Traffic Control Signal,NONE DETECTED,No,Possible Minor Injury,NA,Unknown,NA,Passenger Car,Moving Constant Speed,35,No,2018,HONDA,ACCORD,38.99380457,-77.05203793,2025,10,20
250045480,Injury Crash,10/09/2025 07:47:00 PM,UNIVERSITY BLVD,NA,"Sideswipe, Same Direction",Clear,Dry,Medium,No Controls,NONE DETECTED,No,No Apparent Injury,NA,Not Distracted,MD,Passenger Car,NA,25,No,2010,MAZDA,MAZDA3,38.98717173,-76.98508264,2025,10,19
250045480,Injury Crash,10/09/2025 07:47:00 PM,UNIVERSITY BLVD,NA,"Sideswipe, Same Direction",Clear,Dry,Medium,No Controls,NONE DETECTED,No,Possible Minor Injury,NA,Unknown,NA,Unknown,NA,25,No,2024,YAMAHA,MTN320 (MT-03),38.98717173,-76.98508264,2025,10,19
250045473,Injury Crash,10/09/2025 07:13:00 PM,MUDDY BRANCH RD (SB/L),NA,Other,Clear,Dry,Medium,Traffic Control Signal,NONE DETECTED,Yes,No Apparent Injury,NA,Unknown,MD,Passenger Car,Turning Left,35,No,2016,SUBARU,OUTBACK,39.14009355,-77.20501953,2025,10,19
250045473,Injury Crash,10/09/2025 07:13:00 PM,MUDDY BRANCH RD (SB/L),NA,Other,Clear,Dry,Medium,Traffic Control Signal,NONE DETECTED,No,Possible Minor Injury,NA,Unknown,MD,Passenger Car,Moving Constant Speed,35,No,2004,CHEVROLET,CAVALIER,39.14009355,-77.20501953,2025,10,19
250045462,Property Damage Crash,10/09/2025 05:55:00 PM,RANDOLPH RD,NA,Front to Rear,Clear,Dry,Daylight,No Controls,NONE DETECTED,No,No Apparent Injury,NA,Not Distracted,MD,Passenger Car,Stopped in Traffic,35,No,2024,HONDA,ACCORD,39.07515297,-77.00442906,2025,10,17
250045462,Property Damage Crash,10/09/2025 05:55:00 PM,RANDOLPH RD,NA,Front to Rear,Clear,Dry,Daylight,No Controls,NONE DETECTED,Yes,No Apparent Injury,Followed Too Closely,Unknown,NA,Sport Utility Vehicle,Slowing or Stopping,35,No,2018,TOYOTA,4-RUNNER,39.07515297,-77.00442906,2025,10,17
250045460,Injury Crash,10/09/2025 05:35:00 PM,LAUDERDALE DR,NA,Other,Clear,Dry,Daylight,Traffic Control Signal,NONE DETECTED,Yes,Possible Minor Injury,NA,Not Distracted,MD,Passenger Car,Turning Left,35,No,2016,TOYOTA,COROLLA,39.05353165,-77.1041587,2025,10,17
250045460,Injury Crash,10/09/2025 05:35:00 PM,LAUDERDALE DR,NA,Other,Clear,Dry,Daylight,Traffic Control Signal,NONE DETECTED,No,No Apparent Injury,NA,Not Distracted,MD,Passenger Car,Moving Constant Speed,35,No,2017,ACURA,ILX,39.05353165,-77.1041587,2025,10,17
250045457,Property Damage Crash,10/09/2025 05:30:00 PM,NA,NA,Front to Rear,Clear,Dry,Daylight,No Controls,NONE DETECTED,No,No Apparent Injury,"Operated Motor Vehicle in Inattentive, Careless, Negligent, or Erratic Manner, Other Improper Action","Other Action (looking away from task, etc.)",MD,Passenger Car,Moving Constant Speed,40,No,2012,KIA,SPORTAGE,39.27200667,-77.204580000000007,2025,10,17
250045457,Property Damage Crash,10/09/2025 05:30:00 PM,NA,NA,Front to Rear,Clear,Dry,Daylight,No Controls,NONE DETECTED,No,No Apparent Injury,NA,Not Distracted,MD,Sport Utility Vehicle,Stopped in Traffic,40,No,2023,HONDA,PILOT,39.27200667,-77.204580000000007,2025,10,17
250045459,Injury Crash,10/09/2025 05:23:00 PM,FALLS RD (SB/L),NA,Rear To Side,Clear,Dry,Daylight,Traffic Control Signal,NONE DETECTED,Yes,Possible Minor Injury,Failed to Yield Right-of-Way,Not Distracted,MD,Sport Utility Vehicle,Turning Left,35,No,2019,FORD,ESCAPE,39.06982805,-77.17010926,2025,10,17
250045459,Injury Crash,10/09/2025 05:23:00 PM,FALLS RD (SB/L),NA,Rear To Side,Clear,Dry,Daylight,Traffic Control Signal,NONE DETECTED,No,No Apparent Injury,NA,Not Distracted,MD,Passenger Car,Moving Constant Speed,35,No,2019,AUDI,A4,39.06982805,-77.17010926,2025,10,17
250045446,Injury Crash,10/09/2025 04:37:00 PM,SHAWNEE LA,NA,Front to Rear,Clear,Dry,Daylight,No Controls,NONE DETECTED,Yes,No Apparent Injury,"Operated Motor Vehicle in Inattentive, Careless, Negligent, or Erratic Manner",Unknown,MD,Passenger Car,Moving Constant Speed,35,No,2014,TOYOTA,CAMRY,39.228521,-77.27124283,2025,10,16
250045446,Injury Crash,10/09/2025 04:37:00 PM,SHAWNEE LA,NA,Front to Rear,Clear,Dry,Daylight,No Controls,NONE DETECTED,No,No Apparent Injury,NA,Not Distracted,MD,Passenger Car,Stopped in Traffic,35,No,2005,TOYOTA,CAMRY,39.228521,-77.27124283,2025,10,16
250045440,Property Damage Crash,10/09/2025 04:20:00 PM,SLIGO AVE,NA,Angle,Clear,Dry,Daylight,No Controls,NONE DETECTED,No,No Apparent Injury,NA,Not Distracted,MD,Passenger Car,Stopped in Traffic,35,No,2014,HONDA,CIVIC,38.99021957,-77.02355567,2025,10,16
250045440,Property Damage Crash,10/09/2025 04:20:00 PM,SLIGO AVE,NA,Angle,Clear,Dry,Daylight,No Controls,NONE DETECTED,Yes,No Apparent Injury,Failed to Yield Right-of-Way,Not Distracted,MD,Passenger Car,Entering Traffic Lane,25,No,2019,TOYOTA,C-HR,38.99021957,-77.02355567,2025,10,16
250045441,Injury Crash,10/09/2025 04:19:00 PM,RAMP 3 FR MD 200 EB TO MD 650 NB,NA,Rear To Rear,Clear,Dry,Daylight,Traffic Control Signal,NONE DETECTED,No,Possible Minor Injury,NA,Not Distracted,MD,Passenger Car,Stopped in Traffic,35,No,2017,TOYOTA,COROLLA,39.08774744,-77.00082344,2025,10,16
250045441,Injury Crash,10/09/2025 04:19:00 PM,RAMP 3 FR MD 200 EB TO MD 650 NB,NA,Rear To Rear,Clear,Dry,Daylight,Traffic Control Signal,NONE DETECTED,Yes,No Apparent Injury,NA,"Other Action (looking away from task, etc.)",MD,Passenger Car,Slowing or Stopping,35,No,2007,HONDA,FIT,39.08774744,-77.00082344,2025,10,16
250045444,Injury Crash,10/09/2025 04:10:00 PM,NEW HAMPSHIRE AVE (SB/L),NA,"Sideswipe, Same Direction",Clear,Dry,Daylight,Flashing Traffic Control Signal,NONE DETECTED,No,No Apparent Injury,NA,Unknown,VA,Truck Tractor,Moving Constant Speed,25,No,2000,KENWORTH,T800,38.97534847,-76.99429861,2025,10,16
250045444,Injury Crash,10/09/2025 04:10:00 PM,NEW HAMPSHIRE AVE (SB/L),NA,"Sideswipe, Same Direction",Clear,Dry,Daylight,Flashing Traffic Control Signal,NONE DETECTED,No,Possible Minor Injury,NA,Unknown,MD,Passenger Car,Changing Lanes,25,No,2020,KIA,RIO,38.97534847,-76.99429861,2025,10,16
250045436,Injury Crash,10/09/2025 04:06:00 PM,FENTON ST,Pedestrian,Single Vehicle,Clear,Dry,Daylight,Stop Sign,NONE DETECTED,No,No Apparent Injury,NA,Not Distracted,MD,Passenger Car,Moving Constant Speed,30,No,2015,TOYOTA,CAMRY,38.98566543,-77.02291417,2025,10,16
250045433,Injury Crash,10/09/2025 03:50:00 PM,BALLARD ST,NA,Front to Rear,Clear,Dry,Daylight,No Controls,NONE DETECTED,No,No Apparent Injury,NA,Not Distracted,MD,Pickup,Slowing or Stopping,30,No,2021,FORD,F-150,39.00082283,-77.03319183,2025,10,15
250045433,Injury Crash,10/09/2025 03:50:00 PM,BALLARD ST,NA,Front to Rear,Clear,Dry,Daylight,No Controls,NONE DETECTED,Yes,No Apparent Injury,NA,Not Distracted,VA,Passenger Car,Slowing or Stopping,30,No,2017,TOYOTA,TACOMA,39.00082283,-77.03319183,2025,10,15
250045433,Injury Crash,10/09/2025 03:50:00 PM,BALLARD ST,NA,Front to Rear,Clear,Dry,Daylight,No Controls,NONE DETECTED,Yes,Possible Minor Injury,NA,Not Distracted,MD,Passenger Car,Slowing or Stopping,30,No,2006,ACURA,TL,39.00082283,-77.03319183,2025,10,15
250045431,Injury Crash,10/09/2025 03:35:00 PM,LAYHILL RD (SB/L),NA,Single Vehicle,Clear,Dry,Daylight,Traffic Control Signal,NONE DETECTED,No,No Apparent Injury,NA,Not Distracted,MD,Van - Passenger (&lt;9 Seats),Parked,40,No,2023,TOYOTA,SIENNA,39.09888531,-77.04280338,2025,10,15
250045431,Injury Crash,10/09/2025 03:35:00 PM,LAYHILL RD (SB/L),NA,Single Vehicle,Clear,Dry,Daylight,Traffic Control Signal,NONE DETECTED,Yes,Suspected Serious Injury,NA,Not Distracted,DC,Single-Unit Truck,Turning Right,40,No,2002,MACK,CV (GRANITE),39.09888531,-77.04280338,2025,10,15
250045428,Injury Crash,10/09/2025 03:25:00 PM,PARKING LOT CUT THRU CUT,NA,Front to Front,Clear,Dry,Daylight,Traffic Control Signal,NONE DETECTED,Yes,No Apparent Injury,NA,Unknown,MD,Passenger Car,Turning Left,35,No,2023,HONDA,ACCORD,39.02497972,-77.12522556,2025,10,15
250045428,Injury Crash,10/09/2025 03:25:00 PM,PARKING LOT CUT THRU CUT,NA,Front to Front,Clear,Dry,Daylight,Traffic Control Signal,NONE DETECTED,No,Possible Minor Injury,NA,Not Distracted,MD,Passenger Car,Stopped in Traffic,25,No,2013,TOYOTA,COROLLA,39.02497972,-77.12522556,2025,10,15
250045428,Injury Crash,10/09/2025 03:25:00 PM,PARKING LOT CUT THRU CUT,NA,Front to Front,Clear,Dry,Daylight,Traffic Control Signal,NONE DETECTED,No,No Apparent Injury,NA,Not Distracted,DC,Passenger Car,Stopped in Traffic,25,No,2005,TOYOTA,COROLLA,39.02497972,-77.12522556,2025,10,15
250045429,Fatal Crash,10/09/2025 03:12:00 PM,RUSSETT RD,Cyclist (non-electric),Single Vehicle,Clear,Dry,Daylight,Pedestrian Crossing Sign,NONE DETECTED,No,No Apparent Injury,NA,Not Distracted,MD,Bus - School,Turning Right,25,No,2019,THOMAS BUILT,HDX,39.08976697,-77.10529675,2025,10,15
250045424,Injury Crash,10/09/2025 03:01:00 PM,NA,Pedestrian,Single Vehicle,Clear,NA,Daylight,NA,NONE DETECTED,Yes,NA,NA,NA,NA,NA,NA,0,No,0,NA,NA,39.0595053,-77.06867229,2025,10,15
250045425,Injury Crash,10/09/2025 02:44:00 PM,CONNECTICUT AVE (SB/L),NA,Angle,Clear,Dry,Daylight,Traffic Control Signal,NONE DETECTED,Yes,Possible Minor Injury,"Disregarded Other Road Markings, Failed to Yield Right-of-Way, Operated Motor Vehicle in Inattentive, Careless, Negligent, or Erratic Manner, Ran Red Light",Unknown,VA,Passenger Car,Moving Constant Speed,35,No,2016,VOLKSWAGEN,PASSAT,38.99992164,-77.07699269,2025,10,14
250045425,Injury Crash,10/09/2025 02:44:00 PM,CONNECTICUT AVE (SB/L),NA,Angle,Clear,Dry,Daylight,Traffic Control Signal,NONE DETECTED,No,Possible Minor Injury,NA,Not Distracted,MD,Passenger Car,Moving Constant Speed,30,No,2012,NISSAN,MURANO,38.99992164,-77.07699269,2025,10,14
250045401,Property Damage Crash,10/09/2025 02:30:00 PM,NEWPORT MILL RD,NA,Front to Rear,Clear,Dry,Daylight,No Controls,NONE DETECTED,No,No Apparent Injury,Other Improper Action,Not Distracted,MD,Passenger Car,Entering Traffic Lane,25,No,2021,NISSAN,ARMADA,39.03899989,-77.0705268,2025,10,14
250045411,Injury Crash,10/09/2025 02:00:00 PM,NA,Pedestrian,Single Vehicle,Clear,NA,Daylight,NA,NONE DETECTED,No,No Apparent Injury,"Failed to Yield Right-of-Way, Improper Backing",Unknown,MD,Passenger Car,Backing,0,No,2019,HONDA,ODYSSEY,39.11298382,-76.93506472,2025,10,14
250045527,Property Damage Crash,10/09/2025 01:36:00 PM,NA,NA,Rear To Rear,Clear,NA,Daylight,NA,NONE DETECTED,No,NA,NA,NA,NA,Sport Utility Vehicle,Backing,0,No,2018,TOYOTA,RAV4,39.15222356,-77.06256667,2025,10,13
250045404,Property Damage Crash,10/09/2025 01:08:00 PM,GERMANTOWN RD (SB/L),NA,Front to Rear,Clear,Dry,Daylight,No Controls,NONE DETECTED,No,No Apparent Injury,NA,Not Distracted,MD,Passenger Car,Stopped in Traffic,45,No,2008,HONDA,ACCORD,39.19176667,-77.24466667,2025,10,13
250045404,Property Damage Crash,10/09/2025 01:08:00 PM,GERMANTOWN RD (SB/L),NA,Front to Rear,Clear,Dry,Daylight,No Controls,NONE DETECTED,Yes,No Apparent Injury,"Operated Motor Vehicle in Inattentive, Careless, Negligent, or Erratic Manner",Unknown,MD,Passenger Car,Moving Constant Speed,45,No,2020,CHEVROLET,CAMARO,39.19176667,-77.24466667,2025,10,13
250045404,Property Damage Crash,10/09/2025 01:08:00 PM,GERMANTOWN RD (SB/L),NA,Front to Rear,Clear,Dry,Daylight,No Controls,NONE DETECTED,No,No Apparent Injury,NA,Not Distracted,MD,Passenger Car,Stopped in Traffic,45,No,2015,TOYOTA,CAMRY,39.19176667,-77.24466667,2025,10,13
250045405,Injury Crash,10/09/2025 01:01:00 PM,FISHER AVE,NA,Angle,Clear,Dry,Daylight,Stop Sign,NONE DETECTED,No,Possible Minor Injury,NA,Not Distracted,NA,Passenger Car,Accelerating,25,No,2005,HONDA,ACCORD,39.14238667,-77.40745333,2025,10,13
250045405,Injury Crash,10/09/2025 01:01:00 PM,FISHER AVE,NA,Angle,Clear,Dry,Daylight,No Controls,NONE DETECTED,No,Possible Minor Injury,NA,Not Distracted,MD,Pickup,Moving Constant Speed,30,No,2023,GMC,SIERRA,39.14238667,-77.40745333,2025,10,13
250045402,Property Damage Crash,10/09/2025 12:47:00 PM,UNIVERSITY BLVD W,NA,"Sideswipe, Same Direction",Clear,Dry,Daylight,No Controls,NONE DETECTED,No,NA,NA,NA,NA,Passenger Car,Changing Lanes,30,No,2026,KIA,SPORTAGE,39.04136496,-77.05202922,2025,10,12
250045402,Property Damage Crash,10/09/2025 12:47:00 PM,UNIVERSITY BLVD W,NA,"Sideswipe, Same Direction",Clear,Dry,Daylight,No Controls,NONE DETECTED,No,No Apparent Injury,NA,Not Distracted,MD,Passenger Car,Slowing or Stopping,30,No,2023,TOYOTA,CAMRY,39.04136496,-77.05202922,2025,10,12
250045392,Property Damage Crash,10/09/2025 12:13:00 PM,EISENHOWER MEMORIAL HWY,NA,Front to Rear,Clear,Dry,Daylight,No Controls,NONE DETECTED,No,No Apparent Injury,NA,Not Distracted,MD,Passenger Car,Slowing or Stopping,55,No,2023,HYUNDAI,TUCSON,39.26039091,-77.30794731,2025,10,12
250045392,Property Damage Crash,10/09/2025 12:13:00 PM,EISENHOWER MEMORIAL HWY,NA,Front to Rear,Clear,Dry,Daylight,No Controls,NONE DETECTED,Yes,No Apparent Injury,Followed Too Closely,Unknown,MD,Passenger Car,Moving Constant Speed,55,No,2015,ACURA,RDX,39.26039091,-77.30794731,2025,10,12
250045375,Property Damage Crash,10/09/2025 11:04:00 AM,SHADY GROVE RD,NA,Front to Rear,Clear,Dry,Daylight,Traffic Control Signal,NONE DETECTED,Yes,No Apparent Injury,Followed Too Closely,Not Distracted,MD,Passenger Car,Slowing or Stopping,35,No,2006,SUBARU,LEGACY,39.12242576,-77.17761272,2025,10,11
250045375,Property Damage Crash,10/09/2025 11:04:00 AM,SHADY GROVE RD,NA,Front to Rear,Clear,Dry,Daylight,Traffic Control Signal,NONE DETECTED,No,No Apparent Injury,NA,Not Distracted,MD,Sport Utility Vehicle,Slowing or Stopping,35,No,2018,CHEVROLET,EQUINOX,39.12242576,-77.17761272,2025,10,11
250045375,Property Damage Crash,10/09/2025 11:04:00 AM,SHADY GROVE RD,NA,Front to Rear,Clear,Dry,Daylight,Traffic Control Signal,NONE DETECTED,No,No Apparent Injury,NA,Not Distracted,MD,Sport Utility Vehicle,Slowing or Stopping,35,No,2025,NISSAN,PATHFINDER,39.12242576,-77.17761272,2025,10,11
250045361,Property Damage Crash,10/09/2025 09:32:00 AM,RIDGE RD (SB/L),NA,Front to Rear,Clear,Dry,Daylight,Other,NONE DETECTED,Yes,No Apparent Injury,Followed Too Closely,Not Distracted,MD,Passenger Car,Slowing or Stopping,40,No,2016,FORD,FOCUS,39.24220167,-77.23481667,2025,10,9
250045361,Property Damage Crash,10/09/2025 09:32:00 AM,RIDGE RD (SB/L),NA,Front to Rear,Clear,Dry,Daylight,Other,NONE DETECTED,No,No Apparent Injury,NA,Not Distracted,MD,Passenger Car,Stopped in Traffic,40,No,2024,BMW,330I,39.24220167,-77.23481667,2025,10,9
250045360,Injury Crash,10/09/2025 09:30:00 AM,CAPITAL BELTWAY,NA,Front to Rear,Clear,Dry,Daylight,No Controls,NONE DETECTED,Yes,No Apparent Injury,Too Fast For Conditions,Not Distracted,VA,Sport Utility Vehicle,Moving Constant Speed,55,No,2025,BUICK,ENCLAVE,39.00656721,-77.06895563,2025,10,9
250045360,Injury Crash,10/09/2025 09:30:00 AM,CAPITAL BELTWAY,NA,Front to Rear,Clear,Dry,Daylight,No Controls,NONE DETECTED,No,Possible Minor Injury,NA,Not Distracted,MD,Sport Utility Vehicle,Slowing or Stopping,55,No,2015,TOYOTA,HIGHLANDER,39.00656721,-77.06895563,2025,10,9
250045359,Property Damage Crash,10/09/2025 09:00:00 AM,GEORGIA AVE,NA,Angle,Clear,Dry,Daylight,No Controls,NONE DETECTED,Yes,No Apparent Injury,Failed to Keep in Proper Lane,Not Distracted,MD,Passenger Car,Making U-Turn,30,No,2016,NISSAN,ALTIMA,39.01194445,-77.04145279,2025,10,9
250045359,Property Damage Crash,10/09/2025 09:00:00 AM,GEORGIA AVE,NA,Angle,Clear,Dry,Daylight,No Controls,NONE DETECTED,No,No Apparent Injury,NA,Not Distracted,MD,Passenger Car,Making U-Turn,30,No,2016,FORD,FUSION,39.01194445,-77.04145279,2025,10,9
250045354,Property Damage Crash,10/09/2025 08:30:00 AM,MCKNEW RD,NA,Single Vehicle,Clear,Dry,Daylight,No Controls,NONE DETECTED,No,No Apparent Injury,Other Improper Action,Not Distracted,MD,Bus - School,Turning Right,30,No,2022,FREIGHTLINER,B2 BUS CHASSIS,39.10170108,-76.9236774,2025,10,8
250045353,Injury Crash,10/09/2025 08:24:00 AM,S SUMMIT AVE,NA,Angle,Clear,Dry,Daylight,Stop Sign,NONE DETECTED,Yes,Possible Minor Injury,Failed to Yield Right-of-Way,Unknown,MD,Passenger Car,Turning Left,25,No,2025,MAZDA,CX-30,39.14056217,-77.19359667,2025,10,8
250045353,Injury Crash,10/09/2025 08:24:00 AM,S SUMMIT AVE,NA,Angle,Clear,Dry,Daylight,Traffic Control Signal,NONE DETECTED,No,Possible Minor Injury,NA,Unknown,MD,Passenger Car,Moving Constant Speed,25,No,2012,HONDA,CIVIC,39.14056217,-77.19359667,2025,10,8
250045348,Property Damage Crash,10/09/2025 07:18:00 AM,NA,NA,"Sideswipe, Opposite Direction",Clear,NA,Daylight,NA,NONE DETECTED,Yes,No Apparent Injury,"Over-Correcting/Over-Steering, Too Fast For Conditions",Unknown,MD,Passenger Car,Accelerating,0,No,2013,HONDA,CR-V,39.10735441,-77.06197547,2025,10,7
250045347,Injury Crash,10/09/2025 06:26:00 AM,RIDGE RD,NA,Front to Rear,Clear,Dry,Medium,No Controls,NONE DETECTED,No,Possible Minor Injury,NA,Not Distracted,MD,Sport Utility Vehicle,Moving Constant Speed,35,No,2021,JEEP,WRANGLER,39.30918574,-77.19775742,2025,10,6
250045347,Injury Crash,10/09/2025 06:26:00 AM,RIDGE RD,NA,Front to Rear,Clear,Dry,Medium,No Controls,NONE DETECTED,Yes,No Apparent Injury,"Operated Motor Vehicle in Inattentive, Careless, Negligent, or Erratic Manner",Not Distracted,MD,Sport Utility Vehicle,Moving Constant Speed,35,No,2013,TOYOTA,HIGHLANDER,39.30918574,-77.19775742,2025,10,6
250045333,Property Damage Crash,10/08/2025 09:58:00 PM,ROCKVILLE PIKE,NA,"Sideswipe, Same Direction",Clear,Dry,Medium,Traffic Control Signal,NONE DETECTED,No,No Apparent Injury,NA,Not Distracted,MD,Bus - Transit,Parked,35,No,2024,GILLIG,LOW FLOOR BUS,39.08502762,-77.14793641,2025,10,21
250045333,Property Damage Crash,10/08/2025 09:58:00 PM,ROCKVILLE PIKE,NA,"Sideswipe, Same Direction",Clear,Dry,Medium,Traffic Control Signal,NONE DETECTED,No,NA,NA,NA,NA,NA,Turning Right,35,No,0,NA,NA,39.08502762,-77.14793641,2025,10,21
250045328,Property Damage Crash,10/08/2025 09:22:00 PM,NEBEL ST,NA,Front to Front,Clear,Dry,Medium,Flashing Traffic Control Signal,NONE DETECTED,Yes,No Apparent Injury,Failed to Yield Right-of-Way,Not Distracted,MD,Passenger Car,Turning Left,35,No,2007,TOYOTA,AVALON,39.05333311,-77.11100231,2025,10,21
250045328,Property Damage Crash,10/08/2025 09:22:00 PM,NEBEL ST,NA,Front to Front,Clear,Dry,Medium,Traffic Control Signal,NONE DETECTED,No,No Apparent Injury,NA,Not Distracted,MD,Passenger Car,Moving Constant Speed,35,No,2016,CHEVROLET,CAMARO,39.05333311,-77.11100231,2025,10,21
250045310,Property Damage Crash,10/08/2025 07:39:00 PM,SNOUFFERS SCHOOL RD,NA,Front to Rear,Clear,Dry,Medium,Stop Sign,NONE DETECTED,Yes,No Apparent Injury,"Operated Motor Vehicle in Inattentive, Careless, Negligent, or Erratic Manner",Unknown,MD,Passenger Car,Accelerating,45,No,2007,BMW,550I,39.169273,-77.17618367,2025,10,19
250045310,Property Damage Crash,10/08/2025 07:39:00 PM,SNOUFFERS SCHOOL RD,NA,Front to Rear,Clear,Dry,Medium,No Controls,NONE DETECTED,No,No Apparent Injury,NA,Not Distracted,MD,Sport Utility Vehicle,Stopped in Traffic,45,No,2017,TOYOTA,RAV4,39.169273,-77.17618367,2025,10,19
250045303,Property Damage Crash,10/08/2025 07:15:00 PM,MIDDLEBROOK RD (WB/L),NA,Front to Rear,Clear,Dry,Daylight,Traffic Control Signal,NONE DETECTED,No,No Apparent Injury,NA,Not Distracted,MD,Passenger Car,Moving Constant Speed,35,No,2000,LEXUS,RX,39.18027435,-77.26844565,2025,10,19
250045303,Property Damage Crash,10/08/2025 07:15:00 PM,MIDDLEBROOK RD (WB/L),NA,Front to Rear,Clear,Dry,Daylight,Traffic Control Signal,NONE DETECTED,Yes,No Apparent Injury,NA,Unknown,MD,Passenger Car,Moving Constant Speed,35,No,2003,FORD,MUSTANG,39.18027435,-77.26844565,2025,10,19
250045307,Property Damage Crash,10/08/2025 07:10:00 PM,SHADY GROVE RD,NA,Angle,Clear,Dry,Medium,Traffic Control Signal,NONE DETECTED,No,No Apparent Injury,NA,Unknown,MD,Passenger Car,Turning Left,40,No,2017,DODGE,CHALLENGER,39.0909895,-77.204593,2025,10,19
250045307,Property Damage Crash,10/08/2025 07:10:00 PM,SHADY GROVE RD,NA,Angle,Clear,Dry,Medium,Traffic Control Signal,NONE DETECTED,No,No Apparent Injury,NA,Unknown,MD,Passenger Car,Moving Constant Speed,40,No,2016,NISSAN,PATHFINDER,39.0909895,-77.204593,2025,10,19
250045302,Property Damage Crash,10/08/2025 06:45:00 PM,NA,NA,Single Vehicle,Clear,Dry,Dark,No Controls,NONE DETECTED,No,No Apparent Injury,"Failed to Keep in Proper Lane, Operated Motor Vehicle in Inattentive, Careless, Negligent, or Erratic Manner, Ran Off Roadway",Unknown,NA,Passenger Car,Moving Constant Speed,35,No,2016,TOYOTA,COROLLA,39.15198,-77.28840167,2025,10,18
250045292,Injury Crash,10/08/2025 06:07:00 PM,NA,Pedestrian,Single Vehicle,Clear,NA,Daylight,NA,NONE DETECTED,Yes,No Apparent Injury,NA,Not Distracted,MD,Passenger Car,Slowing or Stopping,0,No,2015,NISSAN,TITAN,39.04301972,-76.98315592,2025,10,18