Local Case Number,ACRS Report Type,Crash Date/Time,Road Name,Related Non-Motorist,Collision Type,Weather,Surface Condition,Light,Traffic Control,Driver Substance Abuse,Driver At Fault,Injury Severity,Circumstance,Driver Distracted By,Drivers License State,Vehicle Body Type,Vehicle Movement,Speed Limit,Driverless Vehicle,Vehicle Year,Vehicle Make,Vehicle Model,Latitude,Longitude,Year,Month,Hour
250045288,Property Damage Crash,10/08/2025 05:45:00 PM,ROCKVILLE PIKE (SB/L),NA,Angle,Clear,Dry,Daylight,Traffic Control Signal,NONE DETECTED,Yes,No Apparent Injury,NA,Not Distracted,MD,Passenger Car,Making U-Turn,30,No,2008,PONTIAC,G5,39.08151176,-77.14618715,2025,10,17
250045288,Property Damage Crash,10/08/2025 05:45:00 PM,ROCKVILLE PIKE (SB/L),NA,Angle,Clear,Dry,Daylight,Traffic Control Signal,NONE DETECTED,No,No Apparent Injury,NA,Not Distracted,MD,Sport Utility Vehicle,Moving Constant Speed,30,No,2022,KIA,SORENTO,39.08151176,-77.14618715,2025,10,17
250045293,Property Damage Crash,10/08/2025 05:38:00 PM,ROCKVILLE PIKE,NA,Front to Rear,Clear,Dry,Daylight,No Controls,NONE DETECTED,Yes,No Apparent Injury,NA,Unknown,MD,Passenger Car,Slowing or Stopping,35,No,2006,NISSAN,SENTRA,39.04250767,-77.1106245,2025,10,17
250045293,Property Damage Crash,10/08/2025 05:38:00 PM,ROCKVILLE PIKE,NA,Front to Rear,Clear,Dry,Daylight,No Controls,NONE DETECTED,No,No Apparent Injury,NA,Not Distracted,MD,Sport Utility Vehicle,Stopped in Traffic,35,No,2020,AUDI,Q3,39.04250767,-77.1106245,2025,10,17
250045280,Property Damage Crash,10/08/2025 05:16:00 PM,NA,NA,Front to Rear,Clear,Dry,Daylight,Stop Sign,NONE DETECTED,No,No Apparent Injury,NA,Not Distracted,MD,Passenger Car,Stopped in Traffic,30,No,2010,HONDA,CIVIC,39.19635949,-77.12984655,2025,10,17
250045280,Property Damage Crash,10/08/2025 05:16:00 PM,NA,NA,Front to Rear,Clear,Dry,Daylight,Stop Sign,NONE DETECTED,Yes,No Apparent Injury,Followed Too Closely,Not Distracted,MD,Sport Utility Vehicle,Slowing or Stopping,30,No,2020,FORD,EXPLORER,39.19635949,-77.12984655,2025,10,17
250045262,Property Damage Crash,10/08/2025 04:26:00 PM,GERMANTOWN RD (SB/L),NA,Front to Front,Clear,Dry,Daylight,Traffic Control Signal,NONE DETECTED,Yes,No Apparent Injury,Failed to Yield Right-of-Way,Unknown,MD,Passenger Car,Turning Left,40,No,2015,LEXUS,IS,39.18329496,-77.25712733,2025,10,16
250045262,Property Damage Crash,10/08/2025 04:26:00 PM,GERMANTOWN RD (SB/L),NA,Front to Front,Clear,Dry,Daylight,Traffic Control Signal,NONE DETECTED,No,No Apparent Injury,NA,Not Distracted,MD,Passenger Car,Accelerating,40,No,2025,NISSAN,ALTIMA,39.18329496,-77.25712733,2025,10,16
250045261,Property Damage Crash,10/08/2025 04:00:00 PM,COLUMBIA BLVD,NA,"Sideswipe, Same Direction",Clear,Dry,Daylight,Traffic Control Signal,NONE DETECTED,Yes,No Apparent Injury,NA,Not Distracted,MD,Bus - School,Turning Right,25,No,2024,FREIGHTLINER,B2 106 ELECTRIC CONVENTIONAL CHASSIS,39.00872559,-77.0402001,2025,10,16
250045261,Property Damage Crash,10/08/2025 04:00:00 PM,COLUMBIA BLVD,NA,"Sideswipe, Same Direction",Clear,Dry,Daylight,Traffic Control Signal,NONE DETECTED,No,No Apparent Injury,NA,Not Distracted,MD,Passenger Car,Stopped in Traffic,25,No,2011,MAZDA,CX-9,39.00872559,-77.0402001,2025,10,16
250045259,Property Damage Crash,10/08/2025 03:48:00 PM,NA,NA,Front to Rear,Cloudy,Dry,Daylight,No Controls,NONE DETECTED,No,No Apparent Injury,NA,Not Distracted,MD,Sport Utility Vehicle,Stopped in Traffic,45,No,2020,DODGE,DURANGO,39.18951517,-77.15164435,2025,10,15
250045259,Property Damage Crash,10/08/2025 03:48:00 PM,NA,NA,Front to Rear,Cloudy,Dry,Daylight,No Controls,NONE DETECTED,Yes,No Apparent Injury,Followed Too Closely,Not Distracted,MD,Passenger Car,Slowing or Stopping,45,No,2013,NISSAN,SENTRA,39.18951517,-77.15164435,2025,10,15
250045257,Property Damage Crash,10/08/2025 03:16:00 PM,RUSSETT RD,NA,Front to Rear,Clear,Dry,Daylight,No Controls,NONE DETECTED,No,No Apparent Injury,NA,Not Distracted,VA,Van - Passenger (&lt;9 Seats),Slowing or Stopping,30,No,2016,NISSAN,NV,39.08954936,-77.10535688,2025,10,15
250045257,Property Damage Crash,10/08/2025 03:16:00 PM,RUSSETT RD,NA,Front to Rear,Clear,Dry,Daylight,No Controls,NONE DETECTED,Yes,No Apparent Injury,NA,Unknown,PA,Sport Utility Vehicle,Slowing or Stopping,30,No,2021,GMC,ACADIA,39.08954936,-77.10535688,2025,10,15
250045248,Property Damage Crash,10/08/2025 02:47:00 PM,COLESVILLE RD,NA,Angle,Clear,Dry,Daylight,No Controls,NONE DETECTED,No,No Apparent Injury,NA,Not Distracted,MD,Passenger Car,Moving Constant Speed,30,No,2015,ACURA,RDX,38.9962422,-77.0279267,2025,10,14
250045248,Property Damage Crash,10/08/2025 02:47:00 PM,COLESVILLE RD,NA,Angle,Clear,Dry,Daylight,No Controls,NONE DETECTED,Yes,No Apparent Injury,Failed to Keep in Proper Lane,Not Distracted,MD,Passenger Car,Changing Lanes,30,No,2013,FORD,FUSION,38.9962422,-77.0279267,2025,10,14
250045241,Injury Crash,10/08/2025 01:44:00 PM,WOODFIELD RD,NA,Front to Front,Clear,Dry,Daylight,Stop Sign,NONE DETECTED,No,Possible Minor Injury,NA,Not Distracted,MD,Passenger Car,Moving Constant Speed,40,No,2024,KIA,NIRO,39.27836379,-77.20373552,2025,10,13
250045241,Injury Crash,10/08/2025 01:44:00 PM,WOODFIELD RD,NA,Front to Front,Clear,Dry,Daylight,Stop Sign,NONE DETECTED,Yes,Possible Minor Injury,Failed to Yield Right-of-Way,Unknown,MD,Passenger Car,Turning Left,40,No,2006,VOLVO,S60,39.27836379,-77.20373552,2025,10,13
250045234,Property Damage Crash,10/08/2025 01:34:00 PM,NA,NA,Angle,Clear,Dry,Daylight,No Controls,NONE DETECTED,Yes,No Apparent Injury,NA,Not Distracted,MD,Bus - Mini,Entering Traffic Lane,35,No,2020,FORD,F-550,39.11036333,-76.9339895,2025,10,13
250045234,Property Damage Crash,10/08/2025 01:34:00 PM,NA,NA,Angle,Clear,Dry,Daylight,No Controls,NONE DETECTED,No,No Apparent Injury,NA,Not Distracted,MD,Passenger Car,Accelerating,25,No,2018,MAZDA,MAZDA3,39.11036333,-76.9339895,2025,10,13
250045224,Injury Crash,10/08/2025 12:28:00 PM,REDLAND BLVD,Pedestrian,Single Vehicle,Clear,Dry,Daylight,Pedestrian Crossing Sign,NONE DETECTED,Yes,No Apparent Injury,NA,Not Distracted,MD,Single-Unit Truck,Moving Constant Speed,30,No,2000,FORD,F-450,39.11472688,-77.16721465,2025,10,12
250045204,Injury Crash,10/08/2025 10:49:00 AM,MATENY RD,NA,Front to Rear,Cloudy,Wet,Daylight,No Controls,NONE DETECTED,Yes,Possible Minor Injury,NA,"Other Action (looking away from task, etc.)",MD,Passenger Car,Moving Constant Speed,30,No,2015,JEEP,GRAND CHEROKEE,39.15005333,-77.268655,2025,10,10
250045204,Injury Crash,10/08/2025 10:49:00 AM,MATENY RD,NA,Front to Rear,Cloudy,Wet,Daylight,No Controls,NONE DETECTED,No,Possible Minor Injury,NA,Not Distracted,MD,Passenger Car,Turning Left,30,No,2005,MERCEDES-BENZ,E-CLASS,39.15005333,-77.268655,2025,10,10
250045201,Property Damage Crash,10/08/2025 10:00:00 AM,LOST KNIFE RD (NB/L),NA,Angle,Cloudy,Dry,Daylight,Traffic Control Signal,NONE DETECTED,Yes,No Apparent Injury,Failed to Yield Right-of-Way,Unknown,MD,Passenger Car,Turning Left,35,No,2024,KIA,SPORTAGE,39.15508933,-77.20111983,2025,10,10
250045201,Property Damage Crash,10/08/2025 10:00:00 AM,LOST KNIFE RD (NB/L),NA,Angle,Cloudy,Dry,Daylight,Traffic Control Signal,NONE DETECTED,No,No Apparent Injury,NA,Not Distracted,MD,Bus - Transit,Moving Constant Speed,35,No,2019,GILLIG,LOW FLOOR BUS,39.15508933,-77.20111983,2025,10,10
250045188,Injury Crash,10/08/2025 08:10:00 AM,NA,NA,Single Vehicle,Cloudy,Wet,Daylight,Traffic Control Signal,NONE DETECTED,No,Possible Minor Injury,NA,Unknown,MD,Sport Utility Vehicle,Slowing or Stopping,30,No,2023,HONDA,HR-V,39.11645956,-77.20781272,2025,10,8
250045190,Injury Crash,10/08/2025 08:07:00 AM,PUNCH ST,NA,Single Vehicle,Rain,Wet,Daylight,No Controls,NONE DETECTED,Yes,Suspected Serious Injury,"Operated Motor Vehicle in Inattentive, Careless, Negligent, or Erratic Manner, Ran Off Roadway",Not Distracted,MD,Passenger Car,Moving Constant Speed,10,No,2012,TOYOTA,SIENNA,39.0883045,-77.04220983,2025,10,8
250045187,Property Damage Crash,10/08/2025 08:00:00 AM,CULVER ST,NA,Angle,Rain,Wet,Daylight,Stop Sign,NONE DETECTED,Yes,No Apparent Injury,Failed to Yield Right-of-Way,Not Distracted,MD,Passenger Car,Turning Left,35,No,2015,HONDA,CIVIC,39.00935599,-77.08088304,2025,10,8
250045187,Property Damage Crash,10/08/2025 08:00:00 AM,CULVER ST,NA,Angle,Rain,Wet,Daylight,Stop Sign,NONE DETECTED,No,No Apparent Injury,NA,Not Distracted,MD,Passenger Car,Moving Constant Speed,35,No,2017,VOLKSWAGEN,PASSAT,39.00935599,-77.08088304,2025,10,8
250045181,Property Damage Crash,10/08/2025 07:46:00 AM,WASHINGTON AVE (NB/L),NA,Front to Front,Cloudy,Wet,Daylight,Traffic Control Signal,NONE DETECTED,No,No Apparent Injury,NA,Not Distracted,MD,Bus - Transit,Turning Right,35,No,2012,NEW FLYER,XCELSIOR,38.99500189,-77.04559031,2025,10,7
250045181,Property Damage Crash,10/08/2025 07:46:00 AM,WASHINGTON AVE (NB/L),NA,Front to Front,Cloudy,Wet,Daylight,Traffic Control Signal,NONE DETECTED,No,No Apparent Injury,NA,Not Distracted,MD,Bus - School,Turning Right,35,No,2019,FREIGHTLINER,B2 BUS CHASSIS,38.99500189,-77.04559031,2025,10,7
250045184,Property Damage Crash,10/08/2025 07:45:00 AM,ROCKVILLE PIKE (SB/L),NA,Rear To Side,Rain,Wet,Daylight,No Controls,NONE DETECTED,No,No Apparent Injury,NA,Unknown,MD,Passenger Car,Moving Constant Speed,45,No,2024,TESLA,MODEL Y,39.0754037,-77.13721339,2025,10,7
250045184,Property Damage Crash,10/08/2025 07:45:00 AM,ROCKVILLE PIKE (SB/L),NA,Rear To Side,Rain,Wet,Daylight,No Controls,NONE DETECTED,No,No Apparent Injury,NA,Unknown,MD,Passenger Car,Turning Left,45,No,2014,NISSAN,SENTRA,39.0754037,-77.13721339,2025,10,7
250045178,Injury Crash,10/08/2025 07:20:00 AM,RIVER RD,NA,Front to Rear,Rain,Wet,Daylight,Traffic Control Signal,NONE DETECTED,No,Possible Minor Injury,NA,Not Distracted,MD,Sport Utility Vehicle,Stopped in Traffic,35,No,2019,LAND ROVER,RANGE ROVER VELAR,38.98397787,-77.13832733,2025,10,7
250045178,Injury Crash,10/08/2025 07:20:00 AM,RIVER RD,NA,Front to Rear,Rain,Wet,Daylight,Traffic Control Signal,NONE DETECTED,Yes,No Apparent Injury,NA,Unknown,MD,Pickup,Moving Constant Speed,35,No,2024,GMC,CANYON,38.98397787,-77.13832733,2025,10,7
250045176,Property Damage Crash,10/08/2025 07:10:00 AM,NEW HAMPSHIRE AVE,NA,Front to Rear,Rain,Wet,Medium,No Controls,NONE DETECTED,No,No Apparent Injury,NA,Not Distracted,MD,Passenger Car,Moving Constant Speed,35,No,2010,TOYOTA,SIENNA,39.01599108,-76.97748617,2025,10,7
250045176,Property Damage Crash,10/08/2025 07:10:00 AM,NEW HAMPSHIRE AVE,NA,Front to Rear,Rain,Wet,Medium,No Controls,NONE DETECTED,No,No Apparent Injury,NA,Not Distracted,MD,Passenger Car,Slowing or Stopping,35,No,2017,JEEP,CHEROKEE,39.01599108,-76.97748617,2025,10,7
250045176,Property Damage Crash,10/08/2025 07:10:00 AM,NEW HAMPSHIRE AVE,NA,Front to Rear,Rain,Wet,Medium,No Controls,NONE DETECTED,No,No Apparent Injury,NA,Not Distracted,MD,Passenger Car,Slowing or Stopping,35,No,2025,TOYOTA,RAV4,39.01599108,-76.97748617,2025,10,7
250045175,Injury Crash,10/08/2025 07:05:00 AM,TRAVILAH RD,NA,Angle,Cloudy,Wet,Daylight,Stop Sign,NONE DETECTED,No,No Apparent Injury,NA,Not Distracted,MD,Passenger Car,Accelerating,30,No,2018,MASERATI,GHIBLI,39.06075994,-77.28218381,2025,10,7
25002171,Property Damage Crash,10/08/2025 07:05:00 AM,FREDERICK RD,NA,Front to Rear,Rain,Wet,Medium,Traffic Control Signal,NONE DETECTED,No,No Apparent Injury,NA,Not Distracted,MD,Passenger Car,Stopped in Traffic,40,No,2016,TOYOTA,COROLLA,39.21584229,-77.25296641,2025,10,7
250045175,Injury Crash,10/08/2025 07:05:00 AM,TRAVILAH RD,NA,Angle,Cloudy,Wet,Daylight,No Controls,NONE DETECTED,No,Possible Minor Injury,NA,Not Distracted,MD,Passenger Car,Moving Constant Speed,50,No,2025,TOYOTA,SIENNA,39.06075994,-77.28218381,2025,10,7
250045175,Injury Crash,10/08/2025 07:05:00 AM,TRAVILAH RD,NA,Angle,Cloudy,Wet,Daylight,Stop Sign,NONE DETECTED,No,No Apparent Injury,NA,Not Distracted,MD,Passenger Car,Stopped in Traffic,30,No,2024,LAND ROVER,DEFENDER,39.06075994,-77.28218381,2025,10,7
25002171,Property Damage Crash,10/08/2025 07:05:00 AM,FREDERICK RD,NA,Front to Rear,Rain,Wet,Medium,Traffic Control Signal,NONE DETECTED,No,No Apparent Injury,Other Improper Action,Not Distracted,WV,Sport Utility Vehicle,Slowing or Stopping,40,No,2018,CHEVROLET,TAHOE,39.21584229,-77.25296641,2025,10,7
250045172,Injury Crash,10/08/2025 06:37:00 AM,N SUMMIT AVE,NA,Front to Front,Rain,Wet,Medium,Traffic Control Signal,NONE DETECTED,Yes,No Apparent Injury,NA,Not Distracted,MD,Passenger Car,Turning Left,25,No,2014,INFINITI,Q60,39.14423319,-77.19283205,2025,10,6
250045172,Injury Crash,10/08/2025 06:37:00 AM,N SUMMIT AVE,NA,Front to Front,Rain,Wet,Medium,Traffic Control Signal,NONE DETECTED,No,Possible Minor Injury,NA,Not Distracted,MD,Passenger Car,Moving Constant Speed,25,No,2002,NISSAN,FRONTIER,39.14423319,-77.19283205,2025,10,6
250045171,Injury Crash,10/08/2025 05:48:00 AM,ROCKVILLE PIKE (SB/L),NA,Angle,Rain,Wet,Dark,No Controls,NONE DETECTED,No,No Apparent Injury,NA,Not Distracted,MD,Passenger Car,Moving Constant Speed,35,No,2023,TOYOTA,RAV4,39.00399917,-77.09747717,2025,10,5
250045171,Injury Crash,10/08/2025 05:48:00 AM,ROCKVILLE PIKE (SB/L),NA,Angle,Rain,Wet,Dark,No Controls,NONE DETECTED,Yes,Possible Minor Injury,NA,Not Distracted,MD,Passenger Car,Changing Lanes,35,No,2015,NISSAN,SENTRA,39.00399917,-77.09747717,2025,10,5
250045167,Injury Crash,10/08/2025 05:01:00 AM,STRINGTOWN RD,NA,Front to Front,Clear,Wet,Medium,Flashing Traffic Control Signal,NONE DETECTED,No,Possible Minor Injury,NA,Not Distracted,MD,Passenger Car,Moving Constant Speed,40,No,2014,HONDA,ACCORD,39.23469154,-77.28127039,2025,10,5
250045167,Injury Crash,10/08/2025 05:01:00 AM,STRINGTOWN RD,NA,Front to Front,Clear,Wet,Medium,Flashing Traffic Control Signal,NONE DETECTED,No,No Apparent Injury,NA,Not Distracted,NA,Sport Utility Vehicle,Accelerating,35,No,2013,AUDI,Q7,39.23469154,-77.28127039,2025,10,5
250045167,Injury Crash,10/08/2025 05:01:00 AM,STRINGTOWN RD,NA,Front to Front,Clear,Wet,Medium,Flashing Traffic Control Signal,NONE DETECTED,No,No Apparent Injury,NA,Not Distracted,MD,Sport Utility Vehicle,Moving Constant Speed,35,No,2015,LEXUS,RX,39.23469154,-77.28127039,2025,10,5
250045166,Injury Crash,10/08/2025 03:00:00 AM,MILL RUN DR,NA,"Sideswipe, Opposite Direction",Rain,Wet,Medium,Traffic Control Signal,NONE DETECTED,No,No Apparent Injury,NA,Not Distracted,MD,Passenger Car,Moving Constant Speed,35,No,2010,CHEVROLET,COBALT,39.1451954,-77.1503058,2025,10,3
250045166,Injury Crash,10/08/2025 03:00:00 AM,MILL RUN DR,NA,"Sideswipe, Opposite Direction",Rain,Wet,Medium,Traffic Control Signal,NONE DETECTED,Yes,Possible Minor Injury,Failed to Yield Right-of-Way,Unknown,MD,Passenger Car,Moving Constant Speed,35,No,2023,MERCEDES-BENZ,GLA-CLASS,39.1451954,-77.1503058,2025,10,3
250045158,Property Damage Crash,10/07/2025 10:14:00 PM,FERRARA DR,NA,"Sideswipe, Same Direction",Clear,Dry,Medium,No Controls,NONE DETECTED,No,No Apparent Injury,NA,Unknown,NA,Passenger Car,Moving Constant Speed,25,No,2015,HYUNDAI,SONATA,39.0523644,-77.08218915,2025,10,22
250045154,Property Damage Crash,10/07/2025 09:55:00 PM,RIDGE RD,NA,Rear To Side,Rain,Wet,Medium,No Controls,NONE DETECTED,No,No Apparent Injury,NA,Not Distracted,MD,Bus - Transit,Turning Left,20,No,2017,GILLIG,LOW FLOOR BUS,39.13537033,-77.1749755,2025,10,21
250045154,Property Damage Crash,10/07/2025 09:55:00 PM,RIDGE RD,NA,Rear To Side,Rain,Wet,Medium,No Controls,NONE DETECTED,No,NA,NA,NA,NA,NA,Turning Left,20,No,0,NA,NA,39.13537033,-77.1749755,2025,10,21
250045140,Property Damage Crash,10/07/2025 07:40:00 PM,NA,NA,Single Vehicle,Clear,NA,Medium,NA,NONE DETECTED,Yes,No Apparent Injury,NA,Unknown,MD,Passenger Car,Turning Left,0,No,2011,HONDA,ODYSSEY,39.14542019,-77.14457274,2025,10,19
250045127,Property Damage Crash,10/07/2025 05:55:00 PM,BROADBIRCH DR,NA,Front to Front,Clear,Dry,Daylight,No Controls,NONE DETECTED,No,No Apparent Injury,NA,Not Distracted,MD,Passenger Car,Moving Constant Speed,30,No,2014,ACURA,TSX,39.05564209,-76.95592223,2025,10,17
250045127,Property Damage Crash,10/07/2025 05:55:00 PM,BROADBIRCH DR,NA,Front to Front,Clear,Dry,Daylight,Stop Sign,NONE DETECTED,Yes,No Apparent Injury,NA,Unknown,MD,Sport Utility Vehicle,Entering Traffic Lane,30,No,2020,FORD,ESCAPE,39.05564209,-76.95592223,2025,10,17
250045123,Injury Crash,10/07/2025 05:40:00 PM,LONGDRAFT RD (SB/L),Pedestrian,Unknown,Cloudy,Dry,Daylight,Traffic Control Signal,NONE DETECTED,No,No Apparent Injury,NA,Not Distracted,MD,Passenger Car,Moving Constant Speed,35,No,2020,BMW,X5,39.14831753,-77.23781669,2025,10,17
250045123,Injury Crash,10/07/2025 05:40:00 PM,LONGDRAFT RD (SB/L),Pedestrian,Unknown,Cloudy,Dry,Daylight,Traffic Control Signal,NONE DETECTED,Yes,Possible Minor Injury,Ran Red Light,Unknown,MD,Passenger Car,Moving Constant Speed,35,No,2019,TOYOTA,RAV4,39.14831753,-77.23781669,2025,10,17
250045123,Injury Crash,10/07/2025 05:40:00 PM,LONGDRAFT RD (SB/L),Pedestrian,Unknown,Cloudy,Dry,Daylight,Traffic Control Signal,NONE DETECTED,No,No Apparent Injury,NA,Not Distracted,MD,Passenger Car,Stopped in Traffic,35,No,2016,MAZDA,MAZDA3,39.14831753,-77.23781669,2025,10,17
250045125,Property Damage Crash,10/07/2025 05:30:00 PM,FREDERICK RD,NA,"Sideswipe, Same Direction",Clear,Dry,Daylight,Traffic Control Signal,NONE DETECTED,Yes,No Apparent Injury,NA,Unknown,MD,Sport Utility Vehicle,Moving Constant Speed,40,No,2008,MERCEDES-BENZ,G-CLASS,39.12428866,-77.18005836,2025,10,17
250045125,Property Damage Crash,10/07/2025 05:30:00 PM,FREDERICK RD,NA,"Sideswipe, Same Direction",Clear,Dry,Daylight,Traffic Control Signal,NONE DETECTED,Yes,No Apparent Injury,NA,Unknown,MD,Pickup,Moving Constant Speed,40,No,2002,TOYOTA,TACOMA,39.12428866,-77.18005836,2025,10,17
250045130,Property Damage Crash,10/07/2025 05:10:00 PM,ROCKVILLE PIKE (SB/L),NA,"Sideswipe, Same Direction",Clear,Dry,Daylight,Traffic Control Signal,NONE DETECTED,No,No Apparent Injury,NA,Not Distracted,MD,Passenger Car,Overtaking/Passing,35,No,2022,FORD,EXPLORER,39.07461129,-77.13609792,2025,10,17
250045130,Property Damage Crash,10/07/2025 05:10:00 PM,ROCKVILLE PIKE (SB/L),NA,"Sideswipe, Same Direction",Clear,Dry,Daylight,Traffic Control Signal,NONE DETECTED,No,No Apparent Injury,NA,Not Distracted,MD,Passenger Car,Stopped in Traffic,35,No,2025,TOYOTA,RAV4,39.07461129,-77.13609792,2025,10,17
250045103,Property Damage Crash,10/07/2025 04:41:00 PM,N PARK AVE,NA,Other,Cloudy,Dry,Daylight,Stop Sign,NONE DETECTED,No,No Apparent Injury,NA,Not Distracted,MD,Passenger Car,Making U-Turn,25,No,2000,TOYOTA,AVALON,38.96369354,-77.08938414,2025,10,16
250045103,Property Damage Crash,10/07/2025 04:41:00 PM,N PARK AVE,NA,Other,Cloudy,Dry,Daylight,Stop Sign,NONE DETECTED,No,No Apparent Injury,NA,Not Distracted,MD,Sport Utility Vehicle,Moving Constant Speed,25,No,2025,NISSAN,PATHFINDER,38.96369354,-77.08938414,2025,10,16
250045093,Injury Crash,10/07/2025 03:20:00 PM,SNOUFFERS SCHOOL RD,NA,"Sideswipe, Same Direction",Clear,Dry,Daylight,No Controls,NONE DETECTED,Yes,Possible Minor Injury,Other Improper Action,Not Distracted,MD,Passenger Car,Changing Lanes,35,No,2021,NISSAN,KICKS,39.17214717,-77.17838278,2025,10,15
250045093,Injury Crash,10/07/2025 03:20:00 PM,SNOUFFERS SCHOOL RD,NA,"Sideswipe, Same Direction",Clear,Dry,Daylight,No Controls,NONE DETECTED,No,No Apparent Injury,NA,Not Distracted,MD,Passenger Car,Moving Constant Speed,35,No,2013,LINCOLN,MKS,39.17214717,-77.17838278,2025,10,15
250045092,Property Damage Crash,10/07/2025 03:00:00 PM,MILLWOOD RD,NA,Angle,Clear,Dry,Daylight,No Controls,NONE DETECTED,Yes,NA,NA,NA,NA,NA,Turning Left,25,No,0,NA,NA,38.97670867,-77.1200855,2025,10,15
250045089,Property Damage Crash,10/07/2025 02:50:00 PM,BRINK RD,NA,Single Vehicle,Cloudy,Dry,Daylight,No Controls,ALCOHOL PRESENT,Yes,No Apparent Injury,"Failed to Keep in Proper Lane, Ran Off Roadway",Unknown,MD,Passenger Car,Moving Constant Speed,35,No,2010,HONDA,CIVIC,39.20765667,-77.22497667,2025,10,14
250045080,Injury Crash,10/07/2025 02:07:00 PM,GERMANTOWN RD (SB/L),NA,Angle,Cloudy,Dry,Daylight,Lane Use Control Signal,NONE DETECTED,Yes,No Apparent Injury,"Disregarded Other Traffic Sign, Failed to Yield Right-of-Way",Not Distracted,MD,Passenger Car,Turning Left,45,No,2020,TOYOTA,RAV4,39.1921594,-77.24267005,2025,10,14
250045080,Injury Crash,10/07/2025 02:07:00 PM,GERMANTOWN RD (SB/L),NA,Angle,Cloudy,Dry,Daylight,Traffic Control Signal,NONE DETECTED,No,Possible Minor Injury,NA,Not Distracted,MD,Passenger Car,Accelerating,40,No,2020,LEXUS,RX,39.1921594,-77.24267005,2025,10,14
250045081,Injury Crash,10/07/2025 01:54:00 PM,SHAKESPEARE BLVD,NA,"Sideswipe, Same Direction",Clear,Dry,Daylight,Lane Use Control Signal,NONE DETECTED,No,No Apparent Injury,NA,Not Distracted,MD,Passenger Car,Moving Constant Speed,40,No,2024,VOLKSWAGEN,JETTA,39.19292878,-77.23859371,2025,10,13
250045081,Injury Crash,10/07/2025 01:54:00 PM,SHAKESPEARE BLVD,NA,"Sideswipe, Same Direction",Clear,Dry,Daylight,Lane Use Control Signal,NONE DETECTED,Yes,No Apparent Injury,"Disregarded Other Road Markings, Failed to Keep in Proper Lane, Improper Passing, Improper Turn, Other Improper Action",Unknown,MD,Pickup,Changing Lanes,40,No,2020,RAM,2500,39.19292878,-77.23859371,2025,10,13
250045078,Property Damage Crash,10/07/2025 01:39:00 PM,FERRARA AVE,NA,Front to Rear,Cloudy,Dry,Daylight,Traffic Control Signal,NONE DETECTED,No,NA,NA,NA,NA,Sport Utility Vehicle,Backing,15,No,2006,JEEP,LIBERTY,39.05289996,-77.07693533,2025,10,13
250045078,Property Damage Crash,10/07/2025 01:39:00 PM,FERRARA AVE,NA,Front to Rear,Cloudy,Dry,Daylight,Traffic Control Signal,NONE DETECTED,No,No Apparent Injury,NA,Not Distracted,MD,Van - Passenger (&lt;9 Seats),Stopped in Traffic,15,No,2024,FORD,TRANSIT,39.05289996,-77.07693533,2025,10,13
250045072,Property Damage Crash,10/07/2025 01:30:00 PM,CAPITAL BELTWAY,NA,Other,Clear,Dry,Daylight,No Controls,NONE DETECTED,No,No Apparent Injury,NA,Not Distracted,MD,Passenger Car,Moving Constant Speed,55,No,2018,RAM,5500,39.0055125,-77.07601533,2025,10,13
250045072,Property Damage Crash,10/07/2025 01:30:00 PM,CAPITAL BELTWAY,NA,Other,Clear,Dry,Daylight,No Controls,NONE DETECTED,No,No Apparent Injury,NA,Not Distracted,MD,Passenger Car,Moving Constant Speed,55,No,2020,FORD,TRANSIT,39.0055125,-77.07601533,2025,10,13
250045072,Property Damage Crash,10/07/2025 01:30:00 PM,CAPITAL BELTWAY,NA,Other,Clear,Dry,Daylight,No Controls,NONE DETECTED,Yes,No Apparent Injury,NA,Unknown,TX,Passenger Car,Entering Traffic Lane,55,No,2022,SUBARU,ASCENT,39.0055125,-77.07601533,2025,10,13