Local Case Number,ACRS Report Type,Crash Date/Time,Road Name,Related Non-Motorist,Collision Type,Weather,Surface Condition,Light,Traffic Control,Driver Substance Abuse,Driver At Fault,Injury Severity,Circumstance,Driver Distracted By,Drivers License State,Vehicle Body Type,Vehicle Movement,Speed Limit,Driverless Vehicle,Vehicle Year,Vehicle Make,Vehicle Model,Latitude,Longitude,Year,Month,Hour
250045059,Injury Crash,10/07/2025 11:57:00 AM,CONNECTICUT AVE (SB/L),NA,Front to Rear,Clear,Dry,Daylight,No Controls,NONE DETECTED,No,No Apparent Injury,NA,Not Distracted,MD,Passenger Car,Slowing or Stopping,30,No,2020,TOYOTA,CAMRY,39.03105117,-77.07553967,2025,10,11
250045059,Injury Crash,10/07/2025 11:57:00 AM,CONNECTICUT AVE (SB/L),NA,Front to Rear,Clear,Dry,Daylight,No Controls,NONE DETECTED,No,No Apparent Injury,NA,Unknown,MD,Passenger Car,Slowing or Stopping,30,No,2006,BMW,650I,39.03105117,-77.07553967,2025,10,11
250045381,Property Damage Crash,10/07/2025 11:41:00 AM,EAST WEST HWY (WB/L),NA,Other,Clear,Dry,Daylight,No Controls,NONE DETECTED,No,No Apparent Injury,NA,Not Distracted,MD,Pickup,Stopped in Traffic,15,No,2022,GMC,CANYON,38.98488192,-77.09270135,2025,10,11
250045381,Property Damage Crash,10/07/2025 11:41:00 AM,EAST WEST HWY (WB/L),NA,Other,Clear,Dry,Daylight,No Controls,NONE DETECTED,No,NA,NA,NA,NA,Passenger Car,Backing,15,No,2012,TOYOTA,VENZA,38.98488192,-77.09270135,2025,10,11
250045052,Property Damage Crash,10/07/2025 11:11:00 AM,NA,NA,Unknown,Clear,NA,Daylight,NA,NONE DETECTED,No,NA,NA,NA,NA,Passenger Car,Slowing or Stopping,0,No,2009,DODGE,GRAND CARAVAN,39.02807753,-77.07599624,2025,10,11
250045033,Property Damage Crash,10/07/2025 09:32:00 AM,AMHERST AVE,NA,Single Vehicle,Clear,Dry,Daylight,Stop Sign,NONE DETECTED,No,No Apparent Injury,NA,Not Distracted,MD,Pickup,Turning Left,30,No,2012,TOYOTA,TACOMA,39.0362992,-77.04832987,2025,10,9
250045026,Injury Crash,10/07/2025 09:17:00 AM,COLUMBIA PIKE (SB/L),NA,Angle,Clear,Dry,Daylight,Traffic Control Signal,NONE DETECTED,Yes,No Apparent Injury,NA,"Other Action (looking away from task, etc.)",MD,Sport Utility Vehicle,Accelerating,55,No,2018,TOYOTA,HIGHLANDER,39.10430511,-76.93331833,2025,10,9
250045026,Injury Crash,10/07/2025 09:17:00 AM,COLUMBIA PIKE (SB/L),NA,Angle,Clear,Dry,Daylight,Traffic Control Signal,NONE DETECTED,No,Possible Minor Injury,NA,Not Distracted,MD,Sport Utility Vehicle,Moving Constant Speed,55,No,2019,LAND ROVER,RANGE ROVER SPORT,39.10430511,-76.93331833,2025,10,9
250045027,Property Damage Crash,10/07/2025 09:14:00 AM,ODENDHAL AVE (EB/L),NA,"Sideswipe, Same Direction",Clear,Dry,Daylight,Traffic Control Signal,NONE DETECTED,No,No Apparent Injury,NA,Not Distracted,MD,Passenger Car,Moving Constant Speed,25,No,2022,NISSAN,ALTIMA,39.15236373,-77.19243899,2025,10,9
250045027,Property Damage Crash,10/07/2025 09:14:00 AM,ODENDHAL AVE (EB/L),NA,"Sideswipe, Same Direction",Clear,Dry,Daylight,Traffic Control Signal,NONE DETECTED,Yes,No Apparent Injury,NA,Not Distracted,MD,Passenger Car,Entering Traffic Lane,25,No,2023,TOYOTA,RAV4,39.15236373,-77.19243899,2025,10,9
250045024,Property Damage Crash,10/07/2025 08:55:00 AM,THISTLEBRIDGE DR,NA,Front to Rear,Clear,Dry,Daylight,No Controls,NONE DETECTED,No,No Apparent Injury,Improper Backing,"Other Action (looking away from task, etc.)",MD,Single-Unit Truck,Backing,25,No,2013,HINO,CONVENTIONAL TYPE TRUCK,39.11763055,-77.08354227,2025,10,8
250045024,Property Damage Crash,10/07/2025 08:55:00 AM,THISTLEBRIDGE DR,NA,Front to Rear,Clear,Dry,Daylight,No Controls,NONE DETECTED,No,No Apparent Injury,NA,Not Distracted,MD,Bus - School,Stopped in Traffic,25,No,2018,THOMAS BUILT,HDX,39.11763055,-77.08354227,2025,10,8
250045020,Injury Crash,10/07/2025 08:29:00 AM,FAIRLAND RD,NA,Front to Front,Clear,Dry,Daylight,No Controls,NONE DETECTED,No,Possible Minor Injury,NA,Not Distracted,MD,Passenger Car,Moving Constant Speed,35,No,2019,NISSAN,ROGUE,39.076765,-76.96922967,2025,10,8
250045020,Injury Crash,10/07/2025 08:29:00 AM,FAIRLAND RD,NA,Front to Front,Clear,Dry,Daylight,No Controls,NONE DETECTED,No,No Apparent Injury,Other Improper Action,"Other Action (looking away from task, etc.)",MD,Passenger Car,Moving Constant Speed,35,No,2012,HONDA,FIT,39.076765,-76.96922967,2025,10,8
250045019,Injury Crash,10/07/2025 08:05:00 AM,NA,NA,Front to Rear,Clear,Dry,Daylight,No Controls,NONE DETECTED,Yes,No Apparent Injury,Followed Too Closely,Unknown,MD,Passenger Car,Slowing or Stopping,30,No,2019,HYUNDAI,SONATA,39.00261188,-77.00522703,2025,10,8
250045019,Injury Crash,10/07/2025 08:05:00 AM,NA,NA,Front to Rear,Clear,Dry,Daylight,No Controls,NONE DETECTED,No,Possible Minor Injury,NA,Not Distracted,MD,Sport Utility Vehicle,Stopped in Traffic,30,No,2020,TOYOTA,HIGHLANDER,39.00261188,-77.00522703,2025,10,8
250045018,Property Damage Crash,10/07/2025 07:54:00 AM,GREAT SENECA HWY,NA,Single Vehicle,Clear,Dry,Daylight,No Controls,NONE DETECTED,No,No Apparent Injury,NA,Not Distracted,MD,Passenger Car,Moving Constant Speed,50,No,2017,ACURA,RDX,39.11660117,-77.22335317,2025,10,7
250045037,Injury Crash,10/07/2025 06:46:00 AM,NEW HAMPSHIRE AVE (SB/L),Unknown,Single Vehicle,Clear,Dry,Daylight,Intersection Ahead Warning Sign,NONE DETECTED,No,No Apparent Injury,NA,NA,NA,Passenger Car,Turning Left,35,No,0,NA,NA,39.0113189,-76.9792602,2025,10,6
250045011,Injury Crash,10/07/2025 05:32:00 AM,COLUMBIA PIKE,Pedestrian,Single Vehicle,Clear,Dry,Dark,No Controls,NONE DETECTED,No,No Apparent Injury,NA,Not Distracted,MD,Passenger Car,Moving Constant Speed,45,No,2018,HONDA,PILOT,39.04775317,-76.98482317,2025,10,5
250044993,Property Damage Crash,10/06/2025 10:19:00 PM,ZION RD,NA,Angle,Clear,Dry,Medium,No Controls,NONE DETECTED,No,No Apparent Injury,NA,Not Distracted,MD,Passenger Car,Turning Left,50,No,2017,TOYOTA,COROLLA,39.17693417,-77.10060761,2025,10,22
250044993,Property Damage Crash,10/06/2025 10:19:00 PM,ZION RD,NA,Angle,Clear,Dry,Medium,No Controls,NONE DETECTED,Yes,No Apparent Injury,"Improper Passing, Operated Motor Vehicle in Inattentive, Careless, Negligent, or Erratic Manner",Not Distracted,MD,Passenger Car,Overtaking/Passing,50,No,2021,TOYOTA,CAMRY,39.17693417,-77.10060761,2025,10,22
250044990,Property Damage Crash,10/06/2025 09:14:00 PM,RIVER RD,NA,Single Vehicle,Clear,Dry,Medium,No Controls,NONE DETECTED,Yes,No Apparent Injury,"Swerved or Avoided Due to Wind, Slippery Surface, Motor Vehicle, Object, Non-Motorist in Roadway, etc",Not Distracted,VA,Passenger Car,Moving Constant Speed,40,No,2010,LEXUS,RX,38.99456327,-77.16506878,2025,10,21
250044985,Property Damage Crash,10/06/2025 07:49:00 PM,NA,NA,Unknown,Clear,NA,Medium,NA,NONE DETECTED,No,No Apparent Injury,NA,Not Distracted,MD,Passenger Car,Parked,0,No,2018,KIA,FORTE,39.06078717,-77.05139594,2025,10,19
250044985,Property Damage Crash,10/06/2025 07:49:00 PM,NA,NA,Unknown,Clear,NA,Medium,NA,NONE DETECTED,No,No Apparent Injury,NA,Unknown,NA,Passenger Car,Backing,0,No,2006,FORD,F-150,39.06078717,-77.05139594,2025,10,19
250044982,Property Damage Crash,10/06/2025 07:25:00 PM,GREAT SENECA HWY,NA,Front to Rear,Clear,Dry,Medium,No Controls,NONE DETECTED,No,No Apparent Injury,NA,Unknown,MD,Passenger Car,Stopped in Traffic,50,No,2020,TOYOTA,COROLLA,39.10602054,-77.20808999,2025,10,19
250044982,Property Damage Crash,10/06/2025 07:25:00 PM,GREAT SENECA HWY,NA,Front to Rear,Clear,Dry,Medium,No Controls,NONE DETECTED,Yes,No Apparent Injury,Too Fast For Conditions,Unknown,MD,Passenger Car,Moving Constant Speed,50,No,2010,HONDA,ODYSSEY,39.10602054,-77.20808999,2025,10,19
250044978,Property Damage Crash,10/06/2025 07:20:00 PM,GREAT SENECA HWY,NA,Front to Front,Clear,Dry,Medium,No Controls,NONE DETECTED,No,No Apparent Injury,NA,Not Distracted,MD,Passenger Car,Moving Constant Speed,50,No,2020,TOYOTA,COROLLA,39.1060955,-77.20789267,2025,10,19
250044978,Property Damage Crash,10/06/2025 07:20:00 PM,GREAT SENECA HWY,NA,Front to Front,Clear,Dry,Medium,No Controls,NONE DETECTED,Yes,No Apparent Injury,Failed to Yield Right-of-Way,Not Distracted,MD,Passenger Car,Turning Left,50,No,2018,HONDA,CR-V,39.1060955,-77.20789267,2025,10,19
250044976,Injury Crash,10/06/2025 07:06:00 PM,DAMASCUS RD,NA,Angle,Clear,Dry,Daylight,Traffic Control Signal,NONE DETECTED,Yes,Possible Minor Injury,NA,Not Distracted,MD,Station Wagon,Turning Left,30,No,2013,SUBARU,FORESTER,39.22157933,-77.059977,2025,10,19
250044976,Injury Crash,10/06/2025 07:06:00 PM,DAMASCUS RD,NA,Angle,Clear,Dry,Daylight,Traffic Control Signal,NONE DETECTED,No,Possible Minor Injury,NA,Not Distracted,MD,Sport Utility Vehicle,Moving Constant Speed,30,No,2010,JEEP,WRANGLER,39.22157933,-77.059977,2025,10,19
250044975,Injury Crash,10/06/2025 06:32:00 PM,ROYAL BONNET CIR (SB/L),Pedestrian,Single Vehicle,Clear,Dry,Daylight,Stop Sign,NONE DETECTED,No,No Apparent Injury,NA,Not Distracted,MD,Passenger Car,Slowing or Stopping,5,No,2016,CHEVROLET,SPARK,39.15301172,-77.19421826,2025,10,18
250044969,Injury Crash,10/06/2025 05:50:00 PM,FREDERICK RD,NA,"Sideswipe, Same Direction",Clear,Dry,Daylight,No Controls,NONE DETECTED,No,Possible Minor Injury,NA,Unknown,MD,Passenger Car,Moving Constant Speed,30,No,2022,TOYOTA,CAMRY,39.1514665,-77.21068467,2025,10,17
250044969,Injury Crash,10/06/2025 05:50:00 PM,FREDERICK RD,NA,"Sideswipe, Same Direction",Clear,Dry,Daylight,No Controls,NONE DETECTED,Yes,No Apparent Injury,Failed to Yield Right-of-Way,Unknown,MD,Van - Passenger (&lt;9 Seats),Entering Traffic Lane,35,No,2025,TOYOTA,SIENNA,39.1514665,-77.21068467,2025,10,17
250045725,Property Damage Crash,10/06/2025 05:04:00 PM,NA,NA,Front to Rear,Clear,Dry,Daylight,No Controls,NONE DETECTED,No,No Apparent Injury,NA,Not Distracted,MD,Sport Utility Vehicle,Slowing or Stopping,0,No,2023,FORD,EXPLORER,39.04369027,-76.98564581,2025,10,17
250045725,Property Damage Crash,10/06/2025 05:04:00 PM,NA,NA,Front to Rear,Clear,Dry,Daylight,No Controls,NONE DETECTED,Yes,No Apparent Injury,"Operated Motor Vehicle in Inattentive, Careless, Negligent, or Erratic Manner, Operated Motor Vehicle in Reckless or Aggressive Manner",Unknown,CA,Passenger Car,Slowing or Stopping,0,No,2025,HONDA,CIVIC,39.04369027,-76.98564581,2025,10,17
250044967,Property Damage Crash,10/06/2025 04:50:00 PM,CAPITAL BELTWAY,NA,Single Vehicle,Clear,Dry,Daylight,No Controls,NONE DETECTED,Yes,No Apparent Injury,Other Improper Action,Not Distracted,MD,Passenger Car,Moving Constant Speed,55,No,2025,DODGE,DURANGO,39.00466674,-77.15403812,2025,10,16
250044971,Property Damage Crash,10/06/2025 04:34:00 PM,RIVER RD,NA,"Sideswipe, Same Direction",Clear,Dry,Daylight,Traffic Control Signal,NONE DETECTED,No,No Apparent Injury,NA,Not Distracted,VA,Passenger Car,Stopped in Traffic,40,No,2022,TOYOTA,RAV4,38.99264499,-77.16198177,2025,10,16
250044971,Property Damage Crash,10/06/2025 04:34:00 PM,RIVER RD,NA,"Sideswipe, Same Direction",Clear,Dry,Daylight,Traffic Control Signal,NONE DETECTED,Yes,No Apparent Injury,"Disregarded Other Road Markings, Failed to Keep in Proper Lane, Operated Motor Vehicle in Inattentive, Careless, Negligent, or Erratic Manner, Operated Motor Vehicle in Reckless or Aggressive Manner, Ran Off Roadway, Too Fast For Conditions",Unknown,MD,Passenger Car,Overtaking/Passing,40,No,2025,HONDA,CIVIC,38.99264499,-77.16198177,2025,10,16
250046738,Property Damage Crash,10/06/2025 04:28:00 PM,HERITAGE HILLS DR,NA,Single Vehicle,Clear,Dry,Daylight,No Controls,NONE DETECTED,No,No Apparent Injury,NA,Unknown,MD,Passenger Car,Moving Constant Speed,30,No,2008,AUDI,A4,39.15685212,-77.07066792,2025,10,16
250044965,Property Damage Crash,10/06/2025 04:12:00 PM,BLUE VALLEY PL,NA,Single Vehicle,Clear,Dry,Daylight,No Controls,NONE DETECTED,Yes,No Apparent Injury,NA,Unknown,MD,Bus - School,Turning Left,15,No,2024,FREIGHTLINER,B2 106 ELECTRIC CONVENTIONAL CHASSIS,39.07008009,-76.96445321,2025,10,16
250044966,Property Damage Crash,10/06/2025 04:00:00 PM,RIVER RD (WB/L),NA,"Sideswipe, Same Direction",Clear,Dry,Daylight,Traffic Control Signal,NONE DETECTED,Yes,No Apparent Injury,"Swerved or Avoided Due to Wind, Slippery Surface, Motor Vehicle, Object, Non-Motorist in Roadway, etc",Unknown,MD,Passenger Car,Changing Lanes,35,No,2020,BMW,X3,38.99224022,-77.16105332,2025,10,16
250044956,Property Damage Crash,10/06/2025 04:00:00 PM,WAPAKONETA RD,NA,Single Vehicle,Clear,Dry,Daylight,Stop Sign,NONE DETECTED,No,No Apparent Injury,Other Improper Action,Unknown,MD,Bus - School,Slowing or Stopping,25,No,2023,FREIGHTLINER,B2 106 ELECTRIC CONVENTIONAL CHASSIS,38.959488,-77.1231945,2025,10,16
250044966,Property Damage Crash,10/06/2025 04:00:00 PM,RIVER RD (WB/L),NA,"Sideswipe, Same Direction",Clear,Dry,Daylight,Traffic Control Signal,NONE DETECTED,No,No Apparent Injury,NA,Not Distracted,MD,Van - Cargo,Stopped in Traffic,35,No,2023,CHEVROLET,EXPRESS,38.99224022,-77.16105332,2025,10,16
250044947,Injury Crash,10/06/2025 03:31:00 PM,DARNESTOWN RD (WB/L),NA,Front to Rear,Clear,Dry,Daylight,Traffic Control Signal,NONE DETECTED,Yes,No Apparent Injury,Followed Too Closely,Unknown,MD,Passenger Car,Moving Constant Speed,30,No,2009,TOYOTA,COROLLA,39.11723117,-77.2505105,2025,10,15
250044947,Injury Crash,10/06/2025 03:31:00 PM,DARNESTOWN RD (WB/L),NA,Front to Rear,Clear,Dry,Daylight,Traffic Control Signal,NONE DETECTED,No,Possible Minor Injury,NA,Not Distracted,MD,Passenger Car,Stopped in Traffic,30,No,2024,TOYOTA,COROLLA,39.11723117,-77.2505105,2025,10,15
250044947,Injury Crash,10/06/2025 03:31:00 PM,DARNESTOWN RD (WB/L),NA,Front to Rear,Clear,Dry,Daylight,Traffic Control Signal,NONE DETECTED,No,No Apparent Injury,NA,Not Distracted,MD,Passenger Car,Stopped in Traffic,30,No,2017,TOYOTA,SIENNA,39.11723117,-77.2505105,2025,10,15
250044945,Injury Crash,10/06/2025 03:04:00 PM,PRINCE PHILIP DR,NA,Single Vehicle,Clear,Dry,Daylight,No Controls,NONE DETECTED,Yes,Possible Minor Injury,NA,Not Distracted,MD,Passenger Car,Accelerating,30,No,2021,SUBARU,FORESTER,39.1503465,-77.05753617,2025,10,15
250044917,Property Damage Crash,10/06/2025 01:34:00 PM,NA,NA,Single Vehicle,Cloudy,NA,Daylight,NA,NONE DETECTED,Yes,No Apparent Injury,Improper Turn,Not Distracted,MD,Other,Turning Left,0,No,2024,FREIGHTLINER,M2,39.05203742,-77.04991619,2025,10,13
250044913,Injury Crash,10/06/2025 01:26:00 PM,ROCKVILLE PIKE (SB/L),NA,Front to Rear,Clear,Dry,Daylight,No Controls,NONE DETECTED,Yes,Possible Minor Injury,NA,Not Distracted,MD,Passenger Car,Moving Constant Speed,35,No,2015,MERCEDES-BENZ,GLA-CLASS,39.05910143,-77.12169798,2025,10,13
250044913,Injury Crash,10/06/2025 01:26:00 PM,ROCKVILLE PIKE (SB/L),NA,Front to Rear,Clear,Dry,Daylight,No Controls,NONE DETECTED,No,Possible Minor Injury,NA,Not Distracted,MD,Sport Utility Vehicle,Stopped in Traffic,35,No,2020,CHEVROLET,BLAZER,39.05910143,-77.12169798,2025,10,13
250044913,Injury Crash,10/06/2025 01:26:00 PM,ROCKVILLE PIKE (SB/L),NA,Front to Rear,Clear,Dry,Daylight,No Controls,NONE DETECTED,No,No Apparent Injury,NA,Not Distracted,MD,Sport Utility Vehicle,Stopped in Traffic,35,No,2006,TOYOTA,HIGHLANDER,39.05910143,-77.12169798,2025,10,13
250044911,Property Damage Crash,10/06/2025 01:00:00 PM,SHOP CTR CUT THRU CUT,NA,Angle,Clear,Dry,Daylight,Stop Sign,NONE DETECTED,No,No Apparent Injury,NA,Not Distracted,MD,Passenger Car,Moving Constant Speed,25,No,2013,TOYOTA,CAMRY,39.12328189,-77.23646542,2025,10,13
250044911,Property Damage Crash,10/06/2025 01:00:00 PM,SHOP CTR CUT THRU CUT,NA,Angle,Clear,Dry,Daylight,Stop Sign,NONE DETECTED,No,No Apparent Injury,NA,Not Distracted,MD,Passenger Car,Turning Left,25,No,2021,MAZDA,CX-5,39.12328189,-77.23646542,2025,10,13
250044903,Injury Crash,10/06/2025 12:42:00 PM,NA,NA,"Sideswipe, Same Direction",Clear,Dry,Daylight,Traffic Control Signal,NONE DETECTED,Yes,No Apparent Injury,"Failed to Keep in Proper Lane, Improper Passing, Operated Motor Vehicle in Reckless or Aggressive Manner, Too Fast For Conditions",Unknown,NA,Other Trucks,Overtaking/Passing,25,No,2004,CHEVROLET,EXPRESS,38.99933123,-77.01807323,2025,10,12
250044903,Injury Crash,10/06/2025 12:42:00 PM,NA,NA,"Sideswipe, Same Direction",Clear,Dry,Daylight,Traffic Control Signal,NONE DETECTED,No,Possible Minor Injury,NA,Not Distracted,MD,Passenger Car,Moving Constant Speed,25,No,2004,HONDA,ACCORD,38.99933123,-77.01807323,2025,10,12
250044902,Property Damage Crash,10/06/2025 12:08:00 PM,EAST WEST HWY,NA,Front to Rear,Clear,Dry,Daylight,Pedestrian Crossing,NONE DETECTED,No,No Apparent Injury,NA,Not Distracted,MD,Passenger Car,Slowing or Stopping,30,No,2017,SUBARU,CROSSTREK,38.99130586,-77.03018006,2025,10,12
250044902,Property Damage Crash,10/06/2025 12:08:00 PM,EAST WEST HWY,NA,Front to Rear,Clear,Dry,Daylight,Pedestrian Crossing,DRUG PRESENT,No,No Apparent Injury,NA,NA,NA,Passenger Car,Moving Constant Speed,30,No,2018,FORD,ESCAPE,38.99130586,-77.03018006,2025,10,12
250044897,Property Damage Crash,10/06/2025 12:00:00 PM,16TH ST (SB/L),NA,Front to Rear,Clear,Dry,Daylight,Pedestrian Crossing Sign,NONE DETECTED,No,No Apparent Injury,Followed Too Closely,Unknown,MD,Sport Utility Vehicle,Moving Constant Speed,35,No,1999,HONDA,CR-V,38.9993959,-77.03999159,2025,10,12
250044897,Property Damage Crash,10/06/2025 12:00:00 PM,16TH ST (SB/L),NA,Front to Rear,Clear,Dry,Daylight,Pedestrian Crossing Sign,NONE DETECTED,Yes,No Apparent Injury,Followed Too Closely,Unknown,DC,Sport Utility Vehicle,Slowing or Stopping,35,No,2020,JEEP,COMPASS,38.9993959,-77.03999159,2025,10,12
250044897,Property Damage Crash,10/06/2025 12:00:00 PM,16TH ST (SB/L),NA,Front to Rear,Clear,Dry,Daylight,Pedestrian Crossing Sign,NONE DETECTED,Yes,No Apparent Injury,NA,Not Distracted,MD,Passenger Car,Stopped in Traffic,35,No,2018,HONDA,ACCORD,38.9993959,-77.03999159,2025,10,12
250044882,Property Damage Crash,10/06/2025 10:43:00 AM,GEORGIA AVE,NA,Front to Rear,Clear,Dry,Daylight,No Controls,NONE DETECTED,Yes,No Apparent Injury,NA,Not Distracted,MD,Sport Utility Vehicle,Moving Constant Speed,45,No,2018,FORD,ECOSPORT,39.0883445,-77.07969417,2025,10,10
250044882,Property Damage Crash,10/06/2025 10:43:00 AM,GEORGIA AVE,NA,Front to Rear,Clear,Dry,Daylight,No Controls,NONE DETECTED,No,No Apparent Injury,NA,Not Distracted,MD,Pickup,Slowing or Stopping,45,No,2019,FORD,F-250,39.0883445,-77.07969417,2025,10,10
250044881,Property Damage Crash,10/06/2025 10:30:00 AM,W MONTGOMERY AVE (WB/L),NA,Front to Rear,Clear,Dry,Daylight,Traffic Control Signal,NONE DETECTED,Yes,No Apparent Injury,NA,Not Distracted,MD,Other Trucks,Slowing or Stopping,35,No,2017,PETERBILT,567,39.09070797,-77.17909328,2025,10,10
250044881,Property Damage Crash,10/06/2025 10:30:00 AM,W MONTGOMERY AVE (WB/L),NA,Front to Rear,Clear,Dry,Daylight,Traffic Control Signal,NONE DETECTED,No,No Apparent Injury,NA,Not Distracted,MD,Passenger Car,Stopped in Traffic,35,No,2025,HONDA,CR-V,39.09070797,-77.17909328,2025,10,10
250044879,Injury Crash,10/06/2025 10:15:00 AM,W GUDE DR (WB/L),NA,"Sideswipe, Same Direction",Clear,Dry,Daylight,No Controls,NONE DETECTED,No,Possible Minor Injury,NA,Not Distracted,MD,Van - Passenger (&lt;9 Seats),Moving Constant Speed,35,No,2016,HONDA,ODYSSEY,39.10670124,-77.1610972,2025,10,10
250044879,Injury Crash,10/06/2025 10:15:00 AM,W GUDE DR (WB/L),NA,"Sideswipe, Same Direction",Clear,Dry,Daylight,No Controls,NONE DETECTED,No,NA,NA,NA,NA,NA,Moving Constant Speed,35,No,0,NA,NA,39.10670124,-77.1610972,2025,10,10
250046015,Property Damage Crash,10/06/2025 09:30:00 AM,KENWOOD FOREST LA,NA,"Sideswipe, Same Direction",Clear,Dry,Daylight,No Controls,NONE DETECTED,No,No Apparent Injury,NA,Not Distracted,MD,Sport Utility Vehicle,Moving Constant Speed,25,No,2024,LEXUS,RZ,38.97634839,-77.09996591,2025,10,9
250046015,Property Damage Crash,10/06/2025 09:30:00 AM,KENWOOD FOREST LA,NA,"Sideswipe, Same Direction",Clear,Dry,Daylight,No Controls,NONE DETECTED,Yes,No Apparent Injury,NA,Unknown,MD,Sport Utility Vehicle,Moving Constant Speed,25,No,2020,MERCEDES-BENZ,GLE-CLASS,38.97634839,-77.09996591,2025,10,9
250044864,Property Damage Crash,10/06/2025 08:40:00 AM,RIDGE RD (SB/L),NA,Front to Rear,Clear,Dry,Daylight,Traffic Control Signal,NONE DETECTED,Yes,No Apparent Injury,Other Improper Action,"Manually Operating (dialing, playing game, etc.)",MD,Passenger Car,Moving Constant Speed,40,No,2007,TOYOTA,AVALON,39.25362833,-77.229055,2025,10,8
250044864,Property Damage Crash,10/06/2025 08:40:00 AM,RIDGE RD (SB/L),NA,Front to Rear,Clear,Dry,Daylight,Traffic Control Signal,NONE DETECTED,No,No Apparent Injury,NA,Not Distracted,MD,Sport Utility Vehicle,Stopped in Traffic,40,No,2020,DODGE,DURANGO,39.25362833,-77.229055,2025,10,8
250044861,Injury Crash,10/06/2025 08:30:00 AM,WATERFORD HILLS BLVD,NA,Front to Rear,Clear,Dry,Daylight,No Controls,NONE DETECTED,Yes,No Apparent Injury,Too Fast For Conditions,Unknown,MD,Sport Utility Vehicle,Moving Constant Speed,30,No,2015,FORD,EXPLORER,39.17738524,-77.27617623,2025,10,8
250044861,Injury Crash,10/06/2025 08:30:00 AM,WATERFORD HILLS BLVD,NA,Front to Rear,Clear,Dry,Daylight,No Controls,NONE DETECTED,No,Possible Minor Injury,NA,Not Distracted,MD,Sport Utility Vehicle,Slowing or Stopping,30,No,2015,CHEVROLET,EQUINOX,39.17738524,-77.27617623,2025,10,8
250044863,Property Damage Crash,10/06/2025 08:24:00 AM,COLESVILLE RD (SB/L),NA,"Sideswipe, Same Direction",Clear,Dry,Daylight,Traffic Control Signal,NONE DETECTED,No,No Apparent Injury,NA,Not Distracted,MD,Pickup,Stopped in Traffic,40,No,2018,FORD,F-150,39.02160181,-77.0120743,2025,10,8
250044863,Property Damage Crash,10/06/2025 08:24:00 AM,COLESVILLE RD (SB/L),NA,"Sideswipe, Same Direction",Clear,Dry,Daylight,Traffic Control Signal,NONE DETECTED,No,NA,NA,NA,NA,NA,Entering Traffic Lane,40,No,0,NA,NA,39.02160181,-77.0120743,2025,10,8
250044860,Property Damage Crash,10/06/2025 08:08:00 AM,NA,NA,Single Vehicle,Clear,NA,Daylight,NA,NONE DETECTED,No,No Apparent Injury,NA,Not Distracted,MD,Bus - School,Backing,0,No,2023,FREIGHTLINER,B2 106 ELECTRIC CONVENTIONAL CHASSIS,39.091756,-77.17310617,2025,10,8
250044859,Injury Crash,10/06/2025 08:05:00 AM,WOLF DR,NA,Angle,Clear,Dry,Daylight,Traffic Control Signal,NONE DETECTED,Yes,Possible Minor Injury,NA,Not Distracted,MD,Passenger Car,Moving Constant Speed,45,No,2010,CHEVROLET,EXPRESS,39.07322529,-77.0027826,2025,10,8
250044859,Injury Crash,10/06/2025 08:05:00 AM,WOLF DR,NA,Angle,Clear,Dry,Daylight,Traffic Control Signal,NONE DETECTED,No,Possible Minor Injury,NA,Not Distracted,MD,Passenger Car,Accelerating,30,No,2017,TOYOTA,RAV4,39.07322529,-77.0027826,2025,10,8