Local Case Number,ACRS Report Type,Crash Date/Time,Road Name,Related Non-Motorist,Collision Type,Weather,Surface Condition,Light,Traffic Control,Driver Substance Abuse,Driver At Fault,Injury Severity,Circumstance,Driver Distracted By,Drivers License State,Vehicle Body Type,Vehicle Movement,Speed Limit,Driverless Vehicle,Vehicle Year,Vehicle Make,Vehicle Model,Latitude,Longitude,Year,Month,Hour
250044857,Property Damage Crash,10/06/2025 07:43:00 AM,RANDOLPH RD,NA,Front to Rear,Clear,Dry,Daylight,Traffic Control Signal,NONE DETECTED,No,No Apparent Injury,NA,Not Distracted,MD,Bus - School,Turning Left,40,No,2014,FREIGHTLINER,B2 BUS CHASSIS,39.06231721,-77.04195293,2025,10,7
250044857,Property Damage Crash,10/06/2025 07:43:00 AM,RANDOLPH RD,NA,Front to Rear,Clear,Dry,Daylight,Traffic Control Signal,NONE DETECTED,No,No Apparent Injury,NA,Not Distracted,MD,Passenger Car,Stopped in Traffic,40,No,2022,FORD,MUSTANG,39.06231721,-77.04195293,2025,10,7
250044856,Injury Crash,10/06/2025 07:18:00 AM,INTERNATIONAL DR,NA,Front to Front,Clear,Dry,Daylight,Traffic Control Signal,NONE DETECTED,Yes,Possible Minor Injury,"Operated Motor Vehicle in Inattentive, Careless, Negligent, or Erratic Manner",Unknown,MD,Passenger Car,Turning Left,45,No,2019,TOYOTA,CAMRY,39.10376787,-77.07654199,2025,10,7
250044856,Injury Crash,10/06/2025 07:18:00 AM,INTERNATIONAL DR,NA,Front to Front,Clear,Dry,Daylight,Traffic Control Signal,NONE DETECTED,No,Possible Minor Injury,"Operated Motor Vehicle in Inattentive, Careless, Negligent, or Erratic Manner",Not Distracted,MD,Passenger Car,Moving Constant Speed,45,No,2016,MAZDA,CX-5,39.10376787,-77.07654199,2025,10,7
250044853,Property Damage Crash,10/06/2025 05:17:00 AM,HOLTON LA,NA,Front to Rear,Clear,Dry,Medium,Traffic Control Signal,NONE DETECTED,No,No Apparent Injury,Other Improper Action,Unknown,NA,Passenger Car,Stopped in Traffic,30,No,2015,KIA,FORTE,38.98578896,-76.98810593,2025,10,5
250044853,Property Damage Crash,10/06/2025 05:17:00 AM,HOLTON LA,NA,Front to Rear,Clear,Dry,Medium,Traffic Control Signal,NONE DETECTED,No,No Apparent Injury,Other Improper Action,Not Distracted,MD,Passenger Car,Parked,35,No,2022,TOYOTA,COROLLA,38.98578896,-76.98810593,2025,10,5
250044842,Property Damage Crash,10/05/2025 11:52:00 PM,NA,NA,Single Vehicle,Clear,NA,Medium,NA,NONE DETECTED,Yes,No Apparent Injury,NA,Unknown,MD,Passenger Car,Accelerating,0,No,2002,TOYOTA,CAMRY,38.98360907,-76.98719812,2025,10,23
250044840,Property Damage Crash,10/05/2025 10:06:00 PM,GEORGIA AVE (SB/L),NA,Single Vehicle,Clear,Dry,Medium,No Controls,NONE DETECTED,Yes,No Apparent Injury,NA,Unknown,MD,Sport Utility Vehicle,Moving Constant Speed,30,No,2020,MERCEDES-BENZ,GLC-CLASS,39.00770867,-77.03980267,2025,10,22
250044840,Property Damage Crash,10/05/2025 10:06:00 PM,GEORGIA AVE (SB/L),NA,Single Vehicle,Clear,Dry,Medium,No Controls,NONE DETECTED,No,No Apparent Injury,NA,Not Distracted,VA,"Construction Equipment (backhoe, bulldozer, etc.)",Moving Constant Speed,30,No,2015,JOHN DEERE,JOHN DEERE UTILITY VEHICLE,39.00770867,-77.03980267,2025,10,22
250044828,Property Damage Crash,10/05/2025 08:51:00 PM,VEIRS MILL RD,NA,Rear To Side,Clear,Dry,Medium,Traffic Control Signal,NONE DETECTED,No,No Apparent Injury,NA,Unknown,MD,Passenger Car,Moving Constant Speed,35,No,2021,MAZDA,CX-30,39.05152328,-77.07492719,2025,10,20
250044828,Property Damage Crash,10/05/2025 08:51:00 PM,VEIRS MILL RD,NA,Rear To Side,Clear,Dry,Medium,Traffic Control Signal,NONE DETECTED,No,No Apparent Injury,NA,Not Distracted,MD,Passenger Car,Moving Constant Speed,35,No,2025,HONDA,ACCORD,39.05152328,-77.07492719,2025,10,20
250044821,Injury Crash,10/05/2025 07:40:00 PM,RANDOLPH RD (WB/L),NA,Front to Rear,Clear,Dry,Medium,Traffic Control Signal,NONE DETECTED,No,NA,"Operated Motor Vehicle in Inattentive, Careless, Negligent, or Erratic Manner, Too Fast For Conditions",Unknown,NA,NA,Moving Constant Speed,40,No,0,NA,NA,39.06422523,-77.03939512,2025,10,19
250044821,Injury Crash,10/05/2025 07:40:00 PM,RANDOLPH RD (WB/L),NA,Front to Rear,Clear,Dry,Medium,Traffic Control Signal,NONE DETECTED,No,Possible Minor Injury,NA,Not Distracted,MD,Passenger Car,Slowing or Stopping,40,No,2020,TOYOTA,RAV4,39.06422523,-77.03939512,2025,10,19
250044825,Injury Crash,10/05/2025 07:34:00 PM,RANDOLPH RD (WB/L),NA,Front to Rear,Clear,Dry,Medium,Traffic Control Signal,NONE DETECTED,No,Possible Minor Injury,NA,Not Distracted,MD,Passenger Car,Slowing or Stopping,35,No,2010,TOYOTA,COROLLA,39.05663183,-77.081998,2025,10,19
250044825,Injury Crash,10/05/2025 07:34:00 PM,RANDOLPH RD (WB/L),NA,Front to Rear,Clear,Dry,Medium,Traffic Control Signal,NONE DETECTED,No,No Apparent Injury,NA,Not Distracted,MD,Passenger Car,Slowing or Stopping,35,No,2008,TOYOTA,SCION TC,39.05663183,-77.081998,2025,10,19
250044825,Injury Crash,10/05/2025 07:34:00 PM,RANDOLPH RD (WB/L),NA,Front to Rear,Clear,Dry,Medium,Traffic Control Signal,NONE DETECTED,Yes,No Apparent Injury,Followed Too Closely,Unknown,MD,Passenger Car,Slowing or Stopping,35,No,2012,JEEP,GRAND CHEROKEE,39.05663183,-77.081998,2025,10,19
250044809,Injury Crash,10/05/2025 05:48:00 PM,SAM EIG HWY,NA,Angle,Clear,Dry,Daylight,Traffic Control Signal,NONE DETECTED,Yes,Possible Minor Injury,NA,Not Distracted,MD,Passenger Car,Accelerating,40,No,2005,TOYOTA,SIENNA,39.109036,-77.21204783,2025,10,17
250044809,Injury Crash,10/05/2025 05:48:00 PM,SAM EIG HWY,NA,Angle,Clear,Dry,Daylight,Traffic Control Signal,NONE DETECTED,Yes,Possible Minor Injury,NA,Not Distracted,MD,Passenger Car,Accelerating,40,No,2018,TOYOTA,PRIUS,39.109036,-77.21204783,2025,10,17
250044810,Property Damage Crash,10/05/2025 05:29:00 PM,NA,NA,Front to Rear,Clear,NA,Daylight,NA,NONE DETECTED,No,No Apparent Injury,NA,Not Distracted,MD,Passenger Car,Moving Constant Speed,0,No,2020,HONDA,CR-V,39.22646394,-77.28728261,2025,10,17
250044810,Property Damage Crash,10/05/2025 05:29:00 PM,NA,NA,Front to Rear,Clear,NA,Daylight,NA,NONE DETECTED,No,No Apparent Injury,NA,NA,NA,Passenger Car,Backing,0,No,2011,KIA,OPTIMA,39.22646394,-77.28728261,2025,10,17
250044802,Injury Crash,10/05/2025 05:00:00 PM,NA,NA,Front to Rear,Clear,Dry,Daylight,Traffic Control Signal,NONE DETECTED,Yes,No Apparent Injury,NA,Unknown,MD,Passenger Car,Slowing or Stopping,35,No,2017,INFINITI,QX80,39.00528637,-77.02280989,2025,10,17
250044802,Injury Crash,10/05/2025 05:00:00 PM,NA,NA,Front to Rear,Clear,Dry,Daylight,Traffic Control Signal,NONE DETECTED,No,Possible Minor Injury,NA,Not Distracted,MD,Passenger Car,Stopped in Traffic,35,No,2020,HONDA,PILOT,39.00528637,-77.02280989,2025,10,17
250044811,Injury Crash,10/05/2025 03:34:00 PM,DARNESTOWN RD (WB/L),Cyclist (non-electric),Single Vehicle,Clear,Dry,Daylight,No Controls,NONE DETECTED,No,No Apparent Injury,NA,NA,NA,NA,Turning Right,35,No,0,NA,NA,39.1177309,-77.25183801,2025,10,15
250044795,Property Damage Crash,10/05/2025 03:17:00 PM,STEDWICK RD,NA,Angle,Clear,Dry,Daylight,No Controls,NONE DETECTED,No,No Apparent Injury,NA,Not Distracted,MD,Passenger Car,Turning Left,35,No,2009,TOYOTA,CAMRY,39.17023415,-77.20756613,2025,10,15
250044795,Property Damage Crash,10/05/2025 03:17:00 PM,STEDWICK RD,NA,Angle,Clear,Dry,Daylight,No Controls,NONE DETECTED,No,No Apparent Injury,"Disregarded Other Road Markings, Disregarded Other Traffic Sign, Failed to Keep in Proper Lane, Failed to Yield Right-of-Way, Improper Passing, Operated Motor Vehicle in Inattentive, Careless, Negligent, or Erratic Manner, Operated Motor Vehicle in Reckless or Aggressive Manner, Other Improper Action, Ran Off Roadway, Too Fast For Conditions, Wrong Side, Wrong Way",Unknown,NA,Motorcycle - 2 Wheeled,Moving Constant Speed,35,No,1111,KTM,UNKNOWN,39.17023415,-77.20756613,2025,10,15
250044826,Property Damage Crash,10/05/2025 03:00:00 PM,NA,NA,Single Vehicle,Clear,NA,Daylight,NA,NONE DETECTED,No,No Apparent Injury,NA,Unknown,MD,Passenger Car,Backing,0,No,2019,MERCEDES-BENZ,GLC-CLASS,39.0759906,-77.1874269,2025,10,15
250044786,Property Damage Crash,10/05/2025 02:55:00 PM,MARYLAND AVE,NA,Single Vehicle,Clear,Dry,Daylight,No Controls,NONE DETECTED,Yes,No Apparent Injury,NA,Not Distracted,MD,Passenger Car,Turning Right,25,No,2020,DODGE,DURANGO,39.08616917,-77.15096587,2025,10,14
250044779,Property Damage Crash,10/05/2025 01:56:00 PM,PLUMMER DR,NA,Single Vehicle,Clear,Dry,Daylight,Other Warning Sign,NONE DETECTED,Yes,No Apparent Injury,Other Improper Action,Not Distracted,MD,Sport Utility Vehicle,Accelerating,25,No,2014,HONDA,CR-V,39.17148714,-77.23654153,2025,10,13
250044777,Injury Crash,10/05/2025 01:50:00 PM,SHADY SPRING DR,NA,Front to Rear,Clear,Dry,Daylight,No Controls,NONE DETECTED,Yes,Possible Minor Injury,NA,Not Distracted,MD,Van - Cargo,Moving Constant Speed,25,No,2018,FORD,TRANSIT,39.14623967,-77.16437917,2025,10,13
250044767,Injury Crash,10/05/2025 01:30:00 PM,WEST SIDE DR,"Occupant of Motor Vehicle Not in Transport, Pedestrian",Single Vehicle,Clear,Dry,Daylight,No Controls,NONE DETECTED,Yes,No Apparent Injury,NA,Not Distracted,MD,Passenger Car,Moving Constant Speed,25,No,2013,FORD,ESCAPE,39.126516,-77.20512567,2025,10,13
250044768,Property Damage Crash,10/05/2025 01:19:00 PM,SANDY SPRING RD (WB/L),NA,"Sideswipe, Same Direction",Clear,Dry,Daylight,No Controls,NONE DETECTED,No,No Apparent Injury,NA,Not Distracted,MD,Passenger Car,Moving Constant Speed,45,No,2023,TOYOTA,4-RUNNER,39.10637,-76.9145575,2025,10,13
250044768,Property Damage Crash,10/05/2025 01:19:00 PM,SANDY SPRING RD (WB/L),NA,"Sideswipe, Same Direction",Clear,Dry,Daylight,No Controls,NONE DETECTED,No,No Apparent Injury,Failed to Yield Right-of-Way,Not Distracted,MD,Passenger Car,Changing Lanes,45,No,2016,HONDA,PILOT,39.10637,-76.9145575,2025,10,13
250044766,Injury Crash,10/05/2025 01:07:00 PM,WILLOW AVE,Pedestrian,Single Vehicle,Clear,Dry,Daylight,No Controls,NONE DETECTED,No,Possible Minor Injury,NA,Not Distracted,MD,Passenger Car,Moving Constant Speed,10,No,2023,TESLA,MODEL Y,38.97716353,-77.01142082,2025,10,13
250044763,Property Damage Crash,10/05/2025 01:00:00 PM,NA,NA,Front to Rear,Clear,NA,Daylight,NA,NONE DETECTED,No,No Apparent Injury,NA,Not Distracted,DC,Passenger Car,Parked,0,No,2025,LEXUS,TX,39.01038826,-77.04182829,2025,10,13
250044763,Property Damage Crash,10/05/2025 01:00:00 PM,NA,NA,Front to Rear,Clear,NA,Daylight,NA,NONE DETECTED,Yes,No Apparent Injury,NA,Not Distracted,MD,Passenger Car,Backing,0,No,2020,TOYOTA,CAMRY,39.01038826,-77.04182829,2025,10,13
250044760,Injury Crash,10/05/2025 12:33:00 PM,NA,NA,Angle,Clear,NA,Daylight,NA,NONE DETECTED,No,Possible Minor Injury,NA,Not Distracted,MD,Passenger Car,Moving Constant Speed,0,No,2008,AUDI,Q7,39.18042655,-77.26964455,2025,10,12
250044760,Injury Crash,10/05/2025 12:33:00 PM,NA,NA,Angle,Clear,NA,Daylight,NA,NONE DETECTED,Yes,No Apparent Injury,Failed to Yield Right-of-Way,Unknown,MD,Passenger Car,NA,0,No,2019,TOYOTA,COROLLA,39.18042655,-77.26964455,2025,10,12
250044754,Injury Crash,10/05/2025 12:00:00 PM,NA,NA,Front to Rear,Clear,Dry,Daylight,Reduce Speed Ahead Warning Sign,NONE DETECTED,No,No Apparent Injury,NA,Not Distracted,MD,Passenger Car,Moving Constant Speed,35,No,2013,HONDA,ACCORD,39.10929917,-77.2136785,2025,10,12
250044754,Injury Crash,10/05/2025 12:00:00 PM,NA,NA,Front to Rear,Clear,Dry,Daylight,Reduce Speed Ahead Warning Sign,NONE DETECTED,Yes,No Apparent Injury,NA,Unknown,MD,Station Wagon,Moving Constant Speed,35,No,2023,TOYOTA,SIENNA,39.10929917,-77.2136785,2025,10,12
250044747,Property Damage Crash,10/05/2025 11:03:00 AM,UNIVERSITY BLVD E (WB/L),NA,Angle,Clear,Dry,Daylight,Traffic Control Signal,NONE DETECTED,No,No Apparent Injury,NA,Not Distracted,MD,Passenger Car,Moving Constant Speed,35,No,2013,HYUNDAI,SONATA,39.01585466,-77.00538279,2025,10,11
250044747,Property Damage Crash,10/05/2025 11:03:00 AM,UNIVERSITY BLVD E (WB/L),NA,Angle,Clear,Dry,Daylight,Traffic Control Signal,NONE DETECTED,Yes,No Apparent Injury,Ran Red Light,Unknown,MD,Passenger Car,Moving Constant Speed,35,No,2020,LEXUS,UX,39.01585466,-77.00538279,2025,10,11
250044745,Injury Crash,10/05/2025 10:55:00 AM,GRANDVIEW AVE,NA,Angle,Clear,Dry,Daylight,No Controls,NONE DETECTED,Yes,Possible Minor Injury,NA,Not Distracted,MD,Passenger Car,Turning Left,25,No,2008,TOYOTA,AVALON,39.041572,-77.05309167,2025,10,10
250044745,Injury Crash,10/05/2025 10:55:00 AM,GRANDVIEW AVE,NA,Angle,Clear,Dry,Daylight,No Controls,NONE DETECTED,No,No Apparent Injury,NA,Not Distracted,MD,Passenger Car,Moving Constant Speed,25,No,2022,KIA,CARNIVAL,39.041572,-77.05309167,2025,10,10
250044740,Injury Crash,10/05/2025 10:18:00 AM,BLAIR RD,NA,Front to Rear,Clear,Dry,Daylight,Pedestrian Crossing Sign,NONE DETECTED,No,NA,NA,NA,NA,Motorcycle - 2 Wheeled,Slowing or Stopping,25,No,0,NA,NA,38.98382913,-77.02446515,2025,10,10
250044740,Injury Crash,10/05/2025 10:18:00 AM,BLAIR RD,NA,Front to Rear,Clear,Dry,Daylight,Pedestrian Crossing,NONE DETECTED,Yes,No Apparent Injury,NA,"Other Action (looking away from task, etc.)",MD,Passenger Car,Moving Constant Speed,25,No,2020,HONDA,HR-V,38.98382913,-77.02446515,2025,10,10
250044740,Injury Crash,10/05/2025 10:18:00 AM,BLAIR RD,NA,Front to Rear,Clear,Dry,Daylight,Pedestrian Crossing Sign,NONE DETECTED,No,No Apparent Injury,NA,Not Distracted,MD,Passenger Car,Slowing or Stopping,25,No,2010,HONDA,ACCORD,38.98382913,-77.02446515,2025,10,10
250044740,Injury Crash,10/05/2025 10:18:00 AM,BLAIR RD,NA,Front to Rear,Clear,Dry,Daylight,Pedestrian Crossing,NONE DETECTED,No,No Apparent Injury,NA,Not Distracted,DC,Passenger Car,Moving Constant Speed,25,No,2025,HONDA,CR-V,38.98382913,-77.02446515,2025,10,10
250044735,Injury Crash,10/05/2025 09:40:00 AM,NO NAME,NA,Front to Rear,Clear,Dry,Daylight,Traffic Control Signal,NONE DETECTED,Yes,Possible Minor Injury,Too Fast For Conditions,Not Distracted,MD,Passenger Car,Slowing or Stopping,40,No,2016,HONDA,CIVIC,39.05131226,-77.07406528,2025,10,9
250044735,Injury Crash,10/05/2025 09:40:00 AM,NO NAME,NA,Front to Rear,Clear,Dry,Daylight,Traffic Control Signal,NONE DETECTED,No,Possible Minor Injury,NA,Not Distracted,MD,Sport Utility Vehicle,Stopped in Traffic,40,No,2019,NISSAN,ROGUE SPORT,39.05131226,-77.07406528,2025,10,9
250044731,Fatal Crash,10/05/2025 08:31:00 AM,MONTROSE RD (WB/L),NA,Angle,Clear,Dry,Daylight,Traffic Control Signal,DRUG PRESENT,No,Fatal Injury,NA,Unknown,MD,Motorcycle - 2 Wheeled,Moving Constant Speed,40,No,1977,KAWASAKI,UNKNOWN,39.05405761,-77.13805883,2025,10,8
250044731,Fatal Crash,10/05/2025 08:31:00 AM,MONTROSE RD (WB/L),NA,Angle,Clear,Dry,Daylight,Traffic Control Signal,NONE DETECTED,Yes,No Apparent Injury,Failed to Yield Right-of-Way,Unknown,VA,Passenger Car,Turning Left,40,No,2014,TOYOTA,CAMRY,39.05405761,-77.13805883,2025,10,8
250044720,Property Damage Crash,10/05/2025 02:25:00 AM,EDMONSTON DR,NA,Front to Front,Clear,Dry,Medium,No Controls,NONE DETECTED,No,NA,NA,NA,NA,Passenger Car,Moving Constant Speed,25,No,2024,HYUNDAI,SONATA,39.07770214,-77.13082525,2025,10,2
250044721,Injury Crash,10/05/2025 02:18:00 AM,E RANDOLPH RD (WB/L),NA,Angle,Clear,Dry,Medium,Traffic Control Signal,NONE DETECTED,No,Possible Minor Injury,NA,Not Distracted,MD,Passenger Car,Moving Constant Speed,40,No,2014,NISSAN,ALTIMA,39.06345956,-76.96582917,2025,10,2
250044721,Injury Crash,10/05/2025 02:18:00 AM,E RANDOLPH RD (WB/L),NA,Angle,Clear,Dry,Medium,Traffic Control Signal,NONE DETECTED,Yes,No Apparent Injury,NA,Unknown,NA,Passenger Car,Moving Constant Speed,40,No,2013,VOLKSWAGEN,PASSAT,39.06345956,-76.96582917,2025,10,2
250044715,Property Damage Crash,10/05/2025 12:59:00 AM,GLEN RD,NA,Single Vehicle,Clear,Dry,Dark,No Controls,NONE DETECTED,No,No Apparent Injury,NA,Not Distracted,MD,Passenger Car,Negotiating a Curve,30,No,2005,HYUNDAI,ELANTRA,39.04541867,-77.22128483,2025,10,0
250044714,Property Damage Crash,10/05/2025 12:54:00 AM,W EDMONSTON DR,NA,Single Vehicle,Clear,Dry,Medium,No Controls,ALCOHOL PRESENT,No,No Apparent Injury,NA,Unknown,MD,Sport Utility Vehicle,Moving Constant Speed,25,No,2024,SUBARU,SOLTERRA,39.07145823,-77.14069525,2025,10,0
250044702,Property Damage Crash,10/04/2025 10:10:00 PM,NA,NA,Front to Rear,Clear,Dry,Medium,Traffic Control Signal,NONE DETECTED,No,No Apparent Injury,NA,Not Distracted,MD,Passenger Car,Stopped in Traffic,55,No,2015,FORD,ESCAPE,39.0727705,-76.95581933,2025,10,22
250044702,Property Damage Crash,10/04/2025 10:10:00 PM,NA,NA,Front to Rear,Clear,Dry,Medium,Traffic Control Signal,NONE DETECTED,Yes,No Apparent Injury,NA,Unknown,MD,Passenger Car,Slowing or Stopping,55,No,2013,BMW,328I,39.0727705,-76.95581933,2025,10,22
250044700,Property Damage Crash,10/04/2025 09:43:00 PM,NA,NA,"Sideswipe, Same Direction",Clear,NA,Medium,NA,NONE DETECTED,No,No Apparent Injury,NA,Not Distracted,MD,Passenger Car,Parked,0,No,2013,HYUNDAI,AZERA,39.02055169,-77.01348405,2025,10,21
250044700,Property Damage Crash,10/04/2025 09:43:00 PM,NA,NA,"Sideswipe, Same Direction",Clear,NA,Medium,NA,NONE DETECTED,Yes,No Apparent Injury,NA,Unknown,MD,Pickup,Accelerating,0,No,2020,TOYOTA,TACOMA,39.02055169,-77.01348405,2025,10,21
250044691,Injury Crash,10/04/2025 07:47:00 PM,NA,NA,Angle,Clear,Dry,Medium,Traffic Control Signal,NONE DETECTED,No,No Apparent Injury,NA,Not Distracted,MD,Bus - Transit,Turning Left,35,No,2014,GILLIG,LOW FLOOR BUS,39.12886507,-77.16756924,2025,10,19
250044691,Injury Crash,10/04/2025 07:47:00 PM,NA,NA,Angle,Clear,Dry,Medium,Traffic Control Signal,NONE DETECTED,Yes,Possible Minor Injury,"Operated Motor Vehicle in Inattentive, Careless, Negligent, or Erratic Manner, Ran Red Light","Other Action (looking away from task, etc.)",MD,Passenger Car,Moving Constant Speed,35,No,2013,HYUNDAI,ELANTRA,39.12886507,-77.16756924,2025,10,19
250044690,Injury Crash,10/04/2025 07:41:00 PM,BONIFANT RD,NA,Front to Front,Clear,Dry,Daylight,No Controls,NONE DETECTED,Yes,No Apparent Injury,"Failed to Keep in Proper Lane, Other Improper Action",Unknown,MD,Passenger Car,Moving Constant Speed,30,No,2016,HONDA,PILOT,39.09152567,-77.04242983,2025,10,19
250044690,Injury Crash,10/04/2025 07:41:00 PM,BONIFANT RD,NA,Front to Front,Clear,Dry,Daylight,No Controls,NONE DETECTED,No,No Apparent Injury,NA,Not Distracted,DC,Passenger Car,Moving Constant Speed,30,No,2025,CHEVROLET,TRAX,39.09152567,-77.04242983,2025,10,19
250044690,Injury Crash,10/04/2025 07:41:00 PM,BONIFANT RD,NA,Front to Front,Clear,Dry,Daylight,No Controls,NONE DETECTED,No,Possible Minor Injury,NA,Not Distracted,MD,Passenger Car,Moving Constant Speed,30,No,2017,LEXUS,RX,39.09152567,-77.04242983,2025,10,19
250044689,Property Damage Crash,10/04/2025 07:30:00 PM,OLNEY SANDY SPRING RD,NA,Angle,Clear,Dry,Medium,No Controls,NONE DETECTED,Yes,No Apparent Injury,Improper Passing,Not Distracted,MD,Passenger Car,Overtaking/Passing,30,No,2020,PORSCHE,MACAN,39.14946292,-77.02576608,2025,10,19
250044689,Property Damage Crash,10/04/2025 07:30:00 PM,OLNEY SANDY SPRING RD,NA,Angle,Clear,Dry,Medium,No Controls,NONE DETECTED,No,No Apparent Injury,NA,Not Distracted,MD,Passenger Car,Turning Left,30,No,2024,CADILLAC,ESCALADE,39.14946292,-77.02576608,2025,10,19
250044695,Property Damage Crash,10/04/2025 07:18:00 PM,METRORAIL TRACK B1 RAIL,NA,Angle,Clear,Dry,Medium,No Controls,NONE DETECTED,Yes,No Apparent Injury,NA,Not Distracted,MD,Passenger Car,Turning Left,30,No,2013,LINCOLN,MKX,39.01064709,-77.04093788,2025,10,19
250044695,Property Damage Crash,10/04/2025 07:18:00 PM,METRORAIL TRACK B1 RAIL,NA,Angle,Clear,Dry,Medium,No Controls,NONE DETECTED,No,No Apparent Injury,NA,Not Distracted,MD,Passenger Car,Moving Constant Speed,30,No,2024,HONDA,ACCORD,39.01064709,-77.04093788,2025,10,19
250044701,Property Damage Crash,10/04/2025 07:11:00 PM,NA,NA,Single Vehicle,Clear,NA,Daylight,NA,NONE DETECTED,Yes,No Apparent Injury,NA,Not Distracted,MD,Passenger Car,Backing,0,No,2017,FORD,EXPLORER,39.14004171,-77.19410215,2025,10,19
250044677,Property Damage Crash,10/04/2025 06:06:00 PM,WOODMONT AVE,Cyclist (non-electric),Single Vehicle,Clear,Dry,Daylight,Traffic Control Signal,NONE DETECTED,No,No Apparent Injury,NA,Not Distracted,VA,Bus - Transit,Turning Left,25,No,2014,GILLIG,LOW FLOOR BUS,38.98467867,-77.09671767,2025,10,18
250044670,Property Damage Crash,10/04/2025 05:55:00 PM,NA,NA,Single Vehicle,Clear,NA,Daylight,NA,NONE DETECTED,No,No Apparent Injury,NA,Not Distracted,MD,Sport Utility Vehicle,Backing,0,No,2025,DODGE,DURANGO,38.99135273,-77.09784592,2025,10,17
250044671,Property Damage Crash,10/04/2025 05:28:00 PM,NA,NA,Front to Rear,Clear,Dry,Daylight,Traffic Control Signal,ALCOHOL PRESENT,Yes,No Apparent Injury,"Operated Motor Vehicle in Inattentive, Careless, Negligent, or Erratic Manner",Not Distracted,MD,Van - Passenger (&lt;9 Seats),Moving Constant Speed,35,No,2014,RAM,PROMASTER 2500,39.14170152,-77.21746595,2025,10,17
250044671,Property Damage Crash,10/04/2025 05:28:00 PM,NA,NA,Front to Rear,Clear,Dry,Daylight,Traffic Control Signal,NONE DETECTED,No,No Apparent Injury,NA,Not Distracted,MD,Passenger Car,Stopped in Traffic,35,No,2020,TOYOTA,COROLLA,39.14170152,-77.21746595,2025,10,17
250044664,Property Damage Crash,10/04/2025 05:15:00 PM,CHESHIRE DR (SB/L),NA,Angle,Clear,Dry,Daylight,Traffic Control Signal,NONE DETECTED,Yes,No Apparent Injury,NA,Unknown,MD,Passenger Car,Turning Left,35,No,2005,HONDA,ACCORD,39.02238693,-77.12357764,2025,10,17
250044664,Property Damage Crash,10/04/2025 05:15:00 PM,CHESHIRE DR (SB/L),NA,Angle,Clear,Dry,Daylight,Traffic Control Signal,NONE DETECTED,No,No Apparent Injury,NA,Not Distracted,TX,Pickup,Moving Constant Speed,35,No,2019,TOYOTA,TACOMA,39.02238693,-77.12357764,2025,10,17
250044660,Property Damage Crash,10/04/2025 04:41:00 PM,COLUMBIA PIKE,NA,Front to Rear,Clear,Dry,Daylight,Traffic Control Signal,NONE DETECTED,No,No Apparent Injury,NA,Not Distracted,MD,Passenger Car,Stopped in Traffic,40,No,2014,TOYOTA,HIGHLANDER,39.03918212,-76.99782419,2025,10,16
250044660,Property Damage Crash,10/04/2025 04:41:00 PM,COLUMBIA PIKE,NA,Front to Rear,Clear,Dry,Daylight,Traffic Control Signal,NONE DETECTED,Yes,No Apparent Injury,NA,Unknown,MD,Passenger Car,Moving Constant Speed,40,No,2016,HONDA,ACCORD,39.03918212,-76.99782419,2025,10,16
250044660,Property Damage Crash,10/04/2025 04:41:00 PM,COLUMBIA PIKE,NA,Front to Rear,Clear,Dry,Daylight,Traffic Control Signal,NONE DETECTED,No,No Apparent Injury,NA,Not Distracted,MD,Passenger Car,Stopped in Traffic,40,No,2015,LEXUS,ES,39.03918212,-76.99782419,2025,10,16