Local Case Number,ACRS Report Type,Crash Date/Time,Road Name,Related Non-Motorist,Collision Type,Weather,Surface Condition,Light,Traffic Control,Driver Substance Abuse,Driver At Fault,Injury Severity,Circumstance,Driver Distracted By,Drivers License State,Vehicle Body Type,Vehicle Movement,Speed Limit,Driverless Vehicle,Vehicle Year,Vehicle Make,Vehicle Model,Latitude,Longitude,Year,Month,Hour
250044432,Property Damage Crash,10/03/2025 09:58:00 AM,W MONTGOMERY AVE,NA,Front to Rear,Clear,Dry,Daylight,Traffic Control Signal,NONE DETECTED,Yes,No Apparent Injury,NA,"Other Action (looking away from task, etc.)",MD,Passenger Car,Moving Constant Speed,45,No,2010,MAZDA,MAZDA6,39.09298356,-77.18297652,2025,10,9
250044430,Property Damage Crash,10/03/2025 09:47:00 AM,VEIRS MILL RD,NA,Front to Rear,Clear,Dry,Daylight,No Controls,NONE DETECTED,No,No Apparent Injury,NA,Not Distracted,MD,Passenger Car,Moving Constant Speed,30,No,2010,FORD,FOCUS,39.03750872,-77.05198605,2025,10,9
250044430,Property Damage Crash,10/03/2025 09:47:00 AM,VEIRS MILL RD,NA,Front to Rear,Clear,Dry,Daylight,No Controls,NONE DETECTED,No,No Apparent Injury,NA,Not Distracted,MD,Pickup,Slowing or Stopping,30,No,2023,TOYOTA,TACOMA,39.03750872,-77.05198605,2025,10,9
250044427,Injury Crash,10/03/2025 09:30:00 AM,NA,Cyclist (non-electric),Single Vehicle,Clear,NA,Daylight,NA,NONE DETECTED,Yes,No Apparent Injury,NA,"Other Action (looking away from task, etc.)",MD,Passenger Car,Accelerating,0,No,2017,TOYOTA,CAMRY,39.13637762,-77.19244543,2025,10,9
250044425,Injury Crash,10/03/2025 08:59:00 AM,NA,NA,"Sideswipe, Same Direction",Clear,Dry,Daylight,No Controls,NONE DETECTED,Yes,Possible Minor Injury,"Failed to Keep in Proper Lane, Over-Correcting/Over-Steering",Not Distracted,MD,Passenger Car,Moving Constant Speed,25,No,2021,TOYOTA,RAV4,39.16701167,-77.25183317,2025,10,8
250044426,Property Damage Crash,10/03/2025 08:58:00 AM,POMMEL DR,NA,Angle,Clear,Dry,Daylight,Yield Sign,NONE DETECTED,Yes,No Apparent Injury,NA,Not Distracted,MD,Passenger Car,Accelerating,30,No,2025,TOYOTA,COROLLA,39.09753,-77.212518,2025,10,8
250044426,Property Damage Crash,10/03/2025 08:58:00 AM,POMMEL DR,NA,Angle,Clear,Dry,Daylight,No Controls,NONE DETECTED,No,No Apparent Injury,NA,Not Distracted,MD,Passenger Car,Moving Constant Speed,30,No,2019,HYUNDAI,SANTA FE,39.09753,-77.212518,2025,10,8
250044421,Property Damage Crash,10/03/2025 08:27:00 AM,UNIVERSITY BLVD E,NA,Front to Rear,Clear,Dry,Daylight,Traffic Control Signal,NONE DETECTED,Yes,No Apparent Injury,NA,Unknown,MD,Sport Utility Vehicle,Moving Constant Speed,40,No,2011,FORD,TRANSIT CONNECT,38.9997554,-76.99550623,2025,10,8
250044421,Property Damage Crash,10/03/2025 08:27:00 AM,UNIVERSITY BLVD E,NA,Front to Rear,Clear,Dry,Daylight,Traffic Control Signal,NONE DETECTED,No,No Apparent Injury,NA,Not Distracted,MD,Sport Utility Vehicle,Slowing or Stopping,40,No,2013,FORD,TRANSIT CONNECT,38.9997554,-76.99550623,2025,10,8
250044420,Injury Crash,10/03/2025 08:11:00 AM,LOCKWOOD DR,Cyclist (Electric),Single Vehicle,Clear,Dry,Daylight,No Controls,NONE DETECTED,Yes,No Apparent Injury,NA,Not Distracted,MD,Passenger Car,Overtaking/Passing,30,No,2022,LEXUS,ES,39.03389917,-77.000405,2025,10,8
250044419,Property Damage Crash,10/03/2025 07:55:00 AM,FRANKFORT DR,NA,Single Vehicle,Clear,Dry,Daylight,No Controls,NONE DETECTED,No,No Apparent Injury,Improper Turn,Not Distracted,MD,Bus - School,Turning Right,0,No,2020,FREIGHTLINER,B2 BUS CHASSIS,39.08483694,-77.09057674,2025,10,7
250044413,Property Damage Crash,10/03/2025 07:50:00 AM,GERMANTOWN RD,NA,Angle,Clear,Dry,Daylight,Traffic Control Signal,NONE DETECTED,No,No Apparent Injury,NA,Not Distracted,MD,Pickup,Moving Constant Speed,45,No,2012,TOYOTA,TACOMA,39.18846151,-77.25154922,2025,10,7
250044413,Property Damage Crash,10/03/2025 07:50:00 AM,GERMANTOWN RD,NA,Angle,Clear,Dry,Daylight,Traffic Control Signal,NONE DETECTED,Yes,No Apparent Injury,Failed to Yield Right-of-Way,Not Distracted,FL,Sport Utility Vehicle,Turning Left,45,No,2018,JEEP,GRAND CHEROKEE,39.18846151,-77.25154922,2025,10,7
250044415,Property Damage Crash,10/03/2025 07:41:00 AM,SEVEN LOCKS RD,NA,Front to Front,Clear,Dry,Daylight,Traffic Control Signal,NONE DETECTED,No,No Apparent Injury,NA,Not Distracted,MD,Passenger Car,Moving Constant Speed,40,No,2009,TOYOTA,RAV4,39.04066344,-77.15904134,2025,10,7
250044415,Property Damage Crash,10/03/2025 07:41:00 AM,SEVEN LOCKS RD,NA,Front to Front,Clear,Dry,Daylight,Traffic Control Signal,NONE DETECTED,No,No Apparent Injury,NA,Unknown,MD,Passenger Car,Turning Left,40,No,2018,HONDA,ODYSSEY,39.04066344,-77.15904134,2025,10,7
250044411,Property Damage Crash,10/03/2025 07:40:00 AM,WALKERS CHOICE RD,NA,Angle,Clear,Dry,Daylight,Stop Sign,NONE DETECTED,Yes,No Apparent Injury,Failed to Yield Right-of-Way,Unknown,MD,Sport Utility Vehicle,Entering Traffic Lane,25,No,2004,TOYOTA,SEQUOIA,39.16537522,-77.20460302,2025,10,7
250044411,Property Damage Crash,10/03/2025 07:40:00 AM,WALKERS CHOICE RD,NA,Angle,Clear,Dry,Daylight,No Controls,NONE DETECTED,No,No Apparent Injury,NA,Not Distracted,MD,Sport Utility Vehicle,Moving Constant Speed,35,No,2016,TOYOTA,HIGHLANDER,39.16537522,-77.20460302,2025,10,7
250044414,Property Damage Crash,10/03/2025 07:31:00 AM,COLESVILLE RD (SB/L),NA,"Sideswipe, Same Direction",Clear,Dry,Daylight,No Controls,NONE DETECTED,No,NA,NA,NA,NA,Other Trucks,Accelerating,35,No,0,NA,NA,39.02097389,-77.01232481,2025,10,7
250044414,Property Damage Crash,10/03/2025 07:31:00 AM,COLESVILLE RD (SB/L),NA,"Sideswipe, Same Direction",Clear,Dry,Daylight,No Controls,NONE DETECTED,No,No Apparent Injury,NA,Not Distracted,MD,Bus - Transit,Accelerating,35,No,2023,NEW FLYER,XCELSIOR,39.02097389,-77.01232481,2025,10,7
250044536,Property Damage Crash,10/03/2025 07:15:00 AM,RANDOLPH RD,NA,"Sideswipe, Same Direction",Clear,Dry,Daylight,No Controls,NONE DETECTED,Yes,No Apparent Injury,NA,Unknown,MD,Van - Passenger (&lt;9 Seats),Changing Lanes,35,No,2008,TOYOTA,SIENNA,39.05891154,-77.06984512,2025,10,7
250044536,Property Damage Crash,10/03/2025 07:15:00 AM,RANDOLPH RD,NA,"Sideswipe, Same Direction",Clear,Dry,Daylight,No Controls,NONE DETECTED,No,No Apparent Injury,NA,Not Distracted,MD,Passenger Car,Moving Constant Speed,35,No,2002,CHRYSLER,300,39.05891154,-77.06984512,2025,10,7
250044408,Property Damage Crash,10/03/2025 06:41:00 AM,NORBECK RD (WB/L),NA,Front to Rear,Clear,Dry,Daylight,No Controls,NONE DETECTED,Yes,No Apparent Injury,Too Fast For Conditions,Unknown,MD,Passenger Car,Moving Constant Speed,35,No,2022,TOYOTA,COROLLA,39.10949033,-77.077111,2025,10,6
250044408,Property Damage Crash,10/03/2025 06:41:00 AM,NORBECK RD (WB/L),NA,Front to Rear,Clear,Dry,Daylight,No Controls,NONE DETECTED,No,No Apparent Injury,NA,Not Distracted,MD,Passenger Car,Slowing or Stopping,35,No,2020,CHEVROLET,BLAZER,39.10949033,-77.077111,2025,10,6
250044401,Property Damage Crash,10/03/2025 01:57:00 AM,CENTURY BLVD,NA,Other,Clear,Dry,Medium,Flashing Traffic Control Signal,NONE DETECTED,No,No Apparent Injury,NA,Not Distracted,MD,Passenger Car,NA,35,No,2016,VOLKSWAGEN,JETTA,39.18021767,-77.26867333,2025,10,1
250044401,Property Damage Crash,10/03/2025 01:57:00 AM,CENTURY BLVD,NA,Other,Clear,Dry,Medium,Flashing Traffic Control Signal,NONE DETECTED,No,No Apparent Injury,NA,Not Distracted,MD,Passenger Car,Moving Constant Speed,20,No,2021,TOYOTA,RAV4,39.18021767,-77.26867333,2025,10,1
250048741,Property Damage Crash,10/03/2025 12:00:00 AM,GEORGIA AVE,NA,"Sideswipe, Same Direction",Clear,Dry,Medium,No Controls,NONE DETECTED,No,No Apparent Injury,NA,Unknown,MD,Passenger Car,Moving Constant Speed,30,No,2015,MERCEDES-BENZ,ML-CLASS,39.0151214,-77.04237711,2025,10,0
250048741,Property Damage Crash,10/03/2025 12:00:00 AM,GEORGIA AVE,NA,"Sideswipe, Same Direction",Clear,Dry,Medium,No Controls,NONE DETECTED,No,No Apparent Injury,NA,Not Distracted,MD,Passenger Car,Moving Constant Speed,30,No,2024,FORD,EDGE,39.0151214,-77.04237711,2025,10,0
250044392,Property Damage Crash,10/02/2025 10:43:00 PM,CALVERTON BLVD,NA,Angle,Clear,Dry,Medium,Traffic Control Signal,NONE DETECTED,No,NA,NA,NA,NA,NA,Moving Constant Speed,40,No,0,NA,NA,39.05609492,-76.95427082,2025,10,22
250044392,Property Damage Crash,10/02/2025 10:43:00 PM,CALVERTON BLVD,NA,Angle,Clear,Dry,Medium,Traffic Control Signal,NONE DETECTED,No,No Apparent Injury,NA,Not Distracted,VA,Passenger Car,Moving Constant Speed,40,No,2007,ACURA,TL,39.05609492,-76.95427082,2025,10,22
250044385,Property Damage Crash,10/02/2025 08:35:00 PM,CLUB HOUSE RD,NA,Angle,Clear,Dry,Medium,Stop Sign,NONE DETECTED,Yes,No Apparent Injury,Failed to Yield Right-of-Way,Not Distracted,MD,Sport Utility Vehicle,Accelerating,25,No,2003,HUMMER,H2,39.17461283,-77.2049375,2025,10,20
250044385,Property Damage Crash,10/02/2025 08:35:00 PM,CLUB HOUSE RD,NA,Angle,Clear,Dry,Medium,No Controls,NONE DETECTED,No,No Apparent Injury,NA,Not Distracted,MD,Passenger Car,Moving Constant Speed,35,No,2021,TOYOTA,CAMRY,39.17461283,-77.2049375,2025,10,20
250044375,Property Damage Crash,10/02/2025 07:26:00 PM,RIDGE RD (SB/L),NA,"Sideswipe, Same Direction",Clear,Dry,Dark,No Controls,NONE DETECTED,No,NA,NA,NA,NA,Passenger Car,NA,50,No,0,NA,NA,39.336585,-77.18604167,2025,10,19
250044375,Property Damage Crash,10/02/2025 07:26:00 PM,RIDGE RD (SB/L),NA,"Sideswipe, Same Direction",Clear,Dry,Dark,No Controls,NONE DETECTED,No,No Apparent Injury,NA,Not Distracted,MD,Sport Utility Vehicle,Turning Left,50,No,2021,TOYOTA,RAV4 PRIME,39.336585,-77.18604167,2025,10,19
250044366,Property Damage Crash,10/02/2025 06:43:00 PM,NA,NA,Other,Clear,Dry,Medium,Traffic Control Signal,NONE DETECTED,No,No Apparent Injury,NA,Not Distracted,MD,Pickup,Moving Constant Speed,35,No,2015,RAM,1500,39.07851543,-77.13029631,2025,10,18
250044366,Property Damage Crash,10/02/2025 06:43:00 PM,NA,NA,Other,Clear,Dry,Medium,Lane Use Control Signal,NONE DETECTED,No,No Apparent Injury,NA,NA,NA,Other,Entering Traffic Lane,35,No,0,NA,NA,39.07851543,-77.13029631,2025,10,18
250044365,Property Damage Crash,10/02/2025 06:42:00 PM,GEORGIA AVE,NA,Front to Front,Clear,Dry,Medium,Traffic Control Signal,NONE DETECTED,No,No Apparent Injury,NA,Not Distracted,MD,Sport Utility Vehicle,Moving Constant Speed,35,No,2015,HONDA,CR-V,39.06024733,-77.05105825,2025,10,18
250044365,Property Damage Crash,10/02/2025 06:42:00 PM,GEORGIA AVE,NA,Front to Front,Clear,Dry,Medium,Traffic Control Signal,NONE DETECTED,Yes,No Apparent Injury,Failed to Yield Right-of-Way,Not Distracted,MD,Sport Utility Vehicle,Turning Left,35,No,2016,NISSAN,ROGUE,39.06024733,-77.05105825,2025,10,18
250044341,Property Damage Crash,10/02/2025 03:25:00 PM,NA,NA,Single Vehicle,Clear,NA,Daylight,NA,NONE DETECTED,No,No Apparent Injury,NA,Not Distracted,MD,Passenger Car,Turning Left,0,No,2018,FORD,TAURUS,38.9930975,-76.99342583,2025,10,15
250044342,Property Damage Crash,10/02/2025 03:04:00 PM,QUINCE ORCHARD RD (SB/L),NA,Other,Clear,Dry,Daylight,No Controls,NONE DETECTED,Yes,No Apparent Injury,Other Improper Action,Not Distracted,MD,Passenger Car,Changing Lanes,40,No,2012,BUICK,LACROSSE,39.13909427,-77.2221484,2025,10,15
250044342,Property Damage Crash,10/02/2025 03:04:00 PM,QUINCE ORCHARD RD (SB/L),NA,Other,Clear,Dry,Daylight,No Controls,NONE DETECTED,No,No Apparent Injury,NA,Not Distracted,MD,Passenger Car,Moving Constant Speed,40,No,2021,TOYOTA,CAMRY,39.13909427,-77.2221484,2025,10,15
250044335,Property Damage Crash,10/02/2025 03:03:00 PM,QUINCE ORCHARD RD (SB/L),NA,Other,Clear,Dry,Daylight,No Controls,NONE DETECTED,No,No Apparent Injury,NA,Not Distracted,MD,Passenger Car,NA,35,No,2012,BUICK,LACROSSE,39.14075305,-77.22157877,2025,10,15
250044335,Property Damage Crash,10/02/2025 03:03:00 PM,QUINCE ORCHARD RD (SB/L),NA,Other,Clear,Dry,Daylight,No Controls,NONE DETECTED,Yes,No Apparent Injury,NA,Unknown,MD,Passenger Car,Entering Traffic Lane,35,No,2021,TOYOTA,CAMRY,39.14075305,-77.22157877,2025,10,15
250044335,Property Damage Crash,10/02/2025 03:03:00 PM,QUINCE ORCHARD RD (SB/L),NA,Other,Clear,Dry,Daylight,No Controls,NONE DETECTED,No,No Apparent Injury,NA,Not Distracted,MD,Passenger Car,NA,35,No,2017,HONDA,CR-V,39.14075305,-77.22157877,2025,10,15
250044329,Property Damage Crash,10/02/2025 02:51:00 PM,ETHAN ALLEN AVE,NA,Angle,Clear,Dry,Daylight,Stop Sign,NONE DETECTED,No,No Apparent Injury,NA,Unknown,DC,Passenger Car,Moving Constant Speed,25,No,2018,HONDA,CIVIC,38.97618123,-76.99683141,2025,10,14
250044329,Property Damage Crash,10/02/2025 02:51:00 PM,ETHAN ALLEN AVE,NA,Angle,Clear,Dry,Daylight,Stop Sign,NONE DETECTED,No,No Apparent Injury,NA,Unknown,MD,Passenger Car,Moving Constant Speed,25,No,2006,HONDA,ACCORD,38.97618123,-76.99683141,2025,10,14
250044178,Property Damage Crash,10/02/2025 02:41:00 PM,UNIVERSITY BLVD,NA,Front to Rear,Clear,Dry,Daylight,No Controls,NONE DETECTED,Yes,No Apparent Injury,NA,Unknown,DC,Passenger Car,Moving Constant Speed,15,No,2002,NISSAN,ALTIMA,38.98702804,-76.98481838,2025,10,14
250044178,Property Damage Crash,10/02/2025 02:41:00 PM,UNIVERSITY BLVD,NA,Front to Rear,Clear,Dry,Daylight,No Controls,NONE DETECTED,No,No Apparent Injury,NA,Not Distracted,MD,Other,Parked,15,No,2016,INTERNATIONAL,MA025,38.98702804,-76.98481838,2025,10,14
250044323,Property Damage Crash,10/02/2025 02:02:00 PM,NA,NA,Angle,Clear,NA,Daylight,NA,NONE DETECTED,Yes,No Apparent Injury,Failed to Yield Right-of-Way,Not Distracted,MD,Passenger Car,Turning Left,0,No,2012,HYUNDAI,ELANTRA,39.18101166,-77.27024324,2025,10,14
250044323,Property Damage Crash,10/02/2025 02:02:00 PM,NA,NA,Angle,Clear,NA,Daylight,NA,NONE DETECTED,No,No Apparent Injury,NA,Not Distracted,MD,Passenger Car,Moving Constant Speed,0,No,2004,HONDA,PILOT,39.18101166,-77.27024324,2025,10,14
250044314,Property Damage Crash,10/02/2025 01:06:00 PM,CONNECTICUT AVE (SB/L),NA,Rear To Side,Clear,Dry,Daylight,No Controls,NONE DETECTED,No,No Apparent Injury,NA,Not Distracted,MD,Passenger Car,Moving Constant Speed,35,No,2024,FORD,ESCAPE,39.02041545,-77.07714841,2025,10,13
250044314,Property Damage Crash,10/02/2025 01:06:00 PM,CONNECTICUT AVE (SB/L),NA,Rear To Side,Clear,Dry,Daylight,No Controls,NONE DETECTED,Yes,No Apparent Injury,NA,Not Distracted,MD,Passenger Car,Turning Left,35,No,2001,HONDA,ACCORD,39.02041545,-77.07714841,2025,10,13
250044306,Injury Crash,10/02/2025 12:35:00 PM,WINTERGATE DR,NA,Front to Rear,Clear,Dry,Daylight,Traffic Control Signal,NONE DETECTED,No,Possible Minor Injury,NA,Unknown,MD,Passenger Car,Moving Constant Speed,35,No,2022,KIA,FORTE,39.11246417,-77.05904479,2025,10,12
250044306,Injury Crash,10/02/2025 12:35:00 PM,WINTERGATE DR,NA,Front to Rear,Clear,Dry,Daylight,Traffic Control Signal,NONE DETECTED,No,Possible Minor Injury,NA,Not Distracted,MD,Passenger Car,Slowing or Stopping,35,No,2017,HYUNDAI,SANTA FE,39.11246417,-77.05904479,2025,10,12
250044295,Property Damage Crash,10/02/2025 11:00:00 AM,ROCKVILLE PIKE (SB/L),NA,Front to Rear,Clear,Dry,Daylight,Traffic Control Signal,NONE DETECTED,No,No Apparent Injury,NA,Not Distracted,MD,Passenger Car,Slowing or Stopping,35,No,2022,HONDA,CR-V,39.00647314,-77.09766867,2025,10,11
250044295,Property Damage Crash,10/02/2025 11:00:00 AM,ROCKVILLE PIKE (SB/L),NA,Front to Rear,Clear,Dry,Daylight,Traffic Control Signal,NONE DETECTED,No,NA,Followed Too Closely,NA,NA,NA,Moving Constant Speed,35,No,0,NA,NA,39.00647314,-77.09766867,2025,10,11
250044293,Injury Crash,10/02/2025 10:41:00 AM,UNIVERSITY BLVD E,NA,Angle,Cloudy,Dry,Daylight,Traffic Control Signal,NONE DETECTED,Yes,No Apparent Injury,NA,Unknown,MD,Passenger Car,Moving Constant Speed,40,No,2008,HONDA,ACCORD,38.99963233,-76.99557433,2025,10,10
250044293,Injury Crash,10/02/2025 10:41:00 AM,UNIVERSITY BLVD E,NA,Angle,Cloudy,Dry,Daylight,Traffic Control Signal,NONE DETECTED,Yes,Possible Minor Injury,NA,Unknown,MD,Sport Utility Vehicle,Moving Constant Speed,35,No,2020,TOYOTA,HIGHLANDER,38.99963233,-76.99557433,2025,10,10
250044290,Property Damage Crash,10/02/2025 10:22:00 AM,NA,NA,Other,Clear,NA,Daylight,NA,NONE DETECTED,No,No Apparent Injury,NA,Not Distracted,MD,Passenger Car,Accelerating,0,No,2015,HONDA,CR-V,39.11380035,-77.15601597,2025,10,10
250044276,Property Damage Crash,10/02/2025 08:47:00 AM,RIDGE PL,NA,"Sideswipe, Same Direction",Clear,Dry,Daylight,No Controls,NONE DETECTED,No,NA,NA,NA,NA,Other Trucks,Moving Constant Speed,25,No,2015,INTERNATIONAL,SA525,39.00296167,-77.12569383,2025,10,8
250044265,Injury Crash,10/02/2025 05:49:00 AM,SHOREFIELD RD,Pedestrian,Single Vehicle,Clear,Dry,Medium,No Controls,NONE DETECTED,Yes,No Apparent Injury,"Failed to Yield Right-of-Way, Other Improper Action",Unknown,MD,Pickup,Turning Left,35,No,2014,CHEVROLET,SILVERADO,39.05302299,-77.05118267,2025,10,5
250044258,Property Damage Crash,10/02/2025 01:55:00 AM,CLOPPER RD,NA,Single Vehicle,Clear,Dry,Medium,No Controls,NONE DETECTED,Yes,No Apparent Injury,"Failed to Keep in Proper Lane, Operated Motor Vehicle in Inattentive, Careless, Negligent, or Erratic Manner, Ran Off Roadway",NA,MD,Passenger Car,Moving Constant Speed,35,No,2011,HONDA,ACCORD,39.160026,-77.277837,2025,10,1
250044244,Property Damage Crash,10/01/2025 08:52:00 PM,TUCKERMAN LA (EB/L),NA,Single Vehicle,Clear,Dry,Medium,Traffic Control Signal,ALCOHOL PRESENT,Yes,No Apparent Injury,NA,Not Distracted,MD,Passenger Car,Moving Constant Speed,35,No,2006,INFINITI,M35,39.03470512,-77.12544015,2025,10,20
250044231,Injury Crash,10/01/2025 07:58:00 PM,OLNEY MILL RD (SB/L),NA,Angle,Clear,Dry,Medium,Traffic Control Signal,NONE DETECTED,Yes,Possible Minor Injury,Failed to Yield Right-of-Way,Not Distracted,MD,Sport Utility Vehicle,Turning Left,40,No,2023,CHEVROLET,TAHOE,39.16530427,-77.08388339,2025,10,19
250044231,Injury Crash,10/01/2025 07:58:00 PM,OLNEY MILL RD (SB/L),NA,Angle,Clear,Dry,Medium,Traffic Control Signal,NONE DETECTED,No,Possible Minor Injury,NA,Not Distracted,MD,Pickup,Moving Constant Speed,40,No,2022,CHEVROLET,SILVERADO,39.16530427,-77.08388339,2025,10,19
250044230,Property Damage Crash,10/01/2025 07:36:00 PM,UNIVERSITY BLVD E,NA,"Sideswipe, Same Direction",Clear,Dry,Medium,No Controls,NONE DETECTED,No,No Apparent Injury,NA,Not Distracted,MD,Sport Utility Vehicle,Slowing or Stopping,35,No,2014,TOYOTA,RAV4,39.00012288,-76.99557711,2025,10,19
250044230,Property Damage Crash,10/01/2025 07:36:00 PM,UNIVERSITY BLVD E,NA,"Sideswipe, Same Direction",Clear,Dry,Medium,No Controls,NONE DETECTED,Yes,No Apparent Injury,NA,Not Distracted,MD,Passenger Car,Changing Lanes,35,No,2020,TOYOTA,COROLLA,39.00012288,-76.99557711,2025,10,19
250044219,Property Damage Crash,10/01/2025 06:33:00 PM,NA,NA,Rear To Side,Clear,Dry,Daylight,No Controls,NONE DETECTED,No,No Apparent Injury,NA,Not Distracted,MD,Passenger Car,Moving Constant Speed,35,No,2013,CHEVROLET,MALIBU,39.15365736,-77.21071484,2025,10,18
250044219,Property Damage Crash,10/01/2025 06:33:00 PM,NA,NA,Rear To Side,Clear,Dry,Daylight,No Controls,NONE DETECTED,No,No Apparent Injury,Failed to Yield Right-of-Way,Unknown,MD,Sport Utility Vehicle,Entering Traffic Lane,35,No,2004,HONDA,PILOT,39.15365736,-77.21071484,2025,10,18
250044207,Property Damage Crash,10/01/2025 05:51:00 PM,RIDGE RD (SB/L),NA,Other,Clear,Dry,Daylight,No Controls,NONE DETECTED,No,No Apparent Injury,NA,Not Distracted,MD,Pickup,Moving Constant Speed,40,No,2010,NISSAN,FRONTIER,39.24682217,-77.23413483,2025,10,17
250044207,Property Damage Crash,10/01/2025 05:51:00 PM,RIDGE RD (SB/L),NA,Other,Clear,Dry,Daylight,No Controls,NONE DETECTED,Yes,No Apparent Injury,Failed to Yield Right-of-Way,Unknown,MD,Passenger Car,Accelerating,40,No,1999,JEEP,WRANGLER,39.24682217,-77.23413483,2025,10,17
250044206,Property Damage Crash,10/01/2025 05:30:00 PM,NA,NA,"Sideswipe, Same Direction",Clear,Dry,Daylight,No Controls,NONE DETECTED,No,No Apparent Injury,NA,Not Distracted,MD,Sport Utility Vehicle,Moving Constant Speed,40,No,2018,TOYOTA,HIGHLANDER,39.10652963,-76.94097705,2025,10,17
250044206,Property Damage Crash,10/01/2025 05:30:00 PM,NA,NA,"Sideswipe, Same Direction",Clear,Dry,Daylight,No Controls,NONE DETECTED,No,NA,NA,NA,NA,Pickup,Changing Lanes,40,No,2011,FORD,F-450,39.10652963,-76.94097705,2025,10,17
250044212,Property Damage Crash,10/01/2025 05:00:00 PM,NA,NA,Single Vehicle,Clear,NA,Daylight,NA,NONE DETECTED,No,No Apparent Injury,NA,Not Distracted,MD,Pickup,Turning Left,0,No,2020,FORD,F-150,39.17809374,-77.17657779,2025,10,17
250044194,Property Damage Crash,10/01/2025 04:43:00 PM,NOTLEY RD,NA,Front to Rear,Clear,Dry,Daylight,No Controls,NONE DETECTED,No,No Apparent Injury,NA,Not Distracted,MD,Passenger Car,Moving Constant Speed,35,No,2023,HONDA,CR-V,39.0896448,-77.01435822,2025,10,16
250044194,Property Damage Crash,10/01/2025 04:43:00 PM,NOTLEY RD,NA,Front to Rear,Clear,Dry,Daylight,No Controls,NONE DETECTED,Yes,No Apparent Injury,Followed Too Closely,Not Distracted,NA,Passenger Car,Moving Constant Speed,35,No,2019,TOYOTA,COROLLA,39.0896448,-77.01435822,2025,10,16
250044188,Property Damage Crash,10/01/2025 04:02:00 PM,BURTONSVILLE DR,NA,Front to Rear,Clear,Dry,Daylight,No Controls,NONE DETECTED,Yes,No Apparent Injury,NA,Unknown,MD,Motorcycle - 2 Wheeled,Moving Constant Speed,40,No,2021,KAWASAKI,NINJA 400,39.10946363,-76.94723599,2025,10,16
250044188,Property Damage Crash,10/01/2025 04:02:00 PM,BURTONSVILLE DR,NA,Front to Rear,Clear,Dry,Daylight,No Controls,NONE DETECTED,No,No Apparent Injury,NA,Not Distracted,MD,Passenger Car,Slowing or Stopping,40,No,2017,SUBARU,FORESTER,39.10946363,-76.94723599,2025,10,16
250044183,Property Damage Crash,10/01/2025 04:00:00 PM,CRAIGLAWN RD,NA,Other,Clear,Dry,Daylight,No Controls,NONE DETECTED,Yes,No Apparent Injury,NA,Unknown,MD,Passenger Car,Turning Left,25,No,2018,MAZDA,CX-5,39.05669898,-76.94672249,2025,10,16
250044183,Property Damage Crash,10/01/2025 04:00:00 PM,CRAIGLAWN RD,NA,Other,Clear,Dry,Daylight,No Controls,NONE DETECTED,No,No Apparent Injury,NA,Not Distracted,VA,Passenger Car,Moving Constant Speed,25,No,2007,CHEVROLET,MONTE CARLO,39.05669898,-76.94672249,2025,10,16
250044195,Injury Crash,10/01/2025 03:30:00 PM,NA,Pedestrian,Single Vehicle,Clear,NA,Daylight,NA,NONE DETECTED,No,NA,NA,NA,NA,Passenger Car,Backing,0,No,2014,VOLKSWAGEN,JETTA SPORTWAGEN,39.04403897,-77.10532704,2025,10,15
250044174,Injury Crash,10/01/2025 03:30:00 PM,FATHER HURLEY BLVD (NB/L),NA,Angle,Clear,Dry,Daylight,Traffic Control Signal,NONE DETECTED,No,Suspected Serious Injury,NA,Unknown,GA,Van - Passenger (&lt;9 Seats),Accelerating,25,No,2005,CHEVROLET,ASTRO VAN,39.19169311,-77.27194794,2025,10,15