Local Case Number,ACRS Report Type,Crash Date/Time,Road Name,Related Non-Motorist,Collision Type,Weather,Surface Condition,Light,Traffic Control,Driver Substance Abuse,Driver At Fault,Injury Severity,Circumstance,Driver Distracted By,Drivers License State,Vehicle Body Type,Vehicle Movement,Speed Limit,Driverless Vehicle,Vehicle Year,Vehicle Make,Vehicle Model,Latitude,Longitude,Year,Month,Hour
250043531,Injury Crash,09/27/2025 07:17:00 PM,NEW HAMPSHIRE AVE (SB/L),NA,Angle,Rain,Wet,Medium,Traffic Control Signal,NONE DETECTED,No,No Apparent Injury,NA,Not Distracted,MD,Passenger Car,Turning Right,25,No,2023,LEXUS,IS,38.98164863,-76.98899338,2025,9,19
250043539,Injury Crash,09/27/2025 07:13:00 PM,DRUM CASTLE WAY,NA,Rear To Side,Clear,Dry,Medium,Stop Sign,NONE DETECTED,Yes,Possible Minor Injury,NA,Not Distracted,MD,Passenger Car,Turning Left,25,No,2017,GMC,TERRAIN,39.19085652,-77.23934586,2025,9,19
250043539,Injury Crash,09/27/2025 07:13:00 PM,DRUM CASTLE WAY,NA,Rear To Side,Clear,Dry,Medium,No Controls,NONE DETECTED,No,Possible Minor Injury,NA,Not Distracted,MD,Passenger Car,Moving Constant Speed,25,No,2003,HONDA,ACCORD,39.19085652,-77.23934586,2025,9,19
250043518,Injury Crash,09/27/2025 05:16:00 PM,OLD GEORGETOWN RD (SB/L),NA,Front to Rear,Rain,Wet,Daylight,Traffic Control Signal,NONE DETECTED,No,Possible Minor Injury,NA,Not Distracted,MD,Passenger Car,Stopped in Traffic,35,No,2024,NISSAN,SENTRA,39.03465261,-77.12487691,2025,9,17
250043518,Injury Crash,09/27/2025 05:16:00 PM,OLD GEORGETOWN RD (SB/L),NA,Front to Rear,Rain,Wet,Daylight,Traffic Control Signal,NONE DETECTED,Yes,No Apparent Injury,NA,Unknown,MD,Passenger Car,Accelerating,35,No,2013,HONDA,CIVIC,39.03465261,-77.12487691,2025,9,17
250043516,Injury Crash,09/27/2025 05:07:00 PM,GRACE CHURCH RD,Scooter (electric),Single Vehicle,Clear,Dry,Daylight,Stop Sign,NONE DETECTED,No,No Apparent Injury,NA,Not Distracted,MI,Passenger Car,Moving Constant Speed,20,No,2025,NISSAN,ALTIMA,39.00408276,-77.04105905,2025,9,17
250043506,Injury Crash,09/27/2025 04:01:00 PM,ROCKVILLE PIKE (SB/L),Cyclist (Electric),Single Vehicle,Cloudy,Dry,Daylight,Traffic Control Signal,NONE DETECTED,No,No Apparent Injury,NA,Not Distracted,DC,Bus - Transit,Moving Constant Speed,35,No,2016,GILLIG,CITY TRANSIT BUS,39.04685383,-77.11290883,2025,9,16
250043505,Injury Crash,09/27/2025 03:54:00 PM,BRAMBLE BUSH CT,NA,Angle,Rain,Wet,Daylight,No Controls,NONE DETECTED,Yes,Possible Minor Injury,Ran Off Roadway,Not Distracted,MD,Pickup,Leaving Traffic Lane,15,No,2014,FORD,F-150,39.17914383,-77.187928,2025,9,15
250043492,Injury Crash,09/27/2025 01:43:00 PM,SELFRIDGE RD,NA,Angle,Clear,Dry,Daylight,Stop Sign,NONE DETECTED,No,No Apparent Injury,NA,Not Distracted,MD,Pickup,Moving Constant Speed,25,No,2022,TOYOTA,TACOMA,39.05791072,-77.08752748,2025,9,13
250043492,Injury Crash,09/27/2025 01:43:00 PM,SELFRIDGE RD,NA,Angle,Clear,Dry,Daylight,Stop Sign,NONE DETECTED,Yes,Possible Minor Injury,Ran Stop Sign,Not Distracted,MD,Passenger Car,Accelerating,25,No,2007,HONDA,CIVIC,39.05791072,-77.08752748,2025,9,13
250043471,Injury Crash,09/27/2025 10:39:00 AM,ROCKY RD,NA,"Sideswipe, Same Direction",Cloudy,Dry,Daylight,No Controls,NONE DETECTED,Yes,No Apparent Injury,Followed Too Closely,"Other Action (looking away from task, etc.)",MD,Sport Utility Vehicle,Moving Constant Speed,50,No,2013,FORD,EXPLORER,39.22788894,-77.17750522,2025,9,10
250043471,Injury Crash,09/27/2025 10:39:00 AM,ROCKY RD,NA,"Sideswipe, Same Direction",Cloudy,Dry,Daylight,No Controls,NONE DETECTED,No,Possible Minor Injury,NA,Not Distracted,MD,Sport Utility Vehicle,Turning Left,50,No,2022,GMC,TERRAIN,39.22788894,-77.17750522,2025,9,10
250043456,Property Damage Crash,09/27/2025 09:30:00 AM,GARWOOD ST,NA,Angle,Clear,Dry,Daylight,No Controls,NONE DETECTED,No,No Apparent Injury,NA,Not Distracted,MD,Passenger Car,Moving Constant Speed,25,No,2022,HONDA,CIVIC,39.011747,-77.00371783,2025,9,9
250043456,Property Damage Crash,09/27/2025 09:30:00 AM,GARWOOD ST,NA,Angle,Clear,Dry,Daylight,Stop Sign,NONE DETECTED,Yes,No Apparent Injury,Failed to Yield Right-of-Way,Not Distracted,MD,Passenger Car,Turning Left,25,No,2015,LEXUS,RX,39.011747,-77.00371783,2025,9,9
250043456,Property Damage Crash,09/27/2025 09:30:00 AM,GARWOOD ST,NA,Angle,Clear,Dry,Daylight,No Controls,NONE DETECTED,No,No Apparent Injury,NA,Not Distracted,DC,Passenger Car,Moving Constant Speed,25,No,2019,JEEP,WRANGLER,39.011747,-77.00371783,2025,9,9
250043463,Property Damage Crash,09/27/2025 09:08:00 AM,NA,NA,"Sideswipe, Opposite Direction",Cloudy,NA,Daylight,NA,NONE DETECTED,Yes,No Apparent Injury,Improper Turn,Not Distracted,MD,Passenger Car,Turning Right,0,No,2014,TOYOTA,SIENNA,39.04800382,-77.11393539,2025,9,9
250043454,Property Damage Crash,09/27/2025 08:45:00 AM,UNIVERSITY BLVD E (WB/L),NA,Angle,Cloudy,Dry,Daylight,No Controls,NONE DETECTED,No,No Apparent Injury,NA,Not Distracted,MD,Passenger Car,Moving Constant Speed,30,No,2019,JEEP,GRAND CHEROKEE,39.01352615,-77.00358254,2025,9,8
250043454,Property Damage Crash,09/27/2025 08:45:00 AM,UNIVERSITY BLVD E (WB/L),NA,Angle,Cloudy,Dry,Daylight,No Controls,NONE DETECTED,Yes,No Apparent Injury,Failed to Yield Right-of-Way,Not Distracted,MD,Passenger Car,Changing Lanes,30,No,2017,HONDA,CIVIC,39.01352615,-77.00358254,2025,9,8
250043449,Injury Crash,09/27/2025 06:31:00 AM,HOWARD CHAPEL RD,NA,Single Vehicle,Clear,Dry,Dark,No Controls,NONE DETECTED,Yes,Possible Minor Injury,"Failed to Keep in Proper Lane, Swerved or Avoided Due to Wind, Slippery Surface, Motor Vehicle, Object, Non-Motorist in Roadway, etc",Unknown,MD,Pickup,Moving Constant Speed,35,No,2017,CHEVROLET,COLORADO,39.23627333,-77.07188,2025,9,6
250043444,Property Damage Crash,09/27/2025 04:15:00 AM,GERMANTOWN RD,NA,Front to Rear,Clear,Dry,Medium,No Controls,NONE DETECTED,No,No Apparent Injury,NA,Unknown,MD,Van - Passenger (&lt;9 Seats),Moving Constant Speed,40,No,2011,HONDA,ODYSSEY,39.17219174,-77.27630068,2025,9,4
250043444,Property Damage Crash,09/27/2025 04:15:00 AM,GERMANTOWN RD,NA,Front to Rear,Clear,Dry,Medium,No Controls,NONE DETECTED,No,No Apparent Injury,NA,Not Distracted,MD,Van - Passenger (&lt;9 Seats),Moving Constant Speed,40,No,2013,DODGE,GRAND CARAVAN,39.17219174,-77.27630068,2025,9,4
250043445,Property Damage Crash,09/27/2025 04:05:00 AM,GEORGIA AVE,NA,"Sideswipe, Same Direction",Clear,Dry,Medium,No Controls,NONE DETECTED,No,NA,NA,Unknown,NA,Pickup,Moving Constant Speed,35,No,2021,CHEVROLET,SILVERADO,38.99276047,-77.026533,2025,9,4
250043445,Property Damage Crash,09/27/2025 04:05:00 AM,GEORGIA AVE,NA,"Sideswipe, Same Direction",Clear,Dry,Medium,No Controls,NONE DETECTED,No,No Apparent Injury,NA,Not Distracted,MD,Passenger Car,Slowing or Stopping,35,No,2015,BMW,428I,38.99276047,-77.026533,2025,9,4
250043443,Injury Crash,09/27/2025 03:43:00 AM,NA,NA,Front to Front,Clear,Dry,Medium,No Controls,NONE DETECTED,Yes,Suspected Serious Injury,NA,Unknown,NA,Motorcycle - 2 Wheeled,Moving Constant Speed,40,No,2016,KAWASAKI,ZX600,39.04509467,-76.95790038,2025,9,3
250043443,Injury Crash,09/27/2025 03:43:00 AM,NA,NA,Front to Front,Clear,Dry,Medium,No Controls,NONE DETECTED,No,No Apparent Injury,NA,Not Distracted,VA,Passenger Car,Parked,40,No,2009,BMW,335I,39.04509467,-76.95790038,2025,9,3
250043443,Injury Crash,09/27/2025 03:43:00 AM,NA,NA,Front to Front,Clear,Dry,Medium,No Controls,NONE DETECTED,No,No Apparent Injury,NA,Not Distracted,VA,Passenger Car,Parked,40,No,2011,BMW,335D,39.04509467,-76.95790038,2025,9,3
250043435,Property Damage Crash,09/27/2025 12:17:00 AM,EAST WEST HWY,NA,"Sideswipe, Same Direction",Clear,Dry,Medium,Traffic Control Signal,NONE DETECTED,Yes,No Apparent Injury,NA,Not Distracted,WA,Passenger Car,Changing Lanes,35,No,2023,HYUNDAI,ELANTRA,38.99447533,-77.03649513,2025,9,0
250043435,Property Damage Crash,09/27/2025 12:17:00 AM,EAST WEST HWY,NA,"Sideswipe, Same Direction",Clear,Dry,Medium,Traffic Control Signal,NONE DETECTED,No,No Apparent Injury,NA,Not Distracted,MD,Bus - Transit,Stopped in Traffic,35,No,2023,NEW FLYER,XCELSIOR,38.99447533,-77.03649513,2025,9,0
250043425,Property Damage Crash,09/26/2025 10:35:00 PM,NEW HAMPSHIRE AVE,NA,Front to Rear,Clear,Dry,Medium,Traffic Control Signal,NONE DETECTED,No,NA,NA,NA,NA,Moped Or motorized bicycle,Moving Constant Speed,25,No,0,NA,NA,38.98423984,-76.98822916,2025,9,22
250043425,Property Damage Crash,09/26/2025 10:35:00 PM,NEW HAMPSHIRE AVE,NA,Front to Rear,Clear,Dry,Medium,Traffic Control Signal,NONE DETECTED,No,No Apparent Injury,NA,Not Distracted,MD,Passenger Car,Moving Constant Speed,25,No,2019,TOYOTA,SIENNA,38.98423984,-76.98822916,2025,9,22
250043415,Property Damage Crash,09/26/2025 09:30:00 PM,UNIVERSITY BLVD E,NA,Angle,Clear,Dry,Medium,No Controls,NONE DETECTED,No,NA,NA,NA,NA,Pickup,Turning Left,35,No,2023,JEEP,GLADIATOR,39.0014885,-76.995782,2025,9,21
250043415,Property Damage Crash,09/26/2025 09:30:00 PM,UNIVERSITY BLVD E,NA,Angle,Clear,Dry,Medium,No Controls,NONE DETECTED,No,No Apparent Injury,NA,Not Distracted,MD,Pickup,Moving Constant Speed,35,No,2023,FORD,F-150,39.0014885,-76.995782,2025,9,21
250043416,Injury Crash,09/26/2025 09:26:00 PM,LONG CORNER RD,NA,Single Vehicle,Clear,Dry,Dark,No Controls,NONE DETECTED,Yes,Possible Minor Injury,NA,Unknown,MD,Passenger Car,NA,30,No,2018,TOYOTA,COROLLA,39.28227233,-77.16155258,2025,9,21
250043413,Property Damage Crash,09/26/2025 09:16:00 PM,NA,NA,Angle,Clear,Dry,Medium,Traffic Control Signal,NONE DETECTED,No,No Apparent Injury,NA,Not Distracted,MD,Passenger Car,Turning Left,30,No,2011,CHEVROLET,MALIBU,38.998664,-77.00379617,2025,9,21
250043413,Property Damage Crash,09/26/2025 09:16:00 PM,NA,NA,Angle,Clear,Dry,Medium,Traffic Control Signal,NONE DETECTED,Yes,No Apparent Injury,NA,Not Distracted,MD,Passenger Car,Moving Constant Speed,30,No,2019,HYUNDAI,SANTA FE,38.998664,-77.00379617,2025,9,21
250043392,Property Damage Crash,09/26/2025 07:14:00 PM,NO NAME,NA,"Sideswipe, Same Direction",Clear,Dry,Medium,No Controls,NONE DETECTED,No,No Apparent Injury,NA,Not Distracted,MD,Passenger Car,Stopped in Traffic,5,No,2021,HONDA,CR-V,39.1152914,-77.07559319,2025,9,19
250043392,Property Damage Crash,09/26/2025 07:14:00 PM,NO NAME,NA,"Sideswipe, Same Direction",Clear,Dry,Medium,No Controls,NONE DETECTED,Yes,No Apparent Injury,NA,Not Distracted,MD,Bus - Transit,Accelerating,5,No,2013,NEW FLYER,XCELSIOR,39.1152914,-77.07559319,2025,9,19
250043386,Property Damage Crash,09/26/2025 05:44:00 PM,ANGUS PL,NA,Angle,Cloudy,Dry,Daylight,Traffic Control Signal,NONE DETECTED,No,No Apparent Injury,Failed to Yield Right-of-Way,Not Distracted,MD,Sport Utility Vehicle,Turning Left,35,No,2016,TOYOTA,RAV4,39.04005683,-77.15732467,2025,9,17
250043386,Property Damage Crash,09/26/2025 05:44:00 PM,ANGUS PL,NA,Angle,Cloudy,Dry,Daylight,Traffic Control Signal,NONE DETECTED,No,No Apparent Injury,NA,Not Distracted,MD,Passenger Car,Moving Constant Speed,35,No,2003,HONDA,ACCORD,39.04005683,-77.15732467,2025,9,17
250043379,Injury Crash,09/26/2025 05:19:00 PM,NA,Cyclist (Electric),Single Vehicle,Clear,Dry,Daylight,Traffic Control Signal,NONE DETECTED,No,No Apparent Injury,NA,Not Distracted,MD,Sport Utility Vehicle,Turning Right,30,No,2021,VOLVO,XC90,39.05575183,-77.14964666,2025,9,17
250043376,Injury Crash,09/26/2025 05:15:00 PM,BRADLEY BLVD,NA,Angle,Clear,Dry,Daylight,Traffic Control Signal,NONE DETECTED,Yes,Possible Minor Injury,NA,Not Distracted,IN,Passenger Car,Turning Left,35,No,2013,MAZDA,MX-5,38.98618507,-77.11532766,2025,9,17
250043376,Injury Crash,09/26/2025 05:15:00 PM,BRADLEY BLVD,NA,Angle,Clear,Dry,Daylight,Traffic Control Signal,NONE DETECTED,No,Possible Minor Injury,NA,Not Distracted,MD,Passenger Car,Moving Constant Speed,35,No,2012,HONDA,ACCORD,38.98618507,-77.11532766,2025,9,17
250043383,Injury Crash,09/26/2025 05:00:00 PM,COLUMBIA PIKE,NA,"Sideswipe, Same Direction",Clear,Dry,Daylight,No Controls,NONE DETECTED,Yes,No Apparent Injury,NA,Not Distracted,MD,Passenger Car,Moving Constant Speed,35,No,2014,HONDA,ACCORD,39.05452054,-76.97370595,2025,9,17
250043383,Injury Crash,09/26/2025 05:00:00 PM,COLUMBIA PIKE,NA,"Sideswipe, Same Direction",Clear,Dry,Daylight,No Controls,NONE DETECTED,No,Possible Minor Injury,NA,Not Distracted,MD,Passenger Car,Moving Constant Speed,35,No,2023,SUBARU,OUTBACK,39.05452054,-76.97370595,2025,9,17
250043377,Injury Crash,09/26/2025 04:59:00 PM,COLUMBIA PIKE,NA,Angle,Clear,Dry,Daylight,No Controls,DRUG PRESENT,Yes,Possible Minor Injury,NA,Not Distracted,MD,Passenger Car,Accelerating,45,No,2014,HONDA,ACCORD,39.05484396,-76.97331811,2025,9,16
250043380,Property Damage Crash,09/26/2025 04:59:00 PM,COLUMBIA PIKE,NA,"Sideswipe, Same Direction",Clear,Dry,Daylight,No Controls,NONE DETECTED,No,No Apparent Injury,NA,Not Distracted,MD,Passenger Car,Slowing or Stopping,50,No,2023,TOYOTA,CAMRY,39.05536334,-76.97238146,2025,9,16
250043380,Property Damage Crash,09/26/2025 04:59:00 PM,COLUMBIA PIKE,NA,"Sideswipe, Same Direction",Clear,Dry,Daylight,No Controls,NONE DETECTED,Yes,No Apparent Injury,"Disregarded Other Road Markings, Operated Motor Vehicle in Inattentive, Careless, Negligent, or Erratic Manner, Operated Motor Vehicle in Reckless or Aggressive Manner, Ran Off Roadway, Too Fast For Conditions",Not Distracted,MD,Passenger Car,Moving Constant Speed,50,No,2014,HONDA,ACCORD,39.05536334,-76.97238146,2025,9,16
250043377,Injury Crash,09/26/2025 04:59:00 PM,COLUMBIA PIKE,NA,Angle,Clear,Dry,Daylight,No Controls,NONE DETECTED,No,No Apparent Injury,NA,Not Distracted,MD,Passenger Car,Slowing or Stopping,45,No,2017,FORD,TAURUS,39.05484396,-76.97331811,2025,9,16
250043370,Injury Crash,09/26/2025 04:40:00 PM,OLD GEORGETOWN RD (SB/L),NA,Front to Rear,Clear,Dry,Daylight,No Controls,NONE DETECTED,No,Possible Minor Injury,NA,Not Distracted,MD,Passenger Car,Stopped in Traffic,35,No,2020,PORSCHE,911,39.01041589,-77.11529471,2025,9,16
250043370,Injury Crash,09/26/2025 04:40:00 PM,OLD GEORGETOWN RD (SB/L),NA,Front to Rear,Clear,Dry,Daylight,No Controls,NONE DETECTED,Yes,No Apparent Injury,"Followed Too Closely, Operated Motor Vehicle in Inattentive, Careless, Negligent, or Erratic Manner",Unknown,MD,Sport Utility Vehicle,Accelerating,35,No,2018,CADILLAC,ESCALADE ESV,39.01041589,-77.11529471,2025,9,16
250043375,Property Damage Crash,09/26/2025 04:32:00 PM,ROCKVILLE PIKE (SB/L),NA,Front to Rear,Clear,Dry,Daylight,No Controls,NONE DETECTED,No,No Apparent Injury,NA,Not Distracted,MH,Bus - Transit,Moving Constant Speed,35,No,2017,GILLIG,LOW FLOOR BUS,39.06133162,-77.12365471,2025,9,16
250043375,Property Damage Crash,09/26/2025 04:32:00 PM,ROCKVILLE PIKE (SB/L),NA,Front to Rear,Clear,Dry,Daylight,No Controls,NONE DETECTED,Yes,No Apparent Injury,NA,Not Distracted,VA,Passenger Car,Accelerating,35,No,2020,HYUNDAI,TUCSON,39.06133162,-77.12365471,2025,9,16
250043356,Property Damage Crash,09/26/2025 04:08:00 PM,NA,NA,Angle,Clear,NA,Daylight,NA,NONE DETECTED,Yes,No Apparent Injury,Improper Turn,Not Distracted,MD,Passenger Car,Turning Left,0,No,2020,TOYOTA,AVALON,39.15278392,-77.06177483,2025,9,16
250043356,Property Damage Crash,09/26/2025 04:08:00 PM,NA,NA,Angle,Clear,NA,Daylight,NA,NONE DETECTED,No,No Apparent Injury,NA,Not Distracted,MD,Sport Utility Vehicle,Parked,0,No,2025,DODGE,DURANGO,39.15278392,-77.06177483,2025,9,16
250043351,Property Damage Crash,09/26/2025 04:04:00 PM,MARYLAND AVE,NA,Angle,Clear,Dry,Daylight,Stop Sign,NONE DETECTED,No,No Apparent Injury,"Failed to Yield Right-of-Way, Too Fast For Conditions",Unknown,NA,Passenger Car,Entering Traffic Lane,15,No,2015,CHEVROLET,CRUZE,39.1448985,-77.20276117,2025,9,16
250043351,Property Damage Crash,09/26/2025 04:04:00 PM,MARYLAND AVE,NA,Angle,Clear,Dry,Daylight,No Controls,NONE DETECTED,No,No Apparent Injury,NA,Not Distracted,MD,Passenger Car,Moving Constant Speed,35,No,2018,NISSAN,ALTIMA,39.1448985,-77.20276117,2025,9,16
250043349,Injury Crash,09/26/2025 03:38:00 PM,FREDERICK RD,NA,Other,Clear,Dry,Daylight,No Controls,NONE DETECTED,No,Possible Minor Injury,NA,Not Distracted,FL,Passenger Car,Stopped in Traffic,40,No,2021,TOYOTA,RAV4,39.27747117,-77.31415317,2025,9,15
250043349,Injury Crash,09/26/2025 03:38:00 PM,FREDERICK RD,NA,Other,Clear,Dry,Daylight,No Controls,NONE DETECTED,Yes,No Apparent Injury,Other Improper Action,Not Distracted,MD,Passenger Car,Moving Constant Speed,40,No,2021,VOLKSWAGEN,TIGUAN,39.27747117,-77.31415317,2025,9,15
250043388,Property Damage Crash,09/26/2025 03:30:00 PM,NA,NA,"Sideswipe, Same Direction",Clear,NA,Daylight,NA,NONE DETECTED,Yes,NA,NA,NA,NA,Passenger Car,Turning Left,0,No,2018,TOYOTA,CAMRY,39.03322314,-77.12530432,2025,9,15
250043338,Property Damage Crash,09/26/2025 03:19:00 PM,INWOOD AVE,NA,Single Vehicle,Clear,Dry,Daylight,No Controls,NONE DETECTED,Yes,No Apparent Injury,Other Improper Action,Unknown,MD,Passenger Car,Moving Constant Speed,25,No,2018,VOLKSWAGEN,TIGUAN,39.02783317,-77.03552867,2025,9,15
250043332,Injury Crash,09/26/2025 02:52:00 PM,CRYSTAL ROCK DR (SB/L),NA,Angle,Clear,Dry,Daylight,Traffic Control Signal,NONE DETECTED,No,Possible Minor Injury,NA,Not Distracted,MD,Passenger Car,Moving Constant Speed,30,No,2025,KIA,K5,39.1811495,-77.26247833,2025,9,14
250043332,Injury Crash,09/26/2025 02:52:00 PM,CRYSTAL ROCK DR (SB/L),NA,Angle,Clear,Dry,Daylight,Traffic Control Signal,NONE DETECTED,Yes,No Apparent Injury,Ran Red Light,Unknown,MD,Passenger Car,Moving Constant Speed,45,No,2025,KIA,TELLURIDE,39.1811495,-77.26247833,2025,9,14
250043334,Injury Crash,09/26/2025 02:50:00 PM,GREAT SENECA HWY (SB/L),NA,Single Vehicle,Clear,Dry,Daylight,No Controls,NONE DETECTED,Yes,Possible Minor Injury,NA,Unknown,MD,Passenger Car,Moving Constant Speed,50,No,2009,FORD,MUSTANG,39.13057183,-77.24030667,2025,9,14
250043329,Property Damage Crash,09/26/2025 02:40:00 PM,NEW HAMPSHIRE AVE,NA,Rear To Side,Clear,Dry,Daylight,Traffic Control Signal,NONE DETECTED,Yes,No Apparent Injury,NA,Not Distracted,MD,Sport Utility Vehicle,Turning Left,40,No,2023,CHEVROLET,TAHOE,39.0757645,-77.001823,2025,9,14
250043329,Property Damage Crash,09/26/2025 02:40:00 PM,NEW HAMPSHIRE AVE,NA,Rear To Side,Clear,Dry,Daylight,Traffic Control Signal,NONE DETECTED,No,No Apparent Injury,Other Improper Action,Unknown,MD,Passenger Car,Moving Constant Speed,40,No,2016,FORD,TRANSIT CONNECT,39.0757645,-77.001823,2025,9,14
250043328,Injury Crash,09/26/2025 02:30:00 PM,GOSHEN RD,NA,Front to Rear,Clear,Dry,Daylight,No Controls,NONE DETECTED,No,Possible Minor Injury,NA,Not Distracted,MD,Passenger Car,Stopped in Traffic,35,No,2012,TOYOTA,CAMRY,39.17736987,-77.18948225,2025,9,14
250043328,Injury Crash,09/26/2025 02:30:00 PM,GOSHEN RD,NA,Front to Rear,Clear,Dry,Daylight,No Controls,NONE DETECTED,Yes,No Apparent Injury,Followed Too Closely,Not Distracted,MD,Passenger Car,Slowing or Stopping,35,No,2015,HONDA,CIVIC,39.17736987,-77.18948225,2025,9,14
250043346,Property Damage Crash,09/26/2025 02:20:00 PM,ROCKVILLE PIKE (SB/L),NA,"Sideswipe, Same Direction",Clear,Dry,Daylight,No Controls,NONE DETECTED,No,No Apparent Injury,NA,Not Distracted,MD,Passenger Car,Moving Constant Speed,40,No,2019,HONDA,ACCORD,39.01713695,-77.10185179,2025,9,14
250043346,Property Damage Crash,09/26/2025 02:20:00 PM,ROCKVILLE PIKE (SB/L),NA,"Sideswipe, Same Direction",Clear,Dry,Daylight,No Controls,NONE DETECTED,No,NA,NA,NA,NA,Bus - Transit,Changing Lanes,40,No,2013,NEW FLYER,XCELSIOR,39.01713695,-77.10185179,2025,9,14
250043335,Property Damage Crash,09/26/2025 02:18:00 PM,NA,NA,Angle,Clear,Dry,Daylight,Traffic Control Signal,NONE DETECTED,No,No Apparent Injury,Failed to Yield Right-of-Way,Unknown,MD,Passenger Car,Turning Left,35,No,2005,TOYOTA,SCION XB,39.05746682,-77.12036499,2025,9,14
250043335,Property Damage Crash,09/26/2025 02:18:00 PM,NA,NA,Angle,Clear,Dry,Daylight,Traffic Control Signal,NONE DETECTED,No,No Apparent Injury,NA,Not Distracted,MD,Sport Utility Vehicle,Moving Constant Speed,35,No,2012,TOYOTA,RAV4,39.05746682,-77.12036499,2025,9,14
250043321,Injury Crash,09/26/2025 01:49:00 PM,LOCKWOOD DR,NA,"Sideswipe, Same Direction",Clear,Dry,Daylight,Traffic Control Signal,NONE DETECTED,No,No Apparent Injury,NA,Not Distracted,MD,Bus - Transit,Turning Left,35,No,2008,GILLIG,CITY TRANSIT BUS,39.03378342,-77.00231831,2025,9,13
250043321,Injury Crash,09/26/2025 01:49:00 PM,LOCKWOOD DR,NA,"Sideswipe, Same Direction",Clear,Dry,Daylight,Traffic Control Signal,NONE DETECTED,No,No Apparent Injury,NA,Not Distracted,MD,Bus - Transit,Turning Left,35,No,2013,NEW FLYER,XCELSIOR,39.03378342,-77.00231831,2025,9,13
250043318,Property Damage Crash,09/26/2025 01:46:00 PM,GEORGIA AVE,NA,Front to Rear,Clear,Dry,Daylight,No Controls,NONE DETECTED,No,No Apparent Injury,NA,Not Distracted,MD,Sport Utility Vehicle,Slowing or Stopping,35,No,2021,LEXUS,ES,39.09181919,-77.0796372,2025,9,13
250043318,Property Damage Crash,09/26/2025 01:46:00 PM,GEORGIA AVE,NA,Front to Rear,Clear,Dry,Daylight,No Controls,NONE DETECTED,Yes,No Apparent Injury,NA,Not Distracted,MD,Sport Utility Vehicle,Moving Constant Speed,35,No,2015,TOYOTA,SCION XB,39.09181919,-77.0796372,2025,9,13
250043287,Property Damage Crash,09/26/2025 11:13:00 AM,GOLD MINE RD,NA,Angle,Clear,Dry,Daylight,Traffic Control Signal,NONE DETECTED,No,No Apparent Injury,NA,Not Distracted,MD,Passenger Car,Moving Constant Speed,40,No,2010,BMW,328I,39.17190567,-77.059138,2025,9,11
250043287,Property Damage Crash,09/26/2025 11:13:00 AM,GOLD MINE RD,NA,Angle,Clear,Dry,Daylight,Traffic Control Signal,NONE DETECTED,Yes,No Apparent Injury,Failed to Yield Right-of-Way,Not Distracted,MD,Pickup,Turning Left,40,No,2019,NISSAN,FRONTIER,39.17190567,-77.059138,2025,9,11
250043296,Property Damage Crash,09/26/2025 11:07:00 AM,NA,NA,Rear To Side,Clear,NA,Daylight,NA,NONE DETECTED,No,No Apparent Injury,NA,NA,NA,Passenger Car,Backing,0,No,2019,HONDA,HR-V,39.04814543,-77.10233524,2025,9,11
250043275,Property Damage Crash,09/26/2025 09:27:00 AM,YALE PL,NA,"Sideswipe, Same Direction",Clear,Dry,Daylight,No Controls,NONE DETECTED,No,No Apparent Injury,NA,Not Distracted,MD,Bus - School,Turning Left,25,No,2019,THOMAS BUILT,HDX,39.10316393,-77.16210487,2025,9,9
250043275,Property Damage Crash,09/26/2025 09:27:00 AM,YALE PL,NA,"Sideswipe, Same Direction",Clear,Dry,Daylight,No Controls,NONE DETECTED,No,NA,NA,NA,NA,Passenger Car,Parked,25,No,2016,CHRYSLER,200,39.10316393,-77.16210487,2025,9,9
250043272,Property Damage Crash,09/26/2025 09:10:00 AM,ASPEN HILL RD,NA,Front to Rear,Clear,Dry,Daylight,No Controls,NONE DETECTED,No,No Apparent Injury,NA,Not Distracted,MD,Passenger Car,Slowing or Stopping,30,No,2015,TOYOTA,RAV4,39.06958304,-77.1043917,2025,9,9