Local Case Number,ACRS Report Type,Crash Date/Time,Road Name,Related Non-Motorist,Collision Type,Weather,Surface Condition,Light,Traffic Control,Driver Substance Abuse,Driver At Fault,Injury Severity,Circumstance,Driver Distracted By,Drivers License State,Vehicle Body Type,Vehicle Movement,Speed Limit,Driverless Vehicle,Vehicle Year,Vehicle Make,Vehicle Model,Latitude,Longitude,Year,Month,Hour
250043099,Injury Crash,09/25/2025 07:30:00 AM,LANARK WAY,Pedestrian,Single Vehicle,Rain,Wet,Medium,Traffic Control Signal,NONE DETECTED,No,No Apparent Injury,Too Fast For Conditions,Not Distracted,MD,Passenger Car,Slowing or Stopping,35,No,2009,HONDA,FIT,39.01854526,-77.01425544,2025,9,7
250043080,Injury Crash,09/25/2025 07:18:00 AM,W GUDE DR (WB/L),NA,Angle,Rain,Wet,Medium,Traffic Control Signal,NONE DETECTED,No,Possible Minor Injury,NA,Not Distracted,MD,Passenger Car,Moving Constant Speed,35,No,2025,CHEVROLET,TRAX,39.10534953,-77.17116009,2025,9,7
250043080,Injury Crash,09/25/2025 07:18:00 AM,W GUDE DR (WB/L),NA,Angle,Rain,Wet,Medium,Traffic Control Signal,NONE DETECTED,No,Possible Minor Injury,Failed to Yield Right-of-Way,Not Distracted,MD,Passenger Car,Turning Left,35,No,2016,KIA,SOUL,39.10534953,-77.17116009,2025,9,7
250043073,Property Damage Crash,09/25/2025 06:39:00 AM,FATHER HURLEY BLVD (NB/L),NA,Front to Rear,Rain,Wet,Medium,No Controls,NONE DETECTED,No,No Apparent Injury,NA,Not Distracted,DC,Bus - Transit,Slowing or Stopping,35,No,2020,GILLIG,LOW FLOOR BUS,39.18633667,-77.27373,2025,9,6
250043073,Property Damage Crash,09/25/2025 06:39:00 AM,FATHER HURLEY BLVD (NB/L),NA,Front to Rear,Rain,Wet,Medium,No Controls,NONE DETECTED,Yes,No Apparent Injury,Other Improper Action,Not Distracted,MD,Passenger Car,Changing Lanes,35,No,2016,TOYOTA,COROLLA,39.18633667,-77.27373,2025,9,6
250043075,Property Damage Crash,09/25/2025 06:34:00 AM,COLUMBIA PIKE,NA,Front to Rear,Rain,Wet,Medium,No Controls,NONE DETECTED,No,NA,NA,NA,NA,NA,Slowing or Stopping,55,No,0,NA,NA,39.09448832,-76.93861418,2025,9,6
250043075,Property Damage Crash,09/25/2025 06:34:00 AM,COLUMBIA PIKE,NA,Front to Rear,Rain,Wet,Medium,No Controls,NONE DETECTED,No,No Apparent Injury,NA,Not Distracted,MD,Sport Utility Vehicle,Slowing or Stopping,55,No,2017,TOYOTA,RAV4,39.09448832,-76.93861418,2025,9,6
250043075,Property Damage Crash,09/25/2025 06:34:00 AM,COLUMBIA PIKE,NA,Front to Rear,Rain,Wet,Medium,No Controls,NONE DETECTED,Yes,No Apparent Injury,NA,Unknown,MD,Pickup,Moving Constant Speed,55,No,2007,MITSUBISHI,RAIDER,39.09448832,-76.93861418,2025,9,6
250043077,Property Damage Crash,09/25/2025 06:23:00 AM,RAMP 6 FR BRIGGS CHANEY RD TO US 29 SB,NA,Single Vehicle,Rain,Wet,Daylight,No Controls,NONE DETECTED,No,No Apparent Injury,NA,Not Distracted,MD,Passenger Car,Turning Right,25,No,2004,HONDA,ACCORD,39.08466117,-76.94838783,2025,9,6
250043071,Injury Crash,09/25/2025 06:02:00 AM,GEORGIA AVE,NA,Front to Rear,Rain,Wet,Medium,Traffic Control Signal,NONE DETECTED,Yes,No Apparent Injury,NA,Not Distracted,MD,Passenger Car,Slowing or Stopping,30,No,2006,DODGE,CARAVAN/GRAND CARAVAN,39.01198711,-77.04133335,2025,9,6
250043071,Injury Crash,09/25/2025 06:02:00 AM,GEORGIA AVE,NA,Front to Rear,Rain,Wet,Medium,Traffic Control Signal,NONE DETECTED,No,Possible Minor Injury,NA,Not Distracted,NA,Passenger Car,Stopped in Traffic,30,No,2005,HONDA,ODYSSEY,39.01198711,-77.04133335,2025,9,6
250043070,Property Damage Crash,09/25/2025 05:58:00 AM,INTERCOUNTY CONNECTOR (WB/L),NA,Angle,Rain,Wet,Dark,No Controls,NONE DETECTED,Yes,No Apparent Injury,"Operated Motor Vehicle in Inattentive, Careless, Negligent, or Erratic Manner",Not Distracted,MD,Passenger Car,Moving Constant Speed,60,No,2006,CHEVROLET,TAHOE,39.08818167,-77.0271465,2025,9,5
250044054,Property Damage Crash,09/25/2025 03:37:00 AM,DEMOCRACY BLVD (EB/L),NA,Single Vehicle,Clear,Dry,Medium,No Controls,NONE DETECTED,Yes,No Apparent Injury,NA,Not Distracted,MD,Passenger Car,Slowing or Stopping,45,No,2018,FORD,TAURUS,39.02249619,-77.13335507,2025,9,3
250043068,Property Damage Crash,09/25/2025 03:15:00 AM,NA,NA,Single Vehicle,Clear,Wet,Medium,No Controls,ALCOHOL PRESENT,No,No Apparent Injury,"Other Improper Action, Ran Off Roadway, Too Fast For Conditions",Unknown,NA,Passenger Car,Moving Constant Speed,35,No,2010,HONDA,CR-V,38.99619069,-77.00554323,2025,9,3
250043035,Property Damage Crash,09/24/2025 08:05:00 PM,NA,NA,Single Vehicle,Clear,NA,Dark,NA,NONE DETECTED,No,No Apparent Injury,NA,Not Distracted,MD,Sport Utility Vehicle,Backing,0,No,2024,DODGE,DURANGO,39.07762258,-77.1592563,2025,9,20
250043021,Property Damage Crash,09/24/2025 06:42:00 PM,MUDDY BRANCH RD,NA,Rear To Side,Cloudy,Dry,Medium,Traffic Control Signal,NONE DETECTED,No,No Apparent Injury,NA,Not Distracted,MD,Sport Utility Vehicle,Accelerating,40,No,2020,KIA,SORENTO,39.11024429,-77.21721399,2025,9,18
250043021,Property Damage Crash,09/24/2025 06:42:00 PM,MUDDY BRANCH RD,NA,Rear To Side,Cloudy,Dry,Medium,Traffic Control Signal,NONE DETECTED,Yes,No Apparent Injury,Failed to Yield Right-of-Way,Not Distracted,MD,Passenger Car,Accelerating,40,No,2025,FORD,MUSTANG,39.11024429,-77.21721399,2025,9,18
250043006,Injury Crash,09/24/2025 05:20:00 PM,TRAVILAH RD,NA,Angle,Cloudy,Dry,Daylight,No Controls,NONE DETECTED,No,Possible Minor Injury,NA,Not Distracted,MD,Sport Utility Vehicle,Moving Constant Speed,30,No,2015,TOYOTA,4-RUNNER,39.09618915,-77.20783447,2025,9,17
250043006,Injury Crash,09/24/2025 05:20:00 PM,TRAVILAH RD,NA,Angle,Cloudy,Dry,Daylight,No Controls,NONE DETECTED,No,No Apparent Injury,Failed to Yield Right-of-Way,Not Distracted,MD,Passenger Car,Turning Left,5,No,2010,BMW,328I,39.09618915,-77.20783447,2025,9,17
250043002,Property Damage Crash,09/24/2025 04:32:00 PM,NA,NA,Single Vehicle,Rain,Wet,Daylight,No Controls,NONE DETECTED,Yes,No Apparent Injury,Ran Off Roadway,Not Distracted,MD,Passenger Car,Making U-Turn,40,No,2006,HONDA,CIVIC,39.15417383,-77.14175383,2025,9,16
250042999,Property Damage Crash,09/24/2025 03:56:00 PM,MT EPHRAIM RD,NA,Single Vehicle,Rain,Wet,Daylight,No Controls,NONE DETECTED,Yes,No Apparent Injury,Too Fast For Conditions,Unknown,PA,Passenger Car,Moving Constant Speed,30,No,2011,MERCEDES-BENZ,E-CLASS,39.22805353,-77.41640529,2025,9,15
250042994,Property Damage Crash,09/24/2025 03:30:00 PM,HUNGERFORD DR (SB/L),NA,"Sideswipe, Same Direction",Rain,Wet,Daylight,No Controls,NONE DETECTED,No,No Apparent Injury,NA,Not Distracted,MD,Sport Utility Vehicle,Moving Constant Speed,35,No,2015,MERCEDES-BENZ,ML-CLASS,39.10626792,-77.15826228,2025,9,15
250042994,Property Damage Crash,09/24/2025 03:30:00 PM,HUNGERFORD DR (SB/L),NA,"Sideswipe, Same Direction",Rain,Wet,Daylight,No Controls,NONE DETECTED,Yes,No Apparent Injury,Other Improper Action,Unknown,MD,Bus - Transit,Changing Lanes,35,No,2017,GILLIG,CITY TRANSIT BUS,39.10626792,-77.15826228,2025,9,15
250042986,Property Damage Crash,09/24/2025 03:03:00 PM,MILL CREEK DR,NA,"Sideswipe, Opposite Direction",Cloudy,Wet,Daylight,No Controls,NONE DETECTED,No,No Apparent Injury,NA,Not Distracted,MD,Other,Stopped in Traffic,25,No,1990,GRUMMAN,UNKNOWN,39.14593528,-77.15948118,2025,9,15
250042986,Property Damage Crash,09/24/2025 03:03:00 PM,MILL CREEK DR,NA,"Sideswipe, Opposite Direction",Cloudy,Wet,Daylight,No Controls,NONE DETECTED,No,NA,Failed to Keep in Proper Lane,Unknown,NA,Pickup,Moving Constant Speed,25,No,0,NA,NA,39.14593528,-77.15948118,2025,9,15
250042974,Property Damage Crash,09/24/2025 02:28:00 PM,GERMANTOWN RD (SB/L),NA,Angle,Cloudy,Dry,Daylight,Traffic Control Signal,NONE DETECTED,No,No Apparent Injury,NA,Not Distracted,MD,Passenger Car,Moving Constant Speed,30,No,2009,FORD,E-250,39.16274726,-77.28313921,2025,9,14
250042974,Property Damage Crash,09/24/2025 02:28:00 PM,GERMANTOWN RD (SB/L),NA,Angle,Cloudy,Dry,Daylight,Traffic Control Signal,NONE DETECTED,Yes,No Apparent Injury,Ran Red Light,Unknown,MD,Passenger Car,Moving Constant Speed,40,No,2021,NISSAN,ROGUE SPORT,39.16274726,-77.28313921,2025,9,14
250042973,Injury Crash,09/24/2025 02:13:00 PM,GEORGIA AVE,NA,"Sideswipe, Same Direction",Cloudy,Dry,Daylight,No Controls,NONE DETECTED,No,Possible Minor Injury,NA,Not Distracted,MD,Passenger Car,Moving Constant Speed,30,No,2017,ALFA ROMEO,GIULIA (952),39.1559196,-77.06648744,2025,9,14
250042973,Injury Crash,09/24/2025 02:13:00 PM,GEORGIA AVE,NA,"Sideswipe, Same Direction",Cloudy,Dry,Daylight,No Controls,NONE DETECTED,No,No Apparent Injury,NA,Not Distracted,MD,Sport Utility Vehicle,Changing Lanes,30,No,2022,LEXUS,RX,39.1559196,-77.06648744,2025,9,14
250042967,Injury Crash,09/24/2025 02:06:00 PM,HALPINE RD (EB/L),Pedestrian,Single Vehicle,Cloudy,Dry,Daylight,Traffic Control Signal,NONE DETECTED,Yes,No Apparent Injury,NA,Unknown,MD,Passenger Car,Turning Right,30,No,2019,HONDA,CIVIC,39.0617344,-77.12424583,2025,9,14
250042965,Injury Crash,09/24/2025 01:45:00 PM,SHADY GROVE RD,NA,Front to Rear,Cloudy,Dry,Daylight,No Controls,NONE DETECTED,Yes,No Apparent Injury,"Followed Too Closely, Other Improper Action",Not Distracted,MD,Van - Passenger (&lt;9 Seats),Slowing or Stopping,40,No,2015,HONDA,ODYSSEY,39.10903183,-77.18831383,2025,9,13
250042965,Injury Crash,09/24/2025 01:45:00 PM,SHADY GROVE RD,NA,Front to Rear,Cloudy,Dry,Daylight,No Controls,NONE DETECTED,No,Possible Minor Injury,NA,Not Distracted,MD,Sport Utility Vehicle,Stopped in Traffic,40,No,2014,SUBARU,FORESTER,39.10903183,-77.18831383,2025,9,13
250042965,Injury Crash,09/24/2025 01:45:00 PM,SHADY GROVE RD,NA,Front to Rear,Cloudy,Dry,Daylight,No Controls,NONE DETECTED,No,No Apparent Injury,NA,Not Distracted,MD,Passenger Car,Stopped in Traffic,40,No,2024,KIA,FORTE,39.10903183,-77.18831383,2025,9,13
250042953,Property Damage Crash,09/24/2025 12:51:00 PM,NA,NA,Rear To Rear,Cloudy,NA,Daylight,NA,NONE DETECTED,No,No Apparent Injury,NA,Not Distracted,MD,Single-Unit Truck,Slowing or Stopping,0,No,2009,SPARTAN MOTORS CHASS,SPECIALTY VEHICLE,39.07721012,-77.07988369,2025,9,12
250042953,Property Damage Crash,09/24/2025 12:51:00 PM,NA,NA,Rear To Rear,Cloudy,NA,Daylight,NA,NONE DETECTED,Yes,No Apparent Injury,Improper Backing,Not Distracted,MD,Passenger Car,Backing,0,No,2022,CHRYSLER,PACIFICA,39.07721012,-77.07988369,2025,9,12
250042950,Property Damage Crash,09/24/2025 12:41:00 PM,ROCKVILLE PIKE (SB/L),NA,Single Vehicle,Clear,Dry,Daylight,No Controls,NONE DETECTED,No,No Apparent Injury,NA,Not Distracted,MD,Passenger Car,Moving Constant Speed,40,No,2013,HONDA,PILOT,39.04006233,-77.1095145,2025,9,12
250042956,Property Damage Crash,09/24/2025 12:09:00 PM,BUSHEY DR,NA,Other,Clear,Dry,Daylight,No Controls,NONE DETECTED,Yes,No Apparent Injury,NA,Unknown,MD,Passenger Car,Parked,25,No,2022,FORD,F-250,39.05567183,-77.0788235,2025,9,12
250042956,Property Damage Crash,09/24/2025 12:09:00 PM,BUSHEY DR,NA,Other,Clear,Dry,Daylight,No Controls,NONE DETECTED,No,No Apparent Injury,NA,Not Distracted,MD,Passenger Car,Moving Constant Speed,25,No,2016,JEEP,COMPASS,39.05567183,-77.0788235,2025,9,12
250042940,Injury Crash,09/24/2025 11:31:00 AM,HEALING WAY,NA,"Sideswipe, Same Direction",Clear,Dry,Daylight,No Controls,NONE DETECTED,No,No Apparent Injury,NA,Not Distracted,MD,Passenger Car,Parked,25,No,2024,TOYOTA,RAV4,39.05046311,-76.9570184,2025,9,11
250042940,Injury Crash,09/24/2025 11:31:00 AM,HEALING WAY,NA,"Sideswipe, Same Direction",Clear,Dry,Daylight,No Controls,NONE DETECTED,Yes,No Apparent Injury,Improper Passing,Not Distracted,MD,Passenger Car,Overtaking/Passing,25,No,2020,CHEVROLET,SILVERADO,39.05046311,-76.9570184,2025,9,11
250042930,Injury Crash,09/24/2025 10:19:00 AM,NA,Cyclist (non-electric),Single Vehicle,Cloudy,Wet,Daylight,Traffic Control Signal,NONE DETECTED,Yes,No Apparent Injury,NA,Not Distracted,MD,Passenger Car,Turning Right,25,No,2005,JAGUAR,S-TYPE,38.96460737,-77.13603942,2025,9,10
250042924,Property Damage Crash,09/24/2025 09:45:00 AM,LYDIA ST,NA,"Sideswipe, Same Direction",Cloudy,Dry,Daylight,No Controls,NONE DETECTED,Yes,No Apparent Injury,NA,Not Distracted,MD,Bus - School,Turning Right,15,No,2017,THOMAS BUILT,HDX,39.07596733,-77.077112,2025,9,9
250042925,Property Damage Crash,09/24/2025 09:33:00 AM,HEARTWOOD DR,NA,Single Vehicle,Clear,Dry,Daylight,No Controls,NONE DETECTED,Yes,No Apparent Injury,Improper Backing,Not Distracted,VA,Passenger Car,Backing,25,No,2015,TOYOTA,4-RUNNER,39.13377667,-77.11558167,2025,9,9
250042920,Property Damage Crash,09/24/2025 09:26:00 AM,NEW HAMPSHIRE AVE (SB/L),NA,"Sideswipe, Same Direction",Clear,Dry,Daylight,No Controls,NONE DETECTED,No,No Apparent Injury,NA,Not Distracted,MD,Passenger Car,Moving Constant Speed,40,No,2020,NOVABUS,LFS ARTICULATED,39.03710431,-76.98947372,2025,9,9
250042920,Property Damage Crash,09/24/2025 09:26:00 AM,NEW HAMPSHIRE AVE (SB/L),NA,"Sideswipe, Same Direction",Clear,Dry,Daylight,No Controls,NONE DETECTED,Yes,No Apparent Injury,Failed to Yield Right-of-Way,Not Distracted,MD,Passenger Car,Turning Right,40,No,2014,HONDA,CIVIC,39.03710431,-76.98947372,2025,9,9
250042921,Property Damage Crash,09/24/2025 08:58:00 AM,UNIVERSITY BLVD E,NA,Angle,Clear,Dry,Daylight,Stop Sign,NONE DETECTED,Yes,No Apparent Injury,NA,Not Distracted,MD,Passenger Car,Entering Traffic Lane,25,No,2018,KIA,SOUL,39.01345252,-77.00371501,2025,9,8
250042921,Property Damage Crash,09/24/2025 08:58:00 AM,UNIVERSITY BLVD E,NA,Angle,Clear,Dry,Daylight,No Controls,NONE DETECTED,No,No Apparent Injury,NA,Not Distracted,MD,Sport Utility Vehicle,Moving Constant Speed,35,No,2018,HONDA,CR-V,39.01345252,-77.00371501,2025,9,8
250042913,Injury Crash,09/24/2025 08:43:00 AM,NA,NA,Angle,Cloudy,Dry,Daylight,Stop Sign,NONE DETECTED,No,Possible Minor Injury,NA,Not Distracted,MD,Passenger Car,Moving Constant Speed,25,No,2012,LINCOLN,MKZ,38.9881262,-77.01230862,2025,9,8
250042913,Injury Crash,09/24/2025 08:43:00 AM,NA,NA,Angle,Cloudy,Dry,Daylight,Stop Sign,NONE DETECTED,Yes,No Apparent Injury,NA,Unknown,DC,Passenger Car,Accelerating,30,No,2010,TOYOTA,HIGHLANDER,38.9881262,-77.01230862,2025,9,8
250042961,Injury Crash,09/24/2025 08:30:00 AM,GERMANTOWN RD,Pedestrian,Single Vehicle,Cloudy,Dry,Daylight,Traffic Control Signal,NONE DETECTED,No,No Apparent Injury,NA,Not Distracted,NY,Passenger Car,Accelerating,40,No,2012,MAZDA,MAZDA3,39.18085012,-77.26272257,2025,9,8
250042907,Property Damage Crash,09/24/2025 07:35:00 AM,GEORGIA AVE,NA,Angle,Clear,Dry,Daylight,No Controls,NONE DETECTED,Yes,No Apparent Injury,Failed to Yield Right-of-Way,Not Distracted,MD,Passenger Car,Entering Traffic Lane,35,No,2014,RAM,1500,39.08504533,-77.07848467,2025,9,7
250042907,Property Damage Crash,09/24/2025 07:35:00 AM,GEORGIA AVE,NA,Angle,Clear,Dry,Daylight,No Controls,NONE DETECTED,No,No Apparent Injury,NA,Not Distracted,MD,Passenger Car,Slowing or Stopping,35,No,2026,TESLA,MODEL Y,39.08504533,-77.07848467,2025,9,7
250042904,Injury Crash,09/24/2025 07:25:00 AM,NORWOOD RD,NA,Front to Front,Cloudy,Dry,Daylight,Traffic Control Signal,NONE DETECTED,No,Possible Minor Injury,NA,Not Distracted,MD,Passenger Car,Turning Left,40,No,2006,TOYOTA,PRIUS,39.118964,-77.02112817,2025,9,7
250042904,Injury Crash,09/24/2025 07:25:00 AM,NORWOOD RD,NA,Front to Front,Cloudy,Dry,Daylight,Traffic Control Signal,NONE DETECTED,No,No Apparent Injury,NA,Not Distracted,MD,Passenger Car,Moving Constant Speed,40,No,2016,MAZDA,CX-5,39.118964,-77.02112817,2025,9,7
250042897,Property Damage Crash,09/24/2025 02:30:00 AM,VEIRS MILL RD,NA,Front to Rear,Clear,Dry,Dark,Stop Sign,ALCOHOL PRESENT,Yes,No Apparent Injury,NA,Not Distracted,MD,Passenger Car,Accelerating,15,No,2007,ACURA,MDX,39.04437708,-77.06309513,2025,9,2
250042893,Injury Crash,09/23/2025 11:58:00 PM,AVERY RD,NA,Single Vehicle,Cloudy,Wet,Dark,No Controls,ALCOHOL PRESENT,Yes,Possible Minor Injury,NA,Unknown,MD,Autocycle,NA,25,No,2018,SUBARU,OUTBACK,39.10489,-77.12215433,2025,9,23
250042892,Property Damage Crash,09/23/2025 11:44:00 PM,CONNECTICUT AVE,NA,Angle,Clear,Dry,Medium,Traffic Control Signal,NONE DETECTED,Yes,No Apparent Injury,NA,Unknown,MD,Passenger Car,Moving Constant Speed,30,No,2019,HONDA,ACCORD,39.03286192,-77.07486885,2025,9,23
250042892,Property Damage Crash,09/23/2025 11:44:00 PM,CONNECTICUT AVE,NA,Angle,Clear,Dry,Medium,Traffic Control Signal,NONE DETECTED,No,No Apparent Injury,NA,Not Distracted,MD,Passenger Car,Turning Left,25,No,2017,HONDA,CR-V,39.03286192,-77.07486885,2025,9,23
250042883,Property Damage Crash,09/23/2025 09:52:00 PM,ROCKVILLE PIKE,NA,Front to Rear,Rain,Wet,Medium,Traffic Control Signal,NONE DETECTED,No,No Apparent Injury,NA,Not Distracted,MD,Passenger Car,Moving Constant Speed,40,No,2016,CHEVROLET,CRUZE,39.08348257,-77.14675955,2025,9,21
250042883,Property Damage Crash,09/23/2025 09:52:00 PM,ROCKVILLE PIKE,NA,Front to Rear,Rain,Wet,Medium,Traffic Control Signal,NONE DETECTED,No,NA,NA,NA,NA,Passenger Car,Moving Constant Speed,40,Unknown,2013,HONDA,CIVIC,39.08348257,-77.14675955,2025,9,21
250042871,Injury Crash,09/23/2025 09:30:00 PM,COLUMBIA PIKE (SB/L),NA,Single Vehicle,Rain,Wet,Medium,No Controls,NONE DETECTED,No,Possible Minor Injury,Other Improper Action,Not Distracted,MD,Passenger Car,Moving Constant Speed,40,No,2025,SUBARU,FORESTER,39.08122352,-76.95005395,2025,9,21
250042874,Property Damage Crash,09/23/2025 09:30:00 PM,NA,NA,"Sideswipe, Opposite Direction",Rain,Wet,Dark,No Controls,NONE DETECTED,Yes,No Apparent Injury,NA,Unknown,MD,Passenger Car,Turning Left,35,No,2019,INFINITI,QX50,39.06786333,-76.9371785,2025,9,21
250042874,Property Damage Crash,09/23/2025 09:30:00 PM,NA,NA,"Sideswipe, Opposite Direction",Rain,Wet,Dark,No Controls,NONE DETECTED,No,No Apparent Injury,NA,Not Distracted,MD,Passenger Car,Moving Constant Speed,35,No,2011,TOYOTA,CAMRY,39.06786333,-76.9371785,2025,9,21
250042868,Property Damage Crash,09/23/2025 08:28:00 PM,OLD GEORGETOWN RD,NA,Front to Rear,Clear,Dry,Medium,Traffic Control Signal,NONE DETECTED,No,No Apparent Injury,NA,Not Distracted,MD,Passenger Car,Moving Constant Speed,35,No,2022,CHEVROLET,TAHOE,39.02457449,-77.12500598,2025,9,20
250042868,Property Damage Crash,09/23/2025 08:28:00 PM,OLD GEORGETOWN RD,NA,Front to Rear,Clear,Dry,Medium,Traffic Control Signal,ALCOHOL PRESENT,No,No Apparent Injury,NA,Not Distracted,NA,Passenger Car,Changing Lanes,35,No,2021,KIA,FORTE,39.02457449,-77.12500598,2025,9,20
250042860,Fatal Crash,09/23/2025 07:27:00 PM,VEIRS MILL RD,Pedestrian,Single Vehicle,Clear,Dry,Medium,No Controls,NONE DETECTED,No,No Apparent Injury,NA,Unknown,DC,Passenger Car,Moving Constant Speed,30,No,2012,AUDI,A4,39.03945312,-77.05452246,2025,9,19
250042851,Property Damage Crash,09/23/2025 04:36:00 PM,NA,NA,"Sideswipe, Same Direction",Clear,Dry,Daylight,Traffic Control Signal,NONE DETECTED,Yes,NA,NA,NA,NA,Sport Utility Vehicle,Entering Traffic Lane,35,No,2018,LAND ROVER,DISCOVERY,39.07980159,-77.13808716,2025,9,16
250042851,Property Damage Crash,09/23/2025 04:36:00 PM,NA,NA,"Sideswipe, Same Direction",Clear,Dry,Daylight,Traffic Control Signal,NONE DETECTED,No,No Apparent Injury,NA,Not Distracted,MD,Pickup,Accelerating,35,No,2022,TOYOTA,TACOMA,39.07980159,-77.13808716,2025,9,16
250042832,Property Damage Crash,09/23/2025 04:30:00 PM,GEORGIA AVE,NA,Front to Rear,Cloudy,Dry,Daylight,No Controls,NONE DETECTED,No,No Apparent Injury,NA,Not Distracted,MD,Passenger Car,Slowing or Stopping,45,No,2017,LEXUS,M,39.1235945,-77.07301833,2025,9,16
250042832,Property Damage Crash,09/23/2025 04:30:00 PM,GEORGIA AVE,NA,Front to Rear,Cloudy,Dry,Daylight,No Controls,NONE DETECTED,Yes,No Apparent Injury,Followed Too Closely,Not Distracted,MD,Passenger Car,Slowing or Stopping,45,No,2012,TOYOTA,CAMRY,39.1235945,-77.07301833,2025,9,16
250042823,Injury Crash,09/23/2025 03:49:00 PM,INDEPENDENCE ST,NA,Angle,Clear,Dry,Daylight,No Controls,NONE DETECTED,No,Possible Minor Injury,NA,Unknown,MD,Passenger Car,Moving Constant Speed,25,No,2007,CHEVROLET,COBALT,39.07271367,-77.08692833,2025,9,15
250042823,Injury Crash,09/23/2025 03:49:00 PM,INDEPENDENCE ST,NA,Angle,Clear,Dry,Daylight,No Controls,NONE DETECTED,Yes,No Apparent Injury,Failed to Yield Right-of-Way,Not Distracted,MD,Sport Utility Vehicle,Moving Constant Speed,25,No,2017,ACURA,RDX,39.07271367,-77.08692833,2025,9,15
250042816,Property Damage Crash,09/23/2025 02:53:00 PM,SHOP CTR CUT THRU CUT,NA,Angle,Clear,Dry,Daylight,Stop Sign,NONE DETECTED,No,No Apparent Injury,NA,Not Distracted,MD,Passenger Car,Moving Constant Speed,20,No,2019,MITSUBISHI,MIRAGE G4,39.12316505,-77.23649801,2025,9,14
250042816,Property Damage Crash,09/23/2025 02:53:00 PM,SHOP CTR CUT THRU CUT,NA,Angle,Clear,Dry,Daylight,Stop Sign,NONE DETECTED,No,No Apparent Injury,NA,Not Distracted,MD,Passenger Car,Moving Constant Speed,20,No,2007,TOYOTA,PRIUS,39.12316505,-77.23649801,2025,9,14
250042811,Property Damage Crash,09/23/2025 02:35:00 PM,AVERY RD,NA,Single Vehicle,Clear,Dry,Daylight,No Controls,NONE DETECTED,No,No Apparent Injury,NA,Unknown,MD,Pickup,Moving Constant Speed,25,No,2016,CHEVROLET,SILVERADO,39.10272588,-77.12408874,2025,9,14
250042809,Property Damage Crash,09/23/2025 02:31:00 PM,SAM EIG HWY,NA,Angle,Clear,Dry,Daylight,Traffic Control Signal,NONE DETECTED,Yes,No Apparent Injury,NA,Unknown,MD,Passenger Car,Turning Left,40,No,2009,TOYOTA,COROLLA,39.10867111,-77.21219621,2025,9,14
250042809,Property Damage Crash,09/23/2025 02:31:00 PM,SAM EIG HWY,NA,Angle,Clear,Dry,Daylight,Traffic Control Signal,NONE DETECTED,No,No Apparent Injury,NA,Not Distracted,MD,Passenger Car,Moving Constant Speed,40,No,2016,MINI,CLUBMAN,39.10867111,-77.21219621,2025,9,14
250042805,Property Damage Crash,09/23/2025 02:26:00 PM,CHESTER ST,NA,Front to Rear,Clear,Dry,Daylight,No Controls,NONE DETECTED,Yes,No Apparent Injury,NA,Not Distracted,MD,Passenger Car,Moving Constant Speed,35,No,2010,HONDA,CIVIC,38.98971574,-76.99362044,2025,9,14
250042805,Property Damage Crash,09/23/2025 02:26:00 PM,CHESTER ST,NA,Front to Rear,Clear,Dry,Daylight,No Controls,NONE DETECTED,No,No Apparent Injury,NA,Not Distracted,MD,Passenger Car,Slowing or Stopping,35,No,2023,CHEVROLET,BOLT EV,38.98971574,-76.99362044,2025,9,14
250042790,Property Damage Crash,09/23/2025 12:42:00 PM,TECH RD,NA,Angle,Clear,Dry,Daylight,No Controls,NONE DETECTED,Yes,No Apparent Injury,Failed to Yield Right-of-Way,Not Distracted,MD,Passenger Car,Entering Traffic Lane,25,No,2022,TOYOTA,VENZA,39.05633062,-76.96703376,2025,9,12
250042790,Property Damage Crash,09/23/2025 12:42:00 PM,TECH RD,NA,Angle,Clear,Dry,Daylight,No Controls,NONE DETECTED,No,No Apparent Injury,NA,Not Distracted,MD,Passenger Car,Moving Constant Speed,25,No,2019,HYUNDAI,SANTA FE,39.05633062,-76.96703376,2025,9,12