Local Case Number,ACRS Report Type,Crash Date/Time,Road Name,Related Non-Motorist,Collision Type,Weather,Surface Condition,Light,Traffic Control,Driver Substance Abuse,Driver At Fault,Injury Severity,Circumstance,Driver Distracted By,Drivers License State,Vehicle Body Type,Vehicle Movement,Speed Limit,Driverless Vehicle,Vehicle Year,Vehicle Make,Vehicle Model,Latitude,Longitude,Year,Month,Hour
250042456,Property Damage Crash,09/21/2025 01:14:00 AM,NA,NA,Front to Rear,Clear,Dry,Medium,No Controls,NONE DETECTED,No,No Apparent Injury,NA,Not Distracted,MD,Passenger Car,Moving Constant Speed,35,No,2013,HONDA,CR-V,39.09039103,-77.05282837,2025,9,1
250042454,Property Damage Crash,09/21/2025 12:12:00 AM,NA,NA,Front to Rear,Clear,Dry,Medium,Traffic Control Signal,ALCOHOL PRESENT,Yes,No Apparent Injury,NA,Unknown,MD,Passenger Car,NA,25,No,2014,TOYOTA,CAMRY,39.07265656,-77.18146773,2025,9,0
250042454,Property Damage Crash,09/21/2025 12:12:00 AM,NA,NA,Front to Rear,Clear,Dry,Medium,Traffic Control Signal,NONE DETECTED,No,No Apparent Injury,NA,Not Distracted,MD,Other Trucks,Parked,25,No,2020,INTERNATIONAL,HV607,39.07265656,-77.18146773,2025,9,0
250043558,Property Damage Crash,09/20/2025 10:55:00 PM,SEMINOLE ST,NA,Single Vehicle,Clear,Dry,Dark,No Controls,NONE DETECTED,No,No Apparent Injury,NA,Not Distracted,MD,Passenger Car,Moving Constant Speed,30,No,2017,FORD,TAURUS,39.01092889,-77.00533646,2025,9,22
250042439,Injury Crash,09/20/2025 09:42:00 PM,UNIVERSITY BLVD W (WB/L),NA,Angle,Clear,Dry,Medium,No Controls,NONE DETECTED,No,Possible Minor Injury,NA,Not Distracted,MD,Passenger Car,Moving Constant Speed,35,No,2003,TOYOTA,COROLLA,39.04122949,-77.04762844,2025,9,21
250042439,Injury Crash,09/20/2025 09:42:00 PM,UNIVERSITY BLVD W (WB/L),NA,Angle,Clear,Dry,Medium,No Controls,ALCOHOL PRESENT,Yes,No Apparent Injury,NA,Unknown,DC,Sport Utility Vehicle,Entering Traffic Lane,35,No,2024,AUDI,Q5,39.04122949,-77.04762844,2025,9,21
250042445,Property Damage Crash,09/20/2025 09:30:00 PM,16TH ST,NA,"Sideswipe, Same Direction",Clear,Dry,Medium,No Controls,NONE DETECTED,No,No Apparent Injury,NA,Not Distracted,VA,Passenger Car,Moving Constant Speed,35,No,2021,TOYOTA,COROLLA,39.0031631,-77.04006039,2025,9,21
250042445,Property Damage Crash,09/20/2025 09:30:00 PM,16TH ST,NA,"Sideswipe, Same Direction",Clear,Dry,Medium,No Controls,NONE DETECTED,No,NA,NA,NA,NA,Passenger Car,Moving Constant Speed,35,No,2024,CHEVROLET,MALIBU,39.0031631,-77.04006039,2025,9,21
250042430,Property Damage Crash,09/20/2025 08:29:00 PM,NA,NA,Front to Rear,Clear,Dry,Medium,No Controls,DRUG AND ALCOHOL CONTRIBUTED,Yes,No Apparent Injury,NA,Unknown,MD,Passenger Car,Moving Constant Speed,25,No,2012,HONDA,ACCORD,39.0958805,-77.0940683,2025,9,20
250042429,Property Damage Crash,09/20/2025 07:59:00 PM,ROCKVILLE PIKE,NA,Angle,Clear,Dry,Medium,Flashing Traffic Control Signal,NONE DETECTED,No,No Apparent Injury,NA,Not Distracted,MD,All-Terrain Vehicle/All-Terrain Cycle (ATV/ATC),Moving Constant Speed,35,No,2015,MERCEDES-BENZ,SPRINTER,39.05899902,-77.12139195,2025,9,19
250042429,Property Damage Crash,09/20/2025 07:59:00 PM,ROCKVILLE PIKE,NA,Angle,Clear,Dry,Medium,Flashing Traffic Control Signal,NONE DETECTED,No,No Apparent Injury,NA,Not Distracted,MD,Passenger Car,Changing Lanes,35,No,2023,TESLA,MODEL Y,39.05899902,-77.12139195,2025,9,19
250042413,Property Damage Crash,09/20/2025 05:23:00 PM,DIXON AVE,NA,Single Vehicle,Clear,Dry,Daylight,No Controls,NONE DETECTED,Yes,No Apparent Injury,Disregarded Other Road Markings,Not Distracted,MD,Passenger Car,Turning Right,0,No,2013,NISSAN,NV,38.99332557,-77.0279659,2025,9,17
250042402,Injury Crash,09/20/2025 03:55:00 PM,GOSHEN RD,NA,Front to Rear,Clear,Dry,Daylight,No Controls,NONE DETECTED,No,No Apparent Injury,NA,"Manually Operating (dialing, playing game, etc.)",MD,Passenger Car,Moving Constant Speed,35,No,2012,NISSAN,ALTIMA,39.16127983,-77.19216783,2025,9,15
250042402,Injury Crash,09/20/2025 03:55:00 PM,GOSHEN RD,NA,Front to Rear,Clear,Dry,Daylight,No Controls,NONE DETECTED,No,No Apparent Injury,NA,Not Distracted,MD,Passenger Car,Stopped in Traffic,35,No,2021,GMC,SIERRA,39.16127983,-77.19216783,2025,9,15
250043286,Property Damage Crash,09/20/2025 03:30:00 PM,NA,NA,Unknown,Clear,NA,Daylight,NA,NONE DETECTED,No,NA,NA,NA,NA,Van - Cargo,Backing,0,No,2024,FORD,TRANSIT,39.11823431,-77.16938637,2025,9,15
250042405,Property Damage Crash,09/20/2025 02:40:00 PM,NA,NA,Angle,Clear,NA,Daylight,NA,NONE DETECTED,Yes,No Apparent Injury,Other Improper Action,Unknown,CT,Pickup,Moving Constant Speed,0,No,2007,CHEVROLET,SILVERADO,39.22855223,-77.2895296,2025,9,14
250042383,Injury Crash,09/20/2025 01:41:00 PM,NA,NA,Front to Rear,Cloudy,Dry,Daylight,No Controls,NONE DETECTED,No,No Apparent Injury,NA,Unknown,MD,Sport Utility Vehicle,Stopped in Traffic,30,No,2019,KIA,SORENTO,39.24053663,-77.2816474,2025,9,13
250042383,Injury Crash,09/20/2025 01:41:00 PM,NA,NA,Front to Rear,Cloudy,Dry,Daylight,No Controls,NONE DETECTED,Yes,No Apparent Injury,"Followed Too Closely, Other Improper Action",Unknown,MD,Passenger Car,Slowing or Stopping,30,No,2024,TESLA,MODEL Y,39.24053663,-77.2816474,2025,9,13
250042383,Injury Crash,09/20/2025 01:41:00 PM,NA,NA,Front to Rear,Cloudy,Dry,Daylight,No Controls,NONE DETECTED,No,No Apparent Injury,NA,Unknown,MD,Sport Utility Vehicle,Stopped in Traffic,30,No,2006,MERCEDES-BENZ,M-CLASS,39.24053663,-77.2816474,2025,9,13
25002030,Injury Crash,09/20/2025 01:17:00 PM,NA,NA,Front to Rear,Rain,Wet,Daylight,Traffic Control Signal,NONE DETECTED,No,Possible Minor Injury,NA,Unknown,MD,Passenger Car,Accelerating,30,No,2015,BMW,X5,38.99615776,-77.00561378,2025,9,13
25002030,Injury Crash,09/20/2025 01:17:00 PM,NA,NA,Front to Rear,Rain,Wet,Daylight,Traffic Control Signal,NONE DETECTED,No,No Apparent Injury,NA,Unknown,MD,Passenger Car,Moving Constant Speed,30,No,2019,JAGUAR,I-PACE,38.99615776,-77.00561378,2025,9,13
250042376,Property Damage Crash,09/20/2025 12:40:00 PM,NA,NA,Rear To Side,Clear,NA,Daylight,NA,NONE DETECTED,No,NA,NA,Unknown,NA,Passenger Car,Backing,0,No,2024,JEEP,GRAND CHEROKEE L,39.14267076,-77.19396359,2025,9,12
250042376,Property Damage Crash,09/20/2025 12:40:00 PM,NA,NA,Rear To Side,Clear,NA,Daylight,NA,NONE DETECTED,No,No Apparent Injury,NA,Not Distracted,MD,Passenger Car,Parked,0,No,2020,TOYOTA,CAMRY,39.14267076,-77.19396359,2025,9,12
250042373,Injury Crash,09/20/2025 12:35:00 PM,MUNCASTER MILL RD,NA,Front to Front,Clear,Dry,Daylight,No Controls,NONE DETECTED,Yes,No Apparent Injury,NA,Not Distracted,MD,Passenger Car,Turning Left,35,No,2017,HONDA,CR-V,39.146215,-77.14526383,2025,9,12
250042373,Injury Crash,09/20/2025 12:35:00 PM,MUNCASTER MILL RD,NA,Front to Front,Clear,Dry,Daylight,No Controls,NONE DETECTED,No,No Apparent Injury,NA,Not Distracted,MD,Passenger Car,Moving Constant Speed,35,No,2015,TOYOTA,SIENNA,39.146215,-77.14526383,2025,9,12
250042368,Property Damage Crash,09/20/2025 12:30:00 PM,RANDOLPH RD (WB/L),NA,Front to Rear,Clear,Dry,Daylight,No Controls,NONE DETECTED,No,No Apparent Injury,NA,Unknown,MD,Sport Utility Vehicle,Moving Constant Speed,35,No,2022,LEXUS,RX,39.07540063,-77.00430705,2025,9,12
250042368,Property Damage Crash,09/20/2025 12:30:00 PM,RANDOLPH RD (WB/L),NA,Front to Rear,Clear,Dry,Daylight,No Controls,NONE DETECTED,Yes,No Apparent Injury,Failed to Yield Right-of-Way,Unknown,MD,Passenger Car,Turning Right,35,No,2013,FORD,FOCUS,39.07540063,-77.00430705,2025,9,12
250042363,Injury Crash,09/20/2025 11:29:00 AM,OLD GEORGETOWN RD (SB/L),NA,Angle,Clear,Dry,Daylight,Traffic Control Signal,NONE DETECTED,No,Possible Minor Injury,NA,Not Distracted,MD,Passenger Car,Turning Left,35,No,2018,HYUNDAI,SONATA,39.03017333,-77.1266135,2025,9,11
250042363,Injury Crash,09/20/2025 11:29:00 AM,OLD GEORGETOWN RD (SB/L),NA,Angle,Clear,Dry,Daylight,Traffic Control Signal,NONE DETECTED,Yes,Possible Minor Injury,Ran Red Light,Not Distracted,MD,Passenger Car,Moving Constant Speed,35,No,2022,TOYOTA,CAMRY,39.03017333,-77.1266135,2025,9,11
250042358,Property Damage Crash,09/20/2025 11:00:00 AM,SAM EIG HWY,NA,Angle,Clear,Dry,Daylight,Traffic Control Signal,NONE DETECTED,Yes,No Apparent Injury,NA,Not Distracted,MD,Passenger Car,Accelerating,45,No,2025,TOYOTA,COROLLA CROSS,39.11662514,-77.20778186,2025,9,11
250042358,Property Damage Crash,09/20/2025 11:00:00 AM,SAM EIG HWY,NA,Angle,Clear,Dry,Daylight,Traffic Control Signal,NONE DETECTED,No,No Apparent Injury,NA,Not Distracted,MD,Passenger Car,Turning Right,45,No,2021,TESLA,MODEL 3,39.11662514,-77.20778186,2025,9,11
250042359,Injury Crash,09/20/2025 10:53:00 AM,FAIRLAND RD,NA,Angle,Clear,Dry,Daylight,No Controls,NONE DETECTED,No,Possible Minor Injury,NA,Not Distracted,DC,Passenger Car,Moving Constant Speed,40,No,2015,KIA,OPTIMA,39.07750783,-76.95965117,2025,9,10
250042359,Injury Crash,09/20/2025 10:53:00 AM,FAIRLAND RD,NA,Angle,Clear,Dry,Daylight,No Controls,NONE DETECTED,Yes,Possible Minor Injury,NA,Unknown,MD,Passenger Car,Moving Constant Speed,40,No,2015,HONDA,ACCORD,39.07750783,-76.95965117,2025,9,10
250042353,Injury Crash,09/20/2025 09:56:00 AM,OLD COLUMBIA PIKE (SB/L),NA,Angle,Clear,Dry,Daylight,Traffic Control Signal,NONE DETECTED,No,Possible Minor Injury,NA,Not Distracted,MD,Sport Utility Vehicle,Accelerating,40,No,2021,LEXUS,GX,39.11257833,-76.93275217,2025,9,9
250042353,Injury Crash,09/20/2025 09:56:00 AM,OLD COLUMBIA PIKE (SB/L),NA,Angle,Clear,Dry,Daylight,Traffic Control Signal,NONE DETECTED,Yes,Possible Minor Injury,NA,Not Distracted,MD,Sport Utility Vehicle,Moving Constant Speed,40,No,2020,JEEP,GRAND CHEROKEE,39.11257833,-76.93275217,2025,9,9
250042348,Injury Crash,09/20/2025 08:37:00 AM,NA,NA,Angle,Cloudy,NA,Daylight,NA,NONE DETECTED,No,NA,NA,NA,NA,NA,Moving Constant Speed,0,No,0,NA,NA,39.08058814,-77.06941865,2025,9,8
250042348,Injury Crash,09/20/2025 08:37:00 AM,NA,NA,Angle,Cloudy,NA,Daylight,NA,NONE DETECTED,Yes,Suspected Serious Injury,NA,Unknown,MD,Passenger Car,Moving Constant Speed,0,No,2019,HONDA,CIVIC,39.08058814,-77.06941865,2025,9,8
250042334,Injury Crash,09/20/2025 03:58:00 AM,GREAT SENECA HWY (SB/L),NA,Angle,Clear,Dry,Medium,Traffic Control Signal,NONE DETECTED,No,Possible Minor Injury,"Operated Motor Vehicle in Inattentive, Careless, Negligent, or Erratic Manner, Other Improper Action",Unknown,MD,Passenger Car,Moving Constant Speed,30,No,2018,TOYOTA,COROLLA,39.1591097,-77.27544174,2025,9,3
250042334,Injury Crash,09/20/2025 03:58:00 AM,GREAT SENECA HWY (SB/L),NA,Angle,Clear,Dry,Medium,Traffic Control Signal,NONE DETECTED,No,No Apparent Injury,"Operated Motor Vehicle in Inattentive, Careless, Negligent, or Erratic Manner, Other Improper Action",Unknown,MD,Sport Utility Vehicle,Moving Constant Speed,35,No,2007,HYUNDAI,SANTA FE,39.1591097,-77.27544174,2025,9,3
250042310,Property Damage Crash,09/19/2025 09:45:00 PM,GEORGIA AVE (SB/L),NA,Angle,Clear,Dry,Medium,Traffic Control Signal,NONE DETECTED,Yes,No Apparent Injury,Failed to Yield Right-of-Way,Unknown,MD,Passenger Car,Turning Left,35,No,2008,HONDA,FIT,39.08754054,-77.0795209,2025,9,21
250042310,Property Damage Crash,09/19/2025 09:45:00 PM,GEORGIA AVE (SB/L),NA,Angle,Clear,Dry,Medium,Traffic Control Signal,NONE DETECTED,No,No Apparent Injury,NA,Not Distracted,MD,Passenger Car,Moving Constant Speed,35,No,1999,DODGE,DAKOTA,39.08754054,-77.0795209,2025,9,21
250042303,Property Damage Crash,09/19/2025 09:00:00 PM,INDIGO RD,NA,"Sideswipe, Same Direction",Clear,Dry,Medium,No Controls,NONE DETECTED,No,NA,NA,NA,NA,Pickup,NA,25,No,1995,FORD,F-150,39.05016633,-77.07867483,2025,9,21
250042285,Injury Crash,09/19/2025 07:18:00 PM,NA,NA,Single Vehicle,Clear,NA,Medium,NA,NONE DETECTED,Yes,Possible Minor Injury,NA,"Other Action (looking away from task, etc.)",MD,Passenger Car,Accelerating,0,No,2022,BMW,330I,39.08781792,-77.15275397,2025,9,19
250042290,Property Damage Crash,09/19/2025 07:18:00 PM,VEIRS MILL RD,NA,Front to Rear,Clear,Dry,Dark,Traffic Control Signal,NONE DETECTED,No,NA,NA,NA,NA,Passenger Car,NA,35,No,2012,HONDA,CIVIC,39.07348862,-77.11216431,2025,9,19
250042290,Property Damage Crash,09/19/2025 07:18:00 PM,VEIRS MILL RD,NA,Front to Rear,Clear,Dry,Dark,Traffic Control Signal,NONE DETECTED,No,No Apparent Injury,NA,Not Distracted,MD,Pickup,Stopped in Traffic,35,No,2006,TOYOTA,TACOMA,39.07348862,-77.11216431,2025,9,19
250042273,Injury Crash,09/19/2025 06:18:00 PM,FREDERICK RD (SB/L),NA,Angle,Clear,Dry,Daylight,Traffic Control Signal,NONE DETECTED,No,No Apparent Injury,NA,Not Distracted,MD,Passenger Car,Moving Constant Speed,35,No,2012,MAZDA,MAZDA2,39.178335,-77.23866667,2025,9,18
250042273,Injury Crash,09/19/2025 06:18:00 PM,FREDERICK RD (SB/L),NA,Angle,Clear,Dry,Daylight,Traffic Control Signal,NONE DETECTED,Yes,No Apparent Injury,Failed to Yield Right-of-Way,Unknown,MD,Passenger Car,Turning Left,35,No,2013,KIA,OPTIMA,39.178335,-77.23866667,2025,9,18
250042268,Property Damage Crash,09/19/2025 06:00:00 PM,GEORGIA AVE,NA,Angle,Clear,Dry,Daylight,No Controls,NONE DETECTED,Yes,No Apparent Injury,Other Improper Action,Not Distracted,MD,Passenger Car,Changing Lanes,25,No,2016,FORD,TAURUS,38.99827312,-77.03067809,2025,9,18
250042271,Property Damage Crash,09/19/2025 06:00:00 PM,SHADY GROVE RD,NA,Front to Rear,Clear,Dry,Daylight,Traffic Control Signal,NONE DETECTED,No,NA,NA,NA,NA,Pickup,Accelerating,45,No,2002,FORD,F-150,39.14090147,-77.15178236,2025,9,18
250042270,Injury Crash,09/19/2025 06:00:00 PM,UNIVERSITY BLVD E,NA,Front to Rear,Clear,Dry,Daylight,No Controls,NONE DETECTED,Yes,No Apparent Injury,Too Fast For Conditions,Not Distracted,NA,Passenger Car,Moving Constant Speed,25,No,2021,TOYOTA,COROLLA,38.9953272,-76.99311332,2025,9,18
250042268,Property Damage Crash,09/19/2025 06:00:00 PM,GEORGIA AVE,NA,Angle,Clear,Dry,Daylight,No Controls,NONE DETECTED,No,No Apparent Injury,NA,Not Distracted,MD,Passenger Car,Stopped in Traffic,25,No,2013,KIA,OPTIMA,38.99827312,-77.03067809,2025,9,18
250042270,Injury Crash,09/19/2025 06:00:00 PM,UNIVERSITY BLVD E,NA,Front to Rear,Clear,Dry,Daylight,No Controls,NONE DETECTED,No,Possible Minor Injury,NA,Not Distracted,MD,Passenger Car,Moving Constant Speed,25,No,2006,TOYOTA,COROLLA MATRIX,38.9953272,-76.99311332,2025,9,18
250042271,Property Damage Crash,09/19/2025 06:00:00 PM,SHADY GROVE RD,NA,Front to Rear,Clear,Dry,Daylight,Traffic Control Signal,NONE DETECTED,No,No Apparent Injury,NA,Not Distracted,MD,Passenger Car,Stopped in Traffic,45,No,2016,TOYOTA,COROLLA,39.14090147,-77.15178236,2025,9,18
250042270,Injury Crash,09/19/2025 06:00:00 PM,UNIVERSITY BLVD E,NA,Front to Rear,Clear,Dry,Daylight,No Controls,NONE DETECTED,No,No Apparent Injury,NA,Not Distracted,MD,Passenger Car,Moving Constant Speed,25,No,2019,HONDA,CIVIC,38.9953272,-76.99311332,2025,9,18
250042269,Injury Crash,09/19/2025 05:56:00 PM,ROCKVILLE PIKE (SB/L),NA,Front to Rear,Clear,Dry,Daylight,No Controls,NONE DETECTED,No,Possible Minor Injury,NA,Not Distracted,NA,Moped Or motorized bicycle,Slowing or Stopping,35,No,2025,ZHILONG,UNKNOWN,39.03928966,-77.10922221,2025,9,17
250042269,Injury Crash,09/19/2025 05:56:00 PM,ROCKVILLE PIKE (SB/L),NA,Front to Rear,Clear,Dry,Daylight,No Controls,NONE DETECTED,Yes,No Apparent Injury,NA,Unknown,MD,Passenger Car,Moving Constant Speed,35,No,2018,NISSAN,ROGUE SPORT,39.03928966,-77.10922221,2025,9,17
250042264,Property Damage Crash,09/19/2025 05:55:00 PM,QUINCE ORCHARD RD,NA,Angle,Clear,Dry,Daylight,Traffic Control Signal,NONE DETECTED,No,No Apparent Injury,NA,Not Distracted,MD,Sport Utility Vehicle,Moving Constant Speed,40,No,2017,SUBARU,FORESTER,39.14539967,-77.219946,2025,9,17
250042264,Property Damage Crash,09/19/2025 05:55:00 PM,QUINCE ORCHARD RD,NA,Angle,Clear,Dry,Daylight,No Controls,NONE DETECTED,Yes,No Apparent Injury,Failed to Yield Right-of-Way,Unknown,MD,Passenger Car,Turning Left,5,No,2015,TOYOTA,CAMRY,39.14539967,-77.219946,2025,9,17
250042294,Property Damage Crash,09/19/2025 05:50:00 PM,CAPITAL BELTWAY,NA,Single Vehicle,Clear,Dry,Daylight,No Controls,NONE DETECTED,No,No Apparent Injury,NA,Not Distracted,MD,Passenger Car,Accelerating,55,No,2025,FORD,EXPLORER,39.01636319,-77.0107147,2025,9,17
250042263,Property Damage Crash,09/19/2025 05:33:00 PM,ROCKVILLE PIKE (SB/L),NA,Front to Rear,Clear,Dry,Daylight,No Controls,NONE DETECTED,No,No Apparent Injury,NA,Not Distracted,MD,Passenger Car,Stopped in Traffic,30,No,2012,TOYOTA,CAMRY,38.9957175,-77.09655817,2025,9,17
250042263,Property Damage Crash,09/19/2025 05:33:00 PM,ROCKVILLE PIKE (SB/L),NA,Front to Rear,Clear,Dry,Daylight,No Controls,NONE DETECTED,Yes,No Apparent Injury,NA,Unknown,MD,Passenger Car,Moving Constant Speed,30,No,2012,ACURA,ZDX,38.9957175,-77.09655817,2025,9,17
250042260,Property Damage Crash,09/19/2025 05:30:00 PM,OLD GEORGETOWN RD,NA,Rear To Side,Clear,Dry,Daylight,Stop Sign,NONE DETECTED,No,No Apparent Injury,NA,Not Distracted,MD,Passenger Car,Moving Constant Speed,30,No,2023,KIA,NIRO,38.98837773,-77.10028105,2025,9,17
250042260,Property Damage Crash,09/19/2025 05:30:00 PM,OLD GEORGETOWN RD,NA,Rear To Side,Clear,Dry,Daylight,Stop Sign,NONE DETECTED,Yes,No Apparent Injury,NA,Not Distracted,VA,Passenger Car,Turning Left,30,No,2006,TOYOTA,COROLLA,38.98837773,-77.10028105,2025,9,17
250042256,Property Damage Crash,09/19/2025 05:15:00 PM,METRORAIL TRACK B1 RAIL,NA,Angle,Clear,Dry,Daylight,Traffic Control Signal,NONE DETECTED,Yes,No Apparent Injury,"Failed to Keep in Proper Lane, Operated Motor Vehicle in Inattentive, Careless, Negligent, or Erratic Manner","Other Action (looking away from task, etc.)",MD,Passenger Car,Changing Lanes,30,No,2025,NISSAN,SENTRA,39.010869,-77.04093267,2025,9,17
250042256,Property Damage Crash,09/19/2025 05:15:00 PM,METRORAIL TRACK B1 RAIL,NA,Angle,Clear,Dry,Daylight,Traffic Control Signal,NONE DETECTED,No,No Apparent Injury,NA,Not Distracted,MD,Sport Utility Vehicle,Moving Constant Speed,30,No,2012,HONDA,CR-V,39.010869,-77.04093267,2025,9,17
250042254,Property Damage Crash,09/19/2025 04:49:00 PM,QUINCE ORCHARD RD (SB/L),NA,Front to Rear,Clear,Dry,Daylight,No Controls,NONE DETECTED,Yes,No Apparent Injury,Followed Too Closely,Not Distracted,MD,Sport Utility Vehicle,Changing Lanes,35,No,2015,CADILLAC,ESCALADE,39.12058383,-77.250733,2025,9,16
250042254,Property Damage Crash,09/19/2025 04:49:00 PM,QUINCE ORCHARD RD (SB/L),NA,Front to Rear,Clear,Dry,Daylight,No Controls,NONE DETECTED,No,No Apparent Injury,NA,Not Distracted,MD,Bus - Transit,Slowing or Stopping,35,No,2014,GILLIG,LOW FLOOR BUS,39.12058383,-77.250733,2025,9,16
250042226,Property Damage Crash,09/19/2025 04:05:00 PM,DALAMAR ST,NA,"Sideswipe, Same Direction",Clear,Dry,Daylight,Traffic Control Signal,NONE DETECTED,No,No Apparent Injury,NA,Not Distracted,MD,Passenger Car,Changing Lanes,30,No,2020,TOYOTA,CAMRY,39.14660463,-77.20474694,2025,9,16
250042226,Property Damage Crash,09/19/2025 04:05:00 PM,DALAMAR ST,NA,"Sideswipe, Same Direction",Clear,Dry,Daylight,Traffic Control Signal,NONE DETECTED,Yes,No Apparent Injury,"Followed Too Closely, Too Fast For Conditions",Unknown,MD,Pickup,Moving Constant Speed,30,No,2025,TOYOTA,TUNDRA,39.14660463,-77.20474694,2025,9,16
250042242,Property Damage Crash,09/19/2025 04:03:00 PM,NA,NA,"Sideswipe, Same Direction",Clear,Dry,Daylight,No Controls,NONE DETECTED,No,No Apparent Injury,NA,Not Distracted,MD,Passenger Car,Accelerating,35,No,2019,LEXUS,RX,39.22972428,-77.25289216,2025,9,16
250042242,Property Damage Crash,09/19/2025 04:03:00 PM,NA,NA,"Sideswipe, Same Direction",Clear,Dry,Daylight,No Controls,NONE DETECTED,No,No Apparent Injury,NA,Unknown,MD,Bus - Transit,Accelerating,35,No,2017,GILLIG,LOW FLOOR BUS,39.22972428,-77.25289216,2025,9,16
250042233,Property Damage Crash,09/19/2025 03:30:00 PM,NA,NA,Single Vehicle,Clear,NA,Daylight,NA,NONE DETECTED,No,No Apparent Injury,NA,Not Distracted,MD,Sport Utility Vehicle,Slowing or Stopping,0,No,2025,DODGE,DURANGO,39.08101225,-77.15004219,2025,9,15
250042231,Property Damage Crash,09/19/2025 03:10:00 PM,DEMOCRACY BLVD (EB/L),NA,Front to Front,Clear,Dry,Daylight,No Controls,NONE DETECTED,Yes,No Apparent Injury,NA,Not Distracted,MD,Passenger Car,Moving Constant Speed,35,No,2008,VOLVO,S60,39.02672717,-77.195652,2025,9,15
250042231,Property Damage Crash,09/19/2025 03:10:00 PM,DEMOCRACY BLVD (EB/L),NA,Front to Front,Clear,Dry,Daylight,No Controls,NONE DETECTED,No,No Apparent Injury,NA,Not Distracted,MD,Passenger Car,Moving Constant Speed,35,No,2017,JEEP,WRANGLER,39.02672717,-77.195652,2025,9,15
250042224,Property Damage Crash,09/19/2025 03:00:00 PM,OLD BALTIMORE RD,NA,Front to Rear,Clear,Dry,Daylight,Traffic Control Signal,NONE DETECTED,No,No Apparent Injury,NA,Not Distracted,MD,Passenger Car,Stopped in Traffic,45,No,2015,HONDA,ODYSSEY,39.13703019,-77.06887555,2025,9,15
250042224,Property Damage Crash,09/19/2025 03:00:00 PM,OLD BALTIMORE RD,NA,Front to Rear,Clear,Dry,Daylight,Traffic Control Signal,NONE DETECTED,Yes,No Apparent Injury,Operated Motor Vehicle in Reckless or Aggressive Manner,Not Distracted,MD,Passenger Car,Moving Constant Speed,45,No,2012,TOYOTA,YARIS,39.13703019,-77.06887555,2025,9,15
250042223,Property Damage Crash,09/19/2025 02:59:00 PM,NEW HAMPSHIRE AVE,NA,Front to Rear,Clear,Dry,Daylight,No Controls,NONE DETECTED,No,No Apparent Injury,NA,Not Distracted,MD,Passenger Car,Stopped in Traffic,40,No,2019,HYUNDAI,SANTA FE,39.0629375,-76.99881783,2025,9,14
250042223,Property Damage Crash,09/19/2025 02:59:00 PM,NEW HAMPSHIRE AVE,NA,Front to Rear,Clear,Dry,Daylight,No Controls,NONE DETECTED,Yes,No Apparent Injury,NA,Not Distracted,MD,Passenger Car,Slowing or Stopping,40,No,2017,LEXUS,GX,39.0629375,-76.99881783,2025,9,14
250042215,Injury Crash,09/19/2025 02:30:00 PM,NA,NA,Front to Rear,Clear,Dry,Daylight,No Controls,NONE DETECTED,No,No Apparent Injury,NA,Not Distracted,MD,Passenger Car,Slowing or Stopping,40,No,2013,HONDA,CIVIC,39.07566917,-76.994348,2025,9,14
250042215,Injury Crash,09/19/2025 02:30:00 PM,NA,NA,Front to Rear,Clear,Dry,Daylight,No Controls,NONE DETECTED,No,Possible Minor Injury,NA,Not Distracted,MD,Passenger Car,Slowing or Stopping,40,No,2011,GMC,SIERRA,39.07566917,-76.994348,2025,9,14
250042214,Property Damage Crash,09/19/2025 02:15:00 PM,ROCKLEDGE DR (SB/L),NA,Front to Rear,Clear,Dry,Daylight,Traffic Control Signal,NONE DETECTED,No,No Apparent Injury,NA,Not Distracted,MD,Passenger Car,Moving Constant Speed,35,No,2019,SUBARU,OUTBACK,39.02291485,-77.13228466,2025,9,14