Local Case Number,ACRS Report Type,Crash Date/Time,Road Name,Related Non-Motorist,Collision Type,Weather,Surface Condition,Light,Traffic Control,Driver Substance Abuse,Driver At Fault,Injury Severity,Circumstance,Driver Distracted By,Drivers License State,Vehicle Body Type,Vehicle Movement,Speed Limit,Driverless Vehicle,Vehicle Year,Vehicle Make,Vehicle Model,Latitude,Longitude,Year,Month,Hour
250042214,Property Damage Crash,09/19/2025 02:15:00 PM,ROCKLEDGE DR (SB/L),NA,Front to Rear,Clear,Dry,Daylight,Traffic Control Signal,NONE DETECTED,No,No Apparent Injury,NA,Not Distracted,MD,Passenger Car,Stopped in Traffic,35,No,2017,PORSCHE,MACAN,39.02291485,-77.13228466,2025,9,14
250042214,Property Damage Crash,09/19/2025 02:15:00 PM,ROCKLEDGE DR (SB/L),NA,Front to Rear,Clear,Dry,Daylight,Traffic Control Signal,NONE DETECTED,No,No Apparent Injury,NA,Not Distracted,MD,Passenger Car,Stopped in Traffic,35,No,2021,CHEVROLET,SILVERADO,39.02291485,-77.13228466,2025,9,14
250042203,Property Damage Crash,09/19/2025 01:21:00 PM,ASTER BLVD,NA,"Sideswipe, Same Direction",Clear,Dry,Daylight,No Controls,NONE DETECTED,No,No Apparent Injury,"Operated Motor Vehicle in Inattentive, Careless, Negligent, or Erratic Manner",Not Distracted,MD,Passenger Car,Accelerating,25,No,2018,MERCEDES-BENZ,GLE-CLASS,39.10017567,-77.17384567,2025,9,13
250042195,Injury Crash,09/19/2025 12:15:00 PM,VENICE DR,NA,Front to Rear,Clear,Dry,Daylight,Traffic Control Signal,NONE DETECTED,No,NA,Followed Too Closely,NA,NA,Sport Utility Vehicle,Moving Constant Speed,40,No,2018,GMC,YUKON,39.06158867,-76.99844558,2025,9,12
250042195,Injury Crash,09/19/2025 12:15:00 PM,VENICE DR,NA,Front to Rear,Clear,Dry,Daylight,Traffic Control Signal,NONE DETECTED,No,Possible Minor Injury,NA,Not Distracted,MD,Sport Utility Vehicle,Slowing or Stopping,40,No,2014,CHEVROLET,TRAVERSE,39.06158867,-76.99844558,2025,9,12
250042185,Injury Crash,09/19/2025 12:05:00 PM,CUTSAIL DR,NA,"Sideswipe, Opposite Direction",Clear,Dry,Daylight,No Controls,NONE DETECTED,Yes,Possible Minor Injury,"Failed to Keep in Proper Lane, Swerved or Avoided Due to Wind, Slippery Surface, Motor Vehicle, Object, Non-Motorist in Roadway, etc",Not Distracted,MD,Passenger Car,Changing Lanes,25,No,2018,HYUNDAI,SANTA FE SPORT,39.2618653,-77.2141691,2025,9,12
250042183,Property Damage Crash,09/19/2025 12:00:00 PM,OLNEY SANDY SPRING RD (WB/L),NA,Single Vehicle,Clear,Dry,Daylight,No Controls,NONE DETECTED,No,No Apparent Injury,NA,Unknown,DC,Passenger Car,NA,30,No,2014,VOLKSWAGEN,TIGUAN,39.14490217,-77.04201433,2025,9,12
250042178,Property Damage Crash,09/19/2025 11:15:00 AM,BONNY BROOK LA (SB/L),NA,Front to Rear,Clear,Dry,Daylight,No Controls,NONE DETECTED,No,No Apparent Injury,NA,Not Distracted,MD,Passenger Car,Moving Constant Speed,25,No,1994,VOLVO,850 SERIES,39.26971587,-77.19003199,2025,9,11
250042178,Property Damage Crash,09/19/2025 11:15:00 AM,BONNY BROOK LA (SB/L),NA,Front to Rear,Clear,Dry,Daylight,No Controls,NONE DETECTED,Yes,No Apparent Injury,"Failed to Yield Right-of-Way, Improper Backing",Unknown,MD,Single-Unit Truck,Backing,25,No,2014,MACK,GU (GRANITE),39.26971587,-77.19003199,2025,9,11
250042163,Property Damage Crash,09/19/2025 09:38:00 AM,WOODMONT AVE,NA,Single Vehicle,Clear,Dry,Daylight,No Controls,NONE DETECTED,Yes,No Apparent Injury,Improper Backing,Not Distracted,MD,Other Trucks,Backing,25,No,2016,PETERBILT,567,38.98240685,-77.09613086,2025,9,9
250042159,Property Damage Crash,09/19/2025 09:24:00 AM,RAMP 2 FR MD 189 WB TO RAMP 3 (TO IS270),NA,Front to Rear,Clear,Dry,Daylight,Yield Sign,NONE DETECTED,Yes,No Apparent Injury,"Failed to Yield Right-of-Way, Followed Too Closely",Not Distracted,MD,Passenger Car,Accelerating,55,No,2016,TOYOTA,CAMRY,39.07491516,-77.16467289,2025,9,9
250042159,Property Damage Crash,09/19/2025 09:24:00 AM,RAMP 2 FR MD 189 WB TO RAMP 3 (TO IS270),NA,Front to Rear,Clear,Dry,Daylight,Yield Sign,NONE DETECTED,No,No Apparent Injury,NA,Not Distracted,MD,Passenger Car,Stopped in Traffic,50,No,2011,HONDA,CIVIC,39.07491516,-77.16467289,2025,9,9
250042158,Injury Crash,09/19/2025 09:20:00 AM,ROCKVILLE PIKE (SB/L),NA,Front to Rear,Clear,Dry,Daylight,No Controls,NONE DETECTED,Yes,No Apparent Injury,NA,Not Distracted,MD,Bus - Transit,Moving Constant Speed,35,No,2019,GILLIG,SHUTTLE BUS,39.04855,-77.11383417,2025,9,9
250042158,Injury Crash,09/19/2025 09:20:00 AM,ROCKVILLE PIKE (SB/L),NA,Front to Rear,Clear,Dry,Daylight,No Controls,NONE DETECTED,No,Possible Minor Injury,NA,Not Distracted,MD,Passenger Car,Slowing or Stopping,35,No,2004,TOYOTA,4-RUNNER,39.04855,-77.11383417,2025,9,9
250042158,Injury Crash,09/19/2025 09:20:00 AM,ROCKVILLE PIKE (SB/L),NA,Front to Rear,Clear,Dry,Daylight,No Controls,NONE DETECTED,No,No Apparent Injury,NA,Not Distracted,MD,Passenger Car,Leaving Traffic Lane,35,No,2021,JEEP,GRAND CHEROKEE,39.04855,-77.11383417,2025,9,9
250042156,Property Damage Crash,09/19/2025 09:06:00 AM,NA,NA,"Sideswipe, Same Direction",Clear,NA,Daylight,NA,NONE DETECTED,No,No Apparent Injury,NA,Unknown,VA,Bus - Transit,Parked,0,No,2019,IC BUS,PC505,39.06197706,-77.05268635,2025,9,9
250042156,Property Damage Crash,09/19/2025 09:06:00 AM,NA,NA,"Sideswipe, Same Direction",Clear,NA,Daylight,NA,NONE DETECTED,Yes,No Apparent Injury,NA,Unknown,MD,Bus - Transit,Negotiating a Curve,0,No,2019,NEW FLYER,XCELSIOR,39.06197706,-77.05268635,2025,9,9
250042148,Property Damage Crash,09/19/2025 08:00:00 AM,NA,NA,"Sideswipe, Same Direction",Clear,NA,Daylight,NA,NONE DETECTED,No,No Apparent Injury,NA,Unknown,MD,Sport Utility Vehicle,Backing,0,No,2017,LAND ROVER,RANGE ROVER,39.05620695,-77.08319623,2025,9,8
250042148,Property Damage Crash,09/19/2025 08:00:00 AM,NA,NA,"Sideswipe, Same Direction",Clear,NA,Daylight,NA,NONE DETECTED,No,NA,NA,NA,NA,Passenger Car,Moving Constant Speed,0,No,2022,TOYOTA,CAMRY,39.05620695,-77.08319623,2025,9,8
250042143,Injury Crash,09/19/2025 07:45:00 AM,NO NAME,Pedestrian,Single Vehicle,Clear,Dry,Daylight,Traffic Control Signal,NONE DETECTED,No,No Apparent Injury,NA,Not Distracted,MD,Passenger Car,Moving Constant Speed,35,No,2014,LEXUS,RX,38.99952445,-77.09682509,2025,9,7
250042147,Injury Crash,09/19/2025 07:40:00 AM,NA,Pedestrian,Single Vehicle,Clear,NA,Daylight,NA,NONE DETECTED,No,No Apparent Injury,Failed to Yield Right-of-Way,"Other Action (looking away from task, etc.)",MD,Passenger Car,Backing,0,No,2008,NISSAN,ALTIMA,39.08867233,-77.11833723,2025,9,7
250042144,Property Damage Crash,09/19/2025 07:22:00 AM,MUNCASTER MILL RD,NA,Angle,Clear,Dry,Daylight,Stop Sign,NONE DETECTED,No,No Apparent Injury,NA,Not Distracted,MD,Pickup,Moving Constant Speed,35,No,2025,FORD,MAVERICK,39.13993667,-77.13409167,2025,9,7
250042144,Property Damage Crash,09/19/2025 07:22:00 AM,MUNCASTER MILL RD,NA,Angle,Clear,Dry,Daylight,Stop Sign,NONE DETECTED,Yes,No Apparent Injury,Improper Turn,Not Distracted,MD,Other Trucks,Turning Left,25,No,2005,STERLING TRUCK,ACTERRA,39.13993667,-77.13409167,2025,9,7
250042142,Injury Crash,09/19/2025 07:20:00 AM,CHELTENHAM DR,Pedestrian,Single Vehicle,Clear,Dry,Daylight,Stop Sign,NONE DETECTED,Yes,No Apparent Injury,Failed to Yield Right-of-Way,Not Distracted,MD,Passenger Car,Turning Left,20,No,2020,TOYOTA,RAV4,38.98857218,-77.09170852,2025,9,7
250042138,Injury Crash,09/19/2025 05:30:00 AM,ROCKVILLE PIKE (SB/L),NA,"Sideswipe, Opposite Direction",Clear,Dry,Medium,Traffic Control Signal,NONE DETECTED,No,No Apparent Injury,NA,Not Distracted,MD,Passenger Car,Stopped in Traffic,35,No,2015,ACURA,TLX,39.04466462,-77.11179972,2025,9,5
250042138,Injury Crash,09/19/2025 05:30:00 AM,ROCKVILLE PIKE (SB/L),NA,"Sideswipe, Opposite Direction",Clear,Dry,Medium,Traffic Control Signal,NONE DETECTED,No,No Apparent Injury,NA,Not Distracted,MD,Passenger Car,Turning Left,30,No,2003,HONDA,ELEMENT,39.04466462,-77.11179972,2025,9,5
250042138,Injury Crash,09/19/2025 05:30:00 AM,ROCKVILLE PIKE (SB/L),NA,"Sideswipe, Opposite Direction",Clear,Dry,Medium,Traffic Control Signal,NONE DETECTED,Yes,No Apparent Injury,NA,Not Distracted,VA,Passenger Car,Moving Constant Speed,35,No,2011,TOYOTA,CAMRY,39.04466462,-77.11179972,2025,9,5
250042138,Injury Crash,09/19/2025 05:30:00 AM,ROCKVILLE PIKE (SB/L),NA,"Sideswipe, Opposite Direction",Clear,Dry,Medium,Traffic Control Signal,NONE DETECTED,No,Possible Minor Injury,NA,Not Distracted,VA,Passenger Car,Stopped in Traffic,35,No,2011,HONDA,CIVIC,39.04466462,-77.11179972,2025,9,5
250042130,Property Damage Crash,09/19/2025 12:34:00 AM,ARCTIC AVE,NA,Front to Front,Clear,Dry,Medium,No Controls,NONE DETECTED,Yes,No Apparent Injury,NA,Unknown,MD,Passenger Car,Moving Constant Speed,25,No,2018,BMW,430I,39.07703317,-77.09795483,2025,9,0
250042127,Property Damage Crash,09/19/2025 12:15:00 AM,LITTLE STAR LA,NA,Single Vehicle,Clear,Dry,Medium,No Controls,NONE DETECTED,Yes,No Apparent Injury,Ran Off Roadway,"Other Action (looking away from task, etc.)",MD,Passenger Car,Moving Constant Speed,25,No,2018,FORD,TAURUS,39.16089402,-77.27644795,2025,9,0
250042128,Property Damage Crash,09/18/2025 11:58:00 PM,FERRARA DR,NA,Front to Front,Clear,Dry,Medium,No Controls,DRUG AND ALCOHOL CONTRIBUTED,Yes,No Apparent Injury,"Disregarded Other Road Markings, Failed to Keep in Proper Lane, Wrong Side, Wrong Way",Unknown,MD,Van - Passenger (&lt;9 Seats),Changing Lanes,25,No,2021,CHEVROLET,EXPRESS,39.05182586,-77.07678683,2025,9,23
250042107,Property Damage Crash,09/18/2025 09:08:00 PM,NA,NA,Rear To Side,Clear,NA,Medium,NA,NONE DETECTED,Yes,No Apparent Injury,NA,Unknown,MD,Passenger Car,Backing,0,No,2002,LEXUS,SC,39.20697395,-77.16230266,2025,9,21
250042103,Property Damage Crash,09/18/2025 08:37:00 PM,HICKERSON DR,NA,Angle,Clear,Dry,Medium,No Controls,NONE DETECTED,No,No Apparent Injury,NA,Not Distracted,MD,Passenger Car,Moving Constant Speed,25,No,2005,NISSAN,SENTRA,39.04225357,-77.05189246,2025,9,20
250042103,Property Damage Crash,09/18/2025 08:37:00 PM,HICKERSON DR,NA,Angle,Clear,Dry,Medium,No Controls,ALCOHOL PRESENT,Yes,No Apparent Injury,NA,Not Distracted,MD,Passenger Car,Turning Left,25,No,2017,NISSAN,ALTIMA,39.04225357,-77.05189246,2025,9,20
250042100,Injury Crash,09/18/2025 08:09:00 PM,LEAMAN FARM RD,NA,Angle,Clear,Dry,Medium,No Controls,NONE DETECTED,No,Possible Minor Injury,NA,Not Distracted,MD,Passenger Car,Moving Constant Speed,40,No,2016,NISSAN,ROGUE,39.15581824,-77.27675429,2025,9,20
250042100,Injury Crash,09/18/2025 08:09:00 PM,LEAMAN FARM RD,NA,Angle,Clear,Dry,Medium,Stop Sign,NONE DETECTED,Yes,No Apparent Injury,Failed to Yield Right-of-Way,Unknown,MD,Passenger Car,Turning Left,40,No,2013,TOYOTA,PRIUS,39.15581824,-77.27675429,2025,9,20
250042096,Injury Crash,09/18/2025 07:56:00 PM,DUFIEF MILL RD,Pedestrian,Single Vehicle,Clear,Dry,Dark,No Controls,NONE DETECTED,No,No Apparent Injury,NA,Not Distracted,MD,Sport Utility Vehicle,Moving Constant Speed,40,No,2021,TESLA,MODEL Y,39.09362389,-77.23311606,2025,9,19
250042091,Property Damage Crash,09/18/2025 07:35:00 PM,COLUMBIA PIKE,NA,Front to Rear,Clear,Dry,Dark,Stop Sign,NONE DETECTED,Yes,No Apparent Injury,NA,Unknown,MD,Passenger Car,Moving Constant Speed,50,No,2024,MITSUBISHI,MIRAGE G4,39.071351,-76.95678033,2025,9,19
250042091,Property Damage Crash,09/18/2025 07:35:00 PM,COLUMBIA PIKE,NA,Front to Rear,Clear,Dry,Dark,Traffic Control Signal,NONE DETECTED,No,No Apparent Injury,NA,Not Distracted,MD,Passenger Car,Stopped in Traffic,50,No,2025,HONDA,ACCORD,39.071351,-76.95678033,2025,9,19
250042097,Property Damage Crash,09/18/2025 07:32:00 PM,RANDOLPH RD (WB/L),NA,Other,Clear,Dry,Medium,No Controls,NONE DETECTED,No,No Apparent Injury,NA,Not Distracted,MD,Passenger Car,Moving Constant Speed,30,No,2019,VOLKSWAGEN,JETTA,39.05347517,-77.10819467,2025,9,19
250042097,Property Damage Crash,09/18/2025 07:32:00 PM,RANDOLPH RD (WB/L),NA,Other,Clear,Dry,Medium,No Controls,NONE DETECTED,No,No Apparent Injury,NA,Not Distracted,MD,Passenger Car,Turning Left,30,No,2012,TOYOTA,CAMRY,39.05347517,-77.10819467,2025,9,19
250042092,Injury Crash,09/18/2025 07:20:00 PM,GEORGIA AVE,NA,Other,Clear,Dry,Medium,Traffic Control Signal,NONE DETECTED,No,Possible Minor Injury,NA,Unknown,MD,Passenger Car,Stopped in Traffic,35,No,2007,HONDA,ACCORD,39.05306669,-77.05084201,2025,9,19
250042092,Injury Crash,09/18/2025 07:20:00 PM,GEORGIA AVE,NA,Other,Clear,Dry,Medium,Traffic Control Signal,NONE DETECTED,Yes,No Apparent Injury,Improper Backing,Unknown,MD,Passenger Car,Backing,35,No,2013,TOYOTA,PRIUS,39.05306669,-77.05084201,2025,9,19
250042114,Property Damage Crash,09/18/2025 07:14:00 PM,WOODMONT AVE,NA,Single Vehicle,Clear,Dry,Daylight,No Controls,NONE DETECTED,Yes,No Apparent Injury,NA,Unknown,MD,Sport Utility Vehicle,Moving Constant Speed,5,No,2016,LAND ROVER,RANGE ROVER SPORT,38.98704444,-77.09603869,2025,9,19
250042112,Injury Crash,09/18/2025 07:00:00 PM,N HORNERS LA,Scooter (electric),Unknown,Clear,Dry,Medium,Pedestrian Crossing Sign,NONE DETECTED,No,No Apparent Injury,"Operated Motor Vehicle in Inattentive, Careless, Negligent, or Erratic Manner",Unknown,MD,Passenger Car,Moving Constant Speed,25,No,2008,KIA,SPORTAGE,39.09093304,-77.14346222,2025,9,19
250042083,Injury Crash,09/18/2025 06:36:00 PM,FREDERICK RD,NA,Front to Front,Clear,Dry,Daylight,Traffic Control Signal,NONE DETECTED,No,Possible Minor Injury,NA,Not Distracted,MD,Motorcycle - 2 Wheeled,Moving Constant Speed,40,No,2025,TRIUMPH,DAYTONA 660,39.21580333,-77.25261983,2025,9,18
250042083,Injury Crash,09/18/2025 06:36:00 PM,FREDERICK RD,NA,Front to Front,Clear,Dry,Daylight,Traffic Control Signal,NONE DETECTED,Yes,No Apparent Injury,Failed to Yield Right-of-Way,Unknown,MD,Sport Utility Vehicle,Turning Left,40,No,2018,HYUNDAI,TUCSON,39.21580333,-77.25261983,2025,9,18
250042081,Injury Crash,09/18/2025 06:21:00 PM,EAST WEST HWY,NA,Other,Clear,Dry,Daylight,Traffic Control Signal,NONE DETECTED,No,Possible Minor Injury,NA,Unknown,DC,Passenger Car,Moving Constant Speed,30,No,2022,NISSAN,SENTRA,38.98789516,-77.07708978,2025,9,18
250042081,Injury Crash,09/18/2025 06:21:00 PM,EAST WEST HWY,NA,Other,Clear,Dry,Daylight,Traffic Control Signal,NONE DETECTED,No,No Apparent Injury,NA,Not Distracted,MD,Passenger Car,Moving Constant Speed,30,No,2025,VOLVO,S60,38.98789516,-77.07708978,2025,9,18
250042077,Property Damage Crash,09/18/2025 06:00:00 PM,PLYERS MILL RD,NA,Other,Clear,Dry,Daylight,Traffic Control Signal,NONE DETECTED,No,No Apparent Injury,NA,Not Distracted,MD,Passenger Car,Making U-Turn,25,No,2015,NISSAN,ALTIMA,39.02968554,-77.07588996,2025,9,18
250042077,Property Damage Crash,09/18/2025 06:00:00 PM,PLYERS MILL RD,NA,Other,Clear,Dry,Daylight,Traffic Control Signal,NONE DETECTED,No,No Apparent Injury,NA,NA,NA,Passenger Car,Moving Constant Speed,25,No,2018,CHEVROLET,COLORADO,39.02968554,-77.07588996,2025,9,18
250042078,Property Damage Crash,09/18/2025 05:48:00 PM,UNIVERSITY BLVD W,NA,Front to Rear,Clear,Dry,Daylight,Traffic Control Signal,NONE DETECTED,Yes,No Apparent Injury,NA,Unknown,MD,Pickup,Moving Constant Speed,25,No,2013,FORD,F-150,39.04141131,-77.05163553,2025,9,17
250042078,Property Damage Crash,09/18/2025 05:48:00 PM,UNIVERSITY BLVD W,NA,Front to Rear,Clear,Dry,Daylight,Traffic Control Signal,NONE DETECTED,No,No Apparent Injury,NA,Not Distracted,MD,Passenger Car,Stopped in Traffic,25,No,2023,HYUNDAI,ELANTRA,39.04141131,-77.05163553,2025,9,17
250042074,Property Damage Crash,09/18/2025 05:37:00 PM,BEALL AVE #2,NA,Front to Rear,Clear,Dry,Daylight,Traffic Control Signal,NONE DETECTED,No,NA,NA,NA,NA,Passenger Car,Accelerating,15,No,2007,VOLKSWAGEN,GTI,39.08743818,-77.15023029,2025,9,17
250042074,Property Damage Crash,09/18/2025 05:37:00 PM,BEALL AVE #2,NA,Front to Rear,Clear,Dry,Daylight,Traffic Control Signal,NONE DETECTED,No,No Apparent Injury,NA,Not Distracted,MD,Passenger Car,Accelerating,15,No,2022,TOYOTA,SIENNA,39.08743818,-77.15023029,2025,9,17
250042067,Property Damage Crash,09/18/2025 05:25:00 PM,RANDOLPH RD (WB/L),NA,Angle,Clear,Dry,Daylight,No Controls,NONE DETECTED,No,No Apparent Injury,NA,Unknown,MD,Sport Utility Vehicle,Moving Constant Speed,35,No,2018,HONDA,CR-V,39.05344513,-77.10791786,2025,9,17
250042067,Property Damage Crash,09/18/2025 05:25:00 PM,RANDOLPH RD (WB/L),NA,Angle,Clear,Dry,Daylight,No Controls,NONE DETECTED,Yes,No Apparent Injury,Failed to Yield Right-of-Way,Unknown,MD,Passenger Car,Entering Traffic Lane,35,No,2013,ACURA,TL,39.05344513,-77.10791786,2025,9,17
250042066,Property Damage Crash,09/18/2025 05:03:00 PM,COLUMBIA PIKE,NA,Front to Rear,Clear,Dry,Daylight,Traffic Control Signal,NONE DETECTED,No,No Apparent Injury,NA,Not Distracted,MD,Passenger Car,Moving Constant Speed,45,No,2025,HONDA,CIVIC,39.0465445,-76.98667933,2025,9,17
250042064,Property Damage Crash,09/18/2025 05:03:00 PM,GEORGIA AVE (SB/L),NA,"Sideswipe, Same Direction",Clear,Dry,Daylight,No Controls,NONE DETECTED,No,NA,NA,NA,NA,NA,Changing Lanes,30,No,0,NA,NA,39.0090304,-77.0405206,2025,9,17
250042066,Property Damage Crash,09/18/2025 05:03:00 PM,COLUMBIA PIKE,NA,Front to Rear,Clear,Dry,Daylight,Traffic Control Signal,NONE DETECTED,Yes,No Apparent Injury,"Operated Motor Vehicle in Inattentive, Careless, Negligent, or Erratic Manner",Unknown,NA,Passenger Car,Moving Constant Speed,45,No,2011,TOYOTA,CAMRY,39.0465445,-76.98667933,2025,9,17
250042066,Property Damage Crash,09/18/2025 05:03:00 PM,COLUMBIA PIKE,NA,Front to Rear,Clear,Dry,Daylight,Traffic Control Signal,NONE DETECTED,No,No Apparent Injury,NA,Not Distracted,MD,Passenger Car,Moving Constant Speed,45,No,2017,HONDA,CR-V,39.0465445,-76.98667933,2025,9,17
250042066,Property Damage Crash,09/18/2025 05:03:00 PM,COLUMBIA PIKE,NA,Front to Rear,Clear,Dry,Daylight,Traffic Control Signal,NONE DETECTED,No,No Apparent Injury,NA,Not Distracted,MD,Passenger Car,Moving Constant Speed,45,No,2020,RAM,1500,39.0465445,-76.98667933,2025,9,17
250042064,Property Damage Crash,09/18/2025 05:03:00 PM,GEORGIA AVE (SB/L),NA,"Sideswipe, Same Direction",Clear,Dry,Daylight,No Controls,NONE DETECTED,No,No Apparent Injury,NA,Not Distracted,MD,Passenger Car,Moving Constant Speed,30,No,2020,NISSAN,ALTIMA,39.0090304,-77.0405206,2025,9,17
250042068,Property Damage Crash,09/18/2025 04:53:00 PM,NA,NA,Front to Front,Clear,NA,Daylight,NA,NONE DETECTED,No,NA,NA,NA,NA,Passenger Car,Moving Constant Speed,0,No,2019,TOYOTA,HIGHLANDER,39.07471882,-77.13736753,2025,9,16
250042068,Property Damage Crash,09/18/2025 04:53:00 PM,NA,NA,Front to Front,Clear,NA,Daylight,NA,NONE DETECTED,No,No Apparent Injury,NA,Not Distracted,MD,Passenger Car,Turning Left,0,No,2018,TOYOTA,COROLLA,39.07471882,-77.13736753,2025,9,16
250042068,Property Damage Crash,09/18/2025 04:53:00 PM,NA,NA,Front to Front,Clear,NA,Daylight,NA,NONE DETECTED,No,No Apparent Injury,NA,Unknown,MD,Passenger Car,Moving Constant Speed,0,No,2013,HONDA,ACCORD,39.07471882,-77.13736753,2025,9,16
250042052,Property Damage Crash,09/18/2025 03:35:00 PM,NA,NA,"Sideswipe, Opposite Direction",Clear,NA,Daylight,NA,NONE DETECTED,No,No Apparent Injury,NA,Unknown,MD,Bus - School,Turning Right,0,No,2015,THOMAS BUILT,HDX,39.05590065,-77.11701828,2025,9,15
250042052,Property Damage Crash,09/18/2025 03:35:00 PM,NA,NA,"Sideswipe, Opposite Direction",Clear,NA,Daylight,NA,NONE DETECTED,No,No Apparent Injury,NA,Not Distracted,MD,Sport Utility Vehicle,Stopped in Traffic,0,No,2018,HYUNDAI,SANTA FE,39.05590065,-77.11701828,2025,9,15
250042046,Property Damage Crash,09/18/2025 03:25:00 PM,MONTGOMERY VILLAGE AVE,NA,Front to Rear,Clear,Dry,Daylight,No Controls,NONE DETECTED,No,No Apparent Injury,NA,Not Distracted,MD,Sport Utility Vehicle,Stopped in Traffic,35,No,2016,VOLVO,XC90,39.15886367,-77.20322333,2025,9,15
250042043,Injury Crash,09/18/2025 03:25:00 PM,N WASHINGTON ST,Cyclist (non-electric),Single Vehicle,Clear,Dry,Daylight,No Controls,NONE DETECTED,No,No Apparent Injury,NA,Not Distracted,MD,Passenger Car,Moving Constant Speed,25,No,2020,HONDA,CIVIC,39.0902574,-77.15362682,2025,9,15
250042046,Property Damage Crash,09/18/2025 03:25:00 PM,MONTGOMERY VILLAGE AVE,NA,Front to Rear,Clear,Dry,Daylight,No Controls,NONE DETECTED,Yes,No Apparent Injury,"Operated Motor Vehicle in Inattentive, Careless, Negligent, or Erratic Manner",Unknown,MD,Station Wagon,Moving Constant Speed,35,No,2018,HONDA,CIVIC,39.15886367,-77.20322333,2025,9,15
250042045,Property Damage Crash,09/18/2025 03:10:00 PM,WELLER RD,NA,Other,Clear,Dry,Daylight,No Controls,NONE DETECTED,No,No Apparent Injury,NA,Not Distracted,MD,Passenger Car,Moving Constant Speed,25,No,2021,RAM,2500,39.06381555,-77.07097272,2025,9,15
250042045,Property Damage Crash,09/18/2025 03:10:00 PM,WELLER RD,NA,Other,Clear,Dry,Daylight,No Controls,NONE DETECTED,Yes,No Apparent Injury,"Failed to Yield Right-of-Way, Improper Passing",Unknown,MD,Passenger Car,Entering Traffic Lane,25,No,2004,MITSUBISHI,LANCER,39.06381555,-77.07097272,2025,9,15
250042045,Property Damage Crash,09/18/2025 03:10:00 PM,WELLER RD,NA,Other,Clear,Dry,Daylight,No Controls,NONE DETECTED,No,No Apparent Injury,NA,Not Distracted,MD,Passenger Car,Slowing or Stopping,25,No,2013,TOYOTA,PRIUS,39.06381555,-77.07097272,2025,9,15
250042036,Property Damage Crash,09/18/2025 03:01:00 PM,16TH ST,NA,Front to Rear,Clear,Dry,Daylight,No Controls,NONE DETECTED,No,No Apparent Injury,NA,Not Distracted,MD,Passenger Car,Stopped in Traffic,35,No,2023,AUDI,Q3,38.99919067,-77.03989767,2025,9,15
250042036,Property Damage Crash,09/18/2025 03:01:00 PM,16TH ST,NA,Front to Rear,Clear,Dry,Daylight,No Controls,NONE DETECTED,Yes,No Apparent Injury,NA,Not Distracted,DC,Passenger Car,Moving Constant Speed,35,No,2010,MAZDA,MAZDA3,38.99919067,-77.03989767,2025,9,15
250042029,Injury Crash,09/18/2025 02:00:00 PM,SNOUFFERS SCHOOL RD,NA,Front to Rear,Clear,Dry,Daylight,No Controls,NONE DETECTED,Yes,Possible Minor Injury,NA,"Other Action (looking away from task, etc.)",MD,Sport Utility Vehicle,Moving Constant Speed,40,No,2013,LEXUS,RX,39.16917522,-77.17594837,2025,9,14
250042029,Injury Crash,09/18/2025 02:00:00 PM,SNOUFFERS SCHOOL RD,NA,Front to Rear,Clear,Dry,Daylight,No Controls,NONE DETECTED,No,Possible Minor Injury,NA,Not Distracted,MD,Sport Utility Vehicle,Stopped in Traffic,40,No,2017,TOYOTA,HIGHLANDER,39.16917522,-77.17594837,2025,9,14
250042029,Injury Crash,09/18/2025 02:00:00 PM,SNOUFFERS SCHOOL RD,NA,Front to Rear,Clear,Dry,Daylight,No Controls,NONE DETECTED,No,No Apparent Injury,NA,Not Distracted,MD,Single-Unit Truck,Moving Constant Speed,40,No,2017,FORD,COMMERCIAL CHASSIS,39.16917522,-77.17594837,2025,9,14