Local Case Number,ACRS Report Type,Crash Date/Time,Road Name,Related Non-Motorist,Collision Type,Weather,Surface Condition,Light,Traffic Control,Driver Substance Abuse,Driver At Fault,Injury Severity,Circumstance,Driver Distracted By,Drivers License State,Vehicle Body Type,Vehicle Movement,Speed Limit,Driverless Vehicle,Vehicle Year,Vehicle Make,Vehicle Model,Latitude,Longitude,Year,Month,Hour
250042021,Property Damage Crash,09/18/2025 01:32:00 PM,PARK RD (WB/L),NA,Single Vehicle,Clear,Dry,Daylight,No Controls,NONE DETECTED,Yes,No Apparent Injury,NA,Not Distracted,MD,Bus - School,Moving Constant Speed,25,No,2024,THOMAS BUILT,HDX,39.08542668,-77.14698828,2025,9,13
250041997,Property Damage Crash,09/18/2025 01:30:00 PM,NA,NA,Front to Rear,Clear,NA,Daylight,NA,NONE DETECTED,No,No Apparent Injury,Improper Backing,Unknown,MD,Pickup,Backing,0,No,2016,FORD,F-150,39.17903517,-77.26638846,2025,9,13
250042267,Property Damage Crash,09/18/2025 01:15:00 PM,CONNECTICUT AVE (SB/L),NA,Front to Rear,Clear,Dry,Daylight,Traffic Control Signal,NONE DETECTED,No,No Apparent Injury,NA,Not Distracted,MD,Single-Unit Truck,Slowing or Stopping,35,No,2013,CHEVROLET,SILVERADO,39.000227,-77.07698371,2025,9,13
250042267,Property Damage Crash,09/18/2025 01:15:00 PM,CONNECTICUT AVE (SB/L),NA,Front to Rear,Clear,Dry,Daylight,Traffic Control Signal,NONE DETECTED,No,NA,NA,NA,NA,Sport Utility Vehicle,Slowing or Stopping,35,No,2016,HONDA,CR-V,39.000227,-77.07698371,2025,9,13
250041988,Injury Crash,09/18/2025 11:45:00 AM,CONNECTICUT AVE (SB/L),NA,Angle,Clear,Dry,Daylight,Stop Sign,NONE DETECTED,No,No Apparent Injury,NA,Not Distracted,MD,Passenger Car,Stopped in Traffic,30,No,2016,VOLKSWAGEN,GOLF GTI,39.03384167,-77.07515167,2025,9,11
250041988,Injury Crash,09/18/2025 11:45:00 AM,CONNECTICUT AVE (SB/L),NA,Angle,Clear,Dry,Daylight,Stop Sign,NONE DETECTED,No,Possible Minor Injury,NA,Not Distracted,MD,Sport Utility Vehicle,Entering Traffic Lane,30,No,2023,GMC,ACADIA,39.03384167,-77.07515167,2025,9,11
250041988,Injury Crash,09/18/2025 11:45:00 AM,CONNECTICUT AVE (SB/L),NA,Angle,Clear,Dry,Daylight,No Controls,NONE DETECTED,No,Possible Minor Injury,NA,Not Distracted,MD,Passenger Car,Moving Constant Speed,30,No,2020,HONDA,CR-V,39.03384167,-77.07515167,2025,9,11
250041987,Property Damage Crash,09/18/2025 11:35:00 AM,NA,NA,Other,Clear,NA,Daylight,NA,NONE DETECTED,No,No Apparent Injury,NA,Not Distracted,MD,Passenger Car,Backing,0,No,2004,LEXUS,SC,38.96301265,-77.08760051,2025,9,11
250041968,Property Damage Crash,09/18/2025 10:33:00 AM,NEW HAMPSHIRE AVE,NA,Angle,Clear,Dry,Daylight,Traffic Control Signal,NONE DETECTED,Yes,No Apparent Injury,NA,Unknown,MD,Passenger Car,Accelerating,35,No,2024,TOYOTA,RAV4,38.98332433,-76.98835652,2025,9,10
250041968,Property Damage Crash,09/18/2025 10:33:00 AM,NEW HAMPSHIRE AVE,NA,Angle,Clear,Dry,Daylight,Traffic Control Signal,NONE DETECTED,No,No Apparent Injury,NA,Not Distracted,MD,Passenger Car,Accelerating,35,No,2018,NISSAN,MAXIMA,38.98332433,-76.98835652,2025,9,10
250041970,Property Damage Crash,09/18/2025 10:18:00 AM,BICKFORD AVE,NA,Other,Clear,Dry,Daylight,No Controls,NONE DETECTED,Yes,No Apparent Injury,NA,Not Distracted,MD,Single-Unit Truck,Moving Constant Speed,25,No,2018,FORD,F-550,39.09225229,-77.15658774,2025,9,10
250041964,Property Damage Crash,09/18/2025 09:59:00 AM,CAPITAL BELTWAY (WB/L),NA,Front to Rear,Clear,Dry,Daylight,No Controls,NONE DETECTED,No,No Apparent Injury,NA,Not Distracted,MD,Passenger Car,Changing Lanes,55,No,2022,POLESTAR,PS2,39.01071149,-77.06479398,2025,9,9
250041964,Property Damage Crash,09/18/2025 09:59:00 AM,CAPITAL BELTWAY (WB/L),NA,Front to Rear,Clear,Dry,Daylight,No Controls,NONE DETECTED,No,No Apparent Injury,NA,Not Distracted,MD,Sport Utility Vehicle,Moving Constant Speed,55,No,2019,JEEP,RENEGADE,39.01071149,-77.06479398,2025,9,9
250041966,Property Damage Crash,09/18/2025 09:52:00 AM,EWING DR,NA,Rear To Side,Clear,Dry,Daylight,No Controls,NONE DETECTED,No,No Apparent Injury,NA,Not Distracted,MD,Passenger Car,Moving Constant Speed,35,No,2024,HONDA,CR-V,39.00109367,-77.12326483,2025,9,9
250041966,Property Damage Crash,09/18/2025 09:52:00 AM,EWING DR,NA,Rear To Side,Clear,Dry,Daylight,Stop Sign,NONE DETECTED,Yes,No Apparent Injury,NA,Not Distracted,XX,Passenger Car,Entering Traffic Lane,35,No,2012,LEXUS,RX,39.00109367,-77.12326483,2025,9,9
250041954,Property Damage Crash,09/18/2025 09:02:00 AM,NA,NA,Angle,Clear,Dry,Daylight,No Controls,NONE DETECTED,No,No Apparent Injury,NA,Not Distracted,MD,Sport Utility Vehicle,Moving Constant Speed,25,No,2025,TOYOTA,GRAND HIGHLANDER,39.28778791,-77.2022072,2025,9,9
250041954,Property Damage Crash,09/18/2025 09:02:00 AM,NA,NA,Angle,Clear,Dry,Daylight,No Controls,NONE DETECTED,Yes,No Apparent Injury,"Failed to Yield Right-of-Way, Improper Turn",Not Distracted,MD,Passenger Car,Making U-Turn,25,No,2013,FORD,ESCAPE,39.28778791,-77.2022072,2025,9,9
250041953,Injury Crash,09/18/2025 09:00:00 AM,BEL PRE RD,NA,Front to Rear,Clear,Dry,Daylight,No Controls,NONE DETECTED,No,No Apparent Injury,NA,Not Distracted,MD,Passenger Car,Slowing or Stopping,35,No,2012,TOYOTA,HIGHLANDER,39.09145333,-77.06335067,2025,9,9
250041953,Injury Crash,09/18/2025 09:00:00 AM,BEL PRE RD,NA,Front to Rear,Clear,Dry,Daylight,No Controls,NONE DETECTED,No,Possible Minor Injury,NA,Unknown,MD,Passenger Car,Moving Constant Speed,35,No,2012,HONDA,ACCORD,39.09145333,-77.06335067,2025,9,9
250041946,Property Damage Crash,09/18/2025 08:05:00 AM,BALTIMORE RD,NA,Angle,Clear,Dry,Daylight,No Controls,NONE DETECTED,No,No Apparent Injury,NA,Not Distracted,MD,Passenger Car,Moving Constant Speed,25,No,2015,HONDA,ACCORD,39.08450292,-77.1350661,2025,9,8
250041946,Property Damage Crash,09/18/2025 08:05:00 AM,BALTIMORE RD,NA,Angle,Clear,Dry,Daylight,No Controls,NONE DETECTED,Yes,No Apparent Injury,NA,Not Distracted,MD,Pickup,Turning Left,25,No,2008,GMC,SIERRA,39.08450292,-77.1350661,2025,9,8
250041946,Property Damage Crash,09/18/2025 08:05:00 AM,BALTIMORE RD,NA,Angle,Clear,Dry,Daylight,No Controls,NONE DETECTED,No,No Apparent Injury,NA,Not Distracted,MD,Pickup,Turning Left,25,No,2023,FORD,F-550,39.08450292,-77.1350661,2025,9,8
250041949,Property Damage Crash,09/18/2025 08:04:00 AM,NA,NA,Angle,Clear,Dry,Daylight,No Controls,NONE DETECTED,No,No Apparent Injury,NA,Not Distracted,MD,Sport Utility Vehicle,Moving Constant Speed,40,No,2024,CHEVROLET,EQUINOX,39.13404,-77.122804,2025,9,8
250041949,Property Damage Crash,09/18/2025 08:04:00 AM,NA,NA,Angle,Clear,Dry,Daylight,No Controls,NONE DETECTED,Yes,No Apparent Injury,NA,Not Distracted,MD,Passenger Car,Turning Right,40,No,2001,BMW,325I,39.13404,-77.122804,2025,9,8
250041941,Property Damage Crash,09/18/2025 07:46:00 AM,GREENCASTLE RD,NA,"Sideswipe, Same Direction",Clear,Dry,Daylight,No Controls,NONE DETECTED,Yes,No Apparent Injury,"Improper Turn, Other Improper Action",Not Distracted,MD,Bus - School,Making U-Turn,35,No,2020,FREIGHTLINER,B2 BUS CHASSIS,39.09391024,-76.93377968,2025,9,7
250041941,Property Damage Crash,09/18/2025 07:46:00 AM,GREENCASTLE RD,NA,"Sideswipe, Same Direction",Clear,Dry,Daylight,No Controls,NONE DETECTED,No,No Apparent Injury,NA,Not Distracted,MD,Passenger Car,Moving Constant Speed,35,No,2017,TOYOTA,4-RUNNER,39.09391024,-76.93377968,2025,9,7
250041945,Property Damage Crash,09/18/2025 07:26:00 AM,NA,NA,Front to Rear,Clear,Wet,Daylight,No Controls,NONE DETECTED,No,No Apparent Injury,NA,Not Distracted,DC,Passenger Car,Slowing or Stopping,25,No,2021,TESLA,MODEL Y,38.98632633,-77.013633,2025,9,7
250041945,Property Damage Crash,09/18/2025 07:26:00 AM,NA,NA,Front to Rear,Clear,Wet,Daylight,No Controls,NONE DETECTED,No,No Apparent Injury,NA,Not Distracted,MD,Passenger Car,Stopped in Traffic,25,No,2017,DODGE,GRAND CARAVAN,38.98632633,-77.013633,2025,9,7
250041945,Property Damage Crash,09/18/2025 07:26:00 AM,NA,NA,Front to Rear,Clear,Wet,Daylight,No Controls,NONE DETECTED,Yes,No Apparent Injury,Followed Too Closely,Unknown,MD,Passenger Car,Moving Constant Speed,25,No,2014,HYUNDAI,ELANTRA,38.98632633,-77.013633,2025,9,7
250041935,Property Damage Crash,09/18/2025 07:00:00 AM,PINEY BRANCH RD,NA,Single Vehicle,Clear,Wet,Daylight,Pedestrian Crossing,NONE DETECTED,Yes,No Apparent Injury,NA,Not Distracted,MD,Passenger Car,Changing Lanes,35,No,2009,ACURA,TSX,38.99974211,-76.99293555,2025,9,7
250041931,Property Damage Crash,09/18/2025 05:22:00 AM,BROOKEVILLE RD,NA,Single Vehicle,Rain,Wet,Medium,No Controls,NONE DETECTED,Yes,No Apparent Injury,"Failed to Keep in Proper Lane, Too Fast For Conditions",Unknown,MD,Passenger Car,Negotiating a Curve,35,No,1999,HONDA,ACCORD,39.18148471,-77.06330047,2025,9,5
250041925,Property Damage Crash,09/18/2025 12:26:00 AM,BRINK RD (WB/L),NA,Single Vehicle,Clear,Wet,Dark,No Controls,NONE DETECTED,Yes,No Apparent Injury,NA,Not Distracted,MD,Passenger Car,Negotiating a Curve,35,No,2015,TOYOTA,CAMRY,39.20507785,-77.18684273,2025,9,0
250041917,Property Damage Crash,09/17/2025 09:29:00 PM,RIVER RD,NA,Single Vehicle,Cloudy,Wet,Dark,No Controls,NONE DETECTED,No,No Apparent Injury,NA,Unknown,MD,Passenger Car,Moving Constant Speed,30,No,2023,TOYOTA,COROLLA,39.10457809,-77.47161447,2025,9,21
250041912,Injury Crash,09/17/2025 09:24:00 PM,OLNEY SANDY SPRING RD (WB/L),NA,Angle,Clear,Dry,Medium,Traffic Control Signal,NONE DETECTED,No,Possible Minor Injury,NA,Not Distracted,MD,Van - Passenger (&lt;9 Seats),Moving Constant Speed,35,No,2012,TOYOTA,SIENNA,39.15193331,-77.06432353,2025,9,21
250041912,Injury Crash,09/17/2025 09:24:00 PM,OLNEY SANDY SPRING RD (WB/L),NA,Angle,Clear,Dry,Medium,Flashing Traffic Control Signal,NONE DETECTED,Yes,No Apparent Injury,Failed to Yield Right-of-Way,Unknown,MD,Passenger Car,Turning Left,35,No,2020,KIA,OPTIMA,39.15193331,-77.06432353,2025,9,21
250041911,Property Damage Crash,09/17/2025 09:15:00 PM,BRINK RD,NA,Single Vehicle,Rain,Wet,Medium,No Controls,NONE DETECTED,Yes,No Apparent Injury,"Operated Motor Vehicle in Inattentive, Careless, Negligent, or Erratic Manner",Unknown,MD,Passenger Car,Moving Constant Speed,35,No,2012,MAZDA,MAZDA3,39.20749327,-77.2272708,2025,9,21
250041907,Injury Crash,09/17/2025 08:46:00 PM,QUINCE ORCHARD RD,NA,"Sideswipe, Same Direction",Rain,Wet,Medium,No Controls,NONE DETECTED,No,No Apparent Injury,NA,Not Distracted,MD,Passenger Car,Moving Constant Speed,40,No,2025,KIA,SPORTAGE,39.1291488,-77.22938967,2025,9,20
250041907,Injury Crash,09/17/2025 08:46:00 PM,QUINCE ORCHARD RD,NA,"Sideswipe, Same Direction",Rain,Wet,Medium,No Controls,NONE DETECTED,No,Possible Minor Injury,NA,Not Distracted,MD,Passenger Car,Moving Constant Speed,40,No,2009,NISSAN,ALTIMA,39.1291488,-77.22938967,2025,9,20
250041900,Property Damage Crash,09/17/2025 08:09:00 PM,FREDERICK RD,NA,Front to Rear,Rain,Wet,Medium,No Controls,NONE DETECTED,No,No Apparent Injury,NA,Not Distracted,MD,Passenger Car,Turning Right,35,No,2019,CHEVROLET,EQUINOX,39.16207945,-77.22418733,2025,9,20
250041900,Property Damage Crash,09/17/2025 08:09:00 PM,FREDERICK RD,NA,Front to Rear,Rain,Wet,Medium,No Controls,NONE DETECTED,Yes,No Apparent Injury,NA,Not Distracted,TX,Passenger Car,Slowing or Stopping,35,No,2018,MITSUBISHI,ECLIPSE CROSS,39.16207945,-77.22418733,2025,9,20
250041898,Property Damage Crash,09/17/2025 07:50:00 PM,GREENCASTLE RD (NB/L),NA,"Sideswipe, Opposite Direction",Rain,Wet,Medium,No Controls,NONE DETECTED,No,No Apparent Injury,NA,Not Distracted,MD,Passenger Car,Moving Constant Speed,30,No,2015,TOYOTA,HIGHLANDER,39.09600106,-76.93879742,2025,9,19
250041898,Property Damage Crash,09/17/2025 07:50:00 PM,GREENCASTLE RD (NB/L),NA,"Sideswipe, Opposite Direction",Rain,Wet,Medium,No Controls,NONE DETECTED,No,No Apparent Injury,NA,Not Distracted,MD,Pickup,Moving Constant Speed,30,No,2016,FORD,F-150,39.09600106,-76.93879742,2025,9,19
250041888,Property Damage Crash,09/17/2025 06:45:00 PM,NA,NA,Front to Rear,Rain,Wet,Medium,No Controls,NONE DETECTED,Yes,No Apparent Injury,Too Fast For Conditions,Not Distracted,MD,Passenger Car,Moving Constant Speed,40,No,2012,MERCEDES-BENZ,C-CLASS,39.17667933,-77.10033883,2025,9,18
250041888,Property Damage Crash,09/17/2025 06:45:00 PM,NA,NA,Front to Rear,Rain,Wet,Medium,No Controls,NONE DETECTED,No,No Apparent Injury,NA,Not Distracted,MD,Passenger Car,Turning Left,40,No,2020,JEEP,GRAND CHEROKEE,39.17667933,-77.10033883,2025,9,18
250041881,Property Damage Crash,09/17/2025 05:25:00 PM,NA,NA,Angle,Clear,NA,Daylight,NA,NONE DETECTED,No,NA,NA,NA,NA,Passenger Car,Turning Right,0,No,2021,CHRYSLER,PACIFICA,39.06263737,-77.1269065,2025,9,17
250041851,Property Damage Crash,09/17/2025 03:41:00 PM,MUNCASTER MILL RD,NA,Angle,Cloudy,Dry,Daylight,No Controls,NONE DETECTED,No,No Apparent Injury,NA,Not Distracted,MD,Passenger Car,Moving Constant Speed,35,No,2016,HYUNDAI,ELANTRA,39.14609322,-77.14508831,2025,9,15
250041851,Property Damage Crash,09/17/2025 03:41:00 PM,MUNCASTER MILL RD,NA,Angle,Cloudy,Dry,Daylight,No Controls,NONE DETECTED,Yes,No Apparent Injury,Failed to Yield Right-of-Way,Not Distracted,MD,Passenger Car,Turning Left,35,No,2025,HONDA,CR-V,39.14609322,-77.14508831,2025,9,15
250041855,Property Damage Crash,09/17/2025 03:38:00 PM,VEIRS MILL RD (WB/L),NA,Front to Rear,Rain,Wet,Daylight,No Controls,NONE DETECTED,Yes,No Apparent Injury,NA,Not Distracted,MD,Van - Passenger (&lt;9 Seats),Slowing or Stopping,35,No,2014,HONDA,ODYSSEY,39.04473356,-77.06416521,2025,9,15
250041855,Property Damage Crash,09/17/2025 03:38:00 PM,VEIRS MILL RD (WB/L),NA,Front to Rear,Rain,Wet,Daylight,No Controls,NONE DETECTED,No,No Apparent Injury,NA,Not Distracted,MD,Sport Utility Vehicle,Slowing or Stopping,35,No,2026,HONDA,CR-V,39.04473356,-77.06416521,2025,9,15
250041847,Property Damage Crash,09/17/2025 03:29:00 PM,NA,Pedestrian,Single Vehicle,Cloudy,Dry,Daylight,Traffic Control Signal,NONE DETECTED,Yes,No Apparent Injury,NA,Unknown,MD,Passenger Car,Turning Right,15,No,2018,HYUNDAI,ELANTRA,39.06308408,-77.12489274,2025,9,15
250041842,Injury Crash,09/17/2025 02:54:00 PM,GEORGIA AVE,NA,Rear To Side,Cloudy,Wet,Daylight,No Controls,NONE DETECTED,No,Possible Minor Injury,NA,Not Distracted,MD,Passenger Car,Moving Constant Speed,35,No,2023,TOYOTA,CAMRY,39.05936317,-77.05036683,2025,9,14
250041842,Injury Crash,09/17/2025 02:54:00 PM,GEORGIA AVE,NA,Rear To Side,Cloudy,Wet,Daylight,No Controls,NONE DETECTED,Yes,No Apparent Injury,Improper Turn,Unknown,MD,Passenger Car,Turning Left,35,No,2008,HONDA,CIVIC,39.05936317,-77.05036683,2025,9,14
250041829,Property Damage Crash,09/17/2025 01:57:00 PM,FREDERICK RD,NA,Front to Rear,Rain,Wet,Daylight,No Controls,NONE DETECTED,Yes,No Apparent Injury,"Operated Motor Vehicle in Inattentive, Careless, Negligent, or Erratic Manner",Unknown,MD,Passenger Car,Moving Constant Speed,40,No,2007,ACURA,TL,39.17366,-77.237175,2025,9,13
250041829,Property Damage Crash,09/17/2025 01:57:00 PM,FREDERICK RD,NA,Front to Rear,Rain,Wet,Daylight,No Controls,NONE DETECTED,No,No Apparent Injury,NA,Not Distracted,MD,Van - Passenger (&lt;9 Seats),Slowing or Stopping,40,No,2023,CHRYSLER,PACIFICA,39.17366,-77.237175,2025,9,13
250041820,Property Damage Crash,09/17/2025 01:13:00 PM,BRADLEY BLVD,NA,Front to Rear,Cloudy,Wet,Daylight,Traffic Control Signal,NONE DETECTED,No,No Apparent Injury,NA,Not Distracted,MD,Passenger Car,Stopped in Traffic,25,No,2017,TOYOTA,HIGHLANDER,38.97806889,-77.09874321,2025,9,13
250041820,Property Damage Crash,09/17/2025 01:13:00 PM,BRADLEY BLVD,NA,Front to Rear,Cloudy,Wet,Daylight,Traffic Control Signal,NONE DETECTED,Yes,No Apparent Injury,NA,Not Distracted,MD,Bus - Transit,Slowing or Stopping,25,No,2016,GILLIG,CITY TRANSIT BUS,38.97806889,-77.09874321,2025,9,13
250041813,Injury Crash,09/17/2025 01:07:00 PM,ROCKVILLE PIKE,NA,Front to Rear,Clear,Wet,Daylight,Traffic Control Signal,NONE DETECTED,Yes,No Apparent Injury,NA,Not Distracted,MD,Sport Utility Vehicle,Moving Constant Speed,35,No,2018,NISSAN,ROGUE SPORT,39.0346459,-77.10677497,2025,9,13
250041813,Injury Crash,09/17/2025 01:07:00 PM,ROCKVILLE PIKE,NA,Front to Rear,Clear,Wet,Daylight,Traffic Control Signal,NONE DETECTED,No,Possible Minor Injury,NA,Not Distracted,VT,Passenger Car,Stopped in Traffic,35,No,2025,TOYOTA,CAMRY,39.0346459,-77.10677497,2025,9,13
250041810,Injury Crash,09/17/2025 12:48:00 PM,PRINCE PHILIP DR (SB/L),NA,Angle,Rain,Wet,Daylight,Traffic Control Signal,NONE DETECTED,Yes,Possible Minor Injury,NA,Not Distracted,MD,Passenger Car,Moving Constant Speed,30,No,2022,SUBARU,OUTBACK,39.1495192,-77.05786728,2025,9,12
250041810,Injury Crash,09/17/2025 12:48:00 PM,PRINCE PHILIP DR (SB/L),NA,Angle,Rain,Wet,Daylight,Traffic Control Signal,NONE DETECTED,No,Possible Minor Injury,NA,Not Distracted,MD,Passenger Car,Moving Constant Speed,30,No,2024,LEXUS,TX,39.1495192,-77.05786728,2025,9,12
250041812,Property Damage Crash,09/17/2025 12:47:00 PM,E DEER PARK DR,NA,Single Vehicle,Rain,Wet,Daylight,Traffic Control Signal,NONE DETECTED,No,No Apparent Injury,NA,Not Distracted,MD,Bus - School,Turning Right,30,No,2015,THOMAS BUILT,HDX,39.13770261,-77.1790654,2025,9,12
25001997,Property Damage Crash,09/17/2025 12:30:00 PM,NA,NA,Single Vehicle,Cloudy,NA,Daylight,NA,NONE DETECTED,No,No Apparent Injury,NA,Unknown,MD,Passenger Car,Moving Constant Speed,0,No,2024,NISSAN,VERSA,39.08579475,-76.93039881,2025,9,12
250041805,Property Damage Crash,09/17/2025 12:30:00 PM,PIER POINT PL,NA,Angle,Rain,Wet,Daylight,Traffic Control Signal,NONE DETECTED,Yes,No Apparent Injury,Ran Red Light,"Manually Operating (dialing, playing game, etc.)",MD,Passenger Car,Accelerating,50,No,2019,NISSAN,SENTRA,39.1594187,-77.19847214,2025,9,12
250041805,Property Damage Crash,09/17/2025 12:30:00 PM,PIER POINT PL,NA,Angle,Rain,Wet,Daylight,Traffic Control Signal,NONE DETECTED,No,No Apparent Injury,NA,Not Distracted,MD,Passenger Car,Turning Left,15,No,2012,HONDA,CIVIC,39.1594187,-77.19847214,2025,9,12
250041832,Property Damage Crash,09/17/2025 12:28:00 PM,N CAMPUS DR,Pedestrian,Single Vehicle,Cloudy,Dry,Daylight,No Controls,NONE DETECTED,No,No Apparent Injury,NA,Unknown,MD,Passenger Car,Turning Left,15,No,2014,HONDA,PILOT,39.09948456,-77.15952203,2025,9,12
250041807,Injury Crash,09/17/2025 12:21:00 PM,BRINK RD (WB/L),NA,Single Vehicle,Rain,Wet,Daylight,No Controls,NONE DETECTED,Yes,Possible Minor Injury,"Ran Off Roadway, Too Fast For Conditions",Not Distracted,MD,Passenger Car,Moving Constant Speed,35,No,2011,HONDA,CR-V,39.20494524,-77.18657961,2025,9,12
250041769,Injury Crash,09/17/2025 08:49:00 AM,NA,NA,"Sideswipe, Same Direction",Rain,Wet,Daylight,No Controls,NONE DETECTED,Yes,Possible Minor Injury,"Failed to Keep in Proper Lane, Failed to Yield Right-of-Way",Unknown,MD,Passenger Car,Changing Lanes,35,No,2016,TOYOTA,CAMRY,39.15908209,-77.27520055,2025,9,8
250041769,Injury Crash,09/17/2025 08:49:00 AM,NA,NA,"Sideswipe, Same Direction",Rain,Wet,Daylight,No Controls,NONE DETECTED,No,No Apparent Injury,NA,Not Distracted,MD,Passenger Car,Moving Constant Speed,35,No,2018,TESLA,MODEL 3,39.15908209,-77.27520055,2025,9,8
250041765,Property Damage Crash,09/17/2025 08:18:00 AM,JOHNSON AVE,NA,Single Vehicle,Cloudy,Wet,Daylight,No Controls,NONE DETECTED,Yes,No Apparent Injury,NA,Not Distracted,MD,Bus - School,Moving Constant Speed,20,No,2018,THOMAS BUILT,HDX,39.00568091,-77.11743931,2025,9,8
250041761,Injury Crash,09/17/2025 08:12:00 AM,GROSVENOR LA,NA,Front to Rear,Cloudy,Dry,Daylight,Stop Sign,NONE DETECTED,Yes,No Apparent Injury,NA,Unknown,MD,Sport Utility Vehicle,Negotiating a Curve,25,No,2023,TOYOTA,HIGHLANDER,39.02245911,-77.10310239,2025,9,8
250041761,Injury Crash,09/17/2025 08:12:00 AM,GROSVENOR LA,NA,Front to Rear,Cloudy,Dry,Daylight,Stop Sign,NONE DETECTED,No,Possible Minor Injury,NA,Not Distracted,MD,Sport Utility Vehicle,Negotiating a Curve,25,No,2014,HONDA,PILOT,39.02245911,-77.10310239,2025,9,8
250042004,Property Damage Crash,09/17/2025 07:42:00 AM,NA,NA,"Sideswipe, Same Direction",Rain,NA,Daylight,NA,NONE DETECTED,Yes,No Apparent Injury,NA,Not Distracted,MD,Sport Utility Vehicle,Accelerating,0,No,2016,NISSAN,PATHFINDER,39.18381559,-77.23951138,2025,9,7
25001993,Property Damage Crash,09/17/2025 07:30:00 AM,NA,NA,"Sideswipe, Same Direction",Clear,Dry,Daylight,Traffic Control Signal,NONE DETECTED,No,No Apparent Injury,NA,Unknown,MD,Sport Utility Vehicle,Moving Constant Speed,30,No,2015,DODGE,JOURNEY,38.98326733,-77.01551831,2025,9,7
25001993,Property Damage Crash,09/17/2025 07:30:00 AM,NA,NA,"Sideswipe, Same Direction",Clear,Dry,Daylight,Traffic Control Signal,NONE DETECTED,No,No Apparent Injury,NA,Unknown,MD,Pickup,Turning Left,30,No,2016,FORD,F-450,38.98326733,-77.01551831,2025,9,7
250041752,Property Damage Crash,09/17/2025 07:00:00 AM,RANDOLPH RD (WB/L),NA,Front to Rear,Cloudy,Wet,Daylight,No Controls,NONE DETECTED,Yes,No Apparent Injury,NA,Not Distracted,MD,Passenger Car,Slowing or Stopping,35,No,2011,TOYOTA,CAMRY,39.05502817,-77.085087,2025,9,7
250041752,Property Damage Crash,09/17/2025 07:00:00 AM,RANDOLPH RD (WB/L),NA,Front to Rear,Cloudy,Wet,Daylight,No Controls,NONE DETECTED,No,No Apparent Injury,NA,Not Distracted,MD,Passenger Car,Slowing or Stopping,35,No,2016,MAZDA,CX-9,39.05502817,-77.085087,2025,9,7
250041751,Injury Crash,09/17/2025 06:42:00 AM,FAIRLAND RD,NA,Front to Front,Rain,Wet,Medium,Traffic Control Signal,NONE DETECTED,No,No Apparent Injury,NA,Not Distracted,MD,Passenger Car,Moving Constant Speed,55,No,2017,TOYOTA,RAV4,39.07321214,-76.95563947,2025,9,6
250041751,Injury Crash,09/17/2025 06:42:00 AM,FAIRLAND RD,NA,Front to Front,Rain,Wet,Medium,Traffic Control Signal,NONE DETECTED,Yes,No Apparent Injury,Failed to Yield Right-of-Way,Not Distracted,MD,Passenger Car,Turning Left,35,No,2018,TOYOTA,RAV4,39.07321214,-76.95563947,2025,9,6
250041731,Injury Crash,09/16/2025 09:22:00 PM,MONTGOMERY VILLAGE AVE,NA,Rear To Side,Rain,Wet,Medium,Traffic Control Signal,NONE DETECTED,No,Possible Minor Injury,NA,Not Distracted,MD,Passenger Car,Moving Constant Speed,35,No,2015,HYUNDAI,ELANTRA,39.154558,-77.2090935,2025,9,21
250041731,Injury Crash,09/16/2025 09:22:00 PM,MONTGOMERY VILLAGE AVE,NA,Rear To Side,Rain,Wet,Medium,Traffic Control Signal,NONE DETECTED,No,No Apparent Injury,NA,Not Distracted,MD,Passenger Car,Moving Constant Speed,35,No,2019,HONDA,CR-V,39.154558,-77.2090935,2025,9,21
250041731,Injury Crash,09/16/2025 09:22:00 PM,MONTGOMERY VILLAGE AVE,NA,Rear To Side,Rain,Wet,Medium,Traffic Control Signal,NONE DETECTED,Yes,No Apparent Injury,NA,Not Distracted,MD,Passenger Car,Turning Left,35,No,2017,TOYOTA,RAV4,39.154558,-77.2090935,2025,9,21