Local Case Number,ACRS Report Type,Crash Date/Time,Road Name,Related Non-Motorist,Collision Type,Weather,Surface Condition,Light,Traffic Control,Driver Substance Abuse,Driver At Fault,Injury Severity,Circumstance,Driver Distracted By,Drivers License State,Vehicle Body Type,Vehicle Movement,Speed Limit,Driverless Vehicle,Vehicle Year,Vehicle Make,Vehicle Model,Latitude,Longitude,Year,Month,Hour
250041725,Property Damage Crash,09/16/2025 08:39:00 PM,W DIAMOND AVE (WB/L),NA,Front to Rear,Rain,Wet,Medium,Traffic Control Signal,NONE DETECTED,No,No Apparent Injury,NA,Not Distracted,MD,Passenger Car,Moving Constant Speed,30,No,2011,VOLVO,S80,39.1401898,-77.20496646,2025,9,20
250041725,Property Damage Crash,09/16/2025 08:39:00 PM,W DIAMOND AVE (WB/L),NA,Front to Rear,Rain,Wet,Medium,Traffic Control Signal,NONE DETECTED,No,NA,NA,NA,NA,Passenger Car,Moving Constant Speed,30,No,2017,HYUNDAI,ELANTRA,39.1401898,-77.20496646,2025,9,20
250041720,Property Damage Crash,09/16/2025 07:52:00 PM,BALTIMORE RD,NA,Front to Rear,Rain,Wet,Dark,No Controls,NONE DETECTED,No,No Apparent Injury,NA,Unknown,MD,Passenger Car,Moving Constant Speed,25,No,2022,HONDA,CR-V,39.08339961,-77.14241974,2025,9,19
250041711,Property Damage Crash,09/16/2025 06:16:00 PM,GEORGIA AVE,NA,Angle,Rain,Wet,Daylight,No Controls,NONE DETECTED,No,No Apparent Injury,NA,Not Distracted,MD,Passenger Car,Moving Constant Speed,30,No,2023,VOLVO,XC90,39.0042262,-77.0367597,2025,9,18
250041711,Property Damage Crash,09/16/2025 06:16:00 PM,GEORGIA AVE,NA,Angle,Rain,Wet,Daylight,No Controls,NONE DETECTED,No,No Apparent Injury,NA,Not Distracted,MD,Passenger Car,Moving Constant Speed,30,No,2010,MAZDA,CX-7,39.0042262,-77.0367597,2025,9,18
250041704,Injury Crash,09/16/2025 05:39:00 PM,GEORGIA AVE,NA,Angle,Rain,Wet,Daylight,No Controls,NONE DETECTED,Yes,No Apparent Injury,NA,Not Distracted,MD,Passenger Car,Turning Left,30,No,2023,FORD,TRANSIT,39.00517799,-77.03794828,2025,9,17
250041704,Injury Crash,09/16/2025 05:39:00 PM,GEORGIA AVE,NA,Angle,Rain,Wet,Daylight,No Controls,NONE DETECTED,No,Possible Minor Injury,NA,Not Distracted,MD,Passenger Car,Moving Constant Speed,30,No,2024,TOYOTA,RAV4,39.00517799,-77.03794828,2025,9,17
250041702,Property Damage Crash,09/16/2025 05:26:00 PM,NA,NA,Single Vehicle,Rain,NA,Daylight,NA,NONE DETECTED,No,No Apparent Injury,NA,NA,NA,Van - Cargo,Parked,0,No,2020,FREIGHTLINER,M2,39.03789742,-77.0510602,2025,9,17
250041690,Injury Crash,09/16/2025 05:00:00 PM,WISCONSIN AVE,NA,Front to Rear,Rain,Wet,Daylight,Traffic Control Signal,NONE DETECTED,No,Possible Minor Injury,NA,Unknown,MD,Passenger Car,Moving Constant Speed,25,No,1996,TOYOTA,COROLLA,38.98208989,-77.09300398,2025,9,17
250041690,Injury Crash,09/16/2025 05:00:00 PM,WISCONSIN AVE,NA,Front to Rear,Rain,Wet,Daylight,Traffic Control Signal,NONE DETECTED,No,No Apparent Injury,"Followed Too Closely, Too Fast For Conditions",Unknown,SC,Passenger Car,Moving Constant Speed,25,No,2020,VOLKSWAGEN,JETTA,38.98208989,-77.09300398,2025,9,17
250041696,Injury Crash,09/16/2025 05:00:00 PM,MONTGOMERY VILLAGE AVE (SB/L),NA,Angle,Clear,Dry,Daylight,Traffic Control Signal,NONE DETECTED,No,No Apparent Injury,NA,Not Distracted,MD,Passenger Car,Slowing or Stopping,35,No,2013,ACURA,TSX,39.17272588,-77.20374799,2025,9,17
250041696,Injury Crash,09/16/2025 05:00:00 PM,MONTGOMERY VILLAGE AVE (SB/L),NA,Angle,Clear,Dry,Daylight,Traffic Control Signal,NONE DETECTED,Yes,No Apparent Injury,"Swerved or Avoided Due to Wind, Slippery Surface, Motor Vehicle, Object, Non-Motorist in Roadway, etc",Not Distracted,MD,Sport Utility Vehicle,Turning Left,35,No,2010,SUBARU,FORESTER,39.17272588,-77.20374799,2025,9,17
250041684,Injury Crash,09/16/2025 04:29:00 PM,NA,NA,Front to Front,Rain,Wet,Daylight,No Controls,NONE DETECTED,No,Possible Minor Injury,NA,Not Distracted,MD,Sport Utility Vehicle,Moving Constant Speed,35,No,2022,TOYOTA,HIGHLANDER,39.14176355,-77.14364152,2025,9,16
250041684,Injury Crash,09/16/2025 04:29:00 PM,NA,NA,Front to Front,Rain,Wet,Daylight,No Controls,NONE DETECTED,Yes,Possible Minor Injury,Failed to Keep in Proper Lane,Unknown,MD,Passenger Car,Moving Constant Speed,35,No,2025,TOYOTA,COROLLA,39.14176355,-77.14364152,2025,9,16
250041682,Property Damage Crash,09/16/2025 04:28:00 PM,EISENHOWER MEMORIAL HWY,NA,Front to Rear,Rain,Wet,Daylight,No Controls,NONE DETECTED,No,No Apparent Injury,Followed Too Closely,Unknown,MD,Sport Utility Vehicle,Slowing or Stopping,55,No,2016,FORD,EXPEDITION,39.14714651,-77.21559403,2025,9,16
250041682,Property Damage Crash,09/16/2025 04:28:00 PM,EISENHOWER MEMORIAL HWY,NA,Front to Rear,Rain,Wet,Daylight,No Controls,NONE DETECTED,No,No Apparent Injury,NA,Not Distracted,MD,Passenger Car,Stopped in Traffic,55,No,2011,NISSAN,ALTIMA,39.14714651,-77.21559403,2025,9,16
250041683,Injury Crash,09/16/2025 04:20:00 PM,NA,Pedestrian,Single Vehicle,Rain,NA,Daylight,NA,NONE DETECTED,Yes,No Apparent Injury,Failed to Yield Right-of-Way,Unknown,TX,Passenger Car,Moving Constant Speed,0,No,2015,JEEP,CHEROKEE,39.09194015,-77.04735531,2025,9,16
250041676,Property Damage Crash,09/16/2025 04:09:00 PM,WATERS LANDING DR,NA,Front to Rear,Cloudy,Dry,Daylight,No Controls,NONE DETECTED,No,No Apparent Injury,NA,Not Distracted,MD,Bus - School,Slowing or Stopping,25,No,2020,THOMAS BUILT,HDX,39.189662,-77.26916479,2025,9,16
250041676,Property Damage Crash,09/16/2025 04:09:00 PM,WATERS LANDING DR,NA,Front to Rear,Cloudy,Dry,Daylight,No Controls,NONE DETECTED,No,NA,NA,NA,NA,Pickup,Changing Lanes,25,No,2005,DODGE,RAM,39.189662,-77.26916479,2025,9,16
250041668,Injury Crash,09/16/2025 03:46:00 PM,RAMP 5 FR US 29 SB TO BRIGGS CHANEY RD,NA,Single Vehicle,Rain,Wet,Daylight,No Controls,NONE DETECTED,No,Possible Minor Injury,NA,Unknown,MD,Sport Utility Vehicle,Negotiating a Curve,30,No,2021,TOYOTA,RAV4,39.084978,-76.947566,2025,9,15
250041672,Property Damage Crash,09/16/2025 03:37:00 PM,BRIARWOOD TERR,NA,Single Vehicle,Rain,Wet,Daylight,No Controls,NONE DETECTED,Yes,No Apparent Injury,Other Improper Action,Not Distracted,MD,Bus - School,Moving Constant Speed,25,No,2013,FREIGHTLINER,B2 BUS CHASSIS,39.08935899,-77.09981284,2025,9,15
250041655,Property Damage Crash,09/16/2025 02:44:00 PM,RAMP 11 FR SHADY GROVE RD SB TO RAMP 4,NA,Front to Rear,Rain,Wet,Daylight,Traffic Control Signal,NONE DETECTED,Yes,No Apparent Injury,NA,"Other Action (looking away from task, etc.)",MD,Passenger Car,NA,40,No,2012,NISSAN,VERSA,39.13160038,-77.160677,2025,9,14
250041655,Property Damage Crash,09/16/2025 02:44:00 PM,RAMP 11 FR SHADY GROVE RD SB TO RAMP 4,NA,Front to Rear,Rain,Wet,Daylight,Traffic Control Signal,NONE DETECTED,No,No Apparent Injury,NA,Not Distracted,MD,Passenger Car,Stopped in Traffic,40,No,2018,ACURA,MDX,39.13160038,-77.160677,2025,9,14
250041648,Property Damage Crash,09/16/2025 02:08:00 PM,CAPITAL BELTWAY (WB/L),NA,Front to Rear,Cloudy,Dry,Daylight,No Controls,NONE DETECTED,No,No Apparent Injury,NA,Not Distracted,MD,Passenger Car,Slowing or Stopping,55,No,2017,HONDA,CR-V,39.01345847,-77.03712217,2025,9,14
250041648,Property Damage Crash,09/16/2025 02:08:00 PM,CAPITAL BELTWAY (WB/L),NA,Front to Rear,Cloudy,Dry,Daylight,No Controls,NONE DETECTED,No,NA,NA,Unknown,NA,Passenger Car,Moving Constant Speed,55,No,2014,DODGE,CHARGER,39.01345847,-77.03712217,2025,9,14
250041800,Property Damage Crash,09/16/2025 01:27:00 PM,NA,NA,Other,Clear,NA,Daylight,NA,NONE DETECTED,No,No Apparent Injury,NA,Not Distracted,MD,Passenger Car,Parked,0,No,2021,HONDA,CIVIC,39.01051596,-77.04191506,2025,9,13
250041448,Property Damage Crash,09/16/2025 12:45:00 PM,NA,NA,"Sideswipe, Opposite Direction",Clear,NA,Daylight,NA,NONE DETECTED,Yes,No Apparent Injury,"Failed to Keep in Proper Lane, Other Improper Action","Other Action (looking away from task, etc.)",MD,Passenger Car,Backing,0,No,2018,TESLA,MODEL 3,39.19808791,-77.25884944,2025,9,12
250041440,Injury Crash,09/16/2025 12:44:00 PM,ASTON MANOR DR,NA,Angle,Clear,Dry,Daylight,No Controls,NONE DETECTED,No,No Apparent Injury,NA,Not Distracted,MD,Passenger Car,Moving Constant Speed,35,No,2020,CHEVROLET,EQUINOX,39.07592348,-76.9411015,2025,9,12
250041440,Injury Crash,09/16/2025 12:44:00 PM,ASTON MANOR DR,NA,Angle,Clear,Dry,Daylight,Stop Sign,NONE DETECTED,Yes,Possible Minor Injury,Failed to Yield Right-of-Way,Not Distracted,MD,Passenger Car,Turning Left,35,No,2002,BUICK,LESABRE,39.07592348,-76.9411015,2025,9,12
250041803,Property Damage Crash,09/16/2025 12:00:00 PM,KENT ST,NA,Rear To Side,Rain,Wet,Daylight,No Controls,NONE DETECTED,Yes,No Apparent Injury,NA,Not Distracted,VA,Passenger Car,Backing,25,No,2008,FORD,E-250,39.02205502,-77.06969081,2025,9,12
250041618,Property Damage Crash,09/16/2025 11:29:00 AM,OLD COLUMBIA PIKE,NA,"Sideswipe, Same Direction",Cloudy,Dry,Daylight,Traffic Control Signal,NONE DETECTED,No,NA,NA,NA,NA,Passenger Car,Moving Constant Speed,55,No,2014,TOYOTA,CAMRY,39.07584742,-76.95782292,2025,9,11
250041618,Property Damage Crash,09/16/2025 11:29:00 AM,OLD COLUMBIA PIKE,NA,"Sideswipe, Same Direction",Cloudy,Dry,Daylight,No Controls,NONE DETECTED,No,No Apparent Injury,NA,Not Distracted,MD,Pickup,Moving Constant Speed,55,No,2021,TOYOTA,TACOMA,39.07584742,-76.95782292,2025,9,11
250041619,Property Damage Crash,09/16/2025 11:00:00 AM,NA,NA,Single Vehicle,Clear,NA,Daylight,NA,NONE DETECTED,Yes,No Apparent Injury,Improper Backing,Not Distracted,MD,Sport Utility Vehicle,Backing,0,No,2022,KIA,TELLURIDE,39.05506039,-77.12611738,2025,9,11
250041598,Property Damage Crash,09/16/2025 10:14:00 AM,NEWPORT MILL RD,NA,"Sideswipe, Same Direction",Cloudy,Dry,Daylight,Traffic Control Signal,NONE DETECTED,Yes,No Apparent Injury,NA,Not Distracted,MD,Passenger Car,Changing Lanes,35,No,2009,HYUNDAI,SANTA FE,39.04504486,-77.06475022,2025,9,10
250041598,Property Damage Crash,09/16/2025 10:14:00 AM,NEWPORT MILL RD,NA,"Sideswipe, Same Direction",Cloudy,Dry,Daylight,Traffic Control Signal,NONE DETECTED,No,No Apparent Injury,NA,Not Distracted,VA,Other Trucks,Moving Constant Speed,35,No,2021,INTERNATIONAL,LT625,39.04504486,-77.06475022,2025,9,10
250041594,Injury Crash,09/16/2025 10:01:00 AM,GEORGIA AVE,NA,"Sideswipe, Same Direction",Clear,Dry,Daylight,No Controls,NONE DETECTED,Yes,No Apparent Injury,Too Fast For Conditions,Not Distracted,MD,Passenger Car,Moving Constant Speed,30,No,2025,TOYOTA,CAMRY,39.0153909,-77.04254906,2025,9,10
250041594,Injury Crash,09/16/2025 10:01:00 AM,GEORGIA AVE,NA,"Sideswipe, Same Direction",Clear,Dry,Daylight,No Controls,NONE DETECTED,Yes,No Apparent Injury,Failed to Yield Right-of-Way,Not Distracted,MD,Pickup,Changing Lanes,30,No,2006,DODGE,DAKOTA,39.0153909,-77.04254906,2025,9,10
250041579,Property Damage Crash,09/16/2025 09:00:00 AM,TWINBROOK PKWY (NB/L),NA,Front to Front,Cloudy,Dry,Daylight,Traffic Control Signal,NONE DETECTED,No,No Apparent Injury,NA,Not Distracted,MD,Passenger Car,Moving Constant Speed,35,No,2019,VOLKSWAGEN,GOLF SPORTWAGEN,39.05872595,-77.12111863,2025,9,9
250041579,Property Damage Crash,09/16/2025 09:00:00 AM,TWINBROOK PKWY (NB/L),NA,Front to Front,Cloudy,Dry,Daylight,Traffic Control Signal,NONE DETECTED,Yes,No Apparent Injury,Failed to Yield Right-of-Way,Not Distracted,MD,Passenger Car,Turning Left,35,No,2013,CADILLAC,ESCALADE,39.05872595,-77.12111863,2025,9,9
250041577,Injury Crash,09/16/2025 08:45:00 AM,QUINCE ORCHARD RD (SB/L),NA,Single Vehicle,Cloudy,Dry,Daylight,No Controls,NONE DETECTED,No,Possible Minor Injury,NA,Not Distracted,MD,Sport Utility Vehicle,Moving Constant Speed,35,No,2019,BMW,X1,39.126026,-77.24562983,2025,9,8
250041575,Property Damage Crash,09/16/2025 07:51:00 AM,WARFIELD RD,NA,"Sideswipe, Same Direction",Clear,Dry,Daylight,Stop Sign,NONE DETECTED,No,No Apparent Injury,NA,Not Distracted,MD,Sport Utility Vehicle,Moving Constant Speed,30,No,2007,HYUNDAI,TUCSON,39.19679667,-77.14696167,2025,9,7
250041575,Property Damage Crash,09/16/2025 07:51:00 AM,WARFIELD RD,NA,"Sideswipe, Same Direction",Clear,Dry,Daylight,Stop Sign,NONE DETECTED,Yes,No Apparent Injury,Failed to Yield Right-of-Way,Not Distracted,MD,Passenger Car,Turning Left,30,No,2014,KIA,FORTE,39.19679667,-77.14696167,2025,9,7
250041569,Property Damage Crash,09/16/2025 07:45:00 AM,NA,NA,Front to Front,Clear,Dry,Daylight,No Controls,NONE DETECTED,Yes,No Apparent Injury,Ran Off Roadway,Unknown,MD,Passenger Car,Slowing or Stopping,25,No,2006,HONDA,ACCORD,39.0611949,-77.06814003,2025,9,7
250041565,Property Damage Crash,09/16/2025 07:23:00 AM,ROCKVILLE PIKE (SB/L),NA,Front to Rear,Clear,Dry,Daylight,No Controls,NONE DETECTED,No,No Apparent Injury,NA,Not Distracted,MD,Passenger Car,Slowing or Stopping,35,No,2010,MAZDA,MAZDA3,39.02197183,-77.103003,2025,9,7
250041565,Property Damage Crash,09/16/2025 07:23:00 AM,ROCKVILLE PIKE (SB/L),NA,Front to Rear,Clear,Dry,Daylight,No Controls,NONE DETECTED,Yes,No Apparent Injury,NA,Not Distracted,MD,Pickup,Slowing or Stopping,35,No,2018,CHEVROLET,COLORADO,39.02197183,-77.103003,2025,9,7
250041560,Property Damage Crash,09/16/2025 02:19:00 AM,SNOWDEN FARM PKW (WB/L)Y,NA,Front to Rear,Clear,Dry,Medium,No Controls,NONE DETECTED,No,NA,Failed to Keep in Proper Lane,Unknown,NA,Sport Utility Vehicle,Leaving Traffic Lane,30,Unknown,2017,CADILLAC,XT5,39.2280273,-77.24971872,2025,9,2
250041554,Property Damage Crash,09/15/2025 11:00:00 PM,RAMP 2 FR MD 200 WB TO MD 182,NA,Single Vehicle,Clear,Dry,Medium,No Controls,NONE DETECTED,No,No Apparent Injury,NA,Not Distracted,MD,Passenger Car,Moving Constant Speed,60,No,2018,DODGE,CHARGER,39.09844478,-77.03880342,2025,9,23
250041547,Property Damage Crash,09/15/2025 09:56:00 PM,CENTURY BLVD (SB/L),NA,Single Vehicle,Clear,Dry,Medium,No Controls,NONE DETECTED,Yes,No Apparent Injury,NA,Not Distracted,MD,Passenger Car,Moving Constant Speed,30,No,2017,AUDI,Q7,39.18309009,-77.26313689,2025,9,21
250041545,Property Damage Crash,09/15/2025 09:47:00 PM,S SUMMIT AVE,NA,Angle,Clear,Dry,Medium,No Controls,NONE DETECTED,No,No Apparent Injury,NA,Not Distracted,MD,Passenger Car,Moving Constant Speed,25,No,1999,LEXUS,ES,39.140503,-77.19354683,2025,9,21
250041545,Property Damage Crash,09/15/2025 09:47:00 PM,S SUMMIT AVE,NA,Angle,Clear,Dry,Medium,Stop Sign,NONE DETECTED,Yes,No Apparent Injury,NA,Not Distracted,MD,Passenger Car,Turning Left,25,No,2007,ACURA,RDX,39.140503,-77.19354683,2025,9,21
250041543,Property Damage Crash,09/15/2025 09:37:00 PM,CARROLL AVE,NA,Front to Front,Clear,Dry,Medium,Traffic Control Signal,NONE DETECTED,Yes,No Apparent Injury,Failed to Yield Right-of-Way,Unknown,MD,Passenger Car,Turning Left,25,No,2013,CHEVROLET,SPARK,38.98480446,-76.99851371,2025,9,21
250041543,Property Damage Crash,09/15/2025 09:37:00 PM,CARROLL AVE,NA,Front to Front,Clear,Dry,Medium,Traffic Control Signal,NONE DETECTED,No,No Apparent Injury,NA,Not Distracted,MD,Pickup,Accelerating,25,No,2006,FORD,F-150,38.98480446,-76.99851371,2025,9,21
250041541,Property Damage Crash,09/15/2025 09:21:00 PM,GOSHEN RD,NA,Front to Rear,Clear,Dry,Medium,Traffic Control Signal,DRUG AND ALCOHOL CONTRIBUTED,Yes,No Apparent Injury,NA,Unknown,MD,Passenger Car,Moving Constant Speed,35,No,2017,NISSAN,MAXIMA,39.15763567,-77.19189617,2025,9,21
250041541,Property Damage Crash,09/15/2025 09:21:00 PM,GOSHEN RD,NA,Front to Rear,Clear,Dry,Medium,Traffic Control Signal,NONE DETECTED,No,No Apparent Injury,NA,Not Distracted,MD,Pickup,Stopped in Traffic,35,No,2018,FORD,F-150,39.15763567,-77.19189617,2025,9,21
250041534,Fatal Crash,09/15/2025 08:34:00 PM,FREDERICK RD,NA,Rear To Side,Clear,Dry,Medium,Traffic Control Signal,NONE DETECTED,Yes,No Apparent Injury,Failed to Yield Right-of-Way,Not Distracted,MD,Sport Utility Vehicle,Turning Left,45,No,2021,TOYOTA,SIENNA,39.16360217,-77.22616417,2025,9,20
250041534,Fatal Crash,09/15/2025 08:34:00 PM,FREDERICK RD,NA,Rear To Side,Clear,Dry,Medium,Traffic Control Signal,NONE DETECTED,Yes,Fatal Injury,Too Fast For Conditions,Unknown,MD,Passenger Car,Moving Constant Speed,45,No,2020,TOYOTA,C-HR,39.16360217,-77.22616417,2025,9,20
250041514,Property Damage Crash,09/15/2025 06:31:00 PM,PRICHARD RD (EB/L),NA,Single Vehicle,Clear,Dry,Daylight,No Controls,NONE DETECTED,No,No Apparent Injury,NA,Unknown,MD,Passenger Car,NA,15,No,2004,CHEVROLET,EXPRESS,39.03630238,-77.04951403,2025,9,18
250041518,Fatal Crash,09/15/2025 06:07:00 PM,BEACH DR,NA,Single Vehicle,Clear,Dry,Daylight,No Controls,NONE DETECTED,Yes,Fatal Injury,Ran Off Roadway,Unknown,MD,Motorcycle - 2 Wheeled,Moving Constant Speed,25,No,2006,SUZUKI,DR-Z400SML,39.02625439,-77.09432595,2025,9,18
250041520,Property Damage Crash,09/15/2025 06:07:00 PM,NA,NA,"Sideswipe, Same Direction",Clear,Dry,Daylight,Traffic Control Signal,NONE DETECTED,No,No Apparent Injury,NA,Not Distracted,VA,Bus - Transit,Stopped in Traffic,35,No,2022,NEW FLYER,XCELSIOR,38.98802992,-77.07639969,2025,9,18
250041520,Property Damage Crash,09/15/2025 06:07:00 PM,NA,NA,"Sideswipe, Same Direction",Clear,Dry,Daylight,Traffic Control Signal,NONE DETECTED,No,NA,NA,NA,NA,Passenger Car,Changing Lanes,35,No,2021,HYUNDAI,IONIQ,38.98802992,-77.07639969,2025,9,18
250041506,Injury Crash,09/15/2025 05:33:00 PM,NA,Pedestrian,Single Vehicle,Clear,Dry,Daylight,Traffic Control Signal,NONE DETECTED,No,No Apparent Injury,NA,Not Distracted,MD,Passenger Car,Moving Constant Speed,30,No,2017,TOYOTA,COROLLA,38.99817733,-77.00313533,2025,9,17
250041503,Property Damage Crash,09/15/2025 05:17:00 PM,SERPENTINE WAY,NA,Single Vehicle,Clear,Dry,Daylight,No Controls,NONE DETECTED,Yes,No Apparent Injury,NA,Not Distracted,MD,Passenger Car,Moving Constant Speed,25,No,2016,KIA,RIO,39.06511433,-76.96875667,2025,9,17
250041489,Property Damage Crash,09/15/2025 04:15:00 PM,NA,NA,Front to Rear,Clear,Dry,Daylight,No Controls,NONE DETECTED,No,No Apparent Injury,NA,Not Distracted,MD,Passenger Car,Slowing or Stopping,25,No,2012,CHEVROLET,EXPRESS,39.08469883,-77.16140082,2025,9,16
250041489,Property Damage Crash,09/15/2025 04:15:00 PM,NA,NA,Front to Rear,Clear,Dry,Daylight,No Controls,NONE DETECTED,Yes,No Apparent Injury,Followed Too Closely,"Other Action (looking away from task, etc.)",MD,Passenger Car,Moving Constant Speed,25,No,2009,VOLKSWAGEN,JETTA,39.08469883,-77.16140082,2025,9,16
250041620,Injury Crash,09/15/2025 03:40:00 PM,ROOSEVELT ST,Cyclist (non-electric),Single Vehicle,Clear,Dry,Daylight,Stop Sign,NONE DETECTED,No,No Apparent Injury,NA,Unknown,MD,Pickup,Turning Right,25,No,2008,CHEVROLET,COLORADO,38.99585387,-77.10877253,2025,9,15
250041465,Injury Crash,09/15/2025 02:48:00 PM,CONNECTICUT AVE,NA,Angle,Clear,Dry,Daylight,Traffic Control Signal,NONE DETECTED,No,Possible Minor Injury,NA,Not Distracted,MD,Motorcycle - 2 Wheeled,Moving Constant Speed,35,No,2018,KAWASAKI,Z650,39.03287583,-77.07489133,2025,9,14
250041465,Injury Crash,09/15/2025 02:48:00 PM,CONNECTICUT AVE,NA,Angle,Clear,Dry,Daylight,Traffic Control Signal,NONE DETECTED,Yes,No Apparent Injury,NA,Unknown,MD,Passenger Car,Turning Left,35,No,2005,TOYOTA,RAV4,39.03287583,-77.07489133,2025,9,14
250041454,Property Damage Crash,09/15/2025 02:22:00 PM,SHAKESPEARE BLVD (WB/L),NA,Angle,Clear,Dry,Daylight,Traffic Control Signal,NONE DETECTED,Yes,No Apparent Injury,NA,Unknown,MD,Passenger Car,Turning Left,45,No,2020,TOYOTA,COROLLA,39.19821483,-77.2451645,2025,9,14
250041454,Property Damage Crash,09/15/2025 02:22:00 PM,SHAKESPEARE BLVD (WB/L),NA,Angle,Clear,Dry,Daylight,Traffic Control Signal,NONE DETECTED,No,No Apparent Injury,NA,Not Distracted,MD,Passenger Car,Moving Constant Speed,45,No,2019,TOYOTA,CAMRY,39.19821483,-77.2451645,2025,9,14
250041526,Property Damage Crash,09/15/2025 12:51:00 PM,MARENGO RD,NA,"Sideswipe, Same Direction",Clear,Dry,Daylight,No Controls,NONE DETECTED,No,NA,NA,NA,NA,NA,Moving Constant Speed,25,No,0,NA,NA,38.96491034,-77.11481318,2025,9,12
250041437,Injury Crash,09/15/2025 12:34:00 PM,UNIVERSITY BLVD W,NA,Single Vehicle,Clear,Dry,Daylight,No Controls,NONE DETECTED,Yes,Possible Minor Injury,NA,Unknown,MD,Sport Utility Vehicle,Moving Constant Speed,30,No,2020,TOYOTA,RAV4,39.03652533,-77.06206083,2025,9,12
250041431,Injury Crash,09/15/2025 12:20:00 PM,GREAT SENECA HWY,NA,Angle,Clear,Dry,Daylight,Traffic Control Signal,NONE DETECTED,No,Possible Minor Injury,NA,Not Distracted,CA,Passenger Car,Turning Left,45,No,2013,HONDA,ACCORD,39.14867996,-77.27636663,2025,9,12
250041431,Injury Crash,09/15/2025 12:20:00 PM,GREAT SENECA HWY,NA,Angle,Clear,Dry,Daylight,Traffic Control Signal,NONE DETECTED,Yes,No Apparent Injury,Ran Red Light,Talking/listening,MD,Sport Utility Vehicle,Accelerating,45,No,2022,TESLA,MODEL Y,39.14867996,-77.27636663,2025,9,12
250041433,Property Damage Crash,09/15/2025 12:00:00 PM,MCBAIN AVE,NA,Angle,Clear,Dry,Daylight,Traffic Control Signal,NONE DETECTED,No,No Apparent Injury,NA,Unknown,MD,Sport Utility Vehicle,Moving Constant Speed,30,No,2017,MAZDA,CX-5,39.1429865,-77.202648,2025,9,12
250041433,Property Damage Crash,09/15/2025 12:00:00 PM,MCBAIN AVE,NA,Angle,Clear,Dry,Daylight,Traffic Control Signal,NONE DETECTED,No,No Apparent Injury,NA,Not Distracted,MD,Sport Utility Vehicle,Turning Left,30,No,2018,SUBARU,OUTBACK,39.1429865,-77.202648,2025,9,12
250041426,Injury Crash,09/15/2025 11:55:00 AM,GERMANTOWN RD (SB/L),NA,Angle,Clear,Dry,Daylight,Traffic Control Signal,NONE DETECTED,Yes,No Apparent Injury,Other Improper Action,Unknown,MD,Sport Utility Vehicle,Accelerating,20,No,2016,LAND ROVER,RANGE ROVER,39.18333336,-77.2571431,2025,9,11
250041426,Injury Crash,09/15/2025 11:55:00 AM,GERMANTOWN RD (SB/L),NA,Angle,Clear,Dry,Daylight,Traffic Control Signal,NONE DETECTED,No,No Apparent Injury,NA,Not Distracted,MD,Sport Utility Vehicle,Moving Constant Speed,40,No,2024,TOYOTA,COROLLA CROSS,39.18333336,-77.2571431,2025,9,11
250041411,Property Damage Crash,09/15/2025 10:45:00 AM,ROCKVILLE PIKE (SB/L),NA,"Sideswipe, Same Direction",Clear,Dry,Daylight,No Controls,NONE DETECTED,No,No Apparent Injury,NA,Not Distracted,MD,Pickup,Moving Constant Speed,35,No,2019,FORD,F-450,39.01525596,-77.10015141,2025,9,10
250041411,Property Damage Crash,09/15/2025 10:45:00 AM,ROCKVILLE PIKE (SB/L),NA,"Sideswipe, Same Direction",Clear,Dry,Daylight,No Controls,NONE DETECTED,Yes,No Apparent Injury,NA,Not Distracted,VA,Sport Utility Vehicle,Moving Constant Speed,35,No,2007,CHEVROLET,TAHOE,39.01525596,-77.10015141,2025,9,10
250041410,Property Damage Crash,09/15/2025 10:26:00 AM,BRADLEY BLVD,NA,Front to Rear,Clear,Dry,Daylight,No Controls,NONE DETECTED,Yes,No Apparent Injury,Followed Too Closely,Not Distracted,MD,Station Wagon,Slowing or Stopping,35,No,2013,SUBARU,OUTBACK,39.0006695,-77.13226733,2025,9,10