Local Case Number,ACRS Report Type,Crash Date/Time,Road Name,Related Non-Motorist,Collision Type,Weather,Surface Condition,Light,Traffic Control,Driver Substance Abuse,Driver At Fault,Injury Severity,Circumstance,Driver Distracted By,Drivers License State,Vehicle Body Type,Vehicle Movement,Speed Limit,Driverless Vehicle,Vehicle Year,Vehicle Make,Vehicle Model,Latitude,Longitude,Year,Month,Hour
250041410,Property Damage Crash,09/15/2025 10:26:00 AM,BRADLEY BLVD,NA,Front to Rear,Clear,Dry,Daylight,No Controls,NONE DETECTED,No,No Apparent Injury,NA,Not Distracted,MD,Pickup,Stopped in Traffic,35,No,2024,FORD,F-150,39.0006695,-77.13226733,2025,9,10
250041388,Property Damage Crash,09/15/2025 07:52:00 AM,RIVER RD,NA,Single Vehicle,Clear,Dry,Daylight,No Controls,NONE DETECTED,No,No Apparent Injury,NA,Not Distracted,MD,Bus - School,Slowing or Stopping,50,No,2021,THOMAS BUILT,HDX,39.06342167,-77.28839167,2025,9,7
250041381,Property Damage Crash,09/15/2025 07:35:00 AM,GEORGIA AVE,NA,Single Vehicle,Clear,Dry,Daylight,No Controls,NONE DETECTED,Yes,No Apparent Injury,NA,Not Distracted,MD,Passenger Car,Changing Lanes,25,No,2005,TOYOTA,CAMRY,39.04116733,-77.05146317,2025,9,7
250041387,Property Damage Crash,09/15/2025 07:34:00 AM,GRUBB RD (SB/L),NA,"Sideswipe, Same Direction",Clear,Dry,Daylight,No Controls,NONE DETECTED,No,No Apparent Injury,NA,Not Distracted,DC,Passenger Car,Overtaking/Passing,30,No,1999,CHEVROLET,CAVALIER,38.9945068,-77.05325317,2025,9,7
250041387,Property Damage Crash,09/15/2025 07:34:00 AM,GRUBB RD (SB/L),NA,"Sideswipe, Same Direction",Clear,Dry,Daylight,No Controls,NONE DETECTED,No,No Apparent Injury,NA,NA,NA,Passenger Car,Stopped in Traffic,30,No,2018,TOYOTA,HIGHLANDER,38.9945068,-77.05325317,2025,9,7
250041380,Property Damage Crash,09/15/2025 07:15:00 AM,NEW HAMPSHIRE AVE (SB/L),NA,Single Vehicle,Clear,Dry,Daylight,No Controls,NONE DETECTED,Yes,No Apparent Injury,NA,Not Distracted,MD,Pickup,Moving Constant Speed,45,No,2003,TOYOTA,TACOMA,39.10287478,-77.00386365,2025,9,7
250041362,Property Damage Crash,09/15/2025 12:03:00 AM,CHERRY GROVE DR,NA,Front to Front,Clear,Dry,Medium,No Controls,NONE DETECTED,No,No Apparent Injury,NA,Not Distracted,MD,Sport Utility Vehicle,Moving Constant Speed,25,No,2011,MERCEDES-BENZ,GL-CLASS,39.106692,-77.24259367,2025,9,0
250041362,Property Damage Crash,09/15/2025 12:03:00 AM,CHERRY GROVE DR,NA,Front to Front,Clear,Dry,Medium,No Controls,NONE DETECTED,No,No Apparent Injury,NA,Not Distracted,MD,Passenger Car,Moving Constant Speed,25,No,2014,MAZDA,MAZDA6,39.106692,-77.24259367,2025,9,0
250041360,Property Damage Crash,09/14/2025 11:24:00 PM,W DEER PARK RD,NA,Single Vehicle,Clear,Dry,Medium,Traffic Control Signal,ALCOHOL PRESENT,Yes,No Apparent Injury,"Failed to Keep in Proper Lane, Operated Motor Vehicle in Inattentive, Careless, Negligent, or Erratic Manner, Operated Motor Vehicle in Reckless or Aggressive Manner, Other Improper Action, Ran Off Roadway",Not Distracted,MD,Passenger Car,Moving Constant Speed,40,No,2016,LEXUS,IS,39.1347095,-77.2057245,2025,9,23
250041352,Injury Crash,09/14/2025 10:30:00 PM,MIDCOUNTY HWY (NB/L),NA,Front to Rear,Clear,Dry,Medium,Traffic Control Signal,NONE DETECTED,No,NA,NA,NA,NA,Passenger Car,Moving Constant Speed,45,No,2015,SUBARU,LEGACY,39.15087581,-77.17447166,2025,9,22
250041352,Injury Crash,09/14/2025 10:30:00 PM,MIDCOUNTY HWY (NB/L),NA,Front to Rear,Clear,Dry,Medium,Traffic Control Signal,NONE DETECTED,No,Possible Minor Injury,NA,Not Distracted,MD,Passenger Car,Turning Left,45,No,2025,FORD,BRONCO SPORT,39.15087581,-77.17447166,2025,9,22
250041351,Property Damage Crash,09/14/2025 09:09:00 PM,ROCKVILLE PIKE (SB/L),NA,Front to Rear,Clear,Dry,Medium,Traffic Control Signal,NONE DETECTED,No,NA,NA,NA,NA,Passenger Car,Slowing or Stopping,35,No,2015,HONDA,CIVIC,39.04037176,-77.10976173,2025,9,21
250041351,Property Damage Crash,09/14/2025 09:09:00 PM,ROCKVILLE PIKE (SB/L),NA,Front to Rear,Clear,Dry,Medium,Traffic Control Signal,NONE DETECTED,No,No Apparent Injury,NA,Not Distracted,MD,Passenger Car,Stopped in Traffic,35,No,2019,BUICK,ENCORE,39.04037176,-77.10976173,2025,9,21
250041343,Property Damage Crash,09/14/2025 08:53:00 PM,ELM FOREST CT,NA,Single Vehicle,Clear,Dry,Medium,Stop Sign,NONE DETECTED,Yes,No Apparent Injury,"Disregarded Other Traffic Sign, Improper Turn",Unknown,NY,Passenger Car,Turning Left,35,No,2021,DODGE,CHARGER,39.22900428,-77.25144401,2025,9,20
250041341,Property Damage Crash,09/14/2025 08:36:00 PM,ROCKVILLE PIKE,NA,Front to Rear,Clear,Dry,Medium,Traffic Control Signal,NONE DETECTED,No,No Apparent Injury,NA,Not Distracted,VA,Passenger Car,Stopped in Traffic,35,No,2012,HYUNDAI,GENESIS,39.06184965,-77.1239136,2025,9,20
250041341,Property Damage Crash,09/14/2025 08:36:00 PM,ROCKVILLE PIKE,NA,Front to Rear,Clear,Dry,Medium,Traffic Control Signal,ALCOHOL PRESENT,Yes,No Apparent Injury,NA,Unknown,MD,Passenger Car,Moving Constant Speed,35,No,2011,MAZDA,MAZDA3,39.06184965,-77.1239136,2025,9,20
250041334,Property Damage Crash,09/14/2025 07:42:00 PM,NA,NA,Angle,Clear,NA,Daylight,NA,NONE DETECTED,No,No Apparent Injury,NA,Not Distracted,MD,Passenger Car,Moving Constant Speed,0,No,2014,KIA,SORENTO,39.04276288,-77.1131544,2025,9,19
250041334,Property Damage Crash,09/14/2025 07:42:00 PM,NA,NA,Angle,Clear,NA,Daylight,NA,NONE DETECTED,No,NA,NA,NA,NA,Passenger Car,Moving Constant Speed,0,No,2022,TOYOTA,AVALON,39.04276288,-77.1131544,2025,9,19
250041332,Property Damage Crash,09/14/2025 07:15:00 PM,W CEDAR LA,NA,Front to Rear,Clear,Dry,Dark,Traffic Control Signal,NONE DETECTED,No,No Apparent Injury,NA,Not Distracted,MD,Sport Utility Vehicle,Stopped in Traffic,30,No,2008,MERCEDES-BENZ,M-CLASS,39.00455421,-77.10995751,2025,9,19
250041332,Property Damage Crash,09/14/2025 07:15:00 PM,W CEDAR LA,NA,Front to Rear,Clear,Dry,Dark,Traffic Control Signal,NONE DETECTED,Yes,No Apparent Injury,NA,Not Distracted,MD,Pickup,Moving Constant Speed,30,No,2018,FORD,F-150,39.00455421,-77.10995751,2025,9,19
250041324,Injury Crash,09/14/2025 06:15:00 PM,NA,NA,Angle,Clear,Dry,Daylight,Traffic Control Signal,NONE DETECTED,No,Possible Minor Injury,NA,Not Distracted,IA,Sport Utility Vehicle,Turning Left,25,No,2024,VOLKSWAGEN,TAOS,38.99516927,-77.09648756,2025,9,18
250041324,Injury Crash,09/14/2025 06:15:00 PM,NA,NA,Angle,Clear,Dry,Daylight,Traffic Control Signal,ALCOHOL PRESENT,Yes,No Apparent Injury,NA,Unknown,MD,Passenger Car,Moving Constant Speed,35,No,2010,NISSAN,SENTRA,38.99516927,-77.09648756,2025,9,18
250041316,Injury Crash,09/14/2025 04:47:00 PM,FREDERICK RD (SB/L),NA,Angle,Clear,Dry,Daylight,No Controls,NONE DETECTED,Yes,No Apparent Injury,NA,Unknown,VA,Passenger Car,Turning Right,30,No,2022,LEXUS,NX,39.12079917,-77.17500117,2025,9,16
250041316,Injury Crash,09/14/2025 04:47:00 PM,FREDERICK RD (SB/L),NA,Angle,Clear,Dry,Daylight,No Controls,NONE DETECTED,No,Possible Minor Injury,NA,Unknown,MD,Passenger Car,Moving Constant Speed,30,No,2008,HONDA,CIVIC,39.12079917,-77.17500117,2025,9,16
250041315,Property Damage Crash,09/14/2025 04:40:00 PM,E JEFFERSON ST (SB/L),NA,"Sideswipe, Same Direction",Clear,Dry,Daylight,No Controls,NONE DETECTED,Yes,No Apparent Injury,Improper Passing,Unknown,MD,Passenger Car,Overtaking/Passing,30,No,2018,MERCEDES-BENZ,E-CLASS,39.05376224,-77.12616733,2025,9,16
250041315,Property Damage Crash,09/14/2025 04:40:00 PM,E JEFFERSON ST (SB/L),NA,"Sideswipe, Same Direction",Clear,Dry,Daylight,No Controls,NONE DETECTED,No,No Apparent Injury,NA,Not Distracted,DC,Bus - Transit,Accelerating,30,No,2025,GILLIG,CITY TRANSIT BUS,39.05376224,-77.12616733,2025,9,16
250041311,Property Damage Crash,09/14/2025 03:50:00 PM,BELLS MILL RD,NA,Angle,Clear,Dry,Daylight,Traffic Control Signal,NONE DETECTED,No,No Apparent Injury,NA,Not Distracted,MD,Passenger Car,Moving Constant Speed,35,No,2023,HYUNDAI,ELANTRA,39.03539133,-77.19449183,2025,9,15
250041311,Property Damage Crash,09/14/2025 03:50:00 PM,BELLS MILL RD,NA,Angle,Clear,Dry,Daylight,Traffic Control Signal,NONE DETECTED,No,No Apparent Injury,NA,Not Distracted,MD,Sport Utility Vehicle,Turning Left,35,No,2024,TOYOTA,GRAND HIGHLANDER,39.03539133,-77.19449183,2025,9,15
250041307,Property Damage Crash,09/14/2025 03:34:00 PM,KENTLAND AVE,NA,Front to Rear,Clear,Dry,Daylight,No Controls,ALCOHOL PRESENT,Yes,No Apparent Injury,NA,Unknown,MD,Passenger Car,Accelerating,35,No,2018,TOYOTA,HIGHLANDER,38.97584552,-76.99121652,2025,9,15
250041305,Property Damage Crash,09/14/2025 03:21:00 PM,NA,NA,Front to Rear,Clear,NA,Daylight,NA,NONE DETECTED,No,No Apparent Injury,NA,Not Distracted,MD,Passenger Car,Slowing or Stopping,0,No,2019,DODGE,CHARGER,39.02046027,-77.01335032,2025,9,15
250041305,Property Damage Crash,09/14/2025 03:21:00 PM,NA,NA,Front to Rear,Clear,NA,Daylight,NA,NONE DETECTED,Yes,No Apparent Injury,Improper Backing,"Other Action (looking away from task, etc.)",MD,Passenger Car,Backing,0,No,2006,FORD,EXPLORER,39.02046027,-77.01335032,2025,9,15
250041301,Property Damage Crash,09/14/2025 02:29:00 PM,OLNEY LAYTONSVILLE RD,NA,"Sideswipe, Same Direction",Clear,Dry,Daylight,No Controls,NONE DETECTED,No,No Apparent Injury,NA,Not Distracted,MD,Sport Utility Vehicle,Moving Constant Speed,30,No,2016,CHEVROLET,SUBURBAN,39.15361292,-77.06783863,2025,9,14
250041301,Property Damage Crash,09/14/2025 02:29:00 PM,OLNEY LAYTONSVILLE RD,NA,"Sideswipe, Same Direction",Clear,Dry,Daylight,No Controls,NONE DETECTED,Yes,No Apparent Injury,NA,Talking/listening,MD,Passenger Car,Changing Lanes,30,No,2022,KIA,NIRO,39.15361292,-77.06783863,2025,9,14
250041295,Property Damage Crash,09/14/2025 02:27:00 PM,RANDOLPH RD (WB/L),NA,"Sideswipe, Same Direction",Cloudy,Dry,Daylight,No Controls,NONE DETECTED,Yes,No Apparent Injury,Failed to Yield Right-of-Way,Not Distracted,MD,Sport Utility Vehicle,Changing Lanes,40,No,2018,TOYOTA,RAV4,39.075816,-77.00288032,2025,9,14
250041295,Property Damage Crash,09/14/2025 02:27:00 PM,RANDOLPH RD (WB/L),NA,"Sideswipe, Same Direction",Cloudy,Dry,Daylight,No Controls,NONE DETECTED,No,No Apparent Injury,NA,Not Distracted,MD,Passenger Car,Moving Constant Speed,40,No,2010,NISSAN,ALTIMA,39.075816,-77.00288032,2025,9,14
250041296,Property Damage Crash,09/14/2025 02:15:00 PM,NA,NA,"Sideswipe, Same Direction",Clear,NA,Daylight,NA,NONE DETECTED,Yes,No Apparent Injury,"Operated Motor Vehicle in Inattentive, Careless, Negligent, or Erratic Manner",Not Distracted,MD,Passenger Car,Slowing or Stopping,0,No,1992,LINCOLN,CONTINENTAL,39.05300399,-77.04437068,2025,9,14
250041293,Property Damage Crash,09/14/2025 01:15:00 PM,NA,NA,"Sideswipe, Same Direction",Clear,NA,Daylight,NA,NONE DETECTED,No,NA,NA,NA,NA,Passenger Car,NA,0,No,2025,AUDI,A6,39.0251695,-77.07111317,2025,9,13
250041282,Injury Crash,09/14/2025 01:10:00 PM,NEWPORT MILL RD,NA,Front to Rear,Clear,Dry,Daylight,No Controls,NONE DETECTED,Yes,Possible Minor Injury,NA,Unknown,MD,Passenger Car,Moving Constant Speed,25,No,2010,HONDA,ACCORD,39.04305123,-77.06831674,2025,9,13
250041270,Property Damage Crash,09/14/2025 11:50:00 AM,CONGRESSIONAL LA,NA,Angle,Clear,Dry,Daylight,Traffic Control Signal,NONE DETECTED,Yes,No Apparent Injury,NA,Not Distracted,MD,Passenger Car,Turning Left,40,No,2017,TOYOTA,CAMRY,39.06432668,-77.1260717,2025,9,11
250041270,Property Damage Crash,09/14/2025 11:50:00 AM,CONGRESSIONAL LA,NA,Angle,Clear,Dry,Daylight,Traffic Control Signal,NONE DETECTED,No,No Apparent Injury,NA,Not Distracted,MD,Passenger Car,Moving Constant Speed,40,No,2014,TOYOTA,COROLLA,39.06432668,-77.1260717,2025,9,11
250041260,Property Damage Crash,09/14/2025 10:11:00 AM,NEW HAMPSHIRE AVE (SB/L),NA,Front to Rear,Clear,Dry,Daylight,No Controls,NONE DETECTED,Yes,No Apparent Injury,Followed Too Closely,Unknown,NA,Passenger Car,Moving Constant Speed,35,No,2011,MAZDA,MAZDA3,39.021153,-76.97693117,2025,9,10
250041260,Property Damage Crash,09/14/2025 10:11:00 AM,NEW HAMPSHIRE AVE (SB/L),NA,Front to Rear,Clear,Dry,Daylight,No Controls,NONE DETECTED,No,No Apparent Injury,NA,Not Distracted,MD,Passenger Car,Moving Constant Speed,35,No,2020,FORD,ESCAPE,39.021153,-76.97693117,2025,9,10
250041248,Injury Crash,09/14/2025 07:43:00 AM,ROCKVILLE PIKE (SB/L),NA,Rear To Side,Clear,Dry,Daylight,Traffic Control Signal,NONE DETECTED,Yes,No Apparent Injury,Ran Red Light,Not Distracted,DC,Passenger Car,Moving Constant Speed,35,No,2020,MAZDA,MAZDA6,39.04953594,-77.11429956,2025,9,7
250041248,Injury Crash,09/14/2025 07:43:00 AM,ROCKVILLE PIKE (SB/L),NA,Rear To Side,Clear,Dry,Daylight,Traffic Control Signal,NONE DETECTED,No,Possible Minor Injury,NA,Not Distracted,DC,Passenger Car,Accelerating,35,No,2016,TOYOTA,COROLLA,39.04953594,-77.11429956,2025,9,7
250041244,Property Damage Crash,09/14/2025 06:21:00 AM,DARNESTOWN RD,NA,Single Vehicle,Clear,Dry,Medium,No Controls,NONE DETECTED,Yes,No Apparent Injury,Ran Off Roadway,Not Distracted,MD,Passenger Car,Moving Constant Speed,35,No,2016,HONDA,CIVIC,39.11331933,-77.2686338,2025,9,6
250041339,Property Damage Crash,09/14/2025 01:48:00 AM,NA,NA,"Sideswipe, Same Direction",Clear,NA,Medium,NA,NONE DETECTED,Yes,No Apparent Injury,NA,Unknown,MD,Passenger Car,Backing,0,No,2021,HYUNDAI,ELANTRA,38.97701925,-77.09291231,2025,9,1
250041233,Property Damage Crash,09/14/2025 01:44:00 AM,LINCOLN AVE,NA,"Sideswipe, Same Direction",Clear,Dry,Medium,No Controls,NONE DETECTED,Yes,No Apparent Injury,NA,"Other Action (looking away from task, etc.)",MD,Passenger Car,Moving Constant Speed,35,No,2010,HONDA,CIVIC,39.0921553,-77.1453458,2025,9,1
250041208,Property Damage Crash,09/13/2025 08:46:00 PM,NA,NA,Rear To Side,Clear,NA,Medium,NA,NONE DETECTED,No,No Apparent Injury,Improper Backing,Not Distracted,NA,Passenger Car,Backing,0,No,2009,HONDA,CIVIC,39.05199632,-77.04937514,2025,9,20
250041197,Property Damage Crash,09/13/2025 06:45:00 PM,CONTOUR RD,NA,Rear To Side,Clear,Dry,Daylight,No Controls,NONE DETECTED,No,No Apparent Injury,NA,Not Distracted,MD,Passenger Car,Moving Constant Speed,25,No,2013,TOYOTA,COROLLA,39.15527855,-77.20040659,2025,9,18
250041197,Property Damage Crash,09/13/2025 06:45:00 PM,CONTOUR RD,NA,Rear To Side,Clear,Dry,Daylight,No Controls,NONE DETECTED,No,NA,NA,NA,NA,Passenger Car,NA,25,No,2025,MAZDA,CX-50,39.15527855,-77.20040659,2025,9,18
250041183,Injury Crash,09/13/2025 05:40:00 PM,NA,NA,Single Vehicle,Clear,Dry,Daylight,No Controls,NONE DETECTED,Yes,Possible Minor Injury,"Operated Motor Vehicle in Reckless or Aggressive Manner, Over-Correcting/Over-Steering, Ran Off Roadway",Not Distracted,MD,Passenger Car,Negotiating a Curve,25,No,2025,FORD,MUSTANG,39.12834335,-77.11277147,2025,9,17
250041182,Property Damage Crash,09/13/2025 05:29:00 PM,BUSHEY DR,NA,Front to Rear,Clear,Dry,Daylight,Stop Sign,NONE DETECTED,No,No Apparent Injury,NA,Not Distracted,AZ,Passenger Car,Moving Constant Speed,35,No,1995,MAZDA,MX-5,39.05449242,-77.07954934,2025,9,17
250041182,Property Damage Crash,09/13/2025 05:29:00 PM,BUSHEY DR,NA,Front to Rear,Clear,Dry,Daylight,Stop Sign,NONE DETECTED,No,No Apparent Injury,NA,Not Distracted,MD,Sport Utility Vehicle,Turning Left,35,No,2016,HONDA,PILOT,39.05449242,-77.07954934,2025,9,17
250041180,Property Damage Crash,09/13/2025 05:10:00 PM,NA,NA,"Sideswipe, Same Direction",Clear,NA,Daylight,NA,NONE DETECTED,Yes,No Apparent Injury,Other Improper Action,Not Distracted,MD,Van - Cargo,Turning Right,0,No,2022,MERCEDES-BENZ,METRIS,38.99174878,-77.03238096,2025,9,17
250041176,Property Damage Crash,09/13/2025 04:22:00 PM,NA,NA,Rear To Side,Clear,Dry,Daylight,No Controls,NONE DETECTED,No,No Apparent Injury,NA,Not Distracted,MD,Passenger Car,Moving Constant Speed,35,No,2000,TOYOTA,CAMRY,39.23932479,-77.27322745,2025,9,16
250041176,Property Damage Crash,09/13/2025 04:22:00 PM,NA,NA,Rear To Side,Clear,Dry,Daylight,Stop Sign,NONE DETECTED,Yes,No Apparent Injury,Failed to Yield Right-of-Way,Unknown,MD,Passenger Car,Moving Constant Speed,25,No,2024,CHEVROLET,MALIBU,39.23932479,-77.27322745,2025,9,16
250041177,Property Damage Crash,09/13/2025 04:19:00 PM,PALMIRA LA,NA,Front to Front,Clear,Dry,Daylight,No Controls,NONE DETECTED,Yes,No Apparent Injury,Improper Turn,Unknown,MD,Pickup,Turning Left,25,No,2013,FORD,F-150,39.07729753,-77.07859973,2025,9,16
250041163,Property Damage Crash,09/13/2025 03:38:00 PM,CONNECTICUT AVE,NA,Angle,Clear,Dry,Daylight,No Controls,NONE DETECTED,No,No Apparent Injury,NA,Not Distracted,MD,Passenger Car,Moving Constant Speed,30,No,2025,TOYOTA,COROLLA,38.98549537,-77.07711848,2025,9,15
250041163,Property Damage Crash,09/13/2025 03:38:00 PM,CONNECTICUT AVE,NA,Angle,Clear,Dry,Daylight,No Controls,NONE DETECTED,Yes,No Apparent Injury,Failed to Yield Right-of-Way,Not Distracted,DC,Passenger Car,Turning Left,30,No,2007,HONDA,FIT,38.98549537,-77.07711848,2025,9,15
250041158,Property Damage Crash,09/13/2025 03:06:00 PM,VEIRS MILL RD,NA,Angle,Clear,Dry,Daylight,No Controls,NONE DETECTED,No,No Apparent Injury,NA,Not Distracted,MD,Passenger Car,Moving Constant Speed,35,No,2021,HONDA,ACCORD,39.07428483,-77.11401583,2025,9,15
250041158,Property Damage Crash,09/13/2025 03:06:00 PM,VEIRS MILL RD,NA,Angle,Clear,Dry,Daylight,No Controls,NONE DETECTED,Yes,No Apparent Injury,NA,Not Distracted,MD,Passenger Car,Turning Left,35,No,2023,FORD,BRONCO SPORT,39.07428483,-77.11401583,2025,9,15
250041161,Injury Crash,09/13/2025 02:13:00 PM,E GUDE DR (WB/L),NA,Angle,Clear,Dry,Daylight,Traffic Control Signal,NONE DETECTED,Yes,No Apparent Injury,Failed to Yield Right-of-Way,Not Distracted,MD,Passenger Car,Turning Left,35,No,2013,HONDA,ACCORD,39.09429083,-77.1324055,2025,9,14
250041161,Injury Crash,09/13/2025 02:13:00 PM,E GUDE DR (WB/L),NA,Angle,Clear,Dry,Daylight,Traffic Control Signal,NONE DETECTED,No,Possible Minor Injury,NA,Unknown,MD,Passenger Car,Moving Constant Speed,35,No,2012,CHEVROLET,MALIBU,39.09429083,-77.1324055,2025,9,14
250041151,Property Damage Crash,09/13/2025 01:45:00 PM,MONTGOMERY AVE,NA,Single Vehicle,Clear,Dry,Daylight,No Controls,NONE DETECTED,No,No Apparent Injury,"Failed to Yield Right-of-Way, Ran Off Roadway",Not Distracted,MD,Passenger Car,Entering Traffic Lane,25,No,2017,PORSCHE,MACAN,38.98427033,-77.08906717,2025,9,13
250041155,Property Damage Crash,09/13/2025 01:30:00 PM,NA,NA,"Sideswipe, Same Direction",Clear,NA,Daylight,NA,NONE DETECTED,No,NA,NA,NA,NA,NA,NA,0,No,0,NA,NA,38.9817525,-77.09915561,2025,9,13
250041147,Injury Crash,09/13/2025 01:25:00 PM,OBSERVATION DR (SB/L),NA,Front to Rear,Clear,Dry,Daylight,Traffic Control Signal,NONE DETECTED,Yes,No Apparent Injury,Other Improper Action,Not Distracted,DC,Van - Passenger (&lt;9 Seats),Stopped in Traffic,45,No,2022,TOYOTA,SIENNA,39.20177383,-77.25332188,2025,9,13
250041147,Injury Crash,09/13/2025 01:25:00 PM,OBSERVATION DR (SB/L),NA,Front to Rear,Clear,Dry,Daylight,Traffic Control Signal,NONE DETECTED,No,No Apparent Injury,NA,Not Distracted,MD,Sport Utility Vehicle,Stopped in Traffic,45,No,2020,HONDA,PILOT,39.20177383,-77.25332188,2025,9,13
250041147,Injury Crash,09/13/2025 01:25:00 PM,OBSERVATION DR (SB/L),NA,Front to Rear,Clear,Dry,Daylight,Traffic Control Signal,NONE DETECTED,Yes,No Apparent Injury,Followed Too Closely,Unknown,MD,Passenger Car,Moving Constant Speed,45,No,2009,HYUNDAI,ELANTRA,39.20177383,-77.25332188,2025,9,13
250041147,Injury Crash,09/13/2025 01:25:00 PM,OBSERVATION DR (SB/L),NA,Front to Rear,Clear,Dry,Daylight,Traffic Control Signal,NONE DETECTED,No,No Apparent Injury,NA,Not Distracted,MD,Sport Utility Vehicle,Stopped in Traffic,45,No,2024,HONDA,CR-V,39.20177383,-77.25332188,2025,9,13
250041146,Injury Crash,09/13/2025 01:21:00 PM,BRADLEY BLVD (SB/L),NA,"Sideswipe, Same Direction",Clear,Dry,Daylight,No Controls,NONE DETECTED,No,Possible Minor Injury,NA,Not Distracted,VA,Passenger Car,Moving Constant Speed,35,No,2022,NISSAN,VERSA,38.97827821,-77.09389049,2025,9,13
250041146,Injury Crash,09/13/2025 01:21:00 PM,BRADLEY BLVD (SB/L),NA,"Sideswipe, Same Direction",Clear,Dry,Daylight,No Controls,NONE DETECTED,No,NA,NA,NA,NA,Passenger Car,NA,35,No,0,NA,NA,38.97827821,-77.09389049,2025,9,13
250041144,Injury Crash,09/13/2025 01:15:00 PM,COLESVILLE RD,NA,Front to Front,Clear,Dry,Daylight,No Controls,NONE DETECTED,No,Possible Minor Injury,NA,NA,NA,Moped Or motorized bicycle,Moving Constant Speed,30,No,2024,ZHILONG,BWS,39.00009974,-77.02573112,2025,9,13
250041144,Injury Crash,09/13/2025 01:15:00 PM,COLESVILLE RD,NA,Front to Front,Clear,Dry,Daylight,No Controls,NONE DETECTED,Yes,No Apparent Injury,Failed to Yield Right-of-Way,Not Distracted,MD,Passenger Car,Turning Left,30,No,2016,JEEP,PATRIOT,39.00009974,-77.02573112,2025,9,13
250041135,Injury Crash,09/13/2025 11:40:00 AM,GEORGIA AVE (SB/L),NA,Front to Rear,Clear,Dry,Daylight,No Controls,NONE DETECTED,Yes,No Apparent Injury,Followed Too Closely,Not Distracted,MD,Passenger Car,Moving Constant Speed,30,No,2013,HONDA,CIVIC,39.00907284,-77.04049901,2025,9,11
250041135,Injury Crash,09/13/2025 11:40:00 AM,GEORGIA AVE (SB/L),NA,Front to Rear,Clear,Dry,Daylight,No Controls,NONE DETECTED,No,Possible Minor Injury,NA,Not Distracted,MD,Passenger Car,Slowing or Stopping,30,No,2011,FORD,EDGE,39.00907284,-77.04049901,2025,9,11
250041132,Property Damage Crash,09/13/2025 11:25:00 AM,RIDGE RD,NA,"Sideswipe, Opposite Direction",Clear,Dry,Daylight,No Controls,NONE DETECTED,No,No Apparent Injury,NA,Not Distracted,MD,Station Wagon,Negotiating a Curve,25,No,2022,TOYOTA,RAV4,39.13530967,-77.17487133,2025,9,11
250041132,Property Damage Crash,09/13/2025 11:25:00 AM,RIDGE RD,NA,"Sideswipe, Opposite Direction",Clear,Dry,Daylight,No Controls,NONE DETECTED,Yes,No Apparent Injury,Over-Correcting/Over-Steering,Not Distracted,MD,Bus - Transit,Turning Left,25,No,2014,GILLIG,CITY SUBURBAN BUS,39.13530967,-77.17487133,2025,9,11
250041134,Property Damage Crash,09/13/2025 11:11:00 AM,NA,NA,Angle,Clear,Dry,Daylight,Stop Sign,NONE DETECTED,Yes,No Apparent Injury,Failed to Yield Right-of-Way,Not Distracted,VA,Passenger Car,Entering Traffic Lane,30,No,2007,ACURA,TSX,39.03146333,-77.21207167,2025,9,11
250041134,Property Damage Crash,09/13/2025 11:11:00 AM,NA,NA,Angle,Clear,Dry,Daylight,No Controls,NONE DETECTED,No,No Apparent Injury,NA,Not Distracted,MD,Passenger Car,Moving Constant Speed,30,No,2024,MERCEDES-BENZ,GLS-CLASS,39.03146333,-77.21207167,2025,9,11
250040628,Injury Crash,09/13/2025 10:35:00 AM,NA,NA,Front to Rear,Clear,Dry,Daylight,Traffic Control Signal,NONE DETECTED,No,No Apparent Injury,Followed Too Closely,Unknown,VA,Passenger Car,Slowing or Stopping,25,No,2010,HONDA,CIVIC,39.01250221,-77.0423606,2025,9,10