Local Case Number,ACRS Report Type,Crash Date/Time,Road Name,Related Non-Motorist,Collision Type,Weather,Surface Condition,Light,Traffic Control,Driver Substance Abuse,Driver At Fault,Injury Severity,Circumstance,Driver Distracted By,Drivers License State,Vehicle Body Type,Vehicle Movement,Speed Limit,Driverless Vehicle,Vehicle Year,Vehicle Make,Vehicle Model,Latitude,Longitude,Year,Month,Hour
250040628,Injury Crash,09/13/2025 10:35:00 AM,NA,NA,Front to Rear,Clear,Dry,Daylight,Traffic Control Signal,NONE DETECTED,No,No Apparent Injury,NA,Not Distracted,MD,Passenger Car,Slowing or Stopping,25,No,2023,CHRYSLER,VOYAGER,39.01250221,-77.0423606,2025,9,10
250041127,Injury Crash,09/13/2025 10:19:00 AM,13TH ST,Pedestrian,Single Vehicle,Clear,Dry,Daylight,Traffic Control Signal,NONE DETECTED,Yes,No Apparent Injury,Failed to Yield Right-of-Way,Not Distracted,MD,Passenger Car,Turning Right,30,No,2019,SUBARU,CROSSTREK,38.98736426,-77.02679136,2025,9,10
250041124,Injury Crash,09/13/2025 10:00:00 AM,WARING STATION RD,NA,Angle,Clear,Dry,Daylight,Stop Sign,NONE DETECTED,Yes,Possible Minor Injury,Failed to Yield Right-of-Way,Unknown,MD,Passenger Car,Accelerating,20,No,2015,FORD,FOCUS,39.16971167,-77.24923833,2025,9,10
250041124,Injury Crash,09/13/2025 10:00:00 AM,WARING STATION RD,NA,Angle,Clear,Dry,Daylight,No Controls,NONE DETECTED,No,No Apparent Injury,NA,Not Distracted,MD,Pickup,Moving Constant Speed,30,No,2025,TOYOTA,TACOMA,39.16971167,-77.24923833,2025,9,10
250041112,Property Damage Crash,09/13/2025 05:32:00 AM,NA,NA,Angle,Clear,Dry,Medium,Flashing Traffic Control Signal,NONE DETECTED,Yes,No Apparent Injury,"Failed to Yield Right-of-Way, Ran Red Light",Unknown,MD,Sport Utility Vehicle,Moving Constant Speed,35,No,2021,MAZDA,CX-9,39.24026167,-77.28102333,2025,9,5
250041112,Property Damage Crash,09/13/2025 05:32:00 AM,NA,NA,Angle,Clear,Dry,Medium,Flashing Traffic Control Signal,NONE DETECTED,No,No Apparent Injury,NA,Not Distracted,MD,Pickup,Moving Constant Speed,30,No,2004,GMC,SIERRA,39.24026167,-77.28102333,2025,9,5
250041113,Property Damage Crash,09/13/2025 05:31:00 AM,NORBECK RD (WB/L),NA,Rear To Side,Clear,Dry,Medium,Traffic Control Signal,NONE DETECTED,No,No Apparent Injury,"Operated Motor Vehicle in Inattentive, Careless, Negligent, or Erratic Manner, Operated Motor Vehicle in Reckless or Aggressive Manner",Not Distracted,DC,Passenger Car,Moving Constant Speed,45,No,2015,MERCEDES-BENZ,C-CLASS,39.10949845,-77.07578837,2025,9,5
250041113,Property Damage Crash,09/13/2025 05:31:00 AM,NORBECK RD (WB/L),NA,Rear To Side,Clear,Dry,Medium,Traffic Control Signal,NONE DETECTED,No,No Apparent Injury,"Operated Motor Vehicle in Inattentive, Careless, Negligent, or Erratic Manner, Operated Motor Vehicle in Reckless or Aggressive Manner",Not Distracted,MD,Passenger Car,Turning Left,45,No,2022,TOYOTA,COROLLA,39.10949845,-77.07578837,2025,9,5
250041111,Property Damage Crash,09/13/2025 04:52:00 AM,DORSEY MILL DR,NA,"Sideswipe, Same Direction",Clear,Dry,Medium,No Controls,NONE DETECTED,Yes,No Apparent Injury,Over-Correcting/Over-Steering,Not Distracted,MD,Passenger Car,Moving Constant Speed,30,No,2018,TESLA,MODEL 3,39.20489857,-77.26559617,2025,9,4
250041097,Property Damage Crash,09/13/2025 12:01:00 AM,EAST VILLAGE AVE (WB/L),NA,Single Vehicle,Clear,Dry,Dark,Stop Sign,NONE DETECTED,No,No Apparent Injury,NA,Unknown,MD,Passenger Car,Moving Constant Speed,35,No,2011,BMW,X5,39.18458667,-77.17478467,2025,9,0
250041091,Injury Crash,09/12/2025 10:37:00 PM,REEDIE DR,NA,"Sideswipe, Same Direction",Clear,Dry,Medium,No Controls,ALCOHOL PRESENT,Yes,Possible Minor Injury,NA,"Other Action (looking away from task, etc.)",MD,Sport Utility Vehicle,Moving Constant Speed,25,No,1993,DODGE,RAMCHARGER,39.039203,-77.04841583,2025,9,22
250041092,Property Damage Crash,09/12/2025 10:37:00 PM,PRICE AVE,NA,"Sideswipe, Same Direction",Clear,Dry,Medium,No Controls,ALCOHOL PRESENT,Yes,No Apparent Injury,Failed to Keep in Proper Lane,Unknown,MD,Sport Utility Vehicle,Moving Constant Speed,25,No,1993,DODGE,RAMCHARGER,39.040127,-77.04956817,2025,9,22
250041079,Injury Crash,09/12/2025 08:44:00 PM,NA,NA,Front to Front,Clear,Dry,Medium,No Controls,NONE DETECTED,Yes,No Apparent Injury,NA,Unknown,MD,Van - Passenger (&lt;9 Seats),Turning Left,25,No,2003,HONDA,ODYSSEY,39.10934981,-76.93531592,2025,9,20
250041079,Injury Crash,09/12/2025 08:44:00 PM,NA,NA,Front to Front,Clear,Dry,Medium,No Controls,NONE DETECTED,No,Possible Minor Injury,NA,Not Distracted,MD,Passenger Car,Slowing or Stopping,25,No,2019,VOLKSWAGEN,JETTA,39.10934981,-76.93531592,2025,9,20
250041046,Property Damage Crash,09/12/2025 07:12:00 PM,NA,NA,Rear To Rear,Clear,NA,Medium,NA,NONE DETECTED,Yes,No Apparent Injury,Disregard Officer Directions,Unknown,MD,Passenger Car,Backing,0,No,2018,MAZDA,CX-5,39.18137358,-77.2733293,2025,9,19
250041052,Property Damage Crash,09/12/2025 06:23:00 PM,NA,NA,Angle,Clear,Dry,Daylight,No Controls,NONE DETECTED,No,No Apparent Injury,NA,Not Distracted,MD,Pickup,NA,30,No,2018,CHEVROLET,COLORADO,38.99887679,-77.02616853,2025,9,18
250041052,Property Damage Crash,09/12/2025 06:23:00 PM,NA,NA,Angle,Clear,Dry,Daylight,No Controls,NONE DETECTED,No,No Apparent Injury,NA,Unknown,MD,Bus - Transit,Changing Lanes,30,No,2024,GILLIG,LOW FLOOR BUS,38.99887679,-77.02616853,2025,9,18
250041039,Property Damage Crash,09/12/2025 05:10:00 PM,NA,NA,Front to Rear,Clear,Dry,Daylight,No Controls,NONE DETECTED,Yes,No Apparent Injury,NA,"Other Action (looking away from task, etc.)",MD,Passenger Car,Moving Constant Speed,35,No,2014,SUBARU,LEGACY,39.03085515,-77.16155193,2025,9,17
250041039,Property Damage Crash,09/12/2025 05:10:00 PM,NA,NA,Front to Rear,Clear,Dry,Daylight,No Controls,NONE DETECTED,No,No Apparent Injury,NA,Not Distracted,MD,Passenger Car,Moving Constant Speed,35,No,2021,SUBARU,CROSSTREK,39.03085515,-77.16155193,2025,9,17
250041047,Property Damage Crash,09/12/2025 04:52:00 PM,NA,NA,Angle,Clear,NA,Daylight,NA,NONE DETECTED,Yes,No Apparent Injury,Improper Backing,Unknown,MD,Passenger Car,Backing,0,No,2020,HONDA,ACCORD,39.00781405,-77.04016446,2025,9,16
250041047,Property Damage Crash,09/12/2025 04:52:00 PM,NA,NA,Angle,Clear,NA,Daylight,NA,NONE DETECTED,No,No Apparent Injury,NA,Not Distracted,VA,Sport Utility Vehicle,Moving Constant Speed,0,No,2011,JEEP,GRAND CHEROKEE,39.00781405,-77.04016446,2025,9,16
250041030,Injury Crash,09/12/2025 04:30:00 PM,MUDDY BRANCH RD,NA,Front to Rear,Clear,Dry,Daylight,No Controls,NONE DETECTED,No,No Apparent Injury,NA,Not Distracted,MD,Sport Utility Vehicle,Moving Constant Speed,45,No,2006,CHEVROLET,EXPRESS,39.13198983,-77.20630283,2025,9,16
250041030,Injury Crash,09/12/2025 04:30:00 PM,MUDDY BRANCH RD,NA,Front to Rear,Clear,Dry,Daylight,No Controls,NONE DETECTED,Yes,Possible Minor Injury,Other Improper Action,Unknown,MD,Sport Utility Vehicle,Changing Lanes,45,No,2021,CADILLAC,XT4,39.13198983,-77.20630283,2025,9,16
250041026,Injury Crash,09/12/2025 04:27:00 PM,HOB HILL WAY,NA,Front to Front,Clear,Dry,Daylight,Traffic Control Signal,NONE DETECTED,No,No Apparent Injury,NA,Unknown,MD,Passenger Car,Turning Left,30,No,2012,TOYOTA,CAMRY,39.186765,-77.19817833,2025,9,16
250041026,Injury Crash,09/12/2025 04:27:00 PM,HOB HILL WAY,NA,Front to Front,Clear,Dry,Daylight,Traffic Control Signal,NONE DETECTED,No,Possible Minor Injury,NA,Not Distracted,MD,Sport Utility Vehicle,Moving Constant Speed,30,No,2021,JEEP,COMPASS,39.186765,-77.19817833,2025,9,16
250041027,Property Damage Crash,09/12/2025 04:12:00 PM,AVENTURINE WAY,NA,Front to Rear,Clear,Dry,Daylight,No Controls,NONE DETECTED,Yes,No Apparent Injury,NA,"Other Action (looking away from task, etc.)",MD,Other,Backing,15,No,2000,FORD,EXPLORER,39.0701265,-76.965516,2025,9,16
250041027,Property Damage Crash,09/12/2025 04:12:00 PM,AVENTURINE WAY,NA,Front to Rear,Clear,Dry,Daylight,No Controls,NONE DETECTED,No,No Apparent Injury,NA,Not Distracted,MD,Van - Cargo,Slowing or Stopping,15,No,2023,FREIGHTLINER,MT 45G FRONT GASOLINE ENGINE WALK IN VAN,39.0701265,-76.965516,2025,9,16
250041009,Property Damage Crash,09/12/2025 03:06:00 PM,CHERBOURG DR,NA,Single Vehicle,Clear,Dry,Daylight,No Controls,NONE DETECTED,Yes,No Apparent Injury,Over-Correcting/Over-Steering,Not Distracted,MD,Bus - School,Turning Left,30,No,2021,FREIGHTLINER,B2 BUS CHASSIS,39.04347817,-77.186232,2025,9,15
250041003,Injury Crash,09/12/2025 02:12:00 PM,CAPITAL BELTWAY,NA,Front to Rear,Clear,Dry,Daylight,No Controls,NONE DETECTED,No,No Apparent Injury,NA,Not Distracted,MD,Passenger Car,Slowing or Stopping,55,No,2013,HONDA,CR-V,39.00592084,-77.07311673,2025,9,14
250041003,Injury Crash,09/12/2025 02:12:00 PM,CAPITAL BELTWAY,NA,Front to Rear,Clear,Dry,Daylight,No Controls,NONE DETECTED,Yes,Possible Minor Injury,Followed Too Closely,"Other Action (looking away from task, etc.)",DC,Passenger Car,Slowing or Stopping,55,No,2016,FORD,TAURUS,39.00592084,-77.07311673,2025,9,14
250041003,Injury Crash,09/12/2025 02:12:00 PM,CAPITAL BELTWAY,NA,Front to Rear,Clear,Dry,Daylight,No Controls,NONE DETECTED,No,No Apparent Injury,NA,Not Distracted,MD,Passenger Car,Slowing or Stopping,55,No,2012,VOLKSWAGEN,GOLF,39.00592084,-77.07311673,2025,9,14
250041000,Injury Crash,09/12/2025 01:57:00 PM,FATHER HURLEY BLVD (NB/L),NA,"Sideswipe, Same Direction",Clear,Dry,Daylight,No Controls,NONE DETECTED,No,Possible Minor Injury,NA,Not Distracted,MD,Passenger Car,Stopped in Traffic,35,No,2024,SUBARU,IMPREZA,39.185976170000004,-77.273548,2025,9,13
250041000,Injury Crash,09/12/2025 01:57:00 PM,FATHER HURLEY BLVD (NB/L),NA,"Sideswipe, Same Direction",Clear,Dry,Daylight,No Controls,NONE DETECTED,No,No Apparent Injury,NA,Not Distracted,FL,Passenger Car,Stopped in Traffic,35,No,2021,VOLKSWAGEN,ATLAS,39.185976170000004,-77.273548,2025,9,13
250041000,Injury Crash,09/12/2025 01:57:00 PM,FATHER HURLEY BLVD (NB/L),NA,"Sideswipe, Same Direction",Clear,Dry,Daylight,No Controls,NONE DETECTED,Yes,Possible Minor Injury,Failed to Keep in Proper Lane,Not Distracted,MD,Passenger Car,Moving Constant Speed,35,No,2020,ACURA,ILX,39.185976170000004,-77.273548,2025,9,13
250040999,Property Damage Crash,09/12/2025 01:42:00 PM,CAPITAL BELTWAY,NA,Front to Rear,Clear,Dry,Daylight,No Controls,NONE DETECTED,Yes,No Apparent Injury,"Followed Too Closely, Other Improper Action",Unknown,DC,Passenger Car,Moving Constant Speed,55,No,2019,SUBARU,LEGACY,38.98889083,-77.15686233,2025,9,13
250040999,Property Damage Crash,09/12/2025 01:42:00 PM,CAPITAL BELTWAY,NA,Front to Rear,Clear,Dry,Daylight,No Controls,NONE DETECTED,No,No Apparent Injury,NA,Not Distracted,MD,Sport Utility Vehicle,Slowing or Stopping,55,No,2019,CHEVROLET,TAHOE,38.98889083,-77.15686233,2025,9,13
250040965,Property Damage Crash,09/12/2025 10:16:00 AM,NA,NA,Front to Front,Clear,Dry,Daylight,Traffic Control Signal,NONE DETECTED,No,No Apparent Injury,NA,Not Distracted,MD,Passenger Car,Moving Constant Speed,35,No,2011,GMC,TERRAIN,39.06685633,-77.161606,2025,9,10
250040965,Property Damage Crash,09/12/2025 10:16:00 AM,NA,NA,Front to Front,Clear,Dry,Daylight,Traffic Control Signal,NONE DETECTED,No,No Apparent Injury,NA,Unknown,MD,Passenger Car,Turning Left,35,No,2006,VOLVO,S60,39.06685633,-77.161606,2025,9,10
250040964,Injury Crash,09/12/2025 10:15:00 AM,EISENHOWER MEMORIAL HWY,NA,Single Vehicle,Clear,Dry,Daylight,No Controls,NONE DETECTED,Yes,Possible Minor Injury,Failed to Keep in Proper Lane,Unknown,MD,Passenger Car,Changing Lanes,55,No,2020,TOYOTA,CAMRY,39.1629,-77.23657383,2025,9,10
250040967,Property Damage Crash,09/12/2025 10:15:00 AM,SENECA MEADOWS PKWY (SB/L),NA,Angle,Clear,Dry,Daylight,No Controls,NONE DETECTED,No,No Apparent Injury,NA,Not Distracted,MD,Passenger Car,Moving Constant Speed,30,No,2009,HONDA,FIT,39.19705389,-77.25804899,2025,9,10
250040967,Property Damage Crash,09/12/2025 10:15:00 AM,SENECA MEADOWS PKWY (SB/L),NA,Angle,Clear,Dry,Daylight,Stop Sign,NONE DETECTED,Yes,No Apparent Injury,Failed to Yield Right-of-Way,Not Distracted,MD,Passenger Car,Moving Constant Speed,30,No,2025,KIA,K4,39.19705389,-77.25804899,2025,9,10
25001966,Property Damage Crash,09/12/2025 10:06:00 AM,SLIGO CREEK PKWY,NA,Angle,Clear,Dry,Daylight,Stop Sign,NONE DETECTED,Yes,No Apparent Injury,NA,Unknown,MD,Passenger Car,Slowing or Stopping,25,No,2003,TOYOTA,RAV4,38.98091401,-76.994075230000007,2025,9,10
25001966,Property Damage Crash,09/12/2025 10:06:00 AM,SLIGO CREEK PKWY,NA,Angle,Clear,Dry,Daylight,Stop Sign,NONE DETECTED,No,No Apparent Injury,NA,Unknown,MD,Passenger Car,Moving Constant Speed,25,No,2024,HONDA,CR-V,38.98091401,-76.994075230000007,2025,9,10
25004951,Property Damage Crash,09/12/2025 08:55:00 AM,PICCARD DR,NA,Front to Rear,Clear,Dry,Daylight,Traffic Control Signal,NONE DETECTED,No,No Apparent Injury,NA,Not Distracted,MD,Passenger Car,Accelerating,35,No,2014,DODGE,CHARGER,39.10199867,-77.17729167,2025,9,8
25004951,Property Damage Crash,09/12/2025 08:55:00 AM,PICCARD DR,NA,Front to Rear,Clear,Dry,Daylight,Traffic Control Signal,NONE DETECTED,No,No Apparent Injury,NA,Not Distracted,MD,Passenger Car,Slowing or Stopping,35,No,2019,HYUNDAI,ELANTRA,39.10199867,-77.17729167,2025,9,8
250040952,Property Damage Crash,09/12/2025 08:50:00 AM,TWIN LAKES DR,NA,Front to Rear,Clear,Dry,Daylight,Traffic Control Signal,NONE DETECTED,No,No Apparent Injury,NA,Not Distracted,MD,Sport Utility Vehicle,Slowing or Stopping,40,No,2009,HONDA,CR-V,39.12902383,-77.23060255,2025,9,8
250040952,Property Damage Crash,09/12/2025 08:50:00 AM,TWIN LAKES DR,NA,Front to Rear,Clear,Dry,Daylight,Traffic Control Signal,NONE DETECTED,Yes,No Apparent Injury,"Followed Too Closely, Too Fast For Conditions",Unknown,MD,Passenger Car,Slowing or Stopping,40,No,2007,SUBARU,IMPREZA,39.12902383,-77.23060255,2025,9,8
250040955,Injury Crash,09/12/2025 08:46:00 AM,OBSERVATION DR,Pedestrian,Single Vehicle,Clear,Wet,Daylight,Stop Sign,NONE DETECTED,No,No Apparent Injury,NA,Not Distracted,MD,Passenger Car,Accelerating,20,No,2023,KIA,FORTE,39.18743818,-77.24876419,2025,9,8
250040945,Property Damage Crash,09/12/2025 08:29:00 AM,NA,NA,Rear To Side,Clear,NA,Daylight,NA,NONE DETECTED,Yes,No Apparent Injury,Improper Backing,Unknown,MD,Sport Utility Vehicle,Backing,0,No,2021,BMW,X5,39.14264996,-77.04569069,2025,9,8
250040945,Property Damage Crash,09/12/2025 08:29:00 AM,NA,NA,Rear To Side,Clear,NA,Daylight,NA,NONE DETECTED,No,No Apparent Injury,NA,Not Distracted,MD,Sport Utility Vehicle,Slowing or Stopping,0,No,2025,FORD,EXPLORER,39.14264996,-77.04569069,2025,9,8
250040940,Property Damage Crash,09/12/2025 06:53:00 AM,LANSDOWNE WAY,NA,"Sideswipe, Same Direction",Clear,Dry,Daylight,No Controls,NONE DETECTED,Yes,No Apparent Injury,Failed to Keep in Proper Lane,Unknown,MD,Bus - School,Moving Constant Speed,25,No,2020,THOMAS BUILT,HDX,39.01263244,-77.03950586,2025,9,6
250040938,Property Damage Crash,09/12/2025 06:26:00 AM,NEW HAMPSHIRE AVE,NA,Front to Rear,Clear,Dry,Medium,Traffic Control Signal,NONE DETECTED,No,No Apparent Injury,NA,Not Distracted,MD,Pickup,Turning Right,35,No,2002,CHEVROLET,SILVERADO,39.01148786,-76.97883596,2025,9,6
250040938,Property Damage Crash,09/12/2025 06:26:00 AM,NEW HAMPSHIRE AVE,NA,Front to Rear,Clear,Dry,Medium,Traffic Control Signal,NONE DETECTED,No,No Apparent Injury,NA,Not Distracted,MD,Pickup,Turning Right,35,No,2013,TOYOTA,TUNDRA,39.01148786,-76.97883596,2025,9,6
250040938,Property Damage Crash,09/12/2025 06:26:00 AM,NEW HAMPSHIRE AVE,NA,Front to Rear,Clear,Dry,Medium,Traffic Control Signal,NONE DETECTED,No,No Apparent Injury,NA,Not Distracted,MD,Passenger Car,Stopped in Traffic,35,No,2019,NISSAN,SENTRA,39.01148786,-76.97883596,2025,9,6
250041551,Property Damage Crash,09/12/2025 05:45:00 AM,NORBECK RD (WB/L),NA,Single Vehicle,Clear,Dry,Medium,No Controls,NONE DETECTED,No,No Apparent Injury,NA,Not Distracted,MD,Passenger Car,Moving Constant Speed,35,No,2016,FORD,TAURUS,39.10361625,-77.08871843,2025,9,5
250040941,Property Damage Crash,09/12/2025 04:46:00 AM,GRANDVIEW AVE,NA,"Sideswipe, Same Direction",Clear,Wet,Dark,No Controls,NONE DETECTED,No,NA,Failed to Keep in Proper Lane,Unknown,NA,Passenger Car,NA,25,No,2017,NISSAN,SENTRA,39.04820483,-77.05307717,2025,9,4
250040935,Injury Crash,09/12/2025 01:31:00 AM,GEORGIA AVE,NA,Angle,Clear,Dry,Medium,Traffic Control Signal,ALCOHOL PRESENT,No,Possible Minor Injury,NA,Not Distracted,VA,Passenger Car,Moving Constant Speed,25,No,2017,KIA,OPTIMA,38.99161105,-77.02652117,2025,9,1
250040935,Injury Crash,09/12/2025 01:31:00 AM,GEORGIA AVE,NA,Angle,Clear,Dry,Medium,Traffic Control Signal,NONE DETECTED,Yes,Possible Minor Injury,Ran Red Light,Unknown,MD,Passenger Car,Accelerating,25,No,2017,FORD,INTERCEPTOR,38.99161105,-77.02652117,2025,9,1
250040934,Property Damage Crash,09/12/2025 12:01:00 AM,LEIGHTON AVE,NA,Single Vehicle,Clear,Dry,Medium,No Controls,NONE DETECTED,Yes,No Apparent Injury,NA,Not Distracted,MD,Passenger Car,Moving Constant Speed,35,No,2022,TOYOTA,HIGHLANDER,39.01066467,-77.01752667,2025,9,0
250040997,Property Damage Crash,09/12/2025 12:00:00 AM,NA,NA,Front to Rear,Clear,NA,Dark,NA,NONE DETECTED,No,NA,Other Improper Action,NA,NA,Passenger Car,NA,0,No,2015,HONDA,ACCORD,39.14541661,-77.19523511,2025,9,0
250040924,Injury Crash,09/11/2025 09:14:00 PM,RIVER RD (WB/L),NA,Front to Rear,Clear,Other,Dark,Traffic Control Signal,NONE DETECTED,Yes,No Apparent Injury,"Disregarded Other Traffic Sign, Followed Too Closely, Too Fast For Conditions",Unknown,VA,Passenger Car,Moving Constant Speed,35,No,2013,NISSAN,QUEST,38.98247883,-77.13664641,2025,9,21
250040924,Injury Crash,09/11/2025 09:14:00 PM,RIVER RD (WB/L),NA,Front to Rear,Clear,Other,Dark,Traffic Control Signal,NONE DETECTED,No,Possible Minor Injury,NA,Not Distracted,MD,Passenger Car,Stopped in Traffic,0,No,2017,ACURA,MDX,38.98247883,-77.13664641,2025,9,21
250040921,Property Damage Crash,09/11/2025 07:56:00 PM,EISENHOWER MEMORIAL HWY,NA,"Sideswipe, Same Direction",Clear,Dry,Medium,No Controls,NONE DETECTED,No,No Apparent Injury,NA,Unknown,MD,Pickup,Moving Constant Speed,55,No,2021,CHEVROLET,SILVERADO,39.15538667,-77.22412683,2025,9,19
250040921,Property Damage Crash,09/11/2025 07:56:00 PM,EISENHOWER MEMORIAL HWY,NA,"Sideswipe, Same Direction",Clear,Dry,Medium,No Controls,NONE DETECTED,No,No Apparent Injury,NA,Unknown,MD,Bus - Transit,Moving Constant Speed,55,No,2019,GILLIG,SHUTTLE BUS,39.15538667,-77.22412683,2025,9,19
250040904,Injury Crash,09/11/2025 06:47:00 PM,TAMARACK RD,NA,Front to Front,Clear,Dry,Daylight,Traffic Control Signal,NONE DETECTED,No,No Apparent Injury,NA,Not Distracted,MD,Passenger Car,Turning Left,40,No,2022,BMW,X5,39.0677515,-76.98586133,2025,9,18
250040904,Injury Crash,09/11/2025 06:47:00 PM,TAMARACK RD,NA,Front to Front,Clear,Dry,Daylight,Traffic Control Signal,NONE DETECTED,Yes,No Apparent Injury,Ran Red Light,Not Distracted,MD,Passenger Car,Moving Constant Speed,40,No,2020,HONDA,CR-V,39.0677515,-76.98586133,2025,9,18
250040887,Property Damage Crash,09/11/2025 04:44:00 PM,REDLAND RD (NB/L),NA,Front to Rear,Clear,Dry,Daylight,Intersection Ahead Warning Sign,NONE DETECTED,No,No Apparent Injury,NA,Not Distracted,MD,Passenger Car,Slowing or Stopping,35,No,2019,TOYOTA,RAV4,39.12069551,-77.15886845,2025,9,16
250040887,Property Damage Crash,09/11/2025 04:44:00 PM,REDLAND RD (NB/L),NA,Front to Rear,Clear,Dry,Daylight,Intersection Ahead Warning Sign,NONE DETECTED,No,No Apparent Injury,"Operated Motor Vehicle in Reckless or Aggressive Manner, Too Fast For Conditions",Not Distracted,MD,Passenger Car,Moving Constant Speed,35,No,2021,HONDA,ACCORD,39.12069551,-77.15886845,2025,9,16
250040887,Property Damage Crash,09/11/2025 04:44:00 PM,REDLAND RD (NB/L),NA,Front to Rear,Clear,Dry,Daylight,Intersection Ahead Warning Sign,NONE DETECTED,No,No Apparent Injury,NA,Not Distracted,MD,Passenger Car,Slowing or Stopping,35,No,2015,HYUNDAI,SANTA FE,39.12069551,-77.15886845,2025,9,16
250040887,Property Damage Crash,09/11/2025 04:44:00 PM,REDLAND RD (NB/L),NA,Front to Rear,Clear,Dry,Daylight,Intersection Ahead Warning Sign,NONE DETECTED,No,No Apparent Injury,NA,Not Distracted,MD,Passenger Car,Slowing or Stopping,35,No,2018,TESLA,MODEL 3,39.12069551,-77.15886845,2025,9,16
250040883,Property Damage Crash,09/11/2025 04:30:00 PM,NA,NA,Angle,Clear,Dry,Daylight,Traffic Control Signal,NONE DETECTED,No,No Apparent Injury,NA,Not Distracted,MD,Passenger Car,Moving Constant Speed,35,No,2018,HONDA,ACCORD,39.00760606,-77.01975601,2025,9,16
250040883,Property Damage Crash,09/11/2025 04:30:00 PM,NA,NA,Angle,Clear,Dry,Daylight,Traffic Control Signal,NONE DETECTED,No,No Apparent Injury,Failed to Yield Right-of-Way,Not Distracted,MD,Passenger Car,Turning Left,35,No,2018,VOLKSWAGEN,PASSAT,39.00760606,-77.01975601,2025,9,16
250040858,Property Damage Crash,09/11/2025 04:00:00 PM,SILVER SPRING AVE,NA,Front to Front,Clear,Dry,Daylight,No Controls,NONE DETECTED,No,No Apparent Injury,NA,Not Distracted,VA,Pickup,Moving Constant Speed,35,No,2016,TOYOTA,TACOMA,38.99262669,-77.01308422,2025,9,16
250040876,Property Damage Crash,09/11/2025 04:00:00 PM,QUAIL VALLEY BLVD,NA,Front to Rear,Clear,Dry,Daylight,Traffic Control Signal,NONE DETECTED,No,No Apparent Injury,"Swerved or Avoided Due to Wind, Slippery Surface, Motor Vehicle, Object, Non-Motorist in Roadway, etc",Not Distracted,MD,Passenger Car,Moving Constant Speed,25,No,2021,TOYOTA,HIGHLANDER,39.16208,-77.19021983,2025,9,16
250040858,Property Damage Crash,09/11/2025 04:00:00 PM,SILVER SPRING AVE,NA,Front to Front,Clear,Dry,Daylight,No Controls,NONE DETECTED,Yes,No Apparent Injury,NA,Unknown,MD,Passenger Car,Moving Constant Speed,35,No,2022,HONDA,CR-V,38.99262669,-77.01308422,2025,9,16
250040871,Property Damage Crash,09/11/2025 03:42:00 PM,NA,NA,"Sideswipe, Opposite Direction",Clear,NA,Daylight,NA,NONE DETECTED,Yes,No Apparent Injury,NA,Not Distracted,MD,Passenger Car,Turning Left,0,No,2019,AUDI,Q5,39.02888385,-77.05712303,2025,9,15
250040863,Property Damage Crash,09/11/2025 03:16:00 PM,AMHERST AVE,NA,Front to Rear,Clear,Dry,Daylight,No Controls,NONE DETECTED,No,No Apparent Injury,NA,Not Distracted,MD,Passenger Car,Slowing or Stopping,15,No,2022,TESLA,MODEL Y,39.04164224,-77.0480999,2025,9,15
250040863,Property Damage Crash,09/11/2025 03:16:00 PM,AMHERST AVE,NA,Front to Rear,Clear,Dry,Daylight,No Controls,NONE DETECTED,Yes,No Apparent Injury,NA,Not Distracted,VA,Bus - Transit,Moving Constant Speed,15,No,2009,GILLIG,LOW FLOOR BUS,39.04164224,-77.0480999,2025,9,15
250040859,Property Damage Crash,09/11/2025 02:44:00 PM,NA,NA,Front to Rear,Clear,Dry,Daylight,Pedestrian Crossing,NONE DETECTED,No,No Apparent Injury,NA,Not Distracted,NA,Passenger Car,Moving Constant Speed,20,No,2015,MERCEDES-BENZ,C-CLASS,39.0417325,-77.08799317,2025,9,14