Local Case Number,ACRS Report Type,Crash Date/Time,Road Name,Related Non-Motorist,Collision Type,Weather,Surface Condition,Light,Traffic Control,Driver Substance Abuse,Driver At Fault,Injury Severity,Circumstance,Driver Distracted By,Drivers License State,Vehicle Body Type,Vehicle Movement,Speed Limit,Driverless Vehicle,Vehicle Year,Vehicle Make,Vehicle Model,Latitude,Longitude,Year,Month,Hour
250040859,Property Damage Crash,09/11/2025 02:44:00 PM,NA,NA,Front to Rear,Clear,Dry,Daylight,No Controls,NONE DETECTED,No,No Apparent Injury,NA,Not Distracted,MD,Passenger Car,Slowing or Stopping,20,No,2018,TOYOTA,COROLLA,39.0417325,-77.08799317,2025,9,14
250040853,Property Damage Crash,09/11/2025 02:30:00 PM,NA,NA,Unknown,Clear,NA,Daylight,NA,NONE DETECTED,No,NA,NA,NA,NA,Van - Passenger (&lt;9 Seats),NA,0,No,2021,FORD,TRANSIT,39.02800139,-77.14489194,2025,9,14
250040822,Property Damage Crash,09/11/2025 01:00:00 PM,NA,NA,Angle,Clear,NA,Daylight,NA,NONE DETECTED,No,No Apparent Injury,Improper Backing,Unknown,NA,Passenger Car,Backing,0,No,2016,KIA,SORENTO,39.18037519,-77.27109574,2025,9,13
250040822,Property Damage Crash,09/11/2025 01:00:00 PM,NA,NA,Angle,Clear,NA,Daylight,NA,NONE DETECTED,No,No Apparent Injury,NA,Not Distracted,MD,Passenger Car,Slowing or Stopping,0,No,2010,HONDA,CIVIC,39.18037519,-77.27109574,2025,9,13
250040823,Property Damage Crash,09/11/2025 12:00:00 PM,GEORGIA AVE,NA,Front to Rear,Clear,Dry,Daylight,Traffic Control Signal,NONE DETECTED,No,No Apparent Injury,Other Improper Action,Not Distracted,MD,Passenger Car,Slowing or Stopping,30,No,2025,TESLA,MODEL Y,38.99443517,-77.026622,2025,9,12
250040823,Property Damage Crash,09/11/2025 12:00:00 PM,GEORGIA AVE,NA,Front to Rear,Clear,Dry,Daylight,Traffic Control Signal,NONE DETECTED,No,No Apparent Injury,NA,Not Distracted,DC,Passenger Car,Stopped in Traffic,30,No,2019,HONDA,CR-V,38.99443517,-77.026622,2025,9,12
250040823,Property Damage Crash,09/11/2025 12:00:00 PM,GEORGIA AVE,NA,Front to Rear,Clear,Dry,Daylight,Traffic Control Signal,NONE DETECTED,No,No Apparent Injury,NA,Not Distracted,MD,Passenger Car,Stopped in Traffic,30,No,2025,ACURA,MDX,38.99443517,-77.026622,2025,9,12
250040820,Injury Crash,09/11/2025 11:55:00 AM,OLD HUNDRED RD,NA,Front to Rear,Clear,Dry,Daylight,Traffic Control Signal,NONE DETECTED,Yes,Possible Minor Injury,"Operated Motor Vehicle in Inattentive, Careless, Negligent, or Erratic Manner",Unknown,MD,Passenger Car,Moving Constant Speed,30,No,2016,NISSAN,ROGUE,39.28075015,-77.31504009,2025,9,11
250040820,Injury Crash,09/11/2025 11:55:00 AM,OLD HUNDRED RD,NA,Front to Rear,Clear,Dry,Daylight,Traffic Control Signal,NONE DETECTED,No,Possible Minor Injury,NA,Not Distracted,MD,Passenger Car,Slowing or Stopping,30,No,2020,HYUNDAI,ELANTRA,39.28075015,-77.31504009,2025,9,11
250040820,Injury Crash,09/11/2025 11:55:00 AM,OLD HUNDRED RD,NA,Front to Rear,Clear,Dry,Daylight,Traffic Control Signal,NONE DETECTED,No,No Apparent Injury,NA,Not Distracted,MD,Other Trucks,Stopped in Traffic,30,No,2004,FORD,F-550,39.28075015,-77.31504009,2025,9,11
250040811,Injury Crash,09/11/2025 11:13:00 AM,COLESVILLE RD,NA,"Sideswipe, Same Direction",Cloudy,Dry,Daylight,Traffic Control Signal,NONE DETECTED,Yes,No Apparent Injury,NA,Unknown,MD,Passenger Car,Moving Constant Speed,35,No,2013,HYUNDAI,SONATA,39.01972765,-77.0131649,2025,9,11
250040811,Injury Crash,09/11/2025 11:13:00 AM,COLESVILLE RD,NA,"Sideswipe, Same Direction",Cloudy,Dry,Daylight,Traffic Control Signal,NONE DETECTED,No,Possible Minor Injury,NA,Unknown,DC,Passenger Car,Moving Constant Speed,35,No,2016,GMC,YUKON,39.01972765,-77.0131649,2025,9,11
250040811,Injury Crash,09/11/2025 11:13:00 AM,COLESVILLE RD,NA,"Sideswipe, Same Direction",Cloudy,Dry,Daylight,Traffic Control Signal,NONE DETECTED,No,No Apparent Injury,NA,Not Distracted,MD,Bus - Transit,Moving Constant Speed,35,No,2023,NEW FLYER,XCELSIOR,39.01972765,-77.0131649,2025,9,11
250040810,Property Damage Crash,09/11/2025 11:00:00 AM,INTERCOUNTY CONNECTOR,NA,Single Vehicle,Clear,Dry,Daylight,No Controls,NONE DETECTED,No,No Apparent Injury,Improper Backing,Not Distracted,MD,Passenger Car,Backing,60,No,2019,DODGE,CHARGER,39.1349305,-77.14616947,2025,9,11
250040809,Property Damage Crash,09/11/2025 10:56:00 AM,NA,NA,"Sideswipe, Same Direction",Clear,Dry,Daylight,No Controls,NONE DETECTED,No,No Apparent Injury,NA,Not Distracted,MD,Single-Unit Truck,Turning Left,35,No,1992,INTERNATIONAL,2554,39.24764025,-77.14381753,2025,9,10
250040809,Property Damage Crash,09/11/2025 10:56:00 AM,NA,NA,"Sideswipe, Same Direction",Clear,Dry,Daylight,No Controls,NONE DETECTED,Yes,No Apparent Injury,"Disregarded Other Road Markings, Improper Passing, Wrong Side",Not Distracted,MD,Passenger Car,Overtaking/Passing,35,No,2010,HONDA,CR-V,39.24764025,-77.14381753,2025,9,10
250040788,Injury Crash,09/11/2025 09:00:00 AM,SHADY GROVE RD (SB/L),NA,Front to Rear,Clear,Dry,Daylight,Traffic Control Signal,NONE DETECTED,No,Possible Minor Injury,NA,Not Distracted,MD,Passenger Car,Stopped in Traffic,40,No,2019,DODGE,CHARGER,39.129629,-77.16416283,2025,9,9
250040788,Injury Crash,09/11/2025 09:00:00 AM,SHADY GROVE RD (SB/L),NA,Front to Rear,Clear,Dry,Daylight,Traffic Control Signal,NONE DETECTED,No,No Apparent Injury,NA,Unknown,MD,Pickup,Slowing or Stopping,40,No,2022,GMC,SIERRA LIMITED,39.129629,-77.16416283,2025,9,9
250040790,Property Damage Crash,09/11/2025 08:51:00 AM,RUATAN ST,NA,"Sideswipe, Same Direction",Cloudy,Dry,Daylight,Stop Sign,NONE DETECTED,No,No Apparent Injury,NA,Not Distracted,MD,Bus - School,Turning Right,20,No,2020,THOMAS BUILT,HDX,38.998974,-76.98926517,2025,9,8
250040792,Property Damage Crash,09/11/2025 08:48:00 AM,NA,NA,"Sideswipe, Same Direction",Clear,NA,Daylight,NA,NONE DETECTED,Yes,No Apparent Injury,NA,Not Distracted,MD,Bus - Transit,Negotiating a Curve,0,No,2020,MOTOR COACH INDUSTRI,J4500,38.99326425,-77.03185017,2025,9,8
250040785,Property Damage Crash,09/11/2025 08:00:00 AM,NA,NA,Front to Rear,Clear,Dry,Daylight,Stop Sign,NONE DETECTED,Yes,No Apparent Injury,Improper Passing,Not Distracted,MD,Sport Utility Vehicle,Overtaking/Passing,30,No,2017,TOYOTA,RAV4,39.14710067,-77.27282467,2025,9,8
250041824,Property Damage Crash,09/11/2025 08:00:00 AM,JONES MILL RD,NA,Front to Rear,Clear,Dry,Daylight,Traffic Control Signal,NONE DETECTED,Yes,No Apparent Injury,NA,Unknown,MD,Passenger Car,Slowing or Stopping,30,No,2011,HONDA,ACCORD,38.99323779,-77.06353116,2025,9,8
250041824,Property Damage Crash,09/11/2025 08:00:00 AM,JONES MILL RD,NA,Front to Rear,Clear,Dry,Daylight,Traffic Control Signal,NONE DETECTED,No,No Apparent Injury,NA,Not Distracted,DC,Passenger Car,Slowing or Stopping,30,No,2020,TESLA,MODEL 3,38.99323779,-77.06353116,2025,9,8
250040785,Property Damage Crash,09/11/2025 08:00:00 AM,NA,NA,Front to Rear,Clear,Dry,Daylight,Stop Sign,NONE DETECTED,No,No Apparent Injury,NA,Not Distracted,TX,Truck Tractor,Turning Right,30,No,2016,FREIGHTLINER,CASCADIA,39.14710067,-77.27282467,2025,9,8
250040782,Property Damage Crash,09/11/2025 07:36:00 AM,LANARK WAY,NA,Other,Clear,Wet,Daylight,Traffic Control Signal,NONE DETECTED,No,No Apparent Injury,NA,Unknown,MD,Passenger Car,Turning Left,40,No,2024,TOYOTA,HIGHLANDER,39.01863291,-77.01444495,2025,9,7
250040782,Property Damage Crash,09/11/2025 07:36:00 AM,LANARK WAY,NA,Other,Clear,Wet,Daylight,Traffic Control Signal,NONE DETECTED,No,No Apparent Injury,NA,Unknown,MD,Passenger Car,Accelerating,40,No,2024,FORD,MUSTANG MACH-E,39.01863291,-77.01444495,2025,9,7
250040778,Injury Crash,09/11/2025 07:30:00 AM,CONNECTICUT AVE (SB/L),NA,Front to Rear,Clear,Dry,Daylight,No Controls,NONE DETECTED,No,No Apparent Injury,NA,Not Distracted,MD,Sport Utility Vehicle,Stopped in Traffic,35,No,2020,NISSAN,ROGUE,39.051615,-77.07501933,2025,9,7
250040778,Injury Crash,09/11/2025 07:30:00 AM,CONNECTICUT AVE (SB/L),NA,Front to Rear,Clear,Dry,Daylight,No Controls,NONE DETECTED,Yes,No Apparent Injury,NA,Not Distracted,MD,Pickup,Slowing or Stopping,35,No,2008,TOYOTA,TUNDRA,39.051615,-77.07501933,2025,9,7
250040778,Injury Crash,09/11/2025 07:30:00 AM,CONNECTICUT AVE (SB/L),NA,Front to Rear,Clear,Dry,Daylight,No Controls,NONE DETECTED,No,Possible Minor Injury,NA,Not Distracted,NA,Passenger Car,Stopped in Traffic,35,No,2004,MAZDA,MAZDA3,39.051615,-77.07501933,2025,9,7
250040779,Property Damage Crash,09/11/2025 07:30:00 AM,VEIRS MILL RD,NA,"Sideswipe, Same Direction",Cloudy,Wet,Daylight,No Controls,NONE DETECTED,No,No Apparent Injury,NA,Not Distracted,DC,Bus - Transit,Moving Constant Speed,35,No,2019,NEW FLYER,XCELSIOR,39.04906006,-77.0700518,2025,9,7
250040778,Injury Crash,09/11/2025 07:30:00 AM,CONNECTICUT AVE (SB/L),NA,Front to Rear,Clear,Dry,Daylight,No Controls,NONE DETECTED,No,No Apparent Injury,NA,Not Distracted,MD,Sport Utility Vehicle,Stopped in Traffic,35,No,2023,AUDI,Q7,39.051615,-77.07501933,2025,9,7
250040779,Property Damage Crash,09/11/2025 07:30:00 AM,VEIRS MILL RD,NA,"Sideswipe, Same Direction",Cloudy,Wet,Daylight,No Controls,NONE DETECTED,No,No Apparent Injury,NA,Not Distracted,MD,Passenger Car,Moving Constant Speed,35,No,2016,INFINITI,QX60,39.04906006,-77.0700518,2025,9,7
250040774,Property Damage Crash,09/11/2025 06:56:00 AM,POWDER MILL RD,NA,Rear To Rear,Clear,Dry,Daylight,Lane Use Control Signal,NONE DETECTED,Yes,No Apparent Injury,NA,Not Distracted,MD,Bus - Transit,Backing,35,No,2024,GILLIG,LOW FLOOR BUS,39.0218096,-76.97818848,2025,9,6
250040784,Injury Crash,09/11/2025 06:56:00 AM,NA,Pedestrian,Single Vehicle,Cloudy,NA,Medium,NA,NONE DETECTED,Yes,No Apparent Injury,NA,Not Distracted,MD,Passenger Car,Moving Constant Speed,0,No,2024,LEXUS,ES,39.1102339,-76.99575384,2025,9,6
250040774,Property Damage Crash,09/11/2025 06:56:00 AM,POWDER MILL RD,NA,Rear To Rear,Clear,Dry,Daylight,No Controls,NONE DETECTED,No,No Apparent Injury,NA,Not Distracted,MD,Passenger Car,Parked,35,No,2024,TOYOTA,TUNDRA,39.0218096,-76.97818848,2025,9,6
250040775,Injury Crash,09/11/2025 06:45:00 AM,VEIRS MILL RD,NA,Front to Rear,Cloudy,Wet,Daylight,No Controls,NONE DETECTED,No,No Apparent Injury,NA,Not Distracted,MD,Bus - Transit,Stopped in Traffic,35,No,2020,GILLIG,CITY TRANSIT BUS,39.04268838,-77.06074341,2025,9,6
250040775,Injury Crash,09/11/2025 06:45:00 AM,VEIRS MILL RD,NA,Front to Rear,Cloudy,Wet,Daylight,No Controls,NONE DETECTED,Yes,Possible Minor Injury,NA,Unknown,MD,Motorcycle - 2 Wheeled,Changing Lanes,35,No,2022,YAMAHA,YZF690,39.04268838,-77.06074341,2025,9,6
250040773,Property Damage Crash,09/11/2025 06:11:00 AM,OLD COLUMBIA PIKE,NA,Angle,Rain,Wet,Medium,Traffic Control Signal,NONE DETECTED,Yes,No Apparent Injury,Improper Turn,Not Distracted,MD,Passenger Car,Turning Left,35,No,2007,FORD,E-350,39.11139782,-76.93194041,2025,9,6
250040773,Property Damage Crash,09/11/2025 06:11:00 AM,OLD COLUMBIA PIKE,NA,Angle,Rain,Wet,Medium,Traffic Control Signal,NONE DETECTED,No,No Apparent Injury,NA,Not Distracted,NA,Passenger Car,Turning Left,35,No,2013,HONDA,CIVIC,39.11139782,-76.93194041,2025,9,6
250040771,Property Damage Crash,09/11/2025 05:30:00 AM,RIVER RD,NA,Single Vehicle,Cloudy,Wet,Dark,No Controls,NONE DETECTED,Yes,No Apparent Injury,Too Fast For Conditions,Not Distracted,VA,Passenger Car,Moving Constant Speed,50,No,2018,HONDA,CIVIC,39.07476517,-77.3261175,2025,9,5
250040768,Property Damage Crash,09/11/2025 04:40:00 AM,GERMANTOWN RD,NA,Single Vehicle,Rain,Wet,Medium,Traffic Control Signal,NONE DETECTED,Yes,No Apparent Injury,NA,Not Distracted,MD,Pickup,Negotiating a Curve,40,No,2005,DODGE,DAKOTA,39.16307594,-77.28263146,2025,9,4
250040767,Property Damage Crash,09/11/2025 03:25:00 AM,NO NAME (WB/L),NA,Single Vehicle,Clear,Wet,Dark,No Controls,NONE DETECTED,No,No Apparent Injury,Too Fast For Conditions,Not Distracted,MD,Passenger Car,Negotiating a Curve,55,No,2020,TOYOTA,COROLLA,39.12160837,-77.18020343,2025,9,3
250040765,Property Damage Crash,09/11/2025 01:14:00 AM,CABIN JOHN PKWY (SB/L),NA,Single Vehicle,Rain,Wet,Dark,No Controls,NONE DETECTED,Yes,No Apparent Injury,NA,Not Distracted,VA,Other Trucks,Negotiating a Curve,35,No,2024,FREIGHTLINER,M2,38.970665,-77.14777,2025,9,1
250040761,Property Damage Crash,09/10/2025 10:50:00 PM,FATHER HURLEY BLVD,NA,Front to Rear,Rain,Wet,Medium,Traffic Control Signal,ALCOHOL PRESENT,Yes,No Apparent Injury,Too Fast For Conditions,Not Distracted,MD,Sport Utility Vehicle,Slowing or Stopping,45,No,2015,MAZDA,CX-5,39.19371307,-77.27011933,2025,9,22
250040761,Property Damage Crash,09/10/2025 10:50:00 PM,FATHER HURLEY BLVD,NA,Front to Rear,Rain,Wet,Medium,Traffic Control Signal,NONE DETECTED,No,No Apparent Injury,NA,Not Distracted,MD,Passenger Car,Stopped in Traffic,45,No,2015,TOYOTA,COROLLA,39.19371307,-77.27011933,2025,9,22
250040757,Property Damage Crash,09/10/2025 09:47:00 PM,RIPLEY ST,NA,Other,Rain,Wet,Medium,Stop Sign,NONE DETECTED,No,No Apparent Injury,NA,Not Distracted,DC,Passenger Car,Accelerating,25,No,2025,GENESIS,GV80,38.99248466,-77.02791853,2025,9,21
250040757,Property Damage Crash,09/10/2025 09:47:00 PM,RIPLEY ST,NA,Other,Rain,Wet,Medium,Stop Sign,NONE DETECTED,Yes,No Apparent Injury,Failed to Yield Right-of-Way,Not Distracted,MD,Passenger Car,Accelerating,25,No,2024,HONDA,CR-V,38.99248466,-77.02791853,2025,9,21
250040755,Injury Crash,09/10/2025 09:20:00 PM,NORBECK RD,NA,"Sideswipe, Opposite Direction",Clear,Dry,Dark,No Controls,NONE DETECTED,No,No Apparent Injury,NA,"Other Action (looking away from task, etc.)",MD,Station Wagon,Moving Constant Speed,40,No,2024,MAZDA,CX-30,39.111694,-77.07340267,2025,9,21
250040755,Injury Crash,09/10/2025 09:20:00 PM,NORBECK RD,NA,"Sideswipe, Opposite Direction",Clear,Dry,Dark,No Controls,NONE DETECTED,No,Possible Minor Injury,NA,Not Distracted,MD,Station Wagon,Moving Constant Speed,40,No,2017,FORD,ESCAPE,39.111694,-77.07340267,2025,9,21
250040756,Property Damage Crash,09/10/2025 08:47:00 PM,NA,NA,"Sideswipe, Opposite Direction",Clear,NA,Medium,NA,NONE DETECTED,Yes,No Apparent Injury,Improper Passing,Unknown,MD,Passenger Car,Moving Constant Speed,0,No,2011,NISSAN,PATHFINDER,39.05130314,-77.10993961,2025,9,20
250040756,Property Damage Crash,09/10/2025 08:47:00 PM,NA,NA,"Sideswipe, Opposite Direction",Clear,NA,Medium,NA,NONE DETECTED,No,No Apparent Injury,NA,Not Distracted,MD,Passenger Car,Moving Constant Speed,0,No,2018,HONDA,ODYSSEY,39.05130314,-77.10993961,2025,9,20
250040742,Property Damage Crash,09/10/2025 07:16:00 PM,CONNECTICUT AVE,NA,"Sideswipe, Same Direction",Clear,Dry,Daylight,No Controls,NONE DETECTED,No,No Apparent Injury,NA,Not Distracted,MD,Passenger Car,Moving Constant Speed,35,No,2019,TOYOTA,TACOMA,39.00548637,-77.07799187,2025,9,19
250040742,Property Damage Crash,09/10/2025 07:16:00 PM,CONNECTICUT AVE,NA,"Sideswipe, Same Direction",Clear,Dry,Daylight,No Controls,NONE DETECTED,No,No Apparent Injury,NA,Not Distracted,MD,Bus - Transit,Changing Lanes,35,No,2023,NEW FLYER,XCELSIOR,39.00548637,-77.07799187,2025,9,19
250040737,Injury Crash,09/10/2025 06:59:00 PM,CONNECTICUT AVE,NA,Front to Rear,Cloudy,Dry,Daylight,Traffic Control Signal,NONE DETECTED,No,No Apparent Injury,NA,Not Distracted,VA,Sport Utility Vehicle,Stopped in Traffic,35,No,2014,HONDA,CR-V,39.05615148,-77.07371628,2025,9,18
250040737,Injury Crash,09/10/2025 06:59:00 PM,CONNECTICUT AVE,NA,Front to Rear,Cloudy,Dry,Daylight,Traffic Control Signal,NONE DETECTED,Yes,No Apparent Injury,NA,Not Distracted,MD,Passenger Car,Stopped in Traffic,35,No,2013,VOLKSWAGEN,PASSAT,39.05615148,-77.07371628,2025,9,18
250040731,Injury Crash,09/10/2025 06:34:00 PM,ROCKVILLE PIKE,NA,Angle,Clear,Dry,Daylight,No Controls,NONE DETECTED,No,No Apparent Injury,NA,Not Distracted,MD,Passenger Car,Making U-Turn,45,No,2023,SUBARU,CROSSTREK,39.07666392,-77.13863446,2025,9,18
250040731,Injury Crash,09/10/2025 06:34:00 PM,ROCKVILLE PIKE,NA,Angle,Clear,Dry,Daylight,No Controls,NONE DETECTED,No,No Apparent Injury,NA,Not Distracted,MD,Passenger Car,Slowing or Stopping,45,No,2010,BMW,328I,39.07666392,-77.13863446,2025,9,18
250040710,Property Damage Crash,09/10/2025 05:26:00 PM,GEORGIA AVE,NA,Angle,Clear,Dry,Daylight,Yield Sign,NONE DETECTED,Yes,No Apparent Injury,Failed to Yield Right-of-Way,Not Distracted,VA,Passenger Car,Entering Traffic Lane,25,No,2018,TESLA,MODEL 3,39.04560837,-77.05200829,2025,9,17
250040710,Property Damage Crash,09/10/2025 05:26:00 PM,GEORGIA AVE,NA,Angle,Clear,Dry,Daylight,No Controls,NONE DETECTED,No,No Apparent Injury,NA,Not Distracted,MI,Passenger Car,Moving Constant Speed,25,No,2024,MERCEDES-BENZ,C-CLASS,39.04560837,-77.05200829,2025,9,17
250040689,Injury Crash,09/10/2025 03:30:00 PM,COLUMBIA PIKE,Pedestrian,Unknown,Clear,Dry,Daylight,Traffic Control Signal,NONE DETECTED,Yes,No Apparent Injury,NA,Unknown,MD,Passenger Car,Turning Right,35,No,2024,TOYOTA,TACOMA,39.07320197,-76.95565145,2025,9,15
250040681,Injury Crash,09/10/2025 02:46:00 PM,ROCKVILLE PIKE,NA,Angle,Cloudy,Wet,Daylight,Traffic Control Signal,NONE DETECTED,No,No Apparent Injury,NA,Not Distracted,MD,Passenger Car,Turning Left,30,No,2019,BMW,M240I,39.02258567,-77.10283983,2025,9,14
250040681,Injury Crash,09/10/2025 02:46:00 PM,ROCKVILLE PIKE,NA,Angle,Cloudy,Wet,Daylight,Traffic Control Signal,NONE DETECTED,Yes,Possible Minor Injury,NA,Unknown,LA,Sport Utility Vehicle,Moving Constant Speed,35,No,2015,HYUNDAI,TUCSON,39.02258567,-77.10283983,2025,9,14
250040673,Injury Crash,09/10/2025 02:26:00 PM,NA,NA,Front to Rear,Rain,Wet,Daylight,No Controls,NONE DETECTED,Yes,No Apparent Injury,NA,Not Distracted,MD,Passenger Car,Slowing or Stopping,35,No,2018,TOYOTA,HIGHLANDER,39.00514174,-77.02283702,2025,9,14
250040673,Injury Crash,09/10/2025 02:26:00 PM,NA,NA,Front to Rear,Rain,Wet,Daylight,No Controls,NONE DETECTED,No,Possible Minor Injury,NA,Not Distracted,MD,Passenger Car,Slowing or Stopping,35,No,2018,HONDA,ODYSSEY,39.00514174,-77.02283702,2025,9,14
250040665,Property Damage Crash,09/10/2025 01:31:00 PM,NA,NA,Rear To Side,Cloudy,NA,Daylight,NA,NONE DETECTED,No,No Apparent Injury,NA,Not Distracted,MD,Van - Passenger (&lt;9 Seats),Parked,0,No,2023,CHRYSLER,VOYAGER,39.10334739,-77.17657613,2025,9,13
250040665,Property Damage Crash,09/10/2025 01:31:00 PM,NA,NA,Rear To Side,Cloudy,NA,Daylight,NA,NONE DETECTED,Yes,No Apparent Injury,NA,Not Distracted,MD,Sport Utility Vehicle,Backing,0,No,2015,HONDA,PILOT,39.10334739,-77.17657613,2025,9,13
250040664,Injury Crash,09/10/2025 01:30:00 PM,KENSINGTON BLVD,Pedestrian,Single Vehicle,Rain,Wet,Daylight,Stop Sign,NONE DETECTED,Yes,No Apparent Injury,NA,Unknown,MD,Passenger Car,Turning Left,25,No,2019,HONDA,CR-V,39.04172642,-77.05317159,2025,9,13
250040659,Property Damage Crash,09/10/2025 12:38:00 PM,COLUMBIA PIKE,NA,Front to Rear,Cloudy,Dry,Daylight,Traffic Control Signal,NONE DETECTED,No,No Apparent Injury,NA,Not Distracted,MD,Bus - School,Slowing or Stopping,50,No,2024,FREIGHTLINER,B2 106 ELECTRIC CONVENTIONAL CHASSIS,39.066505,-76.95996667,2025,9,12
250040659,Property Damage Crash,09/10/2025 12:38:00 PM,COLUMBIA PIKE,NA,Front to Rear,Cloudy,Dry,Daylight,Traffic Control Signal,NONE DETECTED,No,No Apparent Injury,"Followed Too Closely, Too Fast For Conditions",Not Distracted,MD,Sport Utility Vehicle,Changing Lanes,50,No,2013,INFINITI,JX35,39.066505,-76.95996667,2025,9,12
250040657,Injury Crash,09/10/2025 12:35:00 PM,NA,NA,Single Vehicle,Cloudy,Dry,Daylight,No Controls,NONE DETECTED,No,Possible Minor Injury,NA,Not Distracted,MD,Pickup,Moving Constant Speed,40,No,2019,FORD,F-450,39.10584547,-77.03827065,2025,9,12
250040650,Property Damage Crash,09/10/2025 12:08:00 PM,COLESVILLE RD,NA,Front to Rear,Rain,Wet,Daylight,Traffic Control Signal,NONE DETECTED,Yes,No Apparent Injury,NA,Unknown,MD,Passenger Car,Moving Constant Speed,40,No,2015,TOYOTA,COROLLA,38.99910695,-77.02610251,2025,9,12
250040650,Property Damage Crash,09/10/2025 12:08:00 PM,COLESVILLE RD,NA,Front to Rear,Rain,Wet,Daylight,Traffic Control Signal,NONE DETECTED,No,No Apparent Injury,NA,Not Distracted,MD,Sport Utility Vehicle,Slowing or Stopping,40,No,2025,TOYOTA,RAV4,38.99910695,-77.02610251,2025,9,12
250040647,Property Damage Crash,09/10/2025 11:55:00 AM,NA,NA,"Sideswipe, Same Direction",Cloudy,NA,Daylight,NA,NONE DETECTED,No,No Apparent Injury,NA,Not Distracted,MD,Pickup,Turning Right,0,No,2020,FORD,F-350,39.11255043,-77.172461,2025,9,11
250040642,Property Damage Crash,09/10/2025 11:20:00 AM,NA,NA,Front to Rear,Rain,Wet,Daylight,Traffic Control Signal,NONE DETECTED,Yes,No Apparent Injury,Followed Too Closely,Not Distracted,MD,Passenger Car,Slowing or Stopping,45,No,2015,HYUNDAI,ELANTRA,39.20233233,-77.2527335,2025,9,11
250040642,Property Damage Crash,09/10/2025 11:20:00 AM,NA,NA,Front to Rear,Rain,Wet,Daylight,Traffic Control Signal,NONE DETECTED,No,No Apparent Injury,NA,Not Distracted,MD,Pickup,Slowing or Stopping,45,No,2020,CHEVROLET,COLORADO,39.20233233,-77.2527335,2025,9,11
250040632,Property Damage Crash,09/10/2025 10:32:00 AM,SHADY GROVE RD,NA,Front to Rear,Clear,Wet,Daylight,No Controls,NONE DETECTED,No,No Apparent Injury,NA,Not Distracted,MD,Passenger Car,Stopped in Traffic,40,No,2024,TOYOTA,CROWN,39.1365746,-77.15499006,2025,9,10
250040632,Property Damage Crash,09/10/2025 10:32:00 AM,SHADY GROVE RD,NA,Front to Rear,Clear,Wet,Daylight,No Controls,NONE DETECTED,No,No Apparent Injury,NA,Not Distracted,XX,Passenger Car,Stopped in Traffic,40,No,2016,HYUNDAI,ELANTRA,39.1365746,-77.15499006,2025,9,10
250040632,Property Damage Crash,09/10/2025 10:32:00 AM,SHADY GROVE RD,NA,Front to Rear,Clear,Wet,Daylight,No Controls,NONE DETECTED,Yes,No Apparent Injury,Too Fast For Conditions,Not Distracted,MD,Passenger Car,Moving Constant Speed,40,No,2021,TOYOTA,RAV4 PRIME,39.1365746,-77.15499006,2025,9,10
250040624,Property Damage Crash,09/10/2025 10:15:00 AM,BONIFANT RD,NA,Front to Rear,Rain,Wet,Daylight,Traffic Control Signal,DRUG AND ALCOHOL CONTRIBUTED,Yes,No Apparent Injury,NA,Not Distracted,MD,Passenger Car,Moving Constant Speed,45,No,2018,FORD,FUSION,39.09589923,-77.00201731,2025,9,10
250040624,Property Damage Crash,09/10/2025 10:15:00 AM,BONIFANT RD,NA,Front to Rear,Rain,Wet,Daylight,Traffic Control Signal,NONE DETECTED,No,No Apparent Injury,NA,Not Distracted,DC,Passenger Car,Stopped in Traffic,45,No,2006,DODGE,CARAVAN/GRAND CARAVAN,39.09589923,-77.00201731,2025,9,10
250040618,Property Damage Crash,09/10/2025 09:37:00 AM,RICHTER FARM RD (EB/L),NA,Front to Front,Rain,Wet,Daylight,Traffic Control Signal,NONE DETECTED,No,No Apparent Injury,NA,Not Distracted,MD,Sport Utility Vehicle,Moving Constant Speed,35,No,2023,AUDI,Q5,39.15414967,-77.28740733,2025,9,9