Local Case Number,ACRS Report Type,Crash Date/Time,Road Name,Related Non-Motorist,Collision Type,Weather,Surface Condition,Light,Traffic Control,Driver Substance Abuse,Driver At Fault,Injury Severity,Circumstance,Driver Distracted By,Drivers License State,Vehicle Body Type,Vehicle Movement,Speed Limit,Driverless Vehicle,Vehicle Year,Vehicle Make,Vehicle Model,Latitude,Longitude,Year,Month,Hour
250040414,Property Damage Crash,09/09/2025 09:21:00 AM,NA,NA,Angle,Clear,NA,Daylight,NA,NONE DETECTED,Yes,No Apparent Injury,Failed to Yield Right-of-Way,Not Distracted,MD,Passenger Car,Moving Constant Speed,0,No,2012,NISSAN,ROGUE,39.08260243,-76.94619837,2025,9,9
250040414,Property Damage Crash,09/09/2025 09:21:00 AM,NA,NA,Angle,Clear,NA,Daylight,NA,NONE DETECTED,No,No Apparent Injury,NA,Not Distracted,MD,Passenger Car,Moving Constant Speed,0,No,2018,HONDA,CR-V,39.08260243,-76.94619837,2025,9,9
250040419,Property Damage Crash,09/09/2025 09:17:00 AM,BEALL AVE #2,NA,"Sideswipe, Same Direction",Clear,Dry,Daylight,No Controls,NONE DETECTED,No,No Apparent Injury,NA,Not Distracted,MD,Bus - Transit,Turning Right,15,No,2013,GILLIG,LOW FLOOR BUS,39.08687383,-77.15250867,2025,9,9
250040417,Property Damage Crash,09/09/2025 09:16:00 AM,HUNGERFORD DR (SB/L),NA,"Sideswipe, Same Direction",Clear,Dry,Daylight,No Controls,NONE DETECTED,No,No Apparent Injury,NA,Not Distracted,MD,Sport Utility Vehicle,Changing Lanes,35,No,2021,NISSAN,FRONTIER,39.09784242,-77.15371274,2025,9,9
250040417,Property Damage Crash,09/09/2025 09:16:00 AM,HUNGERFORD DR (SB/L),NA,"Sideswipe, Same Direction",Clear,Dry,Daylight,No Controls,NONE DETECTED,No,No Apparent Injury,NA,Not Distracted,MD,Sport Utility Vehicle,Changing Lanes,35,No,2015,JEEP,GRAND CHEROKEE,39.09784242,-77.15371274,2025,9,9
250040411,Injury Crash,09/09/2025 09:00:00 AM,OLNEY SANDY SPRING RD,Pedestrian,Single Vehicle,Clear,Dry,Daylight,No Controls,NONE DETECTED,No,No Apparent Injury,NA,Not Distracted,MD,Bus - School,Moving Constant Speed,35,No,2017,THOMAS BUILT,HDX,39.14627615,-77.04020721,2025,9,9
250040405,Injury Crash,09/09/2025 08:27:00 AM,REDLAND BLVD,NA,Angle,Clear,Dry,Daylight,Traffic Control Signal,NONE DETECTED,Yes,Possible Minor Injury,Failed to Yield Right-of-Way,Unknown,MD,Sport Utility Vehicle,Turning Left,40,No,2025,HONDA,CR-V,39.1156296,-77.16620379,2025,9,8
250040405,Injury Crash,09/09/2025 08:27:00 AM,REDLAND BLVD,NA,Angle,Clear,Dry,Daylight,Traffic Control Signal,NONE DETECTED,No,Possible Minor Injury,NA,Not Distracted,DC,Passenger Car,Moving Constant Speed,40,No,2012,NISSAN,SENTRA,39.1156296,-77.16620379,2025,9,8
250040410,Property Damage Crash,09/09/2025 08:15:00 AM,NA,NA,Front to Rear,Clear,NA,Daylight,NA,NONE DETECTED,No,No Apparent Injury,NA,Not Distracted,MD,Other Trucks,Backing,0,No,2020,FREIGHTLINER,108SD,38.97457963,-77.13763761,2025,9,8
250040401,Property Damage Crash,09/09/2025 08:00:00 AM,FREDERICK RD (SB/L),NA,Front to Rear,Clear,Dry,Daylight,Traffic Control Signal,NONE DETECTED,No,No Apparent Injury,NA,Not Distracted,MD,Pickup,Turning Right,40,No,2008,DODGE,RAM,39.180075,-77.23858167,2025,9,8
250040401,Property Damage Crash,09/09/2025 08:00:00 AM,FREDERICK RD (SB/L),NA,Front to Rear,Clear,Dry,Daylight,Traffic Control Signal,NONE DETECTED,No,No Apparent Injury,NA,Not Distracted,MD,Sport Utility Vehicle,Slowing or Stopping,40,No,2022,FORD,EXPLORER,39.180075,-77.23858167,2025,9,8
250040401,Property Damage Crash,09/09/2025 08:00:00 AM,FREDERICK RD (SB/L),NA,Front to Rear,Clear,Dry,Daylight,Traffic Control Signal,NONE DETECTED,Yes,No Apparent Injury,Followed Too Closely,Unknown,MD,Sport Utility Vehicle,Moving Constant Speed,40,No,2013,FORD,EDGE,39.180075,-77.23858167,2025,9,8
250040402,Property Damage Crash,09/09/2025 07:52:00 AM,PRICHARD RD,NA,Angle,Clear,Dry,Daylight,Stop Sign,NONE DETECTED,Yes,No Apparent Injury,NA,Unknown,MD,Passenger Car,Accelerating,25,No,2022,HONDA,ACCORD,39.03652178,-77.04831172,2025,9,7
250040402,Property Damage Crash,09/09/2025 07:52:00 AM,PRICHARD RD,NA,Angle,Clear,Dry,Daylight,Stop Sign,NONE DETECTED,No,No Apparent Injury,NA,Not Distracted,MD,Passenger Car,Accelerating,25,No,2015,MERCEDES-BENZ,C-CLASS,39.03652178,-77.04831172,2025,9,7
250040399,Property Damage Crash,09/09/2025 07:44:00 AM,BRINK RD,NA,Front to Rear,Clear,Dry,Daylight,No Controls,NONE DETECTED,Yes,No Apparent Injury,"Followed Too Closely, Operated Motor Vehicle in Inattentive, Careless, Negligent, or Erratic Manner",Unknown,VA,Passenger Car,Slowing or Stopping,35,No,2018,HONDA,CIVIC,39.20568667,-77.21466167,2025,9,7
250040399,Property Damage Crash,09/09/2025 07:44:00 AM,BRINK RD,NA,Front to Rear,Clear,Dry,Daylight,No Controls,NONE DETECTED,No,No Apparent Injury,NA,Not Distracted,MD,Passenger Car,Moving Constant Speed,35,No,2016,FORD,FOCUS,39.20568667,-77.21466167,2025,9,7
250040399,Property Damage Crash,09/09/2025 07:44:00 AM,BRINK RD,NA,Front to Rear,Clear,Dry,Daylight,No Controls,NONE DETECTED,No,No Apparent Injury,NA,Not Distracted,MD,Passenger Car,Stopped in Traffic,35,No,2022,TESLA,MODEL Y,39.20568667,-77.21466167,2025,9,7
250040398,Injury Crash,09/09/2025 07:28:00 AM,NA,NA,Front to Rear,Clear,Dry,Daylight,No Controls,NONE DETECTED,No,No Apparent Injury,NA,Not Distracted,MD,Passenger Car,Stopped in Traffic,50,No,2018,MAZDA,CX-5,39.12279541,-77.32380859,2025,9,7
250040398,Injury Crash,09/09/2025 07:28:00 AM,NA,NA,Front to Rear,Clear,Dry,Daylight,No Controls,NONE DETECTED,No,Possible Minor Injury,NA,Not Distracted,MD,Passenger Car,Slowing or Stopping,50,No,2014,TOYOTA,COROLLA,39.12279541,-77.32380859,2025,9,7
250040397,Property Damage Crash,09/09/2025 07:20:00 AM,PARK VISTA DR,NA,Single Vehicle,Clear,Dry,Daylight,No Controls,NONE DETECTED,No,No Apparent Injury,Improper Turn,Unknown,MD,Passenger Car,Turning Left,25,No,2014,FORD,FOCUS,39.1015885,-77.04111667,2025,9,7
250040396,Property Damage Crash,09/09/2025 07:03:00 AM,NA,NA,Angle,Clear,NA,Daylight,NA,NONE DETECTED,No,No Apparent Injury,Failed to Yield Right-of-Way,Unknown,NA,Passenger Car,Turning Left,0,No,2021,NISSAN,VERSA,38.98859509,-76.98828139,2025,9,7
250040396,Property Damage Crash,09/09/2025 07:03:00 AM,NA,NA,Angle,Clear,NA,Daylight,NA,NONE DETECTED,No,No Apparent Injury,NA,Not Distracted,MD,Pickup,Moving Constant Speed,0,No,2017,FORD,F-250,38.98859509,-76.98828139,2025,9,7
250040367,Injury Crash,09/08/2025 08:26:00 PM,HILLCROFT DR,NA,Front to Front,Clear,Dry,Medium,No Controls,NONE DETECTED,Yes,Possible Minor Injury,Other Improper Action,Unknown,MD,Passenger Car,Moving Constant Speed,20,No,2020,HONDA,FIT,39.12609985,-77.07937139,2025,9,20
250040443,Injury Crash,09/08/2025 07:15:00 PM,FORT SUMNER DR,Cyclist (non-electric),Single Vehicle,Clear,Dry,Daylight,Stop Sign,NONE DETECTED,No,No Apparent Injury,NA,Unknown,MD,Sport Utility Vehicle,Accelerating,30,No,2024,MAZDA,CX-50,38.95532229,-77.11316122,2025,9,19
250040355,Property Damage Crash,09/08/2025 06:58:00 PM,CLUB HILL DR,NA,"Sideswipe, Same Direction",Clear,Dry,Daylight,No Controls,NONE DETECTED,Yes,No Apparent Injury,NA,Not Distracted,MD,Passenger Car,Moving Constant Speed,25,No,2017,ACURA,MDX,39.18590833,-77.27111833,2025,9,18
250040366,Property Damage Crash,09/08/2025 06:20:00 PM,E JEFFERSON ST,NA,Angle,Clear,Dry,Daylight,No Controls,NONE DETECTED,No,No Apparent Injury,NA,Not Distracted,MD,Passenger Car,Turning Left,30,No,2024,VOLKSWAGEN,JETTA,39.05736135,-77.12625869,2025,9,18
250040366,Property Damage Crash,09/08/2025 06:20:00 PM,E JEFFERSON ST,NA,Angle,Clear,Dry,Daylight,No Controls,NONE DETECTED,No,NA,NA,NA,NA,Passenger Car,Turning Right,30,No,2020,BMW,228I,39.05736135,-77.12625869,2025,9,18
250040332,Injury Crash,09/08/2025 05:16:00 PM,NA,Pedestrian,Single Vehicle,Clear,NA,Daylight,NA,NONE DETECTED,Yes,No Apparent Injury,NA,"Other Action (looking away from task, etc.)",MD,Passenger Car,Turning Left,0,No,2016,HYUNDAI,SONATA,39.11502444,-77.21734579,2025,9,17
250040329,Property Damage Crash,09/08/2025 05:03:00 PM,VEIRS MILL RD (WB/L),NA,Front to Rear,Clear,Dry,Daylight,No Controls,NONE DETECTED,Yes,No Apparent Injury,Followed Too Closely,Unknown,MD,Passenger Car,Slowing or Stopping,30,No,2019,FORD,ECOSPORT,39.04271664,-77.0604464,2025,9,17
250040329,Property Damage Crash,09/08/2025 05:03:00 PM,VEIRS MILL RD (WB/L),NA,Front to Rear,Clear,Dry,Daylight,No Controls,NONE DETECTED,No,No Apparent Injury,NA,Not Distracted,MD,Sport Utility Vehicle,Slowing or Stopping,30,No,2019,MAZDA,CX-5,39.04271664,-77.0604464,2025,9,17
250040327,Property Damage Crash,09/08/2025 04:43:00 PM,S FREDERICK RD,NA,Angle,Clear,Dry,Daylight,No Controls,NONE DETECTED,No,No Apparent Injury,NA,Not Distracted,MD,Passenger Car,Moving Constant Speed,35,No,2018,TOYOTA,HIGHLANDER,39.12805057,-77.1851409,2025,9,16
250040327,Property Damage Crash,09/08/2025 04:43:00 PM,S FREDERICK RD,NA,Angle,Clear,Dry,Daylight,No Controls,NONE DETECTED,Yes,No Apparent Injury,NA,Not Distracted,MD,Passenger Car,Accelerating,35,No,2019,LEXUS,ES,39.12805057,-77.1851409,2025,9,16
250040322,Injury Crash,09/08/2025 04:30:00 PM,RAMP 9 FR TOWER OAKS BLVD TO RAMP 2,NA,Angle,Clear,Dry,Daylight,Traffic Control Signal,NONE DETECTED,No,Possible Minor Injury,NA,Not Distracted,MD,Sport Utility Vehicle,Moving Constant Speed,35,No,2016,TOYOTA,HIGHLANDER,39.05858494,-77.15226141,2025,9,16
250040324,Property Damage Crash,09/08/2025 04:30:00 PM,MASON ST,NA,Front to Rear,Clear,Dry,Daylight,No Controls,NONE DETECTED,No,No Apparent Injury,Followed Too Closely,Not Distracted,MD,Passenger Car,Moving Constant Speed,35,No,2022,HYUNDAI,TUCSON,39.05514669,-77.05019001,2025,9,16
250040322,Injury Crash,09/08/2025 04:30:00 PM,RAMP 9 FR TOWER OAKS BLVD TO RAMP 2,NA,Angle,Clear,Dry,Daylight,Traffic Control Signal,NONE DETECTED,No,No Apparent Injury,NA,Not Distracted,MD,Sport Utility Vehicle,Accelerating,35,No,2016,ACURA,MDX,39.05858494,-77.15226141,2025,9,16
250040324,Property Damage Crash,09/08/2025 04:30:00 PM,MASON ST,NA,Front to Rear,Clear,Dry,Daylight,No Controls,NONE DETECTED,No,No Apparent Injury,NA,Not Distracted,NA,Passenger Car,Slowing or Stopping,35,No,2016,JEEP,COMPASS,39.05514669,-77.05019001,2025,9,16
250040325,Injury Crash,09/08/2025 04:27:00 PM,RIDGE RD (SB/L),NA,Single Vehicle,Clear,Dry,Daylight,No Controls,NONE DETECTED,No,Possible Minor Injury,Failed to Keep in Proper Lane,Not Distracted,MD,Passenger Car,Leaving Traffic Lane,45,No,2023,KIA,NIRO,39.22859417,-77.23686315,2025,9,16
250040313,Property Damage Crash,09/08/2025 04:00:00 PM,FALLS RD,NA,Front to Rear,Clear,Dry,Daylight,No Controls,NONE DETECTED,Yes,No Apparent Injury,NA,Not Distracted,PA,Passenger Car,Moving Constant Speed,35,No,2017,NISSAN,ALTIMA,39.07061178,-77.16848908,2025,9,16
250040313,Property Damage Crash,09/08/2025 04:00:00 PM,FALLS RD,NA,Front to Rear,Clear,Dry,Daylight,No Controls,NONE DETECTED,No,No Apparent Injury,NA,Not Distracted,MD,Sport Utility Vehicle,Slowing or Stopping,35,No,2020,TOYOTA,RAV4,39.07061178,-77.16848908,2025,9,16
250040317,Property Damage Crash,09/08/2025 04:00:00 PM,SECOND AVE,NA,"Sideswipe, Same Direction",Clear,Dry,Daylight,Traffic Control Signal,NONE DETECTED,No,No Apparent Injury,NA,Not Distracted,MD,Bus - Transit,Stopped in Traffic,35,No,2011,GILLIG,LOW FLOOR BUS,38.99480967,-77.0305135,2025,9,16
250040317,Property Damage Crash,09/08/2025 04:00:00 PM,SECOND AVE,NA,"Sideswipe, Same Direction",Clear,Dry,Daylight,Traffic Control Signal,NONE DETECTED,Yes,No Apparent Injury,NA,Unknown,XX,Other,Moving Constant Speed,35,No,2010,H&H,SPORT,38.99480967,-77.0305135,2025,9,16
250040314,Injury Crash,09/08/2025 03:44:00 PM,OLD GEORGETOWN RD,NA,"Sideswipe, Same Direction",Clear,Dry,Daylight,No Controls,NONE DETECTED,No,NA,NA,NA,NA,NA,Moving Constant Speed,25,No,0,NA,NA,38.98833627,-77.1002091,2025,9,15
250040314,Injury Crash,09/08/2025 03:44:00 PM,OLD GEORGETOWN RD,NA,"Sideswipe, Same Direction",Clear,Dry,Daylight,No Controls,NONE DETECTED,No,Possible Minor Injury,NA,Not Distracted,MD,Bus - Transit,Moving Constant Speed,25,No,2009,GILLIG,LOW FLOOR BUS,38.98833627,-77.1002091,2025,9,15
250040301,Injury Crash,09/08/2025 03:07:00 PM,NA,Cyclist (non-electric),Single Vehicle,Clear,NA,Daylight,NA,NONE DETECTED,Yes,No Apparent Injury,NA,Not Distracted,MD,Passenger Car,Slowing or Stopping,0,No,2023,LAMBORGHINI,URUS,39.08439812,-77.14907229,2025,9,15
250040328,Injury Crash,09/08/2025 02:35:00 PM,SLIGO CREEK PKWY,Cyclist (non-electric),Single Vehicle,Clear,Dry,Daylight,Traffic Control Signal,NONE DETECTED,Yes,Possible Minor Injury,NA,Talking/listening,MD,Passenger Car,Moving Constant Speed,35,No,2024,MAZDA,MAZDA3,39.00768624,-77.02008906,2025,9,14
250040286,Injury Crash,09/08/2025 01:55:00 PM,DARNESTOWN RD,NA,Angle,Clear,Dry,Daylight,Traffic Control Signal,NONE DETECTED,No,Possible Minor Injury,NA,Not Distracted,MD,Sport Utility Vehicle,Turning Left,30,No,2011,HONDA,CR-V,39.11774713,-77.25271091,2025,9,13
250040286,Injury Crash,09/08/2025 01:55:00 PM,DARNESTOWN RD,NA,Angle,Clear,Dry,Daylight,Traffic Control Signal,NONE DETECTED,Yes,No Apparent Injury,Ran Red Light,Unknown,MD,Van - Cargo,Moving Constant Speed,30,No,2011,CHEVROLET,EXPRESS,39.11774713,-77.25271091,2025,9,13
250040275,Property Damage Crash,09/08/2025 12:45:00 PM,CONNECTICUT AVE,NA,Front to Rear,Clear,Dry,Daylight,No Controls,NONE DETECTED,No,No Apparent Injury,NA,Not Distracted,MD,Sport Utility Vehicle,Stopped in Traffic,35,No,2024,CHEVROLET,EQUINOX,39.0881575,-77.0728405,2025,9,12
250040275,Property Damage Crash,09/08/2025 12:45:00 PM,CONNECTICUT AVE,NA,Front to Rear,Clear,Dry,Daylight,No Controls,NONE DETECTED,Yes,No Apparent Injury,Followed Too Closely,Not Distracted,NA,Van - Passenger (&lt;9 Seats),Moving Constant Speed,35,No,2011,TOYOTA,SIENNA,39.0881575,-77.0728405,2025,9,12
250040274,Injury Crash,09/08/2025 12:00:00 PM,NA,NA,Angle,Clear,NA,Daylight,NA,NONE DETECTED,No,Possible Minor Injury,Other Improper Action,Not Distracted,MD,Passenger Car,NA,0,No,2013,CHEVROLET,SUBURBAN,38.99185917,-77.03270333,2025,9,12
250040257,Property Damage Crash,09/08/2025 11:11:00 AM,TOWNE RD,NA,"Sideswipe, Same Direction",Clear,Dry,Daylight,Traffic Control Signal,NONE DETECTED,No,No Apparent Injury,NA,Not Distracted,MD,Other Trucks,Stopped in Traffic,40,No,2021,FREIGHTLINER,M2,39.05202074,-77.11850098,2025,9,11
250040257,Property Damage Crash,09/08/2025 11:11:00 AM,TOWNE RD,NA,"Sideswipe, Same Direction",Clear,Dry,Daylight,Traffic Control Signal,NONE DETECTED,Yes,No Apparent Injury,Failed to Keep in Proper Lane,Not Distracted,MD,Other Trucks,Slowing or Stopping,40,No,2019,INTERNATIONAL,MA025,39.05202074,-77.11850098,2025,9,11
250040251,Injury Crash,09/08/2025 10:41:00 AM,COLONIAL LA,NA,"Sideswipe, Same Direction",Clear,Dry,Daylight,No Controls,NONE DETECTED,No,Possible Minor Injury,NA,Not Distracted,WV,Passenger Car,Moving Constant Speed,20,No,2022,VOLKSWAGEN,TIGUAN,38.99193906,-77.02787331,2025,9,10
250040251,Injury Crash,09/08/2025 10:41:00 AM,COLONIAL LA,NA,"Sideswipe, Same Direction",Clear,Dry,Daylight,No Controls,NONE DETECTED,No,No Apparent Injury,Failed to Yield Right-of-Way,Not Distracted,MD,Passenger Car,Turning Left,25,No,2024,TOYOTA,RAV4,38.99193906,-77.02787331,2025,9,10
250040248,Injury Crash,09/08/2025 10:40:00 AM,VEIRS MILL RD,NA,Single Vehicle,Clear,Dry,Daylight,Traffic Control Signal,NONE DETECTED,Yes,Possible Minor Injury,Too Fast For Conditions,Not Distracted,MD,Sport Utility Vehicle,Turning Left,40,No,2009,LEXUS,RX,39.07337252,-77.1121674,2025,9,10
250040245,Property Damage Crash,09/08/2025 10:17:00 AM,BLUERIDGE AVE,NA,"Sideswipe, Same Direction",Clear,Dry,Daylight,No Controls,NONE DETECTED,Yes,No Apparent Injury,NA,Unknown,MD,Other,Turning Left,25,No,2018,RAM,PROMASTER 2500,39.04300402,-77.0500837,2025,9,10
250040245,Property Damage Crash,09/08/2025 10:17:00 AM,BLUERIDGE AVE,NA,"Sideswipe, Same Direction",Clear,Dry,Daylight,No Controls,NONE DETECTED,No,No Apparent Injury,NA,Unknown,MD,Other,Parked,25,No,2020,FORD,TRANSIT,39.04300402,-77.0500837,2025,9,10
250040240,Property Damage Crash,09/08/2025 09:40:00 AM,SHADY GROVE RD (SB/L),NA,"Sideswipe, Same Direction",Clear,Dry,Daylight,No Controls,NONE DETECTED,No,NA,NA,NA,NA,Truck Tractor,Moving Constant Speed,45,No,0,NA,NA,39.14154899,-77.1517378,2025,9,9
250040240,Property Damage Crash,09/08/2025 09:40:00 AM,SHADY GROVE RD (SB/L),NA,"Sideswipe, Same Direction",Clear,Dry,Daylight,No Controls,NONE DETECTED,Yes,No Apparent Injury,NA,Not Distracted,MD,Bus - School,Moving Constant Speed,45,No,2020,THOMAS BUILT,HDX,39.14154899,-77.1517378,2025,9,9
250040228,Property Damage Crash,09/08/2025 08:36:00 AM,SHADY GROVE RD,NA,Rear To Side,Clear,Dry,Daylight,Traffic Control Signal,NONE DETECTED,No,No Apparent Injury,NA,Not Distracted,MD,Passenger Car,Moving Constant Speed,40,No,2023,TESLA,MODEL Y,39.10748442,-77.18935809,2025,9,8
250040228,Property Damage Crash,09/08/2025 08:36:00 AM,SHADY GROVE RD,NA,Rear To Side,Clear,Dry,Daylight,Traffic Control Signal,NONE DETECTED,Yes,No Apparent Injury,"Failed to Yield Right-of-Way, Improper Turn",Not Distracted,MD,Passenger Car,Turning Left,40,No,2021,JEEP,GRAND CHEROKEE,39.10748442,-77.18935809,2025,9,8
250040231,Property Damage Crash,09/08/2025 08:35:00 AM,GEORGIA AVE,NA,Front to Rear,Clear,Dry,Daylight,Yield Sign,NONE DETECTED,No,No Apparent Injury,NA,Not Distracted,MD,Bus - Transit,Turning Right,35,No,2017,GILLIG,LOW FLOOR BUS,39.06060714,-77.05141978,2025,9,8
250040231,Property Damage Crash,09/08/2025 08:35:00 AM,GEORGIA AVE,NA,Front to Rear,Clear,Dry,Daylight,No Controls,NONE DETECTED,No,No Apparent Injury,NA,Not Distracted,MD,Passenger Car,Slowing or Stopping,35,No,2011,TOYOTA,CAMRY,39.06060714,-77.05141978,2025,9,8
250040220,Property Damage Crash,09/08/2025 07:57:00 AM,OLD COLUMBIA PIKE,NA,Single Vehicle,Clear,Dry,Daylight,Other Signal,NONE DETECTED,Yes,No Apparent Injury,NA,Unknown,MD,Passenger Car,Turning Left,30,No,2023,HYUNDAI,SANTA FE,39.06330046,-76.96574348,2025,9,7
250040230,Property Damage Crash,09/08/2025 07:50:00 AM,NA,NA,Front to Rear,Clear,NA,Daylight,NA,NONE DETECTED,Yes,No Apparent Injury,Followed Too Closely,Not Distracted,MD,Sport Utility Vehicle,Accelerating,0,No,2015,TOYOTA,RAV4,39.11542904,-77.23197906,2025,9,7
250040230,Property Damage Crash,09/08/2025 07:50:00 AM,NA,NA,Front to Rear,Clear,NA,Daylight,NA,NONE DETECTED,No,No Apparent Injury,NA,Not Distracted,MD,Sport Utility Vehicle,Slowing or Stopping,0,No,2024,HONDA,CR-V,39.11542904,-77.23197906,2025,9,7
250040222,Property Damage Crash,09/08/2025 07:45:00 AM,NA,NA,"Sideswipe, Same Direction",Clear,Dry,Daylight,Lane Use Control Signal,NONE DETECTED,Yes,No Apparent Injury,Failed to Keep in Proper Lane,Unknown,MD,Sport Utility Vehicle,Changing Lanes,40,No,2021,SUBARU,OUTBACK,39.17899473,-77.26718789,2025,9,7
250040222,Property Damage Crash,09/08/2025 07:45:00 AM,NA,NA,"Sideswipe, Same Direction",Clear,Dry,Daylight,Traffic Control Signal,NONE DETECTED,No,No Apparent Injury,NA,Not Distracted,MD,Sport Utility Vehicle,Moving Constant Speed,40,No,2025,VOLKSWAGEN,ATLAS,39.17899473,-77.26718789,2025,9,7
250040222,Property Damage Crash,09/08/2025 07:45:00 AM,NA,NA,"Sideswipe, Same Direction",Clear,Dry,Daylight,Traffic Control Signal,NONE DETECTED,No,No Apparent Injury,NA,Not Distracted,MD,Passenger Car,Slowing or Stopping,40,No,2012,TOYOTA,CAMRY,39.17899473,-77.26718789,2025,9,7
250040215,Property Damage Crash,09/08/2025 06:43:00 AM,BLUE MOUNTAIN CT,NA,Other,Clear,Dry,Daylight,No Controls,NONE DETECTED,Yes,No Apparent Injury,Other Improper Action,Not Distracted,MD,Bus - School,Making U-Turn,15,No,2020,FREIGHTLINER,B2 BUS CHASSIS,39.11026333,-77.26245,2025,9,6
250040212,Property Damage Crash,09/08/2025 06:16:00 AM,GERMANTOWN RD (SB/L),NA,Single Vehicle,Clear,Dry,Medium,No Controls,NONE DETECTED,Yes,No Apparent Injury,Failed to Keep in Proper Lane,Not Distracted,MD,Passenger Car,Moving Constant Speed,40,No,2014,HONDA,CIVIC,39.18341472,-77.25684405,2025,9,6
250040211,Injury Crash,09/08/2025 05:30:00 AM,NA,NA,Angle,Clear,Dry,Medium,Flashing Traffic Control Signal,NONE DETECTED,Yes,No Apparent Injury,NA,Not Distracted,MD,Pickup,Moving Constant Speed,30,No,2017,FORD,F-250,39.14935926,-77.01237029,2025,9,5
250040211,Injury Crash,09/08/2025 05:30:00 AM,NA,NA,Angle,Clear,Dry,Medium,Flashing Traffic Control Signal,NONE DETECTED,No,Possible Minor Injury,NA,Not Distracted,MD,Passenger Car,Entering Traffic Lane,30,No,2020,HONDA,CIVIC,39.14935926,-77.01237029,2025,9,5
250040190,Property Damage Crash,09/07/2025 08:34:00 PM,N SUMMIT AVE,NA,"Sideswipe, Same Direction",Clear,Dry,Medium,No Controls,NONE DETECTED,No,No Apparent Injury,NA,Not Distracted,MD,Passenger Car,Moving Constant Speed,25,No,2022,TOYOTA,COROLLA,39.14416549,-77.19284942,2025,9,20
250040190,Property Damage Crash,09/07/2025 08:34:00 PM,N SUMMIT AVE,NA,"Sideswipe, Same Direction",Clear,Dry,Medium,No Controls,ALCOHOL PRESENT,Yes,No Apparent Injury,"Disregarded Other Road Markings, Failed to Keep in Proper Lane, Improper Passing, Operated Motor Vehicle in Inattentive, Careless, Negligent, or Erratic Manner, Operated Motor Vehicle in Reckless or Aggressive Manner, Wrong Side, Wrong Way",Unknown,NA,Passenger Car,Overtaking/Passing,25,No,2025,TOYOTA,TACOMA,39.14416549,-77.19284942,2025,9,20
250040178,Injury Crash,09/07/2025 07:22:00 PM,MUDDY BRANCH RD (SB/L),NA,Front to Rear,Clear,Dry,Daylight,Traffic Control Signal,NONE DETECTED,No,Possible Minor Injury,NA,Not Distracted,MD,Passenger Car,Stopped in Traffic,35,No,2004,TOYOTA,CAMRY,39.12767466,-77.20960818,2025,9,19
250040178,Injury Crash,09/07/2025 07:22:00 PM,MUDDY BRANCH RD (SB/L),NA,Front to Rear,Clear,Dry,Daylight,Traffic Control Signal,NONE DETECTED,No,NA,NA,NA,NA,Passenger Car,Slowing or Stopping,35,No,2011,HYUNDAI,SANTA FE,39.12767466,-77.20960818,2025,9,19
250040171,Injury Crash,09/07/2025 06:53:00 PM,CHESTERTOWN ST,Pedestrian,Single Vehicle,Clear,Dry,Daylight,No Controls,NONE DETECTED,No,No Apparent Injury,NA,Unknown,MD,Passenger Car,Moving Constant Speed,25,No,2006,VOLVO,V70,39.12309412,-77.24126533,2025,9,18
250040165,Property Damage Crash,09/07/2025 05:24:00 PM,NA,NA,Other,Clear,Dry,Daylight,No Controls,NONE DETECTED,No,No Apparent Injury,NA,Not Distracted,MD,Passenger Car,Slowing or Stopping,30,No,2017,VOLKSWAGEN,GOLF GTI,39.0268175,-77.146512,2025,9,17
250040165,Property Damage Crash,09/07/2025 05:24:00 PM,NA,NA,Other,Clear,Dry,Daylight,No Controls,NONE DETECTED,Yes,No Apparent Injury,NA,Unknown,MD,Passenger Car,Accelerating,30,No,2010,INFINITI,G37,39.0268175,-77.146512,2025,9,17