Local Case Number,ACRS Report Type,Crash Date/Time,Road Name,Related Non-Motorist,Collision Type,Weather,Surface Condition,Light,Traffic Control,Driver Substance Abuse,Driver At Fault,Injury Severity,Circumstance,Driver Distracted By,Drivers License State,Vehicle Body Type,Vehicle Movement,Speed Limit,Driverless Vehicle,Vehicle Year,Vehicle Make,Vehicle Model,Latitude,Longitude,Year,Month,Hour
250039883,Property Damage Crash,09/05/2025 04:17:00 PM,SEVEN LOCKS RD,NA,"Sideswipe, Same Direction",Clear,Dry,Daylight,Traffic Control Signal,NONE DETECTED,No,No Apparent Injury,NA,Not Distracted,MD,Sport Utility Vehicle,Stopped in Traffic,35,No,2015,TOYOTA,RAV4,39.02272673,-77.16225982,2025,9,16
250039883,Property Damage Crash,09/05/2025 04:17:00 PM,SEVEN LOCKS RD,NA,"Sideswipe, Same Direction",Clear,Dry,Daylight,Traffic Control Signal,NONE DETECTED,Yes,No Apparent Injury,NA,Unknown,MD,Sport Utility Vehicle,Moving Constant Speed,35,No,2010,VOLVO,XC60,39.02272673,-77.16225982,2025,9,16
250039857,Property Damage Crash,09/05/2025 04:02:00 PM,ROCKVILLE PIKE,NA,Front to Rear,Clear,Dry,Daylight,Traffic Control Signal,NONE DETECTED,Yes,No Apparent Injury,Followed Too Closely,"Other Action (looking away from task, etc.)",MD,Sport Utility Vehicle,Moving Constant Speed,35,No,2016,MERCEDES-BENZ,GLE-CLASS,39.08076313,-77.1445524,2025,9,16
250039857,Property Damage Crash,09/05/2025 04:02:00 PM,ROCKVILLE PIKE,NA,Front to Rear,Clear,Dry,Daylight,Traffic Control Signal,NONE DETECTED,No,No Apparent Injury,NA,Not Distracted,MD,Sport Utility Vehicle,Slowing or Stopping,35,No,2019,LAND ROVER,RANGE ROVER,39.08076313,-77.1445524,2025,9,16
250039857,Property Damage Crash,09/05/2025 04:02:00 PM,ROCKVILLE PIKE,NA,Front to Rear,Clear,Dry,Daylight,Traffic Control Signal,NONE DETECTED,No,No Apparent Injury,NA,Not Distracted,MD,Sport Utility Vehicle,Stopped in Traffic,35,No,2024,NISSAN,PATHFINDER,39.08076313,-77.1445524,2025,9,16
250035858,Property Damage Crash,09/05/2025 03:54:00 PM,SIESTA KEY WAY,NA,"Sideswipe, Same Direction",Clear,Dry,Daylight,No Controls,NONE DETECTED,Yes,No Apparent Injury,"Failed to Yield Right-of-Way, Improper Turn",Unknown,MD,Passenger Car,Turning Right,40,No,2014,VOLKSWAGEN,PASSAT,39.105196,-77.19476133,2025,9,15
250035858,Property Damage Crash,09/05/2025 03:54:00 PM,SIESTA KEY WAY,NA,"Sideswipe, Same Direction",Clear,Dry,Daylight,No Controls,NONE DETECTED,No,No Apparent Injury,NA,Not Distracted,MD,Passenger Car,Turning Right,40,No,2017,LEXUS,RX,39.105196,-77.19476133,2025,9,15
250039859,Property Damage Crash,09/05/2025 03:52:00 PM,RIDGE RD,NA,Front to Rear,Cloudy,Dry,Daylight,No Controls,NONE DETECTED,Yes,No Apparent Injury,"Failed to Keep in Proper Lane, Followed Too Closely, Operated Motor Vehicle in Inattentive, Careless, Negligent, or Erratic Manner, Operated Motor Vehicle in Reckless or Aggressive Manner, Too Fast For Conditions",Unknown,MD,Passenger Car,NA,30,No,2004,HONDA,ACCORD,39.27941617,-77.21189,2025,9,15
250039859,Property Damage Crash,09/05/2025 03:52:00 PM,RIDGE RD,NA,Front to Rear,Cloudy,Dry,Daylight,No Controls,NONE DETECTED,No,No Apparent Injury,NA,Not Distracted,MD,Sport Utility Vehicle,Slowing or Stopping,30,No,2024,FORD,ESCAPE,39.27941617,-77.21189,2025,9,15
250039851,Injury Crash,09/05/2025 03:45:00 PM,NA,NA,Front to Front,Clear,NA,Daylight,NA,NONE DETECTED,No,Possible Minor Injury,NA,Not Distracted,MD,Passenger Car,Entering Traffic Lane,0,No,2001,CHRYSLER,PT CRUISER,38.991341,-77.01343817,2025,9,15
250039850,Injury Crash,09/05/2025 03:32:00 PM,NA,Pedestrian,Single Vehicle,Clear,NA,Daylight,NA,NONE DETECTED,No,No Apparent Injury,NA,Unknown,MD,Passenger Car,Accelerating,0,No,2015,NISSAN,ALTIMA,39.11883892,-77.21382815,2025,9,15
250039846,Property Damage Crash,09/05/2025 03:30:00 PM,MUNCASTER MILL RD,NA,Angle,Clear,Dry,Daylight,Traffic Control Signal,NONE DETECTED,No,No Apparent Injury,Failed to Yield Right-of-Way,Not Distracted,MD,Passenger Car,Entering Traffic Lane,35,No,2011,FORD,FOCUS,39.14606672,-77.14510744,2025,9,15
250039846,Property Damage Crash,09/05/2025 03:30:00 PM,MUNCASTER MILL RD,NA,Angle,Clear,Dry,Daylight,Traffic Control Signal,NONE DETECTED,No,No Apparent Injury,NA,Unknown,MD,Passenger Car,Moving Constant Speed,35,No,2014,JEEP,COMPASS,39.14606672,-77.14510744,2025,9,15
250039847,Property Damage Crash,09/05/2025 03:17:00 PM,GLENBROOK RD,NA,Single Vehicle,Clear,Dry,Daylight,No Controls,NONE DETECTED,Yes,No Apparent Injury,NA,Not Distracted,MD,Bus - School,Moving Constant Speed,25,No,2024,FREIGHTLINER,B2 106 ELECTRIC CONVENTIONAL CHASSIS,38.98821712,-77.10584504,2025,9,15
250039848,Injury Crash,09/05/2025 03:15:00 PM,STEDWICK RD,NA,Single Vehicle,Clear,Dry,Daylight,No Controls,NONE DETECTED,No,Suspected Serious Injury,"Swerved or Avoided Due to Wind, Slippery Surface, Motor Vehicle, Object, Non-Motorist in Roadway, etc",Unknown,MD,Motorcycle - 2 Wheeled,NA,25,No,2007,HARLEY-DAVIDSON,ROAD KING,39.17446542,-77.21257893,2025,9,15
250039839,Property Damage Crash,09/05/2025 02:40:00 PM,DUBLIN DR,NA,"Sideswipe, Same Direction",Clear,Dry,Daylight,No Controls,NONE DETECTED,No,NA,NA,NA,NA,NA,Moving Constant Speed,25,No,0,NA,NA,39.02238883,-77.03565383,2025,9,14
250039831,Property Damage Crash,09/05/2025 02:14:00 PM,COLUMBIA PIKE,NA,Angle,Clear,Dry,Daylight,Traffic Control Signal,NONE DETECTED,Yes,No Apparent Injury,NA,Unknown,MD,Passenger Car,Moving Constant Speed,35,No,2007,NISSAN,ALTIMA,39.04650534,-76.98691985,2025,9,14
250039831,Property Damage Crash,09/05/2025 02:14:00 PM,COLUMBIA PIKE,NA,Angle,Clear,Dry,Daylight,Lane Use Control Signal,NONE DETECTED,Yes,No Apparent Injury,NA,Unknown,MD,Passenger Car,Turning Left,30,No,2006,TOYOTA,TACOMA,39.04650534,-76.98691985,2025,9,14
250039833,Injury Crash,09/05/2025 02:06:00 PM,WOODMONT AVE,NA,"Sideswipe, Same Direction",Clear,Dry,Daylight,No Controls,NONE DETECTED,Yes,Possible Minor Injury,NA,Not Distracted,MD,Passenger Car,Entering Traffic Lane,15,No,2015,CHRYSLER,200,38.98153883,-77.09569933,2025,9,14
250039833,Injury Crash,09/05/2025 02:06:00 PM,WOODMONT AVE,NA,"Sideswipe, Same Direction",Clear,Dry,Daylight,No Controls,NONE DETECTED,No,Possible Minor Injury,NA,Not Distracted,MD,Motorcycle - 2 Wheeled,Slowing or Stopping,15,No,2025,ZHILONG,UNKNOWN,38.98153883,-77.09569933,2025,9,14
250039833,Injury Crash,09/05/2025 02:06:00 PM,WOODMONT AVE,NA,"Sideswipe, Same Direction",Clear,Dry,Daylight,No Controls,NONE DETECTED,No,No Apparent Injury,NA,Not Distracted,MD,Sport Utility Vehicle,Slowing or Stopping,15,No,2004,MERCEDES-BENZ,M-CLASS,38.98153883,-77.09569933,2025,9,14
250039813,Property Damage Crash,09/05/2025 12:46:00 PM,EAST WEST HWY,NA,"Sideswipe, Same Direction",Clear,Dry,Daylight,No Controls,NONE DETECTED,No,No Apparent Injury,NA,Not Distracted,MD,Van - Cargo,Parked,25,No,2018,RAM,PROMASTER 2500,38.9943741,-77.034257,2025,9,12
250039813,Property Damage Crash,09/05/2025 12:46:00 PM,EAST WEST HWY,NA,"Sideswipe, Same Direction",Clear,Dry,Daylight,No Controls,NONE DETECTED,No,No Apparent Injury,Failed to Keep in Proper Lane,Not Distracted,MD,Bus - Transit,Moving Constant Speed,25,No,2011,GILLIG,LOW FLOOR BUS,38.9943741,-77.034257,2025,9,12
250039812,Injury Crash,09/05/2025 12:44:00 PM,WORTH AVE,NA,Front to Rear,Clear,Dry,Daylight,Stop Sign,NONE DETECTED,No,NA,NA,NA,NA,NA,NA,25,No,0,NA,NA,39.00840994,-77.01692702,2025,9,12
250039812,Injury Crash,09/05/2025 12:44:00 PM,WORTH AVE,NA,Front to Rear,Clear,Dry,Daylight,Stop Sign,NONE DETECTED,No,Possible Minor Injury,NA,Not Distracted,MD,Passenger Car,Stopped in Traffic,25,No,2014,CHEVROLET,CRUZE,39.00840994,-77.01692702,2025,9,12
250039795,Injury Crash,09/05/2025 12:00:00 PM,NA,NA,Angle,Clear,Dry,Daylight,Stop Sign,NONE DETECTED,Yes,No Apparent Injury,Ran Stop Sign,Not Distracted,MD,Passenger Car,Moving Constant Speed,35,No,2018,NISSAN,ROGUE SPORT,39.17601167,-77.20980167,2025,9,12
250039795,Injury Crash,09/05/2025 12:00:00 PM,NA,NA,Angle,Clear,Dry,Daylight,Stop Sign,NONE DETECTED,No,Possible Minor Injury,NA,Not Distracted,MD,Passenger Car,Turning Left,35,No,2020,JEEP,GRAND CHEROKEE,39.17601167,-77.20980167,2025,9,12
250039790,Property Damage Crash,09/05/2025 11:50:00 AM,PINEY BRANCH RD,NA,"Sideswipe, Same Direction",Clear,Dry,Daylight,Traffic Control Signal,NONE DETECTED,No,No Apparent Injury,NA,Not Distracted,PA,Truck Tractor,Moving Constant Speed,30,No,2025,PETERBILT,579,38.99952967,-76.9954283,2025,9,11
250039790,Property Damage Crash,09/05/2025 11:50:00 AM,PINEY BRANCH RD,NA,"Sideswipe, Same Direction",Clear,Dry,Daylight,Traffic Control Signal,NONE DETECTED,Yes,No Apparent Injury,Failed to Keep in Proper Lane,Unknown,MD,Passenger Car,Moving Constant Speed,30,No,2022,TOYOTA,CAMRY,38.99952967,-76.9954283,2025,9,11
250039792,Property Damage Crash,09/05/2025 11:45:00 AM,GERMANTOWN RD,NA,Angle,Clear,Dry,Daylight,No Controls,NONE DETECTED,No,No Apparent Injury,NA,Not Distracted,MD,Sport Utility Vehicle,Moving Constant Speed,45,No,2013,ACURA,RDX,39.1921376,-77.24248179,2025,9,11
250039792,Property Damage Crash,09/05/2025 11:45:00 AM,GERMANTOWN RD,NA,Angle,Clear,Dry,Daylight,Traffic Control Signal,NONE DETECTED,No,No Apparent Injury,NA,Not Distracted,MD,Passenger Car,Moving Constant Speed,45,No,2014,HONDA,ACCORD,39.1921376,-77.24248179,2025,9,11
250039792,Property Damage Crash,09/05/2025 11:45:00 AM,GERMANTOWN RD,NA,Angle,Clear,Dry,Daylight,Traffic Control Signal,NONE DETECTED,Yes,No Apparent Injury,Ran Red Light,Not Distracted,MD,Passenger Car,Moving Constant Speed,45,No,2017,NISSAN,VERSA,39.1921376,-77.24248179,2025,9,11
250039789,Injury Crash,09/05/2025 11:40:00 AM,NA,Pedestrian,Unknown,Clear,NA,Daylight,NA,NONE DETECTED,No,NA,NA,NA,NA,Passenger Car,Entering Traffic Lane,0,No,2014,TOYOTA,TACOMA,39.03179533,-77.00402059,2025,9,11
250039796,Property Damage Crash,09/05/2025 11:10:00 AM,NA,NA,Other,Clear,NA,Daylight,NA,NONE DETECTED,No,NA,NA,NA,NA,Sport Utility Vehicle,Slowing or Stopping,0,No,2017,ACURA,RDX,39.08033025,-77.21638056,2025,9,11
250039780,Injury Crash,09/05/2025 10:31:00 AM,ROCKVILLE PIKE (SB/L),NA,"Sideswipe, Same Direction",Clear,Dry,Daylight,No Controls,NONE DETECTED,Yes,No Apparent Injury,Improper Turn,Unknown,MD,Sport Utility Vehicle,Turning Right,35,No,2009,TOYOTA,RAV4,39.06109716,-77.12352388,2025,9,10
250039780,Injury Crash,09/05/2025 10:31:00 AM,ROCKVILLE PIKE (SB/L),NA,"Sideswipe, Same Direction",Clear,Dry,Daylight,No Controls,NONE DETECTED,No,No Apparent Injury,NA,Not Distracted,MD,Bus - Transit,Accelerating,35,No,2019,GILLIG,CITY TRANSIT BUS,39.06109716,-77.12352388,2025,9,10
250039776,Property Damage Crash,09/05/2025 10:16:00 AM,FREDERICK RD,NA,Single Vehicle,Clear,Dry,Daylight,Traffic Control Signal,NONE DETECTED,Yes,No Apparent Injury,"Swerved or Avoided Due to Wind, Slippery Surface, Motor Vehicle, Object, Non-Motorist in Roadway, etc",Unknown,MD,Passenger Car,Moving Constant Speed,40,No,2007,TOYOTA,COROLLA,39.17842197,-77.23840127,2025,9,10
250039775,Property Damage Crash,09/05/2025 09:57:00 AM,REDLAND RD,NA,"Sideswipe, Same Direction",Clear,Dry,Daylight,No Controls,NONE DETECTED,No,No Apparent Injury,NA,Not Distracted,MD,Passenger Car,Moving Constant Speed,35,No,2015,DODGE,GRAND CARAVAN,39.11649102,-77.16519367,2025,9,9
250039775,Property Damage Crash,09/05/2025 09:57:00 AM,REDLAND RD,NA,"Sideswipe, Same Direction",Clear,Dry,Daylight,No Controls,NONE DETECTED,No,No Apparent Injury,NA,Not Distracted,PA,Other Trucks,Changing Lanes,35,No,2019,PETERBILT,389,39.11649102,-77.16519367,2025,9,9
250039778,Injury Crash,09/05/2025 09:15:00 AM,PIERCE DR,Pedestrian,Single Vehicle,Clear,Dry,Daylight,Traffic Control Signal,NONE DETECTED,No,NA,NA,NA,NA,Passenger Car,Turning Right,25,No,2016,NISSAN,QUEST,39.02012244,-77.01058555,2025,9,9
250039782,Property Damage Crash,09/05/2025 09:09:00 AM,BURNT HILL RD,NA,Single Vehicle,Clear,Dry,Daylight,No Controls,NONE DETECTED,No,No Apparent Injury,NA,Not Distracted,MD,Pickup,Slowing or Stopping,25,No,2018,TOYOTA,TACOMA,39.27477667,-77.25088,2025,9,9
250039759,Property Damage Crash,09/05/2025 08:37:00 AM,POOKS HILL RD,NA,"Sideswipe, Same Direction",Clear,Dry,Daylight,No Controls,NONE DETECTED,No,No Apparent Injury,NA,Not Distracted,MD,Other,Stopped in Traffic,25,No,2018,FREIGHTLINER,M2,39.01503783,-77.10079,2025,9,8
250039759,Property Damage Crash,09/05/2025 08:37:00 AM,POOKS HILL RD,NA,"Sideswipe, Same Direction",Clear,Dry,Daylight,No Controls,NONE DETECTED,Yes,No Apparent Injury,NA,Not Distracted,MD,Van - Passenger (&lt;9 Seats),Moving Constant Speed,25,No,2019,HONDA,ODYSSEY,39.01503783,-77.10079,2025,9,8
250039763,Injury Crash,09/05/2025 08:26:00 AM,POOKS HILL RD,NA,Single Vehicle,Clear,Dry,Daylight,No Controls,NONE DETECTED,Yes,Possible Minor Injury,Ran Off Roadway,Not Distracted,MD,Passenger Car,Turning Right,25,No,2024,MAZDA,CX-5,39.01492267,-77.10071483,2025,9,8
250039757,Property Damage Crash,09/05/2025 07:57:00 AM,ASTER BLVD,NA,"Sideswipe, Same Direction",Clear,Dry,Daylight,Stop Sign,NONE DETECTED,No,No Apparent Injury,NA,Not Distracted,MD,Bus - School,Slowing or Stopping,25,No,2014,THOMAS BUILT,HDX,39.10042254,-77.17450753,2025,9,7
250039749,Property Damage Crash,09/05/2025 06:50:00 AM,FREDERICK RD (SB/L),NA,Angle,Cloudy,Dry,Daylight,No Controls,NONE DETECTED,Yes,No Apparent Injury,Failed to Yield Right-of-Way,Unknown,MD,Passenger Car,Making U-Turn,40,No,2009,NISSAN,VERSA,39.1648189,-77.22746769,2025,9,6
250039749,Property Damage Crash,09/05/2025 06:50:00 AM,FREDERICK RD (SB/L),NA,Angle,Cloudy,Dry,Daylight,No Controls,NONE DETECTED,No,No Apparent Injury,NA,Unknown,MD,Passenger Car,Moving Constant Speed,40,No,2012,HONDA,CIVIC,39.1648189,-77.22746769,2025,9,6
250039754,Property Damage Crash,09/05/2025 06:45:00 AM,TUCKERMAN LA (EB/L),NA,"Sideswipe, Same Direction",Clear,Dry,Daylight,Traffic Control Signal,NONE DETECTED,Yes,NA,NA,NA,NA,NA,Turning Left,35,No,0,NA,NA,39.03455924,-77.12519188,2025,9,6
250039754,Property Damage Crash,09/05/2025 06:45:00 AM,TUCKERMAN LA (EB/L),NA,"Sideswipe, Same Direction",Clear,Dry,Daylight,Traffic Control Signal,NONE DETECTED,No,No Apparent Injury,NA,Not Distracted,MD,Bus - School,Stopped in Traffic,35,No,2016,THOMAS BUILT,HDX,39.03455924,-77.12519188,2025,9,6
250039747,Injury Crash,09/05/2025 06:04:00 AM,SNOUFFERS SCHOOL RD,NA,Angle,Clear,Dry,Medium,Traffic Control Signal,NONE DETECTED,No,Possible Minor Injury,NA,Unknown,MD,Passenger Car,Moving Constant Speed,40,No,2019,GMC,SAVANA,39.18297542,-77.18227388,2025,9,6
250039747,Injury Crash,09/05/2025 06:04:00 AM,SNOUFFERS SCHOOL RD,NA,Angle,Clear,Dry,Medium,Traffic Control Signal,NONE DETECTED,Yes,Possible Minor Injury,"Failed to Yield Right-of-Way, Ran Red Light",Unknown,MD,Passenger Car,Accelerating,40,No,2025,HONDA,HR-V,39.18297542,-77.18227388,2025,9,6
250039748,Injury Crash,09/05/2025 05:53:00 AM,NA,NA,Front to Rear,Clear,Dry,Medium,Stop Sign,NONE DETECTED,No,Possible Minor Injury,NA,Not Distracted,MD,Sport Utility Vehicle,Turning Left,40,No,2019,MAZDA,CX-9,39.15964257,-77.28430979,2025,9,5
250039748,Injury Crash,09/05/2025 05:53:00 AM,NA,NA,Front to Rear,Clear,Dry,Medium,Stop Sign,NONE DETECTED,Yes,No Apparent Injury,Too Fast For Conditions,Not Distracted,MD,Passenger Car,Moving Constant Speed,40,No,2017,TESLA,MODEL X,39.15964257,-77.28430979,2025,9,5
250039744,Injury Crash,09/05/2025 05:21:00 AM,ROCKLEDGE DR,NA,Rear To Side,Clear,Dry,Medium,Flashing Traffic Control Signal,NONE DETECTED,Yes,Possible Minor Injury,NA,Not Distracted,MD,Passenger Car,Moving Constant Speed,30,No,2024,TOYOTA,RAV4,39.02697437,-77.13239445,2025,9,5
250039744,Injury Crash,09/05/2025 05:21:00 AM,ROCKLEDGE DR,NA,Rear To Side,Clear,Dry,Medium,Flashing Traffic Control Signal,NONE DETECTED,No,No Apparent Injury,NA,Not Distracted,MD,Passenger Car,Moving Constant Speed,30,No,2018,DODGE,DURANGO,39.02697437,-77.13239445,2025,9,5
250039731,Property Damage Crash,09/04/2025 11:57:00 PM,PINEY MEETINGHOUSE RD,NA,Single Vehicle,Clear,Dry,Dark,No Controls,NONE DETECTED,No,No Apparent Injury,NA,Not Distracted,VA,Sport Utility Vehicle,Moving Constant Speed,30,No,2023,CHEVROLET,SUBURBAN,39.04131423,-77.23383423,2025,9,23
250039730,Injury Crash,09/04/2025 10:57:00 PM,AIRCRAFT DR,NA,Angle,Clear,Dry,Medium,Traffic Control Signal,NONE DETECTED,No,No Apparent Injury,NA,Not Distracted,MD,Passenger Car,Moving Constant Speed,40,No,1999,TOYOTA,AVALON,39.18210514,-77.26025147,2025,9,22
250039730,Injury Crash,09/04/2025 10:57:00 PM,AIRCRAFT DR,NA,Angle,Clear,Dry,Medium,Traffic Control Signal,NONE DETECTED,No,No Apparent Injury,NA,Not Distracted,MD,Passenger Car,Stopped in Traffic,35,No,2012,HONDA,CIVIC,39.18210514,-77.26025147,2025,9,22
250039730,Injury Crash,09/04/2025 10:57:00 PM,AIRCRAFT DR,NA,Angle,Clear,Dry,Medium,Traffic Control Signal,NONE DETECTED,Yes,Possible Minor Injury,NA,Not Distracted,MD,Passenger Car,Turning Left,40,No,2016,MAZDA,MAZDA3,39.18210514,-77.26025147,2025,9,22
250039707,Property Damage Crash,09/04/2025 06:59:00 PM,W DIAMOND AVE,NA,Front to Front,Clear,Wet,Medium,No Controls,NONE DETECTED,No,No Apparent Injury,NA,Not Distracted,MD,Passenger Car,Moving Constant Speed,25,No,2000,HONDA,S2000,39.14078683,-77.20194933,2025,9,18
250039707,Property Damage Crash,09/04/2025 06:59:00 PM,W DIAMOND AVE,NA,Front to Front,Clear,Wet,Medium,No Controls,NONE DETECTED,Yes,No Apparent Injury,NA,Not Distracted,MD,Passenger Car,Turning Left,25,No,2018,CHEVROLET,EQUINOX,39.14078683,-77.20194933,2025,9,18
250039705,Injury Crash,09/04/2025 06:41:00 PM,NA,NA,Angle,Clear,Dry,Daylight,Yield Sign,NONE DETECTED,Yes,Possible Minor Injury,Failed to Yield Right-of-Way,Unknown,MD,Sport Utility Vehicle,Entering Traffic Lane,35,No,2020,HONDA,CR-V,39.15620633,-77.2164355,2025,9,18
250039705,Injury Crash,09/04/2025 06:41:00 PM,NA,NA,Angle,Clear,Dry,Daylight,Yield Sign,NONE DETECTED,No,No Apparent Injury,NA,Not Distracted,MD,Passenger Car,Moving Constant Speed,35,No,2012,CHRYSLER,300,39.15620633,-77.2164355,2025,9,18
250039694,Property Damage Crash,09/04/2025 05:50:00 PM,NA,NA,Angle,Cloudy,Dry,Daylight,Stop Sign,NONE DETECTED,Yes,No Apparent Injury,NA,Unknown,MD,Passenger Car,Turning Left,25,No,2017,VOLKSWAGEN,JETTA,39.01041815,-77.09147324,2025,9,17
250039694,Property Damage Crash,09/04/2025 05:50:00 PM,NA,NA,Angle,Cloudy,Dry,Daylight,No Controls,NONE DETECTED,No,No Apparent Injury,NA,Unknown,MD,Passenger Car,Moving Constant Speed,30,No,2024,TOYOTA,GR COROLLA,39.01041815,-77.09147324,2025,9,17
250039696,Property Damage Crash,09/04/2025 05:44:00 PM,NA,NA,Single Vehicle,Clear,NA,Daylight,NA,NONE DETECTED,No,No Apparent Injury,Other Improper Action,Unknown,MD,Passenger Car,Accelerating,0,No,2025,BMW,X5,39.04446984,-77.10631788,2025,9,17
250039699,Property Damage Crash,09/04/2025 05:31:00 PM,REDLAND RD (NB/L),NA,"Sideswipe, Same Direction",Clear,Dry,Daylight,No Controls,NONE DETECTED,No,No Apparent Injury,Other Improper Action,Not Distracted,MD,Passenger Car,Changing Lanes,35,No,2008,HONDA,ACCORD,39.12282111,-77.1568503,2025,9,17
250039699,Property Damage Crash,09/04/2025 05:31:00 PM,REDLAND RD (NB/L),NA,"Sideswipe, Same Direction",Clear,Dry,Daylight,No Controls,NONE DETECTED,No,No Apparent Injury,NA,Not Distracted,MD,Passenger Car,Moving Constant Speed,35,No,2006,HONDA,RIDGELINE,39.12282111,-77.1568503,2025,9,17
250039690,Injury Crash,09/04/2025 05:21:00 PM,NA,NA,Front to Rear,Clear,Wet,Daylight,Pedestrian Crossing Sign,NONE DETECTED,Yes,Possible Minor Injury,Followed Too Closely,Unknown,MD,Passenger Car,Moving Constant Speed,35,No,2012,NISSAN,ALTIMA,39.13877222,-77.14381252,2025,9,17
250039690,Injury Crash,09/04/2025 05:21:00 PM,NA,NA,Front to Rear,Clear,Wet,Daylight,Pedestrian Crossing Sign,NONE DETECTED,No,No Apparent Injury,NA,Not Distracted,MD,Sport Utility Vehicle,Stopped in Traffic,35,No,2020,KIA,SORENTO,39.13877222,-77.14381252,2025,9,17
250039688,Property Damage Crash,09/04/2025 04:25:00 PM,NA,NA,"Sideswipe, Same Direction",Clear,Dry,Daylight,Traffic Control Signal,NONE DETECTED,No,NA,NA,NA,NA,Motorcycle - 2 Wheeled,Overtaking/Passing,35,No,2012,KTM,ENDURO TWO-STROKE,39.05142021,-77.11544403,2025,9,16
250039688,Property Damage Crash,09/04/2025 04:25:00 PM,NA,NA,"Sideswipe, Same Direction",Clear,Dry,Daylight,Traffic Control Signal,NONE DETECTED,No,No Apparent Injury,NA,Not Distracted,MD,Passenger Car,Stopped in Traffic,35,No,2023,MAZDA,MAZDA3,39.05142021,-77.11544403,2025,9,16
250039687,Injury Crash,09/04/2025 03:59:00 PM,FOREST GLEN RD,NA,Front to Rear,Clear,Dry,Daylight,Traffic Control Signal,NONE DETECTED,Yes,No Apparent Injury,NA,Not Distracted,MD,Passenger Car,Slowing or Stopping,30,No,2020,CHEVROLET,BOLT EV,39.01584598,-77.03687034,2025,9,15
250039687,Injury Crash,09/04/2025 03:59:00 PM,FOREST GLEN RD,NA,Front to Rear,Clear,Dry,Daylight,Traffic Control Signal,NONE DETECTED,No,Possible Minor Injury,NA,Not Distracted,MD,Passenger Car,Stopped in Traffic,30,No,2022,MERCEDES-BENZ,GLA-CLASS,39.01584598,-77.03687034,2025,9,15
250039675,Property Damage Crash,09/04/2025 03:04:00 PM,NEBEL ST,NA,"Sideswipe, Same Direction",Clear,Dry,Daylight,No Controls,NONE DETECTED,No,No Apparent Injury,NA,Not Distracted,PA,Bus - Other Type,Changing Lanes,25,No,2019,VAN HOOL,COMMUTER COACH,39.05299083,-77.11089441,2025,9,15
250039675,Property Damage Crash,09/04/2025 03:04:00 PM,NEBEL ST,NA,"Sideswipe, Same Direction",Clear,Dry,Daylight,No Controls,NONE DETECTED,No,No Apparent Injury,NA,Not Distracted,MD,Passenger Car,Changing Lanes,25,No,2025,BMW,X1,39.05299083,-77.11089441,2025,9,15
250039641,Property Damage Crash,09/04/2025 01:20:00 PM,MANNAKEE ST,NA,Angle,Clear,Dry,Daylight,Stop Sign,NONE DETECTED,No,No Apparent Injury,NA,Unknown,DC,Passenger Car,Moving Constant Speed,10,No,2022,HYUNDAI,KONA ELECTRIC,39.09604677,-77.15701919,2025,9,13
250039641,Property Damage Crash,09/04/2025 01:20:00 PM,MANNAKEE ST,NA,Angle,Clear,Dry,Daylight,Stop Sign,NONE DETECTED,Yes,No Apparent Injury,NA,Unknown,MD,Passenger Car,Moving Constant Speed,15,No,2013,VOLKSWAGEN,JETTA,39.09604677,-77.15701919,2025,9,13
250039654,Property Damage Crash,09/04/2025 01:11:00 PM,NA,NA,"Sideswipe, Opposite Direction",Clear,NA,Daylight,NA,NONE DETECTED,No,NA,NA,NA,NA,NA,Moving Constant Speed,0,No,0,NA,NA,39.12686212,-77.16530096,2025,9,13
250039654,Property Damage Crash,09/04/2025 01:11:00 PM,NA,NA,"Sideswipe, Opposite Direction",Clear,NA,Daylight,NA,NONE DETECTED,No,No Apparent Injury,NA,Not Distracted,MD,Bus - School,Moving Constant Speed,0,No,2020,THOMAS BUILT,HDX,39.12686212,-77.16530096,2025,9,13