Local Case Number,ACRS Report Type,Crash Date/Time,Road Name,Related Non-Motorist,Collision Type,Weather,Surface Condition,Light,Traffic Control,Driver Substance Abuse,Driver At Fault,Injury Severity,Circumstance,Driver Distracted By,Drivers License State,Vehicle Body Type,Vehicle Movement,Speed Limit,Driverless Vehicle,Vehicle Year,Vehicle Make,Vehicle Model,Latitude,Longitude,Year,Month,Hour
250039639,Property Damage Crash,09/04/2025 12:58:00 PM,NA,NA,Angle,Clear,Dry,Daylight,No Controls,NONE DETECTED,No,No Apparent Injury,Improper Turn,Not Distracted,MD,Passenger Car,Turning Left,35,No,2025,BMW,430I,39.09949722,-77.21213867,2025,9,12
250039639,Property Damage Crash,09/04/2025 12:58:00 PM,NA,NA,Angle,Clear,Dry,Daylight,No Controls,NONE DETECTED,No,No Apparent Injury,NA,Not Distracted,MD,Passenger Car,Moving Constant Speed,35,No,2019,CHEVROLET,TAHOE,39.09949722,-77.21213867,2025,9,12
250262413,Injury Crash,09/04/2025 12:33:00 PM,DALE DR,NA,Rear To Side,Clear,Dry,Daylight,Traffic Control Signal,NONE DETECTED,Yes,No Apparent Injury,NA,Unknown,MD,Passenger Car,Backing,30,No,2012,HONDA,ACCORD,38.998736890000004,-77.01742615,2025,9,12
250262413,Injury Crash,09/04/2025 12:33:00 PM,DALE DR,NA,Rear To Side,Clear,Dry,Daylight,Traffic Control Signal,NONE DETECTED,No,Possible Minor Injury,NA,Not Distracted,MD,Passenger Car,Stopped in Traffic,30,No,2016,TOYOTA,COROLLA,38.998736890000004,-77.01742615,2025,9,12
250039630,Property Damage Crash,09/04/2025 12:08:00 PM,GLENSIDE DR,NA,Front to Rear,Clear,Dry,Daylight,Other,NONE DETECTED,No,NA,NA,NA,NA,Passenger Car,Moving Constant Speed,20,No,2017,TOYOTA,COROLLA,38.98621316,-76.99294176,2025,9,12
250039630,Property Damage Crash,09/04/2025 12:08:00 PM,GLENSIDE DR,NA,Front to Rear,Clear,Dry,Daylight,Other,NONE DETECTED,No,No Apparent Injury,NA,Not Distracted,MD,Passenger Car,Parked,20,No,2023,TESLA,MODEL Y,38.98621316,-76.99294176,2025,9,12
250039599,Property Damage Crash,09/04/2025 09:48:00 AM,NA,NA,"Sideswipe, Opposite Direction",Clear,NA,Daylight,NA,NONE DETECTED,No,No Apparent Injury,NA,Not Distracted,MD,Passenger Car,Moving Constant Speed,0,No,2017,FORD,TAURUS,39.153548,-77.05566751,2025,9,9
250039599,Property Damage Crash,09/04/2025 09:48:00 AM,NA,NA,"Sideswipe, Opposite Direction",Clear,NA,Daylight,NA,NONE DETECTED,Yes,No Apparent Injury,NA,Not Distracted,MD,Passenger Car,Turning Left,0,No,2005,LEXUS,ES,39.153548,-77.05566751,2025,9,9
250040127,Property Damage Crash,09/04/2025 09:45:00 AM,NA,NA,Angle,Clear,NA,Daylight,NA,NONE DETECTED,No,No Apparent Injury,NA,Not Distracted,MD,Passenger Car,Stopped in Traffic,0,No,2021,SUBARU,FORESTER,39.04084411,-76.9901212,2025,9,9
250040127,Property Damage Crash,09/04/2025 09:45:00 AM,NA,NA,Angle,Clear,NA,Daylight,NA,NONE DETECTED,Yes,No Apparent Injury,NA,Not Distracted,MD,Passenger Car,Overtaking/Passing,0,No,2004,TOYOTA,SEQUOIA,39.04084411,-76.9901212,2025,9,9
250039592,Property Damage Crash,09/04/2025 09:20:00 AM,GREENLY ST,NA,Angle,Clear,Dry,Daylight,No Controls,NONE DETECTED,Yes,No Apparent Injury,Failed to Yield Right-of-Way,Unknown,NA,Passenger Car,Making U-Turn,25,No,1994,TOYOTA,CAMRY,39.06122917,-77.07429167,2025,9,9
250039592,Property Damage Crash,09/04/2025 09:20:00 AM,GREENLY ST,NA,Angle,Clear,Dry,Daylight,No Controls,NONE DETECTED,No,No Apparent Injury,NA,Not Distracted,MD,Passenger Car,Moving Constant Speed,25,No,2024,KIA,SPORTAGE,39.06122917,-77.07429167,2025,9,9
250039590,Property Damage Crash,09/04/2025 08:45:00 AM,NA,NA,Rear To Rear,Clear,Dry,Daylight,No Controls,NONE DETECTED,No,No Apparent Injury,NA,Not Distracted,MD,Passenger Car,Slowing or Stopping,35,No,2001,FORD,RANGER,39.11405899,-77.05541116,2025,9,8
250039590,Property Damage Crash,09/04/2025 08:45:00 AM,NA,NA,Rear To Rear,Clear,Dry,Daylight,No Controls,NONE DETECTED,No,No Apparent Injury,NA,Not Distracted,MD,Passenger Car,Moving Constant Speed,35,No,2007,HONDA,CIVIC,39.11405899,-77.05541116,2025,9,8
250039591,Property Damage Crash,09/04/2025 08:31:00 AM,NA,NA,Front to Rear,Clear,Dry,Daylight,No Controls,NONE DETECTED,No,No Apparent Injury,NA,Not Distracted,MD,Passenger Car,Accelerating,35,No,2005,FORD,RANGER,38.97549119,-76.99211463,2025,9,8
250039591,Property Damage Crash,09/04/2025 08:31:00 AM,NA,NA,Front to Rear,Clear,Dry,Daylight,No Controls,NONE DETECTED,No,NA,NA,NA,NA,Passenger Car,Accelerating,35,No,2024,TOYOTA,CAMRY,38.97549119,-76.99211463,2025,9,8
250039594,Injury Crash,09/04/2025 08:21:00 AM,FLOWER AVE,NA,Angle,Clear,Dry,Daylight,Traffic Control Signal,NONE DETECTED,Yes,No Apparent Injury,NA,Unknown,MD,Passenger Car,Turning Left,25,No,2009,HONDA,CIVIC,39.00155514,-77.00477297,2025,9,8
250039594,Injury Crash,09/04/2025 08:21:00 AM,FLOWER AVE,NA,Angle,Clear,Dry,Daylight,Traffic Control Signal,NONE DETECTED,No,Possible Minor Injury,NA,Not Distracted,MD,Passenger Car,Moving Constant Speed,25,No,2012,HONDA,CIVIC,39.00155514,-77.00477297,2025,9,8
250039588,Injury Crash,09/04/2025 07:52:00 AM,NA,Pedestrian,Single Vehicle,Clear,Dry,Daylight,Traffic Control Signal,NONE DETECTED,Yes,No Apparent Injury,NA,Unknown,MD,Passenger Car,Turning Right,25,No,2017,NISSAN,MURANO,39.03315271,-77.12136953,2025,9,7
250039587,Property Damage Crash,09/04/2025 07:43:00 AM,BLICK DR,NA,Single Vehicle,Clear,Dry,Daylight,No Controls,NONE DETECTED,Yes,No Apparent Injury,"Other Improper Action, Ran Off Roadway",Not Distracted,PA,Sport Utility Vehicle,Moving Constant Speed,10,No,2024,SUBARU,FORESTER,39.06036867,-77.001703,2025,9,7
250039584,Injury Crash,09/04/2025 06:19:00 AM,NA,NA,Front to Rear,Clear,Dry,Daylight,No Controls,NONE DETECTED,No,No Apparent Injury,NA,Not Distracted,MD,Passenger Car,Slowing or Stopping,40,No,2021,BMW,X3,39.15469659,-77.14224835,2025,9,6
250039584,Injury Crash,09/04/2025 06:19:00 AM,NA,NA,Front to Rear,Clear,Dry,Daylight,No Controls,NONE DETECTED,No,No Apparent Injury,NA,Not Distracted,MD,Passenger Car,Moving Constant Speed,40,No,2012,HONDA,CIVIC,39.15469659,-77.14224835,2025,9,6
250039582,Property Damage Crash,09/04/2025 05:40:00 AM,RAMP 5 FR MD 97 SB TO RP 4 (TO MD200 EB),NA,"Sideswipe, Opposite Direction",Clear,Dry,Medium,Traffic Control Signal,NONE DETECTED,Yes,No Apparent Injury,Failed to Yield Right-of-Way,Unknown,MD,Sport Utility Vehicle,Turning Left,30,No,2011,LEXUS,GX,39.11525771,-77.07508598,2025,9,5
250039582,Property Damage Crash,09/04/2025 05:40:00 AM,RAMP 5 FR MD 97 SB TO RP 4 (TO MD200 EB),NA,"Sideswipe, Opposite Direction",Clear,Dry,Medium,Traffic Control Signal,NONE DETECTED,No,No Apparent Injury,NA,Not Distracted,MD,Passenger Car,Moving Constant Speed,50,No,2012,FIAT,500,39.11525771,-77.07508598,2025,9,5
250039580,Injury Crash,09/04/2025 04:46:00 AM,GOLDSBORO RD (SB/L),NA,Angle,Clear,Dry,Medium,Flashing Traffic Control Signal,NONE DETECTED,No,Possible Minor Injury,NA,Not Distracted,MD,Passenger Car,Moving Constant Speed,35,No,2023,TOYOTA,CAMRY,38.97312688,-77.12202661,2025,9,4
250039580,Injury Crash,09/04/2025 04:46:00 AM,GOLDSBORO RD (SB/L),NA,Angle,Clear,Dry,Medium,Flashing Traffic Control Signal,NONE DETECTED,Yes,Possible Minor Injury,Failed to Yield Right-of-Way,Unknown,MD,Passenger Car,Moving Constant Speed,30,No,2011,VOLKSWAGEN,JETTA,38.97312688,-77.12202661,2025,9,4
250039563,Property Damage Crash,09/03/2025 11:22:00 PM,LORAIN AVE,NA,Single Vehicle,Clear,Dry,Medium,No Controls,NONE DETECTED,No,No Apparent Injury,NA,Unknown,MD,Passenger Car,Moving Constant Speed,40,No,2018,HONDA,ACCORD,39.0238734,-77.01091777,2025,9,23
250039558,Property Damage Crash,09/03/2025 10:30:00 PM,SMOKE HOUSE CT,NA,"Sideswipe, Opposite Direction",Clear,Dry,Medium,No Controls,NONE DETECTED,No,NA,NA,NA,NA,Passenger Car,Moving Constant Speed,15,No,2021,TOYOTA,CAMRY,39.15448854,-77.26734762,2025,9,22
250039558,Property Damage Crash,09/03/2025 10:30:00 PM,SMOKE HOUSE CT,NA,"Sideswipe, Opposite Direction",Clear,Dry,Medium,No Controls,NONE DETECTED,No,No Apparent Injury,NA,Unknown,MD,Passenger Car,Moving Constant Speed,15,No,2017,DODGE,GRAND CARAVAN,39.15448854,-77.26734762,2025,9,22
250039553,Property Damage Crash,09/03/2025 09:25:00 PM,ADELPHI RD (WB/L),NA,Front to Rear,Clear,Dry,Medium,No Controls,NONE DETECTED,No,No Apparent Injury,NA,Unknown,MD,Passenger Car,Moving Constant Speed,35,No,2024,HYUNDAI,TUCSON,39.01100051,-76.97717982,2025,9,21
250039553,Property Damage Crash,09/03/2025 09:25:00 PM,ADELPHI RD (WB/L),NA,Front to Rear,Clear,Dry,Medium,No Controls,NONE DETECTED,No,No Apparent Injury,NA,Unknown,MD,Passenger Car,Turning Right,35,No,2021,TOYOTA,RAV4,39.01100051,-76.97717982,2025,9,21
250039545,Injury Crash,09/03/2025 08:43:00 PM,NA,Cyclist (non-electric),Single Vehicle,Clear,NA,Medium,NA,NONE DETECTED,No,No Apparent Injury,NA,Not Distracted,MD,Passenger Car,Turning Right,0,No,2017,FORD,TRANSIT,39.05584913,-77.04983793,2025,9,20
250039548,Injury Crash,09/03/2025 08:20:00 PM,MIDDLEBROOK RD,NA,Front to Rear,Clear,Dry,Daylight,Traffic Control Signal,NONE DETECTED,No,Possible Minor Injury,NA,Not Distracted,MD,Passenger Car,Slowing or Stopping,45,No,2013,HONDA,ACCORD,39.17870247,-77.26735996,2025,9,20
250039548,Injury Crash,09/03/2025 08:20:00 PM,MIDDLEBROOK RD,NA,Front to Rear,Clear,Dry,Daylight,Traffic Control Signal,NONE DETECTED,Yes,No Apparent Injury,Followed Too Closely,"Other Action (looking away from task, etc.)",MD,Pickup,Slowing or Stopping,45,No,2008,FORD,F-150,39.17870247,-77.26735996,2025,9,20
250039548,Injury Crash,09/03/2025 08:20:00 PM,MIDDLEBROOK RD,NA,Front to Rear,Clear,Dry,Daylight,Traffic Control Signal,NONE DETECTED,No,No Apparent Injury,NA,Not Distracted,MD,Passenger Car,Stopped in Traffic,45,No,2019,SUBARU,WRX,39.17870247,-77.26735996,2025,9,20
250039543,Property Damage Crash,09/03/2025 07:50:00 PM,ODENDHAL AVE (EB/L),NA,Other,Clear,Dry,Medium,Traffic Control Signal,NONE DETECTED,No,No Apparent Injury,NA,Not Distracted,MD,Passenger Car,Moving Constant Speed,35,No,2024,TOYOTA,COROLLA,39.15062906,-77.20378438,2025,9,19
250039543,Property Damage Crash,09/03/2025 07:50:00 PM,ODENDHAL AVE (EB/L),NA,Other,Clear,Dry,Medium,Traffic Control Signal,ALCOHOL PRESENT,No,No Apparent Injury,Ran Red Light,Unknown,MD,Passenger Car,Moving Constant Speed,30,No,2005,ACURA,TL,39.15062906,-77.20378438,2025,9,19
250039539,Injury Crash,09/03/2025 07:20:00 PM,PERRY PKWY (SB/L),NA,"Sideswipe, Same Direction",Clear,Dry,Medium,Traffic Control Signal,NONE DETECTED,Yes,Possible Minor Injury,"Failed to Keep in Proper Lane, Failed to Yield Right-of-Way",Unknown,VA,Sport Utility Vehicle,Changing Lanes,35,No,2019,BMW,X3,39.1406385,-77.20972883,2025,9,19
250039539,Injury Crash,09/03/2025 07:20:00 PM,PERRY PKWY (SB/L),NA,"Sideswipe, Same Direction",Clear,Dry,Medium,Traffic Control Signal,NONE DETECTED,No,No Apparent Injury,NA,Not Distracted,MD,Sport Utility Vehicle,Moving Constant Speed,35,No,2022,HONDA,CR-V,39.1406385,-77.20972883,2025,9,19
250039526,Injury Crash,09/03/2025 06:40:00 PM,NA,NA,Front to Rear,Clear,Dry,Daylight,No Controls,NONE DETECTED,No,Possible Minor Injury,NA,Not Distracted,MD,Passenger Car,Moving Constant Speed,35,No,2023,BMW,340I,39.0169005,-77.160444,2025,9,18
250039526,Injury Crash,09/03/2025 06:40:00 PM,NA,NA,Front to Rear,Clear,Dry,Daylight,No Controls,NONE DETECTED,Yes,No Apparent Injury,NA,Unknown,MD,Passenger Car,Accelerating,35,No,2025,JEEP,WRANGLER,39.0169005,-77.160444,2025,9,18
250039528,Property Damage Crash,09/03/2025 06:32:00 PM,OLD GEORGETOWN RD,NA,Front to Rear,Clear,Dry,Daylight,Traffic Control Signal,NONE DETECTED,Yes,No Apparent Injury,NA,"Other Action (looking away from task, etc.)",MD,Sport Utility Vehicle,Accelerating,35,No,2012,HONDA,CR-V,38.99990117,-77.10948717,2025,9,18
250039528,Property Damage Crash,09/03/2025 06:32:00 PM,OLD GEORGETOWN RD,NA,Front to Rear,Clear,Dry,Daylight,Traffic Control Signal,NONE DETECTED,No,No Apparent Injury,NA,Unknown,MD,Sport Utility Vehicle,Stopped in Traffic,35,No,2018,SUBARU,FORESTER,38.99990117,-77.10948717,2025,9,18
250039518,Injury Crash,09/03/2025 05:38:00 PM,GEORGIA AVE (SB/L),NA,Front to Front,Clear,Dry,Daylight,No Controls,NONE DETECTED,No,Possible Minor Injury,NA,Not Distracted,MD,Passenger Car,Moving Constant Speed,35,No,2020,TOYOTA,COROLLA,39.18623274,-77.06392187,2025,9,17
250039518,Injury Crash,09/03/2025 05:38:00 PM,GEORGIA AVE (SB/L),NA,Front to Front,Clear,Dry,Daylight,No Controls,NONE DETECTED,Yes,Possible Minor Injury,Other Improper Action,Not Distracted,MD,Sport Utility Vehicle,Moving Constant Speed,35,No,2013,HONDA,PILOT,39.18623274,-77.06392187,2025,9,17
250039517,Injury Crash,09/03/2025 05:30:00 PM,BELL BLUFF RD,NA,Front to Front,Clear,Dry,Daylight,No Controls,NONE DETECTED,Yes,Possible Minor Injury,Failed to Yield Right-of-Way,Not Distracted,MD,Passenger Car,Turning Left,35,No,1997,BMW,Z3,39.199023,-77.20240183,2025,9,17
250039517,Injury Crash,09/03/2025 05:30:00 PM,BELL BLUFF RD,NA,Front to Front,Clear,Dry,Daylight,No Controls,NONE DETECTED,No,Possible Minor Injury,NA,Not Distracted,MD,Van - Passenger (&lt;9 Seats),Moving Constant Speed,35,No,2014,HONDA,ODYSSEY,39.199023,-77.20240183,2025,9,17
240039504,Property Damage Crash,09/03/2025 04:48:00 PM,NA,NA,Front to Rear,Clear,Dry,Daylight,Yield Sign,NONE DETECTED,Yes,No Apparent Injury,Followed Too Closely,Not Distracted,MD,Passenger Car,Turning Right,35,No,2014,INFINITI,Q50,39.07449965,-77.13540176,2025,9,16
240039504,Property Damage Crash,09/03/2025 04:48:00 PM,NA,NA,Front to Rear,Clear,Dry,Daylight,Yield Sign,NONE DETECTED,No,No Apparent Injury,NA,Not Distracted,DE,Passenger Car,Turning Right,35,No,2018,FORD,C-MAX,39.07449965,-77.13540176,2025,9,16
250039492,Property Damage Crash,09/03/2025 04:00:00 PM,COLUMBIA PIKE,NA,Front to Rear,Clear,Dry,Daylight,Traffic Control Signal,NONE DETECTED,No,No Apparent Injury,NA,Not Distracted,MD,Passenger Car,Slowing or Stopping,40,No,2017,KIA,SORENTO,39.03165264,-77.00422536,2025,9,16
250039492,Property Damage Crash,09/03/2025 04:00:00 PM,COLUMBIA PIKE,NA,Front to Rear,Clear,Dry,Daylight,Traffic Control Signal,NONE DETECTED,Yes,No Apparent Injury,NA,Unknown,MD,Pickup,Moving Constant Speed,40,No,2022,FORD,F-350,39.03165264,-77.00422536,2025,9,16
250039500,Property Damage Crash,09/03/2025 03:48:00 PM,E GUDE DR,NA,"Sideswipe, Same Direction",Clear,Dry,Daylight,No Controls,NONE DETECTED,No,No Apparent Injury,NA,Not Distracted,MD,Passenger Car,Moving Constant Speed,40,No,2018,NISSAN,ALTIMA,39.10634333,-77.14980307,2025,9,15
250039500,Property Damage Crash,09/03/2025 03:48:00 PM,E GUDE DR,NA,"Sideswipe, Same Direction",Clear,Dry,Daylight,No Controls,NONE DETECTED,Yes,No Apparent Injury,Failed to Keep in Proper Lane,Unknown,MD,Other Trucks,Changing Lanes,40,No,2017,WESTERN STAR,4900,39.10634333,-77.14980307,2025,9,15
250039495,Property Damage Crash,09/03/2025 03:40:00 PM,VEIRS MILL RD (WB/L),NA,Front to Rear,Clear,Dry,Daylight,No Controls,NONE DETECTED,No,No Apparent Injury,NA,Not Distracted,MD,Sport Utility Vehicle,Moving Constant Speed,40,No,2016,TOYOTA,RAV4,39.07217633,-77.1096805,2025,9,15
250039495,Property Damage Crash,09/03/2025 03:40:00 PM,VEIRS MILL RD (WB/L),NA,Front to Rear,Clear,Dry,Daylight,No Controls,NONE DETECTED,No,No Apparent Injury,NA,Unknown,MD,Passenger Car,Moving Constant Speed,40,No,2018,HONDA,CIVIC,39.07217633,-77.1096805,2025,9,15
250039495,Property Damage Crash,09/03/2025 03:40:00 PM,VEIRS MILL RD (WB/L),NA,Front to Rear,Clear,Dry,Daylight,No Controls,NONE DETECTED,No,No Apparent Injury,NA,Not Distracted,FL,Passenger Car,Slowing or Stopping,40,No,2023,TOYOTA,COROLLA,39.07217633,-77.1096805,2025,9,15
250039485,Property Damage Crash,09/03/2025 03:32:00 PM,BEL PRE RD,NA,Angle,Clear,Dry,Daylight,Traffic Control Signal,NONE DETECTED,Yes,No Apparent Injury,Failed to Yield Right-of-Way,Unknown,NA,Passenger Car,Turning Left,35,No,2003,TOYOTA,COROLLA,39.09318017,-77.07949533,2025,9,15
250039485,Property Damage Crash,09/03/2025 03:32:00 PM,BEL PRE RD,NA,Angle,Clear,Dry,Daylight,Traffic Control Signal,NONE DETECTED,No,No Apparent Injury,NA,Not Distracted,MD,Sport Utility Vehicle,Moving Constant Speed,35,No,2011,HYUNDAI,TUCSON,39.09318017,-77.07949533,2025,9,15
250039488,Property Damage Crash,09/03/2025 03:30:00 PM,FALLS RD,NA,Front to Rear,Clear,Dry,Daylight,No Controls,NONE DETECTED,No,No Apparent Injury,NA,Not Distracted,MD,Passenger Car,Stopped in Traffic,35,No,2023,CADILLAC,CT4,39.05322417,-77.184173,2025,9,15
250039488,Property Damage Crash,09/03/2025 03:30:00 PM,FALLS RD,NA,Front to Rear,Clear,Dry,Daylight,No Controls,NONE DETECTED,Yes,No Apparent Injury,NA,"Other Action (looking away from task, etc.)",NJ,Sport Utility Vehicle,Moving Constant Speed,35,No,2014,BMW,X3,39.05322417,-77.184173,2025,9,15
250039476,Property Damage Crash,09/03/2025 03:19:00 PM,NEW HAMPSHIRE AVE (SB/L),NA,Front to Rear,Clear,Dry,Daylight,No Controls,NONE DETECTED,No,No Apparent Injury,NA,Not Distracted,MD,Passenger Car,Slowing or Stopping,40,No,2015,VOLKSWAGEN,JETTA,39.01194163,-76.97889791,2025,9,15
250039476,Property Damage Crash,09/03/2025 03:19:00 PM,NEW HAMPSHIRE AVE (SB/L),NA,Front to Rear,Clear,Dry,Daylight,No Controls,NONE DETECTED,No,NA,NA,NA,NA,Passenger Car,Moving Constant Speed,40,No,2010,HONDA,FIT,39.01194163,-76.97889791,2025,9,15
250039498,Property Damage Crash,09/03/2025 03:15:00 PM,SCOTT DR,NA,Single Vehicle,Clear,Dry,Daylight,No Controls,NONE DETECTED,No,No Apparent Injury,NA,Not Distracted,MD,Sport Utility Vehicle,Backing,25,No,2019,CHEVROLET,TAHOE,39.074065,-77.18777433,2025,9,15
250039480,Property Damage Crash,09/03/2025 03:06:00 PM,BEALLSVILLE RD,NA,Front to Rear,Clear,Dry,Daylight,No Controls,NONE DETECTED,No,No Apparent Injury,NA,Not Distracted,WV,Passenger Car,Moving Constant Speed,40,No,2018,SUBARU,FORESTER,39.17210621,-77.41624545,2025,9,15
250039480,Property Damage Crash,09/03/2025 03:06:00 PM,BEALLSVILLE RD,NA,Front to Rear,Clear,Dry,Daylight,No Controls,NONE DETECTED,No,No Apparent Injury,"Improper Passing, Operated Motor Vehicle in Inattentive, Careless, Negligent, or Erratic Manner, Wrong Side",Unknown,MD,Sport Utility Vehicle,Overtaking/Passing,40,No,2023,KIA,SPORTAGE,39.17210621,-77.41624545,2025,9,15
250039625,Property Damage Crash,09/03/2025 03:00:00 PM,NA,NA,"Sideswipe, Same Direction",Clear,NA,Daylight,NA,NONE DETECTED,Yes,No Apparent Injury,NA,Not Distracted,MD,Van - Passenger (&lt;9 Seats),Moving Constant Speed,0,No,2011,TOYOTA,SIENNA,39.08913523,-77.04877256,2025,9,15
250039625,Property Damage Crash,09/03/2025 03:00:00 PM,NA,NA,"Sideswipe, Same Direction",Clear,NA,Daylight,NA,NONE DETECTED,No,No Apparent Injury,NA,Not Distracted,MD,Sport Utility Vehicle,Stopped in Traffic,0,No,2025,HONDA,CR-V,39.08913523,-77.04877256,2025,9,15
250039473,Property Damage Crash,09/03/2025 02:51:00 PM,MUDDY BRANCH RD,NA,Rear To Side,Clear,Dry,Daylight,No Controls,NONE DETECTED,No,No Apparent Injury,NA,Not Distracted,CA,Passenger Car,Moving Constant Speed,40,No,2015,LEXUS,ES,39.11251483,-77.21626583,2025,9,14
250039474,Property Damage Crash,09/03/2025 02:51:00 PM,FREDERICK RD,NA,"Sideswipe, Same Direction",Clear,Dry,Daylight,No Controls,NONE DETECTED,No,No Apparent Injury,Improper Passing,Not Distracted,NA,Passenger Car,Accelerating,40,No,2012,NISSAN,PATHFINDER,39.10925113,-77.15988991,2025,9,14
250039473,Property Damage Crash,09/03/2025 02:51:00 PM,MUDDY BRANCH RD,NA,Rear To Side,Clear,Dry,Daylight,No Controls,NONE DETECTED,No,No Apparent Injury,NA,Unknown,MD,Sport Utility Vehicle,Entering Traffic Lane,40,No,2021,DODGE,DURANGO,39.11251483,-77.21626583,2025,9,14
250039474,Property Damage Crash,09/03/2025 02:51:00 PM,FREDERICK RD,NA,"Sideswipe, Same Direction",Clear,Dry,Daylight,No Controls,NONE DETECTED,No,No Apparent Injury,NA,Not Distracted,MD,Other Trucks,Moving Constant Speed,40,No,2023,MACK,GRANITE,39.10925113,-77.15988991,2025,9,14
250039474,Property Damage Crash,09/03/2025 02:51:00 PM,FREDERICK RD,NA,"Sideswipe, Same Direction",Clear,Dry,Daylight,No Controls,NONE DETECTED,No,No Apparent Injury,NA,Not Distracted,MD,Passenger Car,Moving Constant Speed,40,No,2014,KIA,SORENTO,39.10925113,-77.15988991,2025,9,14
250039501,Property Damage Crash,09/03/2025 02:10:00 PM,NA,NA,Angle,Clear,NA,Daylight,NA,NONE DETECTED,No,NA,NA,NA,NA,Pickup,Backing,0,No,2018,RAM,1500,39.06437786,-77.12880212,2025,9,14
250039458,Injury Crash,09/03/2025 01:55:00 PM,CEDAR ST,Pedestrian,Single Vehicle,Clear,Dry,Daylight,"Person (including flagger, law enforcement, crossing guard, etc.",NONE DETECTED,No,NA,NA,NA,NA,NA,Moving Constant Speed,15,No,0,NA,NA,38.99720129,-77.02182264,2025,9,13
250039455,Property Damage Crash,09/03/2025 01:20:00 PM,CHESTNUT ST,NA,Angle,Clear,Dry,Daylight,No Controls,NONE DETECTED,Yes,No Apparent Injury,NA,Unknown,MD,Van - Passenger (&lt;9 Seats),Turning Left,25,No,2014,FREIGHTLINER,SPRINTER,39.14361603,-77.20198139,2025,9,13
250039455,Property Damage Crash,09/03/2025 01:20:00 PM,CHESTNUT ST,NA,Angle,Clear,Dry,Daylight,No Controls,NONE DETECTED,No,No Apparent Injury,NA,Unknown,MD,Pickup,Turning Right,25,No,2017,FORD,F-150,39.14361603,-77.20198139,2025,9,13
250039453,Injury Crash,09/03/2025 01:17:00 PM,VEIRS MILL RD,Scooter (electric),Single Vehicle,Clear,Dry,Daylight,Traffic Control Signal,NONE DETECTED,No,No Apparent Injury,NA,Not Distracted,MD,Passenger Car,Making U-Turn,35,No,2017,TOYOTA,RAV4,39.05139017,-77.07480508,2025,9,13
250039439,Injury Crash,09/03/2025 12:15:00 PM,KEMP MILL FOREST DR,NA,Angle,Clear,Dry,Daylight,No Controls,NONE DETECTED,No,Possible Minor Injury,NA,Not Distracted,MD,Sport Utility Vehicle,Moving Constant Speed,30,No,2014,TOYOTA,HIGHLANDER,39.05554293,-77.02356399,2025,9,12
250039439,Injury Crash,09/03/2025 12:15:00 PM,KEMP MILL FOREST DR,NA,Angle,Clear,Dry,Daylight,No Controls,NONE DETECTED,Yes,No Apparent Injury,NA,Not Distracted,MD,Passenger Car,Turning Left,30,No,2014,TOYOTA,CAMRY,39.05554293,-77.02356399,2025,9,12
250039437,Property Damage Crash,09/03/2025 11:26:00 AM,NA,NA,"Sideswipe, Same Direction",Clear,NA,Daylight,NA,NONE DETECTED,No,NA,NA,NA,NA,Pickup,Turning Right,0,No,2007,DODGE,RAM,39.00024781,-77.03322082,2025,9,11
250039433,Property Damage Crash,09/03/2025 10:45:00 AM,AIRPARK RD,NA,Angle,Clear,Dry,Daylight,No Controls,NONE DETECTED,No,No Apparent Injury,NA,Not Distracted,MD,Passenger Car,Moving Constant Speed,35,No,2024,CHEVROLET,SILVERADO EV,39.17008044,-77.1556133,2025,9,10