Local Case Number,ACRS Report Type,Crash Date/Time,Road Name,Related Non-Motorist,Collision Type,Weather,Surface Condition,Light,Traffic Control,Driver Substance Abuse,Driver At Fault,Injury Severity,Circumstance,Driver Distracted By,Drivers License State,Vehicle Body Type,Vehicle Movement,Speed Limit,Driverless Vehicle,Vehicle Year,Vehicle Make,Vehicle Model,Latitude,Longitude,Year,Month,Hour
250039433,Property Damage Crash,09/03/2025 10:45:00 AM,AIRPARK RD,NA,Angle,Clear,Dry,Daylight,No Controls,NONE DETECTED,Yes,No Apparent Injury,Failed to Yield Right-of-Way,Not Distracted,MD,Passenger Car,Turning Left,35,No,2004,FORD,EXPEDITION,39.17008044,-77.1556133,2025,9,10
250039424,Property Damage Crash,09/03/2025 10:00:00 AM,RANDOLPH RD (WB/L),NA,"Sideswipe, Same Direction",Clear,Dry,Daylight,Traffic Control Signal,NONE DETECTED,No,No Apparent Injury,NA,Unknown,NA,Pickup,Making U-Turn,35,No,2015,CHEVROLET,SILVERADO,39.05751339,-77.07783408,2025,9,10
250039424,Property Damage Crash,09/03/2025 10:00:00 AM,RANDOLPH RD (WB/L),NA,"Sideswipe, Same Direction",Clear,Dry,Daylight,Traffic Control Signal,NONE DETECTED,No,No Apparent Injury,NA,Not Distracted,MD,Passenger Car,Stopped in Traffic,35,No,2014,HONDA,ACCORD,39.05751339,-77.07783408,2025,9,10
250039420,Injury Crash,09/03/2025 09:55:00 AM,LONE OAK DR,Cyclist (non-electric),Single Vehicle,Clear,Dry,Daylight,No Controls,NONE DETECTED,Yes,No Apparent Injury,NA,Not Distracted,MD,Passenger Car,Turning Left,40,No,2015,JEEP,PATRIOT,39.02078976,-77.12238712,2025,9,9
250039414,Injury Crash,09/03/2025 09:03:00 AM,NA,NA,Front to Rear,Clear,Dry,Daylight,Traffic Control Signal,NONE DETECTED,No,No Apparent Injury,NA,Not Distracted,MD,Passenger Car,Stopped in Traffic,30,No,2019,CHEVROLET,EQUINOX,39.14938765,-77.02521803,2025,9,9
250039414,Injury Crash,09/03/2025 09:03:00 AM,NA,NA,Front to Rear,Clear,Dry,Daylight,Traffic Control Signal,NONE DETECTED,No,No Apparent Injury,NA,Not Distracted,MD,Passenger Car,Stopped in Traffic,30,No,2012,HONDA,CROSSTOUR,39.14938765,-77.02521803,2025,9,9
250039414,Injury Crash,09/03/2025 09:03:00 AM,NA,NA,Front to Rear,Clear,Dry,Daylight,Traffic Control Signal,NONE DETECTED,Yes,No Apparent Injury,NA,Not Distracted,MD,Passenger Car,Moving Constant Speed,30,No,2014,LEXUS,ES,39.14938765,-77.02521803,2025,9,9
25001906,Injury Crash,09/03/2025 08:52:00 AM,NA,NA,Other,Clear,Dry,Daylight,No Controls,NONE DETECTED,No,Possible Minor Injury,NA,Unknown,MD,Sport Utility Vehicle,Moving Constant Speed,35,No,2007,LEXUS,GX,39.11839696,-77.10382348,2025,9,8
25001906,Injury Crash,09/03/2025 08:52:00 AM,NA,NA,Other,Clear,Dry,Daylight,No Controls,NONE DETECTED,No,Possible Minor Injury,NA,Unknown,MD,Sport Utility Vehicle,Turning Left,35,No,2021,FORD,EXPLORER,39.11839696,-77.10382348,2025,9,8
250039409,Property Damage Crash,09/03/2025 08:31:00 AM,LORAIN AVE,NA,Angle,Clear,Dry,Daylight,No Controls,NONE DETECTED,No,No Apparent Injury,NA,Not Distracted,MD,Passenger Car,Moving Constant Speed,35,No,2021,TOYOTA,COROLLA,39.0218268,-77.01511608,2025,9,8
250039409,Property Damage Crash,09/03/2025 08:31:00 AM,LORAIN AVE,NA,Angle,Clear,Dry,Daylight,Stop Sign,NONE DETECTED,No,No Apparent Injury,NA,Not Distracted,MD,Passenger Car,Stopped in Traffic,25,No,2024,FREIGHTLINER,M2,39.0218268,-77.01511608,2025,9,8
250039409,Property Damage Crash,09/03/2025 08:31:00 AM,LORAIN AVE,NA,Angle,Clear,Dry,Daylight,Stop Sign,NONE DETECTED,Yes,No Apparent Injury,Failed to Yield Right-of-Way,Not Distracted,MD,Passenger Car,Entering Traffic Lane,25,No,2016,VOLVO,XC60,39.0218268,-77.01511608,2025,9,8
250039404,Property Damage Crash,09/03/2025 08:01:00 AM,HILDAROSE DR,NA,"Sideswipe, Same Direction",Clear,Dry,Daylight,No Controls,NONE DETECTED,Yes,No Apparent Injury,NA,Not Distracted,DC,Pickup,Moving Constant Speed,35,No,2004,FORD,F-250,39.02051458,-77.04451749,2025,9,8
250039404,Property Damage Crash,09/03/2025 08:01:00 AM,HILDAROSE DR,NA,"Sideswipe, Same Direction",Clear,Dry,Daylight,No Controls,NONE DETECTED,No,No Apparent Injury,NA,Not Distracted,MD,Sport Utility Vehicle,Moving Constant Speed,35,No,2016,TOYOTA,RAV4,39.02051458,-77.04451749,2025,9,8
250039396,Property Damage Crash,09/03/2025 07:25:00 AM,LIVINGSTON ST,NA,Single Vehicle,Clear,Dry,Daylight,No Controls,NONE DETECTED,Yes,No Apparent Injury,NA,Not Distracted,MD,Bus - School,Turning Right,25,No,2015,THOMAS BUILT,HDX,39.05821663,-77.05544591,2025,9,7
250039391,Injury Crash,09/03/2025 04:49:00 AM,NA,NA,Single Vehicle,Clear,Dry,Medium,No Controls,NONE DETECTED,Yes,Possible Minor Injury,Other Improper Action,Not Distracted,MD,Passenger Car,Moving Constant Speed,35,No,2014,HONDA,CR-V,39.21396166,-77.24934638,2025,9,4
250039370,Property Damage Crash,09/02/2025 09:39:00 PM,NEW HAMPSHIRE AVE,NA,"Sideswipe, Opposite Direction",Clear,Dry,Medium,Traffic Control Signal,ALCOHOL PRESENT,Yes,No Apparent Injury,Other Improper Action,Unknown,MD,Passenger Car,Turning Right,25,No,2020,CHRYSLER,VOYAGER,38.98329632,-76.98824742,2025,9,21
250039370,Property Damage Crash,09/02/2025 09:39:00 PM,NEW HAMPSHIRE AVE,NA,"Sideswipe, Opposite Direction",Clear,Dry,Medium,Traffic Control Signal,NONE DETECTED,No,No Apparent Injury,NA,Not Distracted,MD,Passenger Car,Stopped in Traffic,0,No,2016,TOYOTA,RAV4,38.98329632,-76.98824742,2025,9,21
250039366,Property Damage Crash,09/02/2025 08:40:00 PM,ROLLINS AVE,NA,"Sideswipe, Opposite Direction",Clear,Dry,Medium,No Controls,NONE DETECTED,Yes,No Apparent Injury,Failed to Yield Right-of-Way,Unknown,VT,Passenger Car,Turning Left,15,No,2020,CHEVROLET,MALIBU,39.05865453,-77.12458226,2025,9,20
250039366,Property Damage Crash,09/02/2025 08:40:00 PM,ROLLINS AVE,NA,"Sideswipe, Opposite Direction",Clear,Dry,Medium,No Controls,NONE DETECTED,No,No Apparent Injury,NA,Not Distracted,MD,Passenger Car,Moving Constant Speed,30,No,2020,HONDA,CIVIC,39.05865453,-77.12458226,2025,9,20
250039342,Property Damage Crash,09/02/2025 05:55:00 PM,WISTERIA DR,NA,Angle,Clear,Dry,Daylight,Traffic Control Signal,NONE DETECTED,Yes,No Apparent Injury,Improper Turn,Not Distracted,MD,Passenger Car,Turning Right,30,No,2015,HONDA,CR-V,39.18129926,-77.27606899,2025,9,17
250039342,Property Damage Crash,09/02/2025 05:55:00 PM,WISTERIA DR,NA,Angle,Clear,Dry,Daylight,Traffic Control Signal,NONE DETECTED,No,No Apparent Injury,NA,Not Distracted,DC,Bus - Transit,Accelerating,30,No,2020,GILLIG,CITY TRANSIT BUS,39.18129926,-77.27606899,2025,9,17
250039330,Property Damage Crash,09/02/2025 05:49:00 PM,MUNCASTER MILL RD,NA,Front to Rear,Clear,Dry,Daylight,No Controls,NONE DETECTED,Yes,No Apparent Injury,"Followed Too Closely, Other Improper Action",Unknown,MD,Passenger Car,Moving Constant Speed,35,No,2015,VOLKSWAGEN,PASSAT,39.11297317,-77.09049717,2025,9,17
250039330,Property Damage Crash,09/02/2025 05:49:00 PM,MUNCASTER MILL RD,NA,Front to Rear,Clear,Dry,Daylight,No Controls,NONE DETECTED,No,No Apparent Injury,NA,Not Distracted,MD,Passenger Car,Moving Constant Speed,35,No,2014,VOLVO,XC60,39.11297317,-77.09049717,2025,9,17
250039325,Property Damage Crash,09/02/2025 05:39:00 PM,NA,NA,"Sideswipe, Same Direction",Clear,NA,Daylight,NA,NONE DETECTED,Yes,No Apparent Injury,"Operated Motor Vehicle in Inattentive, Careless, Negligent, or Erratic Manner",Unknown,MD,Passenger Car,Moving Constant Speed,0,No,2013,LEXUS,RX,39.19867337,-77.24692078,2025,9,17
250039331,Property Damage Crash,09/02/2025 05:30:00 PM,NEW HAMPSHIRE AVE,Cyclist (non-electric),Single Vehicle,Clear,Dry,Daylight,Traffic Control Signal,NONE DETECTED,Yes,No Apparent Injury,Failed to Yield Right-of-Way,Not Distracted,MD,Passenger Car,Accelerating,35,No,2014,NISSAN,ALTIMA,39.1085623,-76.99782201,2025,9,17
250039340,Property Damage Crash,09/02/2025 05:20:00 PM,NA,NA,"Sideswipe, Same Direction",Clear,NA,Daylight,NA,NONE DETECTED,No,NA,NA,NA,NA,Passenger Car,Entering Traffic Lane,0,No,2018,HONDA,CR-V,39.11282581,-76.934869,2025,9,17
250039319,Property Damage Crash,09/02/2025 05:00:00 PM,NA,NA,Single Vehicle,Clear,Dry,Daylight,No Controls,NONE DETECTED,No,No Apparent Injury,NA,Unknown,MD,Sport Utility Vehicle,Moving Constant Speed,35,No,2026,HONDA,CR-V,39.12384042,-77.16226472,2025,9,17
250039308,Property Damage Crash,09/02/2025 04:20:00 PM,NA,NA,Other,Clear,Dry,Daylight,No Controls,NONE DETECTED,Yes,No Apparent Injury,NA,Not Distracted,MD,Passenger Car,Moving Constant Speed,35,No,2013,SUBARU,XV CROSSTREK,39.22557247,-77.06649679,2025,9,16
250039308,Property Damage Crash,09/02/2025 04:20:00 PM,NA,NA,Other,Clear,Dry,Daylight,No Controls,NONE DETECTED,No,No Apparent Injury,NA,Not Distracted,MD,Passenger Car,Moving Constant Speed,35,No,2023,KIA,SOUL,39.22557247,-77.06649679,2025,9,16
250039308,Property Damage Crash,09/02/2025 04:20:00 PM,NA,NA,Other,Clear,Dry,Daylight,No Controls,NONE DETECTED,No,No Apparent Injury,NA,Not Distracted,MD,Passenger Car,Moving Constant Speed,35,No,2010,HONDA,PILOT,39.22557247,-77.06649679,2025,9,16
250039317,Property Damage Crash,09/02/2025 03:29:00 PM,MCMAHON RD,NA,Single Vehicle,Clear,Dry,Daylight,Stop Sign,NONE DETECTED,Yes,No Apparent Injury,NA,Not Distracted,MD,Bus - School,Accelerating,25,No,2018,FREIGHTLINER,B2 BUS CHASSIS,39.03339397,-77.04361038,2025,9,15
250039274,Property Damage Crash,09/02/2025 02:54:00 PM,QUINCE ORCHARD RD,NA,Angle,Clear,Dry,Daylight,Traffic Control Signal,NONE DETECTED,No,No Apparent Injury,NA,Not Distracted,MD,Pickup,Moving Constant Speed,40,No,2022,CHEVROLET,SILVERADO LTD,39.12905488,-77.233597,2025,9,14
250039274,Property Damage Crash,09/02/2025 02:54:00 PM,QUINCE ORCHARD RD,NA,Angle,Clear,Dry,Daylight,Traffic Control Signal,NONE DETECTED,Yes,No Apparent Injury,Failed to Yield Right-of-Way,"Other Action (looking away from task, etc.)",MD,Passenger Car,Turning Left,40,No,2012,TOYOTA,COROLLA,39.12905488,-77.233597,2025,9,14
250039279,Injury Crash,09/02/2025 02:53:00 PM,RIDGE RD (NB/L),NA,Front to Rear,Clear,Dry,Daylight,No Controls,NONE DETECTED,No,Possible Minor Injury,NA,Not Distracted,MD,Passenger Car,Slowing or Stopping,40,No,2019,KIA,NIRO,39.204475,-77.24660667,2025,9,14
250039279,Injury Crash,09/02/2025 02:53:00 PM,RIDGE RD (NB/L),NA,Front to Rear,Clear,Dry,Daylight,No Controls,NONE DETECTED,Yes,No Apparent Injury,Followed Too Closely,Not Distracted,MD,Passenger Car,Slowing or Stopping,40,No,2004,HONDA,CIVIC,39.204475,-77.24660667,2025,9,14
250039310,Property Damage Crash,09/02/2025 02:22:00 PM,DALE DR,NA,"Sideswipe, Opposite Direction",Clear,Dry,Daylight,"Other Pavement Marking (excluding edgelines, centerlines, or lane lines)",NONE DETECTED,Yes,No Apparent Injury,NA,Not Distracted,MD,Bus - School,Turning Right,25,No,2024,FREIGHTLINER,B2 106 ELECTRIC CONVENTIONAL CHASSIS,38.99375848,-77.00909975,2025,9,14
250039310,Property Damage Crash,09/02/2025 02:22:00 PM,DALE DR,NA,"Sideswipe, Opposite Direction",Clear,Dry,Daylight,"Other Pavement Marking (excluding edgelines, centerlines, or lane lines)",NONE DETECTED,No,No Apparent Injury,NA,Not Distracted,MD,Bus - Transit,Stopped in Traffic,25,No,2013,GILLIG,LOW FLOOR BUS,38.99375848,-77.00909975,2025,9,14
250039270,Property Damage Crash,09/02/2025 02:20:00 PM,NA,NA,"Sideswipe, Same Direction",Clear,NA,Daylight,NA,NONE DETECTED,Yes,No Apparent Injury,Improper Passing,Not Distracted,MD,Bus - School,Accelerating,0,No,2024,FREIGHTLINER,B2 106 ELECTRIC CONVENTIONAL CHASSIS,39.18128529,-77.26331936,2025,9,14
250039264,Property Damage Crash,09/02/2025 01:40:00 PM,NA,NA,Front to Rear,Clear,NA,Daylight,NA,NONE DETECTED,No,No Apparent Injury,NA,Not Distracted,MD,Van - Passenger (&lt;9 Seats),Backing,0,No,2014,CHEVROLET,EXPRESS,39.09971691,-77.15821847,2025,9,13
250039264,Property Damage Crash,09/02/2025 01:40:00 PM,NA,NA,Front to Rear,Clear,NA,Daylight,NA,NONE DETECTED,No,No Apparent Injury,NA,Not Distracted,MD,Passenger Car,Negotiating a Curve,0,No,2006,HONDA,ACCORD,39.09971691,-77.15821847,2025,9,13
250039260,Injury Crash,09/02/2025 01:10:00 PM,ONEILL DR,NA,Angle,Clear,Dry,Daylight,Traffic Control Signal,NONE DETECTED,Yes,No Apparent Injury,"Failed to Keep in Proper Lane, Failed to Yield Right-of-Way",Unknown,MD,Van - Passenger (&lt;9 Seats),Changing Lanes,40,No,2008,HONDA,ODYSSEY,39.12412168,-77.18015578,2025,9,13
250039260,Injury Crash,09/02/2025 01:10:00 PM,ONEILL DR,NA,Angle,Clear,Dry,Daylight,Traffic Control Signal,NONE DETECTED,No,Possible Minor Injury,NA,Not Distracted,MD,Sport Utility Vehicle,Moving Constant Speed,40,No,2021,MITSUBISHI,OUTLANDER SPORT,39.12412168,-77.18015578,2025,9,13
250039251,Injury Crash,09/02/2025 12:22:00 PM,NA,NA,Single Vehicle,Cloudy,Dry,Daylight,No Controls,NONE DETECTED,No,Possible Minor Injury,NA,Not Distracted,MD,Sport Utility Vehicle,Moving Constant Speed,25,No,2020,LEXUS,NX,39.10649345,-76.99310781,2025,9,12
250039252,Property Damage Crash,09/02/2025 12:12:00 PM,RANDOLPH RD,NA,Rear To Side,Clear,Dry,Daylight,No Controls,NONE DETECTED,Yes,No Apparent Injury,"Failed to Yield Right-of-Way, Improper Backing","Other Action (looking away from task, etc.)",MD,Other Trucks,Backing,35,No,2001,MACK,MR,39.0572097,-77.080486,2025,9,12
250039252,Property Damage Crash,09/02/2025 12:12:00 PM,RANDOLPH RD,NA,Rear To Side,Clear,Dry,Daylight,No Controls,NONE DETECTED,No,No Apparent Injury,NA,Not Distracted,MD,Bus - Transit,Moving Constant Speed,35,No,2023,NEW FLYER,XCELSIOR,39.0572097,-77.080486,2025,9,12
250039238,Injury Crash,09/02/2025 10:42:00 AM,NA,NA,Single Vehicle,Clear,NA,Daylight,NA,NONE DETECTED,No,Possible Minor Injury,NA,Unknown,MD,Passenger Car,Accelerating,0,No,2020,VOLKSWAGEN,JETTA,39.04057467,-77.110352,2025,9,10
250039235,Injury Crash,09/02/2025 10:34:00 AM,SHADY GROVE RD,NA,Angle,Clear,Dry,Daylight,Traffic Control Signal,NONE DETECTED,Yes,No Apparent Injury,Disregarded Other Traffic Sign,"Other Action (looking away from task, etc.)",FL,Sport Utility Vehicle,Moving Constant Speed,40,No,2016,JEEP,GRAND CHEROKEE,39.13100048,-77.16102244,2025,9,10
250039235,Injury Crash,09/02/2025 10:34:00 AM,SHADY GROVE RD,NA,Angle,Clear,Dry,Daylight,Traffic Control Signal,NONE DETECTED,No,Possible Minor Injury,NA,Not Distracted,MD,Passenger Car,Turning Left,25,No,2022,TESLA,MODEL 3,39.13100048,-77.16102244,2025,9,10
250039220,Property Damage Crash,09/02/2025 09:16:00 AM,TECH RD,NA,Rear To Side,Clear,Dry,Daylight,No Controls,NONE DETECTED,Yes,No Apparent Injury,Failed to Yield Right-of-Way,Not Distracted,MD,Passenger Car,Moving Constant Speed,35,No,2012,HONDA,FIT,39.05641961,-76.96701888,2025,9,9
250039220,Property Damage Crash,09/02/2025 09:16:00 AM,TECH RD,NA,Rear To Side,Clear,Dry,Daylight,No Controls,NONE DETECTED,No,No Apparent Injury,NA,Not Distracted,MD,Passenger Car,Moving Constant Speed,35,No,2023,TOYOTA,CAMRY,39.05641961,-76.96701888,2025,9,9
250039221,Property Damage Crash,09/02/2025 09:11:00 AM,PARKVALE RD,NA,Angle,Clear,Dry,Daylight,Stop Sign,NONE DETECTED,No,No Apparent Injury,NA,Not Distracted,MD,Passenger Car,Turning Right,15,No,2011,HONDA,ACCORD,39.09377783,-77.11318833,2025,9,9
250039218,Injury Crash,09/02/2025 09:11:00 AM,NEW HAMPSHIRE AVE,NA,Angle,Clear,Dry,Daylight,Stop Sign,NONE DETECTED,Yes,Possible Minor Injury,Failed to Yield Right-of-Way,Not Distracted,MD,Van - Passenger (&lt;9 Seats),Turning Left,45,No,2024,FORD,TRANSIT,39.12740335,-76.99049028,2025,9,9
250039218,Injury Crash,09/02/2025 09:11:00 AM,NEW HAMPSHIRE AVE,NA,Angle,Clear,Dry,Daylight,Stop Sign,NONE DETECTED,No,Possible Minor Injury,NA,Not Distracted,MD,Pickup,Moving Constant Speed,45,No,2015,RAM,3500,39.12740335,-76.99049028,2025,9,9
250039221,Property Damage Crash,09/02/2025 09:11:00 AM,PARKVALE RD,NA,Angle,Clear,Dry,Daylight,No Controls,NONE DETECTED,No,No Apparent Injury,NA,Not Distracted,MD,Passenger Car,Moving Constant Speed,35,No,2010,TOYOTA,COROLLA,39.09377783,-77.11318833,2025,9,9
250039217,Property Damage Crash,09/02/2025 09:07:00 AM,CORDELL AVE,NA,Front to Rear,Clear,Dry,Daylight,No Controls,NONE DETECTED,No,NA,NA,NA,NA,Passenger Car,Accelerating,25,No,2007,HONDA,ACCORD,38.98922613,-77.09823775,2025,9,9
250039217,Property Damage Crash,09/02/2025 09:07:00 AM,CORDELL AVE,NA,Front to Rear,Clear,Dry,Daylight,No Controls,NONE DETECTED,No,No Apparent Injury,NA,Not Distracted,MD,Passenger Car,Stopped in Traffic,25,No,2015,VOLKSWAGEN,GOLF,38.98922613,-77.09823775,2025,9,9
250039216,Injury Crash,09/02/2025 08:59:00 AM,FERNWOOD RD,NA,Angle,Clear,Dry,Daylight,Stop Sign,NONE DETECTED,Yes,Possible Minor Injury,Failed to Yield Right-of-Way,Unknown,MD,Passenger Car,Accelerating,20,No,2014,HONDA,ODYSSEY,39.01979,-77.134291,2025,9,8
250039216,Injury Crash,09/02/2025 08:59:00 AM,FERNWOOD RD,NA,Angle,Clear,Dry,Daylight,No Controls,NONE DETECTED,No,No Apparent Injury,NA,Not Distracted,VA,Pickup,Moving Constant Speed,30,No,2022,FORD,F-250,39.01979,-77.134291,2025,9,8
250039205,Property Damage Crash,09/02/2025 08:00:00 AM,WISTERIA DR,NA,"Sideswipe, Same Direction",Clear,Dry,Daylight,School Zone,NONE DETECTED,Yes,No Apparent Injury,"Failed to Keep in Proper Lane, Improper Turn, Other Improper Action",Unknown,MD,Van - Passenger (&lt;9 Seats),Making U-Turn,25,No,2005,HONDA,ODYSSEY,39.18034799,-77.28360102,2025,9,8
250039205,Property Damage Crash,09/02/2025 08:00:00 AM,WISTERIA DR,NA,"Sideswipe, Same Direction",Clear,Dry,Daylight,School Zone,NONE DETECTED,Yes,No Apparent Injury,Improper Turn,Unknown,MD,Sport Utility Vehicle,Moving Constant Speed,25,No,2007,LEXUS,RZ,39.18034799,-77.28360102,2025,9,8
250039204,Injury Crash,09/02/2025 07:44:00 AM,NA,Pedestrian,Single Vehicle,Clear,Dry,Daylight,Pedestrian Crossing,NONE DETECTED,No,No Apparent Injury,NA,Not Distracted,MD,Passenger Car,Slowing or Stopping,15,No,2016,CHEVROLET,MALIBU,39.04123045,-76.98549347,2025,9,7
250039425,Property Damage Crash,09/02/2025 05:40:00 AM,NA,NA,Other,Clear,NA,Medium,NA,NONE DETECTED,No,NA,NA,NA,NA,NA,Backing,0,No,0,NA,NA,39.02319477,-77.14608396,2025,9,5
250039196,Property Damage Crash,09/02/2025 05:02:00 AM,RAMP 4 FR IS 270 NB TO WATKINS MILL RD,Cyclist (non-electric),Single Vehicle,Clear,Dry,Dark,Traffic Control Signal,NONE DETECTED,No,No Apparent Injury,Other Improper Action,Not Distracted,MD,Passenger Car,Slowing or Stopping,25,No,2016,TOYOTA,TACOMA,39.15671006,-77.22465824,2025,9,5
250039169,Property Damage Crash,09/01/2025 09:33:00 PM,SHOREFIELD RD,NA,Front to Rear,Clear,Dry,Medium,No Controls,ALCOHOL PRESENT,Yes,No Apparent Injury,Failed to Keep in Proper Lane,Not Distracted,MD,Pickup,Moving Constant Speed,25,No,2008,FORD,F-350,39.05305467,-77.04780017,2025,9,21
250039232,Property Damage Crash,09/01/2025 05:00:00 PM,ALTA SPRINGS WAY,NA,Front to Rear,Clear,Dry,Daylight,No Controls,NONE DETECTED,No,No Apparent Injury,NA,Unknown,MD,Passenger Car,Accelerating,0,No,2023,ACURA,MDX,39.08883167,-77.20912133,2025,9,17
250039134,Property Damage Crash,09/01/2025 03:11:00 PM,VEIRS MILL RD (WB/L),NA,Angle,Clear,Dry,Daylight,Traffic Control Signal,NONE DETECTED,No,No Apparent Injury,NA,Not Distracted,MD,Passenger Car,Moving Constant Speed,35,No,2011,TOYOTA,PRIUS,39.04417233,-77.0632015,2025,9,15
250039134,Property Damage Crash,09/01/2025 03:11:00 PM,VEIRS MILL RD (WB/L),NA,Angle,Clear,Dry,Daylight,Traffic Control Signal,NONE DETECTED,Yes,No Apparent Injury,Failed to Yield Right-of-Way,Not Distracted,MD,Passenger Car,Turning Left,35,No,2022,FORD,ESCAPE,39.04417233,-77.0632015,2025,9,15
250039131,Property Damage Crash,09/01/2025 02:31:00 PM,NA,NA,Angle,Clear,NA,Daylight,NA,NONE DETECTED,Yes,No Apparent Injury,NA,Unknown,NA,Passenger Car,Accelerating,0,No,2006,LEXUS,ES,39.08236192,-76.94595491,2025,9,14
250039131,Property Damage Crash,09/01/2025 02:31:00 PM,NA,NA,Angle,Clear,NA,Daylight,NA,NONE DETECTED,No,No Apparent Injury,NA,Not Distracted,MD,Passenger Car,Turning Left,0,No,1995,TOYOTA,CAMRY,39.08236192,-76.94595491,2025,9,14
250039128,Property Damage Crash,09/01/2025 02:23:00 PM,W WATKINS MILL RD (SB/L),NA,Single Vehicle,Clear,Dry,Daylight,Traffic Control Signal,NONE DETECTED,Yes,No Apparent Injury,NA,Not Distracted,MD,Passenger Car,Moving Constant Speed,35,No,2017,BMW,330I,39.15702348,-77.2242008,2025,9,14
250039125,Property Damage Crash,09/01/2025 02:13:00 PM,NA,NA,Front to Front,Clear,Dry,Daylight,Traffic Control Signal,NONE DETECTED,Yes,No Apparent Injury,Failed to Yield Right-of-Way,Unknown,MD,Passenger Car,Turning Left,35,No,2014,HONDA,CIVIC,39.10982767,-77.30254283,2025,9,14
250039125,Property Damage Crash,09/01/2025 02:13:00 PM,NA,NA,Front to Front,Clear,Dry,Daylight,Traffic Control Signal,NONE DETECTED,No,No Apparent Injury,NA,Not Distracted,MD,Passenger Car,Moving Constant Speed,25,No,2023,CHEVROLET,BOLT EV,39.10982767,-77.30254283,2025,9,14
250039123,Property Damage Crash,09/01/2025 02:09:00 PM,WISCONSIN AVE,NA,Angle,Clear,Dry,Daylight,No Controls,NONE DETECTED,No,NA,NA,NA,NA,Passenger Car,Accelerating,30,No,2021,TOYOTA,RAV4,38.99133381,-77.0956226,2025,9,14
250039123,Property Damage Crash,09/01/2025 02:09:00 PM,WISCONSIN AVE,NA,Angle,Clear,Dry,Daylight,No Controls,NONE DETECTED,No,No Apparent Injury,NA,Not Distracted,DC,Passenger Car,Changing Lanes,30,No,2018,BMW,X3,38.99133381,-77.0956226,2025,9,14
250039137,Property Damage Crash,09/01/2025 02:00:00 PM,RANDOLPH RD (WB/L),NA,Single Vehicle,Clear,Dry,Daylight,No Controls,NONE DETECTED,No,No Apparent Injury,Operated Motor Vehicle in Reckless or Aggressive Manner,Unknown,MD,Passenger Car,Moving Constant Speed,35,No,2012,HONDA,ACCORD,39.0662247,-77.0337882,2025,9,14
250039116,Property Damage Crash,09/01/2025 01:34:00 PM,PENNYDOG LA,NA,Rear To Side,Clear,Dry,Daylight,No Controls,NONE DETECTED,Yes,No Apparent Injury,Failed to Yield Right-of-Way,Unknown,MD,Pickup,Backing,25,No,2015,FORD,F-150,39.02896658,-77.0485844,2025,9,13
250039116,Property Damage Crash,09/01/2025 01:34:00 PM,PENNYDOG LA,NA,Rear To Side,Clear,Dry,Daylight,No Controls,NONE DETECTED,No,No Apparent Injury,NA,Not Distracted,MD,Station Wagon,Moving Constant Speed,25,No,2013,SUBARU,OUTBACK,39.02896658,-77.0485844,2025,9,13
250039115,Injury Crash,09/01/2025 01:25:00 PM,CARROLTON RD,NA,Angle,Clear,Dry,Daylight,No Controls,NONE DETECTED,No,Possible Minor Injury,NA,Not Distracted,MD,Sport Utility Vehicle,Moving Constant Speed,25,No,2017,CHEVROLET,TAHOE,39.10482999,-77.08878573,2025,9,13
250039115,Injury Crash,09/01/2025 01:25:00 PM,CARROLTON RD,NA,Angle,Clear,Dry,Daylight,Stop Sign,NONE DETECTED,Yes,No Apparent Injury,NA,Not Distracted,MD,Sport Utility Vehicle,Accelerating,25,No,2015,INFINITI,QX60,39.10482999,-77.08878573,2025,9,13
250039081,Injury Crash,09/01/2025 03:55:00 AM,COLESVILLE RD (SB/L),NA,Rear To Side,Clear,Dry,Medium,Traffic Control Signal,NONE DETECTED,No,Possible Minor Injury,NA,Not Distracted,MD,Passenger Car,Moving Constant Speed,40,No,2006,TOYOTA,COROLLA,39.02598083,-77.01103233,2025,9,3