Local Case Number,ACRS Report Type,Crash Date/Time,Road Name,Related Non-Motorist,Collision Type,Weather,Surface Condition,Light,Traffic Control,Driver Substance Abuse,Driver At Fault,Injury Severity,Circumstance,Driver Distracted By,Drivers License State,Vehicle Body Type,Vehicle Movement,Speed Limit,Driverless Vehicle,Vehicle Year,Vehicle Make,Vehicle Model,Latitude,Longitude,Year,Month,Hour
250039081,Injury Crash,09/01/2025 03:55:00 AM,COLESVILLE RD (SB/L),NA,Rear To Side,Clear,Dry,Medium,Traffic Control Signal,NONE DETECTED,Yes,No Apparent Injury,NA,Unknown,MD,Van - Passenger (&lt;9 Seats),Turning Left,25,No,2017,TOYOTA,SIENNA,39.02598083,-77.01103233,2025,9,3
250039079,Property Damage Crash,09/01/2025 02:30:00 AM,SPRING MEADOWS DR,NA,Single Vehicle,Clear,Dry,Dark,Traffic Control Signal,NONE DETECTED,No,No Apparent Injury,NA,Not Distracted,MD,Passenger Car,Moving Constant Speed,50,No,2018,FORD,TAURUS,39.10994379,-77.30264606,2025,9,2
250039074,Property Damage Crash,09/01/2025 01:00:00 AM,DICKERSON RD,NA,Single Vehicle,Clear,Dry,Medium,No Controls,NONE DETECTED,No,No Apparent Injury,NA,Not Distracted,MD,Sport Utility Vehicle,Slowing or Stopping,30,No,2021,CHEVROLET,TAHOE,39.21718333,-77.42761,2025,9,1
250039048,Property Damage Crash,08/31/2025 07:31:00 PM,NA,NA,Front to Rear,Clear,Dry,Daylight,No Controls,NONE DETECTED,Yes,No Apparent Injury,Followed Too Closely,Unknown,MD,Passenger Car,Moving Constant Speed,40,No,2016,HONDA,ACCORD,39.26360506,-77.20422074,2025,8,19
250039048,Property Damage Crash,08/31/2025 07:31:00 PM,NA,NA,Front to Rear,Clear,Dry,Daylight,No Controls,NONE DETECTED,No,No Apparent Injury,NA,Not Distracted,MD,Sport Utility Vehicle,Stopped in Traffic,40,No,2017,KIA,SOUL,39.26360506,-77.20422074,2025,8,19
250039047,Property Damage Crash,08/31/2025 07:25:00 PM,LANARK WAY,NA,Angle,Clear,Dry,Daylight,No Controls,NONE DETECTED,No,NA,NA,NA,NA,NA,Making U-Turn,25,No,0,NA,NA,39.02342567,-77.02607583,2025,8,19
250039047,Property Damage Crash,08/31/2025 07:25:00 PM,LANARK WAY,NA,Angle,Clear,Dry,Daylight,No Controls,NONE DETECTED,No,No Apparent Injury,NA,Not Distracted,MD,Passenger Car,Moving Constant Speed,25,No,2007,TOYOTA,RAV4,39.02342567,-77.02607583,2025,8,19
250039043,Injury Crash,08/31/2025 07:00:00 PM,WASHINGTONIAN BLVD,NA,"Sideswipe, Same Direction",Clear,Dry,Daylight,No Controls,NONE DETECTED,No,No Apparent Injury,NA,Not Distracted,NY,Sport Utility Vehicle,Stopped in Traffic,30,No,2024,HYUNDAI,PALISADE,39.11672267,-77.20049033,2025,8,19
250039043,Injury Crash,08/31/2025 07:00:00 PM,WASHINGTONIAN BLVD,NA,"Sideswipe, Same Direction",Clear,Dry,Daylight,No Controls,ALCOHOL PRESENT,Yes,No Apparent Injury,"Operated Motor Vehicle in Inattentive, Careless, Negligent, or Erratic Manner",Unknown,MD,Sport Utility Vehicle,Changing Lanes,30,No,2008,ACURA,RDX,39.11672267,-77.20049033,2025,8,19
250039061,Property Damage Crash,08/31/2025 06:37:00 PM,NA,NA,Rear To Side,Clear,NA,Daylight,NA,NONE DETECTED,No,NA,NA,NA,NA,Passenger Car,Backing,0,No,2009,HONDA,CIVIC,39.04013364,-77.05323748,2025,8,18
250039030,Property Damage Crash,08/31/2025 04:55:00 PM,MOONWALK CT,NA,Single Vehicle,Clear,Dry,Daylight,No Controls,NONE DETECTED,Yes,No Apparent Injury,Failed to Keep in Proper Lane,Unknown,MD,Passenger Car,NA,30,No,2013,HYUNDAI,ELANTRA,39.17136733,-77.29363329,2025,8,16
250038999,Property Damage Crash,08/31/2025 01:45:00 PM,UNIVERSITY BLVD,NA,Other,Clear,Dry,Daylight,Traffic Control Signal,NONE DETECTED,No,No Apparent Injury,NA,Unknown,DC,Passenger Car,Making U-Turn,35,No,1111,HYUNDAI,SONATA,38.98797835,-76.98643726,2025,8,13
250038999,Property Damage Crash,08/31/2025 01:45:00 PM,UNIVERSITY BLVD,NA,Other,Clear,Dry,Daylight,Traffic Control Signal,NONE DETECTED,No,No Apparent Injury,NA,Not Distracted,MD,Passenger Car,Moving Constant Speed,35,No,2014,FORD,EXPLORER,38.98797835,-76.98643726,2025,8,13
250038987,Injury Crash,08/31/2025 01:16:00 PM,NA,NA,Angle,Clear,Dry,Daylight,Traffic Control Signal,NONE DETECTED,No,Possible Minor Injury,NA,Not Distracted,MD,Passenger Car,Turning Left,25,No,2019,FORD,FUSION,38.99521569,-77.09640072,2025,8,13
250038987,Injury Crash,08/31/2025 01:16:00 PM,NA,NA,Angle,Clear,Dry,Daylight,Traffic Control Signal,NONE DETECTED,No,No Apparent Injury,NA,Not Distracted,MD,Passenger Car,Turning Left,25,No,2021,KIA,SPORTAGE,38.99521569,-77.09640072,2025,8,13
250038987,Injury Crash,08/31/2025 01:16:00 PM,NA,NA,Angle,Clear,Dry,Daylight,Traffic Control Signal,NONE DETECTED,Yes,No Apparent Injury,Ran Red Light,Not Distracted,MD,Sport Utility Vehicle,Moving Constant Speed,25,No,2015,MERCEDES-BENZ,ML-CLASS,38.99521569,-77.09640072,2025,8,13
250038977,Injury Crash,08/31/2025 12:25:00 PM,NA,Pedestrian,Unknown,Clear,NA,Daylight,NA,NONE DETECTED,No,No Apparent Injury,"Operated Motor Vehicle in Inattentive, Careless, Negligent, or Erratic Manner",Unknown,MD,Passenger Car,Accelerating,0,No,2025,TESLA,MODEL Y,39.16472295,-77.27516836,2025,8,12
250038976,Injury Crash,08/31/2025 12:16:00 PM,GEORGIA AVE (SB/L),NA,Front to Rear,Clear,Dry,Daylight,No Controls,NONE DETECTED,Yes,Possible Minor Injury,NA,Not Distracted,MD,Passenger Car,Moving Constant Speed,45,No,2024,NISSAN,SENTRA,39.1266835,-77.07236567,2025,8,12
250038976,Injury Crash,08/31/2025 12:16:00 PM,GEORGIA AVE (SB/L),NA,Front to Rear,Clear,Dry,Daylight,No Controls,NONE DETECTED,No,No Apparent Injury,NA,Not Distracted,MD,Passenger Car,Stopped in Traffic,45,No,2014,MERCEDES-BENZ,C-CLASS,39.1266835,-77.07236567,2025,8,12
250038976,Injury Crash,08/31/2025 12:16:00 PM,GEORGIA AVE (SB/L),NA,Front to Rear,Clear,Dry,Daylight,No Controls,NONE DETECTED,No,No Apparent Injury,NA,Not Distracted,MD,Passenger Car,Stopped in Traffic,45,No,2017,TOYOTA,CAMRY,39.1266835,-77.07236567,2025,8,12
250038972,Injury Crash,08/31/2025 11:53:00 AM,NA,NA,Angle,Clear,Dry,Daylight,Traffic Control Signal,NONE DETECTED,Yes,No Apparent Injury,Failed to Yield Right-of-Way,Not Distracted,MD,Passenger Car,Turning Left,25,No,2006,HONDA,CIVIC,39.03312667,-77.12121633,2025,8,11
250038972,Injury Crash,08/31/2025 11:53:00 AM,NA,NA,Angle,Clear,Dry,Daylight,Traffic Control Signal,NONE DETECTED,No,Possible Minor Injury,NA,Not Distracted,MD,Sport Utility Vehicle,Moving Constant Speed,35,No,2016,CHEVROLET,EQUINOX,39.03312667,-77.12121633,2025,8,11
250038969,Injury Crash,08/31/2025 11:33:00 AM,OLNEY SANDY SPRING RD,NA,Angle,Clear,Dry,Daylight,No Controls,NONE DETECTED,Yes,No Apparent Injury,NA,Unknown,MD,Pickup,Turning Left,35,No,2020,FORD,F-350,39.15030033,-77.06050067,2025,8,11
250038969,Injury Crash,08/31/2025 11:33:00 AM,OLNEY SANDY SPRING RD,NA,Angle,Clear,Dry,Daylight,No Controls,NONE DETECTED,No,Possible Minor Injury,NA,Not Distracted,MD,Passenger Car,Turning Left,35,No,2012,TOYOTA,PRIUS,39.15030033,-77.06050067,2025,8,11
250038949,Injury Crash,08/31/2025 03:30:00 AM,NA,NA,Single Vehicle,Clear,Dry,Medium,No Controls,NONE DETECTED,Yes,Possible Minor Injury,Ran Off Roadway,Unknown,MD,Passenger Car,Accelerating,40,No,2016,HONDA,CIVIC,39.16863367,-77.23398883,2025,8,3
250038942,Property Damage Crash,08/31/2025 02:10:00 AM,ORCHARD RIDGE DR,NA,Rear To Side,Clear,Dry,Medium,Flashing Traffic Control Signal,NONE DETECTED,No,No Apparent Injury,NA,Not Distracted,MD,Passenger Car,Moving Constant Speed,35,No,2016,FORD,ESCAPE,39.12377678,-77.23148058,2025,8,2
250038942,Property Damage Crash,08/31/2025 02:10:00 AM,ORCHARD RIDGE DR,NA,Rear To Side,Clear,Dry,Medium,Flashing Traffic Control Signal,ALCOHOL PRESENT,Yes,No Apparent Injury,NA,Not Distracted,MD,Passenger Car,Moving Constant Speed,35,No,2019,TOYOTA,COROLLA,39.12377678,-77.23148058,2025,8,2
250038935,Injury Crash,08/31/2025 12:57:00 AM,GERMANTOWN RD (SB/L),NA,Single Vehicle,Clear,Dry,Medium,No Controls,NONE DETECTED,No,No Apparent Injury,NA,Not Distracted,MD,Sport Utility Vehicle,Slowing or Stopping,40,No,2021,FORD,EXPLORER,39.18430754,-77.25496511,2025,8,0
250038935,Injury Crash,08/31/2025 12:57:00 AM,GERMANTOWN RD (SB/L),NA,Single Vehicle,Clear,Dry,Medium,No Controls,NONE DETECTED,Yes,Possible Minor Injury,"Disregard Officer Directions, Failed to Keep in Proper Lane, Operated Motor Vehicle in Inattentive, Careless, Negligent, or Erratic Manner, Operated Motor Vehicle in Reckless or Aggressive Manner, Other Improper Action, Over-Correcting/Over-Steering, Ran Off Roadway, Too Fast For Conditions, Wrong Side, Wrong Way",Unknown,MD,Van - Passenger (&lt;9 Seats),Accelerating,40,No,2007,CHEVROLET,EXPRESS,39.18430754,-77.25496511,2025,8,0
250038943,Property Damage Crash,08/31/2025 12:51:00 AM,NA,NA,Angle,Clear,NA,Medium,NA,ALCOHOL PRESENT,Yes,No Apparent Injury,NA,Not Distracted,MD,Sport Utility Vehicle,Turning Left,0,No,2007,CHEVROLET,EXPRESS,39.16983767,-77.26035143,2025,8,0
250038904,Property Damage Crash,08/30/2025 07:30:00 PM,ROTHBURY DR,NA,Other,Clear,Dry,Medium,No Controls,NONE DETECTED,No,No Apparent Injury,NA,Not Distracted,MD,Sport Utility Vehicle,Moving Constant Speed,30,No,2014,TOYOTA,RAV4,39.1854135,-77.18885867,2025,8,19
250038904,Property Damage Crash,08/30/2025 07:30:00 PM,ROTHBURY DR,NA,Other,Clear,Dry,Medium,No Controls,NONE DETECTED,Yes,No Apparent Injury,Failed to Yield Right-of-Way,Unknown,MD,Sport Utility Vehicle,Turning Left,30,No,2007,TOYOTA,RAV4,39.1854135,-77.18885867,2025,8,19
250038900,Property Damage Crash,08/30/2025 07:00:00 PM,HARMONY HALL RD,NA,Angle,Clear,Dry,Daylight,Traffic Control Signal,NONE DETECTED,No,No Apparent Injury,NA,Not Distracted,NJ,Passenger Car,Moving Constant Speed,35,No,2023,TOYOTA,CAMRY,39.13666967,-77.2054635,2025,8,19
250038900,Property Damage Crash,08/30/2025 07:00:00 PM,HARMONY HALL RD,NA,Angle,Clear,Dry,Daylight,Traffic Control Signal,NONE DETECTED,Yes,No Apparent Injury,NA,Not Distracted,MD,Passenger Car,Turning Left,35,No,2001,BUICK,LESABRE,39.13666967,-77.2054635,2025,8,19
250038896,Property Damage Crash,08/30/2025 06:52:00 PM,CLARIDGE RD,NA,Front to Rear,Clear,Dry,Daylight,No Controls,NONE DETECTED,Yes,No Apparent Injury,NA,Unknown,MD,Van - Passenger (&lt;9 Seats),Backing,25,No,2006,TOYOTA,SIENNA,39.05328667,-77.06382783,2025,8,18
250038896,Property Damage Crash,08/30/2025 06:52:00 PM,CLARIDGE RD,NA,Front to Rear,Clear,Dry,Daylight,No Controls,NONE DETECTED,No,No Apparent Injury,NA,Not Distracted,MD,Passenger Car,Parked,25,No,2015,TOYOTA,COROLLA,39.05328667,-77.06382783,2025,8,18
250038902,Property Damage Crash,08/30/2025 06:37:00 PM,OLD COLUMBIA PIKE,NA,Front to Rear,Clear,Dry,Daylight,Stop Sign,NONE DETECTED,No,NA,NA,NA,NA,Passenger Car,Moving Constant Speed,35,No,2007,BMW,328I,39.05764269,-76.96801065,2025,8,18
250038902,Property Damage Crash,08/30/2025 06:37:00 PM,OLD COLUMBIA PIKE,NA,Front to Rear,Clear,Dry,Daylight,Stop Sign,NONE DETECTED,No,No Apparent Injury,NA,Not Distracted,VA,Passenger Car,Stopped in Traffic,35,No,2020,BMW,X4,39.05764269,-76.96801065,2025,8,18
250038891,Injury Crash,08/30/2025 06:05:00 PM,ROCKVILLE PIKE,NA,Front to Rear,Clear,Dry,Daylight,No Controls,NONE DETECTED,No,No Apparent Injury,NA,Not Distracted,MD,Passenger Car,Slowing or Stopping,35,No,2011,TOYOTA,PRIUS,39.03132767,-77.10537133,2025,8,18
250038891,Injury Crash,08/30/2025 06:05:00 PM,ROCKVILLE PIKE,NA,Front to Rear,Clear,Dry,Daylight,No Controls,NONE DETECTED,No,Possible Minor Injury,NA,Not Distracted,MD,Sport Utility Vehicle,Slowing or Stopping,35,No,2013,HONDA,ODYSSEY,39.03132767,-77.10537133,2025,8,18
250039237,Property Damage Crash,08/30/2025 06:00:00 PM,NA,NA,Unknown,Clear,NA,Daylight,NA,NONE DETECTED,No,NA,NA,Unknown,NA,Sport Utility Vehicle,NA,0,No,0,NA,NA,39.0440999,-77.10521923,2025,8,18
250038889,Property Damage Crash,08/30/2025 05:45:00 PM,ROCKVILLE PIKE (SB/L),NA,"Sideswipe, Same Direction",Clear,Dry,Daylight,Traffic Control Signal,ALCOHOL PRESENT,Yes,No Apparent Injury,NA,Not Distracted,MD,Passenger Car,Moving Constant Speed,35,No,2013,ACURA,TSX,39.04035358,-77.10961244,2025,8,17
250038889,Property Damage Crash,08/30/2025 05:45:00 PM,ROCKVILLE PIKE (SB/L),NA,"Sideswipe, Same Direction",Clear,Dry,Daylight,Traffic Control Signal,NONE DETECTED,No,No Apparent Injury,NA,Not Distracted,MD,Passenger Car,Moving Constant Speed,35,No,2025,MAZDA,CX-90,39.04035358,-77.10961244,2025,8,17
250038885,Property Damage Crash,08/30/2025 05:27:00 PM,NA,NA,"Sideswipe, Same Direction",Clear,NA,Daylight,NA,NONE DETECTED,Yes,No Apparent Injury,NA,Unknown,NA,Passenger Car,Backing,0,No,2008,HONDA,CIVIC,38.97999291,-77.09174428,2025,8,17
250038880,Property Damage Crash,08/30/2025 05:10:00 PM,NA,NA,Rear To Side,Clear,NA,Daylight,NA,NONE DETECTED,No,No Apparent Injury,NA,Not Distracted,MD,Passenger Car,Parked,0,No,2023,NISSAN,ROGUE,38.98594915,-77.02716517,2025,8,17
250038880,Property Damage Crash,08/30/2025 05:10:00 PM,NA,NA,Rear To Side,Clear,NA,Daylight,NA,NONE DETECTED,Yes,No Apparent Injury,NA,Not Distracted,DC,Passenger Car,Backing,0,No,2013,NISSAN,SENTRA,38.98594915,-77.02716517,2025,8,17
250038886,Property Damage Crash,08/30/2025 05:00:00 PM,NA,NA,Front to Rear,Clear,NA,Daylight,NA,NONE DETECTED,No,No Apparent Injury,NA,Not Distracted,MD,Passenger Car,Stopped in Traffic,0,No,2012,HONDA,FIT,39.17233983,-77.20611433,2025,8,17
250038886,Property Damage Crash,08/30/2025 05:00:00 PM,NA,NA,Front to Rear,Clear,NA,Daylight,NA,NONE DETECTED,No,NA,NA,NA,NA,Passenger Car,Backing,0,No,2004,TOYOTA,RAV4,39.17233983,-77.20611433,2025,8,17
25001888,Property Damage Crash,08/30/2025 05:00:00 PM,CRAWFORD DR,NA,Single Vehicle,Clear,Dry,Daylight,No Controls,NONE DETECTED,No,NA,NA,NA,NA,Van - Cargo,Moving Constant Speed,15,No,1111,DODGE,UNKNOWN,39.07344969,-77.11706957,2025,8,17
250038882,Property Damage Crash,08/30/2025 04:58:00 PM,WELLER RD,NA,Angle,Clear,Dry,Daylight,Stop Sign,NONE DETECTED,No,No Apparent Injury,NA,Not Distracted,MD,Passenger Car,Accelerating,25,No,2024,SUBARU,FORESTER,39.06257583,-77.0786115,2025,8,16
250038882,Property Damage Crash,08/30/2025 04:58:00 PM,WELLER RD,NA,Angle,Clear,Dry,Daylight,Stop Sign,NONE DETECTED,Yes,No Apparent Injury,NA,Not Distracted,MD,Passenger Car,Moving Constant Speed,25,No,2017,NISSAN,ROGUE,39.06257583,-77.0786115,2025,8,16
250038879,Injury Crash,08/30/2025 04:55:00 PM,NA,Pedestrian,Single Vehicle,Clear,NA,Daylight,NA,NONE DETECTED,Yes,No Apparent Injury,NA,Not Distracted,MD,Sport Utility Vehicle,Backing,0,No,2024,HONDA,HR-V,39.0271419,-77.01138092,2025,8,16
250038875,Injury Crash,08/30/2025 04:23:00 PM,RIVER RD,Cyclist (non-electric),Single Vehicle,Clear,Dry,Daylight,Stop Sign,NONE DETECTED,Yes,No Apparent Injury,NA,Unknown,MD,Passenger Car,Turning Left,40,No,2012,LEXUS,RX,39.07882979,-77.32759602,2025,8,16
250038861,Property Damage Crash,08/30/2025 02:47:00 PM,FIRST ST (WB/L),NA,"Sideswipe, Same Direction",Clear,Dry,Daylight,Traffic Control Signal,NONE DETECTED,No,No Apparent Injury,NA,Not Distracted,DC,Passenger Car,Moving Constant Speed,40,No,2019,NISSAN,PATHFINDER,39.08064715,-77.13763031,2025,8,14
250038861,Property Damage Crash,08/30/2025 02:47:00 PM,FIRST ST (WB/L),NA,"Sideswipe, Same Direction",Clear,Dry,Daylight,Traffic Control Signal,NONE DETECTED,No,No Apparent Injury,NA,Not Distracted,MD,Passenger Car,Moving Constant Speed,40,No,2018,HONDA,ACCORD,39.08064715,-77.13763031,2025,8,14
250038861,Property Damage Crash,08/30/2025 02:47:00 PM,FIRST ST (WB/L),NA,"Sideswipe, Same Direction",Clear,Dry,Daylight,Traffic Control Signal,NONE DETECTED,Yes,No Apparent Injury,NA,Not Distracted,MD,Passenger Car,Changing Lanes,40,No,2017,KIA,FORTE,39.08064715,-77.13763031,2025,8,14
250038862,Property Damage Crash,08/30/2025 02:21:00 PM,GEORGIA AVE (SB/L),NA,Angle,Clear,Dry,Daylight,No Controls,NONE DETECTED,No,No Apparent Injury,NA,Not Distracted,MD,Passenger Car,Moving Constant Speed,30,No,2021,TESLA,MODEL 3,39.02752217,-77.04694705,2025,8,14
250038862,Property Damage Crash,08/30/2025 02:21:00 PM,GEORGIA AVE (SB/L),NA,Angle,Clear,Dry,Daylight,No Controls,NONE DETECTED,Yes,No Apparent Injury,"Disregard Officer Directions, Operated Motor Vehicle in Inattentive, Careless, Negligent, or Erratic Manner, Operated Motor Vehicle in Reckless or Aggressive Manner, Other Improper Action, Ran Red Light","Other Action (looking away from task, etc.)",MD,Sport Utility Vehicle,Overtaking/Passing,30,No,2012,JEEP,GRAND CHEROKEE,39.02752217,-77.04694705,2025,8,14
250038852,Injury Crash,08/30/2025 01:03:00 PM,WESTLAKE DR,NA,Angle,Clear,Dry,Daylight,No Controls,NONE DETECTED,No,No Apparent Injury,NA,Not Distracted,VA,Van - Passenger (&lt;9 Seats),Moving Constant Speed,35,No,2011,TOYOTA,SIENNA,39.02663916,-77.14778474,2025,8,13
250038852,Injury Crash,08/30/2025 01:03:00 PM,WESTLAKE DR,NA,Angle,Clear,Dry,Daylight,No Controls,NONE DETECTED,Yes,Possible Minor Injury,Failed to Yield Right-of-Way,Not Distracted,MD,Passenger Car,Entering Traffic Lane,15,No,2024,NISSAN,SENTRA,39.02663916,-77.14778474,2025,8,13
250038850,Property Damage Crash,08/30/2025 01:00:00 PM,CLARKSBURG OUTLETS EXIT,NA,Angle,Clear,Dry,Daylight,Stop Sign,NONE DETECTED,Yes,No Apparent Injury,Failed to Yield Right-of-Way,Not Distracted,MD,Sport Utility Vehicle,Accelerating,25,No,2015,JEEP,GRAND CHEROKEE,39.225158,-77.28863333,2025,8,13
250038850,Property Damage Crash,08/30/2025 01:00:00 PM,CLARKSBURG OUTLETS EXIT,NA,Angle,Clear,Dry,Daylight,Stop Sign,NONE DETECTED,Yes,No Apparent Injury,Failed to Yield Right-of-Way,Not Distracted,MD,Passenger Car,Accelerating,25,No,2021,HYUNDAI,SONATA,39.225158,-77.28863333,2025,8,13
250038845,Property Damage Crash,08/30/2025 12:30:00 PM,GEORGIA AVE,NA,Front to Rear,Clear,Dry,Daylight,No Controls,NONE DETECTED,No,No Apparent Injury,NA,Not Distracted,DC,Passenger Car,Stopped in Traffic,35,No,2011,TOYOTA,AVALON,39.00980314,-77.04060535,2025,8,12
250038845,Property Damage Crash,08/30/2025 12:30:00 PM,GEORGIA AVE,NA,Front to Rear,Clear,Dry,Daylight,No Controls,NONE DETECTED,No,No Apparent Injury,NA,Not Distracted,PA,Passenger Car,Stopped in Traffic,35,No,2021,KIA,TELLURIDE,39.00980314,-77.04060535,2025,8,12
250038845,Property Damage Crash,08/30/2025 12:30:00 PM,GEORGIA AVE,NA,Front to Rear,Clear,Dry,Daylight,No Controls,NONE DETECTED,Yes,No Apparent Injury,Followed Too Closely,Not Distracted,DC,Passenger Car,Moving Constant Speed,35,No,2006,TOYOTA,COROLLA,39.00980314,-77.04060535,2025,8,12
250038846,Property Damage Crash,08/30/2025 10:20:00 AM,VEIRS MILL RD (WB/L),NA,Front to Rear,Clear,Dry,Daylight,Traffic Control Signal,NONE DETECTED,No,No Apparent Injury,NA,Not Distracted,MD,Passenger Car,Stopped in Traffic,35,No,2012,HONDA,CIVIC,39.0485803,-77.06915972,2025,8,10
250038846,Property Damage Crash,08/30/2025 10:20:00 AM,VEIRS MILL RD (WB/L),NA,Front to Rear,Clear,Dry,Daylight,Traffic Control Signal,NONE DETECTED,No,No Apparent Injury,NA,NA,NA,Passenger Car,Moving Constant Speed,35,No,2015,ACURA,TLX,39.0485803,-77.06915972,2025,8,10
250038829,Property Damage Crash,08/30/2025 10:13:00 AM,BEL PRE RD,NA,Front to Rear,Clear,Dry,Daylight,No Controls,NONE DETECTED,No,No Apparent Injury,NA,Not Distracted,MD,Passenger Car,Slowing or Stopping,35,No,2005,VOLKSWAGEN,BEETLE,39.09111371,-77.06187982,2025,8,10
250038829,Property Damage Crash,08/30/2025 10:13:00 AM,BEL PRE RD,NA,Front to Rear,Clear,Dry,Daylight,No Controls,NONE DETECTED,Yes,No Apparent Injury,Followed Too Closely,Not Distracted,MD,Passenger Car,Moving Constant Speed,35,No,2013,MAZDA,CX-5,39.09111371,-77.06187982,2025,8,10
250038826,Injury Crash,08/30/2025 09:37:00 AM,FREDERICK RD,NA,Front to Rear,Clear,Dry,Daylight,No Controls,NONE DETECTED,No,Possible Minor Injury,NA,Not Distracted,MD,Passenger Car,Changing Lanes,40,No,2015,BMW,435I,39.16286815,-77.22543564,2025,8,9
250038826,Injury Crash,08/30/2025 09:37:00 AM,FREDERICK RD,NA,Front to Rear,Clear,Dry,Daylight,No Controls,NONE DETECTED,Yes,Possible Minor Injury,NA,Not Distracted,MD,Passenger Car,Accelerating,40,No,2017,HYUNDAI,ELANTRA,39.16286815,-77.22543564,2025,8,9
250038827,Injury Crash,08/30/2025 09:35:00 AM,CALVERTON BLVD,NA,Front to Rear,Clear,Dry,Daylight,Traffic Control Signal,NONE DETECTED,No,NA,NA,NA,NA,NA,Slowing or Stopping,30,No,0,NA,NA,39.05606641,-76.95426711,2025,8,9
250038827,Injury Crash,08/30/2025 09:35:00 AM,CALVERTON BLVD,NA,Front to Rear,Clear,Dry,Daylight,Traffic Control Signal,NONE DETECTED,No,Possible Minor Injury,NA,Not Distracted,VA,Passenger Car,Slowing or Stopping,30,No,2024,MAZDA,CX-5,39.05606641,-76.95426711,2025,8,9
250038823,Property Damage Crash,08/30/2025 08:48:00 AM,ROCKVILLE PIKE,NA,Angle,Clear,Dry,Daylight,No Controls,NONE DETECTED,No,NA,NA,NA,NA,Passenger Car,Changing Lanes,35,No,2005,TOYOTA,CAMRY,39.02295614,-77.10282033,2025,8,8
250038823,Property Damage Crash,08/30/2025 08:48:00 AM,ROCKVILLE PIKE,NA,Angle,Clear,Dry,Daylight,No Controls,NONE DETECTED,No,No Apparent Injury,NA,Not Distracted,MD,Passenger Car,Moving Constant Speed,35,No,2018,KIA,OPTIMA,39.02295614,-77.10282033,2025,8,8
250038823,Property Damage Crash,08/30/2025 08:48:00 AM,ROCKVILLE PIKE,NA,Angle,Clear,Dry,Daylight,No Controls,NONE DETECTED,No,No Apparent Injury,NA,Not Distracted,MD,Passenger Car,Slowing or Stopping,35,No,2017,TOYOTA,COROLLA,39.02295614,-77.10282033,2025,8,8
250038818,Property Damage Crash,08/30/2025 07:07:00 AM,NA,NA,Other,Clear,NA,Daylight,NA,NONE DETECTED,Yes,No Apparent Injury,"Improper Backing, Operated Motor Vehicle in Inattentive, Careless, Negligent, or Erratic Manner, Operated Motor Vehicle in Reckless or Aggressive Manner, Other Improper Action",Unknown,MD,Passenger Car,Backing,0,No,2012,HYUNDAI,ELANTRA,39.05276875,-77.075361,2025,8,7
250038813,Property Damage Crash,08/30/2025 05:30:00 AM,NICHOLSON LA,NA,Single Vehicle,Clear,Dry,Medium,No Controls,NONE DETECTED,No,NA,NA,NA,NA,Passenger Car,Negotiating a Curve,30,No,2007,TOYOTA,CAMRY,39.04854853,-77.1019326,2025,8,5
250038810,Property Damage Crash,08/30/2025 04:00:00 AM,JUDSON RD (NB/L),NA,Front to Rear,Clear,Dry,Dark,No Controls,ALCOHOL PRESENT,Yes,No Apparent Injury,NA,Unknown,MD,Passenger Car,Moving Constant Speed,30,No,2001,SATURN,SL2,39.05339219,-77.05693049,2025,8,4
250038803,Property Damage Crash,08/30/2025 01:52:00 AM,GERMANTOWN RD,NA,Single Vehicle,Clear,Dry,Medium,Traffic Control Signal,ALCOHOL PRESENT,Yes,No Apparent Injury,"Operated Motor Vehicle in Inattentive, Careless, Negligent, or Erratic Manner",Not Distracted,MD,Passenger Car,Accelerating,40,No,2016,HONDA,CIVIC,39.19213596,-77.24247981,2025,8,1