Local Case Number,ACRS Report Type,Crash Date/Time,Road Name,Related Non-Motorist,Collision Type,Weather,Surface Condition,Light,Traffic Control,Driver Substance Abuse,Driver At Fault,Injury Severity,Circumstance,Driver Distracted By,Drivers License State,Vehicle Body Type,Vehicle Movement,Speed Limit,Driverless Vehicle,Vehicle Year,Vehicle Make,Vehicle Model,Latitude,Longitude,Year,Month,Hour
250038797,Injury Crash,08/29/2025 11:33:00 PM,CONNECTICUT AVE (SB/L),NA,Front to Rear,Clear,Dry,Medium,Traffic Control Signal,ALCOHOL PRESENT,Yes,Suspected Serious Injury,"Operated Motor Vehicle in Inattentive, Careless, Negligent, or Erratic Manner, Operated Motor Vehicle in Reckless or Aggressive Manner, Over-Correcting/Over-Steering, Ran Off Roadway",Not Distracted,MD,Passenger Car,Moving Constant Speed,35,No,1997,BMW,328I,39.07805259,-77.08098325,2025,8,23
250038797,Injury Crash,08/29/2025 11:33:00 PM,CONNECTICUT AVE (SB/L),NA,Front to Rear,Clear,Dry,Medium,Traffic Control Signal,NONE DETECTED,No,No Apparent Injury,NA,Not Distracted,MD,Passenger Car,Moving Constant Speed,35,No,2020,FORD,EDGE,39.07805259,-77.08098325,2025,8,23
250038797,Injury Crash,08/29/2025 11:33:00 PM,CONNECTICUT AVE (SB/L),NA,Front to Rear,Clear,Dry,Medium,Traffic Control Signal,NONE DETECTED,No,No Apparent Injury,NA,Not Distracted,MD,Passenger Car,Turning Right,35,No,2007,TOYOTA,PRIUS,39.07805259,-77.08098325,2025,8,23
250038798,Property Damage Crash,08/29/2025 11:28:00 PM,BRINK RD,NA,Single Vehicle,Clear,Dry,Medium,No Controls,ALCOHOL PRESENT,No,No Apparent Injury,"Operated Motor Vehicle in Inattentive, Careless, Negligent, or Erratic Manner, Over-Correcting/Over-Steering, Ran Off Roadway, Too Fast For Conditions, Wrong Side",Unknown,MD,Passenger Car,Negotiating a Curve,25,No,2002,TOYOTA,AVALON,39.20041167,-77.19693667,2025,8,23
250038795,Property Damage Crash,08/29/2025 11:28:00 PM,SYCAMORE FARM DR,NA,Front to Rear,Clear,Dry,Medium,No Controls,NONE DETECTED,Yes,No Apparent Injury,NA,Unknown,MD,Passenger Car,Moving Constant Speed,30,No,2001,LEXUS,ES,39.23196103,-77.25485611,2025,8,23
250038784,Property Damage Crash,08/29/2025 09:18:00 PM,GREAT SENECA HWY,NA,Other,Clear,Dry,Medium,Traffic Control Signal,NONE DETECTED,Yes,No Apparent Injury,NA,Unknown,MD,Passenger Car,Turning Left,40,No,2010,HONDA,INSIGHT,39.16669131,-77.2707339,2025,8,21
250038784,Property Damage Crash,08/29/2025 09:18:00 PM,GREAT SENECA HWY,NA,Other,Clear,Dry,Medium,Traffic Control Signal,NONE DETECTED,No,No Apparent Injury,NA,Not Distracted,MD,Passenger Car,Moving Constant Speed,40,No,2014,SUBARU,FORESTER,39.16669131,-77.2707339,2025,8,21
250038782,Property Damage Crash,08/29/2025 08:48:00 PM,CONNECTICUT AVE (SB/L),NA,Angle,Clear,Dry,Dark,Stop Sign,NONE DETECTED,Yes,No Apparent Injury,Failed to Yield Right-of-Way,Unknown,MD,Passenger Car,Accelerating,25,No,2005,FORD,MUSTANG,39.0610038,-77.07315631,2025,8,20
250038782,Property Damage Crash,08/29/2025 08:48:00 PM,CONNECTICUT AVE (SB/L),NA,Angle,Clear,Dry,Dark,No Controls,NONE DETECTED,No,No Apparent Injury,NA,Not Distracted,MD,Passenger Car,Moving Constant Speed,45,No,2025,TOYOTA,RAV4,39.0610038,-77.07315631,2025,8,20
250038780,Property Damage Crash,08/29/2025 08:35:00 PM,NA,NA,Single Vehicle,Clear,Dry,Medium,Traffic Control Signal,NONE DETECTED,No,No Apparent Injury,NA,Not Distracted,VA,Other Trucks,Moving Constant Speed,30,No,2019,FORD,TRANSIT,38.9987905,-76.99888517,2025,8,20
250038771,Injury Crash,08/29/2025 07:28:00 PM,NA,Pedestrian,Single Vehicle,Clear,NA,Daylight,NA,NONE DETECTED,No,No Apparent Injury,NA,Not Distracted,MD,Passenger Car,Slowing or Stopping,0,No,2015,VOLKSWAGEN,JETTA,39.11658561,-77.25398011,2025,8,19
250038766,Property Damage Crash,08/29/2025 07:13:00 PM,GEORGIA AVE,NA,Front to Rear,Clear,Dry,Daylight,No Controls,NONE DETECTED,Yes,No Apparent Injury,NA,"Other Action (looking away from task, etc.)",MD,Passenger Car,Moving Constant Speed,45,No,1998,TOYOTA,CELICA,39.10265116,-77.07671875,2025,8,19
250038766,Property Damage Crash,08/29/2025 07:13:00 PM,GEORGIA AVE,NA,Front to Rear,Clear,Dry,Daylight,No Controls,NONE DETECTED,No,No Apparent Injury,NA,Not Distracted,MD,Sport Utility Vehicle,Moving Constant Speed,45,No,2015,BMW,X3,39.10265116,-77.07671875,2025,8,19
250038760,Injury Crash,08/29/2025 06:30:00 PM,GEORGIA AVE (SB/L),NA,Front to Rear,Clear,Dry,Daylight,No Controls,NONE DETECTED,Yes,No Apparent Injury,NA,Not Distracted,MD,Passenger Car,Moving Constant Speed,30,No,2013,HONDA,ACCORD,39.016219,-77.04292017,2025,8,18
250038760,Injury Crash,08/29/2025 06:30:00 PM,GEORGIA AVE (SB/L),NA,Front to Rear,Clear,Dry,Daylight,No Controls,NONE DETECTED,No,Possible Minor Injury,NA,Not Distracted,MN,Passenger Car,Accelerating,30,No,2023,TOYOTA,COROLLA CROSS,39.016219,-77.04292017,2025,8,18
250038748,Property Damage Crash,08/29/2025 06:20:00 PM,LOG HOUSE RD,NA,Single Vehicle,Clear,Dry,Daylight,No Controls,NONE DETECTED,No,No Apparent Injury,NA,Unknown,MD,Passenger Car,Moving Constant Speed,35,No,2017,HONDA,CIVIC,39.2460255,-77.2051367,2025,8,18
250038746,Property Damage Crash,08/29/2025 05:51:00 PM,NA,NA,Rear To Rear,Clear,NA,Daylight,NA,NONE DETECTED,No,No Apparent Injury,NA,Not Distracted,MD,Passenger Car,Backing,0,No,2015,HONDA,CR-V,39.16012333,-77.27951561,2025,8,17
250038746,Property Damage Crash,08/29/2025 05:51:00 PM,NA,NA,Rear To Rear,Clear,NA,Daylight,NA,NONE DETECTED,Yes,No Apparent Injury,NA,Unknown,NA,Passenger Car,Backing,0,No,2007,JEEP,LIBERTY,39.16012333,-77.27951561,2025,8,17
250038738,Property Damage Crash,08/29/2025 05:34:00 PM,MUNCASTER MILL RD,NA,Front to Rear,Clear,Dry,Daylight,Traffic Control Signal,NONE DETECTED,No,No Apparent Injury,NA,Not Distracted,MD,Passenger Car,Stopped in Traffic,35,No,2019,TOYOTA,CAMRY,39.14884092,-77.14719008,2025,8,17
250038738,Property Damage Crash,08/29/2025 05:34:00 PM,MUNCASTER MILL RD,NA,Front to Rear,Clear,Dry,Daylight,Traffic Control Signal,NONE DETECTED,Yes,No Apparent Injury,Followed Too Closely,Unknown,MD,Pickup,Moving Constant Speed,35,No,2016,RAM,1500,39.14884092,-77.14719008,2025,8,17
25001869,Property Damage Crash,08/29/2025 05:25:00 PM,BEACH DR,NA,Single Vehicle,Clear,Dry,Daylight,No Controls,NONE DETECTED,No,No Apparent Injury,NA,Not Distracted,MD,Passenger Car,Slowing or Stopping,25,No,2017,HONDA,ACCORD,39.11832823,-77.12544364,2025,8,17
250038733,Injury Crash,08/29/2025 05:20:00 PM,BAUER DR,NA,Angle,Clear,Dry,Daylight,Stop Sign,NONE DETECTED,No,Possible Minor Injury,NA,Unknown,MD,Passenger Car,Accelerating,25,No,2012,VOLVO,S80,39.08886667,-77.09423905,2025,8,17
250038733,Injury Crash,08/29/2025 05:20:00 PM,BAUER DR,NA,Angle,Clear,Dry,Daylight,Stop Sign,NONE DETECTED,No,No Apparent Injury,NA,Unknown,MD,Passenger Car,Accelerating,25,No,2022,LAND ROVER,RANGE ROVER SPORT,39.08886667,-77.09423905,2025,8,17
250038731,Property Damage Crash,08/29/2025 05:00:00 PM,NA,NA,Front to Rear,Clear,Dry,Daylight,No Controls,NONE DETECTED,No,NA,NA,NA,NA,Passenger Car,Backing,30,No,2025,HYUNDAI,VENUE,38.99516983,-77.024884170000007,2025,8,17
250038731,Property Damage Crash,08/29/2025 05:00:00 PM,NA,NA,Front to Rear,Clear,Dry,Daylight,No Controls,NONE DETECTED,No,No Apparent Injury,NA,Not Distracted,MD,Passenger Car,Slowing or Stopping,30,No,2020,HONDA,CR-V,38.99516983,-77.024884170000007,2025,8,17
250038732,Property Damage Crash,08/29/2025 05:00:00 PM,FIRST ST,NA,Front to Rear,Clear,Dry,Daylight,Traffic Control Signal,NONE DETECTED,No,NA,NA,NA,NA,Sport Utility Vehicle,Moving Constant Speed,30,No,2018,NISSAN,ROGUE,39.07749112,-77.13898913,2025,8,17
250038732,Property Damage Crash,08/29/2025 05:00:00 PM,FIRST ST,NA,Front to Rear,Clear,Dry,Daylight,Traffic Control Signal,NONE DETECTED,No,No Apparent Injury,NA,Not Distracted,MD,Passenger Car,Slowing or Stopping,30,No,2016,TOYOTA,COROLLA,39.07749112,-77.13898913,2025,8,17
250038728,Property Damage Crash,08/29/2025 04:51:00 PM,INDUSTRIAL PKWY,NA,Angle,Clear,Dry,Daylight,No Controls,NONE DETECTED,Yes,No Apparent Injury,NA,Unknown,MD,Passenger Car,Changing Lanes,25,No,2023,HONDA,CIVIC,39.05359316,-76.96862777,2025,8,16
250038728,Property Damage Crash,08/29/2025 04:51:00 PM,INDUSTRIAL PKWY,NA,Angle,Clear,Dry,Daylight,No Controls,NONE DETECTED,No,No Apparent Injury,NA,Not Distracted,MD,Passenger Car,Moving Constant Speed,25,No,2015,TOYOTA,RAV4,39.05359316,-76.96862777,2025,8,16
250038722,Property Damage Crash,08/29/2025 04:17:00 PM,GIRARD ST (WB/L),NA,Angle,Clear,Dry,Daylight,No Controls,NONE DETECTED,No,No Apparent Injury,NA,Unknown,MD,Sport Utility Vehicle,Overtaking/Passing,30,No,2018,BMW,X1,39.1507095,-77.1920695,2025,8,16
250038722,Property Damage Crash,08/29/2025 04:17:00 PM,GIRARD ST (WB/L),NA,Angle,Clear,Dry,Daylight,No Controls,NONE DETECTED,No,No Apparent Injury,NA,Not Distracted,MD,Bus - Transit,Parked,30,No,2016,GILLIG,LOW FLOOR BUS,39.1507095,-77.1920695,2025,8,16
250038722,Property Damage Crash,08/29/2025 04:17:00 PM,GIRARD ST (WB/L),NA,Angle,Clear,Dry,Daylight,No Controls,NONE DETECTED,No,No Apparent Injury,NA,Not Distracted,MD,Pickup,Moving Constant Speed,30,No,2006,FORD,F-150,39.1507095,-77.1920695,2025,8,16
250038716,Injury Crash,08/29/2025 04:10:00 PM,NA,NA,Angle,Clear,Dry,Daylight,Stop Sign,NONE DETECTED,Yes,No Apparent Injury,Failed to Yield Right-of-Way,Unknown,MD,Passenger Car,Turning Left,40,No,2021,LEXUS,ES,39.09236437,-77.04509215,2025,8,16
250038716,Injury Crash,08/29/2025 04:10:00 PM,NA,NA,Angle,Clear,Dry,Daylight,No Controls,NONE DETECTED,No,Possible Minor Injury,NA,Not Distracted,MI,Passenger Car,Moving Constant Speed,40,No,2024,BUICK,ENVISION,39.09236437,-77.04509215,2025,8,16
250038709,Injury Crash,08/29/2025 03:15:00 PM,MUDDY BRANCH RD (SB/L),NA,Angle,Clear,Dry,Daylight,No Controls,NONE DETECTED,No,Possible Minor Injury,Failed to Yield Right-of-Way,Unknown,DE,Passenger Car,Turning Left,40,No,2007,GMC,ENVOY,39.10447894,-77.2200344,2025,8,15
250038709,Injury Crash,08/29/2025 03:15:00 PM,MUDDY BRANCH RD (SB/L),NA,Angle,Clear,Dry,Daylight,No Controls,NONE DETECTED,No,Suspected Serious Injury,NA,Not Distracted,MD,Passenger Car,Moving Constant Speed,40,No,2024,HONDA,ACCORD,39.10447894,-77.2200344,2025,8,15
250038704,Property Damage Crash,08/29/2025 02:55:00 PM,NA,NA,"Sideswipe, Same Direction",Clear,Dry,Daylight,No Controls,NONE DETECTED,Yes,No Apparent Injury,Improper Passing,Unknown,MD,Passenger Car,Overtaking/Passing,30,No,2016,HONDA,ACCORD,38.98789522,-77.0792168,2025,8,14
250038704,Property Damage Crash,08/29/2025 02:55:00 PM,NA,NA,"Sideswipe, Same Direction",Clear,Dry,Daylight,No Controls,NONE DETECTED,No,No Apparent Injury,NA,Not Distracted,MD,Bus - School,Slowing or Stopping,30,No,2022,FREIGHTLINER,B2 106 ELECTRIC CONVENTIONAL CHASSIS,38.98789522,-77.0792168,2025,8,14
250038687,Injury Crash,08/29/2025 02:17:00 PM,BROADBIRCH DR,NA,Angle,Clear,Dry,Daylight,No Controls,NONE DETECTED,No,No Apparent Injury,NA,Not Distracted,MD,Passenger Car,Moving Constant Speed,30,No,2022,TESLA,MODEL 3,39.05605093,-76.9650175,2025,8,14
250038687,Injury Crash,08/29/2025 02:17:00 PM,BROADBIRCH DR,NA,Angle,Clear,Dry,Daylight,Stop Sign,NONE DETECTED,Yes,Possible Minor Injury,NA,Not Distracted,MD,Passenger Car,Entering Traffic Lane,30,No,2025,HONDA,CR-V,39.05605093,-76.9650175,2025,8,14
250038693,Property Damage Crash,08/29/2025 02:08:00 PM,GEORGIA AVE,NA,Front to Rear,Clear,Dry,Daylight,No Controls,NONE DETECTED,No,No Apparent Injury,NA,Not Distracted,MD,Passenger Car,Slowing or Stopping,35,No,2012,JEEP,GRAND CHEROKEE,39.05565045,-77.04991804,2025,8,14
250038693,Property Damage Crash,08/29/2025 02:08:00 PM,GEORGIA AVE,NA,Front to Rear,Clear,Dry,Daylight,No Controls,NONE DETECTED,Yes,No Apparent Injury,"Followed Too Closely, Too Fast For Conditions",Unknown,MD,Passenger Car,Moving Constant Speed,35,No,2002,CHEVROLET,MONTE CARLO,39.05565045,-77.04991804,2025,8,14
250038688,Property Damage Crash,08/29/2025 02:00:00 PM,NEW HAMPSHIRE AVE,NA,Front to Rear,Clear,Dry,Daylight,No Controls,NONE DETECTED,No,No Apparent Injury,NA,Not Distracted,MD,Passenger Car,Moving Constant Speed,40,No,2019,CHEVROLET,3500 / 4500,39.10506517,-77.00225367,2025,8,14
250038688,Property Damage Crash,08/29/2025 02:00:00 PM,NEW HAMPSHIRE AVE,NA,Front to Rear,Clear,Dry,Daylight,No Controls,NONE DETECTED,No,No Apparent Injury,NA,Unknown,MD,Passenger Car,Changing Lanes,40,No,2011,HONDA,CR-V,39.10506517,-77.00225367,2025,8,14
250038685,Property Damage Crash,08/29/2025 02:00:00 PM,GEORGIA AVE,NA,Single Vehicle,Clear,Dry,Daylight,No Controls,NONE DETECTED,No,No Apparent Injury,NA,Unknown,MD,Sport Utility Vehicle,Moving Constant Speed,35,No,2020,HONDA,CR-V,39.055242,-77.05001217,2025,8,14
250038684,Property Damage Crash,08/29/2025 01:45:00 PM,NEW HAMPSHIRE AVE,NA,Front to Rear,Clear,Dry,Daylight,No Controls,NONE DETECTED,No,No Apparent Injury,NA,Not Distracted,MD,Passenger Car,Slowing or Stopping,40,No,2010,NISSAN,ALTIMA,39.02041243,-76.97657563,2025,8,13
250038684,Property Damage Crash,08/29/2025 01:45:00 PM,NEW HAMPSHIRE AVE,NA,Front to Rear,Clear,Dry,Daylight,No Controls,NONE DETECTED,Yes,No Apparent Injury,"Operated Motor Vehicle in Inattentive, Careless, Negligent, or Erratic Manner",Unknown,MD,Bus - Mini,Moving Constant Speed,40,No,2013,FORD,E-450,39.02041243,-76.97657563,2025,8,13
250038681,Property Damage Crash,08/29/2025 01:30:00 PM,FREDERICK RD (SB/L),NA,Front to Rear,Clear,Dry,Daylight,No Controls,NONE DETECTED,Yes,No Apparent Injury,Followed Too Closely,Not Distracted,MD,Passenger Car,Changing Lanes,40,No,2009,HONDA,ACCORD,39.18539667,-77.23970817,2025,8,13
250038681,Property Damage Crash,08/29/2025 01:30:00 PM,FREDERICK RD (SB/L),NA,Front to Rear,Clear,Dry,Daylight,No Controls,NONE DETECTED,No,No Apparent Injury,NA,Not Distracted,MD,Bus - Transit,Stopped in Traffic,40,No,2017,GILLIG,CITY TRANSIT BUS,39.18539667,-77.23970817,2025,8,13
250038678,Injury Crash,08/29/2025 01:10:00 PM,RIVER RD,NA,Angle,Clear,Dry,Daylight,Traffic Control Signal,NONE DETECTED,Yes,Possible Minor Injury,"Failed to Yield Right-of-Way, Improper Turn, Operated Motor Vehicle in Inattentive, Careless, Negligent, or Erratic Manner",Unknown,MD,Passenger Car,Turning Left,35,No,2022,TESLA,MODEL 3,38.97316367,-77.12216483,2025,8,13
250038678,Injury Crash,08/29/2025 01:10:00 PM,RIVER RD,NA,Angle,Clear,Dry,Daylight,Traffic Control Signal,NONE DETECTED,No,Possible Minor Injury,NA,Not Distracted,DC,Passenger Car,Moving Constant Speed,35,No,2015,HYUNDAI,SONATA,38.97316367,-77.12216483,2025,8,13
250038661,Property Damage Crash,08/29/2025 12:23:00 PM,RIDGEMONT AVE (EB/L),NA,Angle,Clear,Dry,Daylight,Traffic Control Signal,NONE DETECTED,No,No Apparent Injury,NA,Not Distracted,MD,Passenger Car,Turning Left,40,No,2006,ACURA,RSX,39.11912917,-77.17177767,2025,8,12
250038661,Property Damage Crash,08/29/2025 12:23:00 PM,RIDGEMONT AVE (EB/L),NA,Angle,Clear,Dry,Daylight,Traffic Control Signal,NONE DETECTED,No,No Apparent Injury,NA,Not Distracted,MD,Passenger Car,Moving Constant Speed,40,No,2025,CHEVROLET,TRAX,39.11912917,-77.17177767,2025,8,12
250038662,Injury Crash,08/29/2025 12:16:00 PM,MIDCOUNTY HWY,NA,"Sideswipe, Opposite Direction",Clear,Dry,Daylight,Traffic Control Signal,NONE DETECTED,Yes,Possible Minor Injury,Failed to Yield Right-of-Way,Not Distracted,MD,Passenger Car,Turning Left,35,No,2023,KIA,SOUL,39.14743905,-77.16924124,2025,8,12
250038662,Injury Crash,08/29/2025 12:16:00 PM,MIDCOUNTY HWY,NA,"Sideswipe, Opposite Direction",Clear,Dry,Daylight,Traffic Control Signal,NONE DETECTED,No,No Apparent Injury,NA,Not Distracted,MD,Passenger Car,Moving Constant Speed,35,No,2017,RAM,PROMASTER 1500,39.14743905,-77.16924124,2025,8,12
250038638,Injury Crash,08/29/2025 11:04:00 AM,POOKS HILL RD,NA,Angle,Clear,Dry,Daylight,Traffic Control Signal,NONE DETECTED,No,Possible Minor Injury,NA,Not Distracted,MD,Passenger Car,Moving Constant Speed,35,No,2021,BMW,X1,39.01481317,-77.10005867,2025,8,11
250038638,Injury Crash,08/29/2025 11:04:00 AM,POOKS HILL RD,NA,Angle,Clear,Dry,Daylight,Traffic Control Signal,NONE DETECTED,No,Possible Minor Injury,NA,Not Distracted,MD,Passenger Car,Turning Left,35,No,2020,TOYOTA,C-HR,39.01481317,-77.10005867,2025,8,11
250038634,Property Damage Crash,08/29/2025 10:12:00 AM,NA,NA,Angle,Clear,Dry,Daylight,Traffic Control Signal,NONE DETECTED,Yes,No Apparent Injury,Failed to Yield Right-of-Way,Unknown,MD,Van - Passenger (&lt;9 Seats),Turning Left,35,No,2015,FORD,TRANSIT,39.14562194,-77.14395048,2025,8,10
250038634,Property Damage Crash,08/29/2025 10:12:00 AM,NA,NA,Angle,Clear,Dry,Daylight,Traffic Control Signal,NONE DETECTED,No,No Apparent Injury,NA,Not Distracted,MD,Passenger Car,Moving Constant Speed,35,No,1994,CHEVROLET,GMT-400,39.14562194,-77.14395048,2025,8,10
250038628,Property Damage Crash,08/29/2025 09:38:00 AM,NA,NA,Angle,Clear,Dry,Daylight,Traffic Control Signal,NONE DETECTED,No,NA,NA,NA,NA,Passenger Car,Turning Right,30,No,0,NA,NA,38.99863483,-77.0262895,2025,8,9
250038628,Property Damage Crash,08/29/2025 09:38:00 AM,NA,NA,Angle,Clear,Dry,Daylight,Traffic Control Signal,NONE DETECTED,No,No Apparent Injury,NA,Not Distracted,MD,Bus - Transit,Parked,30,No,2023,NEW FLYER,XCELSIOR,38.99863483,-77.0262895,2025,8,9
250038614,Property Damage Crash,08/29/2025 08:21:00 AM,EAST WEST HWY (WB/L),NA,"Sideswipe, Same Direction",Clear,Dry,Daylight,No Controls,NONE DETECTED,No,No Apparent Injury,NA,Not Distracted,MD,Bus - Transit,Changing Lanes,25,No,2022,NEW FLYER,XCELSIOR,38.98475897,-77.093755,2025,8,8
250038614,Property Damage Crash,08/29/2025 08:21:00 AM,EAST WEST HWY (WB/L),NA,"Sideswipe, Same Direction",Clear,Dry,Daylight,No Controls,NONE DETECTED,No,No Apparent Injury,NA,Not Distracted,MD,Pickup,Moving Constant Speed,25,No,2020,FORD,F-150,38.98475897,-77.093755,2025,8,8
250038611,Property Damage Crash,08/29/2025 07:50:00 AM,NA,NA,Front to Rear,Clear,Dry,Daylight,No Controls,NONE DETECTED,Yes,No Apparent Injury,NA,Unknown,PA,Sport Utility Vehicle,Slowing or Stopping,40,No,2016,JEEP,PATRIOT,39.08970832,-77.17831425,2025,8,7
250038611,Property Damage Crash,08/29/2025 07:50:00 AM,NA,NA,Front to Rear,Clear,Dry,Daylight,No Controls,NONE DETECTED,No,No Apparent Injury,NA,Not Distracted,MD,Sport Utility Vehicle,Slowing or Stopping,40,No,2021,ACURA,RDX,39.08970832,-77.17831425,2025,8,7
250038612,Property Damage Crash,08/29/2025 07:19:00 AM,RIVER RD (WB/L),NA,Angle,Clear,Dry,Daylight,No Controls,NONE DETECTED,No,No Apparent Injury,NA,Unknown,MD,Other Trucks,Changing Lanes,35,No,2018,MACK,GU (GRANITE),38.96818817,-77.108259,2025,8,7
250038612,Property Damage Crash,08/29/2025 07:19:00 AM,RIVER RD (WB/L),NA,Angle,Clear,Dry,Daylight,No Controls,NONE DETECTED,No,No Apparent Injury,NA,Not Distracted,MD,Passenger Car,Moving Constant Speed,35,No,2010,MERCEDES-BENZ,E-CLASS,38.96818817,-77.108259,2025,8,7
250038606,Property Damage Crash,08/29/2025 07:16:00 AM,NA,NA,Angle,Clear,NA,Daylight,NA,NONE DETECTED,No,NA,NA,NA,NA,Passenger Car,Backing,0,No,2023,TOYOTA,TUNDRA,39.02041317,-77.01205917,2025,8,7
250038604,Property Damage Crash,08/29/2025 05:39:00 AM,COLESVILLE RD (SB/L),NA,Front to Rear,Clear,Dry,Medium,No Controls,NONE DETECTED,No,No Apparent Injury,NA,Not Distracted,MD,Sport Utility Vehicle,Slowing or Stopping,35,No,2019,NISSAN,ROGUE,39.02012167,-77.0130935,2025,8,5
250038604,Property Damage Crash,08/29/2025 05:39:00 AM,COLESVILLE RD (SB/L),NA,Front to Rear,Clear,Dry,Medium,No Controls,NONE DETECTED,Yes,No Apparent Injury,NA,Unknown,MD,Passenger Car,Changing Lanes,35,No,2013,HONDA,ACCORD,39.02012167,-77.0130935,2025,8,5
250038600,Injury Crash,08/29/2025 03:05:00 AM,OLD COLUMBIA PIKE,NA,Front to Rear,Clear,Dry,Medium,No Controls,NONE DETECTED,No,Possible Minor Injury,NA,Not Distracted,MD,Passenger Car,Moving Constant Speed,35,No,2019,HONDA,HR-V,39.07892532,-76.95585817,2025,8,3
250038600,Injury Crash,08/29/2025 03:05:00 AM,OLD COLUMBIA PIKE,NA,Front to Rear,Clear,Dry,Medium,No Controls,NONE DETECTED,Yes,No Apparent Injury,NA,Not Distracted,VA,Passenger Car,Moving Constant Speed,35,No,2006,TOYOTA,HIGHLANDER,39.07892532,-76.95585817,2025,8,3
250038589,Property Damage Crash,08/28/2025 11:30:00 PM,MATENY RD (NB/L),NA,Other,Clear,Dry,Medium,No Controls,NONE DETECTED,Yes,No Apparent Injury,"Operated Motor Vehicle in Inattentive, Careless, Negligent, or Erratic Manner, Other Improper Action","Other Action (looking away from task, etc.)",MD,Passenger Car,Moving Constant Speed,40,No,2011,LEXUS,ES,39.14741483,-77.27148983,2025,8,23
250038578,Injury Crash,08/28/2025 08:50:00 PM,SHADY GROVE RD,NA,Front to Front,Clear,Dry,Medium,Traffic Control Signal,NONE DETECTED,No,Possible Minor Injury,NA,Not Distracted,MD,Passenger Car,Turning Left,15,No,2021,TOYOTA,COROLLA,39.12507115,-77.17499424,2025,8,20
250038578,Injury Crash,08/28/2025 08:50:00 PM,SHADY GROVE RD,NA,Front to Front,Clear,Dry,Medium,Traffic Control Signal,ALCOHOL PRESENT,No,Possible Minor Injury,NA,Unknown,NJ,Sport Utility Vehicle,Moving Constant Speed,35,No,2020,HONDA,CR-V,39.12507115,-77.17499424,2025,8,20
250038581,Property Damage Crash,08/28/2025 08:19:00 PM,GEORGIA AVE (SB/L),NA,Angle,Clear,Dry,Medium,Traffic Control Signal,NONE DETECTED,No,No Apparent Injury,NA,Not Distracted,MD,Passenger Car,Slowing or Stopping,25,No,2008,HONDA,ACCORD,38.9944614,-77.02707523,2025,8,20
250038581,Property Damage Crash,08/28/2025 08:19:00 PM,GEORGIA AVE (SB/L),NA,Angle,Clear,Dry,Medium,Traffic Control Signal,NONE DETECTED,No,NA,NA,NA,NA,NA,Turning Right,25,No,0,NA,NA,38.9944614,-77.02707523,2025,8,20
250038572,Property Damage Crash,08/28/2025 08:16:00 PM,GEORGIA AVE,NA,"Sideswipe, Same Direction",Clear,Dry,Medium,No Controls,NONE DETECTED,No,No Apparent Injury,NA,Not Distracted,MD,Passenger Car,Moving Constant Speed,35,No,2022,TOYOTA,CAMRY,38.99364698,-77.02659013,2025,8,20
250038571,Property Damage Crash,08/28/2025 08:16:00 PM,GEORGIA AVE,NA,"Sideswipe, Same Direction",Clear,Dry,Medium,No Controls,NONE DETECTED,No,NA,NA,NA,NA,Sport Utility Vehicle,Turning Right,35,No,1900,HYUNDAI,TUCSON,38.99442038,-77.02672461,2025,8,20
250038572,Property Damage Crash,08/28/2025 08:16:00 PM,GEORGIA AVE,NA,"Sideswipe, Same Direction",Clear,Dry,Medium,No Controls,NONE DETECTED,No,NA,"Disregard Officer Directions, Operated Motor Vehicle in Inattentive, Careless, Negligent, or Erratic Manner, Operated Motor Vehicle in Reckless or Aggressive Manner, Other Improper Action, Too Fast For Conditions",NA,NA,Sport Utility Vehicle,Moving Constant Speed,35,No,1900,HYUNDAI,TUCSON,38.99364698,-77.02659013,2025,8,20