Local Case Number,ACRS Report Type,Crash Date/Time,Road Name,Related Non-Motorist,Collision Type,Weather,Surface Condition,Light,Traffic Control,Driver Substance Abuse,Driver At Fault,Injury Severity,Circumstance,Driver Distracted By,Drivers License State,Vehicle Body Type,Vehicle Movement,Speed Limit,Driverless Vehicle,Vehicle Year,Vehicle Make,Vehicle Model,Latitude,Longitude,Year,Month,Hour
250038571,Property Damage Crash,08/28/2025 08:16:00 PM,GEORGIA AVE,NA,"Sideswipe, Same Direction",Clear,Dry,Medium,Traffic Control Signal,NONE DETECTED,No,No Apparent Injury,NA,Not Distracted,MD,Passenger Car,Moving Constant Speed,35,No,2014,TOYOTA,CAMRY,38.99442038,-77.02672461,2025,8,20
250038554,Property Damage Crash,08/28/2025 05:38:00 PM,NA,NA,Single Vehicle,Clear,NA,Daylight,NA,NONE DETECTED,No,No Apparent Injury,NA,Not Distracted,OH,Other Trucks,Backing,0,No,2020,FREIGHTLINER,CASCADIA,39.10313214,-77.13294282,2025,8,17
250038540,Injury Crash,08/28/2025 05:30:00 PM,CHERRY HILL RD,NA,Single Vehicle,Clear,Dry,Daylight,Traffic Control Signal,NONE DETECTED,Yes,Possible Minor Injury,NA,Not Distracted,MD,Passenger Car,Turning Left,40,No,2022,HONDA,HR-V,39.06200025,-76.96062015,2025,8,17
250038539,Property Damage Crash,08/28/2025 05:30:00 PM,NA,NA,"Sideswipe, Same Direction",Clear,NA,Daylight,NA,NONE DETECTED,No,No Apparent Injury,NA,Not Distracted,MD,Passenger Car,Parked,0,No,2019,CHEVROLET,TRAX,39.08273443,-76.94604845,2025,8,17
250038539,Property Damage Crash,08/28/2025 05:30:00 PM,NA,NA,"Sideswipe, Same Direction",Clear,NA,Daylight,NA,NONE DETECTED,Yes,No Apparent Injury,NA,Not Distracted,NA,Passenger Car,Moving Constant Speed,0,No,2016,HONDA,ACCORD,39.08273443,-76.94604845,2025,8,17
250038544,Property Damage Crash,08/28/2025 05:29:00 PM,KENDALL ST,Cyclist (non-electric),Single Vehicle,Clear,Dry,Daylight,No Controls,NONE DETECTED,No,No Apparent Injury,NA,Not Distracted,MD,Passenger Car,Turning Right,15,No,2023,VOLVO,XC60,39.05943829,-77.06032409,2025,8,17
250038531,Property Damage Crash,08/28/2025 04:50:00 PM,LOST KNIFE RD,NA,"Sideswipe, Same Direction",Clear,Dry,Daylight,No Controls,NONE DETECTED,No,No Apparent Injury,NA,Not Distracted,MD,Passenger Car,Moving Constant Speed,30,No,2014,TOYOTA,COROLLA,39.15557596,-77.20205337,2025,8,16
250038531,Property Damage Crash,08/28/2025 04:50:00 PM,LOST KNIFE RD,NA,"Sideswipe, Same Direction",Clear,Dry,Daylight,No Controls,NONE DETECTED,No,No Apparent Injury,NA,Not Distracted,MD,Bus - Transit,Changing Lanes,30,No,2013,GILLIG,LOW FLOOR BUS,39.15557596,-77.20205337,2025,8,16
250038534,Property Damage Crash,08/28/2025 04:29:00 PM,NA,NA,Rear To Side,Clear,NA,Daylight,NA,NONE DETECTED,No,No Apparent Injury,NA,Not Distracted,MD,Other Trucks,Slowing or Stopping,0,No,2016,PIERCE MANUFACTURING,TRUCK,39.07545361,-77.1379488,2025,8,16
250038534,Property Damage Crash,08/28/2025 04:29:00 PM,NA,NA,Rear To Side,Clear,NA,Daylight,NA,NONE DETECTED,Yes,No Apparent Injury,Improper Backing,"Other Action (looking away from task, etc.)",MD,Passenger Car,Backing,0,No,2024,SUBARU,CROSSTREK,39.07545361,-77.1379488,2025,8,16
250038523,Property Damage Crash,08/28/2025 04:01:00 PM,NA,NA,Other,Clear,NA,Daylight,NA,NONE DETECTED,No,NA,NA,NA,NA,Passenger Car,Accelerating,0,No,2006,TOYOTA,CAMRY,39.02046998,-77.01355353,2025,8,16
250038671,Property Damage Crash,08/28/2025 03:55:00 PM,MELINDA LA,Pedestrian,Single Vehicle,Clear,Dry,Daylight,Stop Sign,NONE DETECTED,No,No Apparent Injury,NA,Not Distracted,MD,Bus - School,Accelerating,25,No,2025,FREIGHTLINER,B2 106 ELECTRIC CONVENTIONAL CHASSIS,39.09462457,-77.09825856,2025,8,15
250038518,Property Damage Crash,08/28/2025 03:15:00 PM,BATTERY LA,NA,Front to Rear,Clear,Dry,Daylight,Traffic Control Signal,ALCOHOL PRESENT,Yes,No Apparent Injury,NA,Unknown,DC,Sport Utility Vehicle,Moving Constant Speed,25,No,2025,JEEP,GRAND CHEROKEE L,38.99031931,-77.10346829,2025,8,15
250038518,Property Damage Crash,08/28/2025 03:15:00 PM,BATTERY LA,NA,Front to Rear,Clear,Dry,Daylight,Traffic Control Signal,NONE DETECTED,No,No Apparent Injury,NA,Not Distracted,MD,Sport Utility Vehicle,Stopped in Traffic,25,No,2014,TOYOTA,RAV4,38.99031931,-77.10346829,2025,8,15
250038516,Property Damage Crash,08/28/2025 03:12:00 PM,NA,NA,Front to Rear,Clear,Dry,Daylight,Traffic Control Signal,NONE DETECTED,No,No Apparent Injury,NA,Not Distracted,MD,Station Wagon,Stopped in Traffic,35,No,2019,SUBARU,FORESTER,39.18976,-77.185262,2025,8,15
250038516,Property Damage Crash,08/28/2025 03:12:00 PM,NA,NA,Front to Rear,Clear,Dry,Daylight,Traffic Control Signal,NONE DETECTED,Yes,No Apparent Injury,Improper Backing,Not Distracted,MD,Sport Utility Vehicle,Backing,35,No,2021,FORD,EXPLORER,39.18976,-77.185262,2025,8,15
250038517,Property Damage Crash,08/28/2025 03:11:00 PM,OLD GEORGETOWN RD,NA,Front to Rear,Clear,Dry,Daylight,Traffic Control Signal,NONE DETECTED,No,No Apparent Injury,NA,Not Distracted,DC,Bus - Transit,Stopped in Traffic,25,No,2016,GILLIG,LOW FLOOR BUS,38.98575067,-77.0958575,2025,8,15
250038517,Property Damage Crash,08/28/2025 03:11:00 PM,OLD GEORGETOWN RD,NA,Front to Rear,Clear,Dry,Daylight,Traffic Control Signal,ALCOHOL PRESENT,Yes,No Apparent Injury,NA,Unknown,DC,Passenger Car,Overtaking/Passing,25,No,2025,JEEP,GRAND CHEROKEE L,38.98575067,-77.0958575,2025,8,15
250038509,Injury Crash,08/28/2025 03:10:00 PM,CARROLTON RD (NB/L),NA,Angle,Clear,Dry,Daylight,No Controls,NONE DETECTED,No,Possible Minor Injury,NA,Not Distracted,MD,Passenger Car,Moving Constant Speed,35,No,2016,FORD,FUSION,39.10395569,-77.08822125,2025,8,15
250038509,Injury Crash,08/28/2025 03:10:00 PM,CARROLTON RD (NB/L),NA,Angle,Clear,Dry,Daylight,Stop Sign,NONE DETECTED,Yes,No Apparent Injury,Failed to Yield Right-of-Way,Not Distracted,MD,Sport Utility Vehicle,Moving Constant Speed,25,No,2015,JEEP,GRAND CHEROKEE,39.10395569,-77.08822125,2025,8,15
250038512,Injury Crash,08/28/2025 03:06:00 PM,BOYD AVE,Cyclist (Electric),Single Vehicle,Clear,Dry,Daylight,No Controls,NONE DETECTED,No,No Apparent Injury,NA,Unknown,MD,Sport Utility Vehicle,Turning Left,25,No,2024,TOYOTA,RAV4,38.98057787,-77.00387256,2025,8,15
250038508,Injury Crash,08/28/2025 02:59:00 PM,COLUMBIA PIKE,NA,Front to Rear,Clear,Dry,Daylight,Traffic Control Signal,NONE DETECTED,No,Possible Minor Injury,NA,Not Distracted,MD,Passenger Car,Slowing or Stopping,45,No,2024,HYUNDAI,KONA,39.05606477,-76.97129352,2025,8,14
250038508,Injury Crash,08/28/2025 02:59:00 PM,COLUMBIA PIKE,NA,Front to Rear,Clear,Dry,Daylight,Traffic Control Signal,NONE DETECTED,Yes,No Apparent Injury,NA,Unknown,MD,Passenger Car,Moving Constant Speed,45,No,2019,TOYOTA,RAV4,39.05606477,-76.97129352,2025,8,14
250038624,Property Damage Crash,08/28/2025 12:57:00 PM,WOODMONT AVE,NA,Rear To Side,Clear,Dry,Daylight,No Controls,NONE DETECTED,Yes,No Apparent Injury,NA,Not Distracted,MD,Sport Utility Vehicle,Backing,30,No,2012,VOLKSWAGEN,TIGUAN,38.9804994,-77.0943604,2025,8,12
250038482,Injury Crash,08/28/2025 11:59:00 AM,FIELDCREST RD,NA,Angle,Clear,Dry,Daylight,Traffic Control Signal,NONE DETECTED,Yes,No Apparent Injury,"Operated Motor Vehicle in Inattentive, Careless, Negligent, or Erratic Manner, Ran Red Light",Unknown,MD,Passenger Car,Moving Constant Speed,25,No,2010,MERCEDES-BENZ,C-CLASS,39.18528828,-77.1508714,2025,8,11
250038482,Injury Crash,08/28/2025 11:59:00 AM,FIELDCREST RD,NA,Angle,Clear,Dry,Daylight,Traffic Control Signal,NONE DETECTED,No,Possible Minor Injury,NA,Not Distracted,MD,Sport Utility Vehicle,Moving Constant Speed,45,No,1997,JEEP,CHEROKEE,39.18528828,-77.1508714,2025,8,11
250038477,Injury Crash,08/28/2025 11:49:00 AM,W CEDAR LA,NA,"Sideswipe, Same Direction",Clear,Dry,Daylight,No Controls,NONE DETECTED,No,Possible Minor Injury,NA,Not Distracted,MD,Passenger Car,Moving Constant Speed,35,No,2022,CHRYSLER,PACIFICA,39.0048495,-77.10750617,2025,8,11
250038477,Injury Crash,08/28/2025 11:49:00 AM,W CEDAR LA,NA,"Sideswipe, Same Direction",Clear,Dry,Daylight,No Controls,NONE DETECTED,No,No Apparent Injury,NA,Not Distracted,MD,Passenger Car,Backing,35,No,2009,TOYOTA,CAMRY,39.0048495,-77.10750617,2025,8,11
250038474,Property Damage Crash,08/28/2025 10:56:00 AM,ZION RD,NA,Angle,Clear,Dry,Daylight,No Controls,NONE DETECTED,No,No Apparent Injury,NA,Not Distracted,MD,Passenger Car,Moving Constant Speed,25,No,2018,DODGE,CHARGER,39.18232288,-77.10051058,2025,8,10
250038474,Property Damage Crash,08/28/2025 10:56:00 AM,ZION RD,NA,Angle,Clear,Dry,Daylight,No Controls,NONE DETECTED,Yes,No Apparent Injury,Failed to Yield Right-of-Way,Not Distracted,MD,Passenger Car,Turning Left,0,No,2022,HONDA,HR-V,39.18232288,-77.10051058,2025,8,10
250038452,Injury Crash,08/28/2025 08:53:00 AM,FREDERICK RD (SB/L),NA,Front to Rear,Clear,Dry,Daylight,Traffic Control Signal,NONE DETECTED,Yes,No Apparent Injury,NA,Not Distracted,DC,Van - Passenger (&lt;9 Seats),Moving Constant Speed,40,No,2010,CHEVROLET,EXPRESS,39.12328752,-77.17886132,2025,8,8
250038452,Injury Crash,08/28/2025 08:53:00 AM,FREDERICK RD (SB/L),NA,Front to Rear,Clear,Dry,Daylight,Traffic Control Signal,NONE DETECTED,No,No Apparent Injury,NA,Not Distracted,MD,Passenger Car,Slowing or Stopping,40,No,2025,HONDA,CIVIC,39.12328752,-77.17886132,2025,8,8
250038452,Injury Crash,08/28/2025 08:53:00 AM,FREDERICK RD (SB/L),NA,Front to Rear,Clear,Dry,Daylight,Traffic Control Signal,NONE DETECTED,No,Possible Minor Injury,NA,Not Distracted,MD,Passenger Car,Slowing or Stopping,40,No,2015,TOYOTA,RAV4,39.12328752,-77.17886132,2025,8,8
250038448,Injury Crash,08/28/2025 08:38:00 AM,W MONTGOMERY AVE,Pedestrian,Single Vehicle,Clear,Dry,Daylight,Stop Sign,NONE DETECTED,Yes,No Apparent Injury,NA,Not Distracted,MD,Passenger Car,Moving Constant Speed,25,No,2015,HONDA,CIVIC,39.08414069,-77.15481496,2025,8,8
250038448,Injury Crash,08/28/2025 08:38:00 AM,W MONTGOMERY AVE,Pedestrian,Single Vehicle,Clear,Dry,Daylight,No Controls,NONE DETECTED,No,No Apparent Injury,NA,Not Distracted,MD,Single-Unit Truck,Moving Constant Speed,30,No,2024,FORD,F-650,39.08414069,-77.15481496,2025,8,8
250038445,Injury Crash,08/28/2025 07:52:00 AM,NA,NA,"Sideswipe, Same Direction",Clear,Dry,Daylight,No Controls,NONE DETECTED,Yes,Possible Minor Injury,NA,Unknown,MD,Passenger Car,Moving Constant Speed,25,No,2017,CHRYSLER,300,39.09246461,-77.08225023,2025,8,7
250038443,Property Damage Crash,08/28/2025 07:52:00 AM,GARWOOD ST,NA,Angle,Clear,Dry,Daylight,No Controls,NONE DETECTED,No,No Apparent Injury,NA,Not Distracted,MD,Van - Passenger (&lt;9 Seats),Moving Constant Speed,25,No,2011,HONDA,ODYSSEY,39.0117118,-77.00359771,2025,8,7
250038443,Property Damage Crash,08/28/2025 07:52:00 AM,GARWOOD ST,NA,Angle,Clear,Dry,Daylight,No Controls,NONE DETECTED,No,No Apparent Injury,NA,Not Distracted,MD,Passenger Car,Stopped in Traffic,25,No,2024,HONDA,ACCORD,39.0117118,-77.00359771,2025,8,7
250038443,Property Damage Crash,08/28/2025 07:52:00 AM,GARWOOD ST,NA,Angle,Clear,Dry,Daylight,Stop Sign,NONE DETECTED,Yes,No Apparent Injury,NA,Not Distracted,MD,Passenger Car,Entering Traffic Lane,25,No,2011,BMW,328I,39.0117118,-77.00359771,2025,8,7
250038439,Property Damage Crash,08/28/2025 07:15:00 AM,NA,NA,Other,Clear,NA,Daylight,NA,NONE DETECTED,Yes,No Apparent Injury,Other Improper Action,Not Distracted,MD,Bus - School,NA,0,No,2018,FREIGHTLINER,B2 BUS CHASSIS,39.15786001,-77.27361315,2025,8,7
250038438,Property Damage Crash,08/28/2025 06:24:00 AM,UNIVERSITY BLVD W (WB/L),NA,"Sideswipe, Same Direction",Clear,Dry,Daylight,Traffic Control Signal,NONE DETECTED,Yes,No Apparent Injury,NA,Not Distracted,NA,Passenger Car,Changing Lanes,35,No,2004,HONDA,CIVIC,39.04012699,-77.05534978,2025,8,6
250038438,Property Damage Crash,08/28/2025 06:24:00 AM,UNIVERSITY BLVD W (WB/L),NA,"Sideswipe, Same Direction",Clear,Dry,Daylight,Traffic Control Signal,NONE DETECTED,No,No Apparent Injury,NA,Not Distracted,MD,Passenger Car,Moving Constant Speed,35,No,2023,ACURA,RDX,39.04012699,-77.05534978,2025,8,6
250038437,Property Damage Crash,08/28/2025 05:54:00 AM,MIDDLEBROOK RD,NA,Angle,Clear,Dry,Medium,No Controls,ALCOHOL PRESENT,Yes,No Apparent Injury,Failed to Keep in Proper Lane,Unknown,MD,Passenger Car,Moving Constant Speed,15,No,2013,INFINITI,G37,39.18020106,-77.26865878,2025,8,5
250038579,Property Damage Crash,08/28/2025 05:20:00 AM,HARRELL ST,NA,Rear To Rear,Clear,Dry,Medium,No Controls,NONE DETECTED,Yes,No Apparent Injury,Improper Backing,Unknown,MD,Passenger Car,Backing,20,No,2004,TOYOTA,SIENNA,39.06305575,-77.07067302,2025,8,5
250038432,Injury Crash,08/28/2025 04:21:00 AM,FENTON ST,Scooter (electric),Single Vehicle,Clear,Dry,Medium,No Controls,NONE DETECTED,Yes,No Apparent Injury,NA,Not Distracted,NA,Passenger Car,Accelerating,25,No,2021,HONDA,PASSPORT,38.98267528,-77.02094095,2025,8,4
250038081,Property Damage Crash,08/28/2025 03:53:00 AM,UNIVERSITY BLVD W,NA,Other,Clear,Dry,Medium,Traffic Control Signal,NONE DETECTED,No,No Apparent Injury,NA,Not Distracted,MD,Passenger Car,Moving Constant Speed,40,No,2014,TOYOTA,COROLLA,39.01978742,-77.01333767,2025,8,3
250038081,Property Damage Crash,08/28/2025 03:53:00 AM,UNIVERSITY BLVD W,NA,Other,Clear,Dry,Medium,Traffic Control Signal,NONE DETECTED,No,NA,NA,NA,NA,NA,Moving Constant Speed,40,No,0,NA,NA,39.01978742,-77.01333767,2025,8,3
250038428,Property Damage Crash,08/27/2025 11:58:00 PM,AMHERST AVE,NA,Front to Rear,Clear,Dry,Medium,No Controls,ALCOHOL PRESENT,Yes,No Apparent Injury,NA,Unknown,MD,Passenger Car,Accelerating,15,No,2016,HONDA,ACCORD,39.04643984,-77.04842957,2025,8,23
250038417,Injury Crash,08/27/2025 09:31:00 PM,MT VERNON AVE,NA,Front to Front,Clear,Dry,Medium,No Controls,NONE DETECTED,Yes,No Apparent Injury,"Failed to Yield Right-of-Way, Improper Turn",Not Distracted,MD,Passenger Car,Turning Left,35,No,2005,HONDA,CIVIC,39.28365197,-77.20185936,2025,8,21
250038417,Injury Crash,08/27/2025 09:31:00 PM,MT VERNON AVE,NA,Front to Front,Clear,Dry,Medium,No Controls,NONE DETECTED,No,No Apparent Injury,NA,Not Distracted,MD,Van - Passenger (&lt;9 Seats),Moving Constant Speed,35,No,2017,NISSAN,NV,39.28365197,-77.20185936,2025,8,21
250038414,Property Damage Crash,08/27/2025 09:00:00 PM,NA,NA,Front to Rear,Clear,Dry,Medium,No Controls,NONE DETECTED,Yes,No Apparent Injury,Failed to Yield Right-of-Way,Not Distracted,MD,Pickup,Accelerating,50,No,2009,CHEVROLET,SILVERADO,39.26920642,-77.15229591,2025,8,21
250038414,Property Damage Crash,08/27/2025 09:00:00 PM,NA,NA,Front to Rear,Clear,Dry,Medium,No Controls,NONE DETECTED,No,No Apparent Injury,NA,Not Distracted,MD,Passenger Car,Moving Constant Speed,50,No,2011,HONDA,ACCORD,39.26920642,-77.15229591,2025,8,21
250038416,Property Damage Crash,08/27/2025 08:58:00 PM,NA,NA,Front to Rear,Clear,NA,Medium,NA,NONE DETECTED,No,NA,Improper Backing,Not Distracted,NA,Passenger Car,Backing,0,No,0,NA,NA,39.16729298,-77.17172023,2025,8,20
250038396,Injury Crash,08/27/2025 06:27:00 PM,EAST VILLAGE AVE,NA,Front to Front,Clear,Dry,Daylight,Stop Sign,NONE DETECTED,Yes,Possible Minor Injury,Failed to Yield Right-of-Way,Unknown,MD,Passenger Car,Turning Left,30,No,2007,HONDA,CR-V,39.18502491,-77.17586549,2025,8,18
250038396,Injury Crash,08/27/2025 06:27:00 PM,EAST VILLAGE AVE,NA,Front to Front,Clear,Dry,Daylight,Stop Sign,NONE DETECTED,No,No Apparent Injury,NA,Not Distracted,MD,Passenger Car,Moving Constant Speed,30,No,2020,JEEP,GRAND CHEROKEE,39.18502491,-77.17586549,2025,8,18
250038392,Property Damage Crash,08/27/2025 05:46:00 PM,NA,NA,Angle,Clear,NA,Daylight,NA,NONE DETECTED,No,No Apparent Injury,NA,Not Distracted,MD,Passenger Car,Moving Constant Speed,0,No,2021,FORD,MUSTANG MACH-E,39.18105573,-77.27012905,2025,8,17
250038392,Property Damage Crash,08/27/2025 05:46:00 PM,NA,NA,Angle,Clear,NA,Daylight,NA,NONE DETECTED,Yes,No Apparent Injury,Failed to Yield Right-of-Way,Unknown,MD,Passenger Car,Entering Traffic Lane,0,No,2015,FORD,ESCAPE,39.18105573,-77.27012905,2025,8,17
250038388,Injury Crash,08/27/2025 05:30:00 PM,RIDGE RD,NA,Front to Rear,Clear,Dry,Daylight,No Controls,NONE DETECTED,No,Possible Minor Injury,NA,Not Distracted,VA,Passenger Car,Slowing or Stopping,40,No,2025,TESLA,MODEL Y,39.25950476,-77.22373872,2025,8,17
250038388,Injury Crash,08/27/2025 05:30:00 PM,RIDGE RD,NA,Front to Rear,Clear,Dry,Daylight,No Controls,NONE DETECTED,Yes,Possible Minor Injury,Other Improper Action,"Other Action (looking away from task, etc.)",MD,Van - Passenger (&lt;9 Seats),Moving Constant Speed,40,No,2019,DODGE,GRAND CARAVAN,39.25950476,-77.22373872,2025,8,17
250038391,Property Damage Crash,08/27/2025 05:06:00 PM,NA,NA,Angle,Clear,Dry,Daylight,No Controls,NONE DETECTED,No,No Apparent Injury,NA,Not Distracted,MD,Pickup,Moving Constant Speed,35,No,2024,CHEVROLET,SILVERADO,39.07276763,-77.11247343,2025,8,17
250038391,Property Damage Crash,08/27/2025 05:06:00 PM,NA,NA,Angle,Clear,Dry,Daylight,No Controls,NONE DETECTED,No,No Apparent Injury,Failed to Yield Right-of-Way,Unknown,MD,Passenger Car,Entering Traffic Lane,35,No,2016,VOLVO,XC70,39.07276763,-77.11247343,2025,8,17
25003831,Injury Crash,08/27/2025 05:02:00 PM,GEORGIA AVE (SB/L),Pedestrian,Single Vehicle,Clear,Dry,Daylight,No Controls,NONE DETECTED,No,No Apparent Injury,NA,Not Distracted,MD,Passenger Car,Moving Constant Speed,35,No,2008,HYUNDAI,AZERA,39.02701719,-77.04685988,2025,8,17
250038382,Injury Crash,08/27/2025 04:58:00 PM,CHERRY HILL RD,NA,Front to Rear,Clear,Dry,Daylight,Traffic Control Signal,NONE DETECTED,Yes,No Apparent Injury,NA,Not Distracted,MD,Sport Utility Vehicle,Accelerating,40,No,2023,LEXUS,GX,39.05511683,-76.95385917,2025,8,16
250038382,Injury Crash,08/27/2025 04:58:00 PM,CHERRY HILL RD,NA,Front to Rear,Clear,Dry,Daylight,No Controls,NONE DETECTED,Yes,Possible Minor Injury,NA,Not Distracted,MD,Sport Utility Vehicle,Stopped in Traffic,40,No,2021,BMW,X7,39.05511683,-76.95385917,2025,8,16
250038385,Property Damage Crash,08/27/2025 04:48:00 PM,RODNEY RD,NA,Single Vehicle,Clear,Dry,Daylight,No Controls,NONE DETECTED,No,No Apparent Injury,NA,Not Distracted,DC,Passenger Car,Slowing or Stopping,40,No,2012,DODGE,AVENGER,39.0285355,-76.98350867,2025,8,16
250038378,Injury Crash,08/27/2025 04:35:00 PM,NA,NA,Angle,Clear,Dry,Daylight,No Controls,NONE DETECTED,No,Possible Minor Injury,NA,Not Distracted,DC,Pickup,Moving Constant Speed,25,No,2015,GMC,SIERRA,39.14303729,-77.21725004,2025,8,16
250038378,Injury Crash,08/27/2025 04:35:00 PM,NA,NA,Angle,Clear,Dry,Daylight,Stop Sign,NONE DETECTED,Yes,No Apparent Injury,Failed to Yield Right-of-Way,Unknown,MD,Passenger Car,Turning Left,25,No,2018,TESLA,MODEL 3,39.14303729,-77.21725004,2025,8,16
250038370,Property Damage Crash,08/27/2025 03:58:00 PM,COLUMBIA BLVD (NB/L),NA,Angle,Clear,Dry,Daylight,No Controls,NONE DETECTED,Yes,No Apparent Injury,NA,Not Distracted,MD,Passenger Car,Turning Right,30,No,2025,FORD,MUSTANG,39.00872667,-77.03976713,2025,8,15
250038370,Property Damage Crash,08/27/2025 03:58:00 PM,COLUMBIA BLVD (NB/L),NA,Angle,Clear,Dry,Daylight,No Controls,NONE DETECTED,No,No Apparent Injury,NA,Not Distracted,MD,Bus - School,Moving Constant Speed,30,No,2024,FREIGHTLINER,B2 BUS CHASSIS,39.00872667,-77.03976713,2025,8,15
250038365,Property Damage Crash,08/27/2025 03:28:00 PM,UNIVERSITY BLVD W (WB/L),NA,"Sideswipe, Same Direction",Clear,Dry,Daylight,No Controls,NONE DETECTED,No,No Apparent Injury,NA,Not Distracted,MD,Bus - Transit,Moving Constant Speed,35,No,2010,NEW FLYER,LOW FLOOR - ADVANCED STYLE,39.03360624,-77.02368776,2025,8,15
250038365,Property Damage Crash,08/27/2025 03:28:00 PM,UNIVERSITY BLVD W (WB/L),NA,"Sideswipe, Same Direction",Clear,Dry,Daylight,No Controls,NONE DETECTED,Yes,No Apparent Injury,NA,Not Distracted,MD,Passenger Car,Changing Lanes,35,No,2023,FORD,BRONCO SPORT,39.03360624,-77.02368776,2025,8,15
250038177,Property Damage Crash,08/27/2025 03:06:00 PM,NA,NA,Rear To Side,Clear,NA,Daylight,NA,NONE DETECTED,No,No Apparent Injury,NA,Unknown,MD,Passenger Car,Backing,0,No,2019,DODGE,CHALLENGER,39.03982973,-77.05150157,2025,8,15
250038344,Property Damage Crash,08/27/2025 01:00:00 PM,ROCKVILLE PIKE (SB/L),NA,Front to Front,Clear,Dry,Daylight,No Controls,NONE DETECTED,No,No Apparent Injury,NA,Unknown,MD,Passenger Car,Moving Constant Speed,35,No,2006,HONDA,CIVIC,39.04834908,-77.11366282,2025,8,13
250038344,Property Damage Crash,08/27/2025 01:00:00 PM,ROCKVILLE PIKE (SB/L),NA,Front to Front,Clear,Dry,Daylight,No Controls,NONE DETECTED,No,NA,NA,NA,NA,Passenger Car,Turning Left,35,No,2013,HONDA,CIVIC,39.04834908,-77.11366282,2025,8,13
250038345,Property Damage Crash,08/27/2025 12:55:00 PM,CHAPMAN AVE,NA,"Sideswipe, Same Direction",Clear,Dry,Daylight,Traffic Control Signal,NONE DETECTED,No,No Apparent Injury,NA,Not Distracted,MD,Passenger Car,Moving Constant Speed,35,No,2011,BMW,535I,39.05866059,-77.11885829,2025,8,12
250038345,Property Damage Crash,08/27/2025 12:55:00 PM,CHAPMAN AVE,NA,"Sideswipe, Same Direction",Clear,Dry,Daylight,Traffic Control Signal,NONE DETECTED,No,NA,NA,NA,NA,Passenger Car,Moving Constant Speed,35,No,2022,BMW,X5,39.05866059,-77.11885829,2025,8,12
250038315,Property Damage Crash,08/27/2025 10:08:00 AM,NA,NA,Other,Clear,Dry,Daylight,No Controls,NONE DETECTED,Yes,No Apparent Injury,NA,Unknown,MD,Passenger Car,Entering Traffic Lane,35,No,2005,ACURA,TL,38.99974383,-76.99304722,2025,8,10
250038315,Property Damage Crash,08/27/2025 10:08:00 AM,NA,NA,Other,Clear,Dry,Daylight,No Controls,NONE DETECTED,No,No Apparent Injury,NA,Not Distracted,MD,Bus - Transit,Moving Constant Speed,35,No,2016,GILLIG,CITY TRANSIT BUS,38.99974383,-76.99304722,2025,8,10
250038304,Injury Crash,08/27/2025 09:24:00 AM,GOLD MINE RD,NA,Angle,Clear,Dry,Daylight,Stop Sign,NONE DETECTED,No,Possible Minor Injury,NA,Not Distracted,MD,Passenger Car,Turning Left,30,No,2014,SUBARU,FORESTER,39.17922417,-77.02702274,2025,8,9
250038304,Injury Crash,08/27/2025 09:24:00 AM,GOLD MINE RD,NA,Angle,Clear,Dry,Daylight,Stop Sign,NONE DETECTED,Yes,No Apparent Injury,NA,Not Distracted,MD,Passenger Car,Turning Left,30,No,2017,TOYOTA,CAMRY,39.17922417,-77.02702274,2025,8,9
250038312,Property Damage Crash,08/27/2025 09:14:00 AM,NA,NA,Other,Clear,NA,Daylight,NA,NONE DETECTED,No,NA,Other Improper Action,Unknown,NA,Passenger Car,Backing,0,No,0,NA,NA,39.02784249,-77.14508272,2025,8,9
250038298,Injury Crash,08/27/2025 08:55:00 AM,NA,NA,Front to Rear,Clear,Dry,Daylight,No Controls,NONE DETECTED,Yes,Possible Minor Injury,NA,Unknown,MD,Sport Utility Vehicle,Accelerating,20,No,2018,FORD,ESCAPE,39.07635128,-77.22187937,2025,8,8