Local Case Number,ACRS Report Type,Crash Date/Time,Road Name,Related Non-Motorist,Collision Type,Weather,Surface Condition,Light,Traffic Control,Driver Substance Abuse,Driver At Fault,Injury Severity,Circumstance,Driver Distracted By,Drivers License State,Vehicle Body Type,Vehicle Movement,Speed Limit,Driverless Vehicle,Vehicle Year,Vehicle Make,Vehicle Model,Latitude,Longitude,Year,Month,Hour
250038295,Injury Crash,08/27/2025 08:31:00 AM,TUCKERMAN LA,NA,Front to Rear,Clear,Dry,Daylight,No Controls,NONE DETECTED,Yes,Possible Minor Injury,Failed to Keep in Proper Lane,Unknown,MD,Passenger Car,Turning Left,35,No,2010,TOYOTA,YARIS,39.03374949,-77.12293716,2025,8,8
250038295,Injury Crash,08/27/2025 08:31:00 AM,TUCKERMAN LA,NA,Front to Rear,Clear,Dry,Daylight,No Controls,NONE DETECTED,No,No Apparent Injury,NA,Not Distracted,SC,Truck Tractor,Moving Constant Speed,35,No,2021,FREIGHTLINER,CASCADIA,39.03374949,-77.12293716,2025,8,8
250038291,Injury Crash,08/27/2025 08:17:00 AM,RAMP 8 FR IS 270Y SB TO DEMOCRACY BLVD,Pedestrian,Single Vehicle,Clear,Dry,Daylight,Yield Sign,NONE DETECTED,No,No Apparent Injury,NA,Unknown,MD,Sport Utility Vehicle,Moving Constant Speed,35,No,2001,CHEVROLET,SUBURBAN,39.02199223,-77.1447585,2025,8,8
250038278,Injury Crash,08/27/2025 06:11:00 AM,GLENALLAN AVE (WB/L),NA,Angle,Clear,Dry,Daylight,No Controls,NONE DETECTED,Yes,No Apparent Injury,NA,Not Distracted,MD,Sport Utility Vehicle,Making U-Turn,30,No,2017,HONDA,HR-V,39.06315636,-77.05015019,2025,8,6
250038278,Injury Crash,08/27/2025 06:11:00 AM,GLENALLAN AVE (WB/L),NA,Angle,Clear,Dry,Daylight,No Controls,NONE DETECTED,No,Possible Minor Injury,NA,Not Distracted,MD,Sport Utility Vehicle,Moving Constant Speed,30,No,2019,HYUNDAI,TUCSON,39.06315636,-77.05015019,2025,8,6
250038263,Property Damage Crash,08/26/2025 10:25:00 PM,SNOWDEN FARM PKWY,NA,Single Vehicle,Clear,Dry,Medium,No Controls,NONE DETECTED,Yes,No Apparent Injury,"Failed to Keep in Proper Lane, Ran Off Roadway, Too Fast For Conditions",Not Distracted,MD,Passenger Car,Moving Constant Speed,30,No,2014,MERCEDES-BENZ,CLA-CLASS,39.22594743,-77.2473807,2025,8,22
250038259,Injury Crash,08/26/2025 10:16:00 PM,SWEETBRIAR PKWY,Unknown,Other,Clear,Dry,Medium,No Controls,NONE DETECTED,Yes,Possible Minor Injury,NA,Not Distracted,MD,Passenger Car,Moving Constant Speed,30,No,2017,DODGE,CHARGER,39.02396249,-76.97292481,2025,8,22
250038259,Injury Crash,08/26/2025 10:16:00 PM,SWEETBRIAR PKWY,Unknown,Other,Clear,Dry,Medium,No Controls,NONE DETECTED,Yes,No Apparent Injury,NA,Unknown,MD,Passenger Car,Slowing or Stopping,30,No,2000,LEXUS,RX,39.02396249,-76.97292481,2025,8,22
250038255,Property Damage Crash,08/26/2025 09:45:00 PM,CRYSTAL ROCK DR (SB/L),NA,Angle,Clear,Dry,Medium,Traffic Control Signal,NONE DETECTED,No,No Apparent Injury,NA,Not Distracted,MD,Sport Utility Vehicle,Turning Left,45,No,2010,INFINITI,QX56,39.19362371,-77.27025662,2025,8,21
250038255,Property Damage Crash,08/26/2025 09:45:00 PM,CRYSTAL ROCK DR (SB/L),NA,Angle,Clear,Dry,Medium,Traffic Control Signal,NONE DETECTED,No,No Apparent Injury,NA,Not Distracted,MD,Sport Utility Vehicle,Moving Constant Speed,45,No,2000,CADILLAC,ESCALADE,39.19362371,-77.27025662,2025,8,21
250038241,Injury Crash,08/26/2025 07:49:00 PM,FALLS RD,NA,Front to Rear,Clear,Dry,Medium,No Controls,NONE DETECTED,No,No Apparent Injury,NA,Not Distracted,VA,Sport Utility Vehicle,Turning Right,35,No,2017,MAZDA,CX-9,39.01874067,-77.20869867,2025,8,19
250038241,Injury Crash,08/26/2025 07:49:00 PM,FALLS RD,NA,Front to Rear,Clear,Dry,Medium,No Controls,NONE DETECTED,Yes,No Apparent Injury,NA,Unknown,MD,Sport Utility Vehicle,Slowing or Stopping,35,No,2018,JEEP,GRAND CHEROKEE,39.01874067,-77.20869867,2025,8,19
250038237,Property Damage Crash,08/26/2025 06:45:00 PM,COLESVILLE RD,NA,"Sideswipe, Opposite Direction",Clear,Dry,Daylight,No Controls,NONE DETECTED,Yes,No Apparent Injury,NA,Unknown,MD,Bus - Transit,Turning Left,30,No,2025,GILLIG,LOW FLOOR BUS,38.99440146,-77.03079669,2025,8,18
250038237,Property Damage Crash,08/26/2025 06:45:00 PM,COLESVILLE RD,NA,"Sideswipe, Opposite Direction",Clear,Dry,Daylight,No Controls,NONE DETECTED,No,No Apparent Injury,NA,Not Distracted,MD,Passenger Car,Stopped in Traffic,30,No,2020,TOYOTA,COROLLA,38.99440146,-77.03079669,2025,8,18
250038215,Property Damage Crash,08/26/2025 05:42:00 PM,EISENHOWER MEMORIAL HWY (SB/L),NA,Front to Rear,Clear,Dry,Daylight,No Controls,NONE DETECTED,Yes,No Apparent Injury,NA,Not Distracted,MD,Passenger Car,Slowing or Stopping,55,No,2019,DODGE,CHARGER,39.14127317,-77.21299917,2025,8,17
250038215,Property Damage Crash,08/26/2025 05:42:00 PM,EISENHOWER MEMORIAL HWY (SB/L),NA,Front to Rear,Clear,Dry,Daylight,No Controls,NONE DETECTED,No,No Apparent Injury,NA,Not Distracted,MD,Passenger Car,Slowing or Stopping,55,No,2018,TOYOTA,HIGHLANDER,39.14127317,-77.21299917,2025,8,17
250038193,Injury Crash,08/26/2025 04:07:00 PM,BRIGGS CHANEY RD,NA,Front to Rear,Clear,Dry,Daylight,Traffic Control Signal,NONE DETECTED,No,Possible Minor Injury,NA,Not Distracted,MD,Sport Utility Vehicle,Stopped in Traffic,35,No,2024,MERCEDES-BENZ,EQE-CLASS SUV,39.08246011,-76.94769075,2025,8,16
250038193,Injury Crash,08/26/2025 04:07:00 PM,BRIGGS CHANEY RD,NA,Front to Rear,Clear,Dry,Daylight,Traffic Control Signal,NONE DETECTED,Yes,No Apparent Injury,NA,Not Distracted,MD,Passenger Car,Slowing or Stopping,35,No,2020,TOYOTA,COROLLA,39.08246011,-76.94769075,2025,8,16
250038191,Property Damage Crash,08/26/2025 03:40:00 PM,RANDOLPH RD (WB/L),NA,Front to Rear,Clear,Dry,Daylight,No Controls,NONE DETECTED,No,No Apparent Injury,NA,Not Distracted,MD,Passenger Car,Slowing or Stopping,30,No,2012,NEW FLYER,XCELSIOR,39.05737146,-77.07458258,2025,8,15
250038191,Property Damage Crash,08/26/2025 03:40:00 PM,RANDOLPH RD (WB/L),NA,Front to Rear,Clear,Dry,Daylight,No Controls,NONE DETECTED,No,No Apparent Injury,NA,Not Distracted,MD,Passenger Car,Moving Constant Speed,30,No,2025,HONDA,CIVIC,39.05737146,-77.07458258,2025,8,15
250038187,Property Damage Crash,08/26/2025 03:28:00 PM,NA,NA,"Sideswipe, Opposite Direction",Clear,NA,Daylight,NA,NONE DETECTED,No,No Apparent Injury,NA,Not Distracted,MD,Bus - School,Parked,0,No,2018,THOMAS BUILT,HDX,39.09273676,-77.10837442,2025,8,15
250038187,Property Damage Crash,08/26/2025 03:28:00 PM,NA,NA,"Sideswipe, Opposite Direction",Clear,NA,Daylight,NA,NONE DETECTED,Yes,No Apparent Injury,Improper Turn,Not Distracted,MD,Bus - School,Turning Left,0,No,2018,THOMAS BUILT,HDX,39.09273676,-77.10837442,2025,8,15
250038182,Property Damage Crash,08/26/2025 03:10:00 PM,NA,NA,Angle,Clear,NA,Daylight,NA,NONE DETECTED,No,No Apparent Injury,NA,Not Distracted,MD,Sport Utility Vehicle,Moving Constant Speed,0,No,2023,TOYOTA,HIGHLANDER,38.9960874,-77.0241238,2025,8,15
250038182,Property Damage Crash,08/26/2025 03:10:00 PM,NA,NA,Angle,Clear,NA,Daylight,NA,NONE DETECTED,Yes,No Apparent Injury,NA,Not Distracted,MD,Passenger Car,Turning Left,0,No,2019,KIA,NIRO,38.9960874,-77.0241238,2025,8,15
250038173,Property Damage Crash,08/26/2025 02:19:00 PM,PERSIMMON TREE RD,NA,Single Vehicle,Clear,Dry,Daylight,No Controls,NONE DETECTED,Yes,No Apparent Injury,Ran Off Roadway,Unknown,MD,Sport Utility Vehicle,Negotiating a Curve,35,No,2019,MAZDA,CX-5,38.97580328,-77.16877266,2025,8,14
250038164,Property Damage Crash,08/26/2025 01:57:00 PM,NORTH HIGH ST,NA,Angle,Clear,Dry,Daylight,Stop Sign,NONE DETECTED,Yes,No Apparent Injury,Failed to Yield Right-of-Way,Not Distracted,MD,Passenger Car,Turning Left,30,No,2016,NISSAN,VERSA NOTE,39.15132365,-77.06685676,2025,8,13
250038164,Property Damage Crash,08/26/2025 01:57:00 PM,NORTH HIGH ST,NA,Angle,Clear,Dry,Daylight,No Controls,NONE DETECTED,No,No Apparent Injury,NA,Not Distracted,MD,Passenger Car,Moving Constant Speed,30,No,2022,CHEVROLET,TRAVERSE,39.15132365,-77.06685676,2025,8,13
250038181,Property Damage Crash,08/26/2025 01:53:00 PM,NA,NA,"Sideswipe, Same Direction",Clear,Dry,Daylight,Traffic Control Signal,NONE DETECTED,No,No Apparent Injury,NA,Not Distracted,MD,Bus - School,Stopped in Traffic,35,No,2021,THOMAS BUILT,HDX,39.05953671,-77.06161886,2025,8,13
250038181,Property Damage Crash,08/26/2025 01:53:00 PM,NA,NA,"Sideswipe, Same Direction",Clear,Dry,Daylight,Traffic Control Signal,NONE DETECTED,Yes,No Apparent Injury,Failed to Keep in Proper Lane,Not Distracted,MD,Bus - School,Slowing or Stopping,35,No,2017,THOMAS BUILT,HDX,39.05953671,-77.06161886,2025,8,13
250038161,Property Damage Crash,08/26/2025 01:37:00 PM,DARNESTOWN RD (WB/L),NA,Angle,Clear,Dry,Daylight,No Controls,NONE DETECTED,No,No Apparent Injury,NA,Not Distracted,MD,Passenger Car,Moving Constant Speed,40,No,2016,FORD,F-150,39.11768125,-77.25196094,2025,8,13
250038161,Property Damage Crash,08/26/2025 01:37:00 PM,DARNESTOWN RD (WB/L),NA,Angle,Clear,Dry,Daylight,Stop Sign,NONE DETECTED,Yes,No Apparent Injury,NA,Not Distracted,MD,Passenger Car,Turning Right,15,No,2016,CHEVROLET,TAHOE,39.11768125,-77.25196094,2025,8,13
250038185,Property Damage Crash,08/26/2025 12:46:00 PM,FREDERICK RD (SB/L),NA,Front to Rear,Clear,Dry,Daylight,Traffic Control Signal,NONE DETECTED,No,No Apparent Injury,NA,Not Distracted,MD,Passenger Car,Slowing or Stopping,40,No,2016,TOYOTA,PRIUS V,39.1067249,-77.15864788,2025,8,12
250038185,Property Damage Crash,08/26/2025 12:46:00 PM,FREDERICK RD (SB/L),NA,Front to Rear,Clear,Dry,Daylight,Traffic Control Signal,NONE DETECTED,No,NA,NA,NA,NA,Passenger Car,Slowing or Stopping,40,No,2005,FORD,ESCAPE,39.1067249,-77.15864788,2025,8,12
250038145,Injury Crash,08/26/2025 12:44:00 PM,NA,Pedestrian,Single Vehicle,Clear,NA,Daylight,NA,NONE DETECTED,Yes,No Apparent Injury,NA,Unknown,MD,Passenger Car,Moving Constant Speed,0,No,2019,LEXUS,ES,39.14887541,-77.22342038,2025,8,12
250038138,Property Damage Crash,08/26/2025 12:20:00 PM,NA,NA,Front to Rear,Clear,Dry,Daylight,Traffic Control Signal,NONE DETECTED,Yes,No Apparent Injury,Followed Too Closely,Not Distracted,MD,Passenger Car,Moving Constant Speed,35,No,2018,CHRYSLER,300,39.02223223,-76.97752017,2025,8,12
250038138,Property Damage Crash,08/26/2025 12:20:00 PM,NA,NA,Front to Rear,Clear,Dry,Daylight,Traffic Control Signal,NONE DETECTED,No,No Apparent Injury,NA,Not Distracted,MD,Passenger Car,Stopped in Traffic,35,No,2022,VOLVO,XC60,39.02223223,-76.97752017,2025,8,12
250038138,Property Damage Crash,08/26/2025 12:20:00 PM,NA,NA,Front to Rear,Clear,Dry,Daylight,Traffic Control Signal,NONE DETECTED,No,No Apparent Injury,NA,Not Distracted,MD,Passenger Car,Stopped in Traffic,35,No,2011,MITSUBISHI,LANCER,39.02223223,-76.97752017,2025,8,12
250038137,Property Damage Crash,08/26/2025 12:03:00 PM,RAMP 8 FR MD 97 SB TO IS 495 WB,NA,"Sideswipe, Same Direction",Clear,Dry,Daylight,Traffic Control Signal,NONE DETECTED,No,No Apparent Injury,"Operated Motor Vehicle in Inattentive, Careless, Negligent, or Erratic Manner",Unknown,MD,Passenger Car,Moving Constant Speed,30,No,2009,HONDA,ACCORD,39.01514036,-77.04258459,2025,8,12
250038137,Property Damage Crash,08/26/2025 12:03:00 PM,RAMP 8 FR MD 97 SB TO IS 495 WB,NA,"Sideswipe, Same Direction",Clear,Dry,Daylight,Traffic Control Signal,NONE DETECTED,Yes,No Apparent Injury,"Operated Motor Vehicle in Inattentive, Careless, Negligent, or Erratic Manner",Unknown,MD,Other Trucks,Changing Lanes,30,No,2015,KENWORTH,T880,39.01514036,-77.04258459,2025,8,12
250039225,Property Damage Crash,08/26/2025 12:01:00 PM,NA,NA,Angle,Clear,NA,Daylight,NA,NONE DETECTED,Yes,No Apparent Injury,NA,Not Distracted,MD,Passenger Car,Backing,0,No,2004,LEXUS,GX,39.19397405,-77.17949199,2025,8,12
250038134,Injury Crash,08/26/2025 12:00:00 PM,KINGSHOUSE RD,NA,"Sideswipe, Same Direction",Cloudy,Dry,Daylight,No Controls,NONE DETECTED,Yes,No Apparent Injury,NA,Not Distracted,MD,Other,Entering Traffic Lane,25,No,2023,RIVIAN,EDV,39.10644303,-76.96800218,2025,8,12
250038364,Injury Crash,08/26/2025 12:00:00 PM,NA,NA,Front to Rear,Clear,Dry,Daylight,Yield Sign,NONE DETECTED,No,No Apparent Injury,NA,Unknown,MD,Sport Utility Vehicle,Moving Constant Speed,30,No,2013,TOYOTA,TUNDRA,39.14232469,-77.22079573,2025,8,12
250038134,Injury Crash,08/26/2025 12:00:00 PM,KINGSHOUSE RD,NA,"Sideswipe, Same Direction",Cloudy,Dry,Daylight,No Controls,NONE DETECTED,No,Possible Minor Injury,NA,Not Distracted,MD,Passenger Car,Moving Constant Speed,25,No,2005,TOYOTA,CAMRY,39.10644303,-76.96800218,2025,8,12
250038364,Injury Crash,08/26/2025 12:00:00 PM,NA,NA,Front to Rear,Clear,Dry,Daylight,Yield Sign,NONE DETECTED,No,Possible Minor Injury,NA,Not Distracted,MD,Passenger Car,Turning Right,30,No,2024,SUBARU,FORESTER,39.14232469,-77.22079573,2025,8,12
250038122,Property Damage Crash,08/26/2025 11:17:00 AM,NA,NA,Unknown,Clear,NA,Daylight,NA,NONE DETECTED,No,No Apparent Injury,NA,Not Distracted,MD,Pickup,Parked,0,No,2022,FORD,F-350,39.08997664,-77.15939076,2025,8,11
250038125,Injury Crash,08/26/2025 11:17:00 AM,NA,NA,Front to Front,Clear,Dry,Daylight,No Controls,NONE DETECTED,No,No Apparent Injury,NA,Unknown,NA,Pickup,Parked,35,No,0,NA,NA,38.98275046,-77.11380943,2025,8,11
250038125,Injury Crash,08/26/2025 11:17:00 AM,NA,NA,Front to Front,Clear,Dry,Daylight,No Controls,NONE DETECTED,Yes,Possible Minor Injury,NA,"Other Action (looking away from task, etc.)",MD,Sport Utility Vehicle,Moving Constant Speed,35,No,2017,LEXUS,NX,38.98275046,-77.11380943,2025,8,11
250038125,Injury Crash,08/26/2025 11:17:00 AM,NA,NA,Front to Front,Clear,Dry,Daylight,No Controls,NONE DETECTED,No,No Apparent Injury,NA,Not Distracted,MD,Sport Utility Vehicle,Moving Constant Speed,35,No,2024,VOLVO,XC90,38.98275046,-77.11380943,2025,8,11
250038122,Property Damage Crash,08/26/2025 11:17:00 AM,NA,NA,Unknown,Clear,NA,Daylight,NA,NONE DETECTED,No,NA,NA,NA,NA,NA,Accelerating,0,No,0,NA,NA,39.08997664,-77.15939076,2025,8,11
250038101,Property Damage Crash,08/26/2025 09:18:00 AM,NA,NA,"Sideswipe, Same Direction",Clear,NA,Daylight,NA,NONE DETECTED,No,No Apparent Injury,Improper Turn,Not Distracted,MD,Passenger Car,Making U-Turn,0,No,2023,HYUNDAI,TUCSON,39.26607833,-77.20660833,2025,8,9
250038107,Property Damage Crash,08/26/2025 09:05:00 AM,NA,NA,Rear To Rear,Clear,NA,Daylight,NA,NONE DETECTED,Yes,No Apparent Injury,Improper Backing,Not Distracted,MD,Bus - School,Backing,0,No,2018,FREIGHTLINER,B2 BUS CHASSIS,39.0080149,-76.98293362,2025,8,9
250038102,Property Damage Crash,08/26/2025 08:40:00 AM,LOCKWOOD DR,NA,"Sideswipe, Same Direction",Clear,Dry,Daylight,No Controls,NONE DETECTED,No,No Apparent Injury,NA,Not Distracted,MD,Bus - Transit,Parked,25,No,2023,NEW FLYER,XCELSIOR,39.04033696,-76.98927383,2025,8,8
250038102,Property Damage Crash,08/26/2025 08:40:00 AM,LOCKWOOD DR,NA,"Sideswipe, Same Direction",Clear,Dry,Daylight,No Controls,NONE DETECTED,Yes,No Apparent Injury,Improper Passing,Not Distracted,WV,Bus - Transit,Overtaking/Passing,25,No,2020,NOVABUS,LFS ARTICULATED,39.04033696,-76.98927383,2025,8,8
250038095,Property Damage Crash,08/26/2025 08:20:00 AM,GAITHER RD,NA,Other,Clear,Dry,Daylight,No Controls,NONE DETECTED,Yes,No Apparent Injury,NA,Not Distracted,MD,Sport Utility Vehicle,Changing Lanes,35,No,2022,FORD,EXPLORER,39.1071432,-77.17261771,2025,8,8
250038095,Property Damage Crash,08/26/2025 08:20:00 AM,GAITHER RD,NA,Other,Clear,Dry,Daylight,No Controls,NONE DETECTED,No,No Apparent Injury,NA,Not Distracted,MD,Passenger Car,Moving Constant Speed,35,No,2023,NISSAN,ALTIMA,39.1071432,-77.17261771,2025,8,8
250038091,Property Damage Crash,08/26/2025 07:50:00 AM,MONTGOMERY VILLAGE AVE (SB/L),NA,Front to Rear,Clear,Dry,Daylight,Traffic Control Signal,NONE DETECTED,Yes,No Apparent Injury,Followed Too Closely,Not Distracted,MD,Sport Utility Vehicle,Moving Constant Speed,35,No,2013,NISSAN,ROGUE,39.17539833,-77.20348167,2025,8,7
250038091,Property Damage Crash,08/26/2025 07:50:00 AM,MONTGOMERY VILLAGE AVE (SB/L),NA,Front to Rear,Clear,Dry,Daylight,Traffic Control Signal,NONE DETECTED,No,No Apparent Injury,NA,Not Distracted,MD,Pickup,Slowing or Stopping,35,No,2005,TOYOTA,TACOMA,39.17539833,-77.20348167,2025,8,7
250038092,Property Damage Crash,08/26/2025 07:40:00 AM,QUINCE ORCHARD RD,NA,Rear To Side,Clear,Dry,Daylight,Traffic Control Signal,NONE DETECTED,No,NA,NA,NA,NA,NA,Moving Constant Speed,35,No,0,NA,NA,39.14254096,-77.22094727,2025,8,7
250038092,Property Damage Crash,08/26/2025 07:40:00 AM,QUINCE ORCHARD RD,NA,Rear To Side,Clear,Dry,Daylight,Traffic Control Signal,NONE DETECTED,No,No Apparent Injury,NA,Not Distracted,MD,Passenger Car,Moving Constant Speed,35,No,2015,CHEVROLET,VOLT,39.14254096,-77.22094727,2025,8,7
250038087,Property Damage Crash,08/26/2025 07:13:00 AM,NEW HAMPSHIRE AVE,NA,Front to Rear,Clear,Dry,Daylight,No Controls,NONE DETECTED,No,No Apparent Injury,NA,Not Distracted,MD,Passenger Car,Stopped in Traffic,35,No,2024,TOYOTA,COROLLA,39.053581,-76.994315,2025,8,7
250038087,Property Damage Crash,08/26/2025 07:13:00 AM,NEW HAMPSHIRE AVE,NA,Front to Rear,Clear,Dry,Daylight,No Controls,NONE DETECTED,Yes,No Apparent Injury,Other Improper Action,"Other Action (looking away from task, etc.)",MD,Passenger Car,Moving Constant Speed,35,No,2017,HONDA,ACCORD,39.053581,-76.994315,2025,8,7
250038086,Injury Crash,08/26/2025 06:29:00 AM,DARNESTOWN RD,NA,Angle,Clear,Dry,Daylight,No Controls,NONE DETECTED,Yes,No Apparent Injury,Failed to Yield Right-of-Way,Not Distracted,MD,Passenger Car,Moving Constant Speed,30,No,2024,TOYOTA,TACOMA,39.10310241,-77.29109072,2025,8,6
250038086,Injury Crash,08/26/2025 06:29:00 AM,DARNESTOWN RD,NA,Angle,Clear,Dry,Daylight,No Controls,NONE DETECTED,No,Possible Minor Injury,NA,Not Distracted,MD,Passenger Car,Turning Left,30,No,2010,TOYOTA,COROLLA,39.10310241,-77.29109072,2025,8,6
250037918,Property Damage Crash,08/26/2025 06:14:00 AM,RAMP 3 FR MD 198 EB TO RAMP 2 (US 29),NA,"Sideswipe, Opposite Direction",Clear,Dry,Daylight,Traffic Control Signal,NONE DETECTED,No,No Apparent Injury,NA,Not Distracted,MD,Passenger Car,Entering Traffic Lane,35,No,2007,HONDA,FIT,39.11173081,-76.92858095,2025,8,6
250037918,Property Damage Crash,08/26/2025 06:14:00 AM,RAMP 3 FR MD 198 EB TO RAMP 2 (US 29),NA,"Sideswipe, Opposite Direction",Clear,Dry,Daylight,Traffic Control Signal,NONE DETECTED,Yes,No Apparent Injury,Ran Red Light,Not Distracted,MD,Passenger Car,Moving Constant Speed,35,No,2009,NISSAN,ROGUE,39.11173081,-76.92858095,2025,8,6
250038064,Injury Crash,08/25/2025 09:29:00 PM,WOODFIELD RD,NA,"Sideswipe, Same Direction",Clear,Dry,Medium,Traffic Control Signal,NONE DETECTED,No,Possible Minor Injury,NA,Not Distracted,MD,Passenger Car,Stopped in Traffic,35,No,2021,TOYOTA,C-HR,39.28754284,-77.20168507,2025,8,21
250038064,Injury Crash,08/25/2025 09:29:00 PM,WOODFIELD RD,NA,"Sideswipe, Same Direction",Clear,Dry,Medium,Traffic Control Signal,NONE DETECTED,No,No Apparent Injury,NA,Not Distracted,MD,Passenger Car,Stopped in Traffic,35,No,2022,FORD,EXPLORER,39.28754284,-77.20168507,2025,8,21
250038064,Injury Crash,08/25/2025 09:29:00 PM,WOODFIELD RD,NA,"Sideswipe, Same Direction",Clear,Dry,Medium,Traffic Control Signal,DRUG AND ALCOHOL CONTRIBUTED,No,Possible Minor Injury,"Failed to Keep in Proper Lane, Operated Motor Vehicle in Reckless or Aggressive Manner, Too Fast For Conditions",Unknown,MD,Passenger Car,Moving Constant Speed,35,No,2011,FORD,MUSTANG,39.28754284,-77.20168507,2025,8,21
250038061,Property Damage Crash,08/25/2025 09:00:00 PM,NA,NA,"Sideswipe, Same Direction",Clear,Dry,Medium,No Controls,NONE DETECTED,Yes,No Apparent Injury,NA,Unknown,DC,Bus - Transit,Moving Constant Speed,25,No,2008,GILLIG,LOW FLOOR BUS,38.9932055,-77.030193,2025,8,21
250038058,Injury Crash,08/25/2025 08:35:00 PM,GEORGIA AVE (SB/L),NA,Front to Rear,Clear,Dry,Medium,No Controls,NONE DETECTED,Yes,No Apparent Injury,"Failed to Keep in Proper Lane, Failed to Yield Right-of-Way",Not Distracted,MD,Sport Utility Vehicle,Entering Traffic Lane,45,No,2022,HONDA,PILOT,39.09068683,-77.08010117,2025,8,20
250038058,Injury Crash,08/25/2025 08:35:00 PM,GEORGIA AVE (SB/L),NA,Front to Rear,Clear,Dry,Medium,No Controls,NONE DETECTED,No,Possible Minor Injury,NA,Not Distracted,MD,Motorcycle - 2 Wheeled,Moving Constant Speed,45,No,2019,KAWASAKI,NINJA ZX-10R,39.09068683,-77.08010117,2025,8,20
250038048,Injury Crash,08/25/2025 07:36:00 PM,BRANDERMILL DR,NA,Front to Rear,Clear,Dry,Medium,No Controls,NONE DETECTED,Yes,No Apparent Injury,NA,Not Distracted,MD,Sport Utility Vehicle,Slowing or Stopping,30,No,2015,CHEVROLET,TAHOE,39.184755,-77.23712,2025,8,19
250038048,Injury Crash,08/25/2025 07:36:00 PM,BRANDERMILL DR,NA,Front to Rear,Clear,Dry,Medium,No Controls,NONE DETECTED,No,Possible Minor Injury,NA,Not Distracted,MD,Passenger Car,Slowing or Stopping,30,No,2025,TOYOTA,COROLLA,39.184755,-77.23712,2025,8,19
250038034,Injury Crash,08/25/2025 05:56:00 PM,NA,NA,Front to Front,Clear,Dry,Daylight,No Controls,NONE DETECTED,No,No Apparent Injury,NA,Not Distracted,MD,Sport Utility Vehicle,Moving Constant Speed,35,No,2021,VOLKSWAGEN,ID.4,39.01524083,-77.08902133,2025,8,17
250038034,Injury Crash,08/25/2025 05:56:00 PM,NA,NA,Front to Front,Clear,Dry,Daylight,Stop Sign,NONE DETECTED,Yes,Possible Minor Injury,NA,Not Distracted,MD,Passenger Car,Accelerating,35,No,2017,HYUNDAI,ELANTRA,39.01524083,-77.08902133,2025,8,17
250038033,Property Damage Crash,08/25/2025 05:45:00 PM,NA,NA,Single Vehicle,Clear,NA,Daylight,NA,NONE DETECTED,No,No Apparent Injury,Other Improper Action,Not Distracted,MD,Passenger Car,Moving Constant Speed,0,No,2025,MAZDA,MAZDA3,39.10992954,-77.07250263,2025,8,17
250038038,Property Damage Crash,08/25/2025 05:30:00 PM,NA,NA,Front to Rear,Clear,NA,Daylight,NA,NONE DETECTED,No,NA,NA,NA,NA,Passenger Car,Slowing or Stopping,0,No,2013,DODGE,GRAND CARAVAN,39.09161618,-77.04753202,2025,8,17
250038038,Property Damage Crash,08/25/2025 05:30:00 PM,NA,NA,Front to Rear,Clear,NA,Daylight,NA,NONE DETECTED,No,No Apparent Injury,NA,Not Distracted,MD,Passenger Car,Parked,0,No,2021,CHEVROLET,COLORADO,39.09161618,-77.04753202,2025,8,17
250038012,Property Damage Crash,08/25/2025 04:20:00 PM,NA,NA,Front to Rear,Clear,Dry,Daylight,No Controls,NONE DETECTED,No,No Apparent Injury,NA,Not Distracted,MD,Passenger Car,Stopped in Traffic,40,No,2024,TESLA,MODEL Y,39.10162683,-77.04061483,2025,8,16
250038012,Property Damage Crash,08/25/2025 04:20:00 PM,NA,NA,Front to Rear,Clear,Dry,Daylight,No Controls,NONE DETECTED,Yes,No Apparent Injury,Too Fast For Conditions,Not Distracted,MD,Passenger Car,Moving Constant Speed,40,No,2020,LEXUS,RX,39.10162683,-77.04061483,2025,8,16