Local Case Number,ACRS Report Type,Crash Date/Time,Road Name,Related Non-Motorist,Collision Type,Weather,Surface Condition,Light,Traffic Control,Driver Substance Abuse,Driver At Fault,Injury Severity,Circumstance,Driver Distracted By,Drivers License State,Vehicle Body Type,Vehicle Movement,Speed Limit,Driverless Vehicle,Vehicle Year,Vehicle Make,Vehicle Model,Latitude,Longitude,Year,Month,Hour
250038001,Injury Crash,08/25/2025 03:29:00 PM,FREDERICK RD (SB/L),NA,Rear To Side,Clear,Dry,Daylight,Traffic Control Signal,NONE DETECTED,No,Possible Minor Injury,NA,Not Distracted,MD,Sport Utility Vehicle,Turning Left,40,No,2016,JEEP,WRANGLER,39.10943827,-77.16022467,2025,8,15
250038001,Injury Crash,08/25/2025 03:29:00 PM,FREDERICK RD (SB/L),NA,Rear To Side,Clear,Dry,Daylight,Traffic Control Signal,NONE DETECTED,Yes,No Apparent Injury,Ran Red Light,Unknown,MD,Passenger Car,Moving Constant Speed,40,No,2016,BMW,550I,39.10943827,-77.16022467,2025,8,15
250037993,Property Damage Crash,08/25/2025 03:05:00 PM,S SUMMIT AVE,NA,Angle,Clear,Dry,Daylight,Traffic Control Signal,NONE DETECTED,No,No Apparent Injury,NA,Unknown,MD,Passenger Car,Moving Constant Speed,25,No,2003,TOYOTA,COROLLA,39.14058538,-77.19367954,2025,8,15
250037993,Property Damage Crash,08/25/2025 03:05:00 PM,S SUMMIT AVE,NA,Angle,Clear,Dry,Daylight,Stop Sign,NONE DETECTED,Yes,No Apparent Injury,Failed to Yield Right-of-Way,Unknown,MD,Passenger Car,Turning Left,25,No,2021,BMW,X1,39.14058538,-77.19367954,2025,8,15
250038000,Property Damage Crash,08/25/2025 03:04:00 PM,NA,NA,Single Vehicle,Clear,NA,Daylight,NA,NONE DETECTED,Yes,No Apparent Injury,NA,Not Distracted,MD,Passenger Car,Accelerating,0,No,2021,TOYOTA,C-HR,39.06869482,-77.12927497,2025,8,15
250038395,Property Damage Crash,08/25/2025 02:38:00 PM,GRAND CORNER AVE,NA,Angle,Clear,Dry,Daylight,No Controls,NONE DETECTED,No,No Apparent Injury,NA,Not Distracted,MD,Passenger Car,Moving Constant Speed,25,No,2007,HONDA,ACCORD,39.11829142,-77.20348739,2025,8,14
250038395,Property Damage Crash,08/25/2025 02:38:00 PM,GRAND CORNER AVE,NA,Angle,Clear,Dry,Daylight,Stop Sign,NONE DETECTED,Yes,No Apparent Injury,Failed to Yield Right-of-Way,Unknown,MD,Sport Utility Vehicle,Turning Left,25,No,2023,NISSAN,ROGUE,39.11829142,-77.20348739,2025,8,14
250037984,Injury Crash,08/25/2025 02:24:00 PM,NA,Cyclist (Electric),Single Vehicle,Clear,Dry,Daylight,Traffic Control Signal,NONE DETECTED,Yes,No Apparent Injury,NA,Not Distracted,MD,Passenger Car,Moving Constant Speed,25,No,2017,HONDA,ACCORD,39.08322937,-77.15293368,2025,8,14
250037979,Property Damage Crash,08/25/2025 01:56:00 PM,WOOTTON PKWY,NA,Front to Rear,Clear,Dry,Daylight,No Controls,NONE DETECTED,Yes,No Apparent Injury,NA,Not Distracted,MD,Passenger Car,Accelerating,30,No,2006,BMW,530I,39.0690707,-77.16912858,2025,8,13
250037979,Property Damage Crash,08/25/2025 01:56:00 PM,WOOTTON PKWY,NA,Front to Rear,Clear,Dry,Daylight,No Controls,NONE DETECTED,No,No Apparent Injury,NA,Not Distracted,MD,Station Wagon,Stopped in Traffic,30,No,2020,SUBARU,CROSSTREK,39.0690707,-77.16912858,2025,8,13
250037977,Injury Crash,08/25/2025 01:45:00 PM,W MONTGOMERY AVE (WB/L),NA,Front to Rear,Clear,Dry,Daylight,Traffic Control Signal,NONE DETECTED,No,Possible Minor Injury,NA,Not Distracted,MD,Passenger Car,Stopped in Traffic,40,No,2010,SUBARU,FORESTER,39.1031745,-77.18996517,2025,8,13
250037977,Injury Crash,08/25/2025 01:45:00 PM,W MONTGOMERY AVE (WB/L),NA,Front to Rear,Clear,Dry,Daylight,Traffic Control Signal,NONE DETECTED,Yes,Possible Minor Injury,NA,Not Distracted,MD,Passenger Car,Moving Constant Speed,40,No,2017,HONDA,ACCORD,39.1031745,-77.18996517,2025,8,13
250037977,Injury Crash,08/25/2025 01:45:00 PM,W MONTGOMERY AVE (WB/L),NA,Front to Rear,Clear,Dry,Daylight,Traffic Control Signal,NONE DETECTED,No,No Apparent Injury,NA,Not Distracted,MD,Passenger Car,Stopped in Traffic,40,No,2018,TOYOTA,C-HR,39.1031745,-77.18996517,2025,8,13
250037977,Injury Crash,08/25/2025 01:45:00 PM,W MONTGOMERY AVE (WB/L),NA,Front to Rear,Clear,Dry,Daylight,Traffic Control Signal,NONE DETECTED,No,No Apparent Injury,NA,Not Distracted,MD,Passenger Car,Stopped in Traffic,40,No,2007,TOYOTA,SIENNA,39.1031745,-77.18996517,2025,8,13
250037974,Property Damage Crash,08/25/2025 01:32:00 PM,ROCKVILLE PIKE (SB/L),NA,Front to Rear,Clear,Dry,Daylight,Traffic Control Signal,NONE DETECTED,No,NA,Followed Too Closely,NA,NA,Sport Utility Vehicle,NA,40,No,0,NA,NA,39.04954776,-77.11443449,2025,8,13
250037974,Property Damage Crash,08/25/2025 01:32:00 PM,ROCKVILLE PIKE (SB/L),NA,Front to Rear,Clear,Dry,Daylight,Traffic Control Signal,NONE DETECTED,No,No Apparent Injury,NA,Not Distracted,MD,Passenger Car,Stopped in Traffic,40,No,2012,TOYOTA,CAMRY,39.04954776,-77.11443449,2025,8,13
250037976,Property Damage Crash,08/25/2025 01:20:00 PM,UNIVERSITY BLVD W,NA,"Sideswipe, Same Direction",Clear,Dry,Daylight,Traffic Control Signal,NONE DETECTED,No,No Apparent Injury,NA,Not Distracted,MD,Sport Utility Vehicle,Moving Constant Speed,35,No,2020,TOYOTA,RAV4,39.04144725,-77.05168559,2025,8,13
250037976,Property Damage Crash,08/25/2025 01:20:00 PM,UNIVERSITY BLVD W,NA,"Sideswipe, Same Direction",Clear,Dry,Daylight,Traffic Control Signal,NONE DETECTED,No,No Apparent Injury,NA,Not Distracted,DC,Single-Unit Truck,Turning Left,35,No,2012,FORD,E-450,39.04144725,-77.05168559,2025,8,13
250037966,Property Damage Crash,08/25/2025 01:00:00 PM,SHERATON ST,NA,"Sideswipe, Same Direction",Clear,Dry,Daylight,Traffic Control Signal,NONE DETECTED,Yes,No Apparent Injury,Improper Passing,Not Distracted,MD,Passenger Car,Entering Traffic Lane,35,No,2014,DODGE,CHARGER,39.05945517,-77.05050565,2025,8,13
250037966,Property Damage Crash,08/25/2025 01:00:00 PM,SHERATON ST,NA,"Sideswipe, Same Direction",Clear,Dry,Daylight,No Controls,NONE DETECTED,No,No Apparent Injury,NA,Not Distracted,MD,Other Trucks,Stopped in Traffic,35,No,2017,FORD,F-550,39.05945517,-77.05050565,2025,8,13
250037955,Injury Crash,08/25/2025 11:24:00 AM,SCHOOL DR,NA,Single Vehicle,Clear,Dry,Daylight,Stop Sign,NONE DETECTED,No,Possible Minor Injury,NA,Not Distracted,NA,Motorcycle - 2 Wheeled,Turning Right,25,No,2024,ZHILONG,BWS,39.1191936,-77.21280522,2025,8,11
250037948,Property Damage Crash,08/25/2025 11:11:00 AM,SHIELDS DR,NA,Front to Rear,Clear,Dry,Daylight,No Controls,NONE DETECTED,No,No Apparent Injury,NA,Not Distracted,MD,Passenger Car,Turning Right,35,No,2017,MERCEDES-BENZ,C-CLASS,39.00686414,-77.11205551,2025,8,11
250037948,Property Damage Crash,08/25/2025 11:11:00 AM,SHIELDS DR,NA,Front to Rear,Clear,Dry,Daylight,No Controls,NONE DETECTED,Yes,No Apparent Injury,NA,Not Distracted,VA,Other,Slowing or Stopping,35,No,2014,FORD,E-350,39.00686414,-77.11205551,2025,8,11
250037941,Injury Crash,08/25/2025 10:40:00 AM,BROADBIRCH DR,NA,"Sideswipe, Same Direction",Clear,Dry,Daylight,No Controls,NONE DETECTED,No,No Apparent Injury,NA,Not Distracted,MD,Passenger Car,Entering Traffic Lane,35,No,2022,CHEVROLET,TRAILBLAZER,39.0556476,-76.95591644,2025,8,10
250037941,Injury Crash,08/25/2025 10:40:00 AM,BROADBIRCH DR,NA,"Sideswipe, Same Direction",Clear,Dry,Daylight,No Controls,NONE DETECTED,No,No Apparent Injury,NA,Not Distracted,MD,Passenger Car,Entering Traffic Lane,35,No,2022,HONDA,CIVIC,39.0556476,-76.95591644,2025,8,10
250037926,Injury Crash,08/25/2025 08:35:00 AM,MEADOWCROFT LA,NA,Single Vehicle,Clear,Dry,Daylight,No Controls,NONE DETECTED,Yes,Possible Minor Injury,Failed to Keep in Proper Lane,Unknown,MD,Passenger Car,Moving Constant Speed,25,No,2008,TOYOTA,CAMRY,39.18448,-77.2004,2025,8,8
250037920,Property Damage Crash,08/25/2025 07:09:00 AM,NA,NA,Front to Rear,Clear,Dry,Daylight,No Controls,NONE DETECTED,No,No Apparent Injury,NA,Unknown,MD,Pickup,Slowing or Stopping,25,No,2022,CHEVROLET,COLORADO,39.09185006,-77.19443972,2025,8,7
250037920,Property Damage Crash,08/25/2025 07:09:00 AM,NA,NA,Front to Rear,Clear,Dry,Daylight,No Controls,NONE DETECTED,Yes,No Apparent Injury,NA,Unknown,MD,Passenger Car,Accelerating,25,No,2014,HONDA,CIVIC,39.09185006,-77.19443972,2025,8,7
250037919,Injury Crash,08/25/2025 06:54:00 AM,BARBARA RD,NA,Front to Rear,Clear,Dry,Daylight,No Controls,NONE DETECTED,No,No Apparent Injury,NA,Not Distracted,VA,Other Trucks,Parked,25,No,2013,MACK,GU (GRANITE),39.05823303,-77.08199924,2025,8,6
250037919,Injury Crash,08/25/2025 06:54:00 AM,BARBARA RD,NA,Front to Rear,Clear,Dry,Daylight,No Controls,NONE DETECTED,Yes,Possible Minor Injury,"Failed to Keep in Proper Lane, Operated Motor Vehicle in Inattentive, Careless, Negligent, or Erratic Manner, Other Improper Action","Other Action (looking away from task, etc.)",MD,Passenger Car,Moving Constant Speed,25,No,2004,TOYOTA,SIENNA,39.05823303,-77.08199924,2025,8,6
250037917,Injury Crash,08/25/2025 05:35:00 AM,NA,NA,Angle,Clear,NA,Medium,NA,NONE DETECTED,Yes,Possible Minor Injury,NA,Not Distracted,DC,Sport Utility Vehicle,Turning Right,0,No,2023,CHEVROLET,EQUINOX,39.114146,-77.2364895,2025,8,5
250037914,Property Damage Crash,08/25/2025 03:55:00 AM,FLINT ROCK RD,NA,Front to Rear,Clear,Dry,Medium,No Controls,ALCOHOL PRESENT,Yes,No Apparent Injury,"Operated Motor Vehicle in Inattentive, Careless, Negligent, or Erratic Manner, Operated Motor Vehicle in Reckless or Aggressive Manner",Not Distracted,MD,Passenger Car,Moving Constant Speed,30,No,2018,LEXUS,IS,39.08890309,-77.10148411,2025,8,3
250037901,Property Damage Crash,08/24/2025 09:55:00 PM,QUEENSTOWN LA,NA,Single Vehicle,Clear,Dry,Medium,Traffic Control Signal,ALCOHOL PRESENT,Yes,No Apparent Injury,NA,Not Distracted,MD,Sport Utility Vehicle,Accelerating,45,No,2014,TOYOTA,RAV4,39.15343665,-77.27832523,2025,8,21
250037895,Injury Crash,08/24/2025 09:18:00 PM,VEIRS MILL RD (WB/L),NA,Front to Rear,Clear,Dry,Dark,No Controls,NONE DETECTED,No,Possible Minor Injury,NA,Not Distracted,MD,Passenger Car,Moving Constant Speed,35,No,2006,HONDA,CR-V,39.04980233,-77.07111633,2025,8,21
250037895,Injury Crash,08/24/2025 09:18:00 PM,VEIRS MILL RD (WB/L),NA,Front to Rear,Clear,Dry,Dark,No Controls,NONE DETECTED,Yes,No Apparent Injury,"Operated Motor Vehicle in Inattentive, Careless, Negligent, or Erratic Manner",Not Distracted,MD,Passenger Car,Moving Constant Speed,35,No,2004,INFINITI,G35,39.04980233,-77.07111633,2025,8,21
250037885,Property Damage Crash,08/24/2025 08:20:00 PM,NA,NA,Single Vehicle,Clear,Dry,Medium,No Controls,NONE DETECTED,No,No Apparent Injury,NA,Not Distracted,MD,Passenger Car,Moving Constant Speed,30,No,2016,FORD,TAURUS,39.25643234,-77.14576377,2025,8,20
250037883,Property Damage Crash,08/24/2025 08:05:00 PM,IRISH CT,NA,Single Vehicle,Clear,Dry,Medium,No Controls,NONE DETECTED,No,No Apparent Injury,Improper Backing,Unknown,MD,Passenger Car,Accelerating,5,No,2025,BMW,430I,39.13138903,-77.22643669,2025,8,20
250037880,Property Damage Crash,08/24/2025 07:39:00 PM,OLD GEORGETOWN RD,NA,Single Vehicle,Clear,Dry,Medium,No Controls,NONE DETECTED,Yes,No Apparent Injury,NA,Unknown,MD,Passenger Car,Turning Left,35,No,2015,BMW,228I,39.01039933,-77.11497183,2025,8,19
250037867,Property Damage Crash,08/24/2025 05:00:00 PM,GREAT SENECA HWY (SB/L),NA,Single Vehicle,Clear,Dry,Daylight,No Controls,NONE DETECTED,Yes,No Apparent Injury,Failed to Keep in Proper Lane,Unknown,MD,Passenger Car,NA,50,No,2006,FORD,FOCUS,39.12941167,-77.23885167,2025,8,17
250037858,Property Damage Crash,08/24/2025 03:30:00 PM,NA,NA,Rear To Rear,Clear,NA,Daylight,NA,NONE DETECTED,No,NA,NA,NA,NA,NA,Backing,0,No,0,NA,NA,39.02280428,-77.14596849,2025,8,15
250037855,Injury Crash,08/24/2025 03:19:00 PM,NA,NA,Other,Clear,NA,Daylight,NA,NONE DETECTED,Yes,Possible Minor Injury,NA,Unknown,MD,Passenger Car,Backing,0,No,2017,HYUNDAI,TUCSON,39.05420988,-76.95509164,2025,8,15
250037849,Property Damage Crash,08/24/2025 03:03:00 PM,ARCOLA AVE,NA,Other,Clear,Dry,Daylight,Stop Sign,NONE DETECTED,Yes,No Apparent Injury,"Failed to Yield Right-of-Way, Operated Motor Vehicle in Inattentive, Careless, Negligent, or Erratic Manner",Unknown,MD,Passenger Car,Turning Right,25,No,2026,TESLA,MODEL Y,39.04713558,-77.05066261,2025,8,15
250037849,Property Damage Crash,08/24/2025 03:03:00 PM,ARCOLA AVE,NA,Other,Clear,Dry,Daylight,No Controls,NONE DETECTED,No,No Apparent Injury,NA,Not Distracted,MD,Passenger Car,Moving Constant Speed,25,No,2011,TOYOTA,COROLLA,39.04713558,-77.05066261,2025,8,15
250037852,Property Damage Crash,08/24/2025 02:58:00 PM,MIDDLEBROOK RD,NA,Angle,Clear,Dry,Daylight,No Controls,NONE DETECTED,No,No Apparent Injury,NA,Not Distracted,MD,Passenger Car,Moving Constant Speed,40,No,2009,NISSAN,ALTIMA,39.17946852,-77.2402262,2025,8,14
250037852,Property Damage Crash,08/24/2025 02:58:00 PM,MIDDLEBROOK RD,NA,Angle,Clear,Dry,Daylight,Stop Sign,NONE DETECTED,Yes,No Apparent Injury,Failed to Yield Right-of-Way,Unknown,MD,Passenger Car,Turning Left,40,No,2017,TOYOTA,SIENNA,39.17946852,-77.2402262,2025,8,14
250038028,Property Damage Crash,08/24/2025 01:00:00 PM,NA,NA,Front to Front,Clear,NA,Daylight,NA,NONE DETECTED,No,NA,NA,NA,NA,Passenger Car,Slowing or Stopping,0,No,2022,POLESTAR,PS2,39.12168904,-77.2341196,2025,8,13
250037838,Property Damage Crash,08/24/2025 12:50:00 PM,MUNCASTER RD,NA,Single Vehicle,Clear,Dry,Daylight,No Controls,NONE DETECTED,Yes,No Apparent Injury,Too Fast For Conditions,Unknown,MD,Sport Utility Vehicle,Moving Constant Speed,35,No,2008,MERCEDES-BENZ,M-CLASS,39.1587425,-77.128346,2025,8,12
250037835,Injury Crash,08/24/2025 12:33:00 PM,INDEPENDENCE ST,NA,Angle,Cloudy,Dry,Daylight,No Controls,NONE DETECTED,Yes,No Apparent Injury,NA,Not Distracted,MD,Passenger Car,Moving Constant Speed,25,No,2019,HONDA,ACCORD,39.07630037,-77.08061507,2025,8,12
250037835,Injury Crash,08/24/2025 12:33:00 PM,INDEPENDENCE ST,NA,Angle,Cloudy,Dry,Daylight,No Controls,NONE DETECTED,No,Possible Minor Injury,NA,Not Distracted,MD,Passenger Car,Moving Constant Speed,35,No,2020,HONDA,ODYSSEY,39.07630037,-77.08061507,2025,8,12
250037814,Property Damage Crash,08/24/2025 04:59:00 AM,HOUSTON AVE,NA,Other,Clear,Dry,Medium,No Controls,ALCOHOL PRESENT,Yes,No Apparent Injury,Too Fast For Conditions,"Other Action (looking away from task, etc.)",MD,Passenger Car,Turning Right,20,No,2018,TOYOTA,CAMRY,38.99136086,-77.00057864,2025,8,4
250037807,Property Damage Crash,08/24/2025 01:39:00 AM,NA,NA,Single Vehicle,Clear,Dry,Medium,Flashing Traffic Control Signal,NONE DETECTED,No,No Apparent Injury,"Operated Motor Vehicle in Reckless or Aggressive Manner, Too Fast For Conditions",Unknown,MD,Passenger Car,Moving Constant Speed,30,No,2023,TOYOTA,SUPRA,39.08254188,-77.21697614,2025,8,1
250037794,Injury Crash,08/23/2025 10:20:00 PM,NA,NA,"Sideswipe, Opposite Direction",Clear,Dry,Medium,Traffic Control Signal,NONE DETECTED,No,Possible Minor Injury,NA,Not Distracted,MD,Passenger Car,Turning Left,30,No,2021,HYUNDAI,ELANTRA,38.98793484,-77.07713418,2025,8,22
250037794,Injury Crash,08/23/2025 10:20:00 PM,NA,NA,"Sideswipe, Opposite Direction",Clear,Dry,Medium,Traffic Control Signal,NONE DETECTED,Yes,No Apparent Injury,NA,Unknown,MD,Sport Utility Vehicle,Moving Constant Speed,35,No,2020,LAND ROVER,RANGE ROVER VELAR,38.98793484,-77.07713418,2025,8,22
250037791,Injury Crash,08/23/2025 09:45:00 PM,FREDERICK RD (SB/L),Pedestrian,Single Vehicle,Clear,Dry,Dark,Traffic Control Signal,NONE DETECTED,No,No Apparent Injury,NA,Not Distracted,MD,Sport Utility Vehicle,Moving Constant Speed,40,No,2006,CHEVROLET,TAHOE,39.12290102,-77.17826828,2025,8,21
250037789,Property Damage Crash,08/23/2025 09:19:00 PM,HEWITT AVE,NA,Angle,Clear,Dry,Medium,Traffic Control Signal,NONE DETECTED,Yes,No Apparent Injury,Failed to Yield Right-of-Way,Unknown,MD,Passenger Car,Turning Left,45,No,2012,TOYOTA,COROLLA,39.07757438,-77.07070725,2025,8,21
250037789,Property Damage Crash,08/23/2025 09:19:00 PM,HEWITT AVE,NA,Angle,Clear,Dry,Medium,Traffic Control Signal,NONE DETECTED,No,No Apparent Injury,NA,Not Distracted,MD,Passenger Car,Moving Constant Speed,45,No,2022,FORD,EDGE,39.07757438,-77.07070725,2025,8,21
250037774,Injury Crash,08/23/2025 08:09:00 PM,INDUSTRIAL PKWY,NA,Angle,Clear,Dry,Medium,No Controls,NONE DETECTED,No,No Apparent Injury,NA,Not Distracted,MD,Passenger Car,Moving Constant Speed,30,No,2007,DODGE,CALIBER,39.05552467,-76.97062883,2025,8,20
250037774,Injury Crash,08/23/2025 08:09:00 PM,INDUSTRIAL PKWY,NA,Angle,Clear,Dry,Medium,No Controls,NONE DETECTED,Yes,Possible Minor Injury,NA,Talking/listening,MD,Passenger Car,Making U-Turn,30,No,2015,LINCOLN,MKZ,39.05552467,-76.97062883,2025,8,20
250037778,Property Damage Crash,08/23/2025 08:04:00 PM,GEORGIA AVE (SB/L),NA,Front to Front,Clear,Dry,Medium,No Controls,NONE DETECTED,No,No Apparent Injury,NA,Not Distracted,MD,Passenger Car,Moving Constant Speed,25,No,2008,FORD,MUSTANG,39.04095492,-77.05164346,2025,8,20
250037778,Property Damage Crash,08/23/2025 08:04:00 PM,GEORGIA AVE (SB/L),NA,Front to Front,Clear,Dry,Medium,No Controls,NONE DETECTED,Yes,No Apparent Injury,Failed to Yield Right-of-Way,Not Distracted,NA,Passenger Car,Turning Left,25,No,2007,NISSAN,SENTRA,39.04095492,-77.05164346,2025,8,20
25003772,Injury Crash,08/23/2025 07:32:00 PM,NORBECK RD,NA,Single Vehicle,Clear,Dry,Daylight,No Controls,NONE DETECTED,No,Suspected Serious Injury,NA,Not Distracted,MD,Motorcycle - 2 Wheeled,Moving Constant Speed,45,No,2012,YAMAHA,YZF-R6,39.10093823,-77.09415454,2025,8,19
250037764,Property Damage Crash,08/23/2025 06:37:00 PM,SHERATON ST,NA,Angle,Clear,Dry,Daylight,No Controls,NONE DETECTED,No,No Apparent Injury,NA,Not Distracted,MD,Sport Utility Vehicle,Moving Constant Speed,35,No,2025,SUBARU,CROSSTREK,39.05938674,-77.05049377,2025,8,18
250037764,Property Damage Crash,08/23/2025 06:37:00 PM,SHERATON ST,NA,Angle,Clear,Dry,Daylight,No Controls,NONE DETECTED,Yes,No Apparent Injury,Failed to Yield Right-of-Way,Not Distracted,NA,Passenger Car,Accelerating,35,No,2008,FORD,FOCUS,39.05938674,-77.05049377,2025,8,18
250037762,Injury Crash,08/23/2025 06:20:00 PM,PEBBLESTONE DR,NA,Front to Front,Clear,Dry,Daylight,No Controls,NONE DETECTED,Yes,No Apparent Injury,"Failed to Keep in Proper Lane, Operated Motor Vehicle in Inattentive, Careless, Negligent, or Erratic Manner, Over-Correcting/Over-Steering, Swerved or Avoided Due to Wind, Slippery Surface, Motor Vehicle, Object, Non-Motorist in Roadway, etc, Too Fast For Conditions",Unknown,MD,Passenger Car,Moving Constant Speed,30,No,2015,JEEP,CHEROKEE,39.09096543,-77.01947815,2025,8,18
250037762,Injury Crash,08/23/2025 06:20:00 PM,PEBBLESTONE DR,NA,Front to Front,Clear,Dry,Daylight,No Controls,NONE DETECTED,No,Possible Minor Injury,NA,Not Distracted,MD,Passenger Car,Moving Constant Speed,30,No,2013,TOYOTA,COROLLA,39.09096543,-77.01947815,2025,8,18
250037757,Property Damage Crash,08/23/2025 05:06:00 PM,CONNECTICUT AVE,NA,Angle,Clear,Dry,Daylight,Stop Sign,NONE DETECTED,Yes,No Apparent Injury,Failed to Yield Right-of-Way,Unknown,VA,Other,Turning Right,25,No,2018,RAM,PROMASTER 2500,39.06592508,-77.07425152,2025,8,17
250037757,Property Damage Crash,08/23/2025 05:06:00 PM,CONNECTICUT AVE,NA,Angle,Clear,Dry,Daylight,No Controls,NONE DETECTED,No,No Apparent Injury,NA,Not Distracted,MD,Passenger Car,Changing Lanes,45,No,2020,TOYOTA,SIENNA,39.06592508,-77.07425152,2025,8,17
250037761,Property Damage Crash,08/23/2025 05:00:00 PM,NA,NA,Front to Front,Clear,NA,Daylight,NA,NONE DETECTED,No,No Apparent Injury,NA,Not Distracted,MD,Passenger Car,Parked,0,No,2022,TESLA,MODEL 3,39.01044658,-77.04191879,2025,8,17
250037761,Property Damage Crash,08/23/2025 05:00:00 PM,NA,NA,Front to Front,Clear,NA,Daylight,NA,NONE DETECTED,No,NA,NA,NA,NA,Passenger Car,Slowing or Stopping,0,No,2012,BMW,750XI / ALPINA B7,39.01044658,-77.04191879,2025,8,17
250037739,Injury Crash,08/23/2025 04:11:00 PM,NA,NA,Rear To Side,Clear,Dry,Daylight,No Controls,NONE DETECTED,No,Possible Minor Injury,NA,Not Distracted,MD,Passenger Car,Moving Constant Speed,40,No,1968,FORD,MUSTANG,39.25243228,-77.1392241,2025,8,16
250037739,Injury Crash,08/23/2025 04:11:00 PM,NA,NA,Rear To Side,Clear,Dry,Daylight,Stop Sign,NONE DETECTED,Yes,Possible Minor Injury,NA,Unknown,MD,Sport Utility Vehicle,Accelerating,25,No,2024,TOYOTA,COROLLA CROSS,39.25243228,-77.1392241,2025,8,16
250037746,Property Damage Crash,08/23/2025 04:00:00 PM,CAPITAL BELTWAY,NA,Front to Rear,Clear,Dry,Daylight,No Controls,NONE DETECTED,No,No Apparent Injury,NA,Not Distracted,MD,Passenger Car,Stopped in Traffic,55,No,2016,HONDA,CIVIC,39.00894263,-77.08829267,2025,8,16
250037746,Property Damage Crash,08/23/2025 04:00:00 PM,CAPITAL BELTWAY,NA,Front to Rear,Clear,Dry,Daylight,No Controls,NONE DETECTED,Yes,No Apparent Injury,Improper Backing,Unknown,FL,Truck Tractor,Backing,55,No,2012,VOLVO TRUCK,VNL,39.00894263,-77.08829267,2025,8,16
250037743,Property Damage Crash,08/23/2025 03:50:00 PM,NA,NA,Single Vehicle,Clear,Dry,Daylight,No Controls,NONE DETECTED,No,No Apparent Injury,Ran Off Roadway,Unknown,NA,Sport Utility Vehicle,NA,40,No,2018,GMC,YUKON XL,39.14228751,-77.29380348,2025,8,15
250037736,Property Damage Crash,08/23/2025 03:01:00 PM,BRIGGS CHANEY RD,NA,Front to Rear,Clear,Dry,Daylight,Traffic Control Signal,NONE DETECTED,Yes,No Apparent Injury,"Followed Too Closely, Operated Motor Vehicle in Inattentive, Careless, Negligent, or Erratic Manner",Unknown,NA,Passenger Car,Accelerating,40,No,1999,HONDA,ACCORD,39.08313198,-76.94859626,2025,8,15
250037736,Property Damage Crash,08/23/2025 03:01:00 PM,BRIGGS CHANEY RD,NA,Front to Rear,Clear,Dry,Daylight,Traffic Control Signal,NONE DETECTED,No,No Apparent Injury,NA,Not Distracted,MD,Passenger Car,Stopped in Traffic,40,No,2019,FERRARI,PORTOFINO,39.08313198,-76.94859626,2025,8,15
250037735,Property Damage Crash,08/23/2025 02:48:00 PM,NA,Pedestrian,Single Vehicle,Clear,NA,Daylight,NA,NONE DETECTED,No,No Apparent Injury,"Disregarded Other Traffic Sign, Other Improper Action",Unknown,NA,Sport Utility Vehicle,Negotiating a Curve,0,No,2020,INFINITI,QX60,39.08271911,-76.94718759,2025,8,14
250037730,Injury Crash,08/23/2025 02:18:00 PM,BROADBIRCH DR,NA,Angle,Clear,Dry,Daylight,No Controls,NONE DETECTED,No,Possible Minor Injury,NA,Not Distracted,MD,Passenger Car,Moving Constant Speed,35,No,2014,MAZDA,MAZDA3,39.05564809,-76.95593116,2025,8,14
250037730,Injury Crash,08/23/2025 02:18:00 PM,BROADBIRCH DR,NA,Angle,Clear,Dry,Daylight,Stop Sign,NONE DETECTED,No,No Apparent Injury,NA,Not Distracted,MD,Passenger Car,Turning Left,15,No,2022,HONDA,CIVIC,39.05564809,-76.95593116,2025,8,14
250037728,Property Damage Crash,08/23/2025 02:02:00 PM,GEORGIA AVE,NA,Front to Rear,Clear,Dry,Daylight,No Controls,NONE DETECTED,No,No Apparent Injury,Followed Too Closely,Unknown,MD,Passenger Car,Slowing or Stopping,35,No,2004,LEXUS,ES,39.04945169,-77.05179167,2025,8,14