Local Case Number,ACRS Report Type,Crash Date/Time,Road Name,Related Non-Motorist,Collision Type,Weather,Surface Condition,Light,Traffic Control,Driver Substance Abuse,Driver At Fault,Injury Severity,Circumstance,Driver Distracted By,Drivers License State,Vehicle Body Type,Vehicle Movement,Speed Limit,Driverless Vehicle,Vehicle Year,Vehicle Make,Vehicle Model,Latitude,Longitude,Year,Month,Hour
250037728,Property Damage Crash,08/23/2025 02:02:00 PM,GEORGIA AVE,NA,Front to Rear,Clear,Dry,Daylight,No Controls,NONE DETECTED,No,NA,NA,NA,NA,NA,Moving Constant Speed,35,No,0,NA,NA,39.04945169,-77.05179167,2025,8,14
250037728,Property Damage Crash,08/23/2025 02:02:00 PM,GEORGIA AVE,NA,Front to Rear,Clear,Dry,Daylight,No Controls,NONE DETECTED,No,No Apparent Injury,NA,Not Distracted,MD,Passenger Car,Slowing or Stopping,35,No,2012,NISSAN,ALTIMA,39.04945169,-77.05179167,2025,8,14
250037732,Property Damage Crash,08/23/2025 01:36:00 PM,RIDGE RD,NA,"Sideswipe, Same Direction",Clear,Dry,Daylight,No Controls,NONE DETECTED,No,No Apparent Injury,NA,Not Distracted,MD,Pickup,Overtaking/Passing,40,No,2006,GMC,SIERRA,39.26934405,-77.21726525,2025,8,13
250037732,Property Damage Crash,08/23/2025 01:36:00 PM,RIDGE RD,NA,"Sideswipe, Same Direction",Clear,Dry,Daylight,No Controls,NONE DETECTED,Yes,NA,NA,NA,NA,Van - Passenger (&lt;9 Seats),Changing Lanes,40,No,2012,TOYOTA,SIENNA,39.26934405,-77.21726525,2025,8,13
250037725,Property Damage Crash,08/23/2025 01:36:00 PM,BROAD ST,NA,Front to Rear,Clear,Dry,Daylight,No Controls,NONE DETECTED,No,No Apparent Injury,NA,Not Distracted,DC,Passenger Car,Moving Constant Speed,25,No,2016,VOLKSWAGEN,JETTA,39.02258524,-77.11587147,2025,8,13
250037725,Property Damage Crash,08/23/2025 01:36:00 PM,BROAD ST,NA,Front to Rear,Clear,Dry,Daylight,No Controls,NONE DETECTED,No,No Apparent Injury,NA,Not Distracted,VA,Passenger Car,Slowing or Stopping,25,No,2019,TOYOTA,RAV4,39.02258524,-77.11587147,2025,8,13
250037723,Injury Crash,08/23/2025 12:56:00 PM,NA,NA,Front to Rear,Clear,Dry,Daylight,No Controls,NONE DETECTED,No,No Apparent Injury,NA,Not Distracted,MD,Sport Utility Vehicle,Slowing or Stopping,40,No,2018,NISSAN,ROGUE,39.19312852,-77.33410146,2025,8,12
250037723,Injury Crash,08/23/2025 12:56:00 PM,NA,NA,Front to Rear,Clear,Dry,Daylight,No Controls,NONE DETECTED,Yes,Possible Minor Injury,"Followed Too Closely, Improper Passing",Not Distracted,MD,Motorcycle - 2 Wheeled,Moving Constant Speed,40,No,2016,HARLEY-DAVIDSON,XL1200X / FORTY-EIGHT,39.19312852,-77.33410146,2025,8,12
250037721,Injury Crash,08/23/2025 12:52:00 PM,RAMP 7 FR MD 109 WB TO RAMP 6 (TO IS270),NA,Front to Front,Clear,Dry,Daylight,No Controls,NONE DETECTED,No,No Apparent Injury,NA,Not Distracted,MD,Passenger Car,Moving Constant Speed,45,No,2000,CHEVROLET,SILVERADO,39.27744266,-77.32486892,2025,8,12
250037721,Injury Crash,08/23/2025 12:52:00 PM,RAMP 7 FR MD 109 WB TO RAMP 6 (TO IS270),NA,Front to Front,Clear,Dry,Daylight,No Controls,NONE DETECTED,Yes,Possible Minor Injury,Failed to Yield Right-of-Way,"Other Action (looking away from task, etc.)",MD,Passenger Car,Moving Constant Speed,45,No,2019,BUICK,REGAL TOURX,39.27744266,-77.32486892,2025,8,12
250037719,Injury Crash,08/23/2025 12:43:00 PM,PARKLAWN DR,NA,Front to Rear,Clear,Dry,Daylight,No Controls,NONE DETECTED,Yes,Possible Minor Injury,"Failed to Keep in Proper Lane, Followed Too Closely, Improper Backing, Operated Motor Vehicle in Inattentive, Careless, Negligent, or Erratic Manner, Other Improper Action",Unknown,MD,Passenger Car,Moving Constant Speed,30,No,2009,FORD,FOCUS,39.0521025,-77.10650583,2025,8,12
250037719,Injury Crash,08/23/2025 12:43:00 PM,PARKLAWN DR,NA,Front to Rear,Clear,Dry,Daylight,No Controls,NONE DETECTED,No,No Apparent Injury,NA,Not Distracted,MD,Passenger Car,Slowing or Stopping,30,No,2025,TOYOTA,PRIUS,39.0521025,-77.10650583,2025,8,12
250037719,Injury Crash,08/23/2025 12:43:00 PM,PARKLAWN DR,NA,Front to Rear,Clear,Dry,Daylight,No Controls,NONE DETECTED,No,No Apparent Injury,NA,Not Distracted,MD,Passenger Car,Moving Constant Speed,30,No,2009,TOYOTA,CAMRY,39.0521025,-77.10650583,2025,8,12
250037710,Property Damage Crash,08/23/2025 12:02:00 PM,GEORGIA AVE,NA,"Sideswipe, Same Direction",Clear,Dry,Daylight,No Controls,NONE DETECTED,No,NA,NA,NA,NA,Bus - Transit,NA,30,No,2013,NEW FLYER,XCELSIOR,38.98643187,-77.02676713,2025,8,12
250037710,Property Damage Crash,08/23/2025 12:02:00 PM,GEORGIA AVE,NA,"Sideswipe, Same Direction",Clear,Dry,Daylight,No Controls,NONE DETECTED,No,No Apparent Injury,NA,Not Distracted,MD,Passenger Car,Moving Constant Speed,30,No,2013,FORD,C-MAX,38.98643187,-77.02676713,2025,8,12
250037712,Injury Crash,08/23/2025 11:59:00 AM,ABERDEEN RD,NA,Angle,Clear,Dry,Daylight,No Controls,NONE DETECTED,No,No Apparent Injury,NA,Not Distracted,MD,Passenger Car,Moving Constant Speed,35,No,2017,SUBARU,CROSSTREK,38.9914415,-77.117692,2025,8,11
250037712,Injury Crash,08/23/2025 11:59:00 AM,ABERDEEN RD,NA,Angle,Clear,Dry,Daylight,Stop Sign,NONE DETECTED,Yes,Possible Minor Injury,NA,Unknown,VA,Passenger Car,Entering Traffic Lane,35,No,2014,TOYOTA,CAMRY,38.9914415,-77.117692,2025,8,11
250037708,Injury Crash,08/23/2025 11:50:00 AM,ROCKVILLE PIKE (SB/L),Pedestrian,Single Vehicle,Clear,Dry,Daylight,Stop Sign,NONE DETECTED,Yes,No Apparent Injury,NA,Unknown,MD,Passenger Car,Turning Right,0,No,2025,MAZDA,CX-90,39.05846583,-77.12126533,2025,8,11
250037707,Property Damage Crash,08/23/2025 11:30:00 AM,NA,NA,Front to Rear,Clear,Dry,Daylight,Other,NONE DETECTED,No,No Apparent Injury,NA,Not Distracted,MD,Bus - Other Type,Turning Left,20,No,2021,GILLIG,LOW FLOOR BUS,39.07635128,-77.22187937,2025,8,11
250037707,Property Damage Crash,08/23/2025 11:30:00 AM,NA,NA,Front to Rear,Clear,Dry,Daylight,Other Signal,NONE DETECTED,Yes,No Apparent Injury,NA,Not Distracted,MD,Passenger Car,Turning Left,20,No,2011,FORD,FIESTA,39.07635128,-77.22187937,2025,8,11
250037724,Property Damage Crash,08/23/2025 11:15:00 AM,HILLANDALE RD,NA,Front to Front,Clear,Dry,Daylight,No Controls,NONE DETECTED,No,No Apparent Injury,NA,Not Distracted,US,Passenger Car,Turning Right,25,No,2008,TOYOTA,HIGHLANDER,38.97784147,-77.09706933,2025,8,11
250037724,Property Damage Crash,08/23/2025 11:15:00 AM,HILLANDALE RD,NA,Front to Front,Clear,Dry,Daylight,No Controls,NONE DETECTED,No,NA,NA,NA,NA,Passenger Car,Overtaking/Passing,25,No,2024,FORD,RANGER,38.97784147,-77.09706933,2025,8,11
250037697,Injury Crash,08/23/2025 10:28:00 AM,S GLEN RD,Cyclist (non-electric),Single Vehicle,Clear,Dry,Daylight,No Controls,NONE DETECTED,Yes,No Apparent Injury,Failed to Yield Right-of-Way,Unknown,MD,Passenger Car,Turning Left,30,No,2012,HYUNDAI,SONATA,39.04591437,-77.21718449,2025,8,10
250037670,Property Damage Crash,08/23/2025 05:22:00 AM,EASTWOOD AVE,NA,"Sideswipe, Opposite Direction",Clear,Dry,Medium,No Controls,NONE DETECTED,No,No Apparent Injury,NA,Not Distracted,MD,Sport Utility Vehicle,Moving Constant Speed,25,No,2007,TOYOTA,RAV4,39.02699598,-77.01272054,2025,8,5
250037670,Property Damage Crash,08/23/2025 05:22:00 AM,EASTWOOD AVE,NA,"Sideswipe, Opposite Direction",Clear,Dry,Medium,No Controls,NONE DETECTED,No,No Apparent Injury,NA,Not Distracted,MD,Sport Utility Vehicle,Moving Constant Speed,25,No,2019,TOYOTA,RAV4,39.02699598,-77.01272054,2025,8,5
250037655,Property Damage Crash,08/23/2025 12:57:00 AM,COLUMBIA PIKE,NA,Single Vehicle,Clear,Dry,Dark,No Controls,NONE DETECTED,Yes,No Apparent Injury,NA,Unknown,MD,Passenger Car,Moving Constant Speed,50,No,2013,HYUNDAI,ELANTRA,39.1312595,-76.919467,2025,8,0
250037652,Property Damage Crash,08/23/2025 12:34:00 AM,WASHINGTONIAN BLVD,NA,Single Vehicle,Clear,Dry,Medium,No Controls,NONE DETECTED,No,No Apparent Injury,NA,Unknown,MD,Passenger Car,Negotiating a Curve,35,No,2015,NISSAN,VERSA,39.115161,-77.19820933,2025,8,0
250037644,Injury Crash,08/22/2025 10:59:00 PM,VEIRS MILL RD (WB/L),NA,Front to Rear,Clear,Dry,Medium,No Controls,NONE DETECTED,No,Possible Minor Injury,NA,Not Distracted,MD,Other,Parked,35,No,2022,RAM,5500,39.07771639,-77.12571113,2025,8,22
250037644,Injury Crash,08/22/2025 10:59:00 PM,VEIRS MILL RD (WB/L),NA,Front to Rear,Clear,Dry,Medium,No Controls,NONE DETECTED,No,Possible Minor Injury,NA,"Other Action (looking away from task, etc.)",MD,Passenger Car,Accelerating,35,No,2016,CHEVROLET,EQUINOX,39.07771639,-77.12571113,2025,8,22
250037643,Injury Crash,08/22/2025 10:38:00 PM,OLD GEORGETOWN RD,NA,Angle,Clear,Dry,Medium,Traffic Control Signal,NONE DETECTED,Yes,Suspected Serious Injury,Ran Red Light,Unknown,MD,Motorcycle - 2 Wheeled,Moving Constant Speed,35,No,2013,HARLEY-DAVIDSON,ELECTRA GLIDE ULTRA CLASSIC,39.031081,-77.12619861,2025,8,22
250037643,Injury Crash,08/22/2025 10:38:00 PM,OLD GEORGETOWN RD,NA,Angle,Clear,Dry,Medium,Traffic Control Signal,NONE DETECTED,No,No Apparent Injury,NA,Not Distracted,XX,Passenger Car,Turning Left,35,No,2018,MAZDA,MAZDA6,39.031081,-77.12619861,2025,8,22
250037637,Property Damage Crash,08/22/2025 10:03:00 PM,NA,NA,Front to Rear,Clear,Dry,Medium,No Controls,NONE DETECTED,Yes,No Apparent Injury,Other Improper Action,Not Distracted,MD,Passenger Car,Moving Constant Speed,40,No,2017,VOLKSWAGEN,JETTA,39.15630621,-77.26502883,2025,8,22
250037630,Property Damage Crash,08/22/2025 09:30:00 PM,HUNGERFORD DR,NA,Front to Rear,Clear,Dry,Medium,No Controls,NONE DETECTED,Yes,No Apparent Injury,NA,Not Distracted,VA,Passenger Car,Changing Lanes,35,No,2015,TOYOTA,RAV4,39.09396477,-77.15325448,2025,8,21
250037630,Property Damage Crash,08/22/2025 09:30:00 PM,HUNGERFORD DR,NA,Front to Rear,Clear,Dry,Medium,No Controls,NONE DETECTED,No,No Apparent Injury,NA,Not Distracted,MD,Passenger Car,Moving Constant Speed,35,No,2003,HONDA,ACCORD,39.09396477,-77.15325448,2025,8,21
250037613,Property Damage Crash,08/22/2025 08:05:00 PM,NA,NA,Front to Front,Clear,Dry,Daylight,No Controls,NONE DETECTED,No,No Apparent Injury,NA,Not Distracted,MD,Sport Utility Vehicle,Moving Constant Speed,30,No,2010,CADILLAC,SRX,39.03459399,-76.99331736,2025,8,20
250037613,Property Damage Crash,08/22/2025 08:05:00 PM,NA,NA,Front to Front,Clear,Dry,Daylight,No Controls,ALCOHOL PRESENT,Yes,No Apparent Injury,"Failed to Keep in Proper Lane, Operated Motor Vehicle in Inattentive, Careless, Negligent, or Erratic Manner, Operated Motor Vehicle in Reckless or Aggressive Manner, Other Improper Action","Other Action (looking away from task, etc.)",NY,Sport Utility Vehicle,Moving Constant Speed,30,No,2024,KIA,NIRO,39.03459399,-76.99331736,2025,8,20
250037626,Property Damage Crash,08/22/2025 07:29:00 PM,NA,NA,Single Vehicle,Clear,NA,Medium,NA,NONE DETECTED,Yes,No Apparent Injury,Improper Turn,"Other Action (looking away from task, etc.)",MD,Other Trucks,Turning Right,0,No,2003,KENWORTH,T800,39.28024876,-77.31467843,2025,8,19
250037617,Property Damage Crash,08/22/2025 07:00:00 PM,NA,NA,Front to Rear,Clear,NA,Daylight,NA,NONE DETECTED,No,No Apparent Injury,Improper Passing,Unknown,NA,Passenger Car,Accelerating,0,No,2011,KIA,SORENTO,38.98844366,-76.98839737,2025,8,19
250037617,Property Damage Crash,08/22/2025 07:00:00 PM,NA,NA,Front to Rear,Clear,NA,Daylight,NA,NONE DETECTED,No,No Apparent Injury,NA,Not Distracted,MD,Sport Utility Vehicle,Moving Constant Speed,0,No,2020,HONDA,CR-V,38.98844366,-76.98839737,2025,8,19
250037604,Injury Crash,08/22/2025 05:54:00 PM,CROSSOVER,NA,Angle,Clear,Dry,Daylight,Traffic Control Signal,NONE DETECTED,Yes,No Apparent Injury,Improper Turn,Not Distracted,MD,Passenger Car,Turning Left,25,No,2006,DODGE,CARAVAN,39.0159105,-77.00545233,2025,8,17
250037604,Injury Crash,08/22/2025 05:54:00 PM,CROSSOVER,NA,Angle,Clear,Dry,Daylight,Traffic Control Signal,NONE DETECTED,No,Possible Minor Injury,NA,Not Distracted,MD,Passenger Car,Moving Constant Speed,35,No,2017,LEXUS,IS,39.0159105,-77.00545233,2025,8,17
250037610,Property Damage Crash,08/22/2025 05:43:00 PM,CARROLL AVE,NA,Other,Clear,Dry,Daylight,No Controls,NONE DETECTED,No,No Apparent Injury,NA,Not Distracted,MD,Passenger Car,Moving Constant Speed,30,No,2013,HONDA,ACCORD,38.99319045,-76.99280011,2025,8,17
250037610,Property Damage Crash,08/22/2025 05:43:00 PM,CARROLL AVE,NA,Other,Clear,Dry,Daylight,No Controls,NONE DETECTED,No,No Apparent Injury,NA,Not Distracted,MD,Passenger Car,Moving Constant Speed,30,No,2013,TOYOTA,CAMRY,38.99319045,-76.99280011,2025,8,17
250037610,Property Damage Crash,08/22/2025 05:43:00 PM,CARROLL AVE,NA,Other,Clear,Dry,Daylight,No Controls,NONE DETECTED,Yes,No Apparent Injury,NA,Not Distracted,MD,Sport Utility Vehicle,Turning Left,30,No,2021,HONDA,PILOT,38.99319045,-76.99280011,2025,8,17
250037581,Injury Crash,08/22/2025 04:46:00 PM,COLUMBIA PIKE,NA,Front to Rear,Clear,Dry,Daylight,No Controls,NONE DETECTED,No,No Apparent Injury,NA,Not Distracted,MD,Passenger Car,Slowing or Stopping,50,No,2021,LEXUS,ES,39.11543417,-76.92787,2025,8,16
250037581,Injury Crash,08/22/2025 04:46:00 PM,COLUMBIA PIKE,NA,Front to Rear,Clear,Dry,Daylight,No Controls,NONE DETECTED,No,No Apparent Injury,NA,Not Distracted,DC,Passenger Car,Slowing or Stopping,50,No,2023,TOYOTA,HIGHLANDER,39.11543417,-76.92787,2025,8,16
250037581,Injury Crash,08/22/2025 04:46:00 PM,COLUMBIA PIKE,NA,Front to Rear,Clear,Dry,Daylight,No Controls,NONE DETECTED,Yes,Possible Minor Injury,NA,Unknown,MD,Passenger Car,Slowing or Stopping,50,No,2011,KIA,SORENTO,39.11543417,-76.92787,2025,8,16
250037578,Injury Crash,08/22/2025 04:38:00 PM,WOOTTON PKWY,NA,Front to Rear,Clear,Dry,Daylight,Other,NONE DETECTED,Yes,Possible Minor Injury,Followed Too Closely,Unknown,MD,Passenger Car,NA,25,No,2021,DODGE,CHARGER,39.0868479,-77.1893619,2025,8,16
250037578,Injury Crash,08/22/2025 04:38:00 PM,WOOTTON PKWY,NA,Front to Rear,Clear,Dry,Daylight,Other,NONE DETECTED,No,No Apparent Injury,NA,Unknown,MD,Passenger Car,NA,25,No,2021,LEXUS,NX,39.0868479,-77.1893619,2025,8,16
250037565,Property Damage Crash,08/22/2025 03:33:00 PM,NA,NA,Single Vehicle,Clear,Dry,Daylight,No Controls,NONE DETECTED,No,No Apparent Injury,NA,Unknown,DC,Passenger Car,Moving Constant Speed,25,No,2010,FORD,EDGE,38.97830069,-77.00777274,2025,8,15
250037559,Property Damage Crash,08/22/2025 03:30:00 PM,NEOLA RD,NA,Front to Front,Clear,Dry,Daylight,No Controls,NONE DETECTED,Yes,No Apparent Injury,"Over-Correcting/Over-Steering, Too Fast For Conditions",Unknown,MD,Passenger Car,NA,25,No,2016,HONDA,FIT,39.0681481,-77.078074,2025,8,15
250037754,Property Damage Crash,08/22/2025 03:07:00 PM,NA,NA,Front to Front,Clear,NA,Daylight,NA,NONE DETECTED,No,No Apparent Injury,NA,Unknown,MD,Passenger Car,Accelerating,0,No,2008,TOYOTA,SCION XD,39.07482313,-77.1358382,2025,8,15
250037754,Property Damage Crash,08/22/2025 03:07:00 PM,NA,NA,Front to Front,Clear,NA,Daylight,NA,NONE DETECTED,No,No Apparent Injury,NA,Not Distracted,VA,Van - Passenger (&lt;9 Seats),Entering Traffic Lane,0,No,2017,HONDA,ODYSSEY,39.07482313,-77.1358382,2025,8,15
250037557,Property Damage Crash,08/22/2025 02:50:00 PM,LAYTONSVILLE RD,NA,Single Vehicle,Clear,Dry,Daylight,No Controls,NONE DETECTED,Yes,No Apparent Injury,"Ran Off Roadway, Wrong Way",Talking/listening,MD,Passenger Car,Moving Constant Speed,30,No,2021,HYUNDAI,TUCSON,39.20817084,-77.14164734,2025,8,14
250037551,Property Damage Crash,08/22/2025 02:16:00 PM,GLENOLDEN DR,NA,Angle,Clear,Dry,Daylight,No Controls,NONE DETECTED,No,No Apparent Injury,NA,Not Distracted,MD,Pickup,Slowing or Stopping,30,No,2018,FORD,F-150,39.0191645,-77.20852301,2025,8,14
250037551,Property Damage Crash,08/22/2025 02:16:00 PM,GLENOLDEN DR,NA,Angle,Clear,Dry,Daylight,No Controls,NONE DETECTED,Yes,No Apparent Injury,NA,Not Distracted,MD,Sport Utility Vehicle,Turning Left,30,No,2011,ACURA,MDX,39.0191645,-77.20852301,2025,8,14
250037549,Property Damage Crash,08/22/2025 01:59:00 PM,NA,NA,Angle,Clear,Dry,Daylight,No Controls,ALCOHOL PRESENT,Yes,No Apparent Injury,NA,Unknown,MD,Passenger Car,Turning Left,25,No,2005,TOYOTA,COROLLA,39.06152343,-77.04451691,2025,8,13
250037564,Property Damage Crash,08/22/2025 01:50:00 PM,KNOWLES AVE,NA,Front to Rear,Clear,Dry,Daylight,Traffic Control Signal,NONE DETECTED,Yes,No Apparent Injury,NA,Not Distracted,MD,Passenger Car,Moving Constant Speed,30,No,2022,FORD,EXPLORER,39.02776889,-77.07959189,2025,8,13
250037544,Property Damage Crash,08/22/2025 01:50:00 PM,NA,NA,Angle,Clear,Dry,Daylight,No Controls,NONE DETECTED,No,No Apparent Injury,NA,Not Distracted,MD,Passenger Car,Moving Constant Speed,35,No,2019,MITSUBISHI,MIRAGE G4,39.00124559,-76.98613481,2025,8,13
250037564,Property Damage Crash,08/22/2025 01:50:00 PM,KNOWLES AVE,NA,Front to Rear,Clear,Dry,Daylight,Traffic Control Signal,NONE DETECTED,No,No Apparent Injury,NA,Not Distracted,MD,Passenger Car,Slowing or Stopping,30,No,2016,HYUNDAI,ACCENT,39.02776889,-77.07959189,2025,8,13
250037544,Property Damage Crash,08/22/2025 01:50:00 PM,NA,NA,Angle,Clear,Dry,Daylight,No Controls,NONE DETECTED,Yes,No Apparent Injury,NA,Not Distracted,MD,Sport Utility Vehicle,Turning Left,25,No,2007,TOYOTA,HIGHLANDER,39.00124559,-76.98613481,2025,8,13
250037539,Injury Crash,08/22/2025 01:18:00 PM,CLOVERLY ST,NA,Front to Front,Clear,Dry,Daylight,No Controls,NONE DETECTED,No,No Apparent Injury,NA,Not Distracted,MD,Passenger Car,Moving Constant Speed,40,No,2014,INFINITI,QX60,39.109671,-76.99658955,2025,8,13
250037539,Injury Crash,08/22/2025 01:18:00 PM,CLOVERLY ST,NA,Front to Front,Clear,Dry,Daylight,No Controls,NONE DETECTED,Yes,Possible Minor Injury,Failed to Yield Right-of-Way,Not Distracted,MD,Passenger Car,Turning Left,40,No,2017,HONDA,CIVIC,39.109671,-76.99658955,2025,8,13
250037527,Injury Crash,08/22/2025 12:15:00 PM,ROCKVILLE PIKE,NA,Angle,Clear,Dry,Daylight,Traffic Control Signal,NONE DETECTED,Yes,No Apparent Injury,NA,Not Distracted,MD,Sport Utility Vehicle,Turning Left,30,No,2003,INFINITI,FX35,39.08349214,-77.14677505,2025,8,12
250037527,Injury Crash,08/22/2025 12:15:00 PM,ROCKVILLE PIKE,NA,Angle,Clear,Dry,Daylight,Traffic Control Signal,NONE DETECTED,No,Possible Minor Injury,NA,Not Distracted,MD,Bus - Transit,Moving Constant Speed,30,No,2009,GILLIG,CITY TRANSIT BUS,39.08349214,-77.14677505,2025,8,12
250037524,Injury Crash,08/22/2025 11:45:00 AM,NA,NA,Front to Rear,Clear,Dry,Daylight,No Controls,NONE DETECTED,Yes,No Apparent Injury,NA,Not Distracted,VA,Passenger Car,Moving Constant Speed,40,No,2010,TOYOTA,SIENNA,39.05641964,-76.95445852,2025,8,11
250037524,Injury Crash,08/22/2025 11:45:00 AM,NA,NA,Front to Rear,Clear,Dry,Daylight,No Controls,NONE DETECTED,No,Possible Minor Injury,NA,Not Distracted,MD,Passenger Car,Stopped in Traffic,40,No,2013,TOYOTA,COROLLA,39.05641964,-76.95445852,2025,8,11
250037516,Property Damage Crash,08/22/2025 10:44:00 AM,EISENHOWER MEMORIAL HWY,NA,Single Vehicle,Clear,Dry,Daylight,No Controls,NONE DETECTED,No,No Apparent Injury,NA,Not Distracted,MD,Passenger Car,Moving Constant Speed,55,No,2017,CHEVROLET,MALIBU,39.18018079,-77.25065714,2025,8,10
250037516,Property Damage Crash,08/22/2025 10:44:00 AM,EISENHOWER MEMORIAL HWY,NA,Single Vehicle,Clear,Dry,Daylight,No Controls,NONE DETECTED,No,NA,NA,NA,NA,NA,Moving Constant Speed,55,No,0,NA,NA,39.18018079,-77.25065714,2025,8,10
250037509,Property Damage Crash,08/22/2025 10:36:00 AM,NA,NA,Front to Rear,Clear,Dry,Daylight,Flashing Traffic Control Signal,NONE DETECTED,Yes,No Apparent Injury,Followed Too Closely,"Manually Operating (dialing, playing game, etc.)",MD,Van - Passenger (&lt;9 Seats),Slowing or Stopping,30,No,2003,TOYOTA,SIENNA,39.20793083,-77.1414795,2025,8,10
250037509,Property Damage Crash,08/22/2025 10:36:00 AM,NA,NA,Front to Rear,Clear,Dry,Daylight,Flashing Traffic Control Signal,NONE DETECTED,No,No Apparent Injury,NA,Not Distracted,MD,Pickup,Stopped in Traffic,30,No,2017,FORD,F-250,39.20793083,-77.1414795,2025,8,10
250037500,Property Damage Crash,08/22/2025 09:44:00 AM,POOKS HILL RD,NA,Angle,Clear,Dry,Daylight,Traffic Control Signal,NONE DETECTED,No,No Apparent Injury,NA,Not Distracted,MD,Passenger Car,Moving Constant Speed,35,No,2015,ACURA,TLX,39.01498733,-77.099797,2025,8,9
250037500,Property Damage Crash,08/22/2025 09:44:00 AM,POOKS HILL RD,NA,Angle,Clear,Dry,Daylight,Traffic Control Signal,NONE DETECTED,No,No Apparent Injury,NA,Not Distracted,MD,Sport Utility Vehicle,Turning Left,30,No,2021,NISSAN,ROGUE,39.01498733,-77.099797,2025,8,9
250037498,Property Damage Crash,08/22/2025 09:30:00 AM,W WATKINS MILL RD (SB/L),NA,Angle,Clear,Dry,Daylight,Traffic Control Signal,NONE DETECTED,No,No Apparent Injury,NA,Not Distracted,MD,Sport Utility Vehicle,Entering Traffic Lane,35,No,2016,HONDA,PILOT,39.15558839,-77.227324050000007,2025,8,9
250037498,Property Damage Crash,08/22/2025 09:30:00 AM,W WATKINS MILL RD (SB/L),NA,Angle,Clear,Dry,Daylight,Traffic Control Signal,NONE DETECTED,Yes,No Apparent Injury,NA,Not Distracted,MD,Passenger Car,Moving Constant Speed,35,No,2019,SUBARU,CROSSTREK,39.15558839,-77.227324050000007,2025,8,9
250037490,Property Damage Crash,08/22/2025 07:49:00 AM,SEVEN LOCKS RD,NA,"Sideswipe, Same Direction",Clear,Dry,Daylight,"Other Pavement Marking (excluding edgelines, centerlines, or lane lines)",NONE DETECTED,No,NA,NA,NA,NA,NA,NA,35,No,0,NA,NA,39.02170567,-77.1622945,2025,8,7
250037490,Property Damage Crash,08/22/2025 07:49:00 AM,SEVEN LOCKS RD,NA,"Sideswipe, Same Direction",Clear,Dry,Daylight,"Other Pavement Marking (excluding edgelines, centerlines, or lane lines)",NONE DETECTED,No,No Apparent Injury,NA,Unknown,MD,Other Trucks,Moving Constant Speed,35,No,2023,FORD,F-750,39.02170567,-77.1622945,2025,8,7
250037484,Injury Crash,08/22/2025 06:30:00 AM,NA,NA,Angle,Clear,Dry,Daylight,Traffic Control Signal,ALCOHOL PRESENT,No,Possible Minor Injury,Followed Too Closely,Not Distracted,MD,Passenger Car,Moving Constant Speed,30,No,2022,CHEVROLET,SUBURBAN,38.99286283,-77.03149683,2025,8,6
250037484,Injury Crash,08/22/2025 06:30:00 AM,NA,NA,Angle,Clear,Dry,Daylight,Traffic Control Signal,NONE DETECTED,No,No Apparent Injury,NA,Not Distracted,MD,Passenger Car,Moving Constant Speed,30,No,2017,TOYOTA,CAMRY,38.99286283,-77.03149683,2025,8,6
250037468,Property Damage Crash,08/21/2025 11:28:00 PM,NEW HAMPSHIRE AVE (SB/L),NA,"Sideswipe, Same Direction",Clear,Dry,Medium,Traffic Control Signal,NONE DETECTED,No,No Apparent Injury,NA,Not Distracted,MD,Bus - Transit,Moving Constant Speed,35,No,2016,NEW FLYER,XCELSIOR,39.01730344,-76.97731662,2025,8,23