Local Case Number,ACRS Report Type,Crash Date/Time,Road Name,Related Non-Motorist,Collision Type,Weather,Surface Condition,Light,Traffic Control,Driver Substance Abuse,Driver At Fault,Injury Severity,Circumstance,Driver Distracted By,Drivers License State,Vehicle Body Type,Vehicle Movement,Speed Limit,Driverless Vehicle,Vehicle Year,Vehicle Make,Vehicle Model,Latitude,Longitude,Year,Month,Hour
250037468,Property Damage Crash,08/21/2025 11:28:00 PM,NEW HAMPSHIRE AVE (SB/L),NA,"Sideswipe, Same Direction",Clear,Dry,Medium,Traffic Control Signal,NONE DETECTED,Yes,No Apparent Injury,Disregarded Other Traffic Sign,Unknown,MD,Sport Utility Vehicle,Entering Traffic Lane,35,No,2008,HONDA,CR-V,39.01730344,-76.97731662,2025,8,23
250037461,Property Damage Crash,08/21/2025 10:51:00 PM,RAMP 3 FR RAMP 6 (FR IS495) TO MD 187 NB,NA,Front to Front,Clear,Dry,Medium,Traffic Control Signal,NONE DETECTED,Yes,No Apparent Injury,NA,Not Distracted,MD,Passenger Car,Turning Left,35,No,2008,TOYOTA,SCION XB,39.01519995,-77.11874549,2025,8,22
250037461,Property Damage Crash,08/21/2025 10:51:00 PM,RAMP 3 FR RAMP 6 (FR IS495) TO MD 187 NB,NA,Front to Front,Clear,Dry,Medium,Traffic Control Signal,NONE DETECTED,No,No Apparent Injury,NA,Not Distracted,MD,Passenger Car,Moving Constant Speed,35,No,2023,HONDA,CIVIC,39.01519995,-77.11874549,2025,8,22
250037462,Property Damage Crash,08/21/2025 10:45:00 PM,NA,NA,Front to Front,Clear,Dry,Medium,Traffic Control Signal,NONE DETECTED,Yes,No Apparent Injury,"Operated Motor Vehicle in Inattentive, Careless, Negligent, or Erratic Manner, Other Improper Action, Ran Red Light, Too Fast For Conditions","Other Action (looking away from task, etc.)",MD,Motorcycle - 2 Wheeled,Moving Constant Speed,35,No,1985,HONDA,CB450,39.0562091,-77.11907977,2025,8,22
250037462,Property Damage Crash,08/21/2025 10:45:00 PM,NA,NA,Front to Front,Clear,Dry,Medium,Traffic Control Signal,NONE DETECTED,No,No Apparent Injury,NA,Not Distracted,MD,Sport Utility Vehicle,Turning Left,25,No,2021,TOYOTA,VENZA,39.0562091,-77.11907977,2025,8,22
250037458,Property Damage Crash,08/21/2025 09:00:00 PM,CONNECTICUT AVE,NA,"Sideswipe, Same Direction",Clear,Dry,Medium,No Controls,NONE DETECTED,No,No Apparent Injury,NA,Unknown,NA,Sport Utility Vehicle,Changing Lanes,35,No,2018,TOYOTA,RAV4,39.00039203,-77.07679566,2025,8,21
250037458,Property Damage Crash,08/21/2025 09:00:00 PM,CONNECTICUT AVE,NA,"Sideswipe, Same Direction",Clear,Dry,Medium,No Controls,NONE DETECTED,No,No Apparent Injury,NA,Not Distracted,MD,Sport Utility Vehicle,Moving Constant Speed,35,No,2021,TOYOTA,RAV4,39.00039203,-77.07679566,2025,8,21
250037440,Property Damage Crash,08/21/2025 08:54:00 PM,LAYHILL RD,NA,Front to Rear,Clear,Dry,Medium,Traffic Control Signal,NONE DETECTED,Yes,NA,"Operated Motor Vehicle in Reckless or Aggressive Manner, Other Improper Action, Too Fast For Conditions",NA,NA,NA,Moving Constant Speed,35,No,0,NA,NA,39.090018,-77.044674,2025,8,20
250037440,Property Damage Crash,08/21/2025 08:54:00 PM,LAYHILL RD,NA,Front to Rear,Clear,Dry,Medium,Traffic Control Signal,NONE DETECTED,No,No Apparent Injury,NA,Not Distracted,MD,Passenger Car,Stopped in Traffic,35,No,2017,CHEVROLET,EQUINOX,39.090018,-77.044674,2025,8,20
250037440,Property Damage Crash,08/21/2025 08:54:00 PM,LAYHILL RD,NA,Front to Rear,Clear,Dry,Medium,Traffic Control Signal,NONE DETECTED,No,No Apparent Injury,NA,Not Distracted,MD,Passenger Car,Stopped in Traffic,35,No,2011,MITSUBISHI,ENDEAVOR,39.090018,-77.044674,2025,8,20
250037438,Property Damage Crash,08/21/2025 08:53:00 PM,VEIRS MILL RD (WB/L),NA,"Sideswipe, Same Direction",Clear,Dry,Medium,No Controls,NONE DETECTED,No,No Apparent Injury,NA,Not Distracted,WV,Passenger Car,Moving Constant Speed,45,No,2019,DODGE,CHARGER,39.06013362,-77.08939628,2025,8,20
250037438,Property Damage Crash,08/21/2025 08:53:00 PM,VEIRS MILL RD (WB/L),NA,"Sideswipe, Same Direction",Clear,Dry,Medium,No Controls,NONE DETECTED,Yes,No Apparent Injury,"Operated Motor Vehicle in Inattentive, Careless, Negligent, or Erratic Manner",Unknown,MD,Passenger Car,Changing Lanes,45,No,2021,TOYOTA,CAMRY,39.06013362,-77.08939628,2025,8,20
250037442,Property Damage Crash,08/21/2025 08:45:00 PM,LOST KNIFE RD (NB/L),NA,Front to Rear,Clear,Dry,Medium,Traffic Control Signal,NONE DETECTED,No,No Apparent Injury,NA,Not Distracted,MD,Passenger Car,Slowing or Stopping,35,No,2014,DODGE,SHADOW,39.15795733,-77.20419581,2025,8,20
250037442,Property Damage Crash,08/21/2025 08:45:00 PM,LOST KNIFE RD (NB/L),NA,Front to Rear,Clear,Dry,Medium,Traffic Control Signal,NONE DETECTED,No,No Apparent Injury,NA,Unknown,MD,Passenger Car,Moving Constant Speed,35,No,2013,HONDA,CR-V,39.15795733,-77.20419581,2025,8,20
250037442,Property Damage Crash,08/21/2025 08:45:00 PM,LOST KNIFE RD (NB/L),NA,Front to Rear,Clear,Dry,Medium,Traffic Control Signal,NONE DETECTED,No,No Apparent Injury,NA,Unknown,MD,Passenger Car,Slowing or Stopping,35,No,2013,NISSAN,ROGUE,39.15795733,-77.20419581,2025,8,20
250037439,Property Damage Crash,08/21/2025 08:36:00 PM,CIDER BARRELL DR,NA,Front to Rear,Clear,Dry,Medium,No Controls,NONE DETECTED,Yes,No Apparent Injury,NA,Unknown,US,Sport Utility Vehicle,Backing,15,No,2018,VOLKSWAGEN,ATLAS,39.18858317,-77.24294617,2025,8,20
250037412,Property Damage Crash,08/21/2025 06:09:00 PM,RITCHIE AVE,NA,"Sideswipe, Opposite Direction",Clear,Dry,Daylight,Stop Sign,NONE DETECTED,No,No Apparent Injury,NA,Not Distracted,MD,Van - Passenger (&lt;9 Seats),Stopped in Traffic,15,No,2004,HONDA,ODYSSEY,38.99049288,-77.01747778,2025,8,18
250037412,Property Damage Crash,08/21/2025 06:09:00 PM,RITCHIE AVE,NA,"Sideswipe, Opposite Direction",Clear,Dry,Daylight,No Controls,NONE DETECTED,Yes,No Apparent Injury,NA,Not Distracted,MD,Passenger Car,Turning Right,15,No,2026,TESLA,MODEL Y,38.99049288,-77.01747778,2025,8,18
250037402,Injury Crash,08/21/2025 05:21:00 PM,NA,NA,Front to Rear,Clear,Dry,Daylight,No Controls,NONE DETECTED,Yes,No Apparent Injury,Followed Too Closely,"Other Action (looking away from task, etc.)",MD,Passenger Car,Moving Constant Speed,40,No,2013,KIA,SOUL,39.219796,-77.25741635,2025,8,17
250037402,Injury Crash,08/21/2025 05:21:00 PM,NA,NA,Front to Rear,Clear,Dry,Daylight,No Controls,NONE DETECTED,No,Possible Minor Injury,NA,Not Distracted,MD,Passenger Car,Slowing or Stopping,40,No,2015,LEXUS,NX,39.219796,-77.25741635,2025,8,17
250037388,Property Damage Crash,08/21/2025 04:07:00 PM,COLESVILLE RD,NA,"Sideswipe, Same Direction",Clear,Dry,Daylight,No Controls,NONE DETECTED,No,No Apparent Injury,NA,Not Distracted,MD,Bus - Transit,Moving Constant Speed,35,No,2020,NOVABUS,LFS ARTICULATED,39.01398593,-77.01667493,2025,8,16
250037388,Property Damage Crash,08/21/2025 04:07:00 PM,COLESVILLE RD,NA,"Sideswipe, Same Direction",Clear,Dry,Daylight,No Controls,NONE DETECTED,Yes,No Apparent Injury,NA,NA,NA,Other Trucks,Moving Constant Speed,35,No,0,NA,NA,39.01398593,-77.01667493,2025,8,16
250037369,Property Damage Crash,08/21/2025 02:37:00 PM,RAMP 5 FR IS 270 SB TO IS 370 EB,NA,Single Vehicle,Rain,Wet,Daylight,No Controls,NONE DETECTED,No,No Apparent Injury,Too Fast For Conditions,Unknown,MD,Sport Utility Vehicle,Negotiating a Curve,55,No,2020,MERCEDES-BENZ,GLC-CLASS,39.12144414,-77.19398002,2025,8,14
250037373,Property Damage Crash,08/21/2025 02:28:00 PM,BOURNEFIELD WAY,NA,Angle,Cloudy,Dry,Daylight,No Controls,NONE DETECTED,No,No Apparent Injury,NA,Not Distracted,MD,Passenger Car,Moving Constant Speed,25,No,2011,TOYOTA,CAMRY,39.05326523,-76.96172336,2025,8,14
250037373,Property Damage Crash,08/21/2025 02:28:00 PM,BOURNEFIELD WAY,NA,Angle,Cloudy,Dry,Daylight,Stop Sign,NONE DETECTED,No,No Apparent Injury,NA,Not Distracted,MD,Bus - School,Turning Left,15,No,2013,FREIGHTLINER,B2 BUS CHASSIS,39.05326523,-76.96172336,2025,8,14
250037359,Property Damage Crash,08/21/2025 01:27:00 PM,BEECH AVE,NA,"Sideswipe, Same Direction",Cloudy,Wet,Daylight,No Controls,NONE DETECTED,Yes,No Apparent Injury,Other Improper Action,Not Distracted,MD,Bus - School,Turning Right,5,No,2019,FREIGHTLINER,B2 BUS CHASSIS,38.97500407,-77.00300224,2025,8,13
250037353,Property Damage Crash,08/21/2025 01:17:00 PM,SPENCERVILLE RD,NA,"Sideswipe, Same Direction",Clear,Dry,Daylight,No Controls,NONE DETECTED,Yes,No Apparent Injury,Improper Passing,Not Distracted,MD,Passenger Car,Overtaking/Passing,30,No,2016,BMW,328I,39.10776659,-76.93774404,2025,8,13
250037353,Property Damage Crash,08/21/2025 01:17:00 PM,SPENCERVILLE RD,NA,"Sideswipe, Same Direction",Clear,Dry,Daylight,No Controls,NONE DETECTED,No,No Apparent Injury,NA,Not Distracted,MD,Passenger Car,Moving Constant Speed,30,No,2021,KENWORTH,T3 SERIES,39.10776659,-76.93774404,2025,8,13
250037351,Property Damage Crash,08/21/2025 01:00:00 PM,ARLINGTON RD,NA,"Sideswipe, Same Direction",Cloudy,Wet,Daylight,No Controls,NONE DETECTED,No,No Apparent Injury,NA,Not Distracted,MD,Bus - School,Moving Constant Speed,25,No,2017,THOMAS BUILT,HDX,38.97975308,-77.09834731,2025,8,13
250037351,Property Damage Crash,08/21/2025 01:00:00 PM,ARLINGTON RD,NA,"Sideswipe, Same Direction",Cloudy,Wet,Daylight,No Controls,NONE DETECTED,Yes,No Apparent Injury,NA,Unknown,MD,Passenger Car,Entering Traffic Lane,25,No,2009,NISSAN,CUBE,38.97975308,-77.09834731,2025,8,13
250037346,Property Damage Crash,08/21/2025 12:20:00 PM,NA,NA,Front to Rear,Clear,Dry,Daylight,Yield Sign,NONE DETECTED,No,No Apparent Injury,NA,Unknown,MD,Sport Utility Vehicle,NA,35,No,2015,TOYOTA,HIGHLANDER,38.98883364,-77.07040436,2025,8,12
250037346,Property Damage Crash,08/21/2025 12:20:00 PM,NA,NA,Front to Rear,Clear,Dry,Daylight,Yield Sign,NONE DETECTED,Yes,No Apparent Injury,NA,Unknown,MD,Passenger Car,Slowing or Stopping,35,No,2017,AUDI,A3,38.98883364,-77.07040436,2025,8,12
250037893,Property Damage Crash,08/21/2025 12:09:00 PM,NA,NA,Other,Clear,NA,Daylight,NA,NONE DETECTED,No,NA,NA,NA,NA,NA,Backing,0,No,0,NA,NA,39.19406377,-77.27619791,2025,8,12
250037340,Injury Crash,08/21/2025 10:57:00 AM,COLUMBIA PIKE (SB/L),NA,Front to Rear,Clear,Dry,Daylight,No Controls,NONE DETECTED,Yes,No Apparent Injury,"Followed Too Closely, Operated Motor Vehicle in Inattentive, Careless, Negligent, or Erratic Manner, Too Fast For Conditions","Other Action (looking away from task, etc.)",MD,Passenger Car,Moving Constant Speed,55,No,2024,HYUNDAI,IONIQ 5,39.0743462,-76.95525807,2025,8,10
250037340,Injury Crash,08/21/2025 10:57:00 AM,COLUMBIA PIKE (SB/L),NA,Front to Rear,Clear,Dry,Daylight,No Controls,NONE DETECTED,No,No Apparent Injury,NA,Not Distracted,MD,Pickup,Stopped in Traffic,55,No,2020,FORD,F-150,39.0743462,-76.95525807,2025,8,10
250037340,Injury Crash,08/21/2025 10:57:00 AM,COLUMBIA PIKE (SB/L),NA,Front to Rear,Clear,Dry,Daylight,No Controls,NONE DETECTED,No,Possible Minor Injury,NA,Not Distracted,MD,Pickup,Stopped in Traffic,55,No,2013,FORD,F-250,39.0743462,-76.95525807,2025,8,10
250037328,Injury Crash,08/21/2025 08:50:00 AM,NA,Pedestrian,Single Vehicle,Rain,Wet,Daylight,Pedestrian Crossing Sign,NONE DETECTED,Yes,No Apparent Injury,Failed to Yield Right-of-Way,Not Distracted,MD,Passenger Car,Moving Constant Speed,35,No,2009,LEXUS,ES,39.09073675,-77.11498471,2025,8,8
250037327,Injury Crash,08/21/2025 08:30:00 AM,S FREDERICK RD,NA,Angle,Cloudy,Dry,Daylight,Stop Sign,NONE DETECTED,Yes,No Apparent Injury,Failed to Yield Right-of-Way,Unknown,NV,Passenger Car,Turning Right,25,No,2018,DODGE,CHALLENGER,39.13677996,-77.19282949,2025,8,8
250037327,Injury Crash,08/21/2025 08:30:00 AM,S FREDERICK RD,NA,Angle,Cloudy,Dry,Daylight,Traffic Control Signal,NONE DETECTED,No,Possible Minor Injury,NA,Unknown,MD,Van - Passenger (&lt;9 Seats),Moving Constant Speed,35,No,2015,CHEVROLET,EXPRESS,39.13677996,-77.19282949,2025,8,8
250037315,Injury Crash,08/21/2025 05:16:00 AM,LOCKWOOD DR,NA,Rear To Side,Clear,Dry,Medium,Stop Sign,NONE DETECTED,Yes,Possible Minor Injury,NA,Unknown,MD,Passenger Car,Moving Constant Speed,30,No,2020,HYUNDAI,ELANTRA,39.03543565,-76.99710868,2025,8,5
250037315,Injury Crash,08/21/2025 05:16:00 AM,LOCKWOOD DR,NA,Rear To Side,Clear,Dry,Medium,No Controls,NONE DETECTED,No,Possible Minor Injury,NA,Not Distracted,MD,Passenger Car,Moving Constant Speed,30,No,2023,TOYOTA,HIGHLANDER,39.03543565,-76.99710868,2025,8,5
250037309,Injury Crash,08/21/2025 03:40:00 AM,EISENHOWER MEMORIAL HWY (SB/L),NA,Angle,Rain,Wet,Medium,No Controls,NONE DETECTED,Yes,No Apparent Injury,NA,Not Distracted,MD,Passenger Car,Moving Constant Speed,55,No,2017,BMW,340I,39.07129427,-77.16160552,2025,8,3
250037309,Injury Crash,08/21/2025 03:40:00 AM,EISENHOWER MEMORIAL HWY (SB/L),NA,Angle,Rain,Wet,Medium,No Controls,NONE DETECTED,No,Possible Minor Injury,NA,Not Distracted,MD,Passenger Car,Moving Constant Speed,55,No,2024,NISSAN,ALTIMA,39.07129427,-77.16160552,2025,8,3
250037308,Injury Crash,08/21/2025 02:15:00 AM,SHADY GROVE RD (SB/L),NA,"Sideswipe, Same Direction",Clear,Dry,Medium,No Controls,NONE DETECTED,No,NA,NA,NA,NA,Sport Utility Vehicle,Moving Constant Speed,40,No,2025,HONDA,PILOT,39.12942178,-77.16541241,2025,8,2
250037308,Injury Crash,08/21/2025 02:15:00 AM,SHADY GROVE RD (SB/L),NA,"Sideswipe, Same Direction",Clear,Dry,Medium,No Controls,NONE DETECTED,No,Possible Minor Injury,NA,Not Distracted,MD,Other,Moving Constant Speed,40,No,2016,GILLIG,LOW FLOOR BUS,39.12942178,-77.16541241,2025,8,2
250037283,Property Damage Crash,08/20/2025 09:34:00 PM,AIRPARK RD,NA,Single Vehicle,Rain,Wet,Medium,No Controls,NONE DETECTED,No,No Apparent Injury,Too Fast For Conditions,Not Distracted,MD,Passenger Car,Moving Constant Speed,50,No,2007,TOYOTA,CAMRY,39.1525151,-77.14203994,2025,8,21
250037279,Injury Crash,08/20/2025 08:00:00 PM,UNIVERSITY BLVD W,NA,Front to Rear,Clear,Dry,Medium,No Controls,NONE DETECTED,No,Possible Minor Injury,NA,Not Distracted,MD,Passenger Car,Slowing or Stopping,35,No,2015,HONDA,FIT,39.03546349,-77.02586829,2025,8,20
250037279,Injury Crash,08/20/2025 08:00:00 PM,UNIVERSITY BLVD W,NA,Front to Rear,Clear,Dry,Medium,No Controls,NONE DETECTED,Yes,No Apparent Injury,Followed Too Closely,Not Distracted,MD,Passenger Car,Accelerating,35,No,2008,HONDA,CIVIC,39.03546349,-77.02586829,2025,8,20
250037275,Injury Crash,08/20/2025 07:28:00 PM,GEORGIA AVE,NA,Single Vehicle,Clear,Dry,Medium,No Controls,NONE DETECTED,Yes,Possible Minor Injury,Other Improper Action,Not Distracted,MD,Passenger Car,Moving Constant Speed,35,No,2024,TESLA,MODEL Y,39.11608367,-77.07497817,2025,8,19
250037263,Injury Crash,08/20/2025 06:21:00 PM,NA,NA,Angle,Rain,Wet,Daylight,Traffic Control Signal,NONE DETECTED,Yes,Possible Minor Injury,NA,Not Distracted,MD,Motorcycle - 2 Wheeled,Moving Constant Speed,40,No,2001,YAMAHA,YZF-R6,39.1626125,-77.16591167,2025,8,18
250037263,Injury Crash,08/20/2025 06:21:00 PM,NA,NA,Angle,Rain,Wet,Daylight,Traffic Control Signal,NONE DETECTED,No,No Apparent Injury,NA,Not Distracted,MD,Passenger Car,Turning Left,40,No,2018,MAZDA,MAZDA3,39.1626125,-77.16591167,2025,8,18
250037261,Injury Crash,08/20/2025 06:20:00 PM,MONTGOMERY AVE,NA,Angle,Cloudy,Wet,Daylight,Stop Sign,NONE DETECTED,Yes,No Apparent Injury,Failed to Yield Right-of-Way,Unknown,NA,Passenger Car,Turning Left,35,No,2020,TOYOTA,CAMRY,39.1457354,-77.20374619,2025,8,18
250037261,Injury Crash,08/20/2025 06:20:00 PM,MONTGOMERY AVE,NA,Angle,Cloudy,Wet,Daylight,Stop Sign,NONE DETECTED,No,Possible Minor Injury,"Failed to Keep in Proper Lane, Other Improper Action",Unknown,MD,Sport Utility Vehicle,Moving Constant Speed,35,No,2014,TOYOTA,HIGHLANDER,39.1457354,-77.20374619,2025,8,18
250037255,Property Damage Crash,08/20/2025 05:30:00 PM,OLD COLUMBIA PIKE,NA,Front to Front,Clear,Dry,Daylight,No Controls,NONE DETECTED,No,NA,NA,NA,NA,Sport Utility Vehicle,Accelerating,30,No,2002,CHEVROLET,TRAILBLAZER,39.04852817,-76.98145617,2025,8,17
250037277,Property Damage Crash,08/20/2025 05:22:00 PM,NA,NA,Single Vehicle,Rain,NA,Daylight,NA,NONE DETECTED,No,No Apparent Injury,NA,Not Distracted,MD,Sport Utility Vehicle,Turning Right,0,No,2015,HONDA,PILOT,39.18026696,-77.26521726,2025,8,17
250037244,Injury Crash,08/20/2025 04:21:00 PM,BROOKEVILLE RD,NA,Other,Clear,Dry,Daylight,No Controls,NONE DETECTED,Yes,Possible Minor Injury,Other Improper Action,Unknown,MD,Passenger Car,Moving Constant Speed,35,No,2014,FORD,FOCUS,39.18113907,-77.06333178,2025,8,16
250037244,Injury Crash,08/20/2025 04:21:00 PM,BROOKEVILLE RD,NA,Other,Clear,Dry,Daylight,No Controls,NONE DETECTED,No,No Apparent Injury,NA,Not Distracted,MD,Passenger Car,Moving Constant Speed,35,No,2016,SUBARU,CROSSTREK,39.18113907,-77.06333178,2025,8,16
250037244,Injury Crash,08/20/2025 04:21:00 PM,BROOKEVILLE RD,NA,Other,Clear,Dry,Daylight,No Controls,NONE DETECTED,No,No Apparent Injury,NA,Not Distracted,MD,Sport Utility Vehicle,Moving Constant Speed,35,No,2016,LEXUS,GX,39.18113907,-77.06333178,2025,8,16
250037227,Property Damage Crash,08/20/2025 03:15:00 PM,ALLEY,NA,"Sideswipe, Opposite Direction",Clear,Dry,Daylight,No Controls,NONE DETECTED,No,No Apparent Injury,NA,Not Distracted,MD,Passenger Car,Parked,10,No,2022,TOYOTA,CAMRY,38.98808273,-77.09409312,2025,8,15
250037227,Property Damage Crash,08/20/2025 03:15:00 PM,ALLEY,NA,"Sideswipe, Opposite Direction",Clear,Dry,Daylight,No Controls,NONE DETECTED,No,NA,NA,NA,NA,Other Trucks,Moving Constant Speed,10,No,2022,FORD,F-650,38.98808273,-77.09409312,2025,8,15
250037232,Property Damage Crash,08/20/2025 03:06:00 PM,FERRARA DR,NA,Angle,Clear,Dry,Daylight,No Controls,NONE DETECTED,Yes,No Apparent Injury,NA,Not Distracted,MD,Passenger Car,Moving Constant Speed,20,No,2007,HONDA,PILOT,39.05242389,-77.08237682,2025,8,15
250037232,Property Damage Crash,08/20/2025 03:06:00 PM,FERRARA DR,NA,Angle,Clear,Dry,Daylight,No Controls,NONE DETECTED,No,No Apparent Injury,NA,Not Distracted,MD,Passenger Car,Moving Constant Speed,20,No,2018,HYUNDAI,ELANTRA,39.05242389,-77.08237682,2025,8,15
250037220,Injury Crash,08/20/2025 02:26:00 PM,ATLANTIC AVE (NB/L),Pedestrian,Single Vehicle,Clear,Dry,Daylight,Traffic Control Signal,NONE DETECTED,No,No Apparent Injury,NA,Not Distracted,MD,Passenger Car,Moving Constant Speed,30,No,2002,HONDA,S2000,39.07500327,-77.11547905,2025,8,14
250037215,Injury Crash,08/20/2025 02:20:00 PM,ASPEN HILL RD,Cyclist (Electric),Single Vehicle,Clear,Dry,Daylight,Pedestrian Crossing Sign,NONE DETECTED,Yes,No Apparent Injury,Failed to Yield Right-of-Way,Not Distracted,MD,Sport Utility Vehicle,Turning Right,35,No,2022,BUICK,ENCORE,39.08021635,-77.08034069,2025,8,14
250037193,Property Damage Crash,08/20/2025 01:12:00 PM,NA,NA,Front to Front,Clear,NA,Daylight,NA,NONE DETECTED,Yes,No Apparent Injury,Failed to Yield Right-of-Way,"Other Action (looking away from task, etc.)",MD,Passenger Car,Changing Lanes,0,No,2009,NISSAN,MURANO,39.06730932,-76.95796643,2025,8,13
250037193,Property Damage Crash,08/20/2025 01:12:00 PM,NA,NA,Front to Front,Clear,NA,Daylight,NA,NONE DETECTED,No,No Apparent Injury,NA,Not Distracted,MD,Passenger Car,Moving Constant Speed,0,No,2024,TOYOTA,COROLLA,39.06730932,-76.95796643,2025,8,13
250037186,Property Damage Crash,08/20/2025 12:08:00 PM,OLD HUNDRED RD,NA,Angle,Cloudy,Dry,Daylight,Traffic Control Signal,NONE DETECTED,No,No Apparent Injury,NA,Not Distracted,MD,Passenger Car,Moving Constant Speed,30,No,2016,FORD,FUSION,39.2809095,-77.31494164,2025,8,12
250037186,Property Damage Crash,08/20/2025 12:08:00 PM,OLD HUNDRED RD,NA,Angle,Cloudy,Dry,Daylight,Traffic Control Signal,NONE DETECTED,Yes,No Apparent Injury,Ran Red Light,Unknown,MD,Truck Tractor,Moving Constant Speed,30,No,2018,MACK,CHU (PINNACLE),39.2809095,-77.31494164,2025,8,12
2500246253,Injury Crash,08/20/2025 08:30:00 AM,SHADY GROVE RD (SB/L),NA,Front to Rear,Rain,Wet,Daylight,Traffic Control Signal,NONE DETECTED,Yes,No Apparent Injury,"Followed Too Closely, Too Fast For Conditions",Not Distracted,MD,Passenger Car,Slowing or Stopping,40,No,2020,CHEVROLET,COLORADO,39.11486536,-77.18566238,2025,8,8
2500246253,Injury Crash,08/20/2025 08:30:00 AM,SHADY GROVE RD (SB/L),NA,Front to Rear,Rain,Wet,Daylight,Traffic Control Signal,NONE DETECTED,No,Possible Minor Injury,NA,Not Distracted,MD,Passenger Car,Slowing or Stopping,40,No,2024,LEXUS,RX,39.11486536,-77.18566238,2025,8,8
250037154,Injury Crash,08/20/2025 07:45:00 AM,NEW HAMPSHIRE AVE,NA,Front to Rear,Rain,Wet,Daylight,No Controls,NONE DETECTED,No,Possible Minor Injury,NA,Not Distracted,MD,Passenger Car,Slowing or Stopping,35,No,2006,NISSAN,SENTRA,39.01251064,-76.97854536,2025,8,7
250037154,Injury Crash,08/20/2025 07:45:00 AM,NEW HAMPSHIRE AVE,NA,Front to Rear,Rain,Wet,Daylight,No Controls,NONE DETECTED,Yes,No Apparent Injury,"Operated Motor Vehicle in Inattentive, Careless, Negligent, or Erratic Manner",Not Distracted,MD,Passenger Car,Moving Constant Speed,35,No,2015,TOYOTA,PRIUS,39.01251064,-76.97854536,2025,8,7
250037154,Injury Crash,08/20/2025 07:45:00 AM,NEW HAMPSHIRE AVE,NA,Front to Rear,Rain,Wet,Daylight,No Controls,NONE DETECTED,No,No Apparent Injury,NA,Not Distracted,MD,Pickup,Slowing or Stopping,35,No,2016,RAM,1500,39.01251064,-76.97854536,2025,8,7
250037153,Property Damage Crash,08/20/2025 07:40:00 AM,AIRCRAFT DR,NA,Single Vehicle,Rain,Wet,Daylight,Stop Sign,NONE DETECTED,Yes,No Apparent Injury,"Improper Turn, Too Fast For Conditions",Not Distracted,MD,Passenger Car,Turning Right,35,No,2014,DODGE,CHARGER,39.18604527,-77.26360743,2025,8,7
250037163,Fatal Crash,08/20/2025 07:34:00 AM,FREDERICK RD (SB/L),Pedestrian,Single Vehicle,Rain,Wet,Daylight,Traffic Control Signal,NONE DETECTED,Yes,No Apparent Injury,Operated Motor Vehicle in Reckless or Aggressive Manner,Unknown,MD,Passenger Car,Moving Constant Speed,45,No,2022,TOYOTA,COROLLA,39.20404173,-77.24598275,2025,8,7
250037152,Property Damage Crash,08/20/2025 07:30:00 AM,DARNESTOWN RD,NA,Angle,Rain,Wet,Daylight,No Controls,NONE DETECTED,No,No Apparent Injury,NA,Not Distracted,MD,Passenger Car,Moving Constant Speed,40,No,2018,HYUNDAI,ELANTRA,39.09675,-77.20461035,2025,8,7
250037152,Property Damage Crash,08/20/2025 07:30:00 AM,DARNESTOWN RD,NA,Angle,Rain,Wet,Daylight,No Controls,NONE DETECTED,Yes,No Apparent Injury,Failed to Yield Right-of-Way,Not Distracted,VA,Sport Utility Vehicle,Turning Left,40,No,2016,TOYOTA,HIGHLANDER,39.09675,-77.20461035,2025,8,7
250037149,Property Damage Crash,08/20/2025 05:44:00 AM,RAMP 5 FR IS 270 SB TO IS 370 EB,NA,Other,Rain,Wet,Medium,No Controls,NONE DETECTED,Yes,No Apparent Injury,NA,Not Distracted,MD,Passenger Car,Moving Constant Speed,40,No,2003,TOYOTA,CAMRY,39.11979905,-77.19843637,2025,8,5
250037149,Property Damage Crash,08/20/2025 05:44:00 AM,RAMP 5 FR IS 270 SB TO IS 370 EB,NA,Other,Rain,Wet,Medium,No Controls,NONE DETECTED,No,No Apparent Injury,NA,Not Distracted,MD,Passenger Car,Moving Constant Speed,40,No,2024,TESLA,MODEL 3,39.11979905,-77.19843637,2025,8,5