Local Case Number,ACRS Report Type,Crash Date/Time,Road Name,Related Non-Motorist,Collision Type,Weather,Surface Condition,Light,Traffic Control,Driver Substance Abuse,Driver At Fault,Injury Severity,Circumstance,Driver Distracted By,Drivers License State,Vehicle Body Type,Vehicle Movement,Speed Limit,Driverless Vehicle,Vehicle Year,Vehicle Make,Vehicle Model,Latitude,Longitude,Year,Month,Hour
250037144,Property Damage Crash,08/20/2025 03:15:00 AM,SYCAMORE AVE,NA,Front to Rear,Rain,Wet,Medium,Intersection Ahead Warning Sign,NONE DETECTED,No,NA,NA,NA,NA,Passenger Car,NA,25,No,2000,BUICK,REGAL,38.97805945,-77.00561883,2025,8,3
250037144,Property Damage Crash,08/20/2025 03:15:00 AM,SYCAMORE AVE,NA,Front to Rear,Rain,Wet,Medium,Intersection Ahead Warning Sign,NONE DETECTED,No,No Apparent Injury,NA,Not Distracted,MD,Passenger Car,Moving Constant Speed,25,No,2021,HONDA,CR-V,38.97805945,-77.00561883,2025,8,3
250037120,Property Damage Crash,08/19/2025 08:35:00 PM,WISTERIA DR,NA,Front to Rear,Clear,Dry,Medium,Traffic Control Signal,NONE DETECTED,No,No Apparent Injury,NA,Not Distracted,MD,Bus - Transit,Stopped in Traffic,40,No,2016,GILLIG,LOW FLOOR BUS,39.17693504,-77.27019937,2025,8,20
250037120,Property Damage Crash,08/19/2025 08:35:00 PM,WISTERIA DR,NA,Front to Rear,Clear,Dry,Medium,Traffic Control Signal,NONE DETECTED,Yes,No Apparent Injury,"Operated Motor Vehicle in Inattentive, Careless, Negligent, or Erratic Manner, Other Improper Action, Too Fast For Conditions","Other Action (looking away from task, etc.)",MD,Passenger Car,Turning Right,40,No,2020,JEEP,GLADIATOR,39.17693504,-77.27019937,2025,8,20
25001788,Injury Crash,08/19/2025 07:44:00 PM,WESTLAKE DR (SB/L),Scooter (electric),Single Vehicle,Clear,Dry,Medium,Stop Sign,NONE DETECTED,No,No Apparent Injury,NA,Not Distracted,MD,Van - Passenger (&lt;9 Seats),Entering Traffic Lane,30,No,2025,HONDA,ODYSSEY,39.02912907,-77.14728814,2025,8,19
250037111,Property Damage Crash,08/19/2025 07:19:00 PM,STRATHMORE AVE,NA,Single Vehicle,Clear,Dry,Daylight,No Controls,NONE DETECTED,No,No Apparent Injury,NA,Not Distracted,MD,Passenger Car,Moving Constant Speed,30,No,2022,NISSAN,SENTRA,39.03366287,-77.09010075,2025,8,19
250037100,Property Damage Crash,08/19/2025 05:45:00 PM,NA,NA,"Sideswipe, Same Direction",Clear,Dry,Daylight,No Controls,NONE DETECTED,No,NA,NA,NA,NA,Passenger Car,Overtaking/Passing,30,No,2017,FORD,EDGE,39.08142144,-76.95407685,2025,8,17
250037100,Property Damage Crash,08/19/2025 05:45:00 PM,NA,NA,"Sideswipe, Same Direction",Clear,Dry,Daylight,No Controls,NONE DETECTED,No,No Apparent Injury,NA,Not Distracted,MD,Passenger Car,Moving Constant Speed,30,No,2017,LEXUS,ES,39.08142144,-76.95407685,2025,8,17
250037081,Injury Crash,08/19/2025 04:22:00 PM,NA,Pedestrian,Single Vehicle,Clear,NA,Daylight,NA,NONE DETECTED,Yes,No Apparent Injury,Other Improper Action,"Other Action (looking away from task, etc.)",MD,Sport Utility Vehicle,Stopped in Traffic,0,No,2020,HONDA,ODYSSEY,39.05773333,-77.11644692,2025,8,16
250037080,Property Damage Crash,08/19/2025 03:40:00 PM,DIAMONDBACK DR,NA,Front to Rear,Clear,Dry,Daylight,Traffic Control Signal,NONE DETECTED,No,NA,NA,NA,NA,Passenger Car,Slowing or Stopping,45,No,2013,HYUNDAI,SONATA,39.11521165,-77.21598515,2025,8,15
250037080,Property Damage Crash,08/19/2025 03:40:00 PM,DIAMONDBACK DR,NA,Front to Rear,Clear,Dry,Daylight,Traffic Control Signal,NONE DETECTED,No,No Apparent Injury,NA,Not Distracted,MD,Passenger Car,Stopped in Traffic,45,No,2002,TOYOTA,CAMRY SOLARA,39.11521165,-77.21598515,2025,8,15
250037041,Property Damage Crash,08/19/2025 01:30:00 PM,INDEPENDENCE ST,NA,Other,Clear,Dry,Daylight,Traffic Control Signal,NONE DETECTED,No,No Apparent Injury,NA,Unknown,MD,Passenger Car,Turning Left,40,No,2015,JEEP,WRANGLER,39.0763143,-77.0805059,2025,8,13
250037044,Injury Crash,08/19/2025 01:25:00 PM,GERMANTOWN RD (SB/L),NA,Front to Rear,Cloudy,Dry,Daylight,Traffic Control Signal,NONE DETECTED,Yes,No Apparent Injury,Too Fast For Conditions,Unknown,MD,Passenger Car,NA,40,No,2015,VOLKSWAGEN,GOLF,39.1887131,-77.25145107,2025,8,13
250037044,Injury Crash,08/19/2025 01:25:00 PM,GERMANTOWN RD (SB/L),NA,Front to Rear,Cloudy,Dry,Daylight,Traffic Control Signal,NONE DETECTED,No,Possible Minor Injury,NA,Not Distracted,MD,Sport Utility Vehicle,Stopped in Traffic,40,No,2021,LEXUS,RX,39.1887131,-77.25145107,2025,8,13
250037042,Property Damage Crash,08/19/2025 01:21:00 PM,MONTGOMERY VILLAGE AVE,NA,Front to Rear,Clear,Dry,Daylight,No Controls,NONE DETECTED,No,No Apparent Injury,NA,Not Distracted,MD,Passenger Car,Slowing or Stopping,35,No,2009,TOYOTA,CAMRY,39.15849672,-77.20366031,2025,8,13
250037042,Property Damage Crash,08/19/2025 01:21:00 PM,MONTGOMERY VILLAGE AVE,NA,Front to Rear,Clear,Dry,Daylight,No Controls,NONE DETECTED,Yes,No Apparent Injury,Followed Too Closely,Unknown,MD,Passenger Car,Slowing or Stopping,35,No,2016,SUBARU,WRX,39.15849672,-77.20366031,2025,8,13
250037030,Injury Crash,08/19/2025 12:30:00 PM,PERRY AVE,NA,Angle,Cloudy,Dry,Daylight,Traffic Control Signal,NONE DETECTED,Yes,Possible Minor Injury,"Failed to Yield Right-of-Way, Operated Motor Vehicle in Inattentive, Careless, Negligent, or Erratic Manner, Ran Red Light",Unknown,MD,Sport Utility Vehicle,Moving Constant Speed,35,No,2024,JEEP,WRANGLER,39.03285753,-77.07501922,2025,8,12
250037030,Injury Crash,08/19/2025 12:30:00 PM,PERRY AVE,NA,Angle,Cloudy,Dry,Daylight,Traffic Control Signal,NONE DETECTED,No,Possible Minor Injury,NA,Not Distracted,MD,Passenger Car,Turning Left,35,No,2026,TESLA,MODEL Y,39.03285753,-77.07501922,2025,8,12
250037025,Injury Crash,08/19/2025 12:10:00 PM,ROCKVILLE PIKE,NA,"Sideswipe, Same Direction",Cloudy,Dry,Daylight,No Controls,NONE DETECTED,No,No Apparent Injury,NA,Not Distracted,XX,Passenger Car,Changing Lanes,35,No,2016,LEXUS,UNKNOWN,39.04828088,-77.11348487,2025,8,12
250037025,Injury Crash,08/19/2025 12:10:00 PM,ROCKVILLE PIKE,NA,"Sideswipe, Same Direction",Cloudy,Dry,Daylight,No Controls,NONE DETECTED,No,No Apparent Injury,NA,Not Distracted,MD,Bus - Transit,Changing Lanes,35,No,2016,GILLIG,CITY TRANSIT BUS,39.04828088,-77.11348487,2025,8,12
250037015,Property Damage Crash,08/19/2025 11:02:00 AM,NA,NA,Single Vehicle,Rain,Wet,Daylight,No Controls,NONE DETECTED,No,No Apparent Injury,NA,Unknown,MD,Passenger Car,Turning Left,10,No,2019,FORD,F-150,39.0906693,-77.05914727,2025,8,11
250037005,Injury Crash,08/19/2025 09:59:00 AM,CRAWFORD DR,NA,Front to Front,Rain,Wet,Daylight,Stop Sign,NONE DETECTED,No,No Apparent Injury,NA,Not Distracted,MD,Passenger Car,Stopped in Traffic,25,No,2024,TOYOTA,CAMRY,39.07209586,-77.12009998,2025,8,9
250037005,Injury Crash,08/19/2025 09:59:00 AM,CRAWFORD DR,NA,Front to Front,Rain,Wet,Daylight,Stop Sign,NONE DETECTED,Yes,No Apparent Injury,NA,Not Distracted,MD,Sport Utility Vehicle,Accelerating,25,No,2025,JEEP,GRAND CHEROKEE L,39.07209586,-77.12009998,2025,8,9
250037004,Injury Crash,08/19/2025 09:50:00 AM,GRAND PRE RD,Pedestrian,Single Vehicle,Rain,Wet,Daylight,No Controls,NONE DETECTED,No,No Apparent Injury,NA,Not Distracted,MD,Passenger Car,Moving Constant Speed,25,No,2016,MAZDA,CX-5,39.09273383,-77.07647,2025,8,9
250036990,Property Damage Crash,08/19/2025 07:55:00 AM,NA,NA,Front to Rear,Clear,NA,Daylight,NA,NONE DETECTED,No,No Apparent Injury,Other Improper Action,NA,NA,Van - Passenger (&lt;9 Seats),NA,0,No,2015,KIA,OPTIMA,39.19293777,-77.28541521,2025,8,7
250036991,Property Damage Crash,08/19/2025 07:26:00 AM,NEW HAMPSHIRE AVE,NA,Front to Rear,Cloudy,Dry,Daylight,No Controls,NONE DETECTED,No,No Apparent Injury,NA,Not Distracted,DC,Passenger Car,Slowing or Stopping,35,No,2020,HYUNDAI,SONATA,39.01509285,-76.97778102,2025,8,7
250036991,Property Damage Crash,08/19/2025 07:26:00 AM,NEW HAMPSHIRE AVE,NA,Front to Rear,Cloudy,Dry,Daylight,No Controls,NONE DETECTED,Yes,No Apparent Injury,"Operated Motor Vehicle in Inattentive, Careless, Negligent, or Erratic Manner",Not Distracted,DC,Sport Utility Vehicle,Moving Constant Speed,35,No,2020,JEEP,WRANGLER,39.01509285,-76.97778102,2025,8,7
250036984,Injury Crash,08/19/2025 06:35:00 AM,GEORGIA AVE (SB/L),NA,Front to Rear,Rain,Wet,Daylight,Traffic Control Signal,NONE DETECTED,No,Possible Minor Injury,NA,Not Distracted,MD,Passenger Car,Stopped in Traffic,30,No,2016,HONDA,ACCORD,38.99606761,-77.02806267,2025,8,6
250036984,Injury Crash,08/19/2025 06:35:00 AM,GEORGIA AVE (SB/L),NA,Front to Rear,Rain,Wet,Daylight,Traffic Control Signal,NONE DETECTED,Yes,No Apparent Injury,NA,Not Distracted,DC,Passenger Car,Moving Constant Speed,30,No,2017,HONDA,CIVIC,38.99606761,-77.02806267,2025,8,6
250036983,Injury Crash,08/19/2025 06:23:00 AM,NA,Cyclist (Electric),Single Vehicle,Cloudy,Dry,Daylight,Traffic Control Signal,NONE DETECTED,Yes,No Apparent Injury,NA,"Other Action (looking away from task, etc.)",MD,Passenger Car,Turning Right,25,No,2008,CHEVROLET,IMPALA,39.15388367,-77.21396733,2025,8,6
250036986,Property Damage Crash,08/19/2025 06:18:00 AM,DEVON RD,NA,Angle,Clear,Wet,Daylight,Traffic Control Signal,NONE DETECTED,No,No Apparent Injury,NA,Not Distracted,MD,Bus - Transit,Turning Left,30,No,2013,GILLIG,CITY TRANSIT BUS,38.99372426,-77.00903083,2025,8,6
250036986,Property Damage Crash,08/19/2025 06:18:00 AM,DEVON RD,NA,Angle,Clear,Wet,Daylight,Traffic Control Signal,NONE DETECTED,No,No Apparent Injury,NA,Not Distracted,MD,Passenger Car,Turning Right,30,No,2020,LEXUS,ES,38.99372426,-77.00903083,2025,8,6
250036966,Property Damage Crash,08/18/2025 09:48:00 PM,N SUMMIT AVE,NA,Front to Rear,Clear,Dry,Medium,Traffic Control Signal,NONE DETECTED,Yes,No Apparent Injury,Too Fast For Conditions,Unknown,MD,Passenger Car,Moving Constant Speed,35,No,2021,TOYOTA,COROLLA,39.15063164,-77.19268274,2025,8,21
250036966,Property Damage Crash,08/18/2025 09:48:00 PM,N SUMMIT AVE,NA,Front to Rear,Clear,Dry,Medium,Traffic Control Signal,NONE DETECTED,No,No Apparent Injury,NA,Not Distracted,MD,Passenger Car,Moving Constant Speed,35,No,2020,TOYOTA,COROLLA,39.15063164,-77.19268274,2025,8,21
250036965,Property Damage Crash,08/18/2025 09:29:00 PM,UNIVERSITY BLVD E (WB/L),NA,"Sideswipe, Same Direction",Clear,Dry,Medium,No Controls,NONE DETECTED,No,No Apparent Injury,NA,Not Distracted,MD,Passenger Car,Moving Constant Speed,35,No,2014,NISSAN,ALTIMA,39.01166916,-77.00218464,2025,8,21
250036965,Property Damage Crash,08/18/2025 09:29:00 PM,UNIVERSITY BLVD E (WB/L),NA,"Sideswipe, Same Direction",Clear,Dry,Medium,No Controls,NONE DETECTED,No,NA,NA,NA,NA,Sport Utility Vehicle,Moving Constant Speed,35,No,2025,GMC,YUKON,39.01166916,-77.00218464,2025,8,21
250036946,Property Damage Crash,08/18/2025 05:29:00 PM,CONNECTICUT AVE,NA,"Sideswipe, Same Direction",Rain,Wet,Daylight,No Controls,NONE DETECTED,Yes,No Apparent Injury,Failed to Keep in Proper Lane,Not Distracted,XX,Passenger Car,Changing Lanes,35,No,2012,HONDA,CIVIC,39.00402087,-77.07734372,2025,8,17
250036946,Property Damage Crash,08/18/2025 05:29:00 PM,CONNECTICUT AVE,NA,"Sideswipe, Same Direction",Rain,Wet,Daylight,No Controls,NONE DETECTED,No,No Apparent Injury,NA,Not Distracted,MD,Passenger Car,Changing Lanes,35,No,2014,FORD,FUSION,39.00402087,-77.07734372,2025,8,17
250036923,Injury Crash,08/18/2025 03:32:00 PM,REDLAND BLVD,NA,"Sideswipe, Opposite Direction",Cloudy,Dry,Daylight,Traffic Control Signal,NONE DETECTED,No,Possible Minor Injury,NA,Not Distracted,MD,Passenger Car,Moving Constant Speed,30,No,2018,VOLKSWAGEN,JETTA,39.11567252,-77.16617539,2025,8,15
250036923,Injury Crash,08/18/2025 03:32:00 PM,REDLAND BLVD,NA,"Sideswipe, Opposite Direction",Cloudy,Dry,Daylight,Flashing Traffic Control Signal,NONE DETECTED,Yes,No Apparent Injury,Improper Turn,Unknown,MD,Passenger Car,Turning Left,30,No,2016,CHEVROLET,CAMARO,39.11567252,-77.16617539,2025,8,15
250036915,Property Damage Crash,08/18/2025 02:05:00 PM,NA,NA,Single Vehicle,Clear,NA,Daylight,NA,NONE DETECTED,Yes,No Apparent Injury,Improper Backing,"Other Action (looking away from task, etc.)",MD,Passenger Car,Backing,0,No,2016,FORD,TAURUS,39.2846822,-77.20227158,2025,8,14
250036907,Property Damage Crash,08/18/2025 02:00:00 PM,NA,NA,Single Vehicle,Cloudy,Dry,Daylight,No Controls,NONE DETECTED,Yes,No Apparent Injury,NA,Unknown,MD,Passenger Car,Turning Right,30,No,2024,HONDA,ACCORD,38.98668457,-77.02681472,2025,8,14
250036913,Property Damage Crash,08/18/2025 01:47:00 PM,S PARK AVE,NA,"Sideswipe, Same Direction",Cloudy,Dry,Daylight,Traffic Control Signal,NONE DETECTED,No,No Apparent Injury,NA,Not Distracted,MD,Pickup,Slowing or Stopping,25,No,2019,NISSAN,FRONTIER,38.96354633,-77.08772917,2025,8,13
250036913,Property Damage Crash,08/18/2025 01:47:00 PM,S PARK AVE,NA,"Sideswipe, Same Direction",Cloudy,Dry,Daylight,Traffic Control Signal,NONE DETECTED,No,No Apparent Injury,NA,Not Distracted,MD,Other Trucks,Moving Constant Speed,25,No,2008,SPARTAN MOTORS CHASS,GLADIATOR,38.96354633,-77.08772917,2025,8,13
250036899,Property Damage Crash,08/18/2025 01:38:00 PM,POOKS HILL RD,NA,"Sideswipe, Same Direction",Clear,Dry,Daylight,Traffic Control Signal,NONE DETECTED,Yes,No Apparent Injury,NA,Talking/listening,MD,Passenger Car,Changing Lanes,35,No,2007,TOYOTA,COROLLA,39.01482053,-77.09985828,2025,8,13
250036899,Property Damage Crash,08/18/2025 01:38:00 PM,POOKS HILL RD,NA,"Sideswipe, Same Direction",Clear,Dry,Daylight,Traffic Control Signal,NONE DETECTED,No,No Apparent Injury,NA,Not Distracted,VA,Pickup,Moving Constant Speed,35,No,2013,RAM,3500,39.01482053,-77.09985828,2025,8,13
250036918,Property Damage Crash,08/18/2025 01:20:00 PM,NA,NA,Other,Clear,NA,Daylight,NA,NONE DETECTED,No,NA,NA,NA,NA,NA,Backing,0,No,0,NA,NA,39.02806867,-77.14518183,2025,8,13
250024428,Property Damage Crash,08/18/2025 01:05:00 PM,BRIGGS CHANEY RD,NA,Angle,Clear,Dry,Daylight,Traffic Control Signal,NONE DETECTED,Yes,No Apparent Injury,NA,Unknown,MD,Passenger Car,Accelerating,30,No,2007,FORD,RANGER,39.08113608,-76.9464828,2025,8,13
250024428,Property Damage Crash,08/18/2025 01:05:00 PM,BRIGGS CHANEY RD,NA,Angle,Clear,Dry,Daylight,Traffic Control Signal,NONE DETECTED,No,No Apparent Injury,NA,Not Distracted,MD,Passenger Car,Slowing or Stopping,35,No,2013,VOLKSWAGEN,JETTA,39.08113608,-76.9464828,2025,8,13
250036870,Injury Crash,08/18/2025 11:26:00 AM,TUCKERMAN LA,NA,Other,Cloudy,Dry,Daylight,No Controls,NONE DETECTED,Yes,Possible Minor Injury,Failed to Yield Right-of-Way,Not Distracted,MD,Sport Utility Vehicle,Turning Left,35,No,2023,HYUNDAI,TUCSON,39.03683083,-77.135271,2025,8,11
250036870,Injury Crash,08/18/2025 11:26:00 AM,TUCKERMAN LA,NA,Other,Cloudy,Dry,Daylight,No Controls,NONE DETECTED,No,Suspected Serious Injury,NA,Unknown,NA,Motorcycle - 2 Wheeled,Moving Constant Speed,35,No,2025,SUZUKI,HAYABUSA,39.03683083,-77.135271,2025,8,11
250036861,Injury Crash,08/18/2025 11:00:00 AM,GEORGIA AVE,NA,Front to Rear,Cloudy,Dry,Daylight,No Controls,NONE DETECTED,Yes,No Apparent Injury,"Followed Too Closely, Other Improper Action",Unknown,MD,Pickup,Moving Constant Speed,35,No,2010,CHEVROLET,AVALANCHE,39.0506265,-77.05151983,2025,8,11
250036864,Property Damage Crash,08/18/2025 11:00:00 AM,IS 270 LOCAL LANES (NB),NA,"Sideswipe, Same Direction",Cloudy,Dry,Daylight,No Controls,NONE DETECTED,Yes,No Apparent Injury,Failed to Keep in Proper Lane,Unknown,AL,Passenger Car,Changing Lanes,55,No,2025,HYUNDAI,SONATA,39.07592288,-77.16657074,2025,8,11
250036864,Property Damage Crash,08/18/2025 11:00:00 AM,IS 270 LOCAL LANES (NB),NA,"Sideswipe, Same Direction",Cloudy,Dry,Daylight,No Controls,NONE DETECTED,No,No Apparent Injury,NA,Not Distracted,MD,Van - Cargo,Moving Constant Speed,55,No,2015,FORD,TRANSIT,39.07592288,-77.16657074,2025,8,11
250036861,Injury Crash,08/18/2025 11:00:00 AM,GEORGIA AVE,NA,Front to Rear,Cloudy,Dry,Daylight,No Controls,NONE DETECTED,No,Possible Minor Injury,NA,Not Distracted,MD,Pickup,Turning Left,35,No,2021,TOYOTA,TACOMA,39.0506265,-77.05151983,2025,8,11
250036859,Property Damage Crash,08/18/2025 10:45:00 AM,NA,NA,Angle,Cloudy,Dry,Daylight,Traffic Control Signal,NONE DETECTED,Yes,No Apparent Injury,NA,Unknown,MD,Passenger Car,Turning Left,35,No,2009,ACURA,TSX,39.14757841,-77.23296164,2025,8,10
250036859,Property Damage Crash,08/18/2025 10:45:00 AM,NA,NA,Angle,Cloudy,Dry,Daylight,Traffic Control Signal,NONE DETECTED,No,No Apparent Injury,NA,Not Distracted,MD,Passenger Car,Moving Constant Speed,35,No,2024,HONDA,PROLOGUE,39.14757841,-77.23296164,2025,8,10
250036843,Injury Crash,08/18/2025 09:20:00 AM,BRUNETT AVE,NA,Front to Rear,Cloudy,Dry,Daylight,Pedestrian Crossing,NONE DETECTED,No,No Apparent Injury,NA,Not Distracted,MD,Passenger Car,Stopped in Traffic,35,No,2020,HONDA,ACCORD,39.0230177,-77.01684881,2025,8,9
250036843,Injury Crash,08/18/2025 09:20:00 AM,BRUNETT AVE,NA,Front to Rear,Cloudy,Dry,Daylight,Pedestrian Crossing,NONE DETECTED,Yes,Possible Minor Injury,Too Fast For Conditions,Not Distracted,MD,Passenger Car,Moving Constant Speed,35,No,2007,HONDA,ACCORD,39.0230177,-77.01684881,2025,8,9
250036843,Injury Crash,08/18/2025 09:20:00 AM,BRUNETT AVE,NA,Front to Rear,Cloudy,Dry,Daylight,Pedestrian Crossing,NONE DETECTED,No,No Apparent Injury,NA,Not Distracted,MD,Passenger Car,Stopped in Traffic,35,No,2018,KIA,SORENTO,39.0230177,-77.01684881,2025,8,9
250036837,Injury Crash,08/18/2025 08:54:00 AM,MONTROSE RD (WB/L),NA,Front to Rear,Cloudy,Dry,Daylight,Traffic Control Signal,NONE DETECTED,No,Possible Minor Injury,NA,Not Distracted,VA,Pickup,Slowing or Stopping,45,No,2024,FORD,F-550,39.0564555,-77.1674165,2025,8,8
250036837,Injury Crash,08/18/2025 08:54:00 AM,MONTROSE RD (WB/L),NA,Front to Rear,Cloudy,Dry,Daylight,Traffic Control Signal,NONE DETECTED,Yes,No Apparent Injury,Followed Too Closely,Unknown,MD,Passenger Car,Moving Constant Speed,45,No,2015,LEXUS,ES,39.0564555,-77.1674165,2025,8,8
250036832,Injury Crash,08/18/2025 08:29:00 AM,WINDHAM LA,NA,Other,Cloudy,Dry,Daylight,Traffic Control Signal,NONE DETECTED,Yes,Possible Minor Injury,NA,Not Distracted,MD,Van - Passenger (&lt;9 Seats),Turning Left,35,No,2014,FORD,E-250,39.03201333,-77.04849433,2025,8,8
250036832,Injury Crash,08/18/2025 08:29:00 AM,WINDHAM LA,NA,Other,Cloudy,Dry,Daylight,Traffic Control Signal,NONE DETECTED,No,Possible Minor Injury,NA,Not Distracted,MD,Sport Utility Vehicle,Moving Constant Speed,30,No,2018,HYUNDAI,SANTA FE SPORT,39.03201333,-77.04849433,2025,8,8
250036830,Property Damage Crash,08/18/2025 08:16:00 AM,MONROE PL,NA,Front to Rear,Cloudy,Dry,Daylight,No Controls,NONE DETECTED,No,No Apparent Injury,NA,Not Distracted,MD,Single-Unit Truck,Slowing or Stopping,30,No,2009,MACK,MRU (TERRAPRO),39.08353857,-77.14793106,2025,8,8
250036830,Property Damage Crash,08/18/2025 08:16:00 AM,MONROE PL,NA,Front to Rear,Cloudy,Dry,Daylight,No Controls,NONE DETECTED,No,No Apparent Injury,NA,Not Distracted,MD,Passenger Car,Moving Constant Speed,30,No,2015,NISSAN,ROGUE,39.08353857,-77.14793106,2025,8,8
250036826,Property Damage Crash,08/18/2025 07:10:00 AM,NA,NA,Angle,Cloudy,Wet,Daylight,No Controls,NONE DETECTED,No,No Apparent Injury,NA,Not Distracted,MD,Passenger Car,Overtaking/Passing,40,No,2011,SUBARU,OUTBACK,39.11808873,-76.97754393,2025,8,7
250036826,Property Damage Crash,08/18/2025 07:10:00 AM,NA,NA,Angle,Cloudy,Wet,Daylight,No Controls,NONE DETECTED,Yes,No Apparent Injury,Failed to Yield Right-of-Way,Not Distracted,MD,Pickup,Entering Traffic Lane,40,No,2024,CHEVROLET,SILVERADO EV,39.11808873,-76.97754393,2025,8,7
250036823,Property Damage Crash,08/18/2025 05:26:00 AM,BRINK RD,NA,Other,Clear,Dry,Medium,Flashing Traffic Control Signal,NONE DETECTED,Yes,No Apparent Injury,Failed to Yield Right-of-Way,Not Distracted,MD,Passenger Car,Accelerating,35,No,2021,TOYOTA,CAMRY,39.21006498,-77.23971139,2025,8,5
250036823,Property Damage Crash,08/18/2025 05:26:00 AM,BRINK RD,NA,Other,Clear,Dry,Medium,Flashing Traffic Control Signal,NONE DETECTED,No,No Apparent Injury,NA,Not Distracted,MD,Other,Stopped in Traffic,35,No,2007,CHEVROLET,EXPRESS,39.21006498,-77.23971139,2025,8,5
250036823,Property Damage Crash,08/18/2025 05:26:00 AM,BRINK RD,NA,Other,Clear,Dry,Medium,Flashing Traffic Control Signal,NONE DETECTED,No,No Apparent Injury,NA,Not Distracted,MD,Passenger Car,Moving Constant Speed,40,No,2019,CHRYSLER,300,39.21006498,-77.23971139,2025,8,5
250036820,Property Damage Crash,08/18/2025 04:41:00 AM,ERSKINE ST,NA,"Sideswipe, Same Direction",Clear,Dry,Medium,Traffic Control Signal,NONE DETECTED,No,No Apparent Injury,NA,Not Distracted,MD,Pickup,Turning Right,25,No,2023,TOYOTA,TACOMA,38.9814855,-76.98887927,2025,8,4
250036820,Property Damage Crash,08/18/2025 04:41:00 AM,ERSKINE ST,NA,"Sideswipe, Same Direction",Clear,Dry,Medium,Intersection Ahead Warning Sign,NONE DETECTED,No,NA,NA,NA,NA,NA,Moving Constant Speed,25,No,0,NA,NA,38.9814855,-76.98887927,2025,8,4
250036981,Injury Crash,08/18/2025 03:24:00 AM,COLUMBIA PIKE (SB/L),Pedestrian,Single Vehicle,Clear,Dry,Medium,No Controls,NONE DETECTED,No,No Apparent Injury,NA,Not Distracted,MD,Passenger Car,Moving Constant Speed,50,No,2012,DODGE,RAM,39.08985772,-76.94265212,2025,8,3
250036805,Property Damage Crash,08/17/2025 10:00:00 PM,16TH ST (SB/L),NA,Front to Rear,Clear,Wet,Medium,Traffic Control Signal,NONE DETECTED,No,No Apparent Injury,NA,Not Distracted,DC,Passenger Car,Stopped in Traffic,25,No,2010,ACURA,TSX,38.99263914,-77.03644936,2025,8,22
250036805,Property Damage Crash,08/17/2025 10:00:00 PM,16TH ST (SB/L),NA,Front to Rear,Clear,Wet,Medium,Traffic Control Signal,NONE DETECTED,No,NA,NA,NA,NA,Sport Utility Vehicle,Accelerating,25,No,0,NA,NA,38.99263914,-77.03644936,2025,8,22
250036792,Property Damage Crash,08/17/2025 08:50:00 PM,OWENS ST,NA,Unknown,Rain,Wet,Dark,Stop Sign,NONE DETECTED,No,No Apparent Injury,Ran Off Roadway,Not Distracted,MD,Van - Passenger (&lt;9 Seats),Making U-Turn,25,No,2014,HONDA,ODYSSEY,39.08942715,-77.17126705,2025,8,20
250036787,Property Damage Crash,08/17/2025 07:44:00 PM,UNIVERSITY BLVD E (WB/L),NA,Single Vehicle,Rain,Wet,Medium,Traffic Control Signal,NONE DETECTED,No,No Apparent Injury,Ran Off Roadway,Unknown,NA,Pickup,NA,35,No,1999,FORD,F-250,39.01613233,-77.00546767,2025,8,19
250036772,Injury Crash,08/17/2025 06:20:00 PM,E DIAMOND AVE,NA,Angle,Clear,Dry,Daylight,No Controls,NONE DETECTED,No,Possible Minor Injury,NA,Not Distracted,MD,Motorcycle - 2 Wheeled,Moving Constant Speed,30,No,1999,HARLEY-DAVIDSON,FLHTCI / ELECTRA GLIDE CLASSIC,39.14208199,-77.18957372,2025,8,18