Local Case Number,ACRS Report Type,Crash Date/Time,Road Name,Related Non-Motorist,Collision Type,Weather,Surface Condition,Light,Traffic Control,Driver Substance Abuse,Driver At Fault,Injury Severity,Circumstance,Driver Distracted By,Drivers License State,Vehicle Body Type,Vehicle Movement,Speed Limit,Driverless Vehicle,Vehicle Year,Vehicle Make,Vehicle Model,Latitude,Longitude,Year,Month,Hour
250036116,Injury Crash,08/13/2025 01:48:00 PM,ROCKVILLE PIKE,NA,Front to Rear,Rain,Wet,Daylight,Traffic Control Signal,NONE DETECTED,Yes,No Apparent Injury,NA,Unknown,MD,Sport Utility Vehicle,NA,35,No,2012,CHEVROLET,SUBURBAN,39.07439606,-77.1355357,2025,8,13
250036113,Injury Crash,08/13/2025 01:22:00 PM,NA,NA,Front to Rear,Rain,Wet,Daylight,Traffic Control Signal,NONE DETECTED,No,No Apparent Injury,NA,Not Distracted,MD,Passenger Car,Stopped in Traffic,30,No,2014,KIA,SOUL,39.05345971,-77.11105277,2025,8,13
250036113,Injury Crash,08/13/2025 01:22:00 PM,NA,NA,Front to Rear,Rain,Wet,Daylight,Traffic Control Signal,NONE DETECTED,No,Possible Minor Injury,NA,Not Distracted,MD,Passenger Car,Stopped in Traffic,30,No,2004,HONDA,CR-V,39.05345971,-77.11105277,2025,8,13
250036113,Injury Crash,08/13/2025 01:22:00 PM,NA,NA,Front to Rear,Rain,Wet,Daylight,Traffic Control Signal,NONE DETECTED,Yes,No Apparent Injury,"Followed Too Closely, Too Fast For Conditions",Not Distracted,MD,Passenger Car,Slowing or Stopping,30,No,2004,NISSAN,SENTRA,39.05345971,-77.11105277,2025,8,13
250036091,Injury Crash,08/13/2025 11:25:00 AM,COLESVILLE RD,NA,Front to Rear,Clear,Dry,Daylight,No Controls,NONE DETECTED,Yes,No Apparent Injury,"Operated Motor Vehicle in Inattentive, Careless, Negligent, or Erratic Manner",Not Distracted,MD,Passenger Car,Slowing or Stopping,40,No,2016,KIA,OPTIMA,39.02779227,-77.00932313,2025,8,11
250036088,Injury Crash,08/13/2025 11:25:00 AM,NA,NA,Angle,Clear,Dry,Daylight,No Controls,NONE DETECTED,Yes,No Apparent Injury,Failed to Yield Right-of-Way,Not Distracted,MD,Station Wagon,Moving Constant Speed,40,No,2019,FORD,ESCAPE,39.06032047,-77.12275072,2025,8,11
250036091,Injury Crash,08/13/2025 11:25:00 AM,COLESVILLE RD,NA,Front to Rear,Clear,Dry,Daylight,No Controls,NONE DETECTED,No,Possible Minor Injury,NA,Not Distracted,MD,Passenger Car,Slowing or Stopping,40,No,2011,TOYOTA,CAMRY,39.02779227,-77.00932313,2025,8,11
250036091,Injury Crash,08/13/2025 11:25:00 AM,COLESVILLE RD,NA,Front to Rear,Clear,Dry,Daylight,No Controls,NONE DETECTED,No,Possible Minor Injury,NA,Not Distracted,VA,Passenger Car,Slowing or Stopping,40,No,2007,HONDA,ODYSSEY,39.02779227,-77.00932313,2025,8,11
250036088,Injury Crash,08/13/2025 11:25:00 AM,NA,NA,Angle,Clear,Dry,Daylight,No Controls,NONE DETECTED,No,Possible Minor Injury,NA,Not Distracted,MD,Passenger Car,Moving Constant Speed,40,No,2015,NISSAN,SENTRA,39.06032047,-77.12275072,2025,8,11
250036084,Property Damage Crash,08/13/2025 10:55:00 AM,TECH RD,NA,"Sideswipe, Same Direction",Clear,Dry,Daylight,No Controls,NONE DETECTED,No,No Apparent Injury,NA,Not Distracted,MD,Passenger Car,Moving Constant Speed,30,No,2016,MERCEDES-BENZ,C-CLASS,39.05718353,-76.96783843,2025,8,10
250036084,Property Damage Crash,08/13/2025 10:55:00 AM,TECH RD,NA,"Sideswipe, Same Direction",Clear,Dry,Daylight,No Controls,NONE DETECTED,Yes,No Apparent Injury,Failed to Keep in Proper Lane,Not Distracted,DC,Passenger Car,Changing Lanes,30,No,2017,TOYOTA,RAV4,39.05718353,-76.96783843,2025,8,10
250036079,Property Damage Crash,08/13/2025 10:33:00 AM,WAVERLY ST,NA,Angle,Clear,Dry,Daylight,No Controls,NONE DETECTED,Yes,No Apparent Injury,Improper Backing,Not Distracted,NC,Van - Cargo,Backing,25,No,2022,INTERNATIONAL,MV607,38.98334467,-77.09217033,2025,8,10
250036079,Property Damage Crash,08/13/2025 10:33:00 AM,WAVERLY ST,NA,Angle,Clear,Dry,Daylight,No Controls,NONE DETECTED,No,No Apparent Injury,NA,Not Distracted,FL,Passenger Car,Stopped in Traffic,25,No,2025,JEEP,COMPASS,38.98334467,-77.09217033,2025,8,10
250036067,Property Damage Crash,08/13/2025 09:15:00 AM,NA,NA,"Sideswipe, Same Direction",Cloudy,NA,Daylight,NA,NONE DETECTED,Yes,No Apparent Injury,"Operated Motor Vehicle in Inattentive, Careless, Negligent, or Erratic Manner, Too Fast For Conditions",Unknown,VA,Passenger Car,Moving Constant Speed,0,No,2004,INFINITI,G35,38.96271377,-77.08413714,2025,8,9
250036055,Injury Crash,08/13/2025 08:23:00 AM,COLESVILLE RD (SB/L),NA,Front to Rear,Clear,Dry,Daylight,No Controls,NONE DETECTED,No,Possible Minor Injury,NA,Not Distracted,MD,Passenger Car,Slowing or Stopping,40,No,2025,TOYOTA,GRAND HIGHLANDER,39.02868146,-77.00851109,2025,8,8
250036055,Injury Crash,08/13/2025 08:23:00 AM,COLESVILLE RD (SB/L),NA,Front to Rear,Clear,Dry,Daylight,No Controls,NONE DETECTED,Yes,No Apparent Injury,"Followed Too Closely, Operated Motor Vehicle in Inattentive, Careless, Negligent, or Erratic Manner",Not Distracted,MD,Passenger Car,Slowing or Stopping,40,No,2006,FORD,E-350,39.02868146,-77.00851109,2025,8,8
250036045,Property Damage Crash,08/13/2025 06:28:00 AM,NA,NA,Front to Front,Clear,NA,Daylight,NA,ALCOHOL PRESENT,Yes,No Apparent Injury,NA,Unknown,MD,Passenger Car,NA,0,No,2007,MERCEDES-BENZ,EQS-CLASS SEDAN,39.01585252,-77.04112887,2025,8,6
250036040,Property Damage Crash,08/13/2025 04:09:00 AM,NA,NA,Front to Rear,Clear,Dry,Medium,No Controls,ALCOHOL PRESENT,Yes,No Apparent Injury,NA,Not Distracted,MD,Sport Utility Vehicle,Moving Constant Speed,35,No,2025,JEEP,WRANGLER,38.98792702,-77.02316993,2025,8,4
250036038,Property Damage Crash,08/13/2025 12:41:00 AM,GLENGARY,NA,Single Vehicle,Clear,Dry,Dark,No Controls,NONE DETECTED,No,No Apparent Injury,NA,Not Distracted,MD,Sport Utility Vehicle,Backing,25,No,2021,FORD,EXPLORER,38.9810832,-76.99074619,2025,8,0
250036028,Injury Crash,08/12/2025 11:00:00 PM,SHADY GROVE RD,NA,Single Vehicle,Clear,Dry,Medium,Traffic Control Signal,NONE DETECTED,Yes,Possible Minor Injury,NA,Not Distracted,MD,Passenger Car,Moving Constant Speed,40,No,2023,TOYOTA,CAMRY,39.12420421,-77.17587499,2025,8,23
250036022,Property Damage Crash,08/12/2025 09:19:00 PM,BREADY RD,NA,Single Vehicle,Clear,Dry,Dark,No Controls,NONE DETECTED,Yes,No Apparent Injury,Other Improper Action,"Other Action (looking away from task, etc.)",MD,Passenger Car,Slowing or Stopping,35,No,2012,VOLKSWAGEN,JETTA,39.14724954,-77.09419192,2025,8,21
250036001,Injury Crash,08/12/2025 06:54:00 PM,NA,NA,Front to Front,Clear,NA,Daylight,NA,NONE DETECTED,Yes,Suspected Serious Injury,Operated Motor Vehicle in Reckless or Aggressive Manner,Not Distracted,MD,Moped Or motorized bicycle,Accelerating,0,No,0,NA,NA,39.18031651,-77.26772096,2025,8,18
250036016,Property Damage Crash,08/12/2025 06:54:00 PM,NA,NA,Front to Front,Clear,NA,Daylight,NA,NONE DETECTED,No,NA,NA,NA,NA,Other,Moving Constant Speed,0,No,2014,FORD,E-250,39.02448621,-77.06900344,2025,8,18
250036001,Injury Crash,08/12/2025 06:54:00 PM,NA,NA,Front to Front,Clear,NA,Daylight,NA,NONE DETECTED,No,No Apparent Injury,NA,Not Distracted,TX,Passenger Car,Moving Constant Speed,0,No,2009,HONDA,ACCORD,39.18031651,-77.26772096,2025,8,18
250036000,Injury Crash,08/12/2025 06:50:00 PM,NA,NA,Front to Rear,Clear,Dry,Daylight,No Controls,NONE DETECTED,No,No Apparent Injury,NA,Not Distracted,MD,Passenger Car,Slowing or Stopping,35,No,2018,TOYOTA,HIGHLANDER,39.22641367,-77.26407352,2025,8,18
250036000,Injury Crash,08/12/2025 06:50:00 PM,NA,NA,Front to Rear,Clear,Dry,Daylight,No Controls,NONE DETECTED,No,Suspected Serious Injury,NA,Not Distracted,MD,Passenger Car,Slowing or Stopping,35,No,2012,ACURA,MDX,39.22641367,-77.26407352,2025,8,18
250036000,Injury Crash,08/12/2025 06:50:00 PM,NA,NA,Front to Rear,Clear,Dry,Daylight,No Controls,NONE DETECTED,Yes,Possible Minor Injury,NA,Unknown,MD,Passenger Car,Moving Constant Speed,35,No,2007,MERCEDES-BENZ,M-CLASS,39.22641367,-77.26407352,2025,8,18
250035991,Property Damage Crash,08/12/2025 06:07:00 PM,LOCKWOOD DR,NA,Front to Rear,Clear,Dry,Daylight,Traffic Control Signal,NONE DETECTED,Yes,No Apparent Injury,NA,Unknown,MD,Passenger Car,Moving Constant Speed,35,No,2009,MERCURY,MILAN,39.03383241,-77.00241809,2025,8,18
250035991,Property Damage Crash,08/12/2025 06:07:00 PM,LOCKWOOD DR,NA,Front to Rear,Clear,Dry,Daylight,Traffic Control Signal,NONE DETECTED,No,No Apparent Injury,NA,Not Distracted,MD,Passenger Car,Stopped in Traffic,35,No,2017,MERCEDES-BENZ,GLA-CLASS,39.03383241,-77.00241809,2025,8,18
250035991,Property Damage Crash,08/12/2025 06:07:00 PM,LOCKWOOD DR,NA,Front to Rear,Clear,Dry,Daylight,Traffic Control Signal,NONE DETECTED,No,No Apparent Injury,NA,Not Distracted,MD,Passenger Car,Slowing or Stopping,35,No,2023,KIA,EV6,39.03383241,-77.00241809,2025,8,18
250035991,Property Damage Crash,08/12/2025 06:07:00 PM,LOCKWOOD DR,NA,Front to Rear,Clear,Dry,Daylight,Traffic Control Signal,NONE DETECTED,No,No Apparent Injury,NA,Not Distracted,MD,Passenger Car,Slowing or Stopping,35,No,2017,NISSAN,SENTRA,39.03383241,-77.00241809,2025,8,18
250035982,Property Damage Crash,08/12/2025 05:34:00 PM,KENTLANDS BLVD,NA,Angle,Clear,Dry,Daylight,Traffic Control Signal,NONE DETECTED,No,No Apparent Injury,NA,Unknown,MD,Passenger Car,Changing Lanes,25,No,2014,TOYOTA,PRIUS,39.12314681,-77.23279937,2025,8,17
250035982,Property Damage Crash,08/12/2025 05:34:00 PM,KENTLANDS BLVD,NA,Angle,Clear,Dry,Daylight,Stop Sign,NONE DETECTED,Yes,No Apparent Injury,Failed to Yield Right-of-Way,Unknown,MD,Pickup,Entering Traffic Lane,25,No,2021,CHEVROLET,SILVERADO,39.12314681,-77.23279937,2025,8,17
250035968,Property Damage Crash,08/12/2025 04:52:00 PM,ASPEN AVE,NA,Single Vehicle,Clear,Dry,Daylight,No Controls,NONE DETECTED,No,No Apparent Injury,NA,Unknown,MD,Passenger Car,Backing,20,No,2015,FORD,FOCUS,38.98112717,-76.9983365,2025,8,16
250035978,Property Damage Crash,08/12/2025 04:25:00 PM,SILVER SPRING AVE,Scooter (electric),Single Vehicle,Clear,Dry,Daylight,No Controls,NONE DETECTED,No,No Apparent Injury,NA,Not Distracted,MD,Sport Utility Vehicle,Moving Constant Speed,25,No,2017,MERCEDES-BENZ,GLC-CLASS,38.99171262,-77.02519531,2025,8,16
250035965,Injury Crash,08/12/2025 04:11:00 PM,CHERRY HILL RD,NA,Front to Rear,Clear,Dry,Daylight,Traffic Control Signal,NONE DETECTED,Yes,Suspected Serious Injury,Failed to Yield Right-of-Way,Not Distracted,MD,Passenger Car,Turning Left,40,No,2013,LEXUS,GS,39.061942,-76.96045233,2025,8,16
250035965,Injury Crash,08/12/2025 04:11:00 PM,CHERRY HILL RD,NA,Front to Rear,Clear,Dry,Daylight,Traffic Control Signal,NONE DETECTED,Yes,Possible Minor Injury,Too Fast For Conditions,Not Distracted,MD,Passenger Car,Moving Constant Speed,40,No,2010,MITSUBISHI,LANCER EVOLUTION,39.061942,-76.96045233,2025,8,16
250035966,Property Damage Crash,08/12/2025 04:08:00 PM,16TH ST,NA,Front to Rear,Clear,Dry,Daylight,No Controls,NONE DETECTED,No,No Apparent Injury,NA,Not Distracted,MD,Passenger Car,Moving Constant Speed,35,No,2018,TOYOTA,CAMRY,38.99263503,-77.03620486,2025,8,16
250035966,Property Damage Crash,08/12/2025 04:08:00 PM,16TH ST,NA,Front to Rear,Clear,Dry,Daylight,No Controls,NONE DETECTED,No,No Apparent Injury,NA,Not Distracted,MD,Passenger Car,Moving Constant Speed,35,No,2010,HONDA,CIVIC,38.99263503,-77.03620486,2025,8,16
250035966,Property Damage Crash,08/12/2025 04:08:00 PM,16TH ST,NA,Front to Rear,Clear,Dry,Daylight,No Controls,NONE DETECTED,No,No Apparent Injury,NA,Not Distracted,MD,Van - Passenger (&lt;9 Seats),Moving Constant Speed,35,No,2007,CHEVROLET,EXPRESS,38.99263503,-77.03620486,2025,8,16
250035966,Property Damage Crash,08/12/2025 04:08:00 PM,16TH ST,NA,Front to Rear,Clear,Dry,Daylight,No Controls,NONE DETECTED,Yes,No Apparent Injury,NA,Not Distracted,MD,Sport Utility Vehicle,Moving Constant Speed,35,No,2013,SUBARU,FORESTER,38.99263503,-77.03620486,2025,8,16
250035966,Property Damage Crash,08/12/2025 04:08:00 PM,16TH ST,NA,Front to Rear,Clear,Dry,Daylight,No Controls,NONE DETECTED,No,No Apparent Injury,NA,Not Distracted,MD,Passenger Car,Moving Constant Speed,35,No,2019,NISSAN,ROGUE,38.99263503,-77.03620486,2025,8,16
250035963,Injury Crash,08/12/2025 03:46:00 PM,NA,Pedestrian,Single Vehicle,Clear,NA,Daylight,NA,NONE DETECTED,Yes,No Apparent Injury,NA,Not Distracted,MD,Passenger Car,Backing,0,No,2004,TOYOTA,COROLLA,39.20390465,-77.23508737,2025,8,15
250035932,Property Damage Crash,08/12/2025 02:03:00 PM,RAMP 4 FR US 29 NB TO CHERRY HILL RD EB,NA,Angle,Clear,Dry,Daylight,No Controls,NONE DETECTED,Yes,No Apparent Injury,"Failed to Keep in Proper Lane, Other Improper Action",Not Distracted,MD,Sport Utility Vehicle,Moving Constant Speed,35,No,2006,TOYOTA,SIENNA,39.0605,-76.96419833,2025,8,14
250035932,Property Damage Crash,08/12/2025 02:03:00 PM,RAMP 4 FR US 29 NB TO CHERRY HILL RD EB,NA,Angle,Clear,Dry,Daylight,No Controls,NONE DETECTED,No,No Apparent Injury,NA,Not Distracted,MD,Passenger Car,Moving Constant Speed,35,No,2014,HONDA,CIVIC,39.0605,-76.96419833,2025,8,14
250035971,Property Damage Crash,08/12/2025 01:30:00 PM,CAPITAL BELTWAY,NA,Other,Clear,Dry,Daylight,No Controls,NONE DETECTED,No,No Apparent Injury,NA,Not Distracted,DC,Passenger Car,Entering Traffic Lane,55,No,2005,TOYOTA,HIGHLANDER,39.01619106,-77.01282391,2025,8,13
250035971,Property Damage Crash,08/12/2025 01:30:00 PM,CAPITAL BELTWAY,NA,Other,Clear,Dry,Daylight,No Controls,NONE DETECTED,Yes,NA,NA,NA,NA,Other Trucks,Moving Constant Speed,55,No,0,NA,NA,39.01619106,-77.01282391,2025,8,13
25001718,Property Damage Crash,08/12/2025 01:00:00 PM,BOSTON AVE,NA,Rear To Rear,Clear,Dry,Daylight,No Controls,NONE DETECTED,No,No Apparent Injury,NA,Unknown,MD,Passenger Car,Backing,25,No,2016,FORD,ESCAPE,38.9869062,-77.01981406,2025,8,13
250035914,Property Damage Crash,08/12/2025 12:14:00 PM,NA,NA,Other,Clear,NA,Daylight,NA,NONE DETECTED,Yes,No Apparent Injury,Improper Backing,Not Distracted,MD,Van - Passenger (&lt;9 Seats),Backing,0,No,2016,FORD,TRANSIT,39.10747603,-77.16081781,2025,8,12
250035908,Property Damage Crash,08/12/2025 11:40:00 AM,NA,NA,Front to Rear,Clear,NA,Daylight,NA,NONE DETECTED,No,NA,NA,NA,NA,Passenger Car,Accelerating,0,No,2000,HONDA,ACCORD,38.98875288,-77.09483403,2025,8,11
250035908,Property Damage Crash,08/12/2025 11:40:00 AM,NA,NA,Front to Rear,Clear,NA,Daylight,NA,NONE DETECTED,No,No Apparent Injury,NA,Not Distracted,MD,Passenger Car,Parked,0,No,2017,HYUNDAI,SANTA FE SPORT,38.98875288,-77.09483403,2025,8,11
250035909,Property Damage Crash,08/12/2025 11:30:00 AM,GEORGIA AVE (SB/L),NA,"Sideswipe, Same Direction",Clear,Dry,Daylight,No Controls,NONE DETECTED,No,No Apparent Injury,NA,Not Distracted,MD,Sport Utility Vehicle,Turning Right,25,No,2022,HONDA,PILOT,39.04431403,-77.05214166,2025,8,11
250035909,Property Damage Crash,08/12/2025 11:30:00 AM,GEORGIA AVE (SB/L),NA,"Sideswipe, Same Direction",Clear,Dry,Daylight,No Controls,NONE DETECTED,No,No Apparent Injury,NA,Unknown,MD,Sport Utility Vehicle,Stopped in Traffic,25,No,2024,TOYOTA,HIGHLANDER,39.04431403,-77.05214166,2025,8,11
250035895,Property Damage Crash,08/12/2025 10:50:00 AM,NA,NA,Other,Clear,NA,Daylight,NA,NONE DETECTED,Yes,No Apparent Injury,Other Improper Action,Not Distracted,MD,Sport Utility Vehicle,Backing,0,No,2024,DODGE,DURANGO,39.02760149,-77.14612001,2025,8,10
250035892,Injury Crash,08/12/2025 10:48:00 AM,WISTERIA DR,Cyclist (non-electric),Single Vehicle,Clear,Dry,Daylight,No Controls,NONE DETECTED,Yes,No Apparent Injury,"Disregarded Other Road Markings, Failed to Yield Right-of-Way",Unknown,MD,Sport Utility Vehicle,Turning Right,35,No,2024,TOYOTA,RAV4 PRIME,39.17647867,-77.26931207,2025,8,10
250035897,Property Damage Crash,08/12/2025 10:38:00 AM,BLAIR MILL RD,NA,"Sideswipe, Same Direction",Clear,Dry,Daylight,No Controls,NONE DETECTED,No,No Apparent Injury,NA,Not Distracted,VA,Sport Utility Vehicle,Moving Constant Speed,30,No,2018,GMC,ACADIA,38.98999419,-77.02941495,2025,8,10
250035897,Property Damage Crash,08/12/2025 10:38:00 AM,BLAIR MILL RD,NA,"Sideswipe, Same Direction",Clear,Dry,Daylight,No Controls,NONE DETECTED,Yes,No Apparent Injury,Failed to Yield Right-of-Way,Not Distracted,MD,Van - Passenger (&lt;9 Seats),Turning Left,30,No,2012,FORD,E-350,38.98999419,-77.02941495,2025,8,10
250035863,Injury Crash,08/12/2025 08:00:00 AM,CONNECTICUT AVE,NA,Angle,Clear,Dry,Daylight,No Controls,NONE DETECTED,No,Possible Minor Injury,NA,Not Distracted,MD,Sport Utility Vehicle,Moving Constant Speed,35,No,2023,CHEVROLET,BOLT EUV,39.05358967,-77.07439,2025,8,8
250035863,Injury Crash,08/12/2025 08:00:00 AM,CONNECTICUT AVE,NA,Angle,Clear,Dry,Daylight,Stop Sign,NONE DETECTED,Yes,Possible Minor Injury,NA,Not Distracted,VA,Pickup,Moving Constant Speed,25,No,2019,FORD,F-150,39.05358967,-77.07439,2025,8,8
250035868,Property Damage Crash,08/12/2025 07:45:00 AM,OLD GEORGETOWN RD,NA,Single Vehicle,Clear,Dry,Daylight,No Controls,NONE DETECTED,No,No Apparent Injury,NA,Not Distracted,MD,Other Trucks,Moving Constant Speed,35,No,2010,CHEVROLET,EXPRESS,39.03787365,-77.12313811,2025,8,7
250035868,Property Damage Crash,08/12/2025 07:45:00 AM,OLD GEORGETOWN RD,NA,Single Vehicle,Clear,Dry,Daylight,No Controls,NONE DETECTED,No,No Apparent Injury,NA,Not Distracted,MD,NA,NA,35,No,0,NA,NA,39.03787365,-77.12313811,2025,8,7
250035860,Property Damage Crash,08/12/2025 07:36:00 AM,NA,NA,Front to Front,Clear,Dry,Daylight,No Controls,NONE DETECTED,No,No Apparent Injury,NA,Not Distracted,GA,Passenger Car,Moving Constant Speed,30,No,2025,FORD,ESCAPE,38.98795917,-77.07788033,2025,8,7
250035860,Property Damage Crash,08/12/2025 07:36:00 AM,NA,NA,Front to Front,Clear,Dry,Daylight,No Controls,NONE DETECTED,Yes,No Apparent Injury,NA,Unknown,MD,Passenger Car,Moving Constant Speed,30,No,2016,TOYOTA,CAMRY,38.98795917,-77.07788033,2025,8,7
250035855,Injury Crash,08/12/2025 06:19:00 AM,HICKERSON DR,NA,Front to Rear,Clear,Dry,Daylight,No Controls,NONE DETECTED,No,No Apparent Injury,NA,Not Distracted,MD,Other,Moving Constant Speed,25,No,2022,PIERCE MANUFACTURING,AERIAL,39.04223028,-77.0519788,2025,8,6
250035855,Injury Crash,08/12/2025 06:19:00 AM,HICKERSON DR,NA,Front to Rear,Clear,Dry,Daylight,No Controls,NONE DETECTED,No,Possible Minor Injury,NA,Unknown,MD,Pickup,Turning Left,25,No,2015,TOYOTA,TUNDRA,39.04223028,-77.0519788,2025,8,6
250035854,Injury Crash,08/12/2025 05:33:00 AM,MUNCASTER MILL RD,NA,Angle,Clear,Dry,Medium,Traffic Control Signal,NONE DETECTED,No,Possible Minor Injury,NA,Not Distracted,MD,Passenger Car,Moving Constant Speed,40,No,2010,BMW,328I,39.14872064,-77.14704314,2025,8,5
250035854,Injury Crash,08/12/2025 05:33:00 AM,MUNCASTER MILL RD,NA,Angle,Clear,Dry,Medium,Traffic Control Signal,NONE DETECTED,Yes,No Apparent Injury,"Failed to Yield Right-of-Way, Ran Red Light",Not Distracted,VA,Sport Utility Vehicle,Turning Left,40,No,2021,DODGE,DURANGO,39.14872064,-77.14704314,2025,8,5
250035845,Property Damage Crash,08/12/2025 12:03:00 AM,GEORGIA AVE (SB/L),NA,Rear To Side,Clear,Dry,Medium,Traffic Control Signal,ALCOHOL PRESENT,Yes,No Apparent Injury,"Operated Motor Vehicle in Inattentive, Careless, Negligent, or Erratic Manner, Operated Motor Vehicle in Reckless or Aggressive Manner",Not Distracted,MD,Sport Utility Vehicle,Turning Left,30,No,2025,CHEVROLET,TRAX,38.99447163,-77.02689736,2025,8,0
250035845,Property Damage Crash,08/12/2025 12:03:00 AM,GEORGIA AVE (SB/L),NA,Rear To Side,Clear,Dry,Medium,Traffic Control Signal,NONE DETECTED,No,No Apparent Injury,NA,Not Distracted,MD,Passenger Car,Moving Constant Speed,35,No,2022,TESLA,MODEL Y,38.99447163,-77.02689736,2025,8,0
250035839,Property Damage Crash,08/11/2025 10:54:00 PM,FREDERICK RD,NA,Single Vehicle,Clear,Dry,Medium,No Controls,NONE DETECTED,No,No Apparent Injury,"Over-Correcting/Over-Steering, Swerved or Avoided Due to Wind, Slippery Surface, Motor Vehicle, Object, Non-Motorist in Roadway, etc",Not Distracted,MD,Passenger Car,Moving Constant Speed,45,No,2011,HONDA,FIT,39.17621667,-77.23824667,2025,8,22
250035836,Injury Crash,08/11/2025 10:37:00 PM,SHOREFIELD RD,NA,Angle,Clear,Dry,Dark,No Controls,NONE DETECTED,No,Possible Minor Injury,NA,Not Distracted,MD,Passenger Car,Moving Constant Speed,25,No,2013,TOYOTA,CAMRY,39.05301727,-77.04854322,2025,8,22
250035836,Injury Crash,08/11/2025 10:37:00 PM,SHOREFIELD RD,NA,Angle,Clear,Dry,Dark,No Controls,NONE DETECTED,Yes,No Apparent Injury,NA,Unknown,MD,Sport Utility Vehicle,Turning Left,25,No,2019,CHEVROLET,EQUINOX,39.05301727,-77.04854322,2025,8,22
250035834,Property Damage Crash,08/11/2025 10:06:00 PM,ARCTIC AVE,NA,Front to Rear,Clear,Dry,Medium,No Controls,NONE DETECTED,No,No Apparent Injury,"Operated Motor Vehicle in Inattentive, Careless, Negligent, or Erratic Manner, Operated Motor Vehicle in Reckless or Aggressive Manner",Unknown,NA,Passenger Car,Moving Constant Speed,25,No,2014,SUBARU,LEGACY,39.07408109,-77.09929811,2025,8,22
250035833,Injury Crash,08/11/2025 10:00:00 PM,NA,NA,Single Vehicle,Clear,NA,Medium,NA,NONE DETECTED,No,Possible Minor Injury,NA,Not Distracted,MD,Sport Utility Vehicle,Negotiating a Curve,0,No,2021,FORD,EXPLORER,39.17939006,-77.17411793,2025,8,22
250035825,Property Damage Crash,08/11/2025 08:55:00 PM,MONTGOMERY VILLAGE AVE,NA,Front to Rear,Clear,Dry,Medium,No Controls,NONE DETECTED,No,No Apparent Injury,NA,Not Distracted,MD,Station Wagon,Slowing or Stopping,35,No,2011,TOYOTA,VENZA,39.15455567,-77.20914133,2025,8,20
250035825,Property Damage Crash,08/11/2025 08:55:00 PM,MONTGOMERY VILLAGE AVE,NA,Front to Rear,Clear,Dry,Medium,No Controls,NONE DETECTED,Yes,No Apparent Injury,Other Improper Action,Unknown,MD,Sport Utility Vehicle,Accelerating,35,No,2018,GMC,YUKON XL,39.15455567,-77.20914133,2025,8,20
250035825,Property Damage Crash,08/11/2025 08:55:00 PM,MONTGOMERY VILLAGE AVE,NA,Front to Rear,Clear,Dry,Medium,No Controls,NONE DETECTED,No,No Apparent Injury,NA,Not Distracted,MD,Passenger Car,Slowing or Stopping,35,No,2021,TOYOTA,CAMRY,39.15455567,-77.20914133,2025,8,20
250035823,Property Damage Crash,08/11/2025 08:39:00 PM,GRUENTHER AVE,NA,"Sideswipe, Same Direction",Clear,Dry,Daylight,Stop Sign,NONE DETECTED,No,No Apparent Injury,"Failed to Yield Right-of-Way, Operated Motor Vehicle in Inattentive, Careless, Negligent, or Erratic Manner, Ran Stop Sign",Unknown,MD,Passenger Car,Accelerating,25,No,2012,TOYOTA,PRIUS,39.07952783,-77.11500583,2025,8,20
250035823,Property Damage Crash,08/11/2025 08:39:00 PM,GRUENTHER AVE,NA,"Sideswipe, Same Direction",Clear,Dry,Daylight,No Controls,NONE DETECTED,No,No Apparent Injury,Other Improper Action,Unknown,MD,Passenger Car,Moving Constant Speed,25,No,2008,HONDA,CIVIC,39.07952783,-77.11500583,2025,8,20