Local Case Number,ACRS Report Type,Crash Date/Time,Road Name,Related Non-Motorist,Collision Type,Weather,Surface Condition,Light,Traffic Control,Driver Substance Abuse,Driver At Fault,Injury Severity,Circumstance,Driver Distracted By,Drivers License State,Vehicle Body Type,Vehicle Movement,Speed Limit,Driverless Vehicle,Vehicle Year,Vehicle Make,Vehicle Model,Latitude,Longitude,Year,Month,Hour
250035807,Property Damage Crash,08/11/2025 06:30:00 PM,UNIVERSITY BLVD E (WB/L),NA,"Sideswipe, Same Direction",Clear,Dry,Daylight,Traffic Control Signal,NONE DETECTED,No,No Apparent Injury,NA,Not Distracted,TX,Passenger Car,Accelerating,35,No,2025,TOYOTA,TACOMA,39.011405,-77.00182933,2025,8,18
250035807,Property Damage Crash,08/11/2025 06:30:00 PM,UNIVERSITY BLVD E (WB/L),NA,"Sideswipe, Same Direction",Clear,Dry,Daylight,Traffic Control Signal,NONE DETECTED,No,No Apparent Injury,NA,Not Distracted,MD,Bus - Transit,Changing Lanes,35,No,2024,GILLIG,LOW FLOOR BUS,39.011405,-77.00182933,2025,8,18
250035802,Property Damage Crash,08/11/2025 06:05:00 PM,OLD GEORGETOWN RD,NA,Front to Rear,Clear,Dry,Daylight,No Controls,NONE DETECTED,No,No Apparent Injury,NA,Not Distracted,MD,Van - Passenger (&lt;9 Seats),Slowing or Stopping,30,No,2024,RAM,PROMASTER 2500,39.03155789,-77.12596305,2025,8,18
250035802,Property Damage Crash,08/11/2025 06:05:00 PM,OLD GEORGETOWN RD,NA,Front to Rear,Clear,Dry,Daylight,No Controls,NONE DETECTED,Yes,No Apparent Injury,NA,Not Distracted,MD,Passenger Car,Moving Constant Speed,30,No,2010,HYUNDAI,ACCENT,39.03155789,-77.12596305,2025,8,18
250035803,Property Damage Crash,08/11/2025 06:03:00 PM,VEIRS MILL RD (WB/L),NA,Front to Rear,Clear,Dry,Daylight,Traffic Control Signal,NONE DETECTED,No,No Apparent Injury,NA,NA,NA,Sport Utility Vehicle,Moving Constant Speed,35,No,2011,MAZDA,CX-9,39.04511057,-77.06494384,2025,8,18
250035803,Property Damage Crash,08/11/2025 06:03:00 PM,VEIRS MILL RD (WB/L),NA,Front to Rear,Clear,Dry,Daylight,Traffic Control Signal,NONE DETECTED,No,No Apparent Injury,NA,Not Distracted,MD,Van - Passenger (&lt;9 Seats),Moving Constant Speed,35,No,2025,HONDA,ODYSSEY,39.04511057,-77.06494384,2025,8,18
250035790,Property Damage Crash,08/11/2025 04:55:00 PM,COLESVILLE RD,NA,Front to Rear,Clear,Dry,Daylight,Traffic Control Signal,NONE DETECTED,No,No Apparent Injury,NA,NA,NA,Passenger Car,Slowing or Stopping,30,No,2006,LEXUS,UNKNOWN,38.9990068,-77.02613773,2025,8,16
250035790,Property Damage Crash,08/11/2025 04:55:00 PM,COLESVILLE RD,NA,Front to Rear,Clear,Dry,Daylight,Traffic Control Signal,NONE DETECTED,No,No Apparent Injury,NA,Not Distracted,MD,Passenger Car,Slowing or Stopping,30,No,2009,NISSAN,CUBE,38.9990068,-77.02613773,2025,8,16
250035784,Property Damage Crash,08/11/2025 03:30:00 PM,W WATKINS MILL RD,NA,Angle,Clear,Dry,Daylight,Traffic Control Signal,NONE DETECTED,No,No Apparent Injury,NA,Not Distracted,MD,Sport Utility Vehicle,Moving Constant Speed,35,No,2022,TOYOTA,HIGHLANDER,39.15607191,-77.22583419,2025,8,15
250035784,Property Damage Crash,08/11/2025 03:30:00 PM,W WATKINS MILL RD,NA,Angle,Clear,Dry,Daylight,Traffic Control Signal,NONE DETECTED,Yes,No Apparent Injury,NA,Unknown,VA,Pickup,Turning Left,35,No,2010,FORD,F-150,39.15607191,-77.22583419,2025,8,15
250035779,Property Damage Crash,08/11/2025 03:09:00 PM,NA,NA,Front to Rear,Clear,NA,Daylight,NA,NONE DETECTED,No,No Apparent Injury,NA,Not Distracted,MD,Van - Passenger (&lt;9 Seats),Parked,0,No,2015,CHEVROLET,EXPRESS,39.09893996,-77.15982535,2025,8,15
250035779,Property Damage Crash,08/11/2025 03:09:00 PM,NA,NA,Front to Rear,Clear,NA,Daylight,NA,NONE DETECTED,Yes,No Apparent Injury,NA,Not Distracted,VA,Van - Cargo,Backing,0,No,2013,HINO,CONVENTIONAL TYPE TRUCK,39.09893996,-77.15982535,2025,8,15
250035775,Injury Crash,08/11/2025 02:58:00 PM,KEY WEST AVE,NA,Front to Rear,Clear,Dry,Daylight,No Controls,NONE DETECTED,Yes,No Apparent Injury,"Operated Motor Vehicle in Inattentive, Careless, Negligent, or Erratic Manner",Unknown,MD,Passenger Car,Accelerating,40,No,2014,HYUNDAI,SANTA FE,39.10349717,-77.19103915,2025,8,14
250035775,Injury Crash,08/11/2025 02:58:00 PM,KEY WEST AVE,NA,Front to Rear,Clear,Dry,Daylight,No Controls,NONE DETECTED,No,No Apparent Injury,NA,Not Distracted,MD,Passenger Car,Stopped in Traffic,40,No,2021,HONDA,ODYSSEY,39.10349717,-77.19103915,2025,8,14
250035761,Property Damage Crash,08/11/2025 02:01:00 PM,FREDERICK RD (SB/L),NA,Angle,Clear,Dry,Daylight,Traffic Control Signal,NONE DETECTED,Yes,No Apparent Injury,Failed to Yield Right-of-Way,Not Distracted,MD,Passenger Car,Turning Left,30,No,2025,TOYOTA,COROLLA CROSS,39.1558212,-77.21608387,2025,8,14
250035761,Property Damage Crash,08/11/2025 02:01:00 PM,FREDERICK RD (SB/L),NA,Angle,Clear,Dry,Daylight,Traffic Control Signal,NONE DETECTED,No,No Apparent Injury,NA,Not Distracted,MD,Single-Unit Truck,Moving Constant Speed,30,No,2023,GMC,SAVANA,39.1558212,-77.21608387,2025,8,14
250035778,Property Damage Crash,08/11/2025 01:40:00 PM,NA,NA,Angle,Clear,Dry,Daylight,Traffic Control Signal,NONE DETECTED,No,NA,NA,NA,NA,Passenger Car,Turning Right,35,No,2021,CHEVROLET,MALIBU,39.05352109,-77.10679985,2025,8,13
250035778,Property Damage Crash,08/11/2025 01:40:00 PM,NA,NA,Angle,Clear,Dry,Daylight,Traffic Control Signal,NONE DETECTED,No,No Apparent Injury,NA,Not Distracted,MD,Sport Utility Vehicle,Moving Constant Speed,35,No,2016,TOYOTA,RAV4,39.05352109,-77.10679985,2025,8,13
250035767,Injury Crash,08/11/2025 01:05:00 PM,GEORGIA AVE,NA,Angle,Clear,Dry,Daylight,Traffic Control Signal,NONE DETECTED,No,Possible Minor Injury,NA,Not Distracted,MD,Passenger Car,Moving Constant Speed,30,No,2009,TOYOTA,CAMRY,39.01562758,-77.04267221,2025,8,13
250035767,Injury Crash,08/11/2025 01:05:00 PM,GEORGIA AVE,NA,Angle,Clear,Dry,Daylight,Traffic Control Signal,NONE DETECTED,Yes,No Apparent Injury,NA,Not Distracted,MD,Passenger Car,Turning Left,30,No,2022,CHEVROLET,TAHOE,39.01562758,-77.04267221,2025,8,13
250025750,Property Damage Crash,08/11/2025 12:37:00 PM,NEW HAMPSHIRE AVE (SB/L),NA,Front to Rear,Cloudy,Dry,Daylight,No Controls,NONE DETECTED,No,No Apparent Injury,NA,Not Distracted,MD,Sport Utility Vehicle,Stopped in Traffic,30,No,2025,TESLA,MODEL Y,39.07409369,-77.00254184,2025,8,12
250025750,Property Damage Crash,08/11/2025 12:37:00 PM,NEW HAMPSHIRE AVE (SB/L),NA,Front to Rear,Cloudy,Dry,Daylight,No Controls,NONE DETECTED,No,NA,NA,NA,NA,Passenger Car,Moving Constant Speed,30,No,2007,HONDA,ACCORD,39.07409369,-77.00254184,2025,8,12
250035726,Property Damage Crash,08/11/2025 10:50:00 AM,WARING STATION RD,NA,Single Vehicle,Clear,Dry,Daylight,No Controls,NONE DETECTED,Yes,No Apparent Injury,Ran Off Roadway,Unknown,NA,Passenger Car,Moving Constant Speed,30,No,2014,HYUNDAI,ELANTRA,39.17160122,-77.25176499,2025,8,10
250035720,Injury Crash,08/11/2025 10:01:00 AM,SMOKEWOOD DR,NA,Angle,Cloudy,Dry,Daylight,Stop Sign,NONE DETECTED,Yes,Possible Minor Injury,Failed to Yield Right-of-Way,Not Distracted,MD,Passenger Car,Accelerating,35,No,2019,HONDA,ACCORD,39.14830317,-77.27863417,2025,8,10
250035720,Injury Crash,08/11/2025 10:01:00 AM,SMOKEWOOD DR,NA,Angle,Cloudy,Dry,Daylight,No Controls,NONE DETECTED,No,Possible Minor Injury,NA,Not Distracted,MD,Passenger Car,Moving Constant Speed,35,No,2019,LEXUS,RX,39.14830317,-77.27863417,2025,8,10
250035707,Injury Crash,08/11/2025 08:56:00 AM,NA,NA,Angle,Cloudy,Dry,Daylight,No Controls,NONE DETECTED,No,Possible Minor Injury,NA,Not Distracted,MD,Passenger Car,Moving Constant Speed,50,No,2016,TOYOTA,CAMRY,39.21296833,-77.171905,2025,8,8
250035707,Injury Crash,08/11/2025 08:56:00 AM,NA,NA,Angle,Cloudy,Dry,Daylight,No Controls,NONE DETECTED,No,Possible Minor Injury,NA,Not Distracted,MD,Sport Utility Vehicle,Stopped in Traffic,50,No,2022,VOLKSWAGEN,TIGUAN,39.21296833,-77.171905,2025,8,8
250035707,Injury Crash,08/11/2025 08:56:00 AM,NA,NA,Angle,Cloudy,Dry,Daylight,No Controls,NONE DETECTED,Yes,Possible Minor Injury,Failed to Yield Right-of-Way,Not Distracted,MD,Sport Utility Vehicle,Turning Left,50,No,2024,JEEP,WRANGLER,39.21296833,-77.171905,2025,8,8
250035709,Property Damage Crash,08/11/2025 08:47:00 AM,GEORGIA AVE (SB/L),NA,Front to Rear,Cloudy,Dry,Daylight,No Controls,NONE DETECTED,Yes,No Apparent Injury,NA,Not Distracted,MD,Sport Utility Vehicle,Slowing or Stopping,35,No,2017,FORD,EXPLORER,39.1059995,-77.07657383,2025,8,8
250035709,Property Damage Crash,08/11/2025 08:47:00 AM,GEORGIA AVE (SB/L),NA,Front to Rear,Cloudy,Dry,Daylight,No Controls,NONE DETECTED,No,No Apparent Injury,NA,Not Distracted,MD,Passenger Car,Slowing or Stopping,35,No,2023,TESLA,MODEL Y,39.1059995,-77.07657383,2025,8,8
250035701,Property Damage Crash,08/11/2025 07:45:00 AM,WISTERIA DR,NA,"Sideswipe, Same Direction",Clear,Dry,Daylight,No Controls,NONE DETECTED,Yes,No Apparent Injury,Failed to Keep in Proper Lane,Unknown,MD,Passenger Car,Moving Constant Speed,25,No,2016,NISSAN,VERSA,39.18208147,-77.27707529,2025,8,7
250035706,Property Damage Crash,08/11/2025 07:45:00 AM,SCHUYLKILL RD,NA,"Sideswipe, Same Direction",Cloudy,Dry,Daylight,No Controls,NONE DETECTED,No,No Apparent Injury,NA,"Other Action (looking away from task, etc.)",NA,Passenger Car,Moving Constant Speed,25,No,2005,TOYOTA,CAMRY,39.04195031,-77.09567948,2025,8,7
250035697,Property Damage Crash,08/11/2025 05:28:00 AM,NA,NA,"Sideswipe, Same Direction",Clear,Dry,Medium,Traffic Control Signal,NONE DETECTED,No,No Apparent Injury,NA,Unknown,MD,Van - Passenger (&lt;9 Seats),Changing Lanes,35,No,2018,FORD,TRANSIT,39.16938246,-77.19015201,2025,8,5
250035697,Property Damage Crash,08/11/2025 05:28:00 AM,NA,NA,"Sideswipe, Same Direction",Clear,Dry,Medium,Traffic Control Signal,NONE DETECTED,No,No Apparent Injury,NA,Not Distracted,MD,Passenger Car,Slowing or Stopping,35,No,2025,NISSAN,ROGUE,39.16938246,-77.19015201,2025,8,5
250035685,Property Damage Crash,08/11/2025 12:10:00 AM,RANDOLPH RD (WB/L),NA,Angle,Clear,Dry,Medium,Traffic Control Signal,NONE DETECTED,No,No Apparent Injury,NA,Not Distracted,MD,Sport Utility Vehicle,Moving Constant Speed,30,No,2019,MERCEDES-BENZ,GLC-CLASS,39.060615,-77.0450162,2025,8,0
250035686,Property Damage Crash,08/11/2025 12:10:00 AM,AIRCRAFT DR,NA,Single Vehicle,Clear,Dry,Medium,No Controls,NONE DETECTED,No,NA,NA,NA,NA,Passenger Car,Moving Constant Speed,25,No,2011,KIA,OPTIMA,39.18387917,-77.2618185,2025,8,0
250035685,Property Damage Crash,08/11/2025 12:10:00 AM,RANDOLPH RD (WB/L),NA,Angle,Clear,Dry,Medium,Traffic Control Signal,NONE DETECTED,Yes,No Apparent Injury,"Failed to Yield Right-of-Way, Improper Turn",Not Distracted,DC,Passenger Car,Making U-Turn,30,No,2013,TOYOTA,PRIUS,39.060615,-77.0450162,2025,8,0
250035678,Injury Crash,08/10/2025 10:32:00 PM,DARNESTOWN RD (WB/L),NA,Angle,Clear,Dry,Medium,Traffic Control Signal,NONE DETECTED,No,No Apparent Injury,NA,Unknown,MD,Pickup,Turning Left,30,No,2017,RAM,1500,39.11793598,-77.25275152,2025,8,22
250035678,Injury Crash,08/10/2025 10:32:00 PM,DARNESTOWN RD (WB/L),NA,Angle,Clear,Dry,Medium,Traffic Control Signal,NONE DETECTED,No,Possible Minor Injury,NA,Unknown,MD,Passenger Car,Moving Constant Speed,30,No,2008,MERCURY,MILAN,39.11793598,-77.25275152,2025,8,22
250035654,Property Damage Crash,08/10/2025 06:10:00 PM,NA,NA,"Sideswipe, Same Direction",Clear,NA,Daylight,NA,NONE DETECTED,No,No Apparent Injury,NA,Not Distracted,MD,Passenger Car,Parked,0,No,2012,HONDA,CIVIC,39.00001167,-76.99011333,2025,8,18
250035654,Property Damage Crash,08/10/2025 06:10:00 PM,NA,NA,"Sideswipe, Same Direction",Clear,NA,Daylight,NA,NONE DETECTED,Yes,No Apparent Injury,"Improper Backing, Operated Motor Vehicle in Inattentive, Careless, Negligent, or Erratic Manner, Over-Correcting/Over-Steering","Other Action (looking away from task, etc.)",NA,Sport Utility Vehicle,Backing,0,No,2002,CHEVROLET,EXPRESS,39.00001167,-76.99011333,2025,8,18
250035651,Injury Crash,08/10/2025 05:50:00 PM,LANTERN DR,NA,Other,Clear,Dry,Daylight,No Controls,NONE DETECTED,No,Possible Minor Injury,NA,Unknown,MD,Passenger Car,Moving Constant Speed,25,No,2010,FORD,ESCAPE,39.04648659,-77.076497,2025,8,17
250035643,Injury Crash,08/10/2025 05:11:00 PM,COLUMBIA PIKE (SB/L),NA,Front to Rear,Clear,Dry,Daylight,No Controls,NONE DETECTED,No,Possible Minor Injury,NA,Not Distracted,MD,Passenger Car,Slowing or Stopping,55,No,2023,TESLA,MODEL 3,39.10591833,-76.93242633,2025,8,17
250035643,Injury Crash,08/10/2025 05:11:00 PM,COLUMBIA PIKE (SB/L),NA,Front to Rear,Clear,Dry,Daylight,No Controls,NONE DETECTED,No,No Apparent Injury,NA,Not Distracted,MD,Passenger Car,Slowing or Stopping,55,No,2009,MERCURY,MILAN,39.10591833,-76.93242633,2025,8,17
250035643,Injury Crash,08/10/2025 05:11:00 PM,COLUMBIA PIKE (SB/L),NA,Front to Rear,Clear,Dry,Daylight,No Controls,NONE DETECTED,Yes,No Apparent Injury,NA,"Other Action (looking away from task, etc.)",MD,Sport Utility Vehicle,Slowing or Stopping,55,No,2018,ACURA,RDX,39.10591833,-76.93242633,2025,8,17
250035643,Injury Crash,08/10/2025 05:11:00 PM,COLUMBIA PIKE (SB/L),NA,Front to Rear,Clear,Dry,Daylight,No Controls,NONE DETECTED,No,No Apparent Injury,NA,Not Distracted,MD,Sport Utility Vehicle,Slowing or Stopping,55,No,2016,FORD,C-MAX,39.10591833,-76.93242633,2025,8,17
250035643,Injury Crash,08/10/2025 05:11:00 PM,COLUMBIA PIKE (SB/L),NA,Front to Rear,Clear,Dry,Daylight,No Controls,NONE DETECTED,No,No Apparent Injury,NA,Not Distracted,MD,Sport Utility Vehicle,Slowing or Stopping,55,No,2025,HONDA,CR-V,39.10591833,-76.93242633,2025,8,17
250035625,Property Damage Crash,08/10/2025 03:00:00 PM,GEORGIA AVE (SB/L),NA,Front to Rear,Clear,Dry,Daylight,Traffic Control Signal,DRUG AND ALCOHOL CONTRIBUTED,Yes,No Apparent Injury,NA,Not Distracted,MA,Sport Utility Vehicle,Slowing or Stopping,35,No,2013,MERCEDES-BENZ,ML-CLASS,39.12662994,-77.0723257,2025,8,15
250035625,Property Damage Crash,08/10/2025 03:00:00 PM,GEORGIA AVE (SB/L),NA,Front to Rear,Clear,Dry,Daylight,Traffic Control Signal,NONE DETECTED,No,No Apparent Injury,NA,Not Distracted,MD,Passenger Car,Slowing or Stopping,35,No,2012,TOYOTA,CAMRY,39.12662994,-77.0723257,2025,8,15
250035625,Property Damage Crash,08/10/2025 03:00:00 PM,GEORGIA AVE (SB/L),NA,Front to Rear,Clear,Dry,Daylight,Traffic Control Signal,NONE DETECTED,No,No Apparent Injury,NA,Not Distracted,MD,Sport Utility Vehicle,Slowing or Stopping,35,No,2016,TOYOTA,RAV4,39.12662994,-77.0723257,2025,8,15
250035628,Property Damage Crash,08/10/2025 02:58:00 PM,CLIFF PINE DR,NA,Angle,Clear,Dry,Daylight,No Controls,NONE DETECTED,No,No Apparent Injury,NA,Not Distracted,MD,Sport Utility Vehicle,Moving Constant Speed,40,No,2020,LEXUS,NX,39.1780183,-77.15064254,2025,8,14
250035628,Property Damage Crash,08/10/2025 02:58:00 PM,CLIFF PINE DR,NA,Angle,Clear,Dry,Daylight,Stop Sign,NONE DETECTED,Yes,No Apparent Injury,Failed to Yield Right-of-Way,Not Distracted,MD,Passenger Car,Entering Traffic Lane,40,No,2003,SUBARU,LEGACY,39.1780183,-77.15064254,2025,8,14
250035633,Property Damage Crash,08/10/2025 02:40:00 PM,NA,NA,"Sideswipe, Same Direction",Clear,NA,Daylight,NA,NONE DETECTED,No,No Apparent Injury,NA,Unknown,MD,Passenger Car,Turning Left,0,No,2016,TOYOTA,CAMRY,38.998586,-77.11004228,2025,8,14
250035623,Injury Crash,08/10/2025 02:21:00 PM,ROCKVILLE PIKE,NA,Front to Front,Clear,Dry,Daylight,Traffic Control Signal,NONE DETECTED,No,Possible Minor Injury,NA,Not Distracted,MD,Passenger Car,Turning Left,30,No,2017,FORD,FIESTA,39.08146539,-77.14555127,2025,8,14
250035623,Injury Crash,08/10/2025 02:21:00 PM,ROCKVILLE PIKE,NA,Front to Front,Clear,Dry,Daylight,Traffic Control Signal,NONE DETECTED,No,No Apparent Injury,NA,"Other Action (looking away from task, etc.)",MD,Sport Utility Vehicle,Accelerating,30,No,2019,LEXUS,NX,39.08146539,-77.14555127,2025,8,14
250035619,Property Damage Crash,08/10/2025 02:16:00 PM,UNIVERSITY BLVD W,NA,Front to Rear,Clear,Dry,Daylight,Traffic Control Signal,NONE DETECTED,No,No Apparent Injury,NA,Not Distracted,MD,Passenger Car,Moving Constant Speed,30,No,2022,TESLA,MODEL S,39.03726333,-77.06026133,2025,8,14
250035619,Property Damage Crash,08/10/2025 02:16:00 PM,UNIVERSITY BLVD W,NA,Front to Rear,Clear,Dry,Daylight,Traffic Control Signal,NONE DETECTED,Yes,No Apparent Injury,"Operated Motor Vehicle in Inattentive, Careless, Negligent, or Erratic Manner",Unknown,MD,Passenger Car,Moving Constant Speed,30,No,2023,CHEVROLET,MALIBU,39.03726333,-77.06026133,2025,8,14
250035626,Property Damage Crash,08/10/2025 02:10:00 PM,NA,NA,Front to Rear,Clear,NA,Daylight,NA,NONE DETECTED,No,No Apparent Injury,NA,Unknown,MD,Van - Passenger (&lt;9 Seats),Turning Left,0,No,2008,HONDA,ODYSSEY,39.19988797,-77.25485792,2025,8,14
250035613,Property Damage Crash,08/10/2025 01:04:00 PM,GEORGIA AVE (SB/L),NA,"Sideswipe, Same Direction",Clear,Dry,Daylight,No Controls,NONE DETECTED,No,No Apparent Injury,NA,Not Distracted,MD,Passenger Car,Moving Constant Speed,30,No,2014,TOYOTA,CAMRY,39.03154683,-77.0483825,2025,8,13
250035613,Property Damage Crash,08/10/2025 01:04:00 PM,GEORGIA AVE (SB/L),NA,"Sideswipe, Same Direction",Clear,Dry,Daylight,No Controls,NONE DETECTED,Yes,No Apparent Injury,NA,Not Distracted,MD,Passenger Car,Changing Lanes,30,No,2015,BMW,335I,39.03154683,-77.0483825,2025,8,13
250035604,Injury Crash,08/10/2025 12:22:00 PM,POOKS HILL RD,NA,Single Vehicle,Clear,Dry,Daylight,No Controls,NONE DETECTED,No,Possible Minor Injury,NA,Unknown,MD,Passenger Car,Moving Constant Speed,25,No,2010,TOYOTA,RAV4,39.01548983,-77.10355983,2025,8,12
250035605,Injury Crash,08/10/2025 12:10:00 PM,E FRANKLIN AVE,NA,Rear To Side,Clear,Dry,Daylight,Traffic Control Signal,NONE DETECTED,No,No Apparent Injury,NA,Not Distracted,MD,Passenger Car,Turning Right,25,No,2019,LINCOLN,MKZ,39.01216083,-77.00282443,2025,8,12
250035605,Injury Crash,08/10/2025 12:10:00 PM,E FRANKLIN AVE,NA,Rear To Side,Clear,Dry,Daylight,Traffic Control Signal,NONE DETECTED,Yes,Possible Minor Injury,Disregarded Other Traffic Sign,Not Distracted,MD,Passenger Car,Moving Constant Speed,30,No,2019,NISSAN,KICKS,39.01216083,-77.00282443,2025,8,12
250035602,Property Damage Crash,08/10/2025 11:58:00 AM,ROCKVILLE PIKE,NA,Front to Rear,Clear,Dry,Daylight,Traffic Control Signal,NONE DETECTED,Yes,No Apparent Injury,NA,Not Distracted,NA,Passenger Car,Slowing or Stopping,35,No,2014,FORD,FUSION,39.0304697,-77.10490718,2025,8,11
250035602,Property Damage Crash,08/10/2025 11:58:00 AM,ROCKVILLE PIKE,NA,Front to Rear,Clear,Dry,Daylight,Traffic Control Signal,NONE DETECTED,No,No Apparent Injury,NA,Not Distracted,MD,Passenger Car,Stopped in Traffic,35,No,2022,HYUNDAI,TUCSON,39.0304697,-77.10490718,2025,8,11
250035610,Property Damage Crash,08/10/2025 11:50:00 AM,NA,NA,Other,Clear,NA,Daylight,NA,NONE DETECTED,No,No Apparent Injury,Improper Backing,Unknown,MD,Passenger Car,Backing,0,No,2012,FORD,FOCUS,39.1573633,-77.27536983,2025,8,11
250035599,Property Damage Crash,08/10/2025 11:03:00 AM,GEORGIA AVE,NA,Front to Rear,Clear,Dry,Daylight,No Controls,NONE DETECTED,No,No Apparent Injury,NA,Not Distracted,DC,Bus - Transit,Stopped in Traffic,35,No,2019,NEW FLYER,XCELSIOR,39.03231151,-77.04837676,2025,8,11
250035599,Property Damage Crash,08/10/2025 11:03:00 AM,GEORGIA AVE,NA,Front to Rear,Clear,Dry,Daylight,No Controls,NONE DETECTED,No,NA,NA,NA,NA,NA,Changing Lanes,35,No,0,NA,NA,39.03231151,-77.04837676,2025,8,11
250035590,Property Damage Crash,08/10/2025 10:30:00 AM,ROCKVILLE PIKE (SB/L),NA,"Sideswipe, Same Direction",Clear,Dry,Daylight,Traffic Control Signal,NONE DETECTED,No,No Apparent Injury,NA,Not Distracted,MD,Passenger Car,Turning Left,30,No,2005,LEXUS,TX,39.04472167,-77.11183795,2025,8,10
250035590,Property Damage Crash,08/10/2025 10:30:00 AM,ROCKVILLE PIKE (SB/L),NA,"Sideswipe, Same Direction",Clear,Dry,Daylight,Traffic Control Signal,NONE DETECTED,No,No Apparent Injury,NA,Not Distracted,PA,Pickup,Turning Left,30,No,2014,FORD,F-150,39.04472167,-77.11183795,2025,8,10
250035584,Property Damage Crash,08/10/2025 07:00:00 AM,NA,NA,Single Vehicle,Clear,Dry,Daylight,No Controls,NONE DETECTED,No,No Apparent Injury,Other Improper Action,Not Distracted,NA,Passenger Car,NA,40,No,2013,VOLKSWAGEN,PASSAT,39.167045,-77.17268333,2025,8,7
250035583,Property Damage Crash,08/10/2025 07:00:00 AM,COLUMBIA PIKE (SB/L),NA,Front to Rear,Clear,Dry,Daylight,No Controls,NONE DETECTED,No,No Apparent Injury,NA,Not Distracted,MD,Van - Passenger (&lt;9 Seats),Moving Constant Speed,55,No,2018,TOYOTA,SIENNA,39.09981141,-76.93575206,2025,8,7
250035583,Property Damage Crash,08/10/2025 07:00:00 AM,COLUMBIA PIKE (SB/L),NA,Front to Rear,Clear,Dry,Daylight,No Controls,NONE DETECTED,Yes,No Apparent Injury,Other Improper Action,Unknown,MD,Passenger Car,Moving Constant Speed,55,No,2022,CHEVROLET,MALIBU,39.09981141,-76.93575206,2025,8,7
250035581,Property Damage Crash,08/10/2025 06:20:00 AM,NA,NA,Single Vehicle,Clear,Dry,Daylight,No Controls,NONE DETECTED,No,NA,NA,NA,NA,Passenger Car,Leaving Traffic Lane,30,No,0,NA,NA,39.09272157,-77.07176572,2025,8,6
250035582,Property Damage Crash,08/10/2025 04:50:00 AM,NO NAME,NA,Angle,Cloudy,Dry,Medium,No Controls,NONE DETECTED,No,NA,NA,NA,NA,NA,Moving Constant Speed,25,No,0,NA,NA,39.00230481,-76.98708232,2025,8,4
250035570,Injury Crash,08/10/2025 02:02:00 AM,COLESVILLE RD,NA,Rear To Side,Clear,Dry,Medium,Traffic Control Signal,NONE DETECTED,Yes,No Apparent Injury,Ran Red Light,Unknown,MD,Passenger Car,Moving Constant Speed,35,No,2014,BMW,328I,39.01984983,-77.013002,2025,8,2
250035570,Injury Crash,08/10/2025 02:02:00 AM,COLESVILLE RD,NA,Rear To Side,Clear,Dry,Medium,Traffic Control Signal,NONE DETECTED,No,Possible Minor Injury,NA,Not Distracted,MD,Sport Utility Vehicle,Moving Constant Speed,35,No,2018,GMC,TERRAIN,39.01984983,-77.013002,2025,8,2
250035567,Property Damage Crash,08/10/2025 12:42:00 AM,NA,NA,Angle,Clear,Dry,Medium,Flashing Traffic Control Signal,NONE DETECTED,Yes,No Apparent Injury,NA,Not Distracted,MD,Sport Utility Vehicle,Accelerating,30,No,2014,NISSAN,PATHFINDER,39.17696366,-77.26425807,2025,8,0
250035567,Property Damage Crash,08/10/2025 12:42:00 AM,NA,NA,Angle,Clear,Dry,Medium,Flashing Traffic Control Signal,NONE DETECTED,No,No Apparent Injury,NA,Not Distracted,MD,Passenger Car,Moving Constant Speed,35,No,2020,TOYOTA,COROLLA,39.17696366,-77.26425807,2025,8,0
250035558,Property Damage Crash,08/09/2025 10:30:00 PM,WHITES FERRY RD,NA,Front to Front,Clear,Dry,Dark,No Controls,NONE DETECTED,No,No Apparent Injury,NA,Unknown,MD,Passenger Car,Moving Constant Speed,50,No,2004,HONDA,ACCORD,39.12407917,-77.367634,2025,8,22