Local Case Number,ACRS Report Type,Crash Date/Time,Road Name,Related Non-Motorist,Collision Type,Weather,Surface Condition,Light,Traffic Control,Driver Substance Abuse,Driver At Fault,Injury Severity,Circumstance,Driver Distracted By,Drivers License State,Vehicle Body Type,Vehicle Movement,Speed Limit,Driverless Vehicle,Vehicle Year,Vehicle Make,Vehicle Model,Latitude,Longitude,Year,Month,Hour
250035558,Property Damage Crash,08/09/2025 10:30:00 PM,WHITES FERRY RD,NA,Front to Front,Clear,Dry,Dark,No Controls,NONE DETECTED,No,No Apparent Injury,NA,Not Distracted,MD,Passenger Car,Moving Constant Speed,50,No,2004,TOYOTA,TACOMA,39.12407917,-77.367634,2025,8,22
250035553,Injury Crash,08/09/2025 09:25:00 PM,LAYHILL RD (SB/L),NA,"Sideswipe, Opposite Direction",Clear,Dry,Medium,Traffic Control Signal,NONE DETECTED,No,Possible Minor Injury,NA,Not Distracted,MD,Passenger Car,Moving Constant Speed,35,No,2006,LEXUS,GS,39.09076379,-77.04488119,2025,8,21
250035553,Injury Crash,08/09/2025 09:25:00 PM,LAYHILL RD (SB/L),NA,"Sideswipe, Opposite Direction",Clear,Dry,Medium,Traffic Control Signal,NONE DETECTED,Yes,No Apparent Injury,Failed to Yield Right-of-Way,Unknown,MA,Sport Utility Vehicle,Turning Left,30,No,2018,MINI,COOPER,39.09076379,-77.04488119,2025,8,21
250035544,Fatal Crash,08/09/2025 06:17:00 PM,NA,NA,Other,Clear,Dry,Daylight,No Controls,NONE DETECTED,No,No Apparent Injury,NA,Not Distracted,MD,Passenger Car,Moving Constant Speed,30,No,2013,BMW,128I,39.21918667,-77.0574645,2025,8,18
250035544,Fatal Crash,08/09/2025 06:17:00 PM,NA,NA,Other,Clear,Dry,Daylight,No Controls,NONE DETECTED,Yes,Fatal Injury,NA,Unknown,MD,Motorcycle - 2 Wheeled,Negotiating a Curve,30,No,2006,TRIUMPH,ROCKET III,39.21918667,-77.0574645,2025,8,18
250035538,Property Damage Crash,08/09/2025 06:11:00 PM,WALKERS CHOICE RD,NA,Front to Rear,Clear,Dry,Daylight,Traffic Control Signal,NONE DETECTED,Yes,No Apparent Injury,"Followed Too Closely, Too Fast For Conditions",Unknown,MD,Sport Utility Vehicle,Slowing or Stopping,35,No,2021,HYUNDAI,KONA,39.16151906,-77.20208524,2025,8,18
250035538,Property Damage Crash,08/09/2025 06:11:00 PM,WALKERS CHOICE RD,NA,Front to Rear,Clear,Dry,Daylight,Traffic Control Signal,NONE DETECTED,No,No Apparent Injury,NA,Not Distracted,MD,Passenger Car,Stopped in Traffic,35,No,2011,TOYOTA,COROLLA,39.16151906,-77.20208524,2025,8,18
250035535,Injury Crash,08/09/2025 05:52:00 PM,RAMP 2 FR MD 198 WB TO US 29 NB,NA,Single Vehicle,Clear,Dry,Daylight,Yield Sign,NONE DETECTED,No,Possible Minor Injury,Too Fast For Conditions,"Other Action (looking away from task, etc.)",MD,Motorcycle - 2 Wheeled,Turning Right,40,No,2022,YAMAHA,YZF-R1,39.1119015,-76.92849217,2025,8,17
250035534,Property Damage Crash,08/09/2025 05:36:00 PM,NA,NA,Angle,Clear,NA,Daylight,NA,NONE DETECTED,No,No Apparent Injury,NA,Not Distracted,MD,Pickup,Backing,0,No,2016,GMC,SIERRA,38.99814198,-77.00297324,2025,8,17
250035534,Property Damage Crash,08/09/2025 05:36:00 PM,NA,NA,Angle,Clear,NA,Daylight,NA,NONE DETECTED,No,No Apparent Injury,"Improper Backing, Operated Motor Vehicle in Inattentive, Careless, Negligent, or Erratic Manner",NA,NA,Passenger Car,Backing,0,No,2024,HONDA,CIVIC,38.99814198,-77.00297324,2025,8,17
250035523,Injury Crash,08/09/2025 04:58:00 PM,NA,Scooter (electric),Single Vehicle,Clear,Dry,Daylight,Traffic Control Signal,NONE DETECTED,No,NA,NA,NA,NA,NA,Turning Right,25,No,0,NA,NA,39.05500474,-77.11840446,2025,8,16
250035518,Property Damage Crash,08/09/2025 04:09:00 PM,NA,NA,Front to Rear,Clear,Dry,Daylight,No Controls,NONE DETECTED,Yes,No Apparent Injury,NA,Unknown,FL,Sport Utility Vehicle,Slowing or Stopping,35,No,2014,SUBARU,FORESTER,39.194625,-77.15304833,2025,8,16
250035518,Property Damage Crash,08/09/2025 04:09:00 PM,NA,NA,Front to Rear,Clear,Dry,Daylight,No Controls,NONE DETECTED,No,No Apparent Injury,NA,Not Distracted,MD,Station Wagon,Slowing or Stopping,35,No,2021,SUBARU,CROSSTREK,39.194625,-77.15304833,2025,8,16
250035506,Property Damage Crash,08/09/2025 02:59:00 PM,GOSHEN RD,NA,Angle,Clear,Dry,Daylight,Traffic Control Signal,NONE DETECTED,Yes,No Apparent Injury,Failed to Yield Right-of-Way,Unknown,MD,Sport Utility Vehicle,Turning Left,35,No,2003,FORD,EXPLORER,39.18515575,-77.18753105,2025,8,14
250035506,Property Damage Crash,08/09/2025 02:59:00 PM,GOSHEN RD,NA,Angle,Clear,Dry,Daylight,Traffic Control Signal,NONE DETECTED,No,No Apparent Injury,NA,Not Distracted,MD,Passenger Car,Moving Constant Speed,35,No,2016,TOYOTA,COROLLA,39.18515575,-77.18753105,2025,8,14
250035502,Property Damage Crash,08/09/2025 02:45:00 PM,VEIRS MILL RD,NA,Front to Rear,Clear,Dry,Daylight,Traffic Control Signal,NONE DETECTED,Yes,No Apparent Injury,Too Fast For Conditions,Unknown,MD,Passenger Car,NA,40,No,2010,FORD,F-350,39.05618367,-77.08288317,2025,8,14
250035502,Property Damage Crash,08/09/2025 02:45:00 PM,VEIRS MILL RD,NA,Front to Rear,Clear,Dry,Daylight,Traffic Control Signal,NONE DETECTED,No,No Apparent Injury,NA,Unknown,DE,Passenger Car,NA,40,No,2015,TOYOTA,SIENNA,39.05618367,-77.08288317,2025,8,14
250035496,Property Damage Crash,08/09/2025 02:00:00 PM,PARRISH DR,NA,Single Vehicle,Clear,Dry,Daylight,No Controls,NONE DETECTED,No,No Apparent Injury,"Over-Correcting/Over-Steering, Too Fast For Conditions",Not Distracted,MD,Passenger Car,Moving Constant Speed,25,No,2022,CHEVROLET,4500HD,39.0711187,-77.1294048,2025,8,14
250035497,Injury Crash,08/09/2025 02:00:00 PM,GOSHEN RD,NA,Front to Rear,Clear,Dry,Daylight,Traffic Control Signal,NONE DETECTED,Yes,Possible Minor Injury,"Failed to Keep in Proper Lane, Ran Off Roadway",Unknown,MD,Passenger Car,Moving Constant Speed,35,No,2022,SUBARU,IMPREZA,39.18524502,-77.18746458,2025,8,14
250035497,Injury Crash,08/09/2025 02:00:00 PM,GOSHEN RD,NA,Front to Rear,Clear,Dry,Daylight,No Controls,NONE DETECTED,No,No Apparent Injury,NA,Not Distracted,MD,Passenger Car,Stopped in Traffic,5,No,2013,FORD,FUSION,39.18524502,-77.18746458,2025,8,14
250035491,Property Damage Crash,08/09/2025 01:20:00 PM,ODENDHAL AVE (EB/L),NA,"Sideswipe, Same Direction",Clear,Dry,Daylight,Traffic Control Signal,NONE DETECTED,Yes,No Apparent Injury,Improper Turn,Not Distracted,PA,Single-Unit Truck,Turning Right,30,No,2007,PIERCE MANUFACTURING,AERIAL,39.15072372,-77.20392495,2025,8,13
250035491,Property Damage Crash,08/09/2025 01:20:00 PM,ODENDHAL AVE (EB/L),NA,"Sideswipe, Same Direction",Clear,Dry,Daylight,Traffic Control Signal,NONE DETECTED,No,No Apparent Injury,NA,Not Distracted,MD,Passenger Car,Stopped in Traffic,30,No,2020,HONDA,CR-V,39.15072372,-77.20392495,2025,8,13
250035483,Property Damage Crash,08/09/2025 12:04:00 PM,MIDDLEBROOK RD (WB/L),NA,"Sideswipe, Same Direction",Clear,Dry,Daylight,No Controls,NONE DETECTED,No,No Apparent Injury,NA,Not Distracted,MD,Passenger Car,Moving Constant Speed,35,No,2011,TOYOTA,SIENNA,39.17840485,-77.26662409,2025,8,12
250035483,Property Damage Crash,08/09/2025 12:04:00 PM,MIDDLEBROOK RD (WB/L),NA,"Sideswipe, Same Direction",Clear,Dry,Daylight,No Controls,NONE DETECTED,Yes,No Apparent Injury,Improper Passing,Unknown,US,Passenger Car,Changing Lanes,35,No,2016,FORD,TAURUS,39.17840485,-77.26662409,2025,8,12
25001688,Property Damage Crash,08/09/2025 11:49:00 AM,GEORGIA AVE (SB/L),NA,Front to Front,Clear,Dry,Daylight,No Controls,NONE DETECTED,No,No Apparent Injury,NA,Unknown,MD,Sport Utility Vehicle,Changing Lanes,30,No,2022,TOYOTA,RAV4,39.026705,-77.04669592,2025,8,11
25001688,Property Damage Crash,08/09/2025 11:49:00 AM,GEORGIA AVE (SB/L),NA,Front to Front,Clear,Dry,Daylight,No Controls,NONE DETECTED,No,No Apparent Injury,NA,Not Distracted,MD,Station Wagon,Moving Constant Speed,30,No,2019,FORD,TRANSIT CONNECT,39.026705,-77.04669592,2025,8,11
250035485,Property Damage Crash,08/09/2025 11:47:00 AM,EAST WEST HWY (WB/L),NA,"Sideswipe, Same Direction",Clear,Dry,Daylight,Traffic Control Signal,NONE DETECTED,No,No Apparent Injury,NA,Not Distracted,MD,Passenger Car,Changing Lanes,25,No,2015,TOYOTA,COROLLA,38.98475259,-77.09398112,2025,8,11
250035485,Property Damage Crash,08/09/2025 11:47:00 AM,EAST WEST HWY (WB/L),NA,"Sideswipe, Same Direction",Clear,Dry,Daylight,Traffic Control Signal,NONE DETECTED,No,No Apparent Injury,NA,Not Distracted,MD,Bus - Transit,Moving Constant Speed,25,No,2023,NEW FLYER,XCELSIOR,38.98475259,-77.09398112,2025,8,11
250035466,Property Damage Crash,08/09/2025 10:37:00 AM,ROBINDALE DR,NA,Front to Front,Clear,Dry,Daylight,Traffic Control Signal,NONE DETECTED,No,No Apparent Injury,NA,Not Distracted,MD,Passenger Car,Moving Constant Speed,40,No,2006,FORD,F-250,39.06316705,-77.09469147,2025,8,10
250035466,Property Damage Crash,08/09/2025 10:37:00 AM,ROBINDALE DR,NA,Front to Front,Clear,Dry,Daylight,No Controls,NONE DETECTED,Yes,No Apparent Injury,NA,Not Distracted,MD,Passenger Car,Turning Right,40,No,2017,FORD,EXPLORER,39.06316705,-77.09469147,2025,8,10
250035475,Property Damage Crash,08/09/2025 08:20:00 AM,MT PISGAH RD,NA,Rear To Side,Clear,Dry,Daylight,No Controls,NONE DETECTED,Yes,No Apparent Injury,NA,Unknown,MD,Passenger Car,Backing,25,No,2022,TOYOTA,COROLLA,39.01433285,-76.97728407,2025,8,8
250035449,Injury Crash,08/09/2025 07:59:00 AM,TRAVIS AVE,NA,Front to Front,Clear,Dry,Daylight,Traffic Control Signal,NONE DETECTED,No,Possible Minor Injury,NA,Unknown,MD,Passenger Car,Moving Constant Speed,40,No,2013,HYUNDAI,ELANTRA,39.16133808,-77.22262241,2025,8,7
250035449,Injury Crash,08/09/2025 07:59:00 AM,TRAVIS AVE,NA,Front to Front,Clear,Dry,Daylight,Traffic Control Signal,NONE DETECTED,No,Possible Minor Injury,NA,Not Distracted,MD,Passenger Car,Stopped in Traffic,40,No,2016,TOYOTA,COROLLA,39.16133808,-77.22262241,2025,8,7
250035450,Injury Crash,08/09/2025 07:40:00 AM,INWOOD AVE,NA,Angle,Clear,Dry,Daylight,Traffic Control Signal,NONE DETECTED,No,Possible Minor Injury,NA,Not Distracted,MD,Passenger Car,Moving Constant Speed,35,No,2020,TOYOTA,COROLLA,39.03606473,-77.03637809,2025,8,7
250035450,Injury Crash,08/09/2025 07:40:00 AM,INWOOD AVE,NA,Angle,Clear,Dry,Daylight,Traffic Control Signal,NONE DETECTED,Yes,Possible Minor Injury,NA,Not Distracted,PA,Passenger Car,Turning Left,35,No,2025,HONDA,CIVIC,39.03606473,-77.03637809,2025,8,7
250035444,Property Damage Crash,08/09/2025 06:54:00 AM,URBANA DR,NA,"Sideswipe, Same Direction",Clear,Dry,Daylight,No Controls,NONE DETECTED,No,No Apparent Injury,"Failed to Keep in Proper Lane, Operated Motor Vehicle in Inattentive, Careless, Negligent, or Erratic Manner, Other Improper Action",Unknown,MD,Sport Utility Vehicle,Moving Constant Speed,25,No,2024,ACURA,MDX,39.06113312,-77.05436761,2025,8,6
250035441,Property Damage Crash,08/09/2025 05:15:00 AM,NA,NA,Front to Rear,Clear,NA,Medium,NA,ALCOHOL PRESENT,Yes,No Apparent Injury,NA,Unknown,MD,Sport Utility Vehicle,Moving Constant Speed,0,No,2018,HONDA,CR-V,38.9959665,-77.038263,2025,8,5
250035435,Property Damage Crash,08/09/2025 03:00:00 AM,UNIVERSITY BLVD W,NA,Single Vehicle,Clear,Dry,Medium,No Controls,ALCOHOL PRESENT,No,No Apparent Injury,NA,Not Distracted,MD,Passenger Car,Moving Constant Speed,35,No,2020,TOYOTA,C-HR,39.02598717,-77.020339,2025,8,3
250035432,Property Damage Crash,08/09/2025 02:17:00 AM,HUNGERFORD DR (SB/L),NA,Angle,Clear,Dry,Medium,Flashing Traffic Control Signal,NONE DETECTED,No,No Apparent Injury,NA,Not Distracted,MD,Sport Utility Vehicle,Accelerating,35,No,2009,JEEP,WRANGLER,39.08746333,-77.15012745,2025,8,2
250035432,Property Damage Crash,08/09/2025 02:17:00 AM,HUNGERFORD DR (SB/L),NA,Angle,Clear,Dry,Medium,Flashing Traffic Control Signal,NONE DETECTED,No,No Apparent Injury,NA,Not Distracted,MD,Sport Utility Vehicle,Moving Constant Speed,35,No,2011,INFINITI,EX35,39.08746333,-77.15012745,2025,8,2
250035428,Property Damage Crash,08/09/2025 12:41:00 AM,GEORGIA AVE,NA,"Sideswipe, Same Direction",Clear,Dry,Medium,Traffic Control Signal,ALCOHOL PRESENT,Yes,No Apparent Injury,"Operated Motor Vehicle in Inattentive, Careless, Negligent, or Erratic Manner",Unknown,MD,Passenger Car,Moving Constant Speed,35,No,2014,NISSAN,ALTIMA,39.057882,-77.04987163,2025,8,0
250035428,Property Damage Crash,08/09/2025 12:41:00 AM,GEORGIA AVE,NA,"Sideswipe, Same Direction",Clear,Dry,Medium,Traffic Control Signal,NONE DETECTED,No,No Apparent Injury,NA,Not Distracted,NA,Passenger Car,Stopped in Traffic,35,No,1997,HYUNDAI,SONATA,39.057882,-77.04987163,2025,8,0
250035422,Property Damage Crash,08/08/2025 11:37:00 PM,ROCKVILLE PIKE (SB/L),NA,Front to Rear,Clear,Dry,Medium,Traffic Control Signal,NONE DETECTED,No,No Apparent Injury,NA,Not Distracted,MD,Other Trucks,Accelerating,40,No,2015,KENWORTH,W9 SERIES,39.04196751,-77.11053859,2025,8,23
250035422,Property Damage Crash,08/08/2025 11:37:00 PM,ROCKVILLE PIKE (SB/L),NA,Front to Rear,Clear,Dry,Medium,Traffic Control Signal,ALCOHOL PRESENT,Yes,No Apparent Injury,"Operated Motor Vehicle in Inattentive, Careless, Negligent, or Erratic Manner, Other Improper Action",Unknown,NY,Passenger Car,NA,40,No,2021,DODGE,CHARGER,39.04196751,-77.11053859,2025,8,23
250035409,Property Damage Crash,08/08/2025 09:20:00 PM,GEORGIA AVE,NA,Front to Rear,Clear,Dry,Dark,Traffic Control Signal,NONE DETECTED,No,No Apparent Injury,NA,Not Distracted,MD,Passenger Car,Stopped in Traffic,40,No,2014,ACURA,RDX,39.12522917,-77.0724345,2025,8,21
250035409,Property Damage Crash,08/08/2025 09:20:00 PM,GEORGIA AVE,NA,Front to Rear,Clear,Dry,Dark,Traffic Control Signal,NONE DETECTED,Yes,No Apparent Injury,Too Fast For Conditions,Not Distracted,MD,Passenger Car,Moving Constant Speed,40,No,1994,GMC,RALLY,39.12522917,-77.0724345,2025,8,21
250035410,Property Damage Crash,08/08/2025 08:56:00 PM,LOCKSLEY LA,NA,Front to Rear,Clear,Dry,Medium,Traffic Control Signal,ALCOHOL PRESENT,Yes,No Apparent Injury,NA,Not Distracted,MD,Passenger Car,Moving Constant Speed,35,No,1998,TOYOTA,COROLLA,39.07141983,-77.01124226,2025,8,20
250035410,Property Damage Crash,08/08/2025 08:56:00 PM,LOCKSLEY LA,NA,Front to Rear,Clear,Dry,Medium,Traffic Control Signal,NONE DETECTED,No,No Apparent Injury,NA,Not Distracted,MD,Passenger Car,Stopped in Traffic,35,No,2015,TOYOTA,SIENNA,39.07141983,-77.01124226,2025,8,20
250035406,Property Damage Crash,08/08/2025 08:50:00 PM,GRANDVIEW AVE,Cyclist (non-electric),Single Vehicle,Clear,Dry,Dark,No Controls,NONE DETECTED,No,NA,NA,NA,NA,Passenger Car,Moving Constant Speed,25,No,2020,HONDA,ACCORD,39.0495395,-77.05296483,2025,8,20
250035396,Property Damage Crash,08/08/2025 08:00:00 PM,NA,NA,Angle,Clear,Dry,Medium,No Controls,NONE DETECTED,No,No Apparent Injury,NA,Not Distracted,MD,Passenger Car,Moving Constant Speed,35,No,2024,TOYOTA,PRIUS,39.1535245,-77.21069167,2025,8,20
250035396,Property Damage Crash,08/08/2025 08:00:00 PM,NA,NA,Angle,Clear,Dry,Medium,No Controls,NONE DETECTED,No,No Apparent Injury,"Failed to Yield Right-of-Way, Operated Motor Vehicle in Inattentive, Careless, Negligent, or Erratic Manner",Unknown,MD,Passenger Car,Entering Traffic Lane,15,No,2017,TOYOTA,CAMRY,39.1535245,-77.21069167,2025,8,20
250035393,Property Damage Crash,08/08/2025 07:25:00 PM,GEORGIA AVE (SB/L),NA,Angle,Clear,Dry,Daylight,No Controls,NONE DETECTED,No,No Apparent Injury,NA,Not Distracted,MD,Passenger Car,Moving Constant Speed,35,No,2017,TOYOTA,SIENNA,39.03040023,-77.04790778,2025,8,19
250035393,Property Damage Crash,08/08/2025 07:25:00 PM,GEORGIA AVE (SB/L),NA,Angle,Clear,Dry,Daylight,No Controls,ALCOHOL PRESENT,Yes,No Apparent Injury,NA,Unknown,MD,Passenger Car,Changing Lanes,35,No,2018,DODGE,CHARGER,39.03040023,-77.04790778,2025,8,19
250035390,Injury Crash,08/08/2025 06:30:00 PM,FREDERICK RD (SB/L),NA,Front to Rear,Clear,Dry,Daylight,No Controls,NONE DETECTED,Yes,No Apparent Injury,NA,"Other Action (looking away from task, etc.)",DC,Passenger Car,Slowing or Stopping,40,No,2007,TOYOTA,CAMRY,39.10677581,-77.15875185,2025,8,18
250035390,Injury Crash,08/08/2025 06:30:00 PM,FREDERICK RD (SB/L),NA,Front to Rear,Clear,Dry,Daylight,No Controls,NONE DETECTED,No,Possible Minor Injury,NA,Not Distracted,MD,Sport Utility Vehicle,Slowing or Stopping,40,No,2020,ACURA,MDX,39.10677581,-77.15875185,2025,8,18
250035377,Property Damage Crash,08/08/2025 05:36:00 PM,NA,NA,Single Vehicle,Clear,NA,Daylight,NA,NONE DETECTED,No,No Apparent Injury,NA,Not Distracted,MD,Sport Utility Vehicle,Accelerating,0,No,2025,DODGE,DURANGO,39.08174259,-77.1496869,2025,8,17
250035379,Injury Crash,08/08/2025 05:29:00 PM,MACARTHUR BLVD,NA,Front to Front,Clear,Dry,Daylight,No Controls,NONE DETECTED,Yes,Possible Minor Injury,NA,Unknown,MD,Sport Utility Vehicle,Moving Constant Speed,30,No,2025,FORD,BRONCO SPORT,38.97888067,-77.21132983,2025,8,17
250035379,Injury Crash,08/08/2025 05:29:00 PM,MACARTHUR BLVD,NA,Front to Front,Clear,Dry,Daylight,No Controls,NONE DETECTED,No,Possible Minor Injury,NA,Not Distracted,MD,Passenger Car,Moving Constant Speed,30,No,2013,MERCEDES-BENZ,S-CLASS,38.97888067,-77.21132983,2025,8,17
250035378,Property Damage Crash,08/08/2025 05:25:00 PM,MT VERNON AVE,NA,Angle,Clear,Dry,Daylight,Stop Sign,NONE DETECTED,Yes,No Apparent Injury,Failed to Yield Right-of-Way,Not Distracted,MD,Passenger Car,Turning Left,30,No,2016,CHEVROLET,MALIBU LIMITED,39.283645,-77.20194333,2025,8,17
250035378,Property Damage Crash,08/08/2025 05:25:00 PM,MT VERNON AVE,NA,Angle,Clear,Dry,Daylight,No Controls,NONE DETECTED,No,No Apparent Injury,NA,Not Distracted,MD,Sport Utility Vehicle,Stopped in Traffic,30,No,2023,BUICK,ENVISION,39.283645,-77.20194333,2025,8,17
250035378,Property Damage Crash,08/08/2025 05:25:00 PM,MT VERNON AVE,NA,Angle,Clear,Dry,Daylight,No Controls,NONE DETECTED,No,No Apparent Injury,NA,Not Distracted,MD,Sport Utility Vehicle,Moving Constant Speed,30,No,2020,NISSAN,MURANO,39.283645,-77.20194333,2025,8,17
250035376,Property Damage Crash,08/08/2025 05:11:00 PM,CONNECTICUT AVE,NA,"Sideswipe, Same Direction",Clear,Dry,Daylight,No Controls,NONE DETECTED,No,No Apparent Injury,NA,Not Distracted,MD,Van - Cargo,Moving Constant Speed,30,No,2018,RAM,PROMASTER 2500,38.97715524,-77.07710578,2025,8,17
250035376,Property Damage Crash,08/08/2025 05:11:00 PM,CONNECTICUT AVE,NA,"Sideswipe, Same Direction",Clear,Dry,Daylight,No Controls,NONE DETECTED,No,No Apparent Injury,NA,Not Distracted,VA,Single-Unit Truck,Moving Constant Speed,30,No,2014,FORD,E-450,38.97715524,-77.07710578,2025,8,17
250035367,Injury Crash,08/08/2025 04:30:00 PM,COLUMBIA PIKE,NA,Front to Rear,Clear,Dry,Daylight,No Controls,NONE DETECTED,No,Possible Minor Injury,NA,Not Distracted,DC,Passenger Car,Slowing or Stopping,45,No,2020,FORD,MUSTANG,39.05204305,-76.97792157,2025,8,16
250035366,Property Damage Crash,08/08/2025 04:30:00 PM,GRACE CHURCH RD,NA,Angle,Clear,Dry,Daylight,Stop Sign,NONE DETECTED,Yes,No Apparent Injury,NA,Not Distracted,MD,Passenger Car,Turning Left,30,No,2023,HYUNDAI,KONA ELECTRIC,39.00400533,-77.04099664,2025,8,16
250035366,Property Damage Crash,08/08/2025 04:30:00 PM,GRACE CHURCH RD,NA,Angle,Clear,Dry,Daylight,No Controls,NONE DETECTED,No,No Apparent Injury,NA,Not Distracted,MD,Bus - Transit,Moving Constant Speed,30,No,2021,GILLIG,LOW FLOOR BUS,39.00400533,-77.04099664,2025,8,16
250035367,Injury Crash,08/08/2025 04:30:00 PM,COLUMBIA PIKE,NA,Front to Rear,Clear,Dry,Daylight,No Controls,NONE DETECTED,Yes,Possible Minor Injury,"Operated Motor Vehicle in Inattentive, Careless, Negligent, or Erratic Manner",Not Distracted,NA,Passenger Car,Moving Constant Speed,45,No,2021,NISSAN,SENTRA,39.05204305,-76.97792157,2025,8,16
250035362,Injury Crash,08/08/2025 04:19:00 PM,OLD COLUMBIA PIKE (SB/L),NA,Front to Rear,Clear,Dry,Daylight,Traffic Control Signal,NONE DETECTED,Yes,No Apparent Injury,NA,"Other Action (looking away from task, etc.)",MD,Sport Utility Vehicle,Moving Constant Speed,45,No,2022,HONDA,CR-V,39.1162545,-76.93312333,2025,8,16
250035362,Injury Crash,08/08/2025 04:19:00 PM,OLD COLUMBIA PIKE (SB/L),NA,Front to Rear,Clear,Dry,Daylight,Flashing Traffic Control Signal,NONE DETECTED,No,Possible Minor Injury,NA,Not Distracted,MD,Motorcycle - 2 Wheeled,Moving Constant Speed,45,No,2011,HARLEY-DAVIDSON,DYNA FAT BOB,39.1162545,-76.93312333,2025,8,16
250035358,Property Damage Crash,08/08/2025 03:33:00 PM,CONNECTICUT AVE,NA,Angle,Clear,Dry,Daylight,No Controls,NONE DETECTED,No,No Apparent Injury,NA,Not Distracted,MD,Passenger Car,Moving Constant Speed,30,No,2020,CHEVROLET,MALIBU,38.985557,-77.07707883,2025,8,15
250035358,Property Damage Crash,08/08/2025 03:33:00 PM,CONNECTICUT AVE,NA,Angle,Clear,Dry,Daylight,No Controls,NONE DETECTED,No,No Apparent Injury,NA,Not Distracted,VA,Passenger Car,Moving Constant Speed,30,No,2018,VOLVO,XC60,38.985557,-77.07707883,2025,8,15
250035352,Property Damage Crash,08/08/2025 03:26:00 PM,CONNECTICUT AVE,NA,Front to Rear,Clear,Dry,Daylight,No Controls,NONE DETECTED,Yes,No Apparent Injury,NA,Not Distracted,MD,Passenger Car,Moving Constant Speed,35,No,2010,HYUNDAI,ELANTRA,39.0897455,-77.07162617,2025,8,15
250035352,Property Damage Crash,08/08/2025 03:26:00 PM,CONNECTICUT AVE,NA,Front to Rear,Clear,Dry,Daylight,No Controls,NONE DETECTED,No,No Apparent Injury,NA,Not Distracted,MD,Passenger Car,Slowing or Stopping,35,No,2007,FORD,FUSION,39.0897455,-77.07162617,2025,8,15
250035355,Property Damage Crash,08/08/2025 02:59:00 PM,NA,NA,Front to Rear,Clear,NA,Daylight,NA,NONE DETECTED,Yes,No Apparent Injury,NA,Not Distracted,MD,Passenger Car,Accelerating,0,No,2018,TOYOTA,SIENNA,39.173078,-77.26742328,2025,8,14
250035337,Property Damage Crash,08/08/2025 01:52:00 PM,MIDDLEBROOK RD,NA,"Sideswipe, Same Direction",Clear,Dry,Daylight,No Controls,NONE DETECTED,Yes,No Apparent Injury,Failed to Keep in Proper Lane,Not Distracted,MD,Passenger Car,Moving Constant Speed,40,No,2012,KIA,SOUL,39.17513843,-77.25752217,2025,8,13
250035337,Property Damage Crash,08/08/2025 01:52:00 PM,MIDDLEBROOK RD,NA,"Sideswipe, Same Direction",Clear,Dry,Daylight,No Controls,NONE DETECTED,Yes,No Apparent Injury,Failed to Keep in Proper Lane,Not Distracted,MD,Passenger Car,Moving Constant Speed,40,No,2020,CHEVROLET,TRAX,39.17513843,-77.25752217,2025,8,13
250035319,Injury Crash,08/08/2025 11:39:00 AM,MUNCASTER MILL RD,NA,Angle,Clear,Dry,Daylight,Traffic Control Signal,NONE DETECTED,No,Possible Minor Injury,NA,Not Distracted,MD,Passenger Car,Moving Constant Speed,40,No,2024,TOYOTA,HIGHLANDER,39.13281532,-77.12153225,2025,8,11
250035319,Injury Crash,08/08/2025 11:39:00 AM,MUNCASTER MILL RD,NA,Angle,Clear,Dry,Daylight,Traffic Control Signal,NONE DETECTED,Yes,No Apparent Injury,Failed to Yield Right-of-Way,Not Distracted,MD,Passenger Car,Turning Left,40,No,2018,LEXUS,NX,39.13281532,-77.12153225,2025,8,11