Local Case Number,ACRS Report Type,Crash Date/Time,Road Name,Related Non-Motorist,Collision Type,Weather,Surface Condition,Light,Traffic Control,Driver Substance Abuse,Driver At Fault,Injury Severity,Circumstance,Driver Distracted By,Drivers License State,Vehicle Body Type,Vehicle Movement,Speed Limit,Driverless Vehicle,Vehicle Year,Vehicle Make,Vehicle Model,Latitude,Longitude,Year,Month,Hour
250035310,Property Damage Crash,08/08/2025 11:15:00 AM,DEMOCRACY BLVD (EB/L),NA,Angle,Clear,Dry,Daylight,Traffic Control Signal,NONE DETECTED,Yes,No Apparent Injury,NA,"Other Action (looking away from task, etc.)",MD,Passenger Car,Moving Constant Speed,35,No,2009,SUZUKI,SX4,39.02140391,-77.1411426,2025,8,11
250035310,Property Damage Crash,08/08/2025 11:15:00 AM,DEMOCRACY BLVD (EB/L),NA,Angle,Clear,Dry,Daylight,Traffic Control Signal,NONE DETECTED,No,No Apparent Injury,NA,Not Distracted,MD,Passenger Car,Turning Left,35,No,2022,SUBARU,CROSSTREK,39.02140391,-77.1411426,2025,8,11
250035303,Property Damage Crash,08/08/2025 11:10:00 AM,NA,NA,Front to Front,Clear,Dry,Daylight,Traffic Control Signal,NONE DETECTED,No,No Apparent Injury,NA,Not Distracted,MD,Passenger Car,Moving Constant Speed,40,No,2017,TOYOTA,RAV4,39.12632138,-77.21153104,2025,8,11
250035303,Property Damage Crash,08/08/2025 11:10:00 AM,NA,NA,Front to Front,Clear,Dry,Daylight,Traffic Control Signal,NONE DETECTED,No,No Apparent Injury,NA,Not Distracted,MD,Passenger Car,Turning Left,40,No,2022,TESLA,MODEL 3,39.12632138,-77.21153104,2025,8,11
250035294,Injury Crash,08/08/2025 10:02:00 AM,FALLS RD,NA,"Sideswipe, Opposite Direction",Clear,Dry,Daylight,No Controls,NONE DETECTED,No,No Apparent Injury,NA,Not Distracted,MD,Passenger Car,Turning Right,35,No,2021,NISSAN,KICKS,39.04665276,-77.1910071,2025,8,10
250035294,Injury Crash,08/08/2025 10:02:00 AM,FALLS RD,NA,"Sideswipe, Opposite Direction",Clear,Dry,Daylight,No Controls,NONE DETECTED,No,Possible Minor Injury,NA,Not Distracted,VA,Passenger Car,Moving Constant Speed,35,No,2024,NISSAN,ROGUE,39.04665276,-77.1910071,2025,8,10
250035294,Injury Crash,08/08/2025 10:02:00 AM,FALLS RD,NA,"Sideswipe, Opposite Direction",Clear,Dry,Daylight,No Controls,NONE DETECTED,Yes,Possible Minor Injury,"Disregarded Other Road Markings, Failed to Keep in Proper Lane",Not Distracted,MD,Passenger Car,Moving Constant Speed,35,No,2021,TESLA,MODEL Y,39.04665276,-77.1910071,2025,8,10
250035293,Injury Crash,08/08/2025 09:58:00 AM,FREDERICK RD (SB/L),NA,"Sideswipe, Same Direction",Clear,Dry,Daylight,No Controls,NONE DETECTED,No,Possible Minor Injury,NA,Not Distracted,MD,Sport Utility Vehicle,Moving Constant Speed,45,No,2025,NISSAN,PATHFINDER,39.20742333,-77.24691617,2025,8,9
250035293,Injury Crash,08/08/2025 09:58:00 AM,FREDERICK RD (SB/L),NA,"Sideswipe, Same Direction",Clear,Dry,Daylight,No Controls,NONE DETECTED,Yes,No Apparent Injury,"Failed to Keep in Proper Lane, Failed to Yield Right-of-Way","Other Action (looking away from task, etc.)",MD,Passenger Car,Changing Lanes,45,No,2013,HYUNDAI,GENESIS COUPE,39.20742333,-77.24691617,2025,8,9
250035295,Property Damage Crash,08/08/2025 09:37:00 AM,EXECUTIVE BLVD (SB/L),NA,Angle,Clear,Dry,Daylight,No Controls,NONE DETECTED,Yes,No Apparent Injury,Other Improper Action,Not Distracted,VA,Passenger Car,Entering Traffic Lane,25,No,2020,FORD,TRANSIT CONNECT,39.04331018,-77.11173523,2025,8,9
250035295,Property Damage Crash,08/08/2025 09:37:00 AM,EXECUTIVE BLVD (SB/L),NA,Angle,Clear,Dry,Daylight,No Controls,NONE DETECTED,No,No Apparent Injury,NA,Not Distracted,MD,Passenger Car,Moving Constant Speed,25,No,2023,VOLKSWAGEN,JETTA,39.04331018,-77.11173523,2025,8,9
250035273,Injury Crash,08/08/2025 07:01:00 AM,NA,NA,Angle,Clear,Dry,Daylight,No Controls,NONE DETECTED,No,Possible Minor Injury,NA,Not Distracted,MD,Passenger Car,Moving Constant Speed,35,No,2018,JEEP,COMPASS,39.0422175,-77.159591,2025,8,7
250035273,Injury Crash,08/08/2025 07:01:00 AM,NA,NA,Angle,Clear,Dry,Daylight,No Controls,NONE DETECTED,Yes,Possible Minor Injury,"Failed to Yield Right-of-Way, Improper Turn",Not Distracted,MD,Passenger Car,Making U-Turn,35,No,2015,LEXUS,IS,39.0422175,-77.159591,2025,8,7
250035269,Injury Crash,08/08/2025 06:00:00 AM,NA,NA,Angle,Clear,Dry,Medium,No Controls,NONE DETECTED,Yes,No Apparent Injury,NA,Not Distracted,MD,Passenger Car,Entering Traffic Lane,35,No,2013,HONDA,ACCORD,39.153566,-77.15346617,2025,8,6
250035269,Injury Crash,08/08/2025 06:00:00 AM,NA,NA,Angle,Clear,Dry,Medium,No Controls,NONE DETECTED,No,Possible Minor Injury,NA,Not Distracted,MD,Motorcycle - 2 Wheeled,Moving Constant Speed,35,No,2017,YAMAHA,YZF-R6,39.153566,-77.15346617,2025,8,6
250035265,Injury Crash,08/08/2025 03:30:00 AM,LAYHILL RD,NA,Single Vehicle,Clear,Dry,Dark,No Controls,NONE DETECTED,Yes,Possible Minor Injury,NA,Not Distracted,NA,Motorcycle - 2 Wheeled,Moving Constant Speed,35,No,2006,SUZUKI,GSX-R750,39.10937557,-77.03709713,2025,8,3
250035263,Property Damage Crash,08/08/2025 02:17:00 AM,WOODEDGE RD,NA,Other,Clear,Dry,Medium,No Controls,NONE DETECTED,No,No Apparent Injury,NA,Not Distracted,MD,Pickup,Slowing or Stopping,25,No,2022,GMC,SIERRA,39.072646400000004,-77.05506375,2025,8,2
250035263,Property Damage Crash,08/08/2025 02:17:00 AM,WOODEDGE RD,NA,Other,Clear,Dry,Medium,No Controls,NONE DETECTED,Yes,No Apparent Injury,Improper Backing,Unknown,NA,Passenger Car,Backing,25,No,2012,LINCOLN,MKZ,39.072646400000004,-77.05506375,2025,8,2
250035260,Property Damage Crash,08/08/2025 02:00:00 AM,GEORGIA AVE (SB/L),NA,Front to Rear,Clear,Dry,Medium,Pedestrian Crossing,NONE DETECTED,No,No Apparent Injury,NA,Not Distracted,VA,Single-Unit Truck,Turning Right,30,No,1983,PETERBILT,372,38.99596433,-77.02805767,2025,8,2
250035260,Property Damage Crash,08/08/2025 02:00:00 AM,GEORGIA AVE (SB/L),NA,Front to Rear,Clear,Dry,Medium,Traffic Control Signal,NONE DETECTED,No,No Apparent Injury,NA,Not Distracted,MD,Passenger Car,Turning Right,30,No,2022,HYUNDAI,ELANTRA,38.99596433,-77.02805767,2025,8,2
250035259,Property Damage Crash,08/08/2025 01:49:00 AM,DUSTIN RD,NA,Single Vehicle,Clear,Dry,Medium,No Controls,NONE DETECTED,No,No Apparent Injury,Failed to Keep in Proper Lane,Unknown,NA,Sport Utility Vehicle,NA,20,No,2008,HONDA,CR-V,39.1224885,-76.9263375,2025,8,1
250035246,Property Damage Crash,08/07/2025 09:30:00 PM,NO NAME,NA,Single Vehicle,Clear,Dry,Dark,No Controls,NONE DETECTED,No,No Apparent Injury,NA,Not Distracted,MD,Other Trucks,Turning Right,10,No,2015,SEAGRAVE,CHASSIS ONLY,39.03507788,-77.07028948,2025,8,21
250035243,Injury Crash,08/07/2025 09:27:00 PM,NA,NA,Angle,Clear,Dry,Medium,Traffic Control Signal,NONE DETECTED,No,Possible Minor Injury,NA,Not Distracted,MD,Passenger Car,Moving Constant Speed,35,No,2023,MAZDA,CX-5,39.02650289,-77.14398478,2025,8,21
250035243,Injury Crash,08/07/2025 09:27:00 PM,NA,NA,Angle,Clear,Dry,Medium,Traffic Control Signal,NONE DETECTED,No,No Apparent Injury,NA,Not Distracted,MD,Passenger Car,Moving Constant Speed,35,No,2018,TESLA,MODEL 3,39.02650289,-77.14398478,2025,8,21
250035270,Injury Crash,08/07/2025 08:45:00 PM,REEDIE DR,Pedestrian,Single Vehicle,Clear,Dry,Medium,Pedestrian Crossing Sign,NONE DETECTED,Yes,No Apparent Injury,NA,Not Distracted,MD,Passenger Car,Turning Left,25,No,2014,CHEVROLET,MALIBU,39.03859966,-77.05071892,2025,8,20
250035238,Property Damage Crash,08/07/2025 08:38:00 PM,NA,NA,Single Vehicle,Clear,Dry,Medium,No Controls,NONE DETECTED,Yes,No Apparent Injury,Other Improper Action,Unknown,MD,Passenger Car,Moving Constant Speed,25,No,2014,JEEP,PATRIOT,39.1009922,-77.07562776,2025,8,20
250035239,Property Damage Crash,08/07/2025 08:36:00 PM,GERMANTOWN RD (SB/L),NA,Rear To Side,Clear,Dry,Medium,Traffic Control Signal,NONE DETECTED,No,No Apparent Injury,NA,Not Distracted,MD,Passenger Car,Accelerating,40,No,2018,HONDA,CIVIC,39.19226531,-77.242608,2025,8,20
250035239,Property Damage Crash,08/07/2025 08:36:00 PM,GERMANTOWN RD (SB/L),NA,Rear To Side,Clear,Dry,Medium,Traffic Control Signal,NONE DETECTED,No,No Apparent Injury,NA,Not Distracted,MD,Passenger Car,Turning Left,45,No,2014,CHEVROLET,TAHOE,39.19226531,-77.242608,2025,8,20
250035241,Property Damage Crash,08/07/2025 08:34:00 PM,NA,NA,Other,Clear,NA,Medium,NA,ALCOHOL PRESENT,Yes,No Apparent Injury,Improper Backing,Unknown,NA,Sport Utility Vehicle,Backing,0,No,2017,LAND ROVER,RANGE ROVER SPORT,39.0575869,-77.12535799,2025,8,20
250035251,Property Damage Crash,08/07/2025 08:27:00 PM,GRACEFIELD RD,NA,Front to Rear,Clear,Dry,Dark,No Controls,NONE DETECTED,No,NA,NA,NA,NA,NA,Moving Constant Speed,25,No,0,NA,NA,39.055284,-76.95038767,2025,8,20
250035251,Property Damage Crash,08/07/2025 08:27:00 PM,GRACEFIELD RD,NA,Front to Rear,Clear,Dry,Dark,No Controls,NONE DETECTED,No,No Apparent Injury,NA,Not Distracted,MD,Passenger Car,Moving Constant Speed,25,No,2018,HONDA,ACCORD,39.055284,-76.95038767,2025,8,20
250035228,Property Damage Crash,08/07/2025 07:20:00 PM,GLEN AVE,NA,"Sideswipe, Same Direction",Clear,Dry,Daylight,No Controls,NONE DETECTED,Yes,No Apparent Injury,NA,Not Distracted,MD,Passenger Car,Turning Left,30,No,2014,TOYOTA,CAMRY,39.01493495,-77.05427117,2025,8,19
250035228,Property Damage Crash,08/07/2025 07:20:00 PM,GLEN AVE,NA,"Sideswipe, Same Direction",Clear,Dry,Daylight,No Controls,NONE DETECTED,No,No Apparent Injury,NA,Not Distracted,MD,Passenger Car,Turning Left,30,No,2017,TOYOTA,SIENNA,39.01493495,-77.05427117,2025,8,19
250035227,Property Damage Crash,08/07/2025 06:39:00 PM,PINEY BRANCH RD (SB/L),NA,"Sideswipe, Same Direction",Clear,Dry,Daylight,No Controls,NONE DETECTED,Yes,No Apparent Injury,Failed to Yield Right-of-Way,Unknown,NA,Passenger Car,Changing Lanes,35,No,2019,TOYOTA,CAMRY,38.99940092,-76.99668762,2025,8,18
250035227,Property Damage Crash,08/07/2025 06:39:00 PM,PINEY BRANCH RD (SB/L),NA,"Sideswipe, Same Direction",Clear,Dry,Daylight,No Controls,NONE DETECTED,No,No Apparent Injury,NA,Not Distracted,MD,Passenger Car,Moving Constant Speed,35,No,2019,TOYOTA,CAMRY,38.99940092,-76.99668762,2025,8,18
250035213,Injury Crash,08/07/2025 06:14:00 PM,BRADFORD RD,NA,Angle,Clear,Dry,Daylight,Stop Sign,NONE DETECTED,Yes,No Apparent Injury,NA,Not Distracted,MD,Passenger Car,Entering Traffic Lane,30,No,2011,ACURA,MDX,38.99837985,-77.00695797,2025,8,18
250035213,Injury Crash,08/07/2025 06:14:00 PM,BRADFORD RD,NA,Angle,Clear,Dry,Daylight,No Controls,NONE DETECTED,No,No Apparent Injury,NA,Not Distracted,MD,Passenger Car,Moving Constant Speed,30,No,2014,JEEP,GRAND CHEROKEE,38.99837985,-77.00695797,2025,8,18
250035216,Property Damage Crash,08/07/2025 06:12:00 PM,KEMPTOWN RD,NA,Angle,Clear,Dry,Daylight,No Controls,NONE DETECTED,No,No Apparent Injury,NA,Not Distracted,MD,Passenger Car,Turning Left,40,No,2015,MAZDA,MAZDA6,39.328545,-77.21302667,2025,8,18
250035216,Property Damage Crash,08/07/2025 06:12:00 PM,KEMPTOWN RD,NA,Angle,Clear,Dry,Daylight,No Controls,NONE DETECTED,Yes,No Apparent Injury,Improper Passing,Not Distracted,MD,Passenger Car,Overtaking/Passing,40,No,2008,HONDA,ACCORD,39.328545,-77.21302667,2025,8,18
250035196,Property Damage Crash,08/07/2025 05:10:00 PM,SPRING ST (EB/L),NA,"Sideswipe, Opposite Direction",Clear,Dry,Daylight,Traffic Control Signal,NONE DETECTED,No,No Apparent Injury,NA,Not Distracted,MD,Passenger Car,Turning Right,35,No,2020,TOYOTA,COROLLA,38.99941734,-77.03174244,2025,8,17
250035196,Property Damage Crash,08/07/2025 05:10:00 PM,SPRING ST (EB/L),NA,"Sideswipe, Opposite Direction",Clear,Dry,Daylight,Traffic Control Signal,NONE DETECTED,No,NA,NA,NA,NA,Passenger Car,Turning Right,35,No,2020,DODGE,CHARGER,38.99941734,-77.03174244,2025,8,17
250035197,Injury Crash,08/07/2025 04:59:00 PM,COLUMBIA PIKE,NA,Front to Rear,Clear,Dry,Daylight,No Controls,NONE DETECTED,No,No Apparent Injury,NA,Not Distracted,MD,Passenger Car,Slowing or Stopping,50,No,2014,TOYOTA,PRIUS V,39.05351117,-76.9756345,2025,8,16
250035197,Injury Crash,08/07/2025 04:59:00 PM,COLUMBIA PIKE,NA,Front to Rear,Clear,Dry,Daylight,No Controls,NONE DETECTED,No,Possible Minor Injury,NA,Not Distracted,MD,Sport Utility Vehicle,Slowing or Stopping,50,No,2025,LAND ROVER,RANGE ROVER SPORT,39.05351117,-76.9756345,2025,8,16
250035197,Injury Crash,08/07/2025 04:59:00 PM,COLUMBIA PIKE,NA,Front to Rear,Clear,Dry,Daylight,No Controls,NONE DETECTED,Yes,No Apparent Injury,NA,Not Distracted,MD,Passenger Car,Moving Constant Speed,50,No,2008,LEXUS,ES,39.05351117,-76.9756345,2025,8,16
250035211,Injury Crash,08/07/2025 04:12:00 PM,COLUMBIA PIKE (SB/L),NA,Front to Rear,Clear,Dry,Daylight,Traffic Control Signal,NONE DETECTED,Yes,Possible Minor Injury,NA,Not Distracted,MD,Passenger Car,Slowing or Stopping,30,No,2006,NISSAN,MAXIMA,39.04665429,-76.98690825,2025,8,16
250035211,Injury Crash,08/07/2025 04:12:00 PM,COLUMBIA PIKE (SB/L),NA,Front to Rear,Clear,Dry,Daylight,Traffic Control Signal,NONE DETECTED,No,No Apparent Injury,NA,Not Distracted,MD,Passenger Car,Slowing or Stopping,30,No,2007,LEXUS,ES,39.04665429,-76.98690825,2025,8,16
250035185,Injury Crash,08/07/2025 03:58:00 PM,ALLEY,Pedestrian,Single Vehicle,Clear,Dry,Daylight,Lane Use Control Signal,NONE DETECTED,No,No Apparent Injury,NA,Not Distracted,MD,Sport Utility Vehicle,Slowing or Stopping,35,No,2021,TOYOTA,RAV4,38.99689433,-77.02804904,2025,8,15
250035174,Property Damage Crash,08/07/2025 03:17:00 PM,N WASHINGTON ST,NA,"Sideswipe, Same Direction",Clear,Dry,Daylight,Traffic Control Signal,NONE DETECTED,No,No Apparent Injury,NA,Unknown,MD,Pickup,Turning Left,25,No,2003,FORD,F-350,39.09151989,-77.15355859,2025,8,15
250035174,Property Damage Crash,08/07/2025 03:17:00 PM,N WASHINGTON ST,NA,"Sideswipe, Same Direction",Clear,Dry,Daylight,Traffic Control Signal,NONE DETECTED,No,No Apparent Injury,NA,Unknown,MD,Passenger Car,Accelerating,20,No,2025,VOLVO,XC90,39.09151989,-77.15355859,2025,8,15
250035171,Injury Crash,08/07/2025 03:05:00 PM,GEORGIA AVE (SB/L),NA,"Sideswipe, Same Direction",Clear,Dry,Daylight,No Controls,NONE DETECTED,Yes,Possible Minor Injury,NA,Not Distracted,MD,Passenger Car,Changing Lanes,30,No,2012,ACURA,MDX,39.01587903,-77.04283536,2025,8,15
250035171,Injury Crash,08/07/2025 03:05:00 PM,GEORGIA AVE (SB/L),NA,"Sideswipe, Same Direction",Clear,Dry,Daylight,No Controls,NONE DETECTED,No,No Apparent Injury,NA,Not Distracted,MD,Passenger Car,Moving Constant Speed,30,No,2016,NISSAN,ROGUE,39.01587903,-77.04283536,2025,8,15
250035161,Fatal Crash,08/07/2025 02:11:00 PM,KARA LA,Cyclist (non-electric),Single Vehicle,Clear,Dry,Daylight,Stop Sign,NONE DETECTED,Yes,No Apparent Injury,NA,Unknown,MD,Sport Utility Vehicle,Turning Right,25,No,2024,MINI,COUNTRYMAN,39.07554986,-77.00037267,2025,8,14
250035142,Injury Crash,08/07/2025 12:30:00 PM,SAM EIG HWY,NA,Angle,Clear,Dry,Daylight,No Controls,NONE DETECTED,No,Possible Minor Injury,NA,Not Distracted,MD,Passenger Car,Changing Lanes,35,No,2017,TOYOTA,COROLLA,39.11534715,-77.20883952,2025,8,12
250035142,Injury Crash,08/07/2025 12:30:00 PM,SAM EIG HWY,NA,Angle,Clear,Dry,Daylight,No Controls,NONE DETECTED,No,No Apparent Injury,NA,Not Distracted,MD,Other,Accelerating,35,No,2017,PETERBILT,389,39.11534715,-77.20883952,2025,8,12
250035125,Injury Crash,08/07/2025 10:50:00 AM,NA,NA,Front to Front,Clear,Dry,Daylight,No Controls,NONE DETECTED,No,No Apparent Injury,NA,Not Distracted,NA,Passenger Car,Accelerating,15,No,2016,JEEP,COMPASS,39.08766134,-77.0634283,2025,8,10
250035125,Injury Crash,08/07/2025 10:50:00 AM,NA,NA,Front to Front,Clear,Dry,Daylight,No Controls,NONE DETECTED,No,Possible Minor Injury,NA,Not Distracted,MD,Passenger Car,Parked,15,No,2021,CHEVROLET,EQUINOX,39.08766134,-77.0634283,2025,8,10
250035117,Property Damage Crash,08/07/2025 09:54:00 AM,NA,NA,Single Vehicle,Clear,Dry,Daylight,No Controls,NONE DETECTED,Yes,No Apparent Injury,NA,Not Distracted,MD,Passenger Car,Moving Constant Speed,40,No,2023,HYUNDAI,SONATA,39.09186529,-77.19132396,2025,8,9
250035115,Injury Crash,08/07/2025 09:29:00 AM,RIDGE RD,NA,Front to Rear,Clear,Dry,Daylight,No Controls,NONE DETECTED,Yes,No Apparent Injury,Followed Too Closely,Not Distracted,MD,Pickup,Moving Constant Speed,40,No,2018,FORD,F-150,39.19865,-77.26173667,2025,8,9
250035115,Injury Crash,08/07/2025 09:29:00 AM,RIDGE RD,NA,Front to Rear,Clear,Dry,Daylight,No Controls,NONE DETECTED,No,No Apparent Injury,NA,Not Distracted,MD,Van - Passenger (&lt;9 Seats),Moving Constant Speed,40,No,2025,KIA,CARNIVAL,39.19865,-77.26173667,2025,8,9
250035111,Fatal Crash,08/07/2025 07:44:00 AM,SHERWOOD FOREST DR,NA,Other,Clear,Dry,Daylight,No Controls,NONE DETECTED,No,Suspected Serious Injury,NA,Unknown,MD,Sport Utility Vehicle,Turning Left,40,No,2011,TOYOTA,4-RUNNER,39.07323054,-77.00840945,2025,8,7
250035111,Fatal Crash,08/07/2025 07:44:00 AM,SHERWOOD FOREST DR,NA,Other,Clear,Dry,Daylight,No Controls,NONE DETECTED,No,No Apparent Injury,NA,Not Distracted,MD,Sport Utility Vehicle,Accelerating,40,No,2025,BUICK,ENVISTA,39.07323054,-77.00840945,2025,8,7
250035111,Fatal Crash,08/07/2025 07:44:00 AM,SHERWOOD FOREST DR,NA,Other,Clear,Dry,Daylight,No Controls,NONE DETECTED,No,Possible Minor Injury,"Operated Motor Vehicle in Reckless or Aggressive Manner, Too Fast For Conditions",Unknown,MD,Passenger Car,Moving Constant Speed,40,No,2025,TOYOTA,GR86,39.07323054,-77.00840945,2025,8,7
250035106,Property Damage Crash,08/07/2025 07:15:00 AM,DARNESTOWN RD (WB/L),NA,Single Vehicle,Clear,Dry,Daylight,No Controls,NONE DETECTED,No,No Apparent Injury,NA,Not Distracted,MD,Sport Utility Vehicle,Moving Constant Speed,40,No,2023,JEEP,WRANGLER,39.09102425,-77.18781295,2025,8,7
250035104,Property Damage Crash,08/07/2025 06:51:00 AM,WYNNFIELD DR,NA,Single Vehicle,Clear,Dry,Daylight,No Controls,ALCOHOL PRESENT,Yes,No Apparent Injury,Other Improper Action,Unknown,MD,Passenger Car,Moving Constant Speed,25,No,2024,NISSAN,SENTRA,39.18551606,-77.27775574,2025,8,6
250035101,Property Damage Crash,08/07/2025 04:34:00 AM,MUDDY BRANCH RD,NA,Front to Rear,Clear,Dry,Medium,No Controls,NONE DETECTED,No,No Apparent Injury,NA,Not Distracted,MD,Van - Passenger (&lt;9 Seats),Parked,40,No,2010,HONDA,ODYSSEY,39.1155385,-77.21578533,2025,8,4
250035101,Property Damage Crash,08/07/2025 04:34:00 AM,MUDDY BRANCH RD,NA,Front to Rear,Clear,Dry,Medium,No Controls,ALCOHOL PRESENT,Yes,No Apparent Injury,"Operated Motor Vehicle in Inattentive, Careless, Negligent, or Erratic Manner, Operated Motor Vehicle in Reckless or Aggressive Manner",Not Distracted,MD,Passenger Car,Moving Constant Speed,40,No,2013,HONDA,CIVIC,39.1155385,-77.21578533,2025,8,4
250035100,Injury Crash,08/07/2025 03:54:00 AM,RAMP 1 FR RAMP 4 (FR IS270) TO RIDGE RD,NA,Angle,Clear,Dry,Medium,Flashing Traffic Control Signal,NONE DETECTED,Yes,Possible Minor Injury,Failed to Yield Right-of-Way,Unknown,MD,Passenger Car,Turning Left,45,No,2002,INFINITI,I35,39.19891865,-77.26067935,2025,8,3
250035100,Injury Crash,08/07/2025 03:54:00 AM,RAMP 1 FR RAMP 4 (FR IS270) TO RIDGE RD,NA,Angle,Clear,Dry,Medium,Flashing Traffic Control Signal,NONE DETECTED,No,Possible Minor Injury,NA,Not Distracted,MD,Sport Utility Vehicle,Moving Constant Speed,45,No,2018,AUDI,Q5,39.19891865,-77.26067935,2025,8,3
250035088,Property Damage Crash,08/06/2025 10:42:00 PM,WISTERIA DR,NA,Front to Rear,Clear,Dry,Medium,No Controls,NONE DETECTED,Yes,No Apparent Injury,"Failed to Keep in Proper Lane, Operated Motor Vehicle in Inattentive, Careless, Negligent, or Erratic Manner, Other Improper Action, Too Fast For Conditions","Other Action (looking away from task, etc.)",MD,Passenger Car,Moving Constant Speed,30,No,2016,CHEVROLET,IMPALA LIMITED,39.17018,-77.26192833,2025,8,22
250035087,Injury Crash,08/06/2025 10:29:00 PM,SANDY SPRING RD,NA,Rear To Side,Clear,Dry,Medium,Traffic Control Signal,NONE DETECTED,No,Possible Minor Injury,NA,Not Distracted,MD,Passenger Car,Moving Constant Speed,25,No,2018,JEEP,CHEROKEE,39.1115365,-76.9286909,2025,8,22
250035087,Injury Crash,08/06/2025 10:29:00 PM,SANDY SPRING RD,NA,Rear To Side,Clear,Dry,Medium,Traffic Control Signal,NONE DETECTED,Yes,No Apparent Injury,NA,Unknown,MD,Passenger Car,Slowing or Stopping,25,No,2006,TOYOTA,COROLLA MATRIX,39.1115365,-76.9286909,2025,8,22
250035089,Property Damage Crash,08/06/2025 10:25:00 PM,CHILHAM PL,NA,Front to Rear,Clear,Dry,Dark,No Controls,ALCOHOL PRESENT,Yes,No Apparent Injury,Other Improper Action,"Other Action (looking away from task, etc.)",MD,Passenger Car,Accelerating,25,No,2016,VOLKSWAGEN,PASSAT,39.06018654,-77.17348708,2025,8,22
250035082,Property Damage Crash,08/06/2025 09:29:00 PM,SANDY SPRING RD (WB/L),NA,Front to Rear,Clear,Dry,Medium,Traffic Control Signal,ALCOHOL PRESENT,Yes,No Apparent Injury,NA,Unknown,MD,Pickup,Moving Constant Speed,40,No,2022,RAM,2500,39.11080219,-76.92505176,2025,8,21
250035082,Property Damage Crash,08/06/2025 09:29:00 PM,SANDY SPRING RD (WB/L),NA,Front to Rear,Clear,Dry,Medium,Traffic Control Signal,NONE DETECTED,No,No Apparent Injury,NA,Not Distracted,MD,Passenger Car,Slowing or Stopping,40,No,2018,TOYOTA,RAV4,39.11080219,-76.92505176,2025,8,21
250035082,Property Damage Crash,08/06/2025 09:29:00 PM,SANDY SPRING RD (WB/L),NA,Front to Rear,Clear,Dry,Medium,Traffic Control Signal,NONE DETECTED,No,No Apparent Injury,NA,Not Distracted,MD,Passenger Car,Slowing or Stopping,40,No,2023,MAZDA,CX-30,39.11080219,-76.92505176,2025,8,21
250035080,Property Damage Crash,08/06/2025 09:05:00 PM,FATHER HURLEY BLVD (NB/L),NA,Single Vehicle,Clear,Dry,Medium,No Controls,NONE DETECTED,Yes,No Apparent Injury,NA,Unknown,MD,Passenger Car,Moving Constant Speed,35,No,2013,VOLVO,XC60,39.1868106,-77.27359461,2025,8,21
250035074,Injury Crash,08/06/2025 08:23:00 PM,CONTOUR RD,NA,Front to Rear,Clear,Dry,Medium,Stop Sign,NONE DETECTED,Yes,No Apparent Injury,NA,Unknown,MD,Van - Passenger (&lt;9 Seats),Overtaking/Passing,5,No,2022,TOYOTA,SIENNA,39.15546363,-77.20011541,2025,8,20
250035074,Injury Crash,08/06/2025 08:23:00 PM,CONTOUR RD,NA,Front to Rear,Clear,Dry,Medium,Stop Sign,NONE DETECTED,No,No Apparent Injury,NA,Not Distracted,MD,Sport Utility Vehicle,Slowing or Stopping,5,No,2022,TOYOTA,HIGHLANDER,39.15546363,-77.20011541,2025,8,20
250035071,Property Damage Crash,08/06/2025 06:48:00 PM,NA,NA,Single Vehicle,Clear,NA,Daylight,NA,NONE DETECTED,Yes,No Apparent Injury,"Operated Motor Vehicle in Inattentive, Careless, Negligent, or Erratic Manner, Operated Motor Vehicle in Reckless or Aggressive Manner, Too Fast For Conditions",Unknown,MD,Passenger Car,NA,0,No,2011,TOYOTA,CAMRY,38.9815366,-77.09698025,2025,8,18