Local Case Number,ACRS Report Type,Crash Date/Time,Road Name,Related Non-Motorist,Collision Type,Weather,Surface Condition,Light,Traffic Control,Driver Substance Abuse,Driver At Fault,Injury Severity,Circumstance,Driver Distracted By,Drivers License State,Vehicle Body Type,Vehicle Movement,Speed Limit,Driverless Vehicle,Vehicle Year,Vehicle Make,Vehicle Model,Latitude,Longitude,Year,Month,Hour
250035051,Injury Crash,08/06/2025 06:16:00 PM,ROCKVILLE PIKE,Pedestrian,Single Vehicle,Clear,Dry,Daylight,Traffic Control Signal,NONE DETECTED,Yes,No Apparent Injury,NA,Not Distracted,MD,Passenger Car,Turning Right,35,No,2019,NISSAN,VERSA,39.05813909,-77.12068699,2025,8,18
250035004,Property Damage Crash,08/06/2025 03:05:00 PM,COLUMBIA PIKE,NA,Front to Rear,Clear,Dry,Daylight,No Controls,ALCOHOL PRESENT,Yes,No Apparent Injury,NA,Not Distracted,DC,Passenger Car,Moving Constant Speed,45,No,2004,TOYOTA,COROLLA,39.0529385,-76.97646967,2025,8,15
250035004,Property Damage Crash,08/06/2025 03:05:00 PM,COLUMBIA PIKE,NA,Front to Rear,Clear,Dry,Daylight,No Controls,NONE DETECTED,No,No Apparent Injury,NA,Not Distracted,MD,Passenger Car,Moving Constant Speed,45,No,2012,DODGE,RAM,39.0529385,-76.97646967,2025,8,15
250035003,Property Damage Crash,08/06/2025 02:49:00 PM,NA,NA,Front to Rear,Cloudy,NA,Daylight,NA,NONE DETECTED,Yes,No Apparent Injury,Other Improper Action,Not Distracted,MD,Passenger Car,Backing,0,No,2006,TOYOTA,COROLLA,39.09723117,-77.1543346,2025,8,14
250034988,Injury Crash,08/06/2025 01:21:00 PM,RANDOLPH RD,NA,Front to Rear,Clear,Dry,Daylight,Pedestrian Crossing,NONE DETECTED,No,Possible Minor Injury,NA,Not Distracted,MD,Sport Utility Vehicle,Slowing or Stopping,40,No,2018,FORD,ESCAPE,39.07310179,-77.00823183,2025,8,13
250034988,Injury Crash,08/06/2025 01:21:00 PM,RANDOLPH RD,NA,Front to Rear,Clear,Dry,Daylight,Pedestrian Crossing,NONE DETECTED,Yes,No Apparent Injury,Followed Too Closely,Not Distracted,MD,Van - Passenger (&lt;9 Seats),Moving Constant Speed,40,No,1999,HONDA,ODYSSEY,39.07310179,-77.00823183,2025,8,13
25001641,Property Damage Crash,08/06/2025 12:19:00 PM,QUINCE ORCHARD RD (NB/L),NA,Single Vehicle,Clear,Dry,Daylight,Flashing Traffic Control Signal,NONE DETECTED,No,No Apparent Injury,NA,Not Distracted,MD,Passenger Car,Moving Constant Speed,35,No,2018,FORD,F-550,39.11729437,-77.25279963,2025,8,12
250034963,Injury Crash,08/06/2025 11:29:00 AM,RIDGE RD (SB/L),NA,Single Vehicle,Cloudy,Dry,Daylight,No Controls,NONE DETECTED,Yes,Possible Minor Injury,Ran Off Roadway,Not Distracted,MD,Passenger Car,Moving Constant Speed,35,No,2009,ACURA,TL,39.31259735,-77.19813937,2025,8,11
250034953,Property Damage Crash,08/06/2025 10:45:00 AM,WELLER RD,NA,Rear To Side,Cloudy,Dry,Daylight,No Controls,NONE DETECTED,No,No Apparent Injury,NA,Not Distracted,MD,Sport Utility Vehicle,Moving Constant Speed,25,No,2016,HONDA,HR-V,39.06642846,-77.06001903,2025,8,10
250034953,Property Damage Crash,08/06/2025 10:45:00 AM,WELLER RD,NA,Rear To Side,Cloudy,Dry,Daylight,No Controls,NONE DETECTED,No,No Apparent Injury,NA,Not Distracted,MD,Pickup,Backing,25,No,2005,CHEVROLET,COLORADO,39.06642846,-77.06001903,2025,8,10
250034945,Property Damage Crash,08/06/2025 10:12:00 AM,OLD GEORGETOWN RD,NA,"Sideswipe, Same Direction",Cloudy,Dry,Daylight,Pedestrian Crossing,NONE DETECTED,No,No Apparent Injury,NA,Not Distracted,MD,Other,Moving Constant Speed,25,No,2024,RAM,PROMASTER 2500,38.9879887,-77.09966767,2025,8,10
250034945,Property Damage Crash,08/06/2025 10:12:00 AM,OLD GEORGETOWN RD,NA,"Sideswipe, Same Direction",Cloudy,Dry,Daylight,"Other Pavement Marking (excluding edgelines, centerlines, or lane lines)",NONE DETECTED,Yes,No Apparent Injury,NA,Unknown,MD,Sport Utility Vehicle,Moving Constant Speed,25,No,2024,MERCEDES-BENZ,C-CLASS,38.9879887,-77.09966767,2025,8,10
250034938,Property Damage Crash,08/06/2025 09:12:00 AM,VEIRS MILL SERV RD,NA,Front to Rear,Cloudy,Dry,Daylight,No Controls,NONE DETECTED,No,No Apparent Injury,NA,Not Distracted,MD,Sport Utility Vehicle,Stopped in Traffic,30,No,2011,TOYOTA,4-RUNNER,39.0736068,-77.11180968,2025,8,9
250034938,Property Damage Crash,08/06/2025 09:12:00 AM,VEIRS MILL SERV RD,NA,Front to Rear,Cloudy,Dry,Daylight,No Controls,NONE DETECTED,Yes,No Apparent Injury,NA,"Other Action (looking away from task, etc.)",MD,Van - Passenger (&lt;9 Seats),Slowing or Stopping,30,No,2018,FORD,TRANSIT,39.0736068,-77.11180968,2025,8,9
250034924,Property Damage Crash,08/06/2025 08:07:00 AM,COLUMBIA PIKE,NA,"Sideswipe, Same Direction",Clear,Dry,Daylight,No Controls,NONE DETECTED,Yes,No Apparent Injury,Over-Correcting/Over-Steering,Not Distracted,MD,Passenger Car,Moving Constant Speed,55,No,2020,HYUNDAI,IONIQ,39.1066035,-76.93171567,2025,8,8
250034924,Property Damage Crash,08/06/2025 08:07:00 AM,COLUMBIA PIKE,NA,"Sideswipe, Same Direction",Clear,Dry,Daylight,No Controls,NONE DETECTED,No,No Apparent Injury,Ran Off Roadway,Unknown,MD,Passenger Car,Changing Lanes,55,No,2023,TOYOTA,CAMRY,39.1066035,-76.93171567,2025,8,8
250034919,Property Damage Crash,08/06/2025 06:44:00 AM,ZION RD,NA,"Sideswipe, Opposite Direction",Cloudy,Wet,Daylight,No Controls,NONE DETECTED,No,No Apparent Injury,NA,Not Distracted,MD,Pickup,Moving Constant Speed,25,No,2021,FORD,F-350,39.17898682,-77.09976127,2025,8,6
250034919,Property Damage Crash,08/06/2025 06:44:00 AM,ZION RD,NA,"Sideswipe, Opposite Direction",Cloudy,Wet,Daylight,No Controls,NONE DETECTED,No,NA,Failed to Keep in Proper Lane,NA,NA,Single-Unit Truck,Moving Constant Speed,25,No,2011,FREIGHTLINER,M2,39.17898682,-77.09976127,2025,8,6
250034916,Injury Crash,08/06/2025 06:30:00 AM,HORDE ST,NA,Single Vehicle,Clear,Dry,Daylight,No Controls,NONE DETECTED,Yes,Possible Minor Injury,NA,Not Distracted,MD,Passenger Car,Negotiating a Curve,25,No,2023,TESLA,MODEL 3,39.03405529,-77.04339879,2025,8,6
250034915,Injury Crash,08/06/2025 06:02:00 AM,COLESVILLE RD (SB/L),NA,Other,Clear,Dry,Medium,No Controls,NONE DETECTED,No,Possible Minor Injury,NA,Not Distracted,MD,Passenger Car,Slowing or Stopping,45,No,2010,HONDA,ACCORD,39.0277835,-77.0096495,2025,8,6
250034915,Injury Crash,08/06/2025 06:02:00 AM,COLESVILLE RD (SB/L),NA,Other,Clear,Dry,Medium,No Controls,NONE DETECTED,No,Possible Minor Injury,NA,Not Distracted,MD,Passenger Car,Moving Constant Speed,45,No,2011,TOYOTA,RAV4,39.0277835,-77.0096495,2025,8,6
250034915,Injury Crash,08/06/2025 06:02:00 AM,COLESVILLE RD (SB/L),NA,Other,Clear,Dry,Medium,No Controls,NONE DETECTED,No,Possible Minor Injury,"Followed Too Closely, Swerved or Avoided Due to Wind, Slippery Surface, Motor Vehicle, Object, Non-Motorist in Roadway, etc",Not Distracted,MD,Passenger Car,Changing Lanes,45,No,2022,NISSAN,VERSA,39.0277835,-77.0096495,2025,8,6
250034915,Injury Crash,08/06/2025 06:02:00 AM,COLESVILLE RD (SB/L),NA,Other,Clear,Dry,Medium,No Controls,NONE DETECTED,No,Possible Minor Injury,NA,Not Distracted,MD,Passenger Car,Moving Constant Speed,45,No,2018,NISSAN,ROGUE,39.0277835,-77.0096495,2025,8,6
250034914,Fatal Crash,08/06/2025 03:21:00 AM,SANDY SPRING RD (WB/L),NA,Front to Front,Clear,Dry,Medium,No Controls,NONE DETECTED,No,Fatal Injury,NA,Unknown,MD,Sport Utility Vehicle,Moving Constant Speed,45,No,2007,HONDA,CR-V,39.10627606,-76.91795692,2025,8,3
250034914,Fatal Crash,08/06/2025 03:21:00 AM,SANDY SPRING RD (WB/L),NA,Front to Front,Clear,Dry,Medium,No Controls,DRUG AND ALCOHOL CONTRIBUTED,Yes,Suspected Serious Injury,"Too Fast For Conditions, Wrong Side",Unknown,DC,Sport Utility Vehicle,Moving Constant Speed,45,No,2024,HONDA,CR-V,39.10627606,-76.91795692,2025,8,3
250034906,Property Damage Crash,08/05/2025 10:31:00 PM,WISCONSIN AVE,NA,Angle,Clear,Dry,Medium,Traffic Control Signal,NONE DETECTED,No,No Apparent Injury,NA,Not Distracted,MD,Passenger Car,Moving Constant Speed,25,No,2019,TOYOTA,COROLLA,38.9836648,-77.09377301,2025,8,22
250034906,Property Damage Crash,08/05/2025 10:31:00 PM,WISCONSIN AVE,NA,Angle,Clear,Dry,Medium,Traffic Control Signal,NONE DETECTED,No,No Apparent Injury,Improper Turn,Unknown,NA,Unknown,Turning Left,25,No,0,NA,NA,38.9836648,-77.09377301,2025,8,22
250034885,Injury Crash,08/05/2025 08:09:00 PM,DALEWOOD DR (EB/L),NA,Angle,Clear,Dry,Medium,Traffic Control Signal,NONE DETECTED,No,Possible Minor Injury,NA,Not Distracted,MD,Passenger Car,Moving Constant Speed,35,No,2013,NISSAN,ALTIMA,39.05922083,-77.06888233,2025,8,20
250034885,Injury Crash,08/05/2025 08:09:00 PM,DALEWOOD DR (EB/L),NA,Angle,Clear,Dry,Medium,Traffic Control Signal,NONE DETECTED,Yes,Possible Minor Injury,"Disregarded Other Traffic Sign, Failed to Yield Right-of-Way",Not Distracted,MD,Passenger Car,Moving Constant Speed,25,No,2006,LEXUS,IS,39.05922083,-77.06888233,2025,8,20
250034890,Injury Crash,08/05/2025 08:05:00 PM,EXECUTIVE BLVD,NA,Angle,Clear,Dry,Medium,Traffic Control Signal,NONE DETECTED,No,Possible Minor Injury,NA,Not Distracted,MD,Sport Utility Vehicle,Moving Constant Speed,30,No,2012,HONDA,CR-V,39.04496916,-77.11682511,2025,8,20
250034890,Injury Crash,08/05/2025 08:05:00 PM,EXECUTIVE BLVD,NA,Angle,Clear,Dry,Medium,Traffic Control Signal,NONE DETECTED,Yes,No Apparent Injury,NA,Unknown,MD,Passenger Car,Turning Left,30,No,2018,HONDA,ACCORD,39.04496916,-77.11682511,2025,8,20
250034874,Property Damage Crash,08/05/2025 06:05:00 PM,CLUB HILL DR,NA,Front to Rear,Clear,Dry,Daylight,No Controls,NONE DETECTED,No,NA,NA,NA,NA,NA,Accelerating,25,No,0,NA,NA,39.18541133,-77.270209,2025,8,18
250034865,Injury Crash,08/05/2025 05:39:00 PM,FREDERICK RD,NA,Front to Rear,Clear,Dry,Daylight,Traffic Control Signal,NONE DETECTED,Yes,No Apparent Injury,Followed Too Closely,Unknown,MD,Passenger Car,Moving Constant Speed,40,No,2013,NISSAN,PATHFINDER,39.17841624,-77.23840118,2025,8,17
250034865,Injury Crash,08/05/2025 05:39:00 PM,FREDERICK RD,NA,Front to Rear,Clear,Dry,Daylight,Traffic Control Signal,NONE DETECTED,No,Possible Minor Injury,NA,Not Distracted,MD,Passenger Car,Slowing or Stopping,40,No,2024,CHEVROLET,BLAZER EV,39.17841624,-77.23840118,2025,8,17
250034872,Property Damage Crash,08/05/2025 05:39:00 PM,RIDGE RD,NA,Single Vehicle,Clear,Dry,Daylight,No Controls,NONE DETECTED,No,No Apparent Injury,Ran Off Roadway,Not Distracted,MD,Van - Passenger (&lt;9 Seats),Moving Constant Speed,30,No,2022,TOYOTA,SIENNA,39.28226477,-77.21137926,2025,8,17
250034867,Property Damage Crash,08/05/2025 05:31:00 PM,POWDER MILL RD,NA,Single Vehicle,Cloudy,Dry,Daylight,Traffic Control Signal,NONE DETECTED,Yes,No Apparent Injury,Ran Off Roadway,Unknown,MD,Passenger Car,Accelerating,30,No,2011,NISSAN,ALTIMA,39.02593899,-76.96616771,2025,8,17
250034864,Property Damage Crash,08/05/2025 05:30:00 PM,FLOWER AVE,NA,Front to Rear,Clear,Dry,Daylight,No Controls,NONE DETECTED,No,No Apparent Injury,NA,Not Distracted,MD,Passenger Car,Moving Constant Speed,25,No,2022,HONDA,ACCORD,39.003905,-77.0058835,2025,8,17
250034864,Property Damage Crash,08/05/2025 05:30:00 PM,FLOWER AVE,NA,Front to Rear,Clear,Dry,Daylight,No Controls,NONE DETECTED,Yes,No Apparent Injury,NA,Unknown,MD,Passenger Car,Moving Constant Speed,25,No,2007,TOYOTA,CAMRY,39.003905,-77.0058835,2025,8,17
250034864,Property Damage Crash,08/05/2025 05:30:00 PM,FLOWER AVE,NA,Front to Rear,Clear,Dry,Daylight,No Controls,NONE DETECTED,No,No Apparent Injury,NA,Not Distracted,VA,Passenger Car,Moving Constant Speed,25,No,2019,TOYOTA,HIGHLANDER,39.003905,-77.0058835,2025,8,17
250034854,Property Damage Crash,08/05/2025 04:27:00 PM,NA,NA,Single Vehicle,Clear,NA,Daylight,NA,NONE DETECTED,No,No Apparent Injury,NA,Not Distracted,MD,Other Trucks,Backing,0,No,2021,SEAGRAVE,UNKNOWN,39.0173209,-76.97356083,2025,8,16
250034851,Property Damage Crash,08/05/2025 04:11:00 PM,NA,NA,Front to Front,Cloudy,NA,Daylight,NA,NONE DETECTED,No,No Apparent Injury,NA,Not Distracted,MD,Bus - School,Negotiating a Curve,0,No,2020,FREIGHTLINER,B2 BUS CHASSIS,39.03770167,-77.02968333,2025,8,16
250034851,Property Damage Crash,08/05/2025 04:11:00 PM,NA,NA,Front to Front,Cloudy,NA,Daylight,NA,NONE DETECTED,No,No Apparent Injury,Disregarded Other Traffic Sign,Not Distracted,GA,Passenger Car,Parked,0,No,2022,TOYOTA,CAMRY,39.03770167,-77.02968333,2025,8,16
250034843,Injury Crash,08/05/2025 03:46:00 PM,NA,NA,Angle,Cloudy,Dry,Daylight,Traffic Control Signal,NONE DETECTED,Yes,No Apparent Injury,Failed to Yield Right-of-Way,Unknown,NY,Sport Utility Vehicle,Turning Left,45,No,2020,LEXUS,RX,39.12918254,-77.20782117,2025,8,15
250034843,Injury Crash,08/05/2025 03:46:00 PM,NA,NA,Angle,Cloudy,Dry,Daylight,Traffic Control Signal,NONE DETECTED,No,Possible Minor Injury,NA,Not Distracted,MD,Sport Utility Vehicle,Moving Constant Speed,45,No,2022,HONDA,CR-V,39.12918254,-77.20782117,2025,8,15
250034832,Property Damage Crash,08/05/2025 01:50:00 PM,NA,NA,"Sideswipe, Same Direction",Clear,NA,Daylight,NA,NONE DETECTED,Yes,No Apparent Injury,NA,Unknown,MD,Passenger Car,Turning Left,0,No,2004,HONDA,PILOT,39.08274392,-76.94562457,2025,8,13
250034832,Property Damage Crash,08/05/2025 01:50:00 PM,NA,NA,"Sideswipe, Same Direction",Clear,NA,Daylight,NA,NONE DETECTED,No,No Apparent Injury,NA,Not Distracted,MD,Passenger Car,Parked,0,No,2025,NISSAN,VERSA,39.08274392,-76.94562457,2025,8,13
250034815,Injury Crash,08/05/2025 01:10:00 PM,NA,NA,Angle,Cloudy,NA,Daylight,NA,NONE DETECTED,No,Possible Minor Injury,NA,Not Distracted,MD,Sport Utility Vehicle,Moving Constant Speed,0,No,2018,FORD,EXPLORER,39.22711527,-77.28391933,2025,8,13
250034815,Injury Crash,08/05/2025 01:10:00 PM,NA,NA,Angle,Cloudy,NA,Daylight,NA,NONE DETECTED,Yes,No Apparent Injury,Failed to Yield Right-of-Way,Unknown,MD,Sport Utility Vehicle,Turning Left,0,No,2019,TOYOTA,HIGHLANDER,39.22711527,-77.28391933,2025,8,13
250034788,Property Damage Crash,08/05/2025 10:41:00 AM,BEL PRE RD (EB/L),NA,Front to Front,Clear,Dry,Daylight,Traffic Control Signal,NONE DETECTED,No,No Apparent Injury,NA,Not Distracted,MD,Passenger Car,Moving Constant Speed,35,No,2012,MERCEDES-BENZ,E-CLASS,39.09071033,-77.04477417,2025,8,10
250034788,Property Damage Crash,08/05/2025 10:41:00 AM,BEL PRE RD (EB/L),NA,Front to Front,Clear,Dry,Daylight,Traffic Control Signal,NONE DETECTED,Yes,No Apparent Injury,NA,Not Distracted,MD,Passenger Car,Turning Left,35,No,2016,JEEP,CHEROKEE,39.09071033,-77.04477417,2025,8,10
250034788,Property Damage Crash,08/05/2025 10:41:00 AM,BEL PRE RD (EB/L),NA,Front to Front,Clear,Dry,Daylight,Traffic Control Signal,NONE DETECTED,No,No Apparent Injury,NA,Not Distracted,MD,Passenger Car,Moving Constant Speed,35,No,2020,HONDA,HR-V,39.09071033,-77.04477417,2025,8,10
250034966,Property Damage Crash,08/05/2025 10:26:00 AM,NA,NA,Front to Rear,Cloudy,NA,Daylight,NA,NONE DETECTED,Yes,No Apparent Injury,Improper Backing,Not Distracted,MD,Passenger Car,Backing,0,No,2018,FORD,TAURUS,39.11263323,-77.23563425,2025,8,10
250034783,Property Damage Crash,08/05/2025 10:09:00 AM,TULIP AVE,NA,"Sideswipe, Same Direction",Clear,Dry,Daylight,Stop Sign,NONE DETECTED,No,No Apparent Injury,NA,"Other Action (looking away from task, etc.)",MD,Passenger Car,Turning Right,20,No,2008,TOYOTA,CAMRY,38.97578077,-77.01096871,2025,8,10
250034783,Property Damage Crash,08/05/2025 10:09:00 AM,TULIP AVE,NA,"Sideswipe, Same Direction",Clear,Dry,Daylight,Stop Sign,NONE DETECTED,No,No Apparent Injury,NA,Not Distracted,DC,Other,Turning Right,20,No,2025,MACK,TERRAPRO,38.97578077,-77.01096871,2025,8,10
250034778,Property Damage Crash,08/05/2025 10:00:00 AM,GLENNON DR,NA,Rear To Side,Clear,Dry,Daylight,No Controls,NONE DETECTED,Yes,No Apparent Injury,NA,"Other Action (looking away from task, etc.)",MD,Sport Utility Vehicle,Backing,25,No,2000,FORD,EXPLORER,39.00823036,-77.15911783,2025,8,10
250034778,Property Damage Crash,08/05/2025 10:00:00 AM,GLENNON DR,NA,Rear To Side,Clear,Dry,Daylight,No Controls,NONE DETECTED,No,No Apparent Injury,NA,Not Distracted,MD,Pickup,Moving Constant Speed,25,No,2014,FORD,F-350,39.00823036,-77.15911783,2025,8,10
250034782,Property Damage Crash,08/05/2025 09:50:00 AM,QUAIL VALLEY BLVD,NA,"Sideswipe, Same Direction",Clear,Dry,Daylight,No Controls,NONE DETECTED,Yes,No Apparent Injury,NA,Not Distracted,MD,Bus - Transit,Slowing or Stopping,25,No,2016,GILLIG,LOW FLOOR BUS,39.164254,-77.19010833,2025,8,9
250034771,Property Damage Crash,08/05/2025 08:56:00 AM,HOBSON ST,NA,"Sideswipe, Opposite Direction",Cloudy,Dry,Daylight,No Controls,NONE DETECTED,No,No Apparent Injury,NA,Not Distracted,MD,Single-Unit Truck,Stopped in Traffic,25,No,2020,INTERNATIONAL,HV607,39.03411017,-77.063906,2025,8,8
250034771,Property Damage Crash,08/05/2025 08:56:00 AM,HOBSON ST,NA,"Sideswipe, Opposite Direction",Cloudy,Dry,Daylight,No Controls,NONE DETECTED,Yes,No Apparent Injury,NA,Not Distracted,MD,Passenger Car,Backing,25,No,2019,TOYOTA,COROLLA,39.03411017,-77.063906,2025,8,8
250034764,Injury Crash,08/05/2025 08:05:00 AM,RAMP 7 FR MD 109 WB TO RAMP 6 (TO IS270),NA,Front to Front,Cloudy,Dry,Daylight,No Controls,NONE DETECTED,No,Possible Minor Injury,NA,Not Distracted,MD,Pickup,Moving Constant Speed,30,No,2021,FORD,RANGER,39.2774326,-77.32479015,2025,8,8
250034764,Injury Crash,08/05/2025 08:05:00 AM,RAMP 7 FR MD 109 WB TO RAMP 6 (TO IS270),NA,Front to Front,Cloudy,Dry,Daylight,No Controls,NONE DETECTED,Yes,Possible Minor Injury,Failed to Yield Right-of-Way,Not Distracted,MD,Passenger Car,Turning Left,30,No,2020,HYUNDAI,ELANTRA,39.2774326,-77.32479015,2025,8,8
250034764,Injury Crash,08/05/2025 08:05:00 AM,RAMP 7 FR MD 109 WB TO RAMP 6 (TO IS270),NA,Front to Front,Cloudy,Dry,Daylight,No Controls,NONE DETECTED,No,No Apparent Injury,NA,Not Distracted,MD,Sport Utility Vehicle,Stopped in Traffic,30,No,2016,NISSAN,ROGUE,39.2774326,-77.32479015,2025,8,8
250036376,Property Damage Crash,08/05/2025 05:00:00 AM,NA,NA,Single Vehicle,Clear,NA,Medium,NA,NONE DETECTED,No,No Apparent Injury,Other Improper Action,Unknown,MD,Sport Utility Vehicle,Accelerating,0,No,2012,CHEVROLET,TAHOE,39.10791839,-77.1601434,2025,8,5
250034742,Injury Crash,08/04/2025 10:33:00 PM,FREDERICK RD (SB/L),NA,Angle,Clear,Dry,Medium,Traffic Control Signal,NONE DETECTED,Yes,Possible Minor Injury,"Disregard Officer Directions, Failed to Yield Right-of-Way, Improper Passing, Operated Motor Vehicle in Inattentive, Careless, Negligent, or Erratic Manner, Operated Motor Vehicle in Reckless or Aggressive Manner, Other Improper Action, Ran Red Light, Too Fast For Conditions",Unknown,MD,Motorcycle - 2 Wheeled,NA,35,No,2023,SUZUKI,GSX-S1000,39.15257285,-77.21221816,2025,8,22
250034742,Injury Crash,08/04/2025 10:33:00 PM,FREDERICK RD (SB/L),NA,Angle,Clear,Dry,Medium,Traffic Control Signal,NONE DETECTED,No,No Apparent Injury,NA,Unknown,MD,Passenger Car,Turning Left,35,No,2016,TOYOTA,CAMRY,39.15257285,-77.21221816,2025,8,22
250034736,Property Damage Crash,08/04/2025 09:10:00 PM,GEORGIA AVE,NA,Single Vehicle,Clear,Dry,Medium,No Controls,NONE DETECTED,No,No Apparent Injury,NA,Not Distracted,NY,Passenger Car,Moving Constant Speed,45,No,2007,BUICK,LACROSSE,39.11299127,-77.07530906,2025,8,21
250034714,Property Damage Crash,08/04/2025 05:24:00 PM,TWINBROOK PKWY,NA,Angle,Clear,Dry,Daylight,No Controls,NONE DETECTED,Yes,No Apparent Injury,NA,Unknown,MD,Passenger Car,Entering Traffic Lane,35,No,2019,VOLKSWAGEN,GOLF,39.0677048,-77.11416121,2025,8,17
250034714,Property Damage Crash,08/04/2025 05:24:00 PM,TWINBROOK PKWY,NA,Angle,Clear,Dry,Daylight,No Controls,NONE DETECTED,No,No Apparent Injury,NA,Not Distracted,MD,Sport Utility Vehicle,Moving Constant Speed,35,No,2015,DODGE,JOURNEY,39.0677048,-77.11416121,2025,8,17
250034707,Property Damage Crash,08/04/2025 05:20:00 PM,CINNAMON DR,NA,Angle,Clear,Dry,Daylight,Stop Sign,NONE DETECTED,Yes,No Apparent Injury,Improper Backing,Unknown,MD,Truck Tractor,Entering Traffic Lane,25,No,2017,PETERBILT,389,39.15616201,-77.26444457,2025,8,17
250034707,Property Damage Crash,08/04/2025 05:20:00 PM,CINNAMON DR,NA,Angle,Clear,Dry,Daylight,No Controls,NONE DETECTED,No,No Apparent Injury,NA,Unknown,MD,Passenger Car,Moving Constant Speed,40,No,2019,TOYOTA,TACOMA,39.15616201,-77.26444457,2025,8,17
250034704,Property Damage Crash,08/04/2025 04:50:00 PM,NA,NA,Angle,Clear,Dry,Daylight,No Controls,NONE DETECTED,Yes,No Apparent Injury,NA,Not Distracted,MD,Passenger Car,Turning Left,40,No,2023,MINI,HARDTOP,39.06043341,-77.12270635,2025,8,16
250034704,Property Damage Crash,08/04/2025 04:50:00 PM,NA,NA,Angle,Clear,Dry,Daylight,No Controls,NONE DETECTED,No,No Apparent Injury,NA,Not Distracted,MD,Passenger Car,Moving Constant Speed,40,No,2019,HONDA,ODYSSEY,39.06043341,-77.12270635,2025,8,16
250034705,Injury Crash,08/04/2025 04:45:00 PM,S FREDERICK RD,Cyclist (Electric),Single Vehicle,Clear,Dry,Daylight,No Controls,NONE DETECTED,Yes,No Apparent Injury,Failed to Yield Right-of-Way,Unknown,MD,Sport Utility Vehicle,Turning Right,5,No,2024,TOYOTA,RAV4,39.12865468,-77.18565936,2025,8,16
250034702,Injury Crash,08/04/2025 04:44:00 PM,TUCKERMAN LA (EB/L),Cyclist (non-electric),Single Vehicle,Clear,Dry,Daylight,Stop Sign,NONE DETECTED,No,No Apparent Injury,"Operated Motor Vehicle in Inattentive, Careless, Negligent, or Erratic Manner",Unknown,MD,Van - Cargo,Moving Constant Speed,35,No,2022,RAM,PROMASTER 3500,39.03072171,-77.10383012,2025,8,16
250034700,Property Damage Crash,08/04/2025 04:40:00 PM,CLARA BARTON PKWY (NB/L),NA,Front to Rear,Clear,Dry,Daylight,No Controls,NONE DETECTED,No,NA,NA,NA,NA,NA,Moving Constant Speed,35,No,0,NA,NA,38.9632023,-77.13591669,2025,8,16
250034700,Property Damage Crash,08/04/2025 04:40:00 PM,CLARA BARTON PKWY (NB/L),NA,Front to Rear,Clear,Dry,Daylight,No Controls,NONE DETECTED,No,No Apparent Injury,NA,Not Distracted,MD,Passenger Car,Moving Constant Speed,35,No,2018,HYUNDAI,SONATA,38.9632023,-77.13591669,2025,8,16
250034695,Property Damage Crash,08/04/2025 03:54:00 PM,MONTROSE RD (WB/L),NA,Front to Rear,Clear,Dry,Daylight,No Controls,NONE DETECTED,No,No Apparent Injury,NA,Not Distracted,MD,Bus - School,Stopped in Traffic,35,No,2019,FREIGHTLINER,B2 BUS CHASSIS,39.05392947,-77.13781208,2025,8,15
250034695,Property Damage Crash,08/04/2025 03:54:00 PM,MONTROSE RD (WB/L),NA,Front to Rear,Clear,Dry,Daylight,No Controls,NONE DETECTED,No,NA,NA,NA,NA,Passenger Car,Moving Constant Speed,35,No,2008,LEXUS,RX,39.05392947,-77.13781208,2025,8,15
250034694,Property Damage Crash,08/04/2025 03:47:00 PM,GEORGIA AVE (SB/L),NA,Front to Rear,Clear,Dry,Daylight,Traffic Control Signal,NONE DETECTED,No,No Apparent Injury,NA,Not Distracted,MD,Sport Utility Vehicle,Slowing or Stopping,30,No,2023,NISSAN,PATHFINDER,39.15322038,-77.06701504,2025,8,15