Local Case Number,ACRS Report Type,Crash Date/Time,Road Name,Related Non-Motorist,Collision Type,Weather,Surface Condition,Light,Traffic Control,Driver Substance Abuse,Driver At Fault,Injury Severity,Circumstance,Driver Distracted By,Drivers License State,Vehicle Body Type,Vehicle Movement,Speed Limit,Driverless Vehicle,Vehicle Year,Vehicle Make,Vehicle Model,Latitude,Longitude,Year,Month,Hour
250034694,Property Damage Crash,08/04/2025 03:47:00 PM,GEORGIA AVE (SB/L),NA,Front to Rear,Clear,Dry,Daylight,Traffic Control Signal,NONE DETECTED,Yes,No Apparent Injury,Followed Too Closely,Not Distracted,MD,Van - Passenger (&lt;9 Seats),Accelerating,35,No,2018,FORD,TRANSIT CONNECT,39.15322038,-77.06701504,2025,8,15
250034687,Property Damage Crash,08/04/2025 03:26:00 PM,NA,NA,Single Vehicle,Clear,NA,Daylight,NA,NONE DETECTED,Yes,No Apparent Injury,NA,Unknown,MD,Passenger Car,Accelerating,0,No,2014,KIA,FORTE,39.14892318,-77.20827585,2025,8,15
250034683,Property Damage Crash,08/04/2025 03:15:00 PM,RIDGE RD (NB/L),NA,Front to Rear,Clear,Dry,Daylight,No Controls,NONE DETECTED,No,No Apparent Injury,NA,Not Distracted,MD,Passenger Car,Moving Constant Speed,45,No,2018,FORD,TAURUS,39.20088089,-77.25589027,2025,8,15
250034683,Property Damage Crash,08/04/2025 03:15:00 PM,RIDGE RD (NB/L),NA,Front to Rear,Clear,Dry,Daylight,No Controls,NONE DETECTED,Yes,No Apparent Injury,NA,Unknown,MD,Passenger Car,Changing Lanes,45,No,2017,HONDA,ODYSSEY,39.20088089,-77.25589027,2025,8,15
250034676,Injury Crash,08/04/2025 02:58:00 PM,NEBEL ST,Pedestrian,Single Vehicle,Clear,Dry,Daylight,No Controls,NONE DETECTED,No,No Apparent Injury,NA,"Other Action (looking away from task, etc.)",MD,Passenger Car,Slowing or Stopping,25,No,2014,KIA,FORTE,39.0495185,-77.10728917,2025,8,14
250030220,Property Damage Crash,08/04/2025 02:00:00 PM,METRORAIL TRACK B2 RAIL,NA,Front to Rear,Clear,Dry,Daylight,Traffic Control Signal,NONE DETECTED,Yes,No Apparent Injury,"Followed Too Closely, Operated Motor Vehicle in Inattentive, Careless, Negligent, or Erratic Manner",Unknown,XX,Sport Utility Vehicle,Moving Constant Speed,30,No,2014,HONDA,ODYSSEY,39.01599548,-77.04286995,2025,8,14
250030220,Property Damage Crash,08/04/2025 02:00:00 PM,METRORAIL TRACK B2 RAIL,NA,Front to Rear,Clear,Dry,Daylight,Traffic Control Signal,NONE DETECTED,No,No Apparent Injury,NA,Not Distracted,MD,Passenger Car,Stopped in Traffic,30,No,2017,HONDA,ACCORD,39.01599548,-77.04286995,2025,8,14
250034671,Injury Crash,08/04/2025 02:00:00 PM,NA,NA,Front to Rear,Clear,Dry,Daylight,No Controls,NONE DETECTED,Yes,Possible Minor Injury,NA,Not Distracted,MD,Passenger Car,Slowing or Stopping,25,No,2015,HYUNDAI,ACCENT,39.11044049,-76.93400026,2025,8,14
250034671,Injury Crash,08/04/2025 02:00:00 PM,NA,NA,Front to Rear,Clear,Dry,Daylight,No Controls,NONE DETECTED,Yes,No Apparent Injury,NA,Not Distracted,DC,Pickup,Slowing or Stopping,25,No,2016,FORD,F-550,39.11044049,-76.93400026,2025,8,14
250030220,Property Damage Crash,08/04/2025 02:00:00 PM,METRORAIL TRACK B2 RAIL,NA,Front to Rear,Clear,Dry,Daylight,Traffic Control Signal,NONE DETECTED,No,No Apparent Injury,NA,Not Distracted,MD,Passenger Car,Stopped in Traffic,30,No,2021,VOLKSWAGEN,GOLF,39.01599548,-77.04286995,2025,8,14
250034688,Property Damage Crash,08/04/2025 01:40:00 PM,FALCON ST,NA,Front to Rear,Clear,Dry,Daylight,Stop Sign,NONE DETECTED,Yes,No Apparent Injury,NA,Not Distracted,MD,Van - Cargo,Overtaking/Passing,25,No,2018,RAM,PROMASTER 2500,39.06678784,-77.08862511,2025,8,13
250034688,Property Damage Crash,08/04/2025 01:40:00 PM,FALCON ST,NA,Front to Rear,Clear,Dry,Daylight,Stop Sign,NONE DETECTED,No,No Apparent Injury,NA,Not Distracted,MD,Passenger Car,Stopped in Traffic,25,No,2000,LEXUS,RX,39.06678784,-77.08862511,2025,8,13
250034658,Injury Crash,08/04/2025 12:35:00 PM,CONSERVATION LA,NA,Front to Rear,Clear,Dry,Daylight,Stop Sign,NONE DETECTED,No,Possible Minor Injury,NA,Unknown,MD,Passenger Car,NA,40,No,2009,VOLVO,S40,39.12062816,-77.2167147,2025,8,12
250034658,Injury Crash,08/04/2025 12:35:00 PM,CONSERVATION LA,NA,Front to Rear,Clear,Dry,Daylight,Stop Sign,NONE DETECTED,No,Possible Minor Injury,NA,Not Distracted,MD,Passenger Car,Turning Right,40,No,2024,TOYOTA,CAMRY,39.12062816,-77.2167147,2025,8,12
250034644,Property Damage Crash,08/04/2025 11:12:00 AM,EAST WEST HWY,NA,"Sideswipe, Same Direction",Clear,Dry,Daylight,Traffic Control Signal,NONE DETECTED,No,No Apparent Injury,NA,Not Distracted,MD,Passenger Car,Moving Constant Speed,35,No,2008,TOYOTA,SCION XD,38.98793082,-77.07702698,2025,8,11
250034644,Property Damage Crash,08/04/2025 11:12:00 AM,EAST WEST HWY,NA,"Sideswipe, Same Direction",Clear,Dry,Daylight,Traffic Control Signal,NONE DETECTED,Yes,No Apparent Injury,"Improper Turn, Other Improper Action",Unknown,MD,Other Trucks,Turning Right,35,No,2021,CHEVROLET,EXPRESS,38.98793082,-77.07702698,2025,8,11
250034639,Property Damage Crash,08/04/2025 10:47:00 AM,REDLAND BLVD,NA,Angle,Clear,Dry,Daylight,Traffic Control Signal,NONE DETECTED,No,No Apparent Injury,Ran Red Light,"Manually Operating (dialing, playing game, etc.)",MD,Sport Utility Vehicle,Moving Constant Speed,40,No,2019,HONDA,PASSPORT,39.11562136,-77.16615717,2025,8,10
250034639,Property Damage Crash,08/04/2025 10:47:00 AM,REDLAND BLVD,NA,Angle,Clear,Dry,Daylight,Traffic Control Signal,NONE DETECTED,No,No Apparent Injury,NA,Not Distracted,MD,Passenger Car,Accelerating,40,No,2007,BUICK,LACROSSE,39.11562136,-77.16615717,2025,8,10
250034627,Injury Crash,08/04/2025 09:17:00 AM,ROCKVILLE PIKE,NA,Front to Rear,Clear,Dry,Daylight,No Controls,NONE DETECTED,Yes,Possible Minor Injury,NA,Not Distracted,MD,Passenger Car,Accelerating,45,No,2017,HONDA,CIVIC,39.02644067,-77.10347483,2025,8,9
250034627,Injury Crash,08/04/2025 09:17:00 AM,ROCKVILLE PIKE,NA,Front to Rear,Clear,Dry,Daylight,No Controls,NONE DETECTED,No,Possible Minor Injury,NA,Not Distracted,MD,Passenger Car,Moving Constant Speed,45,No,2022,NISSAN,FRONTIER,39.02644067,-77.10347483,2025,8,9
250034619,Property Damage Crash,08/04/2025 08:30:00 AM,NA,NA,Single Vehicle,Clear,NA,Daylight,NA,NONE DETECTED,Yes,No Apparent Injury,Improper Backing,Not Distracted,MD,Sport Utility Vehicle,Backing,0,No,2020,KIA,SORENTO,39.07473358,-77.00349949,2025,8,8
250034621,Injury Crash,08/04/2025 08:05:00 AM,NA,NA,Angle,Clear,Dry,Daylight,No Controls,NONE DETECTED,No,No Apparent Injury,NA,Not Distracted,MD,Passenger Car,Moving Constant Speed,30,No,2020,AUDI,Q5,39.01520593,-76.97688221,2025,8,8
250034621,Injury Crash,08/04/2025 08:05:00 AM,NA,NA,Angle,Clear,Dry,Daylight,Stop Sign,NONE DETECTED,Yes,Possible Minor Injury,Failed to Yield Right-of-Way,Not Distracted,MD,Snowmobile,Accelerating,25,No,2010,NISSAN,MURANO,39.01520593,-76.97688221,2025,8,8
250034637,Property Damage Crash,08/04/2025 07:00:00 AM,NA,NA,Single Vehicle,Clear,NA,Daylight,NA,NONE DETECTED,No,NA,NA,NA,NA,Passenger Car,NA,0,No,2011,INFINITI,G37,38.98394732,-77.02553804,2025,8,7
250034612,Property Damage Crash,08/04/2025 06:15:00 AM,PERRY AVE,NA,Single Vehicle,Clear,Dry,Daylight,No Controls,NONE DETECTED,No,No Apparent Injury,NA,Not Distracted,DC,Passenger Car,Moving Constant Speed,35,No,2020,FORD,TRANSIT CONNECT,39.03295133,-77.073406,2025,8,6
250034609,Property Damage Crash,08/04/2025 05:59:00 AM,GRIFFITH RD,NA,Angle,Clear,Dry,Daylight,No Controls,NONE DETECTED,No,No Apparent Injury,NA,Not Distracted,MD,Sport Utility Vehicle,Moving Constant Speed,35,No,2013,FORD,EXPLORER,39.22399256,-77.14269167,2025,8,5
250034609,Property Damage Crash,08/04/2025 05:59:00 AM,GRIFFITH RD,NA,Angle,Clear,Dry,Daylight,Stop Sign,NONE DETECTED,Yes,No Apparent Injury,"Failed to Yield Right-of-Way, Operated Motor Vehicle in Inattentive, Careless, Negligent, or Erratic Manner",Unknown,MD,Sport Utility Vehicle,Turning Left,25,No,2022,TOYOTA,RAV4,39.22399256,-77.14269167,2025,8,5
250034593,Injury Crash,08/03/2025 10:44:00 PM,ASHBURTON LA,NA,Front to Rear,Clear,Dry,Dark,No Controls,NONE DETECTED,Yes,Possible Minor Injury,NA,Not Distracted,NA,Other,Moving Constant Speed,20,No,9999,SEGWAY,UNKNOWN,39.0167505,-77.12415833,2025,8,22
250034592,Property Damage Crash,08/03/2025 10:21:00 PM,NEW HAMPSHIRE AVE,NA,Front to Rear,Clear,Dry,Medium,No Controls,NONE DETECTED,No,No Apparent Injury,NA,Not Distracted,DC,Passenger Car,Slowing or Stopping,35,No,2014,TOYOTA,CAMRY,39.02007068,-76.97649042,2025,8,22
250034592,Property Damage Crash,08/03/2025 10:21:00 PM,NEW HAMPSHIRE AVE,NA,Front to Rear,Clear,Dry,Medium,No Controls,NONE DETECTED,No,No Apparent Injury,NA,Unknown,NA,Sport Utility Vehicle,Slowing or Stopping,35,No,2008,MERCEDES-BENZ,M-CLASS,39.02007068,-76.97649042,2025,8,22
250034594,Property Damage Crash,08/03/2025 10:15:00 PM,AMITY DR,NA,"Sideswipe, Same Direction",Clear,Dry,Medium,No Controls,NONE DETECTED,No,NA,NA,NA,NA,Pickup,Moving Constant Speed,30,No,0,NA,NA,39.14466813,-77.16823902,2025,8,22
250034582,Injury Crash,08/03/2025 09:13:00 PM,STEWART LA,NA,Angle,Clear,Dry,Medium,Traffic Control Signal,NONE DETECTED,No,Possible Minor Injury,NA,Not Distracted,MD,Passenger Car,Turning Left,45,No,2013,HONDA,CR-V,39.04660156,-76.98698468,2025,8,21
250034582,Injury Crash,08/03/2025 09:13:00 PM,STEWART LA,NA,Angle,Clear,Dry,Medium,Traffic Control Signal,NONE DETECTED,Yes,Possible Minor Injury,NA,Not Distracted,MD,Passenger Car,Moving Constant Speed,45,No,2025,HONDA,HR-V,39.04660156,-76.98698468,2025,8,21
250034563,Property Damage Crash,08/03/2025 05:27:00 PM,CENTERWAY RD,NA,"Sideswipe, Opposite Direction",Clear,Dry,Daylight,Traffic Control Signal,NONE DETECTED,No,No Apparent Injury,NA,Not Distracted,MD,Passenger Car,Moving Constant Speed,35,No,2007,TOYOTA,SIENNA,39.1695045,-77.1905345,2025,8,17
250034563,Property Damage Crash,08/03/2025 05:27:00 PM,CENTERWAY RD,NA,"Sideswipe, Opposite Direction",Clear,Dry,Daylight,Traffic Control Signal,NONE DETECTED,Yes,No Apparent Injury,Failed to Yield Right-of-Way,Not Distracted,NA,Passenger Car,Turning Left,35,No,2013,HYUNDAI,ELANTRA,39.1695045,-77.1905345,2025,8,17
250034567,Property Damage Crash,08/03/2025 04:39:00 PM,NA,NA,Other,Clear,NA,Daylight,NA,NONE DETECTED,No,NA,NA,NA,NA,Passenger Car,NA,0,No,2008,AUDI,TT,39.03462686,-77.05398514,2025,8,16
250034550,Property Damage Crash,08/03/2025 04:19:00 PM,NA,NA,Unknown,Clear,NA,Daylight,NA,NONE DETECTED,No,No Apparent Injury,NA,Unknown,MD,Passenger Car,Backing,0,No,2011,FORD,FUSION,39.12297368,-77.23724045,2025,8,16
250034555,Property Damage Crash,08/03/2025 04:15:00 PM,16TH ST (SB/L),NA,Single Vehicle,Clear,Dry,Daylight,No Controls,NONE DETECTED,Yes,No Apparent Injury,Other Improper Action,Not Distracted,DC,Passenger Car,Moving Constant Speed,35,No,2014,TOYOTA,CAMRY,39.00044467,-77.04006805,2025,8,16
250034545,Property Damage Crash,08/03/2025 03:20:00 PM,APPLE RIDGE RD,NA,Front to Rear,Clear,Dry,Daylight,No Controls,NONE DETECTED,No,No Apparent Injury,NA,Not Distracted,MD,Sport Utility Vehicle,Slowing or Stopping,30,No,2021,MAZDA,CX-5,39.1852145,-77.20830733,2025,8,15
250034545,Property Damage Crash,08/03/2025 03:20:00 PM,APPLE RIDGE RD,NA,Front to Rear,Clear,Dry,Daylight,No Controls,NONE DETECTED,No,No Apparent Injury,Followed Too Closely,Unknown,NA,Unknown,Moving Constant Speed,30,No,1900,NISSAN,UNKNOWN,39.1852145,-77.20830733,2025,8,15
250034546,Property Damage Crash,08/03/2025 03:13:00 PM,NA,NA,Single Vehicle,Clear,NA,Daylight,NA,NONE DETECTED,No,NA,NA,NA,NA,Sport Utility Vehicle,Moving Constant Speed,0,No,2011,HYUNDAI,SANTA FE,38.96358209,-77.10115013,2025,8,15
250034549,Property Damage Crash,08/03/2025 02:56:00 PM,COLLINS AVE,NA,Front to Rear,Clear,Dry,Daylight,No Controls,NONE DETECTED,No,NA,NA,NA,NA,Pickup,Moving Constant Speed,20,No,2015,FORD,F-250,39.046316,-77.0610725,2025,8,14
250034542,Property Damage Crash,08/03/2025 02:39:00 PM,NA,NA,Single Vehicle,Clear,NA,Daylight,NA,NONE DETECTED,No,No Apparent Injury,NA,Not Distracted,MD,Other,Turning Right,0,No,2015,SEAGRAVE,CHASSIS ONLY,39.02815908,-77.07701679,2025,8,14
250034573,Property Damage Crash,08/03/2025 02:10:00 PM,NA,NA,Rear To Side,Clear,NA,Daylight,NA,NONE DETECTED,No,No Apparent Injury,NA,Not Distracted,MD,Sport Utility Vehicle,Stopped in Traffic,0,No,2017,HONDA,PILOT,39.03966248,-77.05723843,2025,8,14
250034573,Property Damage Crash,08/03/2025 02:10:00 PM,NA,NA,Rear To Side,Clear,NA,Daylight,NA,NONE DETECTED,No,NA,NA,Unknown,NA,Sport Utility Vehicle,Backing,0,No,2023,SUBARU,IMPREZA,39.03966248,-77.05723843,2025,8,14
250034534,Property Damage Crash,08/03/2025 02:05:00 PM,EISENHOWER MEMORIAL HWY,NA,Front to Rear,Clear,Dry,Daylight,No Controls,NONE DETECTED,Yes,No Apparent Injury,"Followed Too Closely, Operated Motor Vehicle in Inattentive, Careless, Negligent, or Erratic Manner",Unknown,MD,Van - Passenger (&lt;9 Seats),Moving Constant Speed,55,No,2015,FORD,TRANSIT,39.22887966,-77.28293934,2025,8,14
250034534,Property Damage Crash,08/03/2025 02:05:00 PM,EISENHOWER MEMORIAL HWY,NA,Front to Rear,Clear,Dry,Daylight,No Controls,NONE DETECTED,No,No Apparent Injury,NA,Not Distracted,MD,Passenger Car,Stopped in Traffic,55,No,2022,SUBARU,ASCENT,39.22887966,-77.28293934,2025,8,14
250034537,Property Damage Crash,08/03/2025 01:57:00 PM,ASPEN HILL RD,NA,Angle,Clear,Dry,Daylight,No Controls,NONE DETECTED,Yes,No Apparent Injury,Other Improper Action,Not Distracted,MD,Passenger Car,Entering Traffic Lane,25,No,2014,VOLKSWAGEN,JETTA,39.08030983,-77.07884217,2025,8,13
250034537,Property Damage Crash,08/03/2025 01:57:00 PM,ASPEN HILL RD,NA,Angle,Clear,Dry,Daylight,No Controls,NONE DETECTED,No,No Apparent Injury,NA,Not Distracted,MD,Passenger Car,Moving Constant Speed,25,No,2009,HONDA,CIVIC,39.08030983,-77.07884217,2025,8,13
250034517,Property Damage Crash,08/03/2025 11:17:00 AM,NA,NA,Front to Rear,Clear,NA,Daylight,NA,NONE DETECTED,No,No Apparent Injury,NA,Not Distracted,MD,Passenger Car,Stopped in Traffic,0,No,2006,TOYOTA,RAV4,39.144692740000004,-77.22662332,2025,8,11
250034517,Property Damage Crash,08/03/2025 11:17:00 AM,NA,NA,Front to Rear,Clear,NA,Daylight,NA,NONE DETECTED,No,No Apparent Injury,NA,Not Distracted,PA,Passenger Car,Backing,0,No,2024,ACURA,INTEGRA,39.144692740000004,-77.22662332,2025,8,11
250034515,Property Damage Crash,08/03/2025 11:00:00 AM,FALLS RD,NA,"Sideswipe, Same Direction",Clear,Dry,Daylight,Traffic Control Signal,NONE DETECTED,Yes,No Apparent Injury,Improper Turn,Not Distracted,MD,Passenger Car,Turning Right,30,No,2012,LEXUS,CT,39.00970359,-77.21986314,2025,8,11
250034515,Property Damage Crash,08/03/2025 11:00:00 AM,FALLS RD,NA,"Sideswipe, Same Direction",Clear,Dry,Daylight,Traffic Control Signal,NONE DETECTED,No,No Apparent Injury,NA,Not Distracted,MD,Passenger Car,Overtaking/Passing,30,No,2022,VOLKSWAGEN,ATLAS,39.00970359,-77.21986314,2025,8,11
250034511,Property Damage Crash,08/03/2025 10:30:00 AM,RANDOLPH RD (WB/L),NA,"Sideswipe, Same Direction",Clear,Dry,Daylight,No Controls,NONE DETECTED,No,No Apparent Injury,NA,Not Distracted,MD,Bus - Transit,Stopped in Traffic,35,No,2023,NEW FLYER,XCELSIOR,39.05569233,-77.08341133,2025,8,10
250034511,Property Damage Crash,08/03/2025 10:30:00 AM,RANDOLPH RD (WB/L),NA,"Sideswipe, Same Direction",Clear,Dry,Daylight,No Controls,NONE DETECTED,Yes,No Apparent Injury,NA,Not Distracted,MD,Sport Utility Vehicle,Moving Constant Speed,35,No,2018,TOYOTA,RAV4,39.05569233,-77.08341133,2025,8,10
250034514,Injury Crash,08/03/2025 10:28:00 AM,NA,NA,Angle,Clear,Dry,Daylight,Traffic Control Signal,NONE DETECTED,No,No Apparent Injury,NA,Not Distracted,OH,Passenger Car,Stopped in Traffic,30,No,2024,KIA,SPORTAGE,39.0337609,-77.00224553,2025,8,10
250034514,Injury Crash,08/03/2025 10:28:00 AM,NA,NA,Angle,Clear,Dry,Daylight,Traffic Control Signal,NONE DETECTED,Yes,Possible Minor Injury,Too Fast For Conditions,Not Distracted,MD,Passenger Car,Turning Left,40,No,2019,JEEP,CHEROKEE,39.0337609,-77.00224553,2025,8,10
250034514,Injury Crash,08/03/2025 10:28:00 AM,NA,NA,Angle,Clear,Dry,Daylight,Traffic Control Signal,NONE DETECTED,No,No Apparent Injury,NA,Not Distracted,MD,Passenger Car,Stopped in Traffic,35,No,2016,AUDI,Q5,39.0337609,-77.00224553,2025,8,10
250034507,Property Damage Crash,08/03/2025 10:17:00 AM,W MONTGOMERY AVE,NA,Front to Front,Clear,Dry,Daylight,No Controls,NONE DETECTED,No,No Apparent Injury,NA,Not Distracted,MD,Passenger Car,Moving Constant Speed,25,No,2020,JEEP,COMPASS,39.08416377,-77.15481251,2025,8,10
250034507,Property Damage Crash,08/03/2025 10:17:00 AM,W MONTGOMERY AVE,NA,Front to Front,Clear,Dry,Daylight,Stop Sign,NONE DETECTED,Yes,No Apparent Injury,NA,Not Distracted,MD,Passenger Car,Moving Constant Speed,25,No,2023,LEXUS,RZ,39.08416377,-77.15481251,2025,8,10
250034503,Injury Crash,08/03/2025 08:26:00 AM,RIDGE RD (SB/L),NA,Front to Front,Clear,Dry,Daylight,No Controls,NONE DETECTED,Yes,Suspected Serious Injury,Failed to Keep in Proper Lane,Unknown,MD,Passenger Car,Leaving Traffic Lane,40,No,1999,ACURA,TL,39.24222767,-77.23495395,2025,8,8
250034503,Injury Crash,08/03/2025 08:26:00 AM,RIDGE RD (SB/L),NA,Front to Front,Clear,Dry,Daylight,No Controls,NONE DETECTED,No,Possible Minor Injury,NA,Not Distracted,MD,Sport Utility Vehicle,Moving Constant Speed,40,No,2014,FORD,EXPLORER,39.24222767,-77.23495395,2025,8,8
250034496,Property Damage Crash,08/03/2025 04:22:00 AM,ELNORA ST,NA,"Sideswipe, Same Direction",Clear,Dry,Dark,No Controls,NONE DETECTED,No,NA,NA,NA,NA,Sport Utility Vehicle,Moving Constant Speed,20,No,2023,JEEP,GRAND CHEROKEE,39.04487667,-77.054675,2025,8,4
250034498,Property Damage Crash,08/03/2025 03:50:00 AM,STRINGTOWN RD (NB/L),NA,Single Vehicle,Clear,Dry,Medium,No Controls,NONE DETECTED,Yes,No Apparent Injury,Ran Off Roadway,Talking/listening,MD,Passenger Car,Moving Constant Speed,30,No,2019,NISSAN,VERSA,39.23830013,-77.27654971,2025,8,3
250034479,Property Damage Crash,08/02/2025 10:32:00 PM,EAST VILLAGE AVE (WB/L),NA,Single Vehicle,Clear,Dry,Medium,No Controls,ALCOHOL PRESENT,Yes,No Apparent Injury,Failed to Keep in Proper Lane,Not Distracted,MD,Passenger Car,Negotiating a Curve,35,No,2019,ACURA,TLX,39.18512873,-77.1709983,2025,8,22
250034469,Injury Crash,08/02/2025 09:10:00 PM,GEORGIA AVE,NA,Front to Rear,Clear,Dry,Medium,No Controls,NONE DETECTED,No,No Apparent Injury,NA,Not Distracted,MD,Passenger Car,Slowing or Stopping,35,No,2008,TOYOTA,COROLLA,39.0629597,-77.05444537,2025,8,21
250034469,Injury Crash,08/02/2025 09:10:00 PM,GEORGIA AVE,NA,Front to Rear,Clear,Dry,Medium,No Controls,NONE DETECTED,Yes,No Apparent Injury,Followed Too Closely,Unknown,MD,Passenger Car,Slowing or Stopping,35,No,2020,CHEVROLET,SONIC,39.0629597,-77.05444537,2025,8,21
250034480,Property Damage Crash,08/02/2025 08:30:00 PM,RIDGE RD (SB/L),NA,Front to Rear,Clear,Dry,Medium,No Controls,NONE DETECTED,Yes,No Apparent Injury,Followed Too Closely,Not Distracted,MD,Passenger Car,Slowing or Stopping,40,No,2019,TOYOTA,HIGHLANDER,39.26022133,-77.22323645,2025,8,20
250034480,Property Damage Crash,08/02/2025 08:30:00 PM,RIDGE RD (SB/L),NA,Front to Rear,Clear,Dry,Medium,No Controls,NONE DETECTED,No,No Apparent Injury,NA,Not Distracted,MD,Passenger Car,Stopped in Traffic,40,No,2024,JEEP,WRANGLER,39.26022133,-77.22323645,2025,8,20
250034571,Property Damage Crash,08/02/2025 07:35:00 PM,NA,NA,Front to Rear,Clear,NA,Daylight,NA,NONE DETECTED,No,NA,NA,NA,NA,Passenger Car,Backing,0,No,2017,SUBARU,IMPREZA,39.00056299,-77.04786747,2025,8,19
250034456,Property Damage Crash,08/02/2025 06:00:00 PM,NA,NA,Angle,Clear,Dry,Daylight,No Controls,NONE DETECTED,No,NA,NA,NA,NA,NA,Turning Left,20,No,0,NA,NA,39.13007598,-77.02934937,2025,8,18
250034456,Property Damage Crash,08/02/2025 06:00:00 PM,NA,NA,Angle,Clear,Dry,Daylight,No Controls,NONE DETECTED,No,No Apparent Injury,NA,Not Distracted,MD,Station Wagon,Moving Constant Speed,40,No,2011,AUDI,A4,39.13007598,-77.02934937,2025,8,18
250010443,Injury Crash,08/02/2025 05:57:00 PM,ROCKVILLE PIKE,NA,Front to Rear,Clear,Dry,Daylight,Traffic Control Signal,NONE DETECTED,No,Possible Minor Injury,NA,Not Distracted,MD,Passenger Car,Stopped in Traffic,35,No,2011,BMW,328I,39.0618375,-77.12386169,2025,8,17
250010443,Injury Crash,08/02/2025 05:57:00 PM,ROCKVILLE PIKE,NA,Front to Rear,Clear,Dry,Daylight,Traffic Control Signal,NONE DETECTED,No,No Apparent Injury,Followed Too Closely,Not Distracted,MD,Sport Utility Vehicle,Turning Right,35,No,2006,HONDA,PILOT,39.0618375,-77.12386169,2025,8,17
250034432,Property Damage Crash,08/02/2025 03:36:00 PM,OLD GEORGETOWN RD,NA,Front to Rear,Clear,Dry,Daylight,No Controls,NONE DETECTED,No,NA,NA,NA,NA,NA,Moving Constant Speed,30,No,0,NA,NA,38.98644487,-77.09704785,2025,8,15
250034432,Property Damage Crash,08/02/2025 03:36:00 PM,OLD GEORGETOWN RD,NA,Front to Rear,Clear,Dry,Daylight,No Controls,NONE DETECTED,No,No Apparent Injury,NA,Not Distracted,MD,Passenger Car,Slowing or Stopping,30,No,2023,TESLA,MODEL Y,38.98644487,-77.09704785,2025,8,15
250034438,Property Damage Crash,08/02/2025 03:30:00 PM,GEORGIA AVE (SB/L),NA,"Sideswipe, Same Direction",Clear,Dry,Daylight,Traffic Control Signal,NONE DETECTED,No,No Apparent Injury,NA,Not Distracted,OH,Sport Utility Vehicle,Accelerating,35,No,2010,HONDA,CR-V,39.04716822,-77.05204813,2025,8,15
250034438,Property Damage Crash,08/02/2025 03:30:00 PM,GEORGIA AVE (SB/L),NA,"Sideswipe, Same Direction",Clear,Dry,Daylight,Traffic Control Signal,NONE DETECTED,No,No Apparent Injury,Disregarded Other Road Markings,Unknown,NA,Passenger Car,Accelerating,35,No,2018,HONDA,ACCORD,39.04716822,-77.05204813,2025,8,15
250034431,Injury Crash,08/02/2025 03:21:00 PM,NA,NA,Front to Rear,Clear,Dry,Daylight,No Controls,NONE DETECTED,No,NA,NA,NA,NA,Passenger Car,Moving Constant Speed,25,No,2008,HYUNDAI,TIBURON,39.08087224,-76.94258039,2025,8,15
250034431,Injury Crash,08/02/2025 03:21:00 PM,NA,NA,Front to Rear,Clear,Dry,Daylight,No Controls,NONE DETECTED,No,Possible Minor Injury,NA,Not Distracted,MD,Passenger Car,Stopped in Traffic,25,No,2019,HONDA,CIVIC,39.08087224,-76.94258039,2025,8,15
250034431,Injury Crash,08/02/2025 03:21:00 PM,NA,NA,Front to Rear,Clear,Dry,Daylight,No Controls,NONE DETECTED,No,No Apparent Injury,NA,Not Distracted,MD,Passenger Car,Stopped in Traffic,25,No,2025,TOYOTA,COROLLA,39.08087224,-76.94258039,2025,8,15
250034429,Property Damage Crash,08/02/2025 02:32:00 PM,NA,NA,Other,Clear,NA,Daylight,NA,NONE DETECTED,No,No Apparent Injury,NA,Not Distracted,DC,Passenger Car,NA,0,No,2016,DODGE,DURANGO,39.04349048,-77.05070019,2025,8,14
250034424,Injury Crash,08/02/2025 02:31:00 PM,COLUMBIA PIKE,NA,Front to Rear,Clear,Dry,Daylight,Traffic Control Signal,NONE DETECTED,No,Possible Minor Injury,NA,Not Distracted,MD,Passenger Car,Stopped in Traffic,50,No,2016,HONDA,CIVIC,39.09420267,-76.93878767,2025,8,14