Local Case Number,ACRS Report Type,Crash Date/Time,Road Name,Related Non-Motorist,Collision Type,Weather,Surface Condition,Light,Traffic Control,Driver Substance Abuse,Driver At Fault,Injury Severity,Circumstance,Driver Distracted By,Drivers License State,Vehicle Body Type,Vehicle Movement,Speed Limit,Driverless Vehicle,Vehicle Year,Vehicle Make,Vehicle Model,Latitude,Longitude,Year,Month,Hour
250034424,Injury Crash,08/02/2025 02:31:00 PM,COLUMBIA PIKE,NA,Front to Rear,Clear,Dry,Daylight,Traffic Control Signal,NONE DETECTED,Yes,No Apparent Injury,NA,Not Distracted,MD,Passenger Car,Moving Constant Speed,50,No,2018,BMW,X1,39.09420267,-76.93878767,2025,8,14
250034422,Property Damage Crash,08/02/2025 02:20:00 PM,GRANDVIEW AVE,NA,Angle,Clear,Dry,Daylight,No Controls,NONE DETECTED,No,No Apparent Injury,NA,Not Distracted,MD,Sport Utility Vehicle,Moving Constant Speed,30,No,2021,TOYOTA,RAV4,39.04208709,-77.05310371,2025,8,14
250034422,Property Damage Crash,08/02/2025 02:20:00 PM,GRANDVIEW AVE,NA,Angle,Clear,Dry,Daylight,No Controls,NONE DETECTED,Yes,No Apparent Injury,NA,Not Distracted,NA,Sport Utility Vehicle,Turning Left,30,No,2023,HYUNDAI,TUCSON,39.04208709,-77.05310371,2025,8,14
250034423,Property Damage Crash,08/02/2025 02:15:00 PM,GEORGIA AVE (SB/L),NA,Front to Rear,Clear,Dry,Daylight,Traffic Control Signal,ALCOHOL PRESENT,Yes,No Apparent Injury,"Followed Too Closely, Operated Motor Vehicle in Inattentive, Careless, Negligent, or Erratic Manner, Operated Motor Vehicle in Reckless or Aggressive Manner, Other Improper Action",Unknown,NA,Sport Utility Vehicle,Moving Constant Speed,35,No,2010,FORD,ESCAPE,39.06094967,-77.05213333,2025,8,14
250034423,Property Damage Crash,08/02/2025 02:15:00 PM,GEORGIA AVE (SB/L),NA,Front to Rear,Clear,Dry,Daylight,Traffic Control Signal,NONE DETECTED,No,No Apparent Injury,NA,Not Distracted,MD,Sport Utility Vehicle,Slowing or Stopping,35,No,2017,HONDA,CR-V,39.06094967,-77.05213333,2025,8,14
250034423,Property Damage Crash,08/02/2025 02:15:00 PM,GEORGIA AVE (SB/L),NA,Front to Rear,Clear,Dry,Daylight,Traffic Control Signal,NONE DETECTED,No,No Apparent Injury,NA,Not Distracted,MD,Sport Utility Vehicle,Slowing or Stopping,35,No,2025,HONDA,CR-V,39.06094967,-77.05213333,2025,8,14
250034426,Property Damage Crash,08/02/2025 01:44:00 PM,SILVER SPRING AVE,NA,"Sideswipe, Same Direction",Clear,Dry,Daylight,"Other Pavement Marking (excluding edgelines, centerlines, or lane lines)",NONE DETECTED,No,No Apparent Injury,NA,Not Distracted,MD,Other,Moving Constant Speed,25,No,2020,FORD,F-450,38.99162399,-77.02633485,2025,8,13
250034426,Property Damage Crash,08/02/2025 01:44:00 PM,SILVER SPRING AVE,NA,"Sideswipe, Same Direction",Clear,Dry,Daylight,"Other Pavement Marking (excluding edgelines, centerlines, or lane lines)",NONE DETECTED,Yes,No Apparent Injury,NA,Not Distracted,DC,Passenger Car,Entering Traffic Lane,25,No,2013,LEXUS,GS,38.99162399,-77.02633485,2025,8,13
250034416,Property Damage Crash,08/02/2025 01:15:00 PM,RAMP 2 FR IS 495 WB TO MD 187 NB,NA,Front to Rear,Clear,Dry,Daylight,Traffic Control Signal,NONE DETECTED,No,No Apparent Injury,NA,Not Distracted,VA,Passenger Car,Slowing or Stopping,35,No,2013,HONDA,CIVIC,39.01732302,-77.11991381,2025,8,13
250034416,Property Damage Crash,08/02/2025 01:15:00 PM,RAMP 2 FR IS 495 WB TO MD 187 NB,NA,Front to Rear,Clear,Dry,Daylight,Traffic Control Signal,NONE DETECTED,No,No Apparent Injury,NA,Not Distracted,MD,Passenger Car,Slowing or Stopping,35,No,2012,TOYOTA,PRIUS C,39.01732302,-77.11991381,2025,8,13
250034416,Property Damage Crash,08/02/2025 01:15:00 PM,RAMP 2 FR IS 495 WB TO MD 187 NB,NA,Front to Rear,Clear,Dry,Daylight,Traffic Control Signal,NONE DETECTED,Yes,No Apparent Injury,"Other Improper Action, Too Fast For Conditions","Other Action (looking away from task, etc.)",MD,Passenger Car,Moving Constant Speed,35,No,2016,TESLA,MODEL S,39.01732302,-77.11991381,2025,8,13
250034414,Property Damage Crash,08/02/2025 01:10:00 PM,RAMP 3 FR MD 189 EB TO IS 270 NB,NA,Front to Rear,Clear,Dry,Daylight,No Controls,NONE DETECTED,No,No Apparent Injury,NA,Not Distracted,MD,Passenger Car,Moving Constant Speed,25,No,2019,DODGE,CHARGER,39.074972,-77.16508067,2025,8,13
250034414,Property Damage Crash,08/02/2025 01:10:00 PM,RAMP 3 FR MD 189 EB TO IS 270 NB,NA,Front to Rear,Clear,Dry,Daylight,No Controls,NONE DETECTED,No,No Apparent Injury,NA,Not Distracted,MD,Passenger Car,Moving Constant Speed,25,No,2008,TOYOTA,AVALON,39.074972,-77.16508067,2025,8,13
250034412,Injury Crash,08/02/2025 01:00:00 PM,FREDERICK RD,NA,Angle,Clear,Dry,Daylight,Traffic Control Signal,NONE DETECTED,Yes,Possible Minor Injury,Ran Red Light,Not Distracted,MD,Sport Utility Vehicle,Moving Constant Speed,45,No,2000,TOYOTA,4-RUNNER,39.17841361,-77.23840999,2025,8,13
250034412,Injury Crash,08/02/2025 01:00:00 PM,FREDERICK RD,NA,Angle,Clear,Dry,Daylight,Traffic Control Signal,NONE DETECTED,No,Possible Minor Injury,NA,Not Distracted,MD,Passenger Car,Turning Left,45,No,2016,TOYOTA,COROLLA,39.17841361,-77.23840999,2025,8,13
250034572,Property Damage Crash,08/02/2025 12:00:00 PM,NA,NA,"Sideswipe, Same Direction",Clear,NA,Daylight,NA,NONE DETECTED,No,NA,NA,NA,NA,Pickup,Turning Left,0,No,2004,FORD,F-150,39.02798638,-77.14486953,2025,8,12
250034402,Injury Crash,08/02/2025 11:32:00 AM,COLUMBIA PIKE,NA,"Sideswipe, Same Direction",Clear,Dry,Daylight,No Controls,NONE DETECTED,Yes,Possible Minor Injury,Improper Passing,Unknown,MD,Passenger Car,Changing Lanes,50,No,2013,ACURA,TL,39.06740449,-76.95945668,2025,8,11
250034402,Injury Crash,08/02/2025 11:32:00 AM,COLUMBIA PIKE,NA,"Sideswipe, Same Direction",Clear,Dry,Daylight,No Controls,NONE DETECTED,No,Possible Minor Injury,NA,Not Distracted,MD,Passenger Car,Moving Constant Speed,50,No,2015,MAZDA,MAZDA6,39.06740449,-76.95945668,2025,8,11
250034389,Injury Crash,08/02/2025 09:30:00 AM,LOGAN DR,Cyclist (non-electric),Single Vehicle,Clear,Dry,Daylight,Stop Sign,NONE DETECTED,No,No Apparent Injury,NA,Not Distracted,TX,Passenger Car,Moving Constant Speed,35,No,2022,TOYOTA,RAV4,39.00841004,-77.20069514,2025,8,9
250034377,Property Damage Crash,08/02/2025 06:23:00 AM,CROCUS DR,NA,Front to Front,Clear,Dry,Dark,No Controls,NONE DETECTED,Yes,No Apparent Injury,NA,Unknown,MD,Passenger Car,Moving Constant Speed,20,No,1997,JEEP,CHEROKEE,39.09473908,-77.17288076,2025,8,6
250034372,Property Damage Crash,08/02/2025 03:30:00 AM,KENDALE RD,NA,Angle,Clear,Dry,Dark,No Controls,NONE DETECTED,No,No Apparent Injury,Failed to Keep in Proper Lane,Unknown,MD,Passenger Car,Negotiating a Curve,35,No,2019,SUBARU,OUTBACK,39.0065302,-77.1800245,2025,8,3
250034370,Injury Crash,08/02/2025 03:19:00 AM,LONGDRAFT RD,NA,Single Vehicle,Clear,Dry,Medium,No Controls,NONE DETECTED,No,No Apparent Injury,NA,Not Distracted,GA,Passenger Car,NA,30,No,2020,DODGE,CHARGER,39.13540967,-77.24404283,2025,8,3
250034369,Property Damage Crash,08/02/2025 03:00:00 AM,S WASHINGTON ST,NA,Single Vehicle,Clear,Dry,Medium,Traffic Control Signal,NONE DETECTED,No,NA,NA,NA,NA,Passenger Car,Moving Constant Speed,30,No,2007,MAZDA,MAZDA6,39.08308573,-77.15289102,2025,8,3
250034365,Injury Crash,08/02/2025 01:33:00 AM,NA,NA,"Sideswipe, Same Direction",Clear,Dry,Medium,No Controls,NONE DETECTED,Yes,Possible Minor Injury,Failed to Keep in Proper Lane,Unknown,MD,Passenger Car,Turning Right,20,No,2016,CHEVROLET,MALIBU,39.08160283,-76.94126883,2025,8,1
250034363,Property Damage Crash,08/02/2025 01:03:00 AM,BETHESDA CHURCH RD,NA,Single Vehicle,Clear,Dry,Medium,No Controls,ALCOHOL PRESENT,Yes,No Apparent Injury,"Ran Off Roadway, Wrong Side",Unknown,MD,Sport Utility Vehicle,Leaving Traffic Lane,30,No,2021,KIA,SELTOS,39.28466132,-77.2098503,2025,8,1
250034358,Property Damage Crash,08/02/2025 12:23:00 AM,TOWNE RD,NA,Angle,Clear,Dry,Medium,Traffic Control Signal,NONE DETECTED,No,No Apparent Injury,NA,Not Distracted,MD,Passenger Car,Moving Constant Speed,35,No,2017,TOYOTA,CAMRY,39.05182144,-77.11860102,2025,8,0
250034358,Property Damage Crash,08/02/2025 12:23:00 AM,TOWNE RD,NA,Angle,Clear,Dry,Medium,Traffic Control Signal,NONE DETECTED,Yes,No Apparent Injury,Ran Red Light,Unknown,MD,Passenger Car,Moving Constant Speed,35,No,2009,LEXUS,ES,39.05182144,-77.11860102,2025,8,0
250034359,Injury Crash,08/02/2025 12:12:00 AM,CONNECTICUT AVE (SB/L),NA,"Sideswipe, Same Direction",Clear,Dry,Medium,Traffic Control Signal,DRUG AND ALCOHOL CONTRIBUTED,Yes,Possible Minor Injury,NA,Unknown,MD,Passenger Car,Changing Lanes,30,No,2016,BMW,320I,39.0280888,-77.0766614,2025,8,0
250034359,Injury Crash,08/02/2025 12:12:00 AM,CONNECTICUT AVE (SB/L),NA,"Sideswipe, Same Direction",Clear,Dry,Medium,Traffic Control Signal,NONE DETECTED,No,No Apparent Injury,NA,Not Distracted,MD,Passenger Car,Slowing or Stopping,30,No,2007,HONDA,ODYSSEY,39.0280888,-77.0766614,2025,8,0
250034356,Injury Crash,08/02/2025 12:04:00 AM,DOE NORTH ENTRANCE RD,NA,Single Vehicle,Clear,Dry,Medium,Traffic Control Signal,ALCOHOL PRESENT,Yes,Possible Minor Injury,NA,Not Distracted,MD,Bus - Other Type,Turning Left,45,No,2013,FORD,F-550,39.18197858,-77.26009946,2025,8,0
250034354,Property Damage Crash,08/01/2025 11:24:00 PM,W MONTGOMERY AVE (WB/L),NA,Single Vehicle,Clear,Dry,Medium,Traffic Control Signal,NONE DETECTED,No,No Apparent Injury,"Operated Motor Vehicle in Inattentive, Careless, Negligent, or Erratic Manner, Other Improper Action","Other Action (looking away from task, etc.)",OH,Passenger Car,Moving Constant Speed,35,No,2016,HONDA,CIVIC,39.1029118,-77.18945506,2025,8,23
250034721,Property Damage Crash,08/01/2025 08:53:00 PM,NEW HAMPSHIRE AVE (SB/L),NA,"Sideswipe, Same Direction",Clear,Dry,Medium,No Controls,NONE DETECTED,No,NA,NA,NA,NA,Passenger Car,Moving Constant Speed,35,No,2003,HONDA,ODYSSEY,38.97770252,-76.99194087,2025,8,20
250034721,Property Damage Crash,08/01/2025 08:53:00 PM,NEW HAMPSHIRE AVE (SB/L),NA,"Sideswipe, Same Direction",Clear,Dry,Medium,No Controls,NONE DETECTED,No,No Apparent Injury,NA,Not Distracted,DC,Passenger Car,Moving Constant Speed,35,No,2020,TOYOTA,RAV4,38.97770252,-76.99194087,2025,8,20
250034325,Property Damage Crash,08/01/2025 06:26:00 PM,FREDERICK RD,NA,Front to Rear,Clear,Dry,Daylight,No Controls,NONE DETECTED,No,No Apparent Injury,NA,Not Distracted,MD,Passenger Car,Slowing or Stopping,40,No,2011,TOYOTA,CAMRY,39.17042496,-77.2351904,2025,8,18
250034325,Property Damage Crash,08/01/2025 06:26:00 PM,FREDERICK RD,NA,Front to Rear,Clear,Dry,Daylight,No Controls,NONE DETECTED,Yes,No Apparent Injury,NA,Unknown,MD,Passenger Car,Moving Constant Speed,40,No,2012,HONDA,PILOT,39.17042496,-77.2351904,2025,8,18
250034314,Injury Crash,08/01/2025 05:34:00 PM,SHADY GROVE RD,NA,Front to Rear,Cloudy,Dry,Daylight,No Controls,NONE DETECTED,Yes,No Apparent Injury,NA,Unknown,MD,Passenger Car,Moving Constant Speed,40,No,2021,SUBARU,CROSSTREK,39.1362185,-77.155445,2025,8,17
250034314,Injury Crash,08/01/2025 05:34:00 PM,SHADY GROVE RD,NA,Front to Rear,Cloudy,Dry,Daylight,No Controls,NONE DETECTED,No,Possible Minor Injury,NA,Not Distracted,MD,Passenger Car,Slowing or Stopping,40,No,2016,TOYOTA,RAV4,39.1362185,-77.155445,2025,8,17
250034304,Property Damage Crash,08/01/2025 03:56:00 PM,LITTLE BROOKE DR,NA,Rear To Side,Clear,Dry,Daylight,No Controls,NONE DETECTED,Yes,No Apparent Injury,"Operated Motor Vehicle in Inattentive, Careless, Negligent, or Erratic Manner",Unknown,NA,Sport Utility Vehicle,Backing,0,No,2022,BMW,X3,39.15548843,-77.05123502,2025,8,15
250034298,Injury Crash,08/01/2025 03:31:00 PM,COMMERCE LA,NA,Angle,Clear,Dry,Daylight,No Controls,NONE DETECTED,Yes,No Apparent Injury,NA,Not Distracted,MD,Van - Passenger (&lt;9 Seats),Entering Traffic Lane,25,No,2025,BMW,X5,38.98595669,-77.09457755,2025,8,15
250034298,Injury Crash,08/01/2025 03:31:00 PM,COMMERCE LA,NA,Angle,Clear,Dry,Daylight,Pedestrian Crossing Sign,NONE DETECTED,No,Possible Minor Injury,NA,Not Distracted,MD,Sport Utility Vehicle,Moving Constant Speed,25,No,2008,HONDA,ODYSSEY,38.98595669,-77.09457755,2025,8,15
250034300,Property Damage Crash,08/01/2025 03:07:00 PM,CAPITAL BELTWAY,NA,Front to Rear,Clear,Dry,Daylight,No Controls,NONE DETECTED,No,No Apparent Injury,NA,Not Distracted,VA,Passenger Car,Moving Constant Speed,55,No,2020,HONDA,CR-V,39.01341535,-77.04449355,2025,8,15
250034300,Property Damage Crash,08/01/2025 03:07:00 PM,CAPITAL BELTWAY,NA,Front to Rear,Clear,Dry,Daylight,No Controls,NONE DETECTED,No,No Apparent Injury,NA,Unknown,NA,Passenger Car,Moving Constant Speed,55,No,2015,DODGE,CHARGER,39.01341535,-77.04449355,2025,8,15
250034291,Property Damage Crash,08/01/2025 02:50:00 PM,GEORGIA AVE,NA,"Sideswipe, Same Direction",Clear,Dry,Daylight,No Controls,NONE DETECTED,No,No Apparent Injury,NA,Not Distracted,DC,Bus - Transit,Stopped in Traffic,30,No,2019,NEW FLYER,XCELSIOR,39.00937869,-77.0405096,2025,8,14
250034291,Property Damage Crash,08/01/2025 02:50:00 PM,GEORGIA AVE,NA,"Sideswipe, Same Direction",Clear,Dry,Daylight,No Controls,NONE DETECTED,No,NA,NA,NA,NA,Other,Moving Constant Speed,30,No,0,NA,NA,39.00937869,-77.0405096,2025,8,14
250034289,Property Damage Crash,08/01/2025 02:38:00 PM,NA,NA,Angle,Clear,Dry,Daylight,No Controls,NONE DETECTED,No,No Apparent Injury,NA,Not Distracted,MD,Passenger Car,Making U-Turn,35,No,2022,TOYOTA,CAMRY,39.08676764,-76.95746633,2025,8,14
250034289,Property Damage Crash,08/01/2025 02:38:00 PM,NA,NA,Angle,Clear,Dry,Daylight,No Controls,NONE DETECTED,No,No Apparent Injury,NA,Not Distracted,MD,Passenger Car,Moving Constant Speed,35,No,2024,CADILLAC,LYRIQ,39.08676764,-76.95746633,2025,8,14
250034283,Injury Crash,08/01/2025 02:35:00 PM,EAST WEST HWY,Cyclist (Electric),Single Vehicle,Cloudy,Dry,Daylight,No Controls,NONE DETECTED,No,No Apparent Injury,NA,Not Distracted,MD,Passenger Car,Turning Right,30,No,2016,TOYOTA,RAV4,38.98704833,-77.08403,2025,8,14
250034287,Property Damage Crash,08/01/2025 02:28:00 PM,NA,NA,"Sideswipe, Same Direction",Cloudy,Dry,Daylight,No Controls,NONE DETECTED,No,No Apparent Injury,NA,Not Distracted,MD,Passenger Car,Slowing or Stopping,35,No,2005,LEXUS,ES,38.99709799,-77.00502679,2025,8,14
250034287,Property Damage Crash,08/01/2025 02:28:00 PM,NA,NA,"Sideswipe, Same Direction",Cloudy,Dry,Daylight,No Controls,NONE DETECTED,Yes,No Apparent Injury,NA,Unknown,MD,Passenger Car,Entering Traffic Lane,35,No,2024,JEEP,COMPASS,38.99709799,-77.00502679,2025,8,14
250034256,Injury Crash,08/01/2025 12:51:00 PM,HUNGERFORD DR (SB/L),NA,Angle,Clear,Dry,Daylight,Traffic Control Signal,NONE DETECTED,Yes,No Apparent Injury,NA,Not Distracted,MD,Passenger Car,Moving Constant Speed,35,No,2024,FORD,ESCAPE,39.09181967,-77.15330151,2025,8,12
250034256,Injury Crash,08/01/2025 12:51:00 PM,HUNGERFORD DR (SB/L),NA,Angle,Clear,Dry,Daylight,Traffic Control Signal,NONE DETECTED,No,Possible Minor Injury,NA,Not Distracted,LA,Passenger Car,Moving Constant Speed,35,No,2006,HONDA,ACCORD,39.09181967,-77.15330151,2025,8,12
250034254,Injury Crash,08/01/2025 12:30:00 PM,SERPENTINE WAY,Cyclist (Electric),Single Vehicle,Clear,Dry,Daylight,No Controls,NONE DETECTED,No,Possible Minor Injury,NA,Not Distracted,MD,Passenger Car,Moving Constant Speed,25,No,2018,CHEVROLET,EQUINOX,39.06742567,-76.96954062,2025,8,12
250034234,Injury Crash,08/01/2025 10:39:00 AM,RANDOLPH RD,NA,Other,Cloudy,Wet,Daylight,Traffic Control Signal,NONE DETECTED,No,No Apparent Injury,NA,Not Distracted,MD,Pickup,Moving Constant Speed,35,No,2002,FORD,F-350,39.05612867,-77.08227667,2025,8,10
250034234,Injury Crash,08/01/2025 10:39:00 AM,RANDOLPH RD,NA,Other,Cloudy,Wet,Daylight,Traffic Control Signal,NONE DETECTED,Yes,Possible Minor Injury,Failed to Keep in Proper Lane,Not Distracted,MD,Passenger Car,Changing Lanes,35,No,2006,TOYOTA,AVALON,39.05612867,-77.08227667,2025,8,10
250034231,Injury Crash,08/01/2025 10:05:00 AM,VETERANS PL,NA,Angle,Rain,Wet,Daylight,No Controls,NONE DETECTED,No,No Apparent Injury,NA,Not Distracted,MD,Passenger Car,Moving Constant Speed,25,No,2013,CADILLAC,ATS,38.99745322,-77.02368514,2025,8,10
250034231,Injury Crash,08/01/2025 10:05:00 AM,VETERANS PL,NA,Angle,Rain,Wet,Daylight,Stop Sign,NONE DETECTED,Yes,Possible Minor Injury,NA,Not Distracted,MD,Passenger Car,Turning Right,25,No,2017,TOYOTA,COROLLA,38.99745322,-77.02368514,2025,8,10
250034226,Property Damage Crash,08/01/2025 10:03:00 AM,COLUMBIA PIKE,NA,Front to Rear,Cloudy,Wet,Daylight,Traffic Control Signal,NONE DETECTED,No,No Apparent Injury,NA,Not Distracted,MD,Passenger Car,Stopped in Traffic,45,No,2016,TOYOTA,SCION IA,39.03927981,-76.99768979,2025,8,10
250034226,Property Damage Crash,08/01/2025 10:03:00 AM,COLUMBIA PIKE,NA,Front to Rear,Cloudy,Wet,Daylight,Traffic Control Signal,NONE DETECTED,Yes,No Apparent Injury,Too Fast For Conditions,Not Distracted,MD,Passenger Car,Moving Constant Speed,45,No,2005,HONDA,CIVIC,39.03927981,-76.99768979,2025,8,10
250034226,Property Damage Crash,08/01/2025 10:03:00 AM,COLUMBIA PIKE,NA,Front to Rear,Cloudy,Wet,Daylight,Traffic Control Signal,NONE DETECTED,No,No Apparent Injury,NA,Not Distracted,MD,Passenger Car,Stopped in Traffic,45,No,2022,VOLKSWAGEN,ID.4,39.03927981,-76.99768979,2025,8,10
250034228,Injury Crash,08/01/2025 09:56:00 AM,NEW HAMPSHIRE AVE (SB/L),NA,Angle,Rain,Wet,Daylight,Traffic Control Signal,NONE DETECTED,No,No Apparent Injury,NA,Not Distracted,MD,Passenger Car,Moving Constant Speed,35,No,2015,TOYOTA,CAMRY,38.98760157,-76.9879189,2025,8,9
250034228,Injury Crash,08/01/2025 09:56:00 AM,NEW HAMPSHIRE AVE (SB/L),NA,Angle,Rain,Wet,Daylight,Traffic Control Signal,NONE DETECTED,Yes,Possible Minor Injury,NA,Not Distracted,MD,Sport Utility Vehicle,Moving Constant Speed,35,No,2025,CHRYSLER,PACIFICA,38.98760157,-76.9879189,2025,8,9
250034222,Property Damage Crash,08/01/2025 09:37:00 AM,MARLIN ST,NA,"Sideswipe, Same Direction",Cloudy,Wet,Daylight,No Controls,NONE DETECTED,Yes,No Apparent Injury,Other Improper Action,Not Distracted,MD,Single-Unit Truck,Slowing or Stopping,25,No,2021,PIERCE MANUFACTURING,ENFORCER,39.09900329,-77.10656961,2025,8,9
250034392,Injury Crash,08/01/2025 09:11:00 AM,HOWARD CHAPEL RD,Cyclist (non-electric),Single Vehicle,Clear,Dry,Daylight,No Controls,NONE DETECTED,No,Suspected Serious Injury,NA,Unknown,MD,Passenger Car,Overtaking/Passing,35,No,2000,HONDA,S2000,39.22375411,-77.07725625,2025,8,9
250034214,Property Damage Crash,08/01/2025 08:41:00 AM,NA,NA,Front to Rear,Rain,Wet,Daylight,No Controls,NONE DETECTED,No,No Apparent Injury,NA,Not Distracted,MD,Passenger Car,Turning Right,50,No,2025,MAZDA,MAZDA3,39.23118483,-77.17859183,2025,8,8
250034214,Property Damage Crash,08/01/2025 08:41:00 AM,NA,NA,Front to Rear,Rain,Wet,Daylight,No Controls,NONE DETECTED,Yes,No Apparent Injury,Too Fast For Conditions,Not Distracted,MD,Van - Passenger (&lt;9 Seats),Moving Constant Speed,50,No,2005,FORD,E-150,39.23118483,-77.17859183,2025,8,8
250034207,Property Damage Crash,08/01/2025 08:00:00 AM,NA,NA,Angle,Cloudy,NA,Daylight,NA,NONE DETECTED,Yes,No Apparent Injury,Improper Backing,Unknown,MD,Pickup,Backing,0,No,2006,CHEVROLET,SILVERADO,39.28770839,-77.20030037,2025,8,8
250034205,Property Damage Crash,08/01/2025 07:55:00 AM,NA,NA,"Sideswipe, Opposite Direction",Rain,Wet,Daylight,No Controls,NONE DETECTED,No,No Apparent Injury,NA,Not Distracted,MD,Van - Cargo,Moving Constant Speed,30,No,2024,FORD,TRANSIT,39.158633879999996,-77.06285399,2025,8,7
250034205,Property Damage Crash,08/01/2025 07:55:00 AM,NA,NA,"Sideswipe, Opposite Direction",Rain,Wet,Daylight,No Controls,NONE DETECTED,Yes,No Apparent Injury,NA,Not Distracted,MD,Bus - School,Turning Left,30,No,2019,FREIGHTLINER,B2 BUS CHASSIS,39.158633879999996,-77.06285399,2025,8,7
250034202,Injury Crash,08/01/2025 07:30:00 AM,NA,Pedestrian,Single Vehicle,Cloudy,Wet,Daylight,Stop Sign,NONE DETECTED,Yes,No Apparent Injury,Failed to Yield Right-of-Way,Unknown,MD,Passenger Car,Turning Right,15,No,2019,VOLVO,XC90,38.98794589,-77.09950925,2025,8,7
250034203,Property Damage Crash,08/01/2025 06:57:00 AM,COLESVILLE RD (WB/L),NA,Front to Rear,Cloudy,Wet,Daylight,No Controls,ALCOHOL PRESENT,Yes,No Apparent Injury,Other Improper Action,Unknown,MD,Sport Utility Vehicle,Accelerating,30,No,2014,LAND ROVER,RANGE ROVER SPORT,38.99259243,-77.03545641,2025,8,6
250034203,Property Damage Crash,08/01/2025 06:57:00 AM,COLESVILLE RD (WB/L),NA,Front to Rear,Cloudy,Wet,Daylight,No Controls,NONE DETECTED,No,No Apparent Injury,NA,Not Distracted,MD,Van - Passenger (&lt;9 Seats),Slowing or Stopping,30,No,2020,TOYOTA,SIENNA,38.99259243,-77.03545641,2025,8,6
250034199,Injury Crash,08/01/2025 06:50:00 AM,SOUTHLAWN LA,NA,Angle,Cloudy,Dry,Daylight,No Controls,NONE DETECTED,No,No Apparent Injury,NA,Not Distracted,MD,Passenger Car,Moving Constant Speed,35,No,2001,DODGE,RAM,39.09843608,-77.13625676,2025,8,6
250034199,Injury Crash,08/01/2025 06:50:00 AM,SOUTHLAWN LA,NA,Angle,Cloudy,Dry,Daylight,No Controls,NONE DETECTED,Yes,Possible Minor Injury,Failed to Yield Right-of-Way,Unknown,MD,Passenger Car,Turning Left,35,No,2016,TOYOTA,CAMRY,39.09843608,-77.13625676,2025,8,6
250034196,Injury Crash,08/01/2025 05:32:00 AM,NA,NA,Other,Clear,Dry,Medium,Traffic Control Signal,NONE DETECTED,No,Possible Minor Injury,NA,Not Distracted,MD,Sport Utility Vehicle,Moving Constant Speed,35,No,2022,TOYOTA,HIGHLANDER,39.14563906,-77.14398222,2025,8,5
250034196,Injury Crash,08/01/2025 05:32:00 AM,NA,NA,Other,Clear,Dry,Medium,Traffic Control Signal,NONE DETECTED,Yes,Possible Minor Injury,Other Improper Action,Unknown,MD,Passenger Car,Moving Constant Speed,35,No,2016,HONDA,ACCORD,39.14563906,-77.14398222,2025,8,5
250034189,Property Damage Crash,08/01/2025 03:00:00 AM,MAPLE AVE,NA,"Sideswipe, Same Direction",Clear,Dry,Medium,No Controls,NONE DETECTED,No,NA,NA,NA,NA,NA,Negotiating a Curve,25,No,0,NA,NA,38.98483365,-77.00379766,2025,8,3
250034188,Injury Crash,08/01/2025 01:34:00 AM,TURKEY FOOT RD,NA,Single Vehicle,Clear,Dry,Dark,Curve Ahead Warning Sign,ALCOHOL PRESENT,No,Possible Minor Injury,Over-Correcting/Over-Steering,Not Distracted,MD,Passenger Car,Negotiating a Curve,25,No,2014,VOLKSWAGEN,BEETLE,39.10067746,-77.28406428,2025,8,1
250034181,Property Damage Crash,07/31/2025 10:11:00 PM,OLNEY LAYTONSVILLE RD,NA,Angle,Rain,Wet,Medium,Lane Use Control Signal,NONE DETECTED,Yes,No Apparent Injury,Ran Red Light,Unknown,MD,Passenger Car,Moving Constant Speed,35,No,2007,TOYOTA,COROLLA,39.16595493,-77.08449846,2025,7,22