Local Case Number,ACRS Report Type,Crash Date/Time,Road Name,Related Non-Motorist,Collision Type,Weather,Surface Condition,Light,Traffic Control,Driver Substance Abuse,Driver At Fault,Injury Severity,Circumstance,Driver Distracted By,Drivers License State,Vehicle Body Type,Vehicle Movement,Speed Limit,Driverless Vehicle,Vehicle Year,Vehicle Make,Vehicle Model,Latitude,Longitude,Year,Month,Hour
250034181,Property Damage Crash,07/31/2025 10:11:00 PM,OLNEY LAYTONSVILLE RD,NA,Angle,Rain,Wet,Medium,Lane Use Control Signal,NONE DETECTED,No,No Apparent Injury,NA,Not Distracted,MD,Pickup,Turning Left,25,No,2006,CHEVROLET,SILVERADO,39.16595493,-77.08449846,2025,7,22
250034164,Property Damage Crash,07/31/2025 06:45:00 PM,SEVEN LOCKS RD,NA,"Sideswipe, Same Direction",Rain,Wet,Daylight,No Controls,NONE DETECTED,No,No Apparent Injury,NA,Not Distracted,MD,Sport Utility Vehicle,Moving Constant Speed,35,No,2023,LEXUS,RX,39.02182218,-77.16223222,2025,7,18
250034164,Property Damage Crash,07/31/2025 06:45:00 PM,SEVEN LOCKS RD,NA,"Sideswipe, Same Direction",Rain,Wet,Daylight,No Controls,NONE DETECTED,Yes,No Apparent Injury,Improper Turn,Unknown,MD,Sport Utility Vehicle,Making U-Turn,35,No,2018,LAND ROVER,RANGE ROVER SPORT,39.02182218,-77.16223222,2025,7,18
250034153,Injury Crash,07/31/2025 05:21:00 PM,TREETOP DR,Pedestrian,Single Vehicle,Rain,Wet,Daylight,Stop Sign,NONE DETECTED,No,No Apparent Injury,NA,Unknown,TX,Passenger Car,Turning Left,35,No,2022,NISSAN,ROGUE SPORT,39.05884094,-76.96935377,2025,7,17
250034149,Property Damage Crash,07/31/2025 04:55:00 PM,CLOPPER RD,NA,Front to Rear,Cloudy,Dry,Daylight,No Controls,NONE DETECTED,Yes,No Apparent Injury,NA,Not Distracted,MD,Passenger Car,Moving Constant Speed,40,No,2009,HONDA,CIVIC,39.15543333,-77.26106321,2025,7,16
250034149,Property Damage Crash,07/31/2025 04:55:00 PM,CLOPPER RD,NA,Front to Rear,Cloudy,Dry,Daylight,No Controls,NONE DETECTED,No,No Apparent Injury,NA,Not Distracted,MD,Passenger Car,Turning Left,40,No,2024,JEEP,GRAND CHEROKEE L,39.15543333,-77.26106321,2025,7,16
250034148,Injury Crash,07/31/2025 04:38:00 PM,NA,NA,Angle,Clear,Wet,Daylight,No Controls,NONE DETECTED,No,No Apparent Injury,NA,Not Distracted,MD,Passenger Car,Moving Constant Speed,30,No,2016,TOYOTA,COROLLA,39.07370964,-77.13671897,2025,7,16
250034148,Injury Crash,07/31/2025 04:38:00 PM,NA,NA,Angle,Clear,Wet,Daylight,No Controls,NONE DETECTED,Yes,Possible Minor Injury,NA,Unknown,MD,Sport Utility Vehicle,Turning Left,30,No,2024,TOYOTA,RAV4,39.07370964,-77.13671897,2025,7,16
250034150,Property Damage Crash,07/31/2025 03:30:00 PM,NEW HAMPSHIRE AVE (SB/L),NA,"Sideswipe, Same Direction",Clear,Dry,Daylight,Traffic Control Signal,NONE DETECTED,No,No Apparent Injury,NA,Not Distracted,MD,Van - Passenger (&lt;9 Seats),Stopped in Traffic,35,No,2013,TOYOTA,SIENNA,39.07595726,-77.00196831,2025,7,15
250034150,Property Damage Crash,07/31/2025 03:30:00 PM,NEW HAMPSHIRE AVE (SB/L),NA,"Sideswipe, Same Direction",Clear,Dry,Daylight,Traffic Control Signal,NONE DETECTED,Yes,No Apparent Injury,Failed to Keep in Proper Lane,Not Distracted,MD,Sport Utility Vehicle,Accelerating,35,No,2017,MERCEDES-BENZ,GLS-CLASS,39.07595726,-77.00196831,2025,7,15
250034136,Property Damage Crash,07/31/2025 03:25:00 PM,NA,NA,Other,Rain,NA,Daylight,NA,NONE DETECTED,Yes,No Apparent Injury,NA,Not Distracted,MD,Van - Passenger (&lt;9 Seats),Backing,0,No,2018,DODGE,GRAND CARAVAN,39.08370686,-77.15337878,2025,7,15
250034138,Injury Crash,07/31/2025 03:22:00 PM,W KERSEY LA,Cyclist (non-electric),Single Vehicle,Rain,Wet,Daylight,Traffic Control Signal,NONE DETECTED,Yes,No Apparent Injury,NA,Not Distracted,MD,Sport Utility Vehicle,Entering Traffic Lane,35,No,2024,KIA,SELTOS,39.06647462,-77.17413855,2025,7,15
250034651,Property Damage Crash,07/31/2025 03:20:00 PM,NA,NA,Rear To Rear,Clear,NA,Daylight,NA,NONE DETECTED,Yes,No Apparent Injury,NA,Unknown,MD,Other,Backing,0,No,2019,FORD,F-350,39.04127475,-77.0539001,2025,7,15
250034134,Property Damage Crash,07/31/2025 03:19:00 PM,BUREAU DR (SB/L),NA,Front to Front,Rain,Wet,Daylight,Traffic Control Signal,NONE DETECTED,No,No Apparent Injury,NA,Unknown,MD,Passenger Car,Turning Left,35,No,2016,FORD,FUSION,39.14173853,-77.2177039,2025,7,15
250034134,Property Damage Crash,07/31/2025 03:19:00 PM,BUREAU DR (SB/L),NA,Front to Front,Rain,Wet,Daylight,Traffic Control Signal,NONE DETECTED,No,No Apparent Injury,NA,Not Distracted,MD,Passenger Car,Moving Constant Speed,35,No,2006,TOYOTA,CAMRY SOLARA,39.14173853,-77.2177039,2025,7,15
250034131,Injury Crash,07/31/2025 02:50:00 PM,NA,Pedestrian,Single Vehicle,Rain,NA,Daylight,NA,NONE DETECTED,Yes,No Apparent Injury,NA,Not Distracted,MD,Passenger Car,Accelerating,0,No,2018,HYUNDAI,ELANTRA,39.02586154,-77.10237375,2025,7,14
250034129,Property Damage Crash,07/31/2025 02:30:00 PM,ROCKVILLE PIKE,NA,"Sideswipe, Same Direction",Rain,Wet,Daylight,Traffic Control Signal,NONE DETECTED,No,NA,NA,NA,NA,Passenger Car,Turning Right,45,No,2019,LINCOLN,MKC,39.05611781,-77.11900807,2025,7,14
250034129,Property Damage Crash,07/31/2025 02:30:00 PM,ROCKVILLE PIKE,NA,"Sideswipe, Same Direction",Rain,Wet,Daylight,Traffic Control Signal,NONE DETECTED,No,No Apparent Injury,NA,Not Distracted,MD,Passenger Car,Stopped in Traffic,45,No,2025,TOYOTA,COROLLA,39.05611781,-77.11900807,2025,7,14
250034119,Property Damage Crash,07/31/2025 02:20:00 PM,ROCKVILLE PIKE (SB/L),NA,Front to Rear,Rain,Wet,Daylight,Traffic Control Signal,NONE DETECTED,No,No Apparent Injury,NA,Not Distracted,MD,Passenger Car,Slowing or Stopping,35,No,2019,TOYOTA,COROLLA,39.04719674,-77.1130003,2025,7,14
250034119,Property Damage Crash,07/31/2025 02:20:00 PM,ROCKVILLE PIKE (SB/L),NA,Front to Rear,Rain,Wet,Daylight,Traffic Control Signal,NONE DETECTED,Yes,No Apparent Injury,Followed Too Closely,Unknown,MD,Bus - School,Slowing or Stopping,35,No,2022,IC BUS,PB105,39.04719674,-77.1130003,2025,7,14
250036749,Property Damage Crash,07/31/2025 02:00:00 PM,NA,NA,Front to Rear,Clear,NA,Daylight,NA,NONE DETECTED,No,No Apparent Injury,NA,NA,NA,Passenger Car,Moving Constant Speed,0,No,2018,TOYOTA,YARIS IA,39.090164,-77.069313,2025,7,14
250034120,Property Damage Crash,07/31/2025 01:38:00 PM,NA,NA,"Sideswipe, Same Direction",Rain,Wet,Daylight,Traffic Control Signal,NONE DETECTED,No,No Apparent Injury,NA,Not Distracted,MD,Bus - Transit,Slowing or Stopping,35,No,2013,NEW FLYER,XCELSIOR,39.04917017,-77.1024175,2025,7,13
250034120,Property Damage Crash,07/31/2025 01:38:00 PM,NA,NA,"Sideswipe, Same Direction",Rain,Wet,Daylight,Traffic Control Signal,NONE DETECTED,Yes,No Apparent Injury,NA,Not Distracted,GA,Pickup,Moving Constant Speed,35,No,2025,CHEVROLET,SILVERADO HD,39.04917017,-77.1024175,2025,7,13
250034110,Injury Crash,07/31/2025 01:20:00 PM,NA,NA,"Sideswipe, Opposite Direction",Cloudy,Dry,Daylight,No Controls,NONE DETECTED,No,No Apparent Injury,NA,Not Distracted,MD,Passenger Car,Moving Constant Speed,25,No,2016,TOYOTA,CAMRY,38.98734112,-77.02608976,2025,7,13
250034110,Injury Crash,07/31/2025 01:20:00 PM,NA,NA,"Sideswipe, Opposite Direction",Cloudy,Dry,Daylight,No Controls,NONE DETECTED,No,Possible Minor Injury,NA,Not Distracted,MD,Passenger Car,Changing Lanes,25,No,2021,MERCEDES-BENZ,C-CLASS,38.98734112,-77.02608976,2025,7,13
250034112,Property Damage Crash,07/31/2025 01:15:00 PM,RIVER RD,NA,"Sideswipe, Same Direction",Rain,Wet,Daylight,No Controls,NONE DETECTED,Yes,No Apparent Injury,NA,Not Distracted,VA,Pickup,Changing Lanes,30,No,2016,NISSAN,TITAN,39.01920399,-77.21069903,2025,7,13
250034112,Property Damage Crash,07/31/2025 01:15:00 PM,RIVER RD,NA,"Sideswipe, Same Direction",Rain,Wet,Daylight,No Controls,NONE DETECTED,No,No Apparent Injury,NA,Not Distracted,MD,Passenger Car,Moving Constant Speed,30,No,2013,HONDA,FIT,39.01920399,-77.21069903,2025,7,13
250034092,Property Damage Crash,07/31/2025 10:34:00 AM,NA,NA,"Sideswipe, Same Direction",Clear,NA,Daylight,NA,NONE DETECTED,Yes,No Apparent Injury,NA,Unknown,MD,Passenger Car,Accelerating,0,No,2020,LAND ROVER,RANGE ROVER,38.98092,-77.0939585,2025,7,10
25001584,Property Damage Crash,07/31/2025 10:15:00 AM,NA,NA,Single Vehicle,Clear,NA,Daylight,NA,NONE DETECTED,No,No Apparent Injury,NA,Unknown,MD,Single-Unit Truck,Accelerating,0,No,2017,FORD,F-450,39.24673585,-77.28735676,2025,7,10
250034089,Property Damage Crash,07/31/2025 10:13:00 AM,ODENDHAL AVE,NA,Angle,Cloudy,Dry,Daylight,No Controls,NONE DETECTED,Yes,No Apparent Injury,NA,Not Distracted,MX-CMX,Passenger Car,Turning Left,30,No,2008,FORD,F-150,39.1524347,-77.19710839,2025,7,10
250034089,Property Damage Crash,07/31/2025 10:13:00 AM,ODENDHAL AVE,NA,Angle,Cloudy,Dry,Daylight,No Controls,NONE DETECTED,No,No Apparent Injury,NA,Not Distracted,MD,Passenger Car,Moving Constant Speed,30,No,2025,RAM,PROMASTER 2500,39.1524347,-77.19710839,2025,7,10
250034085,Injury Crash,07/31/2025 10:04:00 AM,RIDGE RD,Cyclist (non-electric),Single Vehicle,Cloudy,Dry,Daylight,Traffic Control Signal,NONE DETECTED,Yes,No Apparent Injury,Failed to Yield Right-of-Way,Unknown,MD,Passenger Car,Turning Right,35,No,2020,HONDA,ACCORD,39.20194144,-77.25339824,2025,7,10
250034075,Property Damage Crash,07/31/2025 09:10:00 AM,NA,NA,Angle,Clear,Dry,Daylight,Stop Sign,NONE DETECTED,Yes,No Apparent Injury,NA,"Other Action (looking away from task, etc.)",US,Sport Utility Vehicle,Turning Left,35,No,2015,NISSAN,MURANO,39.02839685,-77.1618826,2025,7,9
250034075,Property Damage Crash,07/31/2025 09:10:00 AM,NA,NA,Angle,Clear,Dry,Daylight,No Controls,NONE DETECTED,No,No Apparent Injury,NA,Not Distracted,MD,Van - Passenger (&lt;9 Seats),Moving Constant Speed,35,No,2015,HONDA,ODYSSEY,39.02839685,-77.1618826,2025,7,9
250034073,Injury Crash,07/31/2025 08:49:00 AM,SAUL RD,NA,Angle,Clear,Dry,Daylight,Traffic Control Signal,NONE DETECTED,Yes,No Apparent Injury,NA,Unknown,MD,Passenger Car,Slowing or Stopping,35,No,2015,LEXUS,ES,39.01549302,-77.07885448,2025,7,8
250034073,Injury Crash,07/31/2025 08:49:00 AM,SAUL RD,NA,Angle,Clear,Dry,Daylight,Traffic Control Signal,NONE DETECTED,No,Possible Minor Injury,NA,Not Distracted,MD,Passenger Car,Accelerating,25,No,2019,HONDA,FIT,39.01549302,-77.07885448,2025,7,8
250034069,Injury Crash,07/31/2025 08:17:00 AM,NA,NA,Front to Rear,Clear,Dry,Daylight,No Controls,NONE DETECTED,No,Possible Minor Injury,NA,Not Distracted,MD,Passenger Car,Stopped in Traffic,30,No,2018,NISSAN,SENTRA,39.01019889,-77.21933297,2025,7,8
250034069,Injury Crash,07/31/2025 08:17:00 AM,NA,NA,Front to Rear,Clear,Dry,Daylight,No Controls,NONE DETECTED,Yes,No Apparent Injury,Other Improper Action,Not Distracted,MD,Pickup,Slowing or Stopping,30,No,2014,FORD,F-250,39.01019889,-77.21933297,2025,7,8
250034059,Property Damage Crash,07/31/2025 05:23:00 AM,NEW HAMPSHIRE AVE,NA,Front to Rear,Clear,Dry,Daylight,No Controls,NONE DETECTED,No,No Apparent Injury,NA,Not Distracted,MD,"Construction Equipment (backhoe, bulldozer, etc.)",Moving Constant Speed,35,No,2022,FORD,F-750,39.02760518,-76.98237342,2025,7,5
250034059,Property Damage Crash,07/31/2025 05:23:00 AM,NEW HAMPSHIRE AVE,NA,Front to Rear,Clear,Dry,Daylight,No Controls,NONE DETECTED,No,No Apparent Injury,NA,Unknown,MD,Passenger Car,Slowing or Stopping,35,No,2006,TOYOTA,SIENNA,39.02760518,-76.98237342,2025,7,5
250034050,Property Damage Crash,07/31/2025 01:08:00 AM,NORTHAMPTON DR,NA,"Sideswipe, Same Direction",Clear,Dry,Medium,No Controls,NONE DETECTED,Yes,No Apparent Injury,NA,Not Distracted,MD,Bus - Transit,Overtaking/Passing,15,No,2016,NEW FLYER,XCELSIOR,39.00695463,-76.98147521,2025,7,1
250034039,Property Damage Crash,07/30/2025 09:47:00 PM,RAMP 3 FR CHERRY HILL RD WB TO RAMP 2,NA,Front to Rear,Clear,Dry,Medium,Yield Sign,NONE DETECTED,No,No Apparent Injury,NA,Not Distracted,MD,Passenger Car,Slowing or Stopping,35,No,2009,TOYOTA,SCION XD,39.06278042,-76.96224718,2025,7,21
250034039,Property Damage Crash,07/30/2025 09:47:00 PM,RAMP 3 FR CHERRY HILL RD WB TO RAMP 2,NA,Front to Rear,Clear,Dry,Medium,Yield Sign,ALCOHOL PRESENT,No,No Apparent Injury,Followed Too Closely,Unknown,NA,Pickup,Slowing or Stopping,35,No,2017,TOYOTA,TACOMA,39.06278042,-76.96224718,2025,7,21
250034013,Property Damage Crash,07/30/2025 06:39:00 PM,MARSHALL AVE,NA,Front to Rear,Clear,Dry,Daylight,No Controls,NONE DETECTED,No,No Apparent Injury,NA,Not Distracted,MD,Passenger Car,Moving Constant Speed,25,No,2021,MERCEDES-BENZ,GLE-CLASS,39.08062918,-77.1210071,2025,7,18
250034013,Property Damage Crash,07/30/2025 06:39:00 PM,MARSHALL AVE,NA,Front to Rear,Clear,Dry,Daylight,Stop Sign,NONE DETECTED,No,No Apparent Injury,NA,Unknown,MD,Other,Turning Left,25,No,2018,RAM,PROMASTER 2500,39.08062918,-77.1210071,2025,7,18
250034016,Injury Crash,07/30/2025 06:11:00 PM,N SUMMIT AVE,NA,Angle,Cloudy,Dry,Daylight,Stop Sign,NONE DETECTED,No,No Apparent Injury,NA,Not Distracted,MD,Pickup,Turning Left,25,No,2020,CHEVROLET,SILVERADO,39.14321465,-77.19311641,2025,7,18
250034016,Injury Crash,07/30/2025 06:11:00 PM,N SUMMIT AVE,NA,Angle,Cloudy,Dry,Daylight,Stop Sign,NONE DETECTED,No,Possible Minor Injury,NA,Not Distracted,MD,Passenger Car,Accelerating,25,No,2006,HONDA,CIVIC,39.14321465,-77.19311641,2025,7,18
250034000,Property Damage Crash,07/30/2025 04:46:00 PM,FALLS RD,NA,Angle,Clear,Dry,Daylight,No Controls,NONE DETECTED,No,No Apparent Injury,NA,Not Distracted,MD,Pickup,Slowing or Stopping,35,No,2015,FORD,F-550,38.99799559,-77.22954896,2025,7,16
250034000,Property Damage Crash,07/30/2025 04:46:00 PM,FALLS RD,NA,Angle,Clear,Dry,Daylight,Stop Sign,NONE DETECTED,Yes,No Apparent Injury,NA,Unknown,MD,Passenger Car,Turning Left,35,No,2009,INFINITI,G37,38.99799559,-77.22954896,2025,7,16
250033995,Property Damage Crash,07/30/2025 04:35:00 PM,WISCONSIN CIR,NA,"Sideswipe, Same Direction",Clear,Dry,Daylight,Traffic Control Signal,NONE DETECTED,No,No Apparent Injury,NA,Not Distracted,MD,Pickup,Stopped in Traffic,30,No,2016,GMC,SIERRA,38.96198818,-77.08618911,2025,7,16
250033995,Property Damage Crash,07/30/2025 04:35:00 PM,WISCONSIN CIR,NA,"Sideswipe, Same Direction",Clear,Dry,Daylight,Traffic Control Signal,NONE DETECTED,No,No Apparent Injury,NA,Not Distracted,MD,Bus - Transit,Turning Left,30,No,2023,NEW FLYER,XCELSIOR,38.96198818,-77.08618911,2025,7,16
250033988,Property Damage Crash,07/30/2025 04:00:00 PM,GEORGIA AVE,NA,"Sideswipe, Same Direction",Clear,Dry,Daylight,Lane Use Control Signal,NONE DETECTED,No,No Apparent Injury,NA,Not Distracted,MD,Bus - Transit,Moving Constant Speed,30,No,2019,NEW FLYER,XCELSIOR,39.00766641,-77.03980973,2025,7,16
250033988,Property Damage Crash,07/30/2025 04:00:00 PM,GEORGIA AVE,NA,"Sideswipe, Same Direction",Clear,Dry,Daylight,Lane Use Control Signal,NONE DETECTED,No,No Apparent Injury,NA,Not Distracted,MD,Passenger Car,Changing Lanes,30,No,2016,HYUNDAI,SANTA FE,39.00766641,-77.03980973,2025,7,16
250034023,Property Damage Crash,07/30/2025 03:43:00 PM,NA,NA,"Sideswipe, Same Direction",Clear,NA,Daylight,No Controls,NONE DETECTED,No,No Apparent Injury,NA,Not Distracted,MD,Passenger Car,Changing Lanes,45,No,2014,HYUNDAI,SONATA,38.99512443,-77.09677031,2025,7,15
250034023,Property Damage Crash,07/30/2025 03:43:00 PM,NA,NA,"Sideswipe, Same Direction",Clear,NA,Daylight,No Controls,NONE DETECTED,No,NA,NA,NA,NA,Passenger Car,NA,45,No,2022,TOYOTA,PRIUS PRIME,38.99512443,-77.09677031,2025,7,15
250033984,Property Damage Crash,07/30/2025 03:30:00 PM,METRORAIL TRACK B1 RAIL,NA,Other,Clear,Dry,Daylight,No Controls,NONE DETECTED,Yes,No Apparent Injury,NA,Not Distracted,MD,Passenger Car,Entering Traffic Lane,15,No,2016,VOLVO,S60,39.01071298,-77.04094944,2025,7,15
250033984,Property Damage Crash,07/30/2025 03:30:00 PM,METRORAIL TRACK B1 RAIL,NA,Other,Clear,Dry,Daylight,Lane Use Control Signal,NONE DETECTED,No,No Apparent Injury,NA,Not Distracted,MD,Passenger Car,Moving Constant Speed,30,No,2007,SATURN,SKY,39.01071298,-77.04094944,2025,7,15
250033985,Property Damage Crash,07/30/2025 03:25:00 PM,ELM ST,NA,Front to Rear,Clear,Dry,Daylight,Traffic Control Signal,NONE DETECTED,No,No Apparent Injury,NA,Not Distracted,MD,Passenger Car,Stopped in Traffic,35,No,2023,SUBARU,FORESTER,38.98226272,-77.09311692,2025,7,15
250033985,Property Damage Crash,07/30/2025 03:25:00 PM,ELM ST,NA,Front to Rear,Clear,Dry,Daylight,Traffic Control Signal,NONE DETECTED,No,NA,NA,NA,NA,Motorcycle - 2 Wheeled,Moving Constant Speed,35,No,2025,ZHILONG,CLICK,38.98226272,-77.09311692,2025,7,15
250033979,Injury Crash,07/30/2025 03:10:00 PM,NA,Pedestrian,Single Vehicle,Clear,NA,Daylight,NA,NONE DETECTED,Yes,No Apparent Injury,NA,"Other Action (looking away from task, etc.)",MD,Sport Utility Vehicle,Backing,0,No,2020,HYUNDAI,SANTA FE,39.0396768,-77.158239,2025,7,15
250033986,Property Damage Crash,07/30/2025 02:59:00 PM,CAVANAUGH DR,NA,Single Vehicle,Clear,Dry,Daylight,No Controls,NONE DETECTED,Yes,No Apparent Injury,NA,"Other Action (looking away from task, etc.)",MD,Passenger Car,NA,35,No,2016,HONDA,ACCORD,39.07815183,-77.21132383,2025,7,14
250033969,Property Damage Crash,07/30/2025 01:54:00 PM,WISCONSIN AVE (SB/L),NA,"Sideswipe, Same Direction",Clear,Dry,Daylight,No Controls,NONE DETECTED,Yes,NA,NA,NA,NA,NA,NA,30,No,0,NA,NA,38.96686504,-77.08866588,2025,7,13
250033969,Property Damage Crash,07/30/2025 01:54:00 PM,WISCONSIN AVE (SB/L),NA,"Sideswipe, Same Direction",Clear,Dry,Daylight,No Controls,NONE DETECTED,No,No Apparent Injury,NA,Not Distracted,DC,Bus - Transit,Moving Constant Speed,30,No,2013,GILLIG,LOW FLOOR BUS,38.96686504,-77.08866588,2025,7,13
250033959,Property Damage Crash,07/30/2025 01:47:00 PM,GREAT SENECA HWY (SB/L),NA,Angle,Clear,Dry,Daylight,No Controls,NONE DETECTED,No,No Apparent Injury,NA,Not Distracted,MD,Passenger Car,Moving Constant Speed,45,No,2007,NISSAN,ALTIMA,39.109664,-77.21534833,2025,7,13
250033959,Property Damage Crash,07/30/2025 01:47:00 PM,GREAT SENECA HWY (SB/L),NA,Angle,Clear,Dry,Daylight,No Controls,NONE DETECTED,Yes,No Apparent Injury,NA,Not Distracted,MD,Passenger Car,Entering Traffic Lane,45,No,2019,KIA,FORTE,39.109664,-77.21534833,2025,7,13
250033957,Injury Crash,07/30/2025 01:11:00 PM,ELKHART ST,NA,Single Vehicle,Clear,Dry,Daylight,Traffic Control Signal,NONE DETECTED,Yes,Possible Minor Injury,Failed to Keep in Proper Lane,Unknown,DC,Passenger Car,Turning Left,35,No,2016,MERCEDES-BENZ,GLA-CLASS,39.0031472,-77.04025464,2025,7,13
250033950,Injury Crash,07/30/2025 12:58:00 PM,GEORGIA AVE (SB/L),Cyclist (non-electric),Single Vehicle,Clear,Dry,Daylight,Traffic Control Signal,NONE DETECTED,Yes,No Apparent Injury,Failed to Yield Right-of-Way,Not Distracted,MD,Passenger Car,Turning Left,45,No,2003,FORD,FOCUS,39.12615506,-77.07252597,2025,7,12
250034836,Property Damage Crash,07/30/2025 12:00:00 PM,FAIRFAX RD,NA,Rear To Rear,Clear,Dry,Daylight,No Controls,NONE DETECTED,No,NA,NA,NA,NA,NA,Backing,25,No,0,NA,NA,38.98707923,-77.10544665,2025,7,12
250033933,Property Damage Crash,07/30/2025 11:38:00 AM,NA,NA,Angle,Clear,Dry,Daylight,No Controls,NONE DETECTED,No,No Apparent Injury,NA,Not Distracted,PA,Pickup,Moving Constant Speed,35,No,2024,RAM,3500,39.07327123,-77.13439332,2025,7,11
250033933,Property Damage Crash,07/30/2025 11:38:00 AM,NA,NA,Angle,Clear,Dry,Daylight,No Controls,NONE DETECTED,Yes,No Apparent Injury,NA,Unknown,MD,Passenger Car,Turning Left,25,No,2024,POLESTAR,PS2,39.07327123,-77.13439332,2025,7,11
250033929,Injury Crash,07/30/2025 11:27:00 AM,FREDERICK RD,Scooter (electric),Single Vehicle,Clear,Dry,Daylight,No Controls,NONE DETECTED,No,No Apparent Injury,NA,Not Distracted,MD,Passenger Car,Moving Constant Speed,40,No,2011,HONDA,CR-V,39.10778468,-77.15898545,2025,7,11
250033906,Injury Crash,07/30/2025 09:50:00 AM,NA,Pedestrian,Single Vehicle,Clear,NA,Daylight,NA,NONE DETECTED,No,No Apparent Injury,NA,Not Distracted,MD,Sport Utility Vehicle,Turning Left,0,No,2021,TOYOTA,4-RUNNER,39.1280205,-77.20596567,2025,7,9
250033905,Property Damage Crash,07/30/2025 08:30:00 AM,NA,NA,"Sideswipe, Same Direction",Clear,Dry,Daylight,Lane Use Control Signal,NONE DETECTED,No,NA,NA,NA,NA,Passenger Car,Changing Lanes,25,No,2013,TOYOTA,RAV4,39.04629376,-77.11673656,2025,7,8
250033905,Property Damage Crash,07/30/2025 08:30:00 AM,NA,NA,"Sideswipe, Same Direction",Clear,Dry,Daylight,Lane Use Control Signal,NONE DETECTED,No,No Apparent Injury,NA,Not Distracted,MD,Passenger Car,Moving Constant Speed,25,No,2013,CHEVROLET,CAPTIVA SPORT,39.04629376,-77.11673656,2025,7,8
250033889,Property Damage Crash,07/30/2025 07:25:00 AM,COLUMBIA PIKE (SB/L),NA,Front to Rear,Clear,Dry,Daylight,No Controls,NONE DETECTED,No,No Apparent Injury,"Followed Too Closely, Too Fast For Conditions",Unknown,MD,Passenger Car,Slowing or Stopping,40,No,2021,CHEVROLET,EQUINOX,39.08471425,-76.94715947,2025,7,7
250033889,Property Damage Crash,07/30/2025 07:25:00 AM,COLUMBIA PIKE (SB/L),NA,Front to Rear,Clear,Dry,Daylight,No Controls,NONE DETECTED,No,No Apparent Injury,NA,Not Distracted,MD,Passenger Car,Slowing or Stopping,40,No,2010,TOYOTA,CAMRY,39.08471425,-76.94715947,2025,7,7
250033889,Property Damage Crash,07/30/2025 07:25:00 AM,COLUMBIA PIKE (SB/L),NA,Front to Rear,Clear,Dry,Daylight,No Controls,NONE DETECTED,No,No Apparent Injury,NA,Not Distracted,MD,Passenger Car,Slowing or Stopping,40,No,2017,HYUNDAI,ELANTRA,39.08471425,-76.94715947,2025,7,7
250033885,Property Damage Crash,07/30/2025 04:25:00 AM,DALE DR,NA,Single Vehicle,Clear,Dry,Medium,Traffic Control Signal,NONE DETECTED,No,No Apparent Injury,NA,Not Distracted,MD,Passenger Car,Turning Left,40,No,2024,TOYOTA,COROLLA CROSS,38.99929321,-77.01743554,2025,7,4
250033878,Injury Crash,07/29/2025 11:55:00 PM,OAKVIEW DR,NA,Angle,Clear,Dry,Medium,Traffic Control Signal,NONE DETECTED,No,No Apparent Injury,NA,Not Distracted,MD,Other Trucks,Turning Left,35,No,2015,HINO,XJC740 / XFC740,39.01538162,-76.97785129,2025,7,23
250033878,Injury Crash,07/29/2025 11:55:00 PM,OAKVIEW DR,NA,Angle,Clear,Dry,Medium,Traffic Control Signal,NONE DETECTED,No,Suspected Serious Injury,NA,Not Distracted,MD,Passenger Car,Accelerating,35,No,2022,TOYOTA,COROLLA,39.01538162,-76.97785129,2025,7,23
250033865,Property Damage Crash,07/29/2025 09:55:00 PM,GREAT SENECA HWY,NA,Front to Rear,Clear,Dry,Medium,Traffic Control Signal,NONE DETECTED,No,No Apparent Injury,NA,Not Distracted,MD,Sport Utility Vehicle,Slowing or Stopping,35,No,2025,TOYOTA,BZ4X,39.17423,-77.26131333,2025,7,21
250033865,Property Damage Crash,07/29/2025 09:55:00 PM,GREAT SENECA HWY,NA,Front to Rear,Clear,Dry,Medium,Traffic Control Signal,NONE DETECTED,Yes,No Apparent Injury,NA,Unknown,NC,Passenger Car,Moving Constant Speed,35,No,2018,HONDA,CIVIC,39.17423,-77.26131333,2025,7,21