Local Case Number,ACRS Report Type,Crash Date/Time,Road Name,Related Non-Motorist,Collision Type,Weather,Surface Condition,Light,Traffic Control,Driver Substance Abuse,Driver At Fault,Injury Severity,Circumstance,Driver Distracted By,Drivers License State,Vehicle Body Type,Vehicle Movement,Speed Limit,Driverless Vehicle,Vehicle Year,Vehicle Make,Vehicle Model,Latitude,Longitude,Year,Month,Hour
250033852,Property Damage Crash,07/29/2025 07:45:00 PM,FIRST ST SPUR,NA,Front to Rear,Clear,Dry,Daylight,No Controls,NONE DETECTED,No,No Apparent Injury,Followed Too Closely,Unknown,NA,Van - Cargo,Moving Constant Speed,45,No,2010,CHEVROLET,EXPRESS,39.08703433,-77.13524467,2025,7,19
250033852,Property Damage Crash,07/29/2025 07:45:00 PM,FIRST ST SPUR,NA,Front to Rear,Clear,Dry,Daylight,No Controls,NONE DETECTED,No,No Apparent Injury,Other Improper Action,Not Distracted,MD,Passenger Car,Slowing or Stopping,45,No,2004,TOYOTA,COROLLA,39.08703433,-77.13524467,2025,7,19
250033071,Injury Crash,07/29/2025 06:44:00 PM,SPRING ST,NA,Angle,Clear,Dry,Daylight,Pedestrian Crossing Sign,NONE DETECTED,Yes,Possible Minor Injury,"Disregarded Other Road Markings, Disregarded Other Traffic Sign, Failed to Yield Right-of-Way, Operated Motor Vehicle in Inattentive, Careless, Negligent, or Erratic Manner, Too Fast For Conditions",Unknown,MD,Moped Or motorized bicycle,Moving Constant Speed,0,No,0,NA,NA,38.99901779,-77.02607791,2025,7,18
250033071,Injury Crash,07/29/2025 06:44:00 PM,SPRING ST,NA,Angle,Clear,Dry,Daylight,Traffic Control Signal,NONE DETECTED,No,No Apparent Injury,NA,Not Distracted,MD,Passenger Car,Turning Right,30,No,2022,CHEVROLET,MALIBU,38.99901779,-77.02607791,2025,7,18
250033835,Injury Crash,07/29/2025 06:30:00 PM,NA,Pedestrian,Single Vehicle,Clear,Dry,Daylight,Pedestrian Crossing Sign,NONE DETECTED,No,No Apparent Injury,NA,Not Distracted,MD,Bus - Transit,Accelerating,15,No,2019,GILLIG,CITY TRANSIT BUS,39.11986319,-77.16505189,2025,7,18
250033841,Property Damage Crash,07/29/2025 06:07:00 PM,NA,NA,Front to Front,Clear,NA,Daylight,NA,NONE DETECTED,No,No Apparent Injury,NA,Not Distracted,MD,Passenger Car,Parked,0,No,2015,TOYOTA,SIENNA,38.96712326,-77.00185866,2025,7,18
250033841,Property Damage Crash,07/29/2025 06:07:00 PM,NA,NA,Front to Front,Clear,NA,Daylight,NA,NONE DETECTED,Yes,No Apparent Injury,NA,Not Distracted,NA,Passenger Car,Accelerating,0,No,2020,HONDA,ACCORD,38.96712326,-77.00185866,2025,7,18
250033841,Property Damage Crash,07/29/2025 06:07:00 PM,NA,NA,Front to Front,Clear,NA,Daylight,NA,NONE DETECTED,No,No Apparent Injury,NA,Not Distracted,MD,Van - Passenger (&lt;9 Seats),Parked,0,No,2022,FORD,F-150,38.96712326,-77.00185866,2025,7,18
250033831,Property Damage Crash,07/29/2025 06:00:00 PM,DARCY FOREST DR,NA,Angle,Clear,Dry,Daylight,Stop Sign,NONE DETECTED,Yes,No Apparent Injury,NA,Not Distracted,MD,Passenger Car,Turning Left,30,No,2024,VOLKSWAGEN,GOLF GTI,39.01545817,-77.04730017,2025,7,18
250033831,Property Damage Crash,07/29/2025 06:00:00 PM,DARCY FOREST DR,NA,Angle,Clear,Dry,Daylight,No Controls,NONE DETECTED,No,No Apparent Injury,NA,Not Distracted,MD,Passenger Car,Moving Constant Speed,30,No,2014,SUBARU,BRZ,39.01545817,-77.04730017,2025,7,18
250033834,Injury Crash,07/29/2025 05:58:00 PM,NA,NA,Front to Rear,Clear,Dry,Daylight,No Controls,NONE DETECTED,No,No Apparent Injury,NA,Not Distracted,MD,Passenger Car,Moving Constant Speed,25,No,2017,TOYOTA,TUNDRA,39.04762743,-77.09827627,2025,7,17
250033834,Injury Crash,07/29/2025 05:58:00 PM,NA,NA,Front to Rear,Clear,Dry,Daylight,No Controls,NONE DETECTED,No,Possible Minor Injury,NA,Not Distracted,MD,Passenger Car,Slowing or Stopping,25,No,2020,TOYOTA,COROLLA,39.04762743,-77.09827627,2025,7,17
250033819,Property Damage Crash,07/29/2025 05:51:00 PM,ROCKVILLE PIKE,NA,Front to Rear,Clear,Dry,Daylight,Traffic Control Signal,NONE DETECTED,No,No Apparent Injury,NA,Not Distracted,MD,Passenger Car,Stopped in Traffic,35,No,2018,GENESIS,G80,38.99675022,-77.09651453,2025,7,17
250033819,Property Damage Crash,07/29/2025 05:51:00 PM,ROCKVILLE PIKE,NA,Front to Rear,Clear,Dry,Daylight,Traffic Control Signal,NONE DETECTED,No,No Apparent Injury,NA,Not Distracted,MD,Sport Utility Vehicle,Accelerating,35,No,2024,DODGE,DURANGO,38.99675022,-77.09651453,2025,7,17
250033817,Property Damage Crash,07/29/2025 05:17:00 PM,NA,NA,Rear To Side,Clear,NA,Daylight,NA,NONE DETECTED,Yes,No Apparent Injury,NA,Not Distracted,MD,Passenger Car,Backing,0,No,2012,TOYOTA,CAMRY,38.99942367,-77.04041683,2025,7,17
250033809,Property Damage Crash,07/29/2025 05:10:00 PM,NA,NA,Unknown,Clear,NA,Daylight,NA,NONE DETECTED,Yes,No Apparent Injury,Improper Backing,Unknown,MD,Sport Utility Vehicle,Backing,0,No,2012,HONDA,PILOT,39.0316057,-77.00384913,2025,7,17
250033807,Property Damage Crash,07/29/2025 05:04:00 PM,EISENHOWER MEMORIAL HWY (SB/L),NA,"Sideswipe, Same Direction",Clear,Dry,Daylight,No Controls,NONE DETECTED,No,No Apparent Injury,NA,Not Distracted,MD,Sport Utility Vehicle,Moving Constant Speed,55,No,2024,JEEP,WAGONEER,39.04499417,-77.1495975,2025,7,17
250033806,Property Damage Crash,07/29/2025 05:04:00 PM,RIDGE RD,NA,Other,Cloudy,Dry,Daylight,No Controls,NONE DETECTED,No,No Apparent Injury,NA,Not Distracted,MD,Sport Utility Vehicle,Moving Constant Speed,30,No,2022,HONDA,CR-V,39.30184653,-77.19749308,2025,7,17
250033807,Property Damage Crash,07/29/2025 05:04:00 PM,EISENHOWER MEMORIAL HWY (SB/L),NA,"Sideswipe, Same Direction",Clear,Dry,Daylight,No Controls,NONE DETECTED,Yes,No Apparent Injury,Failed to Keep in Proper Lane,Unknown,MD,Sport Utility Vehicle,Changing Lanes,55,No,2022,HONDA,CR-V,39.04499417,-77.1495975,2025,7,17
250033806,Property Damage Crash,07/29/2025 05:04:00 PM,RIDGE RD,NA,Other,Cloudy,Dry,Daylight,Stop Sign,NONE DETECTED,Yes,No Apparent Injury,Failed to Yield Right-of-Way,Unknown,MD,Passenger Car,Turning Left,30,No,2016,HONDA,ACCORD,39.30184653,-77.19749308,2025,7,17
250033812,Property Damage Crash,07/29/2025 05:02:00 PM,RIVER RD (WB/L),NA,Front to Rear,Clear,Dry,Daylight,Traffic Control Signal,NONE DETECTED,No,NA,NA,NA,NA,Sport Utility Vehicle,NA,35,No,2016,VOLVO,V60CC,38.98356542,-77.13756292,2025,7,17
250033812,Property Damage Crash,07/29/2025 05:02:00 PM,RIVER RD (WB/L),NA,Front to Rear,Clear,Dry,Daylight,Traffic Control Signal,NONE DETECTED,No,No Apparent Injury,NA,Not Distracted,OH,Sport Utility Vehicle,Stopped in Traffic,35,No,2024,MAZDA,CX-30,38.98356542,-77.13756292,2025,7,17
250033794,Injury Crash,07/29/2025 04:02:00 PM,FREDERICK RD,NA,Front to Rear,Clear,Dry,Daylight,No Controls,NONE DETECTED,No,No Apparent Injury,NA,Not Distracted,MD,Sport Utility Vehicle,Slowing or Stopping,45,No,2024,MAZDA,CX-5,39.18680751,-77.24008728,2025,7,16
250033794,Injury Crash,07/29/2025 04:02:00 PM,FREDERICK RD,NA,Front to Rear,Clear,Dry,Daylight,No Controls,NONE DETECTED,Yes,Possible Minor Injury,NA,Not Distracted,MD,Sport Utility Vehicle,Slowing or Stopping,45,No,2010,ACURA,RDX,39.18680751,-77.24008728,2025,7,16
250033783,Property Damage Crash,07/29/2025 03:11:00 PM,FALLS RD,NA,Front to Rear,Clear,Dry,Daylight,No Controls,NONE DETECTED,No,No Apparent Injury,NA,Not Distracted,MD,Van - Passenger (&lt;9 Seats),Stopped in Traffic,35,No,2018,FORD,TRANSIT,39.055776,-77.18013383,2025,7,15
250033783,Property Damage Crash,07/29/2025 03:11:00 PM,FALLS RD,NA,Front to Rear,Clear,Dry,Daylight,No Controls,NONE DETECTED,Yes,No Apparent Injury,NA,Unknown,MD,Passenger Car,Moving Constant Speed,35,No,2014,TESLA,MODEL S,39.055776,-77.18013383,2025,7,15
250033774,Injury Crash,07/29/2025 03:09:00 PM,BANNISTER LA,NA,Angle,Clear,Dry,Daylight,No Controls,NONE DETECTED,No,Possible Minor Injury,NA,Not Distracted,MD,Passenger Car,Moving Constant Speed,15,No,2020,HYUNDAI,ELANTRA,39.16602373,-77.18511921,2025,7,15
250033774,Injury Crash,07/29/2025 03:09:00 PM,BANNISTER LA,NA,Angle,Clear,Dry,Daylight,Stop Sign,NONE DETECTED,Yes,No Apparent Injury,Failed to Yield Right-of-Way,Unknown,MD,Passenger Car,Turning Left,15,No,2024,HONDA,ACCORD,39.16602373,-77.18511921,2025,7,15
250033803,Property Damage Crash,07/29/2025 03:00:00 PM,NA,NA,Front to Rear,Clear,NA,Daylight,NA,NONE DETECTED,No,NA,NA,NA,NA,Passenger Car,NA,0,No,2015,HONDA,CIVIC,39.07734262,-77.14080306,2025,7,15
250033775,Injury Crash,07/29/2025 02:57:00 PM,NA,NA,Other,Cloudy,NA,Daylight,NA,NONE DETECTED,No,Possible Minor Injury,NA,Not Distracted,MD,Passenger Car,NA,0,No,2017,DODGE,DURANGO,39.1488755,-77.2067545,2025,7,14
250033775,Injury Crash,07/29/2025 02:57:00 PM,NA,NA,Other,Cloudy,NA,Daylight,NA,NONE DETECTED,No,No Apparent Injury,NA,Not Distracted,MD,Passenger Car,Parked,0,No,2007,FORD,F-150,39.1488755,-77.2067545,2025,7,14
250033759,Property Damage Crash,07/29/2025 01:57:00 PM,OLNEY LAYTONSVILLE RD (WB/L),NA,"Sideswipe, Same Direction",Clear,Dry,Daylight,No Controls,NONE DETECTED,No,No Apparent Injury,Other Improper Action,Not Distracted,MD,Other Trucks,Moving Constant Speed,35,No,2020,WESTERN STAR,4700,39.16579007,-77.08437393,2025,7,13
250033759,Property Damage Crash,07/29/2025 01:57:00 PM,OLNEY LAYTONSVILLE RD (WB/L),NA,"Sideswipe, Same Direction",Clear,Dry,Daylight,No Controls,NONE DETECTED,No,No Apparent Injury,Other Improper Action,Not Distracted,MD,Passenger Car,Moving Constant Speed,35,No,2015,NISSAN,SENTRA,39.16579007,-77.08437393,2025,7,13
250033758,Property Damage Crash,07/29/2025 01:50:00 PM,NA,NA,Rear To Rear,Clear,NA,Daylight,NA,NONE DETECTED,Yes,NA,NA,NA,NA,Passenger Car,Backing,0,No,2019,TOYOTA,C-HR,39.08960735,-77.15348913,2025,7,13
250033758,Property Damage Crash,07/29/2025 01:50:00 PM,NA,NA,Rear To Rear,Clear,NA,Daylight,NA,NONE DETECTED,No,No Apparent Injury,NA,Not Distracted,MD,Passenger Car,Moving Constant Speed,0,No,2014,NISSAN,ROGUE,39.08960735,-77.15348913,2025,7,13
250033772,Property Damage Crash,07/29/2025 01:30:00 PM,NA,NA,Front to Rear,Clear,NA,Daylight,NA,NONE DETECTED,No,NA,NA,NA,NA,Passenger Car,Moving Constant Speed,0,No,2014,RAM,2500,39.1443155,-77.21512002,2025,7,13
250033747,Property Damage Crash,07/29/2025 12:53:00 PM,N HORNERS LA,NA,Angle,Clear,Dry,Daylight,No Controls,NONE DETECTED,No,No Apparent Injury,NA,Not Distracted,MD,Other,Moving Constant Speed,25,No,2025,FREIGHTLINER,M2,39.090947130000004,-77.14346406,2025,7,12
250033747,Property Damage Crash,07/29/2025 12:53:00 PM,N HORNERS LA,NA,Angle,Clear,Dry,Daylight,No Controls,NONE DETECTED,Yes,NA,NA,NA,NA,NA,Turning Left,25,No,0,NA,NA,39.090947130000004,-77.14346406,2025,7,12
250033739,Property Damage Crash,07/29/2025 12:20:00 PM,RIDGE RD (SB/L),Occupant Of a Non-Motor Vehicle Transportation Device,Single Vehicle,Clear,Dry,Daylight,No Controls,NONE DETECTED,Yes,No Apparent Injury,"Operated Motor Vehicle in Inattentive, Careless, Negligent, or Erratic Manner",Unknown,MD,Sport Utility Vehicle,Turning Right,35,No,2015,TOYOTA,RAV4,39.2865527,-77.20846614,2025,7,12
250033735,Property Damage Crash,07/29/2025 11:30:00 AM,NA,NA,Rear To Side,Clear,NA,Daylight,NA,NONE DETECTED,No,NA,Other Improper Action,Unknown,NA,Passenger Car,Backing,0,No,2014,CHEVROLET,CRUZE,39.14388971,-77.21790209,2025,7,11
250033722,Injury Crash,07/29/2025 10:30:00 AM,MIDCOUNTY HWY,NA,Front to Front,Clear,Dry,Daylight,Traffic Control Signal,NONE DETECTED,Yes,Possible Minor Injury,NA,Unknown,MD,Passenger Car,Moving Constant Speed,35,No,2002,HONDA,CR-V,39.14756957,-77.16915148,2025,7,10
250033722,Injury Crash,07/29/2025 10:30:00 AM,MIDCOUNTY HWY,NA,Front to Front,Clear,Dry,Daylight,Traffic Control Signal,NONE DETECTED,Yes,No Apparent Injury,NA,Unknown,MD,Passenger Car,Turning Left,35,No,2020,TOYOTA,COROLLA,39.14756957,-77.16915148,2025,7,10
250033551,Injury Crash,07/29/2025 10:26:00 AM,NA,Pedestrian,Front to Rear,Clear,NA,Daylight,NA,NONE DETECTED,No,No Apparent Injury,Other Improper Action,Unknown,NA,Passenger Car,Backing,0,No,2013,AUDI,S5,39.08525203,-77.07805725,2025,7,10
250033715,Injury Crash,07/29/2025 10:17:00 AM,ALLEGHENY AVE,NA,Front to Rear,Clear,Dry,Daylight,No Controls,NONE DETECTED,No,Possible Minor Injury,NA,Not Distracted,VA,Van - Passenger (9 or 12 Seats),Parked,25,No,2021,FORD,TRANSIT,38.97185915,-77.00684541,2025,7,10
250033715,Injury Crash,07/29/2025 10:17:00 AM,ALLEGHENY AVE,NA,Front to Rear,Clear,Dry,Daylight,No Controls,NONE DETECTED,No,No Apparent Injury,Other Improper Action,Not Distracted,MD,Pickup,Stopped in Traffic,25,No,2007,FORD,F-350,38.97185915,-77.00684541,2025,7,10
250033718,Property Damage Crash,07/29/2025 10:15:00 AM,W GUDE DR,NA,Front to Rear,Clear,Dry,Daylight,No Controls,NONE DETECTED,Yes,No Apparent Injury,Followed Too Closely,Not Distracted,MD,Van - Cargo,Slowing or Stopping,35,No,2012,FREIGHTLINER,M2,39.10668099,-77.16038102,2025,7,10
250033718,Property Damage Crash,07/29/2025 10:15:00 AM,W GUDE DR,NA,Front to Rear,Clear,Dry,Daylight,No Controls,NONE DETECTED,No,No Apparent Injury,NA,Not Distracted,MD,Passenger Car,Stopped in Traffic,35,No,2010,HONDA,INSIGHT,39.10668099,-77.16038102,2025,7,10
250033708,Injury Crash,07/29/2025 09:56:00 AM,MEDWAY ST,NA,Front to Front,Clear,Dry,Daylight,No Controls,NONE DETECTED,No,No Apparent Injury,NA,Not Distracted,MD,Passenger Car,Moving Constant Speed,25,No,2019,HONDA,CIVIC,39.05230912,-77.06339757,2025,7,9
250033708,Injury Crash,07/29/2025 09:56:00 AM,MEDWAY ST,NA,Front to Front,Clear,Dry,Daylight,Stop Sign,NONE DETECTED,No,Possible Minor Injury,Failed to Yield Right-of-Way,Unknown,MD,Passenger Car,Turning Left,25,No,2013,HONDA,ACCORD,39.05230912,-77.06339757,2025,7,9
250033704,Injury Crash,07/29/2025 09:45:00 AM,MACARTHUR BLVD,Cyclist (non-electric),Single Vehicle,Clear,Dry,Daylight,Stop Sign,NONE DETECTED,No,No Apparent Injury,NA,Not Distracted,DC,Passenger Car,Turning Right,25,No,2013,FORD,FUSION,38.97280562,-77.1525608,2025,7,9
250033706,Property Damage Crash,07/29/2025 09:33:00 AM,UPPINGHAM ST,NA,"Sideswipe, Same Direction",Clear,Dry,Daylight,No Controls,NONE DETECTED,Yes,No Apparent Injury,Failed to Keep in Proper Lane,Not Distracted,MD,Unknown,Moving Constant Speed,20,No,2022,MACK,ANTHEM,38.96358314,-77.09909797,2025,7,9
250033703,Injury Crash,07/29/2025 09:20:00 AM,NA,NA,Other,Clear,Dry,Daylight,No Controls,NONE DETECTED,No,Possible Minor Injury,NA,Not Distracted,MD,Passenger Car,Moving Constant Speed,25,No,2025,LEXUS,RX,39.09849785,-77.22108627,2025,7,9
250033700,Injury Crash,07/29/2025 09:03:00 AM,GEORGIA AVE,NA,Front to Rear,Clear,Dry,Daylight,No Controls,NONE DETECTED,No,No Apparent Injury,NA,Not Distracted,MD,Passenger Car,Moving Constant Speed,40,No,2014,TOYOTA,HIGHLANDER,39.07973003,-77.07366976,2025,7,9
250033700,Injury Crash,07/29/2025 09:03:00 AM,GEORGIA AVE,NA,Front to Rear,Clear,Dry,Daylight,No Controls,NONE DETECTED,Yes,Possible Minor Injury,NA,Not Distracted,MD,Passenger Car,Turning Right,40,No,2021,TOYOTA,COROLLA,39.07973003,-77.07366976,2025,7,9
250033694,Property Damage Crash,07/29/2025 08:05:00 AM,GROSVENOR LA,NA,Rear To Side,Clear,Dry,Daylight,Traffic Control Signal,NONE DETECTED,No,No Apparent Injury,NA,Not Distracted,MD,Passenger Car,Moving Constant Speed,35,No,2015,NISSAN,NV200,39.0224337,-77.10306543,2025,7,8
250033694,Property Damage Crash,07/29/2025 08:05:00 AM,GROSVENOR LA,NA,Rear To Side,Clear,Dry,Daylight,Traffic Control Signal,NONE DETECTED,Yes,No Apparent Injury,"Failed to Yield Right-of-Way, Ran Red Light",Not Distracted,MD,Passenger Car,Accelerating,25,No,2019,TOYOTA,COROLLA,39.0224337,-77.10306543,2025,7,8
250033524,Injury Crash,07/29/2025 07:21:00 AM,NA,NA,Rear To Side,Clear,NA,Daylight,NA,NONE DETECTED,No,No Apparent Injury,NA,Not Distracted,MD,Passenger Car,Moving Constant Speed,0,No,2019,TOYOTA,HIGHLANDER,39.08441507,-76.94142784,2025,7,7
250033524,Injury Crash,07/29/2025 07:21:00 AM,NA,NA,Rear To Side,Clear,NA,Daylight,NA,NONE DETECTED,Yes,Possible Minor Injury,Improper Backing,Not Distracted,MD,Passenger Car,Backing,0,No,2024,TOYOTA,RAV4,39.08441507,-76.94142784,2025,7,7
250033937,Property Damage Crash,07/29/2025 06:10:00 AM,SNOUFFERS SCHOOL RD,NA,Single Vehicle,Clear,Dry,Daylight,No Controls,NONE DETECTED,Yes,No Apparent Injury,NA,Not Distracted,MD,Passenger Car,Moving Constant Speed,35,No,2014,DODGE,CHARGER,39.18673062,-77.18514164,2025,7,6
250033672,Property Damage Crash,07/28/2025 09:59:00 PM,RANDOLPH RD (WB/L),NA,"Sideswipe, Same Direction",Clear,Dry,Medium,No Controls,NONE DETECTED,No,No Apparent Injury,NA,Not Distracted,MD,Pickup,Stopped in Traffic,40,No,2023,RAM,1500,39.057599,-77.051203,2025,7,21
250033672,Property Damage Crash,07/28/2025 09:59:00 PM,RANDOLPH RD (WB/L),NA,"Sideswipe, Same Direction",Clear,Dry,Medium,No Controls,NONE DETECTED,Yes,No Apparent Injury,NA,Not Distracted,MD,Other,Overtaking/Passing,40,No,2020,E-ONE,TRUCK,39.057599,-77.051203,2025,7,21
250033673,Property Damage Crash,07/28/2025 09:17:00 PM,NA,NA,Single Vehicle,Clear,Dry,Medium,No Controls,ALCOHOL PRESENT,Yes,No Apparent Injury,Failed to Keep in Proper Lane,NA,MD,Passenger Car,Moving Constant Speed,35,No,2014,KIA,OPTIMA,39.14056941,-77.14350533,2025,7,21
250033660,Property Damage Crash,07/28/2025 08:00:00 PM,FENTON ST,NA,Other,Clear,Dry,Medium,No Controls,NONE DETECTED,No,NA,NA,NA,NA,Passenger Car,Making U-Turn,25,No,2025,TOYOTA,CAMRY,38.9975985,-77.02674283,2025,7,20
250033660,Property Damage Crash,07/28/2025 08:00:00 PM,FENTON ST,NA,Other,Clear,Dry,Medium,No Controls,NONE DETECTED,No,No Apparent Injury,NA,Unknown,MD,Passenger Car,Moving Constant Speed,25,No,2022,TOYOTA,RAV4 PRIME,38.9975985,-77.02674283,2025,7,20
250033654,Property Damage Crash,07/28/2025 07:41:00 PM,ROCKVILLE PIKE (SB/L),NA,"Sideswipe, Same Direction",Clear,Dry,Daylight,Stop Sign,NONE DETECTED,No,No Apparent Injury,Other Improper Action,Not Distracted,MD,Other,Turning Right,20,No,2019,SEAGRAVE,LADDER,39.07215343,-77.13334212,2025,7,19
250033643,Injury Crash,07/28/2025 05:48:00 PM,NA,NA,Single Vehicle,Clear,NA,Daylight,NA,DRUG PRESENT,No,Suspected Serious Injury,"Operated Motor Vehicle in Reckless or Aggressive Manner, Too Fast For Conditions",Unknown,MD,Motorcycle - 2 Wheeled,NA,0,No,1998,HONDA,VTR1000F (SUPERHAWK),39.10530872,-77.20623424,2025,7,17
250033639,Property Damage Crash,07/28/2025 05:41:00 PM,CLARKSBURG RD,NA,Single Vehicle,Clear,Dry,Daylight,No Controls,NONE DETECTED,Yes,No Apparent Injury,Failed to Keep in Proper Lane,Unknown,MD,Passenger Car,Moving Constant Speed,40,No,2023,KIA,STINGER,39.22995167,-77.28679683,2025,7,17
250003633,Property Damage Crash,07/28/2025 05:23:00 PM,ADRIAN ST,NA,"Sideswipe, Same Direction",Clear,Dry,Daylight,No Controls,NONE DETECTED,No,NA,"Failed to Keep in Proper Lane, Too Fast For Conditions",NA,NA,Passenger Car,Moving Constant Speed,30,No,2012,TOYOTA,SIENNA,39.06118225,-77.09000376,2025,7,17
250003633,Property Damage Crash,07/28/2025 05:23:00 PM,ADRIAN ST,NA,"Sideswipe, Same Direction",Clear,Dry,Daylight,No Controls,NONE DETECTED,Yes,No Apparent Injury,Improper Backing,Not Distracted,MD,Passenger Car,Backing,35,No,2024,TOYOTA,RAV4,39.06118225,-77.09000376,2025,7,17
250033634,Injury Crash,07/28/2025 05:12:00 PM,FREDERICK RD,NA,Angle,Clear,Dry,Daylight,Traffic Control Signal,NONE DETECTED,Yes,Possible Minor Injury,Ran Red Light,Unknown,MD,Passenger Car,Moving Constant Speed,35,No,2018,TOYOTA,HIGHLANDER,39.17851,-77.23838167,2025,7,17
250033634,Injury Crash,07/28/2025 05:12:00 PM,FREDERICK RD,NA,Angle,Clear,Dry,Daylight,Traffic Control Signal,NONE DETECTED,No,Possible Minor Injury,NA,Not Distracted,MD,Passenger Car,Turning Left,35,No,1995,TOYOTA,COROLLA,39.17851,-77.23838167,2025,7,17
250033631,Property Damage Crash,07/28/2025 05:00:00 PM,CONNECTICUT AVE,NA,Single Vehicle,Clear,Dry,Daylight,Traffic Control Signal,NONE DETECTED,Yes,No Apparent Injury,"Disregarded Other Road Markings, Failed to Keep in Proper Lane, Ran Off Roadway","Other Action (looking away from task, etc.)",MD,Sport Utility Vehicle,Moving Constant Speed,35,No,2018,SUBARU,CROSSTREK,39.0003411,-77.07671774,2025,7,17
250033624,Injury Crash,07/28/2025 04:52:00 PM,DEARBORN AVE,NA,Angle,Clear,Dry,Daylight,Stop Sign,NONE DETECTED,Yes,Possible Minor Injury,NA,Not Distracted,MD,Passenger Car,Turning Left,35,No,2019,MINI,COOPER CONVERTIBLE,39.0108816,-77.00157442,2025,7,16
250033624,Injury Crash,07/28/2025 04:52:00 PM,DEARBORN AVE,NA,Angle,Clear,Dry,Daylight,No Controls,NONE DETECTED,No,Possible Minor Injury,NA,Not Distracted,NY,Passenger Car,Moving Constant Speed,35,No,2016,FORD,ESCAPE,39.0108816,-77.00157442,2025,7,16
250033632,Property Damage Crash,07/28/2025 04:50:00 PM,NA,NA,Front to Rear,Clear,Dry,Daylight,No Controls,NONE DETECTED,No,No Apparent Injury,NA,Not Distracted,VA,Passenger Car,Moving Constant Speed,35,No,2006,BMW,330CI,39.06017463,-77.08936369,2025,7,16
250033632,Property Damage Crash,07/28/2025 04:50:00 PM,NA,NA,Front to Rear,Clear,Dry,Daylight,No Controls,NONE DETECTED,No,NA,Other Improper Action,Unknown,NA,Passenger Car,Moving Constant Speed,35,No,2012,TOYOTA,SIENNA,39.06017463,-77.08936369,2025,7,16
250033615,Property Damage Crash,07/28/2025 03:30:00 PM,NORTHAMPTON DR,NA,Single Vehicle,Clear,Dry,Daylight,No Controls,NONE DETECTED,Yes,No Apparent Injury,NA,Unknown,MD,Bus - Transit,Moving Constant Speed,30,No,2011,NEW FLYER,XCELSIOR,39.0077605,-76.98654363,2025,7,15
250033607,Property Damage Crash,07/28/2025 03:23:00 PM,GREAT SENECA HWY (SB/L),NA,Single Vehicle,Clear,Dry,Daylight,No Controls,NONE DETECTED,No,No Apparent Injury,NA,Unknown,MD,Passenger Car,Moving Constant Speed,45,No,2013,MINI,HARDTOP,39.13657317,-77.25152883,2025,7,15
250033606,Property Damage Crash,07/28/2025 01:38:00 PM,NA,NA,Rear To Rear,Clear,NA,Daylight,NA,NONE DETECTED,No,NA,NA,NA,NA,Passenger Car,Backing,0,No,2002,SUBARU,LEGACY,39.1568823,-77.21389117,2025,7,13
250033577,Property Damage Crash,07/28/2025 12:45:00 PM,CRESTHAVEN DR,NA,"Sideswipe, Opposite Direction",Clear,Dry,Daylight,No Controls,NONE DETECTED,Yes,No Apparent Injury,Other Improper Action,Not Distracted,MD,Other,Negotiating a Curve,25,No,2024,E-ONE,TRUCK,39.01953557,-76.9901641,2025,7,12
250033579,Injury Crash,07/28/2025 12:40:00 PM,NA,NA,Front to Rear,Clear,Dry,Daylight,No Controls,NONE DETECTED,No,Possible Minor Injury,NA,Not Distracted,MD,Passenger Car,Stopped in Traffic,30,No,2012,MERCEDES-BENZ,C-CLASS,39.03502667,-77.12683967,2025,7,12
250033579,Injury Crash,07/28/2025 12:40:00 PM,NA,NA,Front to Rear,Clear,Dry,Daylight,No Controls,NONE DETECTED,Yes,No Apparent Injury,NA,Not Distracted,NA,Pickup,Moving Constant Speed,30,No,2017,FORD,F-150,39.03502667,-77.12683967,2025,7,12