Local Case Number,ACRS Report Type,Crash Date/Time,Road Name,Related Non-Motorist,Collision Type,Weather,Surface Condition,Light,Traffic Control,Driver Substance Abuse,Driver At Fault,Injury Severity,Circumstance,Driver Distracted By,Drivers License State,Vehicle Body Type,Vehicle Movement,Speed Limit,Driverless Vehicle,Vehicle Year,Vehicle Make,Vehicle Model,Latitude,Longitude,Year,Month,Hour
250033572,Injury Crash,07/28/2025 12:14:00 PM,ESWORTHY RD,NA,Angle,Clear,Dry,Daylight,Stop Sign,NONE DETECTED,No,Possible Minor Injury,NA,Not Distracted,MD,Passenger Car,Turning Left,30,No,2021,BUICK,ENCORE GX,39.06889088,-77.28322602,2025,7,12
250033572,Injury Crash,07/28/2025 12:14:00 PM,ESWORTHY RD,NA,Angle,Clear,Dry,Daylight,No Controls,NONE DETECTED,No,No Apparent Injury,NA,Not Distracted,VA,Passenger Car,Moving Constant Speed,35,No,2019,TESLA,MODEL 3,39.06889088,-77.28322602,2025,7,12
250033573,Property Damage Crash,07/28/2025 12:14:00 PM,NA,NA,Single Vehicle,Clear,Dry,Daylight,No Controls,NONE DETECTED,No,No Apparent Injury,NA,Not Distracted,MD,Bus - School,Moving Constant Speed,25,No,2024,FREIGHTLINER,B2 BUS CHASSIS,39.03868081,-77.07669438,2025,7,12
250033570,Property Damage Crash,07/28/2025 11:58:00 AM,NA,NA,"Sideswipe, Same Direction",Clear,Dry,Daylight,Traffic Control Signal,NONE DETECTED,No,No Apparent Injury,NA,Not Distracted,MD,Passenger Car,Stopped in Traffic,30,No,2012,MITSUBISHI,GALANT,39.08119938,-76.94623973,2025,7,11
250033570,Property Damage Crash,07/28/2025 11:58:00 AM,NA,NA,"Sideswipe, Same Direction",Clear,Dry,Daylight,Traffic Control Signal,NONE DETECTED,Yes,No Apparent Injury,Failed to Keep in Proper Lane,Not Distracted,MD,Other,Changing Lanes,30,No,2014,PIERCE MANUFACTURING,VELOCITY,39.08119938,-76.94623973,2025,7,11
250033581,Property Damage Crash,07/28/2025 11:57:00 AM,SPENCERVILLE RD,NA,Front to Front,Clear,Dry,Daylight,Stop Sign,NONE DETECTED,No,No Apparent Injury,NA,Not Distracted,MD,Passenger Car,Turning Right,40,No,2018,LEXUS,ES,39.11726373,-76.96937851,2025,7,11
250033581,Property Damage Crash,07/28/2025 11:57:00 AM,SPENCERVILLE RD,NA,Front to Front,Clear,Dry,Daylight,Stop Sign,NONE DETECTED,No,NA,NA,NA,NA,Unknown,Turning Left,40,No,0,NA,NA,39.11726373,-76.96937851,2025,7,11
250033559,Property Damage Crash,07/28/2025 11:38:00 AM,CONGRESSIONAL LA,NA,Front to Rear,Clear,Dry,Daylight,Traffic Control Signal,NONE DETECTED,Yes,No Apparent Injury,NA,Not Distracted,VA,Passenger Car,Backing,25,No,2015,FORD,FIESTA,39.06427217,-77.12609013,2025,7,11
250033559,Property Damage Crash,07/28/2025 11:38:00 AM,CONGRESSIONAL LA,NA,Front to Rear,Clear,Dry,Daylight,Traffic Control Signal,NONE DETECTED,No,No Apparent Injury,NA,Not Distracted,MD,Passenger Car,Stopped in Traffic,25,No,2023,DODGE,CHARGER,39.06427217,-77.12609013,2025,7,11
25001554,Injury Crash,07/28/2025 11:07:00 AM,SLIGO CREEK PKWY,NA,"Sideswipe, Opposite Direction",Clear,Dry,Daylight,Other,NONE DETECTED,No,Possible Minor Injury,NA,Unknown,MD,Van - Passenger (&lt;9 Seats),Moving Constant Speed,25,No,2024,TOYOTA,HIGHLANDER,38.98109703,-76.99271369,2025,7,11
25001554,Injury Crash,07/28/2025 11:07:00 AM,SLIGO CREEK PKWY,NA,"Sideswipe, Opposite Direction",Clear,Dry,Daylight,Other,NONE DETECTED,Yes,Possible Minor Injury,Failed to Keep in Proper Lane,Unknown,MD,Passenger Car,Accelerating,25,No,2016,NISSAN,ALTIMA,38.98109703,-76.99271369,2025,7,11
250033552,Property Damage Crash,07/28/2025 10:55:00 AM,GEORGIA AVE (SB/L),NA,Front to Rear,Clear,Dry,Daylight,No Controls,NONE DETECTED,No,No Apparent Injury,NA,Not Distracted,MD,Passenger Car,Moving Constant Speed,35,No,2017,HONDA,ACCORD,39.13299944,-77.07042163,2025,7,10
250033552,Property Damage Crash,07/28/2025 10:55:00 AM,GEORGIA AVE (SB/L),NA,Front to Rear,Clear,Dry,Daylight,No Controls,NONE DETECTED,No,No Apparent Injury,NA,Not Distracted,MD,Truck Tractor,Stopped in Traffic,35,No,2006,KENWORTH,T300,39.13299944,-77.07042163,2025,7,10
250033560,Property Damage Crash,07/28/2025 10:41:00 AM,NEW HAMPSHIRE AVE,NA,Single Vehicle,Clear,Dry,Daylight,Other Signal,NONE DETECTED,Yes,No Apparent Injury,Disregarded Other Traffic Sign,Unknown,MD,Pickup,Moving Constant Speed,35,No,2020,CHEVROLET,SILVERADO,39.108706,-76.9978397,2025,7,10
250033548,Property Damage Crash,07/28/2025 10:36:00 AM,NA,NA,Angle,Clear,NA,Daylight,NA,NONE DETECTED,No,NA,NA,NA,NA,Passenger Car,NA,0,No,2020,HONDA,ACCORD,39.03273361,-77.07430662,2025,7,10
250033527,Property Damage Crash,07/28/2025 08:22:00 AM,W MONTGOMERY AVE,NA,Front to Rear,Clear,Dry,Daylight,No Controls,NONE DETECTED,No,No Apparent Injury,NA,Not Distracted,MD,Sport Utility Vehicle,Stopped in Traffic,30,No,2004,CHEVROLET,TAHOE,39.08417693,-77.15832743,2025,7,8
250033527,Property Damage Crash,07/28/2025 08:22:00 AM,W MONTGOMERY AVE,NA,Front to Rear,Clear,Dry,Daylight,No Controls,NONE DETECTED,Yes,No Apparent Injury,NA,Not Distracted,MD,Passenger Car,Moving Constant Speed,30,No,2014,KIA,FORTE,39.08417693,-77.15832743,2025,7,8
250033527,Property Damage Crash,07/28/2025 08:22:00 AM,W MONTGOMERY AVE,NA,Front to Rear,Clear,Dry,Daylight,No Controls,NONE DETECTED,No,No Apparent Injury,NA,Not Distracted,MD,Station Wagon,Stopped in Traffic,30,No,2011,HONDA,INSIGHT,39.08417693,-77.15832743,2025,7,8
250033526,Injury Crash,07/28/2025 08:13:00 AM,EAST WEST HWY (WB/L),NA,Front to Rear,Clear,Dry,Daylight,Traffic Control Signal,NONE DETECTED,No,Possible Minor Injury,NA,Not Distracted,MD,Passenger Car,Moving Constant Speed,25,No,2014,VOLKSWAGEN,PASSAT,38.98522217,-77.089424,2025,7,8
250033526,Injury Crash,07/28/2025 08:13:00 AM,EAST WEST HWY (WB/L),NA,Front to Rear,Clear,Dry,Daylight,Traffic Control Signal,NONE DETECTED,No,Possible Minor Injury,NA,Not Distracted,MD,Passenger Car,Moving Constant Speed,25,No,2009,TOYOTA,CAMRY,38.98522217,-77.089424,2025,7,8
250033520,Property Damage Crash,07/28/2025 06:20:00 AM,NA,NA,Rear To Side,Clear,NA,Daylight,NA,NONE DETECTED,No,No Apparent Injury,NA,Not Distracted,MD,Passenger Car,Parked,0,No,2007,HONDA,CR-V,39.13892467,-77.19418767,2025,7,6
250033520,Property Damage Crash,07/28/2025 06:20:00 AM,NA,NA,Rear To Side,Clear,NA,Daylight,NA,NONE DETECTED,Yes,No Apparent Injury,NA,Not Distracted,MD,Passenger Car,Backing,0,No,2010,TOYOTA,COROLLA,39.13892467,-77.19418767,2025,7,6
250033517,Injury Crash,07/28/2025 02:55:00 AM,WISTERIA DR,NA,Other,Clear,Dry,Medium,Flashing Traffic Control Signal,NONE DETECTED,Yes,No Apparent Injury,"Disregarded Other Traffic Sign, Operated Motor Vehicle in Inattentive, Careless, Negligent, or Erratic Manner",Not Distracted,MD,Sport Utility Vehicle,Moving Constant Speed,30,No,2012,ACURA,MDX,39.17683937,-77.27005946,2025,7,2
250033517,Injury Crash,07/28/2025 02:55:00 AM,WISTERIA DR,NA,Other,Clear,Dry,Medium,Flashing Traffic Control Signal,NONE DETECTED,No,Possible Minor Injury,NA,Not Distracted,MD,Passenger Car,Moving Constant Speed,40,No,2019,CHEVROLET,EQUINOX,39.17683937,-77.27005946,2025,7,2
250033496,Property Damage Crash,07/27/2025 08:39:00 PM,OLD COLUMBIA PIKE,NA,"Sideswipe, Same Direction",Clear,Dry,Medium,No Controls,NONE DETECTED,No,NA,NA,NA,NA,Passenger Car,Moving Constant Speed,35,No,2019,DODGE,DURANGO,39.11113201,-76.93238068,2025,7,20
250033496,Property Damage Crash,07/27/2025 08:39:00 PM,OLD COLUMBIA PIKE,NA,"Sideswipe, Same Direction",Clear,Dry,Medium,No Controls,NONE DETECTED,No,No Apparent Injury,NA,Not Distracted,MD,Passenger Car,Moving Constant Speed,35,No,2025,TOYOTA,SIENNA,39.11113201,-76.93238068,2025,7,20
250033492,Injury Crash,07/27/2025 08:35:00 PM,RIDGE RD,NA,"Sideswipe, Opposite Direction",Cloudy,Dry,Medium,No Controls,ALCOHOL PRESENT,Yes,Suspected Serious Injury,Failed to Keep in Proper Lane,Unknown,MD,Passenger Car,Moving Constant Speed,30,No,2016,HYUNDAI,SONATA,39.29270112,-77.20481327,2025,7,20
250033492,Injury Crash,07/27/2025 08:35:00 PM,RIDGE RD,NA,"Sideswipe, Opposite Direction",Cloudy,Dry,Medium,No Controls,NONE DETECTED,No,Possible Minor Injury,NA,Not Distracted,MD,Passenger Car,Moving Constant Speed,30,No,2008,LINCOLN,MKZ,39.29270112,-77.20481327,2025,7,20
250033489,Property Damage Crash,07/27/2025 08:05:00 PM,UNIVERSITY BLVD,NA,Rear To Rear,Clear,Dry,Daylight,Traffic Control Signal,NONE DETECTED,No,NA,Other Improper Action,Unknown,NA,Passenger Car,NA,35,No,2010,JEEP,WRANGLER,38.98944387,-76.98847958,2025,7,20
250033489,Property Damage Crash,07/27/2025 08:05:00 PM,UNIVERSITY BLVD,NA,Rear To Rear,Clear,Dry,Daylight,Traffic Control Signal,NONE DETECTED,No,No Apparent Injury,NA,Not Distracted,MD,Passenger Car,Slowing or Stopping,35,No,2015,HONDA,PILOT,38.98944387,-76.98847958,2025,7,20
250033477,Property Damage Crash,07/27/2025 06:30:00 PM,CAMERON ST,NA,Single Vehicle,Cloudy,Dry,Daylight,"Other Pavement Marking (excluding edgelines, centerlines, or lane lines)",NONE DETECTED,Yes,No Apparent Injury,NA,Not Distracted,MD,Passenger Car,Turning Left,25,No,2004,HONDA,ACCORD,38.99840649,-77.02885772,2025,7,18
250033473,Injury Crash,07/27/2025 05:38:00 PM,NA,NA,Front to Rear,Clear,NA,Daylight,NA,NONE DETECTED,No,No Apparent Injury,NA,NA,NA,NA,Moving Constant Speed,0,No,0,NA,NA,39.08172505,-76.94630974,2025,7,17
250033473,Injury Crash,07/27/2025 05:38:00 PM,NA,NA,Front to Rear,Clear,NA,Daylight,NA,NONE DETECTED,No,Possible Minor Injury,NA,Not Distracted,MD,Passenger Car,Parked,0,No,2020,INFINITI,QX60,39.08172505,-76.94630974,2025,7,17
250033472,Injury Crash,07/27/2025 05:35:00 PM,BROOKEVILLE RD,NA,Single Vehicle,Clear,Dry,Daylight,No Controls,NONE DETECTED,No,No Apparent Injury,Other Improper Action,"Other Action (looking away from task, etc.)",MD,Sport Utility Vehicle,Moving Constant Speed,35,No,2018,FORD,EXPLORER,39.183972,-77.08722383,2025,7,17
250033470,Injury Crash,07/27/2025 05:24:00 PM,MORNINGWOOD DR,NA,Angle,Clear,Dry,Daylight,Traffic Control Signal,NONE DETECTED,No,Possible Minor Injury,NA,Not Distracted,MD,Passenger Car,Accelerating,30,No,2025,HONDA,CR-V,39.15041765,-77.06686791,2025,7,17
250033470,Injury Crash,07/27/2025 05:24:00 PM,MORNINGWOOD DR,NA,Angle,Clear,Dry,Daylight,Traffic Control Signal,NONE DETECTED,Yes,No Apparent Injury,"Failed to Yield Right-of-Way, Ran Red Light",Not Distracted,MD,Passenger Car,Moving Constant Speed,30,No,2022,TOYOTA,COROLLA,39.15041765,-77.06686791,2025,7,17
250033468,Injury Crash,07/27/2025 05:16:00 PM,BLUHILL RD,Cyclist (Electric),Single Vehicle,Rain,Wet,Daylight,Pedestrian Crossing Sign,NONE DETECTED,Yes,No Apparent Injury,"Disregarded Other Traffic Sign, Failed to Yield Right-of-Way, Operated Motor Vehicle in Inattentive, Careless, Negligent, or Erratic Manner, Other Improper Action",Not Distracted,MD,Passenger Car,Slowing or Stopping,35,No,1994,TOYOTA,CAMRY,39.05911733,-77.0648725,2025,7,17
250033457,Property Damage Crash,07/27/2025 04:25:00 PM,GOSHEN RD,NA,Single Vehicle,Rain,Wet,Daylight,No Controls,NONE DETECTED,No,No Apparent Injury,NA,Not Distracted,MD,Passenger Car,Moving Constant Speed,35,No,2025,TOYOTA,CAMRY,39.20305433,-77.18626,2025,7,16
250033452,Injury Crash,07/27/2025 04:01:00 PM,NA,NA,Angle,Clear,NA,Daylight,NA,NONE DETECTED,Yes,No Apparent Injury,NA,Not Distracted,MD,Pickup,Slowing or Stopping,0,No,2016,TOYOTA,TACOMA,39.15821,-77.20224083,2025,7,16
250033452,Injury Crash,07/27/2025 04:01:00 PM,NA,NA,Angle,Clear,NA,Daylight,NA,NONE DETECTED,No,Possible Minor Injury,NA,Not Distracted,MD,Passenger Car,Moving Constant Speed,0,No,2017,TOYOTA,CAMRY,39.15821,-77.20224083,2025,7,16
250033451,Property Damage Crash,07/27/2025 03:44:00 PM,NEWPORT MILL RD,NA,Front to Rear,Clear,Dry,Daylight,No Controls,NONE DETECTED,No,No Apparent Injury,NA,Not Distracted,MD,Passenger Car,Moving Constant Speed,20,No,2023,FORD,ESCAPE,39.04456956,-77.06567228,2025,7,15
250033451,Property Damage Crash,07/27/2025 03:44:00 PM,NEWPORT MILL RD,NA,Front to Rear,Clear,Dry,Daylight,No Controls,ALCOHOL PRESENT,Yes,No Apparent Injury,NA,Not Distracted,MD,Passenger Car,Moving Constant Speed,20,No,2006,FORD,EXPLORER,39.04456956,-77.06567228,2025,7,15
250033442,Injury Crash,07/27/2025 02:20:00 PM,NA,NA,Angle,Clear,Wet,Daylight,Traffic Control Signal,NONE DETECTED,Yes,Possible Minor Injury,NA,Unknown,MD,Passenger Car,Moving Constant Speed,35,No,2017,FORD,EDGE,39.06825908,-77.06109812,2025,7,14
250033442,Injury Crash,07/27/2025 02:20:00 PM,NA,NA,Angle,Clear,Wet,Daylight,Traffic Control Signal,NONE DETECTED,No,No Apparent Injury,NA,Not Distracted,MD,Passenger Car,Accelerating,35,No,2016,TOYOTA,RAV4,39.06825908,-77.06109812,2025,7,14
250033439,Injury Crash,07/27/2025 01:27:00 PM,NORBECK RD (WB/L),NA,Front to Rear,Rain,Wet,Daylight,No Controls,NONE DETECTED,Yes,No Apparent Injury,Followed Too Closely,Not Distracted,MD,Pickup,Moving Constant Speed,45,No,1997,FORD,F-150,39.09411583,-77.11853183,2025,7,13
250033439,Injury Crash,07/27/2025 01:27:00 PM,NORBECK RD (WB/L),NA,Front to Rear,Rain,Wet,Daylight,No Controls,NONE DETECTED,No,No Apparent Injury,NA,Not Distracted,MD,Sport Utility Vehicle,Slowing or Stopping,45,No,2018,FORD,EDGE,39.09411583,-77.11853183,2025,7,13
250033434,Injury Crash,07/27/2025 01:00:00 PM,WATKINS MILL RD,NA,"Sideswipe, Opposite Direction",Rain,Wet,Daylight,No Controls,NONE DETECTED,No,Possible Minor Injury,NA,Not Distracted,MD,Van - Passenger (&lt;9 Seats),Moving Constant Speed,35,No,2016,HONDA,ODYSSEY,39.18991767,-77.22113183,2025,7,13
250033434,Injury Crash,07/27/2025 01:00:00 PM,WATKINS MILL RD,NA,"Sideswipe, Opposite Direction",Rain,Wet,Daylight,No Controls,NONE DETECTED,Yes,No Apparent Injury,Too Fast For Conditions,Not Distracted,MD,Sport Utility Vehicle,Moving Constant Speed,35,No,2020,VOLVO,XC90,39.18991767,-77.22113183,2025,7,13
250033427,Property Damage Crash,07/27/2025 11:45:00 AM,NA,NA,"Sideswipe, Opposite Direction",Clear,Dry,Daylight,Stop Sign,NONE DETECTED,No,No Apparent Injury,NA,Not Distracted,MD,Passenger Car,Turning Left,25,No,2013,KIA,SORENTO,38.9760665,-77.18744383,2025,7,11
250033427,Property Damage Crash,07/27/2025 11:45:00 AM,NA,NA,"Sideswipe, Opposite Direction",Clear,Dry,Daylight,No Controls,NONE DETECTED,No,No Apparent Injury,NA,Not Distracted,DC,Motorcycle - 2 Wheeled,Slowing or Stopping,30,No,2004,DUCATI,SUPERBIKE,38.9760665,-77.18744383,2025,7,11
250033425,Injury Crash,07/27/2025 11:12:00 AM,NA,NA,"Sideswipe, Opposite Direction",Clear,Dry,Daylight,Traffic Control Signal,NONE DETECTED,Yes,No Apparent Injury,Ran Red Light,"Other Action (looking away from task, etc.)",MD,Sport Utility Vehicle,Moving Constant Speed,35,No,2020,VOLVO,XC90,39.05501617,-77.1182515,2025,7,11
250033425,Injury Crash,07/27/2025 11:12:00 AM,NA,NA,"Sideswipe, Opposite Direction",Clear,Dry,Daylight,Traffic Control Signal,NONE DETECTED,No,Possible Minor Injury,NA,Not Distracted,MD,Passenger Car,Moving Constant Speed,35,No,2013,CHEVROLET,VOLT,39.05501617,-77.1182515,2025,7,11
250033425,Injury Crash,07/27/2025 11:12:00 AM,NA,NA,"Sideswipe, Opposite Direction",Clear,Dry,Daylight,Traffic Control Signal,NONE DETECTED,No,Possible Minor Injury,NA,Not Distracted,MD,Passenger Car,Moving Constant Speed,35,No,2018,HYUNDAI,ELANTRA GT,39.05501617,-77.1182515,2025,7,11
250033415,Property Damage Crash,07/27/2025 08:24:00 AM,E JEFFERSON ST (WB/L),NA,"Sideswipe, Same Direction",Clear,Dry,Daylight,Traffic Control Signal,NONE DETECTED,No,No Apparent Injury,NA,Not Distracted,MD,Sport Utility Vehicle,Stopped in Traffic,35,No,2024,KIA,TELLURIDE,39.08278864,-77.15105671,2025,7,8
250033415,Property Damage Crash,07/27/2025 08:24:00 AM,E JEFFERSON ST (WB/L),NA,"Sideswipe, Same Direction",Clear,Dry,Daylight,Traffic Control Signal,NONE DETECTED,No,No Apparent Injury,Failed to Keep in Proper Lane,Unknown,NA,Pickup,Turning Left,35,No,2015,FORD,F-150,39.08278864,-77.15105671,2025,7,8
250033407,Property Damage Crash,07/27/2025 06:36:00 AM,FEATHERWOOD ST,NA,Front to Rear,Cloudy,Wet,Daylight,No Controls,NONE DETECTED,Yes,No Apparent Injury,"Failed to Keep in Proper Lane, Other Improper Action",Not Distracted,MD,Sport Utility Vehicle,Moving Constant Speed,15,No,2010,LEXUS,RX,39.05952483,-76.97465933,2025,7,6
250033404,Property Damage Crash,07/27/2025 04:45:00 AM,RAMP 1 FR IS 270 NB TO IS 370 WB,NA,Single Vehicle,Clear,Wet,Medium,No Controls,NONE DETECTED,Yes,No Apparent Injury,NA,Not Distracted,MD,Passenger Car,Moving Constant Speed,55,No,2011,TOYOTA,CAMRY,39.11969767,-77.19559067,2025,7,4
250033401,Property Damage Crash,07/27/2025 03:59:00 AM,PERSEI PL,NA,Single Vehicle,Clear,Wet,Medium,Other,NONE DETECTED,No,No Apparent Injury,NA,Not Distracted,MD,Other,Backing,10,No,2020,FREIGHTLINER,M2,39.0500505,-77.11675635,2025,7,3
250033399,Property Damage Crash,07/27/2025 03:25:00 AM,JUPITER ST,NA,"Sideswipe, Opposite Direction",Clear,Wet,Medium,No Controls,NONE DETECTED,Yes,No Apparent Injury,NA,Unknown,MD,Station Wagon,Moving Constant Speed,25,No,2023,TOYOTA,RAV4,39.07579767,-77.08948333,2025,7,3
250033397,Property Damage Crash,07/27/2025 02:59:00 AM,EISENHOWER MEMORIAL HWY,NA,Front to Rear,Rain,Wet,Dark,No Controls,NONE DETECTED,No,No Apparent Injury,Failed to Keep in Proper Lane,Not Distracted,MD,Sport Utility Vehicle,Moving Constant Speed,55,No,2011,TOYOTA,4-RUNNER,39.21422983,-77.27684517,2025,7,2
250033397,Property Damage Crash,07/27/2025 02:59:00 AM,EISENHOWER MEMORIAL HWY,NA,Front to Rear,Rain,Wet,Dark,No Controls,NONE DETECTED,No,No Apparent Injury,NA,Not Distracted,FL,Truck Tractor,Moving Constant Speed,55,No,2025,FREIGHTLINER,CASCADIA,39.21422983,-77.27684517,2025,7,2
250033396,Property Damage Crash,07/27/2025 02:43:00 AM,CAPITAL BELTWAY (WB/L),NA,Single Vehicle,Rain,Wet,Medium,No Controls,NONE DETECTED,No,No Apparent Injury,NA,Not Distracted,MD,Passenger Car,Slowing or Stopping,55,No,2016,BMW,X4,39.01354211,-77.03755828,2025,7,2
250033382,Property Damage Crash,07/26/2025 10:36:00 PM,NA,NA,Single Vehicle,Clear,NA,Dark,NA,ALCOHOL PRESENT,No,No Apparent Injury,"Disregarded Other Road Markings, Operated Motor Vehicle in Inattentive, Careless, Negligent, or Erratic Manner, Operated Motor Vehicle in Reckless or Aggressive Manner, Ran Off Roadway",Unknown,MD,Pickup,Backing,0,No,2015,FORD,F-250,39.2123871,-77.1780056,2025,7,22
250033386,Injury Crash,07/26/2025 10:16:00 PM,FREDERICK RD,NA,Other,Clear,Dry,Medium,Traffic Control Signal,NONE DETECTED,Yes,Possible Minor Injury,Failed to Yield Right-of-Way,Unknown,MD,Passenger Car,Turning Left,40,No,2020,HONDA,PILOT,39.215793,-77.25277367,2025,7,22
250033386,Injury Crash,07/26/2025 10:16:00 PM,FREDERICK RD,NA,Other,Clear,Dry,Medium,Traffic Control Signal,NONE DETECTED,No,Possible Minor Injury,NA,Not Distracted,MD,Passenger Car,Moving Constant Speed,40,No,2023,KIA,SORENTO,39.215793,-77.25277367,2025,7,22
250033376,Injury Crash,07/26/2025 09:33:00 PM,NEW HAMPSHIRE AVE,NA,Front to Rear,Clear,Dry,Medium,Traffic Control Signal,NONE DETECTED,No,Possible Minor Injury,NA,Unknown,DC,Sport Utility Vehicle,Slowing or Stopping,35,No,2003,CHEVROLET,SUBURBAN,39.0152141,-76.97777928,2025,7,21
250033376,Injury Crash,07/26/2025 09:33:00 PM,NEW HAMPSHIRE AVE,NA,Front to Rear,Clear,Dry,Medium,Traffic Control Signal,NONE DETECTED,No,No Apparent Injury,NA,Unknown,VA,Passenger Car,Slowing or Stopping,35,No,2007,FORD,FUSION,39.0152141,-76.97777928,2025,7,21
250033376,Injury Crash,07/26/2025 09:33:00 PM,NEW HAMPSHIRE AVE,NA,Front to Rear,Clear,Dry,Medium,Traffic Control Signal,NONE DETECTED,No,No Apparent Injury,NA,Not Distracted,MD,Passenger Car,Slowing or Stopping,35,No,2015,HONDA,ACCORD,39.0152141,-76.97777928,2025,7,21
250033385,Injury Crash,07/26/2025 09:30:00 PM,NO NAME,NA,Other,Clear,Dry,Medium,No Controls,NONE DETECTED,No,Possible Minor Injury,NA,Not Distracted,MD,Passenger Car,NA,25,No,2003,ACURA,TL,39.00176964,-76.98741369,2025,7,21
250033385,Injury Crash,07/26/2025 09:30:00 PM,NO NAME,NA,Other,Clear,Dry,Medium,No Controls,ALCOHOL PRESENT,No,No Apparent Injury,"Operated Motor Vehicle in Inattentive, Careless, Negligent, or Erratic Manner",Unknown,MD,Passenger Car,Turning Left,25,No,2013,HONDA,CIVIC,39.00176964,-76.98741369,2025,7,21
250033378,Property Damage Crash,07/26/2025 09:23:00 PM,NA,NA,Front to Rear,Clear,Dry,Medium,No Controls,NONE DETECTED,No,No Apparent Injury,NA,Not Distracted,MD,Sport Utility Vehicle,Parked,25,No,2015,CADILLAC,ESCALADE,38.98770217,-77.09598667,2025,7,21
250033378,Property Damage Crash,07/26/2025 09:23:00 PM,NA,NA,Front to Rear,Clear,Dry,Medium,No Controls,NONE DETECTED,Yes,No Apparent Injury,NA,Unknown,MD,Sport Utility Vehicle,Entering Traffic Lane,25,No,2021,TOYOTA,LAND CRUISER,38.98770217,-77.09598667,2025,7,21
250033380,Injury Crash,07/26/2025 09:14:00 PM,WINTERSET TERR,NA,Single Vehicle,Clear,Dry,Dark,No Controls,NONE DETECTED,No,Possible Minor Injury,Ran Off Roadway,Not Distracted,MD,Sport Utility Vehicle,Moving Constant Speed,25,No,2020,HONDA,PILOT,39.05235429,-77.19479667,2025,7,21
250033379,Injury Crash,07/26/2025 08:56:00 PM,NA,Scooter (electric),Single Vehicle,Clear,Dry,Dark,No Controls,NONE DETECTED,No,No Apparent Injury,NA,Not Distracted,MD,Passenger Car,Moving Constant Speed,35,No,2018,HYUNDAI,SANTA FE SPORT,38.99546615,-77.04233931,2025,7,20
250033367,Property Damage Crash,07/26/2025 06:32:00 PM,NA,NA,Front to Rear,Clear,NA,Daylight,NA,NONE DETECTED,No,NA,Improper Backing,NA,NA,Pickup,Backing,0,No,2023,TOYOTA,TUNDRA,39.05764037,-77.12552258,2025,7,18
250033358,Injury Crash,07/26/2025 06:00:00 PM,NEW HAMPSHIRE AVE (SB/L),NA,Angle,Clear,Dry,Daylight,Traffic Control Signal,NONE DETECTED,No,No Apparent Injury,NA,Not Distracted,MD,Passenger Car,Moving Constant Speed,40,No,2020,TOYOTA,COROLLA,39.011547,-76.9790035,2025,7,18
250033358,Injury Crash,07/26/2025 06:00:00 PM,NEW HAMPSHIRE AVE (SB/L),NA,Angle,Clear,Dry,Daylight,Traffic Control Signal,NONE DETECTED,Yes,No Apparent Injury,NA,Not Distracted,MD,Passenger Car,Turning Left,40,No,2021,NISSAN,VERSA,39.011547,-76.9790035,2025,7,18
250033363,Injury Crash,07/26/2025 05:52:00 PM,NA,NA,Front to Rear,Clear,NA,Daylight,NA,NONE DETECTED,No,Possible Minor Injury,Other Improper Action,Not Distracted,MD,Sport Utility Vehicle,Slowing or Stopping,0,No,2015,HONDA,CR-V,39.07922333,-77.07259217,2025,7,17
250033363,Injury Crash,07/26/2025 05:52:00 PM,NA,NA,Front to Rear,Clear,NA,Daylight,NA,NONE DETECTED,Yes,No Apparent Injury,Followed Too Closely,Not Distracted,MD,Passenger Car,Moving Constant Speed,0,No,2007,HONDA,ODYSSEY,39.07922333,-77.07259217,2025,7,17
250033356,Property Damage Crash,07/26/2025 05:24:00 PM,BALTIMORE RD,NA,Angle,Clear,Dry,Daylight,Traffic Control Signal,NONE DETECTED,No,No Apparent Injury,NA,Not Distracted,MD,Passenger Car,Moving Constant Speed,50,No,2014,MAZDA,MAZDA3,39.09505301,-77.11267297,2025,7,17