Local Case Number,ACRS Report Type,Crash Date/Time,Road Name,Related Non-Motorist,Collision Type,Weather,Surface Condition,Light,Traffic Control,Driver Substance Abuse,Driver At Fault,Injury Severity,Circumstance,Driver Distracted By,Drivers License State,Vehicle Body Type,Vehicle Movement,Speed Limit,Driverless Vehicle,Vehicle Year,Vehicle Make,Vehicle Model,Latitude,Longitude,Year,Month,Hour
250033356,Property Damage Crash,07/26/2025 05:24:00 PM,BALTIMORE RD,NA,Angle,Clear,Dry,Daylight,Traffic Control Signal,NONE DETECTED,Yes,No Apparent Injury,Failed to Yield Right-of-Way,Not Distracted,MD,Passenger Car,Moving Constant Speed,50,No,2015,HONDA,FIT,39.09505301,-77.11267297,2025,7,17
250033352,Property Damage Crash,07/26/2025 05:10:00 PM,BEL PRE RD,NA,"Sideswipe, Same Direction",Clear,Dry,Daylight,No Controls,NONE DETECTED,No,No Apparent Injury,Other Improper Action,Not Distracted,MD,Passenger Car,Stopped in Traffic,35,No,2021,TOYOTA,CAMRY,39.09200025,-77.07056818,2025,7,17
250033352,Property Damage Crash,07/26/2025 05:10:00 PM,BEL PRE RD,NA,"Sideswipe, Same Direction",Clear,Dry,Daylight,No Controls,NONE DETECTED,Yes,No Apparent Injury,Followed Too Closely,Not Distracted,MD,Passenger Car,Changing Lanes,35,No,2016,FORD,TAURUS,39.09200025,-77.07056818,2025,7,17
250033354,Injury Crash,07/26/2025 05:00:00 PM,FALLS RD,NA,Front to Front,Clear,Dry,Daylight,Traffic Control Signal,NONE DETECTED,Yes,Possible Minor Injury,NA,Not Distracted,MD,Passenger Car,Moving Constant Speed,35,No,2015,CHEVROLET,IMPALA,39.0696804,-77.16995721,2025,7,17
250033354,Injury Crash,07/26/2025 05:00:00 PM,FALLS RD,NA,Front to Front,Clear,Dry,Daylight,Traffic Control Signal,NONE DETECTED,No,Possible Minor Injury,NA,Not Distracted,MD,Passenger Car,Turning Left,35,No,2023,TOYOTA,HIGHLANDER,39.0696804,-77.16995721,2025,7,17
250033346,Property Damage Crash,07/26/2025 03:51:00 PM,MAYHILL TERR,NA,"Sideswipe, Opposite Direction",Clear,Dry,Daylight,No Controls,NONE DETECTED,Yes,No Apparent Injury,Other Improper Action,Not Distracted,MD,Van - Passenger (&lt;9 Seats),Moving Constant Speed,25,No,2013,FORD,E-350,39.17997229,-77.15444533,2025,7,15
250033342,Property Damage Crash,07/26/2025 03:30:00 PM,AMBERLEIGH DR,NA,Single Vehicle,Clear,Dry,Daylight,No Controls,NONE DETECTED,Yes,No Apparent Injury,Ran Off Roadway,Not Distracted,MD,Passenger Car,NA,15,No,2005,TOYOTA,COROLLA,39.0900356,-77.0068437,2025,7,15
250033337,Property Damage Crash,07/26/2025 02:30:00 PM,RANDOLPH RD (WB/L),NA,Other,Clear,Dry,Daylight,Lane Use Control Signal,NONE DETECTED,Yes,No Apparent Injury,"Failed to Yield Right-of-Way, Improper Turn",Unknown,MD,Passenger Car,Turning Right,40,No,2019,CADILLAC,CT6,39.07583065,-77.00217594,2025,7,14
250033337,Property Damage Crash,07/26/2025 02:30:00 PM,RANDOLPH RD (WB/L),NA,Other,Clear,Dry,Daylight,Lane Use Control Signal,NONE DETECTED,No,No Apparent Injury,NA,Not Distracted,MD,Passenger Car,Turning Left,40,No,2015,TOYOTA,COROLLA,39.07583065,-77.00217594,2025,7,14
250033329,Injury Crash,07/26/2025 01:39:00 PM,COMUS RD,NA,Angle,Clear,Dry,Daylight,Stop Sign,NONE DETECTED,Yes,No Apparent Injury,Failed to Yield Right-of-Way,Not Distracted,CA,Passenger Car,Turning Left,30,No,2022,TESLA,MODEL Y,39.24704383,-77.3499265,2025,7,13
250033329,Injury Crash,07/26/2025 01:39:00 PM,COMUS RD,NA,Angle,Clear,Dry,Daylight,No Controls,NONE DETECTED,No,Suspected Serious Injury,NA,Not Distracted,MD,Motorcycle - 2 Wheeled,Moving Constant Speed,30,No,2009,HARLEY-DAVIDSON,SOFTAIL DELUXE,39.24704383,-77.3499265,2025,7,13
250033341,Property Damage Crash,07/26/2025 01:20:00 PM,WISCONSIN AVE,NA,Single Vehicle,Clear,Dry,Daylight,Traffic Control Signal,NONE DETECTED,No,No Apparent Injury,NA,Not Distracted,IN,Passenger Car,NA,35,No,2017,TOYOTA,PRIUS V,38.97991224,-77.0919825,2025,7,13
250033318,Injury Crash,07/26/2025 12:09:00 PM,WOODFIELD RD,NA,Angle,Clear,Dry,Daylight,No Controls,NONE DETECTED,Yes,No Apparent Injury,Failed to Yield Right-of-Way,Not Distracted,MD,Passenger Car,Turning Left,50,No,2025,MERCEDES-BENZ,G-CLASS,39.21397706,-77.17235185,2025,7,12
250033318,Injury Crash,07/26/2025 12:09:00 PM,WOODFIELD RD,NA,Angle,Clear,Dry,Daylight,No Controls,NONE DETECTED,No,No Apparent Injury,NA,Not Distracted,MD,Passenger Car,Moving Constant Speed,50,No,2005,FORD,MUSTANG,39.21397706,-77.17235185,2025,7,12
250033313,Injury Crash,07/26/2025 12:05:00 PM,COLESVILLE RD,NA,"Sideswipe, Same Direction",Clear,Dry,Daylight,No Controls,NONE DETECTED,No,No Apparent Injury,NA,Not Distracted,MD,Van - Cargo,Overtaking/Passing,35,No,2018,FORD,F-750,39.005916,-77.02220633,2025,7,12
250033313,Injury Crash,07/26/2025 12:05:00 PM,COLESVILLE RD,NA,"Sideswipe, Same Direction",Clear,Dry,Daylight,No Controls,NONE DETECTED,No,Possible Minor Injury,NA,Not Distracted,MD,Passenger Car,Accelerating,35,No,2008,ACURA,RL,39.005916,-77.02220633,2025,7,12
250033309,Property Damage Crash,07/26/2025 11:05:00 AM,BOU AVE,NA,Angle,Clear,Dry,Daylight,Stop Sign,NONE DETECTED,No,No Apparent Injury,NA,Not Distracted,MD,Passenger Car,Turning Left,25,No,2014,MITSUBISHI,OUTLANDER,39.05744583,-77.11651133,2025,7,11
250033309,Property Damage Crash,07/26/2025 11:05:00 AM,BOU AVE,NA,Angle,Clear,Dry,Daylight,No Controls,NONE DETECTED,No,No Apparent Injury,NA,Not Distracted,MD,Passenger Car,Moving Constant Speed,25,No,2016,JEEP,CHEROKEE,39.05744583,-77.11651133,2025,7,11
250033302,Property Damage Crash,07/26/2025 10:23:00 AM,SANDY SPRING RD,NA,Rear To Side,Clear,Dry,Daylight,Traffic Control Signal,NONE DETECTED,No,No Apparent Injury,NA,Not Distracted,MD,Passenger Car,Entering Traffic Lane,20,No,2019,FORD,FIESTA,39.11147295,-76.92838314,2025,7,10
250033302,Property Damage Crash,07/26/2025 10:23:00 AM,SANDY SPRING RD,NA,Rear To Side,Clear,Dry,Daylight,Traffic Control Signal,NONE DETECTED,Yes,No Apparent Injury,"Failed to Yield Right-of-Way, Ran Red Light",Not Distracted,MD,Passenger Car,Moving Constant Speed,40,No,2016,TOYOTA,CAMRY,39.11147295,-76.92838314,2025,7,10
250033292,Property Damage Crash,07/26/2025 07:44:00 AM,CEDAR TREE DR,NA,Front to Rear,Clear,Dry,Daylight,No Controls,NONE DETECTED,No,No Apparent Injury,NA,Not Distracted,MD,Passenger Car,Moving Constant Speed,25,No,2015,HONDA,CIVIC,39.09810783,-76.9214975,2025,7,7
250033296,Property Damage Crash,07/26/2025 06:45:00 AM,NA,NA,Front to Rear,Clear,NA,Daylight,NA,NONE DETECTED,Yes,No Apparent Injury,NA,NA,NA,Passenger Car,Moving Constant Speed,0,No,2003,TOYOTA,AVALON,39.01438275,-77.03671861,2025,7,6
250033287,Property Damage Crash,07/26/2025 06:00:00 AM,NA,NA,Angle,Clear,Dry,Medium,Traffic Control Signal,NONE DETECTED,No,No Apparent Injury,NA,Not Distracted,MD,Sport Utility Vehicle,Moving Constant Speed,30,No,2014,FORD,EXPLORER,39.16013025,-77.192073,2025,7,6
250033287,Property Damage Crash,07/26/2025 06:00:00 AM,NA,NA,Angle,Clear,Dry,Medium,Traffic Control Signal,NONE DETECTED,Yes,No Apparent Injury,Failed to Yield Right-of-Way,Unknown,NA,Passenger Car,Turning Left,30,No,2005,SUBARU,LEGACY,39.16013025,-77.192073,2025,7,6
25001541,Property Damage Crash,07/26/2025 12:38:00 AM,PRINCE PHILIP DR,NA,Front to Rear,Clear,Dry,Medium,Flashing Traffic Control Signal,NONE DETECTED,Yes,No Apparent Injury,NA,Unknown,VA,Passenger Car,Entering Traffic Lane,30,No,2023,HYUNDAI,ELANTRA,39.14958425,-77.05796607,2025,7,0
25001541,Property Damage Crash,07/26/2025 12:38:00 AM,PRINCE PHILIP DR,NA,Front to Rear,Clear,Dry,Medium,Flashing Traffic Control Signal,NONE DETECTED,No,No Apparent Injury,NA,Not Distracted,MD,Passenger Car,Moving Constant Speed,30,No,2018,FORD,EXPLORER,39.14958425,-77.05796607,2025,7,0
250033268,Property Damage Crash,07/25/2025 10:54:00 PM,CONNECTICUT AVE,NA,Front to Rear,Clear,Dry,Medium,Traffic Control Signal,NONE DETECTED,Yes,No Apparent Injury,NA,"Other Action (looking away from task, etc.)",XX,Passenger Car,Slowing or Stopping,35,No,2003,TOYOTA,COROLLA,39.08345275,-77.07847009,2025,7,22
250033268,Property Damage Crash,07/25/2025 10:54:00 PM,CONNECTICUT AVE,NA,Front to Rear,Clear,Dry,Medium,Traffic Control Signal,NONE DETECTED,No,No Apparent Injury,NA,Not Distracted,MD,Passenger Car,Stopped in Traffic,35,No,2022,KIA,NIRO,39.08345275,-77.07847009,2025,7,22
250033263,Property Damage Crash,07/25/2025 10:10:00 PM,NA,NA,Other,Clear,NA,Medium,NA,ALCOHOL PRESENT,Yes,No Apparent Injury,"Other Improper Action, Too Fast For Conditions",Unknown,MD,Passenger Car,Moving Constant Speed,0,No,2018,HONDA,ACCORD,39.15715478,-77.1968567,2025,7,22
250033598,Property Damage Crash,07/25/2025 09:00:00 PM,BURGESS LA,NA,Single Vehicle,Clear,Dry,Medium,No Controls,NONE DETECTED,Yes,No Apparent Injury,"Over-Correcting/Over-Steering, Too Fast For Conditions",Unknown,NA,Passenger Car,Negotiating a Curve,30,No,2003,SUBARU,IMPREZA,39.01352735,-76.99954133,2025,7,21
250033250,Property Damage Crash,07/25/2025 08:22:00 PM,GEORGIA AVE,NA,Front to Rear,Clear,Dry,Medium,No Controls,NONE DETECTED,No,No Apparent Injury,NA,Not Distracted,MD,Passenger Car,Slowing or Stopping,35,No,2007,TOYOTA,RAV4,39.07661905,-77.06950212,2025,7,20
250033250,Property Damage Crash,07/25/2025 08:22:00 PM,GEORGIA AVE,NA,Front to Rear,Clear,Dry,Medium,No Controls,NONE DETECTED,Yes,No Apparent Injury,Followed Too Closely,Unknown,MD,Passenger Car,Slowing or Stopping,35,No,2015,CHEVROLET,SPARK,39.07661905,-77.06950212,2025,7,20
250033242,Property Damage Crash,07/25/2025 07:40:00 PM,NA,Pedestrian,Single Vehicle,Clear,NA,Daylight,NA,NONE DETECTED,No,NA,NA,NA,NA,Van - Passenger (&lt;9 Seats),Moving Constant Speed,0,No,2012,MERCEDES-BENZ,SPRINTER,39.2931775,-77.20495534,2025,7,19
250033234,Property Damage Crash,07/25/2025 07:14:00 PM,GEORGIA AVE,NA,Front to Rear,Clear,Dry,Daylight,No Controls,NONE DETECTED,No,No Apparent Injury,NA,Not Distracted,MD,Passenger Car,Moving Constant Speed,35,No,2009,HONDA,ACCORD,39.02476014,-77.0458294,2025,7,19
250033234,Property Damage Crash,07/25/2025 07:14:00 PM,GEORGIA AVE,NA,Front to Rear,Clear,Dry,Daylight,No Controls,NONE DETECTED,No,NA,NA,NA,NA,Passenger Car,Moving Constant Speed,35,No,2020,DODGE,CHALLENGER,39.02476014,-77.0458294,2025,7,19
250033234,Property Damage Crash,07/25/2025 07:14:00 PM,GEORGIA AVE,NA,Front to Rear,Clear,Dry,Daylight,No Controls,NONE DETECTED,No,No Apparent Injury,NA,Not Distracted,MD,Sport Utility Vehicle,Moving Constant Speed,35,No,2011,NISSAN,PATHFINDER,39.02476014,-77.0458294,2025,7,19
250033234,Property Damage Crash,07/25/2025 07:14:00 PM,GEORGIA AVE,NA,Front to Rear,Clear,Dry,Daylight,No Controls,NONE DETECTED,No,No Apparent Injury,NA,Not Distracted,MD,Sport Utility Vehicle,Moving Constant Speed,35,No,2016,HONDA,PILOT,39.02476014,-77.0458294,2025,7,19
250033241,Property Damage Crash,07/25/2025 07:12:00 PM,RAMP 5 FR MD 187 SB TO RAMP 4 (TO IS270),NA,Front to Rear,Clear,Dry,Daylight,Traffic Control Signal,NONE DETECTED,No,NA,NA,NA,NA,Sport Utility Vehicle,Moving Constant Speed,40,No,2015,INFINITI,QX60,39.03003088,-77.12642627,2025,7,19
250033241,Property Damage Crash,07/25/2025 07:12:00 PM,RAMP 5 FR MD 187 SB TO RAMP 4 (TO IS270),NA,Front to Rear,Clear,Dry,Daylight,Traffic Control Signal,NONE DETECTED,No,No Apparent Injury,NA,Not Distracted,MD,Passenger Car,Stopped in Traffic,40,No,2010,TOYOTA,YARIS,39.03003088,-77.12642627,2025,7,19
250033233,Property Damage Crash,07/25/2025 07:00:00 PM,NA,NA,Other,Clear,NA,Daylight,NA,NONE DETECTED,Yes,No Apparent Injury,Improper Backing,Not Distracted,MD,Passenger Car,Backing,0,No,2005,TOYOTA,AVALON,39.091339,-77.04749533,2025,7,19
250033232,Injury Crash,07/25/2025 06:40:00 PM,OLD GEORGETOWN RD,NA,Front to Rear,Clear,Dry,Daylight,Traffic Control Signal,NONE DETECTED,No,Possible Minor Injury,NA,Not Distracted,MD,Passenger Car,Stopped in Traffic,35,No,2020,TOYOTA,CAMRY,39.02446983,-77.125005,2025,7,18
250033232,Injury Crash,07/25/2025 06:40:00 PM,OLD GEORGETOWN RD,NA,Front to Rear,Clear,Dry,Daylight,Traffic Control Signal,NONE DETECTED,No,No Apparent Injury,NA,Not Distracted,MD,Passenger Car,Slowing or Stopping,35,No,2008,HONDA,ACCORD,39.02446983,-77.125005,2025,7,18
250033228,Injury Crash,07/25/2025 06:09:00 PM,OLD COLUMBIA PIKE,NA,Front to Front,Clear,Dry,Daylight,No Controls,NONE DETECTED,No,Possible Minor Injury,NA,Not Distracted,MD,Passenger Car,Turning Left,5,No,2022,TOYOTA,PRIUS,39.11033202,-76.93414546,2025,7,18
250033228,Injury Crash,07/25/2025 06:09:00 PM,OLD COLUMBIA PIKE,NA,Front to Front,Clear,Dry,Daylight,No Controls,NONE DETECTED,No,Possible Minor Injury,NA,Not Distracted,MD,Passenger Car,Moving Constant Speed,25,No,2023,VOLVO,S60,39.11033202,-76.93414546,2025,7,18
250033226,Property Damage Crash,07/25/2025 05:50:00 PM,NA,NA,Front to Rear,Clear,Dry,Daylight,No Controls,NONE DETECTED,Yes,No Apparent Injury,Followed Too Closely,Not Distracted,MD,Passenger Car,Moving Constant Speed,35,No,2010,BMW,650I,39.12029283,-76.98586917,2025,7,17
250033226,Property Damage Crash,07/25/2025 05:50:00 PM,NA,NA,Front to Rear,Clear,Dry,Daylight,No Controls,NONE DETECTED,No,No Apparent Injury,NA,Not Distracted,MD,Passenger Car,Slowing or Stopping,35,No,2024,HYUNDAI,KONA ELECTRIC,39.12029283,-76.98586917,2025,7,17
250033221,Property Damage Crash,07/25/2025 05:07:00 PM,FENWICK LA,NA,Front to Rear,Clear,Dry,Daylight,Traffic Control Signal,NONE DETECTED,Yes,No Apparent Injury,Improper Backing,Not Distracted,MD,Other Trucks,Backing,15,No,2020,PETERBILT,348,38.99689433,-77.03234057,2025,7,17
250033221,Property Damage Crash,07/25/2025 05:07:00 PM,FENWICK LA,NA,Front to Rear,Clear,Dry,Daylight,Traffic Control Signal,NONE DETECTED,No,No Apparent Injury,NA,Not Distracted,MD,Passenger Car,Stopped in Traffic,15,No,2020,HONDA,FIT,38.99689433,-77.03234057,2025,7,17
250033212,Property Damage Crash,07/25/2025 04:45:00 PM,NA,NA,"Sideswipe, Same Direction",Clear,Dry,Daylight,No Controls,NONE DETECTED,No,No Apparent Injury,NA,Not Distracted,DC,Bus - Transit,Moving Constant Speed,30,No,2012,GILLIG,LOW FLOOR BUS,38.9985738,-76.99927348,2025,7,16
250033212,Property Damage Crash,07/25/2025 04:45:00 PM,NA,NA,"Sideswipe, Same Direction",Clear,Dry,Daylight,No Controls,NONE DETECTED,Yes,No Apparent Injury,NA,Not Distracted,MD,Passenger Car,Moving Constant Speed,30,No,2016,HONDA,CR-V,38.9985738,-76.99927348,2025,7,16
250033206,Property Damage Crash,07/25/2025 04:31:00 PM,CONNECTICUT AVE,NA,Front to Rear,Clear,Dry,Daylight,No Controls,NONE DETECTED,Yes,No Apparent Injury,Other Improper Action,Unknown,MD,Passenger Car,Moving Constant Speed,35,No,2013,FORD,TAURUS,39.07622183,-77.08038783,2025,7,16
250033206,Property Damage Crash,07/25/2025 04:31:00 PM,CONNECTICUT AVE,NA,Front to Rear,Clear,Dry,Daylight,No Controls,NONE DETECTED,No,No Apparent Injury,NA,Not Distracted,MD,Passenger Car,Moving Constant Speed,35,No,2023,TOYOTA,HIGHLANDER,39.07622183,-77.08038783,2025,7,16
250033203,Property Damage Crash,07/25/2025 04:00:00 PM,NA,NA,Front to Rear,Clear,Dry,Daylight,Traffic Control Signal,NONE DETECTED,Yes,No Apparent Injury,NA,Not Distracted,MD,Passenger Car,Slowing or Stopping,30,No,2021,TOYOTA,VENZA,38.99377438,-77.03241786,2025,7,16
250033203,Property Damage Crash,07/25/2025 04:00:00 PM,NA,NA,Front to Rear,Clear,Dry,Daylight,Traffic Control Signal,NONE DETECTED,Yes,No Apparent Injury,NA,Not Distracted,MD,Passenger Car,Moving Constant Speed,30,No,1993,NISSAN,PICKUP,38.99377438,-77.03241786,2025,7,16
250033203,Property Damage Crash,07/25/2025 04:00:00 PM,NA,NA,Front to Rear,Clear,Dry,Daylight,Traffic Control Signal,NONE DETECTED,No,No Apparent Injury,NA,Not Distracted,MD,Passenger Car,Slowing or Stopping,30,No,2019,TOYOTA,CAMRY,38.99377438,-77.03241786,2025,7,16
250033186,Injury Crash,07/25/2025 03:00:00 PM,MIDCOUNTY HWY,NA,Front to Rear,Clear,Dry,Daylight,Traffic Control Signal,NONE DETECTED,No,Possible Minor Injury,NA,Not Distracted,MD,Passenger Car,Stopped in Traffic,50,No,2015,NISSAN,ROGUE,39.15925767,-77.19822217,2025,7,15
250033186,Injury Crash,07/25/2025 03:00:00 PM,MIDCOUNTY HWY,NA,Front to Rear,Clear,Dry,Daylight,Traffic Control Signal,NONE DETECTED,Yes,No Apparent Injury,NA,Not Distracted,MD,Passenger Car,Slowing or Stopping,50,No,2011,CHEVROLET,TAHOE,39.15925767,-77.19822217,2025,7,15
250033189,Property Damage Crash,07/25/2025 02:44:00 PM,GAITHER RD,NA,Angle,Clear,Dry,Daylight,No Controls,NONE DETECTED,No,No Apparent Injury,NA,Not Distracted,MD,Passenger Car,Moving Constant Speed,30,No,2025,INFINITI,QX50,39.11754817,-77.18561317,2025,7,14
250033189,Property Damage Crash,07/25/2025 02:44:00 PM,GAITHER RD,NA,Angle,Clear,Dry,Daylight,Stop Sign,NONE DETECTED,Yes,No Apparent Injury,NA,Unknown,AZ,Passenger Car,Accelerating,25,No,2019,AUDI,Q5,39.11754817,-77.18561317,2025,7,14
250033184,Property Damage Crash,07/25/2025 02:30:00 PM,SAM EIG HWY (SB/L),NA,Front to Front,Clear,Dry,Daylight,No Controls,NONE DETECTED,No,No Apparent Injury,NA,Unknown,MD,Passenger Car,Changing Lanes,50,No,2016,ACURA,TLX,39.1173195,-77.207463,2025,7,14
250033184,Property Damage Crash,07/25/2025 02:30:00 PM,SAM EIG HWY (SB/L),NA,Front to Front,Clear,Dry,Daylight,No Controls,NONE DETECTED,No,No Apparent Injury,NA,Not Distracted,MD,Other Trucks,Moving Constant Speed,50,No,1999,MACK,CL,39.1173195,-77.207463,2025,7,14
250033188,Property Damage Crash,07/25/2025 02:20:00 PM,NA,NA,Front to Rear,Clear,Dry,Daylight,Stop Sign,NONE DETECTED,No,No Apparent Injury,NA,Not Distracted,MD,Sport Utility Vehicle,Stopped in Traffic,25,No,2020,LAND ROVER,RANGE ROVER VELAR,39.11327633,-77.18339628,2025,7,14
250033188,Property Damage Crash,07/25/2025 02:20:00 PM,NA,NA,Front to Rear,Clear,Dry,Daylight,Stop Sign,NONE DETECTED,No,No Apparent Injury,NA,Not Distracted,MD,Van - Cargo,Accelerating,25,No,2017,FORD,E-350,39.11327633,-77.18339628,2025,7,14
250033187,Property Damage Crash,07/25/2025 02:20:00 PM,BAYSWATER CT,NA,Rear To Side,Clear,Dry,Daylight,No Controls,NONE DETECTED,Yes,No Apparent Injury,Improper Backing,Not Distracted,MD,Passenger Car,Backing,25,No,2015,TOYOTA,HIGHLANDER,39.13483171,-77.25262954,2025,7,14
250033178,Injury Crash,07/25/2025 02:03:00 PM,HARRIS AVE,Cyclist (non-electric),Unknown,Clear,Dry,Daylight,Stop Sign,NONE DETECTED,No,NA,NA,NA,NA,Passenger Car,Accelerating,25,No,2012,TOYOTA,CAMRY,39.05057131,-77.05674422,2025,7,14
250033172,Property Damage Crash,07/25/2025 01:30:00 PM,RANDOLPH RD (WB/L),NA,Front to Rear,Cloudy,Dry,Daylight,No Controls,NONE DETECTED,No,No Apparent Injury,NA,Not Distracted,MD,Sport Utility Vehicle,Stopped in Traffic,35,No,2023,CHEVROLET,TRAILBLAZER,39.05363888,-77.10404239,2025,7,13
250033172,Property Damage Crash,07/25/2025 01:30:00 PM,RANDOLPH RD (WB/L),NA,Front to Rear,Cloudy,Dry,Daylight,No Controls,NONE DETECTED,No,No Apparent Injury,Improper Backing,Unknown,NA,Single-Unit Truck,Backing,35,No,2023,HINO,INCOMPLETE VEHICLE,39.05363888,-77.10404239,2025,7,13
250033171,Injury Crash,07/25/2025 01:27:00 PM,SECOND AVE (NB/L),Pedestrian,Single Vehicle,Clear,Dry,Daylight,Pedestrian Crossing Sign,NONE DETECTED,Yes,No Apparent Injury,NA,Not Distracted,NA,Passenger Car,Turning Right,30,No,2018,HONDA,ACCORD,38.99486117,-77.03063183,2025,7,13
250033162,Property Damage Crash,07/25/2025 11:59:00 AM,RIDGE RD,NA,Single Vehicle,Clear,Dry,Daylight,Traffic Control Signal,NONE DETECTED,Yes,No Apparent Injury,Other Improper Action,Unknown,MD,Other Trucks,Moving Constant Speed,40,No,2017,PETERBILT,567,39.2313598,-77.23700459,2025,7,11
250033151,Property Damage Crash,07/25/2025 11:55:00 AM,VALLEY BROOK DR,NA,Single Vehicle,Clear,Dry,Daylight,No Controls,NONE DETECTED,Yes,No Apparent Injury,NA,Unknown,MD,Van - Cargo,Moving Constant Speed,25,No,2025,INTERNATIONAL,LT62A,39.05797864,-77.00291494,2025,7,11
250033157,Property Damage Crash,07/25/2025 11:55:00 AM,NA,NA,"Sideswipe, Same Direction",Clear,Dry,Daylight,Traffic Control Signal,NONE DETECTED,No,No Apparent Injury,NA,Not Distracted,CO,Passenger Car,Moving Constant Speed,40,No,2023,LEXUS,RX,39.12121898,-76.98890509,2025,7,11
250033157,Property Damage Crash,07/25/2025 11:55:00 AM,NA,NA,"Sideswipe, Same Direction",Clear,Dry,Daylight,Traffic Control Signal,NONE DETECTED,Yes,No Apparent Injury,"Disregarded Other Road Markings, Followed Too Closely, Improper Backing, Operated Motor Vehicle in Inattentive, Careless, Negligent, or Erratic Manner, Operated Motor Vehicle in Reckless or Aggressive Manner, Other Improper Action",Unknown,MD,Passenger Car,Moving Constant Speed,40,No,2013,ACURA,MDX,39.12121898,-76.98890509,2025,7,11
250033148,Property Damage Crash,07/25/2025 11:04:00 AM,DOMER AVE,NA,Front to Rear,Clear,Dry,Daylight,No Controls,NONE DETECTED,Yes,No Apparent Injury,NA,Not Distracted,NA,Sport Utility Vehicle,Moving Constant Speed,25,No,2011,AUDI,Q5,38.9969505,-76.99924717,2025,7,11
250033141,Property Damage Crash,07/25/2025 10:30:00 AM,NA,NA,Front to Rear,Clear,Dry,Daylight,No Controls,NONE DETECTED,No,No Apparent Injury,NA,Not Distracted,MD,Sport Utility Vehicle,Stopped in Traffic,25,No,2024,AUDI,Q3,38.981405,-77.09844467,2025,7,10
250033141,Property Damage Crash,07/25/2025 10:30:00 AM,NA,NA,Front to Rear,Clear,Dry,Daylight,No Controls,NONE DETECTED,Yes,No Apparent Injury,Improper Backing,Unknown,NY,Truck Tractor,Backing,25,No,2005,PETERBILT,379,38.981405,-77.09844467,2025,7,10
250033134,Property Damage Crash,07/25/2025 09:52:00 AM,NA,NA,"Sideswipe, Same Direction",Clear,NA,Daylight,NA,NONE DETECTED,No,No Apparent Injury,NA,Not Distracted,MD,Passenger Car,Backing,0,No,2024,TOYOTA,HIGHLANDER,39.03151749,-77.00377371,2025,7,9
250033134,Property Damage Crash,07/25/2025 09:52:00 AM,NA,NA,"Sideswipe, Same Direction",Clear,NA,Daylight,NA,NONE DETECTED,Yes,No Apparent Injury,"Failed to Yield Right-of-Way, Other Improper Action",Unknown,MD,Passenger Car,NA,0,No,2024,FORD,TRANSIT,39.03151749,-77.00377371,2025,7,9
250033116,Property Damage Crash,07/25/2025 07:45:00 AM,DEMOCRACY BLVD,NA,Front to Rear,Clear,Dry,Daylight,No Controls,NONE DETECTED,No,No Apparent Injury,NA,Unknown,MD,Passenger Car,Stopped in Traffic,45,No,2025,AUDI,Q5,39.02328267,-77.15696817,2025,7,7
250033116,Property Damage Crash,07/25/2025 07:45:00 AM,DEMOCRACY BLVD,NA,Front to Rear,Clear,Dry,Daylight,No Controls,NONE DETECTED,No,No Apparent Injury,NA,Unknown,MD,Sport Utility Vehicle,Stopped in Traffic,45,No,2021,TOYOTA,RAV4,39.02328267,-77.15696817,2025,7,7
250033116,Property Damage Crash,07/25/2025 07:45:00 AM,DEMOCRACY BLVD,NA,Front to Rear,Clear,Dry,Daylight,No Controls,NONE DETECTED,No,No Apparent Injury,NA,Unknown,VA,Passenger Car,Stopped in Traffic,45,No,2016,VOLKSWAGEN,PASSAT,39.02328267,-77.15696817,2025,7,7