Local Case Number,ACRS Report Type,Crash Date/Time,Road Name,Related Non-Motorist,Collision Type,Weather,Surface Condition,Light,Traffic Control,Driver Substance Abuse,Driver At Fault,Injury Severity,Circumstance,Driver Distracted By,Drivers License State,Vehicle Body Type,Vehicle Movement,Speed Limit,Driverless Vehicle,Vehicle Year,Vehicle Make,Vehicle Model,Latitude,Longitude,Year,Month,Hour
250033116,Property Damage Crash,07/25/2025 07:45:00 AM,DEMOCRACY BLVD,NA,Front to Rear,Clear,Dry,Daylight,No Controls,NONE DETECTED,No,No Apparent Injury,NA,Not Distracted,MD,Passenger Car,Stopped in Traffic,45,No,2022,HONDA,CIVIC,39.02328267,-77.15696817,2025,7,7
250033116,Property Damage Crash,07/25/2025 07:45:00 AM,DEMOCRACY BLVD,NA,Front to Rear,Clear,Dry,Daylight,No Controls,NONE DETECTED,Yes,No Apparent Injury,Followed Too Closely,Unknown,VA,Passenger Car,Slowing or Stopping,45,No,2018,KIA,OPTIMA,39.02328267,-77.15696817,2025,7,7
250033113,Property Damage Crash,07/25/2025 07:38:00 AM,ROCKVILLE PIKE,NA,Front to Rear,Clear,Dry,Daylight,No Controls,NONE DETECTED,No,No Apparent Injury,NA,Not Distracted,MD,Passenger Car,Moving Constant Speed,30,No,2011,CHEVROLET,IMPALA,39.08496808,-77.14790705,2025,7,7
250033113,Property Damage Crash,07/25/2025 07:38:00 AM,ROCKVILLE PIKE,NA,Front to Rear,Clear,Dry,Daylight,No Controls,NONE DETECTED,No,No Apparent Injury,NA,Not Distracted,MD,Bus - Transit,Stopped in Traffic,30,No,2025,GILLIG,LOW FLOOR BUS,39.08496808,-77.14790705,2025,7,7
250033113,Property Damage Crash,07/25/2025 07:38:00 AM,ROCKVILLE PIKE,NA,Front to Rear,Clear,Dry,Daylight,No Controls,NONE DETECTED,Yes,No Apparent Injury,NA,Not Distracted,MD,Station Wagon,Changing Lanes,30,No,2014,TOYOTA,RAV4,39.08496808,-77.14790705,2025,7,7
250033108,Property Damage Crash,07/25/2025 03:58:00 AM,W WATKINS MILL RD (SB/L),NA,Single Vehicle,Clear,Dry,Medium,Traffic Control Signal,NONE DETECTED,Yes,No Apparent Injury,Ran Off Roadway,Unknown,MD,Passenger Car,NA,35,No,2013,NISSAN,VERSA,39.15688729,-77.22460774,2025,7,3
250033093,Injury Crash,07/24/2025 11:11:00 PM,COLUMBIA PIKE,Pedestrian,Single Vehicle,Clear,Dry,Medium,Traffic Control Signal,NONE DETECTED,No,NA,NA,NA,NA,NA,NA,45,No,0,NA,NA,39.05790487,-76.9683369,2025,7,23
250033088,Injury Crash,07/24/2025 10:07:00 PM,MONTGOMERY VILLAGE AVE,NA,Rear To Side,Clear,Dry,Medium,Traffic Control Signal,NONE DETECTED,Yes,Possible Minor Injury,NA,Not Distracted,MD,Passenger Car,Turning Left,35,No,2016,HYUNDAI,SONATA,39.15440133,-77.20943,2025,7,22
250033088,Injury Crash,07/24/2025 10:07:00 PM,MONTGOMERY VILLAGE AVE,NA,Rear To Side,Clear,Dry,Medium,Traffic Control Signal,NONE DETECTED,No,No Apparent Injury,NA,Not Distracted,MD,Passenger Car,Moving Constant Speed,35,No,2021,FORD,ESCAPE,39.15440133,-77.20943,2025,7,22
250033085,Injury Crash,07/24/2025 09:52:00 PM,ROCKVILLE PIKE (SB/L),NA,Front to Front,Clear,Dry,Medium,Traffic Control Signal,NONE DETECTED,Yes,Possible Minor Injury,NA,Not Distracted,MD,Passenger Car,Turning Left,30,No,2020,TOYOTA,CAMRY,39.08030314,-77.14411519,2025,7,21
250033085,Injury Crash,07/24/2025 09:52:00 PM,ROCKVILLE PIKE (SB/L),NA,Front to Front,Clear,Dry,Medium,Traffic Control Signal,NONE DETECTED,No,No Apparent Injury,NA,Not Distracted,MD,Passenger Car,Moving Constant Speed,30,No,2011,BMW,328I,39.08030314,-77.14411519,2025,7,21
250033083,Injury Crash,07/24/2025 09:30:00 PM,HARMONY HALL RD,NA,Front to Front,Clear,Dry,Medium,Traffic Control Signal,NONE DETECTED,No,Possible Minor Injury,NA,Not Distracted,MD,Other Trucks,Making U-Turn,40,No,2019,RAM,1500,39.13659587,-77.20554688,2025,7,21
250033083,Injury Crash,07/24/2025 09:30:00 PM,HARMONY HALL RD,NA,Front to Front,Clear,Dry,Medium,Traffic Control Signal,NONE DETECTED,No,NA,NA,NA,NA,Passenger Car,Overtaking/Passing,40,No,2018,NISSAN,ALTIMA,39.13659587,-77.20554688,2025,7,21
250033072,Property Damage Crash,07/24/2025 07:30:00 PM,NA,NA,Front to Rear,Clear,NA,Daylight,NA,NONE DETECTED,Yes,No Apparent Injury,NA,Not Distracted,MD,Passenger Car,Accelerating,0,No,2000,HONDA,CIVIC,39.199194,-77.24894383,2025,7,19
250033064,Injury Crash,07/24/2025 06:37:00 PM,DIAMONDBACK DR,Unknown Type Of Non-Motorist,Single Vehicle,Clear,Dry,Daylight,Stop Sign,NONE DETECTED,No,No Apparent Injury,NA,"Other Action (looking away from task, etc.)",MD,Passenger Car,Slowing or Stopping,30,No,2020,HYUNDAI,IONIQ,39.11308741,-77.20743699,2025,7,18
250033070,Property Damage Crash,07/24/2025 06:00:00 PM,W MONTGOMERY AVE (WB/L),NA,"Sideswipe, Same Direction",Clear,Dry,Daylight,No Controls,NONE DETECTED,No,NA,NA,NA,NA,Passenger Car,Turning Left,40,No,2018,SUBARU,OUTBACK,39.09056542,-77.17884978,2025,7,18
250033070,Property Damage Crash,07/24/2025 06:00:00 PM,W MONTGOMERY AVE (WB/L),NA,"Sideswipe, Same Direction",Clear,Dry,Daylight,Traffic Control Signal,NONE DETECTED,No,No Apparent Injury,NA,Unknown,MD,Passenger Car,Moving Constant Speed,40,No,2023,HYUNDAI,ELANTRA,39.09056542,-77.17884978,2025,7,18
250033049,Injury Crash,07/24/2025 05:03:00 PM,LAYHILL RD,NA,Front to Front,Clear,Dry,Daylight,Traffic Control Signal,NONE DETECTED,No,No Apparent Injury,NA,Not Distracted,MD,Sport Utility Vehicle,Stopped in Traffic,40,No,2018,HONDA,PILOT,39.06871583,-77.04583,2025,7,17
250033049,Injury Crash,07/24/2025 05:03:00 PM,LAYHILL RD,NA,Front to Front,Clear,Dry,Daylight,Traffic Control Signal,NONE DETECTED,Yes,Possible Minor Injury,NA,Unknown,MD,Passenger Car,Changing Lanes,40,No,2016,KIA,SOUL,39.06871583,-77.04583,2025,7,17
250033074,Property Damage Crash,07/24/2025 05:01:00 PM,NA,NA,Rear To Side,Clear,NA,Daylight,NA,NONE DETECTED,No,NA,NA,NA,NA,Pickup,Backing,0,No,2001,FORD,F-150,39.04373558,-77.04896585,2025,7,17
250033347,Property Damage Crash,07/24/2025 04:40:00 PM,ARMORY AVE,NA,"Sideswipe, Same Direction",Clear,Dry,Daylight,Stop Sign,NONE DETECTED,No,No Apparent Injury,NA,Not Distracted,MD,Sport Utility Vehicle,Turning Left,25,No,2006,TOYOTA,HIGHLANDER,39.02796391,-77.07463041,2025,7,16
250033347,Property Damage Crash,07/24/2025 04:40:00 PM,ARMORY AVE,NA,"Sideswipe, Same Direction",Clear,Dry,Daylight,Stop Sign,NONE DETECTED,No,No Apparent Injury,NA,Not Distracted,MD,Sport Utility Vehicle,Turning Left,25,No,2010,FORD,EXPLORER,39.02796391,-77.07463041,2025,7,16
250033040,Property Damage Crash,07/24/2025 04:12:00 PM,NA,Cyclist (Electric),Single Vehicle,Clear,NA,Daylight,NA,NONE DETECTED,No,No Apparent Injury,NA,Unknown,DC,Passenger Car,Turning Right,0,No,2014,BMW,320I,39.02327833,-76.9779736,2025,7,16
250033027,Property Damage Crash,07/24/2025 02:54:00 PM,RIVER RD (WB/L),NA,"Sideswipe, Same Direction",Clear,Dry,Daylight,No Controls,NONE DETECTED,Yes,No Apparent Injury,NA,Unknown,TX,Truck Tractor,Changing Lanes,45,No,1996,PETERBILT,385,38.99104106,-77.15608571,2025,7,14
250033027,Property Damage Crash,07/24/2025 02:54:00 PM,RIVER RD (WB/L),NA,"Sideswipe, Same Direction",Clear,Dry,Daylight,No Controls,NONE DETECTED,No,No Apparent Injury,NA,Not Distracted,DC,Passenger Car,Moving Constant Speed,45,No,2019,TESLA,MODEL 3,38.99104106,-77.15608571,2025,7,14
250033024,Property Damage Crash,07/24/2025 02:46:00 PM,BEL PRE RD,NA,Single Vehicle,Clear,Dry,Daylight,No Controls,NONE DETECTED,Yes,No Apparent Injury,NA,Unknown,MD,Passenger Car,Moving Constant Speed,35,No,2014,TOYOTA,COROLLA,39.09133413,-77.06500841,2025,7,14
250033026,Property Damage Crash,07/24/2025 01:48:00 PM,BETHESDA CHURCH RD,NA,Front to Rear,Clear,Dry,Daylight,No Controls,NONE DETECTED,No,No Apparent Injury,NA,Not Distracted,MD,Sport Utility Vehicle,Stopped in Traffic,30,No,2019,TOYOTA,RAV4,39.2875086,-77.22130507,2025,7,13
250033026,Property Damage Crash,07/24/2025 01:48:00 PM,BETHESDA CHURCH RD,NA,Front to Rear,Clear,Dry,Daylight,No Controls,NONE DETECTED,Yes,No Apparent Injury,Other Improper Action,Not Distracted,MD,Pickup,Backing,30,No,2021,GMC,SILVERADO MEDIUM DUTY (GM515),39.2875086,-77.22130507,2025,7,13
250033014,Injury Crash,07/24/2025 01:43:00 PM,NA,Pedestrian,Single Vehicle,Clear,NA,Daylight,NA,NONE DETECTED,No,No Apparent Injury,NA,Not Distracted,MD,Sport Utility Vehicle,Moving Constant Speed,0,No,2025,TOYOTA,RAV4,39.02362743,-77.14408679,2025,7,13
250033015,Injury Crash,07/24/2025 01:30:00 PM,UNIVERSITY BLVD W,Cyclist (non-electric),Single Vehicle,Clear,Dry,Daylight,No Controls,NONE DETECTED,No,No Apparent Injury,NA,Not Distracted,MD,Passenger Car,Moving Constant Speed,30,No,2012,TOYOTA,PRIUS V,39.04145897,-77.05153178,2025,7,13
250033005,Property Damage Crash,07/24/2025 12:51:00 PM,NA,NA,Angle,Clear,Dry,Daylight,Traffic Control Signal,NONE DETECTED,No,No Apparent Injury,NA,Not Distracted,MD,Passenger Car,Moving Constant Speed,35,No,2023,TESLA,MODEL 3,39.05617,-77.179545,2025,7,12
250033005,Property Damage Crash,07/24/2025 12:51:00 PM,NA,NA,Angle,Clear,Dry,Daylight,Traffic Control Signal,NONE DETECTED,Yes,No Apparent Injury,Failed to Yield Right-of-Way,Not Distracted,MD,Passenger Car,Turning Left,35,No,2017,HONDA,ACCORD,39.05617,-77.179545,2025,7,12
250033000,Property Damage Crash,07/24/2025 12:46:00 PM,PARK POTOMAC AVE,NA,Single Vehicle,Clear,Dry,Daylight,No Controls,NONE DETECTED,No,No Apparent Injury,"Over-Correcting/Over-Steering, Ran Off Roadway",Unknown,MD,Passenger Car,Turning Right,30,No,2019,SUBARU,IMPREZA,39.058353,-77.15758217,2025,7,12
250032998,Property Damage Crash,07/24/2025 12:37:00 PM,NA,NA,"Sideswipe, Opposite Direction",Clear,NA,Daylight,NA,NONE DETECTED,Yes,No Apparent Injury,NA,Not Distracted,MD,Passenger Car,Turning Left,0,No,2013,FORD,C-MAX,39.17170009,-77.21467735,2025,7,12
250032981,Injury Crash,07/24/2025 11:20:00 AM,COLESVILLE RD,Pedestrian,Single Vehicle,Clear,Dry,Daylight,Traffic Control Signal,NONE DETECTED,Yes,No Apparent Injury,Failed to Yield Right-of-Way,Not Distracted,MD,Passenger Car,Turning Left,30,No,2012,TOYOTA,PRIUS,38.99591567,-77.02819433,2025,7,11
250032982,Property Damage Crash,07/24/2025 11:14:00 AM,NA,NA,Rear To Rear,Clear,NA,Daylight,NA,NONE DETECTED,Yes,No Apparent Injury,Failed to Keep in Proper Lane,Not Distracted,MD,Other Trucks,Backing,0,No,2015,FORD,E-350,39.25086917,-77.2019445,2025,7,11
250032973,Injury Crash,07/24/2025 10:24:00 AM,E GUDE DR,NA,Rear To Side,Clear,Dry,Daylight,Traffic Control Signal,NONE DETECTED,No,Possible Minor Injury,NA,Not Distracted,MD,Passenger Car,Moving Constant Speed,25,No,2013,ACURA,TSX,39.10635584,-77.15228167,2025,7,10
250032973,Injury Crash,07/24/2025 10:24:00 AM,E GUDE DR,NA,Rear To Side,Clear,Dry,Daylight,Traffic Control Signal,NONE DETECTED,Yes,No Apparent Injury,NA,Not Distracted,MD,Passenger Car,Moving Constant Speed,40,No,2022,FORD,ESCAPE,39.10635584,-77.15228167,2025,7,10
250032968,Property Damage Crash,07/24/2025 10:15:00 AM,NA,NA,Rear To Rear,Clear,NA,Daylight,NA,NONE DETECTED,No,No Apparent Injury,Improper Backing,Unknown,NA,Other,Backing,0,No,2005,GMC,SIERRA,39.038635,-77.122405,2025,7,10
250032961,Property Damage Crash,07/24/2025 08:45:00 AM,BALLARD ST,NA,Angle,Clear,Dry,Daylight,No Controls,NONE DETECTED,No,No Apparent Injury,NA,Not Distracted,MD,Bus - School,Slowing or Stopping,30,No,2015,FREIGHTLINER,B2 BUS CHASSIS,39.00084321,-77.03332115,2025,7,8
250032961,Property Damage Crash,07/24/2025 08:45:00 AM,BALLARD ST,NA,Angle,Clear,Dry,Daylight,No Controls,NONE DETECTED,No,NA,NA,NA,NA,NA,Turning Left,30,No,0,NA,NA,39.00084321,-77.03332115,2025,7,8
250032950,Property Damage Crash,07/24/2025 04:57:00 AM,SPARTAN RD (WB/L),NA,Angle,Clear,Dry,Medium,Flashing Traffic Control Signal,NONE DETECTED,Yes,No Apparent Injury,"Failed to Yield Right-of-Way, Operated Motor Vehicle in Inattentive, Careless, Negligent, or Erratic Manner",Not Distracted,MD,Sport Utility Vehicle,Moving Constant Speed,30,No,2023,HONDA,HR-V,39.15088314,-77.06199821,2025,7,4
250032950,Property Damage Crash,07/24/2025 04:57:00 AM,SPARTAN RD (WB/L),NA,Angle,Clear,Dry,Medium,Flashing Traffic Control Signal,NONE DETECTED,No,No Apparent Injury,NA,Not Distracted,MD,Passenger Car,Moving Constant Speed,30,No,2004,HONDA,CIVIC,39.15088314,-77.06199821,2025,7,4
250032943,Injury Crash,07/24/2025 12:35:00 AM,NA,NA,"Sideswipe, Same Direction",Clear,Dry,Medium,No Controls,DRUG AND ALCOHOL CONTRIBUTED,Yes,Possible Minor Injury,NA,Unknown,MD,Sport Utility Vehicle,Moving Constant Speed,35,No,2016,JEEP,PATRIOT,39.196400680000004,-77.27308605,2025,7,0
250032938,Property Damage Crash,07/23/2025 11:21:00 PM,NEW HAMPSHIRE AVE (SB/L),NA,Front to Rear,Clear,Dry,Medium,Intersection Ahead Warning Sign,NONE DETECTED,No,No Apparent Injury,NA,Not Distracted,MD,Passenger Car,Moving Constant Speed,25,No,2025,TESLA,MODEL Y,38.97555167,-76.99409182,2025,7,23
250032938,Property Damage Crash,07/23/2025 11:21:00 PM,NEW HAMPSHIRE AVE (SB/L),NA,Front to Rear,Clear,Dry,Medium,Intersection Ahead Warning Sign,NONE DETECTED,No,NA,NA,NA,NA,Passenger Car,Moving Constant Speed,25,No,2026,BMW,228I,38.97555167,-76.99409182,2025,7,23
250032928,Injury Crash,07/23/2025 09:35:00 PM,WOODMONT AVE,Pedestrian,Single Vehicle,Clear,Dry,Medium,Traffic Control Signal,NONE DETECTED,No,No Apparent Injury,NA,Not Distracted,MD,Bus - Other Type,Accelerating,25,No,2025,FORD,E-450,38.98407173,-77.09624639,2025,7,21
250032918,Property Damage Crash,07/23/2025 07:54:00 PM,NA,NA,Front to Rear,Clear,NA,Daylight,NA,NONE DETECTED,No,No Apparent Injury,NA,Not Distracted,VA,Passenger Car,Parked,0,No,2024,TESLA,MODEL 3,38.99422466,-77.02239993,2025,7,19
250032918,Property Damage Crash,07/23/2025 07:54:00 PM,NA,NA,Front to Rear,Clear,NA,Daylight,NA,NONE DETECTED,No,No Apparent Injury,"Improper Backing, Operated Motor Vehicle in Inattentive, Careless, Negligent, or Erratic Manner",Unknown,NA,Sport Utility Vehicle,Slowing or Stopping,0,No,2011,SUBARU,OUTBACK,38.99422466,-77.02239993,2025,7,19
250032908,Property Damage Crash,07/23/2025 05:51:00 PM,GEORGIA AVE,NA,"Sideswipe, Same Direction",Clear,Dry,Daylight,Traffic Control Signal,NONE DETECTED,No,No Apparent Injury,NA,Not Distracted,MD,Sport Utility Vehicle,Moving Constant Speed,30,No,2015,TOYOTA,RAV4,39.01686087,-77.04289832,2025,7,17
250032908,Property Damage Crash,07/23/2025 05:51:00 PM,GEORGIA AVE,NA,"Sideswipe, Same Direction",Clear,Dry,Daylight,Traffic Control Signal,NONE DETECTED,Yes,No Apparent Injury,"Failed to Keep in Proper Lane, Operated Motor Vehicle in Inattentive, Careless, Negligent, or Erratic Manner",Unknown,MD,Sport Utility Vehicle,Moving Constant Speed,30,No,2018,INFINITI,QX60,39.01686087,-77.04289832,2025,7,17
250032905,Injury Crash,07/23/2025 05:40:00 PM,PLYERS MILL RD,NA,Front to Rear,Cloudy,Dry,Daylight,Traffic Control Signal,NONE DETECTED,No,No Apparent Injury,NA,Unknown,MD,Pickup,Moving Constant Speed,30,No,2005,TOYOTA,TUNDRA,39.03006553,-77.04761466,2025,7,17
250032905,Injury Crash,07/23/2025 05:40:00 PM,PLYERS MILL RD,NA,Front to Rear,Cloudy,Dry,Daylight,Traffic Control Signal,NONE DETECTED,No,Possible Minor Injury,NA,Unknown,MD,Passenger Car,Moving Constant Speed,25,No,2012,KIA,SORENTO,39.03006553,-77.04761466,2025,7,17
250032896,Injury Crash,07/23/2025 05:10:00 PM,PINEY BRANCH RD,NA,Front to Rear,Clear,Dry,Daylight,No Controls,NONE DETECTED,No,No Apparent Injury,NA,Not Distracted,MD,Passenger Car,Slowing or Stopping,30,No,2003,DODGE,CARAVAN/GRAND CARAVAN,38.99205083,-77.00990433,2025,7,17
250032896,Injury Crash,07/23/2025 05:10:00 PM,PINEY BRANCH RD,NA,Front to Rear,Clear,Dry,Daylight,No Controls,NONE DETECTED,No,No Apparent Injury,Other Improper Action,"Other Action (looking away from task, etc.)",MD,Other,Moving Constant Speed,30,No,2011,GMC,SAVANA,38.99205083,-77.00990433,2025,7,17
250032896,Injury Crash,07/23/2025 05:10:00 PM,PINEY BRANCH RD,NA,Front to Rear,Clear,Dry,Daylight,No Controls,NONE DETECTED,No,No Apparent Injury,NA,Not Distracted,MD,Passenger Car,Slowing or Stopping,30,No,2008,HONDA,ACCORD,38.99205083,-77.00990433,2025,7,17
250032896,Injury Crash,07/23/2025 05:10:00 PM,PINEY BRANCH RD,NA,Front to Rear,Clear,Dry,Daylight,No Controls,NONE DETECTED,No,Possible Minor Injury,NA,Not Distracted,MD,Passenger Car,Slowing or Stopping,30,No,2003,HONDA,ODYSSEY,38.99205083,-77.00990433,2025,7,17
250032898,Property Damage Crash,07/23/2025 04:47:00 PM,NEW HAMPSHIRE AVE (SB/L),NA,"Sideswipe, Same Direction",Clear,Dry,Daylight,Traffic Control Signal,NONE DETECTED,No,No Apparent Injury,NA,Not Distracted,VA,Passenger Car,Moving Constant Speed,35,No,2021,HYUNDAI,ACCENT,39.02252058,-76.97776188,2025,7,16
250032890,Injury Crash,07/23/2025 04:15:00 PM,NA,NA,Single Vehicle,Clear,Dry,Daylight,Stop Sign,NONE DETECTED,Yes,Possible Minor Injury,NA,Unknown,MD,Passenger Car,Turning Right,15,No,2022,TOYOTA,COROLLA,39.10537415,-77.06937237,2025,7,16
250032889,Property Damage Crash,07/23/2025 04:06:00 PM,VEIRS MILL RD (WB/L),NA,Front to Rear,Cloudy,NA,Daylight,No Controls,NONE DETECTED,No,No Apparent Injury,NA,Not Distracted,MD,Passenger Car,Slowing or Stopping,25,No,2006,TOYOTA,SCION XB,39.03962,-77.05493,2025,7,16
250032889,Property Damage Crash,07/23/2025 04:06:00 PM,VEIRS MILL RD (WB/L),NA,Front to Rear,Cloudy,NA,Daylight,No Controls,NONE DETECTED,No,No Apparent Injury,NA,Unknown,MD,Sport Utility Vehicle,Changing Lanes,25,No,2021,TOYOTA,HIGHLANDER,39.03962,-77.05493,2025,7,16
250032875,Injury Crash,07/23/2025 03:02:00 PM,NA,Pedestrian,Angle,Clear,Dry,Daylight,Traffic Control Signal,NONE DETECTED,No,Suspected Serious Injury,NA,Not Distracted,MD,Passenger Car,Moving Constant Speed,30,No,2023,HONDA,ACCORD,38.99817821,-77.00371955,2025,7,15
250032875,Injury Crash,07/23/2025 03:02:00 PM,NA,Pedestrian,Angle,Clear,Dry,Daylight,Traffic Control Signal,NONE DETECTED,Yes,No Apparent Injury,"Disregarded Other Road Markings, Failed to Keep in Proper Lane, Improper Turn, Operated Motor Vehicle in Inattentive, Careless, Negligent, or Erratic Manner",Unknown,MD,Sport Utility Vehicle,Turning Left,30,No,2017,TOYOTA,RAV4,38.99817821,-77.00371955,2025,7,15
25001517,Property Damage Crash,07/23/2025 02:40:00 PM,NA,NA,Single Vehicle,Clear,NA,Daylight,NA,NONE DETECTED,No,No Apparent Injury,NA,Not Distracted,MD,Pickup,Backing,0,No,2023,FORD,F-450,39.24630077,-77.28800722,2025,7,14
250032866,Property Damage Crash,07/23/2025 01:34:00 PM,GAITHER RD,NA,Angle,Clear,Dry,Daylight,Traffic Control Signal,NONE DETECTED,Yes,No Apparent Injury,Failed to Yield Right-of-Way,Not Distracted,MD,Passenger Car,Turning Left,30,No,2012,TOYOTA,CAMRY,39.11745233,-77.1846055,2025,7,13
250032866,Property Damage Crash,07/23/2025 01:34:00 PM,GAITHER RD,NA,Angle,Clear,Dry,Daylight,Traffic Control Signal,NONE DETECTED,No,No Apparent Injury,NA,Not Distracted,MD,Passenger Car,Moving Constant Speed,30,No,2006,BMW,330I,39.11745233,-77.1846055,2025,7,13
250032862,Property Damage Crash,07/23/2025 01:25:00 PM,PICEA VIEW CT,NA,Other,Clear,Dry,Daylight,No Controls,NONE DETECTED,Yes,No Apparent Injury,NA,Not Distracted,MD,Bus - School,Moving Constant Speed,10,No,2021,THOMAS BUILT,HDX,39.13762817,-77.166235,2025,7,13
250032835,Property Damage Crash,07/23/2025 09:08:00 AM,NA,NA,Front to Rear,Cloudy,Dry,Daylight,No Controls,NONE DETECTED,No,No Apparent Injury,NA,Not Distracted,MD,Pickup,Slowing or Stopping,35,No,2017,FORD,F-250,39.0014355,-77.17925433,2025,7,9
250032835,Property Damage Crash,07/23/2025 09:08:00 AM,NA,NA,Front to Rear,Cloudy,Dry,Daylight,No Controls,NONE DETECTED,Yes,No Apparent Injury,Other Improper Action,Not Distracted,MD,Passenger Car,Slowing or Stopping,35,No,2017,FORD,FIESTA,39.0014355,-77.17925433,2025,7,9
250032838,Property Damage Crash,07/23/2025 08:56:00 AM,CONNECTICUT AVE,NA,"Sideswipe, Opposite Direction",Clear,Dry,Daylight,Traffic Control Signal,NONE DETECTED,No,No Apparent Injury,NA,Not Distracted,MD,Pickup,Turning Left,30,No,2019,TOYOTA,TUNDRA,39.03158034,-77.07489371,2025,7,8
250032838,Property Damage Crash,07/23/2025 08:56:00 AM,CONNECTICUT AVE,NA,"Sideswipe, Opposite Direction",Clear,Dry,Daylight,Traffic Control Signal,NONE DETECTED,No,NA,"Failed to Keep in Proper Lane, Operated Motor Vehicle in Inattentive, Careless, Negligent, or Erratic Manner",NA,NA,Sport Utility Vehicle,Turning Left,30,Unknown,2022,HONDA,PASSPORT,39.03158034,-77.07489371,2025,7,8
250032829,Property Damage Crash,07/23/2025 08:27:00 AM,GREYSWOOD RD,NA,Angle,Clear,Dry,Daylight,No Controls,NONE DETECTED,Yes,No Apparent Injury,Failed to Yield Right-of-Way,Not Distracted,MD,Passenger Car,Entering Traffic Lane,20,No,2024,RAM,PROMASTER 1500,39.01744467,-77.14372933,2025,7,8
250032829,Property Damage Crash,07/23/2025 08:27:00 AM,GREYSWOOD RD,NA,Angle,Clear,Dry,Daylight,No Controls,NONE DETECTED,No,No Apparent Injury,NA,Not Distracted,MD,Passenger Car,Moving Constant Speed,20,No,2010,LEXUS,RX,39.01744467,-77.14372933,2025,7,8
250032826,Property Damage Crash,07/23/2025 08:20:00 AM,NA,NA,Angle,Clear,Dry,Daylight,Traffic Control Signal,NONE DETECTED,Yes,No Apparent Injury,NA,Not Distracted,MD,Sport Utility Vehicle,Moving Constant Speed,35,No,2019,HONDA,HR-V,39.06429157,-77.12618347,2025,7,8
250032826,Property Damage Crash,07/23/2025 08:20:00 AM,NA,NA,Angle,Clear,Dry,Daylight,Traffic Control Signal,NONE DETECTED,No,No Apparent Injury,NA,Not Distracted,MD,Passenger Car,Turning Left,35,No,2017,HONDA,ACCORD,39.06429157,-77.12618347,2025,7,8
250032822,Property Damage Crash,07/23/2025 07:40:00 AM,NA,NA,Front to Rear,Clear,Dry,Daylight,Traffic Control Signal,NONE DETECTED,No,No Apparent Injury,NA,Not Distracted,MD,Passenger Car,Slowing or Stopping,35,No,2020,HONDA,CIVIC,39.11236217,-77.0635415,2025,7,7
250032822,Property Damage Crash,07/23/2025 07:40:00 AM,NA,NA,Front to Rear,Clear,Dry,Daylight,Traffic Control Signal,NONE DETECTED,No,No Apparent Injury,NA,Not Distracted,MD,Sport Utility Vehicle,Slowing or Stopping,0,No,2017,NISSAN,ROGUE,39.11236217,-77.0635415,2025,7,7
250032822,Property Damage Crash,07/23/2025 07:40:00 AM,NA,NA,Front to Rear,Clear,Dry,Daylight,Traffic Control Signal,NONE DETECTED,Yes,No Apparent Injury,NA,Not Distracted,MD,Passenger Car,Moving Constant Speed,35,No,2017,SUBARU,IMPREZA,39.11236217,-77.0635415,2025,7,7
250032818,Property Damage Crash,07/23/2025 05:45:00 AM,CLAY ST,NA,Single Vehicle,Clear,Dry,Daylight,No Controls,NONE DETECTED,No,No Apparent Injury,NA,Not Distracted,MD,Passenger Car,Moving Constant Speed,30,No,2014,DODGE,CHARGER,39.2750626,-77.52918956,2025,7,5
250032815,Property Damage Crash,07/23/2025 03:26:00 AM,GLENMONT CIR #1,NA,Angle,Clear,Dry,Medium,Traffic Control Signal,NONE DETECTED,Yes,No Apparent Injury,NA,Unknown,MD,Sport Utility Vehicle,Turning Left,40,No,2023,KIA,NIRO,39.05902478,-77.04764821,2025,7,3