Local Case Number,ACRS Report Type,Crash Date/Time,Road Name,Related Non-Motorist,Collision Type,Weather,Surface Condition,Light,Traffic Control,Driver Substance Abuse,Driver At Fault,Injury Severity,Circumstance,Driver Distracted By,Drivers License State,Vehicle Body Type,Vehicle Movement,Speed Limit,Driverless Vehicle,Vehicle Year,Vehicle Make,Vehicle Model,Latitude,Longitude,Year,Month,Hour
250032815,Property Damage Crash,07/23/2025 03:26:00 AM,GLENMONT CIR #1,NA,Angle,Clear,Dry,Medium,Traffic Control Signal,NONE DETECTED,No,No Apparent Injury,NA,Not Distracted,MD,Passenger Car,Moving Constant Speed,40,No,2006,ACURA,TL,39.05902478,-77.04764821,2025,7,3
250032810,Property Damage Crash,07/23/2025 02:11:00 AM,MONROE ST,NA,"Sideswipe, Same Direction",Clear,Dry,Dark,No Controls,ALCOHOL PRESENT,Yes,No Apparent Injury,NA,Unknown,MD,Passenger Car,Moving Constant Speed,25,No,2024,TOYOTA,COROLLA,39.07828097,-77.15134782,2025,7,2
250032810,Property Damage Crash,07/23/2025 02:11:00 AM,MONROE ST,NA,"Sideswipe, Same Direction",Clear,Dry,Dark,No Controls,NONE DETECTED,No,No Apparent Injury,NA,Not Distracted,NA,Passenger Car,Parked,20,No,2013,HYUNDAI,ELANTRA,39.07828097,-77.15134782,2025,7,2
250032806,Property Damage Crash,07/22/2025 11:57:00 PM,MONTGOMERY VILLAGE AVE (SB/L),NA,Single Vehicle,Clear,Dry,Medium,Other Warning Sign,NONE DETECTED,Yes,No Apparent Injury,Improper Turn,Unknown,MD,Bus - Transit,Turning Right,10,No,2017,GILLIG,LOW FLOOR BUS,39.1654329,-77.20480122,2025,7,23
250032778,Property Damage Crash,07/22/2025 08:10:00 PM,NA,NA,Angle,Clear,Dry,Daylight,Traffic Control Signal,NONE DETECTED,No,No Apparent Injury,NA,Not Distracted,VA,Sport Utility Vehicle,Moving Constant Speed,25,No,2014,HONDA,CR-V,39.04711724,-77.05197018,2025,7,20
250032778,Property Damage Crash,07/22/2025 08:10:00 PM,NA,NA,Angle,Clear,Dry,Daylight,Traffic Control Signal,NONE DETECTED,Yes,No Apparent Injury,Failed to Yield Right-of-Way,Not Distracted,MD,Passenger Car,Turning Left,25,No,2016,TOYOTA,PRIUS,39.04711724,-77.05197018,2025,7,20
250032772,Injury Crash,07/22/2025 07:27:00 PM,FLOWER AVE,NA,Front to Front,Clear,Dry,Daylight,No Controls,NONE DETECTED,No,Possible Minor Injury,Wrong Side,Unknown,MD,Passenger Car,NA,25,No,2024,TOYOTA,COROLLA,38.9856913,-76.999118,2025,7,19
250032790,Property Damage Crash,07/22/2025 07:27:00 PM,BRIGHT MEADOW DR,NA,Front to Front,Clear,Dry,Daylight,Stop Sign,NONE DETECTED,Yes,No Apparent Injury,"Operated Motor Vehicle in Inattentive, Careless, Negligent, or Erratic Manner",Unknown,DE,Passenger Car,Moving Constant Speed,25,No,2024,VOLKSWAGEN,ATLAS,39.11538817,-77.23107683,2025,7,19
250032772,Injury Crash,07/22/2025 07:27:00 PM,FLOWER AVE,NA,Front to Front,Clear,Dry,Daylight,No Controls,NONE DETECTED,No,No Apparent Injury,NA,Unknown,MD,Passenger Car,NA,25,No,2012,NISSAN,ROGUE,38.9856913,-76.999118,2025,7,19
250032766,Property Damage Crash,07/22/2025 06:50:00 PM,PHILADELPHIA AVE (WB/L),NA,"Sideswipe, Same Direction",Clear,Dry,Daylight,Traffic Control Signal,NONE DETECTED,No,No Apparent Injury,"Failed to Keep in Proper Lane, Operated Motor Vehicle in Inattentive, Careless, Negligent, or Erratic Manner","Other Action (looking away from task, etc.)",DC,Sport Utility Vehicle,Changing Lanes,25,No,2022,HONDA,CR-V,38.9878526,-77.02329183,2025,7,18
250032766,Property Damage Crash,07/22/2025 06:50:00 PM,PHILADELPHIA AVE (WB/L),NA,"Sideswipe, Same Direction",Clear,Dry,Daylight,Traffic Control Signal,NONE DETECTED,No,No Apparent Injury,NA,Not Distracted,MD,Bus - Transit,Moving Constant Speed,25,No,2019,NEW FLYER,XCELSIOR,38.9878526,-77.02329183,2025,7,18
250032754,Injury Crash,07/22/2025 06:13:00 PM,ARCOLA AVE,NA,Angle,Clear,Dry,Daylight,Traffic Control Signal,NONE DETECTED,No,Possible Minor Injury,NA,Not Distracted,MD,Pickup,Turning Left,30,No,2001,GMC,SIERRA,39.03561985,-77.02587171,2025,7,18
250032754,Injury Crash,07/22/2025 06:13:00 PM,ARCOLA AVE,NA,Angle,Clear,Dry,Daylight,Traffic Control Signal,NONE DETECTED,Yes,Possible Minor Injury,Ran Red Light,Not Distracted,MD,Passenger Car,Moving Constant Speed,35,No,2017,VOLKSWAGEN,JETTA,39.03561985,-77.02587171,2025,7,18
250032746,Property Damage Crash,07/22/2025 05:37:00 PM,PARK RD,NA,"Sideswipe, Same Direction",Clear,Dry,Daylight,Traffic Control Signal,NONE DETECTED,No,No Apparent Injury,NA,Not Distracted,MD,Sport Utility Vehicle,Moving Constant Speed,25,No,2018,HONDA,CR-V,39.08538669,-77.14665395,2025,7,17
250032746,Property Damage Crash,07/22/2025 05:37:00 PM,PARK RD,NA,"Sideswipe, Same Direction",Clear,Dry,Daylight,Traffic Control Signal,NONE DETECTED,No,No Apparent Injury,NA,Not Distracted,MD,Sport Utility Vehicle,Moving Constant Speed,25,No,2017,CHEVROLET,EQUINOX,39.08538669,-77.14665395,2025,7,17
250032792,Property Damage Crash,07/22/2025 05:34:00 PM,NA,NA,"Sideswipe, Same Direction",Clear,NA,Daylight,NA,NONE DETECTED,Yes,No Apparent Injury,"Improper Turn, Other Improper Action",Unknown,MD,Passenger Car,Turning Right,0,No,2019,MERCEDES-BENZ,SPRINTER,39.08148851,-77.07760986,2025,7,17
250032747,Property Damage Crash,07/22/2025 05:30:00 PM,NA,NA,Front to Front,Clear,Dry,Daylight,No Controls,NONE DETECTED,Yes,No Apparent Injury,Over-Correcting/Over-Steering,Not Distracted,MD,Passenger Car,Making U-Turn,25,No,2015,DODGE,CHALLENGER,39.1036755,-77.05167767,2025,7,17
250032736,Injury Crash,07/22/2025 05:00:00 PM,NA,NA,Front to Rear,Clear,Dry,Daylight,No Controls,NONE DETECTED,Yes,No Apparent Injury,NA,Not Distracted,MD,Passenger Car,Moving Constant Speed,30,No,2005,HONDA,ACCORD,39.03980983,-77.02810667,2025,7,17
250032736,Injury Crash,07/22/2025 05:00:00 PM,NA,NA,Front to Rear,Clear,Dry,Daylight,No Controls,NONE DETECTED,No,Possible Minor Injury,NA,Not Distracted,MD,Passenger Car,Slowing or Stopping,30,No,2013,HONDA,ACCORD,39.03980983,-77.02810667,2025,7,17
250032736,Injury Crash,07/22/2025 05:00:00 PM,NA,NA,Front to Rear,Clear,Dry,Daylight,No Controls,NONE DETECTED,No,No Apparent Injury,NA,Not Distracted,MD,Passenger Car,Slowing or Stopping,30,No,2023,CHEVROLET,BOLT EUV,39.03980983,-77.02810667,2025,7,17
250032736,Injury Crash,07/22/2025 05:00:00 PM,NA,NA,Front to Rear,Clear,Dry,Daylight,No Controls,NONE DETECTED,No,No Apparent Injury,NA,Not Distracted,MD,Passenger Car,Slowing or Stopping,30,No,2012,TOYOTA,CAMRY,39.03980983,-77.02810667,2025,7,17
250032722,Injury Crash,07/22/2025 04:13:00 PM,PINEY BRANCH RD,NA,Angle,Clear,Dry,Daylight,Traffic Control Signal,ALCOHOL PRESENT,No,No Apparent Injury,Ran Red Light,Unknown,NA,Passenger Car,Moving Constant Speed,30,No,2000,CHEVROLET,BLAZER,38.99587934,-77.00590295,2025,7,16
250032722,Injury Crash,07/22/2025 04:13:00 PM,PINEY BRANCH RD,NA,Angle,Clear,Dry,Daylight,Traffic Control Signal,NONE DETECTED,No,Possible Minor Injury,NA,Not Distracted,MD,Passenger Car,Turning Left,30,No,2017,HYUNDAI,TUCSON,38.99587934,-77.00590295,2025,7,16
250032721,Property Damage Crash,07/22/2025 03:45:00 PM,MASSACHUSETTS AVE,NA,Angle,Clear,Dry,Daylight,Traffic Control Signal,NONE DETECTED,No,No Apparent Injury,NA,Not Distracted,MD,Sport Utility Vehicle,Turning Left,30,No,2022,HONDA,PILOT,38.96096573,-77.11615368,2025,7,15
250032721,Property Damage Crash,07/22/2025 03:45:00 PM,MASSACHUSETTS AVE,NA,Angle,Clear,Dry,Daylight,Traffic Control Signal,NONE DETECTED,No,No Apparent Injury,NA,Not Distracted,MD,Sport Utility Vehicle,Moving Constant Speed,30,No,2006,TOYOTA,SIENNA,38.96096573,-77.11615368,2025,7,15
250032711,Injury Crash,07/22/2025 03:35:00 PM,WOODFIELD RD,NA,Single Vehicle,Clear,Dry,Daylight,Traffic Control Signal,NONE DETECTED,Yes,Possible Minor Injury,NA,Not Distracted,MD,Passenger Car,Moving Constant Speed,45,No,2016,FORD,TAURUS,39.16397333,-77.1574315,2025,7,15
250032712,Property Damage Crash,07/22/2025 03:25:00 PM,CAPITAL BELTWAY,NA,"Sideswipe, Same Direction",Clear,Dry,Daylight,No Controls,NONE DETECTED,No,No Apparent Injury,NA,Not Distracted,MD,Passenger Car,Moving Constant Speed,55,No,2003,HONDA,CR-V,39.013426,-77.048367,2025,7,15
250032712,Property Damage Crash,07/22/2025 03:25:00 PM,CAPITAL BELTWAY,NA,"Sideswipe, Same Direction",Clear,Dry,Daylight,No Controls,NONE DETECTED,No,No Apparent Injury,NA,Not Distracted,MD,Passenger Car,Moving Constant Speed,55,No,2021,MAZDA,CX-5,39.013426,-77.048367,2025,7,15
250032732,Property Damage Crash,07/22/2025 03:15:00 PM,NA,NA,"Sideswipe, Same Direction",Clear,NA,Daylight,NA,NONE DETECTED,No,NA,NA,NA,NA,Sport Utility Vehicle,NA,0,No,2024,HONDA,HR-V,38.96097005,-77.08819318,2025,7,15
250032708,Property Damage Crash,07/22/2025 03:08:00 PM,NA,NA,Front to Rear,Clear,Dry,Daylight,No Controls,NONE DETECTED,No,No Apparent Injury,NA,Not Distracted,MD,Passenger Car,Moving Constant Speed,25,No,2012,BMW,535I,39.08423389,-77.11753163,2025,7,15
250032708,Property Damage Crash,07/22/2025 03:08:00 PM,NA,NA,Front to Rear,Clear,Dry,Daylight,No Controls,NONE DETECTED,No,No Apparent Injury,NA,Not Distracted,MD,Passenger Car,Stopped in Traffic,25,No,2017,JEEP,WRANGLER,39.08423389,-77.11753163,2025,7,15
250032708,Property Damage Crash,07/22/2025 03:08:00 PM,NA,NA,Front to Rear,Clear,Dry,Daylight,No Controls,NONE DETECTED,No,No Apparent Injury,NA,Not Distracted,MD,Passenger Car,Stopped in Traffic,25,No,2007,TOYOTA,COROLLA,39.08423389,-77.11753163,2025,7,15
250032700,Injury Crash,07/22/2025 02:00:00 PM,SPRINGFIELD DR,NA,Angle,Clear,Dry,Daylight,Traffic Control Signal,NONE DETECTED,No,No Apparent Injury,NA,Unknown,MD,Passenger Car,Turning Left,35,No,2010,LEXUS,LS,38.96990066,-77.11200572,2025,7,14
250032700,Injury Crash,07/22/2025 02:00:00 PM,SPRINGFIELD DR,NA,Angle,Clear,Dry,Daylight,Traffic Control Signal,NONE DETECTED,Yes,Possible Minor Injury,Failed to Yield Right-of-Way,Unknown,MD,Passenger Car,Turning Right,35,No,2025,BUICK,ENVISTA,38.96990066,-77.11200572,2025,7,14
250032693,Injury Crash,07/22/2025 01:58:00 PM,ROCKLEDGE DR (SB/L),NA,Other,Clear,Dry,Daylight,Traffic Control Signal,NONE DETECTED,No,Possible Minor Injury,NA,Not Distracted,MD,Sport Utility Vehicle,Moving Constant Speed,35,No,2017,LAND ROVER,DISCOVERY SPORT,39.02694126,-77.13216553,2025,7,13
250032693,Injury Crash,07/22/2025 01:58:00 PM,ROCKLEDGE DR (SB/L),NA,Other,Clear,Dry,Daylight,Traffic Control Signal,NONE DETECTED,Yes,Possible Minor Injury,NA,Unknown,MD,Sport Utility Vehicle,Turning Left,35,No,2003,CHEVROLET,TRAILBLAZER,39.02694126,-77.13216553,2025,7,13
250032682,Property Damage Crash,07/22/2025 01:29:00 PM,NA,NA,Single Vehicle,Clear,NA,Daylight,NA,NONE DETECTED,Yes,No Apparent Injury,NA,Unknown,MD,Passenger Car,NA,0,No,2016,SUBARU,IMPREZA,39.04283639,-76.98514794,2025,7,13
250032680,Injury Crash,07/22/2025 01:28:00 PM,OLD GEORGETOWN RD (SB/L),NA,Front to Rear,Cloudy,Dry,Daylight,No Controls,NONE DETECTED,Yes,No Apparent Injury,Other Improper Action,Not Distracted,MD,Sport Utility Vehicle,Slowing or Stopping,35,No,2011,TOYOTA,RAV4,39.01743283,-77.12024633,2025,7,13
250032680,Injury Crash,07/22/2025 01:28:00 PM,OLD GEORGETOWN RD (SB/L),NA,Front to Rear,Cloudy,Dry,Daylight,No Controls,NONE DETECTED,No,Possible Minor Injury,NA,Not Distracted,MD,Sport Utility Vehicle,Slowing or Stopping,35,No,2025,TOYOTA,RAV4,39.01743283,-77.12024633,2025,7,13
250032683,Injury Crash,07/22/2025 01:27:00 PM,LANARK WAY,NA,Front to Rear,Clear,Dry,Daylight,Traffic Control Signal,NONE DETECTED,Yes,Possible Minor Injury,"Operated Motor Vehicle in Inattentive, Careless, Negligent, or Erratic Manner",Unknown,MD,Passenger Car,Overtaking/Passing,40,No,2014,ACURA,RLX,39.01854505,-77.01416609,2025,7,13
250032683,Injury Crash,07/22/2025 01:27:00 PM,LANARK WAY,NA,Front to Rear,Clear,Dry,Daylight,Traffic Control Signal,NONE DETECTED,No,Possible Minor Injury,NA,Not Distracted,MD,Bus - Transit,Parked,40,No,2020,NOVABUS,LFS ARTICULATED,39.01854505,-77.01416609,2025,7,13
250032679,Property Damage Crash,07/22/2025 01:22:00 PM,NA,NA,Front to Rear,Clear,Dry,Daylight,Yield Sign,NONE DETECTED,Yes,No Apparent Injury,Followed Too Closely,Not Distracted,MD,Passenger Car,Slowing or Stopping,35,No,2022,HYUNDAI,TUCSON,39.14837784,-77.27681317,2025,7,13
250032679,Property Damage Crash,07/22/2025 01:22:00 PM,NA,NA,Front to Rear,Clear,Dry,Daylight,Yield Sign,NONE DETECTED,No,No Apparent Injury,NA,Not Distracted,MD,Passenger Car,Slowing or Stopping,35,No,2017,TOYOTA,SIENNA,39.14837784,-77.27681317,2025,7,13
250032643,Property Damage Crash,07/22/2025 01:00:00 PM,NA,NA,Front to Front,Clear,NA,Daylight,NA,NONE DETECTED,No,NA,NA,NA,NA,Sport Utility Vehicle,NA,0,No,2018,BMW,X5,39.115558,-77.19702807,2025,7,13
250032672,Property Damage Crash,07/22/2025 12:48:00 PM,SHADY GROVE RD (SB/L),NA,Front to Rear,Clear,Dry,Daylight,Traffic Control Signal,NONE DETECTED,No,No Apparent Injury,NA,Not Distracted,MD,Passenger Car,Stopped in Traffic,40,No,2019,NISSAN,ROGUE,39.11502217,-77.1855745,2025,7,12
250032672,Property Damage Crash,07/22/2025 12:48:00 PM,SHADY GROVE RD (SB/L),NA,Front to Rear,Clear,Dry,Daylight,Traffic Control Signal,NONE DETECTED,No,No Apparent Injury,NA,Not Distracted,MD,Passenger Car,Stopped in Traffic,40,No,2023,LEXUS,RZ,39.11502217,-77.1855745,2025,7,12
250032672,Property Damage Crash,07/22/2025 12:48:00 PM,SHADY GROVE RD (SB/L),NA,Front to Rear,Clear,Dry,Daylight,Traffic Control Signal,NONE DETECTED,No,No Apparent Injury,NA,Not Distracted,VA,Pickup,Stopped in Traffic,40,No,2009,CHEVROLET,COLORADO,39.11502217,-77.1855745,2025,7,12
250032672,Property Damage Crash,07/22/2025 12:48:00 PM,SHADY GROVE RD (SB/L),NA,Front to Rear,Clear,Dry,Daylight,Traffic Control Signal,NONE DETECTED,Yes,No Apparent Injury,"Operated Motor Vehicle in Inattentive, Careless, Negligent, or Erratic Manner, Too Fast For Conditions",Unknown,MD,Pickup,Moving Constant Speed,40,No,2007,GMC,SIERRA,39.11502217,-77.1855745,2025,7,12
250032672,Property Damage Crash,07/22/2025 12:48:00 PM,SHADY GROVE RD (SB/L),NA,Front to Rear,Clear,Dry,Daylight,Traffic Control Signal,NONE DETECTED,No,No Apparent Injury,NA,Not Distracted,MD,Passenger Car,Stopped in Traffic,40,No,2019,LEXUS,NX,39.11502217,-77.1855745,2025,7,12
250032556,Property Damage Crash,07/22/2025 12:20:00 PM,NA,NA,"Sideswipe, Opposite Direction",Clear,NA,Daylight,NA,NONE DETECTED,Yes,No Apparent Injury,NA,Not Distracted,MD,Passenger Car,Turning Right,0,No,2001,AUDI,TT,39.15326382,-77.19704233,2025,7,12
250032556,Property Damage Crash,07/22/2025 12:20:00 PM,NA,NA,"Sideswipe, Opposite Direction",Clear,NA,Daylight,NA,NONE DETECTED,Yes,No Apparent Injury,NA,Not Distracted,MD,Passenger Car,Turning Right,0,No,2008,TOYOTA,COROLLA,39.15326382,-77.19704233,2025,7,12
250032644,Injury Crash,07/22/2025 10:55:00 AM,SIOUX LA,NA,Angle,Clear,Dry,Daylight,No Controls,NONE DETECTED,No,Possible Minor Injury,NA,Not Distracted,MD,Passenger Car,Moving Constant Speed,35,No,2008,HONDA,ACCORD,39.12975441,-77.24435714,2025,7,10
250032644,Injury Crash,07/22/2025 10:55:00 AM,SIOUX LA,NA,Angle,Clear,Dry,Daylight,Stop Sign,NONE DETECTED,Yes,Possible Minor Injury,NA,Unknown,MD,Passenger Car,Turning Left,30,No,2015,NISSAN,ALTIMA,39.12975441,-77.24435714,2025,7,10
250032636,Property Damage Crash,07/22/2025 09:30:00 AM,EAST WEST HWY,NA,"Sideswipe, Same Direction",Clear,Dry,Daylight,No Controls,NONE DETECTED,No,No Apparent Injury,NA,Not Distracted,MD,Bus - Transit,Moving Constant Speed,35,No,2009,GILLIG,CITY TRANSIT BUS,38.99567531,-77.04195598,2025,7,9
250032636,Property Damage Crash,07/22/2025 09:30:00 AM,EAST WEST HWY,NA,"Sideswipe, Same Direction",Clear,Dry,Daylight,No Controls,NONE DETECTED,No,No Apparent Injury,NA,Not Distracted,MD,Sport Utility Vehicle,Changing Lanes,35,No,2005,TOYOTA,SCION XB,38.99567531,-77.04195598,2025,7,9
250032630,Injury Crash,07/22/2025 09:30:00 AM,NA,NA,Front to Front,Clear,Dry,Daylight,Traffic Control Signal,NONE DETECTED,No,No Apparent Injury,NA,Not Distracted,MD,Passenger Car,Turning Left,35,No,2016,KIA,FORTE KOUP,39.1562847,-77.16548758,2025,7,9
250032630,Injury Crash,07/22/2025 09:30:00 AM,NA,NA,Front to Front,Clear,Dry,Daylight,Traffic Control Signal,NONE DETECTED,No,No Apparent Injury,NA,Not Distracted,MD,Passenger Car,Moving Constant Speed,35,No,2019,TOYOTA,COROLLA,39.1562847,-77.16548758,2025,7,9
250032630,Injury Crash,07/22/2025 09:30:00 AM,NA,NA,Front to Front,Clear,Dry,Daylight,Traffic Control Signal,NONE DETECTED,No,Possible Minor Injury,NA,Not Distracted,FL,Passenger Car,Moving Constant Speed,35,No,2008,HONDA,ACCORD,39.1562847,-77.16548758,2025,7,9
250032629,Property Damage Crash,07/22/2025 09:22:00 AM,NA,NA,Angle,Clear,Dry,Daylight,No Controls,NONE DETECTED,No,No Apparent Injury,NA,Not Distracted,MD,Passenger Car,Moving Constant Speed,30,No,2010,NISSAN,VERSA,39.04861971,-77.12383472,2025,7,9
250032629,Property Damage Crash,07/22/2025 09:22:00 AM,NA,NA,Angle,Clear,Dry,Daylight,No Controls,NONE DETECTED,Yes,No Apparent Injury,Failed to Yield Right-of-Way,Unknown,MD,Passenger Car,Turning Left,30,No,2013,HONDA,CR-V,39.04861971,-77.12383472,2025,7,9
250032624,Property Damage Crash,07/22/2025 09:13:00 AM,NA,NA,Other,Clear,NA,Daylight,NA,NONE DETECTED,No,No Apparent Injury,NA,Not Distracted,MD,Passenger Car,Stopped in Traffic,0,No,2017,ALFA ROMEO,GIULIA (952),39.06922219,-77.13114068,2025,7,9
250032624,Property Damage Crash,07/22/2025 09:13:00 AM,NA,NA,Other,Clear,NA,Daylight,NA,NONE DETECTED,Yes,No Apparent Injury,Improper Backing,Unknown,MD,Single-Unit Truck,Backing,0,No,2018,KENWORTH,T4 SERIES,39.06922219,-77.13114068,2025,7,9
250032618,Injury Crash,07/22/2025 08:11:00 AM,GREENCASTLE RD,NA,Angle,Clear,Dry,Daylight,Traffic Control Signal,NONE DETECTED,No,Possible Minor Injury,NA,Not Distracted,MD,Passenger Car,Turning Right,30,No,2015,LEXUS,ES,39.09553072,-76.93782231,2025,7,8
250032618,Injury Crash,07/22/2025 08:11:00 AM,GREENCASTLE RD,NA,Angle,Clear,Dry,Daylight,Traffic Control Signal,NONE DETECTED,No,Possible Minor Injury,NA,Not Distracted,MD,Sport Utility Vehicle,Turning Left,50,No,2012,LEXUS,RX,39.09553072,-76.93782231,2025,7,8
250032618,Injury Crash,07/22/2025 08:11:00 AM,GREENCASTLE RD,NA,Angle,Clear,Dry,Daylight,Traffic Control Signal,NONE DETECTED,No,Possible Minor Injury,NA,Not Distracted,MD,Sport Utility Vehicle,Moving Constant Speed,50,No,2020,KIA,SORENTO,39.09553072,-76.93782231,2025,7,8
250032615,Property Damage Crash,07/22/2025 08:06:00 AM,QUINCE ORCHARD RD,NA,Single Vehicle,Clear,Dry,Daylight,No Controls,NONE DETECTED,Yes,No Apparent Injury,NA,Not Distracted,PA,Other Trucks,Negotiating a Curve,20,No,2022,PIERCE MANUFACTURING,AERIAL,39.09015283,-77.25080288,2025,7,8
250032607,Property Damage Crash,07/22/2025 06:39:00 AM,INGRAM TERR,NA,Angle,Clear,Dry,Daylight,No Controls,NONE DETECTED,Yes,No Apparent Injury,NA,Not Distracted,MD,Passenger Car,Backing,5,No,2018,TOYOTA,CAMRY,39.06693917,-77.034013,2025,7,6
250032607,Property Damage Crash,07/22/2025 06:39:00 AM,INGRAM TERR,NA,Angle,Clear,Dry,Daylight,No Controls,NONE DETECTED,No,No Apparent Injury,NA,Not Distracted,MD,Bus - School,Moving Constant Speed,5,No,2017,FREIGHTLINER,B2 BUS CHASSIS,39.06693917,-77.034013,2025,7,6
250032600,Property Damage Crash,07/22/2025 02:28:00 AM,WOOTTON PKWY,NA,Single Vehicle,Clear,Dry,Medium,No Controls,NONE DETECTED,No,No Apparent Injury,NA,Not Distracted,MD,Passenger Car,Moving Constant Speed,30,No,2014,DODGE,CHARGER,39.08087019,-77.18561084,2025,7,2
250032591,Fatal Crash,07/21/2025 10:34:00 PM,MATENY RD (NB/L),NA,Angle,Clear,Dry,Medium,Traffic Control Signal,ALCOHOL PRESENT,No,Fatal Injury,NA,Not Distracted,MD,Sport Utility Vehicle,Turning Left,45,No,2018,SUBARU,FORESTER,39.14609144,-77.27459388,2025,7,22
250032591,Fatal Crash,07/21/2025 10:34:00 PM,MATENY RD (NB/L),NA,Angle,Clear,Dry,Medium,Traffic Control Signal,DRUG AND ALCOHOL CONTRIBUTED,Yes,Suspected Serious Injury,"Operated Motor Vehicle in Inattentive, Careless, Negligent, or Erratic Manner",Unknown,MD,Passenger Car,Accelerating,55,No,2021,MAZDA,MAZDA3,39.14609144,-77.27459388,2025,7,22
250032588,Property Damage Crash,07/21/2025 10:30:00 PM,CONNECTICUT AVE,NA,"Sideswipe, Same Direction",Clear,Dry,Medium,No Controls,NONE DETECTED,No,NA,NA,NA,NA,Passenger Car,Changing Lanes,35,No,2021,KIA,FORTE,39.08200713,-77.07958734,2025,7,22
250032588,Property Damage Crash,07/21/2025 10:30:00 PM,CONNECTICUT AVE,NA,"Sideswipe, Same Direction",Clear,Dry,Medium,No Controls,NONE DETECTED,No,No Apparent Injury,NA,Not Distracted,MD,Passenger Car,Moving Constant Speed,35,No,1998,TOYOTA,CAMRY,39.08200713,-77.07958734,2025,7,22
250032577,Injury Crash,07/21/2025 09:20:00 PM,GERMANTOWN RD (SB/L),NA,Angle,Clear,Dry,Medium,Traffic Control Signal,NONE DETECTED,Yes,No Apparent Injury,"Operated Motor Vehicle in Inattentive, Careless, Negligent, or Erratic Manner, Operated Motor Vehicle in Reckless or Aggressive Manner, Other Improper Action, Ran Red Light",Unknown,MD,Pickup,Moving Constant Speed,45,No,2016,TOYOTA,TUNDRA,39.18647167,-77.25340167,2025,7,21
250032577,Injury Crash,07/21/2025 09:20:00 PM,GERMANTOWN RD (SB/L),NA,Angle,Clear,Dry,Medium,Traffic Control Signal,NONE DETECTED,No,No Apparent Injury,NA,Not Distracted,MD,Sport Utility Vehicle,Turning Left,45,No,2014,HONDA,CR-V,39.18647167,-77.25340167,2025,7,21
250032582,Property Damage Crash,07/21/2025 08:37:00 PM,N PARK AVE,NA,Single Vehicle,Clear,Dry,Medium,No Controls,NONE DETECTED,No,No Apparent Injury,NA,Not Distracted,MD,Other Trucks,Turning Left,5,No,2023,FREIGHTLINER,M2,38.96319873,-77.0925831,2025,7,20
250032567,Property Damage Crash,07/21/2025 07:23:00 PM,NA,NA,Rear To Rear,Clear,NA,Daylight,NA,NONE DETECTED,No,NA,NA,NA,NA,Passenger Car,Backing,0,No,2012,HONDA,ODYSSEY,39.11313366,-76.93371557,2025,7,19
250032551,Injury Crash,07/21/2025 06:05:00 PM,GREAT SENECA HWY (SB/L),NA,Front to Front,Clear,Dry,Daylight,Traffic Control Signal,NONE DETECTED,No,Possible Minor Injury,NA,Not Distracted,MD,Passenger Car,Moving Constant Speed,35,No,2013,TOYOTA,CAMRY,39.15907,-77.27534183,2025,7,18
250032551,Injury Crash,07/21/2025 06:05:00 PM,GREAT SENECA HWY (SB/L),NA,Front to Front,Clear,Dry,Daylight,Traffic Control Signal,NONE DETECTED,Yes,Possible Minor Injury,NA,Unknown,MD,Passenger Car,Turning Left,35,No,2005,HONDA,ODYSSEY,39.15907,-77.27534183,2025,7,18
250032550,Property Damage Crash,07/21/2025 05:53:00 PM,GREAT SENECA HWY (SB/L),NA,Front to Rear,Clear,Dry,Daylight,Traffic Control Signal,NONE DETECTED,No,No Apparent Injury,NA,Not Distracted,MD,Passenger Car,Slowing or Stopping,40,No,2017,VOLKSWAGEN,JETTA,39.14637964,-77.27491511,2025,7,17