Local Case Number,ACRS Report Type,Crash Date/Time,Road Name,Related Non-Motorist,Collision Type,Weather,Surface Condition,Light,Traffic Control,Driver Substance Abuse,Driver At Fault,Injury Severity,Circumstance,Driver Distracted By,Drivers License State,Vehicle Body Type,Vehicle Movement,Speed Limit,Driverless Vehicle,Vehicle Year,Vehicle Make,Vehicle Model,Latitude,Longitude,Year,Month,Hour
250032215,Injury Crash,07/19/2025 01:02:00 AM,VEIRS MILL RD,NA,Front to Front,Clear,Dry,Medium,Traffic Control Signal,NONE DETECTED,No,No Apparent Injury,NA,Not Distracted,TX,Passenger Car,Turning Left,35,No,2017,TOYOTA,COROLLA,39.07348314,-77.11185221,2025,7,1
250032215,Injury Crash,07/19/2025 01:02:00 AM,VEIRS MILL RD,NA,Front to Front,Clear,Dry,Medium,Traffic Control Signal,NONE DETECTED,No,NA,"Disregarded Other Road Markings, Failed to Yield Right-of-Way, Operated Motor Vehicle in Inattentive, Careless, Negligent, or Erratic Manner, Operated Motor Vehicle in Reckless or Aggressive Manner, Other Improper Action",Unknown,NA,Moped Or motorized bicycle,Moving Constant Speed,35,No,0,NA,NA,39.07348314,-77.11185221,2025,7,1
250032206,Property Damage Crash,07/18/2025 10:38:00 PM,NA,NA,Single Vehicle,Clear,Dry,Medium,No Controls,NONE DETECTED,No,NA,NA,NA,NA,Passenger Car,Moving Constant Speed,35,No,2019,HONDA,CIVIC,38.99728546,-77.09657297,2025,7,22
250032210,Fatal Crash,07/18/2025 10:34:00 PM,TECH RD,Pedestrian,Single Vehicle,Clear,Dry,Medium,Traffic Control Signal,NONE DETECTED,No,Possible Minor Injury,NA,Unknown,MD,Sport Utility Vehicle,Moving Constant Speed,50,No,2020,GMC,TERRAIN,39.05785436,-76.9683232,2025,7,22
250033121,Property Damage Crash,07/18/2025 08:22:00 PM,MATENY RD,NA,"Sideswipe, Same Direction",Clear,Dry,Medium,No Controls,NONE DETECTED,No,NA,"Failed to Keep in Proper Lane, Operated Motor Vehicle in Inattentive, Careless, Negligent, or Erratic Manner, Other Improper Action",NA,NA,Passenger Car,Moving Constant Speed,35,No,2014,VOLKSWAGEN,PASSAT,39.16431102,-77.27297471,2025,7,20
250032191,Injury Crash,07/18/2025 08:18:00 PM,NA,NA,Front to Rear,Clear,Wet,Medium,Yield Sign,NONE DETECTED,No,Possible Minor Injury,NA,Not Distracted,MD,Sport Utility Vehicle,Stopped in Traffic,40,No,2014,HONDA,CR-V,39.1228782,-77.17793785,2025,7,20
250032191,Injury Crash,07/18/2025 08:18:00 PM,NA,NA,Front to Rear,Clear,Wet,Medium,Yield Sign,NONE DETECTED,Yes,No Apparent Injury,NA,"Other Action (looking away from task, etc.)",MD,Sport Utility Vehicle,Accelerating,40,No,2024,JEEP,GRAND CHEROKEE L,39.1228782,-77.17793785,2025,7,20
250032188,Property Damage Crash,07/18/2025 08:00:00 PM,MONTGOMERY VILLAGE AVE,NA,Front to Rear,Rain,Wet,Daylight,No Controls,NONE DETECTED,Yes,No Apparent Injury,"Followed Too Closely, Too Fast For Conditions",Not Distracted,MD,Passenger Car,Slowing or Stopping,35,No,2011,NISSAN,PATHFINDER,39.16586967,-77.20476917,2025,7,20
250032188,Property Damage Crash,07/18/2025 08:00:00 PM,MONTGOMERY VILLAGE AVE,NA,Front to Rear,Rain,Wet,Daylight,No Controls,NONE DETECTED,No,No Apparent Injury,NA,Not Distracted,MD,Passenger Car,Slowing or Stopping,35,No,2024,TOYOTA,RAV4,39.16586967,-77.20476917,2025,7,20
250032187,Injury Crash,07/18/2025 07:45:00 PM,MONTGOMERY AVE,NA,Single Vehicle,Clear,Dry,Daylight,No Controls,NONE DETECTED,No,Possible Minor Injury,NA,Not Distracted,DC,Passenger Car,Moving Constant Speed,30,No,2012,MERCEDES-BENZ,C-CLASS,38.98530917,-77.08691183,2025,7,19
250032177,Injury Crash,07/18/2025 07:37:00 PM,NA,NA,Front to Front,Clear,NA,Daylight,NA,DRUG PRESENT,Yes,No Apparent Injury,"Improper Backing, Other Improper Action",Unknown,MD,Passenger Car,Backing,0,No,2007,LINCOLN,MKX,39.17802614,-77.27076874,2025,7,19
250032177,Injury Crash,07/18/2025 07:37:00 PM,NA,NA,Front to Front,Clear,NA,Daylight,NA,NONE DETECTED,No,Possible Minor Injury,NA,Not Distracted,MD,Passenger Car,Parked,0,No,2018,NISSAN,MAXIMA,39.17802614,-77.27076874,2025,7,19
250032184,Property Damage Crash,07/18/2025 07:25:00 PM,NORBECK RD,NA,Front to Rear,Rain,Wet,Daylight,No Controls,NONE DETECTED,No,NA,NA,NA,NA,Passenger Car,Moving Constant Speed,35,No,2000,HONDA,ACCORD,39.1093508,-77.07743473,2025,7,19
250032184,Property Damage Crash,07/18/2025 07:25:00 PM,NORBECK RD,NA,Front to Rear,Rain,Wet,Daylight,No Controls,NONE DETECTED,No,No Apparent Injury,NA,Not Distracted,MD,Pickup,Stopped in Traffic,35,No,2025,CHEVROLET,SILVERADO,39.1093508,-77.07743473,2025,7,19
250032182,Property Damage Crash,07/18/2025 07:00:00 PM,CROWN PARK AVE,NA,Front to Rear,Clear,Dry,Daylight,Stop Sign,NONE DETECTED,No,NA,NA,NA,NA,Passenger Car,Moving Constant Speed,25,No,2023,NISSAN,ROGUE,39.11415214,-77.20539101,2025,7,19
250032156,Injury Crash,07/18/2025 05:43:00 PM,LAYHILL RD,NA,Angle,Clear,Dry,Daylight,Traffic Control Signal,NONE DETECTED,No,No Apparent Injury,Other Improper Action,Unknown,MD,Sport Utility Vehicle,Moving Constant Speed,40,No,2024,TOYOTA,COROLLA CROSS,39.12042593,-77.03394617,2025,7,17
250032156,Injury Crash,07/18/2025 05:43:00 PM,LAYHILL RD,NA,Angle,Clear,Dry,Daylight,Traffic Control Signal,NONE DETECTED,Yes,Possible Minor Injury,Other Improper Action,Unknown,MD,Passenger Car,Moving Constant Speed,35,No,2019,VOLKSWAGEN,JETTA,39.12042593,-77.03394617,2025,7,17
250032895,Property Damage Crash,07/18/2025 04:30:00 PM,NA,NA,Front to Rear,Clear,NA,Daylight,NA,NONE DETECTED,No,NA,NA,NA,NA,Passenger Car,Backing,0,No,2012,FORD,FIESTA,38.98301102,-76.98705369,2025,7,16
250032147,Property Damage Crash,07/18/2025 04:30:00 PM,WASHINGTON GROVE LA,NA,Single Vehicle,Clear,Dry,Daylight,No Controls,NONE DETECTED,No,No Apparent Injury,NA,Not Distracted,MD,Passenger Car,Moving Constant Speed,35,No,2023,TESLA,MODEL Y,39.15185178,-77.16498865,2025,7,16
250032139,Property Damage Crash,07/18/2025 04:15:00 PM,NA,NA,Front to Front,Clear,NA,Daylight,NA,NONE DETECTED,No,No Apparent Injury,NA,Not Distracted,MD,Sport Utility Vehicle,Parked,0,No,2019,JEEP,GRAND CHEROKEE,39.04529169,-76.99071562,2025,7,16
250032139,Property Damage Crash,07/18/2025 04:15:00 PM,NA,NA,Front to Front,Clear,NA,Daylight,NA,NONE DETECTED,Yes,No Apparent Injury,Other Improper Action,Not Distracted,MD,Sport Utility Vehicle,Slowing or Stopping,0,No,2025,FORD,EXPLORER,39.04529169,-76.99071562,2025,7,16
250032132,Property Damage Crash,07/18/2025 03:46:00 PM,VEIRS MILL RD,NA,Rear To Side,Clear,Dry,Daylight,No Controls,NONE DETECTED,No,No Apparent Injury,NA,Not Distracted,MD,Passenger Car,Moving Constant Speed,35,No,2017,CHEVROLET,SILVERADO,39.04134267,-77.05804817,2025,7,15
250032132,Property Damage Crash,07/18/2025 03:46:00 PM,VEIRS MILL RD,NA,Rear To Side,Clear,Dry,Daylight,No Controls,NONE DETECTED,Yes,No Apparent Injury,NA,Unknown,NA,Passenger Car,Changing Lanes,35,No,2014,HONDA,ODYSSEY,39.04134267,-77.05804817,2025,7,15
250032899,Property Damage Crash,07/18/2025 03:45:00 PM,GEORGIA AVE (SB/L),NA,"Sideswipe, Same Direction",Clear,Dry,Daylight,Traffic Control Signal,NONE DETECTED,No,No Apparent Injury,NA,Unknown,NA,Passenger Car,NA,45,No,2019,NISSAN,ROGUE,39.10962912,-77.0760765,2025,7,15
250032899,Property Damage Crash,07/18/2025 03:45:00 PM,GEORGIA AVE (SB/L),NA,"Sideswipe, Same Direction",Clear,Dry,Daylight,Traffic Control Signal,NONE DETECTED,No,NA,NA,NA,NA,Passenger Car,NA,45,No,2016,AUDI,A6,39.10962912,-77.0760765,2025,7,15
250031950,Property Damage Crash,07/18/2025 03:14:00 PM,NA,NA,Single Vehicle,Clear,NA,Daylight,NA,NONE DETECTED,Yes,No Apparent Injury,NA,Not Distracted,MD,Passenger Car,Slowing or Stopping,0,No,2017,TOYOTA,CAMRY,39.08384837,-76.95212964,2025,7,15
250032127,Property Damage Crash,07/18/2025 03:13:00 PM,PARKLAWN DR (WB/L),NA,Front to Rear,Clear,Dry,Daylight,Traffic Control Signal,NONE DETECTED,Yes,No Apparent Injury,NA,Not Distracted,MD,Passenger Car,Slowing or Stopping,40,No,2017,HYUNDAI,ELANTRA,39.06161952,-77.11656578,2025,7,15
250032127,Property Damage Crash,07/18/2025 03:13:00 PM,PARKLAWN DR (WB/L),NA,Front to Rear,Clear,Dry,Daylight,Traffic Control Signal,NONE DETECTED,Yes,No Apparent Injury,NA,Not Distracted,VA,Van - Passenger (&lt;9 Seats),Slowing or Stopping,40,No,2024,FORD,TRANSIT,39.06161952,-77.11656578,2025,7,15
250032127,Property Damage Crash,07/18/2025 03:13:00 PM,PARKLAWN DR (WB/L),NA,Front to Rear,Clear,Dry,Daylight,Traffic Control Signal,NONE DETECTED,No,No Apparent Injury,NA,Not Distracted,MD,Passenger Car,Slowing or Stopping,40,No,2016,TOYOTA,RAV4,39.06161952,-77.11656578,2025,7,15
250032122,Property Damage Crash,07/18/2025 02:25:00 PM,NA,NA,Unknown,Clear,NA,Daylight,NA,NONE DETECTED,No,No Apparent Injury,NA,NA,NA,Passenger Car,NA,0,No,2013,TOYOTA,SIENNA,39.12761703,-77.15795001,2025,7,14
250032122,Property Damage Crash,07/18/2025 02:25:00 PM,NA,NA,Unknown,Clear,NA,Daylight,NA,NONE DETECTED,No,No Apparent Injury,NA,NA,NA,Passenger Car,Parked,0,No,2015,TOYOTA,CAMRY,39.12761703,-77.15795001,2025,7,14
250032119,Injury Crash,07/18/2025 02:19:00 PM,NA,NA,Other,Clear,NA,Daylight,NA,NONE DETECTED,Yes,Possible Minor Injury,"Operated Motor Vehicle in Inattentive, Careless, Negligent, or Erratic Manner",Unknown,MD,Passenger Car,Moving Constant Speed,0,No,2024,BMW,IX,39.04066906,-77.15635665,2025,7,14
250032113,Property Damage Crash,07/18/2025 02:14:00 PM,TECH RD,NA,Rear To Side,Clear,Dry,Daylight,Traffic Control Signal,NONE DETECTED,Yes,No Apparent Injury,"Failed to Yield Right-of-Way, Improper Turn",Not Distracted,VA,Sport Utility Vehicle,Turning Left,50,No,2019,TOYOTA,RAV4,39.0578453,-76.96841697,2025,7,14
250032113,Property Damage Crash,07/18/2025 02:14:00 PM,TECH RD,NA,Rear To Side,Clear,Dry,Daylight,Traffic Control Signal,NONE DETECTED,No,No Apparent Injury,NA,Not Distracted,DC,Passenger Car,Moving Constant Speed,50,No,2021,BMW,Z4,39.0578453,-76.96841697,2025,7,14
250032108,Injury Crash,07/18/2025 01:42:00 PM,RANDOLPH RD,NA,Front to Rear,Clear,Dry,Daylight,Other,NONE DETECTED,No,Possible Minor Injury,NA,Not Distracted,MD,Passenger Car,Stopped in Traffic,40,No,2018,TOYOTA,COROLLA IM,39.07309518,-77.00833361,2025,7,13
250032108,Injury Crash,07/18/2025 01:42:00 PM,RANDOLPH RD,NA,Front to Rear,Clear,Dry,Daylight,Other,NONE DETECTED,Yes,Possible Minor Injury,"Operated Motor Vehicle in Inattentive, Careless, Negligent, or Erratic Manner",Unknown,MD,Passenger Car,Moving Constant Speed,40,No,2022,TESLA,MODEL Y,39.07309518,-77.00833361,2025,7,13
250032108,Injury Crash,07/18/2025 01:42:00 PM,RANDOLPH RD,NA,Front to Rear,Clear,Dry,Daylight,Other,NONE DETECTED,No,Possible Minor Injury,NA,Not Distracted,MD,Passenger Car,Stopped in Traffic,40,No,2014,FORD,ESCAPE,39.07309518,-77.00833361,2025,7,13
250032107,Injury Crash,07/18/2025 01:39:00 PM,NA,NA,Front to Front,Clear,NA,Daylight,NA,NONE DETECTED,Yes,No Apparent Injury,Other Improper Action,Unknown,MD,Passenger Car,Accelerating,0,No,2023,DODGE,CHARGER,39.2382379,-77.27627342,2025,7,13
250032107,Injury Crash,07/18/2025 01:39:00 PM,NA,NA,Front to Front,Clear,NA,Daylight,NA,NONE DETECTED,No,Possible Minor Injury,NA,Not Distracted,MD,Van - Passenger (&lt;9 Seats),Parked,0,No,2021,RAM,PROMASTER 3500,39.2382379,-77.27627342,2025,7,13
250032109,Property Damage Crash,07/18/2025 01:35:00 PM,GLENOLDEN DR,NA,Front to Front,Clear,Dry,Daylight,No Controls,NONE DETECTED,No,No Apparent Injury,NA,Not Distracted,MD,Other,Accelerating,35,No,2019,FORD,TRANSIT,39.019169840000004,-77.20853916,2025,7,13
250032109,Property Damage Crash,07/18/2025 01:35:00 PM,GLENOLDEN DR,NA,Front to Front,Clear,Dry,Daylight,Stop Sign,NONE DETECTED,No,No Apparent Injury,NA,Not Distracted,MD,Sport Utility Vehicle,Turning Left,35,No,2014,FORD,F-150,39.019169840000004,-77.20853916,2025,7,13
250032104,Property Damage Crash,07/18/2025 01:23:00 PM,NA,NA,"Sideswipe, Same Direction",Clear,NA,Daylight,NA,NONE DETECTED,Yes,NA,NA,NA,NA,Other Trucks,Overtaking/Passing,0,No,2019,FORD,TRANSIT,39.05602731,-76.96130149,2025,7,13
250032104,Property Damage Crash,07/18/2025 01:23:00 PM,NA,NA,"Sideswipe, Same Direction",Clear,NA,Daylight,NA,NONE DETECTED,No,No Apparent Injury,NA,Not Distracted,MD,Passenger Car,Moving Constant Speed,0,No,2015,DODGE,CHARGER,39.05602731,-76.96130149,2025,7,13
250032100,Injury Crash,07/18/2025 12:56:00 PM,DAIRYMAID DR,NA,Front to Front,Clear,Dry,Daylight,No Controls,NONE DETECTED,Yes,No Apparent Injury,Failed to Yield Right-of-Way,Unknown,MD,Passenger Car,Turning Right,20,No,2013,TOYOTA,RAV4,39.15645367,-77.27343233,2025,7,12
250032100,Injury Crash,07/18/2025 12:56:00 PM,DAIRYMAID DR,NA,Front to Front,Clear,Dry,Daylight,No Controls,NONE DETECTED,No,Possible Minor Injury,NA,Not Distracted,MD,Passenger Car,Moving Constant Speed,20,No,2020,JEEP,GRAND CHEROKEE,39.15645367,-77.27343233,2025,7,12
250032102,Property Damage Crash,07/18/2025 12:30:00 PM,GLEN RD,NA,Single Vehicle,Clear,Dry,Daylight,No Controls,NONE DETECTED,No,No Apparent Injury,NA,Not Distracted,MD,Single-Unit Truck,Backing,30,No,2019,FREIGHTLINER,M2,39.04765383,-77.22947673,2025,7,12
250032086,Injury Crash,07/18/2025 11:39:00 AM,GREAT SENECA HWY,NA,Front to Rear,Clear,Dry,Daylight,Traffic Control Signal,NONE DETECTED,Yes,No Apparent Injury,Failed to Yield Right-of-Way,Not Distracted,VA,Passenger Car,Accelerating,45,No,2007,SUBARU,B9 TRIBECA,39.149215,-77.27669083,2025,7,11
250032086,Injury Crash,07/18/2025 11:39:00 AM,GREAT SENECA HWY,NA,Front to Rear,Clear,Dry,Daylight,Traffic Control Signal,NONE DETECTED,Yes,Possible Minor Injury,"Other Improper Action, Too Fast For Conditions",Not Distracted,MD,Passenger Car,Moving Constant Speed,45,No,2023,TOYOTA,HIGHLANDER,39.149215,-77.27669083,2025,7,11
250032085,Property Damage Crash,07/18/2025 11:30:00 AM,FREDERICK RD,NA,Single Vehicle,Clear,Dry,Daylight,No Controls,NONE DETECTED,No,No Apparent Injury,NA,Not Distracted,MD,Passenger Car,Moving Constant Speed,40,No,2020,TOYOTA,RAV4,39.154807,-77.21455783,2025,7,11
250032061,Property Damage Crash,07/18/2025 09:25:00 AM,MONTROSE RD,NA,Front to Rear,Clear,Dry,Daylight,Traffic Control Signal,DRUG PRESENT,Yes,No Apparent Injury,Other Improper Action,Not Distracted,MD,Passenger Car,Moving Constant Speed,45,No,2008,CADILLAC,CTS,39.05711067,-77.16314406,2025,7,9
250032061,Property Damage Crash,07/18/2025 09:25:00 AM,MONTROSE RD,NA,Front to Rear,Clear,Dry,Daylight,Traffic Control Signal,NONE DETECTED,No,No Apparent Injury,NA,Not Distracted,MD,Passenger Car,Slowing or Stopping,45,No,2024,TESLA,MODEL 3,39.05711067,-77.16314406,2025,7,9
250032058,Property Damage Crash,07/18/2025 09:10:00 AM,FENTON ST,NA,Angle,Clear,Dry,Daylight,No Controls,NONE DETECTED,Yes,No Apparent Injury,NA,Not Distracted,MD,Passenger Car,Entering Traffic Lane,25,No,2014,MERCEDES-BENZ,CLS-CLASS,38.99304044,-77.0241009,2025,7,9
250032058,Property Damage Crash,07/18/2025 09:10:00 AM,FENTON ST,NA,Angle,Clear,Dry,Daylight,No Controls,NONE DETECTED,No,No Apparent Injury,NA,Not Distracted,MD,Passenger Car,Moving Constant Speed,25,No,2012,TOYOTA,COROLLA,38.99304044,-77.0241009,2025,7,9
250032056,Property Damage Crash,07/18/2025 09:03:00 AM,VEIRS MILL RD,NA,Front to Rear,Cloudy,Dry,Daylight,Traffic Control Signal,NONE DETECTED,Yes,No Apparent Injury,NA,Not Distracted,MD,Passenger Car,Slowing or Stopping,45,No,2007,TOYOTA,PRIUS,39.06013412,-77.08964858,2025,7,9
250032056,Property Damage Crash,07/18/2025 09:03:00 AM,VEIRS MILL RD,NA,Front to Rear,Cloudy,Dry,Daylight,Traffic Control Signal,NONE DETECTED,No,No Apparent Injury,NA,Not Distracted,MD,Passenger Car,Stopped in Traffic,45,No,2022,HYUNDAI,TUCSON,39.06013412,-77.08964858,2025,7,9
250032048,Injury Crash,07/18/2025 08:30:00 AM,EAST WEST HWY (WB/L),NA,"Sideswipe, Same Direction",Clear,Dry,Daylight,Traffic Control Signal,NONE DETECTED,No,Possible Minor Injury,NA,Not Distracted,MD,Passenger Car,Moving Constant Speed,25,No,2010,HYUNDAI,SONATA,38.98458475,-77.09414926,2025,7,8
250032048,Injury Crash,07/18/2025 08:30:00 AM,EAST WEST HWY (WB/L),NA,"Sideswipe, Same Direction",Clear,Dry,Daylight,Traffic Control Signal,NONE DETECTED,No,No Apparent Injury,NA,Unknown,WV,Other Trucks,Making U-Turn,25,No,2018,FORD,F-550,38.98458475,-77.09414926,2025,7,8
250032043,Property Damage Crash,07/18/2025 08:00:00 AM,VEIRS MILL RD (WB/L),NA,Angle,Clear,Dry,Daylight,No Controls,NONE DETECTED,No,No Apparent Injury,NA,Not Distracted,MD,Bus - Transit,Accelerating,35,No,2016,GILLIG,LOW FLOOR BUS,39.03940985,-77.05414923,2025,7,8
250032043,Property Damage Crash,07/18/2025 08:00:00 AM,VEIRS MILL RD (WB/L),NA,Angle,Clear,Dry,Daylight,No Controls,NONE DETECTED,No,No Apparent Injury,NA,NA,NA,Passenger Car,Turning Right,35,No,2017,VOLKSWAGEN,PASSAT,39.03940985,-77.05414923,2025,7,8
250032047,Property Damage Crash,07/18/2025 07:45:00 AM,GEORGIA AVE,NA,"Sideswipe, Same Direction",Clear,Dry,Daylight,No Controls,NONE DETECTED,No,No Apparent Injury,NA,Not Distracted,VA,Passenger Car,Moving Constant Speed,30,No,2021,TOYOTA,COROLLA,38.98587033,-77.0267126,2025,7,7
250032047,Property Damage Crash,07/18/2025 07:45:00 AM,GEORGIA AVE,NA,"Sideswipe, Same Direction",Clear,Dry,Daylight,No Controls,NONE DETECTED,No,NA,NA,NA,NA,Passenger Car,Moving Constant Speed,30,No,2009,TOYOTA,PRIUS,38.98587033,-77.0267126,2025,7,7
250032041,Injury Crash,07/18/2025 07:05:00 AM,VEIRS MILL RD,NA,Rear To Side,Clear,Dry,Daylight,No Controls,NONE DETECTED,Yes,Possible Minor Injury,NA,Not Distracted,MD,Passenger Car,Turning Left,25,No,2009,HONDA,ACCORD,39.041477,-77.05831517,2025,7,7
250032041,Injury Crash,07/18/2025 07:05:00 AM,VEIRS MILL RD,NA,Rear To Side,Clear,Dry,Daylight,No Controls,NONE DETECTED,No,Possible Minor Injury,NA,Not Distracted,MD,Sport Utility Vehicle,Moving Constant Speed,25,No,2021,TOYOTA,RAV4,39.041477,-77.05831517,2025,7,7
250032036,Property Damage Crash,07/18/2025 05:02:00 AM,BARNESVILLE RD,NA,Single Vehicle,Clear,Dry,Dark,Other,NONE DETECTED,No,No Apparent Injury,NA,Not Distracted,MD,Passenger Car,Moving Constant Speed,40,No,2014,HONDA,CIVIC,39.2191752,-77.36275298,2025,7,5
250032017,Injury Crash,07/17/2025 11:24:00 PM,NA,Pedestrian,Single Vehicle,Clear,Dry,Medium,No Controls,NONE DETECTED,No,No Apparent Injury,NA,Unknown,MD,Passenger Car,Turning Left,25,No,2017,NISSAN,ROGUE,39.04162735,-76.98591085,2025,7,23
250032020,Property Damage Crash,07/17/2025 09:36:00 PM,GREAT SENECA HWY,NA,Front to Front,Clear,Wet,Medium,Traffic Control Signal,NONE DETECTED,No,No Apparent Injury,NA,Not Distracted,MD,Passenger Car,Moving Constant Speed,35,No,2020,MITSUBISHI,MIRAGE,39.09661094,-77.20354114,2025,7,21
250032020,Property Damage Crash,07/17/2025 09:36:00 PM,GREAT SENECA HWY,NA,Front to Front,Clear,Wet,Medium,Traffic Control Signal,NONE DETECTED,No,No Apparent Injury,Improper Turn,Not Distracted,MD,Passenger Car,Turning Left,35,No,2016,HONDA,CIVIC,39.09661094,-77.20354114,2025,7,21
250032009,Injury Crash,07/17/2025 09:00:00 PM,CONNECTICUT AVE (SB/L),NA,"Sideswipe, Same Direction",Rain,Wet,Medium,No Controls,NONE DETECTED,Yes,No Apparent Injury,"Failed to Keep in Proper Lane, Failed to Yield Right-of-Way, Improper Turn",Unknown,MD,Passenger Car,Turning Left,35,No,2014,CHEVROLET,EXPRESS,39.0912859,-77.07069606,2025,7,21
250032009,Injury Crash,07/17/2025 09:00:00 PM,CONNECTICUT AVE (SB/L),NA,"Sideswipe, Same Direction",Rain,Wet,Medium,No Controls,NONE DETECTED,No,Possible Minor Injury,NA,Not Distracted,MD,Passenger Car,Moving Constant Speed,35,No,2017,TOYOTA,CAMRY,39.0912859,-77.07069606,2025,7,21
250032000,Property Damage Crash,07/17/2025 08:37:00 PM,FAIRLAND RD (WB/L),NA,Single Vehicle,Cloudy,Dry,Daylight,No Controls,NONE DETECTED,Yes,No Apparent Injury,"Failed to Keep in Proper Lane, Operated Motor Vehicle in Inattentive, Careless, Negligent, or Erratic Manner, Operated Motor Vehicle in Reckless or Aggressive Manner, Too Fast For Conditions",Not Distracted,MD,Passenger Car,Accelerating,35,No,2012,INFINITI,G37,39.07268855,-76.95513447,2025,7,20
250031999,Property Damage Crash,07/17/2025 07:50:00 PM,RAMP 7 FR RAMP 2 (FR IS270) TO MD 187 SB,NA,Angle,Rain,Wet,Medium,Traffic Control Signal,NONE DETECTED,Yes,No Apparent Injury,NA,Unknown,MD,Passenger Car,Moving Constant Speed,40,No,2022,CHEVROLET,MALIBU,39.03108171,-77.12620401,2025,7,19
250031999,Property Damage Crash,07/17/2025 07:50:00 PM,RAMP 7 FR RAMP 2 (FR IS270) TO MD 187 SB,NA,Angle,Rain,Wet,Medium,Traffic Control Signal,NONE DETECTED,No,No Apparent Injury,NA,Not Distracted,MD,Sport Utility Vehicle,Turning Left,40,No,2023,SUBARU,OUTBACK,39.03108171,-77.12620401,2025,7,19
250032004,Injury Crash,07/17/2025 07:30:00 PM,GOLF LA,NA,Front to Rear,Clear,Dry,Daylight,No Controls,NONE DETECTED,No,No Apparent Injury,NA,Not Distracted,MD,Passenger Car,Moving Constant Speed,35,No,2017,HYUNDAI,SONATA,39.03691254,-77.10793298,2025,7,19
250032004,Injury Crash,07/17/2025 07:30:00 PM,GOLF LA,NA,Front to Rear,Clear,Dry,Daylight,No Controls,NONE DETECTED,No,No Apparent Injury,NA,Not Distracted,MD,Passenger Car,Slowing or Stopping,35,No,2022,VOLVO,XC40,39.03691254,-77.10793298,2025,7,19
250031996,Property Damage Crash,07/17/2025 07:20:00 PM,GREENWOOD AVE,NA,Front to Rear,Clear,Dry,Daylight,No Controls,NONE DETECTED,No,NA,NA,NA,NA,Passenger Car,Backing,15,No,2018,TOYOTA,COROLLA,38.99244614,-77.00092603,2025,7,19
250031985,Injury Crash,07/17/2025 06:15:00 PM,FERRARA DR,NA,Front to Rear,Clear,Dry,Daylight,No Controls,NONE DETECTED,Yes,Possible Minor Injury,"Swerved or Avoided Due to Wind, Slippery Surface, Motor Vehicle, Object, Non-Motorist in Roadway, etc",Not Distracted,MD,Passenger Car,Moving Constant Speed,25,No,2011,TOYOTA,COROLLA,39.0518975,-77.07690433,2025,7,18
250031983,Injury Crash,07/17/2025 05:45:00 PM,CLUB HOUSE RD,NA,Angle,Clear,Dry,Daylight,Traffic Control Signal,NONE DETECTED,Yes,No Apparent Injury,NA,Not Distracted,MD,Sport Utility Vehicle,Turning Left,35,No,2019,HONDA,HR-V,39.17461333,-77.203617,2025,7,17
250031983,Injury Crash,07/17/2025 05:45:00 PM,CLUB HOUSE RD,NA,Angle,Clear,Dry,Daylight,Traffic Control Signal,NONE DETECTED,No,Possible Minor Injury,NA,Not Distracted,MD,Sport Utility Vehicle,Moving Constant Speed,35,No,2019,NISSAN,ROGUE,39.17461333,-77.203617,2025,7,17
250031970,Property Damage Crash,07/17/2025 05:00:00 PM,NA,NA,Front to Rear,Clear,NA,Daylight,NA,NONE DETECTED,No,NA,NA,NA,NA,Passenger Car,Turning Right,0,No,2017,HONDA,ACCORD,39.10148233,-77.1929085,2025,7,17
250031958,Property Damage Crash,07/17/2025 03:22:00 PM,CSX TRACK 2 RAIL,NA,Other,Clear,Dry,Daylight,Traffic Control Signal,NONE DETECTED,No,No Apparent Injury,NA,Not Distracted,MD,Passenger Car,NA,25,No,2018,DODGE,GRAND CARAVAN,39.141376,-77.19358817,2025,7,15