Local Case Number,ACRS Report Type,Crash Date/Time,Road Name,Related Non-Motorist,Collision Type,Weather,Surface Condition,Light,Traffic Control,Driver Substance Abuse,Driver At Fault,Injury Severity,Circumstance,Driver Distracted By,Drivers License State,Vehicle Body Type,Vehicle Movement,Speed Limit,Driverless Vehicle,Vehicle Year,Vehicle Make,Vehicle Model,Latitude,Longitude,Year,Month,Hour
250031590,Injury Crash,07/15/2025 05:38:00 PM,NA,NA,Front to Rear,Clear,NA,Daylight,NA,NONE DETECTED,No,Possible Minor Injury,NA,Not Distracted,MD,Sport Utility Vehicle,Moving Constant Speed,0,No,2006,TOYOTA,SCION XB,39.15599534,-77.16569465,2025,7,17
250031765,Property Damage Crash,07/15/2025 05:38:00 PM,LANARK WAY,NA,"Sideswipe, Same Direction",Clear,Dry,Daylight,Traffic Control Signal,NONE DETECTED,No,No Apparent Injury,NA,NA,NA,Passenger Car,Changing Lanes,35,No,2020,VOLKSWAGEN,PASSAT,39.01852013,-77.01429881,2025,7,17
250031765,Property Damage Crash,07/15/2025 05:38:00 PM,LANARK WAY,NA,"Sideswipe, Same Direction",Clear,Dry,Daylight,Traffic Control Signal,NONE DETECTED,No,No Apparent Injury,NA,Not Distracted,MD,Passenger Car,Moving Constant Speed,35,No,2025,KIA,SORENTO,39.01852013,-77.01429881,2025,7,17
250031590,Injury Crash,07/15/2025 05:38:00 PM,NA,NA,Front to Rear,Clear,NA,Daylight,NA,NONE DETECTED,Yes,NA,NA,NA,NA,Passenger Car,Backing,0,No,0,NA,NA,39.15599534,-77.16569465,2025,7,17
250031588,Property Damage Crash,07/15/2025 05:27:00 PM,W GUDE DR,NA,"Sideswipe, Same Direction",Clear,Dry,Daylight,No Controls,NONE DETECTED,No,No Apparent Injury,NA,Unknown,MD,Passenger Car,Turning Left,35,No,2022,HONDA,ACCORD,39.10009915,-77.18194437,2025,7,17
250031588,Property Damage Crash,07/15/2025 05:27:00 PM,W GUDE DR,NA,"Sideswipe, Same Direction",Clear,Dry,Daylight,No Controls,NONE DETECTED,Yes,No Apparent Injury,NA,Unknown,MD,Passenger Car,Turning Left,35,No,2022,AUDI,Q5,39.10009915,-77.18194437,2025,7,17
250031585,Injury Crash,07/15/2025 05:17:00 PM,OLD VIC BLVD,NA,Front to Rear,Clear,Dry,Daylight,Traffic Control Signal,NONE DETECTED,No,No Apparent Injury,NA,Not Distracted,MD,Passenger Car,Stopped in Traffic,40,No,2013,SUBARU,IMPREZA,39.1447247,-77.04740289,2025,7,17
250031585,Injury Crash,07/15/2025 05:17:00 PM,OLD VIC BLVD,NA,Front to Rear,Clear,Dry,Daylight,Traffic Control Signal,NONE DETECTED,Yes,Possible Minor Injury,Followed Too Closely,"Other Action (looking away from task, etc.)",MD,Passenger Car,Slowing or Stopping,40,No,2012,LEXUS,IS,39.1447247,-77.04740289,2025,7,17
250031583,Property Damage Crash,07/15/2025 04:51:00 PM,FREDERICK RD,NA,Front to Rear,Clear,Dry,Daylight,Traffic Control Signal,NONE DETECTED,No,No Apparent Injury,Too Fast For Conditions,Unknown,MD,Passenger Car,Accelerating,40,No,2018,HONDA,CIVIC,39.12253031,-77.1774168,2025,7,16
250031583,Property Damage Crash,07/15/2025 04:51:00 PM,FREDERICK RD,NA,Front to Rear,Clear,Dry,Daylight,Flashing Traffic Control Signal,NONE DETECTED,No,No Apparent Injury,NA,Not Distracted,MD,Passenger Car,Slowing or Stopping,40,No,2012,JEEP,GRAND CHEROKEE,39.12253031,-77.1774168,2025,7,16
25001442,Property Damage Crash,07/15/2025 04:42:00 PM,SLIGO CREEK PKWY,NA,Single Vehicle,Clear,Dry,Daylight,Traffic Control Signal,ALCOHOL PRESENT,No,No Apparent Injury,NA,Unknown,NA,Passenger Car,Turning Left,35,No,2014,JEEP,CHEROKEE,38.98067333,-76.98978536,2025,7,16
250031576,Property Damage Crash,07/15/2025 04:39:00 PM,UNIVERSITY BLVD W,NA,Front to Rear,Clear,Dry,Daylight,No Controls,NONE DETECTED,No,No Apparent Injury,NA,Not Distracted,MD,Passenger Car,Slowing or Stopping,35,No,2018,TOYOTA,HIGHLANDER,39.03214108,-77.02292003,2025,7,16
250031576,Property Damage Crash,07/15/2025 04:39:00 PM,UNIVERSITY BLVD W,NA,Front to Rear,Clear,Dry,Daylight,No Controls,NONE DETECTED,Yes,No Apparent Injury,NA,Not Distracted,NA,Passenger Car,Moving Constant Speed,35,No,2003,TOYOTA,RAV4,39.03214108,-77.02292003,2025,7,16
250031563,Injury Crash,07/15/2025 03:51:00 PM,WOOTTON PKWY,NA,Angle,Clear,Dry,Daylight,Stop Sign,NONE DETECTED,Yes,Possible Minor Injury,NA,Unknown,MD,Passenger Car,Turning Right,35,No,2020,HYUNDAI,ELANTRA,39.07562843,-77.14021827,2025,7,15
250031563,Injury Crash,07/15/2025 03:51:00 PM,WOOTTON PKWY,NA,Angle,Clear,Dry,Daylight,No Controls,NONE DETECTED,No,No Apparent Injury,NA,Not Distracted,MD,Passenger Car,Moving Constant Speed,35,No,2009,FORD,ESCAPE,39.07562843,-77.14021827,2025,7,15
250031559,Injury Crash,07/15/2025 03:43:00 PM,COLUMBIA PIKE,NA,Front to Rear,Clear,Dry,Daylight,No Controls,NONE DETECTED,No,Possible Minor Injury,NA,Not Distracted,MD,Pickup,Stopped in Traffic,40,No,2010,FORD,F-150,39.0549292,-76.97307777,2025,7,15
250031559,Injury Crash,07/15/2025 03:43:00 PM,COLUMBIA PIKE,NA,Front to Rear,Clear,Dry,Daylight,No Controls,NONE DETECTED,No,No Apparent Injury,NA,Not Distracted,MD,Van - Passenger (&lt;9 Seats),Stopped in Traffic,40,No,2013,TOYOTA,SIENNA,39.0549292,-76.97307777,2025,7,15
250031559,Injury Crash,07/15/2025 03:43:00 PM,COLUMBIA PIKE,NA,Front to Rear,Clear,Dry,Daylight,No Controls,NONE DETECTED,Yes,No Apparent Injury,NA,Not Distracted,MD,Van - Cargo,Accelerating,40,No,2010,MERCEDES-BENZ,SPRINTER,39.0549292,-76.97307777,2025,7,15
250031550,Property Damage Crash,07/15/2025 02:31:00 PM,NEW HAMPSHIRE AVE,NA,"Sideswipe, Same Direction",Clear,Dry,Daylight,No Controls,NONE DETECTED,No,No Apparent Injury,NA,Not Distracted,MD,Pickup,Entering Traffic Lane,35,No,2007,TOYOTA,TUNDRA,38.98665434,-76.98791088,2025,7,14
250031550,Property Damage Crash,07/15/2025 02:31:00 PM,NEW HAMPSHIRE AVE,NA,"Sideswipe, Same Direction",Clear,Dry,Daylight,No Controls,NONE DETECTED,No,No Apparent Injury,NA,Unknown,MD,Sport Utility Vehicle,Entering Traffic Lane,35,No,2007,TOYOTA,RAV4,38.98665434,-76.98791088,2025,7,14
25001438,Property Damage Crash,07/15/2025 01:50:00 PM,NA,NA,Other,Clear,NA,Daylight,NA,NONE DETECTED,No,No Apparent Injury,NA,Unknown,MD,Sport Utility Vehicle,NA,0,No,2018,SUBARU,CROSSTREK,39.18354367,-77.14400233,2025,7,13
250031532,Injury Crash,07/15/2025 01:19:00 PM,EAST WEST HWY (WB/L),NA,Front to Rear,Cloudy,Dry,Daylight,Traffic Control Signal,NONE DETECTED,No,Possible Minor Injury,NA,Not Distracted,MD,Van - Passenger (&lt;9 Seats),Stopped in Traffic,25,No,2011,CHEVROLET,EXPRESS,38.99386593,-77.0521148,2025,7,13
250031532,Injury Crash,07/15/2025 01:19:00 PM,EAST WEST HWY (WB/L),NA,Front to Rear,Cloudy,Dry,Daylight,Traffic Control Signal,NONE DETECTED,Yes,No Apparent Injury,NA,Unknown,DC,Van - Passenger (&lt;9 Seats),Accelerating,25,No,2021,CHEVROLET,EXPRESS,38.99386593,-77.0521148,2025,7,13
250031521,Property Damage Crash,07/15/2025 12:35:00 PM,NA,NA,"Sideswipe, Same Direction",Cloudy,NA,Daylight,NA,NONE DETECTED,No,No Apparent Injury,NA,Not Distracted,MD,Passenger Car,Turning Right,0,No,2024,CHEVROLET,TAHOE,39.14048757,-77.2229581,2025,7,12
250031512,Property Damage Crash,07/15/2025 11:22:00 AM,FOREST GLEN RD,NA,Angle,Clear,Dry,Daylight,No Controls,NONE DETECTED,Yes,No Apparent Injury,Failed to Yield Right-of-Way,Not Distracted,MD,Passenger Car,Turning Left,30,No,2023,TOYOTA,HIGHLANDER,39.015874,-77.04162717,2025,7,11
250031512,Property Damage Crash,07/15/2025 11:22:00 AM,FOREST GLEN RD,NA,Angle,Clear,Dry,Daylight,No Controls,NONE DETECTED,No,No Apparent Injury,NA,Not Distracted,MD,Passenger Car,Moving Constant Speed,30,No,2025,KIA,K5,39.015874,-77.04162717,2025,7,11
250031499,Property Damage Crash,07/15/2025 09:45:00 AM,OLD GEORGETOWN RD,NA,Angle,Cloudy,Dry,Daylight,Stop Sign,NONE DETECTED,Yes,No Apparent Injury,"Failed to Yield Right-of-Way, Operated Motor Vehicle in Inattentive, Careless, Negligent, or Erratic Manner",Unknown,MD,Passenger Car,Turning Left,35,No,2024,VOLVO,XC60,38.98840921,-77.10025115,2025,7,9
250031499,Property Damage Crash,07/15/2025 09:45:00 AM,OLD GEORGETOWN RD,NA,Angle,Cloudy,Dry,Daylight,No Controls,NONE DETECTED,No,No Apparent Injury,NA,Not Distracted,MD,Passenger Car,Moving Constant Speed,35,No,2021,INFINITI,QX80,38.98840921,-77.10025115,2025,7,9
250031493,Property Damage Crash,07/15/2025 08:51:00 AM,CALVERTON BLVD,NA,"Sideswipe, Same Direction",Cloudy,Dry,Daylight,Other,NONE DETECTED,Yes,No Apparent Injury,NA,Not Distracted,MD,Passenger Car,Overtaking/Passing,30,No,2022,HYUNDAI,SONATA,39.05613193,-76.94408039,2025,7,8
250031493,Property Damage Crash,07/15/2025 08:51:00 AM,CALVERTON BLVD,NA,"Sideswipe, Same Direction",Cloudy,Dry,Daylight,Other,NONE DETECTED,Yes,No Apparent Injury,NA,Not Distracted,MD,Passenger Car,Moving Constant Speed,30,No,2018,TOYOTA,CAMRY,39.05613193,-76.94408039,2025,7,8
250031492,Property Damage Crash,07/15/2025 08:34:00 AM,SEVEN LOCKS RD,NA,Front to Rear,Cloudy,Dry,Daylight,No Controls,NONE DETECTED,No,No Apparent Injury,NA,"Other Action (looking away from task, etc.)",VA,Bus - School,Slowing or Stopping,35,No,2018,FREIGHTLINER,B2 BUS CHASSIS,39.05515327,-77.16253434,2025,7,8
250031492,Property Damage Crash,07/15/2025 08:34:00 AM,SEVEN LOCKS RD,NA,Front to Rear,Cloudy,Dry,Daylight,No Controls,NONE DETECTED,No,No Apparent Injury,NA,Unknown,MD,Passenger Car,Slowing or Stopping,35,No,2021,TOYOTA,RAV4,39.05515327,-77.16253434,2025,7,8
250031482,Property Damage Crash,07/15/2025 08:03:00 AM,NEW HAMPSHIRE AVE,NA,Front to Rear,Cloudy,Dry,Daylight,No Controls,NONE DETECTED,No,No Apparent Injury,NA,Not Distracted,MD,Sport Utility Vehicle,Slowing or Stopping,45,No,2021,TOYOTA,RAV4,39.07367232,-77.00246807,2025,7,8
250031482,Property Damage Crash,07/15/2025 08:03:00 AM,NEW HAMPSHIRE AVE,NA,Front to Rear,Cloudy,Dry,Daylight,No Controls,NONE DETECTED,Yes,No Apparent Injury,Followed Too Closely,Not Distracted,MD,Passenger Car,Moving Constant Speed,45,No,2010,VOLKSWAGEN,GOLF,39.07367232,-77.00246807,2025,7,8
250031478,Injury Crash,07/15/2025 08:00:00 AM,NA,Pedestrian,Single Vehicle,Clear,NA,Daylight,NA,NONE DETECTED,Yes,No Apparent Injury,Too Fast For Conditions,Not Distracted,MD,Passenger Car,Moving Constant Speed,0,No,2008,CHRYSLER,TOWN AND COUNTRY,39.16127691,-77.16340414,2025,7,8
250031474,Injury Crash,07/15/2025 07:46:00 AM,NA,NA,Front to Front,Clear,Dry,Daylight,Traffic Control Signal,NONE DETECTED,No,No Apparent Injury,NA,Unknown,MD,Passenger Car,Moving Constant Speed,25,No,2016,TOYOTA,COROLLA,38.98326337,-77.01543557,2025,7,7
250031474,Injury Crash,07/15/2025 07:46:00 AM,NA,NA,Front to Front,Clear,Dry,Daylight,Traffic Control Signal,NONE DETECTED,Yes,Possible Minor Injury,NA,Unknown,MD,Sport Utility Vehicle,Turning Left,25,No,2012,HONDA,PILOT,38.98326337,-77.01543557,2025,7,7
250031465,Property Damage Crash,07/15/2025 02:19:00 AM,CROYDON AVE,NA,Front to Rear,Clear,Wet,Medium,No Controls,NONE DETECTED,No,NA,NA,NA,NA,Passenger Car,Slowing or Stopping,25,No,2017,KIA,SPORTAGE,39.08513634,-77.14054468,2025,7,2
250031462,Property Damage Crash,07/15/2025 02:00:00 AM,NORBECK RD (WB/L),NA,Single Vehicle,Clear,Wet,Medium,Traffic Control Signal,NONE DETECTED,No,No Apparent Injury,Operated Motor Vehicle in Reckless or Aggressive Manner,Unknown,NA,Passenger Car,Accelerating,40,No,2022,KIA,SPORTAGE,39.0899075,-77.12942017,2025,7,2
250031455,Property Damage Crash,07/14/2025 10:45:00 PM,SHAW AVE E,NA,Angle,Clear,Dry,Medium,No Controls,NONE DETECTED,Yes,No Apparent Injury,NA,Not Distracted,MD,Passenger Car,Turning Left,35,No,2007,HONDA,ACCORD,39.06884624,-77.00299313,2025,7,22
250031455,Property Damage Crash,07/14/2025 10:45:00 PM,SHAW AVE E,NA,Angle,Clear,Dry,Medium,No Controls,NONE DETECTED,No,No Apparent Injury,NA,Not Distracted,MD,Passenger Car,Moving Constant Speed,35,No,2024,HYUNDAI,SANTA CRUZ,39.06884624,-77.00299313,2025,7,22
250031456,Property Damage Crash,07/14/2025 10:20:00 PM,BATTLERIDGE PL,NA,Single Vehicle,Clear,Dry,Medium,No Controls,ALCOHOL PRESENT,Yes,No Apparent Injury,"Operated Motor Vehicle in Inattentive, Careless, Negligent, or Erratic Manner, Too Fast For Conditions",Unknown,MD,Passenger Car,Negotiating a Curve,15,No,2017,FORD,MUSTANG,39.17542315,-77.21382737,2025,7,22
250031451,Injury Crash,07/14/2025 10:13:00 PM,WISTERIA DR,NA,Angle,Clear,Dry,Medium,Stop Sign,NONE DETECTED,No,No Apparent Injury,NA,Unknown,MD,Sport Utility Vehicle,Accelerating,30,No,2017,TOYOTA,RAV4,39.16217529,-77.25084095,2025,7,22
250031451,Injury Crash,07/14/2025 10:13:00 PM,WISTERIA DR,NA,Angle,Clear,Dry,Medium,Stop Sign,NONE DETECTED,No,No Apparent Injury,NA,Unknown,MD,Passenger Car,Accelerating,30,No,2011,ACURA,TSX,39.16217529,-77.25084095,2025,7,22
250031446,Property Damage Crash,07/14/2025 10:03:00 PM,NA,NA,Front to Rear,Rain,Wet,Medium,Traffic Control Signal,NONE DETECTED,No,No Apparent Injury,NA,Not Distracted,MD,Passenger Car,Slowing or Stopping,40,No,2017,KIA,SPORTAGE,39.15936667,-77.21888083,2025,7,22
250031446,Property Damage Crash,07/14/2025 10:03:00 PM,NA,NA,Front to Rear,Rain,Wet,Medium,Traffic Control Signal,NONE DETECTED,No,No Apparent Injury,NA,Not Distracted,MD,Passenger Car,Slowing or Stopping,40,No,2013,TOYOTA,PRIUS V,39.15936667,-77.21888083,2025,7,22
250031447,Property Damage Crash,07/14/2025 09:53:00 PM,NEW HAMPSHIRE AVE,NA,Front to Rear,Rain,Wet,Medium,No Controls,NONE DETECTED,Yes,No Apparent Injury,Other Improper Action,Unknown,MD,Passenger Car,Moving Constant Speed,35,No,2015,CHRYSLER,300,39.010815,-76.97908083,2025,7,21
250031447,Property Damage Crash,07/14/2025 09:53:00 PM,NEW HAMPSHIRE AVE,NA,Front to Rear,Rain,Wet,Medium,No Controls,NONE DETECTED,No,No Apparent Injury,NA,Not Distracted,MD,Passenger Car,Slowing or Stopping,35,No,2018,HONDA,CIVIC,39.010815,-76.97908083,2025,7,21
250031425,Injury Crash,07/14/2025 08:11:00 PM,E RANDOLPH RD (WB/L),NA,Front to Front,Rain,Wet,Medium,No Controls,NONE DETECTED,Yes,No Apparent Injury,NA,Not Distracted,MD,Passenger Car,Slowing or Stopping,35,No,2009,JEEP,LIBERTY,39.06532067,-76.97800383,2025,7,20
250031425,Injury Crash,07/14/2025 08:11:00 PM,E RANDOLPH RD (WB/L),NA,Front to Front,Rain,Wet,Medium,No Controls,NONE DETECTED,No,Possible Minor Injury,NA,Not Distracted,MD,Passenger Car,Moving Constant Speed,35,No,2022,TESLA,MODEL Y,39.06532067,-76.97800383,2025,7,20
250031430,Property Damage Crash,07/14/2025 08:03:00 PM,TWINBROOK PKWY (NB/L),NA,Front to Front,Rain,Wet,Dark,Traffic Control Signal,NONE DETECTED,No,No Apparent Injury,NA,Not Distracted,MD,Passenger Car,Moving Constant Speed,35,No,2016,FORD,FOCUS,39.05880302,-77.12127244,2025,7,20
250031430,Property Damage Crash,07/14/2025 08:03:00 PM,TWINBROOK PKWY (NB/L),NA,Front to Front,Rain,Wet,Dark,Traffic Control Signal,NONE DETECTED,Yes,No Apparent Injury,NA,Not Distracted,MD,Passenger Car,Turning Left,35,No,2016,TOYOTA,COROLLA,39.05880302,-77.12127244,2025,7,20
250031540,Property Damage Crash,07/14/2025 07:00:00 PM,CENTERHILL ST,NA,"Sideswipe, Same Direction",Clear,Dry,Daylight,No Controls,NONE DETECTED,No,NA,NA,NA,NA,Sport Utility Vehicle,Moving Constant Speed,25,No,2007,CHEVROLET,EQUINOX,39.05634904,-77.06882307,2025,7,19
250031418,Property Damage Crash,07/14/2025 07:00:00 PM,WASHINGTONIAN BLVD,NA,Front to Front,Cloudy,Dry,Daylight,Traffic Control Signal,NONE DETECTED,No,No Apparent Injury,NA,Not Distracted,MD,Sport Utility Vehicle,Turning Left,25,No,2018,HONDA,PILOT,39.11746311,-77.20565773,2025,7,19
250031418,Property Damage Crash,07/14/2025 07:00:00 PM,WASHINGTONIAN BLVD,NA,Front to Front,Cloudy,Dry,Daylight,Traffic Control Signal,NONE DETECTED,No,No Apparent Injury,NA,Unknown,MD,Sport Utility Vehicle,Moving Constant Speed,25,No,2020,NISSAN,MURANO,39.11746311,-77.20565773,2025,7,19
25001430,Property Damage Crash,07/14/2025 06:54:00 PM,PINEHURST PKWY,NA,Other,Rain,Wet,Daylight,No Controls,NONE DETECTED,No,No Apparent Injury,NA,Unknown,VA,Passenger Car,Moving Constant Speed,25,No,2021,NISSAN,KICKS,38.98513013,-77.05971574,2025,7,18
25001430,Property Damage Crash,07/14/2025 06:54:00 PM,PINEHURST PKWY,NA,Other,Rain,Wet,Daylight,Stop Sign,NONE DETECTED,No,No Apparent Injury,NA,Unknown,MD,Pickup,Accelerating,25,No,2025,TOYOTA,TACOMA,38.98513013,-77.05971574,2025,7,18
250031404,Property Damage Crash,07/14/2025 06:00:00 PM,EAST WEST HWY,NA,Other,Rain,Wet,Daylight,No Controls,NONE DETECTED,No,No Apparent Injury,NA,Not Distracted,MD,Passenger Car,Moving Constant Speed,25,No,2024,LEXUS,RX,38.98721383,-77.0839575,2025,7,18
250031404,Property Damage Crash,07/14/2025 06:00:00 PM,EAST WEST HWY,NA,Other,Rain,Wet,Daylight,No Controls,NONE DETECTED,Yes,No Apparent Injury,NA,Unknown,MD,Pickup,Making U-Turn,25,No,2011,FORD,F-150,38.98721383,-77.0839575,2025,7,18
250031401,Property Damage Crash,07/14/2025 05:50:00 PM,NA,NA,Single Vehicle,Cloudy,NA,Daylight,NA,NONE DETECTED,No,No Apparent Injury,Improper Turn,Not Distracted,MD,Passenger Car,Turning Left,0,No,2019,DODGE,CHARGER,39.1575865,-77.22417567,2025,7,17
250031406,Property Damage Crash,07/14/2025 05:36:00 PM,NA,NA,Front to Rear,Rain,NA,Daylight,NA,NONE DETECTED,No,No Apparent Injury,NA,Not Distracted,MD,Pickup,Backing,0,No,2017,RAM,1500,39.08032317,-77.0713065,2025,7,17
250031406,Property Damage Crash,07/14/2025 05:36:00 PM,NA,NA,Front to Rear,Rain,NA,Daylight,NA,NONE DETECTED,No,No Apparent Injury,NA,Not Distracted,MD,Sport Utility Vehicle,Parked,0,No,2017,HONDA,CR-V,39.08032317,-77.0713065,2025,7,17
250031402,Property Damage Crash,07/14/2025 05:34:00 PM,GREAT SENECA HWY (SB/L),NA,Front to Rear,Clear,Dry,Daylight,Traffic Control Signal,NONE DETECTED,Yes,No Apparent Injury,Followed Too Closely,Unknown,MD,Passenger Car,Accelerating,45,No,2016,AUDI,Q3,39.15845358,-77.27558163,2025,7,17
250031402,Property Damage Crash,07/14/2025 05:34:00 PM,GREAT SENECA HWY (SB/L),NA,Front to Rear,Clear,Dry,Daylight,Traffic Control Signal,NONE DETECTED,No,No Apparent Injury,NA,Not Distracted,CO,Passenger Car,Moving Constant Speed,45,No,2018,SUBARU,CROSSTREK,39.15845358,-77.27558163,2025,7,17
250031399,Property Damage Crash,07/14/2025 05:00:00 PM,NA,NA,"Sideswipe, Opposite Direction",Rain,Wet,Daylight,No Controls,NONE DETECTED,No,No Apparent Injury,NA,Not Distracted,MD,Passenger Car,Moving Constant Speed,25,No,2011,MERCEDES-BENZ,S-CLASS,39.01172289,-77.13328652,2025,7,17
250031399,Property Damage Crash,07/14/2025 05:00:00 PM,NA,NA,"Sideswipe, Opposite Direction",Rain,Wet,Daylight,No Controls,NONE DETECTED,No,No Apparent Injury,NA,Not Distracted,MD,Pickup,Entering Traffic Lane,15,No,2002,FORD,RANGER,39.01172289,-77.13328652,2025,7,17
250031431,Property Damage Crash,07/14/2025 04:37:00 PM,WISCONSIN AVE (SB/L),NA,"Sideswipe, Same Direction",Rain,Wet,Daylight,Traffic Control Signal,NONE DETECTED,No,NA,NA,NA,NA,Passenger Car,Changing Lanes,35,No,2022,CHRYSLER,PACIFICA,38.98513823,-77.09440318,2025,7,16
250031431,Property Damage Crash,07/14/2025 04:37:00 PM,WISCONSIN AVE (SB/L),NA,"Sideswipe, Same Direction",Rain,Wet,Daylight,Traffic Control Signal,NONE DETECTED,No,No Apparent Injury,NA,Not Distracted,MD,Passenger Car,Moving Constant Speed,35,No,2013,TOYOTA,SIENNA,38.98513823,-77.09440318,2025,7,16
250031386,Injury Crash,07/14/2025 04:02:00 PM,HALPINE RD (EB/L),NA,Front to Rear,Clear,Dry,Daylight,Traffic Control Signal,NONE DETECTED,No,Possible Minor Injury,NA,Not Distracted,MD,Passenger Car,Stopped in Traffic,25,No,2025,TOYOTA,CAMRY,39.06183706,-77.12415101,2025,7,16
250031386,Injury Crash,07/14/2025 04:02:00 PM,HALPINE RD (EB/L),NA,Front to Rear,Clear,Dry,Daylight,Traffic Control Signal,NONE DETECTED,No,No Apparent Injury,NA,Not Distracted,MD,Sport Utility Vehicle,Stopped in Traffic,25,No,2024,BMW,X3,39.06183706,-77.12415101,2025,7,16
250031386,Injury Crash,07/14/2025 04:02:00 PM,HALPINE RD (EB/L),NA,Front to Rear,Clear,Dry,Daylight,Traffic Control Signal,NONE DETECTED,Yes,No Apparent Injury,NA,Not Distracted,MD,Passenger Car,Slowing or Stopping,25,No,2006,HONDA,ACCORD,39.06183706,-77.12415101,2025,7,16
250031708,Property Damage Crash,07/14/2025 04:00:00 PM,RIDGE RD,NA,Front to Rear,Clear,Dry,Daylight,Traffic Control Signal,NONE DETECTED,Yes,No Apparent Injury,Followed Too Closely,Not Distracted,MD,Passenger Car,Slowing or Stopping,30,No,2017,CHEVROLET,EXPRESS,39.29971391,-77.20022747,2025,7,16
250031834,Property Damage Crash,07/14/2025 04:00:00 PM,NA,NA,Other,Clear,NA,Daylight,NA,NONE DETECTED,Yes,No Apparent Injury,NA,Unknown,MD,Passenger Car,Backing,0,No,2005,TOYOTA,HIGHLANDER,39.03871058,-76.99143326,2025,7,16
250031708,Property Damage Crash,07/14/2025 04:00:00 PM,RIDGE RD,NA,Front to Rear,Clear,Dry,Daylight,Traffic Control Signal,NONE DETECTED,No,No Apparent Injury,NA,Not Distracted,MD,Passenger Car,Stopped in Traffic,30,No,2002,MERCEDES-BENZ,SLK-CLASS,39.29971391,-77.20022747,2025,7,16
250031366,Property Damage Crash,07/14/2025 02:01:00 PM,NA,NA,Other,Clear,NA,Daylight,NA,NONE DETECTED,No,No Apparent Injury,"Operated Motor Vehicle in Inattentive, Careless, Negligent, or Erratic Manner",Not Distracted,MD,Bus - School,Accelerating,0,No,2018,FREIGHTLINER,B2 BUS CHASSIS,39.08766773,-77.07759302,2025,7,14
250031355,Property Damage Crash,07/14/2025 01:18:00 PM,STANLEY HILLS WAY,NA,Front to Rear,Clear,Dry,Daylight,No Controls,NONE DETECTED,Yes,No Apparent Injury,"Operated Motor Vehicle in Inattentive, Careless, Negligent, or Erratic Manner","Other Action (looking away from task, etc.)",MD,Pickup,Backing,25,No,2017,FORD,F-350,39.2842824,-77.18380562,2025,7,13
250031355,Property Damage Crash,07/14/2025 01:18:00 PM,STANLEY HILLS WAY,NA,Front to Rear,Clear,Dry,Daylight,No Controls,NONE DETECTED,No,No Apparent Injury,NA,Not Distracted,MD,Pickup,Entering Traffic Lane,25,No,2016,RAM,2500,39.2842824,-77.18380562,2025,7,13
250031403,Property Damage Crash,07/14/2025 12:30:00 PM,NA,NA,Angle,Cloudy,NA,Daylight,NA,NONE DETECTED,Yes,No Apparent Injury,NA,Unknown,MD,Single-Unit Truck,Turning Left,0,No,2022,FORD,COMMERCIAL CHASSIS,39.16649074,-77.16788863,2025,7,12
250031339,Property Damage Crash,07/14/2025 11:55:00 AM,GREEN PASTURE DR,NA,"Sideswipe, Same Direction",Clear,Dry,Daylight,No Controls,NONE DETECTED,No,No Apparent Injury,NA,Not Distracted,MD,Sport Utility Vehicle,Overtaking/Passing,25,No,2018,TOYOTA,RAV4,39.05763778,-77.14761014,2025,7,11
250031339,Property Damage Crash,07/14/2025 11:55:00 AM,GREEN PASTURE DR,NA,"Sideswipe, Same Direction",Clear,Dry,Daylight,No Controls,NONE DETECTED,No,No Apparent Injury,NA,Not Distracted,MD,Other,Stopped in Traffic,25,No,2015,MACK,LEU (TERRAPRO),39.05763778,-77.14761014,2025,7,11