Local Case Number,ACRS Report Type,Crash Date/Time,Road Name,Related Non-Motorist,Collision Type,Weather,Surface Condition,Light,Traffic Control,Driver Substance Abuse,Driver At Fault,Injury Severity,Circumstance,Driver Distracted By,Drivers License State,Vehicle Body Type,Vehicle Movement,Speed Limit,Driverless Vehicle,Vehicle Year,Vehicle Make,Vehicle Model,Latitude,Longitude,Year,Month,Hour
250031335,Property Damage Crash,07/14/2025 11:45:00 AM,UNIVERSITY BLVD E,NA,"Sideswipe, Same Direction",Cloudy,Dry,Daylight,No Controls,NONE DETECTED,No,No Apparent Injury,NA,Not Distracted,MD,Sport Utility Vehicle,Moving Constant Speed,30,No,2004,HONDA,PILOT,38.99916928,-76.99521142,2025,7,11
250031335,Property Damage Crash,07/14/2025 11:45:00 AM,UNIVERSITY BLVD E,NA,"Sideswipe, Same Direction",Cloudy,Dry,Daylight,No Controls,NONE DETECTED,No,NA,NA,NA,NA,Passenger Car,Changing Lanes,30,No,2021,NISSAN,ALTIMA,38.99916928,-76.99521142,2025,7,11
250031332,Property Damage Crash,07/14/2025 11:30:00 AM,SHADY GROVE RD,NA,Angle,Clear,Dry,Daylight,No Controls,NONE DETECTED,Yes,No Apparent Injury,Failed to Yield Right-of-Way,Unknown,MD,Passenger Car,Turning Left,40,No,2011,SUBARU,B9 TRIBECA,39.10193833,-77.191098,2025,7,11
250031332,Property Damage Crash,07/14/2025 11:30:00 AM,SHADY GROVE RD,NA,Angle,Clear,Dry,Daylight,No Controls,NONE DETECTED,No,No Apparent Injury,NA,Not Distracted,MD,Passenger Car,Moving Constant Speed,40,No,2018,CHEVROLET,EQUINOX,39.10193833,-77.191098,2025,7,11
250031315,Injury Crash,07/14/2025 09:43:00 AM,KEY WEST AVE (WB/L),Cyclist (non-electric),Single Vehicle,Clear,Dry,Daylight,No Controls,NONE DETECTED,No,No Apparent Injury,NA,Not Distracted,MD,Passenger Car,Turning Right,10,No,2013,HONDA,CIVIC,39.10562749,-77.1990546,2025,7,9
250031309,Injury Crash,07/14/2025 09:14:00 AM,BRADLEY BLVD (SB/L),NA,Angle,Clear,Dry,Daylight,Traffic Control Signal,NONE DETECTED,Yes,No Apparent Injury,NA,Unknown,MD,Passenger Car,Moving Constant Speed,25,No,2016,HONDA,ACCORD,38.97834217,-77.09700333,2025,7,9
250031309,Injury Crash,07/14/2025 09:14:00 AM,BRADLEY BLVD (SB/L),NA,Angle,Clear,Dry,Daylight,Traffic Control Signal,NONE DETECTED,No,Possible Minor Injury,NA,Not Distracted,MD,Passenger Car,Moving Constant Speed,25,No,2023,CHEVROLET,BOLT EUV,38.97834217,-77.09700333,2025,7,9
250031289,Injury Crash,07/14/2025 02:14:00 AM,NA,NA,Single Vehicle,Clear,Dry,Medium,No Controls,NONE DETECTED,Yes,No Apparent Injury,"Failed to Keep in Proper Lane, Over-Correcting/Over-Steering, Ran Off Roadway, Too Fast For Conditions",Unknown,MD,Passenger Car,Moving Constant Speed,35,No,2005,TOYOTA,CAMRY,39.16081623,-77.1921159,2025,7,2
250031280,Property Damage Crash,07/14/2025 12:27:00 AM,W DIAMOND AVE,NA,Front to Rear,Clear,Dry,Medium,No Controls,ALCOHOL PRESENT,Yes,No Apparent Injury,"Operated Motor Vehicle in Inattentive, Careless, Negligent, or Erratic Manner, Other Improper Action",Unknown,MD,Passenger Car,Moving Constant Speed,35,No,2016,HONDA,CIVIC,39.14042032,-77.21014062,2025,7,0
250031272,Property Damage Crash,07/13/2025 10:15:00 PM,NA,NA,Single Vehicle,Clear,Dry,Medium,Traffic Control Signal,NONE DETECTED,No,No Apparent Injury,Other Improper Action,Unknown,MD,Passenger Car,Moving Constant Speed,35,No,2013,HONDA,ACCORD,39.13264536,-77.12141787,2025,7,22
250031270,Property Damage Crash,07/13/2025 09:55:00 PM,BEL PRE RD,NA,"Sideswipe, Same Direction",Clear,Dry,Medium,No Controls,NONE DETECTED,No,No Apparent Injury,NA,Unknown,MD,Passenger Car,Backing,35,No,2019,TOYOTA,RAV4,39.0903725,-77.05194083,2025,7,21
250031270,Property Damage Crash,07/13/2025 09:55:00 PM,BEL PRE RD,NA,"Sideswipe, Same Direction",Clear,Dry,Medium,No Controls,NONE DETECTED,No,No Apparent Injury,NA,Unknown,MD,Passenger Car,Slowing or Stopping,35,No,2015,HONDA,FIT,39.0903725,-77.05194083,2025,7,21
250031263,Injury Crash,07/13/2025 08:09:00 PM,MONTGOMERY VILLAGE AVE,NA,Rear To Side,Clear,Dry,Daylight,Traffic Control Signal,NONE DETECTED,No,Possible Minor Injury,NA,Not Distracted,MD,Passenger Car,NA,35,No,2014,TOYOTA,CAMRY,39.15443317,-77.20925491,2025,7,20
250031263,Injury Crash,07/13/2025 08:09:00 PM,MONTGOMERY VILLAGE AVE,NA,Rear To Side,Clear,Dry,Daylight,Traffic Control Signal,NONE DETECTED,Yes,Possible Minor Injury,NA,Unknown,MD,Passenger Car,Turning Left,35,No,2013,HONDA,CR-V,39.15443317,-77.20925491,2025,7,20
250031262,Property Damage Crash,07/13/2025 07:49:00 PM,ROYAL RD,NA,Single Vehicle,Clear,Dry,Medium,No Controls,NONE DETECTED,Yes,No Apparent Injury,Improper Turn,Unknown,NA,Passenger Car,Turning Right,25,No,2021,TOYOTA,RAV4,39.02935221,-76.98537011,2025,7,19
250031256,Injury Crash,07/13/2025 07:03:00 PM,RANDOLPH RD (WB/L),NA,Front to Rear,Clear,Dry,Daylight,Traffic Control Signal,NONE DETECTED,No,No Apparent Injury,NA,Not Distracted,MD,Passenger Car,Moving Constant Speed,35,No,2005,FORD,F-150,39.05341909,-77.08914097,2025,7,19
250031256,Injury Crash,07/13/2025 07:03:00 PM,RANDOLPH RD (WB/L),NA,Front to Rear,Clear,Dry,Daylight,Traffic Control Signal,NONE DETECTED,Yes,Possible Minor Injury,NA,Not Distracted,MD,Passenger Car,Moving Constant Speed,35,No,2016,JEEP,WRANGLER,39.05341909,-77.08914097,2025,7,19
250031242,Property Damage Crash,07/13/2025 05:42:00 PM,COLUMBIA PIKE,NA,Single Vehicle,Clear,Dry,Daylight,No Controls,NONE DETECTED,No,No Apparent Injury,NA,Not Distracted,VA,Passenger Car,Slowing or Stopping,45,No,2019,VOLKSWAGEN,JETTA,39.10689328,-76.93155929,2025,7,17
250031235,Injury Crash,07/13/2025 04:30:00 PM,E RANDOLPH RD (WB/L),NA,Other,Clear,Dry,Daylight,Traffic Control Signal,NONE DETECTED,No,Possible Minor Injury,NA,Not Distracted,MD,Passenger Car,Moving Constant Speed,35,No,2008,TOYOTA,COROLLA,39.0643365,-76.96919883,2025,7,16
250031235,Injury Crash,07/13/2025 04:30:00 PM,E RANDOLPH RD (WB/L),NA,Other,Clear,Dry,Daylight,Traffic Control Signal,NONE DETECTED,Yes,Possible Minor Injury,NA,Unknown,MD,Passenger Car,Turning Left,35,No,2021,TOYOTA,RAV4,39.0643365,-76.96919883,2025,7,16
250031233,Property Damage Crash,07/13/2025 04:15:00 PM,PARK RD (WB/L),NA,"Sideswipe, Same Direction",Clear,Dry,Daylight,No Controls,NONE DETECTED,No,No Apparent Injury,NA,Not Distracted,MD,Bus - Transit,Moving Constant Speed,25,No,2019,GILLIG,LOW FLOOR BUS,39.08573291,-77.14576993,2025,7,16
250031233,Property Damage Crash,07/13/2025 04:15:00 PM,PARK RD (WB/L),NA,"Sideswipe, Same Direction",Clear,Dry,Daylight,No Controls,NONE DETECTED,No,No Apparent Injury,NA,Not Distracted,MD,Passenger Car,Moving Constant Speed,25,No,2013,NISSAN,VERSA,39.08573291,-77.14576993,2025,7,16
250031211,Property Damage Crash,07/13/2025 03:00:00 PM,WOLF DR,NA,Front to Rear,Rain,Wet,Daylight,Traffic Control Signal,NONE DETECTED,No,No Apparent Injury,NA,Not Distracted,MD,Passenger Car,Turning Left,35,No,2009,HONDA,ACCORD,39.07316817,-77.00258941,2025,7,15
250031211,Property Damage Crash,07/13/2025 03:00:00 PM,WOLF DR,NA,Front to Rear,Rain,Wet,Daylight,Traffic Control Signal,NONE DETECTED,Yes,NA,NA,NA,NA,Passenger Car,Turning Left,35,No,2015,NISSAN,ROGUE,39.07316817,-77.00258941,2025,7,15
250031220,Injury Crash,07/13/2025 02:50:00 PM,E RANDOLPH RD (WB/L),NA,Front to Rear,Clear,Dry,Daylight,No Controls,NONE DETECTED,No,No Apparent Injury,NA,Not Distracted,MD,Passenger Car,Stopped in Traffic,30,No,2016,JEEP,PATRIOT,39.07505419,-76.9931781,2025,7,14
250031220,Injury Crash,07/13/2025 02:50:00 PM,E RANDOLPH RD (WB/L),NA,Front to Rear,Clear,Dry,Daylight,No Controls,NONE DETECTED,Yes,No Apparent Injury,Other Improper Action,Not Distracted,MD,Passenger Car,Slowing or Stopping,30,No,2012,HYUNDAI,TUCSON,39.07505419,-76.9931781,2025,7,14
250031214,Property Damage Crash,07/13/2025 02:45:00 PM,NA,NA,Angle,Clear,NA,Daylight,NA,NONE DETECTED,No,No Apparent Injury,NA,Not Distracted,MD,Sport Utility Vehicle,Slowing or Stopping,0,No,2016,NISSAN,ROGUE,39.17523733,-77.27126517,2025,7,14
250031214,Property Damage Crash,07/13/2025 02:45:00 PM,NA,NA,Angle,Clear,NA,Daylight,NA,NONE DETECTED,Yes,No Apparent Injury,Improper Backing,Unknown,MD,Sport Utility Vehicle,Backing,0,No,2016,TOYOTA,RAV4,39.17523733,-77.27126517,2025,7,14
250013216,Injury Crash,07/13/2025 02:39:00 PM,NEW HAMPSHIRE AVE (SB/L),NA,Front to Rear,Clear,Wet,Daylight,Traffic Control Signal,NONE DETECTED,No,NA,NA,NA,NA,Passenger Car,Moving Constant Speed,35,No,2015,NISSAN,ROGUE,39.07350511,-77.00268468,2025,7,14
250013216,Injury Crash,07/13/2025 02:39:00 PM,NEW HAMPSHIRE AVE (SB/L),NA,Front to Rear,Clear,Wet,Daylight,Traffic Control Signal,NONE DETECTED,No,No Apparent Injury,NA,Not Distracted,MD,Passenger Car,Slowing or Stopping,35,No,2014,HONDA,ODYSSEY,39.07350511,-77.00268468,2025,7,14
250031217,Property Damage Crash,07/13/2025 02:30:00 PM,JACKSON RD,NA,Single Vehicle,Clear,Dry,Daylight,No Controls,NONE DETECTED,No,NA,NA,NA,NA,Sport Utility Vehicle,Turning Left,25,No,2015,NISSAN,ROGUE,39.05529223,-76.99532074,2025,7,14
250031208,Injury Crash,07/13/2025 02:26:00 PM,MUNCASTER MILL RD,NA,Front to Rear,Rain,Wet,Daylight,No Controls,NONE DETECTED,No,No Apparent Injury,NA,Not Distracted,MD,Sport Utility Vehicle,Slowing or Stopping,35,No,2015,HONDA,PILOT,39.15645783,-77.15670617,2025,7,14
250031208,Injury Crash,07/13/2025 02:26:00 PM,MUNCASTER MILL RD,NA,Front to Rear,Rain,Wet,Daylight,No Controls,NONE DETECTED,Yes,No Apparent Injury,Too Fast For Conditions,Unknown,MD,Passenger Car,Moving Constant Speed,35,No,2015,NISSAN,VERSA NOTE,39.15645783,-77.15670617,2025,7,14
250031205,Property Damage Crash,07/13/2025 01:45:00 PM,TWINBROOK PKWY,NA,Front to Rear,Rain,Wet,Daylight,Traffic Control Signal,NONE DETECTED,Yes,No Apparent Injury,"Followed Too Closely, Too Fast For Conditions",Unknown,XX,Sport Utility Vehicle,Slowing or Stopping,35,No,2010,SUBARU,FORESTER,39.0718295,-77.11318917,2025,7,13
250031205,Property Damage Crash,07/13/2025 01:45:00 PM,TWINBROOK PKWY,NA,Front to Rear,Rain,Wet,Daylight,Traffic Control Signal,NONE DETECTED,No,No Apparent Injury,NA,Not Distracted,MD,Sport Utility Vehicle,Slowing or Stopping,35,No,2022,TOYOTA,RAV4,39.0718295,-77.11318917,2025,7,13
250030894,Property Damage Crash,07/13/2025 01:35:00 PM,NA,NA,Front to Rear,Clear,Dry,Daylight,Traffic Control Signal,NONE DETECTED,No,No Apparent Injury,NA,Not Distracted,MD,Passenger Car,NA,30,No,2009,VOLVO,S40,39.14743034,-77.20575347,2025,7,13
250030894,Property Damage Crash,07/13/2025 01:35:00 PM,NA,NA,Front to Rear,Clear,Dry,Daylight,Traffic Control Signal,NONE DETECTED,No,No Apparent Injury,NA,Not Distracted,MD,All-Terrain Vehicle/All-Terrain Cycle (ATV/ATC),NA,30,No,2011,NISSAN,ROGUE,39.14743034,-77.20575347,2025,7,13
250031193,Property Damage Crash,07/13/2025 12:10:00 PM,NA,NA,Front to Rear,Clear,Dry,Daylight,No Controls,NONE DETECTED,No,No Apparent Injury,NA,Not Distracted,MD,Passenger Car,Moving Constant Speed,30,No,2016,TOYOTA,CAMRY,39.16825017,-77.21033433,2025,7,12
250031193,Property Damage Crash,07/13/2025 12:10:00 PM,NA,NA,Front to Rear,Clear,Dry,Daylight,No Controls,NONE DETECTED,Yes,No Apparent Injury,Other Improper Action,Unknown,MD,Passenger Car,Entering Traffic Lane,30,No,2019,TOYOTA,PRIUS,39.16825017,-77.21033433,2025,7,12
250031188,Property Damage Crash,07/13/2025 11:28:00 AM,NA,NA,Rear To Side,Clear,NA,Daylight,NA,NONE DETECTED,Yes,No Apparent Injury,NA,NA,NA,Passenger Car,Turning Left,0,No,0,NA,NA,39.08169234,-76.94602914,2025,7,11
250031188,Property Damage Crash,07/13/2025 11:28:00 AM,NA,NA,Rear To Side,Clear,NA,Daylight,NA,NONE DETECTED,No,No Apparent Injury,NA,Not Distracted,MD,Sport Utility Vehicle,Stopped in Traffic,0,No,2018,HYUNDAI,TUCSON,39.08169234,-76.94602914,2025,7,11
250031176,Property Damage Crash,07/13/2025 10:30:00 AM,QUAIL VALLEY BLVD,NA,"Sideswipe, Same Direction",Clear,Dry,Daylight,Stop Sign,NONE DETECTED,Yes,No Apparent Injury,Other Improper Action,Not Distracted,MD,Bus - Transit,Slowing or Stopping,25,No,2017,GILLIG,LOW FLOOR BUS,39.16508285,-77.18562511,2025,7,10
250031174,Injury Crash,07/13/2025 10:10:00 AM,BUREAU DR,NA,Angle,Clear,Dry,Daylight,Stop Sign,NONE DETECTED,Yes,No Apparent Injury,NA,Unknown,MD,Passenger Car,Entering Traffic Lane,25,No,2018,HYUNDAI,TUCSON,39.14304228,-77.21724719,2025,7,10
250031174,Injury Crash,07/13/2025 10:10:00 AM,BUREAU DR,NA,Angle,Clear,Dry,Daylight,No Controls,NONE DETECTED,No,Possible Minor Injury,NA,Unknown,MD,Passenger Car,Moving Constant Speed,25,No,2010,ACURA,RDX,39.14304228,-77.21724719,2025,7,10
250031165,Property Damage Crash,07/13/2025 08:22:00 AM,OLD COLUMBIA PIKE,NA,Single Vehicle,Clear,Dry,Daylight,No Controls,NONE DETECTED,Yes,No Apparent Injury,NA,Talking/listening,MD,Passenger Car,Turning Left,25,No,2014,TOYOTA,COROLLA,39.0526913,-76.97590045,2025,7,8
250031159,Property Damage Crash,07/13/2025 06:42:00 AM,KINGSTEAD RD,NA,Single Vehicle,Clear,Dry,Daylight,No Controls,NONE DETECTED,Yes,No Apparent Injury,Ran Off Roadway,Not Distracted,MD,Passenger Car,Moving Constant Speed,25,No,2014,TOYOTA,CAMRY,39.26887956,-77.24376669,2025,7,6
250031155,Property Damage Crash,07/13/2025 03:36:00 AM,NA,NA,Single Vehicle,Clear,Dry,Medium,No Controls,NONE DETECTED,No,No Apparent Injury,NA,Not Distracted,MD,Passenger Car,Negotiating a Curve,35,No,2013,TOYOTA,CAMRY,39.11111899,-76.95026479,2025,7,3
250031147,Injury Crash,07/13/2025 01:24:00 AM,RAMP 1 FR RAMP 4 (FR IS270) TO RIDGE RD,NA,Angle,Clear,Dry,Medium,Flashing Traffic Control Signal,NONE DETECTED,Yes,No Apparent Injury,Failed to Yield Right-of-Way,Not Distracted,MD,Passenger Car,Turning Left,45,No,2015,TOYOTA,COROLLA,39.19879833,-77.26078833,2025,7,1
250031147,Injury Crash,07/13/2025 01:24:00 AM,RAMP 1 FR RAMP 4 (FR IS270) TO RIDGE RD,NA,Angle,Clear,Dry,Medium,Flashing Traffic Control Signal,NONE DETECTED,No,No Apparent Injury,NA,Not Distracted,MD,Passenger Car,Moving Constant Speed,45,No,2013,BMW,328I,39.19879833,-77.26078833,2025,7,1
250031130,Property Damage Crash,07/12/2025 09:12:00 PM,CRABBS BRANCH WAY,NA,Front to Front,Clear,Dry,Medium,Traffic Control Signal,NONE DETECTED,No,No Apparent Injury,NA,Not Distracted,MD,Pickup,Turning Left,35,No,2017,FORD,F-150,39.10651435,-77.15228426,2025,7,21
250031130,Property Damage Crash,07/12/2025 09:12:00 PM,CRABBS BRANCH WAY,NA,Front to Front,Clear,Dry,Medium,Traffic Control Signal,NONE DETECTED,Yes,No Apparent Injury,"Disregarded Other Road Markings, Failed to Keep in Proper Lane, Improper Turn, Operated Motor Vehicle in Inattentive, Careless, Negligent, or Erratic Manner, Other Improper Action",Unknown,NA,Passenger Car,Turning Left,35,No,2011,HYUNDAI,ELANTRA,39.10651435,-77.15228426,2025,7,21
250031126,Property Damage Crash,07/12/2025 08:46:00 PM,FENTON ST,NA,Single Vehicle,Clear,Dry,Medium,Traffic Control Signal,NONE DETECTED,Yes,No Apparent Injury,NA,Not Distracted,MD,Other,Slowing or Stopping,25,No,2009,SPARTAN MOTORS CHASS,GLADIATOR,38.99428167,-77.02416133,2025,7,20
250031162,Property Damage Crash,07/12/2025 08:45:00 PM,NA,NA,Unknown,Clear,NA,Daylight,NA,NONE DETECTED,No,NA,NA,NA,NA,Passenger Car,Moving Constant Speed,0,No,2008,MAZDA,MAZDA3,39.0898904,-77.0682819,2025,7,20
250031121,Injury Crash,07/12/2025 08:10:00 PM,NA,NA,"Sideswipe, Same Direction",Rain,Wet,Medium,No Controls,NONE DETECTED,No,Possible Minor Injury,NA,Not Distracted,MD,Moped Or motorized bicycle,Moving Constant Speed,30,No,2023,ZNEN,UNKNOWN,38.99487003,-77.0253364,2025,7,20
250031121,Injury Crash,07/12/2025 08:10:00 PM,NA,NA,"Sideswipe, Same Direction",Rain,Wet,Medium,No Controls,NONE DETECTED,No,No Apparent Injury,NA,Not Distracted,MD,Sport Utility Vehicle,Turning Left,30,No,2015,MERCEDES-BENZ,GLK-CLASS,38.99487003,-77.0253364,2025,7,20
250031122,Injury Crash,07/12/2025 08:02:00 PM,GLENSTONE BLDG 6 7 8 ENT,Cyclist (Electric),Single Vehicle,Clear,Dry,Daylight,No Controls,NONE DETECTED,Yes,No Apparent Injury,NA,Not Distracted,MD,Passenger Car,Overtaking/Passing,30,No,2019,VOLKSWAGEN,JETTA,39.06304122,-77.25090093,2025,7,20
250031118,Property Damage Crash,07/12/2025 07:40:00 PM,STONEYBROOK DR,NA,"Sideswipe, Opposite Direction",Cloudy,Wet,Daylight,No Controls,NONE DETECTED,Yes,No Apparent Injury,Wrong Side,Not Distracted,MD,Truck Tractor,Negotiating a Curve,25,No,2021,FREIGHTLINER,CASCADIA,39.02080999,-77.06286519,2025,7,19
250031118,Property Damage Crash,07/12/2025 07:40:00 PM,STONEYBROOK DR,NA,"Sideswipe, Opposite Direction",Cloudy,Wet,Daylight,No Controls,NONE DETECTED,No,No Apparent Injury,NA,Unknown,MD,Passenger Car,Negotiating a Curve,25,No,2023,NISSAN,ROGUE,39.02080999,-77.06286519,2025,7,19
250031112,Property Damage Crash,07/12/2025 07:17:00 PM,BOU AVE,NA,Angle,Clear,Dry,Daylight,Traffic Control Signal,NONE DETECTED,No,No Apparent Injury,NA,Not Distracted,FL,Passenger Car,Moving Constant Speed,35,No,2025,LEXUS,RX,39.05621931,-77.11908247,2025,7,19
250031112,Property Damage Crash,07/12/2025 07:17:00 PM,BOU AVE,NA,Angle,Clear,Dry,Daylight,Traffic Control Signal,NONE DETECTED,Yes,No Apparent Injury,NA,Unknown,DC,Passenger Car,Turning Left,35,No,2019,BUICK,ENCORE,39.05621931,-77.11908247,2025,7,19
250031110,Property Damage Crash,07/12/2025 06:30:00 PM,NA,NA,Rear To Side,Cloudy,Wet,Daylight,No Controls,NONE DETECTED,Yes,No Apparent Injury,"Operated Motor Vehicle in Inattentive, Careless, Negligent, or Erratic Manner",Unknown,MD,Passenger Car,Overtaking/Passing,40,No,2013,MERCEDES-BENZ,E-CLASS,39.10354717,-77.22520633,2025,7,18
250031110,Property Damage Crash,07/12/2025 06:30:00 PM,NA,NA,Rear To Side,Cloudy,Wet,Daylight,No Controls,NONE DETECTED,No,No Apparent Injury,NA,Not Distracted,MD,Passenger Car,Moving Constant Speed,40,No,2011,TOYOTA,CAMRY,39.10354717,-77.22520633,2025,7,18
250031106,Property Damage Crash,07/12/2025 06:25:00 PM,NEW HAMPSHIRE AVE,NA,Front to Rear,Cloudy,Dry,Daylight,No Controls,NONE DETECTED,No,No Apparent Injury,NA,Not Distracted,MD,Passenger Car,Moving Constant Speed,40,No,2018,TOYOTA,HIGHLANDER,39.04735439,-76.99267157,2025,7,18
250031106,Property Damage Crash,07/12/2025 06:25:00 PM,NEW HAMPSHIRE AVE,NA,Front to Rear,Cloudy,Dry,Daylight,No Controls,NONE DETECTED,No,NA,NA,NA,NA,NA,NA,40,No,0,NA,NA,39.04735439,-76.99267157,2025,7,18
240031104,Property Damage Crash,07/12/2025 06:16:00 PM,COOLIDGE AVE,NA,Angle,Clear,Dry,Daylight,No Controls,NONE DETECTED,No,NA,Other Improper Action,NA,NA,Passenger Car,Moving Constant Speed,25,No,2006,TOYOTA,RAV4,39.11518029,-77.06859685,2025,7,18
250031113,Property Damage Crash,07/12/2025 05:27:00 PM,NA,NA,"Sideswipe, Same Direction",Cloudy,NA,Daylight,NA,NONE DETECTED,No,NA,NA,NA,NA,Van - Passenger (&lt;9 Seats),Accelerating,0,No,2021,FORD,TRANSIT,39.07263306,-77.27484233,2025,7,17
250031095,Injury Crash,07/12/2025 05:01:00 PM,SLIGO AVE,NA,Other,Clear,Dry,Daylight,No Controls,NONE DETECTED,No,No Apparent Injury,NA,Not Distracted,MD,Other Trucks,Turning Left,30,No,2021,FORD,COMMERCIAL CHASSIS,38.9906989,-77.01661385,2025,7,17
250031095,Injury Crash,07/12/2025 05:01:00 PM,SLIGO AVE,NA,Other,Clear,Dry,Daylight,No Controls,NONE DETECTED,Yes,Possible Minor Injury,"Failed to Yield Right-of-Way, Improper Passing, Wrong Side",Not Distracted,MD,Sport Utility Vehicle,Overtaking/Passing,30,No,2025,MERCEDES-BENZ,GLC-CLASS,38.9906989,-77.01661385,2025,7,17
250031101,Property Damage Crash,07/12/2025 05:00:00 PM,GEORGIA AVE (SB/L),NA,"Sideswipe, Same Direction",Rain,Wet,Daylight,No Controls,NONE DETECTED,No,No Apparent Injury,NA,Not Distracted,MD,Bus - Transit,Moving Constant Speed,35,No,2013,NEW FLYER,XCELSIOR,39.0597937,-77.050813110000007,2025,7,17
250031101,Property Damage Crash,07/12/2025 05:00:00 PM,GEORGIA AVE (SB/L),NA,"Sideswipe, Same Direction",Rain,Wet,Daylight,No Controls,NONE DETECTED,No,No Apparent Injury,NA,NA,NA,Passenger Car,Changing Lanes,35,No,0,NA,NA,39.0597937,-77.050813110000007,2025,7,17
250031092,Property Damage Crash,07/12/2025 04:15:00 PM,GEORGIA AVE,NA,"Sideswipe, Same Direction",Clear,Dry,Daylight,No Controls,NONE DETECTED,No,No Apparent Injury,NA,Not Distracted,NJ,Pickup,NA,25,No,2020,CHEVROLET,SILVERADO,38.99792333,-77.030305,2025,7,16
250031092,Property Damage Crash,07/12/2025 04:15:00 PM,GEORGIA AVE,NA,"Sideswipe, Same Direction",Clear,Dry,Daylight,No Controls,NONE DETECTED,No,No Apparent Injury,NA,Not Distracted,MD,Bus - Transit,NA,25,No,2012,NEW FLYER,XCELSIOR,38.99792333,-77.030305,2025,7,16
250031086,Property Damage Crash,07/12/2025 03:34:00 PM,CLARKSBURG RD,NA,Front to Front,Rain,Wet,Daylight,No Controls,NONE DETECTED,No,No Apparent Injury,Wrong Way,Not Distracted,MD,Sport Utility Vehicle,Moving Constant Speed,40,No,2017,FORD,EXPLORER,39.26155117,-77.28083517,2025,7,15
250031086,Property Damage Crash,07/12/2025 03:34:00 PM,CLARKSBURG RD,NA,Front to Front,Rain,Wet,Daylight,No Controls,NONE DETECTED,No,No Apparent Injury,NA,Not Distracted,MD,Passenger Car,Moving Constant Speed,40,No,2018,TOYOTA,CAMRY,39.26155117,-77.28083517,2025,7,15
250031090,Property Damage Crash,07/12/2025 03:32:00 PM,FLOWER HILL WAY,NA,"Sideswipe, Same Direction",Clear,Dry,Daylight,No Controls,NONE DETECTED,Yes,No Apparent Injury,"Over-Correcting/Over-Steering, Swerved or Avoided Due to Wind, Slippery Surface, Motor Vehicle, Object, Non-Motorist in Roadway, etc",Unknown,MD,Passenger Car,Moving Constant Speed,25,No,2015,CHRYSLER,200,39.15731233,-77.16780017,2025,7,15
250031085,Property Damage Crash,07/12/2025 03:30:00 PM,E RANDOLPH RD (WB/L),NA,Front to Rear,Clear,Dry,Daylight,No Controls,NONE DETECTED,Yes,No Apparent Injury,NA,Not Distracted,MD,Passenger Car,Accelerating,35,No,2009,TOYOTA,COROLLA,39.06743733,-76.9854415,2025,7,15
250031084,Injury Crash,07/12/2025 03:30:00 PM,ROCKVILLE PIKE (SB/L),NA,"Sideswipe, Same Direction",Clear,Dry,Daylight,No Controls,NONE DETECTED,No,No Apparent Injury,"Improper Turn, Wrong Side, Wrong Way",Not Distracted,MD,Passenger Car,Changing Lanes,30,No,2020,JEEP,GRAND CHEROKEE,39.08157671,-77.14607334,2025,7,15
250031085,Property Damage Crash,07/12/2025 03:30:00 PM,E RANDOLPH RD (WB/L),NA,Front to Rear,Clear,Dry,Daylight,No Controls,NONE DETECTED,No,No Apparent Injury,NA,Not Distracted,MD,Bus - Transit,Slowing or Stopping,35,No,2013,NEW FLYER,XCELSIOR,39.06743733,-76.9854415,2025,7,15
250031084,Injury Crash,07/12/2025 03:30:00 PM,ROCKVILLE PIKE (SB/L),NA,"Sideswipe, Same Direction",Clear,Dry,Daylight,Traffic Control Signal,NONE DETECTED,No,Possible Minor Injury,NA,Not Distracted,MD,Passenger Car,Moving Constant Speed,30,No,2011,TOYOTA,CAMRY,39.08157671,-77.14607334,2025,7,15
250031082,Injury Crash,07/12/2025 03:05:00 PM,COLESVILLE RD,NA,Front to Rear,Clear,Dry,Daylight,No Controls,NONE DETECTED,Yes,No Apparent Injury,NA,Not Distracted,MD,Sport Utility Vehicle,Slowing or Stopping,35,No,2021,JEEP,COMPASS,39.02905504,-77.00746914,2025,7,15