Local Case Number,ACRS Report Type,Crash Date/Time,Road Name,Related Non-Motorist,Collision Type,Weather,Surface Condition,Light,Traffic Control,Driver Substance Abuse,Driver At Fault,Injury Severity,Circumstance,Driver Distracted By,Drivers License State,Vehicle Body Type,Vehicle Movement,Speed Limit,Driverless Vehicle,Vehicle Year,Vehicle Make,Vehicle Model,Latitude,Longitude,Year,Month,Hour
250031082,Injury Crash,07/12/2025 03:05:00 PM,COLESVILLE RD,NA,Front to Rear,Clear,Dry,Daylight,No Controls,NONE DETECTED,No,Possible Minor Injury,NA,Not Distracted,MD,Sport Utility Vehicle,Slowing or Stopping,35,No,2024,HONDA,PROLOGUE,39.02905504,-77.00746914,2025,7,15
250031083,Property Damage Crash,07/12/2025 03:00:00 PM,NA,NA,"Sideswipe, Same Direction",Clear,Dry,Daylight,No Controls,NONE DETECTED,No,No Apparent Injury,NA,Not Distracted,MD,Passenger Car,Moving Constant Speed,35,No,2022,LEXUS,RX,39.1495997,-77.01158622,2025,7,15
250031083,Property Damage Crash,07/12/2025 03:00:00 PM,NA,NA,"Sideswipe, Same Direction",Clear,Dry,Daylight,No Controls,NONE DETECTED,No,NA,NA,NA,NA,NA,Moving Constant Speed,35,No,0,NA,NA,39.1495997,-77.01158622,2025,7,15
250031077,Property Damage Crash,07/12/2025 02:45:00 PM,DARNESTOWN RD,NA,Angle,Clear,Dry,Daylight,No Controls,NONE DETECTED,No,No Apparent Injury,NA,Not Distracted,MD,Sport Utility Vehicle,Moving Constant Speed,40,No,2001,TOYOTA,4-RUNNER,39.10319916,-77.22399301,2025,7,14
250031077,Property Damage Crash,07/12/2025 02:45:00 PM,DARNESTOWN RD,NA,Angle,Clear,Dry,Daylight,No Controls,NONE DETECTED,Yes,No Apparent Injury,NA,Not Distracted,VA,Sport Utility Vehicle,Turning Left,40,No,2016,TOYOTA,RAV4,39.10319916,-77.22399301,2025,7,14
250031079,Property Damage Crash,07/12/2025 02:45:00 PM,NA,NA,Front to Front,Rain,Wet,Daylight,Traffic Control Signal,NONE DETECTED,No,No Apparent Injury,NA,Not Distracted,MD,Passenger Car,Moving Constant Speed,35,No,2013,NISSAN,VERSA,39.0794867,-76.94515719,2025,7,14
250031079,Property Damage Crash,07/12/2025 02:45:00 PM,NA,NA,Front to Front,Rain,Wet,Daylight,Traffic Control Signal,NONE DETECTED,Yes,No Apparent Injury,NA,Not Distracted,WA,Passenger Car,Negotiating a Curve,35,No,2000,FORD,F-250,39.0794867,-76.94515719,2025,7,14
250031076,Property Damage Crash,07/12/2025 02:12:00 PM,WISTERIA DR,NA,Front to Rear,Clear,Dry,Daylight,Traffic Control Signal,NONE DETECTED,No,No Apparent Injury,NA,Unknown,MD,Passenger Car,Turning Right,40,No,2018,ACURA,RDX,39.17686991,-77.27026645,2025,7,14
250031076,Property Damage Crash,07/12/2025 02:12:00 PM,WISTERIA DR,NA,Front to Rear,Clear,Dry,Daylight,Traffic Control Signal,NONE DETECTED,No,NA,NA,NA,NA,NA,Moving Constant Speed,40,No,0,NA,NA,39.17686991,-77.27026645,2025,7,14
250031067,Injury Crash,07/12/2025 02:00:00 PM,NA,Cyclist (non-electric),Single Vehicle,Cloudy,Dry,Daylight,Traffic Control Signal,NONE DETECTED,Yes,No Apparent Injury,Failed to Yield Right-of-Way,Not Distracted,MD,Passenger Car,Slowing or Stopping,35,No,2003,FORD,E-250,39.0394784,-76.99073258,2025,7,14
250031043,Injury Crash,07/12/2025 11:17:00 AM,VEIRS MILL RD,NA,Angle,Clear,Dry,Daylight,Traffic Control Signal,NONE DETECTED,Yes,No Apparent Injury,Ran Red Light,Not Distracted,MD,Sport Utility Vehicle,Slowing or Stopping,35,No,2022,TOYOTA,4-RUNNER,39.04512624,-77.06514072,2025,7,11
250031043,Injury Crash,07/12/2025 11:17:00 AM,VEIRS MILL RD,NA,Angle,Clear,Dry,Daylight,Traffic Control Signal,NONE DETECTED,No,Possible Minor Injury,NA,Not Distracted,AZ,Pickup,Accelerating,25,No,2020,CHEVROLET,COLORADO,39.04512624,-77.06514072,2025,7,11
250031030,Property Damage Crash,07/12/2025 08:25:00 AM,ASTON MANOR DR,NA,"Sideswipe, Opposite Direction",Clear,Dry,Daylight,No Controls,NONE DETECTED,Yes,No Apparent Injury,Improper Turn,Not Distracted,MD,Passenger Car,Turning Left,40,No,2016,HONDA,CR-V,39.07582927,-76.94099541,2025,7,8
250031030,Property Damage Crash,07/12/2025 08:25:00 AM,ASTON MANOR DR,NA,"Sideswipe, Opposite Direction",Clear,Dry,Daylight,No Controls,NONE DETECTED,No,No Apparent Injury,NA,Not Distracted,MD,Passenger Car,Moving Constant Speed,40,No,2013,INFINITI,G37,39.07582927,-76.94099541,2025,7,8
250031028,Property Damage Crash,07/12/2025 08:07:00 AM,GEORGIA AVE,NA,"Sideswipe, Same Direction",Clear,Dry,Daylight,No Controls,NONE DETECTED,No,No Apparent Injury,NA,Not Distracted,DC,Bus - Transit,Changing Lanes,30,No,2021,NEW FLYER,XCELSIOR,38.99403099,-77.02660327,2025,7,8
250031028,Property Damage Crash,07/12/2025 08:07:00 AM,GEORGIA AVE,NA,"Sideswipe, Same Direction",Clear,Dry,Daylight,No Controls,NONE DETECTED,No,NA,NA,NA,NA,NA,Moving Constant Speed,30,No,0,NA,NA,38.99403099,-77.02660327,2025,7,8
250031027,Property Damage Crash,07/12/2025 08:04:00 AM,FINGERBOARD RD (WB/L),NA,Single Vehicle,Clear,Dry,Daylight,No Controls,NONE DETECTED,No,No Apparent Injury,NA,"Other Action (looking away from task, etc.)",MD,Passenger Car,Moving Constant Speed,30,No,2024,SUBARU,IMPREZA,39.34748167,-77.27941,2025,7,8
250031021,Property Damage Crash,07/12/2025 06:54:00 AM,MARINELLI RD,NA,"Sideswipe, Same Direction",Clear,Dry,Daylight,No Controls,NONE DETECTED,Yes,No Apparent Injury,NA,Not Distracted,DC,Passenger Car,Moving Constant Speed,30,No,2007,BMW,328I,39.04766883,-77.10877117,2025,7,6
250031021,Property Damage Crash,07/12/2025 06:54:00 AM,MARINELLI RD,NA,"Sideswipe, Same Direction",Clear,Dry,Daylight,No Controls,NONE DETECTED,No,No Apparent Injury,NA,Not Distracted,MD,Passenger Car,Entering Traffic Lane,30,No,2010,NISSAN,370Z,39.04766883,-77.10877117,2025,7,6
250031019,Property Damage Crash,07/12/2025 06:38:00 AM,E SCHUYLER RD,NA,Angle,Clear,Dry,Daylight,No Controls,NONE DETECTED,Yes,No Apparent Injury,NA,Not Distracted,MD,Sport Utility Vehicle,Turning Left,35,No,2018,NISSAN,ROGUE SPORT,39.0080941,-76.99849379,2025,7,6
250031019,Property Damage Crash,07/12/2025 06:38:00 AM,E SCHUYLER RD,NA,Angle,Clear,Dry,Daylight,No Controls,NONE DETECTED,No,No Apparent Injury,NA,Not Distracted,MD,Sport Utility Vehicle,Moving Constant Speed,35,No,2024,MITSUBISHI,ECLIPSE CROSS,39.0080941,-76.99849379,2025,7,6
250031009,Property Damage Crash,07/12/2025 04:09:00 AM,VENICE DR,NA,Front to Front,Clear,Dry,Dark,No Controls,NONE DETECTED,No,NA,NA,NA,NA,Passenger Car,NA,25,No,2025,HYUNDAI,TUCSON,39.0618236,-76.99591773,2025,7,4
250031007,Property Damage Crash,07/12/2025 03:41:00 AM,PERRY PKWY,NA,Single Vehicle,Clear,Dry,Medium,No Controls,ALCOHOL PRESENT,Yes,No Apparent Injury,"Failed to Keep in Proper Lane, Operated Motor Vehicle in Inattentive, Careless, Negligent, or Erratic Manner, Operated Motor Vehicle in Reckless or Aggressive Manner, Other Improper Action, Over-Correcting/Over-Steering, Ran Off Roadway, Wrong Way",Unknown,MD,Passenger Car,Moving Constant Speed,30,No,2026,BMW,M4,39.14379008,-77.21235648,2025,7,3
250031006,Injury Crash,07/12/2025 02:51:00 AM,NEW HAMPSHIRE AVE (SB/L),NA,"Sideswipe, Same Direction",Clear,Dry,Medium,Intersection Ahead Warning Sign,NONE DETECTED,No,Possible Minor Injury,NA,Not Distracted,MD,Passenger Car,Moving Constant Speed,25,No,2015,HONDA,ACCORD,38.97542766,-76.99419903,2025,7,2
250031006,Injury Crash,07/12/2025 02:51:00 AM,NEW HAMPSHIRE AVE (SB/L),NA,"Sideswipe, Same Direction",Clear,Dry,Medium,Intersection Ahead Warning Sign,NONE DETECTED,No,No Apparent Injury,"Failed to Keep in Proper Lane, Operated Motor Vehicle in Inattentive, Careless, Negligent, or Erratic Manner",Not Distracted,MD,Passenger Car,Moving Constant Speed,20,No,2024,DODGE,DURANGO,38.97542766,-76.99419903,2025,7,2
250031002,Injury Crash,07/12/2025 01:47:00 AM,CHESTNUT ST,NA,Angle,Clear,Dry,Medium,Flashing Traffic Control Signal,NONE DETECTED,No,Suspected Serious Injury,NA,Not Distracted,MD,Sport Utility Vehicle,Moving Constant Speed,35,No,2019,TOYOTA,4-RUNNER,39.14029416,-77.20486519,2025,7,1
250031002,Injury Crash,07/12/2025 01:47:00 AM,CHESTNUT ST,NA,Angle,Clear,Dry,Medium,Flashing Traffic Control Signal,ALCOHOL PRESENT,No,No Apparent Injury,NA,Unknown,MD,Van - Passenger (&lt;9 Seats),Moving Constant Speed,35,No,2003,DODGE,CARAVAN/GRAND CARAVAN,39.14029416,-77.20486519,2025,7,1
250030995,Property Damage Crash,07/11/2025 11:50:00 PM,NA,NA,Rear To Side,Clear,NA,Medium,NA,NONE DETECTED,No,No Apparent Injury,NA,Not Distracted,MD,Passenger Car,Parked,0,No,2021,HONDA,CIVIC,38.99270224,-76.99202862,2025,7,23
250030995,Property Damage Crash,07/11/2025 11:50:00 PM,NA,NA,Rear To Side,Clear,NA,Medium,NA,NONE DETECTED,Yes,No Apparent Injury,NA,Unknown,NA,Passenger Car,Backing,0,No,1999,MAZDA,PROTEGE,38.99270224,-76.99202862,2025,7,23
250030992,Property Damage Crash,07/11/2025 11:30:00 PM,NA,NA,Angle,Clear,NA,Dark,NA,NONE DETECTED,No,NA,NA,NA,NA,Passenger Car,Moving Constant Speed,0,No,2008,HONDA,ACCORD,38.9965457,-77.00230269,2025,7,23
250030992,Property Damage Crash,07/11/2025 11:30:00 PM,NA,NA,Angle,Clear,NA,Dark,NA,NONE DETECTED,No,No Apparent Injury,NA,Not Distracted,MD,Passenger Car,Backing,0,No,2016,VOLKSWAGEN,JETTA,38.9965457,-77.00230269,2025,7,23
250030988,Property Damage Crash,07/11/2025 10:45:00 PM,NA,NA,Single Vehicle,Clear,Dry,Medium,No Controls,NONE DETECTED,No,No Apparent Injury,NA,Not Distracted,MD,Passenger Car,Moving Constant Speed,35,No,2020,HONDA,CR-V,39.11643533,-76.96622283,2025,7,22
250030986,Injury Crash,07/11/2025 10:42:00 PM,GERMANTOWN RD (SB/L),NA,Front to Rear,Clear,Dry,Medium,Traffic Control Signal,NONE DETECTED,No,Possible Minor Injury,NA,Not Distracted,MD,Passenger Car,Stopped in Traffic,40,No,2013,CHEVROLET,CRUZE,39.18334897,-77.25709491,2025,7,22
250030986,Injury Crash,07/11/2025 10:42:00 PM,GERMANTOWN RD (SB/L),NA,Front to Rear,Clear,Dry,Medium,Traffic Control Signal,NONE DETECTED,No,Possible Minor Injury,NA,Unknown,MD,Passenger Car,Moving Constant Speed,40,No,2006,ACURA,TSX,39.18334897,-77.25709491,2025,7,22
250030983,Property Damage Crash,07/11/2025 10:15:00 PM,NEW HAMPSHIRE AVE SER RD,Pedestrian,Single Vehicle,Clear,Dry,Medium,No Controls,NONE DETECTED,No,NA,NA,NA,NA,Passenger Car,Accelerating,15,No,2013,FORD,F-150,39.01174409,-76.97866377,2025,7,22
250030980,Property Damage Crash,07/11/2025 10:09:00 PM,NA,NA,Front to Rear,Clear,Dry,Medium,Traffic Control Signal,NONE DETECTED,Yes,No Apparent Injury,"Followed Too Closely, Other Improper Action",Not Distracted,MD,Passenger Car,Moving Constant Speed,30,No,2013,BUICK,VERANO,39.28465167,-77.2101195,2025,7,22
250030980,Property Damage Crash,07/11/2025 10:09:00 PM,NA,NA,Front to Rear,Clear,Dry,Medium,Traffic Control Signal,NONE DETECTED,No,No Apparent Injury,NA,Not Distracted,MD,Passenger Car,Stopped in Traffic,30,No,2018,TESLA,MODEL 3,39.28465167,-77.2101195,2025,7,22
250030980,Property Damage Crash,07/11/2025 10:09:00 PM,NA,NA,Front to Rear,Clear,Dry,Medium,Traffic Control Signal,NONE DETECTED,No,No Apparent Injury,NA,Not Distracted,MD,Passenger Car,Stopped in Traffic,30,No,2015,LEXUS,RX,39.28465167,-77.2101195,2025,7,22
250030980,Property Damage Crash,07/11/2025 10:09:00 PM,NA,NA,Front to Rear,Clear,Dry,Medium,Traffic Control Signal,NONE DETECTED,No,No Apparent Injury,NA,Not Distracted,MD,Passenger Car,Stopped in Traffic,30,No,2010,CHEVROLET,SILVERADO,39.28465167,-77.2101195,2025,7,22
250030981,Property Damage Crash,07/11/2025 10:07:00 PM,CLARKSBURG RD (SB/L),NA,Rear To Side,Clear,Dry,Medium,Traffic Control Signal,NONE DETECTED,Yes,No Apparent Injury,"Failed to Yield Right-of-Way, Improper Turn",Not Distracted,VA,Sport Utility Vehicle,Turning Left,40,No,2024,KIA,EV9,39.2310725,-77.28584333,2025,7,22
250030981,Property Damage Crash,07/11/2025 10:07:00 PM,CLARKSBURG RD (SB/L),NA,Rear To Side,Clear,Dry,Medium,Traffic Control Signal,NONE DETECTED,No,No Apparent Injury,NA,Not Distracted,MD,Sport Utility Vehicle,Moving Constant Speed,40,No,2023,TOYOTA,HIGHLANDER,39.2310725,-77.28584333,2025,7,22
250030974,Property Damage Crash,07/11/2025 08:51:00 PM,KENTUCKY AVE,NA,Angle,Clear,Dry,Dark,No Controls,NONE DETECTED,No,No Apparent Injury,NA,Not Distracted,MD,Sport Utility Vehicle,Moving Constant Speed,25,No,2013,NISSAN,ROGUE,38.99213627,-77.08953251,2025,7,20
250030974,Property Damage Crash,07/11/2025 08:51:00 PM,KENTUCKY AVE,NA,Angle,Clear,Dry,Dark,Stop Sign,NONE DETECTED,Yes,No Apparent Injury,NA,Not Distracted,MD,Passenger Car,Moving Constant Speed,25,No,2007,TOYOTA,CAMRY,38.99213627,-77.08953251,2025,7,20
250030959,Property Damage Crash,07/11/2025 07:35:00 PM,ALLEY,NA,"Sideswipe, Same Direction",Clear,Dry,Daylight,No Controls,NONE DETECTED,Yes,No Apparent Injury,NA,Not Distracted,MD,Passenger Car,Making U-Turn,35,No,2024,TOYOTA,PRIUS PRIME,39.04179533,-77.04806667,2025,7,19
250030959,Property Damage Crash,07/11/2025 07:35:00 PM,ALLEY,NA,"Sideswipe, Same Direction",Clear,Dry,Daylight,No Controls,NONE DETECTED,No,No Apparent Injury,NA,Not Distracted,MD,Pickup,Moving Constant Speed,35,No,2013,FORD,F-150,39.04179533,-77.04806667,2025,7,19
250030775,Property Damage Crash,07/11/2025 05:57:00 PM,WATKINS MILL RD,NA,Front to Rear,Clear,Dry,Daylight,No Controls,NONE DETECTED,Yes,No Apparent Injury,Followed Too Closely,Unknown,MD,Passenger Car,Moving Constant Speed,25,No,2008,TOYOTA,YARIS,39.18661014,-77.21413847,2025,7,17
250030775,Property Damage Crash,07/11/2025 05:57:00 PM,WATKINS MILL RD,NA,Front to Rear,Clear,Dry,Daylight,No Controls,NONE DETECTED,No,No Apparent Injury,NA,Not Distracted,MD,Passenger Car,Slowing or Stopping,25,No,2023,KIA,FORTE,39.18661014,-77.21413847,2025,7,17
250030942,Property Damage Crash,07/11/2025 05:47:00 PM,CLOPPER RD,NA,Front to Rear,Clear,Dry,Daylight,No Controls,NONE DETECTED,No,No Apparent Injury,NA,Not Distracted,MD,Passenger Car,Stopped in Traffic,35,No,2009,HYUNDAI,SONATA,39.14946942,-77.24213238,2025,7,17
250030942,Property Damage Crash,07/11/2025 05:47:00 PM,CLOPPER RD,NA,Front to Rear,Clear,Dry,Daylight,No Controls,NONE DETECTED,Yes,No Apparent Injury,Followed Too Closely,"Other Action (looking away from task, etc.)",MD,Passenger Car,Stopped in Traffic,35,No,2013,FORD,MUSTANG,39.14946942,-77.24213238,2025,7,17
250030942,Property Damage Crash,07/11/2025 05:47:00 PM,CLOPPER RD,NA,Front to Rear,Clear,Dry,Daylight,No Controls,NONE DETECTED,No,No Apparent Injury,NA,Not Distracted,MD,Passenger Car,Stopped in Traffic,35,No,2015,TOYOTA,COROLLA,39.14946942,-77.24213238,2025,7,17
250030938,Injury Crash,07/11/2025 05:34:00 PM,NA,NA,Angle,Clear,Dry,Daylight,Traffic Control Signal,NONE DETECTED,Yes,Possible Minor Injury,"Failed to Yield Right-of-Way, Improper Turn",Not Distracted,DC,Passenger Car,Turning Left,25,No,2005,TOYOTA,COROLLA,39.05054117,-77.18798517,2025,7,17
250030938,Injury Crash,07/11/2025 05:34:00 PM,NA,NA,Angle,Clear,Dry,Daylight,Traffic Control Signal,NONE DETECTED,No,No Apparent Injury,NA,Not Distracted,MD,Pickup,Moving Constant Speed,25,No,2004,CHEVROLET,SILVERADO,39.05054117,-77.18798517,2025,7,17
250030933,Injury Crash,07/11/2025 04:41:00 PM,NA,NA,Rear To Rear,Clear,NA,Daylight,NA,NONE DETECTED,No,No Apparent Injury,NA,Not Distracted,MD,Bus - School,Turning Left,0,No,2024,FREIGHTLINER,B2 106 ELECTRIC CONVENTIONAL CHASSIS,39.01677389,-76.97386803,2025,7,16
250030928,Injury Crash,07/11/2025 04:30:00 PM,NA,NA,Other,Clear,Dry,Daylight,Traffic Control Signal,NONE DETECTED,No,No Apparent Injury,"Failed to Yield Right-of-Way, Operated Motor Vehicle in Inattentive, Careless, Negligent, or Erratic Manner, Other Improper Action",Not Distracted,MD,Passenger Car,Entering Traffic Lane,30,No,2015,NISSAN,ROGUE,39.08305557,-77.15273743,2025,7,16
250030928,Injury Crash,07/11/2025 04:30:00 PM,NA,NA,Other,Clear,Dry,Daylight,Traffic Control Signal,NONE DETECTED,No,Possible Minor Injury,NA,Not Distracted,MD,Passenger Car,Moving Constant Speed,30,No,2011,NISSAN,SENTRA,39.08305557,-77.15273743,2025,7,16
250030925,Injury Crash,07/11/2025 04:20:00 PM,NA,Pedestrian,Single Vehicle,Clear,Dry,Daylight,Traffic Control Signal,NONE DETECTED,No,NA,NA,NA,NA,Passenger Car,Moving Constant Speed,30,No,2016,TOYOTA,COROLLA,38.98759107,-77.02679645,2025,7,16
250030926,Property Damage Crash,07/11/2025 03:20:00 PM,NA,NA,"Sideswipe, Same Direction",Clear,NA,Daylight,NA,NONE DETECTED,No,No Apparent Injury,NA,Unknown,MD,Van - Passenger (&lt;9 Seats),Entering Traffic Lane,0,No,2001,DODGE,RAM VAN,39.12431996,-77.23847723,2025,7,15
250030918,Property Damage Crash,07/11/2025 03:15:00 PM,WILSON LA,NA,"Sideswipe, Same Direction",Clear,Dry,Daylight,Traffic Control Signal,NONE DETECTED,No,No Apparent Injury,"Swerved or Avoided Due to Wind, Slippery Surface, Motor Vehicle, Object, Non-Motorist in Roadway, etc",Not Distracted,MD,Passenger Car,Turning Left,25,No,2019,LEXUS,ES,38.98747341,-77.09872682,2025,7,15
250030911,Injury Crash,07/11/2025 03:15:00 PM,MONTGOMERY VILLAGE AVE,NA,Front to Rear,Clear,Dry,Daylight,Traffic Control Signal,NONE DETECTED,Yes,No Apparent Injury,NA,Not Distracted,MD,Passenger Car,Accelerating,35,No,2014,TOYOTA,CAMRY,39.1567775,-77.20599633,2025,7,15
250030918,Property Damage Crash,07/11/2025 03:15:00 PM,WILSON LA,NA,"Sideswipe, Same Direction",Clear,Dry,Daylight,Traffic Control Signal,NONE DETECTED,No,No Apparent Injury,NA,Not Distracted,WV,Pickup,Turning Left,25,No,2023,GMC,SIERRA,38.98747341,-77.09872682,2025,7,15
250030911,Injury Crash,07/11/2025 03:15:00 PM,MONTGOMERY VILLAGE AVE,NA,Front to Rear,Clear,Dry,Daylight,No Controls,NONE DETECTED,No,No Apparent Injury,NA,Not Distracted,MD,Passenger Car,Slowing or Stopping,35,No,2021,VOLKSWAGEN,JETTA,39.1567775,-77.20599633,2025,7,15
250030911,Injury Crash,07/11/2025 03:15:00 PM,MONTGOMERY VILLAGE AVE,NA,Front to Rear,Clear,Dry,Daylight,No Controls,NONE DETECTED,No,Possible Minor Injury,NA,Not Distracted,MD,Passenger Car,Moving Constant Speed,35,No,2022,TESLA,MODEL X,39.1567775,-77.20599633,2025,7,15
250030549,Injury Crash,07/11/2025 02:27:00 PM,NA,NA,"Sideswipe, Same Direction",Cloudy,Dry,Daylight,No Controls,NONE DETECTED,Yes,No Apparent Injury,NA,Unknown,MD,Van - Passenger (&lt;9 Seats),Entering Traffic Lane,15,No,2018,RAM,PROMASTER 2500,39.08672597,-76.93993173,2025,7,14
250030549,Injury Crash,07/11/2025 02:27:00 PM,NA,NA,"Sideswipe, Same Direction",Cloudy,Dry,Daylight,No Controls,NONE DETECTED,No,Possible Minor Injury,NA,Not Distracted,MD,Passenger Car,Moving Constant Speed,15,No,2022,NISSAN,SENTRA,39.08672597,-76.93993173,2025,7,14
250030903,Injury Crash,07/11/2025 02:22:00 PM,HUNGERFORD DR (SB/L),NA,"Sideswipe, Same Direction",Clear,Dry,Daylight,Traffic Control Signal,NONE DETECTED,Yes,Possible Minor Injury,Failed to Yield Right-of-Way,Not Distracted,MD,Passenger Car,Changing Lanes,35,No,2011,TOYOTA,CAMRY,39.08545515,-77.14845599,2025,7,14
250030903,Injury Crash,07/11/2025 02:22:00 PM,HUNGERFORD DR (SB/L),NA,"Sideswipe, Same Direction",Clear,Dry,Daylight,Traffic Control Signal,NONE DETECTED,No,No Apparent Injury,NA,Not Distracted,MD,Single-Unit Truck,Stopped in Traffic,35,No,2016,FREIGHTLINER,M2,39.08545515,-77.14845599,2025,7,14
250030903,Injury Crash,07/11/2025 02:22:00 PM,HUNGERFORD DR (SB/L),NA,"Sideswipe, Same Direction",Clear,Dry,Daylight,Traffic Control Signal,NONE DETECTED,No,No Apparent Injury,NA,Not Distracted,MD,Passenger Car,Moving Constant Speed,35,No,2025,TOYOTA,SEQUOIA,39.08545515,-77.14845599,2025,7,14
250030899,Property Damage Crash,07/11/2025 01:48:00 PM,KNOWLES AVE,NA,"Sideswipe, Same Direction",Clear,Dry,Daylight,Traffic Control Signal,NONE DETECTED,Yes,No Apparent Injury,NA,Not Distracted,MD,Bus - Transit,Turning Left,35,No,2016,GILLIG,CITY TRANSIT BUS,39.02746663,-77.07658184,2025,7,13
250030899,Property Damage Crash,07/11/2025 01:48:00 PM,KNOWLES AVE,NA,"Sideswipe, Same Direction",Clear,Dry,Daylight,Traffic Control Signal,NONE DETECTED,No,No Apparent Injury,NA,Not Distracted,MD,Passenger Car,Turning Left,35,No,2016,MERCEDES-BENZ,SPRINTER,39.02746663,-77.07658184,2025,7,13
250030893,Injury Crash,07/11/2025 01:04:00 PM,NA,NA,Rear To Side,Clear,NA,Daylight,NA,NONE DETECTED,No,Possible Minor Injury,NA,Not Distracted,MD,Passenger Car,Slowing or Stopping,0,No,2023,TOYOTA,CAMRY,39.17858122,-77.27070441,2025,7,13
250030893,Injury Crash,07/11/2025 01:04:00 PM,NA,NA,Rear To Side,Clear,NA,Daylight,NA,NONE DETECTED,Yes,No Apparent Injury,NA,Unknown,MD,Passenger Car,Backing,0,No,2012,TOYOTA,RAV4,39.17858122,-77.27070441,2025,7,13
250030884,Property Damage Crash,07/11/2025 12:25:00 PM,DEMOCRACY BLVD (EB/L),NA,Rear To Side,Clear,Dry,Daylight,No Controls,NONE DETECTED,No,No Apparent Injury,NA,Not Distracted,MD,Passenger Car,Moving Constant Speed,45,No,2017,BMW,430I,39.02297713,-77.16425157,2025,7,12
250030884,Property Damage Crash,07/11/2025 12:25:00 PM,DEMOCRACY BLVD (EB/L),NA,Rear To Side,Clear,Dry,Daylight,Stop Sign,NONE DETECTED,Yes,No Apparent Injury,NA,"Other Action (looking away from task, etc.)",MD,Passenger Car,Turning Left,45,No,2014,INFINITI,QX70,39.02297713,-77.16425157,2025,7,12
250030886,Property Damage Crash,07/11/2025 12:23:00 PM,SHADY GROVE RD,NA,Front to Rear,Clear,Dry,Daylight,Traffic Control Signal,NONE DETECTED,Yes,No Apparent Injury,NA,Not Distracted,MD,Passenger Car,Slowing or Stopping,40,No,2017,TOYOTA,RAV4,39.12238614,-77.1777684,2025,7,12
250030886,Property Damage Crash,07/11/2025 12:23:00 PM,SHADY GROVE RD,NA,Front to Rear,Clear,Dry,Daylight,Traffic Control Signal,NONE DETECTED,No,No Apparent Injury,NA,Not Distracted,MD,Passenger Car,Stopped in Traffic,40,No,2018,CHEVROLET,EQUINOX,39.12238614,-77.1777684,2025,7,12
250030880,Injury Crash,07/11/2025 12:02:00 PM,WHEATON PLZ RING RD CUT,NA,Single Vehicle,Clear,Dry,Daylight,No Controls,NONE DETECTED,Yes,Possible Minor Injury,"Disregarded Other Road Markings, Failed to Keep in Proper Lane",Not Distracted,MD,Passenger Car,Moving Constant Speed,25,No,2014,SUBARU,OUTBACK,39.03420976,-77.05439042,2025,7,12
250030883,Property Damage Crash,07/11/2025 11:40:00 AM,UNIVERSITY BLVD E,NA,Front to Rear,Clear,Dry,Daylight,Traffic Control Signal,NONE DETECTED,No,No Apparent Injury,NA,Not Distracted,MD,Passenger Car,Stopped in Traffic,35,No,2020,TOYOTA,CAMRY,39.01216686,-77.00276788,2025,7,11
250030883,Property Damage Crash,07/11/2025 11:40:00 AM,UNIVERSITY BLVD E,NA,Front to Rear,Clear,Dry,Daylight,Traffic Control Signal,NONE DETECTED,Yes,No Apparent Injury,"Followed Too Closely, Operated Motor Vehicle in Inattentive, Careless, Negligent, or Erratic Manner, Too Fast For Conditions",Unknown,NA,Passenger Car,Moving Constant Speed,35,No,2016,HONDA,ACCORD,39.01216686,-77.00276788,2025,7,11