Local Case Number,ACRS Report Type,Crash Date/Time,Road Name,Related Non-Motorist,Collision Type,Weather,Surface Condition,Light,Traffic Control,Driver Substance Abuse,Driver At Fault,Injury Severity,Circumstance,Driver Distracted By,Drivers License State,Vehicle Body Type,Vehicle Movement,Speed Limit,Driverless Vehicle,Vehicle Year,Vehicle Make,Vehicle Model,Latitude,Longitude,Year,Month,Hour
250030867,Property Damage Crash,07/11/2025 10:38:00 AM,APPLE AVE,NA,"Sideswipe, Same Direction",Clear,Dry,Daylight,No Controls,NONE DETECTED,No,No Apparent Injury,Improper Passing,Not Distracted,MD,Passenger Car,Moving Constant Speed,25,No,2013,BUICK,ENCORE,38.9959515,-77.03218433,2025,7,10
250030868,Property Damage Crash,07/11/2025 09:44:00 AM,NA,NA,Single Vehicle,Clear,NA,Daylight,NA,NONE DETECTED,No,No Apparent Injury,NA,Not Distracted,MD,Sport Utility Vehicle,Accelerating,0,No,2025,RIVIAN,R1S,39.03963846,-77.03983594,2025,7,9
250030885,Injury Crash,07/11/2025 09:30:00 AM,NA,NA,Front to Rear,Clear,NA,Daylight,NA,NONE DETECTED,No,NA,NA,NA,NA,Passenger Car,NA,0,No,2012,HONDA,ACCORD,39.07591934,-77.0009698,2025,7,9
250030885,Injury Crash,07/11/2025 09:30:00 AM,NA,NA,Front to Rear,Clear,NA,Daylight,NA,NONE DETECTED,No,Possible Minor Injury,NA,Not Distracted,MD,Sport Utility Vehicle,Moving Constant Speed,0,No,2019,KIA,SOUL,39.07591934,-77.0009698,2025,7,9
250030855,Property Damage Crash,07/11/2025 09:04:00 AM,GLENALLAN AVE,NA,Rear To Rear,Clear,Dry,Daylight,No Controls,NONE DETECTED,Yes,No Apparent Injury,"Followed Too Closely, Operated Motor Vehicle in Inattentive, Careless, Negligent, or Erratic Manner","Other Action (looking away from task, etc.)",MD,Passenger Car,Moving Constant Speed,35,No,2011,HONDA,ACCORD,39.06226029,-77.02670173,2025,7,9
250030855,Property Damage Crash,07/11/2025 09:04:00 AM,GLENALLAN AVE,NA,Rear To Rear,Clear,Dry,Daylight,No Controls,NONE DETECTED,No,No Apparent Injury,NA,Not Distracted,MD,Passenger Car,Stopped in Traffic,35,No,2023,MAZDA,CX-30,39.06226029,-77.02670173,2025,7,9
250030855,Property Damage Crash,07/11/2025 09:04:00 AM,GLENALLAN AVE,NA,Rear To Rear,Clear,Dry,Daylight,No Controls,NONE DETECTED,No,No Apparent Injury,NA,Not Distracted,MD,Passenger Car,Stopped in Traffic,35,No,2025,HYUNDAI,TUCSON,39.06226029,-77.02670173,2025,7,9
250030849,Injury Crash,07/11/2025 08:17:00 AM,COLESVILLE RD (SB/L),NA,Front to Rear,Clear,Dry,Daylight,No Controls,NONE DETECTED,No,No Apparent Injury,NA,Not Distracted,MD,Passenger Car,Slowing or Stopping,35,No,2025,MERCEDES-BENZ,GLC-CLASS,39.01794175,-77.01511941,2025,7,8
250030849,Injury Crash,07/11/2025 08:17:00 AM,COLESVILLE RD (SB/L),NA,Front to Rear,Clear,Dry,Daylight,No Controls,NONE DETECTED,Yes,NA,NA,NA,NA,NA,Moving Constant Speed,35,No,0,NA,NA,39.01794175,-77.01511941,2025,7,8
250030849,Injury Crash,07/11/2025 08:17:00 AM,COLESVILLE RD (SB/L),NA,Front to Rear,Clear,Dry,Daylight,No Controls,NONE DETECTED,No,Possible Minor Injury,NA,Not Distracted,MD,Passenger Car,Slowing or Stopping,35,No,2006,HONDA,CIVIC,39.01794175,-77.01511941,2025,7,8
250030849,Injury Crash,07/11/2025 08:17:00 AM,COLESVILLE RD (SB/L),NA,Front to Rear,Clear,Dry,Daylight,No Controls,NONE DETECTED,No,No Apparent Injury,NA,Not Distracted,MD,Passenger Car,Slowing or Stopping,35,No,2013,VOLKSWAGEN,PASSAT,39.01794175,-77.01511941,2025,7,8
250030850,Property Damage Crash,07/11/2025 08:00:00 AM,RANDOLPH RD (WB/L),NA,Angle,Clear,Dry,Daylight,Traffic Control Signal,NONE DETECTED,No,No Apparent Injury,NA,Not Distracted,MD,Passenger Car,Moving Constant Speed,30,No,2013,HONDA,CIVIC,39.05345466,-77.08944921,2025,7,8
250030850,Property Damage Crash,07/11/2025 08:00:00 AM,RANDOLPH RD (WB/L),NA,Angle,Clear,Dry,Daylight,Traffic Control Signal,NONE DETECTED,No,NA,NA,NA,NA,Passenger Car,Turning Left,30,No,1996,FORD,BRONCO,39.05345466,-77.08944921,2025,7,8
250030847,Property Damage Crash,07/11/2025 07:54:00 AM,DECOVERLY DR (SB/L),NA,Angle,Clear,Dry,Daylight,Traffic Control Signal,NONE DETECTED,Yes,No Apparent Injury,NA,Unknown,MD,Passenger Car,Turning Left,25,No,2013,FORD,FOCUS,39.11312684,-77.19929727,2025,7,7
250030847,Property Damage Crash,07/11/2025 07:54:00 AM,DECOVERLY DR (SB/L),NA,Angle,Clear,Dry,Daylight,Traffic Control Signal,NONE DETECTED,No,No Apparent Injury,NA,Not Distracted,MD,Passenger Car,Moving Constant Speed,25,No,2008,CHRYSLER,300,39.11312684,-77.19929727,2025,7,7
250030845,Property Damage Crash,07/11/2025 07:00:00 AM,GEORGIA AVE,NA,Front to Rear,Clear,Dry,Daylight,No Controls,NONE DETECTED,No,No Apparent Injury,NA,Not Distracted,MD,Passenger Car,Stopped in Traffic,35,No,2016,FORD,F-150,39.09267217,-77.07948167,2025,7,7
250030845,Property Damage Crash,07/11/2025 07:00:00 AM,GEORGIA AVE,NA,Front to Rear,Clear,Dry,Daylight,No Controls,NONE DETECTED,Yes,No Apparent Injury,NA,"Other Action (looking away from task, etc.)",MD,Passenger Car,Accelerating,35,No,2013,FORD,EXPLORER,39.09267217,-77.07948167,2025,7,7
250030842,Injury Crash,07/11/2025 04:50:00 AM,GEORGIA AVE,NA,Front to Front,Clear,Dry,Medium,No Controls,NONE DETECTED,No,No Apparent Injury,NA,Not Distracted,MD,Pickup,Moving Constant Speed,35,No,2015,RAM,1500,39.01189902,-77.04142782,2025,7,4
250030842,Injury Crash,07/11/2025 04:50:00 AM,GEORGIA AVE,NA,Front to Front,Clear,Dry,Medium,No Controls,NONE DETECTED,No,Suspected Serious Injury,NA,Not Distracted,DE,Passenger Car,Moving Constant Speed,35,No,2023,NISSAN,KICKS,39.01189902,-77.04142782,2025,7,4
250030842,Injury Crash,07/11/2025 04:50:00 AM,GEORGIA AVE,NA,Front to Front,Clear,Dry,Medium,No Controls,ALCOHOL PRESENT,Yes,Suspected Serious Injury,NA,Unknown,MD,Passenger Car,Leaving Traffic Lane,35,No,2011,TOYOTA,CAMRY,39.01189902,-77.04142782,2025,7,4
250029873,Property Damage Crash,07/11/2025 02:01:00 AM,ALLEY,NA,Angle,Clear,Dry,Medium,No Controls,NONE DETECTED,No,No Apparent Injury,NA,Not Distracted,MD,Passenger Car,Moving Constant Speed,35,No,2015,FORD,FIESTA,38.99648627,-77.02874085,2025,7,2
250029873,Property Damage Crash,07/11/2025 02:01:00 AM,ALLEY,NA,Angle,Clear,Dry,Medium,No Controls,NONE DETECTED,Yes,No Apparent Injury,NA,Unknown,NY,Passenger Car,Making U-Turn,35,No,2016,TOYOTA,CAMRY,38.99648627,-77.02874085,2025,7,2
250030832,Property Damage Crash,07/11/2025 12:06:00 AM,GREAT SENECA HWY,NA,Single Vehicle,Clear,Dry,Medium,Traffic Control Signal,NONE DETECTED,No,No Apparent Injury,"Swerved or Avoided Due to Wind, Slippery Surface, Motor Vehicle, Object, Non-Motorist in Roadway, etc",Not Distracted,MD,Passenger Car,Moving Constant Speed,35,No,2019,MAZDA,CX-5,39.09657452,-77.20353677,2025,7,0
250030813,Property Damage Crash,07/10/2025 09:57:00 PM,GEORGIA AVE,NA,Angle,Clear,Dry,Medium,No Controls,NONE DETECTED,No,No Apparent Injury,NA,Not Distracted,WV,Sport Utility Vehicle,Moving Constant Speed,30,No,2025,FORD,EXPLORER,38.99298379,-77.02656594,2025,7,21
250030813,Property Damage Crash,07/10/2025 09:57:00 PM,GEORGIA AVE,NA,Angle,Clear,Dry,Medium,No Controls,NONE DETECTED,Yes,No Apparent Injury,"Disregarded Other Road Markings, Improper Turn",Not Distracted,MD,Passenger Car,Making U-Turn,30,No,2008,HYUNDAI,SONATA,38.99298379,-77.02656594,2025,7,21
250030808,Injury Crash,07/10/2025 09:16:00 PM,NA,Pedestrian,Single Vehicle,Clear,Dry,Medium,No Controls,NONE DETECTED,No,No Apparent Injury,NA,Not Distracted,MD,Passenger Car,Overtaking/Passing,40,No,2020,MERCEDES-BENZ,S-CLASS,39.22978775,-77.26801688,2025,7,21
250030795,Injury Crash,07/10/2025 07:45:00 PM,VEIRS MILL RD (WB/L),NA,Angle,Clear,Dry,Daylight,No Controls,NONE DETECTED,No,Possible Minor Injury,NA,Not Distracted,MD,Passenger Car,Moving Constant Speed,35,No,2021,TOYOTA,COROLLA,39.04152017,-77.0582725,2025,7,19
250030795,Injury Crash,07/10/2025 07:45:00 PM,VEIRS MILL RD (WB/L),NA,Angle,Clear,Dry,Daylight,No Controls,NONE DETECTED,Yes,No Apparent Injury,"Failed to Yield Right-of-Way, Too Fast For Conditions",Unknown,MD,Passenger Car,Turning Left,35,No,2020,TOYOTA,HIGHLANDER,39.04152017,-77.0582725,2025,7,19
250030793,Injury Crash,07/10/2025 07:38:00 PM,RIDGE RD,NA,Front to Rear,Clear,Dry,Daylight,No Controls,NONE DETECTED,Yes,No Apparent Injury,Followed Too Closely,Unknown,MD,Passenger Car,Moving Constant Speed,40,No,2017,BUICK,ENCORE,39.25296039,-77.22991254,2025,7,19
250030793,Injury Crash,07/10/2025 07:38:00 PM,RIDGE RD,NA,Front to Rear,Clear,Dry,Daylight,No Controls,NONE DETECTED,No,No Apparent Injury,NA,Not Distracted,MD,Passenger Car,Slowing or Stopping,40,No,2022,HONDA,ACCORD,39.25296039,-77.22991254,2025,7,19
250030777,Injury Crash,07/10/2025 06:20:00 PM,HENDERSON CORNER RD (NB/L),NA,Rear To Side,Clear,Dry,Daylight,Flashing Traffic Control Signal,NONE DETECTED,No,Possible Minor Injury,NA,Not Distracted,MD,Passenger Car,Accelerating,25,No,2025,VOLVO,XC60,39.20345009,-77.24415781,2025,7,18
250030777,Injury Crash,07/10/2025 06:20:00 PM,HENDERSON CORNER RD (NB/L),NA,Rear To Side,Clear,Dry,Daylight,Flashing Traffic Control Signal,NONE DETECTED,Yes,No Apparent Injury,Ran Red Light,Unknown,MD,Passenger Car,Turning Left,25,No,2017,TOYOTA,RAV4,39.20345009,-77.24415781,2025,7,18
250030773,Property Damage Crash,07/10/2025 06:03:00 PM,GRIDLEY RD,NA,Angle,Clear,Dry,Daylight,Traffic Control Signal,NONE DETECTED,Yes,No Apparent Injury,Failed to Yield Right-of-Way,Unknown,MD,Passenger Car,Turning Left,45,No,2007,HONDA,CIVIC,39.0572489,-77.08430064,2025,7,18
250030773,Property Damage Crash,07/10/2025 06:03:00 PM,GRIDLEY RD,NA,Angle,Clear,Dry,Daylight,Traffic Control Signal,NONE DETECTED,No,No Apparent Injury,NA,Not Distracted,MD,Passenger Car,Moving Constant Speed,45,No,2014,TOYOTA,COROLLA,39.0572489,-77.08430064,2025,7,18
250030770,Property Damage Crash,07/10/2025 05:31:00 PM,NEW HAMPSHIRE AVE,NA,"Sideswipe, Same Direction",Clear,Dry,Daylight,No Controls,NONE DETECTED,No,No Apparent Injury,NA,Not Distracted,MD,Passenger Car,Stopped in Traffic,35,No,2013,LEXUS,ES,38.98687317,-76.98794417,2025,7,17
250030770,Property Damage Crash,07/10/2025 05:31:00 PM,NEW HAMPSHIRE AVE,NA,"Sideswipe, Same Direction",Clear,Dry,Daylight,No Controls,NONE DETECTED,Yes,No Apparent Injury,NA,Not Distracted,MD,Passenger Car,Changing Lanes,35,No,2024,RAM,PROMASTER 3500,38.98687317,-76.98794417,2025,7,17
250030760,Property Damage Crash,07/10/2025 04:42:00 PM,WILSON LA,NA,Angle,Clear,Dry,Daylight,Stop Sign,NONE DETECTED,No,No Apparent Injury,NA,Not Distracted,MD,Passenger Car,Turning Left,25,No,2014,MERCEDES-BENZ,C-CLASS,38.98723812,-77.10332573,2025,7,16
250030760,Property Damage Crash,07/10/2025 04:42:00 PM,WILSON LA,NA,Angle,Clear,Dry,Daylight,Stop Sign,NONE DETECTED,Yes,No Apparent Injury,NA,Unknown,MD,Passenger Car,Accelerating,25,No,2020,MERCEDES-BENZ,C-CLASS,38.98723812,-77.10332573,2025,7,16
250030752,Property Damage Crash,07/10/2025 04:41:00 PM,16TH ST,NA,Front to Rear,Clear,Dry,Daylight,Traffic Control Signal,NONE DETECTED,No,No Apparent Injury,NA,NA,NA,Passenger Car,Slowing or Stopping,30,No,2005,TOYOTA,CAMRY,39.00603084,-77.03915357,2025,7,16
250030752,Property Damage Crash,07/10/2025 04:41:00 PM,16TH ST,NA,Front to Rear,Clear,Dry,Daylight,Traffic Control Signal,NONE DETECTED,Yes,No Apparent Injury,Followed Too Closely,Not Distracted,MD,Passenger Car,Accelerating,30,No,2016,TESLA,MODEL S,39.00603084,-77.03915357,2025,7,16
250030737,Property Damage Crash,07/10/2025 03:03:00 PM,TUCKERMAN LA (EB/L),NA,Front to Rear,Clear,Dry,Daylight,Traffic Control Signal,NONE DETECTED,No,No Apparent Injury,NA,Unknown,MD,Sport Utility Vehicle,Changing Lanes,35,No,2017,MAZDA,CX-5,39.03448056,-77.12502631,2025,7,15
250030737,Property Damage Crash,07/10/2025 03:03:00 PM,TUCKERMAN LA (EB/L),NA,Front to Rear,Clear,Dry,Daylight,Traffic Control Signal,NONE DETECTED,No,No Apparent Injury,NA,Unknown,MD,Bus - School,Stopped in Traffic,35,No,2023,CHEVROLET,EXPRESS,39.03448056,-77.12502631,2025,7,15
250030735,Property Damage Crash,07/10/2025 03:01:00 PM,EAST WEST HWY,NA,Front to Rear,Clear,Dry,Daylight,No Controls,NONE DETECTED,No,No Apparent Injury,NA,Not Distracted,MD,Bus - Transit,Slowing or Stopping,35,No,2020,GILLIG,LOW FLOOR BUS,38.98837176,-77.07512011,2025,7,15
250030735,Property Damage Crash,07/10/2025 03:01:00 PM,EAST WEST HWY,NA,Front to Rear,Clear,Dry,Daylight,No Controls,NONE DETECTED,No,No Apparent Injury,NA,Not Distracted,MD,Passenger Car,Slowing or Stopping,35,No,2010,TOYOTA,PRIUS,38.98837176,-77.07512011,2025,7,15
250030726,Property Damage Crash,07/10/2025 02:10:00 PM,EISENHOWER MEMORIAL HWY (SB/L),NA,Front to Rear,Clear,Dry,Daylight,Flashing Traffic Control Signal,NONE DETECTED,No,No Apparent Injury,NA,Not Distracted,MD,Other,Moving Constant Speed,55,No,2021,FORD,TRANSIT,39.18156304,-77.25228119,2025,7,14
250030726,Property Damage Crash,07/10/2025 02:10:00 PM,EISENHOWER MEMORIAL HWY (SB/L),NA,Front to Rear,Clear,Dry,Daylight,Flashing Traffic Control Signal,NONE DETECTED,No,No Apparent Injury,NA,Not Distracted,MD,Other,Slowing or Stopping,55,No,2024,FORD,F-150,39.18156304,-77.25228119,2025,7,14
250030717,Property Damage Crash,07/10/2025 01:35:00 PM,GOSHEN RD,NA,Single Vehicle,Cloudy,Dry,Daylight,No Controls,NONE DETECTED,Yes,No Apparent Injury,Failed to Keep in Proper Lane,"Other Action (looking away from task, etc.)",MD,Passenger Car,Moving Constant Speed,35,No,2008,MERCEDES-BENZ,E-CLASS,39.18003731,-77.18932028,2025,7,13
250030721,Property Damage Crash,07/10/2025 01:28:00 PM,SHADY GROVE RD (SB/L),NA,Angle,Clear,Dry,Daylight,No Controls,NONE DETECTED,No,No Apparent Injury,NA,Not Distracted,MD,Passenger Car,Moving Constant Speed,40,No,2019,TOYOTA,HIGHLANDER,39.09192,-77.2087,2025,7,13
250030721,Property Damage Crash,07/10/2025 01:28:00 PM,SHADY GROVE RD (SB/L),NA,Angle,Clear,Dry,Daylight,Stop Sign,NONE DETECTED,Yes,No Apparent Injury,Failed to Yield Right-of-Way,Not Distracted,MD,Passenger Car,Turning Left,40,No,2024,HYUNDAI,ELANTRA,39.09192,-77.2087,2025,7,13
250030711,Property Damage Crash,07/10/2025 01:20:00 PM,STONEGATE DR,NA,Angle,Clear,Dry,Daylight,No Controls,NONE DETECTED,No,No Apparent Injury,NA,Unknown,MD,Passenger Car,Turning Left,40,No,2025,HONDA,CR-V,39.099878,-77.0037525,2025,7,13
250030711,Property Damage Crash,07/10/2025 01:20:00 PM,STONEGATE DR,NA,Angle,Clear,Dry,Daylight,No Controls,NONE DETECTED,No,No Apparent Injury,NA,Not Distracted,MD,Passenger Car,Moving Constant Speed,40,No,2018,TOYOTA,COROLLA,39.099878,-77.0037525,2025,7,13
250030712,Injury Crash,07/10/2025 01:10:00 PM,COLESVILLE RD,NA,Front to Rear,Rain,Wet,Daylight,No Controls,NONE DETECTED,Yes,Possible Minor Injury,"Operated Motor Vehicle in Inattentive, Careless, Negligent, or Erratic Manner, Operated Motor Vehicle in Reckless or Aggressive Manner",Not Distracted,MD,Passenger Car,Accelerating,40,No,2021,DODGE,CHARGER,39.0209957,-77.01195595,2025,7,13
250030708,Injury Crash,07/10/2025 12:59:00 PM,SINGLETON DR,NA,Rear To Rear,Cloudy,Dry,Daylight,No Controls,NONE DETECTED,Yes,No Apparent Injury,Failed to Keep in Proper Lane,Unknown,MD,Passenger Car,Moving Constant Speed,25,No,2007,HYUNDAI,ACCENT,39.01473933,-77.12089167,2025,7,12
250030706,Injury Crash,07/10/2025 12:30:00 PM,QUINCE ORCHARD RD,NA,Front to Rear,Cloudy,Dry,Daylight,No Controls,NONE DETECTED,No,Possible Minor Injury,NA,Not Distracted,MD,Passenger Car,Slowing or Stopping,35,No,2010,NISSAN,MURANO,39.14935583,-77.215712,2025,7,12
250030706,Injury Crash,07/10/2025 12:30:00 PM,QUINCE ORCHARD RD,NA,Front to Rear,Cloudy,Dry,Daylight,No Controls,NONE DETECTED,Yes,Possible Minor Injury,NA,"Other Action (looking away from task, etc.)",MD,Passenger Car,Slowing or Stopping,35,No,2013,MERCEDES-BENZ,ML-CLASS,39.14935583,-77.215712,2025,7,12
250030706,Injury Crash,07/10/2025 12:30:00 PM,QUINCE ORCHARD RD,NA,Front to Rear,Cloudy,Dry,Daylight,No Controls,NONE DETECTED,No,Possible Minor Injury,NA,Not Distracted,MD,Passenger Car,Slowing or Stopping,35,No,2021,HONDA,CR-V,39.14935583,-77.215712,2025,7,12
250030701,Property Damage Crash,07/10/2025 12:03:00 PM,W DEER PARK RD,NA,Angle,Clear,Dry,Daylight,Traffic Control Signal,NONE DETECTED,No,No Apparent Injury,NA,"Other Action (looking away from task, etc.)",MD,Pickup,Slowing or Stopping,25,No,2017,CHEVROLET,SILVERADO,39.13208068,-77.18913941,2025,7,12
250030701,Property Damage Crash,07/10/2025 12:03:00 PM,W DEER PARK RD,NA,Angle,Clear,Dry,Daylight,Traffic Control Signal,NONE DETECTED,No,No Apparent Injury,NA,Unknown,NJ,Passenger Car,Changing Lanes,25,No,2012,TOYOTA,PRIUS,39.13208068,-77.18913941,2025,7,12
250030696,Property Damage Crash,07/10/2025 11:44:00 AM,HUNGERFORD DR (SB/L),NA,Other,Clear,Dry,Daylight,No Controls,NONE DETECTED,Yes,No Apparent Injury,NA,Not Distracted,MD,Van - Passenger (&lt;9 Seats),Entering Traffic Lane,35,No,2010,TOYOTA,SIENNA,39.09453857,-77.15339154,2025,7,11
250030696,Property Damage Crash,07/10/2025 11:44:00 AM,HUNGERFORD DR (SB/L),NA,Other,Clear,Dry,Daylight,No Controls,NONE DETECTED,No,No Apparent Injury,NA,Not Distracted,MD,Bus - Transit,Stopped in Traffic,35,No,2017,GILLIG,LOW FLOOR BUS,39.09453857,-77.15339154,2025,7,11
250030695,Injury Crash,07/10/2025 11:25:00 AM,HENDERSON CORNER RD,NA,Angle,Cloudy,Dry,Daylight,Traffic Control Signal,NONE DETECTED,No,Possible Minor Injury,NA,Not Distracted,MD,Passenger Car,Accelerating,25,No,2015,TOYOTA,PRIUS,39.20531022,-77.24339269,2025,7,11
250030695,Injury Crash,07/10/2025 11:25:00 AM,HENDERSON CORNER RD,NA,Angle,Cloudy,Dry,Daylight,Traffic Control Signal,NONE DETECTED,No,No Apparent Injury,NA,Not Distracted,MD,Sport Utility Vehicle,Stopped in Traffic,15,No,2006,HONDA,PILOT,39.20531022,-77.24339269,2025,7,11
250030695,Injury Crash,07/10/2025 11:25:00 AM,HENDERSON CORNER RD,NA,Angle,Cloudy,Dry,Daylight,Traffic Control Signal,NONE DETECTED,Yes,Possible Minor Injury,Disregarded Other Traffic Sign,Unknown,MD,Passenger Car,Moving Constant Speed,35,No,2016,NISSAN,ALTIMA,39.20531022,-77.24339269,2025,7,11
250030682,Injury Crash,07/10/2025 10:15:00 AM,MONTGOMERY VILLAGE AVE (SB/L),NA,"Sideswipe, Same Direction",Rain,Wet,Daylight,No Controls,NONE DETECTED,No,No Apparent Injury,NA,Not Distracted,MD,Passenger Car,Moving Constant Speed,35,No,2019,HONDA,CIVIC,39.18243145,-77.19939813,2025,7,10
250030682,Injury Crash,07/10/2025 10:15:00 AM,MONTGOMERY VILLAGE AVE (SB/L),NA,"Sideswipe, Same Direction",Rain,Wet,Daylight,No Controls,NONE DETECTED,Yes,No Apparent Injury,Failed to Yield Right-of-Way,Not Distracted,MD,Passenger Car,Turning Left,35,No,2017,HYUNDAI,TUCSON,39.18243145,-77.19939813,2025,7,10
250030681,Injury Crash,07/10/2025 09:59:00 AM,E JEFFERSON ST,NA,Angle,Cloudy,Dry,Daylight,Traffic Control Signal,NONE DETECTED,No,Possible Minor Injury,NA,Not Distracted,MD,Passenger Car,Moving Constant Speed,40,No,2014,TOYOTA,COROLLA,39.05096783,-77.1260515,2025,7,9
250030681,Injury Crash,07/10/2025 09:59:00 AM,E JEFFERSON ST,NA,Angle,Cloudy,Dry,Daylight,Traffic Control Signal,NONE DETECTED,Yes,No Apparent Injury,NA,Not Distracted,MD,Sport Utility Vehicle,Turning Left,40,No,2017,KIA,SORENTO,39.05096783,-77.1260515,2025,7,9
250030680,Injury Crash,07/10/2025 09:53:00 AM,SOUTHLAWN LA,NA,Other,Clear,Dry,Daylight,No Controls,NONE DETECTED,No,No Apparent Injury,NA,Not Distracted,MD,Passenger Car,Moving Constant Speed,30,No,2022,RAM,2500,39.10102717,-77.13605879,2025,7,9
250030680,Injury Crash,07/10/2025 09:53:00 AM,SOUTHLAWN LA,NA,Other,Clear,Dry,Daylight,No Controls,NONE DETECTED,Yes,Possible Minor Injury,NA,Not Distracted,MD,Passenger Car,Making U-Turn,30,No,2023,KIA,RIO,39.10102717,-77.13605879,2025,7,9
250030680,Injury Crash,07/10/2025 09:53:00 AM,SOUTHLAWN LA,NA,Other,Clear,Dry,Daylight,No Controls,NONE DETECTED,No,No Apparent Injury,NA,Not Distracted,MD,Passenger Car,Slowing or Stopping,30,No,2021,CHRYSLER,PACIFICA,39.10102717,-77.13605879,2025,7,9
250030670,Property Damage Crash,07/10/2025 08:45:00 AM,NA,NA,"Sideswipe, Same Direction",Cloudy,Dry,Daylight,No Controls,NONE DETECTED,No,No Apparent Injury,NA,Not Distracted,MD,Passenger Car,Moving Constant Speed,40,No,2021,HONDA,CIVIC,39.02641883,-77.01983333,2025,7,8
250030670,Property Damage Crash,07/10/2025 08:45:00 AM,NA,NA,"Sideswipe, Same Direction",Cloudy,Dry,Daylight,No Controls,NONE DETECTED,No,NA,NA,NA,NA,Pickup,Changing Lanes,40,No,2020,RAM,1500,39.02641883,-77.01983333,2025,7,8
250030664,Injury Crash,07/10/2025 07:13:00 AM,UNIVERSITY BLVD E,NA,Angle,Clear,Dry,Daylight,No Controls,NONE DETECTED,Yes,No Apparent Injury,Failed to Yield Right-of-Way,Not Distracted,MD,Passenger Car,Turning Left,40,No,2015,HYUNDAI,SONATA,39.0015128,-76.99569102,2025,7,7
250030664,Injury Crash,07/10/2025 07:13:00 AM,UNIVERSITY BLVD E,NA,Angle,Clear,Dry,Daylight,No Controls,NONE DETECTED,No,Possible Minor Injury,NA,Not Distracted,MD,Passenger Car,Moving Constant Speed,40,No,2021,FORD,ECOSPORT,39.0015128,-76.99569102,2025,7,7
250030765,Property Damage Crash,07/10/2025 05:15:00 AM,CHASE CROSSING CIR,NA,Angle,Clear,Dry,Daylight,No Controls,NONE DETECTED,No,No Apparent Injury,NA,Not Distracted,MD,Passenger Car,Stopped in Traffic,0,No,2018,CHEVROLET,CRUZE,39.05298,-77.119837,2025,7,5
250030765,Property Damage Crash,07/10/2025 05:15:00 AM,CHASE CROSSING CIR,NA,Angle,Clear,Dry,Daylight,No Controls,NONE DETECTED,Yes,No Apparent Injury,Failed to Yield Right-of-Way,Unknown,MD,Passenger Car,Turning Left,25,No,2006,TOYOTA,PRIUS,39.05298,-77.119837,2025,7,5
250030765,Property Damage Crash,07/10/2025 05:15:00 AM,CHASE CROSSING CIR,NA,Angle,Clear,Dry,Daylight,No Controls,NONE DETECTED,No,No Apparent Injury,NA,Not Distracted,MD,Passenger Car,Moving Constant Speed,25,No,2015,TOYOTA,SIENNA,39.05298,-77.119837,2025,7,5
250030652,Property Damage Crash,07/10/2025 12:45:00 AM,BONIFANT ST,NA,Other,Clear,Wet,Medium,No Controls,ALCOHOL PRESENT,Yes,No Apparent Injury,"Operated Motor Vehicle in Inattentive, Careless, Negligent, or Erratic Manner, Operated Motor Vehicle in Reckless or Aggressive Manner, Other Improper Action, Too Fast For Conditions",Unknown,MD,Passenger Car,Moving Constant Speed,25,No,2019,HONDA,CIVIC,38.99785417,-77.01739,2025,7,0
250030649,Property Damage Crash,07/09/2025 11:35:00 PM,BRINK RD (WB/L),NA,Single Vehicle,Rain,Wet,Dark,No Controls,NONE DETECTED,No,No Apparent Injury,NA,Not Distracted,MD,Passenger Car,Moving Constant Speed,35,No,2016,HONDA,ACCORD,39.206268,-77.21599867,2025,7,23
250030633,Property Damage Crash,07/09/2025 09:28:00 PM,AIRPARK RD (SB/L),NA,Single Vehicle,Rain,Wet,Medium,No Controls,NONE DETECTED,Yes,No Apparent Injury,NA,Not Distracted,MD,Passenger Car,Negotiating a Curve,50,No,2017,TOYOTA,CAMRY,39.15386017,-77.14184767,2025,7,21
250030677,Property Damage Crash,07/09/2025 08:40:00 PM,NA,NA,Single Vehicle,Clear,NA,Medium,NA,NONE DETECTED,No,NA,NA,NA,NA,NA,NA,0,No,0,NA,NA,39.11766858,-77.23705645,2025,7,20