Local Case Number,ACRS Report Type,Crash Date/Time,Road Name,Related Non-Motorist,Collision Type,Weather,Surface Condition,Light,Traffic Control,Driver Substance Abuse,Driver At Fault,Injury Severity,Circumstance,Driver Distracted By,Drivers License State,Vehicle Body Type,Vehicle Movement,Speed Limit,Driverless Vehicle,Vehicle Year,Vehicle Make,Vehicle Model,Latitude,Longitude,Year,Month,Hour
250030626,Injury Crash,07/09/2025 08:38:00 PM,OLD COLUMBIA PIKE (SB/L),NA,Other,Rain,Wet,Medium,Traffic Control Signal,NONE DETECTED,No,Possible Minor Injury,NA,Not Distracted,MD,Passenger Car,Moving Constant Speed,45,No,2012,CHEVROLET,MALIBU,39.11265808,-76.93281367,2025,7,20
250030626,Injury Crash,07/09/2025 08:38:00 PM,OLD COLUMBIA PIKE (SB/L),NA,Other,Rain,Wet,Medium,Traffic Control Signal,NONE DETECTED,Yes,Possible Minor Injury,Failed to Yield Right-of-Way,Unknown,MD,Passenger Car,Turning Left,45,No,2021,SUBARU,WRX,39.11265808,-76.93281367,2025,7,20
250030624,Property Damage Crash,07/09/2025 07:57:00 PM,ST PAUL ST,NA,Front to Rear,Rain,Wet,Medium,Stop Sign,NONE DETECTED,No,No Apparent Injury,NA,Not Distracted,MD,Passenger Car,Stopped in Traffic,20,No,2015,LAND ROVER,RANGE ROVER EVOQUE,39.03501462,-77.06843093,2025,7,19
250030624,Property Damage Crash,07/09/2025 07:57:00 PM,ST PAUL ST,NA,Front to Rear,Rain,Wet,Medium,Stop Sign,NONE DETECTED,No,NA,NA,NA,NA,NA,Moving Constant Speed,20,No,0,NA,NA,39.03501462,-77.06843093,2025,7,19
250030613,Property Damage Crash,07/09/2025 07:30:00 PM,CABIN JOHN PKWY,NA,Single Vehicle,Rain,Wet,Daylight,No Controls,NONE DETECTED,No,No Apparent Injury,Other Improper Action,Unknown,NA,Passenger Car,NA,25,No,2017,HYUNDAI,SONATA,39.0755714,-77.15278,2025,7,19
250030600,Injury Crash,07/09/2025 06:39:00 PM,NA,Pedestrian,Single Vehicle,Rain,NA,Daylight,NA,NONE DETECTED,Yes,No Apparent Injury,NA,Unknown,MD,Passenger Car,Accelerating,0,No,2020,TOYOTA,C-HR,39.02079749,-76.97548898,2025,7,18
250030593,Property Damage Crash,07/09/2025 06:04:00 PM,DARNESTOWN RD,NA,Front to Front,Rain,Wet,Daylight,No Controls,NONE DETECTED,Yes,No Apparent Injury,NA,Not Distracted,MA,Passenger Car,Turning Left,50,No,2012,TOYOTA,CAMRY,39.12852167,-77.34267,2025,7,18
250030593,Property Damage Crash,07/09/2025 06:04:00 PM,DARNESTOWN RD,NA,Front to Front,Rain,Wet,Daylight,No Controls,NONE DETECTED,No,No Apparent Injury,NA,Not Distracted,MD,Passenger Car,Moving Constant Speed,50,No,2011,TOYOTA,CAMRY,39.12852167,-77.34267,2025,7,18
250030609,Property Damage Crash,07/09/2025 05:53:00 PM,NA,NA,Front to Rear,Rain,NA,Daylight,NA,NONE DETECTED,No,NA,NA,NA,NA,Passenger Car,Backing,0,No,2024,HONDA,ACCORD,39.11478338,-77.19688494,2025,7,17
250030598,Property Damage Crash,07/09/2025 05:50:00 PM,VEIRS MILL RD,NA,Angle,Rain,Wet,Daylight,No Controls,NONE DETECTED,Yes,No Apparent Injury,NA,Not Distracted,MD,Sport Utility Vehicle,Turning Left,35,No,2016,CHEVROLET,TAHOE,39.07611833,-77.12023033,2025,7,17
250030598,Property Damage Crash,07/09/2025 05:50:00 PM,VEIRS MILL RD,NA,Angle,Rain,Wet,Daylight,No Controls,NONE DETECTED,No,No Apparent Injury,NA,Not Distracted,MD,Passenger Car,Stopped in Traffic,35,No,2017,HONDA,PILOT,39.07611833,-77.12023033,2025,7,17
250030598,Property Damage Crash,07/09/2025 05:50:00 PM,VEIRS MILL RD,NA,Angle,Rain,Wet,Daylight,No Controls,NONE DETECTED,No,No Apparent Injury,NA,Not Distracted,MD,Pickup,Stopped in Traffic,35,No,2009,CHEVROLET,SILVERADO,39.07611833,-77.12023033,2025,7,17
250030583,Property Damage Crash,07/09/2025 05:07:00 PM,WOODBURN RD,NA,"Sideswipe, Same Direction",Rain,Wet,Daylight,No Controls,NONE DETECTED,No,NA,NA,NA,NA,NA,NA,25,No,0,NA,NA,39.0817693,-77.1339367,2025,7,17
250030580,Property Damage Crash,07/09/2025 05:01:00 PM,RAMP 6 FR IS 370 EB TO RAMP 7 (TO IS270),NA,"Sideswipe, Same Direction",Rain,Wet,Daylight,No Controls,NONE DETECTED,No,No Apparent Injury,NA,Not Distracted,DC,Other Trucks,Moving Constant Speed,25,No,2022,FREIGHTLINER,M2,39.12000267,-77.20186133,2025,7,17
250030580,Property Damage Crash,07/09/2025 05:01:00 PM,RAMP 6 FR IS 370 EB TO RAMP 7 (TO IS270),NA,"Sideswipe, Same Direction",Rain,Wet,Daylight,No Controls,NONE DETECTED,No,No Apparent Injury,NA,Not Distracted,MD,Passenger Car,Moving Constant Speed,25,No,2009,TOYOTA,4-RUNNER,39.12000267,-77.20186133,2025,7,17
250030582,Property Damage Crash,07/09/2025 04:47:00 PM,CHELTENHAM DR,NA,"Sideswipe, Same Direction",Clear,Dry,Daylight,Traffic Control Signal,NONE DETECTED,No,No Apparent Injury,NA,Not Distracted,WV,Other,Accelerating,25,No,2023,FREIGHTLINER,M2,38.98817194,-77.09496269,2025,7,16
250030582,Property Damage Crash,07/09/2025 04:47:00 PM,CHELTENHAM DR,NA,"Sideswipe, Same Direction",Clear,Dry,Daylight,Traffic Control Signal,NONE DETECTED,No,No Apparent Injury,NA,Not Distracted,VA,Bus - Transit,Accelerating,25,No,2022,NEW FLYER,XCELSIOR,38.98817194,-77.09496269,2025,7,16
250030578,Property Damage Crash,07/09/2025 04:41:00 PM,OLNEY LAYTONSVILLE RD,NA,Front to Rear,Clear,Dry,Daylight,No Controls,NONE DETECTED,No,NA,NA,NA,NA,NA,Slowing or Stopping,40,No,0,NA,NA,39.17841033,-77.10198246,2025,7,16
250030578,Property Damage Crash,07/09/2025 04:41:00 PM,OLNEY LAYTONSVILLE RD,NA,Front to Rear,Clear,Dry,Daylight,No Controls,NONE DETECTED,No,No Apparent Injury,NA,Not Distracted,MD,Sport Utility Vehicle,Slowing or Stopping,40,No,2016,TOYOTA,SIENNA,39.17841033,-77.10198246,2025,7,16
250030557,Property Damage Crash,07/09/2025 03:15:00 PM,MONTGOMERY VILLAGE AVE,NA,Single Vehicle,Clear,Dry,Daylight,Traffic Control Signal,NONE DETECTED,No,No Apparent Injury,Ran Off Roadway,Unknown,MD,Passenger Car,Moving Constant Speed,35,No,2017,FORD,FUSION,39.1544541,-77.20917021,2025,7,15
250030553,Injury Crash,07/09/2025 02:41:00 PM,FREDERICK RD,NA,Angle,Clear,Dry,Daylight,No Controls,NONE DETECTED,No,No Apparent Injury,NA,Not Distracted,MD,Single-Unit Truck,Accelerating,0,No,2018,FORD,F-650,39.1187447,-77.17118982,2025,7,14
250030553,Injury Crash,07/09/2025 02:41:00 PM,FREDERICK RD,NA,Angle,Clear,Dry,Daylight,No Controls,NONE DETECTED,No,No Apparent Injury,NA,Not Distracted,MD,Passenger Car,Moving Constant Speed,40,No,2020,AUDI,A4,39.1187447,-77.17118982,2025,7,14
250030541,Property Damage Crash,07/09/2025 01:49:00 PM,FREDERICK RD,NA,Front to Rear,Clear,Dry,Daylight,Traffic Control Signal,NONE DETECTED,Yes,No Apparent Injury,Followed Too Closely,"Manually Operating (dialing, playing game, etc.)",MD,Passenger Car,Moving Constant Speed,45,No,2018,KIA,SOUL,39.2047476,-77.24588865,2025,7,13
250030541,Property Damage Crash,07/09/2025 01:49:00 PM,FREDERICK RD,NA,Front to Rear,Clear,Dry,Daylight,Traffic Control Signal,NONE DETECTED,No,No Apparent Injury,NA,Not Distracted,MD,Passenger Car,Slowing or Stopping,45,No,2015,LEXUS,TK,39.2047476,-77.24588865,2025,7,13
250030527,Property Damage Crash,07/09/2025 12:35:00 PM,GEORGIA AVE (SB/L),NA,Angle,Clear,Dry,Daylight,No Controls,NONE DETECTED,Yes,No Apparent Injury,NA,Not Distracted,MD,Passenger Car,Turning Left,35,No,2016,HONDA,ACCORD,39.01116733,-77.04114937,2025,7,12
250030527,Property Damage Crash,07/09/2025 12:35:00 PM,GEORGIA AVE (SB/L),NA,Angle,Clear,Dry,Daylight,No Controls,NONE DETECTED,No,No Apparent Injury,NA,Not Distracted,MD,Passenger Car,Moving Constant Speed,35,No,2004,LEXUS,LS,39.01116733,-77.04114937,2025,7,12
250030525,Property Damage Crash,07/09/2025 12:26:00 PM,FREDERICK RD,NA,Front to Rear,Clear,Dry,Daylight,Traffic Control Signal,NONE DETECTED,No,No Apparent Injury,NA,Not Distracted,MD,Passenger Car,Turning Right,30,No,2018,SUBARU,CROSSTREK,39.15035997,-77.20902341,2025,7,12
250030525,Property Damage Crash,07/09/2025 12:26:00 PM,FREDERICK RD,NA,Front to Rear,Clear,Dry,Daylight,Traffic Control Signal,NONE DETECTED,Yes,No Apparent Injury,Followed Too Closely,Not Distracted,MD,Passenger Car,Turning Right,30,No,2017,AUDI,A4,39.15035997,-77.20902341,2025,7,12
250030494,Property Damage Crash,07/09/2025 10:32:00 AM,VEIRS MILL RD,NA,Front to Rear,Clear,Dry,Daylight,No Controls,NONE DETECTED,No,No Apparent Injury,NA,Unknown,MD,Sport Utility Vehicle,Stopped in Traffic,35,No,2016,GMC,ACADIA,39.04975833,-77.07135633,2025,7,10
250030494,Property Damage Crash,07/09/2025 10:32:00 AM,VEIRS MILL RD,NA,Front to Rear,Clear,Dry,Daylight,No Controls,NONE DETECTED,Yes,No Apparent Injury,NA,Unknown,MD,Sport Utility Vehicle,Slowing or Stopping,35,No,2017,NISSAN,MURANO,39.04975833,-77.07135633,2025,7,10
240030498,Property Damage Crash,07/09/2025 10:28:00 AM,NA,NA,Single Vehicle,Clear,NA,Daylight,NA,NONE DETECTED,No,No Apparent Injury,NA,Not Distracted,MD,Passenger Car,NA,0,No,2001,LEXUS,GS,39.07608423,-77.11698155,2025,7,10
250030491,Property Damage Crash,07/09/2025 10:22:00 AM,NA,NA,Front to Front,Clear,NA,Daylight,NA,NONE DETECTED,No,No Apparent Injury,NA,Not Distracted,MD,Passenger Car,Parked,0,No,2017,TOYOTA,COROLLA,39.0908855,-77.06300639,2025,7,10
250030491,Property Damage Crash,07/09/2025 10:22:00 AM,NA,NA,Front to Front,Clear,NA,Daylight,NA,NONE DETECTED,Yes,No Apparent Injury,Improper Backing,Not Distracted,MD,Station Wagon,Backing,0,No,2000,FORD,UNKNOWN,39.0908855,-77.06300639,2025,7,10
250030480,Property Damage Crash,07/09/2025 09:15:00 AM,CHELTENHAM DR,NA,"Sideswipe, Same Direction",Clear,Dry,Daylight,Traffic Control Signal,NONE DETECTED,Yes,No Apparent Injury,NA,Not Distracted,MD,Bus - Transit,Turning Right,25,No,2012,NEW FLYER,XCELSIOR,38.98820584,-77.09604666,2025,7,9
250030470,Property Damage Crash,07/09/2025 09:01:00 AM,RAMP 6 FR RP 3 (FR MD200 EB) TO MD650 SB,NA,Front to Rear,Clear,Dry,Daylight,Traffic Control Signal,NONE DETECTED,Yes,No Apparent Injury,Followed Too Closely,Not Distracted,MD,Passenger Car,Moving Constant Speed,40,No,2016,MERCEDES-BENZ,GLA-CLASS,39.08764922,-76.99959831,2025,7,9
250030470,Property Damage Crash,07/09/2025 09:01:00 AM,RAMP 6 FR RP 3 (FR MD200 EB) TO MD650 SB,NA,Front to Rear,Clear,Dry,Daylight,Traffic Control Signal,NONE DETECTED,No,No Apparent Injury,NA,Not Distracted,MD,Pickup,Slowing or Stopping,40,No,2004,FORD,F-150,39.08764922,-76.99959831,2025,7,9
250030473,Property Damage Crash,07/09/2025 07:20:00 AM,ROCKVILLE PIKE (SB/L),NA,"Sideswipe, Same Direction",Clear,Dry,Daylight,Traffic Control Signal,NONE DETECTED,Yes,No Apparent Injury,"Failed to Keep in Proper Lane, Improper Passing",Unknown,MD,Passenger Car,Moving Constant Speed,35,No,2015,CHEVROLET,TRAVERSE,39.00260693,-77.09746266,2025,7,7
250030473,Property Damage Crash,07/09/2025 07:20:00 AM,ROCKVILLE PIKE (SB/L),NA,"Sideswipe, Same Direction",Clear,Dry,Daylight,Traffic Control Signal,NONE DETECTED,No,No Apparent Injury,NA,Not Distracted,MD,Passenger Car,Moving Constant Speed,35,No,2024,SUBARU,FORESTER,39.00260693,-77.09746266,2025,7,7
250030458,Injury Crash,07/09/2025 07:01:00 AM,CONNECTICUT AVE,NA,Angle,Clear,Dry,Daylight,Traffic Control Signal,NONE DETECTED,No,Possible Minor Injury,Failed to Keep in Proper Lane,Not Distracted,MD,Passenger Car,Stopped in Traffic,35,No,2015,TOYOTA,RAV4,39.0572502,-77.07342122,2025,7,7
250030458,Injury Crash,07/09/2025 07:01:00 AM,CONNECTICUT AVE,NA,Angle,Clear,Dry,Daylight,Traffic Control Signal,NONE DETECTED,Yes,Possible Minor Injury,NA,Not Distracted,MD,Single-Unit Truck,Accelerating,35,No,2007,FREIGHTLINER,M2,39.0572502,-77.07342122,2025,7,7
250030455,Property Damage Crash,07/09/2025 05:40:00 AM,LEE AVE,NA,"Sideswipe, Same Direction",Clear,Dry,Daylight,No Controls,NONE DETECTED,No,No Apparent Injury,Improper Turn,Not Distracted,MD,Other Trucks,Moving Constant Speed,10,No,2025,MACK,TERRAPRO,38.98168786,-77.00803984,2025,7,5
250030454,Injury Crash,07/09/2025 03:40:00 AM,NA,NA,Single Vehicle,Rain,Wet,Dark,No Controls,ALCOHOL PRESENT,Yes,Possible Minor Injury,"Failed to Keep in Proper Lane, Operated Motor Vehicle in Inattentive, Careless, Negligent, or Erratic Manner, Operated Motor Vehicle in Reckless or Aggressive Manner, Over-Correcting/Over-Steering, Too Fast For Conditions",Unknown,MD,Passenger Car,Slowing or Stopping,35,No,2020,HONDA,ACCORD,39.17436908,-77.35943669,2025,7,3
250030450,Property Damage Crash,07/09/2025 02:11:00 AM,GEORGIA AVE,NA,Single Vehicle,Clear,Dry,Medium,No Controls,NONE DETECTED,No,No Apparent Injury,NA,Not Distracted,MD,Passenger Car,Moving Constant Speed,45,No,2018,NISSAN,ROGUE,39.12427256,-77.07279301,2025,7,2
250030415,Injury Crash,07/08/2025 08:11:00 PM,NEW HAMPSHIRE AVE (SB/L),NA,Front to Rear,Clear,Dry,Daylight,Traffic Control Signal,NONE DETECTED,Yes,No Apparent Injury,Other Improper Action,Unknown,NA,Passenger Car,NA,35,No,2009,TOYOTA,COROLLA,38.97573464,-76.99386968,2025,7,20
250030415,Injury Crash,07/08/2025 08:11:00 PM,NEW HAMPSHIRE AVE (SB/L),NA,Front to Rear,Clear,Dry,Daylight,Traffic Control Signal,NONE DETECTED,No,Possible Minor Injury,Other Improper Action,Not Distracted,MD,Passenger Car,NA,35,No,2002,TOYOTA,TACOMA,38.97573464,-76.99386968,2025,7,20
250030413,Injury Crash,07/08/2025 08:05:00 PM,PIER POINT PL,NA,Other,Clear,Wet,Medium,Traffic Control Signal,NONE DETECTED,Yes,Possible Minor Injury,Failed to Yield Right-of-Way,Unknown,MD,Passenger Car,Turning Left,50,No,2015,HONDA,ACCORD,39.15940317,-77.19831233,2025,7,20
250030413,Injury Crash,07/08/2025 08:05:00 PM,PIER POINT PL,NA,Other,Clear,Wet,Medium,Traffic Control Signal,NONE DETECTED,No,No Apparent Injury,NA,Not Distracted,MD,Passenger Car,Moving Constant Speed,50,No,2019,BMW,M5,39.15940317,-77.19831233,2025,7,20
250030408,Property Damage Crash,07/08/2025 07:21:00 PM,BONIFANT RD,NA,Angle,Clear,Wet,Daylight,Traffic Control Signal,NONE DETECTED,Yes,No Apparent Injury,NA,Not Distracted,MD,Passenger Car,Making U-Turn,35,No,2023,TOYOTA,SIENNA,39.09055833,-77.04468333,2025,7,19
250030408,Property Damage Crash,07/08/2025 07:21:00 PM,BONIFANT RD,NA,Angle,Clear,Wet,Daylight,Traffic Control Signal,NONE DETECTED,No,No Apparent Injury,NA,Not Distracted,MD,Pickup,Turning Left,35,No,2004,TOYOTA,TACOMA,39.09055833,-77.04468333,2025,7,19
250030399,Property Damage Crash,07/08/2025 05:55:00 PM,OLD COLUMBIA PIKE (SB/L),NA,Angle,Rain,Wet,Daylight,Traffic Control Signal,NONE DETECTED,No,No Apparent Injury,NA,Not Distracted,DC,Passenger Car,Turning Left,40,No,2021,FORD,MUSTANG,39.11119807,-76.9320858,2025,7,17
250030399,Property Damage Crash,07/08/2025 05:55:00 PM,OLD COLUMBIA PIKE (SB/L),NA,Angle,Rain,Wet,Daylight,Traffic Control Signal,NONE DETECTED,Yes,No Apparent Injury,NA,"Other Action (looking away from task, etc.)",MD,Passenger Car,Moving Constant Speed,40,No,2020,NISSAN,ALTIMA,39.11119807,-76.9320858,2025,7,17
250030400,Property Damage Crash,07/08/2025 05:54:00 PM,NA,NA,Front to Rear,Rain,Wet,Daylight,No Controls,NONE DETECTED,No,NA,NA,NA,NA,Passenger Car,Moving Constant Speed,40,No,2011,HONDA,ACCORD,39.15414145,-77.25390782,2025,7,17
250030400,Property Damage Crash,07/08/2025 05:54:00 PM,NA,NA,Front to Rear,Rain,Wet,Daylight,No Controls,NONE DETECTED,No,No Apparent Injury,NA,Not Distracted,MD,Passenger Car,Moving Constant Speed,40,No,2016,LEXUS,RX,39.15414145,-77.25390782,2025,7,17
250030398,Property Damage Crash,07/08/2025 05:30:00 PM,NA,NA,Front to Front,Rain,Wet,Daylight,No Controls,NONE DETECTED,No,No Apparent Injury,NA,Unknown,MD,Other,NA,30,No,2021,GILLIG,UNKNOWN,39.12329317,-77.162013,2025,7,17
250030398,Property Damage Crash,07/08/2025 05:30:00 PM,NA,NA,Front to Front,Rain,Wet,Daylight,No Controls,NONE DETECTED,Yes,No Apparent Injury,NA,Not Distracted,MD,Passenger Car,Moving Constant Speed,40,No,2003,SUBARU,IMPREZA,39.12329317,-77.162013,2025,7,17
250030393,Property Damage Crash,07/08/2025 05:20:00 PM,W MONTGOMERY AVE,NA,Front to Rear,Rain,Wet,Daylight,Traffic Control Signal,NONE DETECTED,No,No Apparent Injury,NA,Unknown,MD,Passenger Car,Slowing or Stopping,30,No,2003,TOYOTA,AVALON,39.08475516,-77.1619912,2025,7,17
250030393,Property Damage Crash,07/08/2025 05:20:00 PM,W MONTGOMERY AVE,NA,Front to Rear,Rain,Wet,Daylight,Traffic Control Signal,NONE DETECTED,No,No Apparent Injury,NA,Unknown,MD,Passenger Car,Slowing or Stopping,30,No,2018,BMW,440I,39.08475516,-77.1619912,2025,7,17
250027057,Property Damage Crash,07/08/2025 05:00:00 PM,ELLSWORTH DR,NA,Other,Clear,Dry,Daylight,No Controls,NONE DETECTED,No,No Apparent Injury,NA,Not Distracted,MA,Passenger Car,Turning Left,25,No,2008,ACURA,RL,38.99706821,-77.02530735,2025,7,17
250027057,Property Damage Crash,07/08/2025 05:00:00 PM,ELLSWORTH DR,NA,Other,Clear,Dry,Daylight,No Controls,NONE DETECTED,No,No Apparent Injury,NA,Not Distracted,MD,Bus - Transit,Moving Constant Speed,25,No,2009,GILLIG,CITY TRANSIT BUS,38.99706821,-77.02530735,2025,7,17
250030389,Property Damage Crash,07/08/2025 04:44:00 PM,NA,NA,Other,Rain,NA,Daylight,NA,NONE DETECTED,Yes,No Apparent Injury,Other Improper Action,Unknown,MD,Pickup,Turning Right,0,No,2016,FORD,F-150,39.06078742,-77.10934722,2025,7,16
250030372,Property Damage Crash,07/08/2025 03:45:00 PM,DETRICK AVE,NA,Front to Front,Clear,Dry,Daylight,No Controls,NONE DETECTED,No,No Apparent Injury,NA,Not Distracted,MD,Sport Utility Vehicle,Moving Constant Speed,35,No,2017,FORD,EXPLORER,39.0276812,-77.07805203,2025,7,15
250030372,Property Damage Crash,07/08/2025 03:45:00 PM,DETRICK AVE,NA,Front to Front,Clear,Dry,Daylight,Stop Sign,NONE DETECTED,Yes,No Apparent Injury,NA,Not Distracted,MD,Van - Passenger (&lt;9 Seats),Accelerating,35,No,2003,TOYOTA,SIENNA,39.0276812,-77.07805203,2025,7,15
250030371,Property Damage Crash,07/08/2025 03:30:00 PM,ROCKVILLE PIKE,NA,Front to Rear,Clear,Dry,Daylight,No Controls,NONE DETECTED,No,No Apparent Injury,NA,Not Distracted,CT,Sport Utility Vehicle,Slowing or Stopping,35,No,2023,MAZDA,CX-30,39.07501067,-77.13634633,2025,7,15
250030371,Property Damage Crash,07/08/2025 03:30:00 PM,ROCKVILLE PIKE,NA,Front to Rear,Clear,Dry,Daylight,No Controls,NONE DETECTED,Yes,No Apparent Injury,Followed Too Closely,Unknown,MD,Sport Utility Vehicle,Moving Constant Speed,35,No,2017,JEEP,GRAND CHEROKEE,39.07501067,-77.13634633,2025,7,15
250030367,Property Damage Crash,07/08/2025 02:55:00 PM,DENFELD CT,NA,Front to Rear,Clear,Dry,Daylight,No Controls,NONE DETECTED,Yes,No Apparent Injury,NA,"Other Action (looking away from task, etc.)",MD,Passenger Car,Moving Constant Speed,35,No,2006,HONDA,CIVIC,39.03871283,-77.07844067,2025,7,14
250030357,Injury Crash,07/08/2025 02:20:00 PM,RANDOLPH RD,NA,Front to Rear,Clear,Dry,Daylight,No Controls,NONE DETECTED,No,No Apparent Injury,NA,Not Distracted,MD,Passenger Car,Slowing or Stopping,35,No,2016,NISSAN,ROGUE,39.05388996,-77.0958224,2025,7,14
250030357,Injury Crash,07/08/2025 02:20:00 PM,RANDOLPH RD,NA,Front to Rear,Clear,Dry,Daylight,No Controls,NONE DETECTED,Yes,No Apparent Injury,Followed Too Closely,Not Distracted,MD,Passenger Car,Moving Constant Speed,35,No,2017,TOYOTA,COROLLA,39.05388996,-77.0958224,2025,7,14
250030357,Injury Crash,07/08/2025 02:20:00 PM,RANDOLPH RD,NA,Front to Rear,Clear,Dry,Daylight,No Controls,NONE DETECTED,Yes,Possible Minor Injury,Followed Too Closely,Not Distracted,MD,Passenger Car,Moving Constant Speed,35,No,2006,NISSAN,SENTRA,39.05388996,-77.0958224,2025,7,14
250030358,Property Damage Crash,07/08/2025 02:06:00 PM,NA,NA,Front to Rear,Clear,NA,Daylight,NA,NONE DETECTED,No,NA,NA,NA,NA,Passenger Car,Backing,0,No,2021,KIA,SPORTAGE,39.1096775,-77.0768955,2025,7,14
250030353,Property Damage Crash,07/08/2025 01:35:00 PM,RESEARCH BLVD,NA,Angle,Clear,Dry,Daylight,Traffic Control Signal,NONE DETECTED,No,No Apparent Injury,NA,Not Distracted,VA,Passenger Car,Turning Left,35,No,2017,HONDA,CR-V,39.10500333,-77.19044233,2025,7,13
250030353,Property Damage Crash,07/08/2025 01:35:00 PM,RESEARCH BLVD,NA,Angle,Clear,Dry,Daylight,Traffic Control Signal,NONE DETECTED,Yes,No Apparent Injury,NA,Unknown,MD,Passenger Car,Moving Constant Speed,45,No,2009,TOYOTA,CAMRY,39.10500333,-77.19044233,2025,7,13
250030375,Injury Crash,07/08/2025 12:40:00 PM,NA,Pedestrian,Single Vehicle,Clear,NA,Daylight,NA,NONE DETECTED,No,NA,NA,NA,NA,Passenger Car,Backing,0,No,0,NA,NA,39.20161376,-77.24961592,2025,7,12
250030335,Property Damage Crash,07/08/2025 12:36:00 PM,CRABBS BRANCH WAY,NA,Other,Clear,Dry,Daylight,Traffic Control Signal,NONE DETECTED,No,No Apparent Injury,NA,Not Distracted,MD,Pickup,Turning Left,25,No,2013,GMC,SIERRA,39.114691,-77.15694084,2025,7,12
250030335,Property Damage Crash,07/08/2025 12:36:00 PM,CRABBS BRANCH WAY,NA,Other,Clear,Dry,Daylight,Traffic Control Signal,NONE DETECTED,No,No Apparent Injury,NA,Not Distracted,MD,Passenger Car,Moving Constant Speed,35,No,2014,CHEVROLET,CRUZE,39.114691,-77.15694084,2025,7,12
250030334,Injury Crash,07/08/2025 12:31:00 PM,TAFT CT,NA,Angle,Clear,Dry,Daylight,Traffic Control Signal,NONE DETECTED,No,Suspected Serious Injury,NA,Not Distracted,MD,Passenger Car,Moving Constant Speed,35,No,2025,HYUNDAI,ELANTRA,39.0941601,-77.13246617,2025,7,12
250030334,Injury Crash,07/08/2025 12:31:00 PM,TAFT CT,NA,Angle,Clear,Dry,Daylight,Traffic Control Signal,NONE DETECTED,Yes,No Apparent Injury,NA,Not Distracted,MD,Passenger Car,Accelerating,35,No,2021,HONDA,HR-V,39.0941601,-77.13246617,2025,7,12
250030125,Property Damage Crash,07/08/2025 11:29:00 AM,RIDGE RD (NB/L),NA,"Sideswipe, Same Direction",Clear,Dry,Daylight,No Controls,NONE DETECTED,No,No Apparent Injury,NA,Not Distracted,MD,Sport Utility Vehicle,Moving Constant Speed,45,No,2019,FORD,ESCAPE,39.200487,-77.25700333,2025,7,11
250030125,Property Damage Crash,07/08/2025 11:29:00 AM,RIDGE RD (NB/L),NA,"Sideswipe, Same Direction",Clear,Dry,Daylight,No Controls,NONE DETECTED,No,No Apparent Injury,Failed to Yield Right-of-Way,NA,NA,Unknown,Changing Lanes,45,No,0,NA,NA,39.200487,-77.25700333,2025,7,11
250030318,Property Damage Crash,07/08/2025 10:06:00 AM,NA,NA,Single Vehicle,Clear,NA,Daylight,NA,NONE DETECTED,Yes,No Apparent Injury,NA,Unknown,MD,Other Trucks,Moving Constant Speed,0,No,2023,FREIGHTLINER,M2,39.08982017,-77.04916983,2025,7,10
250030178,Property Damage Crash,07/08/2025 10:00:00 AM,NA,NA,Front to Rear,Clear,NA,Daylight,NA,NONE DETECTED,No,No Apparent Injury,Improper Backing,Unknown,NA,Single-Unit Truck,Backing,0,No,2017,GMC,SAVANA,38.99213778,-77.0324548,2025,7,10
250030178,Property Damage Crash,07/08/2025 10:00:00 AM,NA,NA,Front to Rear,Clear,NA,Daylight,NA,NONE DETECTED,No,No Apparent Injury,NA,Not Distracted,DC,Passenger Car,Parked,0,No,2023,AUDI,Q3,38.99213778,-77.0324548,2025,7,10
250030306,Injury Crash,07/08/2025 09:46:00 AM,SC ENT,NA,Single Vehicle,Clear,Dry,Daylight,No Controls,NONE DETECTED,No,Possible Minor Injury,Other Improper Action,Not Distracted,MD,Passenger Car,Accelerating,0,No,2010,HONDA,ACCORD,39.15432267,-77.21370804,2025,7,9