Local Case Number,ACRS Report Type,Crash Date/Time,Road Name,Related Non-Motorist,Collision Type,Weather,Surface Condition,Light,Traffic Control,Driver Substance Abuse,Driver At Fault,Injury Severity,Circumstance,Driver Distracted By,Drivers License State,Vehicle Body Type,Vehicle Movement,Speed Limit,Driverless Vehicle,Vehicle Year,Vehicle Make,Vehicle Model,Latitude,Longitude,Year,Month,Hour
250030310,Property Damage Crash,07/08/2025 09:33:00 AM,NORBECK RD,NA,"Sideswipe, Opposite Direction",Clear,Dry,Daylight,No Controls,NONE DETECTED,Yes,No Apparent Injury,NA,Not Distracted,DC,Other,Backing,15,No,2024,FREIGHTLINER,M2,39.10686433,-77.08438317,2025,7,9
250030304,Injury Crash,07/08/2025 09:19:00 AM,GEORGIA AVE (SB/L),NA,Angle,Clear,Dry,Daylight,Stop Sign,NONE DETECTED,No,Possible Minor Injury,Failed to Yield Right-of-Way,Not Distracted,MD,Passenger Car,Moving Constant Speed,35,No,2017,TOYOTA,RAV4,39.02684436,-77.04678576,2025,7,9
250030304,Injury Crash,07/08/2025 09:19:00 AM,GEORGIA AVE (SB/L),NA,Angle,Clear,Dry,Daylight,Other,NONE DETECTED,No,No Apparent Injury,"Disregarded Other Road Markings, Disregarded Other Traffic Sign, Other Improper Action",Not Distracted,MD,Passenger Car,Moving Constant Speed,35,No,2018,JAGUAR,F-PACE,39.02684436,-77.04678576,2025,7,9
250030299,Property Damage Crash,07/08/2025 09:10:00 AM,METRORAIL TRACK B1 RAIL,NA,Angle,Clear,Dry,Daylight,Lane Use Control Signal,NONE DETECTED,No,No Apparent Injury,NA,Not Distracted,MD,Passenger Car,Slowing or Stopping,35,No,2019,MINI,COUNTRYMAN,39.01076775,-77.04100307,2025,7,9
250030299,Property Damage Crash,07/08/2025 09:10:00 AM,METRORAIL TRACK B1 RAIL,NA,Angle,Clear,Dry,Daylight,Lane Use Control Signal,NONE DETECTED,Yes,No Apparent Injury,"Failed to Keep in Proper Lane, Other Improper Action",Unknown,MD,Passenger Car,Changing Lanes,35,No,2018,HYUNDAI,SANTA FE,39.01076775,-77.04100307,2025,7,9
250030302,Injury Crash,07/08/2025 08:40:00 AM,CAPITAL BELTWAY (WB/L),NA,Front to Rear,Clear,Dry,Daylight,No Controls,NONE DETECTED,No,No Apparent Injury,NA,Not Distracted,MD,Passenger Car,Slowing or Stopping,55,No,2017,TOYOTA,PRIUS,39.01532455,-77.03148611,2025,7,8
250030302,Injury Crash,07/08/2025 08:40:00 AM,CAPITAL BELTWAY (WB/L),NA,Front to Rear,Clear,Dry,Daylight,No Controls,NONE DETECTED,Yes,Possible Minor Injury,Too Fast For Conditions,Not Distracted,MD,Motorcycle - 2 Wheeled,Slowing or Stopping,55,No,2004,YAMAHA,YZF-R6,39.01532455,-77.03148611,2025,7,8
250030287,Property Damage Crash,07/08/2025 06:30:00 AM,SAM EIG HWY (SB/L),NA,Front to Rear,Clear,Dry,Daylight,Traffic Control Signal,DRUG AND ALCOHOL CONTRIBUTED,Yes,No Apparent Injury,Too Fast For Conditions,Not Distracted,MD,Passenger Car,Slowing or Stopping,45,No,1997,FORD,F-150,39.10872452,-77.212303,2025,7,6
250030287,Property Damage Crash,07/08/2025 06:30:00 AM,SAM EIG HWY (SB/L),NA,Front to Rear,Clear,Dry,Daylight,Traffic Control Signal,NONE DETECTED,No,No Apparent Injury,NA,Not Distracted,MD,Passenger Car,Stopped in Traffic,45,No,2013,HYUNDAI,ELANTRA,39.10872452,-77.212303,2025,7,6
250030286,Injury Crash,07/08/2025 05:26:00 AM,NA,NA,Other,Clear,Dry,Medium,Traffic Control Signal,NONE DETECTED,No,Possible Minor Injury,NA,Unknown,MD,Passenger Car,Moving Constant Speed,50,No,2010,TOYOTA,SCION TC,39.19513387,-77.15310209,2025,7,5
250030286,Injury Crash,07/08/2025 05:26:00 AM,NA,NA,Other,Clear,Dry,Medium,Traffic Control Signal,NONE DETECTED,Yes,No Apparent Injury,NA,Unknown,MD,Sport Utility Vehicle,Accelerating,30,No,2003,TOYOTA,SEQUOIA,39.19513387,-77.15310209,2025,7,5
250030282,Injury Crash,07/08/2025 04:41:00 AM,SEVEN LOCKS RD,NA,Angle,Clear,Dry,Medium,Flashing Traffic Control Signal,NONE DETECTED,No,Possible Minor Injury,NA,Not Distracted,MD,Sport Utility Vehicle,Moving Constant Speed,35,No,2013,FORD,EXPLORER,39.04068157,-77.15914522,2025,7,4
250030282,Injury Crash,07/08/2025 04:41:00 AM,SEVEN LOCKS RD,NA,Angle,Clear,Dry,Medium,Flashing Traffic Control Signal,NONE DETECTED,No,No Apparent Injury,Failed to Yield Right-of-Way,Not Distracted,MD,Passenger Car,Accelerating,35,No,2023,TESLA,MODEL Y,39.04068157,-77.15914522,2025,7,4
250030270,Property Damage Crash,07/08/2025 12:54:00 AM,NA,NA,Front to Rear,Clear,NA,Medium,NA,NONE DETECTED,No,NA,NA,NA,NA,Passenger Car,Backing,0,No,2004,TOYOTA,COROLLA,39.07121687,-77.13278131,2025,7,0
250030260,Injury Crash,07/07/2025 09:17:00 PM,MONTGOMERY VILLAGE AVE,NA,Angle,Clear,Dry,Medium,Traffic Control Signal,NONE DETECTED,No,Possible Minor Injury,NA,Not Distracted,NA,Passenger Car,Turning Left,30,No,2020,TOYOTA,CAMRY,39.15443525,-77.20925837,2025,7,21
250030260,Injury Crash,07/07/2025 09:17:00 PM,MONTGOMERY VILLAGE AVE,NA,Angle,Clear,Dry,Medium,Traffic Control Signal,NONE DETECTED,No,Possible Minor Injury,NA,Not Distracted,MD,Passenger Car,Moving Constant Speed,30,No,2009,NISSAN,ALTIMA,39.15443525,-77.20925837,2025,7,21
250030260,Injury Crash,07/07/2025 09:17:00 PM,MONTGOMERY VILLAGE AVE,NA,Angle,Clear,Dry,Medium,Traffic Control Signal,NONE DETECTED,No,No Apparent Injury,NA,Not Distracted,MD,Sport Utility Vehicle,Moving Constant Speed,30,No,2018,MAZDA,CX-9,39.15443525,-77.20925837,2025,7,21
250030261,Property Damage Crash,07/07/2025 09:08:00 PM,NA,NA,Other,Clear,NA,Medium,NA,NONE DETECTED,No,No Apparent Injury,NA,Not Distracted,XX,Passenger Car,Turning Left,0,No,2015,HONDA,CR-V,39.04086708,-77.19207402,2025,7,21
250030244,Property Damage Crash,07/07/2025 06:46:00 PM,FIRSTFIELD RD (EB/L),NA,Rear To Side,Clear,Dry,Daylight,Stop Sign,NONE DETECTED,No,No Apparent Injury,Failed to Yield Right-of-Way,Unknown,MD,Sport Utility Vehicle,Turning Left,10,No,2016,JEEP,GRAND CHEROKEE,39.14499267,-77.22279183,2025,7,18
250030244,Property Damage Crash,07/07/2025 06:46:00 PM,FIRSTFIELD RD (EB/L),NA,Rear To Side,Clear,Dry,Daylight,No Controls,NONE DETECTED,No,No Apparent Injury,NA,Not Distracted,MD,Passenger Car,Moving Constant Speed,35,No,2022,TESLA,MODEL 3,39.14499267,-77.22279183,2025,7,18
250030237,Property Damage Crash,07/07/2025 06:16:00 PM,FALLSMEAD WAY (SB/L),NA,Single Vehicle,Clear,Dry,Daylight,No Controls,NONE DETECTED,Yes,No Apparent Injury,NA,Unknown,MD,Passenger Car,Turning Right,35,No,2009,LEXUS,ES,39.07154401,-77.16741835,2025,7,18
250030238,Property Damage Crash,07/07/2025 06:05:00 PM,NA,NA,Rear To Side,Clear,NA,Daylight,NA,NONE DETECTED,No,NA,NA,NA,NA,Passenger Car,Backing,0,No,2023,JEEP,GRAND CHEROKEE,38.98416928,-76.98722313,2025,7,18
250030236,Injury Crash,07/07/2025 05:52:00 PM,NEW HAMPSHIRE AVE (SB/L),NA,Angle,Clear,Dry,Daylight,No Controls,NONE DETECTED,No,No Apparent Injury,NA,Not Distracted,MD,Sport Utility Vehicle,Moving Constant Speed,45,No,2011,MAZDA,CX-7,39.07702613,-77.00181706,2025,7,17
250030236,Injury Crash,07/07/2025 05:52:00 PM,NEW HAMPSHIRE AVE (SB/L),NA,Angle,Clear,Dry,Daylight,Other,NONE DETECTED,Yes,No Apparent Injury,Failed to Yield Right-of-Way,Not Distracted,MD,Van - Passenger (&lt;9 Seats),Turning Left,45,No,2018,TOYOTA,SIENNA,39.07702613,-77.00181706,2025,7,17
250030227,Property Damage Crash,07/07/2025 04:05:00 PM,GLENMONT CIR #1,NA,Front to Rear,Clear,Dry,Daylight,Stop Sign,NONE DETECTED,No,No Apparent Injury,NA,Not Distracted,MD,Passenger Car,Slowing or Stopping,25,No,2015,HONDA,PILOT,39.05875831,-77.04750379,2025,7,16
250030227,Property Damage Crash,07/07/2025 04:05:00 PM,GLENMONT CIR #1,NA,Front to Rear,Clear,Dry,Daylight,Stop Sign,NONE DETECTED,Yes,No Apparent Injury,Followed Too Closely,Not Distracted,MD,Passenger Car,Slowing or Stopping,25,No,2014,RAM,1500,39.05875831,-77.04750379,2025,7,16
250030223,Property Damage Crash,07/07/2025 04:00:00 PM,MAPLE AVE,NA,Angle,Clear,Dry,Daylight,Traffic Control Signal,NONE DETECTED,No,No Apparent Injury,NA,Not Distracted,MD,Sport Utility Vehicle,Moving Constant Speed,25,No,2022,VOLKSWAGEN,TIGUAN,39.05325598,-77.11353939,2025,7,16
250030223,Property Damage Crash,07/07/2025 04:00:00 PM,MAPLE AVE,NA,Angle,Clear,Dry,Daylight,Traffic Control Signal,NONE DETECTED,No,No Apparent Injury,NA,Not Distracted,VA,Autocycle,Moving Constant Speed,35,No,2014,TOYOTA,CAMRY,39.05325598,-77.11353939,2025,7,16
250030218,Property Damage Crash,07/07/2025 03:49:00 PM,NA,NA,Angle,Clear,Dry,Daylight,No Controls,NONE DETECTED,No,No Apparent Injury,NA,Not Distracted,MD,Passenger Car,Moving Constant Speed,35,No,2025,FORD,MUSTANG,39.0820749,-77.079914,2025,7,15
250030218,Property Damage Crash,07/07/2025 03:49:00 PM,NA,NA,Angle,Clear,Dry,Daylight,No Controls,NONE DETECTED,Yes,No Apparent Injury,Failed to Yield Right-of-Way,Not Distracted,MD,Sport Utility Vehicle,Turning Right,35,No,2020,HONDA,CR-V,39.0820749,-77.079914,2025,7,15
250030213,Property Damage Crash,07/07/2025 03:10:00 PM,METRO ENT,NA,Angle,Clear,Dry,Daylight,Traffic Control Signal,NONE DETECTED,Yes,No Apparent Injury,NA,Unknown,MD,Passenger Car,Turning Left,40,No,2011,HONDA,ACCORD,39.11739567,-77.16883933,2025,7,15
250030213,Property Damage Crash,07/07/2025 03:10:00 PM,METRO ENT,NA,Angle,Clear,Dry,Daylight,Traffic Control Signal,NONE DETECTED,No,No Apparent Injury,NA,Not Distracted,MD,Sport Utility Vehicle,Moving Constant Speed,40,No,2023,FORD,EXPEDITION MAX,39.11739567,-77.16883933,2025,7,15
250030194,Injury Crash,07/07/2025 01:00:00 PM,RANDOLPH RD,NA,Other,Clear,Dry,Daylight,Traffic Control Signal,NONE DETECTED,No,No Apparent Injury,NA,Unknown,MD,Sport Utility Vehicle,Stopped in Traffic,45,No,2014,TOYOTA,HIGHLANDER,39.0755818,-77.00268097,2025,7,13
250030194,Injury Crash,07/07/2025 01:00:00 PM,RANDOLPH RD,NA,Other,Clear,Dry,Daylight,Traffic Control Signal,NONE DETECTED,No,NA,NA,NA,NA,NA,Backing,45,No,0,NA,NA,39.0755818,-77.00268097,2025,7,13
250030202,Property Damage Crash,07/07/2025 12:57:00 PM,VEIRS MILL RD (WB/L),NA,Other,Clear,Dry,Daylight,Traffic Control Signal,NONE DETECTED,Yes,No Apparent Injury,Over-Correcting/Over-Steering,Unknown,MD,Passenger Car,NA,35,No,2018,HONDA,CIVIC,39.07495903,-77.1156835,2025,7,12
250030202,Property Damage Crash,07/07/2025 12:57:00 PM,VEIRS MILL RD (WB/L),NA,Other,Clear,Dry,Daylight,Traffic Control Signal,NONE DETECTED,No,No Apparent Injury,Over-Correcting/Over-Steering,Unknown,MD,Passenger Car,NA,35,No,2024,NISSAN,VERSA,39.07495903,-77.1156835,2025,7,12
250030202,Property Damage Crash,07/07/2025 12:57:00 PM,VEIRS MILL RD (WB/L),NA,Other,Clear,Dry,Daylight,Traffic Control Signal,NONE DETECTED,No,No Apparent Injury,Over-Correcting/Over-Steering,Unknown,MD,Passenger Car,Stopped in Traffic,35,No,2025,TOYOTA,CAMRY,39.07495903,-77.1156835,2025,7,12
250030193,Injury Crash,07/07/2025 12:42:00 PM,HUFF CT,NA,Angle,Clear,Dry,Daylight,No Controls,NONE DETECTED,Yes,Possible Minor Injury,NA,Not Distracted,MD,Passenger Car,Moving Constant Speed,25,No,2025,NISSAN,SENTRA,39.04417633,-77.10910883,2025,7,12
250030193,Injury Crash,07/07/2025 12:42:00 PM,HUFF CT,NA,Angle,Clear,Dry,Daylight,No Controls,NONE DETECTED,No,Possible Minor Injury,NA,Not Distracted,MD,Passenger Car,Moving Constant Speed,25,No,2013,LEXUS,GS,39.04417633,-77.10910883,2025,7,12
250030186,Property Damage Crash,07/07/2025 12:21:00 PM,WHEATON PLZ ENTRANCE CUT,NA,Other,Cloudy,Dry,Daylight,Traffic Control Signal,NONE DETECTED,No,No Apparent Injury,NA,Not Distracted,MD,Sport Utility Vehicle,Turning Left,30,No,2012,LEXUS,RX,39.03911095,-77.05713122,2025,7,12
250030186,Property Damage Crash,07/07/2025 12:21:00 PM,WHEATON PLZ ENTRANCE CUT,NA,Other,Cloudy,Dry,Daylight,Traffic Control Signal,NONE DETECTED,No,No Apparent Injury,NA,Not Distracted,MD,Passenger Car,Moving Constant Speed,30,No,2010,TOYOTA,COROLLA,39.03911095,-77.05713122,2025,7,12
250047591,Property Damage Crash,07/07/2025 12:00:00 PM,DOUGLASS AVE,NA,Single Vehicle,Clear,Dry,Daylight,No Controls,NONE DETECTED,No,No Apparent Injury,NA,Not Distracted,MD,Single-Unit Truck,Moving Constant Speed,20,No,2025,FREIGHTLINER,M2,39.09319611,-77.14747136,2025,7,12
250030192,Fatal Crash,07/07/2025 11:39:00 AM,NA,Pedestrian,Single Vehicle,Clear,Dry,Daylight,Curve Ahead Warning Sign,NONE DETECTED,Yes,No Apparent Injury,"Operated Motor Vehicle in Inattentive, Careless, Negligent, or Erratic Manner, Ran Off Roadway",Unknown,MD,Sport Utility Vehicle,Negotiating a Curve,40,No,2017,BUICK,ENVISION,39.14144708,-77.13803748,2025,7,11
250030166,Injury Crash,07/07/2025 10:22:00 AM,MONTROSE PKWY,NA,Front to Rear,Rain,Wet,Daylight,No Controls,NONE DETECTED,No,Possible Minor Injury,NA,Not Distracted,MD,Passenger Car,Slowing or Stopping,35,No,2013,HONDA,PILOT,39.05211067,-77.11752883,2025,7,10
250030166,Injury Crash,07/07/2025 10:22:00 AM,MONTROSE PKWY,NA,Front to Rear,Rain,Wet,Daylight,No Controls,NONE DETECTED,Yes,No Apparent Injury,NA,Not Distracted,MD,Passenger Car,Slowing or Stopping,35,No,2007,TOYOTA,COROLLA,39.05211067,-77.11752883,2025,7,10
250030165,Property Damage Crash,07/07/2025 10:19:00 AM,PARAMOUNT PARK DR,NA,Single Vehicle,Rain,Wet,Daylight,Yield Sign,NONE DETECTED,No,No Apparent Injury,NA,Not Distracted,MD,Sport Utility Vehicle,Stopped in Traffic,15,No,2020,HONDA,PASSPORT,39.16057271,-77.22109845,2025,7,10
250030165,Property Damage Crash,07/07/2025 10:19:00 AM,PARAMOUNT PARK DR,NA,Single Vehicle,Rain,Wet,Daylight,No Controls,NONE DETECTED,Yes,No Apparent Injury,Too Fast For Conditions,Not Distracted,MD,Sport Utility Vehicle,Turning Right,40,No,2016,JEEP,PATRIOT,39.16057271,-77.22109845,2025,7,10
250030160,Property Damage Crash,07/07/2025 09:42:00 AM,DEL RAY AVE,NA,Single Vehicle,Clear,Dry,Daylight,No Controls,NONE DETECTED,Yes,No Apparent Injury,NA,Not Distracted,MD,Single-Unit Truck,Making U-Turn,25,No,2019,ISUZU,NPR/NPR-HD,38.9903971,-77.0982988,2025,7,9
250030154,Injury Crash,07/07/2025 08:48:00 AM,WISCONSIN AVE,NA,"Sideswipe, Same Direction",Cloudy,Dry,Daylight,Traffic Control Signal,NONE DETECTED,No,No Apparent Injury,NA,Not Distracted,DC,Passenger Car,Turning Right,25,No,2025,TOYOTA,COROLLA,38.98365674,-77.0937478,2025,7,8
250030154,Injury Crash,07/07/2025 08:48:00 AM,WISCONSIN AVE,NA,"Sideswipe, Same Direction",Cloudy,Dry,Daylight,Traffic Control Signal,NONE DETECTED,No,NA,NA,NA,NA,NA,NA,25,No,0,NA,NA,38.98365674,-77.0937478,2025,7,8
250030476,Property Damage Crash,07/07/2025 07:30:00 AM,NA,NA,Front to Rear,Clear,NA,Daylight,NA,NONE DETECTED,Yes,No Apparent Injury,Improper Backing,Not Distracted,MD,Sport Utility Vehicle,Backing,0,No,2005,CHEVROLET,EXPRESS,39.06565401,-77.1594637,2025,7,7
250030136,Property Damage Crash,07/07/2025 05:15:00 AM,NA,NA,"Sideswipe, Same Direction",Clear,NA,Medium,NA,NONE DETECTED,Yes,No Apparent Injury,Other Improper Action,Unknown,NA,Passenger Car,Turning Left,0,No,2025,TOYOTA,RAV4,39.18643,-77.25903606,2025,7,5
250030132,Property Damage Crash,07/07/2025 04:58:00 AM,COLUMBIA PIKE (SB/L),NA,Single Vehicle,Clear,Dry,Medium,No Controls,NONE DETECTED,No,No Apparent Injury,NA,Not Distracted,MD,Passenger Car,Moving Constant Speed,45,No,2010,HONDA,CIVIC,39.12369846,-76.92535543,2025,7,4
250030124,Property Damage Crash,07/06/2025 11:46:00 PM,VEIRS MILL RD,NA,Single Vehicle,Clear,Dry,Medium,No Controls,NONE DETECTED,No,No Apparent Injury,NA,Not Distracted,VA,Passenger Car,Moving Constant Speed,35,No,2013,CHEVROLET,CRUZE,39.0675215,-77.1021855,2025,7,23
250030121,Property Damage Crash,07/06/2025 11:03:00 PM,RUATAN ST,NA,Rear To Side,Clear,Dry,Medium,No Controls,NONE DETECTED,Yes,No Apparent Injury,NA,Not Distracted,MD,Passenger Car,Backing,25,No,2018,NISSAN,ALTIMA,38.9998731,-76.98693073,2025,7,23
250030121,Property Damage Crash,07/06/2025 11:03:00 PM,RUATAN ST,NA,Rear To Side,Clear,Dry,Medium,No Controls,NONE DETECTED,No,No Apparent Injury,NA,Not Distracted,MD,Passenger Car,Moving Constant Speed,25,No,2007,HONDA,CIVIC,38.9998731,-76.98693073,2025,7,23
250030119,Fatal Crash,07/06/2025 09:36:00 PM,VEIRS MILL RD (WB/L),Pedestrian,Single Vehicle,Clear,Dry,Medium,Intersection Ahead Warning Sign,NONE DETECTED,No,No Apparent Injury,NA,Not Distracted,MD,Sport Utility Vehicle,Moving Constant Speed,25,No,2016,NISSAN,ROGUE,39.04183488,-77.05875871,2025,7,21
250030096,Injury Crash,07/06/2025 07:00:00 PM,WELLER RD,NA,Angle,Clear,Dry,Daylight,No Controls,NONE DETECTED,Yes,No Apparent Injury,NA,Unknown,MD,Van - Passenger (&lt;9 Seats),Turning Left,35,No,2022,CHRYSLER,PACIFICA,39.06664621,-77.05956763,2025,7,19
250030096,Injury Crash,07/06/2025 07:00:00 PM,WELLER RD,NA,Angle,Clear,Dry,Daylight,No Controls,NONE DETECTED,No,Possible Minor Injury,NA,Not Distracted,MD,Passenger Car,Moving Constant Speed,35,No,2004,INFINITI,G35,39.06664621,-77.05956763,2025,7,19
250030088,Property Damage Crash,07/06/2025 06:36:00 PM,NEW HAMPSHIRE AVE,NA,Angle,Clear,Dry,Daylight,No Controls,NONE DETECTED,Yes,No Apparent Injury,NA,Unknown,MD,Passenger Car,Entering Traffic Lane,45,No,2018,TOYOTA,RAV4,39.04577789,-76.99235541,2025,7,18
250030095,Injury Crash,07/06/2025 06:36:00 PM,EAST WEST HWY (WB/L),NA,Other,Clear,Dry,Daylight,No Controls,NONE DETECTED,No,No Apparent Injury,NA,Not Distracted,MD,Passenger Car,Moving Constant Speed,25,No,2025,CHRYSLER,PACIFICA,38.98514841,-77.09030199,2025,7,18
250030095,Injury Crash,07/06/2025 06:36:00 PM,EAST WEST HWY (WB/L),NA,Other,Clear,Dry,Daylight,No Controls,NONE DETECTED,Yes,No Apparent Injury,NA,Unknown,VA,Sport Utility Vehicle,Turning Left,25,No,2024,FORD,ESCAPE,38.98514841,-77.09030199,2025,7,18
250030088,Property Damage Crash,07/06/2025 06:36:00 PM,NEW HAMPSHIRE AVE,NA,Angle,Clear,Dry,Daylight,No Controls,NONE DETECTED,No,No Apparent Injury,NA,Not Distracted,MD,Passenger Car,Moving Constant Speed,45,No,2023,PORSCHE,MACAN,39.04577789,-76.99235541,2025,7,18
250030066,Injury Crash,07/06/2025 03:22:00 PM,W DIAMOND AVE,NA,Angle,Cloudy,Dry,Daylight,No Controls,NONE DETECTED,No,Possible Minor Injury,NA,Not Distracted,MD,Passenger Car,Moving Constant Speed,25,No,2013,HONDA,ACCORD,39.14075033,-77.20198783,2025,7,15
250030066,Injury Crash,07/06/2025 03:22:00 PM,W DIAMOND AVE,NA,Angle,Cloudy,Dry,Daylight,Stop Sign,NONE DETECTED,No,Possible Minor Injury,NA,Not Distracted,MD,Passenger Car,Turning Left,25,No,2014,FORD,MUSTANG,39.14075033,-77.20198783,2025,7,15
250030063,Injury Crash,07/06/2025 03:05:00 PM,FATHER HURLEY BLVD,NA,Angle,Clear,Dry,Daylight,Traffic Control Signal,NONE DETECTED,No,Possible Minor Injury,NA,Not Distracted,MD,Passenger Car,Moving Constant Speed,30,No,2006,BMW,325I,39.18149917,-77.27627783,2025,7,15
250030063,Injury Crash,07/06/2025 03:05:00 PM,FATHER HURLEY BLVD,NA,Angle,Clear,Dry,Daylight,Traffic Control Signal,NONE DETECTED,Yes,No Apparent Injury,NA,Unknown,MD,Passenger Car,Moving Constant Speed,35,No,2018,AUDI,S4,39.18149917,-77.27627783,2025,7,15
250030060,Injury Crash,07/06/2025 02:46:00 PM,COLESVILLE RD,NA,"Sideswipe, Same Direction",Clear,Dry,Daylight,No Controls,NONE DETECTED,Yes,No Apparent Injury,NA,Not Distracted,MD,Passenger Car,Changing Lanes,35,No,2016,ACURA,MDX,39.02553501,-77.010785,2025,7,14
250030060,Injury Crash,07/06/2025 02:46:00 PM,COLESVILLE RD,NA,"Sideswipe, Same Direction",Clear,Dry,Daylight,No Controls,NONE DETECTED,No,No Apparent Injury,NA,Not Distracted,DC,Passenger Car,Moving Constant Speed,35,No,2021,DODGE,CHARGER,39.02553501,-77.010785,2025,7,14
250030064,Property Damage Crash,07/06/2025 02:30:00 PM,NA,NA,Angle,Clear,NA,Daylight,NA,NONE DETECTED,No,No Apparent Injury,NA,Not Distracted,MD,Passenger Car,Moving Constant Speed,0,No,2015,TOYOTA,COROLLA,39.14103709,-77.22870922,2025,7,14
250030064,Property Damage Crash,07/06/2025 02:30:00 PM,NA,NA,Angle,Clear,NA,Daylight,NA,NONE DETECTED,Yes,No Apparent Injury,NA,Not Distracted,NA,Passenger Car,Turning Right,0,No,1998,HONDA,CIVIC,39.14103709,-77.22870922,2025,7,14
250030054,Property Damage Crash,07/06/2025 01:53:00 PM,BEDFORDSHIRE AVE,NA,Angle,Clear,Dry,Daylight,No Controls,NONE DETECTED,No,No Apparent Injury,NA,Not Distracted,MD,Passenger Car,Moving Constant Speed,35,No,2010,HONDA,FIT,39.04538083,-77.20501483,2025,7,13
250030054,Property Damage Crash,07/06/2025 01:53:00 PM,BEDFORDSHIRE AVE,NA,Angle,Clear,Dry,Daylight,No Controls,NONE DETECTED,No,No Apparent Injury,NA,Unknown,MD,Passenger Car,Turning Left,35,No,2006,CADILLAC,CTS,39.04538083,-77.20501483,2025,7,13
250030045,Injury Crash,07/06/2025 12:40:00 PM,NA,NA,Front to Rear,Clear,Dry,Daylight,No Controls,NONE DETECTED,No,No Apparent Injury,NA,Not Distracted,MD,Sport Utility Vehicle,Slowing or Stopping,35,No,2017,JEEP,GRAND CHEROKEE,39.14869329,-77.23936753,2025,7,12
250030045,Injury Crash,07/06/2025 12:40:00 PM,NA,NA,Front to Rear,Clear,Dry,Daylight,No Controls,NONE DETECTED,Yes,No Apparent Injury,Too Fast For Conditions,Unknown,MD,Sport Utility Vehicle,Moving Constant Speed,35,No,2012,SUBARU,FORESTER,39.14869329,-77.23936753,2025,7,12
250030045,Injury Crash,07/06/2025 12:40:00 PM,NA,NA,Front to Rear,Clear,Dry,Daylight,No Controls,NONE DETECTED,No,No Apparent Injury,NA,Not Distracted,MD,Sport Utility Vehicle,Stopped in Traffic,35,No,2004,HONDA,PILOT,39.14869329,-77.23936753,2025,7,12
250030045,Injury Crash,07/06/2025 12:40:00 PM,NA,NA,Front to Rear,Clear,Dry,Daylight,No Controls,NONE DETECTED,No,No Apparent Injury,NA,Not Distracted,MD,Passenger Car,Slowing or Stopping,35,No,2013,HONDA,CIVIC,39.14869329,-77.23936753,2025,7,12
250030043,Property Damage Crash,07/06/2025 12:34:00 PM,RANDOLPH RD,NA,Front to Front,Clear,Dry,Daylight,No Controls,NONE DETECTED,No,No Apparent Injury,NA,Not Distracted,MD,Passenger Car,Moving Constant Speed,35,No,2017,HONDA,CR-V,39.053546,-77.10737317,2025,7,12
250030043,Property Damage Crash,07/06/2025 12:34:00 PM,RANDOLPH RD,NA,Front to Front,Clear,Dry,Daylight,No Controls,NONE DETECTED,No,No Apparent Injury,NA,Not Distracted,VA,Passenger Car,Turning Left,35,No,2021,FORD,MUSTANG,39.053546,-77.10737317,2025,7,12
250030040,Property Damage Crash,07/06/2025 12:31:00 PM,NA,NA,Angle,Clear,Dry,Daylight,Traffic Control Signal,NONE DETECTED,Yes,No Apparent Injury,Failed to Yield Right-of-Way,Unknown,MD,Passenger Car,Turning Left,30,No,2009,VOLKSWAGEN,ROUTAN,39.14788854,-77.20630733,2025,7,12
250030040,Property Damage Crash,07/06/2025 12:31:00 PM,NA,NA,Angle,Clear,Dry,Daylight,Traffic Control Signal,NONE DETECTED,No,No Apparent Injury,NA,Unknown,MD,Passenger Car,Accelerating,30,No,2011,HONDA,PILOT,39.14788854,-77.20630733,2025,7,12
250030039,Injury Crash,07/06/2025 12:10:00 PM,NA,NA,Other,Clear,Dry,Daylight,No Controls,NONE DETECTED,Yes,No Apparent Injury,Wrong Side,Unknown,MD,Passenger Car,Negotiating a Curve,30,No,2013,TOYOTA,COROLLA,39.02800717,-77.201889,2025,7,12