Local Case Number,ACRS Report Type,Crash Date/Time,Road Name,Related Non-Motorist,Collision Type,Weather,Surface Condition,Light,Traffic Control,Driver Substance Abuse,Driver At Fault,Injury Severity,Circumstance,Driver Distracted By,Drivers License State,Vehicle Body Type,Vehicle Movement,Speed Limit,Driverless Vehicle,Vehicle Year,Vehicle Make,Vehicle Model,Latitude,Longitude,Year,Month,Hour
250029427,Property Damage Crash,07/02/2025 02:00:00 PM,QUINCE ORCHARD RD (SB/L),NA,"Sideswipe, Same Direction",Clear,Dry,Daylight,No Controls,NONE DETECTED,Yes,No Apparent Injury,NA,Not Distracted,MD,Passenger Car,Moving Constant Speed,40,No,2017,HONDA,CIVIC,39.1508695,-77.21427483,2025,7,14
250029427,Property Damage Crash,07/02/2025 02:00:00 PM,QUINCE ORCHARD RD (SB/L),NA,"Sideswipe, Same Direction",Clear,Dry,Daylight,No Controls,NONE DETECTED,No,No Apparent Injury,NA,Not Distracted,MD,Station Wagon,Stopped in Traffic,40,No,2008,JEEP,LIBERTY,39.1508695,-77.21427483,2025,7,14
250029425,Property Damage Crash,07/02/2025 01:42:00 PM,NEW HAMPSHIRE AVE (SB/L),NA,Front to Rear,Clear,Dry,Daylight,Traffic Control Signal,NONE DETECTED,No,No Apparent Injury,NA,Unknown,MD,Passenger Car,Slowing or Stopping,35,No,2017,CHEVROLET,COLORADO,39.04483083,-76.9923405,2025,7,13
250029425,Property Damage Crash,07/02/2025 01:42:00 PM,NEW HAMPSHIRE AVE (SB/L),NA,Front to Rear,Clear,Dry,Daylight,Traffic Control Signal,NONE DETECTED,No,No Apparent Injury,Improper Passing,Unknown,MD,Passenger Car,Slowing or Stopping,35,No,2009,DODGE,CHARGER,39.04483083,-76.9923405,2025,7,13
250029411,Property Damage Crash,07/02/2025 12:50:00 PM,MUNCASTER MILL RD,NA,Front to Rear,Clear,Dry,Daylight,No Controls,NONE DETECTED,No,No Apparent Injury,NA,Unknown,MD,Passenger Car,Turning Left,35,No,2007,TOYOTA,CAMRY,39.15004817,-77.148439,2025,7,12
250029411,Property Damage Crash,07/02/2025 12:50:00 PM,MUNCASTER MILL RD,NA,Front to Rear,Clear,Dry,Daylight,No Controls,NONE DETECTED,No,No Apparent Injury,NA,Unknown,MD,Passenger Car,Backing,35,No,2007,HONDA,CIVIC,39.15004817,-77.148439,2025,7,12
250029419,Property Damage Crash,07/02/2025 12:48:00 PM,FREDERICK RD,NA,Other,Clear,Dry,Daylight,No Controls,NONE DETECTED,No,No Apparent Injury,NA,Not Distracted,MD,Single-Unit Truck,Moving Constant Speed,40,No,2024,BTL,LNT,39.1201137,-77.17330244,2025,7,12
250029419,Property Damage Crash,07/02/2025 12:48:00 PM,FREDERICK RD,NA,Other,Clear,Dry,Daylight,No Controls,NONE DETECTED,No,No Apparent Injury,NA,Not Distracted,MD,Passenger Car,Moving Constant Speed,40,No,2014,HYUNDAI,ELANTRA,39.1201137,-77.17330244,2025,7,12
250029412,Property Damage Crash,07/02/2025 12:42:00 PM,RANDOLPH RD (WB/L),NA,"Sideswipe, Same Direction",Clear,Dry,Daylight,No Controls,NONE DETECTED,Yes,No Apparent Injury,"Disregarded Other Road Markings, Failed to Keep in Proper Lane, Other Improper Action","Other Action (looking away from task, etc.)",MD,Passenger Car,Changing Lanes,35,No,2009,INFINITI,G37,39.0595315,-77.05920883,2025,7,12
250029412,Property Damage Crash,07/02/2025 12:42:00 PM,RANDOLPH RD (WB/L),NA,"Sideswipe, Same Direction",Clear,Dry,Daylight,No Controls,NONE DETECTED,No,No Apparent Injury,NA,Not Distracted,MD,Sport Utility Vehicle,Moving Constant Speed,35,No,2025,BMW,X7,39.0595315,-77.05920883,2025,7,12
250029364,Property Damage Crash,07/02/2025 08:58:00 AM,ROCKVILLE PIKE (SB/L),NA,"Sideswipe, Same Direction",Cloudy,Wet,Daylight,Traffic Control Signal,NONE DETECTED,Yes,No Apparent Injury,NA,Not Distracted,PA,Single-Unit Truck,Turning Left,35,No,2000,PETERBILT,379,39.01289125,-77.09873607,2025,7,8
250029364,Property Damage Crash,07/02/2025 08:58:00 AM,ROCKVILLE PIKE (SB/L),NA,"Sideswipe, Same Direction",Cloudy,Wet,Daylight,Traffic Control Signal,NONE DETECTED,No,No Apparent Injury,NA,Not Distracted,MD,Passenger Car,Stopped in Traffic,35,No,2025,HONDA,CIVIC,39.01289125,-77.09873607,2025,7,8
250029364,Property Damage Crash,07/02/2025 08:58:00 AM,ROCKVILLE PIKE (SB/L),NA,"Sideswipe, Same Direction",Cloudy,Wet,Daylight,Traffic Control Signal,NONE DETECTED,No,No Apparent Injury,NA,Not Distracted,XX,Passenger Car,Stopped in Traffic,35,No,2014,HYUNDAI,ELANTRA,39.01289125,-77.09873607,2025,7,8
250029367,Property Damage Crash,07/02/2025 08:35:00 AM,AIRPARK RD (SB/L),NA,"Sideswipe, Same Direction",Cloudy,Wet,Daylight,No Controls,NONE DETECTED,Yes,No Apparent Injury,Improper Passing,Not Distracted,MD,Passenger Car,Changing Lanes,50,No,2006,HONDA,ACCORD,39.14924,-77.14629,2025,7,8
250029367,Property Damage Crash,07/02/2025 08:35:00 AM,AIRPARK RD (SB/L),NA,"Sideswipe, Same Direction",Cloudy,Wet,Daylight,No Controls,NONE DETECTED,No,No Apparent Injury,NA,Not Distracted,MD,Sport Utility Vehicle,Accelerating,50,No,2018,CHEVROLET,TAHOE,39.14924,-77.14629,2025,7,8
250029362,Injury Crash,07/02/2025 08:00:00 AM,NA,Pedestrian,Single Vehicle,Cloudy,NA,Daylight,NA,NONE DETECTED,No,No Apparent Injury,NA,Not Distracted,MD,Single-Unit Truck,Backing,0,No,2021,FORD,F-450,39.20260479,-77.24906207,2025,7,8
250029355,Property Damage Crash,07/02/2025 06:52:00 AM,CHOKE CHERRY RD (WB/L),NA,Angle,Rain,Wet,Daylight,Traffic Control Signal,NONE DETECTED,Yes,No Apparent Injury,"Operated Motor Vehicle in Inattentive, Careless, Negligent, or Erratic Manner",Unknown,MD,Passenger Car,Moving Constant Speed,30,No,2015,TOYOTA,PRIUS,39.11456546,-77.18558643,2025,7,6
250029355,Property Damage Crash,07/02/2025 06:52:00 AM,CHOKE CHERRY RD (WB/L),NA,Angle,Rain,Wet,Daylight,Traffic Control Signal,NONE DETECTED,No,No Apparent Injury,NA,Unknown,MD,Other Trucks,Moving Constant Speed,40,No,2022,GMC,SILVERADO MEDIUM DUTY (GM515),39.11456546,-77.18558643,2025,7,6
250029349,Property Damage Crash,07/02/2025 04:00:00 AM,NA,NA,Angle,Rain,Wet,Medium,Flashing Traffic Control Signal,NONE DETECTED,No,No Apparent Injury,NA,Not Distracted,MD,Passenger Car,Moving Constant Speed,30,No,2019,GMC,ACADIA,39.14933264,-77.01232066,2025,7,4
250029349,Property Damage Crash,07/02/2025 04:00:00 AM,NA,NA,Angle,Rain,Wet,Medium,Flashing Traffic Control Signal,NONE DETECTED,Yes,No Apparent Injury,NA,Not Distracted,MD,Pickup,Accelerating,30,No,2017,FORD,F-150,39.14933264,-77.01232066,2025,7,4
250029345,Property Damage Crash,07/02/2025 12:00:00 AM,PINEY BRANCH RD,NA,Front to Rear,Rain,Wet,Medium,Stop Sign,NONE DETECTED,No,No Apparent Injury,NA,Not Distracted,MD,Passenger Car,Moving Constant Speed,25,No,2014,NISSAN,ALTIMA,38.98804433,-77.01233267,2025,7,0
250029345,Property Damage Crash,07/02/2025 12:00:00 AM,PINEY BRANCH RD,NA,Front to Rear,Rain,Wet,Medium,Stop Sign,NONE DETECTED,Yes,No Apparent Injury,NA,Not Distracted,MD,Passenger Car,Accelerating,25,No,2018,HYUNDAI,SANTA FE,38.98804433,-77.01233267,2025,7,0
250029344,Property Damage Crash,07/01/2025 11:30:00 PM,DILSTON RD,NA,"Sideswipe, Same Direction",Clear,Wet,Medium,No Controls,NONE DETECTED,Yes,No Apparent Injury,NA,Unknown,MD,Passenger Car,Moving Constant Speed,35,No,2008,CHRYSLER,SEBRING,39.0125905,-76.98160362,2025,7,23
250029335,Property Damage Crash,07/01/2025 09:06:00 PM,UNIVERSITY BLVD,NA,Other,Rain,Wet,Medium,Traffic Control Signal,NONE DETECTED,No,No Apparent Injury,NA,Not Distracted,MD,Passenger Car,Moving Constant Speed,35,No,2015,HONDA,FIT,38.98779392,-76.98627824,2025,7,21
250029335,Property Damage Crash,07/01/2025 09:06:00 PM,UNIVERSITY BLVD,NA,Other,Rain,Wet,Medium,Traffic Control Signal,NONE DETECTED,No,No Apparent Injury,NA,Not Distracted,MD,Passenger Car,Making U-Turn,35,No,2020,HONDA,CR-V,38.98779392,-76.98627824,2025,7,21
250030044,Property Damage Crash,07/01/2025 08:40:00 PM,NEW HAMPSHIRE AVE (SB/L),NA,"Sideswipe, Same Direction",Rain,Wet,Medium,No Controls,NONE DETECTED,No,NA,NA,NA,NA,Passenger Car,Overtaking/Passing,40,No,2009,CHEVROLET,EXPRESS,39.0111108,-76.97913385,2025,7,20
250030044,Property Damage Crash,07/01/2025 08:40:00 PM,NEW HAMPSHIRE AVE (SB/L),NA,"Sideswipe, Same Direction",Rain,Wet,Medium,No Controls,NONE DETECTED,No,No Apparent Injury,NA,Not Distracted,MD,Passenger Car,Moving Constant Speed,40,No,2011,TOYOTA,CAMRY,39.0111108,-76.97913385,2025,7,20
250029327,Property Damage Crash,07/01/2025 07:52:00 PM,COLUMBIA PIKE (SB/L),NA,Front to Rear,Rain,Wet,Daylight,Traffic Control Signal,NONE DETECTED,No,No Apparent Injury,NA,Not Distracted,MD,Passenger Car,Slowing or Stopping,50,No,2017,VOLKSWAGEN,TIGUAN,39.07390567,-76.95567133,2025,7,19
250029327,Property Damage Crash,07/01/2025 07:52:00 PM,COLUMBIA PIKE (SB/L),NA,Front to Rear,Rain,Wet,Daylight,Traffic Control Signal,NONE DETECTED,No,No Apparent Injury,NA,Not Distracted,MD,Passenger Car,Stopped in Traffic,50,No,2015,JEEP,PATRIOT,39.07390567,-76.95567133,2025,7,19
250029327,Property Damage Crash,07/01/2025 07:52:00 PM,COLUMBIA PIKE (SB/L),NA,Front to Rear,Rain,Wet,Daylight,Traffic Control Signal,NONE DETECTED,Yes,No Apparent Injury,NA,Unknown,MD,Passenger Car,Slowing or Stopping,50,No,2018,RAM,1500,39.07390567,-76.95567133,2025,7,19
250029325,Injury Crash,07/01/2025 07:27:00 PM,WOODFIELD RD,NA,Angle,Rain,Wet,Daylight,Traffic Control Signal,NONE DETECTED,Yes,No Apparent Injury,"Operated Motor Vehicle in Inattentive, Careless, Negligent, or Erratic Manner, Ran Red Light",Unknown,MD,Passenger Car,Moving Constant Speed,45,No,2012,CHEVROLET,IMPALA,39.1722125,-77.152434,2025,7,19
250029325,Injury Crash,07/01/2025 07:27:00 PM,WOODFIELD RD,NA,Angle,Rain,Wet,Daylight,Traffic Control Signal,NONE DETECTED,No,Possible Minor Injury,NA,Unknown,MD,Passenger Car,Turning Left,45,No,2025,HONDA,ACCORD,39.1722125,-77.152434,2025,7,19
250029324,Property Damage Crash,07/01/2025 07:19:00 PM,COLUMBIA PIKE (SB/L),NA,Front to Rear,Cloudy,Wet,Daylight,Traffic Control Signal,NONE DETECTED,No,No Apparent Injury,NA,Not Distracted,VA,Sport Utility Vehicle,Stopped in Traffic,55,No,2019,SUBARU,CROSSTREK,39.0959915,-76.93793083,2025,7,19
250029324,Property Damage Crash,07/01/2025 07:19:00 PM,COLUMBIA PIKE (SB/L),NA,Front to Rear,Cloudy,Wet,Daylight,Traffic Control Signal,NONE DETECTED,Yes,No Apparent Injury,NA,"Other Action (looking away from task, etc.)",MD,Passenger Car,Slowing or Stopping,55,No,2003,NISSAN,350Z,39.0959915,-76.93793083,2025,7,19
250029320,Injury Crash,07/01/2025 06:04:00 PM,16TH ST,NA,Front to Rear,Rain,Wet,Daylight,Traffic Control Signal,NONE DETECTED,Yes,No Apparent Injury,NA,Not Distracted,MD,Passenger Car,Accelerating,30,No,2003,HONDA,ACCORD,38.99252596,-77.03617292,2025,7,18
250029320,Injury Crash,07/01/2025 06:04:00 PM,16TH ST,NA,Front to Rear,Rain,Wet,Daylight,Traffic Control Signal,NONE DETECTED,No,Possible Minor Injury,NA,Not Distracted,DC,Passenger Car,Slowing or Stopping,30,No,2024,HONDA,HR-V,38.99252596,-77.03617292,2025,7,18
250029313,Injury Crash,07/01/2025 05:15:00 PM,FREDERICK RD (SB/L),NA,Other,Rain,Wet,Daylight,No Controls,NONE DETECTED,No,No Apparent Injury,NA,"Other Action (looking away from task, etc.)",MD,Passenger Car,Changing Lanes,40,No,2025,HONDA,CR-V,39.17849463,-77.23874126,2025,7,17
250029313,Injury Crash,07/01/2025 05:15:00 PM,FREDERICK RD (SB/L),NA,Other,Rain,Wet,Daylight,No Controls,NONE DETECTED,No,Possible Minor Injury,NA,Not Distracted,MD,Passenger Car,Moving Constant Speed,40,No,2020,TOYOTA,CAMRY,39.17849463,-77.23874126,2025,7,17
250029313,Injury Crash,07/01/2025 05:15:00 PM,FREDERICK RD (SB/L),NA,Other,Rain,Wet,Daylight,No Controls,NONE DETECTED,No,No Apparent Injury,NA,Not Distracted,MD,Sport Utility Vehicle,Moving Constant Speed,40,No,2023,TESLA,MODEL X,39.17849463,-77.23874126,2025,7,17
250029300,Property Damage Crash,07/01/2025 04:15:00 PM,OXBRIDGE DR,NA,Front to Rear,Rain,Wet,Daylight,No Controls,NONE DETECTED,No,No Apparent Injury,NA,Not Distracted,MD,Pickup,Stopped in Traffic,40,No,2016,FORD,F-150,39.19005387,-77.24149552,2025,7,16
250029300,Property Damage Crash,07/01/2025 04:15:00 PM,OXBRIDGE DR,NA,Front to Rear,Rain,Wet,Daylight,No Controls,NONE DETECTED,No,No Apparent Injury,NA,Not Distracted,MD,Sport Utility Vehicle,Slowing or Stopping,40,No,2024,CADILLAC,ESCALADE,39.19005387,-77.24149552,2025,7,16
250029300,Property Damage Crash,07/01/2025 04:15:00 PM,OXBRIDGE DR,NA,Front to Rear,Rain,Wet,Daylight,No Controls,NONE DETECTED,Yes,No Apparent Injury,Too Fast For Conditions,Not Distracted,MD,Passenger Car,Slowing or Stopping,40,No,2002,MERCEDES-BENZ,S-CLASS,39.19005387,-77.24149552,2025,7,16
250029304,Property Damage Crash,07/01/2025 04:12:00 PM,SHADY GROVE RD,NA,Front to Rear,Rain,Wet,Daylight,No Controls,NONE DETECTED,Yes,No Apparent Injury,Followed Too Closely,Unknown,MD,Passenger Car,Slowing or Stopping,45,No,2004,HONDA,PILOT,39.13709937,-77.15446837,2025,7,16
250029304,Property Damage Crash,07/01/2025 04:12:00 PM,SHADY GROVE RD,NA,Front to Rear,Rain,Wet,Daylight,No Controls,NONE DETECTED,No,No Apparent Injury,NA,Not Distracted,MD,Passenger Car,Slowing or Stopping,45,No,2021,CHEVROLET,TRAVERSE,39.13709937,-77.15446837,2025,7,16
250029305,Injury Crash,07/01/2025 03:47:00 PM,BROOKES LA,NA,Angle,Rain,Wet,Daylight,Traffic Control Signal,NONE DETECTED,No,No Apparent Injury,NA,Not Distracted,MD,Bus - Transit,Moving Constant Speed,30,No,2020,GILLIG,LOW FLOOR BUS,38.945361,-77.11781733,2025,7,15
250029305,Injury Crash,07/01/2025 03:47:00 PM,BROOKES LA,NA,Angle,Rain,Wet,Daylight,Traffic Control Signal,NONE DETECTED,No,Possible Minor Injury,NA,Not Distracted,MD,Passenger Car,Turning Right,25,No,2020,HONDA,CIVIC,38.945361,-77.11781733,2025,7,15
25001301,Property Damage Crash,07/01/2025 03:14:00 PM,NA,NA,Rear To Rear,Clear,NA,Daylight,NA,NONE DETECTED,No,No Apparent Injury,NA,Unknown,TX,Passenger Car,Backing,0,No,2025,TOYOTA,CAMRY,39.15251227,-77.30880576,2025,7,15
25001301,Property Damage Crash,07/01/2025 03:14:00 PM,NA,NA,Rear To Rear,Clear,NA,Daylight,NA,NONE DETECTED,Yes,No Apparent Injury,NA,Unknown,NJ,Passenger Car,Backing,0,No,2016,ACURA,MDX,39.15251227,-77.30880576,2025,7,15
250029277,Property Damage Crash,07/01/2025 02:01:00 PM,GEORGIA AVE,NA,Front to Rear,Cloudy,Dry,Daylight,No Controls,NONE DETECTED,No,No Apparent Injury,NA,Not Distracted,MD,Passenger Car,Stopped in Traffic,25,No,2020,HYUNDAI,IONIQ,39.04053308,-77.05141158,2025,7,14
250029277,Property Damage Crash,07/01/2025 02:01:00 PM,GEORGIA AVE,NA,Front to Rear,Cloudy,Dry,Daylight,No Controls,NONE DETECTED,Yes,No Apparent Injury,NA,Unknown,MD,Pickup,Changing Lanes,25,No,2019,RAM,1500,39.04053308,-77.05141158,2025,7,14
250029657,Property Damage Crash,07/01/2025 01:47:00 PM,NEW HAMPSHIRE AVE,NA,Front to Rear,Clear,Dry,Daylight,No Controls,NONE DETECTED,No,NA,NA,NA,NA,Sport Utility Vehicle,Backing,40,No,2002,FORD,TAURUS,39.01479329,-76.97789523,2025,7,13
250029657,Property Damage Crash,07/01/2025 01:47:00 PM,NEW HAMPSHIRE AVE,NA,Front to Rear,Clear,Dry,Daylight,No Controls,NONE DETECTED,No,No Apparent Injury,NA,Not Distracted,MD,Passenger Car,Stopped in Traffic,40,No,2012,TOYOTA,CAMRY,39.01479329,-76.97789523,2025,7,13
250029274,Property Damage Crash,07/01/2025 01:22:00 PM,NA,NA,Front to Rear,Clear,NA,Daylight,NA,NONE DETECTED,Yes,No Apparent Injury,NA,Not Distracted,DC,Passenger Car,Moving Constant Speed,0,No,2011,GMC,SIERRA,39.08224117,-77.08065733,2025,7,13
250029274,Property Damage Crash,07/01/2025 01:22:00 PM,NA,NA,Front to Rear,Clear,NA,Daylight,NA,NONE DETECTED,No,No Apparent Injury,NA,Not Distracted,MD,Passenger Car,Slowing or Stopping,0,No,2016,TOYOTA,RAV4,39.08224117,-77.08065733,2025,7,13
250029271,Property Damage Crash,07/01/2025 01:06:00 PM,NEW HAMPSHIRE AVE,NA,Single Vehicle,Clear,Dry,Daylight,No Controls,NONE DETECTED,No,No Apparent Injury,Over-Correcting/Over-Steering,Unknown,MD,Passenger Car,Slowing or Stopping,30,No,2011,TOYOTA,CAMRY,39.21949043,-77.05746909,2025,7,13
250029593,Property Damage Crash,07/01/2025 01:01:00 PM,VEIRS MILL SERV RD,NA,"Sideswipe, Same Direction",Clear,Dry,Daylight,No Controls,NONE DETECTED,No,No Apparent Injury,NA,Not Distracted,MD,Pickup,Moving Constant Speed,25,No,2009,FORD,F-250,39.07374309,-77.11165719,2025,7,13
250029593,Property Damage Crash,07/01/2025 01:01:00 PM,VEIRS MILL SERV RD,NA,"Sideswipe, Same Direction",Clear,Dry,Daylight,No Controls,NONE DETECTED,Yes,No Apparent Injury,Failed to Keep in Proper Lane,Not Distracted,MD,Van - Cargo,Changing Lanes,25,No,1987,CHEVROLET,G-SERIES,39.07374309,-77.11165719,2025,7,13
250030698,Property Damage Crash,07/01/2025 12:40:00 PM,HORIZON RUN RD,NA,Angle,Clear,Dry,Daylight,No Controls,NONE DETECTED,Yes,No Apparent Injury,Operated Motor Vehicle in Reckless or Aggressive Manner,Not Distracted,MD,Passenger Car,Backing,25,No,2017,HYUNDAI,ELANTRA,39.15672525,-77.19764789,2025,7,12
250029263,Property Damage Crash,07/01/2025 12:36:00 PM,PARKLAWN DR,NA,"Sideswipe, Same Direction",Clear,Dry,Daylight,No Controls,NONE DETECTED,No,No Apparent Injury,NA,Unknown,MD,Passenger Car,Moving Constant Speed,30,No,2020,HONDA,FIT,39.05132759,-77.10619272,2025,7,12
250029263,Property Damage Crash,07/01/2025 12:36:00 PM,PARKLAWN DR,NA,"Sideswipe, Same Direction",Clear,Dry,Daylight,No Controls,NONE DETECTED,Yes,No Apparent Injury,NA,Unknown,MD,Passenger Car,Making U-Turn,30,No,2023,KIA,SPORTAGE,39.05132759,-77.10619272,2025,7,12
250029236,Property Damage Crash,07/01/2025 12:30:00 PM,NA,NA,"Sideswipe, Same Direction",Clear,Dry,Daylight,No Controls,NONE DETECTED,No,NA,NA,NA,NA,Passenger Car,Turning Left,30,No,2023,KIA,SORENTO,39.10821434,-76.98838782,2025,7,12
250029254,Injury Crash,07/01/2025 12:27:00 PM,FENTON ST,Pedestrian,Single Vehicle,Clear,Dry,Daylight,No Controls,NONE DETECTED,No,No Apparent Injury,NA,Not Distracted,MD,Passenger Car,Turning Left,25,No,2000,TOYOTA,CAMRY,38.98885233,-77.023994,2025,7,12
250029255,Property Damage Crash,07/01/2025 12:01:00 PM,SHADY GROVE RD,NA,Angle,Cloudy,Wet,Daylight,Traffic Control Signal,NONE DETECTED,No,No Apparent Injury,NA,Not Distracted,MD,Van - Passenger (&lt;9 Seats),Turning Left,40,No,2020,FORD,TRANSIT CONNECT,39.11184224,-77.18704269,2025,7,12
250029255,Property Damage Crash,07/01/2025 12:01:00 PM,SHADY GROVE RD,NA,Angle,Cloudy,Wet,Daylight,Traffic Control Signal,NONE DETECTED,Yes,No Apparent Injury,"Failed to Yield Right-of-Way, Ran Red Light",Not Distracted,MD,Pickup,Slowing or Stopping,40,No,2022,TOYOTA,TACOMA,39.11184224,-77.18704269,2025,7,12
250029230,Property Damage Crash,07/01/2025 12:00:00 PM,NA,NA,"Sideswipe, Opposite Direction",Clear,NA,Daylight,NA,NONE DETECTED,No,No Apparent Injury,NA,Not Distracted,NA,Passenger Car,Moving Constant Speed,0,No,2023,KIA,SORENTO,39.1090069,-76.99673778,2025,7,12
250029230,Property Damage Crash,07/01/2025 12:00:00 PM,NA,NA,"Sideswipe, Opposite Direction",Clear,NA,Daylight,NA,NONE DETECTED,No,No Apparent Injury,NA,Not Distracted,MD,Passenger Car,Slowing or Stopping,0,No,2015,TOYOTA,SIENNA,39.1090069,-76.99673778,2025,7,12
250029249,Injury Crash,07/01/2025 11:20:00 AM,WINNEPEG RD,NA,"Sideswipe, Opposite Direction",Clear,Dry,Daylight,No Controls,NONE DETECTED,No,Possible Minor Injury,NA,Not Distracted,MD,Passenger Car,Moving Constant Speed,30,No,2011,TOYOTA,SIENNA,39.022263,-77.1312535,2025,7,11
250029231,Property Damage Crash,07/01/2025 09:57:00 AM,WISCONSIN AVE (SB/L),NA,Angle,Clear,Dry,Daylight,Traffic Control Signal,NONE DETECTED,No,No Apparent Injury,NA,Not Distracted,MD,Passenger Car,Moving Constant Speed,35,No,2016,HYUNDAI,ELANTRA,38.96407984,-77.08741813,2025,7,9
250029231,Property Damage Crash,07/01/2025 09:57:00 AM,WISCONSIN AVE (SB/L),NA,Angle,Clear,Dry,Daylight,Traffic Control Signal,NONE DETECTED,No,No Apparent Injury,NA,Not Distracted,DC,Bus - Transit,Moving Constant Speed,35,No,2014,GILLIG,LOW FLOOR BUS,38.96407984,-77.08741813,2025,7,9
250029223,Property Damage Crash,07/01/2025 09:18:00 AM,NA,NA,Front to Rear,Clear,Dry,Daylight,No Controls,NONE DETECTED,No,No Apparent Injury,NA,Not Distracted,MD,Sport Utility Vehicle,Stopped in Traffic,30,No,2022,FORD,ECOSPORT,39.06473275,-77.16100634,2025,7,9
250029223,Property Damage Crash,07/01/2025 09:18:00 AM,NA,NA,Front to Rear,Clear,Dry,Daylight,No Controls,NONE DETECTED,Yes,No Apparent Injury,NA,Not Distracted,MD,Sport Utility Vehicle,Moving Constant Speed,30,No,2010,CHEVROLET,EQUINOX,39.06473275,-77.16100634,2025,7,9
250029223,Property Damage Crash,07/01/2025 09:18:00 AM,NA,NA,Front to Rear,Clear,Dry,Daylight,No Controls,NONE DETECTED,No,No Apparent Injury,NA,Not Distracted,MD,Sport Utility Vehicle,Slowing or Stopping,30,No,2018,LEXUS,RX,39.06473275,-77.16100634,2025,7,9
250029221,Property Damage Crash,07/01/2025 08:48:00 AM,RAMP 2 FR IS 495 WB TO MD 355 NB,NA,"Sideswipe, Same Direction",Clear,Dry,Daylight,No Controls,NONE DETECTED,No,No Apparent Injury,NA,Not Distracted,DC,Passenger Car,Entering Traffic Lane,35,No,2013,HYUNDAI,SONATA,39.01915916,-77.10171674,2025,7,8
250029221,Property Damage Crash,07/01/2025 08:48:00 AM,RAMP 2 FR IS 495 WB TO MD 355 NB,NA,"Sideswipe, Same Direction",Clear,Dry,Daylight,No Controls,NONE DETECTED,No,NA,NA,NA,NA,Passenger Car,Changing Lanes,35,No,2016,HYUNDAI,SONATA,39.01915916,-77.10171674,2025,7,8
250029216,Property Damage Crash,07/01/2025 08:10:00 AM,RANDOLPH RD,NA,Rear To Side,Clear,Dry,Daylight,Traffic Control Signal,NONE DETECTED,No,No Apparent Injury,NA,Unknown,MD,Passenger Car,Turning Left,40,No,2021,HONDA,CR-V,39.0561194,-77.08247733,2025,7,8
250029216,Property Damage Crash,07/01/2025 08:10:00 AM,RANDOLPH RD,NA,Rear To Side,Clear,Dry,Daylight,Traffic Control Signal,NONE DETECTED,No,No Apparent Injury,NA,Not Distracted,MD,Passenger Car,Stopped in Traffic,40,No,2021,TOYOTA,RAV4,39.0561194,-77.08247733,2025,7,8
250029214,Injury Crash,07/01/2025 08:03:00 AM,MADISON ST,NA,Other,Clear,Dry,Daylight,No Controls,NONE DETECTED,No,No Apparent Injury,NA,Unknown,MD,Passenger Car,Accelerating,25,No,2020,SUBARU,ASCENT,39.03786686,-77.07150351,2025,7,8
250029214,Injury Crash,07/01/2025 08:03:00 AM,MADISON ST,NA,Other,Clear,Dry,Daylight,Stop Sign,NONE DETECTED,Yes,Possible Minor Injury,NA,Unknown,MD,Sport Utility Vehicle,Entering Traffic Lane,25,No,2018,NISSAN,ROGUE,39.03786686,-77.07150351,2025,7,8
250029205,Injury Crash,07/01/2025 06:30:00 AM,KEY WEST AVE (WB/L),NA,Front to Rear,Clear,Dry,Daylight,Traffic Control Signal,NONE DETECTED,No,No Apparent Injury,"Failed to Keep in Proper Lane, Operated Motor Vehicle in Inattentive, Careless, Negligent, or Erratic Manner",Unknown,MD,Passenger Car,Moving Constant Speed,40,No,2017,NISSAN,ROGUE,39.10519918,-77.20130332,2025,7,6