Local Case Number,ACRS Report Type,Crash Date/Time,Road Name,Related Non-Motorist,Collision Type,Weather,Surface Condition,Light,Traffic Control,Driver Substance Abuse,Driver At Fault,Injury Severity,Circumstance,Driver Distracted By,Drivers License State,Vehicle Body Type,Vehicle Movement,Speed Limit,Driverless Vehicle,Vehicle Year,Vehicle Make,Vehicle Model,Latitude,Longitude,Year,Month,Hour
250028895,Property Damage Crash,06/29/2025 12:54:00 AM,OLD COLUMBIA PIKE (SB/L),NA,Angle,Clear,Dry,Medium,Traffic Control Signal,NONE DETECTED,No,No Apparent Injury,NA,Not Distracted,MD,Passenger Car,Moving Constant Speed,45,No,2014,HONDA,CIVIC,39.11130017,-76.932205,2025,6,0
250028895,Property Damage Crash,06/29/2025 12:54:00 AM,OLD COLUMBIA PIKE (SB/L),NA,Angle,Clear,Dry,Medium,Traffic Control Signal,NONE DETECTED,No,No Apparent Injury,NA,Not Distracted,MD,Passenger Car,Slowing or Stopping,35,No,2019,TOYOTA,HIGHLANDER,39.11130017,-76.932205,2025,6,0
250028887,Property Damage Crash,06/28/2025 10:32:00 PM,WOODFIELD RD,NA,Front to Rear,Clear,Dry,Medium,Flashing Traffic Control Signal,NONE DETECTED,No,No Apparent Injury,NA,Not Distracted,MD,Passenger Car,Moving Constant Speed,45,No,2006,TOYOTA,CAMRY,39.16750517,-77.15518667,2025,6,22
250028887,Property Damage Crash,06/28/2025 10:32:00 PM,WOODFIELD RD,NA,Front to Rear,Clear,Dry,Medium,Flashing Traffic Control Signal,NONE DETECTED,Yes,No Apparent Injury,NA,Not Distracted,MD,Passenger Car,Entering Traffic Lane,45,No,2019,HONDA,CIVIC,39.16750517,-77.15518667,2025,6,22
250028883,Property Damage Crash,06/28/2025 09:54:00 PM,FOUNDERS WAY,NA,Single Vehicle,Clear,Dry,Medium,No Controls,NONE DETECTED,Yes,No Apparent Injury,Other Improper Action,"Other Action (looking away from task, etc.)",VA,Pickup,Backing,25,No,1990,FORD,F-150,39.24506517,-77.213813,2025,6,21
250028882,Property Damage Crash,06/28/2025 09:40:00 PM,STEWART LA,NA,"Sideswipe, Opposite Direction",Clear,Dry,Medium,No Controls,NONE DETECTED,No,NA,NA,NA,NA,NA,Accelerating,30,No,0,NA,NA,39.04598471,-76.98599884,2025,6,21
250028882,Property Damage Crash,06/28/2025 09:40:00 PM,STEWART LA,NA,"Sideswipe, Opposite Direction",Clear,Dry,Medium,No Controls,NONE DETECTED,No,No Apparent Injury,NA,Not Distracted,MD,Passenger Car,Moving Constant Speed,30,No,2012,HONDA,ACCORD,39.04598471,-76.98599884,2025,6,21
250028874,Property Damage Crash,06/28/2025 08:09:00 PM,LOCKNEY AVE,NA,Angle,Clear,Dry,Daylight,No Controls,NONE DETECTED,No,NA,NA,NA,NA,Pickup,Turning Right,15,No,2011,CHEVROLET,SILVERADO,38.98878758,-76.99118763,2025,6,20
250028868,Property Damage Crash,06/28/2025 07:15:00 PM,SHERATON ST,NA,Front to Rear,Clear,Dry,Daylight,Stop Sign,NONE DETECTED,No,No Apparent Injury,NA,NA,MD,Van - Passenger (&lt;9 Seats),Moving Constant Speed,25,No,2019,FORD,TRANSIT,39.06038983,-77.0591315,2025,6,19
250028867,Property Damage Crash,06/28/2025 07:08:00 PM,WOODFIELD RD,NA,Angle,Clear,Dry,Daylight,No Controls,NONE DETECTED,No,No Apparent Injury,NA,Not Distracted,MD,Passenger Car,Moving Constant Speed,35,No,2018,NISSAN,ALTIMA,39.17522552,-77.15123287,2025,6,19
250028867,Property Damage Crash,06/28/2025 07:08:00 PM,WOODFIELD RD,NA,Angle,Clear,Dry,Daylight,Stop Sign,NONE DETECTED,No,NA,NA,NA,NA,Sport Utility Vehicle,Turning Left,5,No,9999,CADILLAC,ESCALADE,39.17522552,-77.15123287,2025,6,19
250028872,Injury Crash,06/28/2025 06:01:00 PM,NA,NA,Single Vehicle,Clear,NA,Daylight,NA,ALCOHOL PRESENT,No,No Apparent Injury,NA,Not Distracted,MD,Passenger Car,Moving Constant Speed,0,No,2010,TOYOTA,COROLLA,39.1182989,-77.1693633,2025,6,18
250028866,Property Damage Crash,06/28/2025 05:27:00 PM,OLD GEORGETOWN RD,NA,Other,Clear,Dry,Daylight,Traffic Control Signal,NONE DETECTED,Yes,No Apparent Injury,NA,Not Distracted,OR,Other,Turning Left,35,No,2013,FORD,E-450,39.01011601,-77.11474952,2025,6,17
250028866,Property Damage Crash,06/28/2025 05:27:00 PM,OLD GEORGETOWN RD,NA,Other,Clear,Dry,Daylight,Traffic Control Signal,NONE DETECTED,No,No Apparent Injury,NA,Not Distracted,MD,Passenger Car,Moving Constant Speed,35,No,2009,MERCEDES-BENZ,E-CLASS,39.01011601,-77.11474952,2025,6,17
250028851,Injury Crash,06/28/2025 05:05:00 PM,OAKMONT AVE,NA,Angle,Clear,Dry,Daylight,No Controls,NONE DETECTED,No,Possible Minor Injury,NA,Not Distracted,MD,Passenger Car,Moving Constant Speed,35,No,2014,HONDA,ACCORD,39.12993145,-77.17459876,2025,6,17
250028851,Injury Crash,06/28/2025 05:05:00 PM,OAKMONT AVE,NA,Angle,Clear,Dry,Daylight,No Controls,NONE DETECTED,No,No Apparent Injury,NA,Not Distracted,MD,Passenger Car,Moving Constant Speed,35,No,2013,DODGE,DART,39.12993145,-77.17459876,2025,6,17
250028851,Injury Crash,06/28/2025 05:05:00 PM,OAKMONT AVE,NA,Angle,Clear,Dry,Daylight,No Controls,NONE DETECTED,Yes,No Apparent Injury,NA,Not Distracted,MD,Passenger Car,Accelerating,35,No,2012,BMW,528I,39.12993145,-77.17459876,2025,6,17
250028853,Property Damage Crash,06/28/2025 05:03:00 PM,GRANDVIEW AVE,NA,Rear To Side,Clear,Dry,Daylight,Stop Sign,NONE DETECTED,Yes,No Apparent Injury,Failed to Yield Right-of-Way,Unknown,MD,Passenger Car,Accelerating,25,No,2025,TOYOTA,CAMRY,39.05105917,-77.052726,2025,6,17
250028853,Property Damage Crash,06/28/2025 05:03:00 PM,GRANDVIEW AVE,NA,Rear To Side,Clear,Dry,Daylight,No Controls,NONE DETECTED,No,No Apparent Injury,NA,Not Distracted,MD,Passenger Car,Moving Constant Speed,25,No,2010,HONDA,CIVIC,39.05105917,-77.052726,2025,6,17
250028854,Property Damage Crash,06/28/2025 04:30:00 PM,VEIRS MILL RD,NA,"Sideswipe, Same Direction",Clear,Dry,Daylight,No Controls,NONE DETECTED,No,No Apparent Injury,NA,Not Distracted,MD,Passenger Car,Moving Constant Speed,35,No,2023,MERCEDES-BENZ,C-CLASS,39.067528,-77.1022623,2025,6,16
250028854,Property Damage Crash,06/28/2025 04:30:00 PM,VEIRS MILL RD,NA,"Sideswipe, Same Direction",Clear,Dry,Daylight,No Controls,NONE DETECTED,No,NA,NA,NA,NA,Passenger Car,Changing Lanes,35,No,2016,MAZDA,CX-5,39.067528,-77.1022623,2025,6,16
250028837,Injury Crash,06/28/2025 02:41:00 PM,CAPEHART DR,Cyclist (non-electric),Single Vehicle,Clear,Dry,Daylight,No Controls,NONE DETECTED,No,No Apparent Injury,NA,Not Distracted,MD,Passenger Car,Moving Constant Speed,5,No,2020,TOYOTA,COROLLA,39.16776863,-77.21789662,2025,6,14
250028828,Property Damage Crash,06/28/2025 01:13:00 PM,DARNESTOWN RD,NA,Front to Rear,Clear,Dry,Daylight,Traffic Control Signal,NONE DETECTED,No,No Apparent Injury,NA,Not Distracted,MD,Passenger Car,Stopped in Traffic,35,No,2024,VOLKSWAGEN,TIGUAN,39.11796475,-77.25387306,2025,6,13
250028828,Property Damage Crash,06/28/2025 01:13:00 PM,DARNESTOWN RD,NA,Front to Rear,Clear,Dry,Daylight,Traffic Control Signal,NONE DETECTED,No,No Apparent Injury,NA,Unknown,MD,Passenger Car,Moving Constant Speed,35,No,2015,TOYOTA,SIENNA,39.11796475,-77.25387306,2025,6,13
250028826,Injury Crash,06/28/2025 01:02:00 PM,LEWISDALE RD,NA,Single Vehicle,Clear,Dry,Daylight,No Controls,NONE DETECTED,Yes,Possible Minor Injury,"Operated Motor Vehicle in Inattentive, Careless, Negligent, or Erratic Manner, Other Improper Action",Unknown,MD,Passenger Car,Moving Constant Speed,40,No,2015,FORD,FUSION,39.28758967,-77.2833075,2025,6,13
250028822,Property Damage Crash,06/28/2025 12:37:00 PM,NA,NA,Front to Rear,Clear,NA,Daylight,NA,NONE DETECTED,No,No Apparent Injury,"Operated Motor Vehicle in Inattentive, Careless, Negligent, or Erratic Manner",Unknown,NA,Sport Utility Vehicle,Backing,0,No,2022,SUBARU,OUTBACK,38.98823891,-77.09870464,2025,6,12
250028813,Property Damage Crash,06/28/2025 11:50:00 AM,FAIRLAND RD,NA,Single Vehicle,Clear,Dry,Daylight,No Controls,NONE DETECTED,No,No Apparent Injury,NA,Not Distracted,NA,Passenger Car,Moving Constant Speed,35,No,2010,TOYOTA,SCION TC,39.077508,-76.990136,2025,6,11
250028799,Property Damage Crash,06/28/2025 09:00:00 AM,JONES BRIDGE RD (WB/L),NA,Front to Rear,Cloudy,Dry,Daylight,Traffic Control Signal,NONE DETECTED,Yes,No Apparent Injury,NA,Unknown,MD,Passenger Car,Slowing or Stopping,35,No,2017,INFINITI,Q50,38.999981,-77.07699243,2025,6,9
250028799,Property Damage Crash,06/28/2025 09:00:00 AM,JONES BRIDGE RD (WB/L),NA,Front to Rear,Cloudy,Dry,Daylight,Traffic Control Signal,NONE DETECTED,No,No Apparent Injury,NA,Not Distracted,IL,Passenger Car,Stopped in Traffic,35,No,2024,SUBARU,FORESTER,38.999981,-77.07699243,2025,6,9
250028772,Injury Crash,06/27/2025 11:10:00 PM,HILLSBORO DR,NA,Single Vehicle,Clear,Dry,Medium,No Controls,NONE DETECTED,No,NA,NA,NA,NA,Passenger Car,Moving Constant Speed,25,No,2017,MERCEDES-BENZ,GLA-CLASS,39.04256321,-77.02088659,2025,6,23
250028766,Injury Crash,06/27/2025 10:19:00 PM,MONTGOMERY VILLAGE AVE,NA,Other,Rain,Wet,Medium,Traffic Control Signal,NONE DETECTED,No,Possible Minor Injury,NA,Not Distracted,MD,Passenger Car,Moving Constant Speed,35,No,2015,MERCEDES-BENZ,C-CLASS,39.15458833,-77.20927667,2025,6,22
250028766,Injury Crash,06/27/2025 10:19:00 PM,MONTGOMERY VILLAGE AVE,NA,Other,Rain,Wet,Medium,Traffic Control Signal,NONE DETECTED,No,Possible Minor Injury,NA,Not Distracted,MD,Passenger Car,Moving Constant Speed,35,No,2022,LEXUS,ES,39.15458833,-77.20927667,2025,6,22
250028766,Injury Crash,06/27/2025 10:19:00 PM,MONTGOMERY VILLAGE AVE,NA,Other,Rain,Wet,Medium,Traffic Control Signal,NONE DETECTED,No,Possible Minor Injury,Failed to Yield Right-of-Way,Unknown,MD,Passenger Car,Turning Left,35,No,2009,HONDA,CIVIC,39.15458833,-77.20927667,2025,6,22
250028765,Injury Crash,06/27/2025 09:37:00 PM,WOOTTON PKWY (EB/L),Pedestrian,Single Vehicle,Rain,Wet,Dark,No Controls,NONE DETECTED,No,NA,NA,NA,NA,Passenger Car,Changing Lanes,30,No,0,NA,NA,39.0690078,-77.16899209,2025,6,21
250028759,Injury Crash,06/27/2025 08:57:00 PM,UNIVERSITY BLVD E,NA,Front to Rear,Cloudy,Dry,Medium,Traffic Control Signal,NONE DETECTED,No,Possible Minor Injury,NA,Not Distracted,MD,Passenger Car,Slowing or Stopping,40,No,2015,HYUNDAI,ELANTRA,39.01596817,-77.0057705,2025,6,20
250028759,Injury Crash,06/27/2025 08:57:00 PM,UNIVERSITY BLVD E,NA,Front to Rear,Cloudy,Dry,Medium,Traffic Control Signal,NONE DETECTED,Yes,No Apparent Injury,NA,Not Distracted,MD,Passenger Car,Slowing or Stopping,40,No,2022,TOYOTA,COROLLA,39.01596817,-77.0057705,2025,6,20
250028753,Property Damage Crash,06/27/2025 08:00:00 PM,CONNECTICUT AVE SERVICE RD,NA,Front to Rear,Cloudy,Wet,Medium,Other Signal,NONE DETECTED,No,No Apparent Injury,NA,Not Distracted,MD,Pickup,Stopped in Traffic,35,No,2015,CHEVROLET,SILVERADO,39.05634317,-77.07357233,2025,6,20
250028753,Property Damage Crash,06/27/2025 08:00:00 PM,CONNECTICUT AVE SERVICE RD,NA,Front to Rear,Cloudy,Wet,Medium,Other,NONE DETECTED,Yes,No Apparent Injury,Other Improper Action,"Other Action (looking away from task, etc.)",MD,Passenger Car,Accelerating,35,No,2025,BMW,I5,39.05634317,-77.07357233,2025,6,20
250028754,Property Damage Crash,06/27/2025 07:46:00 PM,CONNECTICUT AVE,NA,Front to Rear,Rain,Wet,Daylight,Traffic Control Signal,NONE DETECTED,Yes,No Apparent Injury,Too Fast For Conditions,Unknown,MD,Passenger Car,Slowing or Stopping,35,No,2025,BMW,I5,39.05625733,-77.07366933,2025,6,19
250028754,Property Damage Crash,06/27/2025 07:46:00 PM,CONNECTICUT AVE,NA,Front to Rear,Rain,Wet,Daylight,Traffic Control Signal,NONE DETECTED,No,No Apparent Injury,NA,Not Distracted,MD,Passenger Car,Stopped in Traffic,35,No,1992,CADILLAC,DEVILLE,39.05625733,-77.07366933,2025,6,19
250028754,Property Damage Crash,06/27/2025 07:46:00 PM,CONNECTICUT AVE,NA,Front to Rear,Rain,Wet,Daylight,Traffic Control Signal,NONE DETECTED,No,No Apparent Injury,NA,Not Distracted,DC,Passenger Car,Stopped in Traffic,35,No,2011,MERCEDES-BENZ,E-CLASS,39.05625733,-77.07366933,2025,6,19
250028749,Property Damage Crash,06/27/2025 07:35:00 PM,MAHAN RD,NA,Single Vehicle,Cloudy,Dry,Daylight,Traffic Control Signal,NONE DETECTED,Yes,No Apparent Injury,NA,Not Distracted,MD,Passenger Car,Moving Constant Speed,40,No,2022,CHEVROLET,SPARK,39.03347559,-76.98588663,2025,6,19
250028751,Property Damage Crash,06/27/2025 07:30:00 PM,MIDDLEBROOK RD,NA,Front to Rear,Cloudy,Dry,Daylight,Traffic Control Signal,NONE DETECTED,No,No Apparent Injury,NA,Not Distracted,MD,Passenger Car,Slowing or Stopping,40,No,2015,MERCEDES-BENZ,CLA-CLASS,39.17493455,-77.2613073,2025,6,19
250028751,Property Damage Crash,06/27/2025 07:30:00 PM,MIDDLEBROOK RD,NA,Front to Rear,Cloudy,Dry,Daylight,Traffic Control Signal,NONE DETECTED,Yes,No Apparent Injury,Followed Too Closely,Unknown,MD,Passenger Car,Slowing or Stopping,40,No,2014,TOYOTA,CAMRY,39.17493455,-77.2613073,2025,6,19
250028755,Property Damage Crash,06/27/2025 07:28:00 PM,NA,NA,Front to Rear,Clear,NA,Daylight,NA,NONE DETECTED,No,No Apparent Injury,NA,Not Distracted,MD,Passenger Car,Parked,0,No,2009,DODGE,CHARGER,39.03910494,-76.99078007,2025,6,19
250028755,Property Damage Crash,06/27/2025 07:28:00 PM,NA,NA,Front to Rear,Clear,NA,Daylight,NA,NONE DETECTED,No,No Apparent Injury,NA,Unknown,NA,Sport Utility Vehicle,Backing,0,No,2019,INFINITI,QX60,39.03910494,-76.99078007,2025,6,19
250028746,Property Damage Crash,06/27/2025 07:00:00 PM,VEIRS MILL RD (WB/L),NA,"Sideswipe, Same Direction",Clear,Dry,Daylight,No Controls,NONE DETECTED,Yes,No Apparent Injury,Other Improper Action,Unknown,MD,Passenger Car,Changing Lanes,35,No,2023,HYUNDAI,ELANTRA,39.07151533,-77.1085735,2025,6,19
250028746,Property Damage Crash,06/27/2025 07:00:00 PM,VEIRS MILL RD (WB/L),NA,"Sideswipe, Same Direction",Clear,Dry,Daylight,No Controls,NONE DETECTED,No,No Apparent Injury,NA,Not Distracted,MD,Passenger Car,Moving Constant Speed,35,No,2010,FORD,EDGE,39.07151533,-77.1085735,2025,6,19
250028742,Injury Crash,06/27/2025 06:35:00 PM,W DEER PARK RD (WB/L),NA,Rear To Side,Cloudy,Dry,Daylight,No Controls,NONE DETECTED,No,Possible Minor Injury,NA,Unknown,MD,Passenger Car,NA,25,No,2010,TOYOTA,COROLLA,39.13363783,-77.20326317,2025,6,18
250028742,Injury Crash,06/27/2025 06:35:00 PM,W DEER PARK RD (WB/L),NA,Rear To Side,Cloudy,Dry,Daylight,No Controls,NONE DETECTED,Yes,Possible Minor Injury,NA,Unknown,MD,Passenger Car,Turning Left,25,No,2016,BMW,X4,39.13363783,-77.20326317,2025,6,18
250028732,Property Damage Crash,06/27/2025 05:50:00 PM,VEIRS MILL RD,NA,"Sideswipe, Same Direction",Cloudy,Wet,Daylight,Other Signal,NONE DETECTED,Yes,No Apparent Injury,Improper Turn,Unknown,DC,Bus - Transit,Negotiating a Curve,25,No,2010,NEW FLYER,LOW FLOOR - ADVANCED STYLE,39.03667567,-77.0509915,2025,6,17
250028732,Property Damage Crash,06/27/2025 05:50:00 PM,VEIRS MILL RD,NA,"Sideswipe, Same Direction",Cloudy,Wet,Daylight,Other Signal,NONE DETECTED,No,No Apparent Injury,NA,Not Distracted,MD,Sport Utility Vehicle,Stopped in Traffic,25,No,2005,TOYOTA,HIGHLANDER,39.03667567,-77.0509915,2025,6,17
250028723,Property Damage Crash,06/27/2025 05:26:00 PM,DAHILL RD,NA,Front to Rear,Rain,Wet,Daylight,Stop Sign,NONE DETECTED,No,No Apparent Injury,NA,Not Distracted,MD,Sport Utility Vehicle,Stopped in Traffic,25,No,2005,HONDA,CR-V,39.04794419,-77.08171237,2025,6,17
250028723,Property Damage Crash,06/27/2025 05:26:00 PM,DAHILL RD,NA,Front to Rear,Rain,Wet,Daylight,Stop Sign,NONE DETECTED,Yes,No Apparent Injury,Other Improper Action,Unknown,MD,Passenger Car,Slowing or Stopping,25,No,2017,NISSAN,SENTRA,39.04794419,-77.08171237,2025,6,17
250028722,Injury Crash,06/27/2025 05:15:00 PM,NA,NA,"Sideswipe, Same Direction",Cloudy,Wet,Daylight,No Controls,NONE DETECTED,No,No Apparent Injury,NA,Not Distracted,MD,Sport Utility Vehicle,Entering Traffic Lane,25,No,2020,NISSAN,ROGUE SPORT,39.04053667,-76.98862833,2025,6,17
250028722,Injury Crash,06/27/2025 05:15:00 PM,NA,NA,"Sideswipe, Same Direction",Cloudy,Wet,Daylight,No Controls,NONE DETECTED,No,No Apparent Injury,NA,Not Distracted,MD,Bus - Transit,Accelerating,25,No,2020,NOVABUS,LFS ARTIC,39.04053667,-76.98862833,2025,6,17
250028718,Property Damage Crash,06/27/2025 05:00:00 PM,NA,NA,Other,Cloudy,NA,Daylight,NA,NONE DETECTED,Yes,No Apparent Injury,NA,Unknown,MD,Passenger Car,Backing,0,No,2016,MAZDA,MAZDA6,39.08198889,-77.15001091,2025,6,17
250028718,Property Damage Crash,06/27/2025 05:00:00 PM,NA,NA,Other,Cloudy,NA,Daylight,NA,NONE DETECTED,No,No Apparent Injury,NA,Not Distracted,MD,Passenger Car,Parked,0,No,2020,VOLKSWAGEN,TIGUAN,39.08198889,-77.15001091,2025,6,17
250028713,Injury Crash,06/27/2025 04:45:00 PM,WILLARD AVE,NA,Front to Rear,Cloudy,Dry,Daylight,Traffic Control Signal,NONE DETECTED,No,Possible Minor Injury,NA,Not Distracted,MD,Passenger Car,Slowing or Stopping,30,No,2021,CHEVROLET,CAMARO,38.96182167,-77.086674,2025,6,16
250028713,Injury Crash,06/27/2025 04:45:00 PM,WILLARD AVE,NA,Front to Rear,Cloudy,Dry,Daylight,Traffic Control Signal,NONE DETECTED,No,No Apparent Injury,NA,Not Distracted,DC,Passenger Car,Moving Constant Speed,30,No,2017,CHEVROLET,EXPRESS,38.96182167,-77.086674,2025,6,16
250028717,Property Damage Crash,06/27/2025 04:43:00 PM,NA,Scooter (electric),Single Vehicle,Clear,Dry,Daylight,No Controls,NONE DETECTED,Yes,No Apparent Injury,NA,Unknown,MD,Passenger Car,Moving Constant Speed,40,No,2012,DODGE,CHARGER,38.99258765,-76.9929002,2025,6,16
250028702,Property Damage Crash,06/27/2025 03:43:00 PM,SHERATON ST,NA,Angle,Clear,Dry,Daylight,No Controls,NONE DETECTED,No,No Apparent Injury,NA,Not Distracted,MD,Passenger Car,Accelerating,40,No,2017,ACURA,TLX,39.05937323,-77.05044331,2025,6,15
250028702,Property Damage Crash,06/27/2025 03:43:00 PM,SHERATON ST,NA,Angle,Clear,Dry,Daylight,No Controls,NONE DETECTED,No,NA,NA,NA,NA,Passenger Car,NA,40,No,2008,MERCURY,GRAND MARQUIS,39.05937323,-77.05044331,2025,6,15
250028697,Injury Crash,06/27/2025 03:09:00 PM,NA,NA,Front to Rear,Cloudy,Dry,Daylight,No Controls,NONE DETECTED,Yes,No Apparent Injury,Other Improper Action,Unknown,MD,Passenger Car,Moving Constant Speed,40,No,2013,NISSAN,JUKE,39.16949435,-77.17629106,2025,6,15
250028697,Injury Crash,06/27/2025 03:09:00 PM,NA,NA,Front to Rear,Cloudy,Dry,Daylight,No Controls,NONE DETECTED,Yes,Possible Minor Injury,Failed to Keep in Proper Lane,Unknown,MD,Passenger Car,Overtaking/Passing,40,No,2019,TOYOTA,HIGHLANDER,39.16949435,-77.17629106,2025,6,15
250028695,Injury Crash,06/27/2025 03:09:00 PM,W WATKINS MILL RD,Scooter (electric),Single Vehicle,Cloudy,Dry,Daylight,Traffic Control Signal,NONE DETECTED,No,No Apparent Injury,NA,Not Distracted,MD,Passenger Car,Accelerating,35,No,2014,TOYOTA,SIENNA,39.15916637,-77.21933489,2025,6,15
250028696,Property Damage Crash,06/27/2025 03:05:00 PM,WOOTTON PKWY (EB/L),NA,Rear To Side,Clear,Dry,Daylight,Traffic Control Signal,NONE DETECTED,Yes,No Apparent Injury,Ran Red Light,Not Distracted,MD,Passenger Car,Moving Constant Speed,30,No,2018,HONDA,CR-V,39.06982464,-77.16997413,2025,6,15
250028745,Property Damage Crash,06/27/2025 03:05:00 PM,NA,NA,"Sideswipe, Opposite Direction",Clear,NA,Daylight,NA,NONE DETECTED,No,NA,NA,NA,NA,Passenger Car,Slowing or Stopping,0,No,2021,KIA,SORENTO,39.00077057,-76.99532291,2025,6,15
250028696,Property Damage Crash,06/27/2025 03:05:00 PM,WOOTTON PKWY (EB/L),NA,Rear To Side,Clear,Dry,Daylight,Traffic Control Signal,NONE DETECTED,No,No Apparent Injury,NA,Not Distracted,MD,Passenger Car,Turning Left,30,No,2019,HONDA,ACCORD,39.06982464,-77.16997413,2025,6,15
250028707,Property Damage Crash,06/27/2025 02:40:00 PM,NA,NA,Angle,Cloudy,NA,Daylight,NA,NONE DETECTED,No,NA,NA,NA,NA,Sport Utility Vehicle,NA,0,No,2017,CHEVROLET,EQUINOX,39.02179046,-76.97535091,2025,6,14
250028687,Injury Crash,06/27/2025 02:29:00 PM,E RANDOLPH RD,NA,Front to Rear,Cloudy,Dry,Daylight,Traffic Control Signal,NONE DETECTED,No,Possible Minor Injury,NA,Not Distracted,MD,Sport Utility Vehicle,Turning Left,40,No,2025,FORD,EXPLORER,39.07565233,-77.00184546,2025,6,14
250028687,Injury Crash,06/27/2025 02:29:00 PM,E RANDOLPH RD,NA,Front to Rear,Cloudy,Dry,Daylight,Traffic Control Signal,NONE DETECTED,No,Suspected Serious Injury,Ran Red Light,Not Distracted,MD,Pickup,Moving Constant Speed,40,No,2004,TOYOTA,TACOMA,39.07565233,-77.00184546,2025,6,14
250028683,Injury Crash,06/27/2025 02:10:00 PM,BRADLEY BLVD,NA,Angle,Clear,Dry,Daylight,No Controls,NONE DETECTED,No,No Apparent Injury,NA,Not Distracted,MD,Pickup,Moving Constant Speed,30,No,2010,FORD,F-350,39.00550734,-77.14204789,2025,6,14
250028683,Injury Crash,06/27/2025 02:10:00 PM,BRADLEY BLVD,NA,Angle,Clear,Dry,Daylight,No Controls,NONE DETECTED,No,No Apparent Injury,NA,Not Distracted,MD,Pickup,Entering Traffic Lane,30,No,2022,RAM,1500,39.00550734,-77.14204789,2025,6,14
250028676,Property Damage Crash,06/27/2025 01:40:00 PM,WISCONSIN AVE,NA,Angle,Clear,Dry,Daylight,Traffic Control Signal,NONE DETECTED,No,No Apparent Injury,NA,Not Distracted,MD,Passenger Car,Moving Constant Speed,35,No,2013,NISSAN,ALTIMA,38.98645867,-77.0945395,2025,6,13
250028676,Property Damage Crash,06/27/2025 01:40:00 PM,WISCONSIN AVE,NA,Angle,Clear,Dry,Daylight,Traffic Control Signal,NONE DETECTED,No,No Apparent Injury,NA,Not Distracted,MD,Passenger Car,Changing Lanes,35,No,2018,RAM,1500,38.98645867,-77.0945395,2025,6,13
250028675,Injury Crash,06/27/2025 01:11:00 PM,OLNEY SANDY SPRING RD,NA,Front to Front,Clear,Dry,Daylight,Traffic Control Signal,NONE DETECTED,Yes,Possible Minor Injury,Failed to Yield Right-of-Way,Not Distracted,MD,Passenger Car,Turning Left,30,No,2016,MAZDA,CX-5,39.1530573,-77.0667265,2025,6,13
250028675,Injury Crash,06/27/2025 01:11:00 PM,OLNEY SANDY SPRING RD,NA,Front to Front,Clear,Dry,Daylight,Traffic Control Signal,NONE DETECTED,No,No Apparent Injury,NA,Not Distracted,MD,Passenger Car,Moving Constant Speed,30,No,2020,LEXUS,ES,39.1530573,-77.0667265,2025,6,13
250028667,Property Damage Crash,06/27/2025 12:30:00 PM,MUNCASTER MILL RD,NA,Angle,Clear,Dry,Daylight,No Controls,NONE DETECTED,No,No Apparent Injury,NA,Not Distracted,MD,Van - Passenger (&lt;9 Seats),Moving Constant Speed,30,No,2013,TOYOTA,SIENNA,39.11542181,-77.0973728,2025,6,12
250028667,Property Damage Crash,06/27/2025 12:30:00 PM,MUNCASTER MILL RD,NA,Angle,Clear,Dry,Daylight,Stop Sign,NONE DETECTED,Yes,No Apparent Injury,NA,Not Distracted,MD,Passenger Car,Turning Left,30,No,2016,TOYOTA,COROLLA,39.11542181,-77.0973728,2025,6,12
250028644,Property Damage Crash,06/27/2025 10:23:00 AM,UNIVERSITY BLVD W,NA,Angle,Cloudy,Dry,Daylight,Traffic Control Signal,NONE DETECTED,No,No Apparent Injury,NA,Not Distracted,MD,Sport Utility Vehicle,Accelerating,35,No,2006,CHEVROLET,TRAILBLAZER,39.01988838,-77.01348242,2025,6,10
250028644,Property Damage Crash,06/27/2025 10:23:00 AM,UNIVERSITY BLVD W,NA,Angle,Cloudy,Dry,Daylight,Traffic Control Signal,NONE DETECTED,Yes,No Apparent Injury,NA,Unknown,MD,Passenger Car,Changing Lanes,35,No,2014,TOYOTA,CAMRY,39.01988838,-77.01348242,2025,6,10