Local Case Number,ACRS Report Type,Crash Date/Time,Road Name,Related Non-Motorist,Collision Type,Weather,Surface Condition,Light,Traffic Control,Driver Substance Abuse,Driver At Fault,Injury Severity,Circumstance,Driver Distracted By,Drivers License State,Vehicle Body Type,Vehicle Movement,Speed Limit,Driverless Vehicle,Vehicle Year,Vehicle Make,Vehicle Model,Latitude,Longitude,Year,Month,Hour
250028631,Injury Crash,06/27/2025 07:53:00 AM,MIDDLEBROOK RD,NA,Angle,Cloudy,Dry,Daylight,Flashing Traffic Control Signal,NONE DETECTED,Yes,Possible Minor Injury,Failed to Yield Right-of-Way,Not Distracted,MD,Passenger Car,Turning Left,35,No,2025,CHEVROLET,TRAX,39.17442217,-77.2484965,2025,6,7
250028631,Injury Crash,06/27/2025 07:53:00 AM,MIDDLEBROOK RD,NA,Angle,Cloudy,Dry,Daylight,Flashing Traffic Control Signal,NONE DETECTED,No,Possible Minor Injury,NA,Not Distracted,MD,Passenger Car,Moving Constant Speed,35,No,2005,HONDA,ACCORD,39.17442217,-77.2484965,2025,6,7
250028629,Property Damage Crash,06/27/2025 07:05:00 AM,COLUMBIA PIKE (SB/L),NA,Front to Rear,Clear,Dry,Daylight,No Controls,NONE DETECTED,No,No Apparent Injury,NA,Not Distracted,MD,Passenger Car,Slowing or Stopping,55,No,2017,TOYOTA,COROLLA,39.10693817,-76.93186882,2025,6,7
250028629,Property Damage Crash,06/27/2025 07:05:00 AM,COLUMBIA PIKE (SB/L),NA,Front to Rear,Clear,Dry,Daylight,No Controls,NONE DETECTED,No,NA,"Followed Too Closely, Too Fast For Conditions",Unknown,NA,Passenger Car,Moving Constant Speed,55,No,2011,MERCURY,MILAN,39.10693817,-76.93186882,2025,6,7
250028715,Property Damage Crash,06/27/2025 07:00:00 AM,SHERATON ST,NA,"Sideswipe, Same Direction",Clear,Dry,Daylight,Stop Sign,NONE DETECTED,No,No Apparent Injury,NA,Not Distracted,MD,Passenger Car,Moving Constant Speed,35,No,2023,TESLA,MODEL Y,39.05943042,-77.05034699,2025,6,7
250028715,Property Damage Crash,06/27/2025 07:00:00 AM,SHERATON ST,NA,"Sideswipe, Same Direction",Clear,Dry,Daylight,Stop Sign,NONE DETECTED,No,No Apparent Injury,"Disregarded Other Road Markings, Failed to Keep in Proper Lane, Followed Too Closely, Operated Motor Vehicle in Inattentive, Careless, Negligent, or Erratic Manner",Unknown,NA,Passenger Car,Changing Lanes,35,No,2023,BMW,X1,39.05943042,-77.05034699,2025,6,7
250028647,Property Damage Crash,06/27/2025 06:51:00 AM,NA,NA,Front to Rear,Clear,Dry,Daylight,No Controls,NONE DETECTED,Yes,No Apparent Injury,NA,Not Distracted,MD,Passenger Car,Moving Constant Speed,35,No,2010,MERCEDES-BENZ,E-CLASS,39.14721559,-77.23077902,2025,6,6
250028647,Property Damage Crash,06/27/2025 06:51:00 AM,NA,NA,Front to Rear,Clear,Dry,Daylight,No Controls,NONE DETECTED,No,No Apparent Injury,NA,Not Distracted,MD,Pickup,Moving Constant Speed,35,No,2017,FORD,F-250,39.14721559,-77.23077902,2025,6,6
250028625,Property Damage Crash,06/27/2025 06:47:00 AM,FIRST ST (WB/L),NA,Single Vehicle,Cloudy,Dry,Daylight,No Controls,NONE DETECTED,No,No Apparent Injury,NA,Not Distracted,OH,Passenger Car,Accelerating,25,No,2015,HONDA,ACCORD,39.08106921,-77.13740143,2025,6,6
250028624,Injury Crash,06/27/2025 05:51:00 AM,MACARTHUR BLVD,NA,Single Vehicle,Cloudy,Wet,Medium,No Controls,NONE DETECTED,No,Possible Minor Injury,NA,Not Distracted,MD,Passenger Car,Moving Constant Speed,35,No,2003,TOYOTA,CAMRY,38.96237683,-77.13467,2025,6,5
250028612,Property Damage Crash,06/27/2025 01:36:00 AM,NA,NA,"Sideswipe, Opposite Direction",Rain,NA,Medium,NA,NONE DETECTED,No,NA,NA,NA,NA,Passenger Car,Backing,0,No,2008,ACURA,MDX,39.0391757,-77.05132361,2025,6,1
250028611,Property Damage Crash,06/27/2025 12:33:00 AM,RAMP 7 FR RAMP 2 (FR IS 495) TO MD 97 SB,NA,Angle,Rain,Wet,Medium,Traffic Control Signal,NONE DETECTED,No,No Apparent Injury,NA,Not Distracted,MD,Passenger Car,Turning Left,30,No,2006,LEXUS,GS,39.01395836,-77.0419451,2025,6,0
250028611,Property Damage Crash,06/27/2025 12:33:00 AM,RAMP 7 FR RAMP 2 (FR IS 495) TO MD 97 SB,NA,Angle,Rain,Wet,Medium,Traffic Control Signal,NONE DETECTED,No,No Apparent Injury,Ran Red Light,Unknown,NA,Moped Or motorized bicycle,Moving Constant Speed,30,No,2025,FENGYUAN,DEVELERY,39.01395836,-77.0419451,2025,6,0
250028628,Property Damage Crash,06/27/2025 12:05:00 AM,NA,NA,Other,Clear,NA,Medium,NA,NONE DETECTED,Yes,No Apparent Injury,NA,Unknown,MD,Passenger Car,Moving Constant Speed,0,No,2023,TOYOTA,CAMRY,39.12326047,-77.16404211,2025,6,0
250028596,Property Damage Crash,06/26/2025 09:43:00 PM,VEIRS MILL RD (WB/L),NA,Front to Rear,Clear,Dry,Medium,Traffic Control Signal,NONE DETECTED,No,No Apparent Injury,NA,Not Distracted,MD,Passenger Car,Stopped in Traffic,35,No,2015,HONDA,ACCORD,39.04850662,-77.06905885,2025,6,21
250028596,Property Damage Crash,06/26/2025 09:43:00 PM,VEIRS MILL RD (WB/L),NA,Front to Rear,Clear,Dry,Medium,Traffic Control Signal,NONE DETECTED,No,NA,NA,NA,NA,Passenger Car,Moving Constant Speed,35,No,2020,HONDA,CIVIC,39.04850662,-77.06905885,2025,6,21
250028596,Property Damage Crash,06/26/2025 09:43:00 PM,VEIRS MILL RD (WB/L),NA,Front to Rear,Clear,Dry,Medium,Traffic Control Signal,NONE DETECTED,No,No Apparent Injury,NA,Not Distracted,MD,Sport Utility Vehicle,Stopped in Traffic,35,No,2022,HYUNDAI,TUCSON,39.04850662,-77.06905885,2025,6,21
250028585,Injury Crash,06/26/2025 08:04:00 PM,NA,NA,Front to Rear,Rain,Wet,Daylight,No Controls,NONE DETECTED,Yes,No Apparent Injury,"Followed Too Closely, Too Fast For Conditions",Unknown,MD,Passenger Car,Moving Constant Speed,35,No,1998,TOYOTA,COROLLA,39.11450995,-77.03696647,2025,6,20
250028585,Injury Crash,06/26/2025 08:04:00 PM,NA,NA,Front to Rear,Rain,Wet,Daylight,No Controls,NONE DETECTED,No,Possible Minor Injury,NA,Not Distracted,MD,Passenger Car,Stopped in Traffic,35,No,2016,TOYOTA,COROLLA,39.11450995,-77.03696647,2025,6,20
250028578,Injury Crash,06/26/2025 07:35:00 PM,QUINCE ORCHARD RD,NA,Angle,Clear,Dry,Daylight,No Controls,NONE DETECTED,Yes,Possible Minor Injury,"Failed to Keep in Proper Lane, Too Fast For Conditions",Unknown,MD,Motorcycle - 2 Wheeled,Entering Traffic Lane,35,No,1996,SUZUKI,GSX-R1100,39.14727236,-77.21888919,2025,6,19
250028578,Injury Crash,06/26/2025 07:35:00 PM,QUINCE ORCHARD RD,NA,Angle,Clear,Dry,Daylight,No Controls,NONE DETECTED,No,No Apparent Injury,NA,Not Distracted,MD,Passenger Car,Moving Constant Speed,35,No,2013,TOYOTA,COROLLA,39.14727236,-77.21888919,2025,6,19
250028564,Property Damage Crash,06/26/2025 06:07:00 PM,WIGHTMAN RD,NA,Angle,Clear,Dry,Daylight,Traffic Control Signal,NONE DETECTED,No,No Apparent Injury,NA,Not Distracted,MD,Pickup,Moving Constant Speed,35,No,2016,CHEVROLET,SILVERADO,39.18759517,-77.18683883,2025,6,18
250028564,Property Damage Crash,06/26/2025 06:07:00 PM,WIGHTMAN RD,NA,Angle,Clear,Dry,Daylight,Traffic Control Signal,NONE DETECTED,Yes,No Apparent Injury,Failed to Yield Right-of-Way,Unknown,MD,Sport Utility Vehicle,Turning Left,35,No,2021,NISSAN,ROGUE,39.18759517,-77.18683883,2025,6,18
250028565,Property Damage Crash,06/26/2025 05:43:00 PM,CINNAMON DR,NA,Front to Rear,Clear,Dry,Daylight,No Controls,NONE DETECTED,Yes,No Apparent Injury,NA,Unknown,MD,Passenger Car,Moving Constant Speed,35,No,2017,HYUNDAI,ELANTRA,39.15769931,-77.26341586,2025,6,17
250028565,Property Damage Crash,06/26/2025 05:43:00 PM,CINNAMON DR,NA,Front to Rear,Clear,Dry,Daylight,No Controls,NONE DETECTED,No,NA,NA,NA,NA,Passenger Car,Parked,35,No,2002,TOYOTA,CAMRY,39.15769931,-77.26341586,2025,6,17
250028552,Property Damage Crash,06/26/2025 05:00:00 PM,CENTURY BLVD,NA,Angle,Clear,Dry,Daylight,Traffic Control Signal,NONE DETECTED,Yes,No Apparent Injury,Failed to Yield Right-of-Way,Unknown,MD,Passenger Car,Turning Left,40,No,2019,TOYOTA,CAMRY,39.182888,-77.26392433,2025,6,17
250028552,Property Damage Crash,06/26/2025 05:00:00 PM,CENTURY BLVD,NA,Angle,Clear,Dry,Daylight,Traffic Control Signal,NONE DETECTED,No,No Apparent Injury,NA,Not Distracted,MD,Passenger Car,Accelerating,40,No,2016,FORD,FOCUS,39.182888,-77.26392433,2025,6,17
250028582,Property Damage Crash,06/26/2025 04:15:00 PM,OLD GEORGETOWN RD,NA,"Sideswipe, Same Direction",Clear,Dry,Daylight,No Controls,NONE DETECTED,No,No Apparent Injury,NA,Not Distracted,MD,Sport Utility Vehicle,Moving Constant Speed,35,No,2013,SUBARU,XV CROSSTREK,39.0231572,-77.123943,2025,6,16
250028582,Property Damage Crash,06/26/2025 04:15:00 PM,OLD GEORGETOWN RD,NA,"Sideswipe, Same Direction",Clear,Dry,Daylight,No Controls,NONE DETECTED,No,NA,NA,NA,NA,Passenger Car,Changing Lanes,35,No,2025,KIA,CARNIVAL,39.0231572,-77.123943,2025,6,16
250025538,Property Damage Crash,06/26/2025 03:30:00 PM,TILDEN LA,NA,Single Vehicle,Clear,Dry,Daylight,No Controls,ALCOHOL PRESENT,No,No Apparent Injury,NA,NA,MD,Sport Utility Vehicle,Moving Constant Speed,25,No,2023,FORD,EXPLORER,39.04412283,-77.13985633,2025,6,15
250028535,Injury Crash,06/26/2025 03:00:00 PM,NEW HAMPSHIRE AVE (SB/L),NA,Angle,Clear,Dry,Daylight,Traffic Control Signal,NONE DETECTED,No,No Apparent Injury,NA,Not Distracted,MD,Passenger Car,Accelerating,40,No,2021,TOYOTA,TUNDRA,39.12109399,-76.98897758,2025,6,15
250028535,Injury Crash,06/26/2025 03:00:00 PM,NEW HAMPSHIRE AVE (SB/L),NA,Angle,Clear,Dry,Daylight,Traffic Control Signal,NONE DETECTED,No,No Apparent Injury,NA,Not Distracted,MD,Passenger Car,Accelerating,40,No,2009,FORD,F-150,39.12109399,-76.98897758,2025,6,15
250028535,Injury Crash,06/26/2025 03:00:00 PM,NEW HAMPSHIRE AVE (SB/L),NA,Angle,Clear,Dry,Daylight,Traffic Control Signal,NONE DETECTED,Yes,Possible Minor Injury,"Failed to Yield Right-of-Way, Ran Red Light",Not Distracted,MD,Passenger Car,Moving Constant Speed,45,No,2022,TOYOTA,4-RUNNER,39.12109399,-76.98897758,2025,6,15
250028527,Injury Crash,06/26/2025 02:27:00 PM,BROADBIRCH DR,NA,Front to Rear,Clear,Dry,Daylight,Traffic Control Signal,NONE DETECTED,No,Possible Minor Injury,NA,Not Distracted,MD,Bus - Transit,Stopped in Traffic,35,No,2021,NEW FLYER,XCELSIOR,39.05553983,-76.95707092,2025,6,14
250028527,Injury Crash,06/26/2025 02:27:00 PM,BROADBIRCH DR,NA,Front to Rear,Clear,Dry,Daylight,Traffic Control Signal,NONE DETECTED,Yes,Possible Minor Injury,"Operated Motor Vehicle in Inattentive, Careless, Negligent, or Erratic Manner, Operated Motor Vehicle in Reckless or Aggressive Manner",Not Distracted,MD,Passenger Car,Moving Constant Speed,35,No,2016,TOYOTA,COROLLA,39.05553983,-76.95707092,2025,6,14
250028525,Injury Crash,06/26/2025 02:24:00 PM,FLOWER HILL WAY,NA,Rear To Side,Clear,Dry,Daylight,No Controls,NONE DETECTED,No,Possible Minor Injury,NA,Unknown,MD,Sport Utility Vehicle,Moving Constant Speed,25,No,2010,KIA,SPORTAGE,39.15543053,-77.16451758,2025,6,14
250028525,Injury Crash,06/26/2025 02:24:00 PM,FLOWER HILL WAY,NA,Rear To Side,Clear,Dry,Daylight,Stop Sign,NONE DETECTED,Yes,No Apparent Injury,Failed to Yield Right-of-Way,Unknown,MD,Sport Utility Vehicle,Accelerating,25,No,2024,TOYOTA,RAV4,39.15543053,-77.16451758,2025,6,14
250028541,Property Damage Crash,06/26/2025 02:08:00 PM,CONNECTICUT AVE,NA,"Sideswipe, Same Direction",Clear,Dry,Daylight,Traffic Control Signal,NONE DETECTED,No,No Apparent Injury,NA,Not Distracted,MD,Passenger Car,Turning Left,35,No,2012,HONDA,CIVIC,39.03134877,-77.07496309,2025,6,14
250028541,Property Damage Crash,06/26/2025 02:08:00 PM,CONNECTICUT AVE,NA,"Sideswipe, Same Direction",Clear,Dry,Daylight,Traffic Control Signal,NONE DETECTED,No,NA,NA,NA,NA,Station Wagon,Changing Lanes,35,No,0,NA,NA,39.03134877,-77.07496309,2025,6,14
250028541,Property Damage Crash,06/26/2025 02:08:00 PM,CONNECTICUT AVE,NA,"Sideswipe, Same Direction",Clear,Dry,Daylight,Traffic Control Signal,NONE DETECTED,No,No Apparent Injury,NA,Not Distracted,MD,NA,NA,35,No,0,NA,NA,39.03134877,-77.07496309,2025,6,14
250028514,Property Damage Crash,06/26/2025 01:28:00 PM,BELLS MILL RD,NA,Angle,Clear,Dry,Daylight,Pedestrian Crossing Sign,NONE DETECTED,Yes,No Apparent Injury,NA,Not Distracted,MD,Passenger Car,Entering Traffic Lane,30,No,2019,CHEVROLET,EQUINOX,39.02326067,-77.13040767,2025,6,13
250028514,Property Damage Crash,06/26/2025 01:28:00 PM,BELLS MILL RD,NA,Angle,Clear,Dry,Daylight,Pedestrian Crossing Sign,NONE DETECTED,No,No Apparent Injury,NA,Not Distracted,MD,Passenger Car,Moving Constant Speed,30,No,2022,LEXUS,ES,39.02326067,-77.13040767,2025,6,13
25001255,Property Damage Crash,06/26/2025 01:13:00 PM,TURKEY THICKET DR,NA,Front to Front,Clear,Dry,Daylight,Traffic Control Signal,NONE DETECTED,Yes,No Apparent Injury,NA,Unknown,MD,Passenger Car,Moving Constant Speed,35,No,2013,TOYOTA,PRIUS,39.17246311,-77.17850819,2025,6,13
25001255,Property Damage Crash,06/26/2025 01:13:00 PM,TURKEY THICKET DR,NA,Front to Front,Clear,Dry,Daylight,Traffic Control Signal,NONE DETECTED,No,No Apparent Injury,NA,Not Distracted,MD,Pickup,Entering Traffic Lane,35,No,2013,FORD,F-550,39.17246311,-77.17850819,2025,6,13
250028502,Injury Crash,06/26/2025 12:38:00 PM,W CEDAR LA,Cyclist (non-electric),Single Vehicle,Clear,Dry,Daylight,Pedestrian Crossing,NONE DETECTED,Yes,No Apparent Injury,NA,Not Distracted,MD,Sport Utility Vehicle,Turning Right,35,No,2020,TESLA,MODEL X,39.00454138,-77.11057708,2025,6,12
250028497,Property Damage Crash,06/26/2025 12:25:00 PM,NEW HAMPSHIRE AVE (SB/L),NA,Front to Rear,Clear,Dry,Daylight,Traffic Control Signal,NONE DETECTED,No,No Apparent Injury,NA,Not Distracted,MD,Passenger Car,Slowing or Stopping,40,No,2010,MERCEDES-BENZ,C-CLASS,39.01714493,-76.97729743,2025,6,12
250028497,Property Damage Crash,06/26/2025 12:25:00 PM,NEW HAMPSHIRE AVE (SB/L),NA,Front to Rear,Clear,Dry,Daylight,Traffic Control Signal,NONE DETECTED,No,No Apparent Injury,NA,Not Distracted,MD,Passenger Car,Slowing or Stopping,40,No,2010,HONDA,ACCORD,39.01714493,-76.97729743,2025,6,12
250028497,Property Damage Crash,06/26/2025 12:25:00 PM,NEW HAMPSHIRE AVE (SB/L),NA,Front to Rear,Clear,Dry,Daylight,Traffic Control Signal,NONE DETECTED,No,NA,NA,NA,NA,NA,Slowing or Stopping,40,No,0,NA,NA,39.01714493,-76.97729743,2025,6,12
250028493,Injury Crash,06/26/2025 12:13:00 PM,NA,NA,Single Vehicle,Clear,NA,Daylight,NA,NONE DETECTED,No,Possible Minor Injury,NA,Not Distracted,MD,Passenger Car,Accelerating,0,No,2008,KIA,RONDO,39.12414767,-77.20124637,2025,6,12
250028489,Property Damage Crash,06/26/2025 12:12:00 PM,SHADY GROVE RD,NA,"Sideswipe, Opposite Direction",Clear,Dry,Daylight,No Controls,NONE DETECTED,No,No Apparent Injury,NA,Not Distracted,MD,Passenger Car,Moving Constant Speed,40,No,2023,TESLA,MODEL 3,39.11845817,-77.182727,2025,6,12
250028489,Property Damage Crash,06/26/2025 12:12:00 PM,SHADY GROVE RD,NA,"Sideswipe, Opposite Direction",Clear,Dry,Daylight,No Controls,NONE DETECTED,Yes,No Apparent Injury,Other Improper Action,Not Distracted,MD,Other Trucks,Changing Lanes,40,No,2018,MACK,GU (GRANITE),39.11845817,-77.182727,2025,6,12
250028491,Property Damage Crash,06/26/2025 12:02:00 PM,RAMP 2 FR IS 495 WB TO MD 97 NB,NA,"Sideswipe, Same Direction",Clear,Dry,Daylight,No Controls,NONE DETECTED,No,No Apparent Injury,NA,Not Distracted,MD,Other Trucks,Stopped in Traffic,25,No,2014,ISUZU,NPR/NPR-HD,39.01361235,-77.0399282,2025,6,12
250028491,Property Damage Crash,06/26/2025 12:02:00 PM,RAMP 2 FR IS 495 WB TO MD 97 NB,NA,"Sideswipe, Same Direction",Clear,Dry,Daylight,No Controls,NONE DETECTED,Yes,No Apparent Injury,"Failed to Yield Right-of-Way, Operated Motor Vehicle in Reckless or Aggressive Manner",Unknown,MD,Passenger Car,Overtaking/Passing,25,No,2016,CHRYSLER,PACIFICA,39.01361235,-77.0399282,2025,6,12
250028485,Property Damage Crash,06/26/2025 11:20:00 AM,COLUMBIA PIKE,NA,Single Vehicle,Clear,Dry,Daylight,No Controls,NONE DETECTED,No,No Apparent Injury,"Ran Off Roadway, Swerved or Avoided Due to Wind, Slippery Surface, Motor Vehicle, Object, Non-Motorist in Roadway, etc",Not Distracted,MD,Passenger Car,Accelerating,55,No,2017,HYUNDAI,TUCSON,39.11951008,-76.92650637,2025,6,11
250028455,Injury Crash,06/26/2025 09:23:00 AM,NORWOOD RD,NA,Front to Rear,Clear,Dry,Daylight,No Controls,NONE DETECTED,No,Possible Minor Injury,NA,Not Distracted,MD,Passenger Car,Stopped in Traffic,35,No,2015,HONDA,CR-V,39.12695783,-77.02799683,2025,6,9
250028455,Injury Crash,06/26/2025 09:23:00 AM,NORWOOD RD,NA,Front to Rear,Clear,Dry,Daylight,No Controls,NONE DETECTED,No,Possible Minor Injury,NA,Unknown,MD,Passenger Car,Moving Constant Speed,35,No,2009,KIA,RIO,39.12695783,-77.02799683,2025,6,9
250030382,Property Damage Crash,06/26/2025 09:00:00 AM,NA,NA,Single Vehicle,Clear,NA,Daylight,NA,NONE DETECTED,No,No Apparent Injury,Disregarded Other Road Markings,Not Distracted,MD,Pickup,Moving Constant Speed,0,No,2021,RAM,1500,39.04101669,-76.99427279,2025,6,9
250029433,Property Damage Crash,06/26/2025 08:53:00 AM,NA,NA,Front to Rear,Clear,Dry,Daylight,No Controls,NONE DETECTED,No,NA,NA,NA,NA,Passenger Car,Moving Constant Speed,45,No,2014,KIA,SOUL,39.22328189,-77.06144322,2025,6,8
250029433,Property Damage Crash,06/26/2025 08:53:00 AM,NA,NA,Front to Rear,Clear,Dry,Daylight,No Controls,NONE DETECTED,No,No Apparent Injury,NA,Not Distracted,MD,Passenger Car,Slowing or Stopping,45,No,2016,HONDA,CR-V,39.22328189,-77.06144322,2025,6,8
250028464,Property Damage Crash,06/26/2025 08:53:00 AM,NA,NA,Front to Rear,Clear,Dry,Daylight,No Controls,NONE DETECTED,No,NA,NA,NA,NA,Passenger Car,Moving Constant Speed,40,No,2014,KIA,SOUL,39.22329462,-77.06149848,2025,6,8
250028464,Property Damage Crash,06/26/2025 08:53:00 AM,NA,NA,Front to Rear,Clear,Dry,Daylight,No Controls,NONE DETECTED,No,No Apparent Injury,NA,Not Distracted,MD,Passenger Car,Slowing or Stopping,40,No,2016,HONDA,CR-V,39.22329462,-77.06149848,2025,6,8
250028442,Injury Crash,06/26/2025 07:45:00 AM,CENTURY BLVD,NA,Angle,Clear,Dry,Daylight,Stop Sign,NONE DETECTED,Yes,Possible Minor Injury,Failed to Yield Right-of-Way,Unknown,MD,Sport Utility Vehicle,Entering Traffic Lane,30,No,2024,KIA,SELTOS,39.19217135,-77.26543537,2025,6,7
250028442,Injury Crash,06/26/2025 07:45:00 AM,CENTURY BLVD,NA,Angle,Clear,Dry,Daylight,Stop Sign,NONE DETECTED,No,No Apparent Injury,NA,Not Distracted,VA,Passenger Car,Moving Constant Speed,30,No,2023,HONDA,CIVIC,39.19217135,-77.26543537,2025,6,7
250028444,Injury Crash,06/26/2025 07:28:00 AM,TOWER OAKS BLVD,Cyclist (non-electric),Single Vehicle,Clear,Dry,Daylight,No Controls,NONE DETECTED,Yes,No Apparent Injury,NA,Not Distracted,MD,Passenger Car,Turning Left,35,No,2024,HONDA,PROLOGUE,39.0568583,-77.1503252,2025,6,7
250028446,Property Damage Crash,06/26/2025 07:18:00 AM,RAMP 1 FR IS 270 NB TO MD 117 WB,NA,Front to Rear,Clear,Dry,Daylight,Traffic Control Signal,NONE DETECTED,No,No Apparent Injury,NA,Not Distracted,NA,Passenger Car,Moving Constant Speed,35,No,2000,FORD,E-150,39.14060257,-77.21070347,2025,6,7
250028446,Property Damage Crash,06/26/2025 07:18:00 AM,RAMP 1 FR IS 270 NB TO MD 117 WB,NA,Front to Rear,Clear,Dry,Daylight,Other Signal,NONE DETECTED,No,No Apparent Injury,NA,Not Distracted,MD,Passenger Car,Slowing or Stopping,35,No,2012,VOLKSWAGEN,BEETLE,39.14060257,-77.21070347,2025,6,7
250028433,Property Damage Crash,06/26/2025 03:10:00 AM,WISCONSIN AVE (SB/L),NA,"Sideswipe, Same Direction",Clear,Dry,Medium,No Controls,NONE DETECTED,Yes,No Apparent Injury,Improper Turn,Not Distracted,MD,Sport Utility Vehicle,Changing Lanes,30,No,2023,FORD,EXPLORER,38.98211142,-77.09321586,2025,6,3
250028433,Property Damage Crash,06/26/2025 03:10:00 AM,WISCONSIN AVE (SB/L),NA,"Sideswipe, Same Direction",Clear,Dry,Medium,No Controls,NONE DETECTED,No,No Apparent Injury,NA,Not Distracted,NV,Passenger Car,Moving Constant Speed,30,No,2023,CHEVROLET,MALIBU,38.98211142,-77.09321586,2025,6,3
250028402,Injury Crash,06/25/2025 09:14:00 PM,NA,Pedestrian,Single Vehicle,Clear,Dry,Medium,Traffic Control Signal,NONE DETECTED,No,No Apparent Injury,Failed to Yield Right-of-Way,Not Distracted,MD,Sport Utility Vehicle,Turning Right,35,No,2006,TOYOTA,RAV4,39.11550679,-77.16624081,2025,6,21
250028393,Property Damage Crash,06/25/2025 07:34:00 PM,KEY WEST AVE (WB/L),NA,Angle,Clear,Dry,Daylight,Traffic Control Signal,NONE DETECTED,No,No Apparent Injury,NA,Unknown,MD,Passenger Car,Accelerating,40,No,2024,SUBARU,CROSSTREK,39.10361597,-77.19078584,2025,6,19
250028393,Property Damage Crash,06/25/2025 07:34:00 PM,KEY WEST AVE (WB/L),NA,Angle,Clear,Dry,Daylight,Traffic Control Signal,NONE DETECTED,No,No Apparent Injury,NA,Unknown,MD,Passenger Car,Turning Left,40,No,2018,HONDA,ACCORD,39.10361597,-77.19078584,2025,6,19
250028382,Property Damage Crash,06/25/2025 06:23:00 PM,DARNESTOWN RD,NA,Front to Rear,Clear,Dry,Daylight,No Controls,NONE DETECTED,No,No Apparent Injury,NA,Not Distracted,MD,Sport Utility Vehicle,Slowing or Stopping,40,No,2022,HYUNDAI,KONA,39.10665424,-77.28322692,2025,6,18
250028382,Property Damage Crash,06/25/2025 06:23:00 PM,DARNESTOWN RD,NA,Front to Rear,Clear,Dry,Daylight,No Controls,NONE DETECTED,Yes,No Apparent Injury,NA,"Other Action (looking away from task, etc.)",MD,Passenger Car,Moving Constant Speed,40,No,2008,HONDA,ACCORD,39.10665424,-77.28322692,2025,6,18
250028371,Injury Crash,06/25/2025 05:00:00 PM,SEVEN LOCKS RD,NA,Front to Front,Clear,Dry,Daylight,No Controls,NONE DETECTED,No,Possible Minor Injury,NA,Not Distracted,MD,Sport Utility Vehicle,Stopped in Traffic,30,No,2011,TOYOTA,RAV4,39.05126776,-77.16406733,2025,6,17
250028371,Injury Crash,06/25/2025 05:00:00 PM,SEVEN LOCKS RD,NA,Front to Front,Clear,Dry,Daylight,No Controls,NONE DETECTED,No,No Apparent Injury,NA,Unknown,MD,Pickup,Slowing or Stopping,30,No,2014,TOYOTA,TUNDRA,39.05126776,-77.16406733,2025,6,17
250028348,Injury Crash,06/25/2025 02:30:00 PM,NA,Cyclist (non-electric),Single Vehicle,Clear,NA,Daylight,NA,NONE DETECTED,No,No Apparent Injury,NA,Not Distracted,MD,Van - Cargo,Slowing or Stopping,0,No,2024,FREIGHTLINER,MT 55G FRONT GASOLINE ENGINE WALK IN VAN,39.03323854,-77.04179831,2025,6,14
250028333,Injury Crash,06/25/2025 01:30:00 PM,NA,NA,Front to Rear,Clear,Dry,Daylight,No Controls,NONE DETECTED,No,No Apparent Injury,NA,Not Distracted,MD,Pickup,Parked,35,No,2002,FORD,F-350,39.11118072,-77.03711149,2025,6,13
250028473,Property Damage Crash,06/25/2025 01:30:00 PM,NA,NA,Front to Rear,Clear,NA,Daylight,NA,NONE DETECTED,No,No Apparent Injury,NA,Unknown,MD,Sport Utility Vehicle,Backing,0,No,2021,FORD,EXPLORER,39.07632109,-77.22190753,2025,6,13
250028333,Injury Crash,06/25/2025 01:30:00 PM,NA,NA,Front to Rear,Clear,Dry,Daylight,No Controls,NONE DETECTED,Yes,No Apparent Injury,"Operated Motor Vehicle in Inattentive, Careless, Negligent, or Erratic Manner, Ran Off Roadway",Unknown,MD,Sport Utility Vehicle,Moving Constant Speed,35,No,2010,TOYOTA,RAV4,39.11118072,-77.03711149,2025,6,13