Local Case Number,ACRS Report Type,Crash Date/Time,Road Name,Related Non-Motorist,Collision Type,Weather,Surface Condition,Light,Traffic Control,Driver Substance Abuse,Driver At Fault,Injury Severity,Circumstance,Driver Distracted By,Drivers License State,Vehicle Body Type,Vehicle Movement,Speed Limit,Driverless Vehicle,Vehicle Year,Vehicle Make,Vehicle Model,Latitude,Longitude,Year,Month,Hour
250028073,Injury Crash,06/24/2025 07:37:00 AM,NEW HAMPSHIRE AVE (SB/L),NA,Front to Rear,Clear,Dry,Daylight,Traffic Control Signal,NONE DETECTED,Yes,No Apparent Injury,NA,Not Distracted,MD,Passenger Car,Changing Lanes,40,No,2007,TOYOTA,CAMRY,39.015744,-76.97786083,2025,6,7
250028074,Property Damage Crash,06/24/2025 07:35:00 AM,NA,NA,Front to Rear,Clear,NA,Daylight,NA,NONE DETECTED,Yes,No Apparent Injury,NA,Not Distracted,MD,Van - Cargo,Backing,0,No,2024,GMC,SAVANA,39.0515525,-77.11116367,2025,6,7
250028074,Property Damage Crash,06/24/2025 07:35:00 AM,NA,NA,Front to Rear,Clear,NA,Daylight,NA,NONE DETECTED,No,No Apparent Injury,NA,Not Distracted,NA,Pickup,Parked,0,No,2012,NISSAN,FRONTIER,39.0515525,-77.11116367,2025,6,7
250028071,Property Damage Crash,06/24/2025 07:33:00 AM,RANDOLPH RD,NA,Angle,Clear,Dry,Daylight,Traffic Control Signal,NONE DETECTED,No,No Apparent Injury,NA,Not Distracted,MD,Bus - School,Accelerating,25,No,2022,THOMAS BUILT,HDX,39.06592794,-77.03452323,2025,6,7
250028071,Property Damage Crash,06/24/2025 07:33:00 AM,RANDOLPH RD,NA,Angle,Clear,Dry,Daylight,Traffic Control Signal,NONE DETECTED,No,No Apparent Injury,NA,Unknown,MD,Passenger Car,Moving Constant Speed,40,No,2019,TOYOTA,RAV4,39.06592794,-77.03452323,2025,6,7
250028067,Property Damage Crash,06/24/2025 07:00:00 AM,GEORGIA AVE (SB/L),NA,Front to Rear,Clear,Dry,Daylight,No Controls,NONE DETECTED,Yes,No Apparent Injury,NA,Not Distracted,MD,Passenger Car,Slowing or Stopping,35,No,2008,FORD,F-150,39.09287138,-77.07981298,2025,6,7
250028067,Property Damage Crash,06/24/2025 07:00:00 AM,GEORGIA AVE (SB/L),NA,Front to Rear,Clear,Dry,Daylight,No Controls,NONE DETECTED,No,No Apparent Injury,NA,Not Distracted,MD,Passenger Car,Slowing or Stopping,35,No,2014,HONDA,ACCORD,39.09287138,-77.07981298,2025,6,7
250028037,Property Damage Crash,06/23/2025 09:08:00 PM,NA,NA,Other,Clear,NA,Dark,NA,NONE DETECTED,No,NA,NA,NA,NA,NA,NA,0,No,0,NA,NA,39.0293365,-77.04898856,2025,6,21
250028018,Property Damage Crash,06/23/2025 07:31:00 PM,NA,NA,Single Vehicle,Clear,Dry,Daylight,No Controls,NONE DETECTED,No,No Apparent Injury,NA,Talking/listening,MD,Passenger Car,Moving Constant Speed,35,No,2016,TESLA,MODEL S,38.99904783,-77.19914683,2025,6,19
250028007,Injury Crash,06/23/2025 06:33:00 PM,EDMONSTON DR (SB/L),NA,Angle,Clear,Dry,Daylight,No Controls,NONE DETECTED,Yes,Possible Minor Injury,NA,Unknown,MD,Passenger Car,Entering Traffic Lane,0,No,1990,TOYOTA,CAMRY,39.0745994,-77.13530874,2025,6,18
250028007,Injury Crash,06/23/2025 06:33:00 PM,EDMONSTON DR (SB/L),NA,Angle,Clear,Dry,Daylight,No Controls,NONE DETECTED,No,No Apparent Injury,NA,Unknown,MD,Passenger Car,Moving Constant Speed,25,No,2021,HONDA,CIVIC,39.0745994,-77.13530874,2025,6,18
250028000,Injury Crash,06/23/2025 06:30:00 PM,NA,NA,"Sideswipe, Same Direction",Clear,Dry,Daylight,Traffic Control Signal,NONE DETECTED,Yes,Possible Minor Injury,"Failed to Keep in Proper Lane, Ran Off Roadway","Other Action (looking away from task, etc.)",MD,Passenger Car,Moving Constant Speed,35,No,2012,ACURA,TL,39.14601368,-77.2282656,2025,6,18
250028000,Injury Crash,06/23/2025 06:30:00 PM,NA,NA,"Sideswipe, Same Direction",Clear,Dry,Daylight,Traffic Control Signal,NONE DETECTED,No,No Apparent Injury,NA,Not Distracted,MD,Passenger Car,Moving Constant Speed,35,No,2019,KIA,FORTE,39.14601368,-77.2282656,2025,6,18
250027991,Property Damage Crash,06/23/2025 05:30:00 PM,COLESVILLE RD,NA,"Sideswipe, Same Direction",Clear,Dry,Daylight,Lane Use Control Signal,NONE DETECTED,Yes,No Apparent Injury,NA,Not Distracted,DC,Pickup,Changing Lanes,35,No,2000,FORD,F-250,38.99725871,-77.02724092,2025,6,17
250027991,Property Damage Crash,06/23/2025 05:30:00 PM,COLESVILLE RD,NA,"Sideswipe, Same Direction",Clear,Dry,Daylight,Lane Use Control Signal,NONE DETECTED,No,No Apparent Injury,NA,Not Distracted,MD,Passenger Car,Moving Constant Speed,35,No,2018,HONDA,CIVIC,38.99725871,-77.02724092,2025,6,17
250027992,Property Damage Crash,06/23/2025 05:21:00 PM,CONNECTICUT AVE (SB/L),NA,"Sideswipe, Same Direction",Clear,Dry,Daylight,Traffic Control Signal,NONE DETECTED,Yes,No Apparent Injury,"Failed to Yield Right-of-Way, Followed Too Closely",Not Distracted,MD,Sport Utility Vehicle,Entering Traffic Lane,35,No,2017,TOYOTA,RAV4,38.99975183,-77.07717883,2025,6,17
250027992,Property Damage Crash,06/23/2025 05:21:00 PM,CONNECTICUT AVE (SB/L),NA,"Sideswipe, Same Direction",Clear,Dry,Daylight,Traffic Control Signal,NONE DETECTED,No,No Apparent Injury,NA,Not Distracted,MD,Sport Utility Vehicle,Accelerating,35,No,2023,AUDI,Q7,38.99975183,-77.07717883,2025,6,17
250027992,Property Damage Crash,06/23/2025 05:21:00 PM,CONNECTICUT AVE (SB/L),NA,"Sideswipe, Same Direction",Clear,Dry,Daylight,Traffic Control Signal,NONE DETECTED,No,No Apparent Injury,NA,Not Distracted,MD,Passenger Car,Accelerating,35,No,2017,TOYOTA,COROLLA,38.99975183,-77.07717883,2025,6,17
250027987,Injury Crash,06/23/2025 05:18:00 PM,NA,NA,Angle,Clear,Dry,Daylight,No Controls,NONE DETECTED,No,Possible Minor Injury,NA,Unknown,MD,Passenger Car,Moving Constant Speed,40,No,2020,LEXUS,RX,39.07641545,-77.13830145,2025,6,17
250027987,Injury Crash,06/23/2025 05:18:00 PM,NA,NA,Angle,Clear,Dry,Daylight,No Controls,NONE DETECTED,Yes,No Apparent Injury,NA,Unknown,AZ,Sport Utility Vehicle,Entering Traffic Lane,40,No,2019,VOLKSWAGEN,GOLF GTI,39.07641545,-77.13830145,2025,6,17
250027979,Property Damage Crash,06/23/2025 04:55:00 PM,NA,NA,Unknown,Clear,NA,Daylight,NA,NONE DETECTED,No,NA,NA,NA,NA,NA,NA,0,No,0,NA,NA,39.10607413,-77.15953225,2025,6,16
250027982,Injury Crash,06/23/2025 04:39:00 PM,EISENHOWER MEMORIAL HWY,NA,"Sideswipe, Same Direction",Clear,Dry,Daylight,No Controls,NONE DETECTED,No,Possible Minor Injury,NA,Unknown,MD,Sport Utility Vehicle,Slowing or Stopping,55,No,2019,TOYOTA,C-HR,39.030687,-77.1266835,2025,6,16
250027982,Injury Crash,06/23/2025 04:39:00 PM,EISENHOWER MEMORIAL HWY,NA,"Sideswipe, Same Direction",Clear,Dry,Daylight,No Controls,NONE DETECTED,Yes,No Apparent Injury,NA,Unknown,MD,Passenger Car,Moving Constant Speed,55,No,2006,CHEVROLET,AVEO,39.030687,-77.1266835,2025,6,16
250027974,Property Damage Crash,06/23/2025 04:18:00 PM,PINEY BRANCH RD,NA,"Sideswipe, Same Direction",Clear,Dry,Daylight,Traffic Control Signal,NONE DETECTED,Yes,No Apparent Injury,Other Improper Action,Not Distracted,MD,Bus - Transit,Turning Right,25,No,2016,GILLIG,LOW FLOOR BUS,38.99955108,-76.9954204,2025,6,16
250027974,Property Damage Crash,06/23/2025 04:18:00 PM,PINEY BRANCH RD,NA,"Sideswipe, Same Direction",Clear,Dry,Daylight,Other Signal,NONE DETECTED,No,No Apparent Injury,NA,Not Distracted,MD,Pickup,Parked,25,No,2022,FORD,F-150,38.99955108,-76.9954204,2025,6,16
250027971,Property Damage Crash,06/23/2025 04:11:00 PM,CINNABAR DR,Pedestrian,Single Vehicle,Clear,Dry,Daylight,No Controls,NONE DETECTED,No,No Apparent Injury,NA,Not Distracted,MD,Sport Utility Vehicle,Moving Constant Speed,25,No,2018,HYUNDAI,TUCSON,39.18849316,-77.15759436,2025,6,16
250027962,Property Damage Crash,06/23/2025 03:13:00 PM,GREAT SENECA HWY (SB/L),NA,Front to Rear,Clear,Dry,Daylight,No Controls,NONE DETECTED,No,No Apparent Injury,NA,Not Distracted,VA,Passenger Car,Slowing or Stopping,55,No,2020,HYUNDAI,SANTA FE,39.13010933,-77.2396075,2025,6,15
250027962,Property Damage Crash,06/23/2025 03:13:00 PM,GREAT SENECA HWY (SB/L),NA,Front to Rear,Clear,Dry,Daylight,No Controls,NONE DETECTED,Yes,No Apparent Injury,NA,Not Distracted,MD,Passenger Car,Moving Constant Speed,55,No,2003,NISSAN,SENTRA,39.13010933,-77.2396075,2025,6,15
250027956,Property Damage Crash,06/23/2025 02:39:00 PM,RANDOLPH RD (WB/L),NA,Angle,Clear,Dry,Daylight,Traffic Control Signal,NONE DETECTED,Yes,No Apparent Injury,Failed to Yield Right-of-Way,Not Distracted,MD,Sport Utility Vehicle,Turning Left,35,No,2015,TOYOTA,RAV4,39.05337083,-77.1076595,2025,6,14
250027956,Property Damage Crash,06/23/2025 02:39:00 PM,RANDOLPH RD (WB/L),NA,Angle,Clear,Dry,Daylight,Traffic Control Signal,NONE DETECTED,No,No Apparent Injury,NA,Not Distracted,MD,Sport Utility Vehicle,Moving Constant Speed,35,No,2021,VOLVO,XC60,39.05337083,-77.1076595,2025,6,14
250027944,Injury Crash,06/23/2025 01:25:00 PM,ROBINDALE DR,NA,Front to Front,Clear,Dry,Daylight,Traffic Control Signal,NONE DETECTED,No,NA,NA,NA,NA,Passenger Car,Moving Constant Speed,35,No,2002,TOYOTA,AVALON,39.06317269,-77.09467167,2025,6,13
250027944,Injury Crash,06/23/2025 01:25:00 PM,ROBINDALE DR,NA,Front to Front,Clear,Dry,Daylight,Traffic Control Signal,NONE DETECTED,No,Suspected Serious Injury,NA,Not Distracted,MD,Passenger Car,Moving Constant Speed,35,No,2020,HONDA,CIVIC,39.06317269,-77.09467167,2025,6,13
250027931,Property Damage Crash,06/23/2025 01:00:00 PM,NA,NA,Angle,Clear,Dry,Daylight,No Controls,NONE DETECTED,No,No Apparent Injury,NA,Not Distracted,MD,Passenger Car,Moving Constant Speed,40,No,2009,HYUNDAI,ELANTRA,39.1137709,-77.2159833,2025,6,13
250027931,Property Damage Crash,06/23/2025 01:00:00 PM,NA,NA,Angle,Clear,Dry,Daylight,No Controls,NONE DETECTED,Yes,No Apparent Injury,NA,Unknown,MD,Van - Passenger (&lt;9 Seats),Turning Left,40,No,2011,TOYOTA,SIENNA,39.1137709,-77.2159833,2025,6,13
250027931,Property Damage Crash,06/23/2025 01:00:00 PM,NA,NA,Angle,Clear,Dry,Daylight,Stop Sign,NONE DETECTED,No,No Apparent Injury,NA,Not Distracted,MD,Passenger Car,Stopped in Traffic,40,No,2015,CHRYSLER,200,39.1137709,-77.2159833,2025,6,13
250027938,Injury Crash,06/23/2025 12:58:00 PM,16TH ST (SB/L),Cyclist (Electric),Single Vehicle,Clear,Dry,Daylight,Traffic Control Signal,NONE DETECTED,No,No Apparent Injury,NA,Not Distracted,DC,Passenger Car,Accelerating,30,No,2010,SUBARU,FORESTER,38.99464637,-77.03635113,2025,6,12
250027933,Property Damage Crash,06/23/2025 12:51:00 PM,LONE OAK DR,NA,Angle,Clear,Dry,Daylight,No Controls,NONE DETECTED,No,No Apparent Injury,NA,Not Distracted,MD,Sport Utility Vehicle,Moving Constant Speed,25,No,2020,SUBARU,ASCENT,39.02047867,-77.1322465,2025,6,12
250027933,Property Damage Crash,06/23/2025 12:51:00 PM,LONE OAK DR,NA,Angle,Clear,Dry,Daylight,Stop Sign,NONE DETECTED,Yes,No Apparent Injury,NA,Unknown,MD,Sport Utility Vehicle,Accelerating,25,No,2024,LAND ROVER,RANGE ROVER,39.02047867,-77.1322465,2025,6,12
250027946,Property Damage Crash,06/23/2025 12:49:00 PM,NA,NA,Single Vehicle,Clear,NA,Daylight,NA,NONE DETECTED,Yes,No Apparent Injury,NA,Not Distracted,PA,Truck Tractor,Turning Left,0,No,2023,FREIGHTLINER,CASCADIA,39.11444702,-77.23569141,2025,6,12
250027964,Property Damage Crash,06/23/2025 11:41:00 AM,NA,NA,Rear To Rear,Clear,NA,Daylight,NA,NONE DETECTED,Yes,No Apparent Injury,Improper Backing,Not Distracted,MD,Pickup,Backing,0,No,2011,FORD,F-350,39.04792804,-77.10692359,2025,6,11
250027923,Injury Crash,06/23/2025 11:40:00 AM,RAMP 5 FR RAMP 8 TO DEMOCRACY BLVD EB,NA,Angle,Clear,Dry,Daylight,Traffic Control Signal,NONE DETECTED,No,No Apparent Injury,"Failed to Yield Right-of-Way, Operated Motor Vehicle in Inattentive, Careless, Negligent, or Erratic Manner, Ran Off Roadway, Ran Red Light",Unknown,MD,Pickup,Moving Constant Speed,35,No,2020,FORD,F-150,39.02179738,-77.14451883,2025,6,11
250027942,Property Damage Crash,06/23/2025 11:40:00 AM,GEORGIA AVE (SB/L),NA,"Sideswipe, Same Direction",Clear,Dry,Daylight,Lane Use Control Signal,NONE DETECTED,Yes,No Apparent Injury,NA,NA,NA,Single-Unit Truck,Moving Constant Speed,30,No,0,NA,NA,39.00958981,-77.04057495,2025,6,11
250027942,Property Damage Crash,06/23/2025 11:40:00 AM,GEORGIA AVE (SB/L),NA,"Sideswipe, Same Direction",Clear,Dry,Daylight,Lane Use Control Signal,NONE DETECTED,No,No Apparent Injury,NA,Not Distracted,FL,Truck Tractor,Stopped in Traffic,30,No,2024,INTERNATIONAL,LT62F,39.00958981,-77.04057495,2025,6,11
250027923,Injury Crash,06/23/2025 11:40:00 AM,RAMP 5 FR RAMP 8 TO DEMOCRACY BLVD EB,NA,Angle,Clear,Dry,Daylight,Traffic Control Signal,NONE DETECTED,No,Possible Minor Injury,NA,Not Distracted,MD,Passenger Car,Turning Left,35,No,2014,LEXUS,ES,39.02179738,-77.14451883,2025,6,11
250027915,Property Damage Crash,06/23/2025 10:49:00 AM,NA,NA,Angle,Clear,NA,Daylight,NA,NONE DETECTED,No,No Apparent Injury,NA,Not Distracted,MD,Passenger Car,Backing,0,No,2010,CHEVROLET,HHR,39.02019215,-77.014008,2025,6,10
250027912,Property Damage Crash,06/23/2025 10:37:00 AM,NA,NA,Other,Clear,NA,Daylight,NA,NONE DETECTED,Yes,No Apparent Injury,Other Improper Action,Not Distracted,MD,Pickup,Slowing or Stopping,0,No,2018,FORD,F-150,39.1976305,-77.25157817,2025,6,10
250027921,Injury Crash,06/23/2025 10:20:00 AM,DIXON AVE,Scooter (electric),Single Vehicle,Clear,Dry,Daylight,Pedestrian Crossing Sign,NONE DETECTED,No,NA,NA,NA,NA,NA,Turning Right,35,No,0,NA,NA,38.99434464,-77.0279865,2025,6,10
250027904,Injury Crash,06/23/2025 10:07:00 AM,NA,NA,Other,Clear,NA,Daylight,NA,NONE DETECTED,No,No Apparent Injury,NA,Not Distracted,MD,Passenger Car,Negotiating a Curve,0,No,2011,FORD,ESCAPE,39.1245067,-77.1656741,2025,6,10
250027904,Injury Crash,06/23/2025 10:07:00 AM,NA,NA,Other,Clear,NA,Daylight,NA,NONE DETECTED,No,Possible Minor Injury,NA,Not Distracted,MD,Passenger Car,Moving Constant Speed,0,No,2023,HYUNDAI,PALISADE,39.1245067,-77.1656741,2025,6,10
25001221,Property Damage Crash,06/23/2025 09:10:00 AM,NA,NA,Single Vehicle,Clear,NA,Daylight,NA,NONE DETECTED,No,No Apparent Injury,NA,Unknown,VA,Truck Tractor,Turning Left,0,No,2023,VOLVO TRUCK,VNL,39.21419797,-77.12670376,2025,6,9
250027895,Property Damage Crash,06/23/2025 09:05:00 AM,SHADY GROVE RD,NA,Front to Rear,Clear,Dry,Daylight,Traffic Control Signal,NONE DETECTED,No,No Apparent Injury,NA,Not Distracted,MD,Passenger Car,Stopped in Traffic,40,No,2015,TOYOTA,HIGHLANDER,39.12232652,-77.17767095,2025,6,9
250027895,Property Damage Crash,06/23/2025 09:05:00 AM,SHADY GROVE RD,NA,Front to Rear,Clear,Dry,Daylight,Traffic Control Signal,NONE DETECTED,Yes,No Apparent Injury,Followed Too Closely,Not Distracted,MD,Passenger Car,Slowing or Stopping,40,No,2010,NISSAN,ROGUE,39.12232652,-77.17767095,2025,6,9
250027895,Property Damage Crash,06/23/2025 09:05:00 AM,SHADY GROVE RD,NA,Front to Rear,Clear,Dry,Daylight,Traffic Control Signal,NONE DETECTED,No,No Apparent Injury,NA,Not Distracted,MD,Passenger Car,Stopped in Traffic,40,No,2007,HONDA,ACCORD,39.12232652,-77.17767095,2025,6,9
250027911,Property Damage Crash,06/23/2025 08:59:00 AM,DALE DR,NA,Front to Rear,Clear,Dry,Daylight,No Controls,NONE DETECTED,No,No Apparent Injury,NA,Not Distracted,DC,Passenger Car,Stopped in Traffic,25,No,2016,KIA,SOUL,38.99387517,-77.00918842,2025,6,8
250027911,Property Damage Crash,06/23/2025 08:59:00 AM,DALE DR,NA,Front to Rear,Clear,Dry,Daylight,No Controls,NONE DETECTED,No,No Apparent Injury,Other Improper Action,Unknown,NA,Passenger Car,Backing,25,No,2016,HONDA,CIVIC,38.99387517,-77.00918842,2025,6,8
250027891,Injury Crash,06/23/2025 08:35:00 AM,NEW HAMPSHIRE AVE,NA,Angle,Clear,Dry,Daylight,Traffic Control Signal,NONE DETECTED,No,No Apparent Injury,NA,Not Distracted,MD,Passenger Car,Turning Left,25,No,2024,VOLKSWAGEN,TIGUAN,39.04768979,-76.99287366,2025,6,8
250027891,Injury Crash,06/23/2025 08:35:00 AM,NEW HAMPSHIRE AVE,NA,Angle,Clear,Dry,Daylight,Traffic Control Signal,NONE DETECTED,Yes,Possible Minor Injury,"Failed to Yield Right-of-Way, Ran Red Light, Too Fast For Conditions",Not Distracted,MD,Passenger Car,Moving Constant Speed,40,No,2003,TOYOTA,CAMRY,39.04768979,-76.99287366,2025,6,8
250027892,Property Damage Crash,06/23/2025 07:39:00 AM,ORIENTAL ST,NA,Front to Front,Clear,Dry,Daylight,No Controls,NONE DETECTED,No,No Apparent Injury,Wrong Side,Unknown,MD,Sport Utility Vehicle,Moving Constant Speed,25,No,2006,CHEVROLET,SUBURBAN,39.0749509,-77.0948481,2025,6,7
250027886,Property Damage Crash,06/23/2025 07:10:00 AM,SHADY GROVE RD (SB/L),NA,Front to Rear,Clear,Dry,Daylight,No Controls,NONE DETECTED,No,No Apparent Injury,NA,Not Distracted,MD,Sport Utility Vehicle,Slowing or Stopping,40,No,2020,TOYOTA,RAV4,39.1329241,-77.15925304,2025,6,7
250027886,Property Damage Crash,06/23/2025 07:10:00 AM,SHADY GROVE RD (SB/L),NA,Front to Rear,Clear,Dry,Daylight,No Controls,NONE DETECTED,Yes,No Apparent Injury,Followed Too Closely,Not Distracted,MD,Passenger Car,Moving Constant Speed,40,No,2014,DODGE,CHARGER,39.1329241,-77.15925304,2025,6,7
250027883,Property Damage Crash,06/23/2025 06:14:00 AM,MATENY RD,NA,"Sideswipe, Same Direction",Clear,Dry,Daylight,No Controls,NONE DETECTED,Yes,No Apparent Injury,Other Improper Action,Not Distracted,MD,Bus - Transit,Moving Constant Speed,30,No,2014,GILLIG,CITY TRANSIT BUS,39.16140033,-77.26875498,2025,6,6
250027882,Injury Crash,06/23/2025 05:31:00 AM,FREDERICK RD,NA,Angle,Clear,Dry,Daylight,Traffic Control Signal,NONE DETECTED,No,No Apparent Injury,NA,Unknown,VA,Passenger Car,Moving Constant Speed,45,No,2024,NISSAN,SENTRA,39.20463747,-77.24604056,2025,6,5
250027882,Injury Crash,06/23/2025 05:31:00 AM,FREDERICK RD,NA,Angle,Clear,Dry,Daylight,Traffic Control Signal,NONE DETECTED,No,Suspected Serious Injury,NA,Unknown,MD,Motorcycle - 2 Wheeled,Moving Constant Speed,40,No,2024,HARLEY-DAVIDSON,FLTRX / ROAD GLIDE,39.20463747,-77.24604056,2025,6,5
250027860,Property Damage Crash,06/22/2025 10:21:00 PM,BRIGGS CHANEY RD,NA,"Sideswipe, Same Direction",Clear,Dry,Medium,Traffic Control Signal,NONE DETECTED,Yes,No Apparent Injury,NA,Unknown,MD,Passenger Car,Changing Lanes,35,No,2005,TOYOTA,CAMRY,39.08291397,-76.94825089,2025,6,22
250027860,Property Damage Crash,06/22/2025 10:21:00 PM,BRIGGS CHANEY RD,NA,"Sideswipe, Same Direction",Clear,Dry,Medium,Traffic Control Signal,NONE DETECTED,No,No Apparent Injury,NA,Not Distracted,MD,Passenger Car,Accelerating,35,No,2018,TOYOTA,COROLLA,39.08291397,-76.94825089,2025,6,22
250027869,Property Damage Crash,06/22/2025 10:07:00 PM,RENN ST,NA,Single Vehicle,Clear,Dry,Medium,No Controls,NONE DETECTED,Yes,No Apparent Injury,NA,Unknown,MD,Sport Utility Vehicle,Moving Constant Speed,25,No,2012,HONDA,CR-V,39.08123216,-77.08845623,2025,6,22
250027857,Property Damage Crash,06/22/2025 10:01:00 PM,NEW HAMPSHIRE AVE,NA,Front to Rear,Clear,Dry,Medium,No Controls,NONE DETECTED,Yes,No Apparent Injury,NA,Unknown,MD,Passenger Car,Moving Constant Speed,40,No,2017,TOYOTA,COROLLA,39.01438025,-76.97801166,2025,6,22
250027857,Property Damage Crash,06/22/2025 10:01:00 PM,NEW HAMPSHIRE AVE,NA,Front to Rear,Clear,Dry,Medium,No Controls,NONE DETECTED,No,No Apparent Injury,NA,Not Distracted,MD,Passenger Car,Slowing or Stopping,40,No,2011,TOYOTA,CAMRY,39.01438025,-76.97801166,2025,6,22
250027858,Property Damage Crash,06/22/2025 09:55:00 PM,RIDGE RD,NA,Front to Rear,Clear,Dry,Medium,No Controls,NONE DETECTED,Yes,No Apparent Injury,Followed Too Closely,Unknown,MD,Van - Passenger (&lt;9 Seats),Moving Constant Speed,30,No,2003,HONDA,ODYSSEY,39.30697733,-77.19768283,2025,6,21
250027858,Property Damage Crash,06/22/2025 09:55:00 PM,RIDGE RD,NA,Front to Rear,Clear,Dry,Medium,No Controls,NONE DETECTED,No,No Apparent Injury,NA,Not Distracted,WV,Van - Passenger (&lt;9 Seats),Stopped in Traffic,30,No,2003,CHEVROLET,ASTRO VAN,39.30697733,-77.19768283,2025,6,21
250027858,Property Damage Crash,06/22/2025 09:55:00 PM,RIDGE RD,NA,Front to Rear,Clear,Dry,Medium,No Controls,NONE DETECTED,No,No Apparent Injury,NA,Not Distracted,MD,Sport Utility Vehicle,Slowing or Stopping,30,No,2006,FORD,EXPLORER,39.30697733,-77.19768283,2025,6,21
250027853,Property Damage Crash,06/22/2025 09:03:00 PM,NA,NA,Front to Rear,Clear,Dry,Medium,No Controls,NONE DETECTED,No,No Apparent Injury,NA,Not Distracted,MD,Sport Utility Vehicle,Moving Constant Speed,30,No,2024,BMW,X4,38.98991877,-77.16077254,2025,6,21
250027853,Property Damage Crash,06/22/2025 09:03:00 PM,NA,NA,Front to Rear,Clear,Dry,Medium,No Controls,NONE DETECTED,No,No Apparent Injury,NA,Unknown,MD,Sport Utility Vehicle,Moving Constant Speed,30,No,2019,MINI,COUNTRYMAN,38.98991877,-77.16077254,2025,6,21
250027852,Property Damage Crash,06/22/2025 08:53:00 PM,RIVER RD,NA,Angle,Clear,Dry,Medium,Traffic Control Signal,NONE DETECTED,No,No Apparent Injury,NA,Unknown,MD,Sport Utility Vehicle,Turning Left,35,No,2024,HONDA,PASSPORT,38.96641452,-77.10602693,2025,6,20
250027852,Property Damage Crash,06/22/2025 08:53:00 PM,RIVER RD,NA,Angle,Clear,Dry,Medium,Traffic Control Signal,NONE DETECTED,No,No Apparent Injury,NA,Unknown,MD,Sport Utility Vehicle,Moving Constant Speed,35,No,2020,HONDA,CR-V,38.96641452,-77.10602693,2025,6,20
250027842,Property Damage Crash,06/22/2025 07:19:00 PM,GREAT SENECA HWY,NA,Front to Rear,Clear,Dry,Daylight,Traffic Control Signal,NONE DETECTED,No,No Apparent Injury,Followed Too Closely,Unknown,MD,Passenger Car,Moving Constant Speed,30,No,2013,MAZDA,MAZDA3,39.17086743,-77.26274962,2025,6,19
250027842,Property Damage Crash,06/22/2025 07:19:00 PM,GREAT SENECA HWY,NA,Front to Rear,Clear,Dry,Daylight,Traffic Control Signal,NONE DETECTED,No,No Apparent Injury,NA,Not Distracted,MD,Passenger Car,Stopped in Traffic,30,No,2021,TOYOTA,HIGHLANDER,39.17086743,-77.26274962,2025,6,19
250027838,Property Damage Crash,06/22/2025 07:16:00 PM,REDLAND RD,NA,"Sideswipe, Same Direction",Clear,Dry,Daylight,No Controls,NONE DETECTED,Yes,No Apparent Injury,"Failed to Keep in Proper Lane, Operated Motor Vehicle in Inattentive, Careless, Negligent, or Erratic Manner",Unknown,MD,Passenger Car,Moving Constant Speed,35,No,2013,FORD,EXPLORER,39.11892,-77.16181483,2025,6,19
250027838,Property Damage Crash,06/22/2025 07:16:00 PM,REDLAND RD,NA,"Sideswipe, Same Direction",Clear,Dry,Daylight,No Controls,NONE DETECTED,No,No Apparent Injury,NA,Not Distracted,MD,Bus - Transit,Moving Constant Speed,35,No,2017,GILLIG,LOW FLOOR BUS,39.11892,-77.16181483,2025,6,19
250027835,Property Damage Crash,06/22/2025 07:09:00 PM,NA,NA,Single Vehicle,Clear,NA,Daylight,NA,NONE DETECTED,Yes,No Apparent Injury,NA,Unknown,MD,Passenger Car,Accelerating,0,No,2006,LEXUS,ES,38.99122007,-77.09906121,2025,6,19
250027831,Property Damage Crash,06/22/2025 06:56:00 PM,WHEATON PLZ RING RD CUT,NA,Front to Rear,Clear,Dry,Daylight,No Controls,NONE DETECTED,No,No Apparent Injury,NA,Not Distracted,MD,Passenger Car,Moving Constant Speed,10,No,2015,MAZDA,MAZDA6,39.03424112,-77.05446272,2025,6,18