Local Case Number,ACRS Report Type,Crash Date/Time,Road Name,Related Non-Motorist,Collision Type,Weather,Surface Condition,Light,Traffic Control,Driver Substance Abuse,Driver At Fault,Injury Severity,Circumstance,Driver Distracted By,Drivers License State,Vehicle Body Type,Vehicle Movement,Speed Limit,Driverless Vehicle,Vehicle Year,Vehicle Make,Vehicle Model,Latitude,Longitude,Year,Month,Hour
250027562,Injury Crash,06/20/2025 06:09:00 PM,GEORGIA AVE,NA,Angle,Clear,Dry,Daylight,No Controls,NONE DETECTED,Yes,No Apparent Injury,NA,Unknown,MD,Sport Utility Vehicle,Turning Left,35,No,2019,JEEP,COMPASS,39.05441433,-77.0503365,2025,6,18
250027562,Injury Crash,06/20/2025 06:09:00 PM,GEORGIA AVE,NA,Angle,Clear,Dry,Daylight,No Controls,NONE DETECTED,No,No Apparent Injury,NA,Not Distracted,MD,Passenger Car,Moving Constant Speed,35,No,2023,TESLA,MODEL Y,39.05441433,-77.0503365,2025,6,18
250027552,Injury Crash,06/20/2025 05:36:00 PM,DARCY FOREST DR,Pedestrian,Single Vehicle,Clear,Dry,Daylight,Stop Sign,NONE DETECTED,No,No Apparent Injury,NA,Not Distracted,MD,Passenger Car,Turning Left,25,No,2017,CHEVROLET,BOLT EV,39.01538301,-77.04741672,2025,6,17
250027543,Injury Crash,06/20/2025 04:56:00 PM,RAMP 6 FR MD 198 EB TO US 29 SB,NA,Front to Rear,Clear,Dry,Daylight,Yield Sign,NONE DETECTED,No,Possible Minor Injury,NA,Not Distracted,MD,Sport Utility Vehicle,Entering Traffic Lane,25,No,2019,MERCEDES-BENZ,GLC-CLASS,39.11103039,-76.93211739,2025,6,16
250027543,Injury Crash,06/20/2025 04:56:00 PM,RAMP 6 FR MD 198 EB TO US 29 SB,NA,Front to Rear,Clear,Dry,Daylight,Yield Sign,NONE DETECTED,Yes,No Apparent Injury,NA,Not Distracted,MD,Passenger Car,Entering Traffic Lane,25,No,2010,MAZDA,CX-7,39.11103039,-76.93211739,2025,6,16
250027531,Property Damage Crash,06/20/2025 04:30:00 PM,NA,NA,"Sideswipe, Same Direction",Clear,NA,Daylight,NA,NONE DETECTED,No,NA,NA,NA,NA,Sport Utility Vehicle,Slowing or Stopping,0,No,2021,JEEP,CHEROKEE,38.99892154,-77.03033105,2025,6,16
250027531,Property Damage Crash,06/20/2025 04:30:00 PM,NA,NA,"Sideswipe, Same Direction",Clear,NA,Daylight,NA,NONE DETECTED,No,NA,NA,NA,NA,Sport Utility Vehicle,Parked,0,No,2024,LEXUS,LX,38.99892154,-77.03033105,2025,6,16
250027526,Injury Crash,06/20/2025 04:03:00 PM,RAMP 7 FR RANDOLPH RD WB TO MD 97 SB,Pedestrian,Single Vehicle,Clear,Dry,Daylight,Traffic Control Signal,NONE DETECTED,Yes,No Apparent Injury,NA,Unknown,MD,Passenger Car,Turning Right,40,No,2020,FORD,MUSTANG,39.05842167,-77.04959783,2025,6,16
250027522,Property Damage Crash,06/20/2025 03:50:00 PM,CHERRY VALLEY DR,NA,Angle,Clear,Dry,Daylight,Stop Sign,NONE DETECTED,Yes,No Apparent Injury,Failed to Yield Right-of-Way,Not Distracted,MD,Other,Turning Left,25,No,1990,CHEVROLET,S-10 BLAZER,39.13907117,-77.06852767,2025,6,15
250027522,Property Damage Crash,06/20/2025 03:50:00 PM,CHERRY VALLEY DR,NA,Angle,Clear,Dry,Daylight,No Controls,NONE DETECTED,No,No Apparent Injury,NA,Not Distracted,MD,Passenger Car,Moving Constant Speed,45,No,2017,TOYOTA,TUNDRA,39.13907117,-77.06852767,2025,6,15
250027511,Injury Crash,06/20/2025 03:09:00 PM,W MONTGOMERY AVE,NA,Front to Rear,Clear,Dry,Daylight,Traffic Control Signal,NONE DETECTED,Yes,No Apparent Injury,NA,Not Distracted,MD,Van - Passenger (&lt;9 Seats),Moving Constant Speed,30,No,2011,HONDA,ODYSSEY,39.08480292,-77.16230671,2025,6,15
250027511,Injury Crash,06/20/2025 03:09:00 PM,W MONTGOMERY AVE,NA,Front to Rear,Clear,Dry,Daylight,Traffic Control Signal,NONE DETECTED,No,Possible Minor Injury,NA,Not Distracted,MD,Station Wagon,Slowing or Stopping,30,No,2021,TOYOTA,C-HR,39.08480292,-77.16230671,2025,6,15
25001201,Property Damage Crash,06/20/2025 01:57:00 PM,MEADOWBROOK LA,NA,Rear To Rear,Clear,Dry,Daylight,No Controls,NONE DETECTED,No,No Apparent Injury,NA,"Other Action (looking away from task, etc.)",MD,Pickup,Backing,10,No,2012,FORD,F-450,38.98829914,-77.06231782,2025,6,13
250027494,Injury Crash,06/20/2025 01:27:00 PM,WISTERIA DR,NA,Angle,Clear,Dry,Daylight,No Controls,NONE DETECTED,No,Possible Minor Injury,NA,Not Distracted,MD,Passenger Car,Moving Constant Speed,25,No,2024,NISSAN,SENTRA,39.17664632,-77.269666,2025,6,13
250027494,Injury Crash,06/20/2025 01:27:00 PM,WISTERIA DR,NA,Angle,Clear,Dry,Daylight,No Controls,NONE DETECTED,Yes,No Apparent Injury,Failed to Yield Right-of-Way,Not Distracted,MD,Passenger Car,Accelerating,25,No,2005,SAAB,9-3,39.17664632,-77.269666,2025,6,13
250027499,Property Damage Crash,06/20/2025 01:25:00 PM,WOODFIELD RD,NA,"Sideswipe, Same Direction",Clear,Dry,Daylight,No Controls,NONE DETECTED,No,No Apparent Injury,NA,Not Distracted,MD,Pickup,Moving Constant Speed,35,No,2001,TOYOTA,TACOMA,39.20064667,-77.15790333,2025,6,13
250027499,Property Damage Crash,06/20/2025 01:25:00 PM,WOODFIELD RD,NA,"Sideswipe, Same Direction",Clear,Dry,Daylight,No Controls,NONE DETECTED,No,NA,NA,NA,NA,Pickup,Overtaking/Passing,35,No,0,NA,NA,39.20064667,-77.15790333,2025,6,13
25001200,Property Damage Crash,06/20/2025 12:27:00 PM,NA,NA,"Sideswipe, Same Direction",Clear,NA,Daylight,NA,NONE DETECTED,No,No Apparent Injury,NA,Unknown,MD,Sport Utility Vehicle,Overtaking/Passing,0,No,2018,TOYOTA,HIGHLANDER,39.0358665,-77.05567992,2025,6,12
25001200,Property Damage Crash,06/20/2025 12:27:00 PM,NA,NA,"Sideswipe, Same Direction",Clear,NA,Daylight,NA,NONE DETECTED,No,No Apparent Injury,NA,Not Distracted,MD,Sport Utility Vehicle,Parked,0,No,2017,FORD,EXPLORER,39.0358665,-77.05567992,2025,6,12
250027484,Injury Crash,06/20/2025 12:18:00 PM,WAYNE AVE,Pedestrian,Single Vehicle,Clear,Dry,Daylight,Pedestrian Crossing Sign,NONE DETECTED,Yes,No Apparent Injury,NA,Not Distracted,VA,Passenger Car,Turning Right,25,No,2016,BMW,228I,38.99446385,-77.02660766,2025,6,12
250027488,Property Damage Crash,06/20/2025 12:12:00 PM,BRIARDALE RD,NA,Single Vehicle,Clear,Dry,Daylight,Traffic Control Signal,NONE DETECTED,No,No Apparent Injury,NA,Not Distracted,MD,Other Trucks,Slowing or Stopping,45,No,1988,KENWORTH,T880,39.13355726,-77.1583076,2025,6,12
250027456,Property Damage Crash,06/20/2025 08:37:00 AM,MARYLAND AVE,NA,"Sideswipe, Same Direction",Clear,Dry,Daylight,No Controls,NONE DETECTED,No,No Apparent Injury,NA,Not Distracted,MD,Sport Utility Vehicle,NA,25,No,2016,NISSAN,ROGUE,39.08694002,-77.1511152,2025,6,8
250027456,Property Damage Crash,06/20/2025 08:37:00 AM,MARYLAND AVE,NA,"Sideswipe, Same Direction",Clear,Dry,Daylight,No Controls,NONE DETECTED,No,No Apparent Injury,NA,Not Distracted,MD,Sport Utility Vehicle,Moving Constant Speed,25,No,2019,JEEP,WRANGLER,39.08694002,-77.1511152,2025,6,8
250027446,Injury Crash,06/20/2025 07:44:00 AM,RANDOLPH RD (WB/L),NA,Other,Clear,Dry,Daylight,No Controls,NONE DETECTED,No,Possible Minor Injury,NA,Not Distracted,MD,Passenger Car,Moving Constant Speed,40,No,2020,MERCEDES-BENZ,GLC-CLASS,39.05367842,-77.09115844,2025,6,7
250027446,Injury Crash,06/20/2025 07:44:00 AM,RANDOLPH RD (WB/L),NA,Other,Clear,Dry,Daylight,No Controls,NONE DETECTED,Yes,Possible Minor Injury,Other Improper Action,Not Distracted,MD,Passenger Car,Moving Constant Speed,40,No,2022,VOLKSWAGEN,GOLF GTI,39.05367842,-77.09115844,2025,6,7
250027446,Injury Crash,06/20/2025 07:44:00 AM,RANDOLPH RD (WB/L),NA,Other,Clear,Dry,Daylight,No Controls,NONE DETECTED,No,Possible Minor Injury,NA,Not Distracted,MD,Passenger Car,Moving Constant Speed,40,No,2009,TOYOTA,COROLLA,39.05367842,-77.09115844,2025,6,7
250027446,Injury Crash,06/20/2025 07:44:00 AM,RANDOLPH RD (WB/L),NA,Other,Clear,Dry,Daylight,No Controls,NONE DETECTED,No,No Apparent Injury,NA,Not Distracted,MD,Passenger Car,Moving Constant Speed,40,No,2015,TOYOTA,PRIUS V,39.05367842,-77.09115844,2025,6,7
250027443,Property Damage Crash,06/20/2025 07:04:00 AM,VEIRS MILL RD (WB/L),NA,"Sideswipe, Same Direction",Clear,Dry,Daylight,No Controls,NONE DETECTED,Yes,No Apparent Injury,NA,Not Distracted,MD,Passenger Car,Changing Lanes,35,No,2023,HYUNDAI,SONATA,39.05425417,-77.07893567,2025,6,7
250027443,Property Damage Crash,06/20/2025 07:04:00 AM,VEIRS MILL RD (WB/L),NA,"Sideswipe, Same Direction",Clear,Dry,Daylight,No Controls,NONE DETECTED,No,No Apparent Injury,NA,Not Distracted,MD,Passenger Car,Moving Constant Speed,35,No,2024,FORD,MUSTANG,39.05425417,-77.07893567,2025,6,7
250027430,Property Damage Crash,06/20/2025 12:13:00 AM,GREAT SENECA HWY (SB/L),NA,Single Vehicle,Clear,Dry,Medium,Traffic Control Signal,ALCOHOL PRESENT,Yes,No Apparent Injury,"Ran Off Roadway, Too Fast For Conditions",Not Distracted,MD,Passenger Car,Turning Right,35,No,2003,TOYOTA,CAMRY,39.15892972,-77.27540367,2025,6,0
250027429,Property Damage Crash,06/19/2025 11:29:00 PM,BELTON RD,NA,Front to Rear,Clear,Dry,Dark,No Controls,NONE DETECTED,No,No Apparent Injury,Other Improper Action,Unknown,NA,Passenger Car,Backing,15,No,2005,LEXUS,RX,39.0315915,-77.01300967,2025,6,23
250027429,Property Damage Crash,06/19/2025 11:29:00 PM,BELTON RD,NA,Front to Rear,Clear,Dry,Dark,No Controls,NONE DETECTED,No,No Apparent Injury,NA,Not Distracted,MD,Sport Utility Vehicle,Parked,15,No,2019,TOYOTA,RAV4,39.0315915,-77.01300967,2025,6,23
250027420,Property Damage Crash,06/19/2025 10:30:00 PM,INDUSTRIAL PKWY,NA,Single Vehicle,Clear,Dry,Medium,Traffic Control Signal,NONE DETECTED,No,No Apparent Injury,Too Fast For Conditions,Not Distracted,MD,Sport Utility Vehicle,Turning Right,30,No,2025,FORD,EXPLORER,39.05589468,-76.97102833,2025,6,22
250027421,Injury Crash,06/19/2025 10:28:00 PM,KEMPTOWN RD,NA,Angle,Clear,Dry,Medium,No Controls,NONE DETECTED,No,Possible Minor Injury,NA,Not Distracted,MD,Pickup,Backing,45,No,2002,FORD,F-250,39.32105933,-77.200942,2025,6,22
250027421,Injury Crash,06/19/2025 10:28:00 PM,KEMPTOWN RD,NA,Angle,Clear,Dry,Medium,No Controls,NONE DETECTED,Yes,No Apparent Injury,NA,Not Distracted,MD,Passenger Car,Moving Constant Speed,45,No,2018,FORD,FLEX,39.32105933,-77.200942,2025,6,22
250027259,Injury Crash,06/19/2025 09:26:00 PM,UNIVERSITY BLVD E,NA,Front to Rear,Rain,Wet,Medium,No Controls,NONE DETECTED,No,Possible Minor Injury,NA,Not Distracted,MD,Passenger Car,Accelerating,40,No,2021,TOYOTA,CAMRY,39.0141557,-77.00429811,2025,6,21
250027259,Injury Crash,06/19/2025 09:26:00 PM,UNIVERSITY BLVD E,NA,Front to Rear,Rain,Wet,Medium,No Controls,NONE DETECTED,Yes,No Apparent Injury,Followed Too Closely,Not Distracted,MD,Sport Utility Vehicle,Moving Constant Speed,40,No,2022,MITSUBISHI,OUTLANDER,39.0141557,-77.00429811,2025,6,21
250027409,Injury Crash,06/19/2025 09:11:00 PM,PINEY BRANCH RD,Pedestrian,Unknown,Clear,Wet,Medium,Flashing Traffic Control Signal,NONE DETECTED,No,NA,NA,NA,NA,Passenger Car,Moving Constant Speed,35,No,2014,BMW,X3,38.98314894,-77.01551686,2025,6,21
250027403,Injury Crash,06/19/2025 08:31:00 PM,VEIRS MILL RD (WB/L),NA,Front to Rear,Cloudy,Wet,Medium,Traffic Control Signal,ALCOHOL PRESENT,Yes,No Apparent Injury,Other Improper Action,"Other Action (looking away from task, etc.)",MD,Passenger Car,Moving Constant Speed,35,No,2018,NISSAN,NV200,39.05310283,-77.0767915,2025,6,20
250027403,Injury Crash,06/19/2025 08:31:00 PM,VEIRS MILL RD (WB/L),NA,Front to Rear,Cloudy,Wet,Medium,Traffic Control Signal,NONE DETECTED,No,No Apparent Injury,NA,Not Distracted,MD,Passenger Car,Stopped in Traffic,35,No,2022,HYUNDAI,TUCSON,39.05310283,-77.0767915,2025,6,20
250027400,Injury Crash,06/19/2025 07:34:00 PM,EAST WEST HWY (WB/L),NA,Angle,Cloudy,Dry,Daylight,Traffic Control Signal,NONE DETECTED,Yes,No Apparent Injury,NA,Unknown,MD,Passenger Car,Moving Constant Speed,30,No,1996,NISSAN,MAXIMA,38.99462152,-77.03633813,2025,6,19
250027400,Injury Crash,06/19/2025 07:34:00 PM,EAST WEST HWY (WB/L),NA,Angle,Cloudy,Dry,Daylight,Traffic Control Signal,NONE DETECTED,Yes,Possible Minor Injury,"Failed to Yield Right-of-Way, Operated Motor Vehicle in Inattentive, Careless, Negligent, or Erratic Manner",Unknown,MD,Sport Utility Vehicle,Moving Constant Speed,35,No,2022,INFINITI,QX50,38.99462152,-77.03633813,2025,6,19
250027463,Property Damage Crash,06/19/2025 07:10:00 PM,SHEPHERD ST,NA,"Sideswipe, Same Direction",Cloudy,Wet,Daylight,No Controls,NONE DETECTED,Yes,No Apparent Injury,NA,Not Distracted,MD,Single-Unit Truck,Overtaking/Passing,25,No,2016,PIERCE MANUFACTURING,ARROW XT,38.97975633,-77.07542386,2025,6,19
250027391,Injury Crash,06/19/2025 06:45:00 PM,CONNECTICUT AVE,NA,Other,Clear,Wet,Daylight,No Controls,NONE DETECTED,Yes,No Apparent Injury,Failed to Yield Right-of-Way,Unknown,MD,Passenger Car,Turning Left,30,No,2023,TOYOTA,SIENNA,38.98551123,-77.07705728,2025,6,18
250027391,Injury Crash,06/19/2025 06:45:00 PM,CONNECTICUT AVE,NA,Other,Clear,Wet,Daylight,No Controls,NONE DETECTED,No,No Apparent Injury,NA,Not Distracted,MD,Passenger Car,Moving Constant Speed,30,No,2013,HONDA,CIVIC,38.98551123,-77.07705728,2025,6,18
250027386,Property Damage Crash,06/19/2025 06:27:00 PM,RANDOLPH RD,NA,Angle,Clear,Wet,Daylight,Traffic Control Signal,NONE DETECTED,No,No Apparent Injury,NA,Not Distracted,MD,Passenger Car,Moving Constant Speed,35,No,2024,LEXUS,RX,39.05524467,-77.08347917,2025,6,18
250027386,Property Damage Crash,06/19/2025 06:27:00 PM,RANDOLPH RD,NA,Angle,Clear,Wet,Daylight,Traffic Control Signal,NONE DETECTED,Yes,No Apparent Injury,Failed to Yield Right-of-Way,Not Distracted,NA,Passenger Car,Turning Left,35,No,2009,NISSAN,ALTIMA,39.05524467,-77.08347917,2025,6,18
250027385,Property Damage Crash,06/19/2025 06:09:00 PM,RUSSELL AVE (SB/L),NA,Rear To Side,Clear,Wet,Daylight,No Controls,NONE DETECTED,No,No Apparent Injury,NA,Not Distracted,MD,Sport Utility Vehicle,Moving Constant Speed,35,No,2020,NISSAN,ROGUE,39.15620567,-77.21154983,2025,6,18
250027385,Property Damage Crash,06/19/2025 06:09:00 PM,RUSSELL AVE (SB/L),NA,Rear To Side,Clear,Wet,Daylight,No Controls,NONE DETECTED,No,No Apparent Injury,Failed to Yield Right-of-Way,Unknown,MD,Passenger Car,Turning Left,10,No,2003,MERCURY,SABLE,39.15620567,-77.21154983,2025,6,18
250027382,Property Damage Crash,06/19/2025 05:30:00 PM,FENTON ST,NA,Angle,Rain,Wet,Daylight,Traffic Control Signal,NONE DETECTED,Yes,No Apparent Injury,Other Improper Action,Not Distracted,MD,Single-Unit Truck,Turning Left,30,No,2008,SPARTAN MOTORS CHASS,RESCUE/UTILITY,38.99017985,-77.02396133,2025,6,17
250027382,Property Damage Crash,06/19/2025 05:30:00 PM,FENTON ST,NA,Angle,Rain,Wet,Daylight,Traffic Control Signal,NONE DETECTED,No,No Apparent Injury,NA,Unknown,MD,Passenger Car,Stopped in Traffic,30,No,2023,TESLA,MODEL Y,38.99017985,-77.02396133,2025,6,17
250027376,Injury Crash,06/19/2025 05:11:00 PM,KISS AND RIDE TWINBROOK LOT,Pedestrian,Single Vehicle,Clear,Wet,Daylight,Stop Sign,NONE DETECTED,No,NA,NA,NA,NA,Sport Utility Vehicle,Moving Constant Speed,25,No,2018,NISSAN,ROGUE,39.06111396,-77.12100136,2025,6,17
250027380,Property Damage Crash,06/19/2025 05:05:00 PM,NA,NA,"Sideswipe, Same Direction",Rain,Wet,Daylight,No Controls,NONE DETECTED,No,NA,NA,NA,NA,NA,Moving Constant Speed,30,No,0,NA,NA,39.24593419,-77.18975831,2025,6,17
250027378,Property Damage Crash,06/19/2025 04:42:00 PM,KEY WEST AVE (WB/L),NA,Angle,Rain,Wet,Daylight,Traffic Control Signal,NONE DETECTED,No,No Apparent Injury,NA,Unknown,MD,Passenger Car,NA,50,No,2019,HONDA,PILOT,39.10337551,-77.20635176,2025,6,16
250027378,Property Damage Crash,06/19/2025 04:42:00 PM,KEY WEST AVE (WB/L),NA,Angle,Rain,Wet,Daylight,Traffic Control Signal,NONE DETECTED,No,No Apparent Injury,NA,Unknown,MD,Passenger Car,Accelerating,40,No,2009,HONDA,CR-V,39.10337551,-77.20635176,2025,6,16
250027371,Property Damage Crash,06/19/2025 03:52:00 PM,GEORGIA AVE,NA,Angle,Cloudy,Dry,Daylight,Traffic Control Signal,NONE DETECTED,Yes,No Apparent Injury,Ran Red Light,Unknown,MD,Passenger Car,Moving Constant Speed,35,No,2002,LEXUS,RX,39.01558256,-77.04259591,2025,6,15
250027371,Property Damage Crash,06/19/2025 03:52:00 PM,GEORGIA AVE,NA,Angle,Cloudy,Dry,Daylight,Traffic Control Signal,NONE DETECTED,No,No Apparent Injury,NA,Not Distracted,MD,Passenger Car,Turning Left,35,No,2025,FORD,EXPLORER,39.01558256,-77.04259591,2025,6,15
250027366,Injury Crash,06/19/2025 03:24:00 PM,MONTGOMERY VILLAGE AVE,NA,Angle,Clear,Dry,Daylight,No Controls,NONE DETECTED,Yes,Possible Minor Injury,"Operated Motor Vehicle in Inattentive, Careless, Negligent, or Erratic Manner",Unknown,MD,Passenger Car,Moving Constant Speed,35,No,2020,FORD,MUSTANG,39.18099117,-77.20015017,2025,6,15
250027366,Injury Crash,06/19/2025 03:24:00 PM,MONTGOMERY VILLAGE AVE,NA,Angle,Clear,Dry,Daylight,No Controls,NONE DETECTED,No,Possible Minor Injury,NA,Unknown,MD,Passenger Car,Turning Left,35,No,2020,SUBARU,OUTBACK,39.18099117,-77.20015017,2025,6,15
250027350,Property Damage Crash,06/19/2025 02:07:00 PM,NA,NA,Single Vehicle,Clear,NA,Daylight,NA,NONE DETECTED,No,No Apparent Injury,Ran Off Roadway,Unknown,XX,Passenger Car,Slowing or Stopping,0,No,2014,TOYOTA,CAMRY,39.11016958,-77.22168709,2025,6,14
250027343,Property Damage Crash,06/19/2025 01:40:00 PM,NA,NA,Front to Front,Clear,NA,Daylight,NA,NONE DETECTED,No,No Apparent Injury,Over-Correcting/Over-Steering,Unknown,MD,Passenger Car,NA,0,No,2014,HONDA,ACCORD,39.06040505,-77.12130288,2025,6,13
250027343,Property Damage Crash,06/19/2025 01:40:00 PM,NA,NA,Front to Front,Clear,NA,Daylight,NA,NONE DETECTED,No,No Apparent Injury,Other Improper Action,Unknown,MD,Sport Utility Vehicle,Turning Right,0,No,2011,HYUNDAI,SANTA FE,39.06040505,-77.12130288,2025,6,13
250027344,Injury Crash,06/19/2025 01:27:00 PM,NORBECK RD,NA,Front to Rear,Clear,Dry,Daylight,No Controls,NONE DETECTED,No,Possible Minor Injury,NA,Not Distracted,MD,Passenger Car,Slowing or Stopping,35,No,2009,MINI,COOPER,39.0984125,-77.102932,2025,6,13
250027344,Injury Crash,06/19/2025 01:27:00 PM,NORBECK RD,NA,Front to Rear,Clear,Dry,Daylight,No Controls,NONE DETECTED,No,No Apparent Injury,NA,Not Distracted,MD,Sport Utility Vehicle,Slowing or Stopping,35,No,2009,LEXUS,RX,39.0984125,-77.102932,2025,6,13
250027478,Injury Crash,06/19/2025 01:00:00 PM,NA,Pedestrian,Single Vehicle,Clear,NA,Daylight,NA,NONE DETECTED,Yes,No Apparent Injury,NA,Not Distracted,MD,Sport Utility Vehicle,Slowing or Stopping,0,No,2018,CADILLAC,ESCALADE,39.05467611,-76.95587864,2025,6,13
250027328,Injury Crash,06/19/2025 12:34:00 PM,CONNECTICUT AVE (SB/L),NA,Angle,Clear,Dry,Daylight,Traffic Control Signal,NONE DETECTED,No,Possible Minor Injury,NA,Not Distracted,MD,Motorcycle - 2 Wheeled,Moving Constant Speed,35,No,2020,YAMAHA,MTN320 (MT-03),39.02748805,-77.07666521,2025,6,12
250027328,Injury Crash,06/19/2025 12:34:00 PM,CONNECTICUT AVE (SB/L),NA,Angle,Clear,Dry,Daylight,Traffic Control Signal,NONE DETECTED,Yes,No Apparent Injury,Failed to Yield Right-of-Way,Not Distracted,MD,Passenger Car,Turning Left,35,No,2024,TESLA,MODEL Y,39.02748805,-77.07666521,2025,6,12
250027318,Property Damage Crash,06/19/2025 11:19:00 AM,WILLIAMSBURG DR (WB/L),NA,Angle,Clear,Dry,Daylight,Traffic Control Signal,NONE DETECTED,No,No Apparent Injury,NA,Not Distracted,MD,Passenger Car,Accelerating,25,No,2021,JEEP,WRANGLER,39.01786479,-77.00711456,2025,6,11
250027318,Property Damage Crash,06/19/2025 11:19:00 AM,WILLIAMSBURG DR (WB/L),NA,Angle,Clear,Dry,Daylight,Traffic Control Signal,NONE DETECTED,No,No Apparent Injury,NA,Not Distracted,MD,Passenger Car,Moving Constant Speed,35,No,2025,FORD,MAVERICK,39.01786479,-77.00711456,2025,6,11
250027308,Property Damage Crash,06/19/2025 10:45:00 AM,E GUDE DR (WB/L),NA,Front to Rear,Clear,Dry,Daylight,Traffic Control Signal,NONE DETECTED,No,No Apparent Injury,NA,Not Distracted,MD,Pickup,Moving Constant Speed,35,No,2000,FORD,F-350,39.09329274,-77.13158261,2025,6,10
250027308,Property Damage Crash,06/19/2025 10:45:00 AM,E GUDE DR (WB/L),NA,Front to Rear,Clear,Dry,Daylight,Traffic Control Signal,NONE DETECTED,Yes,No Apparent Injury,NA,Not Distracted,MD,Passenger Car,Moving Constant Speed,35,No,2016,KIA,RIO,39.09329274,-77.13158261,2025,6,10
250027309,Property Damage Crash,06/19/2025 10:45:00 AM,RAMP 1 FR IS 270 NB TO SHADY GROVE RD WB,NA,Front to Rear,Clear,Dry,Daylight,Traffic Control Signal,NONE DETECTED,No,No Apparent Injury,NA,Not Distracted,WY,Passenger Car,Slowing or Stopping,40,No,2024,KIA,SOUL,39.11179765,-77.18707737,2025,6,10
250027308,Property Damage Crash,06/19/2025 10:45:00 AM,E GUDE DR (WB/L),NA,Front to Rear,Clear,Dry,Daylight,Traffic Control Signal,NONE DETECTED,No,No Apparent Injury,NA,Not Distracted,MD,Passenger Car,Moving Constant Speed,35,No,2016,BUICK,ENCORE,39.09329274,-77.13158261,2025,6,10
250027309,Property Damage Crash,06/19/2025 10:45:00 AM,RAMP 1 FR IS 270 NB TO SHADY GROVE RD WB,NA,Front to Rear,Clear,Dry,Daylight,Traffic Control Signal,NONE DETECTED,Yes,No Apparent Injury,"Followed Too Closely, Too Fast For Conditions",Unknown,MD,Passenger Car,Moving Constant Speed,40,No,2013,TOYOTA,YARIS,39.11179765,-77.18707737,2025,6,10
250027293,Property Damage Crash,06/19/2025 07:43:00 AM,OLD GEORGETOWN RD (SB/L),NA,"Sideswipe, Same Direction",Clear,Dry,Daylight,No Controls,NONE DETECTED,Yes,No Apparent Injury,NA,Unknown,MD,Passenger Car,Changing Lanes,35,No,2010,AUDI,Q7,39.00985046,-77.11472043,2025,6,7
250027293,Property Damage Crash,06/19/2025 07:43:00 AM,OLD GEORGETOWN RD (SB/L),NA,"Sideswipe, Same Direction",Clear,Dry,Daylight,No Controls,NONE DETECTED,No,No Apparent Injury,NA,Not Distracted,VA,Passenger Car,Moving Constant Speed,35,No,2024,TOYOTA,RAV4,39.00985046,-77.11472043,2025,6,7
250027291,Injury Crash,06/19/2025 07:00:00 AM,NEW HAMPSHIRE AVE,NA,Angle,Clear,Dry,Daylight,Traffic Control Signal,NONE DETECTED,Yes,No Apparent Injury,"Failed to Yield Right-of-Way, Ran Red Light",Unknown,MD,Passenger Car,Moving Constant Speed,40,No,2013,ACURA,ILX,39.03987833,-76.99039467,2025,6,7
250027291,Injury Crash,06/19/2025 07:00:00 AM,NEW HAMPSHIRE AVE,NA,Angle,Clear,Dry,Daylight,Traffic Control Signal,NONE DETECTED,No,Possible Minor Injury,NA,Not Distracted,MD,Passenger Car,Moving Constant Speed,30,No,2011,VOLKSWAGEN,GTI,39.03987833,-76.99039467,2025,6,7
250027288,Injury Crash,06/19/2025 06:45:00 AM,COLUMBIA PIKE,NA,Front to Rear,Clear,Wet,Daylight,No Controls,NONE DETECTED,No,Possible Minor Injury,NA,Not Distracted,MD,Van - Passenger (&lt;9 Seats),Moving Constant Speed,50,No,2023,FORD,TRANSIT,39.06554037,-76.9606285,2025,6,6
250027288,Injury Crash,06/19/2025 06:45:00 AM,COLUMBIA PIKE,NA,Front to Rear,Clear,Wet,Daylight,No Controls,NONE DETECTED,Yes,No Apparent Injury,"Failed to Yield Right-of-Way, Ran Off Roadway",Not Distracted,MD,Sport Utility Vehicle,Changing Lanes,0,No,2017,JEEP,WRANGLER,39.06554037,-76.9606285,2025,6,6