Local Case Number,ACRS Report Type,Crash Date/Time,Road Name,Related Non-Motorist,Collision Type,Weather,Surface Condition,Light,Traffic Control,Driver Substance Abuse,Driver At Fault,Injury Severity,Circumstance,Driver Distracted By,Drivers License State,Vehicle Body Type,Vehicle Movement,Speed Limit,Driverless Vehicle,Vehicle Year,Vehicle Make,Vehicle Model,Latitude,Longitude,Year,Month,Hour
250025195,Injury Crash,06/19/2025 05:55:00 AM,NA,NA,Single Vehicle,Clear,NA,Medium,NA,NONE DETECTED,Yes,Possible Minor Injury,"Disregarded Other Road Markings, Operated Motor Vehicle in Inattentive, Careless, Negligent, or Erratic Manner, Ran Off Roadway",Unknown,MD,Passenger Car,NA,0,No,2009,TOYOTA,CAMRY,39.1363188,-77.2072067,2025,6,5
250027273,Injury Crash,06/19/2025 12:20:00 AM,BOU AVE,NA,Other,Clear,Wet,Medium,Traffic Control Signal,NONE DETECTED,Yes,Possible Minor Injury,"Operated Motor Vehicle in Inattentive, Careless, Negligent, or Erratic Manner, Ran Red Light",Not Distracted,MD,Single-Unit Truck,Moving Constant Speed,35,No,2022,INTERNATIONAL,MV607,39.05613662,-77.11920638,2025,6,0
250027273,Injury Crash,06/19/2025 12:20:00 AM,BOU AVE,NA,Other,Clear,Wet,Medium,Traffic Control Signal,NONE DETECTED,No,Suspected Serious Injury,NA,Not Distracted,MD,Passenger Car,Turning Left,35,No,2021,HONDA,CR-V,39.05613662,-77.11920638,2025,6,0
250027268,Injury Crash,06/18/2025 11:10:00 PM,BRIGHTWOOD RD,NA,Single Vehicle,Clear,Dry,Medium,No Controls,ALCOHOL PRESENT,Yes,No Apparent Injury,"Operated Motor Vehicle in Inattentive, Careless, Negligent, or Erratic Manner, Operated Motor Vehicle in Reckless or Aggressive Manner, Other Improper Action",Unknown,MD,Passenger Car,Moving Constant Speed,25,No,2022,TOYOTA,RAV4,39.15718327,-77.0917439,2025,6,23
250027254,Property Damage Crash,06/18/2025 08:26:00 PM,BRIGGS CHANEY RD,NA,Angle,Clear,Dry,Daylight,Traffic Control Signal,NONE DETECTED,No,No Apparent Injury,NA,Not Distracted,MD,Sport Utility Vehicle,Slowing or Stopping,30,No,2025,HONDA,CR-V,39.0821802,-76.94748778,2025,6,20
250027254,Property Damage Crash,06/18/2025 08:26:00 PM,BRIGGS CHANEY RD,NA,Angle,Clear,Dry,Daylight,Traffic Control Signal,NONE DETECTED,No,NA,NA,NA,NA,Sport Utility Vehicle,Moving Constant Speed,30,No,2014,CHEVROLET,SONIC,39.0821802,-76.94748778,2025,6,20
250027249,Property Damage Crash,06/18/2025 08:00:00 PM,RAMP 4 FR IS 270 NB TO WATKINS MILL RD,NA,Front to Front,Clear,Dry,Medium,Traffic Control Signal,NONE DETECTED,No,No Apparent Injury,NA,Not Distracted,GA,Sport Utility Vehicle,Turning Right,35,No,2019,NISSAN,ROGUE,39.15662168,-77.22456759,2025,6,20
250027249,Property Damage Crash,06/18/2025 08:00:00 PM,RAMP 4 FR IS 270 NB TO WATKINS MILL RD,NA,Front to Front,Clear,Dry,Medium,No Controls,NONE DETECTED,No,No Apparent Injury,NA,Not Distracted,MD,Van - Cargo,Entering Traffic Lane,35,No,2015,FORD,TRANSIT,39.15662168,-77.22456759,2025,6,20
250027242,Property Damage Crash,06/18/2025 08:00:00 PM,NA,NA,"Sideswipe, Same Direction",Rain,Wet,Daylight,No Controls,NONE DETECTED,No,No Apparent Injury,NA,Not Distracted,DC,Single-Unit Truck,Moving Constant Speed,35,No,2018,FREIGHTLINER,M2,38.98145667,-77.09836067,2025,6,20
250027226,Property Damage Crash,06/18/2025 05:45:00 PM,NA,NA,Single Vehicle,Rain,Other,Daylight,No Controls,NONE DETECTED,No,No Apparent Injury,NA,Unknown,MD,Sport Utility Vehicle,Moving Constant Speed,35,No,2009,HONDA,CR-V,39.07770474,-76.9611898,2025,6,17
250027217,Property Damage Crash,06/18/2025 05:01:00 PM,BALLARD ST,NA,"Sideswipe, Same Direction",Cloudy,Wet,Daylight,No Controls,NONE DETECTED,No,No Apparent Injury,NA,Not Distracted,MD,Passenger Car,Entering Traffic Lane,25,No,2017,VOLKSWAGEN,GOLF SPORTWAGEN,39.00059562,-77.03371062,2025,6,17
250027217,Property Damage Crash,06/18/2025 05:01:00 PM,BALLARD ST,NA,"Sideswipe, Same Direction",Cloudy,Wet,Daylight,No Controls,NONE DETECTED,No,NA,NA,NA,NA,Passenger Car,Overtaking/Passing,25,No,2022,TOYOTA,HIGHLANDER,39.00059562,-77.03371062,2025,6,17
250027224,Property Damage Crash,06/18/2025 04:34:00 PM,RAMP 11 FR SHADY GROVE RD SB TO RAMP 4,NA,Front to Rear,Cloudy,Dry,Daylight,Traffic Control Signal,NONE DETECTED,Yes,No Apparent Injury,Followed Too Closely,Unknown,NA,Sport Utility Vehicle,NA,45,No,2004,HONDA,CR-V,39.13153208,-77.16072679,2025,6,16
250027224,Property Damage Crash,06/18/2025 04:34:00 PM,RAMP 11 FR SHADY GROVE RD SB TO RAMP 4,NA,Front to Rear,Cloudy,Dry,Daylight,Traffic Control Signal,NONE DETECTED,No,No Apparent Injury,NA,Not Distracted,MD,Bus - Transit,Slowing or Stopping,45,No,2020,GILLIG,UNKNOWN,39.13153208,-77.16072679,2025,6,16
250027211,Property Damage Crash,06/18/2025 04:00:00 PM,NA,NA,"Sideswipe, Same Direction",Clear,NA,Daylight,NA,NONE DETECTED,No,No Apparent Injury,NA,Not Distracted,MD,Bus - Transit,Turning Left,0,No,2012,NEW FLYER,XCELSIOR,39.07748332,-76.94228269,2025,6,16
250027211,Property Damage Crash,06/18/2025 04:00:00 PM,NA,NA,"Sideswipe, Same Direction",Clear,NA,Daylight,NA,NONE DETECTED,No,No Apparent Injury,NA,Not Distracted,MD,Bus - Transit,Parked,0,No,2019,NOVABUS,LFS ARTICULATED,39.07748332,-76.94228269,2025,6,16
250027203,Injury Crash,06/18/2025 03:50:00 PM,CRABBS BRANCH WAY,NA,Angle,Clear,Dry,Daylight,Traffic Control Signal,NONE DETECTED,No,Possible Minor Injury,NA,Unknown,MD,Passenger Car,Turning Left,35,No,2022,TOYOTA,COROLLA,39.11472224,-77.1569772,2025,6,15
250027203,Injury Crash,06/18/2025 03:50:00 PM,CRABBS BRANCH WAY,NA,Angle,Clear,Dry,Daylight,Traffic Control Signal,NONE DETECTED,Yes,No Apparent Injury,Ran Red Light,Unknown,MD,Sport Utility Vehicle,Moving Constant Speed,35,No,2012,CADILLAC,SRX,39.11472224,-77.1569772,2025,6,15
250027210,Injury Crash,06/18/2025 03:48:00 PM,NA,NA,Single Vehicle,Clear,Wet,Daylight,No Controls,NONE DETECTED,No,Possible Minor Injury,NA,Not Distracted,MD,Passenger Car,Negotiating a Curve,35,No,2003,HONDA,ACCORD,39.07973063,-76.95534532,2025,6,15
250027202,Property Damage Crash,06/18/2025 03:45:00 PM,DARNESTOWN RD,NA,Single Vehicle,Clear,Dry,Daylight,No Controls,NONE DETECTED,Yes,No Apparent Injury,NA,Not Distracted,MD,Single-Unit Truck,Moving Constant Speed,50,No,2016,KENWORTH,W9 SERIES,39.12810247,-77.33592737,2025,6,15
250027202,Property Damage Crash,06/18/2025 03:45:00 PM,DARNESTOWN RD,NA,Single Vehicle,Clear,Dry,Daylight,No Controls,NONE DETECTED,No,No Apparent Injury,NA,Not Distracted,MD,Sport Utility Vehicle,Moving Constant Speed,50,No,2011,HONDA,CR-V,39.12810247,-77.33592737,2025,6,15
250027199,Property Damage Crash,06/18/2025 03:19:00 PM,NA,NA,Single Vehicle,Rain,Wet,Daylight,No Controls,NONE DETECTED,No,No Apparent Injury,NA,Not Distracted,MD,Passenger Car,Moving Constant Speed,35,No,2018,MINI,COUNTRYMAN,39.02338367,-76.97435783,2025,6,15
250027189,Property Damage Crash,06/18/2025 02:39:00 PM,COLUMBIA PIKE (SB/L),NA,Angle,Rain,Wet,Daylight,Traffic Control Signal,NONE DETECTED,No,No Apparent Injury,NA,Not Distracted,MD,Passenger Car,Accelerating,55,No,2019,CHEVROLET,BOLT EV,39.0956647,-76.93810169,2025,6,14
250027189,Property Damage Crash,06/18/2025 02:39:00 PM,COLUMBIA PIKE (SB/L),NA,Angle,Rain,Wet,Daylight,Traffic Control Signal,NONE DETECTED,Yes,No Apparent Injury,NA,Not Distracted,MD,Pickup,Turning Left,55,No,2022,FORD,F-250,39.0956647,-76.93810169,2025,6,14
250027190,Injury Crash,06/18/2025 02:36:00 PM,NA,NA,Front to Rear,Rain,NA,Daylight,NA,NONE DETECTED,No,Possible Minor Injury,NA,Unknown,MD,Sport Utility Vehicle,Slowing or Stopping,0,No,2005,JEEP,GRAND CHEROKEE,39.02740114,-77.07236349,2025,6,14
250027190,Injury Crash,06/18/2025 02:36:00 PM,NA,NA,Front to Rear,Rain,NA,Daylight,NA,NONE DETECTED,No,No Apparent Injury,NA,Not Distracted,MD,Sport Utility Vehicle,Parked,0,No,2020,NISSAN,ROGUE,39.02740114,-77.07236349,2025,6,14
250027185,Injury Crash,06/18/2025 02:01:00 PM,MUSCADINE DR,NA,Angle,Rain,Wet,Daylight,No Controls,NONE DETECTED,Yes,No Apparent Injury,Failed to Keep in Proper Lane,Not Distracted,MD,Sport Utility Vehicle,Turning Left,25,No,2024,TOYOTA,RAV4,39.22597942,-77.2392593,2025,6,14
250027185,Injury Crash,06/18/2025 02:01:00 PM,MUSCADINE DR,NA,Angle,Rain,Wet,Daylight,Stop Sign,NONE DETECTED,No,No Apparent Injury,NA,Not Distracted,MD,Passenger Car,Turning Right,25,No,2024,TOYOTA,CAMRY,39.22597942,-77.2392593,2025,6,14
250027201,Injury Crash,06/18/2025 01:55:00 PM,NA,Pedestrian,Single Vehicle,Rain,NA,Daylight,NA,NONE DETECTED,No,No Apparent Injury,NA,Not Distracted,MD,Passenger Car,Turning Left,0,No,2011,TOYOTA,CAMRY,39.05726706,-77.12255051,2025,6,13
250027181,Injury Crash,06/18/2025 01:51:00 PM,UNIVERSITY BLVD W,NA,Front to Rear,Cloudy,Dry,Daylight,No Controls,NONE DETECTED,No,No Apparent Injury,NA,Not Distracted,MD,Passenger Car,Accelerating,35,No,2006,TOYOTA,PRIUS,39.0276695,-77.02040312,2025,6,13
250027181,Injury Crash,06/18/2025 01:51:00 PM,UNIVERSITY BLVD W,NA,Front to Rear,Cloudy,Dry,Daylight,No Controls,NONE DETECTED,No,Possible Minor Injury,NA,Not Distracted,MD,Sport Utility Vehicle,Stopped in Traffic,35,No,2022,MITSUBISHI,OUTLANDER SPORT,39.0276695,-77.02040312,2025,6,13
250027183,Injury Crash,06/18/2025 01:47:00 PM,NA,NA,Angle,Cloudy,Dry,Daylight,No Controls,NONE DETECTED,No,Possible Minor Injury,NA,Not Distracted,MD,Passenger Car,Moving Constant Speed,25,No,2023,TESLA,MODEL 3,38.98789533,-77.09944467,2025,6,13
250027183,Injury Crash,06/18/2025 01:47:00 PM,NA,NA,Angle,Cloudy,Dry,Daylight,Stop Sign,NONE DETECTED,Yes,Possible Minor Injury,NA,Not Distracted,MD,Passenger Car,Accelerating,15,No,2012,TOYOTA,COROLLA,38.98789533,-77.09944467,2025,6,13
250027187,Property Damage Crash,06/18/2025 12:53:00 PM,GRAND PARK AVE,NA,"Sideswipe, Same Direction",Rain,Wet,Daylight,No Controls,NONE DETECTED,No,No Apparent Injury,Other Improper Action,Not Distracted,NA,Van - Passenger (&lt;9 Seats),Stopped in Traffic,25,No,2024,TOYOTA,SIENNA,39.04913462,-77.11697368,2025,6,12
250027187,Property Damage Crash,06/18/2025 12:53:00 PM,GRAND PARK AVE,NA,"Sideswipe, Same Direction",Rain,Wet,Daylight,No Controls,NONE DETECTED,Yes,No Apparent Injury,Failed to Keep in Proper Lane,Not Distracted,MD,Van - Cargo,Moving Constant Speed,25,No,2024,FORD,TRANSIT,39.04913462,-77.11697368,2025,6,12
250027161,Injury Crash,06/18/2025 12:05:00 PM,DETRICK AVE,NA,Angle,Cloudy,Dry,Daylight,No Controls,NONE DETECTED,No,No Apparent Injury,NA,Not Distracted,MD,Sport Utility Vehicle,Moving Constant Speed,35,No,2019,JEEP,WRANGLER,39.0276952,-77.07805774,2025,6,12
250027161,Injury Crash,06/18/2025 12:05:00 PM,DETRICK AVE,NA,Angle,Cloudy,Dry,Daylight,Stop Sign,NONE DETECTED,Yes,Possible Minor Injury,Failed to Yield Right-of-Way,Not Distracted,MD,Passenger Car,Accelerating,35,No,2009,SATURN,AURA,39.0276952,-77.07805774,2025,6,12
250027162,Property Damage Crash,06/18/2025 12:04:00 PM,NA,NA,"Sideswipe, Same Direction",Clear,NA,Daylight,NA,NONE DETECTED,No,No Apparent Injury,NA,Not Distracted,MD,Passenger Car,Parked,0,No,2024,LEXUS,TX,39.01775208,-77.21042774,2025,6,12
250027162,Property Damage Crash,06/18/2025 12:04:00 PM,NA,NA,"Sideswipe, Same Direction",Clear,NA,Daylight,NA,NONE DETECTED,Yes,No Apparent Injury,"Failed to Keep in Proper Lane, Other Improper Action",Not Distracted,MD,Passenger Car,Slowing or Stopping,0,No,2018,HONDA,CR-V,39.01775208,-77.21042774,2025,6,12
250027154,Property Damage Crash,06/18/2025 11:03:00 AM,MONROE PL,NA,"Sideswipe, Same Direction",Clear,Dry,Daylight,Stop Sign,NONE DETECTED,No,No Apparent Injury,NA,Not Distracted,MD,Passenger Car,Moving Constant Speed,20,No,2023,VOLKSWAGEN,TIGUAN,39.08347,-77.14923767,2025,6,11
250027154,Property Damage Crash,06/18/2025 11:03:00 AM,MONROE PL,NA,"Sideswipe, Same Direction",Clear,Dry,Daylight,Stop Sign,NONE DETECTED,No,No Apparent Injury,NA,Not Distracted,MD,Passenger Car,Moving Constant Speed,20,No,2019,DODGE,CHARGER,39.08347,-77.14923767,2025,6,11
250027145,Injury Crash,06/18/2025 10:05:00 AM,CONNECTICUT AVE (SB/L),NA,Front to Rear,Cloudy,Dry,Daylight,Traffic Control Signal,NONE DETECTED,Yes,No Apparent Injury,Followed Too Closely,Not Distracted,MD,Pickup,Accelerating,35,No,2003,TOYOTA,TACOMA,39.03878884,-77.07571398,2025,6,10
250027145,Injury Crash,06/18/2025 10:05:00 AM,CONNECTICUT AVE (SB/L),NA,Front to Rear,Cloudy,Dry,Daylight,Traffic Control Signal,NONE DETECTED,No,Possible Minor Injury,NA,Not Distracted,MD,Passenger Car,Accelerating,35,No,2020,TOYOTA,CAMRY,39.03878884,-77.07571398,2025,6,10
250027175,Property Damage Crash,06/18/2025 10:00:00 AM,NA,NA,Rear To Rear,Clear,NA,Daylight,NA,NONE DETECTED,No,No Apparent Injury,NA,Unknown,MD,Passenger Car,Backing,0,No,2007,BUICK,LACROSSE,38.96479498,-77.10429755,2025,6,10
25002717,Injury Crash,06/18/2025 09:03:00 AM,ROCKVILLE PIKE (SB/L),NA,Angle,Cloudy,Wet,Daylight,Traffic Control Signal,NONE DETECTED,No,No Apparent Injury,NA,Not Distracted,MD,Sport Utility Vehicle,Moving Constant Speed,35,No,2014,PORSCHE,CAYENNE,39.044735180000004,-77.11182102,2025,6,9
25002717,Injury Crash,06/18/2025 09:03:00 AM,ROCKVILLE PIKE (SB/L),NA,Angle,Cloudy,Wet,Daylight,Traffic Control Signal,NONE DETECTED,No,Possible Minor Injury,NA,Not Distracted,VA,Sport Utility Vehicle,Moving Constant Speed,35,No,2022,BMW,X5,39.044735180000004,-77.11182102,2025,6,9
25002717,Injury Crash,06/18/2025 09:03:00 AM,ROCKVILLE PIKE (SB/L),NA,Angle,Cloudy,Wet,Daylight,Traffic Control Signal,NONE DETECTED,Yes,No Apparent Injury,NA,Unknown,VA,Sport Utility Vehicle,Turning Right,35,No,2016,TOYOTA,HIGHLANDER,39.044735180000004,-77.11182102,2025,6,9
250027121,Property Damage Crash,06/18/2025 08:45:00 AM,NA,NA,Angle,Cloudy,Wet,Daylight,No Controls,NONE DETECTED,Yes,No Apparent Injury,"Failed to Yield Right-of-Way, Operated Motor Vehicle in Inattentive, Careless, Negligent, or Erratic Manner",Not Distracted,DC,Pickup,Turning Left,35,No,2023,FORD,MAVERICK,39.09121135,-77.06233685,2025,6,8
250027121,Property Damage Crash,06/18/2025 08:45:00 AM,NA,NA,Angle,Cloudy,Wet,Daylight,No Controls,NONE DETECTED,No,No Apparent Injury,NA,Not Distracted,MD,Passenger Car,Moving Constant Speed,35,No,2006,HONDA,CIVIC,39.09121135,-77.06233685,2025,6,8
250027114,Property Damage Crash,06/18/2025 06:57:00 AM,NEW HAMPSHIRE AVE (SB/L),NA,"Sideswipe, Same Direction",Cloudy,Wet,Daylight,Traffic Control Signal,NONE DETECTED,No,No Apparent Injury,Failed to Keep in Proper Lane,Unknown,MD,Other Trucks,Turning Left,40,No,2018,RAM,5500,39.07566448,-77.00188858,2025,6,6
250027114,Property Damage Crash,06/18/2025 06:57:00 AM,NEW HAMPSHIRE AVE (SB/L),NA,"Sideswipe, Same Direction",Cloudy,Wet,Daylight,Traffic Control Signal,NONE DETECTED,No,No Apparent Injury,NA,Not Distracted,MD,Sport Utility Vehicle,Turning Left,40,No,2017,HYUNDAI,SANTA FE,39.07566448,-77.00188858,2025,6,6
250027114,Property Damage Crash,06/18/2025 06:57:00 AM,NEW HAMPSHIRE AVE (SB/L),NA,"Sideswipe, Same Direction",Cloudy,Wet,Daylight,Traffic Control Signal,NONE DETECTED,No,No Apparent Injury,NA,Not Distracted,MD,Pickup,Turning Left,40,No,1997,TOYOTA,T100,39.07566448,-77.00188858,2025,6,6
250027107,Injury Crash,06/18/2025 05:30:00 AM,LAYTONSVILLE RD,NA,Front to Front,Rain,Wet,Medium,No Controls,NONE DETECTED,No,Suspected Serious Injury,NA,Not Distracted,MD,Pickup,Moving Constant Speed,40,No,2024,CHEVROLET,SILVERADO EV,39.22873783,-77.14253733,2025,6,5
250027107,Injury Crash,06/18/2025 05:30:00 AM,LAYTONSVILLE RD,NA,Front to Front,Rain,Wet,Medium,No Controls,NONE DETECTED,Yes,No Apparent Injury,Improper Passing,Unknown,NA,Pickup,Accelerating,40,No,1999,FORD,RANGER,39.22873783,-77.14253733,2025,6,5
250027106,Injury Crash,06/18/2025 05:19:00 AM,COLUMBIA PIKE,NA,Angle,Cloudy,Wet,Medium,Flashing Traffic Control Signal,NONE DETECTED,No,Possible Minor Injury,NA,Not Distracted,MD,Passenger Car,Moving Constant Speed,50,No,2021,KIA,K5,39.0561035,-76.97121109,2025,6,5
250027106,Injury Crash,06/18/2025 05:19:00 AM,COLUMBIA PIKE,NA,Angle,Cloudy,Wet,Medium,Flashing Traffic Control Signal,NONE DETECTED,Yes,No Apparent Injury,Failed to Yield Right-of-Way,Not Distracted,MD,Pickup,Turning Left,50,No,2023,CHEVROLET,SILVERADO,39.0561035,-76.97121109,2025,6,5
250027106,Injury Crash,06/18/2025 05:19:00 AM,COLUMBIA PIKE,NA,Angle,Cloudy,Wet,Medium,Flashing Traffic Control Signal,NONE DETECTED,No,No Apparent Injury,NA,Unknown,NA,Sport Utility Vehicle,NA,50,No,0,NA,NA,39.0561035,-76.97121109,2025,6,5
250027100,Fatal Crash,06/18/2025 12:54:00 AM,FREDERICK RD,Pedestrian,Single Vehicle,Cloudy,Dry,Medium,Flashing Traffic Control Signal,ALCOHOL PRESENT,Yes,No Apparent Injury,NA,Unknown,MD,Passenger Car,Moving Constant Speed,35,No,2018,HONDA,ACCORD,39.1127206,-77.16205086,2025,6,0
250026943,Property Damage Crash,06/17/2025 11:23:00 PM,DICKERSON RD,NA,Single Vehicle,Clear,Dry,Dark,No Controls,NONE DETECTED,No,No Apparent Injury,Too Fast For Conditions,Not Distracted,MD,Sport Utility Vehicle,Moving Constant Speed,30,No,2022,FORD,EXPLORER,39.21625089,-77.42848371,2025,6,23
250027073,Property Damage Crash,06/17/2025 06:40:00 PM,VEIRS MILL RD (WB/L),NA,Front to Rear,Clear,Wet,Daylight,Pedestrian Crossing Sign,NONE DETECTED,Yes,No Apparent Injury,"Followed Too Closely, Operated Motor Vehicle in Inattentive, Careless, Negligent, or Erratic Manner",Unknown,MD,Passenger Car,Slowing or Stopping,40,No,2008,TOYOTA,CAMRY,39.04970033,-77.07090552,2025,6,18
250027073,Property Damage Crash,06/17/2025 06:40:00 PM,VEIRS MILL RD (WB/L),NA,Front to Rear,Clear,Wet,Daylight,Pedestrian Crossing Sign,NONE DETECTED,No,No Apparent Injury,NA,Not Distracted,MD,Sport Utility Vehicle,Stopped in Traffic,40,No,2022,TOYOTA,RAV4 PRIME,39.04970033,-77.07090552,2025,6,18
250027072,Injury Crash,06/17/2025 06:30:00 PM,CLARA DOWNEY AVE,NA,Front to Front,Clear,Dry,Daylight,No Controls,NONE DETECTED,No,Possible Minor Injury,NA,Not Distracted,MD,Passenger Car,Moving Constant Speed,30,No,2022,MERCEDES-BENZ,GLC-CLASS,39.11403066,-77.06812937,2025,6,18
250027072,Injury Crash,06/17/2025 06:30:00 PM,CLARA DOWNEY AVE,NA,Front to Front,Clear,Dry,Daylight,Stop Sign,NONE DETECTED,Yes,No Apparent Injury,"Failed to Keep in Proper Lane, Failed to Yield Right-of-Way",Not Distracted,MD,Passenger Car,Turning Right,30,No,2021,TOYOTA,VENZA,39.11403066,-77.06812937,2025,6,18
250027071,Property Damage Crash,06/17/2025 06:25:00 PM,NA,NA,"Sideswipe, Opposite Direction",Clear,Dry,Daylight,Traffic Control Signal,NONE DETECTED,Yes,No Apparent Injury,NA,Not Distracted,UT,Sport Utility Vehicle,Turning Left,25,No,2024,MERCEDES-BENZ,GLS-CLASS,38.98469893,-77.09862823,2025,6,18
250027071,Property Damage Crash,06/17/2025 06:25:00 PM,NA,NA,"Sideswipe, Opposite Direction",Clear,Dry,Daylight,Traffic Control Signal,NONE DETECTED,No,No Apparent Injury,NA,Not Distracted,MD,Sport Utility Vehicle,Moving Constant Speed,25,No,2006,PORSCHE,CAYENNE,38.98469893,-77.09862823,2025,6,18
250027058,Property Damage Crash,06/17/2025 05:11:00 PM,RANDOLPH RD (WB/L),NA,Front to Rear,Rain,Wet,Daylight,No Controls,NONE DETECTED,No,No Apparent Injury,NA,Not Distracted,MD,Bus - Transit,Slowing or Stopping,35,No,2022,NEW FLYER,XCELSIOR,39.05919632,-77.06846913,2025,6,17
250027058,Property Damage Crash,06/17/2025 05:11:00 PM,RANDOLPH RD (WB/L),NA,Front to Rear,Rain,Wet,Daylight,No Controls,NONE DETECTED,Yes,No Apparent Injury,NA,Not Distracted,MD,Passenger Car,Slowing or Stopping,35,No,2002,HONDA,CIVIC,39.05919632,-77.06846913,2025,6,17
250027062,Property Damage Crash,06/17/2025 05:05:00 PM,ROCKY MOUNT WAY,NA,Front to Rear,Cloudy,Wet,Daylight,No Controls,NONE DETECTED,Yes,No Apparent Injury,Followed Too Closely,"Other Action (looking away from task, etc.)",MD,Passenger Car,Moving Constant Speed,35,No,2016,HONDA,ACCORD,39.03612083,-77.03422837,2025,6,17
250027062,Property Damage Crash,06/17/2025 05:05:00 PM,ROCKY MOUNT WAY,NA,Front to Rear,Cloudy,Wet,Daylight,No Controls,NONE DETECTED,No,No Apparent Injury,NA,Not Distracted,MD,Passenger Car,Stopped in Traffic,35,No,2020,TOYOTA,RAV4,39.03612083,-77.03422837,2025,6,17
250027052,Property Damage Crash,06/17/2025 04:40:00 PM,BLUERIDGE AVE,NA,Angle,Cloudy,Dry,Daylight,Traffic Control Signal,NONE DETECTED,No,No Apparent Injury,NA,Not Distracted,MD,Sport Utility Vehicle,Moving Constant Speed,30,No,2015,LEXUS,RX,39.04311655,-77.05191801,2025,6,16
250027052,Property Damage Crash,06/17/2025 04:40:00 PM,BLUERIDGE AVE,NA,Angle,Cloudy,Dry,Daylight,Traffic Control Signal,NONE DETECTED,Yes,No Apparent Injury,NA,Unknown,MD,Passenger Car,Turning Left,30,No,1999,ACURA,INTEGRA,39.04311655,-77.05191801,2025,6,16
250027033,Property Damage Crash,06/17/2025 02:30:00 PM,NA,NA,Front to Rear,Clear,NA,Daylight,NA,NONE DETECTED,Yes,NA,NA,NA,NA,Pickup,Backing,0,No,2020,CHEVROLET,SILVERADO,39.07477706,-77.11445741,2025,6,14
250027033,Property Damage Crash,06/17/2025 02:30:00 PM,NA,NA,Front to Rear,Clear,NA,Daylight,NA,NONE DETECTED,No,No Apparent Injury,NA,Not Distracted,MD,Passenger Car,Parked,0,No,2017,TOYOTA,COROLLA,39.07477706,-77.11445741,2025,6,14
250027002,Property Damage Crash,06/17/2025 12:39:00 PM,COLUMBIA PIKE (SB/L),NA,Angle,Cloudy,Dry,Daylight,Traffic Control Signal,NONE DETECTED,Yes,No Apparent Injury,"Failed to Yield Right-of-Way, Improper Turn",Unknown,DC,Passenger Car,Turning Left,40,No,2007,TOYOTA,PRIUS,39.04084315,-76.99606833,2025,6,12
250027002,Property Damage Crash,06/17/2025 12:39:00 PM,COLUMBIA PIKE (SB/L),NA,Angle,Cloudy,Dry,Daylight,Traffic Control Signal,NONE DETECTED,No,No Apparent Injury,NA,Not Distracted,MD,Passenger Car,Moving Constant Speed,40,No,2019,LEXUS,ES,39.04084315,-76.99606833,2025,6,12
250026991,Property Damage Crash,06/17/2025 11:10:00 AM,SHADY GROVE RD (SB/L),NA,Front to Rear,Clear,Dry,Daylight,Traffic Control Signal,NONE DETECTED,No,NA,NA,NA,NA,Unknown,NA,40,No,0,NA,NA,39.09317139,-77.19659391,2025,6,11
250026991,Property Damage Crash,06/17/2025 11:10:00 AM,SHADY GROVE RD (SB/L),NA,Front to Rear,Clear,Dry,Daylight,Traffic Control Signal,NONE DETECTED,No,No Apparent Injury,NA,Not Distracted,MD,Sport Utility Vehicle,Stopped in Traffic,40,No,2018,HONDA,CR-V,39.09317139,-77.19659391,2025,6,11
250026981,Injury Crash,06/17/2025 09:36:00 AM,NA,NA,Angle,Cloudy,Wet,Daylight,Traffic Control Signal,NONE DETECTED,No,Possible Minor Injury,NA,Unknown,MD,Passenger Car,NA,35,No,2019,MAZDA,CX-5,39.06430911,-77.12618736,2025,6,9
250026981,Injury Crash,06/17/2025 09:36:00 AM,NA,NA,Angle,Cloudy,Wet,Daylight,Traffic Control Signal,NONE DETECTED,Yes,Possible Minor Injury,Failed to Yield Right-of-Way,Unknown,MD,Passenger Car,Turning Left,35,No,2021,TOYOTA,RAV4,39.06430911,-77.12618736,2025,6,9