Local Case Number,ACRS Report Type,Crash Date/Time,Road Name,Related Non-Motorist,Collision Type,Weather,Surface Condition,Light,Traffic Control,Driver Substance Abuse,Driver At Fault,Injury Severity,Circumstance,Driver Distracted By,Drivers License State,Vehicle Body Type,Vehicle Movement,Speed Limit,Driverless Vehicle,Vehicle Year,Vehicle Make,Vehicle Model,Latitude,Longitude,Year,Month,Hour
250026745,Injury Crash,06/15/2025 08:35:00 PM,KING FARM BLVD,NA,Angle,Rain,Wet,Medium,Traffic Control Signal,ALCOHOL PRESENT,Yes,No Apparent Injury,NA,Unknown,NA,Passenger Car,Moving Constant Speed,40,No,2015,CHEVROLET,MALIBU,39.11714625,-77.16894637,2025,6,20
250026745,Injury Crash,06/15/2025 08:35:00 PM,KING FARM BLVD,NA,Angle,Rain,Wet,Medium,Traffic Control Signal,NONE DETECTED,No,Possible Minor Injury,NA,Not Distracted,MD,Passenger Car,Moving Constant Speed,25,No,2015,NISSAN,ALTIMA,39.11714625,-77.16894637,2025,6,20
250026741,Property Damage Crash,06/15/2025 08:07:00 PM,W MONTGOMERY AVE,NA,Front to Rear,Rain,Wet,Dark,Other,NONE DETECTED,Yes,No Apparent Injury,NA,Not Distracted,MD,Passenger Car,Moving Constant Speed,35,No,2012,HONDA,CIVIC,39.09287785,-77.18280967,2025,6,20
250026741,Property Damage Crash,06/15/2025 08:07:00 PM,W MONTGOMERY AVE,NA,Front to Rear,Rain,Wet,Dark,No Controls,NONE DETECTED,No,No Apparent Injury,NA,Not Distracted,DC,Passenger Car,Turning Right,35,No,2024,JEEP,GRAND CHEROKEE,39.09287785,-77.18280967,2025,6,20
250026739,Property Damage Crash,06/15/2025 07:49:00 PM,RANDOLPH RD,NA,Front to Rear,Clear,Dry,Daylight,No Controls,NONE DETECTED,No,No Apparent Injury,NA,Not Distracted,MD,Passenger Car,Moving Constant Speed,30,No,2023,KIA,SOUL,39.05707784,-77.07338646,2025,6,19
250026739,Property Damage Crash,06/15/2025 07:49:00 PM,RANDOLPH RD,NA,Front to Rear,Clear,Dry,Daylight,No Controls,NONE DETECTED,No,No Apparent Injury,Other Improper Action,Not Distracted,NA,Passenger Car,Moving Constant Speed,30,No,2015,CHEVROLET,MALIBU,39.05707784,-77.07338646,2025,6,19
250026731,Property Damage Crash,06/15/2025 06:29:00 PM,QUINCE ORCHARD RD (SB/L),NA,Front to Rear,Cloudy,Dry,Daylight,Traffic Control Signal,NONE DETECTED,No,NA,"Operated Motor Vehicle in Inattentive, Careless, Negligent, or Erratic Manner, Operated Motor Vehicle in Reckless or Aggressive Manner",Unknown,NA,Passenger Car,Entering Traffic Lane,40,No,2020,DODGE,JOURNEY,39.14213158,-77.22104455,2025,6,18
250026731,Property Damage Crash,06/15/2025 06:29:00 PM,QUINCE ORCHARD RD (SB/L),NA,Front to Rear,Cloudy,Dry,Daylight,Traffic Control Signal,NONE DETECTED,No,No Apparent Injury,NA,Not Distracted,MD,Sport Utility Vehicle,Slowing or Stopping,40,No,2015,TOYOTA,RAV4,39.14213158,-77.22104455,2025,6,18
250026593,Property Damage Crash,06/15/2025 05:50:00 PM,NA,NA,Angle,Clear,NA,Daylight,NA,NONE DETECTED,No,No Apparent Injury,NA,NA,NA,NA,NA,0,No,0,NA,NA,38.98631597,-77.02735715,2025,6,17
250026722,Injury Crash,06/15/2025 05:15:00 PM,NA,NA,Rear To Side,Clear,NA,Daylight,NA,NONE DETECTED,No,Possible Minor Injury,NA,Unknown,DC,Passenger Car,Turning Left,0,No,2020,JEEP,COMPASS,39.09025504,-77.17654457,2025,6,17
250026722,Injury Crash,06/15/2025 05:15:00 PM,NA,NA,Rear To Side,Clear,NA,Daylight,NA,NONE DETECTED,Yes,No Apparent Injury,NA,Unknown,MD,Passenger Car,Moving Constant Speed,0,No,2022,CADILLAC,ESCALADE,39.09025504,-77.17654457,2025,6,17
250026718,Injury Crash,06/15/2025 04:40:00 PM,OLD GEORGETOWN RD,NA,Front to Rear,Cloudy,Dry,Daylight,Traffic Control Signal,NONE DETECTED,Yes,Possible Minor Injury,"Operated Motor Vehicle in Inattentive, Careless, Negligent, or Erratic Manner",Unknown,MD,Passenger Car,Moving Constant Speed,35,No,2014,FORD,FOCUS,39.0040569,-77.11037619,2025,6,16
250026718,Injury Crash,06/15/2025 04:40:00 PM,OLD GEORGETOWN RD,NA,Front to Rear,Cloudy,Dry,Daylight,Traffic Control Signal,NONE DETECTED,No,Possible Minor Injury,NA,Not Distracted,MD,Sport Utility Vehicle,Slowing or Stopping,35,No,2020,JEEP,GRAND CHEROKEE,39.0040569,-77.11037619,2025,6,16
250026708,Injury Crash,06/15/2025 03:28:00 PM,COUNTRY SQUIRE WAY,Scooter (electric),Single Vehicle,Clear,Dry,Daylight,Stop Sign,NONE DETECTED,No,No Apparent Injury,NA,Not Distracted,MD,Passenger Car,Moving Constant Speed,30,No,2011,HONDA,ODYSSEY,39.22888005,-77.24959561,2025,6,15
250026690,Property Damage Crash,06/15/2025 11:51:00 AM,GEORGIA AVE (SB/L),NA,Front to Rear,Cloudy,Dry,Daylight,Intersection Ahead Warning Sign,NONE DETECTED,No,No Apparent Injury,NA,Not Distracted,VA,Pickup,Slowing or Stopping,40,No,2005,FORD,EXPLORER SPORT TRAC,39.19903843,-77.06599286,2025,6,11
250026690,Property Damage Crash,06/15/2025 11:51:00 AM,GEORGIA AVE (SB/L),NA,Front to Rear,Cloudy,Dry,Daylight,No Controls,NONE DETECTED,Yes,No Apparent Injury,Followed Too Closely,Unknown,MD,Passenger Car,Slowing or Stopping,40,No,2013,SUBARU,OUTBACK,39.19903843,-77.06599286,2025,6,11
250026687,Injury Crash,06/15/2025 11:00:00 AM,MIDDLEBROOK RD,Cyclist (non-electric),Single Vehicle,Clear,Dry,Daylight,Traffic Control Signal,NONE DETECTED,Yes,No Apparent Injury,Failed to Yield Right-of-Way,Not Distracted,MD,Passenger Car,Turning Right,40,No,2018,SUBARU,CROSSTREK,39.17882657,-77.26751501,2025,6,11
250026670,Injury Crash,06/15/2025 07:16:00 AM,GROSVENOR LA,NA,Angle,Rain,Wet,Daylight,Traffic Control Signal,NONE DETECTED,No,Possible Minor Injury,NA,Not Distracted,MD,Passenger Car,Moving Constant Speed,35,No,2018,CHEVROLET,CRUZE,39.02238806,-77.10317446,2025,6,7
250026670,Injury Crash,06/15/2025 07:16:00 AM,GROSVENOR LA,NA,Angle,Rain,Wet,Daylight,Traffic Control Signal,NONE DETECTED,No,Possible Minor Injury,NA,Not Distracted,MD,Passenger Car,Moving Constant Speed,35,No,2008,TOYOTA,CAMRY,39.02238806,-77.10317446,2025,6,7
250026664,Property Damage Crash,06/15/2025 05:00:00 AM,NA,NA,Angle,Clear,NA,Medium,NA,NONE DETECTED,No,No Apparent Injury,"Failed to Keep in Proper Lane, Other Improper Action",Unknown,MD,Sport Utility Vehicle,Leaving Traffic Lane,0,No,2008,HONDA,PILOT,39.2488241,-77.27652341,2025,6,5
250026664,Property Damage Crash,06/15/2025 05:00:00 AM,NA,NA,Angle,Clear,NA,Medium,NA,NONE DETECTED,No,No Apparent Injury,NA,Not Distracted,NA,Sport Utility Vehicle,Parked,0,No,2003,HONDA,PILOT,39.2488241,-77.27652341,2025,6,5
250026648,Property Damage Crash,06/15/2025 01:37:00 AM,GERMANTOWN RD,NA,Single Vehicle,Rain,Wet,Medium,No Controls,NONE DETECTED,No,NA,Other Improper Action,Unknown,NA,Passenger Car,NA,40,No,2013,FORD,TAURUS,39.19291869,-77.23842024,2025,6,1
250026646,Property Damage Crash,06/15/2025 01:23:00 AM,NA,NA,Single Vehicle,Rain,NA,Medium,NA,NONE DETECTED,No,No Apparent Injury,NA,Not Distracted,FL,Passenger Car,Turning Left,0,No,2019,LEXUS,UX,38.99958184,-76.99566481,2025,6,1
250026643,Property Damage Crash,06/15/2025 01:00:00 AM,ODENDHAL AVE,NA,Angle,Rain,Wet,Medium,Traffic Control Signal,NONE DETECTED,No,NA,NA,NA,NA,NA,Turning Right,25,No,0,NA,NA,39.15241671,-77.19604885,2025,6,1
250026643,Property Damage Crash,06/15/2025 01:00:00 AM,ODENDHAL AVE,NA,Angle,Rain,Wet,Medium,Traffic Control Signal,NONE DETECTED,No,No Apparent Injury,NA,Not Distracted,MD,Passenger Car,Moving Constant Speed,35,No,2016,TOYOTA,SCION IA,39.15241671,-77.19604885,2025,6,1
250026641,Property Damage Crash,06/15/2025 12:29:00 AM,SHADY GROVE RD (SB/L),NA,Angle,Rain,Wet,Medium,Traffic Control Signal,NONE DETECTED,No,No Apparent Injury,NA,Not Distracted,MD,Pickup,Moving Constant Speed,45,No,2018,CHEVROLET,COLORADO,39.14078919,-77.15207726,2025,6,0
250026641,Property Damage Crash,06/15/2025 12:29:00 AM,SHADY GROVE RD (SB/L),NA,Angle,Rain,Wet,Medium,Traffic Control Signal,NONE DETECTED,Yes,No Apparent Injury,Other Improper Action,Not Distracted,MD,Passenger Car,Slowing or Stopping,45,No,2004,ACURA,RSX,39.14078919,-77.15207726,2025,6,0
250026639,Property Damage Crash,06/14/2025 11:58:00 PM,NA,NA,Other,Rain,NA,Medium,NA,NONE DETECTED,No,NA,NA,NA,NA,NA,NA,0,No,0,NA,NA,38.99631896,-77.03969661,2025,6,23
250026636,Property Damage Crash,06/14/2025 11:49:00 PM,NEW HAMPSHIRE AVE,NA,Front to Rear,Rain,Wet,Medium,Traffic Control Signal,NONE DETECTED,Yes,No Apparent Injury,NA,Unknown,VA,Passenger Car,Moving Constant Speed,45,No,2012,LEXUS,IS,39.02033877,-76.97658592,2025,6,23
250026636,Property Damage Crash,06/14/2025 11:49:00 PM,NEW HAMPSHIRE AVE,NA,Front to Rear,Rain,Wet,Medium,Traffic Control Signal,NONE DETECTED,No,No Apparent Injury,NA,Not Distracted,MD,Passenger Car,Stopped in Traffic,40,No,2017,LEXUS,IS,39.02033877,-76.97658592,2025,6,23
250026635,Injury Crash,06/14/2025 11:30:00 PM,FREDERICK RD,NA,Front to Rear,Rain,Wet,Medium,Traffic Control Signal,NONE DETECTED,Yes,No Apparent Injury,"Followed Too Closely, Too Fast For Conditions",Unknown,MD,Passenger Car,Slowing or Stopping,35,No,2014,NISSAN,JUKE,39.10930436,-77.159773,2025,6,23
250026635,Injury Crash,06/14/2025 11:30:00 PM,FREDERICK RD,NA,Front to Rear,Rain,Wet,Medium,Traffic Control Signal,NONE DETECTED,No,Possible Minor Injury,NA,Not Distracted,MD,Bus - Transit,Stopped in Traffic,35,No,2016,NEW FLYER,XCELSIOR,39.10930436,-77.159773,2025,6,23
250026628,Property Damage Crash,06/14/2025 11:00:00 PM,RIPPLING BROOK DR,NA,Front to Rear,Rain,Wet,Medium,Traffic Control Signal,NONE DETECTED,Yes,No Apparent Injury,NA,Not Distracted,MD,Passenger Car,Moving Constant Speed,35,No,2023,VOLKSWAGEN,JETTA,39.07244715,-77.06461141,2025,6,23
250026628,Property Damage Crash,06/14/2025 11:00:00 PM,RIPPLING BROOK DR,NA,Front to Rear,Rain,Wet,Medium,Traffic Control Signal,NONE DETECTED,No,No Apparent Injury,NA,Not Distracted,MD,Passenger Car,Slowing or Stopping,35,No,2024,TOYOTA,RAV4,39.07244715,-77.06461141,2025,6,23
250026629,Property Damage Crash,06/14/2025 10:41:00 PM,BRANDERMILL DR,NA,Front to Rear,Rain,Wet,Medium,No Controls,NONE DETECTED,Yes,No Apparent Injury,NA,Not Distracted,MD,Passenger Car,Moving Constant Speed,30,No,2011,HYUNDAI,SONATA,39.18488992,-77.23716802,2025,6,22
250026625,Property Damage Crash,06/14/2025 09:40:00 PM,ASTON MANOR DR,NA,Angle,Clear,Dry,Medium,No Controls,NONE DETECTED,No,No Apparent Injury,NA,Not Distracted,MD,Passenger Car,Slowing or Stopping,35,No,2019,NISSAN,SENTRA,39.07594743,-76.94111005,2025,6,21
250026625,Property Damage Crash,06/14/2025 09:40:00 PM,ASTON MANOR DR,NA,Angle,Clear,Dry,Medium,Stop Sign,NONE DETECTED,Yes,No Apparent Injury,Failed to Yield Right-of-Way,Not Distracted,MD,Passenger Car,Turning Left,25,No,2010,LEXUS,ES,39.07594743,-76.94111005,2025,6,21
250026624,Injury Crash,06/14/2025 09:22:00 PM,MORNINGSIDE DR,NA,Front to Front,Clear,Wet,Medium,No Controls,NONE DETECTED,No,Possible Minor Injury,NA,Not Distracted,MD,Passenger Car,Slowing or Stopping,25,No,2016,NISSAN,VERSA,39.066938210000004,-76.98329733,2025,6,21
250026624,Injury Crash,06/14/2025 09:22:00 PM,MORNINGSIDE DR,NA,Front to Front,Clear,Wet,Medium,No Controls,NONE DETECTED,Yes,No Apparent Injury,NA,Unknown,NA,Passenger Car,Negotiating a Curve,25,No,2013,INFINITI,G37,39.066938210000004,-76.98329733,2025,6,21
250026614,Property Damage Crash,06/14/2025 08:30:00 PM,WISCONSIN AVE,NA,Single Vehicle,Cloudy,Dry,Medium,No Controls,NONE DETECTED,Yes,No Apparent Injury,Improper Backing,Not Distracted,DC,Bus - Transit,Backing,25,No,2021,GILLIG,CITY TRANSIT BUS,38.96162917,-77.08587083,2025,6,20
250026574,Injury Crash,06/14/2025 04:10:00 PM,NEW HAMPSHIRE AVE (SB/L),NA,Angle,Clear,Dry,Daylight,No Controls,NONE DETECTED,Yes,No Apparent Injury,NA,Not Distracted,MD,Passenger Car,Entering Traffic Lane,45,No,2021,TOYOTA,RAV4,39.0500005,-76.9933455,2025,6,16
250026574,Injury Crash,06/14/2025 04:10:00 PM,NEW HAMPSHIRE AVE (SB/L),NA,Angle,Clear,Dry,Daylight,No Controls,NONE DETECTED,No,Possible Minor Injury,NA,Not Distracted,MD,Passenger Car,Slowing or Stopping,40,No,2011,HONDA,CIVIC,39.0500005,-76.9933455,2025,6,16
250026544,Property Damage Crash,06/14/2025 12:34:00 PM,WISCONSIN AVE (SB/L),NA,"Sideswipe, Same Direction",Cloudy,Dry,Daylight,No Controls,NONE DETECTED,Yes,No Apparent Injury,Failed to Keep in Proper Lane,Not Distracted,MD,Other,Overtaking/Passing,25,No,2018,FREIGHTLINER,M2,38.98144586,-77.09288229,2025,6,12
250026544,Property Damage Crash,06/14/2025 12:34:00 PM,WISCONSIN AVE (SB/L),NA,"Sideswipe, Same Direction",Cloudy,Dry,Daylight,No Controls,NONE DETECTED,No,No Apparent Injury,NA,Not Distracted,MD,Van - Cargo,Stopped in Traffic,25,No,2013,ISUZU,NPR/NPR-HD,38.98144586,-77.09288229,2025,6,12
250026516,Injury Crash,06/14/2025 04:37:00 AM,NORBECK RD (WB/L),NA,Single Vehicle,Rain,Wet,Medium,No Controls,NONE DETECTED,No,No Apparent Injury,NA,Unknown,MD,Sport Utility Vehicle,Moving Constant Speed,35,No,2002,JEEP,WRANGLER,39.10024617,-77.09690726,2025,6,4
250025515,Property Damage Crash,06/14/2025 04:00:00 AM,WELSH DR,NA,"Sideswipe, Same Direction",Clear,Dry,Dark,No Controls,NONE DETECTED,Yes,No Apparent Injury,"Operated Motor Vehicle in Inattentive, Careless, Negligent, or Erratic Manner",Not Distracted,MD,Passenger Car,Moving Constant Speed,25,No,2023,TOYOTA,COROLLA,39.07213827,-77.14258009,2025,6,4
250026513,Injury Crash,06/14/2025 03:37:00 AM,ARCOLA AVE,NA,Single Vehicle,Clear,Dry,Dark,No Controls,NONE DETECTED,No,Possible Minor Injury,NA,NA,NA,Sport Utility Vehicle,Moving Constant Speed,30,No,2022,DODGE,DURANGO,39.046463,-77.0332125,2025,6,3
250026508,Injury Crash,06/14/2025 01:46:00 AM,FATHER HURLEY BLVD,NA,Single Vehicle,Clear,Dry,Medium,Flashing Traffic Control Signal,NONE DETECTED,No,Suspected Serious Injury,NA,Unknown,NA,Passenger Car,Moving Constant Speed,35,No,2014,KIA,SOUL,39.16699583,-77.280513,2025,6,1
250026504,Property Damage Crash,06/14/2025 01:04:00 AM,MERRIMAC DR,NA,Front to Front,Clear,Dry,Medium,No Controls,NONE DETECTED,Yes,No Apparent Injury,"Operated Motor Vehicle in Inattentive, Careless, Negligent, or Erratic Manner",Unknown,NA,Passenger Car,Accelerating,5,No,2003,CHEVROLET,SILVERADO,38.99237244,-76.99243201,2025,6,1
250026504,Property Damage Crash,06/14/2025 01:04:00 AM,MERRIMAC DR,NA,Front to Front,Clear,Dry,Medium,No Controls,NONE DETECTED,No,No Apparent Injury,Other Improper Action,Not Distracted,VA,Passenger Car,NA,5,No,2001,HONDA,ACCORD,38.99237244,-76.99243201,2025,6,1
250026493,Property Damage Crash,06/13/2025 10:30:00 PM,FALLS RD,NA,Single Vehicle,Rain,Wet,Medium,No Controls,NONE DETECTED,No,No Apparent Injury,NA,Not Distracted,MD,Passenger Car,Moving Constant Speed,35,No,2020,HONDA,HR-V,39.01742224,-77.20958741,2025,6,22
250026491,Property Damage Crash,06/13/2025 10:11:00 PM,GOSHEN VIEW DR,NA,Unknown,Rain,Wet,Medium,No Controls,NONE DETECTED,No,No Apparent Injury,Ran Off Roadway,Unknown,NA,Pickup,NA,25,No,2004,DODGE,DAKOTA,39.20921133,-77.17366167,2025,6,22
250026487,Property Damage Crash,06/13/2025 09:00:00 PM,TWINBROOK PKWY (NB/L),NA,Angle,Rain,Wet,Medium,Traffic Control Signal,NONE DETECTED,No,No Apparent Injury,NA,Not Distracted,MD,Passenger Car,Moving Constant Speed,35,No,2013,HONDA,CIVIC,39.05884645,-77.121371,2025,6,21
250026487,Property Damage Crash,06/13/2025 09:00:00 PM,TWINBROOK PKWY (NB/L),NA,Angle,Rain,Wet,Medium,Traffic Control Signal,NONE DETECTED,Yes,No Apparent Injury,Failed to Yield Right-of-Way,Unknown,MD,Sport Utility Vehicle,Turning Left,35,No,2016,VOLVO,XC70,39.05884645,-77.121371,2025,6,21
250026481,Property Damage Crash,06/13/2025 07:51:00 PM,NA,NA,Angle,Clear,NA,Daylight,NA,NONE DETECTED,No,No Apparent Injury,NA,Not Distracted,MD,Other,Turning Left,0,No,2020,RAM,5500,39.05509474,-76.95699796,2025,6,19
250026481,Property Damage Crash,06/13/2025 07:51:00 PM,NA,NA,Angle,Clear,NA,Daylight,NA,NONE DETECTED,No,No Apparent Injury,NA,Not Distracted,PA,Passenger Car,Moving Constant Speed,0,No,2025,TOYOTA,TACOMA,39.05509474,-76.95699796,2025,6,19
250027815,Injury Crash,06/13/2025 07:50:00 PM,UNIVERSITY BLVD W,Pedestrian,Single Vehicle,Clear,Dry,Daylight,Pedestrian Crossing,NONE DETECTED,No,NA,NA,NA,NA,Pickup,Moving Constant Speed,35,No,2024,CHEVROLET,SILVERADO,39.03679314,-77.06147663,2025,6,19
250026470,Property Damage Crash,06/13/2025 06:44:00 PM,ROCKVILLE PIKE (SB/L),NA,Front to Rear,Clear,Dry,Daylight,No Controls,NONE DETECTED,No,NA,NA,NA,NA,Passenger Car,Moving Constant Speed,35,No,2023,MERCEDES-BENZ,C-CLASS,39.01511554,-77.10009607,2025,6,18
250026470,Property Damage Crash,06/13/2025 06:44:00 PM,ROCKVILLE PIKE (SB/L),NA,Front to Rear,Clear,Dry,Daylight,No Controls,NONE DETECTED,No,No Apparent Injury,NA,Not Distracted,MD,Sport Utility Vehicle,Slowing or Stopping,35,No,2021,TOYOTA,RAV4 PRIME,39.01511554,-77.10009607,2025,6,18
250026465,Injury Crash,06/13/2025 06:25:00 PM,FREDERICK RD,NA,Front to Rear,Clear,Dry,Daylight,Traffic Control Signal,ALCOHOL PRESENT,Yes,Possible Minor Injury,Too Fast For Conditions,Unknown,DC,Passenger Car,Accelerating,40,No,2017,INFINITI,QX70,39.16142026,-77.22269449,2025,6,18
250026465,Injury Crash,06/13/2025 06:25:00 PM,FREDERICK RD,NA,Front to Rear,Clear,Dry,Daylight,Traffic Control Signal,NONE DETECTED,No,No Apparent Injury,NA,Not Distracted,MD,Passenger Car,Stopped in Traffic,40,No,2005,CHEVROLET,EXPRESS,39.16142026,-77.22269449,2025,6,18
250026548,Property Damage Crash,06/13/2025 06:00:00 PM,WALKER AVE,NA,"Sideswipe, Same Direction",Cloudy,Dry,Daylight,No Controls,NONE DETECTED,No,NA,NA,NA,NA,NA,Moving Constant Speed,25,No,0,NA,NA,39.1456715,-77.19857417,2025,6,18
250026467,Property Damage Crash,06/13/2025 06:00:00 PM,NA,NA,"Sideswipe, Same Direction",Clear,NA,Daylight,NA,NONE DETECTED,No,No Apparent Injury,NA,Unknown,MD,Passenger Car,Parked,0,No,2022,HONDA,INSIGHT,38.9838657,-77.0892812,2025,6,18
250026467,Property Damage Crash,06/13/2025 06:00:00 PM,NA,NA,"Sideswipe, Same Direction",Clear,NA,Daylight,NA,NONE DETECTED,No,No Apparent Injury,NA,Unknown,MD,Passenger Car,Turning Right,0,No,2020,VOLKSWAGEN,ATLAS CROSS SPORT,38.9838657,-77.0892812,2025,6,18
250026446,Property Damage Crash,06/13/2025 04:16:00 PM,RIVER RD (WB/L),NA,Front to Rear,Clear,Dry,Daylight,No Controls,NONE DETECTED,Yes,No Apparent Injury,NA,Not Distracted,MD,Pickup,Moving Constant Speed,40,No,2002,TOYOTA,TUNDRA,38.98822033,-77.1471195,2025,6,16
250026446,Property Damage Crash,06/13/2025 04:16:00 PM,RIVER RD (WB/L),NA,Front to Rear,Clear,Dry,Daylight,No Controls,NONE DETECTED,No,No Apparent Injury,NA,Not Distracted,VA,Passenger Car,Slowing or Stopping,40,No,2019,ACURA,ILX,38.98822033,-77.1471195,2025,6,16
250026445,Property Damage Crash,06/13/2025 04:10:00 PM,NA,NA,"Sideswipe, Same Direction",Clear,Dry,Daylight,No Controls,NONE DETECTED,No,NA,NA,NA,NA,Other Trucks,NA,35,No,0,NA,NA,39.1163797,-77.15694314,2025,6,16
250026445,Property Damage Crash,06/13/2025 04:10:00 PM,NA,NA,"Sideswipe, Same Direction",Clear,Dry,Daylight,No Controls,NONE DETECTED,No,No Apparent Injury,NA,Not Distracted,MD,Bus - Transit,Stopped in Traffic,35,No,2017,GILLIG,CITY TRANSIT BUS,39.1163797,-77.15694314,2025,6,16
250027221,Property Damage Crash,06/13/2025 04:04:00 PM,CASTLE BLVD (SB/L),NA,Front to Rear,Clear,Wet,Daylight,Traffic Control Signal,NONE DETECTED,Yes,No Apparent Injury,NA,Unknown,MD,Passenger Car,Moving Constant Speed,25,No,2003,HONDA,ACCORD,39.08143571,-76.94572993,2025,6,16
250027221,Property Damage Crash,06/13/2025 04:04:00 PM,CASTLE BLVD (SB/L),NA,Front to Rear,Clear,Wet,Daylight,Traffic Control Signal,NONE DETECTED,No,No Apparent Injury,NA,Not Distracted,MD,Passenger Car,Slowing or Stopping,25,No,2007,SUBARU,IMPREZA,39.08143571,-76.94572993,2025,6,16
250026447,Property Damage Crash,06/13/2025 03:54:00 PM,ROCKVILLE PIKE (SB/L),NA,Angle,Cloudy,Dry,Daylight,Traffic Control Signal,NONE DETECTED,Yes,No Apparent Injury,Failed to Yield Right-of-Way,Unknown,PA,Passenger Car,Changing Lanes,35,No,2020,SUBARU,OUTBACK,39.05131385,-77.11561786,2025,6,15
250026447,Property Damage Crash,06/13/2025 03:54:00 PM,ROCKVILLE PIKE (SB/L),NA,Angle,Cloudy,Dry,Daylight,Traffic Control Signal,NONE DETECTED,No,No Apparent Injury,NA,Not Distracted,MD,Passenger Car,Moving Constant Speed,35,No,2004,TOYOTA,HIGHLANDER,39.05131385,-77.11561786,2025,6,15
250026436,Injury Crash,06/13/2025 03:33:00 PM,GALWAY DR (SB/L),NA,Single Vehicle,Clear,Dry,Daylight,No Controls,NONE DETECTED,Yes,Suspected Serious Injury,"Operated Motor Vehicle in Inattentive, Careless, Negligent, or Erratic Manner, Ran Off Roadway",Unknown,MD,Passenger Car,Moving Constant Speed,25,No,2019,VOLKSWAGEN,JETTA,39.06040488,-76.94504398,2025,6,15
250026441,Injury Crash,06/13/2025 03:10:00 PM,NA,Cyclist (non-electric),Single Vehicle,Clear,Dry,Daylight,Stop Sign,NONE DETECTED,No,NA,Ran Stop Sign,NA,NA,NA,Moving Constant Speed,15,No,0,NA,NA,39.10118898,-77.07573585,2025,6,15
250026417,Injury Crash,06/13/2025 02:42:00 PM,ODENDHAL AVE (EB/L),NA,Angle,Clear,Dry,Daylight,Traffic Control Signal,NONE DETECTED,Yes,No Apparent Injury,Failed to Yield Right-of-Way,Unknown,MD,Passenger Car,Turning Left,25,No,2017,NISSAN,ROGUE SPORT,39.15251017,-77.19240913,2025,6,14
250026417,Injury Crash,06/13/2025 02:42:00 PM,ODENDHAL AVE (EB/L),NA,Angle,Clear,Dry,Daylight,Traffic Control Signal,NONE DETECTED,No,Possible Minor Injury,NA,Unknown,MD,Passenger Car,Moving Constant Speed,35,No,2018,TOYOTA,CAMRY,39.15251017,-77.19240913,2025,6,14
250026440,Property Damage Crash,06/13/2025 02:28:00 PM,NA,NA,"Sideswipe, Same Direction",Clear,NA,Daylight,NA,NONE DETECTED,No,No Apparent Injury,NA,Not Distracted,MD,Passenger Car,Parked,0,No,2013,TOYOTA,HIGHLANDER,39.17443462,-77.15064007,2025,6,14
250026440,Property Damage Crash,06/13/2025 02:28:00 PM,NA,NA,"Sideswipe, Same Direction",Clear,NA,Daylight,NA,NONE DETECTED,Yes,No Apparent Injury,Improper Backing,Unknown,MD,Passenger Car,Moving Constant Speed,0,No,2018,TOYOTA,RAV4,39.17443462,-77.15064007,2025,6,14
250026421,Property Damage Crash,06/13/2025 02:15:00 PM,BEL PRE RD (EB/L),NA,Angle,Clear,Dry,Daylight,No Controls,NONE DETECTED,No,NA,NA,NA,NA,NA,Moving Constant Speed,35,No,0,NA,NA,39.09039199,-77.04521611,2025,6,14
250026421,Property Damage Crash,06/13/2025 02:15:00 PM,BEL PRE RD (EB/L),NA,Angle,Clear,Dry,Daylight,Traffic Control Signal,NONE DETECTED,No,No Apparent Injury,NA,Not Distracted,MD,Bus - School,Turning Left,35,No,2022,THOMAS BUILT,HDX,39.09039199,-77.04521611,2025,6,14
250026411,Injury Crash,06/13/2025 02:00:00 PM,COLUMBIA PIKE,NA,Front to Rear,Clear,Dry,Daylight,No Controls,NONE DETECTED,Yes,No Apparent Injury,NA,Not Distracted,MD,Bus - Transit,Accelerating,35,No,2020,NOVABUS,LFS ARTICULATED,39.07139617,-76.9567425,2025,6,14
250026411,Injury Crash,06/13/2025 02:00:00 PM,COLUMBIA PIKE,NA,Front to Rear,Clear,Dry,Daylight,No Controls,NONE DETECTED,No,Possible Minor Injury,NA,Not Distracted,MD,Passenger Car,Stopped in Traffic,35,No,2017,NISSAN,ROGUE,39.07139617,-76.9567425,2025,6,14