Local Case Number,ACRS Report Type,Crash Date/Time,Road Name,Related Non-Motorist,Collision Type,Weather,Surface Condition,Light,Traffic Control,Driver Substance Abuse,Driver At Fault,Injury Severity,Circumstance,Driver Distracted By,Drivers License State,Vehicle Body Type,Vehicle Movement,Speed Limit,Driverless Vehicle,Vehicle Year,Vehicle Make,Vehicle Model,Latitude,Longitude,Year,Month,Hour
250026159,Property Damage Crash,06/12/2025 08:47:00 AM,SEVEN LOCKS RD,NA,"Sideswipe, Same Direction",Clear,Dry,Daylight,No Controls,NONE DETECTED,No,No Apparent Injury,NA,Unknown,MD,Bus - School,Moving Constant Speed,35,No,2022,FREIGHTLINER,B2 BUS CHASSIS,39.05543867,-77.162467,2025,6,8
250026155,Property Damage Crash,06/12/2025 08:45:00 AM,LAYHILL RD (SB/L),NA,Front to Rear,Clear,Dry,Daylight,Traffic Control Signal,NONE DETECTED,No,No Apparent Injury,NA,Not Distracted,MD,Bus - School,Stopped in Traffic,35,No,2024,FREIGHTLINER,B2 106 ELECTRIC CONVENTIONAL CHASSIS,39.09060308,-77.04508348,2025,6,8
250026155,Property Damage Crash,06/12/2025 08:45:00 AM,LAYHILL RD (SB/L),NA,Front to Rear,Clear,Dry,Daylight,Traffic Control Signal,NONE DETECTED,No,No Apparent Injury,NA,"Other Action (looking away from task, etc.)",MD,Pickup,Stopped in Traffic,35,No,2017,FORD,F-150,39.09060308,-77.04508348,2025,6,8
250026151,Injury Crash,06/12/2025 08:00:00 AM,CLOPPER RD,NA,Front to Rear,Clear,Dry,Daylight,No Controls,NONE DETECTED,Yes,No Apparent Injury,Followed Too Closely,Not Distracted,MD,Single-Unit Truck,Slowing or Stopping,35,No,2012,FREIGHTLINER,M2,39.15478317,-77.2578485,2025,6,8
250026151,Injury Crash,06/12/2025 08:00:00 AM,CLOPPER RD,NA,Front to Rear,Clear,Dry,Daylight,No Controls,NONE DETECTED,No,Possible Minor Injury,NA,Not Distracted,MD,Passenger Car,Slowing or Stopping,35,No,2020,TOYOTA,SIENNA,39.15478317,-77.2578485,2025,6,8
250026152,Injury Crash,06/12/2025 07:58:00 AM,NA,NA,Angle,Clear,Dry,Daylight,No Controls,NONE DETECTED,No,Possible Minor Injury,NA,Not Distracted,MD,Van - Passenger (&lt;9 Seats),Moving Constant Speed,25,No,2008,HONDA,ODYSSEY,38.986448,-77.097454,2025,6,7
250026152,Injury Crash,06/12/2025 07:58:00 AM,NA,NA,Angle,Clear,Dry,Daylight,No Controls,NONE DETECTED,Yes,Possible Minor Injury,NA,Unknown,MD,Passenger Car,Turning Left,25,No,2005,SAAB,9-3,38.986448,-77.097454,2025,6,7
250026201,Injury Crash,06/12/2025 07:00:00 AM,LINDEN AVE,Pedestrian,Single Vehicle,Clear,Dry,Daylight,Stop Sign,NONE DETECTED,No,No Apparent Injury,NA,Not Distracted,MD,Passenger Car,Turning Right,25,No,2023,NISSAN,PATHFINDER,39.01425441,-77.10618723,2025,6,7
250026148,Property Damage Crash,06/12/2025 06:00:00 AM,LOCKWOOD DR (SB/L),NA,Single Vehicle,Clear,Dry,Daylight,No Controls,NONE DETECTED,Yes,No Apparent Injury,"Operated Motor Vehicle in Inattentive, Careless, Negligent, or Erratic Manner, Swerved or Avoided Due to Wind, Slippery Surface, Motor Vehicle, Object, Non-Motorist in Roadway, etc",Unknown,MD,Passenger Car,Turning Right,30,No,2002,TOYOTA,CAMRY,39.03953083,-76.99117333,2025,6,6
250026133,Injury Crash,06/11/2025 11:07:00 PM,WISTERIA DR,NA,Single Vehicle,Clear,Dry,Medium,No Controls,NONE DETECTED,No,Possible Minor Injury,NA,"Other Action (looking away from task, etc.)",MD,Passenger Car,Accelerating,30,No,2015,MINI,HARDTOP,39.17935375,-77.27415009,2025,6,23
250026281,Property Damage Crash,06/11/2025 10:00:00 PM,NA,NA,Unknown,Clear,NA,Medium,NA,NONE DETECTED,No,NA,NA,NA,NA,Sport Utility Vehicle,NA,0,No,2017,ACURA,RDX,39.06257579,-77.09520866,2025,6,22
250026120,Property Damage Crash,06/11/2025 09:15:00 PM,NA,NA,Other,Clear,NA,Medium,NA,NONE DETECTED,No,NA,NA,NA,NA,Passenger Car,NA,0,No,2020,HYUNDAI,ELANTRA,39.07222679,-77.09145932,2025,6,21
250026114,Property Damage Crash,06/11/2025 07:49:00 PM,FERNWOOD RD,NA,Other,Clear,Dry,Medium,No Controls,NONE DETECTED,No,No Apparent Injury,NA,Not Distracted,FL,Passenger Car,Moving Constant Speed,35,No,2024,LEXUS,IS,39.01374522,-77.13323769,2025,6,19
250026114,Property Damage Crash,06/11/2025 07:49:00 PM,FERNWOOD RD,NA,Other,Clear,Dry,Medium,No Controls,NONE DETECTED,Yes,No Apparent Injury,"Failed to Yield Right-of-Way, Improper Turn",Unknown,MD,Sport Utility Vehicle,Making U-Turn,35,No,2020,JEEP,CHEROKEE,39.01374522,-77.13323769,2025,6,19
250026105,Property Damage Crash,06/11/2025 06:55:00 PM,E WAYNE AVE,NA,"Sideswipe, Same Direction",Clear,Dry,Daylight,No Controls,NONE DETECTED,No,No Apparent Injury,NA,Not Distracted,MD,Bus - Transit,Slowing or Stopping,25,No,2016,GILLIG,CITY TRANSIT BUS,39.00201066,-77.0074002,2025,6,18
250026095,Property Damage Crash,06/11/2025 06:20:00 PM,COLESVILLE RD,NA,Front to Rear,Clear,Dry,Daylight,Traffic Control Signal,NONE DETECTED,Yes,No Apparent Injury,NA,Not Distracted,MD,Passenger Car,Moving Constant Speed,35,No,2019,HONDA,CR125,39.00774667,-77.019922,2025,6,18
250026095,Property Damage Crash,06/11/2025 06:20:00 PM,COLESVILLE RD,NA,Front to Rear,Clear,Dry,Daylight,Traffic Control Signal,NONE DETECTED,No,No Apparent Injury,NA,Not Distracted,MD,Passenger Car,Moving Constant Speed,35,No,1999,CHEVROLET,BLAZER,39.00774667,-77.019922,2025,6,18
250026091,Property Damage Crash,06/11/2025 06:00:00 PM,SEMINARY RD,NA,Front to Rear,Clear,Dry,Daylight,No Controls,NONE DETECTED,No,No Apparent Injury,NA,Not Distracted,VA,Passenger Car,Moving Constant Speed,25,No,2013,TOYOTA,PRIUS,39.00885683,-77.04336433,2025,6,18
250026091,Property Damage Crash,06/11/2025 06:00:00 PM,SEMINARY RD,NA,Front to Rear,Clear,Dry,Daylight,No Controls,NONE DETECTED,No,NA,NA,NA,NA,Passenger Car,Moving Constant Speed,25,No,2022,DODGE,CHARGER,39.00885683,-77.04336433,2025,6,18
250026079,Injury Crash,06/11/2025 04:38:00 PM,BAUER DR,NA,Front to Rear,Clear,Dry,Daylight,No Controls,NONE DETECTED,No,No Apparent Injury,NA,Not Distracted,MD,Pickup,Stopped in Traffic,30,No,2024,TOYOTA,TACOMA,39.09566849,-77.10962192,2025,6,16
250026079,Injury Crash,06/11/2025 04:38:00 PM,BAUER DR,NA,Front to Rear,Clear,Dry,Daylight,No Controls,NONE DETECTED,Yes,No Apparent Injury,"Followed Too Closely, Other Improper Action","Other Action (looking away from task, etc.)",MD,Passenger Car,Slowing or Stopping,30,No,2012,FORD,MUSTANG,39.09566849,-77.10962192,2025,6,16
250026079,Injury Crash,06/11/2025 04:38:00 PM,BAUER DR,NA,Front to Rear,Clear,Dry,Daylight,No Controls,NONE DETECTED,No,No Apparent Injury,NA,Not Distracted,MD,Sport Utility Vehicle,Stopped in Traffic,30,No,2014,SUBARU,FORESTER,39.09566849,-77.10962192,2025,6,16
250026074,Property Damage Crash,06/11/2025 03:04:00 PM,OLD GEORGETOWN RD,NA,"Sideswipe, Same Direction",Clear,Dry,Daylight,No Controls,NONE DETECTED,Yes,No Apparent Injury,NA,Not Distracted,KS,Passenger Car,Changing Lanes,35,No,2017,HONDA,ACCORD,39.0180308,-77.12044167,2025,6,15
250026074,Property Damage Crash,06/11/2025 03:04:00 PM,OLD GEORGETOWN RD,NA,"Sideswipe, Same Direction",Clear,Dry,Daylight,No Controls,NONE DETECTED,No,No Apparent Injury,NA,Not Distracted,MD,Bus - School,Moving Constant Speed,35,No,1993,BLUE BIRD,BB CONVENTIONAL,39.0180308,-77.12044167,2025,6,15
250026061,Property Damage Crash,06/11/2025 03:00:00 PM,FLACK ST,NA,Angle,Clear,Dry,Daylight,No Controls,NONE DETECTED,No,No Apparent Injury,NA,Not Distracted,MD,Pickup,Moving Constant Speed,30,No,2008,TOYOTA,TACOMA,39.0675143,-77.06212936,2025,6,15
250026061,Property Damage Crash,06/11/2025 03:00:00 PM,FLACK ST,NA,Angle,Clear,Dry,Daylight,Stop Sign,NONE DETECTED,Yes,No Apparent Injury,NA,Unknown,MD,Passenger Car,Accelerating,30,No,2010,HONDA,CIVIC,39.0675143,-77.06212936,2025,6,15
250026063,Property Damage Crash,06/11/2025 02:30:00 PM,ROCKVILLE PIKE (SB/L),NA,Angle,Clear,Dry,Daylight,No Controls,NONE DETECTED,No,No Apparent Injury,NA,Unknown,MD,Passenger Car,Changing Lanes,30,No,2016,INFINITI,Q70,39.05516899,-77.11844802,2025,6,14
250026063,Property Damage Crash,06/11/2025 02:30:00 PM,ROCKVILLE PIKE (SB/L),NA,Angle,Clear,Dry,Daylight,No Controls,NONE DETECTED,No,No Apparent Injury,NA,Not Distracted,MD,Sport Utility Vehicle,Moving Constant Speed,30,No,2020,LINCOLN,AVIATOR,39.05516899,-77.11844802,2025,6,14
250026063,Property Damage Crash,06/11/2025 02:30:00 PM,ROCKVILLE PIKE (SB/L),NA,Angle,Clear,Dry,Daylight,No Controls,NONE DETECTED,No,No Apparent Injury,NA,Not Distracted,DC,Passenger Car,Turning Right,30,No,2020,TESLA,MODEL 3,39.05516899,-77.11844802,2025,6,14
250026051,Property Damage Crash,06/11/2025 01:53:00 PM,NA,NA,Single Vehicle,Clear,Dry,Daylight,No Controls,NONE DETECTED,Yes,No Apparent Injury,"Operated Motor Vehicle in Inattentive, Careless, Negligent, or Erratic Manner, Ran Off Roadway","Other Action (looking away from task, etc.)",MD,Pickup,Moving Constant Speed,30,No,2003,GMC,SIERRA,39.19621769,-77.15336663,2025,6,13
250026034,Injury Crash,06/11/2025 12:18:00 PM,NA,NA,Front to Rear,Clear,Dry,Daylight,No Controls,NONE DETECTED,No,No Apparent Injury,NA,Not Distracted,MD,Passenger Car,Stopped in Traffic,30,No,2018,VOLKSWAGEN,JETTA,39.10424167,-77.28614333,2025,6,12
250026034,Injury Crash,06/11/2025 12:18:00 PM,NA,NA,Front to Rear,Clear,Dry,Daylight,No Controls,NONE DETECTED,No,Possible Minor Injury,NA,Not Distracted,MD,Passenger Car,Stopped in Traffic,30,No,2022,MITSUBISHI,OUTLANDER,39.10424167,-77.28614333,2025,6,12
250026034,Injury Crash,06/11/2025 12:18:00 PM,NA,NA,Front to Rear,Clear,Dry,Daylight,No Controls,NONE DETECTED,Yes,No Apparent Injury,"Followed Too Closely, Too Fast For Conditions",Not Distracted,MD,Passenger Car,Slowing or Stopping,30,No,2002,SUBARU,LEGACY,39.10424167,-77.28614333,2025,6,12
250026017,Property Damage Crash,06/11/2025 11:00:00 AM,NORWOOD RD,NA,Front to Rear,Clear,Dry,Daylight,Lane Use Control Signal,NONE DETECTED,No,No Apparent Injury,NA,Not Distracted,MD,Pickup,Turning Right,30,No,2016,FORD,F-150,39.10617718,-77.00175296,2025,6,11
250026017,Property Damage Crash,06/11/2025 11:00:00 AM,NORWOOD RD,NA,Front to Rear,Clear,Dry,Daylight,Traffic Control Signal,NONE DETECTED,Yes,No Apparent Injury,NA,Not Distracted,MD,Passenger Car,Turning Right,30,No,2014,TOYOTA,PRIUS V,39.10617718,-77.00175296,2025,6,11
250026013,Property Damage Crash,06/11/2025 10:14:00 AM,FERRARA AVE (SB/L),NA,Angle,Clear,Dry,Daylight,Traffic Control Signal,NONE DETECTED,Yes,No Apparent Injury,NA,Unknown,MD,Passenger Car,Making U-Turn,40,No,2019,JEEP,CHEROKEE,39.05293751,-77.07698825,2025,6,10
250026013,Property Damage Crash,06/11/2025 10:14:00 AM,FERRARA AVE (SB/L),NA,Angle,Clear,Dry,Daylight,Traffic Control Signal,NONE DETECTED,No,No Apparent Injury,NA,Not Distracted,MD,Pickup,Turning Right,40,No,2020,CHEVROLET,COLORADO,39.05293751,-77.07698825,2025,6,10
250026004,Property Damage Crash,06/11/2025 09:27:00 AM,NA,NA,Single Vehicle,Clear,NA,Daylight,NA,NONE DETECTED,No,No Apparent Injury,NA,Not Distracted,MD,Sport Utility Vehicle,Turning Right,0,No,2017,FORD,EXPLORER,38.98623505,-76.9876168,2025,6,9
250026000,Property Damage Crash,06/11/2025 08:56:00 AM,WOODFIELD RD,NA,Front to Rear,Clear,Dry,Daylight,Traffic Control Signal,NONE DETECTED,Yes,No Apparent Injury,Other Improper Action,"Other Action (looking away from task, etc.)",MD,Passenger Car,Accelerating,40,No,2023,HYUNDAI,KONA ELECTRIC,39.15894396,-77.16042709,2025,6,8
250026000,Property Damage Crash,06/11/2025 08:56:00 AM,WOODFIELD RD,NA,Front to Rear,Clear,Dry,Daylight,Traffic Control Signal,NONE DETECTED,No,No Apparent Injury,NA,Not Distracted,MD,Pickup,Stopped in Traffic,40,No,2024,ISUZU,NRR,39.15894396,-77.16042709,2025,6,8
250025994,Injury Crash,06/11/2025 08:38:00 AM,IS 270 LOCAL LANES (NB),NA,Front to Rear,Clear,Dry,Daylight,Traffic Control Signal,NONE DETECTED,Yes,No Apparent Injury,"Failed to Yield Right-of-Way, Ran Red Light",Unknown,MD,Single-Unit Truck,Moving Constant Speed,40,No,2007,KENWORTH,T800,39.11091009,-77.18743024,2025,6,8
250025994,Injury Crash,06/11/2025 08:38:00 AM,IS 270 LOCAL LANES (NB),NA,Front to Rear,Clear,Dry,Daylight,Traffic Control Signal,NONE DETECTED,No,Possible Minor Injury,NA,Not Distracted,VA,Passenger Car,Turning Left,30,No,2020,JEEP,RENEGADE,39.11091009,-77.18743024,2025,6,8
250025993,Property Damage Crash,06/11/2025 08:05:00 AM,ROCKVILLE PIKE (SB/L),NA,Front to Rear,Clear,Dry,Daylight,No Controls,NONE DETECTED,Yes,No Apparent Injury,NA,Not Distracted,MD,Passenger Car,Turning Left,35,No,2014,TOYOTA,PRIUS,39.03513239,-77.10716177,2025,6,8
250025993,Property Damage Crash,06/11/2025 08:05:00 AM,ROCKVILLE PIKE (SB/L),NA,Front to Rear,Clear,Dry,Daylight,Traffic Control Signal,NONE DETECTED,No,No Apparent Injury,NA,Not Distracted,MD,Pickup,Turning Left,35,No,2016,FORD,F-150,39.03513239,-77.10716177,2025,6,8
250025990,Injury Crash,06/11/2025 07:55:00 AM,QUEEN MARY DR,NA,Angle,Clear,Dry,Daylight,No Controls,NONE DETECTED,No,Possible Minor Injury,NA,Not Distracted,MD,Passenger Car,Moving Constant Speed,30,No,2022,TOYOTA,HIGHLANDER,39.14838565,-77.06701903,2025,6,7
250025990,Injury Crash,06/11/2025 07:55:00 AM,QUEEN MARY DR,NA,Angle,Clear,Dry,Daylight,Stop Sign,NONE DETECTED,No,NA,Disregarded Other Traffic Sign,Unknown,NA,Pickup,Moving Constant Speed,25,No,2015,FORD,F-150,39.14838565,-77.06701903,2025,6,7
250025985,Injury Crash,06/11/2025 06:09:00 AM,SANDY SPRING RD (WB/L),NA,Single Vehicle,Clear,Dry,Daylight,No Controls,NONE DETECTED,No,Possible Minor Injury,"Failed to Keep in Proper Lane, Operated Motor Vehicle in Inattentive, Careless, Negligent, or Erratic Manner, Over-Correcting/Over-Steering, Ran Off Roadway, Too Fast For Conditions",Not Distracted,MD,Passenger Car,Changing Lanes,35,No,2005,NISSAN,350Z,39.10633199,-76.91780083,2025,6,6
250025975,Property Damage Crash,06/11/2025 01:51:00 AM,COLUMBIA PIKE,NA,Single Vehicle,Rain,Wet,Medium,No Controls,ALCOHOL PRESENT,Yes,No Apparent Injury,"Swerved or Avoided Due to Wind, Slippery Surface, Motor Vehicle, Object, Non-Motorist in Roadway, etc",Unknown,MD,Passenger Car,Changing Lanes,55,No,2025,MAZDA,MAZDA3,39.08939633,-76.94280717,2025,6,1
250025976,Property Damage Crash,06/11/2025 01:43:00 AM,FAIRLAND RD (WB/L),NA,Single Vehicle,Rain,Wet,Medium,No Controls,NONE DETECTED,No,No Apparent Injury,NA,Not Distracted,MD,Passenger Car,Entering Traffic Lane,25,No,2023,TESLA,MODEL 3,39.06991647,-76.95260703,2025,6,1
250025964,Property Damage Crash,06/10/2025 10:27:00 PM,NA,NA,"Sideswipe, Same Direction",Clear,Dry,Medium,Traffic Control Signal,NONE DETECTED,No,No Apparent Injury,NA,NA,NA,Passenger Car,Slowing or Stopping,35,No,0,NA,NA,39.14831263,-77.23765176,2025,6,22
250025964,Property Damage Crash,06/10/2025 10:27:00 PM,NA,NA,"Sideswipe, Same Direction",Clear,Dry,Medium,Traffic Control Signal,NONE DETECTED,No,No Apparent Injury,NA,Not Distracted,MD,Bus - Transit,Slowing or Stopping,35,No,2019,GILLIG,CITY TRANSIT BUS,39.14831263,-77.23765176,2025,6,22
250025963,Property Damage Crash,06/10/2025 10:09:00 PM,PALATINE DR,NA,Rear To Side,Rain,Wet,Dark,Stop Sign,NONE DETECTED,Yes,No Apparent Injury,Disregarded Other Traffic Sign,"Manually Operating (dialing, playing game, etc.)",MD,Passenger Car,Moving Constant Speed,30,No,2016,TESLA,MODEL 3,39.06092576,-77.23016356,2025,6,22
250025963,Property Damage Crash,06/10/2025 10:09:00 PM,PALATINE DR,NA,Rear To Side,Rain,Wet,Dark,Stop Sign,NONE DETECTED,No,No Apparent Injury,NA,Not Distracted,MD,Sport Utility Vehicle,Moving Constant Speed,30,No,2021,GENESIS,GV80,39.06092576,-77.23016356,2025,6,22
250025936,Property Damage Crash,06/10/2025 05:55:00 PM,CONNECTICUT AVE,NA,"Sideswipe, Same Direction",Clear,Dry,Daylight,No Controls,NONE DETECTED,No,No Apparent Injury,NA,NA,NA,Passenger Car,Moving Constant Speed,35,No,2011,CADILLAC,CTS,39.05376083,-77.07410183,2025,6,17
250025936,Property Damage Crash,06/10/2025 05:55:00 PM,CONNECTICUT AVE,NA,"Sideswipe, Same Direction",Clear,Dry,Daylight,No Controls,NONE DETECTED,No,No Apparent Injury,NA,Not Distracted,MD,Passenger Car,Moving Constant Speed,35,No,2022,TOYOTA,SIENNA,39.05376083,-77.07410183,2025,6,17
250025921,Property Damage Crash,06/10/2025 05:49:00 PM,S FREDERICK RD,NA,Angle,Clear,Dry,Daylight,No Controls,NONE DETECTED,Yes,No Apparent Injury,NA,Not Distracted,VA,Van - Cargo,Turning Left,35,No,2022,FORD,COMMERCIAL CHASSIS,39.13680617,-77.19268083,2025,6,17
250025921,Property Damage Crash,06/10/2025 05:49:00 PM,S FREDERICK RD,NA,Angle,Clear,Dry,Daylight,Yield Sign,NONE DETECTED,No,No Apparent Injury,NA,Not Distracted,MD,Passenger Car,Moving Constant Speed,35,No,2009,FORD,E-150,39.13680617,-77.19268083,2025,6,17
250025924,Injury Crash,06/10/2025 05:25:00 PM,VEIRS MILL RD,NA,Angle,Clear,Dry,Daylight,No Controls,NONE DETECTED,No,No Apparent Injury,NA,Not Distracted,MD,Station Wagon,Moving Constant Speed,35,No,2006,SUBARU,FORESTER,39.07429431,-77.11391017,2025,6,17
250025924,Injury Crash,06/10/2025 05:25:00 PM,VEIRS MILL RD,NA,Angle,Clear,Dry,Daylight,No Controls,NONE DETECTED,Yes,No Apparent Injury,Failed to Yield Right-of-Way,Unknown,NA,Passenger Car,Turning Left,35,No,2015,TOYOTA,COROLLA,39.07429431,-77.11391017,2025,6,17
250025911,Property Damage Crash,06/10/2025 05:20:00 PM,NA,NA,"Sideswipe, Same Direction",Clear,Dry,Daylight,Traffic Control Signal,NONE DETECTED,No,No Apparent Injury,NA,Not Distracted,MD,Pickup,Moving Constant Speed,30,No,2021,CHEVROLET,SILVERADO,39.083164,-77.15320033,2025,6,17
250025911,Property Damage Crash,06/10/2025 05:20:00 PM,NA,NA,"Sideswipe, Same Direction",Clear,Dry,Daylight,Traffic Control Signal,NONE DETECTED,Yes,NA,NA,NA,NA,Passenger Car,Changing Lanes,30,No,2012,FORD,TAURUS,39.083164,-77.15320033,2025,6,17
250025928,Property Damage Crash,06/10/2025 05:14:00 PM,SANDY SPRING RD (WB/L),NA,Rear To Side,Clear,Dry,Daylight,Traffic Control Signal,NONE DETECTED,No,No Apparent Injury,NA,Not Distracted,MD,Passenger Car,Moving Constant Speed,35,No,2023,CHEVROLET,MALIBU,39.106432,-76.91890617,2025,6,17
250025928,Property Damage Crash,06/10/2025 05:14:00 PM,SANDY SPRING RD (WB/L),NA,Rear To Side,Clear,Dry,Daylight,Traffic Control Signal,NONE DETECTED,Yes,No Apparent Injury,"Failed to Yield Right-of-Way, Improper Turn",Not Distracted,MD,Van - Passenger (&lt;9 Seats),Making U-Turn,35,No,2019,HONDA,CIVIC,39.106432,-76.91890617,2025,6,17
250025919,Property Damage Crash,06/10/2025 05:13:00 PM,PARK RD (WB/L),NA,Front to Rear,Clear,Dry,Daylight,Yield Sign,NONE DETECTED,No,No Apparent Injury,NA,Not Distracted,MD,Sport Utility Vehicle,Moving Constant Speed,25,No,2020,FORD,ESCAPE,39.0855263,-77.14642382,2025,6,17
250025919,Property Damage Crash,06/10/2025 05:13:00 PM,PARK RD (WB/L),NA,Front to Rear,Clear,Dry,Daylight,Traffic Control Signal,NONE DETECTED,No,NA,NA,NA,NA,Passenger Car,Changing Lanes,25,No,2020,HYUNDAI,ELANTRA,39.0855263,-77.14642382,2025,6,17
250025940,Property Damage Crash,06/10/2025 02:45:00 PM,OLD COLUMBIA PIKE,NA,"Sideswipe, Same Direction",Clear,Dry,Daylight,Traffic Control Signal,NONE DETECTED,No,No Apparent Injury,NA,Not Distracted,MD,Single-Unit Truck,Moving Constant Speed,45,No,2004,PETERBILT,379,39.11118373,-76.93230475,2025,6,14
250025940,Property Damage Crash,06/10/2025 02:45:00 PM,OLD COLUMBIA PIKE,NA,"Sideswipe, Same Direction",Clear,Dry,Daylight,Traffic Control Signal,NONE DETECTED,No,No Apparent Injury,"Disregarded Other Road Markings, Failed to Keep in Proper Lane, Operated Motor Vehicle in Inattentive, Careless, Negligent, or Erratic Manner, Other Improper Action",Unknown,NA,Passenger Car,Moving Constant Speed,45,No,1994,TOYOTA,CAMRY,39.11118373,-76.93230475,2025,6,14
250025887,Injury Crash,06/10/2025 02:42:00 PM,MT VERNON AVE,NA,Front to Front,Clear,Dry,Daylight,Stop Sign,NONE DETECTED,No,No Apparent Injury,NA,Not Distracted,MD,Passenger Car,Stopped in Traffic,35,No,2017,KIA,NIRO,39.2836451,-77.20188305,2025,6,14
250025887,Injury Crash,06/10/2025 02:42:00 PM,MT VERNON AVE,NA,Front to Front,Clear,Dry,Daylight,No Controls,NONE DETECTED,No,No Apparent Injury,NA,Not Distracted,MD,Passenger Car,Moving Constant Speed,35,No,2016,FORD,MUSTANG,39.2836451,-77.20188305,2025,6,14
250025887,Injury Crash,06/10/2025 02:42:00 PM,MT VERNON AVE,NA,Front to Front,Clear,Dry,Daylight,Stop Sign,NONE DETECTED,Yes,Possible Minor Injury,NA,Not Distracted,MD,Passenger Car,Accelerating,35,No,2015,NISSAN,ROGUE,39.2836451,-77.20188305,2025,6,14
250025882,Property Damage Crash,06/10/2025 02:18:00 PM,NEW HAMPSHIRE AVE,NA,Front to Rear,Clear,Dry,Daylight,No Controls,NONE DETECTED,Yes,No Apparent Injury,NA,Not Distracted,MD,Passenger Car,Slowing or Stopping,40,No,2015,NISSAN,ALTIMA,39.01200467,-76.978668,2025,6,14
250025882,Property Damage Crash,06/10/2025 02:18:00 PM,NEW HAMPSHIRE AVE,NA,Front to Rear,Clear,Dry,Daylight,No Controls,NONE DETECTED,No,No Apparent Injury,NA,Not Distracted,PA,Passenger Car,Accelerating,40,No,2023,FORD,TRANSIT,39.01200467,-76.978668,2025,6,14
250025882,Property Damage Crash,06/10/2025 02:18:00 PM,NEW HAMPSHIRE AVE,NA,Front to Rear,Clear,Dry,Daylight,No Controls,NONE DETECTED,No,No Apparent Injury,NA,Not Distracted,MD,Pickup,Slowing or Stopping,40,No,2017,FORD,F-150,39.01200467,-76.978668,2025,6,14
250025933,Property Damage Crash,06/10/2025 02:00:00 PM,KENTLANDS BLVD,NA,Angle,Clear,Dry,Daylight,Stop Sign,NONE DETECTED,Yes,No Apparent Injury,Failed to Yield Right-of-Way,Unknown,MD,Passenger Car,Accelerating,25,No,2017,LEXUS,RX,39.1253915,-77.24313917,2025,6,14
250025933,Property Damage Crash,06/10/2025 02:00:00 PM,KENTLANDS BLVD,NA,Angle,Clear,Dry,Daylight,Stop Sign,NONE DETECTED,No,No Apparent Injury,NA,Not Distracted,MD,Passenger Car,Turning Left,25,No,2007,HONDA,ODYSSEY,39.1253915,-77.24313917,2025,6,14
250025875,Injury Crash,06/10/2025 01:52:00 PM,ASPEN HILL RD,NA,Angle,Clear,Dry,Daylight,Traffic Control Signal,NONE DETECTED,No,No Apparent Injury,NA,Not Distracted,MD,Sport Utility Vehicle,Moving Constant Speed,35,No,2015,MERCEDES-BENZ,ML-CLASS,39.07915838,-77.08714256,2025,6,13
250025875,Injury Crash,06/10/2025 01:52:00 PM,ASPEN HILL RD,NA,Angle,Clear,Dry,Daylight,Traffic Control Signal,NONE DETECTED,Yes,No Apparent Injury,Failed to Yield Right-of-Way,Not Distracted,MD,Van - Passenger (&lt;9 Seats),Accelerating,35,No,2014,HONDA,ODYSSEY,39.07915838,-77.08714256,2025,6,13
250025857,Property Damage Crash,06/10/2025 01:11:00 PM,MIDDLEBROOK RD,NA,Front to Rear,Clear,Dry,Daylight,Traffic Control Signal,NONE DETECTED,No,No Apparent Injury,NA,Not Distracted,MD,Van - Passenger (&lt;9 Seats),Stopped in Traffic,40,No,2020,NISSAN,NV200,39.18103651,-77.23862118,2025,6,13