Local Case Number,ACRS Report Type,Crash Date/Time,Road Name,Related Non-Motorist,Collision Type,Weather,Surface Condition,Light,Traffic Control,Driver Substance Abuse,Driver At Fault,Injury Severity,Circumstance,Driver Distracted By,Drivers License State,Vehicle Body Type,Vehicle Movement,Speed Limit,Driverless Vehicle,Vehicle Year,Vehicle Make,Vehicle Model,Latitude,Longitude,Year,Month,Hour
250025576,Property Damage Crash,06/08/2025 10:17:00 PM,SHADY GROVE RD (SB/L),NA,Angle,Cloudy,Wet,Medium,Traffic Control Signal,NONE DETECTED,No,No Apparent Injury,NA,Not Distracted,MD,Passenger Car,Turning Left,40,No,2007,NISSAN,SENTRA,39.11186848,-77.18705545,2025,6,22
250025576,Property Damage Crash,06/08/2025 10:17:00 PM,SHADY GROVE RD (SB/L),NA,Angle,Cloudy,Wet,Medium,Traffic Control Signal,NONE DETECTED,Yes,No Apparent Injury,"Ran Red Light, Too Fast For Conditions",Unknown,MD,Passenger Car,Moving Constant Speed,40,No,2003,CADILLAC,DEVILLE,39.11186848,-77.18705545,2025,6,22
250025576,Property Damage Crash,06/08/2025 10:17:00 PM,SHADY GROVE RD (SB/L),NA,Angle,Cloudy,Wet,Medium,Traffic Control Signal,NONE DETECTED,No,No Apparent Injury,NA,Not Distracted,MD,Sport Utility Vehicle,Turning Left,40,No,2022,DODGE,DURANGO,39.11186848,-77.18705545,2025,6,22
250025576,Property Damage Crash,06/08/2025 10:17:00 PM,SHADY GROVE RD (SB/L),NA,Angle,Cloudy,Wet,Medium,Traffic Control Signal,NONE DETECTED,No,No Apparent Injury,NA,Not Distracted,MD,Sport Utility Vehicle,Turning Left,40,No,2023,LAND ROVER,RANGE ROVER,39.11186848,-77.18705545,2025,6,22
250025570,Property Damage Crash,06/08/2025 08:46:00 PM,RIDGE RD (SB/L),NA,Single Vehicle,Rain,Wet,Medium,No Controls,NONE DETECTED,Yes,No Apparent Injury,NA,Not Distracted,MD,Sport Utility Vehicle,Moving Constant Speed,40,No,2021,JEEP,WRANGLER,39.22966539,-77.23673334,2025,6,20
250025526,Property Damage Crash,06/08/2025 07:46:00 PM,BROADBIRCH DR,NA,Front to Rear,Cloudy,Dry,Daylight,No Controls,NONE DETECTED,Yes,No Apparent Injury,Followed Too Closely,Not Distracted,MD,Van - Passenger (&lt;9 Seats),Slowing or Stopping,25,No,2009,HONDA,ODYSSEY,39.05600597,-76.95452055,2025,6,19
250025526,Property Damage Crash,06/08/2025 07:46:00 PM,BROADBIRCH DR,NA,Front to Rear,Cloudy,Dry,Daylight,No Controls,NONE DETECTED,No,No Apparent Injury,NA,Not Distracted,MD,Sport Utility Vehicle,Slowing or Stopping,25,No,2025,CHEVROLET,TRAX,39.05600597,-76.95452055,2025,6,19
250033089,Property Damage Crash,06/08/2025 06:45:00 PM,NA,NA,Rear To Rear,Clear,NA,Daylight,NA,NONE DETECTED,No,NA,NA,NA,NA,NA,Backing,0,No,0,NA,NA,39.11629445,-77.19843721,2025,6,18
250025560,Property Damage Crash,06/08/2025 06:36:00 PM,NA,NA,Rear To Rear,Cloudy,NA,Daylight,NA,NONE DETECTED,No,NA,NA,NA,NA,Sport Utility Vehicle,Backing,0,No,2005,BMW,330XI,39.00850364,-76.98362446,2025,6,18
250025543,Injury Crash,06/08/2025 04:30:00 PM,W GUDE DR (WB/L),NA,Single Vehicle,Rain,Wet,Daylight,No Controls,NONE DETECTED,Yes,No Apparent Injury,"Operated Motor Vehicle in Inattentive, Careless, Negligent, or Erratic Manner, Operated Motor Vehicle in Reckless or Aggressive Manner, Over-Correcting/Over-Steering, Ran Off Roadway, Too Fast For Conditions",Not Distracted,MD,Passenger Car,Accelerating,35,No,2023,DODGE,CHARGER,39.10462289,-77.17230464,2025,6,16
250025542,Injury Crash,06/08/2025 04:24:00 PM,FALLS RD (SB/L),NA,Angle,Clear,Dry,Daylight,Stop Sign,NONE DETECTED,Yes,Possible Minor Injury,NA,Not Distracted,MD,Passenger Car,Turning Left,0,No,2023,HONDA,CIVIC,39.07145056,-77.16726318,2025,6,16
250025542,Injury Crash,06/08/2025 04:24:00 PM,FALLS RD (SB/L),NA,Angle,Clear,Dry,Daylight,No Controls,NONE DETECTED,No,Possible Minor Injury,NA,Not Distracted,MD,Passenger Car,Moving Constant Speed,35,No,2024,FORD,BRONCO,39.07145056,-77.16726318,2025,6,16
250025538,Injury Crash,06/08/2025 04:00:00 PM,RAMP 8 FR IS 270 SB TO MD 124,NA,Front to Rear,Rain,Wet,Daylight,Traffic Control Signal,NONE DETECTED,No,Possible Minor Injury,NA,Unknown,MD,Passenger Car,Turning Right,25,No,2022,HONDA,CR-V,39.14780317,-77.21852967,2025,6,16
250025538,Injury Crash,06/08/2025 04:00:00 PM,RAMP 8 FR IS 270 SB TO MD 124,NA,Front to Rear,Rain,Wet,Daylight,Traffic Control Signal,NONE DETECTED,Yes,No Apparent Injury,NA,Unknown,MD,Passenger Car,Turning Right,25,No,2018,MERCEDES-BENZ,GLC-CLASS,39.14780317,-77.21852967,2025,6,16
250025535,Property Damage Crash,06/08/2025 03:45:00 PM,OMEGA DR (SB/L),NA,Unknown,Rain,Wet,Daylight,Traffic Control Signal,NONE DETECTED,Yes,No Apparent Injury,NA,Not Distracted,FL,Passenger Car,Turning Right,35,No,2018,CHEVROLET,EQUINOX,39.10555732,-77.19646423,2025,6,15
250025533,Injury Crash,06/08/2025 03:30:00 PM,NA,NA,Front to Rear,Rain,NA,Daylight,NA,NONE DETECTED,No,Possible Minor Injury,NA,Unknown,MD,Passenger Car,Stopped in Traffic,0,No,2016,TOYOTA,CAMRY,39.14652942,-77.20433681,2025,6,15
250025533,Injury Crash,06/08/2025 03:30:00 PM,NA,NA,Front to Rear,Rain,NA,Daylight,NA,NONE DETECTED,Yes,No Apparent Injury,Followed Too Closely,Unknown,MD,Passenger Car,Slowing or Stopping,0,No,2023,NISSAN,SENTRA,39.14652942,-77.20433681,2025,6,15
250025530,Injury Crash,06/08/2025 02:45:00 PM,NA,NA,Angle,Rain,Wet,Daylight,No Controls,NONE DETECTED,No,No Apparent Injury,NA,Not Distracted,NA,Passenger Car,Moving Constant Speed,50,No,2005,TOYOTA,COROLLA,39.06223859,-77.28415192,2025,6,14
250025530,Injury Crash,06/08/2025 02:45:00 PM,NA,NA,Angle,Rain,Wet,Daylight,School Zone Sign,NONE DETECTED,Yes,Possible Minor Injury,Failed to Yield Right-of-Way,Unknown,MD,Passenger Car,Accelerating,25,No,2014,TOYOTA,CAMRY,39.06223859,-77.28415192,2025,6,14
250025527,Property Damage Crash,06/08/2025 02:15:00 PM,FALLSGROVE DR (SB/L),NA,Angle,Rain,Wet,Daylight,No Controls,NONE DETECTED,No,No Apparent Injury,NA,Not Distracted,MD,Passenger Car,Moving Constant Speed,25,No,2006,TOYOTA,PRIUS,39.09764653,-77.19085465,2025,6,14
250025527,Property Damage Crash,06/08/2025 02:15:00 PM,FALLSGROVE DR (SB/L),NA,Angle,Rain,Wet,Daylight,No Controls,NONE DETECTED,Yes,No Apparent Injury,NA,Unknown,MD,Passenger Car,Turning Left,25,No,2016,NISSAN,ALTIMA,39.09764653,-77.19085465,2025,6,14
250025524,Property Damage Crash,06/08/2025 01:52:00 PM,CONGRESSIONAL LA,NA,Front to Rear,Rain,Wet,Daylight,No Controls,NONE DETECTED,No,No Apparent Injury,NA,Not Distracted,NY,Passenger Car,Stopped in Traffic,25,No,2017,HONDA,ODYSSEY,39.06313383,-77.12805183,2025,6,13
250025524,Property Damage Crash,06/08/2025 01:52:00 PM,CONGRESSIONAL LA,NA,Front to Rear,Rain,Wet,Daylight,No Controls,NONE DETECTED,Yes,No Apparent Injury,NA,"Other Action (looking away from task, etc.)",MD,Passenger Car,Moving Constant Speed,25,No,2020,NISSAN,KICKS,39.06313383,-77.12805183,2025,6,13
250025520,Property Damage Crash,06/08/2025 01:32:00 PM,NA,NA,Angle,Cloudy,Wet,Daylight,No Controls,NONE DETECTED,No,No Apparent Injury,NA,Not Distracted,DC,Passenger Car,Stopped in Traffic,25,No,2023,CHEVROLET,SUBURBAN,38.97828836,-77.09874632,2025,6,13
250025520,Property Damage Crash,06/08/2025 01:32:00 PM,NA,NA,Angle,Cloudy,Wet,Daylight,Stop Sign,NONE DETECTED,No,NA,NA,NA,NA,Passenger Car,Turning Right,25,No,2017,JEEP,WRANGLER,38.97828836,-77.09874632,2025,6,13
250025516,Injury Crash,06/08/2025 01:30:00 PM,OLD COLUMBIA PIKE,NA,"Sideswipe, Opposite Direction",Rain,Wet,Daylight,No Controls,NONE DETECTED,Yes,Possible Minor Injury,NA,Not Distracted,MD,Passenger Car,Moving Constant Speed,35,No,2025,MERCEDES-BENZ,GLE-CLASS,39.06821583,-76.96244717,2025,6,13
250025516,Injury Crash,06/08/2025 01:30:00 PM,OLD COLUMBIA PIKE,NA,"Sideswipe, Opposite Direction",Rain,Wet,Daylight,No Controls,NONE DETECTED,No,Possible Minor Injury,NA,Not Distracted,MD,Passenger Car,Moving Constant Speed,35,No,2015,DODGE,CHARGER,39.06821583,-76.96244717,2025,6,13
250025540,Injury Crash,06/08/2025 01:10:00 PM,ROCKVILLE PIKE,NA,Front to Rear,Rain,Wet,Daylight,Traffic Control Signal,NONE DETECTED,Yes,No Apparent Injury,Other Improper Action,Unknown,MD,Sport Utility Vehicle,Accelerating,45,No,2020,LAND ROVER,RANGE ROVER,39.03039357,-77.10488694,2025,6,13
250025540,Injury Crash,06/08/2025 01:10:00 PM,ROCKVILLE PIKE,NA,Front to Rear,Rain,Wet,Daylight,Traffic Control Signal,NONE DETECTED,No,Possible Minor Injury,NA,Not Distracted,MD,Sport Utility Vehicle,Stopped in Traffic,45,No,2022,TESLA,MODEL Y,39.03039357,-77.10488694,2025,6,13
250025510,Injury Crash,06/08/2025 12:16:00 PM,NA,NA,Rear To Side,Rain,Wet,Daylight,No Controls,NONE DETECTED,Yes,No Apparent Injury,Improper Backing,Not Distracted,VA,Passenger Car,Entering Traffic Lane,25,No,2016,BMW,M5,39.1048057,-77.0552121,2025,6,12
250025510,Injury Crash,06/08/2025 12:16:00 PM,NA,NA,Rear To Side,Rain,Wet,Daylight,No Controls,NONE DETECTED,No,No Apparent Injury,NA,Not Distracted,MD,Sport Utility Vehicle,Moving Constant Speed,25,No,2012,SUBARU,FORESTER,39.1048057,-77.0552121,2025,6,12
250025511,Property Damage Crash,06/08/2025 12:04:00 PM,HERITAGE HILLS DR,NA,Front to Rear,Rain,Wet,Daylight,No Controls,NONE DETECTED,No,No Apparent Injury,NA,Not Distracted,VA,Passenger Car,Moving Constant Speed,40,No,2021,ACURA,RDX,39.16885567,-77.05981167,2025,6,12
250025511,Property Damage Crash,06/08/2025 12:04:00 PM,HERITAGE HILLS DR,NA,Front to Rear,Rain,Wet,Daylight,No Controls,NONE DETECTED,Yes,No Apparent Injury,NA,Not Distracted,MD,Passenger Car,Moving Constant Speed,40,No,1998,TOYOTA,COROLLA,39.16885567,-77.05981167,2025,6,12
250025499,Injury Crash,06/08/2025 10:56:00 AM,CARROLL AVE,NA,Front to Rear,Cloudy,Dry,Daylight,No Controls,NONE DETECTED,No,Possible Minor Injury,NA,Not Distracted,MD,Passenger Car,Making U-Turn,35,No,2012,MAZDA,MAZDA3,38.99676029,-76.99195878,2025,6,10
250025499,Injury Crash,06/08/2025 10:56:00 AM,CARROLL AVE,NA,Front to Rear,Cloudy,Dry,Daylight,No Controls,NONE DETECTED,Yes,No Apparent Injury,NA,Not Distracted,MD,Passenger Car,Moving Constant Speed,35,No,2016,ACURA,TLX,38.99676029,-76.99195878,2025,6,10
250025487,Injury Crash,06/08/2025 08:01:00 AM,NA,Pedestrian,Single Vehicle,Cloudy,NA,Daylight,NA,NONE DETECTED,Yes,No Apparent Injury,NA,Not Distracted,MD,Sport Utility Vehicle,Accelerating,0,No,2019,TOYOTA,HIGHLANDER,39.02046125,-77.01368648,2025,6,8
250025475,Injury Crash,06/08/2025 04:07:00 AM,NA,NA,Single Vehicle,Clear,Dry,Medium,Traffic Control Signal,NONE DETECTED,Yes,No Apparent Injury,Ran Off Roadway,Not Distracted,MD,Sport Utility Vehicle,Moving Constant Speed,40,No,2014,TOYOTA,HIGHLANDER,39.09287117,-77.0794215,2025,6,4
250025471,Property Damage Crash,06/08/2025 01:51:00 AM,MONTROSE PKWY (WB/L),NA,Single Vehicle,Cloudy,Dry,Medium,No Controls,NONE DETECTED,No,No Apparent Injury,Over-Correcting/Over-Steering,Not Distracted,MD,Passenger Car,Negotiating a Curve,35,No,2017,TOYOTA,COROLLA,39.05321833,-77.13606833,2025,6,1
250025463,Property Damage Crash,06/08/2025 12:18:00 AM,RAMP 6 FR MD 198 EB TO US 29 SB,NA,Single Vehicle,Clear,Dry,Medium,No Controls,NONE DETECTED,No,No Apparent Injury,NA,NA,NA,Passenger Car,Moving Constant Speed,40,No,2017,HONDA,PILOT,39.107519,-76.93170783,2025,6,0
250025460,Property Damage Crash,06/07/2025 11:50:00 PM,NEW HAMPSHIRE AVE,NA,Front to Front,Clear,Dry,Medium,No Controls,NONE DETECTED,No,No Apparent Injury,NA,Unknown,VA,Passenger Car,Turning Left,40,No,2014,SUBARU,LEGACY,39.0383255,-76.99002783,2025,6,23
250025460,Property Damage Crash,06/07/2025 11:50:00 PM,NEW HAMPSHIRE AVE,NA,Front to Front,Clear,Dry,Medium,Intersection Ahead Warning Sign,NONE DETECTED,Yes,No Apparent Injury,NA,Unknown,MD,Passenger Car,Moving Constant Speed,40,No,2023,CHEVROLET,BOLT EUV,39.0383255,-76.99002783,2025,6,23
250025458,Property Damage Crash,06/07/2025 11:21:00 PM,SHEFFIELD MANOR DR,NA,Other,Clear,Dry,Medium,No Controls,ALCOHOL PRESENT,Yes,No Apparent Injury,"Operated Motor Vehicle in Inattentive, Careless, Negligent, or Erratic Manner",Unknown,MD,Passenger Car,Moving Constant Speed,25,No,2021,TOYOTA,COROLLA,39.07750101,-76.93491683,2025,6,23
250025453,Injury Crash,06/07/2025 10:39:00 PM,WIGHTMAN RD,NA,Angle,Clear,Dry,Medium,Flashing Traffic Control Signal,NONE DETECTED,No,No Apparent Injury,NA,Unknown,MD,Passenger Car,Moving Constant Speed,35,No,2007,TOYOTA,CAMRY,39.18772488,-77.18677864,2025,6,22
250025448,Injury Crash,06/07/2025 09:55:00 PM,FREDERICK RD,NA,Angle,Clear,Dry,Medium,No Controls,NONE DETECTED,Yes,No Apparent Injury,NA,Unknown,MD,Passenger Car,Turning Left,40,No,2017,HYUNDAI,TUCSON,39.11470733,-77.1644165,2025,6,21
250025448,Injury Crash,06/07/2025 09:55:00 PM,FREDERICK RD,NA,Angle,Clear,Dry,Medium,No Controls,NONE DETECTED,No,Possible Minor Injury,NA,Not Distracted,MD,Passenger Car,Moving Constant Speed,40,No,2014,NISSAN,ALTIMA,39.11470733,-77.1644165,2025,6,21
250025441,Property Damage Crash,06/07/2025 08:33:00 PM,NA,NA,Angle,Clear,NA,Medium,NA,NONE DETECTED,No,NA,NA,NA,NA,Sport Utility Vehicle,NA,0,No,2012,FORD,ESCAPE,39.08533236,-77.07785927,2025,6,20
250025435,Injury Crash,06/07/2025 08:03:00 PM,S FREDERICK RD,NA,Other,Clear,Dry,Daylight,No Controls,NONE DETECTED,No,No Apparent Injury,NA,Unknown,MD,Passenger Car,Moving Constant Speed,35,No,2015,NISSAN,ROGUE,39.12802379,-77.18512475,2025,6,20
250025435,Injury Crash,06/07/2025 08:03:00 PM,S FREDERICK RD,NA,Other,Clear,Dry,Daylight,No Controls,NONE DETECTED,Yes,Possible Minor Injury,NA,Unknown,MD,Passenger Car,Turning Left,35,No,2013,HONDA,CR-V,39.12802379,-77.18512475,2025,6,20
250025430,Property Damage Crash,06/07/2025 07:07:00 PM,NEW HAMPSHIRE AVE,NA,Front to Rear,Clear,Dry,Daylight,Traffic Control Signal,NONE DETECTED,No,No Apparent Injury,NA,Not Distracted,MD,Passenger Car,Moving Constant Speed,30,No,2015,NISSAN,ALTIMA,39.01348845,-76.97832361,2025,6,19
250025430,Property Damage Crash,06/07/2025 07:07:00 PM,NEW HAMPSHIRE AVE,NA,Front to Rear,Clear,Dry,Daylight,Traffic Control Signal,NONE DETECTED,Yes,No Apparent Injury,"Followed Too Closely, Operated Motor Vehicle in Inattentive, Careless, Negligent, or Erratic Manner","Manually Operating (dialing, playing game, etc.)",NA,Sport Utility Vehicle,Moving Constant Speed,30,No,2018,HONDA,PILOT,39.01348845,-76.97832361,2025,6,19
25001084,Property Damage Crash,06/07/2025 04:59:00 PM,SCHAEFFER RD,NA,Rear To Rear,Clear,Dry,Daylight,No Controls,NONE DETECTED,No,No Apparent Injury,NA,Not Distracted,MD,Passenger Car,Backing,10,No,2015,HONDA,CIVIC,39.1476221,-77.3058513,2025,6,16
250025415,Property Damage Crash,06/07/2025 04:50:00 PM,CAPITAL BELTWAY,NA,Front to Rear,Clear,Dry,Daylight,No Controls,NONE DETECTED,No,NA,NA,NA,NA,Passenger Car,Slowing or Stopping,55,No,2021,TOYOTA,CAMRY,39.0163648,-77.0106277,2025,6,16
250025415,Property Damage Crash,06/07/2025 04:50:00 PM,CAPITAL BELTWAY,NA,Front to Rear,Clear,Dry,Daylight,No Controls,NONE DETECTED,No,No Apparent Injury,NA,Not Distracted,MD,Passenger Car,Stopped in Traffic,55,No,2009,HONDA,ACCORD,39.0163648,-77.0106277,2025,6,16
250025412,Injury Crash,06/07/2025 04:47:00 PM,YELLOWWOOD DR,Cyclist (non-electric),Single Vehicle,Cloudy,Dry,Daylight,Stop Sign,NONE DETECTED,No,No Apparent Injury,NA,Not Distracted,VA,Sport Utility Vehicle,Moving Constant Speed,25,No,2023,JEEP,GRAND CHEROKEE L,39.235268,-77.23938533,2025,6,16
250025418,Property Damage Crash,06/07/2025 04:45:00 PM,ROCKVILLE PIKE,NA,Front to Rear,Cloudy,Dry,Daylight,Traffic Control Signal,NONE DETECTED,No,NA,NA,NA,NA,Passenger Car,Slowing or Stopping,30,No,2006,HONDA,CIVIC,39.03482907,-77.1068237,2025,6,16
250025418,Property Damage Crash,06/07/2025 04:45:00 PM,ROCKVILLE PIKE,NA,Front to Rear,Cloudy,Dry,Daylight,Traffic Control Signal,NONE DETECTED,No,No Apparent Injury,NA,Not Distracted,MD,Sport Utility Vehicle,Stopped in Traffic,30,No,2018,HONDA,CR-V,39.03482907,-77.1068237,2025,6,16
250025410,Injury Crash,06/07/2025 04:42:00 PM,FIRST ST (WB/L),NA,Front to Rear,Clear,Dry,Daylight,No Controls,NONE DETECTED,Yes,No Apparent Injury,NA,Not Distracted,MD,Passenger Car,Moving Constant Speed,30,No,2018,FORD,ESCAPE,39.08294568,-77.13694875,2025,6,16
250025410,Injury Crash,06/07/2025 04:42:00 PM,FIRST ST (WB/L),NA,Front to Rear,Clear,Dry,Daylight,No Controls,NONE DETECTED,No,No Apparent Injury,NA,Not Distracted,IL,Passenger Car,Moving Constant Speed,30,No,2025,HONDA,CIVIC,39.08294568,-77.13694875,2025,6,16
250025410,Injury Crash,06/07/2025 04:42:00 PM,FIRST ST (WB/L),NA,Front to Rear,Clear,Dry,Daylight,No Controls,NONE DETECTED,No,Possible Minor Injury,NA,Not Distracted,MD,Passenger Car,Moving Constant Speed,30,No,2012,MAZDA,MAZDA5,39.08294568,-77.13694875,2025,6,16
250025402,Injury Crash,06/07/2025 03:35:00 PM,NA,NA,Angle,Clear,Dry,Daylight,Stop Sign,NONE DETECTED,No,Possible Minor Injury,NA,Not Distracted,MD,Recreational Off-Highway Vehicles (ROV),Moving Constant Speed,25,No,2010,JOHN DEERE,JOHN DEERE UTILITY VEHICLE,39.15148284,-77.30307807,2025,6,15
250025402,Injury Crash,06/07/2025 03:35:00 PM,NA,NA,Angle,Clear,Dry,Daylight,No Controls,NONE DETECTED,Yes,No Apparent Injury,"Operated Motor Vehicle in Inattentive, Careless, Negligent, or Erratic Manner",Unknown,MD,Passenger Car,Moving Constant Speed,25,No,2012,CHEVROLET,SONIC,39.15148284,-77.30307807,2025,6,15
250025405,Property Damage Crash,06/07/2025 03:13:00 PM,SHADYGROVE METRO LOT LOT,NA,"Sideswipe, Same Direction",Clear,Dry,Daylight,No Controls,NONE DETECTED,No,No Apparent Injury,NA,Not Distracted,MD,Passenger Car,Parked,25,No,2024,HYUNDAI,PALISADE,39.1204005,-77.1637765,2025,6,15
250025405,Property Damage Crash,06/07/2025 03:13:00 PM,SHADYGROVE METRO LOT LOT,NA,"Sideswipe, Same Direction",Clear,Dry,Daylight,No Controls,NONE DETECTED,No,No Apparent Injury,NA,Unknown,MD,Bus - Transit,Negotiating a Curve,25,No,2017,GILLIG,CITY TRANSIT BUS,39.1204005,-77.1637765,2025,6,15
250025399,Property Damage Crash,06/07/2025 03:12:00 PM,REEDIE DR,NA,Angle,Clear,Dry,Daylight,Traffic Control Signal,NONE DETECTED,Yes,No Apparent Injury,NA,Unknown,MD,Passenger Car,Accelerating,20,No,2019,HONDA,ACCORD,39.03874577,-77.05060115,2025,6,15
250025399,Property Damage Crash,06/07/2025 03:12:00 PM,REEDIE DR,NA,Angle,Clear,Dry,Daylight,Traffic Control Signal,NONE DETECTED,No,No Apparent Injury,NA,Not Distracted,MD,Passenger Car,Slowing or Stopping,20,No,2024,FORD,F-250,39.03874577,-77.05060115,2025,6,15
250025399,Property Damage Crash,06/07/2025 03:12:00 PM,REEDIE DR,NA,Angle,Clear,Dry,Daylight,Traffic Control Signal,NONE DETECTED,No,No Apparent Injury,NA,Not Distracted,NA,Passenger Car,Slowing or Stopping,20,No,1998,HONDA,CIVIC,39.03874577,-77.05060115,2025,6,15
250025389,Property Damage Crash,06/07/2025 02:21:00 PM,DIAMONDBACK DR (SB/L),NA,Angle,Clear,Dry,Daylight,Traffic Control Signal,NONE DETECTED,Yes,No Apparent Injury,"Operated Motor Vehicle in Inattentive, Careless, Negligent, or Erratic Manner",Unknown,MD,Passenger Car,Moving Constant Speed,40,No,2014,HONDA,CIVIC,39.10515869,-77.20142416,2025,6,14
250025389,Property Damage Crash,06/07/2025 02:21:00 PM,DIAMONDBACK DR (SB/L),NA,Angle,Clear,Dry,Daylight,Traffic Control Signal,NONE DETECTED,No,No Apparent Injury,NA,Not Distracted,MD,Passenger Car,Turning Left,40,No,2020,LAND ROVER,RANGE ROVER EVOQUE,39.10515869,-77.20142416,2025,6,14
250025404,Property Damage Crash,06/07/2025 01:55:00 PM,OLD GEORGETOWN RD,NA,"Sideswipe, Same Direction",Clear,Dry,Daylight,No Controls,NONE DETECTED,No,No Apparent Injury,NA,Not Distracted,MD,Sport Utility Vehicle,Moving Constant Speed,35,No,2011,TOYOTA,RAV4,39.0059968,-77.11142639,2025,6,13
250025404,Property Damage Crash,06/07/2025 01:55:00 PM,OLD GEORGETOWN RD,NA,"Sideswipe, Same Direction",Clear,Dry,Daylight,No Controls,NONE DETECTED,No,NA,NA,Unknown,NA,Sport Utility Vehicle,Changing Lanes,35,No,1234,JEEP,UNKNOWN,39.0059968,-77.11142639,2025,6,13
250025385,Property Damage Crash,06/07/2025 01:36:00 PM,NA,NA,"Sideswipe, Opposite Direction",Clear,NA,Daylight,NA,NONE DETECTED,No,NA,NA,NA,NA,Passenger Car,NA,0,No,2010,FORD,FUSION,39.05207192,-77.11152149,2025,6,13
250025375,Injury Crash,06/07/2025 01:21:00 PM,NA,NA,Angle,Clear,Dry,Daylight,Traffic Control Signal,NONE DETECTED,Yes,Possible Minor Injury,Failed to Yield Right-of-Way,Not Distracted,MD,Passenger Car,Turning Left,30,No,2021,HONDA,HR-V,38.9935685,-77.03236695,2025,6,13
250025375,Injury Crash,06/07/2025 01:21:00 PM,NA,NA,Angle,Clear,Dry,Daylight,Traffic Control Signal,NONE DETECTED,No,No Apparent Injury,NA,Not Distracted,MD,Bus - Transit,Moving Constant Speed,30,No,2013,NEW FLYER,XCELSIOR,38.9935685,-77.03236695,2025,6,13
250025366,Injury Crash,06/07/2025 12:45:00 PM,REEDIE DR,NA,Angle,Clear,Dry,Daylight,Traffic Control Signal,NONE DETECTED,No,Possible Minor Injury,NA,Not Distracted,MD,Passenger Car,Moving Constant Speed,25,No,2012,TOYOTA,CAMRY,39.03868088,-77.05079358,2025,6,12
250025366,Injury Crash,06/07/2025 12:45:00 PM,REEDIE DR,NA,Angle,Clear,Dry,Daylight,Traffic Control Signal,NONE DETECTED,Yes,No Apparent Injury,NA,Not Distracted,MD,Passenger Car,Making U-Turn,25,No,2016,FORD,TRANSIT,39.03868088,-77.05079358,2025,6,12
25001079,Injury Crash,06/07/2025 12:01:00 PM,METRORAIL TRACK B2 RAIL,NA,Front to Rear,Clear,Dry,Daylight,No Controls,NONE DETECTED,No,No Apparent Injury,NA,Not Distracted,MD,Van - Passenger (&lt;9 Seats),Slowing or Stopping,35,No,2014,TOYOTA,SIENNA,39.02873983,-77.04742767,2025,6,12
25001079,Injury Crash,06/07/2025 12:01:00 PM,METRORAIL TRACK B2 RAIL,NA,Front to Rear,Clear,Dry,Daylight,No Controls,NONE DETECTED,No,No Apparent Injury,"Operated Motor Vehicle in Inattentive, Careless, Negligent, or Erratic Manner",Unknown,MD,Sport Utility Vehicle,Moving Constant Speed,35,No,2014,HONDA,PILOT,39.02873983,-77.04742767,2025,6,12
250025351,Property Damage Crash,06/07/2025 11:00:00 AM,BRADLEY BLVD,NA,Rear To Side,Rain,Wet,Daylight,No Controls,NONE DETECTED,No,No Apparent Injury,NA,Not Distracted,MD,Sport Utility Vehicle,Moving Constant Speed,35,No,2025,BMW,X5,39.01137951,-77.15495776,2025,6,11
250025351,Property Damage Crash,06/07/2025 11:00:00 AM,BRADLEY BLVD,NA,Rear To Side,Rain,Wet,Daylight,No Controls,NONE DETECTED,Yes,No Apparent Injury,NA,"Other Action (looking away from task, etc.)",MD,Passenger Car,Making U-Turn,35,No,2018,AUDI,A3,39.01137951,-77.15495776,2025,6,11
250025345,Injury Crash,06/07/2025 10:06:00 AM,VEIRS MILL RD,NA,Front to Rear,Clear,Dry,Daylight,Traffic Control Signal,NONE DETECTED,Yes,No Apparent Injury,NA,Not Distracted,MD,Sport Utility Vehicle,Moving Constant Speed,35,No,2013,HONDA,PILOT,39.061383,-77.092125,2025,6,10
250025345,Injury Crash,06/07/2025 10:06:00 AM,VEIRS MILL RD,NA,Front to Rear,Clear,Dry,Daylight,Traffic Control Signal,NONE DETECTED,No,Possible Minor Injury,NA,Not Distracted,MD,Sport Utility Vehicle,Stopped in Traffic,35,No,2014,JEEP,PATRIOT,39.061383,-77.092125,2025,6,10