Local Case Number,ACRS Report Type,Crash Date/Time,Road Name,Related Non-Motorist,Collision Type,Weather,Surface Condition,Light,Traffic Control,Driver Substance Abuse,Driver At Fault,Injury Severity,Circumstance,Driver Distracted By,Drivers License State,Vehicle Body Type,Vehicle Movement,Speed Limit,Driverless Vehicle,Vehicle Year,Vehicle Make,Vehicle Model,Latitude,Longitude,Year,Month,Hour
250025082,Property Damage Crash,06/05/2025 03:06:00 PM,NEW HAMPSHIRE AVE (SB/L),NA,Front to Rear,Clear,Dry,Daylight,No Controls,NONE DETECTED,No,No Apparent Injury,NA,NA,NA,Passenger Car,Changing Lanes,40,No,0,NA,NA,39.03357022,-76.98640676,2025,6,15
250025082,Property Damage Crash,06/05/2025 03:06:00 PM,NEW HAMPSHIRE AVE (SB/L),NA,Front to Rear,Clear,Dry,Daylight,No Controls,NONE DETECTED,No,No Apparent Injury,NA,Not Distracted,MD,Bus - Transit,Slowing or Stopping,40,No,2011,NEW FLYER,XCELSIOR,39.03357022,-76.98640676,2025,6,15
250025081,Property Damage Crash,06/05/2025 03:05:00 PM,BRADLEY BLVD,NA,Front to Rear,Clear,Dry,Daylight,Pedestrian Crossing Sign,NONE DETECTED,Yes,No Apparent Injury,Followed Too Closely,Unknown,FL,Passenger Car,Slowing or Stopping,25,No,2014,CHEVROLET,EQUINOX,38.97791198,-77.09267827,2025,6,15
250025081,Property Damage Crash,06/05/2025 03:05:00 PM,BRADLEY BLVD,NA,Front to Rear,Clear,Dry,Daylight,Pedestrian Crossing Sign,NONE DETECTED,No,No Apparent Injury,NA,Not Distracted,MD,Passenger Car,Slowing or Stopping,25,No,2024,SUBARU,CROSSTREK,38.97791198,-77.09267827,2025,6,15
250025078,Property Damage Crash,06/05/2025 02:29:00 PM,ZETTS AVE,NA,Angle,Cloudy,Dry,Daylight,No Controls,NONE DETECTED,No,No Apparent Injury,NA,Not Distracted,MD,Sport Utility Vehicle,Moving Constant Speed,35,No,2021,BUICK,ENCORE GX,39.12141583,-77.17870517,2025,6,14
250025078,Property Damage Crash,06/05/2025 02:29:00 PM,ZETTS AVE,NA,Angle,Cloudy,Dry,Daylight,Stop Sign,NONE DETECTED,Yes,No Apparent Injury,Failed to Yield Right-of-Way,Not Distracted,FL,Passenger Car,Turning Right,25,No,2017,BMW,230I,39.12141583,-77.17870517,2025,6,14
250025077,Injury Crash,06/05/2025 02:24:00 PM,OLD COLUMBIA PIKE (SB/L),NA,Front to Rear,Clear,Dry,Daylight,No Controls,NONE DETECTED,Yes,No Apparent Injury,NA,Unknown,MD,Pickup,NA,45,No,2007,GMC,W5,39.11939975,-76.93129732,2025,6,14
250025077,Injury Crash,06/05/2025 02:24:00 PM,OLD COLUMBIA PIKE (SB/L),NA,Front to Rear,Clear,Dry,Daylight,No Controls,NONE DETECTED,No,Possible Minor Injury,NA,Not Distracted,MD,Sport Utility Vehicle,Turning Right,45,No,2018,HYUNDAI,SANTA FE,39.11939975,-76.93129732,2025,6,14
250025074,Injury Crash,06/05/2025 02:04:00 PM,NA,NA,"Sideswipe, Same Direction",Clear,Dry,Daylight,Traffic Control Signal,NONE DETECTED,Yes,No Apparent Injury,NA,Not Distracted,MD,Sport Utility Vehicle,Slowing or Stopping,25,No,2023,MERCEDES-BENZ,GLC-CLASS,38.97726583,-77.09003117,2025,6,14
250025074,Injury Crash,06/05/2025 02:04:00 PM,NA,NA,"Sideswipe, Same Direction",Clear,Dry,Daylight,Traffic Control Signal,NONE DETECTED,No,Possible Minor Injury,NA,Not Distracted,MD,Sport Utility Vehicle,Slowing or Stopping,25,No,2025,BMW,X1,38.97726583,-77.09003117,2025,6,14
25001063,Property Damage Crash,06/05/2025 01:11:00 PM,NORBECK RD,NA,Front to Rear,Clear,Dry,Daylight,No Controls,NONE DETECTED,No,No Apparent Injury,NA,Not Distracted,MD,Passenger Car,Stopped in Traffic,35,No,2020,TOYOTA,AVALON,39.10936397,-77.07731592,2025,6,13
25001063,Property Damage Crash,06/05/2025 01:11:00 PM,NORBECK RD,NA,Front to Rear,Clear,Dry,Daylight,No Controls,NONE DETECTED,Yes,No Apparent Injury,Followed Too Closely,Not Distracted,MD,Other Trucks,Accelerating,35,No,2011,KENWORTH,T3 SERIES,39.10936397,-77.07731592,2025,6,13
250025043,Property Damage Crash,06/05/2025 11:40:00 AM,NA,NA,Other,Clear,Dry,Daylight,No Controls,NONE DETECTED,No,No Apparent Injury,NA,Not Distracted,MD,Sport Utility Vehicle,Moving Constant Speed,30,No,2015,TOYOTA,HIGHLANDER,39.08097512,-77.1857747,2025,6,11
250025043,Property Damage Crash,06/05/2025 11:40:00 AM,NA,NA,Other,Clear,Dry,Daylight,No Controls,NONE DETECTED,Yes,No Apparent Injury,NA,Not Distracted,MD,Sport Utility Vehicle,Making U-Turn,30,No,2017,LEXUS,GX,39.08097512,-77.1857747,2025,6,11
250025042,Property Damage Crash,06/05/2025 11:34:00 AM,JACKSON AVE,NA,Angle,Clear,Dry,Daylight,No Controls,NONE DETECTED,No,NA,NA,NA,NA,Passenger Car,Accelerating,15,No,2010,NISSAN,PATHFINDER,38.98567093,-76.99276748,2025,6,11
250025054,Property Damage Crash,06/05/2025 11:34:00 AM,UNIVERSITY BLVD E,NA,"Sideswipe, Same Direction",Clear,Dry,Daylight,Intersection Ahead Warning Sign,NONE DETECTED,No,No Apparent Injury,NA,NA,NA,Passenger Car,Accelerating,35,No,2010,NISSAN,PATHFINDER,38.9927141,-76.99174223,2025,6,11
250025054,Property Damage Crash,06/05/2025 11:34:00 AM,UNIVERSITY BLVD E,NA,"Sideswipe, Same Direction",Clear,Dry,Daylight,Intersection Ahead Warning Sign,NONE DETECTED,No,No Apparent Injury,NA,Not Distracted,MD,Passenger Car,Moving Constant Speed,35,No,2016,HONDA,CIVIC,38.9927141,-76.99174223,2025,6,11
250025032,Property Damage Crash,06/05/2025 09:50:00 AM,NA,NA,Rear To Rear,Clear,NA,Daylight,NA,NONE DETECTED,Yes,No Apparent Injury,Improper Backing,Not Distracted,MD,Bus - School,Backing,0,No,2017,FREIGHTLINER,B2 BUS CHASSIS,39.226326,-77.2722762,2025,6,9
250025014,Injury Crash,06/05/2025 08:31:00 AM,INDEPENDENCE ST,Cyclist (non-electric),Single Vehicle,Cloudy,Dry,Daylight,Traffic Control Signal,NONE DETECTED,Yes,No Apparent Injury,Failed to Yield Right-of-Way,Unknown,MD,Pickup,Turning Left,25,No,2014,TOYOTA,TUNDRA,39.07631632,-77.08050136,2025,6,8
250025015,Property Damage Crash,06/05/2025 08:19:00 AM,WISCONSIN AVE,NA,Angle,Clear,Dry,Daylight,Traffic Control Signal,NONE DETECTED,No,No Apparent Injury,NA,Not Distracted,WA,Passenger Car,Moving Constant Speed,35,No,2007,TOYOTA,RAV4,38.98474931,-77.09414094,2025,6,8
250025015,Property Damage Crash,06/05/2025 08:19:00 AM,WISCONSIN AVE,NA,Angle,Clear,Dry,Daylight,Traffic Control Signal,NONE DETECTED,No,No Apparent Injury,NA,Not Distracted,MD,Passenger Car,Turning Right,35,No,2018,DODGE,JOURNEY,38.98474931,-77.09414094,2025,6,8
250025050,Property Damage Crash,06/05/2025 08:00:00 AM,SHADY GROVE RD,NA,"Sideswipe, Same Direction",Clear,Dry,Daylight,No Controls,NONE DETECTED,No,No Apparent Injury,NA,Not Distracted,MD,Sport Utility Vehicle,Changing Lanes,35,No,2024,JEEP,WAGONEER,39.09012254,-77.20217747,2025,6,8
250025050,Property Damage Crash,06/05/2025 08:00:00 AM,SHADY GROVE RD,NA,"Sideswipe, Same Direction",Clear,Dry,Daylight,No Controls,NONE DETECTED,No,No Apparent Injury,NA,Not Distracted,MD,Passenger Car,Moving Constant Speed,35,No,2006,HONDA,ODYSSEY,39.09012254,-77.20217747,2025,6,8
250025006,Property Damage Crash,06/05/2025 07:00:00 AM,SHADY GROVE RD,NA,Front to Rear,Clear,Dry,Daylight,Traffic Control Signal,NONE DETECTED,Yes,No Apparent Injury,NA,Unknown,MD,Passenger Car,Moving Constant Speed,35,No,2009,NISSAN,VERSA,39.12242784,-77.17760444,2025,6,7
250025006,Property Damage Crash,06/05/2025 07:00:00 AM,SHADY GROVE RD,NA,Front to Rear,Clear,Dry,Daylight,Traffic Control Signal,NONE DETECTED,No,No Apparent Injury,NA,Not Distracted,MD,Sport Utility Vehicle,Slowing or Stopping,35,No,2025,HONDA,CR-V,39.12242784,-77.17760444,2025,6,7
250025007,Property Damage Crash,06/05/2025 06:30:00 AM,NA,NA,Single Vehicle,Clear,NA,Daylight,NA,NONE DETECTED,Yes,No Apparent Injury,Ran Off Roadway,Not Distracted,MD,Passenger Car,Leaving Traffic Lane,0,No,2018,NISSAN,PATHFINDER,39.11291656,-76.9335496,2025,6,6
250025004,Injury Crash,06/05/2025 06:05:00 AM,MIDDLEBROOK RD,NA,Angle,Clear,Dry,Daylight,No Controls,NONE DETECTED,No,No Apparent Injury,NA,Not Distracted,MD,Sport Utility Vehicle,Moving Constant Speed,40,No,2013,CHEVROLET,EQUINOX,39.17948742,-77.24026471,2025,6,6
250025004,Injury Crash,06/05/2025 06:05:00 AM,MIDDLEBROOK RD,NA,Angle,Clear,Dry,Daylight,No Controls,NONE DETECTED,No,No Apparent Injury,Failed to Yield Right-of-Way,Not Distracted,MD,Pickup,Turning Left,40,No,2019,CHEVROLET,SILVERADO LD,39.17948742,-77.24026471,2025,6,6
250025001,Injury Crash,06/05/2025 04:45:00 AM,MIDCOUNTY HWY (NB/L),NA,Angle,Clear,Dry,Medium,Flashing Traffic Control Signal,NONE DETECTED,No,Possible Minor Injury,NA,Unknown,MD,Pickup,Turning Left,45,No,2003,CHEVROLET,SILVERADO,39.15074067,-77.17438367,2025,6,4
250025001,Injury Crash,06/05/2025 04:45:00 AM,MIDCOUNTY HWY (NB/L),NA,Angle,Clear,Dry,Medium,Flashing Traffic Control Signal,NONE DETECTED,No,No Apparent Injury,NA,Not Distracted,MD,Bus - Transit,Moving Constant Speed,45,No,2018,GILLIG,CITY TRANSIT BUS,39.15074067,-77.17438367,2025,6,4
250024985,Property Damage Crash,06/04/2025 11:10:00 PM,NA,NA,Front to Rear,Clear,NA,Medium,NA,NONE DETECTED,No,No Apparent Injury,NA,Not Distracted,MD,Passenger Car,Slowing or Stopping,0,No,2014,DODGE,CHARGER,38.96454,-77.104295,2025,6,23
250024985,Property Damage Crash,06/04/2025 11:10:00 PM,NA,NA,Front to Rear,Clear,NA,Medium,NA,NONE DETECTED,No,No Apparent Injury,NA,Not Distracted,MD,Passenger Car,Slowing or Stopping,0,No,2023,JEEP,WRANGLER,38.96454,-77.104295,2025,6,23
250024984,Injury Crash,06/04/2025 10:50:00 PM,CUMMINGS LA,NA,"Sideswipe, Opposite Direction",Clear,Dry,Medium,No Controls,NONE DETECTED,No,NA,NA,NA,NA,Passenger Car,Parked,0,No,2025,HONDA,ODYSSEY,38.9788437,-77.0663235,2025,6,22
250024984,Injury Crash,06/04/2025 10:50:00 PM,CUMMINGS LA,NA,"Sideswipe, Opposite Direction",Clear,Dry,Medium,No Controls,NONE DETECTED,Yes,Possible Minor Injury,Improper Passing,Unknown,DC,Passenger Car,Moving Constant Speed,20,No,2015,JEEP,CHEROKEE,38.9788437,-77.0663235,2025,6,22
250024982,Property Damage Crash,06/04/2025 10:47:00 PM,LELAND ST,NA,Front to Rear,Clear,Dry,Medium,No Controls,ALCOHOL PRESENT,Yes,No Apparent Injury,NA,Not Distracted,MD,Pickup,Moving Constant Speed,15,No,2007,TOYOTA,TACOMA,38.98019903,-77.09053279,2025,6,22
250024980,Injury Crash,06/04/2025 10:41:00 PM,SAM EIG HWY (SB/L),NA,Front to Rear,Clear,Dry,Medium,Traffic Control Signal,NONE DETECTED,No,No Apparent Injury,"Followed Too Closely, Other Improper Action",Unknown,MD,Passenger Car,Moving Constant Speed,45,No,2013,HONDA,ACCORD,39.11617433,-77.20860254,2025,6,22
250024980,Injury Crash,06/04/2025 10:41:00 PM,SAM EIG HWY (SB/L),NA,Front to Rear,Clear,Dry,Medium,Traffic Control Signal,NONE DETECTED,No,Possible Minor Injury,NA,Not Distracted,MD,Sport Utility Vehicle,Stopped in Traffic,45,No,2009,BUICK,ENCLAVE,39.11617433,-77.20860254,2025,6,22
250024979,Injury Crash,06/04/2025 10:30:00 PM,REMINGTON DR,NA,Single Vehicle,Clear,Dry,Dark,No Controls,NONE DETECTED,Yes,Possible Minor Injury,"Ran Off Roadway, Too Fast For Conditions",Not Distracted,MD,Passenger Car,Negotiating a Curve,25,No,2023,HONDA,CIVIC,39.05846939,-77.01515487,2025,6,22
250024969,Injury Crash,06/04/2025 09:13:00 PM,NELSON ST,Pedestrian,Single Vehicle,Clear,Dry,Medium,Pedestrian Crossing Sign,ALCOHOL PRESENT,Yes,No Apparent Injury,NA,Talking/listening,MD,Passenger Car,Moving Constant Speed,15,No,2016,BUICK,ENCORE,39.09193917,-77.17372029,2025,6,21
250024860,Injury Crash,06/04/2025 08:07:00 PM,GUNNERS BRANCH RD,NA,Angle,Clear,Dry,Daylight,No Controls,NONE DETECTED,No,No Apparent Injury,NA,Not Distracted,MD,Passenger Car,Moving Constant Speed,35,No,2020,MITSUBISHI,OUTLANDER SPORT,39.17551833,-77.23825333,2025,6,20
250024860,Injury Crash,06/04/2025 08:07:00 PM,GUNNERS BRANCH RD,NA,Angle,Clear,Dry,Daylight,Stop Sign,NONE DETECTED,Yes,Possible Minor Injury,Failed to Yield Right-of-Way,Not Distracted,MD,Passenger Car,Turning Left,25,No,2021,FORD,EXPLORER,39.17551833,-77.23825333,2025,6,20
250024961,Property Damage Crash,06/04/2025 08:03:00 PM,BETHESDA CHURCH RD,NA,Other,Clear,Dry,Daylight,No Controls,NONE DETECTED,No,No Apparent Injury,NA,Not Distracted,MD,Passenger Car,Moving Constant Speed,30,No,2015,FORD,ESCAPE,39.30017333,-77.23312167,2025,6,20
250024961,Property Damage Crash,06/04/2025 08:03:00 PM,BETHESDA CHURCH RD,NA,Other,Clear,Dry,Daylight,No Controls,NONE DETECTED,Yes,No Apparent Injury,Failed to Yield Right-of-Way,Unknown,MD,Passenger Car,Accelerating,30,No,2023,HONDA,ACCORD,39.30017333,-77.23312167,2025,6,20
250024961,Property Damage Crash,06/04/2025 08:03:00 PM,BETHESDA CHURCH RD,NA,Other,Clear,Dry,Daylight,No Controls,NONE DETECTED,Yes,No Apparent Injury,"Other Improper Action, Too Fast For Conditions",Unknown,MD,Passenger Car,Moving Constant Speed,30,No,2004,FORD,F-150,39.30017333,-77.23312167,2025,6,20
250024951,Injury Crash,06/04/2025 06:57:00 PM,NA,NA,"Sideswipe, Opposite Direction",Clear,Dry,Daylight,Traffic Control Signal,NONE DETECTED,No,Possible Minor Injury,NA,Unknown,MD,Passenger Car,Moving Constant Speed,35,No,2020,TOYOTA,RAV4,39.15569398,-77.16675175,2025,6,18
250024951,Injury Crash,06/04/2025 06:57:00 PM,NA,NA,"Sideswipe, Opposite Direction",Clear,Dry,Daylight,Traffic Control Signal,ALCOHOL PRESENT,No,NA,Failed to Keep in Proper Lane,Unknown,NA,Van - Cargo,Moving Constant Speed,35,No,2012,CHEVROLET,EXPRESS,39.15569398,-77.16675175,2025,6,18
250024945,Property Damage Crash,06/04/2025 06:34:00 PM,NA,NA,Single Vehicle,Clear,NA,Daylight,NA,NONE DETECTED,No,No Apparent Injury,NA,Not Distracted,MD,Sport Utility Vehicle,Accelerating,0,No,2021,FORD,BRONCO SPORT,39.01641322,-77.20822817,2025,6,18
250024943,Property Damage Crash,06/04/2025 06:25:00 PM,QUINCE ORCHARD RD,NA,Front to Rear,Clear,Dry,Daylight,No Controls,NONE DETECTED,No,No Apparent Injury,NA,Not Distracted,ID,Passenger Car,Moving Constant Speed,35,No,2017,NISSAN,SENTRA,39.12718965,-77.24000159,2025,6,18
250024943,Property Damage Crash,06/04/2025 06:25:00 PM,QUINCE ORCHARD RD,NA,Front to Rear,Clear,Dry,Daylight,Stop Sign,NONE DETECTED,No,No Apparent Injury,Failed to Yield Right-of-Way,"Other Action (looking away from task, etc.)",MD,Passenger Car,Turning Right,35,No,2010,TOYOTA,VENZA,39.12718965,-77.24000159,2025,6,18
250024939,Injury Crash,06/04/2025 06:20:00 PM,CRAIGLAWN RD,NA,Front to Rear,Clear,Dry,Daylight,No Controls,NONE DETECTED,No,Possible Minor Injury,NA,Not Distracted,MD,Passenger Car,Slowing or Stopping,30,No,2020,HONDA,ACCORD,39.05669957,-76.94670962,2025,6,18
250024939,Injury Crash,06/04/2025 06:20:00 PM,CRAIGLAWN RD,NA,Front to Rear,Clear,Dry,Daylight,No Controls,NONE DETECTED,Yes,No Apparent Injury,NA,Not Distracted,MD,Sport Utility Vehicle,Moving Constant Speed,30,No,2016,DODGE,DURANGO,39.05669957,-76.94670962,2025,6,18
250024947,Property Damage Crash,06/04/2025 06:05:00 PM,CRABBS BRANCH WAY,NA,Front to Rear,Clear,Dry,Daylight,Traffic Control Signal,NONE DETECTED,No,No Apparent Injury,"Improper Backing, Other Improper Action",Unknown,NA,Passenger Car,Backing,35,No,2023,KIA,SOUL,39.10678238,-77.1522641,2025,6,18
250024947,Property Damage Crash,06/04/2025 06:05:00 PM,CRABBS BRANCH WAY,NA,Front to Rear,Clear,Dry,Daylight,Traffic Control Signal,NONE DETECTED,No,No Apparent Injury,NA,Not Distracted,MD,Sport Utility Vehicle,Stopped in Traffic,35,No,2003,BMW,X5,39.10678238,-77.1522641,2025,6,18
250024936,Property Damage Crash,06/04/2025 05:52:00 PM,RIVER RD (WB/L),NA,Front to Rear,Clear,Dry,Daylight,No Controls,NONE DETECTED,Yes,No Apparent Injury,NA,Not Distracted,MD,Passenger Car,Changing Lanes,35,No,2015,ACURA,TLX,38.99076076,-77.15492177,2025,6,17
250024936,Property Damage Crash,06/04/2025 05:52:00 PM,RIVER RD (WB/L),NA,Front to Rear,Clear,Dry,Daylight,No Controls,NONE DETECTED,No,No Apparent Injury,NA,Not Distracted,MD,Passenger Car,Moving Constant Speed,35,No,2021,TESLA,MODEL S,38.99076076,-77.15492177,2025,6,17
250024931,Injury Crash,06/04/2025 05:28:00 PM,WHITTIER BLVD,NA,Front to Rear,Clear,Dry,Daylight,No Controls,NONE DETECTED,Yes,No Apparent Injury,NA,"Other Action (looking away from task, etc.)",MD,Sport Utility Vehicle,Moving Constant Speed,30,No,2014,INFINITI,QX60,38.98150217,-77.12571733,2025,6,17
250024931,Injury Crash,06/04/2025 05:28:00 PM,WHITTIER BLVD,NA,Front to Rear,Clear,Dry,Daylight,No Controls,NONE DETECTED,No,No Apparent Injury,NA,Not Distracted,DC,Sport Utility Vehicle,Slowing or Stopping,30,No,2021,KIA,TELLURIDE,38.98150217,-77.12571733,2025,6,17
250024931,Injury Crash,06/04/2025 05:28:00 PM,WHITTIER BLVD,NA,Front to Rear,Clear,Dry,Daylight,No Controls,NONE DETECTED,No,No Apparent Injury,NA,Not Distracted,MD,Sport Utility Vehicle,Turning Left,30,No,2024,TESLA,CYBERTRUCK,38.98150217,-77.12571733,2025,6,17
250024928,Property Damage Crash,06/04/2025 04:56:00 PM,ROCKVILLE PIKE (SB/L),NA,Front to Rear,Clear,Dry,Daylight,Traffic Control Signal,NONE DETECTED,No,No Apparent Injury,NA,Not Distracted,MD,Bus - School,Slowing or Stopping,35,No,2020,FREIGHTLINER,B2 BUS CHASSIS,39.01500545,-77.10003955,2025,6,16
250024928,Property Damage Crash,06/04/2025 04:56:00 PM,ROCKVILLE PIKE (SB/L),NA,Front to Rear,Clear,Dry,Daylight,Traffic Control Signal,NONE DETECTED,No,NA,NA,NA,NA,NA,Moving Constant Speed,35,No,0,NA,NA,39.01500545,-77.10003955,2025,6,16
250024918,Property Damage Crash,06/04/2025 04:42:00 PM,NA,NA,"Sideswipe, Opposite Direction",Clear,Dry,Daylight,No Controls,NONE DETECTED,No,No Apparent Injury,NA,Not Distracted,VA,Passenger Car,Stopped in Traffic,20,No,2016,MAZDA,MAZDA3,39.03880654,-77.07557901,2025,6,16
250024918,Property Damage Crash,06/04/2025 04:42:00 PM,NA,NA,"Sideswipe, Opposite Direction",Clear,Dry,Daylight,No Controls,NONE DETECTED,No,No Apparent Injury,NA,Not Distracted,MD,Passenger Car,Stopped in Traffic,20,No,2023,AUDI,Q4,39.03880654,-77.07557901,2025,6,16
250024918,Property Damage Crash,06/04/2025 04:42:00 PM,NA,NA,"Sideswipe, Opposite Direction",Clear,Dry,Daylight,No Controls,NONE DETECTED,No,NA,NA,NA,NA,Passenger Car,Turning Right,25,No,2016,BUICK,LACROSSE,39.03880654,-77.07557901,2025,6,16
250024910,Injury Crash,06/04/2025 04:00:00 PM,E DEER PARK DR,NA,Front to Rear,Clear,Dry,Daylight,Traffic Control Signal,NONE DETECTED,No,No Apparent Injury,Too Fast For Conditions,Not Distracted,MD,Passenger Car,Slowing or Stopping,25,No,2014,FORD,FOCUS,39.13234646,-77.18863685,2025,6,16
250024910,Injury Crash,06/04/2025 04:00:00 PM,E DEER PARK DR,NA,Front to Rear,Clear,Dry,Daylight,Traffic Control Signal,NONE DETECTED,No,Possible Minor Injury,NA,Not Distracted,MD,Passenger Car,Stopped in Traffic,25,No,2014,TOYOTA,SIENNA,39.13234646,-77.18863685,2025,6,16
250025033,Property Damage Crash,06/04/2025 03:59:00 PM,NA,NA,Single Vehicle,Clear,NA,Daylight,NA,NONE DETECTED,Yes,No Apparent Injury,NA,Not Distracted,MD,Other Trucks,Backing,0,No,2004,CHEVROLET,EXPRESS,39.14878702,-77.2228388,2025,6,15
250024897,Property Damage Crash,06/04/2025 03:34:00 PM,BONIFANT RD,NA,Front to Rear,Clear,Dry,Daylight,No Controls,NONE DETECTED,Yes,No Apparent Injury,Followed Too Closely,Not Distracted,MD,Passenger Car,Slowing or Stopping,35,No,2012,CHRYSLER,200,39.09308572,-77.04003076,2025,6,15
250024897,Property Damage Crash,06/04/2025 03:34:00 PM,BONIFANT RD,NA,Front to Rear,Clear,Dry,Daylight,No Controls,NONE DETECTED,No,No Apparent Injury,NA,Not Distracted,MD,Sport Utility Vehicle,Slowing or Stopping,35,No,2016,ACURA,MDX,39.09308572,-77.04003076,2025,6,15
250024894,Injury Crash,06/04/2025 03:33:00 PM,SHADY GROVE RD (SB/L),NA,Angle,Clear,Dry,Daylight,No Controls,NONE DETECTED,No,No Apparent Injury,NA,Not Distracted,MD,Passenger Car,Moving Constant Speed,35,No,2020,HYUNDAI,SANTA FE,39.09197883,-77.20859467,2025,6,15
250024894,Injury Crash,06/04/2025 03:33:00 PM,SHADY GROVE RD (SB/L),NA,Angle,Clear,Dry,Daylight,Stop Sign,NONE DETECTED,No,No Apparent Injury,NA,Unknown,MD,Passenger Car,Turning Left,35,No,2013,AUDI,Q5,39.09197883,-77.20859467,2025,6,15
250024899,Property Damage Crash,06/04/2025 03:26:00 PM,S GLEN RD,NA,Single Vehicle,Clear,Dry,Daylight,Stop Sign,NONE DETECTED,No,No Apparent Injury,NA,Not Distracted,MD,Bus - School,Turning Right,35,No,2016,THOMAS BUILT,HDX,39.0459306,-77.21722612,2025,6,15
250024880,Property Damage Crash,06/04/2025 02:44:00 PM,GLADE VALLEY TERR,NA,Single Vehicle,Clear,Dry,Daylight,No Controls,NONE DETECTED,Yes,No Apparent Injury,"Operated Motor Vehicle in Inattentive, Careless, Negligent, or Erratic Manner","Other Action (looking away from task, etc.)",MD,Passenger Car,Accelerating,25,No,2009,TOYOTA,VENZA,39.25334544,-77.2265791,2025,6,14
250024878,Property Damage Crash,06/04/2025 02:31:00 PM,EAST WEST HWY (WB/L),NA,Angle,Clear,Dry,Daylight,Traffic Control Signal,NONE DETECTED,Yes,No Apparent Injury,"Failed to Yield Right-of-Way, Improper Turn",Unknown,MD,Passenger Car,Turning Left,35,No,2019,KIA,FORTE,38.99371541,-77.051961,2025,6,14
250024878,Property Damage Crash,06/04/2025 02:31:00 PM,EAST WEST HWY (WB/L),NA,Angle,Clear,Dry,Daylight,Traffic Control Signal,NONE DETECTED,No,No Apparent Injury,NA,Not Distracted,VA,Passenger Car,Moving Constant Speed,35,No,2020,TOYOTA,COROLLA,38.99371541,-77.051961,2025,6,14
250024860,Injury Crash,06/04/2025 01:23:00 PM,NA,NA,Other,Clear,NA,Daylight,NA,NONE DETECTED,No,Suspected Serious Injury,NA,Not Distracted,MD,Sport Utility Vehicle,Moving Constant Speed,0,No,2008,LEXUS,RX,39.08393369,-77.11623843,2025,6,13
250024863,Property Damage Crash,06/04/2025 01:15:00 PM,NA,NA,Front to Rear,Clear,NA,Daylight,NA,NONE DETECTED,Yes,No Apparent Injury,Improper Backing,Unknown,MD,Passenger Car,Backing,0,No,2014,CHEVROLET,IMPALA LIMITED,39.10794833,-77.16049833,2025,6,13
250024865,Property Damage Crash,06/04/2025 01:07:00 PM,ROCKVILLE PIKE,NA,"Sideswipe, Same Direction",Clear,Dry,Daylight,No Controls,NONE DETECTED,Yes,No Apparent Injury,"Failed to Keep in Proper Lane, Over-Correcting/Over-Steering",Unknown,MD,Passenger Car,Moving Constant Speed,35,No,2007,HONDA,ACCORD,39.08374845,-77.14692097,2025,6,13
250024865,Property Damage Crash,06/04/2025 01:07:00 PM,ROCKVILLE PIKE,NA,"Sideswipe, Same Direction",Clear,Dry,Daylight,No Controls,NONE DETECTED,No,No Apparent Injury,NA,Not Distracted,MD,Sport Utility Vehicle,Moving Constant Speed,35,No,2015,TOYOTA,RAV4,39.08374845,-77.14692097,2025,6,13
250024858,Property Damage Crash,06/04/2025 12:58:00 PM,NA,NA,Single Vehicle,Clear,Dry,Daylight,No Controls,NONE DETECTED,Yes,No Apparent Injury,"Operated Motor Vehicle in Inattentive, Careless, Negligent, or Erratic Manner",Unknown,MD,Sport Utility Vehicle,Moving Constant Speed,35,No,2022,TOYOTA,RAV4,39.10846267,-77.00478817,2025,6,12
250024851,Property Damage Crash,06/04/2025 12:39:00 PM,NA,NA,Single Vehicle,Clear,NA,Daylight,NA,NONE DETECTED,No,No Apparent Injury,NA,Not Distracted,MD,Passenger Car,Moving Constant Speed,0,No,2017,HONDA,ACCORD,38.99307044,-77.09675314,2025,6,12