Local Case Number,ACRS Report Type,Crash Date/Time,Road Name,Related Non-Motorist,Collision Type,Weather,Surface Condition,Light,Traffic Control,Driver Substance Abuse,Driver At Fault,Injury Severity,Circumstance,Driver Distracted By,Drivers License State,Vehicle Body Type,Vehicle Movement,Speed Limit,Driverless Vehicle,Vehicle Year,Vehicle Make,Vehicle Model,Latitude,Longitude,Year,Month,Hour
250024872,Property Damage Crash,06/04/2025 12:30:00 PM,NA,NA,Front to Rear,Clear,Dry,Daylight,No Controls,NONE DETECTED,No,No Apparent Injury,NA,Not Distracted,MD,Passenger Car,Slowing or Stopping,30,No,2015,AUDI,Q7,38.98178256,-77.09845763,2025,6,12
250024872,Property Damage Crash,06/04/2025 12:30:00 PM,NA,NA,Front to Rear,Clear,Dry,Daylight,No Controls,NONE DETECTED,Yes,No Apparent Injury,NA,Not Distracted,MD,Passenger Car,Accelerating,30,No,2016,FORD,C-MAX,38.98178256,-77.09845763,2025,6,12
250024845,Fatal Crash,06/04/2025 11:27:00 AM,CATTAIL RD,NA,Angle,Clear,Dry,Daylight,Stop Sign,NONE DETECTED,No,No Apparent Injury,NA,Unknown,MD,Truck Tractor,Moving Constant Speed,50,No,2000,KENWORTH,W900,39.16241145,-77.38685624,2025,6,11
250024845,Fatal Crash,06/04/2025 11:27:00 AM,CATTAIL RD,NA,Angle,Clear,Dry,Daylight,Stop Sign,DRUG PRESENT,Yes,Fatal Injury,"Failed to Yield Right-of-Way, Ran Stop Sign",Not Distracted,VA,Passenger Car,Turning Left,50,No,2016,FORD,FUSION,39.16241145,-77.38685624,2025,6,11
250024833,Property Damage Crash,06/04/2025 10:44:00 AM,ROCKVILLE PIKE,NA,Front to Rear,Clear,Dry,Daylight,No Controls,NONE DETECTED,No,No Apparent Injury,Followed Too Closely,Not Distracted,MD,Passenger Car,Slowing or Stopping,40,No,2012,HONDA,CR-V,39.04099867,-77.109889,2025,6,10
250024833,Property Damage Crash,06/04/2025 10:44:00 AM,ROCKVILLE PIKE,NA,Front to Rear,Clear,Dry,Daylight,No Controls,NONE DETECTED,No,No Apparent Injury,NA,Not Distracted,MD,Passenger Car,Slowing or Stopping,40,No,2022,VOLVO,XC90,39.04099867,-77.109889,2025,6,10
250024826,Property Damage Crash,06/04/2025 09:59:00 AM,NA,Cyclist (Electric),Single Vehicle,Clear,NA,Daylight,NA,NONE DETECTED,No,No Apparent Injury,NA,Not Distracted,MD,Van - Passenger (&lt;9 Seats),Accelerating,0,No,2020,TOYOTA,SIENNA,38.99545662,-77.03704674,2025,6,9
25002483,Property Damage Crash,06/04/2025 09:11:00 AM,ROSEMARY ST #2,NA,"Sideswipe, Opposite Direction",Clear,Dry,Daylight,No Controls,NONE DETECTED,Yes,No Apparent Injury,NA,Not Distracted,MD,Bus - School,Moving Constant Speed,25,No,2021,FREIGHTLINER,B2 BUS CHASSIS,38.97785305,-77.07885894,2025,6,9
250024821,Property Damage Crash,06/04/2025 09:03:00 AM,RIVER RD,NA,Front to Rear,Clear,Dry,Daylight,No Controls,NONE DETECTED,No,No Apparent Injury,"Followed Too Closely, Too Fast For Conditions",Unknown,MD,Passenger Car,Slowing or Stopping,40,No,2017,SMART,FORTWO,39.03697952,-77.24419624,2025,6,9
250024821,Property Damage Crash,06/04/2025 09:03:00 AM,RIVER RD,NA,Front to Rear,Clear,Dry,Daylight,No Controls,NONE DETECTED,No,No Apparent Injury,NA,Not Distracted,MD,Passenger Car,Stopped in Traffic,40,No,2013,DODGE,DART,39.03697952,-77.24419624,2025,6,9
250024836,Property Damage Crash,06/04/2025 09:00:00 AM,ESWORTHY PL,NA,Single Vehicle,Clear,Dry,Daylight,No Controls,NONE DETECTED,No,NA,NA,NA,NA,Bus - School,Backing,30,No,2019,THOMAS BUILT,HDX,39.06455118,-77.28179359,2025,6,9
250024817,Property Damage Crash,06/04/2025 07:55:00 AM,HARTFORD AVE,NA,Other,Clear,Dry,Daylight,No Controls,NONE DETECTED,Yes,No Apparent Injury,Improper Backing,Not Distracted,MD,Sport Utility Vehicle,Backing,25,No,2009,JEEP,GRAND CHEROKEE,38.9944814,-77.0109501,2025,6,7
250024817,Property Damage Crash,06/04/2025 07:55:00 AM,HARTFORD AVE,NA,Other,Clear,Dry,Daylight,No Controls,NONE DETECTED,No,No Apparent Injury,NA,Not Distracted,MD,Bus - School,Parked,25,No,2012,FREIGHTLINER,B2 BUS CHASSIS,38.9944814,-77.0109501,2025,6,7
250024812,Property Damage Crash,06/04/2025 05:53:00 AM,NORBECK RD,NA,Single Vehicle,Clear,Dry,Daylight,No Controls,NONE DETECTED,No,No Apparent Injury,"Failed to Keep in Proper Lane, Operated Motor Vehicle in Reckless or Aggressive Manner, Other Improper Action, Ran Off Roadway",Unknown,MD,Passenger Car,Moving Constant Speed,35,No,2007,TOYOTA,SCION TC,39.1098085,-77.07452267,2025,6,5
250024811,Injury Crash,06/04/2025 05:47:00 AM,W WATKINS MILL RD (SB/L),NA,Angle,Clear,Dry,Medium,Traffic Control Signal,NONE DETECTED,Yes,Possible Minor Injury,Ran Red Light,Unknown,MD,Sport Utility Vehicle,Moving Constant Speed,35,No,2018,MAZDA,CX-3,39.15631604,-77.22582259,2025,6,5
250024811,Injury Crash,06/04/2025 05:47:00 AM,W WATKINS MILL RD (SB/L),NA,Angle,Clear,Dry,Medium,Traffic Control Signal,NONE DETECTED,Yes,Possible Minor Injury,Ran Red Light,Unknown,MD,Sport Utility Vehicle,Turning Left,35,No,2018,TOYOTA,RAV4,39.15631604,-77.22582259,2025,6,5
250024809,Property Damage Crash,06/04/2025 05:20:00 AM,TIVOLI LAKE BLVD,NA,Angle,Clear,Dry,Medium,Flashing Traffic Control Signal,NONE DETECTED,No,No Apparent Injury,NA,Not Distracted,MD,Passenger Car,Turning Left,40,No,2014,TOYOTA,CAMRY,39.06606822,-77.03456459,2025,6,5
250024809,Property Damage Crash,06/04/2025 05:20:00 AM,TIVOLI LAKE BLVD,NA,Angle,Clear,Dry,Medium,Flashing Traffic Control Signal,NONE DETECTED,Yes,No Apparent Injury,NA,Not Distracted,MD,Sport Utility Vehicle,Turning Left,25,No,2018,HONDA,CR-V,39.06606822,-77.03456459,2025,6,5
250024786,Property Damage Crash,06/03/2025 10:30:00 PM,NEW HAMPSHIRE AVE,NA,Front to Rear,Clear,Dry,Medium,Traffic Control Signal,NONE DETECTED,Yes,No Apparent Injury,NA,Not Distracted,MD,Passenger Car,Moving Constant Speed,35,No,2011,CHRYSLER,200,39.02031068,-76.97655286,2025,6,22
250024786,Property Damage Crash,06/03/2025 10:30:00 PM,NEW HAMPSHIRE AVE,NA,Front to Rear,Clear,Dry,Medium,Traffic Control Signal,NONE DETECTED,No,No Apparent Injury,NA,Not Distracted,MD,Passenger Car,Stopped in Traffic,35,No,2015,HONDA,CR-V,39.02031068,-76.97655286,2025,6,22
250024775,Property Damage Crash,06/03/2025 09:20:00 PM,ADELPHI RD (WB/L),NA,Single Vehicle,Clear,Dry,Medium,Traffic Control Signal,NONE DETECTED,Yes,No Apparent Injury,NA,Unknown,DC,Bus - Transit,Turning Right,35,No,2014,NABI,BRT,39.01147217,-76.9788382,2025,6,21
250024772,Injury Crash,06/03/2025 08:11:00 PM,NA,Pedestrian,Single Vehicle,Clear,NA,Daylight,NA,NONE DETECTED,No,NA,NA,NA,NA,NA,Moving Constant Speed,0,No,0,NA,NA,39.0908808,-77.1519553,2025,6,20
250024756,Property Damage Crash,06/03/2025 07:22:00 PM,OLNEY SANDY SPRING RD,NA,"Sideswipe, Same Direction",Clear,Dry,Daylight,No Controls,NONE DETECTED,No,No Apparent Injury,NA,Not Distracted,MD,Passenger Car,Overtaking/Passing,40,No,2017,FORD,TAURUS,39.14474758,-77.04746138,2025,6,19
250024756,Property Damage Crash,06/03/2025 07:22:00 PM,OLNEY SANDY SPRING RD,NA,"Sideswipe, Same Direction",Clear,Dry,Daylight,No Controls,NONE DETECTED,Yes,No Apparent Injury,Failed to Yield Right-of-Way,Not Distracted,MD,Passenger Car,Changing Lanes,40,No,2018,KIA,SPORTAGE,39.14474758,-77.04746138,2025,6,19
250024745,Injury Crash,06/03/2025 06:31:00 PM,GEORGIA AVE,NA,"Sideswipe, Same Direction",Clear,Dry,Daylight,No Controls,NONE DETECTED,Yes,Possible Minor Injury,NA,Unknown,MD,Passenger Car,Changing Lanes,30,No,2015,TOYOTA,CAMRY,39.01340782,-77.04180031,2025,6,18
250024745,Injury Crash,06/03/2025 06:31:00 PM,GEORGIA AVE,NA,"Sideswipe, Same Direction",Clear,Dry,Daylight,No Controls,NONE DETECTED,No,Possible Minor Injury,NA,Not Distracted,MD,Passenger Car,Moving Constant Speed,30,No,2021,CHEVROLET,TRAVERSE,39.01340782,-77.04180031,2025,6,18
250024754,Property Damage Crash,06/03/2025 06:22:00 PM,HEATHFIELD RD,NA,Front to Rear,Clear,Dry,Daylight,No Controls,NONE DETECTED,No,NA,NA,NA,NA,Passenger Car,Making U-Turn,15,No,2020,KIA,OPTIMA,39.08554927,-77.08455018,2025,6,18
250024738,Injury Crash,06/03/2025 06:02:00 PM,HENDERSON CORNER RD,NA,Other,Clear,Dry,Daylight,Traffic Control Signal,NONE DETECTED,Yes,Possible Minor Injury,Ran Red Light,Unknown,MD,Passenger Car,Moving Constant Speed,45,No,2025,SUBARU,FORESTER,39.20258667,-77.24567167,2025,6,18
250024738,Injury Crash,06/03/2025 06:02:00 PM,HENDERSON CORNER RD,NA,Other,Clear,Dry,Daylight,Traffic Control Signal,NONE DETECTED,No,Possible Minor Injury,NA,Not Distracted,MD,Passenger Car,Accelerating,45,No,1998,HONDA,ACCORD,39.20258667,-77.24567167,2025,6,18
250024738,Injury Crash,06/03/2025 06:02:00 PM,HENDERSON CORNER RD,NA,Other,Clear,Dry,Daylight,Traffic Control Signal,NONE DETECTED,No,No Apparent Injury,NA,Not Distracted,NA,Passenger Car,Accelerating,45,No,2010,HONDA,PILOT,39.20258667,-77.24567167,2025,6,18
250024725,Injury Crash,06/03/2025 04:57:00 PM,CHRISTOPHER AVE,NA,Angle,Clear,Dry,Daylight,Traffic Control Signal,NONE DETECTED,No,Possible Minor Injury,NA,Unknown,MD,Passenger Car,Moving Constant Speed,30,No,2018,TOYOTA,CAMRY,39.15794467,-77.204637,2025,6,16
250024725,Injury Crash,06/03/2025 04:57:00 PM,CHRISTOPHER AVE,NA,Angle,Clear,Dry,Daylight,Traffic Control Signal,NONE DETECTED,Yes,No Apparent Injury,Failed to Yield Right-of-Way,Unknown,MD,Passenger Car,Turning Left,30,No,2016,MAZDA,MAZDA3,39.15794467,-77.204637,2025,6,16
250024728,Injury Crash,06/03/2025 04:55:00 PM,SHADY GROVE RD,NA,"Sideswipe, Same Direction",Clear,Dry,Daylight,Yield Sign,NONE DETECTED,No,Possible Minor Injury,Improper Passing,Not Distracted,MD,Motorcycle - 2 Wheeled,Accelerating,35,No,2021,YAMAHA,MTT890 (TRACER 9),39.12971152,-77.1639969,2025,6,16
250024728,Injury Crash,06/03/2025 04:55:00 PM,SHADY GROVE RD,NA,"Sideswipe, Same Direction",Clear,Dry,Daylight,Yield Sign,NONE DETECTED,No,No Apparent Injury,NA,Not Distracted,MD,Passenger Car,Accelerating,35,No,2012,TOYOTA,CAMRY,39.12971152,-77.1639969,2025,6,16
250024732,Property Damage Crash,06/03/2025 04:53:00 PM,METRORAIL TRACK B2 RAIL,NA,Front to Rear,Clear,Dry,Daylight,No Controls,NONE DETECTED,No,No Apparent Injury,NA,Not Distracted,MD,Bus - Transit,Stopped in Traffic,30,No,2019,NEW FLYER,XCELSIOR,39.009028,-77.04051956,2025,6,16
250024732,Property Damage Crash,06/03/2025 04:53:00 PM,METRORAIL TRACK B2 RAIL,NA,Front to Rear,Clear,Dry,Daylight,No Controls,NONE DETECTED,Yes,No Apparent Injury,NA,Not Distracted,MD,Pickup,Slowing or Stopping,30,No,2011,FORD,F-350,39.009028,-77.04051956,2025,6,16
250024719,Property Damage Crash,06/03/2025 04:44:00 PM,EISENHOWER MEMORIAL HWY,NA,Front to Rear,Clear,Dry,Daylight,No Controls,NONE DETECTED,No,No Apparent Injury,NA,Not Distracted,MD,Sport Utility Vehicle,Slowing or Stopping,55,No,2022,SUBARU,FORESTER,39.16164983,-77.23363683,2025,6,16
250024719,Property Damage Crash,06/03/2025 04:44:00 PM,EISENHOWER MEMORIAL HWY,NA,Front to Rear,Clear,Dry,Daylight,No Controls,NONE DETECTED,No,No Apparent Injury,NA,Not Distracted,MD,Passenger Car,Slowing or Stopping,55,No,2020,TOYOTA,COROLLA,39.16164983,-77.23363683,2025,6,16
250024719,Property Damage Crash,06/03/2025 04:44:00 PM,EISENHOWER MEMORIAL HWY,NA,Front to Rear,Clear,Dry,Daylight,No Controls,NONE DETECTED,Yes,No Apparent Injury,NA,Unknown,MD,Sport Utility Vehicle,Slowing or Stopping,55,No,2016,LEXUS,RX,39.16164983,-77.23363683,2025,6,16
250024720,Property Damage Crash,06/03/2025 04:40:00 PM,HUNGERFORD DR (SB/L),NA,"Sideswipe, Same Direction",Clear,Dry,Daylight,No Controls,NONE DETECTED,No,No Apparent Injury,NA,Not Distracted,MD,Passenger Car,Moving Constant Speed,35,No,2017,TOYOTA,RAV4,39.0908918,-77.15291893,2025,6,16
250024720,Property Damage Crash,06/03/2025 04:40:00 PM,HUNGERFORD DR (SB/L),NA,"Sideswipe, Same Direction",Clear,Dry,Daylight,No Controls,NONE DETECTED,Yes,No Apparent Injury,NA,Not Distracted,MD,Passenger Car,Moving Constant Speed,35,No,2014,TOYOTA,YARIS,39.0908918,-77.15291893,2025,6,16
250024710,Injury Crash,06/03/2025 04:10:00 PM,NA,NA,Front to Rear,Cloudy,Dry,Daylight,No Controls,NONE DETECTED,No,Possible Minor Injury,NA,Not Distracted,MD,Passenger Car,Slowing or Stopping,35,No,2018,LEXUS,ES,39.09180702,-77.19451056,2025,6,16
250024710,Injury Crash,06/03/2025 04:10:00 PM,NA,NA,Front to Rear,Cloudy,Dry,Daylight,No Controls,NONE DETECTED,No,No Apparent Injury,NA,Not Distracted,MD,Sport Utility Vehicle,Slowing or Stopping,35,No,2023,HONDA,HR-V,39.09180702,-77.19451056,2025,6,16
250024710,Injury Crash,06/03/2025 04:10:00 PM,NA,NA,Front to Rear,Cloudy,Dry,Daylight,No Controls,NONE DETECTED,Yes,No Apparent Injury,Followed Too Closely,Not Distracted,MD,Passenger Car,Slowing or Stopping,35,No,2005,HONDA,ACCORD,39.09180702,-77.19451056,2025,6,16
250024703,Injury Crash,06/03/2025 03:56:00 PM,VEIRS MILL RD (WB/L),NA,Angle,Clear,Dry,Daylight,No Controls,NONE DETECTED,Yes,No Apparent Injury,NA,Not Distracted,MD,Other Trucks,Moving Constant Speed,35,No,2014,CHEVROLET,EXPRESS,39.04687781,-77.06736525,2025,6,15
250024703,Injury Crash,06/03/2025 03:56:00 PM,VEIRS MILL RD (WB/L),NA,Angle,Clear,Dry,Daylight,No Controls,NONE DETECTED,No,No Apparent Injury,NA,Not Distracted,MD,Passenger Car,Moving Constant Speed,35,No,2017,JEEP,RENEGADE,39.04687781,-77.06736525,2025,6,15
250024718,Property Damage Crash,06/03/2025 03:26:00 PM,PARKLAWN DR,NA,"Sideswipe, Same Direction",Clear,Dry,Daylight,Traffic Control Signal,NONE DETECTED,No,No Apparent Injury,NA,Not Distracted,MD,Bus - School,Stopped in Traffic,35,No,2020,IC BUS,PB105,39.05358247,-77.10679271,2025,6,15
250024718,Property Damage Crash,06/03/2025 03:26:00 PM,PARKLAWN DR,NA,"Sideswipe, Same Direction",Clear,Dry,Daylight,Traffic Control Signal,NONE DETECTED,No,No Apparent Injury,NA,Not Distracted,MD,Passenger Car,Moving Constant Speed,35,No,2002,TOYOTA,COROLLA,39.05358247,-77.10679271,2025,6,15
250024690,Property Damage Crash,06/03/2025 02:40:00 PM,NA,NA,Angle,Clear,NA,Daylight,NA,NONE DETECTED,Yes,No Apparent Injury,Improper Backing,Unknown,MD,Passenger Car,Backing,0,No,2012,SUBARU,IMPREZA,39.18305013,-77.21540528,2025,6,14
250024690,Property Damage Crash,06/03/2025 02:40:00 PM,NA,NA,Angle,Clear,NA,Daylight,NA,NONE DETECTED,No,No Apparent Injury,NA,Not Distracted,MD,Bus - School,Parked,0,No,2021,FREIGHTLINER,B2 BUS CHASSIS,39.18305013,-77.21540528,2025,6,14
250024678,Injury Crash,06/03/2025 02:09:00 PM,RETAIL PL,NA,Angle,Clear,Dry,Daylight,Stop Sign,NONE DETECTED,Yes,Possible Minor Injury,Failed to Yield Right-of-Way,Not Distracted,MD,Pickup,Turning Left,25,No,2015,TOYOTA,TUNDRA,39.17448296,-77.20499044,2025,6,14
250024678,Injury Crash,06/03/2025 02:09:00 PM,RETAIL PL,NA,Angle,Clear,Dry,Daylight,No Controls,NONE DETECTED,No,Possible Minor Injury,NA,Not Distracted,MD,Passenger Car,Moving Constant Speed,25,No,2016,MITSUBISHI,OUTLANDER SPORT,39.17448296,-77.20499044,2025,6,14
250025648,Property Damage Crash,06/03/2025 02:00:00 PM,W DIAMOND AVE,NA,"Sideswipe, Same Direction",Clear,Dry,Daylight,No Controls,NONE DETECTED,No,No Apparent Injury,NA,Not Distracted,MD,Sport Utility Vehicle,Slowing or Stopping,35,No,2022,TOYOTA,HIGHLANDER,39.14054342,-77.21240647,2025,6,14
250025648,Property Damage Crash,06/03/2025 02:00:00 PM,W DIAMOND AVE,NA,"Sideswipe, Same Direction",Clear,Dry,Daylight,No Controls,NONE DETECTED,No,No Apparent Injury,NA,Not Distracted,MD,Sport Utility Vehicle,Stopped in Traffic,35,No,2024,TOYOTA,RAV4,39.14054342,-77.21240647,2025,6,14
250024662,Injury Crash,06/03/2025 12:56:00 PM,OLD GEORGETOWN RD,NA,"Sideswipe, Same Direction",Clear,Dry,Daylight,Yield Sign,NONE DETECTED,Yes,Possible Minor Injury,NA,Not Distracted,MD,Passenger Car,Entering Traffic Lane,35,No,2018,TOYOTA,RAV4,39.03202952,-77.1259282,2025,6,12
250024662,Injury Crash,06/03/2025 12:56:00 PM,OLD GEORGETOWN RD,NA,"Sideswipe, Same Direction",Clear,Dry,Daylight,No Controls,NONE DETECTED,No,Possible Minor Injury,NA,Not Distracted,MD,Passenger Car,Moving Constant Speed,35,No,2016,TOYOTA,HIGHLANDER,39.03202952,-77.1259282,2025,6,12
250024640,Property Damage Crash,06/03/2025 11:55:00 AM,NA,NA,Angle,Clear,Dry,Daylight,No Controls,NONE DETECTED,No,No Apparent Injury,NA,Not Distracted,MD,Passenger Car,Turning Left,30,No,2023,VOLKSWAGEN,JETTA,39.07348652,-77.13694374,2025,6,11
250024640,Property Damage Crash,06/03/2025 11:55:00 AM,NA,NA,Angle,Clear,Dry,Daylight,No Controls,NONE DETECTED,No,No Apparent Injury,NA,Not Distracted,MD,Sport Utility Vehicle,Moving Constant Speed,30,No,2017,TOYOTA,RAV4,39.07348652,-77.13694374,2025,6,11
250024639,Injury Crash,06/03/2025 11:45:00 AM,NORBECK RD (WB/L),NA,Front to Rear,Clear,Dry,Daylight,No Controls,NONE DETECTED,Yes,Possible Minor Injury,NA,Unknown,MD,Passenger Car,Moving Constant Speed,35,No,2015,TOYOTA,PRIUS C,39.09424372,-77.11760411,2025,6,11
250024639,Injury Crash,06/03/2025 11:45:00 AM,NORBECK RD (WB/L),NA,Front to Rear,Clear,Dry,Daylight,No Controls,NONE DETECTED,No,Possible Minor Injury,NA,Not Distracted,MD,Passenger Car,Slowing or Stopping,35,No,2018,LEXUS,IS,39.09424372,-77.11760411,2025,6,11
250024627,Property Damage Crash,06/03/2025 11:00:00 AM,CLOVERFIELD RD,NA,Angle,Clear,Dry,Daylight,Flashing Traffic Control Signal,NONE DETECTED,No,No Apparent Injury,NA,Not Distracted,MD,Other,Turning Right,25,No,2018,ISUZU,NRR,38.99972267,-77.02184783,2025,6,11
250024627,Property Damage Crash,06/03/2025 11:00:00 AM,CLOVERFIELD RD,NA,Angle,Clear,Dry,Daylight,Stop Sign,NONE DETECTED,No,No Apparent Injury,NA,Not Distracted,MD,Passenger Car,Turning Right,25,No,2015,TOYOTA,HIGHLANDER,38.99972267,-77.02184783,2025,6,11
250024619,Property Damage Crash,06/03/2025 09:30:00 AM,RIDGE DR,NA,Single Vehicle,Clear,Dry,Daylight,No Controls,NONE DETECTED,Yes,No Apparent Injury,NA,Not Distracted,MD,Passenger Car,Accelerating,35,No,2017,FORD,FOCUS,39.14473224,-77.10024769,2025,6,9
250024613,Injury Crash,06/03/2025 08:37:00 AM,FEBRUARY CIR,NA,Angle,Clear,Dry,Daylight,No Controls,NONE DETECTED,Yes,Possible Minor Injury,"Other Improper Action, Too Fast For Conditions",Not Distracted,MD,Passenger Car,Moving Constant Speed,20,No,2016,KIA,OPTIMA,39.0460665,-76.9786375,2025,6,8
250024608,Property Damage Crash,06/03/2025 07:58:00 AM,ROCKVILLE PIKE (SB/L),NA,"Sideswipe, Same Direction",Clear,Dry,Daylight,No Controls,NONE DETECTED,No,No Apparent Injury,NA,Not Distracted,MD,Passenger Car,Moving Constant Speed,40,No,2018,HONDA,CR-V,39.07993333,-77.14356924,2025,6,7
250024608,Property Damage Crash,06/03/2025 07:58:00 AM,ROCKVILLE PIKE (SB/L),NA,"Sideswipe, Same Direction",Clear,Dry,Daylight,No Controls,NONE DETECTED,No,NA,NA,NA,NA,Passenger Car,Moving Constant Speed,40,No,2008,HONDA,PILOT,39.07993333,-77.14356924,2025,6,7
250024598,Property Damage Crash,06/03/2025 06:44:00 AM,OXMOOR PL,NA,Single Vehicle,Clear,Dry,Daylight,No Controls,NONE DETECTED,No,No Apparent Injury,NA,Not Distracted,MD,Passenger Car,Moving Constant Speed,35,No,2024,LEXUS,NX,39.0811456,-77.31945804,2025,6,6
250024557,Injury Crash,06/02/2025 07:30:00 PM,INDEPENDENCE ST,NA,Angle,Clear,Dry,Daylight,Traffic Control Signal,NONE DETECTED,No,No Apparent Injury,NA,Not Distracted,MD,Passenger Car,Turning Left,35,No,2013,SUBARU,OUTBACK,39.07638617,-77.08042433,2025,6,19
250024557,Injury Crash,06/02/2025 07:30:00 PM,INDEPENDENCE ST,NA,Angle,Clear,Dry,Daylight,Traffic Control Signal,NONE DETECTED,Yes,Possible Minor Injury,NA,Unknown,MD,Passenger Car,Moving Constant Speed,35,No,2014,TOYOTA,HIGHLANDER,39.07638617,-77.08042433,2025,6,19
250024110,Property Damage Crash,06/02/2025 06:07:00 PM,MEADOW LA,NA,"Sideswipe, Same Direction",Rain,Wet,Daylight,No Controls,NONE DETECTED,No,NA,NA,NA,NA,NA,NA,15,No,0,NA,NA,38.9835203,-77.08138793,2025,6,18
250024550,Property Damage Crash,06/02/2025 05:45:00 PM,NA,NA,Front to Front,Clear,NA,Daylight,NA,NONE DETECTED,No,NA,NA,NA,NA,Passenger Car,Backing,0,No,2011,HONDA,CIVIC,39.04851,-77.10228883,2025,6,17
250024547,Property Damage Crash,06/02/2025 05:35:00 PM,RIVER RD (WB/L),NA,Angle,Clear,Dry,Daylight,Flashing Traffic Control Signal,NONE DETECTED,Yes,No Apparent Injury,Failed to Yield Right-of-Way,"Other Action (looking away from task, etc.)",MD,Sport Utility Vehicle,Turning Left,40,No,2017,BMW,X3,38.99092433,-77.155417,2025,6,17
250024547,Property Damage Crash,06/02/2025 05:35:00 PM,RIVER RD (WB/L),NA,Angle,Clear,Dry,Daylight,Traffic Control Signal,NONE DETECTED,No,No Apparent Injury,NA,Not Distracted,MD,Passenger Car,Moving Constant Speed,40,No,2001,LEXUS,ES,38.99092433,-77.155417,2025,6,17
250024544,Property Damage Crash,06/02/2025 05:29:00 PM,BRINK RD,NA,Angle,Clear,Dry,Daylight,Traffic Control Signal,NONE DETECTED,No,No Apparent Injury,NA,Not Distracted,MD,Passenger Car,Turning Left,30,No,2020,LEXUS,ES,39.20843497,-77.16927725,2025,6,17
250024544,Property Damage Crash,06/02/2025 05:29:00 PM,BRINK RD,NA,Angle,Clear,Dry,Daylight,Traffic Control Signal,NONE DETECTED,No,No Apparent Injury,NA,Not Distracted,MD,Passenger Car,Moving Constant Speed,30,No,2009,HONDA,ACCORD,39.20843497,-77.16927725,2025,6,17
250024542,Property Damage Crash,06/02/2025 05:00:00 PM,NA,NA,Angle,Clear,Dry,Daylight,Traffic Control Signal,NONE DETECTED,No,No Apparent Injury,NA,Not Distracted,MD,Passenger Car,Moving Constant Speed,35,No,2019,MINI,COUNTRYMAN,39.14939167,-77.01236217,2025,6,17
250024542,Property Damage Crash,06/02/2025 05:00:00 PM,NA,NA,Angle,Clear,Dry,Daylight,Traffic Control Signal,NONE DETECTED,Yes,No Apparent Injury,Failed to Yield Right-of-Way,Not Distracted,MD,Passenger Car,Turning Left,35,No,2025,TOYOTA,COROLLA,39.14939167,-77.01236217,2025,6,17
250024543,Property Damage Crash,06/02/2025 04:59:00 PM,KEY WEST AVE (WB/L),NA,Rear To Side,Clear,Dry,Daylight,Lane Use Control Signal,NONE DETECTED,No,No Apparent Injury,NA,Not Distracted,MD,Other Trucks,Slowing or Stopping,50,No,2022,SEAGRAVE,MARAUDER,39.10364494,-77.1908517,2025,6,16
250024543,Property Damage Crash,06/02/2025 04:59:00 PM,KEY WEST AVE (WB/L),NA,Rear To Side,Clear,Dry,Daylight,Lane Use Control Signal,NONE DETECTED,Yes,No Apparent Injury,Failed to Yield Right-of-Way,"Other Action (looking away from task, etc.)",MD,Pickup,Accelerating,35,No,2015,FORD,F-150,39.10364494,-77.1908517,2025,6,16
250024530,Injury Crash,06/02/2025 04:28:00 PM,FRANKLIN AVE,NA,Front to Rear,Clear,Dry,Daylight,No Controls,NONE DETECTED,No,Possible Minor Injury,NA,Not Distracted,MD,Passenger Car,Stopped in Traffic,30,No,2015,NISSAN,ROGUE,39.01087852,-77.00545688,2025,6,16
250024530,Injury Crash,06/02/2025 04:28:00 PM,FRANKLIN AVE,NA,Front to Rear,Clear,Dry,Daylight,No Controls,NONE DETECTED,Yes,No Apparent Injury,NA,Not Distracted,MD,Passenger Car,Slowing or Stopping,30,No,2011,TOYOTA,RAV4,39.01087852,-77.00545688,2025,6,16