Local Case Number,ACRS Report Type,Crash Date/Time,Road Name,Related Non-Motorist,Collision Type,Weather,Surface Condition,Light,Traffic Control,Driver Substance Abuse,Driver At Fault,Injury Severity,Circumstance,Driver Distracted By,Drivers License State,Vehicle Body Type,Vehicle Movement,Speed Limit,Driverless Vehicle,Vehicle Year,Vehicle Make,Vehicle Model,Latitude,Longitude,Year,Month,Hour
250024524,Property Damage Crash,06/02/2025 03:52:00 PM,FIRST ST (SB/L),NA,Rear To Side,Clear,Dry,Daylight,Traffic Control Signal,NONE DETECTED,No,No Apparent Injury,NA,Not Distracted,MD,Passenger Car,Moving Constant Speed,30,No,2016,TOYOTA,COROLLA,39.07713982,-77.13934566,2025,6,15
250024524,Property Damage Crash,06/02/2025 03:52:00 PM,FIRST ST (SB/L),NA,Rear To Side,Clear,Dry,Daylight,Traffic Control Signal,NONE DETECTED,No,No Apparent Injury,NA,Not Distracted,MD,Passenger Car,Moving Constant Speed,35,No,2010,ACURA,TSX,39.07713982,-77.13934566,2025,6,15
250024522,Property Damage Crash,06/02/2025 03:30:00 PM,CLOPPER RD,NA,"Sideswipe, Same Direction",Clear,Dry,Daylight,Traffic Control Signal,NONE DETECTED,No,No Apparent Injury,NA,Not Distracted,MD,Bus - Transit,Stopped in Traffic,30,No,2009,GILLIG,LOW FLOOR BUS,39.14359045,-77.22373793,2025,6,15
250024522,Property Damage Crash,06/02/2025 03:30:00 PM,CLOPPER RD,NA,"Sideswipe, Same Direction",Clear,Dry,Daylight,Traffic Control Signal,NONE DETECTED,Yes,No Apparent Injury,Other Improper Action,Unknown,MD,Bus - School,Slowing or Stopping,30,No,2014,THOMAS BUILT,HDX,39.14359045,-77.22373793,2025,6,15
250024516,Property Damage Crash,06/02/2025 03:17:00 PM,SHADY GROVE RD,NA,Front to Rear,Clear,Dry,Daylight,Traffic Control Signal,NONE DETECTED,No,NA,NA,NA,NA,Pickup,Accelerating,40,No,2020,CHEVROLET,SILVERADO,39.13097412,-77.16105836,2025,6,15
250024516,Property Damage Crash,06/02/2025 03:17:00 PM,SHADY GROVE RD,NA,Front to Rear,Clear,Dry,Daylight,Traffic Control Signal,NONE DETECTED,No,No Apparent Injury,NA,Not Distracted,MI,Passenger Car,Stopped in Traffic,40,No,2019,AUDI,A3,39.13097412,-77.16105836,2025,6,15
250024516,Property Damage Crash,06/02/2025 03:17:00 PM,SHADY GROVE RD,NA,Front to Rear,Clear,Dry,Daylight,Traffic Control Signal,NONE DETECTED,No,No Apparent Injury,NA,Not Distracted,MD,Passenger Car,Stopped in Traffic,40,No,2015,TOYOTA,SIENNA,39.13097412,-77.16105836,2025,6,15
250024513,Property Damage Crash,06/02/2025 03:15:00 PM,TILDEN LA,NA,"Sideswipe, Same Direction",Clear,Dry,Daylight,Traffic Control Signal,NONE DETECTED,No,No Apparent Injury,NA,Not Distracted,MD,Bus - School,Moving Constant Speed,25,No,2016,THOMAS BUILT,HDX,39.04467533,-77.12140633,2025,6,15
250024513,Property Damage Crash,06/02/2025 03:15:00 PM,TILDEN LA,NA,"Sideswipe, Same Direction",Clear,Dry,Daylight,Traffic Control Signal,NONE DETECTED,No,No Apparent Injury,NA,Not Distracted,MD,Pickup,Slowing or Stopping,25,No,2024,FORD,F-250,39.04467533,-77.12140633,2025,6,15
250024504,Property Damage Crash,06/02/2025 02:58:00 PM,GEORGIA AVE,NA,Front to Rear,Clear,Dry,Daylight,No Controls,NONE DETECTED,No,No Apparent Injury,NA,Not Distracted,MD,Sport Utility Vehicle,Moving Constant Speed,30,No,2016,JEEP,GRAND CHEROKEE,39.02186693,-77.04481399,2025,6,14
250024504,Property Damage Crash,06/02/2025 02:58:00 PM,GEORGIA AVE,NA,Front to Rear,Clear,Dry,Daylight,No Controls,NONE DETECTED,Yes,No Apparent Injury,Followed Too Closely,"Other Action (looking away from task, etc.)",MD,Bus - Transit,Moving Constant Speed,30,No,2022,GILLIG,LOW FLOOR BUS,39.02186693,-77.04481399,2025,6,14
250024504,Property Damage Crash,06/02/2025 02:58:00 PM,GEORGIA AVE,NA,Front to Rear,Clear,Dry,Daylight,No Controls,NONE DETECTED,No,No Apparent Injury,NA,Not Distracted,MD,Passenger Car,Moving Constant Speed,30,No,2016,HONDA,CIVIC,39.02186693,-77.04481399,2025,6,14
250024506,Property Damage Crash,06/02/2025 02:40:00 PM,HUNGERFORD DR (SB/L),NA,Front to Rear,Clear,Dry,Daylight,Traffic Control Signal,NONE DETECTED,Yes,No Apparent Injury,NA,Not Distracted,WV,Bus - Transit,Slowing or Stopping,35,No,2020,GILLIG,CITY TRANSIT BUS,39.09672221,-77.15339507,2025,6,14
250024506,Property Damage Crash,06/02/2025 02:40:00 PM,HUNGERFORD DR (SB/L),NA,Front to Rear,Clear,Dry,Daylight,Traffic Control Signal,NONE DETECTED,No,No Apparent Injury,NA,Not Distracted,MD,Passenger Car,Stopped in Traffic,35,No,2024,SUBARU,IMPREZA,39.09672221,-77.15339507,2025,6,14
250024497,Injury Crash,06/02/2025 02:13:00 PM,GERMANTOWN RD (SB/L),NA,Angle,Clear,Dry,Daylight,No Controls,NONE DETECTED,Yes,No Apparent Injury,Failed to Yield Right-of-Way,Not Distracted,MD,Passenger Car,Changing Lanes,40,No,2012,FORD,FIESTA,39.18156,-77.261555,2025,6,14
250024497,Injury Crash,06/02/2025 02:13:00 PM,GERMANTOWN RD (SB/L),NA,Angle,Clear,Dry,Daylight,No Controls,NONE DETECTED,No,Possible Minor Injury,NA,Not Distracted,AL,Sport Utility Vehicle,Slowing or Stopping,40,No,2014,NISSAN,ROGUE,39.18156,-77.261555,2025,6,14
250024495,Property Damage Crash,06/02/2025 01:58:00 PM,DEMOCRACY BLVD,NA,"Sideswipe, Same Direction",Clear,Dry,Daylight,No Controls,NONE DETECTED,No,No Apparent Injury,NA,Not Distracted,MD,Passenger Car,Moving Constant Speed,35,No,2017,HONDA,CR-V,39.02217983,-77.1471115,2025,6,13
250024495,Property Damage Crash,06/02/2025 01:58:00 PM,DEMOCRACY BLVD,NA,"Sideswipe, Same Direction",Clear,Dry,Daylight,No Controls,NONE DETECTED,Yes,No Apparent Injury,Failed to Keep in Proper Lane,Not Distracted,MD,Passenger Car,Changing Lanes,35,No,2022,DODGE,CHARGER,39.02217983,-77.1471115,2025,6,13
250024520,Property Damage Crash,06/02/2025 01:25:00 PM,VEIRS MILL RD (WB/L),NA,Single Vehicle,Clear,Dry,Daylight,Other Signal,NONE DETECTED,Yes,No Apparent Injury,NA,Unknown,MD,Bus - School,Making U-Turn,30,No,2016,THOMAS BUILT,HDX,39.0417235,-77.058438,2025,6,13
250024476,Injury Crash,06/02/2025 12:15:00 PM,OLD COLUMBIA PIKE,NA,Front to Front,Clear,Dry,Daylight,Traffic Control Signal,NONE DETECTED,No,No Apparent Injury,NA,Not Distracted,MD,Passenger Car,Accelerating,35,No,2007,HONDA,ACCORD,39.06355073,-76.9657458,2025,6,12
250024476,Injury Crash,06/02/2025 12:15:00 PM,OLD COLUMBIA PIKE,NA,Front to Front,Clear,Dry,Daylight,Traffic Control Signal,NONE DETECTED,No,Suspected Serious Injury,NA,Unknown,MD,Passenger Car,Accelerating,35,No,2014,HONDA,PILOT,39.06355073,-76.9657458,2025,6,12
250024435,Injury Crash,06/02/2025 09:15:00 AM,WAKE FORREST DR,NA,Rear To Side,Clear,Dry,Daylight,No Controls,NONE DETECTED,Yes,Possible Minor Injury,NA,Not Distracted,MD,Passenger Car,Backing,20,No,2011,JEEP,GRAND CHEROKEE,39.16250383,-77.2118885,2025,6,9
250024435,Injury Crash,06/02/2025 09:15:00 AM,WAKE FORREST DR,NA,Rear To Side,Clear,Dry,Daylight,No Controls,NONE DETECTED,No,Possible Minor Injury,NA,Not Distracted,MD,Passenger Car,Moving Constant Speed,20,No,2024,NISSAN,KICKS,39.16250383,-77.2118885,2025,6,9
250024420,Property Damage Crash,06/02/2025 06:37:00 AM,LEATHERWOOD TERR,NA,Front to Rear,Clear,Dry,Daylight,No Controls,NONE DETECTED,Yes,No Apparent Injury,NA,Not Distracted,MD,Bus - School,Turning Left,0,No,2015,FREIGHTLINER,B2 BUS CHASSIS,39.09706895,-76.91997629,2025,6,6
250024419,Property Damage Crash,06/02/2025 06:30:00 AM,COLUMBIA PIKE (SB/L),NA,Front to Rear,Clear,Dry,Daylight,No Controls,NONE DETECTED,No,No Apparent Injury,Followed Too Closely,Not Distracted,MD,Passenger Car,Slowing or Stopping,40,No,2016,NISSAN,ROGUE,39.12828374,-76.92194134,2025,6,6
250024421,Property Damage Crash,06/02/2025 06:30:00 AM,RAMP 11 FR RP10 (29 SB) TO FAIRLND RD EB,NA,Front to Rear,Clear,Dry,Daylight,Yield Sign,NONE DETECTED,No,No Apparent Injury,NA,Not Distracted,MD,Pickup,Slowing or Stopping,35,No,2023,FORD,RANGER,39.07485981,-76.95632967,2025,6,6
250024421,Property Damage Crash,06/02/2025 06:30:00 AM,RAMP 11 FR RP10 (29 SB) TO FAIRLND RD EB,NA,Front to Rear,Clear,Dry,Daylight,Yield Sign,NONE DETECTED,Yes,No Apparent Injury,NA,Not Distracted,NA,Passenger Car,Moving Constant Speed,35,No,2015,HONDA,CIVIC,39.07485981,-76.95632967,2025,6,6
250024419,Property Damage Crash,06/02/2025 06:30:00 AM,COLUMBIA PIKE (SB/L),NA,Front to Rear,Clear,Dry,Daylight,No Controls,NONE DETECTED,No,No Apparent Injury,NA,Not Distracted,MD,Passenger Car,Slowing or Stopping,40,No,2022,TOYOTA,HIGHLANDER,39.12828374,-76.92194134,2025,6,6
250024418,Property Damage Crash,06/02/2025 06:00:00 AM,METRORAIL TRACK B1 RAIL,NA,"Sideswipe, Same Direction",Clear,Dry,Daylight,No Controls,NONE DETECTED,No,No Apparent Injury,NA,Not Distracted,VA,Bus - Transit,Moving Constant Speed,30,No,2016,GILLIG,CITY TRANSIT BUS,39.012423,-77.0415435,2025,6,6
250024418,Property Damage Crash,06/02/2025 06:00:00 AM,METRORAIL TRACK B1 RAIL,NA,"Sideswipe, Same Direction",Clear,Dry,Daylight,No Controls,NONE DETECTED,No,NA,NA,NA,NA,Truck Tractor,Changing Lanes,30,No,0,NA,NA,39.012423,-77.0415435,2025,6,6
250024413,Property Damage Crash,06/02/2025 12:05:00 AM,KENDALL ST,NA,Single Vehicle,Clear,Dry,Medium,No Controls,NONE DETECTED,Yes,No Apparent Injury,NA,Unknown,MD,Sport Utility Vehicle,Moving Constant Speed,30,No,2013,FORD,ESCAPE,39.05504917,-77.062014,2025,6,0
250024410,Property Damage Crash,06/01/2025 11:30:00 PM,RUATAN ST,NA,Front to Rear,Clear,Dry,Medium,No Controls,ALCOHOL PRESENT,Yes,No Apparent Injury,NA,Unknown,MD,Passenger Car,Moving Constant Speed,35,No,2007,TOYOTA,SCION TC,38.99822644,-76.99018344,2025,6,23
250024406,Injury Crash,06/01/2025 10:43:00 PM,NA,NA,Other,Clear,Dry,Medium,Traffic Control Signal,NONE DETECTED,No,No Apparent Injury,NA,Not Distracted,MD,Passenger Car,Stopped in Traffic,35,No,2015,KIA,FORTE,39.11519998,-77.21572532,2025,6,22
250024406,Injury Crash,06/01/2025 10:43:00 PM,NA,NA,Other,Clear,Dry,Medium,Traffic Control Signal,NONE DETECTED,No,Possible Minor Injury,NA,Unknown,VA,Passenger Car,Moving Constant Speed,35,No,2016,HONDA,CIVIC,39.11519998,-77.21572532,2025,6,22
250024406,Injury Crash,06/01/2025 10:43:00 PM,NA,NA,Other,Clear,Dry,Medium,Traffic Control Signal,NONE DETECTED,Yes,No Apparent Injury,NA,Not Distracted,MD,Passenger Car,Turning Left,35,No,2007,HONDA,CIVIC,39.11519998,-77.21572532,2025,6,22
250024395,Property Damage Crash,06/01/2025 09:20:00 PM,NA,NA,Single Vehicle,Clear,NA,Medium,NA,ALCOHOL PRESENT,Yes,No Apparent Injury,NA,Unknown,VA,Passenger Car,Backing,0,No,2018,MITSUBISHI,MIRAGE G4,38.99328466,-77.02512543,2025,6,21
250024396,Property Damage Crash,06/01/2025 09:13:00 PM,GERMANTOWN RD (SB/L),NA,"Sideswipe, Same Direction",Clear,Dry,Medium,"Other Pavement Marking (excluding edgelines, centerlines, or lane lines)",NONE DETECTED,No,NA,NA,NA,NA,Passenger Car,Moving Constant Speed,40,No,0,NA,NA,39.183918,-77.25556517,2025,6,21
250024396,Property Damage Crash,06/01/2025 09:13:00 PM,GERMANTOWN RD (SB/L),NA,"Sideswipe, Same Direction",Clear,Dry,Medium,"Other Pavement Marking (excluding edgelines, centerlines, or lane lines)",NONE DETECTED,No,No Apparent Injury,NA,Not Distracted,MD,Passenger Car,Moving Constant Speed,40,No,2019,VOLKSWAGEN,JETTA,39.183918,-77.25556517,2025,6,21
250024388,Property Damage Crash,06/01/2025 08:30:00 PM,MAPLE AVE,NA,Other,Clear,Dry,Medium,No Controls,NONE DETECTED,Yes,No Apparent Injury,NA,Unknown,MD,Van - Passenger (&lt;9 Seats),NA,25,No,2007,TOYOTA,SIENNA,38.98367025,-77.00599171,2025,6,20
250024390,Property Damage Crash,06/01/2025 08:00:00 PM,NA,NA,Angle,Clear,Dry,Medium,Stop Sign,NONE DETECTED,Yes,No Apparent Injury,Failed to Yield Right-of-Way,Not Distracted,MD,Passenger Car,Turning Left,30,No,2025,TOYOTA,COROLLA CROSS,39.117281,-76.969329,2025,6,20
250024390,Property Damage Crash,06/01/2025 08:00:00 PM,NA,NA,Angle,Clear,Dry,Medium,No Controls,NONE DETECTED,No,No Apparent Injury,NA,Not Distracted,MD,Passenger Car,Moving Constant Speed,40,No,2011,TOYOTA,COROLLA,39.117281,-76.969329,2025,6,20
250024376,Property Damage Crash,06/01/2025 07:05:00 PM,RAMP 3 FR MD 189 EB TO IS 270 NB,NA,Front to Rear,Cloudy,Dry,Daylight,No Controls,NONE DETECTED,No,No Apparent Injury,NA,Not Distracted,MD,Passenger Car,Moving Constant Speed,55,No,2018,TOYOTA,4-RUNNER,39.07553079,-77.16608415,2025,6,19
250024376,Property Damage Crash,06/01/2025 07:05:00 PM,RAMP 3 FR MD 189 EB TO IS 270 NB,NA,Front to Rear,Cloudy,Dry,Daylight,No Controls,ALCOHOL PRESENT,Yes,No Apparent Injury,NA,Not Distracted,MD,Passenger Car,Moving Constant Speed,55,No,2015,AUDI,A3,39.07553079,-77.16608415,2025,6,19
250024386,Property Damage Crash,06/01/2025 05:45:00 PM,NA,NA,"Sideswipe, Same Direction",Clear,NA,Daylight,NA,NONE DETECTED,Yes,No Apparent Injury,Improper Turn,Unknown,MD,Sport Utility Vehicle,Turning Left,0,No,2022,HYUNDAI,TUCSON,39.0181943,-77.21110989,2025,6,17
250024365,Injury Crash,06/01/2025 05:17:00 PM,DAMASCUS RD,NA,Front to Rear,Clear,Dry,Daylight,No Controls,NONE DETECTED,No,No Apparent Injury,NA,Not Distracted,MD,Passenger Car,Moving Constant Speed,40,No,2016,HONDA,CIVIC,39.26675,-77.15101833,2025,6,17
250024365,Injury Crash,06/01/2025 05:17:00 PM,DAMASCUS RD,NA,Front to Rear,Clear,Dry,Daylight,No Controls,NONE DETECTED,Yes,Possible Minor Injury,NA,Not Distracted,MD,Sport Utility Vehicle,Stopped in Traffic,40,No,2014,FORD,ESCAPE,39.26675,-77.15101833,2025,6,17
250024368,Property Damage Crash,06/01/2025 05:06:00 PM,OMEGA DR,NA,Single Vehicle,Clear,Dry,Daylight,No Controls,NONE DETECTED,Yes,No Apparent Injury,NA,Not Distracted,NA,Sport Utility Vehicle,Moving Constant Speed,35,No,2021,TOYOTA,RAV4,39.11149188,-77.192188,2025,6,17
250024361,Property Damage Crash,06/01/2025 05:00:00 PM,COLESVILLE RD,NA,Front to Rear,Clear,Dry,Daylight,Traffic Control Signal,NONE DETECTED,No,No Apparent Injury,NA,Not Distracted,MD,Passenger Car,Slowing or Stopping,30,No,2013,BUICK,VERANO,38.99602043,-77.02831105,2025,6,17
250024361,Property Damage Crash,06/01/2025 05:00:00 PM,COLESVILLE RD,NA,Front to Rear,Clear,Dry,Daylight,Traffic Control Signal,NONE DETECTED,No,No Apparent Injury,NA,Not Distracted,MD,Bus - Transit,Slowing or Stopping,30,No,2013,GILLIG,LOW FLOOR BUS,38.99602043,-77.02831105,2025,6,17
250024358,Property Damage Crash,06/01/2025 04:31:00 PM,GERMANTOWN RD (SB/L),NA,Rear To Side,Clear,Dry,Daylight,Traffic Control Signal,NONE DETECTED,No,No Apparent Injury,NA,Not Distracted,MD,Pickup,Moving Constant Speed,40,No,2025,CHEVROLET,SILVERADO HD,39.19226827,-77.24272641,2025,6,16
250024358,Property Damage Crash,06/01/2025 04:31:00 PM,GERMANTOWN RD (SB/L),NA,Rear To Side,Clear,Dry,Daylight,Traffic Control Signal,NONE DETECTED,Yes,No Apparent Injury,NA,Not Distracted,WV,Passenger Car,Changing Lanes,40,No,2014,CHEVROLET,CRUZE,39.19226827,-77.24272641,2025,6,16
250024382,Property Damage Crash,06/01/2025 04:30:00 PM,NA,NA,Rear To Rear,Clear,NA,Daylight,NA,NONE DETECTED,Yes,No Apparent Injury,Improper Backing,Not Distracted,MD,Sport Utility Vehicle,Backing,0,No,2009,TOYOTA,SIENNA,39.08557171,-77.17938255,2025,6,16
250024382,Property Damage Crash,06/01/2025 04:30:00 PM,NA,NA,Rear To Rear,Clear,NA,Daylight,NA,NONE DETECTED,No,NA,NA,NA,NA,Passenger Car,Parked,0,No,2024,TOYOTA,PRIUS PRIME,39.08557171,-77.17938255,2025,6,16
250024355,Property Damage Crash,06/01/2025 04:15:00 PM,NA,NA,Rear To Side,Clear,NA,Daylight,NA,NONE DETECTED,No,No Apparent Injury,NA,Not Distracted,NA,Passenger Car,Backing,0,No,2009,TOYOTA,COROLLA,39.14098941,-77.195946180000007,2025,6,16
250024349,Property Damage Crash,06/01/2025 03:14:00 PM,RAMP 6 FR IS 495 EB TO MD 97 SB,NA,Front to Rear,Clear,Dry,Daylight,No Controls,NONE DETECTED,No,No Apparent Injury,NA,Not Distracted,TN,Passenger Car,Slowing or Stopping,25,No,2023,TESLA,MODEL 3,39.01260822,-77.04210921,2025,6,15
250024349,Property Damage Crash,06/01/2025 03:14:00 PM,RAMP 6 FR IS 495 EB TO MD 97 SB,NA,Front to Rear,Clear,Dry,Daylight,No Controls,NONE DETECTED,No,NA,NA,NA,NA,Passenger Car,Changing Lanes,25,No,2012,HONDA,CIVIC,39.01260822,-77.04210921,2025,6,15
250024338,Injury Crash,06/01/2025 01:59:00 PM,ABERDEEN RD,NA,Rear To Side,Clear,Dry,Daylight,Stop Sign,NONE DETECTED,Yes,Possible Minor Injury,NA,Not Distracted,VA,Sport Utility Vehicle,Entering Traffic Lane,25,No,2023,BMW,X1,38.99133838,-77.11771523,2025,6,13
250024338,Injury Crash,06/01/2025 01:59:00 PM,ABERDEEN RD,NA,Rear To Side,Clear,Dry,Daylight,No Controls,NONE DETECTED,No,Possible Minor Injury,NA,Not Distracted,MD,Sport Utility Vehicle,Moving Constant Speed,30,No,2010,AUDI,Q5,38.99133838,-77.11771523,2025,6,13
250024341,Property Damage Crash,06/01/2025 01:58:00 PM,NA,NA,Rear To Rear,Clear,NA,Daylight,NA,NONE DETECTED,No,NA,NA,NA,NA,Passenger Car,Backing,0,No,2021,HYUNDAI,ELANTRA,39.15413886,-77.06734877,2025,6,13
250024341,Property Damage Crash,06/01/2025 01:58:00 PM,NA,NA,Rear To Rear,Clear,NA,Daylight,NA,NONE DETECTED,No,No Apparent Injury,NA,Not Distracted,MD,Passenger Car,Parked,0,No,2016,FORD,FUSION,39.15413886,-77.06734877,2025,6,13
250024340,Fatal Crash,06/01/2025 01:57:00 PM,NA,Cyclist (non-electric),Single Vehicle,Cloudy,Dry,Daylight,No Controls,NONE DETECTED,Yes,No Apparent Injury,Other Improper Action,Unknown,MD,Sport Utility Vehicle,Backing,25,No,2015,MERCEDES-BENZ,ML-CLASS,39.10823815,-77.07324083,2025,6,13
250024333,Property Damage Crash,06/01/2025 01:08:00 PM,MONTGOMERY VILLAGE AVE (SB/L),NA,Front to Rear,Clear,Dry,Daylight,No Controls,NONE DETECTED,Yes,No Apparent Injury,Followed Too Closely,Unknown,MD,Passenger Car,Slowing or Stopping,35,No,2016,FORD,TAURUS,39.15538802,-77.20815799,2025,6,13
250024333,Property Damage Crash,06/01/2025 01:08:00 PM,MONTGOMERY VILLAGE AVE (SB/L),NA,Front to Rear,Clear,Dry,Daylight,No Controls,NONE DETECTED,No,No Apparent Injury,NA,Unknown,MD,Sport Utility Vehicle,Slowing or Stopping,35,No,2007,TOYOTA,SEQUOIA,39.15538802,-77.20815799,2025,6,13
250024332,Injury Crash,06/01/2025 01:00:00 PM,NA,Pedestrian,Single Vehicle,Clear,NA,Daylight,NA,NONE DETECTED,Yes,No Apparent Injury,NA,Not Distracted,MD,Pickup,Accelerating,0,No,2022,RAM,1500,39.16390915,-77.1133819,2025,6,13
250024313,Injury Crash,06/01/2025 10:00:00 AM,ROCKVILLE PIKE (SB/L),Cyclist (non-electric),Single Vehicle,Clear,Dry,Daylight,Stop Sign,NONE DETECTED,Yes,No Apparent Injury,Failed to Yield Right-of-Way,Not Distracted,MD,Passenger Car,Turning Right,35,No,2007,TOYOTA,PRIUS,39.03703533,-77.1080595,2025,6,10
250024525,Property Damage Crash,06/01/2025 07:40:00 AM,NA,NA,"Sideswipe, Same Direction",Clear,NA,Daylight,NA,NONE DETECTED,Yes,No Apparent Injury,NA,Unknown,MD,Passenger Car,Accelerating,0,No,2013,HONDA,ACCORD,39.16469366,-77.16382067,2025,6,7
250024300,Property Damage Crash,06/01/2025 04:59:00 AM,SHADY GROVE RD,NA,Angle,Clear,Dry,Medium,Traffic Control Signal,ALCOHOL PRESENT,Yes,No Apparent Injury,NA,Not Distracted,MD,Passenger Car,Slowing or Stopping,45,No,2018,CHEVROLET,EQUINOX,39.1486173,-77.14687264,2025,6,4
250024300,Property Damage Crash,06/01/2025 04:59:00 AM,SHADY GROVE RD,NA,Angle,Clear,Dry,Medium,Traffic Control Signal,NONE DETECTED,No,No Apparent Injury,NA,Unknown,MD,Passenger Car,Changing Lanes,45,No,2016,MERCEDES-BENZ,C-CLASS,39.1486173,-77.14687264,2025,6,4
250024287,Property Damage Crash,06/01/2025 12:51:00 AM,NA,NA,Angle,Clear,NA,Medium,NA,NONE DETECTED,No,NA,NA,NA,NA,Van - Passenger (&lt;9 Seats),Backing,0,No,2002,CHEVROLET,EXPRESS,38.99146203,-77.01324555,2025,6,0
250024287,Property Damage Crash,06/01/2025 12:51:00 AM,NA,NA,Angle,Clear,NA,Medium,NA,ALCOHOL PRESENT,No,No Apparent Injury,NA,Not Distracted,MD,Passenger Car,Parked,0,No,2000,NISSAN,MAXIMA,38.99146203,-77.01324555,2025,6,0
250024285,Property Damage Crash,05/31/2025 11:57:00 PM,REDLAND RD,NA,Single Vehicle,Clear,Dry,Dark,No Controls,NONE DETECTED,No,No Apparent Injury,Ran Off Roadway,Unknown,MD,Passenger Car,Moving Constant Speed,35,No,2017,NISSAN,ALTIMA,39.140206,-77.14359133,2025,5,23
250024283,Property Damage Crash,05/31/2025 11:53:00 PM,MIDCOUNTY HWY (SB/L),NA,Single Vehicle,Clear,Dry,Dark,No Controls,NONE DETECTED,No,No Apparent Injury,NA,Not Distracted,MD,Passenger Car,Moving Constant Speed,45,No,2025,TOYOTA,CAMRY,39.1585765,-77.19517983,2025,5,23
250024276,Property Damage Crash,05/31/2025 10:48:00 PM,MUNCASTER MILL RD (WB/L),NA,Front to Rear,Clear,Dry,Medium,No Controls,NONE DETECTED,No,No Apparent Injury,NA,Not Distracted,MD,Passenger Car,Moving Constant Speed,40,No,2022,VOLVO,XC60,39.10926297,-77.08041915,2025,5,22
250024276,Property Damage Crash,05/31/2025 10:48:00 PM,MUNCASTER MILL RD (WB/L),NA,Front to Rear,Clear,Dry,Medium,No Controls,NONE DETECTED,Yes,No Apparent Injury,"Improper Backing, Operated Motor Vehicle in Inattentive, Careless, Negligent, or Erratic Manner, Operated Motor Vehicle in Reckless or Aggressive Manner",Not Distracted,MD,Passenger Car,Backing,40,No,2013,LEXUS,RX,39.10926297,-77.08041915,2025,5,22
250024266,Property Damage Crash,05/31/2025 09:18:00 PM,NA,NA,Front to Front,Clear,NA,Daylight,NA,NONE DETECTED,Yes,No Apparent Injury,NA,Unknown,TX,Passenger Car,Slowing or Stopping,0,No,2007,FORD,EXPEDITION,39.14993415,-77.19084751,2025,5,21
250024264,Property Damage Crash,05/31/2025 09:12:00 PM,NA,NA,Front to Rear,Clear,NA,Dark,NA,NONE DETECTED,No,No Apparent Injury,NA,Unknown,DC,Passenger Car,NA,0,No,2016,LAND ROVER,RANGE ROVER SPORT,39.05969883,-77.0501865,2025,5,21
250024264,Property Damage Crash,05/31/2025 09:12:00 PM,NA,NA,Front to Rear,Clear,NA,Dark,NA,NONE DETECTED,Yes,No Apparent Injury,NA,Unknown,NA,Passenger Car,NA,0,No,2011,HONDA,ACCORD,39.05969883,-77.0501865,2025,5,21
250024255,Injury Crash,05/31/2025 08:00:00 PM,RIVER RD,NA,Front to Front,Clear,Dry,Daylight,No Controls,NONE DETECTED,No,Possible Minor Injury,"Swerved or Avoided Due to Wind, Slippery Surface, Motor Vehicle, Object, Non-Motorist in Roadway, etc",Unknown,MD,Sport Utility Vehicle,Slowing or Stopping,40,No,2011,LEXUS,RX,39.01131537,-77.19880209,2025,5,20
250024255,Injury Crash,05/31/2025 08:00:00 PM,RIVER RD,NA,Front to Front,Clear,Dry,Daylight,No Controls,NONE DETECTED,Yes,Possible Minor Injury,"Improper Passing, Over-Correcting/Over-Steering",Unknown,VA,Single-Unit Truck,Overtaking/Passing,40,No,2024,FREIGHTLINER,M2,39.01131537,-77.19880209,2025,5,20
250024251,Property Damage Crash,05/31/2025 06:50:00 PM,MIDDLE RD,NA,Front to Rear,Clear,Dry,Daylight,No Controls,NONE DETECTED,Yes,NA,NA,NA,NA,Passenger Car,Moving Constant Speed,25,No,2024,TOYOTA,CAMRY,39.0560721,-77.0864167,2025,5,18
250024251,Property Damage Crash,05/31/2025 06:50:00 PM,MIDDLE RD,NA,Front to Rear,Clear,Dry,Daylight,No Controls,NONE DETECTED,No,No Apparent Injury,NA,Not Distracted,MD,Passenger Car,Parked,25,No,2010,NISSAN,ALTIMA,39.0560721,-77.0864167,2025,5,18
250024245,Injury Crash,05/31/2025 06:30:00 PM,WAYNE AVE,NA,Angle,Clear,Dry,Daylight,Traffic Control Signal,NONE DETECTED,No,No Apparent Injury,NA,Not Distracted,NC,Passenger Car,Changing Lanes,30,No,2011,HONDA,PILOT,38.99449971,-77.02675135,2025,5,18