Local Case Number,ACRS Report Type,Crash Date/Time,Road Name,Related Non-Motorist,Collision Type,Weather,Surface Condition,Light,Traffic Control,Driver Substance Abuse,Driver At Fault,Injury Severity,Circumstance,Driver Distracted By,Drivers License State,Vehicle Body Type,Vehicle Movement,Speed Limit,Driverless Vehicle,Vehicle Year,Vehicle Make,Vehicle Model,Latitude,Longitude,Year,Month,Hour
250024245,Injury Crash,05/31/2025 06:30:00 PM,WAYNE AVE,NA,Angle,Clear,Dry,Daylight,Traffic Control Signal,NONE DETECTED,No,Possible Minor Injury,NA,Not Distracted,MD,Passenger Car,Moving Constant Speed,30,No,2010,CHEVROLET,EQUINOX,38.99449971,-77.02675135,2025,5,18
250024242,Property Damage Crash,05/31/2025 06:03:00 PM,NA,NA,Angle,Clear,NA,Daylight,NA,NONE DETECTED,No,No Apparent Injury,NA,Not Distracted,MD,Passenger Car,Moving Constant Speed,0,No,2022,TESLA,MODEL 3,39.1806415,-77.27607783,2025,5,18
250024242,Property Damage Crash,05/31/2025 06:03:00 PM,NA,NA,Angle,Clear,NA,Daylight,NA,NONE DETECTED,No,No Apparent Injury,NA,Not Distracted,MD,Passenger Car,Turning Left,0,No,2017,FORD,EXPEDITION EL,39.1806415,-77.27607783,2025,5,18
250024241,Property Damage Crash,05/31/2025 05:24:00 PM,MEADOW HALL DR,NA,Front to Rear,Clear,Wet,Daylight,No Controls,NONE DETECTED,No,No Apparent Injury,NA,Not Distracted,MD,Passenger Car,Slowing or Stopping,35,No,2019,KIA,FORTE,39.07425334,-77.11373785,2025,5,17
250024241,Property Damage Crash,05/31/2025 05:24:00 PM,MEADOW HALL DR,NA,Front to Rear,Clear,Wet,Daylight,No Controls,ALCOHOL PRESENT,No,No Apparent Injury,NA,Not Distracted,MD,Passenger Car,Slowing or Stopping,35,No,2013,HONDA,CIVIC,39.07425334,-77.11373785,2025,5,17
250024233,Property Damage Crash,05/31/2025 04:30:00 PM,NA,NA,Single Vehicle,Rain,NA,Daylight,NA,NONE DETECTED,Yes,No Apparent Injury,"Operated Motor Vehicle in Inattentive, Careless, Negligent, or Erratic Manner",Not Distracted,MD,Other,Moving Constant Speed,0,No,2008,SPARTAN MOTORS CHASS,GLADIATOR,39.03554758,-77.05434693,2025,5,16
250024234,Injury Crash,05/31/2025 04:00:00 PM,ROCKVILLE PIKE,NA,"Sideswipe, Same Direction",Clear,Wet,Daylight,Traffic Control Signal,NONE DETECTED,No,No Apparent Injury,NA,Unknown,MD,Pickup,Changing Lanes,35,No,2009,DODGE,RAM,39.04085018,-77.10969127,2025,5,16
250024234,Injury Crash,05/31/2025 04:00:00 PM,ROCKVILLE PIKE,NA,"Sideswipe, Same Direction",Clear,Wet,Daylight,Traffic Control Signal,NONE DETECTED,No,Possible Minor Injury,NA,Unknown,VA,Passenger Car,Moving Constant Speed,35,No,2008,HONDA,CIVIC,39.04085018,-77.10969127,2025,5,16
250024230,Property Damage Crash,05/31/2025 03:53:00 PM,FREDERICK RD,NA,Single Vehicle,Cloudy,Dry,Daylight,No Controls,ALCOHOL PRESENT,Yes,No Apparent Injury,Over-Correcting/Over-Steering,Unknown,MD,Sport Utility Vehicle,NA,30,No,2018,LEXUS,RX,39.2839491,-77.31512455,2025,5,15
250024221,Property Damage Crash,05/31/2025 03:38:00 PM,NA,NA,Front to Rear,Clear,Wet,Daylight,Traffic Control Signal,NONE DETECTED,No,No Apparent Injury,NA,Not Distracted,MD,Passenger Car,Stopped in Traffic,40,No,2020,HONDA,CR-V,39.15414441,-77.25405083,2025,5,15
250024221,Property Damage Crash,05/31/2025 03:38:00 PM,NA,NA,Front to Rear,Clear,Wet,Daylight,Traffic Control Signal,NONE DETECTED,No,No Apparent Injury,NA,Not Distracted,MD,Passenger Car,Stopped in Traffic,40,No,2015,TOYOTA,TACOMA,39.15414441,-77.25405083,2025,5,15
250024221,Property Damage Crash,05/31/2025 03:38:00 PM,NA,NA,Front to Rear,Clear,Wet,Daylight,Traffic Control Signal,NONE DETECTED,Yes,No Apparent Injury,NA,Unknown,MD,Passenger Car,Moving Constant Speed,40,No,2004,HONDA,ACCORD,39.15414441,-77.25405083,2025,5,15
250024217,Property Damage Crash,05/31/2025 02:55:00 PM,N WASHINGTON ST,NA,Front to Rear,Rain,Wet,Daylight,Traffic Control Signal,NONE DETECTED,No,No Apparent Injury,NA,Not Distracted,MD,Passenger Car,Slowing or Stopping,25,No,2012,HONDA,CIVIC,39.09184684,-77.15333638,2025,5,14
250024217,Property Damage Crash,05/31/2025 02:55:00 PM,N WASHINGTON ST,NA,Front to Rear,Rain,Wet,Daylight,Traffic Control Signal,NONE DETECTED,No,No Apparent Injury,NA,Not Distracted,MD,Sport Utility Vehicle,Slowing or Stopping,25,No,2004,NISSAN,XTERRA,39.09184684,-77.15333638,2025,5,14
250024216,Injury Crash,05/31/2025 02:47:00 PM,HALPINE RD (EB/L),NA,Angle,Rain,Wet,Daylight,Traffic Control Signal,NONE DETECTED,No,Possible Minor Injury,NA,Not Distracted,MD,Passenger Car,Turning Left,35,No,2020,TESLA,MODEL Y,39.06188037,-77.12400645,2025,5,14
250024216,Injury Crash,05/31/2025 02:47:00 PM,HALPINE RD (EB/L),NA,Angle,Rain,Wet,Daylight,Traffic Control Signal,NONE DETECTED,Yes,No Apparent Injury,"Other Improper Action, Ran Red Light",Not Distracted,MD,Passenger Car,Accelerating,35,No,2010,CHEVROLET,MALIBU,39.06188037,-77.12400645,2025,5,14
250024222,Property Damage Crash,05/31/2025 02:41:00 PM,PINEY BRANCH RD,NA,Rear To Side,Cloudy,Dry,Daylight,No Controls,NONE DETECTED,No,No Apparent Injury,NA,Not Distracted,MD,Sport Utility Vehicle,Moving Constant Speed,10,No,2022,FORD,EXPLORER,38.9994254,-76.9964331,2025,5,14
250024222,Property Damage Crash,05/31/2025 02:41:00 PM,PINEY BRANCH RD,NA,Rear To Side,Cloudy,Dry,Daylight,No Controls,NONE DETECTED,Yes,No Apparent Injury,Improper Backing,"Other Action (looking away from task, etc.)",NA,Passenger Car,Backing,10,No,2012,TOYOTA,CAMRY,38.9994254,-76.9964331,2025,5,14
250024211,Injury Crash,05/31/2025 02:13:00 PM,E JEFFERSON ST,NA,Rear To Side,Clear,Dry,Daylight,No Controls,NONE DETECTED,Yes,No Apparent Injury,Failed to Yield Right-of-Way,Unknown,MD,Passenger Car,Turning Left,30,No,2018,FORD,FOCUS,39.05790167,-77.126263,2025,5,14
250024211,Injury Crash,05/31/2025 02:13:00 PM,E JEFFERSON ST,NA,Rear To Side,Clear,Dry,Daylight,No Controls,NONE DETECTED,No,No Apparent Injury,NA,Not Distracted,MD,Sport Utility Vehicle,Moving Constant Speed,35,No,2018,AUDI,Q5,39.05790167,-77.126263,2025,5,14
250024210,Injury Crash,05/31/2025 02:00:00 PM,WIGHTMAN RD,NA,Front to Rear,Clear,Dry,Daylight,No Controls,NONE DETECTED,Yes,No Apparent Injury,NA,Unknown,MD,Passenger Car,Moving Constant Speed,35,No,2010,LEXUS,HS,39.18802096,-77.18748943,2025,5,14
250024210,Injury Crash,05/31/2025 02:00:00 PM,WIGHTMAN RD,NA,Front to Rear,Clear,Dry,Daylight,No Controls,NONE DETECTED,No,Possible Minor Injury,NA,Not Distracted,MD,Passenger Car,Stopped in Traffic,35,No,2021,FORD,BRONCO SPORT,39.18802096,-77.18748943,2025,5,14
250024205,Property Damage Crash,05/31/2025 01:50:00 PM,MASSACHUSETTS AVE,NA,Angle,Clear,Wet,Daylight,Traffic Control Signal,NONE DETECTED,No,No Apparent Injury,NA,Not Distracted,MD,Passenger Car,Moving Constant Speed,35,No,2021,TOYOTA,COROLLA,38.95822081,-77.10965686,2025,5,13
250024205,Property Damage Crash,05/31/2025 01:50:00 PM,MASSACHUSETTS AVE,NA,Angle,Clear,Wet,Daylight,Traffic Control Signal,NONE DETECTED,Yes,No Apparent Injury,NA,"Other Action (looking away from task, etc.)",MD,Passenger Car,Turning Left,35,No,2012,TOYOTA,PRIUS,38.95822081,-77.10965686,2025,5,13
250024207,Injury Crash,05/31/2025 01:43:00 PM,DEMOCRACY BLVD,NA,Front to Rear,Clear,Wet,Daylight,No Controls,NONE DETECTED,No,Possible Minor Injury,NA,Not Distracted,VA,Passenger Car,Stopped in Traffic,35,No,2019,HONDA,ACCORD,39.02329667,-77.15830067,2025,5,13
250024207,Injury Crash,05/31/2025 01:43:00 PM,DEMOCRACY BLVD,NA,Front to Rear,Clear,Wet,Daylight,No Controls,NONE DETECTED,No,No Apparent Injury,NA,Not Distracted,MD,Pickup,Slowing or Stopping,35,No,2019,RAM,1500,39.02329667,-77.15830067,2025,5,13
250024207,Injury Crash,05/31/2025 01:43:00 PM,DEMOCRACY BLVD,NA,Front to Rear,Clear,Wet,Daylight,No Controls,NONE DETECTED,No,No Apparent Injury,NA,Not Distracted,MD,Passenger Car,Stopped in Traffic,35,No,2022,TESLA,MODEL 3,39.02329667,-77.15830067,2025,5,13
250024207,Injury Crash,05/31/2025 01:43:00 PM,DEMOCRACY BLVD,NA,Front to Rear,Clear,Wet,Daylight,No Controls,NONE DETECTED,No,No Apparent Injury,NA,Not Distracted,MD,Pickup,Stopped in Traffic,35,No,2019,FORD,F-150,39.02329667,-77.15830067,2025,5,13
250024207,Injury Crash,05/31/2025 01:43:00 PM,DEMOCRACY BLVD,NA,Front to Rear,Clear,Wet,Daylight,No Controls,NONE DETECTED,No,No Apparent Injury,NA,Not Distracted,MD,Sport Utility Vehicle,Stopped in Traffic,35,No,2023,LAND ROVER,RANGE ROVER,39.02329667,-77.15830067,2025,5,13
250024196,Injury Crash,05/31/2025 12:13:00 PM,GEORGIA AVE (SB/L),NA,Front to Rear,Cloudy,Wet,Daylight,Traffic Control Signal,NONE DETECTED,No,Possible Minor Injury,NA,Not Distracted,MD,Passenger Car,Stopped in Traffic,40,No,2018,MAZDA,MAZDA3,39.10961053,-77.07610146,2025,5,12
250024196,Injury Crash,05/31/2025 12:13:00 PM,GEORGIA AVE (SB/L),NA,Front to Rear,Cloudy,Wet,Daylight,Traffic Control Signal,NONE DETECTED,No,NA,NA,NA,NA,Passenger Car,Stopped in Traffic,40,No,2005,NISSAN,350Z,39.10961053,-77.07610146,2025,5,12
250024203,Injury Crash,05/31/2025 11:58:00 AM,NA,NA,Front to Rear,Rain,NA,Daylight,No Controls,NONE DETECTED,Yes,No Apparent Injury,"Failed to Keep in Proper Lane, Improper Turn",Unknown,MD,Single-Unit Truck,Turning Right,50,No,2019,INTERNATIONAL,4200,39.2156955,-77.17306667,2025,5,11
250024203,Injury Crash,05/31/2025 11:58:00 AM,NA,NA,Front to Rear,Rain,NA,Daylight,No Controls,NONE DETECTED,No,Possible Minor Injury,NA,Unknown,MD,Passenger Car,Slowing or Stopping,50,No,1997,LEXUS,ES,39.2156955,-77.17306667,2025,5,11
250024203,Injury Crash,05/31/2025 11:58:00 AM,NA,NA,Front to Rear,Rain,NA,Daylight,No Controls,NONE DETECTED,No,No Apparent Injury,NA,Unknown,MD,Sport Utility Vehicle,Stopped in Traffic,50,No,2013,CADILLAC,SRX,39.2156955,-77.17306667,2025,5,11
250024191,Injury Crash,05/31/2025 11:47:00 AM,FREDERICK RD (SB/L),NA,Front to Rear,Cloudy,Dry,Daylight,Traffic Control Signal,NONE DETECTED,No,Possible Minor Injury,NA,Not Distracted,MD,Sport Utility Vehicle,Slowing or Stopping,40,No,2023,HYUNDAI,TUCSON,39.17173785,-77.2361199,2025,5,11
250024191,Injury Crash,05/31/2025 11:47:00 AM,FREDERICK RD (SB/L),NA,Front to Rear,Cloudy,Dry,Daylight,Traffic Control Signal,NONE DETECTED,Yes,No Apparent Injury,Followed Too Closely,Not Distracted,MD,Passenger Car,Moving Constant Speed,40,No,2015,CHEVROLET,SONIC,39.17173785,-77.2361199,2025,5,11
250024184,Property Damage Crash,05/31/2025 11:30:00 AM,LAYHILL RD (SB/L),NA,Angle,Clear,Dry,Daylight,Traffic Control Signal,NONE DETECTED,No,No Apparent Injury,NA,Not Distracted,MD,Passenger Car,Moving Constant Speed,45,No,2023,RIVIAN,EDV,39.12053967,-77.03383867,2025,5,11
250024184,Property Damage Crash,05/31/2025 11:30:00 AM,LAYHILL RD (SB/L),NA,Angle,Clear,Dry,Daylight,Traffic Control Signal,NONE DETECTED,Yes,No Apparent Injury,Failed to Yield Right-of-Way,Not Distracted,MD,Passenger Car,Turning Left,45,No,2016,MAZDA,MAZDA6,39.12053967,-77.03383867,2025,5,11
250024190,Injury Crash,05/31/2025 11:25:00 AM,NA,NA,Front to Rear,Clear,NA,Daylight,NA,NONE DETECTED,No,No Apparent Injury,NA,Not Distracted,MD,Passenger Car,Stopped in Traffic,0,No,2013,HONDA,CIVIC,39.0447845,-77.099045,2025,5,11
250024190,Injury Crash,05/31/2025 11:25:00 AM,NA,NA,Front to Rear,Clear,NA,Daylight,NA,NONE DETECTED,Yes,No Apparent Injury,NA,Not Distracted,MD,Sport Utility Vehicle,Entering Traffic Lane,0,No,2016,TOYOTA,HIGHLANDER,39.0447845,-77.099045,2025,5,11
250024190,Injury Crash,05/31/2025 11:25:00 AM,NA,NA,Front to Rear,Clear,NA,Daylight,NA,NONE DETECTED,No,Possible Minor Injury,NA,Not Distracted,MD,Sport Utility Vehicle,Stopped in Traffic,0,No,2022,TOYOTA,RAV4,39.0447845,-77.099045,2025,5,11
250024183,Injury Crash,05/31/2025 11:23:00 AM,NA,NA,Angle,Clear,NA,Daylight,NA,NONE DETECTED,No,No Apparent Injury,NA,Not Distracted,MD,Sport Utility Vehicle,Moving Constant Speed,0,No,2010,TOYOTA,HIGHLANDER,39.03626714,-77.05762797,2025,5,11
250024183,Injury Crash,05/31/2025 11:23:00 AM,NA,NA,Angle,Clear,NA,Daylight,NA,NONE DETECTED,Yes,Possible Minor Injury,NA,Not Distracted,MD,Passenger Car,Turning Left,0,No,2017,MERCEDES-BENZ,C-CLASS,39.03626714,-77.05762797,2025,5,11
250024182,Injury Crash,05/31/2025 11:20:00 AM,NORBECK RD,NA,Angle,Clear,Dry,Daylight,Traffic Control Signal,NONE DETECTED,No,Possible Minor Injury,NA,Unknown,MD,Passenger Car,Turning Left,40,No,2020,FORD,FUSION,39.1204465,-77.03405733,2025,5,11
250024182,Injury Crash,05/31/2025 11:20:00 AM,NORBECK RD,NA,Angle,Clear,Dry,Daylight,Traffic Control Signal,NONE DETECTED,No,Possible Minor Injury,NA,Not Distracted,MD,Passenger Car,Moving Constant Speed,40,No,2014,HONDA,INSIGHT,39.1204465,-77.03405733,2025,5,11
250024176,Injury Crash,05/31/2025 11:08:00 AM,NEW HAMPSHIRE AVE (SB/L),NA,Single Vehicle,Clear,Dry,Daylight,No Controls,NONE DETECTED,No,Suspected Serious Injury,NA,"Other Action (looking away from task, etc.)",MD,Passenger Car,Moving Constant Speed,40,No,2016,HONDA,ACCORD,39.05586867,-76.99629867,2025,5,11
250024167,Property Damage Crash,05/31/2025 09:00:00 AM,PORTER RD,NA,Other,Clear,Dry,Daylight,No Controls,NONE DETECTED,Yes,No Apparent Injury,NA,Not Distracted,MD,Pickup,Entering Traffic Lane,30,No,2012,HONDA,RIDGELINE,39.14929861,-77.01365043,2025,5,9
250024167,Property Damage Crash,05/31/2025 09:00:00 AM,PORTER RD,NA,Other,Clear,Dry,Daylight,No Controls,NONE DETECTED,No,No Apparent Injury,NA,Not Distracted,MD,Sport Utility Vehicle,Moving Constant Speed,30,No,2023,FORD,EXPLORER,39.14929861,-77.01365043,2025,5,9
250024163,Fatal Crash,05/31/2025 08:35:00 AM,FIELDS RD (EB/L),NA,Front to Rear,Clear,Dry,Daylight,Traffic Control Signal,NONE DETECTED,No,Possible Minor Injury,NA,Not Distracted,MD,Passenger Car,Stopped in Traffic,50,No,2017,TOYOTA,COROLLA,39.11630291,-77.20845061,2025,5,8
250024163,Fatal Crash,05/31/2025 08:35:00 AM,FIELDS RD (EB/L),NA,Front to Rear,Clear,Dry,Daylight,Traffic Control Signal,DRUG AND ALCOHOL CONTRIBUTED,Yes,No Apparent Injury,Other Improper Action,Not Distracted,NA,Sport Utility Vehicle,Moving Constant Speed,50,No,2018,JEEP,COMPASS,39.11630291,-77.20845061,2025,5,8
250024152,Property Damage Crash,05/31/2025 03:55:00 AM,NA,NA,"Sideswipe, Same Direction",Rain,NA,Medium,NA,NONE DETECTED,Yes,No Apparent Injury,NA,Unknown,MD,Passenger Car,Overtaking/Passing,0,No,2014,NISSAN,MAXIMA,39.11697588,-77.16256646,2025,5,3
250024146,Injury Crash,05/31/2025 01:10:00 AM,GOLDSBORO RD,NA,Angle,Rain,Wet,Medium,Traffic Control Signal,NONE DETECTED,Yes,Possible Minor Injury,NA,Unknown,MD,Passenger Car,Entering Traffic Lane,35,No,2022,TOYOTA,COROLLA,38.97321304,-77.12190996,2025,5,1
250024146,Injury Crash,05/31/2025 01:10:00 AM,GOLDSBORO RD,NA,Angle,Rain,Wet,Medium,Traffic Control Signal,NONE DETECTED,No,No Apparent Injury,NA,Not Distracted,DC,Passenger Car,Moving Constant Speed,35,No,2019,FORD,FUSION,38.97321304,-77.12190996,2025,5,1
250024144,Property Damage Crash,05/31/2025 12:43:00 AM,JONES MILL RD,NA,Other,Rain,Wet,Medium,Traffic Control Signal,NONE DETECTED,No,No Apparent Injury,NA,Not Distracted,MD,Passenger Car,Moving Constant Speed,30,No,2018,NISSAN,370Z,38.99323255,-77.06352087,2025,5,0
250024144,Property Damage Crash,05/31/2025 12:43:00 AM,JONES MILL RD,NA,Other,Rain,Wet,Medium,Traffic Control Signal,NONE DETECTED,No,No Apparent Injury,NA,Not Distracted,MD,Passenger Car,Accelerating,25,No,2021,FORD,MUSTANG MACH-E,38.99323255,-77.06352087,2025,5,0
250024132,Property Damage Crash,05/30/2025 10:00:00 PM,VEIRS MILL RD,NA,"Sideswipe, Same Direction",Cloudy,Wet,Dark,Traffic Control Signal,NONE DETECTED,No,No Apparent Injury,NA,Not Distracted,MD,Passenger Car,Accelerating,40,No,2025,HONDA,CIVIC,39.05142802,-77.07474513,2025,5,22
250024132,Property Damage Crash,05/30/2025 10:00:00 PM,VEIRS MILL RD,NA,"Sideswipe, Same Direction",Cloudy,Wet,Dark,Traffic Control Signal,NONE DETECTED,No,NA,NA,NA,NA,Passenger Car,Accelerating,40,No,2024,HONDA,CIVIC,39.05142802,-77.07474513,2025,5,22
250024122,Property Damage Crash,05/30/2025 08:53:00 PM,COLUMBIA PIKE (SB/L),NA,Single Vehicle,Rain,Wet,Dark,Traffic Control Signal,NONE DETECTED,No,No Apparent Injury,NA,Not Distracted,MD,Sport Utility Vehicle,Moving Constant Speed,30,No,2024,TOYOTA,GRAND HIGHLANDER,39.10431089,-76.93332505,2025,5,20
250024120,Property Damage Crash,05/30/2025 08:31:00 PM,NA,NA,Single Vehicle,Rain,NA,Daylight,NA,NONE DETECTED,No,No Apparent Injury,NA,Not Distracted,MD,Passenger Car,Backing,0,No,2014,DODGE,CHARGER,39.176264,-77.17776567,2025,5,20
250024119,Property Damage Crash,05/30/2025 08:28:00 PM,NEW HAMPSHIRE AVE,NA,"Sideswipe, Same Direction",Cloudy,Wet,Medium,Traffic Control Signal,NONE DETECTED,No,NA,NA,NA,NA,Passenger Car,Changing Lanes,40,No,2013,HYUNDAI,ELANTRA,39.02213516,-76.97726579,2025,5,20
250024119,Property Damage Crash,05/30/2025 08:28:00 PM,NEW HAMPSHIRE AVE,NA,"Sideswipe, Same Direction",Cloudy,Wet,Medium,Traffic Control Signal,NONE DETECTED,No,No Apparent Injury,NA,Not Distracted,MD,Passenger Car,Stopped in Traffic,40,No,2017,NISSAN,VERSA,39.02213516,-76.97726579,2025,5,20
250024118,Property Damage Crash,05/30/2025 08:26:00 PM,CONNECTICUT AVE,NA,Angle,Rain,Wet,Medium,No Controls,NONE DETECTED,No,No Apparent Injury,NA,Not Distracted,MD,Passenger Car,Moving Constant Speed,45,No,2007,TOYOTA,COROLLA,39.07810785,-77.08075552,2025,5,20
250024118,Property Damage Crash,05/30/2025 08:26:00 PM,CONNECTICUT AVE,NA,Angle,Rain,Wet,Medium,Stop Sign,NONE DETECTED,No,No Apparent Injury,NA,Unknown,MD,Passenger Car,Entering Traffic Lane,30,No,2011,TOYOTA,RAV4,39.07810785,-77.08075552,2025,5,20
250024109,Property Damage Crash,05/30/2025 07:16:00 PM,NA,NA,Other,Rain,Wet,Daylight,Pedestrian Crossing,ALCOHOL PRESENT,No,No Apparent Injury,NA,Not Distracted,MD,Other Trucks,Moving Constant Speed,25,No,2021,ISUZU,NPR/NPR-HD,39.12269574,-77.16419351,2025,5,19
250024109,Property Damage Crash,05/30/2025 07:16:00 PM,NA,NA,Other,Rain,Wet,Daylight,Traffic Control Signal,NONE DETECTED,No,No Apparent Injury,NA,Not Distracted,MD,Passenger Car,Stopped in Traffic,25,No,2014,DODGE,CHARGER,39.12269574,-77.16419351,2025,5,19
250024109,Property Damage Crash,05/30/2025 07:16:00 PM,NA,NA,Other,Rain,Wet,Daylight,Traffic Control Signal,NONE DETECTED,No,No Apparent Injury,"Improper Passing, Improper Turn, Other Improper Action, Too Fast For Conditions",Unknown,VA,Passenger Car,Moving Constant Speed,25,No,2020,ACURA,ILX,39.12269574,-77.16419351,2025,5,19
250024100,Property Damage Crash,05/30/2025 06:18:00 PM,KENTLANDS BLVD,NA,Angle,Rain,Wet,Daylight,Stop Sign,NONE DETECTED,No,No Apparent Injury,NA,Not Distracted,MD,Passenger Car,Moving Constant Speed,25,No,2008,HONDA,PILOT,39.125259,-77.2431755,2025,5,18
250024100,Property Damage Crash,05/30/2025 06:18:00 PM,KENTLANDS BLVD,NA,Angle,Rain,Wet,Daylight,Stop Sign,NONE DETECTED,No,No Apparent Injury,NA,Not Distracted,MD,Passenger Car,Moving Constant Speed,25,No,2013,LEXUS,RX,39.125259,-77.2431755,2025,5,18
250024094,Property Damage Crash,05/30/2025 06:14:00 PM,OAKLAWN DR,NA,Angle,Cloudy,Dry,Daylight,No Controls,NONE DETECTED,Yes,No Apparent Injury,NA,Not Distracted,MD,Passenger Car,Turning Left,40,No,2010,CHRYSLER,TOWN AND COUNTRY,39.02557754,-76.980581,2025,5,18
250024094,Property Damage Crash,05/30/2025 06:14:00 PM,OAKLAWN DR,NA,Angle,Cloudy,Dry,Daylight,No Controls,NONE DETECTED,No,No Apparent Injury,NA,Not Distracted,MD,Passenger Car,Moving Constant Speed,40,No,2016,TOYOTA,CAMRY,39.02557754,-76.980581,2025,5,18
250024089,Property Damage Crash,05/30/2025 06:00:00 PM,KENDALE RD,NA,Single Vehicle,Cloudy,Wet,Daylight,No Controls,NONE DETECTED,Yes,No Apparent Injury,"Ran Off Roadway, Too Fast For Conditions",Unknown,DC,Passenger Car,Negotiating a Curve,25,No,2022,PORSCHE,TAYCAN,39.00850694,-77.18033285,2025,5,18
250024095,Property Damage Crash,05/30/2025 05:56:00 PM,NA,NA,Rear To Rear,Rain,NA,Daylight,NA,NONE DETECTED,No,NA,Improper Backing,NA,NA,Passenger Car,Backing,0,No,2006,CHEVROLET,SILVERADO,39.14538058,-77.14509038,2025,5,17
250024095,Property Damage Crash,05/30/2025 05:56:00 PM,NA,NA,Rear To Rear,Rain,NA,Daylight,NA,NONE DETECTED,No,No Apparent Injury,NA,Not Distracted,PA,Passenger Car,Parked,0,No,2019,VOLVO,XC90,39.14538058,-77.14509038,2025,5,17
250024091,Property Damage Crash,05/30/2025 05:55:00 PM,MONTROSE PKWY (WB/L),NA,Front to Rear,Cloudy,Wet,Daylight,No Controls,NONE DETECTED,Yes,No Apparent Injury,NA,Not Distracted,VA,Passenger Car,Moving Constant Speed,45,No,2018,HYUNDAI,SONATA,39.05092912,-77.12735459,2025,5,17
250024091,Property Damage Crash,05/30/2025 05:55:00 PM,MONTROSE PKWY (WB/L),NA,Front to Rear,Cloudy,Wet,Daylight,No Controls,NONE DETECTED,Yes,No Apparent Injury,NA,Not Distracted,DC,Passenger Car,Stopped in Traffic,45,No,2023,HYUNDAI,KONA ELECTRIC,39.05092912,-77.12735459,2025,5,17
250024069,Property Damage Crash,05/30/2025 03:50:00 PM,BEL PRE RD,NA,Front to Rear,Clear,Dry,Daylight,Traffic Control Signal,NONE DETECTED,No,No Apparent Injury,NA,Not Distracted,NY,Passenger Car,Slowing or Stopping,35,No,2004,TOYOTA,CAMRY,39.09327005,-77.07970097,2025,5,15
250024071,Property Damage Crash,05/30/2025 03:50:00 PM,FREDERICK RD (SB/L),NA,Front to Rear,Cloudy,Dry,Daylight,No Controls,NONE DETECTED,No,No Apparent Injury,NA,Not Distracted,MD,Sport Utility Vehicle,Slowing or Stopping,35,No,2024,CHEVROLET,EQUINOX,39.16528247,-77.22790569,2025,5,15
250024071,Property Damage Crash,05/30/2025 03:50:00 PM,FREDERICK RD (SB/L),NA,Front to Rear,Cloudy,Dry,Daylight,No Controls,NONE DETECTED,No,NA,NA,NA,NA,Passenger Car,Slowing or Stopping,35,No,1997,BMW,540I,39.16528247,-77.22790569,2025,5,15
250024069,Property Damage Crash,05/30/2025 03:50:00 PM,BEL PRE RD,NA,Front to Rear,Clear,Dry,Daylight,Traffic Control Signal,NONE DETECTED,No,No Apparent Injury,NA,Not Distracted,MD,Van - Passenger (&lt;9 Seats),Moving Constant Speed,35,No,2015,TOYOTA,SIENNA,39.09327005,-77.07970097,2025,5,15
250024070,Property Damage Crash,05/30/2025 03:49:00 PM,ROCKVILLE PIKE,NA,Angle,Cloudy,Dry,Daylight,Traffic Control Signal,NONE DETECTED,No,No Apparent Injury,NA,Not Distracted,MD,Sport Utility Vehicle,Turning Left,35,No,2014,JEEP,GRAND CHEROKEE,39.06956077,-77.13058492,2025,5,15
250024070,Property Damage Crash,05/30/2025 03:49:00 PM,ROCKVILLE PIKE,NA,Angle,Cloudy,Dry,Daylight,Traffic Control Signal,NONE DETECTED,No,No Apparent Injury,NA,Unknown,MD,Sport Utility Vehicle,Turning Right,35,No,2022,JEEP,WRANGLER,39.06956077,-77.13058492,2025,5,15