Local Case Number,ACRS Report Type,Crash Date/Time,Road Name,Related Non-Motorist,Collision Type,Weather,Surface Condition,Light,Traffic Control,Driver Substance Abuse,Driver At Fault,Injury Severity,Circumstance,Driver Distracted By,Drivers License State,Vehicle Body Type,Vehicle Movement,Speed Limit,Driverless Vehicle,Vehicle Year,Vehicle Make,Vehicle Model,Latitude,Longitude,Year,Month,Hour
250023857,Injury Crash,05/29/2025 01:57:00 PM,CONNECTICUT AVE (SB/L),NA,Angle,Cloudy,Dry,Daylight,Traffic Control Signal,NONE DETECTED,Yes,Possible Minor Injury,"Improper Turn, Other Improper Action, Ran Red Light","Other Action (looking away from task, etc.)",MD,Sport Utility Vehicle,Turning Left,45,No,2022,FORD,ESCAPE,39.0387924,-77.07576764,2025,5,13
250023848,Property Damage Crash,05/29/2025 01:27:00 PM,DEVON RD,NA,Angle,Cloudy,Dry,Daylight,Traffic Control Signal,NONE DETECTED,No,No Apparent Injury,NA,Not Distracted,MD,Sport Utility Vehicle,Accelerating,30,No,2023,CHEVROLET,SUBURBAN,38.99371492,-77.0089955,2025,5,13
250023848,Property Damage Crash,05/29/2025 01:27:00 PM,DEVON RD,NA,Angle,Cloudy,Dry,Daylight,Traffic Control Signal,NONE DETECTED,No,No Apparent Injury,NA,Not Distracted,MD,Pickup,Accelerating,30,No,2008,GMC,SIERRA,38.99371492,-77.0089955,2025,5,13
250023844,Injury Crash,05/29/2025 12:59:00 PM,NA,NA,Angle,Clear,Dry,Daylight,Traffic Control Signal,NONE DETECTED,Yes,No Apparent Injury,Failed to Yield Right-of-Way,Not Distracted,PA,Single-Unit Truck,Turning Left,45,No,2020,MACK,GRANITE,39.16013245,-77.19224748,2025,5,12
250023844,Injury Crash,05/29/2025 12:59:00 PM,NA,NA,Angle,Clear,Dry,Daylight,Traffic Control Signal,NONE DETECTED,No,No Apparent Injury,NA,Not Distracted,MD,Passenger Car,Moving Constant Speed,40,No,2019,TOYOTA,SIENNA,39.16013245,-77.19224748,2025,5,12
250023840,Property Damage Crash,05/29/2025 12:30:00 PM,NA,NA,Angle,Clear,NA,Daylight,NA,NONE DETECTED,Yes,No Apparent Injury,NA,Unknown,MD,Passenger Car,Backing,0,No,2024,TOYOTA,CAMRY,39.12668477,-77.20761331,2025,5,12
250023840,Property Damage Crash,05/29/2025 12:30:00 PM,NA,NA,Angle,Clear,NA,Daylight,NA,NONE DETECTED,No,No Apparent Injury,NA,Not Distracted,MD,Bus - School,Slowing or Stopping,0,No,2021,THOMAS BUILT,HDX,39.12668477,-77.20761331,2025,5,12
250023817,Injury Crash,05/29/2025 11:30:00 AM,QUINCE ORCHARD RD,NA,Angle,Clear,Dry,Daylight,No Controls,NONE DETECTED,No,No Apparent Injury,Failed to Yield Right-of-Way,Not Distracted,MD,Passenger Car,Turning Left,35,No,2020,FORD,EXPLORER,39.14544208,-77.21990438,2025,5,11
250023817,Injury Crash,05/29/2025 11:30:00 AM,QUINCE ORCHARD RD,NA,Angle,Clear,Dry,Daylight,No Controls,NONE DETECTED,No,Suspected Serious Injury,NA,Not Distracted,MD,Passenger Car,Moving Constant Speed,35,No,2012,NISSAN,ALTIMA,39.14544208,-77.21990438,2025,5,11
250023829,Injury Crash,05/29/2025 11:21:00 AM,NA,NA,Rear To Side,Clear,NA,Daylight,NA,NONE DETECTED,No,No Apparent Injury,NA,Not Distracted,SC,Sport Utility Vehicle,Moving Constant Speed,0,No,2017,DODGE,JOURNEY,39.04909881,-76.948964,2025,5,11
250023829,Injury Crash,05/29/2025 11:21:00 AM,NA,NA,Rear To Side,Clear,NA,Daylight,NA,NONE DETECTED,Yes,No Apparent Injury,"Failed to Yield Right-of-Way, Other Improper Action","Other Action (looking away from task, etc.)",MD,Passenger Car,Entering Traffic Lane,0,No,2016,HYUNDAI,GENESIS,39.04909881,-76.948964,2025,5,11
250023805,Property Damage Crash,05/29/2025 10:36:00 AM,OLD GEORGETOWN RD (SB/L),NA,Front to Rear,Cloudy,Dry,Daylight,No Controls,NONE DETECTED,No,No Apparent Injury,NA,Not Distracted,MD,Passenger Car,Stopped in Traffic,35,No,2021,TOYOTA,CAMRY,39.03017494,-77.12665754,2025,5,10
250023805,Property Damage Crash,05/29/2025 10:36:00 AM,OLD GEORGETOWN RD (SB/L),NA,Front to Rear,Cloudy,Dry,Daylight,No Controls,NONE DETECTED,No,No Apparent Injury,NA,Not Distracted,DC,Bus - Mini,Backing,35,No,2013,GMC,SAVANA,39.03017494,-77.12665754,2025,5,10
250023796,Injury Crash,05/29/2025 10:09:00 AM,FREDERICK RD,Pedestrian,Single Vehicle,Cloudy,Dry,Daylight,No Controls,NONE DETECTED,Yes,No Apparent Injury,NA,Unknown,MD,Passenger Car,Turning Right,35,No,2025,KIA,SORENTO,39.11020885,-77.16039041,2025,5,10
250023800,Property Damage Crash,05/29/2025 10:06:00 AM,NA,NA,Front to Rear,Clear,NA,Daylight,NA,NONE DETECTED,No,No Apparent Injury,NA,Not Distracted,TX,Passenger Car,Parked,0,No,2014,RAM,1500,39.05817633,-76.96138383,2025,5,10
250023800,Property Damage Crash,05/29/2025 10:06:00 AM,NA,NA,Front to Rear,Clear,NA,Daylight,NA,NONE DETECTED,No,NA,NA,NA,NA,Van - Passenger (&lt;9 Seats),Accelerating,0,No,2010,CHEVROLET,EXPRESS,39.05817633,-76.96138383,2025,5,10
250023825,Injury Crash,05/29/2025 09:10:00 AM,NA,NA,Front to Rear,Cloudy,Dry,Daylight,No Controls,NONE DETECTED,No,Possible Minor Injury,NA,Not Distracted,MD,Passenger Car,Accelerating,35,No,2018,JEEP,RENEGADE,39.18455375,-77.31251808,2025,5,9
250023825,Injury Crash,05/29/2025 09:10:00 AM,NA,NA,Front to Rear,Cloudy,Dry,Daylight,No Controls,NONE DETECTED,Yes,No Apparent Injury,Followed Too Closely,Not Distracted,MD,Passenger Car,Accelerating,35,No,2017,HYUNDAI,VELOSTER,39.18455375,-77.31251808,2025,5,9
250023789,Property Damage Crash,05/29/2025 09:06:00 AM,LISA DR,NA,Angle,Cloudy,Dry,Daylight,No Controls,NONE DETECTED,Yes,No Apparent Injury,Improper Turn,Not Distracted,MD,Passenger Car,Making U-Turn,25,No,2009,TOYOTA,PRIUS,39.14464155,-77.14112393,2025,5,9
250023789,Property Damage Crash,05/29/2025 09:06:00 AM,LISA DR,NA,Angle,Cloudy,Dry,Daylight,No Controls,NONE DETECTED,No,No Apparent Injury,NA,Not Distracted,MD,Passenger Car,Moving Constant Speed,30,No,2023,NISSAN,ROGUE,39.14464155,-77.14112393,2025,5,9
250023826,Property Damage Crash,05/29/2025 08:59:00 AM,NEW HAMPSHIRE AVE (SB/L),NA,"Sideswipe, Same Direction",Clear,Dry,Daylight,No Controls,NONE DETECTED,Yes,No Apparent Injury,NA,Not Distracted,MD,Bus - School,Moving Constant Speed,35,No,2020,FREIGHTLINER,B2 BUS CHASSIS,39.0131493,-76.97858645,2025,5,8
250023826,Property Damage Crash,05/29/2025 08:59:00 AM,NEW HAMPSHIRE AVE (SB/L),NA,"Sideswipe, Same Direction",Clear,Dry,Daylight,No Controls,NONE DETECTED,No,No Apparent Injury,NA,Not Distracted,MD,Passenger Car,Moving Constant Speed,35,No,2010,HONDA,ACCORD,39.0131493,-76.97858645,2025,5,8
250023816,Injury Crash,05/29/2025 07:45:00 AM,NA,Pedestrian,Single Vehicle,Cloudy,NA,Daylight,NA,NONE DETECTED,No,No Apparent Injury,NA,Not Distracted,MD,Sport Utility Vehicle,Slowing or Stopping,0,No,2020,CADILLAC,ESCALADE,39.1517401,-77.28177249,2025,5,7
250023811,Property Damage Crash,05/29/2025 07:35:00 AM,UNIVERSITY BLVD W (WB/L),NA,Angle,Clear,Dry,Daylight,Flashing Traffic Control Signal,NONE DETECTED,Yes,No Apparent Injury,Failed to Yield Right-of-Way,Not Distracted,MD,Station Wagon,Turning Left,35,No,2015,SUBARU,FORESTER,39.04002944,-77.04299323,2025,5,7
250023811,Property Damage Crash,05/29/2025 07:35:00 AM,UNIVERSITY BLVD W (WB/L),NA,Angle,Clear,Dry,Daylight,Flashing Traffic Control Signal,NONE DETECTED,No,No Apparent Injury,NA,Not Distracted,MD,Pickup,Moving Constant Speed,35,No,2016,CHEVROLET,SILVERADO,39.04002944,-77.04299323,2025,5,7
250023779,Property Damage Crash,05/29/2025 06:25:00 AM,SHADY GROVE RD,NA,Front to Rear,Cloudy,Dry,Daylight,No Controls,NONE DETECTED,Yes,No Apparent Injury,"Operated Motor Vehicle in Inattentive, Careless, Negligent, or Erratic Manner, Other Improper Action",NA,NA,Passenger Car,Moving Constant Speed,40,No,2024,CHRYSLER,PACIFICA,39.14465156,-77.15016111,2025,5,6
250023779,Property Damage Crash,05/29/2025 06:25:00 AM,SHADY GROVE RD,NA,Front to Rear,Cloudy,Dry,Daylight,No Controls,NONE DETECTED,No,No Apparent Injury,NA,Not Distracted,NA,Passenger Car,Stopped in Traffic,40,No,2008,HONDA,CIVIC,39.14465156,-77.15016111,2025,5,6
250023773,Property Damage Crash,05/29/2025 03:38:00 AM,NA,NA,Front to Rear,Clear,Dry,Medium,Traffic Control Signal,ALCOHOL PRESENT,Yes,No Apparent Injury,NA,Not Distracted,MD,Passenger Car,Moving Constant Speed,25,No,2016,MERCEDES-BENZ,GLC-CLASS,38.99611481,-77.02809299,2025,5,3
250023773,Property Damage Crash,05/29/2025 03:38:00 AM,NA,NA,Front to Rear,Clear,Dry,Medium,Traffic Control Signal,NONE DETECTED,No,No Apparent Injury,NA,Not Distracted,MD,Passenger Car,Slowing or Stopping,25,No,2017,TOYOTA,PRIUS,38.99611481,-77.02809299,2025,5,3
250023795,Property Damage Crash,05/28/2025 11:30:00 PM,HEATHER POINT PL,NA,Single Vehicle,Rain,Wet,Medium,No Controls,ALCOHOL PRESENT,Yes,No Apparent Injury,"Operated Motor Vehicle in Inattentive, Careless, Negligent, or Erratic Manner, Ran Off Roadway, Too Fast For Conditions",Unknown,MD,Passenger Car,NA,30,No,2012,HONDA,CIVIC,39.22672833,-77.23773833,2025,5,23
250023768,Property Damage Crash,05/28/2025 11:19:00 PM,MCDONALD CHAPEL DR,NA,Single Vehicle,Rain,Wet,Medium,No Controls,NONE DETECTED,Yes,No Apparent Injury,Improper Backing,Not Distracted,MD,Passenger Car,Backing,25,No,2017,VOLVO,S90,39.12473426,-77.25897372,2025,5,23
250023762,Property Damage Crash,05/28/2025 09:44:00 PM,LAMBERTON DR,NA,Angle,Clear,Dry,Medium,No Controls,NONE DETECTED,No,NA,NA,NA,NA,Passenger Car,Moving Constant Speed,35,No,0,NA,NA,39.04495933,-77.02185967,2025,5,21
250023752,Injury Crash,05/28/2025 09:20:00 PM,NA,NA,Other,Rain,Wet,Dark,Traffic Control Signal,NONE DETECTED,Yes,No Apparent Injury,NA,Not Distracted,MD,Passenger Car,Moving Constant Speed,40,No,2008,ACURA,TL,39.12113433,-76.98901917,2025,5,21
250023752,Injury Crash,05/28/2025 09:20:00 PM,NA,NA,Other,Rain,Wet,Dark,Traffic Control Signal,NONE DETECTED,No,Possible Minor Injury,NA,Not Distracted,MD,Passenger Car,Moving Constant Speed,40,No,2004,TOYOTA,COROLLA,39.12113433,-76.98901917,2025,5,21
250024648,Property Damage Crash,05/28/2025 09:10:00 PM,WHISPERING PINES CT,NA,Other,Clear,Dry,Medium,No Controls,NONE DETECTED,No,No Apparent Injury,NA,Not Distracted,MD,Passenger Car,Moving Constant Speed,15,No,2021,TOYOTA,COROLLA,39.0874498,-77.06329772,2025,5,21
250024648,Property Damage Crash,05/28/2025 09:10:00 PM,WHISPERING PINES CT,NA,Other,Clear,Dry,Medium,No Controls,NONE DETECTED,No,No Apparent Injury,NA,Unknown,MD,Passenger Car,Moving Constant Speed,15,No,2020,HONDA,ACCORD,39.0874498,-77.06329772,2025,5,21
25000986,Injury Crash,05/28/2025 08:58:00 PM,BEACH DR,NA,"Sideswipe, Same Direction",Rain,Wet,Dark,Stop Sign,NONE DETECTED,No,NA,NA,NA,NA,Unknown,Entering Traffic Lane,25,No,0,NA,NA,39.03607104,-77.08431326,2025,5,20
25000986,Injury Crash,05/28/2025 08:58:00 PM,BEACH DR,NA,"Sideswipe, Same Direction",Rain,Wet,Dark,Stop Sign,NONE DETECTED,No,No Apparent Injury,NA,Not Distracted,MD,Passenger Car,Entering Traffic Lane,25,No,2012,ACURA,MDX,39.03607104,-77.08431326,2025,5,20
250023757,Property Damage Crash,05/28/2025 08:36:00 PM,WATKINS MILL RD,NA,Single Vehicle,Rain,Wet,Medium,No Controls,NONE DETECTED,Yes,No Apparent Injury,Ran Off Roadway,Unknown,MD,Passenger Car,Moving Constant Speed,35,No,2002,ACURA,TL,39.17595061,-77.209723,2025,5,20
250023760,Property Damage Crash,05/28/2025 08:36:00 PM,16TH ST (SB/L),NA,"Sideswipe, Same Direction",Clear,Dry,Medium,No Controls,NONE DETECTED,Yes,No Apparent Injury,NA,Not Distracted,MD,Van - Passenger (9 or 12 Seats),Moving Constant Speed,30,No,2018,FORD,TRANSIT,38.99397554,-77.0363652,2025,5,20
250023746,Property Damage Crash,05/28/2025 08:27:00 PM,WOODMONT AVE,NA,Angle,Rain,Wet,Daylight,Traffic Control Signal,NONE DETECTED,Yes,No Apparent Injury,NA,Not Distracted,MD,Sport Utility Vehicle,Turning Right,35,No,2011,FORD,EXPEDITION,38.99507482,-77.09694141,2025,5,20
250023746,Property Damage Crash,05/28/2025 08:27:00 PM,WOODMONT AVE,NA,Angle,Rain,Wet,Daylight,Traffic Control Signal,NONE DETECTED,No,No Apparent Injury,NA,Not Distracted,MD,Passenger Car,Stopped in Traffic,30,No,2023,DODGE,CHALLENGER,38.99507482,-77.09694141,2025,5,20
250023746,Property Damage Crash,05/28/2025 08:27:00 PM,WOODMONT AVE,NA,Angle,Rain,Wet,Daylight,Traffic Control Signal,NONE DETECTED,No,No Apparent Injury,NA,Not Distracted,MD,Passenger Car,Slowing or Stopping,30,No,2023,CHEVROLET,BOLT EV,38.99507482,-77.09694141,2025,5,20
250023747,Property Damage Crash,05/28/2025 08:21:00 PM,TANYARD HILL RD,NA,Angle,Clear,Wet,Medium,No Controls,NONE DETECTED,No,No Apparent Injury,"Operated Motor Vehicle in Inattentive, Careless, Negligent, or Erratic Manner, Operated Motor Vehicle in Reckless or Aggressive Manner, Other Improper Action",Unknown,MD,Passenger Car,NA,10,No,2002,ACURA,TL,39.1637777,-77.2111842,2025,5,20
250023735,Property Damage Crash,05/28/2025 07:21:00 PM,KNOWLES AVE,NA,"Sideswipe, Opposite Direction",Rain,Wet,Daylight,Traffic Control Signal,NONE DETECTED,No,No Apparent Injury,NA,Not Distracted,MD,Passenger Car,Moving Constant Speed,30,No,2017,HYUNDAI,SONATA,39.02787642,-77.07972077,2025,5,19
250023735,Property Damage Crash,05/28/2025 07:21:00 PM,KNOWLES AVE,NA,"Sideswipe, Opposite Direction",Rain,Wet,Daylight,Traffic Control Signal,NONE DETECTED,No,NA,NA,NA,NA,NA,Turning Left,30,No,0,NA,NA,39.02787642,-77.07972077,2025,5,19
250024012,Property Damage Crash,05/28/2025 07:15:00 PM,NA,NA,Front to Rear,Rain,NA,Daylight,NA,NONE DETECTED,No,NA,NA,NA,NA,Passenger Car,Backing,0,No,2019,HONDA,CIVIC,39.00979064,-77.04127304,2025,5,19
250023733,Property Damage Crash,05/28/2025 07:10:00 PM,HALPINE RD (EB/L),NA,Angle,Rain,Wet,Daylight,Traffic Control Signal,NONE DETECTED,No,No Apparent Injury,Failed to Yield Right-of-Way,Not Distracted,MD,Passenger Car,Moving Constant Speed,35,No,2001,HONDA,ACCORD,39.06176472,-77.12414042,2025,5,19
250023733,Property Damage Crash,05/28/2025 07:10:00 PM,HALPINE RD (EB/L),NA,Angle,Rain,Wet,Daylight,Traffic Control Signal,NONE DETECTED,No,No Apparent Injury,Failed to Yield Right-of-Way,Not Distracted,MD,Passenger Car,Moving Constant Speed,35,No,2013,BMW,328I,39.06176472,-77.12414042,2025,5,19
250023729,Property Damage Crash,05/28/2025 06:32:00 PM,NOTLEY RD,NA,Angle,Rain,Wet,Daylight,No Controls,NONE DETECTED,No,No Apparent Injury,NA,Not Distracted,MD,Passenger Car,Moving Constant Speed,35,No,2012,HYUNDAI,AZERA,39.08976,-77.01429383,2025,5,18
250023729,Property Damage Crash,05/28/2025 06:32:00 PM,NOTLEY RD,NA,Angle,Rain,Wet,Daylight,Stop Sign,NONE DETECTED,Yes,No Apparent Injury,Failed to Yield Right-of-Way,Unknown,MD,Passenger Car,Accelerating,35,No,2016,BMW,X3,39.08976,-77.01429383,2025,5,18
250023704,Property Damage Crash,05/28/2025 04:40:00 PM,BLUNT RD,NA,Front to Front,Rain,Wet,Daylight,No Controls,NONE DETECTED,No,No Apparent Injury,NA,Not Distracted,MD,Passenger Car,Moving Constant Speed,25,No,2025,HONDA,PILOT,39.18619167,-77.23162333,2025,5,16
250023704,Property Damage Crash,05/28/2025 04:40:00 PM,BLUNT RD,NA,Front to Front,Rain,Wet,Daylight,No Controls,NONE DETECTED,Yes,No Apparent Injury,Failed to Keep in Proper Lane,Unknown,MD,Passenger Car,Moving Constant Speed,25,No,2004,TOYOTA,COROLLA,39.18619167,-77.23162333,2025,5,16
250023710,Property Damage Crash,05/28/2025 04:30:00 PM,NA,NA,Unknown,Rain,NA,Daylight,NA,NONE DETECTED,Yes,No Apparent Injury,Improper Backing,Unknown,NA,Sport Utility Vehicle,Backing,0,No,2013,ACURA,RDX,39.15511333,-77.19968167,2025,5,16
250023702,Property Damage Crash,05/28/2025 04:20:00 PM,BROADBIRCH DR,NA,Front to Front,Rain,Wet,Daylight,No Controls,NONE DETECTED,Yes,No Apparent Injury,NA,Not Distracted,MD,Passenger Car,Turning Left,30,No,2024,CHEVROLET,TAHOE,39.05561378,-76.95602329,2025,5,16
250023702,Property Damage Crash,05/28/2025 04:20:00 PM,BROADBIRCH DR,NA,Front to Front,Rain,Wet,Daylight,No Controls,NONE DETECTED,No,No Apparent Injury,NA,Not Distracted,MD,Van - Passenger (&lt;9 Seats),Moving Constant Speed,30,No,2015,NISSAN,NV200,39.05561378,-76.95602329,2025,5,16
250023696,Property Damage Crash,05/28/2025 04:02:00 PM,WILLARD AVE,NA,"Sideswipe, Same Direction",Rain,Wet,Daylight,Traffic Control Signal,NONE DETECTED,No,No Apparent Injury,NA,Not Distracted,MD,Bus - Transit,Stopped in Traffic,25,No,2023,NEW FLYER,XCELSIOR,38.96215639,-77.08884015,2025,5,16
250023696,Property Damage Crash,05/28/2025 04:02:00 PM,WILLARD AVE,NA,"Sideswipe, Same Direction",Rain,Wet,Daylight,Traffic Control Signal,NONE DETECTED,Yes,No Apparent Injury,NA,NA,NA,Single-Unit Truck,Moving Constant Speed,25,No,0,NA,NA,38.96215639,-77.08884015,2025,5,16
250023694,Property Damage Crash,05/28/2025 03:46:00 PM,FLOWER AVE,NA,Angle,Rain,Wet,Daylight,No Controls,NONE DETECTED,Yes,No Apparent Injury,NA,Not Distracted,MD,Passenger Car,Entering Traffic Lane,25,No,2008,ACURA,TSX,38.99252429,-77.00214299,2025,5,15
250023694,Property Damage Crash,05/28/2025 03:46:00 PM,FLOWER AVE,NA,Angle,Rain,Wet,Daylight,No Controls,NONE DETECTED,No,No Apparent Injury,NA,Not Distracted,MD,Passenger Car,Moving Constant Speed,25,No,2007,ACURA,RDX,38.99252429,-77.00214299,2025,5,15
250023693,Property Damage Crash,05/28/2025 03:42:00 PM,GEORGIA AVE (SB/L),NA,Front to Rear,Rain,Wet,Daylight,No Controls,NONE DETECTED,No,No Apparent Injury,NA,Not Distracted,MD,Passenger Car,NA,35,No,2020,TOYOTA,SIENNA,39.08399379,-77.07805219,2025,5,15
250023693,Property Damage Crash,05/28/2025 03:42:00 PM,GEORGIA AVE (SB/L),NA,Front to Rear,Rain,Wet,Daylight,No Controls,NONE DETECTED,No,No Apparent Injury,NA,Unknown,NA,Passenger Car,NA,35,No,2001,VOLKSWAGEN,CABRIO,39.08399379,-77.07805219,2025,5,15
250023690,Property Damage Crash,05/28/2025 03:30:00 PM,OWENS RD,NA,Single Vehicle,Rain,Wet,Daylight,No Controls,NONE DETECTED,Yes,No Apparent Injury,Other Improper Action,Not Distracted,MD,Bus - School,Moving Constant Speed,25,No,2020,THOMAS BUILT,HDX,39.16407767,-77.05746683,2025,5,15
250023687,Injury Crash,05/28/2025 03:06:00 PM,NEW HAMPSHIRE AVE,NA,"Sideswipe, Same Direction",Rain,Wet,Daylight,Traffic Control Signal,NONE DETECTED,No,No Apparent Injury,NA,Not Distracted,MD,Pickup,Stopped in Traffic,40,No,2021,FORD,F-250,39.02200284,-76.97723705,2025,5,15
250023687,Injury Crash,05/28/2025 03:06:00 PM,NEW HAMPSHIRE AVE,NA,"Sideswipe, Same Direction",Rain,Wet,Daylight,Traffic Control Signal,NONE DETECTED,Yes,Possible Minor Injury,NA,Not Distracted,VA,Passenger Car,Making U-Turn,40,No,2024,TOYOTA,COROLLA,39.02200284,-76.97723705,2025,5,15
250023678,Property Damage Crash,05/28/2025 03:05:00 PM,INDIAN SPRING DR,NA,Front to Rear,Rain,Wet,Daylight,No Controls,NONE DETECTED,No,No Apparent Injury,NA,Not Distracted,MD,Passenger Car,Moving Constant Speed,35,No,2007,ACURA,TL,39.01252314,-77.01670866,2025,5,15
250023678,Property Damage Crash,05/28/2025 03:05:00 PM,INDIAN SPRING DR,NA,Front to Rear,Rain,Wet,Daylight,No Controls,NONE DETECTED,Yes,No Apparent Injury,Failed to Yield Right-of-Way,Not Distracted,MD,Sport Utility Vehicle,Overtaking/Passing,35,No,2024,MAZDA,CX-30,39.01252314,-77.01670866,2025,5,15
250023685,Injury Crash,05/28/2025 03:00:00 PM,NA,Pedestrian,Single Vehicle,Rain,Wet,Daylight,Traffic Control Signal,NONE DETECTED,No,No Apparent Injury,NA,Not Distracted,MD,Passenger Car,Slowing or Stopping,30,No,2016,CHRYSLER,TOWN AND COUNTRY,38.99487788,-77.04531908,2025,5,15
250023674,Injury Crash,05/28/2025 01:40:00 PM,RAMP 1 FR MD 200A NB TO IS 370 WB,NA,Single Vehicle,Cloudy,Wet,Daylight,No Controls,NONE DETECTED,Yes,Possible Minor Injury,Too Fast For Conditions,Unknown,MD,Passenger Car,Negotiating a Curve,15,No,2003,TOYOTA,COROLLA,39.13518203,-77.1679068,2025,5,13
250023668,Injury Crash,05/28/2025 01:02:00 PM,WATKINS MILL RD,NA,Front to Rear,Rain,Wet,Daylight,No Controls,NONE DETECTED,Yes,Possible Minor Injury,Too Fast For Conditions,Unknown,MD,Passenger Car,Moving Constant Speed,30,No,1998,BMW,740IL,39.17862574,-77.20979495,2025,5,13
250023717,Property Damage Crash,05/28/2025 12:30:00 PM,NA,NA,Unknown,Rain,NA,Daylight,NA,NONE DETECTED,Yes,No Apparent Injury,NA,Unknown,MD,Sport Utility Vehicle,NA,0,No,2005,LEXUS,GX,39.05964215,-77.12022598,2025,5,12
250023717,Property Damage Crash,05/28/2025 12:30:00 PM,NA,NA,Unknown,Rain,NA,Daylight,NA,NONE DETECTED,No,NA,NA,NA,NA,Sport Utility Vehicle,Parked,0,No,2024,TOYOTA,GRAND HIGHLANDER,39.05964215,-77.12022598,2025,5,12
250023660,Property Damage Crash,05/28/2025 11:45:00 AM,BEVERLY RD,NA,Unknown,Rain,Wet,Daylight,No Controls,NONE DETECTED,Yes,No Apparent Injury,Other Improper Action,Not Distracted,MD,Sport Utility Vehicle,NA,25,No,2013,LEXUS,RX,38.98456442,-77.09983597,2025,5,11
250023647,Property Damage Crash,05/28/2025 10:34:00 AM,EAST WEST HWY (WB/L),NA,"Sideswipe, Same Direction",Rain,Wet,Daylight,Traffic Control Signal,NONE DETECTED,No,No Apparent Injury,NA,Not Distracted,MD,Passenger Car,Turning Left,30,No,2024,CHEVROLET,MALIBU,38.98453554,-77.09393616,2025,5,10
250023647,Property Damage Crash,05/28/2025 10:34:00 AM,EAST WEST HWY (WB/L),NA,"Sideswipe, Same Direction",Rain,Wet,Daylight,Traffic Control Signal,NONE DETECTED,No,NA,NA,NA,NA,Other Trucks,Moving Constant Speed,30,No,2005,STERLING TRUCK,L9500 SERIES,38.98453554,-77.09393616,2025,5,10
250023631,Property Damage Crash,05/28/2025 09:30:00 AM,NA,NA,Single Vehicle,Rain,Wet,Daylight,No Controls,NONE DETECTED,No,No Apparent Injury,NA,Not Distracted,MD,Passenger Car,Moving Constant Speed,35,No,2020,TESLA,MODEL Y,39.20795328,-77.03673089,2025,5,9
250023625,Property Damage Crash,05/28/2025 08:11:00 AM,VEIRS MILL RD (WB/L),NA,Front to Rear,Rain,Wet,Daylight,Traffic Control Signal,NONE DETECTED,Yes,No Apparent Injury,NA,Not Distracted,MD,Bus - Transit,Moving Constant Speed,35,No,2022,NEW FLYER,XCELSIOR,39.06873517,-77.103966,2025,5,8
250023625,Property Damage Crash,05/28/2025 08:11:00 AM,VEIRS MILL RD (WB/L),NA,Front to Rear,Rain,Wet,Daylight,Traffic Control Signal,NONE DETECTED,No,No Apparent Injury,NA,Not Distracted,MD,Passenger Car,Moving Constant Speed,35,No,2019,SUBARU,CROSSTREK,39.06873517,-77.103966,2025,5,8
250023626,Property Damage Crash,05/28/2025 08:02:00 AM,COLESVILLE RD,NA,"Sideswipe, Same Direction",Rain,Wet,Daylight,Traffic Control Signal,NONE DETECTED,Yes,No Apparent Injury,Failed to Yield Right-of-Way,Not Distracted,VA,Bus - Transit,Changing Lanes,30,No,2014,NABI,BRT,38.99403376,-77.03131656,2025,5,8
250023626,Property Damage Crash,05/28/2025 08:02:00 AM,COLESVILLE RD,NA,"Sideswipe, Same Direction",Rain,Wet,Daylight,Traffic Control Signal,NONE DETECTED,No,No Apparent Injury,NA,Not Distracted,MD,Passenger Car,Moving Constant Speed,30,No,2020,TOYOTA,RAV4,38.99403376,-77.03131656,2025,5,8
250023612,Injury Crash,05/28/2025 03:35:00 AM,CLOPPER RD (WB/L),NA,Angle,Cloudy,Wet,Medium,Traffic Control Signal,NONE DETECTED,Yes,Possible Minor Injury,"Operated Motor Vehicle in Inattentive, Careless, Negligent, or Erratic Manner, Ran Red Light",Unknown,MD,Passenger Car,Moving Constant Speed,35,No,2018,HONDA,CIVIC,39.14363633,-77.22370519,2025,5,3