Local Case Number,ACRS Report Type,Crash Date/Time,Road Name,Related Non-Motorist,Collision Type,Weather,Surface Condition,Light,Traffic Control,Driver Substance Abuse,Driver At Fault,Injury Severity,Circumstance,Driver Distracted By,Drivers License State,Vehicle Body Type,Vehicle Movement,Speed Limit,Driverless Vehicle,Vehicle Year,Vehicle Make,Vehicle Model,Latitude,Longitude,Year,Month,Hour
250023612,Injury Crash,05/28/2025 03:35:00 AM,CLOPPER RD (WB/L),NA,Angle,Cloudy,Wet,Medium,Traffic Control Signal,ALCOHOL PRESENT,No,No Apparent Injury,"Operated Motor Vehicle in Inattentive, Careless, Negligent, or Erratic Manner, Too Fast For Conditions",Unknown,MD,Passenger Car,Moving Constant Speed,35,No,2018,FORD,FUSION,39.14363633,-77.22370519,2025,5,3
25000981,Property Damage Crash,05/28/2025 12:55:00 AM,LEVERTON ST,NA,Front to Rear,Rain,Wet,Medium,No Controls,NONE DETECTED,Yes,No Apparent Injury,NA,Unknown,NA,Passenger Car,Accelerating,25,No,2016,HONDA,PILOT,39.07183886,-77.07338733,2025,5,0
250023605,Property Damage Crash,05/28/2025 12:17:00 AM,SAM EIG HWY (SB/L),NA,Single Vehicle,Rain,Wet,Medium,Flashing Traffic Control Signal,DRUG PRESENT,No,No Apparent Injury,"Disregarded Other Traffic Sign, Improper Turn, Ran Off Roadway, Too Fast For Conditions",Unknown,MD,Passenger Car,Moving Constant Speed,45,No,2004,CHEVROLET,IMPALA,39.10854958,-77.21237602,2025,5,0
250023597,Injury Crash,05/27/2025 10:41:00 PM,OLD COLUMBIA PIKE,NA,Front to Rear,Rain,Wet,Medium,No Controls,NONE DETECTED,Yes,Possible Minor Injury,Followed Too Closely,Unknown,MD,Pickup,Moving Constant Speed,30,No,2022,FORD,F-150,39.10942126,-76.93532706,2025,5,22
250023597,Injury Crash,05/27/2025 10:41:00 PM,OLD COLUMBIA PIKE,NA,Front to Rear,Rain,Wet,Medium,No Controls,NONE DETECTED,No,No Apparent Injury,NA,Not Distracted,MD,Pickup,Stopped in Traffic,30,No,2018,FORD,F-150,39.10942126,-76.93532706,2025,5,22
250023579,Property Damage Crash,05/27/2025 08:48:00 PM,NA,NA,Front to Rear,Rain,NA,Medium,NA,NONE DETECTED,No,No Apparent Injury,NA,Not Distracted,MD,Passenger Car,Parked,0,No,2023,JEEP,GRAND CHEROKEE,39.08163064,-76.94645857,2025,5,20
250023579,Property Damage Crash,05/27/2025 08:48:00 PM,NA,NA,Front to Rear,Rain,NA,Medium,NA,NONE DETECTED,No,NA,NA,NA,NA,Passenger Car,Accelerating,0,No,2010,LEXUS,HS,39.08163064,-76.94645857,2025,5,20
250023573,Property Damage Crash,05/27/2025 08:40:00 PM,NA,NA,Angle,Rain,Wet,Dark,Stop Sign,NONE DETECTED,No,No Apparent Injury,NA,Not Distracted,MD,Passenger Car,Moving Constant Speed,25,No,2025,CHEVROLET,EQUINOX,39.00403317,-77.0409946,2025,5,20
250023573,Property Damage Crash,05/27/2025 08:40:00 PM,NA,NA,Angle,Rain,Wet,Dark,Stop Sign,NONE DETECTED,Yes,No Apparent Injury,NA,Unknown,MD,Passenger Car,Accelerating,20,No,2009,HONDA,ACCORD,39.00403317,-77.0409946,2025,5,20
250023570,Injury Crash,05/27/2025 08:14:00 PM,AIRCRAFT DR,NA,Angle,Rain,Wet,Daylight,Traffic Control Signal,NONE DETECTED,No,Possible Minor Injury,NA,Not Distracted,MD,Passenger Car,Moving Constant Speed,25,No,2014,HONDA,ACCORD,39.18223757,-77.2604008,2025,5,20
250023570,Injury Crash,05/27/2025 08:14:00 PM,AIRCRAFT DR,NA,Angle,Rain,Wet,Daylight,Traffic Control Signal,NONE DETECTED,Yes,No Apparent Injury,NA,Unknown,MD,Passenger Car,Turning Left,40,No,2019,HONDA,ACCORD,39.18223757,-77.2604008,2025,5,20
250023562,Property Damage Crash,05/27/2025 06:31:00 PM,CONNECTICUT AVE,NA,Front to Rear,Cloudy,Dry,Daylight,No Controls,NONE DETECTED,No,NA,NA,NA,NA,Sport Utility Vehicle,Slowing or Stopping,35,No,2021,HONDA,CR-V,39.00012479,-77.07679975,2025,5,18
250023562,Property Damage Crash,05/27/2025 06:31:00 PM,CONNECTICUT AVE,NA,Front to Rear,Cloudy,Dry,Daylight,No Controls,NONE DETECTED,No,No Apparent Injury,NA,Not Distracted,MD,Sport Utility Vehicle,Slowing or Stopping,35,No,2014,HONDA,CR-V,39.00012479,-77.07679975,2025,5,18
250023537,Property Damage Crash,05/27/2025 05:21:00 PM,W MONTGOMERY AVE,NA,Single Vehicle,Rain,Wet,Daylight,No Controls,NONE DETECTED,No,No Apparent Injury,NA,Not Distracted,MD,Sport Utility Vehicle,Moving Constant Speed,25,No,2023,BMW,X7,39.0840958,-77.15609671,2025,5,17
250023527,Property Damage Crash,05/27/2025 04:21:00 PM,RAMP 2 FR RP 7 (FR IS370 WB) TO MD355 NB,NA,Front to Rear,Cloudy,Wet,Daylight,Traffic Control Signal,NONE DETECTED,Yes,No Apparent Injury,"Operated Motor Vehicle in Inattentive, Careless, Negligent, or Erratic Manner, Too Fast For Conditions",NA,MD,Sport Utility Vehicle,Turning Right,35,No,2010,HONDA,CR-V,39.12443055,-77.17990954,2025,5,16
250023527,Property Damage Crash,05/27/2025 04:21:00 PM,RAMP 2 FR RP 7 (FR IS370 WB) TO MD355 NB,NA,Front to Rear,Cloudy,Wet,Daylight,Traffic Control Signal,NONE DETECTED,No,No Apparent Injury,NA,Not Distracted,MD,Van - Passenger (&lt;9 Seats),Turning Right,35,No,2020,CHRYSLER,VOYAGER,39.12443055,-77.17990954,2025,5,16
250023555,Injury Crash,05/27/2025 04:15:00 PM,NA,NA,"Sideswipe, Same Direction",Cloudy,Wet,Daylight,No Controls,NONE DETECTED,No,Possible Minor Injury,NA,Unknown,MD,Motorcycle - 2 Wheeled,Overtaking/Passing,35,No,2018,KAWASAKI,Z900RS CAFE,39.02677008,-77.22025242,2025,5,16
250023555,Injury Crash,05/27/2025 04:15:00 PM,NA,NA,"Sideswipe, Same Direction",Cloudy,Wet,Daylight,No Controls,NONE DETECTED,No,No Apparent Injury,NA,Not Distracted,MD,Pickup,Turning Left,35,No,2024,FORD,MAVERICK,39.02677008,-77.22025242,2025,5,16
250023518,Property Damage Crash,05/27/2025 04:00:00 PM,COLUMBIA PIKE,NA,Front to Rear,Rain,Wet,Daylight,No Controls,NONE DETECTED,Yes,No Apparent Injury,NA,Not Distracted,MD,Passenger Car,Changing Lanes,55,No,2008,HONDA,CIVIC,39.04539583,-76.98881667,2025,5,16
250023518,Property Damage Crash,05/27/2025 04:00:00 PM,COLUMBIA PIKE,NA,Front to Rear,Rain,Wet,Daylight,No Controls,NONE DETECTED,No,No Apparent Injury,NA,Not Distracted,MD,Passenger Car,Moving Constant Speed,55,No,2017,HONDA,CR-V,39.04539583,-76.98881667,2025,5,16
250023518,Property Damage Crash,05/27/2025 04:00:00 PM,COLUMBIA PIKE,NA,Front to Rear,Rain,Wet,Daylight,No Controls,NONE DETECTED,No,No Apparent Injury,NA,Not Distracted,MD,Passenger Car,Moving Constant Speed,55,No,2025,TOYOTA,COROLLA,39.04539583,-76.98881667,2025,5,16
250023508,Injury Crash,05/27/2025 03:20:00 PM,LANARK WAY,NA,Front to Front,Rain,Wet,Daylight,Stop Sign,NONE DETECTED,Yes,No Apparent Injury,NA,Not Distracted,MD,Pickup,Turning Left,25,No,2018,TOYOTA,TACOMA,39.01902633,-77.01557783,2025,5,15
250023508,Injury Crash,05/27/2025 03:20:00 PM,LANARK WAY,NA,Front to Front,Rain,Wet,Daylight,No Controls,NONE DETECTED,No,Possible Minor Injury,NA,Not Distracted,MD,Passenger Car,Moving Constant Speed,25,No,2022,HONDA,ACCORD,39.01902633,-77.01557783,2025,5,15
250023520,Property Damage Crash,05/27/2025 03:18:00 PM,FLOWER AVE,NA,"Sideswipe, Same Direction",Clear,Dry,Daylight,No Controls,NONE DETECTED,No,No Apparent Injury,Failed to Keep in Proper Lane,Not Distracted,NA,Passenger Car,Moving Constant Speed,20,No,2020,FORD,COMMERCIAL CHASSIS,38.9970878,-77.00332185,2025,5,15
250023513,Property Damage Crash,05/27/2025 02:58:00 PM,GLENALLAN AVE (WB/L),NA,Single Vehicle,Rain,Wet,Daylight,No Controls,NONE DETECTED,No,No Apparent Injury,NA,Unknown,MD,Passenger Car,Negotiating a Curve,35,No,2005,TOYOTA,CAMRY,39.06369547,-77.05384974,2025,5,14
250023501,Property Damage Crash,05/27/2025 02:23:00 PM,NA,NA,Front to Rear,Rain,NA,Daylight,NA,NONE DETECTED,No,No Apparent Injury,NA,Not Distracted,VA,Passenger Car,Turning Right,0,No,2015,TOYOTA,COROLLA,38.96325352,-77.08589244,2025,5,14
250023501,Property Damage Crash,05/27/2025 02:23:00 PM,NA,NA,Front to Rear,Rain,NA,Daylight,NA,NONE DETECTED,Yes,No Apparent Injury,NA,Not Distracted,MD,Sport Utility Vehicle,Accelerating,0,No,2013,LEXUS,TK,38.96325352,-77.08589244,2025,5,14
250023672,Property Damage Crash,05/27/2025 01:43:00 PM,FREDERICK RD,NA,"Sideswipe, Same Direction",Rain,Wet,Daylight,No Controls,NONE DETECTED,No,No Apparent Injury,NA,Not Distracted,MD,Sport Utility Vehicle,Moving Constant Speed,40,No,2011,MAZDA,CX-7,39.12179625,-77.17661467,2025,5,13
250023672,Property Damage Crash,05/27/2025 01:43:00 PM,FREDERICK RD,NA,"Sideswipe, Same Direction",Rain,Wet,Daylight,No Controls,NONE DETECTED,No,NA,NA,NA,NA,Single-Unit Truck,Moving Constant Speed,40,No,2021,RAM,5500,39.12179625,-77.17661467,2025,5,13
250023479,Property Damage Crash,05/27/2025 01:35:00 PM,AVERY RD,NA,Single Vehicle,Rain,Wet,Daylight,No Controls,NONE DETECTED,Yes,No Apparent Injury,NA,Not Distracted,FL,Passenger Car,Turning Right,40,No,2007,SUZUKI,VL800,39.12199983,-77.115599,2025,5,13
250023471,Property Damage Crash,05/27/2025 01:10:00 PM,MIDDLEBROOK RD,NA,"Sideswipe, Same Direction",Cloudy,Dry,Daylight,Traffic Control Signal,NONE DETECTED,No,No Apparent Injury,NA,Not Distracted,MD,Passenger Car,Moving Constant Speed,45,No,2015,CHEVROLET,SONIC,39.1749395,-77.25331954,2025,5,13
250023471,Property Damage Crash,05/27/2025 01:10:00 PM,MIDDLEBROOK RD,NA,"Sideswipe, Same Direction",Cloudy,Dry,Daylight,Traffic Control Signal,NONE DETECTED,Yes,No Apparent Injury,"Disregarded Other Road Markings, Improper Passing, Ran Off Roadway",Unknown,MD,Sport Utility Vehicle,Accelerating,45,No,2020,CADILLAC,XT6,39.1749395,-77.25331954,2025,5,13
250023468,Injury Crash,05/27/2025 01:05:00 PM,COLESVILLE RD,NA,Front to Rear,Rain,Wet,Daylight,No Controls,NONE DETECTED,Yes,No Apparent Injury,NA,Not Distracted,MD,Passenger Car,Moving Constant Speed,30,No,2008,VOLVO,V50,39.02149588,-77.01194225,2025,5,13
250023468,Injury Crash,05/27/2025 01:05:00 PM,COLESVILLE RD,NA,Front to Rear,Rain,Wet,Daylight,No Controls,NONE DETECTED,No,No Apparent Injury,NA,Unknown,MD,Passenger Car,Slowing or Stopping,35,No,2021,TESLA,MODEL Y,39.02149588,-77.01194225,2025,5,13
250023470,Property Damage Crash,05/27/2025 12:30:00 PM,CARTER MILL WAY,NA,Front to Rear,Clear,Dry,Daylight,No Controls,NONE DETECTED,Yes,No Apparent Injury,NA,Unknown,MD,Passenger Car,NA,35,No,2021,NISSAN,MAXIMA,39.17111301,-77.05182856,2025,5,12
250023596,Property Damage Crash,05/27/2025 12:15:00 PM,NA,NA,Other,Clear,NA,Daylight,NA,NONE DETECTED,No,No Apparent Injury,NA,Unknown,NA,NA,NA,0,No,0,NA,NA,39.08249602,-76.94568036,2025,5,12
250023458,Injury Crash,05/27/2025 11:45:00 AM,HUNGERFORD DR (SB/L),NA,"Sideswipe, Same Direction",Clear,Dry,Daylight,No Controls,NONE DETECTED,Yes,No Apparent Injury,NA,Not Distracted,MD,Pickup,Changing Lanes,30,No,2009,DODGE,RAM,39.09078728,-77.15282376,2025,5,11
250023458,Injury Crash,05/27/2025 11:45:00 AM,HUNGERFORD DR (SB/L),NA,"Sideswipe, Same Direction",Clear,Dry,Daylight,No Controls,NONE DETECTED,No,No Apparent Injury,NA,Not Distracted,MD,Bus - Transit,Moving Constant Speed,30,No,2022,NEW FLYER,XCELSIOR,39.09078728,-77.15282376,2025,5,11
250023457,Property Damage Crash,05/27/2025 11:10:00 AM,CHELTENHAM DR,NA,Front to Rear,Cloudy,Dry,Daylight,No Controls,NONE DETECTED,No,No Apparent Injury,Other Improper Action,Unknown,NA,Passenger Car,Backing,35,No,2025,TOYOTA,CAMRY,38.98827783,-77.09542667,2025,5,11
250023457,Property Damage Crash,05/27/2025 11:10:00 AM,CHELTENHAM DR,NA,Front to Rear,Cloudy,Dry,Daylight,No Controls,NONE DETECTED,No,No Apparent Injury,NA,Not Distracted,MD,Sport Utility Vehicle,Parked,35,No,2022,CHEVROLET,SUBURBAN,38.98827783,-77.09542667,2025,5,11
250023439,Injury Crash,05/27/2025 10:26:00 AM,GEORGIA AVE (SB/L),NA,"Sideswipe, Same Direction",Clear,Dry,Daylight,No Controls,NONE DETECTED,Yes,No Apparent Injury,Improper Passing,Not Distracted,MD,Passenger Car,Changing Lanes,25,No,2020,HONDA,CIVIC,39.041971,-77.05193578,2025,5,10
250023439,Injury Crash,05/27/2025 10:26:00 AM,GEORGIA AVE (SB/L),NA,"Sideswipe, Same Direction",Clear,Dry,Daylight,No Controls,NONE DETECTED,No,Possible Minor Injury,NA,Not Distracted,MD,Bus - Transit,Stopped in Traffic,25,No,2013,NEW FLYER,XCELSIOR,39.041971,-77.05193578,2025,5,10
250023427,Property Damage Crash,05/27/2025 10:12:00 AM,NA,NA,Front to Front,Clear,NA,Daylight,NA,NONE DETECTED,No,No Apparent Injury,NA,Not Distracted,MD,Passenger Car,Turning Right,0,No,2019,FORD,F-250,39.08657571,-77.15008927,2025,5,10
250023427,Property Damage Crash,05/27/2025 10:12:00 AM,NA,NA,Front to Front,Clear,NA,Daylight,NA,NONE DETECTED,No,No Apparent Injury,Wrong Side,Unknown,VA,Passenger Car,Turning Left,0,No,2021,TESLA,MODEL 3,39.08657571,-77.15008927,2025,5,10
250023413,Injury Crash,05/27/2025 08:41:00 AM,EWING DR,Pedestrian,Angle,Clear,Dry,Daylight,Stop Sign,NONE DETECTED,Yes,No Apparent Injury,NA,Unknown,MD,Other Trucks,Entering Traffic Lane,20,No,2002,INTERNATIONAL,MA025,39.0012327,-77.12319255,2025,5,8
250023413,Injury Crash,05/27/2025 08:41:00 AM,EWING DR,Pedestrian,Angle,Clear,Dry,Daylight,No Controls,NONE DETECTED,No,Suspected Serious Injury,Other Improper Action,Unknown,MD,Sport Utility Vehicle,Moving Constant Speed,30,No,2023,AUDI,SQ5,39.0012327,-77.12319255,2025,5,8
250023402,Property Damage Crash,05/27/2025 08:05:00 AM,CHERRY HILL RD,NA,Front to Rear,Cloudy,Dry,Daylight,No Controls,NONE DETECTED,Yes,No Apparent Injury,Followed Too Closely,Not Distracted,MD,Passenger Car,Moving Constant Speed,35,No,2011,ACURA,RDX,39.05818868,-76.95533882,2025,5,8
250023402,Property Damage Crash,05/27/2025 08:05:00 AM,CHERRY HILL RD,NA,Front to Rear,Cloudy,Dry,Daylight,No Controls,NONE DETECTED,No,No Apparent Injury,NA,Not Distracted,MD,Passenger Car,Moving Constant Speed,35,No,2021,TOYOTA,RAV4,39.05818868,-76.95533882,2025,5,8
250022266,Property Damage Crash,05/27/2025 07:54:00 AM,MIDCOUNTY HWY,NA,"Sideswipe, Same Direction",Clear,Dry,Daylight,No Controls,NONE DETECTED,No,No Apparent Injury,Other Improper Action,Unknown,NA,Passenger Car,Moving Constant Speed,35,No,2018,TESLA,MODEL 3,39.15768647,-77.19087911,2025,5,7
250022266,Property Damage Crash,05/27/2025 07:54:00 AM,MIDCOUNTY HWY,NA,"Sideswipe, Same Direction",Clear,Dry,Daylight,No Controls,NONE DETECTED,No,No Apparent Injury,NA,Not Distracted,MD,Passenger Car,Moving Constant Speed,40,No,2013,FORD,E-250,39.15768647,-77.19087911,2025,5,7
250023401,Property Damage Crash,05/27/2025 07:53:00 AM,NICHOLSON LA,NA,Front to Rear,Cloudy,Dry,Daylight,Traffic Control Signal,NONE DETECTED,No,No Apparent Injury,Improper Backing,Not Distracted,MD,Bus - School,Backing,35,No,2021,THOMAS BUILT,HDX,39.04497833,-77.111125,2025,5,7
250023401,Property Damage Crash,05/27/2025 07:53:00 AM,NICHOLSON LA,NA,Front to Rear,Cloudy,Dry,Daylight,Traffic Control Signal,NONE DETECTED,No,No Apparent Injury,NA,Not Distracted,MD,Bus - School,Stopped in Traffic,35,No,2016,THOMAS BUILT,HDX,39.04497833,-77.111125,2025,5,7
250023385,Property Damage Crash,05/27/2025 06:33:00 AM,NA,NA,Single Vehicle,Clear,Dry,Daylight,Traffic Control Signal,NONE DETECTED,No,No Apparent Injury,NA,"Other Action (looking away from task, etc.)",FL,Passenger Car,Moving Constant Speed,45,No,2023,DODGE,CHARGER,39.15919452,-77.21900004,2025,5,6
250023356,Property Damage Crash,05/26/2025 08:54:00 PM,MANOR RD,NA,Angle,Clear,Dry,Medium,No Controls,NONE DETECTED,No,No Apparent Injury,NA,Not Distracted,NY,Sport Utility Vehicle,Turning Left,30,No,2021,TESLA,MODEL Y,38.99647767,-77.07557522,2025,5,20
250023356,Property Damage Crash,05/26/2025 08:54:00 PM,MANOR RD,NA,Angle,Clear,Dry,Medium,No Controls,NONE DETECTED,No,NA,NA,NA,NA,NA,Accelerating,30,No,0,NA,NA,38.99647767,-77.07557522,2025,5,20
250023355,Property Damage Crash,05/26/2025 08:28:00 PM,CAPITAL BELTWAY (WB/L),NA,"Sideswipe, Same Direction",Clear,Dry,Daylight,"Other Pavement Marking (excluding edgelines, centerlines, or lane lines)",NONE DETECTED,No,No Apparent Injury,"Failed to Yield Right-of-Way, Operated Motor Vehicle in Inattentive, Careless, Negligent, or Erratic Manner",Unknown,NA,Passenger Car,Changing Lanes,55,No,2015,DODGE,GRAND CARAVAN,39.01916385,-76.97615208,2025,5,20
250023355,Property Damage Crash,05/26/2025 08:28:00 PM,CAPITAL BELTWAY (WB/L),NA,"Sideswipe, Same Direction",Clear,Dry,Daylight,"Other Pavement Marking (excluding edgelines, centerlines, or lane lines)",NONE DETECTED,No,No Apparent Injury,NA,Not Distracted,DC,Passenger Car,Moving Constant Speed,55,No,2018,LEXUS,RX,39.01916385,-76.97615208,2025,5,20
250023339,Injury Crash,05/26/2025 06:42:00 PM,GREENCASTLE RD,NA,Single Vehicle,Clear,Dry,Daylight,No Controls,NONE DETECTED,Yes,No Apparent Injury,"Operated Motor Vehicle in Inattentive, Careless, Negligent, or Erratic Manner, Operated Motor Vehicle in Reckless or Aggressive Manner, Ran Off Roadway, Too Fast For Conditions",Not Distracted,MD,Passenger Car,Moving Constant Speed,35,No,2011,TOYOTA,COROLLA,39.08976,-76.930272,2025,5,18
250023325,Property Damage Crash,05/26/2025 05:30:00 PM,NA,NA,Angle,Clear,Dry,Daylight,Lane Use Control Signal,NONE DETECTED,No,No Apparent Injury,NA,Not Distracted,MD,Passenger Car,Moving Constant Speed,30,No,2015,HONDA,CIVIC,39.00524378,-77.02287108,2025,5,17
250023325,Property Damage Crash,05/26/2025 05:30:00 PM,NA,NA,Angle,Clear,Dry,Daylight,Lane Use Control Signal,NONE DETECTED,No,No Apparent Injury,NA,Not Distracted,MD,Passenger Car,Turning Left,30,No,2010,TOYOTA,COROLLA,39.00524378,-77.02287108,2025,5,17
250023322,Injury Crash,05/26/2025 05:00:00 PM,NA,NA,Angle,Clear,Dry,Daylight,No Controls,NONE DETECTED,No,Possible Minor Injury,NA,Not Distracted,MD,Pickup,Moving Constant Speed,40,No,2004,CHEVROLET,AVALANCHE,39.15551,-77.16704033,2025,5,17
250023322,Injury Crash,05/26/2025 05:00:00 PM,NA,NA,Angle,Clear,Dry,Daylight,Stop Sign,NONE DETECTED,Yes,No Apparent Injury,NA,Unknown,MD,Sport Utility Vehicle,Turning Right,15,No,2015,AUDI,Q5,39.15551,-77.16704033,2025,5,17
250023319,Injury Crash,05/26/2025 04:34:00 PM,ROCKVILLE PIKE (SB/L),NA,Front to Rear,Clear,Dry,Daylight,Traffic Control Signal,NONE DETECTED,No,No Apparent Injury,NA,Not Distracted,MD,Sport Utility Vehicle,Slowing or Stopping,35,No,2025,MERCEDES-BENZ,GLC-CLASS,39.050199,-77.1146865,2025,5,16
250023319,Injury Crash,05/26/2025 04:34:00 PM,ROCKVILLE PIKE (SB/L),NA,Front to Rear,Clear,Dry,Daylight,Traffic Control Signal,NONE DETECTED,Yes,Possible Minor Injury,NA,Not Distracted,MD,Passenger Car,Moving Constant Speed,35,No,2016,CHEVROLET,CRUZE,39.050199,-77.1146865,2025,5,16
250023341,Property Damage Crash,05/26/2025 04:01:00 PM,THIRTEENTH AVE,NA,"Sideswipe, Same Direction",Clear,Dry,Daylight,No Controls,NONE DETECTED,No,NA,NA,NA,NA,Passenger Car,Moving Constant Speed,15,No,2015,FORD,FOCUS,38.98102035,-76.98842362,2025,5,16
250023315,Property Damage Crash,05/26/2025 03:33:00 PM,WOOTTON PKWY,NA,Single Vehicle,Clear,Dry,Daylight,No Controls,NONE DETECTED,No,No Apparent Injury,NA,Not Distracted,MD,Station Wagon,Moving Constant Speed,25,No,2018,SUBARU,FORESTER,39.07938797,-77.18363261,2025,5,15
250023302,Property Damage Crash,05/26/2025 03:02:00 PM,ROBINDALE DR,NA,Single Vehicle,Clear,Dry,Daylight,Traffic Control Signal,NONE DETECTED,Yes,No Apparent Injury,NA,Not Distracted,MD,Passenger Car,Making U-Turn,35,No,2012,NISSAN,ROGUE,39.06312599,-77.09491685,2025,5,15
250023301,Injury Crash,05/26/2025 02:30:00 PM,NA,Scooter (non-Electric),Single Vehicle,Clear,Dry,Daylight,No Controls,NONE DETECTED,No,No Apparent Injury,NA,Not Distracted,MD,Passenger Car,NA,10,No,2025,BMW,X7,39.16660202,-77.28694648,2025,5,14
250023293,Injury Crash,05/26/2025 12:30:00 PM,NA,NA,Rear To Side,Clear,Dry,Daylight,Stop Sign,NONE DETECTED,Yes,No Apparent Injury,Failed to Yield Right-of-Way,Talking/listening,PA,Passenger Car,Turning Left,25,No,2020,HYUNDAI,ELANTRA,38.98669875,-77.021463550000007,2025,5,12
250023293,Injury Crash,05/26/2025 12:30:00 PM,NA,NA,Rear To Side,Clear,Dry,Daylight,Stop Sign,NONE DETECTED,No,Possible Minor Injury,NA,Not Distracted,MD,Passenger Car,Moving Constant Speed,25,No,2014,DODGE,CHARGER,38.98669875,-77.021463550000007,2025,5,12
250023286,Property Damage Crash,05/26/2025 12:10:00 PM,MUDDY BRANCH RD (SB/L),NA,Single Vehicle,Clear,Dry,Daylight,No Controls,NONE DETECTED,Yes,No Apparent Injury,Ran Off Roadway,Not Distracted,MD,Pickup,Turning Right,35,No,2023,TOYOTA,TACOMA,39.13363346,-77.20622462,2025,5,12
250023285,Injury Crash,05/26/2025 11:53:00 AM,NA,NA,Front to Front,Clear,Dry,Daylight,Traffic Control Signal,NONE DETECTED,No,No Apparent Injury,NA,Not Distracted,MD,Passenger Car,Turning Left,35,No,2016,TOYOTA,CAMRY,39.03716699,-77.1482678,2025,5,11
250023285,Injury Crash,05/26/2025 11:53:00 AM,NA,NA,Front to Front,Clear,Dry,Daylight,Traffic Control Signal,NONE DETECTED,No,No Apparent Injury,"Failed to Yield Right-of-Way, Ran Red Light",Not Distracted,MD,Passenger Car,Moving Constant Speed,35,No,2018,FORD,FUSION,39.03716699,-77.1482678,2025,5,11
250023274,Property Damage Crash,05/26/2025 10:41:00 AM,CONNECTICUT AVE,NA,Front to Rear,Clear,Dry,Daylight,Traffic Control Signal,NONE DETECTED,No,NA,NA,NA,NA,Passenger Car,Slowing or Stopping,35,No,2024,CADILLAC,LYRIQ,39.05140524,-77.07475219,2025,5,10
250023274,Property Damage Crash,05/26/2025 10:41:00 AM,CONNECTICUT AVE,NA,Front to Rear,Clear,Dry,Daylight,Traffic Control Signal,NONE DETECTED,No,No Apparent Injury,NA,Not Distracted,MD,Passenger Car,Stopped in Traffic,35,No,2023,TESLA,MODEL Y,39.05140524,-77.07475219,2025,5,10
250023272,Property Damage Crash,05/26/2025 10:34:00 AM,NEW HAMPSHIRE AVE SER RD,NA,Single Vehicle,Cloudy,Dry,Daylight,No Controls,NONE DETECTED,Yes,No Apparent Injury,NA,Unknown,MD,Passenger Car,Accelerating,25,No,2006,HONDA,CIVIC,39.01661016,-76.97778779,2025,5,10
250023267,Property Damage Crash,05/26/2025 10:00:00 AM,CHILTON DR,NA,"Sideswipe, Same Direction",Clear,Dry,Daylight,No Controls,NONE DETECTED,Yes,No Apparent Injury,NA,"Other Action (looking away from task, etc.)",DC,Passenger Car,Moving Constant Speed,25,No,2010,FORD,FUSION,39.06602169,-76.98544744,2025,5,10
250023255,Property Damage Crash,05/26/2025 04:48:00 AM,HILLTOP RD,NA,Single Vehicle,Clear,Dry,Medium,Traffic Control Signal,ALCOHOL PRESENT,Yes,No Apparent Injury,NA,Unknown,MD,Passenger Car,NA,35,No,2008,NISSAN,ALTIMA,38.99102216,-77.0104399,2025,5,4
250023253,Property Damage Crash,05/26/2025 04:10:00 AM,BRIGGS CHANEY RD (WB/L),NA,Unknown,Clear,Dry,Medium,No Controls,NONE DETECTED,No,No Apparent Injury,Failed to Keep in Proper Lane,"Other Action (looking away from task, etc.)",MD,Sport Utility Vehicle,NA,35,No,2023,DODGE,DURANGO,39.08097517,-76.94605733,2025,5,4
250023247,Injury Crash,05/26/2025 01:22:00 AM,WOOTTON AVE,NA,Single Vehicle,Clear,Dry,Medium,No Controls,NONE DETECTED,No,Possible Minor Injury,Failed to Keep in Proper Lane,Unknown,MD,Passenger Car,NA,25,No,2021,TOYOTA,COROLLA,39.14306667,-77.41308333,2025,5,1