Local Case Number,ACRS Report Type,Crash Date/Time,Road Name,Related Non-Motorist,Collision Type,Weather,Surface Condition,Light,Traffic Control,Driver Substance Abuse,Driver At Fault,Injury Severity,Circumstance,Driver Distracted By,Drivers License State,Vehicle Body Type,Vehicle Movement,Speed Limit,Driverless Vehicle,Vehicle Year,Vehicle Make,Vehicle Model,Latitude,Longitude,Year,Month,Hour
250023232,Injury Crash,05/25/2025 09:55:00 PM,GEORGIA AVE (SB/L),NA,Front to Rear,Clear,Dry,Medium,Traffic Control Signal,NONE DETECTED,No,No Apparent Injury,NA,Not Distracted,VA,Passenger Car,Slowing or Stopping,30,No,2023,TESLA,MODEL Y,38.99620283,-77.02795566,2025,5,21
250023232,Injury Crash,05/25/2025 09:55:00 PM,GEORGIA AVE (SB/L),NA,Front to Rear,Clear,Dry,Medium,Traffic Control Signal,NONE DETECTED,No,NA,NA,NA,NA,Passenger Car,Moving Constant Speed,30,No,2016,FORD,F-250,38.99620283,-77.02795566,2025,5,21
250023230,Property Damage Crash,05/25/2025 09:18:00 PM,GREENCASTLE RD,NA,Rear To Side,Clear,Dry,Medium,Traffic Control Signal,NONE DETECTED,No,No Apparent Injury,NA,Not Distracted,MD,Pickup,Moving Constant Speed,25,No,2017,TOYOTA,TACOMA,39.09555261,-76.93786557,2025,5,21
250023230,Property Damage Crash,05/25/2025 09:18:00 PM,GREENCASTLE RD,NA,Rear To Side,Clear,Dry,Medium,Traffic Control Signal,ALCOHOL PRESENT,Yes,No Apparent Injury,NA,Unknown,MD,Passenger Car,Turning Left,25,No,2020,HONDA,ACCORD,39.09555261,-76.93786557,2025,5,21
250023227,Injury Crash,05/25/2025 09:00:00 PM,VEIRS MILL RD (WB/L),Pedestrian,Single Vehicle,Clear,Dry,Medium,Pedestrian Crossing Sign,NONE DETECTED,No,No Apparent Injury,NA,Not Distracted,MD,Passenger Car,Moving Constant Speed,35,No,2010,TOYOTA,COROLLA,39.04417177,-77.06320304,2025,5,21
250023224,Injury Crash,05/25/2025 08:50:00 PM,NA,NA,Front to Rear,Clear,Dry,Medium,No Controls,NONE DETECTED,No,Possible Minor Injury,NA,Not Distracted,MD,Passenger Car,Slowing or Stopping,35,No,2011,HYUNDAI,SONATA,39.0905127,-77.05864103,2025,5,20
250023224,Injury Crash,05/25/2025 08:50:00 PM,NA,NA,Front to Rear,Clear,Dry,Medium,No Controls,NONE DETECTED,No,Possible Minor Injury,NA,Not Distracted,MD,Sport Utility Vehicle,Slowing or Stopping,35,No,2022,HONDA,PILOT,39.0905127,-77.05864103,2025,5,20
250023224,Injury Crash,05/25/2025 08:50:00 PM,NA,NA,Front to Rear,Clear,Dry,Medium,No Controls,NONE DETECTED,No,NA,NA,Unknown,NA,NA,NA,35,No,0,NA,NA,39.0905127,-77.05864103,2025,5,20
250023224,Injury Crash,05/25/2025 08:50:00 PM,NA,NA,Front to Rear,Clear,Dry,Medium,No Controls,NONE DETECTED,No,No Apparent Injury,NA,Not Distracted,MD,Sport Utility Vehicle,Slowing or Stopping,35,No,2018,JEEP,WRANGLER JK,39.0905127,-77.05864103,2025,5,20
250023221,Property Damage Crash,05/25/2025 07:32:00 PM,GEORGIA AVE,NA,Rear To Side,Clear,Dry,Daylight,Traffic Control Signal,NONE DETECTED,Yes,No Apparent Injury,"Failed to Yield Right-of-Way, Improper Turn",Unknown,MD,Passenger Car,Moving Constant Speed,35,No,2008,HONDA,FIT,39.052747599999996,-77.05095844,2025,5,19
250023221,Property Damage Crash,05/25/2025 07:32:00 PM,GEORGIA AVE,NA,Rear To Side,Clear,Dry,Daylight,Traffic Control Signal,NONE DETECTED,No,No Apparent Injury,NA,Not Distracted,MD,Passenger Car,Moving Constant Speed,35,No,2022,SUBARU,LEGACY,39.052747599999996,-77.05095844,2025,5,19
250023952,Property Damage Crash,05/25/2025 07:30:00 PM,GLENVILLE RD,NA,"Sideswipe, Opposite Direction",Clear,Dry,Daylight,No Controls,NONE DETECTED,No,No Apparent Injury,NA,NA,NA,Van - Passenger (&lt;9 Seats),Backing,25,No,2006,FORD,E-350,38.99462488,-76.99394356,2025,5,19
250023216,Property Damage Crash,05/25/2025 06:35:00 PM,AIRPARK RD,NA,Front to Rear,Cloudy,Dry,Daylight,Traffic Control Signal,NONE DETECTED,Yes,No Apparent Injury,Followed Too Closely,Unknown,MD,Sport Utility Vehicle,Moving Constant Speed,35,No,2012,HONDA,PILOT,39.16935104,-77.15441569,2025,5,18
250023216,Property Damage Crash,05/25/2025 06:35:00 PM,AIRPARK RD,NA,Front to Rear,Cloudy,Dry,Daylight,Traffic Control Signal,NONE DETECTED,No,No Apparent Injury,NA,Not Distracted,MD,Passenger Car,Stopped in Traffic,35,No,2009,TOYOTA,COROLLA MATRIX,39.16935104,-77.15441569,2025,5,18
250023213,Property Damage Crash,05/25/2025 05:57:00 PM,NORBECK RD (WB/L),NA,"Sideswipe, Same Direction",Cloudy,Dry,Daylight,Traffic Control Signal,NONE DETECTED,No,No Apparent Injury,NA,Not Distracted,MD,Passenger Car,Moving Constant Speed,35,No,2007,HONDA,CR-V,39.12051964,-77.03373708,2025,5,17
250023213,Property Damage Crash,05/25/2025 05:57:00 PM,NORBECK RD (WB/L),NA,"Sideswipe, Same Direction",Cloudy,Dry,Daylight,Traffic Control Signal,NONE DETECTED,Yes,No Apparent Injury,Failed to Keep in Proper Lane,Unknown,MD,Passenger Car,Changing Lanes,35,No,2016,HONDA,CIVIC,39.12051964,-77.03373708,2025,5,17
250023205,Property Damage Crash,05/25/2025 04:50:00 PM,NA,NA,Single Vehicle,Clear,NA,Daylight,NA,NONE DETECTED,Yes,No Apparent Injury,NA,Unknown,NA,Passenger Car,Moving Constant Speed,0,No,2008,TOYOTA,CAMRY,39.07943403,-77.07249995,2025,5,16
250023203,Injury Crash,05/25/2025 03:50:00 PM,CLARA BARTON PKWY (NB/L),NA,"Sideswipe, Same Direction",Clear,Dry,Daylight,Yield Sign,NONE DETECTED,No,No Apparent Injury,NA,Unknown,VA,Sport Utility Vehicle,Entering Traffic Lane,35,No,2018,LAND ROVER,RANGE ROVER VELAR,38.96247986,-77.1355961,2025,5,15
250023201,Property Damage Crash,05/25/2025 03:50:00 PM,CONNECTICUT AVE (SB/L),NA,Front to Rear,Clear,Dry,Daylight,Traffic Control Signal,NONE DETECTED,Yes,No Apparent Injury,"Followed Too Closely, Operated Motor Vehicle in Inattentive, Careless, Negligent, or Erratic Manner, Other Improper Action",Unknown,NA,Sport Utility Vehicle,Moving Constant Speed,35,No,2008,HONDA,PILOT,38.9879799,-77.07722579,2025,5,15
250023201,Property Damage Crash,05/25/2025 03:50:00 PM,CONNECTICUT AVE (SB/L),NA,Front to Rear,Clear,Dry,Daylight,Traffic Control Signal,NONE DETECTED,No,No Apparent Injury,NA,Unknown,MD,Passenger Car,Stopped in Traffic,35,No,2022,SUBARU,FORESTER,38.9879799,-77.07722579,2025,5,15
250023200,Property Damage Crash,05/25/2025 03:50:00 PM,NA,NA,Front to Rear,Clear,NA,Daylight,NA,NONE DETECTED,No,No Apparent Injury,NA,Not Distracted,MD,Passenger Car,Parked,0,No,2020,TOYOTA,CAMRY,39.04071131,-77.05201989,2025,5,15
250023200,Property Damage Crash,05/25/2025 03:50:00 PM,NA,NA,Front to Rear,Clear,NA,Daylight,NA,NONE DETECTED,Yes,NA,NA,NA,NA,Passenger Car,Backing,0,No,0,NA,NA,39.04071131,-77.05201989,2025,5,15
250023203,Injury Crash,05/25/2025 03:50:00 PM,CLARA BARTON PKWY (NB/L),NA,"Sideswipe, Same Direction",Clear,Dry,Daylight,Yield Sign,NONE DETECTED,No,Possible Minor Injury,NA,Not Distracted,KY,Passenger Car,Moving Constant Speed,35,No,2013,CHEVROLET,MALIBU,38.96247986,-77.1355961,2025,5,15
250023195,Property Damage Crash,05/25/2025 03:00:00 PM,WATKINS MILL RD,NA,Front to Rear,Clear,Dry,Daylight,No Controls,NONE DETECTED,Yes,No Apparent Injury,NA,Not Distracted,MD,Passenger Car,Moving Constant Speed,35,No,2019,CADILLAC,XT4,39.1684392,-77.20989113,2025,5,15
250023182,Injury Crash,05/25/2025 01:30:00 PM,GEORGIA AVE,NA,Front to Rear,Clear,Dry,Daylight,Traffic Control Signal,NONE DETECTED,No,No Apparent Injury,NA,Not Distracted,MD,Motorcycle - 2 Wheeled,Stopped in Traffic,40,No,2016,YAMAHA,YZF-R3,39.13047743,-77.07085075,2025,5,13
250023182,Injury Crash,05/25/2025 01:30:00 PM,GEORGIA AVE,NA,Front to Rear,Clear,Dry,Daylight,Traffic Control Signal,NONE DETECTED,No,No Apparent Injury,NA,Not Distracted,MD,Pickup,Stopped in Traffic,40,No,2019,FORD,F-150,39.13047743,-77.07085075,2025,5,13
250023182,Injury Crash,05/25/2025 01:30:00 PM,GEORGIA AVE,NA,Front to Rear,Clear,Dry,Daylight,Traffic Control Signal,NONE DETECTED,No,Possible Minor Injury,"Operated Motor Vehicle in Inattentive, Careless, Negligent, or Erratic Manner",Not Distracted,MD,Sport Utility Vehicle,Slowing or Stopping,40,No,2005,HONDA,PILOT,39.13047743,-77.07085075,2025,5,13
250023173,Property Damage Crash,05/25/2025 11:55:00 AM,RAMP 6 FR MONTROSE RD EB TO IS 270 SB,NA,Front to Front,Clear,Dry,Daylight,No Controls,NONE DETECTED,No,No Apparent Injury,NA,Not Distracted,MD,Passenger Car,Moving Constant Speed,35,No,2019,SUBARU,OUTBACK,39.05665915,-77.15729504,2025,5,11
250023173,Property Damage Crash,05/25/2025 11:55:00 AM,RAMP 6 FR MONTROSE RD EB TO IS 270 SB,NA,Front to Front,Clear,Dry,Daylight,No Controls,NONE DETECTED,No,No Apparent Injury,NA,"Other Action (looking away from task, etc.)",MD,Passenger Car,Turning Left,35,No,2012,HONDA,CIVIC,39.05665915,-77.15729504,2025,5,11
250023166,Property Damage Crash,05/25/2025 11:20:00 AM,FREDERICK RD (SB/L),NA,Single Vehicle,Clear,Dry,Daylight,No Controls,NONE DETECTED,Yes,No Apparent Injury,Ran Off Roadway,Not Distracted,MD,Passenger Car,Turning Right,30,No,2022,TOYOTA,CAMRY,39.14288957,-77.20050527,2025,5,11
250023162,Property Damage Crash,05/25/2025 11:17:00 AM,MARYLAND AVE,NA,Front to Rear,Clear,Dry,Daylight,No Controls,NONE DETECTED,Yes,No Apparent Injury,NA,Not Distracted,MD,Single-Unit Truck,Backing,25,No,2018,INTERNATIONAL,SA525,39.08625507,-77.1510079,2025,5,11
250023155,Injury Crash,05/25/2025 10:03:00 AM,WELLER RD,NA,"Sideswipe, Same Direction",Clear,Dry,Daylight,Other Warning Sign,ALCOHOL PRESENT,Yes,Possible Minor Injury,"Operated Motor Vehicle in Inattentive, Careless, Negligent, or Erratic Manner, Too Fast For Conditions","Other Action (looking away from task, etc.)",MD,Passenger Car,Moving Constant Speed,30,No,2006,TOYOTA,AVALON,39.06491637,-77.065329,2025,5,10
250023164,Property Damage Crash,05/25/2025 10:01:00 AM,NA,NA,Single Vehicle,Clear,Dry,Daylight,No Controls,NONE DETECTED,No,NA,NA,NA,NA,Passenger Car,NA,35,No,2014,MERCEDES-BENZ,CLA-CLASS,38.99684579,-77.09672828,2025,5,10
250023134,Property Damage Crash,05/25/2025 03:44:00 AM,MERRIMAC DR,NA,Single Vehicle,Clear,Dry,Medium,No Controls,NONE DETECTED,Yes,No Apparent Injury,NA,Unknown,DC,Passenger Car,Making U-Turn,30,No,2013,DODGE,JOURNEY,38.99285693,-76.9912531,2025,5,3
250023121,Property Damage Crash,05/25/2025 12:46:00 AM,WIGHTMAN RD,NA,Angle,Clear,Dry,Medium,Flashing Traffic Control Signal,NONE DETECTED,Yes,No Apparent Injury,NA,Unknown,MD,Passenger Car,Accelerating,35,No,2010,CHEVROLET,MALIBU,39.1877267,-77.18678482,2025,5,0
250023121,Property Damage Crash,05/25/2025 12:46:00 AM,WIGHTMAN RD,NA,Angle,Clear,Dry,Medium,Flashing Traffic Control Signal,NONE DETECTED,No,No Apparent Injury,NA,Not Distracted,MD,Passenger Car,Accelerating,35,No,2008,LEXUS,ES,39.1877267,-77.18678482,2025,5,0
250023112,Property Damage Crash,05/24/2025 11:14:00 PM,GABEL ST,NA,Single Vehicle,Clear,Dry,Medium,No Controls,NONE DETECTED,Yes,No Apparent Injury,NA,Unknown,MD,Passenger Car,Moving Constant Speed,25,No,2009,HONDA,CIVIC,39.03258654,-77.02754455,2025,5,23
250023111,Property Damage Crash,05/24/2025 11:12:00 PM,GRANDVIEW AVE,NA,Angle,Clear,Dry,Medium,Stop Sign,NONE DETECTED,Yes,No Apparent Injury,NA,Unknown,NY,Passenger Car,Accelerating,25,No,2009,INFINITI,G37,39.05101131,-77.05269087,2025,5,23
250023111,Property Damage Crash,05/24/2025 11:12:00 PM,GRANDVIEW AVE,NA,Angle,Clear,Dry,Medium,No Controls,NONE DETECTED,No,No Apparent Injury,NA,Not Distracted,MD,Sport Utility Vehicle,Moving Constant Speed,25,No,2005,HONDA,CR-V,39.05101131,-77.05269087,2025,5,23
2500096,Property Damage Crash,05/24/2025 11:00:00 PM,NA,NA,Single Vehicle,Clear,NA,Dark,NA,NONE DETECTED,No,NA,NA,NA,NA,Passenger Car,Moving Constant Speed,0,No,2015,HYUNDAI,ELANTRA,39.07297328,-76.94633928,2025,5,23
250023116,Property Damage Crash,05/24/2025 11:00:00 PM,NA,NA,Front to Rear,Clear,Dry,Dark,No Controls,NONE DETECTED,No,No Apparent Injury,NA,NA,NA,Passenger Car,NA,35,No,0,NA,NA,39.13522107,-77.12416005,2025,5,23
250023116,Property Damage Crash,05/24/2025 11:00:00 PM,NA,NA,Front to Rear,Clear,Dry,Dark,No Controls,NONE DETECTED,No,No Apparent Injury,NA,Not Distracted,MD,Passenger Car,Moving Constant Speed,35,No,2020,TOYOTA,COROLLA,39.13522107,-77.12416005,2025,5,23
250023108,Property Damage Crash,05/24/2025 10:57:00 PM,NA,NA,Single Vehicle,Clear,Dry,Dark,No Controls,ALCOHOL PRESENT,Yes,No Apparent Injury,Ran Off Roadway,Unknown,MD,Passenger Car,Moving Constant Speed,35,No,2019,FORD,FUSION,39.16280174,-77.1920527,2025,5,22
250023103,Property Damage Crash,05/24/2025 10:24:00 PM,MIDDLEBROOK RD,NA,Front to Rear,Clear,Dry,Medium,Traffic Control Signal,NONE DETECTED,No,No Apparent Injury,NA,Not Distracted,MD,Sport Utility Vehicle,Slowing or Stopping,40,No,2021,FORD,EXPLORER,39.17859988,-77.26760341,2025,5,22
250023103,Property Damage Crash,05/24/2025 10:24:00 PM,MIDDLEBROOK RD,NA,Front to Rear,Clear,Dry,Medium,Traffic Control Signal,NONE DETECTED,Yes,No Apparent Injury,"Improper Backing, Operated Motor Vehicle in Inattentive, Careless, Negligent, or Erratic Manner, Other Improper Action",Unknown,MD,Passenger Car,Backing,40,No,2016,HONDA,CIVIC,39.17859988,-77.26760341,2025,5,22
250023091,Property Damage Crash,05/24/2025 08:06:00 PM,SKIDMORE BLVD,NA,Front to Rear,Clear,Dry,Daylight,No Controls,NONE DETECTED,No,No Apparent Injury,NA,Not Distracted,MD,Passenger Car,Parked,20,No,2022,MERCEDES-BENZ,A-CLASS,39.1266196,-77.18058005,2025,5,20
250023091,Property Damage Crash,05/24/2025 08:06:00 PM,SKIDMORE BLVD,NA,Front to Rear,Clear,Dry,Daylight,No Controls,ALCOHOL PRESENT,Yes,No Apparent Injury,NA,Not Distracted,MD,Passenger Car,Moving Constant Speed,20,No,2021,TOYOTA,RAV4,39.1266196,-77.18058005,2025,5,20
250023088,Injury Crash,05/24/2025 07:59:00 PM,CARROLL AVE,Cyclist (Electric),Single Vehicle,Clear,Dry,Daylight,Traffic Control Signal,NONE DETECTED,No,No Apparent Injury,NA,Not Distracted,MD,Passenger Car,Moving Constant Speed,35,No,2016,TOYOTA,COROLLA,38.98479604,-76.99852955,2025,5,19
250023084,Injury Crash,05/24/2025 07:22:00 PM,OVERLOOK DR,NA,Angle,Clear,Dry,Daylight,No Controls,NONE DETECTED,Yes,No Apparent Injury,NA,Not Distracted,MD,Passenger Car,Entering Traffic Lane,35,No,2012,FORD,FUSION,39.02441237,-76.97953104,2025,5,19
250023084,Injury Crash,05/24/2025 07:22:00 PM,OVERLOOK DR,NA,Angle,Clear,Dry,Daylight,No Controls,NONE DETECTED,No,No Apparent Injury,NA,Not Distracted,MD,Other Trucks,Slowing or Stopping,35,No,1985,GMC,C/K PICKUP,39.02441237,-76.97953104,2025,5,19
250023074,Injury Crash,05/24/2025 06:07:00 PM,FREDERICK RD,NA,Angle,Clear,Dry,Daylight,Traffic Control Signal,NONE DETECTED,No,Possible Minor Injury,NA,Not Distracted,MD,Sport Utility Vehicle,Moving Constant Speed,40,No,2024,DODGE,DURANGO,39.11252933,-77.16173133,2025,5,18
250023074,Injury Crash,05/24/2025 06:07:00 PM,FREDERICK RD,NA,Angle,Clear,Dry,Daylight,Traffic Control Signal,NONE DETECTED,Yes,No Apparent Injury,Failed to Yield Right-of-Way,Unknown,MD,Passenger Car,Turning Left,40,No,2025,NISSAN,SENTRA,39.11252933,-77.16173133,2025,5,18
250023060,Property Damage Crash,05/24/2025 05:00:00 PM,NA,NA,Angle,Clear,NA,Daylight,NA,NONE DETECTED,No,NA,NA,NA,NA,Passenger Car,Leaving Traffic Lane,0,No,2012,MERCEDES-BENZ,SPRINTER,38.99092232,-77.02443255,2025,5,17
250023054,Injury Crash,05/24/2025 04:45:00 PM,INDIAN SPRING DR,Pedestrian,Single Vehicle,Clear,Dry,Daylight,No Controls,NONE DETECTED,Yes,No Apparent Injury,NA,Not Distracted,MD,Passenger Car,Accelerating,20,No,2013,TOYOTA,SIENNA,39.01569335,-76.99779933,2025,5,16
250023061,Property Damage Crash,05/24/2025 04:38:00 PM,GEORGIA AVE (SB/L),NA,Front to Rear,Clear,Dry,Daylight,Traffic Control Signal,NONE DETECTED,Yes,No Apparent Injury,NA,Unknown,NY,Passenger Car,Slowing or Stopping,30,No,2013,CHEVROLET,CRUZE,39.02126197,-77.04481156,2025,5,16
250023061,Property Damage Crash,05/24/2025 04:38:00 PM,GEORGIA AVE (SB/L),NA,Front to Rear,Clear,Dry,Daylight,Traffic Control Signal,NONE DETECTED,No,No Apparent Injury,NA,Not Distracted,DC,Passenger Car,Slowing or Stopping,30,No,2021,HONDA,CIVIC,39.02126197,-77.04481156,2025,5,16
250023056,Injury Crash,05/24/2025 04:32:00 PM,GREAT SENECA HWY (SB/L),NA,Front to Front,Clear,Dry,Daylight,Lane Use Control Signal,NONE DETECTED,Yes,Possible Minor Injury,Ran Red Light,Unknown,MD,Passenger Car,Moving Constant Speed,35,No,2015,MITSUBISHI,OUTLANDER,39.13309943,-77.24490453,2025,5,16
250023056,Injury Crash,05/24/2025 04:32:00 PM,GREAT SENECA HWY (SB/L),NA,Front to Front,Clear,Dry,Daylight,Lane Use Control Signal,NONE DETECTED,No,No Apparent Injury,NA,Not Distracted,MD,Sport Utility Vehicle,Turning Left,40,No,2025,CADILLAC,ESCALADE,39.13309943,-77.24490453,2025,5,16
250023053,Injury Crash,05/24/2025 04:05:00 PM,FERNWOOD RD,NA,Angle,Clear,Dry,Daylight,No Controls,NONE DETECTED,No,No Apparent Injury,NA,Not Distracted,MD,Single-Unit Truck,Moving Constant Speed,35,No,2021,FORD,COMMERCIAL CHASSIS,39.01979003,-77.13437365,2025,5,16
250023053,Injury Crash,05/24/2025 04:05:00 PM,FERNWOOD RD,NA,Angle,Clear,Dry,Daylight,Stop Sign,NONE DETECTED,Yes,Possible Minor Injury,Failed to Yield Right-of-Way,Not Distracted,MD,Passenger Car,Accelerating,35,No,2014,MERCEDES-BENZ,ML-CLASS,39.01979003,-77.13437365,2025,5,16
250023047,Property Damage Crash,05/24/2025 03:31:00 PM,NA,NA,Angle,Clear,Dry,Daylight,Stop Sign,NONE DETECTED,Yes,No Apparent Injury,Failed to Yield Right-of-Way,Not Distracted,MD,Passenger Car,Turning Left,15,No,2013,HYUNDAI,ELANTRA,39.15728317,-77.16325516,2025,5,15
250023047,Property Damage Crash,05/24/2025 03:31:00 PM,NA,NA,Angle,Clear,Dry,Daylight,No Controls,NONE DETECTED,No,No Apparent Injury,NA,Not Distracted,MD,Passenger Car,Moving Constant Speed,35,No,2017,HONDA,ACCORD,39.15728317,-77.16325516,2025,5,15
250023050,Property Damage Crash,05/24/2025 03:29:00 PM,NEW HAMPSHIRE AVE,NA,"Sideswipe, Same Direction",Clear,Dry,Daylight,Traffic Control Signal,NONE DETECTED,No,No Apparent Injury,NA,Not Distracted,MD,Bus - Transit,Moving Constant Speed,40,No,2022,GILLIG,CITY TRANSIT BUS,39.03930335,-76.99027178,2025,5,15
250023050,Property Damage Crash,05/24/2025 03:29:00 PM,NEW HAMPSHIRE AVE,NA,"Sideswipe, Same Direction",Clear,Dry,Daylight,Traffic Control Signal,NONE DETECTED,Yes,No Apparent Injury,NA,Not Distracted,MD,Sport Utility Vehicle,Moving Constant Speed,40,No,2014,TOYOTA,RAV4,39.03930335,-76.99027178,2025,5,15
250023043,Property Damage Crash,05/24/2025 02:57:00 PM,FIRST ST,NA,"Sideswipe, Same Direction",Clear,Dry,Daylight,No Controls,NONE DETECTED,Yes,NA,NA,NA,NA,Passenger Car,Negotiating a Curve,15,No,2013,HYUNDAI,ELANTRA,39.09578265,-77.13526321,2025,5,14
250023044,Property Damage Crash,05/24/2025 02:22:00 PM,RIDGE RD (SB/L),NA,Front to Rear,Clear,Dry,Daylight,No Controls,NONE DETECTED,No,No Apparent Injury,NA,Not Distracted,MD,Sport Utility Vehicle,Slowing or Stopping,40,No,2022,HYUNDAI,TUCSON,39.20878149,-77.24077055,2025,5,14
250023044,Property Damage Crash,05/24/2025 02:22:00 PM,RIDGE RD (SB/L),NA,Front to Rear,Clear,Dry,Daylight,No Controls,NONE DETECTED,Yes,No Apparent Injury,NA,Not Distracted,MD,Passenger Car,Slowing or Stopping,40,No,2018,BMW,330I,39.20878149,-77.24077055,2025,5,14
250023036,Property Damage Crash,05/24/2025 01:34:00 PM,CONNECTICUT AVE (SB/L),NA,Angle,Clear,Dry,Daylight,No Controls,NONE DETECTED,No,No Apparent Injury,NA,Not Distracted,MD,Passenger Car,Changing Lanes,35,No,2007,TOYOTA,PRIUS,39.00563533,-77.07823853,2025,5,13
250023036,Property Damage Crash,05/24/2025 01:34:00 PM,CONNECTICUT AVE (SB/L),NA,Angle,Clear,Dry,Daylight,No Controls,NONE DETECTED,No,No Apparent Injury,NA,Not Distracted,VA,Passenger Car,Moving Constant Speed,35,No,2018,MERCEDES-BENZ,GLE-CLASS,39.00563533,-77.07823853,2025,5,13
250023028,Property Damage Crash,05/24/2025 12:39:00 PM,S FREDERICK RD,NA,Angle,Clear,Dry,Daylight,Other Signal,NONE DETECTED,No,No Apparent Injury,NA,Not Distracted,MD,Passenger Car,Moving Constant Speed,35,No,2001,HONDA,ODYSSEY,39.12802331,-77.18512218,2025,5,12
250023028,Property Damage Crash,05/24/2025 12:39:00 PM,S FREDERICK RD,NA,Angle,Clear,Dry,Daylight,Other Signal,NONE DETECTED,No,No Apparent Injury,"Disregarded Other Traffic Sign, Failed to Keep in Proper Lane, Failed to Yield Right-of-Way, Improper Turn",Not Distracted,NA,Passenger Car,Making U-Turn,30,No,2004,FORD,F-150,39.12802331,-77.18512218,2025,5,12
250023026,Property Damage Crash,05/24/2025 12:30:00 PM,NA,NA,Front to Rear,Clear,NA,Daylight,NA,NONE DETECTED,No,NA,NA,NA,NA,Passenger Car,NA,0,No,2015,MERCEDES-BENZ,ML-CLASS,38.98710075,-76.98770457,2025,5,12
250023030,Injury Crash,05/24/2025 12:22:00 PM,WILLIAMS LA,NA,"Sideswipe, Opposite Direction",Clear,Dry,Daylight,No Controls,NONE DETECTED,Yes,No Apparent Injury,Failed to Keep in Proper Lane,Not Distracted,DC,Van - Cargo,Changing Lanes,25,No,2024,RAM,PROMASTER 2500,38.9837725,-77.0765565,2025,5,12
250023030,Injury Crash,05/24/2025 12:22:00 PM,WILLIAMS LA,NA,"Sideswipe, Opposite Direction",Clear,Dry,Daylight,No Controls,NONE DETECTED,No,Possible Minor Injury,NA,Not Distracted,MD,Van - Cargo,Moving Constant Speed,25,No,2021,FORD,TRANSIT,38.9837725,-77.0765565,2025,5,12
250023024,Property Damage Crash,05/24/2025 11:20:00 AM,NA,NA,Other,Clear,NA,Daylight,NA,NONE DETECTED,No,No Apparent Injury,NA,NA,NA,Passenger Car,NA,0,No,2012,HONDA,ACCORD,39.1997247,-77.25535473,2025,5,11
250023013,Property Damage Crash,05/24/2025 10:45:00 AM,NA,NA,Front to Rear,Clear,Dry,Daylight,No Controls,NONE DETECTED,Yes,No Apparent Injury,NA,Not Distracted,MD,Passenger Car,Slowing or Stopping,50,No,2019,KIA,SOUL,39.05602933,-76.972075,2025,5,10
250023013,Property Damage Crash,05/24/2025 10:45:00 AM,NA,NA,Front to Rear,Clear,Dry,Daylight,No Controls,NONE DETECTED,No,No Apparent Injury,NA,Not Distracted,MD,Passenger Car,Stopped in Traffic,50,No,2020,TOYOTA,CAMRY,39.05602933,-76.972075,2025,5,10
250023003,Injury Crash,05/24/2025 09:50:00 AM,HALPINE RD (EB/L),NA,Angle,Clear,Dry,Daylight,Traffic Control Signal,NONE DETECTED,No,Possible Minor Injury,NA,Not Distracted,MD,Bus - Transit,Moving Constant Speed,35,No,2022,GILLIG,CITY TRANSIT BUS,39.06186708,-77.12414048,2025,5,9
250023003,Injury Crash,05/24/2025 09:50:00 AM,HALPINE RD (EB/L),NA,Angle,Clear,Dry,Daylight,Traffic Control Signal,NONE DETECTED,Yes,No Apparent Injury,NA,Not Distracted,MD,Passenger Car,Slowing or Stopping,35,No,2016,MAZDA,MAZDA3,39.06186708,-77.12414048,2025,5,9
250022994,Injury Crash,05/24/2025 08:29:00 AM,EDMONSTON DR,NA,Angle,Clear,Dry,Daylight,No Controls,NONE DETECTED,No,Possible Minor Injury,NA,Not Distracted,MD,Passenger Car,Moving Constant Speed,20,No,2017,BMW,320I,39.07507061,-77.13394917,2025,5,8