Local Case Number,ACRS Report Type,Crash Date/Time,Road Name,Related Non-Motorist,Collision Type,Weather,Surface Condition,Light,Traffic Control,Driver Substance Abuse,Driver At Fault,Injury Severity,Circumstance,Driver Distracted By,Drivers License State,Vehicle Body Type,Vehicle Movement,Speed Limit,Driverless Vehicle,Vehicle Year,Vehicle Make,Vehicle Model,Latitude,Longitude,Year,Month,Hour
250022994,Injury Crash,05/24/2025 08:29:00 AM,EDMONSTON DR,NA,Angle,Clear,Dry,Daylight,No Controls,NONE DETECTED,Yes,No Apparent Injury,NA,Not Distracted,MD,Passenger Car,Entering Traffic Lane,20,No,2021,TOYOTA,COROLLA,39.07507061,-77.13394917,2025,5,8
250022992,Injury Crash,05/24/2025 07:20:00 AM,W DIAMOND AVE,NA,Front to Front,Clear,Dry,Daylight,No Controls,NONE DETECTED,No,Possible Minor Injury,NA,Not Distracted,NA,Passenger Car,Moving Constant Speed,35,No,2012,MAZDA,MAZDA3,39.14040917,-77.20665467,2025,5,7
250022992,Injury Crash,05/24/2025 07:20:00 AM,W DIAMOND AVE,NA,Front to Front,Clear,Dry,Daylight,No Controls,NONE DETECTED,No,Possible Minor Injury,NA,Not Distracted,MD,Passenger Car,Turning Left,35,No,2019,TOYOTA,COROLLA,39.14040917,-77.20665467,2025,5,7
250022991,Property Damage Crash,05/24/2025 05:45:00 AM,EISENHOWER MEMORIAL HWY (SB/L),NA,Single Vehicle,Clear,Dry,Dark,No Controls,NONE DETECTED,No,No Apparent Injury,NA,Not Distracted,MD,Passenger Car,Moving Constant Speed,55,No,2019,DODGE,CHARGER,39.09060235,-77.17508773,2025,5,5
250022983,Property Damage Crash,05/24/2025 02:50:00 AM,QUINCE ORCHARD RD,NA,Rear To Side,Clear,Dry,Medium,Traffic Control Signal,NONE DETECTED,No,No Apparent Injury,NA,Not Distracted,MD,Passenger Car,Moving Constant Speed,35,No,2012,FORD,FUSION,39.14262159,-77.22088472,2025,5,2
250022983,Property Damage Crash,05/24/2025 02:50:00 AM,QUINCE ORCHARD RD,NA,Rear To Side,Clear,Dry,Medium,Traffic Control Signal,NONE DETECTED,No,No Apparent Injury,NA,Not Distracted,MD,Passenger Car,Moving Constant Speed,35,No,2010,MERCEDES-BENZ,SPRINTER,39.14262159,-77.22088472,2025,5,2
250022976,Property Damage Crash,05/24/2025 12:48:00 AM,UNIVERSITY BLVD E (WB/L),NA,Single Vehicle,Clear,Other,Medium,Other,ALCOHOL PRESENT,Yes,No Apparent Injury,NA,Unknown,MD,Passenger Car,Moving Constant Speed,30,No,2015,VOLKSWAGEN,PASSAT,38.99637666,-76.99323936,2025,5,0
250022974,Property Damage Crash,05/24/2025 12:47:00 AM,PALERMO DR,NA,"Sideswipe, Opposite Direction",Clear,Dry,Medium,No Controls,NONE DETECTED,No,NA,NA,NA,NA,Passenger Car,Accelerating,25,No,2011,HYUNDAI,SONATA,39.06277637,-76.94775167,2025,5,0
250022971,Property Damage Crash,05/24/2025 12:26:00 AM,ERSKINE ST,NA,Front to Rear,Clear,Dry,Medium,Traffic Control Signal,NONE DETECTED,No,NA,NA,NA,NA,Pickup,Moving Constant Speed,35,No,0,NA,NA,38.98152812,-76.98886423,2025,5,0
250022971,Property Damage Crash,05/24/2025 12:26:00 AM,ERSKINE ST,NA,Front to Rear,Clear,Dry,Medium,Traffic Control Signal,NONE DETECTED,No,No Apparent Injury,NA,Not Distracted,MD,Passenger Car,Slowing or Stopping,35,No,2014,TOYOTA,CAMRY,38.98152812,-76.98886423,2025,5,0
250022969,Injury Crash,05/23/2025 11:35:00 PM,SHADY GROVE RD,NA,Angle,Clear,Dry,Medium,Traffic Control Signal,NONE DETECTED,Yes,Suspected Serious Injury,NA,Not Distracted,MD,Passenger Car,Moving Constant Speed,40,No,2012,NISSAN,SENTRA,39.12256598,-77.17747972,2025,5,23
250022969,Injury Crash,05/23/2025 11:35:00 PM,SHADY GROVE RD,NA,Angle,Clear,Dry,Medium,Traffic Control Signal,ALCOHOL PRESENT,Yes,No Apparent Injury,NA,Not Distracted,MD,Sport Utility Vehicle,Turning Left,40,No,2007,JEEP,LIBERTY,39.12256598,-77.17747972,2025,5,23
250022972,Property Damage Crash,05/23/2025 10:55:00 PM,NA,NA,Front to Front,Clear,NA,Medium,NA,NONE DETECTED,No,No Apparent Injury,NA,Not Distracted,MD,Sport Utility Vehicle,Stopped in Traffic,0,No,2016,HONDA,CR-V,38.99757692,-77.02531358,2025,5,22
250022972,Property Damage Crash,05/23/2025 10:55:00 PM,NA,NA,Front to Front,Clear,NA,Medium,NA,NONE DETECTED,No,NA,NA,NA,NA,Pickup,Turning Right,0,No,2017,CHEVROLET,SILVERADO,38.99757692,-77.02531358,2025,5,22
250022962,Property Damage Crash,05/23/2025 10:16:00 PM,NA,NA,"Sideswipe, Same Direction",Clear,Dry,Medium,No Controls,ALCOHOL PRESENT,Yes,No Apparent Injury,"Failed to Keep in Proper Lane, Operated Motor Vehicle in Inattentive, Careless, Negligent, or Erratic Manner, Operated Motor Vehicle in Reckless or Aggressive Manner",Not Distracted,MD,Passenger Car,Moving Constant Speed,25,No,2015,TOYOTA,HIGHLANDER,39.09528613,-77.09263868,2025,5,22
250022957,Property Damage Crash,05/23/2025 10:05:00 PM,FOREST GLEN RD (WB/L),NA,Angle,Clear,Dry,Medium,Traffic Control Signal,NONE DETECTED,Yes,No Apparent Injury,NA,"Other Action (looking away from task, etc.)",MD,Passenger Car,Moving Constant Speed,35,No,2024,TOYOTA,COROLLA,39.01569567,-77.0426525,2025,5,22
250022957,Property Damage Crash,05/23/2025 10:05:00 PM,FOREST GLEN RD (WB/L),NA,Angle,Clear,Dry,Medium,Traffic Control Signal,NONE DETECTED,No,No Apparent Injury,NA,Not Distracted,OR,Passenger Car,Turning Left,35,No,2018,TESLA,MODEL 3,39.01569567,-77.0426525,2025,5,22
250022947,Property Damage Crash,05/23/2025 08:50:00 PM,S SUMMIT AVE,NA,Angle,Clear,Dry,Medium,Stop Sign,NONE DETECTED,Yes,No Apparent Injury,NA,Not Distracted,MD,Passenger Car,Entering Traffic Lane,25,No,2023,VOLVO,XC40,39.14059071,-77.19366097,2025,5,20
250022947,Property Damage Crash,05/23/2025 08:50:00 PM,S SUMMIT AVE,NA,Angle,Clear,Dry,Medium,No Controls,NONE DETECTED,No,No Apparent Injury,NA,Not Distracted,MD,Passenger Car,Moving Constant Speed,25,No,2010,TOYOTA,YARIS,39.14059071,-77.19366097,2025,5,20
250022945,Injury Crash,05/23/2025 08:10:00 PM,GEORGIA AVE (SB/L),NA,Front to Front,Clear,Dry,Medium,Traffic Control Signal,NONE DETECTED,No,Possible Minor Injury,NA,Talking/listening,MD,Passenger Car,Moving Constant Speed,30,No,2007,HONDA,ODYSSEY,39.01560658,-77.04276797,2025,5,20
250022945,Injury Crash,05/23/2025 08:10:00 PM,GEORGIA AVE (SB/L),NA,Front to Front,Clear,Dry,Medium,Traffic Control Signal,NONE DETECTED,No,No Apparent Injury,NA,Not Distracted,VA,Passenger Car,Turning Left,30,No,2022,HONDA,HR-V,39.01560658,-77.04276797,2025,5,20
250022948,Property Damage Crash,05/23/2025 07:52:00 PM,NA,NA,Single Vehicle,Cloudy,NA,Daylight,NA,NONE DETECTED,Yes,No Apparent Injury,NA,Not Distracted,MD,Passenger Car,Moving Constant Speed,0,No,2014,DODGE,CHARGER,39.0663658,-77.1605394,2025,5,19
250022941,Property Damage Crash,05/23/2025 07:47:00 PM,WISCONSIN AVE,NA,"Sideswipe, Same Direction",Clear,Dry,Medium,Traffic Control Signal,NONE DETECTED,No,No Apparent Injury,NA,Not Distracted,MD,Sport Utility Vehicle,Turning Left,35,No,2021,TOYOTA,RAV4,38.98370109,-77.0936903,2025,5,19
250022941,Property Damage Crash,05/23/2025 07:47:00 PM,WISCONSIN AVE,NA,"Sideswipe, Same Direction",Clear,Dry,Medium,Traffic Control Signal,NONE DETECTED,Yes,No Apparent Injury,NA,Not Distracted,MD,Bus - Transit,Turning Left,35,No,2014,NABI,BRT,38.98370109,-77.0936903,2025,5,19
250022932,Injury Crash,05/23/2025 07:05:00 PM,NEWCUT RD,Cyclist (non-electric),Single Vehicle,Clear,Dry,Daylight,Traffic Control Signal,NONE DETECTED,No,No Apparent Injury,NA,Not Distracted,MD,Passenger Car,Moving Constant Speed,25,No,2024,TOYOTA,PRIUS,39.22833993,-77.2501832,2025,5,19
250022930,Property Damage Crash,05/23/2025 06:40:00 PM,SHADY GROVE RD (SB/L),NA,"Sideswipe, Same Direction",Clear,Dry,Daylight,No Controls,NONE DETECTED,No,No Apparent Injury,NA,Not Distracted,MD,Passenger Car,Moving Constant Speed,40,No,2019,MINICARS,UNKNOWN,39.14129395,-77.15241252,2025,5,18
250022930,Property Damage Crash,05/23/2025 06:40:00 PM,SHADY GROVE RD (SB/L),NA,"Sideswipe, Same Direction",Clear,Dry,Daylight,No Controls,NONE DETECTED,No,NA,NA,NA,NA,Unknown,Changing Lanes,40,No,2013,VOLVO,XC90,39.14129395,-77.15241252,2025,5,18
250022923,Injury Crash,05/23/2025 06:15:00 PM,HASTINGS DR (SB/L),NA,Front to Front,Clear,Dry,Daylight,Traffic Control Signal,NONE DETECTED,Yes,Possible Minor Injury,NA,Unknown,MD,Passenger Car,Moving Constant Speed,35,No,2019,MERCEDES-BENZ,A-CLASS,39.0133841,-77.01659619,2025,5,18
250022923,Injury Crash,05/23/2025 06:15:00 PM,HASTINGS DR (SB/L),NA,Front to Front,Clear,Dry,Daylight,Traffic Control Signal,NONE DETECTED,No,No Apparent Injury,NA,Unknown,MD,Passenger Car,Entering Traffic Lane,25,No,2014,HONDA,ODYSSEY,39.0133841,-77.01659619,2025,5,18
250022926,Injury Crash,05/23/2025 05:56:00 PM,RANDOLPH RD,NA,Other,Clear,Dry,Daylight,No Controls,NONE DETECTED,Yes,No Apparent Injury,NA,Not Distracted,MD,Sport Utility Vehicle,Turning Left,35,No,2024,CHEVROLET,TAHOE,39.05345098,-77.10727323,2025,5,17
250022926,Injury Crash,05/23/2025 05:56:00 PM,RANDOLPH RD,NA,Other,Clear,Dry,Daylight,No Controls,NONE DETECTED,No,Possible Minor Injury,NA,Not Distracted,MD,Passenger Car,Moving Constant Speed,35,No,2019,TOYOTA,PRIUS PRIME,39.05345098,-77.10727323,2025,5,17
250022911,Property Damage Crash,05/23/2025 04:07:00 PM,NA,NA,Front to Rear,Clear,NA,Daylight,NA,NONE DETECTED,No,NA,NA,NA,NA,Passenger Car,NA,0,No,2025,JEEP,WRANGLER,39.01930503,-77.16102504,2025,5,16
250022898,Property Damage Crash,05/23/2025 03:58:00 PM,RAMP 4 FR MD 650 NB TO IS 495 EB,NA,Front to Rear,Clear,Dry,Daylight,Pedestrian Crossing,NONE DETECTED,Yes,No Apparent Injury,NA,Not Distracted,MD,Pickup,Slowing or Stopping,35,No,2022,FORD,F-250,39.01625859,-76.97738276,2025,5,15
250022898,Property Damage Crash,05/23/2025 03:58:00 PM,RAMP 4 FR MD 650 NB TO IS 495 EB,NA,Front to Rear,Clear,Dry,Daylight,Pedestrian Crossing,NONE DETECTED,No,No Apparent Injury,NA,Not Distracted,DC,Passenger Car,Slowing or Stopping,35,No,2024,HYUNDAI,TUCSON,39.01625859,-76.97738276,2025,5,15
250022898,Property Damage Crash,05/23/2025 03:58:00 PM,RAMP 4 FR MD 650 NB TO IS 495 EB,NA,Front to Rear,Clear,Dry,Daylight,Pedestrian Crossing,NONE DETECTED,No,No Apparent Injury,NA,Not Distracted,NJ,Passenger Car,Slowing or Stopping,35,No,2025,CHEVROLET,SUBURBAN,39.01625859,-76.97738276,2025,5,15
250022883,Property Damage Crash,05/23/2025 03:14:00 PM,NORTHAMPTON DR,NA,"Sideswipe, Same Direction",Clear,Dry,Daylight,Traffic Control Signal,NONE DETECTED,Yes,No Apparent Injury,NA,Unknown,MD,Van - Cargo,Changing Lanes,25,No,2020,RAM,PROMASTER 3500,39.00678511,-76.98043415,2025,5,15
250022883,Property Damage Crash,05/23/2025 03:14:00 PM,NORTHAMPTON DR,NA,"Sideswipe, Same Direction",Clear,Dry,Daylight,Traffic Control Signal,NONE DETECTED,No,No Apparent Injury,NA,Not Distracted,MD,Bus - Transit,Slowing or Stopping,25,No,2016,GILLIG,LOW FLOOR BUS,39.00678511,-76.98043415,2025,5,15
250022888,Property Damage Crash,05/23/2025 03:00:00 PM,NA,NA,Front to Rear,Clear,NA,Daylight,NA,NONE DETECTED,No,No Apparent Injury,NA,Not Distracted,DC,Passenger Car,Backing,0,No,2024,LEXUS,NX,38.99681152,-77.02416838,2025,5,15
250022888,Property Damage Crash,05/23/2025 03:00:00 PM,NA,NA,Front to Rear,Clear,NA,Daylight,NA,NONE DETECTED,No,NA,NA,NA,NA,Passenger Car,Moving Constant Speed,0,No,2022,HONDA,RIDGELINE,38.99681152,-77.02416838,2025,5,15
250022893,Property Damage Crash,05/23/2025 02:00:00 PM,NA,NA,Other,Clear,NA,Daylight,NA,NONE DETECTED,Yes,No Apparent Injury,"Operated Motor Vehicle in Inattentive, Careless, Negligent, or Erratic Manner, Other Improper Action",Not Distracted,CA,Pickup,Negotiating a Curve,0,No,2022,RAM,3500,39.04389287,-77.10937948,2025,5,14
250022873,Injury Crash,05/23/2025 01:29:00 PM,TRAVILAH RD,NA,Angle,Clear,Dry,Daylight,Stop Sign,NONE DETECTED,No,Possible Minor Injury,NA,Not Distracted,MD,Pickup,Accelerating,30,No,2007,TOYOTA,TACOMA,39.06076341,-77.28229135,2025,5,13
250022873,Injury Crash,05/23/2025 01:29:00 PM,TRAVILAH RD,NA,Angle,Clear,Dry,Daylight,No Controls,NONE DETECTED,No,Possible Minor Injury,NA,Not Distracted,MD,Passenger Car,Moving Constant Speed,45,No,2011,HONDA,INSIGHT,39.06076341,-77.28229135,2025,5,13
250022863,Injury Crash,05/23/2025 12:31:00 PM,TUCKERMAN LA,NA,Angle,Cloudy,Dry,Daylight,Traffic Control Signal,NONE DETECTED,No,Possible Minor Injury,NA,Not Distracted,MD,Passenger Car,Moving Constant Speed,35,No,2015,MINI,COUNTRYMAN,39.03458199,-77.12485833,2025,5,12
250022863,Injury Crash,05/23/2025 12:31:00 PM,TUCKERMAN LA,NA,Angle,Cloudy,Dry,Daylight,Traffic Control Signal,NONE DETECTED,Yes,No Apparent Injury,"Failed to Yield Right-of-Way, Ran Red Light",Unknown,MD,Other,Moving Constant Speed,35,No,2017,CHEVROLET,EXPRESS,39.03458199,-77.12485833,2025,5,12
250022854,Injury Crash,05/23/2025 11:15:00 AM,HOMECREST RD,NA,Angle,Cloudy,Dry,Daylight,Stop Sign,NONE DETECTED,Yes,Possible Minor Injury,NA,Unknown,MD,Sport Utility Vehicle,Accelerating,25,No,2015,TOYOTA,HIGHLANDER,39.10256617,-77.055189,2025,5,11
250022854,Injury Crash,05/23/2025 11:15:00 AM,HOMECREST RD,NA,Angle,Cloudy,Dry,Daylight,No Controls,NONE DETECTED,No,No Apparent Injury,NA,Not Distracted,MD,Passenger Car,Moving Constant Speed,25,No,2016,TOYOTA,CAMRY,39.10256617,-77.055189,2025,5,11
250022852,Injury Crash,05/23/2025 11:00:00 AM,SAHALEA TERR,Unknown,Single Vehicle,Clear,Dry,Daylight,No Controls,NONE DETECTED,No,No Apparent Injury,NA,Not Distracted,MD,Other Trucks,Moving Constant Speed,20,No,2007,MACK,LE,39.12668267,-76.9689055,2025,5,11
250022847,Property Damage Crash,05/23/2025 11:00:00 AM,MASSACHUSETTS AVE (WB/L),NA,Angle,Clear,Dry,Daylight,Traffic Control Signal,NONE DETECTED,No,No Apparent Injury,NA,Not Distracted,MD,Passenger Car,Turning Left,30,No,2010,HONDA,ACCORD,38.95572517,-77.10553533,2025,5,11
250022847,Property Damage Crash,05/23/2025 11:00:00 AM,MASSACHUSETTS AVE (WB/L),NA,Angle,Clear,Dry,Daylight,Traffic Control Signal,NONE DETECTED,No,No Apparent Injury,NA,Not Distracted,DC,Passenger Car,Moving Constant Speed,30,No,2022,TESLA,MODEL S,38.95572517,-77.10553533,2025,5,11
250022841,Property Damage Crash,05/23/2025 10:00:00 AM,NA,NA,"Sideswipe, Same Direction",Clear,Dry,Daylight,No Controls,NONE DETECTED,Yes,No Apparent Injury,NA,Not Distracted,MD,Passenger Car,Entering Traffic Lane,30,No,2018,HONDA,FIT,39.09720778,-77.07264952,2025,5,10
250022841,Property Damage Crash,05/23/2025 10:00:00 AM,NA,NA,"Sideswipe, Same Direction",Clear,Dry,Daylight,No Controls,NONE DETECTED,No,No Apparent Injury,NA,Not Distracted,MD,Other,Moving Constant Speed,30,No,2020,FREIGHTLINER,M2,39.09720778,-77.07264952,2025,5,10
250022833,Injury Crash,05/23/2025 08:50:00 AM,CANNON RD,NA,Front to Rear,Clear,Dry,Daylight,No Controls,NONE DETECTED,Yes,Possible Minor Injury,NA,"Manually Operating (dialing, playing game, etc.)",MD,Passenger Car,Moving Constant Speed,25,No,2016,TOYOTA,CAMRY,39.06953139,-76.9942006,2025,5,8
250022828,Injury Crash,05/23/2025 08:21:00 AM,NA,NA,Front to Rear,Clear,Dry,Daylight,No Controls,NONE DETECTED,No,Possible Minor Injury,NA,Not Distracted,MD,Passenger Car,Stopped in Traffic,35,No,2010,TOYOTA,RAV4,39.12362517,-77.02995017,2025,5,8
250022828,Injury Crash,05/23/2025 08:21:00 AM,NA,NA,Front to Rear,Clear,Dry,Daylight,No Controls,NONE DETECTED,Yes,No Apparent Injury,NA,Unknown,MD,Passenger Car,Moving Constant Speed,35,No,2019,CHEVROLET,EQUINOX,39.12362517,-77.02995017,2025,5,8
250022828,Injury Crash,05/23/2025 08:21:00 AM,NA,NA,Front to Rear,Clear,Dry,Daylight,No Controls,NONE DETECTED,No,Possible Minor Injury,NA,Not Distracted,MD,Passenger Car,Stopped in Traffic,35,No,2020,TOYOTA,COROLLA,39.12362517,-77.02995017,2025,5,8
250022828,Injury Crash,05/23/2025 08:21:00 AM,NA,NA,Front to Rear,Clear,Dry,Daylight,No Controls,NONE DETECTED,No,No Apparent Injury,NA,Not Distracted,MD,Pickup,Stopped in Traffic,35,No,2016,CHEVROLET,SILVERADO,39.12362517,-77.02995017,2025,5,8
250022821,Property Damage Crash,05/23/2025 05:23:00 AM,E JEFFERSON ST (WB/L),NA,Angle,Clear,Dry,Medium,Traffic Control Signal,NONE DETECTED,No,No Apparent Injury,NA,Not Distracted,MD,Passenger Car,Accelerating,30,No,2020,TOYOTA,CAMRY,39.08199188,-77.14916844,2025,5,5
250022821,Property Damage Crash,05/23/2025 05:23:00 AM,E JEFFERSON ST (WB/L),NA,Angle,Clear,Dry,Medium,Traffic Control Signal,NONE DETECTED,Yes,No Apparent Injury,NA,Unknown,MD,Passenger Car,Moving Constant Speed,30,No,2011,HONDA,CIVIC,39.08199188,-77.14916844,2025,5,5
250022805,Property Damage Crash,05/22/2025 11:00:00 PM,CARROLL AVE,NA,Other,Clear,Dry,Medium,No Controls,NONE DETECTED,Yes,No Apparent Injury,NA,Not Distracted,DC,Sport Utility Vehicle,Moving Constant Speed,25,No,2012,NISSAN,MURANO,38.99704909,-76.99190691,2025,5,23
250022799,Property Damage Crash,05/22/2025 09:49:00 PM,MARYLAND AVE,NA,Angle,Clear,Dry,Medium,No Controls,NONE DETECTED,No,No Apparent Injury,NA,Not Distracted,MD,Pickup,Moving Constant Speed,30,No,2007,FORD,F-150,39.14490683,-77.2027935,2025,5,21
250022799,Property Damage Crash,05/22/2025 09:49:00 PM,MARYLAND AVE,NA,Angle,Clear,Dry,Medium,Stop Sign,NONE DETECTED,Yes,No Apparent Injury,NA,Not Distracted,MD,Passenger Car,Entering Traffic Lane,30,No,2022,HONDA,ACCORD,39.14490683,-77.2027935,2025,5,21
250022796,Property Damage Crash,05/22/2025 09:25:00 PM,GEORGIA AVE (SB/L),NA,Angle,Clear,Dry,Medium,No Controls,NONE DETECTED,Yes,No Apparent Injury,NA,Not Distracted,MD,Passenger Car,Turning Right,30,No,2018,TOYOTA,CAMRY,38.9912538,-77.02671866,2025,5,21
250022796,Property Damage Crash,05/22/2025 09:25:00 PM,GEORGIA AVE (SB/L),NA,Angle,Clear,Dry,Medium,No Controls,NONE DETECTED,No,No Apparent Injury,NA,Not Distracted,MD,Passenger Car,Moving Constant Speed,30,No,2014,DODGE,CHARGER,38.9912538,-77.02671866,2025,5,21
250022783,Injury Crash,05/22/2025 08:38:00 PM,SEVEN LOCKS RD,Pedestrian,Single Vehicle,Rain,Wet,Daylight,Traffic Control Signal,NONE DETECTED,No,No Apparent Injury,NA,Not Distracted,MD,Passenger Car,Turning Left,35,No,2016,MERCEDES-BENZ,E-CLASS,39.04090039,-77.15924,2025,5,20
250022781,Injury Crash,05/22/2025 06:55:00 PM,RIO BLVD,NA,Angle,Clear,Dry,Daylight,No Controls,NONE DETECTED,No,No Apparent Injury,Failed to Yield Right-of-Way,Unknown,NA,Passenger Car,Entering Traffic Lane,25,No,0,NA,NA,39.11706984,-77.20107512,2025,5,18
250022781,Injury Crash,05/22/2025 06:55:00 PM,RIO BLVD,NA,Angle,Clear,Dry,Daylight,No Controls,NONE DETECTED,No,No Apparent Injury,NA,Not Distracted,MD,Passenger Car,Moving Constant Speed,25,No,2023,TOYOTA,CAMRY,39.11706984,-77.20107512,2025,5,18
250022774,Property Damage Crash,05/22/2025 06:31:00 PM,CRABBS BRANCH WAY (NB/L),NA,Single Vehicle,Clear,Dry,Daylight,Traffic Control Signal,NONE DETECTED,No,No Apparent Injury,"Improper Turn, Operated Motor Vehicle in Inattentive, Careless, Negligent, or Erratic Manner, Other Improper Action, Over-Correcting/Over-Steering",Unknown,MD,Passenger Car,Turning Right,35,No,2016,VOLKSWAGEN,PASSAT,39.10654636,-77.15234667,2025,5,18
250022767,Injury Crash,05/22/2025 06:17:00 PM,SHADY GROVE RD,NA,Front to Rear,Clear,Dry,Daylight,Traffic Control Signal,NONE DETECTED,Yes,Possible Minor Injury,"Followed Too Closely, Other Improper Action",Unknown,MD,Sport Utility Vehicle,NA,40,No,2022,HONDA,CR-V,39.13824452,-77.15354933,2025,5,18
250022767,Injury Crash,05/22/2025 06:17:00 PM,SHADY GROVE RD,NA,Front to Rear,Clear,Dry,Daylight,Traffic Control Signal,NONE DETECTED,No,No Apparent Injury,NA,Not Distracted,MD,Bus - Transit,Stopped in Traffic,40,No,2017,GILLIG,LOW FLOOR BUS,39.13824452,-77.15354933,2025,5,18
250022758,Property Damage Crash,05/22/2025 05:20:00 PM,NEW HAMPSHIRE AVE (SB/L),NA,Front to Rear,Rain,Wet,Daylight,Traffic Control Signal,NONE DETECTED,No,No Apparent Injury,NA,Not Distracted,MD,Passenger Car,Stopped in Traffic,40,No,2018,TOYOTA,CAMRY,39.03986399,-76.99081125,2025,5,17
250022758,Property Damage Crash,05/22/2025 05:20:00 PM,NEW HAMPSHIRE AVE (SB/L),NA,Front to Rear,Rain,Wet,Daylight,Traffic Control Signal,NONE DETECTED,Yes,NA,NA,NA,NA,Passenger Car,Stopped in Traffic,40,No,2019,HONDA,CIVIC,39.03986399,-76.99081125,2025,5,17
250022755,Property Damage Crash,05/22/2025 04:49:00 PM,DEMOCRACY BLVD,NA,Front to Rear,Rain,Wet,Daylight,No Controls,NONE DETECTED,Yes,No Apparent Injury,NA,Not Distracted,MA,Passenger Car,Moving Constant Speed,35,No,2010,AUDI,A4,39.02325892,-77.15642767,2025,5,16
250022755,Property Damage Crash,05/22/2025 04:49:00 PM,DEMOCRACY BLVD,NA,Front to Rear,Rain,Wet,Daylight,No Controls,NONE DETECTED,No,No Apparent Injury,NA,Not Distracted,VA,Sport Utility Vehicle,Slowing or Stopping,35,No,2023,TESLA,MODEL Y,39.02325892,-77.15642767,2025,5,16
250022742,Injury Crash,05/22/2025 04:48:00 PM,NA,Pedestrian,Single Vehicle,Rain,NA,Daylight,NA,NONE DETECTED,Yes,No Apparent Injury,NA,Unknown,MD,Passenger Car,Accelerating,0,No,2008,LEXUS,ES,39.04001893,-77.06655832,2025,5,16
250022738,Injury Crash,05/22/2025 04:36:00 PM,DAWSON FARM RD,NA,Front to Front,Clear,Dry,Daylight,Traffic Control Signal,NONE DETECTED,Yes,No Apparent Injury,NA,Unknown,MD,Passenger Car,Turning Left,40,No,2018,TOYOTA,C-HR,39.16669117,-77.27070737,2025,5,16
250022738,Injury Crash,05/22/2025 04:36:00 PM,DAWSON FARM RD,NA,Front to Front,Clear,Dry,Daylight,Traffic Control Signal,NONE DETECTED,No,Possible Minor Injury,NA,Unknown,MD,Passenger Car,Moving Constant Speed,40,No,2011,INFINITI,G37,39.16669117,-77.27070737,2025,5,16
250022739,Property Damage Crash,05/22/2025 04:30:00 PM,PERRY PKWY,NA,Rear To Side,Cloudy,Dry,Daylight,Stop Sign,NONE DETECTED,Yes,No Apparent Injury,Failed to Yield Right-of-Way,Unknown,MD,Passenger Car,Entering Traffic Lane,5,No,2024,HYUNDAI,ELANTRA,39.14958359,-77.20961843,2025,5,16
250022739,Property Damage Crash,05/22/2025 04:30:00 PM,PERRY PKWY,NA,Rear To Side,Cloudy,Dry,Daylight,No Controls,NONE DETECTED,No,No Apparent Injury,NA,Not Distracted,MD,Passenger Car,Moving Constant Speed,30,No,2021,TOYOTA,C-HR,39.14958359,-77.20961843,2025,5,16
250022750,Property Damage Crash,05/22/2025 03:51:00 PM,NA,NA,"Sideswipe, Opposite Direction",Clear,NA,Daylight,NA,NONE DETECTED,No,No Apparent Injury,NA,Not Distracted,CA,Pickup,Parked,0,No,2022,TOYOTA,TUNDRA,39.08390198,-76.94655452,2025,5,15
250022750,Property Damage Crash,05/22/2025 03:51:00 PM,NA,NA,"Sideswipe, Opposite Direction",Clear,NA,Daylight,NA,NONE DETECTED,No,NA,NA,NA,NA,Passenger Car,Moving Constant Speed,0,No,2023,DODGE,CHARGER,39.08390198,-76.94655452,2025,5,15
250022750,Property Damage Crash,05/22/2025 03:51:00 PM,NA,NA,"Sideswipe, Opposite Direction",Clear,NA,Daylight,NA,NONE DETECTED,No,No Apparent Injury,NA,Not Distracted,MD,Sport Utility Vehicle,Parked,0,No,2009,JEEP,PATRIOT,39.08390198,-76.94655452,2025,5,15
250022729,Property Damage Crash,05/22/2025 03:42:00 PM,EAST VILLAGE AVE,NA,Angle,Cloudy,Dry,Daylight,Stop Sign,NONE DETECTED,No,No Apparent Injury,NA,Not Distracted,MD,Sport Utility Vehicle,Stopped in Traffic,35,No,2010,CADILLAC,SRX,39.1849505,-77.17601633,2025,5,15