Local Case Number,ACRS Report Type,Crash Date/Time,Road Name,Related Non-Motorist,Collision Type,Weather,Surface Condition,Light,Traffic Control,Driver Substance Abuse,Driver At Fault,Injury Severity,Circumstance,Driver Distracted By,Drivers License State,Vehicle Body Type,Vehicle Movement,Speed Limit,Driverless Vehicle,Vehicle Year,Vehicle Make,Vehicle Model,Latitude,Longitude,Year,Month,Hour
250022729,Property Damage Crash,05/22/2025 03:42:00 PM,EAST VILLAGE AVE,NA,Angle,Cloudy,Dry,Daylight,No Controls,NONE DETECTED,Yes,No Apparent Injury,Improper Turn,Unknown,MD,Sport Utility Vehicle,Turning Right,35,No,2008,TOYOTA,HIGHLANDER,39.1849505,-77.17601633,2025,5,15
250022718,Property Damage Crash,05/22/2025 03:03:00 PM,AUBURN AVE,NA,"Sideswipe, Same Direction",Clear,Dry,Daylight,No Controls,NONE DETECTED,Yes,No Apparent Injury,NA,Not Distracted,MD,Bus - School,Moving Constant Speed,25,No,2014,THOMAS BUILT,SCHOOL BUS,39.10089365,-77.16513778,2025,5,15
250022865,Property Damage Crash,05/22/2025 03:00:00 PM,NA,NA,"Sideswipe, Same Direction",Cloudy,NA,Daylight,NA,NONE DETECTED,No,NA,NA,NA,NA,Passenger Car,Moving Constant Speed,0,No,2015,NISSAN,ALTIMA,39.13651282,-77.19407244,2025,5,15
250022865,Property Damage Crash,05/22/2025 03:00:00 PM,NA,NA,"Sideswipe, Same Direction",Cloudy,NA,Daylight,NA,NONE DETECTED,No,No Apparent Injury,NA,Not Distracted,MD,Passenger Car,Parked,0,No,2025,NISSAN,SENTRA,39.13651282,-77.19407244,2025,5,15
250022705,Property Damage Crash,05/22/2025 02:05:00 PM,ROCKVILLE PIKE,NA,"Sideswipe, Same Direction",Rain,Wet,Daylight,Traffic Control Signal,NONE DETECTED,Yes,No Apparent Injury,NA,Not Distracted,MD,Passenger Car,Changing Lanes,35,No,2020,ACURA,TLX,39.00434107,-77.09738139,2025,5,14
250022713,Injury Crash,05/22/2025 02:05:00 PM,ROCKVILLE PIKE,NA,Single Vehicle,Rain,Wet,Daylight,Traffic Control Signal,NONE DETECTED,Yes,Possible Minor Injury,NA,Unknown,MD,Passenger Car,Moving Constant Speed,35,No,2016,HYUNDAI,SONATA,39.00432466,-77.09721149,2025,5,14
250022705,Property Damage Crash,05/22/2025 02:05:00 PM,ROCKVILLE PIKE,NA,"Sideswipe, Same Direction",Rain,Wet,Daylight,Traffic Control Signal,NONE DETECTED,No,No Apparent Injury,NA,Not Distracted,MD,Pickup,Moving Constant Speed,35,No,2023,FORD,F-250,39.00434107,-77.09738139,2025,5,14
250022759,Injury Crash,05/22/2025 02:03:00 PM,GEORGIA AVE,NA,Front to Rear,Cloudy,Wet,Daylight,No Controls,NONE DETECTED,No,Possible Minor Injury,NA,Not Distracted,MD,Passenger Car,Slowing or Stopping,30,No,2011,TOYOTA,RAV4,39.03495716,-77.04931457,2025,5,14
250022759,Injury Crash,05/22/2025 02:03:00 PM,GEORGIA AVE,NA,Front to Rear,Cloudy,Wet,Daylight,No Controls,NONE DETECTED,Yes,No Apparent Injury,NA,Not Distracted,MD,Passenger Car,Changing Lanes,30,No,2014,MAZDA,MAZDA6,39.03495716,-77.04931457,2025,5,14
250022695,Property Damage Crash,05/22/2025 01:06:00 PM,PINEY MEETINGHOUSE RD (SB/L),NA,Angle,Rain,Wet,Daylight,No Controls,NONE DETECTED,No,No Apparent Injury,NA,Not Distracted,MD,Pickup,Moving Constant Speed,30,No,2001,TOYOTA,TACOMA,39.07633722,-77.22197928,2025,5,13
250022695,Property Damage Crash,05/22/2025 01:06:00 PM,PINEY MEETINGHOUSE RD (SB/L),NA,Angle,Rain,Wet,Daylight,Stop Sign,NONE DETECTED,Yes,No Apparent Injury,Ran Stop Sign,Unknown,MD,Sport Utility Vehicle,Moving Constant Speed,30,No,2025,TOYOTA,HIGHLANDER,39.07633722,-77.22197928,2025,5,13
250022693,Property Damage Crash,05/22/2025 01:00:00 PM,GERMANTOWN RD,NA,Angle,Clear,Dry,Daylight,Traffic Control Signal,NONE DETECTED,Yes,No Apparent Injury,Failed to Yield Right-of-Way,Unknown,MD,Passenger Car,Turning Left,25,No,2009,TOYOTA,PRIUS,39.18109,-77.26228,2025,5,13
250022693,Property Damage Crash,05/22/2025 01:00:00 PM,GERMANTOWN RD,NA,Angle,Clear,Dry,Daylight,Traffic Control Signal,NONE DETECTED,No,No Apparent Injury,NA,Not Distracted,MD,Pickup,Moving Constant Speed,40,No,2014,RAM,1500,39.18109,-77.26228,2025,5,13
250022696,Property Damage Crash,05/22/2025 12:59:00 PM,NA,NA,Rear To Side,Cloudy,NA,Daylight,NA,NONE DETECTED,No,No Apparent Injury,NA,Not Distracted,MD,Bus - School,Parked,0,No,2020,FREIGHTLINER,B2 BUS CHASSIS,39.1583664,-77.20550006,2025,5,12
250022696,Property Damage Crash,05/22/2025 12:59:00 PM,NA,NA,Rear To Side,Cloudy,NA,Daylight,NA,NONE DETECTED,Yes,No Apparent Injury,Improper Backing,Not Distracted,MD,Passenger Car,Backing,0,No,2014,TOYOTA,PRIUS,39.1583664,-77.20550006,2025,5,12
25000937,Injury Crash,05/22/2025 12:05:00 PM,NA,NA,Other,Cloudy,Dry,Daylight,No Controls,NONE DETECTED,No,Possible Minor Injury,NA,Not Distracted,VA,Passenger Car,Accelerating,35,No,2024,MAZDA,CX-30,38.96308716,-77.10114367,2025,5,12
25000937,Injury Crash,05/22/2025 12:05:00 PM,NA,NA,Other,Cloudy,Dry,Daylight,No Controls,NONE DETECTED,No,No Apparent Injury,NA,Not Distracted,VA,Passenger Car,Entering Traffic Lane,35,No,2018,TOYOTA,COROLLA,38.96308716,-77.10114367,2025,5,12
250022682,Property Damage Crash,05/22/2025 12:04:00 PM,NEW HAMPSHIRE AVE (SB/L),NA,Front to Rear,Clear,Wet,Daylight,No Controls,NONE DETECTED,Yes,No Apparent Injury,"Operated Motor Vehicle in Inattentive, Careless, Negligent, or Erratic Manner",Not Distracted,MD,Passenger Car,Moving Constant Speed,35,No,2018,HONDA,ACCORD,39.0257878,-76.98080538,2025,5,12
250022682,Property Damage Crash,05/22/2025 12:04:00 PM,NEW HAMPSHIRE AVE (SB/L),NA,Front to Rear,Clear,Wet,Daylight,No Controls,NONE DETECTED,No,No Apparent Injury,NA,Not Distracted,MD,Sport Utility Vehicle,Slowing or Stopping,35,No,2018,JEEP,COMPASS,39.0257878,-76.98080538,2025,5,12
250022672,Property Damage Crash,05/22/2025 11:29:00 AM,NA,NA,"Sideswipe, Same Direction",Cloudy,Wet,Daylight,Traffic Control Signal,NONE DETECTED,No,No Apparent Injury,NA,Unknown,MD,Passenger Car,Turning Left,35,No,2016,CHRYSLER,200,39.06995578,-77.16984434,2025,5,11
250022672,Property Damage Crash,05/22/2025 11:29:00 AM,NA,NA,"Sideswipe, Same Direction",Cloudy,Wet,Daylight,Traffic Control Signal,NONE DETECTED,Yes,No Apparent Injury,NA,Unknown,MD,Passenger Car,Turning Left,35,No,2020,FORD,ESCAPE,39.06995578,-77.16984434,2025,5,11
250022656,Injury Crash,05/22/2025 10:17:00 AM,NA,Pedestrian,Single Vehicle,Rain,NA,Daylight,NA,NONE DETECTED,No,No Apparent Injury,NA,Not Distracted,MD,Passenger Car,Moving Constant Speed,0,No,2009,LEXUS,ES,39.05758728,-76.96672413,2025,5,10
250022661,Injury Crash,05/22/2025 09:57:00 AM,NA,NA,Front to Front,Rain,Wet,Daylight,No Controls,NONE DETECTED,No,Possible Minor Injury,NA,Not Distracted,MD,Passenger Car,Moving Constant Speed,50,No,2022,KIA,K5,39.12852874,-77.34314531,2025,5,9
250022661,Injury Crash,05/22/2025 09:57:00 AM,NA,NA,Front to Front,Rain,Wet,Daylight,No Controls,NONE DETECTED,No,Possible Minor Injury,NA,Not Distracted,MD,Passenger Car,Turning Left,50,No,2016,VOLKSWAGEN,JETTA,39.12852874,-77.34314531,2025,5,9
250022659,Injury Crash,05/22/2025 09:56:00 AM,MARINELLI RD,NA,Front to Rear,Rain,Wet,Daylight,Stop Sign,NONE DETECTED,Yes,No Apparent Injury,NA,Not Distracted,MD,Passenger Car,Slowing or Stopping,30,No,2015,CHEVROLET,SILVERADO,39.04748917,-77.10927767,2025,5,9
250022659,Injury Crash,05/22/2025 09:56:00 AM,MARINELLI RD,NA,Front to Rear,Rain,Wet,Daylight,Stop Sign,NONE DETECTED,No,Possible Minor Injury,NA,Not Distracted,MD,Passenger Car,Slowing or Stopping,30,No,2023,HONDA,CR-V,39.04748917,-77.10927767,2025,5,9
250022653,Property Damage Crash,05/22/2025 09:43:00 AM,NA,NA,Front to Rear,Rain,Wet,Daylight,Traffic Control Signal,NONE DETECTED,Yes,No Apparent Injury,NA,Not Distracted,DC,Bus - Transit,Slowing or Stopping,30,No,2014,GILLIG,LOW FLOOR BUS,38.99960233,-77.0852689,2025,5,9
250022653,Property Damage Crash,05/22/2025 09:43:00 AM,NA,NA,Front to Rear,Rain,Wet,Daylight,Traffic Control Signal,NONE DETECTED,No,No Apparent Injury,NA,Not Distracted,MD,Pickup,Stopped in Traffic,30,No,2023,FORD,F-150,38.99960233,-77.0852689,2025,5,9
250022644,Property Damage Crash,05/22/2025 09:18:00 AM,DARNESTOWN RD,NA,Front to Rear,Rain,Wet,Daylight,No Controls,NONE DETECTED,No,No Apparent Injury,NA,Not Distracted,MD,Passenger Car,Slowing or Stopping,40,No,2017,LAND ROVER,DISCOVERY,39.10145033,-77.217381,2025,5,9
250022644,Property Damage Crash,05/22/2025 09:18:00 AM,DARNESTOWN RD,NA,Front to Rear,Rain,Wet,Daylight,No Controls,NONE DETECTED,No,No Apparent Injury,NA,Not Distracted,MD,Passenger Car,Moving Constant Speed,40,No,2012,MAZDA,MAZDA3,39.10145033,-77.217381,2025,5,9
250022636,Property Damage Crash,05/22/2025 09:00:00 AM,FREDERICK RD,NA,Rear To Side,Rain,Wet,Daylight,Traffic Control Signal,NONE DETECTED,No,No Apparent Injury,NA,Not Distracted,MD,Passenger Car,Accelerating,40,No,2011,HONDA,ODYSSEY,39.159212,-77.21904083,2025,5,9
250022636,Property Damage Crash,05/22/2025 09:00:00 AM,FREDERICK RD,NA,Rear To Side,Rain,Wet,Daylight,Traffic Control Signal,NONE DETECTED,No,No Apparent Injury,NA,Not Distracted,MD,Passenger Car,Accelerating,35,No,2018,KIA,NIRO,39.159212,-77.21904083,2025,5,9
250022636,Property Damage Crash,05/22/2025 09:00:00 AM,FREDERICK RD,NA,Rear To Side,Rain,Wet,Daylight,Traffic Control Signal,NONE DETECTED,No,No Apparent Injury,NA,Not Distracted,MD,Passenger Car,Moving Constant Speed,45,No,2020,TOYOTA,COROLLA,39.159212,-77.21904083,2025,5,9
250022634,Injury Crash,05/22/2025 08:40:00 AM,W MONTGOMERY AVE (WB/L),NA,Front to Rear,Rain,Wet,Daylight,Traffic Control Signal,NONE DETECTED,No,Possible Minor Injury,NA,Not Distracted,MD,Passenger Car,Stopped in Traffic,45,No,2016,MAZDA,CX-5,39.09085916,-77.17916259,2025,5,8
250022634,Injury Crash,05/22/2025 08:40:00 AM,W MONTGOMERY AVE (WB/L),NA,Front to Rear,Rain,Wet,Daylight,Traffic Control Signal,NONE DETECTED,Yes,Possible Minor Injury,Followed Too Closely,Not Distracted,MD,Passenger Car,Moving Constant Speed,45,No,2024,TOYOTA,RAV4,39.09085916,-77.17916259,2025,5,8
250022633,Property Damage Crash,05/22/2025 08:15:00 AM,NA,NA,"Sideswipe, Same Direction",Rain,NA,Daylight,NA,NONE DETECTED,Yes,No Apparent Injury,NA,Not Distracted,MD,Single-Unit Truck,Accelerating,0,No,2017,MACK,GU (GRANITE),39.1233444,-77.16959801,2025,5,8
250022633,Property Damage Crash,05/22/2025 08:15:00 AM,NA,NA,"Sideswipe, Same Direction",Rain,NA,Daylight,NA,NONE DETECTED,No,No Apparent Injury,NA,Not Distracted,MD,Other,Stopped in Traffic,0,No,2007,CHEVROLET,EXPRESS,39.1233444,-77.16959801,2025,5,8
250022623,Property Damage Crash,05/22/2025 07:51:00 AM,DAYTON ST,NA,Angle,Rain,Wet,Daylight,No Controls,NONE DETECTED,No,No Apparent Injury,NA,Not Distracted,MD,Passenger Car,Moving Constant Speed,25,No,2007,TOYOTA,PRIUS,39.03091494,-77.04416777,2025,5,7
250022623,Property Damage Crash,05/22/2025 07:51:00 AM,DAYTON ST,NA,Angle,Rain,Wet,Daylight,Stop Sign,NONE DETECTED,Yes,No Apparent Injury,NA,Not Distracted,MD,Passenger Car,Entering Traffic Lane,25,No,2023,CHEVROLET,BOLT EV,39.03091494,-77.04416777,2025,5,7
250022625,Property Damage Crash,05/22/2025 07:49:00 AM,NA,NA,Other,Rain,Wet,Daylight,No Controls,NONE DETECTED,No,No Apparent Injury,NA,Not Distracted,MD,Passenger Car,Moving Constant Speed,50,No,2025,NISSAN,ALTIMA,39.2524235,-77.13914367,2025,5,7
250022625,Property Damage Crash,05/22/2025 07:49:00 AM,NA,NA,Other,Rain,Wet,Daylight,Stop Sign,NONE DETECTED,Yes,No Apparent Injury,Failed to Yield Right-of-Way,Not Distracted,MD,Passenger Car,Slowing or Stopping,25,No,2016,JEEP,PATRIOT,39.2524235,-77.13914367,2025,5,7
250022622,Property Damage Crash,05/22/2025 07:45:00 AM,BUTLER RD,NA,Front to Rear,Rain,Wet,Daylight,No Controls,NONE DETECTED,No,No Apparent Injury,NA,Not Distracted,MD,Bus - School,Stopped in Traffic,35,No,2021,THOMAS BUILT,HDX,38.96344533,-77.10180267,2025,5,7
250022622,Property Damage Crash,05/22/2025 07:45:00 AM,BUTLER RD,NA,Front to Rear,Rain,Wet,Daylight,No Controls,NONE DETECTED,Yes,No Apparent Injury,Failed to Yield Right-of-Way,Not Distracted,MD,Bus - Transit,Slowing or Stopping,35,No,2023,NEW FLYER,XCELSIOR,38.96344533,-77.10180267,2025,5,7
250022895,Property Damage Crash,05/22/2025 07:35:00 AM,KILDONAN DR,NA,"Sideswipe, Same Direction",Clear,Dry,Daylight,No Controls,NONE DETECTED,Yes,No Apparent Injury,Improper Passing,Not Distracted,MD,Bus - School,Moving Constant Speed,25,No,2017,THOMAS BUILT,HDX,39.17493688,-77.15470022,2025,5,7
250022616,Property Damage Crash,05/22/2025 06:33:00 AM,GRAND PRE RD,NA,Front to Front,Rain,Wet,Daylight,No Controls,NONE DETECTED,No,No Apparent Injury,NA,Not Distracted,MD,Bus - Transit,Parked,25,No,2016,GILLIG,LOW FLOOR BUS,39.09273534,-77.07634118,2025,5,6
250022616,Property Damage Crash,05/22/2025 06:33:00 AM,GRAND PRE RD,NA,Front to Front,Rain,Wet,Daylight,Stop Sign,NONE DETECTED,No,No Apparent Injury,"Failed to Yield Right-of-Way, Ran Stop Sign",Unknown,MD,Passenger Car,Entering Traffic Lane,25,No,2010,HONDA,CIVIC,39.09273534,-77.07634118,2025,5,6
250022616,Property Damage Crash,05/22/2025 06:33:00 AM,GRAND PRE RD,NA,Front to Front,Rain,Wet,Daylight,No Controls,NONE DETECTED,No,No Apparent Injury,NA,Not Distracted,MD,Sport Utility Vehicle,Moving Constant Speed,25,No,2024,TOYOTA,COROLLA CROSS,39.09273534,-77.07634118,2025,5,6
250022614,Injury Crash,05/22/2025 05:25:00 AM,WISTERIA DR,NA,Other,Rain,Wet,Medium,Flashing Traffic Control Signal,NONE DETECTED,Yes,No Apparent Injury,"Disregarded Other Traffic Sign, Ran Red Light",Not Distracted,MD,Passenger Car,Moving Constant Speed,35,No,2009,HONDA,CIVIC,39.17687467,-77.27002638,2025,5,5
250022614,Injury Crash,05/22/2025 05:25:00 AM,WISTERIA DR,NA,Other,Rain,Wet,Medium,Flashing Traffic Control Signal,NONE DETECTED,No,Possible Minor Injury,NA,Not Distracted,MD,Sport Utility Vehicle,Moving Constant Speed,40,No,2017,TOYOTA,RAV4,39.17687467,-77.27002638,2025,5,5
250022614,Injury Crash,05/22/2025 05:25:00 AM,WISTERIA DR,NA,Other,Rain,Wet,Medium,Flashing Traffic Control Signal,NONE DETECTED,No,Possible Minor Injury,NA,Not Distracted,MD,Sport Utility Vehicle,Moving Constant Speed,40,No,2018,TOYOTA,HIGHLANDER,39.17687467,-77.27002638,2025,5,5
250023504,Property Damage Crash,05/22/2025 05:20:00 AM,OLD HUNDRED RD,NA,Single Vehicle,Rain,Wet,Dark,No Controls,NONE DETECTED,No,No Apparent Injury,NA,Not Distracted,MD,Passenger Car,Slowing or Stopping,40,No,2018,FORD,TAURUS,39.2802395,-77.3184277,2025,5,5
250022612,Property Damage Crash,05/22/2025 04:30:00 AM,ROBEY RD,NA,Front to Rear,Clear,Dry,Medium,Flashing Traffic Control Signal,NONE DETECTED,No,NA,NA,NA,NA,Passenger Car,NA,45,No,2020,MERCEDES-BENZ,GLC-CLASS,39.07947546,-76.94511364,2025,5,4
250022611,Injury Crash,05/22/2025 02:30:00 AM,DARNESTOWN RD,NA,Single Vehicle,Rain,Wet,Dark,No Controls,NONE DETECTED,No,Possible Minor Injury,"Failed to Keep in Proper Lane, Too Fast For Conditions",Unknown,MD,Other,Moving Constant Speed,50,No,2016,HONDA,PILOT,39.12963568,-77.34564047,2025,5,2
250022589,Injury Crash,05/21/2025 08:27:00 PM,MIDDLEBROOK RD (WB/L),NA,Angle,Rain,Wet,Medium,Stop Sign,NONE DETECTED,Yes,Possible Minor Injury,Failed to Yield Right-of-Way,Not Distracted,MD,Passenger Car,Turning Left,30,No,2019,NISSAN,PATHFINDER,39.18166167,-77.23191333,2025,5,20
250022589,Injury Crash,05/21/2025 08:27:00 PM,MIDDLEBROOK RD (WB/L),NA,Angle,Rain,Wet,Medium,No Controls,NONE DETECTED,No,No Apparent Injury,NA,Not Distracted,MD,Passenger Car,Moving Constant Speed,30,No,2015,TOYOTA,SIENNA,39.18166167,-77.23191333,2025,5,20
250022590,Property Damage Crash,05/21/2025 08:00:00 PM,NA,NA,Rear To Side,Rain,NA,Medium,NA,NONE DETECTED,No,NA,NA,NA,NA,NA,Backing,0,No,0,NA,NA,38.99067474,-77.01872609,2025,5,20
250022580,Property Damage Crash,05/21/2025 07:33:00 PM,WAYNE AVE,NA,Single Vehicle,Rain,Wet,Daylight,No Controls,NONE DETECTED,Yes,No Apparent Injury,NA,Not Distracted,MD,Bus - Transit,Turning Right,35,No,2009,GILLIG,LOW FLOOR BUS,38.99705078,-77.02203676,2025,5,19
250022559,Injury Crash,05/21/2025 05:35:00 PM,CAPITAL BELTWAY (WB/L),NA,Front to Rear,Cloudy,Wet,Daylight,No Controls,NONE DETECTED,No,Possible Minor Injury,NA,Not Distracted,CA,Sport Utility Vehicle,Slowing or Stopping,55,No,2025,ACURA,MDX,39.01359983,-77.13097083,2025,5,17
250022559,Injury Crash,05/21/2025 05:35:00 PM,CAPITAL BELTWAY (WB/L),NA,Front to Rear,Cloudy,Wet,Daylight,No Controls,NONE DETECTED,No,No Apparent Injury,NA,Not Distracted,VA,Pickup,Moving Constant Speed,55,No,2017,RAM,1500,39.01359983,-77.13097083,2025,5,17
250022551,Injury Crash,05/21/2025 04:53:00 PM,RIDGECREST DR,NA,Angle,Rain,Wet,Daylight,No Controls,NONE DETECTED,Yes,Possible Minor Injury,NA,Not Distracted,MD,Passenger Car,Turning Left,40,No,2020,SUBARU,CROSSTREK,39.17513941,-77.25739738,2025,5,16
250022551,Injury Crash,05/21/2025 04:53:00 PM,RIDGECREST DR,NA,Angle,Rain,Wet,Daylight,No Controls,NONE DETECTED,No,Possible Minor Injury,NA,Not Distracted,MD,Passenger Car,Moving Constant Speed,40,No,2014,TOYOTA,SCION TC,39.17513941,-77.25739738,2025,5,16
250022550,Property Damage Crash,05/21/2025 04:43:00 PM,HUNGERFORD DR (SB/L),NA,Front to Rear,Rain,Wet,Daylight,Traffic Control Signal,NONE DETECTED,No,No Apparent Injury,NA,Not Distracted,MD,Sport Utility Vehicle,Moving Constant Speed,35,No,2017,PORSCHE,MACAN,39.08697239,-77.14976117,2025,5,16
250022550,Property Damage Crash,05/21/2025 04:43:00 PM,HUNGERFORD DR (SB/L),NA,Front to Rear,Rain,Wet,Daylight,No Controls,NONE DETECTED,No,No Apparent Injury,NA,Not Distracted,MD,Passenger Car,Parked,35,No,2008,TOYOTA,COROLLA,39.08697239,-77.14976117,2025,5,16
250022550,Property Damage Crash,05/21/2025 04:43:00 PM,HUNGERFORD DR (SB/L),NA,Front to Rear,Rain,Wet,Daylight,Traffic Control Signal,NONE DETECTED,No,No Apparent Injury,NA,Not Distracted,MD,Sport Utility Vehicle,Moving Constant Speed,35,No,2016,INFINITI,QX60,39.08697239,-77.14976117,2025,5,16
250022550,Property Damage Crash,05/21/2025 04:43:00 PM,HUNGERFORD DR (SB/L),NA,Front to Rear,Rain,Wet,Daylight,No Controls,NONE DETECTED,No,No Apparent Injury,NA,Not Distracted,MD,Sport Utility Vehicle,Parked,35,No,2014,TOYOTA,HIGHLANDER,39.08697239,-77.14976117,2025,5,16
250022550,Property Damage Crash,05/21/2025 04:43:00 PM,HUNGERFORD DR (SB/L),NA,Front to Rear,Rain,Wet,Daylight,Traffic Control Signal,NONE DETECTED,No,No Apparent Injury,NA,Not Distracted,MD,Passenger Car,Moving Constant Speed,35,No,2023,TESLA,MODEL X,39.08697239,-77.14976117,2025,5,16
250022550,Property Damage Crash,05/21/2025 04:43:00 PM,HUNGERFORD DR (SB/L),NA,Front to Rear,Rain,Wet,Daylight,Traffic Control Signal,NONE DETECTED,Yes,No Apparent Injury,NA,Unknown,MD,Pickup,Changing Lanes,35,No,2023,TOYOTA,TACOMA,39.08697239,-77.14976117,2025,5,16
250022546,Injury Crash,05/21/2025 04:38:00 PM,NA,NA,Angle,Rain,NA,Daylight,NA,NONE DETECTED,No,Possible Minor Injury,NA,Not Distracted,MD,Passenger Car,Moving Constant Speed,0,No,2015,TOYOTA,COROLLA,39.15861672,-77.21421777,2025,5,16
250022546,Injury Crash,05/21/2025 04:38:00 PM,NA,NA,Angle,Rain,NA,Daylight,NA,NONE DETECTED,No,No Apparent Injury,NA,Unknown,MD,Sport Utility Vehicle,Turning Left,0,No,2018,INFINITI,QX60,39.15861672,-77.21421777,2025,5,16
250022544,Property Damage Crash,05/21/2025 04:21:00 PM,GLENMONT SHOPPING CTR CUT THRU CUT,NA,Front to Front,Rain,Wet,Daylight,No Controls,NONE DETECTED,No,No Apparent Injury,NA,Not Distracted,MD,Passenger Car,Entering Traffic Lane,35,No,2012,HONDA,CR-V,39.05942131,-77.05029422,2025,5,16
250022544,Property Damage Crash,05/21/2025 04:21:00 PM,GLENMONT SHOPPING CTR CUT THRU CUT,NA,Front to Front,Rain,Wet,Daylight,No Controls,NONE DETECTED,No,No Apparent Injury,NA,Not Distracted,MD,Bus - Transit,Accelerating,35,No,2014,NABI,BRT,39.05942131,-77.05029422,2025,5,16
250022536,Injury Crash,05/21/2025 04:00:00 PM,BRINK RD (WB/L),NA,Front to Rear,Rain,Wet,Daylight,Traffic Control Signal,NONE DETECTED,No,Possible Minor Injury,NA,Not Distracted,MD,Sport Utility Vehicle,Stopped in Traffic,35,No,2016,HONDA,CR-V,39.21022421,-77.23963283,2025,5,16
250022541,Property Damage Crash,05/21/2025 04:00:00 PM,CAPITAL BELTWAY,NA,"Sideswipe, Same Direction",Rain,Wet,Daylight,No Controls,NONE DETECTED,No,No Apparent Injury,"Failed to Keep in Proper Lane, Failed to Yield Right-of-Way",Not Distracted,MD,Bus - School,Changing Lanes,55,No,2015,FREIGHTLINER,B2 BUS CHASSIS,39.00590454,-77.07351059,2025,5,16
250022536,Injury Crash,05/21/2025 04:00:00 PM,BRINK RD (WB/L),NA,Front to Rear,Rain,Wet,Daylight,Traffic Control Signal,NONE DETECTED,No,Possible Minor Injury,NA,Not Distracted,MD,Passenger Car,Stopped in Traffic,35,No,2014,TOYOTA,COROLLA,39.21022421,-77.23963283,2025,5,16
250022536,Injury Crash,05/21/2025 04:00:00 PM,BRINK RD (WB/L),NA,Front to Rear,Rain,Wet,Daylight,Traffic Control Signal,NONE DETECTED,No,No Apparent Injury,NA,Not Distracted,MD,Sport Utility Vehicle,Stopped in Traffic,35,No,2019,BUICK,ENCORE,39.21022421,-77.23963283,2025,5,16
250022536,Injury Crash,05/21/2025 04:00:00 PM,BRINK RD (WB/L),NA,Front to Rear,Rain,Wet,Daylight,Traffic Control Signal,NONE DETECTED,Yes,No Apparent Injury,NA,Unknown,MD,Sport Utility Vehicle,Slowing or Stopping,35,No,2015,TOYOTA,TACOMA,39.21022421,-77.23963283,2025,5,16
250022541,Property Damage Crash,05/21/2025 04:00:00 PM,CAPITAL BELTWAY,NA,"Sideswipe, Same Direction",Rain,Wet,Daylight,No Controls,NONE DETECTED,No,No Apparent Injury,NA,Not Distracted,MD,Sport Utility Vehicle,Moving Constant Speed,55,No,2004,NISSAN,PATHFINDER,39.00590454,-77.07351059,2025,5,16
250022527,Property Damage Crash,05/21/2025 03:06:00 PM,COLESVILLE RD,NA,Front to Rear,Rain,Wet,Daylight,"Other Pavement Marking (excluding edgelines, centerlines, or lane lines)",NONE DETECTED,Yes,No Apparent Injury,NA,Not Distracted,MD,Passenger Car,Slowing or Stopping,35,No,2019,HYUNDAI,SONATA,39.01119134,-77.01715702,2025,5,15
250022527,Property Damage Crash,05/21/2025 03:06:00 PM,COLESVILLE RD,NA,Front to Rear,Rain,Wet,Daylight,"Other Pavement Marking (excluding edgelines, centerlines, or lane lines)",NONE DETECTED,No,No Apparent Injury,NA,Not Distracted,MD,Passenger Car,Slowing or Stopping,35,No,2008,TOYOTA,SIENNA,39.01119134,-77.01715702,2025,5,15
250022520,Property Damage Crash,05/21/2025 02:49:00 PM,NA,NA,Angle,Clear,Wet,Daylight,Stop Sign,NONE DETECTED,No,No Apparent Injury,Failed to Yield Right-of-Way,Unknown,NA,Motorcycle - 2 Wheeled,NA,25,No,1998,KAWASAKI,ZX-7R,39.16124639,-77.25072174,2025,5,14
250022520,Property Damage Crash,05/21/2025 02:49:00 PM,NA,NA,Angle,Clear,Wet,Daylight,No Controls,NONE DETECTED,No,No Apparent Injury,NA,Not Distracted,MD,Sport Utility Vehicle,Moving Constant Speed,30,No,2022,CADILLAC,XT5,39.16124639,-77.25072174,2025,5,14