Local Case Number,ACRS Report Type,Crash Date/Time,Road Name,Related Non-Motorist,Collision Type,Weather,Surface Condition,Light,Traffic Control,Driver Substance Abuse,Driver At Fault,Injury Severity,Circumstance,Driver Distracted By,Drivers License State,Vehicle Body Type,Vehicle Movement,Speed Limit,Driverless Vehicle,Vehicle Year,Vehicle Make,Vehicle Model,Latitude,Longitude,Year,Month,Hour
250022512,Injury Crash,05/21/2025 02:10:00 PM,MIDDLEBROOK RD (WB/L),NA,Angle,Cloudy,Dry,Daylight,Traffic Control Signal,NONE DETECTED,No,Possible Minor Injury,NA,Not Distracted,MD,Passenger Car,Moving Constant Speed,35,No,2003,TOYOTA,CAMRY,39.18009832,-77.2686115,2025,5,14
250022512,Injury Crash,05/21/2025 02:10:00 PM,MIDDLEBROOK RD (WB/L),NA,Angle,Cloudy,Dry,Daylight,Traffic Control Signal,NONE DETECTED,Yes,No Apparent Injury,Failed to Yield Right-of-Way,Unknown,VA,Pickup,Turning Left,35,No,2013,FORD,F-150,39.18009832,-77.2686115,2025,5,14
250022516,Property Damage Crash,05/21/2025 02:00:00 PM,NA,NA,Angle,Clear,NA,Daylight,NA,NONE DETECTED,Yes,No Apparent Injury,Other Improper Action,Not Distracted,MD,Passenger Car,Accelerating,0,No,2013,BMW,X1,38.96305955,-77.09308491,2025,5,14
250022524,Property Damage Crash,05/21/2025 01:50:00 PM,NA,NA,Angle,Clear,NA,Daylight,NA,NONE DETECTED,Yes,No Apparent Injury,Other Improper Action,Not Distracted,MD,Passenger Car,Slowing or Stopping,0,No,2014,MAZDA,MAZDA6,38.99852586,-77.11002473,2025,5,13
250022509,Property Damage Crash,05/21/2025 01:42:00 PM,PINEY MEETINGHOUSE RD,NA,Angle,Cloudy,Wet,Daylight,No Controls,NONE DETECTED,No,No Apparent Injury,NA,Not Distracted,MD,Passenger Car,Moving Constant Speed,35,No,2015,JEEP,GRAND CHEROKEE,39.03873465,-77.23470663,2025,5,13
250022509,Property Damage Crash,05/21/2025 01:42:00 PM,PINEY MEETINGHOUSE RD,NA,Angle,Cloudy,Wet,Daylight,No Controls,NONE DETECTED,Yes,No Apparent Injury,NA,Unknown,NA,Passenger Car,Leaving Traffic Lane,35,No,2021,PORSCHE,911,39.03873465,-77.23470663,2025,5,13
250022501,Property Damage Crash,05/21/2025 12:06:00 PM,NA,NA,"Sideswipe, Same Direction",Rain,NA,Daylight,NA,NONE DETECTED,Yes,No Apparent Injury,NA,Unknown,MD,Passenger Car,Moving Constant Speed,0,No,2012,NISSAN,ROGUE,39.06030057,-77.12708743,2025,5,12
250022495,Property Damage Crash,05/21/2025 11:50:00 AM,ROCKVILLE PIKE,NA,"Sideswipe, Same Direction",Cloudy,NA,Daylight,Traffic Control Signal,NONE DETECTED,No,No Apparent Injury,NA,Not Distracted,MD,Passenger Car,Turning Left,30,No,2020,FORD,EXPLORER,39.04963727,-77.11425131,2025,5,11
250022495,Property Damage Crash,05/21/2025 11:50:00 AM,ROCKVILLE PIKE,NA,"Sideswipe, Same Direction",Cloudy,NA,Daylight,Traffic Control Signal,NONE DETECTED,No,NA,NA,NA,NA,Passenger Car,Turning Left,30,No,2023,VOLKSWAGEN,TAOS,39.04963727,-77.11425131,2025,5,11
250022671,Injury Crash,05/21/2025 10:30:00 AM,CHRISTOPHER AVE,Pedestrian,Single Vehicle,Rain,Wet,Daylight,No Controls,NONE DETECTED,No,No Apparent Injury,NA,Not Distracted,MD,Passenger Car,Turning Right,25,No,2017,TOYOTA,RAV4,39.15672888,-77.21458782,2025,5,10
250022450,Property Damage Crash,05/21/2025 10:05:00 AM,VEIRS MILL RD (WB/L),NA,Front to Rear,Rain,Wet,Daylight,No Controls,NONE DETECTED,No,No Apparent Injury,NA,Not Distracted,MD,Other,Stopped in Traffic,35,No,2011,CHEVROLET,EXPRESS,39.05319317,-77.07712625,2025,5,10
250022450,Property Damage Crash,05/21/2025 10:05:00 AM,VEIRS MILL RD (WB/L),NA,Front to Rear,Rain,Wet,Daylight,No Controls,NONE DETECTED,Yes,No Apparent Injury,NA,Not Distracted,MD,Passenger Car,Slowing or Stopping,35,No,2014,TOYOTA,CAMRY,39.05319317,-77.07712625,2025,5,10
250022458,Injury Crash,05/21/2025 08:28:00 AM,EAST WEST HWY,NA,Rear To Side,Rain,Wet,Daylight,No Controls,NONE DETECTED,No,Possible Minor Injury,NA,Not Distracted,MD,Passenger Car,Moving Constant Speed,35,No,2018,HONDA,CR-V,38.98832867,-77.075006,2025,5,8
250022458,Injury Crash,05/21/2025 08:28:00 AM,EAST WEST HWY,NA,Rear To Side,Rain,Wet,Daylight,Stop Sign,NONE DETECTED,Yes,No Apparent Injury,NA,Not Distracted,US,Passenger Car,Slowing or Stopping,25,No,2019,TOYOTA,RAV4,38.98832867,-77.075006,2025,5,8
250022504,Property Damage Crash,05/21/2025 07:50:00 AM,RANDOLPH RD,NA,Angle,Rain,Wet,Daylight,Traffic Control Signal,NONE DETECTED,Yes,No Apparent Injury,NA,Not Distracted,MD,Pickup,Turning Left,35,No,2018,RAM,5500,39.06613277,-77.03442611,2025,5,7
250022504,Property Damage Crash,05/21/2025 07:50:00 AM,RANDOLPH RD,NA,Angle,Rain,Wet,Daylight,Traffic Control Signal,NONE DETECTED,No,No Apparent Injury,NA,Not Distracted,MD,Sport Utility Vehicle,Moving Constant Speed,35,No,2016,HONDA,CR-V,39.06613277,-77.03442611,2025,5,7
250022445,Property Damage Crash,05/21/2025 05:37:00 AM,PHILADELPHIA AVE (WB/L),NA,Rear To Side,Rain,Wet,Daylight,No Controls,NONE DETECTED,No,No Apparent Injury,NA,Not Distracted,MD,Passenger Car,Stopped in Traffic,25,No,2012,TOYOTA,RAV4,38.98788828,-77.02333052,2025,5,5
250022445,Property Damage Crash,05/21/2025 05:37:00 AM,PHILADELPHIA AVE (WB/L),NA,Rear To Side,Rain,Wet,Daylight,No Controls,NONE DETECTED,No,NA,NA,NA,NA,Passenger Car,Backing,25,No,2011,TOYOTA,CAMRY,38.98788828,-77.02333052,2025,5,5
250022441,Property Damage Crash,05/21/2025 03:10:00 AM,NA,NA,Front to Front,Rain,Wet,Medium,Stop Sign,NONE DETECTED,Yes,No Apparent Injury,NA,Unknown,MD,Passenger Car,Moving Constant Speed,25,No,2023,TOYOTA,CAMRY,39.09415083,-77.08941767,2025,5,3
250022434,Injury Crash,05/20/2025 11:24:00 PM,FIRST ST,Pedestrian,Front to Rear,Clear,Dry,Medium,No Controls,NONE DETECTED,No,NA,NA,NA,NA,Passenger Car,Moving Constant Speed,35,No,2010,HONDA,CIVIC,39.0887569,-77.1361305,2025,5,23
250022420,Injury Crash,05/20/2025 10:05:00 PM,CHERRY HILL RD (NB/L),NA,Other,Clear,Dry,Medium,No Controls,NONE DETECTED,Yes,Possible Minor Injury,"Followed Too Closely, Operated Motor Vehicle in Inattentive, Careless, Negligent, or Erratic Manner, Operated Motor Vehicle in Reckless or Aggressive Manner",Unknown,MD,Passenger Car,Moving Constant Speed,35,No,2019,ACURA,TLX,39.06258738,-76.96252539,2025,5,22
250022420,Injury Crash,05/20/2025 10:05:00 PM,CHERRY HILL RD (NB/L),NA,Other,Clear,Dry,Medium,Traffic Control Signal,NONE DETECTED,No,Possible Minor Injury,NA,Not Distracted,MD,Passenger Car,Stopped in Traffic,35,No,2020,HONDA,CIVIC,39.06258738,-76.96252539,2025,5,22
250022420,Injury Crash,05/20/2025 10:05:00 PM,CHERRY HILL RD (NB/L),NA,Other,Clear,Dry,Medium,Traffic Control Signal,NONE DETECTED,No,No Apparent Injury,NA,Not Distracted,MD,Sport Utility Vehicle,Stopped in Traffic,35,No,2007,TOYOTA,HIGHLANDER,39.06258738,-76.96252539,2025,5,22
250022420,Injury Crash,05/20/2025 10:05:00 PM,CHERRY HILL RD (NB/L),NA,Other,Clear,Dry,Medium,Traffic Control Signal,NONE DETECTED,No,No Apparent Injury,NA,Not Distracted,MD,Passenger Car,Stopped in Traffic,35,No,2018,MERCEDES-BENZ,GLC-CLASS,39.06258738,-76.96252539,2025,5,22
250022422,Property Damage Crash,05/20/2025 09:33:00 PM,GEORGIA AVE,NA,Angle,Clear,Dry,Medium,Traffic Control Signal,NONE DETECTED,Yes,No Apparent Injury,Failed to Yield Right-of-Way,Unknown,MD,Passenger Car,Moving Constant Speed,40,No,2018,FORD,ESCAPE,39.12610005,-77.07220188,2025,5,21
250022422,Property Damage Crash,05/20/2025 09:33:00 PM,GEORGIA AVE,NA,Angle,Clear,Dry,Medium,Traffic Control Signal,NONE DETECTED,No,No Apparent Injury,NA,Not Distracted,MD,Passenger Car,Turning Left,40,No,2018,SUBARU,FORESTER,39.12610005,-77.07220188,2025,5,21
220022419,Property Damage Crash,05/20/2025 08:46:00 PM,NA,NA,Front to Rear,Clear,Dry,Medium,No Controls,NONE DETECTED,Yes,No Apparent Injury,Followed Too Closely,Unknown,MD,Passenger Car,Moving Constant Speed,35,No,2008,BMW,328I,39.06908983,-76.96171917,2025,5,20
220022419,Property Damage Crash,05/20/2025 08:46:00 PM,NA,NA,Front to Rear,Clear,Dry,Medium,No Controls,NONE DETECTED,No,No Apparent Injury,NA,Not Distracted,MD,Passenger Car,Moving Constant Speed,35,No,2018,NISSAN,ROGUE,39.06908983,-76.96171917,2025,5,20
250022417,Property Damage Crash,05/20/2025 08:27:00 PM,MONTGOMERY VILLAGE AVE (SB/L),NA,"Sideswipe, Same Direction",Clear,Dry,Medium,Traffic Control Signal,NONE DETECTED,No,NA,NA,NA,NA,Passenger Car,NA,35,No,2012,HONDA,ACCORD,39.15326496,-77.21141767,2025,5,20
250022417,Property Damage Crash,05/20/2025 08:27:00 PM,MONTGOMERY VILLAGE AVE (SB/L),NA,"Sideswipe, Same Direction",Clear,Dry,Medium,Traffic Control Signal,NONE DETECTED,No,No Apparent Injury,NA,Not Distracted,MD,Passenger Car,Moving Constant Speed,35,No,2017,PORSCHE,MACAN,39.15326496,-77.21141767,2025,5,20
250022417,Property Damage Crash,05/20/2025 08:27:00 PM,MONTGOMERY VILLAGE AVE (SB/L),NA,"Sideswipe, Same Direction",Clear,Dry,Medium,Traffic Control Signal,NONE DETECTED,No,No Apparent Injury,NA,Not Distracted,MD,Passenger Car,Stopped in Traffic,35,No,2010,TOYOTA,COROLLA,39.15326496,-77.21141767,2025,5,20
250022415,Property Damage Crash,05/20/2025 08:15:00 PM,BRAHMS CT,NA,Front to Rear,Clear,Dry,Medium,No Controls,NONE DETECTED,No,No Apparent Injury,NA,Not Distracted,MD,Van - Passenger (&lt;9 Seats),Entering Traffic Lane,25,No,2001,TOYOTA,SIENNA,39.07185732,-76.950472,2025,5,20
250022405,Injury Crash,05/20/2025 07:33:00 PM,GLENALLAN AVE (WB/L),Pedestrian,Single Vehicle,Clear,Dry,Daylight,Traffic Control Signal,NONE DETECTED,No,No Apparent Injury,NA,Not Distracted,MD,Sport Utility Vehicle,Turning Left,35,No,2002,LEXUS,RX,39.06317325,-77.0544775,2025,5,19
250022405,Injury Crash,05/20/2025 07:33:00 PM,GLENALLAN AVE (WB/L),Pedestrian,Single Vehicle,Clear,Dry,Daylight,Traffic Control Signal,NONE DETECTED,No,NA,NA,NA,NA,NA,Turning Left,35,No,0,NA,NA,39.06317325,-77.0544775,2025,5,19
250022397,Property Damage Crash,05/20/2025 06:38:00 PM,NICHOLSON LA,NA,Other,Clear,Dry,Daylight,No Controls,NONE DETECTED,No,NA,NA,NA,NA,Passenger Car,Moving Constant Speed,25,No,2014,NISSAN,ALTIMA,39.04821966,-77.10180663,2025,5,18
250022397,Property Damage Crash,05/20/2025 06:38:00 PM,NICHOLSON LA,NA,Other,Clear,Dry,Daylight,No Controls,NONE DETECTED,No,No Apparent Injury,NA,Not Distracted,MD,Sport Utility Vehicle,Turning Left,25,No,2021,JEEP,GRAND CHEROKEE L,39.04821966,-77.10180663,2025,5,18
250022378,Property Damage Crash,05/20/2025 05:39:00 PM,MOLECULAR DR,NA,Single Vehicle,Clear,Dry,Daylight,Stop Sign,NONE DETECTED,No,No Apparent Injury,NA,Unknown,MD,Passenger Car,Moving Constant Speed,35,No,2023,TOYOTA,SUPRA,39.09198144,-77.20864335,2025,5,17
250022361,Injury Crash,05/20/2025 04:50:00 PM,SHADY GROVE RD (SB/L),NA,Front to Rear,Clear,Dry,Daylight,Traffic Control Signal,NONE DETECTED,No,Possible Minor Injury,NA,Not Distracted,MD,Passenger Car,Stopped in Traffic,40,No,2013,MERCEDES-BENZ,C-CLASS,39.12889934,-77.16710169,2025,5,16
250022361,Injury Crash,05/20/2025 04:50:00 PM,SHADY GROVE RD (SB/L),NA,Front to Rear,Clear,Dry,Daylight,Traffic Control Signal,NONE DETECTED,Yes,No Apparent Injury,Too Fast For Conditions,Not Distracted,MD,Pickup,Slowing or Stopping,40,No,2001,FORD,F-150,39.12889934,-77.16710169,2025,5,16
25000922,Property Damage Crash,05/20/2025 04:45:00 PM,UNIVERSITY BLVD E,NA,Angle,Clear,Dry,Daylight,No Controls,NONE DETECTED,No,No Apparent Injury,NA,Not Distracted,MD,Passenger Car,Moving Constant Speed,35,No,2018,FORD,EXPLORER,39.00152818,-76.99562022,2025,5,16
25000922,Property Damage Crash,05/20/2025 04:45:00 PM,UNIVERSITY BLVD E,NA,Angle,Clear,Dry,Daylight,No Controls,NONE DETECTED,No,No Apparent Injury,Failed to Yield Right-of-Way,Not Distracted,MD,Passenger Car,Making U-Turn,35,No,2023,MAZDA,CX-50,39.00152818,-76.99562022,2025,5,16
250022365,Property Damage Crash,05/20/2025 04:44:00 PM,AVERY RD,NA,Front to Rear,Clear,Dry,Daylight,No Controls,NONE DETECTED,Yes,No Apparent Injury,NA,Unknown,MD,Passenger Car,Slowing or Stopping,25,No,2016,MAZDA,MAZDA3,39.10491733,-77.12166967,2025,5,16
250022365,Property Damage Crash,05/20/2025 04:44:00 PM,AVERY RD,NA,Front to Rear,Clear,Dry,Daylight,No Controls,NONE DETECTED,No,No Apparent Injury,NA,Not Distracted,MD,Passenger Car,Slowing or Stopping,25,No,2008,TOYOTA,CAMRY,39.10491733,-77.12166967,2025,5,16
250022364,Property Damage Crash,05/20/2025 04:36:00 PM,RIVER RD,NA,Angle,Clear,Dry,Daylight,Traffic Control Signal,NONE DETECTED,Yes,No Apparent Injury,NA,Unknown,MD,Sport Utility Vehicle,Turning Left,35,No,2019,LEXUS,RX,38.99238217,-77.16160183,2025,5,16
250022364,Property Damage Crash,05/20/2025 04:36:00 PM,RIVER RD,NA,Angle,Clear,Dry,Daylight,Traffic Control Signal,NONE DETECTED,No,No Apparent Injury,NA,Not Distracted,GA,Sport Utility Vehicle,Moving Constant Speed,35,No,2018,SUBARU,FORESTER,38.99238217,-77.16160183,2025,5,16
250022355,Injury Crash,05/20/2025 04:13:00 PM,LOYOLA ST,NA,Angle,Clear,Dry,Daylight,No Controls,NONE DETECTED,No,No Apparent Injury,NA,Not Distracted,MD,Sport Utility Vehicle,Moving Constant Speed,25,No,2010,MAZDA,CX-7,39.07734855,-77.0728073,2025,5,16
250022355,Injury Crash,05/20/2025 04:13:00 PM,LOYOLA ST,NA,Angle,Clear,Dry,Daylight,No Controls,NONE DETECTED,Yes,Possible Minor Injury,Failed to Yield Right-of-Way,Not Distracted,MD,Sport Utility Vehicle,Backing,25,No,2021,ACURA,RDX,39.07734855,-77.0728073,2025,5,16
250022359,Property Damage Crash,05/20/2025 04:09:00 PM,UNIVERSITY BLVD W,NA,"Sideswipe, Same Direction",Clear,Dry,Daylight,No Controls,NONE DETECTED,No,No Apparent Injury,NA,Not Distracted,MD,Sport Utility Vehicle,Changing Lanes,40,No,2015,DODGE,DURANGO,39.02580501,-77.02011874,2025,5,16
250022359,Property Damage Crash,05/20/2025 04:09:00 PM,UNIVERSITY BLVD W,NA,"Sideswipe, Same Direction",Clear,Dry,Daylight,No Controls,NONE DETECTED,Yes,NA,NA,NA,NA,Passenger Car,Changing Lanes,40,No,2006,HONDA,ODYSSEY,39.02580501,-77.02011874,2025,5,16
250022354,Property Damage Crash,05/20/2025 04:00:00 PM,GERMANTOWN RD (SB/L),NA,Front to Rear,Clear,Dry,Daylight,Traffic Control Signal,NONE DETECTED,Yes,No Apparent Injury,Followed Too Closely,Talking/listening,MD,Bus - School,Turning Left,40,No,2021,THOMAS BUILT,HDX,39.18186833,-77.26056667,2025,5,16
250022354,Property Damage Crash,05/20/2025 04:00:00 PM,GERMANTOWN RD (SB/L),NA,Front to Rear,Clear,Dry,Daylight,Traffic Control Signal,NONE DETECTED,No,No Apparent Injury,NA,Not Distracted,MD,Passenger Car,Turning Left,40,No,2020,HONDA,CIVIC,39.18186833,-77.26056667,2025,5,16
250022351,Property Damage Crash,05/20/2025 03:26:00 PM,INVERNESS DRWY,NA,Single Vehicle,Cloudy,Dry,Daylight,No Controls,NONE DETECTED,Yes,No Apparent Injury,"Swerved or Avoided Due to Wind, Slippery Surface, Motor Vehicle, Object, Non-Motorist in Roadway, etc",Not Distracted,MD,Bus - School,Turning Left,25,No,2016,THOMAS BUILT,HDX,39.00341133,-77.07055967,2025,5,15
250022341,Injury Crash,05/20/2025 03:20:00 PM,CLOPPER RD,NA,Front to Front,Cloudy,Dry,Daylight,No Controls,NONE DETECTED,No,No Apparent Injury,NA,Not Distracted,MD,Passenger Car,Turning Left,35,No,2019,KIA,FORTE,39.1482869,-77.23758292,2025,5,15
250022341,Injury Crash,05/20/2025 03:20:00 PM,CLOPPER RD,NA,Front to Front,Cloudy,Dry,Daylight,No Controls,NONE DETECTED,No,Possible Minor Injury,NA,Not Distracted,MD,Passenger Car,Moving Constant Speed,35,No,2021,HONDA,CR-V,39.1482869,-77.23758292,2025,5,15
250022341,Injury Crash,05/20/2025 03:20:00 PM,CLOPPER RD,NA,Front to Front,Cloudy,Dry,Daylight,No Controls,NONE DETECTED,No,No Apparent Injury,"Swerved or Avoided Due to Wind, Slippery Surface, Motor Vehicle, Object, Non-Motorist in Roadway, etc",Not Distracted,MD,Passenger Car,Moving Constant Speed,35,No,2020,TOYOTA,C-HR,39.1482869,-77.23758292,2025,5,15
250022334,Property Damage Crash,05/20/2025 03:00:00 PM,INDIAN SPRING DR,NA,Rear To Side,Clear,Dry,Daylight,No Controls,NONE DETECTED,No,NA,NA,NA,NA,Sport Utility Vehicle,Backing,25,No,2016,HONDA,PILOT,39.01332417,-77.00403256,2025,5,15
250022334,Property Damage Crash,05/20/2025 03:00:00 PM,INDIAN SPRING DR,NA,Rear To Side,Clear,Dry,Daylight,No Controls,NONE DETECTED,No,No Apparent Injury,NA,Not Distracted,MD,Passenger Car,Parked,25,No,2017,MAZDA,MAZDA3,39.01332417,-77.00403256,2025,5,15
250022335,Property Damage Crash,05/20/2025 02:40:00 PM,NA,NA,"Sideswipe, Opposite Direction",Clear,NA,Daylight,NA,NONE DETECTED,Yes,No Apparent Injury,Other Improper Action,Unknown,MD,Sport Utility Vehicle,NA,0,No,2023,MERCEDES-BENZ,EQB-CLASS,39.02518267,-77.1263715,2025,5,14
250022332,Property Damage Crash,05/20/2025 02:07:00 PM,CHRISTOPHER AVE (NB/L),NA,Angle,Clear,Dry,Daylight,Traffic Control Signal,NONE DETECTED,No,No Apparent Injury,NA,Not Distracted,MD,Passenger Car,Turning Left,35,No,2011,TOYOTA,CAMRY,39.15825367,-77.20442287,2025,5,14
250022332,Property Damage Crash,05/20/2025 02:07:00 PM,CHRISTOPHER AVE (NB/L),NA,Angle,Clear,Dry,Daylight,Traffic Control Signal,NONE DETECTED,Yes,No Apparent Injury,"Disregarded Other Traffic Sign, Operated Motor Vehicle in Inattentive, Careless, Negligent, or Erratic Manner",Unknown,MD,Passenger Car,Accelerating,35,No,2014,HONDA,CR-V,39.15825367,-77.20442287,2025,5,14
250022318,Injury Crash,05/20/2025 01:15:00 PM,GREENCASTLE RD,NA,Front to Rear,Clear,Dry,Daylight,Traffic Control Signal,NONE DETECTED,Yes,Possible Minor Injury,"Followed Too Closely, Other Improper Action",Not Distracted,MD,Sport Utility Vehicle,Slowing or Stopping,55,No,2024,LEXUS,RX,39.09554669,-76.93786648,2025,5,13
250022318,Injury Crash,05/20/2025 01:15:00 PM,GREENCASTLE RD,NA,Front to Rear,Clear,Dry,Daylight,Traffic Control Signal,NONE DETECTED,No,Possible Minor Injury,NA,Not Distracted,MD,Sport Utility Vehicle,Stopped in Traffic,55,No,2023,VOLVO,V60CC,39.09554669,-76.93786648,2025,5,13
250022312,Property Damage Crash,05/20/2025 12:35:00 PM,NEW HAMPSHIRE AVE (SB/L),NA,"Sideswipe, Same Direction",Clear,Dry,Daylight,No Controls,NONE DETECTED,No,NA,NA,NA,NA,NA,Moving Constant Speed,35,No,0,NA,NA,38.987463,-76.9880445,2025,5,12
250022312,Property Damage Crash,05/20/2025 12:35:00 PM,NEW HAMPSHIRE AVE (SB/L),NA,"Sideswipe, Same Direction",Clear,Dry,Daylight,No Controls,NONE DETECTED,No,No Apparent Injury,NA,Not Distracted,MD,Passenger Car,Parked,35,No,2009,GILLIG,LOW FLOOR BUS,38.987463,-76.9880445,2025,5,12
250022310,Injury Crash,05/20/2025 12:07:00 PM,UNIVERSITY BLVD W (WB/L),NA,Front to Rear,Clear,Dry,Daylight,Traffic Control Signal,NONE DETECTED,Yes,No Apparent Injury,NA,"Other Action (looking away from task, etc.)",MD,Passenger Car,Accelerating,30,No,2007,HONDA,ACCORD,39.03181922,-77.07477417,2025,5,12
250022310,Injury Crash,05/20/2025 12:07:00 PM,UNIVERSITY BLVD W (WB/L),NA,Front to Rear,Clear,Dry,Daylight,Traffic Control Signal,NONE DETECTED,No,Possible Minor Injury,NA,Not Distracted,MD,Van - Passenger (&lt;9 Seats),Stopped in Traffic,30,No,2020,NISSAN,NV200,39.03181922,-77.07477417,2025,5,12
250022306,Property Damage Crash,05/20/2025 11:41:00 AM,NA,NA,"Sideswipe, Same Direction",Clear,NA,Daylight,NA,NONE DETECTED,Yes,No Apparent Injury,NA,Unknown,MD,Passenger Car,Accelerating,0,No,2004,TOYOTA,CAMRY,39.11881043,-77.20211107,2025,5,11
250022306,Property Damage Crash,05/20/2025 11:41:00 AM,NA,NA,"Sideswipe, Same Direction",Clear,NA,Daylight,NA,NONE DETECTED,No,No Apparent Injury,NA,Not Distracted,NY,Passenger Car,Slowing or Stopping,0,No,2019,TOYOTA,CAMRY,39.11881043,-77.20211107,2025,5,11
250022286,Property Damage Crash,05/20/2025 10:15:00 AM,RANDOLPH RD,NA,Front to Rear,Clear,Dry,Daylight,Other Signal,NONE DETECTED,No,No Apparent Injury,NA,Not Distracted,MD,Pickup,Moving Constant Speed,35,No,2024,RAM,2500,39.05894521,-77.05800267,2025,5,10
250022286,Property Damage Crash,05/20/2025 10:15:00 AM,RANDOLPH RD,NA,Front to Rear,Clear,Dry,Daylight,Other Warning Sign,NONE DETECTED,No,No Apparent Injury,NA,Not Distracted,MD,Passenger Car,Changing Lanes,35,No,2019,VOLKSWAGEN,JETTA,39.05894521,-77.05800267,2025,5,10
250022275,Injury Crash,05/20/2025 09:10:00 AM,FARM HAVEN DR,NA,Angle,Clear,Dry,Daylight,Traffic Control Signal,NONE DETECTED,No,Possible Minor Injury,NA,Not Distracted,MD,Sport Utility Vehicle,Moving Constant Speed,25,No,2017,HONDA,PILOT,39.0545175,-77.14307433,2025,5,9
250022275,Injury Crash,05/20/2025 09:10:00 AM,FARM HAVEN DR,NA,Angle,Clear,Dry,Daylight,Traffic Control Signal,NONE DETECTED,Yes,Possible Minor Injury,"Failed to Yield Right-of-Way, Ran Red Light",Unknown,VA,Passenger Car,Moving Constant Speed,35,No,2019,VOLKSWAGEN,JETTA,39.0545175,-77.14307433,2025,5,9
250022273,Property Damage Crash,05/20/2025 08:59:00 AM,W GUDE DR,NA,"Sideswipe, Same Direction",Clear,Dry,Daylight,Traffic Control Signal,NONE DETECTED,No,No Apparent Injury,NA,Not Distracted,MD,Passenger Car,Stopped in Traffic,40,No,2013,HONDA,ACCORD,39.10653101,-77.15930897,2025,5,8
250022273,Property Damage Crash,05/20/2025 08:59:00 AM,W GUDE DR,NA,"Sideswipe, Same Direction",Clear,Dry,Daylight,Traffic Control Signal,NONE DETECTED,No,No Apparent Injury,NA,Not Distracted,MD,Passenger Car,Stopped in Traffic,40,No,2007,HYUNDAI,ELANTRA,39.10653101,-77.15930897,2025,5,8
250022273,Property Damage Crash,05/20/2025 08:59:00 AM,W GUDE DR,NA,"Sideswipe, Same Direction",Clear,Dry,Daylight,Traffic Control Signal,NONE DETECTED,Yes,No Apparent Injury,NA,Unknown,MD,Sport Utility Vehicle,Moving Constant Speed,40,No,2022,MERCEDES-BENZ,GLC-CLASS,39.10653101,-77.15930897,2025,5,8
250022270,Injury Crash,05/20/2025 08:48:00 AM,SHADY GROVE RD,NA,Angle,Clear,Dry,Daylight,Traffic Control Signal,NONE DETECTED,Yes,Possible Minor Injury,"Failed to Yield Right-of-Way, Ran Red Light",Not Distracted,MD,Sport Utility Vehicle,Turning Left,40,No,2024,TOYOTA,RAV4,39.14515908,-77.15013556,2025,5,8
250022270,Injury Crash,05/20/2025 08:48:00 AM,SHADY GROVE RD,NA,Angle,Clear,Dry,Daylight,Traffic Control Signal,NONE DETECTED,No,No Apparent Injury,NA,Not Distracted,MD,Sport Utility Vehicle,Stopped in Traffic,25,No,2017,TOYOTA,HIGHLANDER,39.14515908,-77.15013556,2025,5,8
250022270,Injury Crash,05/20/2025 08:48:00 AM,SHADY GROVE RD,NA,Angle,Clear,Dry,Daylight,Traffic Control Signal,NONE DETECTED,No,No Apparent Injury,NA,Not Distracted,MD,Passenger Car,Moving Constant Speed,40,No,2022,CHEVROLET,MALIBU,39.14515908,-77.15013556,2025,5,8
250022069,Property Damage Crash,05/20/2025 08:47:00 AM,GREAT SENECA HWY (SB/L),NA,"Sideswipe, Same Direction",Clear,Dry,Daylight,Traffic Control Signal,NONE DETECTED,No,No Apparent Injury,Improper Passing,Unknown,MD,Passenger Car,Changing Lanes,50,No,2003,HONDA,ODYSSEY,39.13314374,-77.24503356,2025,5,8
250022069,Property Damage Crash,05/20/2025 08:47:00 AM,GREAT SENECA HWY (SB/L),NA,"Sideswipe, Same Direction",Clear,Dry,Daylight,Traffic Control Signal,NONE DETECTED,No,No Apparent Injury,NA,Not Distracted,MD,Passenger Car,Stopped in Traffic,50,No,2024,HONDA,CR-V,39.13314374,-77.24503356,2025,5,8