Local Case Number,ACRS Report Type,Crash Date/Time,Road Name,Related Non-Motorist,Collision Type,Weather,Surface Condition,Light,Traffic Control,Driver Substance Abuse,Driver At Fault,Injury Severity,Circumstance,Driver Distracted By,Drivers License State,Vehicle Body Type,Vehicle Movement,Speed Limit,Driverless Vehicle,Vehicle Year,Vehicle Make,Vehicle Model,Latitude,Longitude,Year,Month,Hour
250022258,Injury Crash,05/20/2025 07:16:00 AM,NA,NA,Front to Front,Clear,Dry,Daylight,Traffic Control Signal,NONE DETECTED,Yes,No Apparent Injury,Failed to Yield Right-of-Way,Not Distracted,MD,Bus - School,Turning Left,45,No,2018,FREIGHTLINER,B2 BUS CHASSIS,39.10618633,-77.0015705,2025,5,7
250022258,Injury Crash,05/20/2025 07:16:00 AM,NA,NA,Front to Front,Clear,Dry,Daylight,Traffic Control Signal,NONE DETECTED,No,Possible Minor Injury,NA,Not Distracted,MD,Sport Utility Vehicle,Moving Constant Speed,45,No,2010,LEXUS,RX,39.10618633,-77.0015705,2025,5,7
250022253,Property Damage Crash,05/20/2025 06:40:00 AM,NA,NA,Front to Rear,Clear,NA,Daylight,NA,NONE DETECTED,No,NA,NA,NA,NA,Pickup,Slowing or Stopping,0,No,2012,FORD,F-350,39.1363374,-77.19175499,2025,5,6
250022252,Injury Crash,05/20/2025 06:16:00 AM,AVERY RD,NA,"Sideswipe, Opposite Direction",Clear,Dry,Medium,No Controls,NONE DETECTED,No,Possible Minor Injury,NA,Not Distracted,MD,Passenger Car,Moving Constant Speed,35,No,2018,CHEVROLET,SILVERADO,39.1008153,-77.12513229,2025,5,6
250022252,Injury Crash,05/20/2025 06:16:00 AM,AVERY RD,NA,"Sideswipe, Opposite Direction",Clear,Dry,Medium,No Controls,NONE DETECTED,No,Suspected Serious Injury,NA,Not Distracted,MD,Passenger Car,Moving Constant Speed,35,No,2013,TOYOTA,COROLLA,39.1008153,-77.12513229,2025,5,6
25022244,Property Damage Crash,05/20/2025 12:37:00 AM,ROCKVILLE PIKE (SB/L),NA,"Sideswipe, Same Direction",Clear,Dry,Medium,No Controls,NONE DETECTED,No,No Apparent Injury,NA,Not Distracted,MD,Bus - Transit,Parked,35,No,2010,NEW FLYER,LOW FLOOR - ADVANCED STYLE,39.04833069,-77.11375591,2025,5,0
25022244,Property Damage Crash,05/20/2025 12:37:00 AM,ROCKVILLE PIKE (SB/L),NA,"Sideswipe, Same Direction",Clear,Dry,Medium,No Controls,NONE DETECTED,Yes,NA,NA,NA,NA,NA,NA,35,No,0,NA,NA,39.04833069,-77.11375591,2025,5,0
250022027,Property Damage Crash,05/19/2025 10:45:00 PM,WOODMONT AVE,NA,Front to Rear,Clear,Dry,Medium,Traffic Control Signal,ALCOHOL PRESENT,No,No Apparent Injury,NA,Unknown,NA,Sport Utility Vehicle,Moving Constant Speed,25,No,2016,NISSAN,ROGUE,38.99270322,-77.09710092,2025,5,22
250022027,Property Damage Crash,05/19/2025 10:45:00 PM,WOODMONT AVE,NA,Front to Rear,Clear,Dry,Medium,Traffic Control Signal,NONE DETECTED,No,No Apparent Injury,NA,Not Distracted,MD,Passenger Car,Stopped in Traffic,25,No,2013,HYUNDAI,ELANTRA,38.99270322,-77.09710092,2025,5,22
250022233,Property Damage Crash,05/19/2025 09:33:00 PM,COLESVILLE RD (SB/L),NA,Single Vehicle,Clear,Dry,Medium,No Controls,NONE DETECTED,Yes,No Apparent Injury,NA,Unknown,DC,Passenger Car,Moving Constant Speed,40,No,2022,HONDA,ACCORD,39.02288367,-77.011417,2025,5,21
250022233,Property Damage Crash,05/19/2025 09:33:00 PM,COLESVILLE RD (SB/L),NA,Single Vehicle,Clear,Dry,Medium,No Controls,NONE DETECTED,No,No Apparent Injury,NA,Not Distracted,MD,Passenger Car,Moving Constant Speed,40,No,2020,MITSUBISHI,MIRAGE G4,39.02288367,-77.011417,2025,5,21
250022228,Injury Crash,05/19/2025 09:06:00 PM,COLUMBIA PIKE,Pedestrian,Single Vehicle,Clear,Dry,Medium,No Controls,NONE DETECTED,No,No Apparent Injury,NA,Not Distracted,MD,Sport Utility Vehicle,Entering Traffic Lane,15,No,2015,HONDA,CR-V,39.032216,-77.00361283,2025,5,21
250022226,Property Damage Crash,05/19/2025 08:10:00 PM,NA,NA,Front to Front,Clear,NA,Daylight,NA,NONE DETECTED,No,NA,NA,NA,NA,Pickup,Moving Constant Speed,0,No,1996,DODGE,RAM,39.18536047,-77.24011535,2025,5,20
250022226,Property Damage Crash,05/19/2025 08:10:00 PM,NA,NA,Front to Front,Clear,NA,Daylight,NA,NONE DETECTED,No,No Apparent Injury,NA,Not Distracted,MD,Passenger Car,Moving Constant Speed,0,No,2022,TOYOTA,RAV4,39.18536047,-77.24011535,2025,5,20
250022213,Property Damage Crash,05/19/2025 07:52:00 PM,RIFFLE FORD RD,NA,Single Vehicle,Clear,Dry,Daylight,No Controls,NONE DETECTED,No,No Apparent Injury,NA,Unknown,MD,Passenger Car,Moving Constant Speed,40,No,2015,TOYOTA,COROLLA,39.14710167,-77.289615,2025,5,19
250022202,Injury Crash,05/19/2025 06:36:00 PM,VEIRS MILL RD (WB/L),NA,Front to Front,Clear,Dry,Daylight,Traffic Control Signal,NONE DETECTED,No,Possible Minor Injury,NA,Not Distracted,DC,Passenger Car,NA,40,No,2009,HONDA,CR-V,39.05093933,-77.07368183,2025,5,18
250022202,Injury Crash,05/19/2025 06:36:00 PM,VEIRS MILL RD (WB/L),NA,Front to Front,Clear,Dry,Daylight,No Controls,NONE DETECTED,Yes,Possible Minor Injury,"Operated Motor Vehicle in Inattentive, Careless, Negligent, or Erratic Manner, Too Fast For Conditions, Wrong Way",Unknown,MD,Passenger Car,Moving Constant Speed,40,No,2024,LEXUS,ES,39.05093933,-77.07368183,2025,5,18
250022202,Injury Crash,05/19/2025 06:36:00 PM,VEIRS MILL RD (WB/L),NA,Front to Front,Clear,Dry,Daylight,No Controls,NONE DETECTED,No,Possible Minor Injury,NA,Unknown,MD,Passenger Car,Moving Constant Speed,40,No,2025,HONDA,CR-V,39.05093933,-77.07368183,2025,5,18
250022199,Property Damage Crash,05/19/2025 06:20:00 PM,WISCONSIN AVE,NA,Front to Rear,Clear,Dry,Daylight,No Controls,NONE DETECTED,No,NA,NA,NA,NA,Passenger Car,Moving Constant Speed,25,No,9999,TOYOTA,COROLLA,38.98530692,-77.09428452,2025,5,18
250022199,Property Damage Crash,05/19/2025 06:20:00 PM,WISCONSIN AVE,NA,Front to Rear,Clear,Dry,Daylight,No Controls,NONE DETECTED,No,No Apparent Injury,NA,Not Distracted,MD,Passenger Car,Slowing or Stopping,25,No,2023,HONDA,CIVIC,38.98530692,-77.09428452,2025,5,18
250022187,Injury Crash,05/19/2025 06:18:00 PM,MIDDLEBROOK RD (WB/L),NA,Front to Rear,Clear,Dry,Daylight,No Controls,NONE DETECTED,No,Possible Minor Injury,"Followed Too Closely, Too Fast For Conditions",Unknown,VA,Passenger Car,Moving Constant Speed,40,No,2011,BMW,328I,39.1758257,-77.24634981,2025,5,18
250022201,Property Damage Crash,05/19/2025 06:18:00 PM,GERMANTOWN RD,NA,Single Vehicle,Clear,Dry,Daylight,No Controls,NONE DETECTED,Yes,No Apparent Injury,NA,Not Distracted,MD,Sport Utility Vehicle,Moving Constant Speed,40,No,2017,INFINITI,QX80,39.19011,-77.24931333,2025,5,18
250022187,Injury Crash,05/19/2025 06:18:00 PM,MIDDLEBROOK RD (WB/L),NA,Front to Rear,Clear,Dry,Daylight,No Controls,NONE DETECTED,No,No Apparent Injury,NA,Not Distracted,MD,Passenger Car,Slowing or Stopping,40,No,2014,CADILLAC,CT5,39.1758257,-77.24634981,2025,5,18
250022178,Injury Crash,05/19/2025 04:57:00 PM,N SUMMIT AVE,NA,Front to Rear,Clear,Dry,Daylight,No Controls,NONE DETECTED,Yes,No Apparent Injury,NA,Unknown,MD,Passenger Car,Accelerating,25,No,2021,HYUNDAI,ACCENT,39.14553583,-77.19252633,2025,5,16
250022178,Injury Crash,05/19/2025 04:57:00 PM,N SUMMIT AVE,NA,Front to Rear,Clear,Dry,Daylight,No Controls,NONE DETECTED,No,Possible Minor Injury,NA,Unknown,MD,Passenger Car,NA,25,No,2020,RAM,PROMASTER 2500,39.14553583,-77.19252633,2025,5,16
250022164,Injury Crash,05/19/2025 04:04:00 PM,KING FARM BLVD,NA,Angle,Clear,Dry,Daylight,No Controls,NONE DETECTED,No,No Apparent Injury,NA,Not Distracted,MD,Sport Utility Vehicle,Moving Constant Speed,25,No,2016,NISSAN,ROGUE,39.11545218,-77.17069264,2025,5,16
250022164,Injury Crash,05/19/2025 04:04:00 PM,KING FARM BLVD,NA,Angle,Clear,Dry,Daylight,Stop Sign,NONE DETECTED,Yes,Possible Minor Injury,NA,Not Distracted,MD,Passenger Car,Moving Constant Speed,25,No,2024,HONDA,CIVIC,39.11545218,-77.17069264,2025,5,16
250022171,Injury Crash,05/19/2025 04:01:00 PM,DEERWATER DR,Pedestrian,Unknown,Clear,Dry,Daylight,No Controls,NONE DETECTED,No,NA,NA,NA,NA,Passenger Car,Accelerating,25,No,2016,FORD,ESCAPE,39.1919257,-77.2800692,2025,5,16
250022163,Injury Crash,05/19/2025 04:00:00 PM,WOOTTON PKWY,NA,Front to Rear,Clear,Dry,Daylight,Traffic Control Signal,NONE DETECTED,Yes,No Apparent Injury,Followed Too Closely,Not Distracted,MD,Passenger Car,Slowing or Stopping,35,No,2001,BMW,325I,39.06700186,-77.15037772,2025,5,16
250022163,Injury Crash,05/19/2025 04:00:00 PM,WOOTTON PKWY,NA,Front to Rear,Clear,Dry,Daylight,Traffic Control Signal,NONE DETECTED,No,Possible Minor Injury,NA,Not Distracted,MD,Bus - Transit,Accelerating,35,No,2013,GILLIG,LOW FLOOR BUS,39.06700186,-77.15037772,2025,5,16
250022174,Property Damage Crash,05/19/2025 03:45:00 PM,MORNINGWOOD DR,NA,Single Vehicle,Clear,Dry,Daylight,No Controls,NONE DETECTED,Yes,No Apparent Injury,Other Improper Action,Not Distracted,MD,Bus - School,Accelerating,30,No,2023,FREIGHTLINER,B2 106 ELECTRIC CONVENTIONAL CHASSIS,39.15241497,-77.07988937,2025,5,15
250022156,Property Damage Crash,05/19/2025 03:15:00 PM,MUNCASTER MILL RD,NA,Front to Rear,Clear,Dry,Daylight,No Controls,NONE DETECTED,No,No Apparent Injury,NA,Not Distracted,MD,Pickup,Slowing or Stopping,40,No,2020,FORD,F-150,39.11062733,-77.08310317,2025,5,15
250022156,Property Damage Crash,05/19/2025 03:15:00 PM,MUNCASTER MILL RD,NA,Front to Rear,Clear,Dry,Daylight,No Controls,NONE DETECTED,Yes,No Apparent Injury,NA,Unknown,NA,Passenger Car,Moving Constant Speed,40,No,2001,HONDA,CIVIC,39.11062733,-77.08310317,2025,5,15
250022154,Injury Crash,05/19/2025 02:56:00 PM,RIVER RD (WB/L),NA,Front to Rear,Clear,Dry,Daylight,Stop Sign,NONE DETECTED,No,Possible Minor Injury,NA,Unknown,MD,Sport Utility Vehicle,Turning Right,35,No,2024,MERCEDES-BENZ,GLC-CLASS,38.96918598,-77.1103136,2025,5,14
250022154,Injury Crash,05/19/2025 02:56:00 PM,RIVER RD (WB/L),NA,Front to Rear,Clear,Dry,Daylight,No Controls,NONE DETECTED,No,Possible Minor Injury,NA,Not Distracted,MD,Sport Utility Vehicle,Moving Constant Speed,35,No,2021,JAGUAR,F-PACE,38.96918598,-77.1103136,2025,5,14
250022160,Property Damage Crash,05/19/2025 02:51:00 PM,NORBECK RD,NA,"Sideswipe, Opposite Direction",Clear,Dry,Daylight,Traffic Control Signal,NONE DETECTED,No,NA,NA,Unknown,NA,Passenger Car,Moving Constant Speed,35,No,2024,TOYOTA,TACOMA,39.09500945,-77.11300243,2025,5,14
250022160,Property Damage Crash,05/19/2025 02:51:00 PM,NORBECK RD,NA,"Sideswipe, Opposite Direction",Clear,Dry,Daylight,Traffic Control Signal,NONE DETECTED,No,No Apparent Injury,NA,Not Distracted,MD,Bus - School,Moving Constant Speed,35,No,2019,FREIGHTLINER,B2 BUS CHASSIS,39.09500945,-77.11300243,2025,5,14
25000913,Property Damage Crash,05/19/2025 02:30:00 PM,GERMANTOWN RD,NA,Front to Rear,Clear,Dry,Daylight,Traffic Control Signal,DRUG PRESENT,Yes,No Apparent Injury,"Operated Motor Vehicle in Inattentive, Careless, Negligent, or Erratic Manner, Operated Motor Vehicle in Reckless or Aggressive Manner, Other Improper Action",Unknown,MD,Passenger Car,Moving Constant Speed,35,No,2012,VOLKSWAGEN,GOLF,39.18086249,-77.26247279,2025,5,14
25000913,Property Damage Crash,05/19/2025 02:30:00 PM,GERMANTOWN RD,NA,Front to Rear,Clear,Dry,Daylight,Traffic Control Signal,NONE DETECTED,No,No Apparent Injury,NA,Not Distracted,MD,Van - Cargo,Stopped in Traffic,35,No,2016,FORD,TRANSIT,39.18086249,-77.26247279,2025,5,14
250022139,Injury Crash,05/19/2025 02:23:00 PM,NA,Pedestrian,Single Vehicle,Clear,NA,Daylight,NA,NONE DETECTED,Yes,No Apparent Injury,NA,Not Distracted,FL,Passenger Car,Accelerating,0,No,2019,AUDI,SQ5,39.0578314,-77.11629767,2025,5,14
250022133,Injury Crash,05/19/2025 01:40:00 PM,DEWEY RD,NA,"Sideswipe, Same Direction",Clear,Dry,Daylight,No Controls,NONE DETECTED,Yes,No Apparent Injury,Improper Passing,Not Distracted,MD,Single-Unit Truck,Overtaking/Passing,25,No,2019,MACK,LR,39.0477735,-77.08837733,2025,5,13
250022133,Injury Crash,05/19/2025 01:40:00 PM,DEWEY RD,NA,"Sideswipe, Same Direction",Clear,Dry,Daylight,No Controls,NONE DETECTED,No,Possible Minor Injury,NA,Not Distracted,VA,Sport Utility Vehicle,Moving Constant Speed,25,No,2022,HONDA,CR-V,39.0477735,-77.08837733,2025,5,13
250022129,Property Damage Crash,05/19/2025 01:33:00 PM,W EDMONSTON DR,NA,Angle,Clear,Dry,Daylight,No Controls,NONE DETECTED,No,No Apparent Injury,NA,Not Distracted,MD,Passenger Car,Moving Constant Speed,40,No,2023,CHEVROLET,BOLT EUV,39.07449491,-77.13585372,2025,5,13
250022129,Property Damage Crash,05/19/2025 01:33:00 PM,W EDMONSTON DR,NA,Angle,Clear,Dry,Daylight,No Controls,NONE DETECTED,Yes,No Apparent Injury,NA,Not Distracted,MD,Pickup,Moving Constant Speed,40,No,2009,FORD,F-150,39.07449491,-77.13585372,2025,5,13
250022123,Injury Crash,05/19/2025 01:15:00 PM,CONNECTICUT AVE (SB/L),NA,Front to Rear,Clear,Dry,Daylight,No Controls,NONE DETECTED,No,Possible Minor Injury,NA,Not Distracted,MD,Passenger Car,Stopped in Traffic,35,No,2022,CHEVROLET,SUBURBAN,39.02808443,-77.07650904,2025,5,13
250022123,Injury Crash,05/19/2025 01:15:00 PM,CONNECTICUT AVE (SB/L),NA,Front to Rear,Clear,Dry,Daylight,No Controls,NONE DETECTED,Yes,No Apparent Injury,Followed Too Closely,Unknown,MD,Passenger Car,Moving Constant Speed,35,No,2018,RAM,1500,39.02808443,-77.07650904,2025,5,13
250022120,Property Damage Crash,05/19/2025 12:37:00 PM,W DIAMOND AVE (WB/L),NA,Angle,Clear,Dry,Daylight,Traffic Control Signal,NONE DETECTED,No,No Apparent Injury,NA,Not Distracted,MD,Passenger Car,Turning Left,40,No,2016,TOYOTA,COROLLA,39.140509,-77.20975617,2025,5,12
250022120,Property Damage Crash,05/19/2025 12:37:00 PM,W DIAMOND AVE (WB/L),NA,Angle,Clear,Dry,Daylight,Traffic Control Signal,NONE DETECTED,Yes,No Apparent Injury,NA,Not Distracted,MD,Passenger Car,Turning Left,40,No,2024,CHEVROLET,CORVETTE,39.140509,-77.20975617,2025,5,12
250022097,Injury Crash,05/19/2025 10:58:00 AM,NA,Pedestrian,Single Vehicle,Clear,NA,Daylight,NA,NONE DETECTED,Yes,No Apparent Injury,Failed to Yield Right-of-Way,Unknown,MD,Passenger Car,Turning Right,0,No,2019,TOYOTA,YARIS,39.14771349,-77.20618924,2025,5,10
250022094,Property Damage Crash,05/19/2025 10:27:00 AM,BALTIMORE RD,NA,Angle,Clear,Dry,Daylight,Traffic Control Signal,NONE DETECTED,Yes,No Apparent Injury,Failed to Keep in Proper Lane,Not Distracted,MD,Pickup,Turning Right,35,No,2018,TOYOTA,TACOMA,39.09518284,-77.11260584,2025,5,10
250022094,Property Damage Crash,05/19/2025 10:27:00 AM,BALTIMORE RD,NA,Angle,Clear,Dry,Daylight,Traffic Control Signal,NONE DETECTED,No,No Apparent Injury,NA,Not Distracted,MD,Pickup,Turning Right,35,No,2019,THOMAS BUILT,HDX,39.09518284,-77.11260584,2025,5,10
250022071,Injury Crash,05/19/2025 09:24:00 AM,UNDERWOOD ST,NA,Angle,Clear,Dry,Daylight,Stop Sign,NONE DETECTED,Yes,No Apparent Injury,Failed to Yield Right-of-Way,Not Distracted,MD,Passenger Car,Turning Left,30,No,2016,HONDA,CR-V,38.9830099,-77.07718217,2025,5,9
250022071,Injury Crash,05/19/2025 09:24:00 AM,UNDERWOOD ST,NA,Angle,Clear,Dry,Daylight,No Controls,NONE DETECTED,Yes,Possible Minor Injury,Failed to Keep in Proper Lane,Not Distracted,MD,Passenger Car,Changing Lanes,30,No,2017,TOYOTA,PRIUS PRIME,38.9830099,-77.07718217,2025,5,9
250022067,Injury Crash,05/19/2025 09:01:00 AM,NA,NA,Rear To Side,Clear,Dry,Daylight,Stop Sign,NONE DETECTED,No,No Apparent Injury,NA,Unknown,MD,Van - Passenger (&lt;9 Seats),Stopped in Traffic,25,No,2013,FORD,E-350,39.04341017,-77.0478565,2025,5,9
250022067,Injury Crash,05/19/2025 09:01:00 AM,NA,NA,Rear To Side,Clear,Dry,Daylight,Stop Sign,NONE DETECTED,No,Possible Minor Injury,NA,Unknown,MD,Sport Utility Vehicle,Turning Right,25,No,2014,BMW,X3,39.04341017,-77.0478565,2025,5,9
250022064,Property Damage Crash,05/19/2025 08:40:00 AM,REDLAND RD,NA,"Sideswipe, Same Direction",Clear,Dry,Daylight,No Controls,NONE DETECTED,Yes,No Apparent Injury,Failed to Keep in Proper Lane,Not Distracted,MD,Passenger Car,Changing Lanes,35,No,2017,RAM,PROMASTER 2500,39.11640833,-77.16537317,2025,5,8
250022064,Property Damage Crash,05/19/2025 08:40:00 AM,REDLAND RD,NA,"Sideswipe, Same Direction",Clear,Dry,Daylight,No Controls,NONE DETECTED,No,No Apparent Injury,NA,Not Distracted,MD,Passenger Car,Moving Constant Speed,35,No,2016,HONDA,CR-V,39.11640833,-77.16537317,2025,5,8
250022057,Property Damage Crash,05/19/2025 08:24:00 AM,FOREST GLEN RD,NA,"Sideswipe, Same Direction",Clear,Dry,Daylight,No Controls,NONE DETECTED,No,No Apparent Injury,NA,Not Distracted,MD,Passenger Car,Stopped in Traffic,25,No,2021,TOYOTA,COROLLA,39.01573595,-77.04155305,2025,5,8
250022057,Property Damage Crash,05/19/2025 08:24:00 AM,FOREST GLEN RD,NA,"Sideswipe, Same Direction",Clear,Dry,Daylight,No Controls,NONE DETECTED,Yes,No Apparent Injury,NA,Not Distracted,MD,Passenger Car,Overtaking/Passing,25,No,2023,TESLA,MODEL 3,39.01573595,-77.04155305,2025,5,8
250022057,Property Damage Crash,05/19/2025 08:24:00 AM,FOREST GLEN RD,NA,"Sideswipe, Same Direction",Clear,Dry,Daylight,No Controls,NONE DETECTED,No,No Apparent Injury,NA,Not Distracted,MD,Van - Passenger (&lt;9 Seats),Stopped in Traffic,25,No,2015,TOYOTA,SIENNA,39.01573595,-77.04155305,2025,5,8
250022059,Property Damage Crash,05/19/2025 08:14:00 AM,RAMP 10 FR RAMP 4 TO TOWER OAKS BLVD,NA,Front to Rear,Clear,Dry,Daylight,Traffic Control Signal,NONE DETECTED,No,No Apparent Injury,NA,Not Distracted,MD,Pickup,Stopped in Traffic,55,No,2015,CHEVROLET,SILVERADO,39.05841321,-77.1522538,2025,5,8
250022059,Property Damage Crash,05/19/2025 08:14:00 AM,RAMP 10 FR RAMP 4 TO TOWER OAKS BLVD,NA,Front to Rear,Clear,Dry,Daylight,Traffic Control Signal,NONE DETECTED,Yes,No Apparent Injury,NA,Not Distracted,MD,Passenger Car,Moving Constant Speed,55,No,2018,ACURA,ILX,39.05841321,-77.1522538,2025,5,8
250022061,Property Damage Crash,05/19/2025 07:54:00 AM,NA,NA,"Sideswipe, Same Direction",Clear,NA,Daylight,NA,NONE DETECTED,No,No Apparent Injury,NA,Not Distracted,MD,Passenger Car,Turning Left,0,No,2013,CHEVROLET,TAHOE,39.03859667,-77.06811667,2025,5,7
250022061,Property Damage Crash,05/19/2025 07:54:00 AM,NA,NA,"Sideswipe, Same Direction",Clear,NA,Daylight,NA,NONE DETECTED,No,No Apparent Injury,NA,Not Distracted,MD,Bus - School,Moving Constant Speed,0,No,2018,FREIGHTLINER,B2 BUS CHASSIS,39.03859667,-77.06811667,2025,5,7
250022054,Property Damage Crash,05/19/2025 07:45:00 AM,EASTWOOD AVE,NA,"Sideswipe, Opposite Direction",Clear,Dry,Daylight,Stop Sign,NONE DETECTED,Yes,No Apparent Injury,NA,Not Distracted,MD,Bus - School,Backing,25,No,2022,THOMAS BUILT,HDX,39.0295735,-77.01447317,2025,5,7
250022047,Property Damage Crash,05/19/2025 07:04:00 AM,SOMERVILLE DR,NA,Front to Rear,Clear,Dry,Daylight,Traffic Control Signal,NONE DETECTED,No,No Apparent Injury,NA,Not Distracted,MD,Passenger Car,Stopped in Traffic,25,No,2014,LEXUS,ES,39.1174255,-77.16524417,2025,5,7
250022047,Property Damage Crash,05/19/2025 07:04:00 AM,SOMERVILLE DR,NA,Front to Rear,Clear,Dry,Daylight,Traffic Control Signal,NONE DETECTED,Yes,No Apparent Injury,NA,Not Distracted,MD,Bus - Transit,Stopped in Traffic,25,No,2013,GILLIG,CITY TRANSIT BUS,39.1174255,-77.16524417,2025,5,7
250022030,Injury Crash,05/19/2025 12:00:00 AM,MANCHESTER RD,NA,Single Vehicle,Clear,Dry,Medium,No Controls,ALCOHOL PRESENT,Yes,Possible Minor Injury,NA,Unknown,MD,Passenger Car,Moving Constant Speed,35,No,2014,TOYOTA,COROLLA,38.99679244,-77.0050954,2025,5,0
250022024,Property Damage Crash,05/18/2025 11:00:00 PM,BEL PRE RD,NA,Front to Rear,Clear,Dry,Medium,Pedestrian Crossing Sign,NONE DETECTED,No,No Apparent Injury,NA,Not Distracted,MD,Passenger Car,Stopped in Traffic,35,No,2023,PORSCHE,MACAN,39.09313053,-77.07338249,2025,5,23
250022024,Property Damage Crash,05/18/2025 11:00:00 PM,BEL PRE RD,NA,Front to Rear,Clear,Dry,Medium,Pedestrian Crossing Sign,NONE DETECTED,Yes,NA,"Followed Too Closely, Improper Passing, Other Improper Action, Swerved or Avoided Due to Wind, Slippery Surface, Motor Vehicle, Object, Non-Motorist in Roadway, etc",Unknown,NA,Passenger Car,Slowing or Stopping,35,No,2011,MERCEDES-BENZ,C-CLASS,39.09313053,-77.07338249,2025,5,23
250022019,Injury Crash,05/18/2025 10:28:00 PM,CENTERHILL ST,Pedestrian,Single Vehicle,Clear,Dry,Dark,Stop Sign,NONE DETECTED,Yes,No Apparent Injury,NA,Not Distracted,MD,Passenger Car,Turning Right,30,No,2020,TOYOTA,COROLLA,39.05041779,-77.07256584,2025,5,22
250022002,Injury Crash,05/18/2025 07:23:00 PM,CONNECTICUT AVE,NA,Front to Rear,Clear,Dry,Daylight,Stop Sign,NONE DETECTED,No,No Apparent Injury,NA,Not Distracted,MA,Passenger Car,Entering Traffic Lane,35,No,2023,CADILLAC,XT5,38.985845,-77.077047,2025,5,19
250022002,Injury Crash,05/18/2025 07:23:00 PM,CONNECTICUT AVE,NA,Front to Rear,Clear,Dry,Daylight,No Controls,NONE DETECTED,No,Possible Minor Injury,NA,Not Distracted,MD,Passenger Car,Moving Constant Speed,35,No,2000,HONDA,S2000,38.985845,-77.077047,2025,5,19
250022000,Property Damage Crash,05/18/2025 06:57:00 PM,BURNT HILL RD,NA,Single Vehicle,Clear,Dry,Daylight,Stop Sign,ALCOHOL PRESENT,Yes,No Apparent Injury,"Improper Turn, Operated Motor Vehicle in Inattentive, Careless, Negligent, or Erratic Manner, Operated Motor Vehicle in Reckless or Aggressive Manner, Other Improper Action, Ran Off Roadway, Too Fast For Conditions",Unknown,CA,Passenger Car,Negotiating a Curve,40,No,2020,HONDA,ACCORD,39.24830744,-77.27402631,2025,5,18
250021985,Property Damage Crash,05/18/2025 05:17:00 PM,NA,NA,Single Vehicle,Clear,Dry,Daylight,No Controls,NONE DETECTED,No,No Apparent Injury,NA,"Other Action (looking away from task, etc.)",MD,Sport Utility Vehicle,Moving Constant Speed,35,No,2019,HONDA,CR-V,39.0370491,-77.13739569,2025,5,17
250021970,Injury Crash,05/18/2025 03:31:00 PM,CHERRY HILL RD,NA,Front to Rear,Clear,Dry,Daylight,No Controls,NONE DETECTED,No,Possible Minor Injury,NA,Not Distracted,MD,Passenger Car,Changing Lanes,35,No,2007,HONDA,ACCORD,39.055014,-76.953748,2025,5,15
250021970,Injury Crash,05/18/2025 03:31:00 PM,CHERRY HILL RD,NA,Front to Rear,Clear,Dry,Daylight,No Controls,NONE DETECTED,No,No Apparent Injury,NA,Not Distracted,MD,Passenger Car,Stopped in Traffic,35,No,2009,TOYOTA,COROLLA,39.055014,-76.953748,2025,5,15
250021970,Injury Crash,05/18/2025 03:31:00 PM,CHERRY HILL RD,NA,Front to Rear,Clear,Dry,Daylight,No Controls,NONE DETECTED,No,No Apparent Injury,NA,Not Distracted,MD,Passenger Car,Stopped in Traffic,35,No,2016,TOYOTA,CAMRY,39.055014,-76.953748,2025,5,15
250021949,Injury Crash,05/18/2025 01:25:00 PM,COLUMBIA PIKE,NA,Front to Rear,Clear,Dry,Daylight,No Controls,NONE DETECTED,No,Possible Minor Injury,NA,Not Distracted,VA,Passenger Car,Slowing or Stopping,50,No,2021,CADILLAC,XT4,39.13159382,-76.9191614,2025,5,13