Local Case Number,ACRS Report Type,Crash Date/Time,Road Name,Related Non-Motorist,Collision Type,Weather,Surface Condition,Light,Traffic Control,Driver Substance Abuse,Driver At Fault,Injury Severity,Circumstance,Driver Distracted By,Drivers License State,Vehicle Body Type,Vehicle Movement,Speed Limit,Driverless Vehicle,Vehicle Year,Vehicle Make,Vehicle Model,Latitude,Longitude,Year,Month,Hour
250021949,Injury Crash,05/18/2025 01:25:00 PM,COLUMBIA PIKE,NA,Front to Rear,Clear,Dry,Daylight,No Controls,NONE DETECTED,No,No Apparent Injury,"Followed Too Closely, Too Fast For Conditions",Unknown,MD,Passenger Car,Slowing or Stopping,50,No,2012,FORD,FUSION,39.13159382,-76.9191614,2025,5,13
250021929,Property Damage Crash,05/18/2025 11:52:00 AM,NA,NA,"Sideswipe, Same Direction",Clear,NA,Daylight,NA,NONE DETECTED,Yes,No Apparent Injury,Other Improper Action,Not Distracted,MD,Passenger Car,Backing,0,No,2023,CHEVROLET,SUBURBAN,39.178453,-77.27062791,2025,5,11
250021951,Property Damage Crash,05/18/2025 11:44:00 AM,NA,NA,Other,Clear,Dry,Daylight,No Controls,NONE DETECTED,No,No Apparent Injury,NA,Not Distracted,NA,Passenger Car,NA,40,No,2012,TOYOTA,SIENNA,39.12183903,-77.11478183,2025,5,11
250021951,Property Damage Crash,05/18/2025 11:44:00 AM,NA,NA,Other,Clear,Dry,Daylight,No Controls,NONE DETECTED,No,No Apparent Injury,NA,Not Distracted,MD,Passenger Car,Moving Constant Speed,40,No,2013,HONDA,CR-V,39.12183903,-77.11478183,2025,5,11
250021959,Property Damage Crash,05/18/2025 11:40:00 AM,NA,NA,Other,Clear,NA,Daylight,NA,NONE DETECTED,Yes,No Apparent Injury,NA,Not Distracted,MD,Other Trucks,Backing,0,No,2008,SPARTAN MOTORS CHASS,FIRETRUCK,39.02991581,-77.07601334,2025,5,11
250021950,Injury Crash,05/18/2025 11:00:00 AM,NA,Pedestrian,Single Vehicle,Clear,NA,Daylight,NA,NONE DETECTED,Yes,No Apparent Injury,NA,Unknown,MD,Other Trucks,Backing,0,No,2016,INTERNATIONAL,MA025,39.10617971,-77.15167737,2025,5,11
250021992,Property Damage Crash,05/18/2025 10:50:00 AM,NA,NA,"Sideswipe, Same Direction",Clear,NA,Daylight,NA,NONE DETECTED,No,NA,NA,NA,NA,Sport Utility Vehicle,Slowing or Stopping,0,No,2015,JEEP,CHEROKEE,39.06223064,-77.1264595,2025,5,10
250021927,Property Damage Crash,05/18/2025 10:40:00 AM,BELVEDERE BLVD,NA,"Sideswipe, Same Direction",Clear,Dry,Daylight,Stop Sign,NONE DETECTED,Yes,No Apparent Injury,"Failed to Yield Right-of-Way, Improper Turn",Not Distracted,MD,Passenger Car,Turning Right,30,No,2020,FORD,ESCAPE,39.01943961,-77.04415486,2025,5,10
250021927,Property Damage Crash,05/18/2025 10:40:00 AM,BELVEDERE BLVD,NA,"Sideswipe, Same Direction",Clear,Dry,Daylight,No Controls,NONE DETECTED,No,No Apparent Injury,NA,Not Distracted,GA,Pickup,Moving Constant Speed,30,No,2024,FORD,F-150,39.01943961,-77.04415486,2025,5,10
250021917,Injury Crash,05/18/2025 09:10:00 AM,FREDERICK RD,NA,Angle,Clear,Dry,Daylight,Traffic Control Signal,NONE DETECTED,No,Possible Minor Injury,NA,Not Distracted,MD,Passenger Car,Accelerating,35,No,2005,FORD,CROWN VICTORIA,39.1527255,-77.21216117,2025,5,9
250021917,Injury Crash,05/18/2025 09:10:00 AM,FREDERICK RD,NA,Angle,Clear,Dry,Daylight,Traffic Control Signal,NONE DETECTED,Yes,Possible Minor Injury,NA,Not Distracted,MD,Passenger Car,Turning Left,35,No,2005,LEXUS,RX,39.1527255,-77.21216117,2025,5,9
250021906,Injury Crash,05/18/2025 06:43:00 AM,NA,NA,Front to Front,Clear,Dry,Daylight,Traffic Control Signal,NONE DETECTED,No,Possible Minor Injury,NA,Not Distracted,MD,Pickup,Moving Constant Speed,35,No,2015,FORD,F-250,39.09935877,-77.0997679,2025,5,6
250021906,Injury Crash,05/18/2025 06:43:00 AM,NA,NA,Front to Front,Clear,Dry,Daylight,Traffic Control Signal,NONE DETECTED,Yes,Suspected Serious Injury,Failed to Yield Right-of-Way,Not Distracted,MD,Station Wagon,Turning Left,35,No,2019,HONDA,HR-V,39.09935877,-77.0997679,2025,5,6
250021899,Property Damage Crash,05/18/2025 02:16:00 AM,NA,NA,Single Vehicle,Clear,Dry,Medium,Flashing Traffic Control Signal,NONE DETECTED,No,No Apparent Injury,Ran Off Roadway,Not Distracted,MD,Passenger Car,Moving Constant Speed,35,No,2017,TOYOTA,CAMRY,39.20637037,-77.43544674,2025,5,2
250021892,Property Damage Crash,05/18/2025 01:56:00 AM,GERMANTOWN RD,NA,Single Vehicle,Clear,Dry,Medium,No Controls,NONE DETECTED,No,NA,NA,Unknown,NA,Passenger Car,Moving Constant Speed,40,No,2012,HYUNDAI,ACCENT,39.19046516,-77.22493571,2025,5,1
250021896,Injury Crash,05/18/2025 12:56:00 AM,CONNECTICUT AVE,NA,Front to Rear,Clear,Dry,Medium,No Controls,ALCOHOL PRESENT,Yes,Possible Minor Injury,Too Fast For Conditions,Unknown,MD,Passenger Car,Moving Constant Speed,35,No,2023,TOYOTA,CAMRY,39.04562282,-77.07607376,2025,5,0
250021896,Injury Crash,05/18/2025 12:56:00 AM,CONNECTICUT AVE,NA,Front to Rear,Clear,Dry,Medium,No Controls,NONE DETECTED,No,Possible Minor Injury,NA,Not Distracted,MD,Sport Utility Vehicle,Moving Constant Speed,35,No,2018,FORD,EXPLORER,39.04562282,-77.07607376,2025,5,0
250021885,Property Damage Crash,05/18/2025 12:30:00 AM,OLD COLUMBIA PIKE (SB/L),NA,Other,Clear,Dry,Medium,Flashing Traffic Control Signal,NONE DETECTED,No,No Apparent Injury,NA,Not Distracted,MD,Passenger Car,Moving Constant Speed,25,No,2006,TOYOTA,CAMRY,39.11136845,-76.93225355,2025,5,0
250021885,Property Damage Crash,05/18/2025 12:30:00 AM,OLD COLUMBIA PIKE (SB/L),NA,Other,Clear,Dry,Medium,Flashing Traffic Control Signal,NONE DETECTED,Yes,No Apparent Injury,NA,Not Distracted,MD,Passenger Car,Moving Constant Speed,25,No,2022,LEXUS,UX,39.11136845,-76.93225355,2025,5,0
250021883,Injury Crash,05/17/2025 11:45:00 PM,METRORAIL TRACK B2 RAIL,NA,Front to Rear,Clear,Dry,Medium,No Controls,ALCOHOL PRESENT,Yes,Possible Minor Injury,NA,Unknown,MD,Passenger Car,Moving Constant Speed,25,No,2013,INFINITI,G37,39.02967802,-77.04765564,2025,5,23
250021883,Injury Crash,05/17/2025 11:45:00 PM,METRORAIL TRACK B2 RAIL,NA,Front to Rear,Clear,Dry,Medium,No Controls,NONE DETECTED,No,Possible Minor Injury,NA,Not Distracted,MD,Passenger Car,Moving Constant Speed,25,No,2019,NISSAN,SENTRA,39.02967802,-77.04765564,2025,5,23
250021881,Property Damage Crash,05/17/2025 11:23:00 PM,NA,NA,Single Vehicle,Clear,NA,Medium,NA,NONE DETECTED,No,NA,NA,NA,NA,Sport Utility Vehicle,Backing,0,No,2017,AUDI,Q7,39.0866089,-77.15082264,2025,5,23
250021880,Property Damage Crash,05/17/2025 10:45:00 PM,WATERS LANDING DR,NA,"Sideswipe, Opposite Direction",Clear,Dry,Medium,No Controls,NONE DETECTED,Yes,No Apparent Injury,NA,Unknown,VA,Pickup,Moving Constant Speed,30,No,2016,CHEVROLET,SILVERADO,39.19225441,-77.27789254,2025,5,22
250021876,Property Damage Crash,05/17/2025 09:54:00 PM,VEIRS MILL RD,NA,"Sideswipe, Same Direction",Clear,Dry,Medium,Traffic Control Signal,NONE DETECTED,No,NA,NA,NA,NA,Sport Utility Vehicle,Moving Constant Speed,35,No,2015,NISSAN,PATHFINDER,39.06919942,-77.10509263,2025,5,21
250021876,Property Damage Crash,05/17/2025 09:54:00 PM,VEIRS MILL RD,NA,"Sideswipe, Same Direction",Clear,Dry,Medium,Traffic Control Signal,NONE DETECTED,No,No Apparent Injury,NA,Not Distracted,MD,Passenger Car,Stopped in Traffic,35,No,2011,TOYOTA,SIENNA,39.06919942,-77.10509263,2025,5,21
250021874,Property Damage Crash,05/17/2025 09:30:00 PM,NA,NA,Single Vehicle,Clear,NA,Medium,NA,NONE DETECTED,No,No Apparent Injury,NA,Unknown,NJ,Other,Backing,0,No,2020,INTERNATIONAL,MV607,39.00158868,-77.17950498,2025,5,21
250021861,Injury Crash,05/17/2025 07:48:00 PM,MONTROSE RD,NA,Front to Rear,Clear,Dry,Daylight,Traffic Control Signal,NONE DETECTED,No,No Apparent Injury,NA,Not Distracted,MD,Passenger Car,Stopped in Traffic,40,No,2019,TESLA,MODEL 3,39.05310156,-77.1361095,2025,5,19
250021861,Injury Crash,05/17/2025 07:48:00 PM,MONTROSE RD,NA,Front to Rear,Clear,Dry,Daylight,Traffic Control Signal,NONE DETECTED,Yes,Possible Minor Injury,Followed Too Closely,Unknown,MD,Passenger Car,Slowing or Stopping,40,No,2014,ACURA,TSX,39.05310156,-77.1361095,2025,5,19
250021853,Property Damage Crash,05/17/2025 06:23:00 PM,NEW HAMPSHIRE AVE,NA,"Sideswipe, Same Direction",Clear,Dry,Daylight,Traffic Control Signal,NONE DETECTED,No,NA,NA,NA,NA,Pickup,Moving Constant Speed,45,No,2005,FORD,F-150,39.0556197,-76.99560519,2025,5,18
250021853,Property Damage Crash,05/17/2025 06:23:00 PM,NEW HAMPSHIRE AVE,NA,"Sideswipe, Same Direction",Clear,Dry,Daylight,Traffic Control Signal,NONE DETECTED,No,No Apparent Injury,NA,Not Distracted,MD,Passenger Car,Moving Constant Speed,45,No,2019,TOYOTA,CAMRY,39.0556197,-76.99560519,2025,5,18
250021844,Property Damage Crash,05/17/2025 05:36:00 PM,UNIVERSITY BLVD W (WB/L),NA,Rear To Side,Clear,Dry,Daylight,Traffic Control Signal,NONE DETECTED,Yes,No Apparent Injury,"Disregarded Other Road Markings, Disregarded Other Traffic Sign, Ran Red Light",Unknown,DC,Passenger Car,Moving Constant Speed,25,No,2023,TOYOTA,RAV4,39.04154898,-77.05167899,2025,5,17
250021844,Property Damage Crash,05/17/2025 05:36:00 PM,UNIVERSITY BLVD W (WB/L),NA,Rear To Side,Clear,Dry,Daylight,Traffic Control Signal,NONE DETECTED,No,No Apparent Injury,NA,Not Distracted,MD,Passenger Car,Moving Constant Speed,30,No,2019,HONDA,CIVIC,39.04154898,-77.05167899,2025,5,17
250021855,Injury Crash,05/17/2025 05:34:00 PM,NA,NA,Single Vehicle,Clear,Dry,Daylight,Traffic Control Signal,NONE DETECTED,No,Possible Minor Injury,"Disregard Officer Directions, Disregarded Other Road Markings, Disregarded Other Traffic Sign, Failed to Keep in Proper Lane, Operated Motor Vehicle in Inattentive, Careless, Negligent, or Erratic Manner, Operated Motor Vehicle in Reckless or Aggressive Manner, Over-Correcting/Over-Steering, Ran Off Roadway, Ran Red Light, Too Fast For Conditions",Unknown,MD,Passenger Car,Accelerating,40,No,2014,HYUNDAI,ELANTRA,39.07650645,-76.97051754,2025,5,17
250021842,Property Damage Crash,05/17/2025 05:00:00 PM,NA,NA,"Sideswipe, Same Direction",Clear,Dry,Daylight,No Controls,NONE DETECTED,No,No Apparent Injury,NA,Not Distracted,MD,Passenger Car,Turning Left,25,No,2019,HYUNDAI,SANTA FE,39.17234179,-77.19737895,2025,5,17
250021842,Property Damage Crash,05/17/2025 05:00:00 PM,NA,NA,"Sideswipe, Same Direction",Clear,Dry,Daylight,No Controls,NONE DETECTED,Yes,No Apparent Injury,NA,Talking/listening,MD,Passenger Car,Overtaking/Passing,25,No,2018,TOYOTA,HIGHLANDER,39.17234179,-77.19737895,2025,5,17
250021847,Property Damage Crash,05/17/2025 04:40:00 PM,NA,NA,Other,Clear,NA,Daylight,NA,NONE DETECTED,No,NA,NA,NA,NA,Sport Utility Vehicle,NA,0,No,2019,ACURA,RDX,39.02476253,-77.14716545,2025,5,16
250021832,Property Damage Crash,05/17/2025 04:10:00 PM,LONE OAK DR,NA,"Sideswipe, Same Direction",Clear,Dry,Daylight,Traffic Control Signal,NONE DETECTED,No,No Apparent Injury,"Failed to Keep in Proper Lane, Operated Motor Vehicle in Reckless or Aggressive Manner",Unknown,NA,Sport Utility Vehicle,Turning Right,20,No,2018,TOYOTA,4-RUNNER,39.02062183,-77.122344,2025,5,16
250021832,Property Damage Crash,05/17/2025 04:10:00 PM,LONE OAK DR,NA,"Sideswipe, Same Direction",Clear,Dry,Daylight,Traffic Control Signal,NONE DETECTED,No,No Apparent Injury,NA,Not Distracted,MD,Passenger Car,Stopped in Traffic,20,No,2018,MASERATI,GHIBLI,39.02062183,-77.122344,2025,5,16
250021830,Injury Crash,05/17/2025 04:07:00 PM,EISENHOWER MEMORIAL HWY,NA,Front to Rear,Cloudy,Dry,Daylight,No Controls,NONE DETECTED,Yes,Possible Minor Injury,Followed Too Closely,Unknown,MD,Sport Utility Vehicle,Slowing or Stopping,55,No,2016,INFINITI,QX70,39.24978,-77.3001425,2025,5,16
250021830,Injury Crash,05/17/2025 04:07:00 PM,EISENHOWER MEMORIAL HWY,NA,Front to Rear,Cloudy,Dry,Daylight,No Controls,NONE DETECTED,No,No Apparent Injury,NA,Unknown,MD,Sport Utility Vehicle,Slowing or Stopping,55,No,2022,SUBARU,OUTBACK,39.24978,-77.3001425,2025,5,16
250021830,Injury Crash,05/17/2025 04:07:00 PM,EISENHOWER MEMORIAL HWY,NA,Front to Rear,Cloudy,Dry,Daylight,No Controls,NONE DETECTED,No,NA,NA,NA,NA,Unknown,NA,55,No,0,NA,NA,39.24978,-77.3001425,2025,5,16
250021833,Injury Crash,05/17/2025 03:58:00 PM,NA,NA,Single Vehicle,Clear,Dry,Daylight,No Controls,NONE DETECTED,Yes,Suspected Serious Injury,"Swerved or Avoided Due to Wind, Slippery Surface, Motor Vehicle, Object, Non-Motorist in Roadway, etc",Not Distracted,MD,Motorcycle - 2 Wheeled,Negotiating a Curve,40,No,2005,HARLEY-DAVIDSON,DYNA WIDE GLIDE,39.07239811,-77.31248209,2025,5,15
250021829,Injury Crash,05/17/2025 03:53:00 PM,STRINGTOWN RD,NA,Single Vehicle,Clear,Dry,Daylight,No Controls,NONE DETECTED,No,Possible Minor Injury,Ran Off Roadway,Not Distracted,MD,Passenger Car,Moving Constant Speed,35,No,2017,CHEVROLET,MALIBU,39.23450603,-77.28086671,2025,5,15
250021818,Property Damage Crash,05/17/2025 02:55:00 PM,GEORGIA AVE (SB/L),NA,Rear To Side,Clear,Dry,Daylight,No Controls,NONE DETECTED,No,No Apparent Injury,NA,Not Distracted,MD,Bus - Transit,Stopped in Traffic,35,No,2013,NEW FLYER,XCELSIOR,39.07124327,-77.06381966,2025,5,14
250021818,Property Damage Crash,05/17/2025 02:55:00 PM,GEORGIA AVE (SB/L),NA,Rear To Side,Clear,Dry,Daylight,No Controls,NONE DETECTED,Yes,No Apparent Injury,NA,Unknown,MD,Passenger Car,Backing,35,No,2020,TOYOTA,HIGHLANDER,39.07124327,-77.06381966,2025,5,14
250021814,Property Damage Crash,05/17/2025 02:30:00 PM,QUINCE ORCHARD RD,NA,Angle,Clear,Dry,Daylight,Traffic Control Signal,NONE DETECTED,Yes,No Apparent Injury,NA,Not Distracted,MD,Pickup,Turning Right,35,No,2012,CHEVROLET,COLORADO,39.1453785,-77.21997383,2025,5,14
250021814,Property Damage Crash,05/17/2025 02:30:00 PM,QUINCE ORCHARD RD,NA,Angle,Clear,Dry,Daylight,Traffic Control Signal,NONE DETECTED,No,No Apparent Injury,NA,Not Distracted,MD,Passenger Car,Stopped in Traffic,35,No,2025,JEEP,WRANGLER,39.1453785,-77.21997383,2025,5,14
250021821,Property Damage Crash,05/17/2025 02:17:00 PM,MARKET ST,NA,"Sideswipe, Same Direction",Clear,Dry,Daylight,No Controls,NONE DETECTED,No,NA,NA,NA,NA,Passenger Car,Moving Constant Speed,10,No,2018,KIA,SPORTAGE,39.1226879,-77.23493568,2025,5,14
250021821,Property Damage Crash,05/17/2025 02:17:00 PM,MARKET ST,NA,"Sideswipe, Same Direction",Clear,Dry,Daylight,No Controls,NONE DETECTED,No,No Apparent Injury,NA,Not Distracted,MD,Passenger Car,Parked,10,No,2019,MAZDA,CX-5,39.1226879,-77.23493568,2025,5,14
250022176,Property Damage Crash,05/17/2025 02:03:00 PM,FIRSTFIELD RD,NA,Single Vehicle,Clear,Dry,Daylight,Stop Sign,NONE DETECTED,No,No Apparent Injury,"Operated Motor Vehicle in Inattentive, Careless, Negligent, or Erratic Manner, Ran Off Roadway, Ran Stop Sign, Too Fast For Conditions",Unknown,NA,Pickup,NA,25,No,0,NA,NA,39.14444299,-77.21644331,2025,5,14
250021810,Property Damage Crash,05/17/2025 01:53:00 PM,NA,NA,Angle,Clear,Dry,Daylight,No Controls,NONE DETECTED,No,No Apparent Injury,NA,Not Distracted,MD,Passenger Car,Moving Constant Speed,35,No,2006,DODGE,CHARGER,39.09056702,-77.04569934,2025,5,13
250021810,Property Damage Crash,05/17/2025 01:53:00 PM,NA,NA,Angle,Clear,Dry,Daylight,No Controls,NONE DETECTED,Yes,No Apparent Injury,NA,Not Distracted,MD,Passenger Car,Entering Traffic Lane,35,No,2018,CHEVROLET,TRAX,39.09056702,-77.04569934,2025,5,13
250021804,Property Damage Crash,05/17/2025 12:57:00 PM,ROCKVILLE PIKE (SB/L),NA,Angle,Clear,Dry,Daylight,Stop Sign,NONE DETECTED,No,No Apparent Injury,Failed to Yield Right-of-Way,Unknown,MD,Passenger Car,Turning Right,25,No,2015,FORD,FUSION,39.06875018,-77.1300934,2025,5,12
250021804,Property Damage Crash,05/17/2025 12:57:00 PM,ROCKVILLE PIKE (SB/L),NA,Angle,Clear,Dry,Daylight,No Controls,NONE DETECTED,No,No Apparent Injury,NA,Not Distracted,MD,Passenger Car,Moving Constant Speed,35,No,2019,AUDI,Q5,39.06875018,-77.1300934,2025,5,12
250021796,Property Damage Crash,05/17/2025 12:22:00 PM,NA,NA,Angle,Clear,NA,Daylight,NA,NONE DETECTED,No,No Apparent Injury,NA,Not Distracted,MD,Passenger Car,Accelerating,0,No,2025,NISSAN,SENTRA,39.05559704,-77.11773848,2025,5,12
250021796,Property Damage Crash,05/17/2025 12:22:00 PM,NA,NA,Angle,Clear,NA,Daylight,NA,NONE DETECTED,No,No Apparent Injury,NA,Not Distracted,VA,Passenger Car,Moving Constant Speed,0,No,2019,GMC,TERRAIN,39.05559704,-77.11773848,2025,5,12
250021621,Property Damage Crash,05/17/2025 12:10:00 PM,VEIRS MILL RD (WB/L),NA,"Sideswipe, Same Direction",Clear,Dry,Daylight,No Controls,NONE DETECTED,No,No Apparent Injury,NA,Not Distracted,MD,Passenger Car,Turning Left,30,No,2023,NISSAN,VERSA,39.03944394,-77.05427413,2025,5,12
250021621,Property Damage Crash,05/17/2025 12:10:00 PM,VEIRS MILL RD (WB/L),NA,"Sideswipe, Same Direction",Clear,Dry,Daylight,No Controls,NONE DETECTED,No,No Apparent Injury,NA,Not Distracted,MD,Sport Utility Vehicle,Turning Right,30,No,2005,HONDA,CR-V,39.03944394,-77.05427413,2025,5,12
250021790,Injury Crash,05/17/2025 11:04:00 AM,E GUDE DR,NA,Angle,Clear,Dry,Daylight,Traffic Control Signal,NONE DETECTED,Yes,Possible Minor Injury,NA,Unknown,MD,Passenger Car,Turning Left,40,No,2013,BUICK,LACROSSE,39.10628076,-77.15228593,2025,5,11
250021790,Injury Crash,05/17/2025 11:04:00 AM,E GUDE DR,NA,Angle,Clear,Dry,Daylight,Traffic Control Signal,NONE DETECTED,No,No Apparent Injury,NA,Unknown,MD,Pickup,Stopped in Traffic,30,No,2003,DODGE,RAM,39.10628076,-77.15228593,2025,5,11
250021790,Injury Crash,05/17/2025 11:04:00 AM,E GUDE DR,NA,Angle,Clear,Dry,Daylight,Traffic Control Signal,NONE DETECTED,No,Possible Minor Injury,NA,Unknown,MD,Passenger Car,NA,40,No,2015,HYUNDAI,GENESIS,39.10628076,-77.15228593,2025,5,11
250021781,Injury Crash,05/17/2025 10:00:00 AM,RAMP 1 FR IS 270 NB TO IS 370 WB,NA,"Sideswipe, Same Direction",Clear,Dry,Daylight,No Controls,NONE DETECTED,No,Possible Minor Injury,NA,Not Distracted,MD,Passenger Car,Moving Constant Speed,45,No,2021,SUBARU,CROSSTREK,39.11875196,-77.20405387,2025,5,10
250021781,Injury Crash,05/17/2025 10:00:00 AM,RAMP 1 FR IS 270 NB TO IS 370 WB,NA,"Sideswipe, Same Direction",Clear,Dry,Daylight,No Controls,NONE DETECTED,No,Possible Minor Injury,"Failed to Keep in Proper Lane, Failed to Yield Right-of-Way, Followed Too Closely",Not Distracted,MD,Passenger Car,Changing Lanes,45,No,2017,HONDA,CR-V,39.11875196,-77.20405387,2025,5,10
250021777,Property Damage Crash,05/17/2025 09:15:00 AM,GLENPARK DR,NA,Other,Clear,Dry,Daylight,No Controls,NONE DETECTED,Yes,No Apparent Injury,NA,Unknown,DC,Passenger Car,Turning Left,35,No,2011,HONDA,ACCORD,39.03637017,-77.038365,2025,5,9
250021777,Property Damage Crash,05/17/2025 09:15:00 AM,GLENPARK DR,NA,Other,Clear,Dry,Daylight,No Controls,NONE DETECTED,No,No Apparent Injury,NA,Unknown,MD,Passenger Car,Moving Constant Speed,35,No,2024,HYUNDAI,SONATA,39.03637017,-77.038365,2025,5,9
250021761,Injury Crash,05/17/2025 05:00:00 AM,W EDMONSTON DR,NA,Angle,Clear,Dry,Medium,Traffic Control Signal,NONE DETECTED,No,No Apparent Injury,NA,Not Distracted,MD,Passenger Car,Moving Constant Speed,30,No,2022,HONDA,CR-V,39.07449121,-77.13567147,2025,5,5
250021761,Injury Crash,05/17/2025 05:00:00 AM,W EDMONSTON DR,NA,Angle,Clear,Dry,Medium,Traffic Control Signal,NONE DETECTED,Yes,Possible Minor Injury,NA,Not Distracted,MD,Passenger Car,Turning Left,30,No,2023,TOYOTA,CAMRY,39.07449121,-77.13567147,2025,5,5
250021758,Injury Crash,05/17/2025 04:20:00 AM,NA,NA,Front to Rear,Clear,Dry,Medium,Traffic Control Signal,ALCOHOL PRESENT,Yes,No Apparent Injury,Followed Too Closely,Unknown,MD,Pickup,Slowing or Stopping,30,No,2007,FORD,F-150,38.98311049,-77.01530177,2025,5,4
250021758,Injury Crash,05/17/2025 04:20:00 AM,NA,NA,Front to Rear,Clear,Dry,Medium,Traffic Control Signal,NONE DETECTED,No,Possible Minor Injury,NA,Not Distracted,MD,Passenger Car,Slowing or Stopping,30,No,2015,MERCEDES-BENZ,GLA-CLASS,38.98311049,-77.01530177,2025,5,4
250021745,Property Damage Crash,05/16/2025 11:51:00 PM,OLD GEORGETOWN RD (SB/L),NA,Single Vehicle,Clear,Dry,Medium,No Controls,NONE DETECTED,No,No Apparent Injury,NA,Not Distracted,MD,Passenger Car,Moving Constant Speed,35,No,2017,FORD,TAURUS,39.02837411,-77.12656405,2025,5,23
250021741,Injury Crash,05/16/2025 11:30:00 PM,ADELPHI RD,NA,"Sideswipe, Opposite Direction",Clear,Dry,Medium,Traffic Control Signal,NONE DETECTED,No,Possible Minor Injury,Ran Red Light,Unknown,NA,Moped Or motorized bicycle,Accelerating,35,No,2024,ZHILONG,BWS,39.01131079,-76.97861883,2025,5,23
250021741,Injury Crash,05/16/2025 11:30:00 PM,ADELPHI RD,NA,"Sideswipe, Opposite Direction",Clear,Dry,Medium,Traffic Control Signal,NONE DETECTED,No,No Apparent Injury,NA,Not Distracted,MD,Passenger Car,Turning Left,35,No,2010,MAZDA,MAZDA3,39.01131079,-76.97861883,2025,5,23
250021727,Injury Crash,05/16/2025 09:22:00 PM,NA,NA,Angle,Clear,Wet,Medium,Traffic Control Signal,NONE DETECTED,Yes,Suspected Serious Injury,"Failed to Yield Right-of-Way, Other Improper Action",Unknown,FL,Passenger Car,Moving Constant Speed,35,No,2011,BMW,535I,39.15775275,-77.19194869,2025,5,21
250021727,Injury Crash,05/16/2025 09:22:00 PM,NA,NA,Angle,Clear,Wet,Medium,Traffic Control Signal,NONE DETECTED,No,No Apparent Injury,NA,Not Distracted,MD,Passenger Car,Accelerating,50,No,2019,TOYOTA,CAMRY,39.15775275,-77.19194869,2025,5,21
250021712,Property Damage Crash,05/16/2025 06:41:00 PM,NA,NA,Front to Front,Clear,Wet,Daylight,No Controls,NONE DETECTED,No,No Apparent Injury,NA,Not Distracted,MD,Passenger Car,Moving Constant Speed,45,No,2015,BUICK,ENCORE,39.23128694,-77.269714,2025,5,18
250021712,Property Damage Crash,05/16/2025 06:41:00 PM,NA,NA,Front to Front,Clear,Wet,Daylight,No Controls,NONE DETECTED,Yes,No Apparent Injury,Failed to Yield Right-of-Way,Not Distracted,MD,Passenger Car,Turning Left,45,No,2014,HYUNDAI,SONATA,39.23128694,-77.269714,2025,5,18
250021710,Property Damage Crash,05/16/2025 06:39:00 PM,E RANDOLPH RD (WB/L),NA,"Sideswipe, Same Direction",Clear,Wet,Daylight,No Controls,NONE DETECTED,No,No Apparent Injury,NA,Not Distracted,MD,Passenger Car,Moving Constant Speed,40,No,2024,CHEVROLET,MALIBU,39.064557,-76.96943833,2025,5,18
250021710,Property Damage Crash,05/16/2025 06:39:00 PM,E RANDOLPH RD (WB/L),NA,"Sideswipe, Same Direction",Clear,Wet,Daylight,No Controls,NONE DETECTED,Yes,No Apparent Injury,Failed to Keep in Proper Lane,Not Distracted,MD,Passenger Car,Moving Constant Speed,40,No,2010,FORD,CROWN VICTORIA,39.064557,-76.96943833,2025,5,18
250021703,Injury Crash,05/16/2025 05:43:00 PM,NA,NA,Single Vehicle,Rain,NA,Daylight,NA,NONE DETECTED,No,Possible Minor Injury,NA,Not Distracted,MD,Sport Utility Vehicle,Accelerating,0,No,2020,SUBARU,FORESTER,39.10742483,-77.0614015,2025,5,17
250021700,Injury Crash,05/16/2025 05:05:00 PM,NA,NA,Other,Clear,Dry,Daylight,No Controls,NONE DETECTED,No,Possible Minor Injury,NA,Not Distracted,MD,Sport Utility Vehicle,Moving Constant Speed,45,No,2019,HONDA,CR-V,39.11179534,-77.07584439,2025,5,17