Local Case Number,ACRS Report Type,Crash Date/Time,Road Name,Related Non-Motorist,Collision Type,Weather,Surface Condition,Light,Traffic Control,Driver Substance Abuse,Driver At Fault,Injury Severity,Circumstance,Driver Distracted By,Drivers License State,Vehicle Body Type,Vehicle Movement,Speed Limit,Driverless Vehicle,Vehicle Year,Vehicle Make,Vehicle Model,Latitude,Longitude,Year,Month,Hour
250025844,Injury Crash,05/13/2025 03:00:00 PM,MUDDY BRANCH RD,NA,Angle,Cloudy,Wet,Daylight,No Controls,NONE DETECTED,No,Possible Minor Injury,NA,Not Distracted,VA,Passenger Car,Moving Constant Speed,40,No,2018,TESLA,MODEL 3,39.11237655,-77.21632662,2025,5,15
250025844,Injury Crash,05/13/2025 03:00:00 PM,MUDDY BRANCH RD,NA,Angle,Cloudy,Wet,Daylight,No Controls,NONE DETECTED,No,Possible Minor Injury,NA,NA,NA,Sport Utility Vehicle,Turning Left,40,No,2013,DODGE,DURANGO,39.11237655,-77.21632662,2025,5,15
250021144,Property Damage Crash,05/13/2025 02:20:00 PM,CHOKE CHERRY RD,NA,"Sideswipe, Same Direction",Rain,Wet,Daylight,Traffic Control Signal,NONE DETECTED,No,No Apparent Injury,NA,Not Distracted,MD,Station Wagon,Turning Right,25,No,2014,LEXUS,CT,39.1144323,-77.18556679,2025,5,14
250021144,Property Damage Crash,05/13/2025 02:20:00 PM,CHOKE CHERRY RD,NA,"Sideswipe, Same Direction",Rain,Wet,Daylight,Traffic Control Signal,NONE DETECTED,Yes,No Apparent Injury,NA,Unknown,MD,Sport Utility Vehicle,Turning Left,25,No,2024,BMW,X3,39.1144323,-77.18556679,2025,5,14
250021095,Property Damage Crash,05/13/2025 02:00:00 PM,NORBECK RD,NA,Front to Rear,Rain,Wet,Daylight,No Controls,NONE DETECTED,No,No Apparent Injury,NA,Not Distracted,MD,Sport Utility Vehicle,Slowing or Stopping,35,No,2021,JEEP,COMPASS,39.0956445,-77.11107133,2025,5,14
250021095,Property Damage Crash,05/13/2025 02:00:00 PM,NORBECK RD,NA,Front to Rear,Rain,Wet,Daylight,No Controls,NONE DETECTED,Yes,No Apparent Injury,NA,Not Distracted,MD,Sport Utility Vehicle,Moving Constant Speed,35,No,2024,TOYOTA,COROLLA CROSS,39.0956445,-77.11107133,2025,5,14
250021095,Property Damage Crash,05/13/2025 02:00:00 PM,NORBECK RD,NA,Front to Rear,Rain,Wet,Daylight,No Controls,NONE DETECTED,No,No Apparent Injury,NA,Not Distracted,PA,Truck Tractor,Moving Constant Speed,35,No,2006,VOLVO TRUCK,VHD,39.0956445,-77.11107133,2025,5,14
250021095,Property Damage Crash,05/13/2025 02:00:00 PM,NORBECK RD,NA,Front to Rear,Rain,Wet,Daylight,No Controls,NONE DETECTED,No,No Apparent Injury,NA,Not Distracted,MD,Sport Utility Vehicle,Moving Constant Speed,35,No,2021,LEXUS,RX,39.0956445,-77.11107133,2025,5,14
250021102,Property Damage Crash,05/13/2025 01:44:00 PM,NA,NA,"Sideswipe, Opposite Direction",Rain,NA,Daylight,NA,NONE DETECTED,No,No Apparent Injury,NA,Not Distracted,MD,Passenger Car,Slowing or Stopping,0,No,2017,HONDA,CIVIC,39.14681235,-77.19076044,2025,5,13
250021102,Property Damage Crash,05/13/2025 01:44:00 PM,NA,NA,"Sideswipe, Opposite Direction",Rain,NA,Daylight,NA,NONE DETECTED,No,NA,NA,NA,NA,Passenger Car,NA,0,No,2022,BUICK,ENVISION,39.14681235,-77.19076044,2025,5,13
250021087,Property Damage Crash,05/13/2025 01:14:00 PM,CONNECTICUT AVE,NA,"Sideswipe, Same Direction",Rain,Wet,Daylight,Traffic Control Signal,NONE DETECTED,No,No Apparent Injury,NA,Not Distracted,MD,Passenger Car,Moving Constant Speed,25,No,2024,TESLA,MODEL 3,38.97638808,-77.07712817,2025,5,13
250021087,Property Damage Crash,05/13/2025 01:14:00 PM,CONNECTICUT AVE,NA,"Sideswipe, Same Direction",Rain,Wet,Daylight,Traffic Control Signal,NONE DETECTED,Yes,No Apparent Injury,Failed to Keep in Proper Lane,Unknown,MD,Bus - School,Moving Constant Speed,25,No,2021,IC BUS,PB105,38.97638808,-77.07712817,2025,5,13
250021070,Property Damage Crash,05/13/2025 11:59:00 AM,PLYERS MILL RD,NA,Angle,Rain,Wet,Daylight,No Controls,NONE DETECTED,No,No Apparent Injury,NA,Not Distracted,MD,Passenger Car,Moving Constant Speed,25,No,2020,VOLKSWAGEN,ATLAS CROSS SPORT,39.02913187,-77.05105344,2025,5,11
250021070,Property Damage Crash,05/13/2025 11:59:00 AM,PLYERS MILL RD,NA,Angle,Rain,Wet,Daylight,No Controls,NONE DETECTED,Yes,No Apparent Injury,NA,Unknown,MD,Passenger Car,Making U-Turn,25,No,2011,TOYOTA,PRIUS,39.02913187,-77.05105344,2025,5,11
250021079,Property Damage Crash,05/13/2025 11:30:00 AM,SHADY GROVE RD,NA,Angle,Rain,Wet,Daylight,No Controls,NONE DETECTED,Yes,No Apparent Injury,NA,Not Distracted,MD,Passenger Car,Entering Traffic Lane,40,No,2013,BMW,328I,39.11238433,-77.18672983,2025,5,11
250021079,Property Damage Crash,05/13/2025 11:30:00 AM,SHADY GROVE RD,NA,Angle,Rain,Wet,Daylight,No Controls,NONE DETECTED,No,No Apparent Injury,NA,Not Distracted,MD,Passenger Car,Moving Constant Speed,40,No,2015,HONDA,CIVIC,39.11238433,-77.18672983,2025,5,11
250021067,Property Damage Crash,05/13/2025 11:10:00 AM,RAMP 1 FR IS 270 NB TO IS 370 WB,NA,Single Vehicle,Rain,Wet,Daylight,No Controls,NONE DETECTED,No,No Apparent Injury,Other Improper Action,Unknown,MD,Passenger Car,Negotiating a Curve,55,No,2016,TOYOTA,COROLLA,39.12071905,-77.19521535,2025,5,11
250021036,Injury Crash,05/13/2025 08:53:00 AM,MARYLAND AVE,NA,Single Vehicle,Rain,Wet,Daylight,No Controls,NONE DETECTED,No,Possible Minor Injury,NA,Not Distracted,MD,Passenger Car,Moving Constant Speed,25,No,2019,KIA,OPTIMA,39.0789742,-77.15590831,2025,5,8
250021037,Property Damage Crash,05/13/2025 08:50:00 AM,GREAT SENECA HWY,NA,Angle,Rain,Wet,Daylight,Stop Sign,NONE DETECTED,Yes,No Apparent Injury,Failed to Yield Right-of-Way,Unknown,NA,Passenger Car,Accelerating,25,No,2025,HYUNDAI,UNKNOWN,39.15726216,-77.27578109,2025,5,8
250021037,Property Damage Crash,05/13/2025 08:50:00 AM,GREAT SENECA HWY,NA,Angle,Rain,Wet,Daylight,No Controls,NONE DETECTED,No,No Apparent Injury,NA,Not Distracted,MD,Passenger Car,Moving Constant Speed,35,No,2017,LINCOLN,MKC,39.15726216,-77.27578109,2025,5,8
250021031,Property Damage Crash,05/13/2025 08:18:00 AM,NA,NA,Other,Rain,Wet,Daylight,No Controls,NONE DETECTED,No,No Apparent Injury,NA,Not Distracted,MD,Passenger Car,Moving Constant Speed,25,No,2016,TOYOTA,PRIUS,39.10179804,-77.15980958,2025,5,8
250021031,Property Damage Crash,05/13/2025 08:18:00 AM,NA,NA,Other,Rain,Wet,Daylight,No Controls,NONE DETECTED,Yes,No Apparent Injury,NA,Not Distracted,MD,Passenger Car,Turning Left,25,No,1995,TOYOTA,CAMRY,39.10179804,-77.15980958,2025,5,8
250021029,Injury Crash,05/13/2025 08:09:00 AM,FRANKLIN AVE,NA,Angle,Rain,Wet,Daylight,Traffic Control Signal,NONE DETECTED,Yes,Possible Minor Injury,NA,Not Distracted,MD,Passenger Car,Turning Left,35,No,2010,HONDA,FIT,39.01212529,-77.00274206,2025,5,8
250021029,Injury Crash,05/13/2025 08:09:00 AM,FRANKLIN AVE,NA,Angle,Rain,Wet,Daylight,Traffic Control Signal,NONE DETECTED,No,Possible Minor Injury,NA,Not Distracted,MD,Passenger Car,Accelerating,35,No,2024,TESLA,MODEL Y,39.01212529,-77.00274206,2025,5,8
250021032,Property Damage Crash,05/13/2025 08:00:00 AM,NA,NA,Single Vehicle,Rain,Wet,Daylight,No Controls,NONE DETECTED,Yes,No Apparent Injury,"Swerved or Avoided Due to Wind, Slippery Surface, Motor Vehicle, Object, Non-Motorist in Roadway, etc",Not Distracted,MD,Passenger Car,Slowing or Stopping,35,No,2025,SUBARU,CROSSTREK,38.96005967,-77.13216905,2025,5,8
250021027,Property Damage Crash,05/13/2025 08:00:00 AM,NA,NA,Front to Rear,Rain,Wet,Daylight,No Controls,NONE DETECTED,Yes,No Apparent Injury,NA,Unknown,MD,Passenger Car,Moving Constant Speed,35,No,2011,NISSAN,ROGUE,39.09040693,-77.05214989,2025,5,8
250021027,Property Damage Crash,05/13/2025 08:00:00 AM,NA,NA,Front to Rear,Rain,Wet,Daylight,No Controls,NONE DETECTED,No,No Apparent Injury,NA,Not Distracted,MD,Passenger Car,Slowing or Stopping,35,No,2019,CHEVROLET,SUBURBAN,39.09040693,-77.05214989,2025,5,8
250021025,Property Damage Crash,05/13/2025 07:36:00 AM,HAWKINS CREAMERY RD,NA,"Sideswipe, Opposite Direction",Rain,Wet,Daylight,No Controls,NONE DETECTED,No,No Apparent Injury,NA,Not Distracted,MD,Bus - School,Stopped in Traffic,30,No,2022,THOMAS BUILT,HDX,39.2647754,-77.1760514,2025,5,7
250021025,Property Damage Crash,05/13/2025 07:36:00 AM,HAWKINS CREAMERY RD,NA,"Sideswipe, Opposite Direction",Rain,Wet,Daylight,No Controls,NONE DETECTED,No,No Apparent Injury,NA,NA,NA,Passenger Car,Accelerating,30,No,1900,ZZKNOWN,UNKNOWN,39.2647754,-77.1760514,2025,5,7
250021021,Property Damage Crash,05/13/2025 05:59:00 AM,COLUMBIA PIKE,NA,Single Vehicle,Rain,Wet,Daylight,No Controls,NONE DETECTED,Yes,No Apparent Injury,Other Improper Action,Not Distracted,MD,Passenger Car,Moving Constant Speed,45,No,2016,FORD,TAURUS,39.03757024,-76.99908219,2025,5,5
250021019,Property Damage Crash,05/13/2025 04:00:00 AM,FIRESTONE DR,NA,Single Vehicle,Rain,Wet,Medium,No Controls,NONE DETECTED,Yes,No Apparent Injury,"Ran Off Roadway, Too Fast For Conditions",Unknown,MD,Van - Passenger (&lt;9 Seats),Negotiating a Curve,35,No,2019,TOYOTA,SIENNA,39.12475386,-77.00971939,2025,5,4
250021015,Property Damage Crash,05/13/2025 02:44:00 AM,RIVER RD,NA,Front to Rear,Rain,Wet,Medium,No Controls,NONE DETECTED,No,No Apparent Injury,NA,Not Distracted,MD,Truck Tractor,Slowing or Stopping,35,No,2023,INTERNATIONAL,LT62F,38.96382252,-77.10221544,2025,5,2
250021015,Property Damage Crash,05/13/2025 02:44:00 AM,RIVER RD,NA,Front to Rear,Rain,Wet,Medium,No Controls,NONE DETECTED,No,NA,NA,NA,NA,Passenger Car,Moving Constant Speed,35,No,0,NA,NA,38.96382252,-77.10221544,2025,5,2
250021005,Injury Crash,05/12/2025 10:19:00 PM,MCKNEW RD,NA,Front to Rear,Clear,Dry,Medium,Traffic Control Signal,NONE DETECTED,No,No Apparent Injury,NA,Not Distracted,MD,Passenger Car,Slowing or Stopping,45,No,2014,HONDA,PILOT,39.10611059,-76.9188866,2025,5,22
250021005,Injury Crash,05/12/2025 10:19:00 PM,MCKNEW RD,NA,Front to Rear,Clear,Dry,Medium,Traffic Control Signal,NONE DETECTED,Yes,Possible Minor Injury,NA,Unknown,MD,Passenger Car,Slowing or Stopping,45,No,2017,CHEVROLET,MALIBU,39.10611059,-76.9188866,2025,5,22
250021000,Injury Crash,05/12/2025 09:20:00 PM,SCHINDLER DR,Pedestrian,Single Vehicle,Cloudy,Wet,Dark,Traffic Control Signal,NONE DETECTED,No,No Apparent Injury,NA,Unknown,CO,Passenger Car,Moving Constant Speed,45,No,2024,CHEVROLET,MALIBU,39.03343794,-76.986232,2025,5,21
250021001,Injury Crash,05/12/2025 09:16:00 PM,BALTIMORE AVE,NA,Other,Clear,Wet,Medium,No Controls,NONE DETECTED,No,No Apparent Injury,NA,Not Distracted,DC,Passenger Car,Moving Constant Speed,35,No,2024,HONDA,ACCORD,38.95993633,-77.09632699,2025,5,21
250021001,Injury Crash,05/12/2025 09:16:00 PM,BALTIMORE AVE,NA,Other,Clear,Wet,Medium,No Controls,NONE DETECTED,No,No Apparent Injury,NA,Not Distracted,MD,Sport Utility Vehicle,Turning Left,35,No,2015,HONDA,CR-V,38.95993633,-77.09632699,2025,5,21
250021003,Property Damage Crash,05/12/2025 08:31:00 PM,NA,NA,Single Vehicle,Clear,NA,Medium,NA,NONE DETECTED,Yes,No Apparent Injury,NA,Not Distracted,MD,Passenger Car,Moving Constant Speed,0,No,2017,KIA,FORTE,38.99819837,-77.03167485,2025,5,20
250020805,Property Damage Crash,05/12/2025 07:40:00 PM,VEIRS MILL RD,NA,Angle,Clear,Dry,Daylight,Traffic Control Signal,NONE DETECTED,No,No Apparent Injury,NA,Not Distracted,MD,Pickup,Turning Left,40,No,2005,FORD,F-150,39.05146911,-77.07475821,2025,5,19
250020805,Property Damage Crash,05/12/2025 07:40:00 PM,VEIRS MILL RD,NA,Angle,Clear,Dry,Daylight,Traffic Control Signal,ALCOHOL PRESENT,Yes,No Apparent Injury,Ran Red Light,Unknown,NA,Passenger Car,Moving Constant Speed,35,No,2009,HONDA,CIVIC,39.05146911,-77.07475821,2025,5,19
250020981,Injury Crash,05/12/2025 06:52:00 PM,ROCKVILLE PIKE,NA,Rear To Rear,Clear,Dry,Daylight,Flashing Traffic Control Signal,NONE DETECTED,No,No Apparent Injury,NA,Not Distracted,MD,Passenger Car,Slowing or Stopping,35,No,2018,HONDA,CIVIC,39.07284844,-77.13382746,2025,5,18
250020981,Injury Crash,05/12/2025 06:52:00 PM,ROCKVILLE PIKE,NA,Rear To Rear,Clear,Dry,Daylight,Flashing Traffic Control Signal,NONE DETECTED,No,Possible Minor Injury,NA,Not Distracted,AZ,Sport Utility Vehicle,Slowing or Stopping,35,No,2025,SUBARU,CROSSTREK,39.07284844,-77.13382746,2025,5,18
250020985,Injury Crash,05/12/2025 06:39:00 PM,RANDOLPH RD (WB/L),NA,Front to Rear,Cloudy,Dry,Daylight,No Controls,NONE DETECTED,No,Possible Minor Injury,NA,Not Distracted,MD,Sport Utility Vehicle,Turning Right,40,No,2004,LEXUS,RX,39.06613464,-77.02220373,2025,5,18
250020985,Injury Crash,05/12/2025 06:39:00 PM,RANDOLPH RD (WB/L),NA,Front to Rear,Cloudy,Dry,Daylight,Traffic Control Signal,NONE DETECTED,No,No Apparent Injury,Followed Too Closely,Unknown,MD,Van - Cargo,Moving Constant Speed,40,No,2018,FORD,TRANSIT,39.06613464,-77.02220373,2025,5,18
250020983,Injury Crash,05/12/2025 06:30:00 PM,BRIGHTON DAM RD,NA,Front to Rear,Clear,Dry,Daylight,No Controls,NONE DETECTED,No,Possible Minor Injury,NA,Not Distracted,MD,Passenger Car,Slowing or Stopping,30,No,2017,TOYOTA,COROLLA,39.19227433,-77.00631267,2025,5,18
250020983,Injury Crash,05/12/2025 06:30:00 PM,BRIGHTON DAM RD,NA,Front to Rear,Clear,Dry,Daylight,No Controls,NONE DETECTED,Yes,No Apparent Injury,Too Fast For Conditions,Not Distracted,MD,Passenger Car,Slowing or Stopping,30,No,2014,FORD,EDGE,39.19227433,-77.00631267,2025,5,18
250020972,Property Damage Crash,05/12/2025 06:00:00 PM,GEORGIA AVE,NA,"Sideswipe, Same Direction",Clear,Dry,Daylight,No Controls,NONE DETECTED,No,No Apparent Injury,NA,Not Distracted,MD,Passenger Car,Moving Constant Speed,35,No,2022,HONDA,PILOT,39.05730508,-77.0498621,2025,5,18
250020972,Property Damage Crash,05/12/2025 06:00:00 PM,GEORGIA AVE,NA,"Sideswipe, Same Direction",Clear,Dry,Daylight,No Controls,NONE DETECTED,No,NA,NA,NA,NA,Passenger Car,Changing Lanes,35,No,2007,NISSAN,XTERRA,39.05730508,-77.0498621,2025,5,18
250020971,Property Damage Crash,05/12/2025 05:31:00 PM,SEVEN LOCKS RD,NA,Front to Rear,Cloudy,Dry,Daylight,No Controls,NONE DETECTED,No,No Apparent Injury,NA,Not Distracted,MD,Passenger Car,Slowing or Stopping,35,No,2025,HONDA,ACCORD,39.02017218,-77.16168951,2025,5,17
250020971,Property Damage Crash,05/12/2025 05:31:00 PM,SEVEN LOCKS RD,NA,Front to Rear,Cloudy,Dry,Daylight,No Controls,NONE DETECTED,No,No Apparent Injury,NA,Not Distracted,VA,Passenger Car,Slowing or Stopping,35,No,2015,TOYOTA,HIGHLANDER,39.02017218,-77.16168951,2025,5,17
250020971,Property Damage Crash,05/12/2025 05:31:00 PM,SEVEN LOCKS RD,NA,Front to Rear,Cloudy,Dry,Daylight,No Controls,NONE DETECTED,No,No Apparent Injury,Followed Too Closely,Not Distracted,MD,Passenger Car,Slowing or Stopping,35,No,2016,TOYOTA,TUNDRA,39.02017218,-77.16168951,2025,5,17
250020964,Property Damage Crash,05/12/2025 04:50:00 PM,QUINCE ORCHARD RD,NA,Front to Rear,Cloudy,Dry,Daylight,Traffic Control Signal,NONE DETECTED,No,No Apparent Injury,NA,Not Distracted,MD,Passenger Car,Slowing or Stopping,35,No,2024,MAZDA,CX-50,39.13929076,-77.22200181,2025,5,16
250020964,Property Damage Crash,05/12/2025 04:50:00 PM,QUINCE ORCHARD RD,NA,Front to Rear,Cloudy,Dry,Daylight,Traffic Control Signal,NONE DETECTED,No,No Apparent Injury,NA,Unknown,MD,Sport Utility Vehicle,Slowing or Stopping,35,No,2021,JEEP,WRANGLER,39.13929076,-77.22200181,2025,5,16
250020964,Property Damage Crash,05/12/2025 04:50:00 PM,QUINCE ORCHARD RD,NA,Front to Rear,Cloudy,Dry,Daylight,Traffic Control Signal,NONE DETECTED,No,No Apparent Injury,NA,Not Distracted,MD,Passenger Car,Slowing or Stopping,35,No,2017,FORD,FOCUS,39.13929076,-77.22200181,2025,5,16
250020966,Property Damage Crash,05/12/2025 04:28:00 PM,NA,NA,Front to Rear,Cloudy,NA,Daylight,NA,NONE DETECTED,No,NA,NA,NA,NA,Passenger Car,Backing,0,No,2012,TOYOTA,CAMRY,38.984814,-77.08930158,2025,5,16
250020938,Property Damage Crash,05/12/2025 02:14:00 PM,RIDGE RD (NB/L),NA,Front to Rear,Clear,Dry,Daylight,Traffic Control Signal,NONE DETECTED,No,No Apparent Injury,NA,Not Distracted,MD,Passenger Car,Stopped in Traffic,45,No,2022,TOYOTA,COROLLA,39.20149512,-77.25368181,2025,5,14
250020938,Property Damage Crash,05/12/2025 02:14:00 PM,RIDGE RD (NB/L),NA,Front to Rear,Clear,Dry,Daylight,Traffic Control Signal,NONE DETECTED,No,No Apparent Injury,NA,Not Distracted,MD,Van - Passenger (&lt;9 Seats),Stopped in Traffic,45,No,2017,NISSAN,NV200,39.20149512,-77.25368181,2025,5,14
250020938,Property Damage Crash,05/12/2025 02:14:00 PM,RIDGE RD (NB/L),NA,Front to Rear,Clear,Dry,Daylight,Traffic Control Signal,NONE DETECTED,Yes,No Apparent Injury,Followed Too Closely,Unknown,MD,Sport Utility Vehicle,Moving Constant Speed,45,No,2023,VOLKSWAGEN,ID.4,39.20149512,-77.25368181,2025,5,14
250020931,Property Damage Crash,05/12/2025 02:00:00 PM,TWINBROOK PKWY (NB/L),NA,"Sideswipe, Same Direction",Clear,Dry,Daylight,Traffic Control Signal,NONE DETECTED,No,No Apparent Injury,Followed Too Closely,Not Distracted,MD,Bus - Transit,Turning Left,25,No,2016,GILLIG,LOW FLOOR BUS,39.05868607,-77.11887897,2025,5,14
250020931,Property Damage Crash,05/12/2025 02:00:00 PM,TWINBROOK PKWY (NB/L),NA,"Sideswipe, Same Direction",Clear,Dry,Daylight,Traffic Control Signal,NONE DETECTED,No,No Apparent Injury,Followed Too Closely,Not Distracted,MD,Passenger Car,Turning Left,25,No,2019,HONDA,CR-V,39.05868607,-77.11887897,2025,5,14
250020927,Property Damage Crash,05/12/2025 01:30:00 PM,STONEHAM RD,NA,Angle,Cloudy,Dry,Daylight,No Controls,NONE DETECTED,Yes,No Apparent Injury,"Failed to Keep in Proper Lane, Improper Turn",Unknown,MD,Pickup,Turning Left,25,No,2016,FORD,F-350,39.01637917,-77.12683651,2025,5,13
250020926,Injury Crash,05/12/2025 01:20:00 PM,RESEARCH BLVD,NA,Rear To Side,Clear,Dry,Daylight,No Controls,NONE DETECTED,No,Possible Minor Injury,NA,Not Distracted,MD,Sport Utility Vehicle,Moving Constant Speed,30,No,2025,KIA,SORENTO,39.0914664,-77.17858335,2025,5,13
250020926,Injury Crash,05/12/2025 01:20:00 PM,RESEARCH BLVD,NA,Rear To Side,Clear,Dry,Daylight,Stop Sign,NONE DETECTED,No,No Apparent Injury,NA,Not Distracted,VA,Passenger Car,Turning Left,30,No,2018,CHEVROLET,MALIBU,39.0914664,-77.17858335,2025,5,13
250020921,Injury Crash,05/12/2025 01:12:00 PM,NA,NA,Single Vehicle,Clear,Dry,Daylight,No Controls,NONE DETECTED,Yes,Possible Minor Injury,"Failed to Keep in Proper Lane, Ran Off Roadway, Too Fast For Conditions",Unknown,MD,Passenger Car,Moving Constant Speed,40,No,2019,MAZDA,CX-5,39.10602833,-77.29613,2025,5,13
250020916,Property Damage Crash,05/12/2025 01:00:00 PM,NA,NA,Angle,Clear,NA,Daylight,NA,NONE DETECTED,Yes,No Apparent Injury,Failed to Yield Right-of-Way,Not Distracted,MD,Passenger Car,Turning Left,0,No,2021,MITSUBISHI,MIRAGE G4,39.05688783,-77.12560965,2025,5,13
250020916,Property Damage Crash,05/12/2025 01:00:00 PM,NA,NA,Angle,Clear,NA,Daylight,NA,NONE DETECTED,No,No Apparent Injury,NA,Not Distracted,MD,Passenger Car,Moving Constant Speed,0,No,2006,MAZDA,MAZDA3,39.05688783,-77.12560965,2025,5,13
250020906,Property Damage Crash,05/12/2025 12:15:00 PM,OLNEY SANDY SPRING RD (WB/L),NA,Angle,Clear,Dry,Daylight,Traffic Control Signal,NONE DETECTED,No,No Apparent Injury,NA,Not Distracted,NC,Passenger Car,Moving Constant Speed,35,No,2024,BMW,IX,39.1520267,-77.06436437,2025,5,12
250020906,Property Damage Crash,05/12/2025 12:15:00 PM,OLNEY SANDY SPRING RD (WB/L),NA,Angle,Clear,Dry,Daylight,Traffic Control Signal,NONE DETECTED,Yes,No Apparent Injury,NA,Not Distracted,MD,Passenger Car,Moving Constant Speed,35,No,2019,CHEVROLET,TRAX,39.1520267,-77.06436437,2025,5,12
250020879,Property Damage Crash,05/12/2025 09:58:00 AM,CONNECTICUT AVE,NA,"Sideswipe, Same Direction",Clear,Dry,Daylight,No Controls,NONE DETECTED,Yes,No Apparent Injury,NA,Unknown,MX-GRO,Single-Unit Truck,Moving Constant Speed,30,No,2013,RAM,3500,38.976296,-77.07707841,2025,5,9
250020879,Property Damage Crash,05/12/2025 09:58:00 AM,CONNECTICUT AVE,NA,"Sideswipe, Same Direction",Clear,Dry,Daylight,No Controls,NONE DETECTED,No,No Apparent Injury,NA,Not Distracted,DC,Passenger Car,Moving Constant Speed,30,No,2006,HONDA,ACCORD,38.976296,-77.07707841,2025,5,9
250020866,Property Damage Crash,05/12/2025 08:20:00 AM,PREDELLA DR,NA,Rear To Side,Clear,Dry,Daylight,No Controls,NONE DETECTED,Yes,No Apparent Injury,NA,Unknown,MD,Passenger Car,Entering Traffic Lane,35,No,2006,HONDA,CIVIC,39.02835874,-77.04729617,2025,5,8
250020866,Property Damage Crash,05/12/2025 08:20:00 AM,PREDELLA DR,NA,Rear To Side,Clear,Dry,Daylight,Lane Use Control Signal,NONE DETECTED,Yes,No Apparent Injury,NA,Unknown,MD,Passenger Car,Moving Constant Speed,35,No,2017,TOYOTA,COROLLA,39.02835874,-77.04729617,2025,5,8
250020868,Injury Crash,05/12/2025 08:09:00 AM,MILL POND TERR,NA,Front to Front,Clear,Dry,Daylight,No Controls,NONE DETECTED,No,No Apparent Injury,NA,Unknown,MD,Passenger Car,Slowing or Stopping,30,No,2013,BMW,328I,39.1930755,-77.23058517,2025,5,8
250020868,Injury Crash,05/12/2025 08:09:00 AM,MILL POND TERR,NA,Front to Front,Clear,Dry,Daylight,No Controls,NONE DETECTED,Yes,No Apparent Injury,Other Improper Action,Unknown,MD,Passenger Car,Moving Constant Speed,30,No,2009,HONDA,ACCORD,39.1930755,-77.23058517,2025,5,8
250020863,Property Damage Crash,05/12/2025 07:49:00 AM,WIGHTMAN RD,NA,Angle,Clear,Dry,Daylight,Traffic Control Signal,NONE DETECTED,No,No Apparent Injury,NA,Not Distracted,MD,Passenger Car,Moving Constant Speed,35,No,2011,HONDA,CIVIC,39.18769758,-77.18678164,2025,5,7
250020863,Property Damage Crash,05/12/2025 07:49:00 AM,WIGHTMAN RD,NA,Angle,Clear,Dry,Daylight,Traffic Control Signal,NONE DETECTED,No,No Apparent Injury,Failed to Yield Right-of-Way,Unknown,NA,Passenger Car,Turning Left,35,No,2010,NISSAN,ALTIMA,39.18769758,-77.18678164,2025,5,7
250020857,Property Damage Crash,05/12/2025 06:40:00 AM,GEORGIA AVE,NA,"Sideswipe, Same Direction",Clear,Dry,Daylight,No Controls,NONE DETECTED,No,No Apparent Injury,NA,Not Distracted,MD,Passenger Car,Moving Constant Speed,40,No,2024,FORD,TRANSIT,39.17441766,-77.05867188,2025,5,6
250020857,Property Damage Crash,05/12/2025 06:40:00 AM,GEORGIA AVE,NA,"Sideswipe, Same Direction",Clear,Dry,Daylight,No Controls,NONE DETECTED,Yes,No Apparent Injury,NA,Not Distracted,MD,Passenger Car,Turning Left,40,No,2018,NISSAN,MURANO,39.17441766,-77.05867188,2025,5,6
250020855,Injury Crash,05/12/2025 06:20:00 AM,COLUMBIA PIKE (SB/L),NA,Front to Rear,Clear,Dry,Daylight,No Controls,NONE DETECTED,No,Possible Minor Injury,NA,Not Distracted,MD,Passenger Car,Slowing or Stopping,50,No,2017,TOYOTA,HIGHLANDER,39.04621946,-76.98733455,2025,5,6
250020855,Injury Crash,05/12/2025 06:20:00 AM,COLUMBIA PIKE (SB/L),NA,Front to Rear,Clear,Dry,Daylight,No Controls,NONE DETECTED,Yes,Possible Minor Injury,Too Fast For Conditions,Not Distracted,PA,Passenger Car,Slowing or Stopping,50,No,2016,KIA,SOUL,39.04621946,-76.98733455,2025,5,6