Local Case Number,ACRS Report Type,Crash Date/Time,Road Name,Related Non-Motorist,Collision Type,Weather,Surface Condition,Light,Traffic Control,Driver Substance Abuse,Driver At Fault,Injury Severity,Circumstance,Driver Distracted By,Drivers License State,Vehicle Body Type,Vehicle Movement,Speed Limit,Driverless Vehicle,Vehicle Year,Vehicle Make,Vehicle Model,Latitude,Longitude,Year,Month,Hour
250020855,Injury Crash,05/12/2025 06:20:00 AM,COLUMBIA PIKE (SB/L),NA,Front to Rear,Clear,Dry,Daylight,No Controls,NONE DETECTED,No,Possible Minor Injury,NA,Not Distracted,MD,Passenger Car,Slowing or Stopping,50,No,2017,NISSAN,MURANO,39.04621946,-76.98733455,2025,5,6
250020842,Property Damage Crash,05/12/2025 01:56:00 AM,NA,NA,Single Vehicle,Clear,Dry,Medium,No Controls,ALCOHOL PRESENT,Yes,No Apparent Injury,"Operated Motor Vehicle in Inattentive, Careless, Negligent, or Erratic Manner",Not Distracted,NA,Passenger Car,Moving Constant Speed,30,No,2020,MITSUBISHI,OUTLANDER,38.98696574,-77.02673558,2025,5,1
250029837,Property Damage Crash,05/12/2025 01:30:00 AM,RAMP 7 FR IS 495 WB TO MD 650 SB,NA,Single Vehicle,Clear,Dry,Medium,No Controls,NONE DETECTED,Yes,No Apparent Injury,Too Fast For Conditions,Unknown,MD,Passenger Car,Moving Constant Speed,35,No,2005,MERCEDES-BENZ,E-CLASS,39.02018665,-76.97784164,2025,5,1
250020833,Property Damage Crash,05/12/2025 12:30:00 AM,NORBECK RD,NA,Single Vehicle,Clear,Dry,Medium,No Controls,NONE DETECTED,Yes,No Apparent Injury,NA,"Other Action (looking away from task, etc.)",MD,Passenger Car,Turning Left,40,No,2006,DODGE,CARAVAN/GRAND CARAVAN,39.12062683,-77.034799,2025,5,0
250020826,Property Damage Crash,05/11/2025 10:44:00 PM,NEW HAMPSHIRE AVE,NA,Front to Rear,Clear,Dry,Medium,Traffic Control Signal,NONE DETECTED,No,No Apparent Injury,NA,Not Distracted,MD,Sport Utility Vehicle,Slowing or Stopping,35,No,2024,TOYOTA,RAV4,39.01918944,-76.9765611,2025,5,22
250020826,Property Damage Crash,05/11/2025 10:44:00 PM,NEW HAMPSHIRE AVE,NA,Front to Rear,Clear,Dry,Medium,Traffic Control Signal,NONE DETECTED,No,No Apparent Injury,Followed Too Closely,Unknown,NA,Other Trucks,Slowing or Stopping,35,No,2000,FORD,F-350,39.01918944,-76.9765611,2025,5,22
250020818,Property Damage Crash,05/11/2025 09:02:00 PM,LEWIS AVE,NA,Front to Rear,Clear,Dry,Medium,No Controls,NONE DETECTED,No,No Apparent Injury,"Failed to Keep in Proper Lane, Operated Motor Vehicle in Inattentive, Careless, Negligent, or Erratic Manner, Operated Motor Vehicle in Reckless or Aggressive Manner",NA,NA,Passenger Car,Moving Constant Speed,25,No,2014,FORD,FOCUS,39.06965817,-77.12807583,2025,5,21
250020821,Property Damage Crash,05/11/2025 08:52:00 PM,MORNINGSIDE DR,NA,Rear To Side,Clear,Dry,Dark,No Controls,NONE DETECTED,No,NA,NA,NA,NA,Sport Utility Vehicle,Backing,25,No,0,NA,NA,39.06699853,-76.98323123,2025,5,20
250020779,Property Damage Crash,05/11/2025 03:10:00 PM,TWO FARM DR,NA,Angle,Clear,Dry,Daylight,Stop Sign,NONE DETECTED,No,No Apparent Injury,NA,Not Distracted,MD,Sport Utility Vehicle,Moving Constant Speed,20,No,2018,HONDA,CR-V,39.06468103,-77.00767823,2025,5,15
250020779,Property Damage Crash,05/11/2025 03:10:00 PM,TWO FARM DR,NA,Angle,Clear,Dry,Daylight,Stop Sign,NONE DETECTED,No,No Apparent Injury,"Disregarded Other Traffic Sign, Failed to Yield Right-of-Way, Ran Stop Sign",Not Distracted,MD,Sport Utility Vehicle,Moving Constant Speed,20,No,2014,HONDA,CR-V,39.06468103,-77.00767823,2025,5,15
250020778,Property Damage Crash,05/11/2025 03:01:00 PM,COLUMBIA PIKE,NA,"Sideswipe, Same Direction",Clear,Dry,Daylight,No Controls,NONE DETECTED,No,No Apparent Injury,NA,Not Distracted,MD,Sport Utility Vehicle,Moving Constant Speed,55,No,2022,TOYOTA,RAV4,39.09571121,-76.93772633,2025,5,15
250020778,Property Damage Crash,05/11/2025 03:01:00 PM,COLUMBIA PIKE,NA,"Sideswipe, Same Direction",Clear,Dry,Daylight,No Controls,NONE DETECTED,No,No Apparent Injury,NA,Not Distracted,MD,Passenger Car,Changing Lanes,55,No,2024,BMW,X2,39.09571121,-76.93772633,2025,5,15
250020627,Property Damage Crash,05/11/2025 02:22:00 PM,NA,NA,Front to Rear,Clear,NA,Daylight,NA,NONE DETECTED,No,No Apparent Injury,NA,Unknown,NA,Passenger Car,NA,0,No,2007,CHEVROLET,SUBURBAN,39.04826838,-77.10217131,2025,5,14
250020768,Property Damage Crash,05/11/2025 01:51:00 PM,OBSERVATION DR (SB/L),NA,Single Vehicle,Clear,Dry,Daylight,No Controls,NONE DETECTED,Yes,No Apparent Injury,Ran Off Roadway,"Other Action (looking away from task, etc.)",MD,Sport Utility Vehicle,Negotiating a Curve,35,No,2017,HYUNDAI,SANTA FE,39.196007,-77.25523017,2025,5,13
250020769,Property Damage Crash,05/11/2025 01:40:00 PM,BAYSWATER RD,NA,Rear To Rear,Clear,Dry,Daylight,No Controls,NONE DETECTED,No,No Apparent Injury,Improper Backing,Not Distracted,MD,Passenger Car,Backing,25,No,2024,TOYOTA,GRAND HIGHLANDER,39.13187383,-77.246429,2025,5,13
250020769,Property Damage Crash,05/11/2025 01:40:00 PM,BAYSWATER RD,NA,Rear To Rear,Clear,Dry,Daylight,Stop Sign,NONE DETECTED,No,No Apparent Injury,Improper Backing,Not Distracted,MD,Van - Cargo,Backing,25,No,2024,RAM,CARGO VAN,39.13187383,-77.246429,2025,5,13
250020767,Injury Crash,05/11/2025 01:34:00 PM,NA,NA,Front to Rear,Clear,Dry,Daylight,No Controls,NONE DETECTED,No,Possible Minor Injury,NA,Not Distracted,MD,Sport Utility Vehicle,Slowing or Stopping,30,No,2022,AUDI,A3,38.99694789,-77.16959651,2025,5,13
250022791,Injury Crash,05/11/2025 01:34:00 PM,NA,NA,Front to Rear,Clear,Dry,Daylight,No Controls,NONE DETECTED,No,Possible Minor Injury,NA,Not Distracted,MD,Station Wagon,Stopped in Traffic,30,No,2022,AUDI,Q3,38.99680673,-77.16928594,2025,5,13
250022791,Injury Crash,05/11/2025 01:34:00 PM,NA,NA,Front to Rear,Clear,Dry,Daylight,No Controls,NONE DETECTED,Yes,No Apparent Injury,NA,Not Distracted,DC,Van - Passenger (&lt;9 Seats),Moving Constant Speed,30,No,2009,HONDA,ODYSSEY,38.99680673,-77.16928594,2025,5,13
250020767,Injury Crash,05/11/2025 01:34:00 PM,NA,NA,Front to Rear,Clear,Dry,Daylight,No Controls,NONE DETECTED,Yes,No Apparent Injury,NA,Not Distracted,DC,Van - Passenger (&lt;9 Seats),Moving Constant Speed,30,No,2006,HONDA,ODYSSEY,38.99694789,-77.16959651,2025,5,13
250020770,Injury Crash,05/11/2025 01:23:00 PM,LAYTONSVILLE RD,NA,Single Vehicle,Clear,Dry,Daylight,Other Warning Sign,NONE DETECTED,Yes,Possible Minor Injury,"Failed to Keep in Proper Lane, Ran Off Roadway",Not Distracted,DC,Pickup,Moving Constant Speed,30,No,2013,CHEVROLET,SILVERADO,39.20638377,-77.14108181,2025,5,13
250020774,Property Damage Crash,05/11/2025 01:12:00 PM,NA,NA,Front to Front,Clear,NA,Daylight,NA,NONE DETECTED,No,No Apparent Injury,NA,Not Distracted,MD,Passenger Car,Stopped in Traffic,0,No,2010,FORD,FUSION,39.15543202,-77.16567948,2025,5,13
250020774,Property Damage Crash,05/11/2025 01:12:00 PM,NA,NA,Front to Front,Clear,NA,Daylight,NA,NONE DETECTED,No,NA,NA,NA,NA,Passenger Car,Moving Constant Speed,0,No,2018,CHEVROLET,TAHOE,39.15543202,-77.16567948,2025,5,13
250020759,Property Damage Crash,05/11/2025 01:07:00 PM,NA,NA,Front to Rear,Clear,NA,Daylight,NA,NONE DETECTED,Yes,No Apparent Injury,NA,Unknown,MD,Passenger Car,Backing,0,No,2003,CHEVROLET,SUBURBAN,39.13392748,-77.14589905,2025,5,13
250021256,Property Damage Crash,05/11/2025 11:14:00 AM,NA,NA,Rear To Rear,Clear,NA,Daylight,NA,NONE DETECTED,Yes,No Apparent Injury,Improper Backing,Unknown,MD,Sport Utility Vehicle,Backing,0,No,2004,LEXUS,RX,39.1807307,-77.26720141,2025,5,11
250021256,Property Damage Crash,05/11/2025 11:14:00 AM,NA,NA,Rear To Rear,Clear,NA,Daylight,NA,NONE DETECTED,No,No Apparent Injury,NA,Not Distracted,MD,Sport Utility Vehicle,Backing,0,No,2019,MAZDA,CX-5,39.1807307,-77.26720141,2025,5,11
250020740,Property Damage Crash,05/11/2025 10:44:00 AM,TUCKERMAN LA (EB/L),NA,Angle,Clear,Dry,Daylight,Traffic Control Signal,NONE DETECTED,Yes,No Apparent Injury,NA,Not Distracted,MD,Passenger Car,Moving Constant Speed,35,No,2017,SUBARU,OUTBACK,39.03437836,-77.12497334,2025,5,10
250020740,Property Damage Crash,05/11/2025 10:44:00 AM,TUCKERMAN LA (EB/L),NA,Angle,Clear,Dry,Daylight,Traffic Control Signal,NONE DETECTED,No,No Apparent Injury,NA,Not Distracted,MD,Other,Moving Constant Speed,35,No,2020,FREIGHTLINER,M2,39.03437836,-77.12497334,2025,5,10
250020718,Property Damage Crash,05/11/2025 05:00:00 AM,NA,NA,"Sideswipe, Same Direction",Clear,Dry,Medium,No Controls,NONE DETECTED,Yes,No Apparent Injury,NA,Not Distracted,NA,Passenger Car,Leaving Traffic Lane,30,No,2008,MITSUBISHI,LANCER,39.07136258,-77.09864021,2025,5,5
250020714,Injury Crash,05/11/2025 04:15:00 AM,PINEY BRANCH RD,NA,Front to Front,Clear,Dry,Medium,No Controls,NONE DETECTED,No,No Apparent Injury,NA,Not Distracted,MD,Passenger Car,Entering Traffic Lane,30,No,2022,TOYOTA,CAMRY,39.00130823,-76.9866518,2025,5,4
250020714,Injury Crash,05/11/2025 04:15:00 AM,PINEY BRANCH RD,NA,Front to Front,Clear,Dry,Medium,No Controls,NONE DETECTED,No,No Apparent Injury,NA,Not Distracted,MD,Passenger Car,Moving Constant Speed,30,No,2015,CHEVROLET,CRUZE,39.00130823,-76.9866518,2025,5,4
250020702,Property Damage Crash,05/11/2025 01:11:00 AM,BEALLSVILLE RD,NA,Single Vehicle,Clear,Dry,Dark,"Other Pavement Marking (excluding edgelines, centerlines, or lane lines)",NONE DETECTED,No,No Apparent Injury,"Failed to Keep in Proper Lane, Ran Off Roadway",Unknown,MD,Passenger Car,NA,30,No,2006,TOYOTA,SCION TC,39.15229089,-77.41614234,2025,5,1
250020695,Property Damage Crash,05/11/2025 12:44:00 AM,E RANDOLPH RD (WB/L),NA,Single Vehicle,Clear,Dry,Dark,No Controls,NONE DETECTED,No,No Apparent Injury,NA,Not Distracted,MD,Passenger Car,Moving Constant Speed,35,No,2021,TOYOTA,CAMRY,39.06589371,-76.97390197,2025,5,0
250020700,Property Damage Crash,05/11/2025 12:32:00 AM,UNIVERSITY BLVD W,NA,Single Vehicle,Clear,Dry,Medium,Traffic Control Signal,ALCOHOL PRESENT,Yes,No Apparent Injury,Wrong Way,Unknown,MD,Passenger Car,Turning Left,35,No,2014,HYUNDAI,SANTA FE,39.01984166,-77.01328143,2025,5,0
250020684,Property Damage Crash,05/10/2025 09:16:00 PM,NA,NA,Single Vehicle,Clear,Dry,Dark,No Controls,ALCOHOL PRESENT,Yes,No Apparent Injury,NA,Not Distracted,MD,Passenger Car,Moving Constant Speed,35,No,2018,VOLVO,S60,39.16266995,-77.19218489,2025,5,21
250020678,Property Damage Crash,05/10/2025 09:10:00 PM,MARYLAND AVE,NA,Other,Clear,Dry,Medium,No Controls,ALCOHOL PRESENT,No,No Apparent Injury,NA,Not Distracted,NY,Sport Utility Vehicle,Moving Constant Speed,35,No,2021,HONDA,CR-V,39.08634068,-77.15096717,2025,5,21
250020676,Injury Crash,05/10/2025 09:01:00 PM,RAMP 1 FR IS 270 NB TO MD 117 WB,Pedestrian,Single Vehicle,Clear,Dry,Medium,Traffic Control Signal,NONE DETECTED,No,No Apparent Injury,NA,Unknown,MD,Sport Utility Vehicle,Turning Right,35,No,2016,FORD,ESCAPE,39.14068682,-77.21070021,2025,5,21
250020660,Injury Crash,05/10/2025 07:30:00 PM,GEORGIA AVE,NA,Single Vehicle,Clear,Dry,Daylight,No Controls,NONE DETECTED,Yes,Possible Minor Injury,Other Improper Action,Not Distracted,MD,Passenger Car,Moving Constant Speed,45,No,2024,NISSAN,PATHFINDER,39.12724933,-77.071854,2025,5,19
250020659,Injury Crash,05/10/2025 07:25:00 PM,EMORY GROVE RD,Pedestrian,Single Vehicle,Clear,Dry,Daylight,No Controls,NONE DETECTED,Yes,No Apparent Injury,Improper Passing,Not Distracted,MD,Passenger Car,Overtaking/Passing,25,No,2025,HONDA,CIVIC,39.15325669,-77.17374858,2025,5,19
250020653,Injury Crash,05/10/2025 06:12:00 PM,FAIRFAX RD,NA,Angle,Clear,Dry,Daylight,Stop Sign,NONE DETECTED,No,Possible Minor Injury,NA,Unknown,DC,Passenger Car,Accelerating,35,No,2013,MAZDA,MAZDA2,38.98311807,-77.10519145,2025,5,18
250020653,Injury Crash,05/10/2025 06:12:00 PM,FAIRFAX RD,NA,Angle,Clear,Dry,Daylight,Stop Sign,NONE DETECTED,Yes,No Apparent Injury,"Failed to Yield Right-of-Way, Operated Motor Vehicle in Inattentive, Careless, Negligent, or Erratic Manner, Other Improper Action",Unknown,MD,Passenger Car,Accelerating,35,No,2008,CADILLAC,SRX,38.98311807,-77.10519145,2025,5,18
250020634,Injury Crash,05/10/2025 03:43:00 PM,NA,NA,Front to Front,Clear,Dry,Daylight,No Controls,NONE DETECTED,Yes,Possible Minor Injury,NA,"Other Action (looking away from task, etc.)",MD,Sport Utility Vehicle,Moving Constant Speed,35,No,2018,LEXUS,RX,39.0211515,-77.20779367,2025,5,15
250020634,Injury Crash,05/10/2025 03:43:00 PM,NA,NA,Front to Front,Clear,Dry,Daylight,No Controls,NONE DETECTED,No,Possible Minor Injury,NA,Not Distracted,MD,Sport Utility Vehicle,Moving Constant Speed,35,No,2017,HONDA,CR-V,39.0211515,-77.20779367,2025,5,15
250020638,Property Damage Crash,05/10/2025 03:37:00 PM,BOARDWALK PL,NA,Front to Rear,Clear,Dry,Daylight,No Controls,NONE DETECTED,No,NA,NA,NA,NA,Passenger Car,NA,25,No,2011,LEXUS,ES,39.11622339,-77.19786089,2025,5,15
250020638,Property Damage Crash,05/10/2025 03:37:00 PM,BOARDWALK PL,NA,Front to Rear,Clear,Dry,Daylight,No Controls,NONE DETECTED,No,No Apparent Injury,NA,Not Distracted,MD,Passenger Car,NA,25,No,2014,LEXUS,ES,39.11622339,-77.19786089,2025,5,15
250020635,Property Damage Crash,05/10/2025 01:30:00 PM,WISCONSIN AVE (SB/L),NA,"Sideswipe, Same Direction",Clear,Dry,Daylight,No Controls,NONE DETECTED,No,NA,NA,NA,NA,Other Trucks,Negotiating a Curve,25,No,2012,FORD,E-450,38.97952345,-77.09206158,2025,5,13
250020605,Property Damage Crash,05/10/2025 11:35:00 AM,ASPEN HILL RD,NA,Rear To Side,Clear,Dry,Daylight,Stop Sign,NONE DETECTED,Yes,No Apparent Injury,Failed to Yield Right-of-Way,Unknown,MD,Passenger Car,Turning Left,5,No,2005,MERCEDES-BENZ,E-CLASS,39.08028377,-77.07886139,2025,5,11
250020605,Property Damage Crash,05/10/2025 11:35:00 AM,ASPEN HILL RD,NA,Rear To Side,Clear,Dry,Daylight,Pedestrian Crossing Sign,NONE DETECTED,No,No Apparent Injury,NA,Not Distracted,MD,Sport Utility Vehicle,Moving Constant Speed,35,No,2022,TOYOTA,HIGHLANDER,39.08028377,-77.07886139,2025,5,11
250020600,Injury Crash,05/10/2025 11:23:00 AM,SANDY SPRING RD,NA,"Sideswipe, Opposite Direction",Clear,Dry,Daylight,Traffic Control Signal,NONE DETECTED,Yes,No Apparent Injury,NA,Unknown,MD,Passenger Car,Slowing or Stopping,40,No,2012,CHEVROLET,EXPRESS,39.11156376,-76.92878466,2025,5,11
250020600,Injury Crash,05/10/2025 11:23:00 AM,SANDY SPRING RD,NA,"Sideswipe, Opposite Direction",Clear,Dry,Daylight,Traffic Control Signal,NONE DETECTED,No,Suspected Serious Injury,NA,Not Distracted,MD,Passenger Car,Turning Left,40,No,2018,HONDA,CIVIC,39.11156376,-76.92878466,2025,5,11
250020593,Property Damage Crash,05/10/2025 10:46:00 AM,RIDGE RD (SB/L),NA,Angle,Clear,Dry,Daylight,No Controls,NONE DETECTED,Yes,No Apparent Injury,Failed to Yield Right-of-Way,Unknown,MD,Sport Utility Vehicle,Turning Left,40,No,2012,SUBARU,FORESTER,39.2468156,-77.23411332,2025,5,10
250020593,Property Damage Crash,05/10/2025 10:46:00 AM,RIDGE RD (SB/L),NA,Angle,Clear,Dry,Daylight,No Controls,NONE DETECTED,No,No Apparent Injury,NA,Not Distracted,MD,Sport Utility Vehicle,Moving Constant Speed,40,No,2015,FORD,ESCAPE,39.2468156,-77.23411332,2025,5,10
250020589,Property Damage Crash,05/10/2025 10:06:00 AM,NA,NA,Angle,Clear,Dry,Daylight,Stop Sign,NONE DETECTED,Yes,No Apparent Injury,Failed to Yield Right-of-Way,Not Distracted,MD,Pickup,Turning Left,5,No,2000,CHEVROLET,GMT-400,39.08515559,-77.07856596,2025,5,10
250020589,Property Damage Crash,05/10/2025 10:06:00 AM,NA,NA,Angle,Clear,Dry,Daylight,Intersection Ahead Warning Sign,NONE DETECTED,No,No Apparent Injury,NA,Not Distracted,MD,Passenger Car,Moving Constant Speed,45,No,2005,TOYOTA,CAMRY,39.08515559,-77.07856596,2025,5,10
250020587,Property Damage Crash,05/10/2025 09:53:00 AM,VEIRS MILL RD,NA,Front to Rear,Clear,Dry,Daylight,No Controls,NONE DETECTED,No,No Apparent Injury,NA,Not Distracted,MD,Station Wagon,Slowing or Stopping,40,No,2013,HONDA,FIT,39.05288866,-77.07680056,2025,5,9
250020587,Property Damage Crash,05/10/2025 09:53:00 AM,VEIRS MILL RD,NA,Front to Rear,Clear,Dry,Daylight,No Controls,NONE DETECTED,No,No Apparent Injury,NA,Not Distracted,MD,Passenger Car,Stopped in Traffic,40,No,2016,TOYOTA,SCION IA,39.05288866,-77.07680056,2025,5,9
250020585,Injury Crash,05/10/2025 09:35:00 AM,COLUMBIA PIKE,NA,Angle,Clear,Dry,Daylight,Traffic Control Signal,NONE DETECTED,No,Possible Minor Injury,NA,Not Distracted,MD,Passenger Car,Turning Left,30,No,2014,TOYOTA,COROLLA,39.05610649,-76.9712593,2025,5,9
250020585,Injury Crash,05/10/2025 09:35:00 AM,COLUMBIA PIKE,NA,Angle,Clear,Dry,Daylight,Traffic Control Signal,NONE DETECTED,Yes,No Apparent Injury,Ran Red Light,Unknown,MD,Passenger Car,Moving Constant Speed,40,No,2022,HONDA,INSIGHT,39.05610649,-76.9712593,2025,5,9
250020581,Property Damage Crash,05/10/2025 09:17:00 AM,FREDERICK RD (SB/L),NA,Single Vehicle,Clear,Dry,Daylight,Traffic Control Signal,NONE DETECTED,Yes,No Apparent Injury,Other Improper Action,Unknown,MD,Motorcycle - 2 Wheeled,Turning Left,45,No,2014,HONDA,GL1800,39.20440964,-77.24619633,2025,5,9
250020575,Injury Crash,05/10/2025 08:24:00 AM,FREDERICK RD,NA,Angle,Clear,Dry,Daylight,Traffic Control Signal,NONE DETECTED,No,No Apparent Injury,NA,Not Distracted,MD,Passenger Car,Turning Left,35,No,2015,CHRYSLER,200,39.15018576,-77.2089142,2025,5,8
250020575,Injury Crash,05/10/2025 08:24:00 AM,FREDERICK RD,NA,Angle,Clear,Dry,Daylight,Traffic Control Signal,NONE DETECTED,No,No Apparent Injury,NA,Not Distracted,MD,Passenger Car,Turning Left,35,No,2011,NISSAN,ROGUE,39.15018576,-77.2089142,2025,5,8
250020572,Property Damage Crash,05/10/2025 08:06:00 AM,FREDERICK RD,NA,Angle,Clear,Dry,Daylight,No Controls,NONE DETECTED,No,No Apparent Injury,NA,Unknown,MD,Single-Unit Truck,Turning Left,40,No,2013,INTERNATIONAL,MA035,39.22461833,-77.26191283,2025,5,8
250020572,Property Damage Crash,05/10/2025 08:06:00 AM,FREDERICK RD,NA,Angle,Clear,Dry,Daylight,No Controls,NONE DETECTED,Yes,No Apparent Injury,"Failed to Keep in Proper Lane, Improper Passing, Wrong Side",Unknown,MD,Passenger Car,Accelerating,40,No,2010,TOYOTA,PRIUS,39.22461833,-77.26191283,2025,5,8
250020567,Property Damage Crash,05/10/2025 07:05:00 AM,LOCKWOOD DR,NA,Angle,Clear,Dry,Daylight,Stop Sign,NONE DETECTED,No,NA,NA,NA,NA,Passenger Car,Turning Left,30,No,2010,HONDA,CIVIC,39.03893217,-76.99212891,2025,5,7
250020567,Property Damage Crash,05/10/2025 07:05:00 AM,LOCKWOOD DR,NA,Angle,Clear,Dry,Daylight,No Controls,NONE DETECTED,No,No Apparent Injury,NA,Not Distracted,MD,Passenger Car,Moving Constant Speed,30,No,2012,TOYOTA,HIGHLANDER,39.03893217,-76.99212891,2025,5,7
250020557,Property Damage Crash,05/10/2025 04:15:00 AM,NA,NA,Single Vehicle,Clear,Dry,Dark,No Controls,NONE DETECTED,Yes,No Apparent Injury,NA,Not Distracted,MD,Passenger Car,Negotiating a Curve,35,No,2018,HONDA,ACCORD,39.20323758,-77.18718322,2025,5,4
250020553,Property Damage Crash,05/10/2025 03:45:00 AM,RETAIL PL,NA,Front to Rear,Clear,Dry,Medium,Stop Sign,NONE DETECTED,No,No Apparent Injury,NA,Not Distracted,MD,Passenger Car,Slowing or Stopping,15,No,2016,TOYOTA,RAV4,39.1743285,-77.204947,2025,5,3
250020549,Injury Crash,05/10/2025 12:05:00 AM,WILDCAT RD,NA,Single Vehicle,Clear,Wet,Dark,No Controls,ALCOHOL PRESENT,Yes,Possible Minor Injury,NA,Unknown,MD,Sport Utility Vehicle,Negotiating a Curve,25,No,2007,AUDI,Q7,39.22587567,-77.20663117,2025,5,0
250020541,Property Damage Crash,05/09/2025 10:35:00 PM,ROCKVILLE PIKE (SB/L),NA,Front to Rear,Clear,Dry,Medium,Traffic Control Signal,NONE DETECTED,No,No Apparent Injury,NA,Not Distracted,MD,Passenger Car,Stopped in Traffic,35,No,2019,HONDA,CIVIC,39.08162205,-77.14619891,2025,5,22
250020541,Property Damage Crash,05/09/2025 10:35:00 PM,ROCKVILLE PIKE (SB/L),NA,Front to Rear,Clear,Dry,Medium,Traffic Control Signal,NONE DETECTED,No,NA,NA,NA,NA,NA,Moving Constant Speed,35,No,0,NA,NA,39.08162205,-77.14619891,2025,5,22
250020540,Property Damage Crash,05/09/2025 10:00:00 PM,NA,NA,Front to Rear,Clear,NA,Medium,NA,NONE DETECTED,No,NA,NA,NA,NA,Passenger Car,Backing,0,No,2008,TOYOTA,COROLLA,38.98732515,-76.98763461,2025,5,22
250020543,Property Damage Crash,05/09/2025 09:30:00 PM,ROCKVILLE PIKE,NA,Front to Rear,Clear,Dry,Medium,Traffic Control Signal,NONE DETECTED,No,No Apparent Injury,NA,Not Distracted,MD,Passenger Car,Turning Left,35,No,2015,HONDA,ACCORD,39.055065,-77.11819784,2025,5,21
250020543,Property Damage Crash,05/09/2025 09:30:00 PM,ROCKVILLE PIKE,NA,Front to Rear,Clear,Dry,Medium,Traffic Control Signal,NONE DETECTED,No,No Apparent Injury,NA,NA,NA,Passenger Car,NA,35,No,2017,HONDA,ACCORD,39.055065,-77.11819784,2025,5,21
250020525,Property Damage Crash,05/09/2025 07:06:00 PM,PINEY BRANCH RD,NA,"Sideswipe, Same Direction",Clear,Dry,Daylight,No Controls,NONE DETECTED,No,No Apparent Injury,NA,Not Distracted,DC,Passenger Car,Moving Constant Speed,35,No,2021,BMW,228I,38.99944937,-76.99562293,2025,5,19
250020525,Property Damage Crash,05/09/2025 07:06:00 PM,PINEY BRANCH RD,NA,"Sideswipe, Same Direction",Clear,Dry,Daylight,No Controls,NONE DETECTED,Yes,No Apparent Injury,NA,Unknown,MD,Passenger Car,Moving Constant Speed,35,No,2021,TESLA,MODEL 3,38.99944937,-76.99562293,2025,5,19
250020526,Injury Crash,05/09/2025 07:00:00 PM,RAMP 6 FR RP 3 (FR MD200 EB) TO MD650 SB,NA,Front to Rear,Clear,Dry,Daylight,Traffic Control Signal,NONE DETECTED,Yes,No Apparent Injury,NA,Not Distracted,MD,Passenger Car,Entering Traffic Lane,45,No,2017,HYUNDAI,SANTA FE,39.08766495,-76.99951254,2025,5,19
250020526,Injury Crash,05/09/2025 07:00:00 PM,RAMP 6 FR RP 3 (FR MD200 EB) TO MD650 SB,NA,Front to Rear,Clear,Dry,Daylight,Traffic Control Signal,NONE DETECTED,No,Possible Minor Injury,NA,Not Distracted,MD,Passenger Car,Entering Traffic Lane,45,No,2019,HONDA,ACCORD,39.08766495,-76.99951254,2025,5,19
250020514,Property Damage Crash,05/09/2025 05:48:00 PM,NA,NA,Single Vehicle,Clear,NA,Daylight,NA,NONE DETECTED,No,No Apparent Injury,NA,Not Distracted,MD,Passenger Car,Moving Constant Speed,0,No,2020,DODGE,CHARGER,38.98402528,-77.09884601,2025,5,17
250020510,Injury Crash,05/09/2025 05:42:00 PM,WASHINGTONIAN BLVD,Pedestrian,Single Vehicle,Clear,Dry,Daylight,Pedestrian Crossing Sign,NONE DETECTED,No,No Apparent Injury,Failed to Yield Right-of-Way,Unknown,MD,Passenger Car,Moving Constant Speed,25,No,2019,HONDA,CR-V,39.11645959,-77.19923171,2025,5,17
250020508,Property Damage Crash,05/09/2025 05:30:00 PM,W DIAMOND AVE (WB/L),NA,Front to Rear,Clear,Dry,Daylight,No Controls,NONE DETECTED,No,No Apparent Injury,NA,Not Distracted,MD,Passenger Car,Moving Constant Speed,35,No,2008,LEXUS,IS,39.1403235,-77.20703117,2025,5,17