Local Case Number,ACRS Report Type,Crash Date/Time,Road Name,Related Non-Motorist,Collision Type,Weather,Surface Condition,Light,Traffic Control,Driver Substance Abuse,Driver At Fault,Injury Severity,Circumstance,Driver Distracted By,Drivers License State,Vehicle Body Type,Vehicle Movement,Speed Limit,Driverless Vehicle,Vehicle Year,Vehicle Make,Vehicle Model,Latitude,Longitude,Year,Month,Hour
250020508,Property Damage Crash,05/09/2025 05:30:00 PM,W DIAMOND AVE (WB/L),NA,Front to Rear,Clear,Dry,Daylight,No Controls,ALCOHOL PRESENT,Yes,No Apparent Injury,"Followed Too Closely, Operated Motor Vehicle in Inattentive, Careless, Negligent, or Erratic Manner, Too Fast For Conditions",Unknown,MD,Passenger Car,Moving Constant Speed,35,No,2017,TOYOTA,COROLLA,39.1403235,-77.20703117,2025,5,17
250020509,Injury Crash,05/09/2025 05:23:00 PM,TRAVILAH RD,NA,Single Vehicle,Clear,Dry,Daylight,No Controls,NONE DETECTED,No,Possible Minor Injury,NA,Unknown,MD,Passenger Car,Moving Constant Speed,30,No,2007,TOYOTA,RAV4,39.08534924,-77.22339994,2025,5,17
250021120,Property Damage Crash,05/09/2025 05:00:00 PM,NA,NA,"Sideswipe, Same Direction",Clear,NA,Daylight,NA,NONE DETECTED,No,No Apparent Injury,NA,Not Distracted,MD,Passenger Car,Parked,0,No,2024,HYUNDAI,IONIQ 5,39.06430451,-76.9659887,2025,5,17
250021120,Property Damage Crash,05/09/2025 05:00:00 PM,NA,NA,"Sideswipe, Same Direction",Clear,NA,Daylight,NA,NONE DETECTED,Yes,NA,NA,NA,NA,Passenger Car,Accelerating,0,No,2021,TOYOTA,SIENNA,39.06430451,-76.9659887,2025,5,17
250020502,Injury Crash,05/09/2025 04:48:00 PM,GEORGIA AVE,Pedestrian,Single Vehicle,Clear,Dry,Daylight,No Controls,NONE DETECTED,No,NA,NA,NA,NA,Passenger Car,Backing,15,No,2013,FORD,TAURUS,39.08463197,-77.07799855,2025,5,16
250020493,Injury Crash,05/09/2025 03:50:00 PM,GALT AVE,NA,Angle,Clear,Dry,Daylight,Stop Sign,NONE DETECTED,No,Possible Minor Injury,NA,Not Distracted,MD,Passenger Car,Moving Constant Speed,20,No,2013,HONDA,CIVIC,39.04585633,-77.055294,2025,5,15
250020493,Injury Crash,05/09/2025 03:50:00 PM,GALT AVE,NA,Angle,Clear,Dry,Daylight,Stop Sign,NONE DETECTED,No,No Apparent Injury,NA,Unknown,NA,Passenger Car,Moving Constant Speed,20,No,2019,TOYOTA,HIGHLANDER,39.04585633,-77.055294,2025,5,15
250020487,Property Damage Crash,05/09/2025 03:36:00 PM,NEWTON ST,NA,Other,Cloudy,Dry,Daylight,Stop Sign,NONE DETECTED,No,No Apparent Injury,"Disregarded Other Road Markings, Disregarded Other Traffic Sign, Failed to Keep in Proper Lane, Operated Motor Vehicle in Inattentive, Careless, Negligent, or Erratic Manner, Operated Motor Vehicle in Reckless or Aggressive Manner, Over-Correcting/Over-Steering, Ran Off Roadway",Unknown,NA,Passenger Car,Accelerating,25,No,2009,CHEVROLET,EXPRESS,39.057568,-77.0563205,2025,5,15
250020498,Property Damage Crash,05/09/2025 03:19:00 PM,RAMP 3 FR SHADY GROVE RD EB TO IS 270 NB,NA,"Sideswipe, Same Direction",Clear,Dry,Daylight,No Controls,NONE DETECTED,No,No Apparent Injury,NA,Not Distracted,MD,Passenger Car,Moving Constant Speed,40,No,2018,NISSAN,ALTIMA,39.11133777,-77.18730852,2025,5,15
250020498,Property Damage Crash,05/09/2025 03:19:00 PM,RAMP 3 FR SHADY GROVE RD EB TO IS 270 NB,NA,"Sideswipe, Same Direction",Clear,Dry,Daylight,No Controls,NONE DETECTED,Yes,No Apparent Injury,Failed to Yield Right-of-Way,Not Distracted,MD,Sport Utility Vehicle,Changing Lanes,40,No,2015,JEEP,CHEROKEE,39.11133777,-77.18730852,2025,5,15
250020466,Property Damage Crash,05/09/2025 01:26:00 PM,SHADY GROVE RD (SB/L),NA,Angle,Cloudy,Dry,Daylight,Traffic Control Signal,NONE DETECTED,No,No Apparent Injury,NA,Not Distracted,MD,Passenger Car,Turning Left,25,No,2023,NISSAN,ROGUE,39.10944667,-77.18831514,2025,5,13
250020466,Property Damage Crash,05/09/2025 01:26:00 PM,SHADY GROVE RD (SB/L),NA,Angle,Cloudy,Dry,Daylight,Traffic Control Signal,NONE DETECTED,No,NA,NA,NA,NA,NA,Moving Constant Speed,35,No,0,NA,NA,39.10944667,-77.18831514,2025,5,13
250020462,Property Damage Crash,05/09/2025 12:45:00 PM,NA,NA,Angle,Cloudy,NA,Daylight,NA,NONE DETECTED,No,No Apparent Injury,"Operated Motor Vehicle in Inattentive, Careless, Negligent, or Erratic Manner",Unknown,NA,Passenger Car,Backing,0,No,2015,HONDA,CIVIC,39.0325231,-77.0758124,2025,5,12
250020455,Property Damage Crash,05/09/2025 12:40:00 PM,RIDGE RD (NB/L),NA,Front to Rear,Cloudy,Wet,Daylight,No Controls,NONE DETECTED,No,No Apparent Injury,NA,Not Distracted,MD,Passenger Car,Stopped in Traffic,40,No,2017,HONDA,CIVIC,39.2006336,-77.2572648,2025,5,12
250020455,Property Damage Crash,05/09/2025 12:40:00 PM,RIDGE RD (NB/L),NA,Front to Rear,Cloudy,Wet,Daylight,No Controls,NONE DETECTED,Yes,No Apparent Injury,Followed Too Closely,Not Distracted,MD,Passenger Car,Moving Constant Speed,40,No,2017,TOYOTA,SIENNA,39.2006336,-77.2572648,2025,5,12
250020439,Injury Crash,05/09/2025 11:10:00 AM,ROCKVILLE PIKE (SB/L),NA,Angle,Clear,Dry,Daylight,No Controls,NONE DETECTED,Yes,Possible Minor Injury,NA,Unknown,MD,Passenger Car,Moving Constant Speed,35,No,2024,HYUNDAI,TUCSON,39.05918788,-77.12175748,2025,5,11
250020439,Injury Crash,05/09/2025 11:10:00 AM,ROCKVILLE PIKE (SB/L),NA,Angle,Clear,Dry,Daylight,No Controls,NONE DETECTED,No,No Apparent Injury,NA,Not Distracted,MD,Passenger Car,Moving Constant Speed,35,No,2017,FORD,MUSTANG,39.05918788,-77.12175748,2025,5,11
250020439,Injury Crash,05/09/2025 11:10:00 AM,ROCKVILLE PIKE (SB/L),NA,Angle,Clear,Dry,Daylight,No Controls,NONE DETECTED,No,No Apparent Injury,NA,Not Distracted,MD,Passenger Car,Moving Constant Speed,35,No,2022,BMW,IX,39.05918788,-77.12175748,2025,5,11
250020463,Property Damage Crash,05/09/2025 10:32:00 AM,UNIVERSITY BLVD W (WB/L),NA,"Sideswipe, Same Direction",Cloudy,Wet,Daylight,No Controls,NONE DETECTED,No,No Apparent Injury,NA,Not Distracted,MD,Passenger Car,Moving Constant Speed,35,No,2021,HONDA,PILOT,39.03423749,-77.07188121,2025,5,10
250020463,Property Damage Crash,05/09/2025 10:32:00 AM,UNIVERSITY BLVD W (WB/L),NA,"Sideswipe, Same Direction",Cloudy,Wet,Daylight,No Controls,NONE DETECTED,No,NA,NA,NA,NA,Passenger Car,Moving Constant Speed,35,No,2018,TOYOTA,CAMRY,39.03423749,-77.07188121,2025,5,10
250020742,Property Damage Crash,05/09/2025 10:00:00 AM,GARLAND AVE,NA,"Sideswipe, Same Direction",Clear,Dry,Daylight,No Controls,NONE DETECTED,No,No Apparent Injury,Improper Passing,Unknown,NA,Passenger Car,Parked,0,No,2021,HONDA,CR-V,38.98549677,-76.9948447,2025,5,10
250020742,Property Damage Crash,05/09/2025 10:00:00 AM,GARLAND AVE,NA,"Sideswipe, Same Direction",Clear,Dry,Daylight,No Controls,NONE DETECTED,No,No Apparent Injury,Improper Passing,Not Distracted,NA,Van - Cargo,Moving Constant Speed,15,No,2006,FORD,E-350,38.98549677,-76.9948447,2025,5,10
250020425,Injury Crash,05/09/2025 09:30:00 AM,MUNCASTER MILL RD,Pedestrian,Unknown,Rain,Wet,Daylight,Pedestrian Crossing,NONE DETECTED,No,No Apparent Injury,NA,Not Distracted,WV,Passenger Car,Accelerating,35,No,2011,TOYOTA,SIENNA,39.10891144,-77.08008727,2025,5,9
250020420,Property Damage Crash,05/09/2025 08:31:00 AM,ROCKVILLE PIKE (SB/L),NA,Angle,Rain,Wet,Daylight,No Controls,NONE DETECTED,No,No Apparent Injury,NA,Not Distracted,MD,Bus - Transit,Changing Lanes,35,No,2022,NEW FLYER,XCELSIOR,38.99768429,-77.09678062,2025,5,8
250020420,Property Damage Crash,05/09/2025 08:31:00 AM,ROCKVILLE PIKE (SB/L),NA,Angle,Rain,Wet,Daylight,No Controls,NONE DETECTED,No,No Apparent Injury,NA,Not Distracted,MD,Passenger Car,Moving Constant Speed,35,No,2024,HONDA,ACCORD,38.99768429,-77.09678062,2025,5,8
250020412,Property Damage Crash,05/09/2025 07:56:00 AM,EAST WEST HWY,NA,Rear To Side,Rain,Wet,Daylight,No Controls,NONE DETECTED,No,No Apparent Injury,NA,Not Distracted,MD,Passenger Car,Moving Constant Speed,35,No,2020,NISSAN,ROGUE,38.99304867,-77.06514989,2025,5,7
250020412,Property Damage Crash,05/09/2025 07:56:00 AM,EAST WEST HWY,NA,Rear To Side,Rain,Wet,Daylight,No Controls,NONE DETECTED,Yes,No Apparent Injury,NA,Not Distracted,MD,Passenger Car,Making U-Turn,35,No,2017,VOLVO,XC60,38.99304867,-77.06514989,2025,5,7
250020411,Property Damage Crash,05/09/2025 07:54:00 AM,S FREDERICK RD,NA,"Sideswipe, Same Direction",Rain,Wet,Daylight,No Controls,NONE DETECTED,No,No Apparent Injury,NA,Not Distracted,MD,Passenger Car,Moving Constant Speed,30,No,2015,TOYOTA,COROLLA,39.13986627,-77.19642975,2025,5,7
250020411,Property Damage Crash,05/09/2025 07:54:00 AM,S FREDERICK RD,NA,"Sideswipe, Same Direction",Rain,Wet,Daylight,No Controls,NONE DETECTED,Yes,No Apparent Injury,NA,Not Distracted,MD,Passenger Car,Entering Traffic Lane,30,No,2013,HONDA,CR-V,39.13986627,-77.19642975,2025,5,7
250020416,Property Damage Crash,05/09/2025 07:50:00 AM,FIRST ST (WB/L),NA,Angle,Rain,Wet,Daylight,Traffic Control Signal,NONE DETECTED,No,NA,NA,NA,NA,NA,Turning Left,30,No,0,NA,NA,39.08454042,-77.13627179,2025,5,7
250020416,Property Damage Crash,05/09/2025 07:50:00 AM,FIRST ST (WB/L),NA,Angle,Rain,Wet,Daylight,Traffic Control Signal,NONE DETECTED,No,No Apparent Injury,NA,Not Distracted,MD,Passenger Car,Moving Constant Speed,35,No,2014,FORD,FOCUS,39.08454042,-77.13627179,2025,5,7
250020409,Property Damage Crash,05/09/2025 07:35:00 AM,METRORAIL TRACK B2 RAIL,NA,Front to Rear,Rain,Wet,Daylight,No Controls,NONE DETECTED,No,No Apparent Injury,NA,Not Distracted,MD,Passenger Car,Stopped in Traffic,35,No,2015,TOYOTA,PRIUS,39.00395767,-77.04014883,2025,5,7
250020409,Property Damage Crash,05/09/2025 07:35:00 AM,METRORAIL TRACK B2 RAIL,NA,Front to Rear,Rain,Wet,Daylight,No Controls,NONE DETECTED,No,No Apparent Injury,NA,Not Distracted,MD,Passenger Car,Stopped in Traffic,35,No,2020,TOYOTA,CAMRY,39.00395767,-77.04014883,2025,5,7
250020409,Property Damage Crash,05/09/2025 07:35:00 AM,METRORAIL TRACK B2 RAIL,NA,Front to Rear,Rain,Wet,Daylight,No Controls,NONE DETECTED,No,No Apparent Injury,NA,Not Distracted,MD,Sport Utility Vehicle,Stopped in Traffic,35,No,2022,NISSAN,ROGUE,39.00395767,-77.04014883,2025,5,7
250020409,Property Damage Crash,05/09/2025 07:35:00 AM,METRORAIL TRACK B2 RAIL,NA,Front to Rear,Rain,Wet,Daylight,No Controls,NONE DETECTED,Yes,No Apparent Injury,Followed Too Closely,Unknown,MD,Van - Cargo,Slowing or Stopping,35,No,2005,CHEVROLET,EXPRESS,39.00395767,-77.04014883,2025,5,7
250020407,Injury Crash,05/09/2025 07:23:00 AM,NA,NA,Angle,Rain,Wet,Daylight,Traffic Control Signal,NONE DETECTED,Yes,No Apparent Injury,NA,Not Distracted,MD,Passenger Car,Turning Left,30,No,2023,TOYOTA,HIGHLANDER,39.08572878,-77.17075025,2025,5,7
250020407,Injury Crash,05/09/2025 07:23:00 AM,NA,NA,Angle,Rain,Wet,Daylight,Traffic Control Signal,NONE DETECTED,No,Possible Minor Injury,NA,Not Distracted,MD,Passenger Car,Moving Constant Speed,30,No,2016,HONDA,FIT,39.08572878,-77.17075025,2025,5,7
250020405,Injury Crash,05/09/2025 06:49:00 AM,WESTBARD AVE,Pedestrian,Single Vehicle,Rain,Wet,Daylight,Traffic Control Signal,NONE DETECTED,No,No Apparent Injury,NA,Not Distracted,PA,Passenger Car,Turning Left,35,No,2018,JEEP,COMPASS,38.96370034,-77.10657709,2025,5,6
250020458,Property Damage Crash,05/09/2025 06:30:00 AM,NA,NA,Single Vehicle,Cloudy,NA,Daylight,NA,NONE DETECTED,No,No Apparent Injury,NA,Unknown,MD,Passenger Car,Parked,0,No,2025,CHEVROLET,MALIBU,39.1028407,-77.2915693,2025,5,6
250020401,Property Damage Crash,05/09/2025 03:37:00 AM,NA,NA,Single Vehicle,Rain,Wet,Medium,Traffic Control Signal,NONE DETECTED,No,No Apparent Injury,"Failed to Keep in Proper Lane, Ran Off Roadway, Too Fast For Conditions",Unknown,MD,Sport Utility Vehicle,Moving Constant Speed,25,No,2019,ACURA,MDX,39.11629722,-77.20748484,2025,5,3
250020777,Property Damage Crash,05/09/2025 02:42:00 AM,SANDY LAKE DR,NA,Single Vehicle,Rain,Wet,Medium,No Controls,NONE DETECTED,No,No Apparent Injury,NA,NA,NA,Passenger Car,Moving Constant Speed,0,No,0,NA,NA,39.17488818,-77.19038208,2025,5,2
250020395,Property Damage Crash,05/09/2025 01:10:00 AM,NEW HAMPSHIRE AVE,NA,Single Vehicle,Clear,Dry,Medium,No Controls,NONE DETECTED,Yes,No Apparent Injury,"Failed to Keep in Proper Lane, Operated Motor Vehicle in Inattentive, Careless, Negligent, or Erratic Manner, Operated Motor Vehicle in Reckless or Aggressive Manner, Over-Correcting/Over-Steering, Too Fast For Conditions",Unknown,MD,Passenger Car,Moving Constant Speed,45,No,2025,TOYOTA,CAMRY,39.10266908,-77.00387217,2025,5,1
250020387,Property Damage Crash,05/08/2025 11:00:00 PM,GEORGIA AVE,NA,Single Vehicle,Clear,Dry,Dark,No Controls,NONE DETECTED,Yes,No Apparent Injury,Ran Off Roadway,Not Distracted,MD,Passenger Car,Negotiating a Curve,40,No,2003,MAZDA,MX-5,39.20972817,-77.062701,2025,5,23
250020383,Injury Crash,05/08/2025 10:14:00 PM,GEORGIAN WAY,NA,Rear To Side,Clear,Dry,Medium,Traffic Control Signal,NONE DETECTED,No,Possible Minor Injury,Operated Motor Vehicle in Reckless or Aggressive Manner,Not Distracted,MD,Station Wagon,Moving Constant Speed,30,No,2002,CHEVROLET,S-10 PICKUP,39.05440933,-77.05041977,2025,5,22
250020383,Injury Crash,05/08/2025 10:14:00 PM,GEORGIAN WAY,NA,Rear To Side,Clear,Dry,Medium,Traffic Control Signal,NONE DETECTED,No,No Apparent Injury,"Followed Too Closely, Operated Motor Vehicle in Reckless or Aggressive Manner",Not Distracted,MD,Passenger Car,Moving Constant Speed,30,No,2013,FORD,EXPLORER,39.05440933,-77.05041977,2025,5,22
250020384,Property Damage Crash,05/08/2025 09:23:00 PM,RAMP 5 FR US 29 SB TO BRIGGS CHANEY RD,NA,Front to Rear,Clear,Dry,Medium,Traffic Control Signal,NONE DETECTED,No,No Apparent Injury,NA,Not Distracted,MD,Passenger Car,Leaving Traffic Lane,15,No,2017,HONDA,CIVIC,39.08408199,-76.94941368,2025,5,21
250020384,Property Damage Crash,05/08/2025 09:23:00 PM,RAMP 5 FR US 29 SB TO BRIGGS CHANEY RD,NA,Front to Rear,Clear,Dry,Medium,Traffic Control Signal,NONE DETECTED,No,No Apparent Injury,NA,NA,NA,Passenger Car,Slowing or Stopping,15,No,2011,CHEVROLET,IMPALA,39.08408199,-76.94941368,2025,5,21
250022475,Property Damage Crash,05/08/2025 07:42:00 PM,NA,NA,Single Vehicle,Clear,NA,Daylight,NA,NONE DETECTED,No,NA,NA,NA,NA,Passenger Car,Accelerating,0,No,2021,KIA,FORTE,39.0955523,-77.10993378,2025,5,19
250020350,Property Damage Crash,05/08/2025 06:40:00 PM,GEORGIA AVE,NA,"Sideswipe, Same Direction",Clear,Dry,Daylight,No Controls,NONE DETECTED,No,No Apparent Injury,NA,Not Distracted,MD,Passenger Car,Moving Constant Speed,35,No,2019,TOYOTA,COROLLA,39.09461733,-77.07912217,2025,5,18
250020350,Property Damage Crash,05/08/2025 06:40:00 PM,GEORGIA AVE,NA,"Sideswipe, Same Direction",Clear,Dry,Daylight,Yield Sign,NONE DETECTED,No,No Apparent Injury,NA,Not Distracted,MD,Passenger Car,Entering Traffic Lane,35,No,2022,BMW,M3,39.09461733,-77.07912217,2025,5,18
250020345,Property Damage Crash,05/08/2025 06:15:00 PM,NA,Cyclist (non-electric),Unknown,Clear,NA,Daylight,NA,NONE DETECTED,No,No Apparent Injury,NA,Not Distracted,MD,Passenger Car,Moving Constant Speed,0,No,2018,DODGE,DURANGO,39.05977367,-77.04914167,2025,5,18
250020348,Property Damage Crash,05/08/2025 06:11:00 PM,NA,NA,"Sideswipe, Same Direction",Clear,Dry,Daylight,No Controls,NONE DETECTED,Yes,No Apparent Injury,NA,Not Distracted,DC,Bus - Transit,Changing Lanes,30,No,2009,GILLIG,LOW FLOOR BUS,38.99714017,-77.02731167,2025,5,18
250020348,Property Damage Crash,05/08/2025 06:11:00 PM,NA,NA,"Sideswipe, Same Direction",Clear,Dry,Daylight,No Controls,NONE DETECTED,No,No Apparent Injury,NA,Not Distracted,NA,Passenger Car,Moving Constant Speed,30,No,2012,HONDA,CIVIC,38.99714017,-77.02731167,2025,5,18
250020338,Property Damage Crash,05/08/2025 05:38:00 PM,NA,NA,Single Vehicle,Cloudy,NA,Daylight,NA,NONE DETECTED,Yes,No Apparent Injury,NA,Not Distracted,MD,Bus - School,Moving Constant Speed,0,No,2022,FREIGHTLINER,B2 BUS CHASSIS,38.98741333,-77.028905,2025,5,17
250020335,Property Damage Crash,05/08/2025 04:56:00 PM,ROCKVILLE PIKE (SB/L),NA,Other,Rain,Wet,Daylight,No Controls,NONE DETECTED,No,No Apparent Injury,NA,Not Distracted,DC,Passenger Car,Moving Constant Speed,35,No,2019,AUDI,A3,39.0068595,-77.09761661,2025,5,16
250020335,Property Damage Crash,05/08/2025 04:56:00 PM,ROCKVILLE PIKE (SB/L),NA,Other,Rain,Wet,Daylight,No Controls,NONE DETECTED,No,No Apparent Injury,NA,Not Distracted,SC,Sport Utility Vehicle,Moving Constant Speed,35,No,2023,KIA,SPORTAGE,39.0068595,-77.09761661,2025,5,16
250020335,Property Damage Crash,05/08/2025 04:56:00 PM,ROCKVILLE PIKE (SB/L),NA,Other,Rain,Wet,Daylight,No Controls,NONE DETECTED,Yes,No Apparent Injury,"Failed to Keep in Proper Lane, Other Improper Action",Unknown,NA,Passenger Car,Changing Lanes,35,No,2001,HONDA,CIVIC,39.0068595,-77.09761661,2025,5,16
250020337,Property Damage Crash,05/08/2025 04:47:00 PM,SOUTHAMPTON DR (NB/L),NA,Front to Rear,Rain,Wet,Daylight,No Controls,NONE DETECTED,No,No Apparent Injury,NA,Not Distracted,MD,Bus - Transit,Stopped in Traffic,30,No,2022,NEW FLYER,XCELSIOR,39.00625169,-76.98469721,2025,5,16
250020337,Property Damage Crash,05/08/2025 04:47:00 PM,SOUTHAMPTON DR (NB/L),NA,Front to Rear,Rain,Wet,Daylight,No Controls,NONE DETECTED,Yes,No Apparent Injury,NA,Not Distracted,MD,Sport Utility Vehicle,Backing,30,No,2012,GMC,ACADIA,39.00625169,-76.98469721,2025,5,16
250020326,Property Damage Crash,05/08/2025 03:30:00 PM,UNIVERSITY BLVD W (WB/L),NA,Front to Rear,Clear,Dry,Daylight,Traffic Control Signal,NONE DETECTED,No,NA,NA,NA,NA,Passenger Car,Turning Left,25,No,2011,TOYOTA,PRIUS,39.0411568,-77.05314617,2025,5,15
250020326,Property Damage Crash,05/08/2025 03:30:00 PM,UNIVERSITY BLVD W (WB/L),NA,Front to Rear,Clear,Dry,Daylight,Traffic Control Signal,NONE DETECTED,No,No Apparent Injury,NA,Not Distracted,MD,Passenger Car,Turning Left,25,No,2013,TOYOTA,CAMRY,39.0411568,-77.05314617,2025,5,15
250020319,Property Damage Crash,05/08/2025 03:28:00 PM,WISCONSIN AVE,NA,Front to Rear,Cloudy,Dry,Daylight,No Controls,NONE DETECTED,No,No Apparent Injury,NA,Not Distracted,MD,Van - Passenger (&lt;9 Seats),Stopped in Traffic,25,No,2004,CHEVROLET,EXPRESS,38.9942115,-77.09632533,2025,5,15
250020319,Property Damage Crash,05/08/2025 03:28:00 PM,WISCONSIN AVE,NA,Front to Rear,Cloudy,Dry,Daylight,No Controls,NONE DETECTED,No,No Apparent Injury,NA,Not Distracted,MD,Bus - Transit,Changing Lanes,25,No,2013,NEW FLYER,XCELSIOR,38.9942115,-77.09632533,2025,5,15
250020327,Property Damage Crash,05/08/2025 03:13:00 PM,NA,NA,Front to Rear,Clear,Dry,Daylight,Yield Sign,NONE DETECTED,No,No Apparent Injury,NA,Not Distracted,NA,Passenger Car,Stopped in Traffic,35,No,2006,NISSAN,SENTRA,39.15222742,-77.21212377,2025,5,15
250020327,Property Damage Crash,05/08/2025 03:13:00 PM,NA,NA,Front to Rear,Clear,Dry,Daylight,Yield Sign,NONE DETECTED,No,No Apparent Injury,NA,Not Distracted,MD,Sport Utility Vehicle,Slowing or Stopping,35,No,2021,TOYOTA,HIGHLANDER,39.15222742,-77.21212377,2025,5,15
250020327,Property Damage Crash,05/08/2025 03:13:00 PM,NA,NA,Front to Rear,Clear,Dry,Daylight,Yield Sign,NONE DETECTED,Yes,No Apparent Injury,Followed Too Closely,Unknown,MD,Passenger Car,Turning Right,35,No,2007,CADILLAC,DTS,39.15222742,-77.21212377,2025,5,15
250020302,Injury Crash,05/08/2025 03:05:00 PM,TURKEY BRANCH PKWY,Scooter (electric),Single Vehicle,Clear,Dry,Daylight,No Controls,NONE DETECTED,No,No Apparent Injury,NA,Not Distracted,MD,Passenger Car,Moving Constant Speed,25,No,2015,TOYOTA,SIENNA,39.07575217,-77.08181067,2025,5,15
250020306,Property Damage Crash,05/08/2025 02:38:00 PM,RIDGECREST DR,NA,Front to Rear,Clear,Dry,Daylight,No Controls,NONE DETECTED,Yes,No Apparent Injury,NA,Unknown,MD,Passenger Car,Moving Constant Speed,25,No,2009,TOYOTA,SIENNA,39.171795,-77.25583583,2025,5,14
250020292,Property Damage Crash,05/08/2025 02:15:00 PM,ROSEHILL DR,NA,"Sideswipe, Same Direction",Clear,Dry,Daylight,No Controls,NONE DETECTED,No,NA,NA,NA,NA,Pickup,Parked,15,No,2016,FORD,F-350,39.00674901,-77.15739628,2025,5,14
250020292,Property Damage Crash,05/08/2025 02:15:00 PM,ROSEHILL DR,NA,"Sideswipe, Same Direction",Clear,Dry,Daylight,No Controls,NONE DETECTED,No,No Apparent Injury,NA,Not Distracted,MD,Single-Unit Truck,Turning Left,15,No,2007,PIERCE MANUFACTURING,DASH,39.00674901,-77.15739628,2025,5,14
250020290,Property Damage Crash,05/08/2025 01:49:00 PM,MONTROSE RD,NA,Front to Rear,Clear,Dry,Daylight,No Controls,NONE DETECTED,No,No Apparent Injury,NA,Not Distracted,MD,Bus - Transit,Moving Constant Speed,35,No,2014,GILLIG,CITY TRANSIT BUS,39.05294673,-77.1285496,2025,5,13
250020290,Property Damage Crash,05/08/2025 01:49:00 PM,MONTROSE RD,NA,Front to Rear,Clear,Dry,Daylight,No Controls,NONE DETECTED,No,No Apparent Injury,NA,Not Distracted,MD,Passenger Car,Turning Right,35,No,2022,CHEVROLET,SILVERADO HD,39.05294673,-77.1285496,2025,5,13
250020279,Injury Crash,05/08/2025 01:20:00 PM,HUNGERFORD DR (SB/L),NA,Front to Rear,Clear,Dry,Daylight,No Controls,NONE DETECTED,Yes,No Apparent Injury,NA,Not Distracted,MD,Bus - School,Moving Constant Speed,35,No,2017,CHEVROLET,EXPRESS,39.09690574,-77.15343511,2025,5,13
250020279,Injury Crash,05/08/2025 01:20:00 PM,HUNGERFORD DR (SB/L),NA,Front to Rear,Clear,Dry,Daylight,No Controls,NONE DETECTED,No,No Apparent Injury,NA,Not Distracted,VA,Sport Utility Vehicle,Stopped in Traffic,35,No,2021,HONDA,PILOT,39.09690574,-77.15343511,2025,5,13
250020281,Property Damage Crash,05/08/2025 01:00:00 PM,NA,NA,Rear To Side,Clear,NA,Daylight,NA,NONE DETECTED,Yes,No Apparent Injury,NA,Not Distracted,MD,Passenger Car,Parked,0,No,2021,CHEVROLET,BOLT EV,39.10911974,-77.07389639,2025,5,13
250020281,Property Damage Crash,05/08/2025 01:00:00 PM,NA,NA,Rear To Side,Clear,NA,Daylight,NA,NONE DETECTED,No,No Apparent Injury,NA,Not Distracted,MD,Passenger Car,Backing,0,No,2014,JAGUAR,XF,39.10911974,-77.07389639,2025,5,13
250020273,Injury Crash,05/08/2025 12:37:00 PM,DEMOCRACY BLVD (EB/L),NA,Angle,Cloudy,Dry,Daylight,Traffic Control Signal,NONE DETECTED,No,Possible Minor Injury,NA,Not Distracted,MD,Pickup,Moving Constant Speed,35,No,2012,CHEVROLET,SILVERADO,39.02230721,-77.16765604,2025,5,12
250020273,Injury Crash,05/08/2025 12:37:00 PM,DEMOCRACY BLVD (EB/L),NA,Angle,Cloudy,Dry,Daylight,Traffic Control Signal,NONE DETECTED,Yes,Possible Minor Injury,Failed to Yield Right-of-Way,Unknown,MD,Sport Utility Vehicle,Turning Left,35,No,2015,TOYOTA,HIGHLANDER,39.02230721,-77.16765604,2025,5,12
250019194,Injury Crash,05/08/2025 09:47:00 AM,BEL PRE RD (EB/L),NA,Front to Rear,Clear,Dry,Daylight,Yield Sign,NONE DETECTED,Yes,No Apparent Injury,NA,Unknown,MD,Passenger Car,Accelerating,35,No,2019,HYUNDAI,SONATA,39.09320558,-77.07962606,2025,5,9