Local Case Number,ACRS Report Type,Crash Date/Time,Road Name,Related Non-Motorist,Collision Type,Weather,Surface Condition,Light,Traffic Control,Driver Substance Abuse,Driver At Fault,Injury Severity,Circumstance,Driver Distracted By,Drivers License State,Vehicle Body Type,Vehicle Movement,Speed Limit,Driverless Vehicle,Vehicle Year,Vehicle Make,Vehicle Model,Latitude,Longitude,Year,Month,Hour
250019194,Injury Crash,05/08/2025 09:47:00 AM,BEL PRE RD (EB/L),NA,Front to Rear,Clear,Dry,Daylight,Yield Sign,NONE DETECTED,No,No Apparent Injury,NA,Not Distracted,MD,Van - Passenger (&lt;9 Seats),Stopped in Traffic,35,No,2023,TOYOTA,SIENNA,39.09320558,-77.07962606,2025,5,9
250020234,Property Damage Crash,05/08/2025 09:00:00 AM,RANDOLPH RD (WB/L),NA,Front to Rear,Clear,Dry,Daylight,Traffic Control Signal,NONE DETECTED,No,No Apparent Injury,NA,Not Distracted,NC,Pickup,Stopped in Traffic,35,No,2006,FORD,F-150,39.06260621,-77.04192255,2025,5,9
250020234,Property Damage Crash,05/08/2025 09:00:00 AM,RANDOLPH RD (WB/L),NA,Front to Rear,Clear,Dry,Daylight,Traffic Control Signal,NONE DETECTED,Yes,No Apparent Injury,NA,Not Distracted,MD,Passenger Car,Accelerating,35,No,2000,TOYOTA,AVALON,39.06260621,-77.04192255,2025,5,9
250020209,Injury Crash,05/08/2025 12:16:00 AM,RIVER RD (WB/L),NA,Front to Front,Clear,Dry,Medium,Flashing Traffic Control Signal,NONE DETECTED,Yes,Possible Minor Injury,Failed to Yield Right-of-Way,Not Distracted,MD,Passenger Car,Turning Left,35,No,2016,CHEVROLET,CORVETTE,38.99095007,-77.15557117,2025,5,0
250020209,Injury Crash,05/08/2025 12:16:00 AM,RIVER RD (WB/L),NA,Front to Front,Clear,Dry,Medium,Flashing Traffic Control Signal,NONE DETECTED,No,Possible Minor Injury,NA,Not Distracted,MD,Passenger Car,Moving Constant Speed,35,No,2013,LEXUS,LS,38.99095007,-77.15557117,2025,5,0
250020202,Property Damage Crash,05/07/2025 10:40:00 PM,GRAND CORNER AVE,NA,Front to Rear,Clear,Dry,Medium,Yield Sign,NONE DETECTED,No,No Apparent Injury,NA,Not Distracted,MD,Passenger Car,Negotiating a Curve,25,No,2013,TOYOTA,SCION FR-S,39.11789696,-77.20315217,2025,5,22
250020202,Property Damage Crash,05/07/2025 10:40:00 PM,GRAND CORNER AVE,NA,Front to Rear,Clear,Dry,Medium,Yield Sign,NONE DETECTED,Yes,No Apparent Injury,Failed to Yield Right-of-Way,Not Distracted,MD,Passenger Car,Negotiating a Curve,25,No,2015,HONDA,CIVIC,39.11789696,-77.20315217,2025,5,22
250020197,Property Damage Crash,05/07/2025 09:33:00 PM,EMORY LA,NA,Single Vehicle,Clear,Dry,Medium,No Controls,NONE DETECTED,No,No Apparent Injury,NA,Not Distracted,MD,Passenger Car,Moving Constant Speed,35,No,2021,HYUNDAI,ACCENT,39.1267636,-77.08397656,2025,5,21
25000827,Property Damage Crash,05/07/2025 08:32:00 PM,UNIVERSITY BLVD E (WB/L),NA,Front to Rear,Clear,Dry,Medium,Traffic Control Signal,NONE DETECTED,No,No Apparent Injury,NA,Not Distracted,MD,Passenger Car,Slowing or Stopping,35,No,2019,SUBARU,CROSSTREK,39.02024436,-77.01252616,2025,5,20
25000827,Property Damage Crash,05/07/2025 08:32:00 PM,UNIVERSITY BLVD E (WB/L),NA,Front to Rear,Clear,Dry,Medium,Traffic Control Signal,NONE DETECTED,No,No Apparent Injury,NA,Not Distracted,MD,Passenger Car,Slowing or Stopping,35,No,2013,DODGE,CHARGER,39.02024436,-77.01252616,2025,5,20
250020173,Injury Crash,05/07/2025 06:39:00 PM,NA,NA,Angle,Clear,Dry,Daylight,Traffic Control Signal,NONE DETECTED,Yes,No Apparent Injury,Improper Turn,Not Distracted,MD,Passenger Car,Turning Right,35,No,2014,TOYOTA,COROLLA,39.07835195,-77.13025482,2025,5,18
250020173,Injury Crash,05/07/2025 06:39:00 PM,NA,NA,Angle,Clear,Dry,Daylight,Traffic Control Signal,NONE DETECTED,No,Possible Minor Injury,NA,Not Distracted,MD,Passenger Car,Moving Constant Speed,35,No,2020,FORD,TRANSIT CONNECT,39.07835195,-77.13025482,2025,5,18
250020147,Property Damage Crash,05/07/2025 04:45:00 PM,GLENGALEN LA,NA,Front to Rear,Clear,Dry,Daylight,No Controls,NONE DETECTED,No,No Apparent Injury,NA,Not Distracted,MD,Passenger Car,Moving Constant Speed,35,No,2014,HONDA,ACCORD,38.99121507,-77.06888711,2025,5,16
250020147,Property Damage Crash,05/07/2025 04:45:00 PM,GLENGALEN LA,NA,Front to Rear,Clear,Dry,Daylight,No Controls,NONE DETECTED,No,No Apparent Injury,NA,Not Distracted,MD,Sport Utility Vehicle,Slowing or Stopping,35,No,2024,TOYOTA,HIGHLANDER,38.99121507,-77.06888711,2025,5,16
250020150,Property Damage Crash,05/07/2025 04:41:00 PM,NA,NA,Angle,Clear,Dry,Daylight,No Controls,NONE DETECTED,Yes,No Apparent Injury,Failed to Yield Right-of-Way,Not Distracted,MD,Passenger Car,Turning Left,35,No,2012,SUBARU,LEGACY,39.09365,-77.0781175,2025,5,16
250020152,Injury Crash,05/07/2025 04:41:00 PM,COLESVILLE RD (SB/L),NA,Front to Rear,Clear,Dry,Daylight,Traffic Control Signal,NONE DETECTED,No,Possible Minor Injury,NA,Not Distracted,MD,Motorcycle - 2 Wheeled,Moving Constant Speed,50,No,2019,HARLEY-DAVIDSON,FLHT / ELECTRA GLIDE STANDARD,39.02605046,-77.01079583,2025,5,16
250020152,Injury Crash,05/07/2025 04:41:00 PM,COLESVILLE RD (SB/L),NA,Front to Rear,Clear,Dry,Daylight,Traffic Control Signal,NONE DETECTED,No,No Apparent Injury,NA,Not Distracted,MD,Sport Utility Vehicle,Making U-Turn,50,No,2023,NISSAN,ROGUE,39.02605046,-77.01079583,2025,5,16
250020150,Property Damage Crash,05/07/2025 04:41:00 PM,NA,NA,Angle,Clear,Dry,Daylight,No Controls,NONE DETECTED,No,No Apparent Injury,NA,Not Distracted,MD,Passenger Car,Moving Constant Speed,35,No,2014,HONDA,CIVIC,39.09365,-77.0781175,2025,5,16
250020145,Property Damage Crash,05/07/2025 04:30:00 PM,COLUMBIA PIKE (SB/L),NA,Front to Rear,Clear,Dry,Daylight,Traffic Control Signal,NONE DETECTED,Yes,No Apparent Injury,NA,Unknown,NA,Passenger Car,Slowing or Stopping,50,No,2017,HYUNDAI,TUCSON,39.0579055,-76.96876833,2025,5,16
250020145,Property Damage Crash,05/07/2025 04:30:00 PM,COLUMBIA PIKE (SB/L),NA,Front to Rear,Clear,Dry,Daylight,Traffic Control Signal,NONE DETECTED,No,No Apparent Injury,NA,Not Distracted,MD,Passenger Car,Slowing or Stopping,50,No,2017,TOYOTA,RAV4,39.0579055,-76.96876833,2025,5,16
250020139,Injury Crash,05/07/2025 03:56:00 PM,NA,NA,Front to Rear,Clear,Dry,Daylight,Stop Sign,NONE DETECTED,Yes,Possible Minor Injury,"Failed to Yield Right-of-Way, Improper Turn, Operated Motor Vehicle in Inattentive, Careless, Negligent, or Erratic Manner, Other Improper Action",Unknown,MD,Passenger Car,Turning Left,35,No,2010,TOYOTA,SCION TC,39.10797309,-77.15223122,2025,5,15
250020139,Injury Crash,05/07/2025 03:56:00 PM,NA,NA,Front to Rear,Clear,Dry,Daylight,Stop Sign,NONE DETECTED,No,No Apparent Injury,NA,Not Distracted,MD,Passenger Car,Moving Constant Speed,35,No,2014,TOYOTA,COROLLA,39.10797309,-77.15223122,2025,5,15
250020133,Injury Crash,05/07/2025 03:45:00 PM,NEW HAMPSHIRE AVE (SB/L),NA,Angle,Clear,Dry,Daylight,No Controls,NONE DETECTED,No,Possible Minor Injury,NA,Not Distracted,DC,Pickup,Moving Constant Speed,45,No,2008,FORD,F-150,39.10000117,-77.00387483,2025,5,15
250020133,Injury Crash,05/07/2025 03:45:00 PM,NEW HAMPSHIRE AVE (SB/L),NA,Angle,Clear,Dry,Daylight,No Controls,NONE DETECTED,No,No Apparent Injury,NA,Not Distracted,MD,Passenger Car,Stopped in Traffic,25,No,2018,HYUNDAI,TUCSON,39.10000117,-77.00387483,2025,5,15
250020133,Injury Crash,05/07/2025 03:45:00 PM,NEW HAMPSHIRE AVE (SB/L),NA,Angle,Clear,Dry,Daylight,No Controls,NONE DETECTED,Yes,No Apparent Injury,Failed to Yield Right-of-Way,Not Distracted,MD,Passenger Car,Turning Left,45,No,2022,HYUNDAI,ACCENT,39.10000117,-77.00387483,2025,5,15
250020115,Property Damage Crash,05/07/2025 02:16:00 PM,FRANWALL AVE,NA,"Sideswipe, Same Direction",Clear,Dry,Daylight,No Controls,NONE DETECTED,No,No Apparent Injury,NA,Not Distracted,MD,Passenger Car,Moving Constant Speed,25,No,2015,CHEVROLET,SILVERADO,39.04606372,-77.03894311,2025,5,14
250020118,Property Damage Crash,05/07/2025 02:11:00 PM,NA,Cyclist (Electric),Single Vehicle,Clear,Dry,Daylight,Pedestrian Crossing Sign,NONE DETECTED,No,No Apparent Injury,NA,Not Distracted,MD,Bus - Transit,Slowing or Stopping,35,No,2013,GILLIG,CITY TRANSIT BUS,39.09189755,-77.15368625,2025,5,14
250020113,Injury Crash,05/07/2025 01:47:00 PM,CATAWBA MANOR WAY,NA,Single Vehicle,Clear,Dry,Daylight,No Controls,NONE DETECTED,No,Possible Minor Injury,Over-Correcting/Over-Steering,Not Distracted,MD,Motorcycle - 2 Wheeled,Moving Constant Speed,15,No,2005,SUZUKI,GSX-R1000,39.24448839,-77.27997618,2025,5,13
250020271,Injury Crash,05/07/2025 12:57:00 PM,GRANDVIEW AVE,Pedestrian,Single Vehicle,Clear,Dry,Daylight,Stop Sign,NONE DETECTED,No,No Apparent Injury,NA,Unknown,MD,Passenger Car,Turning Left,25,No,2019,TOYOTA,C-HR,39.04308501,-77.05313664,2025,5,12
250020101,Property Damage Crash,05/07/2025 12:28:00 PM,NA,NA,"Sideswipe, Same Direction",Clear,NA,Daylight,NA,NONE DETECTED,Yes,No Apparent Injury,Improper Turn,Not Distracted,MD,Bus - School,Negotiating a Curve,0,No,2021,THOMAS BUILT,HDX,39.16970335,-77.21060766,2025,5,12
250020077,Property Damage Crash,05/07/2025 09:18:00 AM,COLESVILLE RD,NA,"Sideswipe, Same Direction",Clear,Dry,Daylight,Traffic Control Signal,NONE DETECTED,Yes,No Apparent Injury,NA,Not Distracted,DC,Passenger Car,Accelerating,25,No,2018,VOLKSWAGEN,TIGUAN,38.99752494,-77.02706137,2025,5,9
250020077,Property Damage Crash,05/07/2025 09:18:00 AM,COLESVILLE RD,NA,"Sideswipe, Same Direction",Clear,Dry,Daylight,Traffic Control Signal,NONE DETECTED,No,No Apparent Injury,NA,Not Distracted,MD,Passenger Car,Accelerating,25,No,2006,LEXUS,GS,38.99752494,-77.02706137,2025,5,9
250020050,Property Damage Crash,05/07/2025 07:28:00 AM,GEORGIA AVE,NA,"Sideswipe, Same Direction",Clear,Dry,Daylight,No Controls,NONE DETECTED,No,NA,NA,NA,NA,Bus - Other Type,Moving Constant Speed,35,No,2012,PREVOST,H3 COACH,39.00545994,-77.03803187,2025,5,7
250020050,Property Damage Crash,05/07/2025 07:28:00 AM,GEORGIA AVE,NA,"Sideswipe, Same Direction",Clear,Dry,Daylight,No Controls,NONE DETECTED,No,No Apparent Injury,NA,Not Distracted,MD,Sport Utility Vehicle,Moving Constant Speed,35,No,2024,TOYOTA,RAV4,39.00545994,-77.03803187,2025,5,7
250020037,Property Damage Crash,05/07/2025 06:45:00 AM,NA,NA,Front to Front,Clear,NA,Daylight,NA,NONE DETECTED,Yes,No Apparent Injury,"Improper Passing, Other Improper Action",Not Distracted,MD,Sport Utility Vehicle,Moving Constant Speed,0,No,2021,TOYOTA,HIGHLANDER,39.05376653,-76.96515482,2025,5,6
250020041,Property Damage Crash,05/07/2025 06:40:00 AM,INTERCOUNTY CONNECTOR,NA,Single Vehicle,Clear,Dry,Daylight,No Controls,NONE DETECTED,No,No Apparent Injury,NA,Not Distracted,MD,Passenger Car,Accelerating,60,No,2019,DODGE,CHARGER,39.13740745,-77.1330398,2025,5,6
250020028,Property Damage Crash,05/07/2025 04:24:00 AM,FIRST ST (SB/L),NA,Single Vehicle,Clear,Dry,Medium,Traffic Control Signal,NONE DETECTED,No,No Apparent Injury,"Failed to Keep in Proper Lane, Operated Motor Vehicle in Inattentive, Careless, Negligent, or Erratic Manner, Operated Motor Vehicle in Reckless or Aggressive Manner",Unknown,MD,Passenger Car,Moving Constant Speed,35,No,2008,HONDA,CIVIC,39.07727104,-77.13945286,2025,5,4
250020010,Injury Crash,05/07/2025 12:09:00 AM,W WATKINS MILL RD (SB/L),NA,Rear To Side,Rain,Wet,Medium,Traffic Control Signal,NONE DETECTED,No,No Apparent Injury,NA,Unknown,MD,Sport Utility Vehicle,Moving Constant Speed,35,No,2018,MAZDA,CX-5,39.15346221,-77.23096407,2025,5,0
250020010,Injury Crash,05/07/2025 12:09:00 AM,W WATKINS MILL RD (SB/L),NA,Rear To Side,Rain,Wet,Medium,Traffic Control Signal,NONE DETECTED,Yes,Possible Minor Injury,Failed to Yield Right-of-Way,Unknown,MD,Passenger Car,Turning Left,35,No,2020,HONDA,CIVIC,39.15346221,-77.23096407,2025,5,0
250020001,Property Damage Crash,05/06/2025 09:20:00 PM,NA,NA,Single Vehicle,Clear,NA,Medium,NA,NONE DETECTED,No,No Apparent Injury,NA,Not Distracted,VA,Passenger Car,Accelerating,0,No,2009,TOYOTA,CAMRY,38.98227697,-76.98749419,2025,5,21
250019996,Property Damage Crash,05/06/2025 09:20:00 PM,NEW HAMPSHIRE AVE (SB/L),NA,"Sideswipe, Same Direction",Clear,"Mud, Dirt, Gravel",Medium,Other Signal,NONE DETECTED,No,No Apparent Injury,NA,Not Distracted,MD,Passenger Car,Moving Constant Speed,30,No,2023,TESLA,MODEL 3,38.98896295,-76.98784343,2025,5,21
250019996,Property Damage Crash,05/06/2025 09:20:00 PM,NEW HAMPSHIRE AVE (SB/L),NA,"Sideswipe, Same Direction",Clear,"Mud, Dirt, Gravel",Medium,Other Signal,NONE DETECTED,Yes,No Apparent Injury,NA,Not Distracted,NA,Passenger Car,Moving Constant Speed,30,No,2014,BMW,535I,38.98896295,-76.98784343,2025,5,21
250019988,Property Damage Crash,05/06/2025 08:20:00 PM,GREAT SENECA HWY,NA,Angle,Clear,Dry,Medium,No Controls,NONE DETECTED,Yes,No Apparent Injury,"Ran Off Roadway, Wrong Side",Unknown,MD,Sport Utility Vehicle,NA,55,No,2011,GMC,YUKON,39.13603917,-77.25058217,2025,5,20
250019988,Property Damage Crash,05/06/2025 08:20:00 PM,GREAT SENECA HWY,NA,Angle,Clear,Dry,Medium,No Controls,NONE DETECTED,No,No Apparent Injury,NA,Not Distracted,MD,Sport Utility Vehicle,Moving Constant Speed,55,No,2023,LINCOLN,NAVIGATOR L,39.13603917,-77.25058217,2025,5,20
250019978,Injury Crash,05/06/2025 07:39:00 PM,NEW LONDON DR,NA,Single Vehicle,Clear,Dry,Medium,No Controls,NONE DETECTED,No,Possible Minor Injury,NA,"Other Action (looking away from task, etc.)",MD,Sport Utility Vehicle,Accelerating,0,No,2021,VOLKSWAGEN,ATLAS,38.986289,-77.20948667,2025,5,19
250019974,Property Damage Crash,05/06/2025 07:29:00 PM,W DEER PARK RD,NA,Front to Rear,Clear,Dry,Daylight,Traffic Control Signal,NONE DETECTED,Yes,No Apparent Injury,Other Improper Action,Not Distracted,NA,Sport Utility Vehicle,Slowing or Stopping,35,No,1997,HONDA,CR-V,39.1321145,-77.18905818,2025,5,19
250019974,Property Damage Crash,05/06/2025 07:29:00 PM,W DEER PARK RD,NA,Front to Rear,Clear,Dry,Daylight,Traffic Control Signal,NONE DETECTED,No,No Apparent Injury,NA,Not Distracted,MD,Sport Utility Vehicle,Stopped in Traffic,35,No,2020,GMC,TERRAIN,39.1321145,-77.18905818,2025,5,19
250019973,Injury Crash,05/06/2025 07:27:00 PM,KNOWLES AVE,NA,Front to Rear,Clear,Dry,Daylight,Traffic Control Signal,NONE DETECTED,No,No Apparent Injury,NA,Not Distracted,MD,Passenger Car,Stopped in Traffic,35,No,2008,FORD,TAURUS X,39.02762621,-77.07703612,2025,5,19
250019973,Injury Crash,05/06/2025 07:27:00 PM,KNOWLES AVE,NA,Front to Rear,Clear,Dry,Daylight,Traffic Control Signal,NONE DETECTED,Yes,Possible Minor Injury,"Followed Too Closely, Operated Motor Vehicle in Inattentive, Careless, Negligent, or Erratic Manner",Not Distracted,MD,Passenger Car,Moving Constant Speed,35,No,2006,HONDA,CIVIC,39.02762621,-77.07703612,2025,5,19
250019973,Injury Crash,05/06/2025 07:27:00 PM,KNOWLES AVE,NA,Front to Rear,Clear,Dry,Daylight,Traffic Control Signal,NONE DETECTED,No,No Apparent Injury,NA,Not Distracted,MD,Passenger Car,Stopped in Traffic,35,No,2016,HONDA,PILOT,39.02762621,-77.07703612,2025,5,19
250019969,Property Damage Crash,05/06/2025 06:50:00 PM,GEORGIA AVE,NA,Rear To Side,Clear,Dry,Daylight,No Controls,NONE DETECTED,No,No Apparent Injury,Other Improper Action,Unknown,NA,Passenger Car,Changing Lanes,25,No,2019,CHEVROLET,SILVERADO HD,38.98803877,-77.02683139,2025,5,18
250019969,Property Damage Crash,05/06/2025 06:50:00 PM,GEORGIA AVE,NA,Rear To Side,Clear,Dry,Daylight,No Controls,NONE DETECTED,No,No Apparent Injury,NA,Not Distracted,MD,Passenger Car,Moving Constant Speed,25,No,2001,CADILLAC,DEVILLE,38.98803877,-77.02683139,2025,5,18
250019958,Property Damage Crash,05/06/2025 06:34:00 PM,UNIVERSITY BLVD E,NA,Front to Rear,Clear,Dry,Daylight,No Controls,NONE DETECTED,Yes,No Apparent Injury,NA,Unknown,MD,Passenger Car,Moving Constant Speed,35,No,2009,TOYOTA,COROLLA MATRIX,39.01329709,-77.0036993,2025,5,18
250019958,Property Damage Crash,05/06/2025 06:34:00 PM,UNIVERSITY BLVD E,NA,Front to Rear,Clear,Dry,Daylight,No Controls,NONE DETECTED,No,No Apparent Injury,NA,Not Distracted,MD,Passenger Car,Stopped in Traffic,35,No,2018,ACURA,TLX,39.01329709,-77.0036993,2025,5,18
250019958,Property Damage Crash,05/06/2025 06:34:00 PM,UNIVERSITY BLVD E,NA,Front to Rear,Clear,Dry,Daylight,No Controls,NONE DETECTED,No,No Apparent Injury,NA,Not Distracted,MD,Passenger Car,Stopped in Traffic,35,No,2015,TOYOTA,HIGHLANDER,39.01329709,-77.0036993,2025,5,18
250019963,Injury Crash,05/06/2025 06:32:00 PM,S FREDERICK RD,NA,Front to Rear,Clear,Dry,Daylight,Traffic Control Signal,NONE DETECTED,No,No Apparent Injury,NA,Not Distracted,MD,Passenger Car,Stopped in Traffic,35,No,2015,CHEVROLET,CRUZE,39.13194215,-77.18865152,2025,5,18
250019963,Injury Crash,05/06/2025 06:32:00 PM,S FREDERICK RD,NA,Front to Rear,Clear,Dry,Daylight,Traffic Control Signal,NONE DETECTED,Yes,No Apparent Injury,NA,Unknown,MD,Passenger Car,Moving Constant Speed,35,No,2015,ACURA,RDX,39.13194215,-77.18865152,2025,5,18
250019963,Injury Crash,05/06/2025 06:32:00 PM,S FREDERICK RD,NA,Front to Rear,Clear,Dry,Daylight,Traffic Control Signal,NONE DETECTED,No,No Apparent Injury,NA,Not Distracted,MD,Passenger Car,Stopped in Traffic,35,No,2006,TOYOTA,TACOMA,39.13194215,-77.18865152,2025,5,18
250019937,Injury Crash,05/06/2025 04:35:00 PM,GRACE CHURCH RD,NA,Rear To Side,Clear,Dry,Daylight,No Controls,NONE DETECTED,Yes,No Apparent Injury,Failed to Yield Right-of-Way,Not Distracted,XX,Passenger Car,Turning Left,30,No,2016,NISSAN,ROGUE,39.00516786,-77.03783935,2025,5,16
250019937,Injury Crash,05/06/2025 04:35:00 PM,GRACE CHURCH RD,NA,Rear To Side,Clear,Dry,Daylight,No Controls,NONE DETECTED,No,No Apparent Injury,NA,Not Distracted,MD,Sport Utility Vehicle,Moving Constant Speed,30,No,2013,NISSAN,ROGUE,39.00516786,-77.03783935,2025,5,16
250019937,Injury Crash,05/06/2025 04:35:00 PM,GRACE CHURCH RD,NA,Rear To Side,Clear,Dry,Daylight,Stop Sign,NONE DETECTED,No,No Apparent Injury,NA,Not Distracted,MD,Passenger Car,Stopped in Traffic,25,No,2018,MAZDA,MAZDA3,39.00516786,-77.03783935,2025,5,16
250019934,Injury Crash,05/06/2025 04:25:00 PM,BRADLEY BLVD,NA,Front to Rear,Clear,Dry,Daylight,No Controls,NONE DETECTED,Yes,Possible Minor Injury,"Followed Too Closely, Other Improper Action","Other Action (looking away from task, etc.)",MD,Passenger Car,Slowing or Stopping,35,No,2013,MERCEDES-BENZ,C-CLASS,39.0046275,-77.139266,2025,5,16
250019934,Injury Crash,05/06/2025 04:25:00 PM,BRADLEY BLVD,NA,Front to Rear,Clear,Dry,Daylight,No Controls,NONE DETECTED,No,No Apparent Injury,NA,Not Distracted,MD,Sport Utility Vehicle,Slowing or Stopping,35,No,2021,PORSCHE,MACAN,39.0046275,-77.139266,2025,5,16
250019933,Property Damage Crash,05/06/2025 04:11:00 PM,NA,NA,Angle,Clear,NA,Daylight,NA,NONE DETECTED,No,No Apparent Injury,NA,Not Distracted,MD,Passenger Car,Moving Constant Speed,0,No,2018,NISSAN,ALTIMA,39.1139935,-77.01865867,2025,5,16
250019933,Property Damage Crash,05/06/2025 04:11:00 PM,NA,NA,Angle,Clear,NA,Daylight,NA,NONE DETECTED,Yes,No Apparent Injury,Failed to Yield Right-of-Way,Unknown,MD,Passenger Car,Moving Constant Speed,0,No,2007,HONDA,PILOT,39.1139935,-77.01865867,2025,5,16
250019932,Property Damage Crash,05/06/2025 03:54:00 PM,CONNECTICUT AVE,NA,Angle,Clear,Dry,Daylight,Traffic Control Signal,NONE DETECTED,Yes,No Apparent Injury,NA,Not Distracted,NA,Passenger Car,Turning Right,35,No,2018,FORD,MUSTANG,39.02974604,-77.07578323,2025,5,15
250019932,Property Damage Crash,05/06/2025 03:54:00 PM,CONNECTICUT AVE,NA,Angle,Clear,Dry,Daylight,Traffic Control Signal,NONE DETECTED,No,No Apparent Injury,NA,Not Distracted,MD,Passenger Car,Turning Left,35,No,2008,HONDA,CIVIC,39.02974604,-77.07578323,2025,5,15
250019915,Property Damage Crash,05/06/2025 03:26:00 PM,CODY DR,NA,"Sideswipe, Same Direction",Clear,Dry,Daylight,No Controls,NONE DETECTED,No,No Apparent Injury,NA,Not Distracted,MD,Pickup,Parked,25,No,2020,RAM,4500,39.02145033,-77.0387765,2025,5,15
250019915,Property Damage Crash,05/06/2025 03:26:00 PM,CODY DR,NA,"Sideswipe, Same Direction",Clear,Dry,Daylight,No Controls,NONE DETECTED,Yes,No Apparent Injury,NA,Not Distracted,MD,Bus - School,Moving Constant Speed,25,No,2018,FREIGHTLINER,B2 BUS CHASSIS,39.02145033,-77.0387765,2025,5,15
250019922,Injury Crash,05/06/2025 03:24:00 PM,NA,NA,Single Vehicle,Rain,Wet,Daylight,No Controls,NONE DETECTED,No,Possible Minor Injury,NA,Not Distracted,MD,Passenger Car,Moving Constant Speed,50,No,2024,HONDA,CIVIC,39.1394645,-77.3568199,2025,5,15
250019917,Property Damage Crash,05/06/2025 03:21:00 PM,LAYHILL RD,NA,Front to Rear,Clear,Dry,Daylight,No Controls,NONE DETECTED,No,No Apparent Injury,NA,Not Distracted,MD,Passenger Car,Stopped in Traffic,35,No,2021,TOYOTA,C-HR,39.094609,-77.04483633,2025,5,15
250019917,Property Damage Crash,05/06/2025 03:21:00 PM,LAYHILL RD,NA,Front to Rear,Clear,Dry,Daylight,No Controls,NONE DETECTED,Yes,No Apparent Injury,NA,"Other Action (looking away from task, etc.)",MD,Passenger Car,Moving Constant Speed,35,No,2013,TOYOTA,PRIUS,39.094609,-77.04483633,2025,5,15
250020100,Property Damage Crash,05/06/2025 03:10:00 PM,NA,NA,"Sideswipe, Same Direction",Clear,NA,Daylight,NA,NONE DETECTED,No,No Apparent Injury,NA,Unknown,MD,Passenger Car,Backing,0,No,2011,VOLKSWAGEN,TIGUAN,39.0577033,-77.12517529,2025,5,15
250019895,Property Damage Crash,05/06/2025 01:40:00 PM,COLUMBIA PIKE (SB/L),NA,Front to Rear,Clear,Dry,Daylight,Traffic Control Signal,NONE DETECTED,No,No Apparent Injury,NA,Not Distracted,MD,Passenger Car,Slowing or Stopping,55,No,2019,TOYOTA,CAMRY,39.05839689,-76.96796304,2025,5,13
250019895,Property Damage Crash,05/06/2025 01:40:00 PM,COLUMBIA PIKE (SB/L),NA,Front to Rear,Clear,Dry,Daylight,Traffic Control Signal,NONE DETECTED,Yes,No Apparent Injury,NA,Unknown,MD,Passenger Car,Slowing or Stopping,55,No,2012,NISSAN,ALTIMA,39.05839689,-76.96796304,2025,5,13
250019879,Injury Crash,05/06/2025 12:39:00 PM,NEW HAMPSHIRE AVE (SB/L),NA,Angle,Clear,Dry,Daylight,Traffic Control Signal,NONE DETECTED,Yes,Possible Minor Injury,NA,Unknown,MD,Passenger Car,Moving Constant Speed,40,No,2021,HONDA,CR-V,39.12123676,-76.98895008,2025,5,12
250019879,Injury Crash,05/06/2025 12:39:00 PM,NEW HAMPSHIRE AVE (SB/L),NA,Angle,Clear,Dry,Daylight,Traffic Control Signal,NONE DETECTED,No,No Apparent Injury,NA,Not Distracted,MD,Passenger Car,Parked,40,No,2013,GMC,TERRAIN,39.12123676,-76.98895008,2025,5,12
250019879,Injury Crash,05/06/2025 12:39:00 PM,NEW HAMPSHIRE AVE (SB/L),NA,Angle,Clear,Dry,Daylight,Traffic Control Signal,NONE DETECTED,No,Possible Minor Injury,NA,Not Distracted,MD,Passenger Car,Moving Constant Speed,40,No,2021,TOYOTA,COROLLA,39.12123676,-76.98895008,2025,5,12
250019866,Injury Crash,05/06/2025 12:19:00 PM,CHESTNUT ST,Cyclist (Electric),Single Vehicle,Clear,Dry,Daylight,No Controls,NONE DETECTED,No,No Apparent Injury,NA,Not Distracted,MD,Other,Turning Right,30,No,2025,GRUMMAN,UNKNOWN,38.9934644,-77.09608134,2025,5,12