Local Case Number,ACRS Report Type,Crash Date/Time,Road Name,Related Non-Motorist,Collision Type,Weather,Surface Condition,Light,Traffic Control,Driver Substance Abuse,Driver At Fault,Injury Severity,Circumstance,Driver Distracted By,Drivers License State,Vehicle Body Type,Vehicle Movement,Speed Limit,Driverless Vehicle,Vehicle Year,Vehicle Make,Vehicle Model,Latitude,Longitude,Year,Month,Hour
250019872,Property Damage Crash,05/06/2025 12:16:00 PM,NA,NA,Angle,Cloudy,NA,Daylight,NA,NONE DETECTED,Yes,No Apparent Injury,"Operated Motor Vehicle in Inattentive, Careless, Negligent, or Erratic Manner",Not Distracted,MD,Sport Utility Vehicle,Backing,0,No,2009,HONDA,CR-V,39.03553579,-77.14644301,2025,5,12
250019869,Property Damage Crash,05/06/2025 12:10:00 PM,NA,NA,Front to Front,Cloudy,NA,Daylight,NA,NONE DETECTED,No,No Apparent Injury,"Operated Motor Vehicle in Inattentive, Careless, Negligent, or Erratic Manner, Operated Motor Vehicle in Reckless or Aggressive Manner, Other Improper Action, Too Fast For Conditions",Unknown,NA,Passenger Car,Moving Constant Speed,0,No,2014,NISSAN,SENTRA,39.02474171,-77.12688747,2025,5,12
250000811,Property Damage Crash,05/06/2025 11:30:00 AM,LAURIE DR,NA,Front to Rear,Clear,Dry,Daylight,Stop Sign,NONE DETECTED,No,No Apparent Injury,NA,Not Distracted,MD,Pickup,Stopped in Traffic,15,No,2020,FORD,F-250,39.06563871,-76.98024034,2025,5,11
250000811,Property Damage Crash,05/06/2025 11:30:00 AM,LAURIE DR,NA,Front to Rear,Clear,Dry,Daylight,Stop Sign,NONE DETECTED,No,NA,NA,NA,NA,NA,Slowing or Stopping,15,No,0,NA,NA,39.06563871,-76.98024034,2025,5,11
250019865,Property Damage Crash,05/06/2025 11:00:00 AM,E RANDOLPH RD (WB/L),NA,"Sideswipe, Same Direction",Clear,Dry,Daylight,No Controls,NONE DETECTED,Yes,No Apparent Injury,Failed to Keep in Proper Lane,Not Distracted,MD,Passenger Car,Changing Lanes,35,No,2019,HONDA,HR-V,39.07549204,-76.99615361,2025,5,11
250019865,Property Damage Crash,05/06/2025 11:00:00 AM,E RANDOLPH RD (WB/L),NA,"Sideswipe, Same Direction",Clear,Dry,Daylight,No Controls,NONE DETECTED,No,No Apparent Injury,NA,Not Distracted,MD,Passenger Car,Moving Constant Speed,35,No,2015,TOYOTA,CAMRY,39.07549204,-76.99615361,2025,5,11
250019853,Injury Crash,05/06/2025 10:48:00 AM,MAIN ST,NA,Single Vehicle,Clear,Dry,Daylight,No Controls,NONE DETECTED,No,Possible Minor Injury,NA,Not Distracted,MD,Motorcycle - 2 Wheeled,Moving Constant Speed,25,No,2008,HARLEY-DAVIDSON,FLHTP / ELECTRA GLIDE STANDARD POLICE,39.1126325,-77.24029055,2025,5,10
250019858,Property Damage Crash,05/06/2025 10:35:00 AM,NORTH KINDLY CT,NA,Single Vehicle,Cloudy,Dry,Daylight,No Controls,NONE DETECTED,No,No Apparent Injury,Ran Off Roadway,Unknown,MD,Passenger Car,NA,20,No,2021,NISSAN,ALTIMA,39.16996197,-77.20979993,2025,5,10
250019854,Property Damage Crash,05/06/2025 10:30:00 AM,E RANDOLPH RD (WB/L),NA,Angle,Clear,Dry,Daylight,No Controls,NONE DETECTED,No,No Apparent Injury,NA,Not Distracted,MD,Pickup,Moving Constant Speed,35,No,2022,TOYOTA,TACOMA,39.06529742,-76.97828322,2025,5,10
250019854,Property Damage Crash,05/06/2025 10:30:00 AM,E RANDOLPH RD (WB/L),NA,Angle,Clear,Dry,Daylight,Stop Sign,NONE DETECTED,Yes,No Apparent Injury,NA,Not Distracted,MD,Passenger Car,Entering Traffic Lane,15,No,2010,HONDA,ACCORD,39.06529742,-76.97828322,2025,5,10
250019842,Property Damage Crash,05/06/2025 09:36:00 AM,CAPITAL BELTWAY (WB/L),NA,Front to Rear,Clear,Dry,Daylight,No Controls,NONE DETECTED,Yes,No Apparent Injury,NA,Not Distracted,MD,Passenger Car,Changing Lanes,55,No,2020,HONDA,PILOT,39.00591416,-77.07544109,2025,5,9
250019842,Property Damage Crash,05/06/2025 09:36:00 AM,CAPITAL BELTWAY (WB/L),NA,Front to Rear,Clear,Dry,Daylight,No Controls,NONE DETECTED,No,No Apparent Injury,NA,Not Distracted,MD,Truck Tractor,Slowing or Stopping,55,No,2013,FREIGHTLINER,CASCADIA,39.00591416,-77.07544109,2025,5,9
25000809,Property Damage Crash,05/06/2025 09:15:00 AM,NA,NA,Rear To Rear,Clear,NA,Daylight,NA,NONE DETECTED,No,No Apparent Injury,NA,Not Distracted,MD,Pickup,Backing,0,No,2022,FORD,F-250,39.02546562,-77.02938177,2025,5,9
250019835,Property Damage Crash,05/06/2025 08:50:00 AM,NA,NA,"Sideswipe, Same Direction",Cloudy,Dry,Daylight,Yield Sign,NONE DETECTED,No,No Apparent Injury,NA,Not Distracted,MD,Passenger Car,Moving Constant Speed,25,No,2019,DODGE,CHARGER,39.22687272,-77.29070558,2025,5,8
250019835,Property Damage Crash,05/06/2025 08:50:00 AM,NA,NA,"Sideswipe, Same Direction",Cloudy,Dry,Daylight,Yield Sign,NONE DETECTED,Yes,No Apparent Injury,"Operated Motor Vehicle in Inattentive, Careless, Negligent, or Erratic Manner",Not Distracted,MD,Sport Utility Vehicle,Changing Lanes,25,No,2015,FORD,TRANSIT CONNECT,39.22687272,-77.29070558,2025,5,8
250019828,Injury Crash,05/06/2025 08:35:00 AM,NA,NA,Front to Rear,Cloudy,Wet,Daylight,No Controls,NONE DETECTED,No,No Apparent Injury,NA,Not Distracted,MD,Passenger Car,Stopped in Traffic,40,No,2025,ACURA,MDX,39.02928042,-76.98408392,2025,5,8
250019828,Injury Crash,05/06/2025 08:35:00 AM,NA,NA,Front to Rear,Cloudy,Wet,Daylight,No Controls,NONE DETECTED,No,No Apparent Injury,NA,Not Distracted,MD,Passenger Car,Stopped in Traffic,40,No,2016,JEEP,GRAND CHEROKEE,39.02928042,-76.98408392,2025,5,8
250019828,Injury Crash,05/06/2025 08:35:00 AM,NA,NA,Front to Rear,Cloudy,Wet,Daylight,No Controls,NONE DETECTED,Yes,Possible Minor Injury,Followed Too Closely,Not Distracted,MD,Passenger Car,Moving Constant Speed,40,No,2013,FORD,FUSION,39.02928042,-76.98408392,2025,5,8
25000807,Property Damage Crash,05/06/2025 08:27:00 AM,BEACH DR,NA,Single Vehicle,Clear,Dry,Daylight,No Controls,NONE DETECTED,No,NA,NA,NA,NA,Sport Utility Vehicle,Moving Constant Speed,25,No,2012,FORD,ESCAPE,39.01944751,-77.09768338,2025,5,8
250019824,Property Damage Crash,05/06/2025 07:29:00 AM,HICKORY AVE,NA,Front to Rear,Cloudy,Dry,Daylight,Stop Sign,NONE DETECTED,No,No Apparent Injury,NA,Unknown,MD,Passenger Car,Moving Constant Speed,20,No,2021,TESLA,MODEL Y,38.9759691,-77.00743135,2025,5,7
250019824,Property Damage Crash,05/06/2025 07:29:00 AM,HICKORY AVE,NA,Front to Rear,Cloudy,Dry,Daylight,Stop Sign,NONE DETECTED,No,No Apparent Injury,NA,Unknown,MD,Passenger Car,Accelerating,20,No,2020,MACK,TERRAPRO,38.9759691,-77.00743135,2025,5,7
250019821,Injury Crash,05/06/2025 06:45:00 AM,CONNECTICUT AVE,NA,Other,Cloudy,Wet,Daylight,No Controls,NONE DETECTED,Yes,No Apparent Injury,NA,Unknown,MD,Passenger Car,Changing Lanes,35,No,2014,LAND ROVER,RANGE ROVER,39.08685633,-77.07381667,2025,5,6
250019821,Injury Crash,05/06/2025 06:45:00 AM,CONNECTICUT AVE,NA,Other,Cloudy,Wet,Daylight,No Controls,NONE DETECTED,No,Possible Minor Injury,NA,Not Distracted,MD,Passenger Car,Moving Constant Speed,35,No,2023,CHEVROLET,EXPRESS,39.08685633,-77.07381667,2025,5,6
250019822,Property Damage Crash,05/06/2025 06:36:00 AM,CONNECTICUT AVE (SB/L),NA,Front to Rear,Cloudy,Wet,Daylight,No Controls,NONE DETECTED,No,No Apparent Injury,NA,Not Distracted,MD,Passenger Car,Slowing or Stopping,30,No,2024,TOYOTA,COROLLA,39.03365566,-77.07497399,2025,5,6
250019822,Property Damage Crash,05/06/2025 06:36:00 AM,CONNECTICUT AVE (SB/L),NA,Front to Rear,Cloudy,Wet,Daylight,No Controls,NONE DETECTED,Yes,No Apparent Injury,NA,Not Distracted,NA,Passenger Car,Moving Constant Speed,30,No,2003,HONDA,CIVIC,39.03365566,-77.07497399,2025,5,6
250019811,Property Damage Crash,05/06/2025 12:19:00 AM,WASHINGTONIAN BLVD,NA,Front to Rear,Rain,Wet,Medium,Yield Sign,ALCOHOL PRESENT,Yes,No Apparent Injury,NA,Not Distracted,FL,Passenger Car,Turning Right,25,No,2019,JEEP,CHEROKEE,39.11689681,-77.20123233,2025,5,0
250019811,Property Damage Crash,05/06/2025 12:19:00 AM,WASHINGTONIAN BLVD,NA,Front to Rear,Rain,Wet,Medium,Yield Sign,ALCOHOL PRESENT,No,No Apparent Injury,NA,Not Distracted,MD,Passenger Car,Moving Constant Speed,25,No,2014,HONDA,CIVIC,39.11689681,-77.20123233,2025,5,0
250019804,Property Damage Crash,05/05/2025 10:45:00 PM,NA,NA,Rear To Side,Rain,NA,Medium,NA,NONE DETECTED,No,No Apparent Injury,NA,Not Distracted,MD,Passenger Car,Slowing or Stopping,0,No,2014,NISSAN,MAXIMA,38.98743413,-76.98761781,2025,5,22
250019799,Property Damage Crash,05/05/2025 10:15:00 PM,OBSERVATION DR,NA,Single Vehicle,Rain,Wet,Medium,Traffic Control Signal,NONE DETECTED,Yes,No Apparent Injury,Improper Turn,Unknown,MD,Passenger Car,Turning Left,40,No,2015,HYUNDAI,ACCENT,39.20185083,-77.25311114,2025,5,22
250019801,Property Damage Crash,05/05/2025 10:11:00 PM,NA,NA,Front to Rear,Rain,Wet,Medium,Traffic Control Signal,NONE DETECTED,No,NA,NA,NA,NA,Passenger Car,Moving Constant Speed,35,No,2007,TOYOTA,COROLLA,39.00512825,-77.02287404,2025,5,22
250019801,Property Damage Crash,05/05/2025 10:11:00 PM,NA,NA,Front to Rear,Rain,Wet,Medium,No Controls,NONE DETECTED,No,No Apparent Injury,NA,Not Distracted,MD,Passenger Car,Stopped in Traffic,35,No,2018,CHEVROLET,CRUZE,39.00512825,-77.02287404,2025,5,22
250019829,Property Damage Crash,05/05/2025 08:13:00 PM,NEW HAMPSHIRE AVE (SB/L),NA,Angle,Rain,Wet,Medium,No Controls,NONE DETECTED,No,NA,NA,NA,NA,Passenger Car,Changing Lanes,35,No,2024,TOYOTA,COROLLA,38.98035961,-76.98978999,2025,5,20
250019829,Property Damage Crash,05/05/2025 08:13:00 PM,NEW HAMPSHIRE AVE (SB/L),NA,Angle,Rain,Wet,Medium,No Controls,NONE DETECTED,No,No Apparent Injury,NA,Not Distracted,MD,Passenger Car,Moving Constant Speed,35,No,1999,HONDA,CR-V,38.98035961,-76.98978999,2025,5,20
250019790,Injury Crash,05/05/2025 08:08:00 PM,NA,Scooter (electric),Single Vehicle,Rain,Wet,Medium,Pedestrian Crossing Sign,NONE DETECTED,Yes,No Apparent Injury,NA,Not Distracted,MD,Passenger Car,Turning Left,30,No,2008,HONDA,CIVIC,39.15040469,-77.0661939,2025,5,20
250019783,Property Damage Crash,05/05/2025 06:51:00 PM,GEORGIA AVE (SB/L),NA,Front to Rear,Clear,Dry,Daylight,No Controls,NONE DETECTED,No,No Apparent Injury,NA,Not Distracted,MD,Passenger Car,Moving Constant Speed,30,No,2017,HYUNDAI,ELANTRA,39.03315829,-77.04883459,2025,5,18
250019783,Property Damage Crash,05/05/2025 06:51:00 PM,GEORGIA AVE (SB/L),NA,Front to Rear,Clear,Dry,Daylight,No Controls,NONE DETECTED,Yes,No Apparent Injury,Followed Too Closely,"Other Action (looking away from task, etc.)",NA,Passenger Car,Moving Constant Speed,30,No,2008,MAZDA,MAZDA6,39.03315829,-77.04883459,2025,5,18
250019778,Injury Crash,05/05/2025 06:15:00 PM,CROSS LAUREL DR,Cyclist (non-electric),Single Vehicle,Clear,Dry,Daylight,Stop Sign,NONE DETECTED,No,No Apparent Injury,NA,Not Distracted,MD,Sport Utility Vehicle,Slowing or Stopping,30,No,2013,HONDA,CR-V,39.18953575,-77.22873291,2025,5,18
250021704,Property Damage Crash,05/05/2025 05:50:00 PM,HOYT ST,NA,"Sideswipe, Opposite Direction",Clear,Dry,Daylight,No Controls,NONE DETECTED,Yes,No Apparent Injury,NA,Unknown,MD,Passenger Car,Moving Constant Speed,25,No,2018,FORD,FUSION,39.03770107,-77.02615602,2025,5,17
250019758,Property Damage Crash,05/05/2025 04:39:00 PM,GEORGIA AVE,NA,Front to Rear,Clear,Dry,Daylight,Traffic Control Signal,NONE DETECTED,No,No Apparent Injury,NA,Not Distracted,MD,Passenger Car,Moving Constant Speed,35,No,2019,TOYOTA,4-RUNNER,39.00877397,-77.04026049,2025,5,16
250019758,Property Damage Crash,05/05/2025 04:39:00 PM,GEORGIA AVE,NA,Front to Rear,Clear,Dry,Daylight,Traffic Control Signal,NONE DETECTED,No,No Apparent Injury,NA,Not Distracted,VA,Passenger Car,Moving Constant Speed,35,No,2023,CHEVROLET,MALIBU,39.00877397,-77.04026049,2025,5,16
250019758,Property Damage Crash,05/05/2025 04:39:00 PM,GEORGIA AVE,NA,Front to Rear,Clear,Dry,Daylight,Traffic Control Signal,NONE DETECTED,Yes,No Apparent Injury,NA,Not Distracted,MD,Passenger Car,Moving Constant Speed,35,No,2013,NISSAN,MAXIMA,39.00877397,-77.04026049,2025,5,16
250019766,Property Damage Crash,05/05/2025 04:18:00 PM,HOWARD CHAPEL RD,NA,"Sideswipe, Opposite Direction",Rain,Wet,Daylight,No Controls,NONE DETECTED,No,No Apparent Injury,NA,Not Distracted,MD,Sport Utility Vehicle,Moving Constant Speed,30,No,2009,JEEP,WRANGLER,39.23729333,-77.07170167,2025,5,16
250019766,Property Damage Crash,05/05/2025 04:18:00 PM,HOWARD CHAPEL RD,NA,"Sideswipe, Opposite Direction",Rain,Wet,Daylight,No Controls,NONE DETECTED,No,No Apparent Injury,NA,Not Distracted,MD,Sport Utility Vehicle,Moving Constant Speed,30,No,2017,SUBARU,FORESTER,39.23729333,-77.07170167,2025,5,16
250019753,Injury Crash,05/05/2025 03:57:00 PM,SANDY SPRING RD,NA,Front to Rear,Rain,Wet,Daylight,Yield Sign,NONE DETECTED,No,No Apparent Injury,NA,Not Distracted,MD,Passenger Car,Accelerating,40,No,2016,HONDA,CIVIC,39.10662217,-76.92001583,2025,5,15
250019753,Injury Crash,05/05/2025 03:57:00 PM,SANDY SPRING RD,NA,Front to Rear,Rain,Wet,Daylight,Yield Sign,NONE DETECTED,No,Possible Minor Injury,NA,Not Distracted,MD,Sport Utility Vehicle,Slowing or Stopping,40,No,2016,HONDA,CR-V,39.10662217,-76.92001583,2025,5,15
250019742,Property Damage Crash,05/05/2025 02:50:00 PM,NO NAME,NA,Rear To Side,Cloudy,Wet,Daylight,No Controls,NONE DETECTED,No,No Apparent Injury,NA,Not Distracted,MD,Passenger Car,Moving Constant Speed,25,No,2010,LEXUS,ES,39.12308,-77.2336555,2025,5,14
250019742,Property Damage Crash,05/05/2025 02:50:00 PM,NO NAME,NA,Rear To Side,Cloudy,Wet,Daylight,Stop Sign,NONE DETECTED,Yes,No Apparent Injury,NA,Not Distracted,MD,Passenger Car,Moving Constant Speed,25,No,2016,NISSAN,ALTIMA,39.12308,-77.2336555,2025,5,14
250019732,Property Damage Crash,05/05/2025 02:45:00 PM,BROSCHART RD,NA,Front to Rear,Rain,Wet,Daylight,Traffic Control Signal,NONE DETECTED,Yes,No Apparent Injury,Improper Backing,Not Distracted,MD,Sport Utility Vehicle,Backing,30,No,2011,TOYOTA,4-RUNNER,39.10463143,-77.20093877,2025,5,14
250019737,Property Damage Crash,05/05/2025 02:45:00 PM,NA,NA,Angle,Rain,NA,Daylight,NA,NONE DETECTED,No,No Apparent Injury,NA,Not Distracted,MD,Passenger Car,Moving Constant Speed,0,No,2017,FORD,TAURUS,39.05250042,-77.05078576,2025,5,14
250019737,Property Damage Crash,05/05/2025 02:45:00 PM,NA,NA,Angle,Rain,NA,Daylight,NA,NONE DETECTED,Yes,No Apparent Injury,NA,Unknown,MD,Passenger Car,Accelerating,0,No,2014,JEEP,WRANGLER,39.05250042,-77.05078576,2025,5,14
250019732,Property Damage Crash,05/05/2025 02:45:00 PM,BROSCHART RD,NA,Front to Rear,Rain,Wet,Daylight,Traffic Control Signal,NONE DETECTED,No,No Apparent Injury,NA,Not Distracted,MD,Bus - Transit,Stopped in Traffic,30,No,2017,GILLIG,LOW FLOOR BUS,39.10463143,-77.20093877,2025,5,14
250019736,Property Damage Crash,05/05/2025 02:22:00 PM,TILDEN LA,NA,"Sideswipe, Same Direction",Rain,Wet,Daylight,No Controls,NONE DETECTED,No,No Apparent Injury,NA,Not Distracted,MD,Other,Moving Constant Speed,25,No,2016,FREIGHTLINER,M2,39.044439,-77.14596817,2025,5,14
250019722,Injury Crash,05/05/2025 01:06:00 PM,NA,NA,Angle,Cloudy,NA,Daylight,NA,NONE DETECTED,Yes,Possible Minor Injury,NA,Not Distracted,MD,Passenger Car,Accelerating,0,No,2016,AUDI,A5,39.06298781,-77.12618675,2025,5,13
250019722,Injury Crash,05/05/2025 01:06:00 PM,NA,NA,Angle,Cloudy,NA,Daylight,NA,NONE DETECTED,No,No Apparent Injury,NA,Not Distracted,MD,Sport Utility Vehicle,Moving Constant Speed,0,No,2010,TOYOTA,FJ CRUISER,39.06298781,-77.12618675,2025,5,13
250019717,Injury Crash,05/05/2025 12:55:00 PM,NEW HAMPSHIRE AVE (SB/L),NA,Front to Rear,Cloudy,Wet,Daylight,Traffic Control Signal,NONE DETECTED,No,No Apparent Injury,NA,Not Distracted,MD,Sport Utility Vehicle,Stopped in Traffic,45,No,2015,TOYOTA,RAV4,39.12108074,-76.98905986,2025,5,12
250019717,Injury Crash,05/05/2025 12:55:00 PM,NEW HAMPSHIRE AVE (SB/L),NA,Front to Rear,Cloudy,Wet,Daylight,Traffic Control Signal,NONE DETECTED,Yes,No Apparent Injury,Other Improper Action,Not Distracted,MD,Sport Utility Vehicle,Slowing or Stopping,45,No,2011,TOYOTA,HIGHLANDER,39.12108074,-76.98905986,2025,5,12
250019716,Injury Crash,05/05/2025 12:52:00 PM,PORTER RD,NA,Single Vehicle,Cloudy,Dry,Daylight,Stop Sign,NONE DETECTED,Yes,Possible Minor Injury,"Operated Motor Vehicle in Inattentive, Careless, Negligent, or Erratic Manner, Over-Correcting/Over-Steering, Ran Off Roadway",Not Distracted,MD,Passenger Car,Moving Constant Speed,25,No,2018,HONDA,HR-V,38.99967267,-77.04352517,2025,5,12
250019703,Property Damage Crash,05/05/2025 12:21:00 PM,NA,NA,Angle,Clear,NA,Daylight,NA,NONE DETECTED,No,No Apparent Injury,"Disregarded Other Road Markings, Improper Turn, Other Improper Action",Unknown,NA,Passenger Car,Negotiating a Curve,0,No,2015,HONDA,CIVIC,39.02041909,-77.0120451,2025,5,12
250019695,Injury Crash,05/05/2025 11:39:00 AM,NEW HAMPSHIRE AVE (SB/L),NA,Angle,Cloudy,Dry,Daylight,"Person (including flagger, law enforcement, crossing guard, etc.",NONE DETECTED,Yes,No Apparent Injury,Failed to Yield Right-of-Way,Not Distracted,MD,Pickup,Making U-Turn,40,No,2022,FORD,F-150,39.0998978,-77.00373805,2025,5,11
250019695,Injury Crash,05/05/2025 11:39:00 AM,NEW HAMPSHIRE AVE (SB/L),NA,Angle,Cloudy,Dry,Daylight,"Person (including flagger, law enforcement, crossing guard, etc.",NONE DETECTED,No,Possible Minor Injury,NA,Not Distracted,DC,Motorcycle - 2 Wheeled,Moving Constant Speed,40,No,2025,SUZUKI,GSX-R1000,39.0998978,-77.00373805,2025,5,11
250019694,Property Damage Crash,05/05/2025 11:30:00 AM,ARCOLA AVE,NA,Front to Front,Clear,Dry,Daylight,No Controls,NONE DETECTED,Yes,No Apparent Injury,NA,Not Distracted,MD,Van - Passenger (&lt;9 Seats),Changing Lanes,30,No,2023,RAM,PROMASTER 3500,39.04723554,-77.03802571,2025,5,11
250019684,Property Damage Crash,05/05/2025 10:51:00 AM,ROCKVILLE PIKE,NA,Angle,Clear,Dry,Daylight,No Controls,NONE DETECTED,No,No Apparent Injury,NA,Not Distracted,MD,Bus - Transit,Stopped in Traffic,35,No,2013,NEW FLYER,XCELSIOR,39.04422531,-77.11140176,2025,5,10
250019684,Property Damage Crash,05/05/2025 10:51:00 AM,ROCKVILLE PIKE,NA,Angle,Clear,Dry,Daylight,No Controls,NONE DETECTED,No,No Apparent Injury,NA,Not Distracted,MD,Truck Tractor,Turning Right,35,No,2023,FREIGHTLINER,CASCADIA,39.04422531,-77.11140176,2025,5,10
250019670,Property Damage Crash,05/05/2025 10:30:00 AM,NA,NA,Single Vehicle,Cloudy,NA,Daylight,NA,NONE DETECTED,Yes,No Apparent Injury,"Operated Motor Vehicle in Inattentive, Careless, Negligent, or Erratic Manner",Unknown,MD,Passenger Car,Slowing or Stopping,0,No,2013,SUBARU,OUTBACK,39.08185217,-77.0771985,2025,5,10
250019666,Property Damage Crash,05/05/2025 09:35:00 AM,BRADLEY BLVD,NA,Angle,Cloudy,Dry,Daylight,No Controls,NONE DETECTED,No,No Apparent Injury,NA,Not Distracted,MD,Passenger Car,Moving Constant Speed,35,No,2023,TESLA,MODEL 3,38.97997421,-77.1110315,2025,5,9
250019666,Property Damage Crash,05/05/2025 09:35:00 AM,BRADLEY BLVD,NA,Angle,Cloudy,Dry,Daylight,Stop Sign,NONE DETECTED,Yes,No Apparent Injury,NA,Not Distracted,MD,Sport Utility Vehicle,Turning Left,25,No,2023,HONDA,CR-V,38.97997421,-77.1110315,2025,5,9
250019660,Property Damage Crash,05/05/2025 09:11:00 AM,NICHOLSON LA,NA,Front to Rear,Cloudy,Dry,Daylight,Traffic Control Signal,NONE DETECTED,No,No Apparent Injury,NA,Not Distracted,MD,Bus - School,Stopped in Traffic,35,No,2014,FREIGHTLINER,B2 BUS CHASSIS,39.04481282,-77.12022326,2025,5,9
250019660,Property Damage Crash,05/05/2025 09:11:00 AM,NICHOLSON LA,NA,Front to Rear,Cloudy,Dry,Daylight,Traffic Control Signal,NONE DETECTED,Yes,No Apparent Injury,NA,Not Distracted,MD,Pickup,Slowing or Stopping,35,No,2021,CHEVROLET,EXPRESS,39.04481282,-77.12022326,2025,5,9
250019655,Property Damage Crash,05/05/2025 08:18:00 AM,SPENCERVILLE RD,NA,Front to Rear,Clear,Dry,Daylight,No Controls,NONE DETECTED,No,No Apparent Injury,NA,Not Distracted,MD,Passenger Car,Slowing or Stopping,30,No,2018,HONDA,CIVIC,39.10748794,-76.93839124,2025,5,8
250019655,Property Damage Crash,05/05/2025 08:18:00 AM,SPENCERVILLE RD,NA,Front to Rear,Clear,Dry,Daylight,No Controls,NONE DETECTED,No,No Apparent Injury,NA,Not Distracted,MD,Sport Utility Vehicle,Slowing or Stopping,30,No,2024,FORD,BRONCO,39.10748794,-76.93839124,2025,5,8
250019655,Property Damage Crash,05/05/2025 08:18:00 AM,SPENCERVILLE RD,NA,Front to Rear,Clear,Dry,Daylight,No Controls,NONE DETECTED,Yes,No Apparent Injury,NA,Unknown,MD,Sport Utility Vehicle,Slowing or Stopping,30,No,2013,BUICK,ENCORE,39.10748794,-76.93839124,2025,5,8
250019659,Property Damage Crash,05/05/2025 08:11:00 AM,MONTGOMERY LA,NA,"Sideswipe, Same Direction",Clear,Dry,Daylight,Traffic Control Signal,NONE DETECTED,No,No Apparent Injury,NA,Not Distracted,MD,Passenger Car,Turning Left,25,No,2024,FORD,BRONCO,38.98354534,-77.09613999,2025,5,8
250019659,Property Damage Crash,05/05/2025 08:11:00 AM,MONTGOMERY LA,NA,"Sideswipe, Same Direction",Clear,Dry,Daylight,Traffic Control Signal,NONE DETECTED,No,NA,NA,NA,NA,Bus - Transit,Turning Left,25,No,2022,GILLIG,LOW FLOOR BUS,38.98354534,-77.09613999,2025,5,8
250019650,Property Damage Crash,05/05/2025 07:50:00 AM,COLUMBIA PIKE,NA,Front to Rear,Clear,Dry,Daylight,No Controls,NONE DETECTED,No,No Apparent Injury,"Followed Too Closely, Too Fast For Conditions",Unknown,MD,Passenger Car,Slowing or Stopping,50,No,2011,TOYOTA,CAMRY,39.12892398,-76.92113432,2025,5,7
250019650,Property Damage Crash,05/05/2025 07:50:00 AM,COLUMBIA PIKE,NA,Front to Rear,Clear,Dry,Daylight,No Controls,NONE DETECTED,No,No Apparent Injury,NA,Not Distracted,MD,Passenger Car,Slowing or Stopping,50,No,2019,BMW,X3,39.12892398,-76.92113432,2025,5,7
250019643,Property Damage Crash,05/05/2025 07:35:00 AM,FREDERICK RD (SB/L),NA,Angle,Clear,Dry,Daylight,No Controls,NONE DETECTED,No,No Apparent Injury,NA,Not Distracted,MD,Passenger Car,Moving Constant Speed,45,No,2016,CHEVROLET,TRAVERSE,39.12467129,-77.18099507,2025,5,7
250019673,Property Damage Crash,05/05/2025 07:35:00 AM,BRINK RD (WB/L),NA,Single Vehicle,Cloudy,Wet,Daylight,No Controls,NONE DETECTED,Yes,No Apparent Injury,Other Improper Action,Not Distracted,MD,Passenger Car,Moving Constant Speed,35,No,2021,FORD,EXPLORER,39.21109476,-77.15271494,2025,5,7
250019643,Property Damage Crash,05/05/2025 07:35:00 AM,FREDERICK RD (SB/L),NA,Angle,Clear,Dry,Daylight,No Controls,NONE DETECTED,No,NA,NA,NA,NA,Passenger Car,Moving Constant Speed,45,No,2021,TOYOTA,COROLLA,39.12467129,-77.18099507,2025,5,7
250019645,Property Damage Crash,05/05/2025 07:22:00 AM,WHITMOOR TERR,NA,"Sideswipe, Same Direction",Clear,Dry,Daylight,No Controls,NONE DETECTED,No,No Apparent Injury,NA,Not Distracted,MD,Bus - School,Negotiating a Curve,25,No,2018,FREIGHTLINER,B2 BUS CHASSIS,39.0288115,-77.00519533,2025,5,7
250019642,Injury Crash,05/05/2025 07:20:00 AM,ROCKLEDGE DR,NA,Angle,Cloudy,Dry,Daylight,Traffic Control Signal,NONE DETECTED,No,Possible Minor Injury,NA,Not Distracted,MD,Sport Utility Vehicle,Moving Constant Speed,35,No,2019,HONDA,HR-V,39.02698013,-77.13241081,2025,5,7