Local Case Number,ACRS Report Type,Crash Date/Time,Road Name,Related Non-Motorist,Collision Type,Weather,Surface Condition,Light,Traffic Control,Driver Substance Abuse,Driver At Fault,Injury Severity,Circumstance,Driver Distracted By,Drivers License State,Vehicle Body Type,Vehicle Movement,Speed Limit,Driverless Vehicle,Vehicle Year,Vehicle Make,Vehicle Model,Latitude,Longitude,Year,Month,Hour
250019642,Injury Crash,05/05/2025 07:20:00 AM,ROCKLEDGE DR,NA,Angle,Cloudy,Dry,Daylight,Traffic Control Signal,NONE DETECTED,Yes,Possible Minor Injury,"Failed to Yield Right-of-Way, Improper Passing, Operated Motor Vehicle in Inattentive, Careless, Negligent, or Erratic Manner",Unknown,WV,Passenger Car,Turning Left,35,No,2003,MERCEDES-BENZ,C-CLASS,39.02698013,-77.13241081,2025,5,7
250019640,Injury Crash,05/05/2025 06:58:00 AM,JONES MILL RD,NA,Front to Rear,Cloudy,Wet,Daylight,No Controls,NONE DETECTED,Yes,No Apparent Injury,NA,Not Distracted,MD,Sport Utility Vehicle,Slowing or Stopping,30,No,2021,JEEP,GRAND CHEROKEE,38.99603853,-77.0659546,2025,5,6
250019640,Injury Crash,05/05/2025 06:58:00 AM,JONES MILL RD,NA,Front to Rear,Cloudy,Wet,Daylight,No Controls,NONE DETECTED,No,Possible Minor Injury,NA,Not Distracted,MD,Van - Passenger (&lt;9 Seats),Slowing or Stopping,30,No,2018,FORD,TRANSIT,38.99603853,-77.0659546,2025,5,6
250019639,Property Damage Crash,05/05/2025 06:38:00 AM,NA,NA,Rear To Side,Clear,NA,Daylight,NA,NONE DETECTED,Yes,No Apparent Injury,NA,Not Distracted,MD,Other Trucks,Backing,0,No,2006,CHEVROLET,C8,39.08187343,-77.05533813,2025,5,6
250019639,Property Damage Crash,05/05/2025 06:38:00 AM,NA,NA,Rear To Side,Clear,NA,Daylight,NA,NONE DETECTED,No,NA,NA,NA,NA,Passenger Car,Parked,0,No,2024,FORD,MAVERICK,39.08187343,-77.05533813,2025,5,6
250019637,Injury Crash,05/05/2025 05:50:00 AM,GEORGIA AVE,Pedestrian,Single Vehicle,Clear,Dry,Medium,No Controls,NONE DETECTED,No,No Apparent Injury,NA,Not Distracted,MD,Passenger Car,Moving Constant Speed,35,No,2016,FORD,FOCUS,39.04179456,-77.05172645,2025,5,5
250019636,Injury Crash,05/05/2025 05:40:00 AM,NA,NA,Front to Front,Clear,Dry,Medium,Traffic Control Signal,NONE DETECTED,Yes,No Apparent Injury,NA,Not Distracted,MD,Passenger Car,Turning Left,25,No,2012,HONDA,ACCORD,39.0123648,-77.09087409,2025,5,5
250019636,Injury Crash,05/05/2025 05:40:00 AM,NA,NA,Front to Front,Clear,Dry,Medium,Traffic Control Signal,NONE DETECTED,No,Possible Minor Injury,NA,Not Distracted,MD,Sport Utility Vehicle,Moving Constant Speed,25,No,2025,TOYOTA,RAV4,39.0123648,-77.09087409,2025,5,5
250019635,Property Damage Crash,05/05/2025 05:37:00 AM,NA,NA,Single Vehicle,Clear,NA,Daylight,NA,NONE DETECTED,Yes,No Apparent Injury,NA,Not Distracted,MD,Passenger Car,Moving Constant Speed,0,No,2024,NISSAN,VERSA,39.18076395,-77.27017218,2025,5,5
250019616,Property Damage Crash,05/04/2025 10:21:00 PM,NA,NA,Front to Rear,Clear,Dry,Medium,Traffic Control Signal,NONE DETECTED,No,No Apparent Injury,NA,Not Distracted,MD,Passenger Car,Slowing or Stopping,40,No,2010,TOYOTA,C-HR,39.0851863,-77.14819562,2025,5,22
250019616,Property Damage Crash,05/04/2025 10:21:00 PM,NA,NA,Front to Rear,Clear,Dry,Medium,Traffic Control Signal,NONE DETECTED,No,No Apparent Injury,NA,"Other Action (looking away from task, etc.)",MD,Passenger Car,Accelerating,25,No,2016,TOYOTA,COROLLA,39.0851863,-77.14819562,2025,5,22
250019618,Property Damage Crash,05/04/2025 10:03:00 PM,NA,NA,Angle,Clear,Dry,Medium,No Controls,NONE DETECTED,No,No Apparent Injury,NA,Not Distracted,MD,Sport Utility Vehicle,Moving Constant Speed,30,No,2009,NISSAN,PATHFINDER,38.99903431,-76.99094879,2025,5,22
250019618,Property Damage Crash,05/04/2025 10:03:00 PM,NA,NA,Angle,Clear,Dry,Medium,No Controls,NONE DETECTED,No,NA,NA,NA,NA,Passenger Car,Turning Right,30,No,0,NA,NA,38.99903431,-76.99094879,2025,5,22
250019612,Injury Crash,05/04/2025 08:15:00 PM,NA,Pedestrian,Single Vehicle,Clear,NA,Daylight,NA,NONE DETECTED,No,No Apparent Injury,NA,Unknown,MD,Passenger Car,Slowing or Stopping,0,No,2016,LEXUS,ES,39.10358272,-76.9821169,2025,5,20
250019608,Property Damage Crash,05/04/2025 07:34:00 PM,UNIVERSITY BLVD W,NA,Front to Rear,Clear,Dry,Daylight,Traffic Control Signal,NONE DETECTED,No,No Apparent Injury,NA,NA,NA,Sport Utility Vehicle,Moving Constant Speed,35,No,2003,HONDA,PILOT,39.01990224,-77.01346039,2025,5,19
250019608,Property Damage Crash,05/04/2025 07:34:00 PM,UNIVERSITY BLVD W,NA,Front to Rear,Clear,Dry,Daylight,Traffic Control Signal,NONE DETECTED,No,No Apparent Injury,NA,Not Distracted,MD,Passenger Car,Stopped in Traffic,35,No,2014,SUBARU,IMPREZA,39.01990224,-77.01346039,2025,5,19
250019606,Property Damage Crash,05/04/2025 07:20:00 PM,GEORGIA AVE,NA,"Sideswipe, Same Direction",Clear,Dry,Daylight,No Controls,NONE DETECTED,No,NA,NA,NA,NA,NA,Entering Traffic Lane,35,No,0,NA,NA,38.99194384,-77.02653355,2025,5,19
250019600,Injury Crash,05/04/2025 06:30:00 PM,SHADY GROVE RD (SB/L),NA,Rear To Rear,Clear,Dry,Daylight,Traffic Control Signal,NONE DETECTED,No,Possible Minor Injury,NA,Not Distracted,MD,Passenger Car,Stopped in Traffic,35,No,2013,HONDA,CIVIC,39.11755308,-77.18366572,2025,5,18
250019600,Injury Crash,05/04/2025 06:30:00 PM,SHADY GROVE RD (SB/L),NA,Rear To Rear,Clear,Dry,Daylight,Traffic Control Signal,NONE DETECTED,Yes,No Apparent Injury,Other Improper Action,Unknown,MD,Passenger Car,Slowing or Stopping,35,No,2015,HYUNDAI,SONATA,39.11755308,-77.18366572,2025,5,18
250019598,Property Damage Crash,05/04/2025 05:38:00 PM,LAYTONSVILLE RD,NA,Rear To Side,Clear,Wet,Daylight,Traffic Control Signal,NONE DETECTED,No,No Apparent Injury,NA,Unknown,MD,Passenger Car,Moving Constant Speed,30,No,2013,HONDA,ACCORD,39.21198634,-77.14258647,2025,5,17
250019598,Property Damage Crash,05/04/2025 05:38:00 PM,LAYTONSVILLE RD,NA,Rear To Side,Clear,Wet,Daylight,Traffic Control Signal,NONE DETECTED,No,No Apparent Injury,NA,Not Distracted,MD,Passenger Car,Accelerating,30,No,2001,CHEVROLET,SUBURBAN,39.21198634,-77.14258647,2025,5,17
250019593,Property Damage Crash,05/04/2025 05:18:00 PM,NA,NA,"Sideswipe, Same Direction",Clear,NA,Daylight,NA,NONE DETECTED,No,No Apparent Injury,NA,NA,NA,Passenger Car,Moving Constant Speed,0,No,2008,JEEP,PATRIOT,38.987804,-76.9880394,2025,5,17
250019593,Property Damage Crash,05/04/2025 05:18:00 PM,NA,NA,"Sideswipe, Same Direction",Clear,NA,Daylight,NA,NONE DETECTED,No,No Apparent Injury,NA,Not Distracted,MD,Pickup,Parked,0,No,2017,RAM,2500,38.987804,-76.9880394,2025,5,17
250019601,Injury Crash,05/04/2025 05:15:00 PM,NA,Cyclist (non-electric),Single Vehicle,Clear,NA,Daylight,NA,NONE DETECTED,No,No Apparent Injury,NA,Unknown,MD,Passenger Car,Moving Constant Speed,0,No,2017,CHEVROLET,EQUINOX,39.31833178,-77.19482398,2025,5,17
250019590,Property Damage Crash,05/04/2025 05:05:00 PM,MIDDLEBROOK RD,NA,Front to Rear,Clear,Dry,Daylight,No Controls,NONE DETECTED,No,No Apparent Injury,NA,Not Distracted,MD,Passenger Car,Moving Constant Speed,45,No,2012,HYUNDAI,SANTA FE,39.17397723,-77.25019972,2025,5,17
250019590,Property Damage Crash,05/04/2025 05:05:00 PM,MIDDLEBROOK RD,NA,Front to Rear,Clear,Dry,Daylight,No Controls,NONE DETECTED,No,No Apparent Injury,NA,Not Distracted,MD,Passenger Car,Moving Constant Speed,40,No,2024,BMW,X4,39.17397723,-77.25019972,2025,5,17
250019590,Property Damage Crash,05/04/2025 05:05:00 PM,MIDDLEBROOK RD,NA,Front to Rear,Clear,Dry,Daylight,No Controls,NONE DETECTED,No,No Apparent Injury,NA,Not Distracted,MD,Passenger Car,Moving Constant Speed,45,No,2013,FORD,FIESTA,39.17397723,-77.25019972,2025,5,17
250019590,Property Damage Crash,05/04/2025 05:05:00 PM,MIDDLEBROOK RD,NA,Front to Rear,Clear,Dry,Daylight,No Controls,NONE DETECTED,No,No Apparent Injury,NA,Not Distracted,MD,Passenger Car,Moving Constant Speed,45,No,2012,HONDA,ODYSSEY,39.17397723,-77.25019972,2025,5,17
250019590,Property Damage Crash,05/04/2025 05:05:00 PM,MIDDLEBROOK RD,NA,Front to Rear,Clear,Dry,Daylight,No Controls,NONE DETECTED,No,NA,NA,NA,NA,Passenger Car,Moving Constant Speed,45,No,2025,BMW,X5,39.17397723,-77.25019972,2025,5,17
250019581,Property Damage Crash,05/04/2025 04:00:00 PM,MUNCASTER MILL RD,NA,Front to Rear,Clear,Dry,Daylight,Traffic Control Signal,NONE DETECTED,No,No Apparent Injury,NA,Not Distracted,MD,Passenger Car,Stopped in Traffic,25,No,2004,HONDA,ACCORD,39.14871873,-77.14760455,2025,5,16
250019581,Property Damage Crash,05/04/2025 04:00:00 PM,MUNCASTER MILL RD,NA,Front to Rear,Clear,Dry,Daylight,Traffic Control Signal,NONE DETECTED,No,NA,NA,NA,NA,Passenger Car,Slowing or Stopping,25,No,2016,HONDA,ACCORD,39.14871873,-77.14760455,2025,5,16
250019578,Injury Crash,05/04/2025 03:58:00 PM,TALL OAKS RD,NA,Front to Rear,Clear,Dry,Daylight,No Controls,NONE DETECTED,No,No Apparent Injury,NA,Not Distracted,MD,Sport Utility Vehicle,Turning Right,35,No,2024,HONDA,PROLOGUE,39.18251381,-77.19916373,2025,5,15
250019578,Injury Crash,05/04/2025 03:58:00 PM,TALL OAKS RD,NA,Front to Rear,Clear,Dry,Daylight,No Controls,ALCOHOL PRESENT,Yes,Possible Minor Injury,"Followed Too Closely, Operated Motor Vehicle in Inattentive, Careless, Negligent, or Erratic Manner, Other Improper Action",Unknown,MD,Sport Utility Vehicle,Moving Constant Speed,35,No,2011,NISSAN,ROGUE,39.18251381,-77.19916373,2025,5,15
250019564,Property Damage Crash,05/04/2025 02:20:00 PM,NA,NA,Front to Rear,Cloudy,NA,Daylight,NA,NONE DETECTED,No,No Apparent Injury,NA,Not Distracted,MD,Sport Utility Vehicle,Backing,0,No,2015,BMW,X1,39.14197458,-77.18989668,2025,5,14
250019564,Property Damage Crash,05/04/2025 02:20:00 PM,NA,NA,Front to Rear,Cloudy,NA,Daylight,NA,NONE DETECTED,No,No Apparent Injury,NA,Not Distracted,MD,Sport Utility Vehicle,Accelerating,0,No,2023,GENESIS,GV70,39.14197458,-77.18989668,2025,5,14
250019566,Property Damage Crash,05/04/2025 01:50:00 PM,NA,NA,Other,Clear,NA,Daylight,NA,NONE DETECTED,No,NA,NA,NA,NA,NA,Moving Constant Speed,0,No,0,NA,NA,38.96347507,-77.10726823,2025,5,13
250019558,Property Damage Crash,05/04/2025 01:22:00 PM,HUNGERFORD DR,NA,Angle,Rain,Wet,Daylight,Traffic Control Signal,NONE DETECTED,Yes,No Apparent Injury,NA,Not Distracted,MD,Sport Utility Vehicle,Turning Left,40,No,2020,MERCEDES-BENZ,GLS-CLASS,39.10348076,-77.15585294,2025,5,13
250019558,Property Damage Crash,05/04/2025 01:22:00 PM,HUNGERFORD DR,NA,Angle,Rain,Wet,Daylight,Traffic Control Signal,NONE DETECTED,Yes,No Apparent Injury,NA,Not Distracted,MD,Sport Utility Vehicle,Moving Constant Speed,40,No,2018,HONDA,HR-V,39.10348076,-77.15585294,2025,5,13
250019566,Injury Crash,05/04/2025 12:54:00 PM,WATKINS POND BLVD,NA,"Sideswipe, Opposite Direction",Rain,Wet,Daylight,No Controls,NONE DETECTED,No,No Apparent Injury,NA,Not Distracted,MD,Station Wagon,Stopped in Traffic,35,No,2006,VOLVO,XC70,39.11244232,-77.16189867,2025,5,12
250019566,Injury Crash,05/04/2025 12:54:00 PM,WATKINS POND BLVD,NA,"Sideswipe, Opposite Direction",Rain,Wet,Daylight,Traffic Control Signal,NONE DETECTED,No,Possible Minor Injury,NA,Not Distracted,MD,Sport Utility Vehicle,Moving Constant Speed,35,No,2011,TOYOTA,RAV4,39.11244232,-77.16189867,2025,5,12
250019548,Injury Crash,05/04/2025 11:41:00 AM,GEORGIA AVE,NA,Angle,Clear,Dry,Daylight,Stop Sign,NONE DETECTED,No,Possible Minor Injury,NA,Not Distracted,MD,NA,Moving Constant Speed,25,No,0,NA,NA,39.05523872,-77.05013397,2025,5,11
250019548,Injury Crash,05/04/2025 11:41:00 AM,GEORGIA AVE,NA,Angle,Clear,Dry,Daylight,No Controls,NONE DETECTED,No,NA,NA,NA,NA,NA,Entering Traffic Lane,25,No,0,NA,NA,39.05523872,-77.05013397,2025,5,11
250019551,Property Damage Crash,05/04/2025 11:40:00 AM,EMORY LA,NA,Single Vehicle,Cloudy,Wet,Daylight,Traffic Control Signal,NONE DETECTED,Yes,No Apparent Injury,Improper Turn,Not Distracted,MD,Sport Utility Vehicle,Turning Right,35,No,2024,AUDI,Q3,39.12681973,-77.07950488,2025,5,11
250019557,Injury Crash,05/04/2025 11:30:00 AM,BRINK RD (WB/L),NA,Front to Rear,Rain,Wet,Daylight,No Controls,NONE DETECTED,Yes,No Apparent Injury,Too Fast For Conditions,Not Distracted,MD,Passenger Car,Moving Constant Speed,35,No,2000,CHEVROLET,SUBURBAN,39.20657677,-77.18457493,2025,5,11
250019557,Injury Crash,05/04/2025 11:30:00 AM,BRINK RD (WB/L),NA,Front to Rear,Rain,Wet,Daylight,No Controls,NONE DETECTED,No,Possible Minor Injury,NA,Not Distracted,MD,Passenger Car,Slowing or Stopping,35,No,2024,TESLA,MODEL Y,39.20657677,-77.18457493,2025,5,11
250019541,Property Damage Crash,05/04/2025 11:28:00 AM,LYTTONSVILLE RD,NA,Front to Rear,Cloudy,Wet,Daylight,No Controls,NONE DETECTED,No,NA,NA,NA,NA,Passenger Car,Moving Constant Speed,25,No,2016,KIA,FORTE,38.99740367,-77.05411417,2025,5,11
250019543,Property Damage Crash,05/04/2025 11:24:00 AM,BRINK RD,NA,Single Vehicle,Rain,Wet,Daylight,No Controls,NONE DETECTED,Yes,No Apparent Injury,Too Fast For Conditions,Not Distracted,MD,Passenger Car,Negotiating a Curve,35,No,2015,NISSAN,ROGUE,39.205215,-77.18656333,2025,5,11
250019535,Injury Crash,05/04/2025 10:28:00 AM,COLUMBIA PIKE,NA,Front to Rear,Rain,Wet,Daylight,Traffic Control Signal,NONE DETECTED,No,Possible Minor Injury,NA,Not Distracted,MD,Passenger Car,Moving Constant Speed,45,No,2015,NISSAN,ALTIMA,39.03117126,-77.00471768,2025,5,10
250019535,Injury Crash,05/04/2025 10:28:00 AM,COLUMBIA PIKE,NA,Front to Rear,Rain,Wet,Daylight,Traffic Control Signal,NONE DETECTED,No,No Apparent Injury,NA,Not Distracted,MD,Sport Utility Vehicle,Turning Left,45,No,2007,CHEVROLET,TAHOE,39.03117126,-77.00471768,2025,5,10
250019523,Injury Crash,05/04/2025 09:30:00 AM,SHADY GROVE RD (SB/L),NA,Single Vehicle,Rain,Wet,Daylight,Traffic Control Signal,NONE DETECTED,Yes,Possible Minor Injury,Too Fast For Conditions,Not Distracted,MD,Passenger Car,Moving Constant Speed,45,No,2019,VOLKSWAGEN,JETTA,39.1408615,-77.15207951,2025,5,9
250019521,Injury Crash,05/04/2025 09:15:00 AM,GREAT PARK CIR,NA,Single Vehicle,Rain,Wet,Daylight,No Controls,NONE DETECTED,Yes,Possible Minor Injury,"Operated Motor Vehicle in Inattentive, Careless, Negligent, or Erratic Manner, Ran Off Roadway",Not Distracted,MD,Passenger Car,Moving Constant Speed,15,No,2021,TOYOTA,COROLLA,39.20281504,-77.25466665,2025,5,9
250019515,Property Damage Crash,05/04/2025 07:27:00 AM,NA,NA,Single Vehicle,Cloudy,NA,Daylight,NA,NONE DETECTED,Yes,No Apparent Injury,NA,Not Distracted,MD,Pickup,Moving Constant Speed,0,No,2015,RAM,1500,39.05276872,-76.95400866,2025,5,7
250019512,Property Damage Crash,05/04/2025 04:06:00 AM,PARKING LOT CUT THRU CUT,NA,Single Vehicle,Rain,Wet,Medium,No Controls,ALCOHOL PRESENT,Yes,No Apparent Injury,NA,Unknown,MD,Passenger Car,Turning Left,15,No,2014,NISSAN,MAXIMA,39.0252162,-77.12477647,2025,5,4
250019507,Injury Crash,05/04/2025 03:15:00 AM,FINCH ST,NA,Front to Front,Clear,Wet,Medium,No Controls,NONE DETECTED,No,Possible Minor Injury,NA,NA,NA,Passenger Car,Moving Constant Speed,25,No,2024,KIA,TELLURIDE,39.027085,-77.05419117,2025,5,3
250019502,Injury Crash,05/04/2025 02:15:00 AM,OLD HUNDRED RD,NA,Single Vehicle,Rain,Wet,Dark,No Controls,NONE DETECTED,Yes,Possible Minor Injury,NA,Not Distracted,MD,Passenger Car,Moving Constant Speed,35,No,2013,NISSAN,ALTIMA,39.23764283,-77.35971933,2025,5,2
250019494,Property Damage Crash,05/04/2025 12:13:00 AM,NA,NA,Other,Rain,Wet,Medium,Traffic Control Signal,NONE DETECTED,Yes,No Apparent Injury,NA,Unknown,NA,Passenger Car,Turning Left,35,No,2012,HONDA,CR-V,39.08115953,-76.94621197,2025,5,0
250019494,Property Damage Crash,05/04/2025 12:13:00 AM,NA,NA,Other,Rain,Wet,Medium,Traffic Control Signal,NONE DETECTED,No,No Apparent Injury,NA,Not Distracted,MD,Passenger Car,Turning Left,35,No,2024,VOLVO,S60,39.08115953,-76.94621197,2025,5,0
250019468,Property Damage Crash,05/03/2025 07:45:00 PM,FATHER HURLEY BLVD (NB/L),NA,Angle,Cloudy,Dry,Medium,Traffic Control Signal,NONE DETECTED,Yes,No Apparent Injury,NA,Unknown,MD,Passenger Car,Moving Constant Speed,45,No,2022,NISSAN,PATHFINDER,39.1934616,-77.27007067,2025,5,19
250019468,Property Damage Crash,05/03/2025 07:45:00 PM,FATHER HURLEY BLVD (NB/L),NA,Angle,Cloudy,Dry,Medium,Traffic Control Signal,NONE DETECTED,No,No Apparent Injury,NA,Not Distracted,VA,Passenger Car,Turning Left,45,No,2019,LEXUS,RX,39.1934616,-77.27007067,2025,5,19
250019460,Injury Crash,05/03/2025 06:52:00 PM,COLUMBIA PIKE (SB/L),NA,Front to Rear,Clear,Dry,Daylight,No Controls,NONE DETECTED,No,NA,NA,NA,NA,Passenger Car,Changing Lanes,40,No,2021,VOLKSWAGEN,PASSAT,39.03838567,-76.99866733,2025,5,18
250019460,Injury Crash,05/03/2025 06:52:00 PM,COLUMBIA PIKE (SB/L),NA,Front to Rear,Clear,Dry,Daylight,No Controls,NONE DETECTED,No,Possible Minor Injury,NA,Not Distracted,MD,Passenger Car,Moving Constant Speed,40,No,2013,NISSAN,FRONTIER,39.03838567,-76.99866733,2025,5,18
250019460,Injury Crash,05/03/2025 06:52:00 PM,COLUMBIA PIKE (SB/L),NA,Front to Rear,Clear,Dry,Daylight,No Controls,NONE DETECTED,No,Possible Minor Injury,NA,Not Distracted,MD,Passenger Car,Moving Constant Speed,40,No,1999,HONDA,CR-V,39.03838567,-76.99866733,2025,5,18
250019759,Property Damage Crash,05/03/2025 06:10:00 PM,NEW HAMPSHIRE AVE,NA,"Sideswipe, Same Direction",Clear,Dry,Daylight,No Controls,NONE DETECTED,No,No Apparent Injury,"Failed to Keep in Proper Lane, Operated Motor Vehicle in Inattentive, Careless, Negligent, or Erratic Manner",Unknown,NA,Passenger Car,Changing Lanes,40,No,2015,GMC,ACADIA,39.02138319,-76.97691153,2025,5,18
250019759,Property Damage Crash,05/03/2025 06:10:00 PM,NEW HAMPSHIRE AVE,NA,"Sideswipe, Same Direction",Clear,Dry,Daylight,No Controls,NONE DETECTED,No,No Apparent Injury,NA,Not Distracted,MD,Passenger Car,Stopped in Traffic,40,No,2018,FORD,ESCAPE,39.02138319,-76.97691153,2025,5,18
250019448,Injury Crash,05/03/2025 05:09:00 PM,WASHINGTONIAN BLVD,NA,Other,Cloudy,Dry,Daylight,No Controls,NONE DETECTED,No,Possible Minor Injury,NA,Not Distracted,MD,Passenger Car,Moving Constant Speed,25,No,2025,KIA,K5,39.11643528,-77.19919409,2025,5,17
250019448,Injury Crash,05/03/2025 05:09:00 PM,WASHINGTONIAN BLVD,NA,Other,Cloudy,Dry,Daylight,No Controls,ALCOHOL PRESENT,No,No Apparent Injury,NA,Not Distracted,MD,Sport Utility Vehicle,Turning Left,25,No,2004,TOYOTA,AVALON,39.11643528,-77.19919409,2025,5,17
250019450,Property Damage Crash,05/03/2025 04:45:00 PM,GEORGIA AVE,NA,Front to Rear,Clear,Dry,Daylight,Traffic Control Signal,NONE DETECTED,Yes,No Apparent Injury,NA,Unknown,MD,Passenger Car,Slowing or Stopping,35,No,2014,MERCEDES-BENZ,SPRINTER,39.08308832,-77.07727629,2025,5,16
250019450,Property Damage Crash,05/03/2025 04:45:00 PM,GEORGIA AVE,NA,Front to Rear,Clear,Dry,Daylight,Traffic Control Signal,NONE DETECTED,No,No Apparent Injury,NA,Not Distracted,MD,Passenger Car,Stopped in Traffic,35,No,2025,TOYOTA,RAV4,39.08308832,-77.07727629,2025,5,16
250019443,Property Damage Crash,05/03/2025 03:40:00 PM,OLD MD 198,NA,"Sideswipe, Opposite Direction",Clear,Dry,Daylight,No Controls,NONE DETECTED,No,No Apparent Injury,NA,Not Distracted,MD,Passenger Car,Moving Constant Speed,25,No,2022,TOYOTA,CAMRY,39.12230578,-76.98861674,2025,5,15
250019443,Property Damage Crash,05/03/2025 03:40:00 PM,OLD MD 198,NA,"Sideswipe, Opposite Direction",Clear,Dry,Daylight,No Controls,NONE DETECTED,No,No Apparent Injury,NA,Unknown,NA,Pickup,Moving Constant Speed,25,No,2005,CHEVROLET,SILVERADO,39.12230578,-76.98861674,2025,5,15
250019440,Injury Crash,05/03/2025 03:38:00 PM,FIELDCREST RD,NA,Other,Clear,Dry,Daylight,Traffic Control Signal,NONE DETECTED,No,Possible Minor Injury,NA,Not Distracted,MD,Passenger Car,Accelerating,45,No,2019,HYUNDAI,TUCSON,39.18519836,-77.15069038,2025,5,15
250019440,Injury Crash,05/03/2025 03:38:00 PM,FIELDCREST RD,NA,Other,Clear,Dry,Daylight,Traffic Control Signal,NONE DETECTED,Yes,No Apparent Injury,Failed to Yield Right-of-Way,Unknown,VA,Passenger Car,Turning Left,45,No,2018,HONDA,CR-V,39.18519836,-77.15069038,2025,5,15
250019434,Property Damage Crash,05/03/2025 03:21:00 PM,ROCKVILLE PIKE (SB/L),NA,Front to Front,Clear,Dry,Daylight,Stop Sign,NONE DETECTED,No,No Apparent Injury,Improper Turn,Unknown,VA,Sport Utility Vehicle,Turning Right,35,No,2005,TOYOTA,4-RUNNER,39.07874908,-77.14201758,2025,5,15
250019434,Property Damage Crash,05/03/2025 03:21:00 PM,ROCKVILLE PIKE (SB/L),NA,Front to Front,Clear,Dry,Daylight,Stop Sign,NONE DETECTED,No,No Apparent Injury,NA,Not Distracted,MD,Passenger Car,Moving Constant Speed,35,No,2017,VOLKSWAGEN,GOLF GTI,39.07874908,-77.14201758,2025,5,15
250019435,Property Damage Crash,05/03/2025 02:59:00 PM,SHADY GROVE RD,NA,Front to Rear,Clear,Dry,Daylight,No Controls,NONE DETECTED,Yes,No Apparent Injury,Followed Too Closely,Not Distracted,MD,Van - Cargo,Moving Constant Speed,40,No,2005,FORD,E-250,39.12858806,-77.1679724,2025,5,14
250019435,Property Damage Crash,05/03/2025 02:59:00 PM,SHADY GROVE RD,NA,Front to Rear,Clear,Dry,Daylight,No Controls,NONE DETECTED,No,No Apparent Injury,NA,Not Distracted,VA,Passenger Car,Moving Constant Speed,40,No,2020,TOYOTA,PRIUS PRIME,39.12858806,-77.1679724,2025,5,14
250019427,Property Damage Crash,05/03/2025 02:39:00 PM,KEY WEST AVE,NA,Angle,Clear,Dry,Daylight,Traffic Control Signal,NONE DETECTED,Yes,No Apparent Injury,"Operated Motor Vehicle in Inattentive, Careless, Negligent, or Erratic Manner, Other Improper Action",Unknown,MD,Passenger Car,Moving Constant Speed,25,No,2018,TOYOTA,HIGHLANDER,39.10531692,-77.19659947,2025,5,14
250019427,Property Damage Crash,05/03/2025 02:39:00 PM,KEY WEST AVE,NA,Angle,Clear,Dry,Daylight,Traffic Control Signal,NONE DETECTED,Yes,No Apparent Injury,"Operated Motor Vehicle in Inattentive, Careless, Negligent, or Erratic Manner, Other Improper Action",Unknown,MD,Passenger Car,Moving Constant Speed,35,No,2012,FORD,FOCUS,39.10531692,-77.19659947,2025,5,14
250019428,Property Damage Crash,05/03/2025 02:30:00 PM,NEW HAMPSHIRE AVE,NA,Front to Rear,Clear,Dry,Daylight,Traffic Control Signal,NONE DETECTED,No,No Apparent Injury,NA,Not Distracted,MD,Sport Utility Vehicle,Moving Constant Speed,35,No,2021,JEEP,WRANGLER,38.98323113,-76.98831449,2025,5,14
250019428,Property Damage Crash,05/03/2025 02:30:00 PM,NEW HAMPSHIRE AVE,NA,Front to Rear,Clear,Dry,Daylight,Traffic Control Signal,NONE DETECTED,No,NA,NA,NA,NA,Passenger Car,Moving Constant Speed,35,No,2006,HONDA,ODYSSEY,38.98323113,-76.98831449,2025,5,14
250019408,Injury Crash,05/03/2025 12:40:00 PM,NA,NA,Front to Rear,Clear,Dry,Daylight,No Controls,NONE DETECTED,Yes,Possible Minor Injury,NA,Unknown,MD,Passenger Car,Slowing or Stopping,30,No,2007,FORD,F-150,39.14642493,-77.2045747,2025,5,12