Local Case Number,ACRS Report Type,Crash Date/Time,Road Name,Related Non-Motorist,Collision Type,Weather,Surface Condition,Light,Traffic Control,Driver Substance Abuse,Driver At Fault,Injury Severity,Circumstance,Driver Distracted By,Drivers License State,Vehicle Body Type,Vehicle Movement,Speed Limit,Driverless Vehicle,Vehicle Year,Vehicle Make,Vehicle Model,Latitude,Longitude,Year,Month,Hour
250019105,Property Damage Crash,05/01/2025 04:08:00 PM,ROCKVILLE PIKE,NA,"Sideswipe, Same Direction",Clear,Dry,Daylight,No Controls,NONE DETECTED,No,NA,NA,NA,NA,Passenger Car,Changing Lanes,35,No,2024,TESLA,CYBERTRUCK,39.013504759999996,-77.09907054,2025,5,16
250019108,Property Damage Crash,05/01/2025 04:05:00 PM,MANOR RD,NA,Front to Rear,Clear,Dry,Daylight,Traffic Control Signal,NONE DETECTED,No,No Apparent Injury,NA,NA,NA,Sport Utility Vehicle,Moving Constant Speed,35,No,2023,TOYOTA,RAV4,38.99614242,-77.07671301,2025,5,16
250019108,Property Damage Crash,05/01/2025 04:05:00 PM,MANOR RD,NA,Front to Rear,Clear,Dry,Daylight,Traffic Control Signal,NONE DETECTED,No,No Apparent Injury,NA,Not Distracted,MD,Sport Utility Vehicle,Stopped in Traffic,35,No,2018,VOLKSWAGEN,TIGUAN,38.99614242,-77.07671301,2025,5,16
250019089,Property Damage Crash,05/01/2025 03:50:00 PM,GOSHEN RD,NA,Front to Rear,Clear,Dry,Daylight,No Controls,NONE DETECTED,No,No Apparent Injury,NA,Not Distracted,MD,Passenger Car,Stopped in Traffic,35,No,2004,SUBARU,IMPREZA,39.15935284,-77.19210291,2025,5,15
250019089,Property Damage Crash,05/01/2025 03:50:00 PM,GOSHEN RD,NA,Front to Rear,Clear,Dry,Daylight,No Controls,NONE DETECTED,No,No Apparent Injury,NA,Not Distracted,MD,Passenger Car,Stopped in Traffic,35,No,2015,CHEVROLET,MALIBU,39.15935284,-77.19210291,2025,5,15
250019089,Property Damage Crash,05/01/2025 03:50:00 PM,GOSHEN RD,NA,Front to Rear,Clear,Dry,Daylight,No Controls,NONE DETECTED,No,NA,NA,NA,NA,Passenger Car,Stopped in Traffic,35,No,2006,HONDA,RIDGELINE,39.15935284,-77.19210291,2025,5,15
250019089,Property Damage Crash,05/01/2025 03:50:00 PM,GOSHEN RD,NA,Front to Rear,Clear,Dry,Daylight,No Controls,NONE DETECTED,No,No Apparent Injury,NA,Not Distracted,MD,Passenger Car,Stopped in Traffic,35,No,2020,JEEP,RENEGADE,39.15935284,-77.19210291,2025,5,15
250019089,Property Damage Crash,05/01/2025 03:50:00 PM,GOSHEN RD,NA,Front to Rear,Clear,Dry,Daylight,No Controls,NONE DETECTED,Yes,No Apparent Injury,"Followed Too Closely, Other Improper Action",Unknown,MD,Passenger Car,Slowing or Stopping,35,No,2015,FORD,ESCAPE,39.15935284,-77.19210291,2025,5,15
250019083,Property Damage Crash,05/01/2025 03:31:00 PM,GREAT SENECA HWY (SB/L),NA,Single Vehicle,Clear,Dry,Daylight,No Controls,NONE DETECTED,No,No Apparent Injury,Over-Correcting/Over-Steering,Not Distracted,MD,Passenger Car,Moving Constant Speed,35,No,2014,MERCEDES-BENZ,ML-CLASS,39.16813267,-77.26701933,2025,5,15
250019074,Property Damage Crash,05/01/2025 02:39:00 PM,COLUMBIA PIKE,NA,Front to Rear,Clear,Dry,Daylight,No Controls,NONE DETECTED,Yes,No Apparent Injury,NA,"Other Action (looking away from task, etc.)",MD,Sport Utility Vehicle,Moving Constant Speed,55,No,2019,HONDA,CR-V,39.088725,-76.94351517,2025,5,14
250019074,Property Damage Crash,05/01/2025 02:39:00 PM,COLUMBIA PIKE,NA,Front to Rear,Clear,Dry,Daylight,No Controls,NONE DETECTED,No,No Apparent Injury,NA,Not Distracted,MD,Passenger Car,Slowing or Stopping,55,No,2017,TOYOTA,COROLLA,39.088725,-76.94351517,2025,5,14
250019072,Property Damage Crash,05/01/2025 02:37:00 PM,RANDOLPH RD,NA,Angle,Clear,Dry,Daylight,No Controls,NONE DETECTED,No,No Apparent Injury,NA,Not Distracted,MD,Passenger Car,Moving Constant Speed,35,No,2011,TOYOTA,CAMRY,39.05341343,-77.10936295,2025,5,14
250019072,Property Damage Crash,05/01/2025 02:37:00 PM,RANDOLPH RD,NA,Angle,Clear,Dry,Daylight,No Controls,NONE DETECTED,Yes,No Apparent Injury,"Failed to Yield Right-of-Way, Improper Turn",Not Distracted,MD,Passenger Car,Turning Left,35,No,2023,RAM,PROMASTER 3500,39.05341343,-77.10936295,2025,5,14
250019071,Property Damage Crash,05/01/2025 02:05:00 PM,GUE RD,NA,"Sideswipe, Same Direction",Clear,Dry,Daylight,No Controls,NONE DETECTED,Yes,No Apparent Injury,Other Improper Action,Not Distracted,MD,Pickup,Accelerating,30,No,1999,FORD,F-350,39.3020556,-77.19450369,2025,5,14
250019071,Property Damage Crash,05/01/2025 02:05:00 PM,GUE RD,NA,"Sideswipe, Same Direction",Clear,Dry,Daylight,No Controls,NONE DETECTED,Yes,No Apparent Injury,Other Improper Action,Not Distracted,MD,Pickup,Accelerating,30,No,2019,CHEVROLET,SILVERADO,39.3020556,-77.19450369,2025,5,14
250019066,Injury Crash,05/01/2025 01:59:00 PM,WARING STATION RD,NA,Front to Front,Clear,Dry,Daylight,No Controls,NONE DETECTED,Yes,Possible Minor Injury,NA,Not Distracted,MD,Passenger Car,Moving Constant Speed,30,No,2016,TOYOTA,COROLLA,39.1610606,-77.25063954,2025,5,13
250019066,Injury Crash,05/01/2025 01:59:00 PM,WARING STATION RD,NA,Front to Front,Clear,Dry,Daylight,No Controls,NONE DETECTED,No,No Apparent Injury,NA,Not Distracted,MD,Passenger Car,Moving Constant Speed,35,No,2015,AUDI,A5,39.1610606,-77.25063954,2025,5,13
250019062,Property Damage Crash,05/01/2025 01:00:00 PM,SANDY SPRING RD,NA,Rear To Side,Clear,Dry,Daylight,Traffic Control Signal,NONE DETECTED,No,No Apparent Injury,NA,Not Distracted,MD,Passenger Car,Stopped in Traffic,40,No,2014,HONDA,ODYSSEY,39.11155808,-76.92913133,2025,5,13
250019062,Property Damage Crash,05/01/2025 01:00:00 PM,SANDY SPRING RD,NA,Rear To Side,Clear,Dry,Daylight,Traffic Control Signal,NONE DETECTED,Yes,No Apparent Injury,Other Improper Action,Unknown,MD,Passenger Car,Slowing or Stopping,40,No,2016,FORD,F-450,39.11155808,-76.92913133,2025,5,13
250019053,Property Damage Crash,05/01/2025 12:31:00 PM,NA,NA,Front to Rear,Clear,Dry,Daylight,Traffic Control Signal,NONE DETECTED,Yes,No Apparent Injury,"Followed Too Closely, Too Fast For Conditions",Unknown,MD,Sport Utility Vehicle,Slowing or Stopping,35,No,2024,PORSCHE,CAYENNE,39.10252271,-77.22074741,2025,5,12
250019053,Property Damage Crash,05/01/2025 12:31:00 PM,NA,NA,Front to Rear,Clear,Dry,Daylight,Traffic Control Signal,NONE DETECTED,No,No Apparent Injury,NA,Not Distracted,MD,Passenger Car,Stopped in Traffic,35,No,2022,MERCEDES-BENZ,S-CLASS,39.10252271,-77.22074741,2025,5,12
250019053,Property Damage Crash,05/01/2025 12:31:00 PM,NA,NA,Front to Rear,Clear,Dry,Daylight,Traffic Control Signal,NONE DETECTED,No,No Apparent Injury,NA,Not Distracted,MD,Passenger Car,Stopped in Traffic,35,No,2012,CHEVROLET,VOLT,39.10252271,-77.22074741,2025,5,12
250019033,Property Damage Crash,05/01/2025 10:43:00 AM,JONES BRIDGE RD,NA,Front to Rear,Clear,Dry,Daylight,Traffic Control Signal,NONE DETECTED,Yes,No Apparent Injury,NA,Not Distracted,MD,Pickup,NA,35,No,2021,FORD,F-350,38.9998168,-77.07712389,2025,5,10
250019033,Property Damage Crash,05/01/2025 10:43:00 AM,JONES BRIDGE RD,NA,Front to Rear,Clear,Dry,Daylight,Traffic Control Signal,NONE DETECTED,Yes,No Apparent Injury,NA,Not Distracted,MD,Passenger Car,NA,35,No,2017,LEXUS,NX,38.9998168,-77.07712389,2025,5,10
250019032,Property Damage Crash,05/01/2025 10:42:00 AM,CENTER CUT THRU CUT,NA,Angle,Clear,Dry,Daylight,No Controls,NONE DETECTED,Yes,No Apparent Injury,NA,Not Distracted,MD,Passenger Car,Making U-Turn,40,No,2008,NISSAN,MAXIMA,39.0672145,-77.10180733,2025,5,10
250019032,Property Damage Crash,05/01/2025 10:42:00 AM,CENTER CUT THRU CUT,NA,Angle,Clear,Dry,Daylight,No Controls,NONE DETECTED,No,No Apparent Injury,NA,Not Distracted,MD,Passenger Car,Moving Constant Speed,40,No,2011,NISSAN,VERSA,39.0672145,-77.10180733,2025,5,10
250019021,Property Damage Crash,05/01/2025 09:27:00 AM,EAST WEST HWY (WB/L),NA,"Sideswipe, Same Direction",Clear,Dry,Daylight,No Controls,NONE DETECTED,Yes,No Apparent Injury,Failed to Keep in Proper Lane,Not Distracted,MD,Passenger Car,Moving Constant Speed,35,No,2016,TOYOTA,COROLLA,38.99298746,-77.05413481,2025,5,9
250019021,Property Damage Crash,05/01/2025 09:27:00 AM,EAST WEST HWY (WB/L),NA,"Sideswipe, Same Direction",Clear,Dry,Daylight,No Controls,NONE DETECTED,Yes,No Apparent Injury,Failed to Keep in Proper Lane,Not Distracted,VA,Bus - Transit,Moving Constant Speed,35,No,2019,NEW FLYER,XCELSIOR,38.99298746,-77.05413481,2025,5,9
250019005,Property Damage Crash,05/01/2025 08:35:00 AM,ROOSEVELT ST,Cyclist (non-electric),Single Vehicle,Clear,Dry,Daylight,Stop Sign,NONE DETECTED,No,No Apparent Injury,NA,Not Distracted,MD,Passenger Car,Entering Traffic Lane,25,No,2022,BMW,X5,38.99594801,-77.10958911,2025,5,8
250019000,Property Damage Crash,05/01/2025 07:54:00 AM,NA,Cyclist (Electric),Single Vehicle,Clear,Dry,Daylight,Traffic Control Signal,NONE DETECTED,Yes,No Apparent Injury,Other Improper Action,Not Distracted,MD,Passenger Car,Turning Right,25,No,2019,DODGE,CHARGER,39.06703834,-77.16172338,2025,5,7
250018994,Injury Crash,05/01/2025 06:25:00 AM,FURMAN RD,NA,"Sideswipe, Same Direction",Clear,Dry,Daylight,No Controls,ALCOHOL PRESENT,No,Possible Minor Injury,"Failed to Keep in Proper Lane, Operated Motor Vehicle in Inattentive, Careless, Negligent, or Erratic Manner, Operated Motor Vehicle in Reckless or Aggressive Manner, Other Improper Action",Unknown,MD,Sport Utility Vehicle,Overtaking/Passing,25,No,2006,TOYOTA,HIGHLANDER,39.059789,-77.0913245,2025,5,6
250018986,Property Damage Crash,05/01/2025 01:30:00 AM,CARROLL AVE,NA,Angle,Clear,Dry,Medium,Flashing Traffic Control Signal,NONE DETECTED,No,No Apparent Injury,NA,Not Distracted,MD,Passenger Car,Moving Constant Speed,35,No,1994,ACURA,INTEGRA,39.00001294,-76.9907245,2025,5,1
250018986,Property Damage Crash,05/01/2025 01:30:00 AM,CARROLL AVE,NA,Angle,Clear,Dry,Medium,Flashing Traffic Control Signal,NONE DETECTED,No,No Apparent Injury,NA,Not Distracted,MD,Passenger Car,Moving Constant Speed,35,No,2019,TOYOTA,CAMRY,39.00001294,-76.9907245,2025,5,1
250018982,Property Damage Crash,04/30/2025 11:24:00 PM,WISCONSIN AVE,NA,Single Vehicle,Clear,Dry,Medium,No Controls,NONE DETECTED,No,NA,NA,NA,NA,Passenger Car,Moving Constant Speed,25,No,2016,HYUNDAI,SONATA,38.98922197,-77.09516749,2025,4,23
250018975,Property Damage Crash,04/30/2025 09:30:00 PM,FIRST ST,NA,Front to Rear,Clear,Dry,Medium,No Controls,NONE DETECTED,No,NA,NA,NA,NA,Passenger Car,Parked,0,No,2009,CHRYSLER,TOWN AND COUNTRY,39.08963494,-77.13622754,2025,4,21
250018975,Property Damage Crash,04/30/2025 09:30:00 PM,FIRST ST,NA,Front to Rear,Clear,Dry,Medium,No Controls,ALCOHOL PRESENT,Yes,No Apparent Injury,NA,Not Distracted,MD,Passenger Car,Moving Constant Speed,30,No,2008,HONDA,ACCORD,39.08963494,-77.13622754,2025,4,21
25000776,Injury Crash,04/30/2025 08:41:00 PM,BEACH DR,NA,Front to Front,Clear,Dry,Medium,Traffic Control Signal,NONE DETECTED,Yes,Possible Minor Injury,NA,Unknown,MD,Passenger Car,Turning Right,35,No,2012,FIAT,UNKNOWN,39.00813002,-77.08005678,2025,4,20
25000776,Injury Crash,04/30/2025 08:41:00 PM,BEACH DR,NA,Front to Front,Clear,Dry,Medium,Traffic Control Signal,NONE DETECTED,No,Possible Minor Injury,NA,Not Distracted,DC,Passenger Car,Stopped in Traffic,25,No,2016,CHEVROLET,EQUINOX,39.00813002,-77.08005678,2025,4,20
250018956,Property Damage Crash,04/30/2025 08:23:00 PM,COLUMBIA PIKE (SB/L),NA,"Sideswipe, Same Direction",Clear,Dry,Daylight,No Controls,NONE DETECTED,No,No Apparent Injury,NA,Not Distracted,MD,Passenger Car,Changing Lanes,55,No,2013,SUBARU,IMPREZA,39.08736401,-76.94484957,2025,4,20
250018956,Property Damage Crash,04/30/2025 08:23:00 PM,COLUMBIA PIKE (SB/L),NA,"Sideswipe, Same Direction",Clear,Dry,Daylight,No Controls,NONE DETECTED,No,No Apparent Injury,NA,"Other Action (looking away from task, etc.)",MD,Passenger Car,Moving Constant Speed,55,No,2011,TOYOTA,CAMRY,39.08736401,-76.94484957,2025,4,20
250018965,Injury Crash,04/30/2025 08:20:00 PM,NA,Pedestrian,Single Vehicle,Clear,NA,Medium,NA,NONE DETECTED,Yes,No Apparent Injury,Improper Backing,Unknown,MD,Passenger Car,Backing,0,No,2017,GENESIS,G80,39.09441981,-77.11032623,2025,4,20
250018971,Injury Crash,04/30/2025 07:30:00 PM,BOUNTY COVE CT,Scooter (non-Electric),Single Vehicle,Clear,Dry,Daylight,No Controls,NONE DETECTED,No,No Apparent Injury,NA,Not Distracted,MD,Passenger Car,Accelerating,15,No,2009,NISSAN,VERSA,39.09875976,-77.21973191,2025,4,19
250018949,Injury Crash,04/30/2025 07:15:00 PM,HUNGERFORD DR (SB/L),NA,Angle,Clear,Dry,Daylight,Traffic Control Signal,NONE DETECTED,No,Possible Minor Injury,NA,Not Distracted,MD,Passenger Car,Moving Constant Speed,35,No,2024,SUBARU,OUTBACK,39.08750267,-77.15026783,2025,4,19
250018949,Injury Crash,04/30/2025 07:15:00 PM,HUNGERFORD DR (SB/L),NA,Angle,Clear,Dry,Daylight,Traffic Control Signal,NONE DETECTED,Yes,No Apparent Injury,NA,Unknown,MD,Passenger Car,Turning Left,35,No,2015,HONDA,CR-V,39.08750267,-77.15026783,2025,4,19
250018941,Property Damage Crash,04/30/2025 06:39:00 PM,NA,NA,"Sideswipe, Same Direction",Clear,NA,Daylight,NA,NONE DETECTED,No,NA,NA,NA,NA,Passenger Car,Backing,0,No,2004,TOYOTA,SIENNA,39.07951083,-77.07243267,2025,4,18
250018940,Injury Crash,04/30/2025 06:35:00 PM,BRADMOOR DR,Cyclist (non-electric),Single Vehicle,Clear,Dry,Daylight,Stop Sign,NONE DETECTED,No,No Apparent Injury,NA,Unknown,MD,Passenger Car,Accelerating,20,No,2023,HYUNDAI,ELANTRA,38.99319903,-77.11894625,2025,4,18
250018947,Property Damage Crash,04/30/2025 06:20:00 PM,RAMP 4 FR IS 270 NB TO MONTROSE RD EB,NA,"Sideswipe, Same Direction",Clear,Dry,Daylight,No Controls,NONE DETECTED,Yes,No Apparent Injury,Other Improper Action,Unknown,NA,Pickup,Moving Constant Speed,55,No,2010,FORD,F-150,39.05317026,-77.15279558,2025,4,18
250018947,Property Damage Crash,04/30/2025 06:20:00 PM,RAMP 4 FR IS 270 NB TO MONTROSE RD EB,NA,"Sideswipe, Same Direction",Clear,Dry,Daylight,No Controls,NONE DETECTED,No,No Apparent Injury,NA,Not Distracted,MD,Passenger Car,Moving Constant Speed,55,No,2012,HONDA,CIVIC,39.05317026,-77.15279558,2025,4,18
250018932,Injury Crash,04/30/2025 05:58:00 PM,GEORGIA AVE,NA,Front to Rear,Clear,Dry,Daylight,Traffic Control Signal,NONE DETECTED,No,Possible Minor Injury,NA,Not Distracted,MD,Passenger Car,Stopped in Traffic,35,No,2021,BMW,330I,39.0134341,-77.0418383,2025,4,17
250018932,Injury Crash,04/30/2025 05:58:00 PM,GEORGIA AVE,NA,Front to Rear,Clear,Dry,Daylight,Traffic Control Signal,NONE DETECTED,No,No Apparent Injury,NA,Not Distracted,MD,Passenger Car,Stopped in Traffic,35,No,2011,MAZDA,MAZDA6,39.0134341,-77.0418383,2025,4,17
250018932,Injury Crash,04/30/2025 05:58:00 PM,GEORGIA AVE,NA,Front to Rear,Clear,Dry,Daylight,Traffic Control Signal,NONE DETECTED,Yes,No Apparent Injury,NA,Not Distracted,MD,Passenger Car,Slowing or Stopping,35,No,2007,MAZDA,MAZDA3,39.0134341,-77.0418383,2025,4,17
250018930,Property Damage Crash,04/30/2025 05:45:00 PM,SECURITY LA,NA,"Sideswipe, Same Direction",Clear,Dry,Daylight,Traffic Control Signal,NONE DETECTED,Yes,No Apparent Injury,Other Improper Action,Unknown,MD,Bus - Transit,Moving Constant Speed,40,No,2013,NEW FLYER,XCELSIOR,39.04199438,-77.11032951,2025,4,17
250018930,Property Damage Crash,04/30/2025 05:45:00 PM,SECURITY LA,NA,"Sideswipe, Same Direction",Clear,Dry,Daylight,Traffic Control Signal,NONE DETECTED,No,No Apparent Injury,NA,Not Distracted,MD,Bus - Transit,Changing Lanes,40,No,2024,GILLIG,LOW FLOOR BUS,39.04199438,-77.11032951,2025,4,17
250018926,Injury Crash,04/30/2025 05:39:00 PM,JENNINGS RD,NA,Angle,Clear,Dry,Daylight,No Controls,NONE DETECTED,Yes,Possible Minor Injury,Improper Turn,Not Distracted,MD,Passenger Car,Turning Left,25,No,2007,LEXUS,IS,39.03057514,-77.06398387,2025,4,17
250018926,Injury Crash,04/30/2025 05:39:00 PM,JENNINGS RD,NA,Angle,Clear,Dry,Daylight,No Controls,NONE DETECTED,No,No Apparent Injury,NA,Not Distracted,MD,Passenger Car,Moving Constant Speed,25,No,2011,FORD,EXPLORER,39.03057514,-77.06398387,2025,4,17
250018922,Injury Crash,04/30/2025 05:01:00 PM,WISTERIA DR,NA,Front to Front,Clear,Dry,Daylight,No Controls,NONE DETECTED,No,Possible Minor Injury,NA,Not Distracted,MD,Passenger Car,Backing,25,No,2013,HONDA,CIVIC,39.169105,-77.260695,2025,4,17
250018922,Injury Crash,04/30/2025 05:01:00 PM,WISTERIA DR,NA,Front to Front,Clear,Dry,Daylight,No Controls,NONE DETECTED,Yes,Possible Minor Injury,NA,Unknown,MD,Passenger Car,Moving Constant Speed,25,No,2015,HONDA,ACCORD,39.169105,-77.260695,2025,4,17
250018919,Injury Crash,04/30/2025 04:25:00 PM,N SUMMIT AVE,Pedestrian,Single Vehicle,Cloudy,Dry,Daylight,Traffic Control Signal,NONE DETECTED,Yes,No Apparent Injury,Failed to Yield Right-of-Way,Not Distracted,VA,Sport Utility Vehicle,Turning Left,30,No,2018,HONDA,HR-V,39.14215337,-77.19338117,2025,4,16
250018913,Property Damage Crash,04/30/2025 04:20:00 PM,MCKNEW RD,NA,Front to Rear,Clear,Dry,Daylight,Traffic Control Signal,NONE DETECTED,Yes,No Apparent Injury,NA,Unknown,MD,Passenger Car,Slowing or Stopping,45,No,2022,HONDA,CIVIC,39.10631932,-76.91867579,2025,4,16
250018913,Property Damage Crash,04/30/2025 04:20:00 PM,MCKNEW RD,NA,Front to Rear,Clear,Dry,Daylight,Traffic Control Signal,NONE DETECTED,No,No Apparent Injury,NA,Not Distracted,MD,Passenger Car,Stopped in Traffic,45,No,2015,DODGE,CHALLENGER,39.10631932,-76.91867579,2025,4,16
250018909,Property Damage Crash,04/30/2025 04:00:00 PM,WASHINGTONIAN BLVD,NA,Front to Rear,Clear,Dry,Daylight,No Controls,NONE DETECTED,No,No Apparent Injury,NA,Not Distracted,MD,Passenger Car,Stopped in Traffic,20,No,2014,HONDA,CR-V,39.11775977,-77.20331089,2025,4,16
250018909,Property Damage Crash,04/30/2025 04:00:00 PM,WASHINGTONIAN BLVD,NA,Front to Rear,Clear,Dry,Daylight,No Controls,NONE DETECTED,No,No Apparent Injury,NA,Not Distracted,NA,Passenger Car,Moving Constant Speed,20,No,2023,JEEP,WRANGLER,39.11775977,-77.20331089,2025,4,16
250018908,Property Damage Crash,04/30/2025 03:46:00 PM,MIDDLEBROOK RD,NA,Angle,Clear,Dry,Daylight,No Controls,NONE DETECTED,No,No Apparent Injury,NA,Not Distracted,MD,Passenger Car,Moving Constant Speed,40,No,2014,FORD,TAURUS,39.17946781,-77.24030745,2025,4,15
250018908,Property Damage Crash,04/30/2025 03:46:00 PM,MIDDLEBROOK RD,NA,Angle,Clear,Dry,Daylight,Stop Sign,NONE DETECTED,Yes,No Apparent Injury,NA,Not Distracted,MD,Passenger Car,Moving Constant Speed,40,No,2016,HYUNDAI,SONATA,39.17946781,-77.24030745,2025,4,15
250018907,Property Damage Crash,04/30/2025 03:33:00 PM,NA,NA,Single Vehicle,Clear,NA,Daylight,NA,NONE DETECTED,No,No Apparent Injury,NA,Not Distracted,MD,Sport Utility Vehicle,Backing,0,No,2012,AUDI,Q5,38.99515,-77.16354183,2025,4,15
250018896,Injury Crash,04/30/2025 03:18:00 PM,REDLAND RD,NA,Angle,Clear,Dry,Daylight,Stop Sign,NONE DETECTED,No,Possible Minor Injury,Improper Turn,Not Distracted,MD,Sport Utility Vehicle,Turning Left,25,No,2020,HONDA,PASSPORT,39.12726433,-77.1500405,2025,4,15
250018896,Injury Crash,04/30/2025 03:18:00 PM,REDLAND RD,NA,Angle,Clear,Dry,Daylight,No Controls,NONE DETECTED,No,Possible Minor Injury,NA,Not Distracted,MD,Passenger Car,Moving Constant Speed,35,No,2013,TOYOTA,COROLLA,39.12726433,-77.1500405,2025,4,15
250018895,Property Damage Crash,04/30/2025 03:00:00 PM,FENTON ST,NA,Front to Front,Clear,Dry,Daylight,Traffic Control Signal,NONE DETECTED,No,No Apparent Injury,NA,Not Distracted,MD,Pickup,Turning Right,35,No,2017,FORD,F-450,38.9903467,-77.02393678,2025,4,15
250018895,Property Damage Crash,04/30/2025 03:00:00 PM,FENTON ST,NA,Front to Front,Clear,Dry,Daylight,Traffic Control Signal,NONE DETECTED,No,No Apparent Injury,NA,Not Distracted,MD,Bus - Transit,Stopped in Traffic,35,No,2016,GILLIG,LOW FLOOR BUS,38.9903467,-77.02393678,2025,4,15
250018891,Injury Crash,04/30/2025 02:55:00 PM,BRIGGS CHANEY RD,NA,Other,Clear,Dry,Daylight,No Controls,NONE DETECTED,Yes,Possible Minor Injury,NA,Unknown,MD,Passenger Car,Moving Constant Speed,40,No,2009,TOYOTA,COROLLA,39.08795383,-76.96372317,2025,4,14
250018891,Injury Crash,04/30/2025 02:55:00 PM,BRIGGS CHANEY RD,NA,Other,Clear,Dry,Daylight,No Controls,NONE DETECTED,No,No Apparent Injury,NA,Not Distracted,MD,Sport Utility Vehicle,Moving Constant Speed,40,No,2022,LEXUS,RX,39.08795383,-76.96372317,2025,4,14
250018891,Injury Crash,04/30/2025 02:55:00 PM,BRIGGS CHANEY RD,NA,Other,Clear,Dry,Daylight,No Controls,NONE DETECTED,No,No Apparent Injury,NA,Not Distracted,MD,Sport Utility Vehicle,Moving Constant Speed,40,No,2005,TOYOTA,RAV4,39.08795383,-76.96372317,2025,4,14
250018893,Property Damage Crash,04/30/2025 02:53:00 PM,NORWOOD RD,NA,Single Vehicle,Clear,Dry,Daylight,No Controls,NONE DETECTED,Yes,No Apparent Injury,Other Improper Action,Not Distracted,MD,Passenger Car,Turning Right,25,No,2014,HONDA,ACCORD,39.12332355,-77.02642794,2025,4,14
250018883,Property Damage Crash,04/30/2025 02:06:00 PM,HUNGERFORD DR,NA,Front to Rear,Clear,Dry,Daylight,No Controls,NONE DETECTED,Yes,No Apparent Injury,NA,Not Distracted,MD,Passenger Car,Moving Constant Speed,40,No,2010,FORD,FUSION,39.10182867,-77.1549715,2025,4,14
250018883,Property Damage Crash,04/30/2025 02:06:00 PM,HUNGERFORD DR,NA,Front to Rear,Clear,Dry,Daylight,No Controls,NONE DETECTED,No,No Apparent Injury,NA,Not Distracted,MD,Passenger Car,Slowing or Stopping,40,No,2022,HYUNDAI,SONATA,39.10182867,-77.1549715,2025,4,14
250018877,Property Damage Crash,04/30/2025 02:00:00 PM,KEMP MILL RD,NA,Single Vehicle,Clear,Dry,Daylight,No Controls,NONE DETECTED,No,No Apparent Injury,NA,Not Distracted,MD,Sport Utility Vehicle,Slowing or Stopping,35,No,2013,LEXUS,CT,39.0470848,-77.02965681,2025,4,14
250018954,Property Damage Crash,04/30/2025 01:40:00 PM,MONTGOMERY VILLAGE AVE (SB/L),Cyclist (Electric),Single Vehicle,Clear,Dry,Daylight,No Controls,NONE DETECTED,Yes,No Apparent Injury,Failed to Yield Right-of-Way,Unknown,MD,Sport Utility Vehicle,Turning Left,30,No,2021,TOYOTA,RAV4,39.16801402,-77.20505374,2025,4,13
250018871,Property Damage Crash,04/30/2025 01:10:00 PM,ROLLINS AVE,NA,Angle,Clear,Dry,Daylight,Traffic Control Signal,NONE DETECTED,No,No Apparent Injury,NA,Not Distracted,MD,Sport Utility Vehicle,Accelerating,25,No,2020,TOYOTA,RAV4,39.0584668,-77.12637924,2025,4,13
250018871,Property Damage Crash,04/30/2025 01:10:00 PM,ROLLINS AVE,NA,Angle,Clear,Dry,Daylight,Traffic Control Signal,NONE DETECTED,Yes,No Apparent Injury,NA,Not Distracted,DC,Single-Unit Truck,Moving Constant Speed,30,No,1988,INTERNATIONAL,SA625,39.0584668,-77.12637924,2025,4,13
25008861,Property Damage Crash,04/30/2025 12:23:00 PM,UNIVERSITY BLVD W (WB/L),NA,Front to Front,Clear,Dry,Daylight,Traffic Control Signal,NONE DETECTED,Yes,No Apparent Injury,Failed to Yield Right-of-Way,Not Distracted,MD,Sport Utility Vehicle,Turning Left,35,No,2021,JEEP,CHEROKEE,39.03392667,-77.0724102,2025,4,12