Local Case Number,ACRS Report Type,Crash Date/Time,Road Name,Related Non-Motorist,Collision Type,Weather,Surface Condition,Light,Traffic Control,Driver Substance Abuse,Driver At Fault,Injury Severity,Circumstance,Driver Distracted By,Drivers License State,Vehicle Body Type,Vehicle Movement,Speed Limit,Driverless Vehicle,Vehicle Year,Vehicle Make,Vehicle Model,Latitude,Longitude,Year,Month,Hour
25008861,Property Damage Crash,04/30/2025 12:23:00 PM,UNIVERSITY BLVD W (WB/L),NA,Front to Front,Clear,Dry,Daylight,Traffic Control Signal,NONE DETECTED,No,No Apparent Injury,NA,Not Distracted,MD,Passenger Car,Slowing or Stopping,25,No,2015,TOYOTA,COROLLA,39.03392667,-77.0724102,2025,4,12
25008861,Property Damage Crash,04/30/2025 12:23:00 PM,UNIVERSITY BLVD W (WB/L),NA,Front to Front,Clear,Dry,Daylight,Traffic Control Signal,NONE DETECTED,No,No Apparent Injury,NA,Not Distracted,MD,Passenger Car,Moving Constant Speed,35,No,2021,CHRYSLER,300,39.03392667,-77.0724102,2025,4,12
250018892,Property Damage Crash,04/30/2025 12:19:00 PM,MIDDLEBROOK RD (WB/L),NA,"Sideswipe, Same Direction",Clear,Dry,Daylight,No Controls,NONE DETECTED,No,No Apparent Injury,NA,Not Distracted,MD,Passenger Car,Moving Constant Speed,35,No,2015,CHEVROLET,IMPALA,39.17845767,-77.26675324,2025,4,12
250018892,Property Damage Crash,04/30/2025 12:19:00 PM,MIDDLEBROOK RD (WB/L),NA,"Sideswipe, Same Direction",Clear,Dry,Daylight,No Controls,NONE DETECTED,No,NA,NA,NA,NA,Passenger Car,Changing Lanes,35,No,2013,KIA,OPTIMA,39.17845767,-77.26675324,2025,4,12
250018856,Injury Crash,04/30/2025 11:52:00 AM,ARLINGTON RD,Pedestrian,Single Vehicle,Clear,Dry,Daylight,Traffic Control Signal,NONE DETECTED,Yes,No Apparent Injury,NA,Not Distracted,MI,Passenger Car,Turning Right,25,No,2020,HONDA,CR-V,38.97946486,-77.09862167,2025,4,11
250018848,Injury Crash,04/30/2025 10:56:00 AM,FREDERICK RD,NA,Angle,Clear,Dry,Daylight,No Controls,NONE DETECTED,Yes,Possible Minor Injury,Failed to Yield Right-of-Way,Not Distracted,MD,Passenger Car,Turning Left,30,No,2002,SUBARU,IMPREZA,39.2811192,-77.31493954,2025,4,10
250018848,Injury Crash,04/30/2025 10:56:00 AM,FREDERICK RD,NA,Angle,Clear,Dry,Daylight,No Controls,NONE DETECTED,No,No Apparent Injury,NA,Not Distracted,MD,Pickup,Moving Constant Speed,30,No,2022,RAM,1500,39.2811192,-77.31493954,2025,4,10
250018848,Injury Crash,04/30/2025 10:56:00 AM,FREDERICK RD,NA,Angle,Clear,Dry,Daylight,No Controls,NONE DETECTED,No,No Apparent Injury,NA,Not Distracted,MD,Pickup,Stopped in Traffic,30,No,2004,CHEVROLET,SILVERADO,39.2811192,-77.31493954,2025,4,10
250018840,Injury Crash,04/30/2025 10:37:00 AM,FREDERICK RD (SB/L),NA,Angle,Clear,Dry,Daylight,No Controls,NONE DETECTED,No,Possible Minor Injury,NA,Not Distracted,MD,Passenger Car,Moving Constant Speed,40,No,2013,HYUNDAI,ELANTRA,39.1648262,-77.22747418,2025,4,10
250018840,Injury Crash,04/30/2025 10:37:00 AM,FREDERICK RD (SB/L),NA,Angle,Clear,Dry,Daylight,No Controls,NONE DETECTED,Yes,Possible Minor Injury,"Failed to Yield Right-of-Way, Improper Turn",Not Distracted,MD,Sport Utility Vehicle,Turning Left,40,No,2016,NISSAN,PATHFINDER,39.1648262,-77.22747418,2025,4,10
250018828,Injury Crash,04/30/2025 08:23:00 AM,CAPITAL CRESCENT TR,Pedestrian,Single Vehicle,Cloudy,Wet,Daylight,Pedestrian Crossing,NONE DETECTED,Yes,Possible Minor Injury,NA,Not Distracted,VA,Passenger Car,Accelerating,25,No,2021,CHEVROLET,BOLT EV,38.96877864,-77.10251028,2025,4,8
250018830,Property Damage Crash,04/30/2025 08:20:00 AM,NA,NA,Angle,Cloudy,Dry,Daylight,"Other Pavement Marking (excluding edgelines, centerlines, or lane lines)",NONE DETECTED,Yes,No Apparent Injury,"Failed to Yield Right-of-Way, Improper Turn",Not Distracted,MD,Passenger Car,Making U-Turn,35,No,1987,NISSAN,MAXIMA,38.96490982,-77.10389468,2025,4,8
250018830,Property Damage Crash,04/30/2025 08:20:00 AM,NA,NA,Angle,Cloudy,Dry,Daylight,"Other Pavement Marking (excluding edgelines, centerlines, or lane lines)",NONE DETECTED,No,No Apparent Injury,NA,Not Distracted,MD,Sport Utility Vehicle,Turning Left,35,No,2015,HONDA,CR-V,38.96490982,-77.10389468,2025,4,8
250018824,Injury Crash,04/30/2025 08:15:00 AM,REDLAND RD,NA,"Sideswipe, Same Direction",Clear,Dry,Daylight,No Controls,NONE DETECTED,No,No Apparent Injury,NA,Not Distracted,MD,Bus - Transit,Overtaking/Passing,35,No,2017,GILLIG,LOW FLOOR BUS,39.14462881,-77.14465134,2025,4,8
250018823,Injury Crash,04/30/2025 08:15:00 AM,NA,NA,Single Vehicle,Clear,Dry,Daylight,No Controls,NONE DETECTED,Yes,Suspected Serious Injury,NA,Unknown,MD,Passenger Car,Accelerating,15,No,2022,KIA,STINGER,39.12229685,-76.92586127,2025,4,8
250018824,Injury Crash,04/30/2025 08:15:00 AM,REDLAND RD,NA,"Sideswipe, Same Direction",Clear,Dry,Daylight,No Controls,NONE DETECTED,Yes,No Apparent Injury,Improper Passing,Not Distracted,MD,Passenger Car,Overtaking/Passing,35,No,2016,ACURA,TLX,39.14462881,-77.14465134,2025,4,8
250018820,Property Damage Crash,04/30/2025 07:50:00 AM,DARNESTOWN RD (WB/L),NA,Angle,Clear,Dry,Daylight,Traffic Control Signal,NONE DETECTED,No,No Apparent Injury,NA,Unknown,MD,Passenger Car,Moving Constant Speed,30,No,2021,FORD,EXPLORER,39.11795494,-77.25240035,2025,4,7
250018820,Property Damage Crash,04/30/2025 07:50:00 AM,DARNESTOWN RD (WB/L),NA,Angle,Clear,Dry,Daylight,Traffic Control Signal,NONE DETECTED,Yes,No Apparent Injury,Disregarded Other Traffic Sign,Unknown,MD,Other Trucks,Turning Left,30,No,2010,HINO,CONVENTIONAL TYPE TRUCK,39.11795494,-77.25240035,2025,4,7
250019107,Property Damage Crash,04/30/2025 07:45:00 AM,FLEET ST,NA,Front to Rear,Clear,Dry,Daylight,No Controls,NONE DETECTED,No,No Apparent Injury,NA,Not Distracted,MD,Passenger Car,Slowing or Stopping,35,No,2022,TOYOTA,CAMRY,39.08114932,-77.15112218,2025,4,7
250019107,Property Damage Crash,04/30/2025 07:45:00 AM,FLEET ST,NA,Front to Rear,Clear,Dry,Daylight,No Controls,NONE DETECTED,Yes,No Apparent Injury,NA,Unknown,MD,Passenger Car,Moving Constant Speed,35,No,2020,DODGE,JOURNEY,39.08114932,-77.15112218,2025,4,7
250018819,Injury Crash,04/30/2025 07:44:00 AM,LOCBURY DR,NA,"Sideswipe, Same Direction",Clear,Dry,Daylight,No Controls,DRUG AND ALCOHOL CONTRIBUTED,Yes,Possible Minor Injury,Other Improper Action,Unknown,MD,Passenger Car,NA,30,No,2001,SATURN,SC2,39.18341593,-77.26970119,2025,4,7
250018884,Property Damage Crash,04/30/2025 07:35:00 AM,OLD COLUMBIA PIKE,NA,Other,Clear,Dry,Daylight,No Controls,NONE DETECTED,No,No Apparent Injury,"Failed to Keep in Proper Lane, Improper Turn, Operated Motor Vehicle in Inattentive, Careless, Negligent, or Erratic Manner, Other Improper Action",Unknown,NA,Passenger Car,Turning Left,35,No,2010,SUBARU,OUTBACK,39.0857113,-76.95062704,2025,4,7
250018884,Property Damage Crash,04/30/2025 07:35:00 AM,OLD COLUMBIA PIKE,NA,Other,Clear,Dry,Daylight,No Controls,NONE DETECTED,No,No Apparent Injury,NA,Not Distracted,MD,Passenger Car,Moving Constant Speed,35,No,2017,TOYOTA,SIENNA,39.0857113,-76.95062704,2025,4,7
250018812,Injury Crash,04/30/2025 03:53:00 AM,NA,Cyclist (non-electric),Single Vehicle,Rain,NA,Dark,NA,NONE DETECTED,No,No Apparent Injury,NA,Not Distracted,MD,Passenger Car,Moving Constant Speed,0,No,2003,TOYOTA,CAMRY,39.11544211,-77.18925842,2025,4,3
250018813,Property Damage Crash,04/30/2025 02:47:00 AM,CAPITAL BELTWAY,NA,"Sideswipe, Same Direction",Rain,Wet,Medium,No Controls,NONE DETECTED,No,No Apparent Injury,NA,Not Distracted,MD,Sport Utility Vehicle,Moving Constant Speed,55,No,2023,CHEVROLET,TRAILBLAZER,39.01337781,-77.03699352,2025,4,2
250018813,Property Damage Crash,04/30/2025 02:47:00 AM,CAPITAL BELTWAY,NA,"Sideswipe, Same Direction",Rain,Wet,Medium,No Controls,NONE DETECTED,No,No Apparent Injury,"Swerved or Avoided Due to Wind, Slippery Surface, Motor Vehicle, Object, Non-Motorist in Roadway, etc",Not Distracted,MD,Passenger Car,Moving Constant Speed,55,No,2017,FORD,FUSION,39.01337781,-77.03699352,2025,4,2
250018810,Property Damage Crash,04/30/2025 01:02:00 AM,WHITES FERRY RD,NA,Single Vehicle,Rain,Wet,Dark,No Controls,NONE DETECTED,No,No Apparent Injury,"Disregard Officer Directions, Too Fast For Conditions",Not Distracted,MD,Passenger Car,Moving Constant Speed,30,No,2014,TOYOTA,PRIUS,39.13223099,-77.38535324,2025,4,1
250018808,Property Damage Crash,04/29/2025 11:57:00 PM,NA,NA,Angle,Clear,NA,Dark,NA,ALCOHOL PRESENT,Yes,No Apparent Injury,NA,Unknown,MD,Passenger Car,NA,0,No,2024,TOYOTA,RAV4,39.16053882,-77.16458262,2025,4,23
250018795,Property Damage Crash,04/29/2025 09:19:00 PM,MIDCOUNTY HWY (NB/L),NA,Angle,Clear,Dry,Medium,Traffic Control Signal,NONE DETECTED,Yes,No Apparent Injury,NA,Not Distracted,MD,Passenger Car,Turning Left,45,No,2022,HONDA,ACCORD,39.14755666,-77.16909948,2025,4,21
250018795,Property Damage Crash,04/29/2025 09:19:00 PM,MIDCOUNTY HWY (NB/L),NA,Angle,Clear,Dry,Medium,Traffic Control Signal,NONE DETECTED,No,No Apparent Injury,NA,Not Distracted,MD,Passenger Car,Moving Constant Speed,45,No,2009,TOYOTA,COROLLA,39.14755666,-77.16909948,2025,4,21
250018783,Injury Crash,04/29/2025 07:40:00 PM,LAMBERTON DR,NA,Single Vehicle,Clear,Dry,Daylight,No Controls,NONE DETECTED,No,Possible Minor Injury,Ran Off Roadway,Not Distracted,MD,Passenger Car,NA,20,No,2024,KIA,SPORTAGE,39.04645785,-77.01113534,2025,4,19
250018777,Injury Crash,04/29/2025 07:33:00 PM,GLEN RD,NA,"Sideswipe, Same Direction",Clear,Dry,Medium,No Controls,NONE DETECTED,Yes,Possible Minor Injury,"Improper Turn, Operated Motor Vehicle in Inattentive, Careless, Negligent, or Erratic Manner",Not Distracted,NA,Recreational Off-Highway Vehicles (ROV),Turning Left,25,No,2025,UNKNOWN,UNKNOWN,39.04669392,-77.20672356,2025,4,19
250018777,Injury Crash,04/29/2025 07:33:00 PM,GLEN RD,NA,"Sideswipe, Same Direction",Clear,Dry,Medium,No Controls,NONE DETECTED,Yes,No Apparent Injury,Improper Passing,Not Distracted,MD,Passenger Car,Accelerating,25,No,2011,BMW,535I,39.04669392,-77.20672356,2025,4,19
250018770,Injury Crash,04/29/2025 07:27:00 PM,NA,NA,Angle,Clear,Dry,Daylight,No Controls,NONE DETECTED,No,Possible Minor Injury,NA,Not Distracted,DC,Passenger Car,Moving Constant Speed,25,No,2000,TOYOTA,CAMRY,38.97705842,-77.08447442,2025,4,19
250018770,Injury Crash,04/29/2025 07:27:00 PM,NA,NA,Angle,Clear,Dry,Daylight,No Controls,NONE DETECTED,Yes,No Apparent Injury,NA,Unknown,MD,Sport Utility Vehicle,Turning Left,25,No,2018,HONDA,CR-V,38.97705842,-77.08447442,2025,4,19
250018789,Injury Crash,04/29/2025 07:26:00 PM,NA,NA,Front to Rear,Clear,NA,Daylight,NA,NONE DETECTED,No,Possible Minor Injury,NA,Not Distracted,MD,Passenger Car,NA,0,No,2012,HONDA,CR-V,39.14547128,-77.14477033,2025,4,19
250018789,Injury Crash,04/29/2025 07:26:00 PM,NA,NA,Front to Rear,Clear,NA,Daylight,NA,NONE DETECTED,No,NA,NA,NA,NA,Van - Passenger (&lt;9 Seats),Backing,0,No,2023,FORD,TRANSIT,39.14547128,-77.14477033,2025,4,19
25000768,Injury Crash,04/29/2025 07:15:00 PM,BEACH DR,Cyclist (non-electric),Single Vehicle,Clear,Dry,Daylight,No Controls,NONE DETECTED,No,No Apparent Injury,NA,"Other Action (looking away from task, etc.)",VA,Passenger Car,Moving Constant Speed,25,No,2007,CHEVROLET,TAHOE,39.01179769,-77.06792851,2025,4,19
250018768,Property Damage Crash,04/29/2025 06:46:00 PM,MEDICAL CENTER DR,NA,"Sideswipe, Same Direction",Clear,Dry,Daylight,No Controls,NONE DETECTED,No,No Apparent Injury,NA,Not Distracted,MD,Bus - Transit,Moving Constant Speed,25,No,2021,GILLIG,LOW FLOOR BUS,39.09775508,-77.2012138,2025,4,18
250018768,Property Damage Crash,04/29/2025 06:46:00 PM,MEDICAL CENTER DR,NA,"Sideswipe, Same Direction",Clear,Dry,Daylight,No Controls,NONE DETECTED,Yes,No Apparent Injury,NA,Not Distracted,MD,Passenger Car,Changing Lanes,25,No,2022,KIA,SPORTAGE,39.09775508,-77.2012138,2025,4,18
250018766,Property Damage Crash,04/29/2025 06:22:00 PM,OLNEY SANDY SPRING RD,NA,Front to Rear,Clear,Dry,Daylight,No Controls,NONE DETECTED,Yes,No Apparent Injury,Other Improper Action,Unknown,MD,Passenger Car,NA,35,No,2016,HONDA,CIVIC,39.14452557,-77.0468201,2025,4,18
250018766,Property Damage Crash,04/29/2025 06:22:00 PM,OLNEY SANDY SPRING RD,NA,Front to Rear,Clear,Dry,Daylight,No Controls,NONE DETECTED,Yes,No Apparent Injury,NA,Unknown,MD,Van - Passenger (&lt;9 Seats),Changing Lanes,35,No,2008,DODGE,CARAVAN/GRAND CARAVAN,39.14452557,-77.0468201,2025,4,18
250018759,Property Damage Crash,04/29/2025 06:02:00 PM,NORTH KINDLY CT,NA,"Sideswipe, Opposite Direction",Clear,Dry,Daylight,No Controls,NONE DETECTED,No,NA,NA,NA,NA,Bus - School,Backing,15,No,0,NA,NA,39.16957374,-77.20993043,2025,4,18
250018756,Injury Crash,04/29/2025 05:45:00 PM,NA,NA,Single Vehicle,Clear,Dry,Daylight,No Controls,NONE DETECTED,Yes,Possible Minor Injury,"Operated Motor Vehicle in Inattentive, Careless, Negligent, or Erratic Manner",Unknown,MD,Sport Utility Vehicle,Turning Right,15,No,2017,KIA,SPORTAGE,39.03842198,-77.0522798,2025,4,17
250018755,Property Damage Crash,04/29/2025 05:23:00 PM,EDNOR RD,NA,Angle,Clear,Dry,Daylight,No Controls,ALCOHOL PRESENT,Yes,No Apparent Injury,Failed to Yield Right-of-Way,Not Distracted,MD,Pickup,Turning Left,35,No,2012,CHEVROLET,SILVERADO,39.14489273,-76.96468952,2025,4,17
250018755,Property Damage Crash,04/29/2025 05:23:00 PM,EDNOR RD,NA,Angle,Clear,Dry,Daylight,No Controls,NONE DETECTED,No,No Apparent Injury,NA,Not Distracted,MD,Passenger Car,Moving Constant Speed,35,No,2002,SUBARU,IMPREZA,39.14489273,-76.96468952,2025,4,17
250018743,Property Damage Crash,04/29/2025 04:43:00 PM,FREDERICK RD (SB/L),NA,Front to Rear,Clear,Dry,Daylight,No Controls,NONE DETECTED,Yes,No Apparent Injury,"Followed Too Closely, Other Improper Action",Not Distracted,MD,Sport Utility Vehicle,Slowing or Stopping,25,No,2016,HONDA,PILOT,39.1258934,-77.18298936,2025,4,16
250018743,Property Damage Crash,04/29/2025 04:43:00 PM,FREDERICK RD (SB/L),NA,Front to Rear,Clear,Dry,Daylight,Traffic Control Signal,NONE DETECTED,No,No Apparent Injury,NA,Not Distracted,MD,Bus - School,Stopped in Traffic,25,No,2020,FREIGHTLINER,B2 BUS CHASSIS,39.1258934,-77.18298936,2025,4,16
250018776,Property Damage Crash,04/29/2025 04:15:00 PM,COLUMBIA PIKE,NA,Front to Rear,Clear,Dry,Daylight,No Controls,NONE DETECTED,No,No Apparent Injury,NA,Not Distracted,MD,Passenger Car,Slowing or Stopping,50,No,2018,TOYOTA,COROLLA,39.05117477,-76.979482290000007,2025,4,16
250018776,Property Damage Crash,04/29/2025 04:15:00 PM,COLUMBIA PIKE,NA,Front to Rear,Clear,Dry,Daylight,No Controls,NONE DETECTED,Yes,No Apparent Injury,NA,Unknown,MD,Pickup,Slowing or Stopping,50,No,2019,FORD,F-250,39.05117477,-76.979482290000007,2025,4,16
250018744,Property Damage Crash,04/29/2025 04:14:00 PM,ELLSWORTH DR,NA,Single Vehicle,Clear,Dry,Daylight,No Controls,NONE DETECTED,No,NA,NA,NA,NA,Passenger Car,Moving Constant Speed,5,No,2018,TOYOTA,COROLLA,38.99798434,-77.02475713,2025,4,16
250018731,Property Damage Crash,04/29/2025 03:57:00 PM,OLD COLUMBIA PIKE,NA,Angle,Clear,Dry,Daylight,No Controls,NONE DETECTED,No,No Apparent Injury,NA,Not Distracted,MD,Passenger Car,Moving Constant Speed,30,No,2005,SATURN,ION,39.08370767,-76.95189033,2025,4,15
250018731,Property Damage Crash,04/29/2025 03:57:00 PM,OLD COLUMBIA PIKE,NA,Angle,Clear,Dry,Daylight,Stop Sign,NONE DETECTED,Yes,No Apparent Injury,Failed to Yield Right-of-Way,Unknown,MD,Van - Passenger (&lt;9 Seats),Accelerating,30,No,2016,CHRYSLER,TOWN AND COUNTRY,39.08370767,-76.95189033,2025,4,15
250018735,Property Damage Crash,04/29/2025 03:54:00 PM,COLUMBIA PIKE (SB/L),NA,Front to Rear,Clear,Dry,Daylight,Traffic Control Signal,ALCOHOL PRESENT,Yes,No Apparent Injury,NA,Unknown,DC,Passenger Car,NA,50,No,2010,FORD,FOCUS,39.0473822,-76.98583001,2025,4,15
250018735,Property Damage Crash,04/29/2025 03:54:00 PM,COLUMBIA PIKE (SB/L),NA,Front to Rear,Clear,Dry,Daylight,Traffic Control Signal,NONE DETECTED,No,No Apparent Injury,NA,Not Distracted,MD,Passenger Car,Stopped in Traffic,50,No,2025,HONDA,HR-V,39.0473822,-76.98583001,2025,4,15
250018732,Property Damage Crash,04/29/2025 03:45:00 PM,NA,NA,Front to Rear,Clear,Dry,Daylight,No Controls,NONE DETECTED,No,No Apparent Injury,NA,Not Distracted,MD,Passenger Car,Parked,35,No,2019,DODGE,CHARGER,39.299616,-77.1995105,2025,4,15
250018732,Property Damage Crash,04/29/2025 03:45:00 PM,NA,NA,Front to Rear,Clear,Dry,Daylight,No Controls,NONE DETECTED,Yes,No Apparent Injury,Other Improper Action,Not Distracted,OH,Passenger Car,Backing,35,No,2007,HYUNDAI,ELANTRA,39.299616,-77.1995105,2025,4,15
250019086,Property Damage Crash,04/29/2025 03:41:00 PM,BILLMAN LA,NA,"Sideswipe, Same Direction",Clear,Dry,Daylight,No Controls,NONE DETECTED,No,No Apparent Injury,NA,Unknown,MD,Passenger Car,Moving Constant Speed,20,No,2024,ACURA,RDX,39.06291759,-77.04002551,2025,4,15
250018719,Property Damage Crash,04/29/2025 03:06:00 PM,N PARK AVE,NA,Angle,Clear,Dry,Daylight,No Controls,NONE DETECTED,No,No Apparent Injury,NA,Not Distracted,MD,Passenger Car,Moving Constant Speed,15,No,2014,VOLKSWAGEN,JETTA,38.96366283,-77.08963617,2025,4,15
250018719,Property Damage Crash,04/29/2025 03:06:00 PM,N PARK AVE,NA,Angle,Clear,Dry,Daylight,No Controls,NONE DETECTED,No,No Apparent Injury,NA,Not Distracted,MD,Passenger Car,Making U-Turn,15,No,2020,MERCEDES-BENZ,C-CLASS,38.96366283,-77.08963617,2025,4,15
250018713,Injury Crash,04/29/2025 02:45:00 PM,COLUMBIA PIKE,NA,Front to Rear,Clear,Dry,Daylight,Traffic Control Signal,NONE DETECTED,No,Possible Minor Injury,NA,Not Distracted,MD,Passenger Car,Slowing or Stopping,50,No,2019,TOYOTA,RAV4,39.0461085,-76.987552,2025,4,14
250018713,Injury Crash,04/29/2025 02:45:00 PM,COLUMBIA PIKE,NA,Front to Rear,Clear,Dry,Daylight,Traffic Control Signal,NONE DETECTED,No,Possible Minor Injury,NA,Not Distracted,MD,Passenger Car,Stopped in Traffic,50,No,2024,TOYOTA,RAV4,39.0461085,-76.987552,2025,4,14
250018713,Injury Crash,04/29/2025 02:45:00 PM,COLUMBIA PIKE,NA,Front to Rear,Clear,Dry,Daylight,Traffic Control Signal,NONE DETECTED,Yes,No Apparent Injury,NA,Unknown,MD,Passenger Car,Moving Constant Speed,50,No,2018,NISSAN,SENTRA,39.0461085,-76.987552,2025,4,14
250018714,Injury Crash,04/29/2025 02:30:00 PM,TORREY POND PL,NA,Angle,Clear,Dry,Daylight,No Controls,NONE DETECTED,Yes,No Apparent Injury,Failed to Yield Right-of-Way,Unknown,MD,Passenger Car,Turning Left,25,No,2003,TOYOTA,RAV4,39.18521263,-77.20356926,2025,4,14
250018714,Injury Crash,04/29/2025 02:30:00 PM,TORREY POND PL,NA,Angle,Clear,Dry,Daylight,No Controls,NONE DETECTED,No,Possible Minor Injury,NA,Unknown,MD,Passenger Car,Moving Constant Speed,25,No,2010,NISSAN,VERSA,39.18521263,-77.20356926,2025,4,14
250018717,Property Damage Crash,04/29/2025 02:28:00 PM,NA,Pedestrian,Rear To Rear,Clear,NA,Daylight,NA,NONE DETECTED,No,No Apparent Injury,NA,Unknown,MD,Sport Utility Vehicle,Backing,0,No,2008,MERCEDES-BENZ,M-CLASS,38.9954905,-77.03744397,2025,4,14
250018709,Injury Crash,04/29/2025 01:55:00 PM,PARKLAWN DR (SB/L),NA,Angle,Clear,Dry,Daylight,No Controls,NONE DETECTED,Yes,Possible Minor Injury,NA,Not Distracted,MD,Sport Utility Vehicle,Turning Left,30,No,2024,NISSAN,PATHFINDER,39.05281231,-77.1065165,2025,4,13
250018709,Injury Crash,04/29/2025 01:55:00 PM,PARKLAWN DR (SB/L),NA,Angle,Clear,Dry,Daylight,No Controls,NONE DETECTED,No,No Apparent Injury,NA,Not Distracted,MD,Bus - Transit,Moving Constant Speed,30,No,2010,NEW FLYER,TRANSIT BUS,39.05281231,-77.1065165,2025,4,13
250018700,Property Damage Crash,04/29/2025 01:14:00 PM,CARLSBAD RD,NA,Angle,Clear,Dry,Daylight,No Controls,NONE DETECTED,Yes,No Apparent Injury,Improper Backing,Not Distracted,MD,Sport Utility Vehicle,Backing,25,No,2018,HONDA,CR-V,39.16286767,-77.21062519,2025,4,13
250018700,Property Damage Crash,04/29/2025 01:14:00 PM,CARLSBAD RD,NA,Angle,Clear,Dry,Daylight,No Controls,NONE DETECTED,No,No Apparent Injury,NA,Not Distracted,MD,Sport Utility Vehicle,Moving Constant Speed,25,No,2021,FORD,EXPLORER,39.16286767,-77.21062519,2025,4,13
250018692,Injury Crash,04/29/2025 01:00:00 PM,NA,NA,Front to Rear,Clear,NA,Daylight,NA,NONE DETECTED,Yes,Possible Minor Injury,NA,Not Distracted,MD,Passenger Car,Negotiating a Curve,0,No,2023,BMW,X1,39.15356417,-77.06664472,2025,4,13
250018692,Injury Crash,04/29/2025 01:00:00 PM,NA,NA,Front to Rear,Clear,NA,Daylight,NA,NONE DETECTED,No,No Apparent Injury,NA,Not Distracted,MD,Passenger Car,Slowing or Stopping,0,No,2017,LINCOLN,MKC,39.15356417,-77.06664472,2025,4,13
250018681,Property Damage Crash,04/29/2025 11:37:00 AM,GEORGIA AVE (SB/L),NA,Front to Rear,Clear,Dry,Daylight,No Controls,NONE DETECTED,No,No Apparent Injury,Other Improper Action,Unknown,MD,Passenger Car,Moving Constant Speed,35,No,2011,BMW,328I,39.05443257,-77.05058288,2025,4,11
250018681,Property Damage Crash,04/29/2025 11:37:00 AM,GEORGIA AVE (SB/L),NA,Front to Rear,Clear,Dry,Daylight,No Controls,NONE DETECTED,No,No Apparent Injury,NA,Not Distracted,MD,Other Trucks,Slowing or Stopping,35,No,2016,ISUZU,NPR/NPR-HD,39.05443257,-77.05058288,2025,4,11
250018468,Injury Crash,04/29/2025 11:32:00 AM,VALLEYWOOD DR,NA,Front to Front,Clear,Dry,Daylight,No Controls,NONE DETECTED,No,Possible Minor Injury,Too Fast For Conditions,Not Distracted,MD,Passenger Car,Moving Constant Speed,25,No,2010,TOYOTA,CAMRY,39.0637855,-77.06449033,2025,4,11
250018468,Injury Crash,04/29/2025 11:32:00 AM,VALLEYWOOD DR,NA,Front to Front,Clear,Dry,Daylight,No Controls,NONE DETECTED,No,No Apparent Injury,Too Fast For Conditions,Not Distracted,VA,Sport Utility Vehicle,Moving Constant Speed,25,No,2015,FORD,ESCAPE,39.0637855,-77.06449033,2025,4,11
250018676,Property Damage Crash,04/29/2025 11:20:00 AM,FALLSGROVE BLVD (WB/L),NA,"Sideswipe, Opposite Direction",Clear,Dry,Daylight,Traffic Control Signal,NONE DETECTED,No,No Apparent Injury,NA,Not Distracted,MD,Passenger Car,Moving Constant Speed,40,No,2019,BMW,440I,39.09687833,-77.194535,2025,4,11
250018676,Property Damage Crash,04/29/2025 11:20:00 AM,FALLSGROVE BLVD (WB/L),NA,"Sideswipe, Opposite Direction",Clear,Dry,Daylight,Traffic Control Signal,NONE DETECTED,Yes,No Apparent Injury,NA,Not Distracted,MD,Passenger Car,Turning Left,40,No,2012,ACURA,TL,39.09687833,-77.194535,2025,4,11
250018672,Property Damage Crash,04/29/2025 10:55:00 AM,PERRY AVE,Cyclist (Electric),Single Vehicle,Clear,Dry,Daylight,Traffic Control Signal,NONE DETECTED,No,No Apparent Injury,NA,Not Distracted,MD,Passenger Car,Turning Right,35,No,2007,TOYOTA,CAMRY,39.03279503,-77.07516486,2025,4,10