Local Case Number,ACRS Report Type,Crash Date/Time,Road Name,Related Non-Motorist,Collision Type,Weather,Surface Condition,Light,Traffic Control,Driver Substance Abuse,Driver At Fault,Injury Severity,Circumstance,Driver Distracted By,Drivers License State,Vehicle Body Type,Vehicle Movement,Speed Limit,Driverless Vehicle,Vehicle Year,Vehicle Make,Vehicle Model,Latitude,Longitude,Year,Month,Hour
250018668,Property Damage Crash,04/29/2025 10:21:00 AM,WAVERLY ST,NA,"Sideswipe, Same Direction",Clear,Dry,Daylight,No Controls,NONE DETECTED,No,NA,NA,NA,NA,Passenger Car,Overtaking/Passing,20,No,2019,HONDA,PILOT,38.98308866,-77.09229001,2025,4,10
250018668,Property Damage Crash,04/29/2025 10:21:00 AM,WAVERLY ST,NA,"Sideswipe, Same Direction",Clear,Dry,Daylight,No Controls,NONE DETECTED,No,No Apparent Injury,NA,Not Distracted,VA,Passenger Car,Negotiating a Curve,20,No,2023,TESLA,MODEL Y,38.98308866,-77.09229001,2025,4,10
250018658,Property Damage Crash,04/29/2025 09:54:00 AM,CALVERTON BLVD,NA,Front to Rear,Clear,Dry,Daylight,No Controls,NONE DETECTED,No,No Apparent Injury,NA,Not Distracted,MD,Passenger Car,Slowing or Stopping,35,No,2014,SUBARU,OUTBACK,39.05692656,-76.94860376,2025,4,9
250018658,Property Damage Crash,04/29/2025 09:54:00 AM,CALVERTON BLVD,NA,Front to Rear,Clear,Dry,Daylight,No Controls,NONE DETECTED,No,No Apparent Injury,NA,Not Distracted,MD,Passenger Car,Slowing or Stopping,35,No,2015,HONDA,CIVIC,39.05692656,-76.94860376,2025,4,9
250018658,Property Damage Crash,04/29/2025 09:54:00 AM,CALVERTON BLVD,NA,Front to Rear,Clear,Dry,Daylight,No Controls,NONE DETECTED,Yes,No Apparent Injury,Followed Too Closely,Not Distracted,MD,Passenger Car,Moving Constant Speed,35,No,2018,NISSAN,SENTRA,39.05692656,-76.94860376,2025,4,9
250018660,Injury Crash,04/29/2025 09:52:00 AM,FREDERICK RD (SB/L),NA,Single Vehicle,Clear,Dry,Daylight,Traffic Control Signal,NONE DETECTED,No,Possible Minor Injury,NA,Unknown,MD,Passenger Car,Moving Constant Speed,35,No,2014,TOYOTA,RAV4,39.11721161,-77.16916659,2025,4,9
250018653,Property Damage Crash,04/29/2025 08:41:00 AM,FREDERICK RD (SB/L),NA,Front to Rear,Clear,Dry,Daylight,Traffic Control Signal,NONE DETECTED,No,No Apparent Injury,Other Improper Action,Unknown,NA,Pickup,Moving Constant Speed,40,No,2006,FORD,E-350,39.19259906,-77.24291978,2025,4,8
250018653,Property Damage Crash,04/29/2025 08:41:00 AM,FREDERICK RD (SB/L),NA,Front to Rear,Clear,Dry,Daylight,Traffic Control Signal,NONE DETECTED,No,No Apparent Injury,NA,Not Distracted,VA,Pickup,Moving Constant Speed,40,No,2024,FORD,F-150,39.19259906,-77.24291978,2025,4,8
250018653,Property Damage Crash,04/29/2025 08:41:00 AM,FREDERICK RD (SB/L),NA,Front to Rear,Clear,Dry,Daylight,Traffic Control Signal,NONE DETECTED,No,No Apparent Injury,NA,Not Distracted,MD,Passenger Car,Moving Constant Speed,40,No,2009,HONDA,ACCORD,39.19259906,-77.24291978,2025,4,8
250018641,Property Damage Crash,04/29/2025 08:26:00 AM,DILSTON RD,NA,Angle,Clear,Dry,Daylight,Traffic Control Signal,NONE DETECTED,No,No Apparent Injury,NA,Not Distracted,MD,Passenger Car,Moving Constant Speed,30,No,2015,NISSAN,ROGUE,39.011464170000004,-76.978953,2025,4,8
250018641,Property Damage Crash,04/29/2025 08:26:00 AM,DILSTON RD,NA,Angle,Clear,Dry,Daylight,Traffic Control Signal,NONE DETECTED,No,No Apparent Injury,Failed to Yield Right-of-Way,Not Distracted,MD,Passenger Car,Turning Left,30,No,2012,HONDA,ACCORD,39.011464170000004,-76.978953,2025,4,8
250018631,Property Damage Crash,04/29/2025 07:29:00 AM,HEATHFIELD RD,NA,Angle,Clear,Dry,Daylight,No Controls,NONE DETECTED,No,No Apparent Injury,NA,Not Distracted,MD,Sport Utility Vehicle,Moving Constant Speed,45,No,2017,DODGE,DURANGO,39.08760332,-77.07970809,2025,4,7
250018631,Property Damage Crash,04/29/2025 07:29:00 AM,HEATHFIELD RD,NA,Angle,Clear,Dry,Daylight,Traffic Control Signal,NONE DETECTED,Yes,No Apparent Injury,NA,Not Distracted,MD,Passenger Car,Turning Left,45,No,2007,HYUNDAI,SANTA FE,39.08760332,-77.07970809,2025,4,7
250018632,Property Damage Crash,04/29/2025 07:23:00 AM,MEDICAL CENTER DR (WB/L),NA,"Sideswipe, Same Direction",Clear,Dry,Daylight,No Controls,NONE DETECTED,No,No Apparent Injury,NA,Not Distracted,MD,Bus - Transit,Slowing or Stopping,35,No,2014,GILLIG,LOW FLOOR BUS,39.09888237,-77.20276389,2025,4,7
250018623,Property Damage Crash,04/29/2025 02:00:00 AM,NA,NA,Single Vehicle,Clear,Dry,Medium,Traffic Control Signal,NONE DETECTED,No,No Apparent Injury,Improper Turn,Not Distracted,MI,Passenger Car,Turning Right,25,No,2021,KIA,RIO,39.00296767,-77.005407,2025,4,2
250018622,Property Damage Crash,04/29/2025 12:23:00 AM,NA,NA,Single Vehicle,Clear,Dry,Dark,No Controls,NONE DETECTED,Yes,No Apparent Injury,"Over-Correcting/Over-Steering, Ran Off Roadway","Other Action (looking away from task, etc.)",MD,Passenger Car,Moving Constant Speed,40,No,2011,TOYOTA,COROLLA,39.10526827,-77.03851326,2025,4,0
250018608,Property Damage Crash,04/28/2025 10:08:00 PM,NA,NA,"Sideswipe, Same Direction",Clear,Dry,Medium,Pedestrian Crossing Sign,NONE DETECTED,No,No Apparent Injury,NA,Not Distracted,MD,Station Wagon,Moving Constant Speed,30,No,2024,SUBARU,CROSSTREK,39.08014621,-77.07861728,2025,4,22
250018608,Property Damage Crash,04/28/2025 10:08:00 PM,NA,NA,"Sideswipe, Same Direction",Clear,Dry,Medium,Pedestrian Crossing Sign,NONE DETECTED,No,NA,NA,NA,NA,Station Wagon,Making U-Turn,30,No,2019,ACURA,RDX,39.08014621,-77.07861728,2025,4,22
250018600,Property Damage Crash,04/28/2025 09:43:00 PM,NA,NA,Front to Rear,Clear,Dry,Medium,No Controls,NONE DETECTED,No,No Apparent Injury,NA,Unknown,MD,Passenger Car,Stopped in Traffic,40,No,2014,TOYOTA,PRIUS,39.16714167,-77.17272667,2025,4,21
250018600,Property Damage Crash,04/28/2025 09:43:00 PM,NA,NA,Front to Rear,Clear,Dry,Medium,No Controls,NONE DETECTED,Yes,No Apparent Injury,Followed Too Closely,Unknown,MD,Pickup,Slowing or Stopping,40,No,2014,TOYOTA,TACOMA,39.16714167,-77.17272667,2025,4,21
250018590,Injury Crash,04/28/2025 08:49:00 PM,CHRISTOPHER AVE (NB/L),NA,"Sideswipe, Same Direction",Clear,Dry,Medium,No Controls,NONE DETECTED,No,No Apparent Injury,NA,Not Distracted,MD,Bus - Transit,Moving Constant Speed,35,No,2019,GILLIG,LOW FLOOR BUS,39.159527,-77.206123,2025,4,20
250018590,Injury Crash,04/28/2025 08:49:00 PM,CHRISTOPHER AVE (NB/L),NA,"Sideswipe, Same Direction",Clear,Dry,Medium,No Controls,NONE DETECTED,Yes,No Apparent Injury,"Failed to Yield Right-of-Way, Improper Turn",Unknown,MD,Passenger Car,Changing Lanes,35,No,2025,TOYOTA,COROLLA,39.159527,-77.206123,2025,4,20
250018589,Property Damage Crash,04/28/2025 08:28:00 PM,IS 270 LOCAL LANES (NB),NA,"Sideswipe, Same Direction",Clear,Dry,Daylight,No Controls,NONE DETECTED,No,No Apparent Injury,NA,Unknown,MD,Passenger Car,Overtaking/Passing,55,No,2012,VOLKSWAGEN,GTI,39.0833726,-77.17204326,2025,4,20
250018589,Property Damage Crash,04/28/2025 08:28:00 PM,IS 270 LOCAL LANES (NB),NA,"Sideswipe, Same Direction",Clear,Dry,Daylight,No Controls,NONE DETECTED,No,No Apparent Injury,NA,Not Distracted,MD,Passenger Car,Overtaking/Passing,55,No,2020,VOLVO,S60,39.0833726,-77.17204326,2025,4,20
250018587,Property Damage Crash,04/28/2025 08:14:00 PM,SCHAEFFER RD,NA,Angle,Clear,Dry,Medium,No Controls,NONE DETECTED,Yes,No Apparent Injury,Improper Turn,Unknown,MD,Passenger Car,Turning Left,25,No,2017,SUBARU,FORESTER,39.16341881,-77.28471042,2025,4,20
250018587,Property Damage Crash,04/28/2025 08:14:00 PM,SCHAEFFER RD,NA,Angle,Clear,Dry,Medium,No Controls,NONE DETECTED,No,No Apparent Injury,NA,Not Distracted,MD,Passenger Car,Slowing or Stopping,25,No,2023,KIA,K5,39.16341881,-77.28471042,2025,4,20
250018584,Injury Crash,04/28/2025 08:00:00 PM,ROCKVILLE PIKE (SB/L),Cyclist (non-electric),Single Vehicle,Clear,Dry,Medium,Traffic Control Signal,NONE DETECTED,No,No Apparent Injury,NA,Unknown,MD,Sport Utility Vehicle,Turning Left,20,No,2009,TOYOTA,VENZA,39.00255353,-77.09729803,2025,4,20
250018581,Property Damage Crash,04/28/2025 07:43:00 PM,UNIVERSITY BLVD E (WB/L),Cyclist (Electric),Single Vehicle,Clear,Dry,Daylight,Traffic Control Signal,NONE DETECTED,No,No Apparent Injury,NA,Not Distracted,MD,Passenger Car,Turning Right,15,No,2020,SUBARU,OUTBACK,39.01952764,-77.01077837,2025,4,19
250018571,Injury Crash,04/28/2025 06:44:00 PM,WOODFIELD RD,NA,"Sideswipe, Same Direction",Clear,Dry,Daylight,No Controls,NONE DETECTED,Yes,Possible Minor Injury,"Operated Motor Vehicle in Inattentive, Careless, Negligent, or Erratic Manner",Not Distracted,MD,Passenger Car,Moving Constant Speed,35,No,2011,MAZDA,MAZDA6,39.159586,-77.15982233,2025,4,18
250018571,Injury Crash,04/28/2025 06:44:00 PM,WOODFIELD RD,NA,"Sideswipe, Same Direction",Clear,Dry,Daylight,No Controls,NONE DETECTED,Yes,No Apparent Injury,Failed to Keep in Proper Lane,Not Distracted,MD,Sport Utility Vehicle,Changing Lanes,35,No,2017,JEEP,WRANGLER,39.159586,-77.15982233,2025,4,18
250018559,Injury Crash,04/28/2025 06:00:00 PM,COLESVILLE RD (SB/L),NA,Front to Rear,Clear,Dry,Daylight,No Controls,NONE DETECTED,Yes,Possible Minor Injury,NA,Unknown,VA,Passenger Car,Moving Constant Speed,40,No,2025,VOLKSWAGEN,JETTA,39.02678933,-77.01049117,2025,4,18
250018559,Injury Crash,04/28/2025 06:00:00 PM,COLESVILLE RD (SB/L),NA,Front to Rear,Clear,Dry,Daylight,No Controls,NONE DETECTED,No,No Apparent Injury,NA,Not Distracted,MD,Passenger Car,Slowing or Stopping,40,No,2019,JAGUAR,F-PACE,39.02678933,-77.01049117,2025,4,18
250018554,Property Damage Crash,04/28/2025 05:40:00 PM,SCENERY DR,NA,Angle,Clear,Dry,Daylight,No Controls,NONE DETECTED,No,No Apparent Injury,NA,Not Distracted,MD,Passenger Car,Moving Constant Speed,30,No,2021,TOYOTA,COROLLA,39.18162676,-77.2317398,2025,4,17
250018554,Property Damage Crash,04/28/2025 05:40:00 PM,SCENERY DR,NA,Angle,Clear,Dry,Daylight,Stop Sign,NONE DETECTED,Yes,No Apparent Injury,NA,Unknown,MD,Passenger Car,Entering Traffic Lane,30,No,2019,VOLKSWAGEN,JETTA,39.18162676,-77.2317398,2025,4,17
250018565,Injury Crash,04/28/2025 05:37:00 PM,NA,Occupant of Motor Vehicle Not in Transport,Single Vehicle,Clear,NA,Daylight,NA,NONE DETECTED,No,Possible Minor Injury,NA,NA,NA,Passenger Car,Parked,0,No,2016,KIA,FORTE,39.20254922,-77.24779627,2025,4,17
250018565,Injury Crash,04/28/2025 05:37:00 PM,NA,Occupant of Motor Vehicle Not in Transport,Single Vehicle,Clear,NA,Daylight,NA,NONE DETECTED,No,NA,NA,NA,NA,NA,Accelerating,0,No,0,NA,NA,39.20254922,-77.24779627,2025,4,17
250018556,Property Damage Crash,04/28/2025 05:30:00 PM,LOFSTRAND LA,NA,Angle,Clear,Dry,Daylight,No Controls,NONE DETECTED,Yes,No Apparent Injury,NA,Unknown,MD,Passenger Car,Turning Left,25,No,2024,NISSAN,SENTRA,39.09667246,-77.13788348,2025,4,17
250018556,Property Damage Crash,04/28/2025 05:30:00 PM,LOFSTRAND LA,NA,Angle,Clear,Dry,Daylight,No Controls,NONE DETECTED,No,No Apparent Injury,NA,Unknown,MD,Passenger Car,Moving Constant Speed,25,No,2017,SUBARU,LEGACY,39.09667246,-77.13788348,2025,4,17
250018558,Property Damage Crash,04/28/2025 05:24:00 PM,COLUMBIA PIKE,NA,"Sideswipe, Same Direction",Clear,Dry,Daylight,No Controls,NONE DETECTED,Yes,No Apparent Injury,NA,Not Distracted,MD,Sport Utility Vehicle,Changing Lanes,35,No,2008,NISSAN,ROGUE,39.03111465,-77.00462579,2025,4,17
250018558,Property Damage Crash,04/28/2025 05:24:00 PM,COLUMBIA PIKE,NA,"Sideswipe, Same Direction",Clear,Dry,Daylight,No Controls,NONE DETECTED,No,No Apparent Injury,NA,Not Distracted,MD,Sport Utility Vehicle,Changing Lanes,35,No,2015,ACURA,RDX,39.03111465,-77.00462579,2025,4,17
250018546,Property Damage Crash,04/28/2025 04:58:00 PM,RESEARCH BLVD,NA,Single Vehicle,Clear,Dry,Daylight,No Controls,NONE DETECTED,Yes,No Apparent Injury,NA,Unknown,MD,Passenger Car,NA,35,No,2021,FORD,MUSTANG,39.10091629,-77.18242238,2025,4,16
250018533,Property Damage Crash,04/28/2025 04:00:00 PM,NA,NA,Front to Front,Clear,NA,Daylight,NA,NONE DETECTED,No,No Apparent Injury,NA,Not Distracted,MD,Bus - School,Entering Traffic Lane,0,No,2021,FREIGHTLINER,B2 BUS CHASSIS,39.15094374,-77.2936723,2025,4,16
250018533,Property Damage Crash,04/28/2025 04:00:00 PM,NA,NA,Front to Front,Clear,NA,Daylight,NA,NONE DETECTED,No,No Apparent Injury,Failed to Yield Right-of-Way,Not Distracted,MD,Sport Utility Vehicle,Entering Traffic Lane,0,No,2017,HONDA,HR-V,39.15094374,-77.2936723,2025,4,16
250018534,Injury Crash,04/28/2025 03:57:00 PM,NA,NA,Single Vehicle,Clear,NA,Daylight,NA,NONE DETECTED,Yes,Possible Minor Injury,NA,Unknown,MD,Passenger Car,NA,0,No,2001,HONDA,ODYSSEY,39.15461851,-77.19803886,2025,4,15
250018518,Property Damage Crash,04/28/2025 03:35:00 PM,NA,NA,Single Vehicle,Clear,NA,Daylight,NA,NONE DETECTED,Yes,No Apparent Injury,"Other Improper Action, Ran Off Roadway",Unknown,MD,Passenger Car,Moving Constant Speed,0,No,2020,LEXUS,NX,39.2250813,-77.26206669,2025,4,15
250018513,Property Damage Crash,04/28/2025 02:43:00 PM,CITADEL AVE,NA,Front to Front,Clear,Dry,Daylight,Flashing Traffic Control Signal,NONE DETECTED,No,No Apparent Injury,NA,NA,NA,Passenger Car,Turning Left,35,No,2022,NISSAN,ALTIMA,39.04484483,-77.10905233,2025,4,14
250018513,Property Damage Crash,04/28/2025 02:43:00 PM,CITADEL AVE,NA,Front to Front,Clear,Dry,Daylight,Flashing Traffic Control Signal,NONE DETECTED,No,No Apparent Injury,NA,Not Distracted,DC,Other,Moving Constant Speed,35,No,2023,CCC,LDT2CC,39.04484483,-77.10905233,2025,4,14
250018525,Property Damage Crash,04/28/2025 02:41:00 PM,NA,NA,Front to Rear,Clear,NA,Daylight,NA,NONE DETECTED,No,No Apparent Injury,NA,Not Distracted,MD,Bus - School,Parked,0,No,2024,FREIGHTLINER,B2 106 ELECTRIC CONVENTIONAL CHASSIS,38.98658647,-77.09044494,2025,4,14
250018525,Property Damage Crash,04/28/2025 02:41:00 PM,NA,NA,Front to Rear,Clear,NA,Daylight,NA,NONE DETECTED,No,No Apparent Injury,Improper Backing,Not Distracted,DC,Passenger Car,Backing,0,No,2021,HONDA,INTERCEPTOR,38.98658647,-77.09044494,2025,4,14
250018544,Property Damage Crash,04/28/2025 02:30:00 PM,NA,NA,"Sideswipe, Same Direction",Clear,NA,Daylight,NA,NONE DETECTED,Yes,No Apparent Injury,NA,Unknown,MD,Van - Cargo,Turning Left,0,No,2021,FORD,E-450,39.17559858,-77.24032884,2025,4,14
250018488,Property Damage Crash,04/28/2025 01:26:00 PM,NEW HAMPSHIRE AVE,NA,Single Vehicle,Clear,Dry,Daylight,Other,NONE DETECTED,No,No Apparent Injury,NA,Not Distracted,NC,Passenger Car,NA,30,No,2020,TOYOTA,SIENNA,39.01358521,-76.97824068,2025,4,13
250018665,Injury Crash,04/28/2025 01:18:00 PM,GEORGIA AVE (SB/L),NA,"Sideswipe, Same Direction",Clear,Dry,Daylight,Traffic Control Signal,NONE DETECTED,No,No Apparent Injury,NA,Not Distracted,MD,Passenger Car,Moving Constant Speed,35,No,2012,TOYOTA,HIGHLANDER,39.08064397,-77.07534419,2025,4,13
250018665,Injury Crash,04/28/2025 01:18:00 PM,GEORGIA AVE (SB/L),NA,"Sideswipe, Same Direction",Clear,Dry,Daylight,Traffic Control Signal,NONE DETECTED,Yes,No Apparent Injury,NA,Not Distracted,MD,Passenger Car,Entering Traffic Lane,35,No,2015,BMW,528I,39.08064397,-77.07534419,2025,4,13
250018665,Injury Crash,04/28/2025 01:18:00 PM,GEORGIA AVE (SB/L),NA,"Sideswipe, Same Direction",Clear,Dry,Daylight,Traffic Control Signal,NONE DETECTED,No,Possible Minor Injury,NA,Not Distracted,MD,Passenger Car,Moving Constant Speed,35,No,2019,HONDA,HR-V,39.08064397,-77.07534419,2025,4,13
250018646,Property Damage Crash,04/28/2025 01:05:00 PM,NA,NA,"Sideswipe, Same Direction",Clear,NA,Daylight,NA,NONE DETECTED,Yes,No Apparent Injury,"Operated Motor Vehicle in Inattentive, Careless, Negligent, or Erratic Manner",Not Distracted,NC,Van - Cargo,Turning Right,0,No,2021,FREIGHTLINER,SPRINTER,38.99160252,-77.04764687,2025,4,13
250018470,Injury Crash,04/28/2025 12:16:00 PM,NA,NA,Angle,Clear,NA,Daylight,NA,NONE DETECTED,Yes,Possible Minor Injury,Other Improper Action,Unknown,MD,Passenger Car,NA,0,No,2024,SUBARU,LEGACY,39.19401366,-77.18387134,2025,4,12
250018471,Injury Crash,04/28/2025 12:11:00 PM,ROCKVILLE PIKE,Pedestrian,Single Vehicle,Clear,Dry,Daylight,No Controls,NONE DETECTED,No,No Apparent Injury,NA,Not Distracted,MD,Passenger Car,Turning Left,35,No,2017,SUBARU,FORESTER,39.03848093,-77.10844427,2025,4,12
250018464,Injury Crash,04/28/2025 11:57:00 AM,HUNGERFORD DR (SB/L),NA,Angle,Clear,Dry,Daylight,No Controls,NONE DETECTED,No,Possible Minor Injury,NA,Not Distracted,MD,Passenger Car,Moving Constant Speed,40,No,2014,LEXUS,ES,39.10480695,-77.15715786,2025,4,11
250018464,Injury Crash,04/28/2025 11:57:00 AM,HUNGERFORD DR (SB/L),NA,Angle,Clear,Dry,Daylight,No Controls,NONE DETECTED,No,No Apparent Injury,NA,Not Distracted,MD,Sport Utility Vehicle,Turning Left,40,No,2011,LEXUS,RX,39.10480695,-77.15715786,2025,4,11
250018435,Property Damage Crash,04/28/2025 10:04:00 AM,SCENERY DR,NA,Front to Rear,Clear,Dry,Daylight,No Controls,NONE DETECTED,Yes,No Apparent Injury,"Failed to Keep in Proper Lane, Ran Off Roadway","Other Action (looking away from task, etc.)",MD,Passenger Car,Moving Constant Speed,30,No,2021,ACURA,TLX,39.178525,-77.23063333,2025,4,10
250018438,Property Damage Crash,04/28/2025 09:45:00 AM,COLESVILLE RD,NA,"Sideswipe, Same Direction",Clear,Dry,Daylight,Traffic Control Signal,NONE DETECTED,No,NA,NA,NA,NA,NA,Turning Left,35,No,0,NA,NA,39.01971706,-77.01318021,2025,4,9
250018438,Property Damage Crash,04/28/2025 09:45:00 AM,COLESVILLE RD,NA,"Sideswipe, Same Direction",Clear,Dry,Daylight,Traffic Control Signal,NONE DETECTED,No,No Apparent Injury,NA,Not Distracted,NC,Passenger Car,Turning Left,35,No,2006,MERCURY,GRAND MARQUIS,39.01971706,-77.01318021,2025,4,9
250018417,Property Damage Crash,04/28/2025 09:00:00 AM,NEW HAMPSHIRE AVE (SB/L),NA,Front to Rear,Clear,Dry,Daylight,Traffic Control Signal,NONE DETECTED,No,No Apparent Injury,NA,Not Distracted,MD,Passenger Car,Stopped in Traffic,40,No,2023,TOYOTA,RAV4,39.07567265,-77.00208241,2025,4,9
250018417,Property Damage Crash,04/28/2025 09:00:00 AM,NEW HAMPSHIRE AVE (SB/L),NA,Front to Rear,Clear,Dry,Daylight,Traffic Control Signal,NONE DETECTED,Yes,No Apparent Injury,NA,Not Distracted,MD,Bus - School,Slowing or Stopping,40,No,2014,FREIGHTLINER,B2 BUS CHASSIS,39.07567265,-77.00208241,2025,4,9
250018582,Property Damage Crash,04/28/2025 08:00:00 AM,GEORGIA AVE (SB/L),Cyclist (Electric),Single Vehicle,Clear,Dry,Daylight,Traffic Control Signal,NONE DETECTED,No,No Apparent Injury,NA,Not Distracted,MD,Passenger Car,Moving Constant Speed,35,No,2010,TOYOTA,YARIS,39.04149693,-77.05177486,2025,4,8
250018411,Property Damage Crash,04/28/2025 07:53:00 AM,KENWAY ST,NA,Rear To Rear,Clear,Dry,Daylight,Stop Sign,NONE DETECTED,Yes,No Apparent Injury,Improper Backing,Not Distracted,MD,Bus - School,Backing,25,No,2017,THOMAS BUILT,HDX,39.07160477,-77.07202072,2025,4,7
250018404,Property Damage Crash,04/28/2025 07:45:00 AM,NEW HAMPSHIRE AVE (SB/L),NA,Front to Front,Clear,Dry,Daylight,No Controls,NONE DETECTED,Yes,No Apparent Injury,NA,Not Distracted,MD,Passenger Car,Moving Constant Speed,30,No,2012,NISSAN,ROGUE,39.07721717,-77.00193667,2025,4,7
250018404,Property Damage Crash,04/28/2025 07:45:00 AM,NEW HAMPSHIRE AVE (SB/L),NA,Front to Front,Clear,Dry,Daylight,No Controls,NONE DETECTED,No,No Apparent Injury,NA,Not Distracted,MD,Passenger Car,Moving Constant Speed,45,No,2018,HONDA,PILOT,39.07721717,-77.00193667,2025,4,7
250018399,Property Damage Crash,04/28/2025 07:00:00 AM,NA,NA,Single Vehicle,Clear,NA,Daylight,NA,NONE DETECTED,No,No Apparent Injury,Other Improper Action,Not Distracted,MD,Sport Utility Vehicle,Slowing or Stopping,0,No,2018,FORD,EDGE,39.1075838,-77.1609429,2025,4,7
250018396,Property Damage Crash,04/28/2025 06:19:00 AM,GREAT SENECA HWY,NA,Front to Rear,Clear,Dry,Daylight,Traffic Control Signal,NONE DETECTED,Yes,No Apparent Injury,Followed Too Closely,Not Distracted,MD,Passenger Car,Slowing or Stopping,35,No,2011,BMW,335I,39.17484427,-77.26102781,2025,4,6
250018396,Property Damage Crash,04/28/2025 06:19:00 AM,GREAT SENECA HWY,NA,Front to Rear,Clear,Dry,Daylight,Traffic Control Signal,NONE DETECTED,No,No Apparent Injury,NA,Not Distracted,MD,Passenger Car,Stopped in Traffic,35,No,2020,NISSAN,ALTIMA,39.17484427,-77.26102781,2025,4,6
250018395,Injury Crash,04/28/2025 06:15:00 AM,GERMANTOWN RD,NA,Front to Rear,Clear,Dry,Daylight,Traffic Control Signal,NONE DETECTED,Yes,No Apparent Injury,Followed Too Closely,Not Distracted,MD,Sport Utility Vehicle,Slowing or Stopping,40,No,2016,CHEVROLET,TAHOE,39.18103667,-77.262355,2025,4,6
250018395,Injury Crash,04/28/2025 06:15:00 AM,GERMANTOWN RD,NA,Front to Rear,Clear,Dry,Daylight,Traffic Control Signal,NONE DETECTED,No,Possible Minor Injury,NA,Not Distracted,MD,Passenger Car,Slowing or Stopping,40,No,2023,MAZDA,CX-5,39.18103667,-77.262355,2025,4,6
250018393,Property Damage Crash,04/28/2025 05:45:00 AM,VEIRS MILL RD (WB/L),NA,Angle,Clear,Dry,Medium,Traffic Control Signal,NONE DETECTED,No,No Apparent Injury,Failed to Yield Right-of-Way,Not Distracted,MD,Pickup,Turning Right,35,No,2000,FORD,F-350,39.07710592,-77.12378853,2025,4,5
250018393,Property Damage Crash,04/28/2025 05:45:00 AM,VEIRS MILL RD (WB/L),NA,Angle,Clear,Dry,Medium,Traffic Control Signal,NONE DETECTED,No,No Apparent Injury,NA,Not Distracted,MD,Passenger Car,Moving Constant Speed,35,No,2021,TOYOTA,COROLLA,39.07710592,-77.12378853,2025,4,5
250018386,Property Damage Crash,04/28/2025 03:57:00 AM,NA,NA,Single Vehicle,Clear,NA,Medium,NA,NONE DETECTED,Yes,No Apparent Injury,NA,Unknown,NA,Passenger Car,NA,0,No,2012,NISSAN,ALTIMA,39.04448103,-76.98452474,2025,4,3
250018377,Property Damage Crash,04/28/2025 12:55:00 AM,EISENHOWER MEMORIAL HWY,NA,Front to Rear,Clear,Dry,Dark,No Controls,NONE DETECTED,Yes,No Apparent Injury,NA,Unknown,MD,Passenger Car,Moving Constant Speed,55,No,2015,VOLKSWAGEN,PASSAT,39.10743521,-77.18399353,2025,4,0
250018377,Property Damage Crash,04/28/2025 12:55:00 AM,EISENHOWER MEMORIAL HWY,NA,Front to Rear,Clear,Dry,Dark,No Controls,NONE DETECTED,No,NA,NA,NA,NA,Single-Unit Truck,Moving Constant Speed,55,No,0,NA,NA,39.10743521,-77.18399353,2025,4,0
250018370,Property Damage Crash,04/27/2025 10:41:00 PM,MIDDLEBROOK RD (WB/L),NA,Front to Rear,Clear,Dry,Medium,No Controls,NONE DETECTED,No,No Apparent Injury,NA,Not Distracted,MD,Passenger Car,Changing Lanes,35,No,2023,TOYOTA,CAMRY,39.17536546,-77.257243,2025,4,22
250018370,Property Damage Crash,04/27/2025 10:41:00 PM,MIDDLEBROOK RD (WB/L),NA,Front to Rear,Clear,Dry,Medium,No Controls,NONE DETECTED,Yes,NA,NA,NA,NA,Sport Utility Vehicle,NA,35,No,0,NA,NA,39.17536546,-77.257243,2025,4,22
250018369,Property Damage Crash,04/27/2025 10:05:00 PM,BEALLSVILLE RD,NA,Single Vehicle,Clear,Dry,Dark,No Controls,NONE DETECTED,No,No Apparent Injury,NA,Unknown,MD,Passenger Car,Moving Constant Speed,40,No,2024,KIA,SPORTAGE,39.19260755,-77.39504326,2025,4,22