Local Case Number,ACRS Report Type,Crash Date/Time,Road Name,Related Non-Motorist,Collision Type,Weather,Surface Condition,Light,Traffic Control,Driver Substance Abuse,Driver At Fault,Injury Severity,Circumstance,Driver Distracted By,Drivers License State,Vehicle Body Type,Vehicle Movement,Speed Limit,Driverless Vehicle,Vehicle Year,Vehicle Make,Vehicle Model,Latitude,Longitude,Year,Month,Hour
250018366,Injury Crash,04/27/2025 09:17:00 PM,BOU AVE,NA,Front to Rear,Clear,Dry,Medium,Traffic Control Signal,NONE DETECTED,No,NA,NA,NA,NA,NA,NA,30,No,0,NA,NA,39.05633307,-77.11869681,2025,4,21
250018366,Injury Crash,04/27/2025 09:17:00 PM,BOU AVE,NA,Front to Rear,Clear,Dry,Medium,Traffic Control Signal,NONE DETECTED,No,Possible Minor Injury,NA,Not Distracted,MD,Sport Utility Vehicle,Stopped in Traffic,30,No,2023,BMW,X5,39.05633307,-77.11869681,2025,4,21
250018356,Property Damage Crash,04/27/2025 08:31:00 PM,NA,NA,Other,Clear,Dry,Medium,No Controls,NONE DETECTED,No,No Apparent Injury,NA,Not Distracted,DC,Passenger Car,Accelerating,25,No,2012,TOYOTA,YARIS,38.97618289,-76.99682597,2025,4,20
250018356,Property Damage Crash,04/27/2025 08:31:00 PM,NA,NA,Other,Clear,Dry,Medium,No Controls,NONE DETECTED,No,No Apparent Injury,NA,Not Distracted,MD,Passenger Car,Slowing or Stopping,25,No,2020,NISSAN,ROGUE,38.97618289,-76.99682597,2025,4,20
250018356,Property Damage Crash,04/27/2025 08:31:00 PM,NA,NA,Other,Clear,Dry,Medium,No Controls,NONE DETECTED,No,No Apparent Injury,NA,Not Distracted,MD,Passenger Car,Slowing or Stopping,25,No,2018,ACURA,RDX,38.97618289,-76.99682597,2025,4,20
250018356,Property Damage Crash,04/27/2025 08:31:00 PM,NA,NA,Other,Clear,Dry,Medium,No Controls,NONE DETECTED,No,No Apparent Injury,NA,Not Distracted,MD,Passenger Car,Slowing or Stopping,25,No,2014,JEEP,GRAND CHEROKEE,38.97618289,-76.99682597,2025,4,20
250018350,Injury Crash,04/27/2025 07:41:00 PM,GEORGIA AVE,NA,Front to Rear,Clear,Dry,Medium,Traffic Control Signal,NONE DETECTED,No,No Apparent Injury,NA,Not Distracted,MD,Sport Utility Vehicle,Moving Constant Speed,30,No,2012,LEXUS,RX,39.03868258,-77.05078897,2025,4,19
250018350,Injury Crash,04/27/2025 07:41:00 PM,GEORGIA AVE,NA,Front to Rear,Clear,Dry,Medium,Traffic Control Signal,NONE DETECTED,Yes,No Apparent Injury,Other Improper Action,Unknown,VA,Passenger Car,Moving Constant Speed,30,No,2019,TOYOTA,CAMRY,39.03868258,-77.05078897,2025,4,19
250018331,Property Damage Crash,04/27/2025 04:45:00 PM,NA,NA,Front to Rear,Clear,NA,Daylight,NA,NONE DETECTED,No,No Apparent Injury,NA,Unknown,MD,Passenger Car,Stopped in Traffic,0,No,2025,HONDA,CIVIC,39.17186739,-77.20424882,2025,4,16
250018331,Property Damage Crash,04/27/2025 04:45:00 PM,NA,NA,Front to Rear,Clear,NA,Daylight,NA,NONE DETECTED,No,NA,NA,NA,NA,Passenger Car,Backing,0,No,2017,FORD,EXPLORER,39.17186739,-77.20424882,2025,4,16
250018328,Injury Crash,04/27/2025 04:26:00 PM,WEISMAN RD,NA,Angle,Clear,Dry,Daylight,No Controls,NONE DETECTED,No,Suspected Serious Injury,NA,Unknown,MD,Motorcycle - 2 Wheeled,NA,35,No,1999,HARLEY-DAVIDSON,FLSTF / FAT BOY,39.05259333,-77.05099167,2025,4,16
250018328,Injury Crash,04/27/2025 04:26:00 PM,WEISMAN RD,NA,Angle,Clear,Dry,Daylight,No Controls,NONE DETECTED,No,No Apparent Injury,NA,Unknown,MD,Sport Utility Vehicle,Turning Left,35,No,2017,MAZDA,CX-5,39.05259333,-77.05099167,2025,4,16
250018330,Property Damage Crash,04/27/2025 04:22:00 PM,COLUMBIA BLVD,NA,"Sideswipe, Same Direction",Clear,Dry,Daylight,No Controls,NONE DETECTED,No,No Apparent Injury,NA,Not Distracted,MD,Passenger Car,Moving Constant Speed,30,No,2018,CHEVROLET,VOLT,39.00885617,-77.03935483,2025,4,16
250018330,Property Damage Crash,04/27/2025 04:22:00 PM,COLUMBIA BLVD,NA,"Sideswipe, Same Direction",Clear,Dry,Daylight,No Controls,NONE DETECTED,Yes,No Apparent Injury,NA,Not Distracted,NA,Passenger Car,Making U-Turn,30,No,2005,MAZDA,MAZDA6,39.00885617,-77.03935483,2025,4,16
250018322,Injury Crash,04/27/2025 03:42:00 PM,ABERDEEN RD,NA,Rear To Side,Clear,Dry,Daylight,Stop Sign,NONE DETECTED,Yes,No Apparent Injury,NA,Unknown,DC,Passenger Car,Entering Traffic Lane,25,No,2015,BMW,228I,38.991426,-77.1177485,2025,4,15
250018322,Injury Crash,04/27/2025 03:42:00 PM,ABERDEEN RD,NA,Rear To Side,Clear,Dry,Daylight,No Controls,NONE DETECTED,No,No Apparent Injury,NA,Unknown,MD,Sport Utility Vehicle,Moving Constant Speed,35,No,2020,VOLVO,XC90,38.991426,-77.1177485,2025,4,15
250018321,Property Damage Crash,04/27/2025 03:31:00 PM,ROCKVILLE PIKE,NA,Front to Rear,Clear,Dry,Daylight,Traffic Control Signal,NONE DETECTED,Yes,No Apparent Injury,NA,Not Distracted,GA,Passenger Car,Moving Constant Speed,35,No,2001,MITSUBISHI,GALANT,39.05258783,-77.1161555,2025,4,15
250018321,Property Damage Crash,04/27/2025 03:31:00 PM,ROCKVILLE PIKE,NA,Front to Rear,Clear,Dry,Daylight,Traffic Control Signal,NONE DETECTED,No,No Apparent Injury,NA,Not Distracted,MD,Sport Utility Vehicle,Stopped in Traffic,35,No,2013,TOYOTA,RAV4,39.05258783,-77.1161555,2025,4,15
250018321,Property Damage Crash,04/27/2025 03:31:00 PM,ROCKVILLE PIKE,NA,Front to Rear,Clear,Dry,Daylight,Traffic Control Signal,NONE DETECTED,No,No Apparent Injury,NA,Not Distracted,MD,Sport Utility Vehicle,Stopped in Traffic,35,No,2020,MAZDA,CX-30,39.05258783,-77.1161555,2025,4,15
250018321,Property Damage Crash,04/27/2025 03:31:00 PM,ROCKVILLE PIKE,NA,Front to Rear,Clear,Dry,Daylight,Traffic Control Signal,NONE DETECTED,No,No Apparent Injury,NA,Not Distracted,MD,Pickup,Stopped in Traffic,35,No,2017,NISSAN,FRONTIER,39.05258783,-77.1161555,2025,4,15
250018315,Property Damage Crash,04/27/2025 03:20:00 PM,GEORGIA AVE,NA,Front to Rear,Clear,Dry,Daylight,Traffic Control Signal,NONE DETECTED,No,No Apparent Injury,NA,Not Distracted,MD,Passenger Car,Stopped in Traffic,30,No,2024,TOYOTA,RAV4,39.01553624,-77.04260403,2025,4,15
250018315,Property Damage Crash,04/27/2025 03:20:00 PM,GEORGIA AVE,NA,Front to Rear,Clear,Dry,Daylight,Traffic Control Signal,NONE DETECTED,No,NA,NA,NA,NA,NA,Moving Constant Speed,30,No,0,NA,NA,39.01553624,-77.04260403,2025,4,15
250018302,Property Damage Crash,04/27/2025 01:58:00 PM,FENTON ST,NA,Angle,Clear,Dry,Daylight,Traffic Control Signal,NONE DETECTED,No,No Apparent Injury,NA,Not Distracted,MD,Passenger Car,Turning Right,25,No,2014,TOYOTA,RAV4,38.99017994,-77.0238898,2025,4,13
250018302,Property Damage Crash,04/27/2025 01:58:00 PM,FENTON ST,NA,Angle,Clear,Dry,Daylight,Traffic Control Signal,NONE DETECTED,Yes,No Apparent Injury,Improper Passing,Not Distracted,NY,Motorcycle - 2 Wheeled,Moving Constant Speed,25,No,2024,DUCATI,STREETFIGHTER,38.99017994,-77.0238898,2025,4,13
250018295,Property Damage Crash,04/27/2025 12:34:00 PM,ROTHBURY DR,NA,Angle,Clear,Dry,Daylight,No Controls,NONE DETECTED,No,No Apparent Injury,Failed to Yield Right-of-Way,Unknown,NA,Passenger Car,Entering Traffic Lane,10,No,2005,CHEVROLET,MALIBU CLASSIC,39.18542533,-77.18869896,2025,4,12
250018295,Property Damage Crash,04/27/2025 12:34:00 PM,ROTHBURY DR,NA,Angle,Clear,Dry,Daylight,No Controls,NONE DETECTED,No,No Apparent Injury,NA,Not Distracted,MD,Passenger Car,Moving Constant Speed,10,No,2019,FORD,FUSION,39.18542533,-77.18869896,2025,4,12
25000752,Property Damage Crash,04/27/2025 12:13:00 PM,NA,NA,Other,Clear,NA,Daylight,NA,NONE DETECTED,No,No Apparent Injury,NA,NA,NA,Unknown,NA,0,No,0,NA,NA,39.17040142,-77.19570551,2025,4,12
250018284,Property Damage Crash,04/27/2025 10:49:00 AM,NA,NA,Front to Rear,Clear,NA,Daylight,NA,NONE DETECTED,No,NA,NA,NA,NA,NA,Parked,0,No,0,NA,NA,38.98261937,-77.00787924,2025,4,10
250018284,Property Damage Crash,04/27/2025 10:49:00 AM,NA,NA,Front to Rear,Clear,NA,Daylight,NA,NONE DETECTED,Yes,No Apparent Injury,NA,Unknown,MD,Passenger Car,Accelerating,0,No,2015,TOYOTA,COROLLA,38.98261937,-77.00787924,2025,4,10
250018277,Injury Crash,04/27/2025 10:37:00 AM,TECH RD,NA,Angle,Clear,Dry,Daylight,No Controls,NONE DETECTED,No,Possible Minor Injury,NA,Not Distracted,MD,Pickup,Moving Constant Speed,25,No,2024,TOYOTA,TACOMA,39.05642778,-76.96705583,2025,4,10
250018277,Injury Crash,04/27/2025 10:37:00 AM,TECH RD,NA,Angle,Clear,Dry,Daylight,No Controls,NONE DETECTED,Yes,Suspected Serious Injury,NA,Not Distracted,MD,Passenger Car,Entering Traffic Lane,25,No,2002,TOYOTA,CAMRY,39.05642778,-76.96705583,2025,4,10
250018259,Injury Crash,04/27/2025 07:29:00 AM,MANNAKEE ST,NA,Angle,Clear,Dry,Daylight,Traffic Control Signal,NONE DETECTED,No,Possible Minor Injury,NA,Not Distracted,MD,Passenger Car,Moving Constant Speed,35,No,2017,FORD,FUSION,39.09653218,-77.1534024,2025,4,7
250018259,Injury Crash,04/27/2025 07:29:00 AM,MANNAKEE ST,NA,Angle,Clear,Dry,Daylight,Traffic Control Signal,NONE DETECTED,Yes,No Apparent Injury,NA,Not Distracted,MD,Passenger Car,Turning Right,35,No,2020,CHEVROLET,TAHOE,39.09653218,-77.1534024,2025,4,7
250018252,Property Damage Crash,04/27/2025 04:03:00 AM,QUINCE ORCHARD RD (SB/L),NA,Angle,Clear,Dry,Medium,Traffic Control Signal,NONE DETECTED,No,No Apparent Injury,NA,Not Distracted,MD,Passenger Car,Moving Constant Speed,35,No,2023,HYUNDAI,ELANTRA,39.14265181,-77.2208977,2025,4,4
250018252,Property Damage Crash,04/27/2025 04:03:00 AM,QUINCE ORCHARD RD (SB/L),NA,Angle,Clear,Dry,Medium,Traffic Control Signal,NONE DETECTED,Yes,No Apparent Injury,Ran Red Light,Talking/listening,MD,Passenger Car,Moving Constant Speed,35,No,2008,HONDA,ACCORD,39.14265181,-77.2208977,2025,4,4
250018250,Injury Crash,04/27/2025 03:40:00 AM,NA,NA,Single Vehicle,Clear,Dry,Medium,No Controls,NONE DETECTED,Yes,No Apparent Injury,NA,Unknown,MD,Passenger Car,Moving Constant Speed,25,No,2021,HYUNDAI,ACCENT,38.97777913,-77.00737631,2025,4,3
250018245,Property Damage Crash,04/27/2025 02:41:00 AM,CASTLE BLVD,NA,Rear To Rear,Clear,Dry,Medium,No Controls,NONE DETECTED,Yes,No Apparent Injury,NA,Not Distracted,NA,Passenger Car,Accelerating,15,No,2015,NISSAN,ALTIMA,39.08619282,-76.94016583,2025,4,2
250018239,Property Damage Crash,04/27/2025 01:51:00 AM,RAMP 6 FR MD 198 EB TO US 29 SB,NA,Angle,Clear,Dry,Medium,Traffic Control Signal,NONE DETECTED,No,No Apparent Injury,NA,Not Distracted,MD,Passenger Car,Moving Constant Speed,45,No,2018,NISSAN,ROGUE,39.11121526,-76.93206981,2025,4,1
250018239,Property Damage Crash,04/27/2025 01:51:00 AM,RAMP 6 FR MD 198 EB TO US 29 SB,NA,Angle,Clear,Dry,Medium,Flashing Traffic Control Signal,NONE DETECTED,Yes,No Apparent Injury,NA,Not Distracted,SC,Passenger Car,Moving Constant Speed,45,No,2018,HONDA,CIVIC,39.11121526,-76.93206981,2025,4,1
250018236,Property Damage Crash,04/26/2025 11:44:00 PM,WILLOW TREE DR,NA,Single Vehicle,Clear,Dry,Medium,No Controls,NONE DETECTED,No,No Apparent Injury,"Operated Motor Vehicle in Inattentive, Careless, Negligent, or Erratic Manner",NA,MD,Passenger Car,Moving Constant Speed,25,No,2024,HONDA,CIVIC,39.08515181,-77.20129395,2025,4,23
250018235,Property Damage Crash,04/26/2025 11:31:00 PM,RANDOLPH RD (WB/L),NA,Angle,Clear,Dry,Medium,No Controls,ALCOHOL PRESENT,Yes,No Apparent Injury,"Disregarded Other Road Markings, Failed to Keep in Proper Lane, Failed to Yield Right-of-Way, Operated Motor Vehicle in Inattentive, Careless, Negligent, or Erratic Manner, Operated Motor Vehicle in Reckless or Aggressive Manner",Unknown,MD,Passenger Car,Entering Traffic Lane,35,No,2019,TOYOTA,RAV4,39.07529208,-77.00431935,2025,4,23
250018235,Property Damage Crash,04/26/2025 11:31:00 PM,RANDOLPH RD (WB/L),NA,Angle,Clear,Dry,Medium,No Controls,NONE DETECTED,No,No Apparent Injury,NA,Not Distracted,MD,Passenger Car,Moving Constant Speed,35,No,2024,TESLA,MODEL Y,39.07529208,-77.00431935,2025,4,23
250018234,Injury Crash,04/26/2025 11:20:00 PM,GREAT SENECA HWY,NA,Angle,Clear,Dry,Medium,Traffic Control Signal,NONE DETECTED,Yes,No Apparent Injury,Failed to Yield Right-of-Way,Not Distracted,MD,Passenger Car,Turning Left,35,No,2018,HONDA,CIVIC,39.12386802,-77.23161486,2025,4,23
250018234,Injury Crash,04/26/2025 11:20:00 PM,GREAT SENECA HWY,NA,Angle,Clear,Dry,Medium,Traffic Control Signal,NONE DETECTED,No,Possible Minor Injury,NA,Not Distracted,MD,Passenger Car,Moving Constant Speed,35,No,2012,NISSAN,ROGUE,39.12386802,-77.23161486,2025,4,23
250018233,Property Damage Crash,04/26/2025 10:32:00 PM,NA,NA,Single Vehicle,Clear,Dry,Medium,No Controls,NONE DETECTED,No,NA,NA,NA,NA,Van - Cargo,Moving Constant Speed,35,No,2022,CHEVROLET,EXPRESS,39.00127588,-76.98653766,2025,4,22
250018231,Fatal Crash,04/26/2025 09:59:00 PM,ASPEN HILL RD (SB/L),Pedestrian,Single Vehicle,Clear,Dry,Medium,Pedestrian Crossing,NONE DETECTED,No,No Apparent Injury,NA,Not Distracted,MD,Passenger Car,Moving Constant Speed,40,No,2024,ACURA,INTEGRA,39.08082916,-77.07518121,2025,4,21
250018223,Injury Crash,04/26/2025 09:15:00 PM,HAMMONTON PL,NA,"Sideswipe, Same Direction",Clear,Dry,Dark,No Controls,NONE DETECTED,No,No Apparent Injury,NA,Not Distracted,MD,Passenger Car,Moving Constant Speed,45,No,2011,HYUNDAI,SONATA,39.06880133,-77.015061,2025,4,21
250018223,Injury Crash,04/26/2025 09:15:00 PM,HAMMONTON PL,NA,"Sideswipe, Same Direction",Clear,Dry,Dark,Stop Sign,NONE DETECTED,No,No Apparent Injury,Failed to Yield Right-of-Way,Unknown,MD,Passenger Car,Turning Left,25,No,2009,TOYOTA,PRIUS,39.06880133,-77.015061,2025,4,21
250018224,Property Damage Crash,04/26/2025 09:02:00 PM,NA,NA,Single Vehicle,Clear,Dry,Medium,Intersection Ahead Warning Sign,ALCOHOL PRESENT,No,No Apparent Injury,Other Improper Action,Unknown,MD,Passenger Car,Turning Left,30,No,2019,MERCEDES-BENZ,E-CLASS,39.0532741,-77.18429,2025,4,21
250018221,Property Damage Crash,04/26/2025 08:30:00 PM,CLOVERLEAF CENTER DR (EB/L),NA,Front to Front,Clear,Dry,Medium,Traffic Control Signal,ALCOHOL PRESENT,Yes,No Apparent Injury,Failed to Yield Right-of-Way,Not Distracted,MD,Passenger Car,Turning Left,40,No,2020,HONDA,ACCORD,39.1900655,-77.26677503,2025,4,20
250018221,Property Damage Crash,04/26/2025 08:30:00 PM,CLOVERLEAF CENTER DR (EB/L),NA,Front to Front,Clear,Dry,Medium,Traffic Control Signal,NONE DETECTED,No,No Apparent Injury,NA,Not Distracted,MD,Passenger Car,Accelerating,25,No,2019,JEEP,GRAND CHEROKEE,39.1900655,-77.26677503,2025,4,20
250018211,Injury Crash,04/26/2025 07:02:00 PM,ROCKVILLE PIKE,NA,Front to Rear,Clear,Dry,Daylight,No Controls,NONE DETECTED,Yes,Possible Minor Injury,Followed Too Closely,Unknown,MD,Sport Utility Vehicle,Moving Constant Speed,35,No,2019,HONDA,CR-V,39.01795326,-77.10115296,2025,4,19
250018211,Injury Crash,04/26/2025 07:02:00 PM,ROCKVILLE PIKE,NA,Front to Rear,Clear,Dry,Daylight,No Controls,NONE DETECTED,No,No Apparent Injury,NA,Not Distracted,MD,Sport Utility Vehicle,Moving Constant Speed,35,No,2024,SUBARU,FORESTER,39.01795326,-77.10115296,2025,4,19
250018208,Injury Crash,04/26/2025 06:34:00 PM,NA,NA,Other,Clear,Dry,Daylight,Traffic Control Signal,NONE DETECTED,No,Suspected Serious Injury,NA,Unknown,MD,Passenger Car,Moving Constant Speed,35,No,2009,NISSAN,MAXIMA,39.11564284,-77.1661957,2025,4,18
250018208,Injury Crash,04/26/2025 06:34:00 PM,NA,NA,Other,Clear,Dry,Daylight,Traffic Control Signal,NONE DETECTED,Yes,Suspected Serious Injury,NA,Unknown,MD,Passenger Car,Moving Constant Speed,25,No,2020,NISSAN,PATHFINDER,39.11564284,-77.1661957,2025,4,18
250018207,Property Damage Crash,04/26/2025 06:31:00 PM,GREAT SENECA HWY (SB/L),NA,Front to Rear,Clear,Dry,Daylight,Traffic Control Signal,NONE DETECTED,No,No Apparent Injury,NA,Not Distracted,MD,Passenger Car,Slowing or Stopping,50,No,2015,HONDA,ODYSSEY,39.11039083,-77.21812367,2025,4,18
250018207,Property Damage Crash,04/26/2025 06:31:00 PM,GREAT SENECA HWY (SB/L),NA,Front to Rear,Clear,Dry,Daylight,Traffic Control Signal,NONE DETECTED,No,No Apparent Injury,NA,Not Distracted,MD,Passenger Car,Slowing or Stopping,50,No,2016,VOLVO,XC60,39.11039083,-77.21812367,2025,4,18
250018207,Property Damage Crash,04/26/2025 06:31:00 PM,GREAT SENECA HWY (SB/L),NA,Front to Rear,Clear,Dry,Daylight,Traffic Control Signal,NONE DETECTED,Yes,No Apparent Injury,NA,Not Distracted,MD,Passenger Car,Slowing or Stopping,50,No,2017,FORD,FOCUS,39.11039083,-77.21812367,2025,4,18
250018207,Property Damage Crash,04/26/2025 06:31:00 PM,GREAT SENECA HWY (SB/L),NA,Front to Rear,Clear,Dry,Daylight,Traffic Control Signal,NONE DETECTED,No,No Apparent Injury,NA,Not Distracted,MD,Passenger Car,Slowing or Stopping,50,No,2024,TOYOTA,SIENNA,39.11039083,-77.21812367,2025,4,18
250018205,Property Damage Crash,04/26/2025 06:30:00 PM,AMHERST AVE,NA,Angle,Clear,Dry,Daylight,Stop Sign,NONE DETECTED,Yes,No Apparent Injury,NA,"Other Action (looking away from task, etc.)",MD,Passenger Car,Accelerating,25,No,2021,HONDA,CIVIC TYPE R,39.03195383,-77.04700383,2025,4,18
250018205,Property Damage Crash,04/26/2025 06:30:00 PM,AMHERST AVE,NA,Angle,Clear,Dry,Daylight,Stop Sign,NONE DETECTED,No,No Apparent Injury,NA,Not Distracted,MD,Passenger Car,Accelerating,25,No,2016,HONDA,ACCORD,39.03195383,-77.04700383,2025,4,18
250018204,Injury Crash,04/26/2025 06:14:00 PM,NA,NA,Front to Rear,Clear,Dry,Daylight,No Controls,NONE DETECTED,Yes,Possible Minor Injury,NA,Unknown,MD,Sport Utility Vehicle,Moving Constant Speed,40,No,2013,NISSAN,ROGUE,39.12260811,-77.02585631,2025,4,18
250018197,Property Damage Crash,04/26/2025 05:22:00 PM,NA,NA,Other,Clear,Dry,Daylight,Stop Sign,NONE DETECTED,No,No Apparent Injury,NA,Unknown,MD,Sport Utility Vehicle,Moving Constant Speed,25,No,2016,NISSAN,MURANO,39.04333774,-77.11336414,2025,4,17
250018197,Property Damage Crash,04/26/2025 05:22:00 PM,NA,NA,Other,Clear,Dry,Daylight,Stop Sign,NONE DETECTED,No,No Apparent Injury,NA,Unknown,MD,Passenger Car,Making U-Turn,25,No,2013,NISSAN,ALTIMA,39.04333774,-77.11336414,2025,4,17
250018193,Injury Crash,04/26/2025 04:19:00 PM,RAMP 8 FR RAMP 5 TO SHADY GROVE RD WB,NA,Angle,Clear,Dry,Daylight,Traffic Control Signal,NONE DETECTED,No,No Apparent Injury,NA,Not Distracted,MD,Passenger Car,Turning Left,40,No,2011,CHEVROLET,EXPRESS,39.12963558,-77.16379047,2025,4,16
250018193,Injury Crash,04/26/2025 04:19:00 PM,RAMP 8 FR RAMP 5 TO SHADY GROVE RD WB,NA,Angle,Clear,Dry,Daylight,Traffic Control Signal,NONE DETECTED,No,No Apparent Injury,NA,Not Distracted,MD,Passenger Car,Turning Left,40,No,2020,HONDA,CR-V,39.12963558,-77.16379047,2025,4,16
250018193,Injury Crash,04/26/2025 04:19:00 PM,RAMP 8 FR RAMP 5 TO SHADY GROVE RD WB,NA,Angle,Clear,Dry,Daylight,Traffic Control Signal,NONE DETECTED,Yes,No Apparent Injury,"Disregarded Other Traffic Sign, Too Fast For Conditions",Not Distracted,MD,Passenger Car,Moving Constant Speed,40,No,2012,FORD,FUSION,39.12963558,-77.16379047,2025,4,16
250018170,Property Damage Crash,04/26/2025 03:30:00 PM,STRATH HAVEN DR,NA,Angle,Clear,Dry,Daylight,Stop Sign,NONE DETECTED,Yes,No Apparent Injury,"Failed to Yield Right-of-Way, Improper Turn",Unknown,MD,Passenger Car,Turning Left,35,No,2012,SUBARU,OUTBACK,39.19251078,-77.19331156,2025,4,15
250018170,Property Damage Crash,04/26/2025 03:30:00 PM,STRATH HAVEN DR,NA,Angle,Clear,Dry,Daylight,Stop Sign,NONE DETECTED,No,No Apparent Injury,NA,Unknown,MD,Passenger Car,Moving Constant Speed,35,No,2006,HONDA,CIVIC,39.19251078,-77.19331156,2025,4,15
250018166,Property Damage Crash,04/26/2025 03:21:00 PM,GEORGIA AVE,NA,Front to Rear,Rain,Wet,Daylight,No Controls,NONE DETECTED,Yes,No Apparent Injury,"Followed Too Closely, Too Fast For Conditions",Not Distracted,NA,Passenger Car,Slowing or Stopping,35,No,2022,KIA,FORTE,39.05340256,-77.05075937,2025,4,15
250018166,Property Damage Crash,04/26/2025 03:21:00 PM,GEORGIA AVE,NA,Front to Rear,Rain,Wet,Daylight,No Controls,NONE DETECTED,No,No Apparent Injury,NA,Not Distracted,UT,Passenger Car,Stopped in Traffic,35,No,2024,NISSAN,ROGUE,39.05340256,-77.05075937,2025,4,15
250018158,Property Damage Crash,04/26/2025 02:49:00 PM,COLUMBIA PIKE (SB/L),NA,Front to Rear,Cloudy,Dry,Daylight,Traffic Control Signal,NONE DETECTED,No,No Apparent Injury,NA,Not Distracted,MD,Sport Utility Vehicle,Stopped in Traffic,50,No,2018,FORD,ESCAPE,39.04676232,-76.98675392,2025,4,14
250018158,Property Damage Crash,04/26/2025 02:49:00 PM,COLUMBIA PIKE (SB/L),NA,Front to Rear,Cloudy,Dry,Daylight,Traffic Control Signal,NONE DETECTED,Yes,No Apparent Injury,"Followed Too Closely, Other Improper Action","Other Action (looking away from task, etc.)",MD,Passenger Car,Accelerating,50,No,2014,MERCEDES-BENZ,CLA-CLASS,39.04676232,-76.98675392,2025,4,14
250018158,Property Damage Crash,04/26/2025 02:49:00 PM,COLUMBIA PIKE (SB/L),NA,Front to Rear,Cloudy,Dry,Daylight,Traffic Control Signal,NONE DETECTED,No,No Apparent Injury,NA,Not Distracted,MD,Passenger Car,Stopped in Traffic,50,No,2019,NISSAN,SENTRA,39.04676232,-76.98675392,2025,4,14
250018206,Property Damage Crash,04/26/2025 02:40:00 PM,RAMP 6 FR MD 118 EB TO IS 270 SB,NA,Front to Rear,Clear,Dry,Daylight,Flashing Traffic Control Signal,NONE DETECTED,No,NA,NA,NA,NA,Passenger Car,Moving Constant Speed,35,No,2021,NISSAN,FRONTIER,39.18246414,-77.25360746,2025,4,14
250018206,Property Damage Crash,04/26/2025 02:40:00 PM,RAMP 6 FR MD 118 EB TO IS 270 SB,NA,Front to Rear,Clear,Dry,Daylight,Flashing Traffic Control Signal,NONE DETECTED,No,No Apparent Injury,NA,Not Distracted,MD,Passenger Car,Moving Constant Speed,35,No,2022,HONDA,HR-V,39.18246414,-77.25360746,2025,4,14
250018154,Injury Crash,04/26/2025 02:27:00 PM,NA,NA,Angle,Clear,Dry,Daylight,No Controls,NONE DETECTED,No,Possible Minor Injury,NA,Not Distracted,MD,Sport Utility Vehicle,Moving Constant Speed,40,No,2015,TOYOTA,SIENNA,39.11641203,-76.96576597,2025,4,14
250018154,Injury Crash,04/26/2025 02:27:00 PM,NA,NA,Angle,Clear,Dry,Daylight,No Controls,NONE DETECTED,Yes,No Apparent Injury,"Failed to Yield Right-of-Way, Improper Turn",Unknown,MD,Sport Utility Vehicle,Turning Left,40,No,2011,CHEVROLET,EQUINOX,39.11641203,-76.96576597,2025,4,14
25000746,Property Damage Crash,04/26/2025 02:26:00 PM,NA,NA,"Sideswipe, Same Direction",Clear,NA,Daylight,NA,NONE DETECTED,No,No Apparent Injury,NA,NA,NA,Pickup,Turning Right,0,No,0,NA,NA,39.05828877,-77.03873756,2025,4,14
250018147,Property Damage Crash,04/26/2025 02:01:00 PM,GEORGIA AVE (SB/L),NA,Front to Rear,Clear,Dry,Daylight,No Controls,NONE DETECTED,No,No Apparent Injury,NA,Not Distracted,MD,Passenger Car,Slowing or Stopping,40,No,2016,TOYOTA,CAMRY,39.1285745,-77.07163217,2025,4,14
250018147,Property Damage Crash,04/26/2025 02:01:00 PM,GEORGIA AVE (SB/L),NA,Front to Rear,Clear,Dry,Daylight,No Controls,NONE DETECTED,No,No Apparent Injury,NA,Not Distracted,MD,Passenger Car,Slowing or Stopping,40,No,2020,CHEVROLET,SILVERADO,39.1285745,-77.07163217,2025,4,14