Local Case Number,ACRS Report Type,Crash Date/Time,Road Name,Related Non-Motorist,Collision Type,Weather,Surface Condition,Light,Traffic Control,Driver Substance Abuse,Driver At Fault,Injury Severity,Circumstance,Driver Distracted By,Drivers License State,Vehicle Body Type,Vehicle Movement,Speed Limit,Driverless Vehicle,Vehicle Year,Vehicle Make,Vehicle Model,Latitude,Longitude,Year,Month,Hour
250018147,Property Damage Crash,04/26/2025 02:01:00 PM,GEORGIA AVE (SB/L),NA,Front to Rear,Clear,Dry,Daylight,No Controls,NONE DETECTED,Yes,No Apparent Injury,NA,Unknown,MD,Passenger Car,Changing Lanes,40,No,2010,HYUNDAI,SONATA,39.1285745,-77.07163217,2025,4,14
250018145,Property Damage Crash,04/26/2025 01:44:00 PM,ANNAPOLIS ROCK RD,NA,Angle,Clear,Dry,Daylight,No Controls,NONE DETECTED,No,No Apparent Injury,Failed to Yield Right-of-Way,Not Distracted,MD,Passenger Car,Moving Constant Speed,35,No,2017,HONDA,ACCORD,39.269375,-77.15222917,2025,4,13
250018145,Property Damage Crash,04/26/2025 01:44:00 PM,ANNAPOLIS ROCK RD,NA,Angle,Clear,Dry,Daylight,Stop Sign,NONE DETECTED,Yes,No Apparent Injury,NA,Not Distracted,MD,Passenger Car,Slowing or Stopping,35,No,2019,TOYOTA,CAMRY,39.269375,-77.15222917,2025,4,13
250018141,Property Damage Crash,04/26/2025 01:26:00 PM,NA,NA,Front to Rear,Clear,Wet,Daylight,No Controls,NONE DETECTED,No,No Apparent Injury,NA,Not Distracted,MD,Passenger Car,Slowing or Stopping,35,No,2006,LEXUS,IS,39.042316,-77.178178,2025,4,13
250018141,Property Damage Crash,04/26/2025 01:26:00 PM,NA,NA,Front to Rear,Clear,Wet,Daylight,No Controls,NONE DETECTED,No,No Apparent Injury,NA,Not Distracted,MD,Passenger Car,Turning Left,35,No,2021,BMW,Z4,39.042316,-77.178178,2025,4,13
250018141,Property Damage Crash,04/26/2025 01:26:00 PM,NA,NA,Front to Rear,Clear,Wet,Daylight,No Controls,NONE DETECTED,Yes,No Apparent Injury,"Followed Too Closely, Too Fast For Conditions",Not Distracted,MD,Passenger Car,Moving Constant Speed,35,No,2011,TOYOTA,CAMRY,39.042316,-77.178178,2025,4,13
250018137,Property Damage Crash,04/26/2025 12:17:00 PM,WOODFIELD RD,NA,Single Vehicle,Rain,Wet,Daylight,No Controls,NONE DETECTED,Yes,No Apparent Injury,Failed to Keep in Proper Lane,Not Distracted,MD,Passenger Car,Moving Constant Speed,35,No,2019,FORD,FIESTA,39.2198585,-77.17445433,2025,4,12
250018156,Injury Crash,04/26/2025 12:00:00 PM,NA,NA,"Sideswipe, Same Direction",Clear,NA,Daylight,NA,NONE DETECTED,No,NA,NA,NA,NA,Sport Utility Vehicle,Backing,0,No,2015,TOYOTA,HIGHLANDER,39.12123824,-77.17065664,2025,4,12
250018156,Injury Crash,04/26/2025 12:00:00 PM,NA,NA,"Sideswipe, Same Direction",Clear,NA,Daylight,NA,NONE DETECTED,No,Possible Minor Injury,NA,Not Distracted,MD,Pickup,Parked,0,No,2017,RAM,1500,39.12123824,-77.17065664,2025,4,12
250018133,Injury Crash,04/26/2025 11:40:00 AM,TRAVILAH RD,NA,Single Vehicle,Cloudy,Wet,Daylight,No Controls,ALCOHOL PRESENT,Yes,Suspected Serious Injury,"Operated Motor Vehicle in Inattentive, Careless, Negligent, or Erratic Manner, Operated Motor Vehicle in Reckless or Aggressive Manner, Ran Off Roadway",Unknown,MD,Passenger Car,NA,30,No,2023,HONDA,ACCORD,39.0785414,-77.25684366,2025,4,11
250018125,Property Damage Crash,04/26/2025 10:50:00 AM,LONGDRAFT RD,NA,Front to Front,Cloudy,Wet,Daylight,Traffic Control Signal,NONE DETECTED,Yes,No Apparent Injury,"Improper Turn, Too Fast For Conditions",Unknown,MD,Passenger Car,Turning Right,40,No,2014,NISSAN,ALTIMA,39.13302084,-77.24478256,2025,4,10
250018125,Property Damage Crash,04/26/2025 10:50:00 AM,LONGDRAFT RD,NA,Front to Front,Cloudy,Wet,Daylight,Traffic Control Signal,NONE DETECTED,No,No Apparent Injury,NA,Not Distracted,MD,Sport Utility Vehicle,Stopped in Traffic,30,No,2019,MAZDA,CX-9,39.13302084,-77.24478256,2025,4,10
250018123,Property Damage Crash,04/26/2025 10:01:00 AM,METRORAIL TRACK B2 RAIL,NA,Front to Rear,Rain,Wet,Daylight,No Controls,NONE DETECTED,Yes,No Apparent Injury,Followed Too Closely,Unknown,MD,Van - Cargo,Slowing or Stopping,35,No,2012,CHEVROLET,EXPRESS,39.01615736,-77.04296229,2025,4,10
250018123,Property Damage Crash,04/26/2025 10:01:00 AM,METRORAIL TRACK B2 RAIL,NA,Front to Rear,Rain,Wet,Daylight,No Controls,NONE DETECTED,No,NA,NA,NA,NA,Passenger Car,Stopped in Traffic,35,No,2016,KIA,FORTE,39.01615736,-77.04296229,2025,4,10
250018118,Property Damage Crash,04/26/2025 09:22:00 AM,NA,NA,Angle,Cloudy,Wet,Daylight,No Controls,NONE DETECTED,No,No Apparent Injury,NA,Not Distracted,MD,Passenger Car,Moving Constant Speed,45,No,2018,HONDA,CIVIC,39.07811888,-77.08063361,2025,4,9
250018118,Property Damage Crash,04/26/2025 09:22:00 AM,NA,NA,Angle,Cloudy,Wet,Daylight,Stop Sign,NONE DETECTED,Yes,No Apparent Injury,Failed to Yield Right-of-Way,Not Distracted,DC,Passenger Car,Turning Right,5,No,2017,TOYOTA,CAMRY,39.07811888,-77.08063361,2025,4,9
250018113,Injury Crash,04/26/2025 09:20:00 AM,NA,Pedestrian,Single Vehicle,Cloudy,NA,Daylight,NA,NONE DETECTED,Yes,No Apparent Injury,NA,Not Distracted,MD,Passenger Car,Backing,0,No,2013,VOLVO,XC90,39.097114500000004,-77.1918468,2025,4,9
250018110,Property Damage Crash,04/26/2025 04:55:00 AM,NA,NA,Single Vehicle,Rain,Wet,Dark,No Controls,NONE DETECTED,Yes,No Apparent Injury,Too Fast For Conditions,Unknown,MD,Passenger Car,Negotiating a Curve,30,No,2008,HONDA,ACCORD,39.03422411,-77.1468465,2025,4,4
250018099,Property Damage Crash,04/26/2025 03:54:00 AM,RIVER RD (WB/L),NA,Front to Rear,Rain,Wet,Medium,No Controls,NONE DETECTED,No,No Apparent Injury,Other Improper Action,Not Distracted,MD,Van - Passenger (&lt;9 Seats),Moving Constant Speed,45,No,2017,TOYOTA,SIENNA,38.99031131,-77.1528604,2025,4,3
250018099,Property Damage Crash,04/26/2025 03:54:00 AM,RIVER RD (WB/L),NA,Front to Rear,Rain,Wet,Medium,No Controls,NONE DETECTED,Yes,No Apparent Injury,Too Fast For Conditions,Not Distracted,UM,Sport Utility Vehicle,Moving Constant Speed,45,No,2023,KIA,SPORTAGE,38.99031131,-77.1528604,2025,4,3
250018077,Property Damage Crash,04/26/2025 12:10:00 AM,EMORY GROVE RD,NA,Front to Front,Rain,Wet,Dark,Traffic Control Signal,NONE DETECTED,No,No Apparent Injury,NA,Not Distracted,MD,Passenger Car,Moving Constant Speed,35,No,2008,MERCURY,MARINER,39.16026633,-77.1920585,2025,4,0
250018077,Property Damage Crash,04/26/2025 12:10:00 AM,EMORY GROVE RD,NA,Front to Front,Rain,Wet,Dark,Traffic Control Signal,NONE DETECTED,Yes,No Apparent Injury,NA,Not Distracted,MD,Passenger Car,Turning Left,35,No,2015,KIA,SPORTAGE,39.16026633,-77.1920585,2025,4,0
250018075,Injury Crash,04/25/2025 11:54:00 PM,ADELPHI RD (WB/L),NA,Front to Rear,Rain,Wet,Medium,No Controls,NONE DETECTED,Yes,No Apparent Injury,NA,Not Distracted,MD,Sport Utility Vehicle,Stopped in Traffic,35,No,2008,NISSAN,ROGUE,39.0109949,-76.97746303,2025,4,23
250018075,Injury Crash,04/25/2025 11:54:00 PM,ADELPHI RD (WB/L),NA,Front to Rear,Rain,Wet,Medium,No Controls,NONE DETECTED,No,Possible Minor Injury,NA,Not Distracted,MD,Passenger Car,Moving Constant Speed,35,No,2021,MERCEDES-BENZ,GLC-CLASS,39.0109949,-76.97746303,2025,4,23
250018074,Property Damage Crash,04/25/2025 11:45:00 PM,NEW HAMPSHIRE AVE,NA,Front to Rear,Rain,Wet,Medium,Traffic Control Signal,NONE DETECTED,Yes,No Apparent Injury,Followed Too Closely,Not Distracted,MD,Passenger Car,Slowing or Stopping,35,No,2017,MAZDA,MAZDA6,39.02034458,-76.976641420000007,2025,4,23
250018074,Property Damage Crash,04/25/2025 11:45:00 PM,NEW HAMPSHIRE AVE,NA,Front to Rear,Rain,Wet,Medium,Traffic Control Signal,NONE DETECTED,No,No Apparent Injury,NA,Not Distracted,MD,Passenger Car,Stopped in Traffic,35,No,2015,HONDA,ACCORD,39.02034458,-76.976641420000007,2025,4,23
250018072,Property Damage Crash,04/25/2025 11:09:00 PM,KEY WEST AVE (WB/L),NA,Front to Rear,Rain,Wet,Medium,Traffic Control Signal,NONE DETECTED,No,No Apparent Injury,NA,Not Distracted,MD,Passenger Car,Stopped in Traffic,40,No,2022,FORD,MUSTANG,39.10538823,-77.1962259,2025,4,23
250018072,Property Damage Crash,04/25/2025 11:09:00 PM,KEY WEST AVE (WB/L),NA,Front to Rear,Rain,Wet,Medium,Traffic Control Signal,NONE DETECTED,Yes,No Apparent Injury,NA,Unknown,MD,Passenger Car,Moving Constant Speed,40,No,2014,MERCEDES-BENZ,SLK-CLASS,39.10538823,-77.1962259,2025,4,23
250018072,Property Damage Crash,04/25/2025 11:09:00 PM,KEY WEST AVE (WB/L),NA,Front to Rear,Rain,Wet,Medium,Traffic Control Signal,NONE DETECTED,No,No Apparent Injury,NA,Not Distracted,MD,Sport Utility Vehicle,Stopped in Traffic,40,No,2019,JEEP,CHEROKEE,39.10538823,-77.1962259,2025,4,23
2500018067,Injury Crash,04/25/2025 10:58:00 PM,GRAND CORNER AVE,NA,Single Vehicle,Rain,Wet,Medium,Yield Sign,NONE DETECTED,No,Possible Minor Injury,NA,Unknown,MD,Passenger Car,Accelerating,25,No,2014,ACURA,TL,39.11782033,-77.20327917,2025,4,22
250018058,Property Damage Crash,04/25/2025 08:25:00 PM,NA,NA,Single Vehicle,Clear,NA,Medium,NA,NONE DETECTED,Yes,No Apparent Injury,NA,"Other Action (looking away from task, etc.)",MD,Sport Utility Vehicle,Backing,0,No,2015,TOYOTA,RAV4,39.07014737,-76.93520331,2025,4,20
250018051,Property Damage Crash,04/25/2025 07:43:00 PM,COLUMBIA PIKE,NA,Front to Front,Rain,Wet,Medium,No Controls,NONE DETECTED,No,No Apparent Injury,NA,Not Distracted,MD,Passenger Car,Moving Constant Speed,50,No,2019,HONDA,CR-V,39.0723272,-76.95615421,2025,4,19
250018051,Property Damage Crash,04/25/2025 07:43:00 PM,COLUMBIA PIKE,NA,Front to Front,Rain,Wet,Medium,No Controls,NONE DETECTED,No,No Apparent Injury,NA,Not Distracted,MD,Passenger Car,Moving Constant Speed,50,No,2010,LEXUS,RX,39.0723272,-76.95615421,2025,4,19
250018051,Property Damage Crash,04/25/2025 07:43:00 PM,COLUMBIA PIKE,NA,Front to Front,Rain,Wet,Medium,No Controls,NONE DETECTED,Yes,No Apparent Injury,NA,Unknown,MD,Passenger Car,Moving Constant Speed,50,No,2019,HONDA,ACCORD,39.0723272,-76.95615421,2025,4,19
250018032,Property Damage Crash,04/25/2025 05:30:00 PM,STALEYBRIDGE RD,NA,Front to Front,Clear,Dry,Daylight,No Controls,NONE DETECTED,Yes,No Apparent Injury,NA,Not Distracted,MD,Passenger Car,Moving Constant Speed,25,No,2011,TOYOTA,COROLLA,39.17141239,-77.24325509,2025,4,17
250018020,Property Damage Crash,04/25/2025 05:05:00 PM,RANDOLPH RD,NA,Angle,Clear,Dry,Daylight,No Controls,NONE DETECTED,No,No Apparent Injury,NA,Not Distracted,MD,Passenger Car,Moving Constant Speed,35,No,2018,TOYOTA,RAV4,39.05334053,-77.10765438,2025,4,17
250018020,Property Damage Crash,04/25/2025 05:05:00 PM,RANDOLPH RD,NA,Angle,Clear,Dry,Daylight,No Controls,NONE DETECTED,Yes,No Apparent Injury,"Failed to Yield Right-of-Way, Improper Turn",Not Distracted,MD,Passenger Car,Turning Left,35,No,2014,TOYOTA,CAMRY,39.05334053,-77.10765438,2025,4,17
250018018,Property Damage Crash,04/25/2025 04:58:00 PM,OLD GEORGETOWN RD (SB/L),NA,"Sideswipe, Same Direction",Clear,Dry,Daylight,Traffic Control Signal,NONE DETECTED,No,No Apparent Injury,NA,Not Distracted,MD,Other,Changing Lanes,35,No,2016,FREIGHTLINER,XC CHASSIS,38.99667002,-77.10911603,2025,4,16
250018018,Property Damage Crash,04/25/2025 04:58:00 PM,OLD GEORGETOWN RD (SB/L),NA,"Sideswipe, Same Direction",Clear,Dry,Daylight,Traffic Control Signal,NONE DETECTED,No,No Apparent Injury,NA,Not Distracted,MD,Sport Utility Vehicle,Moving Constant Speed,35,No,2021,HONDA,HR-V,38.99667002,-77.10911603,2025,4,16
250018016,Property Damage Crash,04/25/2025 04:42:00 PM,NEW HAMPSHIRE AVE (SB/L),NA,"Sideswipe, Same Direction",Clear,Dry,Daylight,No Controls,NONE DETECTED,Yes,No Apparent Injury,NA,Unknown,NA,Pickup,Changing Lanes,35,No,2010,HONDA,RIDGELINE,39.02325289,-76.97840134,2025,4,16
250018016,Property Damage Crash,04/25/2025 04:42:00 PM,NEW HAMPSHIRE AVE (SB/L),NA,"Sideswipe, Same Direction",Clear,Dry,Daylight,No Controls,NONE DETECTED,Yes,No Apparent Injury,NA,Unknown,MD,Van - Passenger (&lt;9 Seats),Changing Lanes,35,No,2012,CHEVROLET,EXPRESS,39.02325289,-76.97840134,2025,4,16
250018021,Property Damage Crash,04/25/2025 04:36:00 PM,NA,NA,Single Vehicle,Cloudy,NA,Daylight,NA,NONE DETECTED,No,NA,NA,Unknown,NA,Passenger Car,Accelerating,0,No,2014,TOYOTA,CAMRY,39.08837656,-77.17785568,2025,4,16
250018012,Property Damage Crash,04/25/2025 04:11:00 PM,LINCOLN AVE,NA,Rear To Side,Cloudy,Dry,Daylight,Stop Sign,NONE DETECTED,No,No Apparent Injury,NA,Unknown,MD,Passenger Car,Accelerating,25,No,2015,HYUNDAI,VELOSTER,38.98162659,-77.00312192,2025,4,16
250018012,Property Damage Crash,04/25/2025 04:11:00 PM,LINCOLN AVE,NA,Rear To Side,Cloudy,Dry,Daylight,Stop Sign,NONE DETECTED,No,No Apparent Injury,Other Improper Action,Unknown,MD,Passenger Car,Accelerating,25,No,2019,NISSAN,PATHFINDER,38.98162659,-77.00312192,2025,4,16
250018008,Property Damage Crash,04/25/2025 04:10:00 PM,ELLSWORTH DR,NA,"Sideswipe, Same Direction",Clear,Dry,Daylight,Traffic Control Signal,NONE DETECTED,No,NA,NA,NA,NA,Passenger Car,Changing Lanes,30,No,2018,MERCEDES-BENZ,C-CLASS,38.99524309,-77.02729124,2025,4,16
250018008,Property Damage Crash,04/25/2025 04:10:00 PM,ELLSWORTH DR,NA,"Sideswipe, Same Direction",Clear,Dry,Daylight,Traffic Control Signal,NONE DETECTED,No,No Apparent Injury,NA,Not Distracted,AL,Passenger Car,Moving Constant Speed,30,No,2020,TESLA,MODEL 3,38.99524309,-77.02729124,2025,4,16
250017999,Property Damage Crash,04/25/2025 03:28:00 PM,NA,NA,"Sideswipe, Same Direction",Cloudy,Dry,Daylight,No Controls,NONE DETECTED,No,No Apparent Injury,"Improper Passing, Operated Motor Vehicle in Reckless or Aggressive Manner",Unknown,NA,Sport Utility Vehicle,Overtaking/Passing,30,No,2024,FORD,EXPLORER,39.01290018,-77.09063286,2025,4,15
250017999,Property Damage Crash,04/25/2025 03:28:00 PM,NA,NA,"Sideswipe, Same Direction",Cloudy,Dry,Daylight,No Controls,NONE DETECTED,No,No Apparent Injury,NA,Not Distracted,MD,Sport Utility Vehicle,Moving Constant Speed,30,No,2002,TOYOTA,4-RUNNER,39.01290018,-77.09063286,2025,4,15
250017983,Injury Crash,04/25/2025 02:33:00 PM,NA,NA,Rear To Side,Clear,Dry,Daylight,Stop Sign,NONE DETECTED,Yes,Possible Minor Injury,Failed to Yield Right-of-Way,Unknown,MD,Sport Utility Vehicle,Turning Left,35,No,2013,NISSAN,ROGUE,39.15957228,-77.28411931,2025,4,14
250017983,Injury Crash,04/25/2025 02:33:00 PM,NA,NA,Rear To Side,Clear,Dry,Daylight,No Controls,NONE DETECTED,No,Possible Minor Injury,NA,Not Distracted,MD,Sport Utility Vehicle,Moving Constant Speed,35,No,2016,FORD,ESCAPE,39.15957228,-77.28411931,2025,4,14
25000741,Property Damage Crash,04/25/2025 02:30:00 PM,NA,NA,Front to Rear,Clear,Dry,Daylight,Traffic Control Signal,NONE DETECTED,No,No Apparent Injury,NA,Not Distracted,MD,Pickup,Stopped in Traffic,40,No,2022,FORD,F-250,39.2158116,-77.2528212,2025,4,14
25000741,Property Damage Crash,04/25/2025 02:30:00 PM,NA,NA,Front to Rear,Clear,Dry,Daylight,Traffic Control Signal,NONE DETECTED,Yes,No Apparent Injury,NA,Unknown,MD,Passenger Car,Backing,40,No,2015,JAGUAR,XF,39.2158116,-77.2528212,2025,4,14
250017977,Injury Crash,04/25/2025 01:50:00 PM,NA,NA,Angle,Clear,Dry,Daylight,No Controls,NONE DETECTED,Yes,Suspected Serious Injury,Too Fast For Conditions,Not Distracted,MD,Motorcycle - 2 Wheeled,Moving Constant Speed,25,No,2002,KAWASAKI,VN750,39.20036237,-77.30564261,2025,4,13
250017977,Injury Crash,04/25/2025 01:50:00 PM,NA,NA,Angle,Clear,Dry,Daylight,No Controls,NONE DETECTED,No,No Apparent Injury,NA,Not Distracted,MD,Passenger Car,Moving Constant Speed,25,No,2024,FORD,ESCAPE,39.20036237,-77.30564261,2025,4,13
250017973,Property Damage Crash,04/25/2025 01:20:00 PM,EAST WEST HWY (WB/L),NA,Angle,Clear,Dry,Daylight,Traffic Control Signal,NONE DETECTED,No,No Apparent Injury,NA,Not Distracted,MD,Sport Utility Vehicle,Moving Constant Speed,30,No,2019,JEEP,GRAND CHEROKEE,38.99464578,-77.03633574,2025,4,13
250017973,Property Damage Crash,04/25/2025 01:20:00 PM,EAST WEST HWY (WB/L),NA,Angle,Clear,Dry,Daylight,Traffic Control Signal,NONE DETECTED,Yes,No Apparent Injury,Failed to Yield Right-of-Way,Not Distracted,MA,Passenger Car,Turning Left,30,No,2020,TOYOTA,CAMRY,38.99464578,-77.03633574,2025,4,13
250017973,Property Damage Crash,04/25/2025 01:20:00 PM,EAST WEST HWY (WB/L),NA,Angle,Clear,Dry,Daylight,Traffic Control Signal,NONE DETECTED,No,No Apparent Injury,NA,Not Distracted,DC,Van - Cargo,Moving Constant Speed,30,No,2018,RAM,PROMASTER 2500,38.99464578,-77.03633574,2025,4,13
250017964,Injury Crash,04/25/2025 11:17:00 AM,MONTGOMERY LA,NA,"Sideswipe, Same Direction",Cloudy,Dry,Daylight,Traffic Control Signal,NONE DETECTED,No,No Apparent Injury,NA,Not Distracted,DE,Sport Utility Vehicle,Stopped in Traffic,25,No,2021,VOLVO,XC60,38.98358193,-77.09403122,2025,4,11
250017964,Injury Crash,04/25/2025 11:17:00 AM,MONTGOMERY LA,NA,"Sideswipe, Same Direction",Cloudy,Dry,Daylight,Traffic Control Signal,NONE DETECTED,No,No Apparent Injury,"Failed to Keep in Proper Lane, Operated Motor Vehicle in Inattentive, Careless, Negligent, or Erratic Manner",Unknown,NA,Single-Unit Truck,Changing Lanes,25,No,0,NA,NA,38.98358193,-77.09403122,2025,4,11
250017955,Property Damage Crash,04/25/2025 11:07:00 AM,WISCONSIN AVE,NA,Angle,Clear,Dry,Daylight,No Controls,NONE DETECTED,No,No Apparent Injury,NA,Not Distracted,MD,Sport Utility Vehicle,Moving Constant Speed,35,No,2024,JEEP,GRAND CHEROKEE L,38.9704982,-77.08914988,2025,4,11
250017955,Property Damage Crash,04/25/2025 11:07:00 AM,WISCONSIN AVE,NA,Angle,Clear,Dry,Daylight,Stop Sign,NONE DETECTED,Yes,No Apparent Injury,Improper Turn,Not Distracted,MD,Sport Utility Vehicle,Turning Left,35,No,2024,VOLKSWAGEN,ID.4,38.9704982,-77.08914988,2025,4,11
250017950,Property Damage Crash,04/25/2025 10:36:00 AM,NA,NA,Angle,Cloudy,Dry,Daylight,Traffic Control Signal,NONE DETECTED,Yes,No Apparent Injury,Other Improper Action,Not Distracted,MD,Sport Utility Vehicle,Accelerating,45,No,2014,HONDA,CR-V,39.19824205,-77.24500278,2025,4,10
250017950,Property Damage Crash,04/25/2025 10:36:00 AM,NA,NA,Angle,Cloudy,Dry,Daylight,Traffic Control Signal,NONE DETECTED,Yes,No Apparent Injury,Other Improper Action,Not Distracted,MD,Sport Utility Vehicle,Accelerating,30,No,2015,HONDA,CR-V,39.19824205,-77.24500278,2025,4,10
250017948,Property Damage Crash,04/25/2025 10:27:00 AM,MONTGOMERY LA,NA,Angle,Clear,Dry,Daylight,Traffic Control Signal,NONE DETECTED,No,No Apparent Injury,NA,Not Distracted,MD,Pickup,Moving Constant Speed,45,No,2025,FORD,F-150,38.983462,-77.0951,2025,4,10
250017948,Property Damage Crash,04/25/2025 10:27:00 AM,MONTGOMERY LA,NA,Angle,Clear,Dry,Daylight,Traffic Control Signal,NONE DETECTED,Yes,No Apparent Injury,NA,Not Distracted,MD,Passenger Car,Moving Constant Speed,25,No,2013,HYUNDAI,ELANTRA,38.983462,-77.0951,2025,4,10
250017941,Injury Crash,04/25/2025 09:45:00 AM,SANDY SPRING RD (WB/L),NA,Single Vehicle,Clear,Dry,Daylight,No Controls,NONE DETECTED,No,NA,NA,NA,NA,Passenger Car,Turning Left,45,No,0,NA,NA,39.10924022,-76.92286712,2025,4,9
250017941,Injury Crash,04/25/2025 09:45:00 AM,SANDY SPRING RD (WB/L),NA,Single Vehicle,Clear,Dry,Daylight,No Controls,NONE DETECTED,No,Possible Minor Injury,"Over-Correcting/Over-Steering, Swerved or Avoided Due to Wind, Slippery Surface, Motor Vehicle, Object, Non-Motorist in Roadway, etc",Unknown,MD,Passenger Car,Moving Constant Speed,45,No,1998,TOYOTA,CAMRY,39.10924022,-76.92286712,2025,4,9
250017934,Injury Crash,04/25/2025 08:51:00 AM,GRANT ST,Cyclist (non-electric),Single Vehicle,Clear,Dry,Daylight,Stop Sign,NONE DETECTED,No,No Apparent Injury,NA,Unknown,MD,Passenger Car,Moving Constant Speed,35,No,2022,TOYOTA,COROLLA,39.00027589,-77.11222986,2025,4,8
250017926,Property Damage Crash,04/25/2025 07:30:00 AM,CHELTON RD,NA,Front to Rear,Clear,Dry,Daylight,Traffic Control Signal,NONE DETECTED,No,No Apparent Injury,NA,Not Distracted,MD,Pickup,Slowing or Stopping,25,No,2016,TOYOTA,TUNDRA,38.9856292,-77.08779193,2025,4,7
250017926,Property Damage Crash,04/25/2025 07:30:00 AM,CHELTON RD,NA,Front to Rear,Clear,Dry,Daylight,Traffic Control Signal,NONE DETECTED,No,NA,NA,NA,NA,Passenger Car,Slowing or Stopping,25,No,2019,VOLKSWAGEN,JETTA,38.9856292,-77.08779193,2025,4,7
250017912,Property Damage Crash,04/25/2025 01:39:00 AM,APPLE RIDGE RD,NA,Other,Clear,Dry,Medium,No Controls,ALCOHOL PRESENT,Yes,No Apparent Injury,"Failed to Keep in Proper Lane, Operated Motor Vehicle in Inattentive, Careless, Negligent, or Erratic Manner, Ran Off Roadway, Wrong Side",Not Distracted,MD,Passenger Car,Moving Constant Speed,25,No,1997,TOYOTA,COROLLA,39.18562676,-77.20307234,2025,4,1
250017903,Property Damage Crash,04/24/2025 10:27:00 PM,UNIVERSITY BLVD E (WB/L),NA,Single Vehicle,Clear,Dry,Medium,No Controls,NONE DETECTED,No,No Apparent Injury,NA,NA,NA,Passenger Car,NA,35,No,2009,NISSAN,ALTIMA,39.01010837,-77.00012462,2025,4,22
250017900,Injury Crash,04/24/2025 09:30:00 PM,OSAGE ST,NA,Other,Clear,Dry,Medium,No Controls,NONE DETECTED,Yes,Possible Minor Injury,NA,Unknown,MD,Passenger Car,Moving Constant Speed,25,No,2012,HONDA,CIVIC,38.99615136,-76.99046502,2025,4,21
250017893,Fatal Crash,04/24/2025 09:01:00 PM,SHADY GROVE RD,Pedestrian,Single Vehicle,Clear,Dry,Medium,Traffic Control Signal,NONE DETECTED,No,No Apparent Injury,NA,Unknown,MD,Passenger Car,Moving Constant Speed,40,No,2020,GENESIS,G70,39.10085154,-77.19177496,2025,4,21
250017884,Property Damage Crash,04/24/2025 07:52:00 PM,ROCKVILLE PIKE,NA,Angle,Clear,Dry,Medium,No Controls,NONE DETECTED,No,No Apparent Injury,NA,Not Distracted,MD,Bus - Transit,Moving Constant Speed,45,No,2019,NEW FLYER,XCELSIOR,39.04433669,-77.11143193,2025,4,19
250017884,Property Damage Crash,04/24/2025 07:52:00 PM,ROCKVILLE PIKE,NA,Angle,Clear,Dry,Medium,No Controls,NONE DETECTED,No,No Apparent Injury,NA,Not Distracted,VA,Truck Tractor,Turning Right,45,No,2023,INTERNATIONAL,LT62A,39.04433669,-77.11143193,2025,4,19
250017863,Injury Crash,04/24/2025 06:23:00 PM,THAYER AVE,NA,Single Vehicle,Clear,Dry,Daylight,No Controls,NONE DETECTED,Yes,Possible Minor Injury,Ran Off Roadway,Not Distracted,MD,Van - Passenger (&lt;9 Seats),Backing,35,No,2014,DODGE,GRAND CARAVAN,38.99315325,-77.01843283,2025,4,18
250017859,Property Damage Crash,04/24/2025 05:11:00 PM,NA,NA,Other,Clear,Dry,Daylight,No Controls,NONE DETECTED,No,No Apparent Injury,NA,Not Distracted,MD,Passenger Car,Stopped in Traffic,30,No,2014,LEXUS,RX,39.11382163,-77.18417954,2025,4,17
250017859,Property Damage Crash,04/24/2025 05:11:00 PM,NA,NA,Other,Clear,Dry,Daylight,No Controls,NONE DETECTED,Yes,No Apparent Injury,NA,Not Distracted,MD,Passenger Car,Backing,30,No,2018,HONDA,ACCORD,39.11382163,-77.18417954,2025,4,17