Local Case Number,ACRS Report Type,Crash Date/Time,Road Name,Related Non-Motorist,Collision Type,Weather,Surface Condition,Light,Traffic Control,Driver Substance Abuse,Driver At Fault,Injury Severity,Circumstance,Driver Distracted By,Drivers License State,Vehicle Body Type,Vehicle Movement,Speed Limit,Driverless Vehicle,Vehicle Year,Vehicle Make,Vehicle Model,Latitude,Longitude,Year,Month,Hour
250017855,Property Damage Crash,04/24/2025 05:10:00 PM,ROCKVILLE PIKE (SB/L),NA,"Sideswipe, Same Direction",Clear,Dry,Daylight,Traffic Control Signal,NONE DETECTED,No,No Apparent Injury,NA,Not Distracted,MD,Passenger Car,Accelerating,35,No,2018,LEXUS,ES,38.99718992,-77.09671181,2025,4,17
250017855,Property Damage Crash,04/24/2025 05:10:00 PM,ROCKVILLE PIKE (SB/L),NA,"Sideswipe, Same Direction",Clear,Dry,Daylight,Traffic Control Signal,NONE DETECTED,No,No Apparent Injury,NA,Not Distracted,MD,Bus - Transit,Accelerating,35,Unknown,2013,GILLIG,LOW FLOOR BUS,38.99718992,-77.09671181,2025,4,17
250017845,Injury Crash,04/24/2025 05:07:00 PM,BROOKVILLE RD,NA,Front to Rear,Clear,Dry,Daylight,No Controls,NONE DETECTED,Yes,No Apparent Injury,NA,Talking/listening,MD,Van - Passenger (&lt;9 Seats),Moving Constant Speed,25,No,2017,CHRYSLER,PACIFICA,39.00655984,-77.04853606,2025,4,17
250017845,Injury Crash,04/24/2025 05:07:00 PM,BROOKVILLE RD,NA,Front to Rear,Clear,Dry,Daylight,No Controls,NONE DETECTED,No,Possible Minor Injury,NA,Not Distracted,MD,Pickup,Moving Constant Speed,25,No,1995,FORD,F-150,39.00655984,-77.04853606,2025,4,17
250017845,Injury Crash,04/24/2025 05:07:00 PM,BROOKVILLE RD,NA,Front to Rear,Clear,Dry,Daylight,No Controls,NONE DETECTED,No,No Apparent Injury,NA,Not Distracted,WA,Pickup,Moving Constant Speed,25,No,2017,NISSAN,TITAN,39.00655984,-77.04853606,2025,4,17
250017847,Injury Crash,04/24/2025 05:02:00 PM,NA,NA,Front to Front,Clear,Dry,Daylight,Traffic Control Signal,DRUG AND ALCOHOL CONTRIBUTED,Yes,No Apparent Injury,"Improper Turn, Wrong Side, Wrong Way",Not Distracted,MD,Passenger Car,Turning Left,35,No,2024,HONDA,CIVIC,39.15663087,-77.22459091,2025,4,17
250017847,Injury Crash,04/24/2025 05:02:00 PM,NA,NA,Front to Front,Clear,Dry,Daylight,Traffic Control Signal,NONE DETECTED,No,Possible Minor Injury,NA,Not Distracted,MD,Passenger Car,Moving Constant Speed,35,No,2020,CADILLAC,CT5,39.15663087,-77.22459091,2025,4,17
250017848,Property Damage Crash,04/24/2025 05:02:00 PM,NA,NA,Single Vehicle,Clear,Dry,Daylight,No Controls,NONE DETECTED,Yes,No Apparent Injury,Ran Off Roadway,"Other Action (looking away from task, etc.)",MD,Passenger Car,Moving Constant Speed,30,No,2016,NISSAN,ALTIMA,39.2862265,-77.31387953,2025,4,17
250017826,Property Damage Crash,04/24/2025 03:30:00 PM,MUNCASTER MILL RD (WB/L),NA,Front to Rear,Clear,Dry,Daylight,No Controls,NONE DETECTED,No,No Apparent Injury,NA,Not Distracted,DE,Passenger Car,Entering Traffic Lane,35,No,2024,KIA,SOUL,39.15829177,-77.15951142,2025,4,15
250017826,Property Damage Crash,04/24/2025 03:30:00 PM,MUNCASTER MILL RD (WB/L),NA,Front to Rear,Clear,Dry,Daylight,No Controls,NONE DETECTED,Yes,No Apparent Injury,NA,Not Distracted,MD,Other Trucks,Moving Constant Speed,35,No,2020,PETERBILT,348,39.15829177,-77.15951142,2025,4,15
250017819,Injury Crash,04/24/2025 03:10:00 PM,NEW HAMPSHIRE AVE,NA,Front to Rear,Clear,Dry,Daylight,Traffic Control Signal,NONE DETECTED,Yes,No Apparent Injury,NA,Not Distracted,MD,Passenger Car,Slowing or Stopping,35,No,2010,VOLVO,XC70,38.981173,-76.98907617,2025,4,15
250017819,Injury Crash,04/24/2025 03:10:00 PM,NEW HAMPSHIRE AVE,NA,Front to Rear,Clear,Dry,Daylight,Traffic Control Signal,NONE DETECTED,No,Possible Minor Injury,NA,Not Distracted,MD,Passenger Car,Parked,35,No,2016,HONDA,HR-V,38.981173,-76.98907617,2025,4,15
250019057,Property Damage Crash,04/24/2025 12:32:00 PM,NA,NA,Other,Clear,NA,Daylight,NA,NONE DETECTED,Yes,No Apparent Injury,Other Improper Action,Not Distracted,MD,Passenger Car,Accelerating,0,No,2007,BMW,328I,39.0966522,-77.19229484,2025,4,12
250017801,Property Damage Crash,04/24/2025 12:00:00 PM,NA,NA,"Sideswipe, Opposite Direction",Clear,NA,Daylight,NA,NONE DETECTED,Yes,No Apparent Injury,NA,Unknown,MD,Passenger Car,Backing,0,No,2025,VOLVO,XC60,39.05611633,-77.11976136,2025,4,12
250017801,Property Damage Crash,04/24/2025 12:00:00 PM,NA,NA,"Sideswipe, Opposite Direction",Clear,NA,Daylight,NA,NONE DETECTED,No,No Apparent Injury,NA,Not Distracted,MD,Passenger Car,Parked,0,No,2024,TOYOTA,CAMRY,39.05611633,-77.11976136,2025,4,12
250017776,Injury Crash,04/24/2025 10:44:00 AM,VEIRS MILL RD,NA,Angle,Clear,Dry,Daylight,Yield Sign,NONE DETECTED,Yes,No Apparent Injury,Failed to Yield Right-of-Way,Not Distracted,MD,Sport Utility Vehicle,Moving Constant Speed,25,No,2006,SUBARU,B9 TRIBECA,39.03936692,-77.05438598,2025,4,10
250017776,Injury Crash,04/24/2025 10:44:00 AM,VEIRS MILL RD,NA,Angle,Clear,Dry,Daylight,No Controls,NONE DETECTED,No,Possible Minor Injury,NA,Not Distracted,MD,Passenger Car,Moving Constant Speed,25,No,2012,HONDA,ACCORD,39.03936692,-77.05438598,2025,4,10
250018429,Property Damage Crash,04/24/2025 10:30:00 AM,BRIGGS CHANEY RD,NA,Front to Rear,Clear,Dry,Daylight,Traffic Control Signal,NONE DETECTED,No,NA,"Followed Too Closely, Operated Motor Vehicle in Inattentive, Careless, Negligent, or Erratic Manner, Too Fast For Conditions",Unknown,NA,Passenger Car,Slowing or Stopping,35,No,2022,MERCEDES-BENZ,A-CLASS,39.08688456,-76.95842864,2025,4,10
250018429,Property Damage Crash,04/24/2025 10:30:00 AM,BRIGGS CHANEY RD,NA,Front to Rear,Clear,Dry,Daylight,Traffic Control Signal,NONE DETECTED,No,No Apparent Injury,NA,Not Distracted,MD,Passenger Car,Slowing or Stopping,35,No,2012,HONDA,CR-V,39.08688456,-76.95842864,2025,4,10
250017768,Property Damage Crash,04/24/2025 10:00:00 AM,CLOPPER RD,NA,Front to Rear,Clear,Dry,Daylight,No Controls,NONE DETECTED,Yes,No Apparent Injury,Followed Too Closely,Not Distracted,MD,Bus - School,Slowing or Stopping,35,No,2019,FREIGHTLINER,B2 BUS CHASSIS,39.15412433,-77.25372817,2025,4,10
250017768,Property Damage Crash,04/24/2025 10:00:00 AM,CLOPPER RD,NA,Front to Rear,Clear,Dry,Daylight,No Controls,NONE DETECTED,No,No Apparent Injury,NA,Not Distracted,MD,Passenger Car,Stopped in Traffic,35,No,2023,GENESIS,GV80,39.15412433,-77.25372817,2025,4,10
250017764,Injury Crash,04/24/2025 09:50:00 AM,RIVER RD,NA,Rear To Rear,Clear,Dry,Daylight,No Controls,NONE DETECTED,No,Possible Minor Injury,NA,Not Distracted,MD,Passenger Car,Moving Constant Speed,35,No,2024,LAND ROVER,DISCOVERY,38.97534683,-77.12583517,2025,4,9
250017764,Injury Crash,04/24/2025 09:50:00 AM,RIVER RD,NA,Rear To Rear,Clear,Dry,Daylight,No Controls,NONE DETECTED,No,Possible Minor Injury,NA,Not Distracted,MD,Passenger Car,Slowing or Stopping,35,No,2016,FORD,FOCUS,38.97534683,-77.12583517,2025,4,9
250017764,Injury Crash,04/24/2025 09:50:00 AM,RIVER RD,NA,Rear To Rear,Clear,Dry,Daylight,No Controls,NONE DETECTED,Yes,Possible Minor Injury,Followed Too Closely,"Other Action (looking away from task, etc.)",MD,Passenger Car,Moving Constant Speed,35,No,2018,FORD,ESCAPE,38.97534683,-77.12583517,2025,4,9
250017742,Injury Crash,04/24/2025 06:15:00 AM,WHITES FERRY RD,NA,Single Vehicle,Clear,Dry,Medium,No Controls,NONE DETECTED,Yes,Possible Minor Injury,NA,"Other Action (looking away from task, etc.)",MD,Van - Cargo,Moving Constant Speed,30,No,2019,CHEVROLET,EXPRESS,39.14722951,-77.42877442,2025,4,6
250017739,Injury Crash,04/24/2025 04:26:00 AM,KEMP MILL RD,NA,Single Vehicle,Clear,Dry,Medium,No Controls,ALCOHOL PRESENT,No,Suspected Serious Injury,"Other Improper Action, Too Fast For Conditions",Unknown,NA,Passenger Car,NA,30,No,2004,FORD,F-150,39.05290762,-77.02465593,2025,4,4
250017197,Property Damage Crash,04/24/2025 03:10:00 AM,FATHER HURLEY BLVD,NA,Angle,Clear,Dry,Medium,No Controls,NONE DETECTED,Yes,No Apparent Injury,"Operated Motor Vehicle in Inattentive, Careless, Negligent, or Erratic Manner",Not Distracted,MD,Passenger Car,Slowing or Stopping,35,No,2018,DODGE,CHARGER,39.18261143,-77.27420998,2025,4,3
250017197,Property Damage Crash,04/24/2025 03:10:00 AM,FATHER HURLEY BLVD,NA,Angle,Clear,Dry,Medium,No Controls,NONE DETECTED,No,No Apparent Injury,NA,Not Distracted,MD,Sport Utility Vehicle,Parked,35,No,2023,CHEVROLET,TAHOE,39.18261143,-77.27420998,2025,4,3
250017731,Property Damage Crash,04/23/2025 10:46:00 PM,CROCUS DR,NA,"Sideswipe, Same Direction",Clear,Dry,Dark,No Controls,NONE DETECTED,Yes,No Apparent Injury,NA,Unknown,MD,Passenger Car,Moving Constant Speed,25,No,2013,TOYOTA,PRIUS,39.095011,-77.1731419,2025,4,22
250017718,Injury Crash,04/23/2025 08:18:00 PM,MARINELLI RD (EB/L),NA,Angle,Clear,Dry,Medium,Yield Sign,NONE DETECTED,Yes,No Apparent Injury,Failed to Yield Right-of-Way,"Other Action (looking away from task, etc.)",MD,Sport Utility Vehicle,Turning Left,35,No,2019,TOYOTA,RAV4,39.04696335,-77.11269145,2025,4,20
250017718,Injury Crash,04/23/2025 08:18:00 PM,MARINELLI RD (EB/L),NA,Angle,Clear,Dry,Medium,No Controls,NONE DETECTED,No,Suspected Serious Injury,NA,Not Distracted,MD,Motorcycle - 2 Wheeled,Moving Constant Speed,35,No,2004,SUZUKI,GSX-R600K,39.04696335,-77.11269145,2025,4,20
250017716,Property Damage Crash,04/23/2025 08:03:00 PM,ELLINGTON BLVD,NA,Front to Rear,Clear,Dry,Medium,Stop Sign,NONE DETECTED,No,No Apparent Injury,NA,Not Distracted,MO,Passenger Car,Stopped in Traffic,25,No,2024,HYUNDAI,SONATA,39.11443617,-77.20574751,2025,4,20
250017716,Property Damage Crash,04/23/2025 08:03:00 PM,ELLINGTON BLVD,NA,Front to Rear,Clear,Dry,Medium,Stop Sign,NONE DETECTED,No,NA,NA,NA,NA,Passenger Car,Overtaking/Passing,25,No,2015,JEEP,GRAND CHEROKEE,39.11443617,-77.20574751,2025,4,20
250017710,Property Damage Crash,04/23/2025 07:30:00 PM,NORBECK RD,NA,Front to Rear,Clear,Dry,Daylight,No Controls,NONE DETECTED,No,No Apparent Injury,NA,Not Distracted,MD,Passenger Car,Changing Lanes,35,No,2016,TOYOTA,COROLLA,39.10940206,-77.07631591,2025,4,19
250017715,Property Damage Crash,04/23/2025 07:30:00 PM,NA,NA,Rear To Side,Clear,NA,Daylight,NA,NONE DETECTED,Yes,No Apparent Injury,NA,Not Distracted,NA,Passenger Car,Backing,0,No,2005,CHEVROLET,EXPRESS,38.9904815,-76.98987979,2025,4,19
250017710,Property Damage Crash,04/23/2025 07:30:00 PM,NORBECK RD,NA,Front to Rear,Clear,Dry,Daylight,No Controls,NONE DETECTED,No,NA,NA,NA,NA,Sport Utility Vehicle,Moving Constant Speed,35,No,2010,CHEVROLET,EQUINOX,39.10940206,-77.07631591,2025,4,19
250017715,Property Damage Crash,04/23/2025 07:30:00 PM,NA,NA,Rear To Side,Clear,NA,Daylight,NA,NONE DETECTED,No,No Apparent Injury,NA,Not Distracted,DC,Passenger Car,Moving Constant Speed,0,No,2015,TOYOTA,RAV4,38.9904815,-76.98987979,2025,4,19
250017706,Property Damage Crash,04/23/2025 06:37:00 PM,EAST WEST HWY,NA,Front to Rear,Clear,Dry,Daylight,No Controls,NONE DETECTED,No,NA,NA,NA,NA,Moped Or motorized bicycle,Moving Constant Speed,35,No,0,NA,NA,38.99117861,-77.06876997,2025,4,18
250017706,Property Damage Crash,04/23/2025 06:37:00 PM,EAST WEST HWY,NA,Front to Rear,Clear,Dry,Daylight,No Controls,NONE DETECTED,No,No Apparent Injury,NA,Not Distracted,MD,Passenger Car,Stopped in Traffic,35,No,2013,TOYOTA,COROLLA,38.99117861,-77.06876997,2025,4,18
250017700,Property Damage Crash,04/23/2025 06:30:00 PM,COLUMBIA PIKE (SB/L),NA,Front to Rear,Clear,Dry,Daylight,Traffic Control Signal,NONE DETECTED,No,No Apparent Injury,NA,Not Distracted,MD,Passenger Car,Moving Constant Speed,50,No,2021,VOLKSWAGEN,ATLAS,39.047474,-76.9856425,2025,4,18
250017700,Property Damage Crash,04/23/2025 06:30:00 PM,COLUMBIA PIKE (SB/L),NA,Front to Rear,Clear,Dry,Daylight,Traffic Control Signal,NONE DETECTED,Yes,No Apparent Injury,NA,Unknown,MD,Passenger Car,Changing Lanes,50,No,2009,HONDA,CIVIC,39.047474,-76.9856425,2025,4,18
250017698,Property Damage Crash,04/23/2025 05:57:00 PM,FREDERICK RD,NA,Rear To Side,Clear,Dry,Daylight,Traffic Control Signal,NONE DETECTED,No,No Apparent Injury,NA,Not Distracted,MD,Pickup,Moving Constant Speed,40,No,2017,GMC,SIERRA,39.17841762,-77.23837938,2025,4,17
250017698,Property Damage Crash,04/23/2025 05:57:00 PM,FREDERICK RD,NA,Rear To Side,Clear,Dry,Daylight,Traffic Control Signal,NONE DETECTED,Yes,No Apparent Injury,"Failed to Yield Right-of-Way, Improper Turn",Unknown,MD,Passenger Car,Turning Left,40,No,2025,HONDA,CR-V,39.17841762,-77.23837938,2025,4,17
250017695,Property Damage Crash,04/23/2025 05:29:00 PM,OLD COLUMBIA PIKE,NA,Front to Rear,Clear,Dry,Daylight,No Controls,NONE DETECTED,No,No Apparent Injury,NA,Not Distracted,MD,Sport Utility Vehicle,Slowing or Stopping,30,No,2021,ACURA,RDX,39.08541,-76.95072817,2025,4,17
250017696,Property Damage Crash,04/23/2025 05:29:00 PM,SEMINARY RD,NA,Angle,Clear,Dry,Daylight,No Controls,NONE DETECTED,No,No Apparent Injury,NA,Not Distracted,MD,Passenger Car,Moving Constant Speed,30,No,2011,HONDA,CR-V,39.01034826,-77.04722276,2025,4,17
250017696,Property Damage Crash,04/23/2025 05:29:00 PM,SEMINARY RD,NA,Angle,Clear,Dry,Daylight,Stop Sign,NONE DETECTED,Yes,No Apparent Injury,Failed to Yield Right-of-Way,Not Distracted,MD,Passenger Car,Entering Traffic Lane,30,No,2005,TOYOTA,HIGHLANDER,39.01034826,-77.04722276,2025,4,17
250017695,Property Damage Crash,04/23/2025 05:29:00 PM,OLD COLUMBIA PIKE,NA,Front to Rear,Clear,Dry,Daylight,No Controls,NONE DETECTED,Yes,No Apparent Injury,NA,Unknown,MD,Passenger Car,Moving Constant Speed,30,No,2024,TOYOTA,CAMRY,39.08541,-76.95072817,2025,4,17
250017686,Injury Crash,04/23/2025 04:57:00 PM,E GUDE DR,NA,Angle,Clear,Dry,Daylight,Traffic Control Signal,NONE DETECTED,Yes,No Apparent Injury,"Operated Motor Vehicle in Inattentive, Careless, Negligent, or Erratic Manner, Ran Red Light","Other Action (looking away from task, etc.)",MD,Passenger Car,Moving Constant Speed,35,No,2012,CADILLAC,SRX,39.10646073,-77.15226966,2025,4,16
250017686,Injury Crash,04/23/2025 04:57:00 PM,E GUDE DR,NA,Angle,Clear,Dry,Daylight,Traffic Control Signal,NONE DETECTED,No,No Apparent Injury,NA,Not Distracted,MD,Passenger Car,Stopped in Traffic,35,No,2013,HYUNDAI,ELANTRA,39.10646073,-77.15226966,2025,4,16
250017686,Injury Crash,04/23/2025 04:57:00 PM,E GUDE DR,NA,Angle,Clear,Dry,Daylight,Traffic Control Signal,NONE DETECTED,No,Possible Minor Injury,NA,Not Distracted,MD,Passenger Car,Moving Constant Speed,35,No,2005,SUZUKI,FORENZA,39.10646073,-77.15226966,2025,4,16
250017687,Property Damage Crash,04/23/2025 04:38:00 PM,RAMP 1 FR MD 650 NB TO RAMP 8 (TO US 29),NA,Front to Rear,Clear,Dry,Daylight,No Controls,NONE DETECTED,No,No Apparent Injury,NA,Not Distracted,MD,Pickup,Slowing or Stopping,45,No,2022,FORD,F-150,39.04442648,-76.99248027,2025,4,16
250017687,Property Damage Crash,04/23/2025 04:38:00 PM,RAMP 1 FR MD 650 NB TO RAMP 8 (TO US 29),NA,Front to Rear,Clear,Dry,Daylight,No Controls,NONE DETECTED,Yes,NA,NA,NA,NA,Passenger Car,NA,45,No,2009,INFINITI,G37,39.04442648,-76.99248027,2025,4,16
250017692,Property Damage Crash,04/23/2025 04:30:00 PM,NA,NA,"Sideswipe, Opposite Direction",Clear,NA,Daylight,NA,NONE DETECTED,Yes,No Apparent Injury,Other Improper Action,Not Distracted,MD,Bus - School,Turning Left,0,No,2015,THOMAS BUILT,HDX,39.0368155,-77.14583033,2025,4,16
250017681,Property Damage Crash,04/23/2025 04:20:00 PM,MARTINS LA,NA,Front to Rear,Clear,Dry,Daylight,Stop Sign,NONE DETECTED,No,No Apparent Injury,NA,Not Distracted,MD,Passenger Car,Slowing or Stopping,25,No,2018,TOYOTA,C-HR,39.09169956,-77.15669652,2025,4,16
250017681,Property Damage Crash,04/23/2025 04:20:00 PM,MARTINS LA,NA,Front to Rear,Clear,Dry,Daylight,Stop Sign,NONE DETECTED,No,No Apparent Injury,Followed Too Closely,Not Distracted,MD,Sport Utility Vehicle,Slowing or Stopping,25,No,2014,HONDA,CR-V,39.09169956,-77.15669652,2025,4,16
250017673,Injury Crash,04/23/2025 04:12:00 PM,NA,NA,Single Vehicle,Clear,Dry,Daylight,No Controls,NONE DETECTED,Yes,Possible Minor Injury,Ran Off Roadway,Not Distracted,MD,Passenger Car,Moving Constant Speed,40,No,2019,TOYOTA,SIENNA,39.23569213,-77.18071753,2025,4,16
250017661,Property Damage Crash,04/23/2025 03:48:00 PM,FREDERICK RD (SB/L),NA,Angle,Clear,Dry,Daylight,No Controls,NONE DETECTED,Yes,No Apparent Injury,NA,Unknown,MD,Passenger Car,Accelerating,25,No,2017,LINCOLN,MKZ,39.16490017,-77.22756017,2025,4,15
250017661,Property Damage Crash,04/23/2025 03:48:00 PM,FREDERICK RD (SB/L),NA,Angle,Clear,Dry,Daylight,No Controls,NONE DETECTED,No,No Apparent Injury,NA,Unknown,MD,Passenger Car,Moving Constant Speed,40,No,2020,HONDA,PILOT,39.16490017,-77.22756017,2025,4,15
250017653,Property Damage Crash,04/23/2025 02:53:00 PM,TUCKERMAN LA,NA,"Sideswipe, Same Direction",Clear,Dry,Daylight,No Controls,NONE DETECTED,Yes,No Apparent Injury,NA,Not Distracted,MD,Passenger Car,Turning Left,25,No,2014,ACURA,RDX,39.04488208,-77.18020095,2025,4,14
250017653,Property Damage Crash,04/23/2025 02:53:00 PM,TUCKERMAN LA,NA,"Sideswipe, Same Direction",Clear,Dry,Daylight,No Controls,NONE DETECTED,No,No Apparent Injury,NA,Not Distracted,MD,Van - Passenger (&lt;9 Seats),Parked,25,No,2022,MERCEDES-BENZ,METRIS,39.04488208,-77.18020095,2025,4,14
250017651,Property Damage Crash,04/23/2025 02:45:00 PM,NA,NA,Front to Rear,Clear,Dry,Daylight,Traffic Control Signal,NONE DETECTED,No,No Apparent Injury,NA,Not Distracted,MD,Sport Utility Vehicle,Stopped in Traffic,35,No,2023,HONDA,PILOT,39.18409017,-77.2108235,2025,4,14
250017651,Property Damage Crash,04/23/2025 02:45:00 PM,NA,NA,Front to Rear,Clear,Dry,Daylight,No Controls,NONE DETECTED,Yes,No Apparent Injury,Improper Turn,Not Distracted,MD,Passenger Car,Stopped in Traffic,35,No,2012,NISSAN,ALTIMA,39.18409017,-77.2108235,2025,4,14
250017633,Property Damage Crash,04/23/2025 01:41:00 PM,NA,NA,Front to Rear,Clear,NA,Daylight,NA,NONE DETECTED,No,NA,Failed to Keep in Proper Lane,NA,NA,Sport Utility Vehicle,Accelerating,0,No,2013,HONDA,CR-V,39.17810943,-77.26995864,2025,4,13
250017640,Property Damage Crash,04/23/2025 01:41:00 PM,NA,NA,Single Vehicle,Clear,Dry,Daylight,No Controls,NONE DETECTED,No,No Apparent Injury,Other Improper Action,Not Distracted,MD,Passenger Car,Moving Constant Speed,25,No,2017,SUBARU,FORESTER,38.9810445,-77.00296496,2025,4,13
25000725,Property Damage Crash,04/23/2025 01:35:00 PM,NORBECK RD (WB/L),NA,Front to Rear,Clear,Dry,Daylight,Lane Use Control Signal,NONE DETECTED,Yes,No Apparent Injury,NA,Unknown,MD,Sport Utility Vehicle,Moving Constant Speed,40,No,2021,TOYOTA,HIGHLANDER,39.10959484,-77.07590927,2025,4,13
25000725,Property Damage Crash,04/23/2025 01:35:00 PM,NORBECK RD (WB/L),NA,Front to Rear,Clear,Dry,Daylight,Lane Use Control Signal,NONE DETECTED,No,No Apparent Injury,NA,Not Distracted,MD,Single-Unit Truck,Stopped in Traffic,40,No,2017,FORD,F-550,39.10959484,-77.07590927,2025,4,13
250017632,Property Damage Crash,04/23/2025 01:23:00 PM,WISTERIA DR,NA,Angle,Clear,Dry,Daylight,Traffic Control Signal,NONE DETECTED,Yes,No Apparent Injury,Ran Red Light,Unknown,MD,Passenger Car,NA,40,No,2009,HONDA,ACCORD,39.17685667,-77.27015017,2025,4,13
250017632,Property Damage Crash,04/23/2025 01:23:00 PM,WISTERIA DR,NA,Angle,Clear,Dry,Daylight,Traffic Control Signal,NONE DETECTED,No,No Apparent Injury,NA,Unknown,MD,Sport Utility Vehicle,Turning Left,30,No,2022,ACURA,MDX,39.17685667,-77.27015017,2025,4,13
250017632,Property Damage Crash,04/23/2025 01:23:00 PM,WISTERIA DR,NA,Angle,Clear,Dry,Daylight,Traffic Control Signal,NONE DETECTED,No,No Apparent Injury,NA,Unknown,MD,Sport Utility Vehicle,Turning Left,30,No,2023,TOYOTA,COROLLA CROSS,39.17685667,-77.27015017,2025,4,13
250017629,Property Damage Crash,04/23/2025 12:57:00 PM,VICTORY LA,NA,"Sideswipe, Same Direction",Clear,Dry,Daylight,No Controls,NONE DETECTED,No,No Apparent Injury,NA,Not Distracted,DC,Bus - Transit,Moving Constant Speed,30,No,2013,GILLIG,LOW FLOOR BUS,39.04543369,-77.17231361,2025,4,12
250017629,Property Damage Crash,04/23/2025 12:57:00 PM,VICTORY LA,NA,"Sideswipe, Same Direction",Clear,Dry,Daylight,No Controls,NONE DETECTED,Yes,No Apparent Injury,Failed to Yield Right-of-Way,Unknown,MD,Passenger Car,Turning Left,30,No,2018,PORSCHE,MACAN,39.04543369,-77.17231361,2025,4,12
2500017620,Injury Crash,04/23/2025 12:21:00 PM,GREAT SENECA HWY,NA,Front to Rear,Clear,Dry,Daylight,Traffic Control Signal,NONE DETECTED,No,No Apparent Injury,NA,Not Distracted,MD,Van - Passenger (&lt;9 Seats),Slowing or Stopping,50,No,2018,FORD,TRANSIT,39.12839594,-77.23734682,2025,4,12
2500017620,Injury Crash,04/23/2025 12:21:00 PM,GREAT SENECA HWY,NA,Front to Rear,Clear,Dry,Daylight,Traffic Control Signal,NONE DETECTED,Yes,Possible Minor Injury,"Followed Too Closely, Operated Motor Vehicle in Reckless or Aggressive Manner",Not Distracted,MD,Passenger Car,Slowing or Stopping,50,No,2002,TOYOTA,CAMRY,39.12839594,-77.23734682,2025,4,12
250017590,Injury Crash,04/23/2025 10:00:00 AM,SPARTAN RD,NA,"Sideswipe, Opposite Direction",Clear,Dry,Daylight,"Other Pavement Marking (excluding edgelines, centerlines, or lane lines)",NONE DETECTED,No,Possible Minor Injury,NA,Not Distracted,MD,Pickup,Turning Left,30,No,2021,TOYOTA,TUNDRA,39.14996236,-77.06413026,2025,4,10
250017590,Injury Crash,04/23/2025 10:00:00 AM,SPARTAN RD,NA,"Sideswipe, Opposite Direction",Clear,Dry,Daylight,"Other Pavement Marking (excluding edgelines, centerlines, or lane lines)",NONE DETECTED,Yes,No Apparent Injury,"Disregarded Other Traffic Sign, Failed to Keep in Proper Lane, Improper Passing",Not Distracted,MD,Passenger Car,Moving Constant Speed,30,No,2005,HONDA,PILOT,39.14996236,-77.06413026,2025,4,10
250017578,Property Damage Crash,04/23/2025 09:25:00 AM,RIVER RD (WB/L),NA,Front to Rear,Clear,Dry,Daylight,Traffic Control Signal,NONE DETECTED,No,No Apparent Injury,NA,Not Distracted,MD,Passenger Car,Stopped in Traffic,45,No,2023,RIVIAN,R1S,38.99087583,-77.155123,2025,4,9
250017578,Property Damage Crash,04/23/2025 09:25:00 AM,RIVER RD (WB/L),NA,Front to Rear,Clear,Dry,Daylight,Traffic Control Signal,NONE DETECTED,No,No Apparent Injury,NA,Unknown,MD,Passenger Car,Slowing or Stopping,45,No,2012,HONDA,FIT,38.99087583,-77.155123,2025,4,9
250017574,Injury Crash,04/23/2025 09:01:00 AM,SCOTTSBURY DR,Cyclist (non-electric),Single Vehicle,Clear,Dry,Daylight,No Controls,NONE DETECTED,No,No Apparent Injury,NA,Not Distracted,MD,Passenger Car,Moving Constant Speed,30,No,2008,HONDA,ACCORD,39.19760395,-77.2396623,2025,4,9
250017569,Injury Crash,04/23/2025 08:43:00 AM,GEORGIA AVE (SB/L),NA,Front to Rear,Clear,Dry,Daylight,No Controls,NONE DETECTED,Yes,No Apparent Injury,NA,Not Distracted,MD,Passenger Car,Slowing or Stopping,30,No,2017,HONDA,CIVIC,39.02101468,-77.04477848,2025,4,8