Local Case Number,ACRS Report Type,Crash Date/Time,Road Name,Related Non-Motorist,Collision Type,Weather,Surface Condition,Light,Traffic Control,Driver Substance Abuse,Driver At Fault,Injury Severity,Circumstance,Driver Distracted By,Drivers License State,Vehicle Body Type,Vehicle Movement,Speed Limit,Driverless Vehicle,Vehicle Year,Vehicle Make,Vehicle Model,Latitude,Longitude,Year,Month,Hour
250017569,Injury Crash,04/23/2025 08:43:00 AM,GEORGIA AVE (SB/L),NA,Front to Rear,Clear,Dry,Daylight,No Controls,NONE DETECTED,No,No Apparent Injury,NA,Not Distracted,MD,Sport Utility Vehicle,Slowing or Stopping,30,No,2021,SUBARU,CROSSTREK,39.02101468,-77.04477848,2025,4,8
250017381,Injury Crash,04/23/2025 07:49:00 AM,RAMP 2 FR MD 200 WB TO BRIGGS CHANEY RD,Pedestrian,Single Vehicle,Clear,Dry,Daylight,Pedestrian Crossing Sign,NONE DETECTED,Yes,No Apparent Injury,Failed to Yield Right-of-Way,Not Distracted,MD,Passenger Car,Turning Right,35,No,2021,FORD,EXPLORER,39.07427954,-76.93995673,2025,4,7
250017561,Property Damage Crash,04/23/2025 07:36:00 AM,CLOPPER RD,NA,Angle,Clear,Dry,Daylight,Stop Sign,NONE DETECTED,No,No Apparent Injury,NA,Not Distracted,MD,Passenger Car,Stopped in Traffic,30,No,2011,TOYOTA,CAMRY,39.16347966,-77.2846633,2025,4,7
250017561,Property Damage Crash,04/23/2025 07:36:00 AM,CLOPPER RD,NA,Angle,Clear,Dry,Daylight,No Controls,NONE DETECTED,Yes,No Apparent Injury,Failed to Yield Right-of-Way,Not Distracted,MD,Passenger Car,Turning Left,30,No,2012,TOYOTA,CAMRY,39.16347966,-77.2846633,2025,4,7
250017561,Property Damage Crash,04/23/2025 07:36:00 AM,CLOPPER RD,NA,Angle,Clear,Dry,Daylight,No Controls,NONE DETECTED,No,No Apparent Injury,NA,Not Distracted,MD,Passenger Car,Moving Constant Speed,30,No,2010,TOYOTA,CAMRY,39.16347966,-77.2846633,2025,4,7
250017560,Injury Crash,04/23/2025 07:35:00 AM,HOB HILL WAY,Pedestrian,Single Vehicle,Clear,Dry,Daylight,Pedestrian Crossing,NONE DETECTED,Yes,Possible Minor Injury,NA,Not Distracted,MD,Passenger Car,Moving Constant Speed,35,No,2016,TOYOTA,CAMRY,39.18695983,-77.19826417,2025,4,7
250017558,Property Damage Crash,04/23/2025 07:00:00 AM,NA,NA,Rear To Side,Clear,Dry,Daylight,No Controls,NONE DETECTED,Yes,No Apparent Injury,Failed to Yield Right-of-Way,Not Distracted,MD,Passenger Car,Entering Traffic Lane,15,No,2014,BMW,528I,39.04116883,-76.98579748,2025,4,7
250017558,Property Damage Crash,04/23/2025 07:00:00 AM,NA,NA,Rear To Side,Clear,Dry,Daylight,No Controls,NONE DETECTED,No,No Apparent Injury,NA,Not Distracted,MD,Sport Utility Vehicle,Moving Constant Speed,25,No,2016,TOYOTA,RAV4,39.04116883,-76.98579748,2025,4,7
250017531,Property Damage Crash,04/22/2025 09:17:00 PM,NA,NA,Single Vehicle,Clear,Dry,Medium,Flashing Traffic Control Signal,NONE DETECTED,No,No Apparent Injury,Ran Off Roadway,Not Distracted,MD,Passenger Car,Moving Constant Speed,35,No,2023,AUDI,S3,39.03144555,-77.23291957,2025,4,21
250017525,Property Damage Crash,04/22/2025 08:55:00 PM,KEATING ST,NA,"Sideswipe, Same Direction",Clear,Dry,Medium,No Controls,NONE DETECTED,No,No Apparent Injury,NA,Not Distracted,MD,Van - Passenger (&lt;9 Seats),Moving Constant Speed,25,No,2008,CHEVROLET,EXPRESS,39.07513671,-77.09049786,2025,4,20
250016947,Property Damage Crash,04/22/2025 08:43:00 PM,NA,NA,Rear To Side,Clear,NA,Medium,NA,ALCOHOL PRESENT,No,NA,NA,NA,NA,Passenger Car,Backing,0,No,2017,TOYOTA,CAMRY,39.08349608,-76.95232382,2025,4,20
250017524,Property Damage Crash,04/22/2025 08:36:00 PM,NA,NA,Angle,Clear,Dry,Medium,No Controls,NONE DETECTED,No,No Apparent Injury,NA,Not Distracted,MD,Sport Utility Vehicle,Moving Constant Speed,35,No,2025,HONDA,CR-V,39.07544117,-77.11726113,2025,4,20
250017524,Property Damage Crash,04/22/2025 08:36:00 PM,NA,NA,Angle,Clear,Dry,Medium,No Controls,NONE DETECTED,No,No Apparent Injury,NA,Not Distracted,MD,Passenger Car,Moving Constant Speed,35,No,2017,CHEVROLET,CRUZE,39.07544117,-77.11726113,2025,4,20
250017506,Property Damage Crash,04/22/2025 06:30:00 PM,WESTLAKE DR,NA,Angle,Clear,Dry,Daylight,No Controls,NONE DETECTED,No,No Apparent Injury,NA,Not Distracted,MD,Passenger Car,Moving Constant Speed,35,No,2004,TOYOTA,CAMRY,39.02507817,-77.14889667,2025,4,18
250017506,Property Damage Crash,04/22/2025 06:30:00 PM,WESTLAKE DR,NA,Angle,Clear,Dry,Daylight,No Controls,NONE DETECTED,No,No Apparent Injury,NA,Not Distracted,MD,Truck Tractor,Moving Constant Speed,35,No,2007,FREIGHTLINER,M2,39.02507817,-77.14889667,2025,4,18
250017506,Property Damage Crash,04/22/2025 06:30:00 PM,WESTLAKE DR,NA,Angle,Clear,Dry,Daylight,No Controls,NONE DETECTED,Yes,No Apparent Injury,NA,Not Distracted,MD,Passenger Car,Turning Left,35,No,2021,TOYOTA,PRIUS PRIME,39.02507817,-77.14889667,2025,4,18
250017498,Injury Crash,04/22/2025 05:28:00 PM,MAPLE AVE,NA,"Sideswipe, Same Direction",Clear,Dry,Daylight,No Controls,NONE DETECTED,No,Possible Minor Injury,NA,Not Distracted,MD,Passenger Car,Moving Constant Speed,25,No,2020,TOYOTA,RAV4,38.97706787,-77.08450236,2025,4,17
250017498,Injury Crash,04/22/2025 05:28:00 PM,MAPLE AVE,NA,"Sideswipe, Same Direction",Clear,Dry,Daylight,No Controls,NONE DETECTED,No,No Apparent Injury,NA,Not Distracted,MD,Passenger Car,Moving Constant Speed,25,No,2008,HONDA,CR-V,38.97706787,-77.08450236,2025,4,17
250017498,Injury Crash,04/22/2025 05:28:00 PM,MAPLE AVE,NA,"Sideswipe, Same Direction",Clear,Dry,Daylight,No Controls,NONE DETECTED,No,No Apparent Injury,NA,Not Distracted,MA,Passenger Car,Moving Constant Speed,25,No,2018,FORD,FUSION,38.97706787,-77.08450236,2025,4,17
250017498,Injury Crash,04/22/2025 05:28:00 PM,MAPLE AVE,NA,"Sideswipe, Same Direction",Clear,Dry,Daylight,No Controls,NONE DETECTED,Yes,Suspected Serious Injury,NA,Unknown,VA,Passenger Car,Moving Constant Speed,25,No,2023,CADILLAC,ESCALADE ESV,38.97706787,-77.08450236,2025,4,17
250017492,Injury Crash,04/22/2025 05:12:00 PM,RIDGE RD,NA,Angle,Clear,Dry,Daylight,No Controls,NONE DETECTED,No,No Apparent Injury,NA,Not Distracted,MD,Passenger Car,Moving Constant Speed,40,No,2018,CHRYSLER,PACIFICA,39.26132167,-77.22222167,2025,4,17
250017492,Injury Crash,04/22/2025 05:12:00 PM,RIDGE RD,NA,Angle,Clear,Dry,Daylight,No Controls,NONE DETECTED,Yes,Possible Minor Injury,Failed to Yield Right-of-Way,Unknown,MD,Sport Utility Vehicle,Entering Traffic Lane,40,No,2018,JEEP,COMPASS,39.26132167,-77.22222167,2025,4,17
250017490,Property Damage Crash,04/22/2025 04:47:00 PM,NEW HAMPSHIRE AVE,NA,Front to Front,Clear,Dry,Daylight,No Controls,NONE DETECTED,No,No Apparent Injury,NA,Not Distracted,MD,Passenger Car,Moving Constant Speed,40,No,2023,KIA,RIO,39.10319436,-77.00352657,2025,4,16
250017490,Property Damage Crash,04/22/2025 04:47:00 PM,NEW HAMPSHIRE AVE,NA,Front to Front,Clear,Dry,Daylight,No Controls,NONE DETECTED,Yes,No Apparent Injury,Failed to Yield Right-of-Way,Not Distracted,MD,Passenger Car,Turning Left,40,No,2014,TOYOTA,CAMRY,39.10319436,-77.00352657,2025,4,16
250017482,Injury Crash,04/22/2025 04:29:00 PM,RAMP 2 FR IS 270 WB TO MD 187 NB,NA,Front to Rear,Clear,Dry,Daylight,Yield Sign,NONE DETECTED,No,No Apparent Injury,NA,Not Distracted,MD,Pickup,Accelerating,30,No,2013,HONDA,RIDGELINE,39.03138127,-77.12591968,2025,4,16
250017482,Injury Crash,04/22/2025 04:29:00 PM,RAMP 2 FR IS 270 WB TO MD 187 NB,NA,Front to Rear,Clear,Dry,Daylight,Yield Sign,NONE DETECTED,No,Possible Minor Injury,NA,Not Distracted,MD,Passenger Car,Stopped in Traffic,30,No,2007,TOYOTA,CAMRY,39.03138127,-77.12591968,2025,4,16
250017472,Property Damage Crash,04/22/2025 03:27:00 PM,NA,NA,Angle,Clear,Dry,Daylight,Lane Use Control Signal,NONE DETECTED,No,No Apparent Injury,NA,Not Distracted,MD,Passenger Car,Moving Constant Speed,35,No,2012,ACURA,TSX,39.00531902,-77.0228607,2025,4,15
250017472,Property Damage Crash,04/22/2025 03:27:00 PM,NA,NA,Angle,Clear,Dry,Daylight,Lane Use Control Signal,NONE DETECTED,Yes,No Apparent Injury,NA,Not Distracted,MD,Sport Utility Vehicle,Turning Left,35,No,2014,HONDA,CR-V,39.00531902,-77.0228607,2025,4,15
250017464,Injury Crash,04/22/2025 02:53:00 PM,MUDDY BRANCH RD,NA,Front to Rear,Clear,Dry,Daylight,No Controls,NONE DETECTED,No,Possible Minor Injury,NA,Not Distracted,MD,Passenger Car,Slowing or Stopping,40,No,2016,NISSAN,ROGUE,39.13653145,-77.20558059,2025,4,14
250017464,Injury Crash,04/22/2025 02:53:00 PM,MUDDY BRANCH RD,NA,Front to Rear,Clear,Dry,Daylight,No Controls,NONE DETECTED,No,No Apparent Injury,NA,Not Distracted,MD,Passenger Car,Slowing or Stopping,40,No,2002,TOYOTA,TACOMA,39.13653145,-77.20558059,2025,4,14
250017457,Injury Crash,04/22/2025 02:13:00 PM,OLD GEORGETOWN RD (SB/L),NA,Angle,Clear,Dry,Daylight,Traffic Control Signal,NONE DETECTED,Yes,No Apparent Injury,"Failed to Yield Right-of-Way, Ran Red Light",Unknown,MD,Passenger Car,Turning Left,35,No,2012,NISSAN,MAXIMA,39.01656017,-77.1196595,2025,4,14
250017457,Injury Crash,04/22/2025 02:13:00 PM,OLD GEORGETOWN RD (SB/L),NA,Angle,Clear,Dry,Daylight,Traffic Control Signal,NONE DETECTED,No,Possible Minor Injury,NA,Not Distracted,MD,Passenger Car,Turning Left,30,No,2015,HYUNDAI,GENESIS,39.01656017,-77.1196595,2025,4,14
250017410,Property Damage Crash,04/22/2025 10:36:00 AM,NA,NA,"Sideswipe, Opposite Direction",Clear,Dry,Daylight,No Controls,NONE DETECTED,No,No Apparent Injury,NA,Not Distracted,MD,Bus - Transit,NA,25,No,2022,GILLIG,LOW FLOOR BUS,38.9997007,-77.01046693,2025,4,10
250017410,Property Damage Crash,04/22/2025 10:36:00 AM,NA,NA,"Sideswipe, Opposite Direction",Clear,Dry,Daylight,No Controls,NONE DETECTED,No,No Apparent Injury,NA,Not Distracted,MD,Passenger Car,Slowing or Stopping,25,No,2024,SUBARU,CROSSTREK,38.9997007,-77.01046693,2025,4,10
250017405,Property Damage Crash,04/22/2025 09:45:00 AM,NA,NA,Front to Front,Clear,Dry,Daylight,Traffic Control Signal,NONE DETECTED,No,No Apparent Injury,NA,NA,NA,Unknown,Moving Constant Speed,25,No,0,NA,NA,38.99055549,-76.98964357,2025,4,9
250017399,Property Damage Crash,04/22/2025 09:45:00 AM,PINEY BRANCH RD,NA,Angle,Clear,Dry,Daylight,No Controls,NONE DETECTED,Yes,No Apparent Injury,Failed to Yield Right-of-Way,Not Distracted,MD,Passenger Car,Turning Left,30,No,2025,TOYOTA,CAMRY,38.99970816,-76.99442629,2025,4,9
250017405,Property Damage Crash,04/22/2025 09:45:00 AM,NA,NA,Front to Front,Clear,Dry,Daylight,Traffic Control Signal,NONE DETECTED,No,No Apparent Injury,NA,Not Distracted,TX,Passenger Car,Moving Constant Speed,25,No,2018,KIA,OPTIMA,38.99055549,-76.98964357,2025,4,9
250017399,Property Damage Crash,04/22/2025 09:45:00 AM,PINEY BRANCH RD,NA,Angle,Clear,Dry,Daylight,No Controls,NONE DETECTED,No,No Apparent Injury,NA,Not Distracted,MD,Passenger Car,Moving Constant Speed,30,No,2015,DODGE,JOURNEY,38.99970816,-76.99442629,2025,4,9
250017394,Injury Crash,04/22/2025 09:06:00 AM,COLUMBIA PIKE,NA,Angle,Clear,Dry,Daylight,Traffic Control Signal,NONE DETECTED,Yes,No Apparent Injury,Other Improper Action,Not Distracted,MD,Passenger Car,Turning Left,50,No,2019,MERCEDES-BENZ,GLA-CLASS,39.04655505,-76.98693989,2025,4,9
250017394,Injury Crash,04/22/2025 09:06:00 AM,COLUMBIA PIKE,NA,Angle,Clear,Dry,Daylight,Traffic Control Signal,NONE DETECTED,No,No Apparent Injury,NA,Not Distracted,MD,Passenger Car,Stopped in Traffic,25,No,2014,TOYOTA,YARIS,39.04655505,-76.98693989,2025,4,9
250017394,Injury Crash,04/22/2025 09:06:00 AM,COLUMBIA PIKE,NA,Angle,Clear,Dry,Daylight,Traffic Control Signal,NONE DETECTED,Yes,Possible Minor Injury,Other Improper Action,Not Distracted,MD,Passenger Car,Moving Constant Speed,50,No,2011,MINI,HARDTOP,39.04655505,-76.98693989,2025,4,9
250017396,Property Damage Crash,04/22/2025 08:54:00 AM,NORBECK RD (WB/L),NA,"Sideswipe, Same Direction",Clear,Dry,Daylight,No Controls,NONE DETECTED,Yes,No Apparent Injury,NA,Unknown,MD,Passenger Car,Changing Lanes,35,No,2021,LEXUS,ES,39.09020712,-77.1286786,2025,4,8
250017396,Property Damage Crash,04/22/2025 08:54:00 AM,NORBECK RD (WB/L),NA,"Sideswipe, Same Direction",Clear,Dry,Daylight,No Controls,NONE DETECTED,No,No Apparent Injury,NA,Not Distracted,MD,Passenger Car,Moving Constant Speed,35,No,2013,ACURA,ILX,39.09020712,-77.1286786,2025,4,8
250017390,Injury Crash,04/22/2025 08:26:00 AM,MANCHESTER RD,NA,Front to Rear,Clear,Dry,Daylight,No Controls,NONE DETECTED,Yes,No Apparent Injury,NA,"Other Action (looking away from task, etc.)",MD,Passenger Car,Moving Constant Speed,30,No,1997,TOYOTA,COROLLA,39.002143,-77.01104367,2025,4,8
250017385,Property Damage Crash,04/22/2025 08:02:00 AM,UNIVERSITY BLVD W (WB/L),NA,Front to Rear,Clear,Dry,Daylight,Flashing Traffic Control Signal,NONE DETECTED,No,No Apparent Injury,NA,Not Distracted,MD,Passenger Car,Moving Constant Speed,35,No,2018,AUDI,Q5,39.03988953,-77.04300484,2025,4,8
250017385,Property Damage Crash,04/22/2025 08:02:00 AM,UNIVERSITY BLVD W (WB/L),NA,Front to Rear,Clear,Dry,Daylight,Flashing Traffic Control Signal,NONE DETECTED,No,No Apparent Injury,NA,Not Distracted,MD,Passenger Car,Moving Constant Speed,35,No,2024,CHEVROLET,SILVERADO,39.03988953,-77.04300484,2025,4,8
250017382,Property Damage Crash,04/22/2025 07:51:00 AM,FULKS CORNER AVE,NA,Angle,Clear,Dry,Daylight,No Controls,NONE DETECTED,No,No Apparent Injury,NA,Not Distracted,TX,Passenger Car,Moving Constant Speed,30,No,2025,MAZDA,CX-5,39.13966,-77.19644417,2025,4,7
250017382,Property Damage Crash,04/22/2025 07:51:00 AM,FULKS CORNER AVE,NA,Angle,Clear,Dry,Daylight,No Controls,NONE DETECTED,No,No Apparent Injury,Failed to Yield Right-of-Way,Not Distracted,MD,Passenger Car,Turning Left,35,No,2023,HYUNDAI,ELANTRA,39.13966,-77.19644417,2025,4,7
250017361,Property Damage Crash,04/21/2025 10:49:00 PM,SANDY SPRING RD (WB/L),NA,Rear To Side,Clear,Dry,Medium,Traffic Control Signal,NONE DETECTED,No,No Apparent Injury,NA,Not Distracted,MD,Passenger Car,Moving Constant Speed,35,No,2016,KIA,SPORTAGE,39.11157054,-76.93216116,2025,4,22
250017361,Property Damage Crash,04/21/2025 10:49:00 PM,SANDY SPRING RD (WB/L),NA,Rear To Side,Clear,Dry,Medium,Traffic Control Signal,ALCOHOL PRESENT,Yes,No Apparent Injury,NA,Unknown,MD,Passenger Car,Turning Left,35,No,2019,TOYOTA,CAMRY,39.11157054,-76.93216116,2025,4,22
250017356,Property Damage Crash,04/21/2025 09:20:00 PM,DUKE DR,NA,"Sideswipe, Same Direction",Clear,Dry,Medium,No Controls,NONE DETECTED,Yes,No Apparent Injury,Other Improper Action,Unknown,NA,Passenger Car,Moving Constant Speed,25,No,2009,VOLKSWAGEN,ROUTAN,39.04136781,-77.0416259,2025,4,21
250017350,Property Damage Crash,04/21/2025 08:50:00 PM,NA,NA,"Sideswipe, Same Direction",Clear,Dry,Dark,No Controls,NONE DETECTED,No,No Apparent Injury,NA,Not Distracted,MD,Passenger Car,Moving Constant Speed,40,No,2021,TOYOTA,PRIUS PRIME,39.08625212,-76.95437199,2025,4,20
250017350,Property Damage Crash,04/21/2025 08:50:00 PM,NA,NA,"Sideswipe, Same Direction",Clear,Dry,Dark,No Controls,NONE DETECTED,No,No Apparent Injury,"Improper Passing, Operated Motor Vehicle in Inattentive, Careless, Negligent, or Erratic Manner, Operated Motor Vehicle in Reckless or Aggressive Manner",Unknown,NA,Passenger Car,Overtaking/Passing,40,No,2020,MERCEDES-BENZ,GLB-CLASS,39.08625212,-76.95437199,2025,4,20
250017329,Property Damage Crash,04/21/2025 06:13:00 PM,NA,NA,Other,Clear,Dry,Daylight,Traffic Control Signal,NONE DETECTED,No,No Apparent Injury,NA,Not Distracted,MD,Sport Utility Vehicle,Moving Constant Speed,35,No,2014,LEXUS,RX,39.0744378,-77.13576066,2025,4,18
250017329,Property Damage Crash,04/21/2025 06:13:00 PM,NA,NA,Other,Clear,Dry,Daylight,Traffic Control Signal,NONE DETECTED,No,No Apparent Injury,NA,Not Distracted,MD,Passenger Car,Stopped in Traffic,35,No,2012,HYUNDAI,SONATA,39.0744378,-77.13576066,2025,4,18
250017329,Property Damage Crash,04/21/2025 06:13:00 PM,NA,NA,Other,Clear,Dry,Daylight,Traffic Control Signal,NONE DETECTED,No,No Apparent Injury,NA,Not Distracted,MD,Passenger Car,Moving Constant Speed,35,No,2024,FIAT,500E,39.0744378,-77.13576066,2025,4,18
250017306,Property Damage Crash,04/21/2025 04:46:00 PM,NA,NA,Front to Rear,Clear,NA,Daylight,NA,NONE DETECTED,Yes,No Apparent Injury,NA,Unknown,VA,Bus - Mini,NA,0,No,2024,CHEVROLET,EXPRESS,39.0234318,-77.04490975,2025,4,16
250017316,Property Damage Crash,04/21/2025 04:05:00 PM,NA,NA,Rear To Side,Cloudy,NA,Daylight,NA,NONE DETECTED,No,NA,Improper Backing,Unknown,NA,Passenger Car,Backing,0,No,0,NA,NA,39.02356317,-77.12364367,2025,4,16
250017290,Property Damage Crash,04/21/2025 03:15:00 PM,NA,NA,Single Vehicle,Clear,NA,Daylight,NA,NONE DETECTED,No,NA,NA,NA,NA,Passenger Car,NA,0,No,2010,JEEP,PATRIOT,39.06999078,-77.0875229,2025,4,15
250017289,Property Damage Crash,04/21/2025 02:45:00 PM,HEARTFIELDS DR,NA,"Sideswipe, Same Direction",Clear,Dry,Daylight,Traffic Control Signal,NONE DETECTED,No,No Apparent Injury,NA,Not Distracted,MD,Passenger Car,Stopped in Traffic,40,No,2023,TOYOTA,CAMRY,39.04766591,-76.99277679,2025,4,14
250017289,Property Damage Crash,04/21/2025 02:45:00 PM,HEARTFIELDS DR,NA,"Sideswipe, Same Direction",Clear,Dry,Daylight,Traffic Control Signal,NONE DETECTED,Yes,No Apparent Injury,"Operated Motor Vehicle in Inattentive, Careless, Negligent, or Erratic Manner",Unknown,MD,Passenger Car,Changing Lanes,40,No,2004,TOYOTA,SIENNA,39.04766591,-76.99277679,2025,4,14
250017278,Property Damage Crash,04/21/2025 02:04:00 PM,S FREDERICK RD,NA,Front to Rear,Clear,Dry,Daylight,Traffic Control Signal,NONE DETECTED,No,No Apparent Injury,NA,Not Distracted,MD,Sport Utility Vehicle,Slowing or Stopping,30,No,2015,NISSAN,ROGUE,39.1356685,-77.191897,2025,4,14
250017278,Property Damage Crash,04/21/2025 02:04:00 PM,S FREDERICK RD,NA,Front to Rear,Clear,Dry,Daylight,Traffic Control Signal,NONE DETECTED,No,No Apparent Injury,NA,Not Distracted,MD,Sport Utility Vehicle,Moving Constant Speed,30,No,2017,HYUNDAI,SANTA FE,39.1356685,-77.191897,2025,4,14
250017274,Injury Crash,04/21/2025 01:47:00 PM,NA,Pedestrian,Single Vehicle,Cloudy,NA,Daylight,NA,NONE DETECTED,No,No Apparent Injury,NA,Not Distracted,MD,Bus - Transit,Moving Constant Speed,0,No,2017,GILLIG,LOW FLOOR BUS,39.08527163,-77.14660449,2025,4,13
250017272,Injury Crash,04/21/2025 01:38:00 PM,GROSVENOR LA,NA,Front to Front,Clear,Dry,Daylight,Traffic Control Signal,NONE DETECTED,No,No Apparent Injury,NA,Not Distracted,MD,Passenger Car,Moving Constant Speed,35,No,2023,VOLVO,S90,39.02240017,-77.10313717,2025,4,13
250017272,Injury Crash,04/21/2025 01:38:00 PM,GROSVENOR LA,NA,Front to Front,Clear,Dry,Daylight,Traffic Control Signal,NONE DETECTED,Yes,Possible Minor Injury,NA,"Other Action (looking away from task, etc.)",MD,Passenger Car,Turning Left,35,No,2008,LEXUS,RX,39.02240017,-77.10313717,2025,4,13
250017267,Property Damage Crash,04/21/2025 01:15:00 PM,FREDERICK RD,NA,Front to Rear,Clear,Dry,Daylight,No Controls,NONE DETECTED,No,No Apparent Injury,NA,Not Distracted,MD,Passenger Car,Slowing or Stopping,35,No,2020,MINI,HARDTOP,39.15487162,-77.21480085,2025,4,13
250017267,Property Damage Crash,04/21/2025 01:15:00 PM,FREDERICK RD,NA,Front to Rear,Clear,Dry,Daylight,No Controls,NONE DETECTED,No,No Apparent Injury,Followed Too Closely,Unknown,MD,Passenger Car,Moving Constant Speed,35,No,2011,HYUNDAI,ELANTRA,39.15487162,-77.21480085,2025,4,13
250017239,Injury Crash,04/21/2025 10:54:00 AM,CONNECTICUT AVE,NA,Front to Rear,Cloudy,Dry,Daylight,Traffic Control Signal,NONE DETECTED,Yes,No Apparent Injury,Followed Too Closely,Not Distracted,MD,Sport Utility Vehicle,Moving Constant Speed,35,No,2018,JEEP,COMPASS,39.08386262,-77.07767663,2025,4,10
250017239,Injury Crash,04/21/2025 10:54:00 AM,CONNECTICUT AVE,NA,Front to Rear,Cloudy,Dry,Daylight,Traffic Control Signal,NONE DETECTED,No,Possible Minor Injury,NA,Not Distracted,MD,Sport Utility Vehicle,Slowing or Stopping,35,No,2018,TOYOTA,RAV4,39.08386262,-77.07767663,2025,4,10
250017229,Injury Crash,04/21/2025 10:02:00 AM,SNOWDEN FARM PKWY,NA,Single Vehicle,Cloudy,Dry,Daylight,No Controls,NONE DETECTED,Yes,Possible Minor Injury,NA,Unknown,MD,Passenger Car,Moving Constant Speed,35,No,2020,INFINITI,QX60,39.23565976,-77.26101102,2025,4,10
250017293,Property Damage Crash,04/21/2025 10:00:00 AM,NA,NA,Single Vehicle,Cloudy,Dry,Daylight,Traffic Control Signal,NONE DETECTED,No,No Apparent Injury,NA,Not Distracted,MD,Sport Utility Vehicle,Turning Right,30,No,2020,FORD,EXPLORER,39.06924444,-77.10479224,2025,4,10
250017216,Injury Crash,04/21/2025 09:20:00 AM,SHAWNEE LA,NA,Front to Front,Cloudy,Dry,Daylight,No Controls,NONE DETECTED,Yes,Possible Minor Injury,"Disregarded Other Road Markings, Failed to Keep in Proper Lane, Failed to Yield Right-of-Way, Wrong Way","Other Action (looking away from task, etc.)",MD,Passenger Car,Moving Constant Speed,35,No,2005,FORD,FOCUS,39.23095665,-77.26598585,2025,4,9
250017216,Injury Crash,04/21/2025 09:20:00 AM,SHAWNEE LA,NA,Front to Front,Cloudy,Dry,Daylight,No Controls,NONE DETECTED,No,No Apparent Injury,NA,Not Distracted,MD,Truck Tractor,Turning Left,35,No,2021,FREIGHTLINER,CASCADIA,39.23095665,-77.26598585,2025,4,9
250017213,Property Damage Crash,04/21/2025 08:56:00 AM,NA,NA,Front to Rear,Clear,Dry,Daylight,No Controls,NONE DETECTED,Yes,No Apparent Injury,NA,Unknown,NA,Passenger Car,Moving Constant Speed,30,No,2014,BMW,320I,39.10922692,-77.06757363,2025,4,8
250017213,Property Damage Crash,04/21/2025 08:56:00 AM,NA,NA,Front to Rear,Clear,Dry,Daylight,No Controls,NONE DETECTED,No,No Apparent Injury,NA,Not Distracted,MD,Passenger Car,Moving Constant Speed,30,No,2025,LEXUS,NX,39.10922692,-77.06757363,2025,4,8
250017210,Injury Crash,04/21/2025 08:53:00 AM,NA,Pedestrian,Single Vehicle,Cloudy,Dry,Daylight,Pedestrian Crossing Sign,NONE DETECTED,Yes,No Apparent Injury,Failed to Yield Right-of-Way,Not Distracted,MD,Passenger Car,Turning Right,25,No,2004,TOYOTA,HIGHLANDER,39.16072827,-77.27920512,2025,4,8
250017203,Property Damage Crash,04/21/2025 07:10:00 AM,VEIRS MILL RD (WB/L),NA,Angle,Clear,Dry,Daylight,No Controls,NONE DETECTED,Yes,No Apparent Injury,NA,Unknown,MD,Passenger Car,Turning Left,25,No,2018,TOYOTA,CAMRY,39.04957317,-77.07071433,2025,4,7
250017203,Property Damage Crash,04/21/2025 07:10:00 AM,VEIRS MILL RD (WB/L),NA,Angle,Clear,Dry,Daylight,No Controls,NONE DETECTED,No,No Apparent Injury,NA,Not Distracted,GA,Passenger Car,Moving Constant Speed,35,No,2016,TOYOTA,PRIUS,39.04957317,-77.07071433,2025,4,7
250017200,Injury Crash,04/21/2025 05:22:00 AM,RANDOLPH RD,NA,Other,Clear,Dry,Medium,Lane Use Control Signal,NONE DETECTED,Yes,Possible Minor Injury,NA,Not Distracted,MD,Pickup,Turning Left,35,No,2023,GMC,SIERRA,39.05901378,-77.04773805,2025,4,5
250017200,Injury Crash,04/21/2025 05:22:00 AM,RANDOLPH RD,NA,Other,Clear,Dry,Medium,Lane Use Control Signal,NONE DETECTED,No,Possible Minor Injury,NA,Not Distracted,MD,Passenger Car,Moving Constant Speed,35,No,2015,TOYOTA,CAMRY,39.05901378,-77.04773805,2025,4,5