Local Case Number,ACRS Report Type,Crash Date/Time,Road Name,Related Non-Motorist,Collision Type,Weather,Surface Condition,Light,Traffic Control,Driver Substance Abuse,Driver At Fault,Injury Severity,Circumstance,Driver Distracted By,Drivers License State,Vehicle Body Type,Vehicle Movement,Speed Limit,Driverless Vehicle,Vehicle Year,Vehicle Make,Vehicle Model,Latitude,Longitude,Year,Month,Hour
250017198,Property Damage Crash,04/21/2025 03:11:00 AM,LOCKWOOD DR,NA,Front to Front,Clear,Dry,Dark,No Controls,NONE DETECTED,No,NA,NA,NA,NA,NA,Slowing or Stopping,0,No,0,NA,NA,39.03873384,-76.9920387,2025,4,3
250017198,Property Damage Crash,04/21/2025 03:11:00 AM,LOCKWOOD DR,NA,Front to Front,Clear,Dry,Dark,No Controls,NONE DETECTED,No,No Apparent Injury,NA,Not Distracted,VA,Passenger Car,Slowing or Stopping,0,No,2013,HONDA,ACCORD,39.03873384,-76.9920387,2025,4,3
25000710,Property Damage Crash,04/21/2025 01:30:00 AM,RIDGE RD,NA,Single Vehicle,Clear,Dry,Dark,No Controls,NONE DETECTED,No,No Apparent Injury,NA,Talking/listening,MD,Sport Utility Vehicle,Moving Constant Speed,40,No,2018,FORD,EXPLORER,39.21029008,-77.23964363,2025,4,1
250017186,Property Damage Crash,04/20/2025 10:55:00 PM,PHILADELPHIA AVE,NA,"Sideswipe, Same Direction",Clear,Dry,Medium,Traffic Control Signal,NONE DETECTED,Yes,No Apparent Injury,NA,Not Distracted,MD,Passenger Car,Moving Constant Speed,25,No,2015,LEXUS,RX,38.987839,-77.02352664,2025,4,22
250017186,Property Damage Crash,04/20/2025 10:55:00 PM,PHILADELPHIA AVE,NA,"Sideswipe, Same Direction",Clear,Dry,Medium,Traffic Control Signal,NONE DETECTED,Yes,No Apparent Injury,NA,Not Distracted,MD,Passenger Car,Moving Constant Speed,25,No,2012,TOYOTA,SCION XD,38.987839,-77.02352664,2025,4,22
250017185,Property Damage Crash,04/20/2025 10:48:00 PM,NEW HAMPSHIRE AVE,NA,Single Vehicle,Clear,Dry,Medium,Traffic Control Signal,NONE DETECTED,Yes,No Apparent Injury,NA,Not Distracted,MD,Passenger Car,Changing Lanes,35,No,1991,MAZDA,MX-5,39.14903151,-77.01229673,2025,4,22
250017181,Property Damage Crash,04/20/2025 10:16:00 PM,OLD COLUMBIA PIKE,NA,Front to Rear,Clear,Dry,Medium,No Controls,NONE DETECTED,Yes,No Apparent Injury,NA,Not Distracted,MD,Passenger Car,Moving Constant Speed,25,No,2024,HYUNDAI,KONA ELECTRIC,39.0527361,-76.9758478,2025,4,22
250017176,Injury Crash,04/20/2025 09:09:00 PM,RANDOLPH RD (WB/L),Cyclist (Electric),Single Vehicle,Clear,Dry,Dark,No Controls,ALCOHOL PRESENT,Yes,No Apparent Injury,NA,Unknown,MD,Passenger Car,Changing Lanes,30,No,2021,HONDA,CIVIC,39.05373798,-77.10063348,2025,4,21
250017172,Property Damage Crash,04/20/2025 08:14:00 PM,FREDERICK RD (SB/L),NA,Front to Rear,Clear,Dry,Medium,Traffic Control Signal,NONE DETECTED,No,No Apparent Injury,NA,Unknown,MD,Other Trucks,Stopped in Traffic,35,No,2005,TOYOTA,TACOMA,39.11256319,-77.16198442,2025,4,20
250017172,Property Damage Crash,04/20/2025 08:14:00 PM,FREDERICK RD (SB/L),NA,Front to Rear,Clear,Dry,Medium,Traffic Control Signal,NONE DETECTED,Yes,No Apparent Injury,NA,Unknown,MD,Passenger Car,Moving Constant Speed,35,No,2023,LEXUS,IS,39.11256319,-77.16198442,2025,4,20
250017172,Property Damage Crash,04/20/2025 08:14:00 PM,FREDERICK RD (SB/L),NA,Front to Rear,Clear,Dry,Medium,Traffic Control Signal,NONE DETECTED,No,No Apparent Injury,NA,Unknown,MD,Sport Utility Vehicle,Stopped in Traffic,35,No,2014,ACURA,RDX,39.11256319,-77.16198442,2025,4,20
250017164,Injury Crash,04/20/2025 06:53:00 PM,STEDWICK RD,NA,"Sideswipe, Same Direction",Clear,Dry,Daylight,No Controls,NONE DETECTED,Yes,Possible Minor Injury,"Operated Motor Vehicle in Inattentive, Careless, Negligent, or Erratic Manner",NA,MD,Passenger Car,Moving Constant Speed,25,No,2025,HONDA,CIVIC,39.17071294,-77.21351341,2025,4,18
25000704,Property Damage Crash,04/20/2025 05:42:00 PM,NA,NA,"Sideswipe, Opposite Direction",Clear,NA,Daylight,NA,NONE DETECTED,No,No Apparent Injury,NA,Unknown,MD,Pickup,Moving Constant Speed,0,No,2007,TOYOTA,TUNDRA,39.00909893,-76.98458311,2025,4,17
25000704,Property Damage Crash,04/20/2025 05:42:00 PM,NA,NA,"Sideswipe, Opposite Direction",Clear,NA,Daylight,NA,NONE DETECTED,No,No Apparent Injury,NA,Not Distracted,MD,Passenger Car,Backing,0,No,2013,ACURA,MDX,39.00909893,-76.98458311,2025,4,17
250017152,Injury Crash,04/20/2025 04:23:00 PM,NA,NA,Single Vehicle,Cloudy,Dry,Daylight,No Controls,NONE DETECTED,Yes,Possible Minor Injury,NA,Not Distracted,MD,Passenger Car,Moving Constant Speed,50,No,2005,TOYOTA,CAMRY,39.23390078,-77.14255623,2025,4,16
250017151,Injury Crash,04/20/2025 04:13:00 PM,NA,Pedestrian,Single Vehicle,Clear,Dry,Daylight,No Controls,NONE DETECTED,No,No Apparent Injury,NA,Not Distracted,MD,Passenger Car,Moving Constant Speed,35,No,2019,SUBARU,OUTBACK,39.14660424,-77.1458093,2025,4,16
250017154,Property Damage Crash,04/20/2025 02:47:00 PM,HOUSTON AVE,NA,"Sideswipe, Same Direction",Clear,Dry,Daylight,No Controls,NONE DETECTED,No,NA,NA,NA,NA,Pickup,Moving Constant Speed,25,No,2018,TOYOTA,TACOMA,38.99072279,-77.00390381,2025,4,14
250017154,Property Damage Crash,04/20/2025 02:47:00 PM,HOUSTON AVE,NA,"Sideswipe, Same Direction",Clear,Dry,Daylight,No Controls,NONE DETECTED,No,No Apparent Injury,NA,Not Distracted,MD,Passenger Car,Parked,25,No,2016,NISSAN,ROGUE,38.99072279,-77.00390381,2025,4,14
250017268,Property Damage Crash,04/20/2025 02:00:00 PM,NA,NA,Other,Clear,NA,Daylight,NA,NONE DETECTED,Yes,NA,NA,NA,NA,NA,NA,0,No,0,NA,NA,39.12495063,-77.23829964,2025,4,14
250017137,Injury Crash,04/20/2025 01:05:00 PM,CLOVER PATCH DR,NA,Angle,Clear,Dry,Daylight,No Controls,NONE DETECTED,No,Suspected Serious Injury,NA,Not Distracted,MD,Passenger Car,Stopped in Traffic,30,No,2019,AUDI,Q7,39.05258764,-76.95314437,2025,4,13
250017137,Injury Crash,04/20/2025 01:05:00 PM,CLOVER PATCH DR,NA,Angle,Clear,Dry,Daylight,Traffic Control Signal,NONE DETECTED,Yes,Possible Minor Injury,Failed to Yield Right-of-Way,Not Distracted,MD,Passenger Car,Turning Left,40,No,2009,HONDA,ACCORD,39.05258764,-76.95314437,2025,4,13
250017137,Injury Crash,04/20/2025 01:05:00 PM,CLOVER PATCH DR,NA,Angle,Clear,Dry,Daylight,Traffic Control Signal,NONE DETECTED,No,No Apparent Injury,NA,Not Distracted,MD,Passenger Car,Accelerating,40,No,2015,MASERATI,QUATTROPORTE,39.05258764,-76.95314437,2025,4,13
250017136,Injury Crash,04/20/2025 12:48:00 PM,ROCKVILLE PIKE,NA,Angle,Clear,Dry,Daylight,Traffic Control Signal,NONE DETECTED,Yes,Possible Minor Injury,Disregarded Other Traffic Sign,Unknown,VA,Passenger Car,Moving Constant Speed,35,No,2015,BMW,320I,39.05880632,-77.12124914,2025,4,12
250017136,Injury Crash,04/20/2025 12:48:00 PM,ROCKVILLE PIKE,NA,Angle,Clear,Dry,Daylight,Traffic Control Signal,NONE DETECTED,No,No Apparent Injury,NA,Not Distracted,MD,Passenger Car,Moving Constant Speed,30,No,2022,HONDA,CIVIC,39.05880632,-77.12124914,2025,4,12
250017133,Injury Crash,04/20/2025 12:32:00 PM,BRIARDALE RD,NA,"Sideswipe, Same Direction",Clear,Dry,Daylight,No Controls,NONE DETECTED,No,No Apparent Injury,NA,Not Distracted,MD,Passenger Car,Moving Constant Speed,40,No,2018,LEXUS,LS,39.13362169,-77.15819108,2025,4,12
250017133,Injury Crash,04/20/2025 12:32:00 PM,BRIARDALE RD,NA,"Sideswipe, Same Direction",Clear,Dry,Daylight,Traffic Control Signal,NONE DETECTED,No,No Apparent Injury,NA,Not Distracted,MD,Passenger Car,Moving Constant Speed,40,No,2022,RAM,1500,39.13362169,-77.15819108,2025,4,12
250017133,Injury Crash,04/20/2025 12:32:00 PM,BRIARDALE RD,NA,"Sideswipe, Same Direction",Clear,Dry,Daylight,Traffic Control Signal,NONE DETECTED,No,Possible Minor Injury,NA,Unknown,MD,Passenger Car,Changing Lanes,40,No,2018,ACURA,TLX,39.13362169,-77.15819108,2025,4,12
250017107,Property Damage Crash,04/20/2025 08:54:00 AM,NA,NA,Front to Rear,Clear,NA,Daylight,NA,NONE DETECTED,No,NA,NA,NA,NA,Sport Utility Vehicle,Backing,0,No,2020,JEEP,CHEROKEE,38.99007986,-76.98969006,2025,4,8
250017101,Injury Crash,04/20/2025 06:05:00 AM,MONTGOMERY VILLAGE AVE,NA,Angle,Clear,Dry,Daylight,Traffic Control Signal,NONE DETECTED,Yes,Possible Minor Injury,NA,Unknown,MD,Passenger Car,Turning Left,35,No,2019,NISSAN,ALTIMA,39.154409,-77.2091285,2025,4,6
250017101,Injury Crash,04/20/2025 06:05:00 AM,MONTGOMERY VILLAGE AVE,NA,Angle,Clear,Dry,Daylight,Traffic Control Signal,NONE DETECTED,No,Possible Minor Injury,NA,Not Distracted,MD,Passenger Car,Moving Constant Speed,35,No,1995,FORD,EXPLORER,39.154409,-77.2091285,2025,4,6
250017092,Property Damage Crash,04/20/2025 02:49:00 AM,NA,NA,Front to Rear,Clear,NA,Medium,NA,NONE DETECTED,No,No Apparent Injury,NA,Not Distracted,MD,Passenger Car,Slowing or Stopping,0,No,2014,LEXUS,ES,39.16265889,-77.22420351,2025,4,2
250017092,Property Damage Crash,04/20/2025 02:49:00 AM,NA,NA,Front to Rear,Clear,NA,Medium,NA,ALCOHOL PRESENT,Yes,No Apparent Injury,"Operated Motor Vehicle in Inattentive, Careless, Negligent, or Erratic Manner",Unknown,MD,Passenger Car,Backing,0,No,2021,TOYOTA,HIGHLANDER,39.16265889,-77.22420351,2025,4,2
250017087,Property Damage Crash,04/20/2025 01:30:00 AM,EDISON RD,NA,Other,Clear,Dry,Dark,No Controls,NONE DETECTED,No,No Apparent Injury,Other Improper Action,Not Distracted,MD,"Construction Equipment (backhoe, bulldozer, etc.)",Backing,25,No,2021,GRIFFITH CHOPPERS,GRIFFITH CHOPPERS,39.03499693,-77.21284769,2025,4,1
250017083,Property Damage Crash,04/20/2025 12:50:00 AM,RANDOLPH RD,NA,Single Vehicle,Clear,Dry,Medium,No Controls,NONE DETECTED,No,No Apparent Injury,NA,Unknown,NA,Passenger Car,Moving Constant Speed,35,No,2013,JEEP,PATRIOT,39.05728967,-77.076688,2025,4,0
250017079,Injury Crash,04/20/2025 12:02:00 AM,PHILADELPHIA AVE,NA,Front to Rear,Clear,Dry,Medium,No Controls,NONE DETECTED,No,No Apparent Injury,Other Improper Action,Unknown,MD,Passenger Car,NA,25,No,2020,HONDA,ACCORD,38.98341291,-77.0160354,2025,4,0
250017079,Injury Crash,04/20/2025 12:02:00 AM,PHILADELPHIA AVE,NA,Front to Rear,Clear,Dry,Medium,No Controls,NONE DETECTED,No,No Apparent Injury,NA,Not Distracted,MD,Passenger Car,Slowing or Stopping,25,No,2018,JEEP,WRANGLER JK,38.98341291,-77.0160354,2025,4,0
250017058,Injury Crash,04/19/2025 08:00:00 PM,FATHER HURLEY BLVD,NA,Angle,Clear,Dry,Medium,Traffic Control Signal,NONE DETECTED,Yes,No Apparent Injury,Ran Red Light,Unknown,MD,Passenger Car,Moving Constant Speed,45,No,2018,DODGE,JOURNEY,39.196626,-77.26552891,2025,4,20
250017058,Injury Crash,04/19/2025 08:00:00 PM,FATHER HURLEY BLVD,NA,Angle,Clear,Dry,Medium,Traffic Control Signal,NONE DETECTED,No,No Apparent Injury,NA,Not Distracted,MD,Passenger Car,Turning Left,45,No,2022,HYUNDAI,SANTA FE,39.196626,-77.26552891,2025,4,20
250017046,Property Damage Crash,04/19/2025 06:45:00 PM,NA,NA,Front to Rear,Clear,NA,Daylight,NA,NONE DETECTED,Yes,No Apparent Injury,Other Improper Action,Not Distracted,NA,Passenger Car,Accelerating,0,No,2024,TOYOTA,RAV4,39.15722033,-77.1626545,2025,4,18
250017046,Property Damage Crash,04/19/2025 06:45:00 PM,NA,NA,Front to Rear,Clear,NA,Daylight,NA,NONE DETECTED,Yes,No Apparent Injury,Other Improper Action,Not Distracted,MD,Passenger Car,Backing,0,No,2019,GMC,ACADIA,39.15722033,-77.1626545,2025,4,18
250017042,Property Damage Crash,04/19/2025 05:55:00 PM,HIDDEN FIELD DR,NA,Front to Rear,Clear,Dry,Daylight,No Controls,NONE DETECTED,No,No Apparent Injury,NA,Not Distracted,MD,Passenger Car,Stopped in Traffic,35,No,2008,HONDA,CIVIC,39.15960786,-77.18878747,2025,4,17
250017042,Property Damage Crash,04/19/2025 05:55:00 PM,HIDDEN FIELD DR,NA,Front to Rear,Clear,Dry,Daylight,No Controls,NONE DETECTED,Yes,No Apparent Injury,Followed Too Closely,Not Distracted,MD,Sport Utility Vehicle,Moving Constant Speed,35,No,2014,MERCEDES-BENZ,GLK-CLASS,39.15960786,-77.18878747,2025,4,17
250017031,Property Damage Crash,04/19/2025 04:23:00 PM,NA,NA,"Sideswipe, Same Direction",Clear,Dry,Daylight,Yield Sign,NONE DETECTED,Yes,No Apparent Injury,NA,Unknown,NY,Passenger Car,Moving Constant Speed,35,No,2016,HONDA,CR-V,39.15208717,-77.2116785,2025,4,16
250017031,Property Damage Crash,04/19/2025 04:23:00 PM,NA,NA,"Sideswipe, Same Direction",Clear,Dry,Daylight,Traffic Control Signal,NONE DETECTED,No,No Apparent Injury,NA,Not Distracted,MD,Passenger Car,Moving Constant Speed,35,No,2005,TOYOTA,COROLLA,39.15208717,-77.2116785,2025,4,16
250017033,Property Damage Crash,04/19/2025 04:08:00 PM,COLUMBIA PIKE,NA,"Sideswipe, Same Direction",Clear,Dry,Daylight,No Controls,NONE DETECTED,Yes,No Apparent Injury,NA,Not Distracted,MD,Sport Utility Vehicle,Moving Constant Speed,35,No,2020,GMC,ACADIA,39.03181117,-77.00424967,2025,4,16
250017033,Property Damage Crash,04/19/2025 04:08:00 PM,COLUMBIA PIKE,NA,"Sideswipe, Same Direction",Clear,Dry,Daylight,No Controls,NONE DETECTED,No,No Apparent Injury,NA,Not Distracted,MD,Passenger Car,Moving Constant Speed,35,No,1999,NISSAN,ALTIMA,39.03181117,-77.00424967,2025,4,16
250017033,Property Damage Crash,04/19/2025 04:08:00 PM,COLUMBIA PIKE,NA,"Sideswipe, Same Direction",Clear,Dry,Daylight,No Controls,NONE DETECTED,No,No Apparent Injury,NA,Not Distracted,VA,Passenger Car,Moving Constant Speed,35,No,2018,TESLA,MODEL 3,39.03181117,-77.00424967,2025,4,16
250017030,Property Damage Crash,04/19/2025 03:31:00 PM,NA,NA,"Sideswipe, Same Direction",Cloudy,NA,Daylight,NA,NONE DETECTED,No,No Apparent Injury,NA,Not Distracted,VA,Passenger Car,Slowing or Stopping,0,No,2013,DODGE,AVENGER,39.06615619,-77.02046706,2025,4,15
250017030,Property Damage Crash,04/19/2025 03:31:00 PM,NA,NA,"Sideswipe, Same Direction",Cloudy,NA,Daylight,NA,NONE DETECTED,No,NA,NA,NA,NA,Sport Utility Vehicle,Overtaking/Passing,0,No,2009,MERCEDES-BENZ,M-CLASS,39.06615619,-77.02046706,2025,4,15
250017024,Injury Crash,04/19/2025 02:47:00 PM,MEADOW HALL DR,NA,Other,Cloudy,Dry,Daylight,No Controls,NONE DETECTED,Yes,No Apparent Injury,NA,Unknown,MD,Passenger Car,Moving Constant Speed,25,No,2006,TOYOTA,CAMRY SOLARA,39.07429535,-77.11378259,2025,4,14
250017024,Injury Crash,04/19/2025 02:47:00 PM,MEADOW HALL DR,NA,Other,Cloudy,Dry,Daylight,No Controls,NONE DETECTED,No,Possible Minor Injury,NA,Unknown,MD,Passenger Car,Moving Constant Speed,25,No,2023,HYUNDAI,ELANTRA,39.07429535,-77.11378259,2025,4,14
250017016,Property Damage Crash,04/19/2025 02:42:00 PM,E RANDOLPH RD (WB/L),NA,Angle,Clear,Dry,Daylight,Traffic Control Signal,NONE DETECTED,No,No Apparent Injury,NA,Not Distracted,MD,Passenger Car,Moving Constant Speed,35,No,2018,HONDA,CIVIC,39.07551683,-76.99393767,2025,4,14
250017016,Property Damage Crash,04/19/2025 02:42:00 PM,E RANDOLPH RD (WB/L),NA,Angle,Clear,Dry,Daylight,Traffic Control Signal,NONE DETECTED,Yes,No Apparent Injury,Failed to Yield Right-of-Way,Not Distracted,MD,Passenger Car,Turning Left,35,No,2020,HONDA,FIT,39.07551683,-76.99393767,2025,4,14
250017021,Property Damage Crash,04/19/2025 02:22:00 PM,DEWITT DR,NA,Single Vehicle,Cloudy,Dry,Daylight,Stop Sign,NONE DETECTED,No,No Apparent Injury,NA,Not Distracted,MD,Other Trucks,Turning Right,15,No,2022,PIERCE MANUFACTURING,AERIAL,39.01140075,-77.05597465,2025,4,14
250017010,Injury Crash,04/19/2025 01:25:00 PM,SPENCERVILLE RD,NA,Single Vehicle,Clear,Dry,Daylight,No Controls,NONE DETECTED,No,Possible Minor Injury,Ran Off Roadway,Unknown,MD,Passenger Car,Moving Constant Speed,35,No,2011,TOYOTA,SIENNA,39.11009133,-76.94792865,2025,4,13
250017004,Property Damage Crash,04/19/2025 12:30:00 PM,NA,NA,Rear To Rear,Cloudy,NA,Daylight,NA,NONE DETECTED,Yes,No Apparent Injury,Improper Backing,Unknown,MD,Passenger Car,Backing,0,No,2005,TOYOTA,COROLLA,39.17985705,-77.19997988,2025,4,12
250017003,Injury Crash,04/19/2025 12:20:00 PM,NA,NA,Front to Front,Clear,Dry,Daylight,Traffic Control Signal,ALCOHOL PRESENT,Yes,Possible Minor Injury,Failed to Yield Right-of-Way,Not Distracted,WA,Passenger Car,Turning Left,35,No,2010,TOYOTA,COROLLA,39.1894105,-77.120722,2025,4,12
250017003,Injury Crash,04/19/2025 12:20:00 PM,NA,NA,Front to Front,Clear,Dry,Daylight,Traffic Control Signal,NONE DETECTED,No,Possible Minor Injury,NA,Not Distracted,MD,Sport Utility Vehicle,Moving Constant Speed,35,No,2019,GMC,TERRAIN,39.1894105,-77.120722,2025,4,12
250016987,Property Damage Crash,04/19/2025 08:24:00 AM,OAKVIEW DR,NA,Angle,Cloudy,Dry,Daylight,Traffic Control Signal,NONE DETECTED,Yes,No Apparent Injury,"Failed to Yield Right-of-Way, Ran Red Light","Other Action (looking away from task, etc.)",MD,Sport Utility Vehicle,Moving Constant Speed,40,No,2025,HONDA,PILOT,39.01534633,-76.97788133,2025,4,8
250016987,Property Damage Crash,04/19/2025 08:24:00 AM,OAKVIEW DR,NA,Angle,Cloudy,Dry,Daylight,Traffic Control Signal,NONE DETECTED,No,No Apparent Injury,NA,Not Distracted,MD,Pickup,Moving Constant Speed,35,No,2010,CHEVROLET,SILVERADO,39.01534633,-76.97788133,2025,4,8
250016978,Property Damage Crash,04/19/2025 06:33:00 AM,LAYHILL RD (SB/L),NA,Single Vehicle,Clear,Dry,Daylight,No Controls,NONE DETECTED,Yes,No Apparent Injury,NA,NA,MD,Passenger Car,Moving Constant Speed,35,No,2017,TOYOTA,COROLLA,39.09191667,-77.04500117,2025,4,6
250016975,Property Damage Crash,04/19/2025 04:18:00 AM,BURTONSVILLE DR,NA,Single Vehicle,Clear,Dry,Medium,No Controls,NONE DETECTED,Yes,No Apparent Injury,"Failed to Keep in Proper Lane, Operated Motor Vehicle in Inattentive, Careless, Negligent, or Erratic Manner, Ran Off Roadway",Not Distracted,MD,Passenger Car,Moving Constant Speed,45,No,2024,HONDA,CIVIC,39.10951543,-76.94723033,2025,4,4
250016959,Property Damage Crash,04/19/2025 12:10:00 AM,FREDERICK RD,NA,Single Vehicle,Clear,Dry,Medium,No Controls,ALCOHOL PRESENT,Yes,No Apparent Injury,"Operated Motor Vehicle in Inattentive, Careless, Negligent, or Erratic Manner, Operated Motor Vehicle in Reckless or Aggressive Manner, Over-Correcting/Over-Steering, Ran Off Roadway, Too Fast For Conditions","Other Action (looking away from task, etc.)",MD,Passenger Car,Moving Constant Speed,45,No,2016,FORD,MUSTANG,39.16043212,-77.22113191,2025,4,0
250016953,Property Damage Crash,04/18/2025 10:30:00 PM,MUDDY BRANCH RD,NA,Rear To Side,Clear,Dry,Medium,No Controls,NONE DETECTED,No,No Apparent Injury,NA,Not Distracted,MD,Sport Utility Vehicle,Moving Constant Speed,35,No,2023,ACURA,MDX,39.10087283,-77.223189,2025,4,22
250016953,Property Damage Crash,04/18/2025 10:30:00 PM,MUDDY BRANCH RD,NA,Rear To Side,Clear,Dry,Medium,Stop Sign,NONE DETECTED,Yes,No Apparent Injury,Ran Stop Sign,Unknown,MD,Passenger Car,Accelerating,30,No,2016,HONDA,ACCORD,39.10087283,-77.223189,2025,4,22
250016943,Property Damage Crash,04/18/2025 08:59:00 PM,NA,NA,Front to Rear,Clear,Dry,Medium,Traffic Control Signal,NONE DETECTED,Yes,No Apparent Injury,"Operated Motor Vehicle in Inattentive, Careless, Negligent, or Erratic Manner",Unknown,MD,Sport Utility Vehicle,Moving Constant Speed,40,No,2023,FORD,EXPLORER,39.09656062,-77.20336733,2025,4,20
250016943,Property Damage Crash,04/18/2025 08:59:00 PM,NA,NA,Front to Rear,Clear,Dry,Medium,Traffic Control Signal,NONE DETECTED,No,No Apparent Injury,NA,Not Distracted,MD,Pickup,Stopped in Traffic,40,No,2019,FORD,F-150,39.09656062,-77.20336733,2025,4,20
250016942,Property Damage Crash,04/18/2025 08:43:00 PM,NA,NA,Rear To Side,Clear,NA,Medium,NA,NONE DETECTED,No,NA,NA,NA,NA,NA,NA,0,No,0,NA,NA,39.08382371,-76.95194305,2025,4,20
250016940,Injury Crash,04/18/2025 08:30:00 PM,ROCKVILLE PIKE,NA,Front to Rear,Clear,Dry,Medium,No Controls,NONE DETECTED,Yes,Possible Minor Injury,Followed Too Closely,Not Distracted,DC,Passenger Car,Moving Constant Speed,35,No,2018,KIA,OPTIMA,39.06121717,-77.12345717,2025,4,20
250016940,Injury Crash,04/18/2025 08:30:00 PM,ROCKVILLE PIKE,NA,Front to Rear,Clear,Dry,Medium,No Controls,NONE DETECTED,No,No Apparent Injury,NA,Not Distracted,MD,Sport Utility Vehicle,Slowing or Stopping,35,No,2023,HYUNDAI,KONA ELECTRIC,39.06121717,-77.12345717,2025,4,20
250016932,Property Damage Crash,04/18/2025 06:41:00 PM,NA,NA,Rear To Rear,Clear,NA,Daylight,NA,NONE DETECTED,No,No Apparent Injury,NA,Not Distracted,VA,Passenger Car,Parked,0,No,2024,TESLA,MODEL Y,39.02385775,-77.12390316,2025,4,18
250016932,Property Damage Crash,04/18/2025 06:41:00 PM,NA,NA,Rear To Rear,Clear,NA,Daylight,NA,NONE DETECTED,No,NA,NA,NA,NA,Passenger Car,Backing,0,No,2005,CHEVROLET,MALIBU,39.02385775,-77.12390316,2025,4,18
250016928,Property Damage Crash,04/18/2025 06:30:00 PM,RAMP 2 FR IS 495 WB TO MD 97 NB,NA,Front to Rear,Clear,Dry,Daylight,Yield Sign,NONE DETECTED,Yes,No Apparent Injury,NA,Not Distracted,MD,Sport Utility Vehicle,Moving Constant Speed,25,No,2015,JEEP,CHEROKEE,39.01436376,-77.04210987,2025,4,18
250016928,Property Damage Crash,04/18/2025 06:30:00 PM,RAMP 2 FR IS 495 WB TO MD 97 NB,NA,Front to Rear,Clear,Dry,Daylight,Yield Sign,NONE DETECTED,No,No Apparent Injury,NA,Not Distracted,MD,Passenger Car,Stopped in Traffic,25,No,2016,LEXUS,GS,39.01436376,-77.04210987,2025,4,18
250016927,Property Damage Crash,04/18/2025 06:07:00 PM,NA,NA,Single Vehicle,Clear,NA,Daylight,NA,NONE DETECTED,Yes,No Apparent Injury,NA,Unknown,MD,Passenger Car,NA,0,No,2021,NISSAN,ALTIMA,39.0884344,-77.1511483,2025,4,18
250016916,Property Damage Crash,04/18/2025 05:15:00 PM,BONIFANT RD,NA,Single Vehicle,Clear,Dry,Daylight,Pedestrian Crossing Sign,NONE DETECTED,Yes,No Apparent Injury,Failed to Keep in Proper Lane,Not Distracted,MD,Passenger Car,Negotiating a Curve,35,No,2012,HONDA,CIVIC,39.09476317,-77.02972317,2025,4,17
250016910,Property Damage Crash,04/18/2025 04:22:00 PM,COUNTRY SQUIRE WAY,NA,Front to Rear,Clear,Dry,Daylight,No Controls,NONE DETECTED,No,No Apparent Injury,NA,Not Distracted,NE,Passenger Car,Slowing or Stopping,55,No,2016,FORD,ESCAPE,39.22889027,-77.24962568,2025,4,16
250016908,Injury Crash,04/18/2025 04:22:00 PM,KENTLANDS BLVD (NB/L),NA,Other,Clear,Dry,Daylight,Stop Sign,NONE DETECTED,No,No Apparent Injury,NA,Not Distracted,MD,Passenger Car,Slowing or Stopping,15,No,2021,TOYOTA,HIGHLANDER,39.12327066,-77.23646287,2025,4,16
250016910,Property Damage Crash,04/18/2025 04:22:00 PM,COUNTRY SQUIRE WAY,NA,Front to Rear,Clear,Dry,Daylight,No Controls,NONE DETECTED,Yes,No Apparent Injury,Followed Too Closely,Not Distracted,MD,Passenger Car,Slowing or Stopping,55,No,2012,DODGE,CHARGER,39.22889027,-77.24962568,2025,4,16
250016908,Injury Crash,04/18/2025 04:22:00 PM,KENTLANDS BLVD (NB/L),NA,Other,Clear,Dry,Daylight,Stop Sign,NONE DETECTED,No,Possible Minor Injury,NA,Unknown,MD,NA,Moving Constant Speed,15,No,0,NA,NA,39.12327066,-77.23646287,2025,4,16