Local Case Number,ACRS Report Type,Crash Date/Time,Road Name,Related Non-Motorist,Collision Type,Weather,Surface Condition,Light,Traffic Control,Driver Substance Abuse,Driver At Fault,Injury Severity,Circumstance,Driver Distracted By,Drivers License State,Vehicle Body Type,Vehicle Movement,Speed Limit,Driverless Vehicle,Vehicle Year,Vehicle Make,Vehicle Model,Latitude,Longitude,Year,Month,Hour
250016903,Property Damage Crash,04/18/2025 03:33:00 PM,GRACEFIELD RD,NA,Single Vehicle,Clear,Dry,Daylight,No Controls,NONE DETECTED,Yes,No Apparent Injury,NA,Not Distracted,MD,Passenger Car,Moving Constant Speed,50,No,2024,TESLA,MODEL Y,39.04982768,-76.9524982,2025,4,15
250016898,Property Damage Crash,04/18/2025 02:59:00 PM,EDNOR RD,NA,Angle,Clear,Dry,Daylight,Lane Use Control Signal,NONE DETECTED,No,No Apparent Injury,NA,Not Distracted,MD,Passenger Car,Moving Constant Speed,35,No,2018,HYUNDAI,ELANTRA,39.13603224,-76.99484705,2025,4,14
250016898,Property Damage Crash,04/18/2025 02:59:00 PM,EDNOR RD,NA,Angle,Clear,Dry,Daylight,Lane Use Control Signal,NONE DETECTED,Yes,No Apparent Injury,NA,Not Distracted,MD,Sport Utility Vehicle,Turning Left,35,No,2018,HONDA,CR-V,39.13603224,-76.99484705,2025,4,14
250016894,Property Damage Crash,04/18/2025 02:24:00 PM,FATHER HURLEY BLVD,NA,Single Vehicle,Clear,Dry,Daylight,No Controls,NONE DETECTED,Yes,No Apparent Injury,"Operated Motor Vehicle in Inattentive, Careless, Negligent, or Erratic Manner, Operated Motor Vehicle in Reckless or Aggressive Manner",Unknown,NA,Passenger Car,Moving Constant Speed,35,No,2013,HYUNDAI,ELANTRA,39.18906833,-77.2736,2025,4,14
250016882,Property Damage Crash,04/18/2025 12:50:00 PM,NA,NA,Single Vehicle,Clear,NA,Daylight,NA,NONE DETECTED,No,No Apparent Injury,NA,Not Distracted,MD,Sport Utility Vehicle,Backing,0,No,2023,DODGE,DURANGO,39.06248021,-77.16069945,2025,4,12
250016885,Injury Crash,04/18/2025 12:35:00 PM,SEVEN LOCKS RD (SB/L),NA,Front to Rear,Clear,Dry,Daylight,Traffic Control Signal,NONE DETECTED,No,Possible Minor Injury,NA,Not Distracted,MD,Passenger Car,Stopped in Traffic,25,No,2016,TOYOTA,COROLLA,39.06250645,-77.16070435,2025,4,12
250016885,Injury Crash,04/18/2025 12:35:00 PM,SEVEN LOCKS RD (SB/L),NA,Front to Rear,Clear,Dry,Daylight,Traffic Control Signal,NONE DETECTED,No,No Apparent Injury,NA,Not Distracted,MD,Sport Utility Vehicle,Stopped in Traffic,25,No,2015,LEXUS,NX,39.06250645,-77.16070435,2025,4,12
250016885,Injury Crash,04/18/2025 12:35:00 PM,SEVEN LOCKS RD (SB/L),NA,Front to Rear,Clear,Dry,Daylight,Traffic Control Signal,NONE DETECTED,Yes,No Apparent Injury,NA,Not Distracted,MD,Passenger Car,Slowing or Stopping,25,No,2018,TESLA,MODEL 3,39.06250645,-77.16070435,2025,4,12
250016881,Property Damage Crash,04/18/2025 12:15:00 PM,MIDDLEBROOK RD (WB/L),NA,"Sideswipe, Same Direction",Clear,Dry,Daylight,No Controls,NONE DETECTED,No,No Apparent Injury,NA,Not Distracted,MD,Pickup,Moving Constant Speed,35,No,2005,CHEVROLET,SILVERADO,39.17978,-77.26802667,2025,4,12
250016881,Property Damage Crash,04/18/2025 12:15:00 PM,MIDDLEBROOK RD (WB/L),NA,"Sideswipe, Same Direction",Clear,Dry,Daylight,No Controls,NONE DETECTED,Yes,No Apparent Injury,Failed to Keep in Proper Lane,Not Distracted,MD,Passenger Car,Changing Lanes,35,No,2016,HYUNDAI,ELANTRA,39.17978,-77.26802667,2025,4,12
250016879,Injury Crash,04/18/2025 12:14:00 PM,GERMANTOWN RD,NA,Front to Rear,Clear,Dry,Daylight,Pedestrian Crossing Sign,NONE DETECTED,Yes,No Apparent Injury,Followed Too Closely,Unknown,MD,Pickup,Slowing or Stopping,40,No,2018,RAM,1500,39.12443,-77.29523033,2025,4,12
250016879,Injury Crash,04/18/2025 12:14:00 PM,GERMANTOWN RD,NA,Front to Rear,Clear,Dry,Daylight,Pedestrian Crossing Sign,NONE DETECTED,No,Possible Minor Injury,NA,Not Distracted,MD,Motorcycle - 2 Wheeled,Slowing or Stopping,40,No,2004,YAMAHA,XV1700 ROAD STAR,39.12443,-77.29523033,2025,4,12
250016876,Injury Crash,04/18/2025 11:16:00 AM,NA,NA,Angle,Clear,Dry,Daylight,Traffic Control Signal,NONE DETECTED,No,Suspected Serious Injury,NA,Not Distracted,MD,Passenger Car,Turning Left,35,No,2001,NISSAN,ALTIMA,39.13218427,-77.18888241,2025,4,11
250016876,Injury Crash,04/18/2025 11:16:00 AM,NA,NA,Angle,Clear,Dry,Daylight,Traffic Control Signal,NONE DETECTED,Yes,No Apparent Injury,NA,Unknown,VA,Passenger Car,Moving Constant Speed,35,No,2003,CHEVROLET,SILVERADO,39.13218427,-77.18888241,2025,4,11
250016867,Property Damage Crash,04/18/2025 10:29:00 AM,INDEPENDENCE ST,NA,"Sideswipe, Opposite Direction",Cloudy,Dry,Daylight,Stop Sign,NONE DETECTED,No,No Apparent Injury,NA,Not Distracted,MD,Sport Utility Vehicle,Accelerating,25,No,2013,NISSAN,ROGUE,39.0728079,-77.0870483,2025,4,10
250016867,Property Damage Crash,04/18/2025 10:29:00 AM,INDEPENDENCE ST,NA,"Sideswipe, Opposite Direction",Cloudy,Dry,Daylight,Stop Sign,NONE DETECTED,Yes,No Apparent Injury,NA,Unknown,MD,Pickup,Turning Left,25,No,2008,CHEVROLET,SILVERADO,39.0728079,-77.0870483,2025,4,10
250016862,Property Damage Crash,04/18/2025 09:27:00 AM,DOGWOOD DR,NA,Front to Rear,Clear,Dry,Daylight,Stop Sign,NONE DETECTED,No,No Apparent Injury,NA,Not Distracted,MD,Passenger Car,Moving Constant Speed,25,No,2022,HONDA,CIVIC,39.07515957,-76.93798755,2025,4,9
250016862,Property Damage Crash,04/18/2025 09:27:00 AM,DOGWOOD DR,NA,Front to Rear,Clear,Dry,Daylight,Stop Sign,NONE DETECTED,Yes,No Apparent Injury,NA,Not Distracted,FL,Passenger Car,Turning Left,25,No,2018,KIA,OPTIMA,39.07515957,-76.93798755,2025,4,9
250016843,Property Damage Crash,04/18/2025 03:25:00 AM,NEW HAMPSHIRE AVE,NA,Single Vehicle,Clear,Dry,Medium,Other Signal,NONE DETECTED,Yes,No Apparent Injury,NA,Unknown,MD,Sport Utility Vehicle,Slowing or Stopping,35,No,2024,VOLKSWAGEN,TIGUAN,39.02201702,-76.97724191,2025,4,3
250016833,Property Damage Crash,04/17/2025 11:15:00 PM,BRANDERMILL DR,NA,"Sideswipe, Same Direction",Clear,Dry,Medium,No Controls,NONE DETECTED,Yes,No Apparent Injury,Too Fast For Conditions,Not Distracted,MD,Passenger Car,Moving Constant Speed,25,No,2007,ACURA,MDX,39.1882565,-77.23888417,2025,4,23
250016283,Property Damage Crash,04/17/2025 08:46:00 PM,VEIRS MILL RD,NA,Front to Rear,Clear,Dry,Medium,Traffic Control Signal,ALCOHOL PRESENT,No,No Apparent Injury,"Followed Too Closely, Operated Motor Vehicle in Inattentive, Careless, Negligent, or Erratic Manner, Operated Motor Vehicle in Reckless or Aggressive Manner",Unknown,MD,Passenger Car,Accelerating,35,No,2011,MERCEDES-BENZ,SL-CLASS,39.07373814,-77.11240212,2025,4,20
250016283,Property Damage Crash,04/17/2025 08:46:00 PM,VEIRS MILL RD,NA,Front to Rear,Clear,Dry,Medium,Traffic Control Signal,NONE DETECTED,No,No Apparent Injury,Other Improper Action,Unknown,MD,Passenger Car,Slowing or Stopping,35,No,2020,GMC,TERRAIN,39.07373814,-77.11240212,2025,4,20
250016809,Injury Crash,04/17/2025 07:37:00 PM,NA,NA,Angle,Clear,Dry,Medium,Traffic Control Signal,NONE DETECTED,No,Possible Minor Injury,NA,Not Distracted,MD,Passenger Car,Moving Constant Speed,35,No,2019,TOYOTA,RAV4,39.16008363,-77.19207553,2025,4,19
250016809,Injury Crash,04/17/2025 07:37:00 PM,NA,NA,Angle,Clear,Dry,Medium,Traffic Control Signal,NONE DETECTED,Yes,No Apparent Injury,Failed to Yield Right-of-Way,Unknown,MD,Passenger Car,Turning Left,35,No,2020,FORD,TRANSIT CONNECT,39.16008363,-77.19207553,2025,4,19
250016808,Property Damage Crash,04/17/2025 07:21:00 PM,GRANDVIEW AVE,NA,Front to Rear,Clear,Dry,Daylight,No Controls,ALCOHOL PRESENT,Yes,No Apparent Injury,NA,Not Distracted,MD,Passenger Car,Moving Constant Speed,25,No,2016,MITSUBISHI,OUTLANDER SPORT,39.04151183,-77.053123,2025,4,19
250016808,Property Damage Crash,04/17/2025 07:21:00 PM,GRANDVIEW AVE,NA,Front to Rear,Clear,Dry,Daylight,No Controls,NONE DETECTED,No,No Apparent Injury,NA,Not Distracted,MD,Passenger Car,Stopped in Traffic,25,No,2016,ACURA,TLX,39.04151183,-77.053123,2025,4,19
250016797,Injury Crash,04/17/2025 06:37:00 PM,NA,NA,Rear To Side,Clear,Dry,Daylight,Stop Sign,NONE DETECTED,Yes,No Apparent Injury,"Improper Turn, Other Improper Action",Not Distracted,MD,Sport Utility Vehicle,Turning Left,25,No,2007,TOYOTA,SEQUOIA,39.06704167,-77.0748545,2025,4,18
250016797,Injury Crash,04/17/2025 06:37:00 PM,NA,NA,Rear To Side,Clear,Dry,Daylight,No Controls,NONE DETECTED,No,Possible Minor Injury,NA,Not Distracted,MD,Passenger Car,Moving Constant Speed,35,No,2016,TOYOTA,COROLLA,39.06704167,-77.0748545,2025,4,18
250016781,Injury Crash,04/17/2025 05:13:00 PM,NA,Pedestrian,Single Vehicle,Clear,NA,Daylight,NA,NONE DETECTED,Yes,No Apparent Injury,Other Improper Action,Unknown,MD,Passenger Car,Moving Constant Speed,0,No,2020,TOYOTA,CAMRY,39.11994633,-77.16515667,2025,4,17
250016776,Property Damage Crash,04/17/2025 05:01:00 PM,CLOPPER RD,NA,Angle,Clear,Dry,Daylight,No Controls,NONE DETECTED,Yes,No Apparent Injury,"Failed to Yield Right-of-Way, Improper Turn",Not Distracted,NA,Passenger Car,Making U-Turn,35,No,2017,HONDA,ACCORD,39.14304475,-77.22250733,2025,4,17
250016776,Property Damage Crash,04/17/2025 05:01:00 PM,CLOPPER RD,NA,Angle,Clear,Dry,Daylight,No Controls,NONE DETECTED,No,No Apparent Injury,NA,Not Distracted,MD,Passenger Car,Moving Constant Speed,35,No,2017,TOYOTA,CAMRY,39.14304475,-77.22250733,2025,4,17
250016766,Property Damage Crash,04/17/2025 03:53:00 PM,UNIVERSITY BLVD W (WB/L),NA,Front to Rear,Clear,Dry,Daylight,Traffic Control Signal,NONE DETECTED,Yes,No Apparent Injury,NA,Not Distracted,MD,Passenger Car,Moving Constant Speed,25,No,2008,HONDA,ACCORD,39.03324346,-77.02343215,2025,4,15
250016766,Property Damage Crash,04/17/2025 03:53:00 PM,UNIVERSITY BLVD W (WB/L),NA,Front to Rear,Clear,Dry,Daylight,Traffic Control Signal,NONE DETECTED,No,No Apparent Injury,NA,Not Distracted,MD,Passenger Car,Stopped in Traffic,25,No,2015,HYUNDAI,SANTA FE,39.03324346,-77.02343215,2025,4,15
250016766,Property Damage Crash,04/17/2025 03:53:00 PM,UNIVERSITY BLVD W (WB/L),NA,Front to Rear,Clear,Dry,Daylight,Traffic Control Signal,NONE DETECTED,No,No Apparent Injury,NA,Not Distracted,MD,Passenger Car,Stopped in Traffic,25,No,2013,HONDA,CROSSTOUR,39.03324346,-77.02343215,2025,4,15
250016765,Property Damage Crash,04/17/2025 03:48:00 PM,ROLLINS AVE,NA,Front to Front,Clear,Dry,Daylight,No Controls,NONE DETECTED,Yes,No Apparent Injury,NA,Not Distracted,MD,Passenger Car,Turning Left,30,No,2019,FORD,FUSION,39.05878843,-77.12209267,2025,4,15
250016765,Property Damage Crash,04/17/2025 03:48:00 PM,ROLLINS AVE,NA,Front to Front,Clear,Dry,Daylight,No Controls,NONE DETECTED,No,No Apparent Injury,NA,Not Distracted,MD,Passenger Car,Moving Constant Speed,30,No,2008,LEXUS,ES,39.05878843,-77.12209267,2025,4,15
250016742,Property Damage Crash,04/17/2025 02:23:00 PM,NEBEL ST,NA,Front to Rear,Clear,Dry,Daylight,Stop Sign,NONE DETECTED,No,No Apparent Injury,NA,Not Distracted,MD,Passenger Car,Slowing or Stopping,30,No,2018,LEXUS,ES,39.04795717,-77.105354,2025,4,14
250016742,Property Damage Crash,04/17/2025 02:23:00 PM,NEBEL ST,NA,Front to Rear,Clear,Dry,Daylight,Stop Sign,NONE DETECTED,No,No Apparent Injury,NA,Not Distracted,MD,Van - Cargo,Stopped in Traffic,30,No,2018,RAM,PROMASTER 2500,39.04795717,-77.105354,2025,4,14
250016737,Injury Crash,04/17/2025 02:20:00 PM,NA,NA,Angle,Clear,NA,Daylight,NA,NONE DETECTED,Yes,Possible Minor Injury,Failed to Yield Right-of-Way,Unknown,MD,Passenger Car,Moving Constant Speed,0,No,2012,HONDA,ACCORD,39.02366699,-77.14392527,2025,4,14
250016737,Injury Crash,04/17/2025 02:20:00 PM,NA,NA,Angle,Clear,NA,Daylight,NA,NONE DETECTED,No,No Apparent Injury,NA,Not Distracted,MD,Sport Utility Vehicle,Moving Constant Speed,0,No,2022,LEXUS,RX,39.02366699,-77.14392527,2025,4,14
250016733,Injury Crash,04/17/2025 02:18:00 PM,VEIRS MILL RD,Pedestrian,Single Vehicle,Clear,Dry,Daylight,Pedestrian Crossing Sign,NONE DETECTED,Yes,No Apparent Injury,NA,Unknown,MD,Passenger Car,Turning Right,25,No,2021,MITSUBISHI,MIRAGE G4,39.05295634,-77.07696162,2025,4,14
250016734,Injury Crash,04/17/2025 02:04:00 PM,SENECA MEADOWS PKWY (SB/L),NA,Angle,Clear,Dry,Daylight,No Controls,NONE DETECTED,Yes,Possible Minor Injury,Failed to Yield Right-of-Way,Unknown,MD,Passenger Car,Turning Left,30,No,2023,ACURA,TLX,39.18957854,-77.25369407,2025,4,14
250016734,Injury Crash,04/17/2025 02:04:00 PM,SENECA MEADOWS PKWY (SB/L),NA,Angle,Clear,Dry,Daylight,No Controls,NONE DETECTED,No,Possible Minor Injury,NA,Unknown,MD,Passenger Car,Moving Constant Speed,30,No,2008,ACURA,TL,39.18957854,-77.25369407,2025,4,14
250016726,Property Damage Crash,04/17/2025 02:00:00 PM,GREAT SENECA HWY,NA,"Sideswipe, Same Direction",Clear,Dry,Daylight,Traffic Control Signal,NONE DETECTED,No,No Apparent Injury,NA,Not Distracted,MD,Bus - Transit,Accelerating,35,No,2020,GILLIG,LOW FLOOR BUS,39.17500176,-77.26083382,2025,4,14
250016726,Property Damage Crash,04/17/2025 02:00:00 PM,GREAT SENECA HWY,NA,"Sideswipe, Same Direction",Clear,Dry,Daylight,Traffic Control Signal,NONE DETECTED,Yes,No Apparent Injury,"Failed to Keep in Proper Lane, Failed to Yield Right-of-Way",Not Distracted,MD,Van - Passenger (&lt;9 Seats),Changing Lanes,35,No,2018,HONDA,ODYSSEY,39.17500176,-77.26083382,2025,4,14
25000670,Property Damage Crash,04/17/2025 09:30:00 AM,FRANKLIN AVE,NA,Single Vehicle,Clear,Dry,Daylight,Stop Sign,NONE DETECTED,No,No Apparent Injury,NA,Unknown,MD,Single-Unit Truck,Turning Right,25,No,2016,FORD,F-450,39.01127305,-77.00437626,2025,4,9
250016666,Injury Crash,04/17/2025 08:56:00 AM,COLESVILLE RD,Pedestrian,Single Vehicle,Clear,Dry,Daylight,No Controls,NONE DETECTED,No,No Apparent Injury,NA,NA,NA,Passenger Car,Accelerating,5,No,0,NA,NA,38.99329581,-77.03277381,2025,4,8
250016656,Property Damage Crash,04/17/2025 08:30:00 AM,GAITHER RD,NA,"Sideswipe, Same Direction",Clear,Dry,Daylight,No Controls,NONE DETECTED,Yes,No Apparent Injury,NA,Not Distracted,MD,Pickup,Changing Lanes,20,No,2017,FORD,F-150,39.1174971,-77.18432258,2025,4,8
250016656,Property Damage Crash,04/17/2025 08:30:00 AM,GAITHER RD,NA,"Sideswipe, Same Direction",Clear,Dry,Daylight,No Controls,NONE DETECTED,No,No Apparent Injury,NA,Not Distracted,MD,Passenger Car,Changing Lanes,20,No,1996,HONDA,CIVIC,39.1174971,-77.18432258,2025,4,8
250016642,Injury Crash,04/17/2025 05:25:00 AM,BRINK RD,NA,Angle,Clear,Dry,Medium,No Controls,NONE DETECTED,No,No Apparent Injury,NA,Not Distracted,MD,Pickup,Moving Constant Speed,35,No,2025,CHEVROLET,SILVERADO,39.20839222,-77.16930658,2025,4,5
250016642,Injury Crash,04/17/2025 05:25:00 AM,BRINK RD,NA,Angle,Clear,Dry,Medium,Flashing Traffic Control Signal,NONE DETECTED,Yes,Possible Minor Injury,Ran Red Light,Not Distracted,MD,Passenger Car,Moving Constant Speed,30,No,2009,TOYOTA,CAMRY,39.20839222,-77.16930658,2025,4,5
250016626,Property Damage Crash,04/16/2025 11:04:00 PM,WAYRIDGE DR,NA,Single Vehicle,Clear,Dry,Medium,No Controls,NONE DETECTED,Yes,No Apparent Injury,NA,Unknown,NA,Passenger Car,Moving Constant Speed,15,No,2014,TOYOTA,COROLLA,39.1753979,-77.2158857,2025,4,23
250016623,Injury Crash,04/16/2025 10:15:00 PM,BURNING TREE RD,NA,Single Vehicle,Clear,Dry,Dark,No Controls,NONE DETECTED,No,Possible Minor Injury,"Other Improper Action, Over-Correcting/Over-Steering, Ran Off Roadway",Not Distracted,MD,Sport Utility Vehicle,Moving Constant Speed,25,No,2022,BMW,X7,39.0011827,-77.13746004,2025,4,22
250016605,Injury Crash,04/16/2025 07:10:00 PM,NA,NA,Front to Rear,Clear,Dry,Daylight,Traffic Control Signal,NONE DETECTED,No,NA,Followed Too Closely,Unknown,NA,Sport Utility Vehicle,Slowing or Stopping,35,No,0,NA,NA,39.14765824,-77.23274408,2025,4,19
250016605,Injury Crash,04/16/2025 07:10:00 PM,NA,NA,Front to Rear,Clear,Dry,Daylight,Traffic Control Signal,NONE DETECTED,No,Possible Minor Injury,NA,Not Distracted,MD,Passenger Car,Stopped in Traffic,35,No,2008,HONDA,CIVIC,39.14765824,-77.23274408,2025,4,19
250016577,Property Damage Crash,04/16/2025 04:00:00 PM,FREDERICK RD (SB/L),NA,"Sideswipe, Same Direction",Clear,Dry,Daylight,No Controls,NONE DETECTED,No,No Apparent Injury,NA,Not Distracted,MD,Bus - Transit,Moving Constant Speed,40,No,2019,GILLIG,CITY TRANSIT BUS,39.11297481,-77.16296992,2025,4,16
250016577,Property Damage Crash,04/16/2025 04:00:00 PM,FREDERICK RD (SB/L),NA,"Sideswipe, Same Direction",Clear,Dry,Daylight,No Controls,NONE DETECTED,Yes,NA,NA,NA,NA,Passenger Car,Moving Constant Speed,40,No,2016,HONDA,CR-V,39.11297481,-77.16296992,2025,4,16
250016575,Injury Crash,04/16/2025 03:37:00 PM,GOLDSBORO RD (SB/L),NA,Angle,Clear,Dry,Daylight,Traffic Control Signal,NONE DETECTED,No,Possible Minor Injury,NA,Not Distracted,MD,Sport Utility Vehicle,Accelerating,35,No,2020,HONDA,PILOT,38.97709395,-77.10690185,2025,4,15
250016575,Injury Crash,04/16/2025 03:37:00 PM,GOLDSBORO RD (SB/L),NA,Angle,Clear,Dry,Daylight,Traffic Control Signal,NONE DETECTED,Yes,No Apparent Injury,NA,Unknown,MD,Sport Utility Vehicle,Turning Left,35,No,2020,ACURA,MDX,38.97709395,-77.10690185,2025,4,15
250016561,Property Damage Crash,04/16/2025 02:18:00 PM,HUNGERFORD DR,NA,Front to Rear,Clear,Dry,Daylight,Traffic Control Signal,NONE DETECTED,Yes,No Apparent Injury,NA,Unknown,MD,Passenger Car,Slowing or Stopping,35,No,2006,HONDA,CIVIC,39.09644045,-77.15307685,2025,4,14
250016561,Property Damage Crash,04/16/2025 02:18:00 PM,HUNGERFORD DR,NA,Front to Rear,Clear,Dry,Daylight,Traffic Control Signal,NONE DETECTED,No,No Apparent Injury,NA,Not Distracted,MD,Passenger Car,Stopped in Traffic,35,No,2025,MINI,HARDTOP,39.09644045,-77.15307685,2025,4,14
250016547,Property Damage Crash,04/16/2025 12:50:00 PM,NA,NA,"Sideswipe, Same Direction",Clear,NA,Daylight,NA,NONE DETECTED,Yes,No Apparent Injury,Improper Turn,Not Distracted,MD,Pickup,Turning Right,0,No,2018,CHEVROLET,SILVERADO,39.15545612,-77.16559176,2025,4,12
250016562,Fatal Crash,04/16/2025 12:48:00 PM,NA,Pedestrian,Other,Clear,NA,Daylight,NA,NONE DETECTED,Yes,No Apparent Injury,"Improper Backing, Operated Motor Vehicle in Inattentive, Careless, Negligent, or Erratic Manner",Not Distracted,MD,Pickup,Backing,0,No,2020,FORD,F-150,39.096795,-77.1421295,2025,4,12
250016514,Property Damage Crash,04/16/2025 11:04:00 AM,RIVER RD,NA,Front to Rear,Clear,Dry,Daylight,No Controls,NONE DETECTED,No,No Apparent Injury,NA,Not Distracted,DC,Passenger Car,Slowing or Stopping,35,No,2019,TOYOTA,C-HR,38.966085,-77.1056585,2025,4,11
250016514,Property Damage Crash,04/16/2025 11:04:00 AM,RIVER RD,NA,Front to Rear,Clear,Dry,Daylight,No Controls,NONE DETECTED,No,No Apparent Injury,NA,Unknown,DC,Passenger Car,Slowing or Stopping,35,No,2025,AUDI,RS 5,38.966085,-77.1056585,2025,4,11
250016520,Injury Crash,04/16/2025 10:57:00 AM,BRADLEY BLVD,NA,Angle,Clear,Dry,Daylight,Stop Sign,NONE DETECTED,Yes,Possible Minor Injury,Failed to Yield Right-of-Way,Unknown,MD,Passenger Car,Turning Right,30,No,2004,BMW,325CI,39.00373178,-77.13736047,2025,4,10
250016520,Injury Crash,04/16/2025 10:57:00 AM,BRADLEY BLVD,NA,Angle,Clear,Dry,Daylight,No Controls,NONE DETECTED,No,Possible Minor Injury,NA,Unknown,MD,Sport Utility Vehicle,Moving Constant Speed,35,No,2019,LEXUS,NX,39.00373178,-77.13736047,2025,4,10
250016509,Property Damage Crash,04/16/2025 10:13:00 AM,FREDERICK RD (SB/L),NA,Front to Rear,Clear,Dry,Daylight,Traffic Control Signal,NONE DETECTED,Yes,No Apparent Injury,NA,Not Distracted,MD,Pickup,Stopped in Traffic,35,No,2022,FORD,F-450,39.11231097,-77.16160055,2025,4,10
250016509,Property Damage Crash,04/16/2025 10:13:00 AM,FREDERICK RD (SB/L),NA,Front to Rear,Clear,Dry,Daylight,Traffic Control Signal,NONE DETECTED,No,No Apparent Injury,NA,Not Distracted,MD,Passenger Car,Stopped in Traffic,35,No,2016,KIA,SORENTO,39.11231097,-77.16160055,2025,4,10
250016496,Property Damage Crash,04/16/2025 08:01:00 AM,ROCKVILLE PIKE (SB/L),NA,Front to Rear,Clear,Dry,Daylight,Traffic Control Signal,NONE DETECTED,No,No Apparent Injury,NA,Not Distracted,MD,Passenger Car,Slowing or Stopping,35,No,2019,CHEVROLET,BOLT EV,39.0026255,-77.09732659,2025,4,8
250016496,Property Damage Crash,04/16/2025 08:01:00 AM,ROCKVILLE PIKE (SB/L),NA,Front to Rear,Clear,Dry,Daylight,Traffic Control Signal,NONE DETECTED,Yes,No Apparent Injury,NA,Unknown,MD,Passenger Car,Slowing or Stopping,35,No,2020,KIA,RIO,39.0026255,-77.09732659,2025,4,8
250016484,Injury Crash,04/16/2025 02:32:00 AM,VEIRS MILL RD (WB/L),Pedestrian,Front to Rear,Clear,Dry,Medium,No Controls,ALCOHOL PRESENT,Yes,Possible Minor Injury,NA,Not Distracted,MD,Passenger Car,Moving Constant Speed,35,No,2022,CHEVROLET,MALIBU,39.04837841,-77.068985,2025,4,2
250016467,Injury Crash,04/15/2025 09:45:00 PM,GEORGIA AVE,NA,"Sideswipe, Same Direction",Clear,Dry,Medium,No Controls,NONE DETECTED,No,Possible Minor Injury,NA,Not Distracted,MD,Sport Utility Vehicle,Moving Constant Speed,30,No,2023,TOYOTA,HIGHLANDER,38.99931495,-77.03156048,2025,4,21
250016467,Injury Crash,04/15/2025 09:45:00 PM,GEORGIA AVE,NA,"Sideswipe, Same Direction",Clear,Dry,Medium,No Controls,NONE DETECTED,No,No Apparent Injury,NA,Not Distracted,MA,Sport Utility Vehicle,Moving Constant Speed,30,No,2022,TOYOTA,RAV4,38.99931495,-77.03156048,2025,4,21
250016458,Property Damage Crash,04/15/2025 08:16:00 PM,NEW HAMPSHIRE AVE,NA,Rear To Rear,Clear,Dry,Medium,No Controls,NONE DETECTED,No,No Apparent Injury,NA,Not Distracted,MD,Passenger Car,Stopped in Traffic,35,No,2006,NISSAN,SENTRA,39.02422717,-76.97923183,2025,4,20
250016458,Property Damage Crash,04/15/2025 08:16:00 PM,NEW HAMPSHIRE AVE,NA,Rear To Rear,Clear,Dry,Medium,No Controls,NONE DETECTED,No,No Apparent Injury,NA,Not Distracted,MD,Passenger Car,Stopped in Traffic,35,No,2018,TOYOTA,COROLLA,39.02422717,-76.97923183,2025,4,20
250016458,Property Damage Crash,04/15/2025 08:16:00 PM,NEW HAMPSHIRE AVE,NA,Rear To Rear,Clear,Dry,Medium,No Controls,NONE DETECTED,Yes,No Apparent Injury,Followed Too Closely,Unknown,MD,Passenger Car,Moving Constant Speed,35,No,2014,HONDA,CIVIC,39.02422717,-76.97923183,2025,4,20
250016456,Property Damage Crash,04/15/2025 07:09:00 PM,RAMP 1 FR MD 355 NB TO IS 370 WB,NA,Front to Rear,Clear,Dry,Medium,No Controls,NONE DETECTED,No,No Apparent Injury,NA,Not Distracted,MD,Passenger Car,Slowing or Stopping,35,No,2018,CHRYSLER,PACIFICA,39.12379116,-77.17920771,2025,4,19
250016456,Property Damage Crash,04/15/2025 07:09:00 PM,RAMP 1 FR MD 355 NB TO IS 370 WB,NA,Front to Rear,Clear,Dry,Medium,No Controls,NONE DETECTED,No,No Apparent Injury,"Followed Too Closely, Operated Motor Vehicle in Inattentive, Careless, Negligent, or Erratic Manner",Not Distracted,MD,Passenger Car,Moving Constant Speed,35,No,2019,SUBARU,WRX,39.12379116,-77.17920771,2025,4,19
250016456,Property Damage Crash,04/15/2025 07:09:00 PM,RAMP 1 FR MD 355 NB TO IS 370 WB,NA,Front to Rear,Clear,Dry,Medium,No Controls,NONE DETECTED,No,No Apparent Injury,NA,Not Distracted,MD,Passenger Car,Slowing or Stopping,35,No,2019,HONDA,ACCORD,39.12379116,-77.17920771,2025,4,19