Local Case Number,ACRS Report Type,Crash Date/Time,Road Name,Related Non-Motorist,Collision Type,Weather,Surface Condition,Light,Traffic Control,Driver Substance Abuse,Driver At Fault,Injury Severity,Circumstance,Driver Distracted By,Drivers License State,Vehicle Body Type,Vehicle Movement,Speed Limit,Driverless Vehicle,Vehicle Year,Vehicle Make,Vehicle Model,Latitude,Longitude,Year,Month,Hour
250016449,Property Damage Crash,04/15/2025 06:45:00 PM,NORBECK RD (WB/L),NA,Front to Rear,Clear,Dry,Daylight,No Controls,NONE DETECTED,Yes,No Apparent Injury,Followed Too Closely,Not Distracted,MD,Passenger Car,Moving Constant Speed,40,No,2011,TOYOTA,SIENNA,39.12109833,-77.012703,2025,4,18
250016449,Property Damage Crash,04/15/2025 06:45:00 PM,NORBECK RD (WB/L),NA,Front to Rear,Clear,Dry,Daylight,No Controls,NONE DETECTED,No,NA,NA,NA,NA,Passenger Car,Moving Constant Speed,40,No,2004,FORD,F-150,39.12109833,-77.012703,2025,4,18
250016446,Injury Crash,04/15/2025 06:31:00 PM,NA,NA,Front to Rear,Clear,Dry,Daylight,Stop Sign,NONE DETECTED,No,Possible Minor Injury,NA,Not Distracted,MD,Passenger Car,Turning Left,40,No,2018,MERCEDES-BENZ,C-CLASS,39.179495,-77.24015,2025,4,18
250016446,Injury Crash,04/15/2025 06:31:00 PM,NA,NA,Front to Rear,Clear,Dry,Daylight,Stop Sign,NONE DETECTED,Yes,Possible Minor Injury,NA,Not Distracted,MD,Passenger Car,Moving Constant Speed,40,No,2016,SUBARU,IMPREZA,39.179495,-77.24015,2025,4,18
250016417,Injury Crash,04/15/2025 03:57:00 PM,NORBECK RD,NA,Front to Rear,Clear,Dry,Daylight,No Controls,NONE DETECTED,No,Possible Minor Injury,NA,Not Distracted,MD,Passenger Car,Slowing or Stopping,40,No,2017,JEEP,CHEROKEE,39.09452383,-77.11481033,2025,4,15
250016417,Injury Crash,04/15/2025 03:57:00 PM,NORBECK RD,NA,Front to Rear,Clear,Dry,Daylight,No Controls,NONE DETECTED,Yes,No Apparent Injury,Followed Too Closely,Not Distracted,MD,Passenger Car,Moving Constant Speed,40,No,2021,CHEVROLET,TRAX,39.09452383,-77.11481033,2025,4,15
250021497,Property Damage Crash,04/15/2025 03:46:00 PM,NA,NA,Angle,Clear,NA,Daylight,NA,NONE DETECTED,Yes,No Apparent Injury,Improper Turn,Unknown,MD,Passenger Car,Turning Right,0,No,2012,MAZDA,CX-9,39.03851883,-77.0559843,2025,4,15
250016411,Injury Crash,04/15/2025 03:15:00 PM,NEW HAMPSHIRE AVE,NA,Front to Front,Clear,Dry,Daylight,No Controls,NONE DETECTED,No,No Apparent Injury,NA,Not Distracted,MD,Passenger Car,Moving Constant Speed,35,No,2001,FORD,F-250,39.132577,-76.99326817,2025,4,15
250016411,Injury Crash,04/15/2025 03:15:00 PM,NEW HAMPSHIRE AVE,NA,Front to Front,Clear,Dry,Daylight,No Controls,NONE DETECTED,Yes,No Apparent Injury,Failed to Yield Right-of-Way,Not Distracted,MD,Passenger Car,Entering Traffic Lane,30,No,2016,TOYOTA,HIGHLANDER,39.132577,-76.99326817,2025,4,15
250016414,Property Damage Crash,04/15/2025 03:14:00 PM,NA,NA,Other,Clear,NA,Daylight,NA,NONE DETECTED,Yes,No Apparent Injury,NA,Not Distracted,MD,Passenger Car,Accelerating,0,No,2009,MERCEDES-BENZ,C-CLASS,39.01909123,-77.20735131,2025,4,15
250016402,Injury Crash,04/15/2025 03:00:00 PM,CLOPPER RD (WB/L),NA,"Sideswipe, Same Direction",Clear,Dry,Daylight,No Controls,NONE DETECTED,No,Possible Minor Injury,NA,Not Distracted,MD,Passenger Car,Moving Constant Speed,30,No,2015,CHEVROLET,SUBURBAN,39.16009522,-77.27769744,2025,4,15
250016402,Injury Crash,04/15/2025 03:00:00 PM,CLOPPER RD (WB/L),NA,"Sideswipe, Same Direction",Clear,Dry,Daylight,No Controls,NONE DETECTED,No,No Apparent Injury,Failed to Yield Right-of-Way,Unknown,MD,Passenger Car,Changing Lanes,30,No,2020,TOYOTA,AVALON,39.16009522,-77.27769744,2025,4,15
250016400,Injury Crash,04/15/2025 02:27:00 PM,NA,NA,Front to Rear,Clear,Dry,Daylight,No Controls,NONE DETECTED,No,No Apparent Injury,NA,Not Distracted,MD,Other Trucks,Accelerating,25,No,2018,MACK,GU (GRANITE),39.11054425,-76.93370392,2025,4,14
250016400,Injury Crash,04/15/2025 02:27:00 PM,NA,NA,Front to Rear,Clear,Dry,Daylight,No Controls,NONE DETECTED,Yes,No Apparent Injury,NA,Not Distracted,MD,Passenger Car,Changing Lanes,35,No,2002,HONDA,CIVIC,39.11054425,-76.93370392,2025,4,14
250016398,Property Damage Crash,04/15/2025 02:11:00 PM,ROCKVILLE PIKE (SB/L),NA,Single Vehicle,Clear,Dry,Daylight,No Controls,NONE DETECTED,No,No Apparent Injury,"Swerved or Avoided Due to Wind, Slippery Surface, Motor Vehicle, Object, Non-Motorist in Roadway, etc",Not Distracted,MD,Passenger Car,Moving Constant Speed,35,No,2013,HONDA,ACCORD,39.08268966,-77.14665778,2025,4,14
250016397,Property Damage Crash,04/15/2025 01:29:00 PM,NA,NA,Front to Rear,Clear,Dry,Daylight,No Controls,NONE DETECTED,No,NA,NA,NA,NA,Passenger Car,Parked,0,No,1999,FORD,E-250,39.10454967,-77.05469067,2025,4,13
250016397,Property Damage Crash,04/15/2025 01:29:00 PM,NA,NA,Front to Rear,Clear,Dry,Daylight,No Controls,NONE DETECTED,Yes,No Apparent Injury,Other Improper Action,"Other Action (looking away from task, etc.)",MD,Passenger Car,Moving Constant Speed,30,No,2018,FORD,ESCAPE,39.10454967,-77.05469067,2025,4,13
250016383,Injury Crash,04/15/2025 01:05:00 PM,GEORGIA AVE (SB/L),NA,Rear To Side,Clear,Dry,Daylight,Stop Sign,NONE DETECTED,Yes,No Apparent Injury,NA,Unknown,MD,Passenger Car,Entering Traffic Lane,25,No,2025,NISSAN,KICKS,39.05265702,-77.051135,2025,4,13
250016383,Injury Crash,04/15/2025 01:05:00 PM,GEORGIA AVE (SB/L),NA,Rear To Side,Clear,Dry,Daylight,No Controls,NONE DETECTED,No,No Apparent Injury,NA,Unknown,MD,Passenger Car,Moving Constant Speed,35,No,2023,HYUNDAI,KONA ELECTRIC,39.05265702,-77.051135,2025,4,13
25000660,Property Damage Crash,04/15/2025 01:01:00 PM,NEW HAMPSHIRE AVE (SB/L),NA,Front to Rear,Clear,Dry,Daylight,Traffic Control Signal,NONE DETECTED,No,No Apparent Injury,NA,Not Distracted,MD,Pickup,Stopped in Traffic,25,No,2017,FORD,F-250,39.03652546,-76.9901443,2025,4,13
25000660,Property Damage Crash,04/15/2025 01:01:00 PM,NEW HAMPSHIRE AVE (SB/L),NA,Front to Rear,Clear,Dry,Daylight,Traffic Control Signal,NONE DETECTED,No,No Apparent Injury,Too Fast For Conditions,Unknown,MD,Pickup,Slowing or Stopping,25,No,2007,NISSAN,FRONTIER,39.03652546,-76.9901443,2025,4,13
250016381,Property Damage Crash,04/15/2025 01:00:00 PM,NEW HAMPSHIRE AVE (SB/L),NA,Other,Clear,Dry,Daylight,No Controls,NONE DETECTED,No,No Apparent Injury,NA,Not Distracted,MD,Passenger Car,Turning Right,0,No,2023,CHEVROLET,BLAZER,39.07700451,-77.00182553,2025,4,13
250016386,Property Damage Crash,04/15/2025 01:00:00 PM,FREDERICK RD,NA,"Sideswipe, Same Direction",Clear,Dry,Daylight,Traffic Control Signal,NONE DETECTED,No,No Apparent Injury,NA,Not Distracted,MD,Bus - Transit,Accelerating,30,No,2017,GILLIG,LOW FLOOR BUS,39.14637468,-77.2045368,2025,4,13
250016381,Property Damage Crash,04/15/2025 01:00:00 PM,NEW HAMPSHIRE AVE (SB/L),NA,Other,Clear,Dry,Daylight,No Controls,ALCOHOL PRESENT,Yes,No Apparent Injury,NA,Not Distracted,MD,Passenger Car,Moving Constant Speed,40,No,2022,LAND ROVER,DEFENDER,39.07700451,-77.00182553,2025,4,13
250016386,Property Damage Crash,04/15/2025 01:00:00 PM,FREDERICK RD,NA,"Sideswipe, Same Direction",Clear,Dry,Daylight,Traffic Control Signal,NONE DETECTED,No,No Apparent Injury,NA,Not Distracted,MD,Bus - Other Type,Accelerating,30,No,2017,CHEVROLET,EXPRESS,39.14637468,-77.2045368,2025,4,13
250016385,Property Damage Crash,04/15/2025 12:59:00 PM,GRACEFIELD RD,NA,Angle,Clear,Dry,Daylight,No Controls,NONE DETECTED,No,No Apparent Injury,NA,Not Distracted,MD,Bus - Transit,Moving Constant Speed,40,No,2013,NEW FLYER,TRANSIT BUS,39.0498408,-76.95245666,2025,4,12
250016385,Property Damage Crash,04/15/2025 12:59:00 PM,GRACEFIELD RD,NA,Angle,Clear,Dry,Daylight,Stop Sign,NONE DETECTED,Yes,No Apparent Injury,NA,Unknown,MD,Passenger Car,Accelerating,25,No,1992,CADILLAC,BROUGHAM,39.0498408,-76.95245666,2025,4,12
250016378,Property Damage Crash,04/15/2025 12:23:00 PM,GAINSBOROUGH RD,NA,Front to Front,Clear,Dry,Daylight,No Controls,NONE DETECTED,No,No Apparent Injury,NA,Unknown,MD,Passenger Car,Moving Constant Speed,30,No,2017,SUBARU,IMPREZA,39.04591645,-77.16958796,2025,4,12
250016371,Injury Crash,04/15/2025 12:04:00 PM,NORFOLK AVE,NA,Front to Rear,Clear,Dry,Daylight,No Controls,NONE DETECTED,Yes,No Apparent Injury,NA,Unknown,DC,Passenger Car,Backing,20,No,2015,MINI,COUNTRYMAN,38.98920367,-77.0977085,2025,4,12
250016371,Injury Crash,04/15/2025 12:04:00 PM,NORFOLK AVE,NA,Front to Rear,Clear,Dry,Daylight,No Controls,NONE DETECTED,No,Possible Minor Injury,NA,Not Distracted,MD,Passenger Car,Stopped in Traffic,20,No,2018,HONDA,CR-V,38.98920367,-77.0977085,2025,4,12
250016370,Property Damage Crash,04/15/2025 11:41:00 AM,NA,NA,Rear To Rear,Clear,NA,Daylight,NA,NONE DETECTED,No,No Apparent Injury,NA,Unknown,MD,Passenger Car,Backing,0,No,2017,VOLKSWAGEN,JETTA,39.02328607,-77.14837965,2025,4,11
250016370,Property Damage Crash,04/15/2025 11:41:00 AM,NA,NA,Rear To Rear,Clear,NA,Daylight,NA,NONE DETECTED,No,No Apparent Injury,NA,Unknown,MD,Sport Utility Vehicle,Backing,0,No,2013,AUDI,Q5,39.02328607,-77.14837965,2025,4,11
250016345,Injury Crash,04/15/2025 08:30:00 AM,CONNECTICUT AVE (SB/L),NA,"Sideswipe, Same Direction",Cloudy,Dry,Daylight,No Controls,NONE DETECTED,No,Possible Minor Injury,NA,Not Distracted,MD,Passenger Car,Moving Constant Speed,35,No,2013,HONDA,CIVIC,39.03585417,-77.07527967,2025,4,8
250016345,Injury Crash,04/15/2025 08:30:00 AM,CONNECTICUT AVE (SB/L),NA,"Sideswipe, Same Direction",Cloudy,Dry,Daylight,No Controls,NONE DETECTED,No,No Apparent Injury,"Failed to Keep in Proper Lane, Failed to Yield Right-of-Way",Unknown,NA,Other,Changing Lanes,35,No,2018,INTERNATIONAL,MA025,39.03585417,-77.07527967,2025,4,8
250016337,Property Damage Crash,04/15/2025 06:34:00 AM,KELSEY ST,NA,"Sideswipe, Same Direction",Clear,Dry,Daylight,No Controls,NONE DETECTED,No,No Apparent Injury,NA,Not Distracted,FL,Passenger Car,Moving Constant Speed,35,No,2023,DODGE,DURANGO,39.06858826,-77.07552094,2025,4,6
250016337,Property Damage Crash,04/15/2025 06:34:00 AM,KELSEY ST,NA,"Sideswipe, Same Direction",Clear,Dry,Daylight,Yield Sign,NONE DETECTED,No,NA,NA,NA,NA,NA,Entering Traffic Lane,35,No,0,NA,NA,39.06858826,-77.07552094,2025,4,6
250016336,Property Damage Crash,04/15/2025 06:05:00 AM,CLARKSBURG RD,NA,Single Vehicle,Cloudy,Wet,Dark,No Controls,NONE DETECTED,Yes,No Apparent Injury,"Over-Correcting/Over-Steering, Ran Off Roadway",Not Distracted,MD,Van - Passenger (&lt;9 Seats),Moving Constant Speed,35,No,2022,RAM,PROMASTER CITY,39.25629684,-77.2755914,2025,4,6
250016334,Property Damage Crash,04/15/2025 05:40:00 AM,NA,NA,Single Vehicle,Clear,Wet,Dark,No Controls,NONE DETECTED,Yes,No Apparent Injury,NA,Unknown,MD,Sport Utility Vehicle,Moving Constant Speed,35,No,2023,HONDA,PILOT,39.04512552,-76.98117132,2025,4,5
250016331,Property Damage Crash,04/15/2025 02:20:00 AM,GEORGIA AVE,NA,Front to Front,Rain,Wet,Medium,Traffic Control Signal,NONE DETECTED,Yes,No Apparent Injury,NA,Not Distracted,MD,Passenger Car,Turning Left,45,No,2015,KIA,FORTE,39.083875,-77.07764867,2025,4,2
250016331,Property Damage Crash,04/15/2025 02:20:00 AM,GEORGIA AVE,NA,Front to Front,Rain,Wet,Medium,Traffic Control Signal,NONE DETECTED,No,No Apparent Injury,NA,Not Distracted,MD,Passenger Car,Moving Constant Speed,45,No,2003,HONDA,ACCORD,39.083875,-77.07764867,2025,4,2
250016322,Property Damage Crash,04/14/2025 10:12:00 PM,EVANS DR,NA,Front to Rear,Rain,Wet,Medium,No Controls,NONE DETECTED,Yes,No Apparent Injury,"Swerved or Avoided Due to Wind, Slippery Surface, Motor Vehicle, Object, Non-Motorist in Roadway, etc",Not Distracted,MD,Motorcycle - 2 Wheeled,Moving Constant Speed,35,No,2004,HONDA,CBR1000,39.02664717,-77.046805,2025,4,22
250016322,Property Damage Crash,04/14/2025 10:12:00 PM,EVANS DR,NA,Front to Rear,Rain,Wet,Medium,No Controls,NONE DETECTED,No,No Apparent Injury,NA,Not Distracted,MD,Sport Utility Vehicle,Slowing or Stopping,35,No,2013,LEXUS,RX,39.02664717,-77.046805,2025,4,22
250016319,Property Damage Crash,04/14/2025 09:56:00 PM,E GUDE DR,NA,Front to Rear,Rain,Wet,Medium,Traffic Control Signal,NONE DETECTED,No,No Apparent Injury,NA,Unknown,MD,Passenger Car,Accelerating,35,No,2014,HONDA,CR-V,39.09427226,-77.13260026,2025,4,21
250016319,Property Damage Crash,04/14/2025 09:56:00 PM,E GUDE DR,NA,Front to Rear,Rain,Wet,Medium,Traffic Control Signal,NONE DETECTED,No,No Apparent Injury,NA,Not Distracted,MD,Passenger Car,Slowing or Stopping,35,No,2017,JEEP,CHEROKEE,39.09427226,-77.13260026,2025,4,21
250016302,Injury Crash,04/14/2025 08:13:00 PM,GRIFFIN CIR,NA,"Sideswipe, Opposite Direction",Clear,Dry,Medium,No Controls,NONE DETECTED,Yes,Possible Minor Injury,Failed to Yield Right-of-Way,Unknown,MD,Passenger Car,Accelerating,40,No,2014,TOYOTA,SIENNA,39.23131419,-77.26979413,2025,4,20
250016302,Injury Crash,04/14/2025 08:13:00 PM,GRIFFIN CIR,NA,"Sideswipe, Opposite Direction",Clear,Dry,Medium,No Controls,NONE DETECTED,No,No Apparent Injury,NA,Not Distracted,MD,Passenger Car,Moving Constant Speed,40,No,2006,VOLVO,S40,39.23131419,-77.26979413,2025,4,20
250016288,Property Damage Crash,04/14/2025 06:51:00 PM,NA,NA,Rear To Rear,Clear,NA,Daylight,NA,NONE DETECTED,No,No Apparent Injury,NA,Not Distracted,MD,Passenger Car,Backing,0,No,2008,TOYOTA,AVALON,39.1563804,-77.21390446,2025,4,18
250016283,Property Damage Crash,04/14/2025 05:59:00 PM,MONTGOMERY VILLAGE AVE,NA,"Sideswipe, Same Direction",Clear,Dry,Daylight,No Controls,NONE DETECTED,No,NA,NA,NA,NA,Sport Utility Vehicle,Moving Constant Speed,35,No,0,NA,NA,39.16126497,-77.2017412,2025,4,17
250016283,Property Damage Crash,04/14/2025 05:59:00 PM,MONTGOMERY VILLAGE AVE,NA,"Sideswipe, Same Direction",Clear,Dry,Daylight,No Controls,NONE DETECTED,No,No Apparent Injury,NA,Not Distracted,MD,Passenger Car,Moving Constant Speed,35,No,2007,HONDA,ACCORD,39.16126497,-77.2017412,2025,4,17
250016307,Injury Crash,04/14/2025 05:40:00 PM,TURKEY BRANCH PKWY,Cyclist (non-electric),Single Vehicle,Clear,NA,Daylight,No Controls,NONE DETECTED,No,No Apparent Injury,NA,Not Distracted,MD,Passenger Car,Moving Constant Speed,0,No,2015,TOYOTA,COROLLA,39.07575782,-77.08179226,2025,4,17
250016280,Property Damage Crash,04/14/2025 05:29:00 PM,ADCLARE RD,NA,Angle,Clear,Dry,Daylight,No Controls,NONE DETECTED,No,No Apparent Injury,NA,Not Distracted,MD,Sport Utility Vehicle,Moving Constant Speed,25,No,2017,LEXUS,NX,39.08567197,-77.16931575,2025,4,17
250016280,Property Damage Crash,04/14/2025 05:29:00 PM,ADCLARE RD,NA,Angle,Clear,Dry,Daylight,Stop Sign,NONE DETECTED,No,No Apparent Injury,NA,Unknown,MD,Passenger Car,Entering Traffic Lane,25,No,2019,HONDA,INSIGHT,39.08567197,-77.16931575,2025,4,17
250016279,Property Damage Crash,04/14/2025 05:27:00 PM,PARKLAWN TERR,NA,Front to Rear,Clear,Dry,Daylight,No Controls,NONE DETECTED,No,No Apparent Injury,NA,Not Distracted,NA,Pickup,Moving Constant Speed,30,No,2001,FORD,F-150,39.0509035,-77.10552448,2025,4,17
250016279,Property Damage Crash,04/14/2025 05:27:00 PM,PARKLAWN TERR,NA,Front to Rear,Clear,Dry,Daylight,No Controls,NONE DETECTED,No,No Apparent Injury,NA,Not Distracted,MD,Sport Utility Vehicle,Slowing or Stopping,30,No,2018,TOYOTA,HIGHLANDER,39.0509035,-77.10552448,2025,4,17
250016275,Property Damage Crash,04/14/2025 05:25:00 PM,NA,NA,"Sideswipe, Opposite Direction",Clear,NA,Daylight,NA,NONE DETECTED,No,No Apparent Injury,NA,"Other Action (looking away from task, etc.)",MD,Passenger Car,Backing,0,No,2003,HONDA,ACCORD,39.18019788,-77.26894414,2025,4,17
250016260,Property Damage Crash,04/14/2025 03:47:00 PM,ROCKVILLE PIKE,NA,Other,Clear,Dry,Daylight,No Controls,NONE DETECTED,No,No Apparent Injury,NA,Unknown,MD,Passenger Car,Slowing or Stopping,35,No,2024,BMW,X7,39.08104446,-77.1448545,2025,4,15
250016260,Property Damage Crash,04/14/2025 03:47:00 PM,ROCKVILLE PIKE,NA,Other,Clear,Dry,Daylight,No Controls,NONE DETECTED,No,No Apparent Injury,NA,"Other Action (looking away from task, etc.)",MD,Passenger Car,Changing Lanes,35,No,1997,AUDI,A4,39.08104446,-77.1448545,2025,4,15
250016235,Property Damage Crash,04/14/2025 01:54:00 PM,NA,NA,Rear To Rear,Clear,NA,Daylight,NA,NONE DETECTED,No,NA,NA,NA,NA,Passenger Car,Backing,0,No,2006,HONDA,RIDGELINE,39.08040155,-77.07107698,2025,4,13
250016235,Property Damage Crash,04/14/2025 01:54:00 PM,NA,NA,Rear To Rear,Clear,NA,Daylight,NA,NONE DETECTED,No,No Apparent Injury,NA,Not Distracted,MD,Passenger Car,Parked,0,No,2017,HONDA,ACCORD,39.08040155,-77.07107698,2025,4,13
250016407,Injury Crash,04/14/2025 01:50:00 PM,NA,Pedestrian,Single Vehicle,Clear,Dry,Daylight,Traffic Control Signal,NONE DETECTED,No,NA,NA,NA,NA,NA,Turning Right,35,No,0,NA,NA,39.0852506,-77.14823538,2025,4,13
250016222,Injury Crash,04/14/2025 12:14:00 PM,RIDGE RD,NA,"Sideswipe, Same Direction",Clear,Dry,Daylight,No Controls,NONE DETECTED,No,No Apparent Injury,NA,Not Distracted,VA,Single-Unit Truck,Moving Constant Speed,45,No,2023,KENWORTH,T880,39.19776245,-77.26332046,2025,4,12
250016222,Injury Crash,04/14/2025 12:14:00 PM,RIDGE RD,NA,"Sideswipe, Same Direction",Clear,Dry,Daylight,No Controls,NONE DETECTED,Yes,Possible Minor Injury,Improper Passing,Not Distracted,MD,Pickup,Changing Lanes,45,No,2018,NISSAN,FRONTIER,39.19776245,-77.26332046,2025,4,12
250016214,Property Damage Crash,04/14/2025 11:23:00 AM,REDLAND RD (NB/L),NA,"Sideswipe, Same Direction",Clear,Dry,Daylight,Traffic Control Signal,NONE DETECTED,No,No Apparent Injury,NA,Not Distracted,MD,Bus - Transit,Stopped in Traffic,35,No,2016,GILLIG,CITY TRANSIT BUS,39.12101048,-77.1585061,2025,4,11
250016214,Property Damage Crash,04/14/2025 11:23:00 AM,REDLAND RD (NB/L),NA,"Sideswipe, Same Direction",Clear,Dry,Daylight,Traffic Control Signal,NONE DETECTED,No,NA,NA,NA,NA,NA,Moving Constant Speed,40,No,0,NA,NA,39.12101048,-77.1585061,2025,4,11
250016211,Injury Crash,04/14/2025 11:18:00 AM,SHADY GROVE RD,NA,Angle,Cloudy,Dry,Daylight,Traffic Control Signal,NONE DETECTED,Yes,Possible Minor Injury,"Failed to Yield Right-of-Way, Ran Red Light",Not Distracted,VA,Pickup,Moving Constant Speed,40,No,1984,CHEVROLET,S-10 PICKUP,39.11185398,-77.18705726,2025,4,11
250016211,Injury Crash,04/14/2025 11:18:00 AM,SHADY GROVE RD,NA,Angle,Cloudy,Dry,Daylight,Traffic Control Signal,NONE DETECTED,No,No Apparent Injury,NA,Not Distracted,MD,Sport Utility Vehicle,Turning Left,25,No,2024,KIA,EV9,39.11185398,-77.18705726,2025,4,11
250016208,Property Damage Crash,04/14/2025 10:49:00 AM,NA,NA,Rear To Rear,Clear,NA,Daylight,NA,NONE DETECTED,No,NA,NA,NA,NA,Van - Passenger (&lt;9 Seats),Backing,0,No,2012,HONDA,ODYSSEY,38.9912105,-77.07617208,2025,4,10
250016200,Injury Crash,04/14/2025 10:14:00 AM,RANDOLPH RD (WB/L),NA,Angle,Clear,Dry,Daylight,No Controls,NONE DETECTED,No,Possible Minor Injury,NA,Not Distracted,MD,Passenger Car,Moving Constant Speed,35,No,2021,TOYOTA,COROLLA,39.0579115,-77.05309433,2025,4,10
250016200,Injury Crash,04/14/2025 10:14:00 AM,RANDOLPH RD (WB/L),NA,Angle,Clear,Dry,Daylight,No Controls,NONE DETECTED,No,Possible Minor Injury,NA,Not Distracted,MD,Passenger Car,Moving Constant Speed,35,No,2025,BMW,M3,39.0579115,-77.05309433,2025,4,10
250016200,Injury Crash,04/14/2025 10:14:00 AM,RANDOLPH RD (WB/L),NA,Angle,Clear,Dry,Daylight,No Controls,NONE DETECTED,Yes,No Apparent Injury,NA,Not Distracted,MD,Passenger Car,Changing Lanes,35,No,2011,ACURA,MDX,39.0579115,-77.05309433,2025,4,10
250016197,Injury Crash,04/14/2025 10:00:00 AM,NA,NA,Angle,Clear,NA,Daylight,NA,NONE DETECTED,No,Possible Minor Injury,NA,Not Distracted,MD,Sport Utility Vehicle,Moving Constant Speed,0,No,2020,HONDA,CR-V,39.17776779,-77.26266687,2025,4,10
250016197,Injury Crash,04/14/2025 10:00:00 AM,NA,NA,Angle,Clear,NA,Daylight,NA,NONE DETECTED,Yes,No Apparent Injury,Failed to Yield Right-of-Way,Not Distracted,MD,Sport Utility Vehicle,Backing,0,No,2019,HYUNDAI,SANTA FE XL,39.17776779,-77.26266687,2025,4,10
250016190,Property Damage Crash,04/14/2025 08:44:00 AM,CULVER ST,NA,Angle,Cloudy,Dry,Daylight,Stop Sign,NONE DETECTED,Yes,No Apparent Injury,NA,Not Distracted,MD,Sport Utility Vehicle,Turning Right,15,No,2018,VOLKSWAGEN,TIGUAN,39.00924833,-77.080954,2025,4,8
250016190,Property Damage Crash,04/14/2025 08:44:00 AM,CULVER ST,NA,Angle,Cloudy,Dry,Daylight,No Controls,NONE DETECTED,No,No Apparent Injury,NA,Not Distracted,MD,Pickup,Moving Constant Speed,35,No,2023,FORD,F-250,39.00924833,-77.080954,2025,4,8
250016187,Injury Crash,04/14/2025 07:44:00 AM,FIRST ST (WB/L),NA,Front to Rear,Clear,Dry,Daylight,No Controls,NONE DETECTED,No,Possible Minor Injury,NA,Unknown,MD,Passenger Car,Slowing or Stopping,25,No,2008,HONDA,ODYSSEY,39.08124132,-77.1374608,2025,4,7
250016187,Injury Crash,04/14/2025 07:44:00 AM,FIRST ST (WB/L),NA,Front to Rear,Clear,Dry,Daylight,No Controls,NONE DETECTED,No,No Apparent Injury,NA,Unknown,MD,Passenger Car,Slowing or Stopping,25,No,2003,TOYOTA,SEQUOIA,39.08124132,-77.1374608,2025,4,7
250016180,Property Damage Crash,04/14/2025 06:23:00 AM,SHADOW OAK DR,NA,Angle,Clear,Dry,Medium,Stop Sign,NONE DETECTED,Yes,No Apparent Injury,Failed to Yield Right-of-Way,Unknown,MD,Passenger Car,Turning Left,30,No,2006,HONDA,CIVIC,39.185942,-77.20242633,2025,4,6
250016180,Property Damage Crash,04/14/2025 06:23:00 AM,SHADOW OAK DR,NA,Angle,Clear,Dry,Medium,No Controls,NONE DETECTED,No,No Apparent Injury,NA,Not Distracted,MD,Passenger Car,Moving Constant Speed,30,No,2013,LEXUS,RX,39.185942,-77.20242633,2025,4,6
250016167,Injury Crash,04/13/2025 11:52:00 PM,OVERLOOK DR,NA,"Sideswipe, Same Direction",Clear,Dry,Medium,No Controls,NONE DETECTED,No,No Apparent Injury,Failed to Yield Right-of-Way,Unknown,NA,Truck Tractor,Making U-Turn,35,No,0,NA,NA,39.02442124,-76.97959143,2025,4,23
250016167,Injury Crash,04/13/2025 11:52:00 PM,OVERLOOK DR,NA,"Sideswipe, Same Direction",Clear,Dry,Medium,No Controls,NONE DETECTED,No,Possible Minor Injury,NA,Not Distracted,MD,Passenger Car,Slowing or Stopping,35,No,2021,FORD,MUSTANG,39.02442124,-76.97959143,2025,4,23
250016167,Injury Crash,04/13/2025 11:52:00 PM,OVERLOOK DR,NA,"Sideswipe, Same Direction",Clear,Dry,Medium,No Controls,NONE DETECTED,No,No Apparent Injury,NA,Not Distracted,MD,Passenger Car,Slowing or Stopping,35,No,2013,CHEVROLET,CAMARO,39.02442124,-76.97959143,2025,4,23
250016165,Fatal Crash,04/13/2025 10:41:00 PM,COLESVILLE RD (SB/L),NA,Single Vehicle,Clear,Dry,Medium,Traffic Control Signal,NONE DETECTED,No,Fatal Injury,Ran Off Roadway,Unknown,MD,Sport Utility Vehicle,Moving Constant Speed,40,No,2022,KIA,TELLURIDE,39.02527153,-77.01110895,2025,4,22