Local Case Number,ACRS Report Type,Crash Date/Time,Road Name,Related Non-Motorist,Collision Type,Weather,Surface Condition,Light,Traffic Control,Driver Substance Abuse,Driver At Fault,Injury Severity,Circumstance,Driver Distracted By,Drivers License State,Vehicle Body Type,Vehicle Movement,Speed Limit,Driverless Vehicle,Vehicle Year,Vehicle Make,Vehicle Model,Latitude,Longitude,Year,Month,Hour
250016181,Injury Crash,04/13/2025 08:30:00 PM,SILVER SPRING AVE,Pedestrian,Single Vehicle,Clear,Dry,Medium,Traffic Control Signal,NONE DETECTED,No,NA,NA,NA,NA,NA,Turning Right,25,No,0,NA,NA,38.99161383,-77.02641286,2025,4,20
250016152,Property Damage Crash,04/13/2025 08:30:00 PM,MILLWOOD RD,NA,Other,Clear,Dry,Medium,No Controls,NONE DETECTED,Yes,No Apparent Injury,"Failed to Keep in Proper Lane, Too Fast For Conditions",Unknown,MD,Sport Utility Vehicle,Moving Constant Speed,20,No,2018,LEXUS,RX,38.98080073,-77.12049337,2025,4,20
250016144,Property Damage Crash,04/13/2025 07:46:00 PM,W MONTGOMERY AVE (WB/L),NA,Angle,Clear,Dry,Medium,Traffic Control Signal,NONE DETECTED,No,No Apparent Injury,NA,Unknown,MD,Passenger Car,Moving Constant Speed,25,No,2009,BMW,328I,39.08579252,-77.17067376,2025,4,19
250016144,Property Damage Crash,04/13/2025 07:46:00 PM,W MONTGOMERY AVE (WB/L),NA,Angle,Clear,Dry,Medium,Traffic Control Signal,NONE DETECTED,No,No Apparent Injury,NA,Not Distracted,PA,Passenger Car,Moving Constant Speed,25,No,2019,SUBARU,OUTBACK,39.08579252,-77.17067376,2025,4,19
250016141,Property Damage Crash,04/13/2025 06:20:00 PM,UNIVERSITY BLVD,NA,"Sideswipe, Same Direction",Clear,Dry,Daylight,No Controls,NONE DETECTED,No,No Apparent Injury,NA,Not Distracted,VA,Passenger Car,Moving Constant Speed,25,No,2024,VOLKSWAGEN,JETTA,38.98779274,-76.98615448,2025,4,18
250016141,Property Damage Crash,04/13/2025 06:20:00 PM,UNIVERSITY BLVD,NA,"Sideswipe, Same Direction",Clear,Dry,Daylight,No Controls,NONE DETECTED,No,No Apparent Injury,Failed to Yield Right-of-Way,Unknown,NA,Sport Utility Vehicle,Changing Lanes,25,No,2013,CHEVROLET,TRAVERSE,38.98779274,-76.98615448,2025,4,18
250016137,Property Damage Crash,04/13/2025 06:00:00 PM,NA,NA,Single Vehicle,Clear,NA,Daylight,NA,NONE DETECTED,Yes,No Apparent Injury,Ran Off Roadway,Not Distracted,MD,Passenger Car,Accelerating,0,No,2018,TOYOTA,CAMRY,39.16735342,-77.24398767,2025,4,18
250016132,Injury Crash,04/13/2025 05:52:00 PM,FAIRLAND RD,NA,Single Vehicle,Clear,Dry,Daylight,No Controls,NONE DETECTED,Yes,Possible Minor Injury,Other Improper Action,Not Distracted,MD,Sport Utility Vehicle,Moving Constant Speed,35,No,2015,INFINITI,QX60,39.07797808,-76.98685463,2025,4,17
250016136,Property Damage Crash,04/13/2025 05:13:00 PM,PHILADELPHIA AVE,NA,Other,Clear,Dry,Daylight,Traffic Control Signal,NONE DETECTED,No,NA,NA,NA,NA,Passenger Car,Moving Constant Speed,25,No,2005,JAGUAR,X-TYPE,38.98783827,-77.02354434,2025,4,17
250016136,Property Damage Crash,04/13/2025 05:13:00 PM,PHILADELPHIA AVE,NA,Other,Clear,Dry,Daylight,Traffic Control Signal,NONE DETECTED,No,No Apparent Injury,NA,Not Distracted,MD,Passenger Car,Moving Constant Speed,25,No,2011,NISSAN,ALTIMA,38.98783827,-77.02354434,2025,4,17
250016131,Injury Crash,04/13/2025 05:00:00 PM,OLNEY SANDY SPRING RD,NA,Angle,Clear,Dry,Daylight,No Controls,NONE DETECTED,Yes,No Apparent Injury,Failed to Yield Right-of-Way,Not Distracted,MD,Passenger Car,Turning Left,30,No,2018,MITSUBISHI,OUTLANDER,39.14937967,-77.01389083,2025,4,17
250016131,Injury Crash,04/13/2025 05:00:00 PM,OLNEY SANDY SPRING RD,NA,Angle,Clear,Dry,Daylight,No Controls,NONE DETECTED,No,Possible Minor Injury,NA,Not Distracted,MD,Pickup,Moving Constant Speed,30,No,2016,CHEVROLET,SILVERADO,39.14937967,-77.01389083,2025,4,17
250016127,Injury Crash,04/13/2025 04:30:00 PM,NA,NA,Front to Rear,Clear,Dry,Daylight,Traffic Control Signal,NONE DETECTED,Yes,No Apparent Injury,NA,Not Distracted,MD,Passenger Car,Moving Constant Speed,35,No,2019,HONDA,CIVIC,38.99919516,-77.17446745,2025,4,16
250016127,Injury Crash,04/13/2025 04:30:00 PM,NA,NA,Front to Rear,Clear,Dry,Daylight,Traffic Control Signal,NONE DETECTED,No,No Apparent Injury,NA,Not Distracted,MD,Passenger Car,Slowing or Stopping,35,No,2021,CADILLAC,ESCALADE ESV,38.99919516,-77.17446745,2025,4,16
250016119,Property Damage Crash,04/13/2025 03:15:00 PM,NA,NA,Angle,Clear,Dry,Daylight,Traffic Control Signal,NONE DETECTED,Yes,No Apparent Injury,Failed to Yield Right-of-Way,Not Distracted,MD,Passenger Car,Turning Left,30,No,2019,VOLKSWAGEN,JETTA,39.15177217,-77.06482533,2025,4,15
250016119,Property Damage Crash,04/13/2025 03:15:00 PM,NA,NA,Angle,Clear,Dry,Daylight,Traffic Control Signal,NONE DETECTED,No,No Apparent Injury,NA,Not Distracted,MD,Passenger Car,Moving Constant Speed,30,No,2015,MITSUBISHI,OUTLANDER SPORT,39.15177217,-77.06482533,2025,4,15
250016116,Injury Crash,04/13/2025 02:58:00 PM,NA,NA,Rear To Side,Clear,Dry,Daylight,Stop Sign,NONE DETECTED,No,No Apparent Injury,NA,Unknown,DC,Passenger Car,Moving Constant Speed,25,No,2015,TOYOTA,RAV4,38.97616841,-76.99684629,2025,4,14
250016116,Injury Crash,04/13/2025 02:58:00 PM,NA,NA,Rear To Side,Clear,Dry,Daylight,Stop Sign,NONE DETECTED,No,No Apparent Injury,NA,Unknown,MD,Passenger Car,Moving Constant Speed,25,No,2017,TOYOTA,CAMRY,38.97616841,-76.99684629,2025,4,14
250016102,Property Damage Crash,04/13/2025 01:22:00 PM,NA,NA,Front to Rear,Clear,NA,Daylight,NA,NONE DETECTED,No,No Apparent Injury,NA,Not Distracted,MD,Passenger Car,Stopped in Traffic,0,No,2024,MERCEDES-BENZ,C-CLASS,39.07211456,-77.13219477,2025,4,13
250016102,Property Damage Crash,04/13/2025 01:22:00 PM,NA,NA,Front to Rear,Clear,NA,Daylight,NA,NONE DETECTED,Yes,NA,NA,NA,NA,Passenger Car,Backing,0,No,2011,TOYOTA,COROLLA,39.07211456,-77.13219477,2025,4,13
250016090,Injury Crash,04/13/2025 12:37:00 PM,FREDERICK RD (SB/L),NA,Angle,Clear,Dry,Daylight,Traffic Control Signal,NONE DETECTED,No,Possible Minor Injury,Failed to Yield Right-of-Way,Unknown,NA,Sport Utility Vehicle,Turning Left,40,No,2018,HONDA,CR-V,39.17841667,-77.23861,2025,4,12
250016090,Injury Crash,04/13/2025 12:37:00 PM,FREDERICK RD (SB/L),NA,Angle,Clear,Dry,Daylight,Traffic Control Signal,NONE DETECTED,No,Possible Minor Injury,NA,Not Distracted,MD,Sport Utility Vehicle,Moving Constant Speed,40,No,2016,LEXUS,RX,39.17841667,-77.23861,2025,4,12
250016089,Injury Crash,04/13/2025 12:23:00 PM,MUDDY BRANCH RD,NA,Rear To Side,Clear,Dry,Daylight,No Controls,NONE DETECTED,No,Possible Minor Injury,NA,Unknown,MD,Passenger Car,NA,35,No,2021,ACURA,TLX,39.10847472,-77.21804979,2025,4,12
250016089,Injury Crash,04/13/2025 12:23:00 PM,MUDDY BRANCH RD,NA,Rear To Side,Clear,Dry,Daylight,No Controls,NONE DETECTED,Yes,No Apparent Injury,NA,Unknown,MD,Passenger Car,Turning Left,35,No,2024,TOYOTA,PRIUS,39.10847472,-77.21804979,2025,4,12
250016099,Injury Crash,04/13/2025 12:00:00 PM,NA,Pedestrian,Single Vehicle,Clear,NA,Daylight,NA,NONE DETECTED,No,NA,NA,NA,NA,Passenger Car,Backing,0,No,0,NA,NA,39.15740168,-77.21225412,2025,4,12
250016084,Property Damage Crash,04/13/2025 11:38:00 AM,INDUSTRIAL PKWY,NA,Angle,Clear,Dry,Daylight,Stop Sign,NONE DETECTED,Yes,No Apparent Injury,Failed to Yield Right-of-Way,Not Distracted,MD,Passenger Car,Turning Right,25,No,2010,TOYOTA,COROLLA,39.05448133,-76.96967383,2025,4,11
250016084,Property Damage Crash,04/13/2025 11:38:00 AM,INDUSTRIAL PKWY,NA,Angle,Clear,Dry,Daylight,No Controls,NONE DETECTED,No,No Apparent Injury,NA,Not Distracted,MD,Passenger Car,Moving Constant Speed,30,No,2021,TOYOTA,RAV4,39.05448133,-76.96967383,2025,4,11
250016074,Property Damage Crash,04/13/2025 10:23:00 AM,BOU AVE,NA,Angle,Clear,Dry,Daylight,Traffic Control Signal,NONE DETECTED,No,No Apparent Injury,NA,Not Distracted,MD,Passenger Car,Moving Constant Speed,35,No,2010,HONDA,CR-V,39.05623573,-77.1190811,2025,4,10
250016074,Property Damage Crash,04/13/2025 10:23:00 AM,BOU AVE,NA,Angle,Clear,Dry,Daylight,Traffic Control Signal,NONE DETECTED,Yes,No Apparent Injury,NA,Unknown,MD,Passenger Car,Making U-Turn,35,No,2015,TOYOTA,RAV4,39.05623573,-77.1190811,2025,4,10
250016067,Property Damage Crash,04/13/2025 07:35:00 AM,NORWOOD RD,NA,Single Vehicle,Cloudy,Dry,Daylight,Traffic Control Signal,NONE DETECTED,Yes,No Apparent Injury,NA,Not Distracted,MD,Passenger Car,Turning Left,30,No,2006,TOYOTA,SIENNA,39.12542143,-77.02750497,2025,4,7
250016061,Property Damage Crash,04/13/2025 05:29:00 AM,NA,NA,Single Vehicle,Clear,Dry,Medium,Pedestrian Crossing Sign,NONE DETECTED,No,No Apparent Injury,NA,Not Distracted,MD,Sport Utility Vehicle,Moving Constant Speed,40,No,2015,CHEVROLET,SONIC,39.180919,-77.23860367,2025,4,5
250016056,Property Damage Crash,04/13/2025 02:58:00 AM,NEW HAMPSHIRE AVE (SB/L),NA,Front to Rear,Clear,Wet,Medium,Traffic Control Signal,NONE DETECTED,No,No Apparent Injury,NA,Not Distracted,MD,Passenger Car,Slowing or Stopping,35,No,2022,CHEVROLET,MALIBU,38.9754005,-76.99422985,2025,4,2
250016056,Property Damage Crash,04/13/2025 02:58:00 AM,NEW HAMPSHIRE AVE (SB/L),NA,Front to Rear,Clear,Wet,Medium,Traffic Control Signal,NONE DETECTED,Yes,No Apparent Injury,NA,Unknown,NA,Passenger Car,Moving Constant Speed,35,No,2003,TOYOTA,COROLLA,38.9754005,-76.99422985,2025,4,2
250016052,Property Damage Crash,04/13/2025 12:45:00 AM,NEW HAMPSHIRE AVE,NA,"Sideswipe, Same Direction",Clear,Dry,Medium,No Controls,NONE DETECTED,No,No Apparent Injury,Other Improper Action,Unknown,DC,Passenger Car,Changing Lanes,25,No,2010,TOYOTA,PRIUS,38.97569158,-76.9937171,2025,4,0
250016052,Property Damage Crash,04/13/2025 12:45:00 AM,NEW HAMPSHIRE AVE,NA,"Sideswipe, Same Direction",Clear,Dry,Medium,No Controls,NONE DETECTED,No,No Apparent Injury,NA,Not Distracted,MD,Sport Utility Vehicle,Moving Constant Speed,25,No,2018,TOYOTA,SEQUOIA,38.97569158,-76.9937171,2025,4,0
250016046,Injury Crash,04/13/2025 12:24:00 AM,GERMANTOWN RD,NA,Single Vehicle,Rain,Wet,Medium,No Controls,ALCOHOL PRESENT,Yes,Possible Minor Injury,Too Fast For Conditions,Unknown,MD,Passenger Car,Moving Constant Speed,40,No,2025,LEXUS,ES,39.19057391,-77.22484822,2025,4,0
250016044,Property Damage Crash,04/13/2025 12:13:00 AM,MATENY RD,NA,Front to Rear,Rain,Wet,Medium,No Controls,NONE DETECTED,No,NA,NA,NA,NA,Passenger Car,Moving Constant Speed,30,No,0,NA,NA,39.1636441,-77.2712276,2025,4,0
250016043,Property Damage Crash,04/12/2025 11:57:00 PM,MONTROSE RD (WB/L),NA,Front to Rear,Rain,Wet,Medium,No Controls,NONE DETECTED,No,No Apparent Injury,NA,NA,NA,Unknown,Moving Constant Speed,40,No,0,NA,NA,39.05347514,-77.13578147,2025,4,23
250016043,Property Damage Crash,04/12/2025 11:57:00 PM,MONTROSE RD (WB/L),NA,Front to Rear,Rain,Wet,Medium,No Controls,NONE DETECTED,No,No Apparent Injury,NA,Not Distracted,MD,Passenger Car,Turning Right,40,No,2007,TOYOTA,CAMRY,39.05347514,-77.13578147,2025,4,23
250016041,Injury Crash,04/12/2025 11:43:00 PM,GERMANTOWN RD (SB/L),NA,Other,Clear,Wet,Medium,Traffic Control Signal,NONE DETECTED,No,No Apparent Injury,NA,Not Distracted,MD,Sport Utility Vehicle,Moving Constant Speed,35,No,2015,TOYOTA,RAV4,39.178935,-77.26738767,2025,4,23
250016041,Injury Crash,04/12/2025 11:43:00 PM,GERMANTOWN RD (SB/L),NA,Other,Clear,Wet,Medium,Traffic Control Signal,NONE DETECTED,Yes,Possible Minor Injury,NA,Not Distracted,MD,Passenger Car,Moving Constant Speed,40,No,2022,NISSAN,SENTRA,39.178935,-77.26738767,2025,4,23
250016039,Property Damage Crash,04/12/2025 11:28:00 PM,NA,NA,Front to Rear,Clear,Wet,Medium,Traffic Control Signal,NONE DETECTED,No,No Apparent Injury,NA,Not Distracted,MD,Passenger Car,Slowing or Stopping,35,No,2010,TOYOTA,COROLLA,39.08561986,-77.17070644,2025,4,23
250016039,Property Damage Crash,04/12/2025 11:28:00 PM,NA,NA,Front to Rear,Clear,Wet,Medium,No Controls,ALCOHOL PRESENT,Yes,No Apparent Injury,NA,Not Distracted,MD,Passenger Car,Slowing or Stopping,35,No,2018,NISSAN,ALTIMA,39.08561986,-77.17070644,2025,4,23
250016029,Property Damage Crash,04/12/2025 10:13:00 PM,BLUERIDGE AVE,NA,Rear To Side,Rain,Wet,Medium,Traffic Control Signal,NONE DETECTED,Yes,No Apparent Injury,NA,Unknown,MD,Passenger Car,Turning Left,25,No,2008,MAZDA,MAZDA3,39.04309014,-77.05198081,2025,4,22
250016029,Property Damage Crash,04/12/2025 10:13:00 PM,BLUERIDGE AVE,NA,Rear To Side,Rain,Wet,Medium,Traffic Control Signal,NONE DETECTED,No,No Apparent Injury,NA,Unknown,MD,Passenger Car,Moving Constant Speed,25,No,2021,HYUNDAI,ELANTRA,39.04309014,-77.05198081,2025,4,22
250016031,Injury Crash,04/12/2025 10:08:00 PM,GREENCASTLE RD (NB/L),NA,Other,Rain,Wet,Medium,Traffic Control Signal,NONE DETECTED,No,No Apparent Injury,NA,Not Distracted,MD,Passenger Car,Slowing or Stopping,50,No,2014,SUBARU,IMPREZA,39.0956286,-76.93818584,2025,4,22
250016031,Injury Crash,04/12/2025 10:08:00 PM,GREENCASTLE RD (NB/L),NA,Other,Rain,Wet,Medium,Traffic Control Signal,NONE DETECTED,No,No Apparent Injury,NA,Not Distracted,VA,Sport Utility Vehicle,Slowing or Stopping,50,No,2019,HONDA,PASSPORT,39.0956286,-76.93818584,2025,4,22
250016031,Injury Crash,04/12/2025 10:08:00 PM,GREENCASTLE RD (NB/L),NA,Other,Rain,Wet,Medium,Traffic Control Signal,NONE DETECTED,No,No Apparent Injury,NA,Not Distracted,MD,Sport Utility Vehicle,Stopped in Traffic,50,No,2023,HYUNDAI,SANTA FE,39.0956286,-76.93818584,2025,4,22
250016031,Injury Crash,04/12/2025 10:08:00 PM,GREENCASTLE RD (NB/L),NA,Other,Rain,Wet,Medium,Traffic Control Signal,NONE DETECTED,No,No Apparent Injury,"Operated Motor Vehicle in Inattentive, Careless, Negligent, or Erratic Manner",Unknown,NA,Passenger Car,Accelerating,50,No,2006,TOYOTA,CAMRY,39.0956286,-76.93818584,2025,4,22
250016023,Property Damage Crash,04/12/2025 09:40:00 PM,ELKIN ST,NA,Front to Rear,Rain,Wet,Medium,No Controls,NONE DETECTED,No,No Apparent Injury,NA,Not Distracted,MD,Passenger Car,Moving Constant Speed,35,No,2007,HONDA,CIVIC,39.04170532,-77.05032075,2025,4,21
250016023,Property Damage Crash,04/12/2025 09:40:00 PM,ELKIN ST,NA,Front to Rear,Rain,Wet,Medium,No Controls,NONE DETECTED,Yes,No Apparent Injury,Failed to Yield Right-of-Way,"Other Action (looking away from task, etc.)",VA,Passenger Car,Accelerating,15,No,2016,FORD,FUSION,39.04170532,-77.05032075,2025,4,21
250016028,Injury Crash,04/12/2025 09:16:00 PM,MONTGOMERY VILLAGE AVE,NA,Front to Rear,Rain,Wet,Medium,Traffic Control Signal,NONE DETECTED,No,NA,NA,NA,NA,Sport Utility Vehicle,Turning Right,35,No,0,NA,NA,39.17251061,-77.20354605,2025,4,21
250016028,Injury Crash,04/12/2025 09:16:00 PM,MONTGOMERY VILLAGE AVE,NA,Front to Rear,Rain,Wet,Medium,Traffic Control Signal,NONE DETECTED,No,Possible Minor Injury,NA,Not Distracted,MD,Passenger Car,Stopped in Traffic,35,No,2011,NISSAN,ALTIMA,39.17251061,-77.20354605,2025,4,21
250016018,Property Damage Crash,04/12/2025 09:00:00 PM,GERMANTOWN RD,NA,Other,Rain,Wet,Medium,Traffic Control Signal,NONE DETECTED,Yes,No Apparent Injury,NA,Unknown,MD,Passenger Car,Moving Constant Speed,40,No,2019,HONDA,CR-V,39.18847754,-77.25152999,2025,4,21
250016018,Property Damage Crash,04/12/2025 09:00:00 PM,GERMANTOWN RD,NA,Other,Rain,Wet,Medium,Traffic Control Signal,NONE DETECTED,No,No Apparent Injury,NA,Not Distracted,MD,Passenger Car,Moving Constant Speed,40,No,2016,CHEVROLET,MALIBU,39.18847754,-77.25152999,2025,4,21
250016009,Injury Crash,04/12/2025 07:34:00 PM,MONTGOMERY VILLAGE AVE (SB/L),NA,Angle,Rain,Wet,Medium,Traffic Control Signal,NONE DETECTED,No,Possible Minor Injury,NA,Not Distracted,MD,Passenger Car,Moving Constant Speed,35,No,2003,LEXUS,GS,39.1615505,-77.20220417,2025,4,19
250016009,Injury Crash,04/12/2025 07:34:00 PM,MONTGOMERY VILLAGE AVE (SB/L),NA,Angle,Rain,Wet,Medium,Traffic Control Signal,NONE DETECTED,Yes,No Apparent Injury,"Operated Motor Vehicle in Inattentive, Careless, Negligent, or Erratic Manner, Ran Red Light",Unknown,NA,Pickup,Moving Constant Speed,35,No,2017,NISSAN,FRONTIER,39.1615505,-77.20220417,2025,4,19
250016011,Property Damage Crash,04/12/2025 07:19:00 PM,BEALLSVILLE RD,NA,Single Vehicle,Rain,Wet,Medium,No Controls,NONE DETECTED,Yes,No Apparent Injury,Too Fast For Conditions,Not Distracted,AL,Passenger Car,Moving Constant Speed,35,No,2016,LINCOLN,NAVIGATOR,39.22019333,-77.377795,2025,4,19
250016008,Injury Crash,04/12/2025 07:05:00 PM,RAMP 8 FR MD 650 SB TO US 29 WB,NA,Single Vehicle,Rain,Wet,Medium,Other Warning Sign,ALCOHOL PRESENT,Yes,Possible Minor Injury,NA,Unknown,MD,Passenger Car,NA,40,No,2018,KIA,NIRO,39.04511809,-76.99242854,2025,4,19
250015997,Property Damage Crash,04/12/2025 06:00:00 PM,GERMANTOWN RD,NA,"Sideswipe, Same Direction",Rain,Wet,Daylight,Traffic Control Signal,NONE DETECTED,No,NA,NA,NA,NA,Passenger Car,NA,40,No,2013,CHEVROLET,IMPALA,39.18095332,-77.26244478,2025,4,18
250015997,Property Damage Crash,04/12/2025 06:00:00 PM,GERMANTOWN RD,NA,"Sideswipe, Same Direction",Rain,Wet,Daylight,Traffic Control Signal,NONE DETECTED,No,No Apparent Injury,NA,Not Distracted,MD,Passenger Car,Slowing or Stopping,40,No,2020,CHEVROLET,MALIBU,39.18095332,-77.26244478,2025,4,18
250015996,Injury Crash,04/12/2025 05:38:00 PM,DAUPHINE ST,NA,Angle,Clear,Dry,Daylight,No Controls,NONE DETECTED,No,Possible Minor Injury,NA,Not Distracted,MD,Passenger Car,Moving Constant Speed,25,No,2017,TOYOTA,CAMRY,39.07377468,-77.07651031,2025,4,17
250015996,Injury Crash,04/12/2025 05:38:00 PM,DAUPHINE ST,NA,Angle,Clear,Dry,Daylight,Stop Sign,NONE DETECTED,No,No Apparent Injury,NA,Not Distracted,MD,Passenger Car,Turning Left,25,No,2018,HONDA,ACCORD,39.07377468,-77.07651031,2025,4,17
250015986,Injury Crash,04/12/2025 04:32:00 PM,DARNESTOWN RD,NA,Angle,Cloudy,Dry,Daylight,Traffic Control Signal,NONE DETECTED,No,Possible Minor Injury,Failed to Yield Right-of-Way,Not Distracted,CA,Passenger Car,Making U-Turn,40,No,2009,MERCEDES-BENZ,CLK-CLASS,39.09659455,-77.20348849,2025,4,16
250015986,Injury Crash,04/12/2025 04:32:00 PM,DARNESTOWN RD,NA,Angle,Cloudy,Dry,Daylight,Traffic Control Signal,NONE DETECTED,No,Possible Minor Injury,NA,Not Distracted,MD,Passenger Car,Moving Constant Speed,40,No,2024,MAZDA,MAZDA3,39.09659455,-77.20348849,2025,4,16
250015981,Injury Crash,04/12/2025 03:51:00 PM,HUNGERFORD DR,NA,Front to Rear,Clear,Dry,Daylight,Traffic Control Signal,NONE DETECTED,No,No Apparent Injury,NA,Not Distracted,MD,Passenger Car,Stopped in Traffic,45,No,2013,HYUNDAI,SONATA,39.10640047,-77.15818467,2025,4,15
250015981,Injury Crash,04/12/2025 03:51:00 PM,HUNGERFORD DR,NA,Front to Rear,Clear,Dry,Daylight,Traffic Control Signal,NONE DETECTED,Yes,No Apparent Injury,"Followed Too Closely, Operated Motor Vehicle in Inattentive, Careless, Negligent, or Erratic Manner, Other Improper Action",Unknown,IL,Sport Utility Vehicle,Accelerating,45,No,2010,CHEVROLET,TAHOE,39.10640047,-77.15818467,2025,4,15
250015981,Injury Crash,04/12/2025 03:51:00 PM,HUNGERFORD DR,NA,Front to Rear,Clear,Dry,Daylight,Traffic Control Signal,NONE DETECTED,No,Possible Minor Injury,NA,Not Distracted,MD,Sport Utility Vehicle,Slowing or Stopping,45,No,2021,TOYOTA,VENZA,39.10640047,-77.15818467,2025,4,15
250015980,Property Damage Crash,04/12/2025 03:42:00 PM,BONIFANT RD,NA,Front to Rear,Clear,Dry,Daylight,No Controls,NONE DETECTED,No,No Apparent Injury,NA,Not Distracted,MD,Passenger Car,Moving Constant Speed,35,No,2024,HONDA,CR-V,39.09319024,-77.01837904,2025,4,15
250015980,Property Damage Crash,04/12/2025 03:42:00 PM,BONIFANT RD,NA,Front to Rear,Clear,Dry,Daylight,No Controls,NONE DETECTED,Yes,No Apparent Injury,Other Improper Action,Unknown,VA,Passenger Car,Moving Constant Speed,35,No,2012,HONDA,ACCORD,39.09319024,-77.01837904,2025,4,15
250015977,Injury Crash,04/12/2025 03:05:00 PM,NA,NA,Angle,Cloudy,NA,Daylight,NA,NONE DETECTED,Yes,No Apparent Injury,NA,Not Distracted,MD,Sport Utility Vehicle,Turning Left,0,No,2019,FORD,EDGE,39.19816233,-77.25038583,2025,4,15
250015977,Injury Crash,04/12/2025 03:05:00 PM,NA,NA,Angle,Cloudy,NA,Daylight,NA,NONE DETECTED,No,Possible Minor Injury,NA,Not Distracted,MD,Passenger Car,Moving Constant Speed,0,No,2017,VOLVO,S60,39.19816233,-77.25038583,2025,4,15
250015967,Property Damage Crash,04/12/2025 01:35:00 PM,RANDOLPH RD,NA,Front to Rear,Cloudy,Dry,Daylight,No Controls,NONE DETECTED,No,No Apparent Injury,NA,Not Distracted,MD,Passenger Car,Slowing or Stopping,30,No,2002,TOYOTA,AVALON,39.0590641,-77.06713465,2025,4,13
250015967,Property Damage Crash,04/12/2025 01:35:00 PM,RANDOLPH RD,NA,Front to Rear,Cloudy,Dry,Daylight,No Controls,NONE DETECTED,No,No Apparent Injury,NA,Not Distracted,MD,Sport Utility Vehicle,Slowing or Stopping,30,No,2018,HONDA,CR-V,39.0590641,-77.06713465,2025,4,13
250015962,Property Damage Crash,04/12/2025 01:13:00 PM,GREENWOOD AVE,NA,Rear To Side,Cloudy,Dry,Daylight,No Controls,NONE DETECTED,Yes,No Apparent Injury,NA,Not Distracted,NA,Passenger Car,Backing,5,No,2008,HONDA,FIT,38.99812549,-77.00209566,2025,4,13
250015963,Property Damage Crash,04/12/2025 01:08:00 PM,NA,NA,Angle,Clear,NA,Daylight,NA,NONE DETECTED,Yes,No Apparent Injury,Other Improper Action,Unknown,NA,Passenger Car,Turning Left,0,No,2008,MERCURY,MOUNTAINEER,39.14720081,-77.27337975,2025,4,13
250015953,Property Damage Crash,04/12/2025 12:17:00 PM,UNIVERSITY BLVD E SERV RD,NA,Angle,Clear,Dry,Daylight,No Controls,NONE DETECTED,No,No Apparent Injury,NA,Not Distracted,MD,Passenger Car,Moving Constant Speed,35,No,2000,HONDA,CIVIC,38.99274605,-76.99136753,2025,4,12
250015953,Property Damage Crash,04/12/2025 12:17:00 PM,UNIVERSITY BLVD E SERV RD,NA,Angle,Clear,Dry,Daylight,Stop Sign,NONE DETECTED,No,No Apparent Injury,NA,Not Distracted,MD,Passenger Car,Stopped in Traffic,25,No,2018,RAM,2500,38.99274605,-76.99136753,2025,4,12
250015953,Property Damage Crash,04/12/2025 12:17:00 PM,UNIVERSITY BLVD E SERV RD,NA,Angle,Clear,Dry,Daylight,No Controls,NONE DETECTED,Yes,No Apparent Injury,Failed to Yield Right-of-Way,Unknown,MD,Passenger Car,Accelerating,25,No,2016,LEXUS,RX,38.99274605,-76.99136753,2025,4,12
250015955,Property Damage Crash,04/12/2025 12:14:00 PM,NA,NA,Single Vehicle,Cloudy,NA,Daylight,NA,NONE DETECTED,Yes,No Apparent Injury,Improper Turn,Not Distracted,MD,Passenger Car,Moving Constant Speed,0,No,2009,TOYOTA,HIGHLANDER,39.04378604,-76.98906889,2025,4,12
250015949,Injury Crash,04/12/2025 11:27:00 AM,GEORGIA AVE (SB/L),NA,Other,Cloudy,Wet,Daylight,No Controls,NONE DETECTED,No,No Apparent Injury,NA,Not Distracted,MD,Sport Utility Vehicle,Moving Constant Speed,25,No,2017,TOYOTA,RAV4,39.04126895,-77.05179228,2025,4,11
250015949,Injury Crash,04/12/2025 11:27:00 AM,GEORGIA AVE (SB/L),NA,Other,Cloudy,Wet,Daylight,No Controls,NONE DETECTED,No,No Apparent Injury,NA,Not Distracted,MD,Passenger Car,Moving Constant Speed,25,No,2018,MERCEDES-BENZ,E-CLASS,39.04126895,-77.05179228,2025,4,11