Local Case Number,ACRS Report Type,Crash Date/Time,Road Name,Related Non-Motorist,Collision Type,Weather,Surface Condition,Light,Traffic Control,Driver Substance Abuse,Driver At Fault,Injury Severity,Circumstance,Driver Distracted By,Drivers License State,Vehicle Body Type,Vehicle Movement,Speed Limit,Driverless Vehicle,Vehicle Year,Vehicle Make,Vehicle Model,Latitude,Longitude,Year,Month,Hour
250015949,Injury Crash,04/12/2025 11:27:00 AM,GEORGIA AVE (SB/L),NA,Other,Cloudy,Wet,Daylight,No Controls,NONE DETECTED,No,No Apparent Injury,NA,Not Distracted,MD,Passenger Car,Moving Constant Speed,25,No,2010,TOYOTA,PRIUS,39.04126895,-77.05179228,2025,4,11
250015949,Injury Crash,04/12/2025 11:27:00 AM,GEORGIA AVE (SB/L),NA,Other,Cloudy,Wet,Daylight,Traffic Control Signal,NONE DETECTED,No,No Apparent Injury,NA,Not Distracted,MD,Passenger Car,Stopped in Traffic,25,No,2021,TOYOTA,CAMRY,39.04126895,-77.05179228,2025,4,11
250015949,Injury Crash,04/12/2025 11:27:00 AM,GEORGIA AVE (SB/L),NA,Other,Cloudy,Wet,Daylight,No Controls,NONE DETECTED,Yes,Possible Minor Injury,"Failed to Keep in Proper Lane, Ran Off Roadway, Swerved or Avoided Due to Wind, Slippery Surface, Motor Vehicle, Object, Non-Motorist in Roadway, etc, Wrong Way",Not Distracted,MD,Sport Utility Vehicle,Moving Constant Speed,25,No,2004,TOYOTA,LAND CRUISER,39.04126895,-77.05179228,2025,4,11
250015949,Injury Crash,04/12/2025 11:27:00 AM,GEORGIA AVE (SB/L),NA,Other,Cloudy,Wet,Daylight,No Controls,NONE DETECTED,No,Possible Minor Injury,NA,Not Distracted,VA,Passenger Car,Moving Constant Speed,25,No,2022,TOYOTA,CAMRY,39.04126895,-77.05179228,2025,4,11
250015942,Property Damage Crash,04/12/2025 10:44:00 AM,NEW HAMPSHIRE AVE,NA,Front to Rear,Clear,Dry,Daylight,No Controls,NONE DETECTED,Yes,No Apparent Injury,"Followed Too Closely, Other Improper Action",Not Distracted,MD,Sport Utility Vehicle,Moving Constant Speed,35,No,2009,MERCEDES-BENZ,M-CLASS,39.04288233,-76.99170043,2025,4,10
250015942,Property Damage Crash,04/12/2025 10:44:00 AM,NEW HAMPSHIRE AVE,NA,Front to Rear,Clear,Dry,Daylight,No Controls,NONE DETECTED,No,No Apparent Injury,NA,Not Distracted,MD,Passenger Car,Slowing or Stopping,35,No,2020,TOYOTA,COROLLA,39.04288233,-76.99170043,2025,4,10
250015935,Property Damage Crash,04/12/2025 08:54:00 AM,GEORGIA AVE,NA,"Sideswipe, Same Direction",Cloudy,Dry,Daylight,Traffic Control Signal,NONE DETECTED,No,NA,NA,NA,NA,Passenger Car,Changing Lanes,30,No,2013,TOYOTA,COROLLA,39.0155181,-77.04256361,2025,4,8
250015935,Property Damage Crash,04/12/2025 08:54:00 AM,GEORGIA AVE,NA,"Sideswipe, Same Direction",Cloudy,Dry,Daylight,Traffic Control Signal,NONE DETECTED,No,No Apparent Injury,NA,Not Distracted,MD,Passenger Car,Moving Constant Speed,30,No,2023,TOYOTA,CAMRY,39.0155181,-77.04256361,2025,4,8
250015933,Property Damage Crash,04/12/2025 08:45:00 AM,SPUR,NA,Front to Rear,Cloudy,Wet,Daylight,Traffic Control Signal,NONE DETECTED,Yes,No Apparent Injury,"Followed Too Closely, Too Fast For Conditions",Unknown,OH,Sport Utility Vehicle,Slowing or Stopping,30,No,2013,HYUNDAI,SANTA FE,39.10919152,-77.21345494,2025,4,8
250015933,Property Damage Crash,04/12/2025 08:45:00 AM,SPUR,NA,Front to Rear,Cloudy,Wet,Daylight,Traffic Control Signal,NONE DETECTED,No,No Apparent Injury,NA,Not Distracted,MD,Passenger Car,Slowing or Stopping,30,No,2024,TESLA,MODEL Y,39.10919152,-77.21345494,2025,4,8
250015923,Injury Crash,04/12/2025 05:11:00 AM,LYNNMOOR DR,NA,Other,Rain,Wet,Medium,No Controls,NONE DETECTED,Yes,Possible Minor Injury,Too Fast For Conditions,Unknown,MD,Sport Utility Vehicle,Negotiating a Curve,25,No,2017,GMC,ACADIA,39.02792928,-77.00574489,2025,4,5
250015922,Property Damage Crash,04/12/2025 04:45:00 AM,WOODFIELD RD,NA,Front to Rear,Rain,Wet,Dark,Traffic Control Signal,NONE DETECTED,Yes,No Apparent Injury,NA,Not Distracted,MD,Passenger Car,Turning Right,35,No,2022,MERCEDES-BENZ,GLC-CLASS,39.15618333,-77.16540517,2025,4,4
250015922,Property Damage Crash,04/12/2025 04:45:00 AM,WOODFIELD RD,NA,Front to Rear,Rain,Wet,Dark,Traffic Control Signal,NONE DETECTED,No,No Apparent Injury,NA,Not Distracted,MD,Passenger Car,Moving Constant Speed,35,No,2006,TOYOTA,COROLLA,39.15618333,-77.16540517,2025,4,4
250015921,Injury Crash,04/12/2025 03:55:00 AM,GEORGIA AVE,NA,Single Vehicle,Rain,Wet,Medium,No Controls,NONE DETECTED,No,Suspected Serious Injury,Failed to Keep in Proper Lane,Unknown,MD,Pickup,Moving Constant Speed,35,No,2015,FORD,F-150,39.06374113,-77.0554662,2025,4,3
250015916,Property Damage Crash,04/12/2025 02:02:00 AM,GRANT AVE,NA,Rear To Rear,Rain,Wet,Medium,Stop Sign,ALCOHOL PRESENT,Yes,No Apparent Injury,"Operated Motor Vehicle in Inattentive, Careless, Negligent, or Erratic Manner",Not Distracted,MD,Passenger Car,NA,25,No,1997,TOYOTA,CAMRY,38.98144234,-77.00939317,2025,4,2
250015916,Property Damage Crash,04/12/2025 02:02:00 AM,GRANT AVE,NA,Rear To Rear,Rain,Wet,Medium,Stop Sign,NONE DETECTED,No,No Apparent Injury,NA,NA,NA,Passenger Car,Parked,25,Unknown,2014,NISSAN,ALTIMA,38.98144234,-77.00939317,2025,4,2
250015911,Property Damage Crash,04/12/2025 01:34:00 AM,FALLOW DR,NA,Front to Rear,Rain,Wet,Medium,No Controls,ALCOHOL PRESENT,Yes,No Apparent Injury,"Operated Motor Vehicle in Inattentive, Careless, Negligent, or Erratic Manner",Unknown,MD,Sport Utility Vehicle,Moving Constant Speed,25,No,2007,JEEP,COMMANDER,39.1440721,-77.16778246,2025,4,1
250015902,Property Damage Crash,04/11/2025 11:07:00 PM,COLUMBIA PIKE (SB/L),NA,Front to Rear,Rain,Wet,Medium,Traffic Control Signal,NONE DETECTED,No,No Apparent Injury,NA,Not Distracted,MD,Passenger Car,Turning Left,50,No,2019,HYUNDAI,SONATA,39.05792248,-76.96845021,2025,4,23
250015902,Property Damage Crash,04/11/2025 11:07:00 PM,COLUMBIA PIKE (SB/L),NA,Front to Rear,Rain,Wet,Medium,Traffic Control Signal,ALCOHOL PRESENT,Yes,No Apparent Injury,NA,Not Distracted,MD,Passenger Car,Turning Left,50,No,2009,MERCURY,GRAND MARQUIS,39.05792248,-76.96845021,2025,4,23
250015890,Injury Crash,04/11/2025 09:30:00 PM,NA,Pedestrian,Single Vehicle,Rain,NA,Medium,NA,NONE DETECTED,Yes,No Apparent Injury,NA,Unknown,MD,Pickup,Moving Constant Speed,0,No,2019,CHEVROLET,SILVERADO,39.03946517,-77.05712517,2025,4,21
250015886,Property Damage Crash,04/11/2025 08:46:00 PM,REEDIE DR,NA,Angle,Rain,Wet,Medium,Stop Sign,NONE DETECTED,Yes,No Apparent Injury,Failed to Yield Right-of-Way,Unknown,MD,Passenger Car,Accelerating,25,No,2020,TOYOTA,RAV4,39.03908265,-77.04868644,2025,4,20
250015886,Property Damage Crash,04/11/2025 08:46:00 PM,REEDIE DR,NA,Angle,Rain,Wet,Medium,Stop Sign,NONE DETECTED,No,No Apparent Injury,NA,Not Distracted,MD,Passenger Car,Accelerating,25,No,2019,HYUNDAI,SONATA,39.03908265,-77.04868644,2025,4,20
250015876,Injury Crash,04/11/2025 07:27:00 PM,PERSIMMON TREE RD,NA,Single Vehicle,Rain,Wet,Medium,No Controls,NONE DETECTED,No,No Apparent Injury,NA,Not Distracted,MD,Passenger Car,Moving Constant Speed,35,No,2017,DODGE,CHALLENGER,38.99031917,-77.18041183,2025,4,19
250015880,Property Damage Crash,04/11/2025 07:06:00 PM,MCAULIFFE DR,NA,Unknown,Rain,Wet,Medium,No Controls,NONE DETECTED,No,NA,NA,NA,NA,Pickup,Parked,5,No,2001,FORD,F-250,39.07532195,-77.11306292,2025,4,19
250015880,Property Damage Crash,04/11/2025 07:06:00 PM,MCAULIFFE DR,NA,Unknown,Rain,Wet,Medium,No Controls,NONE DETECTED,Yes,No Apparent Injury,NA,Unknown,MD,Passenger Car,NA,5,No,2023,HYUNDAI,ELANTRA,39.07532195,-77.11306292,2025,4,19
250015880,Property Damage Crash,04/11/2025 07:06:00 PM,MCAULIFFE DR,NA,Unknown,Rain,Wet,Medium,No Controls,NONE DETECTED,No,NA,NA,NA,NA,Pickup,Parked,5,No,2003,DODGE,RAM,39.07532195,-77.11306292,2025,4,19
250015868,Property Damage Crash,04/11/2025 06:56:00 PM,UNIVERSITY BLVD E,NA,Angle,Rain,Wet,Daylight,Traffic Control Signal,NONE DETECTED,Yes,No Apparent Injury,"Operated Motor Vehicle in Inattentive, Careless, Negligent, or Erratic Manner",Not Distracted,MD,Passenger Car,Accelerating,35,No,2025,CHEVROLET,SUBURBAN,38.99982436,-76.99551686,2025,4,18
250015868,Property Damage Crash,04/11/2025 06:56:00 PM,UNIVERSITY BLVD E,NA,Angle,Rain,Wet,Daylight,Traffic Control Signal,NONE DETECTED,No,No Apparent Injury,NA,Not Distracted,MD,Passenger Car,Stopped in Traffic,35,No,2017,FORD,TAURUS,38.99982436,-76.99551686,2025,4,18
250015866,Property Damage Crash,04/11/2025 06:30:00 PM,CHRISTOPHER AVE,NA,Angle,Rain,Wet,Daylight,No Controls,NONE DETECTED,No,No Apparent Injury,NA,Not Distracted,MD,Passenger Car,Moving Constant Speed,25,No,2023,HONDA,CR-V,39.15648583,-77.21285186,2025,4,18
250015866,Property Damage Crash,04/11/2025 06:30:00 PM,CHRISTOPHER AVE,NA,Angle,Rain,Wet,Daylight,Stop Sign,NONE DETECTED,No,No Apparent Injury,NA,Not Distracted,MD,Passenger Car,Entering Traffic Lane,25,No,2016,TOYOTA,CAMRY,39.15648583,-77.21285186,2025,4,18
250015857,Property Damage Crash,04/11/2025 06:01:00 PM,RIDGE RD (SB/L),NA,Front to Rear,Rain,Wet,Daylight,No Controls,NONE DETECTED,Yes,No Apparent Injury,NA,Not Distracted,MD,Passenger Car,Slowing or Stopping,40,No,2019,DODGE,CHARGER,39.24673167,-77.23411,2025,4,18
250015857,Property Damage Crash,04/11/2025 06:01:00 PM,RIDGE RD (SB/L),NA,Front to Rear,Rain,Wet,Daylight,No Controls,NONE DETECTED,No,No Apparent Injury,NA,Not Distracted,MD,Passenger Car,Slowing or Stopping,40,No,2013,HYUNDAI,VELOSTER,39.24673167,-77.23411,2025,4,18
250015863,Injury Crash,04/11/2025 05:58:00 PM,BARNESVILLE RD,NA,Angle,Rain,Wet,Daylight,Stop Sign,NONE DETECTED,Yes,No Apparent Injury,"Disregarded Other Traffic Sign, Failed to Yield Right-of-Way",Not Distracted,MD,Passenger Car,Moving Constant Speed,40,No,2002,TOYOTA,CAMRY,39.2156032,-77.35640072,2025,4,17
250015863,Injury Crash,04/11/2025 05:58:00 PM,BARNESVILLE RD,NA,Angle,Rain,Wet,Daylight,No Controls,NONE DETECTED,No,No Apparent Injury,NA,Not Distracted,MD,Passenger Car,Moving Constant Speed,40,No,2022,FORD,MUSTANG MACH-E,39.2156032,-77.35640072,2025,4,17
250015862,Property Damage Crash,04/11/2025 05:46:00 PM,MIDCOUNTY HWY (SB/L),NA,"Sideswipe, Same Direction",Rain,Wet,Daylight,No Controls,NONE DETECTED,No,No Apparent Injury,NA,Not Distracted,MD,Passenger Car,Slowing or Stopping,50,No,2020,VOLKSWAGEN,TIGUAN,39.15148533,-77.1755385,2025,4,17
250015862,Property Damage Crash,04/11/2025 05:46:00 PM,MIDCOUNTY HWY (SB/L),NA,"Sideswipe, Same Direction",Rain,Wet,Daylight,No Controls,NONE DETECTED,Yes,No Apparent Injury,NA,Not Distracted,NA,Passenger Car,Entering Traffic Lane,50,No,2021,MITSUBISHI,MIRAGE,39.15148533,-77.1755385,2025,4,17
250015854,Property Damage Crash,04/11/2025 05:40:00 PM,COLUMBIA PIKE,NA,Front to Rear,Rain,Wet,Daylight,No Controls,NONE DETECTED,No,No Apparent Injury,NA,Not Distracted,MD,Passenger Car,Moving Constant Speed,55,No,2012,TOYOTA,PRIUS,39.089088,-76.9431295,2025,4,17
250015856,Property Damage Crash,04/11/2025 05:40:00 PM,MONTROSE PKWY,NA,Single Vehicle,Rain,Wet,Daylight,No Controls,NONE DETECTED,Yes,No Apparent Injury,NA,Not Distracted,MD,Passenger Car,Moving Constant Speed,35,No,2008,TOYOTA,COROLLA,39.05095143,-77.13244204,2025,4,17
250015854,Property Damage Crash,04/11/2025 05:40:00 PM,COLUMBIA PIKE,NA,Front to Rear,Rain,Wet,Daylight,No Controls,NONE DETECTED,Yes,No Apparent Injury,NA,Unknown,MD,Passenger Car,Moving Constant Speed,55,No,2007,HYUNDAI,ACCENT,39.089088,-76.9431295,2025,4,17
250015847,Injury Crash,04/11/2025 04:54:00 PM,CHURCH ST (WB/L),Pedestrian,Single Vehicle,Rain,Wet,Daylight,Pedestrian Crossing,NONE DETECTED,Yes,No Apparent Injury,NA,Unknown,VA,Van - Passenger (&lt;9 Seats),Turning Left,35,No,2019,HONDA,ODYSSEY,39.08341211,-77.14695173,2025,4,16
250015840,Property Damage Crash,04/11/2025 04:31:00 PM,KNOWLES AVE,NA,Rear To Side,Rain,Wet,Daylight,Traffic Control Signal,NONE DETECTED,No,No Apparent Injury,NA,Not Distracted,MD,Passenger Car,Accelerating,30,No,2022,CHEVROLET,MALIBU,39.02782417,-77.079589,2025,4,16
250015840,Property Damage Crash,04/11/2025 04:31:00 PM,KNOWLES AVE,NA,Rear To Side,Rain,Wet,Daylight,Traffic Control Signal,NONE DETECTED,Yes,No Apparent Injury,Failed to Yield Right-of-Way,Not Distracted,MD,Passenger Car,Turning Left,30,No,2017,NISSAN,ROGUE,39.02782417,-77.079589,2025,4,16
250015836,Injury Crash,04/11/2025 03:47:00 PM,WILSON DR,NA,Front to Rear,Clear,Wet,Daylight,Traffic Control Signal,NONE DETECTED,Yes,No Apparent Injury,"Operated Motor Vehicle in Inattentive, Careless, Negligent, or Erratic Manner, Other Improper Action",Unknown,MD,Passenger Car,Moving Constant Speed,35,No,2016,HONDA,FIT,39.00249111,-77.09737592,2025,4,15
250015836,Injury Crash,04/11/2025 03:47:00 PM,WILSON DR,NA,Front to Rear,Clear,Wet,Daylight,Traffic Control Signal,NONE DETECTED,No,No Apparent Injury,NA,Unknown,MD,Passenger Car,Stopped in Traffic,35,No,2012,NISSAN,MAXIMA,39.00249111,-77.09737592,2025,4,15
250015836,Injury Crash,04/11/2025 03:47:00 PM,WILSON DR,NA,Front to Rear,Clear,Wet,Daylight,Traffic Control Signal,NONE DETECTED,No,Possible Minor Injury,NA,Not Distracted,MD,Passenger Car,Moving Constant Speed,35,No,2019,MERCEDES-BENZ,A-CLASS,39.00249111,-77.09737592,2025,4,15
250015831,Property Damage Crash,04/11/2025 03:41:00 PM,GEORGIA AVE (SB/L),NA,Front to Rear,Rain,Wet,Daylight,Traffic Control Signal,NONE DETECTED,No,No Apparent Injury,Too Fast For Conditions,Not Distracted,MD,Passenger Car,Slowing or Stopping,40,No,2017,TOYOTA,CAMRY,39.13161777,-77.070786,2025,4,15
250015831,Property Damage Crash,04/11/2025 03:41:00 PM,GEORGIA AVE (SB/L),NA,Front to Rear,Rain,Wet,Daylight,Traffic Control Signal,NONE DETECTED,No,No Apparent Injury,NA,Not Distracted,MD,Sport Utility Vehicle,Stopped in Traffic,40,No,2023,JEEP,GRAND CHEROKEE L,39.13161777,-77.070786,2025,4,15
250015828,Injury Crash,04/11/2025 03:34:00 PM,FREDERICK RD,NA,Front to Rear,Rain,Wet,Daylight,Stop Sign,NONE DETECTED,Yes,No Apparent Injury,NA,Not Distracted,MD,Passenger Car,Moving Constant Speed,15,No,2018,BMW,X1,39.12684917,-77.18387059,2025,4,15
250015828,Injury Crash,04/11/2025 03:34:00 PM,FREDERICK RD,NA,Front to Rear,Rain,Wet,Daylight,Stop Sign,NONE DETECTED,No,Possible Minor Injury,NA,Not Distracted,MD,Passenger Car,Turning Right,15,No,2011,SUBARU,OUTBACK,39.12684917,-77.18387059,2025,4,15
250015828,Injury Crash,04/11/2025 03:34:00 PM,FREDERICK RD,NA,Front to Rear,Rain,Wet,Daylight,No Controls,NONE DETECTED,No,No Apparent Injury,NA,Not Distracted,MD,Passenger Car,Moving Constant Speed,35,No,2025,KIA,SORENTO,39.12684917,-77.18387059,2025,4,15
250016207,Injury Crash,04/11/2025 03:30:00 PM,FALCONBRIDGE DR,Pedestrian,Single Vehicle,Clear,Wet,Daylight,Traffic Control Signal,NONE DETECTED,No,NA,NA,NA,NA,Unknown,Moving Constant Speed,30,No,0,NA,NA,39.10395897,-77.26446587,2025,4,15
250015827,Property Damage Crash,04/11/2025 03:20:00 PM,NEW HAMPSHIRE AVE (SB/L),NA,Angle,Rain,Wet,Daylight,No Controls,NONE DETECTED,No,No Apparent Injury,NA,Not Distracted,MD,Passenger Car,Moving Constant Speed,35,No,2014,AUDI,S7,39.07708,-77.00181833,2025,4,15
250015827,Property Damage Crash,04/11/2025 03:20:00 PM,NEW HAMPSHIRE AVE (SB/L),NA,Angle,Rain,Wet,Daylight,Yield Sign,NONE DETECTED,Yes,No Apparent Injury,Failed to Yield Right-of-Way,Not Distracted,MD,Passenger Car,Turning Left,35,No,2013,SUBARU,OUTBACK,39.07708,-77.00181833,2025,4,15
250015823,Property Damage Crash,04/11/2025 03:02:00 PM,NA,NA,Angle,Rain,Wet,Daylight,No Controls,NONE DETECTED,No,No Apparent Injury,NA,Not Distracted,MD,Passenger Car,Moving Constant Speed,35,No,2008,HONDA,CIVIC,39.07639965,-77.13832518,2025,4,15
250015823,Property Damage Crash,04/11/2025 03:02:00 PM,NA,NA,Angle,Rain,Wet,Daylight,No Controls,NONE DETECTED,Yes,No Apparent Injury,NA,Not Distracted,MD,Passenger Car,Turning Left,35,No,2023,HONDA,CIVIC,39.07639965,-77.13832518,2025,4,15
250015819,Property Damage Crash,04/11/2025 02:59:00 PM,FERNWOOD RD,NA,Front to Rear,Rain,Wet,Daylight,No Controls,NONE DETECTED,No,No Apparent Injury,NA,Not Distracted,MD,Sport Utility Vehicle,Stopped in Traffic,35,No,2024,AUDI,Q4,39.01069083,-77.133229,2025,4,14
250015819,Property Damage Crash,04/11/2025 02:59:00 PM,FERNWOOD RD,NA,Front to Rear,Rain,Wet,Daylight,No Controls,NONE DETECTED,Yes,No Apparent Injury,NA,Not Distracted,MD,Passenger Car,Moving Constant Speed,35,No,2001,LEXUS,GS,39.01069083,-77.133229,2025,4,14
250015819,Property Damage Crash,04/11/2025 02:59:00 PM,FERNWOOD RD,NA,Front to Rear,Rain,Wet,Daylight,No Controls,NONE DETECTED,No,No Apparent Injury,NA,Not Distracted,MD,Passenger Car,Stopped in Traffic,35,No,2017,MERCEDES-BENZ,E-CLASS,39.01069083,-77.133229,2025,4,14
250015815,Injury Crash,04/11/2025 02:17:00 PM,COLUMBIA PIKE (SB/L),NA,"Sideswipe, Same Direction",Rain,Wet,Daylight,Traffic Control Signal,NONE DETECTED,No,No Apparent Injury,NA,Not Distracted,MD,Passenger Car,Moving Constant Speed,50,No,2007,HONDA,ACCORD,39.07347667,-76.95574249,2025,4,14
250015815,Injury Crash,04/11/2025 02:17:00 PM,COLUMBIA PIKE (SB/L),NA,"Sideswipe, Same Direction",Rain,Wet,Daylight,Traffic Control Signal,NONE DETECTED,Yes,No Apparent Injury,Improper Turn,Not Distracted,MD,Pickup,Moving Constant Speed,50,No,2021,FORD,F-150,39.07347667,-76.95574249,2025,4,14
250015815,Injury Crash,04/11/2025 02:17:00 PM,COLUMBIA PIKE (SB/L),NA,"Sideswipe, Same Direction",Rain,Wet,Daylight,Traffic Control Signal,NONE DETECTED,No,No Apparent Injury,NA,Not Distracted,MD,Passenger Car,Stopped in Traffic,35,No,2023,CHEVROLET,SUBURBAN,39.07347667,-76.95574249,2025,4,14
250015815,Injury Crash,04/11/2025 02:17:00 PM,COLUMBIA PIKE (SB/L),NA,"Sideswipe, Same Direction",Rain,Wet,Daylight,Traffic Control Signal,NONE DETECTED,No,Possible Minor Injury,NA,Not Distracted,MD,Passenger Car,Stopped in Traffic,30,No,2024,CHEVROLET,MALIBU,39.07347667,-76.95574249,2025,4,14
250015855,Property Damage Crash,04/11/2025 01:50:00 PM,NA,NA,"Sideswipe, Same Direction",Rain,NA,Daylight,NA,NONE DETECTED,Yes,No Apparent Injury,Improper Backing,Unknown,MD,Sport Utility Vehicle,Backing,0,No,2018,JEEP,WRANGLER JK,39.04030232,-77.15680141,2025,4,13
250015801,Injury Crash,04/11/2025 01:27:00 PM,WELLER RD,NA,Angle,Rain,Wet,Daylight,No Controls,NONE DETECTED,No,Possible Minor Injury,NA,Not Distracted,MD,Passenger Car,Moving Constant Speed,35,No,2025,HONDA,ACCORD,39.06658117,-77.05958583,2025,4,13
250015801,Injury Crash,04/11/2025 01:27:00 PM,WELLER RD,NA,Angle,Rain,Wet,Daylight,Stop Sign,NONE DETECTED,Yes,No Apparent Injury,NA,Not Distracted,MD,Passenger Car,Entering Traffic Lane,35,No,1997,BMW,528I,39.06658117,-77.05958583,2025,4,13
250015797,Injury Crash,04/11/2025 12:42:00 PM,W MONTGOMERY AVE,NA,Front to Rear,Cloudy,Wet,Daylight,No Controls,NONE DETECTED,No,No Apparent Injury,NA,Not Distracted,MD,Passenger Car,Slowing or Stopping,35,No,2017,LAND ROVER,RANGE ROVER,39.08848628,-77.17712337,2025,4,12
250015797,Injury Crash,04/11/2025 12:42:00 PM,W MONTGOMERY AVE,NA,Front to Rear,Cloudy,Wet,Daylight,No Controls,NONE DETECTED,Yes,Possible Minor Injury,NA,Unknown,MD,Passenger Car,Moving Constant Speed,35,No,2003,VOLVO,V70,39.08848628,-77.17712337,2025,4,12
250016372,Property Damage Crash,04/11/2025 12:00:00 PM,NA,NA,Front to Rear,Rain,NA,Daylight,NA,NONE DETECTED,No,No Apparent Injury,NA,Not Distracted,MD,Passenger Car,Parked,0,No,2020,FORD,MUSTANG,39.05686099,-77.08059293,2025,4,12
250016372,Property Damage Crash,04/11/2025 12:00:00 PM,NA,NA,Front to Rear,Rain,NA,Daylight,NA,NONE DETECTED,No,NA,NA,NA,NA,Passenger Car,Backing,0,No,2008,MAZDA,MAZDA3,39.05686099,-77.08059293,2025,4,12
250015772,Property Damage Crash,04/11/2025 10:17:00 AM,WARRENTON DR,NA,Angle,Rain,Wet,Daylight,No Controls,NONE DETECTED,No,No Apparent Injury,NA,Not Distracted,MD,Passenger Car,Moving Constant Speed,40,No,2021,KIA,SEDONA,39.05684151,-76.99680116,2025,4,10
250015772,Property Damage Crash,04/11/2025 10:17:00 AM,WARRENTON DR,NA,Angle,Rain,Wet,Daylight,Stop Sign,NONE DETECTED,Yes,No Apparent Injury,Failed to Yield Right-of-Way,Not Distracted,MD,Other Trucks,Turning Right,25,No,2014,INTERNATIONAL,SA625,39.05684151,-76.99680116,2025,4,10
250015773,Property Damage Crash,04/11/2025 10:09:00 AM,NA,NA,Single Vehicle,Rain,NA,Daylight,NA,NONE DETECTED,No,No Apparent Injury,NA,Not Distracted,MD,Bus - School,Accelerating,0,No,2022,THOMAS BUILT,HDX,39.04737193,-77.11121466,2025,4,10
250015839,Property Damage Crash,04/11/2025 10:03:00 AM,MT OLNEY LA,NA,Single Vehicle,Rain,Wet,Daylight,No Controls,NONE DETECTED,No,NA,NA,NA,NA,Sport Utility Vehicle,Moving Constant Speed,25,No,0,NA,NA,39.17795689,-77.07859014,2025,4,10
250015763,Injury Crash,04/11/2025 09:42:00 AM,NA,NA,Front to Front,Rain,Wet,Daylight,Stop Sign,NONE DETECTED,Yes,Possible Minor Injury,NA,Unknown,MD,Passenger Car,Moving Constant Speed,25,No,2020,TOYOTA,HIGHLANDER,39.0833892,-77.08695199,2025,4,9
250015763,Injury Crash,04/11/2025 09:42:00 AM,NA,NA,Front to Front,Rain,Wet,Daylight,No Controls,NONE DETECTED,No,No Apparent Injury,NA,Not Distracted,MD,Passenger Car,Moving Constant Speed,25,No,2004,FORD,F-150,39.0833892,-77.08695199,2025,4,9
250015752,Injury Crash,04/11/2025 09:00:00 AM,NA,NA,Single Vehicle,Cloudy,NA,Daylight,NA,NONE DETECTED,Yes,Possible Minor Injury,NA,Not Distracted,MD,Sport Utility Vehicle,Moving Constant Speed,0,No,2021,HONDA,PILOT,39.14303633,-77.40963817,2025,4,9
250015754,Property Damage Crash,04/11/2025 08:48:00 AM,MARYLAND AVE,NA,"Sideswipe, Opposite Direction",Cloudy,Dry,Daylight,No Controls,NONE DETECTED,No,No Apparent Injury,Failed to Keep in Proper Lane,Not Distracted,MD,Passenger Car,Moving Constant Speed,25,No,2007,ACURA,TL,39.145363,-77.201943,2025,4,8
250015754,Property Damage Crash,04/11/2025 08:48:00 AM,MARYLAND AVE,NA,"Sideswipe, Opposite Direction",Cloudy,Dry,Daylight,No Controls,NONE DETECTED,No,No Apparent Injury,Failed to Keep in Proper Lane,Not Distracted,MD,Passenger Car,Moving Constant Speed,25,No,2013,TOYOTA,RAV4,39.145363,-77.201943,2025,4,8
250015753,Injury Crash,04/11/2025 08:47:00 AM,WATKINS RD,NA,"Sideswipe, Same Direction",Cloudy,Wet,Daylight,Stop Sign,NONE DETECTED,Yes,Possible Minor Injury,Failed to Yield Right-of-Way,Not Distracted,MD,Passenger Car,Accelerating,50,No,2024,HONDA,HR-V,39.2387033,-77.1821002,2025,4,8
250015753,Injury Crash,04/11/2025 08:47:00 AM,WATKINS RD,NA,"Sideswipe, Same Direction",Cloudy,Wet,Daylight,No Controls,NONE DETECTED,No,Possible Minor Injury,NA,Not Distracted,MD,Bus - Transit,Moving Constant Speed,50,No,2009,GILLIG,LOW FLOOR BUS,39.2387033,-77.1821002,2025,4,8