Local Case Number,ACRS Report Type,Crash Date/Time,Road Name,Related Non-Motorist,Collision Type,Weather,Surface Condition,Light,Traffic Control,Driver Substance Abuse,Driver At Fault,Injury Severity,Circumstance,Driver Distracted By,Drivers License State,Vehicle Body Type,Vehicle Movement,Speed Limit,Driverless Vehicle,Vehicle Year,Vehicle Make,Vehicle Model,Latitude,Longitude,Year,Month,Hour
250015500,Property Damage Crash,04/09/2025 05:45:00 PM,NA,NA,Front to Rear,Clear,NA,Daylight,NA,NONE DETECTED,No,No Apparent Injury,NA,Unknown,MD,Passenger Car,Backing,0,No,2010,TOYOTA,COROLLA,39.08386529,-77.15333996,2025,4,17
250015481,Property Damage Crash,04/09/2025 04:10:00 PM,NA,NA,"Sideswipe, Same Direction",Clear,Dry,Daylight,No Controls,NONE DETECTED,No,NA,NA,NA,NA,Passenger Car,Entering Traffic Lane,35,No,2023,VOLVO,XC60,38.99733048,-77.00491495,2025,4,16
250015481,Property Damage Crash,04/09/2025 04:10:00 PM,NA,NA,"Sideswipe, Same Direction",Clear,Dry,Daylight,No Controls,NONE DETECTED,No,No Apparent Injury,NA,Not Distracted,MD,Other Trucks,Moving Constant Speed,35,No,1994,PETERBILT,220,38.99733048,-77.00491495,2025,4,16
250015478,Property Damage Crash,04/09/2025 03:51:00 PM,RIVER RD,NA,"Sideswipe, Same Direction",Clear,Dry,Daylight,Traffic Control Signal,NONE DETECTED,No,No Apparent Injury,NA,Not Distracted,MD,Sport Utility Vehicle,Moving Constant Speed,35,No,2021,VOLKSWAGEN,ATLAS,38.99091767,-77.15594567,2025,4,15
250015478,Property Damage Crash,04/09/2025 03:51:00 PM,RIVER RD,NA,"Sideswipe, Same Direction",Clear,Dry,Daylight,Traffic Control Signal,NONE DETECTED,Yes,No Apparent Injury,NA,Unknown,MD,Sport Utility Vehicle,Turning Left,35,No,2020,TOYOTA,RAV4,38.99091767,-77.15594567,2025,4,15
250015477,Property Damage Crash,04/09/2025 03:33:00 PM,NA,NA,"Sideswipe, Opposite Direction",Clear,NA,Daylight,NA,NONE DETECTED,Yes,No Apparent Injury,NA,Not Distracted,MD,Passenger Car,Parked,0,No,2007,CHEVROLET,SILVERADO,39.01555205,-77.03362562,2025,4,15
250015477,Property Damage Crash,04/09/2025 03:33:00 PM,NA,NA,"Sideswipe, Opposite Direction",Clear,NA,Daylight,NA,NONE DETECTED,No,No Apparent Injury,NA,Not Distracted,MD,Other,Moving Constant Speed,0,No,2016,FREIGHTLINER,FREIGHTLINER,39.01555205,-77.03362562,2025,4,15
250015476,Property Damage Crash,04/09/2025 03:30:00 PM,NEW HAMPSHIRE AVE,NA,"Sideswipe, Same Direction",Clear,Dry,Daylight,No Controls,NONE DETECTED,Yes,No Apparent Injury,NA,Unknown,MD,Bus - School,Moving Constant Speed,35,No,2020,THOMAS BUILT,HDX,39.02295356,-76.97786474,2025,4,15
250015476,Property Damage Crash,04/09/2025 03:30:00 PM,NEW HAMPSHIRE AVE,NA,"Sideswipe, Same Direction",Clear,Dry,Daylight,No Controls,NONE DETECTED,No,No Apparent Injury,NA,Not Distracted,MD,Other Trucks,Slowing or Stopping,35,No,2005,INTERNATIONAL,4300,39.02295356,-76.97786474,2025,4,15
250015471,Property Damage Crash,04/09/2025 03:00:00 PM,NA,NA,Angle,Clear,NA,Daylight,NA,NONE DETECTED,Yes,No Apparent Injury,NA,Not Distracted,MD,Passenger Car,Accelerating,0,No,2014,HONDA,ACCORD,39.0238835,-77.04450433,2025,4,15
250015457,Injury Crash,04/09/2025 02:16:00 PM,RANDOLPH RD,NA,Front to Rear,Clear,Dry,Daylight,Traffic Control Signal,NONE DETECTED,No,NA,NA,NA,NA,NA,Stopped in Traffic,35,No,0,NA,NA,39.07562783,-77.00270483,2025,4,14
250015457,Injury Crash,04/09/2025 02:16:00 PM,RANDOLPH RD,NA,Front to Rear,Clear,Dry,Daylight,Traffic Control Signal,NONE DETECTED,No,No Apparent Injury,NA,Not Distracted,MD,Sport Utility Vehicle,Stopped in Traffic,35,No,2020,HONDA,CR-V,39.07562783,-77.00270483,2025,4,14
250015457,Injury Crash,04/09/2025 02:16:00 PM,RANDOLPH RD,NA,Front to Rear,Clear,Dry,Daylight,Traffic Control Signal,NONE DETECTED,No,No Apparent Injury,NA,Not Distracted,MD,Pickup,Stopped in Traffic,35,No,2005,CHEVROLET,SILVERADO,39.07562783,-77.00270483,2025,4,14
250015457,Injury Crash,04/09/2025 02:16:00 PM,RANDOLPH RD,NA,Front to Rear,Clear,Dry,Daylight,Traffic Control Signal,NONE DETECTED,No,No Apparent Injury,NA,Not Distracted,MD,Sport Utility Vehicle,Stopped in Traffic,35,No,2017,FORD,EXPLORER,39.07562783,-77.00270483,2025,4,14
250015457,Injury Crash,04/09/2025 02:16:00 PM,RANDOLPH RD,NA,Front to Rear,Clear,Dry,Daylight,Traffic Control Signal,NONE DETECTED,No,Possible Minor Injury,NA,Not Distracted,MD,Van - Passenger (&lt;9 Seats),Moving Constant Speed,35,No,2022,CHRYSLER,PACIFICA,39.07562783,-77.00270483,2025,4,14
250015450,Property Damage Crash,04/09/2025 02:00:00 PM,NA,Pedestrian,Angle,Clear,NA,Daylight,NA,NONE DETECTED,No,No Apparent Injury,NA,NA,NA,Passenger Car,Backing,0,No,0,NA,NA,38.9814049,-77.09147628,2025,4,14
250015454,Injury Crash,04/09/2025 01:49:00 PM,MACARTHUR BLVD,Cyclist (non-electric),Single Vehicle,Clear,Dry,Daylight,No Controls,NONE DETECTED,Yes,No Apparent Injury,NA,Not Distracted,DC,Passenger Car,Overtaking/Passing,25,No,2006,INFINITI,G35,38.94555822,-77.12001221,2025,4,13
250015449,Injury Crash,04/09/2025 01:46:00 PM,ARCOLA AVE,NA,Single Vehicle,Clear,Dry,Daylight,Traffic Control Signal,NONE DETECTED,No,Possible Minor Injury,NA,Not Distracted,MD,Passenger Car,Turning Left,30,No,2017,NISSAN,ROGUE,39.03547842,-77.02596314,2025,4,13
250015451,Property Damage Crash,04/09/2025 01:42:00 PM,NA,NA,Rear To Side,Clear,NA,Daylight,NA,NONE DETECTED,Yes,No Apparent Injury,NA,Unknown,MD,Passenger Car,Backing,0,No,2015,TOYOTA,PRIUS,39.10986237,-77.07719778,2025,4,13
250015451,Property Damage Crash,04/09/2025 01:42:00 PM,NA,NA,Rear To Side,Clear,NA,Daylight,NA,NONE DETECTED,No,NA,NA,NA,NA,Passenger Car,Parked,0,No,2022,TOYOTA,TACOMA,39.10986237,-77.07719778,2025,4,13
250015444,Injury Crash,04/09/2025 01:11:00 PM,LANGLEY DR,NA,Angle,Clear,Dry,Daylight,No Controls,NONE DETECTED,No,No Apparent Injury,NA,Not Distracted,MD,Passenger Car,Moving Constant Speed,35,No,2023,CHRYSLER,VOYAGER,39.00151725,-76.99565246,2025,4,13
250015444,Injury Crash,04/09/2025 01:11:00 PM,LANGLEY DR,NA,Angle,Clear,Dry,Daylight,No Controls,NONE DETECTED,No,No Apparent Injury,NA,Not Distracted,MD,Passenger Car,Turning Left,35,No,2008,CADILLAC,ESCALADE,39.00151725,-76.99565246,2025,4,13
250015416,Property Damage Crash,04/09/2025 11:00:00 AM,OLD GEORGETOWN RD (SB/L),NA,"Sideswipe, Same Direction",Clear,Dry,Daylight,No Controls,NONE DETECTED,No,No Apparent Injury,NA,Not Distracted,MD,Passenger Car,Moving Constant Speed,35,No,2016,VOLKSWAGEN,JETTA,39.01394418,-77.11820253,2025,4,11
25000621,Property Damage Crash,04/09/2025 11:00:00 AM,JONES MILL RD,NA,Single Vehicle,Clear,Dry,Daylight,Traffic Control Signal,NONE DETECTED,No,No Apparent Injury,NA,Unknown,MD,Single-Unit Truck,Negotiating a Curve,30,No,2020,FORD,F-450,38.99826686,-77.06607168,2025,4,11
250015416,Property Damage Crash,04/09/2025 11:00:00 AM,OLD GEORGETOWN RD (SB/L),NA,"Sideswipe, Same Direction",Clear,Dry,Daylight,No Controls,NONE DETECTED,Yes,No Apparent Injury,NA,"Other Action (looking away from task, etc.)",VT,Passenger Car,Changing Lanes,35,No,2017,VOLKSWAGEN,TIGUAN,39.01394418,-77.11820253,2025,4,11
250015414,Property Damage Crash,04/09/2025 10:56:00 AM,NA,NA,Single Vehicle,Clear,Dry,Daylight,Traffic Control Signal,NONE DETECTED,Yes,No Apparent Injury,Improper Turn,Not Distracted,MA,Passenger Car,Making U-Turn,35,No,2013,LEXUS,IS,39.17842446,-77.24197998,2025,4,10
250015408,Injury Crash,04/09/2025 10:30:00 AM,S FREDERICK RD (SB/L),NA,Front to Rear,Clear,Dry,Daylight,Traffic Control Signal,NONE DETECTED,No,Possible Minor Injury,NA,Not Distracted,MD,Sport Utility Vehicle,Slowing or Stopping,35,No,2022,JEEP,GRAND CHEROKEE,39.13221976,-77.18900362,2025,4,10
250015408,Injury Crash,04/09/2025 10:30:00 AM,S FREDERICK RD (SB/L),NA,Front to Rear,Clear,Dry,Daylight,Traffic Control Signal,NONE DETECTED,No,Possible Minor Injury,NA,"Other Action (looking away from task, etc.)",MD,Passenger Car,Moving Constant Speed,35,No,2013,HONDA,CIVIC,39.13221976,-77.18900362,2025,4,10
250015397,Injury Crash,04/09/2025 09:50:00 AM,WATKINS MILL RD,NA,Front to Rear,Clear,Dry,Daylight,No Controls,NONE DETECTED,No,No Apparent Injury,"Followed Too Closely, Other Improper Action",Unknown,NA,Sport Utility Vehicle,Moving Constant Speed,30,No,0,NA,NA,39.16957582,-77.20921055,2025,4,9
250015397,Injury Crash,04/09/2025 09:50:00 AM,WATKINS MILL RD,NA,Front to Rear,Clear,Dry,Daylight,No Controls,NONE DETECTED,No,Possible Minor Injury,NA,Unknown,MD,Sport Utility Vehicle,Moving Constant Speed,30,No,2006,CHEVROLET,SUBURBAN,39.16957582,-77.20921055,2025,4,9
250015391,Property Damage Crash,04/09/2025 09:17:00 AM,NA,NA,Rear To Side,Clear,NA,Daylight,NA,NONE DETECTED,Yes,No Apparent Injury,NA,Unknown,MD,Van - Passenger (&lt;9 Seats),Backing,0,No,2021,TOYOTA,SIENNA,39.03037352,-77.02695212,2025,4,9
250015391,Property Damage Crash,04/09/2025 09:17:00 AM,NA,NA,Rear To Side,Clear,NA,Daylight,NA,NONE DETECTED,No,No Apparent Injury,NA,Unknown,MD,Bus - School,Parked,0,No,2021,THOMAS BUILT,HDX,39.03037352,-77.02695212,2025,4,9
250015393,Property Damage Crash,04/09/2025 09:15:00 AM,GEORGIA AVE,NA,Front to Rear,Clear,Dry,Daylight,Traffic Control Signal,NONE DETECTED,No,No Apparent Injury,NA,Not Distracted,MD,Passenger Car,Stopped in Traffic,30,No,2020,HYUNDAI,VENUE,39.01285362,-77.04176683,2025,4,9
250015393,Property Damage Crash,04/09/2025 09:15:00 AM,GEORGIA AVE,NA,Front to Rear,Clear,Dry,Daylight,Traffic Control Signal,NONE DETECTED,Yes,No Apparent Injury,Improper Backing,Not Distracted,MD,Bus - School,Backing,30,No,2022,FREIGHTLINER,B2 BUS CHASSIS,39.01285362,-77.04176683,2025,4,9
250015390,Property Damage Crash,04/09/2025 09:13:00 AM,NEW HAMPSHIRE AVE (SB/L),NA,Angle,Clear,Dry,Daylight,No Controls,NONE DETECTED,No,NA,NA,NA,NA,Passenger Car,Changing Lanes,40,No,2013,HONDA,PILOT,39.04786903,-76.99300585,2025,4,9
250015390,Property Damage Crash,04/09/2025 09:13:00 AM,NEW HAMPSHIRE AVE (SB/L),NA,Angle,Clear,Dry,Daylight,No Controls,NONE DETECTED,No,No Apparent Injury,NA,Not Distracted,MD,Passenger Car,Moving Constant Speed,40,No,2014,NISSAN,PATHFINDER,39.04786903,-76.99300585,2025,4,9
250015388,Property Damage Crash,04/09/2025 08:43:00 AM,GRIDLEY RD,NA,Angle,Clear,Dry,Daylight,Stop Sign,NONE DETECTED,No,No Apparent Injury,NA,Not Distracted,MD,Sport Utility Vehicle,Moving Constant Speed,25,No,2024,KIA,SORENTO,39.0565825,-77.08545283,2025,4,8
250015388,Property Damage Crash,04/09/2025 08:43:00 AM,GRIDLEY RD,NA,Angle,Clear,Dry,Daylight,Stop Sign,NONE DETECTED,Yes,No Apparent Injury,"Failed to Yield Right-of-Way, Ran Stop Sign",Unknown,MD,Sport Utility Vehicle,Moving Constant Speed,25,No,2009,FORD,ESCAPE,39.0565825,-77.08545283,2025,4,8
250015387,Property Damage Crash,04/09/2025 08:27:00 AM,NA,NA,Other,Clear,NA,Daylight,NA,NONE DETECTED,Yes,No Apparent Injury,NA,Not Distracted,MD,Other Trucks,Turning Right,0,No,2020,FREIGHTLINER,108SD,39.04003333,-77.156205,2025,4,8
250015387,Property Damage Crash,04/09/2025 08:27:00 AM,NA,NA,Other,Clear,NA,Daylight,NA,NONE DETECTED,No,No Apparent Injury,NA,Not Distracted,MD,Passenger Car,Parked,0,No,2011,TOYOTA,CAMRY,39.04003333,-77.156205,2025,4,8
250015382,Property Damage Crash,04/09/2025 07:57:00 AM,NA,NA,"Sideswipe, Same Direction",Clear,NA,Daylight,NA,NONE DETECTED,No,No Apparent Injury,NA,Not Distracted,MD,Van - Passenger (15 Seats),Moving Constant Speed,0,No,2003,FORD,E-250,39.06580604,-77.16034492,2025,4,7
250015378,Property Damage Crash,04/09/2025 07:20:00 AM,LINDBERGH DR,NA,Front to Rear,Clear,Dry,Daylight,Traffic Control Signal,NONE DETECTED,Yes,No Apparent Injury,Followed Too Closely,Not Distracted,VA,Passenger Car,Moving Constant Speed,35,No,2020,HONDA,HR-V,39.16726364,-77.15536248,2025,4,7
250015378,Property Damage Crash,04/09/2025 07:20:00 AM,LINDBERGH DR,NA,Front to Rear,Clear,Dry,Daylight,Traffic Control Signal,NONE DETECTED,No,No Apparent Injury,NA,Not Distracted,MD,Passenger Car,Stopped in Traffic,35,No,2015,HONDA,CR-V,39.16726364,-77.15536248,2025,4,7
250015351,Injury Crash,04/08/2025 08:39:00 PM,NA,NA,Front to Rear,Clear,Dry,Medium,No Controls,NONE DETECTED,Yes,No Apparent Injury,Followed Too Closely,Not Distracted,MD,Passenger Car,Moving Constant Speed,40,No,2019,CHEVROLET,COLORADO,39.182235,-77.30744,2025,4,20
250015351,Injury Crash,04/08/2025 08:39:00 PM,NA,NA,Front to Rear,Clear,Dry,Medium,No Controls,NONE DETECTED,No,Possible Minor Injury,NA,Not Distracted,MD,Passenger Car,Slowing or Stopping,40,No,2015,TOYOTA,COROLLA,39.182235,-77.30744,2025,4,20
250015345,Property Damage Crash,04/08/2025 06:48:00 PM,NA,NA,"Sideswipe, Same Direction",Clear,Wet,Daylight,Traffic Control Signal,NONE DETECTED,No,No Apparent Injury,NA,Not Distracted,MD,Sport Utility Vehicle,Stopped in Traffic,30,No,2025,JEEP,GRAND CHEROKEE L,39.01810595,-77.20889648,2025,4,18
250015345,Property Damage Crash,04/08/2025 06:48:00 PM,NA,NA,"Sideswipe, Same Direction",Clear,Wet,Daylight,Traffic Control Signal,NONE DETECTED,Yes,No Apparent Injury,NA,Not Distracted,MD,Other Trucks,Accelerating,30,No,2000,FORD,UNKNOWN,39.01810595,-77.20889648,2025,4,18
250016983,Property Damage Crash,04/08/2025 06:44:00 PM,GLENMONT CIR #1,NA,Rear To Side,Clear,Dry,Daylight,No Controls,NONE DETECTED,Yes,No Apparent Injury,Failed to Yield Right-of-Way,Unknown,MD,Passenger Car,Backing,25,No,1999,TOYOTA,CAMRY,39.05781212,-77.04827636,2025,4,18
250016983,Property Damage Crash,04/08/2025 06:44:00 PM,GLENMONT CIR #1,NA,Rear To Side,Clear,Dry,Daylight,No Controls,NONE DETECTED,No,No Apparent Injury,NA,Not Distracted,MD,Passenger Car,Moving Constant Speed,25,No,2022,TOYOTA,CAMRY,39.05781212,-77.04827636,2025,4,18
250015341,Property Damage Crash,04/08/2025 05:29:00 PM,79TH ST,NA,Angle,Clear,Dry,Daylight,No Controls,NONE DETECTED,Yes,No Apparent Injury,NA,Not Distracted,TN,Passenger Car,Moving Constant Speed,15,No,2021,DODGE,CHARGER,38.97296443,-77.16334703,2025,4,17
250015341,Property Damage Crash,04/08/2025 05:29:00 PM,79TH ST,NA,Angle,Clear,Dry,Daylight,No Controls,NONE DETECTED,No,No Apparent Injury,NA,Not Distracted,MD,Passenger Car,Slowing or Stopping,15,No,2023,TESLA,MODEL Y,38.97296443,-77.16334703,2025,4,17
250015322,Property Damage Crash,04/08/2025 05:07:00 PM,NA,NA,Front to Front,Clear,NA,Daylight,NA,NONE DETECTED,Yes,No Apparent Injury,NA,Unknown,MD,Passenger Car,Negotiating a Curve,0,No,2016,CHEVROLET,CAMARO,39.03908504,-76.99111108,2025,4,17
250015322,Property Damage Crash,04/08/2025 05:07:00 PM,NA,NA,Front to Front,Clear,NA,Daylight,NA,NONE DETECTED,No,No Apparent Injury,NA,Not Distracted,MD,Passenger Car,Parked,0,No,2021,LINCOLN,NAVIGATOR L,39.03908504,-76.99111108,2025,4,17
250015318,Property Damage Crash,04/08/2025 05:00:00 PM,GLENMONT SHOPPING CTR CUT THRU CUT,NA,Front to Rear,Clear,Dry,Daylight,No Controls,NONE DETECTED,No,No Apparent Injury,NA,Not Distracted,MD,Bus - School,Slowing or Stopping,35,No,2013,FREIGHTLINER,B2 BUS CHASSIS,39.05937307,-77.05049157,2025,4,17
250015318,Property Damage Crash,04/08/2025 05:00:00 PM,GLENMONT SHOPPING CTR CUT THRU CUT,NA,Front to Rear,Clear,Dry,Daylight,No Controls,NONE DETECTED,Yes,No Apparent Injury,Followed Too Closely,Unknown,MD,Passenger Car,Slowing or Stopping,35,No,2023,TOYOTA,COROLLA,39.05937307,-77.05049157,2025,4,17
250015313,Property Damage Crash,04/08/2025 04:45:00 PM,NA,NA,Front to Rear,Clear,NA,Daylight,NA,NONE DETECTED,No,No Apparent Injury,NA,Not Distracted,MD,Passenger Car,Stopped in Traffic,0,No,2016,FORD,TRANSIT,39.17167669,-77.20503928,2025,4,16
250015313,Property Damage Crash,04/08/2025 04:45:00 PM,NA,NA,Front to Rear,Clear,NA,Daylight,NA,NONE DETECTED,Yes,No Apparent Injury,NA,Not Distracted,MD,Passenger Car,Moving Constant Speed,0,No,2017,HYUNDAI,TUCSON,39.17167669,-77.20503928,2025,4,16
250015302,Injury Crash,04/08/2025 03:50:00 PM,GEORGIA AVE,NA,Front to Rear,Clear,Dry,Daylight,No Controls,NONE DETECTED,Yes,No Apparent Injury,NA,Unknown,DC,Pickup,Accelerating,30,No,2012,NISSAN,FRONTIER,39.21885317,-77.060741,2025,4,15
250015302,Injury Crash,04/08/2025 03:50:00 PM,GEORGIA AVE,NA,Front to Rear,Clear,Dry,Daylight,No Controls,NONE DETECTED,No,Possible Minor Injury,NA,Not Distracted,MD,Passenger Car,Stopped in Traffic,30,No,2016,VOLKSWAGEN,E-GOLF,39.21885317,-77.060741,2025,4,15
250015297,Injury Crash,04/08/2025 03:30:00 PM,NA,NA,Angle,Clear,Dry,Daylight,No Controls,NONE DETECTED,Yes,Possible Minor Injury,Failed to Yield Right-of-Way,Unknown,MD,Passenger Car,Turning Left,35,No,2010,TOYOTA,COROLLA,39.177417,-77.18949406,2025,4,15
250015297,Injury Crash,04/08/2025 03:30:00 PM,NA,NA,Angle,Clear,Dry,Daylight,No Controls,NONE DETECTED,No,No Apparent Injury,NA,Not Distracted,MD,Passenger Car,Moving Constant Speed,35,No,2008,ACURA,TSX,39.177417,-77.18949406,2025,4,15
250015296,Property Damage Crash,04/08/2025 03:25:00 PM,ELIZABETH ST,NA,"Sideswipe, Opposite Direction",Clear,Dry,Daylight,No Controls,NONE DETECTED,Yes,No Apparent Injury,"Failed to Keep in Proper Lane, Operated Motor Vehicle in Inattentive, Careless, Negligent, or Erratic Manner, Over-Correcting/Over-Steering",Unknown,MD,Passenger Car,Moving Constant Speed,25,No,2015,TOYOTA,HIGHLANDER,39.07210224,-77.0841976,2025,4,15
250015294,Injury Crash,04/08/2025 03:11:00 PM,NA,NA,Front to Rear,Clear,Dry,Daylight,Yield Sign,NONE DETECTED,Yes,No Apparent Injury,"Operated Motor Vehicle in Inattentive, Careless, Negligent, or Erratic Manner",Not Distracted,MD,Passenger Car,Entering Traffic Lane,35,No,2015,ACURA,RDX,39.10979722,-77.07571617,2025,4,15
250015294,Injury Crash,04/08/2025 03:11:00 PM,NA,NA,Front to Rear,Clear,Dry,Daylight,Yield Sign,NONE DETECTED,No,No Apparent Injury,NA,Not Distracted,MD,Passenger Car,Slowing or Stopping,35,No,2023,HONDA,CR-V,39.10979722,-77.07571617,2025,4,15
250015300,Injury Crash,04/08/2025 03:10:00 PM,JOSHUA TREE RD,NA,Single Vehicle,Clear,Dry,Daylight,No Controls,ALCOHOL PRESENT,Yes,Possible Minor Injury,"Failed to Keep in Proper Lane, Operated Motor Vehicle in Inattentive, Careless, Negligent, or Erratic Manner, Ran Off Roadway",Unknown,MD,Passenger Car,Leaving Traffic Lane,25,No,2010,HONDA,ACCORD,39.10058418,-77.23065401,2025,4,15
250015299,Property Damage Crash,04/08/2025 03:08:00 PM,WOODFIELD RD,NA,Front to Rear,Clear,Dry,Daylight,No Controls,NONE DETECTED,Yes,No Apparent Injury,Followed Too Closely,Unknown,MD,Passenger Car,Moving Constant Speed,40,No,2003,BUICK,LESABRE,39.2736947,-77.20438567,2025,4,15
250015299,Property Damage Crash,04/08/2025 03:08:00 PM,WOODFIELD RD,NA,Front to Rear,Clear,Dry,Daylight,No Controls,NONE DETECTED,No,No Apparent Injury,NA,Not Distracted,MD,Passenger Car,Slowing or Stopping,40,No,2021,TOYOTA,PRIUS,39.2736947,-77.20438567,2025,4,15
250015299,Property Damage Crash,04/08/2025 03:08:00 PM,WOODFIELD RD,NA,Front to Rear,Clear,Dry,Daylight,No Controls,NONE DETECTED,No,No Apparent Injury,NA,Not Distracted,MD,Sport Utility Vehicle,Slowing or Stopping,40,No,2022,FORD,ESCAPE,39.2736947,-77.20438567,2025,4,15
250015292,Property Damage Crash,04/08/2025 02:40:00 PM,MAPLE AVE,NA,Angle,Clear,Dry,Daylight,No Controls,NONE DETECTED,No,No Apparent Injury,NA,Not Distracted,MD,Passenger Car,Moving Constant Speed,30,No,2010,HONDA,ACCORD CROSSTOUR,38.99192437,-77.09574709,2025,4,14
250015292,Property Damage Crash,04/08/2025 02:40:00 PM,MAPLE AVE,NA,Angle,Clear,Dry,Daylight,Stop Sign,NONE DETECTED,No,No Apparent Injury,Failed to Yield Right-of-Way,"Other Action (looking away from task, etc.)",MD,Sport Utility Vehicle,Turning Left,25,No,2018,HONDA,PILOT,38.99192437,-77.09574709,2025,4,14
250015284,Property Damage Crash,04/08/2025 02:34:00 PM,HUNTINGTON PKWY (EB/L),NA,Single Vehicle,Clear,Dry,Daylight,No Controls,NONE DETECTED,No,No Apparent Injury,NA,Unknown,MD,Passenger Car,Moving Constant Speed,20,No,2018,TOYOTA,PRIUS,38.99272883,-77.10822317,2025,4,14
250015303,Property Damage Crash,04/08/2025 01:51:00 PM,NA,NA,"Sideswipe, Same Direction",Clear,Dry,Daylight,No Controls,NONE DETECTED,No,No Apparent Injury,NA,Unknown,MD,Sport Utility Vehicle,Changing Lanes,35,No,2013,CADILLAC,SRX,39.11065895,-76.93373806,2025,4,13
250015303,Property Damage Crash,04/08/2025 01:51:00 PM,NA,NA,"Sideswipe, Same Direction",Clear,Dry,Daylight,No Controls,NONE DETECTED,No,No Apparent Injury,NA,Not Distracted,MD,Passenger Car,Moving Constant Speed,35,No,2018,TESLA,MODEL 3,39.11065895,-76.93373806,2025,4,13
250015283,Injury Crash,04/08/2025 01:50:00 PM,LEXINGTON ST,NA,Angle,Clear,Dry,Daylight,Traffic Control Signal,NONE DETECTED,Yes,No Apparent Injury,NA,Unknown,MD,Passenger Car,Moving Constant Speed,35,No,2010,HONDA,CR-V,39.0337087,-77.07253664,2025,4,13
250015283,Injury Crash,04/08/2025 01:50:00 PM,LEXINGTON ST,NA,Angle,Clear,Dry,Daylight,Traffic Control Signal,NONE DETECTED,No,Possible Minor Injury,NA,Not Distracted,MD,Passenger Car,Moving Constant Speed,25,No,2021,LEXUS,RX,39.0337087,-77.07253664,2025,4,13
250015273,Injury Crash,04/08/2025 01:29:00 PM,NICHOLSON LA,NA,Front to Rear,Clear,Dry,Daylight,Traffic Control Signal,NONE DETECTED,No,Possible Minor Injury,NA,Not Distracted,MD,Passenger Car,Stopped in Traffic,30,No,2019,HONDA,FIT,39.04493467,-77.108789,2025,4,13
250015273,Injury Crash,04/08/2025 01:29:00 PM,NICHOLSON LA,NA,Front to Rear,Clear,Dry,Daylight,Traffic Control Signal,NONE DETECTED,Yes,No Apparent Injury,NA,"Other Action (looking away from task, etc.)",MD,Sport Utility Vehicle,Slowing or Stopping,30,No,2024,KIA,EV9,39.04493467,-77.108789,2025,4,13
250015273,Injury Crash,04/08/2025 01:29:00 PM,NICHOLSON LA,NA,Front to Rear,Clear,Dry,Daylight,Traffic Control Signal,NONE DETECTED,No,Possible Minor Injury,NA,Not Distracted,MD,Passenger Car,Stopped in Traffic,30,No,2024,ACURA,INTEGRA,39.04493467,-77.108789,2025,4,13
250015275,Property Damage Crash,04/08/2025 01:10:00 PM,NEWPORT MILL RD,NA,Angle,Clear,Dry,Daylight,Traffic Control Signal,NONE DETECTED,Yes,No Apparent Injury,Failed to Yield Right-of-Way,Unknown,MD,Passenger Car,Turning Left,30,No,2009,TOYOTA,CAMRY,39.03385832,-77.07256302,2025,4,13
250015275,Property Damage Crash,04/08/2025 01:10:00 PM,NEWPORT MILL RD,NA,Angle,Clear,Dry,Daylight,Traffic Control Signal,NONE DETECTED,No,No Apparent Injury,NA,Not Distracted,MD,Passenger Car,Moving Constant Speed,35,No,2018,MINI,COOPER CONVERTIBLE,39.03385832,-77.07256302,2025,4,13
250015258,Property Damage Crash,04/08/2025 12:30:00 PM,STRINGTOWN RD,NA,Single Vehicle,Clear,Dry,Daylight,Traffic Control Signal,NONE DETECTED,No,No Apparent Injury,NA,Unknown,MD,Passenger Car,Turning Left,35,No,2025,TESLA,MODEL 3,39.23764833,-77.277825000000007,2025,4,12