Local Case Number,ACRS Report Type,Crash Date/Time,Road Name,Related Non-Motorist,Collision Type,Weather,Surface Condition,Light,Traffic Control,Driver Substance Abuse,Driver At Fault,Injury Severity,Circumstance,Driver Distracted By,Drivers License State,Vehicle Body Type,Vehicle Movement,Speed Limit,Driverless Vehicle,Vehicle Year,Vehicle Make,Vehicle Model,Latitude,Longitude,Year,Month,Hour
250015257,Property Damage Crash,04/08/2025 12:17:00 PM,PINEY MEETINGHOUSE RD,NA,"Sideswipe, Opposite Direction",Clear,Dry,Daylight,No Controls,NONE DETECTED,Yes,No Apparent Injury,Improper Turn,Not Distracted,PA,Pickup,Turning Left,30,No,2022,FORD,F-450,39.03155435,-77.2330076,2025,4,12
250015257,Property Damage Crash,04/08/2025 12:17:00 PM,PINEY MEETINGHOUSE RD,NA,"Sideswipe, Opposite Direction",Clear,Dry,Daylight,No Controls,NONE DETECTED,No,No Apparent Injury,NA,Not Distracted,MD,Pickup,Stopped in Traffic,30,No,2024,FORD,RANGER,39.03155435,-77.2330076,2025,4,12
250015265,Property Damage Crash,04/08/2025 12:05:00 PM,OLD HAMMONDS FERRY RD,NA,"Sideswipe, Same Direction",Clear,Dry,Daylight,No Controls,NONE DETECTED,No,No Apparent Injury,NA,Not Distracted,VA,Pickup,Moving Constant Speed,45,No,2016,RAM,1500,39.21913143,-76.6646493,2025,4,12
250015265,Property Damage Crash,04/08/2025 12:05:00 PM,OLD HAMMONDS FERRY RD,NA,"Sideswipe, Same Direction",Clear,Dry,Daylight,No Controls,NONE DETECTED,Yes,No Apparent Injury,Improper Passing,Unknown,MD,Passenger Car,Changing Lanes,45,No,2011,AUDI,A5,39.21913143,-76.6646493,2025,4,12
250015252,Property Damage Crash,04/08/2025 12:05:00 PM,MAPLE AVE,NA,Other,Clear,Dry,Daylight,No Controls,NONE DETECTED,Yes,No Apparent Injury,NA,Not Distracted,MD,Bus - School,Stopped in Traffic,15,No,2020,FREIGHTLINER,B2 BUS CHASSIS,39.08208792,-77.13661608,2025,4,12
250015271,Property Damage Crash,04/08/2025 11:40:00 AM,NA,NA,Other,Clear,NA,Daylight,NA,NONE DETECTED,No,NA,NA,NA,NA,Unknown,Backing,0,No,2023,CHEVROLET,SILVERADO,39.116323,-77.251324,2025,4,11
250015226,Injury Crash,04/08/2025 10:35:00 AM,RAMP 5 FR IS 270 SB TO SHADY GROVE RD,NA,Angle,Clear,Dry,Daylight,Traffic Control Signal,NONE DETECTED,No,No Apparent Injury,NA,Not Distracted,VA,Sport Utility Vehicle,Moving Constant Speed,35,No,2024,HONDA,CR-V,39.10942851,-77.18825634,2025,4,10
250015226,Injury Crash,04/08/2025 10:35:00 AM,RAMP 5 FR IS 270 SB TO SHADY GROVE RD,NA,Angle,Clear,Dry,Daylight,Traffic Control Signal,NONE DETECTED,Yes,Possible Minor Injury,NA,Not Distracted,MD,Passenger Car,Turning Left,20,No,2017,HYUNDAI,ELANTRA,39.10942851,-77.18825634,2025,4,10
250015219,Property Damage Crash,04/08/2025 09:40:00 AM,FISHERS LA,NA,"Sideswipe, Same Direction",Clear,Dry,Daylight,No Controls,NONE DETECTED,Yes,No Apparent Injury,NA,Not Distracted,GA,Passenger Car,Moving Constant Speed,25,No,2004,HONDA,CR-V,39.06287183,-77.11428633,2025,4,9
250015217,Property Damage Crash,04/08/2025 08:04:00 AM,NA,NA,"Sideswipe, Same Direction",Cloudy,Dry,Daylight,Traffic Control Signal,NONE DETECTED,Yes,No Apparent Injury,NA,Unknown,NA,Sport Utility Vehicle,Overtaking/Passing,25,No,2016,CHEVROLET,TRAX,39.0792267,-77.08714124,2025,4,8
250015217,Property Damage Crash,04/08/2025 08:04:00 AM,NA,NA,"Sideswipe, Same Direction",Cloudy,Dry,Daylight,Traffic Control Signal,NONE DETECTED,No,No Apparent Injury,NA,Not Distracted,MD,Passenger Car,Moving Constant Speed,25,No,2019,TOYOTA,CAMRY,39.0792267,-77.08714124,2025,4,8
250015203,Property Damage Crash,04/08/2025 08:02:00 AM,QUINCE ORCHARD RD (SB/L),NA,Front to Rear,Clear,Dry,Daylight,Yield Sign,NONE DETECTED,No,No Apparent Injury,NA,Not Distracted,MD,Pickup,Stopped in Traffic,55,No,2011,FORD,RANGER,39.14785777,-77.21846585,2025,4,8
250015203,Property Damage Crash,04/08/2025 08:02:00 AM,QUINCE ORCHARD RD (SB/L),NA,Front to Rear,Clear,Dry,Daylight,Yield Sign,NONE DETECTED,Yes,No Apparent Injury,Followed Too Closely,Not Distracted,MD,Passenger Car,Accelerating,55,No,2019,DODGE,CHARGER,39.14785777,-77.21846585,2025,4,8
250015204,Property Damage Crash,04/08/2025 07:45:00 AM,COLUMBIA PIKE (SB/L),NA,"Sideswipe, Same Direction",Clear,Dry,Daylight,Other,NONE DETECTED,Yes,No Apparent Injury,NA,Not Distracted,VA,Passenger Car,Moving Constant Speed,40,No,2012,FORD,FUSION,39.04296848,-76.99273393,2025,4,7
250015204,Property Damage Crash,04/08/2025 07:45:00 AM,COLUMBIA PIKE (SB/L),NA,"Sideswipe, Same Direction",Clear,Dry,Daylight,Other,NONE DETECTED,Yes,No Apparent Injury,NA,Not Distracted,MD,Bus - Transit,Moving Constant Speed,40,No,2010,NEW FLYER,LOW FLOOR - ADVANCED STYLE,39.04296848,-76.99273393,2025,4,7
250015197,Property Damage Crash,04/08/2025 07:40:00 AM,DEMOCRACY BLVD (EB/L),NA,Angle,Clear,Dry,Daylight,Traffic Control Signal,NONE DETECTED,Yes,No Apparent Injury,Ran Red Light,Unknown,MD,Sport Utility Vehicle,Moving Constant Speed,35,No,2022,PORSCHE,CAYENNE,39.02142077,-77.13795308,2025,4,7
250015197,Property Damage Crash,04/08/2025 07:40:00 AM,DEMOCRACY BLVD (EB/L),NA,Angle,Clear,Dry,Daylight,Traffic Control Signal,NONE DETECTED,No,No Apparent Injury,NA,Not Distracted,MD,Single-Unit Truck,Turning Left,30,No,2008,SPARTAN MOTORS CHASS,GLADIATOR,39.02142077,-77.13795308,2025,4,7
250015195,Property Damage Crash,04/08/2025 06:30:00 AM,UNIVERSITY BLVD E (WB/L),NA,"Sideswipe, Same Direction",Clear,Dry,Medium,Traffic Control Signal,NONE DETECTED,No,No Apparent Injury,NA,Not Distracted,MD,Passenger Car,Moving Constant Speed,40,No,1998,TOYOTA,CAMRY,39.01563458,-77.0051621,2025,4,6
250015195,Property Damage Crash,04/08/2025 06:30:00 AM,UNIVERSITY BLVD E (WB/L),NA,"Sideswipe, Same Direction",Clear,Dry,Medium,Traffic Control Signal,NONE DETECTED,No,NA,NA,NA,NA,Passenger Car,Changing Lanes,40,No,2017,TOYOTA,CAMRY,39.01563458,-77.0051621,2025,4,6
250015186,Property Damage Crash,04/07/2025 11:45:00 PM,NA,NA,Angle,Clear,Dry,Medium,No Controls,NONE DETECTED,No,No Apparent Injury,NA,Not Distracted,MD,Sport Utility Vehicle,Parked,35,No,2023,TOYOTA,HIGHLANDER,38.996879,-76.99209717,2025,4,23
250015186,Property Damage Crash,04/07/2025 11:45:00 PM,NA,NA,Angle,Clear,Dry,Medium,No Controls,NONE DETECTED,Yes,No Apparent Injury,NA,Unknown,MD,Passenger Car,NA,35,No,2012,NISSAN,SENTRA,38.996879,-76.99209717,2025,4,23
250015181,Property Damage Crash,04/07/2025 10:08:00 PM,ROCKVILLE PIKE (SB/L),NA,Single Vehicle,Clear,Dry,Medium,Traffic Control Signal,NONE DETECTED,No,No Apparent Injury,NA,Not Distracted,MD,Sport Utility Vehicle,Moving Constant Speed,35,No,2022,HONDA,CR-V,39.0743738,-77.13574891,2025,4,22
250015173,Property Damage Crash,04/07/2025 08:30:00 PM,GRACEFIELD RD,NA,Angle,Clear,Dry,Medium,Stop Sign,NONE DETECTED,No,No Apparent Injury,NA,Not Distracted,MD,Sport Utility Vehicle,Moving Constant Speed,30,No,2014,NISSAN,ROGUE SELECT,39.052584,-76.9508345,2025,4,20
250015173,Property Damage Crash,04/07/2025 08:30:00 PM,GRACEFIELD RD,NA,Angle,Clear,Dry,Medium,Stop Sign,NONE DETECTED,Yes,No Apparent Injury,NA,"Other Action (looking away from task, etc.)",MD,Passenger Car,Moving Constant Speed,30,No,2013,FORD,FUSION,39.052584,-76.9508345,2025,4,20
250015156,Property Damage Crash,04/07/2025 06:41:00 PM,FREDERICK RD,NA,Angle,Clear,Dry,Daylight,Traffic Control Signal,NONE DETECTED,No,No Apparent Injury,NA,Not Distracted,MD,Sport Utility Vehicle,Turning Left,40,No,2021,NISSAN,MURANO,39.159259,-77.21896517,2025,4,18
250015156,Property Damage Crash,04/07/2025 06:41:00 PM,FREDERICK RD,NA,Angle,Clear,Dry,Daylight,Traffic Control Signal,NONE DETECTED,No,No Apparent Injury,NA,Not Distracted,MD,Passenger Car,Moving Constant Speed,40,No,2007,TOYOTA,PRIUS,39.159259,-77.21896517,2025,4,18
250015157,Property Damage Crash,04/07/2025 06:31:00 PM,NA,NA,Other,Cloudy,Dry,Daylight,Traffic Control Signal,NONE DETECTED,Yes,No Apparent Injury,Improper Turn,Not Distracted,MD,Sport Utility Vehicle,Turning Right,30,No,2002,TOYOTA,RAV4,39.14549783,-77.14382316,2025,4,18
250015157,Property Damage Crash,04/07/2025 06:31:00 PM,NA,NA,Other,Cloudy,Dry,Daylight,Traffic Control Signal,NONE DETECTED,No,No Apparent Injury,NA,Not Distracted,MD,Sport Utility Vehicle,Stopped in Traffic,35,No,2014,MAZDA,CX-5,39.14549783,-77.14382316,2025,4,18
250015150,Property Damage Crash,04/07/2025 06:10:00 PM,LYTTONSVILLE RD,NA,Front to Rear,Clear,Dry,Daylight,Other,NONE DETECTED,Yes,No Apparent Injury,NA,Not Distracted,MD,Passenger Car,Moving Constant Speed,35,No,2003,TOYOTA,COROLLA,39.00184905,-77.04012898,2025,4,18
250015150,Property Damage Crash,04/07/2025 06:10:00 PM,LYTTONSVILLE RD,NA,Front to Rear,Clear,Dry,Daylight,Other,NONE DETECTED,No,No Apparent Injury,NA,Not Distracted,MD,Passenger Car,Stopped in Traffic,35,No,2009,HONDA,CIVIC,39.00184905,-77.04012898,2025,4,18
250015141,Property Damage Crash,04/07/2025 05:47:00 PM,NA,NA,Front to Rear,Clear,Dry,Daylight,Pedestrian Crossing,NONE DETECTED,Yes,No Apparent Injury,"Followed Too Closely, Too Fast For Conditions",Unknown,MD,Pickup,Turning Right,35,No,2015,TOYOTA,TACOMA,39.15973317,-77.20214383,2025,4,17
250015141,Property Damage Crash,04/07/2025 05:47:00 PM,NA,NA,Front to Rear,Clear,Dry,Daylight,Pedestrian Crossing,NONE DETECTED,No,No Apparent Injury,NA,Not Distracted,MD,Sport Utility Vehicle,Slowing or Stopping,35,No,2025,LEXUS,NX,39.15973317,-77.20214383,2025,4,17
250015146,Property Damage Crash,04/07/2025 05:42:00 PM,NA,NA,Single Vehicle,Clear,Dry,Daylight,No Controls,NONE DETECTED,No,No Apparent Injury,NA,Not Distracted,MD,Passenger Car,Turning Left,25,No,2017,VOLKSWAGEN,JETTA,39.10183016,-77.17702528,2025,4,17
250015143,Property Damage Crash,04/07/2025 05:40:00 PM,ROCKVILLE PIKE (SB/L),NA,"Sideswipe, Same Direction",Cloudy,Wet,Daylight,No Controls,NONE DETECTED,Yes,NA,NA,NA,NA,Passenger Car,Changing Lanes,35,No,0,NA,NA,39.04338288,-77.11122011,2025,4,17
250015143,Property Damage Crash,04/07/2025 05:40:00 PM,ROCKVILLE PIKE (SB/L),NA,"Sideswipe, Same Direction",Cloudy,Wet,Daylight,No Controls,NONE DETECTED,No,No Apparent Injury,NA,Not Distracted,MD,Sport Utility Vehicle,Moving Constant Speed,35,No,2022,TOYOTA,HIGHLANDER,39.04338288,-77.11122011,2025,4,17
250015162,Injury Crash,04/07/2025 05:20:00 PM,SHADY GROVE RD (SB/L),NA,Single Vehicle,Clear,Dry,Daylight,No Controls,NONE DETECTED,Yes,Possible Minor Injury,NA,Not Distracted,MD,Passenger Car,Moving Constant Speed,40,No,2024,TESLA,MODEL 3,39.13419764,-77.15801758,2025,4,17
250015133,Property Damage Crash,04/07/2025 04:54:00 PM,NA,NA,Front to Front,Cloudy,NA,Daylight,NA,NONE DETECTED,No,No Apparent Injury,NA,Not Distracted,MD,Passenger Car,Turning Left,0,No,2015,TOYOTA,CAMRY,39.08051401,-76.93523151,2025,4,16
250015133,Property Damage Crash,04/07/2025 04:54:00 PM,NA,NA,Front to Front,Cloudy,NA,Daylight,NA,NONE DETECTED,No,No Apparent Injury,NA,Not Distracted,MD,Other Trucks,Turning Right,0,No,2019,FORD,E-450,39.08051401,-76.93523151,2025,4,16
250015124,Property Damage Crash,04/07/2025 04:41:00 PM,WELLER RD,NA,Rear To Side,Cloudy,Wet,Daylight,Traffic Control Signal,NONE DETECTED,No,No Apparent Injury,NA,Not Distracted,MD,Pickup,Moving Constant Speed,25,No,2012,FORD,F-150,39.06317917,-77.07339917,2025,4,16
250015124,Property Damage Crash,04/07/2025 04:41:00 PM,WELLER RD,NA,Rear To Side,Cloudy,Wet,Daylight,Traffic Control Signal,NONE DETECTED,Yes,No Apparent Injury,Ran Red Light,Not Distracted,MD,Passenger Car,Moving Constant Speed,35,No,2009,TOYOTA,YARIS,39.06317917,-77.07339917,2025,4,16
250015121,Injury Crash,04/07/2025 04:25:00 PM,MIDDLEBROOK RD,NA,Front to Front,Clear,Wet,Daylight,No Controls,NONE DETECTED,No,Possible Minor Injury,NA,Not Distracted,MD,Passenger Car,Moving Constant Speed,25,No,2018,HYUNDAI,ELANTRA,39.18017731,-77.2686227,2025,4,16
250015121,Injury Crash,04/07/2025 04:25:00 PM,MIDDLEBROOK RD,NA,Front to Front,Clear,Wet,Daylight,Stop Sign,NONE DETECTED,Yes,No Apparent Injury,NA,Not Distracted,MD,Passenger Car,Accelerating,25,No,2018,HONDA,CR-V,39.18017731,-77.2686227,2025,4,16
250015115,Property Damage Crash,04/07/2025 03:30:00 PM,GIRARD ST (WB/L),NA,Angle,Clear,Dry,Daylight,No Controls,NONE DETECTED,No,No Apparent Injury,NA,Not Distracted,NA,Sport Utility Vehicle,Changing Lanes,30,No,2017,MITSUBISHI,OUTLANDER,39.1505626,-77.19138208,2025,4,15
250015115,Property Damage Crash,04/07/2025 03:30:00 PM,GIRARD ST (WB/L),NA,Angle,Clear,Dry,Daylight,No Controls,NONE DETECTED,No,No Apparent Injury,NA,Not Distracted,MD,Passenger Car,Turning Left,30,No,2019,TOYOTA,CAMRY,39.1505626,-77.19138208,2025,4,15
250015112,Property Damage Crash,04/07/2025 03:10:00 PM,BROADBIRCH DR,NA,Single Vehicle,Cloudy,Dry,Daylight,No Controls,NONE DETECTED,No,NA,NA,NA,NA,Passenger Car,NA,35,No,2024,JEEP,GRAND CHEROKEE L,39.05604083,-76.96516267,2025,4,15
250015116,Property Damage Crash,04/07/2025 03:09:00 PM,ELLINGSON DR,NA,"Sideswipe, Opposite Direction",Cloudy,Wet,Daylight,No Controls,NONE DETECTED,Yes,No Apparent Injury,NA,Not Distracted,MD,Bus - School,Moving Constant Speed,20,No,2024,FREIGHTLINER,B2 BUS CHASSIS,38.9911798,-77.05506695,2025,4,15
250015117,Property Damage Crash,04/07/2025 03:06:00 PM,WEST OLD BALTIMORE RD,NA,Front to Rear,Rain,Wet,Daylight,No Controls,NONE DETECTED,No,No Apparent Injury,NA,Not Distracted,MD,Passenger Car,Moving Constant Speed,35,No,1983,CHEVROLET,C/K PICKUP,39.21464867,-77.27206483,2025,4,15
250015117,Property Damage Crash,04/07/2025 03:06:00 PM,WEST OLD BALTIMORE RD,NA,Front to Rear,Rain,Wet,Daylight,No Controls,NONE DETECTED,Yes,No Apparent Injury,Improper Backing,Unknown,MD,Passenger Car,Backing,35,No,2022,TOYOTA,HIGHLANDER,39.21464867,-77.27206483,2025,4,15
250015100,Injury Crash,04/07/2025 02:10:00 PM,RAMP 1 FR IS 270 NB TO SHADY GROVE RD WB,NA,Angle,Cloudy,Wet,Daylight,Traffic Control Signal,NONE DETECTED,Yes,No Apparent Injury,Ran Red Light,Unknown,MD,Sport Utility Vehicle,Moving Constant Speed,40,No,2009,HONDA,CR-V,39.11187437,-77.18724472,2025,4,14
250015100,Injury Crash,04/07/2025 02:10:00 PM,RAMP 1 FR IS 270 NB TO SHADY GROVE RD WB,NA,Angle,Cloudy,Wet,Daylight,Traffic Control Signal,NONE DETECTED,No,Possible Minor Injury,NA,Not Distracted,GA,Passenger Car,Turning Left,25,No,2014,CHEVROLET,CAMARO,39.11187437,-77.18724472,2025,4,14
250015102,Property Damage Crash,04/07/2025 01:57:00 PM,NA,NA,Other,Cloudy,NA,Daylight,NA,NONE DETECTED,No,No Apparent Injury,NA,Not Distracted,MD,Passenger Car,NA,0,No,2025,BMW,X5,38.98975665,-77.09571793,2025,4,13
250015102,Property Damage Crash,04/07/2025 01:57:00 PM,NA,NA,Other,Cloudy,NA,Daylight,NA,NONE DETECTED,No,NA,NA,NA,NA,Passenger Car,Accelerating,0,No,2019,MINI,HARDTOP,38.98975665,-77.09571793,2025,4,13
250015091,Property Damage Crash,04/07/2025 01:36:00 PM,DEXTER AVE,NA,Angle,Cloudy,Wet,Daylight,No Controls,NONE DETECTED,Yes,No Apparent Injury,NA,Not Distracted,MD,Sport Utility Vehicle,Accelerating,25,No,2013,MERCEDES-BENZ,GLK-CLASS,39.02214077,-77.04736592,2025,4,13
250015091,Property Damage Crash,04/07/2025 01:36:00 PM,DEXTER AVE,NA,Angle,Cloudy,Wet,Daylight,Traffic Control Signal,NONE DETECTED,No,No Apparent Injury,NA,Not Distracted,MD,Passenger Car,Accelerating,25,No,2020,HONDA,CIVIC,39.02214077,-77.04736592,2025,4,13
250015081,Property Damage Crash,04/07/2025 12:48:00 PM,MEANDER COVE DR,NA,"Sideswipe, Same Direction",Rain,Wet,Daylight,No Controls,NONE DETECTED,Yes,No Apparent Injury,Other Improper Action,Not Distracted,MD,Passenger Car,Slowing or Stopping,25,No,2008,MERCEDES-BENZ,C-CLASS,39.1868205,-77.2765408,2025,4,12
250015086,Property Damage Crash,04/07/2025 12:47:00 PM,NA,NA,Single Vehicle,Rain,Wet,Daylight,No Controls,NONE DETECTED,Yes,No Apparent Injury,NA,Not Distracted,MD,Bus - School,NA,15,No,2024,THOMAS BUILT,HDX,39.08560872,-77.19699079,2025,4,12
260014847,Property Damage Crash,04/07/2025 12:44:00 PM,PHILADELPHIA AVE,NA,Single Vehicle,Clear,Dry,Daylight,No Controls,NONE DETECTED,No,No Apparent Injury,NA,Unknown,DC,Passenger Car,Moving Constant Speed,25,No,2022,JEEP,WRANGLER,38.98277529,-77.01454799,2025,4,12
250015077,Property Damage Crash,04/07/2025 12:19:00 PM,BANK ST (EB/L),NA,Angle,Clear,Wet,Daylight,No Controls,NONE DETECTED,Yes,No Apparent Injury,Failed to Yield Right-of-Way,Not Distracted,MD,Passenger Car,Turning Right,30,No,2015,JEEP,GRAND CHEROKEE,39.14021891,-77.22288277,2025,4,12
250015077,Property Damage Crash,04/07/2025 12:19:00 PM,BANK ST (EB/L),NA,Angle,Clear,Wet,Daylight,No Controls,NONE DETECTED,No,No Apparent Injury,NA,Not Distracted,MD,Passenger Car,Slowing or Stopping,30,No,2018,TOYOTA,CAMRY,39.14021891,-77.22288277,2025,4,12
250015075,Property Damage Crash,04/07/2025 12:03:00 PM,BRINK RD (WB/L),NA,Single Vehicle,Clear,Wet,Daylight,No Controls,NONE DETECTED,Yes,No Apparent Injury,NA,Not Distracted,MD,Passenger Car,Slowing or Stopping,35,No,2009,TOYOTA,CAMRY,39.20527133,-77.18650117,2025,4,12
250015062,Property Damage Crash,04/07/2025 10:55:00 AM,NA,NA,"Sideswipe, Same Direction",Rain,Wet,Daylight,No Controls,NONE DETECTED,No,No Apparent Injury,NA,Unknown,MD,Passenger Car,Moving Constant Speed,30,No,2012,HONDA,ACCORD,39.11625842,-77.20757053,2025,4,10
250015062,Property Damage Crash,04/07/2025 10:55:00 AM,NA,NA,"Sideswipe, Same Direction",Rain,Wet,Daylight,No Controls,NONE DETECTED,No,No Apparent Injury,NA,Unknown,MD,Bus - Transit,Moving Constant Speed,30,No,2019,GILLIG,LOW FLOOR BUS,39.11625842,-77.20757053,2025,4,10
250015059,Injury Crash,04/07/2025 10:26:00 AM,CITADEL AVE,NA,Front to Rear,Cloudy,Wet,Daylight,Stop Sign,NONE DETECTED,Yes,No Apparent Injury,NA,Not Distracted,MD,Passenger Car,Moving Constant Speed,25,No,2011,HONDA,CR-V,39.04786583,-77.10936333,2025,4,10
250015059,Injury Crash,04/07/2025 10:26:00 AM,CITADEL AVE,NA,Front to Rear,Cloudy,Wet,Daylight,Stop Sign,NONE DETECTED,No,Possible Minor Injury,NA,Not Distracted,MD,Bus - Transit,Stopped in Traffic,25,No,2010,NEW FLYER,LOW FLOOR - ADVANCED STYLE,39.04786583,-77.10936333,2025,4,10
250015055,Property Damage Crash,04/07/2025 09:25:00 AM,KENSINGTON PKWY,NA,Front to Rear,Rain,Wet,Daylight,Traffic Control Signal,NONE DETECTED,No,No Apparent Injury,NA,Not Distracted,MD,Passenger Car,Stopped in Traffic,25,No,2023,HONDA,CIVIC,39.00011517,-77.07660083,2025,4,9
250015055,Property Damage Crash,04/07/2025 09:25:00 AM,KENSINGTON PKWY,NA,Front to Rear,Rain,Wet,Daylight,Traffic Control Signal,NONE DETECTED,No,No Apparent Injury,NA,Unknown,MD,Sport Utility Vehicle,Slowing or Stopping,25,No,2017,HONDA,PILOT,39.00011517,-77.07660083,2025,4,9
250015053,Injury Crash,04/07/2025 09:03:00 AM,CLARKSBURG RD,NA,Single Vehicle,Rain,Wet,Daylight,No Controls,DRUG PRESENT,Yes,Possible Minor Injury,"Operated Motor Vehicle in Inattentive, Careless, Negligent, or Erratic Manner, Ran Off Roadway",Unknown,MD,Passenger Car,Moving Constant Speed,20,No,2016,CHEVROLET,MALIBU,39.23380746,-77.28313087,2025,4,9
250015049,Property Damage Crash,04/07/2025 08:30:00 AM,FREDERICK RD (SB/L),NA,Angle,Rain,Wet,Daylight,Traffic Control Signal,NONE DETECTED,Yes,No Apparent Injury,Failed to Yield Right-of-Way,Not Distracted,MD,Sport Utility Vehicle,Turning Left,45,No,2010,LEXUS,RX,39.20040938,-77.24537532,2025,4,8
250015049,Property Damage Crash,04/07/2025 08:30:00 AM,FREDERICK RD (SB/L),NA,Angle,Rain,Wet,Daylight,Traffic Control Signal,NONE DETECTED,Yes,No Apparent Injury,Improper Passing,Not Distracted,MD,Passenger Car,Moving Constant Speed,45,No,2016,TOYOTA,COROLLA,39.20040938,-77.24537532,2025,4,8
250015043,Property Damage Crash,04/07/2025 07:54:00 AM,NA,NA,Rear To Rear,Rain,NA,Daylight,NA,NONE DETECTED,Yes,No Apparent Injury,Other Improper Action,Unknown,MD,Bus - School,Making U-Turn,0,No,2015,FREIGHTLINER,B2 BUS CHASSIS,39.00408269,-76.98965092,2025,4,7
250015042,Injury Crash,04/07/2025 07:30:00 AM,CONNECTICUT AVE (SB/L),NA,Front to Front,Rain,Wet,Daylight,No Controls,NONE DETECTED,No,Possible Minor Injury,NA,Not Distracted,MD,Passenger Car,Moving Constant Speed,25,No,2008,HONDA,FIT,39.086933,-77.07378983,2025,4,7
250015042,Injury Crash,04/07/2025 07:30:00 AM,CONNECTICUT AVE (SB/L),NA,Front to Front,Rain,Wet,Daylight,No Controls,NONE DETECTED,No,Possible Minor Injury,NA,Not Distracted,MD,Passenger Car,Turning Left,30,No,2013,MAZDA,MAZDA3,39.086933,-77.07378983,2025,4,7
250014969,Property Damage Crash,04/07/2025 07:09:00 AM,BRAD DR,NA,"Sideswipe, Opposite Direction",Rain,Wet,Daylight,No Controls,NONE DETECTED,Yes,No Apparent Injury,NA,Not Distracted,MD,Bus - School,Moving Constant Speed,25,No,2020,FREIGHTLINER,B2 BUS CHASSIS,39.08924833,-77.09016217,2025,4,7
250015037,Injury Crash,04/07/2025 06:55:00 AM,GREAT SENECA HWY (SB/L),NA,Front to Front,Rain,Wet,Medium,No Controls,NONE DETECTED,No,Possible Minor Injury,NA,Unknown,MD,Passenger Car,Entering Traffic Lane,50,No,2021,MAZDA,MAZDA6,39.1305745,-77.2401915,2025,4,6
250015037,Injury Crash,04/07/2025 06:55:00 AM,GREAT SENECA HWY (SB/L),NA,Front to Front,Rain,Wet,Medium,No Controls,NONE DETECTED,No,No Apparent Injury,NA,Not Distracted,MD,Sport Utility Vehicle,Moving Constant Speed,50,No,2016,JEEP,GRAND CHEROKEE,39.1305745,-77.2401915,2025,4,6
250015035,Property Damage Crash,04/07/2025 06:07:00 AM,ROCKVILLE PIKE,NA,Single Vehicle,Rain,Wet,Medium,No Controls,NONE DETECTED,Yes,No Apparent Injury,NA,Not Distracted,MD,Passenger Car,Moving Constant Speed,35,No,2014,MAZDA,MAZDA3,39.08232785,-77.14639781,2025,4,6
250015020,Property Damage Crash,04/06/2025 10:36:00 PM,IS 270 LOCAL LANES (NB),NA,"Sideswipe, Same Direction",Rain,Wet,Medium,No Controls,NONE DETECTED,No,NA,Improper Passing,Unknown,NA,Passenger Car,Entering Traffic Lane,55,No,2018,DODGE,CHARGER,39.14635492,-77.21486116,2025,4,22
250015020,Property Damage Crash,04/06/2025 10:36:00 PM,IS 270 LOCAL LANES (NB),NA,"Sideswipe, Same Direction",Rain,Wet,Medium,No Controls,NONE DETECTED,No,No Apparent Injury,NA,Not Distracted,MD,Van - Passenger (&lt;9 Seats),Moving Constant Speed,55,No,2017,TOYOTA,SIENNA,39.14635492,-77.21486116,2025,4,22
250015538,Property Damage Crash,04/06/2025 09:03:00 PM,WATERS LANDING DR,NA,Single Vehicle,Cloudy,Wet,Medium,Stop Sign,NONE DETECTED,Yes,No Apparent Injury,NA,Unknown,MD,Sport Utility Vehicle,Turning Right,25,No,2020,HONDA,CR-V,39.19293997,-77.27490869,2025,4,21
250015015,Property Damage Crash,04/06/2025 08:30:00 PM,HARKNESS LA,NA,Front to Rear,Rain,Wet,Medium,No Controls,NONE DETECTED,No,NA,NA,NA,NA,NA,Moving Constant Speed,30,No,0,NA,NA,39.16913434,-77.189452,2025,4,20
250015015,Property Damage Crash,04/06/2025 08:30:00 PM,HARKNESS LA,NA,Front to Rear,Rain,Wet,Medium,No Controls,NONE DETECTED,No,No Apparent Injury,NA,Not Distracted,MD,Passenger Car,Slowing or Stopping,30,No,2018,MERCEDES-BENZ,CLA-CLASS,39.16913434,-77.189452,2025,4,20