Local Case Number,ACRS Report Type,Crash Date/Time,Road Name,Related Non-Motorist,Collision Type,Weather,Surface Condition,Light,Traffic Control,Driver Substance Abuse,Driver At Fault,Injury Severity,Circumstance,Driver Distracted By,Drivers License State,Vehicle Body Type,Vehicle Movement,Speed Limit,Driverless Vehicle,Vehicle Year,Vehicle Make,Vehicle Model,Latitude,Longitude,Year,Month,Hour
250015016,Property Damage Crash,04/06/2025 08:27:00 PM,CLARIDGE RD,NA,Front to Rear,Rain,Wet,Medium,No Controls,ALCOHOL PRESENT,Yes,No Apparent Injury,NA,Not Distracted,NA,Passenger Car,Moving Constant Speed,25,No,2010,HONDA,CIVIC,39.05113917,-77.06675733,2025,4,20
250015012,Injury Crash,04/06/2025 07:42:00 PM,NEW HAMPSHIRE AVE,NA,"Sideswipe, Same Direction",Cloudy,Dry,Medium,Traffic Control Signal,ALCOHOL PRESENT,Yes,No Apparent Injury,NA,Not Distracted,MD,Passenger Car,Changing Lanes,40,No,2007,NISSAN,SENTRA,39.02061217,-76.97657883,2025,4,19
250015012,Injury Crash,04/06/2025 07:42:00 PM,NEW HAMPSHIRE AVE,NA,"Sideswipe, Same Direction",Cloudy,Dry,Medium,Traffic Control Signal,NONE DETECTED,No,Possible Minor Injury,NA,Not Distracted,MD,Passenger Car,Moving Constant Speed,40,No,2014,HONDA,CIVIC,39.02061217,-76.97657883,2025,4,19
250015008,Injury Crash,04/06/2025 07:30:00 PM,N SUMMIT AVE,NA,Front to Rear,Clear,Dry,Medium,Traffic Control Signal,NONE DETECTED,No,Possible Minor Injury,NA,Not Distracted,MD,Passenger Car,Moving Constant Speed,25,No,2019,TOYOTA,RAV4,39.14209883,-77.19329017,2025,4,19
250015008,Injury Crash,04/06/2025 07:30:00 PM,N SUMMIT AVE,NA,Front to Rear,Clear,Dry,Medium,Traffic Control Signal,NONE DETECTED,No,No Apparent Injury,NA,Not Distracted,MD,Passenger Car,Slowing or Stopping,25,No,2018,HONDA,ACCORD,39.14209883,-77.19329017,2025,4,19
250015006,Property Damage Crash,04/06/2025 07:00:00 PM,CALVERTON BLVD,NA,Other,Rain,Wet,Medium,No Controls,NONE DETECTED,Yes,No Apparent Injury,NA,Unknown,NA,Van - Passenger (&lt;9 Seats),Accelerating,30,No,2013,FORD,E-350,39.0569785,-76.95108183,2025,4,19
250015006,Property Damage Crash,04/06/2025 07:00:00 PM,CALVERTON BLVD,NA,Other,Rain,Wet,Medium,No Controls,NONE DETECTED,No,No Apparent Injury,NA,Not Distracted,MD,Passenger Car,Moving Constant Speed,30,No,2022,TOYOTA,4-RUNNER,39.0569785,-76.95108183,2025,4,19
250015007,Property Damage Crash,04/06/2025 06:53:00 PM,OLD GEORGETOWN RD,NA,"Sideswipe, Same Direction",Cloudy,Dry,Daylight,No Controls,NONE DETECTED,No,No Apparent Injury,NA,Not Distracted,VA,Passenger Car,Moving Constant Speed,35,No,2016,TOYOTA,COROLLA,39.04008417,-77.1222435,2025,4,18
250015007,Property Damage Crash,04/06/2025 06:53:00 PM,OLD GEORGETOWN RD,NA,"Sideswipe, Same Direction",Cloudy,Dry,Daylight,No Controls,NONE DETECTED,No,No Apparent Injury,NA,Not Distracted,MD,Bus - Transit,Changing Lanes,35,No,2016,GILLIG,LOW FLOOR BUS,39.04008417,-77.1222435,2025,4,18
250014996,Property Damage Crash,04/06/2025 04:00:00 PM,NA,NA,Single Vehicle,Clear,NA,Daylight,NA,NONE DETECTED,Yes,No Apparent Injury,NA,Unknown,NA,Passenger Car,Accelerating,0,No,2021,LEXUS,GX,39.05289278,-76.95406864,2025,4,16
250014988,Property Damage Crash,04/06/2025 03:33:00 PM,MONTGOMERY VILLAGE AVE,NA,Front to Rear,Clear,Wet,Daylight,No Controls,NONE DETECTED,No,No Apparent Injury,NA,Not Distracted,MD,Sport Utility Vehicle,Slowing or Stopping,35,No,1999,TOYOTA,4-RUNNER,39.157274,-77.20520917,2025,4,15
250014988,Property Damage Crash,04/06/2025 03:33:00 PM,MONTGOMERY VILLAGE AVE,NA,Front to Rear,Clear,Wet,Daylight,No Controls,NONE DETECTED,Yes,No Apparent Injury,Followed Too Closely,Unknown,MD,Sport Utility Vehicle,Moving Constant Speed,35,No,2013,HONDA,PILOT,39.157274,-77.20520917,2025,4,15
250014979,Injury Crash,04/06/2025 01:51:00 PM,NEW HAMPSHIRE AVE,NA,Front to Rear,Cloudy,Wet,Daylight,Traffic Control Signal,NONE DETECTED,No,Possible Minor Injury,NA,Not Distracted,MD,Passenger Car,Stopped in Traffic,40,No,2023,TOYOTA,RAV4,39.07663952,-77.00163732,2025,4,13
250014979,Injury Crash,04/06/2025 01:51:00 PM,NEW HAMPSHIRE AVE,NA,Front to Rear,Cloudy,Wet,Daylight,Traffic Control Signal,NONE DETECTED,No,NA,"Followed Too Closely, Too Fast For Conditions",Unknown,NA,Unknown,Slowing or Stopping,40,No,0,NA,NA,39.07663952,-77.00163732,2025,4,13
250014980,Property Damage Crash,04/06/2025 01:46:00 PM,GEORGIA AVE (SB/L),NA,"Sideswipe, Same Direction",Cloudy,Dry,Daylight,Traffic Control Signal,NONE DETECTED,Yes,No Apparent Injury,NA,Unknown,MD,Passenger Car,Turning Left,35,No,2023,CHEVROLET,SILVERADO,39.04721677,-77.05203253,2025,4,13
250014980,Property Damage Crash,04/06/2025 01:46:00 PM,GEORGIA AVE (SB/L),NA,"Sideswipe, Same Direction",Cloudy,Dry,Daylight,Traffic Control Signal,NONE DETECTED,No,No Apparent Injury,NA,Not Distracted,MD,Sport Utility Vehicle,Stopped in Traffic,35,No,2020,CHEVROLET,TAHOE,39.04721677,-77.05203253,2025,4,13
250014968,Injury Crash,04/06/2025 01:11:00 PM,UNIVERSITY BLVD E (WB/L),NA,Angle,Clear,Dry,Daylight,Flashing Traffic Control Signal,NONE DETECTED,No,Possible Minor Injury,NA,Not Distracted,MD,Passenger Car,Moving Constant Speed,35,No,2013,FORD,F-150,38.99269967,-76.99136552,2025,4,13
250014968,Injury Crash,04/06/2025 01:11:00 PM,UNIVERSITY BLVD E (WB/L),NA,Angle,Clear,Dry,Daylight,Stop Sign,NONE DETECTED,Yes,Possible Minor Injury,Failed to Yield Right-of-Way,Not Distracted,TX,Passenger Car,Accelerating,25,No,2015,VOLKSWAGEN,GOLF,38.99269967,-76.99136552,2025,4,13
250014964,Property Damage Crash,04/06/2025 12:04:00 PM,RANDOLPH RD (WB/L),NA,Other,Rain,Wet,Daylight,Traffic Control Signal,NONE DETECTED,Yes,No Apparent Injury,NA,Unknown,MD,Passenger Car,Changing Lanes,35,No,2016,HYUNDAI,ELANTRA,39.06646996,-77.03036935,2025,4,12
250014964,Property Damage Crash,04/06/2025 12:04:00 PM,RANDOLPH RD (WB/L),NA,Other,Rain,Wet,Daylight,Traffic Control Signal,NONE DETECTED,No,No Apparent Injury,NA,Not Distracted,MD,Passenger Car,Moving Constant Speed,35,No,2023,HONDA,CR-V,39.06646996,-77.03036935,2025,4,12
250014953,Property Damage Crash,04/06/2025 10:40:00 AM,NA,NA,Rear To Side,Cloudy,NA,Daylight,NA,NONE DETECTED,No,No Apparent Injury,NA,Unknown,MD,Passenger Car,Slowing or Stopping,0,No,2017,TOYOTA,CAMRY,39.0749481,-77.134006,2025,4,10
250015501,Property Damage Crash,04/06/2025 03:00:00 AM,NA,NA,Angle,Clear,NA,Medium,NA,NONE DETECTED,Yes,No Apparent Injury,Improper Backing,Not Distracted,NA,Pickup,Backing,0,No,2015,FORD,F-150,39.14179437,-77.19494574,2025,4,3
250015501,Property Damage Crash,04/06/2025 03:00:00 AM,NA,NA,Angle,Clear,NA,Medium,NA,NONE DETECTED,No,No Apparent Injury,NA,Not Distracted,MD,Sport Utility Vehicle,Parked,0,No,2020,JEEP,GRAND CHEROKEE,39.14179437,-77.19494574,2025,4,3
250015288,Property Damage Crash,04/06/2025 02:00:00 AM,SAM EIG HWY,NA,Single Vehicle,Cloudy,Dry,Dark,No Controls,NONE DETECTED,No,No Apparent Injury,NA,Not Distracted,MD,Passenger Car,Accelerating,55,No,2005,VOLKSWAGEN,PASSENGER,39.117834,-77.20587883,2025,4,2
250014926,Property Damage Crash,04/06/2025 01:48:00 AM,WELLER RD,NA,"Sideswipe, Same Direction",Clear,Dry,Medium,No Controls,ALCOHOL PRESENT,No,No Apparent Injury,"Operated Motor Vehicle in Inattentive, Careless, Negligent, or Erratic Manner",Not Distracted,MD,Passenger Car,Moving Constant Speed,30,No,2016,TOYOTA,COROLLA,39.06371276,-77.07129784,2025,4,1
250014927,Property Damage Crash,04/06/2025 01:37:00 AM,NA,NA,Single Vehicle,Clear,Dry,Dark,No Controls,ALCOHOL PRESENT,Yes,No Apparent Injury,Ran Off Roadway,NA,MD,Passenger Car,Moving Constant Speed,50,No,1999,TOYOTA,COROLLA,39.21148873,-77.17141701,2025,4,1
250014923,Property Damage Crash,04/06/2025 01:02:00 AM,SLIGO AVE,NA,Other,Clear,Dry,Medium,Stop Sign,NONE DETECTED,No,NA,NA,NA,NA,NA,Moving Constant Speed,25,No,0,NA,NA,38.99021062,-77.02394303,2025,4,1
250014923,Property Damage Crash,04/06/2025 01:02:00 AM,SLIGO AVE,NA,Other,Clear,Dry,Medium,Flashing Traffic Control Signal,NONE DETECTED,No,No Apparent Injury,NA,Not Distracted,MD,Passenger Car,Moving Constant Speed,25,No,2017,HONDA,ACCORD,38.99021062,-77.02394303,2025,4,1
250014924,Property Damage Crash,04/06/2025 12:54:00 AM,NA,NA,Other,Clear,NA,Medium,NA,NONE DETECTED,No,No Apparent Injury,"Operated Motor Vehicle in Inattentive, Careless, Negligent, or Erratic Manner, Ran Off Roadway",Unknown,NA,Sport Utility Vehicle,Moving Constant Speed,0,No,2006,CHEVROLET,AVALANCHE,38.99783997,-77.05169977,2025,4,0
250014925,Fatal Crash,04/06/2025 12:04:00 AM,NA,NA,Single Vehicle,Cloudy,Wet,Medium,Stop Sign,DRUG AND ALCOHOL CONTRIBUTED,Yes,Fatal Injury,"Operated Motor Vehicle in Inattentive, Careless, Negligent, or Erratic Manner, Ran Stop Sign, Wrong Side",Unknown,MD,Passenger Car,Moving Constant Speed,25,No,2023,FORD,MUSTANG,39.16225977,-77.21655401,2025,4,0
250014920,Property Damage Crash,04/05/2025 11:14:00 PM,PERSIMMON TREE RD,NA,Unknown,Clear,Dry,Dark,No Controls,NONE DETECTED,No,No Apparent Injury,NA,Not Distracted,MD,Passenger Car,Moving Constant Speed,35,No,2025,KIA,K5,38.98908417,-77.17893883,2025,4,23
250014920,Property Damage Crash,04/05/2025 11:14:00 PM,PERSIMMON TREE RD,NA,Unknown,Clear,Dry,Dark,No Controls,NONE DETECTED,Yes,No Apparent Injury,NA,Not Distracted,MD,Passenger Car,Slowing or Stopping,35,No,2022,TOYOTA,HIGHLANDER,38.98908417,-77.17893883,2025,4,23
250014921,Property Damage Crash,04/05/2025 10:16:00 PM,NA,NA,"Sideswipe, Same Direction",Clear,Dry,Medium,No Controls,NONE DETECTED,No,No Apparent Injury,NA,Not Distracted,MD,Passenger Car,Overtaking/Passing,35,No,2019,NISSAN,ROGUE,39.1568157,-77.26744961,2025,4,22
250014921,Property Damage Crash,04/05/2025 10:16:00 PM,NA,NA,"Sideswipe, Same Direction",Clear,Dry,Medium,No Controls,NONE DETECTED,No,NA,NA,NA,NA,Passenger Car,Overtaking/Passing,35,No,2015,HONDA,ACCORD,39.1568157,-77.26744961,2025,4,22
250014901,Injury Crash,04/05/2025 07:30:00 PM,RAMP 12 FR SHADY GROVE RD NB TO RAMP 11,NA,Angle,Clear,Dry,Medium,Traffic Control Signal,NONE DETECTED,No,Possible Minor Injury,NA,Not Distracted,MD,Passenger Car,Moving Constant Speed,35,No,1967,CHEVROLET,CHEVELLE,39.13107087,-77.16128877,2025,4,19
250014901,Injury Crash,04/05/2025 07:30:00 PM,RAMP 12 FR SHADY GROVE RD NB TO RAMP 11,NA,Angle,Clear,Dry,Medium,Traffic Control Signal,NONE DETECTED,Yes,Possible Minor Injury,NA,"Other Action (looking away from task, etc.)",MD,Passenger Car,Making U-Turn,35,No,2000,AUDI,A4,39.13107087,-77.16128877,2025,4,19
250014900,Injury Crash,04/05/2025 07:12:00 PM,NA,NA,"Sideswipe, Same Direction",Clear,Dry,Daylight,No Controls,NONE DETECTED,No,Suspected Serious Injury,NA,Not Distracted,DC,Motorcycle - 2 Wheeled,Moving Constant Speed,35,No,2004,SUZUKI,GSX-R1000K,38.98700512,-77.02673331,2025,4,19
250014900,Injury Crash,04/05/2025 07:12:00 PM,NA,NA,"Sideswipe, Same Direction",Clear,Dry,Daylight,No Controls,NONE DETECTED,Yes,No Apparent Injury,Failed to Yield Right-of-Way,Not Distracted,DC,Passenger Car,Entering Traffic Lane,35,No,2023,TOYOTA,COROLLA CROSS,38.98700512,-77.02673331,2025,4,19
250014902,Property Damage Crash,04/05/2025 06:40:00 PM,RIDGE RD (NB/L),NA,Front to Front,Cloudy,Dry,Daylight,Traffic Control Signal,NONE DETECTED,No,NA,NA,NA,NA,Passenger Car,Backing,45,No,2022,TESLA,MODEL 3,39.20166074,-77.25360766,2025,4,18
250014902,Property Damage Crash,04/05/2025 06:40:00 PM,RIDGE RD (NB/L),NA,Front to Front,Cloudy,Dry,Daylight,Traffic Control Signal,NONE DETECTED,No,No Apparent Injury,NA,Not Distracted,MD,Passenger Car,Stopped in Traffic,45,No,2023,TOYOTA,COROLLA,39.20166074,-77.25360766,2025,4,18
250014893,Property Damage Crash,04/05/2025 06:30:00 PM,HERITAGE HILLS DR,NA,Single Vehicle,Clear,Dry,Daylight,No Controls,ALCOHOL PRESENT,Yes,No Apparent Injury,Other Improper Action,Not Distracted,MD,Passenger Car,Moving Constant Speed,25,No,2014,FORD,FOCUS,39.15829319,-77.07152139,2025,4,18
250014887,Injury Crash,04/05/2025 06:10:00 PM,BRINK RD,NA,Single Vehicle,Clear,Dry,Daylight,No Controls,NONE DETECTED,No,Possible Minor Injury,Ran Off Roadway,"Other Action (looking away from task, etc.)",MD,Passenger Car,Moving Constant Speed,35,No,2017,HONDA,ACCORD,39.201696,-77.19171867,2025,4,18
250014885,Property Damage Crash,04/05/2025 06:07:00 PM,NA,NA,Single Vehicle,Clear,NA,Daylight,NA,NONE DETECTED,No,No Apparent Injury,NA,Unknown,MD,Passenger Car,Accelerating,0,No,2009,TOYOTA,CAMRY,39.0557595,-76.95492667,2025,4,18
250014886,Property Damage Crash,04/05/2025 06:06:00 PM,COLUMBIA PIKE,NA,Angle,Clear,Dry,Daylight,Traffic Control Signal,NONE DETECTED,Yes,No Apparent Injury,NA,Not Distracted,MD,Passenger Car,Changing Lanes,50,No,2020,NISSAN,ALTIMA,39.07324117,-76.95592683,2025,4,18
250014886,Property Damage Crash,04/05/2025 06:06:00 PM,COLUMBIA PIKE,NA,Angle,Clear,Dry,Daylight,Traffic Control Signal,NONE DETECTED,No,No Apparent Injury,NA,Not Distracted,MD,Passenger Car,Moving Constant Speed,50,No,2013,TOYOTA,SCION TC,39.07324117,-76.95592683,2025,4,18
250014881,Injury Crash,04/05/2025 05:35:00 PM,SPUR HILL DR,NA,Rear To Side,Clear,Dry,Daylight,No Controls,NONE DETECTED,No,Possible Minor Injury,NA,Not Distracted,MD,Passenger Car,Moving Constant Speed,30,No,2018,CHEVROLET,MALIBU,39.1856375,-77.19130983,2025,4,17
250014881,Injury Crash,04/05/2025 05:35:00 PM,SPUR HILL DR,NA,Rear To Side,Clear,Dry,Daylight,Stop Sign,NONE DETECTED,No,Suspected Serious Injury,Failed to Yield Right-of-Way,Unknown,MD,Passenger Car,Accelerating,15,No,2018,HONDA,CIVIC,39.1856375,-77.19130983,2025,4,17
250014880,Injury Crash,04/05/2025 05:17:00 PM,FREDERICK RD (SB/L),NA,"Sideswipe, Same Direction",Clear,Dry,Daylight,Traffic Control Signal,NONE DETECTED,No,No Apparent Injury,"Failed to Keep in Proper Lane, Failed to Yield Right-of-Way, Improper Turn, Operated Motor Vehicle in Inattentive, Careless, Negligent, or Erratic Manner, Other Improper Action",Unknown,GA,Passenger Car,Making U-Turn,35,No,2016,AUDI,A3,39.11892676,-77.17184932,2025,4,17
250014880,Injury Crash,04/05/2025 05:17:00 PM,FREDERICK RD (SB/L),NA,"Sideswipe, Same Direction",Clear,Dry,Daylight,Traffic Control Signal,NONE DETECTED,No,Possible Minor Injury,NA,Not Distracted,MD,Passenger Car,Moving Constant Speed,35,No,2015,TOYOTA,SCION FR-S,39.11892676,-77.17184932,2025,4,17
250014878,Injury Crash,04/05/2025 05:02:00 PM,SUMMERSONG LA,NA,Front to Front,Clear,Dry,Daylight,No Controls,NONE DETECTED,Yes,Possible Minor Injury,NA,Unknown,MD,Passenger Car,Accelerating,35,No,2023,TOYOTA,RAV4,39.19246658,-77.27693191,2025,4,17
250014878,Injury Crash,04/05/2025 05:02:00 PM,SUMMERSONG LA,NA,Front to Front,Clear,Dry,Daylight,No Controls,NONE DETECTED,No,Possible Minor Injury,NA,Not Distracted,MD,Passenger Car,Moving Constant Speed,35,No,2014,BUICK,VERANO,39.19246658,-77.27693191,2025,4,17
250014877,Injury Crash,04/05/2025 04:45:00 PM,SEVEN LOCKS RD,NA,Front to Rear,Clear,Dry,Daylight,No Controls,NONE DETECTED,Yes,No Apparent Injury,Other Improper Action,Not Distracted,MD,Passenger Car,Moving Constant Speed,35,No,2011,TOYOTA,CAMRY,39.06219427,-77.16072306,2025,4,16
250014877,Injury Crash,04/05/2025 04:45:00 PM,SEVEN LOCKS RD,NA,Front to Rear,Clear,Dry,Daylight,No Controls,NONE DETECTED,No,Possible Minor Injury,NA,Not Distracted,MD,Sport Utility Vehicle,Moving Constant Speed,35,No,2025,MAZDA,CX-30,39.06219427,-77.16072306,2025,4,16
250014872,Injury Crash,04/05/2025 03:47:00 PM,STRATHMORE AVE,NA,Front to Rear,Cloudy,Dry,Daylight,No Controls,NONE DETECTED,No,Possible Minor Injury,NA,Not Distracted,MD,Sport Utility Vehicle,Slowing or Stopping,30,No,2016,LEXUS,RX,39.0348565,-77.09623283,2025,4,15
250014872,Injury Crash,04/05/2025 03:47:00 PM,STRATHMORE AVE,NA,Front to Rear,Cloudy,Dry,Daylight,No Controls,NONE DETECTED,No,No Apparent Injury,NA,Not Distracted,MD,Van - Passenger (&lt;9 Seats),Moving Constant Speed,30,No,2005,HONDA,ODYSSEY,39.0348565,-77.09623283,2025,4,15
250014863,Property Damage Crash,04/05/2025 02:18:00 PM,DOUGLAS AVE,NA,"Sideswipe, Same Direction",Clear,Dry,Daylight,No Controls,NONE DETECTED,No,No Apparent Injury,NA,Not Distracted,MD,Passenger Car,Moving Constant Speed,30,No,2014,TOYOTA,CAMRY,39.02449258,-77.04704104,2025,4,14
250014863,Property Damage Crash,04/05/2025 02:18:00 PM,DOUGLAS AVE,NA,"Sideswipe, Same Direction",Clear,Dry,Daylight,No Controls,NONE DETECTED,No,No Apparent Injury,NA,Not Distracted,MD,Passenger Car,Entering Traffic Lane,30,No,2014,VOLKSWAGEN,PASSAT,39.02449258,-77.04704104,2025,4,14
250014855,Property Damage Crash,04/05/2025 01:20:00 PM,GEORGIA AVE (SB/L),NA,Angle,Cloudy,Dry,Daylight,No Controls,NONE DETECTED,No,No Apparent Injury,NA,Not Distracted,MD,Passenger Car,Moving Constant Speed,35,No,2009,HONDA,CR-V,39.05939587,-77.05051677,2025,4,13
250014855,Property Damage Crash,04/05/2025 01:20:00 PM,GEORGIA AVE (SB/L),NA,Angle,Cloudy,Dry,Daylight,No Controls,NONE DETECTED,Yes,No Apparent Injury,NA,Not Distracted,MD,Passenger Car,Turning Left,35,No,2022,TOYOTA,COROLLA,39.05939587,-77.05051677,2025,4,13
250014851,Property Damage Crash,04/05/2025 01:00:00 PM,UNIVERSITY BLVD W,NA,Angle,Cloudy,Dry,Daylight,Traffic Control Signal,NONE DETECTED,No,No Apparent Injury,NA,Not Distracted,MD,Bus - Transit,Changing Lanes,35,No,2019,NEW FLYER,XCELSIOR,39.01976033,-77.01350733,2025,4,13
250014851,Property Damage Crash,04/05/2025 01:00:00 PM,UNIVERSITY BLVD W,NA,Angle,Cloudy,Dry,Daylight,Traffic Control Signal,NONE DETECTED,No,No Apparent Injury,NA,Not Distracted,MD,Passenger Car,Turning Right,35,No,2009,HONDA,ACCORD,39.01976033,-77.01350733,2025,4,13
250014853,Injury Crash,04/05/2025 12:51:00 PM,W MONTGOMERY AVE,NA,Front to Rear,Cloudy,Wet,Daylight,Yield Sign,NONE DETECTED,No,No Apparent Injury,NA,Not Distracted,MD,Passenger Car,Stopped in Traffic,25,No,2009,HONDA,CR-V,39.08769162,-77.17650319,2025,4,12
250014853,Injury Crash,04/05/2025 12:51:00 PM,W MONTGOMERY AVE,NA,Front to Rear,Cloudy,Wet,Daylight,Yield Sign,NONE DETECTED,No,No Apparent Injury,NA,Not Distracted,MD,Passenger Car,Slowing or Stopping,25,No,2021,CHRYSLER,PACIFICA,39.08769162,-77.17650319,2025,4,12
250014849,Property Damage Crash,04/05/2025 12:13:00 PM,ROCKVILLE PIKE (SB/L),NA,Front to Rear,Cloudy,Dry,Daylight,No Controls,NONE DETECTED,No,No Apparent Injury,NA,Not Distracted,MD,Passenger Car,Stopped in Traffic,35,No,2014,TOYOTA,RAV4,39.04723787,-77.11302344,2025,4,12
250014849,Property Damage Crash,04/05/2025 12:13:00 PM,ROCKVILLE PIKE (SB/L),NA,Front to Rear,Cloudy,Dry,Daylight,No Controls,ALCOHOL PRESENT,Yes,No Apparent Injury,NA,Not Distracted,MD,Passenger Car,Slowing or Stopping,35,No,2011,CHEVROLET,CAMARO,39.04723787,-77.11302344,2025,4,12
250014837,Injury Crash,04/05/2025 10:44:00 AM,WOODFIELD RD,NA,Single Vehicle,Rain,Wet,Daylight,Traffic Control Signal,NONE DETECTED,Yes,Possible Minor Injury,Too Fast For Conditions,Unknown,MD,Motorcycle - 2 Wheeled,Moving Constant Speed,35,No,2009,YAMAHA,XVS1300 (V STAR 1300),39.1950289,-77.15314612,2025,4,10
250014830,Injury Crash,04/05/2025 10:21:00 AM,NEEDWOOD RD,NA,Front to Front,Cloudy,Wet,Daylight,No Controls,NONE DETECTED,No,No Apparent Injury,NA,Not Distracted,MD,Passenger Car,Moving Constant Speed,30,No,2014,BMW,320I,39.128964,-77.12804617,2025,4,10
250014830,Injury Crash,04/05/2025 10:21:00 AM,NEEDWOOD RD,NA,Front to Front,Cloudy,Wet,Daylight,No Controls,NONE DETECTED,No,Possible Minor Injury,NA,Unknown,MD,Passenger Car,Leaving Traffic Lane,30,No,1998,TOYOTA,COROLLA,39.128964,-77.12804617,2025,4,10
250014823,Property Damage Crash,04/05/2025 08:40:00 AM,WARRENTON DR,NA,Angle,Cloudy,Dry,Daylight,Stop Sign,NONE DETECTED,Yes,No Apparent Injury,NA,Not Distracted,MD,Passenger Car,Turning Left,25,No,2024,LINCOLN,CORSAIR,39.05681897,-76.99686088,2025,4,8
250014823,Property Damage Crash,04/05/2025 08:40:00 AM,WARRENTON DR,NA,Angle,Cloudy,Dry,Daylight,No Controls,NONE DETECTED,No,No Apparent Injury,NA,Not Distracted,MD,Passenger Car,Moving Constant Speed,40,No,2022,NISSAN,SENTRA,39.05681897,-76.99686088,2025,4,8
250014813,Injury Crash,04/05/2025 07:07:00 AM,MUSGROVE RD,NA,Angle,Clear,Dry,Daylight,Traffic Control Signal,NONE DETECTED,Yes,No Apparent Injury,Other Improper Action,Not Distracted,DC,Sport Utility Vehicle,Moving Constant Speed,45,No,2013,TOYOTA,RAV4,39.06776581,-76.95920991,2025,4,7
250014813,Injury Crash,04/05/2025 07:07:00 AM,MUSGROVE RD,NA,Angle,Clear,Dry,Daylight,Traffic Control Signal,NONE DETECTED,Yes,Possible Minor Injury,Other Improper Action,Not Distracted,MD,Sport Utility Vehicle,Turning Left,25,No,2017,TOYOTA,RAV4,39.06776581,-76.95920991,2025,4,7
250014811,Property Damage Crash,04/05/2025 06:07:00 AM,CHERRY HILL RD,NA,Front to Front,Clear,Dry,Dark,No Controls,ALCOHOL PRESENT,No,No Apparent Injury,NA,Not Distracted,MD,Passenger Car,Moving Constant Speed,40,No,2024,HONDA,ACCORD,39.06144165,-76.95840429,2025,4,6
250014811,Property Damage Crash,04/05/2025 06:07:00 AM,CHERRY HILL RD,NA,Front to Front,Clear,Dry,Dark,No Controls,NONE DETECTED,Yes,No Apparent Injury,Improper Turn,Unknown,VA,Passenger Car,Turning Right,40,No,2019,HONDA,CR-V,39.06144165,-76.95840429,2025,4,6
250014807,Injury Crash,04/05/2025 04:25:00 AM,SUNDOWN RD,NA,Single Vehicle,Clear,Dry,Dark,No Controls,ALCOHOL PRESENT,Yes,Possible Minor Injury,NA,Unknown,MD,Passenger Car,Moving Constant Speed,50,No,2017,HONDA,ACCORD,39.21893833,-77.10193983,2025,4,4
250014795,Property Damage Crash,04/05/2025 01:10:00 AM,TWIG RD,NA,Front to Rear,Clear,Dry,Medium,No Controls,NONE DETECTED,No,No Apparent Injury,NA,Unknown,MD,Passenger Car,Moving Constant Speed,30,No,2012,HONDA,CIVIC,39.094896,-76.986446,2025,4,1
250014794,Property Damage Crash,04/05/2025 01:01:00 AM,FALLS RD,NA,Single Vehicle,Clear,Dry,Medium,No Controls,NONE DETECTED,No,No Apparent Injury,Ran Off Roadway,Not Distracted,US,Passenger Car,Moving Constant Speed,35,No,2020,HONDA,HR-V,39.030528,-77.2015865,2025,4,1
250014792,Injury Crash,04/04/2025 11:43:00 PM,16TH ST,NA,Front to Front,Clear,Dry,Medium,Traffic Control Signal,NONE DETECTED,Yes,Possible Minor Injury,NA,Not Distracted,MD,Passenger Car,Turning Left,35,No,2016,MAZDA,CX-5,38.9945111,-77.0362407,2025,4,23
250014792,Injury Crash,04/04/2025 11:43:00 PM,16TH ST,NA,Front to Front,Clear,Dry,Medium,Traffic Control Signal,NONE DETECTED,No,Suspected Serious Injury,NA,Unknown,NA,Moped Or motorized bicycle,Moving Constant Speed,30,No,2024,ZNEN,FRIGATE,38.9945111,-77.0362407,2025,4,23
250014783,Property Damage Crash,04/04/2025 09:40:00 PM,SOMERSET TERRACE,NA,Single Vehicle,Clear,Dry,Medium,Traffic Control Signal,NONE DETECTED,Yes,No Apparent Injury,"Failed to Keep in Proper Lane, Operated Motor Vehicle in Inattentive, Careless, Negligent, or Erratic Manner, Other Improper Action",Unknown,MD,Sport Utility Vehicle,Moving Constant Speed,35,No,2019,TOYOTA,RAV4,38.96540539,-77.08801263,2025,4,21