Local Case Number,ACRS Report Type,Crash Date/Time,Road Name,Related Non-Motorist,Collision Type,Weather,Surface Condition,Light,Traffic Control,Driver Substance Abuse,Driver At Fault,Injury Severity,Circumstance,Driver Distracted By,Drivers License State,Vehicle Body Type,Vehicle Movement,Speed Limit,Driverless Vehicle,Vehicle Year,Vehicle Make,Vehicle Model,Latitude,Longitude,Year,Month,Hour
250014464,Property Damage Crash,04/03/2025 09:12:00 AM,GERMANTOWN RD,NA,Angle,Rain,Wet,Daylight,Traffic Control Signal,NONE DETECTED,No,No Apparent Injury,NA,Not Distracted,NY,Sport Utility Vehicle,Stopped in Traffic,25,No,2024,CHEVROLET,TRAILBLAZER,39.18846483,-77.25145917,2025,4,9
250014464,Property Damage Crash,04/03/2025 09:12:00 AM,GERMANTOWN RD,NA,Angle,Rain,Wet,Daylight,Traffic Control Signal,NONE DETECTED,No,No Apparent Injury,NA,Not Distracted,MD,Passenger Car,Moving Constant Speed,40,No,2024,KIA,SPORTAGE,39.18846483,-77.25145917,2025,4,9
250014466,Injury Crash,04/03/2025 09:10:00 AM,BRIGGS CHANEY RD,NA,Angle,Rain,Wet,Daylight,Traffic Control Signal,NONE DETECTED,No,Possible Minor Injury,NA,Not Distracted,MD,Passenger Car,Moving Constant Speed,40,No,2018,FORD,ESCAPE,39.07296701,-76.93906408,2025,4,9
250014466,Injury Crash,04/03/2025 09:10:00 AM,BRIGGS CHANEY RD,NA,Angle,Rain,Wet,Daylight,Traffic Control Signal,NONE DETECTED,No,Possible Minor Injury,"Failed to Yield Right-of-Way, Improper Turn",Unknown,MD,Van - Passenger (&lt;9 Seats),Turning Left,40,No,2019,NISSAN,NV200,39.07296701,-76.93906408,2025,4,9
250014463,Property Damage Crash,04/03/2025 09:00:00 AM,DAVENPORT TERR,NA,Single Vehicle,Rain,Wet,Daylight,No Controls,NONE DETECTED,No,No Apparent Injury,NA,Unknown,MD,Bus - School,Backing,15,No,2017,THOMAS BUILT,HDX,38.9711605,-77.130065,2025,4,9
250014110,Injury Crash,04/03/2025 08:24:00 AM,DALE DR,NA,Single Vehicle,Clear,Dry,Daylight,Stop Sign,NONE DETECTED,No,Possible Minor Injury,NA,Not Distracted,MD,Passenger Car,NA,30,No,2022,CHEVROLET,SUBURBAN,39.0079632,-77.03275066,2025,4,8
250014458,Injury Crash,04/03/2025 07:55:00 AM,CEDAR LA,NA,Front to Rear,Rain,Wet,Daylight,Traffic Control Signal,NONE DETECTED,No,No Apparent Injury,NA,Not Distracted,MD,Passenger Car,Slowing or Stopping,25,No,2010,TOYOTA,VENZA,39.00807577,-77.0945842,2025,4,7
250014458,Injury Crash,04/03/2025 07:55:00 AM,CEDAR LA,NA,Front to Rear,Rain,Wet,Daylight,Traffic Control Signal,NONE DETECTED,Yes,No Apparent Injury,"Followed Too Closely, Too Fast For Conditions",Unknown,MD,Passenger Car,Moving Constant Speed,25,No,2006,SUBARU,BAJA,39.00807577,-77.0945842,2025,4,7
250014453,Property Damage Crash,04/03/2025 07:52:00 AM,GEORGIA AVE (SB/L),NA,Front to Rear,Cloudy,Wet,Daylight,No Controls,NONE DETECTED,Yes,No Apparent Injury,NA,Not Distracted,MD,Passenger Car,Changing Lanes,45,No,2021,NISSAN,KICKS,39.122431,-77.07373,2025,4,7
250014453,Property Damage Crash,04/03/2025 07:52:00 AM,GEORGIA AVE (SB/L),NA,Front to Rear,Cloudy,Wet,Daylight,No Controls,NONE DETECTED,No,No Apparent Injury,NA,Not Distracted,MD,Passenger Car,Slowing or Stopping,45,No,2001,FORD,RANGER,39.122431,-77.07373,2025,4,7
250014449,Property Damage Crash,04/03/2025 07:19:00 AM,CONNECTICUT AVE,NA,Angle,Rain,Wet,Daylight,Traffic Control Signal,NONE DETECTED,No,No Apparent Injury,NA,Not Distracted,MD,Passenger Car,Moving Constant Speed,35,No,2020,HONDA,ACCORD,39.09184563,-77.07027778,2025,4,7
250014449,Property Damage Crash,04/03/2025 07:19:00 AM,CONNECTICUT AVE,NA,Angle,Rain,Wet,Daylight,Traffic Control Signal,NONE DETECTED,Yes,No Apparent Injury,NA,Not Distracted,MD,Passenger Car,Turning Left,35,No,2012,TOYOTA,CAMRY,39.09184563,-77.07027778,2025,4,7
250014447,Property Damage Crash,04/03/2025 06:40:00 AM,NA,NA,Angle,Rain,Wet,Dark,No Controls,NONE DETECTED,No,No Apparent Injury,NA,Not Distracted,MD,Passenger Car,Moving Constant Speed,35,No,2009,NISSAN,ROGUE,39.17005374,-77.20915164,2025,4,6
250014447,Property Damage Crash,04/03/2025 06:40:00 AM,NA,NA,Angle,Rain,Wet,Dark,No Controls,NONE DETECTED,Yes,No Apparent Injury,Failed to Yield Right-of-Way,Unknown,MD,Passenger Car,Entering Traffic Lane,35,No,2008,MINI,COOPER,39.17005374,-77.20915164,2025,4,6
250014445,Injury Crash,04/03/2025 06:10:00 AM,NA,NA,Angle,Rain,Wet,Dark,No Controls,NONE DETECTED,No,Possible Minor Injury,Failed to Yield Right-of-Way,Unknown,MD,Passenger Car,Entering Traffic Lane,30,No,2017,LINCOLN,MKZ,39.081023450000004,-76.94237778,2025,4,6
250014445,Injury Crash,04/03/2025 06:10:00 AM,NA,NA,Angle,Rain,Wet,Dark,No Controls,NONE DETECTED,No,No Apparent Injury,NA,Not Distracted,MD,Passenger Car,Moving Constant Speed,30,No,2012,TOYOTA,PRIUS V,39.081023450000004,-76.94237778,2025,4,6
250014444,Property Damage Crash,04/03/2025 06:00:00 AM,NA,NA,Front to Rear,Rain,Wet,Medium,No Controls,NONE DETECTED,Yes,No Apparent Injury,Followed Too Closely,Not Distracted,MD,Van - Cargo,Moving Constant Speed,35,No,2016,CHEVROLET,EXPRESS,39.15381167,-77.16983667,2025,4,6
250014444,Property Damage Crash,04/03/2025 06:00:00 AM,NA,NA,Front to Rear,Rain,Wet,Medium,No Controls,NONE DETECTED,No,No Apparent Injury,NA,Not Distracted,MD,Pickup,Slowing or Stopping,35,No,2015,CHEVROLET,SILVERADO,39.15381167,-77.16983667,2025,4,6
250014442,Property Damage Crash,04/03/2025 04:24:00 AM,MT PISGAH RD,NA,Single Vehicle,Rain,Wet,Dark,No Controls,NONE DETECTED,Yes,No Apparent Injury,NA,Unknown,NA,Passenger Car,Moving Constant Speed,25,No,2020,FORD,FUSION,39.01404865,-76.97749214,2025,4,4
250014427,Property Damage Crash,04/02/2025 09:20:00 PM,NA,NA,Front to Rear,Clear,Dry,Medium,Traffic Control Signal,DRUG AND ALCOHOL CONTRIBUTED,No,No Apparent Injury,Other Improper Action,Not Distracted,MD,Passenger Car,Moving Constant Speed,30,No,2024,HYUNDAI,VENUE,39.15249139,-77.19244774,2025,4,21
250014427,Property Damage Crash,04/02/2025 09:20:00 PM,NA,NA,Front to Rear,Clear,Dry,Medium,Traffic Control Signal,NONE DETECTED,No,No Apparent Injury,NA,Not Distracted,MD,Passenger Car,Stopped in Traffic,30,No,2023,TOYOTA,RAV4,39.15249139,-77.19244774,2025,4,21
250014416,Injury Crash,04/02/2025 07:56:00 PM,LONGMEAD CROSSING DR,NA,Front to Front,Clear,Dry,Medium,Traffic Control Signal,NONE DETECTED,No,Possible Minor Injury,NA,Not Distracted,MD,Passenger Car,Moving Constant Speed,35,No,2012,HONDA,ACCORD,39.09572867,-77.0445785,2025,4,19
250014416,Injury Crash,04/02/2025 07:56:00 PM,LONGMEAD CROSSING DR,NA,Front to Front,Clear,Dry,Medium,Traffic Control Signal,NONE DETECTED,Yes,Possible Minor Injury,Failed to Yield Right-of-Way,Not Distracted,MD,Passenger Car,Turning Left,35,No,2020,TOYOTA,COROLLA,39.09572867,-77.0445785,2025,4,19
250014413,Injury Crash,04/02/2025 07:44:00 PM,MONTROSE RD,NA,Rear To Side,Clear,Dry,Medium,Traffic Control Signal,NONE DETECTED,Yes,No Apparent Injury,NA,Unknown,MD,Passenger Car,Turning Left,35,No,2023,TOYOTA,COROLLA,39.053188,-77.1361055,2025,4,19
250014413,Injury Crash,04/02/2025 07:44:00 PM,MONTROSE RD,NA,Rear To Side,Clear,Dry,Medium,Traffic Control Signal,NONE DETECTED,No,Possible Minor Injury,NA,Not Distracted,MD,Station Wagon,Moving Constant Speed,35,No,2006,VOLVO,V70,39.053188,-77.1361055,2025,4,19
250014403,Property Damage Crash,04/02/2025 06:54:00 PM,NA,NA,Angle,Clear,Dry,Daylight,Traffic Control Signal,NONE DETECTED,No,No Apparent Injury,NA,Not Distracted,MD,Passenger Car,Turning Left,30,No,2021,LINCOLN,AVIATOR,38.97806071,-77.09873435,2025,4,18
250014403,Property Damage Crash,04/02/2025 06:54:00 PM,NA,NA,Angle,Clear,Dry,Daylight,Traffic Control Signal,NONE DETECTED,No,No Apparent Injury,NA,Not Distracted,MD,Passenger Car,Moving Constant Speed,30,No,2014,CHEVROLET,SILVERADO,38.97806071,-77.09873435,2025,4,18
250014395,Property Damage Crash,04/02/2025 05:40:00 PM,NA,NA,Angle,Cloudy,Dry,Daylight,No Controls,NONE DETECTED,No,No Apparent Injury,NA,Not Distracted,MD,Passenger Car,Entering Traffic Lane,45,No,2003,TOYOTA,COROLLA,39.10977349,-76.99662753,2025,4,17
250014395,Property Damage Crash,04/02/2025 05:40:00 PM,NA,NA,Angle,Cloudy,Dry,Daylight,No Controls,NONE DETECTED,No,No Apparent Injury,NA,Not Distracted,MD,Passenger Car,Moving Constant Speed,45,No,2006,HONDA,ACCORD,39.10977349,-76.99662753,2025,4,17
250014393,Injury Crash,04/02/2025 05:25:00 PM,ASTON MANOR DR,Pedestrian,Single Vehicle,Clear,Dry,Daylight,Stop Sign,NONE DETECTED,No,No Apparent Injury,NA,Not Distracted,MD,Passenger Car,Accelerating,30,No,2016,TOYOTA,CAMRY,39.07603717,-76.9408805,2025,4,17
250014384,Property Damage Crash,04/02/2025 04:49:00 PM,NA,NA,Single Vehicle,Clear,Dry,Daylight,Stop Sign,NONE DETECTED,Yes,No Apparent Injury,NA,Unknown,MD,Passenger Car,Moving Constant Speed,15,No,2025,TOYOTA,CAMRY,39.10465687,-77.05638958,2025,4,16
250014390,Injury Crash,04/02/2025 04:45:00 PM,THOMPSON RD,NA,Angle,Clear,Dry,Daylight,No Controls,NONE DETECTED,No,No Apparent Injury,NA,Not Distracted,MD,Passenger Car,Making U-Turn,25,No,2013,NISSAN,ROGUE,39.11087688,-76.9700041,2025,4,16
250014390,Injury Crash,04/02/2025 04:45:00 PM,THOMPSON RD,NA,Angle,Clear,Dry,Daylight,No Controls,NONE DETECTED,No,Possible Minor Injury,Followed Too Closely,Not Distracted,NA,Moped Or motorized bicycle,Accelerating,25,No,2025,TALIAH,X3,39.11087688,-76.9700041,2025,4,16
250014386,Injury Crash,04/02/2025 04:30:00 PM,MUNCASTER MILL RD (WB/L),Pedestrian,Single Vehicle,Cloudy,Dry,Daylight,No Controls,NONE DETECTED,Yes,No Apparent Injury,Other Improper Action,Not Distracted,NA,Passenger Car,Moving Constant Speed,35,No,2006,FORD,FUSION,39.15861606,-77.15992111,2025,4,16
250014383,Property Damage Crash,04/02/2025 04:23:00 PM,QUINCE ORCHARD RD,NA,Front to Rear,Cloudy,Dry,Daylight,Traffic Control Signal,NONE DETECTED,No,No Apparent Injury,NA,Not Distracted,MD,Passenger Car,Moving Constant Speed,50,No,2014,CHEVROLET,CRUZE,39.12845119,-77.2373933,2025,4,16
250014383,Property Damage Crash,04/02/2025 04:23:00 PM,QUINCE ORCHARD RD,NA,Front to Rear,Cloudy,Dry,Daylight,Traffic Control Signal,NONE DETECTED,No,No Apparent Injury,NA,Not Distracted,MD,Passenger Car,Slowing or Stopping,50,No,2014,HONDA,ACCORD,39.12845119,-77.2373933,2025,4,16
250014380,Injury Crash,04/02/2025 04:06:00 PM,YELLOWSTONE WAY,NA,Rear To Side,Clear,Dry,Daylight,Stop Sign,NONE DETECTED,Yes,No Apparent Injury,"Failed to Yield Right-of-Way, Improper Turn",Unknown,MD,Sport Utility Vehicle,Turning Right,35,No,2006,GMC,YUKON XL,39.119242,-77.161081,2025,4,16
250014380,Injury Crash,04/02/2025 04:06:00 PM,YELLOWSTONE WAY,NA,Rear To Side,Clear,Dry,Daylight,No Controls,NONE DETECTED,No,Possible Minor Injury,NA,Not Distracted,MD,Sport Utility Vehicle,Moving Constant Speed,35,No,2018,NISSAN,MURANO,39.119242,-77.161081,2025,4,16
250014382,Property Damage Crash,04/02/2025 04:00:00 PM,UNIVERSITY BLVD W (WB/L),NA,Angle,Clear,Dry,Daylight,No Controls,NONE DETECTED,No,No Apparent Injury,NA,Not Distracted,VA,Passenger Car,Moving Constant Speed,35,No,2009,NISSAN,ALTIMA,39.02188694,-77.01513913,2025,4,16
250014382,Property Damage Crash,04/02/2025 04:00:00 PM,UNIVERSITY BLVD W (WB/L),NA,Angle,Clear,Dry,Daylight,No Controls,NONE DETECTED,Yes,No Apparent Injury,NA,Unknown,MD,Passenger Car,Turning Left,35,No,1998,ACURA,CL,39.02188694,-77.01513913,2025,4,16
250014374,Property Damage Crash,04/02/2025 03:49:00 PM,MONTROSE RD (WB/L),NA,Front to Rear,Clear,Dry,Daylight,Traffic Control Signal,NONE DETECTED,Yes,No Apparent Injury,NA,Not Distracted,MD,Passenger Car,Moving Constant Speed,40,No,2024,NISSAN,ALTIMA,39.0544695,-77.14143417,2025,4,15
250014374,Property Damage Crash,04/02/2025 03:49:00 PM,MONTROSE RD (WB/L),NA,Front to Rear,Clear,Dry,Daylight,Traffic Control Signal,NONE DETECTED,No,No Apparent Injury,NA,Not Distracted,MD,Passenger Car,Slowing or Stopping,40,No,2011,TOYOTA,CAMRY,39.0544695,-77.14143417,2025,4,15
250014367,Property Damage Crash,04/02/2025 03:00:00 PM,ROCKLEDGE DR (SB/L),NA,"Sideswipe, Same Direction",Clear,Dry,Daylight,No Controls,NONE DETECTED,No,No Apparent Injury,NA,Not Distracted,MD,Passenger Car,Moving Constant Speed,35,No,2019,BMW,530E,39.02936172,-77.13217502,2025,4,15
250014367,Property Damage Crash,04/02/2025 03:00:00 PM,ROCKLEDGE DR (SB/L),NA,"Sideswipe, Same Direction",Clear,Dry,Daylight,No Controls,NONE DETECTED,No,NA,NA,NA,NA,Passenger Car,Changing Lanes,35,No,2024,BMW,X1,39.02936172,-77.13217502,2025,4,15
250014355,Property Damage Crash,04/02/2025 02:50:00 PM,N WASHINGTON ST,NA,Single Vehicle,Clear,Dry,Daylight,No Controls,NONE DETECTED,Yes,No Apparent Injury,NA,Not Distracted,MD,Sport Utility Vehicle,Negotiating a Curve,25,No,2021,FORD,EXPLORER,39.08686458,-77.15300854,2025,4,14
250014347,Injury Crash,04/02/2025 02:29:00 PM,DAWSON FARM RD,NA,Front to Rear,Clear,Dry,Daylight,Traffic Control Signal,NONE DETECTED,Yes,No Apparent Injury,Too Fast For Conditions,"Other Action (looking away from task, etc.)",MD,Passenger Car,Slowing or Stopping,40,No,2014,DODGE,CHARGER,39.17155576,-77.27741494,2025,4,14
250014347,Injury Crash,04/02/2025 02:29:00 PM,DAWSON FARM RD,NA,Front to Rear,Clear,Dry,Daylight,Traffic Control Signal,NONE DETECTED,No,No Apparent Injury,NA,Not Distracted,VA,Passenger Car,Slowing or Stopping,40,No,2018,NISSAN,ALTIMA,39.17155576,-77.27741494,2025,4,14
250014348,Property Damage Crash,04/02/2025 02:25:00 PM,NA,NA,Front to Rear,Clear,NA,Daylight,NA,NONE DETECTED,Yes,No Apparent Injury,NA,NA,NA,Passenger Car,Turning Left,0,No,2003,FORD,CROWN VICTORIA,39.0935373,-77.13233021,2025,4,14
250014340,Property Damage Crash,04/02/2025 01:30:00 PM,NA,NA,"Sideswipe, Same Direction",Cloudy,Dry,Daylight,Traffic Control Signal,NONE DETECTED,No,No Apparent Injury,NA,Not Distracted,MD,Passenger Car,Stopped in Traffic,35,No,2017,HYUNDAI,SONATA,39.18430618,-77.21094851,2025,4,13
250014340,Property Damage Crash,04/02/2025 01:30:00 PM,NA,NA,"Sideswipe, Same Direction",Cloudy,Dry,Daylight,Traffic Control Signal,NONE DETECTED,Yes,No Apparent Injury,Improper Turn,Not Distracted,MD,Bus - Transit,Turning Right,35,No,2013,GILLIG,CITY SUBURBAN BUS,39.18430618,-77.21094851,2025,4,13
250014332,Injury Crash,04/02/2025 12:50:00 PM,ROCKVILLE PIKE (SB/L),NA,Single Vehicle,Clear,Dry,Daylight,No Controls,NONE DETECTED,Yes,Possible Minor Injury,NA,Not Distracted,MD,Passenger Car,Accelerating,0,No,2002,HONDA,ACCORD,39.07452875,-77.13631212,2025,4,12
250014335,Property Damage Crash,04/02/2025 12:18:00 PM,PERSHING DR,NA,Other,Clear,Dry,Daylight,Stop Sign,NONE DETECTED,No,No Apparent Injury,NA,Not Distracted,DC,Passenger Car,Stopped in Traffic,25,No,2021,FORD,TRANSIT,38.99765174,-77.02320601,2025,4,12
250014335,Property Damage Crash,04/02/2025 12:18:00 PM,PERSHING DR,NA,Other,Clear,Dry,Daylight,No Controls,NONE DETECTED,No,No Apparent Injury,NA,Not Distracted,MD,Passenger Car,Stopped in Traffic,25,No,2016,HONDA,ODYSSEY,38.99765174,-77.02320601,2025,4,12
250014335,Property Damage Crash,04/02/2025 12:18:00 PM,PERSHING DR,NA,Other,Clear,Dry,Daylight,Stop Sign,NONE DETECTED,No,NA,NA,NA,NA,Van - Passenger (&lt;9 Seats),NA,25,No,2024,FORD,TRANSIT,38.99765174,-77.02320601,2025,4,12
250016489,Property Damage Crash,04/02/2025 12:07:00 PM,E JEFFERSON ST (WB/L),NA,"Sideswipe, Same Direction",Clear,Dry,Daylight,Traffic Control Signal,NONE DETECTED,Yes,No Apparent Injury,NA,Unknown,WV,Single-Unit Truck,Turning Left,25,No,2024,INTERNATIONAL,MV607,39.08280234,-77.15102192,2025,4,12
250016489,Property Damage Crash,04/02/2025 12:07:00 PM,E JEFFERSON ST (WB/L),NA,"Sideswipe, Same Direction",Clear,Dry,Daylight,Traffic Control Signal,NONE DETECTED,No,No Apparent Injury,NA,Not Distracted,MD,Passenger Car,Stopped in Traffic,25,No,2023,KIA,K5,39.08280234,-77.15102192,2025,4,12
250014306,Property Damage Crash,04/02/2025 09:57:00 AM,NA,NA,Front to Rear,Clear,Dry,Daylight,No Controls,NONE DETECTED,Yes,No Apparent Injury,"Followed Too Closely, Operated Motor Vehicle in Inattentive, Careless, Negligent, or Erratic Manner",Talking/listening,MD,Van - Cargo,Moving Constant Speed,40,No,2011,CHEVROLET,EXPRESS,39.22787507,-77.17747684,2025,4,9
250014306,Property Damage Crash,04/02/2025 09:57:00 AM,NA,NA,Front to Rear,Clear,Dry,Daylight,No Controls,NONE DETECTED,No,No Apparent Injury,NA,Not Distracted,MD,Passenger Car,Turning Right,40,No,2015,HONDA,CIVIC,39.22787507,-77.17747684,2025,4,9
250014304,Property Damage Crash,04/02/2025 09:43:00 AM,NORBECK RD (WB/L),NA,Front to Rear,Cloudy,Dry,Daylight,No Controls,NONE DETECTED,Yes,No Apparent Injury,NA,Not Distracted,MD,Single-Unit Truck,Slowing or Stopping,35,No,2021,FREIGHTLINER,M2,39.10664806,-77.08425639,2025,4,9
250014304,Property Damage Crash,04/02/2025 09:43:00 AM,NORBECK RD (WB/L),NA,Front to Rear,Cloudy,Dry,Daylight,No Controls,NONE DETECTED,No,No Apparent Injury,NA,Not Distracted,MD,Passenger Car,Slowing or Stopping,35,No,2015,TOYOTA,CAMRY,39.10664806,-77.08425639,2025,4,9
250014300,Property Damage Crash,04/02/2025 09:33:00 AM,CONNECTICUT AVE (SB/L),NA,"Sideswipe, Same Direction",Cloudy,Dry,Daylight,Traffic Control Signal,NONE DETECTED,No,No Apparent Injury,NA,Not Distracted,MD,Sport Utility Vehicle,Turning Right,35,No,2023,SUBARU,FORESTER,38.99978328,-77.07696097,2025,4,9
250014300,Property Damage Crash,04/02/2025 09:33:00 AM,CONNECTICUT AVE (SB/L),NA,"Sideswipe, Same Direction",Cloudy,Dry,Daylight,Traffic Control Signal,NONE DETECTED,Yes,No Apparent Injury,Disregarded Other Traffic Sign,Unknown,NA,Passenger Car,Moving Constant Speed,35,No,2008,HONDA,ACCORD,38.99978328,-77.07696097,2025,4,9
250014297,Injury Crash,04/02/2025 09:30:00 AM,RAMP 5 FR RAMP 8 TO FATHER HURLEY BLVD,NA,Angle,Clear,Dry,Daylight,Traffic Control Signal,NONE DETECTED,Yes,Possible Minor Injury,Ran Red Light,Unknown,MD,Passenger Car,Moving Constant Speed,40,No,2019,HYUNDAI,TUCSON,39.19663401,-77.26551567,2025,4,9
250014297,Injury Crash,04/02/2025 09:30:00 AM,RAMP 5 FR RAMP 8 TO FATHER HURLEY BLVD,NA,Angle,Clear,Dry,Daylight,Traffic Control Signal,NONE DETECTED,No,No Apparent Injury,NA,Not Distracted,MD,Passenger Car,Accelerating,20,No,2021,VOLVO,XC90,39.19663401,-77.26551567,2025,4,9
250014305,Property Damage Crash,04/02/2025 09:15:00 AM,NA,NA,Other,Clear,NA,Daylight,NA,NONE DETECTED,No,No Apparent Injury,NA,Unknown,MD,Pickup,Turning Right,0,No,2024,RAM,2500,39.07640824,-77.00316611,2025,4,9
250014292,Property Damage Crash,04/02/2025 09:00:00 AM,CLOPPER RD,NA,Angle,Clear,Dry,Daylight,No Controls,NONE DETECTED,No,No Apparent Injury,NA,Not Distracted,MD,Passenger Car,Stopped in Traffic,30,No,2021,HONDA,CIVIC,39.16345167,-77.284655,2025,4,9
250014292,Property Damage Crash,04/02/2025 09:00:00 AM,CLOPPER RD,NA,Angle,Clear,Dry,Daylight,No Controls,NONE DETECTED,Yes,No Apparent Injury,Failed to Yield Right-of-Way,Not Distracted,MD,Sport Utility Vehicle,Turning Left,40,No,2011,HONDA,CR-V,39.16345167,-77.284655,2025,4,9
250014292,Property Damage Crash,04/02/2025 09:00:00 AM,CLOPPER RD,NA,Angle,Clear,Dry,Daylight,No Controls,NONE DETECTED,No,No Apparent Injury,NA,Not Distracted,MD,Passenger Car,Moving Constant Speed,40,No,2012,FORD,MUSTANG,39.16345167,-77.284655,2025,4,9
250014282,Property Damage Crash,04/02/2025 08:02:00 AM,MERRIMAC DR,NA,Front to Rear,Clear,Dry,Daylight,No Controls,NONE DETECTED,No,No Apparent Injury,NA,Not Distracted,MD,Passenger Car,Making U-Turn,35,No,2015,HONDA,ACCORD,38.99273129,-76.99140222,2025,4,8
250014282,Property Damage Crash,04/02/2025 08:02:00 AM,MERRIMAC DR,NA,Front to Rear,Clear,Dry,Daylight,No Controls,NONE DETECTED,No,No Apparent Injury,NA,Not Distracted,MD,Passenger Car,Moving Constant Speed,35,No,2009,HONDA,ACCORD,38.99273129,-76.99140222,2025,4,8
250014282,Property Damage Crash,04/02/2025 08:02:00 AM,MERRIMAC DR,NA,Front to Rear,Clear,Dry,Daylight,No Controls,NONE DETECTED,Yes,No Apparent Injury,NA,Not Distracted,DC,Passenger Car,Moving Constant Speed,35,No,2023,TOYOTA,HIGHLANDER,38.99273129,-76.99140222,2025,4,8
250014283,Injury Crash,04/02/2025 08:01:00 AM,COLESVILLE RD (SB/L),NA,Front to Rear,Clear,Dry,Daylight,Traffic Control Signal,NONE DETECTED,No,No Apparent Injury,Improper Passing,Not Distracted,MD,Passenger Car,Changing Lanes,35,No,2020,CHEVROLET,SUBURBAN,39.01966109,-77.0134154,2025,4,8
250014283,Injury Crash,04/02/2025 08:01:00 AM,COLESVILLE RD (SB/L),NA,Front to Rear,Clear,Dry,Daylight,Traffic Control Signal,NONE DETECTED,No,No Apparent Injury,NA,Not Distracted,MD,Bus - Transit,Turning Right,35,No,2016,NEW FLYER,XCELSIOR,39.01966109,-77.0134154,2025,4,8
250014280,Property Damage Crash,04/02/2025 07:53:00 AM,NA,NA,Front to Rear,Clear,Dry,Daylight,School Zone Sign,NONE DETECTED,No,No Apparent Injury,NA,Not Distracted,MD,Bus - School,Turning Right,15,No,2021,THOMAS BUILT,HDX,39.0651904,-77.07170893,2025,4,7
250014280,Property Damage Crash,04/02/2025 07:53:00 AM,NA,NA,Front to Rear,Clear,Dry,Daylight,School Zone Sign,NONE DETECTED,No,NA,NA,NA,NA,Sport Utility Vehicle,Moving Constant Speed,15,No,0,NA,NA,39.0651904,-77.07170893,2025,4,7
250014279,Property Damage Crash,04/02/2025 07:15:00 AM,CLOPPER RD,NA,Front to Rear,Clear,Dry,Daylight,Traffic Control Signal,NONE DETECTED,No,No Apparent Injury,NA,Not Distracted,MD,Passenger Car,Moving Constant Speed,30,No,2015,NISSAN,ALTIMA,39.1430135,-77.22233946,2025,4,7
250014279,Property Damage Crash,04/02/2025 07:15:00 AM,CLOPPER RD,NA,Front to Rear,Clear,Dry,Daylight,Traffic Control Signal,NONE DETECTED,No,No Apparent Injury,NA,Not Distracted,MD,Sport Utility Vehicle,Moving Constant Speed,30,No,2006,CHEVROLET,EXPRESS,39.1430135,-77.22233946,2025,4,7
250014278,Injury Crash,04/02/2025 06:55:00 AM,ROCKWELL AVE,Pedestrian,Single Vehicle,Clear,Dry,Daylight,No Controls,NONE DETECTED,No,No Apparent Injury,NA,Not Distracted,MD,Passenger Car,Moving Constant Speed,25,No,2024,AUDI,A3,39.11074417,-77.19636783,2025,4,6
250014269,Property Damage Crash,04/02/2025 12:44:00 AM,VEIRS MILL RD,NA,"Sideswipe, Same Direction",Clear,Dry,Medium,No Controls,NONE DETECTED,No,NA,NA,NA,NA,Van - Passenger (&lt;9 Seats),Moving Constant Speed,35,No,0,NA,NA,39.04287328,-77.06061854,2025,4,0
250014269,Property Damage Crash,04/02/2025 12:44:00 AM,VEIRS MILL RD,NA,"Sideswipe, Same Direction",Clear,Dry,Medium,No Controls,NONE DETECTED,No,No Apparent Injury,NA,Not Distracted,MD,Bus - Transit,Slowing or Stopping,35,No,2017,GILLIG,LOW FLOOR BUS,39.04287328,-77.06061854,2025,4,0
250014263,Property Damage Crash,04/02/2025 12:00:00 AM,TEACHERS WAY,NA,Single Vehicle,Clear,Dry,Medium,No Controls,NONE DETECTED,No,No Apparent Injury,"Ran Off Roadway, Too Fast For Conditions",Not Distracted,MD,Passenger Car,Moving Constant Speed,25,No,2004,ACURA,RSX,39.14242567,-77.185675,2025,4,0