Local Case Number,ACRS Report Type,Crash Date/Time,Road Name,Related Non-Motorist,Collision Type,Weather,Surface Condition,Light,Traffic Control,Driver Substance Abuse,Driver At Fault,Injury Severity,Circumstance,Driver Distracted By,Drivers License State,Vehicle Body Type,Vehicle Movement,Speed Limit,Driverless Vehicle,Vehicle Year,Vehicle Make,Vehicle Model,Latitude,Longitude,Year,Month,Hour
250014265,Property Damage Crash,04/01/2025 11:17:00 PM,DALE DR,NA,Single Vehicle,Clear,Dry,Medium,No Controls,NONE DETECTED,Yes,No Apparent Injury,"Disregarded Other Road Markings, Failed to Keep in Proper Lane, Operated Motor Vehicle in Inattentive, Careless, Negligent, or Erratic Manner, Operated Motor Vehicle in Reckless or Aggressive Manner, Other Improper Action, Too Fast For Conditions","Other Action (looking away from task, etc.)",NA,Passenger Car,Slowing or Stopping,35,No,2018,INFINITI,Q50,39.00018368,-77.01756089,2025,4,23
250014265,Property Damage Crash,04/01/2025 11:17:00 PM,DALE DR,NA,Single Vehicle,Clear,Dry,Medium,No Controls,NONE DETECTED,No,No Apparent Injury,NA,Not Distracted,MD,Passenger Car,Slowing or Stopping,35,No,2014,DODGE,CHARGER,39.00018368,-77.01756089,2025,4,23
250014254,Property Damage Crash,04/01/2025 10:10:00 PM,NA,NA,"Sideswipe, Same Direction",Clear,Dry,Medium,Traffic Control Signal,NONE DETECTED,No,NA,NA,NA,NA,Truck Tractor,Accelerating,25,No,0,NA,NA,38.97939129,-77.09860757,2025,4,22
250014254,Property Damage Crash,04/01/2025 10:10:00 PM,NA,NA,"Sideswipe, Same Direction",Clear,Dry,Medium,Traffic Control Signal,NONE DETECTED,No,No Apparent Injury,NA,Not Distracted,MD,Other,Turning Right,25,No,2016,FREIGHTLINER,M2,38.97939129,-77.09860757,2025,4,22
250014253,Property Damage Crash,04/01/2025 10:00:00 PM,ROCKVILLE PIKE,NA,Angle,Clear,Dry,Medium,No Controls,NONE DETECTED,Yes,No Apparent Injury,NA,Not Distracted,MD,All-Terrain Vehicle/All-Terrain Cycle (ATV/ATC),Turning Left,30,No,2015,TOYOTA,HIGHLANDER,39.07515672,-77.13634938,2025,4,22
250014253,Property Damage Crash,04/01/2025 10:00:00 PM,ROCKVILLE PIKE,NA,Angle,Clear,Dry,Medium,No Controls,NONE DETECTED,No,No Apparent Injury,NA,Not Distracted,NC,Passenger Car,Moving Constant Speed,30,No,2013,HONDA,ACCORD,39.07515672,-77.13634938,2025,4,22
250014247,Property Damage Crash,04/01/2025 08:00:00 PM,NA,NA,Rear To Rear,Clear,NA,Medium,NA,NONE DETECTED,No,No Apparent Injury,NA,Unknown,MD,Passenger Car,Backing,0,No,2019,ACURA,RDX,39.02076842,-77.01277933,2025,4,20
250014247,Property Damage Crash,04/01/2025 08:00:00 PM,NA,NA,Rear To Rear,Clear,NA,Medium,NA,NONE DETECTED,No,No Apparent Injury,Improper Backing,Unknown,NA,Pickup,Backing,0,No,2024,FORD,MAVERICK,39.02076842,-77.01277933,2025,4,20
250014226,Property Damage Crash,04/01/2025 06:39:00 PM,SELFRIDGE RD,NA,"Sideswipe, Opposite Direction",Clear,Dry,Daylight,Traffic Control Signal,NONE DETECTED,Yes,No Apparent Injury,Over-Correcting/Over-Steering,Unknown,MD,Passenger Car,Turning Right,30,No,2024,FORD,TRANSIT,39.05544739,-77.08375605,2025,4,18
250014226,Property Damage Crash,04/01/2025 06:39:00 PM,SELFRIDGE RD,NA,"Sideswipe, Opposite Direction",Clear,Dry,Daylight,Traffic Control Signal,NONE DETECTED,No,No Apparent Injury,NA,Not Distracted,MD,Passenger Car,Stopped in Traffic,30,No,2011,TOYOTA,SIENNA,39.05544739,-77.08375605,2025,4,18
250014048,Injury Crash,04/01/2025 06:35:00 PM,WATERS LANDING DR,Pedestrian,Single Vehicle,Clear,Wet,Daylight,No Controls,NONE DETECTED,No,No Apparent Injury,NA,Not Distracted,MD,Passenger Car,Moving Constant Speed,35,No,2017,TOYOTA,CAMRY,39.19163817,-77.2790653,2025,4,18
250014221,Property Damage Crash,04/01/2025 06:20:00 PM,UNIVERSITY BLVD E,NA,Front to Rear,Clear,Dry,Daylight,No Controls,NONE DETECTED,No,No Apparent Injury,NA,Not Distracted,MD,Passenger Car,Moving Constant Speed,35,No,2008,CHEVROLET,SILVERADO,39.01361813,-77.00502767,2025,4,18
250014221,Property Damage Crash,04/01/2025 06:20:00 PM,UNIVERSITY BLVD E,NA,Front to Rear,Clear,Dry,Daylight,No Controls,NONE DETECTED,No,No Apparent Injury,Followed Too Closely,Unknown,NA,Passenger Car,Moving Constant Speed,35,No,2001,TOYOTA,COROLLA,39.01361813,-77.00502767,2025,4,18
250014218,Injury Crash,04/01/2025 05:59:00 PM,ATLANTIC AVE,NA,Other,Clear,Dry,Daylight,Traffic Control Signal,NONE DETECTED,Yes,Possible Minor Injury,Failed to Yield Right-of-Way,Not Distracted,MD,Passenger Car,Turning Left,35,No,2022,VOLKSWAGEN,PASSAT,39.07496395,-77.11568812,2025,4,17
250014218,Injury Crash,04/01/2025 05:59:00 PM,ATLANTIC AVE,NA,Other,Clear,Dry,Daylight,Traffic Control Signal,NONE DETECTED,No,No Apparent Injury,NA,Not Distracted,MD,Passenger Car,Turning Right,35,No,2016,BMW,M4,39.07496395,-77.11568812,2025,4,17
250014211,Property Damage Crash,04/01/2025 05:43:00 PM,GEORGIA AVE (SB/L),NA,"Sideswipe, Same Direction",Clear,Dry,Daylight,Traffic Control Signal,NONE DETECTED,Yes,No Apparent Injury,NA,Unknown,MD,Sport Utility Vehicle,Changing Lanes,35,No,2010,TOYOTA,HIGHLANDER,39.00739765,-77.03963616,2025,4,17
250014211,Property Damage Crash,04/01/2025 05:43:00 PM,GEORGIA AVE (SB/L),NA,"Sideswipe, Same Direction",Clear,Dry,Daylight,Traffic Control Signal,NONE DETECTED,No,No Apparent Injury,NA,Not Distracted,DC,Van - Cargo,Moving Constant Speed,35,No,2018,FORD,TRANSIT,39.00739765,-77.03963616,2025,4,17
250014213,Property Damage Crash,04/01/2025 05:30:00 PM,NA,NA,Front to Rear,Clear,NA,Daylight,NA,NONE DETECTED,No,No Apparent Injury,NA,Not Distracted,MD,Sport Utility Vehicle,Parked,0,No,2009,SUBARU,FORESTER,39.08519826,-77.0773789,2025,4,17
250014213,Property Damage Crash,04/01/2025 05:30:00 PM,NA,NA,Front to Rear,Clear,NA,Daylight,NA,NONE DETECTED,Yes,No Apparent Injury,NA,Unknown,MD,Pickup,Moving Constant Speed,0,No,2009,CHEVROLET,SILVERADO,39.08519826,-77.0773789,2025,4,17
250014202,Property Damage Crash,04/01/2025 05:08:00 PM,HUNGERFORD DR,NA,Front to Rear,Clear,Dry,Daylight,No Controls,NONE DETECTED,No,No Apparent Injury,NA,Not Distracted,MD,Passenger Car,Slowing or Stopping,35,No,2014,DODGE,CHARGER,39.10558883,-77.157482,2025,4,17
250014202,Property Damage Crash,04/01/2025 05:08:00 PM,HUNGERFORD DR,NA,Front to Rear,Clear,Dry,Daylight,No Controls,NONE DETECTED,Yes,No Apparent Injury,Followed Too Closely,Unknown,MD,Sport Utility Vehicle,Moving Constant Speed,35,No,2020,LEXUS,RX,39.10558883,-77.157482,2025,4,17
250014206,Property Damage Crash,04/01/2025 05:04:00 PM,FERNWOOD RD,NA,"Sideswipe, Same Direction",Clear,Dry,Daylight,No Controls,NONE DETECTED,No,No Apparent Injury,NA,Not Distracted,MD,Sport Utility Vehicle,Stopped in Traffic,30,No,2018,ACURA,MDX,39.02124012,-77.13469585,2025,4,17
250014206,Property Damage Crash,04/01/2025 05:04:00 PM,FERNWOOD RD,NA,"Sideswipe, Same Direction",Clear,Dry,Daylight,No Controls,NONE DETECTED,No,No Apparent Injury,NA,Not Distracted,MD,Other,Overtaking/Passing,30,No,2023,MERCEDES-BENZ,METRIS,39.02124012,-77.13469585,2025,4,17
250014201,Property Damage Crash,04/01/2025 04:40:00 PM,THOMAS BRANCH DR,NA,Single Vehicle,Clear,Dry,Daylight,No Controls,ALCOHOL PRESENT,Yes,No Apparent Injury,NA,Unknown,MD,Passenger Car,Moving Constant Speed,25,No,2010,HONDA,CIVIC,39.02001235,-77.14499028,2025,4,16
250014191,Property Damage Crash,04/01/2025 04:10:00 PM,ROCKLEDGE DR,NA,Angle,Clear,Dry,Daylight,No Controls,NONE DETECTED,Yes,No Apparent Injury,Failed to Yield Right-of-Way,Unknown,MD,Sport Utility Vehicle,Turning Left,35,No,2024,SUBARU,CROSSTREK,39.02859296,-77.13222446,2025,4,16
250014191,Property Damage Crash,04/01/2025 04:10:00 PM,ROCKLEDGE DR,NA,Angle,Clear,Dry,Daylight,No Controls,NONE DETECTED,No,No Apparent Injury,NA,Not Distracted,MD,Passenger Car,Moving Constant Speed,35,No,2013,TOYOTA,PRIUS V,39.02859296,-77.13222446,2025,4,16
25000565,Property Damage Crash,04/01/2025 04:02:00 PM,LAKE RIDGE DR,NA,Single Vehicle,Clear,Dry,Daylight,No Controls,NONE DETECTED,No,No Apparent Injury,Ran Off Roadway,Not Distracted,MD,Passenger Car,Moving Constant Speed,25,No,2025,TOYOTA,CAMRY,39.20333863,-77.28612259,2025,4,16
250014183,Property Damage Crash,04/01/2025 03:41:00 PM,IS 270 LOCAL LANES (NB),NA,Front to Rear,Clear,Dry,Daylight,No Controls,NONE DETECTED,No,NA,NA,NA,NA,Passenger Car,Slowing or Stopping,55,No,2007,TOYOTA,SIENNA,39.15363342,-77.22150834,2025,4,15
250014183,Property Damage Crash,04/01/2025 03:41:00 PM,IS 270 LOCAL LANES (NB),NA,Front to Rear,Clear,Dry,Daylight,No Controls,NONE DETECTED,No,No Apparent Injury,NA,Not Distracted,OH,Passenger Car,Slowing or Stopping,55,No,2018,HONDA,ACCORD,39.15363342,-77.22150834,2025,4,15
250014178,Property Damage Crash,04/01/2025 03:31:00 PM,RIDGE RD,NA,"Sideswipe, Same Direction",Clear,Dry,Daylight,No Controls,NONE DETECTED,No,No Apparent Injury,NA,Not Distracted,MD,Passenger Car,Moving Constant Speed,40,No,2006,TOYOTA,COROLLA,39.2072287,-77.24140391,2025,4,15
250014178,Property Damage Crash,04/01/2025 03:31:00 PM,RIDGE RD,NA,"Sideswipe, Same Direction",Clear,Dry,Daylight,No Controls,NONE DETECTED,No,NA,NA,NA,NA,Pickup,Moving Constant Speed,40,No,2019,FORD,F-150,39.2072287,-77.24140391,2025,4,15
250014174,Injury Crash,04/01/2025 03:16:00 PM,NA,Pedestrian,Single Vehicle,Clear,NA,Daylight,NA,NONE DETECTED,No,No Apparent Injury,Failed to Yield Right-of-Way,Unknown,NA,Passenger Car,Turning Right,0,No,0,NA,NA,39.12079777,-77.17933523,2025,4,15
250014176,Property Damage Crash,04/01/2025 03:15:00 PM,BOWIE MILL RD,NA,Front to Rear,Clear,Dry,Daylight,Other,NONE DETECTED,No,No Apparent Injury,NA,Not Distracted,MD,Sport Utility Vehicle,Stopped in Traffic,30,No,2021,FORD,BRONCO SPORT,39.15839948,-77.08594331,2025,4,15
250014176,Property Damage Crash,04/01/2025 03:15:00 PM,BOWIE MILL RD,NA,Front to Rear,Clear,Dry,Daylight,Other,NONE DETECTED,No,No Apparent Injury,NA,Not Distracted,MD,Passenger Car,Slowing or Stopping,30,No,2004,TOYOTA,CAMRY SOLARA,39.15839948,-77.08594331,2025,4,15
250014171,Property Damage Crash,04/01/2025 03:05:00 PM,RAMP 8 FR IS 270 SB TO MD 124,NA,Angle,Clear,Dry,Daylight,Traffic Control Signal,NONE DETECTED,No,No Apparent Injury,NA,Not Distracted,NA,Passenger Car,Moving Constant Speed,35,No,2017,HONDA,CIVIC,39.15591483,-77.22596233,2025,4,15
250014171,Property Damage Crash,04/01/2025 03:05:00 PM,RAMP 8 FR IS 270 SB TO MD 124,NA,Angle,Clear,Dry,Daylight,Traffic Control Signal,NONE DETECTED,No,No Apparent Injury,NA,Not Distracted,MD,Sport Utility Vehicle,Turning Left,35,No,2019,TOYOTA,SIENNA,39.15591483,-77.22596233,2025,4,15
250014161,Property Damage Crash,04/01/2025 02:00:00 PM,RIVER RD,NA,Front to Rear,Clear,Dry,Daylight,No Controls,NONE DETECTED,Yes,No Apparent Injury,"Operated Motor Vehicle in Inattentive, Careless, Negligent, or Erratic Manner",Unknown,VA,Van - Passenger (&lt;9 Seats),Moving Constant Speed,35,No,2002,FORD,E-250,38.96508204,-77.10415719,2025,4,14
250014161,Property Damage Crash,04/01/2025 02:00:00 PM,RIVER RD,NA,Front to Rear,Clear,Dry,Daylight,No Controls,NONE DETECTED,No,No Apparent Injury,Failed to Keep in Proper Lane,Not Distracted,VT,Station Wagon,Turning Left,35,No,2008,VOLVO,XC70,38.96508204,-77.10415719,2025,4,14
25000562,Property Damage Crash,04/01/2025 01:50:00 PM,NA,NA,Rear To Rear,Clear,NA,Daylight,NA,NONE DETECTED,No,NA,NA,NA,NA,NA,Backing,0,No,0,NA,NA,39.06491415,-76.95056051,2025,4,13
250014156,Property Damage Crash,04/01/2025 01:30:00 PM,BRIGGS CHANEY RD (WB/L),NA,Front to Rear,Clear,Dry,Daylight,No Controls,NONE DETECTED,No,No Apparent Injury,NA,Not Distracted,DC,Passenger Car,Stopped in Traffic,35,No,2024,VOLVO,XC60,39.08398983,-76.94995617,2025,4,13
250014156,Property Damage Crash,04/01/2025 01:30:00 PM,BRIGGS CHANEY RD (WB/L),NA,Front to Rear,Clear,Dry,Daylight,No Controls,NONE DETECTED,Yes,No Apparent Injury,NA,Not Distracted,MD,Bus - School,Stopped in Traffic,35,No,2016,THOMAS BUILT,HDX,39.08398983,-76.94995617,2025,4,13
250014150,Property Damage Crash,04/01/2025 01:15:00 PM,NA,NA,Front to Rear,Clear,Dry,Daylight,Traffic Control Signal,NONE DETECTED,No,No Apparent Injury,NA,Not Distracted,MD,Passenger Car,Stopped in Traffic,35,No,2015,HYUNDAI,SONATA,39.18766809,-77.18670003,2025,4,13
250014150,Property Damage Crash,04/01/2025 01:15:00 PM,NA,NA,Front to Rear,Clear,Dry,Daylight,Traffic Control Signal,NONE DETECTED,No,No Apparent Injury,NA,Not Distracted,MD,Passenger Car,Stopped in Traffic,35,No,2014,HONDA,ODYSSEY,39.18766809,-77.18670003,2025,4,13
250014150,Property Damage Crash,04/01/2025 01:15:00 PM,NA,NA,Front to Rear,Clear,Dry,Daylight,Traffic Control Signal,NONE DETECTED,Yes,No Apparent Injury,"Operated Motor Vehicle in Inattentive, Careless, Negligent, or Erratic Manner",Not Distracted,MD,Passenger Car,Moving Constant Speed,35,No,2017,SUBARU,IMPREZA,39.18766809,-77.18670003,2025,4,13
250014144,Injury Crash,04/01/2025 12:35:00 PM,GLENMONT CIR #1,NA,Angle,Clear,Dry,Daylight,Traffic Control Signal,NONE DETECTED,Yes,Possible Minor Injury,NA,Not Distracted,MD,Sport Utility Vehicle,Turning Left,35,No,2013,JEEP,GRAND CHEROKEE,39.05904568,-77.04768736,2025,4,12
250014144,Injury Crash,04/01/2025 12:35:00 PM,GLENMONT CIR #1,NA,Angle,Clear,Dry,Daylight,Traffic Control Signal,NONE DETECTED,No,Possible Minor Injury,NA,Not Distracted,MD,Sport Utility Vehicle,Moving Constant Speed,35,No,2022,ACURA,RDX,39.05904568,-77.04768736,2025,4,12
250014509,Property Damage Crash,04/01/2025 12:18:00 PM,FENTON ST,NA,Angle,Clear,Dry,Daylight,No Controls,NONE DETECTED,No,NA,NA,NA,NA,Passenger Car,Turning Right,25,No,2024,FORD,TRANSIT,38.99411539,-77.02412484,2025,4,12
250014509,Property Damage Crash,04/01/2025 12:18:00 PM,FENTON ST,NA,Angle,Clear,Dry,Daylight,Traffic Control Signal,NONE DETECTED,No,No Apparent Injury,NA,Not Distracted,MD,Passenger Car,Stopped in Traffic,25,No,2014,AUDI,Q7,38.99411539,-77.02412484,2025,4,12
250014140,Property Damage Crash,04/01/2025 11:59:00 AM,16TH ST,NA,Angle,Clear,Dry,Daylight,Traffic Control Signal,NONE DETECTED,Yes,No Apparent Injury,Improper Passing,Not Distracted,NA,Passenger Car,Changing Lanes,35,No,2025,TOYOTA,COROLLA,39.00595494,-77.03973249,2025,4,11
250014140,Property Damage Crash,04/01/2025 11:59:00 AM,16TH ST,NA,Angle,Clear,Dry,Daylight,Traffic Control Signal,NONE DETECTED,No,No Apparent Injury,NA,Not Distracted,MD,Passenger Car,Moving Constant Speed,35,No,2024,GMC,SIERRA,39.00595494,-77.03973249,2025,4,11
250022087,Property Damage Crash,04/01/2025 11:00:00 AM,NA,NA,"Sideswipe, Same Direction",Clear,NA,Daylight,NA,NONE DETECTED,No,No Apparent Injury,NA,Unknown,MD,Passenger Car,NA,0,No,0,NA,NA,39.15229294,-77.06624269,2025,4,11
250014121,Property Damage Crash,04/01/2025 10:02:00 AM,OLNEY SANDY SPRING RD,NA,Angle,Clear,Dry,Daylight,Traffic Control Signal,NONE DETECTED,No,No Apparent Injury,NA,Not Distracted,MD,Passenger Car,Moving Constant Speed,30,No,2008,TOYOTA,RAV4,39.15199867,-77.06437767,2025,4,10
250014121,Property Damage Crash,04/01/2025 10:02:00 AM,OLNEY SANDY SPRING RD,NA,Angle,Clear,Dry,Daylight,Flashing Traffic Control Signal,NONE DETECTED,Yes,No Apparent Injury,Failed to Yield Right-of-Way,Not Distracted,MD,Passenger Car,Turning Left,30,No,2015,AUDI,TT,39.15199867,-77.06437767,2025,4,10
250014119,Property Damage Crash,04/01/2025 09:42:00 AM,NA,NA,Front to Front,Clear,NA,Daylight,NA,NONE DETECTED,No,No Apparent Injury,NA,Not Distracted,MD,Passenger Car,Turning Left,0,No,2017,TOYOTA,YARIS IA,39.15728484,-77.21141755,2025,4,9
250014124,Injury Crash,04/01/2025 09:38:00 AM,NICHOLSON LA,NA,Angle,Clear,Dry,Daylight,Traffic Control Signal,NONE DETECTED,No,NA,NA,NA,NA,NA,Moving Constant Speed,30,No,0,NA,NA,39.04469907,-77.1135619,2025,4,9
250014124,Injury Crash,04/01/2025 09:38:00 AM,NICHOLSON LA,NA,Angle,Clear,Dry,Daylight,Traffic Control Signal,NONE DETECTED,No,Possible Minor Injury,NA,Not Distracted,MD,Passenger Car,Accelerating,20,No,2020,SUBARU,OUTBACK,39.04469907,-77.1135619,2025,4,9
250014120,Property Damage Crash,04/01/2025 09:18:00 AM,KENILWORTH AVE,NA,Front to Rear,Clear,Dry,Daylight,Traffic Control Signal,NONE DETECTED,No,NA,NA,NA,NA,Passenger Car,Backing,25,No,2017,MITSUBISHI,MIRAGE,39.03430008,-77.09483452,2025,4,9
250014120,Property Damage Crash,04/01/2025 09:18:00 AM,KENILWORTH AVE,NA,Front to Rear,Clear,Dry,Daylight,Traffic Control Signal,NONE DETECTED,No,No Apparent Injury,NA,Not Distracted,MD,Passenger Car,Stopped in Traffic,25,No,2005,HONDA,CR-V,39.03430008,-77.09483452,2025,4,9
25000564,Injury Crash,04/01/2025 08:20:00 AM,SLIGO CREEK PKWY,Pedestrian,Single Vehicle,Clear,Dry,Daylight,Stop Sign,NONE DETECTED,No,NA,NA,NA,NA,Passenger Car,Accelerating,25,No,0,NA,NA,39.00258307,-77.01311251,2025,4,8
250014108,Property Damage Crash,04/01/2025 08:10:00 AM,OLNEY SANDY SPRING RD,NA,Front to Rear,Clear,Dry,Daylight,Traffic Control Signal,NONE DETECTED,No,No Apparent Injury,NA,Not Distracted,MD,Passenger Car,Stopped in Traffic,30,No,2020,LEXUS,NX,39.14701117,-77.051929,2025,4,8
250014108,Property Damage Crash,04/01/2025 08:10:00 AM,OLNEY SANDY SPRING RD,NA,Front to Rear,Clear,Dry,Daylight,Traffic Control Signal,NONE DETECTED,No,No Apparent Injury,NA,Not Distracted,MD,Passenger Car,Stopped in Traffic,30,No,2023,PORSCHE,MACAN,39.14701117,-77.051929,2025,4,8
250014108,Property Damage Crash,04/01/2025 08:10:00 AM,OLNEY SANDY SPRING RD,NA,Front to Rear,Clear,Dry,Daylight,Traffic Control Signal,NONE DETECTED,Yes,No Apparent Injury,NA,Unknown,MD,Passenger Car,Accelerating,30,No,2017,JAGUAR,F-PACE,39.14701117,-77.051929,2025,4,8
250014108,Property Damage Crash,04/01/2025 08:10:00 AM,OLNEY SANDY SPRING RD,NA,Front to Rear,Clear,Dry,Daylight,Traffic Control Signal,NONE DETECTED,No,No Apparent Injury,NA,Not Distracted,MD,Passenger Car,Stopped in Traffic,30,No,2012,CHEVROLET,CRUZE,39.14701117,-77.051929,2025,4,8
250014312,Property Damage Crash,04/01/2025 08:00:00 AM,BELLEVUE DR,NA,Rear To Side,Cloudy,Dry,Daylight,No Controls,NONE DETECTED,Yes,No Apparent Injury,Improper Passing,Unknown,MD,Bus - School,Backing,25,No,2022,THOMAS BUILT,HDX,39.01533183,-77.09803733,2025,4,8
250014109,Injury Crash,04/01/2025 08:00:00 AM,ROCKVILLE PIKE (SB/L),NA,Angle,Clear,Dry,Daylight,Traffic Control Signal,NONE DETECTED,No,No Apparent Injury,NA,Unknown,VA,Passenger Car,Turning Left,40,No,2024,MERCEDES-BENZ,C-CLASS,39.04041117,-77.10974883,2025,4,8
250014109,Injury Crash,04/01/2025 08:00:00 AM,ROCKVILLE PIKE (SB/L),NA,Angle,Clear,Dry,Daylight,Traffic Control Signal,NONE DETECTED,No,Possible Minor Injury,NA,Unknown,MD,Passenger Car,Moving Constant Speed,40,No,2019,VOLVO,XC60,39.04041117,-77.10974883,2025,4,8
250014104,Property Damage Crash,04/01/2025 07:55:00 AM,WOOTTON PKWY,NA,Single Vehicle,Clear,Dry,Daylight,Pedestrian Crossing,NONE DETECTED,No,No Apparent Injury,"Failed to Keep in Proper Lane, Ran Off Roadway, Too Fast For Conditions","Other Action (looking away from task, etc.)",WV,Van - Cargo,Moving Constant Speed,35,No,2013,CHEVROLET,EXPRESS,39.0697652,-77.16963098,2025,4,7
250014072,Property Damage Crash,03/31/2025 08:50:00 PM,NA,Pedestrian,Single Vehicle,Cloudy,NA,Medium,NA,NONE DETECTED,No,NA,NA,NA,NA,Passenger Car,Backing,0,No,2015,LEXUS,IS,38.99175865,-77.03202445,2025,3,20
250014076,Property Damage Crash,03/31/2025 08:25:00 PM,UNIVERSITY BLVD W (WB/L),NA,"Sideswipe, Same Direction",Rain,Wet,Medium,Traffic Control Signal,NONE DETECTED,No,No Apparent Injury,NA,Not Distracted,MD,Passenger Car,Turning Left,40,No,2008,CHEVROLET,IMPALA,39.02030429,-77.01263994,2025,3,20
250014076,Property Damage Crash,03/31/2025 08:25:00 PM,UNIVERSITY BLVD W (WB/L),NA,"Sideswipe, Same Direction",Rain,Wet,Medium,Traffic Control Signal,NONE DETECTED,Yes,No Apparent Injury,NA,Not Distracted,MD,Passenger Car,Turning Left,40,No,2013,ACURA,MDX,39.02030429,-77.01263994,2025,3,20
250014073,Property Damage Crash,03/31/2025 08:22:00 PM,KIRKLYNN AVE,NA,Angle,Rain,Wet,Dark,No Controls,NONE DETECTED,No,No Apparent Injury,NA,Not Distracted,MD,Passenger Car,Moving Constant Speed,15,No,2019,HONDA,CR-V,38.98803094,-76.98829739,2025,3,20
250014073,Property Damage Crash,03/31/2025 08:22:00 PM,KIRKLYNN AVE,NA,Angle,Rain,Wet,Dark,Stop Sign,NONE DETECTED,No,No Apparent Injury,NA,Unknown,MD,Passenger Car,Accelerating,15,No,2013,TOYOTA,SCION TC,38.98803094,-76.98829739,2025,3,20
250014067,Property Damage Crash,03/31/2025 07:57:00 PM,SHADY GROVE RD,NA,Other,Rain,Wet,Medium,Traffic Control Signal,NONE DETECTED,Yes,No Apparent Injury,"Failed to Yield Right-of-Way, Operated Motor Vehicle in Inattentive, Careless, Negligent, or Erratic Manner, Other Improper Action, Too Fast For Conditions",Unknown,MD,Passenger Car,Moving Constant Speed,30,No,2012,HONDA,CIVIC,39.10499627,-77.19027661,2025,3,19
250014067,Property Damage Crash,03/31/2025 07:57:00 PM,SHADY GROVE RD,NA,Other,Rain,Wet,Medium,Traffic Control Signal,NONE DETECTED,No,No Apparent Injury,NA,Not Distracted,MD,Passenger Car,Moving Constant Speed,40,No,2017,SUBARU,FORESTER,39.10499627,-77.19027661,2025,3,19
250014071,Property Damage Crash,03/31/2025 07:54:00 PM,NA,NA,Angle,Rain,Wet,Medium,Traffic Control Signal,NONE DETECTED,No,NA,NA,NA,NA,Passenger Car,Turning Left,25,No,0,NA,NA,38.94447756,-77.11715233,2025,3,19
250014071,Property Damage Crash,03/31/2025 07:54:00 PM,NA,NA,Angle,Rain,Wet,Medium,Traffic Control Signal,NONE DETECTED,No,No Apparent Injury,NA,Not Distracted,VA,Passenger Car,Moving Constant Speed,25,No,2009,HONDA,FIT,38.94447756,-77.11715233,2025,3,19
250014060,Injury Crash,03/31/2025 07:23:00 PM,BRADLEY BLVD (SB/L),NA,Other,Rain,Wet,Medium,Traffic Control Signal,NONE DETECTED,No,No Apparent Injury,NA,Not Distracted,DC,Passenger Car,Turning Left,30,No,2017,BMW,I3,38.97805283,-77.09857683,2025,3,19
250014060,Injury Crash,03/31/2025 07:23:00 PM,BRADLEY BLVD (SB/L),NA,Other,Rain,Wet,Medium,Traffic Control Signal,NONE DETECTED,No,Possible Minor Injury,NA,Not Distracted,MD,Passenger Car,Accelerating,30,No,2023,TESLA,MODEL 3,38.97805283,-77.09857683,2025,3,19
250014044,Property Damage Crash,03/31/2025 05:59:00 PM,UNIVERSITY BLVD E SERV RD,NA,Rear To Side,Cloudy,Dry,Daylight,No Controls,NONE DETECTED,No,No Apparent Injury,NA,Not Distracted,MD,Pickup,Moving Constant Speed,35,No,2015,FORD,F-250,38.99274697,-76.99135866,2025,3,17
250014044,Property Damage Crash,03/31/2025 05:59:00 PM,UNIVERSITY BLVD E SERV RD,NA,Rear To Side,Cloudy,Dry,Daylight,No Controls,NONE DETECTED,No,No Apparent Injury,NA,Not Distracted,MD,Passenger Car,Stopped in Traffic,35,No,2006,TOYOTA,COROLLA,38.99274697,-76.99135866,2025,3,17
250014044,Property Damage Crash,03/31/2025 05:59:00 PM,UNIVERSITY BLVD E SERV RD,NA,Rear To Side,Cloudy,Dry,Daylight,No Controls,NONE DETECTED,Yes,No Apparent Injury,NA,Not Distracted,MD,Passenger Car,NA,35,No,2020,AUDI,A5,38.99274697,-76.99135866,2025,3,17