Local Case Number,ACRS Report Type,Crash Date/Time,Road Name,Related Non-Motorist,Collision Type,Weather,Surface Condition,Light,Traffic Control,Driver Substance Abuse,Driver At Fault,Injury Severity,Circumstance,Driver Distracted By,Drivers License State,Vehicle Body Type,Vehicle Movement,Speed Limit,Driverless Vehicle,Vehicle Year,Vehicle Make,Vehicle Model,Latitude,Longitude,Year,Month,Hour
250014026,Injury Crash,03/31/2025 04:48:00 PM,NA,Pedestrian,Single Vehicle,Clear,NA,Daylight,NA,NONE DETECTED,Yes,No Apparent Injury,NA,Unknown,MD,Passenger Car,Turning Left,0,No,2006,FORD,MUSTANG,39.12482094,-77.23980126,2025,3,16
250014014,Property Damage Crash,03/31/2025 03:10:00 PM,MT VERNON PL,NA,"Sideswipe, Same Direction",Clear,Dry,Daylight,No Controls,NONE DETECTED,No,No Apparent Injury,NA,Not Distracted,MD,Bus - Mini,Parked,25,No,2019,FORD,TRANSIT,39.07825518,-77.14262647,2025,3,15
250014018,Property Damage Crash,03/31/2025 03:10:00 PM,DENFELD AVE,NA,Single Vehicle,Clear,Dry,Daylight,Traffic Control Signal,NONE DETECTED,No,No Apparent Injury,Other Improper Action,Not Distracted,MD,Passenger Car,Moving Constant Speed,25,No,2016,FORD,FUSION,39.03857518,-77.07570736,2025,3,15
250014012,Property Damage Crash,03/31/2025 02:46:00 PM,NA,NA,"Sideswipe, Opposite Direction",Clear,Dry,Daylight,Stop Sign,NONE DETECTED,Yes,No Apparent Injury,NA,Not Distracted,MD,Sport Utility Vehicle,Turning Left,25,No,2017,FORD,EXPLORER,38.98816775,-76.98824483,2025,3,14
250014012,Property Damage Crash,03/31/2025 02:46:00 PM,NA,NA,"Sideswipe, Opposite Direction",Clear,Dry,Daylight,Stop Sign,NONE DETECTED,No,No Apparent Injury,NA,Not Distracted,MD,Passenger Car,Slowing or Stopping,25,No,2011,TOYOTA,COROLLA,38.98816775,-76.98824483,2025,3,14
250014005,Injury Crash,03/31/2025 01:51:00 PM,TAFT CT,NA,Angle,Clear,Dry,Daylight,Traffic Control Signal,NONE DETECTED,No,Possible Minor Injury,NA,Not Distracted,MD,Passenger Car,Turning Left,35,No,2014,TOYOTA,SCION XD,39.09431933,-77.13234183,2025,3,13
250014005,Injury Crash,03/31/2025 01:51:00 PM,TAFT CT,NA,Angle,Clear,Dry,Daylight,Traffic Control Signal,NONE DETECTED,No,Possible Minor Injury,NA,Not Distracted,MD,Passenger Car,Moving Constant Speed,35,No,2010,FORD,FUSION,39.09431933,-77.13234183,2025,3,13
250014008,Injury Crash,03/31/2025 01:50:00 PM,MUNCASTER RD,NA,Front to Front,Clear,Dry,Daylight,No Controls,NONE DETECTED,Yes,Suspected Serious Injury,Failed to Keep in Proper Lane,Unknown,MD,Passenger Car,Moving Constant Speed,30,No,2004,HONDA,CIVIC,39.17124283,-77.11734167,2025,3,13
250014008,Injury Crash,03/31/2025 01:50:00 PM,MUNCASTER RD,NA,Front to Front,Clear,Dry,Daylight,No Controls,NONE DETECTED,No,Possible Minor Injury,NA,Not Distracted,MD,Pickup,Moving Constant Speed,30,No,2019,FORD,F-150,39.17124283,-77.11734167,2025,3,13
250013999,Property Damage Crash,03/31/2025 01:32:00 PM,SLIGO CREEK PKWY,NA,Angle,Clear,Dry,Daylight,No Controls,NONE DETECTED,Yes,No Apparent Injury,NA,Not Distracted,MD,Motorcycle - 2 Wheeled,Moving Constant Speed,30,No,2007,YAMAHA,YZF-R1,39.00768178,-77.02013077,2025,3,13
250013999,Property Damage Crash,03/31/2025 01:32:00 PM,SLIGO CREEK PKWY,NA,Angle,Clear,Dry,Daylight,No Controls,NONE DETECTED,No,No Apparent Injury,NA,Not Distracted,MD,Passenger Car,Turning Left,30,No,2015,SUBARU,IMPREZA,39.00768178,-77.02013077,2025,3,13
250014004,Property Damage Crash,03/31/2025 01:15:00 PM,SANDY SPRING RD (WB/L),NA,"Sideswipe, Same Direction",Clear,Dry,Daylight,Other Warning Sign,NONE DETECTED,No,No Apparent Injury,NA,Not Distracted,MD,Passenger Car,Moving Constant Speed,40,No,2017,HONDA,CIVIC,39.1094085,-76.923082,2025,3,13
250014004,Property Damage Crash,03/31/2025 01:15:00 PM,SANDY SPRING RD (WB/L),NA,"Sideswipe, Same Direction",Clear,Dry,Daylight,Other Warning Sign,NONE DETECTED,No,No Apparent Injury,NA,Not Distracted,MD,Passenger Car,Making U-Turn,40,No,2013,FORD,ESCAPE,39.1094085,-76.923082,2025,3,13
250013995,Injury Crash,03/31/2025 12:49:00 PM,ROCKVILLE PIKE,NA,Front to Rear,Clear,Dry,Daylight,No Controls,NONE DETECTED,No,No Apparent Injury,NA,Not Distracted,MD,Pickup,Slowing or Stopping,35,No,2021,FORD,F-150,39.01794038,-77.10117035,2025,3,12
250013995,Injury Crash,03/31/2025 12:49:00 PM,ROCKVILLE PIKE,NA,Front to Rear,Clear,Dry,Daylight,No Controls,NONE DETECTED,Yes,Possible Minor Injury,"Followed Too Closely, Other Improper Action",Unknown,MD,Passenger Car,Moving Constant Speed,35,No,2016,CHEVROLET,CRUZE LIMITED,39.01794038,-77.10117035,2025,3,12
250013985,Injury Crash,03/31/2025 11:59:00 AM,MONTROSE RD (WB/L),NA,Front to Rear,Clear,Dry,Daylight,Traffic Control Signal,NONE DETECTED,Yes,No Apparent Injury,Followed Too Closely,Unknown,MD,Passenger Car,Moving Constant Speed,40,No,2015,HONDA,ACCORD,39.05719027,-77.16114299,2025,3,11
250013985,Injury Crash,03/31/2025 11:59:00 AM,MONTROSE RD (WB/L),NA,Front to Rear,Clear,Dry,Daylight,Traffic Control Signal,NONE DETECTED,No,No Apparent Injury,NA,Not Distracted,MD,Passenger Car,Stopped in Traffic,40,No,2016,TOYOTA,RAV4,39.05719027,-77.16114299,2025,3,11
250013978,Property Damage Crash,03/31/2025 11:38:00 AM,DEMOCRACY BLVD,NA,Front to Rear,Clear,Dry,Daylight,No Controls,NONE DETECTED,Yes,No Apparent Injury,NA,Not Distracted,MD,Passenger Car,Turning Right,35,No,2009,TOYOTA,COROLLA,39.02280867,-77.1505805,2025,3,11
250013978,Property Damage Crash,03/31/2025 11:38:00 AM,DEMOCRACY BLVD,NA,Front to Rear,Clear,Dry,Daylight,No Controls,NONE DETECTED,No,No Apparent Injury,NA,Not Distracted,MD,Passenger Car,Turning Right,35,No,2013,ACURA,RDX,39.02280867,-77.1505805,2025,3,11
250013981,Property Damage Crash,03/31/2025 11:35:00 AM,VEIRS MILL RD,NA,Angle,Clear,Dry,Daylight,No Controls,NONE DETECTED,No,No Apparent Injury,NA,Not Distracted,MD,Passenger Car,Moving Constant Speed,35,No,2019,CHEVROLET,EXPRESS,39.07450953,-77.11443378,2025,3,11
250013981,Property Damage Crash,03/31/2025 11:35:00 AM,VEIRS MILL RD,NA,Angle,Clear,Dry,Daylight,No Controls,NONE DETECTED,Yes,No Apparent Injury,"Failed to Keep in Proper Lane, Failed to Yield Right-of-Way",Not Distracted,MD,Passenger Car,Entering Traffic Lane,35,No,2013,HONDA,CR-V,39.07450953,-77.11443378,2025,3,11
250013974,Property Damage Crash,03/31/2025 09:30:00 AM,NA,NA,Rear To Side,Clear,NA,Daylight,NA,NONE DETECTED,Yes,No Apparent Injury,"Failed to Yield Right-of-Way, Improper Backing",Not Distracted,MD,Passenger Car,Backing,0,No,2007,CADILLAC,DTS,39.02361799,-77.13383414,2025,3,9
250013974,Property Damage Crash,03/31/2025 09:30:00 AM,NA,NA,Rear To Side,Clear,NA,Daylight,NA,NONE DETECTED,No,No Apparent Injury,NA,Not Distracted,MD,Passenger Car,Moving Constant Speed,0,No,2020,FORD,ESCAPE,39.02361799,-77.13383414,2025,3,9
250013950,Property Damage Crash,03/31/2025 09:08:00 AM,VEIRS MILL RD (WB/L),NA,"Sideswipe, Same Direction",Clear,Dry,Daylight,Traffic Control Signal,NONE DETECTED,No,NA,NA,NA,NA,Passenger Car,Turning Left,35,No,2016,SUBARU,CROSSTREK,39.05620042,-77.08260762,2025,3,9
250013950,Property Damage Crash,03/31/2025 09:08:00 AM,VEIRS MILL RD (WB/L),NA,"Sideswipe, Same Direction",Clear,Dry,Daylight,Traffic Control Signal,NONE DETECTED,No,No Apparent Injury,NA,Not Distracted,MD,Passenger Car,Turning Left,35,No,2024,LEXUS,ES,39.05620042,-77.08260762,2025,3,9
250013948,Property Damage Crash,03/31/2025 08:41:00 AM,VEIRS MILL RD (WB/L),NA,Angle,Clear,Dry,Daylight,Traffic Control Signal,NONE DETECTED,Yes,No Apparent Injury,NA,Not Distracted,MD,Passenger Car,Accelerating,40,No,2017,NISSAN,ALTIMA,39.05590533,-77.08204033,2025,3,8
250013948,Property Damage Crash,03/31/2025 08:41:00 AM,VEIRS MILL RD (WB/L),NA,Angle,Clear,Dry,Daylight,Traffic Control Signal,NONE DETECTED,No,No Apparent Injury,NA,Unknown,DC,Pickup,Accelerating,40,No,2006,FORD,F-150,39.05590533,-77.08204033,2025,3,8
250013940,Property Damage Crash,03/31/2025 08:24:00 AM,NA,NA,Single Vehicle,Clear,NA,Daylight,NA,NONE DETECTED,No,No Apparent Injury,NA,Not Distracted,CA,Truck Tractor,Turning Right,0,No,2020,FREIGHTLINER,CASCADIA,38.98922287,-76.98883137,2025,3,8
250013944,Property Damage Crash,03/31/2025 07:25:00 AM,NEW HAMPSHIRE AVE,NA,Front to Rear,Clear,Dry,Daylight,No Controls,NONE DETECTED,No,NA,NA,NA,NA,Sport Utility Vehicle,Moving Constant Speed,35,No,1998,MAZDA,MPV,38.98638737,-76.98791072,2025,3,7
250013944,Property Damage Crash,03/31/2025 07:25:00 AM,NEW HAMPSHIRE AVE,NA,Front to Rear,Clear,Dry,Daylight,No Controls,NONE DETECTED,No,No Apparent Injury,NA,Not Distracted,MD,Passenger Car,Moving Constant Speed,35,No,2021,TOYOTA,RAV4,38.98638737,-76.98791072,2025,3,7
250013934,Property Damage Crash,03/31/2025 07:05:00 AM,UNIVERSITY BLVD (WB/L),NA,Front to Rear,Cloudy,Dry,Daylight,Traffic Control Signal,NONE DETECTED,No,No Apparent Injury,NA,Not Distracted,MD,Passenger Car,Stopped in Traffic,30,No,2015,TOYOTA,PRIUS V,38.98968548,-76.98807249,2025,3,7
250013934,Property Damage Crash,03/31/2025 07:05:00 AM,UNIVERSITY BLVD (WB/L),NA,Front to Rear,Cloudy,Dry,Daylight,Traffic Control Signal,NONE DETECTED,Yes,No Apparent Injury,Disregarded Other Traffic Sign,Not Distracted,MD,Passenger Car,Making U-Turn,30,No,2013,HONDA,ACCORD,38.98968548,-76.98807249,2025,3,7
250013934,Property Damage Crash,03/31/2025 07:05:00 AM,UNIVERSITY BLVD (WB/L),NA,Front to Rear,Cloudy,Dry,Daylight,Traffic Control Signal,NONE DETECTED,No,No Apparent Injury,NA,Not Distracted,MD,Pickup,Stopped in Traffic,30,No,2010,FORD,F-150,38.98968548,-76.98807249,2025,3,7
250013931,Property Damage Crash,03/31/2025 06:22:00 AM,CONNECTICUT AVE (SB/L),NA,Other,Cloudy,Dry,Medium,Traffic Control Signal,NONE DETECTED,No,No Apparent Injury,NA,Not Distracted,MD,Passenger Car,Stopped in Traffic,35,No,2015,TOYOTA,AVALON,39.00818268,-77.0802411,2025,3,6
250013931,Property Damage Crash,03/31/2025 06:22:00 AM,CONNECTICUT AVE (SB/L),NA,Other,Cloudy,Dry,Medium,Traffic Control Signal,NONE DETECTED,No,No Apparent Injury,NA,Not Distracted,VA,Passenger Car,Making U-Turn,35,No,2008,HYUNDAI,SONATA,39.00818268,-77.0802411,2025,3,6
250013931,Property Damage Crash,03/31/2025 06:22:00 AM,CONNECTICUT AVE (SB/L),NA,Other,Cloudy,Dry,Medium,Traffic Control Signal,NONE DETECTED,Yes,No Apparent Injury,Failed to Yield Right-of-Way,Unknown,MD,All-Terrain Vehicle/All-Terrain Cycle (ATV/ATC),Turning Right,35,No,2019,SUBARU,OUTBACK,39.00818268,-77.0802411,2025,3,6
250013878,Property Damage Crash,03/30/2025 05:24:00 PM,NA,NA,"Sideswipe, Same Direction",Clear,NA,Daylight,NA,NONE DETECTED,No,NA,NA,NA,NA,Sport Utility Vehicle,Turning Left,0,No,2019,SUBARU,OUTBACK,39.05306383,-77.11223683,2025,3,17
250013878,Property Damage Crash,03/30/2025 05:24:00 PM,NA,NA,"Sideswipe, Same Direction",Clear,NA,Daylight,NA,NONE DETECTED,No,No Apparent Injury,NA,Not Distracted,MD,Sport Utility Vehicle,Parked,0,No,2018,SUBARU,FORESTER,39.05306383,-77.11223683,2025,3,17
250013875,Injury Crash,03/30/2025 05:09:00 PM,UNIVERSITY BLVD,NA,Front to Rear,Clear,Dry,Daylight,Traffic Control Signal,NONE DETECTED,No,Possible Minor Injury,NA,Not Distracted,MD,Moped Or motorized bicycle,Moving Constant Speed,25,No,2007,HONDA,GL1800,38.99008376,-76.98898248,2025,3,17
250013875,Injury Crash,03/30/2025 05:09:00 PM,UNIVERSITY BLVD,NA,Front to Rear,Clear,Dry,Daylight,Traffic Control Signal,NONE DETECTED,No,No Apparent Injury,NA,Unknown,VA,Passenger Car,Moving Constant Speed,25,No,2022,TOYOTA,CAMRY,38.99008376,-76.98898248,2025,3,17
250013869,Injury Crash,03/30/2025 04:30:00 PM,COLUMBIA PIKE (SB/L),NA,Front to Rear,Clear,Dry,Daylight,No Controls,NONE DETECTED,Yes,Possible Minor Injury,NA,Unknown,MD,Passenger Car,Slowing or Stopping,50,No,2008,TOYOTA,SIENNA,39.05110517,-76.9798315,2025,3,16
250013869,Injury Crash,03/30/2025 04:30:00 PM,COLUMBIA PIKE (SB/L),NA,Front to Rear,Clear,Dry,Daylight,No Controls,NONE DETECTED,Yes,Possible Minor Injury,NA,Unknown,MD,Passenger Car,Stopped in Traffic,50,No,2023,MERCEDES-BENZ,GLB-CLASS,39.05110517,-76.9798315,2025,3,16
250013869,Injury Crash,03/30/2025 04:30:00 PM,COLUMBIA PIKE (SB/L),NA,Front to Rear,Clear,Dry,Daylight,No Controls,NONE DETECTED,No,Possible Minor Injury,NA,Not Distracted,MD,Passenger Car,Stopped in Traffic,50,No,2020,HONDA,CR-V,39.05110517,-76.9798315,2025,3,16
250013865,Property Damage Crash,03/30/2025 04:03:00 PM,NA,NA,Angle,Clear,Dry,Daylight,No Controls,NONE DETECTED,No,No Apparent Injury,NA,Not Distracted,MD,Passenger Car,Moving Constant Speed,35,No,2023,BMW,I4,38.96148,-77.13386733,2025,3,16
250013865,Property Damage Crash,03/30/2025 04:03:00 PM,NA,NA,Angle,Clear,Dry,Daylight,No Controls,NONE DETECTED,Yes,No Apparent Injury,NA,Not Distracted,DC,Passenger Car,Making U-Turn,35,No,2013,NISSAN,ALTIMA,38.96148,-77.13386733,2025,3,16
250013588,Injury Crash,03/30/2025 02:25:00 PM,NA,Pedestrian,Single Vehicle,Clear,NA,Daylight,NA,NONE DETECTED,No,NA,NA,NA,NA,NA,Accelerating,0,No,0,NA,NA,39.11781889,-77.25183302,2025,3,14
250013845,Injury Crash,03/30/2025 01:15:00 PM,TEA ROSE DR,NA,Front to Rear,Clear,Dry,Daylight,No Controls,ALCOHOL PRESENT,Yes,Possible Minor Injury,NA,Unknown,MD,Passenger Car,Moving Constant Speed,25,No,2015,FORD,FIESTA,39.1584255,-77.17320833,2025,3,13
250013832,Property Damage Crash,03/30/2025 11:20:00 AM,CROWN PARK AVE,NA,"Sideswipe, Same Direction",Clear,Dry,Daylight,No Controls,NONE DETECTED,Yes,No Apparent Injury,NA,Unknown,NA,Passenger Car,NA,25,No,2023,KIA,SOUL,39.11453122,-77.20588427,2025,3,11
250013802,Property Damage Crash,03/30/2025 07:22:00 AM,RIPLEY ST,NA,"Sideswipe, Same Direction",Clear,Dry,Daylight,No Controls,ALCOHOL PRESENT,Yes,No Apparent Injury,"Failed to Keep in Proper Lane, Improper Turn, Other Improper Action",Unknown,MD,Passenger Car,Turning Left,30,No,2024,JEEP,WRANGLER,38.99247088,-77.02837278,2025,3,7
250013791,Injury Crash,03/30/2025 04:35:00 AM,NA,NA,Front to Front,Clear,Dry,Medium,No Controls,NONE DETECTED,No,No Apparent Injury,NA,Not Distracted,MD,Passenger Car,Moving Constant Speed,25,No,2017,TOYOTA,COROLLA,38.98476433,-77.0183905,2025,3,4
250013791,Injury Crash,03/30/2025 04:35:00 AM,NA,NA,Front to Front,Clear,Dry,Medium,No Controls,NONE DETECTED,No,Possible Minor Injury,NA,Not Distracted,MD,Passenger Car,Moving Constant Speed,25,No,2015,ACURA,RDX,38.98476433,-77.0183905,2025,3,4
250013790,Property Damage Crash,03/30/2025 04:03:00 AM,CREEKSTONE CT,NA,Angle,Clear,Dry,Dark,No Controls,NONE DETECTED,Yes,No Apparent Injury,NA,Not Distracted,MD,Passenger Car,Moving Constant Speed,25,No,2021,HYUNDAI,SONATA,39.15393247,-77.15811795,2025,3,4
250013794,Property Damage Crash,03/30/2025 03:00:00 AM,ADRIAN ST,NA,"Sideswipe, Same Direction",Clear,Dry,Dark,No Controls,NONE DETECTED,No,NA,NA,NA,NA,Pickup,Moving Constant Speed,25,No,2018,TOYOTA,TUNDRA,39.06838998,-77.10234808,2025,3,3
250013787,Injury Crash,03/30/2025 03:00:00 AM,GEORGIA AVE,NA,Angle,Clear,Dry,Medium,No Controls,NONE DETECTED,Yes,No Apparent Injury,NA,Unknown,MD,Passenger Car,Entering Traffic Lane,25,No,2019,TOYOTA,RAV4,39.04046302,-77.05133828,2025,3,3
250013787,Injury Crash,03/30/2025 03:00:00 AM,GEORGIA AVE,NA,Angle,Clear,Dry,Medium,No Controls,NONE DETECTED,No,No Apparent Injury,NA,Not Distracted,MD,Passenger Car,Moving Constant Speed,25,No,2002,HONDA,ACCORD,39.04046302,-77.05133828,2025,3,3
250013780,Property Damage Crash,03/29/2025 11:36:00 PM,BLACKMON DR,NA,"Sideswipe, Same Direction",Clear,Dry,Medium,No Controls,NONE DETECTED,No,NA,NA,NA,NA,Sport Utility Vehicle,NA,25,No,2022,TOYOTA,4-RUNNER,39.09174993,-77.08946698,2025,3,23
250013772,Property Damage Crash,03/29/2025 11:08:00 PM,RAMP 3 FR MD 198 EB TO RAMP 2 (US 29),NA,Single Vehicle,Clear,Dry,Medium,Traffic Control Signal,NONE DETECTED,No,No Apparent Injury,Failed to Keep in Proper Lane,Unknown,DC,Passenger Car,Turning Right,25,No,2017,VOLKSWAGEN,PASSAT,39.11199898,-76.92845272,2025,3,23
250013774,Property Damage Crash,03/29/2025 09:56:00 PM,NA,NA,Front to Front,Clear,Dry,Medium,Traffic Control Signal,NONE DETECTED,Yes,No Apparent Injury,Failed to Yield Right-of-Way,Not Distracted,VA,Passenger Car,Turning Left,25,No,2014,TOYOTA,CAMRY,39.08272698,-77.15111961,2025,3,21
250013774,Property Damage Crash,03/29/2025 09:56:00 PM,NA,NA,Front to Front,Clear,Dry,Medium,Traffic Control Signal,NONE DETECTED,No,No Apparent Injury,NA,Not Distracted,MD,Pickup,Moving Constant Speed,25,No,1991,CHEVROLET,S-10 PICKUP,39.08272698,-77.15111961,2025,3,21
250013770,Property Damage Crash,03/29/2025 09:39:00 PM,FREDERICK RD (SB/L),NA,Front to Rear,Clear,Dry,Medium,Traffic Control Signal,NONE DETECTED,No,No Apparent Injury,NA,Not Distracted,VA,Passenger Car,Moving Constant Speed,40,No,2013,SUBARU,BRZ,39.12404513,-77.18000936,2025,3,21
250013770,Property Damage Crash,03/29/2025 09:39:00 PM,FREDERICK RD (SB/L),NA,Front to Rear,Clear,Dry,Medium,Traffic Control Signal,NONE DETECTED,Yes,No Apparent Injury,Failed to Yield Right-of-Way,Not Distracted,MD,Sport Utility Vehicle,Making U-Turn,40,No,2018,TOYOTA,RAV4,39.12404513,-77.18000936,2025,3,21
250013760,Injury Crash,03/29/2025 08:23:00 PM,ADELPHI RD (WB/L),Pedestrian,Single Vehicle,Clear,Dry,Medium,Traffic Control Signal,NONE DETECTED,Yes,NA,NA,NA,NA,NA,Turning Right,40,No,0,NA,NA,39.01146049,-76.97885649,2025,3,20
250013760,Injury Crash,03/29/2025 08:23:00 PM,ADELPHI RD (WB/L),Pedestrian,Single Vehicle,Clear,Dry,Medium,Traffic Control Signal,NONE DETECTED,No,Possible Minor Injury,NA,Unknown,MD,Passenger Car,Moving Constant Speed,40,No,2019,TOYOTA,CAMRY,39.01146049,-76.97885649,2025,3,20
250013760,Injury Crash,03/29/2025 08:23:00 PM,ADELPHI RD (WB/L),Pedestrian,Single Vehicle,Clear,Dry,Medium,Traffic Control Signal,NONE DETECTED,No,Possible Minor Injury,NA,Unknown,MD,Pickup,Moving Constant Speed,40,No,2016,FORD,F-150,39.01146049,-76.97885649,2025,3,20
250013749,Property Damage Crash,03/29/2025 06:18:00 PM,NA,NA,"Sideswipe, Same Direction",Clear,Dry,Daylight,Traffic Control Signal,NONE DETECTED,Yes,NA,NA,NA,NA,Passenger Car,Moving Constant Speed,40,No,2008,CHEVROLET,COBALT,38.99979912,-76.99520645,2025,3,18
250013749,Property Damage Crash,03/29/2025 06:18:00 PM,NA,NA,"Sideswipe, Same Direction",Clear,Dry,Daylight,Traffic Control Signal,NONE DETECTED,No,No Apparent Injury,NA,Not Distracted,MD,Passenger Car,Moving Constant Speed,40,No,2003,TOYOTA,CAMRY SOLARA,38.99979912,-76.99520645,2025,3,18
250013743,Injury Crash,03/29/2025 05:30:00 PM,W DIAMOND AVE (WB/L),NA,Front to Front,Clear,Dry,Daylight,Traffic Control Signal,NONE DETECTED,Yes,Possible Minor Injury,NA,Not Distracted,MD,Sport Utility Vehicle,Turning Left,30,No,2023,HONDA,CR-V,39.14169388,-77.21760465,2025,3,17
250013743,Injury Crash,03/29/2025 05:30:00 PM,W DIAMOND AVE (WB/L),NA,Front to Front,Clear,Dry,Daylight,Traffic Control Signal,NONE DETECTED,No,Possible Minor Injury,NA,Not Distracted,MD,Sport Utility Vehicle,Moving Constant Speed,30,No,2022,TOYOTA,HIGHLANDER,39.14169388,-77.21760465,2025,3,17
250013742,Injury Crash,03/29/2025 04:55:00 PM,MACARTHUR BLVD,NA,Angle,Clear,Dry,Daylight,Traffic Control Signal,NONE DETECTED,Yes,Possible Minor Injury,NA,Not Distracted,VA,Passenger Car,Overtaking/Passing,25,No,2007,VOLVO,S60,38.94144244,-77.11278584,2025,3,16
250013742,Injury Crash,03/29/2025 04:55:00 PM,MACARTHUR BLVD,NA,Angle,Clear,Dry,Daylight,Traffic Control Signal,NONE DETECTED,No,No Apparent Injury,NA,Not Distracted,MD,Passenger Car,Moving Constant Speed,25,No,2004,GMC,ENVOY,38.94144244,-77.11278584,2025,3,16
250013742,Injury Crash,03/29/2025 04:55:00 PM,MACARTHUR BLVD,NA,Angle,Clear,Dry,Daylight,Traffic Control Signal,NONE DETECTED,No,No Apparent Injury,NA,Not Distracted,MD,Passenger Car,Moving Constant Speed,25,No,2024,MINI,COUNTRYMAN,38.94144244,-77.11278584,2025,3,16
250013740,Injury Crash,03/29/2025 04:53:00 PM,CONNECTICUT AVE,NA,Front to Rear,Clear,Dry,Daylight,No Controls,NONE DETECTED,No,No Apparent Injury,NA,Not Distracted,PA,Passenger Car,Slowing or Stopping,35,No,2006,JEEP,GRAND CHEROKEE,39.000701,-77.07683,2025,3,16
250013740,Injury Crash,03/29/2025 04:53:00 PM,CONNECTICUT AVE,NA,Front to Rear,Clear,Dry,Daylight,No Controls,NONE DETECTED,No,Possible Minor Injury,NA,Not Distracted,MD,Passenger Car,Slowing or Stopping,35,No,2023,ACURA,MDX,39.000701,-77.07683,2025,3,16
250013740,Injury Crash,03/29/2025 04:53:00 PM,CONNECTICUT AVE,NA,Front to Rear,Clear,Dry,Daylight,No Controls,NONE DETECTED,No,No Apparent Injury,NA,Not Distracted,MD,Passenger Car,Changing Lanes,35,No,2021,AUDI,Q5,39.000701,-77.07683,2025,3,16
250013738,Injury Crash,03/29/2025 04:42:00 PM,ROCKVILLE PIKE (SB/L),NA,Angle,Clear,Dry,Daylight,Stop Sign,NONE DETECTED,Yes,No Apparent Injury,NA,Unknown,MD,Passenger Car,Entering Traffic Lane,35,No,2019,TOYOTA,PRIUS,39.0753988,-77.1371804,2025,3,16
250013738,Injury Crash,03/29/2025 04:42:00 PM,ROCKVILLE PIKE (SB/L),NA,Angle,Clear,Dry,Daylight,No Controls,NONE DETECTED,No,Possible Minor Injury,NA,Not Distracted,MD,Motorcycle - 2 Wheeled,Moving Constant Speed,35,No,2023,TRIUMPH,BONNEVILLE,39.0753988,-77.1371804,2025,3,16
250013736,Injury Crash,03/29/2025 04:35:00 PM,ROSEMARK CT,Cyclist (non-electric),Single Vehicle,Clear,Dry,Daylight,No Controls,NONE DETECTED,No,No Apparent Injury,NA,Not Distracted,MD,Passenger Car,Moving Constant Speed,25,No,2018,HONDA,ACCORD,39.18405253,-77.18204946,2025,3,16
250013722,Injury Crash,03/29/2025 03:15:00 PM,MUNCASTER MILL RD (WB/L),NA,Single Vehicle,Clear,Dry,Daylight,No Controls,NONE DETECTED,No,Possible Minor Injury,NA,Not Distracted,MD,Passenger Car,Accelerating,40,No,1957,CHEVROLET,UNKNOWN,39.10916783,-77.08032133,2025,3,15
250013717,Property Damage Crash,03/29/2025 02:40:00 PM,NA,NA,Front to Rear,Clear,Dry,Daylight,Traffic Control Signal,NONE DETECTED,No,No Apparent Injury,NA,Not Distracted,MD,Passenger Car,Slowing or Stopping,35,No,2019,MAZDA,CX-5,39.00646339,-77.09746714,2025,3,14
250013717,Property Damage Crash,03/29/2025 02:40:00 PM,NA,NA,Front to Rear,Clear,Dry,Daylight,Traffic Control Signal,NONE DETECTED,No,No Apparent Injury,NA,Not Distracted,MD,Passenger Car,Moving Constant Speed,35,No,2011,MITSUBISHI,LANCER,39.00646339,-77.09746714,2025,3,14
250013713,Injury Crash,03/29/2025 02:15:00 PM,OLD COLUMBIA PIKE (SB/L),NA,Angle,Clear,Dry,Daylight,Traffic Control Signal,NONE DETECTED,No,No Apparent Injury,NA,Not Distracted,MD,Passenger Car,Moving Constant Speed,30,No,2020,JEEP,GLADIATOR,39.11261639,-76.93274255,2025,3,14