Local Case Number,ACRS Report Type,Crash Date/Time,Road Name,Related Non-Motorist,Collision Type,Weather,Surface Condition,Light,Traffic Control,Driver Substance Abuse,Driver At Fault,Injury Severity,Circumstance,Driver Distracted By,Drivers License State,Vehicle Body Type,Vehicle Movement,Speed Limit,Driverless Vehicle,Vehicle Year,Vehicle Make,Vehicle Model,Latitude,Longitude,Year,Month,Hour
250013713,Injury Crash,03/29/2025 02:15:00 PM,OLD COLUMBIA PIKE (SB/L),NA,Angle,Clear,Dry,Daylight,Traffic Control Signal,NONE DETECTED,Yes,No Apparent Injury,NA,Not Distracted,MD,Passenger Car,Turning Left,40,No,2018,TOYOTA,RAV4,39.11261639,-76.93274255,2025,3,14
250013710,Injury Crash,03/29/2025 02:03:00 PM,GEORGIA AVE,Pedestrian,Single Vehicle,Cloudy,Dry,Daylight,Other,NONE DETECTED,No,No Apparent Injury,NA,Not Distracted,MD,Sport Utility Vehicle,Accelerating,35,No,2022,ACURA,MDX,39.05289162,-77.05079097,2025,3,14
250013706,Property Damage Crash,03/29/2025 01:39:00 PM,EMORY GROVE RD,NA,"Sideswipe, Opposite Direction",Cloudy,Dry,Daylight,Traffic Control Signal,NONE DETECTED,No,No Apparent Injury,NA,Not Distracted,MD,Passenger Car,Stopped in Traffic,35,No,2016,MAZDA,MAZDA6,39.14882698,-77.16751997,2025,3,13
250013706,Property Damage Crash,03/29/2025 01:39:00 PM,EMORY GROVE RD,NA,"Sideswipe, Opposite Direction",Cloudy,Dry,Daylight,Traffic Control Signal,NONE DETECTED,Yes,No Apparent Injury,Wrong Side,Not Distracted,MD,Bus - Transit,Turning Left,35,No,2014,GILLIG,LOW FLOOR BUS,39.14882698,-77.16751997,2025,3,13
250013702,Property Damage Crash,03/29/2025 12:45:00 PM,SONATA WAY,NA,"Sideswipe, Opposite Direction",Clear,Dry,Daylight,No Controls,NONE DETECTED,No,No Apparent Injury,"Operated Motor Vehicle in Inattentive, Careless, Negligent, or Erratic Manner",Not Distracted,MD,Passenger Car,Slowing or Stopping,25,No,2016,TOYOTA,COROLLA,39.04159017,-76.99654033,2025,3,12
250013702,Property Damage Crash,03/29/2025 12:45:00 PM,SONATA WAY,NA,"Sideswipe, Opposite Direction",Clear,Dry,Daylight,No Controls,NONE DETECTED,No,No Apparent Injury,"Operated Motor Vehicle in Inattentive, Careless, Negligent, or Erratic Manner",Not Distracted,MD,Passenger Car,Turning Left,25,No,2019,NISSAN,PATHFINDER,39.04159017,-76.99654033,2025,3,12
250013693,Property Damage Crash,03/29/2025 11:42:00 AM,PARKLAWN DR,NA,"Sideswipe, Opposite Direction",Cloudy,Dry,Daylight,No Controls,NONE DETECTED,No,No Apparent Injury,NA,Unknown,MD,Passenger Car,Moving Constant Speed,30,No,2016,NISSAN,MAXIMA,39.05472559,-77.10688329,2025,3,11
250013693,Property Damage Crash,03/29/2025 11:42:00 AM,PARKLAWN DR,NA,"Sideswipe, Opposite Direction",Cloudy,Dry,Daylight,No Controls,NONE DETECTED,No,No Apparent Injury,NA,Unknown,MD,Other,Making U-Turn,30,No,2012,FORD,E-450,39.05472559,-77.10688329,2025,3,11
250013688,Property Damage Crash,03/29/2025 10:59:00 AM,WOODFIELD RD,NA,"Sideswipe, Same Direction",Cloudy,Dry,Daylight,Traffic Control Signal,NONE DETECTED,No,No Apparent Injury,NA,Not Distracted,MD,Passenger Car,Moving Constant Speed,40,No,2008,KIA,RONDO,39.16897284,-77.15431567,2025,3,10
250013685,Property Damage Crash,03/29/2025 10:59:00 AM,SILVER SPRING AVE,NA,"Sideswipe, Opposite Direction",Clear,Dry,Daylight,Traffic Control Signal,NONE DETECTED,No,No Apparent Injury,NA,Not Distracted,MD,Other Trucks,Stopped in Traffic,25,No,2019,PIERCE MANUFACTURING,PUMPER,38.99155516,-77.02627532,2025,3,10
250013688,Property Damage Crash,03/29/2025 10:59:00 AM,WOODFIELD RD,NA,"Sideswipe, Same Direction",Cloudy,Dry,Daylight,Traffic Control Signal,NONE DETECTED,No,No Apparent Injury,Failed to Keep in Proper Lane,Unknown,NA,Pickup,Entering Traffic Lane,40,No,2019,GMC,SIERRA,39.16897284,-77.15431567,2025,3,10
250013685,Property Damage Crash,03/29/2025 10:59:00 AM,SILVER SPRING AVE,NA,"Sideswipe, Opposite Direction",Clear,Dry,Daylight,Traffic Control Signal,NONE DETECTED,Yes,No Apparent Injury,NA,Not Distracted,DC,Passenger Car,Backing,25,No,2017,SUBARU,CROSSTREK,38.99155516,-77.02627532,2025,3,10
250013677,Injury Crash,03/29/2025 09:35:00 AM,GATESHEAD MANOR WAY,NA,Other,Clear,Dry,Daylight,No Controls,NONE DETECTED,Yes,No Apparent Injury,Failed to Keep in Proper Lane,Unknown,MD,Passenger Car,Overtaking/Passing,15,No,2014,FORD,ESCAPE,39.07806676,-76.9415046,2025,3,9
250013677,Injury Crash,03/29/2025 09:35:00 AM,GATESHEAD MANOR WAY,NA,Other,Clear,Dry,Daylight,No Controls,NONE DETECTED,Yes,Possible Minor Injury,Failed to Yield Right-of-Way,Unknown,MD,Passenger Car,Making U-Turn,15,No,2008,HONDA,ODYSSEY,39.07806676,-76.9415046,2025,3,9
250013665,Property Damage Crash,03/29/2025 06:42:00 AM,MINERAL SPRINGS DR,NA,Front to Front,Clear,Dry,Medium,No Controls,NONE DETECTED,No,No Apparent Injury,NA,Not Distracted,MD,Passenger Car,Moving Constant Speed,35,No,2017,HONDA,CR-V,39.15451527,-77.16391017,2025,3,6
250013665,Property Damage Crash,03/29/2025 06:42:00 AM,MINERAL SPRINGS DR,NA,Front to Front,Clear,Dry,Medium,No Controls,NONE DETECTED,No,No Apparent Injury,Failed to Keep in Proper Lane,Unknown,NA,Unknown,Moving Constant Speed,35,No,0,NA,NA,39.15451527,-77.16391017,2025,3,6
250013654,Injury Crash,03/29/2025 12:38:00 AM,16TH ST (SB/L),NA,Other,Clear,Dry,Medium,Traffic Control Signal,NONE DETECTED,Yes,Possible Minor Injury,NA,Not Distracted,MD,Passenger Car,Turning Left,30,No,2010,TOYOTA,PRIUS,38.99445484,-77.03621288,2025,3,0
250013654,Injury Crash,03/29/2025 12:38:00 AM,16TH ST (SB/L),NA,Other,Clear,Dry,Medium,Traffic Control Signal,NONE DETECTED,No,Possible Minor Injury,NA,Not Distracted,MD,Passenger Car,Moving Constant Speed,30,No,2001,HONDA,CR-V,38.99445484,-77.03621288,2025,3,0
250013655,Property Damage Crash,03/29/2025 12:35:00 AM,COLUMBIA PIKE,NA,"Sideswipe, Same Direction",Clear,Dry,Medium,No Controls,NONE DETECTED,No,No Apparent Injury,NA,Not Distracted,DC,Passenger Car,Moving Constant Speed,50,No,2010,TOYOTA,PRIUS,39.06290426,-76.9625294,2025,3,0
250013655,Property Damage Crash,03/29/2025 12:35:00 AM,COLUMBIA PIKE,NA,"Sideswipe, Same Direction",Clear,Dry,Medium,No Controls,ALCOHOL PRESENT,Yes,No Apparent Injury,Failed to Keep in Proper Lane,Unknown,MD,Passenger Car,Moving Constant Speed,50,No,2015,BMW,335I,39.06290426,-76.9625294,2025,3,0
250013653,Property Damage Crash,03/29/2025 12:28:00 AM,CABIN JOHN PKWY (SB/L),NA,Single Vehicle,Clear,Dry,Dark,No Controls,NONE DETECTED,Yes,No Apparent Injury,"Failed to Keep in Proper Lane, Operated Motor Vehicle in Inattentive, Careless, Negligent, or Erratic Manner, Over-Correcting/Over-Steering, Ran Off Roadway",Unknown,VA,Passenger Car,Moving Constant Speed,35,No,2010,FORD,EDGE,38.970627,-77.14732017,2025,3,0
250013652,Property Damage Crash,03/29/2025 12:01:00 AM,RAMP 2 FR MD 124 WB TO IS 270 NB,NA,Front to Rear,Clear,Dry,Dark,Yield Sign,NONE DETECTED,Yes,No Apparent Injury,NA,Not Distracted,MD,Passenger Car,Moving Constant Speed,50,No,2007,TOYOTA,TUNDRA,39.15034767,-77.21758933,2025,3,0
250013652,Property Damage Crash,03/29/2025 12:01:00 AM,RAMP 2 FR MD 124 WB TO IS 270 NB,NA,Front to Rear,Clear,Dry,Dark,Yield Sign,NONE DETECTED,No,No Apparent Injury,NA,Not Distracted,MD,Passenger Car,Slowing or Stopping,50,No,2019,JEEP,GRAND CHEROKEE,39.15034767,-77.21758933,2025,3,0
250013641,Injury Crash,03/28/2025 09:52:00 PM,NA,Pedestrian,Single Vehicle,Clear,NA,Medium,NA,NONE DETECTED,No,No Apparent Injury,Other Improper Action,Unknown,NA,Sport Utility Vehicle,Moving Constant Speed,0,No,2014,TOYOTA,RAV4,39.0075184,-76.98555407,2025,3,21
250013364,Injury Crash,03/28/2025 09:20:00 PM,FREDERICK RD,Pedestrian,Single Vehicle,Clear,Dry,Medium,Traffic Control Signal,NONE DETECTED,Yes,No Apparent Injury,Improper Turn,Unknown,MD,Sport Utility Vehicle,Turning Right,30,No,2023,LINCOLN,CORSAIR,39.1484906,-77.20697516,2025,3,21
250013632,Property Damage Crash,03/28/2025 08:38:00 PM,FREDERICK RD,NA,Single Vehicle,Clear,Dry,Medium,No Controls,NONE DETECTED,No,NA,NA,NA,NA,Passenger Car,NA,40,No,2016,INFINITI,Q40,39.16831401,-77.23219198,2025,3,20
250013609,Property Damage Crash,03/28/2025 06:30:00 PM,RAMP 5 FR STONESTREET AVE TO MD 28 EB,NA,Front to Rear,Clear,Dry,Daylight,Yield Sign,NONE DETECTED,No,No Apparent Injury,Other Improper Action,Not Distracted,MD,Passenger Car,Slowing or Stopping,25,No,2019,SUBARU,FORESTER,39.07997867,-77.14018633,2025,3,18
250013609,Property Damage Crash,03/28/2025 06:30:00 PM,RAMP 5 FR STONESTREET AVE TO MD 28 EB,NA,Front to Rear,Clear,Dry,Daylight,Yield Sign,NONE DETECTED,No,No Apparent Injury,"Followed Too Closely, Operated Motor Vehicle in Inattentive, Careless, Negligent, or Erratic Manner, Other Improper Action",Not Distracted,MD,Passenger Car,Accelerating,25,No,2000,HONDA,ACCORD,39.07997867,-77.14018633,2025,3,18
250013620,Injury Crash,03/28/2025 06:28:00 PM,RANDOLPH RD (WB/L),NA,Front to Rear,Cloudy,Wet,Daylight,No Controls,ALCOHOL PRESENT,Yes,Possible Minor Injury,"Followed Too Closely, Operated Motor Vehicle in Inattentive, Careless, Negligent, or Erratic Manner, Operated Motor Vehicle in Reckless or Aggressive Manner, Too Fast For Conditions",Unknown,MD,Sport Utility Vehicle,Moving Constant Speed,30,No,2018,CADILLAC,XT5,39.053279,-77.11253367,2025,3,18
250013620,Injury Crash,03/28/2025 06:28:00 PM,RANDOLPH RD (WB/L),NA,Front to Rear,Cloudy,Wet,Daylight,Traffic Control Signal,NONE DETECTED,No,No Apparent Injury,NA,Not Distracted,MD,Sport Utility Vehicle,Slowing or Stopping,30,No,2021,CHEVROLET,EQUINOX,39.053279,-77.11253367,2025,3,18
250013618,Injury Crash,03/28/2025 06:28:00 PM,NA,Pedestrian,Single Vehicle,Rain,Wet,Daylight,Pedestrian Crossing,NONE DETECTED,Yes,No Apparent Injury,NA,Talking/listening,MD,Passenger Car,Turning Left,25,No,2018,TOYOTA,COROLLA,38.99445827,-77.05319378,2025,3,18
250013616,Injury Crash,03/28/2025 06:17:00 PM,NA,NA,Single Vehicle,Clear,Dry,Daylight,Stop Sign,NONE DETECTED,No,Possible Minor Injury,NA,Unknown,MD,Passenger Car,Negotiating a Curve,35,No,2016,HYUNDAI,ELANTRA,39.08590581,-76.95376794,2025,3,18
250013613,Property Damage Crash,03/28/2025 05:49:00 PM,NA,NA,Angle,Clear,Dry,Daylight,No Controls,NONE DETECTED,No,No Apparent Injury,NA,Unknown,NA,Passenger Car,Entering Traffic Lane,25,No,2014,TOYOTA,CAMRY,39.07347528,-77.13694662,2025,3,17
250013613,Property Damage Crash,03/28/2025 05:49:00 PM,NA,NA,Angle,Clear,Dry,Daylight,No Controls,NONE DETECTED,No,No Apparent Injury,NA,Not Distracted,MD,Passenger Car,Moving Constant Speed,25,No,2010,HYUNDAI,SONATA,39.07347528,-77.13694662,2025,3,17
250013621,Property Damage Crash,03/28/2025 05:44:00 PM,PERRY AVE,NA,Rear To Side,Cloudy,Dry,Daylight,Traffic Control Signal,NONE DETECTED,No,No Apparent Injury,NA,Not Distracted,PA,Passenger Car,Moving Constant Speed,35,No,2017,KIA,FORTE,39.03306986,-77.075390959999993,2025,3,17
250013621,Property Damage Crash,03/28/2025 05:44:00 PM,PERRY AVE,NA,Rear To Side,Cloudy,Dry,Daylight,Traffic Control Signal,NONE DETECTED,Yes,No Apparent Injury,Ran Red Light,Not Distracted,MD,Passenger Car,Accelerating,5,No,2016,CHEVROLET,CAMARO,39.03306986,-77.075390959999993,2025,3,17
250013602,Injury Crash,03/28/2025 05:17:00 PM,WHEATON PLZ RING RD CUT,Wheelchair (electric),Single Vehicle,Cloudy,Dry,Daylight,Stop Sign,NONE DETECTED,No,NA,NA,NA,NA,Station Wagon,Turning Left,25,No,0,NA,NA,39.03663297,-77.05179798,2025,3,17
250013600,Property Damage Crash,03/28/2025 04:49:00 PM,NA,NA,Rear To Side,Cloudy,Dry,Daylight,No Controls,NONE DETECTED,No,No Apparent Injury,NA,Not Distracted,WV,Pickup,Moving Constant Speed,45,No,2016,FORD,F-250,39.22455921,-77.42642918,2025,3,16
250013600,Property Damage Crash,03/28/2025 04:49:00 PM,NA,NA,Rear To Side,Cloudy,Dry,Daylight,Stop Sign,NONE DETECTED,Yes,No Apparent Injury,Failed to Yield Right-of-Way,Not Distracted,MD,Passenger Car,Turning Left,45,No,2012,MAZDA,MAZDA3,39.22455921,-77.42642918,2025,3,16
250013585,Property Damage Crash,03/28/2025 03:57:00 PM,NA,NA,"Sideswipe, Same Direction",Clear,Dry,Daylight,Traffic Control Signal,NONE DETECTED,Yes,No Apparent Injury,NA,Unknown,MD,Sport Utility Vehicle,Moving Constant Speed,25,No,2011,VOLVO,XC60,38.97537083,-76.99501667,2025,3,15
250013585,Property Damage Crash,03/28/2025 03:57:00 PM,NA,NA,"Sideswipe, Same Direction",Clear,Dry,Daylight,Traffic Control Signal,NONE DETECTED,No,No Apparent Injury,NA,Not Distracted,MD,Passenger Car,Moving Constant Speed,25,No,2008,NISSAN,ALTIMA,38.97537083,-76.99501667,2025,3,15
250013584,Property Damage Crash,03/28/2025 03:56:00 PM,ROCKVILLE PIKE,NA,"Sideswipe, Same Direction",Cloudy,Dry,Daylight,No Controls,NONE DETECTED,No,No Apparent Injury,NA,Not Distracted,MD,Bus - Transit,Moving Constant Speed,35,No,2013,NEW FLYER,XCELSIOR,39.04435409,-77.11143774,2025,3,15
250013584,Property Damage Crash,03/28/2025 03:56:00 PM,ROCKVILLE PIKE,NA,"Sideswipe, Same Direction",Cloudy,Dry,Daylight,No Controls,NONE DETECTED,Yes,No Apparent Injury,NA,Not Distracted,MD,Passenger Car,Moving Constant Speed,35,No,2019,SUBARU,FORESTER,39.04435409,-77.11143774,2025,3,15
250013572,Property Damage Crash,03/28/2025 02:21:00 PM,VEIRS MILL RD,NA,Front to Rear,Clear,Dry,Daylight,No Controls,NONE DETECTED,No,No Apparent Injury,NA,Not Distracted,MD,Pickup,Stopped in Traffic,25,No,2024,CHEVROLET,SILVERADO,39.05252045,-77.07663926,2025,3,14
250013572,Property Damage Crash,03/28/2025 02:21:00 PM,VEIRS MILL RD,NA,Front to Rear,Clear,Dry,Daylight,No Controls,NONE DETECTED,Yes,No Apparent Injury,NA,Unknown,MD,Passenger Car,Moving Constant Speed,25,No,2009,HONDA,ACCORD,39.05252045,-77.07663926,2025,3,14
250013533,Property Damage Crash,03/28/2025 01:12:00 PM,NA,NA,Front to Rear,Clear,NA,Daylight,NA,NONE DETECTED,Yes,No Apparent Injury,NA,Not Distracted,MD,Passenger Car,Backing,0,No,2010,BMW,128I,39.09859712,-77.16093404,2025,3,13
250013561,Property Damage Crash,03/28/2025 01:06:00 PM,KNOWLES AVE,NA,Front to Rear,Cloudy,Dry,Daylight,No Controls,NONE DETECTED,No,No Apparent Injury,NA,Not Distracted,MD,Van - Cargo,Moving Constant Speed,25,No,2006,CHEVROLET,EXPRESS,39.02793598,-77.07982821,2025,3,13
250013561,Property Damage Crash,03/28/2025 01:06:00 PM,KNOWLES AVE,NA,Front to Rear,Cloudy,Dry,Daylight,No Controls,NONE DETECTED,No,No Apparent Injury,NA,Not Distracted,US,Sport Utility Vehicle,Stopped in Traffic,25,No,2019,HONDA,PILOT,39.02793598,-77.07982821,2025,3,13
250013550,Property Damage Crash,03/28/2025 12:50:00 PM,NA,NA,Single Vehicle,Clear,NA,Daylight,NA,NONE DETECTED,Yes,No Apparent Injury,Ran Off Roadway,Not Distracted,MD,Passenger Car,Accelerating,0,No,2013,NISSAN,ALTIMA,39.0994921,-77.18926163,2025,3,12
250013544,Property Damage Crash,03/28/2025 12:22:00 PM,NA,NA,"Sideswipe, Same Direction",Clear,Dry,Daylight,No Controls,NONE DETECTED,No,NA,NA,NA,NA,Single-Unit Truck,Moving Constant Speed,25,No,2023,ISUZU,FTR,38.98538183,-76.98974,2025,3,12
250013590,Property Damage Crash,03/28/2025 12:15:00 PM,RIVER RD,NA,"Sideswipe, Same Direction",Clear,Dry,Daylight,No Controls,NONE DETECTED,No,No Apparent Injury,NA,Not Distracted,MD,Passenger Car,Moving Constant Speed,35,No,2019,SUBARU,CROSSTREK,38.99249771,-77.16172704,2025,3,12
250013590,Property Damage Crash,03/28/2025 12:15:00 PM,RIVER RD,NA,"Sideswipe, Same Direction",Clear,Dry,Daylight,No Controls,NONE DETECTED,No,NA,NA,NA,NA,NA,Moving Constant Speed,35,No,0,NA,NA,38.99249771,-77.16172704,2025,3,12
250013538,Property Damage Crash,03/28/2025 12:15:00 PM,SLIGO CREEK PKWY,NA,Angle,Clear,Dry,Daylight,Traffic Control Signal,NONE DETECTED,No,No Apparent Injury,Ran Red Light,Not Distracted,MD,Passenger Car,Moving Constant Speed,35,No,2016,CHEVROLET,CRUZE,39.00763465,-77.02013092,2025,3,12
250013538,Property Damage Crash,03/28/2025 12:15:00 PM,SLIGO CREEK PKWY,NA,Angle,Clear,Dry,Daylight,Traffic Control Signal,NONE DETECTED,No,No Apparent Injury,NA,Not Distracted,MD,Passenger Car,Turning Left,25,No,2010,HONDA,FIT,39.00763465,-77.02013092,2025,3,12
250013545,Property Damage Crash,03/28/2025 12:14:00 PM,MASSACHUSETTS AVE,NA,Angle,Cloudy,Dry,Daylight,No Controls,NONE DETECTED,Yes,No Apparent Injury,"Failed to Yield Right-of-Way, Improper Turn",Not Distracted,MD,Van - Passenger (&lt;9 Seats),Making U-Turn,35,No,2000,FORD,EXPLORER,38.9587763,-77.11097646,2025,3,12
250013545,Property Damage Crash,03/28/2025 12:14:00 PM,MASSACHUSETTS AVE,NA,Angle,Cloudy,Dry,Daylight,No Controls,NONE DETECTED,No,No Apparent Injury,NA,Not Distracted,VA,Sport Utility Vehicle,Moving Constant Speed,35,No,2018,TOYOTA,HIGHLANDER,38.9587763,-77.11097646,2025,3,12
250013521,Injury Crash,03/28/2025 10:32:00 AM,NA,NA,Angle,Clear,Dry,Daylight,Traffic Control Signal,NONE DETECTED,Yes,Possible Minor Injury,"Other Improper Action, Ran Red Light",Not Distracted,MD,Passenger Car,Moving Constant Speed,35,No,2015,DODGE,DART,39.28770132,-77.20171951,2025,3,10
250013521,Injury Crash,03/28/2025 10:32:00 AM,NA,NA,Angle,Clear,Dry,Daylight,Traffic Control Signal,NONE DETECTED,No,Possible Minor Injury,NA,Not Distracted,MD,Passenger Car,Moving Constant Speed,30,No,2020,NISSAN,KICKS,39.28770132,-77.20171951,2025,3,10
250013519,Property Damage Crash,03/28/2025 10:30:00 AM,SIESTA KEY WAY,NA,Front to Rear,Clear,Dry,Daylight,No Controls,NONE DETECTED,Yes,No Apparent Injury,NA,Not Distracted,MD,Station Wagon,Slowing or Stopping,15,No,2021,AUDI,Q3,39.10534883,-77.1946295,2025,3,10
250013519,Property Damage Crash,03/28/2025 10:30:00 AM,SIESTA KEY WAY,NA,Front to Rear,Clear,Dry,Daylight,No Controls,NONE DETECTED,Yes,No Apparent Injury,NA,Not Distracted,MD,Station Wagon,Slowing or Stopping,15,No,2023,FORD,EXPLORER,39.10534883,-77.1946295,2025,3,10
250013513,Property Damage Crash,03/28/2025 09:57:00 AM,NA,NA,Front to Front,Cloudy,NA,Daylight,NA,NONE DETECTED,Yes,No Apparent Injury,NA,Not Distracted,MD,Passenger Car,Turning Left,0,No,2023,JEEP,GRAND CHEROKEE,38.98790367,-77.09384,2025,3,9
250013513,Property Damage Crash,03/28/2025 09:57:00 AM,NA,NA,Front to Front,Cloudy,NA,Daylight,NA,NONE DETECTED,No,No Apparent Injury,NA,Not Distracted,MD,Passenger Car,Moving Constant Speed,0,No,1998,HONDA,ACCORD,38.98790367,-77.09384,2025,3,9
250013514,Property Damage Crash,03/28/2025 09:30:00 AM,UNIVERSITY BLVD E,NA,Front to Rear,Cloudy,Dry,Daylight,No Controls,NONE DETECTED,No,No Apparent Injury,NA,Not Distracted,MD,Passenger Car,Moving Constant Speed,30,No,2019,LEXUS,NX,38.99447992,-76.99272843,2025,3,9
250013514,Property Damage Crash,03/28/2025 09:30:00 AM,UNIVERSITY BLVD E,NA,Front to Rear,Cloudy,Dry,Daylight,No Controls,NONE DETECTED,No,No Apparent Injury,NA,NA,NA,Pickup,Changing Lanes,30,No,2007,FORD,F-150,38.99447992,-76.99272843,2025,3,9
250013506,Property Damage Crash,03/28/2025 08:52:00 AM,WEXFORD DR,NA,Single Vehicle,Cloudy,Dry,Daylight,No Controls,NONE DETECTED,Yes,No Apparent Injury,NA,Not Distracted,MD,Bus - School,Moving Constant Speed,25,No,2024,THOMAS BUILT,SCHOOL BUS,39.03595217,-77.07736867,2025,3,8
25000527,Property Damage Crash,03/28/2025 08:41:00 AM,NA,NA,Single Vehicle,Clear,NA,Daylight,NA,NONE DETECTED,No,No Apparent Injury,NA,Unknown,MD,Single-Unit Truck,Moving Constant Speed,0,No,2022,FORD,F-450,39.01410314,-77.04955524,2025,3,8
250013529,Property Damage Crash,03/28/2025 08:08:00 AM,NA,NA,"Sideswipe, Same Direction",Clear,Dry,Daylight,Traffic Control Signal,NONE DETECTED,No,No Apparent Injury,NA,NA,NA,Passenger Car,Changing Lanes,35,No,2012,HONDA,CROSSTOUR,39.02970831,-77.07547316,2025,3,8
250013529,Property Damage Crash,03/28/2025 08:08:00 AM,NA,NA,"Sideswipe, Same Direction",Clear,Dry,Daylight,Traffic Control Signal,NONE DETECTED,No,No Apparent Injury,NA,Not Distracted,MD,Van - Passenger (&lt;9 Seats),Moving Constant Speed,35,No,2016,HONDA,ODYSSEY,39.02970831,-77.07547316,2025,3,8
250013487,Property Damage Crash,03/28/2025 12:17:00 AM,PHILADELPHIA AVE,NA,Front to Rear,Clear,Dry,Medium,No Controls,NONE DETECTED,No,NA,NA,NA,NA,Sport Utility Vehicle,Backing,10,No,2021,TOYOTA,4-RUNNER,38.99105953,-77.0264145,2025,3,0
250013485,Property Damage Crash,03/27/2025 11:25:00 PM,TWINBROOK PKWY,NA,Front to Rear,Clear,Dry,Medium,Traffic Control Signal,NONE DETECTED,Yes,No Apparent Injury,"Operated Motor Vehicle in Inattentive, Careless, Negligent, or Erratic Manner",Not Distracted,MD,Passenger Car,Slowing or Stopping,30,No,2017,TOYOTA,COROLLA,39.06276,-77.11649682,2025,3,23
250013485,Property Damage Crash,03/27/2025 11:25:00 PM,TWINBROOK PKWY,NA,Front to Rear,Clear,Dry,Medium,Traffic Control Signal,NONE DETECTED,No,No Apparent Injury,NA,Not Distracted,MD,Sport Utility Vehicle,Stopped in Traffic,30,No,2023,TOYOTA,HIGHLANDER,39.06276,-77.11649682,2025,3,23
250013479,Property Damage Crash,03/27/2025 10:33:00 PM,FRANKLIN AVE,NA,Angle,Clear,Dry,Medium,Traffic Control Signal,NONE DETECTED,Yes,No Apparent Injury,NA,Unknown,MD,Passenger Car,Accelerating,35,No,2007,HONDA,CR-V,39.01207667,-77.00268167,2025,3,22
250013479,Property Damage Crash,03/27/2025 10:33:00 PM,FRANKLIN AVE,NA,Angle,Clear,Dry,Medium,Traffic Control Signal,NONE DETECTED,Yes,No Apparent Injury,NA,Unknown,MD,Passenger Car,Turning Left,35,No,2010,SUBARU,OUTBACK,39.01207667,-77.00268167,2025,3,22
250013471,Property Damage Crash,03/27/2025 09:47:00 PM,CHERRY HILL RD (NB/L),NA,Front to Rear,Clear,Dry,Medium,No Controls,NONE DETECTED,No,No Apparent Injury,NA,Not Distracted,MD,Passenger Car,Moving Constant Speed,35,No,2006,TOYOTA,CAMRY,39.06246817,-76.96193721,2025,3,21
250013471,Property Damage Crash,03/27/2025 09:47:00 PM,CHERRY HILL RD (NB/L),NA,Front to Rear,Clear,Dry,Medium,No Controls,NONE DETECTED,Yes,No Apparent Injury,NA,Unknown,MD,Passenger Car,Moving Constant Speed,35,No,2022,TOYOTA,COROLLA CROSS,39.06246817,-76.96193721,2025,3,21
250013472,Injury Crash,03/27/2025 09:47:00 PM,LAUGHLIN LA,NA,Single Vehicle,Clear,Dry,Medium,No Controls,NONE DETECTED,Yes,Possible Minor Injury,"Improper Turn, Operated Motor Vehicle in Inattentive, Careless, Negligent, or Erratic Manner, Operated Motor Vehicle in Reckless or Aggressive Manner, Ran Off Roadway, Too Fast For Conditions, Wrong Side",Talking/listening,MD,Passenger Car,Turning Right,25,No,2016,HONDA,ACCORD,39.11560817,-77.05157425,2025,3,21
250013469,Property Damage Crash,03/27/2025 09:00:00 PM,DENLEY RD,NA,"Sideswipe, Opposite Direction",Clear,Dry,Medium,No Controls,ALCOHOL PRESENT,Yes,No Apparent Injury,"Over-Correcting/Over-Steering, Swerved or Avoided Due to Wind, Slippery Surface, Motor Vehicle, Object, Non-Motorist in Roadway, etc",Unknown,MD,Passenger Car,Moving Constant Speed,25,No,2023,SUBARU,FORESTER,39.06288002,-77.0575796,2025,3,21
250013463,Injury Crash,03/27/2025 08:35:00 PM,ASPEN HILL RD,Pedestrian,Single Vehicle,Clear,Dry,Medium,Traffic Control Signal,NONE DETECTED,No,NA,NA,NA,NA,NA,Turning Right,35,No,0,NA,NA,39.08053131,-77.0755094,2025,3,20