Local Case Number,ACRS Report Type,Crash Date/Time,Road Name,Related Non-Motorist,Collision Type,Weather,Surface Condition,Light,Traffic Control,Driver Substance Abuse,Driver At Fault,Injury Severity,Circumstance,Driver Distracted By,Drivers License State,Vehicle Body Type,Vehicle Movement,Speed Limit,Driverless Vehicle,Vehicle Year,Vehicle Make,Vehicle Model,Latitude,Longitude,Year,Month,Hour
250013455,Injury Crash,03/27/2025 07:03:00 PM,NA,NA,Other,Clear,NA,Medium,NA,NONE DETECTED,No,Possible Minor Injury,NA,Not Distracted,MD,Passenger Car,Parked,0,No,2004,FORD,EXPLORER,39.00033133,-76.99458367,2025,3,19
250013455,Injury Crash,03/27/2025 07:03:00 PM,NA,NA,Other,Clear,NA,Medium,NA,NONE DETECTED,Yes,No Apparent Injury,NA,Not Distracted,MD,Passenger Car,Accelerating,0,No,2010,TOYOTA,COROLLA,39.00033133,-76.99458367,2025,3,19
250013447,Injury Crash,03/27/2025 06:37:00 PM,HALPINE RD (EB/L),Pedestrian,Single Vehicle,Clear,Dry,Daylight,Traffic Control Signal,NONE DETECTED,No,NA,NA,NA,NA,NA,Turning Left,25,No,0,NA,NA,39.06129209,-77.12499069,2025,3,18
250013444,Property Damage Crash,03/27/2025 06:00:00 PM,WELLINGTON DR,NA,"Sideswipe, Same Direction",Clear,Dry,Daylight,No Controls,NONE DETECTED,Yes,No Apparent Injury,NA,Not Distracted,MD,Sport Utility Vehicle,Making U-Turn,25,No,2021,TOYOTA,RAV4,38.97920884,-77.09297225,2025,3,18
250013444,Property Damage Crash,03/27/2025 06:00:00 PM,WELLINGTON DR,NA,"Sideswipe, Same Direction",Clear,Dry,Daylight,No Controls,NONE DETECTED,No,No Apparent Injury,NA,Not Distracted,MD,Sport Utility Vehicle,Moving Constant Speed,25,No,2006,TOYOTA,SCION XB,38.97920884,-77.09297225,2025,3,18
250013434,Injury Crash,03/27/2025 05:36:00 PM,CRABBS BRANCH WAY,NA,Angle,Clear,Dry,Daylight,No Controls,NONE DETECTED,No,Suspected Serious Injury,NA,Not Distracted,MD,Passenger Car,Moving Constant Speed,35,No,2020,CHEVROLET,EQUINOX,39.10797859,-77.15224387,2025,3,17
250013434,Injury Crash,03/27/2025 05:36:00 PM,CRABBS BRANCH WAY,NA,Angle,Clear,Dry,Daylight,No Controls,NONE DETECTED,No,Possible Minor Injury,NA,Not Distracted,MD,Passenger Car,Moving Constant Speed,35,No,2019,KIA,STINGER,39.10797859,-77.15224387,2025,3,17
250013434,Injury Crash,03/27/2025 05:36:00 PM,CRABBS BRANCH WAY,NA,Angle,Clear,Dry,Daylight,Stop Sign,NONE DETECTED,Yes,No Apparent Injury,"Disregarded Other Traffic Sign, Failed to Yield Right-of-Way, Improper Turn, Operated Motor Vehicle in Inattentive, Careless, Negligent, or Erratic Manner, Ran Stop Sign",Unknown,MD,Passenger Car,Turning Right,15,No,2023,NISSAN,ARIYA,39.10797859,-77.15224387,2025,3,17
250013432,Property Damage Crash,03/27/2025 05:28:00 PM,NA,NA,Angle,Clear,Dry,Daylight,No Controls,NONE DETECTED,No,No Apparent Injury,NA,Not Distracted,MD,Passenger Car,Moving Constant Speed,30,No,2011,NISSAN,ALTIMA,39.28782753,-77.20219135,2025,3,17
250013432,Property Damage Crash,03/27/2025 05:28:00 PM,NA,NA,Angle,Clear,Dry,Daylight,No Controls,NONE DETECTED,Yes,No Apparent Injury,Failed to Yield Right-of-Way,Not Distracted,MD,Passenger Car,Turning Left,30,No,2012,FORD,FOCUS,39.28782753,-77.20219135,2025,3,17
250013421,Injury Crash,03/27/2025 05:10:00 PM,VEIRS MILL RD,NA,Rear To Rear,Clear,Dry,Daylight,No Controls,NONE DETECTED,Yes,Possible Minor Injury,"Operated Motor Vehicle in Inattentive, Careless, Negligent, or Erratic Manner","Other Action (looking away from task, etc.)",DC,Passenger Car,Accelerating,40,No,2008,ACURA,TL,39.0533305,-77.07758833,2025,3,17
250013421,Injury Crash,03/27/2025 05:10:00 PM,VEIRS MILL RD,NA,Rear To Rear,Clear,Dry,Daylight,No Controls,NONE DETECTED,No,Possible Minor Injury,NA,Not Distracted,MD,Sport Utility Vehicle,Stopped in Traffic,40,No,2013,TOYOTA,HIGHLANDER,39.0533305,-77.07758833,2025,3,17
250013423,Property Damage Crash,03/27/2025 05:00:00 PM,NA,NA,Front to Rear,Clear,Dry,Daylight,Traffic Control Signal,NONE DETECTED,Yes,No Apparent Injury,NA,Not Distracted,MD,Bus - School,Slowing or Stopping,35,No,2018,THOMAS BUILT,HDX,39.10614612,-77.00150304,2025,3,17
250013423,Property Damage Crash,03/27/2025 05:00:00 PM,NA,NA,Front to Rear,Clear,Dry,Daylight,Traffic Control Signal,NONE DETECTED,No,No Apparent Injury,NA,Not Distracted,MD,Passenger Car,Stopped in Traffic,35,No,2001,KIA,SPORTAGE,39.10614612,-77.00150304,2025,3,17
250013414,Property Damage Crash,03/27/2025 03:54:00 PM,NA,NA,"Sideswipe, Same Direction",Clear,Dry,Daylight,No Controls,NONE DETECTED,No,No Apparent Injury,NA,Not Distracted,MD,Passenger Car,Stopped in Traffic,35,No,2010,HONDA,PILOT,39.05524355,-77.16243932,2025,3,15
250013414,Property Damage Crash,03/27/2025 03:54:00 PM,NA,NA,"Sideswipe, Same Direction",Clear,Dry,Daylight,No Controls,NONE DETECTED,Yes,No Apparent Injury,NA,Not Distracted,MD,Bus - School,Turning Left,35,No,2019,THOMAS BUILT,HDX,39.05524355,-77.16243932,2025,3,15
250013411,Property Damage Crash,03/27/2025 03:36:00 PM,COLESVILLE RD (WB/L),NA,"Sideswipe, Same Direction",Clear,Dry,Daylight,Traffic Control Signal,NONE DETECTED,No,No Apparent Injury,NA,Not Distracted,MD,Bus - Transit,Moving Constant Speed,30,No,2019,FORD,E-450,38.99489717,-77.0302995,2025,3,15
250013411,Property Damage Crash,03/27/2025 03:36:00 PM,COLESVILLE RD (WB/L),NA,"Sideswipe, Same Direction",Clear,Dry,Daylight,Traffic Control Signal,NONE DETECTED,Yes,No Apparent Injury,NA,Not Distracted,DC,Passenger Car,Changing Lanes,30,No,2019,TOYOTA,CAMRY,38.99489717,-77.0302995,2025,3,15
250013392,Property Damage Crash,03/27/2025 02:05:00 PM,GROSVENOR LA,NA,Rear To Side,Clear,Dry,Daylight,Lane Use Control Signal,NONE DETECTED,Yes,No Apparent Injury,Improper Turn,Not Distracted,MD,Passenger Car,Turning Left,35,No,2016,TOYOTA,CAMRY,39.02246763,-77.10301138,2025,3,14
250013392,Property Damage Crash,03/27/2025 02:05:00 PM,GROSVENOR LA,NA,Rear To Side,Clear,Dry,Daylight,Lane Use Control Signal,NONE DETECTED,No,No Apparent Injury,NA,Not Distracted,MD,Passenger Car,Moving Constant Speed,35,No,2022,NISSAN,ALTIMA,39.02246763,-77.10301138,2025,3,14
250013391,Property Damage Crash,03/27/2025 01:57:00 PM,FARTHING DR,NA,Front to Front,Clear,Dry,Daylight,No Controls,NONE DETECTED,No,No Apparent Injury,NA,Not Distracted,MD,Passenger Car,Slowing or Stopping,25,No,2006,BMW,325I,39.06264717,-77.06826633,2025,3,13
250013391,Property Damage Crash,03/27/2025 01:57:00 PM,FARTHING DR,NA,Front to Front,Clear,Dry,Daylight,No Controls,NONE DETECTED,No,No Apparent Injury,NA,Not Distracted,MD,Passenger Car,Slowing or Stopping,25,No,1995,TOYOTA,COROLLA,39.06264717,-77.06826633,2025,3,13
250013383,Injury Crash,03/27/2025 12:45:00 PM,DEWEY RD,NA,Rear To Side,Clear,Dry,Daylight,Traffic Control Signal,NONE DETECTED,No,Possible Minor Injury,NA,Unknown,MD,Passenger Car,Accelerating,25,No,2017,HONDA,FIT,39.05340917,-77.08937433,2025,3,12
250013383,Injury Crash,03/27/2025 12:45:00 PM,DEWEY RD,NA,Rear To Side,Clear,Dry,Daylight,Traffic Control Signal,NONE DETECTED,No,No Apparent Injury,NA,Unknown,MD,Passenger Car,Moving Constant Speed,35,No,2000,HONDA,ACCORD,39.05340917,-77.08937433,2025,3,12
250013379,Property Damage Crash,03/27/2025 12:16:00 PM,NA,NA,Front to Rear,Clear,NA,Daylight,NA,NONE DETECTED,Yes,No Apparent Injury,Other Improper Action,Unknown,MD,Passenger Car,Slowing or Stopping,0,No,2007,TOYOTA,CAMRY,39.24538497,-77.20013311,2025,3,12
250013368,Property Damage Crash,03/27/2025 11:28:00 AM,APPLE AVE,NA,Front to Rear,Clear,Dry,Daylight,No Controls,NONE DETECTED,No,NA,Improper Backing,NA,NA,Passenger Car,Backing,20,No,0,NA,NA,38.99597693,-77.03224915,2025,3,11
250013352,Property Damage Crash,03/27/2025 10:27:00 AM,GEORGIA AVE (SB/L),NA,Angle,Clear,Dry,Daylight,No Controls,NONE DETECTED,Yes,No Apparent Injury,Failed to Yield Right-of-Way,Not Distracted,MD,Sport Utility Vehicle,Entering Traffic Lane,30,No,2024,DODGE,DURANGO,38.99110307,-77.02671517,2025,3,10
250013352,Property Damage Crash,03/27/2025 10:27:00 AM,GEORGIA AVE (SB/L),NA,Angle,Clear,Dry,Daylight,No Controls,NONE DETECTED,No,No Apparent Injury,NA,Not Distracted,VA,Pickup,Moving Constant Speed,30,No,2019,FORD,F-150,38.99110307,-77.02671517,2025,3,10
250013406,Property Damage Crash,03/27/2025 08:45:00 AM,NA,NA,"Sideswipe, Same Direction",Clear,Dry,Daylight,Traffic Control Signal,NONE DETECTED,No,No Apparent Injury,NA,Not Distracted,MD,Passenger Car,Stopped in Traffic,25,No,2020,CHEVROLET,BLAZER,38.97775464,-77.00742479,2025,3,8
250013406,Property Damage Crash,03/27/2025 08:45:00 AM,NA,NA,"Sideswipe, Same Direction",Clear,Dry,Daylight,Traffic Control Signal,NONE DETECTED,Yes,No Apparent Injury,Failed to Keep in Proper Lane,Not Distracted,MD,Other Trucks,Turning Right,25,No,2014,PETERBILT,389,38.97775464,-77.00742479,2025,3,8
250014696,Property Damage Crash,03/27/2025 08:10:00 AM,SHORT OAK ALY,NA,Front to Rear,Clear,NA,Daylight,Stop Sign,NONE DETECTED,No,No Apparent Injury,NA,Not Distracted,MD,Sport Utility Vehicle,Stopped in Traffic,25,No,2012,TOYOTA,RAV4,39.23063223,-77.27657553,2025,3,8
250014696,Property Damage Crash,03/27/2025 08:10:00 AM,SHORT OAK ALY,NA,Front to Rear,Clear,NA,Daylight,Stop Sign,NONE DETECTED,Yes,No Apparent Injury,NA,Not Distracted,MD,Sport Utility Vehicle,Backing,25,No,2026,DODGE,DURANGO,39.23063223,-77.27657553,2025,3,8
250013333,Property Damage Crash,03/27/2025 07:13:00 AM,BLUNT RD,NA,Front to Rear,Clear,Dry,Daylight,Stop Sign,NONE DETECTED,No,No Apparent Injury,NA,Not Distracted,MD,Passenger Car,Slowing or Stopping,25,No,2012,MAZDA,MAZDA6,39.18444776,-77.2322435,2025,3,7
250013333,Property Damage Crash,03/27/2025 07:13:00 AM,BLUNT RD,NA,Front to Rear,Clear,Dry,Daylight,Stop Sign,NONE DETECTED,Yes,No Apparent Injury,"Followed Too Closely, Other Improper Action",Not Distracted,MD,Sport Utility Vehicle,Moving Constant Speed,25,No,2023,HONDA,CR-V,39.18444776,-77.2322435,2025,3,7
250013332,Injury Crash,03/27/2025 06:30:00 AM,CRABBS BRANCH WAY,Pedestrian,Single Vehicle,Clear,Dry,Medium,Traffic Control Signal,NONE DETECTED,No,NA,NA,NA,NA,Passenger Car,Turning Right,35,No,0,NA,NA,39.12869752,-77.16755539,2025,3,6
250013329,Injury Crash,03/27/2025 04:50:00 AM,WARING STATION RD,NA,Front to Rear,Clear,Dry,Medium,No Controls,NONE DETECTED,No,Possible Minor Injury,NA,Unknown,MD,Passenger Car,Moving Constant Speed,30,No,2019,TOYOTA,COROLLA,39.17060964,-77.25034392,2025,3,4
250013328,Property Damage Crash,03/27/2025 03:30:00 AM,ROCKVILLE PIKE,NA,Single Vehicle,Clear,Dry,Medium,Other,NONE DETECTED,Yes,No Apparent Injury,NA,Unknown,MD,Passenger Car,Moving Constant Speed,35,No,2015,TOYOTA,CAMRY,39.01263939,-77.09835557,2025,3,3
250013327,Property Damage Crash,03/27/2025 02:59:00 AM,RAMP 8 FR MD 650 SB TO US 29 WB,NA,Single Vehicle,Clear,Dry,Medium,No Controls,NONE DETECTED,No,No Apparent Injury,NA,Not Distracted,MD,Passenger Car,Slowing or Stopping,40,No,2011,TOYOTA,YARIS,39.04491212,-76.992491,2025,3,2
250013319,Injury Crash,03/26/2025 10:36:00 PM,FREDERICK RD,NA,"Sideswipe, Same Direction",Clear,Dry,Medium,Traffic Control Signal,NONE DETECTED,No,Possible Minor Injury,NA,Not Distracted,MD,Passenger Car,Turning Left,45,No,2005,CHEVROLET,UPLANDER,39.19218281,-77.24250614,2025,3,22
250013319,Injury Crash,03/26/2025 10:36:00 PM,FREDERICK RD,NA,"Sideswipe, Same Direction",Clear,Dry,Medium,Traffic Control Signal,NONE DETECTED,No,No Apparent Injury,NA,Not Distracted,MD,Passenger Car,NA,45,No,2008,TOYOTA,SIENNA,39.19218281,-77.24250614,2025,3,22
250013308,Property Damage Crash,03/26/2025 08:30:00 PM,NA,NA,Front to Rear,Clear,Dry,Medium,No Controls,NONE DETECTED,Yes,No Apparent Injury,NA,Unknown,MD,Sport Utility Vehicle,Accelerating,30,No,2018,JEEP,COMPASS,38.99132267,-77.09685117,2025,3,20
250013288,Property Damage Crash,03/26/2025 06:27:00 PM,NO NAME,NA,Front to Rear,Clear,Dry,Daylight,No Controls,NONE DETECTED,Yes,No Apparent Injury,NA,Not Distracted,MD,Passenger Car,Moving Constant Speed,35,No,2015,TOYOTA,COROLLA,39.09733267,-77.10607683,2025,3,18
250013288,Property Damage Crash,03/26/2025 06:27:00 PM,NO NAME,NA,Front to Rear,Clear,Dry,Daylight,No Controls,NONE DETECTED,No,No Apparent Injury,NA,Not Distracted,MD,Passenger Car,Slowing or Stopping,35,No,2021,SUBARU,CROSSTREK,39.09733267,-77.10607683,2025,3,18
250013287,Property Damage Crash,03/26/2025 06:13:00 PM,BALTIMORE RD,NA,Front to Front,Clear,Dry,Daylight,Traffic Control Signal,NONE DETECTED,No,No Apparent Injury,NA,Not Distracted,MD,Passenger Car,Moving Constant Speed,25,No,2017,CHRYSLER,PACIFICA,39.08456686,-77.13614832,2025,3,18
250013287,Property Damage Crash,03/26/2025 06:13:00 PM,BALTIMORE RD,NA,Front to Front,Clear,Dry,Daylight,Traffic Control Signal,NONE DETECTED,No,No Apparent Injury,NA,Unknown,MD,Passenger Car,Turning Left,25,No,2017,TOYOTA,COROLLA,39.08456686,-77.13614832,2025,3,18
250013290,Injury Crash,03/26/2025 06:11:00 PM,FREDERICK RD (SB/L),NA,Angle,Clear,Dry,Daylight,Traffic Control Signal,NONE DETECTED,Yes,Possible Minor Injury,NA,Unknown,MD,Passenger Car,Moving Constant Speed,40,No,2022,HONDA,HR-V,39.12401033,-77.18022883,2025,3,18
250013290,Injury Crash,03/26/2025 06:11:00 PM,FREDERICK RD (SB/L),NA,Angle,Clear,Dry,Daylight,Traffic Control Signal,NONE DETECTED,No,Possible Minor Injury,NA,Not Distracted,MD,Passenger Car,Accelerating,25,No,2017,TOYOTA,COROLLA,39.12401033,-77.18022883,2025,3,18
250013282,Property Damage Crash,03/26/2025 05:50:00 PM,WOODFIELD RD EXT,NA,"Sideswipe, Opposite Direction",Clear,Dry,Daylight,No Controls,NONE DETECTED,No,No Apparent Injury,NA,Not Distracted,MD,Sport Utility Vehicle,Moving Constant Speed,35,No,2019,CHEVROLET,BLAZER,39.28841164,-77.20142851,2025,3,17
250013282,Property Damage Crash,03/26/2025 05:50:00 PM,WOODFIELD RD EXT,NA,"Sideswipe, Opposite Direction",Clear,Dry,Daylight,No Controls,ALCOHOL PRESENT,Yes,No Apparent Injury,"Failed to Keep in Proper Lane, Operated Motor Vehicle in Inattentive, Careless, Negligent, or Erratic Manner, Operated Motor Vehicle in Reckless or Aggressive Manner, Other Improper Action, Wrong Side, Wrong Way",Not Distracted,MD,Sport Utility Vehicle,Moving Constant Speed,35,No,2019,TOYOTA,RAV4,39.28841164,-77.20142851,2025,3,17
250015543,Property Damage Crash,03/26/2025 05:28:00 PM,NA,NA,Front to Rear,Clear,NA,Daylight,NA,NONE DETECTED,No,No Apparent Injury,NA,Not Distracted,MD,Passenger Car,Turning Right,0,No,2008,HYUNDAI,SONATA,39.17758105,-77.26578007,2025,3,17
250015543,Property Damage Crash,03/26/2025 05:28:00 PM,NA,NA,Front to Rear,Clear,NA,Daylight,NA,NONE DETECTED,Yes,No Apparent Injury,"Followed Too Closely, Operated Motor Vehicle in Inattentive, Careless, Negligent, or Erratic Manner, Operated Motor Vehicle in Reckless or Aggressive Manner",Unknown,MD,Passenger Car,Moving Constant Speed,0,No,2012,TOYOTA,CAMRY,39.17758105,-77.26578007,2025,3,17
250013418,Property Damage Crash,03/26/2025 05:00:00 PM,INDIGO RD,NA,Angle,Clear,NA,Daylight,No Controls,NONE DETECTED,No,No Apparent Injury,NA,Not Distracted,MD,Passenger Car,Moving Constant Speed,25,No,2012,HONDA,CIVIC,39.05052121,-77.07875746,2025,3,17
250013271,Property Damage Crash,03/26/2025 05:00:00 PM,CLOPPER RD,NA,Front to Rear,Clear,Dry,Daylight,Traffic Control Signal,NONE DETECTED,No,No Apparent Injury,NA,Not Distracted,MD,Sport Utility Vehicle,Turning Left,30,No,2019,CHEVROLET,SUBURBAN HD,39.16481682,-77.28724159,2025,3,17
250013271,Property Damage Crash,03/26/2025 05:00:00 PM,CLOPPER RD,NA,Front to Rear,Clear,Dry,Daylight,Traffic Control Signal,NONE DETECTED,Yes,No Apparent Injury,"Followed Too Closely, Operated Motor Vehicle in Inattentive, Careless, Negligent, or Erratic Manner, Operated Motor Vehicle in Reckless or Aggressive Manner",Unknown,MD,Sport Utility Vehicle,Moving Constant Speed,30,No,2010,MAZDA,CX-9,39.16481682,-77.28724159,2025,3,17
250013418,Property Damage Crash,03/26/2025 05:00:00 PM,INDIGO RD,NA,Angle,Clear,NA,Daylight,No Controls,NONE DETECTED,Yes,NA,NA,NA,NA,Van - Passenger (&lt;9 Seats),Entering Traffic Lane,25,No,2015,FORD,TRANSIT CONNECT,39.05052121,-77.07875746,2025,3,17
250013272,Property Damage Crash,03/26/2025 04:51:00 PM,EAST WEST HWY,NA,"Sideswipe, Same Direction",Clear,Dry,Daylight,Traffic Control Signal,NONE DETECTED,No,No Apparent Injury,NA,Not Distracted,MD,Sport Utility Vehicle,Moving Constant Speed,35,No,2020,JAGUAR,F-PACE,38.99397497,-77.03272404,2025,3,16
250013272,Property Damage Crash,03/26/2025 04:51:00 PM,EAST WEST HWY,NA,"Sideswipe, Same Direction",Clear,Dry,Daylight,Traffic Control Signal,NONE DETECTED,No,NA,NA,NA,NA,Van - Passenger (&lt;9 Seats),Entering Traffic Lane,35,No,2016,HONDA,ODYSSEY,38.99397497,-77.03272404,2025,3,16
250013274,Property Damage Crash,03/26/2025 04:42:00 PM,NA,NA,Angle,Clear,NA,Daylight,NA,NONE DETECTED,No,NA,NA,NA,NA,Passenger Car,Turning Right,0,No,2024,GMC,SAVANA,39.05846555,-76.96152095,2025,3,16
250013246,Injury Crash,03/26/2025 03:05:00 PM,EAST WEST HWY (WB/L),NA,Front to Rear,Clear,Dry,Daylight,No Controls,NONE DETECTED,No,Possible Minor Injury,NA,Unknown,MD,Passenger Car,Moving Constant Speed,35,No,2019,KIA,SPORTAGE,38.99456709,-77.03559627,2025,3,15
250013246,Injury Crash,03/26/2025 03:05:00 PM,EAST WEST HWY (WB/L),NA,Front to Rear,Clear,Dry,Daylight,No Controls,NONE DETECTED,Yes,No Apparent Injury,NA,Unknown,MD,Passenger Car,Moving Constant Speed,35,No,2016,TOYOTA,SIENNA,38.99456709,-77.03559627,2025,3,15
250013239,Property Damage Crash,03/26/2025 02:17:00 PM,FREDERICK RD,NA,Front to Rear,Clear,Dry,Daylight,No Controls,NONE DETECTED,No,No Apparent Injury,NA,Not Distracted,MD,Passenger Car,Slowing or Stopping,40,No,2013,HONDA,ODYSSEY,39.10837776,-77.15936991,2025,3,14
250013239,Property Damage Crash,03/26/2025 02:17:00 PM,FREDERICK RD,NA,Front to Rear,Clear,Dry,Daylight,No Controls,NONE DETECTED,Yes,No Apparent Injury,NA,Not Distracted,MD,Passenger Car,Slowing or Stopping,40,No,2007,HONDA,ACCORD,39.10837776,-77.15936991,2025,3,14
250013230,Injury Crash,03/26/2025 01:40:00 PM,NA,NA,Rear To Side,Clear,Dry,Daylight,Traffic Control Signal,NONE DETECTED,Yes,No Apparent Injury,"Failed to Yield Right-of-Way, Improper Turn",Unknown,MD,Sport Utility Vehicle,Turning Left,40,No,2015,BMW,X5,39.09249171,-77.19434815,2025,3,13
250013230,Injury Crash,03/26/2025 01:40:00 PM,NA,NA,Rear To Side,Clear,Dry,Daylight,Traffic Control Signal,NONE DETECTED,No,No Apparent Injury,NA,Not Distracted,MD,Sport Utility Vehicle,Moving Constant Speed,40,No,2014,TOYOTA,SIENNA,39.09249171,-77.19434815,2025,3,13
250013226,Property Damage Crash,03/26/2025 01:17:00 PM,FATHER HURLEY BLVD (NB/L),NA,Front to Rear,Clear,Dry,Daylight,Traffic Control Signal,NONE DETECTED,No,No Apparent Injury,NA,Not Distracted,MD,Passenger Car,Stopped in Traffic,40,No,2020,JEEP,CHEROKEE,39.19640956,-77.26551372,2025,3,13
250013226,Property Damage Crash,03/26/2025 01:17:00 PM,FATHER HURLEY BLVD (NB/L),NA,Front to Rear,Clear,Dry,Daylight,Traffic Control Signal,NONE DETECTED,Yes,No Apparent Injury,Other Improper Action,Talking/listening,IL,Passenger Car,Slowing or Stopping,40,No,2018,SUBARU,LEGACY,39.19640956,-77.26551372,2025,3,13
250013210,Property Damage Crash,03/26/2025 12:12:00 PM,EAST WEST HWY,NA,Angle,Clear,Dry,Daylight,Traffic Control Signal,NONE DETECTED,Yes,No Apparent Injury,Failed to Yield Right-of-Way,Not Distracted,MD,Passenger Car,Turning Left,35,No,2015,HONDA,CIVIC,38.99356904,-77.0323491,2025,3,12
250013210,Property Damage Crash,03/26/2025 12:12:00 PM,EAST WEST HWY,NA,Angle,Clear,Dry,Daylight,Traffic Control Signal,NONE DETECTED,No,No Apparent Injury,NA,Not Distracted,MD,Passenger Car,Moving Constant Speed,35,No,2009,TOYOTA,AVALON,38.99356904,-77.0323491,2025,3,12
250013211,Property Damage Crash,03/26/2025 11:30:00 AM,UNIVERSITY BLVD E,NA,Other,Clear,Dry,Daylight,Intersection Ahead Warning Sign,NONE DETECTED,No,No Apparent Injury,NA,Not Distracted,MD,Passenger Car,Slowing or Stopping,35,No,2019,CADILLAC,CT6,38.9944422,-76.99275523,2025,3,11
250013211,Property Damage Crash,03/26/2025 11:30:00 AM,UNIVERSITY BLVD E,NA,Other,Clear,Dry,Daylight,Intersection Ahead Warning Sign,NONE DETECTED,No,No Apparent Injury,NA,Unknown,MD,Other,Backing,35,No,2017,MERCEDES-BENZ,METRIS,38.9944422,-76.99275523,2025,3,11
250013184,Injury Crash,03/26/2025 09:41:00 AM,NA,NA,Front to Rear,Clear,Dry,Daylight,Traffic Control Signal,NONE DETECTED,Yes,No Apparent Injury,Followed Too Closely,Not Distracted,MD,Sport Utility Vehicle,Slowing or Stopping,30,No,2013,FORD,EXPLORER,38.98735732,-77.02628619,2025,3,9
250013184,Injury Crash,03/26/2025 09:41:00 AM,NA,NA,Front to Rear,Clear,Dry,Daylight,Traffic Control Signal,NONE DETECTED,No,Possible Minor Injury,NA,Not Distracted,MD,Passenger Car,Slowing or Stopping,30,No,2019,TOYOTA,CAMRY,38.98735732,-77.02628619,2025,3,9
250013183,Property Damage Crash,03/26/2025 09:33:00 AM,NA,NA,"Sideswipe, Same Direction",Clear,Dry,Daylight,Traffic Control Signal,NONE DETECTED,No,No Apparent Injury,Failed to Keep in Proper Lane,Not Distracted,DC,Passenger Car,Changing Lanes,30,No,2021,TOYOTA,RAV4 PRIME,38.98736671,-77.02669766,2025,3,9
250013183,Property Damage Crash,03/26/2025 09:33:00 AM,NA,NA,"Sideswipe, Same Direction",Clear,Dry,Daylight,Traffic Control Signal,NONE DETECTED,No,No Apparent Injury,NA,Not Distracted,MD,Passenger Car,Leaving Traffic Lane,30,No,2017,HONDA,CIVIC,38.98736671,-77.02669766,2025,3,9
250013181,Property Damage Crash,03/26/2025 08:37:00 AM,NA,NA,Rear To Rear,Clear,NA,Daylight,NA,NONE DETECTED,No,No Apparent Injury,NA,NA,NA,Other Trucks,Backing,0,No,0,NA,NA,39.047889670000004,-77.1024355,2025,3,8
250013173,Property Damage Crash,03/26/2025 08:30:00 AM,FENTON ST,NA,Angle,Clear,Dry,Daylight,Traffic Control Signal,NONE DETECTED,No,No Apparent Injury,NA,Not Distracted,MD,Bus - Transit,Moving Constant Speed,25,No,2009,GILLIG,LOW FLOOR BUS,38.99421865,-77.0240822,2025,3,8
250013173,Property Damage Crash,03/26/2025 08:30:00 AM,FENTON ST,NA,Angle,Clear,Dry,Daylight,Traffic Control Signal,NONE DETECTED,Yes,No Apparent Injury,Failed to Keep in Proper Lane,Not Distracted,MD,Passenger Car,Moving Constant Speed,25,No,2002,FORD,F-150,38.99421865,-77.0240822,2025,3,8
250013175,Property Damage Crash,03/26/2025 08:20:00 AM,GOYA DR,NA,Front to Front,Clear,Dry,Daylight,No Controls,NONE DETECTED,No,No Apparent Injury,NA,Not Distracted,MD,Passenger Car,Slowing or Stopping,25,No,2017,PORSCHE,CAYENNE,39.05530667,-77.16236833,2025,3,8
250013175,Property Damage Crash,03/26/2025 08:20:00 AM,GOYA DR,NA,Front to Front,Clear,Dry,Daylight,No Controls,NONE DETECTED,No,No Apparent Injury,NA,Not Distracted,MD,Passenger Car,Slowing or Stopping,25,No,2014,TOYOTA,CAMRY,39.05530667,-77.16236833,2025,3,8