Local Case Number,ACRS Report Type,Crash Date/Time,Road Name,Related Non-Motorist,Collision Type,Weather,Surface Condition,Light,Traffic Control,Driver Substance Abuse,Driver At Fault,Injury Severity,Circumstance,Driver Distracted By,Drivers License State,Vehicle Body Type,Vehicle Movement,Speed Limit,Driverless Vehicle,Vehicle Year,Vehicle Make,Vehicle Model,Latitude,Longitude,Year,Month,Hour
250013175,Property Damage Crash,03/26/2025 08:20:00 AM,GOYA DR,NA,Front to Front,Clear,Dry,Daylight,No Controls,NONE DETECTED,Yes,No Apparent Injury,Followed Too Closely,Not Distracted,MD,Passenger Car,Moving Constant Speed,25,No,2023,TOYOTA,RAV4,39.05530667,-77.16236833,2025,3,8
250013168,Injury Crash,03/26/2025 08:11:00 AM,CONNECTICUT AVE,NA,Angle,Clear,Dry,Daylight,Traffic Control Signal,NONE DETECTED,No,No Apparent Injury,NA,Not Distracted,MD,Passenger Car,Stopped in Traffic,35,No,2014,TOYOTA,CAMRY,39.05710333,-77.0735445,2025,3,8
250013168,Injury Crash,03/26/2025 08:11:00 AM,CONNECTICUT AVE,NA,Angle,Clear,Dry,Daylight,Traffic Control Signal,NONE DETECTED,No,Possible Minor Injury,NA,Not Distracted,MD,Passenger Car,Moving Constant Speed,35,No,2021,HONDA,ACCORD,39.05710333,-77.0735445,2025,3,8
250013168,Injury Crash,03/26/2025 08:11:00 AM,CONNECTICUT AVE,NA,Angle,Clear,Dry,Daylight,Traffic Control Signal,NONE DETECTED,Yes,No Apparent Injury,"Failed to Yield Right-of-Way, Operated Motor Vehicle in Inattentive, Careless, Negligent, or Erratic Manner",Not Distracted,MD,Passenger Car,Accelerating,35,No,2014,FORD,MUSTANG,39.05710333,-77.0735445,2025,3,8
250013161,Property Damage Crash,03/26/2025 07:09:00 AM,16TH ST,NA,"Sideswipe, Same Direction",Clear,Dry,Daylight,Traffic Control Signal,NONE DETECTED,Yes,No Apparent Injury,Failed to Yield Right-of-Way,Not Distracted,DC,Passenger Car,Changing Lanes,30,No,2004,FORD,EXPEDITION,38.9924565,-77.0362396,2025,3,7
250013161,Property Damage Crash,03/26/2025 07:09:00 AM,16TH ST,NA,"Sideswipe, Same Direction",Clear,Dry,Daylight,Traffic Control Signal,NONE DETECTED,No,No Apparent Injury,NA,Not Distracted,MD,Passenger Car,Moving Constant Speed,30,No,2005,TOYOTA,TACOMA,38.9924565,-77.0362396,2025,3,7
250013158,Property Damage Crash,03/26/2025 02:51:00 AM,GERMANTOWN RD,NA,Single Vehicle,Clear,Dry,Dark,"Other Pavement Marking (excluding edgelines, centerlines, or lane lines)",NONE DETECTED,No,No Apparent Injury,NA,Unknown,NA,Pickup,NA,35,No,2005,NISSAN,TITAN,39.14342833,-77.29335833,2025,3,2
250013139,Property Damage Crash,03/25/2025 10:28:00 PM,CARROLL AVE (SB/L),NA,Angle,Clear,Dry,Medium,No Controls,NONE DETECTED,No,No Apparent Injury,NA,Not Distracted,NA,Passenger Car,Moving Constant Speed,25,No,2004,HONDA,PILOT,38.9900375,-76.99353833,2025,3,22
250013139,Property Damage Crash,03/25/2025 10:28:00 PM,CARROLL AVE (SB/L),NA,Angle,Clear,Dry,Medium,No Controls,NONE DETECTED,Yes,No Apparent Injury,NA,Unknown,MD,Passenger Car,Moving Constant Speed,25,No,2019,DODGE,CHARGER,38.9900375,-76.99353833,2025,3,22
250013110,Injury Crash,03/25/2025 07:17:00 PM,MUNCASTER RD,NA,Front to Front,Clear,Dry,Dark,No Controls,NONE DETECTED,Yes,Possible Minor Injury,"Failed to Keep in Proper Lane, Too Fast For Conditions, Wrong Side",Unknown,MD,Passenger Car,Negotiating a Curve,40,No,2006,LEXUS,IS,39.15418033,-77.13168639,2025,3,19
250013110,Injury Crash,03/25/2025 07:17:00 PM,MUNCASTER RD,NA,Front to Front,Clear,Dry,Dark,No Controls,NONE DETECTED,No,Possible Minor Injury,NA,Not Distracted,MD,Passenger Car,Negotiating a Curve,40,No,2018,HONDA,ACCORD,39.15418033,-77.13168639,2025,3,19
250013108,Property Damage Crash,03/25/2025 07:04:00 PM,BLACKTHORN ST,NA,Front to Rear,Clear,Dry,Medium,No Controls,NONE DETECTED,No,No Apparent Injury,NA,Not Distracted,MD,Pickup,Stopped in Traffic,35,No,2020,CHEVROLET,COLORADO,38.98706735,-77.07701783,2025,3,19
250013108,Property Damage Crash,03/25/2025 07:04:00 PM,BLACKTHORN ST,NA,Front to Rear,Clear,Dry,Medium,No Controls,NONE DETECTED,Yes,No Apparent Injury,NA,Unknown,MD,Bus - Transit,Slowing or Stopping,35,No,2009,GILLIG,CITY TRANSIT BUS,38.98706735,-77.07701783,2025,3,19
250013095,Property Damage Crash,03/25/2025 06:09:00 PM,TURKEY BRANCH PKWY,NA,"Sideswipe, Same Direction",Cloudy,Dry,Daylight,No Controls,NONE DETECTED,Yes,No Apparent Injury,Too Fast For Conditions,Not Distracted,MD,Passenger Car,Moving Constant Speed,25,No,2013,TOYOTA,CAMRY,39.07783583,-77.08191383,2025,3,18
250013095,Property Damage Crash,03/25/2025 06:09:00 PM,TURKEY BRANCH PKWY,NA,"Sideswipe, Same Direction",Cloudy,Dry,Daylight,No Controls,NONE DETECTED,No,No Apparent Injury,NA,Not Distracted,MD,Passenger Car,Turning Right,25,No,2016,MAZDA,CX-5,39.07783583,-77.08191383,2025,3,18
250013081,Property Damage Crash,03/25/2025 05:09:00 PM,SPECTRUM BLVD SB/L,Pedestrian,Single Vehicle,Clear,Dry,Daylight,Traffic Control Signal,NONE DETECTED,No,No Apparent Injury,NA,Not Distracted,MD,Passenger Car,Turning Right,35,No,2024,NISSAN,MURANO,39.15813055,-77.22193192,2025,3,17
250013082,Property Damage Crash,03/25/2025 05:06:00 PM,NA,NA,Front to Rear,Clear,Dry,Daylight,No Controls,NONE DETECTED,Yes,No Apparent Injury,Other Improper Action,Unknown,MD,Passenger Car,Moving Constant Speed,40,No,2016,HONDA,CR-V,39.21500833,-77.25130667,2025,3,17
250013082,Property Damage Crash,03/25/2025 05:06:00 PM,NA,NA,Front to Rear,Clear,Dry,Daylight,No Controls,NONE DETECTED,No,No Apparent Injury,NA,Not Distracted,MD,Passenger Car,Turning Left,40,No,2024,NISSAN,FRONTIER,39.21500833,-77.25130667,2025,3,17
250013094,Property Damage Crash,03/25/2025 05:00:00 PM,S FREDERICK RD,NA,"Sideswipe, Same Direction",Clear,Dry,Daylight,Traffic Control Signal,NONE DETECTED,No,No Apparent Injury,NA,Not Distracted,MD,Passenger Car,Changing Lanes,35,No,2004,TOYOTA,CAMRY,39.13600917,-77.192117,2025,3,17
250013094,Property Damage Crash,03/25/2025 05:00:00 PM,S FREDERICK RD,NA,"Sideswipe, Same Direction",Clear,Dry,Daylight,Traffic Control Signal,NONE DETECTED,No,No Apparent Injury,NA,Not Distracted,MD,Passenger Car,Moving Constant Speed,35,No,2019,MITSUBISHI,OUTLANDER SPORT,39.13600917,-77.192117,2025,3,17
250013066,Property Damage Crash,03/25/2025 04:00:00 PM,CLUB HOUSE RD,NA,Front to Front,Clear,Dry,Daylight,Traffic Control Signal,NONE DETECTED,No,No Apparent Injury,NA,Not Distracted,MD,Passenger Car,Turning Left,35,No,2019,TOYOTA,RAV4,39.17256133,-77.201537,2025,3,16
250013066,Property Damage Crash,03/25/2025 04:00:00 PM,CLUB HOUSE RD,NA,Front to Front,Clear,Dry,Daylight,Traffic Control Signal,NONE DETECTED,Yes,No Apparent Injury,NA,Not Distracted,MD,Passenger Car,Accelerating,35,No,2014,TOYOTA,SCION XB,39.17256133,-77.201537,2025,3,16
250013061,Injury Crash,03/25/2025 03:50:00 PM,CENTER CT (EB/L),Scooter (electric),Single Vehicle,Clear,Dry,Daylight,Stop Sign,NONE DETECTED,Yes,No Apparent Injury,NA,"Other Action (looking away from task, etc.)",MD,Passenger Car,Turning Right,25,No,2017,TOYOTA,COROLLA,39.16790222,-77.2051496,2025,3,15
250013034,Injury Crash,03/25/2025 02:17:00 PM,OLNEY SANDY SPRING RD,NA,Front to Front,Clear,Dry,Daylight,Traffic Control Signal,NONE DETECTED,Yes,Possible Minor Injury,NA,Not Distracted,MD,Passenger Car,Moving Constant Speed,30,No,2023,KIA,RIO,39.1507766,-77.06219871,2025,3,14
250013034,Injury Crash,03/25/2025 02:17:00 PM,OLNEY SANDY SPRING RD,NA,Front to Front,Clear,Dry,Daylight,Traffic Control Signal,NONE DETECTED,No,Possible Minor Injury,NA,Not Distracted,MD,Passenger Car,Turning Left,30,No,2014,HONDA,CIVIC,39.1507766,-77.06219871,2025,3,14
250013051,Property Damage Crash,03/25/2025 02:15:00 PM,FARTHING DR,NA,Angle,Clear,Dry,Daylight,Stop Sign,NONE DETECTED,No,No Apparent Injury,NA,Not Distracted,MD,Passenger Car,Moving Constant Speed,30,No,2005,FORD,MUSTANG,39.061513,-77.06936233,2025,3,14
250013051,Property Damage Crash,03/25/2025 02:15:00 PM,FARTHING DR,NA,Angle,Clear,Dry,Daylight,Stop Sign,NONE DETECTED,Yes,No Apparent Injury,Failed to Yield Right-of-Way,Unknown,MD,Passenger Car,Accelerating,30,No,2011,TOYOTA,COROLLA,39.061513,-77.06936233,2025,3,14
250013049,Property Damage Crash,03/25/2025 02:12:00 PM,NA,NA,Front to Front,Clear,NA,Daylight,NA,NONE DETECTED,Yes,No Apparent Injury,NA,Unknown,MD,Sport Utility Vehicle,Turning Left,0,No,2015,HONDA,PILOT,39.19799845,-77.25857827,2025,3,14
250013029,Injury Crash,03/25/2025 01:42:00 PM,DARNESTOWN RD (WB/L),NA,Angle,Clear,Dry,Daylight,Traffic Control Signal,NONE DETECTED,Yes,No Apparent Injury,"Failed to Yield Right-of-Way, Improper Turn",Unknown,MD,Passenger Car,Turning Right,40,No,2019,BUICK,ENCORE,39.1026501,-77.22071838,2025,3,13
250013029,Injury Crash,03/25/2025 01:42:00 PM,DARNESTOWN RD (WB/L),NA,Angle,Clear,Dry,Daylight,Traffic Control Signal,NONE DETECTED,No,Possible Minor Injury,NA,Not Distracted,MD,Single-Unit Truck,Moving Constant Speed,40,No,2016,FREIGHTLINER,M2,39.1026501,-77.22071838,2025,3,13
250013038,Property Damage Crash,03/25/2025 11:40:00 AM,NA,NA,Rear To Side,Clear,NA,Daylight,NA,NONE DETECTED,Yes,No Apparent Injury,NA,NA,NA,Sport Utility Vehicle,Backing,0,No,2016,JEEP,RENEGADE,39.05783385,-77.12279755,2025,3,11
250013038,Property Damage Crash,03/25/2025 11:40:00 AM,NA,NA,Rear To Side,Clear,NA,Daylight,NA,NONE DETECTED,No,No Apparent Injury,NA,Not Distracted,MD,Passenger Car,Moving Constant Speed,0,No,2013,TOYOTA,CAMRY,39.05783385,-77.12279755,2025,3,11
250012973,Property Damage Crash,03/25/2025 09:10:00 AM,COLESVILLE RD,NA,"Sideswipe, Same Direction",Clear,Dry,Daylight,Traffic Control Signal,NONE DETECTED,No,No Apparent Injury,NA,Not Distracted,MD,Bus - Transit,Moving Constant Speed,30,No,2023,NEW FLYER,XCELSIOR,38.99752629,-77.02696989,2025,3,9
250012973,Property Damage Crash,03/25/2025 09:10:00 AM,COLESVILLE RD,NA,"Sideswipe, Same Direction",Clear,Dry,Daylight,Traffic Control Signal,NONE DETECTED,No,NA,Failed to Keep in Proper Lane,NA,NA,NA,Moving Constant Speed,30,No,0,NA,NA,38.99752629,-77.02696989,2025,3,9
250012967,Property Damage Crash,03/25/2025 08:10:00 AM,NA,NA,"Sideswipe, Opposite Direction",Clear,NA,Daylight,NA,NONE DETECTED,No,No Apparent Injury,NA,Not Distracted,MD,Passenger Car,Stopped in Traffic,0,No,2022,ACURA,MDX,39.09968055,-77.2120224,2025,3,8
250012967,Property Damage Crash,03/25/2025 08:10:00 AM,NA,NA,"Sideswipe, Opposite Direction",Clear,NA,Daylight,NA,NONE DETECTED,Yes,No Apparent Injury,NA,Not Distracted,MD,Other Trucks,Turning Left,0,No,2018,KENWORTH,T4 SERIES,39.09968055,-77.2120224,2025,3,8
250012970,Injury Crash,03/25/2025 08:00:00 AM,NA,NA,Single Vehicle,Clear,Dry,Daylight,No Controls,NONE DETECTED,Yes,Suspected Serious Injury,"Failed to Keep in Proper Lane, Ran Off Roadway, Wrong Side",Unknown,MD,Passenger Car,Moving Constant Speed,40,No,2007,VOLVO,S80,39.145465,-77.00629117,2025,3,8
250012958,Injury Crash,03/25/2025 06:30:00 AM,W DEER PARK RD (WB/L),NA,Front to Front,Clear,Dry,Medium,Stop Sign,NONE DETECTED,Yes,No Apparent Injury,NA,Unknown,MD,Van - Passenger (&lt;9 Seats),Turning Left,25,No,2008,CHRYSLER,TOWN AND COUNTRY,39.13046047,-77.20159428,2025,3,6
250012958,Injury Crash,03/25/2025 06:30:00 AM,W DEER PARK RD (WB/L),NA,Front to Front,Clear,Dry,Medium,No Controls,NONE DETECTED,No,Possible Minor Injury,NA,Not Distracted,MD,Passenger Car,Moving Constant Speed,25,No,2014,KIA,OPTIMA,39.13046047,-77.20159428,2025,3,6
250012943,Property Damage Crash,03/24/2025 10:06:00 PM,NA,NA,Front to Rear,Clear,Dry,Medium,Traffic Control Signal,NONE DETECTED,Yes,No Apparent Injury,Followed Too Closely,Unknown,MD,Bus - Transit,Turning Right,35,No,2016,GILLIG,LOW FLOOR BUS,39.15809941,-77.20396844,2025,3,22
250012943,Property Damage Crash,03/24/2025 10:06:00 PM,NA,NA,Front to Rear,Clear,Dry,Medium,Traffic Control Signal,NONE DETECTED,No,No Apparent Injury,NA,Not Distracted,MD,Passenger Car,Slowing or Stopping,35,No,2015,HONDA,CIVIC,39.15809941,-77.20396844,2025,3,22
250012939,Injury Crash,03/24/2025 08:55:00 PM,INDUSTRIAL DR,NA,Angle,Clear,Dry,Dark,No Controls,NONE DETECTED,No,No Apparent Injury,NA,Unknown,MD,Passenger Car,Accelerating,35,No,2007,HONDA,PILOT,39.12041437,-77.18915514,2025,3,20
250012939,Injury Crash,03/24/2025 08:55:00 PM,INDUSTRIAL DR,NA,Angle,Clear,Dry,Dark,No Controls,NONE DETECTED,No,No Apparent Injury,NA,Not Distracted,MD,Truck Tractor,Moving Constant Speed,35,No,2024,MACK,ANTHEM,39.12041437,-77.18915514,2025,3,20
250012932,Injury Crash,03/24/2025 07:47:00 PM,COLUMBIA PIKE (SB/L),NA,Angle,Clear,Dry,Medium,Traffic Control Signal,NONE DETECTED,No,Possible Minor Injury,NA,Not Distracted,MD,Passenger Car,Moving Constant Speed,45,No,2020,HYUNDAI,SONATA,39.04656317,-76.9870395,2025,3,19
250012932,Injury Crash,03/24/2025 07:47:00 PM,COLUMBIA PIKE (SB/L),NA,Angle,Clear,Dry,Medium,Traffic Control Signal,NONE DETECTED,Yes,No Apparent Injury,NA,Not Distracted,MD,Pickup,Turning Left,45,No,2019,TOYOTA,TACOMA,39.04656317,-76.9870395,2025,3,19
250012930,Injury Crash,03/24/2025 07:47:00 PM,MIDCOUNTY HWY,NA,Front to Rear,Clear,Dry,Medium,Yield Sign,NONE DETECTED,Yes,No Apparent Injury,Followed Too Closely,Not Distracted,MD,Passenger Car,Accelerating,45,No,2017,CHEVROLET,IMPALA,39.15991358,-77.201657,2025,3,19
250012930,Injury Crash,03/24/2025 07:47:00 PM,MIDCOUNTY HWY,NA,Front to Rear,Clear,Dry,Medium,Yield Sign,NONE DETECTED,No,No Apparent Injury,NA,Not Distracted,MD,Passenger Car,Slowing or Stopping,45,No,2011,NISSAN,SENTRA,39.15991358,-77.201657,2025,3,19
250012977,Property Damage Crash,03/24/2025 05:40:00 PM,WISCONSIN AVE,NA,Angle,Clear,Dry,Daylight,No Controls,NONE DETECTED,No,No Apparent Injury,NA,Not Distracted,MD,Passenger Car,Moving Constant Speed,35,No,2014,HONDA,ACCORD,38.99230817,-77.09586082,2025,3,17
250012977,Property Damage Crash,03/24/2025 05:40:00 PM,WISCONSIN AVE,NA,Angle,Clear,Dry,Daylight,No Controls,NONE DETECTED,No,NA,NA,NA,NA,Passenger Car,Changing Lanes,35,No,2019,HONDA,CIVIC,38.99230817,-77.09586082,2025,3,17
250012902,Property Damage Crash,03/24/2025 05:10:00 PM,LAMBERTON DR,NA,Rear To Side,Clear,Dry,Daylight,Stop Sign,NONE DETECTED,Yes,No Apparent Injury,Failed to Yield Right-of-Way,Unknown,MD,Passenger Car,Entering Traffic Lane,25,No,2021,TOYOTA,RAV4,39.04156102,-77.02811597,2025,3,17
250012902,Property Damage Crash,03/24/2025 05:10:00 PM,LAMBERTON DR,NA,Rear To Side,Clear,Dry,Daylight,No Controls,NONE DETECTED,No,No Apparent Injury,NA,Unknown,MD,Passenger Car,Moving Constant Speed,25,No,2020,LEXUS,RX,39.04156102,-77.02811597,2025,3,17
250012897,Injury Crash,03/24/2025 05:08:00 PM,QUINCE ORCHARD RD,NA,Front to Rear,Clear,Dry,Daylight,Traffic Control Signal,NONE DETECTED,No,No Apparent Injury,NA,Not Distracted,MD,Passenger Car,Stopped in Traffic,35,No,2015,FORD,FUSION,39.14586584,-77.21981755,2025,3,17
250012897,Injury Crash,03/24/2025 05:08:00 PM,QUINCE ORCHARD RD,NA,Front to Rear,Clear,Dry,Daylight,Traffic Control Signal,NONE DETECTED,Yes,No Apparent Injury,NA,Unknown,MD,Pickup,Slowing or Stopping,35,No,2001,FORD,F-150,39.14586584,-77.21981755,2025,3,17
250012893,Property Damage Crash,03/24/2025 05:00:00 PM,CENTURY BLVD,NA,Angle,Clear,Dry,Daylight,Traffic Control Signal,NONE DETECTED,No,No Apparent Injury,NA,Not Distracted,MD,Passenger Car,Turning Left,35,No,2019,NISSAN,SENTRA,39.1802135,-77.26865667,2025,3,17
250012893,Property Damage Crash,03/24/2025 05:00:00 PM,CENTURY BLVD,NA,Angle,Clear,Dry,Daylight,Traffic Control Signal,NONE DETECTED,No,No Apparent Injury,NA,Unknown,MD,Sport Utility Vehicle,Moving Constant Speed,35,No,2018,FORD,EXPLORER,39.1802135,-77.26865667,2025,3,17
250012896,Property Damage Crash,03/24/2025 04:48:00 PM,WALTON RD,NA,Other,Clear,Dry,Daylight,No Controls,NONE DETECTED,No,No Apparent Injury,NA,Not Distracted,MD,Sport Utility Vehicle,Moving Constant Speed,30,No,2019,LEXUS,RX,39.0096402,-77.11894374,2025,3,16
250012896,Property Damage Crash,03/24/2025 04:48:00 PM,WALTON RD,NA,Other,Clear,Dry,Daylight,Stop Sign,NONE DETECTED,No,No Apparent Injury,Failed to Yield Right-of-Way,Not Distracted,MD,Passenger Car,Turning Right,30,No,2012,VOLKSWAGEN,PASSAT,39.0096402,-77.11894374,2025,3,16
250012892,Injury Crash,03/24/2025 04:43:00 PM,NA,Pedestrian,Single Vehicle,Clear,NA,Daylight,NA,NONE DETECTED,No,No Apparent Injury,NA,Not Distracted,MD,Van - Passenger (&lt;9 Seats),Turning Left,0,No,2006,TOYOTA,SIENNA,39.15615461,-77.21381064,2025,3,16
250012887,Property Damage Crash,03/24/2025 04:09:00 PM,NA,NA,Angle,Clear,NA,Daylight,NA,NONE DETECTED,Yes,No Apparent Injury,NA,Unknown,MD,Sport Utility Vehicle,Turning Left,0,No,2020,HYUNDAI,TUCSON,39.10014717,-77.21202367,2025,3,16
250012888,Property Damage Crash,03/24/2025 04:08:00 PM,NA,NA,Single Vehicle,Clear,NA,Daylight,NA,ALCOHOL PRESENT,Yes,No Apparent Injury,"Failed to Keep in Proper Lane, Improper Backing, Improper Turn, Operated Motor Vehicle in Inattentive, Careless, Negligent, or Erratic Manner, Operated Motor Vehicle in Reckless or Aggressive Manner, Ran Off Roadway",Unknown,MD,Passenger Car,NA,0,No,2018,TOYOTA,COROLLA,39.12456904,-77.21333474,2025,3,16
250012873,Injury Crash,03/24/2025 03:11:00 PM,RAMP 1 FR MD 650 NB TO RAMP 8 (TO US 29),NA,Rear To Side,Rain,Wet,Daylight,Traffic Control Signal,NONE DETECTED,No,Possible Minor Injury,NA,Not Distracted,MD,Passenger Car,Moving Constant Speed,40,No,2025,LEXUS,NX,39.04452648,-76.99225985,2025,3,15
250012873,Injury Crash,03/24/2025 03:11:00 PM,RAMP 1 FR MD 650 NB TO RAMP 8 (TO US 29),NA,Rear To Side,Rain,Wet,Daylight,Traffic Control Signal,NONE DETECTED,No,No Apparent Injury,NA,Unknown,MD,Passenger Car,Turning Left,40,No,2024,MINI,HARDTOP,39.04452648,-76.99225985,2025,3,15
250012878,Property Damage Crash,03/24/2025 03:06:00 PM,NA,NA,Single Vehicle,Clear,NA,Daylight,NA,NONE DETECTED,No,No Apparent Injury,NA,Unknown,MD,Passenger Car,Slowing or Stopping,0,No,2024,TOYOTA,COROLLA,39.12626804,-77.20285466,2025,3,15
250012867,Property Damage Crash,03/24/2025 02:27:00 PM,NA,NA,"Sideswipe, Same Direction",Rain,NA,Daylight,NA,NONE DETECTED,Yes,No Apparent Injury,Other Improper Action,Not Distracted,MD,Van - Passenger (&lt;9 Seats),Accelerating,0,No,2023,CHRYSLER,PACIFICA,39.02628407,-77.13004386,2025,3,14
250012867,Property Damage Crash,03/24/2025 02:27:00 PM,NA,NA,"Sideswipe, Same Direction",Rain,NA,Daylight,NA,NONE DETECTED,No,No Apparent Injury,NA,Not Distracted,MD,Bus - School,Parked,0,No,2015,FREIGHTLINER,B2 BUS CHASSIS,39.02628407,-77.13004386,2025,3,14
250012856,Property Damage Crash,03/24/2025 01:55:00 PM,REDLAND RD (NB/L),NA,Other,Cloudy,Dry,Daylight,No Controls,NONE DETECTED,Yes,No Apparent Injury,NA,Not Distracted,MD,Passenger Car,Making U-Turn,35,No,2001,BUICK,CENTURY,39.12038764,-77.15908702,2025,3,13
250012856,Property Damage Crash,03/24/2025 01:55:00 PM,REDLAND RD (NB/L),NA,Other,Cloudy,Dry,Daylight,No Controls,NONE DETECTED,No,No Apparent Injury,NA,Not Distracted,MD,Sport Utility Vehicle,Moving Constant Speed,35,No,2016,ACURA,RDX,39.12038764,-77.15908702,2025,3,13
250012843,Property Damage Crash,03/24/2025 12:58:00 PM,NORBECK RD (WB/L),NA,Front to Rear,Cloudy,Dry,Daylight,Traffic Control Signal,NONE DETECTED,No,No Apparent Injury,NA,Not Distracted,MD,Passenger Car,Stopped in Traffic,40,No,2005,TOYOTA,CAMRY,39.10952511,-77.07578949,2025,3,12
250012843,Property Damage Crash,03/24/2025 12:58:00 PM,NORBECK RD (WB/L),NA,Front to Rear,Cloudy,Dry,Daylight,Traffic Control Signal,NONE DETECTED,Yes,No Apparent Injury,NA,Unknown,MD,Sport Utility Vehicle,Moving Constant Speed,40,No,2014,GMC,ACADIA,39.10952511,-77.07578949,2025,3,12
250012838,Property Damage Crash,03/24/2025 12:41:00 PM,NA,NA,Rear To Side,Clear,NA,Daylight,NA,NONE DETECTED,No,No Apparent Injury,NA,Not Distracted,MD,Passenger Car,Moving Constant Speed,0,No,2022,HONDA,ACCORD,39.08520834,-77.1192392,2025,3,12
250012838,Property Damage Crash,03/24/2025 12:41:00 PM,NA,NA,Rear To Side,Clear,NA,Daylight,NA,NONE DETECTED,Yes,No Apparent Injury,NA,Not Distracted,MD,Van - Passenger (&lt;9 Seats),Backing,0,No,1990,CHEVROLET,UNKNOWN,39.08520834,-77.1192392,2025,3,12
250012832,Injury Crash,03/24/2025 12:29:00 PM,CONNECTICUT AVE,NA,Angle,Rain,Wet,Daylight,Traffic Control Signal,DRUG PRESENT,No,No Apparent Injury,NA,Not Distracted,MD,Pickup,Accelerating,35,No,2015,FORD,F-350,39.00636333,-77.07874333,2025,3,12
250012832,Injury Crash,03/24/2025 12:29:00 PM,CONNECTICUT AVE,NA,Angle,Rain,Wet,Daylight,Traffic Control Signal,NONE DETECTED,Yes,No Apparent Injury,"Operated Motor Vehicle in Inattentive, Careless, Negligent, or Erratic Manner, Ran Red Light","Other Action (looking away from task, etc.)",MD,Van - Passenger (&lt;9 Seats),Moving Constant Speed,35,No,2025,HONDA,ODYSSEY,39.00636333,-77.07874333,2025,3,12
250012832,Injury Crash,03/24/2025 12:29:00 PM,CONNECTICUT AVE,NA,Angle,Rain,Wet,Daylight,Traffic Control Signal,NONE DETECTED,No,Possible Minor Injury,NA,Not Distracted,MD,Passenger Car,Accelerating,35,No,2019,CHEVROLET,MALIBU,39.00636333,-77.07874333,2025,3,12
250012812,Injury Crash,03/24/2025 11:26:00 AM,RICHARD MONTGOMERY DR,NA,Front to Front,Rain,Wet,Daylight,Traffic Control Signal,NONE DETECTED,No,No Apparent Injury,NA,Not Distracted,MD,Passenger Car,Moving Constant Speed,35,No,2018,TOYOTA,HIGHLANDER,39.0802942,-77.14408596,2025,3,11
250012812,Injury Crash,03/24/2025 11:26:00 AM,RICHARD MONTGOMERY DR,NA,Front to Front,Rain,Wet,Daylight,Traffic Control Signal,NONE DETECTED,No,No Apparent Injury,Failed to Yield Right-of-Way,Not Distracted,MD,Passenger Car,Turning Left,35,No,2024,LAND ROVER,RANGE ROVER EVOQUE,39.0802942,-77.14408596,2025,3,11
250012815,Injury Crash,03/24/2025 11:22:00 AM,TRAVILAH RD,Pedestrian,Single Vehicle,Rain,Wet,Daylight,Stop Sign,NONE DETECTED,No,No Apparent Injury,NA,Not Distracted,MD,Passenger Car,Turning Left,35,No,2016,VOLVO,XC70,39.08299151,-77.23209954,2025,3,11
250012813,Property Damage Crash,03/24/2025 11:00:00 AM,GAME PRESERVE RD,NA,"Sideswipe, Same Direction",Cloudy,Wet,Daylight,No Controls,NONE DETECTED,Yes,No Apparent Injury,Too Fast For Conditions,Unknown,MD,Passenger Car,Moving Constant Speed,30,No,2023,KIA,FORTE,39.15798277,-77.23987508,2025,3,11
250012813,Property Damage Crash,03/24/2025 11:00:00 AM,GAME PRESERVE RD,NA,"Sideswipe, Same Direction",Cloudy,Wet,Daylight,No Controls,NONE DETECTED,No,No Apparent Injury,NA,Not Distracted,MD,Other Trucks,Moving Constant Speed,30,No,2023,GMC,SAVANA,39.15798277,-77.23987508,2025,3,11
250012798,Property Damage Crash,03/24/2025 09:40:00 AM,E RANDOLPH RD (WB/L),NA,Front to Rear,Rain,Wet,Daylight,No Controls,NONE DETECTED,Yes,No Apparent Injury,Too Fast For Conditions,Not Distracted,MD,Passenger Car,Slowing or Stopping,35,No,2003,CHEVROLET,EXPRESS,39.06422111,-76.96853937,2025,3,9