Local Case Number,ACRS Report Type,Crash Date/Time,Road Name,Related Non-Motorist,Collision Type,Weather,Surface Condition,Light,Traffic Control,Driver Substance Abuse,Driver At Fault,Injury Severity,Circumstance,Driver Distracted By,Drivers License State,Vehicle Body Type,Vehicle Movement,Speed Limit,Driverless Vehicle,Vehicle Year,Vehicle Make,Vehicle Model,Latitude,Longitude,Year,Month,Hour
250012798,Property Damage Crash,03/24/2025 09:40:00 AM,E RANDOLPH RD (WB/L),NA,Front to Rear,Rain,Wet,Daylight,No Controls,NONE DETECTED,No,No Apparent Injury,NA,Not Distracted,MD,Sport Utility Vehicle,Stopped in Traffic,35,No,2006,LAND ROVER,RANGE ROVER SPORT,39.06422111,-76.96853937,2025,3,9
250012793,Injury Crash,03/24/2025 09:15:00 AM,CRESTED IRIS DR,NA,Rear To Side,Clear,Dry,Daylight,No Controls,NONE DETECTED,Yes,Possible Minor Injury,"Failed to Yield Right-of-Way, Improper Backing",Not Distracted,MD,Passenger Car,Backing,25,No,2013,TOYOTA,RAV4,39.179749,-77.2129295,2025,3,9
250012793,Injury Crash,03/24/2025 09:15:00 AM,CRESTED IRIS DR,NA,Rear To Side,Clear,Dry,Daylight,No Controls,NONE DETECTED,No,No Apparent Injury,NA,Not Distracted,MD,Passenger Car,Moving Constant Speed,25,No,2013,JEEP,WRANGLER,39.179749,-77.2129295,2025,3,9
250012791,Property Damage Crash,03/24/2025 09:00:00 AM,COLUMBIA PIKE,NA,Single Vehicle,Rain,Wet,Daylight,No Controls,NONE DETECTED,No,No Apparent Injury,NA,Not Distracted,VA,Passenger Car,Slowing or Stopping,45,No,2007,TOYOTA,CAMRY,39.04485756,-76.98944911,2025,3,9
250012782,Property Damage Crash,03/24/2025 07:45:00 AM,NEW HAMPSHIRE AVE,NA,Front to Rear,Rain,Wet,Daylight,No Controls,NONE DETECTED,No,No Apparent Injury,NA,Not Distracted,DC,Sport Utility Vehicle,Slowing or Stopping,40,No,2018,MERCEDES-BENZ,GLE-CLASS,39.03871983,-76.99015383,2025,3,7
250012782,Property Damage Crash,03/24/2025 07:45:00 AM,NEW HAMPSHIRE AVE,NA,Front to Rear,Rain,Wet,Daylight,No Controls,NONE DETECTED,Yes,No Apparent Injury,Too Fast For Conditions,Unknown,MD,Passenger Car,Slowing or Stopping,40,No,2018,HONDA,CR-V,39.03871983,-76.99015383,2025,3,7
250012784,Property Damage Crash,03/24/2025 07:41:00 AM,OLD GEORGETOWN RD,NA,Front to Rear,Rain,Wet,Daylight,Traffic Control Signal,NONE DETECTED,Yes,No Apparent Injury,"Operated Motor Vehicle in Inattentive, Careless, Negligent, or Erratic Manner",Unknown,MD,Passenger Car,Changing Lanes,25,No,2024,KIA,NIRO,39.02368,-77.12441333,2025,3,7
250012784,Property Damage Crash,03/24/2025 07:41:00 AM,OLD GEORGETOWN RD,NA,Front to Rear,Rain,Wet,Daylight,Traffic Control Signal,NONE DETECTED,No,No Apparent Injury,NA,Not Distracted,MD,Bus - School,Stopped in Traffic,25,No,2021,FREIGHTLINER,B2 BUS CHASSIS,39.02368,-77.12441333,2025,3,7
250012780,Injury Crash,03/24/2025 07:23:00 AM,ARCOLA AVE,NA,Front to Front,Rain,Wet,Daylight,Traffic Control Signal,NONE DETECTED,No,No Apparent Injury,NA,Not Distracted,MD,Bus - Transit,Stopped in Traffic,30,No,2011,GILLIG,LOW FLOOR BUS,39.04576433,-77.0319085,2025,3,7
250012780,Injury Crash,03/24/2025 07:23:00 AM,ARCOLA AVE,NA,Front to Front,Rain,Wet,Daylight,Traffic Control Signal,NONE DETECTED,Yes,Possible Minor Injury,"Over-Correcting/Over-Steering, Too Fast For Conditions",Not Distracted,MD,Passenger Car,Turning Left,30,No,2023,LEXUS,NX,39.04576433,-77.0319085,2025,3,7
250012779,Property Damage Crash,03/24/2025 06:32:00 AM,GEORGIA AVE,NA,Front to Rear,Rain,Wet,Medium,No Controls,NONE DETECTED,No,NA,NA,NA,NA,Passenger Car,Slowing or Stopping,35,No,2019,BMW,540I,39.01167403,-77.0413162,2025,3,6
250012779,Property Damage Crash,03/24/2025 06:32:00 AM,GEORGIA AVE,NA,Front to Rear,Rain,Wet,Medium,No Controls,NONE DETECTED,No,No Apparent Injury,NA,Not Distracted,MD,Passenger Car,Slowing or Stopping,35,No,2006,HONDA,CIVIC,39.01167403,-77.0413162,2025,3,6
250012779,Property Damage Crash,03/24/2025 06:32:00 AM,GEORGIA AVE,NA,Front to Rear,Rain,Wet,Medium,No Controls,NONE DETECTED,No,No Apparent Injury,NA,Not Distracted,DC,Passenger Car,Slowing or Stopping,35,No,2017,HONDA,CIVIC,39.01167403,-77.0413162,2025,3,6
250012778,Injury Crash,03/24/2025 05:30:00 AM,NEW HAMPSHIRE AVE (SB/L),NA,Front to Front,Rain,Wet,Medium,Traffic Control Signal,NONE DETECTED,Yes,Possible Minor Injury,Failed to Yield Right-of-Way,Not Distracted,MD,Passenger Car,Turning Left,35,No,2009,CHEVROLET,AVEO,39.01155723,-76.97895775,2025,3,5
250012778,Injury Crash,03/24/2025 05:30:00 AM,NEW HAMPSHIRE AVE (SB/L),NA,Front to Front,Rain,Wet,Medium,Traffic Control Signal,NONE DETECTED,No,Possible Minor Injury,NA,Not Distracted,NA,Passenger Car,Moving Constant Speed,35,No,2011,HONDA,FIT,39.01155723,-76.97895775,2025,3,5
250012776,Injury Crash,03/24/2025 04:20:00 AM,NA,NA,Angle,Rain,Wet,Medium,No Controls,NONE DETECTED,No,Possible Minor Injury,NA,Not Distracted,MD,Passenger Car,Moving Constant Speed,35,No,2007,TOYOTA,CAMRY,39.09356849,-77.07816935,2025,3,4
250012776,Injury Crash,03/24/2025 04:20:00 AM,NA,NA,Angle,Rain,Wet,Medium,No Controls,NONE DETECTED,Yes,Possible Minor Injury,Failed to Yield Right-of-Way,"Other Action (looking away from task, etc.)",MD,Passenger Car,Turning Right,35,No,2017,TOYOTA,COROLLA,39.09356849,-77.07816935,2025,3,4
250012775,Property Damage Crash,03/24/2025 04:10:00 AM,GLENVIEW AVE,NA,Front to Front,Clear,Dry,Medium,No Controls,NONE DETECTED,Yes,No Apparent Injury,Failed to Keep in Proper Lane,Unknown,NA,Passenger Car,Moving Constant Speed,25,No,2005,HONDA,ACCORD,38.9966665,-77.0002845,2025,3,4
250012771,Property Damage Crash,03/24/2025 02:18:00 AM,PINE AVE,NA,Single Vehicle,Clear,Dry,Medium,No Controls,NONE DETECTED,Yes,No Apparent Injury,"Other Improper Action, Ran Off Roadway",Unknown,MD,Passenger Car,Accelerating,15,No,2004,TOYOTA,COROLLA,38.97536869,-77.00890882,2025,3,2
250012770,Property Damage Crash,03/24/2025 01:22:00 AM,NA,NA,Angle,Clear,NA,Medium,NA,NONE DETECTED,Yes,NA,NA,NA,NA,Pickup,Accelerating,0,No,2018,FORD,F-150,39.15528781,-77.27620215,2025,3,1
250012765,Property Damage Crash,03/23/2025 11:50:00 PM,DOWNS DR,NA,"Sideswipe, Opposite Direction",Clear,Dry,Dark,No Controls,NONE DETECTED,No,NA,NA,NA,NA,Passenger Car,Moving Constant Speed,30,No,2009,FORD,E-250,39.0597174,-76.988316,2025,3,23
250012754,Property Damage Crash,03/23/2025 09:55:00 PM,JOHNS HOPKINS DR,NA,Angle,Clear,Dry,Medium,No Controls,NONE DETECTED,Yes,No Apparent Injury,Failed to Yield Right-of-Way,Not Distracted,MD,Sport Utility Vehicle,Turning Left,40,No,2012,MAZDA,CX-9,39.10173848,-77.21071068,2025,3,21
250012754,Property Damage Crash,03/23/2025 09:55:00 PM,JOHNS HOPKINS DR,NA,Angle,Clear,Dry,Medium,No Controls,NONE DETECTED,No,No Apparent Injury,NA,Not Distracted,MD,Passenger Car,Moving Constant Speed,40,No,2014,TOYOTA,COROLLA,39.10173848,-77.21071068,2025,3,21
250012739,Property Damage Crash,03/23/2025 07:35:00 PM,COLUMBIA PIKE (SB/L),NA,Other,Clear,Dry,Medium,Traffic Control Signal,NONE DETECTED,Yes,No Apparent Injury,NA,Unknown,MD,Sport Utility Vehicle,Turning Left,40,No,2024,TOYOTA,GRAND HIGHLANDER,39.03629378,-77.00026583,2025,3,19
250012739,Property Damage Crash,03/23/2025 07:35:00 PM,COLUMBIA PIKE (SB/L),NA,Other,Clear,Dry,Medium,Traffic Control Signal,NONE DETECTED,No,No Apparent Injury,NA,Unknown,MD,Passenger Car,Moving Constant Speed,40,No,2015,BMW,535I,39.03629378,-77.00026583,2025,3,19
250012736,Injury Crash,03/23/2025 07:00:00 PM,COLUMBIA PIKE,NA,"Sideswipe, Same Direction",Clear,Dry,Medium,Traffic Control Signal,NONE DETECTED,No,Possible Minor Injury,NA,Not Distracted,MD,Passenger Car,Changing Lanes,45,No,2021,FORD,MUSTANG MACH-E,39.0581115,-76.96803783,2025,3,19
250012736,Injury Crash,03/23/2025 07:00:00 PM,COLUMBIA PIKE,NA,"Sideswipe, Same Direction",Clear,Dry,Medium,Traffic Control Signal,NONE DETECTED,Yes,Possible Minor Injury,NA,Not Distracted,MD,Passenger Car,Moving Constant Speed,45,No,2014,NISSAN,ROGUE,39.0581115,-76.96803783,2025,3,19
250012726,Property Damage Crash,03/23/2025 05:11:00 PM,GEORGIA AVE (SB/L),NA,Front to Rear,Clear,Dry,Daylight,No Controls,NONE DETECTED,Yes,No Apparent Injury,Followed Too Closely,Not Distracted,NA,Passenger Car,Slowing or Stopping,45,No,2004,CHEVROLET,MALIBU,39.13131033,-77.07082383,2025,3,17
250012726,Property Damage Crash,03/23/2025 05:11:00 PM,GEORGIA AVE (SB/L),NA,Front to Rear,Clear,Dry,Daylight,No Controls,NONE DETECTED,No,No Apparent Injury,NA,Not Distracted,MD,Sport Utility Vehicle,Changing Lanes,45,No,2017,TOYOTA,RAV4,39.13131033,-77.07082383,2025,3,17
250012715,Property Damage Crash,03/23/2025 02:59:00 PM,GEORGIA AVE (SB/L),NA,Front to Rear,Clear,Dry,Daylight,Traffic Control Signal,NONE DETECTED,No,No Apparent Injury,NA,Not Distracted,MD,Passenger Car,Turning Right,25,No,2021,SUBARU,OUTBACK,39.04289708,-77.05218016,2025,3,14
250012715,Property Damage Crash,03/23/2025 02:59:00 PM,GEORGIA AVE (SB/L),NA,Front to Rear,Clear,Dry,Daylight,Traffic Control Signal,NONE DETECTED,Yes,No Apparent Injury,NA,Not Distracted,MD,Sport Utility Vehicle,Moving Constant Speed,25,No,2017,CHEVROLET,TAHOE,39.04289708,-77.05218016,2025,3,14
250012708,Property Damage Crash,03/23/2025 02:39:00 PM,GOSHEN RD,NA,"Sideswipe, Same Direction",Clear,Dry,Daylight,No Controls,NONE DETECTED,Yes,No Apparent Injury,Improper Passing,Not Distracted,NA,Van - Passenger (&lt;9 Seats),Changing Lanes,30,No,2013,HONDA,ODYSSEY,39.1520373,-77.19245513,2025,3,14
250012708,Property Damage Crash,03/23/2025 02:39:00 PM,GOSHEN RD,NA,"Sideswipe, Same Direction",Clear,Dry,Daylight,No Controls,NONE DETECTED,No,No Apparent Injury,NA,Not Distracted,MD,Passenger Car,Moving Constant Speed,30,No,2017,MINI,COOPER CONVERTIBLE,39.1520373,-77.19245513,2025,3,14
250012710,Injury Crash,03/23/2025 02:35:00 PM,NA,NA,Angle,Clear,Dry,Daylight,Stop Sign,NONE DETECTED,No,No Apparent Injury,NA,Not Distracted,MD,Pickup,Turning Left,35,No,2010,FORD,F-150,39.19345749,-77.24850292,2025,3,14
250012710,Injury Crash,03/23/2025 02:35:00 PM,NA,NA,Angle,Clear,Dry,Daylight,Stop Sign,NONE DETECTED,Yes,Possible Minor Injury,Failed to Yield Right-of-Way,Unknown,MD,Sport Utility Vehicle,Moving Constant Speed,35,No,2015,VOLVO,XC60,39.19345749,-77.24850292,2025,3,14
250012706,Property Damage Crash,03/23/2025 02:08:00 PM,RAMP 5 FR IS 270 SB TO SHADY GROVE RD,NA,Angle,Clear,Dry,Daylight,Traffic Control Signal,NONE DETECTED,Yes,No Apparent Injury,"Failed to Yield Right-of-Way, Ran Red Light",Unknown,MD,Passenger Car,Moving Constant Speed,40,No,2021,LEXUS,UX,39.10949126,-77.18826488,2025,3,14
250012706,Property Damage Crash,03/23/2025 02:08:00 PM,RAMP 5 FR IS 270 SB TO SHADY GROVE RD,NA,Angle,Clear,Dry,Daylight,Traffic Control Signal,NONE DETECTED,No,No Apparent Injury,NA,Not Distracted,MD,Passenger Car,Accelerating,25,No,2019,HONDA,CR-V,39.10949126,-77.18826488,2025,3,14
250012696,Property Damage Crash,03/23/2025 01:24:00 PM,PRICE AVE,NA,Single Vehicle,Clear,Dry,Daylight,Stop Sign,NONE DETECTED,No,No Apparent Injury,NA,Talking/listening,MD,Passenger Car,Accelerating,25,No,2013,HONDA,ODYSSEY,39.04027285,-77.05027899,2025,3,13
250012700,Injury Crash,03/23/2025 01:20:00 PM,NEW HAMPSHIRE AVE,NA,Front to Rear,Clear,Dry,Daylight,No Controls,NONE DETECTED,No,No Apparent Injury,NA,Not Distracted,MD,Passenger Car,Turning Right,35,No,2015,HONDA,PILOT,39.02311417,-76.97779233,2025,3,13
250012700,Injury Crash,03/23/2025 01:20:00 PM,NEW HAMPSHIRE AVE,NA,Front to Rear,Clear,Dry,Daylight,No Controls,NONE DETECTED,No,No Apparent Injury,NA,Not Distracted,MD,Passenger Car,Moving Constant Speed,35,No,2019,HONDA,CR-V,39.02311417,-76.97779233,2025,3,13
250012700,Injury Crash,03/23/2025 01:20:00 PM,NEW HAMPSHIRE AVE,NA,Front to Rear,Clear,Dry,Daylight,No Controls,NONE DETECTED,Yes,Possible Minor Injury,Failed to Keep in Proper Lane,Unknown,PA,Passenger Car,Moving Constant Speed,35,No,2006,HONDA,ACCORD,39.02311417,-76.97779233,2025,3,13
250012669,Property Damage Crash,03/23/2025 06:40:00 AM,NA,NA,Rear To Rear,Clear,NA,Medium,NA,NONE DETECTED,No,No Apparent Injury,NA,Not Distracted,MD,Other Trucks,Backing,0,No,2019,FREIGHTLINER,M2,39.08537759,-77.0083005,2025,3,6
250012667,Property Damage Crash,03/23/2025 05:35:00 AM,NA,NA,Single Vehicle,Clear,Dry,Medium,Stop Sign,NONE DETECTED,No,NA,NA,NA,NA,Passenger Car,NA,35,No,2017,VOLKSWAGEN,JETTA,39.25483376,-77.14367474,2025,3,5
250012622,Injury Crash,03/22/2025 06:30:00 PM,NA,NA,Front to Rear,Clear,Dry,Daylight,Traffic Control Signal,NONE DETECTED,No,Possible Minor Injury,NA,Not Distracted,DC,Passenger Car,Slowing or Stopping,35,No,2015,LINCOLN,MKZ,39.11960583,-77.022044,2025,3,18
250012622,Injury Crash,03/22/2025 06:30:00 PM,NA,NA,Front to Rear,Clear,Dry,Daylight,Traffic Control Signal,NONE DETECTED,Yes,No Apparent Injury,Followed Too Closely,Unknown,MD,Passenger Car,Moving Constant Speed,35,No,2015,FORD,EXPLORER,39.11960583,-77.022044,2025,3,18
250012620,Injury Crash,03/22/2025 06:16:00 PM,MACARTHUR BLVD,NA,Other,Cloudy,Dry,Daylight,No Controls,NONE DETECTED,Yes,Possible Minor Injury,"Over-Correcting/Over-Steering, Too Fast For Conditions","Other Action (looking away from task, etc.)",VA,Passenger Car,Negotiating a Curve,35,No,2002,TOYOTA,PRIUS,38.974378,-77.1660445,2025,3,18
250012621,Property Damage Crash,03/22/2025 06:13:00 PM,ARCOLA AVE,NA,Angle,Clear,Dry,Daylight,No Controls,NONE DETECTED,No,No Apparent Injury,Failed to Yield Right-of-Way,Unknown,NA,Passenger Car,Moving Constant Speed,20,No,2018,VOLKSWAGEN,GOLF,39.03572695,-77.02608663,2025,3,18
250012621,Property Damage Crash,03/22/2025 06:13:00 PM,ARCOLA AVE,NA,Angle,Clear,Dry,Daylight,No Controls,NONE DETECTED,No,No Apparent Injury,NA,Not Distracted,MD,Passenger Car,Moving Constant Speed,20,No,2010,NEW FLYER,LOW FLOOR - ADVANCED STYLE,39.03572695,-77.02608663,2025,3,18
250012618,Property Damage Crash,03/22/2025 05:58:00 PM,GERMANTOWN RD (SB/L),NA,Angle,Cloudy,Dry,Daylight,Traffic Control Signal,NONE DETECTED,Yes,No Apparent Injury,Ran Red Light,"Other Action (looking away from task, etc.)",MD,Passenger Car,Moving Constant Speed,45,No,2016,HONDA,ODYSSEY,39.18124574,-77.26231927,2025,3,17
250012618,Property Damage Crash,03/22/2025 05:58:00 PM,GERMANTOWN RD (SB/L),NA,Angle,Cloudy,Dry,Daylight,Traffic Control Signal,NONE DETECTED,No,No Apparent Injury,NA,Not Distracted,MD,Passenger Car,Moving Constant Speed,40,No,2019,TOYOTA,COROLLA,39.18124574,-77.26231927,2025,3,17
250012615,Property Damage Crash,03/22/2025 05:40:00 PM,NA,NA,Unknown,Clear,NA,Daylight,NA,NONE DETECTED,No,No Apparent Injury,NA,NA,NA,Passenger Car,NA,0,No,2017,NISSAN,ALTIMA,39.17820461,-77.26993315,2025,3,17
250012612,Injury Crash,03/22/2025 05:00:00 PM,COLUMBIA PIKE (SB/L),NA,Front to Rear,Clear,Dry,Daylight,No Controls,NONE DETECTED,No,No Apparent Injury,NA,Not Distracted,MD,Passenger Car,Slowing or Stopping,40,No,2016,HONDA,FIT,39.09569077,-76.93806953,2025,3,17
250012612,Injury Crash,03/22/2025 05:00:00 PM,COLUMBIA PIKE (SB/L),NA,Front to Rear,Clear,Dry,Daylight,No Controls,NONE DETECTED,Yes,No Apparent Injury,NA,Not Distracted,MD,Van - Passenger (&lt;9 Seats),Slowing or Stopping,40,No,2005,CHEVROLET,EXPRESS,39.09569077,-76.93806953,2025,3,17
250012612,Injury Crash,03/22/2025 05:00:00 PM,COLUMBIA PIKE (SB/L),NA,Front to Rear,Clear,Dry,Daylight,No Controls,NONE DETECTED,No,Possible Minor Injury,NA,Not Distracted,MD,Other,Slowing or Stopping,40,No,2015,FORD,F-150,39.09569077,-76.93806953,2025,3,17
250012611,Property Damage Crash,03/22/2025 04:43:00 PM,SHADY GROVE RD (SB/L),NA,Angle,Clear,Dry,Daylight,Traffic Control Signal,NONE DETECTED,Yes,No Apparent Injury,NA,Not Distracted,MD,Passenger Car,Slowing or Stopping,40,No,2019,HYUNDAI,ACCENT,39.12982145,-77.16380919,2025,3,16
250012611,Property Damage Crash,03/22/2025 04:43:00 PM,SHADY GROVE RD (SB/L),NA,Angle,Clear,Dry,Daylight,Traffic Control Signal,NONE DETECTED,No,No Apparent Injury,NA,Not Distracted,MD,Pickup,Accelerating,40,No,2024,FORD,F-250,39.12982145,-77.16380919,2025,3,16
250012601,Property Damage Crash,03/22/2025 04:09:00 PM,SILVER SPRING AVE,NA,"Sideswipe, Same Direction",Clear,Dry,Daylight,No Controls,NONE DETECTED,No,No Apparent Injury,NA,Not Distracted,DC,Sport Utility Vehicle,Slowing or Stopping,15,No,2025,LEXUS,NX,38.99289314,-77.00961524,2025,3,16
250012601,Property Damage Crash,03/22/2025 04:09:00 PM,SILVER SPRING AVE,NA,"Sideswipe, Same Direction",Clear,Dry,Daylight,No Controls,NONE DETECTED,No,No Apparent Injury,"Failed to Yield Right-of-Way, Improper Passing",Unknown,NA,Pickup,Overtaking/Passing,15,No,1997,FORD,F-150,38.99289314,-77.00961524,2025,3,16
250012592,Property Damage Crash,03/22/2025 03:06:00 PM,FREDERICK RD (SB/L),NA,Single Vehicle,Cloudy,Dry,Daylight,No Controls,NONE DETECTED,Yes,No Apparent Injury,NA,Not Distracted,SC,Passenger Car,Accelerating,45,No,2019,CHEVROLET,CAMARO,39.191735,-77.24249,2025,3,15
250012586,Property Damage Crash,03/22/2025 02:32:00 PM,NA,NA,Other,Clear,Dry,Daylight,Traffic Control Signal,NONE DETECTED,Yes,No Apparent Injury,Other Improper Action,Unknown,MD,Other Trucks,Changing Lanes,45,No,2012,FORD,E-450,39.22303041,-77.26048854,2025,3,14
250012586,Property Damage Crash,03/22/2025 02:32:00 PM,NA,NA,Other,Clear,Dry,Daylight,Traffic Control Signal,NONE DETECTED,No,No Apparent Injury,NA,Not Distracted,MD,Passenger Car,Moving Constant Speed,45,No,2015,TOYOTA,HIGHLANDER,39.22303041,-77.26048854,2025,3,14
250012581,Property Damage Crash,03/22/2025 02:00:00 PM,RUGBY AVE,NA,Front to Rear,Clear,Dry,Daylight,No Controls,NONE DETECTED,No,No Apparent Injury,NA,Not Distracted,MD,Passenger Car,Backing,25,No,2011,MAZDA,MAZDA3,38.99118903,-77.09763187,2025,3,14
250012581,Property Damage Crash,03/22/2025 02:00:00 PM,RUGBY AVE,NA,Front to Rear,Clear,Dry,Daylight,No Controls,NONE DETECTED,No,No Apparent Injury,NA,Not Distracted,MD,Passenger Car,Parked,25,No,2017,FORD,TAURUS,38.99118903,-77.09763187,2025,3,14
250012580,Injury Crash,03/22/2025 01:39:00 PM,PENFOLD CT,"Pedestrian, Wheelchair (non-electric)",Single Vehicle,Cloudy,Dry,Daylight,No Controls,NONE DETECTED,No,No Apparent Injury,NA,Unknown,MD,Passenger Car,Backing,30,No,2011,HYUNDAI,SONATA,39.05540906,-77.20670766,2025,3,13
250012576,Property Damage Crash,03/22/2025 11:30:00 AM,NA,NA,Other,Cloudy,NA,Daylight,NA,NONE DETECTED,Yes,No Apparent Injury,NA,Unknown,MD,Passenger Car,Backing,0,No,2020,MERCEDES-BENZ,CLS-CLASS,39.02539903,-77.12459513,2025,3,11
250012414,Property Damage Crash,03/22/2025 11:28:00 AM,NEW HAMPSHIRE AVE (SB/L),NA,"Sideswipe, Same Direction",Clear,Dry,Daylight,No Controls,NONE DETECTED,No,NA,NA,NA,NA,Sport Utility Vehicle,Moving Constant Speed,35,No,2022,MERCEDES-BENZ,GLA-CLASS,38.98244152,-76.98866327,2025,3,11
250012414,Property Damage Crash,03/22/2025 11:28:00 AM,NEW HAMPSHIRE AVE (SB/L),NA,"Sideswipe, Same Direction",Clear,Dry,Daylight,No Controls,NONE DETECTED,No,No Apparent Injury,NA,Not Distracted,MD,Passenger Car,Moving Constant Speed,35,No,2015,CHEVROLET,SONIC,38.98244152,-76.98866327,2025,3,11
250012563,Property Damage Crash,03/22/2025 11:26:00 AM,RANDOLPH RD (WB/L),NA,Front to Rear,Cloudy,Dry,Daylight,Traffic Control Signal,NONE DETECTED,Yes,No Apparent Injury,NA,Unknown,MD,Pickup,Stopped in Traffic,35,No,2015,NISSAN,FRONTIER,39.05792433,-77.07765333,2025,3,11
250012563,Property Damage Crash,03/22/2025 11:26:00 AM,RANDOLPH RD (WB/L),NA,Front to Rear,Cloudy,Dry,Daylight,Traffic Control Signal,NONE DETECTED,No,No Apparent Injury,NA,Not Distracted,MD,Passenger Car,Stopped in Traffic,35,No,2013,HONDA,CIVIC,39.05792433,-77.07765333,2025,3,11
250012555,Injury Crash,03/22/2025 10:03:00 AM,GEORGIA AVE,NA,Angle,Clear,Dry,Daylight,No Controls,NONE DETECTED,Yes,No Apparent Injury,Failed to Yield Right-of-Way,"Other Action (looking away from task, etc.)",MD,Pickup,Turning Left,5,No,2022,FORD,F-150,39.08517607,-77.07847272,2025,3,10
250012555,Injury Crash,03/22/2025 10:03:00 AM,GEORGIA AVE,NA,Angle,Clear,Dry,Daylight,No Controls,NONE DETECTED,No,Possible Minor Injury,NA,Not Distracted,MD,Passenger Car,Turning Left,35,No,2024,TOYOTA,COROLLA,39.08517607,-77.07847272,2025,3,10
250012541,Property Damage Crash,03/22/2025 04:59:00 AM,LOCKWOOD DR,NA,Single Vehicle,Clear,Dry,Medium,No Controls,NONE DETECTED,No,No Apparent Injury,NA,Not Distracted,MD,Passenger Car,Leaving Traffic Lane,40,No,2019,HONDA,CR-V,39.03937999,-76.9913065,2025,3,4
250012542,Injury Crash,03/22/2025 04:57:00 AM,RANDOLPH RD,NA,Angle,Clear,Dry,Medium,Traffic Control Signal,NONE DETECTED,No,Possible Minor Injury,NA,Unknown,MD,Passenger Car,Moving Constant Speed,35,No,2020,TOYOTA,COROLLA,39.05614542,-77.08242819,2025,3,4
250012542,Injury Crash,03/22/2025 04:57:00 AM,RANDOLPH RD,NA,Angle,Clear,Dry,Medium,Traffic Control Signal,NONE DETECTED,No,No Apparent Injury,NA,Unknown,MD,Passenger Car,Moving Constant Speed,35,No,2013,HONDA,ACCORD,39.05614542,-77.08242819,2025,3,4
250012539,Property Damage Crash,03/22/2025 03:51:00 AM,CONNECTICUT AVE,NA,Front to Front,Clear,Dry,Medium,No Controls,NONE DETECTED,No,No Apparent Injury,NA,Not Distracted,MD,Pickup,Parked,35,No,2021,RAM,5500,39.01101667,-77.080905,2025,3,3
250012539,Property Damage Crash,03/22/2025 03:51:00 AM,CONNECTICUT AVE,NA,Front to Front,Clear,Dry,Medium,No Controls,NONE DETECTED,Yes,No Apparent Injury,"Operated Motor Vehicle in Inattentive, Careless, Negligent, or Erratic Manner, Operated Motor Vehicle in Reckless or Aggressive Manner, Too Fast For Conditions",Talking/listening,MD,Passenger Car,Moving Constant Speed,35,No,2025,TESLA,MODEL 3,39.01101667,-77.080905,2025,3,3
250012657,Property Damage Crash,03/22/2025 02:03:00 AM,NA,NA,Front to Rear,Clear,Dry,Medium,No Controls,ALCOHOL PRESENT,Yes,No Apparent Injury,NA,Not Distracted,MD,Passenger Car,Moving Constant Speed,15,No,2015,CHEVROLET,SONIC,39.08892024,-77.06802339,2025,3,2
250012657,Property Damage Crash,03/22/2025 02:03:00 AM,NA,NA,Front to Rear,Clear,Dry,Medium,No Controls,NONE DETECTED,No,No Apparent Injury,NA,Not Distracted,MD,Passenger Car,Parked,15,No,2015,HONDA,CIVIC,39.08892024,-77.06802339,2025,3,2
250012515,Property Damage Crash,03/21/2025 11:01:00 PM,WEISMAN RD,NA,Angle,Clear,Dry,Medium,Stop Sign,NONE DETECTED,Yes,No Apparent Injury,NA,Not Distracted,MD,Passenger Car,Moving Constant Speed,25,No,2018,TOYOTA,C-HR,39.05628024,-77.06125451,2025,3,23
250012515,Property Damage Crash,03/21/2025 11:01:00 PM,WEISMAN RD,NA,Angle,Clear,Dry,Medium,No Controls,NONE DETECTED,No,No Apparent Injury,NA,Unknown,MD,Passenger Car,Moving Constant Speed,25,No,2015,TOYOTA,HIGHLANDER,39.05628024,-77.06125451,2025,3,23