Local Case Number,ACRS Report Type,Crash Date/Time,Road Name,Related Non-Motorist,Collision Type,Weather,Surface Condition,Light,Traffic Control,Driver Substance Abuse,Driver At Fault,Injury Severity,Circumstance,Driver Distracted By,Drivers License State,Vehicle Body Type,Vehicle Movement,Speed Limit,Driverless Vehicle,Vehicle Year,Vehicle Make,Vehicle Model,Latitude,Longitude,Year,Month,Hour
250012509,Property Damage Crash,03/21/2025 09:50:00 PM,UNIVERSITY BLVD W (WB/L),NA,Angle,Clear,Dry,Medium,No Controls,NONE DETECTED,Yes,No Apparent Injury,NA,Unknown,MD,Passenger Car,Turning Right,25,No,2024,HYUNDAI,TUCSON,39.04164231,-77.05093528,2025,3,21
250012509,Property Damage Crash,03/21/2025 09:50:00 PM,UNIVERSITY BLVD W (WB/L),NA,Angle,Clear,Dry,Medium,No Controls,NONE DETECTED,No,No Apparent Injury,NA,Not Distracted,MD,Passenger Car,Moving Constant Speed,25,No,2021,TOYOTA,COROLLA,39.04164231,-77.05093528,2025,3,21
250012500,Property Damage Crash,03/21/2025 08:47:00 PM,NA,NA,"Sideswipe, Same Direction",Clear,Dry,Medium,Traffic Control Signal,NONE DETECTED,No,No Apparent Injury,NA,Not Distracted,MD,Other Trucks,Entering Traffic Lane,35,No,2019,PIERCE MANUFACTURING,PUMPER,39.15991744,-77.2021074,2025,3,20
250012500,Property Damage Crash,03/21/2025 08:47:00 PM,NA,NA,"Sideswipe, Same Direction",Clear,Dry,Medium,Traffic Control Signal,NONE DETECTED,Yes,No Apparent Injury,Failed to Yield Right-of-Way,Unknown,MD,Passenger Car,Overtaking/Passing,35,No,2014,HYUNDAI,SONATA,39.15991744,-77.2021074,2025,3,20
250012497,Property Damage Crash,03/21/2025 08:45:00 PM,CEDAR TREE DR (NB/L),NA,"Sideswipe, Same Direction",Clear,Dry,Dark,No Controls,NONE DETECTED,Yes,No Apparent Injury,NA,Unknown,MD,Passenger Car,Entering Traffic Lane,45,No,2003,TOYOTA,COROLLA,39.10668599,-76.92006286,2025,3,20
250012497,Property Damage Crash,03/21/2025 08:45:00 PM,CEDAR TREE DR (NB/L),NA,"Sideswipe, Same Direction",Clear,Dry,Dark,No Controls,NONE DETECTED,No,No Apparent Injury,NA,Not Distracted,MD,Passenger Car,Moving Constant Speed,45,No,2023,HONDA,ACCORD,39.10668599,-76.92006286,2025,3,20
250012499,Property Damage Crash,03/21/2025 08:33:00 PM,NEW HAMPSHIRE AVE,NA,"Sideswipe, Same Direction",Clear,Dry,Medium,No Controls,NONE DETECTED,No,NA,NA,NA,NA,Passenger Car,Changing Lanes,40,No,2016,TOYOTA,COROLLA,39.02205285,-76.97726713,2025,3,20
250012499,Property Damage Crash,03/21/2025 08:33:00 PM,NEW HAMPSHIRE AVE,NA,"Sideswipe, Same Direction",Clear,Dry,Medium,No Controls,NONE DETECTED,No,No Apparent Injury,NA,Not Distracted,MD,Passenger Car,Slowing or Stopping,40,No,2019,AUDI,A5,39.02205285,-76.97726713,2025,3,20
250012492,Property Damage Crash,03/21/2025 08:00:00 PM,NEW HAMPSHIRE AVE,NA,Front to Rear,Clear,Dry,Medium,No Controls,NONE DETECTED,Yes,No Apparent Injury,NA,Unknown,MD,Passenger Car,Moving Constant Speed,40,No,2022,SUBARU,LEGACY,39.01564312,-76.97776736,2025,3,20
250012492,Property Damage Crash,03/21/2025 08:00:00 PM,NEW HAMPSHIRE AVE,NA,Front to Rear,Clear,Dry,Medium,No Controls,NONE DETECTED,No,No Apparent Injury,NA,Not Distracted,VA,Sport Utility Vehicle,Slowing or Stopping,40,No,2020,NISSAN,PATHFINDER,39.01564312,-76.97776736,2025,3,20
250012491,Injury Crash,03/21/2025 07:33:00 PM,COLUMBIA PIKE (SB/L),NA,Front to Rear,Clear,Dry,Dark,Traffic Control Signal,DRUG PRESENT,Yes,Possible Minor Injury,NA,Unknown,MD,Other,Moving Constant Speed,55,No,2020,FORD,TRANSIT CONNECT,39.09813744,-76.93676714,2025,3,19
250012491,Injury Crash,03/21/2025 07:33:00 PM,COLUMBIA PIKE (SB/L),NA,Front to Rear,Clear,Dry,Dark,Traffic Control Signal,NONE DETECTED,No,No Apparent Injury,NA,Not Distracted,MD,Passenger Car,Moving Constant Speed,55,No,2013,TOYOTA,CAMRY,39.09813744,-76.93676714,2025,3,19
250012491,Injury Crash,03/21/2025 07:33:00 PM,COLUMBIA PIKE (SB/L),NA,Front to Rear,Clear,Dry,Dark,Traffic Control Signal,NONE DETECTED,No,No Apparent Injury,NA,Not Distracted,MD,Sport Utility Vehicle,Moving Constant Speed,55,No,2023,BMW,X7,39.09813744,-76.93676714,2025,3,19
250012491,Injury Crash,03/21/2025 07:33:00 PM,COLUMBIA PIKE (SB/L),NA,Front to Rear,Clear,Dry,Dark,Traffic Control Signal,NONE DETECTED,No,No Apparent Injury,NA,Not Distracted,MD,Passenger Car,Moving Constant Speed,55,No,2013,BMW,328I,39.09813744,-76.93676714,2025,3,19
250012481,Injury Crash,03/21/2025 06:12:00 PM,NA,NA,Front to Rear,Clear,Dry,Daylight,Traffic Control Signal,NONE DETECTED,Yes,Possible Minor Injury,"Followed Too Closely, Operated Motor Vehicle in Inattentive, Careless, Negligent, or Erratic Manner, Other Improper Action",Unknown,NA,Passenger Car,Moving Constant Speed,40,No,2011,TOYOTA,COROLLA,39.11273867,-77.0584805,2025,3,18
250012481,Injury Crash,03/21/2025 06:12:00 PM,NA,NA,Front to Rear,Clear,Dry,Daylight,Traffic Control Signal,NONE DETECTED,No,No Apparent Injury,NA,Not Distracted,MD,Passenger Car,Stopped in Traffic,40,No,2010,KIA,SOUL,39.11273867,-77.0584805,2025,3,18
250012481,Injury Crash,03/21/2025 06:12:00 PM,NA,NA,Front to Rear,Clear,Dry,Daylight,Traffic Control Signal,NONE DETECTED,No,No Apparent Injury,NA,Not Distracted,MD,Sport Utility Vehicle,Stopped in Traffic,40,No,2019,TOYOTA,HIGHLANDER,39.11273867,-77.0584805,2025,3,18
250012477,Property Damage Crash,03/21/2025 06:00:00 PM,CASTLELEIGH RD,NA,Other,Clear,Dry,Daylight,No Controls,NONE DETECTED,No,No Apparent Injury,NA,Not Distracted,MD,Passenger Car,Moving Constant Speed,15,No,2014,TOYOTA,COROLLA,39.06377806,-76.93876824,2025,3,18
250012477,Property Damage Crash,03/21/2025 06:00:00 PM,CASTLELEIGH RD,NA,Other,Clear,Dry,Daylight,No Controls,NONE DETECTED,Yes,No Apparent Injury,NA,Unknown,MD,Passenger Car,Accelerating,15,No,2023,LEXUS,GX,39.06377806,-76.93876824,2025,3,18
250012474,Injury Crash,03/21/2025 05:30:00 PM,RAMP 6 FR MD 124 EB TO RAMP 7 (TO IS270),NA,Angle,Clear,Dry,Daylight,Traffic Control Signal,NONE DETECTED,No,Possible Minor Injury,NA,Not Distracted,MD,Passenger Car,Moving Constant Speed,35,No,2012,HONDA,CIVIC,39.14795633,-77.217978,2025,3,17
250012474,Injury Crash,03/21/2025 05:30:00 PM,RAMP 6 FR MD 124 EB TO RAMP 7 (TO IS270),NA,Angle,Clear,Dry,Daylight,Traffic Control Signal,NONE DETECTED,Yes,No Apparent Injury,NA,Not Distracted,MD,Passenger Car,Accelerating,35,No,2020,HONDA,CIVIC,39.14795633,-77.217978,2025,3,17
250012469,Property Damage Crash,03/21/2025 05:13:00 PM,NA,NA,Angle,Clear,Dry,Daylight,Stop Sign,NONE DETECTED,No,No Apparent Injury,Failed to Yield Right-of-Way,Not Distracted,VA,Sport Utility Vehicle,Moving Constant Speed,25,No,2022,HONDA,CR-V,38.98792688,-77.09950878,2025,3,17
250012469,Property Damage Crash,03/21/2025 05:13:00 PM,NA,NA,Angle,Clear,Dry,Daylight,No Controls,NONE DETECTED,No,No Apparent Injury,NA,Not Distracted,MD,Sport Utility Vehicle,Moving Constant Speed,25,No,2024,JEEP,WRANGLER,38.98792688,-77.09950878,2025,3,17
250012577,Property Damage Crash,03/21/2025 04:50:00 PM,CONNECTICUT AVE (SB/L),NA,"Sideswipe, Same Direction",Clear,Dry,Daylight,No Controls,NONE DETECTED,No,No Apparent Injury,NA,Not Distracted,MD,Passenger Car,Changing Lanes,35,No,2019,HONDA,HR-V,39.02796259,-77.07649932,2025,3,16
250012577,Property Damage Crash,03/21/2025 04:50:00 PM,CONNECTICUT AVE (SB/L),NA,"Sideswipe, Same Direction",Clear,Dry,Daylight,No Controls,NONE DETECTED,No,No Apparent Injury,NA,Not Distracted,MD,Passenger Car,Moving Constant Speed,35,No,2020,KIA,SEDONA,39.02796259,-77.07649932,2025,3,16
250012800,Injury Crash,03/21/2025 04:28:00 PM,NA,Cyclist (non-electric),Single Vehicle,Clear,Dry,Daylight,Traffic Control Signal,NONE DETECTED,Yes,No Apparent Injury,NA,Unknown,MD,Sport Utility Vehicle,Turning Left,35,No,2022,TOYOTA,RAV4,38.99317802,-77.06341918,2025,3,16
250012453,Injury Crash,03/21/2025 04:05:00 PM,CONNECTICUT AVE,NA,Front to Rear,Clear,Dry,Daylight,No Controls,NONE DETECTED,No,Possible Minor Injury,NA,Not Distracted,MD,Passenger Car,Stopped in Traffic,35,No,2015,TOYOTA,CAMRY,39.01367733,-77.07964917,2025,3,16
250012453,Injury Crash,03/21/2025 04:05:00 PM,CONNECTICUT AVE,NA,Front to Rear,Clear,Dry,Daylight,No Controls,NONE DETECTED,No,No Apparent Injury,NA,Not Distracted,MD,Passenger Car,Stopped in Traffic,35,No,2023,SUBARU,CROSSTREK,39.01367733,-77.07964917,2025,3,16
250012453,Injury Crash,03/21/2025 04:05:00 PM,CONNECTICUT AVE,NA,Front to Rear,Clear,Dry,Daylight,No Controls,NONE DETECTED,Yes,No Apparent Injury,NA,Unknown,MD,Passenger Car,Moving Constant Speed,35,No,2013,TOYOTA,HIGHLANDER,39.01367733,-77.07964917,2025,3,16
250012450,Injury Crash,03/21/2025 03:58:00 PM,CABIN JOHN PKWY,Scooter (electric),Single Vehicle,Clear,Dry,Daylight,No Controls,NONE DETECTED,No,No Apparent Injury,Too Fast For Conditions,Unknown,MD,Passenger Car,Turning Right,25,No,2023,TOYOTA,SIENNA,39.07466819,-77.15089361,2025,3,15
250012442,Property Damage Crash,03/21/2025 03:13:00 PM,NA,NA,Front to Front,Clear,NA,Daylight,NA,NONE DETECTED,Yes,No Apparent Injury,Other Improper Action,Not Distracted,MD,Passenger Car,Slowing or Stopping,0,No,2017,TOYOTA,CAMRY,39.05769267,-77.122395,2025,3,15
250012430,Property Damage Crash,03/21/2025 02:19:00 PM,W MONTGOMERY AVE (WB/L),NA,Front to Rear,Clear,Dry,Daylight,Traffic Control Signal,NONE DETECTED,No,No Apparent Injury,NA,Not Distracted,LA,Pickup,Stopped in Traffic,35,No,2013,FORD,F-150,39.09081586,-77.17929252,2025,3,14
250012430,Property Damage Crash,03/21/2025 02:19:00 PM,W MONTGOMERY AVE (WB/L),NA,Front to Rear,Clear,Dry,Daylight,Traffic Control Signal,NONE DETECTED,No,No Apparent Injury,NA,Not Distracted,MD,Sport Utility Vehicle,Stopped in Traffic,35,No,2019,BMW,X7,39.09081586,-77.17929252,2025,3,14
250012430,Property Damage Crash,03/21/2025 02:19:00 PM,W MONTGOMERY AVE (WB/L),NA,Front to Rear,Clear,Dry,Daylight,Traffic Control Signal,NONE DETECTED,No,NA,NA,NA,NA,Passenger Car,Moving Constant Speed,35,No,2012,BMW,528XI,39.09081586,-77.17929252,2025,3,14
250012426,Injury Crash,03/21/2025 01:55:00 PM,NA,NA,Single Vehicle,Clear,NA,Daylight,NA,NONE DETECTED,Yes,Possible Minor Injury,NA,Unknown,MD,Passenger Car,Accelerating,0,No,2015,HONDA,PILOT,39.1412013,-77.1948044,2025,3,13
250012425,Property Damage Crash,03/21/2025 01:39:00 PM,SECOND AVE (NB/L),NA,Angle,Clear,Dry,Daylight,No Controls,NONE DETECTED,No,No Apparent Injury,NA,Not Distracted,MD,Passenger Car,Parked,25,No,2010,MERCEDES-BENZ,GL-CLASS,38.99685751,-77.03279569,2025,3,13
250012425,Property Damage Crash,03/21/2025 01:39:00 PM,SECOND AVE (NB/L),NA,Angle,Clear,Dry,Daylight,No Controls,NONE DETECTED,Yes,No Apparent Injury,"Operated Motor Vehicle in Inattentive, Careless, Negligent, or Erratic Manner",Not Distracted,MD,Bus - School,Turning Left,25,No,2017,THOMAS BUILT,HDX,38.99685751,-77.03279569,2025,3,13
250012423,Property Damage Crash,03/21/2025 01:00:00 PM,NA,NA,Other,Clear,Dry,Daylight,Traffic Control Signal,NONE DETECTED,No,No Apparent Injury,NA,Not Distracted,MD,Passenger Car,Changing Lanes,35,No,2021,TOYOTA,4-RUNNER,39.049558330000004,-77.11370167,2025,3,13
250012423,Property Damage Crash,03/21/2025 01:00:00 PM,NA,NA,Other,Clear,Dry,Daylight,Traffic Control Signal,NONE DETECTED,No,No Apparent Injury,NA,Not Distracted,MD,Bus - Transit,Moving Constant Speed,35,No,2020,GILLIG,CITY TRANSIT BUS,39.049558330000004,-77.11370167,2025,3,13
250012404,Property Damage Crash,03/21/2025 11:56:00 AM,NA,NA,Front to Rear,Clear,NA,Daylight,NA,NONE DETECTED,Yes,No Apparent Injury,Other Improper Action,"Other Action (looking away from task, etc.)",MD,Passenger Car,NA,0,No,2009,HYUNDAI,ACCENT,39.15908438,-77.27909837,2025,3,11
250011816,Property Damage Crash,03/21/2025 10:34:00 AM,NA,NA,"Sideswipe, Opposite Direction",Clear,NA,Daylight,NA,NONE DETECTED,Yes,No Apparent Injury,NA,Unknown,MD,Passenger Car,Moving Constant Speed,0,No,2005,TOYOTA,COROLLA MATRIX,39.08004612,-77.07248938,2025,3,10
250012382,Injury Crash,03/21/2025 09:37:00 AM,W DIAMOND AVE,Pedestrian,Single Vehicle,Clear,Dry,Daylight,No Controls,NONE DETECTED,No,No Apparent Injury,NA,Not Distracted,MD,Sport Utility Vehicle,Moving Constant Speed,25,No,2014,CADILLAC,ESCALADE,39.1408595,-77.19580067,2025,3,9
250012376,Property Damage Crash,03/21/2025 09:20:00 AM,NORBECK RD,NA,Front to Rear,Clear,Dry,Daylight,No Controls,NONE DETECTED,No,No Apparent Injury,NA,Not Distracted,MD,Pickup,Moving Constant Speed,35,No,2014,FORD,F-150,39.11248115,-77.05903584,2025,3,9
250012376,Property Damage Crash,03/21/2025 09:20:00 AM,NORBECK RD,NA,Front to Rear,Clear,Dry,Daylight,No Controls,NONE DETECTED,Yes,No Apparent Injury,NA,Not Distracted,MD,Passenger Car,Moving Constant Speed,35,No,2005,CHEVROLET,SILVERADO,39.11248115,-77.05903584,2025,3,9
250012376,Property Damage Crash,03/21/2025 09:20:00 AM,NORBECK RD,NA,Front to Rear,Clear,Dry,Daylight,No Controls,NONE DETECTED,No,No Apparent Injury,NA,Not Distracted,MD,Passenger Car,Slowing or Stopping,35,No,2010,HONDA,ODYSSEY,39.11248115,-77.05903584,2025,3,9
250012489,Property Damage Crash,03/21/2025 08:50:00 AM,PRICHARD RD,NA,Front to Front,Clear,Dry,Daylight,No Controls,NONE DETECTED,Yes,No Apparent Injury,Wrong Side,Not Distracted,DC,Passenger Car,Moving Constant Speed,25,No,2005,BUICK,LESABRE,39.03654981,-77.04694015,2025,3,8
250012374,Property Damage Crash,03/21/2025 08:50:00 AM,NA,NA,Angle,Clear,Dry,Daylight,No Controls,NONE DETECTED,No,No Apparent Injury,NA,Not Distracted,MD,Sport Utility Vehicle,Moving Constant Speed,35,No,2011,TOYOTA,RAV4,39.14549511,-77.14374066,2025,3,8
250012374,Property Damage Crash,03/21/2025 08:50:00 AM,NA,NA,Angle,Clear,Dry,Daylight,No Controls,NONE DETECTED,Yes,No Apparent Injury,Failed to Yield Right-of-Way,Not Distracted,MD,Van - Passenger (&lt;9 Seats),Turning Left,35,No,2007,TOYOTA,SIENNA,39.14549511,-77.14374066,2025,3,8
250012371,Property Damage Crash,03/21/2025 08:18:00 AM,NA,NA,Angle,Clear,NA,Daylight,NA,NONE DETECTED,Yes,No Apparent Injury,Other Improper Action,Unknown,MD,Passenger Car,Moving Constant Speed,0,No,2004,TOYOTA,PRIUS,39.24374014,-77.27826112,2025,3,8
250012371,Property Damage Crash,03/21/2025 08:18:00 AM,NA,NA,Angle,Clear,NA,Daylight,NA,NONE DETECTED,Yes,No Apparent Injury,Other Improper Action,Unknown,MD,Passenger Car,Moving Constant Speed,0,No,2020,BMW,330I,39.24374014,-77.27826112,2025,3,8
250012369,Property Damage Crash,03/21/2025 08:12:00 AM,COLUMBIA PIKE (SB/L),NA,Front to Rear,Clear,Dry,Daylight,No Controls,NONE DETECTED,No,No Apparent Injury,NA,Not Distracted,MD,Passenger Car,Moving Constant Speed,35,No,2023,TOYOTA,COROLLA,39.03933575,-76.997929009999993,2025,3,8
250012369,Property Damage Crash,03/21/2025 08:12:00 AM,COLUMBIA PIKE (SB/L),NA,Front to Rear,Clear,Dry,Daylight,No Controls,NONE DETECTED,Yes,No Apparent Injury,Followed Too Closely,Unknown,MD,Passenger Car,Moving Constant Speed,35,No,2017,DODGE,JOURNEY,39.03933575,-76.997929009999993,2025,3,8
250012367,Property Damage Crash,03/21/2025 07:53:00 AM,DEMOCRACY BLVD,NA,Front to Rear,Clear,Dry,Daylight,Other Signal,NONE DETECTED,Yes,No Apparent Injury,NA,Not Distracted,MD,Passenger Car,Slowing or Stopping,35,No,2021,PORSCHE,MACAN,39.02358945,-77.12852711,2025,3,7
250012367,Property Damage Crash,03/21/2025 07:53:00 AM,DEMOCRACY BLVD,NA,Front to Rear,Clear,Dry,Daylight,Other Signal,NONE DETECTED,No,No Apparent Injury,NA,Not Distracted,MD,Passenger Car,Slowing or Stopping,35,No,2024,VOLVO,XC90,39.02358945,-77.12852711,2025,3,7
250012367,Property Damage Crash,03/21/2025 07:53:00 AM,DEMOCRACY BLVD,NA,Front to Rear,Clear,Dry,Daylight,Other Signal,NONE DETECTED,No,No Apparent Injury,NA,Not Distracted,MD,Passenger Car,Stopped in Traffic,35,No,2023,NISSAN,KICKS,39.02358945,-77.12852711,2025,3,7
250012364,Property Damage Crash,03/21/2025 07:15:00 AM,ABERDEEN RD,NA,Angle,Clear,Dry,Daylight,Stop Sign,NONE DETECTED,Yes,No Apparent Injury,NA,Not Distracted,MD,Bus - School,Turning Left,25,No,2015,FREIGHTLINER,B2 BUS CHASSIS,39.08549617,-77.16668948,2025,3,7
250012364,Property Damage Crash,03/21/2025 07:15:00 AM,ABERDEEN RD,NA,Angle,Clear,Dry,Daylight,No Controls,NONE DETECTED,No,No Apparent Injury,NA,Not Distracted,VA,Van - Passenger (&lt;9 Seats),Moving Constant Speed,30,No,2021,NISSAN,NV200,39.08549617,-77.16668948,2025,3,7
250012361,Property Damage Crash,03/21/2025 06:54:00 AM,SANDY SPRING RD,NA,Front to Rear,Clear,Dry,Daylight,Stop Sign,NONE DETECTED,Yes,No Apparent Injury,Failed to Keep in Proper Lane,Unknown,MD,Passenger Car,Moving Constant Speed,35,No,2012,VOLKSWAGEN,JETTA,39.10664705,-76.92001113,2025,3,6
250012361,Property Damage Crash,03/21/2025 06:54:00 AM,SANDY SPRING RD,NA,Front to Rear,Clear,Dry,Daylight,No Controls,NONE DETECTED,No,No Apparent Injury,NA,Not Distracted,MD,Passenger Car,Moving Constant Speed,35,No,2013,NISSAN,ALTIMA,39.10664705,-76.92001113,2025,3,6
250012358,Property Damage Crash,03/21/2025 06:34:00 AM,GLENMONT CIR #2,NA,"Sideswipe, Same Direction",Clear,Dry,Medium,Stop Sign,NONE DETECTED,No,No Apparent Injury,NA,Not Distracted,MD,Pickup,Accelerating,15,No,2018,DODGE,RAM,39.05915428,-77.04668285,2025,3,6
250012358,Property Damage Crash,03/21/2025 06:34:00 AM,GLENMONT CIR #2,NA,"Sideswipe, Same Direction",Clear,Dry,Medium,Stop Sign,NONE DETECTED,No,No Apparent Injury,Other Improper Action,Not Distracted,MD,Van - Passenger (&lt;9 Seats),Moving Constant Speed,15,No,2006,CHEVROLET,EXPRESS,39.05915428,-77.04668285,2025,3,6
250012359,Property Damage Crash,03/21/2025 04:44:00 AM,KEMPTOWN RD,NA,Single Vehicle,Windy,Dry,Medium,No Controls,NONE DETECTED,No,No Apparent Injury,NA,Not Distracted,MD,Passenger Car,Moving Constant Speed,40,No,2017,NISSAN,MAXIMA,39.3250778,-77.20768,2025,3,4
250012347,Property Damage Crash,03/21/2025 12:44:00 AM,LANGLEY DR,NA,Angle,Clear,Dry,Medium,Stop Sign,ALCOHOL PRESENT,Yes,No Apparent Injury,NA,"Other Action (looking away from task, etc.)",MD,Van - Cargo,NA,25,No,2007,FORD,E-150,39.00209268,-76.99408852,2025,3,0
250012343,Property Damage Crash,03/21/2025 12:01:00 AM,SLIGO CREEK PKWY,NA,Front to Rear,Clear,Dry,Medium,Traffic Control Signal,NONE DETECTED,Yes,No Apparent Injury,NA,Unknown,MD,Sport Utility Vehicle,Slowing or Stopping,35,No,2019,VOLVO,XC60,39.00765707,-77.0201338,2025,3,0
250012343,Property Damage Crash,03/21/2025 12:01:00 AM,SLIGO CREEK PKWY,NA,Front to Rear,Clear,Dry,Medium,Traffic Control Signal,NONE DETECTED,No,No Apparent Injury,NA,Not Distracted,MD,Passenger Car,Stopped in Traffic,35,No,2015,SUBARU,WRX,39.00765707,-77.0201338,2025,3,0
250012336,Injury Crash,03/20/2025 10:27:00 PM,SILVER SPRING AVE,Scooter (electric),Single Vehicle,Clear,Wet,Medium,Traffic Control Signal,NONE DETECTED,No,No Apparent Injury,NA,Not Distracted,MD,Passenger Car,Accelerating,30,No,2011,TOYOTA,CAMRY,38.99155184,-77.02674788,2025,3,22
250012332,Property Damage Crash,03/20/2025 09:41:00 PM,NA,NA,Front to Rear,Clear,Wet,Medium,Traffic Control Signal,ALCOHOL PRESENT,Yes,No Apparent Injury,"Followed Too Closely, Operated Motor Vehicle in Inattentive, Careless, Negligent, or Erratic Manner, Operated Motor Vehicle in Reckless or Aggressive Manner",Not Distracted,MD,Pickup,Moving Constant Speed,35,No,2019,TOYOTA,TUNDRA,39.09325666,-77.07970339,2025,3,21
250012332,Property Damage Crash,03/20/2025 09:41:00 PM,NA,NA,Front to Rear,Clear,Wet,Medium,Traffic Control Signal,NONE DETECTED,No,No Apparent Injury,NA,Not Distracted,MD,Passenger Car,Stopped in Traffic,35,No,2010,CHEVROLET,AVEO,39.09325666,-77.07970339,2025,3,21
250012319,Injury Crash,03/20/2025 07:40:00 PM,LOCKWOOD DR,NA,Single Vehicle,Rain,Wet,Medium,Traffic Control Signal,NONE DETECTED,No,Possible Minor Injury,NA,Not Distracted,VA,Passenger Car,Turning Right,40,No,2014,HONDA,CIVIC,39.03974083,-76.99031767,2025,3,19
250012317,Injury Crash,03/20/2025 07:05:00 PM,WINDMILL LA,NA,Single Vehicle,Rain,Wet,Dark,No Controls,NONE DETECTED,Yes,Possible Minor Injury,Too Fast For Conditions,Unknown,MD,Passenger Car,Leaving Traffic Lane,25,No,2019,LEXUS,RX,39.09810147,-76.98298003,2025,3,19
250012308,Property Damage Crash,03/20/2025 06:28:00 PM,CONNECTICUT AVE,NA,"Sideswipe, Same Direction",Rain,Wet,Daylight,No Controls,NONE DETECTED,No,No Apparent Injury,NA,Unknown,MD,Passenger Car,Moving Constant Speed,30,No,2005,ACURA,TL,38.98460458,-77.07694877,2025,3,18
250012308,Property Damage Crash,03/20/2025 06:28:00 PM,CONNECTICUT AVE,NA,"Sideswipe, Same Direction",Rain,Wet,Daylight,No Controls,NONE DETECTED,Yes,No Apparent Injury,NA,Unknown,MD,Pickup,Turning Right,30,No,2021,CHEVROLET,SILVERADO,38.98460458,-77.07694877,2025,3,18
250012303,Property Damage Crash,03/20/2025 05:40:00 PM,OLD GEORGETOWN RD (SB/L),NA,Angle,Rain,Wet,Daylight,No Controls,NONE DETECTED,No,No Apparent Injury,NA,Not Distracted,MD,Sport Utility Vehicle,Moving Constant Speed,40,No,2013,DODGE,DURANGO,39.00170743,-77.10987446,2025,3,17
250012303,Property Damage Crash,03/20/2025 05:40:00 PM,OLD GEORGETOWN RD (SB/L),NA,Angle,Rain,Wet,Daylight,No Controls,NONE DETECTED,Yes,No Apparent Injury,NA,Unknown,MD,Sport Utility Vehicle,Turning Left,25,No,2021,MAZDA,CX-30,39.00170743,-77.10987446,2025,3,17
250012296,Property Damage Crash,03/20/2025 05:18:00 PM,TWINBROOK PKWY,NA,Angle,Rain,Wet,Daylight,No Controls,NONE DETECTED,No,No Apparent Injury,NA,Unknown,MD,Passenger Car,Moving Constant Speed,35,No,2013,TOYOTA,RAV4,39.0665925,-77.11458967,2025,3,17
250012296,Property Damage Crash,03/20/2025 05:18:00 PM,TWINBROOK PKWY,NA,Angle,Rain,Wet,Daylight,No Controls,NONE DETECTED,Yes,No Apparent Injury,NA,Unknown,MD,Passenger Car,Turning Left,35,No,2023,HYUNDAI,ELANTRA,39.0665925,-77.11458967,2025,3,17
250012291,Property Damage Crash,03/20/2025 04:57:00 PM,WINDHAM LA,NA,Angle,Cloudy,Dry,Daylight,Stop Sign,NONE DETECTED,No,No Apparent Injury,NA,Not Distracted,MD,Passenger Car,Entering Traffic Lane,25,No,2000,TOYOTA,CAMRY SOLARA,39.03199524,-77.0442161,2025,3,16
250012291,Property Damage Crash,03/20/2025 04:57:00 PM,WINDHAM LA,NA,Angle,Cloudy,Dry,Daylight,No Controls,NONE DETECTED,No,No Apparent Injury,NA,Not Distracted,IL,Sport Utility Vehicle,Moving Constant Speed,25,No,2023,GMC,ACADIA,39.03199524,-77.0442161,2025,3,16
250012285,Property Damage Crash,03/20/2025 04:45:00 PM,NEW HAMPSHIRE AVE (SB/L),NA,Single Vehicle,Clear,Dry,Daylight,Other,NONE DETECTED,No,No Apparent Injury,"Failed to Keep in Proper Lane, Operated Motor Vehicle in Inattentive, Careless, Negligent, or Erratic Manner, Ran Off Roadway",Unknown,MD,Passenger Car,Accelerating,40,No,2012,MERCEDES-BENZ,C-CLASS,39.06688937,-77.00150685,2025,3,16