Local Case Number,ACRS Report Type,Crash Date/Time,Road Name,Related Non-Motorist,Collision Type,Weather,Surface Condition,Light,Traffic Control,Driver Substance Abuse,Driver At Fault,Injury Severity,Circumstance,Driver Distracted By,Drivers License State,Vehicle Body Type,Vehicle Movement,Speed Limit,Driverless Vehicle,Vehicle Year,Vehicle Make,Vehicle Model,Latitude,Longitude,Year,Month,Hour
250012292,Property Damage Crash,03/20/2025 04:30:00 PM,NA,NA,"Sideswipe, Same Direction",Cloudy,Dry,Daylight,Traffic Control Signal,NONE DETECTED,No,No Apparent Injury,NA,Not Distracted,MD,Passenger Car,Parked,35,No,2017,FORD,ESCAPE,39.14565122,-77.14407499,2025,3,16
250012292,Property Damage Crash,03/20/2025 04:30:00 PM,NA,NA,"Sideswipe, Same Direction",Cloudy,Dry,Daylight,Traffic Control Signal,NONE DETECTED,No,NA,"Failed to Keep in Proper Lane, Improper Passing",Unknown,NA,Passenger Car,Moving Constant Speed,35,No,2009,TOYOTA,COROLLA,39.14565122,-77.14407499,2025,3,16
250012281,Property Damage Crash,03/20/2025 04:00:00 PM,UNIVERSITY BLVD E (WB/L),NA,"Sideswipe, Same Direction",Clear,Dry,Daylight,No Controls,NONE DETECTED,No,No Apparent Injury,NA,Not Distracted,MD,Passenger Car,Moving Constant Speed,35,No,2001,HONDA,ACCORD,39.01900079,-77.00856906,2025,3,16
250012281,Property Damage Crash,03/20/2025 04:00:00 PM,UNIVERSITY BLVD E (WB/L),NA,"Sideswipe, Same Direction",Clear,Dry,Daylight,No Controls,NONE DETECTED,Yes,No Apparent Injury,NA,Not Distracted,MD,Passenger Car,Changing Lanes,35,No,2018,AUDI,Q5,39.01900079,-77.00856906,2025,3,16
250012275,Property Damage Crash,03/20/2025 03:38:00 PM,COLUMBIA PIKE,NA,Front to Rear,Clear,Dry,Daylight,Traffic Control Signal,NONE DETECTED,No,No Apparent Injury,NA,Not Distracted,MD,Passenger Car,Slowing or Stopping,50,No,2022,HONDA,ODYSSEY,39.05560111,-76.97203848,2025,3,15
250012275,Property Damage Crash,03/20/2025 03:38:00 PM,COLUMBIA PIKE,NA,Front to Rear,Clear,Dry,Daylight,Traffic Control Signal,NONE DETECTED,No,No Apparent Injury,NA,Not Distracted,MD,Passenger Car,Slowing or Stopping,50,No,2007,TOYOTA,CAMRY,39.05560111,-76.97203848,2025,3,15
250012275,Property Damage Crash,03/20/2025 03:38:00 PM,COLUMBIA PIKE,NA,Front to Rear,Clear,Dry,Daylight,Traffic Control Signal,NONE DETECTED,Yes,No Apparent Injury,NA,Unknown,MD,Passenger Car,Moving Constant Speed,50,No,2012,TOYOTA,COROLLA,39.05560111,-76.97203848,2025,3,15
250012271,Property Damage Crash,03/20/2025 03:25:00 PM,WOOD HILL RD,NA,Single Vehicle,Cloudy,Dry,Daylight,No Controls,NONE DETECTED,Yes,No Apparent Injury,NA,Unknown,MD,Passenger Car,Turning Left,20,No,2012,NISSAN,ALTIMA,39.10139892,-77.18931327,2025,3,15
250012268,Property Damage Crash,03/20/2025 03:17:00 PM,NEW HAMPSHIRE AVE,NA,"Sideswipe, Same Direction",Clear,Dry,Daylight,Traffic Control Signal,NONE DETECTED,No,No Apparent Injury,NA,Not Distracted,MD,Bus - Transit,Turning Left,35,No,2018,NEW FLYER,XCELSIOR,39.0397827,-76.99055641,2025,3,15
250012268,Property Damage Crash,03/20/2025 03:17:00 PM,NEW HAMPSHIRE AVE,NA,"Sideswipe, Same Direction",Clear,Dry,Daylight,Other Signal,NONE DETECTED,Yes,No Apparent Injury,"Disregarded Other Road Markings, Disregarded Other Traffic Sign, Failed to Keep in Proper Lane",Unknown,MD,Passenger Car,Moving Constant Speed,35,No,2014,NISSAN,SENTRA,39.0397827,-76.99055641,2025,3,15
250012264,Property Damage Crash,03/20/2025 02:07:00 PM,KENBROOK DR,NA,"Sideswipe, Same Direction",Clear,Dry,Daylight,No Controls,NONE DETECTED,No,NA,NA,NA,NA,Pickup,Moving Constant Speed,25,No,2003,TOYOTA,TUNDRA,39.03973294,-77.01978467,2025,3,14
250012289,Property Damage Crash,03/20/2025 02:03:00 PM,CONNECTICUT AVE,NA,"Sideswipe, Same Direction",Clear,Dry,Daylight,No Controls,NONE DETECTED,No,No Apparent Injury,NA,Not Distracted,TX,Passenger Car,Moving Constant Speed,35,No,2011,FORD,FOCUS,39.00264974,-77.07716906,2025,3,14
250012289,Property Damage Crash,03/20/2025 02:03:00 PM,CONNECTICUT AVE,NA,"Sideswipe, Same Direction",Clear,Dry,Daylight,No Controls,NONE DETECTED,No,No Apparent Injury,NA,Not Distracted,MD,Passenger Car,Entering Traffic Lane,35,No,2019,MAZDA,MAZDA3,39.00264974,-77.07716906,2025,3,14
250012272,Property Damage Crash,03/20/2025 02:00:00 PM,ROCKLEDGE DR,NA,Front to Rear,Clear,Dry,Daylight,No Controls,NONE DETECTED,Yes,No Apparent Injury,NA,Unknown,MD,Van - Passenger (&lt;9 Seats),Backing,25,No,2015,HONDA,ODYSSEY,39.02444796,-77.13273638,2025,3,14
250012248,Property Damage Crash,03/20/2025 01:43:00 PM,GEORGIA AVE,NA,"Sideswipe, Opposite Direction",Clear,Dry,Daylight,No Controls,NONE DETECTED,No,NA,NA,NA,NA,NA,Moving Constant Speed,40,No,0,NA,NA,39.20175829,-77.06450322,2025,3,13
250012248,Property Damage Crash,03/20/2025 01:43:00 PM,GEORGIA AVE,NA,"Sideswipe, Opposite Direction",Clear,Dry,Daylight,No Controls,NONE DETECTED,No,No Apparent Injury,NA,Not Distracted,MD,Passenger Car,Moving Constant Speed,40,No,2024,ACURA,RDX,39.20175829,-77.06450322,2025,3,13
250012234,Injury Crash,03/20/2025 12:50:00 PM,NA,NA,Front to Front,Clear,Dry,Daylight,No Controls,NONE DETECTED,Yes,Possible Minor Injury,Failed to Keep in Proper Lane,Not Distracted,MD,Passenger Car,Moving Constant Speed,45,No,2023,TOYOTA,COROLLA CROSS,39.18969121,-77.21922089,2025,3,12
250012234,Injury Crash,03/20/2025 12:50:00 PM,NA,NA,Front to Front,Clear,Dry,Daylight,No Controls,NONE DETECTED,No,Possible Minor Injury,NA,Not Distracted,MD,Passenger Car,Moving Constant Speed,45,No,2023,CHEVROLET,TRAILBLAZER,39.18969121,-77.21922089,2025,3,12
250012241,Property Damage Crash,03/20/2025 11:59:00 AM,NA,NA,Front to Rear,Clear,Dry,Daylight,Traffic Control Signal,NONE DETECTED,Yes,No Apparent Injury,Failed to Yield Right-of-Way,Unknown,MD,Passenger Car,Turning Left,40,No,2017,TOYOTA,COROLLA,39.22824238,-77.26616965,2025,3,11
250012241,Property Damage Crash,03/20/2025 11:59:00 AM,NA,NA,Front to Rear,Clear,Dry,Daylight,Traffic Control Signal,NONE DETECTED,No,No Apparent Injury,NA,Not Distracted,MD,Sport Utility Vehicle,Moving Constant Speed,40,No,2017,HYUNDAI,TUCSON,39.22824238,-77.26616965,2025,3,11
250012262,Property Damage Crash,03/20/2025 11:59:00 AM,NA,NA,"Sideswipe, Same Direction",Clear,NA,Daylight,NA,NONE DETECTED,Yes,No Apparent Injury,NA,Unknown,MD,Sport Utility Vehicle,NA,0,No,2015,JEEP,GRAND CHEROKEE,39.04119906,-77.15815765,2025,3,11
250012214,Property Damage Crash,03/20/2025 11:30:00 AM,PINEY BRANCH RD,NA,Single Vehicle,Clear,Dry,Daylight,No Controls,NONE DETECTED,Yes,No Apparent Injury,NA,Unknown,MD,Sport Utility Vehicle,Moving Constant Speed,30,No,2022,HYUNDAI,TUCSON,38.97920133,-77.01769883,2025,3,11
250012212,Injury Crash,03/20/2025 11:14:00 AM,OLNEY SANDY SPRING RD (WB/L),NA,Single Vehicle,Clear,Dry,Daylight,Traffic Control Signal,DRUG PRESENT,Yes,Possible Minor Injury,"Failed to Keep in Proper Lane, Improper Turn, Operated Motor Vehicle in Inattentive, Careless, Negligent, or Erratic Manner, Other Improper Action",Unknown,MD,Sport Utility Vehicle,Turning Right,30,No,2019,GMC,TERRAIN,39.15197592,-77.06430539,2025,3,11
250012207,Property Damage Crash,03/20/2025 11:07:00 AM,16TH ST,NA,"Sideswipe, Same Direction",Clear,Dry,Daylight,Traffic Control Signal,NONE DETECTED,No,No Apparent Injury,NA,Unknown,MD,Passenger Car,NA,25,No,2022,FORD,F-450,38.9924947,-77.03614742,2025,3,11
250012207,Property Damage Crash,03/20/2025 11:07:00 AM,16TH ST,NA,"Sideswipe, Same Direction",Clear,Dry,Daylight,Traffic Control Signal,NONE DETECTED,No,No Apparent Injury,Improper Turn,Not Distracted,DC,Passenger Car,NA,25,No,2022,LEXUS,RX,38.9924947,-77.03614742,2025,3,11
250012202,Property Damage Crash,03/20/2025 10:56:00 AM,RAMP 2 FR MD 189 WB TO RAMP 3 (TO IS270),NA,Front to Rear,Clear,Dry,Daylight,Yield Sign,NONE DETECTED,No,No Apparent Injury,NA,Not Distracted,MD,Bus - School,Slowing or Stopping,55,No,2019,THOMAS BUILT,SCHOOL BUS,39.07476968,-77.16453768,2025,3,10
250012202,Property Damage Crash,03/20/2025 10:56:00 AM,RAMP 2 FR MD 189 WB TO RAMP 3 (TO IS270),NA,Front to Rear,Clear,Dry,Daylight,Yield Sign,NONE DETECTED,Yes,No Apparent Injury,NA,Not Distracted,MD,Van - Passenger (&lt;9 Seats),Accelerating,55,No,2020,CHRYSLER,VOYAGER,39.07476968,-77.16453768,2025,3,10
250012184,Property Damage Crash,03/20/2025 09:10:00 AM,RAMP 8 FR MD 650 SB TO US 29 WB,NA,Front to Front,Clear,Dry,Daylight,No Controls,NONE DETECTED,No,No Apparent Injury,NA,Not Distracted,MD,Passenger Car,Slowing or Stopping,35,No,2015,MAZDA,MAZDA3,39.04454667,-76.99272233,2025,3,9
250012184,Property Damage Crash,03/20/2025 09:10:00 AM,RAMP 8 FR MD 650 SB TO US 29 WB,NA,Front to Front,Clear,Dry,Daylight,No Controls,NONE DETECTED,Yes,No Apparent Injury,NA,Not Distracted,VA,Passenger Car,Negotiating a Curve,35,No,2024,VOLKSWAGEN,JETTA,39.04454667,-76.99272233,2025,3,9
250012184,Property Damage Crash,03/20/2025 09:10:00 AM,RAMP 8 FR MD 650 SB TO US 29 WB,NA,Front to Front,Clear,Dry,Daylight,No Controls,NONE DETECTED,No,No Apparent Injury,NA,Not Distracted,MD,Passenger Car,Slowing or Stopping,35,No,2024,TESLA,MODEL 3,39.04454667,-76.99272233,2025,3,9
250012183,Property Damage Crash,03/20/2025 08:55:00 AM,UNIVERSITY BLVD W,NA,"Sideswipe, Same Direction",Clear,Dry,Daylight,Traffic Control Signal,NONE DETECTED,No,No Apparent Injury,NA,Not Distracted,MD,Bus - Transit,Turning Right,35,No,2009,GILLIG,CITY TRANSIT BUS,39.01976133,-77.01348367,2025,3,8
250012183,Property Damage Crash,03/20/2025 08:55:00 AM,UNIVERSITY BLVD W,NA,"Sideswipe, Same Direction",Clear,Dry,Daylight,Traffic Control Signal,NONE DETECTED,Yes,No Apparent Injury,NA,Not Distracted,MD,Passenger Car,Turning Right,35,No,2021,TOYOTA,CAMRY,39.01976133,-77.01348367,2025,3,8
250012178,Property Damage Crash,03/20/2025 08:16:00 AM,MUDDY BRANCH RD,NA,Angle,Clear,Dry,Daylight,No Controls,NONE DETECTED,No,No Apparent Injury,NA,Not Distracted,MD,Passenger Car,Moving Constant Speed,35,No,2025,TESLA,MODEL S,39.1007786,-77.22333964,2025,3,8
250012178,Property Damage Crash,03/20/2025 08:16:00 AM,MUDDY BRANCH RD,NA,Angle,Clear,Dry,Daylight,No Controls,NONE DETECTED,Yes,No Apparent Injury,Failed to Yield Right-of-Way,"Other Action (looking away from task, etc.)",MD,Passenger Car,Turning Left,35,No,2017,CHEVROLET,SILVERADO,39.1007786,-77.22333964,2025,3,8
250012176,Injury Crash,03/20/2025 08:12:00 AM,HOWARD AVE,NA,Front to Rear,Clear,Dry,Daylight,Stop Sign,NONE DETECTED,No,No Apparent Injury,NA,"Other Action (looking away from task, etc.)",MD,Passenger Car,Turning Right,25,No,2017,BMW,540I,39.02863816,-77.0761053,2025,3,8
250012176,Injury Crash,03/20/2025 08:12:00 AM,HOWARD AVE,NA,Front to Rear,Clear,Dry,Daylight,Stop Sign,NONE DETECTED,No,Possible Minor Injury,NA,Not Distracted,NA,Moped Or motorized bicycle,Turning Right,25,No,2024,ZHILONG,BWS,39.02863816,-77.0761053,2025,3,8
250012172,Injury Crash,03/20/2025 07:31:00 AM,WINNETT RD,Pedestrian,Single Vehicle,Clear,Dry,Daylight,Stop Sign,NONE DETECTED,Yes,No Apparent Injury,Failed to Yield Right-of-Way,Not Distracted,MD,Passenger Car,Accelerating,25,No,2024,BMW,X3,38.98053967,-77.06313583,2025,3,7
250012170,Injury Crash,03/20/2025 07:27:00 AM,CEDAR AVE,NA,Rear To Side,Clear,Dry,Daylight,No Controls,NONE DETECTED,Yes,No Apparent Injury,NA,Unknown,MD,Passenger Car,Making U-Turn,35,No,2006,NISSAN,PATHFINDER,39.13973357,-77.19644634,2025,3,7
250012170,Injury Crash,03/20/2025 07:27:00 AM,CEDAR AVE,NA,Rear To Side,Clear,Dry,Daylight,No Controls,NONE DETECTED,No,Possible Minor Injury,NA,Unknown,MD,Passenger Car,NA,35,No,2006,HONDA,CIVIC,39.13973357,-77.19644634,2025,3,7
250012170,Injury Crash,03/20/2025 07:27:00 AM,CEDAR AVE,NA,Rear To Side,Clear,Dry,Daylight,No Controls,NONE DETECTED,No,No Apparent Injury,NA,Unknown,MD,Passenger Car,Stopped in Traffic,20,No,2014,FORD,F-150,39.13973357,-77.19644634,2025,3,7
250012169,Injury Crash,03/20/2025 07:05:00 AM,SENECA MEADOWS PKWY,NA,Angle,Clear,Dry,Daylight,Traffic Control Signal,NONE DETECTED,No,Possible Minor Injury,NA,Unknown,CA,Passenger Car,Moving Constant Speed,45,No,2010,TOYOTA,PRIUS,39.1885707,-77.25173949,2025,3,7
250012169,Injury Crash,03/20/2025 07:05:00 AM,SENECA MEADOWS PKWY,NA,Angle,Clear,Dry,Daylight,Traffic Control Signal,NONE DETECTED,Yes,Possible Minor Injury,Failed to Yield Right-of-Way,Unknown,MD,Sport Utility Vehicle,Turning Left,45,No,2018,NISSAN,ROGUE,39.1885707,-77.25173949,2025,3,7
250012169,Injury Crash,03/20/2025 07:05:00 AM,SENECA MEADOWS PKWY,NA,Angle,Clear,Dry,Daylight,Traffic Control Signal,NONE DETECTED,No,No Apparent Injury,NA,Unknown,MD,Sport Utility Vehicle,Stopped in Traffic,30,No,2010,TOYOTA,RAV4,39.1885707,-77.25173949,2025,3,7
250012165,Property Damage Crash,03/20/2025 12:19:00 AM,RIDGE RD,NA,Single Vehicle,Clear,Dry,Medium,No Controls,DRUG AND ALCOHOL CONTRIBUTED,Yes,No Apparent Injury,Ran Off Roadway,Unknown,MD,Passenger Car,Moving Constant Speed,40,No,2017,ACURA,TLX,39.2588835,-77.22423167,2025,3,0
250012161,Injury Crash,03/19/2025 11:31:00 PM,MCKNEW RD,NA,Angle,Clear,Dry,Medium,Traffic Control Signal,NONE DETECTED,No,No Apparent Injury,"Improper Turn, Operated Motor Vehicle in Inattentive, Careless, Negligent, or Erratic Manner",Unknown,NA,NA,Turning Left,35,No,0,NA,NA,39.106171,-76.91875016,2025,3,23
250012161,Injury Crash,03/19/2025 11:31:00 PM,MCKNEW RD,NA,Angle,Clear,Dry,Medium,Traffic Control Signal,NONE DETECTED,No,Possible Minor Injury,NA,Not Distracted,MD,Sport Utility Vehicle,Moving Constant Speed,35,No,2020,INFINITI,QX50,39.106171,-76.91875016,2025,3,23
250012152,Injury Crash,03/19/2025 09:46:00 PM,ERSKINE ST,NA,"Sideswipe, Opposite Direction",Clear,Dry,Medium,Traffic Control Signal,ALCOHOL PRESENT,Yes,Possible Minor Injury,"Operated Motor Vehicle in Inattentive, Careless, Negligent, or Erratic Manner",Unknown,MD,Passenger Car,Turning Right,25,No,2015,NISSAN,ALTIMA,38.9814256,-76.98867709,2025,3,21
250012152,Injury Crash,03/19/2025 09:46:00 PM,ERSKINE ST,NA,"Sideswipe, Opposite Direction",Clear,Dry,Medium,Traffic Control Signal,NONE DETECTED,No,No Apparent Injury,NA,Not Distracted,MD,Passenger Car,Stopped in Traffic,25,No,2018,BMW,330I,38.9814256,-76.98867709,2025,3,21
250012148,Injury Crash,03/19/2025 09:12:00 PM,KEYSTONE AVE,NA,Front to Rear,Clear,Dry,Medium,No Controls,NONE DETECTED,No,Possible Minor Injury,NA,Not Distracted,MD,Sport Utility Vehicle,Parked,25,No,2012,HONDA,CR-V,38.9919109,-77.10259308,2025,3,21
250012148,Injury Crash,03/19/2025 09:12:00 PM,KEYSTONE AVE,NA,Front to Rear,Clear,Dry,Medium,No Controls,NONE DETECTED,Yes,No Apparent Injury,NA,Unknown,NA,Sport Utility Vehicle,Leaving Traffic Lane,25,No,2017,TOYOTA,RAV4,38.9919109,-77.10259308,2025,3,21
250012148,Injury Crash,03/19/2025 09:12:00 PM,KEYSTONE AVE,NA,Front to Rear,Clear,Dry,Medium,No Controls,NONE DETECTED,No,No Apparent Injury,NA,Not Distracted,MD,Passenger Car,Parked,25,No,2023,KIA,STINGER,38.9919109,-77.10259308,2025,3,21
250012144,Property Damage Crash,03/19/2025 08:57:00 PM,NA,NA,Angle,Clear,NA,Medium,NA,NONE DETECTED,No,No Apparent Injury,NA,Not Distracted,MD,Passenger Car,Moving Constant Speed,0,No,2021,TOYOTA,COROLLA,39.11211644,-76.93334887,2025,3,20
250012144,Property Damage Crash,03/19/2025 08:57:00 PM,NA,NA,Angle,Clear,NA,Medium,NA,NONE DETECTED,No,No Apparent Injury,NA,Not Distracted,MD,Passenger Car,Moving Constant Speed,0,No,2016,NISSAN,SENTRA,39.11211644,-76.93334887,2025,3,20
250012140,Injury Crash,03/19/2025 08:52:00 PM,W DIAMOND AVE,NA,Angle,Clear,Dry,Medium,Traffic Control Signal,NONE DETECTED,Yes,Possible Minor Injury,Failed to Yield Right-of-Way,Not Distracted,MD,Passenger Car,Turning Left,30,No,2000,JAGUAR,S-TYPE,39.140042,-77.20493533,2025,3,20
250012140,Injury Crash,03/19/2025 08:52:00 PM,W DIAMOND AVE,NA,Angle,Clear,Dry,Medium,Traffic Control Signal,NONE DETECTED,No,No Apparent Injury,NA,Not Distracted,MD,Passenger Car,Moving Constant Speed,30,No,2009,TOYOTA,CAMRY,39.140042,-77.20493533,2025,3,20
250012141,Property Damage Crash,03/19/2025 08:45:00 PM,DEMOCRACY BLVD (EB/L),NA,Front to Rear,Clear,Dry,Medium,Traffic Control Signal,NONE DETECTED,No,No Apparent Injury,NA,Not Distracted,MD,Sport Utility Vehicle,Stopped in Traffic,40,No,2024,TESLA,MODEL Y,39.02326279,-77.16286369,2025,3,20
250012141,Property Damage Crash,03/19/2025 08:45:00 PM,DEMOCRACY BLVD (EB/L),NA,Front to Rear,Clear,Dry,Medium,Traffic Control Signal,ALCOHOL PRESENT,Yes,No Apparent Injury,NA,Not Distracted,MD,Sport Utility Vehicle,Changing Lanes,40,No,2021,NISSAN,ROGUE,39.02326279,-77.16286369,2025,3,20
250012131,Injury Crash,03/19/2025 07:46:00 PM,RIDGE RD (SB/L),NA,Angle,Clear,Dry,Dark,No Controls,NONE DETECTED,Yes,No Apparent Injury,NA,Unknown,MD,Passenger Car,Entering Traffic Lane,40,No,2014,TOYOTA,COROLLA,39.27641667,-77.21360167,2025,3,19
250012131,Injury Crash,03/19/2025 07:46:00 PM,RIDGE RD (SB/L),NA,Angle,Clear,Dry,Dark,No Controls,NONE DETECTED,No,No Apparent Injury,NA,Not Distracted,MD,Van - Passenger (&lt;9 Seats),Moving Constant Speed,40,No,2013,DODGE,GRAND CARAVAN,39.27641667,-77.21360167,2025,3,19
250012128,Injury Crash,03/19/2025 07:35:00 PM,RIDGE RD (NB/L),NA,Front to Rear,Clear,Dry,Medium,No Controls,NONE DETECTED,Yes,No Apparent Injury,NA,Not Distracted,MD,Pickup,Slowing or Stopping,40,No,1998,MAZDA,B-SERIES,39.20442785,-77.24685077,2025,3,19
250012128,Injury Crash,03/19/2025 07:35:00 PM,RIDGE RD (NB/L),NA,Front to Rear,Clear,Dry,Medium,No Controls,NONE DETECTED,No,Possible Minor Injury,NA,Not Distracted,MD,Sport Utility Vehicle,Stopped in Traffic,40,No,2018,TOYOTA,RAV4,39.20442785,-77.24685077,2025,3,19
250012127,Injury Crash,03/19/2025 07:28:00 PM,CROFTON HILL LA,Pedestrian,Single Vehicle,Clear,Dry,Medium,No Controls,NONE DETECTED,No,No Apparent Injury,NA,Unknown,MD,Passenger Car,Backing,15,No,2018,TOYOTA,PRIUS,39.08976327,-77.18060861,2025,3,19
250012120,Injury Crash,03/19/2025 06:36:00 PM,TWINBROOK PKWY,Scooter (electric),Single Vehicle,Clear,Dry,Daylight,No Controls,NONE DETECTED,No,No Apparent Injury,NA,Not Distracted,MD,Sport Utility Vehicle,Slowing or Stopping,35,No,2022,HONDA,CR-V,39.06827067,-77.11413267,2025,3,18
250012110,Property Damage Crash,03/19/2025 05:37:00 PM,GRAND PRE RD,NA,Angle,Clear,Dry,Daylight,No Controls,NONE DETECTED,Yes,No Apparent Injury,"Failed to Keep in Proper Lane, Wrong Way",Unknown,MD,Sport Utility Vehicle,Negotiating a Curve,25,No,2003,MITSUBISHI,OUTLANDER,39.089895,-77.076444,2025,3,17
250012099,Property Damage Crash,03/19/2025 05:00:00 PM,FREDERICK RD,NA,Front to Rear,Clear,Dry,Daylight,No Controls,NONE DETECTED,No,No Apparent Injury,NA,Not Distracted,MD,Passenger Car,Slowing or Stopping,40,No,2018,KIA,OPTIMA,39.20397401,-77.24571314,2025,3,17
250012099,Property Damage Crash,03/19/2025 05:00:00 PM,FREDERICK RD,NA,Front to Rear,Clear,Dry,Daylight,No Controls,NONE DETECTED,Yes,No Apparent Injury,NA,Unknown,MD,Passenger Car,Moving Constant Speed,40,No,2009,HONDA,ACCORD,39.20397401,-77.24571314,2025,3,17
250012099,Property Damage Crash,03/19/2025 05:00:00 PM,FREDERICK RD,NA,Front to Rear,Clear,Dry,Daylight,No Controls,NONE DETECTED,No,No Apparent Injury,NA,Not Distracted,MD,Passenger Car,Slowing or Stopping,40,No,2013,MAZDA,CX-5,39.20397401,-77.24571314,2025,3,17
250012097,Injury Crash,03/19/2025 04:46:00 PM,BROADBIRCH DR,NA,Angle,Cloudy,Dry,Daylight,No Controls,NONE DETECTED,No,Possible Minor Injury,NA,Not Distracted,MD,Sport Utility Vehicle,Moving Constant Speed,35,No,1999,TOYOTA,RAV4,39.05568775,-76.95576421,2025,3,16
250012097,Injury Crash,03/19/2025 04:46:00 PM,BROADBIRCH DR,NA,Angle,Cloudy,Dry,Daylight,Stop Sign,NONE DETECTED,Yes,No Apparent Injury,NA,"Other Action (looking away from task, etc.)",MD,Sport Utility Vehicle,Turning Left,10,No,2025,MAZDA,CX-50,39.05568775,-76.95576421,2025,3,16
250012089,Injury Crash,03/19/2025 04:20:00 PM,SHAKESPEARE BLVD (WB/L),NA,Angle,Clear,Dry,Daylight,Traffic Control Signal,NONE DETECTED,No,Possible Minor Injury,NA,Not Distracted,MD,Sport Utility Vehicle,Moving Constant Speed,35,No,2016,HYUNDAI,TUCSON,39.19790367,-77.254158,2025,3,16
250012089,Injury Crash,03/19/2025 04:20:00 PM,SHAKESPEARE BLVD (WB/L),NA,Angle,Clear,Dry,Daylight,Traffic Control Signal,NONE DETECTED,Yes,Possible Minor Injury,NA,Not Distracted,MD,Passenger Car,Turning Left,35,No,2019,TOYOTA,AVALON,39.19790367,-77.254158,2025,3,16
250013540,Property Damage Crash,03/19/2025 04:15:00 PM,NA,NA,Front to Rear,Clear,NA,Daylight,NA,NONE DETECTED,Yes,No Apparent Injury,NA,Unknown,NA,Passenger Car,Backing,0,No,2015,HONDA,ACCORD,39.0524135,-77.04999883,2025,3,16
250012090,Property Damage Crash,03/19/2025 04:09:00 PM,EAST WEST HWY,NA,"Sideswipe, Same Direction",Cloudy,Dry,Daylight,No Controls,NONE DETECTED,No,No Apparent Injury,NA,Not Distracted,MD,Passenger Car,Moving Constant Speed,35,No,2004,INFINITI,M45,38.99529733,-77.04253468,2025,3,16
250012090,Property Damage Crash,03/19/2025 04:09:00 PM,EAST WEST HWY,NA,"Sideswipe, Same Direction",Cloudy,Dry,Daylight,No Controls,NONE DETECTED,No,NA,NA,NA,NA,Passenger Car,Changing Lanes,35,No,2020,FORD,MUSTANG,38.99529733,-77.04253468,2025,3,16
250012079,Property Damage Crash,03/19/2025 03:47:00 PM,COLUMBIA PIKE,NA,Front to Rear,Clear,Dry,Daylight,Traffic Control Signal,NONE DETECTED,No,No Apparent Injury,NA,Not Distracted,MD,Passenger Car,Stopped in Traffic,50,No,2019,MERCEDES-BENZ,GLC-CLASS,39.05304717,-76.97609333,2025,3,15
250012079,Property Damage Crash,03/19/2025 03:47:00 PM,COLUMBIA PIKE,NA,Front to Rear,Clear,Dry,Daylight,Traffic Control Signal,NONE DETECTED,Yes,No Apparent Injury,NA,Unknown,DC,Bus - Transit,Slowing or Stopping,50,No,2008,GILLIG,CITY TRANSIT BUS,39.05304717,-76.97609333,2025,3,15
250012076,Property Damage Crash,03/19/2025 03:32:00 PM,NA,NA,Single Vehicle,Clear,NA,Daylight,NA,NONE DETECTED,No,No Apparent Injury,NA,Not Distracted,MD,Bus - School,Accelerating,0,No,2012,FREIGHTLINER,B2 BUS CHASSIS,39.07494541,-76.98325627,2025,3,15
250012075,Property Damage Crash,03/19/2025 03:20:00 PM,CLARA BARTON PKWY (NB/L),NA,"Sideswipe, Same Direction",Clear,Dry,Daylight,No Controls,NONE DETECTED,No,No Apparent Injury,NA,Not Distracted,MD,Van - Passenger (&lt;9 Seats),Changing Lanes,10,No,2022,CHRYSLER,VOYAGER,38.96346556,-77.1365652,2025,3,15
250012075,Property Damage Crash,03/19/2025 03:20:00 PM,CLARA BARTON PKWY (NB/L),NA,"Sideswipe, Same Direction",Clear,Dry,Daylight,Other Signal,NONE DETECTED,No,NA,NA,NA,NA,Passenger Car,Accelerating,10,No,2016,BMW,328I,38.96346556,-77.1365652,2025,3,15
250012064,Property Damage Crash,03/19/2025 02:41:00 PM,RANDOLPH RD,NA,"Sideswipe, Same Direction",Clear,Dry,Daylight,No Controls,NONE DETECTED,No,No Apparent Injury,NA,Not Distracted,MD,Bus - Transit,Moving Constant Speed,35,No,2010,NEW FLYER,LOW FLOOR - ADVANCED STYLE,39.05839216,-77.07091973,2025,3,14