Local Case Number,ACRS Report Type,Crash Date/Time,Road Name,Related Non-Motorist,Collision Type,Weather,Surface Condition,Light,Traffic Control,Driver Substance Abuse,Driver At Fault,Injury Severity,Circumstance,Driver Distracted By,Drivers License State,Vehicle Body Type,Vehicle Movement,Speed Limit,Driverless Vehicle,Vehicle Year,Vehicle Make,Vehicle Model,Latitude,Longitude,Year,Month,Hour
250011714,Injury Crash,03/17/2025 05:48:00 PM,BONANZA WAY,NA,Angle,Clear,Dry,Daylight,Stop Sign,NONE DETECTED,Yes,Possible Minor Injury,Failed to Yield Right-of-Way,Unknown,MD,Sport Utility Vehicle,Entering Traffic Lane,25,No,2005,TOYOTA,HIGHLANDER,39.16640158,-77.17088456,2025,3,17
250011714,Injury Crash,03/17/2025 05:48:00 PM,BONANZA WAY,NA,Angle,Clear,Dry,Daylight,No Controls,NONE DETECTED,No,Possible Minor Injury,NA,Not Distracted,MD,Passenger Car,Moving Constant Speed,40,No,2013,VOLKSWAGEN,GTI,39.16640158,-77.17088456,2025,3,17
250011713,Property Damage Crash,03/17/2025 05:08:00 PM,NA,NA,Angle,Clear,NA,Daylight,NA,NONE DETECTED,Yes,No Apparent Injury,NA,Not Distracted,MD,Passenger Car,Turning Left,0,No,2014,FORD,EDGE,38.97837386,-77.090176,2025,3,17
250011702,Property Damage Crash,03/17/2025 04:56:00 PM,CORNFLOWER RD,NA,Single Vehicle,Clear,Dry,Daylight,No Controls,NONE DETECTED,Yes,No Apparent Injury,Other Improper Action,"Other Action (looking away from task, etc.)",MD,Passenger Car,Moving Constant Speed,25,No,2021,FORD,EXPLORER,39.1613687,-77.3038133,2025,3,16
250012828,Property Damage Crash,03/17/2025 04:54:00 PM,NA,NA,Angle,Clear,NA,Daylight,NA,NONE DETECTED,No,No Apparent Injury,NA,NA,NA,Sport Utility Vehicle,Turning Left,0,No,2011,FORD,EXPEDITION,39.20119105,-77.24860756,2025,3,16
250011695,Property Damage Crash,03/17/2025 04:18:00 PM,RIVER RD (WB/L),NA,Front to Rear,Cloudy,Dry,Daylight,Traffic Control Signal,NONE DETECTED,No,No Apparent Injury,NA,Not Distracted,NC,Passenger Car,Stopped in Traffic,35,No,2021,NISSAN,ALTIMA,38.99020556,-77.15258589,2025,3,16
250011695,Property Damage Crash,03/17/2025 04:18:00 PM,RIVER RD (WB/L),NA,Front to Rear,Cloudy,Dry,Daylight,Traffic Control Signal,NONE DETECTED,Yes,No Apparent Injury,Followed Too Closely,Not Distracted,VA,Sport Utility Vehicle,Slowing or Stopping,35,No,2008,MAZDA,CX-9,38.99020556,-77.15258589,2025,3,16
250011923,Property Damage Crash,03/17/2025 04:00:00 PM,NA,NA,Front to Rear,Clear,Dry,Daylight,No Controls,NONE DETECTED,No,No Apparent Injury,NA,Not Distracted,MD,Van - Passenger (&lt;9 Seats),Stopped in Traffic,35,No,2023,MERCEDES-BENZ,METRIS,39.15523304,-77.25991355,2025,3,16
250011923,Property Damage Crash,03/17/2025 04:00:00 PM,NA,NA,Front to Rear,Clear,Dry,Daylight,No Controls,NONE DETECTED,No,No Apparent Injury,NA,Unknown,MD,Passenger Car,Accelerating,35,No,2009,HYUNDAI,ACCENT,39.15523304,-77.25991355,2025,3,16
250011687,Injury Crash,03/17/2025 03:44:00 PM,GERMANTOWN RD (SB/L),Scooter (electric),Single Vehicle,Clear,Dry,Daylight,Traffic Control Signal,NONE DETECTED,No,No Apparent Injury,NA,Not Distracted,MD,Passenger Car,Accelerating,40,No,2014,LEXUS,ES,39.16716675,-77.28062683,2025,3,15
250011689,Property Damage Crash,03/17/2025 03:32:00 PM,MEDWAY ST,NA,Front to Rear,Clear,Dry,Daylight,No Controls,NONE DETECTED,No,No Apparent Injury,NA,Not Distracted,MD,Sport Utility Vehicle,Stopped in Traffic,25,No,2017,HONDA,CR-V,39.05104446,-77.06283853,2025,3,15
250011689,Property Damage Crash,03/17/2025 03:32:00 PM,MEDWAY ST,NA,Front to Rear,Clear,Dry,Daylight,No Controls,ALCOHOL PRESENT,Yes,No Apparent Injury,Followed Too Closely,Unknown,MD,Pickup,Accelerating,25,No,2008,FORD,F-250,39.05104446,-77.06283853,2025,3,15
250011683,Injury Crash,03/17/2025 03:18:00 PM,NA,NA,Other,Clear,Dry,Daylight,No Controls,NONE DETECTED,Yes,No Apparent Injury,Failed to Yield Right-of-Way,Unknown,MD,Passenger Car,Entering Traffic Lane,45,No,2003,TOYOTA,HIGHLANDER,39.22654333,-77.26414333,2025,3,15
250011683,Injury Crash,03/17/2025 03:18:00 PM,NA,NA,Other,Clear,Dry,Daylight,No Controls,NONE DETECTED,No,Possible Minor Injury,NA,Not Distracted,MD,Bus - School,Moving Constant Speed,45,No,2019,THOMAS BUILT,HDX,39.22654333,-77.26414333,2025,3,15
250011674,Property Damage Crash,03/17/2025 03:10:00 PM,NA,NA,Front to Front,Clear,Dry,Daylight,Traffic Control Signal,NONE DETECTED,No,No Apparent Injury,NA,Not Distracted,MD,Passenger Car,Moving Constant Speed,25,No,2021,JEEP,CHEROKEE,39.08326701,-77.15250458,2025,3,15
250011674,Property Damage Crash,03/17/2025 03:10:00 PM,NA,NA,Front to Front,Clear,Dry,Daylight,Traffic Control Signal,NONE DETECTED,No,No Apparent Injury,Failed to Yield Right-of-Way,Not Distracted,MD,Passenger Car,Turning Left,25,No,2012,HYUNDAI,ELANTRA,39.08326701,-77.15250458,2025,3,15
250011673,Property Damage Crash,03/17/2025 02:30:00 PM,NA,NA,Front to Rear,Clear,Dry,Daylight,Traffic Control Signal,NONE DETECTED,Yes,No Apparent Injury,"Operated Motor Vehicle in Inattentive, Careless, Negligent, or Erratic Manner, Other Improper Action",NA,MD,Passenger Car,Moving Constant Speed,40,No,2006,HONDA,CIVIC,39.13391436,-77.12254386,2025,3,14
250011673,Property Damage Crash,03/17/2025 02:30:00 PM,NA,NA,Front to Rear,Clear,Dry,Daylight,Traffic Control Signal,NONE DETECTED,No,No Apparent Injury,NA,Not Distracted,MD,Sport Utility Vehicle,Stopped in Traffic,40,No,2021,LAND ROVER,RANGE ROVER VELAR,39.13391436,-77.12254386,2025,3,14
250011668,Injury Crash,03/17/2025 02:15:00 PM,SAM EIG HWY (SB/L),NA,Front to Rear,Clear,Dry,Daylight,Traffic Control Signal,NONE DETECTED,Yes,Suspected Serious Injury,Followed Too Closely,Unknown,MD,Bus - Mini,Moving Constant Speed,50,No,2021,CHEVROLET,EXPRESS,39.10922258,-77.21211044,2025,3,14
250011668,Injury Crash,03/17/2025 02:15:00 PM,SAM EIG HWY (SB/L),NA,Front to Rear,Clear,Dry,Daylight,Traffic Control Signal,NONE DETECTED,No,No Apparent Injury,NA,Not Distracted,MD,Other Trucks,Slowing or Stopping,50,No,1997,FORD,LTL9000,39.10922258,-77.21211044,2025,3,14
250011663,Injury Crash,03/17/2025 01:46:00 PM,W GUDE DR (EB/L),NA,Angle,Clear,Dry,Daylight,No Controls,NONE DETECTED,No,Possible Minor Injury,NA,Not Distracted,MD,Pickup,Moving Constant Speed,35,No,2023,FORD,F-350,39.10670229,-77.16126807,2025,3,13
250011663,Injury Crash,03/17/2025 01:46:00 PM,W GUDE DR (EB/L),NA,Angle,Clear,Dry,Daylight,Stop Sign,NONE DETECTED,Yes,No Apparent Injury,NA,Not Distracted,MD,Passenger Car,Moving Constant Speed,0,No,2014,MERCEDES-BENZ,C-CLASS,39.10670229,-77.16126807,2025,3,13
250011655,Property Damage Crash,03/17/2025 01:16:00 PM,NA,NA,Single Vehicle,Clear,Dry,Daylight,No Controls,NONE DETECTED,Yes,No Apparent Injury,"Followed Too Closely, Ran Off Roadway, Swerved or Avoided Due to Wind, Slippery Surface, Motor Vehicle, Object, Non-Motorist in Roadway, etc",Not Distracted,VA,Sport Utility Vehicle,Leaving Traffic Lane,30,No,2023,TOYOTA,VENZA,38.97397911,-77.11864279,2025,3,13
250011657,Property Damage Crash,03/17/2025 01:09:00 PM,ROCKVILLE PIKE,NA,Front to Rear,Clear,Dry,Daylight,Traffic Control Signal,NONE DETECTED,Yes,No Apparent Injury,NA,Not Distracted,MD,Passenger Car,Slowing or Stopping,45,No,2013,HYUNDAI,ELANTRA,39.04024334,-77.10965534,2025,3,13
250011657,Property Damage Crash,03/17/2025 01:09:00 PM,ROCKVILLE PIKE,NA,Front to Rear,Clear,Dry,Daylight,Traffic Control Signal,NONE DETECTED,No,No Apparent Injury,NA,Not Distracted,MD,Pickup,Stopped in Traffic,45,No,2014,FORD,F-150,39.04024334,-77.10965534,2025,3,13
250011645,Property Damage Crash,03/17/2025 12:10:00 PM,NA,NA,Front to Rear,Clear,NA,Daylight,NA,NONE DETECTED,Yes,No Apparent Injury,Improper Backing,Not Distracted,MD,Passenger Car,Backing,0,No,2016,HONDA,CIVIC,39.05346353,-76.96300611,2025,3,12
250011637,Injury Crash,03/17/2025 12:00:00 PM,GEORGIA AVE,NA,Front to Front,Clear,Dry,Daylight,No Controls,NONE DETECTED,No,Possible Minor Injury,NA,Not Distracted,MD,Passenger Car,Slowing or Stopping,30,No,2018,TOYOTA,RAV4,39.01903567,-77.04400067,2025,3,12
250011637,Injury Crash,03/17/2025 12:00:00 PM,GEORGIA AVE,NA,Front to Front,Clear,Dry,Daylight,No Controls,NONE DETECTED,Yes,No Apparent Injury,NA,Unknown,MD,Passenger Car,Moving Constant Speed,30,No,2010,NISSAN,MAXIMA,39.01903567,-77.04400067,2025,3,12
250011637,Injury Crash,03/17/2025 12:00:00 PM,GEORGIA AVE,NA,Front to Front,Clear,Dry,Daylight,No Controls,NONE DETECTED,No,No Apparent Injury,NA,Not Distracted,MD,Passenger Car,Slowing or Stopping,30,No,2018,TOYOTA,PRIUS,39.01903567,-77.04400067,2025,3,12
250011639,Property Damage Crash,03/17/2025 11:47:00 AM,RANDOLPH RD (WB/L),NA,Single Vehicle,Clear,Dry,Daylight,Traffic Control Signal,NONE DETECTED,Yes,No Apparent Injury,NA,Not Distracted,MD,Passenger Car,Turning Left,35,No,2023,HONDA,CIVIC,39.05925804,-77.06885417,2025,3,11
250011627,Injury Crash,03/17/2025 10:45:00 AM,FARRAGUT AVE,Pedestrian,Single Vehicle,Clear,Dry,Daylight,Stop Sign,NONE DETECTED,No,No Apparent Injury,NA,"Manually Operating (dialing, playing game, etc.)",MD,Sport Utility Vehicle,Moving Constant Speed,10,No,2024,VOLKSWAGEN,ID.4,39.03184022,-77.07236932,2025,3,10
250011615,Injury Crash,03/17/2025 10:03:00 AM,NA,NA,Angle,Clear,Dry,Daylight,No Controls,NONE DETECTED,Yes,Possible Minor Injury,NA,Not Distracted,MD,Passenger Car,Moving Constant Speed,30,No,2014,HONDA,CR-V,39.00102984,-77.12135974,2025,3,10
250011615,Injury Crash,03/17/2025 10:03:00 AM,NA,NA,Angle,Clear,Dry,Daylight,No Controls,NONE DETECTED,No,Possible Minor Injury,NA,Not Distracted,MD,Passenger Car,Moving Constant Speed,30,No,2019,SUBARU,FORESTER,39.00102984,-77.12135974,2025,3,10
250011609,Injury Crash,03/17/2025 09:36:00 AM,OBSERVATION DR (SB/L),Pedestrian,Single Vehicle,Cloudy,Dry,Daylight,Traffic Control Signal,NONE DETECTED,Yes,No Apparent Injury,Failed to Yield Right-of-Way,Unknown,MD,Passenger Car,Turning Left,35,No,2012,HONDA,CR-V,39.20382167,-77.25976667,2025,3,9
250011593,Property Damage Crash,03/17/2025 07:59:00 AM,REDLAND RD,NA,Front to Rear,Cloudy,Dry,Daylight,Traffic Control Signal,NONE DETECTED,No,No Apparent Injury,NA,Not Distracted,MD,Sport Utility Vehicle,Turning Left,35,No,2023,HONDA,CR-V,39.12092867,-77.15849693,2025,3,7
250011593,Property Damage Crash,03/17/2025 07:59:00 AM,REDLAND RD,NA,Front to Rear,Cloudy,Dry,Daylight,Traffic Control Signal,NONE DETECTED,No,No Apparent Injury,NA,Not Distracted,MD,Pickup,Turning Left,35,No,2022,FORD,F-250,39.12092867,-77.15849693,2025,3,7
250011602,Property Damage Crash,03/17/2025 07:40:00 AM,NA,NA,"Sideswipe, Same Direction",Cloudy,NA,Daylight,NA,NONE DETECTED,No,No Apparent Injury,Over-Correcting/Over-Steering,Not Distracted,MD,Bus - School,Turning Left,0,No,2013,THOMAS BUILT,HDX,39.14829968,-77.01948752,2025,3,7
250011590,Injury Crash,03/17/2025 07:30:00 AM,UNIVERSITY BLVD W (WB/L),NA,Front to Rear,Clear,Wet,Medium,Traffic Control Signal,NONE DETECTED,Yes,No Apparent Injury,NA,"Manually Operating (dialing, playing game, etc.)",MD,Passenger Car,Slowing or Stopping,35,No,2013,VOLKSWAGEN,JETTA,39.0406504,-77.05444713,2025,3,7
250011590,Injury Crash,03/17/2025 07:30:00 AM,UNIVERSITY BLVD W (WB/L),NA,Front to Rear,Clear,Wet,Medium,Traffic Control Signal,NONE DETECTED,No,Possible Minor Injury,NA,Unknown,MD,Passenger Car,Stopped in Traffic,35,No,2018,TOYOTA,CAMRY,39.0406504,-77.05444713,2025,3,7
250011591,Injury Crash,03/17/2025 07:25:00 AM,W DEER PARK RD (WB/L),NA,"Sideswipe, Same Direction",Cloudy,Wet,Daylight,No Controls,NONE DETECTED,No,Possible Minor Injury,NA,Not Distracted,MD,Passenger Car,Moving Constant Speed,25,No,2009,TOYOTA,SCION TC,39.12807933,-77.195447,2025,3,7
250011591,Injury Crash,03/17/2025 07:25:00 AM,W DEER PARK RD (WB/L),NA,"Sideswipe, Same Direction",Cloudy,Wet,Daylight,Stop Sign,NONE DETECTED,No,No Apparent Injury,Failed to Yield Right-of-Way,Not Distracted,MD,Passenger Car,Turning Left,25,No,2018,CHEVROLET,EQUINOX,39.12807933,-77.195447,2025,3,7
250011588,Property Damage Crash,03/17/2025 06:18:00 AM,COLUMBIA PIKE (SB/L),NA,Front to Rear,Rain,Wet,Medium,Traffic Control Signal,NONE DETECTED,Yes,No Apparent Injury,Followed Too Closely,Not Distracted,MD,Passenger Car,Slowing or Stopping,55,No,2007,LEXUS,ES,39.09670888,-76.93722825,2025,3,6
250011588,Property Damage Crash,03/17/2025 06:18:00 AM,COLUMBIA PIKE (SB/L),NA,Front to Rear,Rain,Wet,Medium,Traffic Control Signal,NONE DETECTED,No,No Apparent Injury,NA,Not Distracted,MD,Passenger Car,Stopped in Traffic,55,No,2024,DODGE,DURANGO,39.09670888,-76.93722825,2025,3,6
250011581,Property Damage Crash,03/17/2025 01:06:00 AM,FENTON ST,NA,Angle,Rain,Wet,Medium,Flashing Traffic Control Signal,NONE DETECTED,No,No Apparent Injury,NA,Not Distracted,MD,Sport Utility Vehicle,Moving Constant Speed,35,No,2023,NISSAN,ROGUE,38.99781515,-77.02714679,2025,3,1
250011581,Property Damage Crash,03/17/2025 01:06:00 AM,FENTON ST,NA,Angle,Rain,Wet,Medium,Flashing Traffic Control Signal,NONE DETECTED,Yes,No Apparent Injury,NA,Not Distracted,MD,Sport Utility Vehicle,Turning Right,35,No,2018,TOYOTA,C-HR,38.99781515,-77.02714679,2025,3,1
250011574,Injury Crash,03/16/2025 10:12:00 PM,WOODFIELD RD,NA,Other,Rain,Wet,Dark,Traffic Control Signal,NONE DETECTED,No,Possible Minor Injury,"Disregarded Other Traffic Sign, Too Fast For Conditions",Unknown,MD,Passenger Car,Moving Constant Speed,40,No,2017,VOLKSWAGEN,JETTA,39.18513833,-77.15064333,2025,3,22
250011574,Injury Crash,03/16/2025 10:12:00 PM,WOODFIELD RD,NA,Other,Rain,Wet,Dark,Traffic Control Signal,NONE DETECTED,No,Possible Minor Injury,"Disregarded Other Traffic Sign, Too Fast For Conditions",Unknown,MD,Passenger Car,Turning Left,40,No,2014,NISSAN,ROGUE SELECT,39.18513833,-77.15064333,2025,3,22
250010396,Property Damage Crash,03/16/2025 09:50:00 PM,JUDSON RD (NB/L),NA,Front to Rear,Clear,Dry,Medium,No Controls,NONE DETECTED,No,NA,NA,NA,NA,Passenger Car,Moving Constant Speed,25,No,2014,CHEVROLET,MALIBU,39.05705504,-77.05231739,2025,3,21
250011554,Injury Crash,03/16/2025 06:41:00 PM,NA,NA,Single Vehicle,Cloudy,NA,Daylight,NA,NONE DETECTED,No,Possible Minor Injury,NA,Not Distracted,DC,Passenger Car,Moving Constant Speed,0,No,2025,HONDA,CR-V,38.99804801,-77.02493021,2025,3,18
250011553,Property Damage Crash,03/16/2025 06:17:00 PM,KEMPTOWN RD,NA,Single Vehicle,Clear,Dry,Daylight,No Controls,ALCOHOL PRESENT,Yes,No Apparent Injury,NA,Not Distracted,MD,Van - Cargo,Moving Constant Speed,40,No,2010,FORD,E-350,39.32167333,-77.20201833,2025,3,18
250011551,Property Damage Crash,03/16/2025 06:06:00 PM,AVENA ST,NA,Angle,Clear,Dry,Daylight,No Controls,ALCOHOL PRESENT,Yes,No Apparent Injury,NA,Unknown,NA,Passenger Car,Accelerating,25,No,2017,TOYOTA,HIGHLANDER,39.04839237,-77.05458628,2025,3,18
250011527,Property Damage Crash,03/16/2025 04:14:00 PM,NA,NA,Angle,Clear,Dry,Daylight,No Controls,NONE DETECTED,Yes,No Apparent Injury,Failed to Yield Right-of-Way,Unknown,TX,Passenger Car,Turning Left,35,No,2017,MAZDA,CX-5,39.24622747,-77.18991957,2025,3,16
250011527,Property Damage Crash,03/16/2025 04:14:00 PM,NA,NA,Angle,Clear,Dry,Daylight,No Controls,NONE DETECTED,No,No Apparent Injury,NA,Not Distracted,MD,Passenger Car,Moving Constant Speed,35,No,2014,NISSAN,ALTIMA,39.24622747,-77.18991957,2025,3,16
250011525,Property Damage Crash,03/16/2025 03:57:00 PM,HASTINGS DR,NA,"Sideswipe, Same Direction",Clear,Dry,Daylight,Traffic Control Signal,NONE DETECTED,Yes,No Apparent Injury,NA,Not Distracted,MD,Passenger Car,Changing Lanes,35,No,2018,JEEP,WRANGLER,39.01341035,-77.01653359,2025,3,15
250011525,Property Damage Crash,03/16/2025 03:57:00 PM,HASTINGS DR,NA,"Sideswipe, Same Direction",Clear,Dry,Daylight,Traffic Control Signal,NONE DETECTED,No,No Apparent Injury,NA,Not Distracted,NJ,Passenger Car,Slowing or Stopping,35,No,2020,HYUNDAI,TUCSON,39.01341035,-77.01653359,2025,3,15
250011525,Property Damage Crash,03/16/2025 03:57:00 PM,HASTINGS DR,NA,"Sideswipe, Same Direction",Clear,Dry,Daylight,Traffic Control Signal,NONE DETECTED,No,No Apparent Injury,NA,Not Distracted,MD,Passenger Car,Slowing or Stopping,35,No,2020,HONDA,ACCORD,39.01341035,-77.01653359,2025,3,15
250011521,Injury Crash,03/16/2025 03:34:00 PM,RIVER RD,NA,Single Vehicle,Windy,Dry,Daylight,No Controls,NONE DETECTED,No,Suspected Serious Injury,NA,Not Distracted,MD,Sport Utility Vehicle,Moving Constant Speed,35,No,2018,JEEP,GRAND CHEROKEE,39.01043828,-77.19746241,2025,3,15
250011518,Property Damage Crash,03/16/2025 03:23:00 PM,E SCHUYLER RD,NA,"Sideswipe, Opposite Direction",Clear,Dry,Daylight,No Controls,NONE DETECTED,No,No Apparent Injury,NA,Not Distracted,MD,Passenger Car,Moving Constant Speed,10,No,2023,MAZDA,CX-5,39.00788297,-76.99911638,2025,3,15
250011518,Property Damage Crash,03/16/2025 03:23:00 PM,E SCHUYLER RD,NA,"Sideswipe, Opposite Direction",Clear,Dry,Daylight,No Controls,NONE DETECTED,Yes,No Apparent Injury,NA,Not Distracted,MD,Passenger Car,Moving Constant Speed,10,No,2021,SUBARU,FORESTER,39.00788297,-76.99911638,2025,3,15
250011512,Property Damage Crash,03/16/2025 02:40:00 PM,NEW HAMPSHIRE AVE,NA,"Sideswipe, Same Direction",Cloudy,Dry,Daylight,No Controls,NONE DETECTED,No,NA,NA,NA,NA,Passenger Car,Changing Lanes,40,No,2024,MAZDA,CX-30,39.02028575,-76.97643028,2025,3,14
250011512,Property Damage Crash,03/16/2025 02:40:00 PM,NEW HAMPSHIRE AVE,NA,"Sideswipe, Same Direction",Cloudy,Dry,Daylight,No Controls,NONE DETECTED,No,No Apparent Injury,NA,Not Distracted,MD,Passenger Car,Moving Constant Speed,40,No,2024,TOYOTA,SIENNA,39.02028575,-76.97643028,2025,3,14
250011573,Property Damage Crash,03/16/2025 01:30:00 PM,NA,NA,"Sideswipe, Same Direction",Clear,NA,Daylight,NA,NONE DETECTED,No,NA,NA,NA,NA,Pickup,Turning Right,0,No,2023,CHEVROLET,SILVERADO,39.05804281,-77.12183404,2025,3,13
250011502,Property Damage Crash,03/16/2025 01:24:00 PM,NA,NA,Single Vehicle,Cloudy,NA,Daylight,NA,NONE DETECTED,Yes,No Apparent Injury,NA,Unknown,MD,Sport Utility Vehicle,Turning Left,0,No,2024,TOYOTA,4-RUNNER,39.02531726,-77.14828095,2025,3,13
250011499,Property Damage Crash,03/16/2025 12:40:00 PM,N SUMMIT AVE,NA,Angle,Cloudy,Dry,Daylight,No Controls,NONE DETECTED,No,NA,NA,NA,NA,Passenger Car,Entering Traffic Lane,15,No,2013,FORD,F-150,39.14320175,-77.19303273,2025,3,12
250011499,Property Damage Crash,03/16/2025 12:40:00 PM,N SUMMIT AVE,NA,Angle,Cloudy,Dry,Daylight,No Controls,NONE DETECTED,No,No Apparent Injury,NA,Not Distracted,MD,Passenger Car,Turning Left,25,No,2021,TOYOTA,COROLLA,39.14320175,-77.19303273,2025,3,12
250011492,Property Damage Crash,03/16/2025 10:49:00 AM,NA,NA,"Sideswipe, Opposite Direction",Cloudy,NA,Daylight,NA,NONE DETECTED,No,No Apparent Injury,"Improper Turn, Operated Motor Vehicle in Reckless or Aggressive Manner, Other Improper Action",NA,NA,Passenger Car,Turning Right,0,No,2019,TOYOTA,TACOMA,38.98979595,-76.98974093,2025,3,10
250011479,Property Damage Crash,03/16/2025 10:30:00 AM,AIRPARK RD,NA,Single Vehicle,Cloudy,Dry,Daylight,No Controls,NONE DETECTED,Yes,No Apparent Injury,"Over-Correcting/Over-Steering, Too Fast For Conditions",Unknown,MD,Passenger Car,Negotiating a Curve,40,No,2004,SUBARU,BAJA,39.1541549,-77.14191823,2025,3,10
250011473,Property Damage Crash,03/16/2025 07:38:00 AM,NA,NA,Angle,Cloudy,Wet,Medium,Traffic Control Signal,NONE DETECTED,No,No Apparent Injury,NA,Not Distracted,VA,Pickup,Moving Constant Speed,45,No,2020,CHEVROLET,SILVERADO,39.12045893,-77.03390994,2025,3,7
250011473,Property Damage Crash,03/16/2025 07:38:00 AM,NA,NA,Angle,Cloudy,Wet,Medium,Traffic Control Signal,NONE DETECTED,Yes,No Apparent Injury,NA,Not Distracted,MD,Sport Utility Vehicle,Slowing or Stopping,45,No,2013,BUICK,ENCLAVE,39.12045893,-77.03390994,2025,3,7
250011468,Injury Crash,03/16/2025 05:18:00 AM,MOUNTAIN LAUREL LA,NA,"Sideswipe, Same Direction",Clear,Dry,Medium,No Controls,NONE DETECTED,Yes,Possible Minor Injury,"Operated Motor Vehicle in Reckless or Aggressive Manner, Ran Off Roadway",Not Distracted,MD,Passenger Car,Moving Constant Speed,25,No,2008,INFINITI,G35,39.15988084,-77.16698299,2025,3,5
250011461,Injury Crash,03/16/2025 02:45:00 AM,UNIVERSITY BLVD W (WB/L),NA,Rear To Side,Clear,Dry,Medium,Traffic Control Signal,NONE DETECTED,Yes,Possible Minor Injury,NA,Unknown,MD,Passenger Car,Moving Constant Speed,35,No,2015,HONDA,ACCORD,39.020386,-77.0128335,2025,3,2
250011461,Injury Crash,03/16/2025 02:45:00 AM,UNIVERSITY BLVD W (WB/L),NA,Rear To Side,Clear,Dry,Medium,Traffic Control Signal,NONE DETECTED,No,No Apparent Injury,NA,Not Distracted,MD,Passenger Car,Moving Constant Speed,35,No,2021,HONDA,CIVIC,39.020386,-77.0128335,2025,3,2
250011461,Injury Crash,03/16/2025 02:45:00 AM,UNIVERSITY BLVD W (WB/L),NA,Rear To Side,Clear,Dry,Medium,Traffic Control Signal,NONE DETECTED,No,No Apparent Injury,NA,Not Distracted,MD,Passenger Car,Moving Constant Speed,35,No,2022,HONDA,ACCORD,39.020386,-77.0128335,2025,3,2
250011460,Property Damage Crash,03/16/2025 02:40:00 AM,GEORGIA AVE,NA,Angle,Clear,Dry,Medium,No Controls,NONE DETECTED,No,NA,NA,NA,NA,Passenger Car,Turning Left,25,No,1999,GMC,SAVANA,39.04222941,-77.05185599,2025,3,2
250011460,Property Damage Crash,03/16/2025 02:40:00 AM,GEORGIA AVE,NA,Angle,Clear,Dry,Medium,No Controls,NONE DETECTED,No,No Apparent Injury,NA,Not Distracted,MD,Passenger Car,Moving Constant Speed,25,No,2018,HONDA,ACCORD,39.04222941,-77.05185599,2025,3,2
250011459,Property Damage Crash,03/16/2025 02:08:00 AM,BRANDERMILL DR,NA,Front to Rear,Clear,Dry,Medium,No Controls,NONE DETECTED,Yes,No Apparent Injury,NA,Unknown,MD,Passenger Car,Moving Constant Speed,25,No,2014,DODGE,CHARGER,39.18373933,-77.23510167,2025,3,2
250011447,Property Damage Crash,03/15/2025 11:44:00 PM,WOODMONT AVE,NA,Front to Front,Clear,Dry,Medium,No Controls,NONE DETECTED,No,No Apparent Injury,NA,Not Distracted,DC,Sport Utility Vehicle,Moving Constant Speed,5,No,2008,LAND ROVER,RANGE ROVER SPORT,38.99091042,-77.09768122,2025,3,23
250011447,Property Damage Crash,03/15/2025 11:44:00 PM,WOODMONT AVE,NA,Front to Front,Clear,Dry,Medium,Stop Sign,NONE DETECTED,No,No Apparent Injury,NA,Not Distracted,MD,Passenger Car,Turning Left,25,No,2014,DODGE,CHARGER,38.99091042,-77.09768122,2025,3,23
250011443,Property Damage Crash,03/15/2025 11:27:00 PM,BELLS MILL RD,NA,Single Vehicle,Clear,Dry,Medium,No Controls,NONE DETECTED,No,No Apparent Injury,NA,Not Distracted,MD,Passenger Car,Moving Constant Speed,30,No,2025,FORD,EXPLORER,39.03510137,-77.18509655,2025,3,23
250011445,Property Damage Crash,03/15/2025 11:17:00 PM,NA,NA,Angle,Clear,Dry,Medium,Traffic Control Signal,NONE DETECTED,No,No Apparent Injury,NA,Not Distracted,MD,Passenger Car,Turning Left,35,No,2003,LEXUS,GX,39.08031093,-77.08034194,2025,3,23