Local Case Number,ACRS Report Type,Crash Date/Time,Road Name,Related Non-Motorist,Collision Type,Weather,Surface Condition,Light,Traffic Control,Driver Substance Abuse,Driver At Fault,Injury Severity,Circumstance,Driver Distracted By,Drivers License State,Vehicle Body Type,Vehicle Movement,Speed Limit,Driverless Vehicle,Vehicle Year,Vehicle Make,Vehicle Model,Latitude,Longitude,Year,Month,Hour
250011445,Property Damage Crash,03/15/2025 11:17:00 PM,NA,NA,Angle,Clear,Dry,Medium,Traffic Control Signal,NONE DETECTED,No,No Apparent Injury,"Failed to Yield Right-of-Way, Ran Red Light",Unknown,MD,Passenger Car,Accelerating,35,No,2013,JEEP,COMPASS,39.08031093,-77.08034194,2025,3,23
250011440,Injury Crash,03/15/2025 10:49:00 PM,MARYLAND AVE,NA,Front to Rear,Clear,Dry,Medium,Pedestrian Crossing Sign,NONE DETECTED,Yes,No Apparent Injury,NA,Not Distracted,MD,Passenger Car,Moving Constant Speed,25,No,1995,HONDA,ACCORD,39.08704987,-77.15119079,2025,3,22
250011440,Injury Crash,03/15/2025 10:49:00 PM,MARYLAND AVE,NA,Front to Rear,Clear,Dry,Medium,Pedestrian Crossing Sign,NONE DETECTED,No,Possible Minor Injury,NA,Not Distracted,MD,Passenger Car,Slowing or Stopping,25,No,2019,FORD,EXPEDITION,39.08704987,-77.15119079,2025,3,22
250011441,Property Damage Crash,03/15/2025 10:42:00 PM,CEDAR LA,NA,Front to Rear,Clear,Dry,Medium,No Controls,NONE DETECTED,Yes,No Apparent Injury,Followed Too Closely,Unknown,VA,Passenger Car,Moving Constant Speed,25,No,2002,TOYOTA,CAMRY,39.01033333,-77.09159667,2025,3,22
250011441,Property Damage Crash,03/15/2025 10:42:00 PM,CEDAR LA,NA,Front to Rear,Clear,Dry,Medium,No Controls,NONE DETECTED,No,No Apparent Injury,NA,Not Distracted,MD,Sport Utility Vehicle,Turning Left,25,No,2019,HONDA,PILOT,39.01033333,-77.09159667,2025,3,22
250011567,Property Damage Crash,03/15/2025 10:35:00 PM,PARKLAND DR,NA,Single Vehicle,Clear,Dry,Medium,No Controls,ALCOHOL PRESENT,Yes,No Apparent Injury,"Other Improper Action, Ran Off Roadway, Wrong Side, Wrong Way","Other Action (looking away from task, etc.)",MD,Pickup,Leaving Traffic Lane,25,No,2013,FORD,F-150,39.08298204,-77.08702483,2025,3,22
250011436,Property Damage Crash,03/15/2025 10:34:00 PM,SHADY GROVE RD (SB/L),NA,Front to Rear,Clear,Dry,Dark,Traffic Control Signal,NONE DETECTED,No,NA,NA,NA,NA,Passenger Car,Moving Constant Speed,35,No,2010,NISSAN,MAXIMA,39.14171088,-77.15168144,2025,3,22
250011436,Property Damage Crash,03/15/2025 10:34:00 PM,SHADY GROVE RD (SB/L),NA,Front to Rear,Clear,Dry,Dark,No Controls,NONE DETECTED,Yes,No Apparent Injury,NA,Not Distracted,MD,Passenger Car,Slowing or Stopping,35,No,2024,TOYOTA,COROLLA,39.14171088,-77.15168144,2025,3,22
250011436,Property Damage Crash,03/15/2025 10:34:00 PM,SHADY GROVE RD (SB/L),NA,Front to Rear,Clear,Dry,Dark,Traffic Control Signal,NONE DETECTED,No,No Apparent Injury,NA,Not Distracted,MD,Sport Utility Vehicle,Slowing or Stopping,35,No,2016,HONDA,PILOT,39.14171088,-77.15168144,2025,3,22
250011431,Property Damage Crash,03/15/2025 10:18:00 PM,SLIGO CREEK PKWY,NA,Front to Front,Clear,Dry,Medium,Traffic Control Signal,NONE DETECTED,No,No Apparent Injury,NA,NA,NA,Passenger Car,Moving Constant Speed,35,No,2015,TOYOTA,RAV4,38.98059999,-76.98964244,2025,3,22
250011431,Property Damage Crash,03/15/2025 10:18:00 PM,SLIGO CREEK PKWY,NA,Front to Front,Clear,Dry,Medium,Traffic Control Signal,NONE DETECTED,No,No Apparent Injury,NA,Not Distracted,MD,Passenger Car,Turning Left,35,No,2017,HYUNDAI,ELANTRA,38.98059999,-76.98964244,2025,3,22
250011430,Property Damage Crash,03/15/2025 08:51:00 PM,ARLISS ST,NA,"Sideswipe, Same Direction",Clear,Dry,Dark,No Controls,NONE DETECTED,No,NA,NA,NA,NA,Passenger Car,Overtaking/Passing,25,No,2017,HYUNDAI,ELANTRA,39.00083369,-77.00411956,2025,3,20
250011430,Property Damage Crash,03/15/2025 08:51:00 PM,ARLISS ST,NA,"Sideswipe, Same Direction",Clear,Dry,Dark,No Controls,NONE DETECTED,No,No Apparent Injury,NA,Unknown,MD,Sport Utility Vehicle,Moving Constant Speed,25,No,2018,HYUNDAI,TUCSON,39.00083369,-77.00411956,2025,3,20
250011442,Property Damage Crash,03/15/2025 08:05:00 PM,WOODFIELD RD,NA,Front to Rear,Clear,Dry,Medium,Traffic Control Signal,NONE DETECTED,No,NA,Followed Too Closely,Not Distracted,NA,Passenger Car,Moving Constant Speed,45,No,2014,HONDA,ACCORD,39.16896658,-77.15431624,2025,3,20
250011442,Property Damage Crash,03/15/2025 08:05:00 PM,WOODFIELD RD,NA,Front to Rear,Clear,Dry,Medium,Traffic Control Signal,NONE DETECTED,No,No Apparent Injury,NA,Not Distracted,MD,Passenger Car,Stopped in Traffic,45,No,2011,HYUNDAI,SONATA,39.16896658,-77.15431624,2025,3,20
250011416,Property Damage Crash,03/15/2025 07:02:00 PM,KENTLANDS BLVD,NA,"Sideswipe, Same Direction",Clear,Dry,Medium,Yield Sign,NONE DETECTED,No,No Apparent Injury,NA,Not Distracted,MD,Passenger Car,Moving Constant Speed,25,No,2018,CHEVROLET,CRUZE,39.12313852,-77.23865341,2025,3,19
250011414,Property Damage Crash,03/15/2025 06:57:00 PM,NA,NA,"Sideswipe, Same Direction",Clear,NA,Medium,NA,NONE DETECTED,No,NA,NA,NA,NA,Passenger Car,Backing,0,No,2017,JEEP,WRANGLER,39.11524976,-77.1968488,2025,3,18
250011404,Injury Crash,03/15/2025 05:43:00 PM,GEORGIA AVE,NA,Front to Front,Clear,Dry,Daylight,No Controls,NONE DETECTED,No,No Apparent Injury,NA,Unknown,MD,Passenger Car,NA,35,No,2014,MERCEDES-BENZ,CLS-CLASS,39.05905737,-77.05009479,2025,3,17
250011404,Injury Crash,03/15/2025 05:43:00 PM,GEORGIA AVE,NA,Front to Front,Clear,Dry,Daylight,No Controls,NONE DETECTED,Yes,Possible Minor Injury,NA,Unknown,MD,Passenger Car,Entering Traffic Lane,35,No,2024,SUBARU,CROSSTREK,39.05905737,-77.05009479,2025,3,17
250011403,Property Damage Crash,03/15/2025 05:13:00 PM,FALLS RD,NA,Angle,Clear,Dry,Daylight,Traffic Control Signal,NONE DETECTED,No,No Apparent Injury,NA,Not Distracted,TX,Sport Utility Vehicle,Turning Left,35,No,2016,MAZDA,CX-5,39.06972207,-77.1699863,2025,3,17
250011403,Property Damage Crash,03/15/2025 05:13:00 PM,FALLS RD,NA,Angle,Clear,Dry,Daylight,Traffic Control Signal,NONE DETECTED,Yes,No Apparent Injury,NA,Not Distracted,MD,Van - Passenger (&lt;9 Seats),Moving Constant Speed,35,No,2009,FORD,E-250,39.06972207,-77.1699863,2025,3,17
250011396,Property Damage Crash,03/15/2025 03:49:00 PM,COLUMBIA PIKE (SB/L),NA,Angle,Clear,Dry,Daylight,Traffic Control Signal,NONE DETECTED,Yes,No Apparent Injury,NA,Not Distracted,MD,Passenger Car,Moving Constant Speed,40,No,2017,TOYOTA,COROLLA,39.09565301,-76.93796213,2025,3,15
250011396,Property Damage Crash,03/15/2025 03:49:00 PM,COLUMBIA PIKE (SB/L),NA,Angle,Clear,Dry,Daylight,Traffic Control Signal,NONE DETECTED,No,No Apparent Injury,NA,Not Distracted,MD,Passenger Car,Moving Constant Speed,30,No,2015,TOYOTA,AVALON,39.09565301,-76.93796213,2025,3,15
250011393,Property Damage Crash,03/15/2025 03:40:00 PM,ARCOLA AVE,NA,Angle,Clear,Dry,Daylight,No Controls,NONE DETECTED,Yes,No Apparent Injury,NA,Not Distracted,MD,Passenger Car,Making U-Turn,30,No,2014,TOYOTA,COROLLA,39.04720366,-77.04584878,2025,3,15
250011393,Property Damage Crash,03/15/2025 03:40:00 PM,ARCOLA AVE,NA,Angle,Clear,Dry,Daylight,No Controls,NONE DETECTED,No,No Apparent Injury,NA,Not Distracted,MD,Sport Utility Vehicle,Moving Constant Speed,30,No,2007,ACURA,MDX,39.04720366,-77.04584878,2025,3,15
250011387,Injury Crash,03/15/2025 02:43:00 PM,EAST WEST HWY,NA,Other,Cloudy,Dry,Daylight,No Controls,NONE DETECTED,No,Possible Minor Injury,NA,Not Distracted,NC,Passenger Car,Moving Constant Speed,35,No,2022,NISSAN,SENTRA,38.98916389,-77.07062924,2025,3,14
250011387,Injury Crash,03/15/2025 02:43:00 PM,EAST WEST HWY,NA,Other,Cloudy,Dry,Daylight,Stop Sign,NONE DETECTED,No,No Apparent Injury,NA,Not Distracted,MD,Passenger Car,Turning Left,25,No,2019,PORSCHE,CAYENNE,38.98916389,-77.07062924,2025,3,14
250011383,Property Damage Crash,03/15/2025 12:45:00 PM,NA,NA,Single Vehicle,Clear,NA,Daylight,NA,NONE DETECTED,No,No Apparent Injury,NA,"Other Action (looking away from task, etc.)",MD,Passenger Car,Negotiating a Curve,0,No,2024,TESLA,MODEL Y,39.12205969,-77.23106952,2025,3,12
250011369,Injury Crash,03/15/2025 12:20:00 PM,RAMP 5 FR IS 270 SB TO SHADY GROVE RD,NA,Angle,Cloudy,Dry,Daylight,Traffic Control Signal,NONE DETECTED,No,No Apparent Injury,NA,Not Distracted,MD,Sport Utility Vehicle,Turning Left,25,No,2021,TOYOTA,HIGHLANDER,39.10943335,-77.18835434,2025,3,12
250011369,Injury Crash,03/15/2025 12:20:00 PM,RAMP 5 FR IS 270 SB TO SHADY GROVE RD,NA,Angle,Cloudy,Dry,Daylight,Traffic Control Signal,NONE DETECTED,Yes,No Apparent Injury,Ran Red Light,Unknown,MD,Pickup,Moving Constant Speed,30,No,2004,FORD,F-150,39.10943335,-77.18835434,2025,3,12
250011366,Property Damage Crash,03/15/2025 11:45:00 AM,CLOPPER RD (WB/L),NA,Front to Rear,Cloudy,Dry,Daylight,Traffic Control Signal,NONE DETECTED,No,No Apparent Injury,NA,Not Distracted,MD,Passenger Car,Stopped in Traffic,35,No,2024,CHEVROLET,SILVERADO HD,39.14270398,-77.22085572,2025,3,11
250011366,Property Damage Crash,03/15/2025 11:45:00 AM,CLOPPER RD (WB/L),NA,Front to Rear,Cloudy,Dry,Daylight,Traffic Control Signal,NONE DETECTED,Yes,No Apparent Injury,NA,Not Distracted,VA,Passenger Car,Slowing or Stopping,35,No,2005,CHEVROLET,COLORADO,39.14270398,-77.22085572,2025,3,11
250011320,Property Damage Crash,03/14/2025 09:26:00 PM,GEORGIA AVE,NA,"Sideswipe, Same Direction",Clear,Dry,Medium,No Controls,NONE DETECTED,No,NA,NA,NA,NA,Passenger Car,Moving Constant Speed,30,No,2021,GMC,SIERRA,39.00969416,-77.04060992,2025,3,21
250011320,Property Damage Crash,03/14/2025 09:26:00 PM,GEORGIA AVE,NA,"Sideswipe, Same Direction",Clear,Dry,Medium,No Controls,NONE DETECTED,No,No Apparent Injury,NA,Not Distracted,MD,Passenger Car,Moving Constant Speed,30,No,2016,FIAT,500E,39.00969416,-77.04060992,2025,3,21
250011309,Injury Crash,03/14/2025 08:42:00 PM,BEL PRE RD,NA,Front to Rear,Clear,Dry,Medium,No Controls,NONE DETECTED,No,No Apparent Injury,NA,Not Distracted,MD,Sport Utility Vehicle,Stopped in Traffic,35,No,2018,NISSAN,PATHFINDER,39.09350528,-77.07494781,2025,3,20
250011309,Injury Crash,03/14/2025 08:42:00 PM,BEL PRE RD,NA,Front to Rear,Clear,Dry,Medium,No Controls,NONE DETECTED,Yes,Possible Minor Injury,"Operated Motor Vehicle in Inattentive, Careless, Negligent, or Erratic Manner",Unknown,MD,Passenger Car,Moving Constant Speed,35,No,2014,HONDA,CIVIC,39.09350528,-77.07494781,2025,3,20
250011308,Injury Crash,03/14/2025 08:03:00 PM,NA,NA,Single Vehicle,Clear,Dry,Medium,Traffic Control Signal,NONE DETECTED,Yes,Possible Minor Injury,NA,Unknown,MD,Passenger Car,Moving Constant Speed,35,No,2006,HONDA,ACCORD,39.10599667,-77.149111,2025,3,20
250011307,Injury Crash,03/14/2025 07:41:00 PM,GREAT SENECA HWY (SB/L),NA,Front to Rear,Clear,Dry,Medium,No Controls,NONE DETECTED,No,Possible Minor Injury,NA,Unknown,MD,Passenger Car,Slowing or Stopping,55,No,2010,HONDA,CIVIC,39.13883202,-77.26802825,2025,3,19
250011307,Injury Crash,03/14/2025 07:41:00 PM,GREAT SENECA HWY (SB/L),NA,Front to Rear,Clear,Dry,Medium,No Controls,NONE DETECTED,No,Possible Minor Injury,NA,Not Distracted,MD,Passenger Car,Slowing or Stopping,55,No,2006,TOYOTA,CAMRY SOLARA,39.13883202,-77.26802825,2025,3,19
250011302,Injury Crash,03/14/2025 07:19:00 PM,RANDOLPH RD,NA,Angle,Clear,Dry,Medium,No Controls,NONE DETECTED,No,No Apparent Injury,NA,Not Distracted,VA,Sport Utility Vehicle,Moving Constant Speed,35,No,2018,SUBARU,OUTBACK,39.053476,-77.1075545,2025,3,19
250011302,Injury Crash,03/14/2025 07:19:00 PM,RANDOLPH RD,NA,Angle,Clear,Dry,Medium,No Controls,NONE DETECTED,Yes,No Apparent Injury,Improper Turn,Unknown,MD,Passenger Car,Turning Left,35,No,2018,NISSAN,MAXIMA,39.053476,-77.1075545,2025,3,19
250011299,Injury Crash,03/14/2025 07:02:00 PM,GREAT SENECA HWY,NA,Front to Rear,Clear,Dry,Daylight,No Controls,NONE DETECTED,No,Possible Minor Injury,NA,Not Distracted,MD,Passenger Car,Accelerating,55,No,2023,NISSAN,PATHFINDER,39.13021617,-77.23955733,2025,3,19
250011299,Injury Crash,03/14/2025 07:02:00 PM,GREAT SENECA HWY,NA,Front to Rear,Clear,Dry,Daylight,No Controls,NONE DETECTED,Yes,No Apparent Injury,NA,Not Distracted,MD,Passenger Car,Moving Constant Speed,55,No,2017,TOYOTA,PRIUS V,39.13021617,-77.23955733,2025,3,19
250011265,Property Damage Crash,03/14/2025 04:29:00 PM,UNIVERSITY BLVD W,Cyclist (Electric),Single Vehicle,Clear,Dry,Daylight,Traffic Control Signal,NONE DETECTED,Yes,No Apparent Injury,NA,Not Distracted,MD,Passenger Car,Turning Right,25,No,2016,TOYOTA,TACOMA,39.04138277,-77.04892881,2025,3,16
250011276,Property Damage Crash,03/14/2025 04:23:00 PM,ENT TO SENECA STATE PARK,NA,"Sideswipe, Same Direction",Clear,Dry,Daylight,No Controls,NONE DETECTED,No,No Apparent Injury,NA,Not Distracted,MD,Sport Utility Vehicle,Stopped in Traffic,30,No,2025,HONDA,PILOT,39.15127096,-77.24651224,2025,3,16
250011276,Property Damage Crash,03/14/2025 04:23:00 PM,ENT TO SENECA STATE PARK,NA,"Sideswipe, Same Direction",Clear,Dry,Daylight,No Controls,NONE DETECTED,No,No Apparent Injury,Improper Passing,Unknown,NA,Sport Utility Vehicle,Moving Constant Speed,30,No,0,NA,NA,39.15127096,-77.24651224,2025,3,16
250011257,Property Damage Crash,03/14/2025 03:45:00 PM,RAMP 7 FR RAMP 2 (FR IS270) TO MD 187 SB,NA,Angle,Clear,Dry,Daylight,Traffic Control Signal,NONE DETECTED,No,No Apparent Injury,NA,Unknown,VA,Passenger Car,Moving Constant Speed,35,No,2020,FORD,MUSTANG,39.03109688,-77.12615978,2025,3,15
250011257,Property Damage Crash,03/14/2025 03:45:00 PM,RAMP 7 FR RAMP 2 (FR IS270) TO MD 187 SB,NA,Angle,Clear,Dry,Daylight,Traffic Control Signal,NONE DETECTED,No,No Apparent Injury,NA,Not Distracted,MD,Sport Utility Vehicle,Turning Left,35,No,2021,MAZDA,CX-5,39.03109688,-77.12615978,2025,3,15
250012886,Property Damage Crash,03/14/2025 03:30:00 PM,NA,NA,Rear To Rear,Clear,NA,Daylight,NA,NONE DETECTED,No,NA,Improper Backing,Unknown,NA,Sport Utility Vehicle,Backing,0,No,2014,DODGE,DURANGO,39.15689982,-77.16223982,2025,3,15
250011245,Property Damage Crash,03/14/2025 03:15:00 PM,CONNECTICUT AVE,NA,Front to Rear,Clear,Dry,Daylight,No Controls,NONE DETECTED,Yes,No Apparent Injury,NA,Not Distracted,MD,Sport Utility Vehicle,Moving Constant Speed,35,No,2013,VOLVO,XC60,38.99792674,-77.07694136,2025,3,15
250011245,Property Damage Crash,03/14/2025 03:15:00 PM,CONNECTICUT AVE,NA,Front to Rear,Clear,Dry,Daylight,No Controls,NONE DETECTED,No,No Apparent Injury,NA,Not Distracted,MD,Passenger Car,Slowing or Stopping,35,No,2014,HONDA,CIVIC,38.99792674,-77.07694136,2025,3,15
250011243,Injury Crash,03/14/2025 02:51:00 PM,FREDERICK RD (SB/L),NA,Front to Rear,Clear,Dry,Daylight,No Controls,NONE DETECTED,No,NA,NA,NA,NA,Unknown,Slowing or Stopping,40,No,0,NA,NA,39.19064184,-77.24199055,2025,3,14
250011243,Injury Crash,03/14/2025 02:51:00 PM,FREDERICK RD (SB/L),NA,Front to Rear,Clear,Dry,Daylight,No Controls,ALCOHOL PRESENT,Yes,Suspected Serious Injury,NA,Unknown,MD,Moped Or motorized bicycle,Moving Constant Speed,40,No,2024,ZNEN,SPORT EDITION,39.19064184,-77.24199055,2025,3,14
250011237,Property Damage Crash,03/14/2025 02:35:00 PM,COLUMBIA PIKE,NA,"Sideswipe, Same Direction",Clear,Dry,Daylight,No Controls,NONE DETECTED,No,No Apparent Injury,NA,Not Distracted,MD,Other Trucks,Moving Constant Speed,50,No,2020,FREIGHTLINER,M2,39.04183278,-76.99422597,2025,3,14
250011237,Property Damage Crash,03/14/2025 02:35:00 PM,COLUMBIA PIKE,NA,"Sideswipe, Same Direction",Clear,Dry,Daylight,No Controls,NONE DETECTED,No,NA,NA,NA,NA,Other Trucks,Moving Constant Speed,50,No,2001,GMC,W4,39.04183278,-76.99422597,2025,3,14
250011222,Property Damage Crash,03/14/2025 01:47:00 PM,STATION15 DR,NA,"Sideswipe, Opposite Direction",Clear,Dry,Daylight,Traffic Control Signal,NONE DETECTED,No,No Apparent Injury,NA,Not Distracted,MD,Passenger Car,Moving Constant Speed,35,No,2015,TOYOTA,HIGHLANDER,39.08434612,-76.95085789,2025,3,13
250011222,Property Damage Crash,03/14/2025 01:47:00 PM,STATION15 DR,NA,"Sideswipe, Opposite Direction",Clear,Dry,Daylight,Traffic Control Signal,NONE DETECTED,Yes,No Apparent Injury,Failed to Yield Right-of-Way,Unknown,MD,Passenger Car,Turning Left,35,No,2021,TOYOTA,HIGHLANDER,39.08434612,-76.95085789,2025,3,13
250011228,Property Damage Crash,03/14/2025 01:40:00 PM,UNIVERSITY BLVD E (WB/L),NA,"Sideswipe, Same Direction",Cloudy,Dry,Daylight,Traffic Control Signal,NONE DETECTED,No,No Apparent Injury,NA,Not Distracted,NJ,Pickup,Turning Right,35,No,2000,FORD,F-250,39.01602977,-77.00544941,2025,3,13
250011228,Property Damage Crash,03/14/2025 01:40:00 PM,UNIVERSITY BLVD E (WB/L),NA,"Sideswipe, Same Direction",Cloudy,Dry,Daylight,Traffic Control Signal,NONE DETECTED,No,No Apparent Injury,NA,Not Distracted,MD,Sport Utility Vehicle,Turning Right,35,No,2019,TOYOTA,RAV4,39.01602977,-77.00544941,2025,3,13
250011228,Property Damage Crash,03/14/2025 01:40:00 PM,UNIVERSITY BLVD E (WB/L),NA,"Sideswipe, Same Direction",Cloudy,Dry,Daylight,Traffic Control Signal,NONE DETECTED,Yes,No Apparent Injury,NA,Not Distracted,MD,Passenger Car,Accelerating,35,No,2019,TOYOTA,CAMRY,39.01602977,-77.00544941,2025,3,13
250011205,Property Damage Crash,03/14/2025 12:15:00 PM,COLESVILLE RD,NA,"Sideswipe, Same Direction",Cloudy,Dry,Daylight,No Controls,NONE DETECTED,No,No Apparent Injury,NA,Not Distracted,MD,Passenger Car,Moving Constant Speed,35,No,2006,VOLKSWAGEN,GOLF,39.00843761,-77.01840177,2025,3,12
250011205,Property Damage Crash,03/14/2025 12:15:00 PM,COLESVILLE RD,NA,"Sideswipe, Same Direction",Cloudy,Dry,Daylight,No Controls,NONE DETECTED,No,No Apparent Injury,Failed to Yield Right-of-Way,Not Distracted,PA,Single-Unit Truck,Changing Lanes,35,No,2019,HINO,CONVENTIONAL TYPE TRUCK,39.00843761,-77.01840177,2025,3,12
250011206,Property Damage Crash,03/14/2025 12:04:00 PM,TWINBROOK PKWY (NB/L),NA,"Sideswipe, Same Direction",Cloudy,Dry,Daylight,No Controls,NONE DETECTED,Yes,No Apparent Injury,NA,Not Distracted,MD,Passenger Car,Changing Lanes,30,No,2014,INFINITI,Q50,39.05860766,-77.11941979,2025,3,12
250011206,Property Damage Crash,03/14/2025 12:04:00 PM,TWINBROOK PKWY (NB/L),NA,"Sideswipe, Same Direction",Cloudy,Dry,Daylight,No Controls,NONE DETECTED,No,No Apparent Injury,NA,Not Distracted,MD,Passenger Car,Accelerating,30,No,2007,LEXUS,ES,39.05860766,-77.11941979,2025,3,12
250011198,Injury Crash,03/14/2025 12:00:00 PM,LINCOLN ST,NA,Front to Rear,Cloudy,Dry,Daylight,Traffic Control Signal,NONE DETECTED,No,Possible Minor Injury,NA,Not Distracted,FL,Passenger Car,Stopped in Traffic,35,No,2010,TOYOTA,COROLLA,38.99817168,-77.10935498,2025,3,12
250011198,Injury Crash,03/14/2025 12:00:00 PM,LINCOLN ST,NA,Front to Rear,Cloudy,Dry,Daylight,Traffic Control Signal,NONE DETECTED,Yes,No Apparent Injury,"Disregarded Other Traffic Sign, Operated Motor Vehicle in Inattentive, Careless, Negligent, or Erratic Manner, Other Improper Action",Not Distracted,MD,Van - Passenger (&lt;9 Seats),Moving Constant Speed,35,No,2012,CHEVROLET,EXPRESS,38.99817168,-77.10935498,2025,3,12
250011200,Property Damage Crash,03/14/2025 11:51:00 AM,NA,NA,Angle,Clear,Dry,Daylight,No Controls,NONE DETECTED,Yes,No Apparent Injury,NA,Not Distracted,MD,Passenger Car,Turning Left,0,No,2018,MAZDA,MAZDA3,39.06473726,-77.16099794,2025,3,11
250011200,Property Damage Crash,03/14/2025 11:51:00 AM,NA,NA,Angle,Clear,Dry,Daylight,No Controls,NONE DETECTED,No,No Apparent Injury,NA,Not Distracted,MD,Passenger Car,Moving Constant Speed,30,No,2019,SUBARU,FORESTER,39.06473726,-77.16099794,2025,3,11
250011184,Property Damage Crash,03/14/2025 11:10:00 AM,EXECUTIVE BLVD (SB/L),NA,Angle,Cloudy,Dry,Daylight,No Controls,NONE DETECTED,No,No Apparent Injury,NA,Not Distracted,MD,Passenger Car,Moving Constant Speed,35,No,2002,JAGUAR,S-TYPE,39.04869127,-77.12277842,2025,3,11
250011184,Property Damage Crash,03/14/2025 11:10:00 AM,EXECUTIVE BLVD (SB/L),NA,Angle,Cloudy,Dry,Daylight,No Controls,NONE DETECTED,Yes,No Apparent Injury,"Failed to Yield Right-of-Way, Improper Turn, Operated Motor Vehicle in Inattentive, Careless, Negligent, or Erratic Manner",Unknown,MD,Passenger Car,Entering Traffic Lane,35,No,2007,HONDA,CR-V,39.04869127,-77.12277842,2025,3,11
250011226,Property Damage Crash,03/14/2025 10:51:00 AM,NA,NA,Other,Clear,NA,Daylight,NA,NONE DETECTED,No,No Apparent Injury,NA,Unknown,MD,Passenger Car,Backing,0,No,2023,TOYOTA,COROLLA CROSS,39.03872148,-77.06837886,2025,3,10
250011178,Injury Crash,03/14/2025 10:35:00 AM,NA,NA,Angle,Cloudy,Dry,Daylight,Stop Sign,NONE DETECTED,Yes,No Apparent Injury,"Failed to Yield Right-of-Way, Ran Stop Sign",Unknown,MD,Passenger Car,Turning Left,25,No,2019,LEXUS,ES,38.98714833,-77.10543667,2025,3,10
250011178,Injury Crash,03/14/2025 10:35:00 AM,NA,NA,Angle,Cloudy,Dry,Daylight,No Controls,NONE DETECTED,No,Possible Minor Injury,NA,Not Distracted,MD,Passenger Car,Moving Constant Speed,25,No,2023,BMW,760I,38.98714833,-77.10543667,2025,3,10
250011176,Injury Crash,03/14/2025 10:16:00 AM,NEW HAMPSHIRE AVE (SB/L),NA,Front to Rear,Cloudy,Dry,Daylight,Traffic Control Signal,NONE DETECTED,No,Possible Minor Injury,NA,Not Distracted,MD,Passenger Car,Stopped in Traffic,40,No,2007,TOYOTA,HIGHLANDER,39.05864453,-76.99785739,2025,3,10
250011176,Injury Crash,03/14/2025 10:16:00 AM,NEW HAMPSHIRE AVE (SB/L),NA,Front to Rear,Cloudy,Dry,Daylight,Traffic Control Signal,NONE DETECTED,Yes,No Apparent Injury,"Operated Motor Vehicle in Inattentive, Careless, Negligent, or Erratic Manner",Not Distracted,MD,Passenger Car,Accelerating,40,No,2004,MERCEDES-BENZ,C-CLASS,39.05864453,-76.99785739,2025,3,10
25000431,Property Damage Crash,03/14/2025 08:30:00 AM,NA,NA,"Sideswipe, Opposite Direction",Cloudy,NA,Daylight,NA,NONE DETECTED,No,NA,NA,NA,NA,Unknown,Overtaking/Passing,0,No,0,NA,NA,39.04220468,-77.15839089,2025,3,8
250011153,Property Damage Crash,03/14/2025 07:00:00 AM,CARROLL AVE,NA,Front to Front,Clear,Dry,Medium,Flashing Traffic Control Signal,NONE DETECTED,No,No Apparent Injury,NA,Not Distracted,MD,Passenger Car,Turning Left,35,No,2018,TOYOTA,RAV4,38.99996869,-76.99069265,2025,3,7
250011153,Property Damage Crash,03/14/2025 07:00:00 AM,CARROLL AVE,NA,Front to Front,Clear,Dry,Medium,Flashing Traffic Control Signal,NONE DETECTED,Yes,NA,"Disregarded Other Traffic Sign, Ran Red Light",NA,NA,NA,Moving Constant Speed,35,No,0,NA,NA,38.99996869,-76.99069265,2025,3,7
250011133,Property Damage Crash,03/13/2025 09:50:00 PM,LAYHILL RD,NA,Front to Rear,Clear,Dry,Medium,Traffic Control Signal,NONE DETECTED,No,NA,NA,NA,NA,NA,NA,45,No,0,NA,NA,39.06293067,-77.0503655,2025,3,21
250011133,Property Damage Crash,03/13/2025 09:50:00 PM,LAYHILL RD,NA,Front to Rear,Clear,Dry,Medium,Traffic Control Signal,NONE DETECTED,No,No Apparent Injury,NA,Not Distracted,MD,Passenger Car,Stopped in Traffic,45,No,2006,MERCEDES-BENZ,C-CLASS,39.06293067,-77.0503655,2025,3,21