Local Case Number,ACRS Report Type,Crash Date/Time,Road Name,Related Non-Motorist,Collision Type,Weather,Surface Condition,Light,Traffic Control,Driver Substance Abuse,Driver At Fault,Injury Severity,Circumstance,Driver Distracted By,Drivers License State,Vehicle Body Type,Vehicle Movement,Speed Limit,Driverless Vehicle,Vehicle Year,Vehicle Make,Vehicle Model,Latitude,Longitude,Year,Month,Hour
250011133,Property Damage Crash,03/13/2025 09:50:00 PM,LAYHILL RD,NA,Front to Rear,Clear,Dry,Medium,Traffic Control Signal,NONE DETECTED,No,No Apparent Injury,NA,Not Distracted,MD,Pickup,Stopped in Traffic,45,No,1993,DODGE,D-SERIES,39.06293067,-77.0503655,2025,3,21
250011130,Property Damage Crash,03/13/2025 08:59:00 PM,FLOWER AVE,NA,"Sideswipe, Same Direction",Clear,Dry,Medium,No Controls,NONE DETECTED,Yes,No Apparent Injury,NA,"Other Action (looking away from task, etc.)",MD,Passenger Car,Moving Constant Speed,25,No,2023,TOYOTA,RAV4,39.01240512,-77.00823851,2025,3,20
250011125,Property Damage Crash,03/13/2025 08:25:00 PM,NA,NA,Single Vehicle,Clear,NA,Medium,NA,NONE DETECTED,Yes,No Apparent Injury,"Failed to Keep in Proper Lane, Improper Turn, Ran Off Roadway",Unknown,MD,Passenger Car,Moving Constant Speed,0,No,2014,HONDA,CR-V,39.09106804,-77.04778656,2025,3,20
250011108,Property Damage Crash,03/13/2025 06:04:00 PM,CAPITAL BELTWAY,NA,Front to Rear,Clear,Dry,Daylight,"Other Pavement Marking (excluding edgelines, centerlines, or lane lines)",NONE DETECTED,No,No Apparent Injury,NA,Not Distracted,MD,Bus - School,Slowing or Stopping,55,No,2016,FREIGHTLINER,B2 BUS CHASSIS,39.00590371,-77.07278564,2025,3,18
250011108,Property Damage Crash,03/13/2025 06:04:00 PM,CAPITAL BELTWAY,NA,Front to Rear,Clear,Dry,Daylight,"Other Pavement Marking (excluding edgelines, centerlines, or lane lines)",NONE DETECTED,Yes,No Apparent Injury,Followed Too Closely,Not Distracted,MD,Sport Utility Vehicle,Slowing or Stopping,55,No,2018,NISSAN,VERSA,39.00590371,-77.07278564,2025,3,18
250011109,Injury Crash,03/13/2025 05:45:00 PM,NA,Cyclist (non-electric),Single Vehicle,Clear,NA,Daylight,NA,NONE DETECTED,Yes,No Apparent Injury,NA,Unknown,MD,Sport Utility Vehicle,NA,0,No,2022,FORD,EXPEDITION,39.19897572,-77.13290312,2025,3,17
250011169,Property Damage Crash,03/13/2025 05:32:00 PM,EAST WEST HWY,NA,Other,Clear,Dry,Daylight,No Controls,NONE DETECTED,No,No Apparent Injury,NA,Not Distracted,MD,Station Wagon,Moving Constant Speed,35,No,2015,SUBARU,FORESTER,38.98794869,-77.07610742,2025,3,17
250011169,Property Damage Crash,03/13/2025 05:32:00 PM,EAST WEST HWY,NA,Other,Clear,Dry,Daylight,No Controls,NONE DETECTED,Yes,No Apparent Injury,NA,Unknown,DC,Sport Utility Vehicle,Making U-Turn,35,No,2021,JEEP,RENEGADE,38.98794869,-77.07610742,2025,3,17
250011113,Property Damage Crash,03/13/2025 05:15:00 PM,NA,Cyclist (non-electric),Single Vehicle,Clear,Dry,Daylight,Traffic Control Signal,NONE DETECTED,No,No Apparent Injury,NA,Not Distracted,MD,Sport Utility Vehicle,Moving Constant Speed,35,No,2017,FORD,ESCAPE,39.0533756,-77.10580968,2025,3,17
250011096,Injury Crash,03/13/2025 04:51:00 PM,NA,Cyclist (Electric),Single Vehicle,Clear,Dry,Daylight,No Controls,NONE DETECTED,No,No Apparent Injury,NA,Not Distracted,MD,Sport Utility Vehicle,Turning Left,35,No,2016,TOYOTA,HIGHLANDER,39.14289533,-77.13973867,2025,3,16
250011089,Property Damage Crash,03/13/2025 04:30:00 PM,WOODFIELD RD EXT,NA,Front to Rear,Clear,Dry,Daylight,Traffic Control Signal,NONE DETECTED,Yes,No Apparent Injury,Other Improper Action,Not Distracted,MD,Other Trucks,Moving Constant Speed,35,No,2017,FORD,TRANSIT,39.28772923,-77.20169362,2025,3,16
250011089,Property Damage Crash,03/13/2025 04:30:00 PM,WOODFIELD RD EXT,NA,Front to Rear,Clear,Dry,Daylight,Traffic Control Signal,NONE DETECTED,No,No Apparent Injury,NA,Not Distracted,MD,Passenger Car,Slowing or Stopping,35,No,2007,HONDA,ACCORD,39.28772923,-77.20169362,2025,3,16
250011089,Property Damage Crash,03/13/2025 04:30:00 PM,WOODFIELD RD EXT,NA,Front to Rear,Clear,Dry,Daylight,Traffic Control Signal,NONE DETECTED,No,No Apparent Injury,NA,Not Distracted,MD,Passenger Car,Slowing or Stopping,35,No,2021,LEXUS,NX,39.28772923,-77.20169362,2025,3,16
250011088,Injury Crash,03/13/2025 04:24:00 PM,ROCKVILLE PIKE,NA,Front to Rear,Clear,Dry,Daylight,Traffic Control Signal,NONE DETECTED,Yes,No Apparent Injury,NA,Not Distracted,MD,Bus - Transit,Turning Right,25,No,2016,GILLIG,CITY TRANSIT BUS,39.06183556,-77.12393709,2025,3,16
250011088,Injury Crash,03/13/2025 04:24:00 PM,ROCKVILLE PIKE,NA,Front to Rear,Clear,Dry,Daylight,Traffic Control Signal,NONE DETECTED,No,No Apparent Injury,NA,Not Distracted,MD,Sport Utility Vehicle,Turning Right,25,No,2018,HONDA,PILOT,39.06183556,-77.12393709,2025,3,16
250011086,Injury Crash,03/13/2025 04:08:00 PM,CLUB HOUSE RD,NA,Other,Clear,Dry,Daylight,No Controls,NONE DETECTED,No,Possible Minor Injury,NA,Not Distracted,MD,Passenger Car,Moving Constant Speed,30,No,2021,MAZDA,CX-5,39.17455911,-77.20427673,2025,3,16
250011086,Injury Crash,03/13/2025 04:08:00 PM,CLUB HOUSE RD,NA,Other,Clear,Dry,Daylight,No Controls,NONE DETECTED,Yes,Possible Minor Injury,NA,Not Distracted,MD,Passenger Car,Turning Left,30,No,2018,FORD,TAURUS,39.17455911,-77.20427673,2025,3,16
250011076,Property Damage Crash,03/13/2025 03:44:00 PM,NEW HAMPSHIRE AVE (SB/L),NA,Rear To Side,Clear,Dry,Daylight,Traffic Control Signal,NONE DETECTED,No,No Apparent Injury,NA,Not Distracted,MD,Pickup,Turning Left,40,No,2016,CHEVROLET,SILVERADO,39.05853755,-76.99789627,2025,3,15
250011076,Property Damage Crash,03/13/2025 03:44:00 PM,NEW HAMPSHIRE AVE (SB/L),NA,Rear To Side,Clear,Dry,Daylight,Traffic Control Signal,NONE DETECTED,No,No Apparent Injury,NA,Not Distracted,MD,Passenger Car,Moving Constant Speed,40,No,2007,NISSAN,VERSA,39.05853755,-76.99789627,2025,3,15
250011078,Injury Crash,03/13/2025 03:39:00 PM,MASON ST,NA,Front to Rear,Clear,Dry,Daylight,No Controls,NONE DETECTED,Yes,No Apparent Injury,Other Improper Action,Not Distracted,MD,Passenger Car,Moving Constant Speed,35,No,2018,FORD,ESCAPE,39.05526355,-77.05022521,2025,3,15
250011078,Injury Crash,03/13/2025 03:39:00 PM,MASON ST,NA,Front to Rear,Clear,Dry,Daylight,No Controls,NONE DETECTED,Yes,No Apparent Injury,NA,Not Distracted,MD,Passenger Car,Moving Constant Speed,35,No,2015,HYUNDAI,ELANTRA,39.05526355,-77.05022521,2025,3,15
250011078,Injury Crash,03/13/2025 03:39:00 PM,MASON ST,NA,Front to Rear,Clear,Dry,Daylight,No Controls,NONE DETECTED,No,Possible Minor Injury,NA,Not Distracted,MD,Passenger Car,Slowing or Stopping,35,No,2021,TOYOTA,CAMRY,39.05526355,-77.05022521,2025,3,15
250011074,Property Damage Crash,03/13/2025 03:18:00 PM,NA,NA,Unknown,Clear,NA,Daylight,NA,NONE DETECTED,Yes,No Apparent Injury,NA,Unknown,MD,Passenger Car,NA,0,No,2017,GMC,ACADIA,39.03615298,-76.99552582,2025,3,15
250011071,Property Damage Crash,03/13/2025 02:48:00 PM,LONE OAK DR,NA,"Sideswipe, Same Direction",Clear,Dry,Daylight,No Controls,NONE DETECTED,No,No Apparent Injury,NA,Not Distracted,MD,Passenger Car,Moving Constant Speed,35,No,2018,TOYOTA,CAMRY,39.01934038,-77.12123009,2025,3,14
250011071,Property Damage Crash,03/13/2025 02:48:00 PM,LONE OAK DR,NA,"Sideswipe, Same Direction",Clear,Dry,Daylight,No Controls,NONE DETECTED,Yes,No Apparent Injury,NA,Not Distracted,MD,Sport Utility Vehicle,Changing Lanes,35,No,2025,HONDA,PILOT,39.01934038,-77.12123009,2025,3,14
250011026,Injury Crash,03/13/2025 11:01:00 AM,MUNCASTER MILL RD,NA,Front to Front,Cloudy,Dry,Daylight,No Controls,NONE DETECTED,Yes,Possible Minor Injury,NA,Unknown,VA,Passenger Car,Moving Constant Speed,40,No,2020,HONDA,CIVIC,39.11809833,-77.10248333,2025,3,11
250011026,Injury Crash,03/13/2025 11:01:00 AM,MUNCASTER MILL RD,NA,Front to Front,Cloudy,Dry,Daylight,No Controls,NONE DETECTED,No,No Apparent Injury,NA,Not Distracted,MD,Sport Utility Vehicle,Moving Constant Speed,40,No,2008,HONDA,PILOT,39.11809833,-77.10248333,2025,3,11
250011014,Property Damage Crash,03/13/2025 09:53:00 AM,RANDOLPH RD,NA,"Sideswipe, Same Direction",Cloudy,Dry,Daylight,No Controls,NONE DETECTED,No,No Apparent Injury,Other Improper Action,Not Distracted,MD,Bus - School,Slowing or Stopping,15,No,2018,THOMAS BUILT,HDX,39.06591621,-77.03449575,2025,3,9
250011201,Property Damage Crash,03/13/2025 09:40:00 AM,NA,NA,Rear To Rear,Clear,NA,Daylight,NA,NONE DETECTED,No,No Apparent Injury,NA,NA,NA,Passenger Car,Backing,0,No,0,NA,NA,39.1028407,-77.2915693,2025,3,9
250011013,Property Damage Crash,03/13/2025 09:09:00 AM,RIDGE RD (SB/L),NA,Angle,Cloudy,Dry,Daylight,Stop Sign,NONE DETECTED,No,No Apparent Injury,Failed to Yield Right-of-Way,Unknown,MD,Pickup,Turning Left,25,No,2023,CHEVROLET,SILVERADO,39.27410967,-77.215091,2025,3,9
250011013,Property Damage Crash,03/13/2025 09:09:00 AM,RIDGE RD (SB/L),NA,Angle,Cloudy,Dry,Daylight,No Controls,NONE DETECTED,No,No Apparent Injury,NA,Unknown,MD,Passenger Car,Moving Constant Speed,40,No,2012,NISSAN,ALTIMA,39.27410967,-77.215091,2025,3,9
250011001,Property Damage Crash,03/13/2025 08:40:00 AM,RIVER RD (WB/L),NA,Angle,Clear,Dry,Daylight,Traffic Control Signal,NONE DETECTED,Yes,No Apparent Injury,NA,"Other Action (looking away from task, etc.)",MD,Passenger Car,Moving Constant Speed,35,No,2010,MINI,COOPER,38.98036622,-77.13380226,2025,3,8
250011001,Property Damage Crash,03/13/2025 08:40:00 AM,RIVER RD (WB/L),NA,Angle,Clear,Dry,Daylight,Traffic Control Signal,NONE DETECTED,No,No Apparent Injury,NA,Not Distracted,MD,Passenger Car,Turning Left,35,No,2023,MINI,HARDTOP,38.98036622,-77.13380226,2025,3,8
250010580,Property Damage Crash,03/13/2025 08:35:00 AM,NA,NA,Single Vehicle,Clear,NA,Daylight,NA,NONE DETECTED,No,No Apparent Injury,Improper Backing,Not Distracted,GA,Passenger Car,Backing,0,No,2014,DODGE,CHALLENGER,38.99857407,-77.02897401,2025,3,8
250010998,Property Damage Crash,03/13/2025 08:34:00 AM,NA,NA,Front to Front,Cloudy,Dry,Daylight,No Controls,NONE DETECTED,Yes,No Apparent Injury,NA,Not Distracted,MD,Passenger Car,Moving Constant Speed,20,No,2001,HONDA,ACCORD,39.0969777,-77.00256356,2025,3,8
250010998,Property Damage Crash,03/13/2025 08:34:00 AM,NA,NA,Front to Front,Cloudy,Dry,Daylight,No Controls,NONE DETECTED,No,No Apparent Injury,NA,Not Distracted,MD,Passenger Car,Moving Constant Speed,35,No,2024,TESLA,MODEL Y,39.0969777,-77.00256356,2025,3,8
250010997,Property Damage Crash,03/13/2025 08:03:00 AM,FRANKLIN AVE,NA,Other,Cloudy,Dry,Daylight,Stop Sign,NONE DETECTED,Yes,No Apparent Injury,Failed to Yield Right-of-Way,Unknown,MI,Sport Utility Vehicle,Turning Left,25,No,2013,CHEVROLET,EQUINOX,39.0117735,-77.0036585,2025,3,8
250010997,Property Damage Crash,03/13/2025 08:03:00 AM,FRANKLIN AVE,NA,Other,Cloudy,Dry,Daylight,Stop Sign,NONE DETECTED,No,No Apparent Injury,NA,Not Distracted,MD,Sport Utility Vehicle,Stopped in Traffic,25,No,2001,HONDA,CR-V,39.0117735,-77.0036585,2025,3,8
250010997,Property Damage Crash,03/13/2025 08:03:00 AM,FRANKLIN AVE,NA,Other,Cloudy,Dry,Daylight,Stop Sign,NONE DETECTED,No,No Apparent Injury,NA,Not Distracted,MD,Sport Utility Vehicle,Moving Constant Speed,25,No,2018,TOYOTA,RAV4,39.0117735,-77.0036585,2025,3,8
250010989,Injury Crash,03/13/2025 07:50:00 AM,FEATHERWOOD ST,Pedestrian,Single Vehicle,Clear,Dry,Daylight,No Controls,NONE DETECTED,No,No Apparent Injury,NA,Not Distracted,MD,Passenger Car,Moving Constant Speed,30,No,2014,TOYOTA,VENZA,39.05773683,-76.9712545,2025,3,7
250010979,Property Damage Crash,03/13/2025 06:10:00 AM,CONNECTICUT AVE (SB/L),NA,Front to Rear,Clear,Wet,Medium,No Controls,NONE DETECTED,Yes,No Apparent Injury,NA,Not Distracted,MD,Passenger Car,Slowing or Stopping,35,No,2000,HONDA,CIVIC,39.0532255,-77.07467417,2025,3,6
250010979,Property Damage Crash,03/13/2025 06:10:00 AM,CONNECTICUT AVE (SB/L),NA,Front to Rear,Clear,Wet,Medium,No Controls,NONE DETECTED,No,No Apparent Injury,NA,Not Distracted,MD,Passenger Car,Stopped in Traffic,35,No,2008,ACURA,MDX,39.0532255,-77.07467417,2025,3,6
250010965,Property Damage Crash,03/12/2025 11:51:00 PM,GREAT SENECA HWY,NA,Front to Rear,Clear,Dry,Medium,Traffic Control Signal,NONE DETECTED,No,NA,"Operated Motor Vehicle in Inattentive, Careless, Negligent, or Erratic Manner, Other Improper Action",Unknown,NA,Passenger Car,NA,50,No,0,NA,NA,39.1236207,-77.23127654,2025,3,23
250010965,Property Damage Crash,03/12/2025 11:51:00 PM,GREAT SENECA HWY,NA,Front to Rear,Clear,Dry,Medium,Traffic Control Signal,NONE DETECTED,No,No Apparent Injury,NA,Unknown,MD,Sport Utility Vehicle,Slowing or Stopping,50,No,2016,MAZDA,CX-5,39.1236207,-77.23127654,2025,3,23
250010963,Injury Crash,03/12/2025 10:54:00 PM,VEIRS MILL RD,NA,Front to Rear,Clear,Dry,Medium,Traffic Control Signal,NONE DETECTED,Yes,Possible Minor Injury,NA,Unknown,MD,Sport Utility Vehicle,Moving Constant Speed,40,No,2017,ACURA,RDX,39.0514225,-77.07488817,2025,3,22
250010963,Injury Crash,03/12/2025 10:54:00 PM,VEIRS MILL RD,NA,Front to Rear,Clear,Dry,Medium,Traffic Control Signal,NONE DETECTED,No,Possible Minor Injury,NA,Not Distracted,MD,Sport Utility Vehicle,Stopped in Traffic,40,No,2024,MAZDA,CX-50,39.0514225,-77.07488817,2025,3,22
250010960,Injury Crash,03/12/2025 10:01:00 PM,MORNINGWOOD DR,NA,Front to Front,Clear,Dry,Dark,No Controls,NONE DETECTED,No,Possible Minor Injury,NA,Not Distracted,NA,Passenger Car,Moving Constant Speed,30,No,2007,TOYOTA,CAMRY,39.15243823,-77.07637826,2025,3,22
250010960,Injury Crash,03/12/2025 10:01:00 PM,MORNINGWOOD DR,NA,Front to Front,Clear,Dry,Dark,No Controls,ALCOHOL PRESENT,Yes,No Apparent Injury,NA,Unknown,TX,Passenger Car,Moving Constant Speed,30,No,2019,HONDA,CIVIC,39.15243823,-77.07637826,2025,3,22
250010955,Property Damage Crash,03/12/2025 09:30:00 PM,NA,NA,Single Vehicle,Clear,NA,Medium,NA,NONE DETECTED,No,No Apparent Injury,NA,Not Distracted,MD,Sport Utility Vehicle,Entering Traffic Lane,0,No,2012,DODGE,JOURNEY,39.05723041,-77.08420017,2025,3,21
250010952,Property Damage Crash,03/12/2025 09:07:00 PM,ROCKVILLE PIKE,NA,Angle,Clear,Dry,Medium,Traffic Control Signal,NONE DETECTED,No,No Apparent Injury,NA,Unknown,MD,Passenger Car,Moving Constant Speed,35,No,2020,BMW,228I,39.08356098,-77.1468249,2025,3,21
250010952,Property Damage Crash,03/12/2025 09:07:00 PM,ROCKVILLE PIKE,NA,Angle,Clear,Dry,Medium,Traffic Control Signal,NONE DETECTED,Yes,No Apparent Injury,NA,Unknown,MD,Passenger Car,Moving Constant Speed,35,No,1994,HONDA,ACCORD,39.08356098,-77.1468249,2025,3,21
250010951,Property Damage Crash,03/12/2025 08:00:00 PM,GIRARD ST,NA,Front to Front,Clear,Dry,Medium,Traffic Control Signal,NONE DETECTED,No,No Apparent Injury,NA,Not Distracted,MD,Passenger Car,Moving Constant Speed,30,No,2011,HYUNDAI,ELANTRA,39.15085055,-77.19255797,2025,3,20
250010951,Property Damage Crash,03/12/2025 08:00:00 PM,GIRARD ST,NA,Front to Front,Clear,Dry,Medium,Traffic Control Signal,NONE DETECTED,Yes,No Apparent Injury,NA,Unknown,MD,Passenger Car,Turning Left,30,No,2011,AUDI,A4,39.15085055,-77.19255797,2025,3,20
250010940,Property Damage Crash,03/12/2025 07:30:00 PM,PARRS RIDGE DR,NA,Front to Front,Clear,Dry,Medium,No Controls,NONE DETECTED,No,No Apparent Injury,NA,Not Distracted,MD,Passenger Car,Negotiating a Curve,30,No,2024,HONDA,CR-V,39.12285922,-76.98566391,2025,3,19
250010940,Property Damage Crash,03/12/2025 07:30:00 PM,PARRS RIDGE DR,NA,Front to Front,Clear,Dry,Medium,No Controls,NONE DETECTED,Yes,No Apparent Injury,NA,Unknown,MD,Passenger Car,Negotiating a Curve,30,No,2012,VOLVO,XC60,39.12285922,-76.98566391,2025,3,19
250010931,Property Damage Crash,03/12/2025 06:49:00 PM,NA,NA,Rear To Side,Clear,NA,Daylight,NA,NONE DETECTED,No,No Apparent Injury,NA,Not Distracted,MD,Passenger Car,Backing,0,No,2005,HONDA,ODYSSEY,38.99054685,-77.02695254,2025,3,18
250010924,Property Damage Crash,03/12/2025 06:00:00 PM,W DIAMOND AVE,NA,Front to Rear,Clear,Dry,Daylight,Traffic Control Signal,NONE DETECTED,No,No Apparent Injury,NA,Not Distracted,MD,Passenger Car,Stopped in Traffic,35,No,2021,MAZDA,CX-30,39.141647,-77.2172685,2025,3,18
250010924,Property Damage Crash,03/12/2025 06:00:00 PM,W DIAMOND AVE,NA,Front to Rear,Clear,Dry,Daylight,Traffic Control Signal,NONE DETECTED,Yes,No Apparent Injury,NA,Not Distracted,MD,Passenger Car,Slowing or Stopping,35,No,2020,NISSAN,KICKS,39.141647,-77.2172685,2025,3,18
250010909,Property Damage Crash,03/12/2025 05:15:00 PM,GERMANTOWN RD (SB/L),NA,"Sideswipe, Same Direction",Clear,Dry,Daylight,Traffic Control Signal,NONE DETECTED,Yes,No Apparent Injury,Failed to Keep in Proper Lane,Unknown,MD,Passenger Car,Moving Constant Speed,45,No,2015,MAZDA,CX-9,39.17910784,-77.26698599,2025,3,17
250010909,Property Damage Crash,03/12/2025 05:15:00 PM,GERMANTOWN RD (SB/L),NA,"Sideswipe, Same Direction",Clear,Dry,Daylight,Traffic Control Signal,NONE DETECTED,No,No Apparent Injury,NA,Not Distracted,MD,Motorcycle - 2 Wheeled,Moving Constant Speed,45,No,2019,HARLEY-DAVIDSON,FLHTP / POLICE ELECTRA GLIDE,39.17910784,-77.26698599,2025,3,17
250010912,Property Damage Crash,03/12/2025 05:02:00 PM,WISCONSIN AVE,NA,"Sideswipe, Same Direction",Clear,Dry,Daylight,Traffic Control Signal,NONE DETECTED,No,No Apparent Injury,NA,Not Distracted,MD,Bus - Transit,Moving Constant Speed,35,No,2022,GILLIG,LOW FLOOR BUS,38.9836634,-77.09376764,2025,3,17
250010912,Property Damage Crash,03/12/2025 05:02:00 PM,WISCONSIN AVE,NA,"Sideswipe, Same Direction",Clear,Dry,Daylight,Traffic Control Signal,NONE DETECTED,No,No Apparent Injury,NA,Not Distracted,DC,Passenger Car,Moving Constant Speed,35,No,2020,TESLA,MODEL 3,38.9836634,-77.09376764,2025,3,17
250010906,Property Damage Crash,03/12/2025 05:00:00 PM,NA,NA,Rear To Side,Clear,NA,Daylight,NA,NONE DETECTED,No,No Apparent Injury,NA,Not Distracted,MD,Passenger Car,Parked,0,No,2014,DODGE,CHARGER,38.9786555,-77.09827067,2025,3,17
250010906,Property Damage Crash,03/12/2025 05:00:00 PM,NA,NA,Rear To Side,Clear,NA,Daylight,NA,NONE DETECTED,No,No Apparent Injury,NA,Not Distracted,MD,Passenger Car,Backing,0,No,2023,ACURA,TLX,38.9786555,-77.09827067,2025,3,17
250010907,Property Damage Crash,03/12/2025 04:53:00 PM,EAST WEST HWY,NA,Front to Rear,Clear,Dry,Daylight,No Controls,NONE DETECTED,Yes,No Apparent Injury,Too Fast For Conditions,Not Distracted,NA,Passenger Car,Moving Constant Speed,35,No,2008,TOYOTA,SCION TC,38.99255163,-77.06652118,2025,3,16
250010907,Property Damage Crash,03/12/2025 04:53:00 PM,EAST WEST HWY,NA,Front to Rear,Clear,Dry,Daylight,No Controls,NONE DETECTED,No,No Apparent Injury,NA,Not Distracted,MD,Sport Utility Vehicle,Stopped in Traffic,35,No,2016,NISSAN,ROGUE,38.99255163,-77.06652118,2025,3,16
250010964,Property Damage Crash,03/12/2025 04:00:00 PM,NA,NA,"Sideswipe, Opposite Direction",Clear,Dry,Daylight,Traffic Control Signal,NONE DETECTED,Yes,No Apparent Injury,NA,Unknown,MD,Passenger Car,Turning Left,20,No,2015,TOYOTA,COROLLA,39.03880088,-77.07570218,2025,3,16
250010964,Property Damage Crash,03/12/2025 04:00:00 PM,NA,NA,"Sideswipe, Opposite Direction",Clear,Dry,Daylight,Traffic Control Signal,NONE DETECTED,No,No Apparent Injury,NA,Not Distracted,MD,Station Wagon,Moving Constant Speed,20,No,2017,SUBARU,OUTBACK,39.03880088,-77.07570218,2025,3,16
250010896,Property Damage Crash,03/12/2025 04:00:00 PM,BELLS MILL RD,NA,Other,Clear,Dry,Daylight,No Controls,NONE DETECTED,Yes,No Apparent Injury,NA,Not Distracted,MD,Sport Utility Vehicle,Turning Left,30,No,2002,HONDA,CR-V,39.0329065,-77.1808645,2025,3,16
250010896,Property Damage Crash,03/12/2025 04:00:00 PM,BELLS MILL RD,NA,Other,Clear,Dry,Daylight,No Controls,NONE DETECTED,No,No Apparent Injury,NA,Not Distracted,MD,Sport Utility Vehicle,Moving Constant Speed,30,No,2014,JEEP,WRANGLER,39.0329065,-77.1808645,2025,3,16
250010888,Injury Crash,03/12/2025 03:29:00 PM,STONEBRIDGE VIEW DR (WB/L),NA,"Sideswipe, Same Direction",Clear,Dry,Daylight,No Controls,NONE DETECTED,Yes,No Apparent Injury,"Failed to Keep in Proper Lane, Improper Passing, Improper Turn, Operated Motor Vehicle in Reckless or Aggressive Manner",Unknown,MD,Van - Passenger (&lt;9 Seats),Turning Left,40,No,2015,HONDA,ODYSSEY,39.10069855,-77.22332344,2025,3,15
250010888,Injury Crash,03/12/2025 03:29:00 PM,STONEBRIDGE VIEW DR (WB/L),NA,"Sideswipe, Same Direction",Clear,Dry,Daylight,No Controls,NONE DETECTED,No,Possible Minor Injury,NA,Not Distracted,HI,Sport Utility Vehicle,Turning Left,40,No,2018,HONDA,PILOT,39.10069855,-77.22332344,2025,3,15
250010893,Property Damage Crash,03/12/2025 03:18:00 PM,OAKVIEW DR,NA,"Sideswipe, Same Direction",Clear,Dry,Daylight,Traffic Control Signal,NONE DETECTED,No,No Apparent Injury,NA,Not Distracted,MD,Pickup,Moving Constant Speed,35,No,2016,FORD,F-550,39.01543246,-76.97812883,2025,3,15
250010893,Property Damage Crash,03/12/2025 03:18:00 PM,OAKVIEW DR,NA,"Sideswipe, Same Direction",Clear,Dry,Daylight,Traffic Control Signal,NONE DETECTED,Yes,No Apparent Injury,NA,Unknown,MD,Passenger Car,Changing Lanes,35,No,2014,TOYOTA,CAMRY,39.01543246,-76.97812883,2025,3,15
250010893,Property Damage Crash,03/12/2025 03:18:00 PM,OAKVIEW DR,NA,"Sideswipe, Same Direction",Clear,Dry,Daylight,Traffic Control Signal,NONE DETECTED,No,No Apparent Injury,NA,Not Distracted,MD,Sport Utility Vehicle,Moving Constant Speed,35,No,2019,TOYOTA,HIGHLANDER,39.01543246,-76.97812883,2025,3,15
250010882,Property Damage Crash,03/12/2025 03:00:00 PM,NA,NA,Other,Clear,Dry,Daylight,No Controls,NONE DETECTED,No,No Apparent Injury,NA,Unknown,MD,Passenger Car,Negotiating a Curve,35,No,2019,SUBARU,FORESTER,39.03194817,-77.19690383,2025,3,15
250010882,Property Damage Crash,03/12/2025 03:00:00 PM,NA,NA,Other,Clear,Dry,Daylight,No Controls,NONE DETECTED,No,No Apparent Injury,NA,Not Distracted,MD,Pickup,Negotiating a Curve,35,No,2005,FORD,RANGER,39.03194817,-77.19690383,2025,3,15
250010863,Injury Crash,03/12/2025 02:41:00 PM,QUINCE ORCHARD RD,Pedestrian,Single Vehicle,Clear,Dry,Daylight,Traffic Control Signal,NONE DETECTED,Yes,No Apparent Injury,NA,Unknown,MD,Passenger Car,Turning Left,30,No,2023,NISSAN,SENTRA,39.11882921,-77.25173402,2025,3,14
250010880,Property Damage Crash,03/12/2025 02:34:00 PM,NA,NA,Single Vehicle,Clear,NA,Daylight,NA,NONE DETECTED,No,No Apparent Injury,Improper Turn,Not Distracted,MD,Passenger Car,Making U-Turn,0,No,2016,HONDA,CIVIC,39.0591379,-77.10753081,2025,3,14
250010860,Injury Crash,03/12/2025 02:15:00 PM,NA,NA,Front to Rear,Clear,Dry,Daylight,No Controls,NONE DETECTED,Yes,Possible Minor Injury,Followed Too Closely,Unknown,MD,Sport Utility Vehicle,Moving Constant Speed,30,No,2015,ACURA,RDX,39.28365143,-77.20193483,2025,3,14