Local Case Number,ACRS Report Type,Crash Date/Time,Road Name,Related Non-Motorist,Collision Type,Weather,Surface Condition,Light,Traffic Control,Driver Substance Abuse,Driver At Fault,Injury Severity,Circumstance,Driver Distracted By,Drivers License State,Vehicle Body Type,Vehicle Movement,Speed Limit,Driverless Vehicle,Vehicle Year,Vehicle Make,Vehicle Model,Latitude,Longitude,Year,Month,Hour
250010860,Injury Crash,03/12/2025 02:15:00 PM,NA,NA,Front to Rear,Clear,Dry,Daylight,No Controls,NONE DETECTED,No,Possible Minor Injury,NA,Not Distracted,MD,Passenger Car,Stopped in Traffic,30,No,2017,SUBARU,LEGACY,39.28365143,-77.20193483,2025,3,14
250010856,Property Damage Crash,03/12/2025 01:45:00 PM,COLUMBIA PIKE,NA,Front to Rear,Clear,Dry,Daylight,Traffic Control Signal,NONE DETECTED,No,No Apparent Injury,NA,Unknown,MD,Passenger Car,Slowing or Stopping,50,No,2006,CADILLAC,STS,39.07319408,-76.95566702,2025,3,13
250010856,Property Damage Crash,03/12/2025 01:45:00 PM,COLUMBIA PIKE,NA,Front to Rear,Clear,Dry,Daylight,Traffic Control Signal,NONE DETECTED,No,NA,NA,NA,NA,Passenger Car,Slowing or Stopping,50,No,2018,HYUNDAI,SONATA,39.07319408,-76.95566702,2025,3,13
250010842,Property Damage Crash,03/12/2025 01:16:00 PM,BUCKINGHAM DR,NA,Front to Rear,Clear,Dry,Daylight,Traffic Control Signal,NONE DETECTED,Yes,No Apparent Injury,NA,Unknown,WV,Passenger Car,Moving Constant Speed,35,No,2013,KIA,OPTIMA,39.00615803,-76.99743961,2025,3,13
250010842,Property Damage Crash,03/12/2025 01:16:00 PM,BUCKINGHAM DR,NA,Front to Rear,Clear,Dry,Daylight,Traffic Control Signal,NONE DETECTED,No,No Apparent Injury,NA,Not Distracted,MD,Sport Utility Vehicle,Stopped in Traffic,35,No,2012,KIA,SEDONA,39.00615803,-76.99743961,2025,3,13
250010842,Property Damage Crash,03/12/2025 01:16:00 PM,BUCKINGHAM DR,NA,Front to Rear,Clear,Dry,Daylight,Traffic Control Signal,NONE DETECTED,No,No Apparent Injury,NA,Not Distracted,MD,Sport Utility Vehicle,Stopped in Traffic,35,No,2020,CHRYSLER,PACIFICA,39.00615803,-76.99743961,2025,3,13
250010844,Injury Crash,03/12/2025 01:13:00 PM,COLUMBIA PIKE,NA,Front to Rear,Clear,Dry,Daylight,No Controls,NONE DETECTED,No,NA,NA,NA,NA,NA,Moving Constant Speed,40,No,0,NA,NA,39.03091717,-77.00489871,2025,3,13
250010844,Injury Crash,03/12/2025 01:13:00 PM,COLUMBIA PIKE,NA,Front to Rear,Clear,Dry,Daylight,No Controls,NONE DETECTED,Yes,Possible Minor Injury,Failed to Yield Right-of-Way,Not Distracted,MD,Passenger Car,Entering Traffic Lane,40,No,2020,HONDA,INSIGHT,39.03091717,-77.00489871,2025,3,13
250010838,Property Damage Crash,03/12/2025 01:05:00 PM,NA,NA,Rear To Side,Clear,NA,Daylight,NA,NONE DETECTED,No,No Apparent Injury,NA,Not Distracted,MD,Passenger Car,Moving Constant Speed,0,No,2015,TOYOTA,RAV4,39.05532233,-76.96970567,2025,3,13
250010838,Property Damage Crash,03/12/2025 01:05:00 PM,NA,NA,Rear To Side,Clear,NA,Daylight,NA,NONE DETECTED,No,No Apparent Injury,NA,Not Distracted,MD,Passenger Car,Moving Constant Speed,0,No,2017,JEEP,PATRIOT,39.05532233,-76.96970567,2025,3,13
250012570,Property Damage Crash,03/12/2025 12:30:00 PM,COLESVILLE RD,NA,"Sideswipe, Same Direction",Clear,Dry,Daylight,No Controls,NONE DETECTED,Yes,No Apparent Injury,"Failed to Yield Right-of-Way, Improper Passing",Unknown,MD,Bus - School,Changing Lanes,30,No,2021,THOMAS BUILT,HDX,39.00646655,-77.0215931,2025,3,12
250012570,Property Damage Crash,03/12/2025 12:30:00 PM,COLESVILLE RD,NA,"Sideswipe, Same Direction",Clear,Dry,Daylight,No Controls,NONE DETECTED,No,No Apparent Injury,NA,Not Distracted,MD,Sport Utility Vehicle,Moving Constant Speed,30,No,2025,CHEVROLET,EQUINOX,39.00646655,-77.0215931,2025,3,12
250010831,Injury Crash,03/12/2025 12:14:00 PM,NA,NA,Angle,Clear,NA,Daylight,NA,NONE DETECTED,Yes,No Apparent Injury,NA,Unknown,MD,Sport Utility Vehicle,Turning Right,0,No,2017,NISSAN,PATHFINDER,38.99977638,-76.99482317,2025,3,12
250010831,Injury Crash,03/12/2025 12:14:00 PM,NA,NA,Angle,Clear,NA,Daylight,NA,NONE DETECTED,No,Possible Minor Injury,NA,Not Distracted,MD,Passenger Car,Moving Constant Speed,0,No,2011,INFINITI,G37,38.99977638,-76.99482317,2025,3,12
250010824,Property Damage Crash,03/12/2025 11:30:00 AM,DEMOCRACY BLVD,NA,"Sideswipe, Same Direction",Clear,Dry,Daylight,No Controls,NONE DETECTED,No,No Apparent Injury,Failed to Keep in Proper Lane,Unknown,MD,Single-Unit Truck,Changing Lanes,35,No,1997,PETERBILT,357,39.02431923,-77.12686142,2025,3,11
250010824,Property Damage Crash,03/12/2025 11:30:00 AM,DEMOCRACY BLVD,NA,"Sideswipe, Same Direction",Clear,Dry,Daylight,No Controls,NONE DETECTED,No,No Apparent Injury,Failed to Keep in Proper Lane,Unknown,MD,Sport Utility Vehicle,Changing Lanes,35,No,2024,AUDI,Q3,39.02431923,-77.12686142,2025,3,11
250010817,Property Damage Crash,03/12/2025 10:57:00 AM,RANDOLPH RD,NA,"Sideswipe, Same Direction",Clear,Dry,Daylight,Traffic Control Signal,NONE DETECTED,No,No Apparent Injury,NA,Unknown,MD,Bus - School,Stopped in Traffic,30,No,2023,FREIGHTLINER,B2 106 ELECTRIC CONVENTIONAL CHASSIS,39.05905118,-77.06908672,2025,3,10
250010817,Property Damage Crash,03/12/2025 10:57:00 AM,RANDOLPH RD,NA,"Sideswipe, Same Direction",Clear,Dry,Daylight,Traffic Control Signal,NONE DETECTED,Yes,No Apparent Injury,NA,Unknown,MD,Other Trucks,Accelerating,30,No,2013,FORD,E-450,39.05905118,-77.06908672,2025,3,10
250010822,Property Damage Crash,03/12/2025 10:54:00 AM,VEIRS MILL RD (WB/L),NA,Angle,Clear,Dry,Daylight,No Controls,NONE DETECTED,Yes,No Apparent Injury,Failed to Yield Right-of-Way,Not Distracted,NA,Passenger Car,Turning Left,35,No,2007,HONDA,ACCORD,39.04158248,-77.05837318,2025,3,10
250010822,Property Damage Crash,03/12/2025 10:54:00 AM,VEIRS MILL RD (WB/L),NA,Angle,Clear,Dry,Daylight,No Controls,NONE DETECTED,No,No Apparent Injury,NA,Not Distracted,MD,Passenger Car,Moving Constant Speed,35,No,2018,HYUNDAI,SONATA,39.04158248,-77.05837318,2025,3,10
250010811,Injury Crash,03/12/2025 10:38:00 AM,RAMP 7 FR RAMP 1 (FR IS270) TO WASH BLVD,NA,Front to Rear,Clear,Dry,Daylight,Traffic Control Signal,NONE DETECTED,No,No Apparent Injury,NA,Not Distracted,MD,Passenger Car,Stopped in Traffic,25,No,2019,CHEVROLET,COLORADO,39.11833067,-77.2061465,2025,3,10
250010811,Injury Crash,03/12/2025 10:38:00 AM,RAMP 7 FR RAMP 1 (FR IS270) TO WASH BLVD,NA,Front to Rear,Clear,Dry,Daylight,Traffic Control Signal,NONE DETECTED,Yes,No Apparent Injury,Other Improper Action,Not Distracted,MD,Passenger Car,Moving Constant Speed,25,No,2023,HONDA,CIVIC,39.11833067,-77.2061465,2025,3,10
250010811,Injury Crash,03/12/2025 10:38:00 AM,RAMP 7 FR RAMP 1 (FR IS270) TO WASH BLVD,NA,Front to Rear,Clear,Dry,Daylight,Traffic Control Signal,NONE DETECTED,No,Possible Minor Injury,NA,Not Distracted,MD,Passenger Car,Stopped in Traffic,25,No,2018,DODGE,JOURNEY,39.11833067,-77.2061465,2025,3,10
250010808,Injury Crash,03/12/2025 09:59:00 AM,NA,NA,Single Vehicle,Clear,Dry,Daylight,Traffic Control Signal,NONE DETECTED,Yes,Possible Minor Injury,Ran Off Roadway,Not Distracted,MD,Passenger Car,Moving Constant Speed,35,No,2014,MERCEDES-BENZ,E-CLASS,38.97861,-77.20680667,2025,3,9
250010799,Property Damage Crash,03/12/2025 09:45:00 AM,STONEGATE DR,NA,Other,Clear,Dry,Daylight,No Controls,NONE DETECTED,No,No Apparent Injury,NA,Not Distracted,MD,Passenger Car,Accelerating,35,No,2015,HONDA,ACCORD,39.09989189,-77.00367935,2025,3,9
250010799,Property Damage Crash,03/12/2025 09:45:00 AM,STONEGATE DR,NA,Other,Clear,Dry,Daylight,No Controls,NONE DETECTED,No,No Apparent Injury,NA,Not Distracted,MD,Pickup,Turning Left,40,No,2022,FORD,F-150,39.09989189,-77.00367935,2025,3,9
250010794,Property Damage Crash,03/12/2025 09:03:00 AM,MONTROSE RD,NA,"Sideswipe, Same Direction",Clear,Dry,Daylight,No Controls,NONE DETECTED,No,No Apparent Injury,NA,Not Distracted,MD,Bus - School,Moving Constant Speed,35,No,2017,THOMAS BUILT,SCHOOL BUS,39.05513257,-77.14731119,2025,3,9
250010794,Property Damage Crash,03/12/2025 09:03:00 AM,MONTROSE RD,NA,"Sideswipe, Same Direction",Clear,Dry,Daylight,No Controls,NONE DETECTED,Yes,No Apparent Injury,NA,Not Distracted,MD,Sport Utility Vehicle,Changing Lanes,35,No,2023,VOLKSWAGEN,ID.4,39.05513257,-77.14731119,2025,3,9
250010792,Property Damage Crash,03/12/2025 09:00:00 AM,RESEARCH BLVD,NA,Angle,Clear,Dry,Daylight,No Controls,NONE DETECTED,No,No Apparent Injury,NA,Not Distracted,OH,Passenger Car,Moving Constant Speed,30,No,2014,SUBARU,OUTBACK,39.10526567,-77.19147167,2025,3,9
250010792,Property Damage Crash,03/12/2025 09:00:00 AM,RESEARCH BLVD,NA,Angle,Clear,Dry,Daylight,No Controls,NONE DETECTED,Yes,No Apparent Injury,NA,Not Distracted,MD,Passenger Car,Turning Left,30,No,2012,TOYOTA,COROLLA,39.10526567,-77.19147167,2025,3,9
250010784,Property Damage Crash,03/12/2025 08:23:00 AM,HATHAWAY DR,NA,Angle,Clear,Dry,Daylight,No Controls,NONE DETECTED,No,No Apparent Injury,NA,Not Distracted,MD,Passenger Car,Making U-Turn,40,No,2014,HONDA,ACCORD,39.07488268,-77.04581445,2025,3,8
250010784,Property Damage Crash,03/12/2025 08:23:00 AM,HATHAWAY DR,NA,Angle,Clear,Dry,Daylight,Stop Sign,NONE DETECTED,Yes,No Apparent Injury,NA,Unknown,MD,Passenger Car,Entering Traffic Lane,35,No,2009,NISSAN,VERSA,39.07488268,-77.04581445,2025,3,8
250010777,Property Damage Crash,03/12/2025 07:31:00 AM,SNOWSHOE LA,NA,Rear To Side,Clear,Dry,Daylight,No Controls,NONE DETECTED,No,No Apparent Injury,NA,Not Distracted,MD,Bus - School,Slowing or Stopping,25,No,2021,THOMAS BUILT,HDX,39.03965667,-77.11435167,2025,3,7
250010777,Property Damage Crash,03/12/2025 07:31:00 AM,SNOWSHOE LA,NA,Rear To Side,Clear,Dry,Daylight,No Controls,NONE DETECTED,No,No Apparent Injury,NA,Not Distracted,MD,Passenger Car,Backing,25,No,2012,HONDA,ACCORD,39.03965667,-77.11435167,2025,3,7
250010772,Injury Crash,03/12/2025 06:00:00 AM,GERMANTOWN RD (SB/L),NA,Angle,Clear,Dry,Medium,Traffic Control Signal,NONE DETECTED,Yes,No Apparent Injury,"Disregarded Other Traffic Sign, Failed to Yield Right-of-Way, Ran Red Light",Not Distracted,MD,Van - Passenger (&lt;9 Seats),Turning Left,40,No,2014,CHEVROLET,EXPRESS,39.19231183,-77.242755,2025,3,6
250010772,Injury Crash,03/12/2025 06:00:00 AM,GERMANTOWN RD (SB/L),NA,Angle,Clear,Dry,Medium,Traffic Control Signal,NONE DETECTED,No,Suspected Serious Injury,NA,Not Distracted,MD,Passenger Car,Moving Constant Speed,40,No,2018,HONDA,CIVIC,39.19231183,-77.242755,2025,3,6
250010765,Property Damage Crash,03/12/2025 12:15:00 AM,CLOVER HILL LA,NA,Angle,Clear,Dry,Medium,No Controls,NONE DETECTED,No,No Apparent Injury,"Operated Motor Vehicle in Inattentive, Careless, Negligent, or Erratic Manner, Ran Off Roadway, Swerved or Avoided Due to Wind, Slippery Surface, Motor Vehicle, Object, Non-Motorist in Roadway, etc",Unknown,NA,Passenger Car,Moving Constant Speed,25,No,2019,MERCEDES-BENZ,CLS-CLASS,39.1632602,-77.07982781,2025,3,0
250010742,Property Damage Crash,03/11/2025 09:27:00 PM,GEORGIA AVE (SB/L),NA,"Sideswipe, Same Direction",Clear,Dry,Medium,No Controls,NONE DETECTED,No,No Apparent Injury,NA,Not Distracted,MD,Bus - Transit,Moving Constant Speed,40,No,2020,NEW FLYER,XCELSIOR,39.09239515,-77.07985494,2025,3,21
250010742,Property Damage Crash,03/11/2025 09:27:00 PM,GEORGIA AVE (SB/L),NA,"Sideswipe, Same Direction",Clear,Dry,Medium,No Controls,NONE DETECTED,No,NA,NA,NA,NA,Passenger Car,Entering Traffic Lane,40,No,2023,KIA,NIRO,39.09239515,-77.07985494,2025,3,21
250010737,Injury Crash,03/11/2025 08:40:00 PM,W DIAMOND AVE (WB/L),Scooter (electric),Single Vehicle,Clear,Dry,Medium,Traffic Control Signal,NONE DETECTED,Yes,No Apparent Injury,"Failed to Yield Right-of-Way, Other Improper Action",Not Distracted,MD,Sport Utility Vehicle,Turning Right,25,No,2002,TOYOTA,RAV4,39.14022667,-77.20504017,2025,3,20
250010739,Injury Crash,03/11/2025 08:38:00 PM,CONNECTICUT AVE,NA,Single Vehicle,Clear,Dry,Medium,No Controls,NONE DETECTED,No,Suspected Serious Injury,NA,Not Distracted,MD,Passenger Car,Changing Lanes,30,No,2008,HONDA,ACCORD,39.00534711,-77.07789639,2025,3,20
250010721,Fatal Crash,03/11/2025 07:04:00 PM,PERRY PKWY,NA,Single Vehicle,Clear,Dry,Medium,No Controls,NONE DETECTED,Yes,Fatal Injury,"Failed to Keep in Proper Lane, Operated Motor Vehicle in Inattentive, Careless, Negligent, or Erratic Manner, Ran Off Roadway",Unknown,MD,Passenger Car,Negotiating a Curve,30,No,2008,TOYOTA,CAMRY,39.14812691,-77.21371409,2025,3,19
250010712,Property Damage Crash,03/11/2025 06:31:00 PM,ALLEY #4,NA,Angle,Clear,Dry,Daylight,Traffic Control Signal,NONE DETECTED,No,No Apparent Injury,NA,Not Distracted,MD,Sport Utility Vehicle,Accelerating,35,No,2007,HONDA,CR-V,38.98753408,-76.98762425,2025,3,18
250010712,Property Damage Crash,03/11/2025 06:31:00 PM,ALLEY #4,NA,Angle,Clear,Dry,Daylight,Traffic Control Signal,NONE DETECTED,No,No Apparent Injury,NA,Unknown,MD,Passenger Car,Turning Left,35,No,2019,TOYOTA,CAMRY,38.98753408,-76.98762425,2025,3,18
250010706,Property Damage Crash,03/11/2025 06:14:00 PM,NORTH COMMONS WAY,NA,Angle,Clear,Dry,Daylight,No Controls,NONE DETECTED,No,No Apparent Injury,NA,Not Distracted,MD,Van - Passenger (&lt;9 Seats),Moving Constant Speed,25,No,2018,HONDA,ODYSSEY,39.06794143,-77.18295445,2025,3,18
250010706,Property Damage Crash,03/11/2025 06:14:00 PM,NORTH COMMONS WAY,NA,Angle,Clear,Dry,Daylight,Stop Sign,NONE DETECTED,No,No Apparent Injury,Failed to Yield Right-of-Way,Not Distracted,DC,Sport Utility Vehicle,Accelerating,25,No,2015,HONDA,CR-V,39.06794143,-77.18295445,2025,3,18
250010703,Property Damage Crash,03/11/2025 06:05:00 PM,SPRING ST,NA,Front to Front,Clear,Dry,Daylight,Traffic Control Signal,NONE DETECTED,No,No Apparent Injury,NA,Not Distracted,MD,Passenger Car,Turning Right,25,No,2009,HONDA,FIT,38.99964683,-77.03197333,2025,3,18
250010703,Property Damage Crash,03/11/2025 06:05:00 PM,SPRING ST,NA,Front to Front,Clear,Dry,Daylight,Traffic Control Signal,NONE DETECTED,No,No Apparent Injury,NA,Not Distracted,MD,Passenger Car,Making U-Turn,30,No,2020,DODGE,CHARGER,38.99964683,-77.03197333,2025,3,18
250010809,Property Damage Crash,03/11/2025 06:00:00 PM,NA,NA,Single Vehicle,Clear,NA,Daylight,NA,NONE DETECTED,Yes,No Apparent Injury,Other Improper Action,Not Distracted,MD,Passenger Car,Accelerating,0,No,2013,FORD,C-MAX,39.08390752,-77.08062094,2025,3,18
250010720,Injury Crash,03/11/2025 05:15:00 PM,RAMP 10 FR RAMP 5 TO OMEGA DR,NA,Angle,Clear,Dry,Daylight,No Controls,NONE DETECTED,No,Possible Minor Injury,NA,Not Distracted,MD,Passenger Car,Moving Constant Speed,30,No,2014,ACURA,MDX,39.1110017,-77.19168438,2025,3,17
250010720,Injury Crash,03/11/2025 05:15:00 PM,RAMP 10 FR RAMP 5 TO OMEGA DR,NA,Angle,Clear,Dry,Daylight,Stop Sign,NONE DETECTED,Yes,Possible Minor Injury,NA,Unknown,MD,Passenger Car,Turning Left,30,No,2004,TOYOTA,SIENNA,39.1110017,-77.19168438,2025,3,17
250010693,Property Damage Crash,03/11/2025 05:14:00 PM,AVERY RD,NA,Front to Rear,Clear,Dry,Daylight,Pedestrian Crossing Sign,NONE DETECTED,No,No Apparent Injury,NA,Not Distracted,MD,Sport Utility Vehicle,Stopped in Traffic,35,No,2023,CHEVROLET,TRAVERSE,39.10176531,-77.12474621,2025,3,17
250010693,Property Damage Crash,03/11/2025 05:14:00 PM,AVERY RD,NA,Front to Rear,Clear,Dry,Daylight,Pedestrian Crossing Sign,NONE DETECTED,No,No Apparent Injury,"Disregarded Other Traffic Sign, Followed Too Closely, Operated Motor Vehicle in Inattentive, Careless, Negligent, or Erratic Manner, Other Improper Action","Other Action (looking away from task, etc.)",MD,Sport Utility Vehicle,Moving Constant Speed,30,No,2021,CHEVROLET,EQUINOX,39.10176531,-77.12474621,2025,3,17
250010690,Property Damage Crash,03/11/2025 05:11:00 PM,GEORGIA AVE,NA,Front to Rear,Clear,Dry,Daylight,Traffic Control Signal,NONE DETECTED,No,No Apparent Injury,NA,Not Distracted,MD,Passenger Car,Slowing or Stopping,35,No,2021,TOYOTA,RAV4,39.03013739,-77.04765718,2025,3,17
250010690,Property Damage Crash,03/11/2025 05:11:00 PM,GEORGIA AVE,NA,Front to Rear,Clear,Dry,Daylight,Traffic Control Signal,NONE DETECTED,Yes,No Apparent Injury,Followed Too Closely,Unknown,MD,Passenger Car,Slowing or Stopping,35,No,2004,TOYOTA,CAMRY,39.03013739,-77.04765718,2025,3,17
250010691,Injury Crash,03/11/2025 05:08:00 PM,NA,NA,Angle,Clear,Dry,Daylight,No Controls,NONE DETECTED,No,No Apparent Injury,NA,Not Distracted,MD,Pickup,Moving Constant Speed,35,No,2006,CHEVROLET,SILVERADO,39.10950983,-76.93523817,2025,3,17
250010691,Injury Crash,03/11/2025 05:08:00 PM,NA,NA,Angle,Clear,Dry,Daylight,No Controls,NONE DETECTED,No,Possible Minor Injury,NA,Not Distracted,VA,Passenger Car,Turning Left,35,No,2019,NISSAN,SENTRA,39.10950983,-76.93523817,2025,3,17
250010686,Property Damage Crash,03/11/2025 04:49:00 PM,MUNCASTER MILL RD,NA,Front to Rear,Clear,Dry,Daylight,No Controls,NONE DETECTED,Yes,No Apparent Injury,Followed Too Closely,Not Distracted,MD,Sport Utility Vehicle,Moving Constant Speed,40,No,2005,SUBARU,FORESTER,39.1415965,-77.13795333,2025,3,16
250010686,Property Damage Crash,03/11/2025 04:49:00 PM,MUNCASTER MILL RD,NA,Front to Rear,Clear,Dry,Daylight,No Controls,NONE DETECTED,No,No Apparent Injury,NA,Not Distracted,MD,Passenger Car,Moving Constant Speed,40,No,2016,TOYOTA,RAV4,39.1415965,-77.13795333,2025,3,16
250010683,Injury Crash,03/11/2025 04:37:00 PM,CHEYENNE RD,NA,Angle,Clear,Dry,Daylight,No Controls,NONE DETECTED,No,No Apparent Injury,NA,Unknown,MD,Passenger Car,Moving Constant Speed,35,No,2018,HONDA,HR-V,39.12460333,-77.24734967,2025,3,16
250010683,Injury Crash,03/11/2025 04:37:00 PM,CHEYENNE RD,NA,Angle,Clear,Dry,Daylight,Stop Sign,NONE DETECTED,Yes,No Apparent Injury,"Failed to Yield Right-of-Way, Improper Turn",Unknown,MD,Passenger Car,Turning Left,35,No,2016,HYUNDAI,SONATA,39.12460333,-77.24734967,2025,3,16
25000418,Property Damage Crash,03/11/2025 04:35:00 PM,SLIGO CREEK PKWY,NA,Front to Front,Clear,Dry,Daylight,Traffic Control Signal,NONE DETECTED,No,No Apparent Injury,NA,Not Distracted,MD,Passenger Car,Accelerating,25,No,2018,RAM,PROMASTER 1500,39.00765322,-77.02003824,2025,3,16
25000418,Property Damage Crash,03/11/2025 04:35:00 PM,SLIGO CREEK PKWY,NA,Front to Front,Clear,Dry,Daylight,Traffic Control Signal,NONE DETECTED,No,NA,NA,NA,NA,Other,Turning Right,25,No,0,NA,NA,39.00765322,-77.02003824,2025,3,16
250010675,Property Damage Crash,03/11/2025 04:03:00 PM,MARYLAND AVE,NA,"Sideswipe, Opposite Direction",Clear,Dry,Daylight,No Controls,NONE DETECTED,No,No Apparent Injury,NA,Not Distracted,MD,Passenger Car,Moving Constant Speed,30,No,2016,FORD,EXPLORER,39.07907153,-77.15596287,2025,3,16
250010675,Property Damage Crash,03/11/2025 04:03:00 PM,MARYLAND AVE,NA,"Sideswipe, Opposite Direction",Clear,Dry,Daylight,No Controls,NONE DETECTED,No,NA,NA,NA,NA,NA,Moving Constant Speed,30,No,0,NA,NA,39.07907153,-77.15596287,2025,3,16
250010840,Injury Crash,03/11/2025 03:55:00 PM,NA,NA,Front to Rear,Clear,Dry,Daylight,No Controls,NONE DETECTED,No,Possible Minor Injury,NA,Not Distracted,MD,Passenger Car,Stopped in Traffic,25,No,2018,TOYOTA,TACOMA,38.94490151,-77.11830519,2025,3,15
250010840,Injury Crash,03/11/2025 03:55:00 PM,NA,NA,Front to Rear,Clear,Dry,Daylight,No Controls,NONE DETECTED,No,No Apparent Injury,"Operated Motor Vehicle in Inattentive, Careless, Negligent, or Erratic Manner, Other Improper Action","Other Action (looking away from task, etc.)",MD,Passenger Car,Moving Constant Speed,25,No,1997,CHEVROLET,S-10 PICKUP,38.94490151,-77.11830519,2025,3,15
250010665,Injury Crash,03/11/2025 03:40:00 PM,GEORGIA AVE,NA,Angle,Clear,Dry,Daylight,No Controls,NONE DETECTED,No,No Apparent Injury,NA,Not Distracted,MD,Passenger Car,Moving Constant Speed,35,No,2013,NISSAN,ROGUE,39.08502308,-77.07870561,2025,3,15
250010665,Injury Crash,03/11/2025 03:40:00 PM,GEORGIA AVE,NA,Angle,Clear,Dry,Daylight,No Controls,NONE DETECTED,Yes,No Apparent Injury,Failed to Yield Right-of-Way,Not Distracted,AL,Passenger Car,Turning Left,35,No,2020,GMC,YUKON XL,39.08502308,-77.07870561,2025,3,15
250010667,Injury Crash,03/11/2025 03:37:00 PM,NA,NA,Angle,Clear,Dry,Daylight,No Controls,NONE DETECTED,No,No Apparent Injury,NA,NA,NA,Passenger Car,Making U-Turn,30,No,2013,FORD,TAURUS,38.99165886,-77.09681236,2025,3,15
250010667,Injury Crash,03/11/2025 03:37:00 PM,NA,NA,Angle,Clear,Dry,Daylight,No Controls,NONE DETECTED,No,Possible Minor Injury,NA,Not Distracted,MD,Passenger Car,Moving Constant Speed,30,No,2024,TOYOTA,COROLLA,38.99165886,-77.09681236,2025,3,15
250010667,Injury Crash,03/11/2025 03:37:00 PM,NA,NA,Angle,Clear,Dry,Daylight,No Controls,NONE DETECTED,No,No Apparent Injury,NA,Not Distracted,MD,Sport Utility Vehicle,Parked,30,No,2002,ACURA,MDX,38.99165886,-77.09681236,2025,3,15
250010656,Injury Crash,03/11/2025 02:36:00 PM,RANDOLPH RD,NA,Front to Rear,Clear,Dry,Daylight,No Controls,NONE DETECTED,Yes,NA,NA,NA,NA,Passenger Car,Accelerating,35,No,2013,NISSAN,ALTIMA,39.05906502,-77.06688378,2025,3,14
250010656,Injury Crash,03/11/2025 02:36:00 PM,RANDOLPH RD,NA,Front to Rear,Clear,Dry,Daylight,No Controls,NONE DETECTED,No,Possible Minor Injury,NA,Not Distracted,MD,Passenger Car,Moving Constant Speed,35,No,2014,JEEP,WRANGLER,39.05906502,-77.06688378,2025,3,14
250010646,Injury Crash,03/11/2025 02:26:00 PM,MIDCOUNTY HWY (NB/L),NA,Angle,Clear,Dry,Daylight,Traffic Control Signal,NONE DETECTED,Yes,No Apparent Injury,Failed to Yield Right-of-Way,Not Distracted,MD,Sport Utility Vehicle,Turning Left,15,No,2024,FORD,BRONCO,39.15075667,-77.17427833,2025,3,14
250010646,Injury Crash,03/11/2025 02:26:00 PM,MIDCOUNTY HWY (NB/L),NA,Angle,Clear,Dry,Daylight,Traffic Control Signal,NONE DETECTED,No,Possible Minor Injury,NA,Not Distracted,MD,Passenger Car,Moving Constant Speed,45,No,2017,BMW,330I,39.15075667,-77.17427833,2025,3,14
250010645,Injury Crash,03/11/2025 02:15:00 PM,NA,NA,Single Vehicle,Clear,NA,Daylight,NA,NONE DETECTED,Yes,Possible Minor Injury,Ran Off Roadway,Unknown,MD,Passenger Car,Accelerating,0,No,2007,FORD,MUSTANG,39.08426109,-77.17394336,2025,3,14
250010642,Property Damage Crash,03/11/2025 01:41:00 PM,MUNCASTER MILL RD,NA,Angle,Clear,Dry,Daylight,No Controls,NONE DETECTED,No,No Apparent Injury,NA,Not Distracted,MD,Passenger Car,Moving Constant Speed,35,No,2011,MAZDA,MAZDA3,39.14605718,-77.14511873,2025,3,13
250010642,Property Damage Crash,03/11/2025 01:41:00 PM,MUNCASTER MILL RD,NA,Angle,Clear,Dry,Daylight,No Controls,NONE DETECTED,Yes,No Apparent Injury,Failed to Yield Right-of-Way,Unknown,MD,Pickup,Turning Left,35,No,2016,CHEVROLET,SILVERADO,39.14605718,-77.14511873,2025,3,13