Local Case Number,ACRS Report Type,Crash Date/Time,Road Name,Related Non-Motorist,Collision Type,Weather,Surface Condition,Light,Traffic Control,Driver Substance Abuse,Driver At Fault,Injury Severity,Circumstance,Driver Distracted By,Drivers License State,Vehicle Body Type,Vehicle Movement,Speed Limit,Driverless Vehicle,Vehicle Year,Vehicle Make,Vehicle Model,Latitude,Longitude,Year,Month,Hour
250010653,Property Damage Crash,03/11/2025 01:14:00 PM,NA,NA,"Sideswipe, Opposite Direction",Clear,NA,Daylight,NA,NONE DETECTED,Yes,No Apparent Injury,Other Improper Action,Not Distracted,MD,Passenger Car,Accelerating,0,No,2011,ACURA,ZDX,39.03977937,-76.98994508,2025,3,13
250010626,Property Damage Crash,03/11/2025 01:00:00 PM,GEORGIA AVE (SB/L),NA,Front to Rear,Clear,Dry,Daylight,No Controls,NONE DETECTED,No,No Apparent Injury,NA,Not Distracted,MD,Passenger Car,Slowing or Stopping,30,No,2007,TOYOTA,CAMRY,39.00040874,-77.03274905,2025,3,13
250010626,Property Damage Crash,03/11/2025 01:00:00 PM,GEORGIA AVE (SB/L),NA,Front to Rear,Clear,Dry,Daylight,No Controls,NONE DETECTED,No,No Apparent Injury,Followed Too Closely,Not Distracted,MD,Van - Cargo,Moving Constant Speed,30,No,2009,FORD,E-450,39.00040874,-77.03274905,2025,3,13
250010640,Property Damage Crash,03/11/2025 12:56:00 PM,NA,NA,Front to Rear,Clear,NA,Daylight,NA,NONE DETECTED,No,No Apparent Injury,NA,Unknown,MD,Bus - School,Turning Left,0,No,2022,THOMAS BUILT,HDX,39.04246972,-77.07726571,2025,3,12
250010627,Property Damage Crash,03/11/2025 12:30:00 PM,NA,NA,Front to Front,Clear,NA,Daylight,NA,NONE DETECTED,Yes,No Apparent Injury,Other Improper Action,Unknown,MD,Sport Utility Vehicle,NA,0,No,2019,HONDA,CR-V,39.01559749,-77.03459378,2025,3,12
250010601,Property Damage Crash,03/11/2025 10:38:00 AM,MONTROSE RD (WB/L),NA,Front to Rear,Clear,Dry,Daylight,No Controls,NONE DETECTED,No,No Apparent Injury,NA,Not Distracted,VA,Passenger Car,Slowing or Stopping,35,No,2002,TOYOTA,HIGHLANDER,39.05545583,-77.14802233,2025,3,10
250010601,Property Damage Crash,03/11/2025 10:38:00 AM,MONTROSE RD (WB/L),NA,Front to Rear,Clear,Dry,Daylight,No Controls,NONE DETECTED,No,No Apparent Injury,NA,Not Distracted,MD,Passenger Car,Moving Constant Speed,35,No,2008,KIA,SPECTRA,39.05545583,-77.14802233,2025,3,10
250010848,Injury Crash,03/11/2025 10:30:00 AM,HOWARD AVE,NA,Angle,Clear,Dry,Daylight,No Controls,NONE DETECTED,No,Possible Minor Injury,NA,Not Distracted,MD,Passenger Car,Turning Left,30,No,2000,TOYOTA,CAMRY,39.030442,-77.08487917,2025,3,10
250010848,Injury Crash,03/11/2025 10:30:00 AM,HOWARD AVE,NA,Angle,Clear,Dry,Daylight,Stop Sign,NONE DETECTED,Yes,No Apparent Injury,Failed to Yield Right-of-Way,Not Distracted,MD,Passenger Car,Turning Left,25,No,2019,TOYOTA,COROLLA,39.030442,-77.08487917,2025,3,10
250010713,Property Damage Crash,03/11/2025 10:28:00 AM,NA,NA,Front to Front,Clear,NA,Daylight,NA,NONE DETECTED,No,No Apparent Injury,NA,Not Distracted,VA,Passenger Car,Backing,0,No,2022,TOYOTA,CAMRY,38.98708531,-77.09589528,2025,3,10
250010586,Property Damage Crash,03/11/2025 09:20:00 AM,NA,NA,"Sideswipe, Same Direction",Clear,Dry,Daylight,Traffic Control Signal,NONE DETECTED,No,No Apparent Injury,NA,Not Distracted,MD,Passenger Car,Changing Lanes,35,No,2023,TOYOTA,COROLLA,39.01808652,-77.20902642,2025,3,9
250010586,Property Damage Crash,03/11/2025 09:20:00 AM,NA,NA,"Sideswipe, Same Direction",Clear,Dry,Daylight,Traffic Control Signal,NONE DETECTED,No,No Apparent Injury,NA,Not Distracted,MD,Pickup,Moving Constant Speed,35,No,2004,CHEVROLET,SILVERADO,39.01808652,-77.20902642,2025,3,9
250010584,Property Damage Crash,03/11/2025 08:43:00 AM,GERARD ST,NA,"Sideswipe, Same Direction",Clear,Dry,Daylight,No Controls,NONE DETECTED,No,No Apparent Injury,NA,Not Distracted,MD,Passenger Car,Moving Constant Speed,25,No,2007,TOYOTA,CAMRY,39.07859574,-77.17615835,2025,3,8
250010584,Property Damage Crash,03/11/2025 08:43:00 AM,GERARD ST,NA,"Sideswipe, Same Direction",Clear,Dry,Daylight,No Controls,NONE DETECTED,Yes,No Apparent Injury,NA,Not Distracted,MD,Bus - School,Moving Constant Speed,25,No,2021,THOMAS BUILT,SCHOOL BUS,39.07859574,-77.17615835,2025,3,8
250010581,Property Damage Crash,03/11/2025 08:12:00 AM,OLD CHESTER RD,NA,"Sideswipe, Same Direction",Clear,Dry,Daylight,No Controls,NONE DETECTED,No,No Apparent Injury,NA,Unknown,VA,Pickup,Entering Traffic Lane,25,No,2022,FORD,F-250,38.98959184,-77.11879977,2025,3,8
250010581,Property Damage Crash,03/11/2025 08:12:00 AM,OLD CHESTER RD,NA,"Sideswipe, Same Direction",Clear,Dry,Daylight,No Controls,NONE DETECTED,No,No Apparent Injury,NA,Not Distracted,MD,Bus - School,Moving Constant Speed,25,No,2017,THOMAS BUILT,HDX,38.98959184,-77.11879977,2025,3,8
250010574,Property Damage Crash,03/11/2025 07:24:00 AM,CENTERWAY RD (WB/L),NA,"Sideswipe, Same Direction",Clear,Dry,Daylight,Traffic Control Signal,NONE DETECTED,No,No Apparent Injury,NA,Not Distracted,FL,Passenger Car,Turning Left,30,No,2018,JEEP,WRANGLER,39.17257866,-77.20355278,2025,3,7
250010574,Property Damage Crash,03/11/2025 07:24:00 AM,CENTERWAY RD (WB/L),NA,"Sideswipe, Same Direction",Clear,Dry,Daylight,Traffic Control Signal,NONE DETECTED,Yes,No Apparent Injury,Failed to Keep in Proper Lane,Not Distracted,MD,Bus - School,Turning Left,30,No,2020,THOMAS BUILT,HDX,39.17257866,-77.20355278,2025,3,7
250010573,Property Damage Crash,03/11/2025 06:47:00 AM,NA,NA,"Sideswipe, Opposite Direction",Clear,Dry,Dark,No Controls,NONE DETECTED,No,No Apparent Injury,NA,Not Distracted,MD,Bus - School,Moving Constant Speed,35,No,2023,FREIGHTLINER,B2 106 ELECTRIC CONVENTIONAL CHASSIS,39.1669854,-77.19163688,2025,3,6
250010573,Property Damage Crash,03/11/2025 06:47:00 AM,NA,NA,"Sideswipe, Opposite Direction",Clear,Dry,Dark,No Controls,NONE DETECTED,No,NA,Failed to Keep in Proper Lane,Unknown,NA,Unknown,Moving Constant Speed,35,No,0,NA,NA,39.1669854,-77.19163688,2025,3,6
250010748,Property Damage Crash,03/11/2025 12:00:00 AM,LINCOLN ST,NA,"Sideswipe, Same Direction",Clear,Dry,Medium,No Controls,NONE DETECTED,No,No Apparent Injury,NA,Unknown,MD,Passenger Car,Moving Constant Speed,35,No,2001,TOYOTA,CAMRY,39.09119085,-77.13921969,2025,3,0
250010550,Injury Crash,03/10/2025 08:45:00 PM,ATHERTON DR,NA,"Sideswipe, Same Direction",Clear,Dry,Medium,No Controls,NONE DETECTED,No,No Apparent Injury,NA,NA,MD,Passenger Car,Moving Constant Speed,25,No,2024,HONDA,CIVIC,39.05874133,-77.0762805,2025,3,20
250010550,Injury Crash,03/10/2025 08:45:00 PM,ATHERTON DR,NA,"Sideswipe, Same Direction",Clear,Dry,Medium,No Controls,NONE DETECTED,No,Possible Minor Injury,NA,Not Distracted,MD,Passenger Car,Parked,25,No,2013,AUDI,S4,39.05874133,-77.0762805,2025,3,20
250010543,Property Damage Crash,03/10/2025 07:05:00 PM,HOUSTON AVE,NA,Front to Rear,Clear,Dry,Daylight,No Controls,NONE DETECTED,No,NA,NA,NA,NA,Van - Passenger (&lt;9 Seats),NA,25,No,2006,FORD,E-350,38.99033204,-77.00431863,2025,3,19
250010517,Injury Crash,03/10/2025 05:30:00 PM,MATENY RD,NA,Angle,Clear,Dry,Daylight,No Controls,NONE DETECTED,No,Possible Minor Injury,NA,Not Distracted,MD,Passenger Car,Moving Constant Speed,30,No,2017,BMW,320I,39.14733862,-77.27178696,2025,3,17
250010517,Injury Crash,03/10/2025 05:30:00 PM,MATENY RD,NA,Angle,Clear,Dry,Daylight,No Controls,NONE DETECTED,Yes,No Apparent Injury,Failed to Yield Right-of-Way,Unknown,MD,Passenger Car,Entering Traffic Lane,30,No,2018,HONDA,CR-V,39.14733862,-77.27178696,2025,3,17
250010524,Injury Crash,03/10/2025 05:27:00 PM,NORWOOD RD,NA,Front to Front,Clear,Dry,Daylight,No Controls,NONE DETECTED,No,No Apparent Injury,"Swerved or Avoided Due to Wind, Slippery Surface, Motor Vehicle, Object, Non-Motorist in Roadway, etc",Not Distracted,MD,Passenger Car,Moving Constant Speed,30,No,2004,LEXUS,RX,39.13617862,-77.03191458,2025,3,17
250010524,Injury Crash,03/10/2025 05:27:00 PM,NORWOOD RD,NA,Front to Front,Clear,Dry,Daylight,No Controls,NONE DETECTED,No,Possible Minor Injury,NA,Not Distracted,MD,Passenger Car,Moving Constant Speed,30,No,2024,FORD,BRONCO,39.13617862,-77.03191458,2025,3,17
250010524,Injury Crash,03/10/2025 05:27:00 PM,NORWOOD RD,NA,Front to Front,Clear,Dry,Daylight,No Controls,DRUG PRESENT,Yes,Possible Minor Injury,"Disregarded Other Road Markings, Failed to Keep in Proper Lane, Operated Motor Vehicle in Inattentive, Careless, Negligent, or Erratic Manner, Ran Off Roadway, Too Fast For Conditions, Wrong Side, Wrong Way",Unknown,MD,Passenger Car,Moving Constant Speed,30,No,2016,VOLKSWAGEN,JETTA,39.13617862,-77.03191458,2025,3,17
250010356,Property Damage Crash,03/10/2025 05:02:00 PM,LEXINGTON DR,NA,Front to Rear,Clear,Dry,Daylight,Traffic Control Signal,NONE DETECTED,No,No Apparent Injury,NA,Unknown,MD,Passenger Car,Stopped in Traffic,40,No,2013,CHEVROLET,MALIBU,39.019480540000004,-77.01079235,2025,3,17
250010356,Property Damage Crash,03/10/2025 05:02:00 PM,LEXINGTON DR,NA,Front to Rear,Clear,Dry,Daylight,Traffic Control Signal,NONE DETECTED,No,NA,NA,NA,NA,Passenger Car,Moving Constant Speed,40,No,1998,VOLVO,S70,39.019480540000004,-77.01079235,2025,3,17
250010594,Injury Crash,03/10/2025 04:00:00 PM,NA,Pedestrian,Single Vehicle,Clear,NA,Daylight,NA,NONE DETECTED,No,NA,NA,NA,NA,Sport Utility Vehicle,Backing,0,No,9999,UNKNOWN,UNKNOWN,39.10181354,-77.07564686,2025,3,16
250010504,Injury Crash,03/10/2025 03:40:00 PM,BEALLSVILLE RD,NA,Front to Front,Clear,Dry,Daylight,No Controls,NONE DETECTED,No,Possible Minor Injury,NA,Not Distracted,MD,Passenger Car,Moving Constant Speed,40,No,2017,TOYOTA,RAV4,39.153755,-77.41749667,2025,3,15
250010504,Injury Crash,03/10/2025 03:40:00 PM,BEALLSVILLE RD,NA,Front to Front,Clear,Dry,Daylight,No Controls,NONE DETECTED,No,No Apparent Injury,Failed to Keep in Proper Lane,"Other Action (looking away from task, etc.)",WV,Passenger Car,Moving Constant Speed,40,No,2013,CHEVROLET,SUBURBAN,39.153755,-77.41749667,2025,3,15
250010504,Injury Crash,03/10/2025 03:40:00 PM,BEALLSVILLE RD,NA,Front to Front,Clear,Dry,Daylight,No Controls,NONE DETECTED,No,Possible Minor Injury,"Swerved or Avoided Due to Wind, Slippery Surface, Motor Vehicle, Object, Non-Motorist in Roadway, etc",Not Distracted,MD,Passenger Car,Moving Constant Speed,40,No,2015,GMC,SIERRA,39.153755,-77.41749667,2025,3,15
250010498,Injury Crash,03/10/2025 03:26:00 PM,POOKS HILL RD,NA,Front to Rear,Cloudy,Dry,Daylight,Traffic Control Signal,NONE DETECTED,Yes,No Apparent Injury,"Followed Too Closely, Other Improper Action",Not Distracted,MD,Pickup,Slowing or Stopping,35,No,2007,CHEVROLET,SILVERADO,39.01501598,-77.10003631,2025,3,15
250010498,Injury Crash,03/10/2025 03:26:00 PM,POOKS HILL RD,NA,Front to Rear,Cloudy,Dry,Daylight,Traffic Control Signal,NONE DETECTED,No,Possible Minor Injury,NA,Not Distracted,MD,Sport Utility Vehicle,Stopped in Traffic,35,No,2013,NISSAN,ROGUE,39.01501598,-77.10003631,2025,3,15
250010500,Property Damage Crash,03/10/2025 03:17:00 PM,NA,NA,Single Vehicle,Clear,NA,Daylight,NA,NONE DETECTED,No,No Apparent Injury,NA,Unknown,MD,Passenger Car,Moving Constant Speed,0,No,2020,SUBARU,FORESTER,39.10210533,-77.06272933,2025,3,15
250010533,Property Damage Crash,03/10/2025 03:00:00 PM,NA,NA,Front to Front,Clear,NA,Daylight,NA,NONE DETECTED,Yes,No Apparent Injury,"Improper Turn, Operated Motor Vehicle in Inattentive, Careless, Negligent, or Erratic Manner, Other Improper Action",Unknown,MD,Sport Utility Vehicle,Turning Left,0,No,2019,AUDI,Q5,39.02325706,-77.14443748,2025,3,15
250010491,Injury Crash,03/10/2025 02:41:00 PM,MILBERN DR,Pedestrian,Single Vehicle,Clear,Dry,Daylight,No Controls,NONE DETECTED,No,No Apparent Injury,NA,Unknown,MD,Sport Utility Vehicle,Turning Left,25,No,2022,CHEVROLET,TAHOE,39.05090721,-77.1772632,2025,3,14
250010495,Injury Crash,03/10/2025 02:00:00 PM,NA,Pedestrian,Single Vehicle,Clear,NA,Daylight,NA,NONE DETECTED,No,No Apparent Injury,NA,Unknown,MD,Passenger Car,Accelerating,0,No,2015,VOLVO,XC70,39.15658209,-77.21402032,2025,3,14
250010472,Property Damage Crash,03/10/2025 01:12:00 PM,GEORGIA AVE (SB/L),NA,Angle,Clear,Dry,Daylight,Traffic Control Signal,NONE DETECTED,Yes,No Apparent Injury,"Disregarded Other Road Markings, Failed to Keep in Proper Lane, Followed Too Closely, Improper Passing, Other Improper Action",Not Distracted,MD,Passenger Car,Changing Lanes,35,No,1998,TOYOTA,COROLLA,39.032018,-77.04842783,2025,3,13
250010472,Property Damage Crash,03/10/2025 01:12:00 PM,GEORGIA AVE (SB/L),NA,Angle,Clear,Dry,Daylight,Traffic Control Signal,NONE DETECTED,No,No Apparent Injury,NA,Not Distracted,MD,Pickup,Stopped in Traffic,35,No,2021,FORD,RANGER,39.032018,-77.04842783,2025,3,13
250010466,Property Damage Crash,03/10/2025 12:52:00 PM,WHITES FERRY RD,NA,Single Vehicle,Clear,Dry,Daylight,Traffic Control Signal,NONE DETECTED,No,No Apparent Injury,NA,Not Distracted,MD,Truck Tractor,Making U-Turn,50,No,2023,FREIGHTLINER,CASCADIA,39.12853076,-77.34310431,2025,3,12
250010732,Property Damage Crash,03/10/2025 12:43:00 PM,NA,NA,Front to Front,Clear,NA,Daylight,NA,NONE DETECTED,No,NA,NA,NA,NA,Passenger Car,Accelerating,0,No,2009,JEEP,GRAND CHEROKEE,39.08432431,-76.95180278,2025,3,12
250010460,Injury Crash,03/10/2025 12:36:00 PM,GEORGIA AVE (SB/L),NA,Front to Rear,Clear,Dry,Daylight,Traffic Control Signal,NONE DETECTED,No,Possible Minor Injury,NA,Not Distracted,MD,Sport Utility Vehicle,Accelerating,40,No,2023,FORD,BRONCO SPORT,39.12655917,-77.075026,2025,3,12
250010460,Injury Crash,03/10/2025 12:36:00 PM,GEORGIA AVE (SB/L),NA,Front to Rear,Clear,Dry,Daylight,Traffic Control Signal,NONE DETECTED,Yes,No Apparent Injury,NA,"Other Action (looking away from task, etc.)",MD,Passenger Car,Moving Constant Speed,40,No,2017,MERCEDES-BENZ,S-CLASS,39.12655917,-77.075026,2025,3,12
250010456,Injury Crash,03/10/2025 12:22:00 PM,WINDHAM LA,NA,Front to Rear,Clear,Dry,Daylight,Traffic Control Signal,NONE DETECTED,No,No Apparent Injury,NA,Not Distracted,MD,Passenger Car,Slowing or Stopping,35,No,2016,HONDA,ACCORD,39.03172867,-77.04829283,2025,3,12
250010456,Injury Crash,03/10/2025 12:22:00 PM,WINDHAM LA,NA,Front to Rear,Clear,Dry,Daylight,Traffic Control Signal,NONE DETECTED,No,No Apparent Injury,NA,Not Distracted,MD,Passenger Car,Stopped in Traffic,35,No,2008,LEXUS,RX,39.03172867,-77.04829283,2025,3,12
250010456,Injury Crash,03/10/2025 12:22:00 PM,WINDHAM LA,NA,Front to Rear,Clear,Dry,Daylight,Traffic Control Signal,NONE DETECTED,Yes,No Apparent Injury,NA,Unknown,MD,Passenger Car,Moving Constant Speed,35,No,2015,HONDA,CIVIC,39.03172867,-77.04829283,2025,3,12
250010433,Property Damage Crash,03/10/2025 09:44:00 AM,NA,NA,"Sideswipe, Same Direction",Clear,Dry,Daylight,Yield Sign,NONE DETECTED,No,No Apparent Injury,NA,Not Distracted,MD,Passenger Car,Moving Constant Speed,35,No,2023,JEEP,WRANGLER,39.08176972,-77.14588887,2025,3,9
250010433,Property Damage Crash,03/10/2025 09:44:00 AM,NA,NA,"Sideswipe, Same Direction",Clear,Dry,Daylight,Yield Sign,NONE DETECTED,Yes,No Apparent Injury,NA,Not Distracted,MD,Passenger Car,Entering Traffic Lane,35,No,2015,HONDA,CR-V,39.08176972,-77.14588887,2025,3,9
250010428,Property Damage Crash,03/10/2025 09:10:00 AM,RUSSETT RD,NA,"Sideswipe, Same Direction",Clear,Dry,Daylight,No Controls,NONE DETECTED,Yes,No Apparent Injury,NA,Not Distracted,MD,Bus - School,Moving Constant Speed,25,No,2018,FREIGHTLINER,B2 BUS CHASSIS,39.08910601,-77.10557957,2025,3,9
250010426,Property Damage Crash,03/10/2025 09:05:00 AM,GEORGIA AVE (SB/L),NA,"Sideswipe, Same Direction",Clear,Dry,Daylight,Traffic Control Signal,NONE DETECTED,No,NA,NA,NA,NA,NA,Turning Left,35,No,0,NA,NA,39.04730077,-77.05209684,2025,3,9
250010426,Property Damage Crash,03/10/2025 09:05:00 AM,GEORGIA AVE (SB/L),NA,"Sideswipe, Same Direction",Clear,Dry,Daylight,Traffic Control Signal,NONE DETECTED,No,No Apparent Injury,NA,Not Distracted,MD,Bus - School,Stopped in Traffic,35,No,2017,THOMAS BUILT,HDX,39.04730077,-77.05209684,2025,3,9
250010420,Injury Crash,03/10/2025 08:36:00 AM,INWOOD AVE,NA,Other,Clear,Dry,Daylight,Traffic Control Signal,NONE DETECTED,No,No Apparent Injury,NA,Unknown,MD,Passenger Car,Accelerating,25,No,1998,TOYOTA,CAMRY,39.03596133,-77.036403,2025,3,8
250010420,Injury Crash,03/10/2025 08:36:00 AM,INWOOD AVE,NA,Other,Clear,Dry,Daylight,Traffic Control Signal,NONE DETECTED,Yes,Possible Minor Injury,NA,Unknown,MD,Passenger Car,Accelerating,35,No,2008,TOYOTA,PRIUS,39.03596133,-77.036403,2025,3,8
250010420,Injury Crash,03/10/2025 08:36:00 AM,INWOOD AVE,NA,Other,Clear,Dry,Daylight,Traffic Control Signal,NONE DETECTED,No,Possible Minor Injury,NA,Unknown,MD,Passenger Car,Accelerating,25,No,2010,TOYOTA,PRIUS,39.03596133,-77.036403,2025,3,8
250010418,Injury Crash,03/10/2025 08:07:00 AM,NA,NA,Single Vehicle,Clear,NA,Daylight,NA,NONE DETECTED,Yes,Possible Minor Injury,NA,Unknown,VA,Sport Utility Vehicle,Moving Constant Speed,0,No,2023,TOYOTA,VENZA,39.01702583,-77.20955574,2025,3,8
250010414,Property Damage Crash,03/10/2025 07:30:00 AM,NA,NA,Front to Rear,Clear,Dry,Daylight,No Controls,NONE DETECTED,No,No Apparent Injury,NA,Not Distracted,MD,Passenger Car,Stopped in Traffic,25,No,2019,AUDI,A6,39.014483,-77.20367233,2025,3,7
250010414,Property Damage Crash,03/10/2025 07:30:00 AM,NA,NA,Front to Rear,Clear,Dry,Daylight,No Controls,NONE DETECTED,Yes,No Apparent Injury,Followed Too Closely,Not Distracted,NA,Pickup,Moving Constant Speed,25,No,2002,FORD,F-450,39.014483,-77.20367233,2025,3,7
250010412,Injury Crash,03/10/2025 06:39:00 AM,NA,NA,Front to Rear,Clear,Dry,Dark,No Controls,NONE DETECTED,No,No Apparent Injury,NA,Not Distracted,MD,Pickup,Slowing or Stopping,50,No,2021,CHEVROLET,SILVERADO,39.19418847,-77.12474968,2025,3,6
250010412,Injury Crash,03/10/2025 06:39:00 AM,NA,NA,Front to Rear,Clear,Dry,Dark,No Controls,NONE DETECTED,Yes,Possible Minor Injury,Followed Too Closely,Not Distracted,MD,Motorcycle - 2 Wheeled,Moving Constant Speed,50,No,2023,HARLEY-DAVIDSON,SOFTAIL STANDARD,39.19418847,-77.12474968,2025,3,6
250010410,Property Damage Crash,03/10/2025 06:10:00 AM,NEW HAMPSHIRE AVE SERV RD,NA,Rear To Side,Clear,Dry,Dark,No Controls,NONE DETECTED,Yes,No Apparent Injury,Failed to Yield Right-of-Way,Not Distracted,MD,Passenger Car,Turning Left,40,No,2009,FORD,F-150,39.00778546,-76.97999605,2025,3,6
250010410,Property Damage Crash,03/10/2025 06:10:00 AM,NEW HAMPSHIRE AVE SERV RD,NA,Rear To Side,Clear,Dry,Dark,No Controls,NONE DETECTED,No,No Apparent Injury,NA,Not Distracted,NA,Passenger Car,Moving Constant Speed,40,No,2018,HYUNDAI,ELANTRA,39.00778546,-76.97999605,2025,3,6
250010409,Injury Crash,03/10/2025 05:00:00 AM,OLD GEORGETOWN RD (SB/L),NA,Front to Rear,Clear,Dry,Medium,No Controls,NONE DETECTED,No,No Apparent Injury,NA,Not Distracted,VA,Pickup,Parked,35,No,2020,FORD,F-250,39.00645317,-77.11177133,2025,3,5
250010409,Injury Crash,03/10/2025 05:00:00 AM,OLD GEORGETOWN RD (SB/L),NA,Front to Rear,Clear,Dry,Medium,No Controls,NONE DETECTED,Yes,Possible Minor Injury,NA,Not Distracted,MD,Passenger Car,Moving Constant Speed,35,No,2017,HONDA,ACCORD,39.00645317,-77.11177133,2025,3,5
250010409,Injury Crash,03/10/2025 05:00:00 AM,OLD GEORGETOWN RD (SB/L),NA,Front to Rear,Clear,Dry,Medium,No Controls,NONE DETECTED,No,No Apparent Injury,NA,Not Distracted,MD,Passenger Car,Parked,35,No,2011,CHEVROLET,SUBURBAN,39.00645317,-77.11177133,2025,3,5
250010402,Injury Crash,03/09/2025 11:02:00 PM,MEADOWSIDE LA,NA,Single Vehicle,Clear,Dry,Dark,No Controls,NONE DETECTED,Yes,Suspected Serious Injury,Ran Off Roadway,Unknown,MD,Passenger Car,Moving Constant Speed,30,No,2016,HONDA,ACCORD,39.11583437,-77.1046944,2025,3,23
250010392,Property Damage Crash,03/09/2025 09:23:00 PM,NA,NA,Front to Rear,Clear,Dry,Medium,Yield Sign,NONE DETECTED,No,No Apparent Injury,NA,Not Distracted,MD,Passenger Car,Moving Constant Speed,40,No,2022,FORD,F-150,39.18083691,-77.23867827,2025,3,21
250010392,Property Damage Crash,03/09/2025 09:23:00 PM,NA,NA,Front to Rear,Clear,Dry,Medium,Yield Sign,NONE DETECTED,Yes,No Apparent Injury,NA,Unknown,MD,Passenger Car,Moving Constant Speed,40,No,2016,TOYOTA,COROLLA,39.18083691,-77.23867827,2025,3,21
250010386,Injury Crash,03/09/2025 08:10:00 PM,RUSSELL AVE (SB/L),NA,Angle,Clear,Dry,Medium,Traffic Control Signal,NONE DETECTED,Yes,No Apparent Injury,NA,Unknown,MD,Passenger Car,Accelerating,35,No,2014,HYUNDAI,SONATA,39.15434167,-77.2094,2025,3,20
250010386,Injury Crash,03/09/2025 08:10:00 PM,RUSSELL AVE (SB/L),NA,Angle,Clear,Dry,Medium,Traffic Control Signal,NONE DETECTED,No,Possible Minor Injury,NA,Not Distracted,MD,Passenger Car,Moving Constant Speed,35,No,2018,HONDA,HR-V,39.15434167,-77.2094,2025,3,20
250010383,Property Damage Crash,03/09/2025 08:01:00 PM,NA,NA,Angle,Clear,Dry,Medium,Traffic Control Signal,NONE DETECTED,Yes,No Apparent Injury,NA,Not Distracted,MD,Passenger Car,Turning Right,40,No,2021,TOYOTA,CAMRY,39.167244,-77.292059,2025,3,20
250010383,Property Damage Crash,03/09/2025 08:01:00 PM,NA,NA,Angle,Clear,Dry,Medium,Traffic Control Signal,NONE DETECTED,No,No Apparent Injury,NA,Not Distracted,MD,Passenger Car,Stopped in Traffic,30,No,2021,CHEVROLET,EXPRESS,39.167244,-77.292059,2025,3,20
250010370,Injury Crash,03/09/2025 07:00:00 PM,GEORGIA AVE,Cyclist (Electric),Single Vehicle,Clear,Dry,Daylight,Traffic Control Signal,NONE DETECTED,No,No Apparent Injury,NA,Not Distracted,DC,Sport Utility Vehicle,Accelerating,30,No,2014,BMW,X5,38.99460408,-77.02659987,2025,3,19
250010369,Property Damage Crash,03/09/2025 06:48:00 PM,ASQUITH WAY,NA,Front to Rear,Clear,Dry,Daylight,Stop Sign,NONE DETECTED,Yes,No Apparent Injury,NA,Unknown,MD,Van - Passenger (&lt;9 Seats),Slowing or Stopping,35,No,2010,TOYOTA,SIENNA,39.19160174,-77.1548377,2025,3,18
250010369,Property Damage Crash,03/09/2025 06:48:00 PM,ASQUITH WAY,NA,Front to Rear,Clear,Dry,Daylight,Stop Sign,NONE DETECTED,No,No Apparent Injury,NA,Not Distracted,MD,Passenger Car,Stopped in Traffic,35,No,2017,VOLKSWAGEN,JETTA,39.19160174,-77.1548377,2025,3,18
250010372,Property Damage Crash,03/09/2025 06:48:00 PM,E JEFFERSON ST,NA,"Sideswipe, Same Direction",Clear,Dry,Daylight,No Controls,NONE DETECTED,No,No Apparent Injury,NA,Not Distracted,MD,Bus - Transit,Moving Constant Speed,35,No,2016,GILLIG,LOW FLOOR BUS,39.08252581,-77.15066606,2025,3,18
250010372,Property Damage Crash,03/09/2025 06:48:00 PM,E JEFFERSON ST,NA,"Sideswipe, Same Direction",Clear,Dry,Daylight,No Controls,NONE DETECTED,Yes,No Apparent Injury,NA,Unknown,MD,Sport Utility Vehicle,Changing Lanes,30,No,2023,AUDI,Q5,39.08252581,-77.15066606,2025,3,18
250010361,Injury Crash,03/09/2025 05:44:00 PM,MUDDY BRANCH RD (SB/L),Pedestrian,Single Vehicle,Clear,Dry,Daylight,Traffic Control Signal,NONE DETECTED,No,No Apparent Injury,NA,Not Distracted,MD,Passenger Car,Turning Left,25,No,2007,TOYOTA,COROLLA,39.13482583,-77.20588133,2025,3,17