Local Case Number,ACRS Report Type,Crash Date/Time,Road Name,Related Non-Motorist,Collision Type,Weather,Surface Condition,Light,Traffic Control,Driver Substance Abuse,Driver At Fault,Injury Severity,Circumstance,Driver Distracted By,Drivers License State,Vehicle Body Type,Vehicle Movement,Speed Limit,Driverless Vehicle,Vehicle Year,Vehicle Make,Vehicle Model,Latitude,Longitude,Year,Month,Hour
250010362,Property Damage Crash,03/09/2025 05:14:00 PM,ALLIED PL,NA,Angle,Clear,Dry,Daylight,No Controls,NONE DETECTED,No,No Apparent Injury,NA,Not Distracted,MD,Passenger Car,Moving Constant Speed,20,No,2018,HONDA,HR-V,39.15114564,-77.1915667,2025,3,17
250010362,Property Damage Crash,03/09/2025 05:14:00 PM,ALLIED PL,NA,Angle,Clear,Dry,Daylight,No Controls,NONE DETECTED,No,No Apparent Injury,NA,Not Distracted,SC,Passenger Car,Backing,20,No,2017,CHEVROLET,MALIBU,39.15114564,-77.1915667,2025,3,17
250010312,Property Damage Crash,03/09/2025 12:45:00 PM,GERMANTOWN RD,NA,Front to Rear,Clear,Dry,Daylight,Traffic Control Signal,NONE DETECTED,Yes,No Apparent Injury,Failed to Yield Right-of-Way,Unknown,MD,Sport Utility Vehicle,Making U-Turn,35,No,2023,CHEVROLET,EQUINOX,39.18118482,-77.2619902,2025,3,12
250010312,Property Damage Crash,03/09/2025 12:45:00 PM,GERMANTOWN RD,NA,Front to Rear,Clear,Dry,Daylight,Traffic Control Signal,NONE DETECTED,No,No Apparent Injury,NA,Not Distracted,MD,Passenger Car,Moving Constant Speed,35,No,2014,MERCEDES-BENZ,E-CLASS,39.18118482,-77.2619902,2025,3,12
250010307,Property Damage Crash,03/09/2025 12:30:00 PM,PITTMAN DR,NA,Single Vehicle,Clear,Dry,Daylight,No Controls,NONE DETECTED,No,No Apparent Injury,"Improper Turn, Operated Motor Vehicle in Reckless or Aggressive Manner, Ran Off Roadway",Unknown,NA,Passenger Car,Turning Left,35,No,2019,KIA,FORTE,39.00062564,-77.05447971,2025,3,12
250010316,Property Damage Crash,03/09/2025 12:00:00 PM,RAMP 4 FR RAMP 1 TO SHADY GROVE RD,NA,"Sideswipe, Opposite Direction",Clear,Dry,Daylight,Traffic Control Signal,NONE DETECTED,Yes,No Apparent Injury,NA,Not Distracted,MD,Passenger Car,Moving Constant Speed,35,No,2016,TOYOTA,CAMRY,39.11198683,-77.18688367,2025,3,12
250010316,Property Damage Crash,03/09/2025 12:00:00 PM,RAMP 4 FR RAMP 1 TO SHADY GROVE RD,NA,"Sideswipe, Opposite Direction",Clear,Dry,Daylight,Traffic Control Signal,NONE DETECTED,No,No Apparent Injury,NA,Not Distracted,MD,Pickup,Accelerating,35,No,2004,TOYOTA,TACOMA,39.11198683,-77.18688367,2025,3,12
250010306,Property Damage Crash,03/09/2025 11:33:00 AM,NA,NA,Front to Rear,Clear,NA,Daylight,NA,NONE DETECTED,No,NA,NA,NA,NA,NA,Backing,0,No,0,NA,NA,39.04001715,-77.05364363,2025,3,11
250010306,Property Damage Crash,03/09/2025 11:33:00 AM,NA,NA,Front to Rear,Clear,NA,Daylight,NA,NONE DETECTED,No,No Apparent Injury,NA,Not Distracted,MD,Passenger Car,Moving Constant Speed,0,No,2014,TOYOTA,COROLLA,39.04001715,-77.05364363,2025,3,11
250010292,Property Damage Crash,03/09/2025 08:13:00 AM,VEIRS MILL RD (WB/L),NA,Front to Rear,Clear,Dry,Daylight,Traffic Control Signal,NONE DETECTED,No,No Apparent Injury,NA,Not Distracted,MD,Passenger Car,Stopped in Traffic,35,No,2023,FORD,EXPLORER,39.03577046,-77.04964395,2025,3,8
250010292,Property Damage Crash,03/09/2025 08:13:00 AM,VEIRS MILL RD (WB/L),NA,Front to Rear,Clear,Dry,Daylight,Traffic Control Signal,DRUG AND ALCOHOL CONTRIBUTED,Yes,No Apparent Injury,NA,Unknown,DC,Passenger Car,Moving Constant Speed,35,No,2008,NISSAN,ALTIMA,39.03577046,-77.04964395,2025,3,8
250010288,Property Damage Crash,03/09/2025 07:20:00 AM,OLNEY MILL RD,NA,Single Vehicle,Clear,Dry,Medium,No Controls,NONE DETECTED,No,NA,NA,NA,NA,Sport Utility Vehicle,Moving Constant Speed,30,No,2011,TOYOTA,HIGHLANDER,39.16482494,-77.08930919,2025,3,7
250010285,Property Damage Crash,03/09/2025 06:30:00 AM,NA,NA,Single Vehicle,Clear,Dry,Dark,No Controls,NONE DETECTED,Yes,No Apparent Injury,NA,Unknown,MD,Passenger Car,Moving Constant Speed,30,No,2020,TOYOTA,COROLLA,39.18806058,-77.02434589,2025,3,6
250010352,Property Damage Crash,03/09/2025 05:00:00 AM,GILBERT PL,NA,"Sideswipe, Same Direction",Clear,Dry,Medium,No Controls,NONE DETECTED,No,NA,NA,NA,NA,Pickup,Moving Constant Speed,25,No,2006,DODGE,RAM,38.99861407,-76.99613566,2025,3,5
250010277,Injury Crash,03/09/2025 01:24:00 AM,CONNECTICUT AVE,NA,Front to Rear,Clear,Dry,Medium,No Controls,NONE DETECTED,No,No Apparent Injury,NA,Not Distracted,MD,Passenger Car,Moving Constant Speed,35,No,2025,TOYOTA,CAMRY,39.00359187,-77.07735,2025,3,1
250010277,Injury Crash,03/09/2025 01:24:00 AM,CONNECTICUT AVE,NA,Front to Rear,Clear,Dry,Medium,No Controls,ALCOHOL PRESENT,Yes,No Apparent Injury,"Operated Motor Vehicle in Inattentive, Careless, Negligent, or Erratic Manner, Operated Motor Vehicle in Reckless or Aggressive Manner, Over-Correcting/Over-Steering","Other Action (looking away from task, etc.)",VA,Pickup,Moving Constant Speed,35,No,2013,CHEVROLET,SILVERADO,39.00359187,-77.07735,2025,3,1
250010277,Injury Crash,03/09/2025 01:24:00 AM,CONNECTICUT AVE,NA,Front to Rear,Clear,Dry,Medium,No Controls,NONE DETECTED,No,Possible Minor Injury,NA,Not Distracted,MD,Passenger Car,Moving Constant Speed,35,No,2016,TOYOTA,COROLLA,39.00359187,-77.07735,2025,3,1
250010277,Injury Crash,03/09/2025 01:24:00 AM,CONNECTICUT AVE,NA,Front to Rear,Clear,Dry,Medium,No Controls,NONE DETECTED,No,No Apparent Injury,NA,Not Distracted,VA,Passenger Car,Changing Lanes,35,No,2016,BMW,328I,39.00359187,-77.07735,2025,3,1
250010268,Property Damage Crash,03/09/2025 12:08:00 AM,WOOTTON PKWY (EB/L),NA,Front to Front,Clear,Dry,Medium,Traffic Control Signal,NONE DETECTED,No,No Apparent Injury,NA,Not Distracted,MD,Passenger Car,Moving Constant Speed,30,No,2024,FORD,EDGE,39.07274724,-77.13825221,2025,3,0
250010268,Property Damage Crash,03/09/2025 12:08:00 AM,WOOTTON PKWY (EB/L),NA,Front to Front,Clear,Dry,Medium,Traffic Control Signal,NONE DETECTED,No,No Apparent Injury,Failed to Yield Right-of-Way,Unknown,MD,Passenger Car,Turning Left,30,No,2011,HONDA,CIVIC,39.07274724,-77.13825221,2025,3,0
250010267,Property Damage Crash,03/08/2025 11:33:00 PM,CROCUS DR,NA,"Sideswipe, Opposite Direction",Clear,Dry,Dark,No Controls,ALCOHOL PRESENT,Yes,No Apparent Injury,NA,Not Distracted,MD,Passenger Car,NA,25,No,2025,GENESIS,G70,39.09982525,-77.17514209,2025,3,23
250010262,Property Damage Crash,03/08/2025 11:12:00 PM,NA,NA,Single Vehicle,Clear,Dry,Medium,No Controls,NONE DETECTED,No,No Apparent Injury,NA,Unknown,MD,Passenger Car,NA,50,No,2021,KIA,SPORTAGE,39.06291407,-76.96327093,2025,3,23
250010261,Property Damage Crash,03/08/2025 11:11:00 PM,MONTROSE RD (WB/L),NA,Front to Rear,Clear,Dry,Medium,Pedestrian Crossing,NONE DETECTED,No,No Apparent Injury,Disregarded Other Traffic Sign,Not Distracted,MD,Passenger Car,Slowing or Stopping,35,No,2010,HONDA,CIVIC,39.053088,-77.130253,2025,3,23
250010261,Property Damage Crash,03/08/2025 11:11:00 PM,MONTROSE RD (WB/L),NA,Front to Rear,Clear,Dry,Medium,Pedestrian Crossing,NONE DETECTED,No,No Apparent Injury,NA,Not Distracted,MD,Passenger Car,Slowing or Stopping,35,No,2015,VOLKSWAGEN,GTI,39.053088,-77.130253,2025,3,23
250010308,Property Damage Crash,03/08/2025 11:00:00 PM,NA,NA,Front to Front,Clear,NA,Medium,NA,NONE DETECTED,Yes,No Apparent Injury,NA,Unknown,MD,Pickup,Turning Right,0,No,2021,CHEVROLET,SILVERADO,39.16093379,-77.16284412,2025,3,23
250010250,Injury Crash,03/08/2025 10:04:00 PM,ODENDHAL AVE (EB/L),Scooter (electric),Single Vehicle,Clear,Dry,Medium,No Controls,NONE DETECTED,Yes,No Apparent Injury,NA,Not Distracted,MD,Passenger Car,Moving Constant Speed,30,No,2012,BUICK,LACROSSE,39.15232397,-77.19420322,2025,3,22
250010247,Property Damage Crash,03/08/2025 09:27:00 PM,MONTGOMERY VILLAGE AVE,NA,"Sideswipe, Same Direction",Clear,Dry,Medium,No Controls,NONE DETECTED,No,No Apparent Injury,NA,Not Distracted,CT,Passenger Car,Moving Constant Speed,35,No,2016,HONDA,CIVIC,39.16034885,-77.2018588,2025,3,21
250010247,Property Damage Crash,03/08/2025 09:27:00 PM,MONTGOMERY VILLAGE AVE,NA,"Sideswipe, Same Direction",Clear,Dry,Medium,No Controls,NONE DETECTED,Yes,No Apparent Injury,NA,Not Distracted,MD,Passenger Car,Accelerating,35,No,2019,DODGE,CHARGER,39.16034885,-77.2018588,2025,3,21
250010103,Property Damage Crash,03/08/2025 09:00:00 PM,CHERRY HILL RD,NA,Front to Rear,Clear,Dry,Medium,Traffic Control Signal,NONE DETECTED,No,No Apparent Injury,NA,Not Distracted,MD,Pickup,Stopped in Traffic,35,No,2013,RAM,1500,39.04625492,-76.95193777,2025,3,21
250010103,Property Damage Crash,03/08/2025 09:00:00 PM,CHERRY HILL RD,NA,Front to Rear,Clear,Dry,Medium,Other Signal,NONE DETECTED,Yes,No Apparent Injury,"Operated Motor Vehicle in Inattentive, Careless, Negligent, or Erratic Manner, Operated Motor Vehicle in Reckless or Aggressive Manner",Not Distracted,DC,Passenger Car,Accelerating,35,No,2016,HYUNDAI,SONATA,39.04625492,-76.95193777,2025,3,21
250010235,Injury Crash,03/08/2025 08:51:00 PM,COLUMBIA PIKE,NA,Angle,Clear,Dry,Medium,Traffic Control Signal,NONE DETECTED,No,No Apparent Injury,NA,Not Distracted,MD,Sport Utility Vehicle,Moving Constant Speed,30,No,2022,TOYOTA,RAV4,39.09554279,-76.93794583,2025,3,20
250010235,Injury Crash,03/08/2025 08:51:00 PM,COLUMBIA PIKE,NA,Angle,Clear,Dry,Medium,Traffic Control Signal,NONE DETECTED,No,No Apparent Injury,NA,Not Distracted,MD,Sport Utility Vehicle,Leaving Traffic Lane,55,No,2024,TOYOTA,RAV4 PRIME,39.09554279,-76.93794583,2025,3,20
250010227,Property Damage Crash,03/08/2025 07:29:00 PM,READING RD,NA,"Sideswipe, Opposite Direction",Clear,Dry,Dark,No Controls,ALCOHOL PRESENT,Yes,No Apparent Injury,NA,Not Distracted,NA,Passenger Car,NA,20,No,2007,HONDA,CIVIC,39.0001191,-77.0053574,2025,3,19
250010229,Property Damage Crash,03/08/2025 07:21:00 PM,BEAVER TERR,NA,"Sideswipe, Opposite Direction",Clear,Dry,Medium,No Controls,ALCOHOL PRESENT,Yes,No Apparent Injury,NA,Unknown,MD,Passenger Car,NA,15,No,2010,NISSAN,CUBE,39.07191301,-77.07960252,2025,3,19
250010226,Property Damage Crash,03/08/2025 07:04:00 PM,PINEY BRANCH RD,NA,Front to Front,Clear,Dry,Medium,Traffic Control Signal,NONE DETECTED,No,No Apparent Injury,NA,Not Distracted,MD,Passenger Car,Turning Left,35,No,2017,HONDA,CIVIC,38.99816376,-77.00372254,2025,3,19
250010226,Property Damage Crash,03/08/2025 07:04:00 PM,PINEY BRANCH RD,NA,Front to Front,Clear,Dry,Medium,Traffic Control Signal,ALCOHOL PRESENT,Yes,No Apparent Injury,NA,Unknown,NA,Passenger Car,Moving Constant Speed,35,No,2007,HONDA,CIVIC,38.99816376,-77.00372254,2025,3,19
250010225,Property Damage Crash,03/08/2025 07:00:00 PM,NA,NA,Front to Rear,Clear,Dry,Medium,Traffic Control Signal,NONE DETECTED,No,No Apparent Injury,NA,Not Distracted,MD,Sport Utility Vehicle,Slowing or Stopping,35,No,2017,BMW,X5,39.08172171,-77.14573745,2025,3,19
250010225,Property Damage Crash,03/08/2025 07:00:00 PM,NA,NA,Front to Rear,Clear,Dry,Medium,Traffic Control Signal,NONE DETECTED,Yes,No Apparent Injury,NA,Not Distracted,MD,Passenger Car,Slowing or Stopping,35,No,2015,HYUNDAI,ELANTRA,39.08172171,-77.14573745,2025,3,19
250010214,Property Damage Crash,03/08/2025 04:00:00 PM,NA,NA,Front to Rear,Clear,NA,Daylight,NA,NONE DETECTED,No,No Apparent Injury,Improper Backing,Unknown,NA,Pickup,Backing,0,No,2011,CHEVROLET,SILVERADO,39.09155076,-77.04768271,2025,3,16
250010188,Property Damage Crash,03/08/2025 02:31:00 PM,NA,NA,Single Vehicle,Clear,NA,Daylight,NA,NONE DETECTED,Yes,No Apparent Injury,"Operated Motor Vehicle in Inattentive, Careless, Negligent, or Erratic Manner, Over-Correcting/Over-Steering",Unknown,XX,Passenger Car,NA,0,No,2017,HONDA,ACCORD,39.22796849,-77.26701421,2025,3,14
250010183,Property Damage Crash,03/08/2025 01:56:00 PM,PEARL ST,NA,Angle,Clear,Dry,Daylight,Traffic Control Signal,NONE DETECTED,Yes,No Apparent Injury,NA,Not Distracted,FL,Passenger Car,Turning Left,35,No,2014,ACURA,MDX,38.98495167,-77.0909785,2025,3,13
250010183,Property Damage Crash,03/08/2025 01:56:00 PM,PEARL ST,NA,Angle,Clear,Dry,Daylight,Traffic Control Signal,NONE DETECTED,No,No Apparent Injury,NA,Not Distracted,MD,Passenger Car,Moving Constant Speed,35,No,2024,TESLA,UNKNOWN,38.98495167,-77.0909785,2025,3,13
250010168,Injury Crash,03/08/2025 12:22:00 PM,NA,NA,Angle,Clear,Dry,Daylight,Traffic Control Signal,NONE DETECTED,No,No Apparent Injury,NA,Not Distracted,MD,Pickup,Moving Constant Speed,35,No,2002,FORD,F-150,39.00651528,-77.09764796,2025,3,12
250010168,Injury Crash,03/08/2025 12:22:00 PM,NA,NA,Angle,Clear,Dry,Daylight,Traffic Control Signal,NONE DETECTED,Yes,Possible Minor Injury,NA,Not Distracted,MD,Passenger Car,Turning Right,35,No,2020,HYUNDAI,TUCSON,39.00651528,-77.09764796,2025,3,12
250010163,Property Damage Crash,03/08/2025 11:23:00 AM,NA,NA,Other,Clear,Dry,Daylight,Traffic Control Signal,NONE DETECTED,Yes,No Apparent Injury,NA,Not Distracted,MD,Passenger Car,Turning Left,40,No,2015,MAZDA,CX-5,39.10631046,-77.14914227,2025,3,11
250010163,Property Damage Crash,03/08/2025 11:23:00 AM,NA,NA,Other,Clear,Dry,Daylight,Traffic Control Signal,NONE DETECTED,No,No Apparent Injury,NA,Not Distracted,MD,Passenger Car,Moving Constant Speed,40,No,2022,DODGE,CHALLENGER,39.10631046,-77.14914227,2025,3,11
250010158,Property Damage Crash,03/08/2025 11:17:00 AM,NA,NA,Single Vehicle,Clear,NA,Daylight,NA,NONE DETECTED,No,No Apparent Injury,NA,Not Distracted,MD,Passenger Car,Accelerating,0,No,2012,TOYOTA,SCION TC,39.0026022,-76.98534763,2025,3,11
250010152,Property Damage Crash,03/08/2025 10:27:00 AM,WINDHAM LA,NA,Front to Rear,Cloudy,Dry,Daylight,Traffic Control Signal,NONE DETECTED,No,No Apparent Injury,NA,Unknown,MD,Passenger Car,Slowing or Stopping,35,No,2022,TOYOTA,COROLLA,39.03195794,-77.04841267,2025,3,10
250010152,Property Damage Crash,03/08/2025 10:27:00 AM,WINDHAM LA,NA,Front to Rear,Cloudy,Dry,Daylight,Traffic Control Signal,NONE DETECTED,Yes,No Apparent Injury,NA,Unknown,NA,Passenger Car,Moving Constant Speed,35,No,2011,CHEVROLET,CAMARO,39.03195794,-77.04841267,2025,3,10
250010142,Property Damage Crash,03/08/2025 08:49:00 AM,RIVER RD (WB/L),NA,Front to Rear,Cloudy,Dry,Daylight,No Controls,NONE DETECTED,Yes,No Apparent Injury,NA,Unknown,MD,Passenger Car,Moving Constant Speed,35,No,2011,CADILLAC,CTS,38.97498033,-77.12482983,2025,3,8
250010142,Property Damage Crash,03/08/2025 08:49:00 AM,RIVER RD (WB/L),NA,Front to Rear,Cloudy,Dry,Daylight,No Controls,NONE DETECTED,No,No Apparent Injury,NA,Not Distracted,MD,Pickup,Slowing or Stopping,35,No,2017,RAM,1500,38.97498033,-77.12482983,2025,3,8
250010140,Injury Crash,03/08/2025 08:33:00 AM,NA,NA,Single Vehicle,Cloudy,NA,Daylight,NA,NONE DETECTED,Yes,Possible Minor Injury,Other Improper Action,Not Distracted,MD,Passenger Car,Turning Left,0,No,2022,MITSUBISHI,MIRAGE,39.17200658,-77.23529962,2025,3,8
250010128,Property Damage Crash,03/08/2025 04:49:00 AM,HOPKINS RD,NA,Front to Rear,Cloudy,Dry,Medium,No Controls,NONE DETECTED,No,No Apparent Injury,NA,Unknown,MD,Pickup,Moving Constant Speed,30,No,2002,CHEVROLET,AVALANCHE,39.16877024,-77.28645333,2025,3,4
25001013,Property Damage Crash,03/08/2025 04:30:00 AM,WOOTTON PKWY,NA,Single Vehicle,Clear,Dry,Medium,No Controls,NONE DETECTED,No,No Apparent Injury,NA,"Other Action (looking away from task, etc.)",MD,Passenger Car,Moving Constant Speed,35,No,2014,FORD,FUSION,39.07118118,-77.17611903,2025,3,4
250010121,Injury Crash,03/08/2025 01:31:00 AM,GLENALLAN AVE,Pedestrian,Single Vehicle,Clear,Dry,Dark,No Controls,NONE DETECTED,No,No Apparent Injury,Other Improper Action,Unknown,NA,Unknown,NA,25,No,0,NA,NA,39.0640318,-77.0526093,2025,3,1
250010111,Injury Crash,03/07/2025 10:45:00 PM,CONNECTICUT AVE (SB/L),NA,"Sideswipe, Opposite Direction",Clear,Dry,Medium,No Controls,NONE DETECTED,No,Possible Minor Injury,NA,Not Distracted,MD,Bus - Transit,Moving Constant Speed,25,No,2016,GILLIG,BUS,39.08631086,-77.07417439,2025,3,22
250010111,Injury Crash,03/07/2025 10:45:00 PM,CONNECTICUT AVE (SB/L),NA,"Sideswipe, Opposite Direction",Clear,Dry,Medium,No Controls,NONE DETECTED,No,No Apparent Injury,NA,Unknown,MD,Passenger Car,Moving Constant Speed,25,No,2024,FORD,MUSTANG,39.08631086,-77.07417439,2025,3,22
250010107,Property Damage Crash,03/07/2025 10:17:00 PM,FREDERICK RD,NA,Front to Rear,Clear,Dry,Medium,Traffic Control Signal,NONE DETECTED,No,No Apparent Injury,NA,Not Distracted,MD,Sport Utility Vehicle,Stopped in Traffic,40,No,2007,INFINITI,QX56,39.15909863,-77.21895421,2025,3,22
250010107,Property Damage Crash,03/07/2025 10:17:00 PM,FREDERICK RD,NA,Front to Rear,Clear,Dry,Medium,Traffic Control Signal,ALCOHOL PRESENT,Yes,No Apparent Injury,NA,Unknown,MD,Pickup,Moving Constant Speed,40,No,2013,FORD,F-150,39.15909863,-77.21895421,2025,3,22
250010107,Property Damage Crash,03/07/2025 10:17:00 PM,FREDERICK RD,NA,Front to Rear,Clear,Dry,Medium,Traffic Control Signal,NONE DETECTED,No,No Apparent Injury,NA,Not Distracted,MD,Passenger Car,Stopped in Traffic,40,No,2017,TOYOTA,COROLLA,39.15909863,-77.21895421,2025,3,22
250010104,Property Damage Crash,03/07/2025 10:05:00 PM,RIVER RD (WB/L),NA,Single Vehicle,Clear,Dry,Medium,Traffic Control Signal,NONE DETECTED,Yes,No Apparent Injury,Ran Off Roadway,"Other Action (looking away from task, etc.)",MD,Passenger Car,Moving Constant Speed,35,No,2017,VOLVO,S60,38.9902605,-77.15282183,2025,3,22
250010109,Property Damage Crash,03/07/2025 09:59:00 PM,FREDERICK RD (SB/L),NA,Front to Rear,Cloudy,Dry,Medium,No Controls,DRUG AND ALCOHOL CONTRIBUTED,Yes,No Apparent Injury,NA,Unknown,SC,Sport Utility Vehicle,Backing,40,No,2007,NISSAN,PATHFINDER,39.19764724,-77.24486783,2025,3,21
250010109,Property Damage Crash,03/07/2025 09:59:00 PM,FREDERICK RD (SB/L),NA,Front to Rear,Cloudy,Dry,Medium,No Controls,NONE DETECTED,No,No Apparent Injury,NA,Not Distracted,MD,Passenger Car,Parked,40,No,2016,FORD,TAURUS,39.19764724,-77.24486783,2025,3,21
250010106,Property Damage Crash,03/07/2025 09:48:00 PM,ELTON RD,NA,Front to Rear,Clear,Dry,Medium,Traffic Control Signal,NONE DETECTED,No,No Apparent Injury,NA,Not Distracted,DC,Passenger Car,Slowing or Stopping,35,No,2012,HONDA,ACCORD,39.02027675,-76.97680549,2025,3,21
250010106,Property Damage Crash,03/07/2025 09:48:00 PM,ELTON RD,NA,Front to Rear,Clear,Dry,Medium,Traffic Control Signal,NONE DETECTED,Yes,No Apparent Injury,NA,Unknown,MD,Pickup,Moving Constant Speed,35,No,2010,NISSAN,ALTIMA,39.02027675,-76.97680549,2025,3,21
250010094,Injury Crash,03/07/2025 08:14:00 PM,GRANDVIEW AVE,NA,Front to Rear,Clear,Dry,Medium,No Controls,NONE DETECTED,Yes,No Apparent Injury,Followed Too Closely,Unknown,MD,Passenger Car,Slowing or Stopping,25,No,2011,HONDA,CIVIC,39.04001683,-77.05269483,2025,3,20
250010094,Injury Crash,03/07/2025 08:14:00 PM,GRANDVIEW AVE,NA,Front to Rear,Clear,Dry,Medium,No Controls,NONE DETECTED,No,No Apparent Injury,NA,Not Distracted,VA,Passenger Car,Turning Left,25,No,2015,HONDA,ACCORD,39.04001683,-77.05269483,2025,3,20
250010090,Property Damage Crash,03/07/2025 07:07:00 PM,GOSHEN RD,NA,Front to Rear,Clear,Dry,Dark,No Controls,NONE DETECTED,No,No Apparent Injury,"Swerved or Avoided Due to Wind, Slippery Surface, Motor Vehicle, Object, Non-Motorist in Roadway, etc",Not Distracted,MD,Passenger Car,Slowing or Stopping,35,No,2023,AUDI,A4,39.16230647,-77.19221967,2025,3,19
250010090,Property Damage Crash,03/07/2025 07:07:00 PM,GOSHEN RD,NA,Front to Rear,Clear,Dry,Dark,No Controls,NONE DETECTED,Yes,No Apparent Injury,Followed Too Closely,Not Distracted,MD,Passenger Car,Slowing or Stopping,35,No,2007,BMW,335I,39.16230647,-77.19221967,2025,3,19
250010086,Injury Crash,03/07/2025 07:05:00 PM,SAM EIG HWY (SB/L),NA,"Sideswipe, Same Direction",Clear,Dry,Dark,No Controls,NONE DETECTED,No,No Apparent Injury,NA,Not Distracted,MD,Passenger Car,Moving Constant Speed,50,No,2020,JEEP,WRANGLER,39.11494035,-77.20943521,2025,3,19
250010086,Injury Crash,03/07/2025 07:05:00 PM,SAM EIG HWY (SB/L),NA,"Sideswipe, Same Direction",Clear,Dry,Dark,No Controls,NONE DETECTED,Yes,Possible Minor Injury,NA,Unknown,MN,Passenger Car,Moving Constant Speed,50,No,2004,CADILLAC,DEVILLE,39.11494035,-77.20943521,2025,3,19
250010081,Property Damage Crash,03/07/2025 06:30:00 PM,OLD GEORGETOWN RD (SB/L),NA,Front to Rear,Clear,Dry,Medium,Traffic Control Signal,NONE DETECTED,No,No Apparent Injury,NA,Not Distracted,MD,Passenger Car,Stopped in Traffic,35,No,2014,KIA,FORTE,39.01796134,-77.1204723,2025,3,18
250010081,Property Damage Crash,03/07/2025 06:30:00 PM,OLD GEORGETOWN RD (SB/L),NA,Front to Rear,Clear,Dry,Medium,Traffic Control Signal,NONE DETECTED,Yes,No Apparent Injury,Followed Too Closely,Unknown,MD,Sport Utility Vehicle,Moving Constant Speed,35,No,2017,TOYOTA,RAV4,39.01796134,-77.1204723,2025,3,18
250010081,Property Damage Crash,03/07/2025 06:30:00 PM,OLD GEORGETOWN RD (SB/L),NA,Front to Rear,Clear,Dry,Medium,Traffic Control Signal,NONE DETECTED,No,No Apparent Injury,NA,Not Distracted,GA,Sport Utility Vehicle,Slowing or Stopping,35,No,2024,MAZDA,CX-5,39.01796134,-77.1204723,2025,3,18
250010076,Property Damage Crash,03/07/2025 05:35:00 PM,NA,NA,Unknown,Clear,NA,Daylight,NA,NONE DETECTED,No,No Apparent Injury,NA,Unknown,NA,Passenger Car,NA,0,No,2017,NISSAN,ALTIMA,39.02340155,-77.04467054,2025,3,17
250010062,Property Damage Crash,03/07/2025 04:30:00 PM,PINEY BRANCH RD,NA,"Sideswipe, Opposite Direction",Clear,Dry,Daylight,No Controls,NONE DETECTED,No,NA,NA,NA,NA,Passenger Car,Turning Left,35,No,2016,NISSAN,ALTIMA,38.99976366,-76.99442175,2025,3,16
250010062,Property Damage Crash,03/07/2025 04:30:00 PM,PINEY BRANCH RD,NA,"Sideswipe, Opposite Direction",Clear,Dry,Daylight,No Controls,NONE DETECTED,No,No Apparent Injury,NA,Not Distracted,MD,Passenger Car,Turning Left,35,No,2003,HONDA,ACCORD,38.99976366,-76.99442175,2025,3,16
250010047,Injury Crash,03/07/2025 03:32:00 PM,RANDOLPH RD,NA,Front to Rear,Clear,Dry,Daylight,Traffic Control Signal,ALCOHOL PRESENT,Yes,No Apparent Injury,NA,Not Distracted,MD,Sport Utility Vehicle,Moving Constant Speed,40,No,2008,TOYOTA,RAV4,39.06388167,-77.039389,2025,3,15
250010047,Injury Crash,03/07/2025 03:32:00 PM,RANDOLPH RD,NA,Front to Rear,Clear,Dry,Daylight,Traffic Control Signal,NONE DETECTED,No,No Apparent Injury,NA,Not Distracted,MD,Pickup,Stopped in Traffic,40,No,2014,FORD,F-150,39.06388167,-77.039389,2025,3,15
250010047,Injury Crash,03/07/2025 03:32:00 PM,RANDOLPH RD,NA,Front to Rear,Clear,Dry,Daylight,Traffic Control Signal,NONE DETECTED,No,Possible Minor Injury,NA,Not Distracted,DC,Passenger Car,Stopped in Traffic,40,No,2016,HONDA,ACCORD,39.06388167,-77.039389,2025,3,15