Local Case Number,ACRS Report Type,Crash Date/Time,Road Name,Related Non-Motorist,Collision Type,Weather,Surface Condition,Light,Traffic Control,Driver Substance Abuse,Driver At Fault,Injury Severity,Circumstance,Driver Distracted By,Drivers License State,Vehicle Body Type,Vehicle Movement,Speed Limit,Driverless Vehicle,Vehicle Year,Vehicle Make,Vehicle Model,Latitude,Longitude,Year,Month,Hour
250010046,Property Damage Crash,03/07/2025 03:26:00 PM,CLARKSRIDGE RD,NA,"Sideswipe, Same Direction",Clear,Dry,Daylight,No Controls,NONE DETECTED,No,NA,NA,NA,NA,Passenger Car,Parked,25,No,2017,DODGE,CHARGER,39.24112328,-77.2785347,2025,3,15
250010046,Property Damage Crash,03/07/2025 03:26:00 PM,CLARKSRIDGE RD,NA,"Sideswipe, Same Direction",Clear,Dry,Daylight,No Controls,NONE DETECTED,Yes,No Apparent Injury,NA,Not Distracted,MD,Other,Slowing or Stopping,25,No,2018,RAM,PROMASTER 2500,39.24112328,-77.2785347,2025,3,15
250010042,Property Damage Crash,03/07/2025 03:11:00 PM,MONTGOMERY VILLAGE AVE (SB/L),NA,Rear To Side,Clear,Dry,Daylight,Traffic Control Signal,NONE DETECTED,Yes,No Apparent Injury,Failed to Yield Right-of-Way,Not Distracted,MD,Sport Utility Vehicle,Turning Left,35,No,2015,HONDA,CR-V,39.17440759,-77.20351231,2025,3,15
250010042,Property Damage Crash,03/07/2025 03:11:00 PM,MONTGOMERY VILLAGE AVE (SB/L),NA,Rear To Side,Clear,Dry,Daylight,Traffic Control Signal,NONE DETECTED,No,No Apparent Injury,NA,Not Distracted,MD,Sport Utility Vehicle,Moving Constant Speed,35,No,2020,HONDA,CR-V,39.17440759,-77.20351231,2025,3,15
250010040,Property Damage Crash,03/07/2025 03:10:00 PM,NA,NA,Front to Rear,Clear,Dry,Daylight,Traffic Control Signal,NONE DETECTED,No,No Apparent Injury,NA,Not Distracted,MD,Bus - School,Turning Right,35,No,2022,THOMAS BUILT,HDX,39.11808757,-77.25277663,2025,3,15
250010040,Property Damage Crash,03/07/2025 03:10:00 PM,NA,NA,Front to Rear,Clear,Dry,Daylight,Yield Sign,NONE DETECTED,No,No Apparent Injury,NA,Not Distracted,MD,Passenger Car,Turning Right,35,No,2023,KIA,CARNIVAL,39.11808757,-77.25277663,2025,3,15
250010416,Property Damage Crash,03/07/2025 03:00:00 PM,GEORGIA AVE (SB/L),NA,Single Vehicle,Clear,Dry,Daylight,No Controls,NONE DETECTED,No,No Apparent Injury,NA,Not Distracted,MD,Pickup,Moving Constant Speed,40,No,2015,FORD,F-250,39.220917,-77.060149,2025,3,15
250010007,Injury Crash,03/07/2025 12:40:00 PM,RAMP 4 FR RAMP 1 (FR IS270) TO MD 109 EB,NA,Front to Rear,Clear,Dry,Daylight,Stop Sign,NONE DETECTED,Yes,No Apparent Injury,Followed Too Closely,Not Distracted,MD,Passenger Car,Moving Constant Speed,25,No,2006,CHEVROLET,IMPALA,39.27855067,-77.32244367,2025,3,12
250010007,Injury Crash,03/07/2025 12:40:00 PM,RAMP 4 FR RAMP 1 (FR IS270) TO MD 109 EB,NA,Front to Rear,Clear,Dry,Daylight,Stop Sign,NONE DETECTED,No,Possible Minor Injury,NA,Not Distracted,MD,Passenger Car,Slowing or Stopping,25,No,2024,SUBARU,ASCENT,39.27855067,-77.32244367,2025,3,12
250009967,Property Damage Crash,03/07/2025 09:05:00 AM,PARKVALE RD,NA,Angle,Cloudy,Dry,Daylight,Stop Sign,NONE DETECTED,Yes,No Apparent Injury,NA,Not Distracted,MD,Passenger Car,Accelerating,30,No,2004,TOYOTA,COROLLA,39.09369053,-77.11327287,2025,3,9
250009967,Property Damage Crash,03/07/2025 09:05:00 AM,PARKVALE RD,NA,Angle,Cloudy,Dry,Daylight,No Controls,NONE DETECTED,No,No Apparent Injury,NA,Not Distracted,XX,Passenger Car,Moving Constant Speed,30,No,2021,TOYOTA,SIENNA,39.09369053,-77.11327287,2025,3,9
250009961,Property Damage Crash,03/07/2025 08:26:00 AM,W MONTGOMERY AVE (WB/L),NA,"Sideswipe, Same Direction",Clear,Dry,Daylight,No Controls,NONE DETECTED,No,No Apparent Injury,NA,Unknown,MD,Passenger Car,Moving Constant Speed,35,No,2011,VOLKSWAGEN,JETTA,39.09133879,-77.18045488,2025,3,8
250009961,Property Damage Crash,03/07/2025 08:26:00 AM,W MONTGOMERY AVE (WB/L),NA,"Sideswipe, Same Direction",Clear,Dry,Daylight,No Controls,NONE DETECTED,No,No Apparent Injury,NA,Unknown,MD,Passenger Car,Moving Constant Speed,35,No,2019,RAM,2500,39.09133879,-77.18045488,2025,3,8
250009950,Injury Crash,03/07/2025 05:20:00 AM,GERMANTOWN RD,NA,Angle,Clear,Dry,Medium,Traffic Control Signal,NONE DETECTED,No,Possible Minor Injury,"Operated Motor Vehicle in Inattentive, Careless, Negligent, or Erratic Manner",Unknown,MD,Sport Utility Vehicle,Moving Constant Speed,45,No,2022,TOYOTA,COROLLA CROSS,39.19210833,-77.24250333,2025,3,5
250009950,Injury Crash,03/07/2025 05:20:00 AM,GERMANTOWN RD,NA,Angle,Clear,Dry,Medium,Traffic Control Signal,NONE DETECTED,No,Possible Minor Injury,"Operated Motor Vehicle in Inattentive, Careless, Negligent, or Erratic Manner",Unknown,MD,Sport Utility Vehicle,Moving Constant Speed,45,No,2018,TOYOTA,RAV4,39.19210833,-77.24250333,2025,3,5
250009941,Property Damage Crash,03/06/2025 11:15:00 PM,NA,NA,Single Vehicle,Clear,Dry,Dark,No Controls,NONE DETECTED,No,No Apparent Injury,NA,Not Distracted,MD,Sport Utility Vehicle,Moving Constant Speed,30,No,2019,CHEVROLET,TRAVERSE,39.14479333,-77.21372983,2025,3,23
250009927,Injury Crash,03/06/2025 07:48:00 PM,NA,Pedestrian,Single Vehicle,Clear,Dry,Medium,Traffic Control Signal,NONE DETECTED,No,No Apparent Injury,NA,Not Distracted,MD,Sport Utility Vehicle,Backing,25,No,2022,VOLVO,XC90,39.02248539,-77.1026802,2025,3,19
250009916,Injury Crash,03/06/2025 06:45:00 PM,RIVER RD,NA,Front to Rear,Clear,Dry,Medium,Traffic Control Signal,NONE DETECTED,No,No Apparent Injury,NA,Not Distracted,VA,Passenger Car,Slowing or Stopping,35,No,2018,HONDA,CIVIC,38.959988,-77.09639683,2025,3,18
250009916,Injury Crash,03/06/2025 06:45:00 PM,RIVER RD,NA,Front to Rear,Clear,Dry,Medium,Traffic Control Signal,NONE DETECTED,Yes,Possible Minor Injury,NA,Unknown,MD,Passenger Car,Moving Constant Speed,35,No,2002,BMW,325XI,38.959988,-77.09639683,2025,3,18
250009918,Property Damage Crash,03/06/2025 06:43:00 PM,FREDERICK RD,NA,Other,Clear,Dry,Medium,Traffic Control Signal,NONE DETECTED,No,No Apparent Injury,NA,Not Distracted,MD,Passenger Car,Moving Constant Speed,35,No,2021,VOLKSWAGEN,JETTA,39.1558295,-77.21595333,2025,3,18
250009918,Property Damage Crash,03/06/2025 06:43:00 PM,FREDERICK RD,NA,Other,Clear,Dry,Medium,Traffic Control Signal,NONE DETECTED,Yes,No Apparent Injury,NA,Unknown,MD,Passenger Car,Turning Left,35,No,2013,CHEVROLET,CAMARO,39.1558295,-77.21595333,2025,3,18
250009907,Property Damage Crash,03/06/2025 05:15:00 PM,DUNLOP ST,NA,Front to Rear,Clear,Dry,Daylight,Traffic Control Signal,NONE DETECTED,Yes,No Apparent Injury,NA,Unknown,MD,Sport Utility Vehicle,Backing,25,No,2017,LAND ROVER,RANGE ROVER SPORT,38.99043836,-77.07698917,2025,3,17
250009907,Property Damage Crash,03/06/2025 05:15:00 PM,DUNLOP ST,NA,Front to Rear,Clear,Dry,Daylight,Traffic Control Signal,NONE DETECTED,No,No Apparent Injury,NA,Not Distracted,MD,Sport Utility Vehicle,Stopped in Traffic,25,No,2020,VOLKSWAGEN,ATLAS CROSS SPORT,38.99043836,-77.07698917,2025,3,17
250009903,Property Damage Crash,03/06/2025 05:13:00 PM,OLD GEORGETOWN RD (SB/L),NA,Front to Rear,Clear,Dry,Daylight,No Controls,NONE DETECTED,No,No Apparent Injury,NA,Not Distracted,MD,Sport Utility Vehicle,Slowing or Stopping,35,No,2018,SUBARU,FORESTER,38.99762745,-77.10906252,2025,3,17
250009903,Property Damage Crash,03/06/2025 05:13:00 PM,OLD GEORGETOWN RD (SB/L),NA,Front to Rear,Clear,Dry,Daylight,No Controls,NONE DETECTED,Yes,No Apparent Injury,Other Improper Action,Not Distracted,MD,Sport Utility Vehicle,Moving Constant Speed,35,No,2017,AUDI,Q3,38.99762745,-77.10906252,2025,3,17
250009902,Property Damage Crash,03/06/2025 04:51:00 PM,LINDELL ST,NA,"Sideswipe, Same Direction",Cloudy,Dry,Daylight,No Controls,NONE DETECTED,Yes,No Apparent Injury,"Improper Passing, Operated Motor Vehicle in Inattentive, Careless, Negligent, or Erratic Manner, Other Improper Action",Unknown,NA,Passenger Car,Moving Constant Speed,25,No,2014,HONDA,CIVIC,39.05650783,-77.0584665,2025,3,16
250009892,Injury Crash,03/06/2025 04:37:00 PM,GREAT SENECA HWY,NA,Front to Rear,Clear,Dry,Daylight,No Controls,NONE DETECTED,No,Possible Minor Injury,"Followed Too Closely, Other Improper Action",Unknown,MD,Passenger Car,Changing Lanes,50,No,2017,JEEP,GRAND CHEROKEE,39.10680141,-77.20894599,2025,3,16
250009892,Injury Crash,03/06/2025 04:37:00 PM,GREAT SENECA HWY,NA,Front to Rear,Clear,Dry,Daylight,No Controls,NONE DETECTED,No,No Apparent Injury,NA,Not Distracted,MD,Passenger Car,Moving Constant Speed,50,No,2022,HYUNDAI,TUCSON,39.10680141,-77.20894599,2025,3,16
250009877,Injury Crash,03/06/2025 03:40:00 PM,WILD FLOWER CT,NA,Angle,Clear,Dry,Daylight,No Controls,NONE DETECTED,No,Possible Minor Injury,NA,Not Distracted,MD,Sport Utility Vehicle,Moving Constant Speed,30,No,2021,FORD,EXPLORER,39.1771785,-77.118224,2025,3,15
250009877,Injury Crash,03/06/2025 03:40:00 PM,WILD FLOWER CT,NA,Angle,Clear,Dry,Daylight,Stop Sign,NONE DETECTED,Yes,No Apparent Injury,Failed to Yield Right-of-Way,Unknown,MD,Sport Utility Vehicle,Turning Left,30,No,2007,FORD,ESCAPE,39.1771785,-77.118224,2025,3,15
250009898,Property Damage Crash,03/06/2025 03:30:00 PM,WARREN ST,NA,Rear To Side,Clear,Dry,Daylight,No Controls,NONE DETECTED,No,No Apparent Injury,NA,Not Distracted,MD,Passenger Car,Moving Constant Speed,25,No,2010,HONDA,CIVIC,39.01065359,-77.04837911,2025,3,15
250009898,Property Damage Crash,03/06/2025 03:30:00 PM,WARREN ST,NA,Rear To Side,Clear,Dry,Daylight,Stop Sign,NONE DETECTED,Yes,No Apparent Injury,NA,Not Distracted,MD,Bus - School,Entering Traffic Lane,25,No,2025,FREIGHTLINER,B2 106 ELECTRIC CONVENTIONAL CHASSIS,39.01065359,-77.04837911,2025,3,15
250009868,Property Damage Crash,03/06/2025 03:00:00 PM,WISCONSIN AVE (SB/L),NA,Front to Rear,Cloudy,Dry,Daylight,Traffic Control Signal,NONE DETECTED,No,No Apparent Injury,NA,Talking/listening,DC,Passenger Car,Moving Constant Speed,25,No,2009,FORD,FOCUS,38.9782495,-77.091299,2025,3,15
250009868,Property Damage Crash,03/06/2025 03:00:00 PM,WISCONSIN AVE (SB/L),NA,Front to Rear,Cloudy,Dry,Daylight,Traffic Control Signal,NONE DETECTED,No,NA,NA,NA,NA,Passenger Car,Stopped in Traffic,25,No,2019,TOYOTA,HIGHLANDER,38.9782495,-77.091299,2025,3,15
250009827,Property Damage Crash,03/06/2025 12:07:00 PM,NA,NA,Angle,Clear,NA,Daylight,NA,NONE DETECTED,No,No Apparent Injury,NA,Not Distracted,MD,Van - Cargo,Parked,0,No,2016,FORD,TRANSIT,39.18233164,-77.26637548,2025,3,12
250009827,Property Damage Crash,03/06/2025 12:07:00 PM,NA,NA,Angle,Clear,NA,Daylight,NA,NONE DETECTED,Yes,No Apparent Injury,"Operated Motor Vehicle in Inattentive, Careless, Negligent, or Erratic Manner",Not Distracted,MD,Passenger Car,Turning Left,0,No,2020,HYUNDAI,SANTA FE,39.18233164,-77.26637548,2025,3,12
250009828,Property Damage Crash,03/06/2025 12:00:00 PM,RAMP 3 FR RAMP 6 (FR IS270) TO MD 187B,NA,Front to Rear,Cloudy,Dry,Daylight,Traffic Control Signal,NONE DETECTED,Yes,No Apparent Injury,Followed Too Closely,Unknown,MD,Sport Utility Vehicle,Moving Constant Speed,30,No,2006,BMW,X5,39.03129883,-77.13177775,2025,3,12
250009828,Property Damage Crash,03/06/2025 12:00:00 PM,RAMP 3 FR RAMP 6 (FR IS270) TO MD 187B,NA,Front to Rear,Cloudy,Dry,Daylight,Traffic Control Signal,NONE DETECTED,No,No Apparent Injury,NA,Not Distracted,MD,Sport Utility Vehicle,NA,30,No,2022,TESLA,MODEL Y,39.03129883,-77.13177775,2025,3,12
250009824,Property Damage Crash,03/06/2025 11:45:00 AM,EAST WEST HWY,NA,"Sideswipe, Same Direction",Cloudy,Dry,Daylight,Traffic Control Signal,NONE DETECTED,Yes,No Apparent Injury,NA,Not Distracted,MD,Single-Unit Truck,Overtaking/Passing,35,No,2021,FREIGHTLINER,M2,38.98788154,-77.07709036,2025,3,11
250009824,Property Damage Crash,03/06/2025 11:45:00 AM,EAST WEST HWY,NA,"Sideswipe, Same Direction",Cloudy,Dry,Daylight,Traffic Control Signal,NONE DETECTED,No,No Apparent Injury,NA,Not Distracted,MD,Other Trucks,Stopped in Traffic,35,No,1999,MACK,RD,38.98788154,-77.07709036,2025,3,11
250009818,Property Damage Crash,03/06/2025 11:33:00 AM,NORFOLK AVE,NA,Angle,Cloudy,Dry,Daylight,Stop Sign,NONE DETECTED,No,No Apparent Injury,NA,Not Distracted,MD,Sport Utility Vehicle,Accelerating,15,No,2017,LEXUS,RX,38.989544,-77.09808717,2025,3,11
250009818,Property Damage Crash,03/06/2025 11:33:00 AM,NORFOLK AVE,NA,Angle,Cloudy,Dry,Daylight,Stop Sign,NONE DETECTED,No,No Apparent Injury,NA,Not Distracted,MD,Passenger Car,Accelerating,15,No,2010,TOYOTA,PRIUS,38.989544,-77.09808717,2025,3,11
250009799,Property Damage Crash,03/06/2025 09:59:00 AM,RIDGE RD,NA,"Sideswipe, Same Direction",Clear,Dry,Daylight,No Controls,NONE DETECTED,Yes,No Apparent Injury,Failed to Keep in Proper Lane,Unknown,MD,Sport Utility Vehicle,Changing Lanes,40,No,2024,KIA,SPORTAGE,39.21092333,-77.23928833,2025,3,9
250009799,Property Damage Crash,03/06/2025 09:59:00 AM,RIDGE RD,NA,"Sideswipe, Same Direction",Clear,Dry,Daylight,No Controls,NONE DETECTED,No,No Apparent Injury,NA,Not Distracted,MD,Passenger Car,Moving Constant Speed,40,No,2010,BENTLEY,CONTINENTAL,39.21092333,-77.23928833,2025,3,9
250009799,Property Damage Crash,03/06/2025 09:59:00 AM,RIDGE RD,NA,"Sideswipe, Same Direction",Clear,Dry,Daylight,No Controls,NONE DETECTED,No,No Apparent Injury,NA,Not Distracted,MD,Passenger Car,Slowing or Stopping,40,No,2001,CHEVROLET,IMPALA,39.21092333,-77.23928833,2025,3,9
250009794,Injury Crash,03/06/2025 09:14:00 AM,PARKING ENT,NA,"Sideswipe, Same Direction",Clear,Dry,Daylight,Traffic Control Signal,NONE DETECTED,Yes,Possible Minor Injury,Failed to Yield Right-of-Way,Not Distracted,VA,Passenger Car,Turning Left,30,No,2019,INFINITI,QX60,39.15190567,-77.06443717,2025,3,9
250009794,Injury Crash,03/06/2025 09:14:00 AM,PARKING ENT,NA,"Sideswipe, Same Direction",Clear,Dry,Daylight,Traffic Control Signal,NONE DETECTED,No,Possible Minor Injury,NA,Not Distracted,MD,Passenger Car,Moving Constant Speed,30,No,2021,KIA,SPORTAGE,39.15190567,-77.06443717,2025,3,9
250009795,Property Damage Crash,03/06/2025 09:07:00 AM,CRABBS BRANCH WAY (NB/L),NA,"Sideswipe, Same Direction",Clear,Dry,Daylight,Traffic Control Signal,NONE DETECTED,No,No Apparent Injury,NA,Not Distracted,MD,Single-Unit Truck,Turning Left,35,No,2002,KENWORTH,W900,39.10641082,-77.15218837,2025,3,9
250009795,Property Damage Crash,03/06/2025 09:07:00 AM,CRABBS BRANCH WAY (NB/L),NA,"Sideswipe, Same Direction",Clear,Dry,Daylight,Traffic Control Signal,NONE DETECTED,No,No Apparent Injury,NA,Not Distracted,MD,Passenger Car,Turning Left,35,No,2001,TOYOTA,CAMRY,39.10641082,-77.15218837,2025,3,9
250009792,Property Damage Crash,03/06/2025 09:06:00 AM,RANDOLPH RD (WB/L),NA,Front to Rear,Cloudy,Dry,Daylight,No Controls,NONE DETECTED,No,No Apparent Injury,NA,Not Distracted,MD,Sport Utility Vehicle,Moving Constant Speed,35,No,2012,NISSAN,XTERRA,39.05768167,-77.072243,2025,3,9
250009792,Property Damage Crash,03/06/2025 09:06:00 AM,RANDOLPH RD (WB/L),NA,Front to Rear,Cloudy,Dry,Daylight,No Controls,NONE DETECTED,No,No Apparent Injury,NA,Not Distracted,MD,Sport Utility Vehicle,Stopped in Traffic,35,No,2024,HONDA,PILOT,39.05768167,-77.072243,2025,3,9
250009783,Property Damage Crash,03/06/2025 09:00:00 AM,RIVER RD,NA,Front to Front,Clear,Dry,Daylight,Traffic Control Signal,NONE DETECTED,No,No Apparent Injury,NA,Not Distracted,MD,Passenger Car,Moving Constant Speed,35,No,2015,HONDA,CIVIC,38.99107118,-77.15762417,2025,3,9
250009783,Property Damage Crash,03/06/2025 09:00:00 AM,RIVER RD,NA,Front to Front,Clear,Dry,Daylight,Traffic Control Signal,NONE DETECTED,No,No Apparent Injury,NA,Not Distracted,MD,Passenger Car,Moving Constant Speed,35,No,2021,BMW,X5,38.99107118,-77.15762417,2025,3,9
250009790,Property Damage Crash,03/06/2025 08:37:00 AM,FAIRDALE RD,NA,"Sideswipe, Same Direction",Cloudy,Dry,Daylight,No Controls,NONE DETECTED,Yes,No Apparent Injury,NA,Not Distracted,MD,Pickup,Overtaking/Passing,25,No,2022,RAM,1500,39.09149917,-76.95713617,2025,3,8
250009790,Property Damage Crash,03/06/2025 08:37:00 AM,FAIRDALE RD,NA,"Sideswipe, Same Direction",Cloudy,Dry,Daylight,No Controls,NONE DETECTED,No,No Apparent Injury,NA,Not Distracted,MD,Other Trucks,Stopped in Traffic,25,No,2022,MACK,GRANITE,39.09149917,-76.95713617,2025,3,8
250009786,Property Damage Crash,03/06/2025 08:28:00 AM,NA,NA,Angle,Clear,Dry,Daylight,Stop Sign,NONE DETECTED,No,NA,NA,NA,NA,Passenger Car,Overtaking/Passing,10,No,2018,FORD,ESCAPE,39.0750597,-77.13443375,2025,3,8
250009786,Property Damage Crash,03/06/2025 08:28:00 AM,NA,NA,Angle,Clear,Dry,Daylight,Stop Sign,NONE DETECTED,No,No Apparent Injury,NA,Not Distracted,MD,Passenger Car,Stopped in Traffic,10,No,2016,HONDA,ODYSSEY,39.0750597,-77.13443375,2025,3,8
250009784,Injury Crash,03/06/2025 08:12:00 AM,HUNGERFORD DR (SB/L),NA,Other,Clear,Dry,Daylight,Traffic Control Signal,NONE DETECTED,No,Possible Minor Injury,NA,Unknown,MD,Passenger Car,Moving Constant Speed,30,No,2013,HYUNDAI,SANTA FE,39.1034569,-77.15608238,2025,3,8
250009784,Injury Crash,03/06/2025 08:12:00 AM,HUNGERFORD DR (SB/L),NA,Other,Clear,Dry,Daylight,Traffic Control Signal,NONE DETECTED,No,No Apparent Injury,NA,Not Distracted,MD,Passenger Car,Moving Constant Speed,40,No,2010,TOYOTA,COROLLA,39.1034569,-77.15608238,2025,3,8
250009784,Injury Crash,03/06/2025 08:12:00 AM,HUNGERFORD DR (SB/L),NA,Other,Clear,Dry,Daylight,Traffic Control Signal,NONE DETECTED,No,No Apparent Injury,NA,Not Distracted,MD,Passenger Car,Moving Constant Speed,40,No,2024,CHEVROLET,MALIBU,39.1034569,-77.15608238,2025,3,8
250009784,Injury Crash,03/06/2025 08:12:00 AM,HUNGERFORD DR (SB/L),NA,Other,Clear,Dry,Daylight,Traffic Control Signal,NONE DETECTED,No,No Apparent Injury,NA,Not Distracted,MD,Passenger Car,Stopped in Traffic,30,No,2021,HONDA,CR-V,39.1034569,-77.15608238,2025,3,8
250009784,Injury Crash,03/06/2025 08:12:00 AM,HUNGERFORD DR (SB/L),NA,Other,Clear,Dry,Daylight,No Controls,NONE DETECTED,No,No Apparent Injury,NA,Not Distracted,MD,Passenger Car,Moving Constant Speed,40,No,2000,TOYOTA,CAMRY SOLARA,39.1034569,-77.15608238,2025,3,8
250009784,Injury Crash,03/06/2025 08:12:00 AM,HUNGERFORD DR (SB/L),NA,Other,Clear,Dry,Daylight,Traffic Control Signal,NONE DETECTED,No,No Apparent Injury,NA,Not Distracted,MD,Passenger Car,Moving Constant Speed,40,No,2009,TOYOTA,COROLLA,39.1034569,-77.15608238,2025,3,8
250009777,Property Damage Crash,03/06/2025 07:30:00 AM,NA,NA,"Sideswipe, Same Direction",Clear,Dry,Daylight,No Controls,NONE DETECTED,Yes,No Apparent Injury,NA,Not Distracted,MD,Passenger Car,Overtaking/Passing,35,No,2006,CHEVROLET,SILVERADO,39.116193,-77.0986194,2025,3,7
250009777,Property Damage Crash,03/06/2025 07:30:00 AM,NA,NA,"Sideswipe, Same Direction",Clear,Dry,Daylight,No Controls,NONE DETECTED,No,No Apparent Injury,NA,Not Distracted,MD,Passenger Car,Moving Constant Speed,35,No,2019,DODGE,CHARGER,39.116193,-77.0986194,2025,3,7
250009763,Property Damage Crash,03/05/2025 11:20:00 PM,BENNION RD,NA,Front to Rear,Clear,Dry,Dark,No Controls,NONE DETECTED,No,NA,NA,NA,NA,Pickup,Moving Constant Speed,25,No,2011,FORD,F-150,39.05459087,-77.08427509,2025,3,23
250009756,Property Damage Crash,03/05/2025 09:38:00 PM,NA,NA,"Sideswipe, Same Direction",Rain,NA,Medium,NA,NONE DETECTED,No,No Apparent Injury,NA,Not Distracted,MD,Sport Utility Vehicle,Moving Constant Speed,0,No,2016,JEEP,COMPASS,39.05950407,-77.05017824,2025,3,21
250009756,Property Damage Crash,03/05/2025 09:38:00 PM,NA,NA,"Sideswipe, Same Direction",Rain,NA,Medium,NA,NONE DETECTED,Yes,No Apparent Injury,NA,Unknown,MD,Passenger Car,Moving Constant Speed,0,No,2011,HONDA,ACCORD,39.05950407,-77.05017824,2025,3,21
250009746,Injury Crash,03/05/2025 08:46:00 PM,GEORGIA AVE,Pedestrian,Single Vehicle,Rain,Wet,Medium,Traffic Control Signal,NONE DETECTED,Yes,No Apparent Injury,Other Improper Action,"Other Action (looking away from task, etc.)",MD,Passenger Car,Turning Right,25,No,2021,HONDA,HR-V,39.03872667,-77.0508055,2025,3,20
250009737,Property Damage Crash,03/05/2025 07:45:00 PM,EAST WEST HWY,NA,"Sideswipe, Same Direction",Clear,Wet,Dark,Traffic Control Signal,NONE DETECTED,Yes,No Apparent Injury,NA,Unknown,MD,Passenger Car,Turning Left,35,No,2014,TOYOTA,CAMRY,38.9936285,-77.03248967,2025,3,19
250009737,Property Damage Crash,03/05/2025 07:45:00 PM,EAST WEST HWY,NA,"Sideswipe, Same Direction",Clear,Wet,Dark,Traffic Control Signal,NONE DETECTED,No,No Apparent Injury,NA,Not Distracted,MD,Other Trucks,Turning Left,35,No,2011,PIERCE MANUFACTURING,ARROW XT,38.9936285,-77.03248967,2025,3,19
250009729,Injury Crash,03/05/2025 06:50:00 PM,ASPEN HILL RD,NA,Angle,Rain,Wet,Medium,Traffic Control Signal,NONE DETECTED,No,Possible Minor Injury,NA,Not Distracted,MD,Passenger Car,Moving Constant Speed,30,No,2006,TOYOTA,SIENNA,39.07903691,-77.08699979,2025,3,18
250009729,Injury Crash,03/05/2025 06:50:00 PM,ASPEN HILL RD,NA,Angle,Rain,Wet,Medium,Traffic Control Signal,NONE DETECTED,Yes,No Apparent Injury,Failed to Yield Right-of-Way,Not Distracted,MD,Passenger Car,Turning Left,30,No,2015,MAZDA,MAZDA6,39.07903691,-77.08699979,2025,3,18
250009728,Injury Crash,03/05/2025 06:46:00 PM,RAMP 4 FR IS 270 NB TO MD 189 EB,NA,Front to Rear,Rain,Wet,Medium,Yield Sign,NONE DETECTED,No,No Apparent Injury,NA,Not Distracted,MD,Passenger Car,Slowing or Stopping,25,No,2023,TOYOTA,CAMRY,39.07480194,-77.16361876,2025,3,18
250009728,Injury Crash,03/05/2025 06:46:00 PM,RAMP 4 FR IS 270 NB TO MD 189 EB,NA,Front to Rear,Rain,Wet,Medium,Yield Sign,NONE DETECTED,No,Possible Minor Injury,NA,Not Distracted,MD,Passenger Car,Slowing or Stopping,25,No,2018,MAZDA,MAZDA3,39.07480194,-77.16361876,2025,3,18
250009726,Injury Crash,03/05/2025 06:40:00 PM,NA,NA,Front to Rear,Cloudy,Wet,Dark,Pedestrian Crossing Sign,NONE DETECTED,No,Possible Minor Injury,NA,Not Distracted,MD,Passenger Car,Moving Constant Speed,35,No,2017,TOYOTA,CAMRY,39.06672017,-77.11449733,2025,3,18
250009726,Injury Crash,03/05/2025 06:40:00 PM,NA,NA,Front to Rear,Cloudy,Wet,Dark,Pedestrian Crossing Sign,NONE DETECTED,No,Possible Minor Injury,NA,Not Distracted,MD,Passenger Car,Moving Constant Speed,35,No,2014,TOYOTA,CAMRY,39.06672017,-77.11449733,2025,3,18
250009726,Injury Crash,03/05/2025 06:40:00 PM,NA,NA,Front to Rear,Cloudy,Wet,Dark,Pedestrian Crossing Sign,NONE DETECTED,No,Possible Minor Injury,NA,Unknown,MD,Passenger Car,Entering Traffic Lane,35,No,2015,NISSAN,ALTIMA,39.06672017,-77.11449733,2025,3,18
250009721,Property Damage Crash,03/05/2025 06:16:00 PM,RANDOLPH RD,NA,Angle,Cloudy,Wet,Medium,No Controls,NONE DETECTED,Yes,No Apparent Injury,NA,Unknown,MD,Pickup,Moving Constant Speed,40,No,2020,FORD,F-250,39.06034474,-77.04518038,2025,3,18