Local Case Number,ACRS Report Type,Crash Date/Time,Road Name,Related Non-Motorist,Collision Type,Weather,Surface Condition,Light,Traffic Control,Driver Substance Abuse,Driver At Fault,Injury Severity,Circumstance,Driver Distracted By,Drivers License State,Vehicle Body Type,Vehicle Movement,Speed Limit,Driverless Vehicle,Vehicle Year,Vehicle Make,Vehicle Model,Latitude,Longitude,Year,Month,Hour
250009721,Property Damage Crash,03/05/2025 06:16:00 PM,RANDOLPH RD,NA,Angle,Cloudy,Wet,Medium,No Controls,NONE DETECTED,No,No Apparent Injury,NA,Not Distracted,MD,Sport Utility Vehicle,Slowing or Stopping,40,No,2020,LEXUS,RX,39.06034474,-77.04518038,2025,3,18
250009720,Property Damage Crash,03/05/2025 06:05:00 PM,SHERATON ST,NA,Rear To Side,Rain,Wet,Medium,Stop Sign,NONE DETECTED,Yes,No Apparent Injury,Failed to Yield Right-of-Way,Unknown,MD,Pickup,Entering Traffic Lane,35,No,2011,FORD,F-150,39.05938716,-77.05045096,2025,3,18
250009720,Property Damage Crash,03/05/2025 06:05:00 PM,SHERATON ST,NA,Rear To Side,Rain,Wet,Medium,Stop Sign,NONE DETECTED,No,No Apparent Injury,NA,Not Distracted,MD,Passenger Car,Moving Constant Speed,35,No,2020,TOYOTA,C-HR,39.05938716,-77.05045096,2025,3,18
250009725,Injury Crash,03/05/2025 05:00:00 PM,BROAD GREEN DR,Pedestrian,Other,Clear,Wet,Daylight,No Controls,NONE DETECTED,No,NA,NA,NA,NA,Pickup,Accelerating,30,No,2022,RAM,5500,39.04479165,-77.19693856,2025,3,17
250009704,Property Damage Crash,03/05/2025 04:40:00 PM,NA,NA,Angle,Rain,NA,Daylight,NA,NONE DETECTED,No,No Apparent Injury,NA,Not Distracted,MD,Pickup,Parked,0,No,2015,FORD,F-150,39.16937506,-77.18526897,2025,3,16
250009704,Property Damage Crash,03/05/2025 04:40:00 PM,NA,NA,Angle,Rain,NA,Daylight,NA,NONE DETECTED,Yes,No Apparent Injury,"Operated Motor Vehicle in Inattentive, Careless, Negligent, or Erratic Manner, Operated Motor Vehicle in Reckless or Aggressive Manner",Unknown,MD,Van - Passenger (&lt;9 Seats),Moving Constant Speed,0,No,2011,TOYOTA,SIENNA,39.16937506,-77.18526897,2025,3,16
250009698,Property Damage Crash,03/05/2025 04:30:00 PM,CONNECTICUT AVE (SB/L),NA,Other,Rain,Wet,Daylight,No Controls,NONE DETECTED,No,No Apparent Injury,NA,Not Distracted,MD,Passenger Car,Moving Constant Speed,30,No,2021,HONDA,CR-V,38.9822955,-77.07726383,2025,3,16
250009698,Property Damage Crash,03/05/2025 04:30:00 PM,CONNECTICUT AVE (SB/L),NA,Other,Rain,Wet,Daylight,No Controls,NONE DETECTED,No,No Apparent Injury,NA,Not Distracted,MD,Passenger Car,Turning Left,30,No,2013,MAZDA,MAZDA3,38.9822955,-77.07726383,2025,3,16
250009698,Property Damage Crash,03/05/2025 04:30:00 PM,CONNECTICUT AVE (SB/L),NA,Other,Rain,Wet,Daylight,Stop Sign,NONE DETECTED,No,No Apparent Injury,NA,Not Distracted,MD,Passenger Car,Slowing or Stopping,25,No,2010,NISSAN,XTERRA,38.9822955,-77.07726383,2025,3,16
250009693,Property Damage Crash,03/05/2025 03:53:00 PM,NA,NA,"Sideswipe, Same Direction",Rain,Wet,Daylight,Traffic Control Signal,NONE DETECTED,Yes,No Apparent Injury,NA,Not Distracted,MD,Bus - School,Moving Constant Speed,30,No,2019,THOMAS BUILT,HDX,38.99898079,-76.99795723,2025,3,15
250009693,Property Damage Crash,03/05/2025 03:53:00 PM,NA,NA,"Sideswipe, Same Direction",Rain,Wet,Daylight,Traffic Control Signal,NONE DETECTED,Yes,No Apparent Injury,NA,Not Distracted,DC,Van - Passenger (15 Seats),Moving Constant Speed,30,No,2012,GILLIG,SHUTTLE BUS,38.99898079,-76.99795723,2025,3,15
250009717,Property Damage Crash,03/05/2025 03:00:00 PM,QUINCE ORCHARD RD,NA,Angle,Rain,Wet,Daylight,Traffic Control Signal,NONE DETECTED,No,No Apparent Injury,NA,Unknown,MD,Passenger Car,Stopped in Traffic,35,No,2019,TESLA,MODEL 3,39.152071,-77.21239198,2025,3,15
250009717,Property Damage Crash,03/05/2025 03:00:00 PM,QUINCE ORCHARD RD,NA,Angle,Rain,Wet,Daylight,Traffic Control Signal,NONE DETECTED,No,No Apparent Injury,NA,Not Distracted,MD,Sport Utility Vehicle,Moving Constant Speed,35,No,2015,FORD,EXPLORER,39.152071,-77.21239198,2025,3,15
250009683,Property Damage Crash,03/05/2025 01:56:00 PM,GERMANTOWN RD,NA,Angle,Rain,Wet,Daylight,Traffic Control Signal,NONE DETECTED,No,No Apparent Injury,NA,Not Distracted,MD,Passenger Car,Moving Constant Speed,40,No,2007,TOYOTA,HIGHLANDER,39.17690104,-77.26997228,2025,3,13
250009683,Property Damage Crash,03/05/2025 01:56:00 PM,GERMANTOWN RD,NA,Angle,Rain,Wet,Daylight,Traffic Control Signal,NONE DETECTED,Yes,No Apparent Injury,NA,Not Distracted,MD,Passenger Car,Turning Left,30,No,2021,TOYOTA,RAV4,39.17690104,-77.26997228,2025,3,13
250009673,Injury Crash,03/05/2025 01:43:00 PM,CRABBS BRANCH WAY,NA,Angle,Rain,Wet,Daylight,No Controls,NONE DETECTED,No,No Apparent Injury,NA,Unknown,MD,Passenger Car,Entering Traffic Lane,30,No,2011,TOYOTA,CAMRY,39.12635893,-77.16588666,2025,3,13
250009673,Injury Crash,03/05/2025 01:43:00 PM,CRABBS BRANCH WAY,NA,Angle,Rain,Wet,Daylight,No Controls,NONE DETECTED,No,Possible Minor Injury,NA,Unknown,MD,Passenger Car,Moving Constant Speed,30,No,2011,TOYOTA,PRIUS,39.12635893,-77.16588666,2025,3,13
250009667,Property Damage Crash,03/05/2025 01:11:00 PM,VEIRS MILL RD (WB/L),NA,"Sideswipe, Same Direction",Rain,Wet,Daylight,No Controls,NONE DETECTED,No,No Apparent Injury,NA,Not Distracted,MD,Bus - Transit,Accelerating,35,No,2019,NEW FLYER,XCELSIOR,39.04885517,-77.06944517,2025,3,13
250009667,Property Damage Crash,03/05/2025 01:11:00 PM,VEIRS MILL RD (WB/L),NA,"Sideswipe, Same Direction",Rain,Wet,Daylight,No Controls,NONE DETECTED,No,No Apparent Injury,NA,Not Distracted,MD,Single-Unit Truck,Moving Constant Speed,35,No,1999,CHEVROLET,GMT-400,39.04885517,-77.06944517,2025,3,13
250009625,Injury Crash,03/05/2025 09:45:00 AM,NA,Pedestrian,Single Vehicle,Clear,NA,Daylight,NA,NONE DETECTED,Yes,No Apparent Injury,NA,Unknown,MD,Passenger Car,Turning Left,0,No,2013,TOYOTA,COROLLA,39.15842918,-77.20562344,2025,3,9
250009622,Property Damage Crash,03/05/2025 09:22:00 AM,NA,NA,Angle,Clear,Dry,Daylight,No Controls,NONE DETECTED,No,No Apparent Injury,NA,Not Distracted,MD,Passenger Car,Stopped in Traffic,30,No,2022,BMW,228I,39.07466388,-77.13528609,2025,3,9
250009622,Property Damage Crash,03/05/2025 09:22:00 AM,NA,NA,Angle,Clear,Dry,Daylight,No Controls,NONE DETECTED,No,NA,NA,NA,NA,Pickup,Entering Traffic Lane,0,No,2007,CHEVROLET,SILVERADO,39.07466388,-77.13528609,2025,3,9
250009613,Property Damage Crash,03/05/2025 07:37:00 AM,VEIRS MILL RD (WB/L),NA,Angle,Clear,Wet,Daylight,Stop Sign,NONE DETECTED,Yes,No Apparent Injury,NA,Not Distracted,MD,Passenger Car,Turning Left,25,No,2012,MERCEDES-BENZ,C-CLASS,39.07588785,-77.11903401,2025,3,7
250009613,Property Damage Crash,03/05/2025 07:37:00 AM,VEIRS MILL RD (WB/L),NA,Angle,Clear,Wet,Daylight,No Controls,NONE DETECTED,Yes,No Apparent Injury,NA,Not Distracted,VA,Passenger Car,Moving Constant Speed,35,No,2009,TOYOTA,AVALON,39.07588785,-77.11903401,2025,3,7
250009613,Property Damage Crash,03/05/2025 07:37:00 AM,VEIRS MILL RD (WB/L),NA,Angle,Clear,Wet,Daylight,No Controls,NONE DETECTED,No,No Apparent Injury,NA,Not Distracted,MD,Sport Utility Vehicle,Moving Constant Speed,35,No,2021,JEEP,GRAND CHEROKEE L,39.07588785,-77.11903401,2025,3,7
250009611,Property Damage Crash,03/05/2025 07:30:00 AM,SHADY GROVE RD (SB/L),NA,Front to Rear,Cloudy,Dry,Daylight,Traffic Control Signal,NONE DETECTED,Yes,No Apparent Injury,Followed Too Closely,Not Distracted,MD,Sport Utility Vehicle,Moving Constant Speed,40,No,2022,LAND ROVER,DISCOVERY SPORT,39.14522191,-77.15012317,2025,3,7
250009611,Property Damage Crash,03/05/2025 07:30:00 AM,SHADY GROVE RD (SB/L),NA,Front to Rear,Cloudy,Dry,Daylight,Traffic Control Signal,NONE DETECTED,No,No Apparent Injury,NA,Not Distracted,MD,Passenger Car,Slowing or Stopping,40,No,2009,NISSAN,ALTIMA,39.14522191,-77.15012317,2025,3,7
250009601,Property Damage Crash,03/05/2025 06:00:00 AM,EISENHOWER MEMORIAL HWY (SB/L),NA,Other,Clear,Dry,Dark,No Controls,NONE DETECTED,No,NA,Failed to Keep in Proper Lane,NA,NA,Passenger Car,Changing Lanes,55,No,2017,HYUNDAI,SONATA,39.16906699,-77.24308519,2025,3,6
250009601,Property Damage Crash,03/05/2025 06:00:00 AM,EISENHOWER MEMORIAL HWY (SB/L),NA,Other,Clear,Dry,Dark,No Controls,NONE DETECTED,No,No Apparent Injury,NA,Not Distracted,MD,Passenger Car,Moving Constant Speed,55,No,2019,TOYOTA,CAMRY,39.16906699,-77.24308519,2025,3,6
250009597,Property Damage Crash,03/05/2025 03:23:00 AM,SUNDALE DR,NA,"Sideswipe, Same Direction",Clear,Dry,Medium,No Controls,NONE DETECTED,No,NA,NA,NA,NA,Passenger Car,NA,25,No,2013,HONDA,CIVIC,38.9984815,-77.04625217,2025,3,3
250009591,Property Damage Crash,03/04/2025 10:23:00 PM,SHADY GROVE RD,NA,Single Vehicle,Clear,Dry,Medium,No Controls,NONE DETECTED,Yes,No Apparent Injury,NA,Talking/listening,MD,Passenger Car,Moving Constant Speed,45,No,2019,HYUNDAI,ELANTRA,39.12516702,-77.17483666,2025,3,22
250009580,Property Damage Crash,03/04/2025 08:33:00 PM,OAKVIEW DR,NA,Other,Clear,Dry,Medium,Traffic Control Signal,NONE DETECTED,Yes,No Apparent Injury,NA,Not Distracted,MD,Passenger Car,Moving Constant Speed,35,No,2017,HONDA,CIVIC,39.01528897,-76.97765188,2025,3,20
250009580,Property Damage Crash,03/04/2025 08:33:00 PM,OAKVIEW DR,NA,Other,Clear,Dry,Medium,Traffic Control Signal,NONE DETECTED,Yes,No Apparent Injury,NA,Not Distracted,MD,Pickup,Accelerating,35,No,2017,NISSAN,TITAN,39.01528897,-76.97765188,2025,3,20
250009578,Injury Crash,03/04/2025 08:18:00 PM,N WASHINGTON ST,NA,Rear To Side,Clear,Dry,Medium,No Controls,NONE DETECTED,Yes,Possible Minor Injury,Improper Backing,Unknown,MD,Passenger Car,Backing,25,No,2023,NISSAN,ROGUE,39.09154351,-77.15356253,2025,3,20
250009578,Injury Crash,03/04/2025 08:18:00 PM,N WASHINGTON ST,NA,Rear To Side,Clear,Dry,Medium,No Controls,NONE DETECTED,No,Possible Minor Injury,NA,Not Distracted,MD,Passenger Car,Stopped in Traffic,25,No,2006,HONDA,CIVIC,39.09154351,-77.15356253,2025,3,20
250009570,Property Damage Crash,03/04/2025 06:54:00 PM,PRINCE PHILIP DR (SB/L),NA,Angle,Clear,Dry,Medium,Traffic Control Signal,NONE DETECTED,No,No Apparent Injury,NA,Not Distracted,MD,Passenger Car,Turning Left,40,No,2015,NISSAN,ALTIMA,39.14259178,-77.06736076,2025,3,18
250009570,Property Damage Crash,03/04/2025 06:54:00 PM,PRINCE PHILIP DR (SB/L),NA,Angle,Clear,Dry,Medium,Traffic Control Signal,NONE DETECTED,No,No Apparent Injury,NA,Not Distracted,MD,Sport Utility Vehicle,Moving Constant Speed,40,No,2015,AUDI,Q5,39.14259178,-77.06736076,2025,3,18
250009574,Property Damage Crash,03/04/2025 06:35:00 PM,NA,NA,Single Vehicle,Clear,NA,Medium,NA,NONE DETECTED,Yes,No Apparent Injury,Too Fast For Conditions,Not Distracted,NA,Passenger Car,Backing,0,No,2008,HONDA,ACCORD,39.15751253,-77.26517622,2025,3,18
250009568,Property Damage Crash,03/04/2025 06:30:00 PM,FERRARA AVE,NA,Angle,Clear,Dry,Medium,Traffic Control Signal,NONE DETECTED,No,No Apparent Injury,NA,Not Distracted,MD,Passenger Car,Moving Constant Speed,35,No,2022,HONDA,CR-V,39.05302407,-77.07695548,2025,3,18
250009568,Property Damage Crash,03/04/2025 06:30:00 PM,FERRARA AVE,NA,Angle,Clear,Dry,Medium,Flashing Traffic Control Signal,NONE DETECTED,Yes,No Apparent Injury,Failed to Yield Right-of-Way,Not Distracted,MD,Passenger Car,Turning Left,35,No,2015,HONDA,FIT,39.05302407,-77.07695548,2025,3,18
250009565,Property Damage Crash,03/04/2025 06:25:00 PM,NA,NA,Angle,Clear,Dry,Medium,Traffic Control Signal,NONE DETECTED,No,No Apparent Injury,NA,Not Distracted,MD,Passenger Car,Moving Constant Speed,45,No,2011,CHEVROLET,SUBURBAN,39.07568331,-76.957945230000007,2025,3,18
250009565,Property Damage Crash,03/04/2025 06:25:00 PM,NA,NA,Angle,Clear,Dry,Medium,No Controls,NONE DETECTED,Yes,No Apparent Injury,NA,Not Distracted,MD,Passenger Car,Turning Left,45,No,2009,TOYOTA,COROLLA MATRIX,39.07568331,-76.957945230000007,2025,3,18
250009557,Property Damage Crash,03/04/2025 05:25:00 PM,NA,NA,Single Vehicle,Clear,NA,Daylight,NA,NONE DETECTED,Yes,No Apparent Injury,NA,Not Distracted,MD,Passenger Car,Accelerating,0,No,2016,TOYOTA,COROLLA,39.05525466,-76.95472437,2025,3,17
250009546,Property Damage Crash,03/04/2025 04:31:00 PM,ROSE AVE,NA,Rear To Side,Clear,Dry,Daylight,Traffic Control Signal,NONE DETECTED,No,No Apparent Injury,NA,Not Distracted,MD,Passenger Car,Stopped in Traffic,35,No,2008,ACURA,TL,39.05070406,-77.11878783,2025,3,16
250009546,Property Damage Crash,03/04/2025 04:31:00 PM,ROSE AVE,NA,Rear To Side,Clear,Dry,Daylight,Traffic Control Signal,NONE DETECTED,No,No Apparent Injury,NA,Not Distracted,MD,Bus - School,Turning Left,35,No,2020,FREIGHTLINER,B2 BUS CHASSIS,39.05070406,-77.11878783,2025,3,16
250009532,Property Damage Crash,03/04/2025 04:00:00 PM,NA,NA,Single Vehicle,Clear,Dry,Daylight,No Controls,NONE DETECTED,No,No Apparent Injury,NA,Unknown,VA,Sport Utility Vehicle,Negotiating a Curve,40,No,2024,FORD,BRONCO SPORT,39.03049772,-77.201511729999993,2025,3,16
250009531,Property Damage Crash,03/04/2025 03:50:00 PM,GLENALLAN AVE (WB/L),NA,Angle,Clear,Dry,Daylight,Traffic Control Signal,NONE DETECTED,No,No Apparent Injury,NA,Not Distracted,MD,Passenger Car,Stopped in Traffic,30,No,2018,HONDA,CR-V,39.06308971,-77.05000888,2025,3,15
250009531,Property Damage Crash,03/04/2025 03:50:00 PM,GLENALLAN AVE (WB/L),NA,Angle,Clear,Dry,Daylight,Traffic Control Signal,NONE DETECTED,Yes,No Apparent Injury,Failed to Yield Right-of-Way,Not Distracted,MD,Passenger Car,Turning Left,30,No,2002,ACURA,CL,39.06308971,-77.05000888,2025,3,15
250009531,Property Damage Crash,03/04/2025 03:50:00 PM,GLENALLAN AVE (WB/L),NA,Angle,Clear,Dry,Daylight,Traffic Control Signal,NONE DETECTED,No,No Apparent Injury,NA,Not Distracted,MD,Passenger Car,Moving Constant Speed,30,No,2024,TESLA,MODEL Y,39.06308971,-77.05000888,2025,3,15
250009522,Injury Crash,03/04/2025 03:20:00 PM,FALLS RD,NA,Front to Rear,Clear,Dry,Daylight,No Controls,NONE DETECTED,No,Possible Minor Injury,NA,Not Distracted,MD,Sport Utility Vehicle,Slowing or Stopping,40,No,2019,VOLVO,XC40,39.05452969,-77.18179749,2025,3,15
250009522,Injury Crash,03/04/2025 03:20:00 PM,FALLS RD,NA,Front to Rear,Clear,Dry,Daylight,No Controls,NONE DETECTED,No,No Apparent Injury,NA,Unknown,MD,Pickup,Moving Constant Speed,40,No,2015,RAM,1500,39.05452969,-77.18179749,2025,3,15
250009519,Property Damage Crash,03/04/2025 03:00:00 PM,NA,NA,Rear To Rear,Clear,NA,Daylight,NA,NONE DETECTED,No,NA,NA,NA,NA,Passenger Car,Backing,0,No,2024,TOYOTA,COROLLA,39.05737628,-76.96738675,2025,3,15
250009508,Injury Crash,03/04/2025 02:04:00 PM,GLENDALE RD,NA,Single Vehicle,Cloudy,Dry,Daylight,Stop Sign,NONE DETECTED,Yes,Possible Minor Injury,"Failed to Keep in Proper Lane, Improper Turn, Operated Motor Vehicle in Inattentive, Careless, Negligent, or Erratic Manner, Operated Motor Vehicle in Reckless or Aggressive Manner, Ran Stop Sign, Too Fast For Conditions",Unknown,MD,Passenger Car,Moving Constant Speed,25,No,2022,SUBARU,FORESTER,38.98916466,-77.07499914,2025,3,14
250009566,Property Damage Crash,03/04/2025 01:50:00 PM,NA,NA,"Sideswipe, Same Direction",Clear,NA,Daylight,NA,NONE DETECTED,Yes,No Apparent Injury,Other Improper Action,Unknown,MD,Van - Passenger (&lt;9 Seats),Accelerating,0,No,2009,TOYOTA,SIENNA,39.0572027,-77.121732,2025,3,13
250009866,Property Damage Crash,03/04/2025 12:50:00 PM,NA,NA,Rear To Rear,Clear,NA,Daylight,NA,NONE DETECTED,No,NA,NA,NA,NA,NA,Backing,0,No,0,NA,NA,38.96279071,-77.08436367,2025,3,12
250009472,Property Damage Crash,03/04/2025 11:57:00 AM,YELLOWSTONE WAY,NA,Angle,Clear,Dry,Daylight,No Controls,NONE DETECTED,No,No Apparent Injury,NA,Unknown,MD,Pickup,Moving Constant Speed,30,No,2022,FORD,F-250,39.11926307,-77.16098084,2025,3,11
250009472,Property Damage Crash,03/04/2025 11:57:00 AM,YELLOWSTONE WAY,NA,Angle,Clear,Dry,Daylight,Stop Sign,NONE DETECTED,No,No Apparent Injury,NA,Unknown,MD,Passenger Car,Turning Left,30,No,2018,LEXUS,RX,39.11926307,-77.16098084,2025,3,11
250009471,Property Damage Crash,03/04/2025 11:53:00 AM,WISTERIA DR,NA,Angle,Clear,Dry,Daylight,Stop Sign,NONE DETECTED,Yes,No Apparent Injury,"Failed to Yield Right-of-Way, Ran Stop Sign",Not Distracted,MD,Other,Turning Right,15,No,2020,GMC,SAVANA,39.17767267,-77.27120933,2025,3,11
250009471,Property Damage Crash,03/04/2025 11:53:00 AM,WISTERIA DR,NA,Angle,Clear,Dry,Daylight,No Controls,NONE DETECTED,No,No Apparent Injury,NA,Not Distracted,MD,Bus - Transit,Moving Constant Speed,35,No,2020,GILLIG,CITY TRANSIT BUS,39.17767267,-77.27120933,2025,3,11
250009447,Injury Crash,03/04/2025 09:14:00 AM,NA,NA,Angle,Clear,Dry,Daylight,Stop Sign,NONE DETECTED,Yes,No Apparent Injury,Failed to Yield Right-of-Way,Not Distracted,MD,Passenger Car,Moving Constant Speed,25,No,2016,MINI,COUNTRYMAN,38.98668548,-77.02151653,2025,3,9
250009447,Injury Crash,03/04/2025 09:14:00 AM,NA,NA,Angle,Clear,Dry,Daylight,No Controls,NONE DETECTED,No,Possible Minor Injury,Improper Passing,Not Distracted,MD,Passenger Car,Moving Constant Speed,25,No,2017,HYUNDAI,ELANTRA,38.98668548,-77.02151653,2025,3,9
250009443,Injury Crash,03/04/2025 08:53:00 AM,NA,NA,"Sideswipe, Same Direction",Clear,Dry,Daylight,No Controls,NONE DETECTED,No,No Apparent Injury,NA,Not Distracted,MD,Passenger Car,Entering Traffic Lane,25,No,2023,CHEVROLET,MALIBU,39.01472233,-77.1069275,2025,3,8
250009443,Injury Crash,03/04/2025 08:53:00 AM,NA,NA,"Sideswipe, Same Direction",Clear,Dry,Daylight,No Controls,NONE DETECTED,No,Possible Minor Injury,NA,Unknown,MD,Passenger Car,Moving Constant Speed,25,No,2013,ACURA,RDX,39.01472233,-77.1069275,2025,3,8
250009441,Property Damage Crash,03/04/2025 08:30:00 AM,WISCONSIN AVE (SB/L),NA,"Sideswipe, Same Direction",Clear,Dry,Daylight,No Controls,NONE DETECTED,Yes,No Apparent Injury,NA,Not Distracted,MD,Passenger Car,Moving Constant Speed,35,No,2021,VOLKSWAGEN,TIGUAN,38.96254967,-77.08668567,2025,3,8
250009439,Property Damage Crash,03/04/2025 08:07:00 AM,COLESVILLE RD (WB/L),NA,Other,Clear,Dry,Daylight,Traffic Control Signal,NONE DETECTED,No,No Apparent Injury,NA,Not Distracted,VA,Passenger Car,Stopped in Traffic,30,No,2016,FORD,TAURUS,38.99507333,-77.02991512,2025,3,8
250009439,Property Damage Crash,03/04/2025 08:07:00 AM,COLESVILLE RD (WB/L),NA,Other,Clear,Dry,Daylight,Traffic Control Signal,NONE DETECTED,No,No Apparent Injury,NA,Unknown,MD,Sport Utility Vehicle,Backing,30,No,2018,HONDA,CR-V,38.99507333,-77.02991512,2025,3,8
250009433,Property Damage Crash,03/04/2025 07:21:00 AM,GLENALLAN AVE,NA,"Sideswipe, Same Direction",Clear,Dry,Daylight,Traffic Control Signal,NONE DETECTED,Yes,No Apparent Injury,"Failed to Keep in Proper Lane, Operated Motor Vehicle in Inattentive, Careless, Negligent, or Erratic Manner",Not Distracted,MD,Sport Utility Vehicle,Moving Constant Speed,30,No,2022,TOYOTA,SIENNA,39.06344885,-77.05096924,2025,3,7
250009433,Property Damage Crash,03/04/2025 07:21:00 AM,GLENALLAN AVE,NA,"Sideswipe, Same Direction",Clear,Dry,Daylight,Traffic Control Signal,NONE DETECTED,No,No Apparent Injury,NA,Not Distracted,MD,Passenger Car,Stopped in Traffic,30,No,2015,NISSAN,SENTRA,39.06344885,-77.05096924,2025,3,7
250009425,Property Damage Crash,03/04/2025 06:10:00 AM,NA,NA,Other,Clear,Dry,Medium,Traffic Control Signal,NONE DETECTED,Yes,No Apparent Injury,Other Improper Action,Unknown,MD,Sport Utility Vehicle,NA,30,No,2019,HONDA,CR-V,39.19691959,-77.27366405,2025,3,6
250009423,Injury Crash,03/04/2025 06:03:00 AM,TOWNE RD,Cyclist (non-electric),Single Vehicle,Clear,Dry,Medium,Traffic Control Signal,NONE DETECTED,Yes,No Apparent Injury,NA,Not Distracted,VA,Passenger Car,Slowing or Stopping,35,No,2018,FORD,F-150,39.05166076,-77.11890721,2025,3,6
250009421,Injury Crash,03/04/2025 05:35:00 AM,NA,NA,Single Vehicle,Clear,Dry,Medium,Traffic Control Signal,NONE DETECTED,No,Possible Minor Injury,Improper Turn,Not Distracted,MD,Passenger Car,Turning Right,35,No,2024,TOYOTA,GRAND HIGHLANDER,39.04108544,-77.15927609,2025,3,5
250009413,Property Damage Crash,03/03/2025 10:10:00 PM,EMORY GROVE RD,NA,Front to Front,Clear,Dry,Medium,Traffic Control Signal,NONE DETECTED,No,No Apparent Injury,NA,Not Distracted,MD,Passenger Car,Moving Constant Speed,35,No,2018,HONDA,CIVIC,39.16014779,-77.19205634,2025,3,22
250009413,Property Damage Crash,03/03/2025 10:10:00 PM,EMORY GROVE RD,NA,Front to Front,Clear,Dry,Medium,Traffic Control Signal,NONE DETECTED,Yes,No Apparent Injury,Failed to Yield Right-of-Way,Unknown,NY,Passenger Car,Turning Left,35,No,1998,HONDA,CIVIC,39.16014779,-77.19205634,2025,3,22
250009411,Property Damage Crash,03/03/2025 09:54:00 PM,MONTGOMERY VILLAGE AVE (SB/L),NA,"Sideswipe, Same Direction",Clear,Dry,Medium,Traffic Control Signal,NONE DETECTED,Yes,No Apparent Injury,"Failed to Yield Right-of-Way, Improper Turn",Not Distracted,MD,Passenger Car,Turning Right,35,No,2023,DODGE,HORNET,39.17446,-77.203731,2025,3,21
250009412,Property Damage Crash,03/03/2025 09:51:00 PM,CANNON RD,NA,"Sideswipe, Opposite Direction",Clear,Dry,Dark,No Controls,ALCOHOL PRESENT,Yes,No Apparent Injury,"Operated Motor Vehicle in Inattentive, Careless, Negligent, or Erratic Manner",Not Distracted,GA,Passenger Car,Moving Constant Speed,25,No,2010,HYUNDAI,SONATA,39.07010483,-77.00015117,2025,3,21
250009408,Injury Crash,03/03/2025 09:05:00 PM,UNIVERSITY BLVD W (WB/L),NA,"Sideswipe, Same Direction",Clear,Dry,Medium,No Controls,NONE DETECTED,No,No Apparent Injury,NA,Not Distracted,MD,Passenger Car,Moving Constant Speed,35,No,2024,TOYOTA,COROLLA,39.0354785,-77.02563917,2025,3,21
250009408,Injury Crash,03/03/2025 09:05:00 PM,UNIVERSITY BLVD W (WB/L),NA,"Sideswipe, Same Direction",Clear,Dry,Medium,No Controls,NONE DETECTED,Yes,Possible Minor Injury,NA,Unknown,MD,Passenger Car,Changing Lanes,35,No,2024,MERCEDES-BENZ,GLC-CLASS,39.0354785,-77.02563917,2025,3,21
250009399,Property Damage Crash,03/03/2025 07:37:00 PM,UNIVERSITY BLVD E (WB/L),NA,Front to Rear,Clear,Dry,Medium,Traffic Control Signal,NONE DETECTED,No,No Apparent Injury,NA,Unknown,MD,Passenger Car,Stopped in Traffic,40,No,2019,VOLKSWAGEN,GOLF GTI,39.01632567,-77.00564533,2025,3,19
250009399,Property Damage Crash,03/03/2025 07:37:00 PM,UNIVERSITY BLVD E (WB/L),NA,Front to Rear,Clear,Dry,Medium,Traffic Control Signal,NONE DETECTED,No,NA,NA,NA,NA,Passenger Car,Backing,40,No,2023,CHEVROLET,MALIBU,39.01632567,-77.00564533,2025,3,19
250009384,Property Damage Crash,03/03/2025 05:39:00 PM,NEW HAMPSHIRE AVE (SB/L),NA,"Sideswipe, Same Direction",Clear,Dry,Medium,No Controls,NONE DETECTED,Yes,NA,NA,NA,NA,Passenger Car,Changing Lanes,40,No,2013,TOYOTA,COROLLA,39.02235433,-76.9778455,2025,3,17