Local Case Number,ACRS Report Type,Crash Date/Time,Road Name,Related Non-Motorist,Collision Type,Weather,Surface Condition,Light,Traffic Control,Driver Substance Abuse,Driver At Fault,Injury Severity,Circumstance,Driver Distracted By,Drivers License State,Vehicle Body Type,Vehicle Movement,Speed Limit,Driverless Vehicle,Vehicle Year,Vehicle Make,Vehicle Model,Latitude,Longitude,Year,Month,Hour
250009384,Property Damage Crash,03/03/2025 05:39:00 PM,NEW HAMPSHIRE AVE (SB/L),NA,"Sideswipe, Same Direction",Clear,Dry,Medium,No Controls,NONE DETECTED,No,No Apparent Injury,NA,Not Distracted,MD,Passenger Car,Moving Constant Speed,40,No,2011,TOYOTA,COROLLA,39.02235433,-76.9778455,2025,3,17
250009371,Injury Crash,03/03/2025 04:49:00 PM,NA,NA,Angle,Clear,Dry,Daylight,Traffic Control Signal,NONE DETECTED,No,No Apparent Injury,NA,Not Distracted,MD,Passenger Car,Stopped in Traffic,35,No,1996,TOYOTA,TERCEL,39.127958,-77.16703833,2025,3,16
250009371,Injury Crash,03/03/2025 04:49:00 PM,NA,NA,Angle,Clear,Dry,Daylight,Traffic Control Signal,NONE DETECTED,No,No Apparent Injury,NA,Not Distracted,MD,Passenger Car,Stopped in Traffic,35,No,2008,TOYOTA,CAMRY SOLARA,39.127958,-77.16703833,2025,3,16
250009371,Injury Crash,03/03/2025 04:49:00 PM,NA,NA,Angle,Clear,Dry,Daylight,Traffic Control Signal,NONE DETECTED,Yes,Possible Minor Injury,Followed Too Closely,Unknown,MD,Passenger Car,Moving Constant Speed,35,No,2013,HONDA,ACCORD,39.127958,-77.16703833,2025,3,16
250009367,Property Damage Crash,03/03/2025 04:28:00 PM,STANFORD ST,NA,Front to Front,Clear,Dry,Daylight,No Controls,NONE DETECTED,Yes,No Apparent Injury,Failed to Yield Right-of-Way,Unknown,MD,Van - Passenger (&lt;9 Seats),Making U-Turn,25,No,2018,HONDA,ODYSSEY,38.97850829,-77.09080503,2025,3,16
250009367,Property Damage Crash,03/03/2025 04:28:00 PM,STANFORD ST,NA,Front to Front,Clear,Dry,Daylight,No Controls,NONE DETECTED,No,No Apparent Injury,NA,Not Distracted,MD,Passenger Car,Moving Constant Speed,25,No,2014,HONDA,ACCORD,38.97850829,-77.09080503,2025,3,16
250009370,Injury Crash,03/03/2025 04:02:00 PM,BEACON RD,NA,Angle,Clear,Dry,Daylight,No Controls,NONE DETECTED,Yes,Possible Minor Injury,Other Improper Action,Not Distracted,MD,Sport Utility Vehicle,Slowing or Stopping,30,No,2004,CHEVROLET,TAHOE,39.0079003,-76.98437548,2025,3,16
250009361,Property Damage Crash,03/03/2025 04:02:00 PM,BEACON RD,NA,Angle,Clear,Dry,Daylight,No Controls,ALCOHOL PRESENT,Yes,No Apparent Injury,"Improper Turn, Operated Motor Vehicle in Inattentive, Careless, Negligent, or Erratic Manner, Operated Motor Vehicle in Reckless or Aggressive Manner",Not Distracted,NA,Passenger Car,Accelerating,25,No,2010,NISSAN,SENTRA,39.00795474,-76.98432849,2025,3,16
250009370,Injury Crash,03/03/2025 04:02:00 PM,BEACON RD,NA,Angle,Clear,Dry,Daylight,No Controls,ALCOHOL PRESENT,No,No Apparent Injury,NA,Not Distracted,NA,Passenger Car,Stopped in Traffic,30,No,2010,NISSAN,SENTRA,39.0079003,-76.98437548,2025,3,16
250009357,Property Damage Crash,03/03/2025 03:58:00 PM,NA,NA,Front to Rear,Clear,NA,Daylight,NA,NONE DETECTED,No,No Apparent Injury,NA,Unknown,MD,Van - Passenger (&lt;9 Seats),Overtaking/Passing,0,No,2014,CHEVROLET,EXPRESS,39.14720175,-77.18164931,2025,3,15
250009358,Property Damage Crash,03/03/2025 03:48:00 PM,GEORGIA AVE (SB/L),NA,Angle,Clear,Dry,Daylight,No Controls,NONE DETECTED,No,NA,NA,NA,NA,NA,Entering Traffic Lane,30,No,0,NA,NA,39.0101235,-77.04078339,2025,3,15
250009358,Property Damage Crash,03/03/2025 03:48:00 PM,GEORGIA AVE (SB/L),NA,Angle,Clear,Dry,Daylight,No Controls,NONE DETECTED,No,No Apparent Injury,NA,Not Distracted,MD,Passenger Car,Moving Constant Speed,30,No,2021,TOYOTA,COROLLA,39.0101235,-77.04078339,2025,3,15
250009349,Injury Crash,03/03/2025 03:19:00 PM,WASHINGTON GROVE LA,NA,Front to Rear,Clear,Dry,Daylight,Traffic Control Signal,NONE DETECTED,No,Possible Minor Injury,NA,Not Distracted,MD,Passenger Car,Stopped in Traffic,35,No,2009,TOYOTA,COROLLA,39.14797643,-77.16818576,2025,3,15
250009349,Injury Crash,03/03/2025 03:19:00 PM,WASHINGTON GROVE LA,NA,Front to Rear,Clear,Dry,Daylight,Traffic Control Signal,NONE DETECTED,Yes,No Apparent Injury,NA,Unknown,NA,Passenger Car,Slowing or Stopping,35,No,2003,HONDA,ACCORD,39.14797643,-77.16818576,2025,3,15
250009349,Injury Crash,03/03/2025 03:19:00 PM,WASHINGTON GROVE LA,NA,Front to Rear,Clear,Dry,Daylight,Traffic Control Signal,NONE DETECTED,No,No Apparent Injury,NA,Not Distracted,MD,Passenger Car,Stopped in Traffic,35,No,2017,MAZDA,MAZDA6,39.14797643,-77.16818576,2025,3,15
250009343,Injury Crash,03/03/2025 02:53:00 PM,RAMP 3 FR MD 118 EB TO RAMP 2 (TO IS270),NA,Front to Front,Clear,Dry,Daylight,Traffic Control Signal,NONE DETECTED,No,Possible Minor Injury,NA,Not Distracted,MD,Passenger Car,Turning Left,40,No,2012,HONDA,CIVIC,39.18652133,-77.2534185,2025,3,14
250009343,Injury Crash,03/03/2025 02:53:00 PM,RAMP 3 FR MD 118 EB TO RAMP 2 (TO IS270),NA,Front to Front,Clear,Dry,Daylight,Traffic Control Signal,NONE DETECTED,No,No Apparent Injury,Ran Red Light,Unknown,MD,Passenger Car,Moving Constant Speed,40,No,2017,DODGE,GRAND CARAVAN,39.18652133,-77.2534185,2025,3,14
250009340,Property Damage Crash,03/03/2025 02:32:00 PM,SANDY SPRING RD,NA,Single Vehicle,Clear,Dry,Daylight,Traffic Control Signal,NONE DETECTED,No,No Apparent Injury,NA,Unknown,DE,Sport Utility Vehicle,Moving Constant Speed,40,No,2018,BMW,X1,39.10613667,-76.91813,2025,3,14
250009339,Injury Crash,03/03/2025 02:12:00 PM,FREDERICK RD,NA,Front to Rear,Clear,Dry,Daylight,No Controls,NONE DETECTED,No,Possible Minor Injury,NA,Not Distracted,MD,Passenger Car,Slowing or Stopping,40,No,2024,TOYOTA,COROLLA,39.19737667,-77.244525,2025,3,14
250009339,Injury Crash,03/03/2025 02:12:00 PM,FREDERICK RD,NA,Front to Rear,Clear,Dry,Daylight,No Controls,NONE DETECTED,Yes,No Apparent Injury,NA,Not Distracted,NA,Pickup,Slowing or Stopping,40,No,2015,GMC,SIERRA,39.19737667,-77.244525,2025,3,14
250009326,Injury Crash,03/03/2025 01:19:00 PM,RAMP 1 FR RAMP 4 (FR IS270) TO RIDGE RD,NA,Angle,Clear,Dry,Daylight,Traffic Control Signal,NONE DETECTED,No,Possible Minor Injury,NA,Not Distracted,MD,Passenger Car,Moving Constant Speed,30,No,2015,TOYOTA,COROLLA,39.19892022,-77.26069531,2025,3,13
250009326,Injury Crash,03/03/2025 01:19:00 PM,RAMP 1 FR RAMP 4 (FR IS270) TO RIDGE RD,NA,Angle,Clear,Dry,Daylight,Traffic Control Signal,NONE DETECTED,Yes,No Apparent Injury,Other Improper Action,"Other Action (looking away from task, etc.)",PA,Passenger Car,Stopped in Traffic,45,No,2019,DODGE,CHARGER,39.19892022,-77.26069531,2025,3,13
250009318,Property Damage Crash,03/03/2025 01:00:00 PM,NA,NA,Front to Rear,Clear,Dry,Daylight,Traffic Control Signal,NONE DETECTED,No,No Apparent Injury,NA,Not Distracted,MD,Passenger Car,Stopped in Traffic,35,No,2024,JEEP,COMPASS,38.99693049,-77.09714947,2025,3,13
250009318,Property Damage Crash,03/03/2025 01:00:00 PM,NA,NA,Front to Rear,Clear,Dry,Daylight,Traffic Control Signal,NONE DETECTED,Yes,No Apparent Injury,NA,"Other Action (looking away from task, etc.)",FL,Pickup,Slowing or Stopping,35,No,2020,FORD,F-450,38.99693049,-77.09714947,2025,3,13
250009325,Injury Crash,03/03/2025 12:29:00 PM,HEMLOCK HILLS PL,NA,Front to Rear,Clear,Dry,Daylight,No Controls,NONE DETECTED,Yes,No Apparent Injury,Followed Too Closely,Unknown,MD,Pickup,Moving Constant Speed,30,No,2017,RAM,1500,39.22529148,-77.25557026,2025,3,12
250009325,Injury Crash,03/03/2025 12:29:00 PM,HEMLOCK HILLS PL,NA,Front to Rear,Clear,Dry,Daylight,No Controls,NONE DETECTED,No,Possible Minor Injury,NA,Not Distracted,MD,Sport Utility Vehicle,Slowing or Stopping,30,No,2024,HYUNDAI,PALISADE,39.22529148,-77.25557026,2025,3,12
250009297,Property Damage Crash,03/03/2025 10:27:00 AM,GEORGIA AVE,NA,Angle,Clear,Dry,Daylight,Traffic Control Signal,NONE DETECTED,No,No Apparent Injury,NA,Not Distracted,MD,Pickup,Moving Constant Speed,30,No,2020,FORD,F-350,39.0086822,-77.04021515,2025,3,10
250009297,Property Damage Crash,03/03/2025 10:27:00 AM,GEORGIA AVE,NA,Angle,Clear,Dry,Daylight,Traffic Control Signal,ALCOHOL PRESENT,Yes,No Apparent Injury,NA,Not Distracted,DC,Passenger Car,Making U-Turn,30,No,2023,MAZDA,MAZDA3,39.0086822,-77.04021515,2025,3,10
250009282,Property Damage Crash,03/03/2025 09:25:00 AM,UNIVERSITY BLVD W (WB/L),NA,"Sideswipe, Same Direction",Clear,Dry,Daylight,No Controls,NONE DETECTED,No,NA,NA,NA,NA,Passenger Car,Changing Lanes,35,No,2013,INFINITI,JX35,39.0255975,-77.01970163,2025,3,9
250009282,Property Damage Crash,03/03/2025 09:25:00 AM,UNIVERSITY BLVD W (WB/L),NA,"Sideswipe, Same Direction",Clear,Dry,Daylight,No Controls,NONE DETECTED,No,No Apparent Injury,NA,Not Distracted,MD,Passenger Car,Moving Constant Speed,35,No,2015,DODGE,DURANGO,39.0255975,-77.01970163,2025,3,9
250009272,Property Damage Crash,03/03/2025 07:50:00 AM,SANGAMORE RD,NA,Angle,Clear,Dry,Daylight,Stop Sign,NONE DETECTED,No,No Apparent Injury,NA,Not Distracted,MD,Passenger Car,Moving Constant Speed,30,No,2016,CADILLAC,ESCALADE,38.95041747,-77.12049157,2025,3,7
250009272,Property Damage Crash,03/03/2025 07:50:00 AM,SANGAMORE RD,NA,Angle,Clear,Dry,Daylight,Stop Sign,NONE DETECTED,No,No Apparent Injury,NA,Not Distracted,MD,Passenger Car,Turning Left,30,No,2013,TOYOTA,COROLLA,38.95041747,-77.12049157,2025,3,7
250009268,Property Damage Crash,03/03/2025 07:30:00 AM,WHITLEY PARK PL,NA,"Sideswipe, Same Direction",Clear,Dry,Daylight,No Controls,NONE DETECTED,Yes,No Apparent Injury,NA,Not Distracted,MD,Bus - School,Slowing or Stopping,25,No,2021,FREIGHTLINER,B2 BUS CHASSIS,39.01477876,-77.10911355,2025,3,7
250009265,Property Damage Crash,03/03/2025 04:10:00 AM,ELM AVE,NA,Front to Rear,Clear,Dry,Medium,No Controls,NONE DETECTED,No,NA,NA,NA,NA,Sport Utility Vehicle,NA,10,No,2024,NISSAN,PATHFINDER,38.97530766,-76.99741877,2025,3,4
250009248,Injury Crash,03/02/2025 09:35:00 PM,BEL PRE RD,NA,Angle,Clear,Dry,Medium,Traffic Control Signal,NONE DETECTED,No,Possible Minor Injury,NA,Not Distracted,MD,Pickup,Turning Left,35,No,2016,FORD,F-150,39.09937767,-77.09984817,2025,3,21
250009248,Injury Crash,03/02/2025 09:35:00 PM,BEL PRE RD,NA,Angle,Clear,Dry,Medium,Traffic Control Signal,NONE DETECTED,No,Possible Minor Injury,NA,Not Distracted,MD,Pickup,Turning Left,35,No,2019,TOYOTA,TUNDRA,39.09937767,-77.09984817,2025,3,21
250009248,Injury Crash,03/02/2025 09:35:00 PM,BEL PRE RD,NA,Angle,Clear,Dry,Medium,Traffic Control Signal,NONE DETECTED,Yes,Possible Minor Injury,Ran Red Light,"Other Action (looking away from task, etc.)",MD,Passenger Car,Moving Constant Speed,35,No,2019,TOYOTA,RAV4,39.09937767,-77.09984817,2025,3,21
250009246,Property Damage Crash,03/02/2025 09:30:00 PM,FENTON ST,NA,Angle,Clear,Dry,Medium,No Controls,NONE DETECTED,No,NA,NA,NA,NA,NA,Making U-Turn,30,No,0,NA,NA,38.9978688,-77.02893303,2025,3,21
250009241,Injury Crash,03/02/2025 07:59:00 PM,GREAT SENECA HWY,NA,Angle,Clear,Dry,Medium,Traffic Control Signal,NONE DETECTED,No,Possible Minor Injury,NA,Unknown,MD,Sport Utility Vehicle,Turning Left,50,No,2001,KIA,SPORTAGE,39.13333183,-77.24496533,2025,3,19
250009241,Injury Crash,03/02/2025 07:59:00 PM,GREAT SENECA HWY,NA,Angle,Clear,Dry,Medium,Traffic Control Signal,NONE DETECTED,No,No Apparent Injury,NA,Not Distracted,MD,Sport Utility Vehicle,Moving Constant Speed,50,No,2015,BMW,X5,39.13333183,-77.24496533,2025,3,19
250009226,Property Damage Crash,03/02/2025 05:40:00 PM,ADELPHI RD (WB/L),NA,Front to Rear,Clear,Dry,Medium,Traffic Control Signal,NONE DETECTED,Yes,No Apparent Injury,NA,Not Distracted,MD,Passenger Car,Turning Left,40,No,2018,TOYOTA,COROLLA,39.0113175,-76.97855317,2025,3,17
250009226,Property Damage Crash,03/02/2025 05:40:00 PM,ADELPHI RD (WB/L),NA,Front to Rear,Clear,Dry,Medium,Traffic Control Signal,NONE DETECTED,No,No Apparent Injury,NA,Not Distracted,MD,Pickup,Turning Left,40,No,2012,CHEVROLET,SILVERADO,39.0113175,-76.97855317,2025,3,17
250009220,Injury Crash,03/02/2025 05:30:00 PM,BRIGGS CHANEY RD (WB/L),NA,Front to Rear,Clear,Dry,Medium,No Controls,NONE DETECTED,No,Possible Minor Injury,NA,Not Distracted,MD,Passenger Car,Turning Right,35,No,2021,NISSAN,ALTIMA,39.07598583,-76.941161,2025,3,17
250009220,Injury Crash,03/02/2025 05:30:00 PM,BRIGGS CHANEY RD (WB/L),NA,Front to Rear,Clear,Dry,Medium,No Controls,NONE DETECTED,Yes,No Apparent Injury,NA,Unknown,MD,Passenger Car,Moving Constant Speed,35,No,2017,FORD,EXPLORER,39.07598583,-76.941161,2025,3,17
250009220,Injury Crash,03/02/2025 05:30:00 PM,BRIGGS CHANEY RD (WB/L),NA,Front to Rear,Clear,Dry,Medium,No Controls,NONE DETECTED,No,Possible Minor Injury,NA,Not Distracted,MD,Passenger Car,Entering Traffic Lane,35,No,2004,HONDA,ODYSSEY,39.07598583,-76.941161,2025,3,17
250009387,Property Damage Crash,03/02/2025 03:50:00 PM,NA,NA,Single Vehicle,Clear,NA,Daylight,NA,NONE DETECTED,No,No Apparent Injury,Other Improper Action,Unknown,MD,Sport Utility Vehicle,Accelerating,0,No,2021,TOYOTA,HIGHLANDER,39.06143935,-77.15712111,2025,3,15
250009206,Injury Crash,03/02/2025 03:42:00 PM,LAYHILL RD,NA,Single Vehicle,Clear,Dry,Daylight,No Controls,NONE DETECTED,No,NA,NA,NA,NA,Sport Utility Vehicle,Moving Constant Speed,40,No,2008,FORD,EXPEDITION,39.0878645,-77.044755,2025,3,15
250009208,Injury Crash,03/02/2025 03:34:00 PM,CROSSOVER,NA,"Sideswipe, Same Direction",Clear,Dry,Daylight,Traffic Control Signal,NONE DETECTED,No,No Apparent Injury,NA,Unknown,MD,Other,Moving Constant Speed,40,No,2021,PIERCE MANUFACTURING,AERIAL,39.01572933,-77.00546733,2025,3,15
250009208,Injury Crash,03/02/2025 03:34:00 PM,CROSSOVER,NA,"Sideswipe, Same Direction",Clear,Dry,Daylight,Traffic Control Signal,NONE DETECTED,Yes,Possible Minor Injury,NA,Unknown,DC,Passenger Car,Entering Traffic Lane,40,No,2018,NISSAN,SENTRA,39.01572933,-77.00546733,2025,3,15
250009198,Property Damage Crash,03/02/2025 02:04:00 PM,ASPEN HILL RD,NA,Angle,Clear,Dry,Daylight,No Controls,NONE DETECTED,No,No Apparent Injury,NA,Not Distracted,MD,Sport Utility Vehicle,Moving Constant Speed,25,No,2008,JEEP,WRANGLER,39.08028295,-77.07870861,2025,3,14
250009198,Property Damage Crash,03/02/2025 02:04:00 PM,ASPEN HILL RD,NA,Angle,Clear,Dry,Daylight,No Controls,NONE DETECTED,Yes,No Apparent Injury,Failed to Yield Right-of-Way,Not Distracted,MD,Sport Utility Vehicle,Turning Left,25,No,2015,VOLKSWAGEN,TIGUAN,39.08028295,-77.07870861,2025,3,14
250009216,Property Damage Crash,03/02/2025 01:50:00 PM,NA,NA,Rear To Rear,Clear,NA,Daylight,NA,NONE DETECTED,No,NA,NA,NA,NA,Passenger Car,Backing,0,No,2023,HYUNDAI,VENUE,39.09094381,-77.07018751,2025,3,13
250009192,Injury Crash,03/02/2025 01:31:00 PM,NA,Pedestrian,Single Vehicle,Clear,NA,Daylight,NA,NONE DETECTED,No,No Apparent Injury,"Operated Motor Vehicle in Inattentive, Careless, Negligent, or Erratic Manner",Not Distracted,MD,Passenger Car,Slowing or Stopping,0,No,2016,MERCEDES-BENZ,350,39.04555631,-77.11349117,2025,3,13
250009189,Injury Crash,03/02/2025 01:00:00 PM,AVERY RD,NA,Angle,Clear,Dry,Daylight,Traffic Control Signal,NONE DETECTED,Yes,No Apparent Injury,NA,"Other Action (looking away from task, etc.)",MD,Passenger Car,Stopped in Traffic,25,No,2022,HYUNDAI,TUCSON,39.09303692,-77.12279377,2025,3,13
250009189,Injury Crash,03/02/2025 01:00:00 PM,AVERY RD,NA,Angle,Clear,Dry,Daylight,Traffic Control Signal,NONE DETECTED,No,No Apparent Injury,NA,Not Distracted,MD,Passenger Car,Turning Right,35,No,2015,TOYOTA,HIGHLANDER,39.09303692,-77.12279377,2025,3,13
250048231,Property Damage Crash,03/02/2025 12:44:00 PM,NA,NA,Other,Clear,NA,Daylight,NA,NONE DETECTED,No,NA,NA,NA,NA,Passenger Car,NA,0,No,2007,HONDA,CIVIC,39.00288362,-76.98944979,2025,3,12
250009182,Property Damage Crash,03/02/2025 12:32:00 PM,NA,NA,Front to Rear,Clear,Dry,Daylight,No Controls,NONE DETECTED,Yes,No Apparent Injury,NA,Not Distracted,MD,Passenger Car,Slowing or Stopping,30,No,2007,HONDA,ODYSSEY,39.012777,-77.09073467,2025,3,12
250009182,Property Damage Crash,03/02/2025 12:32:00 PM,NA,NA,Front to Rear,Clear,Dry,Daylight,No Controls,NONE DETECTED,No,No Apparent Injury,NA,Not Distracted,MD,Passenger Car,Slowing or Stopping,30,No,2012,HONDA,PILOT,39.012777,-77.09073467,2025,3,12
250009177,Property Damage Crash,03/02/2025 12:23:00 PM,GRACE CHURCH RD,NA,Front to Front,Clear,Dry,Daylight,No Controls,NONE DETECTED,No,No Apparent Injury,NA,Not Distracted,DC,Passenger Car,Moving Constant Speed,35,No,2013,HONDA,CIVIC,39.00455143,-77.04017897,2025,3,12
250009177,Property Damage Crash,03/02/2025 12:23:00 PM,GRACE CHURCH RD,NA,Front to Front,Clear,Dry,Daylight,Stop Sign,NONE DETECTED,Yes,No Apparent Injury,NA,Not Distracted,DC,Passenger Car,Accelerating,35,No,2014,HYUNDAI,SONATA,39.00455143,-77.04017897,2025,3,12
250009176,Property Damage Crash,03/02/2025 12:19:00 PM,HAWKES RD,NA,Angle,Clear,Dry,Daylight,No Controls,NONE DETECTED,No,No Apparent Injury,NA,Not Distracted,MD,Passenger Car,Moving Constant Speed,40,No,2006,TOYOTA,CAMRY,39.246746,-77.2341875,2025,3,12
250009176,Property Damage Crash,03/02/2025 12:19:00 PM,HAWKES RD,NA,Angle,Clear,Dry,Daylight,Stop Sign,NONE DETECTED,Yes,No Apparent Injury,Failed to Yield Right-of-Way,Not Distracted,MD,Sport Utility Vehicle,Turning Left,40,No,2017,FORD,EDGE,39.246746,-77.2341875,2025,3,12
250009170,Property Damage Crash,03/02/2025 11:36:00 AM,NA,NA,"Sideswipe, Same Direction",Clear,Dry,Daylight,Traffic Control Signal,NONE DETECTED,No,No Apparent Injury,NA,Not Distracted,MD,Sport Utility Vehicle,Stopped in Traffic,35,No,2018,HONDA,CR-V,39.07324569,-77.11202063,2025,3,11
250009170,Property Damage Crash,03/02/2025 11:36:00 AM,NA,NA,"Sideswipe, Same Direction",Clear,Dry,Daylight,Traffic Control Signal,NONE DETECTED,Yes,No Apparent Injury,Failed to Keep in Proper Lane,Unknown,NA,Sport Utility Vehicle,Slowing or Stopping,35,No,2023,HYUNDAI,VENUE,39.07324569,-77.11202063,2025,3,11
250009158,Injury Crash,03/02/2025 08:45:00 AM,ASPEN HILL RD,NA,Front to Rear,Clear,Dry,Daylight,No Controls,NONE DETECTED,No,Possible Minor Injury,NA,Not Distracted,MD,Passenger Car,Stopped in Traffic,45,No,2022,SUBARU,OUTBACK,39.06920062,-77.104776330000007,2025,3,8
250009158,Injury Crash,03/02/2025 08:45:00 AM,ASPEN HILL RD,NA,Front to Rear,Clear,Dry,Daylight,Traffic Control Signal,NONE DETECTED,No,No Apparent Injury,NA,NA,NA,Passenger Car,Moving Constant Speed,45,No,2002,HONDA,ACCORD,39.06920062,-77.104776330000007,2025,3,8
250009155,Injury Crash,03/02/2025 08:08:00 AM,PRICE AVE,Pedestrian,Single Vehicle,Clear,Dry,Daylight,"Other Pavement Marking (excluding edgelines, centerlines, or lane lines)",NONE DETECTED,Yes,No Apparent Injury,NA,Unknown,MD,Passenger Car,Turning Left,25,No,2005,HONDA,ELEMENT,39.04010214,-77.05093346,2025,3,8
250009150,Property Damage Crash,03/02/2025 05:25:00 AM,GRANDVIEW AVE,NA,Rear To Side,Clear,Dry,Medium,No Controls,NONE DETECTED,No,No Apparent Injury,NA,Not Distracted,MD,Passenger Car,Backing,5,No,2014,DODGE,CHARGER,39.0408491,-77.05289746,2025,3,5
250009137,Property Damage Crash,03/01/2025 11:54:00 PM,PHEASANT RUN DR,NA,Front to Rear,Clear,Dry,Medium,No Controls,DRUG AND ALCOHOL CONTRIBUTED,No,No Apparent Injury,"Operated Motor Vehicle in Inattentive, Careless, Negligent, or Erratic Manner, Other Improper Action","Other Action (looking away from task, etc.)",VA,Sport Utility Vehicle,Moving Constant Speed,25,No,2024,TOYOTA,RAV4,39.14501851,-77.23435449,2025,3,23
250009125,Property Damage Crash,03/01/2025 09:45:00 PM,PINEY BRANCH RD,NA,Front to Rear,Clear,Dry,Medium,No Controls,NONE DETECTED,No,No Apparent Injury,NA,Not Distracted,MD,Sport Utility Vehicle,Moving Constant Speed,35,No,2020,JEEP,COMPASS,38.99910867,-76.9967638,2025,3,21
250009125,Property Damage Crash,03/01/2025 09:45:00 PM,PINEY BRANCH RD,NA,Front to Rear,Clear,Dry,Medium,No Controls,NONE DETECTED,No,NA,NA,NA,NA,Passenger Car,Moving Constant Speed,35,No,2012,HONDA,CIVIC,38.99910867,-76.9967638,2025,3,21
250058969,Property Damage Crash,03/01/2025 09:45:00 PM,FIELDS RD,NA,Other,Clear,Dry,Medium,Traffic Control Signal,NONE DETECTED,No,NA,NA,NA,NA,Other Trucks,Making U-Turn,35,No,2021,UNKNOWN,UNKNOWN,39.11305305,-77.19950054,2025,3,21
250058969,Property Damage Crash,03/01/2025 09:45:00 PM,FIELDS RD,NA,Other,Clear,Dry,Medium,Flashing Traffic Control Signal,NONE DETECTED,No,No Apparent Injury,NA,Not Distracted,MD,Passenger Car,Turning Left,35,No,2013,TOYOTA,TUNDRA,39.11305305,-77.19950054,2025,3,21
250009115,Injury Crash,03/01/2025 07:43:00 PM,DAMASCUS RD,NA,Front to Front,Clear,Dry,Dark,No Controls,NONE DETECTED,No,No Apparent Injury,NA,Not Distracted,MD,Passenger Car,Moving Constant Speed,30,No,2017,TOYOTA,COROLLA,39.2832515,-77.1909295,2025,3,19
250009115,Injury Crash,03/01/2025 07:43:00 PM,DAMASCUS RD,NA,Front to Front,Clear,Dry,Dark,No Controls,NONE DETECTED,No,Possible Minor Injury,NA,Not Distracted,MD,Passenger Car,Moving Constant Speed,30,No,2004,VOLKSWAGEN,GOLF,39.2832515,-77.1909295,2025,3,19
250009115,Injury Crash,03/01/2025 07:43:00 PM,DAMASCUS RD,NA,Front to Front,Clear,Dry,Dark,No Controls,NONE DETECTED,Yes,No Apparent Injury,NA,Not Distracted,WV,Passenger Car,Overtaking/Passing,30,No,2005,ACURA,TL,39.2832515,-77.1909295,2025,3,19
250009111,Property Damage Crash,03/01/2025 07:05:00 PM,NORBECK RD (WB/L),NA,"Sideswipe, Same Direction",Clear,Dry,Dark,No Controls,NONE DETECTED,No,No Apparent Injury,NA,Not Distracted,MD,Passenger Car,Moving Constant Speed,40,No,2019,TOYOTA,CAMRY,39.09798124,-77.10470134,2025,3,19
250009111,Property Damage Crash,03/01/2025 07:05:00 PM,NORBECK RD (WB/L),NA,"Sideswipe, Same Direction",Clear,Dry,Dark,No Controls,NONE DETECTED,No,NA,NA,NA,NA,Pickup,Changing Lanes,40,No,2020,FORD,F-150,39.09798124,-77.10470134,2025,3,19
250009105,Property Damage Crash,03/01/2025 06:42:00 PM,ROCKVILLE PIKE (SB/L),NA,"Sideswipe, Same Direction",Clear,Dry,Medium,No Controls,NONE DETECTED,No,No Apparent Injury,NA,Not Distracted,MD,Pickup,Moving Constant Speed,35,No,2016,RAM,1500,39.00908001,-77.09748691,2025,3,18
250009105,Property Damage Crash,03/01/2025 06:42:00 PM,ROCKVILLE PIKE (SB/L),NA,"Sideswipe, Same Direction",Clear,Dry,Medium,No Controls,NONE DETECTED,Yes,No Apparent Injury,NA,Unknown,MD,Passenger Car,Changing Lanes,35,No,2001,LEXUS,IS,39.00908001,-77.09748691,2025,3,18
250009102,Injury Crash,03/01/2025 06:19:00 PM,NA,NA,Angle,Windy,Dry,Dark,No Controls,NONE DETECTED,Yes,No Apparent Injury,Failed to Yield Right-of-Way,Not Distracted,MD,Passenger Car,Turning Left,50,No,2011,BMW,535I,39.18309483,-77.11046567,2025,3,18
250009102,Injury Crash,03/01/2025 06:19:00 PM,NA,NA,Angle,Windy,Dry,Dark,No Controls,NONE DETECTED,No,Possible Minor Injury,NA,Not Distracted,MD,Passenger Car,Moving Constant Speed,50,No,2008,TOYOTA,CAMRY,39.18309483,-77.11046567,2025,3,18