Local Case Number,ACRS Report Type,Crash Date/Time,Road Name,Related Non-Motorist,Collision Type,Weather,Surface Condition,Light,Traffic Control,Driver Substance Abuse,Driver At Fault,Injury Severity,Circumstance,Driver Distracted By,Drivers License State,Vehicle Body Type,Vehicle Movement,Speed Limit,Driverless Vehicle,Vehicle Year,Vehicle Make,Vehicle Model,Latitude,Longitude,Year,Month,Hour
250009109,Property Damage Crash,03/01/2025 06:15:00 PM,LANARK WAY,NA,Angle,Clear,Dry,Medium,Traffic Control Signal,NONE DETECTED,No,No Apparent Injury,NA,Not Distracted,MD,Passenger Car,Moving Constant Speed,40,No,2023,FORD,EDGE,39.01854039,-77.01428375,2025,3,18
250009109,Property Damage Crash,03/01/2025 06:15:00 PM,LANARK WAY,NA,Angle,Clear,Dry,Medium,Traffic Control Signal,NONE DETECTED,No,No Apparent Injury,NA,Not Distracted,XX,Passenger Car,Changing Lanes,40,No,2001,TOYOTA,COROLLA,39.01854039,-77.01428375,2025,3,18
250009083,Property Damage Crash,03/01/2025 03:14:00 PM,NA,NA,"Sideswipe, Same Direction",Clear,Dry,Daylight,Traffic Control Signal,NONE DETECTED,No,No Apparent Injury,NA,Not Distracted,MD,Bus - Transit,Stopped in Traffic,35,No,2016,GILLIG,LOW FLOOR BUS,38.99539373,-77.03861107,2025,3,15
250009083,Property Damage Crash,03/01/2025 03:14:00 PM,NA,NA,"Sideswipe, Same Direction",Clear,Dry,Daylight,Traffic Control Signal,NONE DETECTED,No,No Apparent Injury,NA,Not Distracted,MD,Passenger Car,Entering Traffic Lane,35,No,2010,HONDA,ACCORD,38.99539373,-77.03861107,2025,3,15
250009007,Injury Crash,03/01/2025 02:51:00 PM,POOKS HILL RD,NA,Angle,Clear,Dry,Daylight,Traffic Control Signal,NONE DETECTED,Yes,No Apparent Injury,"Operated Motor Vehicle in Inattentive, Careless, Negligent, or Erratic Manner, Ran Red Light",Unknown,MD,Sport Utility Vehicle,Moving Constant Speed,35,No,2008,HONDA,CR-V,39.01491392,-77.09994801,2025,3,14
250009007,Injury Crash,03/01/2025 02:51:00 PM,POOKS HILL RD,NA,Angle,Clear,Dry,Daylight,Traffic Control Signal,NONE DETECTED,No,Possible Minor Injury,NA,Not Distracted,MD,Passenger Car,Turning Left,25,No,2020,FORD,FUSION,39.01491392,-77.09994801,2025,3,14
250009067,Property Damage Crash,03/01/2025 01:08:00 PM,GEORGIA AVE (SB/L),NA,Front to Rear,Clear,Dry,Daylight,No Controls,NONE DETECTED,No,No Apparent Injury,NA,Not Distracted,MD,Passenger Car,Slowing or Stopping,30,No,2015,MINI,COUNTRYMAN,39.01124622,-77.04119782,2025,3,13
250009067,Property Damage Crash,03/01/2025 01:08:00 PM,GEORGIA AVE (SB/L),NA,Front to Rear,Clear,Dry,Daylight,No Controls,ALCOHOL PRESENT,Yes,No Apparent Injury,"Followed Too Closely, Other Improper Action, Too Fast For Conditions",Unknown,MD,Passenger Car,NA,30,No,2013,TOYOTA,COROLLA,39.01124622,-77.04119782,2025,3,13
250009057,Injury Crash,03/01/2025 12:14:00 PM,COLUMBIA PIKE (SB/L),NA,Single Vehicle,Clear,Dry,Daylight,No Controls,NONE DETECTED,Yes,Possible Minor Injury,Too Fast For Conditions,Not Distracted,MD,Passenger Car,Changing Lanes,55,No,2016,DODGE,CHARGER,39.06486,-76.96156967,2025,3,12
250009050,Injury Crash,03/01/2025 11:02:00 AM,UNIVERSITY BLVD W,NA,Angle,Clear,Dry,Daylight,Traffic Control Signal,NONE DETECTED,Yes,Possible Minor Injury,"Failed to Yield Right-of-Way, Improper Turn",Not Distracted,MD,Passenger Car,Turning Left,30,No,2024,HYUNDAI,ELANTRA,39.04125645,-77.04812838,2025,3,11
250009050,Injury Crash,03/01/2025 11:02:00 AM,UNIVERSITY BLVD W,NA,Angle,Clear,Dry,Daylight,Traffic Control Signal,NONE DETECTED,No,Possible Minor Injury,NA,Not Distracted,MD,Passenger Car,Moving Constant Speed,30,No,2009,HONDA,CIVIC,39.04125645,-77.04812838,2025,3,11
250009042,Injury Crash,03/01/2025 10:59:00 AM,MONTGOMERY VILLAGE AVE (SB/L),NA,Front to Rear,Clear,Dry,Daylight,Traffic Control Signal,NONE DETECTED,No,No Apparent Injury,NA,Not Distracted,MD,Passenger Car,Entering Traffic Lane,35,No,2013,TOYOTA,CAMRY,39.1568499,-77.2063127,2025,3,10
250009042,Injury Crash,03/01/2025 10:59:00 AM,MONTGOMERY VILLAGE AVE (SB/L),NA,Front to Rear,Clear,Dry,Daylight,Traffic Control Signal,NONE DETECTED,Yes,No Apparent Injury,NA,Not Distracted,MD,Passenger Car,Accelerating,35,No,2016,HONDA,CR-V,39.1568499,-77.2063127,2025,3,10
250009041,Property Damage Crash,03/01/2025 10:49:00 AM,THAYER AVE,NA,Angle,Clear,Dry,Daylight,Traffic Control Signal,NONE DETECTED,No,No Apparent Injury,NA,Not Distracted,MD,Moped Or motorized bicycle,Turning Left,30,No,2024,ZHILONG,BWS,38.99306971,-77.02408435,2025,3,10
250009041,Property Damage Crash,03/01/2025 10:49:00 AM,THAYER AVE,NA,Angle,Clear,Dry,Daylight,Traffic Control Signal,NONE DETECTED,Yes,No Apparent Injury,NA,Not Distracted,PA,Passenger Car,Turning Left,30,No,2009,FORD,FOCUS,38.99306971,-77.02408435,2025,3,10
250009038,Property Damage Crash,03/01/2025 10:30:00 AM,NA,NA,Single Vehicle,Clear,NA,Daylight,NA,NONE DETECTED,Yes,No Apparent Injury,Ran Off Roadway,Not Distracted,MD,Passenger Car,Accelerating,0,No,2021,FORD,EXPLORER,39.00138647,-76.98480918,2025,3,10
250009029,Property Damage Crash,03/01/2025 09:25:00 AM,FREDERICK RD,NA,Front to Rear,Clear,Dry,Daylight,Traffic Control Signal,NONE DETECTED,No,No Apparent Injury,Too Fast For Conditions,"Other Action (looking away from task, etc.)",MD,Van - Passenger (&lt;9 Seats),Moving Constant Speed,40,No,2015,CHEVROLET,EXPRESS,39.12555733,-77.1820205,2025,3,9
250009029,Property Damage Crash,03/01/2025 09:25:00 AM,FREDERICK RD,NA,Front to Rear,Clear,Dry,Daylight,Traffic Control Signal,NONE DETECTED,No,No Apparent Injury,NA,Not Distracted,MD,Passenger Car,Moving Constant Speed,40,No,2017,FORD,ESCAPE,39.12555733,-77.1820205,2025,3,9
250009029,Property Damage Crash,03/01/2025 09:25:00 AM,FREDERICK RD,NA,Front to Rear,Clear,Dry,Daylight,Traffic Control Signal,NONE DETECTED,No,No Apparent Injury,NA,Not Distracted,MD,Passenger Car,Moving Constant Speed,40,No,2024,JEEP,COMPASS,39.12555733,-77.1820205,2025,3,9
250009008,Property Damage Crash,03/01/2025 02:06:00 AM,S SUMMIT AVE,NA,Single Vehicle,Clear,Dry,Medium,Traffic Control Signal,ALCOHOL PRESENT,No,No Apparent Injury,"Operated Motor Vehicle in Inattentive, Careless, Negligent, or Erratic Manner, Operated Motor Vehicle in Reckless or Aggressive Manner",Not Distracted,MD,Passenger Car,Moving Constant Speed,35,No,2020,NISSAN,ALTIMA,39.13801197,-77.19411628,2025,3,2
250009000,Injury Crash,03/01/2025 12:20:00 AM,OAKVIEW DR,NA,Front to Rear,Clear,Dry,Medium,No Controls,NONE DETECTED,Yes,Possible Minor Injury,NA,Unknown,NA,Passenger Car,Moving Constant Speed,30,No,2017,MAZDA,MAZDA6,39.01552198,-76.979733,2025,3,0
250008999,Property Damage Crash,02/28/2025 11:46:00 PM,NA,NA,Front to Rear,Clear,NA,Medium,NA,ALCOHOL PRESENT,Yes,No Apparent Injury,NA,Not Distracted,NA,Passenger Car,Accelerating,0,No,2015,HONDA,PILOT,38.99985655,-76.99034614,2025,2,23
250008993,Injury Crash,02/28/2025 10:54:00 PM,SHADY GROVE RD (SB/L),NA,Other,Clear,Dry,Medium,Traffic Control Signal,NONE DETECTED,Yes,No Apparent Injury,"Failed to Yield Right-of-Way, Ran Red Light","Other Action (looking away from task, etc.)",MD,Pickup,Moving Constant Speed,40,No,2023,TOYOTA,TACOMA,39.10370833,-77.190849,2025,2,22
250008993,Injury Crash,02/28/2025 10:54:00 PM,SHADY GROVE RD (SB/L),NA,Other,Clear,Dry,Medium,Traffic Control Signal,NONE DETECTED,No,Possible Minor Injury,NA,Not Distracted,MD,Passenger Car,Moving Constant Speed,40,No,2015,HYUNDAI,SONATA,39.10370833,-77.190849,2025,2,22
250008984,Injury Crash,02/28/2025 09:22:00 PM,RANDOLPH RD,NA,Other,Clear,Dry,Dark,No Controls,NONE DETECTED,Yes,Possible Minor Injury,Failed to Yield Right-of-Way,Not Distracted,MD,Passenger Car,Entering Traffic Lane,40,No,2007,HYUNDAI,SANTA FE,39.06738636,-77.01765026,2025,2,21
250008984,Injury Crash,02/28/2025 09:22:00 PM,RANDOLPH RD,NA,Other,Clear,Dry,Dark,No Controls,NONE DETECTED,No,Possible Minor Injury,Other Improper Action,Not Distracted,MD,Passenger Car,Moving Constant Speed,40,No,2009,LEXUS,IS,39.06738636,-77.01765026,2025,2,21
250008976,Injury Crash,02/28/2025 08:20:00 PM,NA,NA,Front to Rear,Clear,Dry,Medium,No Controls,NONE DETECTED,No,Possible Minor Injury,NA,Not Distracted,MD,Passenger Car,Stopped in Traffic,25,No,2024,NISSAN,SENTRA,38.99334017,-77.097257870000007,2025,2,20
250008976,Injury Crash,02/28/2025 08:20:00 PM,NA,NA,Front to Rear,Clear,Dry,Medium,No Controls,NONE DETECTED,No,No Apparent Injury,Followed Too Closely,Not Distracted,MD,Passenger Car,Accelerating,25,No,2018,FORD,TAURUS,38.99334017,-77.097257870000007,2025,2,20
250009099,Property Damage Crash,02/28/2025 08:18:00 PM,NA,NA,"Sideswipe, Opposite Direction",Clear,NA,Medium,NA,NONE DETECTED,Yes,No Apparent Injury,NA,Unknown,MD,Passenger Car,Turning Left,0,No,2012,AUDI,A8,38.98712196,-77.02719264,2025,2,20
250008972,Property Damage Crash,02/28/2025 07:33:00 PM,MONTGOMERY LA,NA,"Sideswipe, Same Direction",Clear,Dry,Medium,Traffic Control Signal,NONE DETECTED,No,No Apparent Injury,NA,Not Distracted,VA,Bus - Transit,Turning Left,25,No,2014,NABI,BRT,38.98350211,-77.09608135,2025,2,19
250008972,Property Damage Crash,02/28/2025 07:33:00 PM,MONTGOMERY LA,NA,"Sideswipe, Same Direction",Clear,Dry,Medium,Traffic Control Signal,NONE DETECTED,No,No Apparent Injury,NA,Not Distracted,FL,Passenger Car,Moving Constant Speed,25,No,2014,AUDI,Q7,38.98350211,-77.09608135,2025,2,19
250008982,Property Damage Crash,02/28/2025 06:56:00 PM,NA,NA,"Sideswipe, Same Direction",Clear,NA,Medium,NA,NONE DETECTED,No,NA,NA,NA,NA,Passenger Car,Turning Right,0,No,2022,TOYOTA,COROLLA,38.98809618,-77.09843979,2025,2,18
250008952,Property Damage Crash,02/28/2025 05:56:00 PM,FIRST ST,NA,"Sideswipe, Same Direction",Clear,Dry,Medium,No Controls,NONE DETECTED,No,No Apparent Injury,NA,Not Distracted,MD,Sport Utility Vehicle,Moving Constant Speed,35,No,2024,LEXUS,RZ,39.08292708,-77.13672953,2025,2,17
250008952,Property Damage Crash,02/28/2025 05:56:00 PM,FIRST ST,NA,"Sideswipe, Same Direction",Clear,Dry,Medium,No Controls,NONE DETECTED,Yes,No Apparent Injury,NA,Not Distracted,MD,Passenger Car,Changing Lanes,35,No,2011,HYUNDAI,SONATA,39.08292708,-77.13672953,2025,2,17
250009059,Property Damage Crash,02/28/2025 05:00:00 PM,NA,NA,Rear To Side,Clear,NA,Daylight,NA,NONE DETECTED,No,NA,Improper Backing,Unknown,NA,Passenger Car,Backing,0,No,2000,ZZKNOWN,UNKNOWN,39.03994433,-76.98830153,2025,2,17
250008948,Property Damage Crash,02/28/2025 04:50:00 PM,NA,NA,Front to Rear,Clear,NA,Daylight,NA,NONE DETECTED,No,No Apparent Injury,NA,Not Distracted,CA,Sport Utility Vehicle,Backing,0,No,2024,HYUNDAI,VENUE,39.05728904,-76.96732413,2025,2,16
250008948,Property Damage Crash,02/28/2025 04:50:00 PM,NA,NA,Front to Rear,Clear,NA,Daylight,NA,NONE DETECTED,Yes,NA,NA,NA,NA,Pickup,NA,0,No,2004,CHEVROLET,AVALANCHE,39.05728904,-76.96732413,2025,2,16
250008931,Injury Crash,02/28/2025 04:30:00 PM,NA,NA,Other,Clear,Dry,Daylight,No Controls,NONE DETECTED,No,No Apparent Injury,NA,Not Distracted,MD,Passenger Car,Moving Constant Speed,40,No,2015,HONDA,FIT,39.10886483,-76.9463565,2025,2,16
250008931,Injury Crash,02/28/2025 04:30:00 PM,NA,NA,Other,Clear,Dry,Daylight,No Controls,NONE DETECTED,No,Suspected Serious Injury,NA,Not Distracted,MD,Passenger Car,Moving Constant Speed,40,No,2008,HONDA,FIT,39.10886483,-76.9463565,2025,2,16
250008931,Injury Crash,02/28/2025 04:30:00 PM,NA,NA,Other,Clear,Dry,Daylight,No Controls,NONE DETECTED,Yes,No Apparent Injury,NA,Unknown,MD,Passenger Car,Moving Constant Speed,40,No,2010,CHEVROLET,COBALT,39.10886483,-76.9463565,2025,2,16
250008930,Property Damage Crash,02/28/2025 04:28:00 PM,FREDERICK RD (SB/L),NA,Single Vehicle,Clear,Dry,Daylight,Traffic Control Signal,NONE DETECTED,Yes,No Apparent Injury,NA,Not Distracted,NA,Passenger Car,Moving Constant Speed,40,No,2020,TOYOTA,CAMRY,39.11716219,-77.16898067,2025,2,16
250008928,Property Damage Crash,02/28/2025 04:00:00 PM,NA,NA,"Sideswipe, Opposite Direction",Clear,NA,Daylight,NA,NONE DETECTED,Yes,No Apparent Injury,"Operated Motor Vehicle in Inattentive, Careless, Negligent, or Erratic Manner, Other Improper Action",Unknown,MD,Passenger Car,NA,0,No,2024,TOYOTA,CAMRY,39.09882972,-77.19755475,2025,2,16
250008927,Property Damage Crash,02/28/2025 03:58:00 PM,CORDELL AVE,NA,Rear To Side,Clear,Dry,Daylight,Traffic Control Signal,NONE DETECTED,No,No Apparent Injury,NA,Not Distracted,NY,Passenger Car,Moving Constant Speed,25,No,2014,TOYOTA,PRIUS,38.99100281,-77.09561793,2025,2,15
250008927,Property Damage Crash,02/28/2025 03:58:00 PM,CORDELL AVE,NA,Rear To Side,Clear,Dry,Daylight,Traffic Control Signal,NONE DETECTED,Yes,No Apparent Injury,NA,Not Distracted,MD,Passenger Car,Turning Left,25,No,2015,TOYOTA,PRIUS,38.99100281,-77.09561793,2025,2,15
250008941,Property Damage Crash,02/28/2025 03:39:00 PM,CONNECTICUT AVE,NA,"Sideswipe, Same Direction",Clear,Dry,Daylight,No Controls,NONE DETECTED,No,NA,NA,NA,NA,Other Trucks,Overtaking/Passing,35,No,2016,INTERNATIONAL,MA025,38.9845974,-77.07706781,2025,2,15
250008941,Property Damage Crash,02/28/2025 03:39:00 PM,CONNECTICUT AVE,NA,"Sideswipe, Same Direction",Clear,Dry,Daylight,No Controls,NONE DETECTED,No,No Apparent Injury,NA,Not Distracted,MD,Passenger Car,Moving Constant Speed,35,No,2022,RAM,PROMASTER 1500,38.9845974,-77.07706781,2025,2,15
250008917,Property Damage Crash,02/28/2025 03:37:00 PM,NA,NA,Angle,Clear,NA,Daylight,NA,NONE DETECTED,No,No Apparent Injury,NA,Not Distracted,MD,Passenger Car,Moving Constant Speed,0,No,2017,MAZDA,MAZDA3,39.06493279,-77.12603657,2025,2,15
250008917,Property Damage Crash,02/28/2025 03:37:00 PM,NA,NA,Angle,Clear,NA,Daylight,NA,NONE DETECTED,Yes,No Apparent Injury,NA,Not Distracted,MD,Passenger Car,Moving Constant Speed,0,No,2008,HONDA,CR-V,39.06493279,-77.12603657,2025,2,15
250008918,Injury Crash,02/28/2025 03:21:00 PM,CHELTENHAM DR,Pedestrian,Single Vehicle,Clear,Dry,Daylight,Traffic Control Signal,NONE DETECTED,Yes,No Apparent Injury,NA,Unknown,MD,Passenger Car,Moving Constant Speed,30,No,2013,NISSAN,SENTRA,38.98822528,-77.09600223,2025,2,15
250008904,Property Damage Crash,02/28/2025 02:41:00 PM,NA,NA,Front to Rear,Clear,Dry,Daylight,No Controls,NONE DETECTED,No,No Apparent Injury,NA,Not Distracted,MD,Passenger Car,Moving Constant Speed,30,No,2008,FORD,F-250,39.24412758,-77.18627054,2025,2,14
250008904,Property Damage Crash,02/28/2025 02:41:00 PM,NA,NA,Front to Rear,Clear,Dry,Daylight,No Controls,NONE DETECTED,Yes,No Apparent Injury,Improper Backing,Not Distracted,MD,Passenger Car,Backing,30,No,2020,TOYOTA,COROLLA,39.24412758,-77.18627054,2025,2,14
250008897,Property Damage Crash,02/28/2025 02:37:00 PM,ROCKVILLE PIKE,NA,Rear To Side,Clear,Dry,Daylight,Traffic Control Signal,NONE DETECTED,No,No Apparent Injury,NA,Not Distracted,MD,Passenger Car,Moving Constant Speed,35,No,2008,BMW,528XI,39.06957969,-77.1306121,2025,2,14
250008897,Property Damage Crash,02/28/2025 02:37:00 PM,ROCKVILLE PIKE,NA,Rear To Side,Clear,Dry,Daylight,Traffic Control Signal,NONE DETECTED,Yes,No Apparent Injury,NA,Not Distracted,MD,Passenger Car,Turning Left,35,No,2021,MAZDA,CX-30,39.06957969,-77.1306121,2025,2,14
250008896,Property Damage Crash,02/28/2025 01:42:00 PM,PARKLAWN DR,NA,"Sideswipe, Same Direction",Clear,Dry,Daylight,No Controls,NONE DETECTED,No,No Apparent Injury,NA,Not Distracted,MD,Bus - Transit,Slowing or Stopping,25,No,2013,NEW FLYER,XCELSIOR,39.054158,-77.10680233,2025,2,13
250008896,Property Damage Crash,02/28/2025 01:42:00 PM,PARKLAWN DR,NA,"Sideswipe, Same Direction",Clear,Dry,Daylight,No Controls,NONE DETECTED,No,No Apparent Injury,NA,Not Distracted,MD,Single-Unit Truck,Turning Left,25,No,2012,FORD,E-450,39.054158,-77.10680233,2025,2,13
250008876,Property Damage Crash,02/28/2025 12:53:00 PM,NA,NA,Angle,Cloudy,NA,Daylight,NA,NONE DETECTED,Yes,No Apparent Injury,Other Improper Action,Not Distracted,MD,Sport Utility Vehicle,Accelerating,0,No,2008,FORD,TAURUS X,39.04119985,-76.98911044,2025,2,12
250008876,Property Damage Crash,02/28/2025 12:53:00 PM,NA,NA,Angle,Cloudy,NA,Daylight,NA,NONE DETECTED,No,No Apparent Injury,NA,Not Distracted,MD,Passenger Car,Moving Constant Speed,0,No,2003,MERCEDES-BENZ,E-CLASS,39.04119985,-76.98911044,2025,2,12
250008890,Fatal Crash,02/28/2025 12:48:00 PM,NORBECK RD,NA,Angle,Clear,Dry,Daylight,Traffic Control Signal,NONE DETECTED,Yes,No Apparent Injury,"Failed to Yield Right-of-Way, Ran Red Light",Unknown,MD,Truck Tractor,Moving Constant Speed,40,No,2006,FREIGHTLINER,COLUMBIA,39.12042957,-77.03391228,2025,2,12
250008890,Fatal Crash,02/28/2025 12:48:00 PM,NORBECK RD,NA,Angle,Clear,Dry,Daylight,Traffic Control Signal,NONE DETECTED,No,Fatal Injury,NA,Unknown,MD,Sport Utility Vehicle,Accelerating,40,No,2021,KIA,SELTOS,39.12042957,-77.03391228,2025,2,12
250008874,Injury Crash,02/28/2025 12:42:00 PM,BRIGGS RD,NA,Single Vehicle,Clear,Dry,Daylight,No Controls,ALCOHOL PRESENT,No,NA,NA,NA,NA,Sport Utility Vehicle,NA,25,No,2002,FORD,EXPLORER,39.06910141,-77.0462698,2025,2,12
250008862,Injury Crash,02/28/2025 11:30:00 AM,MIDDLEVALE LA,NA,Angle,Clear,Dry,Daylight,No Controls,NONE DETECTED,No,Possible Minor Injury,NA,Unknown,MD,Passenger Car,Moving Constant Speed,30,No,2024,LEXUS,NX,39.06468183,-77.03994867,2025,2,11
250008862,Injury Crash,02/28/2025 11:30:00 AM,MIDDLEVALE LA,NA,Angle,Clear,Dry,Daylight,No Controls,NONE DETECTED,No,No Apparent Injury,NA,Unknown,MD,Passenger Car,Turning Left,30,No,2022,HONDA,ACCORD,39.06468183,-77.03994867,2025,2,11
250008851,Property Damage Crash,02/28/2025 10:55:00 AM,RAMP 1 FR RAMP 4 (FR IS270) TO RIDGE RD,NA,Angle,Clear,Dry,Daylight,Traffic Control Signal,NONE DETECTED,No,No Apparent Injury,NA,Not Distracted,MD,Sport Utility Vehicle,Accelerating,25,No,2022,HYUNDAI,TUCSON,39.19896667,-77.26067333,2025,2,10
250008851,Property Damage Crash,02/28/2025 10:55:00 AM,RAMP 1 FR RAMP 4 (FR IS270) TO RIDGE RD,NA,Angle,Clear,Dry,Daylight,Traffic Control Signal,NONE DETECTED,Yes,No Apparent Injury,Ran Red Light,Unknown,MD,Other Trucks,Moving Constant Speed,35,No,2021,MACK,TERRAPRO,39.19896667,-77.26067333,2025,2,10
250008843,Injury Crash,02/28/2025 10:10:00 AM,NA,NA,Front to Rear,Clear,Dry,Daylight,Traffic Control Signal,NONE DETECTED,No,Possible Minor Injury,NA,Unknown,MD,Sport Utility Vehicle,Moving Constant Speed,35,No,2020,LAND ROVER,RANGE ROVER VELAR,38.98073883,-76.98956533,2025,2,10
250008843,Injury Crash,02/28/2025 10:10:00 AM,NA,NA,Front to Rear,Clear,Dry,Daylight,Traffic Control Signal,NONE DETECTED,No,No Apparent Injury,NA,Unknown,MD,Station Wagon,Moving Constant Speed,35,No,2012,SUBARU,IMPREZA,38.98073883,-76.98956533,2025,2,10
250008836,Property Damage Crash,02/28/2025 09:19:00 AM,FRANWALL AVE,NA,"Sideswipe, Same Direction",Cloudy,Dry,Daylight,No Controls,NONE DETECTED,No,No Apparent Injury,NA,Unknown,DC,Passenger Car,Parked,25,No,2022,TOYOTA,AVALON,39.04606117,-77.03857617,2025,2,9
250008836,Property Damage Crash,02/28/2025 09:19:00 AM,FRANWALL AVE,NA,"Sideswipe, Same Direction",Cloudy,Dry,Daylight,No Controls,NONE DETECTED,Yes,No Apparent Injury,NA,Unknown,MD,Passenger Car,Moving Constant Speed,25,No,2020,VOLKSWAGEN,PASSAT,39.04606117,-77.03857617,2025,2,9
250008831,Injury Crash,02/28/2025 09:09:00 AM,ZION RD,NA,Single Vehicle,Clear,Dry,Daylight,No Controls,NONE DETECTED,Yes,Suspected Serious Injury,Ran Off Roadway,Unknown,DC,Sport Utility Vehicle,Moving Constant Speed,40,No,2007,BUICK,RENDEZVOUS,39.1768369,-77.10048785,2025,2,9
250008793,Property Damage Crash,02/27/2025 10:31:00 PM,NORBECK RD,NA,Front to Rear,Clear,Dry,Medium,Traffic Control Signal,NONE DETECTED,No,NA,NA,NA,NA,Passenger Car,Turning Right,35,No,2021,HYUNDAI,KONA ELECTRIC,39.10942229,-77.07660999,2025,2,22
250008793,Property Damage Crash,02/27/2025 10:31:00 PM,NORBECK RD,NA,Front to Rear,Clear,Dry,Medium,Traffic Control Signal,NONE DETECTED,No,No Apparent Injury,NA,Not Distracted,AL,Passenger Car,Slowing or Stopping,35,No,2015,NISSAN,ROGUE,39.10942229,-77.07660999,2025,2,22
250008790,Property Damage Crash,02/27/2025 10:05:00 PM,QUEBEC ST,NA,"Sideswipe, Opposite Direction",Clear,Dry,Medium,No Controls,NONE DETECTED,No,No Apparent Injury,NA,Not Distracted,MD,Sport Utility Vehicle,Moving Constant Speed,20,No,2021,TOYOTA,4-RUNNER,39.00055733,-76.98574359,2025,2,22
250008790,Property Damage Crash,02/27/2025 10:05:00 PM,QUEBEC ST,NA,"Sideswipe, Opposite Direction",Clear,Dry,Medium,No Controls,NONE DETECTED,No,No Apparent Injury,NA,Unknown,NA,Passenger Car,Moving Constant Speed,20,No,2011,HONDA,ACCORD,39.00055733,-76.98574359,2025,2,22
250008773,Property Damage Crash,02/27/2025 07:39:00 PM,STEWART LA,NA,Angle,Clear,Dry,Medium,No Controls,NONE DETECTED,No,NA,NA,NA,NA,Passenger Car,Making U-Turn,25,No,2018,TOYOTA,CAMRY,39.04598437,-76.98610843,2025,2,19
250008773,Property Damage Crash,02/27/2025 07:39:00 PM,STEWART LA,NA,Angle,Clear,Dry,Medium,No Controls,NONE DETECTED,No,No Apparent Injury,NA,Not Distracted,MD,Passenger Car,Slowing or Stopping,25,No,2012,NISSAN,MAXIMA,39.04598437,-76.98610843,2025,2,19
250008756,Property Damage Crash,02/27/2025 06:15:00 PM,IS 270 LOCAL LANES (NB),NA,Front to Rear,Clear,Dry,Medium,No Controls,NONE DETECTED,No,No Apparent Injury,NA,Not Distracted,MD,Passenger Car,Moving Constant Speed,55,No,2022,MAZDA,CX-30,39.15401167,-77.22189333,2025,2,18
250008756,Property Damage Crash,02/27/2025 06:15:00 PM,IS 270 LOCAL LANES (NB),NA,Front to Rear,Clear,Dry,Medium,No Controls,NONE DETECTED,No,No Apparent Injury,NA,Not Distracted,MD,Passenger Car,Slowing or Stopping,55,No,2016,LEXUS,ES,39.15401167,-77.22189333,2025,2,18
250008749,Property Damage Crash,02/27/2025 05:47:00 PM,NA,NA,"Sideswipe, Same Direction",Clear,Dry,Medium,Traffic Control Signal,NONE DETECTED,No,No Apparent Injury,NA,Not Distracted,MD,Other Trucks,Moving Constant Speed,30,No,2021,FREIGHTLINER,M2,38.98106143,-77.09841446,2025,2,17
250008749,Property Damage Crash,02/27/2025 05:47:00 PM,NA,NA,"Sideswipe, Same Direction",Clear,Dry,Medium,Traffic Control Signal,NONE DETECTED,No,No Apparent Injury,NA,Not Distracted,MD,Truck Tractor,Stopped in Traffic,30,No,2025,FREIGHTLINER,CASCADIA,38.98106143,-77.09841446,2025,2,17
250008739,Property Damage Crash,02/27/2025 05:21:00 PM,VEIRS MILL SERV RD,NA,Angle,Clear,Dry,Daylight,No Controls,NONE DETECTED,No,No Apparent Injury,NA,Not Distracted,MD,Sport Utility Vehicle,Turning Left,15,No,2004,CHEVROLET,TRAILBLAZER,39.07574323,-77.11926271,2025,2,17
250008739,Property Damage Crash,02/27/2025 05:21:00 PM,VEIRS MILL SERV RD,NA,Angle,Clear,Dry,Daylight,No Controls,NONE DETECTED,No,No Apparent Injury,NA,Not Distracted,NA,Sport Utility Vehicle,Stopped in Traffic,20,No,2022,HONDA,HR-V,39.07574323,-77.11926271,2025,2,17