Local Case Number,ACRS Report Type,Crash Date/Time,Road Name,Related Non-Motorist,Collision Type,Weather,Surface Condition,Light,Traffic Control,Driver Substance Abuse,Driver At Fault,Injury Severity,Circumstance,Driver Distracted By,Drivers License State,Vehicle Body Type,Vehicle Movement,Speed Limit,Driverless Vehicle,Vehicle Year,Vehicle Make,Vehicle Model,Latitude,Longitude,Year,Month,Hour
250008727,Property Damage Crash,02/27/2025 03:20:00 PM,JONES BRIDGE RD,NA,Front to Rear,Clear,Dry,Daylight,Traffic Control Signal,NONE DETECTED,No,NA,NA,NA,NA,Passenger Car,Slowing or Stopping,30,No,2020,HONDA,CIVIC,39.0000267,-77.08017426,2025,2,15
250008727,Property Damage Crash,02/27/2025 03:20:00 PM,JONES BRIDGE RD,NA,Front to Rear,Clear,Dry,Daylight,Traffic Control Signal,NONE DETECTED,No,No Apparent Injury,NA,Not Distracted,MD,Passenger Car,Slowing or Stopping,30,No,2023,HYUNDAI,KONA,39.0000267,-77.08017426,2025,2,15
250008710,Property Damage Crash,02/27/2025 02:58:00 PM,CLOPPER RD,NA,Front to Rear,Clear,Dry,Daylight,Traffic Control Signal,NONE DETECTED,No,No Apparent Injury,NA,Not Distracted,MD,Passenger Car,Slowing or Stopping,35,No,2013,NISSAN,ROGUE,39.14417983,-77.22463317,2025,2,14
250008710,Property Damage Crash,02/27/2025 02:58:00 PM,CLOPPER RD,NA,Front to Rear,Clear,Dry,Daylight,Traffic Control Signal,NONE DETECTED,No,No Apparent Injury,NA,Not Distracted,MD,Passenger Car,Slowing or Stopping,35,No,2018,AUDI,A4,39.14417983,-77.22463317,2025,2,14
250008710,Property Damage Crash,02/27/2025 02:58:00 PM,CLOPPER RD,NA,Front to Rear,Clear,Dry,Daylight,Traffic Control Signal,NONE DETECTED,No,No Apparent Injury,NA,Not Distracted,MD,Passenger Car,Slowing or Stopping,35,No,2002,TOYOTA,SIENNA,39.14417983,-77.22463317,2025,2,14
250008690,Injury Crash,02/27/2025 01:41:00 PM,E GUDE DR,NA,Angle,Cloudy,Dry,Daylight,Traffic Control Signal,NONE DETECTED,No,Possible Minor Injury,NA,Not Distracted,MD,Passenger Car,Moving Constant Speed,40,No,2013,HONDA,ACCORD,39.10635677,-77.15230117,2025,2,13
250008690,Injury Crash,02/27/2025 01:41:00 PM,E GUDE DR,NA,Angle,Cloudy,Dry,Daylight,Traffic Control Signal,NONE DETECTED,No,No Apparent Injury,NA,Not Distracted,DE,Single-Unit Truck,Turning Left,40,No,2022,FREIGHTLINER,M2,39.10635677,-77.15230117,2025,2,13
250008693,Injury Crash,02/27/2025 01:40:00 PM,WARING STATION RD,NA,Front to Front,Cloudy,Dry,Daylight,No Controls,NONE DETECTED,Yes,Possible Minor Injury,Failed to Keep in Proper Lane,"Other Action (looking away from task, etc.)",MD,Passenger Car,Moving Constant Speed,35,No,2023,TOYOTA,RAV4,39.1738755,-77.25351733,2025,2,13
250008688,Injury Crash,02/27/2025 01:10:00 PM,ROCKVILLE PIKE,NA,Angle,Cloudy,Dry,Daylight,Stop Sign,NONE DETECTED,Yes,No Apparent Injury,NA,Not Distracted,MD,Passenger Car,Entering Traffic Lane,35,No,2019,TOYOTA,HIGHLANDER,39.07546887,-77.13705779,2025,2,13
250008688,Injury Crash,02/27/2025 01:10:00 PM,ROCKVILLE PIKE,NA,Angle,Cloudy,Dry,Daylight,No Controls,NONE DETECTED,No,Possible Minor Injury,NA,Not Distracted,MD,Passenger Car,Moving Constant Speed,35,No,2020,NISSAN,VERSA,39.07546887,-77.13705779,2025,2,13
250008685,Injury Crash,02/27/2025 12:45:00 PM,OLD COLUMBIA PIKE,NA,Other,Clear,Dry,Daylight,No Controls,NONE DETECTED,No,Possible Minor Injury,NA,Not Distracted,MD,Sport Utility Vehicle,Moving Constant Speed,25,No,2025,TESLA,MODEL Y,39.10954667,-76.93504333,2025,2,12
250008685,Injury Crash,02/27/2025 12:45:00 PM,OLD COLUMBIA PIKE,NA,Other,Clear,Dry,Daylight,No Controls,NONE DETECTED,No,No Apparent Injury,NA,Not Distracted,MD,Passenger Car,Turning Left,25,No,2012,KIA,SORENTO,39.10954667,-76.93504333,2025,2,12
250008680,Property Damage Crash,02/27/2025 11:50:00 AM,BROOKE DR,NA,Rear To Side,Clear,Dry,Daylight,No Controls,NONE DETECTED,Yes,No Apparent Injury,NA,Unknown,MD,Passenger Car,Backing,25,No,1999,CHEVROLET,CAVALIER,39.00995533,-77.14615517,2025,2,11
250008680,Property Damage Crash,02/27/2025 11:50:00 AM,BROOKE DR,NA,Rear To Side,Clear,Dry,Daylight,No Controls,NONE DETECTED,No,No Apparent Injury,NA,Not Distracted,MD,Passenger Car,Moving Constant Speed,25,No,2014,SUBARU,OUTBACK,39.00995533,-77.14615517,2025,2,11
250008659,Property Damage Crash,02/27/2025 10:03:00 AM,NA,NA,Angle,Cloudy,NA,Daylight,NA,NONE DETECTED,No,No Apparent Injury,NA,Unknown,MD,Passenger Car,Slowing or Stopping,0,No,2018,HONDA,CR-V,39.10611299,-77.15175461,2025,2,10
250008659,Property Damage Crash,02/27/2025 10:03:00 AM,NA,NA,Angle,Cloudy,NA,Daylight,NA,NONE DETECTED,No,No Apparent Injury,NA,Unknown,MD,Van - Passenger (&lt;9 Seats),Accelerating,0,No,2014,FORD,E-350,39.10611299,-77.15175461,2025,2,10
250008637,Property Damage Crash,02/27/2025 07:49:00 AM,GREAT SENECA HWY (SB/L),NA,Front to Rear,Rain,Wet,Daylight,No Controls,NONE DETECTED,Yes,No Apparent Injury,Followed Too Closely,Not Distracted,MD,Passenger Car,Slowing or Stopping,45,No,2011,HONDA,ACCORD,39.147933,-77.27616633,2025,2,7
250008637,Property Damage Crash,02/27/2025 07:49:00 AM,GREAT SENECA HWY (SB/L),NA,Front to Rear,Rain,Wet,Daylight,No Controls,NONE DETECTED,No,No Apparent Injury,NA,Not Distracted,MD,Single-Unit Truck,Slowing or Stopping,45,No,2025,KENWORTH,T480,39.147933,-77.27616633,2025,2,7
250008635,Property Damage Crash,02/27/2025 07:28:00 AM,MONTGOMERY VILLAGE AVE (SB/L),NA,Unknown,Clear,NA,Dark,No Controls,NONE DETECTED,No,No Apparent Injury,NA,NA,NA,Unknown,NA,35,No,0,NA,NA,39.16304359,-77.20346468,2025,2,7
250008632,Property Damage Crash,02/27/2025 07:08:00 AM,FREDERICK RD,NA,"Sideswipe, Opposite Direction",Rain,Wet,Medium,No Controls,NONE DETECTED,Yes,No Apparent Injury,NA,Not Distracted,MD,Bus - School,Moving Constant Speed,45,No,2018,THOMAS BUILT,HDX,39.22072,-77.25881167,2025,2,7
250008632,Property Damage Crash,02/27/2025 07:08:00 AM,FREDERICK RD,NA,"Sideswipe, Opposite Direction",Rain,Wet,Medium,No Controls,NONE DETECTED,Yes,No Apparent Injury,NA,Not Distracted,MD,Bus - Transit,Moving Constant Speed,45,No,2009,GILLIG,LOW FLOOR BUS,39.22072,-77.25881167,2025,2,7
250008629,Injury Crash,02/27/2025 06:38:00 AM,RAMP 7 FR MD 109 WB TO RAMP 6 (TO IS270),NA,Front to Front,Rain,Wet,Medium,No Controls,NONE DETECTED,Yes,Possible Minor Injury,Failed to Yield Right-of-Way,Not Distracted,MD,Passenger Car,Turning Left,40,No,2010,TOYOTA,COROLLA,39.27728918,-77.32498302,2025,2,6
250008629,Injury Crash,02/27/2025 06:38:00 AM,RAMP 7 FR MD 109 WB TO RAMP 6 (TO IS270),NA,Front to Front,Rain,Wet,Medium,No Controls,NONE DETECTED,No,Possible Minor Injury,NA,Not Distracted,MD,Passenger Car,Moving Constant Speed,40,No,2020,CHEVROLET,BOLT EV,39.27728918,-77.32498302,2025,2,6
250008630,Property Damage Crash,02/27/2025 06:00:00 AM,NA,NA,Single Vehicle,Cloudy,NA,Medium,NA,NONE DETECTED,No,No Apparent Injury,NA,Unknown,MD,Passenger Car,Changing Lanes,0,No,2004,TOYOTA,CAMRY,39.06627257,-77.12744543,2025,2,6
250008672,Property Damage Crash,02/27/2025 05:45:00 AM,UNIVERSITY BLVD E,NA,"Sideswipe, Same Direction",Clear,Dry,Medium,No Controls,NONE DETECTED,No,No Apparent Injury,NA,Not Distracted,MD,Passenger Car,Moving Constant Speed,25,No,2005,TOYOTA,CAMRY,38.99358489,-76.99239353,2025,2,5
250008672,Property Damage Crash,02/27/2025 05:45:00 AM,UNIVERSITY BLVD E,NA,"Sideswipe, Same Direction",Clear,Dry,Medium,No Controls,NONE DETECTED,No,No Apparent Injury,NA,Not Distracted,MD,Bus - Transit,Moving Constant Speed,35,No,2016,NEW FLYER,XCELSIOR,38.99358489,-76.99239353,2025,2,5
250008626,Property Damage Crash,02/27/2025 05:07:00 AM,NA,NA,Single Vehicle,Clear,NA,Medium,NA,DRUG AND ALCOHOL CONTRIBUTED,No,No Apparent Injury,NA,Not Distracted,VA,Passenger Car,Turning Left,0,No,2014,BMW,X3,39.02303047,-77.14947496,2025,2,5
250008610,Injury Crash,02/26/2025 10:24:00 PM,VEIRS MILL RD (WB/L),NA,Front to Rear,Clear,Dry,Medium,Traffic Control Signal,NONE DETECTED,Yes,No Apparent Injury,NA,Unknown,MD,Passenger Car,Moving Constant Speed,40,No,2021,HYUNDAI,ELANTRA,39.06311373,-77.09484109,2025,2,22
250008610,Injury Crash,02/26/2025 10:24:00 PM,VEIRS MILL RD (WB/L),NA,Front to Rear,Clear,Dry,Medium,Traffic Control Signal,NONE DETECTED,No,Possible Minor Injury,NA,Unknown,MD,Passenger Car,Stopped in Traffic,40,No,2016,HONDA,ACCORD,39.06311373,-77.09484109,2025,2,22
250008606,Property Damage Crash,02/26/2025 09:57:00 PM,NA,NA,"Sideswipe, Opposite Direction",Clear,NA,Medium,NA,NONE DETECTED,Yes,No Apparent Injury,NA,Unknown,NA,Passenger Car,Moving Constant Speed,0,No,2010,HYUNDAI,TUCSON,39.09899351,-77.15288191,2025,2,21
250008606,Property Damage Crash,02/26/2025 09:57:00 PM,NA,NA,"Sideswipe, Opposite Direction",Clear,NA,Medium,NA,NONE DETECTED,No,No Apparent Injury,NA,Not Distracted,MD,Passenger Car,Parked,0,No,2017,HYUNDAI,ELANTRA,39.09899351,-77.15288191,2025,2,21
250008604,Injury Crash,02/26/2025 09:25:00 PM,HUNTMASTER RD,NA,Rear To Side,Clear,Dry,Medium,Stop Sign,NONE DETECTED,Yes,No Apparent Injury,NA,Unknown,MD,Passenger Car,Accelerating,25,No,2003,HONDA,ACCORD,39.21479774,-77.19500133,2025,2,21
250008604,Injury Crash,02/26/2025 09:25:00 PM,HUNTMASTER RD,NA,Rear To Side,Clear,Dry,Medium,No Controls,NONE DETECTED,No,Possible Minor Injury,NA,Not Distracted,MD,Passenger Car,Moving Constant Speed,40,No,2017,FORD,C-MAX,39.21479774,-77.19500133,2025,2,21
250008591,Property Damage Crash,02/26/2025 08:11:00 PM,NA,NA,Single Vehicle,Clear,Dry,Medium,Traffic Control Signal,NONE DETECTED,Yes,No Apparent Injury,Improper Turn,Not Distracted,MD,Van - Passenger (&lt;9 Seats),Turning Left,35,No,2023,KIA,CARNIVAL,39.15629324,-77.16550174,2025,2,20
250008597,Property Damage Crash,02/26/2025 08:00:00 PM,WAYNE AVE,NA,"Sideswipe, Same Direction",Clear,Dry,Medium,Traffic Control Signal,NONE DETECTED,Yes,No Apparent Injury,NA,Not Distracted,VA,Passenger Car,Changing Lanes,25,No,2013,CHEVROLET,CAMARO,38.99443191,-77.02817441,2025,2,20
250008597,Property Damage Crash,02/26/2025 08:00:00 PM,WAYNE AVE,NA,"Sideswipe, Same Direction",Clear,Dry,Medium,Traffic Control Signal,NONE DETECTED,No,No Apparent Injury,NA,Not Distracted,MD,Bus - Transit,Parked,25,No,2020,NEW FLYER,XCELSIOR,38.99443191,-77.02817441,2025,2,20
250008587,Property Damage Crash,02/26/2025 07:28:00 PM,COLESVILLE RD,NA,"Sideswipe, Same Direction",Clear,Dry,Medium,No Controls,NONE DETECTED,No,No Apparent Injury,NA,Not Distracted,MD,Sport Utility Vehicle,Changing Lanes,35,No,2017,HONDA,PILOT,39.02148293,-77.01195217,2025,2,19
250008587,Property Damage Crash,02/26/2025 07:28:00 PM,COLESVILLE RD,NA,"Sideswipe, Same Direction",Clear,Dry,Medium,No Controls,NONE DETECTED,Yes,No Apparent Injury,NA,Not Distracted,MD,Sport Utility Vehicle,Changing Lanes,35,No,2014,HONDA,CR-V,39.02148293,-77.01195217,2025,2,19
250008583,Injury Crash,02/26/2025 06:34:00 PM,WISCONSIN AVE,NA,Front to Rear,Clear,Dry,Medium,No Controls,NONE DETECTED,No,Possible Minor Injury,NA,Not Distracted,MD,Sport Utility Vehicle,Moving Constant Speed,30,No,2015,JEEP,COMPASS,38.96864235,-77.08883232,2025,2,18
250008583,Injury Crash,02/26/2025 06:34:00 PM,WISCONSIN AVE,NA,Front to Rear,Clear,Dry,Medium,No Controls,DRUG PRESENT,No,Possible Minor Injury,NA,Not Distracted,DC,Sport Utility Vehicle,Slowing or Stopping,30,No,2024,NISSAN,ROGUE,38.96864235,-77.08883232,2025,2,18
250008573,Property Damage Crash,02/26/2025 06:27:00 PM,NORBECK RD,NA,Front to Rear,Clear,Dry,Medium,No Controls,NONE DETECTED,No,No Apparent Injury,NA,Unknown,MD,Passenger Car,Accelerating,35,No,2012,KIA,SOUL,39.09312173,-77.12166944,2025,2,18
250008573,Property Damage Crash,02/26/2025 06:27:00 PM,NORBECK RD,NA,Front to Rear,Clear,Dry,Medium,No Controls,NONE DETECTED,No,No Apparent Injury,NA,Not Distracted,MD,Passenger Car,Accelerating,35,No,2018,TOYOTA,HIGHLANDER,39.09312173,-77.12166944,2025,2,18
250008574,Injury Crash,02/26/2025 06:14:00 PM,HUNGERFORD DR,NA,"Sideswipe, Same Direction",Clear,Dry,Medium,Traffic Control Signal,NONE DETECTED,No,No Apparent Injury,"Failed to Keep in Proper Lane, Failed to Yield Right-of-Way, Over-Correcting/Over-Steering",Unknown,MD,Passenger Car,Moving Constant Speed,35,No,2014,FORD,FOCUS,39.10515817,-77.15723317,2025,2,18
250008574,Injury Crash,02/26/2025 06:14:00 PM,HUNGERFORD DR,NA,"Sideswipe, Same Direction",Clear,Dry,Medium,Traffic Control Signal,NONE DETECTED,No,Possible Minor Injury,NA,Not Distracted,MD,Van - Passenger (&lt;9 Seats),Moving Constant Speed,35,No,2012,HONDA,ODYSSEY,39.10515817,-77.15723317,2025,2,18
250008575,Property Damage Crash,02/26/2025 05:33:00 PM,NA,NA,Angle,Clear,Dry,Daylight,Traffic Control Signal,NONE DETECTED,No,No Apparent Injury,NA,Not Distracted,MD,Passenger Car,Turning Left,35,No,2015,LEXUS,GX,39.023144,-77.16234617,2025,2,17
250008575,Property Damage Crash,02/26/2025 05:33:00 PM,NA,NA,Angle,Clear,Dry,Daylight,Traffic Control Signal,NONE DETECTED,No,No Apparent Injury,NA,NA,NA,Passenger Car,Overtaking/Passing,35,No,2024,FORD,MAVERICK,39.023144,-77.16234617,2025,2,17
250008564,Property Damage Crash,02/26/2025 05:26:00 PM,NEW HAMPSHIRE AVE (SB/L),NA,Angle,Clear,Dry,Medium,Traffic Control Signal,NONE DETECTED,No,No Apparent Injury,NA,Not Distracted,MD,Passenger Car,Moving Constant Speed,35,No,2015,HONDA,PILOT,38.98055118,-76.98964936,2025,2,17
250008564,Property Damage Crash,02/26/2025 05:26:00 PM,NEW HAMPSHIRE AVE (SB/L),NA,Angle,Clear,Dry,Medium,Traffic Control Signal,NONE DETECTED,No,No Apparent Injury,NA,Not Distracted,MD,Passenger Car,Stopped in Traffic,15,No,2007,HONDA,FIT,38.98055118,-76.98964936,2025,2,17
250008564,Property Damage Crash,02/26/2025 05:26:00 PM,NEW HAMPSHIRE AVE (SB/L),NA,Angle,Clear,Dry,Medium,Traffic Control Signal,NONE DETECTED,No,No Apparent Injury,NA,Not Distracted,MD,Passenger Car,Moving Constant Speed,35,No,2018,TOYOTA,PRIUS,38.98055118,-76.98964936,2025,2,17
250008562,Property Damage Crash,02/26/2025 05:23:00 PM,AVERY RD,NA,Front to Front,Clear,Dry,Daylight,Traffic Control Signal,NONE DETECTED,No,No Apparent Injury,NA,Not Distracted,MD,Passenger Car,Turning Left,35,No,2018,TOYOTA,RAV4,39.09271733,-77.12213413,2025,2,17
250008562,Property Damage Crash,02/26/2025 05:23:00 PM,AVERY RD,NA,Front to Front,Clear,Dry,Daylight,Traffic Control Signal,NONE DETECTED,No,No Apparent Injury,NA,Not Distracted,MD,Passenger Car,Accelerating,35,No,2018,TOYOTA,CAMRY,39.09271733,-77.12213413,2025,2,17
250008546,Injury Crash,02/26/2025 04:29:00 PM,MONTROSE RD (WB/L),NA,Front to Rear,Clear,Dry,Daylight,No Controls,NONE DETECTED,No,Possible Minor Injury,NA,Not Distracted,MD,Sport Utility Vehicle,Stopped in Traffic,40,No,2025,HYUNDAI,SANTA FE,39.05573975,-77.14999557,2025,2,16
250008547,Injury Crash,02/26/2025 04:29:00 PM,MONTROSE RD (WB/L),NA,Front to Rear,Clear,Dry,Daylight,No Controls,NONE DETECTED,No,Possible Minor Injury,NA,Not Distracted,MD,Sport Utility Vehicle,Stopped in Traffic,40,No,2025,HYUNDAI,SANTA FE,39.05568281,-77.14982046,2025,2,16
250008547,Injury Crash,02/26/2025 04:29:00 PM,MONTROSE RD (WB/L),NA,Front to Rear,Clear,Dry,Daylight,No Controls,NONE DETECTED,No,No Apparent Injury,Followed Too Closely,Not Distracted,MD,Van - Passenger (&lt;9 Seats),Slowing or Stopping,40,No,2018,TOYOTA,SIENNA,39.05568281,-77.14982046,2025,2,16
250008547,Injury Crash,02/26/2025 04:29:00 PM,MONTROSE RD (WB/L),NA,Front to Rear,Clear,Dry,Daylight,No Controls,NONE DETECTED,No,Possible Minor Injury,NA,Not Distracted,MD,Sport Utility Vehicle,Stopped in Traffic,40,No,2017,HONDA,PILOT,39.05568281,-77.14982046,2025,2,16
250008546,Injury Crash,02/26/2025 04:29:00 PM,MONTROSE RD (WB/L),NA,Front to Rear,Clear,Dry,Daylight,No Controls,NONE DETECTED,No,Possible Minor Injury,Followed Too Closely,Not Distracted,MD,Sport Utility Vehicle,Slowing or Stopping,40,No,2017,HONDA,PILOT,39.05573975,-77.14999557,2025,2,16
250008526,Injury Crash,02/26/2025 04:00:00 PM,PINEY BRANCH RD,Pedestrian,Single Vehicle,Clear,Dry,Daylight,Traffic Control Signal,NONE DETECTED,No,No Apparent Injury,NA,Not Distracted,MD,Passenger Car,Moving Constant Speed,35,No,2016,GMC,TERRAIN,38.99386783,-77.00903617,2025,2,16
250008520,Property Damage Crash,02/26/2025 03:20:00 PM,SHADY GROVE RD (SB/L),NA,Angle,Clear,Dry,Daylight,Traffic Control Signal,NONE DETECTED,No,No Apparent Injury,NA,Not Distracted,MD,Passenger Car,Accelerating,30,No,2024,AUDI,Q3,39.1047925,-77.190605,2025,2,15
250008520,Property Damage Crash,02/26/2025 03:20:00 PM,SHADY GROVE RD (SB/L),NA,Angle,Clear,Dry,Daylight,Traffic Control Signal,NONE DETECTED,Yes,No Apparent Injury,Ran Red Light,Unknown,MD,Passenger Car,Moving Constant Speed,40,No,2002,TOYOTA,TUNDRA,39.1047925,-77.190605,2025,2,15
250008521,Property Damage Crash,02/26/2025 03:13:00 PM,RAMP 5 FR MD 355 SB TO IS 495 EB,NA,Front to Rear,Clear,Dry,Daylight,No Controls,NONE DETECTED,No,No Apparent Injury,NA,Not Distracted,MD,Sport Utility Vehicle,Slowing or Stopping,55,No,2025,HYUNDAI,TUCSON,39.01661713,-77.10032656,2025,2,15
250008521,Property Damage Crash,02/26/2025 03:13:00 PM,RAMP 5 FR MD 355 SB TO IS 495 EB,NA,Front to Rear,Clear,Dry,Daylight,No Controls,NONE DETECTED,No,No Apparent Injury,NA,Not Distracted,MD,Passenger Car,Slowing or Stopping,55,No,2011,VOLKSWAGEN,GTI,39.01661713,-77.10032656,2025,2,15
250008521,Property Damage Crash,02/26/2025 03:13:00 PM,RAMP 5 FR MD 355 SB TO IS 495 EB,NA,Front to Rear,Clear,Dry,Daylight,No Controls,NONE DETECTED,Yes,No Apparent Injury,Other Improper Action,Not Distracted,MD,Sport Utility Vehicle,Moving Constant Speed,55,No,2022,TOYOTA,SEQUOIA,39.01661713,-77.10032656,2025,2,15
250008517,Property Damage Crash,02/26/2025 02:24:00 PM,FREDERICK RD (SB/L),NA,"Sideswipe, Same Direction",Clear,Dry,Daylight,Traffic Control Signal,NONE DETECTED,No,No Apparent Injury,NA,Not Distracted,MD,Passenger Car,Turning Left,40,No,2022,TOYOTA,PRIUS PRIME,39.12240119,-77.17754739,2025,2,14
250008517,Property Damage Crash,02/26/2025 02:24:00 PM,FREDERICK RD (SB/L),NA,"Sideswipe, Same Direction",Clear,Dry,Daylight,Traffic Control Signal,NONE DETECTED,No,No Apparent Injury,Improper Turn,Unknown,MD,Passenger Car,Turning Left,40,No,2020,HONDA,PILOT,39.12240119,-77.17754739,2025,2,14
250009483,Property Damage Crash,02/26/2025 02:00:00 PM,NA,NA,Unknown,Clear,NA,Daylight,NA,NONE DETECTED,No,No Apparent Injury,NA,NA,NA,Unknown,NA,0,No,0,NA,NA,39.10792601,-77.14929159,2025,2,14
250008716,Property Damage Crash,02/26/2025 01:58:00 PM,NA,NA,"Sideswipe, Same Direction",Clear,Dry,Daylight,Traffic Control Signal,NONE DETECTED,Yes,No Apparent Injury,Improper Turn,Not Distracted,MD,Sport Utility Vehicle,Making U-Turn,40,No,2017,FORD,E-350,39.06947618,-77.1307167,2025,2,13
250008716,Property Damage Crash,02/26/2025 01:58:00 PM,NA,NA,"Sideswipe, Same Direction",Clear,Dry,Daylight,Traffic Control Signal,NONE DETECTED,No,No Apparent Injury,NA,Not Distracted,MD,Sport Utility Vehicle,NA,40,No,2022,TOYOTA,RAV4,39.06947618,-77.1307167,2025,2,13
250008502,Property Damage Crash,02/26/2025 01:30:00 PM,NA,NA,Single Vehicle,Clear,Dry,Daylight,No Controls,NONE DETECTED,No,No Apparent Injury,NA,Not Distracted,VA,Passenger Car,Moving Constant Speed,35,No,2017,FORD,TAURUS,39.10381078,-77.25266682,2025,2,13
250008490,Injury Crash,02/26/2025 12:45:00 PM,RANDOLPH RD,Pedestrian,Single Vehicle,Clear,Dry,Daylight,Lane Use Control Signal,NONE DETECTED,No,No Apparent Injury,NA,Not Distracted,DC,Passenger Car,Turning Left,40,No,2013,DODGE,JOURNEY,39.06592609,-77.03436935,2025,2,12
250008485,Property Damage Crash,02/26/2025 12:12:00 PM,AUBURN AVE,NA,"Sideswipe, Same Direction",Clear,Dry,Daylight,No Controls,NONE DETECTED,No,NA,NA,NA,NA,Bus - Mini,NA,15,No,2019,FREIGHTLINER,M2,38.990428,-77.099522,2025,2,12
250008485,Property Damage Crash,02/26/2025 12:12:00 PM,AUBURN AVE,NA,"Sideswipe, Same Direction",Clear,Dry,Daylight,No Controls,NONE DETECTED,No,No Apparent Injury,NA,Not Distracted,MD,Sport Utility Vehicle,NA,15,No,2021,BMW,X7,38.990428,-77.099522,2025,2,12
250008460,Property Damage Crash,02/26/2025 10:45:00 AM,NA,NA,"Sideswipe, Same Direction",Clear,Dry,Daylight,Traffic Control Signal,NONE DETECTED,Yes,No Apparent Injury,Improper Passing,Not Distracted,MD,Pickup,Turning Right,25,No,2013,FORD,F-450,39.18181431,-77.26266213,2025,2,10
250008460,Property Damage Crash,02/26/2025 10:45:00 AM,NA,NA,"Sideswipe, Same Direction",Clear,Dry,Daylight,No Controls,NONE DETECTED,No,No Apparent Injury,NA,Not Distracted,MD,Bus - Transit,Accelerating,25,No,2017,GILLIG,LOW FLOOR BUS,39.18181431,-77.26266213,2025,2,10
250008686,Property Damage Crash,02/26/2025 08:55:00 AM,CHRISTOPHER AVE,NA,Front to Rear,Clear,Dry,Daylight,Traffic Control Signal,NONE DETECTED,No,No Apparent Injury,NA,Not Distracted,MD,Sport Utility Vehicle,Stopped in Traffic,35,No,2023,HYUNDAI,TUCSON,39.15801875,-77.20452535,2025,2,8
250008686,Property Damage Crash,02/26/2025 08:55:00 AM,CHRISTOPHER AVE,NA,Front to Rear,Clear,Dry,Daylight,Traffic Control Signal,NONE DETECTED,Yes,No Apparent Injury,Followed Too Closely,Unknown,MD,Passenger Car,Slowing or Stopping,35,No,1995,TOYOTA,CAMRY,39.15801875,-77.20452535,2025,2,8
250008434,Property Damage Crash,02/26/2025 08:07:00 AM,RAMP 6 FR MD 200 EB TO MD 182,NA,Front to Rear,Clear,Dry,Daylight,Traffic Control Signal,NONE DETECTED,No,No Apparent Injury,NA,Not Distracted,MD,Passenger Car,Moving Constant Speed,25,No,2021,HYUNDAI,SONATA,39.09893078,-77.04285027,2025,2,8
250008434,Property Damage Crash,02/26/2025 08:07:00 AM,RAMP 6 FR MD 200 EB TO MD 182,NA,Front to Rear,Clear,Dry,Daylight,Traffic Control Signal,NONE DETECTED,Yes,No Apparent Injury,NA,Not Distracted,MD,Passenger Car,Moving Constant Speed,0,No,2018,RAM,5500,39.09893078,-77.04285027,2025,2,8
250008438,Injury Crash,02/26/2025 08:00:00 AM,WIGHTMAN RD,NA,Front to Rear,Clear,Dry,Daylight,No Controls,NONE DETECTED,No,Possible Minor Injury,NA,Not Distracted,MD,Passenger Car,Slowing or Stopping,35,No,2021,TOYOTA,RAV4,39.188393,-77.18856111,2025,2,8
250008438,Injury Crash,02/26/2025 08:00:00 AM,WIGHTMAN RD,NA,Front to Rear,Clear,Dry,Daylight,No Controls,NONE DETECTED,No,No Apparent Injury,NA,Not Distracted,MD,Passenger Car,Slowing or Stopping,35,No,2006,MERCEDES-BENZ,C-CLASS,39.188393,-77.18856111,2025,2,8
250008438,Injury Crash,02/26/2025 08:00:00 AM,WIGHTMAN RD,NA,Front to Rear,Clear,Dry,Daylight,No Controls,NONE DETECTED,Yes,No Apparent Injury,Followed Too Closely,Unknown,MD,Passenger Car,Moving Constant Speed,35,No,2013,CHRYSLER,200,39.188393,-77.18856111,2025,2,8
250008435,Property Damage Crash,02/26/2025 07:25:00 AM,COLUMBIA PIKE (SB/L),NA,Front to Rear,Clear,Dry,Daylight,No Controls,NONE DETECTED,No,No Apparent Injury,NA,Not Distracted,MD,Passenger Car,Slowing or Stopping,50,No,2016,TOYOTA,HIGHLANDER,39.13186375,-76.91918878,2025,2,7