Local Case Number,ACRS Report Type,Crash Date/Time,Road Name,Related Non-Motorist,Collision Type,Weather,Surface Condition,Light,Traffic Control,Driver Substance Abuse,Driver At Fault,Injury Severity,Circumstance,Driver Distracted By,Drivers License State,Vehicle Body Type,Vehicle Movement,Speed Limit,Driverless Vehicle,Vehicle Year,Vehicle Make,Vehicle Model,Latitude,Longitude,Year,Month,Hour
250008435,Property Damage Crash,02/26/2025 07:25:00 AM,COLUMBIA PIKE (SB/L),NA,Front to Rear,Clear,Dry,Daylight,No Controls,NONE DETECTED,No,No Apparent Injury,Followed Too Closely,Not Distracted,MD,Passenger Car,Moving Constant Speed,50,No,2015,LEXUS,CT,39.13186375,-76.91918878,2025,2,7
250008433,Property Damage Crash,02/26/2025 07:20:00 AM,GERMANTOWN RD,NA,Angle,Clear,Dry,Daylight,Traffic Control Signal,NONE DETECTED,No,No Apparent Injury,NA,Not Distracted,MD,Passenger Car,Moving Constant Speed,45,No,2019,HONDA,CIVIC,39.18099632,-77.26230216,2025,2,7
250008433,Property Damage Crash,02/26/2025 07:20:00 AM,GERMANTOWN RD,NA,Angle,Clear,Dry,Daylight,Traffic Control Signal,NONE DETECTED,Yes,No Apparent Injury,NA,Unknown,MD,Passenger Car,Turning Left,45,No,2020,HONDA,CIVIC,39.18099632,-77.26230216,2025,2,7
250008431,Property Damage Crash,02/26/2025 06:43:00 AM,DARNESTOWN RD,NA,Single Vehicle,Clear,Dry,Daylight,No Controls,NONE DETECTED,No,No Apparent Injury,NA,Not Distracted,MD,Bus - School,Moving Constant Speed,40,No,2021,FREIGHTLINER,B2 BUS CHASSIS,39.11297772,-77.27154501,2025,2,6
250008430,Property Damage Crash,02/26/2025 06:33:00 AM,VEIRS MILL RD,NA,Single Vehicle,Clear,Dry,Daylight,No Controls,NONE DETECTED,No,No Apparent Injury,NA,Not Distracted,MD,Passenger Car,Moving Constant Speed,25,No,2007,TOYOTA,COROLLA,39.03727559,-77.05168583,2025,2,6
250008422,Property Damage Crash,02/26/2025 12:06:00 AM,W GUDE DR (WB/L),NA,Front to Front,Clear,Dry,Medium,Traffic Control Signal,NONE DETECTED,No,No Apparent Injury,NA,Not Distracted,MD,Passenger Car,Turning Left,35,No,2018,NISSAN,ALTIMA,39.09980193,-77.18447822,2025,2,0
250008422,Property Damage Crash,02/26/2025 12:06:00 AM,W GUDE DR (WB/L),NA,Front to Front,Clear,Dry,Medium,Traffic Control Signal,NONE DETECTED,No,No Apparent Injury,NA,Not Distracted,MD,Van - Passenger (&lt;9 Seats),Moving Constant Speed,35,No,2013,TOYOTA,SIENNA,39.09980193,-77.18447822,2025,2,0
250008417,Property Damage Crash,02/25/2025 09:24:00 PM,E GUDE DR,NA,Front to Rear,Clear,Dry,Medium,Traffic Control Signal,NONE DETECTED,No,No Apparent Injury,NA,Not Distracted,MD,Sport Utility Vehicle,Stopped in Traffic,35,No,2011,HONDA,PILOT,39.09042598,-77.12943325,2025,2,21
250008417,Property Damage Crash,02/25/2025 09:24:00 PM,E GUDE DR,NA,Front to Rear,Clear,Dry,Medium,Traffic Control Signal,NONE DETECTED,Yes,No Apparent Injury,"Followed Too Closely, Operated Motor Vehicle in Inattentive, Careless, Negligent, or Erratic Manner, Operated Motor Vehicle in Reckless or Aggressive Manner, Other Improper Action",Unknown,MD,Pickup,Moving Constant Speed,35,No,2017,CHEVROLET,SILVERADO,39.09042598,-77.12943325,2025,2,21
250008398,Property Damage Crash,02/25/2025 06:16:00 PM,REDLAND RD (NB/L),NA,"Sideswipe, Same Direction",Clear,Dry,Medium,Traffic Control Signal,NONE DETECTED,No,No Apparent Injury,NA,Not Distracted,MD,Passenger Car,Stopped in Traffic,35,No,2008,HONDA,ACCORD,39.12092584,-77.15860294,2025,2,18
250008398,Property Damage Crash,02/25/2025 06:16:00 PM,REDLAND RD (NB/L),NA,"Sideswipe, Same Direction",Clear,Dry,Medium,Traffic Control Signal,NONE DETECTED,No,No Apparent Injury,Other Improper Action,Not Distracted,MD,Bus - Transit,Moving Constant Speed,35,No,2016,GILLIG,CITY TRANSIT BUS,39.12092584,-77.15860294,2025,2,18
250008501,Property Damage Crash,02/25/2025 06:00:00 PM,BEECHCRAFT AVE,NA,Angle,Clear,Dry,Daylight,No Controls,NONE DETECTED,No,NA,NA,NA,NA,Passenger Car,Moving Constant Speed,35,No,2011,HONDA,PILOT,39.16624667,-77.16707667,2025,2,18
250008501,Property Damage Crash,02/25/2025 06:00:00 PM,BEECHCRAFT AVE,NA,Angle,Clear,Dry,Daylight,No Controls,NONE DETECTED,Yes,No Apparent Injury,Failed to Yield Right-of-Way,Not Distracted,MD,Passenger Car,Entering Traffic Lane,35,No,2015,TOYOTA,COROLLA,39.16624667,-77.16707667,2025,2,18
250008389,Injury Crash,02/25/2025 05:33:00 PM,NA,Cyclist (non-electric),Single Vehicle,Clear,Dry,Daylight,No Controls,NONE DETECTED,No,No Apparent Injury,NA,Not Distracted,MD,Passenger Car,Turning Right,30,No,2024,TESLA,MODEL 3,39.04733369,-77.16171824,2025,2,17
250008387,Property Damage Crash,02/25/2025 05:19:00 PM,EAST WEST HWY (WB/L),NA,Rear To Side,Clear,Dry,Daylight,Traffic Control Signal,NONE DETECTED,No,No Apparent Injury,NA,Not Distracted,MD,Passenger Car,Moving Constant Speed,25,No,2010,HONDA,ACCORD,38.98488721,-77.0922737,2025,2,17
250008387,Property Damage Crash,02/25/2025 05:19:00 PM,EAST WEST HWY (WB/L),NA,Rear To Side,Clear,Dry,Daylight,Traffic Control Signal,NONE DETECTED,Yes,No Apparent Injury,NA,Unknown,MD,Passenger Car,Making U-Turn,25,No,2015,GMC,ACADIA,38.98488721,-77.0922737,2025,2,17
250008371,Injury Crash,02/25/2025 04:37:00 PM,BRIGGS CHANEY RD,NA,Angle,Clear,Dry,Daylight,Traffic Control Signal,NONE DETECTED,Yes,No Apparent Injury,Failed to Yield Right-of-Way,Not Distracted,DC,Passenger Car,Turning Left,35,No,2009,TOYOTA,CAMRY,39.08425967,-76.9512225,2025,2,16
250008371,Injury Crash,02/25/2025 04:37:00 PM,BRIGGS CHANEY RD,NA,Angle,Clear,Dry,Daylight,Traffic Control Signal,NONE DETECTED,No,Possible Minor Injury,NA,Not Distracted,MD,Sport Utility Vehicle,Moving Constant Speed,35,No,2018,MAZDA,CX-5,39.08425967,-76.9512225,2025,2,16
250008371,Injury Crash,02/25/2025 04:37:00 PM,BRIGGS CHANEY RD,NA,Angle,Clear,Dry,Daylight,Traffic Control Signal,NONE DETECTED,No,No Apparent Injury,NA,Not Distracted,MD,Passenger Car,Stopped in Traffic,35,No,2006,SATURN,ION,39.08425967,-76.9512225,2025,2,16
250008372,Property Damage Crash,02/25/2025 04:30:00 PM,EDUCATION BLVD,NA,Front to Rear,Clear,Dry,Daylight,Traffic Control Signal,NONE DETECTED,Yes,No Apparent Injury,Failed to Yield Right-of-Way,Unknown,MD,Passenger Car,Turning Left,30,No,2016,VOLKSWAGEN,BEETLE,39.1360215,-77.192528,2025,2,16
250008372,Property Damage Crash,02/25/2025 04:30:00 PM,EDUCATION BLVD,NA,Front to Rear,Clear,Dry,Daylight,Traffic Control Signal,NONE DETECTED,No,No Apparent Injury,NA,Not Distracted,MD,Passenger Car,Moving Constant Speed,30,No,2019,VOLKSWAGEN,JETTA,39.1360215,-77.192528,2025,2,16
250008365,Property Damage Crash,02/25/2025 04:07:00 PM,CHERRY HILL RD,NA,Front to Rear,Clear,Dry,Daylight,Traffic Control Signal,NONE DETECTED,No,No Apparent Injury,NA,Not Distracted,MD,Passenger Car,Stopped in Traffic,40,No,1999,TOYOTA,COROLLA,39.05605759,-76.95434034,2025,2,16
250008365,Property Damage Crash,02/25/2025 04:07:00 PM,CHERRY HILL RD,NA,Front to Rear,Clear,Dry,Daylight,Traffic Control Signal,NONE DETECTED,Yes,No Apparent Injury,NA,Not Distracted,VA,Pickup,Slowing or Stopping,40,No,2024,GMC,SIERRA HD,39.05605759,-76.95434034,2025,2,16
250008357,Property Damage Crash,02/25/2025 03:22:00 PM,CRYSTAL ROCK DR (SB/L),Cyclist (non-electric),Single Vehicle,Clear,Dry,Daylight,No Controls,NONE DETECTED,Yes,No Apparent Injury,NA,Unknown,MD,Pickup,Backing,30,No,2007,TOYOTA,TACOMA,39.18279567,-77.26388183,2025,2,15
250008337,Property Damage Crash,02/25/2025 01:58:00 PM,MATENY RD (NB/L),NA,Angle,Clear,Dry,Daylight,No Controls,NONE DETECTED,No,No Apparent Injury,NA,Not Distracted,MD,Passenger Car,Moving Constant Speed,35,No,2013,NISSAN,ROGUE,39.14694733,-77.2725965,2025,2,13
250008337,Property Damage Crash,02/25/2025 01:58:00 PM,MATENY RD (NB/L),NA,Angle,Clear,Dry,Daylight,Stop Sign,NONE DETECTED,Yes,No Apparent Injury,Failed to Yield Right-of-Way,Unknown,NA,Passenger Car,Moving Constant Speed,15,No,2013,NISSAN,ALTIMA,39.14694733,-77.2725965,2025,2,13
250008290,Property Damage Crash,02/25/2025 10:55:00 AM,TAFT ST,NA,Angle,Clear,Dry,Daylight,Traffic Control Signal,NONE DETECTED,Yes,No Apparent Injury,NA,Not Distracted,MD,Pickup,Turning Left,35,No,2023,FORD,MAVERICK,39.09420114,-77.13245497,2025,2,10
250008290,Property Damage Crash,02/25/2025 10:55:00 AM,TAFT ST,NA,Angle,Clear,Dry,Daylight,Traffic Control Signal,NONE DETECTED,No,No Apparent Injury,NA,Not Distracted,VA,Pickup,Moving Constant Speed,35,No,2012,CHEVROLET,SILVERADO,39.09420114,-77.13245497,2025,2,10
250008292,Property Damage Crash,02/25/2025 10:40:00 AM,GERMANTOWN RD (SB/L),NA,Angle,Clear,Dry,Daylight,Traffic Control Signal,NONE DETECTED,Yes,No Apparent Injury,"Disregard Officer Directions, Disregarded Other Road Markings, Failed to Keep in Proper Lane, Improper Passing, Operated Motor Vehicle in Reckless or Aggressive Manner, Other Improper Action",Not Distracted,MD,Passenger Car,Changing Lanes,35,No,2015,MITSUBISHI,MIRAGE,39.17733163,-77.26965734,2025,2,10
250008292,Property Damage Crash,02/25/2025 10:40:00 AM,GERMANTOWN RD (SB/L),NA,Angle,Clear,Dry,Daylight,Traffic Control Signal,NONE DETECTED,No,No Apparent Injury,NA,Not Distracted,MD,Sport Utility Vehicle,Stopped in Traffic,35,No,2024,LEXUS,RX,39.17733163,-77.26965734,2025,2,10
250008282,Property Damage Crash,02/25/2025 10:10:00 AM,GAME PRESERVE RD,NA,"Sideswipe, Opposite Direction",Cloudy,Dry,Daylight,Stop Sign,NONE DETECTED,Yes,No Apparent Injury,Improper Turn,Unknown,MD,Bus - School,Negotiating a Curve,25,No,2017,THOMAS BUILT,HDX,39.15444997,-77.23817739,2025,2,10
250008282,Property Damage Crash,02/25/2025 10:10:00 AM,GAME PRESERVE RD,NA,"Sideswipe, Opposite Direction",Cloudy,Dry,Daylight,Stop Sign,NONE DETECTED,Yes,No Apparent Injury,Other Improper Action,Unknown,MD,Passenger Car,Leaving Traffic Lane,25,No,2005,TOYOTA,COROLLA,39.15444997,-77.23817739,2025,2,10
250008274,Injury Crash,02/25/2025 09:30:00 AM,GEORGIA AVE,NA,Front to Rear,Clear,Dry,Daylight,No Controls,NONE DETECTED,No,No Apparent Injury,NA,Not Distracted,MD,Van - Passenger (&lt;9 Seats),NA,35,No,2023,CHRYSLER,PACIFICA,39.01529318,-77.04250771,2025,2,9
250008274,Injury Crash,02/25/2025 09:30:00 AM,GEORGIA AVE,NA,Front to Rear,Clear,Dry,Daylight,No Controls,NONE DETECTED,No,No Apparent Injury,NA,Not Distracted,DC,Van - Passenger (&lt;9 Seats),Slowing or Stopping,35,No,2018,TOYOTA,SIENNA,39.01529318,-77.04250771,2025,2,9
250008274,Injury Crash,02/25/2025 09:30:00 AM,GEORGIA AVE,NA,Front to Rear,Clear,Dry,Daylight,No Controls,NONE DETECTED,No,No Apparent Injury,"Followed Too Closely, Ran Off Roadway",Not Distracted,MD,Passenger Car,Accelerating,35,No,2019,BMW,X3,39.01529318,-77.04250771,2025,2,9
250008274,Injury Crash,02/25/2025 09:30:00 AM,GEORGIA AVE,NA,Front to Rear,Clear,Dry,Daylight,No Controls,NONE DETECTED,No,Possible Minor Injury,NA,Not Distracted,DC,Passenger Car,Moving Constant Speed,35,No,2008,DODGE,CHARGER,39.01529318,-77.04250771,2025,2,9
25000305,Property Damage Crash,02/25/2025 09:15:00 AM,NA,NA,Front to Rear,Cloudy,NA,Daylight,NA,NONE DETECTED,No,No Apparent Injury,NA,Not Distracted,MD,"Construction Equipment (backhoe, bulldozer, etc.)",Slowing or Stopping,0,No,2018,BC,BC,39.04348265,-77.13868676,2025,2,9
250008264,Property Damage Crash,02/25/2025 08:15:00 AM,NA,NA,Angle,Clear,Dry,Daylight,Stop Sign,NONE DETECTED,Yes,No Apparent Injury,NA,Not Distracted,MD,Passenger Car,Entering Traffic Lane,35,No,2012,NISSAN,SENTRA,38.9690135,-77.14002,2025,2,8
250008264,Property Damage Crash,02/25/2025 08:15:00 AM,NA,NA,Angle,Clear,Dry,Daylight,No Controls,NONE DETECTED,No,No Apparent Injury,NA,Not Distracted,MD,Passenger Car,Moving Constant Speed,35,No,2022,HONDA,CR-V,38.9690135,-77.14002,2025,2,8
250008259,Property Damage Crash,02/25/2025 07:49:00 AM,W MONTGOMERY AVE,NA,"Sideswipe, Same Direction",Clear,Dry,Daylight,Traffic Control Signal,NONE DETECTED,No,No Apparent Injury,NA,Not Distracted,MD,Passenger Car,Moving Constant Speed,35,No,2022,KIA,TELLURIDE,39.09255201,-77.18237025,2025,2,7
250008259,Property Damage Crash,02/25/2025 07:49:00 AM,W MONTGOMERY AVE,NA,"Sideswipe, Same Direction",Clear,Dry,Daylight,Traffic Control Signal,NONE DETECTED,Yes,No Apparent Injury,NA,Not Distracted,MD,Passenger Car,Turning Right,35,No,2024,CHEVROLET,TRAILBLAZER,39.09255201,-77.18237025,2025,2,7
250008257,Injury Crash,02/25/2025 07:41:00 AM,NA,NA,Angle,Clear,Dry,Daylight,No Controls,NONE DETECTED,No,Possible Minor Injury,NA,Not Distracted,MD,Passenger Car,Moving Constant Speed,40,No,2016,TOYOTA,COROLLA,38.99974819,-76.99439147,2025,2,7
250008257,Injury Crash,02/25/2025 07:41:00 AM,NA,NA,Angle,Clear,Dry,Daylight,No Controls,NONE DETECTED,Yes,No Apparent Injury,NA,Not Distracted,MD,Pickup,Turning Left,40,No,2024,CHEVROLET,COLORADO,38.99974819,-76.99439147,2025,2,7
250008255,Property Damage Crash,02/25/2025 07:32:00 AM,WYNNFIELD DR,NA,Front to Rear,Clear,Dry,Daylight,Traffic Control Signal,NONE DETECTED,No,NA,NA,NA,NA,NA,Moving Constant Speed,35,No,0,NA,NA,39.18633574,-77.27381697,2025,2,7
250008255,Property Damage Crash,02/25/2025 07:32:00 AM,WYNNFIELD DR,NA,Front to Rear,Clear,Dry,Daylight,Traffic Control Signal,NONE DETECTED,No,No Apparent Injury,NA,Not Distracted,MD,Passenger Car,Moving Constant Speed,35,No,2022,HYUNDAI,ACCENT,39.18633574,-77.27381697,2025,2,7
250008241,Property Damage Crash,02/24/2025 11:44:00 PM,LOCKWOOD DR,NA,Front to Front,Clear,Dry,Medium,No Controls,NONE DETECTED,No,No Apparent Injury,NA,Not Distracted,MD,Passenger Car,Moving Constant Speed,25,No,2015,TOYOTA,CAMRY,39.04193969,-76.98102169,2025,2,23
250008234,Property Damage Crash,02/24/2025 10:31:00 PM,STRINGTOWN RD,NA,Single Vehicle,Clear,Dry,Medium,No Controls,NONE DETECTED,No,No Apparent Injury,"Operated Motor Vehicle in Inattentive, Careless, Negligent, or Erratic Manner",Unknown,NA,Passenger Car,Moving Constant Speed,35,No,2002,BUICK,LESABRE,39.23674283,-77.27897636,2025,2,22
250008220,Injury Crash,02/24/2025 09:39:00 PM,GREAT SENECA HWY,NA,Front to Rear,Clear,Dry,Medium,Traffic Control Signal,NONE DETECTED,Yes,Possible Minor Injury,NA,Unknown,MD,Passenger Car,Slowing or Stopping,50,No,2013,HONDA,ACCORD,39.10820738,-77.21115459,2025,2,21
250008220,Injury Crash,02/24/2025 09:39:00 PM,GREAT SENECA HWY,NA,Front to Rear,Clear,Dry,Medium,Traffic Control Signal,NONE DETECTED,No,No Apparent Injury,NA,Not Distracted,MD,Passenger Car,Stopped in Traffic,50,No,2017,FORD,F-250,39.10820738,-77.21115459,2025,2,21
250008206,Property Damage Crash,02/24/2025 07:12:00 PM,UNIVERSITY BLVD W,NA,"Sideswipe, Same Direction",Clear,Dry,Medium,Traffic Control Signal,NONE DETECTED,No,No Apparent Injury,NA,Not Distracted,MD,Bus - Transit,Accelerating,35,No,2009,GILLIG,CITY TRANSIT BUS,39.0335415,-77.02402129,2025,2,19
250008206,Property Damage Crash,02/24/2025 07:12:00 PM,UNIVERSITY BLVD W,NA,"Sideswipe, Same Direction",Clear,Dry,Medium,Traffic Control Signal,NONE DETECTED,Yes,No Apparent Injury,Improper Passing,Unknown,MD,Passenger Car,Changing Lanes,35,No,2020,MERCEDES-BENZ,GLS-CLASS,39.0335415,-77.02402129,2025,2,19
250008205,Property Damage Crash,02/24/2025 07:05:00 PM,QUINCE ORCHARD RD (SB/L),NA,Angle,Clear,Dry,Medium,No Controls,NONE DETECTED,No,No Apparent Injury,Failed to Yield Right-of-Way,Not Distracted,MD,Other,NA,35,No,2020,FREIGHTLINER,MT 45G FRONT GASOLINE ENGINE WALK IN VAN,39.14083875,-77.22155325,2025,2,19
250008205,Property Damage Crash,02/24/2025 07:05:00 PM,QUINCE ORCHARD RD (SB/L),NA,Angle,Clear,Dry,Medium,No Controls,NONE DETECTED,No,No Apparent Injury,NA,Not Distracted,MD,Passenger Car,Moving Constant Speed,35,No,2022,TESLA,MODEL Y,39.14083875,-77.22155325,2025,2,19
250008201,Property Damage Crash,02/24/2025 06:20:00 PM,WESTLAKE DR,NA,Rear To Side,Clear,Dry,Medium,No Controls,NONE DETECTED,No,No Apparent Injury,NA,Not Distracted,MD,Passenger Car,Moving Constant Speed,30,No,2023,JEEP,GRAND CHEROKEE,39.02588625,-77.14834214,2025,2,18
250008201,Property Damage Crash,02/24/2025 06:20:00 PM,WESTLAKE DR,NA,Rear To Side,Clear,Dry,Medium,No Controls,NONE DETECTED,Yes,No Apparent Injury,NA,Not Distracted,MD,Passenger Car,Turning Left,30,No,2023,HYUNDAI,SONATA,39.02588625,-77.14834214,2025,2,18
250008193,Property Damage Crash,02/24/2025 05:18:00 PM,NEW HAMPSHIRE AVE,NA,Front to Rear,Clear,Dry,Daylight,No Controls,NONE DETECTED,Yes,No Apparent Injury,Followed Too Closely,Unknown,MD,Sport Utility Vehicle,Slowing or Stopping,40,No,2018,VOLKSWAGEN,TIGUAN,39.08718889,-76.99933004,2025,2,17
250008193,Property Damage Crash,02/24/2025 05:18:00 PM,NEW HAMPSHIRE AVE,NA,Front to Rear,Clear,Dry,Daylight,No Controls,NONE DETECTED,No,No Apparent Injury,NA,Not Distracted,MD,Other,Slowing or Stopping,40,No,2015,FORD,TRANSIT,39.08718889,-76.99933004,2025,2,17
250008184,Property Damage Crash,02/24/2025 04:44:00 PM,MUSGROVE RD,NA,Angle,Cloudy,Dry,Daylight,Traffic Control Signal,NONE DETECTED,Yes,No Apparent Injury,"Failed to Keep in Proper Lane, Other Improper Action",Not Distracted,MD,Passenger Car,Changing Lanes,50,No,2022,CHEVROLET,MALIBU,39.06788736,-76.95947477,2025,2,16
250008184,Property Damage Crash,02/24/2025 04:44:00 PM,MUSGROVE RD,NA,Angle,Cloudy,Dry,Daylight,Traffic Control Signal,NONE DETECTED,No,No Apparent Injury,NA,Not Distracted,MD,Sport Utility Vehicle,Stopped in Traffic,50,No,2015,AUDI,Q5,39.06788736,-76.95947477,2025,2,16
250008178,Property Damage Crash,02/24/2025 04:24:00 PM,UNIVERSITY BLVD E (WB/L),NA,"Sideswipe, Same Direction",Clear,Dry,Daylight,Traffic Control Signal,NONE DETECTED,Yes,No Apparent Injury,NA,Not Distracted,MD,Passenger Car,Accelerating,35,No,2013,HONDA,PILOT,39.01963738,-77.01125577,2025,2,16
250008178,Property Damage Crash,02/24/2025 04:24:00 PM,UNIVERSITY BLVD E (WB/L),NA,"Sideswipe, Same Direction",Clear,Dry,Daylight,Traffic Control Signal,NONE DETECTED,No,No Apparent Injury,NA,Not Distracted,MD,Bus - Transit,Changing Lanes,35,No,2023,NEW FLYER,XCELSIOR,39.01963738,-77.01125577,2025,2,16
250008180,Property Damage Crash,02/24/2025 04:00:00 PM,BONIFANT ST,NA,"Sideswipe, Same Direction",Clear,Dry,Daylight,No Controls,NONE DETECTED,No,NA,NA,NA,NA,Passenger Car,Changing Lanes,25,No,0,NA,NA,38.99339947,-77.02659363,2025,2,16
250008180,Property Damage Crash,02/24/2025 04:00:00 PM,BONIFANT ST,NA,"Sideswipe, Same Direction",Clear,Dry,Daylight,No Controls,NONE DETECTED,No,No Apparent Injury,NA,Not Distracted,DC,Passenger Car,Moving Constant Speed,25,No,2010,MERCEDES-BENZ,E-CLASS,38.99339947,-77.02659363,2025,2,16
250008168,Injury Crash,02/24/2025 03:24:00 PM,NA,NA,Other,Clear,NA,Daylight,NA,NONE DETECTED,No,No Apparent Injury,NA,Not Distracted,MD,Passenger Car,Backing,0,No,2017,TOYOTA,COROLLA,39.163441,-77.22778367,2025,2,15
250008136,Injury Crash,02/24/2025 01:29:00 PM,E DIAMOND AVE,NA,Angle,Clear,Dry,Daylight,Stop Sign,NONE DETECTED,Yes,Possible Minor Injury,NA,Unknown,MD,Passenger Car,Turning Left,20,No,2011,TOYOTA,RAV4,39.14214156,-77.19254092,2025,2,13
250008136,Injury Crash,02/24/2025 01:29:00 PM,E DIAMOND AVE,NA,Angle,Clear,Dry,Daylight,Stop Sign,NONE DETECTED,No,Possible Minor Injury,NA,Unknown,MD,Passenger Car,NA,20,No,2015,HONDA,PILOT,39.14214156,-77.19254092,2025,2,13
250008474,Property Damage Crash,02/24/2025 12:27:00 PM,NA,NA,Other,Clear,NA,Daylight,NA,NONE DETECTED,Yes,No Apparent Injury,Improper Backing,Unknown,MD,Sport Utility Vehicle,Backing,0,No,2016,ACURA,MDX,39.03499312,-77.05407552,2025,2,12
250008105,Injury Crash,02/24/2025 11:06:00 AM,MONTGOMERY VILLAGE AVE (SB/L),NA,Angle,Clear,Dry,Daylight,Traffic Control Signal,NONE DETECTED,No,Possible Minor Injury,NA,Not Distracted,MD,Passenger Car,Moving Constant Speed,35,No,2011,HONDA,ACCORD,39.17260467,-77.20392383,2025,2,11
250008105,Injury Crash,02/24/2025 11:06:00 AM,MONTGOMERY VILLAGE AVE (SB/L),NA,Angle,Clear,Dry,Daylight,Traffic Control Signal,NONE DETECTED,Yes,Possible Minor Injury,NA,Not Distracted,MD,Passenger Car,Turning Left,35,No,2009,HONDA,ACCORD,39.17260467,-77.20392383,2025,2,11
250008093,Property Damage Crash,02/24/2025 10:32:00 AM,HONEYBEAR LA,NA,"Sideswipe, Same Direction",Clear,Dry,Daylight,No Controls,NONE DETECTED,No,No Apparent Injury,NA,Not Distracted,MD,Van - Passenger (&lt;9 Seats),Slowing or Stopping,25,No,2020,TOYOTA,SIENNA,39.19201267,-77.2368775,2025,2,10
250008093,Property Damage Crash,02/24/2025 10:32:00 AM,HONEYBEAR LA,NA,"Sideswipe, Same Direction",Clear,Dry,Daylight,No Controls,NONE DETECTED,Yes,No Apparent Injury,Other Improper Action,"Other Action (looking away from task, etc.)",NA,Passenger Car,Moving Constant Speed,25,No,2013,NISSAN,SENTRA,39.19201267,-77.2368775,2025,2,10
25000294,Property Damage Crash,02/24/2025 10:21:00 AM,LITTLE FALLS PKWY (NB/L),NA,Front to Rear,Clear,Dry,Daylight,Traffic Control Signal,NONE DETECTED,No,No Apparent Injury,NA,Not Distracted,MD,Passenger Car,Stopped in Traffic,25,No,2024,KIA,K5,38.96826199,-77.10096805,2025,2,10
25000294,Property Damage Crash,02/24/2025 10:21:00 AM,LITTLE FALLS PKWY (NB/L),NA,Front to Rear,Clear,Dry,Daylight,Traffic Control Signal,NONE DETECTED,Yes,No Apparent Injury,Other Improper Action,Unknown,MD,Sport Utility Vehicle,Accelerating,25,No,2024,AUDI,Q5 E,38.96826199,-77.10096805,2025,2,10
25000294,Property Damage Crash,02/24/2025 10:21:00 AM,LITTLE FALLS PKWY (NB/L),NA,Front to Rear,Clear,Dry,Daylight,Traffic Control Signal,NONE DETECTED,No,No Apparent Injury,NA,Not Distracted,MD,Passenger Car,Stopped in Traffic,25,No,2024,MINI,HARDTOP,38.96826199,-77.10096805,2025,2,10
250008080,Injury Crash,02/24/2025 09:10:00 AM,MUDDY BRANCH RD,NA,Front to Front,Clear,Dry,Daylight,Traffic Control Signal,NONE DETECTED,No,No Apparent Injury,NA,Unknown,MD,Passenger Car,Moving Constant Speed,40,No,2005,TOYOTA,COROLLA,39.13481249,-77.20570109,2025,2,9
250008080,Injury Crash,02/24/2025 09:10:00 AM,MUDDY BRANCH RD,NA,Front to Front,Clear,Dry,Daylight,Traffic Control Signal,NONE DETECTED,Yes,Possible Minor Injury,NA,Not Distracted,MD,Passenger Car,Turning Left,40,No,2024,NISSAN,ALTIMA,39.13481249,-77.20570109,2025,2,9
250008083,Property Damage Crash,02/24/2025 09:09:00 AM,FALLS RD,NA,Front to Rear,Clear,Dry,Daylight,No Controls,NONE DETECTED,Yes,No Apparent Injury,Followed Too Closely,Unknown,MD,Sport Utility Vehicle,Slowing or Stopping,35,No,2020,BMW,X3,39.04441798,-77.19281091,2025,2,9
250008083,Property Damage Crash,02/24/2025 09:09:00 AM,FALLS RD,NA,Front to Rear,Clear,Dry,Daylight,No Controls,NONE DETECTED,No,No Apparent Injury,NA,Not Distracted,MD,Sport Utility Vehicle,Stopped in Traffic,35,No,2021,HYUNDAI,PALISADE,39.04441798,-77.19281091,2025,2,9