Local Case Number,ACRS Report Type,Crash Date/Time,Road Name,Related Non-Motorist,Collision Type,Weather,Surface Condition,Light,Traffic Control,Driver Substance Abuse,Driver At Fault,Injury Severity,Circumstance,Driver Distracted By,Drivers License State,Vehicle Body Type,Vehicle Movement,Speed Limit,Driverless Vehicle,Vehicle Year,Vehicle Make,Vehicle Model,Latitude,Longitude,Year,Month,Hour
250009695,Property Damage Crash,02/24/2025 08:55:00 AM,NA,NA,Front to Rear,Clear,NA,Daylight,NA,NONE DETECTED,No,NA,NA,NA,NA,Sport Utility Vehicle,Turning Left,0,No,2009,HYUNDAI,SANTA FE,39.10925362,-77.06440127,2025,2,8
250008079,Injury Crash,02/24/2025 08:41:00 AM,NA,NA,Angle,Clear,Dry,Daylight,Stop Sign,NONE DETECTED,Yes,Possible Minor Injury,Failed to Yield Right-of-Way,Not Distracted,MD,Pickup,Accelerating,25,No,2007,TOYOTA,TACOMA,38.99440663,-77.05328997,2025,2,8
250008079,Injury Crash,02/24/2025 08:41:00 AM,NA,NA,Angle,Clear,Dry,Daylight,Pedestrian Crossing Sign,NONE DETECTED,No,Possible Minor Injury,NA,Not Distracted,MD,Passenger Car,Moving Constant Speed,35,No,2014,TOYOTA,CAMRY,38.99440663,-77.05328997,2025,2,8
250008076,Injury Crash,02/24/2025 08:39:00 AM,E GUDE DR,NA,Other,Clear,Dry,Daylight,Traffic Control Signal,NONE DETECTED,No,No Apparent Injury,NA,Not Distracted,MD,Passenger Car,Stopped in Traffic,40,No,2023,VOLKSWAGEN,TIGUAN,39.10627808,-77.15242697,2025,2,8
250008076,Injury Crash,02/24/2025 08:39:00 AM,E GUDE DR,NA,Other,Clear,Dry,Daylight,Traffic Control Signal,NONE DETECTED,Yes,Possible Minor Injury,Other Improper Action,Not Distracted,MD,Passenger Car,Slowing or Stopping,40,No,2009,HONDA,CR-V,39.10627808,-77.15242697,2025,2,8
250008059,Injury Crash,02/23/2025 11:40:00 PM,VEIRS MILL RD (WB/L),NA,Front to Rear,Clear,Dry,Dark,No Controls,ALCOHOL PRESENT,Yes,Possible Minor Injury,"Followed Too Closely, Improper Passing, Other Improper Action, Ran Off Roadway, Too Fast For Conditions",Unknown,NA,Passenger Car,Moving Constant Speed,30,No,2013,BMW,328I,39.04295003,-77.06085948,2025,2,23
250008059,Injury Crash,02/23/2025 11:40:00 PM,VEIRS MILL RD (WB/L),NA,Front to Rear,Clear,Dry,Dark,No Controls,NONE DETECTED,No,No Apparent Injury,NA,Not Distracted,MD,Passenger Car,Moving Constant Speed,30,No,2022,VOLKSWAGEN,ATLAS,39.04295003,-77.06085948,2025,2,23
250008054,Property Damage Crash,02/23/2025 10:59:00 PM,CONNECTICUT AVE,NA,"Sideswipe, Same Direction",Clear,Dry,Medium,Traffic Control Signal,NONE DETECTED,Yes,No Apparent Injury,"Failed to Keep in Proper Lane, Improper Turn",Unknown,MD,Sport Utility Vehicle,Turning Left,35,No,2023,JEEP,GRAND CHEROKEE,38.99993821,-77.0769792,2025,2,22
250008054,Property Damage Crash,02/23/2025 10:59:00 PM,CONNECTICUT AVE,NA,"Sideswipe, Same Direction",Clear,Dry,Medium,Traffic Control Signal,NONE DETECTED,No,NA,NA,NA,NA,Sport Utility Vehicle,Turning Left,35,No,2023,JEEP,WRANGLER,38.99993821,-77.0769792,2025,2,22
250008047,Property Damage Crash,02/23/2025 09:41:00 PM,DARNESTOWN RD,NA,Single Vehicle,Clear,Dry,Medium,No Controls,NONE DETECTED,No,No Apparent Injury,NA,Unknown,MD,Passenger Car,Negotiating a Curve,40,No,2014,HONDA,CIVIC,39.09095348,-77.18730664,2025,2,21
25000289,Property Damage Crash,02/23/2025 09:34:00 PM,ARDENNES AVE,NA,Other,Clear,Dry,Medium,No Controls,NONE DETECTED,No,No Apparent Injury,NA,Unknown,MD,Sport Utility Vehicle,Turning Left,35,No,1997,TOYOTA,4-RUNNER,39.07616519,-77.12018005,2025,2,21
25000289,Property Damage Crash,02/23/2025 09:34:00 PM,ARDENNES AVE,NA,Other,Clear,Dry,Medium,Stop Sign,NONE DETECTED,No,No Apparent Injury,NA,Not Distracted,MD,Sport Utility Vehicle,Entering Traffic Lane,35,No,2018,FORD,EXPLORER,39.07616519,-77.12018005,2025,2,21
250008046,Property Damage Crash,02/23/2025 09:20:00 PM,GEORGIA AVE (SB/L),NA,"Sideswipe, Same Direction",Clear,Dry,Medium,No Controls,NONE DETECTED,No,No Apparent Injury,NA,Not Distracted,MD,Passenger Car,Moving Constant Speed,35,No,2018,TOYOTA,RAV4,38.99827782,-77.03065652,2025,2,21
250008046,Property Damage Crash,02/23/2025 09:20:00 PM,GEORGIA AVE (SB/L),NA,"Sideswipe, Same Direction",Clear,Dry,Medium,No Controls,NONE DETECTED,Yes,No Apparent Injury,Failed to Keep in Proper Lane,Not Distracted,MD,Bus - Transit,Changing Lanes,35,No,2013,NEW FLYER,XCELSIOR,38.99827782,-77.03065652,2025,2,21
250008042,Property Damage Crash,02/23/2025 08:39:00 PM,RANDOLPH RD (WB/L),NA,Other,Clear,Dry,Medium,Traffic Control Signal,NONE DETECTED,No,NA,NA,NA,NA,NA,Moving Constant Speed,40,No,0,NA,NA,39.07581676,-77.00203191,2025,2,20
250008042,Property Damage Crash,02/23/2025 08:39:00 PM,RANDOLPH RD (WB/L),NA,Other,Clear,Dry,Medium,Traffic Control Signal,NONE DETECTED,No,No Apparent Injury,NA,Not Distracted,MD,Sport Utility Vehicle,Stopped in Traffic,40,No,2023,HONDA,CR-V,39.07581676,-77.00203191,2025,2,20
250008042,Property Damage Crash,02/23/2025 08:39:00 PM,RANDOLPH RD (WB/L),NA,Other,Clear,Dry,Medium,Traffic Control Signal,NONE DETECTED,No,No Apparent Injury,NA,Not Distracted,MD,Passenger Car,Stopped in Traffic,40,No,2004,LEXUS,SC,39.07581676,-77.00203191,2025,2,20
250008042,Property Damage Crash,02/23/2025 08:39:00 PM,RANDOLPH RD (WB/L),NA,Other,Clear,Dry,Medium,Traffic Control Signal,NONE DETECTED,No,No Apparent Injury,NA,Not Distracted,MD,Passenger Car,Stopped in Traffic,40,No,2011,CHEVROLET,CRUZE,39.07581676,-77.00203191,2025,2,20
250008037,Injury Crash,02/23/2025 06:56:00 PM,CAPITAL BELTWAY (WB/L),NA,Front to Rear,Clear,Dry,Medium,No Controls,NONE DETECTED,No,Possible Minor Injury,NA,Not Distracted,MD,Sport Utility Vehicle,Moving Constant Speed,55,No,2022,JEEP,GRAND CHEROKEE,39.01602454,-77.11601176,2025,2,18
250008037,Injury Crash,02/23/2025 06:56:00 PM,CAPITAL BELTWAY (WB/L),NA,Front to Rear,Clear,Dry,Medium,No Controls,NONE DETECTED,No,NA,NA,NA,NA,Passenger Car,Changing Lanes,55,No,2011,LEXUS,IS,39.01602454,-77.11601176,2025,2,18
250008029,Injury Crash,02/23/2025 06:14:00 PM,VEIRS MILL RD,NA,Front to Rear,Clear,Dry,Medium,No Controls,NONE DETECTED,Yes,No Apparent Injury,Followed Too Closely,Unknown,MD,Passenger Car,NA,40,No,2007,TOYOTA,CAMRY,39.0774035,-77.124803,2025,2,18
250008029,Injury Crash,02/23/2025 06:14:00 PM,VEIRS MILL RD,NA,Front to Rear,Clear,Dry,Medium,No Controls,NONE DETECTED,No,Possible Minor Injury,NA,Not Distracted,MD,Passenger Car,Slowing or Stopping,40,No,2012,HONDA,FIT,39.0774035,-77.124803,2025,2,18
250008027,Property Damage Crash,02/23/2025 05:43:00 PM,WHETSTONE GLEN ST,NA,"Sideswipe, Same Direction",Clear,Dry,Daylight,No Controls,NONE DETECTED,No,NA,NA,NA,NA,Passenger Car,Overtaking/Passing,25,No,2017,HONDA,CIVIC,39.15100609,-77.18854894,2025,2,17
250008027,Property Damage Crash,02/23/2025 05:43:00 PM,WHETSTONE GLEN ST,NA,"Sideswipe, Same Direction",Clear,Dry,Daylight,No Controls,NONE DETECTED,No,No Apparent Injury,NA,Not Distracted,MD,Passenger Car,Stopped in Traffic,25,No,2020,HONDA,CIVIC,39.15100609,-77.18854894,2025,2,17
250008022,Injury Crash,02/23/2025 05:03:00 PM,NA,NA,Rear To Side,Clear,Dry,Daylight,No Controls,NONE DETECTED,No,No Apparent Injury,NA,Not Distracted,MD,Pickup,Moving Constant Speed,40,No,2018,CHEVROLET,SILVERADO,39.26719003,-77.20503676,2025,2,17
250008022,Injury Crash,02/23/2025 05:03:00 PM,NA,NA,Rear To Side,Clear,Dry,Daylight,No Controls,NONE DETECTED,Yes,Possible Minor Injury,"Failed to Yield Right-of-Way, Improper Turn",Unknown,MD,Passenger Car,Entering Traffic Lane,40,No,2015,HONDA,CIVIC,39.26719003,-77.20503676,2025,2,17
250008005,Property Damage Crash,02/23/2025 02:40:00 PM,CONNECTICUT AVE,NA,"Sideswipe, Same Direction",Clear,Dry,Daylight,No Controls,NONE DETECTED,No,No Apparent Injury,NA,Not Distracted,MD,Passenger Car,Moving Constant Speed,35,No,1996,HONDA,CIVIC,39.05739999,-77.07342178,2025,2,14
250008005,Property Damage Crash,02/23/2025 02:40:00 PM,CONNECTICUT AVE,NA,"Sideswipe, Same Direction",Clear,Dry,Daylight,No Controls,NONE DETECTED,No,NA,NA,NA,NA,Passenger Car,Changing Lanes,35,No,1996,TOYOTA,LAND CRUISER,39.05739999,-77.07342178,2025,2,14
250008006,Property Damage Crash,02/23/2025 02:27:00 PM,BEECHCRAFT AVE,NA,Angle,Clear,Dry,Daylight,No Controls,NONE DETECTED,No,No Apparent Injury,NA,Not Distracted,MD,Sport Utility Vehicle,Moving Constant Speed,35,No,2023,TOYOTA,SEQUOIA,39.16390273,-77.16360755,2025,2,14
250008006,Property Damage Crash,02/23/2025 02:27:00 PM,BEECHCRAFT AVE,NA,Angle,Clear,Dry,Daylight,Stop Sign,NONE DETECTED,Yes,No Apparent Injury,NA,Unknown,NA,Sport Utility Vehicle,Moving Constant Speed,35,No,2013,MAZDA,CX-5,39.16390273,-77.16360755,2025,2,14
250008002,Property Damage Crash,02/23/2025 02:20:00 PM,NA,NA,Front to Front,Clear,Dry,Daylight,Traffic Control Signal,NONE DETECTED,No,No Apparent Injury,NA,Not Distracted,MD,Passenger Car,Moving Constant Speed,35,No,2023,TOYOTA,RAV4,39.05621429,-77.17923199,2025,2,14
250008002,Property Damage Crash,02/23/2025 02:20:00 PM,NA,NA,Front to Front,Clear,Dry,Daylight,Traffic Control Signal,NONE DETECTED,No,No Apparent Injury,NA,Not Distracted,VA,Passenger Car,Turning Left,35,No,2017,HONDA,ACCORD,39.05621429,-77.17923199,2025,2,14
250007993,Property Damage Crash,02/23/2025 12:55:00 PM,NA,NA,Unknown,Clear,NA,Daylight,NA,NONE DETECTED,Yes,No Apparent Injury,NA,Unknown,IL,Sport Utility Vehicle,Slowing or Stopping,0,No,2020,VOLKSWAGEN,ATLAS CROSS SPORT,39.02413822,-77.12398489,2025,2,12
250007980,Property Damage Crash,02/23/2025 11:37:00 AM,CALVERTON BLVD,NA,Angle,Clear,Dry,Daylight,Traffic Control Signal,NONE DETECTED,Yes,No Apparent Injury,"Failed to Yield Right-of-Way, Ran Red Light, Too Fast For Conditions",Not Distracted,MD,Passenger Car,Moving Constant Speed,40,No,2012,ACURA,MDX,39.05608154,-76.95426117,2025,2,11
250007980,Property Damage Crash,02/23/2025 11:37:00 AM,CALVERTON BLVD,NA,Angle,Clear,Dry,Daylight,Traffic Control Signal,NONE DETECTED,No,No Apparent Injury,NA,Not Distracted,MD,Bus - Transit,Moving Constant Speed,35,No,2013,NEW FLYER,XCELSIOR,39.05608154,-76.95426117,2025,2,11
250007971,Property Damage Crash,02/23/2025 10:15:00 AM,COLUMBIA PIKE,NA,Front to Rear,Clear,Dry,Daylight,Traffic Control Signal,NONE DETECTED,Yes,No Apparent Injury,Other Improper Action,Not Distracted,NA,Passenger Car,Moving Constant Speed,50,No,2007,FORD,FOCUS,39.05770233,-76.96884733,2025,2,10
250007971,Property Damage Crash,02/23/2025 10:15:00 AM,COLUMBIA PIKE,NA,Front to Rear,Clear,Dry,Daylight,Traffic Control Signal,NONE DETECTED,No,No Apparent Injury,NA,Not Distracted,MD,Sport Utility Vehicle,Stopped in Traffic,50,No,2022,TOYOTA,HIGHLANDER,39.05770233,-76.96884733,2025,2,10
250007964,Property Damage Crash,02/23/2025 09:31:00 AM,NA,NA,Angle,Clear,Dry,Daylight,No Controls,NONE DETECTED,No,No Apparent Injury,NA,Not Distracted,MD,Passenger Car,Moving Constant Speed,35,No,2024,TESLA,UNKNOWN,38.99812923,-77.0038734,2025,2,9
250007964,Property Damage Crash,02/23/2025 09:31:00 AM,NA,NA,Angle,Clear,Dry,Daylight,No Controls,NONE DETECTED,Yes,No Apparent Injury,NA,Unknown,MD,Passenger Car,Turning Right,35,No,2009,HONDA,CIVIC,38.99812923,-77.0038734,2025,2,9
250007958,Injury Crash,02/23/2025 07:35:00 AM,CLOPPER RD,NA,Front to Rear,Clear,Dry,Daylight,Traffic Control Signal,NONE DETECTED,No,No Apparent Injury,NA,Unknown,MD,Passenger Car,Moving Constant Speed,35,No,2021,HONDA,CIVIC,39.1483188,-77.23794522,2025,2,7
250007958,Injury Crash,02/23/2025 07:35:00 AM,CLOPPER RD,NA,Front to Rear,Clear,Dry,Daylight,Traffic Control Signal,NONE DETECTED,No,No Apparent Injury,NA,Not Distracted,MD,Sport Utility Vehicle,Stopped in Traffic,35,No,2015,CHEVROLET,EQUINOX,39.1483188,-77.23794522,2025,2,7
250007958,Injury Crash,02/23/2025 07:35:00 AM,CLOPPER RD,NA,Front to Rear,Clear,Dry,Daylight,Traffic Control Signal,NONE DETECTED,No,No Apparent Injury,NA,Not Distracted,MD,Van - Passenger (&lt;9 Seats),Stopped in Traffic,35,No,2024,KIA,CARNIVAL,39.1483188,-77.23794522,2025,2,7
250007954,Injury Crash,02/23/2025 05:14:00 AM,DENNIS AVE,NA,Angle,Clear,Dry,Medium,Traffic Control Signal,NONE DETECTED,Yes,No Apparent Injury,NA,Not Distracted,MD,Passenger Car,Moving Constant Speed,35,No,2018,TOYOTA,CAMRY,39.02618758,-77.02014333,2025,2,5
250007954,Injury Crash,02/23/2025 05:14:00 AM,DENNIS AVE,NA,Angle,Clear,Dry,Medium,Traffic Control Signal,NONE DETECTED,No,No Apparent Injury,NA,Not Distracted,MD,Passenger Car,Moving Constant Speed,35,No,2010,HONDA,FIT,39.02618758,-77.02014333,2025,2,5
250007938,Property Damage Crash,02/23/2025 12:23:00 AM,NEW HAMPSHIRE AVE (SB/L),NA,Front to Rear,Clear,Dry,Medium,No Controls,NONE DETECTED,No,No Apparent Injury,NA,Unknown,MD,Passenger Car,Moving Constant Speed,40,No,2012,NISSAN,MAXIMA,39.04565944,-76.99245146,2025,2,0
250007938,Property Damage Crash,02/23/2025 12:23:00 AM,NEW HAMPSHIRE AVE (SB/L),NA,Front to Rear,Clear,Dry,Medium,No Controls,NONE DETECTED,No,No Apparent Injury,NA,Unknown,MD,Passenger Car,NA,40,No,2005,NISSAN,SENTRA,39.04565944,-76.99245146,2025,2,0
250007925,Property Damage Crash,02/22/2025 09:28:00 PM,NA,NA,Single Vehicle,Clear,NA,Medium,NA,ALCOHOL PRESENT,Yes,No Apparent Injury,NA,Unknown,NA,Passenger Car,NA,0,No,2011,MAZDA,MAZDA3,39.0007085,-76.98827402,2025,2,21
250007917,Injury Crash,02/22/2025 08:45:00 PM,BOU AVE,NA,Single Vehicle,Clear,Dry,Medium,No Controls,NONE DETECTED,No,Possible Minor Injury,Too Fast For Conditions,Not Distracted,MD,Passenger Car,Moving Constant Speed,35,No,2013,FORD,MUSTANG,39.05703296,-77.1148299,2025,2,20
250007915,Property Damage Crash,02/22/2025 08:32:00 PM,NA,NA,"Sideswipe, Same Direction",Clear,Dry,Medium,Traffic Control Signal,NONE DETECTED,No,No Apparent Injury,NA,Not Distracted,MD,Sport Utility Vehicle,Turning Left,35,No,2007,MERCEDES-BENZ,M-CLASS,39.02246889,-77.14873483,2025,2,20
250007915,Property Damage Crash,02/22/2025 08:32:00 PM,NA,NA,"Sideswipe, Same Direction",Clear,Dry,Medium,Traffic Control Signal,NONE DETECTED,Yes,No Apparent Injury,NA,Not Distracted,XX,Sport Utility Vehicle,Turning Left,35,No,2014,FORD,EXPLORER,39.02246889,-77.14873483,2025,2,20
250007914,Injury Crash,02/22/2025 08:20:00 PM,COLESVILLE RD,Pedestrian,Front to Rear,Clear,Dry,Medium,No Controls,NONE DETECTED,No,No Apparent Injury,NA,Not Distracted,MD,Passenger Car,Parked,35,No,2009,ACURA,TSX,39.00210861,-77.02474023,2025,2,20
250007914,Injury Crash,02/22/2025 08:20:00 PM,COLESVILLE RD,Pedestrian,Front to Rear,Clear,Dry,Medium,No Controls,NONE DETECTED,Yes,No Apparent Injury,Other Improper Action,Not Distracted,MD,Passenger Car,Moving Constant Speed,35,No,2015,LEXUS,RX,39.00210861,-77.02474023,2025,2,20
250007913,Property Damage Crash,02/22/2025 07:45:00 PM,COLESVILLE RD,NA,Other,Clear,Dry,Medium,Traffic Control Signal,NONE DETECTED,No,No Apparent Injury,NA,Not Distracted,MD,Passenger Car,Moving Constant Speed,25,No,2017,HONDA,PILOT,38.99907995,-77.02617991,2025,2,19
250007913,Property Damage Crash,02/22/2025 07:45:00 PM,COLESVILLE RD,NA,Other,Clear,Dry,Medium,Traffic Control Signal,NONE DETECTED,No,No Apparent Injury,NA,Not Distracted,MD,Passenger Car,Moving Constant Speed,35,No,2013,TOYOTA,VENZA,38.99907995,-77.02617991,2025,2,19
250007911,Injury Crash,02/22/2025 07:43:00 PM,RAMSEY AVE,NA,Front to Rear,Clear,Dry,Medium,Traffic Control Signal,NONE DETECTED,Yes,No Apparent Injury,Other Improper Action,Not Distracted,MD,Sport Utility Vehicle,Moving Constant Speed,30,No,2022,CHEVROLET,SUBURBAN,38.9945484,-77.02904333,2025,2,19
250007911,Injury Crash,02/22/2025 07:43:00 PM,RAMSEY AVE,NA,Front to Rear,Clear,Dry,Medium,Traffic Control Signal,NONE DETECTED,Yes,Possible Minor Injury,Other Improper Action,Not Distracted,NA,Motorcycle - 2 Wheeled,Moving Constant Speed,30,No,2024,ZHILONG,UNKNOWN,38.9945484,-77.02904333,2025,2,19
250007905,Injury Crash,02/22/2025 06:15:00 PM,MONTGOMERY VILLAGE AVE,NA,Angle,Clear,Dry,Medium,No Controls,NONE DETECTED,Yes,No Apparent Injury,NA,Not Distracted,MD,Passenger Car,Turning Left,35,No,2017,KIA,OPTIMA,39.17076667,-77.2039735,2025,2,18
250007905,Injury Crash,02/22/2025 06:15:00 PM,MONTGOMERY VILLAGE AVE,NA,Angle,Clear,Dry,Medium,No Controls,NONE DETECTED,No,Possible Minor Injury,NA,Not Distracted,MD,Passenger Car,Moving Constant Speed,35,No,2012,NISSAN,ALTIMA,39.17076667,-77.2039735,2025,2,18
25000280,Property Damage Crash,02/22/2025 05:30:00 PM,NA,NA,Single Vehicle,Clear,NA,Medium,NA,NONE DETECTED,No,No Apparent Injury,NA,Not Distracted,MD,Sport Utility Vehicle,Accelerating,0,No,2015,FORD,EXPLORER,39.17543968,-77.17246621,2025,2,17
250007981,Property Damage Crash,02/22/2025 05:00:00 PM,BOND ST,NA,"Sideswipe, Same Direction",Clear,Dry,Daylight,No Controls,NONE DETECTED,No,NA,NA,NA,NA,Passenger Car,Moving Constant Speed,25,No,2018,HONDA,CIVIC,39.056117,-77.0638335,2025,2,17
250007892,Injury Crash,02/22/2025 04:29:00 PM,RANDOLPH RD (WB/L),NA,Rear To Side,Clear,Dry,Daylight,No Controls,NONE DETECTED,Yes,No Apparent Injury,Improper Turn,Not Distracted,MD,Passenger Car,Turning Left,35,No,2022,FORD,ESCAPE,39.0536065,-77.10492217,2025,2,16
250007892,Injury Crash,02/22/2025 04:29:00 PM,RANDOLPH RD (WB/L),NA,Rear To Side,Clear,Dry,Daylight,No Controls,NONE DETECTED,No,Possible Minor Injury,NA,Not Distracted,DC,Passenger Car,Moving Constant Speed,35,No,2020,NISSAN,ALTIMA,39.0536065,-77.10492217,2025,2,16
250007899,Property Damage Crash,02/22/2025 03:41:00 PM,NA,NA,Rear To Rear,Clear,NA,Daylight,NA,NONE DETECTED,No,NA,NA,NA,NA,Passenger Car,Backing,0,No,2020,ACURA,ILX,38.99855535,-77.19739519,2025,2,15
250007872,Injury Crash,02/22/2025 02:04:00 PM,SCHAEFFER RD,NA,Front to Front,Clear,Dry,Daylight,No Controls,NONE DETECTED,Yes,No Apparent Injury,Failed to Keep in Proper Lane,Not Distracted,DC,Passenger Car,Moving Constant Speed,30,No,2020,HONDA,CR-V,39.153073,-77.2950935,2025,2,14
250007872,Injury Crash,02/22/2025 02:04:00 PM,SCHAEFFER RD,NA,Front to Front,Clear,Dry,Daylight,No Controls,NONE DETECTED,No,Possible Minor Injury,NA,Not Distracted,MD,Passenger Car,Moving Constant Speed,30,No,2019,HYUNDAI,TUCSON,39.153073,-77.2950935,2025,2,14
250007864,Injury Crash,02/22/2025 01:49:00 PM,NA,NA,"Sideswipe, Same Direction",Clear,NA,Daylight,NA,NONE DETECTED,No,NA,NA,NA,NA,Passenger Car,Accelerating,0,No,0,NA,NA,39.09137899,-77.07513494,2025,2,13
250007864,Injury Crash,02/22/2025 01:49:00 PM,NA,NA,"Sideswipe, Same Direction",Clear,NA,Daylight,NA,NONE DETECTED,No,No Apparent Injury,NA,Not Distracted,MD,Passenger Car,Accelerating,0,No,2008,PONTIAC,G6,39.09137899,-77.07513494,2025,2,13
250007856,Injury Crash,02/22/2025 12:50:00 PM,NA,NA,Rear To Side,Clear,Dry,Daylight,Stop Sign,NONE DETECTED,No,No Apparent Injury,NA,Unknown,MD,Sport Utility Vehicle,Turning Left,40,No,2016,HONDA,CR-V,39.16626357,-77.17099036,2025,2,12
250007856,Injury Crash,02/22/2025 12:50:00 PM,NA,NA,Rear To Side,Clear,Dry,Daylight,Stop Sign,NONE DETECTED,No,Possible Minor Injury,NA,Unknown,MD,Passenger Car,Moving Constant Speed,40,No,2014,TOYOTA,SIENNA,39.16626357,-77.17099036,2025,2,12
250007839,Property Damage Crash,02/22/2025 11:07:00 AM,CLOPPER RD,NA,Angle,Clear,Dry,Daylight,Traffic Control Signal,NONE DETECTED,Yes,No Apparent Injury,Failed to Yield Right-of-Way,Not Distracted,MD,Passenger Car,Turning Left,35,No,2019,RAM,1500,39.1590885,-77.27533733,2025,2,11
250007839,Property Damage Crash,02/22/2025 11:07:00 AM,CLOPPER RD,NA,Angle,Clear,Dry,Daylight,Traffic Control Signal,NONE DETECTED,No,No Apparent Injury,NA,Not Distracted,MD,Passenger Car,Moving Constant Speed,35,No,2015,VOLKSWAGEN,GTI,39.1590885,-77.27533733,2025,2,11
250007868,Injury Crash,02/22/2025 11:00:00 AM,NA,Pedestrian,Single Vehicle,Clear,NA,Daylight,NA,NONE DETECTED,Yes,No Apparent Injury,Other Improper Action,Not Distracted,MS,Single-Unit Truck,Accelerating,0,No,2024,FORD,E-450,39.05474634,-77.10687152,2025,2,11
250007841,Property Damage Crash,02/22/2025 10:52:00 AM,INDUSTRIAL PKWY,NA,Single Vehicle,Clear,Dry,Daylight,Stop Sign,NONE DETECTED,No,No Apparent Injury,NA,Not Distracted,MD,Passenger Car,Moving Constant Speed,15,No,2003,TOYOTA,COROLLA MATRIX,39.05345267,-76.96831714,2025,2,10
250007834,Injury Crash,02/22/2025 10:27:00 AM,W DIAMOND AVE,NA,Other,Clear,Dry,Daylight,Traffic Control Signal,NONE DETECTED,No,Possible Minor Injury,NA,Not Distracted,MD,Passenger Car,Moving Constant Speed,40,No,2010,HONDA,FIT,39.13998583,-77.20490133,2025,2,10
250007834,Injury Crash,02/22/2025 10:27:00 AM,W DIAMOND AVE,NA,Other,Clear,Dry,Daylight,Traffic Control Signal,NONE DETECTED,No,No Apparent Injury,Failed to Yield Right-of-Way,Not Distracted,MD,Passenger Car,Turning Left,40,No,2000,MERCEDES-BENZ,E-CLASS,39.13998583,-77.20490133,2025,2,10
250007826,Injury Crash,02/22/2025 07:56:00 AM,NICHOLSON LA,Pedestrian,Single Vehicle,Clear,Dry,Daylight,Traffic Control Signal,NONE DETECTED,Yes,No Apparent Injury,NA,Unknown,NA,Passenger Car,Turning Right,35,No,2017,FORD,MUSTANG,39.04492867,-77.10726383,2025,2,7
250007813,Property Damage Crash,02/22/2025 04:11:00 AM,COLESVILLE RD,NA,Single Vehicle,Clear,Dry,Medium,No Controls,ALCOHOL PRESENT,Yes,No Apparent Injury,NA,Unknown,MD,Passenger Car,Moving Constant Speed,40,No,2019,MERCEDES-BENZ,A-CLASS,39.01335983,-77.01663233,2025,2,4
250007811,Property Damage Crash,02/22/2025 03:38:00 AM,CONNECTICUT AVE,NA,Single Vehicle,Clear,Dry,Medium,No Controls,NONE DETECTED,Yes,No Apparent Injury,"Operated Motor Vehicle in Inattentive, Careless, Negligent, or Erratic Manner, Other Improper Action, Ran Off Roadway","Other Action (looking away from task, etc.)",NC,Passenger Car,Moving Constant Speed,35,No,2011,HYUNDAI,SONATA,39.00981551,-77.08082663,2025,2,3
250007796,Property Damage Crash,02/22/2025 12:48:00 AM,MIDCOUNTY HWY (NB/L),NA,Other,Clear,Dry,Medium,Flashing Traffic Control Signal,NONE DETECTED,No,No Apparent Injury,"Failed to Yield Right-of-Way, Other Improper Action",Not Distracted,MD,Passenger Car,Accelerating,35,No,2019,HONDA,HR-V,39.15077,-77.174445,2025,2,0
250007796,Property Damage Crash,02/22/2025 12:48:00 AM,MIDCOUNTY HWY (NB/L),NA,Other,Clear,Dry,Medium,Flashing Traffic Control Signal,NONE DETECTED,No,No Apparent Injury,NA,Not Distracted,MD,Passenger Car,Moving Constant Speed,40,No,2015,TOYOTA,SCION XB,39.15077,-77.174445,2025,2,0
250007793,Property Damage Crash,02/21/2025 11:21:00 PM,NO NAME,NA,Front to Front,Clear,Dry,Medium,Traffic Control Signal,NONE DETECTED,No,NA,NA,NA,NA,Passenger Car,Moving Constant Speed,35,No,0,NA,NA,38.99949226,-77.09683023,2025,2,23
250007793,Property Damage Crash,02/21/2025 11:21:00 PM,NO NAME,NA,Front to Front,Clear,Dry,Medium,Traffic Control Signal,NONE DETECTED,No,No Apparent Injury,NA,Not Distracted,MD,Bus - Transit,Turning Left,35,No,2014,NABI,BRT,38.99949226,-77.09683023,2025,2,23