Local Case Number,ACRS Report Type,Crash Date/Time,Road Name,Related Non-Motorist,Collision Type,Weather,Surface Condition,Light,Traffic Control,Driver Substance Abuse,Driver At Fault,Injury Severity,Circumstance,Driver Distracted By,Drivers License State,Vehicle Body Type,Vehicle Movement,Speed Limit,Driverless Vehicle,Vehicle Year,Vehicle Make,Vehicle Model,Latitude,Longitude,Year,Month,Hour
250007792,Injury Crash,02/21/2025 11:20:00 PM,WIGHTMAN RD,Pedestrian,Single Vehicle,Clear,Dry,Medium,Traffic Control Signal,NONE DETECTED,No,No Apparent Injury,NA,Not Distracted,MD,Passenger Car,Turning Left,35,No,2018,TOYOTA,HIGHLANDER,39.1877521,-77.1868527,2025,2,23
250007789,Injury Crash,02/21/2025 10:57:00 PM,QUINCE ORCHARD RD,NA,Other,Clear,Dry,Medium,Traffic Control Signal,ALCOHOL PRESENT,Yes,No Apparent Injury,NA,Unknown,NA,Passenger Car,Moving Constant Speed,35,No,2018,TOYOTA,CAMRY,39.15180433,-77.212979,2025,2,22
250007789,Injury Crash,02/21/2025 10:57:00 PM,QUINCE ORCHARD RD,NA,Other,Clear,Dry,Medium,Traffic Control Signal,NONE DETECTED,No,No Apparent Injury,NA,Not Distracted,MD,Passenger Car,Moving Constant Speed,35,No,2013,HONDA,CR-V,39.15180433,-77.212979,2025,2,22
250007781,Property Damage Crash,02/21/2025 09:00:00 PM,BOWIE MILL RD,NA,Front to Rear,Clear,Dry,Dark,Stop Sign,NONE DETECTED,No,No Apparent Injury,NA,Not Distracted,MD,Pickup,Stopped in Traffic,30,No,2016,CHEVROLET,SILVERADO,39.15889067,-77.0844635,2025,2,21
250007781,Property Damage Crash,02/21/2025 09:00:00 PM,BOWIE MILL RD,NA,Front to Rear,Clear,Dry,Dark,Stop Sign,NONE DETECTED,Yes,No Apparent Injury,"Followed Too Closely, Too Fast For Conditions",Not Distracted,MD,Passenger Car,Slowing or Stopping,30,No,2021,KIA,FORTE,39.15889067,-77.0844635,2025,2,21
250007776,Property Damage Crash,02/21/2025 08:00:00 PM,NA,NA,Angle,Clear,Dry,Dark,No Controls,NONE DETECTED,No,No Apparent Injury,Failed to Yield Right-of-Way,Not Distracted,MD,Passenger Car,Turning Left,35,No,2006,HYUNDAI,SONATA,39.1122,-77.2751,2025,2,20
250007776,Property Damage Crash,02/21/2025 08:00:00 PM,NA,NA,Angle,Clear,Dry,Dark,No Controls,NONE DETECTED,No,No Apparent Injury,NA,Not Distracted,VA,Pickup,Moving Constant Speed,35,No,1989,TOYOTA,PICK-UP,39.1122,-77.2751,2025,2,20
250007765,Injury Crash,02/21/2025 07:03:00 PM,VEIRS MILL RD (WB/L),Pedestrian,Single Vehicle,Clear,Dry,Medium,No Controls,NONE DETECTED,No,No Apparent Injury,NA,Unknown,MD,Sport Utility Vehicle,Moving Constant Speed,35,No,2017,TOYOTA,RAV4,39.05758155,-77.084915,2025,2,19
250007763,Property Damage Crash,02/21/2025 06:40:00 PM,GEORGIA AVE (SB/L),NA,Front to Rear,Clear,Dry,Medium,No Controls,NONE DETECTED,No,No Apparent Injury,NA,Not Distracted,MD,Passenger Car,Stopped in Traffic,30,No,2010,HONDA,ACCORD,39.0002425,-77.03282933,2025,2,18
250007763,Property Damage Crash,02/21/2025 06:40:00 PM,GEORGIA AVE (SB/L),NA,Front to Rear,Clear,Dry,Medium,No Controls,NONE DETECTED,Yes,No Apparent Injury,NA,"Manually Operating (dialing, playing game, etc.)",MD,Passenger Car,Moving Constant Speed,30,No,2003,HONDA,ACCORD,39.0002425,-77.03282933,2025,2,18
250007767,Fatal Crash,02/21/2025 06:03:00 PM,WHITES FERRY RD,NA,Angle,Clear,Dry,Daylight,No Controls,ALCOHOL PRESENT,Yes,Fatal Injury,"Operated Motor Vehicle in Reckless or Aggressive Manner, Over-Correcting/Over-Steering, Ran Off Roadway, Wrong Side",Unknown,MD,Passenger Car,NA,40,No,2000,ACURA,INTEGRA,39.12672333,-77.37738167,2025,2,18
250007767,Fatal Crash,02/21/2025 06:03:00 PM,WHITES FERRY RD,NA,Angle,Clear,Dry,Daylight,No Controls,NONE DETECTED,No,No Apparent Injury,NA,Unknown,MD,Other,Moving Constant Speed,45,No,2023,FORD,TRANSIT,39.12672333,-77.37738167,2025,2,18
250007758,Property Damage Crash,02/21/2025 06:02:00 PM,ROCKVILLE PIKE,NA,"Sideswipe, Same Direction",Clear,Dry,Medium,No Controls,NONE DETECTED,No,No Apparent Injury,NA,Not Distracted,DC,Sport Utility Vehicle,Moving Constant Speed,35,No,2025,MERCEDES-BENZ,GLE-CLASS,39.05371696,-77.11703038,2025,2,18
250007758,Property Damage Crash,02/21/2025 06:02:00 PM,ROCKVILLE PIKE,NA,"Sideswipe, Same Direction",Clear,Dry,Medium,No Controls,NONE DETECTED,No,No Apparent Injury,NA,Not Distracted,NJ,Van - Passenger (&lt;9 Seats),Accelerating,35,No,2019,CHEVROLET,EXPRESS,39.05371696,-77.11703038,2025,2,18
250007752,Property Damage Crash,02/21/2025 05:24:00 PM,MUDDY BRANCH RD (SB/L),NA,Angle,Clear,Dry,Daylight,No Controls,NONE DETECTED,Yes,No Apparent Injury,NA,Not Distracted,MD,Passenger Car,Moving Constant Speed,40,No,2012,HONDA,CIVIC,39.11244517,-77.21658553,2025,2,17
250007752,Property Damage Crash,02/21/2025 05:24:00 PM,MUDDY BRANCH RD (SB/L),NA,Angle,Clear,Dry,Daylight,No Controls,NONE DETECTED,No,No Apparent Injury,NA,Not Distracted,MD,Passenger Car,Moving Constant Speed,40,No,2011,HYUNDAI,SONATA,39.11244517,-77.21658553,2025,2,17
250007743,Property Damage Crash,02/21/2025 04:56:00 PM,BROADWAY AVE (NB/L),NA,Angle,Clear,Dry,Daylight,No Controls,NONE DETECTED,Yes,No Apparent Injury,Failed to Yield Right-of-Way,Not Distracted,MD,Passenger Car,Turning Left,35,No,2011,NISSAN,ALTIMA,39.21361517,-77.287372,2025,2,16
250007743,Property Damage Crash,02/21/2025 04:56:00 PM,BROADWAY AVE (NB/L),NA,Angle,Clear,Dry,Daylight,Stop Sign,NONE DETECTED,No,No Apparent Injury,NA,Not Distracted,MD,Passenger Car,Moving Constant Speed,25,No,2011,TOYOTA,COROLLA,39.21361517,-77.287372,2025,2,16
250007739,Property Damage Crash,02/21/2025 04:20:00 PM,CATOCTIN DR,NA,Single Vehicle,Clear,Dry,Daylight,No Controls,NONE DETECTED,Yes,No Apparent Injury,NA,Not Distracted,MD,Bus - School,Turning Left,25,No,2022,THOMAS BUILT,HDX,39.0897225,-77.04256833,2025,2,16
250007727,Property Damage Crash,02/21/2025 03:50:00 PM,NA,NA,"Sideswipe, Same Direction",Clear,Dry,Daylight,No Controls,NONE DETECTED,Yes,No Apparent Injury,Failed to Keep in Proper Lane,Unknown,FL,Sport Utility Vehicle,Changing Lanes,50,No,2021,JEEP,RENEGADE,39.16422273,-77.27317407,2025,2,15
250007727,Property Damage Crash,02/21/2025 03:50:00 PM,NA,NA,"Sideswipe, Same Direction",Clear,Dry,Daylight,No Controls,NONE DETECTED,No,No Apparent Injury,NA,Unknown,MD,Passenger Car,Moving Constant Speed,50,No,2010,TOYOTA,COROLLA,39.16422273,-77.27317407,2025,2,15
250008210,Property Damage Crash,02/21/2025 03:30:00 PM,NA,NA,Front to Front,Clear,NA,Daylight,NA,NONE DETECTED,Yes,NA,NA,NA,NA,Passenger Car,Turning Left,0,No,2007,NISSAN,VERSA,39.06059111,-77.04996737,2025,2,15
250007720,Injury Crash,02/21/2025 03:14:00 PM,MUDDY BRANCH RD (SB/L),NA,Angle,Clear,Dry,Daylight,Traffic Control Signal,NONE DETECTED,Yes,No Apparent Injury,Failed to Yield Right-of-Way,Not Distracted,MD,Passenger Car,Turning Left,30,No,2008,INFINITI,G35,39.14013403,-77.2049973,2025,2,15
250007720,Injury Crash,02/21/2025 03:14:00 PM,MUDDY BRANCH RD (SB/L),NA,Angle,Clear,Dry,Daylight,Traffic Control Signal,NONE DETECTED,No,No Apparent Injury,NA,Not Distracted,MD,Passenger Car,Moving Constant Speed,35,No,2013,TOYOTA,COROLLA,39.14013403,-77.2049973,2025,2,15
250007722,Property Damage Crash,02/21/2025 03:10:00 PM,NA,NA,Front to Rear,Clear,Dry,Daylight,No Controls,NONE DETECTED,No,No Apparent Injury,NA,Not Distracted,MD,Sport Utility Vehicle,Moving Constant Speed,30,No,2024,JEEP,GRAND CHEROKEE L,39.01322109,-77.16010852,2025,2,15
250007722,Property Damage Crash,02/21/2025 03:10:00 PM,NA,NA,Front to Rear,Clear,Dry,Daylight,No Controls,NONE DETECTED,Yes,No Apparent Injury,Followed Too Closely,Unknown,MD,Passenger Car,Moving Constant Speed,30,No,2024,MERCEDES-BENZ,E-CLASS,39.01322109,-77.16010852,2025,2,15
250007746,Property Damage Crash,02/21/2025 03:04:00 PM,NA,NA,"Sideswipe, Same Direction",Clear,NA,Daylight,NA,NONE DETECTED,No,NA,NA,NA,NA,NA,Turning Right,0,No,0,NA,NA,38.99851129,-77.11007103,2025,2,15
250007713,Injury Crash,02/21/2025 02:35:00 PM,WATKINS STATION CIR,NA,Front to Front,Clear,Dry,Daylight,No Controls,NONE DETECTED,No,Possible Minor Injury,NA,Not Distracted,MD,Passenger Car,Moving Constant Speed,30,No,2022,HYUNDAI,ELANTRA,39.15990148,-77.21780403,2025,2,14
250007713,Injury Crash,02/21/2025 02:35:00 PM,WATKINS STATION CIR,NA,Front to Front,Clear,Dry,Daylight,Stop Sign,NONE DETECTED,Yes,No Apparent Injury,NA,Unknown,MD,Passenger Car,Moving Constant Speed,10,No,2022,TOYOTA,CAMRY,39.15990148,-77.21780403,2025,2,14
25007708,Injury Crash,02/21/2025 02:15:00 PM,W MONTGOMERY AVE,NA,Angle,Clear,Dry,Daylight,No Controls,NONE DETECTED,No,Possible Minor Injury,NA,Not Distracted,MD,Passenger Car,Moving Constant Speed,25,No,2020,TOYOTA,CAMRY,39.08417835,-77.15481982,2025,2,14
25007708,Injury Crash,02/21/2025 02:15:00 PM,W MONTGOMERY AVE,NA,Angle,Clear,Dry,Daylight,Stop Sign,NONE DETECTED,No,No Apparent Injury,Disregarded Other Traffic Sign,Not Distracted,MD,Passenger Car,Moving Constant Speed,25,No,2022,HONDA,CR-V,39.08417835,-77.15481982,2025,2,14
250007709,Injury Crash,02/21/2025 02:15:00 PM,NA,NA,"Sideswipe, Opposite Direction",Clear,Dry,Daylight,No Controls,NONE DETECTED,No,Possible Minor Injury,"Over-Correcting/Over-Steering, Too Fast For Conditions",Unknown,MD,Pickup,NA,30,No,2013,TOYOTA,TACOMA,39.14954457,-77.01187704,2025,2,14
250007709,Injury Crash,02/21/2025 02:15:00 PM,NA,NA,"Sideswipe, Opposite Direction",Clear,Dry,Daylight,No Controls,NONE DETECTED,No,No Apparent Injury,NA,Not Distracted,MD,Station Wagon,Slowing or Stopping,30,No,2018,TOYOTA,HIGHLANDER,39.14954457,-77.01187704,2025,2,14
250007715,Property Damage Crash,02/21/2025 02:00:00 PM,NA,NA,Angle,Clear,NA,Daylight,NA,NONE DETECTED,No,NA,NA,NA,NA,Passenger Car,NA,0,No,2011,HONDA,PILOT,38.98791674,-77.09881132,2025,2,14
250007701,Injury Crash,02/21/2025 12:49:00 PM,NA,NA,Front to Rear,Clear,Dry,Daylight,Traffic Control Signal,NONE DETECTED,No,Possible Minor Injury,NA,Not Distracted,MD,Pickup,Stopped in Traffic,40,No,2022,FORD,RANGER,39.15219331,-77.21297704,2025,2,12
250007701,Injury Crash,02/21/2025 12:49:00 PM,NA,NA,Front to Rear,Clear,Dry,Daylight,Traffic Control Signal,NONE DETECTED,No,No Apparent Injury,"Followed Too Closely, Too Fast For Conditions",Not Distracted,MD,Pickup,Slowing or Stopping,40,No,2012,TOYOTA,TACOMA,39.15219331,-77.21297704,2025,2,12
250007697,Property Damage Crash,02/21/2025 12:30:00 PM,NA,NA,Other,Clear,NA,Daylight,NA,NONE DETECTED,No,No Apparent Injury,Improper Turn,Not Distracted,MD,Passenger Car,Turning Right,0,No,2006,TOYOTA,CAMRY SOLARA,38.99264789,-77.07687227,2025,2,12
250007700,Property Damage Crash,02/21/2025 12:12:00 PM,ROCKVILLE PIKE,NA,Front to Rear,Clear,Dry,Daylight,Traffic Control Signal,NONE DETECTED,No,No Apparent Injury,NA,Not Distracted,MD,Passenger Car,Slowing or Stopping,40,No,2011,LEXUS,RX,39.0446761,-77.11163972,2025,2,12
250007700,Property Damage Crash,02/21/2025 12:12:00 PM,ROCKVILLE PIKE,NA,Front to Rear,Clear,Dry,Daylight,Traffic Control Signal,NONE DETECTED,Yes,No Apparent Injury,NA,Not Distracted,MD,Passenger Car,Slowing or Stopping,40,No,2023,FORD,F-250,39.0446761,-77.11163972,2025,2,12
250007681,Property Damage Crash,02/21/2025 11:49:00 AM,NA,NA,Angle,Clear,Dry,Daylight,No Controls,NONE DETECTED,No,No Apparent Injury,NA,Not Distracted,MD,Passenger Car,Moving Constant Speed,25,No,2024,CHEVROLET,SILVERADO,38.98880795,-77.09619957,2025,2,11
250007681,Property Damage Crash,02/21/2025 11:49:00 AM,NA,NA,Angle,Clear,Dry,Daylight,No Controls,NONE DETECTED,No,No Apparent Injury,NA,Not Distracted,MD,Truck Tractor,Parked,25,No,2020,VOLVO TRUCK,VNR,38.98880795,-77.09619957,2025,2,11
250007683,Property Damage Crash,02/21/2025 11:39:00 AM,WAYNE AVE,NA,"Sideswipe, Same Direction",Clear,Dry,Daylight,No Controls,NONE DETECTED,No,No Apparent Injury,NA,Not Distracted,MD,Passenger Car,Stopped in Traffic,25,No,2010,NISSAN,SENTRA,38.99979423,-77.01327989,2025,2,11
250007683,Property Damage Crash,02/21/2025 11:39:00 AM,WAYNE AVE,NA,"Sideswipe, Same Direction",Clear,Dry,Daylight,No Controls,NONE DETECTED,No,No Apparent Injury,Improper Passing,Not Distracted,MD,Bus - Transit,Overtaking/Passing,25,No,2009,GILLIG,LOW FLOOR BUS,38.99979423,-77.01327989,2025,2,11
250007666,Property Damage Crash,02/21/2025 10:33:00 AM,NA,NA,Front to Rear,Clear,Dry,Daylight,Intersection Ahead Warning Sign,NONE DETECTED,No,No Apparent Injury,NA,Not Distracted,MD,Passenger Car,Slowing or Stopping,35,No,2020,LEXUS,ES,38.99020043,-77.10331264,2025,2,10
250007666,Property Damage Crash,02/21/2025 10:33:00 AM,NA,NA,Front to Rear,Clear,Dry,Daylight,Intersection Ahead Warning Sign,NONE DETECTED,Yes,No Apparent Injury,"Followed Too Closely, Operated Motor Vehicle in Inattentive, Careless, Negligent, or Erratic Manner, Swerved or Avoided Due to Wind, Slippery Surface, Motor Vehicle, Object, Non-Motorist in Roadway, etc",Unknown,MD,All-Terrain Vehicle/All-Terrain Cycle (ATV/ATC),Slowing or Stopping,35,No,2002,TOYOTA,ECHO,38.99020043,-77.10331264,2025,2,10
250007661,Property Damage Crash,02/21/2025 09:43:00 AM,NO NAME,NA,Front to Rear,Clear,Dry,Daylight,Traffic Control Signal,NONE DETECTED,No,No Apparent Injury,NA,Not Distracted,MD,Sport Utility Vehicle,Stopped in Traffic,40,No,2021,FORD,EXPLORER,39.05220938,-77.0758802,2025,2,9
250007661,Property Damage Crash,02/21/2025 09:43:00 AM,NO NAME,NA,Front to Rear,Clear,Dry,Daylight,Traffic Control Signal,NONE DETECTED,Yes,No Apparent Injury,Followed Too Closely,"Other Action (looking away from task, etc.)",US,Passenger Car,Slowing or Stopping,40,No,2013,TOYOTA,AVALON,39.05220938,-77.0758802,2025,2,9
250007657,Injury Crash,02/21/2025 09:31:00 AM,MILLS AVE,Pedestrian,Single Vehicle,Clear,Dry,Daylight,No Controls,NONE DETECTED,No,No Apparent Injury,Improper Backing,Unknown,MD,Passenger Car,Backing,25,No,2015,MERCEDES-BENZ,CLA-CLASS,39.08109727,-77.01465716,2025,2,9
250007654,Property Damage Crash,02/21/2025 09:00:00 AM,GOLDSBORO RD,NA,Front to Rear,Clear,Dry,Daylight,Traffic Control Signal,NONE DETECTED,No,No Apparent Injury,NA,Not Distracted,VA,Passenger Car,Moving Constant Speed,35,No,2008,HONDA,CIVIC,38.97309017,-77.12196151,2025,2,9
250007654,Property Damage Crash,02/21/2025 09:00:00 AM,GOLDSBORO RD,NA,Front to Rear,Clear,Dry,Daylight,Traffic Control Signal,NONE DETECTED,No,No Apparent Injury,NA,Not Distracted,MD,Passenger Car,Accelerating,35,No,2023,TOYOTA,COROLLA,38.97309017,-77.12196151,2025,2,9
250007651,Injury Crash,02/21/2025 08:41:00 AM,WATKINS POND BLVD,NA,Rear To Side,Clear,Dry,Daylight,Traffic Control Signal,NONE DETECTED,No,No Apparent Injury,NA,Not Distracted,MD,Sport Utility Vehicle,Moving Constant Speed,35,No,2019,NISSAN,PATHFINDER,39.11227063,-77.16194695,2025,2,8
250007651,Injury Crash,02/21/2025 08:41:00 AM,WATKINS POND BLVD,NA,Rear To Side,Clear,Dry,Daylight,Traffic Control Signal,NONE DETECTED,No,Possible Minor Injury,NA,Not Distracted,MD,Passenger Car,Accelerating,25,No,2019,TOYOTA,C-HR,39.11227063,-77.16194695,2025,2,8
250007645,Property Damage Crash,02/21/2025 07:58:00 AM,GRANDIN AVE,NA,"Sideswipe, Opposite Direction",Clear,Dry,Daylight,No Controls,NONE DETECTED,Yes,No Apparent Injury,Failed to Yield Right-of-Way,Not Distracted,MD,Passenger Car,Turning Left,25,No,2008,KIA,SORENTO,39.07998555,-77.13369541,2025,2,7
250007645,Property Damage Crash,02/21/2025 07:58:00 AM,GRANDIN AVE,NA,"Sideswipe, Opposite Direction",Clear,Dry,Daylight,No Controls,NONE DETECTED,No,No Apparent Injury,NA,Not Distracted,MD,Passenger Car,Moving Constant Speed,25,No,2015,AUDI,A3,39.07998555,-77.13369541,2025,2,7
250007636,Injury Crash,02/21/2025 06:14:00 AM,MANOR RD,NA,Angle,Clear,Dry,Medium,Traffic Control Signal,NONE DETECTED,No,No Apparent Injury,NA,Not Distracted,VA,Sport Utility Vehicle,Stopped in Traffic,25,No,2022,FORD,BRONCO SPORT,38.99600167,-77.07738333,2025,2,6
250007636,Injury Crash,02/21/2025 06:14:00 AM,MANOR RD,NA,Angle,Clear,Dry,Medium,Traffic Control Signal,NONE DETECTED,Yes,Possible Minor Injury,"Operated Motor Vehicle in Inattentive, Careless, Negligent, or Erratic Manner, Operated Motor Vehicle in Reckless or Aggressive Manner, Ran Red Light",Not Distracted,MD,Sport Utility Vehicle,Accelerating,35,No,2013,TOYOTA,RAV4,38.99600167,-77.07738333,2025,2,6
250007636,Injury Crash,02/21/2025 06:14:00 AM,MANOR RD,NA,Angle,Clear,Dry,Medium,Traffic Control Signal,NONE DETECTED,No,No Apparent Injury,NA,Not Distracted,AZ,Sport Utility Vehicle,Turning Left,35,No,2024,MAZDA,CX-50,38.99600167,-77.07738333,2025,2,6
250007634,Injury Crash,02/21/2025 05:52:00 AM,NICHOLSON LA,NA,Rear To Side,Clear,Dry,Medium,Traffic Control Signal,NONE DETECTED,Yes,Possible Minor Injury,NA,Unknown,MD,Passenger Car,Moving Constant Speed,30,No,2023,FORD,TRANSIT,39.04478083,-77.11157817,2025,2,5
250007634,Injury Crash,02/21/2025 05:52:00 AM,NICHOLSON LA,NA,Rear To Side,Clear,Dry,Medium,Traffic Control Signal,NONE DETECTED,No,Possible Minor Injury,NA,Not Distracted,MD,Passenger Car,Moving Constant Speed,40,No,2019,TOYOTA,HIGHLANDER,39.04478083,-77.11157817,2025,2,5
250007632,Property Damage Crash,02/21/2025 03:00:00 AM,NA,NA,Single Vehicle,Clear,NA,Medium,NA,NONE DETECTED,No,NA,NA,NA,NA,Truck Tractor,NA,0,No,0,NA,NA,39.02290505,-76.97765222,2025,2,3
250007628,Injury Crash,02/21/2025 12:10:00 AM,RANDOLPH RD (WB/L),NA,Single Vehicle,Clear,Dry,Medium,Traffic Control Signal,ALCOHOL PRESENT,Yes,Possible Minor Injury,NA,Unknown,MD,Passenger Car,Accelerating,25,No,2018,CHEVROLET,EQUINOX,39.05910875,-77.06446026,2025,2,0
25000731,Property Damage Crash,02/20/2025 09:16:00 PM,SHADY GROVE RD,NA,Front to Rear,Clear,Dry,Medium,Traffic Control Signal,NONE DETECTED,No,No Apparent Injury,NA,Unknown,VA,Van - Passenger (&lt;9 Seats),Moving Constant Speed,40,No,2018,CHEVROLET,EXPRESS,39.14098569,-77.15180724,2025,2,21
25000731,Property Damage Crash,02/20/2025 09:16:00 PM,SHADY GROVE RD,NA,Front to Rear,Clear,Dry,Medium,Traffic Control Signal,NONE DETECTED,Yes,No Apparent Injury,NA,Unknown,MD,Passenger Car,Moving Constant Speed,40,No,2017,NISSAN,NV,39.14098569,-77.15180724,2025,2,21
250007606,Injury Crash,02/20/2025 07:08:00 PM,OLD GEORGETOWN RD (SB/L),Cyclist (non-electric),Single Vehicle,Clear,Dry,Medium,Traffic Control Signal,NONE DETECTED,No,No Apparent Injury,NA,Not Distracted,MD,Sport Utility Vehicle,Turning Left,35,No,2018,JEEP,GRAND CHEROKEE,39.034674,-77.12504217,2025,2,19
250007601,Property Damage Crash,02/20/2025 05:57:00 PM,NA,NA,"Sideswipe, Same Direction",Clear,NA,Medium,NA,NONE DETECTED,No,No Apparent Injury,NA,Not Distracted,MD,Bus - Transit,Entering Traffic Lane,0,No,2017,GILLIG,CITY TRANSIT BUS,39.11942486,-77.16471434,2025,2,17
250007601,Property Damage Crash,02/20/2025 05:57:00 PM,NA,NA,"Sideswipe, Same Direction",Clear,NA,Medium,NA,NONE DETECTED,No,No Apparent Injury,"Disregarded Other Traffic Sign, Operated Motor Vehicle in Inattentive, Careless, Negligent, or Erratic Manner",Unknown,MD,Pickup,Moving Constant Speed,0,No,2024,TOYOTA,TACOMA,39.11942486,-77.16471434,2025,2,17
250007591,Property Damage Crash,02/20/2025 05:06:00 PM,WOODMONT AVE,NA,Front to Rear,Cloudy,Dry,Medium,No Controls,NONE DETECTED,No,No Apparent Injury,NA,Not Distracted,MD,Passenger Car,Stopped in Traffic,25,No,2023,GENESIS,GV70,38.98506267,-77.09706833,2025,2,17
250007591,Property Damage Crash,02/20/2025 05:06:00 PM,WOODMONT AVE,NA,Front to Rear,Cloudy,Dry,Medium,No Controls,NONE DETECTED,Yes,No Apparent Injury,Followed Too Closely,Unknown,MD,Bus - Transit,Moving Constant Speed,25,No,2009,GILLIG,CITY TRANSIT BUS,38.98506267,-77.09706833,2025,2,17
250007594,Injury Crash,02/20/2025 05:01:00 PM,NA,NA,Front to Rear,Clear,Dry,Daylight,Traffic Control Signal,NONE DETECTED,No,Possible Minor Injury,NA,Not Distracted,MD,Passenger Car,Slowing or Stopping,35,No,2023,TESLA,MODEL Y,39.1002575,-77.21325817,2025,2,17
250007594,Injury Crash,02/20/2025 05:01:00 PM,NA,NA,Front to Rear,Clear,Dry,Daylight,Traffic Control Signal,NONE DETECTED,Yes,No Apparent Injury,Too Fast For Conditions,Unknown,MD,Passenger Car,Slowing or Stopping,35,No,2022,JAGUAR,I-PACE,39.1002575,-77.21325817,2025,2,17
250007740,Property Damage Crash,02/20/2025 05:00:00 PM,JOLIET ST,NA,Rear To Rear,Clear,Dry,Daylight,No Controls,NONE DETECTED,No,NA,NA,NA,NA,Sport Utility Vehicle,Backing,20,No,2005,HONDA,PILOT,39.06632513,-77.08020727,2025,2,17
250007586,Injury Crash,02/20/2025 04:45:00 PM,NA,NA,Front to Rear,Cloudy,Dry,Daylight,No Controls,NONE DETECTED,Yes,Possible Minor Injury,NA,"Other Action (looking away from task, etc.)",MD,Sport Utility Vehicle,Moving Constant Speed,25,No,2025,LEXUS,RX,39.04548762,-76.98497669,2025,2,16
250007576,Property Damage Crash,02/20/2025 03:53:00 PM,CONNECTICUT AVE,NA,Front to Rear,Clear,Dry,Daylight,Traffic Control Signal,NONE DETECTED,Yes,No Apparent Injury,NA,Unknown,MD,Passenger Car,Moving Constant Speed,35,No,2019,LEXUS,NX,39.09185071,-77.07033128,2025,2,15
250007576,Property Damage Crash,02/20/2025 03:53:00 PM,CONNECTICUT AVE,NA,Front to Rear,Clear,Dry,Daylight,Traffic Control Signal,NONE DETECTED,No,No Apparent Injury,NA,Not Distracted,MD,Passenger Car,Slowing or Stopping,35,No,2022,CHRYSLER,VOYAGER,39.09185071,-77.07033128,2025,2,15
250007572,Property Damage Crash,02/20/2025 03:23:00 PM,NA,NA,Rear To Side,Clear,NA,Daylight,NA,NONE DETECTED,Yes,No Apparent Injury,NA,Unknown,MD,Passenger Car,Backing,0,No,2004,TOYOTA,SIENNA,39.0614727,-76.96152866,2025,2,15
250007572,Property Damage Crash,02/20/2025 03:23:00 PM,NA,NA,Rear To Side,Clear,NA,Daylight,NA,NONE DETECTED,No,No Apparent Injury,NA,Not Distracted,MD,Passenger Car,Moving Constant Speed,0,No,2017,HONDA,ACCORD,39.0614727,-76.96152866,2025,2,15
250007582,Property Damage Crash,02/20/2025 03:18:00 PM,FALLS RD (SB/L),NA,"Sideswipe, Same Direction",Cloudy,Dry,Daylight,No Controls,NONE DETECTED,No,No Apparent Injury,NA,Not Distracted,MD,Passenger Car,Moving Constant Speed,35,No,2019,VOLKSWAGEN,JETTA,39.07277352,-77.16580207,2025,2,15
250007582,Property Damage Crash,02/20/2025 03:18:00 PM,FALLS RD (SB/L),NA,"Sideswipe, Same Direction",Cloudy,Dry,Daylight,No Controls,NONE DETECTED,No,No Apparent Injury,NA,Not Distracted,MD,Sport Utility Vehicle,Moving Constant Speed,35,No,2022,JEEP,GRAND CHEROKEE,39.07277352,-77.16580207,2025,2,15
250007567,Property Damage Crash,02/20/2025 02:57:00 PM,NA,NA,Front to Rear,Clear,Dry,Daylight,No Controls,NONE DETECTED,No,No Apparent Injury,NA,Not Distracted,MD,Passenger Car,Slowing or Stopping,50,No,2017,HONDA,ACCORD,39.23603759,-77.14298489,2025,2,14