Local Case Number,ACRS Report Type,Crash Date/Time,Road Name,Related Non-Motorist,Collision Type,Weather,Surface Condition,Light,Traffic Control,Driver Substance Abuse,Driver At Fault,Injury Severity,Circumstance,Driver Distracted By,Drivers License State,Vehicle Body Type,Vehicle Movement,Speed Limit,Driverless Vehicle,Vehicle Year,Vehicle Make,Vehicle Model,Latitude,Longitude,Year,Month,Hour
250007567,Property Damage Crash,02/20/2025 02:57:00 PM,NA,NA,Front to Rear,Clear,Dry,Daylight,No Controls,NONE DETECTED,Yes,No Apparent Injury,Other Improper Action,Unknown,PA,Passenger Car,Moving Constant Speed,50,No,2010,TOYOTA,PRIUS,39.23603759,-77.14298489,2025,2,14
250007553,Property Damage Crash,02/20/2025 01:14:00 PM,HOMELAND TERR,NA,Front to Rear,Clear,Dry,Daylight,No Controls,ALCOHOL PRESENT,Yes,No Apparent Injury,Improper Backing,Not Distracted,MD,Passenger Car,Backing,5,No,2021,RAM,PROMASTER 3500,39.15500314,-77.07044674,2025,2,13
250007553,Property Damage Crash,02/20/2025 01:14:00 PM,HOMELAND TERR,NA,Front to Rear,Clear,Dry,Daylight,No Controls,NONE DETECTED,No,NA,NA,NA,NA,Passenger Car,Parked,5,No,2021,DODGE,DURANGO,39.15500314,-77.07044674,2025,2,13
250007548,Injury Crash,02/20/2025 01:10:00 PM,NA,NA,Single Vehicle,Cloudy,NA,Daylight,NA,NONE DETECTED,Yes,Possible Minor Injury,Ran Off Roadway,Not Distracted,MD,Sport Utility Vehicle,Backing,0,No,2003,CHEVROLET,TAHOE,39.12849637,-77.24740678,2025,2,13
250007539,Property Damage Crash,02/20/2025 12:04:00 PM,BRINK RD,NA,Front to Rear,Snow,Snow,Daylight,No Controls,NONE DETECTED,No,No Apparent Injury,NA,Not Distracted,MD,Van - Passenger (&lt;9 Seats),Slowing or Stopping,30,No,2007,DODGE,CARAVAN/GRAND CARAVAN,39.20467414,-77.21107536,2025,2,12
250007539,Property Damage Crash,02/20/2025 12:04:00 PM,BRINK RD,NA,Front to Rear,Snow,Snow,Daylight,No Controls,NONE DETECTED,No,No Apparent Injury,NA,Not Distracted,MD,Sport Utility Vehicle,Slowing or Stopping,30,No,2020,CHEVROLET,SUBURBAN,39.20467414,-77.21107536,2025,2,12
250007534,Property Damage Crash,02/20/2025 11:38:00 AM,ROCKVILLE PIKE (SB/L),NA,Angle,Clear,Dry,Daylight,Traffic Control Signal,NONE DETECTED,Yes,No Apparent Injury,NA,Not Distracted,MD,Passenger Car,Turning Left,35,No,2016,HONDA,ODYSSEY,39.08157013,-77.146119,2025,2,11
250007534,Property Damage Crash,02/20/2025 11:38:00 AM,ROCKVILLE PIKE (SB/L),NA,Angle,Clear,Dry,Daylight,Traffic Control Signal,NONE DETECTED,No,No Apparent Injury,NA,Not Distracted,MD,Passenger Car,Moving Constant Speed,35,No,2019,CHEVROLET,BLAZER,39.08157013,-77.146119,2025,2,11
250007526,Property Damage Crash,02/20/2025 11:19:00 AM,COLESVILLE RD (WB/L),NA,Angle,Cloudy,Dry,Daylight,Traffic Control Signal,NONE DETECTED,No,No Apparent Injury,NA,Not Distracted,MD,Passenger Car,Slowing or Stopping,35,No,2023,CHEVROLET,MALIBU,38.99372204,-77.03272599,2025,2,11
250007526,Property Damage Crash,02/20/2025 11:19:00 AM,COLESVILLE RD (WB/L),NA,Angle,Cloudy,Dry,Daylight,Traffic Control Signal,NONE DETECTED,No,NA,NA,NA,NA,Passenger Car,Slowing or Stopping,35,No,2014,HONDA,ACCORD,38.99372204,-77.03272599,2025,2,11
250007525,Injury Crash,02/20/2025 11:09:00 AM,CONGRESSIONAL LA,NA,Angle,Cloudy,Other,Daylight,Traffic Control Signal,NONE DETECTED,Yes,Possible Minor Injury,NA,Not Distracted,MD,Passenger Car,Moving Constant Speed,35,No,2011,HYUNDAI,ELANTRA,39.06423468,-77.12610824,2025,2,11
250007525,Injury Crash,02/20/2025 11:09:00 AM,CONGRESSIONAL LA,NA,Angle,Cloudy,Other,Daylight,Traffic Control Signal,NONE DETECTED,No,No Apparent Injury,NA,Not Distracted,MD,Passenger Car,Moving Constant Speed,35,No,2024,JEEP,WAGONEER,39.06423468,-77.12610824,2025,2,11
250007512,Property Damage Crash,02/20/2025 09:28:00 AM,NA,NA,Rear To Rear,Cloudy,NA,Daylight,NA,NONE DETECTED,Yes,No Apparent Injury,NA,Unknown,MD,Pickup,Backing,0,No,2022,GMC,SILVERADO MEDIUM DUTY (GM515),39.03690788,-77.14693011,2025,2,9
250007508,Property Damage Crash,02/20/2025 09:10:00 AM,NA,NA,Other,Clear,NA,Daylight,NA,NONE DETECTED,Yes,No Apparent Injury,NA,Unknown,MD,Passenger Car,Accelerating,0,No,2012,NISSAN,SENTRA,39.04290596,-77.05279973,2025,2,9
250007505,Injury Crash,02/20/2025 08:34:00 AM,RAMP 6 FR RAMP 3 (FR IS495) TO MD 185 SB,NA,Front to Rear,Cloudy,Dry,Daylight,No Controls,NONE DETECTED,No,No Apparent Injury,NA,Not Distracted,MD,Passenger Car,Moving Constant Speed,55,No,2018,TOYOTA,SIENNA,39.00370299,-77.0777999,2025,2,8
250007505,Injury Crash,02/20/2025 08:34:00 AM,RAMP 6 FR RAMP 3 (FR IS495) TO MD 185 SB,NA,Front to Rear,Cloudy,Dry,Daylight,No Controls,NONE DETECTED,No,Possible Minor Injury,NA,Not Distracted,MD,Passenger Car,Slowing or Stopping,55,No,2011,TOYOTA,CAMRY,39.00370299,-77.0777999,2025,2,8
250007502,Injury Crash,02/20/2025 08:11:00 AM,FREDERICK RD,NA,Angle,Clear,Dry,Daylight,Stop Sign,NONE DETECTED,Yes,No Apparent Injury,Failed to Yield Right-of-Way,Unknown,MD,Passenger Car,Entering Traffic Lane,35,No,2016,BMW,X6,39.17552067,-77.23800391,2025,2,8
250007502,Injury Crash,02/20/2025 08:11:00 AM,FREDERICK RD,NA,Angle,Clear,Dry,Daylight,No Controls,NONE DETECTED,No,No Apparent Injury,NA,Not Distracted,MD,Sport Utility Vehicle,Moving Constant Speed,40,No,2003,FORD,EXPEDITION,39.17552067,-77.23800391,2025,2,8
250007499,Property Damage Crash,02/20/2025 07:58:00 AM,COLESVILLE RD,NA,Angle,Clear,Dry,Daylight,Traffic Control Signal,NONE DETECTED,Yes,No Apparent Injury,Failed to Yield Right-of-Way,Not Distracted,MD,Passenger Car,Turning Left,35,No,2021,FORD,EXPEDITION MAX,38.9976512,-77.02700681,2025,2,7
250007499,Property Damage Crash,02/20/2025 07:58:00 AM,COLESVILLE RD,NA,Angle,Clear,Dry,Daylight,Traffic Control Signal,NONE DETECTED,No,No Apparent Injury,NA,Not Distracted,MD,Passenger Car,Moving Constant Speed,35,No,2018,TOYOTA,C-HR,38.9976512,-77.02700681,2025,2,7
250007509,Property Damage Crash,02/20/2025 07:45:00 AM,MERWOOD DR (WB/L),NA,"Sideswipe, Same Direction",Clear,Dry,Daylight,Traffic Control Signal,NONE DETECTED,No,No Apparent Injury,NA,Not Distracted,MD,Passenger Car,Moving Constant Speed,35,No,2022,MERCEDES-BENZ,GLA-CLASS,38.98338185,-76.98848082,2025,2,7
250007509,Property Damage Crash,02/20/2025 07:45:00 AM,MERWOOD DR (WB/L),NA,"Sideswipe, Same Direction",Clear,Dry,Daylight,Traffic Control Signal,NONE DETECTED,No,NA,NA,NA,NA,Passenger Car,Moving Constant Speed,35,No,2015,CHEVROLET,SONIC,38.98338185,-76.98848082,2025,2,7
250007497,Injury Crash,02/20/2025 07:45:00 AM,PINEY BRANCH RD,NA,Angle,Cloudy,Dry,Daylight,No Controls,NONE DETECTED,Yes,No Apparent Injury,NA,Not Distracted,MD,Passenger Car,Turning Left,40,No,2022,TOYOTA,COROLLA,38.99968149,-76.99439147,2025,2,7
250007497,Injury Crash,02/20/2025 07:45:00 AM,PINEY BRANCH RD,NA,Angle,Cloudy,Dry,Daylight,No Controls,NONE DETECTED,No,Possible Minor Injury,NA,Not Distracted,MD,Sport Utility Vehicle,Moving Constant Speed,40,No,2019,HONDA,CR-V,38.99968149,-76.99439147,2025,2,7
250007464,Property Damage Crash,02/19/2025 08:12:00 PM,SPENCERVILLE RD (WB/L),NA,Angle,Clear,Dry,Medium,Traffic Control Signal,NONE DETECTED,No,No Apparent Injury,NA,Not Distracted,MD,Passenger Car,Moving Constant Speed,40,No,2010,MITSUBISHI,LANCER,39.12129092,-76.98907667,2025,2,20
250007464,Property Damage Crash,02/19/2025 08:12:00 PM,SPENCERVILLE RD (WB/L),NA,Angle,Clear,Dry,Medium,Traffic Control Signal,NONE DETECTED,Yes,No Apparent Injury,"Operated Motor Vehicle in Inattentive, Careless, Negligent, or Erratic Manner, Operated Motor Vehicle in Reckless or Aggressive Manner, Ran Red Light",Unknown,MD,Passenger Car,Moving Constant Speed,40,No,2019,CHRYSLER,300,39.12129092,-76.98907667,2025,2,20
250007461,Injury Crash,02/19/2025 08:00:00 PM,GEORGIA AVE (SB/L),NA,Angle,Clear,Dry,Medium,Traffic Control Signal,NONE DETECTED,No,Possible Minor Injury,NA,Not Distracted,MD,Passenger Car,Moving Constant Speed,45,No,2010,HONDA,CIVIC,39.12625767,-77.07243833,2025,2,20
250007461,Injury Crash,02/19/2025 08:00:00 PM,GEORGIA AVE (SB/L),NA,Angle,Clear,Dry,Medium,Traffic Control Signal,NONE DETECTED,Yes,No Apparent Injury,Ran Red Light,Not Distracted,MD,Passenger Car,Moving Constant Speed,30,No,2019,ACURA,TLX,39.12625767,-77.07243833,2025,2,20
250007460,Property Damage Crash,02/19/2025 07:30:00 PM,RITCHIE PKWY,Pedestrian,Single Vehicle,Clear,Dry,Medium,No Controls,NONE DETECTED,No,NA,Other Improper Action,Unknown,NA,NA,Moving Constant Speed,25,No,0,NA,NA,39.076716,-77.14029412,2025,2,19
250007455,Property Damage Crash,02/19/2025 07:29:00 PM,MIDDLEBROOK RD (WB/L),NA,Front to Rear,Clear,Dry,Medium,Traffic Control Signal,NONE DETECTED,No,No Apparent Injury,NA,Not Distracted,MD,Passenger Car,Stopped in Traffic,40,No,2022,TOYOTA,4-RUNNER,39.17496795,-77.25994175,2025,2,19
250007455,Property Damage Crash,02/19/2025 07:29:00 PM,MIDDLEBROOK RD (WB/L),NA,Front to Rear,Clear,Dry,Medium,Traffic Control Signal,NONE DETECTED,Yes,No Apparent Injury,Followed Too Closely,Not Distracted,MD,Passenger Car,Accelerating,40,No,2013,TOYOTA,CAMRY,39.17496795,-77.25994175,2025,2,19
250007456,Property Damage Crash,02/19/2025 07:15:00 PM,CABIN JOHN PKWY,NA,Front to Rear,Clear,Dry,Medium,No Controls,NONE DETECTED,No,No Apparent Injury,NA,Not Distracted,MD,Passenger Car,Slowing or Stopping,35,No,2018,CHEVROLET,SUBURBAN,38.98471196,-77.15761302,2025,2,19
250007456,Property Damage Crash,02/19/2025 07:15:00 PM,CABIN JOHN PKWY,NA,Front to Rear,Clear,Dry,Medium,No Controls,NONE DETECTED,No,No Apparent Injury,NA,Not Distracted,MD,Passenger Car,Moving Constant Speed,35,No,2014,HONDA,CIVIC,38.98471196,-77.15761302,2025,2,19
250007449,Property Damage Crash,02/19/2025 06:30:00 PM,GERMANTOWN RD (SB/L),NA,Front to Rear,Clear,Dry,Medium,Traffic Control Signal,NONE DETECTED,Yes,No Apparent Injury,NA,"Other Action (looking away from task, etc.)",MD,Passenger Car,Accelerating,40,No,2024,NISSAN,VERSA,39.16296529,-77.28302221,2025,2,18
250007449,Property Damage Crash,02/19/2025 06:30:00 PM,GERMANTOWN RD (SB/L),NA,Front to Rear,Clear,Dry,Medium,Traffic Control Signal,NONE DETECTED,No,No Apparent Injury,NA,Not Distracted,MD,Passenger Car,Stopped in Traffic,40,No,2017,FORD,TAURUS,39.16296529,-77.28302221,2025,2,18
250007446,Property Damage Crash,02/19/2025 06:17:00 PM,COLESVILLE RD,NA,"Sideswipe, Same Direction",Clear,Dry,Medium,Traffic Control Signal,NONE DETECTED,No,No Apparent Injury,NA,Not Distracted,MD,Passenger Car,Moving Constant Speed,35,No,2009,TOYOTA,CAMRY,39.02010172,-77.01280482,2025,2,18
250007446,Property Damage Crash,02/19/2025 06:17:00 PM,COLESVILLE RD,NA,"Sideswipe, Same Direction",Clear,Dry,Medium,Traffic Control Signal,NONE DETECTED,Yes,No Apparent Injury,Failed to Keep in Proper Lane,Not Distracted,MD,Bus - Transit,Changing Lanes,35,No,2020,NOVABUS,LFS ARTICULATED,39.02010172,-77.01280482,2025,2,18
250007438,Injury Crash,02/19/2025 05:53:00 PM,NA,NA,Front to Rear,Clear,Dry,Daylight,Yield Sign,NONE DETECTED,Yes,Possible Minor Injury,NA,Not Distracted,MD,Sport Utility Vehicle,Moving Constant Speed,35,No,2017,HONDA,CR-V,39.08123281,-77.14560295,2025,2,17
250007438,Injury Crash,02/19/2025 05:53:00 PM,NA,NA,Front to Rear,Clear,Dry,Daylight,Yield Sign,NONE DETECTED,No,No Apparent Injury,NA,Not Distracted,CA,Sport Utility Vehicle,Moving Constant Speed,35,No,2021,NISSAN,ROGUE SPORT,39.08123281,-77.14560295,2025,2,17
250007442,Property Damage Crash,02/19/2025 05:48:00 PM,SANDY POINT CT,NA,"Sideswipe, Same Direction",Clear,Dry,Medium,No Controls,NONE DETECTED,No,No Apparent Injury,NA,Unknown,MD,Passenger Car,Changing Lanes,25,No,2018,CHEVROLET,SILVERADO,39.0564278,-76.95320644,2025,2,17
250007442,Property Damage Crash,02/19/2025 05:48:00 PM,SANDY POINT CT,NA,"Sideswipe, Same Direction",Clear,Dry,Medium,No Controls,NONE DETECTED,No,No Apparent Injury,NA,Not Distracted,MD,Bus - Transit,Stopped in Traffic,25,No,2013,NEW FLYER,XCELSIOR,39.0564278,-76.95320644,2025,2,17
250007435,Injury Crash,02/19/2025 05:15:00 PM,EISENHOWER MEMORIAL HWY,NA,Front to Rear,Clear,Dry,Daylight,No Controls,NONE DETECTED,Yes,No Apparent Injury,Followed Too Closely,Unknown,MD,Passenger Car,Slowing or Stopping,55,No,2016,FORD,FUSION,39.11856567,-77.19589833,2025,2,17
250007435,Injury Crash,02/19/2025 05:15:00 PM,EISENHOWER MEMORIAL HWY,NA,Front to Rear,Clear,Dry,Daylight,No Controls,NONE DETECTED,No,Possible Minor Injury,NA,Not Distracted,MD,Sport Utility Vehicle,Slowing or Stopping,55,No,2020,CHEVROLET,TAHOE,39.11856567,-77.19589833,2025,2,17
250007900,Property Damage Crash,02/19/2025 04:30:00 PM,SILVER SPRING AVE,NA,"Sideswipe, Opposite Direction",Clear,Dry,Daylight,No Controls,NONE DETECTED,No,NA,NA,NA,NA,NA,Moving Constant Speed,35,No,0,NA,NA,38.99206279,-77.01402932,2025,2,16
250007425,Property Damage Crash,02/19/2025 04:11:00 PM,SILVER SPRING AVE,NA,"Sideswipe, Same Direction",Clear,Dry,Daylight,No Controls,NONE DETECTED,Yes,No Apparent Injury,NA,Not Distracted,MD,Bus - School,Moving Constant Speed,35,No,2021,FREIGHTLINER,B2 BUS CHASSIS,38.99291683,-77.01267258,2025,2,16
250007228,Property Damage Crash,02/19/2025 04:00:00 PM,NA,NA,Angle,Clear,NA,Daylight,NA,NONE DETECTED,No,No Apparent Injury,NA,Not Distracted,MD,Sport Utility Vehicle,NA,0,No,2018,AUDI,Q7,39.11827284,-77.20220957,2025,2,16
250007228,Property Damage Crash,02/19/2025 04:00:00 PM,NA,NA,Angle,Clear,NA,Daylight,NA,NONE DETECTED,Yes,No Apparent Injury,"Failed to Keep in Proper Lane, Operated Motor Vehicle in Inattentive, Careless, Negligent, or Erratic Manner, Operated Motor Vehicle in Reckless or Aggressive Manner, Ran Off Roadway, Too Fast For Conditions, Wrong Side, Wrong Way",Unknown,MD,Passenger Car,Negotiating a Curve,0,No,2014,NISSAN,ALTIMA,39.11827284,-77.20220957,2025,2,16
250007228,Property Damage Crash,02/19/2025 04:00:00 PM,NA,NA,Angle,Clear,NA,Daylight,NA,NONE DETECTED,No,No Apparent Injury,NA,Not Distracted,MD,Passenger Car,Parked,0,No,2008,TOYOTA,AVALON,39.11827284,-77.20220957,2025,2,16
250007228,Property Damage Crash,02/19/2025 04:00:00 PM,NA,NA,Angle,Clear,NA,Daylight,NA,NONE DETECTED,No,No Apparent Injury,NA,Not Distracted,MD,Sport Utility Vehicle,Parked,0,No,2016,BMW,X5,39.11827284,-77.20220957,2025,2,16
250007420,Property Damage Crash,02/19/2025 03:50:00 PM,GEORGIA AVE,NA,"Sideswipe, Same Direction",Clear,Dry,Daylight,"Other Pavement Marking (excluding edgelines, centerlines, or lane lines)",NONE DETECTED,No,NA,NA,NA,NA,NA,Moving Constant Speed,30,No,0,NA,NA,39.0129875,-77.04180303,2025,2,15
250007420,Property Damage Crash,02/19/2025 03:50:00 PM,GEORGIA AVE,NA,"Sideswipe, Same Direction",Clear,Dry,Daylight,"Other Pavement Marking (excluding edgelines, centerlines, or lane lines)",NONE DETECTED,No,No Apparent Injury,NA,Not Distracted,MD,Bus - Transit,Slowing or Stopping,30,No,2010,NEW FLYER,LOW FLOOR - ADVANCED STYLE,39.0129875,-77.04180303,2025,2,15
250007404,Property Damage Crash,02/19/2025 03:19:00 PM,STRATHMORE AVE,NA,Front to Rear,Cloudy,Dry,Daylight,No Controls,NONE DETECTED,No,No Apparent Injury,NA,"Other Action (looking away from task, etc.)",MD,Sport Utility Vehicle,Moving Constant Speed,35,No,2014,VOLVO,XC90,39.03465737,-77.10400661,2025,2,15
250007404,Property Damage Crash,02/19/2025 03:19:00 PM,STRATHMORE AVE,NA,Front to Rear,Cloudy,Dry,Daylight,No Controls,NONE DETECTED,No,No Apparent Injury,NA,Not Distracted,MD,Sport Utility Vehicle,Stopped in Traffic,35,No,2023,CHEVROLET,BOLT EUV,39.03465737,-77.10400661,2025,2,15
250007395,Injury Crash,02/19/2025 02:55:00 PM,UNIVERSITY BLVD,NA,Front to Rear,Cloudy,Dry,Daylight,No Controls,NONE DETECTED,No,Possible Minor Injury,NA,Not Distracted,MD,Passenger Car,Changing Lanes,35,No,2022,TOYOTA,COROLLA,38.98785133,-76.98619283,2025,2,14
250007395,Injury Crash,02/19/2025 02:55:00 PM,UNIVERSITY BLVD,NA,Front to Rear,Cloudy,Dry,Daylight,No Controls,NONE DETECTED,Yes,No Apparent Injury,NA,Not Distracted,MD,Station Wagon,Moving Constant Speed,35,No,2002,FORD,E-350,38.98785133,-76.98619283,2025,2,14
250007423,Fatal Crash,02/19/2025 02:38:00 PM,OLNEY SANDY SPRING RD (WB/L),NA,Angle,Clear,Dry,Daylight,Stop Sign,NONE DETECTED,No,Fatal Injury,NA,Talking/listening,MD,Passenger Car,Turning Left,0,No,2013,LEXUS,RX,39.14875739,-77.05495969,2025,2,14
250007423,Fatal Crash,02/19/2025 02:38:00 PM,OLNEY SANDY SPRING RD (WB/L),NA,Angle,Clear,Dry,Daylight,No Controls,NONE DETECTED,Yes,Possible Minor Injury,NA,Not Distracted,MD,Passenger Car,Moving Constant Speed,40,No,2019,JEEP,WRANGLER,39.14875739,-77.05495969,2025,2,14
250007390,Property Damage Crash,02/19/2025 02:25:00 PM,NA,NA,Other,Clear,NA,Daylight,NA,NONE DETECTED,No,NA,NA,NA,NA,Passenger Car,Backing,0,No,2012,TOYOTA,CAMRY,38.96404083,-77.09042499,2025,2,14
250007381,Property Damage Crash,02/19/2025 01:40:00 PM,OLNEY SANDY SPRING RD (WB/L),NA,Angle,Clear,Dry,Daylight,Traffic Control Signal,NONE DETECTED,Yes,No Apparent Injury,Failed to Yield Right-of-Way,Not Distracted,MD,Sport Utility Vehicle,Turning Left,30,No,2015,HONDA,ODYSSEY,39.15086985,-77.06208259,2025,2,13
250007381,Property Damage Crash,02/19/2025 01:40:00 PM,OLNEY SANDY SPRING RD (WB/L),NA,Angle,Clear,Dry,Daylight,Traffic Control Signal,NONE DETECTED,No,No Apparent Injury,NA,Not Distracted,MD,Passenger Car,Moving Constant Speed,30,No,2012,CHRYSLER,300,39.15086985,-77.06208259,2025,2,13
250007375,Injury Crash,02/19/2025 01:09:00 PM,MONTROSE RD,NA,Single Vehicle,Clear,Dry,Daylight,No Controls,ALCOHOL PRESENT,Yes,Possible Minor Injury,"Failed to Keep in Proper Lane, Operated Motor Vehicle in Inattentive, Careless, Negligent, or Erratic Manner, Operated Motor Vehicle in Reckless or Aggressive Manner, Wrong Side",Unknown,MD,Pickup,Moving Constant Speed,40,No,2022,TOYOTA,TACOMA,39.0564436,-77.16772082,2025,2,13
250007405,Property Damage Crash,02/19/2025 12:30:00 PM,NA,NA,Front to Rear,Clear,Dry,Daylight,Yield Sign,NONE DETECTED,No,No Apparent Injury,Followed Too Closely,Unknown,NA,Passenger Car,Negotiating a Curve,15,No,2014,MAZDA,MAZDA5,39.05769544,-77.15798052,2025,2,12
250007405,Property Damage Crash,02/19/2025 12:30:00 PM,NA,NA,Front to Rear,Clear,Dry,Daylight,Yield Sign,NONE DETECTED,No,No Apparent Injury,NA,Not Distracted,MD,Passenger Car,Turning Left,15,No,2018,FORD,TRANSIT,39.05769544,-77.15798052,2025,2,12
250007347,Property Damage Crash,02/19/2025 11:40:00 AM,EMORY CHURCH RD,NA,Angle,Cloudy,Dry,Daylight,Traffic Control Signal,NONE DETECTED,Yes,No Apparent Injury,NA,Not Distracted,MD,Passenger Car,Turning Left,40,No,2010,TOYOTA,PRIUS,39.13054105,-77.07107419,2025,2,11
250007347,Property Damage Crash,02/19/2025 11:40:00 AM,EMORY CHURCH RD,NA,Angle,Cloudy,Dry,Daylight,Traffic Control Signal,NONE DETECTED,No,No Apparent Injury,NA,Not Distracted,MD,Passenger Car,Moving Constant Speed,40,No,2014,TESLA,MODEL S,39.13054105,-77.07107419,2025,2,11
250007338,Injury Crash,02/19/2025 11:12:00 AM,GEORGIA AVE (SB/L),NA,Front to Rear,Cloudy,Dry,Daylight,No Controls,NONE DETECTED,Yes,No Apparent Injury,NA,"Other Action (looking away from task, etc.)",MD,Sport Utility Vehicle,Moving Constant Speed,45,No,2013,TOYOTA,RAV4,39.10835643,-77.07623524,2025,2,11
250007338,Injury Crash,02/19/2025 11:12:00 AM,GEORGIA AVE (SB/L),NA,Front to Rear,Cloudy,Dry,Daylight,No Controls,NONE DETECTED,No,No Apparent Injury,NA,Not Distracted,MD,Passenger Car,Slowing or Stopping,45,No,2014,FORD,ESCAPE,39.10835643,-77.07623524,2025,2,11
250007338,Injury Crash,02/19/2025 11:12:00 AM,GEORGIA AVE (SB/L),NA,Front to Rear,Cloudy,Dry,Daylight,No Controls,NONE DETECTED,No,Possible Minor Injury,NA,Not Distracted,MD,Sport Utility Vehicle,Slowing or Stopping,45,No,2020,BUICK,ENCORE GX,39.10835643,-77.07623524,2025,2,11
250007325,Injury Crash,02/19/2025 09:54:00 AM,NA,NA,Front to Rear,Clear,Dry,Daylight,No Controls,NONE DETECTED,No,Possible Minor Injury,NA,Not Distracted,MD,Passenger Car,Parked,35,No,2022,TOYOTA,RAV4,39.01518883,-77.1604015,2025,2,9
250007325,Injury Crash,02/19/2025 09:54:00 AM,NA,NA,Front to Rear,Clear,Dry,Daylight,No Controls,NONE DETECTED,Yes,Possible Minor Injury,NA,Not Distracted,MD,Passenger Car,Moving Constant Speed,35,No,2024,MINI,COUNTRYMAN,39.01518883,-77.1604015,2025,2,9
250007318,Property Damage Crash,02/19/2025 08:54:00 AM,NA,NA,"Sideswipe, Opposite Direction",Clear,Dry,Daylight,No Controls,NONE DETECTED,No,No Apparent Injury,NA,Not Distracted,MD,Passenger Car,Negotiating a Curve,25,No,2016,MAZDA,CX-5,39.01540467,-77.05560767,2025,2,8
250007318,Property Damage Crash,02/19/2025 08:54:00 AM,NA,NA,"Sideswipe, Opposite Direction",Clear,Dry,Daylight,No Controls,NONE DETECTED,No,NA,NA,Unknown,NA,Truck Tractor,Negotiating a Curve,25,No,0,NA,NA,39.01540467,-77.05560767,2025,2,8
250007315,Injury Crash,02/19/2025 08:46:00 AM,NA,NA,Angle,Clear,Dry,Daylight,No Controls,NONE DETECTED,No,No Apparent Injury,NA,Not Distracted,MD,Passenger Car,Moving Constant Speed,35,No,2011,MAZDA,MAZDA3,39.06839732,-77.12946122,2025,2,8
250007315,Injury Crash,02/19/2025 08:46:00 AM,NA,NA,Angle,Clear,Dry,Daylight,No Controls,NONE DETECTED,Yes,Possible Minor Injury,NA,Not Distracted,MD,Passenger Car,Turning Left,35,No,2023,TESLA,MODEL 3,39.06839732,-77.12946122,2025,2,8
250007311,Injury Crash,02/19/2025 08:17:00 AM,ROCKVILLE PIKE (SB/L),NA,Angle,Cloudy,Dry,Daylight,Traffic Control Signal,NONE DETECTED,No,Possible Minor Injury,NA,Not Distracted,MD,Bus - Transit,Slowing or Stopping,40,No,2019,GILLIG,LOW FLOOR BUS,39.04714375,-77.11298767,2025,2,8
250007311,Injury Crash,02/19/2025 08:17:00 AM,ROCKVILLE PIKE (SB/L),NA,Angle,Cloudy,Dry,Daylight,Traffic Control Signal,NONE DETECTED,Yes,No Apparent Injury,NA,Not Distracted,VA,Passenger Car,Moving Constant Speed,40,No,2016,CHEVROLET,COLORADO,39.04714375,-77.11298767,2025,2,8
250007306,Property Damage Crash,02/19/2025 07:28:00 AM,NA,NA,"Sideswipe, Same Direction",Clear,Dry,Daylight,No Controls,NONE DETECTED,Yes,No Apparent Injury,NA,Not Distracted,MD,Bus - School,Turning Left,5,No,2024,FREIGHTLINER,B2 BUS CHASSIS,39.09357103,-77.07309117,2025,2,7
250007297,Property Damage Crash,02/19/2025 04:56:00 AM,SNOWDEN FARM PKWY,NA,"Sideswipe, Same Direction",Clear,Dry,Medium,No Controls,NONE DETECTED,No,No Apparent Injury,NA,NA,NA,Sport Utility Vehicle,Moving Constant Speed,25,No,2024,ACURA,RDX,39.22778924,-77.24974456,2025,2,4
250007287,Injury Crash,02/19/2025 01:54:00 AM,CRYSTAL ROCK DR,NA,Other,Clear,Dry,Medium,Traffic Control Signal,ALCOHOL PRESENT,Yes,No Apparent Injury,"Failed to Yield Right-of-Way, Operated Motor Vehicle in Inattentive, Careless, Negligent, or Erratic Manner, Operated Motor Vehicle in Reckless or Aggressive Manner, Ran Red Light",Not Distracted,MD,Passenger Car,Moving Constant Speed,35,No,2012,FORD,FOCUS,39.19357085,-77.27012392,2025,2,1