Local Case Number,ACRS Report Type,Crash Date/Time,Road Name,Related Non-Motorist,Collision Type,Weather,Surface Condition,Light,Traffic Control,Driver Substance Abuse,Driver At Fault,Injury Severity,Circumstance,Driver Distracted By,Drivers License State,Vehicle Body Type,Vehicle Movement,Speed Limit,Driverless Vehicle,Vehicle Year,Vehicle Make,Vehicle Model,Latitude,Longitude,Year,Month,Hour
250007287,Injury Crash,02/19/2025 01:54:00 AM,CRYSTAL ROCK DR,NA,Other,Clear,Dry,Medium,Traffic Control Signal,NONE DETECTED,No,Possible Minor Injury,NA,Not Distracted,MD,Passenger Car,Moving Constant Speed,45,No,2023,KIA,K5,39.19357085,-77.27012392,2025,2,1
250007272,Property Damage Crash,02/18/2025 09:01:00 PM,CARROLL AVE,NA,"Sideswipe, Opposite Direction",Clear,Dry,Medium,No Controls,NONE DETECTED,No,NA,NA,NA,NA,Passenger Car,Turning Right,35,No,2010,JEEP,PATRIOT,38.99260865,-76.99293902,2025,2,21
250007272,Property Damage Crash,02/18/2025 09:01:00 PM,CARROLL AVE,NA,"Sideswipe, Opposite Direction",Clear,Dry,Medium,No Controls,NONE DETECTED,No,No Apparent Injury,NA,Not Distracted,MD,Passenger Car,Moving Constant Speed,35,No,2016,TOYOTA,HIGHLANDER,38.99260865,-76.99293902,2025,2,21
250007266,Property Damage Crash,02/18/2025 07:40:00 PM,NA,NA,Single Vehicle,Clear,NA,Medium,NA,NONE DETECTED,No,No Apparent Injury,NA,Not Distracted,MD,Other Trucks,Negotiating a Curve,0,No,2008,SPARTAN MOTORS CHASS,GLADIATOR,38.99941141,-77.06596465,2025,2,19
250007248,Injury Crash,02/18/2025 06:28:00 PM,NORTHWEST DR,Pedestrian,Single Vehicle,Clear,Dry,Daylight,No Controls,NONE DETECTED,Yes,No Apparent Injury,NA,Not Distracted,MD,Passenger Car,Moving Constant Speed,35,No,2022,TOYOTA,RAV4,39.03660588,-76.99617776,2025,2,18
250007249,Property Damage Crash,02/18/2025 06:23:00 PM,MILTON ST,NA,"Sideswipe, Same Direction",Clear,Dry,Dark,No Controls,ALCOHOL PRESENT,Yes,No Apparent Injury,Other Improper Action,Unknown,MD,Passenger Car,Accelerating,25,No,2010,TOYOTA,CAMRY,39.05304145,-77.06632861,2025,2,18
250007240,Injury Crash,02/18/2025 05:51:00 PM,ROCKVILLE PIKE,NA,Front to Rear,Clear,Dry,Daylight,No Controls,NONE DETECTED,No,Possible Minor Injury,NA,Unknown,MD,Sport Utility Vehicle,Slowing or Stopping,35,No,2022,JEEP,WRANGLER,39.07441966,-77.13593278,2025,2,17
250007240,Injury Crash,02/18/2025 05:51:00 PM,ROCKVILLE PIKE,NA,Front to Rear,Clear,Dry,Daylight,No Controls,NONE DETECTED,No,Possible Minor Injury,NA,Unknown,MD,Sport Utility Vehicle,Slowing or Stopping,35,No,2024,TOYOTA,SIENNA,39.07441966,-77.13593278,2025,2,17
250007242,Injury Crash,02/18/2025 05:30:00 PM,NA,Pedestrian,Single Vehicle,Clear,NA,Medium,NA,NONE DETECTED,No,No Apparent Injury,NA,Unknown,MD,Passenger Car,Turning Left,0,No,2019,CHEVROLET,EXPRESS,39.15260259,-77.19692731,2025,2,17
250007237,Property Damage Crash,02/18/2025 05:30:00 PM,CHRISTOPHER AVE,NA,"Sideswipe, Same Direction",Clear,Dry,Medium,No Controls,NONE DETECTED,Yes,No Apparent Injury,Other Improper Action,Not Distracted,MD,Passenger Car,Slowing or Stopping,35,No,2003,TOYOTA,CAMRY,39.15901324,-77.20546631,2025,2,17
250007237,Property Damage Crash,02/18/2025 05:30:00 PM,CHRISTOPHER AVE,NA,"Sideswipe, Same Direction",Clear,Dry,Medium,No Controls,NONE DETECTED,No,No Apparent Injury,NA,Not Distracted,MD,Bus - School,Stopped in Traffic,35,No,2023,FREIGHTLINER,B2 106 ELECTRIC CONVENTIONAL CHASSIS,39.15901324,-77.20546631,2025,2,17
250007233,Injury Crash,02/18/2025 05:08:00 PM,NA,NA,Angle,Clear,Dry,Daylight,No Controls,NONE DETECTED,No,Possible Minor Injury,NA,Not Distracted,MD,Passenger Car,Entering Traffic Lane,25,No,2019,AUDI,Q5,39.17642073,-77.26495817,2025,2,17
250007233,Injury Crash,02/18/2025 05:08:00 PM,NA,NA,Angle,Clear,Dry,Daylight,No Controls,NONE DETECTED,No,NA,NA,NA,NA,NA,NA,25,No,0,NA,NA,39.17642073,-77.26495817,2025,2,17
250007477,Property Damage Crash,02/18/2025 04:00:00 PM,CHILDS ST,NA,Front to Rear,Clear,Dry,Daylight,No Controls,NONE DETECTED,No,NA,NA,NA,NA,Van - Passenger (&lt;9 Seats),Slowing or Stopping,35,No,2016,FORD,TRANSIT,39.03339894,-77.0066126,2025,2,16
250007477,Property Damage Crash,02/18/2025 04:00:00 PM,CHILDS ST,NA,Front to Rear,Clear,Dry,Daylight,No Controls,NONE DETECTED,No,NA,NA,NA,NA,Other Trucks,Parked,0,No,2024,TOYOTA,TUNDRA,39.03339894,-77.0066126,2025,2,16
250007219,Injury Crash,02/18/2025 03:53:00 PM,BURTONSVILLE SCH ACCESS RD,NA,Front to Rear,Clear,Dry,Daylight,Traffic Control Signal,NONE DETECTED,No,NA,NA,NA,NA,Pickup,NA,40,No,0,NA,NA,39.10821911,-76.9369824,2025,2,15
250007219,Injury Crash,02/18/2025 03:53:00 PM,BURTONSVILLE SCH ACCESS RD,NA,Front to Rear,Clear,Dry,Daylight,Traffic Control Signal,NONE DETECTED,No,Possible Minor Injury,NA,Not Distracted,DC,Passenger Car,Parked,40,No,2014,GMC,TERRAIN,39.10821911,-76.9369824,2025,2,15
250007219,Injury Crash,02/18/2025 03:53:00 PM,BURTONSVILLE SCH ACCESS RD,NA,Front to Rear,Clear,Dry,Daylight,Traffic Control Signal,NONE DETECTED,No,Possible Minor Injury,NA,Not Distracted,MD,Passenger Car,Parked,40,No,2014,HONDA,CIVIC,39.10821911,-76.9369824,2025,2,15
250007212,Property Damage Crash,02/18/2025 03:30:00 PM,COLESVILLE RD,NA,"Sideswipe, Same Direction",Clear,Dry,Daylight,No Controls,NONE DETECTED,No,No Apparent Injury,NA,Not Distracted,DC,Bus - Transit,Slowing or Stopping,30,No,2009,GILLIG,LOW FLOOR BUS,38.9972685,-77.02721283,2025,2,15
250007212,Property Damage Crash,02/18/2025 03:30:00 PM,COLESVILLE RD,NA,"Sideswipe, Same Direction",Clear,Dry,Daylight,No Controls,NONE DETECTED,Yes,No Apparent Injury,Other Improper Action,Not Distracted,MD,Sport Utility Vehicle,Changing Lanes,30,No,2020,HYUNDAI,SANTA FE,38.9972685,-77.02721283,2025,2,15
250007208,Property Damage Crash,02/18/2025 03:29:00 PM,SHADY GROVE RD (SB/L),NA,Angle,Clear,Dry,Daylight,Traffic Control Signal,NONE DETECTED,No,No Apparent Injury,NA,Unknown,MD,Sport Utility Vehicle,Moving Constant Speed,40,No,2023,MAZDA,CX-5,39.09315173,-77.19664768,2025,2,15
250007208,Property Damage Crash,02/18/2025 03:29:00 PM,SHADY GROVE RD (SB/L),NA,Angle,Clear,Dry,Daylight,Traffic Control Signal,NONE DETECTED,No,No Apparent Injury,NA,Unknown,MD,Sport Utility Vehicle,Turning Left,40,No,2016,GMC,ACADIA,39.09315173,-77.19664768,2025,2,15
250007210,Property Damage Crash,02/18/2025 03:20:00 PM,COLESVILLE RD,NA,Angle,Clear,Dry,Daylight,Traffic Control Signal,NONE DETECTED,Yes,No Apparent Injury,"Operated Motor Vehicle in Inattentive, Careless, Negligent, or Erratic Manner",Not Distracted,MD,Sport Utility Vehicle,Moving Constant Speed,35,No,2021,TOYOTA,RAV4,38.99762778,-77.02700099,2025,2,15
250007210,Property Damage Crash,02/18/2025 03:20:00 PM,COLESVILLE RD,NA,Angle,Clear,Dry,Daylight,Traffic Control Signal,NONE DETECTED,No,No Apparent Injury,NA,Not Distracted,MD,Sport Utility Vehicle,Moving Constant Speed,35,No,2012,CHEVROLET,TRAVERSE,38.99762778,-77.02700099,2025,2,15
250006897,Property Damage Crash,02/18/2025 01:47:00 PM,NA,NA,Other,Clear,NA,Daylight,NA,NONE DETECTED,No,NA,NA,NA,NA,NA,NA,0,No,0,NA,NA,38.99674542,-77.023710500000007,2025,2,13
250007162,Property Damage Crash,02/18/2025 11:45:00 AM,NA,NA,"Sideswipe, Same Direction",Clear,Dry,Daylight,No Controls,NONE DETECTED,No,No Apparent Injury,NA,Not Distracted,MD,Passenger Car,Parked,30,No,2020,MITSUBISHI,MIRAGE,39.10461035,-77.20379093,2025,2,11
250007162,Property Damage Crash,02/18/2025 11:45:00 AM,NA,NA,"Sideswipe, Same Direction",Clear,Dry,Daylight,No Controls,NONE DETECTED,Yes,No Apparent Injury,Improper Passing,Unknown,MD,Passenger Car,Turning Left,30,No,2015,FORD,FUSION,39.10461035,-77.20379093,2025,2,11
25000251,Property Damage Crash,02/18/2025 11:00:00 AM,BELVEDERE PL,NA,"Sideswipe, Opposite Direction",Clear,Dry,Daylight,No Controls,NONE DETECTED,No,No Apparent Injury,NA,Not Distracted,MD,Other Trucks,Entering Traffic Lane,25,No,2018,CHEVROLET,4500HD,39.01441338,-77.0476179,2025,2,11
250007138,Property Damage Crash,02/18/2025 09:45:00 AM,NEW HAMPSHIRE AVE (SB/L),NA,Angle,Clear,Dry,Daylight,No Controls,NONE DETECTED,No,No Apparent Injury,NA,Not Distracted,MD,Bus - Transit,Moving Constant Speed,40,No,2014,NABI,BRT,39.01373301,-76.9790062,2025,2,9
250007138,Property Damage Crash,02/18/2025 09:45:00 AM,NEW HAMPSHIRE AVE (SB/L),NA,Angle,Clear,Dry,Daylight,No Controls,NONE DETECTED,No,No Apparent Injury,NA,Not Distracted,MD,Passenger Car,Moving Constant Speed,40,No,2019,NISSAN,PATHFINDER,39.01373301,-76.9790062,2025,2,9
250007133,Injury Crash,02/18/2025 09:35:00 AM,RAMP 6 FR MD 28 EB TO IS 270 SB,NA,Single Vehicle,Clear,Dry,Daylight,No Controls,NONE DETECTED,No,No Apparent Injury,NA,Not Distracted,MD,Sport Utility Vehicle,Moving Constant Speed,25,No,2024,CHEVROLET,TRAVERSE,39.08606384,-77.175407,2025,2,9
250007145,Property Damage Crash,02/18/2025 09:00:00 AM,PINEY BRANCH RD (SB/L),NA,"Sideswipe, Same Direction",Clear,Dry,Daylight,Traffic Control Signal,NONE DETECTED,No,No Apparent Injury,NA,NA,NA,Bus - Transit,Entering Traffic Lane,30,No,2012,GILLIG,LOW FLOOR BUS,38.99921151,-76.99705636,2025,2,9
250007145,Property Damage Crash,02/18/2025 09:00:00 AM,PINEY BRANCH RD (SB/L),NA,"Sideswipe, Same Direction",Clear,Dry,Daylight,Traffic Control Signal,NONE DETECTED,No,No Apparent Injury,NA,Not Distracted,MD,Passenger Car,Moving Constant Speed,30,No,2001,HONDA,ACCORD,38.99921151,-76.99705636,2025,2,9
250007126,Property Damage Crash,02/18/2025 08:40:00 AM,MT VERNON PL,NA,"Sideswipe, Same Direction",Clear,Dry,Daylight,No Controls,NONE DETECTED,No,No Apparent Injury,NA,Not Distracted,DC,Single-Unit Truck,Moving Constant Speed,25,No,2024,BTL,UNKNOWN,39.07633507,-77.14633272,2025,2,8
250017663,Property Damage Crash,02/18/2025 08:20:00 AM,NA,NA,Front to Rear,Clear,Dry,Daylight,Traffic Control Signal,NONE DETECTED,No,NA,NA,NA,NA,Pickup,Backing,35,No,2022,CHEVROLET,SILVERADO LTD,38.99995342,-76.99051002,2025,2,8
250017663,Property Damage Crash,02/18/2025 08:20:00 AM,NA,NA,Front to Rear,Clear,Dry,Daylight,Traffic Control Signal,NONE DETECTED,No,No Apparent Injury,NA,Not Distracted,MD,Sport Utility Vehicle,Stopped in Traffic,35,No,2025,HONDA,CR-V,38.99995342,-76.99051002,2025,2,8
250007122,Property Damage Crash,02/18/2025 07:45:00 AM,MALLORY PL,NA,"Sideswipe, Same Direction",Clear,Dry,Daylight,No Controls,NONE DETECTED,No,No Apparent Injury,NA,Not Distracted,MD,Bus - School,Moving Constant Speed,25,No,2015,THOMAS BUILT,SCHOOL BUS,39.16341333,-77.17057833,2025,2,7
250007121,Property Damage Crash,02/18/2025 07:42:00 AM,SILVER SPRING AVE,NA,"Sideswipe, Same Direction",Clear,Dry,Daylight,No Controls,NONE DETECTED,Yes,No Apparent Injury,NA,Unknown,MD,Passenger Car,Entering Traffic Lane,25,No,2006,MERCURY,MILAN,38.99194,-77.01551333,2025,2,7
250007121,Property Damage Crash,02/18/2025 07:42:00 AM,SILVER SPRING AVE,NA,"Sideswipe, Same Direction",Clear,Dry,Daylight,No Controls,NONE DETECTED,No,No Apparent Injury,NA,Not Distracted,MD,Bus - School,Moving Constant Speed,25,No,2024,FREIGHTLINER,B2 106 ELECTRIC CONVENTIONAL CHASSIS,38.99194,-77.01551333,2025,2,7
250007115,Property Damage Crash,02/18/2025 06:42:00 AM,DEMOCRACY BLVD (EB/L),NA,Front to Front,Clear,Dry,Daylight,Stop Sign,NONE DETECTED,Yes,No Apparent Injury,Failed to Yield Right-of-Way,Not Distracted,MD,Passenger Car,Turning Left,45,No,2011,LEXUS,RX,39.02301872,-77.16436187,2025,2,6
250007115,Property Damage Crash,02/18/2025 06:42:00 AM,DEMOCRACY BLVD (EB/L),NA,Front to Front,Clear,Dry,Daylight,Stop Sign,NONE DETECTED,No,No Apparent Injury,NA,Not Distracted,MD,Passenger Car,Moving Constant Speed,45,No,2025,JEEP,GRAND CHEROKEE,39.02301872,-77.16436187,2025,2,6
250007114,Injury Crash,02/18/2025 06:19:00 AM,LANGLEY DR,NA,Angle,Clear,Dry,Medium,No Controls,NONE DETECTED,Yes,Possible Minor Injury,NA,Not Distracted,MD,Passenger Car,Making U-Turn,35,No,2017,TOYOTA,RAV4,39.00161617,-76.99558833,2025,2,6
250007114,Injury Crash,02/18/2025 06:19:00 AM,LANGLEY DR,NA,Angle,Clear,Dry,Medium,No Controls,NONE DETECTED,No,No Apparent Injury,NA,Not Distracted,MD,Passenger Car,Moving Constant Speed,35,No,2012,TOYOTA,CAMRY,39.00161617,-76.99558833,2025,2,6
250007112,Injury Crash,02/18/2025 05:48:00 AM,TUCKERMAN LA,NA,Single Vehicle,Clear,Dry,Medium,No Controls,NONE DETECTED,No,Possible Minor Injury,NA,Unknown,MD,Passenger Car,Moving Constant Speed,35,No,2020,HONDA,ACCORD,39.03694183,-77.13798233,2025,2,5
250007178,Injury Crash,02/18/2025 03:00:00 AM,POWDER MILL RD,NA,Front to Rear,Clear,Dry,Medium,Traffic Control Signal,NONE DETECTED,No,Possible Minor Injury,NA,Not Distracted,MD,Passenger Car,Slowing or Stopping,35,No,2019,NISSAN,VERSA,39.02222204,-76.97742262,2025,2,3
250007178,Injury Crash,02/18/2025 03:00:00 AM,POWDER MILL RD,NA,Front to Rear,Clear,Dry,Medium,Traffic Control Signal,NONE DETECTED,Yes,No Apparent Injury,Followed Too Closely,Not Distracted,MD,Passenger Car,Moving Constant Speed,35,No,2023,CADILLAC,ESCALADE,39.02222204,-76.97742262,2025,2,3
250007109,Property Damage Crash,02/18/2025 02:47:00 AM,SOUTHVIEW AVE,NA,Single Vehicle,Clear,Dry,Medium,No Controls,NONE DETECTED,No,No Apparent Injury,NA,Not Distracted,NA,Passenger Car,Moving Constant Speed,25,No,2024,HONDA,ACCORD,39.10239833,-77.00157667,2025,2,2
250007101,Property Damage Crash,02/17/2025 11:38:00 PM,VEIRS MILL RD,NA,"Sideswipe, Opposite Direction",Clear,Dry,Medium,Traffic Control Signal,NONE DETECTED,Yes,No Apparent Injury,NA,Not Distracted,MD,Passenger Car,Accelerating,30,No,2019,JEEP,COMPASS,39.04002667,-77.05561025,2025,2,23
250007101,Property Damage Crash,02/17/2025 11:38:00 PM,VEIRS MILL RD,NA,"Sideswipe, Opposite Direction",Clear,Dry,Medium,Traffic Control Signal,NONE DETECTED,No,No Apparent Injury,NA,Not Distracted,MD,Sport Utility Vehicle,Accelerating,25,No,2015,CHEVROLET,TAHOE,39.04002667,-77.05561025,2025,2,23
250007101,Property Damage Crash,02/17/2025 11:38:00 PM,VEIRS MILL RD,NA,"Sideswipe, Opposite Direction",Clear,Dry,Medium,Traffic Control Signal,NONE DETECTED,No,No Apparent Injury,NA,Not Distracted,MD,Passenger Car,Accelerating,25,No,2014,HONDA,ACCORD,39.04002667,-77.05561025,2025,2,23
250007093,Injury Crash,02/17/2025 10:03:00 PM,LOCKWOOD DR,NA,Front to Rear,Clear,Dry,Medium,Traffic Control Signal,NONE DETECTED,No,Possible Minor Injury,NA,Unknown,MD,Passenger Car,Changing Lanes,40,No,2018,TOYOTA,COROLLA,39.03375089,-77.00231011,2025,2,22
250007093,Injury Crash,02/17/2025 10:03:00 PM,LOCKWOOD DR,NA,Front to Rear,Clear,Dry,Medium,Traffic Control Signal,NONE DETECTED,No,No Apparent Injury,NA,Unknown,MD,Passenger Car,Moving Constant Speed,40,No,2016,TOYOTA,CAMRY,39.03375089,-77.00231011,2025,2,22
250007093,Injury Crash,02/17/2025 10:03:00 PM,LOCKWOOD DR,NA,Front to Rear,Clear,Dry,Medium,Traffic Control Signal,NONE DETECTED,No,No Apparent Injury,NA,Not Distracted,MD,Passenger Car,Stopped in Traffic,40,No,2016,NISSAN,SENTRA,39.03375089,-77.00231011,2025,2,22
250007090,Property Damage Crash,02/17/2025 09:02:00 PM,W MONTGOMERY AVE,NA,Front to Rear,Clear,Dry,Medium,Traffic Control Signal,NONE DETECTED,Yes,No Apparent Injury,NA,Unknown,MD,Passenger Car,Moving Constant Speed,35,No,2012,ACURA,TL,39.0906389,-77.17890294,2025,2,21
250007090,Property Damage Crash,02/17/2025 09:02:00 PM,W MONTGOMERY AVE,NA,Front to Rear,Clear,Dry,Medium,Traffic Control Signal,NONE DETECTED,No,No Apparent Injury,NA,Not Distracted,MD,Passenger Car,Slowing or Stopping,35,No,2024,TOYOTA,CAMRY,39.0906389,-77.17890294,2025,2,21
250007075,Injury Crash,02/17/2025 08:00:00 PM,NA,NA,Single Vehicle,Clear,Dry,Medium,Traffic Control Signal,NONE DETECTED,Yes,Possible Minor Injury,NA,Unknown,MD,Passenger Car,Moving Constant Speed,40,No,2015,HONDA,ACCORD,39.13656696,-77.20568921,2025,2,20
250007078,Injury Crash,02/17/2025 07:54:00 PM,CADDINGTON AVE,Pedestrian,Single Vehicle,Clear,Dry,Medium,Traffic Control Signal,NONE DETECTED,No,No Apparent Injury,NA,Not Distracted,MD,Passenger Car,Moving Constant Speed,25,No,2012,TOYOTA,HIGHLANDER,39.03318726,-77.02467951,2025,2,19
250007073,Injury Crash,02/17/2025 07:21:00 PM,NA,NA,Angle,Clear,Dry,Medium,No Controls,NONE DETECTED,Yes,Possible Minor Injury,NA,Not Distracted,MD,Moped Or motorized bicycle,Making U-Turn,35,No,2024,ZHILONG,CLICK,38.99625345,-77.0279191,2025,2,19
250007073,Injury Crash,02/17/2025 07:21:00 PM,NA,NA,Angle,Clear,Dry,Medium,No Controls,NONE DETECTED,No,No Apparent Injury,NA,Not Distracted,MD,Passenger Car,Moving Constant Speed,35,No,2012,TOYOTA,CAMRY,38.99625345,-77.0279191,2025,2,19
250007072,Injury Crash,02/17/2025 07:10:00 PM,NEW HAMPSHIRE AVE (SB/L),NA,Angle,Clear,Dry,Medium,Flashing Traffic Control Signal,NONE DETECTED,No,Possible Minor Injury,NA,Unknown,MD,Passenger Car,Moving Constant Speed,35,No,2024,MERCEDES-BENZ,GLC-CLASS,38.98054125,-76.98966486,2025,2,19
250007072,Injury Crash,02/17/2025 07:10:00 PM,NEW HAMPSHIRE AVE (SB/L),NA,Angle,Clear,Dry,Medium,Flashing Traffic Control Signal,NONE DETECTED,No,Possible Minor Injury,NA,Unknown,MD,Passenger Car,Negotiating a Curve,35,No,2010,NISSAN,ROGUE,38.98054125,-76.98966486,2025,2,19
250007067,Injury Crash,02/17/2025 06:31:00 PM,PEACH ORCHARD RD,NA,Single Vehicle,Clear,Dry,Dark,No Controls,NONE DETECTED,Yes,Possible Minor Injury,NA,Unknown,MD,Passenger Car,Moving Constant Speed,30,No,2018,TOYOTA,COROLLA,39.103527390000004,-76.9636153,2025,2,18
250007063,Property Damage Crash,02/17/2025 06:21:00 PM,CORDELL AVE,NA,"Sideswipe, Same Direction",Clear,Dry,Medium,Stop Sign,NONE DETECTED,Yes,No Apparent Injury,"Failed to Yield Right-of-Way, Ran Stop Sign",Unknown,MD,Passenger Car,Moving Constant Speed,30,No,2024,HYUNDAI,KONA,38.98840283,-77.09919333,2025,2,18
250007063,Property Damage Crash,02/17/2025 06:21:00 PM,CORDELL AVE,NA,"Sideswipe, Same Direction",Clear,Dry,Medium,No Controls,NONE DETECTED,No,No Apparent Injury,NA,Not Distracted,MD,Passenger Car,Turning Right,30,No,2017,VOLKSWAGEN,TOUAREG,38.98840283,-77.09919333,2025,2,18
250007061,Property Damage Crash,02/17/2025 06:08:00 PM,NA,NA,Angle,Clear,Dry,Daylight,Traffic Control Signal,NONE DETECTED,No,No Apparent Injury,NA,Not Distracted,MD,Passenger Car,Moving Constant Speed,20,No,2019,ACURA,RDX,39.04718583,-77.05183433,2025,2,18
250007061,Property Damage Crash,02/17/2025 06:08:00 PM,NA,NA,Angle,Clear,Dry,Daylight,Traffic Control Signal,NONE DETECTED,Yes,No Apparent Injury,Other Improper Action,Not Distracted,MD,Passenger Car,Moving Constant Speed,20,No,2018,TESLA,MODEL 3,39.04718583,-77.05183433,2025,2,18
250007056,Property Damage Crash,02/17/2025 05:30:00 PM,NA,NA,"Sideswipe, Same Direction",Clear,NA,Daylight,NA,NONE DETECTED,No,No Apparent Injury,NA,Not Distracted,MD,Bus - Transit,Parked,0,No,2016,GILLIG,LOW FLOOR BUS,38.99364307,-77.0300862,2025,2,17
250007056,Property Damage Crash,02/17/2025 05:30:00 PM,NA,NA,"Sideswipe, Same Direction",Clear,NA,Daylight,NA,NONE DETECTED,Yes,No Apparent Injury,NA,Not Distracted,DC,Bus - Transit,Overtaking/Passing,0,No,2023,NEW FLYER,XCELSIOR,38.99364307,-77.0300862,2025,2,17
250007051,Property Damage Crash,02/17/2025 04:59:00 PM,VEIRS MILL RD (WB/L),NA,"Sideswipe, Same Direction",Clear,Dry,Daylight,Traffic Control Signal,NONE DETECTED,Yes,No Apparent Injury,Other Improper Action,Not Distracted,MD,Passenger Car,Moving Constant Speed,20,No,2004,HONDA,ODYSSEY,39.05636234,-77.08278845,2025,2,16
250007051,Property Damage Crash,02/17/2025 04:59:00 PM,VEIRS MILL RD (WB/L),NA,"Sideswipe, Same Direction",Clear,Dry,Daylight,Traffic Control Signal,NONE DETECTED,No,No Apparent Injury,NA,Not Distracted,MD,Passenger Car,Moving Constant Speed,20,No,2020,HYUNDAI,ACCENT,39.05636234,-77.08278845,2025,2,16
250007047,Property Damage Crash,02/17/2025 04:37:00 PM,MUSGROVE RD,NA,Front to Rear,Clear,Dry,Daylight,Traffic Control Signal,NONE DETECTED,No,No Apparent Injury,NA,Not Distracted,MD,Passenger Car,Slowing or Stopping,50,No,2024,HONDA,CR-V,39.06782231,-76.95951475,2025,2,16
250007047,Property Damage Crash,02/17/2025 04:37:00 PM,MUSGROVE RD,NA,Front to Rear,Clear,Dry,Daylight,Traffic Control Signal,NONE DETECTED,Yes,No Apparent Injury,NA,Unknown,MD,Passenger Car,Moving Constant Speed,50,No,2010,HONDA,ODYSSEY,39.06782231,-76.95951475,2025,2,16
250007045,Property Damage Crash,02/17/2025 04:27:00 PM,PARKLAWN DR,NA,Front to Rear,Clear,Dry,Daylight,Traffic Control Signal,NONE DETECTED,No,No Apparent Injury,NA,Not Distracted,MD,Van - Passenger (&lt;9 Seats),Stopped in Traffic,30,No,2012,HONDA,ODYSSEY,39.04928906,-77.10240225,2025,2,16
250007045,Property Damage Crash,02/17/2025 04:27:00 PM,PARKLAWN DR,NA,Front to Rear,Clear,Dry,Daylight,Traffic Control Signal,NONE DETECTED,Yes,No Apparent Injury,Followed Too Closely,Unknown,MD,Bus - Transit,Slowing or Stopping,30,No,2013,GILLIG,LOW FLOOR BUS,39.04928906,-77.10240225,2025,2,16
250007012,Property Damage Crash,02/17/2025 01:10:00 PM,PARKING LOT CUT THRU CUT,NA,"Sideswipe, Same Direction",Clear,Dry,Daylight,No Controls,NONE DETECTED,No,No Apparent Injury,NA,Not Distracted,VA,Passenger Car,Moving Constant Speed,25,No,2011,HONDA,CIVIC,38.99102717,-77.15218433,2025,2,13
250007012,Property Damage Crash,02/17/2025 01:10:00 PM,PARKING LOT CUT THRU CUT,NA,"Sideswipe, Same Direction",Clear,Dry,Daylight,No Controls,NONE DETECTED,No,No Apparent Injury,NA,Unknown,MD,Passenger Car,Turning Right,25,No,2023,MERCEDES-BENZ,GLA-CLASS,38.99102717,-77.15218433,2025,2,13
250007008,Injury Crash,02/17/2025 12:40:00 PM,SAYBROOKE OAKS BLVD,NA,Single Vehicle,Clear,Dry,Daylight,No Controls,NONE DETECTED,Yes,Possible Minor Injury,NA,Unknown,MD,Passenger Car,Moving Constant Speed,25,No,2020,TOYOTA,COROLLA,39.15058067,-77.18037633,2025,2,12
250006979,Property Damage Crash,02/17/2025 09:48:00 AM,NA,NA,Other,Clear,Dry,Daylight,No Controls,NONE DETECTED,Yes,No Apparent Injury,NA,Unknown,MD,Passenger Car,Moving Constant Speed,35,No,2022,TOYOTA,COROLLA,39.01546145,-77.16029923,2025,2,9
250006979,Property Damage Crash,02/17/2025 09:48:00 AM,NA,NA,Other,Clear,Dry,Daylight,No Controls,NONE DETECTED,No,No Apparent Injury,NA,Not Distracted,MD,Passenger Car,Parked,35,No,2015,VOLKSWAGEN,PASSAT,39.01546145,-77.16029923,2025,2,9
250006976,Injury Crash,02/17/2025 09:30:00 AM,S FREDERICK RD,NA,Other,Clear,Dry,Daylight,No Controls,NONE DETECTED,Yes,Possible Minor Injury,NA,Not Distracted,MD,Passenger Car,Turning Right,25,No,2019,VOLKSWAGEN,JETTA,39.13033,-77.1871,2025,2,9
250006976,Injury Crash,02/17/2025 09:30:00 AM,S FREDERICK RD,NA,Other,Clear,Dry,Daylight,No Controls,NONE DETECTED,No,Possible Minor Injury,NA,Not Distracted,MD,Passenger Car,Moving Constant Speed,35,No,2021,TOYOTA,COROLLA,39.13033,-77.1871,2025,2,9