Local Case Number,ACRS Report Type,Crash Date/Time,Road Name,Related Non-Motorist,Collision Type,Weather,Surface Condition,Light,Traffic Control,Driver Substance Abuse,Driver At Fault,Injury Severity,Circumstance,Driver Distracted By,Drivers License State,Vehicle Body Type,Vehicle Movement,Speed Limit,Driverless Vehicle,Vehicle Year,Vehicle Make,Vehicle Model,Latitude,Longitude,Year,Month,Hour
250006695,Property Damage Crash,02/14/2025 04:30:00 PM,WASHINGTON GROVE LA,NA,Front to Rear,Clear,Dry,Daylight,Flashing Traffic Control Signal,NONE DETECTED,No,No Apparent Injury,NA,Not Distracted,MD,Passenger Car,Stopped in Traffic,30,No,2018,TOYOTA,COROLLA,39.14881054,-77.16748527,2025,2,16
250006695,Property Damage Crash,02/14/2025 04:30:00 PM,WASHINGTON GROVE LA,NA,Front to Rear,Clear,Dry,Daylight,Flashing Traffic Control Signal,NONE DETECTED,No,NA,NA,NA,NA,NA,Accelerating,30,No,0,NA,NA,39.14881054,-77.16748527,2025,2,16
250006694,Injury Crash,02/14/2025 04:23:00 PM,NA,NA,Other,Clear,Dry,Daylight,Stop Sign,NONE DETECTED,Yes,No Apparent Injury,NA,Unknown,MD,Passenger Car,Accelerating,35,No,2023,GENESIS,GV80,39.17639149,-77.26834456,2025,2,16
250006694,Injury Crash,02/14/2025 04:23:00 PM,NA,NA,Other,Clear,Dry,Daylight,No Controls,NONE DETECTED,No,No Apparent Injury,NA,Not Distracted,MD,Passenger Car,Moving Constant Speed,35,No,2017,ACURA,RDX,39.17639149,-77.26834456,2025,2,16
250006697,Property Damage Crash,02/14/2025 04:17:00 PM,GUE RD,NA,Other,Clear,Dry,Daylight,No Controls,NONE DETECTED,No,No Apparent Injury,NA,Not Distracted,MD,Passenger Car,Moving Constant Speed,30,No,2022,RAM,2500,39.30252643,-77.18907347,2025,2,16
250006697,Property Damage Crash,02/14/2025 04:17:00 PM,GUE RD,NA,Other,Clear,Dry,Daylight,No Controls,NONE DETECTED,Yes,No Apparent Injury,Failed to Yield Right-of-Way,"Other Action (looking away from task, etc.)",MD,Bus - School,Accelerating,30,No,2018,FREIGHTLINER,B2 BUS CHASSIS,39.30252643,-77.18907347,2025,2,16
250006688,Injury Crash,02/14/2025 04:02:00 PM,NA,Pedestrian,Single Vehicle,Clear,Dry,Daylight,Traffic Control Signal,NONE DETECTED,No,No Apparent Injury,NA,Unknown,MD,Sport Utility Vehicle,Turning Left,25,No,2014,HONDA,CR-V,39.06084098,-77.12584936,2025,2,16
250006692,Property Damage Crash,02/14/2025 03:50:00 PM,LYTTONSVILLE PL,NA,Other,Clear,Dry,Daylight,Stop Sign,NONE DETECTED,No,No Apparent Injury,NA,Not Distracted,MD,Other,Turning Left,25,No,2020,RAM,PROMASTER 3500,38.99892639,-77.05249105,2025,2,15
250006692,Property Damage Crash,02/14/2025 03:50:00 PM,LYTTONSVILLE PL,NA,Other,Clear,Dry,Daylight,No Controls,NONE DETECTED,No,No Apparent Injury,NA,Not Distracted,MD,Bus - School,Moving Constant Speed,25,No,2018,THOMAS BUILT,HDX,38.99892639,-77.05249105,2025,2,15
250006677,Property Damage Crash,02/14/2025 03:15:00 PM,WOOTTON PKWY,NA,Front to Rear,Clear,Dry,Daylight,Traffic Control Signal,NONE DETECTED,No,No Apparent Injury,NA,Not Distracted,MD,Sport Utility Vehicle,Stopped in Traffic,30,No,2015,NISSAN,ROGUE,39.07123817,-77.13940183,2025,2,15
250006677,Property Damage Crash,02/14/2025 03:15:00 PM,WOOTTON PKWY,NA,Front to Rear,Clear,Dry,Daylight,Traffic Control Signal,NONE DETECTED,No,No Apparent Injury,NA,Unknown,MD,Van - Passenger (&lt;9 Seats),Moving Constant Speed,30,No,2016,HONDA,ODYSSEY,39.07123817,-77.13940183,2025,2,15
250006681,Property Damage Crash,02/14/2025 03:10:00 PM,CRYSTAL ROCK DR,NA,"Sideswipe, Same Direction",Clear,Dry,Daylight,No Controls,NONE DETECTED,No,No Apparent Injury,NA,Not Distracted,DC,Bus - Transit,Moving Constant Speed,25,No,2017,GILLIG,LOW FLOOR BUS,39.181535,-77.26259167,2025,2,15
250006681,Property Damage Crash,02/14/2025 03:10:00 PM,CRYSTAL ROCK DR,NA,"Sideswipe, Same Direction",Clear,Dry,Daylight,No Controls,NONE DETECTED,No,No Apparent Injury,NA,Unknown,MD,Passenger Car,Turning Right,25,No,2022,NISSAN,SENTRA,39.181535,-77.26259167,2025,2,15
250006671,Property Damage Crash,02/14/2025 02:27:00 PM,GEORGIA AVE,NA,"Sideswipe, Same Direction",Clear,Dry,Daylight,No Controls,NONE DETECTED,Yes,No Apparent Injury,NA,Not Distracted,MD,Van - Passenger (&lt;9 Seats),Overtaking/Passing,35,No,2004,FORD,E-350,39.06326888,-77.0548179,2025,2,14
250006671,Property Damage Crash,02/14/2025 02:27:00 PM,GEORGIA AVE,NA,"Sideswipe, Same Direction",Clear,Dry,Daylight,No Controls,NONE DETECTED,No,No Apparent Injury,NA,Not Distracted,MD,Bus - Transit,Parked,35,No,2013,GILLIG,LOW FLOOR BUS,39.06326888,-77.0548179,2025,2,14
250006656,Injury Crash,02/14/2025 12:54:00 PM,SHADY GROVE RD,NA,Angle,Clear,Dry,Daylight,Traffic Control Signal,NONE DETECTED,Yes,Possible Minor Injury,Failed to Yield Right-of-Way,Not Distracted,MD,Passenger Car,Turning Left,40,No,2022,KIA,K5,39.10090859,-77.19171492,2025,2,12
250006656,Injury Crash,02/14/2025 12:54:00 PM,SHADY GROVE RD,NA,Angle,Clear,Dry,Daylight,Traffic Control Signal,NONE DETECTED,No,No Apparent Injury,NA,Not Distracted,MD,Passenger Car,Moving Constant Speed,40,No,2020,HONDA,CIVIC,39.10090859,-77.19171492,2025,2,12
250006649,Property Damage Crash,02/14/2025 12:11:00 PM,NEW HAMPSHIRE AVE (SB/L),NA,Front to Rear,Clear,Dry,Daylight,No Controls,NONE DETECTED,Yes,No Apparent Injury,NA,Not Distracted,MD,Passenger Car,Changing Lanes,40,No,2011,HONDA,ACCORD,39.02541133,-76.98044467,2025,2,12
250006649,Property Damage Crash,02/14/2025 12:11:00 PM,NEW HAMPSHIRE AVE (SB/L),NA,Front to Rear,Clear,Dry,Daylight,No Controls,NONE DETECTED,Yes,No Apparent Injury,NA,"Other Action (looking away from task, etc.)",MD,Sport Utility Vehicle,Stopped in Traffic,40,No,2016,INFINITI,QX50,39.02541133,-76.98044467,2025,2,12
250006646,Property Damage Crash,02/14/2025 10:00:00 AM,HEDIN DR,NA,"Sideswipe, Opposite Direction",Clear,Dry,Daylight,No Controls,NONE DETECTED,No,No Apparent Injury,Other Improper Action,Unknown,NA,Passenger Car,NA,25,No,2021,KIA,FORTE,39.01535187,-76.98673726,2025,2,10
250006624,Property Damage Crash,02/14/2025 09:30:00 AM,NA,NA,Angle,Clear,Dry,Daylight,No Controls,NONE DETECTED,No,No Apparent Injury,NA,Not Distracted,MD,Bus - Transit,Moving Constant Speed,30,No,2016,GILLIG,LOW FLOOR BUS,39.15745859,-77.26637132,2025,2,9
250006624,Property Damage Crash,02/14/2025 09:30:00 AM,NA,NA,Angle,Clear,Dry,Daylight,Stop Sign,NONE DETECTED,Yes,No Apparent Injury,Failed to Yield Right-of-Way,Unknown,MD,Passenger Car,Turning Left,25,No,2014,TOYOTA,CAMRY,39.15745859,-77.26637132,2025,2,9
250006626,Property Damage Crash,02/14/2025 09:21:00 AM,FALLS RD,NA,"Sideswipe, Same Direction",Clear,Dry,Daylight,Traffic Control Signal,NONE DETECTED,No,No Apparent Injury,NA,Not Distracted,MD,Sport Utility Vehicle,Changing Lanes,35,No,2019,HONDA,PILOT,39.01795277,-77.20903787,2025,2,9
250006626,Property Damage Crash,02/14/2025 09:21:00 AM,FALLS RD,NA,"Sideswipe, Same Direction",Clear,Dry,Daylight,Traffic Control Signal,NONE DETECTED,No,No Apparent Injury,NA,Not Distracted,MD,Passenger Car,Changing Lanes,35,No,2008,TOYOTA,PRIUS,39.01795277,-77.20903787,2025,2,9
250006615,Property Damage Crash,02/14/2025 08:00:00 AM,NA,NA,Angle,Clear,Dry,Daylight,Stop Sign,NONE DETECTED,Yes,No Apparent Injury,Improper Turn,Not Distracted,MD,Bus - School,Turning Left,25,No,2015,THOMAS BUILT,HDX,39.13498667,-77.11648667,2025,2,8
250006611,Injury Crash,02/14/2025 07:06:00 AM,LORAIN AVE,NA,Angle,Clear,Dry,Daylight,Stop Sign,NONE DETECTED,Yes,Possible Minor Injury,NA,Unknown,MD,Passenger Car,Entering Traffic Lane,40,No,2014,TOYOTA,CAMRY,39.02395524,-77.01106494,2025,2,7
250006611,Injury Crash,02/14/2025 07:06:00 AM,LORAIN AVE,NA,Angle,Clear,Dry,Daylight,Stop Sign,NONE DETECTED,No,Possible Minor Injury,NA,Not Distracted,MD,Passenger Car,Moving Constant Speed,40,No,2012,MERCEDES-BENZ,E-CLASS,39.02395524,-77.01106494,2025,2,7
250006610,Injury Crash,02/14/2025 06:39:00 AM,COLUMBIA PIKE (SB/L),NA,Front to Front,Clear,Slush,Daylight,No Controls,NONE DETECTED,No,Possible Minor Injury,"Ran Off Roadway, Swerved or Avoided Due to Wind, Slippery Surface, Motor Vehicle, Object, Non-Motorist in Roadway, etc, Too Fast For Conditions",Unknown,MD,Passenger Car,Changing Lanes,45,No,2003,NISSAN,PATHFINDER,39.03141941,-77.0045537,2025,2,6
250006610,Injury Crash,02/14/2025 06:39:00 AM,COLUMBIA PIKE (SB/L),NA,Front to Front,Clear,Slush,Daylight,No Controls,NONE DETECTED,No,No Apparent Injury,NA,Not Distracted,MD,Bus - School,Moving Constant Speed,45,No,2015,FREIGHTLINER,B2 BUS CHASSIS,39.03141941,-77.0045537,2025,2,6
250006606,Property Damage Crash,02/14/2025 05:10:00 AM,GREAT SENECA HWY,NA,Other,Clear,Dry,Dark,Flashing Traffic Control Signal,NONE DETECTED,No,No Apparent Injury,NA,Not Distracted,MD,Passenger Car,Accelerating,45,No,2022,TESLA,MODEL Y,39.12365155,-77.23141791,2025,2,5
250006606,Property Damage Crash,02/14/2025 05:10:00 AM,GREAT SENECA HWY,NA,Other,Clear,Dry,Dark,Flashing Traffic Control Signal,NONE DETECTED,No,No Apparent Injury,NA,Not Distracted,DC,Passenger Car,Turning Left,25,No,2017,SUBARU,WRX,39.12365155,-77.23141791,2025,2,5
250006608,Property Damage Crash,02/14/2025 04:19:00 AM,COLESVILLE RD,NA,Single Vehicle,Clear,Dry,Medium,No Controls,NONE DETECTED,No,NA,NA,NA,NA,Passenger Car,NA,35,No,2014,MITSUBISHI,OUTLANDER SPORT,39.0105732,-77.01723987,2025,2,4
250006597,Property Damage Crash,02/13/2025 11:13:00 PM,ROCK SPRING DR (SB/L),NA,Single Vehicle,Clear,Dry,Medium,Traffic Control Signal,ALCOHOL PRESENT,Yes,No Apparent Injury,"Improper Turn, Too Fast For Conditions",Unknown,MD,Passenger Car,Turning Right,40,No,2016,LAND ROVER,RANGE ROVER EVOQUE,39.02701437,-77.1263218,2025,2,23
250006599,Property Damage Crash,02/13/2025 11:00:00 PM,WOODFIELD RD,NA,Single Vehicle,Clear,Dry,Dark,No Controls,NONE DETECTED,No,No Apparent Injury,"Disregarded Other Road Markings, Operated Motor Vehicle in Inattentive, Careless, Negligent, or Erratic Manner, Ran Off Roadway, Too Fast For Conditions",Not Distracted,MD,Passenger Car,Negotiating a Curve,35,No,2018,FORD,FIESTA,39.20648367,-77.16814967,2025,2,23
250006594,Injury Crash,02/13/2025 10:30:00 PM,NORTHAMPTON DR (SB/L),NA,Front to Rear,Clear,Dry,Medium,Traffic Control Signal,NONE DETECTED,Yes,Possible Minor Injury,NA,Unknown,MD,Sport Utility Vehicle,Moving Constant Speed,35,No,2018,LAND ROVER,RANGE ROVER VELAR,39.00688659,-76.98031204,2025,2,22
250006594,Injury Crash,02/13/2025 10:30:00 PM,NORTHAMPTON DR (SB/L),NA,Front to Rear,Clear,Dry,Medium,Traffic Control Signal,NONE DETECTED,No,Possible Minor Injury,NA,Not Distracted,MD,Sport Utility Vehicle,Stopped in Traffic,35,No,2024,HYUNDAI,KONA,39.00688659,-76.98031204,2025,2,22
250006590,Injury Crash,02/13/2025 09:37:00 PM,CHERRY HILL RD (NB/L),NA,Front to Rear,Clear,Dry,Dark,No Controls,NONE DETECTED,No,No Apparent Injury,NA,Not Distracted,MD,Sport Utility Vehicle,Moving Constant Speed,40,No,2021,FORD,EXPLORER,39.06171883,-76.95940449,2025,2,21
250006590,Injury Crash,02/13/2025 09:37:00 PM,CHERRY HILL RD (NB/L),NA,Front to Rear,Clear,Dry,Dark,No Controls,DRUG PRESENT,Yes,Possible Minor Injury,"Disregard Officer Directions, Followed Too Closely, Improper Passing, Operated Motor Vehicle in Inattentive, Careless, Negligent, or Erratic Manner, Other Improper Action",Not Distracted,MD,Passenger Car,Moving Constant Speed,40,No,2000,HONDA,CIVIC,39.06171883,-76.95940449,2025,2,21
250006590,Injury Crash,02/13/2025 09:37:00 PM,CHERRY HILL RD (NB/L),NA,Front to Rear,Clear,Dry,Dark,No Controls,NONE DETECTED,No,Possible Minor Injury,NA,Not Distracted,MD,Passenger Car,Moving Constant Speed,40,No,2012,DODGE,CHARGER,39.06171883,-76.95940449,2025,2,21
250006589,Property Damage Crash,02/13/2025 09:37:00 PM,NEW HAMPSHIRE AVE,NA,Angle,Clear,Dry,Medium,Traffic Control Signal,DRUG AND ALCOHOL CONTRIBUTED,Yes,No Apparent Injury,"Failed to Yield Right-of-Way, Improper Backing, Ran Red Light",Not Distracted,MD,Passenger Car,Moving Constant Speed,40,No,2000,HONDA,CIVIC,39.03690848,-76.98919657,2025,2,21
250006589,Property Damage Crash,02/13/2025 09:37:00 PM,NEW HAMPSHIRE AVE,NA,Angle,Clear,Dry,Medium,Traffic Control Signal,NONE DETECTED,No,No Apparent Injury,NA,Not Distracted,MD,Passenger Car,Stopped in Traffic,40,No,2012,DODGE,CHARGER,39.03690848,-76.98919657,2025,2,21
250006589,Property Damage Crash,02/13/2025 09:37:00 PM,NEW HAMPSHIRE AVE,NA,Angle,Clear,Dry,Medium,Traffic Control Signal,NONE DETECTED,No,No Apparent Injury,NA,Not Distracted,MD,Passenger Car,Making U-Turn,40,No,2014,KIA,SPORTAGE,39.03690848,-76.98919657,2025,2,21
250006586,Property Damage Crash,02/13/2025 08:42:00 PM,TIPPETT LA,NA,Front to Rear,Clear,Wet,Dark,No Controls,NONE DETECTED,No,No Apparent Injury,Improper Backing,Unknown,NA,Passenger Car,Backing,15,No,2012,FORD,FOCUS,39.1748335,-77.1965915,2025,2,20
250006580,Injury Crash,02/13/2025 08:05:00 PM,KEY WEST AVE (WB/L),NA,Rear To Side,Clear,Dry,Medium,Traffic Control Signal,NONE DETECTED,No,Possible Minor Injury,NA,Not Distracted,MD,Passenger Car,Accelerating,45,No,2019,VOLKSWAGEN,GOLF,39.1036815,-77.19085161,2025,2,20
250006580,Injury Crash,02/13/2025 08:05:00 PM,KEY WEST AVE (WB/L),NA,Rear To Side,Clear,Dry,Medium,Traffic Control Signal,NONE DETECTED,Yes,No Apparent Injury,NA,Not Distracted,MD,Passenger Car,Moving Constant Speed,45,No,2018,SUBARU,LEGACY,39.1036815,-77.19085161,2025,2,20
250006567,Property Damage Crash,02/13/2025 06:14:00 PM,NA,NA,"Sideswipe, Opposite Direction",Clear,Dry,Dark,No Controls,NONE DETECTED,Yes,No Apparent Injury,Failed to Keep in Proper Lane,Unknown,MD,Passenger Car,Moving Constant Speed,35,No,2022,LEXUS,ES,39.00221329,-77.13281616,2025,2,18
250006567,Property Damage Crash,02/13/2025 06:14:00 PM,NA,NA,"Sideswipe, Opposite Direction",Clear,Dry,Dark,No Controls,NONE DETECTED,No,No Apparent Injury,NA,Not Distracted,DC,Passenger Car,Moving Constant Speed,35,No,2016,MAZDA,MAZDA3,39.00221329,-77.13281616,2025,2,18
250006561,Property Damage Crash,02/13/2025 05:39:00 PM,BRIGGS CHANEY RD,NA,"Sideswipe, Same Direction",Clear,Dry,Medium,No Controls,NONE DETECTED,Yes,No Apparent Injury,Other Improper Action,Not Distracted,MD,Sport Utility Vehicle,Making U-Turn,35,No,2024,KIA,SORENTO,39.10086313,-76.97850692,2025,2,17
250006561,Property Damage Crash,02/13/2025 05:39:00 PM,BRIGGS CHANEY RD,NA,"Sideswipe, Same Direction",Clear,Dry,Medium,No Controls,NONE DETECTED,No,No Apparent Injury,NA,Not Distracted,MD,Passenger Car,Moving Constant Speed,35,No,2010,HYUNDAI,ACCENT,39.10086313,-76.97850692,2025,2,17
250006558,Property Damage Crash,02/13/2025 05:10:00 PM,NA,Wheelchair (electric),Single Vehicle,Clear,NA,Daylight,NA,NONE DETECTED,No,No Apparent Injury,NA,Not Distracted,MD,Sport Utility Vehicle,Moving Constant Speed,0,No,2014,MERCEDES-BENZ,ML-CLASS,38.99196092,-77.02731784,2025,2,17
250006547,Injury Crash,02/13/2025 04:35:00 PM,ODENDHAL AVE,Pedestrian,Single Vehicle,Clear,Dry,Daylight,Traffic Control Signal,NONE DETECTED,Yes,No Apparent Injury,Failed to Yield Right-of-Way,Not Distracted,NA,Passenger Car,Turning Right,30,No,2011,TOYOTA,COROLLA,39.15240563,-77.19610712,2025,2,16
250006540,Property Damage Crash,02/13/2025 04:10:00 PM,QUINCE ORCHARD RD (SB/L),NA,Angle,Clear,Dry,Daylight,No Controls,NONE DETECTED,No,No Apparent Injury,NA,"Other Action (looking away from task, etc.)",MD,Sport Utility Vehicle,Entering Traffic Lane,10,No,2018,CHEVROLET,EQUINOX,39.14581883,-77.21981033,2025,2,16
250006540,Property Damage Crash,02/13/2025 04:10:00 PM,QUINCE ORCHARD RD (SB/L),NA,Angle,Clear,Dry,Daylight,No Controls,NONE DETECTED,No,No Apparent Injury,NA,Not Distracted,MD,Sport Utility Vehicle,Moving Constant Speed,35,No,2017,CHEVROLET,EQUINOX,39.14581883,-77.21981033,2025,2,16
250006536,Property Damage Crash,02/13/2025 04:02:00 PM,NA,NA,Single Vehicle,Cloudy,"Water (standing, moving)",Daylight,No Controls,NONE DETECTED,No,No Apparent Injury,NA,Not Distracted,MD,Sport Utility Vehicle,Moving Constant Speed,30,No,2016,HONDA,CR-V,39.05067,-77.23328504,2025,2,16
250006537,Injury Crash,02/13/2025 04:01:00 PM,RAMP 10 FR MD 187B TO MD 187 NB,NA,Angle,Clear,Dry,Daylight,Traffic Control Signal,NONE DETECTED,No,Possible Minor Injury,NA,Not Distracted,MD,Sport Utility Vehicle,Moving Constant Speed,35,No,2011,HONDA,CR-V,39.03125513,-77.13168252,2025,2,16
250006537,Injury Crash,02/13/2025 04:01:00 PM,RAMP 10 FR MD 187B TO MD 187 NB,NA,Angle,Clear,Dry,Daylight,Traffic Control Signal,NONE DETECTED,No,Possible Minor Injury,NA,Not Distracted,MD,Passenger Car,Moving Constant Speed,35,No,2020,MERCEDES-BENZ,CLA-CLASS,39.03125513,-77.13168252,2025,2,16
250006527,Property Damage Crash,02/13/2025 03:22:00 PM,TUCKERMAN LA (EB/L),NA,"Sideswipe, Opposite Direction",Cloudy,Dry,Daylight,Traffic Control Signal,NONE DETECTED,Yes,No Apparent Injury,NA,Not Distracted,MD,Sport Utility Vehicle,Turning Right,35,No,2021,NISSAN,ROGUE,39.0344045,-77.1251455,2025,2,15
250006527,Property Damage Crash,02/13/2025 03:22:00 PM,TUCKERMAN LA (EB/L),NA,"Sideswipe, Opposite Direction",Cloudy,Dry,Daylight,Traffic Control Signal,NONE DETECTED,Yes,No Apparent Injury,NA,Not Distracted,MD,Sport Utility Vehicle,Moving Constant Speed,35,No,2015,HONDA,PILOT,39.0344045,-77.1251455,2025,2,15
250006530,Property Damage Crash,02/13/2025 03:16:00 PM,NA,NA,"Sideswipe, Same Direction",Clear,Wet,Daylight,No Controls,NONE DETECTED,Yes,No Apparent Injury,Improper Passing,Not Distracted,MD,Bus - Other Type,Overtaking/Passing,10,No,2017,MOTOR COACH INDUSTRI,J4500,39.06533767,-77.07078067,2025,2,15
250006530,Property Damage Crash,02/13/2025 03:16:00 PM,NA,NA,"Sideswipe, Same Direction",Clear,Wet,Daylight,No Controls,NONE DETECTED,No,No Apparent Injury,NA,Not Distracted,MD,Bus - School,Stopped in Traffic,10,No,2019,THOMAS BUILT,HDX,39.06533767,-77.07078067,2025,2,15
250006514,Property Damage Crash,02/13/2025 03:00:00 PM,NA,NA,"Sideswipe, Same Direction",Clear,NA,Daylight,NA,NONE DETECTED,No,No Apparent Injury,NA,Not Distracted,MD,Bus - School,Negotiating a Curve,0,No,2019,FREIGHTLINER,B2 BUS CHASSIS,39.08609315,-77.11800566,2025,2,15
250006514,Property Damage Crash,02/13/2025 03:00:00 PM,NA,NA,"Sideswipe, Same Direction",Clear,NA,Daylight,NA,NONE DETECTED,No,No Apparent Injury,NA,Not Distracted,MD,Bus - School,Parked,0,No,2019,FREIGHTLINER,B2 BUS CHASSIS,39.08609315,-77.11800566,2025,2,15
250006519,Property Damage Crash,02/13/2025 02:52:00 PM,ROCKLEDGE BLVD (SB/L),NA,Angle,Clear,Dry,Daylight,Traffic Control Signal,NONE DETECTED,No,No Apparent Injury,NA,Not Distracted,MD,Bus - Transit,Moving Constant Speed,35,No,2013,NEW FLYER,XCELSIOR,39.0312771,-77.13177704,2025,2,14
250006519,Property Damage Crash,02/13/2025 02:52:00 PM,ROCKLEDGE BLVD (SB/L),NA,Angle,Clear,Dry,Daylight,Traffic Control Signal,NONE DETECTED,No,No Apparent Injury,NA,Not Distracted,VA,Sport Utility Vehicle,Moving Constant Speed,35,No,2016,TOYOTA,RAV4,39.0312771,-77.13177704,2025,2,14
250006509,Property Damage Crash,02/13/2025 02:00:00 PM,NA,NA,Other,Clear,NA,Daylight,NA,NONE DETECTED,No,NA,NA,NA,NA,Other,NA,0,No,2011,FORD,E-450,39.11658265,-77.18599804,2025,2,14
250006491,Property Damage Crash,02/13/2025 01:33:00 PM,NEW HAMPSHIRE AVE,NA,Front to Rear,Clear,Dry,Daylight,Traffic Control Signal,NONE DETECTED,Yes,No Apparent Injury,NA,Unknown,MD,Passenger Car,Moving Constant Speed,40,No,2016,CHEVROLET,TAHOE,39.06158669,-76.99834885,2025,2,13
250006491,Property Damage Crash,02/13/2025 01:33:00 PM,NEW HAMPSHIRE AVE,NA,Front to Rear,Clear,Dry,Daylight,Traffic Control Signal,NONE DETECTED,No,No Apparent Injury,NA,Not Distracted,MD,Passenger Car,Stopped in Traffic,40,No,2005,HONDA,CR-V,39.06158669,-76.99834885,2025,2,13
250006515,Property Damage Crash,02/13/2025 01:30:00 PM,NA,NA,Front to Front,Clear,NA,Daylight,NA,NONE DETECTED,No,No Apparent Injury,NA,Unknown,MD,Passenger Car,Turning Left,0,No,2021,BMW,530I,39.18260926,-77.26030339,2025,2,13
250006494,Property Damage Crash,02/13/2025 01:20:00 PM,GERMANTOWN RD,NA,Front to Rear,Clear,Dry,Daylight,Lane Use Control Signal,NONE DETECTED,Yes,No Apparent Injury,NA,Unknown,MD,Passenger Car,Moving Constant Speed,55,No,2021,BMW,530I,39.18586632,-77.25352667,2025,2,13
250006494,Property Damage Crash,02/13/2025 01:20:00 PM,GERMANTOWN RD,NA,Front to Rear,Clear,Dry,Daylight,Lane Use Control Signal,NONE DETECTED,No,No Apparent Injury,NA,Not Distracted,NA,Sport Utility Vehicle,Slowing or Stopping,55,No,2020,JEEP,GRAND CHEROKEE,39.18586632,-77.25352667,2025,2,13
250006485,Property Damage Crash,02/13/2025 12:54:00 PM,NA,NA,"Sideswipe, Same Direction",Clear,Wet,Daylight,No Controls,NONE DETECTED,No,No Apparent Injury,NA,Not Distracted,MD,Sport Utility Vehicle,Moving Constant Speed,30,No,2024,TOYOTA,RAV4,39.01751246,-77.05840858,2025,2,12
250006485,Property Damage Crash,02/13/2025 12:54:00 PM,NA,NA,"Sideswipe, Same Direction",Clear,Wet,Daylight,No Controls,NONE DETECTED,No,NA,NA,NA,NA,Sport Utility Vehicle,Overtaking/Passing,30,No,2018,CHEVROLET,TRAX,39.01751246,-77.05840858,2025,2,12
250006469,Property Damage Crash,02/13/2025 11:49:00 AM,TWINBROOK PKWY (NB/L),NA,Angle,Cloudy,Wet,Daylight,Traffic Control Signal,NONE DETECTED,No,No Apparent Injury,NA,Not Distracted,MD,Van - Passenger (&lt;9 Seats),Accelerating,25,No,2015,NISSAN,NV200,39.05883656,-77.12126159,2025,2,11
250006469,Property Damage Crash,02/13/2025 11:49:00 AM,TWINBROOK PKWY (NB/L),NA,Angle,Cloudy,Wet,Daylight,Traffic Control Signal,NONE DETECTED,Yes,No Apparent Injury,NA,Not Distracted,MD,Passenger Car,Moving Constant Speed,35,No,2017,CHEVROLET,CRUZE,39.05883656,-77.12126159,2025,2,11
250006469,Property Damage Crash,02/13/2025 11:49:00 AM,TWINBROOK PKWY (NB/L),NA,Angle,Cloudy,Wet,Daylight,Traffic Control Signal,NONE DETECTED,No,No Apparent Injury,NA,Not Distracted,MD,Passenger Car,Turning Right,25,No,2007,TOYOTA,CAMRY,39.05883656,-77.12126159,2025,2,11
250006460,Property Damage Crash,02/13/2025 11:11:00 AM,NEW HAMPSHIRE AVE (SB/L),NA,Front to Rear,Rain,Wet,Daylight,Traffic Control Signal,NONE DETECTED,Yes,No Apparent Injury,NA,"Other Action (looking away from task, etc.)",MD,Passenger Car,Slowing or Stopping,25,No,2006,HONDA,CIVIC,39.03684933,-76.98957717,2025,2,11
250006460,Property Damage Crash,02/13/2025 11:11:00 AM,NEW HAMPSHIRE AVE (SB/L),NA,Front to Rear,Rain,Wet,Daylight,Traffic Control Signal,NONE DETECTED,No,No Apparent Injury,NA,Not Distracted,DC,Passenger Car,Stopped in Traffic,25,No,2011,NISSAN,MAXIMA,39.03684933,-76.98957717,2025,2,11
250006445,Property Damage Crash,02/13/2025 09:30:00 AM,FOREST GLEN RD,NA,Angle,Cloudy,Wet,Daylight,Stop Sign,NONE DETECTED,Yes,No Apparent Injury,NA,Not Distracted,MD,Sport Utility Vehicle,Turning Left,30,No,2020,TOYOTA,RAV4,39.01573274,-77.04153212,2025,2,9