Local Case Number,ACRS Report Type,Crash Date/Time,Road Name,Related Non-Motorist,Collision Type,Weather,Surface Condition,Light,Traffic Control,Driver Substance Abuse,Driver At Fault,Injury Severity,Circumstance,Driver Distracted By,Drivers License State,Vehicle Body Type,Vehicle Movement,Speed Limit,Driverless Vehicle,Vehicle Year,Vehicle Make,Vehicle Model,Latitude,Longitude,Year,Month,Hour
250006172,Property Damage Crash,02/11/2025 10:39:00 AM,ELM ST,NA,"Sideswipe, Same Direction",Clear,Dry,Daylight,No Controls,NONE DETECTED,No,NA,NA,NA,NA,Passenger Car,Moving Constant Speed,25,No,2013,FORD,FUSION,38.98219965,-77.09527546,2025,2,10
250006164,Property Damage Crash,02/11/2025 09:56:00 AM,ADELPHI RD (WB/L),NA,"Sideswipe, Same Direction",Clear,Dry,Daylight,Traffic Control Signal,NONE DETECTED,Yes,No Apparent Injury,NA,Not Distracted,MD,Single-Unit Truck,Turning Right,35,No,2008,INTERNATIONAL,SA625,39.01149107,-76.97862193,2025,2,9
250006164,Property Damage Crash,02/11/2025 09:56:00 AM,ADELPHI RD (WB/L),NA,"Sideswipe, Same Direction",Clear,Dry,Daylight,Traffic Control Signal,NONE DETECTED,No,No Apparent Injury,NA,Not Distracted,MD,Passenger Car,Turning Right,35,No,2015,ACURA,ILX,39.01149107,-76.97862193,2025,2,9
250006155,Injury Crash,02/11/2025 09:33:00 AM,SHADY GROVE RD (SB/L),NA,Front to Rear,Clear,Dry,Daylight,No Controls,NONE DETECTED,Yes,No Apparent Injury,NA,Unknown,VA,Passenger Car,NA,35,No,2022,TESLA,MODEL X,39.11514897,-77.1855115,2025,2,9
250006155,Injury Crash,02/11/2025 09:33:00 AM,SHADY GROVE RD (SB/L),NA,Front to Rear,Clear,Dry,Daylight,No Controls,NONE DETECTED,No,Possible Minor Injury,NA,Unknown,MD,Pickup,Stopped in Traffic,35,No,2018,FORD,F-150,39.11514897,-77.1855115,2025,2,9
250006149,Property Damage Crash,02/11/2025 09:00:00 AM,COLLINGWOOD TERR,NA,"Sideswipe, Same Direction",Cloudy,Dry,Daylight,No Controls,NONE DETECTED,Yes,No Apparent Injury,NA,Not Distracted,MD,Bus - School,Negotiating a Curve,30,No,2014,THOMAS BUILT,HDX,39.07650233,-76.97765267,2025,2,9
250006132,Property Damage Crash,02/11/2025 07:14:00 AM,FREDERICK RD,NA,"Sideswipe, Same Direction",Clear,Dry,Daylight,No Controls,NONE DETECTED,No,No Apparent Injury,NA,Not Distracted,MD,Single-Unit Truck,Slowing or Stopping,40,No,2007,MACK,LE,39.10732539,-77.15881565,2025,2,7
250006132,Property Damage Crash,02/11/2025 07:14:00 AM,FREDERICK RD,NA,"Sideswipe, Same Direction",Clear,Dry,Daylight,No Controls,NONE DETECTED,No,No Apparent Injury,NA,Not Distracted,MD,Passenger Car,Stopped in Traffic,40,No,2015,FORD,F-250,39.10732539,-77.15881565,2025,2,7
250006120,Property Damage Crash,02/11/2025 03:14:00 AM,NORMANDY CROSSING DR,NA,Front to Rear,Clear,Dry,Medium,No Controls,NONE DETECTED,No,No Apparent Injury,NA,Unknown,MD,Station Wagon,Negotiating a Curve,25,No,2017,FORD,ESCAPE,39.10286609,-77.05087068,2025,2,3
250006110,Property Damage Crash,02/10/2025 10:59:00 PM,GRACEFIELD RD,NA,Angle,Clear,Dry,Medium,Stop Sign,NONE DETECTED,Yes,No Apparent Injury,"Operated Motor Vehicle in Inattentive, Careless, Negligent, or Erratic Manner, Ran Stop Sign","Other Action (looking away from task, etc.)",MD,Passenger Car,Moving Constant Speed,30,No,2022,CHEVROLET,MALIBU,39.05692385,-76.95123657,2025,2,22
250006110,Property Damage Crash,02/10/2025 10:59:00 PM,GRACEFIELD RD,NA,Angle,Clear,Dry,Medium,No Controls,NONE DETECTED,No,No Apparent Injury,NA,Not Distracted,MD,Passenger Car,Moving Constant Speed,30,No,2013,LEXUS,ES,39.05692385,-76.95123657,2025,2,22
250006107,Injury Crash,02/10/2025 10:00:00 PM,CHERRY HILL RD,NA,Front to Front,Clear,Dry,Medium,No Controls,NONE DETECTED,No,Possible Minor Injury,NA,Not Distracted,DC,Passenger Car,Moving Constant Speed,35,No,2020,CHRYSLER,300,39.0457027,-76.95189948,2025,2,22
250006107,Injury Crash,02/10/2025 10:00:00 PM,CHERRY HILL RD,NA,Front to Front,Clear,Dry,Medium,No Controls,NONE DETECTED,No,No Apparent Injury,NA,Not Distracted,MD,Passenger Car,Moving Constant Speed,35,No,2012,HYUNDAI,SONATA,39.0457027,-76.95189948,2025,2,22
250006107,Injury Crash,02/10/2025 10:00:00 PM,CHERRY HILL RD,NA,Front to Front,Clear,Dry,Medium,No Controls,NONE DETECTED,Yes,No Apparent Injury,"Failed to Keep in Proper Lane, Wrong Way",Not Distracted,MD,Passenger Car,Moving Constant Speed,35,No,2021,GMC,SIERRA,39.0457027,-76.95189948,2025,2,22
250006098,Injury Crash,02/10/2025 08:19:00 PM,NA,NA,Single Vehicle,Clear,Dry,Medium,Flashing Traffic Control Signal,NONE DETECTED,No,Possible Minor Injury,NA,Not Distracted,MD,Passenger Car,Turning Right,40,No,2011,HYUNDAI,SONATA,39.11589002,-76.96184005,2025,2,20
25000213,Injury Crash,02/10/2025 08:12:00 PM,CLARKSBURG RD,NA,Single Vehicle,Clear,Dry,Dark,No Controls,NONE DETECTED,No,Possible Minor Injury,NA,Unknown,MD,Passenger Car,Negotiating a Curve,25,No,1995,FORD,THUNDERBIRD,39.27340833,-77.27701074,2025,2,20
250006091,Property Damage Crash,02/10/2025 07:15:00 PM,DAMASCUS RD,NA,Front to Rear,Clear,Dry,Dark,No Controls,NONE DETECTED,No,NA,NA,NA,NA,Pickup,Moving Constant Speed,40,No,2017,CHEVROLET,SILVERADO,39.24855146,-77.12682557,2025,2,19
250006091,Property Damage Crash,02/10/2025 07:15:00 PM,DAMASCUS RD,NA,Front to Rear,Clear,Dry,Dark,No Controls,NONE DETECTED,No,No Apparent Injury,NA,Not Distracted,MD,Pickup,Moving Constant Speed,40,No,2022,TOYOTA,TACOMA,39.24855146,-77.12682557,2025,2,19
250006088,Injury Crash,02/10/2025 07:03:00 PM,GREAT SENECA HWY,NA,Other,Clear,Dry,Medium,Traffic Control Signal,NONE DETECTED,No,Possible Minor Injury,NA,Not Distracted,MD,Passenger Car,Accelerating,40,No,2010,HYUNDAI,ELANTRA,39.12846221,-77.23762912,2025,2,19
250006088,Injury Crash,02/10/2025 07:03:00 PM,GREAT SENECA HWY,NA,Other,Clear,Dry,Medium,Traffic Control Signal,NONE DETECTED,No,No Apparent Injury,NA,Unknown,MD,Passenger Car,Turning Left,40,No,2009,VOLVO,S60,39.12846221,-77.23762912,2025,2,19
25000212,Property Damage Crash,02/10/2025 07:00:00 PM,SCHUYLER RD,NA,"Sideswipe, Opposite Direction",Clear,Dry,Dark,Stop Sign,NONE DETECTED,No,No Apparent Injury,NA,Not Distracted,MD,Sport Utility Vehicle,Accelerating,25,No,2016,FORD,ESCAPE,39.00260159,-77.01299623,2025,2,19
25000212,Property Damage Crash,02/10/2025 07:00:00 PM,SCHUYLER RD,NA,"Sideswipe, Opposite Direction",Clear,Dry,Dark,Stop Sign,NONE DETECTED,No,No Apparent Injury,NA,Not Distracted,MD,Passenger Car,Turning Left,25,No,2023,NISSAN,ALTIMA,39.00260159,-77.01299623,2025,2,19
250006086,Injury Crash,02/10/2025 06:51:00 PM,COLESVILLE RD,NA,"Sideswipe, Same Direction",Clear,Dry,Medium,Lane Use Control Signal,NONE DETECTED,Yes,No Apparent Injury,NA,Not Distracted,KS,Passenger Car,Turning Left,35,No,2006,PONTIAC,TORRENT,39.00261013,-77.02455074,2025,2,18
250006086,Injury Crash,02/10/2025 06:51:00 PM,COLESVILLE RD,NA,"Sideswipe, Same Direction",Clear,Dry,Medium,Lane Use Control Signal,NONE DETECTED,No,Possible Minor Injury,NA,Not Distracted,MD,Passenger Car,Moving Constant Speed,35,No,2013,LEXUS,RX,39.00261013,-77.02455074,2025,2,18
250060080,Injury Crash,02/10/2025 06:29:00 PM,FREDERICK RD,NA,Other,Cloudy,Dry,Medium,No Controls,NONE DETECTED,No,No Apparent Injury,NA,Not Distracted,MD,Passenger Car,Backing,10,No,2017,DODGE,CHARGER,39.14994982,-77.20871833,2025,2,18
250060080,Injury Crash,02/10/2025 06:29:00 PM,FREDERICK RD,NA,Other,Cloudy,Dry,Medium,No Controls,NONE DETECTED,No,Possible Minor Injury,NA,Not Distracted,MD,Passenger Car,Moving Constant Speed,10,No,2018,TOYOTA,COROLLA,39.14994982,-77.20871833,2025,2,18
250006359,Property Damage Crash,02/10/2025 06:20:00 PM,NA,NA,"Sideswipe, Same Direction",Clear,NA,Medium,NA,NONE DETECTED,Yes,No Apparent Injury,"Improper Turn, Other Improper Action",Unknown,MD,Passenger Car,NA,0,No,2019,BMW,X5,39.11503509,-77.18661392,2025,2,18
250006079,Property Damage Crash,02/10/2025 06:10:00 PM,CONNECTICUT AVE,NA,"Sideswipe, Same Direction",Clear,Dry,Medium,No Controls,NONE DETECTED,No,No Apparent Injury,NA,Not Distracted,VA,Pickup,Moving Constant Speed,35,No,2019,FORD,F-150,39.02461628,-77.07595208,2025,2,18
250006079,Property Damage Crash,02/10/2025 06:10:00 PM,CONNECTICUT AVE,NA,"Sideswipe, Same Direction",Clear,Dry,Medium,No Controls,NONE DETECTED,No,No Apparent Injury,NA,Unknown,MD,Passenger Car,Changing Lanes,35,No,2017,TOYOTA,CAMRY,39.02461628,-77.07595208,2025,2,18
250006070,Injury Crash,02/10/2025 05:13:00 PM,W GUDE DR (WB/L),NA,Front to Rear,Clear,Dry,Daylight,No Controls,NONE DETECTED,No,Possible Minor Injury,NA,Not Distracted,MD,Passenger Car,Moving Constant Speed,30,No,2016,BMW,528I,39.1014736,-77.17855548,2025,2,17
250006070,Injury Crash,02/10/2025 05:13:00 PM,W GUDE DR (WB/L),NA,Front to Rear,Clear,Dry,Daylight,No Controls,NONE DETECTED,No,No Apparent Injury,NA,Not Distracted,MD,Passenger Car,Moving Constant Speed,30,No,2018,MITSUBISHI,MIRAGE G4,39.1014736,-77.17855548,2025,2,17
250006070,Injury Crash,02/10/2025 05:13:00 PM,W GUDE DR (WB/L),NA,Front to Rear,Clear,Dry,Daylight,No Controls,NONE DETECTED,Yes,No Apparent Injury,NA,Unknown,MD,Passenger Car,Moving Constant Speed,30,No,2010,VOLKSWAGEN,JETTA,39.1014736,-77.17855548,2025,2,17
250006070,Injury Crash,02/10/2025 05:13:00 PM,W GUDE DR (WB/L),NA,Front to Rear,Clear,Dry,Daylight,No Controls,NONE DETECTED,No,No Apparent Injury,NA,Not Distracted,MD,Passenger Car,Moving Constant Speed,30,No,2017,KIA,SORENTO,39.1014736,-77.17855548,2025,2,17
250006076,Property Damage Crash,02/10/2025 05:09:00 PM,DETRICK AVE,NA,Front to Front,Clear,Dry,Medium,No Controls,NONE DETECTED,No,No Apparent Injury,NA,Not Distracted,NY,Passenger Car,Moving Constant Speed,35,No,2020,MAZDA,CX-5,39.02782117,-77.07818233,2025,2,17
250006076,Property Damage Crash,02/10/2025 05:09:00 PM,DETRICK AVE,NA,Front to Front,Clear,Dry,Medium,No Controls,NONE DETECTED,No,No Apparent Injury,NA,Not Distracted,MD,Passenger Car,Moving Constant Speed,35,No,2018,HONDA,HR-V,39.02782117,-77.07818233,2025,2,17
250006069,Injury Crash,02/10/2025 05:00:00 PM,ACADEMY WAY,NA,Angle,Clear,Dry,Daylight,No Controls,NONE DETECTED,No,Possible Minor Injury,NA,Not Distracted,MD,Sport Utility Vehicle,Moving Constant Speed,25,No,2025,LEXUS,RX,39.05746499,-77.10759356,2025,2,17
250006069,Injury Crash,02/10/2025 05:00:00 PM,ACADEMY WAY,NA,Angle,Clear,Dry,Daylight,No Controls,NONE DETECTED,No,No Apparent Injury,Failed to Yield Right-of-Way,Not Distracted,MD,Passenger Car,Entering Traffic Lane,25,No,2004,SUBARU,IMPREZA,39.05746499,-77.10759356,2025,2,17
250006064,Property Damage Crash,02/10/2025 04:33:00 PM,GEORGIA AVE (SB/L),NA,Angle,Clear,Dry,Daylight,No Controls,NONE DETECTED,No,No Apparent Injury,NA,Not Distracted,MD,Passenger Car,Moving Constant Speed,35,No,2025,PORSCHE,911,39.07798583,-77.0717935,2025,2,16
250006064,Property Damage Crash,02/10/2025 04:33:00 PM,GEORGIA AVE (SB/L),NA,Angle,Clear,Dry,Daylight,No Controls,NONE DETECTED,Yes,No Apparent Injury,Failed to Yield Right-of-Way,Unknown,MD,Passenger Car,Turning Left,35,No,2001,NISSAN,MAXIMA,39.07798583,-77.0717935,2025,2,16
250006058,Injury Crash,02/10/2025 04:26:00 PM,IS 270 LOCAL LANES (NB),NA,Front to Rear,Clear,Dry,Daylight,No Controls,NONE DETECTED,No,Possible Minor Injury,NA,Not Distracted,WV,Passenger Car,Slowing or Stopping,55,No,2023,TOYOTA,CAMRY,39.15499977,-77.22323743,2025,2,16
250006058,Injury Crash,02/10/2025 04:26:00 PM,IS 270 LOCAL LANES (NB),NA,Front to Rear,Clear,Dry,Daylight,No Controls,NONE DETECTED,Yes,No Apparent Injury,Followed Too Closely,Not Distracted,MD,Passenger Car,Slowing or Stopping,55,No,2013,FORD,FUSION,39.15499977,-77.22323743,2025,2,16
250006058,Injury Crash,02/10/2025 04:26:00 PM,IS 270 LOCAL LANES (NB),NA,Front to Rear,Clear,Dry,Daylight,No Controls,NONE DETECTED,No,No Apparent Injury,NA,Not Distracted,MD,Passenger Car,Slowing or Stopping,55,No,2013,CHEVROLET,CRUZE,39.15499977,-77.22323743,2025,2,16
250006054,Injury Crash,02/10/2025 04:10:00 PM,NA,NA,Angle,Clear,Dry,Daylight,Traffic Control Signal,NONE DETECTED,Yes,No Apparent Injury,"Failed to Yield Right-of-Way, Improper Turn",Unknown,MD,Passenger Car,Turning Right,40,No,2017,CHEVROLET,SILVERADO,39.1884957,-77.25179068,2025,2,16
250006054,Injury Crash,02/10/2025 04:10:00 PM,NA,NA,Angle,Clear,Dry,Daylight,Traffic Control Signal,NONE DETECTED,No,Possible Minor Injury,NA,Not Distracted,MD,Passenger Car,Moving Constant Speed,40,No,2021,TOYOTA,RAV4,39.1884957,-77.25179068,2025,2,16
250006053,Property Damage Crash,02/10/2025 04:00:00 PM,NA,NA,Angle,Clear,Dry,Daylight,No Controls,NONE DETECTED,No,No Apparent Injury,NA,Not Distracted,MD,Passenger Car,Moving Constant Speed,40,No,2023,MAZDA,CX-30,39.07331241,-77.13436214,2025,2,16
250006053,Property Damage Crash,02/10/2025 04:00:00 PM,NA,NA,Angle,Clear,Dry,Daylight,No Controls,NONE DETECTED,Yes,No Apparent Injury,NA,Not Distracted,MD,Passenger Car,Turning Left,40,No,2015,MINI,COOPER,39.07331241,-77.13436214,2025,2,16
250006044,Injury Crash,02/10/2025 03:04:00 PM,NA,NA,Other,Clear,Dry,Daylight,No Controls,NONE DETECTED,No,Possible Minor Injury,NA,Not Distracted,MD,Passenger Car,Turning Left,50,No,2017,CHEVROLET,MALIBU,39.17696805,-77.10050253,2025,2,15
250006044,Injury Crash,02/10/2025 03:04:00 PM,NA,NA,Other,Clear,Dry,Daylight,No Controls,NONE DETECTED,No,Possible Minor Injury,NA,Not Distracted,MD,Passenger Car,Moving Constant Speed,50,No,2015,TOYOTA,SCION TC,39.17696805,-77.10050253,2025,2,15
250006043,Property Damage Crash,02/10/2025 03:00:00 PM,NA,NA,Single Vehicle,Clear,Dry,Daylight,No Controls,NONE DETECTED,Yes,No Apparent Injury,Other Improper Action,Unknown,MD,Sport Utility Vehicle,Accelerating,25,No,2014,VOLVO,XC60,39.09945327,-77.06516974,2025,2,15
250006048,Property Damage Crash,02/10/2025 02:45:00 PM,ROCKLEDGE DR (SB/L),NA,Angle,Clear,Dry,Daylight,No Controls,NONE DETECTED,No,No Apparent Injury,NA,Not Distracted,MD,Bus - School,Slowing or Stopping,30,No,2016,THOMAS BUILT,HDX,39.02952567,-77.13199417,2025,2,14
250006048,Property Damage Crash,02/10/2025 02:45:00 PM,ROCKLEDGE DR (SB/L),NA,Angle,Clear,Dry,Daylight,No Controls,NONE DETECTED,No,No Apparent Injury,NA,Not Distracted,MD,Bus - School,Stopped in Traffic,30,No,2021,FREIGHTLINER,B2 BUS CHASSIS,39.02952567,-77.13199417,2025,2,14
250006014,Property Damage Crash,02/10/2025 12:51:00 PM,NA,NA,Angle,Clear,NA,Daylight,NA,NONE DETECTED,Yes,No Apparent Injury,Improper Backing,Not Distracted,MD,Van - Passenger (&lt;9 Seats),Backing,0,No,2022,FORD,TRANSIT CONNECT,39.13860198,-77.1813576,2025,2,12
250006009,Property Damage Crash,02/10/2025 12:44:00 PM,NEW HAMPSHIRE AVE,NA,Front to Rear,Clear,Dry,Daylight,No Controls,NONE DETECTED,No,No Apparent Injury,NA,Not Distracted,MD,Passenger Car,Slowing or Stopping,35,No,2007,LEXUS,GX,39.063598,-76.99927267,2025,2,12
250006009,Property Damage Crash,02/10/2025 12:44:00 PM,NEW HAMPSHIRE AVE,NA,Front to Rear,Clear,Dry,Daylight,No Controls,NONE DETECTED,Yes,No Apparent Injury,NA,"Other Action (looking away from task, etc.)",MD,Passenger Car,Moving Constant Speed,35,No,2014,HONDA,PILOT,39.063598,-76.99927267,2025,2,12
250006013,Property Damage Crash,02/10/2025 12:17:00 PM,NA,NA,Other,Clear,NA,Daylight,NA,NONE DETECTED,Yes,No Apparent Injury,Other Improper Action,Not Distracted,MD,Bus - School,Turning Left,0,No,2018,FREIGHTLINER,B2 BUS CHASSIS,38.99998875,-77.04912212,2025,2,12
250006007,Property Damage Crash,02/10/2025 12:02:00 PM,GERMANTOWN RD (SB/L),NA,Front to Rear,Clear,Dry,Daylight,No Controls,NONE DETECTED,No,NA,Followed Too Closely,NA,NA,Passenger Car,Accelerating,40,No,2015,HONDA,CIVIC,39.19203685,-77.24371428,2025,2,12
250006007,Property Damage Crash,02/10/2025 12:02:00 PM,GERMANTOWN RD (SB/L),NA,Front to Rear,Clear,Dry,Daylight,No Controls,NONE DETECTED,No,No Apparent Injury,NA,Not Distracted,MD,Passenger Car,Stopped in Traffic,40,No,2022,DODGE,CHARGER,39.19203685,-77.24371428,2025,2,12
250005189,Property Damage Crash,02/10/2025 09:44:00 AM,ROCKLEDGE DR,NA,Unknown,Clear,Dry,Daylight,Traffic Control Signal,NONE DETECTED,Yes,No Apparent Injury,"Improper Turn, Ran Off Roadway",Unknown,MD,Passenger Car,Making U-Turn,25,No,2019,NISSAN,SENTRA,39.02323,-77.132328330000007,2025,2,9
250005189,Property Damage Crash,02/10/2025 09:44:00 AM,ROCKLEDGE DR,NA,Unknown,Clear,Dry,Daylight,Traffic Control Signal,NONE DETECTED,No,No Apparent Injury,NA,Not Distracted,MD,Van - Passenger (&lt;9 Seats),Stopped in Traffic,25,No,2021,CHRYSLER,PACIFICA,39.02323,-77.132328330000007,2025,2,9
250005974,Property Damage Crash,02/10/2025 09:14:00 AM,MONTGOMERY VILLAGE AVE,NA,Front to Rear,Clear,Dry,Daylight,Traffic Control Signal,NONE DETECTED,No,No Apparent Injury,NA,Not Distracted,MD,Sport Utility Vehicle,Slowing or Stopping,35,No,2022,FORD,MUSTANG MACH-E,39.15365833,-77.21017,2025,2,9
250005974,Property Damage Crash,02/10/2025 09:14:00 AM,MONTGOMERY VILLAGE AVE,NA,Front to Rear,Clear,Dry,Daylight,Traffic Control Signal,NONE DETECTED,Yes,No Apparent Injury,Too Fast For Conditions,Not Distracted,MD,Passenger Car,Slowing or Stopping,35,No,2008,ACURA,TL,39.15365833,-77.21017,2025,2,9
250005976,Property Damage Crash,02/10/2025 08:53:00 AM,NA,NA,"Sideswipe, Same Direction",Clear,NA,Daylight,NA,NONE DETECTED,No,No Apparent Injury,NA,Not Distracted,MD,Bus - School,Slowing or Stopping,0,No,2024,FREIGHTLINER,B2 BUS CHASSIS,39.18332159,-77.2751344,2025,2,8
250005976,Property Damage Crash,02/10/2025 08:53:00 AM,NA,NA,"Sideswipe, Same Direction",Clear,NA,Daylight,NA,NONE DETECTED,Yes,No Apparent Injury,Improper Passing,Unknown,MD,Sport Utility Vehicle,Moving Constant Speed,0,No,2020,NISSAN,PATHFINDER,39.18332159,-77.2751344,2025,2,8
250005968,Injury Crash,02/10/2025 08:45:00 AM,NA,NA,Single Vehicle,Clear,NA,Daylight,NA,NONE DETECTED,No,Possible Minor Injury,NA,Not Distracted,MD,Passenger Car,Accelerating,0,No,2013,TOYOTA,HIGHLANDER,39.04509047,-76.98541321,2025,2,8
250005972,Injury Crash,02/10/2025 08:43:00 AM,LANARK WAY,Pedestrian,Single Vehicle,Clear,Dry,Daylight,Traffic Control Signal,NONE DETECTED,No,NA,NA,NA,NA,NA,NA,40,No,0,NA,NA,39.01862033,-77.01444041,2025,2,8
250006235,Property Damage Crash,02/10/2025 08:30:00 AM,NA,NA,"Sideswipe, Same Direction",Cloudy,NA,Daylight,NA,NONE DETECTED,No,NA,NA,NA,NA,Pickup,Accelerating,0,No,2013,TOYOTA,TUNDRA,39.00839739,-76.98364837,2025,2,8
250005956,Property Damage Crash,02/10/2025 06:25:00 AM,NA,NA,Single Vehicle,Clear,NA,Daylight,NA,NONE DETECTED,No,No Apparent Injury,NA,Not Distracted,MD,Passenger Car,Moving Constant Speed,0,No,2018,FORD,TRANSIT CONNECT,39.04649625,-77.09917224,2025,2,6
250005887,Property Damage Crash,02/10/2025 06:09:00 AM,NA,NA,Rear To Side,Clear,NA,Medium,NA,NONE DETECTED,No,NA,NA,NA,NA,Other Trucks,Backing,0,No,2023,FREIGHTLINER,CASCADIA,39.0967351,-77.1930148,2025,2,6
250005955,Property Damage Crash,02/10/2025 05:28:00 AM,RAMP 6 FR WATKINS MILL RD TO IS 270 SB,NA,Other,Clear,Dry,Medium,Traffic Control Signal,NONE DETECTED,No,No Apparent Injury,NA,Unknown,MD,Passenger Car,Accelerating,35,No,2023,GENESIS,GV70,39.15608298,-77.22576806,2025,2,5
250005955,Property Damage Crash,02/10/2025 05:28:00 AM,RAMP 6 FR WATKINS MILL RD TO IS 270 SB,NA,Other,Clear,Dry,Medium,Traffic Control Signal,NONE DETECTED,No,NA,NA,NA,NA,NA,Turning Left,35,No,0,NA,NA,39.15608298,-77.22576806,2025,2,5
250005952,Property Damage Crash,02/10/2025 03:38:00 AM,W MONTGOMERY AVE (EB/L),NA,Angle,Clear,Dry,Medium,Traffic Control Signal,NONE DETECTED,No,No Apparent Injury,NA,Not Distracted,MD,Other,Moving Constant Speed,25,No,2020,FREIGHTLINER,M2,39.08390499,-77.15656743,2025,2,3
250005952,Property Damage Crash,02/10/2025 03:38:00 AM,W MONTGOMERY AVE (EB/L),NA,Angle,Clear,Dry,Medium,Traffic Control Signal,ALCOHOL PRESENT,Yes,No Apparent Injury,NA,"Other Action (looking away from task, etc.)",MD,Passenger Car,Accelerating,25,No,2020,FORD,MUSTANG,39.08390499,-77.15656743,2025,2,3
250005949,Property Damage Crash,02/10/2025 12:47:00 AM,FRANKLIN ST,NA,"Sideswipe, Opposite Direction",Clear,Dry,Medium,No Controls,ALCOHOL PRESENT,Yes,No Apparent Injury,NA,Unknown,MD,Passenger Car,NA,30,No,2018,TOYOTA,CAMRY,39.01958216,-77.08635121,2025,2,0
250005949,Property Damage Crash,02/10/2025 12:47:00 AM,FRANKLIN ST,NA,"Sideswipe, Opposite Direction",Clear,Dry,Medium,No Controls,NONE DETECTED,No,No Apparent Injury,NA,Not Distracted,MD,Passenger Car,NA,30,No,2022,BMW,X4,39.01958216,-77.08635121,2025,2,0
250005929,Property Damage Crash,02/09/2025 07:42:00 PM,NA,NA,Other,Clear,NA,Medium,NA,NONE DETECTED,No,NA,NA,NA,NA,Sport Utility Vehicle,Backing,0,No,2020,BMW,X5,38.99293473,-77.09679577,2025,2,19
250006057,Property Damage Crash,02/09/2025 07:00:00 PM,FREDERICK RD,NA,Front to Rear,Clear,Dry,Medium,Traffic Control Signal,NONE DETECTED,No,No Apparent Injury,NA,Not Distracted,MD,Passenger Car,Stopped in Traffic,35,No,2012,MERCEDES-BENZ,C-CLASS,39.15237647,-77.2117509,2025,2,19
250006057,Property Damage Crash,02/09/2025 07:00:00 PM,FREDERICK RD,NA,Front to Rear,Clear,Dry,Medium,Traffic Control Signal,NONE DETECTED,No,NA,Other Improper Action,Unknown,NA,Passenger Car,Backing,35,No,2002,HONDA,ACCORD,39.15237647,-77.2117509,2025,2,19
250005920,Property Damage Crash,02/09/2025 06:20:00 PM,BRADLEY BLVD,NA,Front to Rear,Clear,Dry,Medium,Traffic Control Signal,NONE DETECTED,No,NA,NA,NA,NA,NA,Backing,30,No,0,NA,NA,38.98613308,-77.1153126,2025,2,18
250005920,Property Damage Crash,02/09/2025 06:20:00 PM,BRADLEY BLVD,NA,Front to Rear,Clear,Dry,Medium,Traffic Control Signal,NONE DETECTED,No,No Apparent Injury,NA,Not Distracted,MD,Sport Utility Vehicle,Stopped in Traffic,30,No,2023,CHEVROLET,SUBURBAN,38.98613308,-77.1153126,2025,2,18
250005919,Property Damage Crash,02/09/2025 06:05:00 PM,QUINCE ORCHARD RD,NA,Angle,Clear,Dry,Medium,Traffic Control Signal,NONE DETECTED,No,No Apparent Injury,NA,Not Distracted,MD,Passenger Car,Stopped in Traffic,25,No,2014,JEEP,CHEROKEE,39.14512459,-77.22006265,2025,2,18
250005919,Property Damage Crash,02/09/2025 06:05:00 PM,QUINCE ORCHARD RD,NA,Angle,Clear,Dry,Medium,Traffic Control Signal,NONE DETECTED,No,No Apparent Injury,NA,Not Distracted,MD,Passenger Car,Moving Constant Speed,35,No,2014,MERCEDES-BENZ,CLA-CLASS,39.14512459,-77.22006265,2025,2,18
250005919,Property Damage Crash,02/09/2025 06:05:00 PM,QUINCE ORCHARD RD,NA,Angle,Clear,Dry,Medium,Traffic Control Signal,NONE DETECTED,No,No Apparent Injury,NA,Not Distracted,MD,Passenger Car,Moving Constant Speed,35,No,2018,FORD,FLEX,39.14512459,-77.22006265,2025,2,18