Local Case Number,ACRS Report Type,Crash Date/Time,Road Name,Related Non-Motorist,Collision Type,Weather,Surface Condition,Light,Traffic Control,Driver Substance Abuse,Driver At Fault,Injury Severity,Circumstance,Driver Distracted By,Drivers License State,Vehicle Body Type,Vehicle Movement,Speed Limit,Driverless Vehicle,Vehicle Year,Vehicle Make,Vehicle Model,Latitude,Longitude,Year,Month,Hour
250005912,Injury Crash,02/09/2025 05:20:00 PM,CHERRY VALLEY DR,NA,Other,Clear,Dry,Daylight,Stop Sign,NONE DETECTED,No,No Apparent Injury,NA,Not Distracted,MD,Passenger Car,Moving Constant Speed,35,No,2018,TOYOTA,C-HR,39.13632604,-77.08633467,2025,2,17
250005912,Injury Crash,02/09/2025 05:20:00 PM,CHERRY VALLEY DR,NA,Other,Clear,Dry,Daylight,Stop Sign,NONE DETECTED,No,Possible Minor Injury,NA,Not Distracted,MD,Passenger Car,Moving Constant Speed,35,No,2003,TOYOTA,AVALON,39.13632604,-77.08633467,2025,2,17
250005910,Property Damage Crash,02/09/2025 05:13:00 PM,GEORGIA AVE (SB/L),NA,"Sideswipe, Same Direction",Clear,Dry,Daylight,No Controls,NONE DETECTED,No,No Apparent Injury,NA,Not Distracted,MD,Passenger Car,Moving Constant Speed,30,No,2018,BMW,530E,39.03068723,-77.04802685,2025,2,17
250005910,Property Damage Crash,02/09/2025 05:13:00 PM,GEORGIA AVE (SB/L),NA,"Sideswipe, Same Direction",Clear,Dry,Daylight,No Controls,NONE DETECTED,No,NA,NA,NA,NA,Passenger Car,Changing Lanes,30,No,2021,HYUNDAI,ELANTRA,39.03068723,-77.04802685,2025,2,17
250005902,Injury Crash,02/09/2025 04:30:00 PM,RAMP 10 FR RAMP 9 TO SHADY GROVE RD NB,NA,Angle,Clear,Dry,Daylight,Traffic Control Signal,NONE DETECTED,No,No Apparent Injury,NA,Not Distracted,MD,Sport Utility Vehicle,Turning Left,40,No,2011,JEEP,GRAND CHEROKEE,39.12971817,-77.16388467,2025,2,16
250005902,Injury Crash,02/09/2025 04:30:00 PM,RAMP 10 FR RAMP 9 TO SHADY GROVE RD NB,NA,Angle,Clear,Dry,Daylight,Traffic Control Signal,NONE DETECTED,Yes,No Apparent Injury,NA,Unknown,MD,Pickup,Moving Constant Speed,40,No,2008,TOYOTA,TACOMA,39.12971817,-77.16388467,2025,2,16
250005893,Injury Crash,02/09/2025 02:52:00 PM,NA,NA,Front to Rear,Clear,NA,Daylight,NA,NONE DETECTED,No,Possible Minor Injury,NA,Not Distracted,MD,Passenger Car,Stopped in Traffic,0,No,2009,DODGE,AVENGER,39.05524476,-76.95588865,2025,2,14
250005893,Injury Crash,02/09/2025 02:52:00 PM,NA,NA,Front to Rear,Clear,NA,Daylight,NA,NONE DETECTED,No,No Apparent Injury,NA,"Other Action (looking away from task, etc.)",MD,Passenger Car,Slowing or Stopping,0,No,2016,NISSAN,ROGUE,39.05524476,-76.95588865,2025,2,14
250005888,Property Damage Crash,02/09/2025 02:03:00 PM,GREENWOOD CIR,NA,Unknown,Clear,Dry,Daylight,No Controls,NONE DETECTED,Yes,No Apparent Injury,NA,Unknown,IL,Passenger Car,NA,5,No,2009,FORD,FOCUS,38.9920626,-77.001011,2025,2,14
250005886,Property Damage Crash,02/09/2025 01:01:00 PM,RIDGE RD (SB/L),NA,Front to Rear,Clear,Dry,Daylight,No Controls,NONE DETECTED,No,No Apparent Injury,Followed Too Closely,Not Distracted,PA,Passenger Car,Moving Constant Speed,35,No,2016,HONDA,ACCORD,39.30163044,-77.19746445,2025,2,13
250005886,Property Damage Crash,02/09/2025 01:01:00 PM,RIDGE RD (SB/L),NA,Front to Rear,Clear,Dry,Daylight,No Controls,NONE DETECTED,No,No Apparent Injury,NA,Not Distracted,MD,Passenger Car,Slowing or Stopping,35,No,2021,TOYOTA,VENZA,39.30163044,-77.19746445,2025,2,13
250005859,Property Damage Crash,02/09/2025 10:00:00 AM,GRAND PRE RD,NA,"Sideswipe, Same Direction",Clear,Dry,Daylight,No Controls,NONE DETECTED,Yes,No Apparent Injury,NA,Not Distracted,MD,Bus - Transit,Slowing or Stopping,25,No,2009,GILLIG,CITY TRANSIT BUS,39.087712,-77.07481217,2025,2,10
250005748,Property Damage Crash,02/09/2025 06:30:00 AM,WHITE OAK DR,NA,Front to Front,Clear,Dry,Daylight,No Controls,ALCOHOL PRESENT,Yes,No Apparent Injury,"Operated Motor Vehicle in Inattentive, Careless, Negligent, or Erratic Manner, Operated Motor Vehicle in Reckless or Aggressive Manner",Unknown,CA,Passenger Car,Moving Constant Speed,25,No,2019,NISSAN,SENTRA,39.01076754,-77.03885719,2025,2,6
250005851,Property Damage Crash,02/09/2025 06:23:00 AM,WILLIAMSBURG DR,NA,Single Vehicle,Clear,Ice/Frost,Medium,No Controls,NONE DETECTED,No,NA,NA,NA,NA,Passenger Car,NA,30,No,2013,TOYOTA,COROLLA,39.01790424,-77.00678395,2025,2,6
250005844,Property Damage Crash,02/09/2025 01:12:00 AM,BEL PRE RD (EB/L),NA,Single Vehicle,Rain,Wet,Medium,No Controls,ALCOHOL PRESENT,Yes,No Apparent Injury,"Failed to Keep in Proper Lane, Operated Motor Vehicle in Inattentive, Careless, Negligent, or Erratic Manner, Operated Motor Vehicle in Reckless or Aggressive Manner",Not Distracted,MD,Passenger Car,Moving Constant Speed,35,No,2021,NISSAN,ROGUE,39.09138015,-77.06911764,2025,2,1
250005837,Property Damage Crash,02/08/2025 09:47:00 PM,GERMANTOWN RD,NA,Rear To Side,Clear,Wet,Medium,Stop Sign,ALCOHOL PRESENT,Yes,No Apparent Injury,"Failed to Yield Right-of-Way, Operated Motor Vehicle in Inattentive, Careless, Negligent, or Erratic Manner, Operated Motor Vehicle in Reckless or Aggressive Manner, Ran Stop Sign",Not Distracted,MD,Passenger Car,Turning Left,30,No,2013,NISSAN,ALTIMA,39.15997827,-77.28404814,2025,2,21
250005837,Property Damage Crash,02/08/2025 09:47:00 PM,GERMANTOWN RD,NA,Rear To Side,Clear,Wet,Medium,No Controls,NONE DETECTED,No,No Apparent Injury,NA,Not Distracted,MD,Other,Moving Constant Speed,40,No,1997,KENWORTH,W900,39.15997827,-77.28404814,2025,2,21
250005829,Injury Crash,02/08/2025 06:13:00 PM,CHESTNUT ST,NA,Angle,Rain,Wet,Medium,No Controls,NONE DETECTED,No,No Apparent Injury,NA,Unknown,MD,Passenger Car,Moving Constant Speed,25,No,2013,HONDA,CIVIC,39.14345352,-77.20222178,2025,2,18
250005829,Injury Crash,02/08/2025 06:13:00 PM,CHESTNUT ST,NA,Angle,Rain,Wet,Medium,No Controls,NONE DETECTED,No,No Apparent Injury,NA,Unknown,MD,Passenger Car,Entering Traffic Lane,25,No,2018,HONDA,CLARITY,39.14345352,-77.20222178,2025,2,18
250005819,Injury Crash,02/08/2025 05:48:00 PM,NA,Pedestrian,Single Vehicle,Rain,Wet,Medium,Traffic Control Signal,NONE DETECTED,No,No Apparent Injury,NA,Not Distracted,MD,Passenger Car,Accelerating,25,No,2019,KIA,NIRO,38.97805646,-77.00619017,2025,2,17
250005804,Injury Crash,02/08/2025 03:33:00 PM,NA,NA,Angle,Rain,Wet,Daylight,No Controls,NONE DETECTED,No,Possible Minor Injury,NA,Not Distracted,MD,Passenger Car,NA,30,No,2024,NISSAN,ROGUE,39.14615067,-77.20417467,2025,2,15
250005804,Injury Crash,02/08/2025 03:33:00 PM,NA,NA,Angle,Rain,Wet,Daylight,No Controls,NONE DETECTED,No,Possible Minor Injury,NA,Not Distracted,MD,Passenger Car,Moving Constant Speed,30,No,2019,TOYOTA,HIGHLANDER,39.14615067,-77.20417467,2025,2,15
250005804,Injury Crash,02/08/2025 03:33:00 PM,NA,NA,Angle,Rain,Wet,Daylight,No Controls,NONE DETECTED,No,No Apparent Injury,NA,Not Distracted,MD,Passenger Car,Turning Left,30,No,2022,NISSAN,ALTIMA,39.14615067,-77.20417467,2025,2,15
250005799,Property Damage Crash,02/08/2025 02:14:00 PM,WASHINGTONIAN BLVD,NA,"Sideswipe, Same Direction",Cloudy,Wet,Daylight,No Controls,NONE DETECTED,No,No Apparent Injury,NA,Unknown,MD,Passenger Car,Moving Constant Speed,30,No,2023,TESLA,MODEL Y,39.11713919,-77.20470601,2025,2,14
250005799,Property Damage Crash,02/08/2025 02:14:00 PM,WASHINGTONIAN BLVD,NA,"Sideswipe, Same Direction",Cloudy,Wet,Daylight,No Controls,NONE DETECTED,No,No Apparent Injury,NA,Not Distracted,MD,Passenger Car,Moving Constant Speed,30,No,2021,TOYOTA,CAMRY,39.11713919,-77.20470601,2025,2,14
250006879,Property Damage Crash,02/08/2025 01:40:00 PM,NA,NA,Front to Rear,Clear,Dry,Daylight,No Controls,NONE DETECTED,No,No Apparent Injury,NA,Not Distracted,MD,Passenger Car,Slowing or Stopping,30,No,2008,TOYOTA,HIGHLANDER,39.15800925,-77.20475264,2025,2,13
250006879,Property Damage Crash,02/08/2025 01:40:00 PM,NA,NA,Front to Rear,Clear,Dry,Daylight,No Controls,NONE DETECTED,No,NA,NA,NA,NA,Pickup,Moving Constant Speed,30,No,2001,FORD,F-150,39.15800925,-77.20475264,2025,2,13
250005782,Property Damage Crash,02/08/2025 12:41:00 PM,GEORGIA AVE,NA,Rear To Side,Cloudy,Dry,Daylight,No Controls,NONE DETECTED,No,No Apparent Injury,NA,Unknown,MD,Sport Utility Vehicle,Turning Right,35,No,2022,TOYOTA,RAV4,39.04251246,-77.05191172,2025,2,12
250005782,Property Damage Crash,02/08/2025 12:41:00 PM,GEORGIA AVE,NA,Rear To Side,Cloudy,Dry,Daylight,No Controls,NONE DETECTED,No,NA,NA,NA,NA,NA,Making U-Turn,35,No,0,NA,NA,39.04251246,-77.05191172,2025,2,12
250005757,Property Damage Crash,02/08/2025 09:00:00 AM,ARCTIC AVE,NA,Angle,Clear,Dry,Daylight,Traffic Control Signal,NONE DETECTED,Yes,No Apparent Injury,Failed to Yield Right-of-Way,Not Distracted,MD,Passenger Car,Turning Left,30,No,2010,TOYOTA,HIGHLANDER,39.07133083,-77.09907467,2025,2,9
250005757,Property Damage Crash,02/08/2025 09:00:00 AM,ARCTIC AVE,NA,Angle,Clear,Dry,Daylight,Traffic Control Signal,NONE DETECTED,No,No Apparent Injury,NA,Not Distracted,MD,Passenger Car,Moving Constant Speed,30,No,2008,TOYOTA,HIGHLANDER,39.07133083,-77.09907467,2025,2,9
250005760,Property Damage Crash,02/08/2025 08:58:00 AM,NA,NA,Single Vehicle,Cloudy,Dry,Daylight,No Controls,NONE DETECTED,Yes,No Apparent Injury,"Failed to Keep in Proper Lane, Ran Off Roadway",Unknown,VA,Sport Utility Vehicle,Moving Constant Speed,40,No,2019,AUDI,Q5,39.04773933,-77.2654384,2025,2,8
250005752,Property Damage Crash,02/08/2025 07:30:00 AM,UNIVERSITY BLVD E,NA,Angle,Cloudy,Dry,Daylight,No Controls,NONE DETECTED,No,No Apparent Injury,NA,Not Distracted,MD,Passenger Car,Moving Constant Speed,35,No,2021,TOYOTA,CAMRY,39.00973246,-76.99993978,2025,2,7
250005752,Property Damage Crash,02/08/2025 07:30:00 AM,UNIVERSITY BLVD E,NA,Angle,Cloudy,Dry,Daylight,No Controls,NONE DETECTED,Yes,No Apparent Injury,Failed to Yield Right-of-Way,Unknown,MD,Sport Utility Vehicle,Making U-Turn,35,No,2025,TOYOTA,RAV4,39.00973246,-76.99993978,2025,2,7
250005737,Property Damage Crash,02/08/2025 02:55:00 AM,NA,NA,Angle,Clear,NA,Medium,NA,NONE DETECTED,No,No Apparent Injury,NA,NA,NA,Pickup,Accelerating,0,No,2021,RAM,3500,38.98814905,-77.0987079,2025,2,2
250005737,Property Damage Crash,02/08/2025 02:55:00 AM,NA,NA,Angle,Clear,NA,Medium,NA,NONE DETECTED,No,No Apparent Injury,NA,Not Distracted,MD,Passenger Car,Moving Constant Speed,0,No,2014,VOLKSWAGEN,PASSAT,38.98814905,-77.0987079,2025,2,2
250005726,Injury Crash,02/07/2025 11:36:00 PM,GEORGIA AVE (SB/L),Pedestrian,Single Vehicle,Clear,Dry,Medium,No Controls,NONE DETECTED,No,No Apparent Injury,NA,Unknown,NA,Passenger Car,Moving Constant Speed,35,No,0,NA,NA,38.99256369,-77.02672456,2025,2,23
250005725,Property Damage Crash,02/07/2025 11:24:00 PM,MONTGOMERY VILLAGE AVE (SB/L),Pedestrian,Single Vehicle,Clear,Dry,Medium,Pedestrian Crossing Sign,NONE DETECTED,No,No Apparent Injury,NA,Not Distracted,MD,Passenger Car,Moving Constant Speed,35,No,2024,TOYOTA,COROLLA,39.17087948,-77.20405238,2025,2,23
250005720,Injury Crash,02/07/2025 10:24:00 PM,NEW HAMPSHIRE AVE,NA,Front to Rear,Clear,Dry,Medium,Traffic Control Signal,NONE DETECTED,Yes,No Apparent Injury,NA,Unknown,MD,Passenger Car,Moving Constant Speed,35,No,2019,NISSAN,MAXIMA,38.9872765,-76.987842,2025,2,22
250005720,Injury Crash,02/07/2025 10:24:00 PM,NEW HAMPSHIRE AVE,NA,Front to Rear,Clear,Dry,Medium,Traffic Control Signal,NONE DETECTED,No,Possible Minor Injury,NA,Not Distracted,MD,Passenger Car,Parked,35,No,2007,TOYOTA,CAMRY,38.9872765,-76.987842,2025,2,22
250005719,Property Damage Crash,02/07/2025 10:22:00 PM,COLUMBIA PIKE,NA,Single Vehicle,Clear,Dry,Medium,No Controls,NONE DETECTED,No,No Apparent Injury,NA,Unknown,NA,Passenger Car,Moving Constant Speed,55,No,2015,TOYOTA,COROLLA,39.093891,-76.93914583,2025,2,22
250005783,Property Damage Crash,02/07/2025 10:15:00 PM,TWINBROOK PKWY,NA,"Sideswipe, Same Direction",Cloudy,Dry,Medium,No Controls,NONE DETECTED,No,NA,NA,NA,NA,Passenger Car,Moving Constant Speed,30,No,2012,HONDA,ACCORD,39.07231703,-77.11286987,2025,2,22
250005783,Property Damage Crash,02/07/2025 10:15:00 PM,TWINBROOK PKWY,NA,"Sideswipe, Same Direction",Cloudy,Dry,Medium,No Controls,NONE DETECTED,No,No Apparent Injury,NA,Not Distracted,MD,Passenger Car,Moving Constant Speed,30,No,2017,VOLKSWAGEN,JETTA,39.07231703,-77.11286987,2025,2,22
250005713,Property Damage Crash,02/07/2025 08:54:00 PM,GRAND CORNER AVE,NA,Front to Rear,Clear,Dry,Medium,No Controls,ALCOHOL PRESENT,Yes,No Apparent Injury,NA,Unknown,MD,Passenger Car,NA,5,No,2020,MERCEDES-BENZ,GLE-CLASS,39.11713798,-77.20101265,2025,2,20
250005713,Property Damage Crash,02/07/2025 08:54:00 PM,GRAND CORNER AVE,NA,Front to Rear,Clear,Dry,Medium,No Controls,NONE DETECTED,No,No Apparent Injury,NA,Not Distracted,MD,Passenger Car,Parked,5,No,2010,TOYOTA,COROLLA,39.11713798,-77.20101265,2025,2,20
250005712,Property Damage Crash,02/07/2025 08:14:00 PM,GEORGIA AVE,NA,Other,Clear,Dry,Medium,Traffic Control Signal,NONE DETECTED,No,No Apparent Injury,NA,Not Distracted,MD,Single-Unit Truck,Slowing or Stopping,30,No,2024,FREIGHTLINER,CASCADIA,39.15222716,-77.06716884,2025,2,20
250005712,Property Damage Crash,02/07/2025 08:14:00 PM,GEORGIA AVE,NA,Other,Clear,Dry,Medium,Traffic Control Signal,NONE DETECTED,No,No Apparent Injury,NA,Not Distracted,MD,Passenger Car,Stopped in Traffic,30,No,2024,HONDA,ACCORD,39.15222716,-77.06716884,2025,2,20
250005708,Injury Crash,02/07/2025 07:39:00 PM,GEORGIA AVE,NA,"Sideswipe, Same Direction",Clear,Dry,Dark,No Controls,NONE DETECTED,No,No Apparent Injury,NA,Not Distracted,MD,Passenger Car,Moving Constant Speed,35,No,2021,VOLKSWAGEN,JETTA,39.04545296,-77.05205383,2025,2,19
250005708,Injury Crash,02/07/2025 07:39:00 PM,GEORGIA AVE,NA,"Sideswipe, Same Direction",Clear,Dry,Dark,No Controls,NONE DETECTED,Yes,No Apparent Injury,Failed to Yield Right-of-Way,Unknown,MD,Passenger Car,Changing Lanes,35,No,2018,HONDA,CIVIC,39.04545296,-77.05205383,2025,2,19
250005702,Property Damage Crash,02/07/2025 07:00:00 PM,NA,NA,Angle,Clear,Dry,Medium,No Controls,NONE DETECTED,No,No Apparent Injury,NA,Not Distracted,MD,Van - Cargo,Slowing or Stopping,35,No,2012,FREIGHTLINER,MT 55G FRONT GASOLINE ENGINE WALK IN VAN,39.09040232,-77.04834539,2025,2,19
250005702,Property Damage Crash,02/07/2025 07:00:00 PM,NA,NA,Angle,Clear,Dry,Medium,Stop Sign,NONE DETECTED,Yes,No Apparent Injury,"Disregarded Other Traffic Sign, Failed to Yield Right-of-Way, Improper Turn",Not Distracted,MD,Passenger Car,Turning Left,35,No,2007,LEXUS,RX,39.09040232,-77.04834539,2025,2,19
250005684,Injury Crash,02/07/2025 05:37:00 PM,NA,NA,Single Vehicle,Clear,NA,Daylight,NA,NONE DETECTED,No,Possible Minor Injury,Other Improper Action,Unknown,MD,Passenger Car,Accelerating,0,No,2025,HYUNDAI,ELANTRA,39.06455993,-77.1269256,2025,2,17
250005681,Property Damage Crash,02/07/2025 05:30:00 PM,NORBECK RD,NA,Front to Rear,Clear,Dry,Daylight,No Controls,NONE DETECTED,Yes,No Apparent Injury,NA,Unknown,MD,Passenger Car,Moving Constant Speed,35,No,2014,HONDA,CR-V,39.09643949,-77.10861236,2025,2,17
250005681,Property Damage Crash,02/07/2025 05:30:00 PM,NORBECK RD,NA,Front to Rear,Clear,Dry,Daylight,No Controls,NONE DETECTED,No,No Apparent Injury,NA,Not Distracted,MD,Passenger Car,Slowing or Stopping,35,No,2023,SUBARU,CROSSTREK,39.09643949,-77.10861236,2025,2,17
250005680,Property Damage Crash,02/07/2025 05:25:00 PM,NA,NA,Front to Front,Clear,Dry,Daylight,No Controls,NONE DETECTED,No,No Apparent Injury,NA,Not Distracted,MD,Sport Utility Vehicle,Moving Constant Speed,30,No,2003,CHEVROLET,TRAILBLAZER,39.14571402,-77.20373679,2025,2,17
250005680,Property Damage Crash,02/07/2025 05:25:00 PM,NA,NA,Front to Front,Clear,Dry,Daylight,Stop Sign,NONE DETECTED,No,No Apparent Injury,NA,Not Distracted,MD,Sport Utility Vehicle,Entering Traffic Lane,30,No,2018,TOYOTA,HIGHLANDER,39.14571402,-77.20373679,2025,2,17
250005683,Property Damage Crash,02/07/2025 05:15:00 PM,NA,NA,Rear To Rear,Clear,NA,Medium,NA,NONE DETECTED,No,No Apparent Injury,NA,Not Distracted,MD,Passenger Car,Moving Constant Speed,0,No,2002,CHRYSLER,PT CRUISER,38.99265067,-77.02689687,2025,2,17
250005683,Property Damage Crash,02/07/2025 05:15:00 PM,NA,NA,Rear To Rear,Clear,NA,Medium,NA,NONE DETECTED,No,No Apparent Injury,NA,Not Distracted,MD,Passenger Car,Moving Constant Speed,0,No,2019,NISSAN,ALTIMA,38.99265067,-77.02689687,2025,2,17
250005677,Injury Crash,02/07/2025 05:15:00 PM,NA,NA,Front to Rear,Clear,Dry,Medium,Traffic Control Signal,NONE DETECTED,No,Possible Minor Injury,NA,Not Distracted,MD,Passenger Car,Entering Traffic Lane,35,No,2024,LEXUS,RX,39.04009767,-76.99066,2025,2,17
250005677,Injury Crash,02/07/2025 05:15:00 PM,NA,NA,Front to Rear,Clear,Dry,Medium,Traffic Control Signal,NONE DETECTED,Yes,No Apparent Injury,NA,Unknown,MD,Passenger Car,Entering Traffic Lane,35,No,2015,LAND ROVER,DISCOVERY SPORT,39.04009767,-76.99066,2025,2,17
250005673,Property Damage Crash,02/07/2025 04:40:00 PM,RANDOLPH RD (WB/L),NA,Angle,Clear,Dry,Daylight,Traffic Control Signal,NONE DETECTED,No,No Apparent Injury,NA,Not Distracted,NJ,Passenger Car,Moving Constant Speed,35,No,2016,BMW,X1,39.05543503,-77.08374698,2025,2,16
250005673,Property Damage Crash,02/07/2025 04:40:00 PM,RANDOLPH RD (WB/L),NA,Angle,Clear,Dry,Daylight,Traffic Control Signal,NONE DETECTED,Yes,No Apparent Injury,NA,Not Distracted,MD,Passenger Car,Turning Left,35,No,2016,JEEP,WRANGLER,39.05543503,-77.08374698,2025,2,16
250005675,Property Damage Crash,02/07/2025 04:34:00 PM,ENNALLS AVE,NA,Rear To Side,Clear,Dry,Daylight,No Controls,NONE DETECTED,No,No Apparent Injury,NA,Not Distracted,MD,Passenger Car,Moving Constant Speed,25,No,2021,TOYOTA,CAMRY,39.04084417,-77.05144751,2025,2,16
250005675,Property Damage Crash,02/07/2025 04:34:00 PM,ENNALLS AVE,NA,Rear To Side,Clear,Dry,Daylight,No Controls,NONE DETECTED,Yes,No Apparent Injury,NA,Not Distracted,MD,Passenger Car,Turning Left,25,No,2002,VOLVO,S60,39.04084417,-77.05144751,2025,2,16
250005669,Property Damage Crash,02/07/2025 03:54:00 PM,NA,NA,Other,Clear,NA,Daylight,NA,NONE DETECTED,Yes,No Apparent Injury,Improper Backing,Not Distracted,MD,Passenger Car,Backing,0,No,2025,HONDA,HR-V,39.04796251,-77.08473169,2025,2,15
250005669,Property Damage Crash,02/07/2025 03:54:00 PM,NA,NA,Other,Clear,NA,Daylight,NA,NONE DETECTED,No,No Apparent Injury,NA,Not Distracted,MD,Passenger Car,Moving Constant Speed,0,No,2024,THOMAS BUILT,HDX,39.04796251,-77.08473169,2025,2,15
250005660,Injury Crash,02/07/2025 03:30:00 PM,TRIMFIELD LA,NA,Angle,Clear,Dry,Daylight,Traffic Control Signal,NONE DETECTED,No,No Apparent Injury,NA,Not Distracted,CA,Passenger Car,Moving Constant Speed,35,No,2016,CHEVROLET,SILVERADO,39.186316,-77.27361107,2025,2,15
250005660,Injury Crash,02/07/2025 03:30:00 PM,TRIMFIELD LA,NA,Angle,Clear,Dry,Daylight,Traffic Control Signal,NONE DETECTED,Yes,Possible Minor Injury,Failed to Yield Right-of-Way,Unknown,MD,Passenger Car,Turning Left,35,No,2009,ACURA,TSX,39.186316,-77.27361107,2025,2,15
250005652,Property Damage Crash,02/07/2025 02:50:00 PM,NA,NA,Angle,Clear,NA,Daylight,NA,NONE DETECTED,No,No Apparent Injury,NA,Not Distracted,MD,Bus - School,Slowing or Stopping,0,No,2014,FREIGHTLINER,B2 BUS CHASSIS,39.13603883,-77.1931431,2025,2,14
250005652,Property Damage Crash,02/07/2025 02:50:00 PM,NA,NA,Angle,Clear,NA,Daylight,NA,NONE DETECTED,No,No Apparent Injury,Improper Passing,Not Distracted,MD,Bus - School,Moving Constant Speed,0,No,2024,FREIGHTLINER,B2 BUS CHASSIS,39.13603883,-77.1931431,2025,2,14
250005647,Property Damage Crash,02/07/2025 02:04:00 PM,NA,NA,"Sideswipe, Same Direction",Clear,Dry,Daylight,No Controls,NONE DETECTED,Yes,No Apparent Injury,Failed to Keep in Proper Lane,Not Distracted,MD,Passenger Car,Changing Lanes,40,No,2007,TOYOTA,AVALON,39.14728095,-77.14605199,2025,2,14
250005647,Property Damage Crash,02/07/2025 02:04:00 PM,NA,NA,"Sideswipe, Same Direction",Clear,Dry,Daylight,No Controls,NONE DETECTED,No,No Apparent Injury,NA,Not Distracted,MD,Bus - School,Moving Constant Speed,40,No,2016,THOMAS BUILT,HDX,39.14728095,-77.14605199,2025,2,14
250005635,Property Damage Crash,02/07/2025 02:01:00 PM,METRORAIL TRACK B1 RAIL,NA,"Sideswipe, Same Direction",Clear,Dry,Daylight,No Controls,NONE DETECTED,No,No Apparent Injury,Too Fast For Conditions,Unknown,FL,Sport Utility Vehicle,Changing Lanes,35,No,2024,FORD,BRONCO,39.01047917,-77.04082167,2025,2,14
250005635,Property Damage Crash,02/07/2025 02:01:00 PM,METRORAIL TRACK B1 RAIL,NA,"Sideswipe, Same Direction",Clear,Dry,Daylight,No Controls,NONE DETECTED,No,No Apparent Injury,NA,Not Distracted,MD,Other Trucks,Changing Lanes,35,No,2014,KENWORTH,T3 SERIES,39.01047917,-77.04082167,2025,2,14
250005644,Property Damage Crash,02/07/2025 12:53:00 PM,NA,NA,Front to Rear,Clear,Dry,Daylight,Traffic Control Signal,NONE DETECTED,No,No Apparent Injury,NA,Not Distracted,MD,Passenger Car,Stopped in Traffic,30,No,2012,HONDA,ACCORD,39.05530171,-76.9567089,2025,2,12
250005644,Property Damage Crash,02/07/2025 12:53:00 PM,NA,NA,Front to Rear,Clear,Dry,Daylight,Traffic Control Signal,NONE DETECTED,No,NA,NA,NA,NA,Passenger Car,Backing,40,No,2015,LEXUS,RX,39.05530171,-76.9567089,2025,2,12
250005619,Injury Crash,02/07/2025 12:49:00 PM,DENNIS AVE,Pedestrian,Single Vehicle,Clear,Dry,Daylight,Traffic Control Signal,NONE DETECTED,Yes,No Apparent Injury,NA,Unknown,MD,Passenger Car,Turning Right,35,No,2017,ACURA,RDX,39.02531197,-77.0459823,2025,2,12
250005608,Property Damage Crash,02/07/2025 12:15:00 PM,CONTOUR RD,NA,Angle,Clear,Dry,Daylight,Traffic Control Signal,NONE DETECTED,No,No Apparent Injury,NA,Not Distracted,MD,Passenger Car,Moving Constant Speed,35,No,2015,HONDA,PILOT,39.15485801,-77.201071,2025,2,12
250005608,Property Damage Crash,02/07/2025 12:15:00 PM,CONTOUR RD,NA,Angle,Clear,Dry,Daylight,Traffic Control Signal,NONE DETECTED,Yes,No Apparent Injury,Failed to Yield Right-of-Way,Unknown,MD,Passenger Car,Turning Left,35,No,2012,TOYOTA,RAV4,39.15485801,-77.201071,2025,2,12
250005600,Property Damage Crash,02/07/2025 11:12:00 AM,NA,NA,Other,Clear,NA,Daylight,NA,NONE DETECTED,Yes,No Apparent Injury,NA,Not Distracted,MD,Passenger Car,Backing,0,No,2010,CHEVROLET,CAMARO,39.075841,-77.13892661,2025,2,11
250005605,Property Damage Crash,02/07/2025 11:01:00 AM,RIDGE RD (SB/L),NA,Front to Rear,Clear,Dry,Daylight,No Controls,NONE DETECTED,No,No Apparent Injury,NA,Not Distracted,MD,Pickup,Entering Traffic Lane,35,No,2012,FORD,F-250,39.28713104,-77.20784143,2025,2,11
250005605,Property Damage Crash,02/07/2025 11:01:00 AM,RIDGE RD (SB/L),NA,Front to Rear,Clear,Dry,Daylight,No Controls,NONE DETECTED,Yes,No Apparent Injury,Improper Backing,Not Distracted,MD,Pickup,Backing,35,No,2017,FORD,F-350,39.28713104,-77.20784143,2025,2,11