Local Case Number,ACRS Report Type,Crash Date/Time,Road Name,Related Non-Motorist,Collision Type,Weather,Surface Condition,Light,Traffic Control,Driver Substance Abuse,Driver At Fault,Injury Severity,Circumstance,Driver Distracted By,Drivers License State,Vehicle Body Type,Vehicle Movement,Speed Limit,Driverless Vehicle,Vehicle Year,Vehicle Make,Vehicle Model,Latitude,Longitude,Year,Month,Hour
250005580,Property Damage Crash,02/07/2025 09:46:00 AM,GRAMERCY BLVD,NA,Single Vehicle,Clear,Dry,Daylight,Traffic Control Signal,NONE DETECTED,No,No Apparent Injury,NA,Unknown,MD,Bus - School,Turning Right,30,No,2019,THOMAS BUILT,HDX,39.12474167,-77.1644415,2025,2,9
250005574,Property Damage Crash,02/07/2025 09:16:00 AM,CHURCH ST (WB/L),NA,"Sideswipe, Same Direction",Clear,Dry,Daylight,Traffic Control Signal,NONE DETECTED,Yes,No Apparent Injury,NA,Not Distracted,MD,Sport Utility Vehicle,Moving Constant Speed,0,No,2010,GMC,YUKON,39.08355471,-77.14670975,2025,2,9
250005574,Property Damage Crash,02/07/2025 09:16:00 AM,CHURCH ST (WB/L),NA,"Sideswipe, Same Direction",Clear,Dry,Daylight,Traffic Control Signal,NONE DETECTED,No,No Apparent Injury,NA,Not Distracted,MD,Bus - Transit,Stopped in Traffic,0,No,2017,GILLIG,UTILITY BUS,39.08355471,-77.14670975,2025,2,9
250005569,Injury Crash,02/07/2025 08:53:00 AM,GEORGIA AVE (SB/L),NA,Front to Rear,Clear,Dry,Daylight,No Controls,NONE DETECTED,Yes,Possible Minor Injury,Followed Too Closely,Unknown,DC,Sport Utility Vehicle,Slowing or Stopping,35,No,2014,JEEP,PATRIOT,39.02375933,-77.04568667,2025,2,8
250005569,Injury Crash,02/07/2025 08:53:00 AM,GEORGIA AVE (SB/L),NA,Front to Rear,Clear,Dry,Daylight,No Controls,NONE DETECTED,Yes,No Apparent Injury,Followed Too Closely,Unknown,MD,Passenger Car,Slowing or Stopping,35,No,2025,HONDA,CIVIC,39.02375933,-77.04568667,2025,2,8
250005569,Injury Crash,02/07/2025 08:53:00 AM,GEORGIA AVE (SB/L),NA,Front to Rear,Clear,Dry,Daylight,No Controls,NONE DETECTED,No,No Apparent Injury,NA,Not Distracted,MD,Passenger Car,Slowing or Stopping,35,No,2003,ACURA,RSX,39.02375933,-77.04568667,2025,2,8
250005562,Injury Crash,02/07/2025 08:30:00 AM,MONTGOMERY VILLAGE AVE (SB/L),NA,Front to Rear,Clear,Dry,Daylight,No Controls,NONE DETECTED,No,Possible Minor Injury,NA,Unknown,MD,Sport Utility Vehicle,Moving Constant Speed,35,No,2020,TOYOTA,RAV4,39.15407089,-77.21026857,2025,2,8
250005562,Injury Crash,02/07/2025 08:30:00 AM,MONTGOMERY VILLAGE AVE (SB/L),NA,Front to Rear,Clear,Dry,Daylight,No Controls,NONE DETECTED,No,No Apparent Injury,NA,Not Distracted,MD,Van - Passenger (&lt;9 Seats),Slowing or Stopping,35,No,2010,TOYOTA,SIENNA,39.15407089,-77.21026857,2025,2,8
250005555,Injury Crash,02/07/2025 07:31:00 AM,RIDGEMONT AVE (EB/L),NA,"Sideswipe, Same Direction",Clear,Dry,Daylight,No Controls,NONE DETECTED,No,No Apparent Injury,NA,Not Distracted,MD,Sport Utility Vehicle,Moving Constant Speed,35,No,2019,HONDA,PASSPORT,39.11902574,-77.17192855,2025,2,7
250005555,Injury Crash,02/07/2025 07:31:00 AM,RIDGEMONT AVE (EB/L),NA,"Sideswipe, Same Direction",Clear,Dry,Daylight,No Controls,NONE DETECTED,No,No Apparent Injury,NA,Not Distracted,MD,Sport Utility Vehicle,Moving Constant Speed,35,No,2015,TOYOTA,RAV4,39.11902574,-77.17192855,2025,2,7
250005555,Injury Crash,02/07/2025 07:31:00 AM,RIDGEMONT AVE (EB/L),NA,"Sideswipe, Same Direction",Clear,Dry,Daylight,No Controls,NONE DETECTED,No,Possible Minor Injury,NA,Not Distracted,MD,Passenger Car,Moving Constant Speed,35,No,2016,TOYOTA,COROLLA,39.11902574,-77.17192855,2025,2,7
250005555,Injury Crash,02/07/2025 07:31:00 AM,RIDGEMONT AVE (EB/L),NA,"Sideswipe, Same Direction",Clear,Dry,Daylight,No Controls,NONE DETECTED,No,NA,NA,NA,NA,NA,Moving Constant Speed,35,No,0,NA,NA,39.11902574,-77.17192855,2025,2,7
250005556,Injury Crash,02/07/2025 07:30:00 AM,COLESVILLE RD,NA,"Sideswipe, Same Direction",Clear,Dry,Daylight,No Controls,NONE DETECTED,No,Possible Minor Injury,NA,Not Distracted,MD,Passenger Car,Entering Traffic Lane,35,No,2021,LEXUS,ES,39.01591707,-77.01608048,2025,2,7
250005556,Injury Crash,02/07/2025 07:30:00 AM,COLESVILLE RD,NA,"Sideswipe, Same Direction",Clear,Dry,Daylight,No Controls,NONE DETECTED,No,No Apparent Injury,NA,Not Distracted,MD,Passenger Car,Moving Constant Speed,35,No,2013,TOYOTA,CAMRY,39.01591707,-77.01608048,2025,2,7
250005556,Injury Crash,02/07/2025 07:30:00 AM,COLESVILLE RD,NA,"Sideswipe, Same Direction",Clear,Dry,Daylight,No Controls,NONE DETECTED,No,No Apparent Injury,NA,Not Distracted,MD,Passenger Car,Moving Constant Speed,35,No,2010,HONDA,ACCORD CROSSTOUR,39.01591707,-77.01608048,2025,2,7
250005558,Property Damage Crash,02/07/2025 07:26:00 AM,METROPOLITAN AVE,NA,"Sideswipe, Same Direction",Clear,Dry,Daylight,Stop Sign,NONE DETECTED,No,No Apparent Injury,NA,Unknown,MD,Pickup,Moving Constant Speed,25,No,2014,FORD,F-350,39.02461721,-77.06848655,2025,2,7
250005558,Property Damage Crash,02/07/2025 07:26:00 AM,METROPOLITAN AVE,NA,"Sideswipe, Same Direction",Clear,Dry,Daylight,Stop Sign,NONE DETECTED,No,No Apparent Injury,NA,Unknown,MD,Bus - School,Turning Right,20,No,2015,FREIGHTLINER,B2 BUS CHASSIS,39.02461721,-77.06848655,2025,2,7
250005545,Injury Crash,02/07/2025 02:25:00 AM,BRADLEY BLVD,NA,Front to Rear,Cloudy,Dry,Medium,No Controls,ALCOHOL PRESENT,Yes,Possible Minor Injury,NA,Not Distracted,PA,Passenger Car,Moving Constant Speed,25,No,2017,SUBARU,FORESTER,38.97805127,-77.09291124,2025,2,2
250005526,Injury Crash,02/06/2025 08:34:00 PM,NA,NA,Front to Rear,Clear,NA,Medium,NA,NONE DETECTED,Yes,No Apparent Injury,"Failed to Yield Right-of-Way, Operated Motor Vehicle in Inattentive, Careless, Negligent, or Erratic Manner, Operated Motor Vehicle in Reckless or Aggressive Manner, Other Improper Action, Too Fast For Conditions",Unknown,MD,Passenger Car,Moving Constant Speed,0,No,2003,LEXUS,LS,39.07367812,-77.13692894,2025,2,20
250005526,Injury Crash,02/06/2025 08:34:00 PM,NA,NA,Front to Rear,Clear,NA,Medium,NA,NONE DETECTED,No,Possible Minor Injury,NA,Not Distracted,MD,Passenger Car,Moving Constant Speed,0,No,2016,FORD,TAURUS,39.07367812,-77.13692894,2025,2,20
250005517,Property Damage Crash,02/06/2025 07:00:00 PM,GREAT SENECA HWY,NA,Single Vehicle,Cloudy,Wet,Medium,No Controls,NONE DETECTED,No,No Apparent Injury,"Swerved or Avoided Due to Wind, Slippery Surface, Motor Vehicle, Object, Non-Motorist in Roadway, etc",Unknown,MD,Sport Utility Vehicle,Moving Constant Speed,50,No,2024,KIA,SPORTAGE,39.13506221,-77.24903831,2025,2,19
250005517,Property Damage Crash,02/06/2025 07:00:00 PM,GREAT SENECA HWY,NA,Single Vehicle,Cloudy,Wet,Medium,No Controls,NONE DETECTED,No,No Apparent Injury,"Swerved or Avoided Due to Wind, Slippery Surface, Motor Vehicle, Object, Non-Motorist in Roadway, etc",Unknown,MD,Sport Utility Vehicle,Moving Constant Speed,50,No,2023,BMW,X3,39.13506221,-77.24903831,2025,2,19
250005516,Property Damage Crash,02/06/2025 06:48:00 PM,NA,NA,Front to Rear,Clear,Dry,Medium,Pedestrian Crossing Sign,NONE DETECTED,No,No Apparent Injury,NA,Not Distracted,MD,Bus - Other Type,Moving Constant Speed,25,No,2020,NOVABUS,LFS,39.11378232,-77.16949363,2025,2,18
250005516,Property Damage Crash,02/06/2025 06:48:00 PM,NA,NA,Front to Rear,Clear,Dry,Medium,Pedestrian Crossing Sign,NONE DETECTED,Yes,No Apparent Injury,NA,Unknown,MD,Passenger Car,Moving Constant Speed,25,No,2010,TOYOTA,COROLLA,39.11378232,-77.16949363,2025,2,18
250005516,Property Damage Crash,02/06/2025 06:48:00 PM,NA,NA,Front to Rear,Clear,Dry,Medium,Pedestrian Crossing Sign,NONE DETECTED,No,No Apparent Injury,NA,Not Distracted,VA,Passenger Car,Moving Constant Speed,25,No,2016,NISSAN,MURANO,39.11378232,-77.16949363,2025,2,18
250005514,Property Damage Crash,02/06/2025 06:45:00 PM,CHERRY VALLEY DR,NA,Angle,Clear,Wet,Medium,Stop Sign,NONE DETECTED,Yes,No Apparent Injury,"Failed to Yield Right-of-Way, Other Improper Action",Not Distracted,MD,Passenger Car,Accelerating,25,No,2016,TOYOTA,HIGHLANDER,39.13623467,-77.08638383,2025,2,18
250005514,Property Damage Crash,02/06/2025 06:45:00 PM,CHERRY VALLEY DR,NA,Angle,Clear,Wet,Medium,Stop Sign,NONE DETECTED,No,No Apparent Injury,NA,Not Distracted,MD,Passenger Car,Accelerating,25,No,2024,KIA,SELTOS,39.13623467,-77.08638383,2025,2,18
250005520,Property Damage Crash,02/06/2025 06:25:00 PM,REDLAND RD (NB/L),NA,"Sideswipe, Same Direction",Cloudy,Wet,Medium,Traffic Control Signal,NONE DETECTED,No,No Apparent Injury,NA,Not Distracted,MD,Pickup,Stopped in Traffic,30,No,2001,FORD,F-250,39.120615,-77.15874333,2025,2,18
250005520,Property Damage Crash,02/06/2025 06:25:00 PM,REDLAND RD (NB/L),NA,"Sideswipe, Same Direction",Cloudy,Wet,Medium,Traffic Control Signal,NONE DETECTED,No,No Apparent Injury,NA,Not Distracted,MD,Bus - Transit,Slowing or Stopping,30,No,2019,GILLIG,LOW FLOOR BUS,39.120615,-77.15874333,2025,2,18
250005506,Property Damage Crash,02/06/2025 06:06:00 PM,RIVER RD,NA,Front to Rear,Clear,Dry,Medium,Traffic Control Signal,NONE DETECTED,No,No Apparent Injury,NA,Not Distracted,VA,Passenger Car,Stopped in Traffic,30,No,2018,TOYOTA,COROLLA,38.96017676,-77.09655585,2025,2,18
250005506,Property Damage Crash,02/06/2025 06:06:00 PM,RIVER RD,NA,Front to Rear,Clear,Dry,Medium,Traffic Control Signal,NONE DETECTED,Yes,No Apparent Injury,NA,Unknown,VA,Passenger Car,Moving Constant Speed,30,No,2014,DODGE,CHALLENGER,38.96017676,-77.09655585,2025,2,18
250005506,Property Damage Crash,02/06/2025 06:06:00 PM,RIVER RD,NA,Front to Rear,Clear,Dry,Medium,Traffic Control Signal,NONE DETECTED,No,No Apparent Injury,NA,Not Distracted,MD,Passenger Car,Stopped in Traffic,30,No,2017,TOYOTA,RAV4,38.96017676,-77.09655585,2025,2,18
250005509,Property Damage Crash,02/06/2025 06:03:00 PM,COLUMBIA PIKE,NA,"Sideswipe, Same Direction",Clear,Wet,Medium,No Controls,NONE DETECTED,No,No Apparent Injury,NA,Not Distracted,MD,Sport Utility Vehicle,Moving Constant Speed,50,No,2000,FORD,EXPLORER,39.04226137,-76.99449055,2025,2,18
250005509,Property Damage Crash,02/06/2025 06:03:00 PM,COLUMBIA PIKE,NA,"Sideswipe, Same Direction",Clear,Wet,Medium,No Controls,NONE DETECTED,No,NA,"Failed to Keep in Proper Lane, Failed to Yield Right-of-Way, Improper Passing, Operated Motor Vehicle in Inattentive, Careless, Negligent, or Erratic Manner, Operated Motor Vehicle in Reckless or Aggressive Manner",Unknown,NA,Pickup,Changing Lanes,50,No,0,NA,NA,39.04226137,-76.99449055,2025,2,18
250005504,Property Damage Crash,02/06/2025 05:47:00 PM,ROLLING DR,NA,Front to Rear,Clear,Wet,Medium,No Controls,NONE DETECTED,Yes,No Apparent Injury,Improper Backing,Not Distracted,GA,Passenger Car,Backing,25,No,1989,CHEVROLET,S-10 BLAZER,39.17290181,-77.12323411,2025,2,17
250005504,Property Damage Crash,02/06/2025 05:47:00 PM,ROLLING DR,NA,Front to Rear,Clear,Wet,Medium,No Controls,NONE DETECTED,No,No Apparent Injury,NA,Not Distracted,MD,Passenger Car,Turning Right,25,No,2004,TOYOTA,RAV4,39.17290181,-77.12323411,2025,2,17
2500054886,Property Damage Crash,02/06/2025 04:52:00 PM,RUSSELL AVE (SB/L),NA,Other,Cloudy,Wet,Daylight,Traffic Control Signal,NONE DETECTED,No,No Apparent Injury,NA,Not Distracted,NA,Passenger Car,Stopped in Traffic,35,No,2008,HONDA,CIVIC,39.15782033,-77.21359217,2025,2,16
2500054886,Property Damage Crash,02/06/2025 04:52:00 PM,RUSSELL AVE (SB/L),NA,Other,Cloudy,Wet,Daylight,Traffic Control Signal,NONE DETECTED,No,No Apparent Injury,NA,Not Distracted,MD,Passenger Car,Stopped in Traffic,35,No,2024,KIA,FORTE,39.15782033,-77.21359217,2025,2,16
2500054886,Property Damage Crash,02/06/2025 04:52:00 PM,RUSSELL AVE (SB/L),NA,Other,Cloudy,Wet,Daylight,Traffic Control Signal,NONE DETECTED,Yes,No Apparent Injury,NA,Unknown,MD,Passenger Car,Moving Constant Speed,35,No,2009,TOYOTA,PRIUS,39.15782033,-77.21359217,2025,2,16
2500054886,Property Damage Crash,02/06/2025 04:52:00 PM,RUSSELL AVE (SB/L),NA,Other,Cloudy,Wet,Daylight,Traffic Control Signal,NONE DETECTED,No,No Apparent Injury,NA,Not Distracted,MD,Passenger Car,Stopped in Traffic,35,No,2014,FORD,FUSION,39.15782033,-77.21359217,2025,2,16
250005490,Property Damage Crash,02/06/2025 04:49:00 PM,GEORGIA AVE,NA,"Sideswipe, Same Direction",Rain,Wet,Daylight,No Controls,NONE DETECTED,No,No Apparent Injury,NA,Not Distracted,MD,Passenger Car,Moving Constant Speed,25,No,2018,PORSCHE,718 CAYMAN,39.02552979,-77.04599592,2025,2,16
250005490,Property Damage Crash,02/06/2025 04:49:00 PM,GEORGIA AVE,NA,"Sideswipe, Same Direction",Rain,Wet,Daylight,No Controls,NONE DETECTED,No,NA,NA,NA,NA,Passenger Car,Moving Constant Speed,25,No,2019,TOYOTA,COROLLA,39.02552979,-77.04599592,2025,2,16
250005483,Property Damage Crash,02/06/2025 04:14:00 PM,PARKVALE TERR,NA,"Sideswipe, Opposite Direction",Clear,Dry,Daylight,No Controls,NONE DETECTED,Yes,No Apparent Injury,Improper Passing,Not Distracted,MD,Bus - School,Moving Constant Speed,20,No,2021,FREIGHTLINER,B2 BUS CHASSIS,39.086973,-77.10888417,2025,2,16
250005481,Property Damage Crash,02/06/2025 04:13:00 PM,BUCKLODGE RD,NA,Single Vehicle,Clear,Ice/Frost,Daylight,No Controls,NONE DETECTED,No,No Apparent Injury,NA,Not Distracted,MD,Passenger Car,Moving Constant Speed,40,No,2014,TOYOTA,PRIUS C,39.16341253,-77.36226322,2025,2,16
250005476,Property Damage Crash,02/06/2025 03:46:00 PM,NA,NA,"Sideswipe, Same Direction",Cloudy,NA,Daylight,NA,NONE DETECTED,Yes,No Apparent Injury,NA,Not Distracted,MD,Bus - Mini,Turning Right,0,No,2018,FORD,TRANSIT,39.0181435,-77.01088058,2025,2,15
250005469,Property Damage Crash,02/06/2025 03:34:00 PM,BRENISH DR,NA,"Sideswipe, Same Direction",Cloudy,Wet,Daylight,No Controls,NONE DETECTED,Yes,No Apparent Injury,NA,Not Distracted,MD,Bus - School,Slowing or Stopping,35,No,2017,THOMAS BUILT,HDX,39.17821481,-77.15255031,2025,2,15
250005473,Property Damage Crash,02/06/2025 02:59:00 PM,CARTINA TERR,NA,Single Vehicle,Cloudy,Wet,Daylight,No Controls,NONE DETECTED,No,No Apparent Injury,NA,Not Distracted,MD,Bus - School,Turning Left,25,No,2022,FREIGHTLINER,B2 BUS CHASSIS,39.0381294,-77.11712277,2025,2,14
250005466,Property Damage Crash,02/06/2025 02:56:00 PM,CLUB HOUSE RD,NA,"Sideswipe, Same Direction",Cloudy,Wet,Daylight,Traffic Control Signal,NONE DETECTED,Yes,No Apparent Injury,NA,Not Distracted,MD,Bus - School,Moving Constant Speed,35,No,2021,THOMAS BUILT,HDX,39.1745421,-77.20361823,2025,2,14
250005466,Property Damage Crash,02/06/2025 02:56:00 PM,CLUB HOUSE RD,NA,"Sideswipe, Same Direction",Cloudy,Wet,Daylight,Traffic Control Signal,NONE DETECTED,Yes,No Apparent Injury,NA,Not Distracted,MD,Bus - School,Turning Left,35,No,2019,THOMAS BUILT,HDX,39.1745421,-77.20361823,2025,2,14
250005462,Property Damage Crash,02/06/2025 02:30:00 PM,NA,NA,"Sideswipe, Same Direction",Clear,NA,Daylight,NA,NONE DETECTED,No,No Apparent Injury,NA,Not Distracted,MD,Bus - School,Parked,0,No,2021,FREIGHTLINER,B2 BUS CHASSIS,39.06068123,-77.06710902,2025,2,14
250005462,Property Damage Crash,02/06/2025 02:30:00 PM,NA,NA,"Sideswipe, Same Direction",Clear,NA,Daylight,NA,NONE DETECTED,Yes,No Apparent Injury,Improper Passing,Not Distracted,MD,Passenger Car,Moving Constant Speed,0,No,2019,HONDA,CIVIC,39.06068123,-77.06710902,2025,2,14
250005450,Property Damage Crash,02/06/2025 01:00:00 PM,EAST WEST HWY (WB/L),NA,"Sideswipe, Same Direction",Rain,Wet,Daylight,Traffic Control Signal,NONE DETECTED,No,No Apparent Injury,NA,Not Distracted,MD,Passenger Car,Turning Right,30,No,2015,MITSUBISHI,MIRAGE,38.99462052,-77.03620741,2025,2,13
250005450,Property Damage Crash,02/06/2025 01:00:00 PM,EAST WEST HWY (WB/L),NA,"Sideswipe, Same Direction",Rain,Wet,Daylight,Traffic Control Signal,NONE DETECTED,Yes,No Apparent Injury,NA,Not Distracted,MD,Pickup,Making U-Turn,35,No,2023,CHEVROLET,SILVERADO HD,38.99462052,-77.03620741,2025,2,13
250005437,Injury Crash,02/06/2025 12:04:00 PM,NA,NA,"Sideswipe, Opposite Direction",Rain,NA,Daylight,NA,NONE DETECTED,No,No Apparent Injury,NA,Unknown,MD,Bus - School,Accelerating,0,No,2019,FREIGHTLINER,B2 BUS CHASSIS,39.12777306,-77.16479572,2025,2,12
250005437,Injury Crash,02/06/2025 12:04:00 PM,NA,NA,"Sideswipe, Opposite Direction",Rain,NA,Daylight,NA,NONE DETECTED,No,Possible Minor Injury,NA,Not Distracted,MD,Bus - School,Stopped in Traffic,0,No,2021,FREIGHTLINER,B2 BUS CHASSIS,39.12777306,-77.16479572,2025,2,12
250005430,Property Damage Crash,02/06/2025 11:26:00 AM,PRINCE PHILIP DR,NA,Angle,Rain,Ice/Frost,Daylight,Stop Sign,NONE DETECTED,Yes,No Apparent Injury,NA,Not Distracted,MD,Passenger Car,Moving Constant Speed,30,No,2012,TOYOTA,VENZA,39.15615214,-77.05851815,2025,2,11
250005430,Property Damage Crash,02/06/2025 11:26:00 AM,PRINCE PHILIP DR,NA,Angle,Rain,Ice/Frost,Daylight,Stop Sign,NONE DETECTED,No,No Apparent Injury,NA,Not Distracted,MD,Passenger Car,Accelerating,30,No,2000,TOYOTA,COROLLA,39.15615214,-77.05851815,2025,2,11
250005412,Property Damage Crash,02/06/2025 09:16:00 AM,FALLS RD (SB/L),NA,Front to Rear,Rain,Wet,Daylight,Traffic Control Signal,NONE DETECTED,No,No Apparent Injury,NA,Not Distracted,MD,Passenger Car,Stopped in Traffic,35,No,2023,TOYOTA,HIGHLANDER,39.0746801,-77.1638952,2025,2,9
250005412,Property Damage Crash,02/06/2025 09:16:00 AM,FALLS RD (SB/L),NA,Front to Rear,Rain,Wet,Daylight,Traffic Control Signal,NONE DETECTED,Yes,No Apparent Injury,NA,Not Distracted,MD,Passenger Car,Moving Constant Speed,35,No,2012,FORD,FOCUS,39.0746801,-77.1638952,2025,2,9
250005410,Property Damage Crash,02/06/2025 08:49:00 AM,MULLINIX MILL RD,NA,Single Vehicle,Rain,Ice/Frost,Daylight,No Controls,NONE DETECTED,No,No Apparent Injury,"Swerved or Avoided Due to Wind, Slippery Surface, Motor Vehicle, Object, Non-Motorist in Roadway, etc",Not Distracted,MD,Sport Utility Vehicle,Moving Constant Speed,25,No,2015,GMC,YUKON,39.28475467,-77.16962533,2025,2,8
250005409,Property Damage Crash,02/06/2025 08:46:00 AM,FREDERICK RD,NA,Front to Rear,Rain,Wet,Daylight,Traffic Control Signal,NONE DETECTED,Yes,No Apparent Injury,NA,Not Distracted,MD,Pickup,Moving Constant Speed,35,No,2014,RAM,1500,39.11905487,-77.17161205,2025,2,8
250005409,Property Damage Crash,02/06/2025 08:46:00 AM,FREDERICK RD,NA,Front to Rear,Rain,Wet,Daylight,Traffic Control Signal,NONE DETECTED,No,No Apparent Injury,NA,Not Distracted,MD,Passenger Car,Stopped in Traffic,35,No,2022,TOYOTA,COROLLA,39.11905487,-77.17161205,2025,2,8
250005407,Injury Crash,02/06/2025 08:00:00 AM,ROCKBORN ST,NA,Front to Rear,Rain,Wet,Daylight,No Controls,NONE DETECTED,No,Possible Minor Injury,NA,Not Distracted,MD,Sport Utility Vehicle,Moving Constant Speed,15,No,2023,NISSAN,ROGUE,39.11479667,-77.229486,2025,2,8
250005398,Injury Crash,02/05/2025 11:55:00 PM,NA,Pedestrian,Single Vehicle,Rain,NA,Medium,NA,NONE DETECTED,No,NA,NA,NA,NA,NA,NA,0,No,0,NA,NA,39.00987671,-77.04148949,2025,2,23
250005227,Property Damage Crash,02/05/2025 11:30:00 PM,NA,NA,Single Vehicle,Clear,Dry,Dark,No Controls,NONE DETECTED,Yes,No Apparent Injury,"Operated Motor Vehicle in Inattentive, Careless, Negligent, or Erratic Manner","Other Action (looking away from task, etc.)",MD,Sport Utility Vehicle,Moving Constant Speed,35,No,2008,VOLVO,C30,39.05728262,-77.23137314,2025,2,23
250005395,Property Damage Crash,02/05/2025 11:05:00 PM,BORDLY DR,NA,Single Vehicle,Clear,Wet,Medium,No Controls,ALCOHOL PRESENT,No,No Apparent Injury,"Ran Off Roadway, Swerved or Avoided Due to Wind, Slippery Surface, Motor Vehicle, Object, Non-Motorist in Roadway, etc",Not Distracted,MD,Van - Passenger (&lt;9 Seats),Moving Constant Speed,25,No,2019,FORD,TRANSIT,39.19045579,-77.04886514,2025,2,23
250005397,Injury Crash,02/05/2025 10:27:00 PM,EAST VILLAGE AVE (WB/L),NA,Single Vehicle,Rain,Wet,Dark,Stop Sign,NONE DETECTED,Yes,Suspected Serious Injury,Ran Off Roadway,Not Distracted,MD,Passenger Car,Moving Constant Speed,30,No,2006,DODGE,CHARGER,39.18579008,-77.17056071,2025,2,22
250005392,Property Damage Crash,02/05/2025 10:15:00 PM,GERMANTOWN RD,NA,Single Vehicle,Rain,Wet,Medium,Traffic Control Signal,NONE DETECTED,Yes,No Apparent Injury,NA,Not Distracted,MD,Passenger Car,Turning Left,40,No,2025,NISSAN,SENTRA,39.16264187,-77.28288584,2025,2,22
250005383,Property Damage Crash,02/05/2025 07:54:00 PM,METRO ENT,NA,Rear To Rear,Clear,Dry,Medium,No Controls,NONE DETECTED,No,No Apparent Injury,Improper Backing,Unknown,MD,Passenger Car,Backing,30,No,2009,TOYOTA,RAV4,39.08472483,-77.14523683,2025,2,19
250005384,Property Damage Crash,02/05/2025 06:53:00 PM,UNIVERSITY BLVD W,NA,"Sideswipe, Same Direction",Clear,Dry,Medium,No Controls,NONE DETECTED,No,No Apparent Injury,NA,Not Distracted,MD,Passenger Car,Moving Constant Speed,40,No,2015,MINI,HARDTOP,39.01992983,-77.01351996,2025,2,18
250005384,Property Damage Crash,02/05/2025 06:53:00 PM,UNIVERSITY BLVD W,NA,"Sideswipe, Same Direction",Clear,Dry,Medium,No Controls,NONE DETECTED,No,NA,NA,NA,NA,Passenger Car,Changing Lanes,40,No,2015,TOYOTA,SIENNA,39.01992983,-77.01351996,2025,2,18
250005368,Property Damage Crash,02/05/2025 06:06:00 PM,ROCKVILLE PIKE (SB/L),NA,"Sideswipe, Same Direction",Clear,Dry,Medium,Traffic Control Signal,NONE DETECTED,No,No Apparent Injury,NA,Unknown,MD,Passenger Car,Accelerating,35,No,2014,JEEP,PATRIOT,39.04472155,-77.11184372,2025,2,18
250005368,Property Damage Crash,02/05/2025 06:06:00 PM,ROCKVILLE PIKE (SB/L),NA,"Sideswipe, Same Direction",Clear,Dry,Medium,Traffic Control Signal,NONE DETECTED,Yes,No Apparent Injury,Failed to Yield Right-of-Way,Unknown,MD,Passenger Car,Changing Lanes,35,No,2016,AUDI,A3,39.04472155,-77.11184372,2025,2,18
250005367,Property Damage Crash,02/05/2025 05:19:00 PM,OBSERVATION DR,NA,Angle,Clear,Dry,Daylight,Traffic Control Signal,NONE DETECTED,No,No Apparent Injury,NA,Not Distracted,MD,Passenger Car,Turning Left,45,No,2003,TOYOTA,CAMRY,39.19073633,-77.24774401,2025,2,17
250005367,Property Damage Crash,02/05/2025 05:19:00 PM,OBSERVATION DR,NA,Angle,Clear,Dry,Daylight,Traffic Control Signal,NONE DETECTED,Yes,No Apparent Injury,Ran Red Light,Not Distracted,MD,Passenger Car,Moving Constant Speed,45,No,2020,HONDA,CIVIC,39.19073633,-77.24774401,2025,2,17
250005353,Property Damage Crash,02/05/2025 04:47:00 PM,ENNALLS AVE,NA,Rear To Side,Clear,Dry,Daylight,No Controls,NONE DETECTED,Yes,No Apparent Injury,NA,Not Distracted,MD,Passenger Car,Moving Constant Speed,25,No,1999,TOYOTA,CAMRY,39.0394435,-77.05415117,2025,2,16
250005353,Property Damage Crash,02/05/2025 04:47:00 PM,ENNALLS AVE,NA,Rear To Side,Clear,Dry,Daylight,No Controls,NONE DETECTED,No,No Apparent Injury,NA,Not Distracted,MD,Passenger Car,Moving Constant Speed,25,No,2022,TOYOTA,COROLLA,39.0394435,-77.05415117,2025,2,16