Local Case Number,ACRS Report Type,Crash Date/Time,Road Name,Related Non-Motorist,Collision Type,Weather,Surface Condition,Light,Traffic Control,Driver Substance Abuse,Driver At Fault,Injury Severity,Circumstance,Driver Distracted By,Drivers License State,Vehicle Body Type,Vehicle Movement,Speed Limit,Driverless Vehicle,Vehicle Year,Vehicle Make,Vehicle Model,Latitude,Longitude,Year,Month,Hour
250005345,Injury Crash,02/05/2025 04:22:00 PM,NORTHWEST DR,NA,Front to Rear,Clear,Dry,Daylight,No Controls,NONE DETECTED,No,Possible Minor Injury,NA,Not Distracted,MD,Passenger Car,Slowing or Stopping,35,No,2017,TOYOTA,RAV4,39.03650118,-76.99578414,2025,2,16
250005345,Injury Crash,02/05/2025 04:22:00 PM,NORTHWEST DR,NA,Front to Rear,Clear,Dry,Daylight,No Controls,NONE DETECTED,Yes,No Apparent Injury,NA,Not Distracted,MD,Passenger Car,Moving Constant Speed,35,No,2015,HONDA,ACCORD,39.03650118,-76.99578414,2025,2,16
250005349,Property Damage Crash,02/05/2025 04:05:00 PM,NA,NA,Front to Rear,Clear,NA,Daylight,NA,NONE DETECTED,No,NA,NA,NA,NA,Passenger Car,Moving Constant Speed,0,No,2009,MITSUBISHI,GALANT,39.28979773,-77.20107058,2025,2,16
250005349,Property Damage Crash,02/05/2025 04:05:00 PM,NA,NA,Front to Rear,Clear,NA,Daylight,NA,NONE DETECTED,No,No Apparent Injury,NA,Not Distracted,MD,Sport Utility Vehicle,Slowing or Stopping,0,No,2018,JEEP,GRAND CHEROKEE,39.28979773,-77.20107058,2025,2,16
250005339,Injury Crash,02/05/2025 03:30:00 PM,GROVE ST,Pedestrian,Single Vehicle,Clear,Dry,Daylight,Pedestrian Crossing,NONE DETECTED,Yes,No Apparent Injury,NA,Not Distracted,MD,Sport Utility Vehicle,Overtaking/Passing,35,No,2017,TOYOTA,RAV4,38.9901908,-77.02193564,2025,2,15
250005375,Injury Crash,02/05/2025 03:10:00 PM,BAUER DR,Pedestrian,Single Vehicle,Clear,Dry,Daylight,Pedestrian Crossing,NONE DETECTED,No,NA,NA,NA,NA,Passenger Car,Moving Constant Speed,25,No,0,NA,NA,39.08972404,-77.10537829,2025,2,15
250005310,Property Damage Crash,02/05/2025 01:28:00 PM,UNIVERSITY BLVD E,NA,"Sideswipe, Same Direction",Clear,Dry,Daylight,Stop Sign,NONE DETECTED,Yes,No Apparent Injury,NA,Not Distracted,MD,Passenger Car,Negotiating a Curve,20,No,1998,TOYOTA,CAMRY,38.99475146,-76.99296448,2025,2,13
250005310,Property Damage Crash,02/05/2025 01:28:00 PM,UNIVERSITY BLVD E,NA,"Sideswipe, Same Direction",Clear,Dry,Daylight,No Controls,NONE DETECTED,No,No Apparent Injury,NA,Not Distracted,CA,Passenger Car,Moving Constant Speed,35,No,2022,SUBARU,IMPREZA,38.99475146,-76.99296448,2025,2,13
250005318,Property Damage Crash,02/05/2025 01:17:00 PM,NA,NA,Angle,Clear,Dry,Daylight,Traffic Control Signal,NONE DETECTED,Yes,No Apparent Injury,Failed to Yield Right-of-Way,Unknown,MD,Passenger Car,Turning Left,35,No,2022,KIA,UNKNOWN,39.0563285,-77.1793725,2025,2,13
250005318,Property Damage Crash,02/05/2025 01:17:00 PM,NA,NA,Angle,Clear,Dry,Daylight,Traffic Control Signal,NONE DETECTED,No,No Apparent Injury,NA,Not Distracted,MD,Passenger Car,Moving Constant Speed,35,No,2017,HONDA,ACCORD,39.0563285,-77.1793725,2025,2,13
250005302,Injury Crash,02/05/2025 01:10:00 PM,GERMANTOWN RD (SB/L),NA,Front to Rear,Clear,Dry,Daylight,No Controls,NONE DETECTED,No,Possible Minor Injury,NA,Not Distracted,MD,Sport Utility Vehicle,Moving Constant Speed,35,No,2007,JEEP,GRAND CHEROKEE,39.18531833,-77.253955,2025,2,13
250005302,Injury Crash,02/05/2025 01:10:00 PM,GERMANTOWN RD (SB/L),NA,Front to Rear,Clear,Dry,Daylight,No Controls,NONE DETECTED,Yes,No Apparent Injury,Followed Too Closely,Not Distracted,MD,Sport Utility Vehicle,Moving Constant Speed,35,No,2015,NISSAN,ROGUE,39.18531833,-77.253955,2025,2,13
250005299,Property Damage Crash,02/05/2025 12:52:00 PM,MT VERNON PL,NA,Angle,Clear,Dry,Daylight,No Controls,NONE DETECTED,No,No Apparent Injury,NA,Not Distracted,MD,Passenger Car,Slowing or Stopping,35,No,2008,CHEVROLET,MALIBU,39.07893602,-77.14191168,2025,2,12
250005299,Property Damage Crash,02/05/2025 12:52:00 PM,MT VERNON PL,NA,Angle,Clear,Dry,Daylight,Stop Sign,NONE DETECTED,Yes,No Apparent Injury,NA,Not Distracted,MD,Sport Utility Vehicle,Accelerating,35,No,2015,NISSAN,PATHFINDER,39.07893602,-77.14191168,2025,2,12
250005293,Injury Crash,02/05/2025 12:28:00 PM,RAMP 7 FR IS 370 WB TO IS 270 SB,NA,Front to Rear,Clear,Dry,Daylight,No Controls,NONE DETECTED,No,No Apparent Injury,NA,Not Distracted,MD,Passenger Car,Slowing or Stopping,35,No,2024,NISSAN,SENTRA,39.11835817,-77.19759317,2025,2,12
250005293,Injury Crash,02/05/2025 12:28:00 PM,RAMP 7 FR IS 370 WB TO IS 270 SB,NA,Front to Rear,Clear,Dry,Daylight,No Controls,NONE DETECTED,Yes,Possible Minor Injury,NA,Unknown,MD,Passenger Car,Moving Constant Speed,35,No,2021,LEXUS,NX,39.11835817,-77.19759317,2025,2,12
250005297,Property Damage Crash,02/05/2025 12:20:00 PM,MONTGOMERY VILLAGE AVE (SB/L),NA,Single Vehicle,Cloudy,Dry,Daylight,No Controls,NONE DETECTED,Yes,No Apparent Injury,Improper Turn,Not Distracted,MD,Passenger Car,Turning Left,20,No,2014,DODGE,CHARGER,39.17869179,-77.20186625,2025,2,12
250005287,Property Damage Crash,02/05/2025 11:42:00 AM,RIVER RD,NA,Front to Rear,Clear,Dry,Daylight,No Controls,NONE DETECTED,Yes,No Apparent Injury,"Failed to Keep in Proper Lane, Operated Motor Vehicle in Inattentive, Careless, Negligent, or Erratic Manner, Operated Motor Vehicle in Reckless or Aggressive Manner",Unknown,DC,Passenger Car,Changing Lanes,35,No,2018,MAZDA,CX-9,38.99272952,-77.16205819,2025,2,11
250005287,Property Damage Crash,02/05/2025 11:42:00 AM,RIVER RD,NA,Front to Rear,Clear,Dry,Daylight,No Controls,NONE DETECTED,No,No Apparent Injury,NA,Not Distracted,MD,Other Trucks,Moving Constant Speed,35,No,2006,STERLING TRUCK,L9500 SERIES,38.99272952,-77.16205819,2025,2,11
250005255,Property Damage Crash,02/05/2025 09:38:00 AM,NA,NA,"Sideswipe, Same Direction",Cloudy,Dry,Daylight,No Controls,NONE DETECTED,Yes,No Apparent Injury,Failed to Keep in Proper Lane,Not Distracted,MD,Passenger Car,Moving Constant Speed,40,No,2023,TESLA,MODEL X,39.09982297,-77.18400995,2025,2,9
250005255,Property Damage Crash,02/05/2025 09:38:00 AM,NA,NA,"Sideswipe, Same Direction",Cloudy,Dry,Daylight,No Controls,NONE DETECTED,Yes,No Apparent Injury,Failed to Keep in Proper Lane,Not Distracted,MD,Passenger Car,Accelerating,40,No,2019,HONDA,ACCORD,39.09982297,-77.18400995,2025,2,9
250005250,Property Damage Crash,02/05/2025 09:15:00 AM,NA,NA,"Sideswipe, Same Direction",Cloudy,Dry,Daylight,Stop Sign,NONE DETECTED,Yes,No Apparent Injury,NA,Unknown,MD,Passenger Car,Overtaking/Passing,25,No,2005,TOYOTA,SIENNA,39.09125009,-77.06655413,2025,2,9
250005250,Property Damage Crash,02/05/2025 09:15:00 AM,NA,NA,"Sideswipe, Same Direction",Cloudy,Dry,Daylight,Stop Sign,NONE DETECTED,No,No Apparent Injury,NA,Not Distracted,MD,Bus - School,Slowing or Stopping,25,No,2021,FREIGHTLINER,B2 BUS CHASSIS,39.09125009,-77.06655413,2025,2,9
250005253,Injury Crash,02/05/2025 09:08:00 AM,FREDERICK RD,NA,Angle,Clear,Dry,Daylight,Stop Sign,NONE DETECTED,Yes,No Apparent Injury,Failed to Yield Right-of-Way,Unknown,MD,Sport Utility Vehicle,Accelerating,30,No,2003,TOYOTA,RAV4,39.17552,-77.23795333,2025,2,9
250005253,Injury Crash,02/05/2025 09:08:00 AM,FREDERICK RD,NA,Angle,Clear,Dry,Daylight,No Controls,NONE DETECTED,No,Possible Minor Injury,NA,Not Distracted,ID,Passenger Car,Moving Constant Speed,40,No,2020,TESLA,MODEL 3,39.17552,-77.23795333,2025,2,9
250005256,Property Damage Crash,02/05/2025 09:00:00 AM,COLESVILLE RD,NA,Front to Rear,Clear,Dry,Daylight,No Controls,NONE DETECTED,No,No Apparent Injury,NA,Not Distracted,MD,Passenger Car,Moving Constant Speed,35,No,2016,FORD,F-250,39.01885483,-77.013959,2025,2,9
250005256,Property Damage Crash,02/05/2025 09:00:00 AM,COLESVILLE RD,NA,Front to Rear,Clear,Dry,Daylight,No Controls,NONE DETECTED,Yes,No Apparent Injury,NA,Unknown,MD,Passenger Car,Moving Constant Speed,35,No,2011,FORD,TRANSIT CONNECT,39.01885483,-77.013959,2025,2,9
250005264,Property Damage Crash,02/05/2025 08:34:00 AM,CONNECTICUT AVE (SB/L),NA,Front to Rear,Clear,Dry,Daylight,No Controls,NONE DETECTED,No,NA,NA,NA,NA,Passenger Car,Moving Constant Speed,35,No,2018,CHEVROLET,VOLT,39.00135052,-77.07717799,2025,2,8
250005264,Property Damage Crash,02/05/2025 08:34:00 AM,CONNECTICUT AVE (SB/L),NA,Front to Rear,Clear,Dry,Daylight,No Controls,NONE DETECTED,No,No Apparent Injury,NA,Not Distracted,MD,Passenger Car,Moving Constant Speed,35,No,2020,KIA,SPORTAGE,39.00135052,-77.07717799,2025,2,8
250005408,Property Damage Crash,02/05/2025 08:00:00 AM,NA,NA,Single Vehicle,Clear,NA,Daylight,NA,NONE DETECTED,No,No Apparent Injury,NA,Not Distracted,MD,Passenger Car,NA,0,No,2019,KIA,SOUL,39.19558288,-77.039063,2025,2,8
250005244,Injury Crash,02/05/2025 07:53:00 AM,NA,NA,Other,Cloudy,NA,Daylight,NA,NONE DETECTED,Yes,Possible Minor Injury,Improper Backing,Unknown,MD,Sport Utility Vehicle,Backing,0,No,2009,LEXUS,RX,39.02722072,-77.10778561,2025,2,7
250005243,Property Damage Crash,02/05/2025 07:30:00 AM,OLD COLUMBIA PIKE,NA,Other,Clear,Dry,Daylight,No Controls,NONE DETECTED,No,No Apparent Injury,NA,Not Distracted,MD,Sport Utility Vehicle,Moving Constant Speed,20,No,2022,HONDA,CR-V,39.06386408,-76.96561983,2025,2,7
250005243,Property Damage Crash,02/05/2025 07:30:00 AM,OLD COLUMBIA PIKE,NA,Other,Clear,Dry,Daylight,No Controls,NONE DETECTED,Yes,No Apparent Injury,"Failed to Yield Right-of-Way, Improper Turn",Not Distracted,MD,Sport Utility Vehicle,Moving Constant Speed,25,No,2017,NISSAN,ROGUE,39.06386408,-76.96561983,2025,2,7
250005239,Property Damage Crash,02/05/2025 06:52:00 AM,GALT AVE,NA,Front to Rear,Clear,Dry,Daylight,No Controls,NONE DETECTED,Yes,No Apparent Injury,NA,"Other Action (looking away from task, etc.)",VA,Passenger Car,Moving Constant Speed,25,No,2005,HONDA,ACCORD,39.04821831,-77.05461079,2025,2,6
250005238,Property Damage Crash,02/05/2025 06:17:00 AM,EISENHOWER MEMORIAL HWY,NA,Single Vehicle,Clear,Dry,Dark,No Controls,NONE DETECTED,No,No Apparent Injury,"Over-Correcting/Over-Steering, Swerved or Avoided Due to Wind, Slippery Surface, Motor Vehicle, Object, Non-Motorist in Roadway, etc",Not Distracted,MD,Passenger Car,Moving Constant Speed,55,No,2004,HONDA,CIVIC,39.20928157,-77.27486639,2025,2,6
250005228,Property Damage Crash,02/04/2025 11:52:00 PM,LAKE VARUNA MEWS,NA,"Sideswipe, Opposite Direction",Clear,Dry,Medium,No Controls,ALCOHOL PRESENT,Yes,No Apparent Injury,Other Improper Action,Not Distracted,MD,Passenger Car,Moving Constant Speed,25,No,2012,TOYOTA,HIGHLANDER,39.1199667,-77.23193752,2025,2,23
250005226,Property Damage Crash,02/04/2025 11:17:00 PM,HEATHWALK ST,NA,Angle,Clear,Dry,Medium,No Controls,ALCOHOL PRESENT,Yes,No Apparent Injury,"Failed to Keep in Proper Lane, Operated Motor Vehicle in Inattentive, Careless, Negligent, or Erratic Manner, Operated Motor Vehicle in Reckless or Aggressive Manner, Other Improper Action",Unknown,MD,Sport Utility Vehicle,Moving Constant Speed,25,No,2012,TOYOTA,HIGHLANDER,39.12117367,-77.2323725,2025,2,23
250005223,Property Damage Crash,02/04/2025 11:02:00 PM,NA,NA,Rear To Side,Clear,NA,Dark,NA,NONE DETECTED,Yes,No Apparent Injury,NA,Not Distracted,MD,Passenger Car,Backing,0,No,2011,HONDA,ACCORD,39.16869256,-77.17139804,2025,2,23
250005220,Injury Crash,02/04/2025 10:25:00 PM,SHADOW OAK DR,NA,Single Vehicle,Clear,Dry,Dark,No Controls,NONE DETECTED,No,Possible Minor Injury,Ran Off Roadway,Unknown,MD,Sport Utility Vehicle,Moving Constant Speed,20,No,1999,HONDA,CR-V,39.18633033,-77.20266083,2025,2,22
250005215,Property Damage Crash,02/04/2025 09:00:00 PM,FREDERICK RD,NA,Angle,Clear,Dry,Medium,No Controls,NONE DETECTED,No,No Apparent Injury,NA,Not Distracted,MD,Passenger Car,Moving Constant Speed,30,No,2011,NISSAN,370Z,39.14269056,-77.2001163,2025,2,21
250005215,Property Damage Crash,02/04/2025 09:00:00 PM,FREDERICK RD,NA,Angle,Clear,Dry,Medium,Stop Sign,NONE DETECTED,Yes,No Apparent Injury,Ran Stop Sign,Unknown,NA,Passenger Car,Turning Right,25,No,2008,HONDA,ACCORD,39.14269056,-77.2001163,2025,2,21
250005204,Property Damage Crash,02/04/2025 08:07:00 PM,NA,NA,Single Vehicle,Clear,Dry,Medium,Traffic Control Signal,NONE DETECTED,No,No Apparent Injury,NA,Unknown,MD,Van - Passenger (&lt;9 Seats),Moving Constant Speed,50,No,2007,CHRYSLER,TOWN AND COUNTRY,39.04643219,-76.98708599,2025,2,20
250005193,Property Damage Crash,02/04/2025 07:30:00 PM,FERN ST,NA,Rear To Side,Clear,Dry,Medium,Stop Sign,NONE DETECTED,Yes,No Apparent Injury,NA,Not Distracted,MD,Passenger Car,Slowing or Stopping,35,No,2015,KIA,OPTIMA,39.04139094,-77.04926441,2025,2,19
250005193,Property Damage Crash,02/04/2025 07:30:00 PM,FERN ST,NA,Rear To Side,Clear,Dry,Medium,Stop Sign,NONE DETECTED,No,No Apparent Injury,NA,Not Distracted,VA,Bus - Transit,Slowing or Stopping,35,No,2013,NEW FLYER,XCELSIOR,39.04139094,-77.04926441,2025,2,19
250005208,Property Damage Crash,02/04/2025 07:15:00 PM,GEORGIA AVE,NA,Front to Rear,Clear,Dry,Medium,No Controls,NONE DETECTED,No,NA,NA,NA,NA,Passenger Car,Parked,25,No,2023,KIA,K5,39.03909667,-77.05111883,2025,2,19
250005208,Property Damage Crash,02/04/2025 07:15:00 PM,GEORGIA AVE,NA,Front to Rear,Clear,Dry,Medium,No Controls,NONE DETECTED,No,NA,NA,NA,NA,Passenger Car,Backing,25,No,2007,JEEP,PATRIOT,39.03909667,-77.05111883,2025,2,19
250005176,Property Damage Crash,02/04/2025 05:52:00 PM,MCKINLEY ST,NA,Angle,Clear,Dry,Medium,Traffic Control Signal,NONE DETECTED,No,No Apparent Injury,NA,Unknown,MD,Passenger Car,Turning Left,35,No,2014,SUBARU,OUTBACK,38.99651598,-77.10899057,2025,2,17
250005176,Property Damage Crash,02/04/2025 05:52:00 PM,MCKINLEY ST,NA,Angle,Clear,Dry,Medium,Traffic Control Signal,NONE DETECTED,No,No Apparent Injury,NA,Not Distracted,NJ,Passenger Car,Changing Lanes,35,No,2020,BMW,M550I,38.99651598,-77.10899057,2025,2,17
250005171,Injury Crash,02/04/2025 05:27:00 PM,QUINCE ORCHARD RD,NA,Single Vehicle,Clear,Dry,Daylight,No Controls,NONE DETECTED,No,Possible Minor Injury,NA,"Other Action (looking away from task, etc.)",MD,Passenger Car,Negotiating a Curve,40,No,2018,HONDA,CIVIC,39.10294375,-77.25308524,2025,2,17
250005169,Property Damage Crash,02/04/2025 05:14:00 PM,GREENBROOK DR,NA,Angle,Clear,Dry,Medium,Stop Sign,NONE DETECTED,Yes,No Apparent Injury,Failed to Yield Right-of-Way,Not Distracted,MD,Passenger Car,Turning Left,25,No,2016,TOYOTA,CAMRY,39.21500741,-77.25115049,2025,2,17
250005169,Property Damage Crash,02/04/2025 05:14:00 PM,GREENBROOK DR,NA,Angle,Clear,Dry,Medium,No Controls,NONE DETECTED,No,No Apparent Injury,NA,Not Distracted,MD,Sport Utility Vehicle,Moving Constant Speed,35,No,2019,HONDA,CR-V,39.21500741,-77.25115049,2025,2,17
250006226,Property Damage Crash,02/04/2025 05:05:00 PM,VEIRS MILL RD,NA,Front to Rear,Clear,Dry,Daylight,No Controls,NONE DETECTED,No,NA,NA,NA,NA,Passenger Car,Moving Constant Speed,25,No,2012,FORD,FOCUS,39.07996513,-77.13905284,2025,2,17
250006226,Property Damage Crash,02/04/2025 05:05:00 PM,VEIRS MILL RD,NA,Front to Rear,Clear,Dry,Daylight,No Controls,NONE DETECTED,No,No Apparent Injury,NA,Not Distracted,MD,Passenger Car,Moving Constant Speed,25,No,2016,ACURA,MDX,39.07996513,-77.13905284,2025,2,17
250005162,Injury Crash,02/04/2025 04:59:00 PM,NA,NA,Front to Front,Clear,Dry,Daylight,No Controls,NONE DETECTED,No,No Apparent Injury,NA,Not Distracted,MD,Passenger Car,Moving Constant Speed,35,No,2021,TOYOTA,COROLLA,39.09642083,-77.13453385,2025,2,16
250005162,Injury Crash,02/04/2025 04:59:00 PM,NA,NA,Front to Front,Clear,Dry,Daylight,Stop Sign,NONE DETECTED,No,Possible Minor Injury,NA,Unknown,MD,Passenger Car,Turning Left,25,No,2004,CHRYSLER,SEBRING,39.09642083,-77.13453385,2025,2,16
250005161,Property Damage Crash,02/04/2025 04:20:00 PM,NA,NA,"Sideswipe, Same Direction",Clear,NA,Daylight,NA,NONE DETECTED,No,No Apparent Injury,NA,Not Distracted,MD,Passenger Car,Turning Left,0,No,2016,TOYOTA,CAMRY,39.04413272,-77.10969818,2025,2,16
250005151,Property Damage Crash,02/04/2025 04:16:00 PM,GRANDVIEW AVE,NA,"Sideswipe, Same Direction",Clear,Dry,Daylight,No Controls,NONE DETECTED,Yes,No Apparent Injury,Other Improper Action,Unknown,MD,Bus - School,Moving Constant Speed,25,No,2020,FREIGHTLINER,B2 BUS CHASSIS,39.05179512,-77.05298028,2025,2,16
250005173,Property Damage Crash,02/04/2025 04:07:00 PM,TEA ROSE DR,NA,"Sideswipe, Opposite Direction",Clear,Dry,Daylight,No Controls,NONE DETECTED,No,No Apparent Injury,NA,Not Distracted,MD,Passenger Car,Moving Constant Speed,25,No,2011,FORD,FUSION,39.15876886,-77.17247262,2025,2,16
250005173,Property Damage Crash,02/04/2025 04:07:00 PM,TEA ROSE DR,NA,"Sideswipe, Opposite Direction",Clear,Dry,Daylight,No Controls,NONE DETECTED,No,No Apparent Injury,Wrong Side,Unknown,NA,Passenger Car,Moving Constant Speed,25,No,2015,FORD,FIESTA,39.15876886,-77.17247262,2025,2,16
250005154,Injury Crash,02/04/2025 04:00:00 PM,NA,Cyclist (non-electric),Single Vehicle,Clear,Dry,Daylight,Traffic Control Signal,NONE DETECTED,No,NA,NA,NA,NA,NA,Turning Right,25,No,0,NA,NA,39.0714081,-77.13946324,2025,2,16
250005146,Property Damage Crash,02/04/2025 03:44:00 PM,NA,NA,Single Vehicle,Clear,NA,Daylight,NA,NONE DETECTED,Yes,No Apparent Injury,"Improper Turn, Ran Off Roadway",Not Distracted,MD,Bus - School,Negotiating a Curve,0,No,2023,FREIGHTLINER,B2 106 ELECTRIC CONVENTIONAL CHASSIS,39.16755867,-77.2104069,2025,2,15
250005142,Injury Crash,02/04/2025 03:39:00 PM,NORBECK RD (WB/L),NA,Front to Rear,Clear,Dry,Daylight,No Controls,NONE DETECTED,Yes,No Apparent Injury,Followed Too Closely,Not Distracted,MD,Pickup,Slowing or Stopping,40,No,2002,CHEVROLET,SILVERADO,39.12241526,-76.99900637,2025,2,15
250005142,Injury Crash,02/04/2025 03:39:00 PM,NORBECK RD (WB/L),NA,Front to Rear,Clear,Dry,Daylight,No Controls,NONE DETECTED,No,No Apparent Injury,NA,Not Distracted,MD,Sport Utility Vehicle,Slowing or Stopping,40,No,2011,TOYOTA,4-RUNNER,39.12241526,-76.99900637,2025,2,15
250005141,Injury Crash,02/04/2025 03:34:00 PM,GEORGIA AVE,NA,Angle,Clear,Dry,Daylight,No Controls,NONE DETECTED,No,Possible Minor Injury,NA,Not Distracted,MD,Passenger Car,Moving Constant Speed,30,No,2021,LAND ROVER,RANGE ROVER SPORT,39.00423983,-77.03683255,2025,2,15
250005141,Injury Crash,02/04/2025 03:34:00 PM,GEORGIA AVE,NA,Angle,Clear,Dry,Daylight,No Controls,NONE DETECTED,Yes,No Apparent Injury,NA,Not Distracted,MD,Passenger Car,Moving Constant Speed,30,No,2016,FORD,F-250,39.00423983,-77.03683255,2025,2,15
250005286,Property Damage Crash,02/04/2025 03:29:00 PM,CORSICA DR,NA,"Sideswipe, Same Direction",Clear,Dry,Daylight,No Controls,NONE DETECTED,No,NA,NA,NA,NA,NA,Moving Constant Speed,25,No,0,NA,NA,39.010608,-77.09908267,2025,2,15
250005114,Property Damage Crash,02/04/2025 02:49:00 PM,SLIGO CREEK PKWY,NA,Single Vehicle,Clear,Dry,Daylight,No Controls,NONE DETECTED,Yes,No Apparent Injury,Other Improper Action,Not Distracted,MD,Bus - Transit,Accelerating,20,No,2016,GILLIG,LOW FLOOR BUS,38.99966029,-77.01027163,2025,2,14
250005112,Property Damage Crash,02/04/2025 02:25:00 PM,EISENHOWER MEMORIAL HWY,NA,Front to Rear,Clear,Dry,Daylight,No Controls,NONE DETECTED,No,No Apparent Injury,NA,Not Distracted,MD,Passenger Car,Slowing or Stopping,55,No,2019,DODGE,CHARGER,39.1559225,-77.22480683,2025,2,14
250005112,Property Damage Crash,02/04/2025 02:25:00 PM,EISENHOWER MEMORIAL HWY,NA,Front to Rear,Clear,Dry,Daylight,No Controls,NONE DETECTED,Yes,No Apparent Injury,Followed Too Closely,Unknown,VA,Sport Utility Vehicle,Slowing or Stopping,55,No,2012,FORD,ESCAPE,39.1559225,-77.22480683,2025,2,14
250005105,Property Damage Crash,02/04/2025 01:43:00 PM,NA,NA,Rear To Side,Clear,NA,Daylight,NA,NONE DETECTED,Yes,No Apparent Injury,Failed to Yield Right-of-Way,Not Distracted,MD,Passenger Car,Backing,0,No,2013,HONDA,CIVIC,39.09876785,-77.16186374,2025,2,13
250005105,Property Damage Crash,02/04/2025 01:43:00 PM,NA,NA,Rear To Side,Clear,NA,Daylight,NA,NONE DETECTED,No,No Apparent Injury,NA,Not Distracted,MD,Passenger Car,Slowing or Stopping,0,No,2016,FORD,LTS9000,39.09876785,-77.16186374,2025,2,13
250005093,Property Damage Crash,02/04/2025 12:18:00 PM,NA,NA,"Sideswipe, Same Direction",Cloudy,NA,Daylight,NA,NONE DETECTED,No,NA,NA,NA,NA,Passenger Car,NA,0,No,2014,TOYOTA,YARIS,39.07972923,-77.07960042,2025,2,12
250005082,Injury Crash,02/04/2025 11:54:00 AM,NA,NA,Single Vehicle,Clear,NA,Daylight,NA,NONE DETECTED,Yes,Possible Minor Injury,Other Improper Action,Not Distracted,MD,Passenger Car,Accelerating,0,No,2014,SUBARU,IMPREZA,39.07751013,-76.94131929,2025,2,11
250005091,Property Damage Crash,02/04/2025 11:17:00 AM,CLARIDGE RD,NA,Rear To Rear,Clear,Dry,Daylight,No Controls,NONE DETECTED,No,NA,NA,NA,NA,Unknown,NA,25,No,0,NA,NA,39.0518982,-77.06585954,2025,2,11
250005091,Property Damage Crash,02/04/2025 11:17:00 AM,CLARIDGE RD,NA,Rear To Rear,Clear,Dry,Daylight,No Controls,NONE DETECTED,No,NA,NA,NA,NA,Passenger Car,Parked,25,No,2017,TOYOTA,CAMRY,39.0518982,-77.06585954,2025,2,11
250005091,Property Damage Crash,02/04/2025 11:17:00 AM,CLARIDGE RD,NA,Rear To Rear,Clear,Dry,Daylight,No Controls,NONE DETECTED,No,NA,NA,NA,NA,Passenger Car,Parked,25,No,2023,INFINITI,Q50,39.0518982,-77.06585954,2025,2,11
250005059,Injury Crash,02/04/2025 09:23:00 AM,CARRIAGE WALK CIR,Pedestrian,Single Vehicle,Clear,Dry,Daylight,No Controls,NONE DETECTED,No,No Apparent Injury,NA,Not Distracted,MD,Sport Utility Vehicle,Moving Constant Speed,25,No,2022,CHEVROLET,SUBURBAN,39.16379588,-77.167984,2025,2,9
250005048,Property Damage Crash,02/04/2025 07:53:00 AM,EASTWOOD AVE,NA,"Sideswipe, Same Direction",Clear,NA,Daylight,Stop Sign,NONE DETECTED,No,No Apparent Injury,NA,Not Distracted,MD,Passenger Car,Entering Traffic Lane,25,No,2020,CHEVROLET,TRAVERSE,39.02616183,-77.01130073,2025,2,7
250005048,Property Damage Crash,02/04/2025 07:53:00 AM,EASTWOOD AVE,NA,"Sideswipe, Same Direction",Clear,NA,Daylight,Stop Sign,NONE DETECTED,No,No Apparent Injury,NA,Not Distracted,MD,Passenger Car,Overtaking/Passing,25,No,2015,HONDA,ODYSSEY,39.02616183,-77.01130073,2025,2,7
250005038,Injury Crash,02/04/2025 07:47:00 AM,E GUDE DR,NA,Front to Rear,Clear,Dry,Daylight,No Controls,NONE DETECTED,No,No Apparent Injury,NA,Not Distracted,MD,Passenger Car,Moving Constant Speed,35,No,2010,FORD,F-150,39.100399,-77.1403175,2025,2,7
250005038,Injury Crash,02/04/2025 07:47:00 AM,E GUDE DR,NA,Front to Rear,Clear,Dry,Daylight,No Controls,NONE DETECTED,No,Possible Minor Injury,NA,Not Distracted,MD,Passenger Car,Slowing or Stopping,35,No,2024,HONDA,CR-V,39.100399,-77.1403175,2025,2,7
250005037,Property Damage Crash,02/04/2025 07:41:00 AM,BRIGGS CHANEY RD,NA,"Sideswipe, Same Direction",Clear,Dry,Daylight,No Controls,NONE DETECTED,No,No Apparent Injury,NA,Not Distracted,MD,Passenger Car,Moving Constant Speed,35,No,2013,CHEVROLET,MALIBU,39.08619611,-76.95438598,2025,2,7