Local Case Number,ACRS Report Type,Crash Date/Time,Road Name,Related Non-Motorist,Collision Type,Weather,Surface Condition,Light,Traffic Control,Driver Substance Abuse,Driver At Fault,Injury Severity,Circumstance,Driver Distracted By,Drivers License State,Vehicle Body Type,Vehicle Movement,Speed Limit,Driverless Vehicle,Vehicle Year,Vehicle Make,Vehicle Model,Latitude,Longitude,Year,Month,Hour
250004656,Property Damage Crash,02/01/2025 10:26:00 AM,NA,NA,Angle,Clear,Dry,Daylight,Traffic Control Signal,NONE DETECTED,No,No Apparent Injury,NA,Not Distracted,MD,Passenger Car,Moving Constant Speed,40,No,1997,HONDA,ACCORD,39.22820487,-77.26616713,2025,2,10
250004656,Property Damage Crash,02/01/2025 10:26:00 AM,NA,NA,Angle,Clear,Dry,Daylight,No Controls,NONE DETECTED,Yes,No Apparent Injury,Ran Red Light,Not Distracted,MD,Passenger Car,Turning Left,40,No,2012,HONDA,CR-V,39.22820487,-77.26616713,2025,2,10
250004644,Property Damage Crash,02/01/2025 09:40:00 AM,NA,NA,"Sideswipe, Opposite Direction",Clear,NA,Daylight,NA,NONE DETECTED,Yes,No Apparent Injury,Other Improper Action,Unknown,MD,Other,Moving Constant Speed,0,No,2016,FORD,TRANSIT CONNECT,39.14993478,-77.06557884,2025,2,9
250004644,Property Damage Crash,02/01/2025 09:40:00 AM,NA,NA,"Sideswipe, Opposite Direction",Clear,NA,Daylight,NA,NONE DETECTED,No,No Apparent Injury,NA,Not Distracted,MD,Sport Utility Vehicle,Stopped in Traffic,0,No,2016,CHEVROLET,TRAVERSE,39.14993478,-77.06557884,2025,2,9
250004630,Property Damage Crash,02/01/2025 07:25:00 AM,NA,NA,Single Vehicle,Clear,NA,Daylight,NA,NONE DETECTED,No,NA,NA,NA,NA,Passenger Car,NA,0,No,2013,FORD,FUSION,39.14564647,-77.19118095,2025,2,7
250004629,Property Damage Crash,02/01/2025 06:40:00 AM,NA,NA,Front to Rear,Clear,Wet,Dark,No Controls,NONE DETECTED,No,No Apparent Injury,NA,Not Distracted,MD,Passenger Car,Parked,25,No,2006,TOYOTA,SIENNA,39.0414335,-76.98384617,2025,2,6
250004629,Property Damage Crash,02/01/2025 06:40:00 AM,NA,NA,Front to Rear,Clear,Wet,Dark,No Controls,NONE DETECTED,No,NA,NA,NA,NA,Passenger Car,NA,25,No,2003,FORD,RANGER,39.0414335,-76.98384617,2025,2,6
250004624,Property Damage Crash,02/01/2025 04:40:00 AM,CONNECTICUT AVE,NA,Single Vehicle,Cloudy,Wet,Medium,No Controls,NONE DETECTED,Yes,No Apparent Injury,NA,Not Distracted,MD,Passenger Car,Turning Right,30,No,2012,ACURA,TSX,39.08379167,-77.077333,2025,2,4
250004623,Property Damage Crash,02/01/2025 04:10:00 AM,WISTERIA DR,NA,Single Vehicle,Clear,Dry,Medium,No Controls,ALCOHOL PRESENT,No,No Apparent Injury,Other Improper Action,"Other Action (looking away from task, etc.)",MD,Passenger Car,NA,30,No,2020,HONDA,CIVIC,39.17609447,-77.26874254,2025,2,4
250004617,Property Damage Crash,02/01/2025 02:30:00 AM,SILVER SPRING AVE,NA,Front to Rear,Clear,Dry,Medium,No Controls,ALCOHOL PRESENT,No,No Apparent Injury,NA,Unknown,MD,Pickup,Moving Constant Speed,35,No,2022,RAM,3500,38.99182981,-77.02659514,2025,2,2
250004617,Property Damage Crash,02/01/2025 02:30:00 AM,SILVER SPRING AVE,NA,Front to Rear,Clear,Dry,Medium,No Controls,NONE DETECTED,No,No Apparent Injury,NA,Not Distracted,MD,Sport Utility Vehicle,Moving Constant Speed,35,No,2012,LEXUS,RX,38.99182981,-77.02659514,2025,2,2
250004616,Injury Crash,02/01/2025 01:14:00 AM,BLUEBELL LA,NA,Front to Rear,Rain,Wet,Medium,No Controls,NONE DETECTED,No,Suspected Serious Injury,Other Improper Action,Unknown,MD,Passenger Car,Slowing or Stopping,40,No,2008,ACURA,TL,39.15187132,-77.10048404,2025,2,1
250004616,Injury Crash,02/01/2025 01:14:00 AM,BLUEBELL LA,NA,Front to Rear,Rain,Wet,Medium,No Controls,ALCOHOL PRESENT,Yes,Possible Minor Injury,"Followed Too Closely, Operated Motor Vehicle in Inattentive, Careless, Negligent, or Erratic Manner, Operated Motor Vehicle in Reckless or Aggressive Manner, Too Fast For Conditions",Not Distracted,MD,Passenger Car,Moving Constant Speed,40,No,2024,HYUNDAI,PALISADE,39.15187132,-77.10048404,2025,2,1
250004618,Property Damage Crash,02/01/2025 01:14:00 AM,BOWIE MILL RD,NA,Single Vehicle,Rain,Wet,Medium,No Controls,NONE DETECTED,No,No Apparent Injury,"Ran Off Roadway, Swerved or Avoided Due to Wind, Slippery Surface, Motor Vehicle, Object, Non-Motorist in Roadway, etc",Not Distracted,MD,Passenger Car,Moving Constant Speed,40,No,2017,HONDA,CR-V,39.15148427,-77.10155811,2025,2,1
250004609,Property Damage Crash,02/01/2025 12:33:00 AM,NA,NA,"Sideswipe, Same Direction",Rain,Wet,Medium,No Controls,NONE DETECTED,No,NA,NA,NA,NA,Passenger Car,NA,25,No,2013,HONDA,ACCORD,38.99866317,-76.99121233,2025,2,0
250004606,Property Damage Crash,01/31/2025 10:49:00 PM,NA,NA,Other,Rain,Wet,Medium,Traffic Control Signal,NONE DETECTED,No,No Apparent Injury,NA,Not Distracted,MD,Passenger Car,Moving Constant Speed,25,No,2017,FORD,FIESTA,38.97711402,-77.09080258,2025,1,22
250004606,Property Damage Crash,01/31/2025 10:49:00 PM,NA,NA,Other,Rain,Wet,Medium,Traffic Control Signal,NONE DETECTED,No,No Apparent Injury,NA,Not Distracted,MD,Passenger Car,Turning Left,25,No,2025,HYUNDAI,ELANTRA,38.97711402,-77.09080258,2025,1,22
250004588,Injury Crash,01/31/2025 07:07:00 PM,PLEASANT DR,Pedestrian,Single Vehicle,Rain,Wet,Medium,Stop Sign,NONE DETECTED,Yes,No Apparent Injury,NA,Unknown,MD,Passenger Car,Turning Left,10,No,2013,HONDA,CR-V,39.11402305,-77.17160423,2025,1,19
250004589,Injury Crash,01/31/2025 07:05:00 PM,S FREDERICK RD,Pedestrian,Single Vehicle,Rain,Wet,Dark,No Controls,NONE DETECTED,No,No Apparent Injury,NA,Not Distracted,MD,Passenger Car,Moving Constant Speed,30,No,2023,MAZDA,CX-50,39.12888509,-77.18600708,2025,1,19
250004591,Property Damage Crash,01/31/2025 06:58:00 PM,FATHER HURLEY BLVD (NB/L),NA,Front to Rear,Rain,Wet,Medium,Traffic Control Signal,NONE DETECTED,Yes,No Apparent Injury,Followed Too Closely,Not Distracted,MD,Passenger Car,Moving Constant Speed,40,No,2013,DODGE,DURANGO,39.1930058,-77.27071965,2025,1,18
250004591,Property Damage Crash,01/31/2025 06:58:00 PM,FATHER HURLEY BLVD (NB/L),NA,Front to Rear,Rain,Wet,Medium,Traffic Control Signal,NONE DETECTED,No,No Apparent Injury,NA,Not Distracted,MD,Passenger Car,Stopped in Traffic,40,No,2024,TOYOTA,CAMRY,39.1930058,-77.27071965,2025,1,18
250004584,Property Damage Crash,01/31/2025 06:45:00 PM,CATOCTIN TERR,NA,Front to Front,Rain,Wet,Medium,No Controls,NONE DETECTED,No,No Apparent Injury,NA,Not Distracted,MD,Passenger Car,Turning Right,30,No,2016,TOYOTA,COROLLA,39.09021883,-77.04308467,2025,1,18
250004584,Property Damage Crash,01/31/2025 06:45:00 PM,CATOCTIN TERR,NA,Front to Front,Rain,Wet,Medium,No Controls,NONE DETECTED,Yes,No Apparent Injury,NA,Unknown,MD,Passenger Car,Moving Constant Speed,30,No,2021,ACURA,TLX,39.09021883,-77.04308467,2025,1,18
250004581,Property Damage Crash,01/31/2025 06:30:00 PM,FENTON ST,NA,Front to Rear,Rain,Wet,Medium,No Controls,NONE DETECTED,No,No Apparent Injury,NA,Not Distracted,PA,Sport Utility Vehicle,Parked,25,No,2024,TOYOTA,RAV4,38.9962751,-77.02468431,2025,1,18
250004581,Property Damage Crash,01/31/2025 06:30:00 PM,FENTON ST,NA,Front to Rear,Rain,Wet,Medium,No Controls,NONE DETECTED,Yes,No Apparent Injury,NA,Unknown,MD,Passenger Car,Backing,25,No,2017,CHEVROLET,CAMARO,38.9962751,-77.02468431,2025,1,18
250004577,Property Damage Crash,01/31/2025 05:43:00 PM,FREDERICK RD (SB/L),NA,Angle,Cloudy,Wet,Medium,Traffic Control Signal,NONE DETECTED,Yes,No Apparent Injury,NA,Not Distracted,MD,Passenger Car,Moving Constant Speed,35,No,2013,MAZDA,MAZDA3,39.11559522,-77.16631816,2025,1,17
250004577,Property Damage Crash,01/31/2025 05:43:00 PM,FREDERICK RD (SB/L),NA,Angle,Cloudy,Wet,Medium,Traffic Control Signal,NONE DETECTED,No,No Apparent Injury,NA,Not Distracted,MD,Passenger Car,Moving Constant Speed,35,No,2018,HONDA,ODYSSEY,39.11559522,-77.16631816,2025,1,17
250004570,Injury Crash,01/31/2025 04:57:00 PM,FREDERICK RD,NA,"Sideswipe, Same Direction",Rain,Wet,Daylight,No Controls,NONE DETECTED,No,No Apparent Injury,NA,Not Distracted,MD,Sport Utility Vehicle,Moving Constant Speed,40,No,2019,SUBARU,OUTBACK,39.16407264,-77.22662661,2025,1,16
250004570,Injury Crash,01/31/2025 04:57:00 PM,FREDERICK RD,NA,"Sideswipe, Same Direction",Rain,Wet,Daylight,No Controls,NONE DETECTED,No,Possible Minor Injury,NA,Unknown,MD,Van - Passenger (&lt;9 Seats),Moving Constant Speed,40,No,1999,HONDA,ODYSSEY,39.16407264,-77.22662661,2025,1,16
250004560,Injury Crash,01/31/2025 04:22:00 PM,CRYSTAL ROCK DR,NA,Angle,Rain,Wet,Daylight,Traffic Control Signal,NONE DETECTED,Yes,No Apparent Injury,Failed to Yield Right-of-Way,Not Distracted,MD,Passenger Car,Turning Left,40,No,2014,TOYOTA,COROLLA,39.17707495,-77.26421444,2025,1,16
250004560,Injury Crash,01/31/2025 04:22:00 PM,CRYSTAL ROCK DR,NA,Angle,Rain,Wet,Daylight,Traffic Control Signal,NONE DETECTED,No,No Apparent Injury,NA,Not Distracted,MD,Passenger Car,Moving Constant Speed,40,No,2012,MERCEDES-BENZ,GLK-CLASS,39.17707495,-77.26421444,2025,1,16
250004569,Property Damage Crash,01/31/2025 04:09:00 PM,COLUMBIA PIKE (SB/L),NA,Front to Rear,Rain,Wet,Daylight,No Controls,NONE DETECTED,No,No Apparent Injury,NA,Not Distracted,MD,Passenger Car,Moving Constant Speed,45,No,2014,ACURA,RDX,39.09581726,-76.93805354,2025,1,16
250004569,Property Damage Crash,01/31/2025 04:09:00 PM,COLUMBIA PIKE (SB/L),NA,Front to Rear,Rain,Wet,Daylight,No Controls,NONE DETECTED,No,NA,NA,NA,NA,Passenger Car,Moving Constant Speed,45,No,2007,TOYOTA,RAV4,39.09581726,-76.93805354,2025,1,16
250004554,Property Damage Crash,01/31/2025 03:58:00 PM,REDLAND BLVD,NA,Angle,Rain,Wet,Daylight,Traffic Control Signal,NONE DETECTED,No,No Apparent Injury,NA,Not Distracted,MD,Passenger Car,Accelerating,40,No,2024,JEEP,GRAND CHEROKEE L,39.11547747,-77.16625328,2025,1,15
250004554,Property Damage Crash,01/31/2025 03:58:00 PM,REDLAND BLVD,NA,Angle,Rain,Wet,Daylight,Traffic Control Signal,NONE DETECTED,Yes,No Apparent Injury,NA,Not Distracted,MD,Passenger Car,Accelerating,40,No,2018,KIA,SPORTAGE,39.11547747,-77.16625328,2025,1,15
250004549,Property Damage Crash,01/31/2025 03:40:00 PM,NA,NA,Front to Rear,Rain,Wet,Daylight,Yield Sign,NONE DETECTED,No,No Apparent Injury,NA,Not Distracted,MD,Pickup,Stopped in Traffic,35,No,2015,FORD,F-150,39.09297973,-77.07992523,2025,1,15
250004549,Property Damage Crash,01/31/2025 03:40:00 PM,NA,NA,Front to Rear,Rain,Wet,Daylight,Yield Sign,NONE DETECTED,Yes,No Apparent Injury,NA,Unknown,MD,Passenger Car,Moving Constant Speed,35,No,2017,HONDA,CIVIC,39.09297973,-77.07992523,2025,1,15
250004546,Property Damage Crash,01/31/2025 03:20:00 PM,VEIRS MILL RD (WB/L),NA,Front to Rear,Rain,Wet,Daylight,No Controls,NONE DETECTED,No,No Apparent Injury,NA,Not Distracted,MD,Passenger Car,Stopped in Traffic,40,No,2011,NISSAN,ROGUE,39.07294319,-77.1108898,2025,1,15
250004546,Property Damage Crash,01/31/2025 03:20:00 PM,VEIRS MILL RD (WB/L),NA,Front to Rear,Rain,Wet,Daylight,No Controls,NONE DETECTED,Yes,No Apparent Injury,"Followed Too Closely, Other Improper Action, Too Fast For Conditions","Other Action (looking away from task, etc.)",MD,Passenger Car,Accelerating,40,No,2016,HONDA,FIT,39.07294319,-77.1108898,2025,1,15
250004551,Property Damage Crash,01/31/2025 03:19:00 PM,SUNDOWN RD,NA,Angle,Rain,Wet,Daylight,Traffic Control Signal,NONE DETECTED,No,No Apparent Injury,NA,Not Distracted,MD,Passenger Car,Moving Constant Speed,35,No,2022,TOYOTA,CAMRY,39.21207616,-77.14260754,2025,1,15
250004551,Property Damage Crash,01/31/2025 03:19:00 PM,SUNDOWN RD,NA,Angle,Rain,Wet,Daylight,Traffic Control Signal,NONE DETECTED,Yes,No Apparent Injury,Failed to Yield Right-of-Way,Not Distracted,MD,Other Trucks,Turning Left,35,No,2019,PIERCE MANUFACTURING,PUMPER,39.21207616,-77.14260754,2025,1,15
250004543,Property Damage Crash,01/31/2025 03:10:00 PM,NA,NA,"Sideswipe, Same Direction",Rain,Wet,Daylight,No Controls,NONE DETECTED,Yes,No Apparent Injury,NA,Unknown,MD,Van - Passenger (&lt;9 Seats),Moving Constant Speed,25,No,2012,HONDA,ODYSSEY,39.02664117,-77.15140681,2025,1,15
250004529,Property Damage Crash,01/31/2025 01:48:00 PM,GERMANTOWN RD (SB/L),NA,Angle,Rain,Wet,Daylight,Traffic Control Signal,NONE DETECTED,No,No Apparent Injury,NA,Not Distracted,MD,Passenger Car,Accelerating,40,No,2017,TOYOTA,COROLLA,39.183302,-77.25712749,2025,1,13
250004529,Property Damage Crash,01/31/2025 01:48:00 PM,GERMANTOWN RD (SB/L),NA,Angle,Rain,Wet,Daylight,Traffic Control Signal,NONE DETECTED,Yes,No Apparent Injury,Ran Red Light,Not Distracted,MD,Passenger Car,Moving Constant Speed,40,No,2015,KIA,SOUL,39.183302,-77.25712749,2025,1,13
250004521,Property Damage Crash,01/31/2025 01:09:00 PM,COLUMBIA PIKE,NA,Front to Rear,Rain,Wet,Daylight,No Controls,NONE DETECTED,No,NA,NA,NA,NA,NA,Moving Constant Speed,40,No,0,NA,NA,39.03648378,-76.99978807,2025,1,13
250004521,Property Damage Crash,01/31/2025 01:09:00 PM,COLUMBIA PIKE,NA,Front to Rear,Rain,Wet,Daylight,No Controls,NONE DETECTED,No,No Apparent Injury,NA,Not Distracted,MD,Passenger Car,Moving Constant Speed,40,No,2016,FORD,FUSION,39.03648378,-76.99978807,2025,1,13
250004525,Property Damage Crash,01/31/2025 12:50:00 PM,DEL RAY AVE,NA,"Sideswipe, Same Direction",Rain,Wet,Daylight,No Controls,NONE DETECTED,No,No Apparent Injury,Failed to Keep in Proper Lane,Unknown,NA,Passenger Car,Moving Constant Speed,25,No,2016,HONDA,CR-V,38.98885744,-77.09981025,2025,1,12
250004525,Property Damage Crash,01/31/2025 12:50:00 PM,DEL RAY AVE,NA,"Sideswipe, Same Direction",Rain,Wet,Daylight,No Controls,NONE DETECTED,No,No Apparent Injury,NA,Not Distracted,WV,Pickup,Parked,25,No,2021,RAM,2500,38.98885744,-77.09981025,2025,1,12
250004515,Property Damage Crash,01/31/2025 12:31:00 PM,MANOR RD,NA,Front to Rear,Rain,Wet,Daylight,No Controls,NONE DETECTED,No,No Apparent Injury,NA,Not Distracted,MD,Passenger Car,Slowing or Stopping,35,No,2024,TESLA,MODEL 3,38.99654049,-77.07540013,2025,1,12
250004515,Property Damage Crash,01/31/2025 12:31:00 PM,MANOR RD,NA,Front to Rear,Rain,Wet,Daylight,No Controls,NONE DETECTED,Yes,No Apparent Injury,NA,Unknown,MD,Passenger Car,Moving Constant Speed,35,No,2017,ACURA,TLX,38.99654049,-77.07540013,2025,1,12
250004493,Injury Crash,01/31/2025 11:26:00 AM,RAMP 3 FR WESTLAKE TERR TO IS 270Y NB,Pedestrian,Single Vehicle,Rain,Wet,Daylight,Traffic Control Signal,NONE DETECTED,Yes,No Apparent Injury,Followed Too Closely,Unknown,MD,Sport Utility Vehicle,Turning Left,35,No,2011,HONDA,CR-V,39.02652393,-77.14164021,2025,1,11
250004493,Injury Crash,01/31/2025 11:26:00 AM,RAMP 3 FR WESTLAKE TERR TO IS 270Y NB,Pedestrian,Single Vehicle,Rain,Wet,Daylight,Traffic Control Signal,NONE DETECTED,No,Possible Minor Injury,NA,Not Distracted,MD,Passenger Car,Turning Left,35,No,2006,TOYOTA,CAMRY,39.02652393,-77.14164021,2025,1,11
250004494,Property Damage Crash,01/31/2025 11:20:00 AM,KING FARM BLVD,NA,Angle,Rain,Wet,Daylight,Stop Sign,NONE DETECTED,Yes,No Apparent Injury,NA,Unknown,MD,Passenger Car,Turning Left,5,No,2021,MERCEDES-BENZ,E-CLASS,39.11295416,-77.1737738,2025,1,11
250004494,Property Damage Crash,01/31/2025 11:20:00 AM,KING FARM BLVD,NA,Angle,Rain,Wet,Daylight,No Controls,NONE DETECTED,No,No Apparent Injury,NA,Not Distracted,MD,Passenger Car,Moving Constant Speed,25,No,2018,NISSAN,SENTRA,39.11295416,-77.1737738,2025,1,11
250004482,Property Damage Crash,01/31/2025 09:59:00 AM,HASTINGS DR,NA,Front to Rear,Rain,Wet,Daylight,Traffic Control Signal,NONE DETECTED,Yes,No Apparent Injury,Followed Too Closely,Unknown,MD,Sport Utility Vehicle,Slowing or Stopping,35,No,2021,KIA,SPORTAGE,39.01321363,-77.01662747,2025,1,9
250004482,Property Damage Crash,01/31/2025 09:59:00 AM,HASTINGS DR,NA,Front to Rear,Rain,Wet,Daylight,Traffic Control Signal,NONE DETECTED,No,No Apparent Injury,NA,Not Distracted,MD,Sport Utility Vehicle,Stopped in Traffic,35,No,2019,ACURA,MDX,39.01321363,-77.01662747,2025,1,9
250004484,Property Damage Crash,01/31/2025 09:39:00 AM,RIDGE RD,NA,Single Vehicle,Clear,Dry,Daylight,No Controls,NONE DETECTED,No,No Apparent Injury,Too Fast For Conditions,Unknown,MD,Sport Utility Vehicle,Moving Constant Speed,35,No,2024,CHEVROLET,EQUINOX,39.32536221,-77.1950785,2025,1,9
250004477,Property Damage Crash,01/31/2025 09:19:00 AM,NA,NA,Other,Rain,NA,Daylight,NA,NONE DETECTED,No,No Apparent Injury,NA,Unknown,MD,Bus - School,Moving Constant Speed,0,No,2024,THOMAS BUILT,HDX,39.12718233,-77.16365683,2025,1,9
250004477,Property Damage Crash,01/31/2025 09:19:00 AM,NA,NA,Other,Rain,NA,Daylight,NA,NONE DETECTED,No,No Apparent Injury,NA,Not Distracted,MD,Passenger Car,Parked,0,No,2015,HONDA,CR-V,39.12718233,-77.16365683,2025,1,9
250004475,Property Damage Crash,01/31/2025 09:15:00 AM,LELAND ST,NA,"Sideswipe, Same Direction",Rain,Wet,Daylight,No Controls,NONE DETECTED,Yes,No Apparent Injury,NA,Not Distracted,MD,Bus - School,Slowing or Stopping,25,No,2015,THOMAS BUILT,HDX,38.98542357,-77.07905849,2025,1,9
250004474,Injury Crash,01/31/2025 09:04:00 AM,BROADBIRCH DR,NA,Angle,Rain,Wet,Daylight,No Controls,NONE DETECTED,No,Possible Minor Injury,NA,Not Distracted,MD,Passenger Car,Moving Constant Speed,30,No,2017,NISSAN,ROGUE,39.05595983,-76.96586668,2025,1,9
250004474,Injury Crash,01/31/2025 09:04:00 AM,BROADBIRCH DR,NA,Angle,Rain,Wet,Daylight,Stop Sign,NONE DETECTED,Yes,No Apparent Injury,Failed to Yield Right-of-Way,Not Distracted,MD,Passenger Car,Turning Left,30,No,2013,LEXUS,ES,39.05595983,-76.96586668,2025,1,9
250004476,Property Damage Crash,01/31/2025 09:00:00 AM,NA,NA,Single Vehicle,Rain,NA,Daylight,NA,NONE DETECTED,Yes,No Apparent Injury,NA,"Other Action (looking away from task, etc.)",MD,Single-Unit Truck,Moving Constant Speed,0,No,2015,FORD,E-350,39.1152685,-77.18689483,2025,1,9
250004476,Property Damage Crash,01/31/2025 09:00:00 AM,NA,NA,Single Vehicle,Rain,NA,Daylight,NA,NONE DETECTED,No,No Apparent Injury,NA,Not Distracted,MD,Passenger Car,Moving Constant Speed,0,No,2000,TOYOTA,AVALON,39.1152685,-77.18689483,2025,1,9
250004466,Property Damage Crash,01/31/2025 08:35:00 AM,WATKINS MILL RD (SB/L),NA,Rear To Side,Rain,Wet,Daylight,Stop Sign,NONE DETECTED,No,No Apparent Injury,NA,Unknown,MD,Passenger Car,NA,35,No,2010,KIA,FORTE,39.16208307,-77.21441247,2025,1,8
250004466,Property Damage Crash,01/31/2025 08:35:00 AM,WATKINS MILL RD (SB/L),NA,Rear To Side,Rain,Wet,Daylight,Stop Sign,NONE DETECTED,No,No Apparent Injury,NA,Unknown,MD,Passenger Car,Turning Left,35,No,2021,TOYOTA,COROLLA,39.16208307,-77.21441247,2025,1,8
250004461,Property Damage Crash,01/31/2025 08:00:00 AM,NA,NA,Single Vehicle,Cloudy,Dry,Daylight,No Controls,NONE DETECTED,No,No Apparent Injury,NA,Not Distracted,MD,Passenger Car,Moving Constant Speed,40,No,2016,FORD,F-450,39.08794429,-77.13382435,2025,1,8
250004463,Property Damage Crash,01/31/2025 08:00:00 AM,RIVER RD,NA,Front to Rear,Rain,Wet,Daylight,Traffic Control Signal,NONE DETECTED,Yes,No Apparent Injury,Followed Too Closely,Not Distracted,MD,Passenger Car,Slowing or Stopping,35,No,2016,MAZDA,CX-5,38.99017057,-77.15286056,2025,1,8
250004463,Property Damage Crash,01/31/2025 08:00:00 AM,RIVER RD,NA,Front to Rear,Rain,Wet,Daylight,Traffic Control Signal,NONE DETECTED,No,No Apparent Injury,NA,Not Distracted,MD,Passenger Car,Stopped in Traffic,35,No,2021,HYUNDAI,KONA ELECTRIC,38.99017057,-77.15286056,2025,1,8
250004463,Property Damage Crash,01/31/2025 08:00:00 AM,RIVER RD,NA,Front to Rear,Rain,Wet,Daylight,Traffic Control Signal,NONE DETECTED,No,No Apparent Injury,NA,Not Distracted,MD,Passenger Car,Stopped in Traffic,35,No,2021,SUBARU,CROSSTREK,38.99017057,-77.15286056,2025,1,8
250004460,Injury Crash,01/31/2025 07:59:00 AM,ROSE PETAL WAY,NA,Angle,Cloudy,Wet,Daylight,Stop Sign,NONE DETECTED,Yes,No Apparent Injury,NA,Unknown,MD,Passenger Car,Moving Constant Speed,25,No,2017,ACURA,MDX,39.08032773,-77.16084463,2025,1,7
250004460,Injury Crash,01/31/2025 07:59:00 AM,ROSE PETAL WAY,NA,Angle,Cloudy,Wet,Daylight,No Controls,NONE DETECTED,No,Possible Minor Injury,NA,Unknown,MD,Passenger Car,Moving Constant Speed,30,No,2024,VOLKSWAGEN,JETTA,39.08032773,-77.16084463,2025,1,7
250004456,Injury Crash,01/31/2025 07:05:00 AM,GEORGIA AVE (SB/L),NA,Front to Rear,Cloudy,Wet,Daylight,Traffic Control Signal,NONE DETECTED,No,Possible Minor Injury,NA,Not Distracted,NA,Van - Passenger (&lt;9 Seats),Stopped in Traffic,25,No,2018,DODGE,GRAND CARAVAN,39.08760921,-77.07973663,2025,1,7
250004456,Injury Crash,01/31/2025 07:05:00 AM,GEORGIA AVE (SB/L),NA,Front to Rear,Cloudy,Wet,Daylight,Traffic Control Signal,NONE DETECTED,No,No Apparent Injury,NA,Not Distracted,MD,Sport Utility Vehicle,Moving Constant Speed,45,No,2019,HONDA,CR-V,39.08760921,-77.07973663,2025,1,7
250004456,Injury Crash,01/31/2025 07:05:00 AM,GEORGIA AVE (SB/L),NA,Front to Rear,Cloudy,Wet,Daylight,Traffic Control Signal,NONE DETECTED,Yes,Possible Minor Injury,Failed to Yield Right-of-Way,Not Distracted,MD,Passenger Car,Turning Left,35,No,2011,TOYOTA,PRIUS,39.08760921,-77.07973663,2025,1,7
250004435,Property Damage Crash,01/30/2025 09:40:00 PM,RAMP 1 FR RAMP 4 (FR IS270) TO MD 121 WB,NA,Front to Front,Clear,Dry,Medium,Traffic Control Signal,NONE DETECTED,No,No Apparent Injury,NA,Not Distracted,MD,Passenger Car,Turning Left,35,No,2018,HONDA,ACCORD,39.23289636,-77.28369748,2025,1,21
250004435,Property Damage Crash,01/30/2025 09:40:00 PM,RAMP 1 FR RAMP 4 (FR IS270) TO MD 121 WB,NA,Front to Front,Clear,Dry,Medium,Traffic Control Signal,NONE DETECTED,No,No Apparent Injury,NA,Not Distracted,MD,Passenger Car,Moving Constant Speed,35,No,2005,HONDA,ACCORD,39.23289636,-77.28369748,2025,1,21
250004424,Property Damage Crash,01/30/2025 07:48:00 PM,THE HILLS PLAZA,NA,Front to Rear,Clear,Dry,Medium,No Controls,NONE DETECTED,No,No Apparent Injury,NA,Not Distracted,MD,Passenger Car,Parked,20,No,2023,TESLA,MODEL 3,38.96220762,-77.08791712,2025,1,19
250004424,Property Damage Crash,01/30/2025 07:48:00 PM,THE HILLS PLAZA,NA,Front to Rear,Clear,Dry,Medium,No Controls,NONE DETECTED,No,NA,NA,NA,NA,Passenger Car,Backing,20,No,2012,VOLKSWAGEN,PASSAT,38.96220762,-77.08791712,2025,1,19
250004421,Property Damage Crash,01/30/2025 07:10:00 PM,PINEY BRANCH RD (SB/L),NA,"Sideswipe, Same Direction",Clear,Dry,Medium,Traffic Control Signal,NONE DETECTED,No,No Apparent Injury,NA,Not Distracted,DC,Bus - Transit,Turning Left,35,No,2009,GILLIG,LOW FLOOR BUS,38.99958954,-76.99559567,2025,1,19
250004421,Property Damage Crash,01/30/2025 07:10:00 PM,PINEY BRANCH RD (SB/L),NA,"Sideswipe, Same Direction",Clear,Dry,Medium,Traffic Control Signal,NONE DETECTED,No,No Apparent Injury,NA,Not Distracted,MD,Sport Utility Vehicle,Accelerating,35,No,2021,HONDA,HR-V,38.99958954,-76.99559567,2025,1,19