Local Case Number,ACRS Report Type,Crash Date/Time,Road Name,Related Non-Motorist,Collision Type,Weather,Surface Condition,Light,Traffic Control,Driver Substance Abuse,Driver At Fault,Injury Severity,Circumstance,Driver Distracted By,Drivers License State,Vehicle Body Type,Vehicle Movement,Speed Limit,Driverless Vehicle,Vehicle Year,Vehicle Make,Vehicle Model,Latitude,Longitude,Year,Month,Hour
250004113,Property Damage Crash,01/28/2025 09:41:00 PM,NA,NA,Other,Clear,Dry,Medium,Stop Sign,NONE DETECTED,No,No Apparent Injury,NA,Not Distracted,MD,Passenger Car,Accelerating,30,No,2008,SATURN,AURA,38.98806717,-77.01216517,2025,1,21
250004113,Property Damage Crash,01/28/2025 09:41:00 PM,NA,NA,Other,Clear,Dry,Medium,Stop Sign,NONE DETECTED,Yes,No Apparent Injury,NA,Not Distracted,MD,Passenger Car,Accelerating,30,No,2011,KIA,SPORTAGE,38.98806717,-77.01216517,2025,1,21
250004112,Injury Crash,01/28/2025 09:29:00 PM,GLEN MILL RD,NA,Single Vehicle,Clear,Dry,Dark,No Controls,NONE DETECTED,No,No Apparent Injury,"Failed to Keep in Proper Lane, Ran Off Roadway",Unknown,MD,Sport Utility Vehicle,Moving Constant Speed,30,No,2024,BMW,X5,39.07071006,-77.20702109,2025,1,21
250004106,Injury Crash,01/28/2025 08:56:00 PM,NICHOLSON LA,NA,Angle,Clear,Dry,Medium,No Controls,NONE DETECTED,Yes,Possible Minor Injury,NA,Not Distracted,MD,Passenger Car,Turning Left,35,No,2009,TOYOTA,HIGHLANDER,39.04581477,-77.10440004,2025,1,20
250004106,Injury Crash,01/28/2025 08:56:00 PM,NICHOLSON LA,NA,Angle,Clear,Dry,Medium,No Controls,NONE DETECTED,No,No Apparent Injury,NA,Unknown,MD,Passenger Car,Moving Constant Speed,35,No,2021,TOYOTA,COROLLA,39.04581477,-77.10440004,2025,1,20
250004098,Property Damage Crash,01/28/2025 08:12:00 PM,VEIRS MILL RD,NA,Front to Front,Clear,Dry,Medium,Other,ALCOHOL PRESENT,No,No Apparent Injury,NA,Unknown,MD,Pickup,Moving Constant Speed,30,No,2014,NISSAN,FRONTIER,39.08134506,-77.14698698,2025,1,20
250004098,Property Damage Crash,01/28/2025 08:12:00 PM,VEIRS MILL RD,NA,Front to Front,Clear,Dry,Medium,Other,NONE DETECTED,No,No Apparent Injury,NA,Not Distracted,MD,Sport Utility Vehicle,Moving Constant Speed,30,No,2007,BMW,Z4,39.08134506,-77.14698698,2025,1,20
250004094,Property Damage Crash,01/28/2025 07:53:00 PM,NA,NA,Other,Clear,Dry,Medium,Traffic Control Signal,NONE DETECTED,No,No Apparent Injury,NA,Not Distracted,MD,Sport Utility Vehicle,Moving Constant Speed,40,No,2011,CHEVROLET,SUBURBAN,39.09557099,-77.04445952,2025,1,19
250004094,Property Damage Crash,01/28/2025 07:53:00 PM,NA,NA,Other,Clear,Dry,Medium,Traffic Control Signal,NONE DETECTED,Yes,No Apparent Injury,"Failed to Yield Right-of-Way, Improper Turn",Not Distracted,MD,Passenger Car,Turning Left,40,No,2016,VOLKSWAGEN,GOLF,39.09557099,-77.04445952,2025,1,19
250004091,Injury Crash,01/28/2025 06:52:00 PM,CONNECTICUT AVE (SB/L),NA,Rear To Side,Clear,Dry,Medium,No Controls,NONE DETECTED,No,Possible Minor Injury,NA,Not Distracted,MD,Passenger Car,Turning Right,35,No,2025,TOYOTA,CAMRY,39.0795785,-77.08094167,2025,1,18
250004091,Injury Crash,01/28/2025 06:52:00 PM,CONNECTICUT AVE (SB/L),NA,Rear To Side,Clear,Dry,Medium,No Controls,NONE DETECTED,Yes,No Apparent Injury,Followed Too Closely,Not Distracted,MD,Sport Utility Vehicle,Moving Constant Speed,35,No,2018,DODGE,DURANGO,39.0795785,-77.08094167,2025,1,18
250004705,Property Damage Crash,01/28/2025 06:25:00 PM,COLUMBIA PIKE (SB/L),NA,"Sideswipe, Same Direction",Clear,Dry,Dark,No Controls,NONE DETECTED,No,No Apparent Injury,Failed to Keep in Proper Lane,Unknown,NA,Sport Utility Vehicle,Moving Constant Speed,50,No,2018,FORD,EXPLORER,39.09375586,-76.93955139,2025,1,18
250004705,Property Damage Crash,01/28/2025 06:25:00 PM,COLUMBIA PIKE (SB/L),NA,"Sideswipe, Same Direction",Clear,Dry,Dark,No Controls,NONE DETECTED,No,No Apparent Injury,NA,Not Distracted,MD,Sport Utility Vehicle,Moving Constant Speed,50,No,2023,TOYOTA,HIGHLANDER,39.09375586,-76.93955139,2025,1,18
250004073,Property Damage Crash,01/28/2025 06:09:00 PM,MATENY RD (NB/L),NA,Single Vehicle,Clear,Dry,Medium,No Controls,NONE DETECTED,Yes,No Apparent Injury,NA,Not Distracted,MD,Passenger Car,Moving Constant Speed,25,No,2013,VOLKSWAGEN,PASSAT,39.16246378,-77.27013465,2025,1,18
250004077,Property Damage Crash,01/28/2025 05:54:00 PM,ROCKVILLE PIKE,NA,Front to Rear,Clear,Dry,Dark,No Controls,NONE DETECTED,No,No Apparent Injury,NA,Not Distracted,TX,Passenger Car,Moving Constant Speed,35,No,2011,HYUNDAI,SONATA,39.01613837,-77.10010131,2025,1,17
250004077,Property Damage Crash,01/28/2025 05:54:00 PM,ROCKVILLE PIKE,NA,Front to Rear,Clear,Dry,Dark,No Controls,NONE DETECTED,No,No Apparent Injury,NA,Not Distracted,MA,Sport Utility Vehicle,Moving Constant Speed,35,No,2017,KIA,SPORTAGE,39.01613837,-77.10010131,2025,1,17
250004077,Property Damage Crash,01/28/2025 05:54:00 PM,ROCKVILLE PIKE,NA,Front to Rear,Clear,Dry,Dark,No Controls,NONE DETECTED,No,No Apparent Injury,NA,Not Distracted,MD,Sport Utility Vehicle,Moving Constant Speed,35,No,2013,JEEP,WRANGLER,39.01613837,-77.10010131,2025,1,17
250004077,Property Damage Crash,01/28/2025 05:54:00 PM,ROCKVILLE PIKE,NA,Front to Rear,Clear,Dry,Dark,No Controls,NONE DETECTED,No,No Apparent Injury,Other Improper Action,Not Distracted,MD,Passenger Car,Slowing or Stopping,35,No,2024,TESLA,MODEL 3,39.01613837,-77.10010131,2025,1,17
250004065,Injury Crash,01/28/2025 05:13:00 PM,GEORGIA AVE,NA,Angle,Clear,Dry,Daylight,No Controls,NONE DETECTED,Yes,Possible Minor Injury,NA,Not Distracted,MD,Passenger Car,Turning Left,30,No,2020,TOYOTA,RAV4,39.00239721,-77.03491342,2025,1,17
250004065,Injury Crash,01/28/2025 05:13:00 PM,GEORGIA AVE,NA,Angle,Clear,Dry,Daylight,No Controls,NONE DETECTED,No,No Apparent Injury,NA,Not Distracted,MD,Passenger Car,Moving Constant Speed,30,No,2019,NISSAN,SENTRA,39.00239721,-77.03491342,2025,1,17
250004063,Property Damage Crash,01/28/2025 05:03:00 PM,ARCOLA AVE,NA,Other,Clear,Dry,Daylight,No Controls,NONE DETECTED,No,No Apparent Injury,NA,Not Distracted,MD,Passenger Car,Moving Constant Speed,25,No,2020,TOYOTA,RAV4,39.04711198,-77.05063968,2025,1,17
250004063,Property Damage Crash,01/28/2025 05:03:00 PM,ARCOLA AVE,NA,Other,Clear,Dry,Daylight,Stop Sign,NONE DETECTED,No,No Apparent Injury,NA,Not Distracted,MD,Passenger Car,Turning Left,25,No,2014,NISSAN,ALTIMA,39.04711198,-77.05063968,2025,1,17
250004056,Property Damage Crash,01/28/2025 04:38:00 PM,COLUMBIA PIKE,NA,Front to Rear,Clear,Dry,Daylight,No Controls,NONE DETECTED,Yes,No Apparent Injury,NA,Unknown,MD,Passenger Car,Moving Constant Speed,50,No,2007,NISSAN,SENTRA,39.05433017,-76.9740835,2025,1,16
250004056,Property Damage Crash,01/28/2025 04:38:00 PM,COLUMBIA PIKE,NA,Front to Rear,Clear,Dry,Daylight,No Controls,NONE DETECTED,No,No Apparent Injury,NA,Not Distracted,MD,Passenger Car,Slowing or Stopping,50,No,2023,DODGE,DURANGO,39.05433017,-76.9740835,2025,1,16
250004056,Property Damage Crash,01/28/2025 04:38:00 PM,COLUMBIA PIKE,NA,Front to Rear,Clear,Dry,Daylight,No Controls,NONE DETECTED,No,No Apparent Injury,NA,Not Distracted,MD,Passenger Car,Slowing or Stopping,50,No,2020,HONDA,CIVIC,39.05433017,-76.9740835,2025,1,16
250004054,Injury Crash,01/28/2025 04:25:00 PM,UNIVERSITY BLVD W (WB/L),Pedestrian,Single Vehicle,Clear,Dry,Daylight,Traffic Control Signal,NONE DETECTED,No,No Apparent Injury,NA,Not Distracted,MD,Passenger Car,Slowing or Stopping,30,No,2021,TOYOTA,CAMRY,39.03403362,-77.07236626,2025,1,16
250004053,Property Damage Crash,01/28/2025 04:16:00 PM,SHERRIE LA,NA,"Sideswipe, Same Direction",Clear,Dry,Daylight,No Controls,NONE DETECTED,No,No Apparent Injury,NA,Not Distracted,MD,Bus - School,Moving Constant Speed,25,No,2014,FREIGHTLINER,B2 BUS CHASSIS,39.04325467,-77.05906267,2025,1,16
250004053,Property Damage Crash,01/28/2025 04:16:00 PM,SHERRIE LA,NA,"Sideswipe, Same Direction",Clear,Dry,Daylight,No Controls,NONE DETECTED,Yes,NA,NA,NA,NA,Single-Unit Truck,Parked,25,No,2002,INTERNATIONAL,MA025,39.04325467,-77.05906267,2025,1,16
250004109,Property Damage Crash,01/28/2025 04:00:00 PM,BLUE SMOKE CT,NA,Single Vehicle,Clear,Dry,Daylight,No Controls,NONE DETECTED,No,NA,NA,NA,NA,Passenger Car,Accelerating,30,No,0,NA,NA,39.1789123,-77.1835143,2025,1,16
250004042,Property Damage Crash,01/28/2025 03:33:00 PM,TAMARACK RD,NA,Single Vehicle,Clear,Dry,Daylight,Traffic Control Signal,NONE DETECTED,Yes,No Apparent Injury,Ran Off Roadway,Unknown,MD,Passenger Car,Moving Constant Speed,35,No,2013,FORD,EDGE,39.07805165,-76.97952943,2025,1,15
250004028,Property Damage Crash,01/28/2025 02:05:00 PM,SCENERY DR,NA,Angle,Clear,Dry,Daylight,Stop Sign,NONE DETECTED,Yes,No Apparent Injury,Failed to Yield Right-of-Way,Not Distracted,MD,Passenger Car,Turning Left,30,No,2010,HYUNDAI,GENESIS COUPE,39.17540314,-77.23822076,2025,1,14
250004028,Property Damage Crash,01/28/2025 02:05:00 PM,SCENERY DR,NA,Angle,Clear,Dry,Daylight,No Controls,NONE DETECTED,No,No Apparent Injury,NA,Not Distracted,MD,Passenger Car,Moving Constant Speed,40,No,2017,TOYOTA,CAMRY,39.17540314,-77.23822076,2025,1,14
250004010,Property Damage Crash,01/28/2025 12:55:00 PM,BLACKWELL RD,NA,Angle,Clear,Dry,Daylight,Stop Sign,NONE DETECTED,Yes,No Apparent Injury,NA,Not Distracted,MD,Passenger Car,Turning Left,25,No,2013,HONDA,ACCORD,39.100355,-77.19026145,2025,1,12
250004010,Property Damage Crash,01/28/2025 12:55:00 PM,BLACKWELL RD,NA,Angle,Clear,Dry,Daylight,No Controls,NONE DETECTED,No,No Apparent Injury,NA,Not Distracted,MD,Sport Utility Vehicle,Moving Constant Speed,25,No,2025,AUDI,Q7,39.100355,-77.19026145,2025,1,12
250004000,Property Damage Crash,01/28/2025 12:14:00 PM,NEW HAMPSHIRE AVE (SB/L),NA,Front to Rear,Clear,Dry,Daylight,No Controls,NONE DETECTED,No,No Apparent Injury,NA,Not Distracted,MD,Passenger Car,Moving Constant Speed,35,No,2023,TOYOTA,COROLLA,39.04294639,-76.99174873,2025,1,12
250004000,Property Damage Crash,01/28/2025 12:14:00 PM,NEW HAMPSHIRE AVE (SB/L),NA,Front to Rear,Clear,Dry,Daylight,No Controls,NONE DETECTED,Yes,No Apparent Injury,"Operated Motor Vehicle in Inattentive, Careless, Negligent, or Erratic Manner, Other Improper Action",Not Distracted,MD,Passenger Car,Moving Constant Speed,35,No,2003,INFINITI,M45,39.04294639,-76.99174873,2025,1,12
250003996,Property Damage Crash,01/28/2025 11:41:00 AM,NA,NA,Front to Rear,Clear,Dry,Daylight,No Controls,NONE DETECTED,No,No Apparent Injury,NA,Not Distracted,MD,Passenger Car,Moving Constant Speed,40,No,2009,HONDA,ACCORD,39.13302667,-77.12178167,2025,1,11
250003996,Property Damage Crash,01/28/2025 11:41:00 AM,NA,NA,Front to Rear,Clear,Dry,Daylight,No Controls,NONE DETECTED,No,No Apparent Injury,NA,Not Distracted,MD,Passenger Car,Slowing or Stopping,40,No,2019,TOYOTA,RAV4,39.13302667,-77.12178167,2025,1,11
250004011,Property Damage Crash,01/28/2025 11:30:00 AM,CONNECTICUT AVE,NA,"Sideswipe, Same Direction",Clear,Dry,Daylight,No Controls,NONE DETECTED,No,No Apparent Injury,NA,Not Distracted,DC,Passenger Car,Moving Constant Speed,40,No,2014,FORD,ESCAPE,38.97904178,-77.07749691,2025,1,11
250004011,Property Damage Crash,01/28/2025 11:30:00 AM,CONNECTICUT AVE,NA,"Sideswipe, Same Direction",Clear,Dry,Daylight,No Controls,NONE DETECTED,No,No Apparent Injury,NA,Unknown,MD,Sport Utility Vehicle,Changing Lanes,40,No,2017,LEXUS,GX,38.97904178,-77.07749691,2025,1,11
250003977,Property Damage Crash,01/28/2025 10:07:00 AM,WOODCREST DR,NA,Front to Rear,Clear,Dry,Daylight,No Controls,NONE DETECTED,Yes,No Apparent Injury,NA,Not Distracted,MD,Van - Passenger (&lt;9 Seats),Slowing or Stopping,30,No,2002,DODGE,GRAND CARAVAN,39.0899202,-77.09653624,2025,1,10
250003977,Property Damage Crash,01/28/2025 10:07:00 AM,WOODCREST DR,NA,Front to Rear,Clear,Dry,Daylight,No Controls,NONE DETECTED,No,No Apparent Injury,NA,Not Distracted,MD,Passenger Car,Stopped in Traffic,30,No,2017,AUDI,A4,39.0899202,-77.09653624,2025,1,10
250003975,Injury Crash,01/28/2025 09:53:00 AM,SHADY GROVE RD (SB/L),NA,Front to Rear,Clear,Dry,Daylight,Other,NONE DETECTED,No,No Apparent Injury,NA,Unknown,TX,Passenger Car,Changing Lanes,40,No,2019,TOYOTA,HIGHLANDER,39.12920094,-77.16619506,2025,1,9
250003975,Injury Crash,01/28/2025 09:53:00 AM,SHADY GROVE RD (SB/L),NA,Front to Rear,Clear,Dry,Daylight,Other Signal,NONE DETECTED,No,Possible Minor Injury,NA,Unknown,NA,Motorcycle - 2 Wheeled,Accelerating,40,No,2007,YAMAHA,YZF-R1,39.12920094,-77.16619506,2025,1,9
250003968,Injury Crash,01/28/2025 09:49:00 AM,RIVER RD (WB/L),NA,Front to Rear,Clear,Dry,Daylight,No Controls,NONE DETECTED,No,Possible Minor Injury,NA,Not Distracted,MD,Passenger Car,Moving Constant Speed,35,No,2019,HONDA,CIVIC,38.99039417,-77.1533645,2025,1,9
250003968,Injury Crash,01/28/2025 09:49:00 AM,RIVER RD (WB/L),NA,Front to Rear,Clear,Dry,Daylight,No Controls,NONE DETECTED,No,No Apparent Injury,NA,Not Distracted,CO,Passenger Car,Moving Constant Speed,35,No,2019,MERCEDES-BENZ,S-CLASS,38.99039417,-77.1533645,2025,1,9
250003962,Property Damage Crash,01/28/2025 09:15:00 AM,GREAT SENECA HWY,NA,Front to Rear,Clear,Dry,Daylight,No Controls,NONE DETECTED,Yes,No Apparent Injury,Followed Too Closely,Not Distracted,MD,Passenger Car,Accelerating,40,No,2019,BUICK,ENCORE,39.17421333,-77.26133333,2025,1,9
250003962,Property Damage Crash,01/28/2025 09:15:00 AM,GREAT SENECA HWY,NA,Front to Rear,Clear,Dry,Daylight,No Controls,NONE DETECTED,No,No Apparent Injury,NA,Not Distracted,MD,Passenger Car,Slowing or Stopping,40,No,2021,MERCEDES-BENZ,C-CLASS,39.17421333,-77.26133333,2025,1,9
250003960,Property Damage Crash,01/28/2025 08:57:00 AM,RAMP 2 FR IS 495 WB TO MD 185 NB,NA,Front to Rear,Clear,Dry,Daylight,Yield Sign,NONE DETECTED,No,No Apparent Injury,NA,Not Distracted,MD,Sport Utility Vehicle,Slowing or Stopping,35,No,2024,NISSAN,PATHFINDER,39.006735,-77.07891667,2025,1,8
250003960,Property Damage Crash,01/28/2025 08:57:00 AM,RAMP 2 FR IS 495 WB TO MD 185 NB,NA,Front to Rear,Clear,Dry,Daylight,Yield Sign,NONE DETECTED,Yes,No Apparent Injury,"Operated Motor Vehicle in Inattentive, Careless, Negligent, or Erratic Manner",Unknown,MD,Sport Utility Vehicle,Moving Constant Speed,35,No,2015,KIA,SORENTO,39.006735,-77.07891667,2025,1,8
250003954,Property Damage Crash,01/28/2025 08:15:00 AM,DEMOCRACY BLVD,NA,Front to Rear,Clear,Dry,Daylight,Traffic Control Signal,NONE DETECTED,No,No Apparent Injury,NA,Not Distracted,MD,Passenger Car,Stopped in Traffic,35,No,2007,HONDA,ACCORD,39.02162017,-77.14314917,2025,1,8
250003954,Property Damage Crash,01/28/2025 08:15:00 AM,DEMOCRACY BLVD,NA,Front to Rear,Clear,Dry,Daylight,Traffic Control Signal,NONE DETECTED,Yes,No Apparent Injury,Over-Correcting/Over-Steering,Not Distracted,MD,Passenger Car,Slowing or Stopping,35,No,2015,FORD,FUSION,39.02162017,-77.14314917,2025,1,8
250003953,Property Damage Crash,01/28/2025 07:59:00 AM,SILVER SPRING AVE,NA,"Sideswipe, Opposite Direction",Clear,Dry,Daylight,Stop Sign,NONE DETECTED,No,No Apparent Injury,NA,Not Distracted,MD,Passenger Car,Moving Constant Speed,25,No,2019,CHEVROLET,EQUINOX,38.99258714,-77.0131903,2025,1,7
250003952,Injury Crash,01/28/2025 07:59:00 AM,FRANKFORT DR,NA,Angle,Clear,Dry,Daylight,Stop Sign,NONE DETECTED,No,No Apparent Injury,NA,Not Distracted,MD,Sport Utility Vehicle,Accelerating,25,No,2021,NISSAN,KICKS,39.08458036,-77.08987643,2025,1,7
250003952,Injury Crash,01/28/2025 07:59:00 AM,FRANKFORT DR,NA,Angle,Clear,Dry,Daylight,No Controls,NONE DETECTED,Yes,No Apparent Injury,NA,"Other Action (looking away from task, etc.)",MD,Passenger Car,Accelerating,25,No,2019,JEEP,CHEROKEE,39.08458036,-77.08987643,2025,1,7
250003953,Property Damage Crash,01/28/2025 07:59:00 AM,SILVER SPRING AVE,NA,"Sideswipe, Opposite Direction",Clear,Dry,Daylight,Stop Sign,NONE DETECTED,Yes,No Apparent Injury,NA,Not Distracted,MD,Bus - Transit,Moving Constant Speed,25,No,2016,GILLIG,CITY TRANSIT BUS,38.99258714,-77.0131903,2025,1,7
250003951,Injury Crash,01/28/2025 07:40:00 AM,SHAKESPEARE BLVD (WB/L),NA,Angle,Clear,Dry,Daylight,Traffic Control Signal,NONE DETECTED,No,Possible Minor Injury,NA,Not Distracted,MD,Passenger Car,Moving Constant Speed,45,No,2013,CADILLAC,XTS,39.19834349,-77.24493303,2025,1,7
250003951,Injury Crash,01/28/2025 07:40:00 AM,SHAKESPEARE BLVD (WB/L),NA,Angle,Clear,Dry,Daylight,Traffic Control Signal,NONE DETECTED,Yes,Possible Minor Injury,Failed to Yield Right-of-Way,Not Distracted,MD,Sport Utility Vehicle,Turning Left,45,No,2021,ACURA,RDX,39.19834349,-77.24493303,2025,1,7
250004158,Property Damage Crash,01/28/2025 07:00:00 AM,BERRY ST,NA,"Sideswipe, Opposite Direction",Clear,Dry,Daylight,No Controls,NONE DETECTED,No,No Apparent Injury,NA,Not Distracted,MD,Passenger Car,Moving Constant Speed,25,No,2015,TOYOTA,COROLLA,39.05538506,-77.06282417,2025,1,7
250004158,Property Damage Crash,01/28/2025 07:00:00 AM,BERRY ST,NA,"Sideswipe, Opposite Direction",Clear,Dry,Daylight,No Controls,NONE DETECTED,No,No Apparent Injury,NA,Not Distracted,MD,Passenger Car,Moving Constant Speed,25,No,2015,TOYOTA,CAMRY,39.05538506,-77.06282417,2025,1,7
250003945,Property Damage Crash,01/28/2025 05:34:00 AM,RANDOLPH RD (WB/L),NA,Front to Rear,Clear,Dry,Dark,No Controls,NONE DETECTED,No,No Apparent Injury,NA,Not Distracted,MD,Passenger Car,Moving Constant Speed,40,No,2017,NISSAN,MAXIMA,39.05490017,-77.08561367,2025,1,5
250003909,Property Damage Crash,01/27/2025 06:50:00 PM,ASPEN HILL RD,NA,Front to Front,Clear,Dry,Medium,Traffic Control Signal,NONE DETECTED,No,No Apparent Injury,NA,Not Distracted,MD,Other,Slowing or Stopping,25,No,2016,FORD,TRANSIT,39.07909762,-77.08735385,2025,1,18
250003909,Property Damage Crash,01/27/2025 06:50:00 PM,ASPEN HILL RD,NA,Front to Front,Clear,Dry,Medium,Traffic Control Signal,ALCOHOL PRESENT,No,No Apparent Injury,NA,Not Distracted,MD,Passenger Car,Moving Constant Speed,25,No,2008,FORD,FOCUS,39.07909762,-77.08735385,2025,1,18
250003908,Property Damage Crash,01/27/2025 06:30:00 PM,NA,NA,Angle,Clear,Dry,Medium,Stop Sign,NONE DETECTED,No,No Apparent Injury,NA,Not Distracted,MD,Sport Utility Vehicle,Moving Constant Speed,35,No,2019,LEXUS,RX,39.07942424,-76.94511581,2025,1,18
250003908,Property Damage Crash,01/27/2025 06:30:00 PM,NA,NA,Angle,Clear,Dry,Medium,Stop Sign,ALCOHOL PRESENT,Yes,No Apparent Injury,NA,Not Distracted,MD,Sport Utility Vehicle,Changing Lanes,35,No,2003,HONDA,CR-V,39.07942424,-76.94511581,2025,1,18
250003901,Injury Crash,01/27/2025 06:00:00 PM,OLD GEORGETOWN RD,Pedestrian,Single Vehicle,Clear,Dry,Medium,No Controls,NONE DETECTED,No,No Apparent Injury,NA,Unknown,MD,Sport Utility Vehicle,Turning Right,15,No,2018,MERCEDES-BENZ,GLE-CLASS,39.04928745,-77.11504979,2025,1,18
250003898,Property Damage Crash,01/27/2025 05:50:00 PM,DODGE ST,NA,"Sideswipe, Same Direction",Clear,Dry,Medium,No Controls,NONE DETECTED,No,No Apparent Injury,NA,NA,NA,Passenger Car,Accelerating,35,No,0,NA,NA,39.0806099,-77.14388057,2025,1,17
250003898,Property Damage Crash,01/27/2025 05:50:00 PM,DODGE ST,NA,"Sideswipe, Same Direction",Clear,Dry,Medium,No Controls,NONE DETECTED,No,No Apparent Injury,NA,Not Distracted,MD,Passenger Car,Moving Constant Speed,35,No,2024,TOYOTA,COROLLA CROSS,39.0806099,-77.14388057,2025,1,17
250003882,Injury Crash,01/27/2025 04:18:00 PM,NORBECK RD (WB/L),NA,Angle,Clear,Dry,Daylight,Traffic Control Signal,NONE DETECTED,Yes,Possible Minor Injury,NA,Not Distracted,MD,Passenger Car,Turning Left,50,No,2011,NISSAN,VERSA,39.09291738,-77.1227583,2025,1,16
250003882,Injury Crash,01/27/2025 04:18:00 PM,NORBECK RD (WB/L),NA,Angle,Clear,Dry,Daylight,Traffic Control Signal,NONE DETECTED,No,No Apparent Injury,NA,Not Distracted,MD,Sport Utility Vehicle,Moving Constant Speed,50,No,2015,MAZDA,CX-5,39.09291738,-77.1227583,2025,1,16
250003876,Property Damage Crash,01/27/2025 04:00:00 PM,STEDWICK RD,NA,"Sideswipe, Same Direction",Clear,Dry,Daylight,Traffic Control Signal,NONE DETECTED,No,No Apparent Injury,NA,Not Distracted,MD,Passenger Car,Turning Left,30,No,2016,FORD,ESCAPE,39.16973474,-77.2045732,2025,1,16
250003876,Property Damage Crash,01/27/2025 04:00:00 PM,STEDWICK RD,NA,"Sideswipe, Same Direction",Clear,Dry,Daylight,Traffic Control Signal,NONE DETECTED,Yes,No Apparent Injury,"Disregarded Other Road Markings, Failed to Keep in Proper Lane, Improper Turn",Not Distracted,MD,Passenger Car,Turning Left,30,No,2010,SUBARU,FORESTER,39.16973474,-77.2045732,2025,1,16
250003876,Property Damage Crash,01/27/2025 04:00:00 PM,STEDWICK RD,NA,"Sideswipe, Same Direction",Clear,Dry,Daylight,Traffic Control Signal,NONE DETECTED,No,No Apparent Injury,NA,Not Distracted,MD,Passenger Car,Accelerating,30,No,2017,NISSAN,ARMADA,39.16973474,-77.2045732,2025,1,16
250003877,Injury Crash,01/27/2025 03:59:00 PM,SELKIRK DR,NA,Angle,Clear,Dry,Daylight,No Controls,NONE DETECTED,No,Possible Minor Injury,NA,Unknown,NA,Moped Or motorized bicycle,Moving Constant Speed,35,No,2024,ZNEN,"SUN3, RX",38.98128518,-77.14073474,2025,1,15
250003877,Injury Crash,01/27/2025 03:59:00 PM,SELKIRK DR,NA,Angle,Clear,Dry,Daylight,Stop Sign,NONE DETECTED,Yes,No Apparent Injury,NA,Not Distracted,MD,Passenger Car,Accelerating,20,No,2016,TOYOTA,CAMRY,38.98128518,-77.14073474,2025,1,15
250003870,Property Damage Crash,01/27/2025 03:31:00 PM,RANDOLPH RD,NA,Front to Rear,Clear,Dry,Daylight,No Controls,NONE DETECTED,No,No Apparent Injury,NA,Not Distracted,MD,Passenger Car,Slowing or Stopping,40,No,2017,MASERATI,LEVANTE,39.06259684,-77.04126238,2025,1,15
250003870,Property Damage Crash,01/27/2025 03:31:00 PM,RANDOLPH RD,NA,Front to Rear,Clear,Dry,Daylight,No Controls,NONE DETECTED,Yes,No Apparent Injury,Followed Too Closely,Unknown,MD,Passenger Car,Slowing or Stopping,40,No,2014,HONDA,CIVIC,39.06259684,-77.04126238,2025,1,15
250003865,Injury Crash,01/27/2025 03:15:00 PM,MONTROSE RD,Pedestrian,Single Vehicle,Clear,Dry,Daylight,Pedestrian Crossing,NONE DETECTED,Yes,No Apparent Injury,Failed to Yield Right-of-Way,Unknown,MD,Sport Utility Vehicle,Moving Constant Speed,35,No,2014,LEXUS,RX,39.05302338,-77.13100971,2025,1,15
250003858,Property Damage Crash,01/27/2025 02:40:00 PM,GERMANTOWN RD,NA,Single Vehicle,Clear,Dry,Daylight,Stop Sign,NONE DETECTED,Yes,No Apparent Injury,NA,Not Distracted,MD,Sport Utility Vehicle,Moving Constant Speed,40,No,2014,FORD,ESCAPE,39.19101449,-77.22732984,2025,1,14
250003852,Property Damage Crash,01/27/2025 02:12:00 PM,NA,NA,Single Vehicle,Clear,NA,Daylight,NA,NONE DETECTED,No,No Apparent Injury,NA,Unknown,MD,Passenger Car,Slowing or Stopping,0,No,2025,MERCEDES-BENZ,E-CLASS,39.14517609,-77.4143575,2025,1,14
250003850,Property Damage Crash,01/27/2025 01:47:00 PM,NA,NA,Front to Rear,Clear,NA,Daylight,NA,ALCOHOL PRESENT,No,No Apparent Injury,NA,Unknown,MD,Pickup,Backing,0,No,2024,TOYOTA,TACOMA,39.14136934,-77.19988453,2025,1,13