Local Case Number,ACRS Report Type,Crash Date/Time,Road Name,Related Non-Motorist,Collision Type,Weather,Surface Condition,Light,Traffic Control,Driver Substance Abuse,Driver At Fault,Injury Severity,Circumstance,Driver Distracted By,Drivers License State,Vehicle Body Type,Vehicle Movement,Speed Limit,Driverless Vehicle,Vehicle Year,Vehicle Make,Vehicle Model,Latitude,Longitude,Year,Month,Hour
250003277,Property Damage Crash,01/23/2025 05:16:00 PM,FREDERICK RD,NA,Front to Rear,Clear,Dry,Daylight,Traffic Control Signal,NONE DETECTED,No,No Apparent Injury,NA,Not Distracted,MD,Sport Utility Vehicle,Moving Constant Speed,40,No,2016,TOYOTA,RAV4,39.12548476,-77.18192449,2025,1,17
250003277,Property Damage Crash,01/23/2025 05:16:00 PM,FREDERICK RD,NA,Front to Rear,Clear,Dry,Daylight,Traffic Control Signal,NONE DETECTED,No,No Apparent Injury,NA,Not Distracted,MD,Passenger Car,Moving Constant Speed,40,No,2002,MERCURY,GRAND MARQUIS,39.12548476,-77.18192449,2025,1,17
250003277,Property Damage Crash,01/23/2025 05:16:00 PM,FREDERICK RD,NA,Front to Rear,Clear,Dry,Daylight,Traffic Control Signal,NONE DETECTED,No,No Apparent Injury,NA,Not Distracted,MD,Passenger Car,Moving Constant Speed,40,No,2005,TOYOTA,CAMRY,39.12548476,-77.18192449,2025,1,17
250003268,Injury Crash,01/23/2025 04:47:00 PM,STRINGTOWN RD,NA,Other,Clear,Dry,Daylight,Traffic Control Signal,NONE DETECTED,Yes,No Apparent Injury,Ran Red Light,"Other Action (looking away from task, etc.)",MD,Passenger Car,Moving Constant Speed,35,No,2008,HYUNDAI,ELANTRA,39.23460244,-77.28140951,2025,1,16
250003268,Injury Crash,01/23/2025 04:47:00 PM,STRINGTOWN RD,NA,Other,Clear,Dry,Daylight,Traffic Control Signal,NONE DETECTED,No,Possible Minor Injury,NA,Not Distracted,MD,Bus - School,Accelerating,30,No,2016,THOMAS BUILT,HDX,39.23460244,-77.28140951,2025,1,16
250003274,Property Damage Crash,01/23/2025 04:40:00 PM,GEORGIA AVE,NA,Angle,Clear,Dry,Daylight,No Controls,NONE DETECTED,No,NA,NA,NA,NA,Passenger Car,Entering Traffic Lane,35,No,2000,TOYOTA,CAMRY,39.08493761,-77.07825571,2025,1,16
250003274,Property Damage Crash,01/23/2025 04:40:00 PM,GEORGIA AVE,NA,Angle,Clear,Dry,Daylight,No Controls,NONE DETECTED,No,No Apparent Injury,NA,Not Distracted,MD,Passenger Car,Moving Constant Speed,35,No,2022,LAND ROVER,DEFENDER,39.08493761,-77.07825571,2025,1,16
250003260,Property Damage Crash,01/23/2025 04:13:00 PM,AMBLESIDE DR,NA,Single Vehicle,Clear,Dry,Daylight,No Controls,NONE DETECTED,No,No Apparent Injury,NA,Not Distracted,MD,Bus - School,Slowing or Stopping,25,No,2016,THOMAS BUILT,HDX,39.05745,-77.20416667,2025,1,16
250003448,Property Damage Crash,01/23/2025 03:45:00 PM,NA,NA,"Sideswipe, Same Direction",Clear,Dry,Daylight,Traffic Control Signal,NONE DETECTED,No,No Apparent Injury,NA,Not Distracted,DC,Passenger Car,Turning Left,35,No,2022,VOLKSWAGEN,TIGUAN,38.9968998,-77.09667187,2025,1,15
250003448,Property Damage Crash,01/23/2025 03:45:00 PM,NA,NA,"Sideswipe, Same Direction",Clear,Dry,Daylight,Traffic Control Signal,NONE DETECTED,No,No Apparent Injury,NA,NA,NA,Bus - School,Turning Left,35,No,2014,FREIGHTLINER,B2 BUS CHASSIS,38.9968998,-77.09667187,2025,1,15
250003251,Property Damage Crash,01/23/2025 03:25:00 PM,EDISON PARK DR,NA,Angle,Clear,Dry,Daylight,Stop Sign,NONE DETECTED,No,No Apparent Injury,NA,Not Distracted,MD,Bus - Transit,Accelerating,30,No,2016,GILLIG,LOW FLOOR BUS,39.11456915,-77.2346873,2025,1,15
250003251,Property Damage Crash,01/23/2025 03:25:00 PM,EDISON PARK DR,NA,Angle,Clear,Dry,Daylight,Stop Sign,NONE DETECTED,No,No Apparent Injury,NA,Not Distracted,MD,Passenger Car,Entering Traffic Lane,30,No,2012,ACURA,TSX,39.11456915,-77.2346873,2025,1,15
250003258,Property Damage Crash,01/23/2025 03:24:00 PM,NA,NA,"Sideswipe, Same Direction",Clear,Dry,Daylight,No Controls,NONE DETECTED,No,No Apparent Injury,NA,Not Distracted,MD,Passenger Car,Leaving Traffic Lane,30,No,2002,FORD,TAURUS,39.03255539,-77.11975448,2025,1,15
250003258,Property Damage Crash,01/23/2025 03:24:00 PM,NA,NA,"Sideswipe, Same Direction",Clear,Dry,Daylight,No Controls,NONE DETECTED,No,No Apparent Injury,NA,Not Distracted,MD,Bus - School,Moving Constant Speed,30,No,2023,CHEVROLET,EXPRESS,39.03255539,-77.11975448,2025,1,15
250003245,Property Damage Crash,01/23/2025 02:44:00 PM,NORBECK RD,NA,Angle,Clear,Dry,Daylight,No Controls,NONE DETECTED,No,No Apparent Injury,NA,Not Distracted,MD,Passenger Car,Moving Constant Speed,40,No,2014,TOYOTA,COROLLA,39.12124216,-77.00970638,2025,1,14
250003245,Property Damage Crash,01/23/2025 02:44:00 PM,NORBECK RD,NA,Angle,Clear,Dry,Daylight,Stop Sign,NONE DETECTED,Yes,No Apparent Injury,Other Improper Action,Not Distracted,MD,Van - Passenger (&lt;9 Seats),Turning Right,40,No,2011,HONDA,ODYSSEY,39.12124216,-77.00970638,2025,1,14
250003234,Property Damage Crash,01/23/2025 02:00:00 PM,NA,NA,Front to Front,Clear,Dry,Daylight,Traffic Control Signal,NONE DETECTED,Yes,No Apparent Injury,Ran Red Light,Unknown,MD,Passenger Car,Moving Constant Speed,30,No,2017,BUICK,LACROSSE,39.1475705,-77.23292,2025,1,14
250003234,Property Damage Crash,01/23/2025 02:00:00 PM,NA,NA,Front to Front,Clear,Dry,Daylight,Traffic Control Signal,NONE DETECTED,Yes,No Apparent Injury,Failed to Yield Right-of-Way,Unknown,MD,Passenger Car,Turning Left,30,No,2010,ACURA,TSX,39.1475705,-77.23292,2025,1,14
250003228,Property Damage Crash,01/23/2025 01:44:00 PM,NA,NA,Other,Clear,Dry,Daylight,No Controls,NONE DETECTED,No,No Apparent Injury,NA,Not Distracted,MD,Passenger Car,NA,35,No,2005,LEXUS,ES,39.14577698,-77.14489648,2025,1,13
250003228,Property Damage Crash,01/23/2025 01:44:00 PM,NA,NA,Other,Clear,Dry,Daylight,No Controls,NONE DETECTED,Yes,No Apparent Injury,"Failed to Yield Right-of-Way, Improper Turn",Unknown,MD,Passenger Car,Turning Left,35,No,2022,NISSAN,SENTRA,39.14577698,-77.14489648,2025,1,13
250003228,Property Damage Crash,01/23/2025 01:44:00 PM,NA,NA,Other,Clear,Dry,Daylight,No Controls,NONE DETECTED,No,No Apparent Injury,NA,Not Distracted,MD,Passenger Car,Slowing or Stopping,35,No,2021,TOYOTA,C-HR,39.14577698,-77.14489648,2025,1,13
250003221,Property Damage Crash,01/23/2025 01:17:00 PM,SOUTHLAWN LA,NA,Angle,Clear,Dry,Daylight,Stop Sign,NONE DETECTED,No,No Apparent Injury,NA,Not Distracted,MD,Passenger Car,Accelerating,35,No,2015,FORD,C-MAX,39.10665902,-77.12100619,2025,1,13
250003221,Property Damage Crash,01/23/2025 01:17:00 PM,SOUTHLAWN LA,NA,Angle,Clear,Dry,Daylight,No Controls,NONE DETECTED,No,No Apparent Injury,NA,Not Distracted,MD,Passenger Car,Moving Constant Speed,35,No,2012,TOYOTA,COROLLA,39.10665902,-77.12100619,2025,1,13
250003231,Property Damage Crash,01/23/2025 01:10:00 PM,RIDGE RD,NA,"Sideswipe, Same Direction",Clear,Dry,Daylight,No Controls,NONE DETECTED,No,No Apparent Injury,NA,Not Distracted,MD,Passenger Car,Moving Constant Speed,40,No,2014,FORD,ESCAPE,39.28588346,-77.20902568,2025,1,13
250003231,Property Damage Crash,01/23/2025 01:10:00 PM,RIDGE RD,NA,"Sideswipe, Same Direction",Clear,Dry,Daylight,No Controls,NONE DETECTED,No,No Apparent Injury,"Failed to Keep in Proper Lane, Improper Turn",Unknown,MD,Pickup,Changing Lanes,40,No,2007,FORD,F-150,39.28588346,-77.20902568,2025,1,13
250003218,Property Damage Crash,01/23/2025 01:08:00 PM,GEORGIA AVE,NA,Angle,Clear,Dry,Daylight,No Controls,NONE DETECTED,Yes,No Apparent Injury,NA,Not Distracted,DC,Passenger Car,Moving Constant Speed,30,No,2015,SUBARU,LEGACY,39.00959977,-77.04052159,2025,1,13
250003218,Property Damage Crash,01/23/2025 01:08:00 PM,GEORGIA AVE,NA,Angle,Clear,Dry,Daylight,No Controls,NONE DETECTED,No,No Apparent Injury,NA,Not Distracted,MD,Passenger Car,Moving Constant Speed,30,No,1990,BMW,325IS,39.00959977,-77.04052159,2025,1,13
250003220,Property Damage Crash,01/23/2025 01:00:00 PM,NA,NA,"Sideswipe, Opposite Direction",Clear,Wet,Daylight,No Controls,NONE DETECTED,No,No Apparent Injury,NA,Not Distracted,MD,Passenger Car,Stopped in Traffic,40,No,2022,MERCEDES-BENZ,METRIS,39.2454173,-77.1892916,2025,1,13
250003220,Property Damage Crash,01/23/2025 01:00:00 PM,NA,NA,"Sideswipe, Opposite Direction",Clear,Wet,Daylight,No Controls,NONE DETECTED,No,NA,NA,NA,NA,Sport Utility Vehicle,Overtaking/Passing,40,No,2000,NISSAN,ROGUE,39.2454173,-77.1892916,2025,1,13
250003189,Property Damage Crash,01/23/2025 10:45:00 AM,NA,NA,Front to Rear,Clear,Dry,Daylight,Traffic Control Signal,NONE DETECTED,Yes,No Apparent Injury,NA,Unknown,MD,Passenger Car,Slowing or Stopping,50,No,2012,HONDA,ACCORD,39.1098669,-77.2168416,2025,1,10
250003189,Property Damage Crash,01/23/2025 10:45:00 AM,NA,NA,Front to Rear,Clear,Dry,Daylight,Traffic Control Signal,NONE DETECTED,No,No Apparent Injury,NA,Not Distracted,MD,Passenger Car,Slowing or Stopping,50,No,2024,SUBARU,CROSSTREK,39.1098669,-77.2168416,2025,1,10
250003175,Injury Crash,01/23/2025 09:00:00 AM,NA,NA,Front to Rear,Clear,NA,Daylight,NA,NONE DETECTED,Yes,No Apparent Injury,NA,Unknown,MD,Passenger Car,Moving Constant Speed,0,No,2016,FORD,ESCAPE,39.14450686,-77.22625852,2025,1,9
250003170,Injury Crash,01/23/2025 08:50:00 AM,MONTROSE RD,NA,Front to Rear,Clear,Dry,Daylight,No Controls,NONE DETECTED,No,No Apparent Injury,NA,Not Distracted,MD,Passenger Car,Moving Constant Speed,35,No,2017,HONDA,PILOT,39.05544533,-77.14880033,2025,1,8
250003170,Injury Crash,01/23/2025 08:50:00 AM,MONTROSE RD,NA,Front to Rear,Clear,Dry,Daylight,No Controls,NONE DETECTED,No,Possible Minor Injury,NA,Not Distracted,MD,Passenger Car,Slowing or Stopping,35,No,2009,HYUNDAI,SONATA,39.05544533,-77.14880033,2025,1,8
250003171,Property Damage Crash,01/23/2025 08:46:00 AM,MIDDLEBROOK RD,NA,Front to Rear,Clear,Dry,Daylight,No Controls,NONE DETECTED,Yes,No Apparent Injury,Followed Too Closely,Not Distracted,MD,Van - Passenger (&lt;9 Seats),Slowing or Stopping,40,No,2014,HONDA,ODYSSEY,39.17455933,-77.25224783,2025,1,8
250003171,Property Damage Crash,01/23/2025 08:46:00 AM,MIDDLEBROOK RD,NA,Front to Rear,Clear,Dry,Daylight,No Controls,NONE DETECTED,No,No Apparent Injury,NA,Not Distracted,MD,Passenger Car,Slowing or Stopping,40,No,2019,HONDA,CIVIC,39.17455933,-77.25224783,2025,1,8
250003171,Property Damage Crash,01/23/2025 08:46:00 AM,MIDDLEBROOK RD,NA,Front to Rear,Clear,Dry,Daylight,No Controls,NONE DETECTED,No,No Apparent Injury,NA,Not Distracted,MD,Passenger Car,Slowing or Stopping,40,No,2011,HYUNDAI,ELANTRA,39.17455933,-77.25224783,2025,1,8
250003172,Injury Crash,01/23/2025 08:43:00 AM,MUNCASTER MILL RD (WB/L),NA,Front to Rear,Clear,Dry,Daylight,No Controls,NONE DETECTED,No,No Apparent Injury,NA,Not Distracted,MD,Passenger Car,Slowing or Stopping,35,No,2022,JEEP,WRANGLER,39.15872654,-77.15973681,2025,1,8
250003172,Injury Crash,01/23/2025 08:43:00 AM,MUNCASTER MILL RD (WB/L),NA,Front to Rear,Clear,Dry,Daylight,No Controls,NONE DETECTED,No,Possible Minor Injury,NA,Not Distracted,MD,Passenger Car,Slowing or Stopping,35,No,2024,KIA,SELTOS,39.15872654,-77.15973681,2025,1,8
250003172,Injury Crash,01/23/2025 08:43:00 AM,MUNCASTER MILL RD (WB/L),NA,Front to Rear,Clear,Dry,Daylight,No Controls,NONE DETECTED,Yes,No Apparent Injury,Other Improper Action,Not Distracted,MD,Passenger Car,Slowing or Stopping,35,No,2011,NISSAN,VERSA,39.15872654,-77.15973681,2025,1,8
250003169,Injury Crash,01/23/2025 08:30:00 AM,NA,NA,Front to Front,Clear,NA,Daylight,NA,NONE DETECTED,Yes,No Apparent Injury,NA,Not Distracted,MD,Passenger Car,Negotiating a Curve,0,No,2015,HONDA,ACCORD,39.06105652,-77.04486164,2025,1,8
250003169,Injury Crash,01/23/2025 08:30:00 AM,NA,NA,Front to Front,Clear,NA,Daylight,NA,NONE DETECTED,No,Possible Minor Injury,NA,Not Distracted,MD,Passenger Car,Moving Constant Speed,0,No,2011,TOYOTA,CAMRY,39.06105652,-77.04486164,2025,1,8
250003173,Property Damage Crash,01/23/2025 08:24:00 AM,FREYMAN DR,NA,"Sideswipe, Same Direction",Clear,Dry,Daylight,No Controls,NONE DETECTED,Yes,No Apparent Injury,Improper Passing,Unknown,MD,Bus - Transit,Slowing or Stopping,25,No,2020,GILLIG,CITY TRANSIT BUS,38.99636,-77.05896333,2025,1,8
250003165,Property Damage Crash,01/23/2025 08:14:00 AM,GARRETT PARK RD,NA,Angle,Clear,Dry,Daylight,No Controls,NONE DETECTED,No,No Apparent Injury,NA,Not Distracted,MD,Passenger Car,Moving Constant Speed,25,No,2013,ACURA,MDX,39.04291109,-77.08544639,2025,1,8
250003165,Property Damage Crash,01/23/2025 08:14:00 AM,GARRETT PARK RD,NA,Angle,Clear,Dry,Daylight,Stop Sign,NONE DETECTED,Yes,No Apparent Injury,NA,Not Distracted,MD,Passenger Car,Entering Traffic Lane,25,No,2015,JEEP,PATRIOT,39.04291109,-77.08544639,2025,1,8
250003163,Injury Crash,01/23/2025 08:04:00 AM,CONNECTICUT AVE (SB/L),NA,Front to Rear,Clear,Dry,Daylight,No Controls,NONE DETECTED,No,Possible Minor Injury,NA,Not Distracted,MD,Passenger Car,Slowing or Stopping,40,No,2019,TOYOTA,CAMRY,39.03594017,-77.075235,2025,1,8
250003163,Injury Crash,01/23/2025 08:04:00 AM,CONNECTICUT AVE (SB/L),NA,Front to Rear,Clear,Dry,Daylight,No Controls,NONE DETECTED,Yes,No Apparent Injury,NA,Unknown,MD,Passenger Car,Moving Constant Speed,40,No,2002,CADILLAC,SEVILLE,39.03594017,-77.075235,2025,1,8
250003161,Property Damage Crash,01/23/2025 07:53:00 AM,NA,NA,Front to Front,Clear,NA,Daylight,NA,NONE DETECTED,No,No Apparent Injury,Disregarded Other Traffic Sign,"Other Action (looking away from task, etc.)",MD,Passenger Car,Moving Constant Speed,0,No,2020,HYUNDAI,SANTA FE,39.17713717,-77.20369033,2025,1,7
250003161,Property Damage Crash,01/23/2025 07:53:00 AM,NA,NA,Front to Front,Clear,NA,Daylight,NA,NONE DETECTED,No,No Apparent Injury,NA,Not Distracted,MD,Bus - School,Parked,0,No,2020,FREIGHTLINER,B2 BUS CHASSIS,39.17713717,-77.20369033,2025,1,7
250003157,Injury Crash,01/23/2025 07:30:00 AM,SHAKESPEARE BLVD,NA,Angle,Clear,Dry,Daylight,Traffic Control Signal,NONE DETECTED,Yes,Possible Minor Injury,Failed to Yield Right-of-Way,Not Distracted,MD,Passenger Car,Turning Left,45,No,2023,KIA,RIO,39.19829963,-77.24491343,2025,1,7
250003157,Injury Crash,01/23/2025 07:30:00 AM,SHAKESPEARE BLVD,NA,Angle,Clear,Dry,Daylight,Traffic Control Signal,NONE DETECTED,No,Possible Minor Injury,NA,Not Distracted,MD,Passenger Car,Moving Constant Speed,45,No,2017,SUBARU,WRX,39.19829963,-77.24491343,2025,1,7
250003160,Property Damage Crash,01/23/2025 07:27:00 AM,WHITAKER RD,NA,Front to Rear,Clear,Dry,Daylight,No Controls,NONE DETECTED,Yes,No Apparent Injury,NA,Not Distracted,MD,Other Trucks,Backing,25,No,2023,FREIGHTLINER,M2,39.13934833,-77.40141667,2025,1,7
250003160,Property Damage Crash,01/23/2025 07:27:00 AM,WHITAKER RD,NA,Front to Rear,Clear,Dry,Daylight,No Controls,NONE DETECTED,Yes,No Apparent Injury,NA,Not Distracted,MD,Bus - School,Stopped in Traffic,25,No,2021,FREIGHTLINER,B2 BUS CHASSIS,39.13934833,-77.40141667,2025,1,7
250003150,Property Damage Crash,01/23/2025 02:51:00 AM,METRORAIL TRACK B2 RAIL,NA,Single Vehicle,Clear,Ice/Frost,Medium,No Controls,ALCOHOL PRESENT,Yes,No Apparent Injury,"Failed to Keep in Proper Lane, Ran Off Roadway, Too Fast For Conditions",Unknown,MD,Van - Passenger (&lt;9 Seats),Moving Constant Speed,30,No,2018,DODGE,GRAND CARAVAN,39.02096181,-77.04471851,2025,1,2
250003343,Property Damage Crash,01/23/2025 01:12:00 AM,NORTHAMPTON DR,NA,Front to Front,Clear,Ice/Frost,Dark,No Controls,NONE DETECTED,No,No Apparent Injury,NA,Unknown,MD,Passenger Car,Turning Right,25,No,2010,HONDA,PILOT,39.00832346,-76.98601592,2025,1,1
250003138,Injury Crash,01/22/2025 11:21:00 PM,CAPITAL BELTWAY (WB/L),NA,Front to Rear,Clear,Dry,Medium,No Controls,NONE DETECTED,No,NA,NA,NA,NA,Passenger Car,Moving Constant Speed,55,No,2024,CADILLAC,CT5,38.98987775,-77.15730931,2025,1,23
250003138,Injury Crash,01/22/2025 11:21:00 PM,CAPITAL BELTWAY (WB/L),NA,Front to Rear,Clear,Dry,Medium,No Controls,NONE DETECTED,No,No Apparent Injury,NA,Not Distracted,FL,Pickup,Parked,55,No,2019,RAM,3500,38.98987775,-77.15730931,2025,1,23
250003139,Injury Crash,01/22/2025 11:00:00 PM,CAPITAL BELTWAY (WB/L),NA,Angle,Clear,Dry,Medium,No Controls,NONE DETECTED,No,No Apparent Injury,NA,Not Distracted,NY,Truck Tractor,Moving Constant Speed,55,No,2020,FREIGHTLINER,CASCADIA,38.98671933,-77.15752117,2025,1,23
250003139,Injury Crash,01/22/2025 11:00:00 PM,CAPITAL BELTWAY (WB/L),NA,Angle,Clear,Dry,Medium,No Controls,NONE DETECTED,Yes,No Apparent Injury,"Improper Passing, Too Fast For Conditions","Other Action (looking away from task, etc.)",NA,Passenger Car,Changing Lanes,55,No,2024,CADILLAC,CT5,38.98671933,-77.15752117,2025,1,23
250003126,Injury Crash,01/22/2025 07:58:00 PM,NA,NA,Front to Rear,Clear,Dry,Medium,Yield Sign,NONE DETECTED,No,Possible Minor Injury,NA,Not Distracted,MD,Passenger Car,Slowing or Stopping,35,No,2018,HONDA,ACCORD,39.18440557,-77.27338935,2025,1,19
250003126,Injury Crash,01/22/2025 07:58:00 PM,NA,NA,Front to Rear,Clear,Dry,Medium,Yield Sign,NONE DETECTED,Yes,No Apparent Injury,Followed Too Closely,Not Distracted,MD,Passenger Car,Accelerating,35,No,2000,TOYOTA,4-RUNNER,39.18440557,-77.27338935,2025,1,19
250003246,Property Damage Crash,01/22/2025 07:35:00 PM,NA,NA,Single Vehicle,Clear,NA,Medium,NA,ALCOHOL PRESENT,No,No Apparent Injury,NA,Not Distracted,MD,Pickup,Accelerating,0,No,2018,RAM,1500,39.0568118,-77.08130158,2025,1,19
250003124,Injury Crash,01/22/2025 07:32:00 PM,LAYHILL RD (SB/L),NA,Rear To Side,Clear,Dry,Medium,Traffic Control Signal,NONE DETECTED,Yes,No Apparent Injury,NA,Not Distracted,MD,Sport Utility Vehicle,Moving Constant Speed,35,No,2017,SUBARU,FORESTER,39.06037733,-77.051061,2025,1,19
250003124,Injury Crash,01/22/2025 07:32:00 PM,LAYHILL RD (SB/L),NA,Rear To Side,Clear,Dry,Medium,Traffic Control Signal,NONE DETECTED,No,No Apparent Injury,NA,Not Distracted,MD,Sport Utility Vehicle,Moving Constant Speed,35,No,2019,GMC,TERRAIN,39.06037733,-77.051061,2025,1,19
250003116,Injury Crash,01/22/2025 06:16:00 PM,S FREDERICK RD,Pedestrian,Single Vehicle,Clear,Dry,Medium,Traffic Control Signal,NONE DETECTED,Yes,No Apparent Injury,Ran Red Light,Unknown,PA,Sport Utility Vehicle,Turning Left,25,No,2023,HYUNDAI,SANTA FE,39.13224476,-77.18876463,2025,1,18
250003115,Property Damage Crash,01/22/2025 05:58:00 PM,NA,NA,Front to Rear,Clear,NA,Medium,NA,NONE DETECTED,No,No Apparent Injury,NA,Not Distracted,MD,Sport Utility Vehicle,Slowing or Stopping,0,No,2010,KIA,SPORTAGE,39.14167573,-77.2225783,2025,1,17
250003115,Property Damage Crash,01/22/2025 05:58:00 PM,NA,NA,Front to Rear,Clear,NA,Medium,NA,NONE DETECTED,No,No Apparent Injury,NA,Not Distracted,MD,Passenger Car,Backing,0,No,2022,BMW,330I,39.14167573,-77.2225783,2025,1,17
250003104,Property Damage Crash,01/22/2025 05:01:00 PM,BARRON ST,NA,Single Vehicle,Clear,Dry,Daylight,No Controls,NONE DETECTED,Yes,No Apparent Injury,Other Improper Action,Not Distracted,MD,Bus - School,Turning Right,25,No,2019,THOMAS BUILT,HDX,38.99902126,-76.99729821,2025,1,17
250003086,Property Damage Crash,01/22/2025 04:12:00 PM,ROLLING FORK DR (EB/L),NA,Front to Rear,Cloudy,Dry,Daylight,No Controls,NONE DETECTED,No,No Apparent Injury,NA,Not Distracted,MD,Passenger Car,Slowing or Stopping,35,No,2020,FORD,EXPEDITION,39.25045374,-77.19465716,2025,1,16
250003086,Property Damage Crash,01/22/2025 04:12:00 PM,ROLLING FORK DR (EB/L),NA,Front to Rear,Cloudy,Dry,Daylight,No Controls,NONE DETECTED,Yes,No Apparent Injury,Followed Too Closely,Unknown,MD,Pickup,Moving Constant Speed,35,No,2017,CHEVROLET,SILVERADO,39.25045374,-77.19465716,2025,1,16
250003087,Property Damage Crash,01/22/2025 03:59:00 PM,DARNESTOWN RD,NA,Single Vehicle,Clear,Dry,Daylight,No Controls,NONE DETECTED,No,No Apparent Injury,NA,Not Distracted,MD,Passenger Car,Moving Constant Speed,50,No,2013,HONDA,CIVIC,39.14699082,-77.35653078,2025,1,15
250003082,Property Damage Crash,01/22/2025 03:25:00 PM,ALLAN TERR,NA,"Sideswipe, Same Direction",Cloudy,Dry,Daylight,No Controls,NONE DETECTED,Yes,No Apparent Injury,NA,Not Distracted,MD,Bus - School,Moving Constant Speed,20,No,2017,THOMAS BUILT,HDX,38.95780714,-77.1015946,2025,1,15
250003075,Injury Crash,01/22/2025 02:57:00 PM,CONNECTICUT AVE,Pedestrian,Single Vehicle,Clear,Dry,Daylight,No Controls,NONE DETECTED,No,No Apparent Injury,NA,Not Distracted,MD,Passenger Car,Moving Constant Speed,35,No,2021,HONDA,ACCORD,39.08053011,-77.08035865,2025,1,14
250003080,Property Damage Crash,01/22/2025 02:20:00 PM,NA,NA,"Sideswipe, Same Direction",Clear,NA,Daylight,NA,NONE DETECTED,No,No Apparent Injury,NA,Unknown,MD,Bus - School,Accelerating,0,No,2019,FREIGHTLINER,B2 BUS CHASSIS,39.0443565,-77.1719404,2025,1,14
250003080,Property Damage Crash,01/22/2025 02:20:00 PM,NA,NA,"Sideswipe, Same Direction",Clear,NA,Daylight,NA,NONE DETECTED,No,No Apparent Injury,NA,Unknown,MD,Bus - School,Parked,0,No,2019,FREIGHTLINER,B2 BUS CHASSIS,39.0443565,-77.1719404,2025,1,14
250003065,Property Damage Crash,01/22/2025 02:00:00 PM,COLUMBIA PIKE,NA,"Sideswipe, Same Direction",Clear,Dry,Daylight,No Controls,NONE DETECTED,Yes,No Apparent Injury,Failed to Yield Right-of-Way,Not Distracted,MD,Bus - Transit,Changing Lanes,50,No,2013,NEW FLYER,XCELSIOR,39.04756216,-76.98512659,2025,1,14
250003065,Property Damage Crash,01/22/2025 02:00:00 PM,COLUMBIA PIKE,NA,"Sideswipe, Same Direction",Clear,Dry,Daylight,No Controls,NONE DETECTED,No,No Apparent Injury,NA,Not Distracted,MD,Passenger Car,Slowing or Stopping,50,No,2019,BMW,330I,39.04756216,-76.98512659,2025,1,14
250003059,Property Damage Crash,01/22/2025 01:42:00 PM,OLD GEORGETOWN RD (SB/L),NA,Front to Rear,Clear,Dry,Daylight,Traffic Control Signal,NONE DETECTED,No,No Apparent Injury,NA,Not Distracted,MD,Bus - Transit,Stopped in Traffic,35,No,2023,NEW FLYER,XCELSIOR,39.00511933,-77.11101567,2025,1,13
250003059,Property Damage Crash,01/22/2025 01:42:00 PM,OLD GEORGETOWN RD (SB/L),NA,Front to Rear,Clear,Dry,Daylight,Traffic Control Signal,NONE DETECTED,Yes,No Apparent Injury,NA,Unknown,VA,Passenger Car,Backing,35,No,2025,SUBARU,FORESTER,39.00511933,-77.11101567,2025,1,13
250003058,Property Damage Crash,01/22/2025 01:30:00 PM,AMBIANCE DR,NA,Single Vehicle,Clear,Dry,Daylight,No Controls,NONE DETECTED,No,No Apparent Injury,NA,Not Distracted,MD,Sport Utility Vehicle,Moving Constant Speed,40,No,2018,AUDI,Q5,39.11356129,-77.24321167,2025,1,13
250003050,Property Damage Crash,01/22/2025 12:30:00 PM,BRINK RD,NA,Front to Rear,Clear,Dry,Daylight,Traffic Control Signal,NONE DETECTED,Yes,No Apparent Injury,"Followed Too Closely, Too Fast For Conditions",Unknown,MD,Passenger Car,Moving Constant Speed,30,No,2015,NISSAN,PATHFINDER,39.2084356,-77.16923525,2025,1,12
250003050,Property Damage Crash,01/22/2025 12:30:00 PM,BRINK RD,NA,Front to Rear,Clear,Dry,Daylight,Traffic Control Signal,NONE DETECTED,No,No Apparent Injury,NA,Not Distracted,MD,Passenger Car,Stopped in Traffic,30,No,2019,FORD,F-150,39.2084356,-77.16923525,2025,1,12