Local Case Number,ACRS Report Type,Crash Date/Time,Road Name,Related Non-Motorist,Collision Type,Weather,Surface Condition,Light,Traffic Control,Driver Substance Abuse,Driver At Fault,Injury Severity,Circumstance,Driver Distracted By,Drivers License State,Vehicle Body Type,Vehicle Movement,Speed Limit,Driverless Vehicle,Vehicle Year,Vehicle Make,Vehicle Model,Latitude,Longitude,Year,Month,Hour
250003039,Injury Crash,01/22/2025 12:04:00 PM,GEORGIA AVE,Pedestrian,Single Vehicle,Clear,Dry,Daylight,Other,NONE DETECTED,Yes,Possible Minor Injury,NA,Unknown,MD,Other,Turning Left,35,No,2017,CHEVROLET,EQUINOX,38.99811483,-77.02993294,2025,1,12
250003032,Property Damage Crash,01/22/2025 11:29:00 AM,FREDERICK RD (SB/L),NA,"Sideswipe, Same Direction",Clear,Dry,Daylight,No Controls,NONE DETECTED,Yes,No Apparent Injury,"Failed to Keep in Proper Lane, Improper Passing, Operated Motor Vehicle in Reckless or Aggressive Manner",Unknown,NA,Passenger Car,Overtaking/Passing,30,No,2004,FORD,EXPLORER,39.14314518,-77.20076284,2025,1,11
250003032,Property Damage Crash,01/22/2025 11:29:00 AM,FREDERICK RD (SB/L),NA,"Sideswipe, Same Direction",Clear,Dry,Daylight,No Controls,NONE DETECTED,No,No Apparent Injury,NA,Not Distracted,MD,Other Trucks,Changing Lanes,30,No,2019,FORD,F-350,39.14314518,-77.20076284,2025,1,11
250003034,Injury Crash,01/22/2025 10:50:00 AM,SHADY GROVE RD (SB/L),Pedestrian,Single Vehicle,Clear,Dry,Daylight,No Controls,NONE DETECTED,No,No Apparent Injury,NA,Unknown,MD,Passenger Car,Turning Left,0,No,2019,GMC,SIERRA HD,39.11474287,-77.18596296,2025,1,10
250003027,Injury Crash,01/22/2025 10:44:00 AM,ERSKINE ST,NA,Front to Rear,Clear,Dry,Daylight,Traffic Control Signal,NONE DETECTED,No,No Apparent Injury,NA,Not Distracted,MD,Passenger Car,Moving Constant Speed,35,No,2017,TESLA,MODEL X,38.98151205,-76.98885577,2025,1,10
250003027,Injury Crash,01/22/2025 10:44:00 AM,ERSKINE ST,NA,Front to Rear,Clear,Dry,Daylight,Traffic Control Signal,NONE DETECTED,No,No Apparent Injury,NA,Not Distracted,DC,Passenger Car,Slowing or Stopping,35,No,2016,CHEVROLET,EQUINOX,38.98151205,-76.98885577,2025,1,10
250003027,Injury Crash,01/22/2025 10:44:00 AM,ERSKINE ST,NA,Front to Rear,Clear,Dry,Daylight,Traffic Control Signal,NONE DETECTED,Yes,No Apparent Injury,NA,Unknown,MD,Passenger Car,Moving Constant Speed,35,No,2015,HONDA,ODYSSEY,38.98151205,-76.98885577,2025,1,10
250003030,Property Damage Crash,01/22/2025 10:34:00 AM,NA,NA,Angle,Clear,Dry,Daylight,No Controls,NONE DETECTED,No,No Apparent Injury,NA,Not Distracted,MD,Other,Stopped in Traffic,15,No,2022,MACK,GRANITE,39.16469351,-77.24886819,2025,1,10
250003030,Property Damage Crash,01/22/2025 10:34:00 AM,NA,NA,Angle,Clear,Dry,Daylight,No Controls,NONE DETECTED,Yes,No Apparent Injury,Other Improper Action,Not Distracted,MD,Bus - School,Turning Left,15,No,2019,FREIGHTLINER,B2 BUS CHASSIS,39.16469351,-77.24886819,2025,1,10
250003023,Property Damage Crash,01/22/2025 10:08:00 AM,NA,NA,Angle,Clear,NA,Daylight,NA,NONE DETECTED,No,NA,NA,NA,NA,Passenger Car,Entering Traffic Lane,0,No,0,NA,NA,39.07903001,-77.08033613,2025,1,10
250003023,Property Damage Crash,01/22/2025 10:08:00 AM,NA,NA,Angle,Clear,NA,Daylight,NA,NONE DETECTED,No,No Apparent Injury,NA,Not Distracted,MD,Passenger Car,Turning Left,0,No,2011,AUDI,Q5,39.07903001,-77.08033613,2025,1,10
250003018,Injury Crash,01/22/2025 10:05:00 AM,MIDCOUNTY HWY (SB/L),NA,Front to Rear,Clear,Dry,Daylight,Traffic Control Signal,NONE DETECTED,No,No Apparent Injury,Followed Too Closely,Not Distracted,MD,Passenger Car,Slowing or Stopping,45,No,2017,FORD,FIESTA,39.15084907,-77.17445224,2025,1,10
250003020,Property Damage Crash,01/22/2025 10:05:00 AM,NEW HAMPSHIRE AVE,NA,Front to Rear,Clear,Dry,Daylight,No Controls,NONE DETECTED,Yes,No Apparent Injury,NA,Not Distracted,MD,Passenger Car,Moving Constant Speed,40,No,2010,LEXUS,RX,39.11244561,-76.99453183,2025,1,10
250003018,Injury Crash,01/22/2025 10:05:00 AM,MIDCOUNTY HWY (SB/L),NA,Front to Rear,Clear,Dry,Daylight,Traffic Control Signal,NONE DETECTED,No,Possible Minor Injury,NA,Not Distracted,MD,Passenger Car,Stopped in Traffic,45,No,2019,AUDI,SQ5,39.15084907,-77.17445224,2025,1,10
250003020,Property Damage Crash,01/22/2025 10:05:00 AM,NEW HAMPSHIRE AVE,NA,Front to Rear,Clear,Dry,Daylight,No Controls,NONE DETECTED,No,No Apparent Injury,NA,Not Distracted,MD,Passenger Car,Moving Constant Speed,40,No,2020,TOYOTA,COROLLA,39.11244561,-76.99453183,2025,1,10
250003019,Property Damage Crash,01/22/2025 10:05:00 AM,LAKE SHORE DR,NA,Front to Rear,Clear,Dry,Daylight,"Person (including flagger, law enforcement, crossing guard, etc.",NONE DETECTED,Yes,No Apparent Injury,Improper Backing,Not Distracted,MD,Bus - School,Backing,10,No,2019,THOMAS BUILT,HDX,39.15993956,-77.19940139,2025,1,10
250003042,Property Damage Crash,01/22/2025 10:04:00 AM,NA,NA,Single Vehicle,Clear,NA,Daylight,NA,NONE DETECTED,No,No Apparent Injury,NA,Not Distracted,MD,Bus - School,Moving Constant Speed,0,No,2019,FREIGHTLINER,B2 BUS CHASSIS,39.18258178,-77.19164553,2025,1,10
250003021,Property Damage Crash,01/22/2025 10:00:00 AM,NA,NA,Front to Rear,Clear,Dry,Daylight,No Controls,NONE DETECTED,Yes,No Apparent Injury,Followed Too Closely,Not Distracted,MD,Passenger Car,Moving Constant Speed,35,No,2005,TOYOTA,COROLLA,39.14522675,-77.14329966,2025,1,10
250003021,Property Damage Crash,01/22/2025 10:00:00 AM,NA,NA,Front to Rear,Clear,Dry,Daylight,No Controls,NONE DETECTED,No,No Apparent Injury,NA,Not Distracted,MD,Sport Utility Vehicle,Slowing or Stopping,35,No,2007,HONDA,PILOT,39.14522675,-77.14329966,2025,1,10
250003794,Injury Crash,01/22/2025 09:43:00 AM,FIRSTFIELD RD (EB/L),NA,Angle,Clear,Dry,Daylight,No Controls,NONE DETECTED,No,No Apparent Injury,NA,Not Distracted,VA,Passenger Car,Moving Constant Speed,30,No,2022,KIA,FORTE,39.14182062,-77.22449207,2025,1,9
250003794,Injury Crash,01/22/2025 09:43:00 AM,FIRSTFIELD RD (EB/L),NA,Angle,Clear,Dry,Daylight,Traffic Control Signal,NONE DETECTED,Yes,Possible Minor Injury,NA,Not Distracted,MD,Passenger Car,Turning Left,30,No,2005,HONDA,ACCORD,39.14182062,-77.22449207,2025,1,9
250003014,Injury Crash,01/22/2025 09:42:00 AM,NA,NA,Other,Clear,Dry,Daylight,Traffic Control Signal,NONE DETECTED,No,Possible Minor Injury,NA,Not Distracted,MD,Passenger Car,Moving Constant Speed,35,No,2024,TOYOTA,CAMRY,39.06688262,-77.1616636,2025,1,9
250003014,Injury Crash,01/22/2025 09:42:00 AM,NA,NA,Other,Clear,Dry,Daylight,Traffic Control Signal,NONE DETECTED,Yes,No Apparent Injury,NA,Not Distracted,MD,Passenger Car,Turning Left,35,No,2017,TOYOTA,PRIUS PRIME,39.06688262,-77.1616636,2025,1,9
250003013,Property Damage Crash,01/22/2025 09:19:00 AM,NA,NA,Rear To Side,Clear,NA,Daylight,NA,NONE DETECTED,Yes,No Apparent Injury,NA,Not Distracted,MD,Single-Unit Truck,Moving Constant Speed,0,No,2020,HINO,CONVENTIONAL TYPE TRUCK,39.09410968,-77.14158942,2025,1,9
250003009,Property Damage Crash,01/22/2025 07:00:00 AM,MCBAIN AVE,NA,Rear To Side,Clear,Dry,Daylight,Traffic Control Signal,NONE DETECTED,No,No Apparent Injury,NA,Not Distracted,MD,Other Trucks,Moving Constant Speed,25,No,2017,FORD,F-350,39.1428502,-77.20268975,2025,1,7
250003009,Property Damage Crash,01/22/2025 07:00:00 AM,MCBAIN AVE,NA,Rear To Side,Clear,Dry,Daylight,Traffic Control Signal,NONE DETECTED,No,No Apparent Injury,Other Improper Action,Not Distracted,MD,Passenger Car,Moving Constant Speed,25,No,2010,MAZDA,CX-7,39.1428502,-77.20268975,2025,1,7
250003006,Property Damage Crash,01/22/2025 05:30:00 AM,MUNCASTER MILL RD,NA,Front to Rear,Cloudy,Ice/Frost,Medium,No Controls,NONE DETECTED,No,No Apparent Injury,NA,Not Distracted,NA,Passenger Car,Moving Constant Speed,35,No,2007,TOYOTA,CAMRY,39.121395,-77.11395833,2025,1,5
250003006,Property Damage Crash,01/22/2025 05:30:00 AM,MUNCASTER MILL RD,NA,Front to Rear,Cloudy,Ice/Frost,Medium,No Controls,NONE DETECTED,Yes,No Apparent Injury,"Operated Motor Vehicle in Inattentive, Careless, Negligent, or Erratic Manner, Operated Motor Vehicle in Reckless or Aggressive Manner",Not Distracted,MD,Passenger Car,Accelerating,35,No,2023,TESLA,MODEL S,39.121395,-77.11395833,2025,1,5
25000134,Property Damage Crash,01/22/2025 04:18:00 AM,PARK CUT THRU CUT,NA,Single Vehicle,Cloudy,Dry,Dark,Other Warning Sign,NONE DETECTED,No,No Apparent Injury,Other Improper Action,Not Distracted,MD,Sport Utility Vehicle,Turning Left,40,No,2017,FORD,EXPLORER,39.17046207,-77.17687935,2025,1,4
250003001,Property Damage Crash,01/22/2025 03:54:00 AM,SHADY GROVE RD,NA,Single Vehicle,Clear,Dry,Medium,Traffic Control Signal,ALCOHOL PRESENT,Yes,No Apparent Injury,Ran Off Roadway,Unknown,NA,Passenger Car,Moving Constant Speed,45,No,2006,HONDA,ACCORD,39.14099365,-77.15172765,2025,1,3
250003002,Injury Crash,01/22/2025 02:40:00 AM,CEDAR LA,NA,Other,Clear,Dry,Medium,No Controls,ALCOHOL PRESENT,No,Suspected Serious Injury,Other Improper Action,Unknown,MD,Passenger Car,Moving Constant Speed,30,No,2003,FORD,THUNDERBIRD,39.01556085,-77.08868887,2025,1,2
250002991,Property Damage Crash,01/21/2025 11:10:00 PM,COLUMBIA PIKE (SB/L),NA,Rear To Side,Clear,Dry,Medium,Flashing Traffic Control Signal,NONE DETECTED,No,No Apparent Injury,NA,Unknown,MD,Passenger Car,Turning Left,50,No,2007,TOYOTA,RAV4,39.0678276,-76.95953529,2025,1,23
250002991,Property Damage Crash,01/21/2025 11:10:00 PM,COLUMBIA PIKE (SB/L),NA,Rear To Side,Clear,Dry,Medium,Flashing Traffic Control Signal,NONE DETECTED,No,No Apparent Injury,NA,Unknown,MD,Passenger Car,Moving Constant Speed,50,No,2017,TOYOTA,COROLLA,39.0678276,-76.95953529,2025,1,23
250002983,Property Damage Crash,01/21/2025 09:32:00 PM,SNOUFFERS SCHOOL RD,NA,Single Vehicle,Clear,Dry,Dark,No Controls,ALCOHOL PRESENT,Yes,No Apparent Injury,Ran Off Roadway,Unknown,NA,Pickup,Moving Constant Speed,40,No,2005,DODGE,RAM,39.1672467,-77.17297461,2025,1,21
250002984,Property Damage Crash,01/21/2025 09:24:00 PM,LOCUST HILL CT,NA,Rear To Rear,Clear,Dry,Medium,No Controls,NONE DETECTED,Yes,No Apparent Injury,NA,Unknown,VA,Sport Utility Vehicle,Backing,25,No,2015,CHEVROLET,EQUINOX,39.0104535,-77.0955005,2025,1,21
250002976,Property Damage Crash,01/21/2025 08:07:00 PM,HEWITT AVE,NA,Front to Rear,Clear,Dry,Medium,No Controls,NONE DETECTED,No,No Apparent Injury,NA,Unknown,MD,Passenger Car,Moving Constant Speed,15,No,2023,CHEVROLET,BOLT EV,39.08015512,-77.06167706,2025,1,20
250002975,Property Damage Crash,01/21/2025 06:52:00 PM,S FREDERICK RD,NA,Single Vehicle,Clear,Dry,Medium,No Controls,NONE DETECTED,No,NA,NA,NA,NA,Passenger Car,Moving Constant Speed,0,No,2021,VOLKSWAGEN,ATLAS,39.13595065,-77.19206987,2025,1,18
250002966,Injury Crash,01/21/2025 06:38:00 PM,ROCKVILLE PIKE (SB/L),NA,"Sideswipe, Same Direction",Clear,Dry,Medium,No Controls,NONE DETECTED,Yes,No Apparent Injury,NA,Not Distracted,MD,Passenger Car,Changing Lanes,35,No,2021,SUBARU,IMPREZA,39.01237041,-77.09847052,2025,1,18
250002966,Injury Crash,01/21/2025 06:38:00 PM,ROCKVILLE PIKE (SB/L),NA,"Sideswipe, Same Direction",Clear,Dry,Medium,No Controls,NONE DETECTED,Yes,Possible Minor Injury,NA,Not Distracted,NC,Passenger Car,Changing Lanes,35,No,2025,HONDA,CIVIC,39.01237041,-77.09847052,2025,1,18
250002956,Injury Crash,01/21/2025 05:45:00 PM,MONTGOMERY VILLAGE AVE,NA,Front to Rear,Clear,Dry,Medium,No Controls,NONE DETECTED,Yes,No Apparent Injury,NA,Not Distracted,MD,Passenger Car,Moving Constant Speed,35,No,2005,TOYOTA,COROLLA,39.1552764,-77.20800376,2025,1,17
250002956,Injury Crash,01/21/2025 05:45:00 PM,MONTGOMERY VILLAGE AVE,NA,Front to Rear,Clear,Dry,Medium,No Controls,NONE DETECTED,No,No Apparent Injury,NA,Not Distracted,MD,Passenger Car,Stopped in Traffic,35,No,2018,MAZDA,CX-9,39.1552764,-77.20800376,2025,1,17
250002944,Injury Crash,01/21/2025 05:00:00 PM,TECH RD,Pedestrian,Unknown,Clear,Ice/Frost,Medium,Traffic Control Signal,NONE DETECTED,No,NA,NA,NA,NA,NA,Turning Right,50,No,0,NA,NA,39.0574562,-76.9680966,2025,1,17
250002937,Injury Crash,01/21/2025 04:42:00 PM,E MIDDLE LA (WB/L),NA,"Sideswipe, Same Direction",Clear,Dry,Daylight,No Controls,NONE DETECTED,No,No Apparent Injury,NA,Not Distracted,MD,Passenger Car,Slowing or Stopping,25,No,2002,DODGE,GRAND CARAVAN,39.08510732,-77.15185208,2025,1,16
250002937,Injury Crash,01/21/2025 04:42:00 PM,E MIDDLE LA (WB/L),NA,"Sideswipe, Same Direction",Clear,Dry,Daylight,No Controls,NONE DETECTED,Yes,No Apparent Injury,NA,Not Distracted,MD,Bus - Transit,Accelerating,25,No,2013,GILLIG,CITY TRANSIT BUS,39.08510732,-77.15185208,2025,1,16
250002931,Injury Crash,01/21/2025 04:25:00 PM,FREDERICK RD,NA,Front to Rear,Clear,Dry,Daylight,No Controls,NONE DETECTED,No,Possible Minor Injury,NA,Not Distracted,MD,Passenger Car,Moving Constant Speed,40,No,2013,HONDA,CIVIC,39.17871667,-77.23840167,2025,1,16
250002931,Injury Crash,01/21/2025 04:25:00 PM,FREDERICK RD,NA,Front to Rear,Clear,Dry,Daylight,No Controls,NONE DETECTED,Yes,No Apparent Injury,Other Improper Action,"Other Action (looking away from task, etc.)",MD,Passenger Car,Changing Lanes,40,No,2008,HONDA,CIVIC,39.17871667,-77.23840167,2025,1,16
250002928,Property Damage Crash,01/21/2025 04:00:00 PM,NA,NA,Single Vehicle,Clear,Ice/Frost,Daylight,No Controls,NONE DETECTED,Yes,No Apparent Injury,Other Improper Action,Not Distracted,MD,Passenger Car,Moving Constant Speed,40,No,2016,TOYOTA,RAV4,39.21046217,-77.040113,2025,1,16
250002930,Property Damage Crash,01/21/2025 03:59:00 PM,NEW HAMPSHIRE AVE,NA,Single Vehicle,Cloudy,Dry,Daylight,No Controls,NONE DETECTED,Yes,No Apparent Injury,Ran Off Roadway,Not Distracted,MD,Sport Utility Vehicle,Leaving Traffic Lane,40,No,2020,NISSAN,ROGUE,39.0451595,-76.99217244,2025,1,15
250002915,Property Damage Crash,01/21/2025 03:15:00 PM,NA,NA,Other,Cloudy,NA,Daylight,NA,NONE DETECTED,Yes,No Apparent Injury,NA,Not Distracted,MD,Bus - School,Slowing or Stopping,0,No,2018,THOMAS BUILT,HDX,39.27372171,-77.21829962,2025,1,15
250002909,Property Damage Crash,01/21/2025 03:00:00 PM,ALDERTON RD,NA,Single Vehicle,Clear,Dry,Daylight,No Controls,NONE DETECTED,No,No Apparent Injury,NA,Not Distracted,MD,Bus - School,Slowing or Stopping,25,No,2017,THOMAS BUILT,HDX,39.09094833,-77.03433167,2025,1,15
250002917,Property Damage Crash,01/21/2025 02:51:00 PM,NA,NA,Other,Clear,Dry,Daylight,No Controls,NONE DETECTED,No,No Apparent Injury,NA,Not Distracted,MD,Passenger Car,Moving Constant Speed,40,No,2020,ACURA,MDX,39.15702928,-77.28554924,2025,1,14
250002917,Property Damage Crash,01/21/2025 02:51:00 PM,NA,NA,Other,Clear,Dry,Daylight,No Controls,NONE DETECTED,Yes,No Apparent Injury,Failed to Yield Right-of-Way,"Other Action (looking away from task, etc.)",MD,Passenger Car,Accelerating,40,No,2013,TOYOTA,CAMRY,39.15702928,-77.28554924,2025,1,14
250002908,Injury Crash,01/21/2025 02:50:00 PM,RIVER RD,NA,Front to Rear,Cloudy,Dry,Daylight,Traffic Control Signal,NONE DETECTED,No,Possible Minor Injury,NA,Not Distracted,MD,Sport Utility Vehicle,Moving Constant Speed,35,No,2010,TOYOTA,VENZA,38.98377847,-77.13799941,2025,1,14
250002908,Injury Crash,01/21/2025 02:50:00 PM,RIVER RD,NA,Front to Rear,Cloudy,Dry,Daylight,Traffic Control Signal,NONE DETECTED,Yes,No Apparent Injury,Followed Too Closely,Not Distracted,MD,Passenger Car,Moving Constant Speed,35,No,2011,LEXUS,ES,38.98377847,-77.13799941,2025,1,14
250003252,Property Damage Crash,01/21/2025 02:17:00 PM,QUINCE ORCHARD RD (SB/L),NA,Angle,Clear,Dry,Daylight,No Controls,NONE DETECTED,No,NA,NA,NA,NA,NA,Moving Constant Speed,45,No,0,NA,NA,39.15214483,-77.21283311,2025,1,14
250003252,Property Damage Crash,01/21/2025 02:17:00 PM,QUINCE ORCHARD RD (SB/L),NA,Angle,Clear,Dry,Daylight,No Controls,NONE DETECTED,No,No Apparent Injury,NA,Not Distracted,MD,Passenger Car,Moving Constant Speed,45,No,2014,FORD,F-150,39.15214483,-77.21283311,2025,1,14
250002895,Property Damage Crash,01/21/2025 12:59:00 PM,NA,NA,Front to Front,Clear,NA,Daylight,NA,NONE DETECTED,No,No Apparent Injury,NA,Not Distracted,MD,Passenger Car,Parked,0,No,2016,HONDA,CIVIC,39.155586,-77.06788883,2025,1,12
250002895,Property Damage Crash,01/21/2025 12:59:00 PM,NA,NA,Front to Front,Clear,NA,Daylight,NA,NONE DETECTED,Yes,No Apparent Injury,Other Improper Action,Not Distracted,MD,Passenger Car,Accelerating,0,No,2015,BMW,X3,39.155586,-77.06788883,2025,1,12
250002880,Property Damage Crash,01/21/2025 12:15:00 PM,FIRSTFIELD RD,NA,Front to Front,Clear,Dry,Daylight,Traffic Control Signal,NONE DETECTED,No,No Apparent Injury,NA,Unknown,MD,Sport Utility Vehicle,Moving Constant Speed,30,No,2018,LEXUS,NX,39.14358842,-77.223568,2025,1,12
250002880,Property Damage Crash,01/21/2025 12:15:00 PM,FIRSTFIELD RD,NA,Front to Front,Clear,Dry,Daylight,Traffic Control Signal,NONE DETECTED,No,No Apparent Injury,NA,Unknown,MD,Passenger Car,Turning Left,35,No,2025,HYUNDAI,ELANTRA,39.14358842,-77.223568,2025,1,12
250002867,Property Damage Crash,01/21/2025 11:30:00 AM,FREDERICK RD (SB/L),NA,Rear To Side,Clear,Dry,Daylight,Traffic Control Signal,NONE DETECTED,No,No Apparent Injury,NA,Not Distracted,MD,Sport Utility Vehicle,Moving Constant Speed,30,No,2024,HONDA,CR-V,39.15243717,-77.21200483,2025,1,11
250002867,Property Damage Crash,01/21/2025 11:30:00 AM,FREDERICK RD (SB/L),NA,Rear To Side,Clear,Dry,Daylight,Traffic Control Signal,NONE DETECTED,No,No Apparent Injury,"Improper Turn, Other Improper Action",Not Distracted,MD,Sport Utility Vehicle,Turning Left,30,No,2025,LEXUS,NX,39.15243717,-77.21200483,2025,1,11
250002857,Property Damage Crash,01/21/2025 10:55:00 AM,NA,NA,Angle,Clear,Dry,Daylight,No Controls,NONE DETECTED,Yes,No Apparent Injury,NA,Unknown,MD,Bus - School,Turning Left,15,No,2020,THOMAS BUILT,HDX,39.02722811,-76.98716616,2025,1,10
250002846,Property Damage Crash,01/21/2025 09:23:00 AM,EISENHOWER MEMORIAL HWY (SB/L),NA,Front to Rear,Clear,Dry,Daylight,No Controls,NONE DETECTED,No,No Apparent Injury,NA,Not Distracted,MD,Sport Utility Vehicle,Stopped in Traffic,55,No,2024,TOYOTA,RAV4,39.07032962,-77.1604896,2025,1,9
250002846,Property Damage Crash,01/21/2025 09:23:00 AM,EISENHOWER MEMORIAL HWY (SB/L),NA,Front to Rear,Clear,Dry,Daylight,No Controls,NONE DETECTED,Yes,No Apparent Injury,NA,Not Distracted,MD,Passenger Car,Moving Constant Speed,55,No,2018,AUDI,A4,39.07032962,-77.1604896,2025,1,9
250002845,Property Damage Crash,01/21/2025 09:17:00 AM,CLOVERLEAF CENTER DR (EB/L),NA,Angle,Clear,Dry,Daylight,Traffic Control Signal,NONE DETECTED,Yes,No Apparent Injury,Ran Red Light,Unknown,MD,Passenger Car,Moving Constant Speed,40,No,2017,TOYOTA,COROLLA,39.19011984,-77.26656366,2025,1,9
250002845,Property Damage Crash,01/21/2025 09:17:00 AM,CLOVERLEAF CENTER DR (EB/L),NA,Angle,Clear,Dry,Daylight,Traffic Control Signal,NONE DETECTED,Yes,No Apparent Injury,Ran Red Light,Unknown,MD,Passenger Car,Moving Constant Speed,25,No,2009,TOYOTA,COROLLA MATRIX,39.19011984,-77.26656366,2025,1,9
250002841,Property Damage Crash,01/21/2025 08:00:00 AM,BEN AVON RD,NA,"Sideswipe, Same Direction",Clear,Ice/Frost,Medium,No Controls,NONE DETECTED,No,No Apparent Injury,NA,Not Distracted,MD,Single-Unit Truck,Moving Constant Speed,25,No,2008,STERLING TRUCK,L8500 SERIES,38.98492304,-77.14282105,2025,1,8
250002840,Property Damage Crash,01/21/2025 07:30:00 AM,KEY WEST AVE,NA,"Sideswipe, Same Direction",Clear,Dry,Daylight,No Controls,NONE DETECTED,No,No Apparent Injury,NA,Not Distracted,MD,Passenger Car,Moving Constant Speed,40,No,2009,TOYOTA,CAMRY,39.10344724,-77.19093487,2025,1,7
250002840,Property Damage Crash,01/21/2025 07:30:00 AM,KEY WEST AVE,NA,"Sideswipe, Same Direction",Clear,Dry,Daylight,No Controls,NONE DETECTED,Yes,No Apparent Injury,"Failed to Keep in Proper Lane, Failed to Yield Right-of-Way",Unknown,MD,Passenger Car,Changing Lanes,40,No,2022,TESLA,MODEL Y,39.10344724,-77.19093487,2025,1,7
250002839,Property Damage Crash,01/21/2025 07:10:00 AM,OLD PINE DR,NA,Single Vehicle,Clear,Ice/Frost,Medium,No Controls,NONE DETECTED,No,No Apparent Injury,NA,Not Distracted,MD,Other Trucks,Moving Constant Speed,25,No,2009,STERLING TRUCK,L8500 SERIES,39.16968577,-77.41440987,2025,1,7
250002843,Property Damage Crash,01/21/2025 07:00:00 AM,EISENHOWER MEMORIAL HWY (SB/L),NA,Front to Rear,Clear,Dry,Daylight,No Controls,NONE DETECTED,No,No Apparent Injury,NA,Not Distracted,MD,Passenger Car,Slowing or Stopping,55,No,2017,TOYOTA,COROLLA,39.07054827,-77.16067468,2025,1,7
250002843,Property Damage Crash,01/21/2025 07:00:00 AM,EISENHOWER MEMORIAL HWY (SB/L),NA,Front to Rear,Clear,Dry,Daylight,No Controls,NONE DETECTED,Yes,No Apparent Injury,NA,Not Distracted,MD,Sport Utility Vehicle,Moving Constant Speed,55,No,2014,TOYOTA,RAV4,39.07054827,-77.16067468,2025,1,7
250002836,Property Damage Crash,01/21/2025 05:45:00 AM,VEIRS MILL RD,NA,Single Vehicle,Clear,Dry,Dark,No Controls,NONE DETECTED,No,No Apparent Injury,NA,Not Distracted,MD,Sport Utility Vehicle,Moving Constant Speed,45,No,2024,CHEVROLET,TAHOE,39.06568418,-77.09936379,2025,1,5
250002830,Property Damage Crash,01/21/2025 01:00:00 AM,GRIFFITH RD,NA,Single Vehicle,Clear,Ice/Frost,Dark,No Controls,NONE DETECTED,Yes,No Apparent Injury,"Ran Off Roadway, Too Fast For Conditions",Not Distracted,MD,Passenger Car,Moving Constant Speed,30,No,2023,KIA,K5,39.22397667,-77.13997833,2025,1,1
250002827,Injury Crash,01/21/2025 12:07:00 AM,COLESVILLE RD,NA,"Sideswipe, Same Direction",Clear,Dry,Medium,No Controls,NONE DETECTED,Yes,No Apparent Injury,NA,Unknown,MD,Bus - Transit,Accelerating,25,No,2008,GILLIG,CITY TRANSIT BUS,38.99752906,-77.02705869,2025,1,0
250002829,Property Damage Crash,01/20/2025 11:45:00 PM,WATERS LANDING DR,NA,Single Vehicle,Clear,Ice/Frost,Medium,No Controls,NONE DETECTED,No,No Apparent Injury,NA,Not Distracted,MD,Passenger Car,Moving Constant Speed,30,No,2010,LEXUS,GS,39.1964415,-77.274858,2025,1,23
250002810,Property Damage Crash,01/20/2025 07:49:00 PM,BOU AVE,NA,Angle,Clear,Dry,Medium,Stop Sign,NONE DETECTED,Yes,No Apparent Injury,"Failed to Yield Right-of-Way, Improper Turn",Unknown,MD,Passenger Car,Turning Left,15,No,2024,NISSAN,SENTRA,39.0570775,-77.11489367,2025,1,19
250002810,Property Damage Crash,01/20/2025 07:49:00 PM,BOU AVE,NA,Angle,Clear,Dry,Medium,No Controls,NONE DETECTED,No,No Apparent Injury,NA,Not Distracted,MD,Passenger Car,Moving Constant Speed,25,No,2023,TESLA,MODEL 3,39.0570775,-77.11489367,2025,1,19
250002794,Property Damage Crash,01/20/2025 05:01:00 PM,UNIVERSITY BLVD W (WB/L),NA,Other,Clear,Dry,Medium,Traffic Control Signal,NONE DETECTED,Yes,No Apparent Injury,NA,"Other Action (looking away from task, etc.)",MD,Passenger Car,Turning Left,35,No,2023,TOYOTA,CAMRY,39.03554333,-77.0257995,2025,1,17