Local Case Number,ACRS Report Type,Crash Date/Time,Road Name,Related Non-Motorist,Collision Type,Weather,Surface Condition,Light,Traffic Control,Driver Substance Abuse,Driver At Fault,Injury Severity,Circumstance,Driver Distracted By,Drivers License State,Vehicle Body Type,Vehicle Movement,Speed Limit,Driverless Vehicle,Vehicle Year,Vehicle Make,Vehicle Model,Latitude,Longitude,Year,Month,Hour
250002538,Injury Crash,01/18/2025 03:49:00 PM,MONTGOMERY VILLAGE AVE (SB/L),NA,Angle,Clear,Wet,Daylight,Traffic Control Signal,NONE DETECTED,Yes,No Apparent Injury,Failed to Yield Right-of-Way,Unknown,MD,Sport Utility Vehicle,Turning Left,35,No,2019,HONDA,CR-V,39.1745065,-77.20372933,2025,1,15
250002537,Property Damage Crash,01/18/2025 02:45:00 PM,NA,NA,Angle,Clear,NA,Daylight,NA,NONE DETECTED,No,No Apparent Injury,NA,NA,NA,Passenger Car,NA,0,No,2006,TOYOTA,CAMRY SOLARA,39.04143624,-76.98907548,2025,1,14
250002520,Property Damage Crash,01/18/2025 01:19:00 PM,PINEY BRANCH RD,NA,Front to Rear,Cloudy,Wet,Daylight,No Controls,NONE DETECTED,Yes,No Apparent Injury,NA,Unknown,MD,Passenger Car,Moving Constant Speed,25,No,2015,AUDI,A3,38.98052783,-77.01678533,2025,1,13
250002520,Property Damage Crash,01/18/2025 01:19:00 PM,PINEY BRANCH RD,NA,Front to Rear,Cloudy,Wet,Daylight,No Controls,NONE DETECTED,No,No Apparent Injury,NA,Not Distracted,MD,Passenger Car,Slowing or Stopping,25,No,2016,TOYOTA,CAMRY,38.98052783,-77.01678533,2025,1,13
250006371,Property Damage Crash,01/18/2025 01:00:00 PM,PHILADELPHIA AVE,NA,"Sideswipe, Opposite Direction",Clear,Dry,Daylight,Stop Sign,NONE DETECTED,No,No Apparent Injury,NA,Unknown,NA,Passenger Car,Entering Traffic Lane,25,No,2003,TOYOTA,CAMRY,38.98179521,-77.01278226,2025,1,13
250006371,Property Damage Crash,01/18/2025 01:00:00 PM,PHILADELPHIA AVE,NA,"Sideswipe, Opposite Direction",Clear,Dry,Daylight,No Controls,NONE DETECTED,No,No Apparent Injury,NA,Not Distracted,MD,Passenger Car,Moving Constant Speed,25,No,2013,NISSAN,FRONTIER,38.98179521,-77.01278226,2025,1,13
250002518,Property Damage Crash,01/18/2025 12:48:00 PM,DEMOCRACY BLVD (EB/L),NA,Front to Rear,Rain,Wet,Daylight,Traffic Control Signal,NONE DETECTED,Yes,No Apparent Injury,NA,"Other Action (looking away from task, etc.)",VA,Passenger Car,Slowing or Stopping,35,No,2024,HYUNDAI,ELANTRA,39.02438723,-77.12625582,2025,1,12
250002518,Property Damage Crash,01/18/2025 12:48:00 PM,DEMOCRACY BLVD (EB/L),NA,Front to Rear,Rain,Wet,Daylight,Traffic Control Signal,NONE DETECTED,No,No Apparent Injury,NA,Not Distracted,MD,Passenger Car,Slowing or Stopping,35,No,2010,JEEP,GRAND CHEROKEE,39.02438723,-77.12625582,2025,1,12
250002518,Property Damage Crash,01/18/2025 12:48:00 PM,DEMOCRACY BLVD (EB/L),NA,Front to Rear,Rain,Wet,Daylight,Traffic Control Signal,NONE DETECTED,No,No Apparent Injury,NA,Not Distracted,MD,Passenger Car,Slowing or Stopping,35,No,2010,FORD,FUSION,39.02438723,-77.12625582,2025,1,12
250002521,Property Damage Crash,01/18/2025 12:10:00 PM,NA,NA,Front to Rear,Rain,NA,Daylight,Yield Sign,NONE DETECTED,Yes,No Apparent Injury,Followed Too Closely,Unknown,MD,Passenger Car,Accelerating,30,No,2012,FIAT,UNKNOWN,39.16284905,-77.28269556,2025,1,12
250002521,Property Damage Crash,01/18/2025 12:10:00 PM,NA,NA,Front to Rear,Rain,NA,Daylight,Yield Sign,NONE DETECTED,No,No Apparent Injury,NA,Unknown,MD,Passenger Car,Slowing or Stopping,30,No,2019,FORD,FIESTA,39.16284905,-77.28269556,2025,1,12
250002502,Property Damage Crash,01/18/2025 11:20:00 AM,NEW HAMPSHIRE AVE,NA,"Sideswipe, Same Direction",Cloudy,Wet,Daylight,No Controls,NONE DETECTED,No,No Apparent Injury,NA,Not Distracted,MD,Bus - Transit,Slowing or Stopping,35,No,2020,NEW FLYER,XCELSIOR,39.01561917,-76.97765918,2025,1,11
250002502,Property Damage Crash,01/18/2025 11:20:00 AM,NEW HAMPSHIRE AVE,NA,"Sideswipe, Same Direction",Cloudy,Wet,Daylight,No Controls,NONE DETECTED,Yes,No Apparent Injury,NA,Unknown,MD,Van - Passenger (&lt;9 Seats),Moving Constant Speed,35,No,2004,CHEVROLET,EXPRESS,39.01561917,-76.97765918,2025,1,11
250002497,Injury Crash,01/18/2025 10:54:00 AM,VAUGHN LANDING DR,NA,Angle,Clear,Wet,Daylight,No Controls,NONE DETECTED,No,No Apparent Injury,NA,Not Distracted,MD,Sport Utility Vehicle,Moving Constant Speed,30,No,2011,FORD,ESCAPE,39.17726363,-77.27435946,2025,1,10
250002497,Injury Crash,01/18/2025 10:54:00 AM,VAUGHN LANDING DR,NA,Angle,Clear,Wet,Daylight,No Controls,NONE DETECTED,Yes,Possible Minor Injury,Failed to Yield Right-of-Way,Not Distracted,MD,Passenger Car,Turning Left,30,No,2012,HONDA,CIVIC,39.17726363,-77.27435946,2025,1,10
250002496,Injury Crash,01/18/2025 10:45:00 AM,S SUMMIT AVE,NA,Angle,Cloudy,Wet,Daylight,No Controls,NONE DETECTED,No,Possible Minor Injury,NA,Not Distracted,MD,Passenger Car,Moving Constant Speed,25,No,2010,ACURA,TSX,39.14097222,-77.19359477,2025,1,10
250002496,Injury Crash,01/18/2025 10:45:00 AM,S SUMMIT AVE,NA,Angle,Cloudy,Wet,Daylight,Stop Sign,NONE DETECTED,Yes,No Apparent Injury,NA,Unknown,MD,Passenger Car,Turning Left,25,No,2015,ACURA,TLX,39.14097222,-77.19359477,2025,1,10
250002492,Property Damage Crash,01/18/2025 09:39:00 AM,BETHESDA AVE,NA,Front to Rear,Rain,Wet,Daylight,No Controls,NONE DETECTED,No,NA,NA,NA,NA,Passenger Car,Slowing or Stopping,25,No,2015,BMW,X5,38.9810635,-77.09360586,2025,1,9
250002492,Property Damage Crash,01/18/2025 09:39:00 AM,BETHESDA AVE,NA,Front to Rear,Rain,Wet,Daylight,No Controls,NONE DETECTED,No,No Apparent Injury,NA,Not Distracted,MD,Passenger Car,Stopped in Traffic,25,No,2020,VOLVO,S60,38.9810635,-77.09360586,2025,1,9
250002489,Property Damage Crash,01/18/2025 09:20:00 AM,BROOKE RD,NA,Single Vehicle,Rain,Ice/Frost,Daylight,No Controls,NONE DETECTED,Yes,No Apparent Injury,Too Fast For Conditions,Not Distracted,MD,Sport Utility Vehicle,Moving Constant Speed,35,No,2012,NISSAN,MURANO,39.16148471,-77.02782146,2025,1,9
250002488,Property Damage Crash,01/18/2025 08:54:00 AM,NA,NA,Other,Rain,Ice/Frost,Daylight,No Controls,NONE DETECTED,Yes,No Apparent Injury,"Swerved or Avoided Due to Wind, Slippery Surface, Motor Vehicle, Object, Non-Motorist in Roadway, etc, Too Fast For Conditions",Unknown,DC,Sport Utility Vehicle,Slowing or Stopping,50,No,2021,LINCOLN,NAUTILUS,39.06354533,-77.29377983,2025,1,8
250002488,Property Damage Crash,01/18/2025 08:54:00 AM,NA,NA,Other,Rain,Ice/Frost,Daylight,No Controls,NONE DETECTED,Yes,No Apparent Injury,"Ran Off Roadway, Too Fast For Conditions",Unknown,DC,Sport Utility Vehicle,Moving Constant Speed,50,No,2020,GMC,TERRAIN,39.06354533,-77.29377983,2025,1,8
250002482,Injury Crash,01/18/2025 08:05:00 AM,MCKNEW RD,NA,Front to Rear,Cloudy,Dry,Daylight,Traffic Control Signal,NONE DETECTED,No,Possible Minor Injury,NA,Not Distracted,MD,Passenger Car,Stopped in Traffic,40,No,2015,HONDA,CIVIC,39.10626169,-76.91875177,2025,1,8
250002482,Injury Crash,01/18/2025 08:05:00 AM,MCKNEW RD,NA,Front to Rear,Cloudy,Dry,Daylight,Traffic Control Signal,NONE DETECTED,Yes,No Apparent Injury,NA,"Other Action (looking away from task, etc.)",WV,Passenger Car,Moving Constant Speed,40,No,2014,BMW,535I,39.10626169,-76.91875177,2025,1,8
250002476,Property Damage Crash,01/18/2025 06:19:00 AM,MARIANNA DR,NA,"Sideswipe, Same Direction",Clear,Dry,Dark,No Controls,NONE DETECTED,No,No Apparent Injury,NA,Not Distracted,MD,Passenger Car,Moving Constant Speed,15,No,2014,DODGE,CHARGER,39.08382129,-77.09023143,2025,1,6
250002484,Property Damage Crash,01/18/2025 05:00:00 AM,ARLISS ST,NA,Front to Rear,Cloudy,NA,Medium,No Controls,NONE DETECTED,No,NA,NA,NA,NA,NA,NA,15,No,0,NA,NA,39.00070179,-77.00223173,2025,1,5
250002472,Property Damage Crash,01/18/2025 03:10:00 AM,METRORAIL TRACK B1 RAIL,NA,Front to Rear,Clear,Dry,Medium,Traffic Control Signal,NONE DETECTED,No,NA,NA,NA,NA,NA,Moving Constant Speed,35,No,0,NA,NA,39.01246611,-77.04161031,2025,1,3
250002472,Property Damage Crash,01/18/2025 03:10:00 AM,METRORAIL TRACK B1 RAIL,NA,Front to Rear,Clear,Dry,Medium,Traffic Control Signal,NONE DETECTED,No,No Apparent Injury,NA,Not Distracted,MD,Passenger Car,Stopped in Traffic,35,No,2012,DODGE,CHARGER,39.01246611,-77.04161031,2025,1,3
250002471,Property Damage Crash,01/18/2025 03:08:00 AM,DALE DR,NA,Other,Clear,Dry,Medium,No Controls,NONE DETECTED,No,No Apparent Injury,NA,Unknown,MD,Passenger Car,NA,35,No,2014,TOYOTA,COROLLA,39.00066473,-77.01766175,2025,1,3
250002464,Property Damage Crash,01/18/2025 01:14:00 AM,NA,NA,Front to Rear,Snow,Slush,Dark,No Controls,NONE DETECTED,No,No Apparent Injury,NA,NA,NA,Passenger Car,NA,45,No,2017,HONDA,HR-V,39.08516507,-76.94043133,2025,1,1
250002462,Injury Crash,01/18/2025 12:10:00 AM,BUTLER RD,NA,Single Vehicle,Clear,Dry,Medium,No Controls,NONE DETECTED,No,Possible Minor Injury,"Failed to Keep in Proper Lane, Improper Turn, Operated Motor Vehicle in Inattentive, Careless, Negligent, or Erratic Manner, Ran Off Roadway",Unknown,MD,Passenger Car,Leaving Traffic Lane,25,No,2009,HYUNDAI,ELANTRA,39.13713646,-77.41598835,2025,1,0
250002513,Injury Crash,01/18/2025 12:03:00 AM,KENNEDY DR,Pedestrian,Single Vehicle,Clear,Dry,Medium,No Controls,NONE DETECTED,Yes,No Apparent Injury,NA,Unknown,MD,Passenger Car,Slowing or Stopping,20,No,2024,TOYOTA,HIGHLANDER,38.97124387,-77.10298577,2025,1,0
250002461,Property Damage Crash,01/17/2025 11:35:00 PM,RIVER RD,NA,Single Vehicle,Clear,Ice/Frost,Dark,No Controls,NONE DETECTED,No,No Apparent Injury,NA,Not Distracted,MD,Passenger Car,Moving Constant Speed,45,No,2016,TOYOTA,COROLLA,39.03936729,-77.24949927,2025,1,23
250002456,Property Damage Crash,01/17/2025 11:07:00 PM,DARNESTOWN RD,NA,Single Vehicle,Clear,Dry,Medium,Traffic Control Signal,NONE DETECTED,Yes,No Apparent Injury,"Failed to Keep in Proper Lane, Operated Motor Vehicle in Reckless or Aggressive Manner, Over-Correcting/Over-Steering, Too Fast For Conditions, Wrong Side",Not Distracted,MD,Passenger Car,Accelerating,30,No,2025,BMW,M340I,39.10369203,-77.29260094,2025,1,23
250002455,Property Damage Crash,01/17/2025 11:07:00 PM,TRADE ST,NA,Other,Clear,Dry,Medium,No Controls,NONE DETECTED,Yes,No Apparent Injury,NA,Unknown,MD,Passenger Car,Backing,20,No,2018,MAZDA,MAZDA3,39.05114152,-77.11658354,2025,1,23
250002438,Property Damage Crash,01/17/2025 09:10:00 PM,NA,NA,"Sideswipe, Same Direction",Clear,NA,Medium,NA,NONE DETECTED,Yes,No Apparent Injury,NA,Not Distracted,MD,Bus - School,Entering Traffic Lane,0,No,2011,IC BUS,PB105,39.08813845,-76.94896838,2025,1,21
250002438,Property Damage Crash,01/17/2025 09:10:00 PM,NA,NA,"Sideswipe, Same Direction",Clear,NA,Medium,NA,NONE DETECTED,No,No Apparent Injury,NA,Not Distracted,MD,Passenger Car,Slowing or Stopping,0,No,2020,HONDA,CR-V,39.08813845,-76.94896838,2025,1,21
250002425,Property Damage Crash,01/17/2025 07:25:00 PM,MONTGOMERY VILLAGE AVE,NA,Angle,Clear,Dry,Medium,Traffic Control Signal,NONE DETECTED,No,No Apparent Injury,NA,Not Distracted,MD,Passenger Car,Moving Constant Speed,35,No,2010,HONDA,CIVIC,39.15438122,-77.20946123,2025,1,19
250002425,Property Damage Crash,01/17/2025 07:25:00 PM,MONTGOMERY VILLAGE AVE,NA,Angle,Clear,Dry,Medium,Traffic Control Signal,NONE DETECTED,No,NA,NA,NA,NA,Passenger Car,Turning Left,35,No,2021,TOYOTA,RAV4,39.15438122,-77.20946123,2025,1,19
250002424,Injury Crash,01/17/2025 07:11:00 PM,NA,NA,Angle,Cloudy,Wet,Medium,Traffic Control Signal,NONE DETECTED,No,Possible Minor Injury,NA,Not Distracted,MD,Passenger Car,Accelerating,25,No,2011,MERCEDES-BENZ,E-CLASS,39.15194595,-77.06434071,2025,1,19
250002424,Injury Crash,01/17/2025 07:11:00 PM,NA,NA,Angle,Cloudy,Wet,Medium,Traffic Control Signal,NONE DETECTED,Yes,No Apparent Injury,Ran Red Light,Not Distracted,MD,Sport Utility Vehicle,Moving Constant Speed,30,No,2017,LEXUS,GX,39.15194595,-77.06434071,2025,1,19
250002415,Property Damage Crash,01/17/2025 06:06:00 PM,FALLS RD,NA,Front to Rear,Clear,Dry,Dark,No Controls,NONE DETECTED,No,No Apparent Injury,NA,Not Distracted,MD,Pickup,Slowing or Stopping,35,No,2021,JEEP,GLADIATOR,39.07116561,-77.16765203,2025,1,18
250002415,Property Damage Crash,01/17/2025 06:06:00 PM,FALLS RD,NA,Front to Rear,Clear,Dry,Dark,No Controls,NONE DETECTED,Yes,No Apparent Injury,NA,Not Distracted,MD,Passenger Car,Moving Constant Speed,35,No,2012,KIA,SORENTO,39.07116561,-77.16765203,2025,1,18
250002412,Property Damage Crash,01/17/2025 05:51:00 PM,NA,NA,Rear To Side,Clear,Dry,Medium,No Controls,NONE DETECTED,No,No Apparent Injury,NA,Not Distracted,MD,Pickup,Moving Constant Speed,35,No,2014,FORD,F-150,39.18670327,-77.18712664,2025,1,17
250002412,Property Damage Crash,01/17/2025 05:51:00 PM,NA,NA,Rear To Side,Clear,Dry,Medium,Stop Sign,NONE DETECTED,Yes,No Apparent Injury,Failed to Yield Right-of-Way,Unknown,MD,Sport Utility Vehicle,Entering Traffic Lane,10,No,2011,HONDA,PILOT,39.18670327,-77.18712664,2025,1,17
250002404,Property Damage Crash,01/17/2025 05:23:00 PM,OLNEY SANDY SPRING RD,NA,Other,Clear,Dry,Medium,No Controls,NONE DETECTED,No,No Apparent Injury,NA,Not Distracted,MD,Passenger Car,Moving Constant Speed,35,No,2023,MAZDA,MAZDA3,39.14627902,-77.05028891,2025,1,17
250002404,Property Damage Crash,01/17/2025 05:23:00 PM,OLNEY SANDY SPRING RD,NA,Other,Clear,Dry,Medium,No Controls,NONE DETECTED,No,No Apparent Injury,Failed to Yield Right-of-Way,Not Distracted,MD,Passenger Car,Moving Constant Speed,35,No,2021,TESLA,MODEL Y,39.14627902,-77.05028891,2025,1,17
250002405,Property Damage Crash,01/17/2025 04:54:00 PM,S FREDERICK RD,NA,Other,Clear,Dry,Medium,No Controls,NONE DETECTED,No,No Apparent Injury,NA,Not Distracted,MD,Sport Utility Vehicle,Moving Constant Speed,30,No,2007,HONDA,CR-V,39.13033474,-77.18714468,2025,1,16
250002405,Property Damage Crash,01/17/2025 04:54:00 PM,S FREDERICK RD,NA,Other,Clear,Dry,Medium,No Controls,NONE DETECTED,No,NA,NA,NA,NA,Passenger Car,Making U-Turn,30,No,2004,HYUNDAI,ACCENT,39.13033474,-77.18714468,2025,1,16
250002390,Property Damage Crash,01/17/2025 04:41:00 PM,NA,NA,Front to Rear,Clear,Dry,Daylight,Pedestrian Crossing Sign,NONE DETECTED,No,No Apparent Injury,NA,Not Distracted,MD,Passenger Car,Slowing or Stopping,35,No,2010,ACURA,MDX,39.09367467,-77.07584967,2025,1,16
250002390,Property Damage Crash,01/17/2025 04:41:00 PM,NA,NA,Front to Rear,Clear,Dry,Daylight,Pedestrian Crossing Sign,NONE DETECTED,No,No Apparent Injury,NA,Not Distracted,MD,Passenger Car,Slowing or Stopping,35,No,2017,FORD,TRANSIT,39.09367467,-77.07584967,2025,1,16
250002390,Property Damage Crash,01/17/2025 04:41:00 PM,NA,NA,Front to Rear,Clear,Dry,Daylight,Pedestrian Crossing Sign,NONE DETECTED,Yes,No Apparent Injury,NA,Not Distracted,MD,Passenger Car,Slowing or Stopping,35,No,2023,LEXUS,GX,39.09367467,-77.07584967,2025,1,16
250002395,Property Damage Crash,01/17/2025 04:39:00 PM,UNIVERSITY BLVD E,NA,Front to Rear,Clear,Dry,Daylight,Traffic Control Signal,NONE DETECTED,No,No Apparent Injury,NA,Not Distracted,MD,Passenger Car,Stopped in Traffic,35,No,2019,TOYOTA,AVALON,39.00183164,-76.99577821,2025,1,16
250002395,Property Damage Crash,01/17/2025 04:39:00 PM,UNIVERSITY BLVD E,NA,Front to Rear,Clear,Dry,Daylight,Traffic Control Signal,NONE DETECTED,Yes,No Apparent Injury,NA,Not Distracted,MD,Passenger Car,Slowing or Stopping,35,No,2020,TOYOTA,CAMRY,39.00183164,-76.99577821,2025,1,16
250002388,Property Damage Crash,01/17/2025 04:38:00 PM,GEORGIA AVE (SB/L),NA,Front to Rear,Clear,Dry,Medium,No Controls,NONE DETECTED,Yes,No Apparent Injury,Other Improper Action,"Other Action (looking away from task, etc.)",DC,Passenger Car,Accelerating,30,No,2010,NISSAN,ALTIMA,38.99486772,-77.02723496,2025,1,16
250002388,Property Damage Crash,01/17/2025 04:38:00 PM,GEORGIA AVE (SB/L),NA,Front to Rear,Clear,Dry,Medium,No Controls,NONE DETECTED,No,No Apparent Injury,NA,Not Distracted,MD,Passenger Car,Stopped in Traffic,30,No,2019,TOYOTA,RAV4,38.99486772,-77.02723496,2025,1,16
250002391,Property Damage Crash,01/17/2025 04:25:00 PM,PLEASANT DR,NA,Rear To Side,Clear,Dry,Daylight,Traffic Control Signal,NONE DETECTED,No,No Apparent Injury,NA,Unknown,MD,Passenger Car,Turning Left,25,No,2015,CHEVROLET,SILVERADO,39.11340848,-77.17058959,2025,1,16
250002391,Property Damage Crash,01/17/2025 04:25:00 PM,PLEASANT DR,NA,Rear To Side,Clear,Dry,Daylight,Traffic Control Signal,NONE DETECTED,No,No Apparent Injury,Ran Red Light,Unknown,MD,Sport Utility Vehicle,Accelerating,25,No,2021,HONDA,ACCORD,39.11340848,-77.17058959,2025,1,16
250002398,Property Damage Crash,01/17/2025 04:12:00 PM,NA,NA,"Sideswipe, Same Direction",Cloudy,Dry,Daylight,Stop Sign,NONE DETECTED,Yes,No Apparent Injury,NA,Not Distracted,MD,Bus - School,Accelerating,25,No,2015,FREIGHTLINER,B2 BUS CHASSIS,39.1730876,-77.26531788,2025,1,16
250002398,Property Damage Crash,01/17/2025 04:12:00 PM,NA,NA,"Sideswipe, Same Direction",Cloudy,Dry,Daylight,Stop Sign,NONE DETECTED,No,No Apparent Injury,NA,Not Distracted,MD,Sport Utility Vehicle,Parked,25,No,2024,TOYOTA,RAV4,39.1730876,-77.26531788,2025,1,16
250002385,Injury Crash,01/17/2025 04:00:00 PM,VEIRS MILL RD,NA,Angle,Clear,Dry,Daylight,Traffic Control Signal,NONE DETECTED,No,No Apparent Injury,NA,Not Distracted,MD,Passenger Car,Moving Constant Speed,35,No,2022,CHEVROLET,EQUINOX,39.07833055,-77.13046574,2025,1,16
250002385,Injury Crash,01/17/2025 04:00:00 PM,VEIRS MILL RD,NA,Angle,Clear,Dry,Daylight,Traffic Control Signal,NONE DETECTED,Yes,No Apparent Injury,NA,Not Distracted,MD,Passenger Car,Turning Left,35,No,2021,HONDA,HR-V,39.07833055,-77.13046574,2025,1,16
250002382,Injury Crash,01/17/2025 04:00:00 PM,INDUSTRIAL PKWY,NA,Other,Clear,Dry,Daylight,No Controls,NONE DETECTED,No,Possible Minor Injury,NA,Not Distracted,MD,Passenger Car,Moving Constant Speed,25,No,2015,DODGE,CHARGER,39.05492083,-76.97009667,2025,1,16
250002382,Injury Crash,01/17/2025 04:00:00 PM,INDUSTRIAL PKWY,NA,Other,Clear,Dry,Daylight,No Controls,NONE DETECTED,Yes,Possible Minor Injury,NA,Unknown,MD,Passenger Car,Turning Right,25,No,1999,TOYOTA,CAMRY,39.05492083,-76.97009667,2025,1,16
250002385,Injury Crash,01/17/2025 04:00:00 PM,VEIRS MILL RD,NA,Angle,Clear,Dry,Daylight,Traffic Control Signal,NONE DETECTED,No,Possible Minor Injury,NA,Not Distracted,MD,Passenger Car,Moving Constant Speed,35,No,2015,DODGE,GRAND CARAVAN,39.07833055,-77.13046574,2025,1,16
250002379,Property Damage Crash,01/17/2025 03:50:00 PM,NA,NA,Front to Rear,Clear,Dry,Daylight,Traffic Control Signal,NONE DETECTED,Yes,No Apparent Injury,Followed Too Closely,Unknown,MD,Passenger Car,Moving Constant Speed,40,No,2013,TOYOTA,VENZA,39.17008508,-77.17676414,2025,1,15
250002379,Property Damage Crash,01/17/2025 03:50:00 PM,NA,NA,Front to Rear,Clear,Dry,Daylight,Traffic Control Signal,NONE DETECTED,No,No Apparent Injury,NA,Not Distracted,MD,Passenger Car,Stopped in Traffic,40,No,2021,MAZDA,CX-30,39.17008508,-77.17676414,2025,1,15
250002376,Property Damage Crash,01/17/2025 03:20:00 PM,NA,NA,Single Vehicle,Clear,NA,Daylight,NA,NONE DETECTED,No,No Apparent Injury,NA,Not Distracted,MD,Bus - Transit,Moving Constant Speed,0,No,2010,MOTOR COACH INDUSTRI,J4500,39.07704009,-77.16276645,2025,1,15
250002376,Property Damage Crash,01/17/2025 03:20:00 PM,NA,NA,Single Vehicle,Clear,NA,Daylight,NA,NONE DETECTED,No,No Apparent Injury,NA,Not Distracted,MD,Bus - School,Parked,0,No,2018,THOMAS BUILT,HDX,39.07704009,-77.16276645,2025,1,15
250002367,Property Damage Crash,01/17/2025 03:16:00 PM,COLUMBIA PIKE (SB/L),NA,Front to Rear,Clear,Dry,Daylight,No Controls,NONE DETECTED,Yes,No Apparent Injury,NA,Not Distracted,NJ,Passenger Car,Accelerating,50,No,2010,LEXUS,RX,39.04755894,-76.98559067,2025,1,15
250002367,Property Damage Crash,01/17/2025 03:16:00 PM,COLUMBIA PIKE (SB/L),NA,Front to Rear,Clear,Dry,Daylight,No Controls,NONE DETECTED,No,No Apparent Injury,NA,Not Distracted,MD,Passenger Car,Moving Constant Speed,50,No,2023,HONDA,ACCORD,39.04755894,-76.98559067,2025,1,15
250002367,Property Damage Crash,01/17/2025 03:16:00 PM,COLUMBIA PIKE (SB/L),NA,Front to Rear,Clear,Dry,Daylight,No Controls,NONE DETECTED,No,No Apparent Injury,NA,Not Distracted,MD,Passenger Car,Moving Constant Speed,50,No,2017,HONDA,CR-V,39.04755894,-76.98559067,2025,1,15
250002362,Property Damage Crash,01/17/2025 03:05:00 PM,UNIVERSITY BLVD W (WB/L),NA,Rear To Rear,Clear,Dry,Daylight,No Controls,NONE DETECTED,No,No Apparent Injury,NA,Not Distracted,MD,Passenger Car,Moving Constant Speed,35,No,2014,TOYOTA,COROLLA,39.0315384,-77.02225303,2025,1,15
250002362,Property Damage Crash,01/17/2025 03:05:00 PM,UNIVERSITY BLVD W (WB/L),NA,Rear To Rear,Clear,Dry,Daylight,No Controls,NONE DETECTED,No,No Apparent Injury,NA,Not Distracted,MD,Passenger Car,Moving Constant Speed,35,No,2019,SUBARU,FORESTER,39.0315384,-77.02225303,2025,1,15
250002362,Property Damage Crash,01/17/2025 03:05:00 PM,UNIVERSITY BLVD W (WB/L),NA,Rear To Rear,Clear,Dry,Daylight,No Controls,NONE DETECTED,Yes,No Apparent Injury,NA,Not Distracted,MD,Sport Utility Vehicle,Moving Constant Speed,35,No,2020,DODGE,DURANGO,39.0315384,-77.02225303,2025,1,15
250002363,Injury Crash,01/17/2025 02:53:00 PM,E GUDE DR (WB/L),NA,Angle,Clear,Dry,Daylight,Traffic Control Signal,NONE DETECTED,No,Possible Minor Injury,NA,Unknown,MD,Sport Utility Vehicle,Moving Constant Speed,35,No,2009,HONDA,PILOT,39.10000271,-77.1396589,2025,1,14
250002363,Injury Crash,01/17/2025 02:53:00 PM,E GUDE DR (WB/L),NA,Angle,Clear,Dry,Daylight,Traffic Control Signal,NONE DETECTED,No,No Apparent Injury,NA,Not Distracted,MD,Pickup,Accelerating,35,No,2018,FORD,F-250,39.10000271,-77.1396589,2025,1,14
250002354,Property Damage Crash,01/17/2025 01:27:00 PM,QUINCE ORCHARD RD (SB/L),NA,Front to Rear,Clear,Dry,Daylight,No Controls,NONE DETECTED,No,No Apparent Injury,NA,Not Distracted,MD,Passenger Car,Stopped in Traffic,40,No,2024,HYUNDAI,IONIQ 5,39.14405561,-77.22042678,2025,1,13
250002354,Property Damage Crash,01/17/2025 01:27:00 PM,QUINCE ORCHARD RD (SB/L),NA,Front to Rear,Clear,Dry,Daylight,No Controls,NONE DETECTED,Yes,No Apparent Injury,Other Improper Action,Not Distracted,MD,Pickup,Slowing or Stopping,40,No,2009,CHEVROLET,SILVERADO,39.14405561,-77.22042678,2025,1,13
250002348,Property Damage Crash,01/17/2025 01:07:00 PM,FLOWER AVE,NA,Angle,Clear,Dry,Daylight,No Controls,NONE DETECTED,No,No Apparent Injury,NA,Not Distracted,MD,Passenger Car,Moving Constant Speed,30,No,2019,CHRYSLER,300,38.99858713,-77.00362095,2025,1,13
250002348,Property Damage Crash,01/17/2025 01:07:00 PM,FLOWER AVE,NA,Angle,Clear,Dry,Daylight,No Controls,NONE DETECTED,Yes,No Apparent Injury,NA,Unknown,MD,Sport Utility Vehicle,Entering Traffic Lane,30,No,2017,CADILLAC,XT5,38.99858713,-77.00362095,2025,1,13