Local Case Number,ACRS Report Type,Crash Date/Time,Road Name,Related Non-Motorist,Collision Type,Weather,Surface Condition,Light,Traffic Control,Driver Substance Abuse,Driver At Fault,Injury Severity,Circumstance,Driver Distracted By,Drivers License State,Vehicle Body Type,Vehicle Movement,Speed Limit,Driverless Vehicle,Vehicle Year,Vehicle Make,Vehicle Model,Latitude,Longitude,Year,Month,Hour
250002342,Property Damage Crash,01/17/2025 01:00:00 PM,W MONTGOMERY AVE (WB/L),NA,Front to Rear,Clear,Dry,Daylight,No Controls,NONE DETECTED,Yes,No Apparent Injury,NA,Unknown,TX,Passenger Car,Moving Constant Speed,40,No,2024,JEEP,WAGONEER,39.08630892,-77.17445418,2025,1,13
250002342,Property Damage Crash,01/17/2025 01:00:00 PM,W MONTGOMERY AVE (WB/L),NA,Front to Rear,Clear,Dry,Daylight,No Controls,NONE DETECTED,No,No Apparent Injury,NA,Not Distracted,MD,Van - Passenger (&lt;9 Seats),Slowing or Stopping,40,No,2012,MERCEDES-BENZ,SPRINTER,39.08630892,-77.17445418,2025,1,13
250002364,Property Damage Crash,01/17/2025 12:00:00 PM,NA,NA,Angle,Clear,NA,Daylight,NA,NONE DETECTED,No,No Apparent Injury,NA,Not Distracted,MD,Pickup,Parked,0,No,2021,CHEVROLET,EXPRESS,39.13271535,-77.1904993,2025,1,12
250002364,Property Damage Crash,01/17/2025 12:00:00 PM,NA,NA,Angle,Clear,NA,Daylight,NA,NONE DETECTED,Yes,No Apparent Injury,NA,Not Distracted,MD,Passenger Car,NA,0,No,2020,HONDA,ACCORD,39.13271535,-77.1904993,2025,1,12
250002311,Property Damage Crash,01/17/2025 10:15:00 AM,NA,NA,Rear To Side,Clear,Dry,Daylight,No Controls,NONE DETECTED,No,No Apparent Injury,NA,Not Distracted,MD,Passenger Car,Moving Constant Speed,35,No,2014,HONDA,ACCORD,39.0017986,-77.02500129,2025,1,10
250002311,Property Damage Crash,01/17/2025 10:15:00 AM,NA,NA,Rear To Side,Clear,Dry,Daylight,No Controls,NONE DETECTED,No,No Apparent Injury,Failed to Yield Right-of-Way,Not Distracted,MD,Passenger Car,Turning Left,35,No,2016,TOYOTA,RAV4,39.0017986,-77.02500129,2025,1,10
25000078,Property Damage Crash,01/17/2025 08:47:00 AM,NA,NA,Angle,Cloudy,Wet,Daylight,Traffic Control Signal,NONE DETECTED,No,No Apparent Injury,NA,Not Distracted,MD,Passenger Car,Moving Constant Speed,30,No,2024,SUBARU,IMPREZA,39.01236,-77.09088549,2025,1,8
25000078,Property Damage Crash,01/17/2025 08:47:00 AM,NA,NA,Angle,Cloudy,Wet,Daylight,Traffic Control Signal,NONE DETECTED,No,No Apparent Injury,Failed to Yield Right-of-Way,Not Distracted,MD,Sport Utility Vehicle,Turning Left,30,No,2022,KIA,SPORTAGE,39.01236,-77.09088549,2025,1,8
250002294,Property Damage Crash,01/17/2025 08:40:00 AM,NA,NA,Single Vehicle,Clear,NA,Daylight,NA,NONE DETECTED,Yes,No Apparent Injury,"Improper Turn, Ran Off Roadway",Not Distracted,MD,Bus - School,Negotiating a Curve,0,No,2017,THOMAS BUILT,HDX,39.19391916,-77.17972135,2025,1,8
250002284,Injury Crash,01/17/2025 08:00:00 AM,DIVISION ST,NA,Other,Snow,Ice/Frost,Daylight,No Controls,NONE DETECTED,No,Possible Minor Injury,NA,Not Distracted,MD,Passenger Car,Moving Constant Speed,15,No,2006,HONDA,ELEMENT,38.98692417,-77.00010306,2025,1,8
250002284,Injury Crash,01/17/2025 08:00:00 AM,DIVISION ST,NA,Other,Snow,Ice/Frost,Daylight,No Controls,NONE DETECTED,No,Possible Minor Injury,NA,Not Distracted,MD,Passenger Car,Parked,0,No,2019,TOYOTA,COROLLA,38.98692417,-77.00010306,2025,1,8
250002284,Injury Crash,01/17/2025 08:00:00 AM,DIVISION ST,NA,Other,Snow,Ice/Frost,Daylight,Stop Sign,NONE DETECTED,Yes,No Apparent Injury,NA,Not Distracted,MD,Passenger Car,Moving Constant Speed,10,No,2023,TOYOTA,CAMRY,38.98692417,-77.00010306,2025,1,8
25000096,Property Damage Crash,01/17/2025 07:32:00 AM,NA,NA,Rear To Side,Clear,NA,Daylight,NA,NONE DETECTED,Yes,No Apparent Injury,NA,Unknown,MD,Other Trucks,Backing,0,No,2021,FORD,F-550,38.98831423,-77.0570331,2025,1,7
250002273,Injury Crash,01/17/2025 07:21:00 AM,RAMP 3 FR MD 200 EB TO MD 97 NB,NA,Other,Clear,Dry,Medium,Flashing Traffic Control Signal,NONE DETECTED,Yes,Possible Minor Injury,NA,Not Distracted,MD,Passenger Car,Turning Left,35,No,2025,HYUNDAI,ELANTRA,39.11801701,-77.07484574,2025,1,7
250002273,Injury Crash,01/17/2025 07:21:00 AM,RAMP 3 FR MD 200 EB TO MD 97 NB,NA,Other,Clear,Dry,Medium,No Controls,NONE DETECTED,No,No Apparent Injury,NA,Not Distracted,MD,Passenger Car,Moving Constant Speed,35,No,2011,HONDA,CR-V,39.11801701,-77.07484574,2025,1,7
250002292,Property Damage Crash,01/17/2025 07:05:00 AM,NA,NA,Single Vehicle,Cloudy,NA,Daylight,NA,NONE DETECTED,No,No Apparent Injury,NA,Not Distracted,MD,Passenger Car,Moving Constant Speed,0,No,2013,FORD,C-MAX,39.0562896,-76.96313599,2025,1,7
250002271,Property Damage Crash,01/17/2025 05:20:00 AM,PINEY BRANCH RD,NA,Single Vehicle,Clear,Dry,Medium,Traffic Control Signal,NONE DETECTED,No,No Apparent Injury,NA,Not Distracted,MD,Passenger Car,Turning Left,30,No,2009,HONDA,CIVIC,38.99971281,-76.99529295,2025,1,5
250002255,Injury Crash,01/17/2025 01:02:00 AM,MONTGOMERY VILLAGE AVE,NA,Rear To Side,Clear,Dry,Medium,Flashing Traffic Control Signal,NONE DETECTED,No,Possible Minor Injury,NA,Not Distracted,MD,Passenger Car,Moving Constant Speed,35,No,2018,SUBARU,FORESTER,39.17451145,-77.20343204,2025,1,1
250002255,Injury Crash,01/17/2025 01:02:00 AM,MONTGOMERY VILLAGE AVE,NA,Rear To Side,Clear,Dry,Medium,Flashing Traffic Control Signal,NONE DETECTED,Yes,No Apparent Injury,Failed to Yield Right-of-Way,Not Distracted,MD,Passenger Car,Accelerating,35,No,2015,HONDA,CR-V,39.17451145,-77.20343204,2025,1,1
250002252,Property Damage Crash,01/16/2025 11:53:00 PM,NEW HAMPSHIRE AVE (SB/L),NA,Front to Rear,Clear,Dry,Medium,Traffic Control Signal,NONE DETECTED,No,No Apparent Injury,"Operated Motor Vehicle in Inattentive, Careless, Negligent, or Erratic Manner",Unknown,NA,Passenger Car,Slowing or Stopping,35,No,2025,NISSAN,VERSA,39.02226257,-76.977553,2025,1,23
250002252,Property Damage Crash,01/16/2025 11:53:00 PM,NEW HAMPSHIRE AVE (SB/L),NA,Front to Rear,Clear,Dry,Medium,Traffic Control Signal,NONE DETECTED,No,No Apparent Injury,NA,Not Distracted,MD,Sport Utility Vehicle,Stopped in Traffic,35,No,2020,SUBARU,OUTBACK,39.02226257,-76.977553,2025,1,23
250002380,Property Damage Crash,01/16/2025 11:00:00 PM,NA,NA,Front to Rear,Clear,NA,Medium,NA,NONE DETECTED,No,NA,NA,NA,NA,Sport Utility Vehicle,Backing,0,No,2015,GMC,YUKON,39.07961367,-77.07138233,2025,1,23
250002241,Property Damage Crash,01/16/2025 09:21:00 PM,BLUERIDGE AVE,NA,Front to Front,Clear,Wet,Medium,Traffic Control Signal,NONE DETECTED,No,No Apparent Injury,NA,Not Distracted,MD,Passenger Car,Slowing or Stopping,25,No,2021,TOYOTA,TACOMA,39.04309051,-77.05196569,2025,1,21
250002241,Property Damage Crash,01/16/2025 09:21:00 PM,BLUERIDGE AVE,NA,Front to Front,Clear,Wet,Medium,Traffic Control Signal,ALCOHOL PRESENT,Yes,No Apparent Injury,NA,Not Distracted,MD,Passenger Car,Accelerating,25,No,2006,NISSAN,ARMADA,39.04309051,-77.05196569,2025,1,21
250002234,Property Damage Crash,01/16/2025 08:44:00 PM,FERNWOOD RD,NA,Angle,Clear,Snow,Medium,No Controls,NONE DETECTED,No,No Apparent Injury,NA,Not Distracted,MD,Passenger Car,Moving Constant Speed,35,No,2011,KIA,FORTE,39.00960858,-77.13338799,2025,1,20
250002234,Property Damage Crash,01/16/2025 08:44:00 PM,FERNWOOD RD,NA,Angle,Clear,Snow,Medium,Stop Sign,NONE DETECTED,Yes,No Apparent Injury,NA,Not Distracted,MD,Passenger Car,Accelerating,25,No,2015,NISSAN,ALTIMA,39.00960858,-77.13338799,2025,1,20
250002242,Property Damage Crash,01/16/2025 08:03:00 PM,FIELDS RD,NA,Front to Rear,Clear,Dry,Medium,Traffic Control Signal,NONE DETECTED,No,No Apparent Injury,NA,Not Distracted,MD,Passenger Car,Stopped in Traffic,45,No,2012,JEEP,WRANGLER,39.1164731,-77.20813035,2025,1,20
250002242,Property Damage Crash,01/16/2025 08:03:00 PM,FIELDS RD,NA,Front to Rear,Clear,Dry,Medium,Traffic Control Signal,NONE DETECTED,Yes,No Apparent Injury,NA,Unknown,MD,Passenger Car,Slowing or Stopping,45,No,2008,MERCEDES-BENZ,CL-CLASS,39.1164731,-77.20813035,2025,1,20
250002219,Injury Crash,01/16/2025 06:47:00 PM,HUNGERFORD DR (SB/L),Pedestrian,Single Vehicle,Snow,Wet,Medium,No Controls,NONE DETECTED,No,No Apparent Injury,NA,Not Distracted,DC,Sport Utility Vehicle,Moving Constant Speed,35,No,2019,DODGE,DURANGO,39.09430848,-77.1533965,2025,1,18
250002221,Property Damage Crash,01/16/2025 06:46:00 PM,DAVIS MILL RD,NA,Front to Rear,Snow,Wet,Dark,No Controls,NONE DETECTED,Yes,No Apparent Injury,"Other Improper Action, Too Fast For Conditions","Other Action (looking away from task, etc.)",NY,Passenger Car,Moving Constant Speed,35,No,2019,BMW,X3,39.20686333,-77.21816667,2025,1,18
250002221,Property Damage Crash,01/16/2025 06:46:00 PM,DAVIS MILL RD,NA,Front to Rear,Snow,Wet,Dark,No Controls,NONE DETECTED,No,No Apparent Injury,NA,Not Distracted,MD,Passenger Car,Stopped in Traffic,35,No,2018,HONDA,ODYSSEY,39.20686333,-77.21816667,2025,1,18
250002217,Injury Crash,01/16/2025 06:27:00 PM,NA,NA,Angle,Snow,Wet,Medium,Traffic Control Signal,NONE DETECTED,Yes,No Apparent Injury,Failed to Yield Right-of-Way,Unknown,MD,Pickup,Turning Left,45,No,2017,RAM,1500,39.106198,-77.001507,2025,1,18
250002217,Injury Crash,01/16/2025 06:27:00 PM,NA,NA,Angle,Snow,Wet,Medium,Traffic Control Signal,NONE DETECTED,No,Possible Minor Injury,NA,Not Distracted,MD,Passenger Car,Moving Constant Speed,45,No,2009,TOYOTA,CAMRY,39.106198,-77.001507,2025,1,18
250002215,Injury Crash,01/16/2025 06:26:00 PM,GREENCASTLE RD,NA,Front to Rear,Clear,Snow,Dark,No Controls,NONE DETECTED,Yes,No Apparent Injury,NA,Not Distracted,MD,Passenger Car,Moving Constant Speed,30,No,2006,ACURA,RL,39.09190023,-76.9309024,2025,1,18
250002215,Injury Crash,01/16/2025 06:26:00 PM,GREENCASTLE RD,NA,Front to Rear,Clear,Snow,Dark,No Controls,NONE DETECTED,No,Possible Minor Injury,NA,Not Distracted,MD,Passenger Car,Slowing or Stopping,30,No,2017,NISSAN,ROGUE SPORT,39.09190023,-76.9309024,2025,1,18
250000221,Injury Crash,01/16/2025 06:10:00 PM,CHELTENHAM DR,Cyclist (non-electric),Single Vehicle,Snow,Wet,Dark,No Controls,NONE DETECTED,No,No Apparent Injury,NA,Not Distracted,MD,Passenger Car,Turning Left,25,No,2008,HONDA,CR-V,38.98819517,-77.09462217,2025,1,18
250002201,Injury Crash,01/16/2025 05:14:00 PM,COLESVILLE RD,NA,Angle,Clear,Dry,Medium,No Controls,NONE DETECTED,No,Possible Minor Injury,NA,Not Distracted,MD,Passenger Car,Moving Constant Speed,30,No,2020,VOLKSWAGEN,ATLAS CROSS SPORT,39.00377711,-77.02386675,2025,1,17
250002201,Injury Crash,01/16/2025 05:14:00 PM,COLESVILLE RD,NA,Angle,Clear,Dry,Medium,No Controls,NONE DETECTED,Yes,No Apparent Injury,NA,Not Distracted,MD,Passenger Car,Turning Left,30,No,2017,TOYOTA,YARIS,39.00377711,-77.02386675,2025,1,17
250002202,Property Damage Crash,01/16/2025 04:54:00 PM,ROCKVILLE PIKE,NA,Single Vehicle,Clear,Dry,Daylight,No Controls,NONE DETECTED,Yes,No Apparent Injury,NA,Not Distracted,VA,Pickup,Turning Right,35,No,2019,RAM,3500,39.06628341,-77.12756012,2025,1,16
250002194,Property Damage Crash,01/16/2025 04:28:00 PM,AMHERST AVE,NA,"Sideswipe, Same Direction",Clear,Dry,Daylight,No Controls,NONE DETECTED,Yes,No Apparent Injury,NA,"Other Action (looking away from task, etc.)",MD,Passenger Car,Moving Constant Speed,25,No,2020,TOYOTA,C-HR,39.03371771,-77.04738383,2025,1,16
250002195,Property Damage Crash,01/16/2025 04:18:00 PM,VALERIAN LA,NA,"Sideswipe, Opposite Direction",Cloudy,Dry,Daylight,No Controls,NONE DETECTED,No,No Apparent Injury,NA,Not Distracted,MD,Sport Utility Vehicle,Slowing or Stopping,25,No,2024,TOYOTA,GRAND HIGHLANDER,39.03105534,-77.11923918,2025,1,16
250002195,Property Damage Crash,01/16/2025 04:18:00 PM,VALERIAN LA,NA,"Sideswipe, Opposite Direction",Cloudy,Dry,Daylight,No Controls,NONE DETECTED,Yes,No Apparent Injury,NA,Not Distracted,MD,Bus - School,Turning Left,25,No,2015,THOMAS BUILT,HDX,39.03105534,-77.11923918,2025,1,16
250002177,Property Damage Crash,01/16/2025 03:23:00 PM,BRIGGS RD,NA,Front to Rear,Cloudy,Dry,Daylight,Traffic Control Signal,NONE DETECTED,Yes,No Apparent Injury,Followed Too Closely,Not Distracted,MD,Passenger Car,Accelerating,30,No,2023,HONDA,ACCORD,39.06918825,-77.0455905,2025,1,15
250002177,Property Damage Crash,01/16/2025 03:23:00 PM,BRIGGS RD,NA,Front to Rear,Cloudy,Dry,Daylight,Traffic Control Signal,NONE DETECTED,No,No Apparent Injury,NA,Not Distracted,MD,Sport Utility Vehicle,Stopped in Traffic,30,No,2022,HONDA,PILOT,39.06918825,-77.0455905,2025,1,15
250002161,Property Damage Crash,01/16/2025 02:02:00 PM,MUNCASTER MILL RD,NA,"Sideswipe, Same Direction",Cloudy,Dry,Daylight,Traffic Control Signal,NONE DETECTED,Yes,No Apparent Injury,NA,Not Distracted,MD,Passenger Car,Turning Left,35,No,2014,LEXUS,GS,39.10905499,-77.08026335,2025,1,14
250002161,Property Damage Crash,01/16/2025 02:02:00 PM,MUNCASTER MILL RD,NA,"Sideswipe, Same Direction",Cloudy,Dry,Daylight,Traffic Control Signal,NONE DETECTED,Yes,No Apparent Injury,NA,Not Distracted,MD,Pickup,Changing Lanes,35,No,2021,CHEVROLET,COLORADO,39.10905499,-77.08026335,2025,1,14
250002125,Property Damage Crash,01/16/2025 10:34:00 AM,NA,NA,Front to Front,Cloudy,NA,Daylight,NA,NONE DETECTED,No,No Apparent Injury,Improper Turn,Unknown,NA,Sport Utility Vehicle,Turning Left,0,No,1995,JEEP,GRAND CHEROKEE,39.1146392,-77.19964095,2025,1,10
250002106,Property Damage Crash,01/16/2025 09:07:00 AM,NA,NA,Single Vehicle,Clear,NA,Daylight,NA,NONE DETECTED,Yes,No Apparent Injury,NA,Unknown,GA,Other Trucks,Turning Right,0,No,2025,FREIGHTLINER,CASCADIA,39.12653017,-77.18242424,2025,1,9
250002096,Injury Crash,01/16/2025 06:48:00 AM,NEW HAMPSHIRE AVE (SB/L),NA,Front to Rear,Clear,Dry,Medium,Traffic Control Signal,NONE DETECTED,No,No Apparent Injury,NA,Not Distracted,MD,Bus - Transit,Stopped in Traffic,40,No,2009,GILLIG,CITY TRANSIT BUS,39.05868202,-76.99778497,2025,1,6
250002096,Injury Crash,01/16/2025 06:48:00 AM,NEW HAMPSHIRE AVE (SB/L),NA,Front to Rear,Clear,Dry,Medium,Traffic Control Signal,NONE DETECTED,Yes,No Apparent Injury,"Operated Motor Vehicle in Inattentive, Careless, Negligent, or Erratic Manner",Not Distracted,MD,Bus - Transit,Moving Constant Speed,40,No,2014,NABI,UNKNOWN,39.05868202,-76.99778497,2025,1,6
250002096,Injury Crash,01/16/2025 06:48:00 AM,NEW HAMPSHIRE AVE (SB/L),NA,Front to Rear,Clear,Dry,Medium,Traffic Control Signal,NONE DETECTED,No,Possible Minor Injury,NA,Not Distracted,MD,Passenger Car,Stopped in Traffic,40,No,2021,TOYOTA,COROLLA,39.05868202,-76.99778497,2025,1,6
250002088,Injury Crash,01/15/2025 11:01:00 PM,SUNDOWN RD,NA,Single Vehicle,Clear,Dry,Dark,No Controls,NONE DETECTED,Yes,Possible Minor Injury,"Improper Passing, Ran Off Roadway, Wrong Side",Unknown,MD,Passenger Car,Leaving Traffic Lane,30,No,2015,HONDA,FIT,39.21211817,-77.14188933,2025,1,23
250002082,Property Damage Crash,01/15/2025 09:38:00 PM,RIVER RD (WB/L),NA,Single Vehicle,Clear,Dry,Medium,No Controls,NONE DETECTED,Yes,No Apparent Injury,Failed to Keep in Proper Lane,Unknown,MD,Passenger Car,Leaving Traffic Lane,35,No,2005,HONDA,ACCORD,38.99166413,-77.15991712,2025,1,21
250002075,Property Damage Crash,01/15/2025 09:05:00 PM,VEIRS MILL RD (WB/L),NA,Front to Rear,Clear,Dry,Medium,Traffic Control Signal,NONE DETECTED,Yes,No Apparent Injury,NA,Not Distracted,MD,Passenger Car,Moving Constant Speed,25,No,2016,NISSAN,370Z,39.04014184,-77.05557294,2025,1,21
250002075,Property Damage Crash,01/15/2025 09:05:00 PM,VEIRS MILL RD (WB/L),NA,Front to Rear,Clear,Dry,Medium,Traffic Control Signal,NONE DETECTED,No,No Apparent Injury,NA,Not Distracted,MD,Passenger Car,Moving Constant Speed,25,No,2006,HONDA,ODYSSEY,39.04014184,-77.05557294,2025,1,21
250002075,Property Damage Crash,01/15/2025 09:05:00 PM,VEIRS MILL RD (WB/L),NA,Front to Rear,Clear,Dry,Medium,Traffic Control Signal,NONE DETECTED,No,No Apparent Injury,NA,Not Distracted,VA,Passenger Car,Turning Left,25,No,2009,HYUNDAI,SONATA,39.04014184,-77.05557294,2025,1,21
250002072,Property Damage Crash,01/15/2025 08:30:00 PM,NA,NA,Angle,Clear,NA,Medium,NA,NONE DETECTED,No,No Apparent Injury,NA,Not Distracted,MD,Passenger Car,Parked,0,No,2020,TOYOTA,COROLLA,39.16462,-77.20576333,2025,1,20
250002072,Property Damage Crash,01/15/2025 08:30:00 PM,NA,NA,Angle,Clear,NA,Medium,NA,NONE DETECTED,No,NA,NA,NA,NA,Passenger Car,Entering Traffic Lane,0,No,2011,HONDA,ACCORD,39.16462,-77.20576333,2025,1,20
250002073,Property Damage Crash,01/15/2025 08:25:00 PM,FREDERICK RD (SB/L),NA,Angle,Clear,Dry,Medium,Flashing Traffic Control Signal,NONE DETECTED,No,NA,NA,NA,NA,NA,Turning Left,35,No,0,NA,NA,39.11728989,-77.1689847,2025,1,20
250002073,Property Damage Crash,01/15/2025 08:25:00 PM,FREDERICK RD (SB/L),NA,Angle,Clear,Dry,Medium,Traffic Control Signal,NONE DETECTED,No,No Apparent Injury,NA,Not Distracted,MD,Sport Utility Vehicle,Turning Left,35,No,2013,NISSAN,ROGUE,39.11728989,-77.1689847,2025,1,20
250002069,Property Damage Crash,01/15/2025 08:04:00 PM,NA,NA,Rear To Side,Clear,NA,Medium,NA,NONE DETECTED,No,NA,NA,NA,NA,Passenger Car,Backing,0,No,2012,FORD,F-150,38.98710165,-76.98758231,2025,1,20
250002069,Property Damage Crash,01/15/2025 08:04:00 PM,NA,NA,Rear To Side,Clear,NA,Medium,NA,NONE DETECTED,No,No Apparent Injury,NA,Unknown,MD,Passenger Car,Moving Constant Speed,0,No,2015,HONDA,CR-V,38.98710165,-76.98758231,2025,1,20
250002074,Property Damage Crash,01/15/2025 07:30:00 PM,OLNEY LAYTONSVILLE RD (WB/L),NA,Other,Clear,Dry,Medium,Traffic Control Signal,NONE DETECTED,No,NA,NA,NA,NA,Passenger Car,Moving Constant Speed,35,No,2019,TOYOTA,CAMRY,39.16519874,-77.08382186,2025,1,19
250002074,Property Damage Crash,01/15/2025 07:30:00 PM,OLNEY LAYTONSVILLE RD (WB/L),NA,Other,Clear,Dry,Medium,Traffic Control Signal,NONE DETECTED,No,No Apparent Injury,NA,Not Distracted,MD,Passenger Car,Changing Lanes,35,No,2015,SUBARU,LEGACY,39.16519874,-77.08382186,2025,1,19
250002074,Property Damage Crash,01/15/2025 07:30:00 PM,OLNEY LAYTONSVILLE RD (WB/L),NA,Other,Clear,Dry,Medium,Traffic Control Signal,NONE DETECTED,No,NA,NA,NA,NA,NA,Entering Traffic Lane,35,No,0,NA,NA,39.16519874,-77.08382186,2025,1,19
250002054,Property Damage Crash,01/15/2025 06:40:00 PM,DALAMAR ST,NA,Front to Rear,Clear,Dry,Medium,Traffic Control Signal,NONE DETECTED,No,No Apparent Injury,NA,Not Distracted,MD,Sport Utility Vehicle,Stopped in Traffic,30,No,2004,HONDA,PILOT,39.1466473,-77.20484878,2025,1,18
250002054,Property Damage Crash,01/15/2025 06:40:00 PM,DALAMAR ST,NA,Front to Rear,Clear,Dry,Medium,Traffic Control Signal,NONE DETECTED,Yes,No Apparent Injury,Improper Passing,Unknown,MD,Sport Utility Vehicle,NA,30,No,2015,TOYOTA,RAV4,39.1466473,-77.20484878,2025,1,18
250002041,Property Damage Crash,01/15/2025 06:00:00 PM,NA,NA,Angle,Clear,Dry,Dark,No Controls,NONE DETECTED,Yes,No Apparent Injury,Failed to Yield Right-of-Way,Not Distracted,MD,Passenger Car,Turning Left,40,No,2010,NISSAN,VERSA,39.12397533,-77.07281783,2025,1,18
250002041,Property Damage Crash,01/15/2025 06:00:00 PM,NA,NA,Angle,Clear,Dry,Dark,No Controls,NONE DETECTED,No,No Apparent Injury,NA,Not Distracted,MD,Passenger Car,Moving Constant Speed,40,No,2016,FORD,EDGE,39.12397533,-77.07281783,2025,1,18
250002043,Property Damage Crash,01/15/2025 05:52:00 PM,FREDERICK RD,NA,"Sideswipe, Opposite Direction",Clear,Dry,Medium,Traffic Control Signal,NONE DETECTED,No,No Apparent Injury,NA,Not Distracted,MD,Passenger Car,Moving Constant Speed,40,No,2023,SUBARU,WRX,39.20393515,-77.24576431,2025,1,17
250002043,Property Damage Crash,01/15/2025 05:52:00 PM,FREDERICK RD,NA,"Sideswipe, Opposite Direction",Clear,Dry,Medium,Traffic Control Signal,NONE DETECTED,Yes,No Apparent Injury,"Failed to Keep in Proper Lane, Other Improper Action","Other Action (looking away from task, etc.)",MD,Passenger Car,Changing Lanes,40,No,2017,TOYOTA,HIGHLANDER,39.20393515,-77.24576431,2025,1,17
250002044,Property Damage Crash,01/15/2025 05:48:00 PM,NA,NA,Front to Rear,Clear,NA,Medium,NA,NONE DETECTED,No,No Apparent Injury,NA,Not Distracted,MD,Passenger Car,Stopped in Traffic,0,No,2021,TOYOTA,RAV4,39.07519092,-77.00326453,2025,1,17
250002044,Property Damage Crash,01/15/2025 05:48:00 PM,NA,NA,Front to Rear,Clear,NA,Medium,NA,NONE DETECTED,Yes,No Apparent Injury,NA,Unknown,MD,Passenger Car,Backing,0,No,2017,MAZDA,CX-5,39.07519092,-77.00326453,2025,1,17
250002040,Property Damage Crash,01/15/2025 05:20:00 PM,NA,NA,Rear To Side,Clear,NA,Medium,NA,NONE DETECTED,No,No Apparent Injury,NA,Not Distracted,MD,Passenger Car,Stopped in Traffic,0,No,2016,HONDA,CIVIC,39.07973019,-77.07924537,2025,1,17
250002040,Property Damage Crash,01/15/2025 05:20:00 PM,NA,NA,Rear To Side,Clear,NA,Medium,NA,NONE DETECTED,No,NA,NA,NA,NA,Passenger Car,Backing,0,No,2000,HONDA,ACCORD,39.07973019,-77.07924537,2025,1,17
250002042,Property Damage Crash,01/15/2025 05:00:00 PM,NA,NA,Front to Rear,Clear,Dry,Daylight,No Controls,NONE DETECTED,Yes,No Apparent Injury,Followed Too Closely,"Other Action (looking away from task, etc.)",CO,Passenger Car,Moving Constant Speed,35,No,2019,CHEVROLET,CAMARO,38.99683244,-77.16936351,2025,1,17
250002042,Property Damage Crash,01/15/2025 05:00:00 PM,NA,NA,Front to Rear,Clear,Dry,Daylight,No Controls,NONE DETECTED,No,No Apparent Injury,NA,Not Distracted,VA,Pickup,Moving Constant Speed,35,No,2021,TOYOTA,TACOMA,38.99683244,-77.16936351,2025,1,17
250002042,Property Damage Crash,01/15/2025 05:00:00 PM,NA,NA,Front to Rear,Clear,Dry,Daylight,Stop Sign,NONE DETECTED,No,No Apparent Injury,NA,Not Distracted,MD,Passenger Car,Turning Left,35,No,2014,CHEVROLET,CRUZE,38.99683244,-77.16936351,2025,1,17
250002034,Property Damage Crash,01/15/2025 04:30:00 PM,TUSCARAWAS RD,NA,Front to Rear,Clear,Dry,Daylight,No Controls,NONE DETECTED,Yes,No Apparent Injury,"Other Improper Action, Too Fast For Conditions",Unknown,MD,Van - Passenger (&lt;9 Seats),Moving Constant Speed,25,No,2011,VOLKSWAGEN,ROUTAN,38.9612897,-77.1265546,2025,1,16
250002028,Property Damage Crash,01/15/2025 04:14:00 PM,COLUMBIA PIKE (SB/L),NA,Front to Rear,Clear,Dry,Daylight,No Controls,NONE DETECTED,Yes,NA,NA,Unknown,NA,Sport Utility Vehicle,Changing Lanes,55,No,2014,CHEVROLET,EQUINOX,39.0857201,-76.94633561,2025,1,16
250002028,Property Damage Crash,01/15/2025 04:14:00 PM,COLUMBIA PIKE (SB/L),NA,Front to Rear,Clear,Dry,Daylight,No Controls,NONE DETECTED,No,No Apparent Injury,NA,Not Distracted,MD,Passenger Car,Moving Constant Speed,55,No,2011,FORD,CROWN VICTORIA,39.0857201,-76.94633561,2025,1,16
250002021,Property Damage Crash,01/15/2025 04:00:00 PM,BOURNEFIELD WAY,NA,"Sideswipe, Opposite Direction",Clear,Dry,Daylight,No Controls,NONE DETECTED,No,No Apparent Injury,NA,Not Distracted,MD,Passenger Car,Moving Constant Speed,15,No,1996,TOYOTA,CAMRY,39.0533997,-76.96221362,2025,1,16