Local Case Number,ACRS Report Type,Crash Date/Time,Road Name,Related Non-Motorist,Collision Type,Weather,Surface Condition,Light,Traffic Control,Driver Substance Abuse,Driver At Fault,Injury Severity,Circumstance,Driver Distracted By,Drivers License State,Vehicle Body Type,Vehicle Movement,Speed Limit,Driverless Vehicle,Vehicle Year,Vehicle Make,Vehicle Model,Latitude,Longitude,Year,Month,Hour
250002021,Property Damage Crash,01/15/2025 04:00:00 PM,BOURNEFIELD WAY,NA,"Sideswipe, Opposite Direction",Clear,Dry,Daylight,No Controls,NONE DETECTED,Yes,No Apparent Injury,NA,Unknown,MD,Bus - School,Turning Left,15,No,2024,FREIGHTLINER,B2 106 ELECTRIC CONVENTIONAL CHASSIS,39.0533997,-76.96221362,2025,1,16
250002029,Property Damage Crash,01/15/2025 04:00:00 PM,NA,NA,Front to Rear,Clear,Dry,Daylight,No Controls,NONE DETECTED,No,No Apparent Injury,NA,Not Distracted,DC,Passenger Car,Moving Constant Speed,30,No,2020,ALFA ROMEO,STELVIO,39.00752468,-77.02050326,2025,1,16
250002029,Property Damage Crash,01/15/2025 04:00:00 PM,NA,NA,Front to Rear,Clear,Dry,Daylight,No Controls,NONE DETECTED,No,NA,NA,NA,NA,NA,Changing Lanes,30,No,0,NA,NA,39.00752468,-77.02050326,2025,1,16
250002026,Property Damage Crash,01/15/2025 03:54:00 PM,FAIRDALE RD,NA,"Sideswipe, Same Direction",Clear,Dry,Daylight,No Controls,NONE DETECTED,No,No Apparent Injury,NA,Not Distracted,MD,Bus - School,Moving Constant Speed,25,No,2020,FREIGHTLINER,B2 BUS CHASSIS,39.08989521,-76.95782446,2025,1,15
250002026,Property Damage Crash,01/15/2025 03:54:00 PM,FAIRDALE RD,NA,"Sideswipe, Same Direction",Clear,Dry,Daylight,No Controls,NONE DETECTED,Yes,No Apparent Injury,Failed To Stop For School Bus,Not Distracted,MD,Passenger Car,Entering Traffic Lane,25,No,2005,SATURN,ION,39.08989521,-76.95782446,2025,1,15
250002023,Injury Crash,01/15/2025 03:48:00 PM,NA,NA,Front to Rear,Clear,Dry,Daylight,No Controls,NONE DETECTED,Yes,No Apparent Injury,"Followed Too Closely, Operated Motor Vehicle in Inattentive, Careless, Negligent, or Erratic Manner",Unknown,MD,Sport Utility Vehicle,Moving Constant Speed,40,No,2006,FORD,EXPLORER,39.23776,-77.27813167,2025,1,15
250002027,Property Damage Crash,01/15/2025 03:48:00 PM,NEW HAMPSHIRE AVE,NA,"Sideswipe, Same Direction",Clear,Dry,Daylight,No Controls,NONE DETECTED,Yes,No Apparent Injury,NA,Not Distracted,MD,Bus - Transit,Changing Lanes,40,No,2022,NEW FLYER,XCELSIOR,39.03663137,-76.98903736,2025,1,15
250002027,Property Damage Crash,01/15/2025 03:48:00 PM,NEW HAMPSHIRE AVE,NA,"Sideswipe, Same Direction",Clear,Dry,Daylight,No Controls,NONE DETECTED,No,No Apparent Injury,NA,Not Distracted,MD,Passenger Car,Slowing or Stopping,40,No,2010,FORD,EDGE,39.03663137,-76.98903736,2025,1,15
250002023,Injury Crash,01/15/2025 03:48:00 PM,NA,NA,Front to Rear,Clear,Dry,Daylight,No Controls,NONE DETECTED,No,Possible Minor Injury,NA,Not Distracted,MD,Sport Utility Vehicle,Stopped in Traffic,40,No,2024,AUDI,Q5,39.23776,-77.27813167,2025,1,15
250002006,Injury Crash,01/15/2025 02:55:00 PM,ROCKVILLE PIKE,NA,Front to Front,Clear,Dry,Daylight,No Controls,NONE DETECTED,Yes,Possible Minor Injury,NA,Not Distracted,MD,Sport Utility Vehicle,Moving Constant Speed,30,No,2024,CHEVROLET,TRAILBLAZER,39.08334755,-77.14678888,2025,1,14
250002006,Injury Crash,01/15/2025 02:55:00 PM,ROCKVILLE PIKE,NA,Front to Front,Clear,Dry,Daylight,No Controls,NONE DETECTED,No,No Apparent Injury,NA,Not Distracted,MD,Sport Utility Vehicle,Moving Constant Speed,30,No,2011,MERCEDES-BENZ,GLK-CLASS,39.08334755,-77.14678888,2025,1,14
250002001,Injury Crash,01/15/2025 02:23:00 PM,GREAT SENECA HWY (SB/L),NA,Angle,Clear,Dry,Daylight,Traffic Control Signal,NONE DETECTED,No,Possible Minor Injury,NA,Not Distracted,MD,Passenger Car,Moving Constant Speed,30,No,2024,TOYOTA,GRAND HIGHLANDER,39.17119783,-77.26291617,2025,1,14
250002001,Injury Crash,01/15/2025 02:23:00 PM,GREAT SENECA HWY (SB/L),NA,Angle,Clear,Dry,Daylight,Traffic Control Signal,NONE DETECTED,Yes,Possible Minor Injury,NA,Unknown,MD,Passenger Car,Moving Constant Speed,35,No,2019,BMW,X3,39.17119783,-77.26291617,2025,1,14
250001997,Property Damage Crash,01/15/2025 02:06:00 PM,NA,NA,"Sideswipe, Same Direction",Clear,NA,Daylight,NA,NONE DETECTED,No,No Apparent Injury,NA,Not Distracted,MD,Sport Utility Vehicle,Moving Constant Speed,0,No,2020,CHEVROLET,TAHOE,39.07432354,-77.13773911,2025,1,14
250002061,Property Damage Crash,01/15/2025 12:37:00 PM,NA,NA,Single Vehicle,Clear,NA,Daylight,NA,NONE DETECTED,No,No Apparent Injury,Ran Off Roadway,Not Distracted,MD,Passenger Car,Moving Constant Speed,0,No,2022,SUBARU,LEGACY,39.01384803,-77.10029174,2025,1,12
259901979,Property Damage Crash,01/15/2025 11:39:00 AM,MONTGOMERY AVE,NA,"Sideswipe, Same Direction",Clear,Dry,Daylight,No Controls,NONE DETECTED,No,No Apparent Injury,Other Improper Action,Unknown,DC,Passenger Car,Accelerating,25,No,2023,VOLVO,XC40,38.98357789,-77.09374587,2025,1,11
259901979,Property Damage Crash,01/15/2025 11:39:00 AM,MONTGOMERY AVE,NA,"Sideswipe, Same Direction",Clear,Dry,Daylight,No Controls,NONE DETECTED,No,No Apparent Injury,NA,Not Distracted,MD,Other Trucks,Accelerating,25,No,2023,FREIGHTLINER,CASCADIA,38.98357789,-77.09374587,2025,1,11
250001970,Property Damage Crash,01/15/2025 10:18:00 AM,NOTLEY RD,NA,Angle,Clear,Dry,Daylight,No Controls,NONE DETECTED,No,No Apparent Injury,NA,Unknown,MD,Other Trucks,Moving Constant Speed,40,No,2018,ISUZU,NPR/NPR-HD,39.08041207,-77.00105141,2025,1,10
250001970,Property Damage Crash,01/15/2025 10:18:00 AM,NOTLEY RD,NA,Angle,Clear,Dry,Daylight,Stop Sign,NONE DETECTED,Yes,No Apparent Injury,Failed to Yield Right-of-Way,Unknown,MD,Sport Utility Vehicle,Turning Left,30,No,2020,HONDA,PILOT,39.08041207,-77.00105141,2025,1,10
250001961,Injury Crash,01/15/2025 09:50:00 AM,MERRIMAC DR,NA,Front to Front,Clear,Dry,Daylight,Stop Sign,NONE DETECTED,Yes,Possible Minor Injury,NA,Not Distracted,MD,Passenger Car,Entering Traffic Lane,35,No,2015,LEXUS,RX,38.99272147,-76.99136058,2025,1,9
250001961,Injury Crash,01/15/2025 09:50:00 AM,MERRIMAC DR,NA,Front to Front,Clear,Dry,Daylight,Lane Use Control Signal,NONE DETECTED,No,No Apparent Injury,NA,Not Distracted,MD,Passenger Car,Moving Constant Speed,35,No,2012,TOYOTA,PRIUS C,38.99272147,-76.99136058,2025,1,9
250001946,Property Damage Crash,01/15/2025 08:34:00 AM,CONNECTICUT AVE (SB/L),NA,Front to Rear,Clear,Dry,Daylight,Traffic Control Signal,NONE DETECTED,Yes,No Apparent Injury,Followed Too Closely,Not Distracted,MD,Sport Utility Vehicle,Slowing or Stopping,35,No,2017,TOYOTA,RAV4,39.07669605,-77.08090867,2025,1,8
250001946,Property Damage Crash,01/15/2025 08:34:00 AM,CONNECTICUT AVE (SB/L),NA,Front to Rear,Clear,Dry,Daylight,Traffic Control Signal,NONE DETECTED,No,No Apparent Injury,NA,Not Distracted,MD,Sport Utility Vehicle,Slowing or Stopping,35,No,2018,FORD,ESCAPE,39.07669605,-77.08090867,2025,1,8
250001944,Property Damage Crash,01/15/2025 08:24:00 AM,NA,NA,Front to Rear,Clear,NA,Daylight,NA,NONE DETECTED,No,No Apparent Injury,NA,Not Distracted,MD,Sport Utility Vehicle,Stopped in Traffic,0,No,2017,TOYOTA,RAV4,39.08098443,-77.14997803,2025,1,8
250001944,Property Damage Crash,01/15/2025 08:24:00 AM,NA,NA,Front to Rear,Clear,NA,Daylight,NA,NONE DETECTED,Yes,No Apparent Injury,NA,Not Distracted,MD,Van - Passenger (&lt;9 Seats),Backing,0,No,2011,FORD,E-350,39.08098443,-77.14997803,2025,1,8
250001943,Property Damage Crash,01/15/2025 08:08:00 AM,INDEPENDENCE ST,NA,"Sideswipe, Same Direction",Clear,Dry,Daylight,Traffic Control Signal,NONE DETECTED,Yes,No Apparent Injury,Improper Turn,Not Distracted,MD,Pickup,Turning Right,35,No,2016,FORD,F-250,39.07626846,-77.08069849,2025,1,8
250001943,Property Damage Crash,01/15/2025 08:08:00 AM,INDEPENDENCE ST,NA,"Sideswipe, Same Direction",Clear,Dry,Daylight,Traffic Control Signal,NONE DETECTED,No,No Apparent Injury,NA,Not Distracted,MD,Bus - Transit,Accelerating,35,No,2014,GILLIG,LOW FLOOR BUS,39.07626846,-77.08069849,2025,1,8
250001937,Property Damage Crash,01/15/2025 06:20:00 AM,NEW HAMPSHIRE AVE (SB/L),NA,Angle,Clear,Dry,Dark,No Controls,NONE DETECTED,Yes,No Apparent Injury,NA,Unknown,MD,Passenger Car,Changing Lanes,35,No,2020,TOYOTA,CAMRY,39.0233455,-76.97851183,2025,1,6
250001937,Property Damage Crash,01/15/2025 06:20:00 AM,NEW HAMPSHIRE AVE (SB/L),NA,Angle,Clear,Dry,Dark,No Controls,NONE DETECTED,No,No Apparent Injury,NA,Not Distracted,MD,Bus - School,Moving Constant Speed,35,No,2016,FREIGHTLINER,B2 BUS CHASSIS,39.0233455,-76.97851183,2025,1,6
250001930,Injury Crash,01/15/2025 12:41:00 AM,EAST WEST HWY,NA,Angle,Clear,Dry,Medium,Traffic Control Signal,ALCOHOL PRESENT,Yes,No Apparent Injury,Ran Red Light,Not Distracted,MD,Passenger Car,Moving Constant Speed,30,No,2005,AUDI,A4,38.99437904,-77.03593902,2025,1,0
250001930,Injury Crash,01/15/2025 12:41:00 AM,EAST WEST HWY,NA,Angle,Clear,Dry,Medium,Traffic Control Signal,NONE DETECTED,No,Possible Minor Injury,NA,Not Distracted,MD,Passenger Car,Moving Constant Speed,35,No,2022,TOYOTA,RAV4,38.99437904,-77.03593902,2025,1,0
250001929,Property Damage Crash,01/14/2025 11:45:00 PM,PEARLBUSH DR,NA,"Sideswipe, Opposite Direction",Snow,Ice/Frost,Dark,Stop Sign,NONE DETECTED,No,No Apparent Injury,NA,Not Distracted,MD,Passenger Car,Stopped in Traffic,15,No,2015,CHRYSLER,200,39.1595015,-77.164926,2025,1,23
250001929,Property Damage Crash,01/14/2025 11:45:00 PM,PEARLBUSH DR,NA,"Sideswipe, Opposite Direction",Snow,Ice/Frost,Dark,No Controls,NONE DETECTED,Yes,No Apparent Injury,"Failed to Keep in Proper Lane, Operated Motor Vehicle in Reckless or Aggressive Manner",Unknown,NA,Pickup,Moving Constant Speed,15,No,2006,HONDA,RIDGELINE,39.1595015,-77.164926,2025,1,23
250001922,Property Damage Crash,01/14/2025 10:36:00 PM,REEDIE DR,NA,Angle,Clear,Dry,Medium,Traffic Control Signal,NONE DETECTED,No,No Apparent Injury,NA,Not Distracted,MD,Passenger Car,Stopped in Traffic,25,No,2015,TOYOTA,RAV4,39.03851802,-77.05086581,2025,1,22
250001922,Property Damage Crash,01/14/2025 10:36:00 PM,REEDIE DR,NA,Angle,Clear,Dry,Medium,Traffic Control Signal,NONE DETECTED,No,No Apparent Injury,NA,Not Distracted,MD,Passenger Car,Accelerating,25,No,2021,NISSAN,ALTIMA,39.03851802,-77.05086581,2025,1,22
250001922,Property Damage Crash,01/14/2025 10:36:00 PM,REEDIE DR,NA,Angle,Clear,Dry,Medium,Traffic Control Signal,NONE DETECTED,No,No Apparent Injury,NA,Not Distracted,MD,Passenger Car,Turning Left,25,No,2017,NISSAN,ALTIMA,39.03851802,-77.05086581,2025,1,22
250001922,Property Damage Crash,01/14/2025 10:36:00 PM,REEDIE DR,NA,Angle,Clear,Dry,Medium,Traffic Control Signal,ALCOHOL PRESENT,Yes,No Apparent Injury,NA,Unknown,MD,Passenger Car,Accelerating,25,No,2023,FORD,BRONCO SPORT,39.03851802,-77.05086581,2025,1,22
250001916,Property Damage Crash,01/14/2025 09:19:00 PM,GAITHER RD,NA,"Sideswipe, Same Direction",Clear,Dry,Medium,No Controls,NONE DETECTED,Yes,No Apparent Injury,Failed to Yield Right-of-Way,Not Distracted,MD,Pickup,Turning Right,30,No,2014,CHEVROLET,SILVERADO,39.11794243,-77.18266138,2025,1,21
250001916,Property Damage Crash,01/14/2025 09:19:00 PM,GAITHER RD,NA,"Sideswipe, Same Direction",Clear,Dry,Medium,No Controls,NONE DETECTED,No,No Apparent Injury,NA,Not Distracted,MD,Sport Utility Vehicle,Moving Constant Speed,30,No,2014,FORD,EXPLORER,39.11794243,-77.18266138,2025,1,21
250001925,Property Damage Crash,01/14/2025 09:05:00 PM,GEORGIA AVE,NA,Front to Rear,Clear,Dry,Dark,Traffic Control Signal,NONE DETECTED,No,NA,NA,NA,NA,Pickup,Moving Constant Speed,35,No,2010,NISSAN,TITAN,39.01161996,-77.04130025,2025,1,21
250001925,Property Damage Crash,01/14/2025 09:05:00 PM,GEORGIA AVE,NA,Front to Rear,Clear,Dry,Dark,Traffic Control Signal,NONE DETECTED,No,No Apparent Injury,NA,Not Distracted,MD,Passenger Car,Stopped in Traffic,35,No,2017,NISSAN,ALTIMA,39.01161996,-77.04130025,2025,1,21
250001906,Property Damage Crash,01/14/2025 07:37:00 PM,MONTGOMERY AVE,NA,Angle,Clear,Dry,Medium,No Controls,NONE DETECTED,No,No Apparent Injury,NA,Not Distracted,MD,Sport Utility Vehicle,Moving Constant Speed,30,No,2018,AUDI,Q5,39.14571436,-77.2037295,2025,1,19
250001906,Property Damage Crash,01/14/2025 07:37:00 PM,MONTGOMERY AVE,NA,Angle,Clear,Dry,Medium,No Controls,NONE DETECTED,No,No Apparent Injury,NA,Not Distracted,MD,Passenger Car,Turning Left,25,No,2003,NISSAN,MAXIMA,39.14571436,-77.2037295,2025,1,19
250001901,Property Damage Crash,01/14/2025 07:21:00 PM,REDLAND RD (NB/L),NA,Front to Rear,Clear,Dry,Medium,Traffic Control Signal,NONE DETECTED,Yes,No Apparent Injury,Followed Too Closely,Unknown,MD,Passenger Car,Slowing or Stopping,35,No,2010,TOYOTA,COROLLA,39.121353,-77.15830133,2025,1,19
250001901,Property Damage Crash,01/14/2025 07:21:00 PM,REDLAND RD (NB/L),NA,Front to Rear,Clear,Dry,Medium,Traffic Control Signal,NONE DETECTED,No,No Apparent Injury,NA,Not Distracted,MD,Passenger Car,Stopped in Traffic,35,No,2007,JEEP,WRANGLER,39.121353,-77.15830133,2025,1,19
250001893,Property Damage Crash,01/14/2025 06:48:00 PM,CASHELL RD,NA,Angle,Clear,Dry,Medium,Traffic Control Signal,NONE DETECTED,Yes,No Apparent Injury,Failed to Yield Right-of-Way,Unknown,MD,Passenger Car,Turning Left,30,No,2009,HONDA,CIVIC,39.1268106,-77.07949867,2025,1,18
250001893,Property Damage Crash,01/14/2025 06:48:00 PM,CASHELL RD,NA,Angle,Clear,Dry,Medium,Traffic Control Signal,NONE DETECTED,No,No Apparent Injury,NA,Unknown,MD,Passenger Car,Moving Constant Speed,30,No,2014,HYUNDAI,ACCENT,39.1268106,-77.07949867,2025,1,18
250001896,Property Damage Crash,01/14/2025 06:34:00 PM,RAMP 4 FR IS 270 NB TO MD 118 EB,NA,Single Vehicle,Clear,Wet,Medium,Yield Sign,NONE DETECTED,Yes,No Apparent Injury,NA,Not Distracted,MD,Sport Utility Vehicle,Entering Traffic Lane,30,No,2021,HONDA,HR-V,39.18758548,-77.25225288,2025,1,18
250001888,Injury Crash,01/14/2025 06:20:00 PM,NA,NA,Angle,Clear,Dry,Medium,No Controls,NONE DETECTED,No,No Apparent Injury,NA,Not Distracted,MD,Passenger Car,Moving Constant Speed,30,No,2007,DODGE,CHARGER,39.22647133,-77.06931883,2025,1,18
250001888,Injury Crash,01/14/2025 06:20:00 PM,NA,NA,Angle,Clear,Dry,Medium,No Controls,NONE DETECTED,Yes,Possible Minor Injury,Failed to Yield Right-of-Way,Not Distracted,TX,Passenger Car,Turning Left,30,No,2021,BMW,X3,39.22647133,-77.06931883,2025,1,18
250001886,Property Damage Crash,01/14/2025 05:54:00 PM,SHADY GROVE RD,NA,Other,Clear,Dry,Medium,Traffic Control Signal,NONE DETECTED,No,No Apparent Injury,NA,Not Distracted,MD,Passenger Car,Moving Constant Speed,40,No,2018,CHEVROLET,EQUINOX,39.09694333,-77.19467,2025,1,17
250001886,Property Damage Crash,01/14/2025 05:54:00 PM,SHADY GROVE RD,NA,Other,Clear,Dry,Medium,Traffic Control Signal,NONE DETECTED,Yes,No Apparent Injury,NA,Not Distracted,MD,Passenger Car,Turning Left,40,No,2021,TOYOTA,HIGHLANDER,39.09694333,-77.19467,2025,1,17
250001883,Property Damage Crash,01/14/2025 05:40:00 PM,NA,NA,Angle,Clear,Dry,Medium,No Controls,NONE DETECTED,No,No Apparent Injury,NA,Not Distracted,MD,Passenger Car,Moving Constant Speed,35,No,2016,HONDA,CIVIC,38.96422909,-77.10281556,2025,1,17
250001883,Property Damage Crash,01/14/2025 05:40:00 PM,NA,NA,Angle,Clear,Dry,Medium,No Controls,NONE DETECTED,No,No Apparent Injury,Failed to Yield Right-of-Way,Unknown,MD,Van - Passenger (&lt;9 Seats),Turning Left,35,No,2017,FORD,TRANSIT,38.96422909,-77.10281556,2025,1,17
250001877,Injury Crash,01/14/2025 05:00:00 PM,TWINBROOK PKWY,NA,Front to Rear,Clear,Dry,Daylight,No Controls,NONE DETECTED,No,Possible Minor Injury,NA,Not Distracted,MD,Sport Utility Vehicle,Slowing or Stopping,35,No,2009,HONDA,PILOT,39.06995625,-77.11397916,2025,1,17
250001877,Injury Crash,01/14/2025 05:00:00 PM,TWINBROOK PKWY,NA,Front to Rear,Clear,Dry,Daylight,No Controls,NONE DETECTED,No,Possible Minor Injury,NA,Unknown,MD,Sport Utility Vehicle,Moving Constant Speed,35,No,2014,HONDA,CR-V,39.06995625,-77.11397916,2025,1,17
250001877,Injury Crash,01/14/2025 05:00:00 PM,TWINBROOK PKWY,NA,Front to Rear,Clear,Dry,Daylight,No Controls,NONE DETECTED,No,No Apparent Injury,NA,Not Distracted,MD,Sport Utility Vehicle,Slowing or Stopping,35,No,2017,HONDA,CR-V,39.06995625,-77.11397916,2025,1,17
250001870,Property Damage Crash,01/14/2025 04:07:00 PM,NA,NA,Other,Clear,NA,Daylight,NA,NONE DETECTED,Yes,No Apparent Injury,Improper Backing,Not Distracted,MD,Single-Unit Truck,Backing,0,No,2022,PIERCE MANUFACTURING,AERIAL,39.10214717,-77.13362567,2025,1,16
250001863,Property Damage Crash,01/14/2025 03:45:00 PM,OLD COLUMBIA PIKE,NA,Angle,Clear,Dry,Daylight,No Controls,NONE DETECTED,Yes,No Apparent Injury,NA,"Other Action (looking away from task, etc.)",MD,Passenger Car,Entering Traffic Lane,35,No,2020,HONDA,ODYSSEY,39.06399233,-76.96542017,2025,1,15
250001863,Property Damage Crash,01/14/2025 03:45:00 PM,OLD COLUMBIA PIKE,NA,Angle,Clear,Dry,Daylight,No Controls,NONE DETECTED,No,No Apparent Injury,NA,Not Distracted,MD,Passenger Car,Moving Constant Speed,35,No,2016,FORD,TRANSIT,39.06399233,-76.96542017,2025,1,15
250001865,Property Damage Crash,01/14/2025 03:42:00 PM,CONNECTICUT AVE,NA,"Sideswipe, Same Direction",Clear,Dry,Daylight,No Controls,NONE DETECTED,No,No Apparent Injury,NA,Not Distracted,MD,Pickup,Moving Constant Speed,35,No,2010,FORD,F-150,39.00424217,-77.0774563,2025,1,15
250001865,Property Damage Crash,01/14/2025 03:42:00 PM,CONNECTICUT AVE,NA,"Sideswipe, Same Direction",Clear,Dry,Daylight,No Controls,NONE DETECTED,Yes,No Apparent Injury,Failed to Yield Right-of-Way,Not Distracted,MD,Van - Cargo,Entering Traffic Lane,35,No,2018,FORD,TRANSIT,39.00424217,-77.0774563,2025,1,15
250001858,Property Damage Crash,01/14/2025 03:37:00 PM,REXMORE DR,NA,"Sideswipe, Same Direction",Clear,Dry,Daylight,Other,NONE DETECTED,Yes,No Apparent Injury,"Operated Motor Vehicle in Inattentive, Careless, Negligent, or Erratic Manner","Other Action (looking away from task, etc.)",MD,Passenger Car,Moving Constant Speed,30,No,2024,TOYOTA,RAV4,39.18464933,-77.265911,2025,1,15
250001852,Property Damage Crash,01/14/2025 03:08:00 PM,NICHOLSON LA,NA,Front to Rear,Clear,Dry,Daylight,Traffic Control Signal,NONE DETECTED,Yes,No Apparent Injury,NA,"Other Action (looking away from task, etc.)",MD,Passenger Car,Moving Constant Speed,30,No,2014,MAZDA,MAZDA3,39.04488363,-77.10706381,2025,1,15
250001852,Property Damage Crash,01/14/2025 03:08:00 PM,NICHOLSON LA,NA,Front to Rear,Clear,Dry,Daylight,Traffic Control Signal,NONE DETECTED,No,No Apparent Injury,NA,Not Distracted,MD,Sport Utility Vehicle,Stopped in Traffic,30,No,2021,TOYOTA,RAV4,39.04488363,-77.10706381,2025,1,15
250001853,Property Damage Crash,01/14/2025 03:04:00 PM,NA,NA,Front to Rear,Clear,Dry,Daylight,No Controls,NONE DETECTED,No,No Apparent Injury,NA,"Other Action (looking away from task, etc.)",MD,Passenger Car,Accelerating,40,No,2014,MERCEDES-BENZ,E-CLASS,39.06977167,-77.2261,2025,1,15
250001853,Property Damage Crash,01/14/2025 03:04:00 PM,NA,NA,Front to Rear,Clear,Dry,Daylight,No Controls,NONE DETECTED,No,No Apparent Injury,NA,Not Distracted,MD,Bus - School,Stopped in Traffic,40,No,2017,THOMAS BUILT,HDX,39.06977167,-77.2261,2025,1,15
250001836,Injury Crash,01/14/2025 01:51:00 PM,COLUMBIA PIKE (SB/L),Pedestrian,Front to Rear,Clear,Dry,Daylight,No Controls,NONE DETECTED,No,No Apparent Injury,NA,Not Distracted,MD,Passenger Car,Stopped in Traffic,55,No,2017,TOYOTA,PRIUS,39.09591365,-76.93798931,2025,1,13
250001836,Injury Crash,01/14/2025 01:51:00 PM,COLUMBIA PIKE (SB/L),Pedestrian,Front to Rear,Clear,Dry,Daylight,No Controls,NONE DETECTED,Yes,No Apparent Injury,Too Fast For Conditions,Not Distracted,MD,Passenger Car,Moving Constant Speed,55,No,2021,HYUNDAI,TUCSON,39.09591365,-76.93798931,2025,1,13
250001819,Property Damage Crash,01/14/2025 12:10:00 PM,NA,NA,Front to Rear,Clear,Dry,Daylight,Lane Use Control Signal,NONE DETECTED,Yes,No Apparent Injury,"Followed Too Closely, Operated Motor Vehicle in Inattentive, Careless, Negligent, or Erratic Manner","Other Action (looking away from task, etc.)",MD,Passenger Car,Moving Constant Speed,30,No,2019,JEEP,GRAND CHEROKEE,39.14628138,-77.04031713,2025,1,12
250001819,Property Damage Crash,01/14/2025 12:10:00 PM,NA,NA,Front to Rear,Clear,Dry,Daylight,Lane Use Control Signal,NONE DETECTED,No,No Apparent Injury,NA,Not Distracted,MD,Passenger Car,Slowing or Stopping,30,No,2023,TOYOTA,HIGHLANDER,39.14628138,-77.04031713,2025,1,12
250001819,Property Damage Crash,01/14/2025 12:10:00 PM,NA,NA,Front to Rear,Clear,Dry,Daylight,Lane Use Control Signal,NONE DETECTED,No,No Apparent Injury,NA,Not Distracted,MD,Passenger Car,Slowing or Stopping,30,No,2019,TOYOTA,COROLLA,39.14628138,-77.04031713,2025,1,12
250001819,Property Damage Crash,01/14/2025 12:10:00 PM,NA,NA,Front to Rear,Clear,Dry,Daylight,Lane Use Control Signal,NONE DETECTED,No,No Apparent Injury,NA,Not Distracted,MD,Passenger Car,Slowing or Stopping,30,No,2014,DODGE,CHARGER,39.14628138,-77.04031713,2025,1,12
250001819,Property Damage Crash,01/14/2025 12:10:00 PM,NA,NA,Front to Rear,Clear,Dry,Daylight,Lane Use Control Signal,NONE DETECTED,No,No Apparent Injury,NA,Not Distracted,MD,Passenger Car,Slowing or Stopping,30,No,2022,TOYOTA,RAV4,39.14628138,-77.04031713,2025,1,12
250001813,Injury Crash,01/14/2025 11:45:00 AM,NA,Pedestrian,Single Vehicle,Clear,NA,Daylight,NA,NONE DETECTED,Yes,No Apparent Injury,NA,"Other Action (looking away from task, etc.)",MD,Pickup,Turning Left,0,No,2014,RAM,1500,39.07407909,-77.13741119,2025,1,11
250001797,Property Damage Crash,01/14/2025 10:17:00 AM,NA,NA,Angle,Clear,Dry,Daylight,Traffic Control Signal,NONE DETECTED,Yes,No Apparent Injury,NA,"Other Action (looking away from task, etc.)",MD,Passenger Car,Moving Constant Speed,40,No,2023,PORSCHE,CAYENNE,39.11562685,-77.16623085,2025,1,10
250001797,Property Damage Crash,01/14/2025 10:17:00 AM,NA,NA,Angle,Clear,Dry,Daylight,Traffic Control Signal,NONE DETECTED,No,No Apparent Injury,NA,Not Distracted,VA,Passenger Car,Moving Constant Speed,40,No,2015,TOYOTA,PRIUS PLUG-IN,39.11562685,-77.16623085,2025,1,10
250001782,Property Damage Crash,01/14/2025 08:50:00 AM,EAST WEST HWY,NA,Front to Rear,Clear,Dry,Daylight,No Controls,NONE DETECTED,No,No Apparent Injury,NA,Not Distracted,MD,Sport Utility Vehicle,Slowing or Stopping,35,No,2022,CHEVROLET,SUBURBAN,38.99401805,-77.03348406,2025,1,8
250001782,Property Damage Crash,01/14/2025 08:50:00 AM,EAST WEST HWY,NA,Front to Rear,Clear,Dry,Daylight,No Controls,NONE DETECTED,Yes,No Apparent Injury,NA,Unknown,MD,Passenger Car,Moving Constant Speed,35,No,2020,HONDA,CIVIC,38.99401805,-77.03348406,2025,1,8