Local Case Number,ACRS Report Type,Crash Date/Time,Road Name,Related Non-Motorist,Collision Type,Weather,Surface Condition,Light,Traffic Control,Driver Substance Abuse,Driver At Fault,Injury Severity,Circumstance,Driver Distracted By,Drivers License State,Vehicle Body Type,Vehicle Movement,Speed Limit,Driverless Vehicle,Vehicle Year,Vehicle Make,Vehicle Model,Latitude,Longitude,Year,Month,Hour
250001629,Injury Crash,01/13/2025 07:00:00 AM,GOSHEN RD,NA,Front to Rear,Clear,Dry,Daylight,No Controls,NONE DETECTED,No,Possible Minor Injury,NA,Not Distracted,MD,Van - Cargo,Stopped in Traffic,35,No,2023,CHEVROLET,EXPRESS,39.1591885,-77.19215967,2025,1,7
250001628,Property Damage Crash,01/13/2025 06:58:00 AM,RIDGE RD,NA,Front to Rear,Clear,Wet,Medium,No Controls,NONE DETECTED,No,No Apparent Injury,NA,Not Distracted,MD,Van - Passenger (&lt;9 Seats),Slowing or Stopping,40,No,2015,FORD,TRANSIT,39.19781791,-77.26325483,2025,1,6
250001628,Property Damage Crash,01/13/2025 06:58:00 AM,RIDGE RD,NA,Front to Rear,Clear,Wet,Medium,No Controls,NONE DETECTED,Yes,No Apparent Injury,Followed Too Closely,Not Distracted,MD,Passenger Car,Moving Constant Speed,40,No,2016,FORD,TAURUS,39.19781791,-77.26325483,2025,1,6
250001627,Injury Crash,01/13/2025 06:45:00 AM,GREAT SENECA HWY,NA,Front to Rear,Clear,Dry,Medium,Traffic Control Signal,NONE DETECTED,No,No Apparent Injury,NA,Not Distracted,MD,Passenger Car,Slowing or Stopping,40,No,2024,VOLKSWAGEN,TIGUAN,39.17408101,-77.26137467,2025,1,6
250001627,Injury Crash,01/13/2025 06:45:00 AM,GREAT SENECA HWY,NA,Front to Rear,Clear,Dry,Medium,Traffic Control Signal,NONE DETECTED,Yes,Possible Minor Injury,Too Fast For Conditions,Unknown,MD,Passenger Car,Slowing or Stopping,40,No,2016,FORD,FOCUS,39.17408101,-77.26137467,2025,1,6
250001623,Property Damage Crash,01/13/2025 03:55:00 AM,ARCOLA AVE,NA,Single Vehicle,Clear,Wet,Dark,No Controls,NONE DETECTED,No,NA,NA,NA,NA,Sport Utility Vehicle,Moving Constant Speed,30,No,2004,TOYOTA,SEQUOIA,39.04695887,-77.03612407,2025,1,3
250001622,Property Damage Crash,01/13/2025 02:02:00 AM,UNIVERSITY BLVD W,NA,Single Vehicle,Clear,Wet,Medium,Flashing Traffic Control Signal,ALCOHOL PRESENT,Yes,No Apparent Injury,NA,Unknown,MD,Passenger Car,Moving Constant Speed,35,No,2024,VOLVO,S60,39.04104579,-77.05290531,2025,1,2
250001620,Property Damage Crash,01/13/2025 12:00:00 AM,BEL PRE RD (EB/L),NA,Single Vehicle,Clear,Dry,Medium,No Controls,DRUG AND ALCOHOL CONTRIBUTED,Yes,No Apparent Injury,"Improper Turn, Operated Motor Vehicle in Inattentive, Careless, Negligent, or Erratic Manner, Operated Motor Vehicle in Reckless or Aggressive Manner, Over-Correcting/Over-Steering, Ran Off Roadway, Too Fast For Conditions",Not Distracted,MD,Passenger Car,Negotiating a Curve,35,No,2024,MAZDA,CX-50,39.09168982,-77.07015793,2025,1,0
250001616,Property Damage Crash,01/12/2025 10:23:00 PM,TOWER OAKS BLVD,NA,Front to Rear,Clear,Dry,Medium,Traffic Control Signal,NONE DETECTED,No,No Apparent Injury,NA,Not Distracted,MD,Van - Passenger (&lt;9 Seats),Moving Constant Speed,40,No,2004,TOYOTA,SIENNA,39.05561716,-77.14926348,2025,1,22
250001616,Property Damage Crash,01/12/2025 10:23:00 PM,TOWER OAKS BLVD,NA,Front to Rear,Clear,Dry,Medium,Traffic Control Signal,NONE DETECTED,No,No Apparent Injury,NA,Not Distracted,MD,Sport Utility Vehicle,Stopped in Traffic,40,No,2016,KIA,SORENTO,39.05561716,-77.14926348,2025,1,22
250001601,Property Damage Crash,01/12/2025 07:49:00 PM,COLUMBIA PIKE,NA,Front to Rear,Clear,Dry,Medium,No Controls,NONE DETECTED,No,No Apparent Injury,NA,Not Distracted,MD,Passenger Car,Moving Constant Speed,50,No,2014,FORD,FUSION,39.05656817,-76.97055383,2025,1,19
250001601,Property Damage Crash,01/12/2025 07:49:00 PM,COLUMBIA PIKE,NA,Front to Rear,Clear,Dry,Medium,No Controls,ALCOHOL PRESENT,No,No Apparent Injury,NA,"Other Action (looking away from task, etc.)",MD,Passenger Car,Moving Constant Speed,50,No,2020,TOYOTA,CAMRY,39.05656817,-76.97055383,2025,1,19
250001598,Property Damage Crash,01/12/2025 07:15:00 PM,ROCKVILLE PIKE,NA,Front to Rear,Clear,Dry,Dark,No Controls,NONE DETECTED,No,No Apparent Injury,Followed Too Closely,Unknown,OH,Pickup,Moving Constant Speed,35,No,2017,NISSAN,FRONTIER,39.00856848,-77.09736379,2025,1,19
250001598,Property Damage Crash,01/12/2025 07:15:00 PM,ROCKVILLE PIKE,NA,Front to Rear,Clear,Dry,Dark,No Controls,NONE DETECTED,No,No Apparent Injury,NA,Not Distracted,MD,Passenger Car,Slowing or Stopping,35,No,2005,TOYOTA,CAMRY,39.00856848,-77.09736379,2025,1,19
250001586,Property Damage Crash,01/12/2025 05:45:00 PM,W DIAMOND AVE (WB/L),NA,Front to Rear,Cloudy,Dry,Medium,No Controls,NONE DETECTED,No,No Apparent Injury,NA,Not Distracted,MD,Passenger Car,Slowing or Stopping,35,No,2023,TOYOTA,SIENNA,39.14054025,-77.2101416,2025,1,17
250001586,Property Damage Crash,01/12/2025 05:45:00 PM,W DIAMOND AVE (WB/L),NA,Front to Rear,Cloudy,Dry,Medium,No Controls,NONE DETECTED,Yes,No Apparent Injury,"Followed Too Closely, Too Fast For Conditions",Unknown,MD,Passenger Car,Moving Constant Speed,35,No,2009,BMW,535I,39.14054025,-77.2101416,2025,1,17
250001572,Injury Crash,01/12/2025 05:00:00 PM,NA,NA,Single Vehicle,Clear,Wet,Daylight,No Controls,NONE DETECTED,Yes,Possible Minor Injury,Ran Off Roadway,Not Distracted,MD,Passenger Car,Moving Constant Speed,35,No,2021,MAZDA,CX-5,39.108527,-77.07173217,2025,1,17
250001588,Property Damage Crash,01/12/2025 04:49:00 PM,GLENHURST CT,NA,Rear To Side,Clear,Wet,Dark,No Controls,NONE DETECTED,No,NA,NA,NA,NA,Van - Passenger (&lt;9 Seats),Backing,25,No,2021,FORD,TRANSIT,39.08180573,-77.27895783,2025,1,16
250001569,Property Damage Crash,01/12/2025 04:30:00 PM,N SUMMIT AVE,NA,Angle,Clear,Dry,Medium,No Controls,NONE DETECTED,Yes,No Apparent Injury,Failed to Yield Right-of-Way,Unknown,MD,Sport Utility Vehicle,Entering Traffic Lane,15,No,2022,HONDA,CR-V,39.14271582,-77.19331155,2025,1,16
250001569,Property Damage Crash,01/12/2025 04:30:00 PM,N SUMMIT AVE,NA,Angle,Clear,Dry,Medium,No Controls,NONE DETECTED,No,No Apparent Injury,NA,Not Distracted,MD,Passenger Car,Moving Constant Speed,25,No,2011,HONDA,ACCORD,39.14271582,-77.19331155,2025,1,16
250001567,Injury Crash,01/12/2025 03:53:00 PM,GERMANTOWN RD (SB/L),NA,Angle,Clear,Dry,Daylight,Traffic Control Signal,NONE DETECTED,Yes,No Apparent Injury,Ran Red Light,Unknown,MD,Passenger Car,Moving Constant Speed,45,No,2017,LAND ROVER,RANGE ROVER SPORT,39.18210736,-77.26023656,2025,1,15
250001567,Injury Crash,01/12/2025 03:53:00 PM,GERMANTOWN RD (SB/L),NA,Angle,Clear,Dry,Daylight,Traffic Control Signal,NONE DETECTED,No,Possible Minor Injury,NA,Not Distracted,MD,Passenger Car,Turning Left,25,No,2015,VOLKSWAGEN,JETTA,39.18210736,-77.26023656,2025,1,15
250001564,Injury Crash,01/12/2025 03:40:00 PM,CHRISTOPHER AVE (SB/L),Pedestrian,Single Vehicle,Clear,Dry,Daylight,No Controls,NONE DETECTED,No,NA,NA,NA,NA,Sport Utility Vehicle,Moving Constant Speed,30,No,0,NA,NA,39.15636366,-77.21479688,2025,1,15
250001560,Property Damage Crash,01/12/2025 03:35:00 PM,NEW HAMPSHIRE AVE,NA,Front to Rear,Clear,Dry,Daylight,No Controls,NONE DETECTED,No,No Apparent Injury,NA,Not Distracted,MD,Passenger Car,Moving Constant Speed,35,No,2002,HYUNDAI,ELANTRA,39.01388801,-76.97823902,2025,1,15
250001560,Property Damage Crash,01/12/2025 03:35:00 PM,NEW HAMPSHIRE AVE,NA,Front to Rear,Clear,Dry,Daylight,No Controls,NONE DETECTED,No,NA,NA,NA,NA,NA,Moving Constant Speed,35,No,0,NA,NA,39.01388801,-76.97823902,2025,1,15
250001565,Property Damage Crash,01/12/2025 03:30:00 PM,FREDERICK RD (SB/L),NA,"Sideswipe, Same Direction",Clear,Wet,Daylight,No Controls,NONE DETECTED,No,No Apparent Injury,NA,Not Distracted,MD,Passenger Car,Turning Right,35,No,2017,SUBARU,IMPREZA,39.1069573,-77.15883436,2025,1,15
250001565,Property Damage Crash,01/12/2025 03:30:00 PM,FREDERICK RD (SB/L),NA,"Sideswipe, Same Direction",Clear,Wet,Daylight,No Controls,NONE DETECTED,No,No Apparent Injury,NA,Not Distracted,MD,Bus - Transit,Moving Constant Speed,35,No,2017,GILLIG,LOW FLOOR BUS,39.1069573,-77.15883436,2025,1,15
250001559,Property Damage Crash,01/12/2025 03:24:00 PM,HENDERSON CORNER RD (NB/L),NA,Other,Clear,Dry,Daylight,Flashing Traffic Control Signal,NONE DETECTED,No,No Apparent Injury,NA,Unknown,XX,Passenger Car,Accelerating,35,No,2008,FORD,EDGE,39.20353173,-77.24413247,2025,1,15
250001559,Property Damage Crash,01/12/2025 03:24:00 PM,HENDERSON CORNER RD (NB/L),NA,Other,Clear,Dry,Daylight,Flashing Traffic Control Signal,NONE DETECTED,Yes,No Apparent Injury,NA,Unknown,MD,Passenger Car,Moving Constant Speed,35,No,2014,FORD,FUSION,39.20353173,-77.24413247,2025,1,15
250001563,Property Damage Crash,01/12/2025 03:06:00 PM,VEIRS MILL RD (WB/L),NA,"Sideswipe, Opposite Direction",Clear,Dry,Daylight,No Controls,NONE DETECTED,No,No Apparent Injury,NA,Not Distracted,MD,Passenger Car,Moving Constant Speed,35,No,2006,LEXUS,UNKNOWN,39.07519665,-77.11615738,2025,1,15
250001563,Property Damage Crash,01/12/2025 03:06:00 PM,VEIRS MILL RD (WB/L),NA,"Sideswipe, Opposite Direction",Clear,Dry,Daylight,No Controls,NONE DETECTED,No,NA,NA,NA,NA,NA,Moving Constant Speed,35,No,0,NA,NA,39.07519665,-77.11615738,2025,1,15
250001557,Property Damage Crash,01/12/2025 02:10:00 PM,NA,NA,Front to Rear,Clear,NA,Daylight,NA,NONE DETECTED,Yes,No Apparent Injury,"Failed to Yield Right-of-Way, Improper Backing",Unknown,NA,Passenger Car,Backing,0,No,2013,TOYOTA,CAMRY,39.03561546,-77.05644786,2025,1,14
250001557,Property Damage Crash,01/12/2025 02:10:00 PM,NA,NA,Front to Rear,Clear,NA,Daylight,NA,NONE DETECTED,No,No Apparent Injury,NA,Not Distracted,MD,Passenger Car,Moving Constant Speed,0,No,2015,HONDA,CIVIC,39.03561546,-77.05644786,2025,1,14
250001541,Property Damage Crash,01/12/2025 01:05:00 PM,NA,NA,Angle,Clear,NA,Daylight,NA,NONE DETECTED,Yes,No Apparent Injury,Failed to Yield Right-of-Way,Not Distracted,MD,Passenger Car,Accelerating,0,No,2016,CHEVROLET,EQUINOX,39.20021,-77.24831667,2025,1,13
250001541,Property Damage Crash,01/12/2025 01:05:00 PM,NA,NA,Angle,Clear,NA,Daylight,NA,NONE DETECTED,No,No Apparent Injury,NA,Not Distracted,MD,Passenger Car,Moving Constant Speed,0,No,2018,HONDA,CIVIC,39.20021,-77.24831667,2025,1,13
250001544,Injury Crash,01/12/2025 01:00:00 PM,CABIN JOHN PKWY,NA,Front to Rear,Clear,Dry,Daylight,No Controls,NONE DETECTED,No,Possible Minor Injury,NA,Not Distracted,CT,Passenger Car,Negotiating a Curve,55,No,2009,VOLVO,XC90,38.9719455,-77.14826233,2025,1,13
250001544,Injury Crash,01/12/2025 01:00:00 PM,CABIN JOHN PKWY,NA,Front to Rear,Clear,Dry,Daylight,No Controls,NONE DETECTED,No,Possible Minor Injury,NA,Not Distracted,DC,Passenger Car,Negotiating a Curve,55,No,2021,BMW,330E,38.9719455,-77.14826233,2025,1,13
250001540,Injury Crash,01/12/2025 12:50:00 PM,NA,NA,Front to Rear,Clear,Dry,Daylight,Traffic Control Signal,NONE DETECTED,No,No Apparent Injury,NA,Not Distracted,MD,Van - Passenger (&lt;9 Seats),Slowing or Stopping,25,No,2016,HONDA,ODYSSEY,39.19818183,-77.2452045,2025,1,12
250001540,Injury Crash,01/12/2025 12:50:00 PM,NA,NA,Front to Rear,Clear,Dry,Daylight,Traffic Control Signal,NONE DETECTED,Yes,No Apparent Injury,Followed Too Closely,Not Distracted,MD,Passenger Car,Accelerating,25,No,2015,CHEVROLET,CRUZE,39.19818183,-77.2452045,2025,1,12
250001528,Property Damage Crash,01/12/2025 11:00:00 AM,NA,NA,"Sideswipe, Opposite Direction",Clear,NA,Daylight,NA,NONE DETECTED,No,NA,NA,NA,NA,Passenger Car,Moving Constant Speed,0,No,2019,GENESIS,G80,38.96833562,-77.11018125,2025,1,11
250001522,Property Damage Crash,01/12/2025 11:00:00 AM,GIBSON PL #1,NA,Front to Rear,Clear,Wet,Daylight,No Controls,NONE DETECTED,No,No Apparent Injury,NA,Unknown,MD,Passenger Car,Backing,25,No,2017,FORD,EXPLORER,39.11829267,-77.209549,2025,1,11
250001536,Property Damage Crash,01/12/2025 10:44:00 AM,BIG BEAR CT,NA,Single Vehicle,Clear,Wet,Daylight,No Controls,NONE DETECTED,No,No Apparent Injury,NA,Not Distracted,MD,Sport Utility Vehicle,Moving Constant Speed,35,No,2010,LEXUS,GX,39.0903319,-77.05521271,2025,1,10
250001520,Injury Crash,01/12/2025 10:20:00 AM,NA,NA,Angle,Clear,Dry,Daylight,Traffic Control Signal,NONE DETECTED,No,Possible Minor Injury,NA,Not Distracted,MD,Sport Utility Vehicle,Turning Left,25,No,2021,BUICK,ENCORE GX,39.11564186,-77.16616572,2025,1,10
250001520,Injury Crash,01/12/2025 10:20:00 AM,NA,NA,Angle,Clear,Dry,Daylight,Traffic Control Signal,NONE DETECTED,No,No Apparent Injury,NA,Not Distracted,MD,Sport Utility Vehicle,Moving Constant Speed,35,No,2017,TOYOTA,SIENNA,39.11564186,-77.16616572,2025,1,10
250001520,Injury Crash,01/12/2025 10:20:00 AM,NA,NA,Angle,Clear,Dry,Daylight,Traffic Control Signal,NONE DETECTED,No,No Apparent Injury,NA,Not Distracted,MD,Passenger Car,Moving Constant Speed,35,No,2021,TOYOTA,COROLLA,39.11564186,-77.16616572,2025,1,10
250001516,Property Damage Crash,01/12/2025 10:00:00 AM,KINGS VALLEY RD,NA,Front to Front,Snow,Snow,Daylight,No Controls,NONE DETECTED,Yes,No Apparent Injury,"Swerved or Avoided Due to Wind, Slippery Surface, Motor Vehicle, Object, Non-Motorist in Roadway, etc",Not Distracted,MD,Sport Utility Vehicle,Moving Constant Speed,20,No,2023,KIA,CARNIVAL,39.26900861,-77.23493413,2025,1,10
250001516,Property Damage Crash,01/12/2025 10:00:00 AM,KINGS VALLEY RD,NA,Front to Front,Snow,Snow,Daylight,No Controls,NONE DETECTED,No,No Apparent Injury,Too Fast For Conditions,Not Distracted,MD,Passenger Car,Moving Constant Speed,20,No,2009,HONDA,ACCORD,39.26900861,-77.23493413,2025,1,10
250001517,Property Damage Crash,01/12/2025 09:51:00 AM,METRORAIL TRACK B1 RAIL,NA,"Sideswipe, Opposite Direction",Clear,Dry,Daylight,No Controls,NONE DETECTED,Yes,No Apparent Injury,Failed to Yield Right-of-Way,Unknown,MD,Passenger Car,Entering Traffic Lane,35,No,2019,TOYOTA,CAMRY,39.01083071,-77.04102713,2025,1,9
250001517,Property Damage Crash,01/12/2025 09:51:00 AM,METRORAIL TRACK B1 RAIL,NA,"Sideswipe, Opposite Direction",Clear,Dry,Daylight,No Controls,NONE DETECTED,No,No Apparent Injury,NA,Not Distracted,MD,Passenger Car,Moving Constant Speed,35,No,2009,TOYOTA,PRIUS,39.01083071,-77.04102713,2025,1,9
250001593,Property Damage Crash,01/12/2025 09:30:00 AM,NA,NA,Other,Clear,NA,Daylight,NA,NONE DETECTED,No,NA,NA,NA,NA,Pickup,Backing,0,No,2015,FORD,F-150,39.02550147,-77.07011102,2025,1,9
250001507,Property Damage Crash,01/12/2025 08:30:00 AM,CABIN JOHN PKWY (SB/L),NA,Single Vehicle,Clear,Ice/Frost,Daylight,No Controls,NONE DETECTED,Yes,No Apparent Injury,NA,Not Distracted,MD,Passenger Car,Moving Constant Speed,35,No,2005,TOYOTA,PRIUS,38.97057583,-77.14717183,2025,1,8
250001500,Injury Crash,01/12/2025 06:36:00 AM,NA,NA,Single Vehicle,Snow,Snow,Medium,No Controls,NONE DETECTED,No,Possible Minor Injury,NA,Not Distracted,MD,Passenger Car,Moving Constant Speed,40,No,2013,HYUNDAI,SANTA FE,39.16834,-77.35987167,2025,1,6
250001499,Property Damage Crash,01/12/2025 05:45:00 AM,NEW HAMPSHIRE AVE,NA,Front to Rear,Clear,Dry,Dark,No Controls,NONE DETECTED,No,NA,"Followed Too Closely, Operated Motor Vehicle in Reckless or Aggressive Manner, Too Fast For Conditions",NA,NA,Pickup,Moving Constant Speed,40,No,2018,TOYOTA,TACOMA,39.05456296,-76.99478117,2025,1,5
250001499,Property Damage Crash,01/12/2025 05:45:00 AM,NEW HAMPSHIRE AVE,NA,Front to Rear,Clear,Dry,Dark,No Controls,NONE DETECTED,No,No Apparent Injury,NA,Not Distracted,MD,Passenger Car,Moving Constant Speed,40,No,2018,TOYOTA,RAV4,39.05456296,-76.99478117,2025,1,5
250001496,Property Damage Crash,01/12/2025 04:27:00 AM,NA,NA,Rear To Side,Clear,Dry,Medium,Flashing Traffic Control Signal,NONE DETECTED,No,No Apparent Injury,NA,Not Distracted,TX,Passenger Car,Moving Constant Speed,30,No,2018,NISSAN,ALTIMA,39.14939334,-77.01235818,2025,1,4
250001496,Property Damage Crash,01/12/2025 04:27:00 AM,NA,NA,Rear To Side,Clear,Dry,Medium,Flashing Traffic Control Signal,NONE DETECTED,Yes,No Apparent Injury,"Failed to Yield Right-of-Way, Ran Red Light",Not Distracted,MD,Passenger Car,Moving Constant Speed,30,No,2014,TOYOTA,COROLLA,39.14939334,-77.01235818,2025,1,4
250001495,Property Damage Crash,01/12/2025 03:22:00 AM,NA,NA,Angle,Clear,Dry,Medium,Flashing Traffic Control Signal,NONE DETECTED,Yes,No Apparent Injury,NA,"Other Action (looking away from task, etc.)",MD,Passenger Car,Turning Left,35,No,2019,MINI,HARDTOP,39.13280733,-77.12150433,2025,1,3
250001495,Property Damage Crash,01/12/2025 03:22:00 AM,NA,NA,Angle,Clear,Dry,Medium,Flashing Traffic Control Signal,NONE DETECTED,No,No Apparent Injury,NA,Not Distracted,MD,Passenger Car,Moving Constant Speed,35,No,2016,NISSAN,ROGUE,39.13280733,-77.12150433,2025,1,3
250001492,Property Damage Crash,01/12/2025 03:10:00 AM,W DIAMOND AVE (WB/L),NA,Front to Rear,Clear,Dry,Dark,Flashing Traffic Control Signal,NONE DETECTED,No,No Apparent Injury,NA,Not Distracted,MD,Passenger Car,Moving Constant Speed,35,No,2024,ACURA,INTEGRA,39.140643,-77.21032283,2025,1,3
250001492,Property Damage Crash,01/12/2025 03:10:00 AM,W DIAMOND AVE (WB/L),NA,Front to Rear,Clear,Dry,Dark,Flashing Traffic Control Signal,NONE DETECTED,No,No Apparent Injury,"Followed Too Closely, Operated Motor Vehicle in Inattentive, Careless, Negligent, or Erratic Manner, Operated Motor Vehicle in Reckless or Aggressive Manner, Other Improper Action",Unknown,NA,Unknown,Moving Constant Speed,35,No,0,NA,NA,39.140643,-77.21032283,2025,1,3
250001488,Injury Crash,01/12/2025 01:26:00 AM,SUNDOWN RD,NA,Single Vehicle,Clear,Other,Dark,No Controls,NONE DETECTED,Yes,Suspected Serious Injury,NA,Unknown,MD,Passenger Car,Moving Constant Speed,50,No,2014,BUICK,REGAL,39.2184515,-77.10303767,2025,1,1
250001484,Property Damage Crash,01/12/2025 12:47:00 AM,NEW HAMPSHIRE AVE,NA,Single Vehicle,Snow,Snow,Medium,Traffic Control Signal,ALCOHOL PRESENT,Yes,No Apparent Injury,"Operated Motor Vehicle in Inattentive, Careless, Negligent, or Erratic Manner, Ran Off Roadway",Not Distracted,MD,Sport Utility Vehicle,Turning Left,30,No,2019,JEEP,RENEGADE,39.108744,-76.99801217,2025,1,0
250001482,Injury Crash,01/12/2025 12:12:00 AM,PERSIMMON TREE RD,NA,Single Vehicle,Clear,Ice/Frost,Dark,No Controls,NONE DETECTED,No,Possible Minor Injury,Ran Off Roadway,Not Distracted,MD,Sport Utility Vehicle,Moving Constant Speed,35,No,2019,MERCEDES-BENZ,GLC-CLASS,38.98904223,-77.17894978,2025,1,0
250001481,Property Damage Crash,01/12/2025 12:07:00 AM,RANDOLPH RD,NA,Front to Rear,Snow,Ice/Frost,Medium,No Controls,NONE DETECTED,No,No Apparent Injury,NA,Not Distracted,MD,Passenger Car,Turning Right,35,No,2016,TOYOTA,CAMRY,39.05661395,-77.08168363,2025,1,0
250001481,Property Damage Crash,01/12/2025 12:07:00 AM,RANDOLPH RD,NA,Front to Rear,Snow,Ice/Frost,Medium,No Controls,NONE DETECTED,Yes,No Apparent Injury,Followed Too Closely,Not Distracted,MD,Sport Utility Vehicle,Moving Constant Speed,35,No,2013,LEXUS,RX,39.05661395,-77.08168363,2025,1,0
250001479,Injury Crash,01/11/2025 11:19:00 PM,COLESVILLE RD,Cyclist (Electric),Single Vehicle,Clear,Wet,Medium,Traffic Control Signal,NONE DETECTED,No,No Apparent Injury,"Disregarded Other Traffic Sign, Failed to Yield Right-of-Way, Improper Turn, Operated Motor Vehicle in Inattentive, Careless, Negligent, or Erratic Manner, Operated Motor Vehicle in Reckless or Aggressive Manner, Other Improper Action",Unknown,MD,Passenger Car,Turning Left,25,No,2007,HONDA,CIVIC,39.00771995,-77.02000751,2025,1,23
250001477,Property Damage Crash,01/11/2025 11:05:00 PM,FALLS RD,NA,Single Vehicle,Clear,Snow,Dark,No Controls,NONE DETECTED,No,No Apparent Injury,Too Fast For Conditions,Not Distracted,MD,Sport Utility Vehicle,Moving Constant Speed,35,No,2012,NISSAN,ROGUE,39.021859,-77.207531,2025,1,23
250001475,Injury Crash,01/11/2025 10:10:00 PM,E RANDOLPH RD,NA,Single Vehicle,Clear,Snow,Dark,No Controls,NONE DETECTED,No,Suspected Serious Injury,NA,Unknown,MD,Passenger Car,Moving Constant Speed,40,No,2009,TOYOTA,RAV4,39.0652685,-76.97882683,2025,1,22
250001473,Property Damage Crash,01/11/2025 10:04:00 PM,NICHOLSON LA,NA,Single Vehicle,Snow,Ice/Frost,Medium,No Controls,NONE DETECTED,No,No Apparent Injury,"Ran Off Roadway, Too Fast For Conditions",Not Distracted,MD,Passenger Car,Moving Constant Speed,35,No,2025,HYUNDAI,ELANTRA N,39.04547319,-77.10493324,2025,1,22
250001469,Injury Crash,01/11/2025 09:46:00 PM,RANDOLPH RD (WB/L),NA,Angle,Clear,Dry,Medium,Traffic Control Signal,NONE DETECTED,Yes,No Apparent Injury,NA,Unknown,NA,Passenger Car,Moving Constant Speed,35,No,2001,TOYOTA,CAMRY,39.05749015,-77.07779487,2025,1,21
250001469,Injury Crash,01/11/2025 09:46:00 PM,RANDOLPH RD (WB/L),NA,Angle,Clear,Dry,Medium,Traffic Control Signal,NONE DETECTED,No,Possible Minor Injury,NA,Not Distracted,MD,Passenger Car,Turning Left,35,No,2007,HONDA,FIT,39.05749015,-77.07779487,2025,1,21
250001448,Property Damage Crash,01/11/2025 07:07:00 PM,SHADOW OAK DR,NA,Single Vehicle,Snow,Ice/Frost,Dark,No Controls,NONE DETECTED,Yes,No Apparent Injury,Too Fast For Conditions,Not Distracted,MD,Passenger Car,Negotiating a Curve,25,No,2025,TESLA,MODEL Y,39.1865395,-77.2028555,2025,1,19
250001447,Injury Crash,01/11/2025 07:03:00 PM,VEIRS MILL RD (WB/L),NA,Front to Rear,Clear,Dry,Medium,No Controls,NONE DETECTED,No,Possible Minor Injury,NA,Not Distracted,MD,Passenger Car,Moving Constant Speed,35,No,2016,NISSAN,SENTRA,39.07695084,-77.12281504,2025,1,19
250001447,Injury Crash,01/11/2025 07:03:00 PM,VEIRS MILL RD (WB/L),NA,Front to Rear,Clear,Dry,Medium,No Controls,NONE DETECTED,No,No Apparent Injury,NA,Unknown,MD,Passenger Car,Accelerating,35,No,2014,FORD,ESCAPE,39.07695084,-77.12281504,2025,1,19
250001451,Property Damage Crash,01/11/2025 07:00:00 PM,RIPPLING BROOK DR,NA,Angle,Clear,Dry,Medium,No Controls,NONE DETECTED,No,NA,NA,Unknown,NA,Passenger Car,Moving Constant Speed,20,No,0,NA,NA,39.08910748,-77.05359422,2025,1,19
250001451,Property Damage Crash,01/11/2025 07:00:00 PM,RIPPLING BROOK DR,NA,Angle,Clear,Dry,Medium,No Controls,NONE DETECTED,Yes,No Apparent Injury,Failed to Yield Right-of-Way,Unknown,MD,Passenger Car,Turning Left,20,No,2019,HYUNDAI,ELANTRA,39.08910748,-77.05359422,2025,1,19
250001442,Property Damage Crash,01/11/2025 05:30:00 PM,NA,NA,"Sideswipe, Same Direction",Clear,Ice/Frost,Medium,No Controls,NONE DETECTED,No,NA,NA,NA,NA,Van - Passenger (&lt;9 Seats),Parked,30,No,2011,CHEVROLET,EXPRESS,39.16189162,-77.21433095,2025,1,17
250001442,Property Damage Crash,01/11/2025 05:30:00 PM,NA,NA,"Sideswipe, Same Direction",Clear,Ice/Frost,Medium,No Controls,ALCOHOL PRESENT,Yes,No Apparent Injury,NA,Unknown,MD,Other Trucks,Moving Constant Speed,30,No,2009,CHEVROLET,EXPRESS,39.16189162,-77.21433095,2025,1,17