Local Case Number,ACRS Report Type,Crash Date/Time,Road Name,Related Non-Motorist,Collision Type,Weather,Surface Condition,Light,Traffic Control,Driver Substance Abuse,Driver At Fault,Injury Severity,Circumstance,Driver Distracted By,Drivers License State,Vehicle Body Type,Vehicle Movement,Speed Limit,Driverless Vehicle,Vehicle Year,Vehicle Make,Vehicle Model,Latitude,Longitude,Year,Month,Hour
250001436,Property Damage Crash,01/11/2025 04:52:00 PM,GLENMONT CIR #1,NA,Single Vehicle,Snow,Snow,Daylight,Traffic Control Signal,NONE DETECTED,Yes,No Apparent Injury,Failed to Keep in Proper Lane,"Other Action (looking away from task, etc.)",VA,Passenger Car,Moving Constant Speed,40,No,2015,TOYOTA,CAMRY,39.05918491,-77.04777446,2025,1,16
250001433,Property Damage Crash,01/11/2025 04:50:00 PM,MONTGOMERY VILLAGE AVE (SB/L),NA,Front to Front,Cloudy,Wet,Medium,Traffic Control Signal,NONE DETECTED,No,No Apparent Injury,NA,Not Distracted,MD,Passenger Car,Moving Constant Speed,35,No,2016,TOYOTA,COROLLA,39.17268117,-77.20379483,2025,1,16
250001433,Property Damage Crash,01/11/2025 04:50:00 PM,MONTGOMERY VILLAGE AVE (SB/L),NA,Front to Front,Cloudy,Wet,Medium,Traffic Control Signal,NONE DETECTED,No,No Apparent Injury,"Failed to Yield Right-of-Way, Improper Turn",Not Distracted,MD,Passenger Car,Turning Left,35,No,2017,HYUNDAI,ACCENT,39.17268117,-77.20379483,2025,1,16
250001427,Injury Crash,01/11/2025 04:17:00 PM,N SUMMIT AVE,NA,Front to Front,Clear,Dry,Daylight,No Controls,NONE DETECTED,Yes,No Apparent Injury,"Failed to Yield Right-of-Way, Improper Turn",Talking/listening,NA,Station Wagon,Turning Left,30,No,2017,VOLVO,V60,39.14322593,-77.19318346,2025,1,16
250001427,Injury Crash,01/11/2025 04:17:00 PM,N SUMMIT AVE,NA,Front to Front,Clear,Dry,Daylight,No Controls,NONE DETECTED,No,No Apparent Injury,NA,Not Distracted,MD,Sport Utility Vehicle,Stopped in Traffic,30,No,2019,MERCEDES-BENZ,GLC-CLASS,39.14322593,-77.19318346,2025,1,16
250001427,Injury Crash,01/11/2025 04:17:00 PM,N SUMMIT AVE,NA,Front to Front,Clear,Dry,Daylight,No Controls,NONE DETECTED,No,Possible Minor Injury,NA,Not Distracted,MD,Station Wagon,Moving Constant Speed,30,No,2012,TOYOTA,SCION XB,39.14322593,-77.19318346,2025,1,16
250001422,Property Damage Crash,01/11/2025 03:10:00 PM,OLD BONIFANT RD,NA,Front to Front,Clear,Dry,Daylight,No Controls,NONE DETECTED,No,No Apparent Injury,NA,Not Distracted,MD,Passenger Car,Moving Constant Speed,35,No,2008,HONDA,FIT,39.09391767,-77.00551483,2025,1,15
250001422,Property Damage Crash,01/11/2025 03:10:00 PM,OLD BONIFANT RD,NA,Front to Front,Clear,Dry,Daylight,No Controls,NONE DETECTED,Yes,No Apparent Injury,NA,Not Distracted,MD,Passenger Car,Turning Left,35,No,2016,TOYOTA,CAMRY,39.09391767,-77.00551483,2025,1,15
250001418,Property Damage Crash,01/11/2025 03:10:00 PM,MARYLAND AVE,NA,Angle,Clear,Dry,Daylight,Stop Sign,NONE DETECTED,No,No Apparent Injury,NA,Not Distracted,MD,Sport Utility Vehicle,Moving Constant Speed,30,No,2015,TOYOTA,HIGHLANDER,39.14492541,-77.20263626,2025,1,15
250001418,Property Damage Crash,01/11/2025 03:10:00 PM,MARYLAND AVE,NA,Angle,Clear,Dry,Daylight,Stop Sign,NONE DETECTED,Yes,No Apparent Injury,NA,Not Distracted,MD,Sport Utility Vehicle,Turning Left,30,No,2003,MERCEDES-BENZ,M-CLASS,39.14492541,-77.20263626,2025,1,15
250001420,Property Damage Crash,01/11/2025 03:10:00 PM,NA,NA,Rear To Side,Clear,NA,Daylight,NA,NONE DETECTED,No,NA,NA,NA,NA,Passenger Car,Backing,0,No,2011,HONDA,ODYSSEY,39.05700627,-77.08230338,2025,1,15
250001416,Property Damage Crash,01/11/2025 02:05:00 PM,HALPINE RD,NA,Front to Rear,Clear,Slush,Daylight,Traffic Control Signal,NONE DETECTED,Yes,No Apparent Injury,"Followed Too Closely, Too Fast For Conditions",Unknown,MD,Passenger Car,Overtaking/Passing,25,No,2022,HYUNDAI,TUCSON,39.06187125,-77.1238916,2025,1,14
250001416,Property Damage Crash,01/11/2025 02:05:00 PM,HALPINE RD,NA,Front to Rear,Clear,Slush,Daylight,Traffic Control Signal,NONE DETECTED,No,No Apparent Injury,NA,Not Distracted,MD,Passenger Car,Slowing or Stopping,25,No,2015,KIA,OPTIMA,39.06187125,-77.1238916,2025,1,14
250001389,Property Damage Crash,01/11/2025 12:09:00 PM,NA,NA,Angle,Clear,NA,Daylight,NA,NONE DETECTED,Yes,No Apparent Injury,Improper Backing,Not Distracted,MD,Other,Backing,0,No,2020,FREIGHTLINER,M2,39.17508173,-77.20187925,2025,1,12
250001390,Property Damage Crash,01/11/2025 11:39:00 AM,GREAT FALLS RD,NA,Single Vehicle,Snow,Slush,Daylight,No Controls,NONE DETECTED,No,No Apparent Injury,NA,Unknown,MD,Passenger Car,Moving Constant Speed,15,No,2004,INFINITI,G35,39.0766692,-77.16273031,2025,1,11
250001378,Property Damage Crash,01/11/2025 10:42:00 AM,ELMCROFT BLVD,NA,Angle,Snow,Wet,Daylight,No Controls,NONE DETECTED,No,No Apparent Injury,NA,Not Distracted,MD,Passenger Car,Moving Constant Speed,35,No,2021,SUBARU,CROSSTREK,39.11461923,-77.16708669,2025,1,10
250001378,Property Damage Crash,01/11/2025 10:42:00 AM,ELMCROFT BLVD,NA,Angle,Snow,Wet,Daylight,Stop Sign,NONE DETECTED,No,NA,NA,NA,NA,Passenger Car,Accelerating,25,No,2023,NISSAN,SENTRA,39.11461923,-77.16708669,2025,1,10
250001372,Property Damage Crash,01/11/2025 09:53:00 AM,BEL PRE RD (EB/L),NA,Angle,Snow,Wet,Daylight,Traffic Control Signal,NONE DETECTED,No,No Apparent Injury,NA,Not Distracted,MD,Sport Utility Vehicle,Moving Constant Speed,35,No,2024,BMW,X3,39.09060461,-77.04492007,2025,1,9
250001372,Property Damage Crash,01/11/2025 09:53:00 AM,BEL PRE RD (EB/L),NA,Angle,Snow,Wet,Daylight,Traffic Control Signal,NONE DETECTED,Yes,No Apparent Injury,NA,Not Distracted,MD,Passenger Car,Slowing or Stopping,35,No,2019,FORD,FUSION,39.09060461,-77.04492007,2025,1,9
250001370,Property Damage Crash,01/11/2025 09:40:00 AM,SAINT IVES PL,NA,Rear To Rear,Clear,Snow,Daylight,No Controls,NONE DETECTED,Yes,No Apparent Injury,NA,Unknown,MD,Pickup,Backing,25,No,2023,FORD,F-350,39.14713924,-77.17824608,2025,1,9
250001370,Property Damage Crash,01/11/2025 09:40:00 AM,SAINT IVES PL,NA,Rear To Rear,Clear,Snow,Daylight,No Controls,NONE DETECTED,No,No Apparent Injury,NA,Not Distracted,MD,Passenger Car,Stopped in Traffic,25,No,2019,FORD,F-150,39.14713924,-77.17824608,2025,1,9
250001361,Injury Crash,01/11/2025 06:20:00 AM,GERMANTOWN RD (SB/L),NA,Angle,Clear,Snow,Medium,Traffic Control Signal,NONE DETECTED,Yes,No Apparent Injury,Too Fast For Conditions,Not Distracted,MD,Other Trucks,Slowing or Stopping,40,No,2001,FREIGHTLINER,FL80,39.1630015,-77.2830195,2025,1,6
250001361,Injury Crash,01/11/2025 06:20:00 AM,GERMANTOWN RD (SB/L),NA,Angle,Clear,Snow,Medium,Traffic Control Signal,NONE DETECTED,No,Possible Minor Injury,NA,Not Distracted,MD,Passenger Car,Turning Left,40,No,2022,TESLA,MODEL Y,39.1630015,-77.2830195,2025,1,6
250001357,Property Damage Crash,01/11/2025 05:15:00 AM,ROSEBUSH LA,NA,"Sideswipe, Same Direction",Snow,Snow,Medium,No Controls,NONE DETECTED,No,No Apparent Injury,NA,Not Distracted,NA,Passenger Car,Parked,25,No,2016,VOLVO,XC70,39.09652517,-77.1881519,2025,1,5
250001357,Property Damage Crash,01/11/2025 05:15:00 AM,ROSEBUSH LA,NA,"Sideswipe, Same Direction",Snow,Snow,Medium,No Controls,NONE DETECTED,No,No Apparent Injury,NA,Not Distracted,NA,Passenger Car,Parked,25,No,2010,HYUNDAI,ELANTRA TOURING,39.09652517,-77.1881519,2025,1,5
250001357,Property Damage Crash,01/11/2025 05:15:00 AM,ROSEBUSH LA,NA,"Sideswipe, Same Direction",Snow,Snow,Medium,No Controls,NONE DETECTED,No,No Apparent Injury,"Followed Too Closely, Other Improper Action",Unknown,MD,Single-Unit Truck,Moving Constant Speed,25,No,2022,INTERNATIONAL,HV507,39.09652517,-77.1881519,2025,1,5
250001350,Property Damage Crash,01/11/2025 02:32:00 AM,NA,NA,Front to Rear,Snow,Snow,Medium,No Controls,NONE DETECTED,No,No Apparent Injury,NA,Not Distracted,MD,Sport Utility Vehicle,Parked,55,No,2021,FORD,EXPLORER,39.11555138,-77.19241793,2025,1,2
250001350,Property Damage Crash,01/11/2025 02:32:00 AM,NA,NA,Front to Rear,Snow,Snow,Medium,Other Warning Sign,DRUG AND ALCOHOL CONTRIBUTED,Yes,No Apparent Injury,"Disregard Officer Directions, Disregarded Other Traffic Sign, Failed to Keep in Proper Lane, Operated Motor Vehicle in Inattentive, Careless, Negligent, or Erratic Manner, Operated Motor Vehicle in Reckless or Aggressive Manner, Too Fast For Conditions",Unknown,MD,Passenger Car,Moving Constant Speed,55,No,2002,ACURA,RSX,39.11555138,-77.19241793,2025,1,2
250001973,Property Damage Crash,01/11/2025 02:30:00 AM,EISENHOWER MEMORIAL HWY,NA,Single Vehicle,Snow,Snow,Dark,No Controls,NONE DETECTED,No,No Apparent Injury,NA,Not Distracted,MD,Passenger Car,Moving Constant Speed,55,No,2018,DODGE,CHARGER,39.1115469,-77.18837281,2025,1,2
250001347,Injury Crash,01/11/2025 01:35:00 AM,EISENHOWER MEMORIAL HWY,NA,Front to Rear,Snow,Snow,Medium,No Controls,NONE DETECTED,No,No Apparent Injury,NA,Not Distracted,PA,Truck Tractor,Moving Constant Speed,55,No,2001,MACK,CH,39.12046803,-77.19735833,2025,1,1
250001347,Injury Crash,01/11/2025 01:35:00 AM,EISENHOWER MEMORIAL HWY,NA,Front to Rear,Snow,Snow,Medium,No Controls,NONE DETECTED,No,Suspected Serious Injury,Too Fast For Conditions,Unknown,MD,Passenger Car,Accelerating,55,No,2009,TOYOTA,CAMRY,39.12046803,-77.19735833,2025,1,1
250001344,Property Damage Crash,01/11/2025 01:03:00 AM,W DIAMOND AVE (WB/L),NA,Single Vehicle,Snow,Snow,Medium,Flashing Traffic Control Signal,ALCOHOL PRESENT,Yes,No Apparent Injury,"Operated Motor Vehicle in Inattentive, Careless, Negligent, or Erratic Manner, Operated Motor Vehicle in Reckless or Aggressive Manner, Over-Correcting/Over-Steering, Ran Off Roadway, Too Fast For Conditions",Unknown,MD,Sport Utility Vehicle,Moving Constant Speed,35,No,2017,NISSAN,MURANO,39.14025865,-77.20476195,2025,1,1
250001343,Property Damage Crash,01/11/2025 12:48:00 AM,DEMOCRACY BLVD,NA,Single Vehicle,Snow,Snow,Medium,No Controls,NONE DETECTED,No,No Apparent Injury,"Over-Correcting/Over-Steering, Swerved or Avoided Due to Wind, Slippery Surface, Motor Vehicle, Object, Non-Motorist in Roadway, etc",Not Distracted,MD,Van - Passenger (&lt;9 Seats),Changing Lanes,35,No,2008,TOYOTA,SIENNA,39.02248612,-77.13336925,2025,1,0
250001330,Injury Crash,01/10/2025 10:14:00 PM,NA,NA,Single Vehicle,Clear,Ice/Frost,Medium,No Controls,ALCOHOL PRESENT,Yes,Possible Minor Injury,"Failed to Keep in Proper Lane, Operated Motor Vehicle in Inattentive, Careless, Negligent, or Erratic Manner, Operated Motor Vehicle in Reckless or Aggressive Manner, Other Improper Action, Ran Off Roadway, Too Fast For Conditions, Wrong Side",Unknown,MD,Passenger Car,NA,30,No,2024,SUBARU,OUTBACK,39.28449206,-77.18287393,2025,1,22
250001332,Property Damage Crash,01/10/2025 08:19:00 PM,NORBECK RD,NA,Single Vehicle,Clear,Wet,Medium,No Controls,DRUG PRESENT,No,No Apparent Injury,"Failed to Keep in Proper Lane, Other Improper Action, Ran Off Roadway, Too Fast For Conditions",Unknown,MD,Sport Utility Vehicle,Moving Constant Speed,35,No,2001,MERCEDES-BENZ,M-CLASS,39.11254555,-77.06574508,2025,1,20
250001323,Property Damage Crash,01/10/2025 07:38:00 PM,NA,NA,Front to Rear,Clear,Wet,Medium,No Controls,DRUG PRESENT,Yes,No Apparent Injury,"Failed to Keep in Proper Lane, Followed Too Closely, Operated Motor Vehicle in Inattentive, Careless, Negligent, or Erratic Manner, Other Improper Action, Too Fast For Conditions","Other Action (looking away from task, etc.)",MD,Sport Utility Vehicle,Moving Constant Speed,35,No,2001,MERCEDES-BENZ,M-CLASS,39.11233567,-77.06217878,2025,1,19
250001323,Property Damage Crash,01/10/2025 07:38:00 PM,NA,NA,Front to Rear,Clear,Wet,Medium,No Controls,NONE DETECTED,No,No Apparent Injury,NA,Not Distracted,NC,Sport Utility Vehicle,Moving Constant Speed,35,No,2023,TOYOTA,4-RUNNER,39.11233567,-77.06217878,2025,1,19
250001322,Property Damage Crash,01/10/2025 07:00:00 PM,DEARBORN AVE,NA,"Sideswipe, Same Direction",Clear,Snow,Medium,No Controls,NONE DETECTED,Yes,No Apparent Injury,NA,Not Distracted,MD,Bus - School,Turning Right,25,No,2020,THOMAS BUILT,HDX,39.01059899,-77.00265487,2025,1,19
250001312,Property Damage Crash,01/10/2025 06:00:00 PM,BOUIC AVE,NA,"Sideswipe, Opposite Direction",Clear,Dry,Medium,No Controls,NONE DETECTED,No,No Apparent Injury,Followed Too Closely,Not Distracted,MD,Bus - Transit,Moving Constant Speed,25,No,2017,GILLIG,CITY TRANSIT BUS,39.06074352,-77.12175396,2025,1,18
250001312,Property Damage Crash,01/10/2025 06:00:00 PM,BOUIC AVE,NA,"Sideswipe, Opposite Direction",Clear,Dry,Medium,No Controls,NONE DETECTED,No,No Apparent Injury,NA,Not Distracted,MD,Passenger Car,Parked,25,No,2014,NISSAN,ALTIMA,39.06074352,-77.12175396,2025,1,18
250001316,Property Damage Crash,01/10/2025 05:43:00 PM,NA,NA,Single Vehicle,Clear,Dry,Medium,Yield Sign,NONE DETECTED,No,No Apparent Injury,NA,NA,NA,Passenger Car,Moving Constant Speed,30,No,2009,MERCEDES-BENZ,C-CLASS,39.19049167,-77.22504167,2025,1,17
250001310,Property Damage Crash,01/10/2025 05:24:00 PM,OVERLEA RD,NA,Single Vehicle,Clear,Dry,Medium,No Controls,NONE DETECTED,Yes,No Apparent Injury,"Operated Motor Vehicle in Inattentive, Careless, Negligent, or Erratic Manner, Other Improper Action",Unknown,DE,Passenger Car,Moving Constant Speed,25,No,2016,SUBARU,OUTBACK,38.95721659,-77.11271365,2025,1,17
260001565,Property Damage Crash,01/10/2025 04:58:00 PM,AIRPARK RD,NA,Single Vehicle,Rain,Wet,Medium,No Controls,NONE DETECTED,Yes,No Apparent Injury,Too Fast For Conditions,Unknown,MD,Passenger Car,Negotiating a Curve,45,No,2014,LEXUS,GS,39.15435926,-77.14195699,2025,1,16
250001305,Property Damage Crash,01/10/2025 04:50:00 PM,NORTHAMPTON DR,NA,Rear To Side,Clear,Dry,Daylight,No Controls,NONE DETECTED,No,No Apparent Injury,NA,Not Distracted,MD,Bus - School,Stopped in Traffic,25,No,2014,THOMAS BUILT,HDX,39.0068989,-76.98104661,2025,1,16
250001303,Property Damage Crash,01/10/2025 04:50:00 PM,COLUMBIA PIKE (SB/L),NA,Single Vehicle,Clear,Dry,Daylight,No Controls,NONE DETECTED,Yes,No Apparent Injury,NA,Not Distracted,MD,Sport Utility Vehicle,Moving Constant Speed,50,No,2018,FORD,EXPLORER,39.05258433,-76.977571,2025,1,16
250001305,Property Damage Crash,01/10/2025 04:50:00 PM,NORTHAMPTON DR,NA,Rear To Side,Clear,Dry,Daylight,No Controls,NONE DETECTED,Yes,No Apparent Injury,NA,Unknown,MD,Passenger Car,Overtaking/Passing,25,No,2011,CHEVROLET,TAHOE,39.0068989,-76.98104661,2025,1,16
250001321,Property Damage Crash,01/10/2025 04:20:00 PM,NA,NA,Front to Front,Clear,NA,Daylight,NA,NONE DETECTED,No,NA,NA,NA,NA,Passenger Car,Accelerating,0,No,1987,MERCURY,GRAND MARQUIS,38.99231428,-77.0327891,2025,1,16
250001293,Property Damage Crash,01/10/2025 04:00:00 PM,WIGHTMAN RD,NA,Rear To Side,Clear,Dry,Daylight,Traffic Control Signal,NONE DETECTED,Yes,No Apparent Injury,Failed to Yield Right-of-Way,Unknown,MD,Passenger Car,Turning Left,35,No,2022,TOYOTA,COROLLA,39.18771017,-77.1868434,2025,1,16
250001293,Property Damage Crash,01/10/2025 04:00:00 PM,WIGHTMAN RD,NA,Rear To Side,Clear,Dry,Daylight,Traffic Control Signal,NONE DETECTED,No,No Apparent Injury,NA,Not Distracted,MD,Passenger Car,Moving Constant Speed,35,No,2010,NISSAN,MURANO,39.18771017,-77.1868434,2025,1,16
25000056,Property Damage Crash,01/10/2025 03:40:00 PM,NA,NA,"Sideswipe, Opposite Direction",Cloudy,Dry,Daylight,Traffic Control Signal,NONE DETECTED,No,No Apparent Injury,NA,Not Distracted,MD,Passenger Car,Stopped in Traffic,25,No,2016,VOLVO,XC60,39.01012182,-77.07391285,2025,1,15
25000056,Property Damage Crash,01/10/2025 03:40:00 PM,NA,NA,"Sideswipe, Opposite Direction",Cloudy,Dry,Daylight,Traffic Control Signal,NONE DETECTED,No,NA,NA,NA,NA,NA,Turning Left,25,No,0,NA,NA,39.01012182,-77.07391285,2025,1,15
250001295,Property Damage Crash,01/10/2025 03:30:00 PM,NA,NA,Front to Front,Cloudy,NA,Daylight,NA,NONE DETECTED,No,No Apparent Injury,NA,Not Distracted,MD,Passenger Car,Parked,0,No,2016,NISSAN,ALTIMA,39.1824992,-77.23800748,2025,1,15
250001295,Property Damage Crash,01/10/2025 03:30:00 PM,NA,NA,Front to Front,Cloudy,NA,Daylight,NA,NONE DETECTED,Yes,No Apparent Injury,NA,Not Distracted,VA,Sport Utility Vehicle,Turning Left,0,No,2009,LEXUS,RX,39.1824992,-77.23800748,2025,1,15
250001287,Property Damage Crash,01/10/2025 03:17:00 PM,NA,NA,"Sideswipe, Same Direction",Clear,NA,Daylight,NA,NONE DETECTED,Yes,No Apparent Injury,Other Improper Action,Unknown,MD,Bus - School,Turning Left,0,No,2021,FREIGHTLINER,B2 BUS CHASSIS,38.96439317,-77.10640783,2025,1,15
250001279,Property Damage Crash,01/10/2025 02:00:00 PM,NA,NA,Angle,Clear,NA,Daylight,NA,NONE DETECTED,No,No Apparent Injury,NA,Not Distracted,MD,Sport Utility Vehicle,Moving Constant Speed,0,No,2017,NISSAN,PATHFINDER,39.17939196,-77.26892221,2025,1,14
250001279,Property Damage Crash,01/10/2025 02:00:00 PM,NA,NA,Angle,Clear,NA,Daylight,NA,NONE DETECTED,Yes,No Apparent Injury,Failed to Yield Right-of-Way,Unknown,MD,Passenger Car,Accelerating,0,No,2008,TOYOTA,AVALON,39.17939196,-77.26892221,2025,1,14
250001280,Property Damage Crash,01/10/2025 01:43:00 PM,RANDOLPH RD,NA,"Sideswipe, Same Direction",Cloudy,Dry,Daylight,No Controls,NONE DETECTED,Yes,No Apparent Injury,NA,Not Distracted,MD,Van - Passenger (&lt;9 Seats),Overtaking/Passing,30,No,2016,GMC,SAVANA,39.05375267,-77.098495,2025,1,13
250001280,Property Damage Crash,01/10/2025 01:43:00 PM,RANDOLPH RD,NA,"Sideswipe, Same Direction",Cloudy,Dry,Daylight,No Controls,NONE DETECTED,No,No Apparent Injury,NA,Not Distracted,MD,Bus - Transit,Stopped in Traffic,30,No,2022,NEW FLYER,XCELSIOR,39.05375267,-77.098495,2025,1,13
250001285,Property Damage Crash,01/10/2025 01:21:00 PM,NEW HAMPSHIRE AVE,NA,Angle,Clear,Dry,Daylight,Traffic Control Signal,NONE DETECTED,No,No Apparent Injury,NA,Not Distracted,MD,Sport Utility Vehicle,Moving Constant Speed,35,No,2014,HYUNDAI,TUCSON,39.01111189,-76.97871838,2025,1,13
250001285,Property Damage Crash,01/10/2025 01:21:00 PM,NEW HAMPSHIRE AVE,NA,Angle,Clear,Dry,Daylight,Traffic Control Signal,NONE DETECTED,No,No Apparent Injury,"Failed to Keep in Proper Lane, Improper Passing",Unknown,NA,Sport Utility Vehicle,Moving Constant Speed,35,No,2005,TOYOTA,SEQUOIA,39.01111189,-76.97871838,2025,1,13
250001270,Property Damage Crash,01/10/2025 01:20:00 PM,NA,NA,"Sideswipe, Same Direction",Cloudy,NA,Daylight,NA,NONE DETECTED,Yes,No Apparent Injury,Improper Passing,Not Distracted,MD,Passenger Car,Overtaking/Passing,0,No,2015,TOYOTA,VENZA,39.1450425,-77.1447282,2025,1,13
250001270,Property Damage Crash,01/10/2025 01:20:00 PM,NA,NA,"Sideswipe, Same Direction",Cloudy,NA,Daylight,NA,NONE DETECTED,No,No Apparent Injury,NA,Not Distracted,MD,Other,Moving Constant Speed,0,No,2002,FORD,EXPLORER,39.1450425,-77.1447282,2025,1,13
250001269,Property Damage Crash,01/10/2025 01:11:00 PM,NA,NA,Front to Rear,Clear,NA,Daylight,NA,NONE DETECTED,Yes,No Apparent Injury,Improper Backing,Not Distracted,MD,Bus - School,Backing,0,No,2018,FREIGHTLINER,B2 BUS CHASSIS,39.03620647,-77.0539005,2025,1,13
250001260,Injury Crash,01/10/2025 11:54:00 AM,FREDERICK RD,NA,Single Vehicle,Clear,Slush,Daylight,No Controls,NONE DETECTED,Yes,Possible Minor Injury,NA,Not Distracted,MD,Passenger Car,Moving Constant Speed,40,No,2017,TOYOTA,COROLLA,39.11571908,-77.16623809,2025,1,11
250001251,Injury Crash,01/10/2025 10:42:00 AM,SENECA MEADOWS PKWY (SB/L),NA,Angle,Clear,Dry,Daylight,No Controls,NONE DETECTED,No,No Apparent Injury,NA,Not Distracted,MD,Passenger Car,Moving Constant Speed,30,No,2017,HONDA,ACCORD,39.19696172,-77.25812457,2025,1,10
250001251,Injury Crash,01/10/2025 10:42:00 AM,SENECA MEADOWS PKWY (SB/L),NA,Angle,Clear,Dry,Daylight,No Controls,NONE DETECTED,Yes,Possible Minor Injury,Failed to Yield Right-of-Way,Not Distracted,MD,Passenger Car,Turning Left,30,No,2025,TOYOTA,CAMRY,39.19696172,-77.25812457,2025,1,10
250001245,Property Damage Crash,01/10/2025 09:56:00 AM,BRINK RD,NA,Angle,Clear,Dry,Daylight,Traffic Control Signal,NONE DETECTED,No,No Apparent Injury,NA,Unknown,MD,Sport Utility Vehicle,Accelerating,30,No,2017,TOYOTA,RAV4,39.21207674,-77.14258624,2025,1,9
250001245,Property Damage Crash,01/10/2025 09:56:00 AM,BRINK RD,NA,Angle,Clear,Dry,Daylight,Traffic Control Signal,NONE DETECTED,Yes,No Apparent Injury,Failed to Yield Right-of-Way,Unknown,MD,Sport Utility Vehicle,Turning Left,30,No,2017,TOYOTA,RAV4,39.21207674,-77.14258624,2025,1,9
250001242,Property Damage Crash,01/10/2025 09:53:00 AM,NEW HAMPSHIRE AVE,NA,Rear To Rear,Snow,Snow,Daylight,No Controls,NONE DETECTED,No,No Apparent Injury,NA,Not Distracted,MD,Pickup,Accelerating,10,No,2016,FORD,F-450,38.982006,-76.9886214,2025,1,9
250001239,Property Damage Crash,01/10/2025 09:21:00 AM,NA,NA,Other,Clear,NA,Daylight,NA,NONE DETECTED,No,No Apparent Injury,NA,Unknown,MD,Passenger Car,NA,0,No,2024,ACURA,RDX,39.09108709,-77.1789376,2025,1,9
250001239,Property Damage Crash,01/10/2025 09:21:00 AM,NA,NA,Other,Clear,NA,Daylight,NA,NONE DETECTED,No,No Apparent Injury,Ran Stop Sign,Unknown,MD,Sport Utility Vehicle,Slowing or Stopping,0,No,2001,DODGE,NEON,39.09108709,-77.1789376,2025,1,9
250001230,Injury Crash,01/10/2025 08:30:00 AM,MUDDY BRANCH RD,NA,Front to Rear,Clear,Dry,Daylight,No Controls,NONE DETECTED,No,Possible Minor Injury,NA,Not Distracted,MD,Passenger Car,Stopped in Traffic,35,No,2023,TOYOTA,COROLLA,39.13851466,-77.20531531,2025,1,8
250001230,Injury Crash,01/10/2025 08:30:00 AM,MUDDY BRANCH RD,NA,Front to Rear,Clear,Dry,Daylight,No Controls,NONE DETECTED,Yes,No Apparent Injury,NA,Not Distracted,MD,Van - Passenger (&lt;9 Seats),Moving Constant Speed,35,No,2007,TOYOTA,SIENNA,39.13851466,-77.20531531,2025,1,8
250001228,Property Damage Crash,01/10/2025 08:09:00 AM,EWING DR,NA,"Sideswipe, Opposite Direction",Clear,Ice/Frost,Daylight,No Controls,NONE DETECTED,No,No Apparent Injury,Other Improper Action,Unknown,MD,Bus - School,Accelerating,15,No,2017,THOMAS BUILT,HDX,39.00201117,-77.12327483,2025,1,8
250001227,Injury Crash,01/10/2025 08:09:00 AM,CLOPPER RD,NA,Front to Rear,Clear,Dry,Daylight,No Controls,NONE DETECTED,No,No Apparent Injury,NA,Not Distracted,MD,Passenger Car,Slowing or Stopping,35,No,2020,CADILLAC,ESCALADE,39.14593667,-77.228135,2025,1,8
250001227,Injury Crash,01/10/2025 08:09:00 AM,CLOPPER RD,NA,Front to Rear,Clear,Dry,Daylight,No Controls,NONE DETECTED,No,Possible Minor Injury,NA,Not Distracted,MD,Passenger Car,Slowing or Stopping,35,No,2016,TOYOTA,RAV4,39.14593667,-77.228135,2025,1,8
250001227,Injury Crash,01/10/2025 08:09:00 AM,CLOPPER RD,NA,Front to Rear,Clear,Dry,Daylight,No Controls,NONE DETECTED,Yes,No Apparent Injury,Followed Too Closely,Unknown,MD,Passenger Car,Slowing or Stopping,35,No,2007,CHEVROLET,EXPRESS,39.14593667,-77.228135,2025,1,8