Local Case Number,ACRS Report Type,Crash Date/Time,Road Name,Related Non-Motorist,Collision Type,Weather,Surface Condition,Light,Traffic Control,Driver Substance Abuse,Driver At Fault,Injury Severity,Circumstance,Driver Distracted By,Drivers License State,Vehicle Body Type,Vehicle Movement,Speed Limit,Driverless Vehicle,Vehicle Year,Vehicle Make,Vehicle Model,Latitude,Longitude,Year,Month,Hour
250001229,Property Damage Crash,01/10/2025 08:01:00 AM,HUGHES RD,NA,Front to Rear,Clear,Ice/Frost,Daylight,No Controls,NONE DETECTED,No,No Apparent Injury,NA,Not Distracted,MD,Sport Utility Vehicle,Stopped in Traffic,30,No,2025,KIA,SORENTO,39.087535,-77.40745219,2025,1,8
250001229,Property Damage Crash,01/10/2025 08:01:00 AM,HUGHES RD,NA,Front to Rear,Clear,Ice/Frost,Daylight,No Controls,NONE DETECTED,Yes,No Apparent Injury,Improper Backing,Unknown,MD,Single-Unit Truck,Backing,30,No,2014,MACK,GU (GRANITE),39.087535,-77.40745219,2025,1,8
250001224,Injury Crash,01/10/2025 07:58:00 AM,NA,NA,Rear To Side,Clear,Dry,Daylight,Traffic Control Signal,NONE DETECTED,Yes,Possible Minor Injury,NA,Unknown,MD,Passenger Car,Turning Left,35,No,2010,HONDA,ODYSSEY,39.14337562,-77.22356751,2025,1,7
250001224,Injury Crash,01/10/2025 07:58:00 AM,NA,NA,Rear To Side,Clear,Dry,Daylight,Traffic Control Signal,NONE DETECTED,No,Possible Minor Injury,NA,Unknown,MD,Passenger Car,NA,35,No,2016,FORD,TRANSIT,39.14337562,-77.22356751,2025,1,7
250001221,Property Damage Crash,01/10/2025 06:41:00 AM,COLUMBIA PIKE (SB/L),NA,Front to Rear,Clear,Dry,Medium,No Controls,NONE DETECTED,No,No Apparent Injury,NA,Not Distracted,MD,Passenger Car,Moving Constant Speed,40,No,2006,NISSAN,ALTIMA,39.09125293,-76.94173288,2025,1,6
250001221,Property Damage Crash,01/10/2025 06:41:00 AM,COLUMBIA PIKE (SB/L),NA,Front to Rear,Clear,Dry,Medium,No Controls,NONE DETECTED,Yes,No Apparent Injury,"Other Improper Action, Too Fast For Conditions",Not Distracted,MD,Passenger Car,Slowing or Stopping,40,No,2012,ACURA,TL,39.09125293,-76.94173288,2025,1,6
250001194,Property Damage Crash,01/09/2025 09:23:00 PM,FREDERICK RD,NA,Rear To Side,Clear,Dry,Medium,Traffic Control Signal,NONE DETECTED,No,No Apparent Injury,NA,Not Distracted,MD,Passenger Car,Moving Constant Speed,40,No,2012,TOYOTA,CAMRY,39.2281858,-77.2660702,2025,1,21
250001194,Property Damage Crash,01/09/2025 09:23:00 PM,FREDERICK RD,NA,Rear To Side,Clear,Dry,Medium,Traffic Control Signal,NONE DETECTED,Yes,No Apparent Injury,"Failed to Yield Right-of-Way, Improper Turn",Unknown,MD,Passenger Car,Turning Left,40,No,2019,ACURA,ILX,39.2281858,-77.2660702,2025,1,21
250001193,Injury Crash,01/09/2025 08:45:00 PM,UNIVERSITY BLVD E,Pedestrian,Single Vehicle,Clear,Dry,Medium,Traffic Control Signal,NONE DETECTED,No,NA,NA,NA,NA,Passenger Car,Entering Traffic Lane,35,No,2016,FORD,ESCAPE,39.00039511,-76.99567685,2025,1,20
250001192,Injury Crash,01/09/2025 08:29:00 PM,SHADY GROVE RD (SB/L),NA,Angle,Clear,Dry,Medium,Traffic Control Signal,NONE DETECTED,No,No Apparent Injury,NA,Unknown,MD,Sport Utility Vehicle,Moving Constant Speed,40,No,2021,AUDI,Q5,39.09315458,-77.19668,2025,1,20
250001192,Injury Crash,01/09/2025 08:29:00 PM,SHADY GROVE RD (SB/L),NA,Angle,Clear,Dry,Medium,Traffic Control Signal,NONE DETECTED,No,Possible Minor Injury,NA,Unknown,MD,Passenger Car,Moving Constant Speed,40,No,2021,TOYOTA,COROLLA,39.09315458,-77.19668,2025,1,20
250001187,Property Damage Crash,01/09/2025 07:57:00 PM,NA,NA,Front to Rear,Clear,NA,Medium,NA,NONE DETECTED,No,No Apparent Injury,NA,NA,NA,Passenger Car,Backing,0,No,0,NA,NA,39.14570082,-77.2033288,2025,1,19
250001186,Property Damage Crash,01/09/2025 07:50:00 PM,FREDERICK RD,NA,Angle,Clear,Dry,Medium,Traffic Control Signal,NONE DETECTED,No,No Apparent Injury,NA,Not Distracted,MD,Passenger Car,Moving Constant Speed,35,No,2018,AUDI,A5,39.14611033,-77.20417337,2025,1,19
250001186,Property Damage Crash,01/09/2025 07:50:00 PM,FREDERICK RD,NA,Angle,Clear,Dry,Medium,Traffic Control Signal,NONE DETECTED,Yes,No Apparent Injury,NA,Unknown,MD,Passenger Car,Entering Traffic Lane,35,No,2014,HONDA,ACCORD,39.14611033,-77.20417337,2025,1,19
250001184,Property Damage Crash,01/09/2025 07:40:00 PM,BLUERIDGE AVE,NA,"Sideswipe, Opposite Direction",Clear,Ice/Frost,Medium,Traffic Control Signal,NONE DETECTED,No,No Apparent Injury,NA,Not Distracted,MD,Passenger Car,Turning Left,25,No,2008,ACURA,TL,39.04301883,-77.05203587,2025,1,19
250001184,Property Damage Crash,01/09/2025 07:40:00 PM,BLUERIDGE AVE,NA,"Sideswipe, Opposite Direction",Clear,Ice/Frost,Medium,Traffic Control Signal,NONE DETECTED,No,No Apparent Injury,Too Fast For Conditions,Unknown,NA,Passenger Car,Turning Right,25,No,2016,CHEVROLET,TRAVERSE,39.04301883,-77.05203587,2025,1,19
250001180,Property Damage Crash,01/09/2025 06:45:00 PM,NA,NA,Single Vehicle,Clear,Snow,Dark,No Controls,NONE DETECTED,Yes,No Apparent Injury,NA,Unknown,VA,Passenger Car,Moving Constant Speed,35,No,2015,HONDA,CR-V,39.11967,-77.29544,2025,1,18
250001172,Property Damage Crash,01/09/2025 05:54:00 PM,NA,NA,"Sideswipe, Same Direction",Clear,Dry,Medium,Traffic Control Signal,NONE DETECTED,No,No Apparent Injury,NA,Not Distracted,DC,Passenger Car,Turning Left,35,No,2006,LINCOLN,NAVIGATOR,38.98353706,-77.09616067,2025,1,17
250001172,Property Damage Crash,01/09/2025 05:54:00 PM,NA,NA,"Sideswipe, Same Direction",Clear,Dry,Medium,Traffic Control Signal,NONE DETECTED,Yes,No Apparent Injury,NA,Not Distracted,MD,Bus - Transit,Turning Left,35,No,2022,NEW FLYER,XCELSIOR,38.98353706,-77.09616067,2025,1,17
250001165,Injury Crash,01/09/2025 05:40:00 PM,NA,NA,Front to Rear,Clear,Dry,Medium,Traffic Control Signal,NONE DETECTED,Yes,No Apparent Injury,NA,Unknown,MD,Passenger Car,Moving Constant Speed,35,No,2014,BMW,X1,39.07726037,-77.07030283,2025,1,17
250001165,Injury Crash,01/09/2025 05:40:00 PM,NA,NA,Front to Rear,Clear,Dry,Medium,Traffic Control Signal,NONE DETECTED,No,No Apparent Injury,NA,Not Distracted,MD,Passenger Car,Stopped in Traffic,35,No,2013,TOYOTA,COROLLA,39.07726037,-77.07030283,2025,1,17
250001165,Injury Crash,01/09/2025 05:40:00 PM,NA,NA,Front to Rear,Clear,Dry,Medium,Traffic Control Signal,NONE DETECTED,No,No Apparent Injury,NA,Not Distracted,MD,Passenger Car,Slowing or Stopping,35,No,2023,KIA,SOUL,39.07726037,-77.07030283,2025,1,17
250001157,Injury Crash,01/09/2025 04:54:00 PM,IS 270 LOCAL LANES (SB),NA,Front to Rear,Clear,Dry,Daylight,No Controls,NONE DETECTED,Yes,Possible Minor Injury,NA,Unknown,MD,Passenger Car,Moving Constant Speed,55,No,2013,ACURA,ILX,39.11508391,-77.19281828,2025,1,16
250001157,Injury Crash,01/09/2025 04:54:00 PM,IS 270 LOCAL LANES (SB),NA,Front to Rear,Clear,Dry,Daylight,No Controls,NONE DETECTED,No,No Apparent Injury,NA,Not Distracted,MD,Passenger Car,Slowing or Stopping,55,No,2020,TOYOTA,RAV4,39.11508391,-77.19281828,2025,1,16
250001139,Property Damage Crash,01/09/2025 03:42:00 PM,NA,NA,Other,Clear,Dry,Daylight,"Other Pavement Marking (excluding edgelines, centerlines, or lane lines)",NONE DETECTED,No,No Apparent Injury,NA,Not Distracted,MD,Bus - School,Stopped in Traffic,35,No,2016,THOMAS BUILT,HDX,39.03883725,-77.07555792,2025,1,15
250001139,Property Damage Crash,01/09/2025 03:42:00 PM,NA,NA,Other,Clear,Dry,Daylight,"Other Pavement Marking (excluding edgelines, centerlines, or lane lines)",NONE DETECTED,Yes,No Apparent Injury,Improper Passing,Not Distracted,MD,Passenger Car,Changing Lanes,35,No,2003,TOYOTA,PRIUS,39.03883725,-77.07555792,2025,1,15
250001131,Property Damage Crash,01/09/2025 03:20:00 PM,NA,NA,"Sideswipe, Opposite Direction",Clear,NA,Daylight,NA,NONE DETECTED,No,No Apparent Injury,NA,Not Distracted,MD,Bus - School,Parked,0,No,2019,THOMAS BUILT,HDX,39.04544926,-77.17836415,2025,1,15
250001131,Property Damage Crash,01/09/2025 03:20:00 PM,NA,NA,"Sideswipe, Opposite Direction",Clear,NA,Daylight,NA,NONE DETECTED,Yes,No Apparent Injury,Improper Backing,Not Distracted,MD,Bus - School,Backing,0,No,2025,FREIGHTLINER,B2 106 ELECTRIC CONVENTIONAL CHASSIS,39.04544926,-77.17836415,2025,1,15
250001236,Property Damage Crash,01/09/2025 03:00:00 PM,CAPITAL BELTWAY (WB/L),NA,"Sideswipe, Same Direction",Clear,Dry,Daylight,No Controls,NONE DETECTED,No,No Apparent Injury,NA,Unknown,MD,Passenger Car,Overtaking/Passing,45,No,2013,SUBARU,FORESTER,39.01632799,-77.09799291,2025,1,15
250001236,Property Damage Crash,01/09/2025 03:00:00 PM,CAPITAL BELTWAY (WB/L),NA,"Sideswipe, Same Direction",Clear,Dry,Daylight,No Controls,NONE DETECTED,No,No Apparent Injury,NA,Not Distracted,MD,Passenger Car,Moving Constant Speed,45,No,2014,HONDA,CIVIC,39.01632799,-77.09799291,2025,1,15
250001126,Property Damage Crash,01/09/2025 02:35:00 PM,W WILLARD RD,NA,Single Vehicle,Snow,Snow,Daylight,No Controls,NONE DETECTED,No,NA,"Operated Motor Vehicle in Inattentive, Careless, Negligent, or Erratic Manner, Wrong Side",Unknown,NA,Pickup,Moving Constant Speed,30,No,0,NA,NA,39.13418967,-77.42294317,2025,1,14
250001126,Property Damage Crash,01/09/2025 02:35:00 PM,W WILLARD RD,NA,Single Vehicle,Snow,Snow,Daylight,No Controls,NONE DETECTED,No,No Apparent Injury,NA,Not Distracted,MD,Sport Utility Vehicle,Moving Constant Speed,30,No,2016,MAZDA,CX-5,39.13418967,-77.42294317,2025,1,14
250001120,Property Damage Crash,01/09/2025 02:12:00 PM,NA,NA,Front to Rear,Clear,NA,Daylight,NA,NONE DETECTED,No,No Apparent Injury,NA,Unknown,MD,Bus - School,Backing,0,No,2018,FREIGHTLINER,B2 BUS CHASSIS,39.13541898,-77.19360839,2025,1,14
250001120,Property Damage Crash,01/09/2025 02:12:00 PM,NA,NA,Front to Rear,Clear,NA,Daylight,NA,NONE DETECTED,No,No Apparent Injury,NA,Not Distracted,MD,Passenger Car,Slowing or Stopping,0,No,2023,HYUNDAI,SONATA,39.13541898,-77.19360839,2025,1,14
250001117,Property Damage Crash,01/09/2025 02:03:00 PM,NA,NA,"Sideswipe, Opposite Direction",Clear,Dry,Daylight,Traffic Control Signal,NONE DETECTED,No,No Apparent Injury,Other Improper Action,Not Distracted,MD,Other,Overtaking/Passing,25,No,2019,FREIGHTLINER,M2,38.98091534,-77.01017109,2025,1,14
250001117,Property Damage Crash,01/09/2025 02:03:00 PM,NA,NA,"Sideswipe, Opposite Direction",Clear,Dry,Daylight,Traffic Control Signal,NONE DETECTED,No,No Apparent Injury,Other Improper Action,Not Distracted,MD,Passenger Car,Parked,25,No,2014,TOYOTA,COROLLA,38.98091534,-77.01017109,2025,1,14
240001114,Property Damage Crash,01/09/2025 01:44:00 PM,BEALL AVE #2,NA,Front to Rear,Clear,Dry,Daylight,Traffic Control Signal,NONE DETECTED,Yes,No Apparent Injury,NA,Not Distracted,MD,Passenger Car,Turning Left,35,No,2008,NISSAN,ROGUE,39.08747681,-77.1501007,2025,1,13
240001114,Property Damage Crash,01/09/2025 01:44:00 PM,BEALL AVE #2,NA,Front to Rear,Clear,Dry,Daylight,Traffic Control Signal,NONE DETECTED,No,No Apparent Injury,NA,Not Distracted,MD,Passenger Car,Moving Constant Speed,35,No,2025,MAZDA,MAZDA3,39.08747681,-77.1501007,2025,1,13
250001108,Injury Crash,01/09/2025 01:16:00 PM,GREAT SENECA HWY,NA,Angle,Clear,Dry,Daylight,Traffic Control Signal,NONE DETECTED,No,No Apparent Injury,NA,Not Distracted,MD,Passenger Car,Stopped in Traffic,45,No,2022,TOYOTA,PRIUS PRIME,39.14875413,-77.2764146,2025,1,13
250001108,Injury Crash,01/09/2025 01:16:00 PM,GREAT SENECA HWY,NA,Angle,Clear,Dry,Daylight,Traffic Control Signal,NONE DETECTED,No,No Apparent Injury,NA,Not Distracted,MD,Passenger Car,Moving Constant Speed,25,No,2023,TESLA,MODEL Y,39.14875413,-77.2764146,2025,1,13
250001108,Injury Crash,01/09/2025 01:16:00 PM,GREAT SENECA HWY,NA,Angle,Clear,Dry,Daylight,Traffic Control Signal,NONE DETECTED,Yes,Possible Minor Injury,"Disregarded Other Traffic Sign, Ran Red Light",Not Distracted,MD,Passenger Car,Moving Constant Speed,45,No,2012,HONDA,CIVIC,39.14875413,-77.2764146,2025,1,13
250001107,Injury Crash,01/09/2025 01:01:00 PM,LAYHILL RD (SB/L),NA,Angle,Clear,Slush,Daylight,Traffic Control Signal,NONE DETECTED,No,No Apparent Injury,NA,Not Distracted,MD,Sport Utility Vehicle,Turning Left,40,No,2016,LAND ROVER,LR4,39.12059744,-77.03394655,2025,1,13
250001107,Injury Crash,01/09/2025 01:01:00 PM,LAYHILL RD (SB/L),NA,Angle,Clear,Slush,Daylight,Traffic Control Signal,NONE DETECTED,Yes,Possible Minor Injury,NA,Not Distracted,MD,Sport Utility Vehicle,Turning Left,40,No,2017,HONDA,CR-V,39.12059744,-77.03394655,2025,1,13
250001107,Injury Crash,01/09/2025 01:01:00 PM,LAYHILL RD (SB/L),NA,Angle,Clear,Slush,Daylight,No Controls,NONE DETECTED,No,Possible Minor Injury,NA,Not Distracted,MD,Passenger Car,Moving Constant Speed,40,No,2016,MAZDA,MAZDA3,39.12059744,-77.03394655,2025,1,13
250001103,Property Damage Crash,01/09/2025 01:00:00 PM,ODENDHAL AVE (EB/L),NA,Angle,Clear,NA,Daylight,Traffic Control Signal,NONE DETECTED,No,No Apparent Injury,NA,Not Distracted,MD,Passenger Car,Turning Right,15,No,2011,NISSAN,ROGUE,39.14835535,-77.20689846,2025,1,13
250001103,Property Damage Crash,01/09/2025 01:00:00 PM,ODENDHAL AVE (EB/L),NA,Angle,Clear,NA,Daylight,Traffic Control Signal,NONE DETECTED,Yes,No Apparent Injury,NA,Unknown,MD,Passenger Car,Moving Constant Speed,35,No,2013,HYUNDAI,SONATA,39.14835535,-77.20689846,2025,1,13
250001100,Property Damage Crash,01/09/2025 12:35:00 PM,NA,NA,Other,Clear,NA,Daylight,NA,NONE DETECTED,Yes,No Apparent Injury,Improper Backing,Not Distracted,MD,Pickup,Backing,0,No,2016,FORD,F-350,39.10407552,-77.15600399,2025,1,12
250001097,Property Damage Crash,01/09/2025 12:34:00 PM,NA,NA,Front to Rear,Clear,Dry,Daylight,Traffic Control Signal,NONE DETECTED,No,No Apparent Injury,NA,Not Distracted,IN,Passenger Car,Stopped in Traffic,35,No,2014,TOYOTA,PRIUS,39.05834561,-76.99757636,2025,1,12
250001097,Property Damage Crash,01/09/2025 12:34:00 PM,NA,NA,Front to Rear,Clear,Dry,Daylight,Traffic Control Signal,NONE DETECTED,Yes,No Apparent Injury,"Disregarded Other Traffic Sign, Other Improper Action","Other Action (looking away from task, etc.)",MD,Passenger Car,Moving Constant Speed,35,No,2007,HONDA,CIVIC,39.05834561,-76.99757636,2025,1,12
250008647,Property Damage Crash,01/09/2025 12:30:00 PM,HUGHES RD,NA,Single Vehicle,Clear,Dry,Daylight,No Controls,NONE DETECTED,No,No Apparent Injury,NA,Not Distracted,MD,Passenger Car,Moving Constant Speed,25,No,2019,DODGE,CHARGER,39.12863854,-77.40635735,2025,1,12
250001093,Property Damage Crash,01/09/2025 12:17:00 PM,TWINBROOK PKWY,NA,Other,Clear,Dry,Daylight,No Controls,NONE DETECTED,Yes,No Apparent Injury,NA,Not Distracted,MD,Bus - School,Moving Constant Speed,35,No,2021,FREIGHTLINER,B2 BUS CHASSIS,39.07324089,-77.11226234,2025,1,12
250001093,Property Damage Crash,01/09/2025 12:17:00 PM,TWINBROOK PKWY,NA,Other,Clear,Dry,Daylight,No Controls,NONE DETECTED,No,No Apparent Injury,NA,Not Distracted,MD,Passenger Car,Moving Constant Speed,35,No,2020,TESLA,MODEL Y,39.07324089,-77.11226234,2025,1,12
250001101,Property Damage Crash,01/09/2025 12:16:00 PM,ELMER SCHOOL RD,NA,Single Vehicle,Clear,Snow,Daylight,No Controls,NONE DETECTED,Yes,No Apparent Injury,Ran Off Roadway,Not Distracted,MD,Sport Utility Vehicle,Moving Constant Speed,30,No,2022,FORD,EXPLORER,39.13443742,-77.48397331,2025,1,12
250001090,Property Damage Crash,01/09/2025 12:10:00 PM,KNOWLES AVE,NA,Angle,Clear,Snow,Daylight,No Controls,NONE DETECTED,No,No Apparent Injury,NA,Not Distracted,MD,Pickup,Moving Constant Speed,20,No,2018,FORD,F-350,39.02728202,-77.07543725,2025,1,12
250001090,Property Damage Crash,01/09/2025 12:10:00 PM,KNOWLES AVE,NA,Angle,Clear,Snow,Daylight,No Controls,NONE DETECTED,Yes,No Apparent Injury,NA,Not Distracted,MD,Passenger Car,Slowing or Stopping,20,No,2016,HONDA,CR-V,39.02728202,-77.07543725,2025,1,12
250001091,Property Damage Crash,01/09/2025 12:03:00 PM,S FREDERICK RD (SB/L),NA,Front to Rear,Clear,Dry,Daylight,Traffic Control Signal,NONE DETECTED,No,No Apparent Injury,NA,Not Distracted,MD,Passenger Car,Stopped in Traffic,35,No,2015,TOYOTA,COROLLA,39.13782317,-77.19414523,2025,1,12
250001091,Property Damage Crash,01/09/2025 12:03:00 PM,S FREDERICK RD (SB/L),NA,Front to Rear,Clear,Dry,Daylight,Traffic Control Signal,NONE DETECTED,No,No Apparent Injury,Followed Too Closely,Unknown,MD,Passenger Car,Moving Constant Speed,35,No,2013,HYUNDAI,SONATA,39.13782317,-77.19414523,2025,1,12
250001089,Property Damage Crash,01/09/2025 12:02:00 PM,RAMP 2 FR IS 495 WB TO MD 187 NB,NA,Front to Rear,Clear,Wet,Daylight,Yield Sign,NONE DETECTED,Yes,No Apparent Injury,NA,Not Distracted,MD,Passenger Car,Slowing or Stopping,35,No,2014,VOLKSWAGEN,JETTA,39.01711185,-77.11968469,2025,1,12
250001089,Property Damage Crash,01/09/2025 12:02:00 PM,RAMP 2 FR IS 495 WB TO MD 187 NB,NA,Front to Rear,Clear,Wet,Daylight,Yield Sign,NONE DETECTED,No,No Apparent Injury,NA,Not Distracted,MD,Sport Utility Vehicle,Slowing or Stopping,35,No,2024,TOYOTA,HIGHLANDER,39.01711185,-77.11968469,2025,1,12
250001085,Injury Crash,01/09/2025 11:30:00 AM,NA,NA,Front to Rear,Clear,Dry,Daylight,No Controls,NONE DETECTED,No,No Apparent Injury,NA,Not Distracted,MD,Passenger Car,Slowing or Stopping,40,No,2024,CHEVROLET,EQUINOX,39.08443,-77.13637782,2025,1,11
250001085,Injury Crash,01/09/2025 11:30:00 AM,NA,NA,Front to Rear,Clear,Dry,Daylight,No Controls,NONE DETECTED,Yes,Possible Minor Injury,NA,Unknown,MD,Passenger Car,Moving Constant Speed,40,No,2017,BMW,X3,39.08443,-77.13637782,2025,1,11
250001085,Injury Crash,01/09/2025 11:30:00 AM,NA,NA,Front to Rear,Clear,Dry,Daylight,No Controls,NONE DETECTED,No,No Apparent Injury,NA,Not Distracted,MD,Passenger Car,Slowing or Stopping,40,No,2022,MAZDA,CX-5,39.08443,-77.13637782,2025,1,11
250001085,Injury Crash,01/09/2025 11:30:00 AM,NA,NA,Front to Rear,Clear,Dry,Daylight,No Controls,NONE DETECTED,No,No Apparent Injury,NA,Not Distracted,MD,Passenger Car,Slowing or Stopping,40,No,2014,NISSAN,ALTIMA,39.08443,-77.13637782,2025,1,11
250001086,Property Damage Crash,01/09/2025 11:28:00 AM,NA,NA,"Sideswipe, Opposite Direction",Clear,NA,Daylight,NA,NONE DETECTED,Yes,No Apparent Injury,Wrong Way,Not Distracted,MD,Other Trucks,Negotiating a Curve,0,No,2014,MACK,GU (GRANITE),39.24520417,-77.27414883,2025,1,11
250001077,Injury Crash,01/09/2025 11:15:00 AM,FISHER AVE,NA,Angle,Clear,Wet,Daylight,No Controls,NONE DETECTED,No,Possible Minor Injury,NA,Not Distracted,MD,Passenger Car,Moving Constant Speed,30,No,2020,TOYOTA,CAMRY,39.13519381,-77.40349372,2025,1,11
250001077,Injury Crash,01/09/2025 11:15:00 AM,FISHER AVE,NA,Angle,Clear,Wet,Daylight,Stop Sign,NONE DETECTED,Yes,Possible Minor Injury,"Disregarded Other Traffic Sign, Failed to Yield Right-of-Way, Operated Motor Vehicle in Inattentive, Careless, Negligent, or Erratic Manner",Unknown,MD,Passenger Car,Turning Right,25,No,2002,HONDA,CIVIC,39.13519381,-77.40349372,2025,1,11
250001071,Property Damage Crash,01/09/2025 10:41:00 AM,EDISON PARK DR,NA,Rear To Rear,Snow,Snow,Daylight,Stop Sign,NONE DETECTED,Yes,No Apparent Injury,Improper Turn,Not Distracted,MD,Bus - Transit,Turning Left,25,No,2017,GILLIG,LOW FLOOR BUS,39.11223833,-77.234815,2025,1,10
250001071,Property Damage Crash,01/09/2025 10:41:00 AM,EDISON PARK DR,NA,Rear To Rear,Snow,Snow,Daylight,Stop Sign,NONE DETECTED,No,No Apparent Injury,NA,Not Distracted,MD,Sport Utility Vehicle,Stopped in Traffic,25,No,2019,CHEVROLET,EQUINOX,39.11223833,-77.234815,2025,1,10
250001067,Property Damage Crash,01/09/2025 09:52:00 AM,GEORGIA AVE,NA,Front to Rear,Clear,Ice/Frost,Daylight,No Controls,NONE DETECTED,No,NA,NA,NA,NA,NA,NA,30,No,0,NA,NA,39.01468709,-77.04216042,2025,1,9
250001067,Property Damage Crash,01/09/2025 09:52:00 AM,GEORGIA AVE,NA,Front to Rear,Clear,Ice/Frost,Daylight,No Controls,NONE DETECTED,No,No Apparent Injury,NA,Not Distracted,MD,Passenger Car,Stopped in Traffic,30,No,2023,CHEVROLET,BOLT EV,39.01468709,-77.04216042,2025,1,9
250001060,Property Damage Crash,01/09/2025 08:39:00 AM,NA,NA,Angle,Clear,Dry,Daylight,Stop Sign,NONE DETECTED,No,No Apparent Injury,Failed to Yield Right-of-Way,Unknown,MD,Single-Unit Truck,Turning Right,30,No,2021,FREIGHTLINER,M2,39.06075889,-77.28217164,2025,1,8
250001060,Property Damage Crash,01/09/2025 08:39:00 AM,NA,NA,Angle,Clear,Dry,Daylight,No Controls,NONE DETECTED,No,No Apparent Injury,NA,Not Distracted,VA,Passenger Car,Moving Constant Speed,50,No,2019,HYUNDAI,ELANTRA,39.06075889,-77.28217164,2025,1,8
250001057,Property Damage Crash,01/09/2025 08:00:00 AM,VEIRS MILL RD,NA,"Sideswipe, Same Direction",Clear,Dry,Daylight,No Controls,NONE DETECTED,No,NA,NA,NA,NA,NA,NA,35,No,0,NA,NA,39.07314167,-77.11156167,2025,1,8
250001057,Property Damage Crash,01/09/2025 08:00:00 AM,VEIRS MILL RD,NA,"Sideswipe, Same Direction",Clear,Dry,Daylight,No Controls,NONE DETECTED,No,No Apparent Injury,NA,Not Distracted,MD,Bus - Transit,Stopped in Traffic,35,No,2019,NEW FLYER,XCELSIOR,39.07314167,-77.11156167,2025,1,8
250001053,Property Damage Crash,01/09/2025 07:25:00 AM,MONTROSE PKWY (WB/L),NA,Angle,Clear,Dry,Daylight,Traffic Control Signal,NONE DETECTED,No,No Apparent Injury,NA,Not Distracted,MD,Passenger Car,Moving Constant Speed,40,No,2022,HYUNDAI,SANTA FE,39.05199486,-77.11847218,2025,1,7
250001053,Property Damage Crash,01/09/2025 07:25:00 AM,MONTROSE PKWY (WB/L),NA,Angle,Clear,Dry,Daylight,Traffic Control Signal,NONE DETECTED,No,No Apparent Injury,NA,Unknown,MD,Passenger Car,Moving Constant Speed,40,No,2008,HONDA,ACCORD,39.05199486,-77.11847218,2025,1,7
250001036,Property Damage Crash,01/08/2025 11:52:00 PM,RABBITT RD,NA,Front to Rear,Clear,Dry,Medium,No Controls,DRUG AND ALCOHOL CONTRIBUTED,No,No Apparent Injury,"Operated Motor Vehicle in Inattentive, Careless, Negligent, or Erratic Manner, Operated Motor Vehicle in Reckless or Aggressive Manner",Not Distracted,MD,Passenger Car,Accelerating,25,No,2017,BMW,330I,39.14028387,-77.23181634,2025,1,23
250001030,Injury Crash,01/08/2025 10:52:00 PM,RANDOLPH RD,NA,Single Vehicle,Clear,Ice/Frost,Medium,No Controls,NONE DETECTED,No,Possible Minor Injury,NA,Not Distracted,MD,Passenger Car,NA,35,No,2005,MAZDA,MAZDA3,39.0548931,-77.0844605,2025,1,22
250001028,Property Damage Crash,01/08/2025 09:58:00 PM,CRABBS BRANCH WAY,NA,Front to Rear,Snow,Snow,Medium,No Controls,NONE DETECTED,Yes,No Apparent Injury,Too Fast For Conditions,Unknown,MD,Passenger Car,Negotiating a Curve,30,No,2003,LEXUS,IS,39.12426742,-77.16392614,2025,1,21
250001025,Property Damage Crash,01/08/2025 08:36:00 PM,COLUMBIA PIKE,NA,Front to Rear,Clear,Dry,Medium,Traffic Control Signal,NONE DETECTED,No,No Apparent Injury,NA,Not Distracted,MD,Passenger Car,Moving Constant Speed,55,No,2020,HONDA,CIVIC,39.07206333,-76.95633983,2025,1,20
250001025,Property Damage Crash,01/08/2025 08:36:00 PM,COLUMBIA PIKE,NA,Front to Rear,Clear,Dry,Medium,Traffic Control Signal,NONE DETECTED,No,No Apparent Injury,NA,Unknown,FL,Passenger Car,Stopped in Traffic,55,No,2010,BMW,328I,39.07206333,-76.95633983,2025,1,20