Local Case Number,ACRS Report Type,Crash Date/Time,Road Name,Related Non-Motorist,Collision Type,Weather,Surface Condition,Light,Traffic Control,Driver Substance Abuse,Driver At Fault,Injury Severity,Circumstance,Driver Distracted By,Drivers License State,Vehicle Body Type,Vehicle Movement,Speed Limit,Driverless Vehicle,Vehicle Year,Vehicle Make,Vehicle Model,Latitude,Longitude,Year,Month,Hour
250001010,Property Damage Crash,01/08/2025 06:15:00 PM,16TH ST,NA,Angle,Clear,Dry,Medium,Traffic Control Signal,ALCOHOL PRESENT,Yes,No Apparent Injury,Ran Red Light,Not Distracted,FL,Passenger Car,Moving Constant Speed,30,No,2017,HYUNDAI,ELANTRA,39.00310594,-77.0400512,2025,1,18
250001010,Property Damage Crash,01/08/2025 06:15:00 PM,16TH ST,NA,Angle,Clear,Dry,Medium,Traffic Control Signal,NONE DETECTED,No,No Apparent Injury,NA,Not Distracted,MD,Passenger Car,Moving Constant Speed,30,No,2015,TOYOTA,COROLLA,39.00310594,-77.0400512,2025,1,18
250001002,Injury Crash,01/08/2025 05:40:00 PM,NA,NA,Angle,Clear,Dry,Medium,Traffic Control Signal,NONE DETECTED,Yes,Possible Minor Injury,Failed to Yield Right-of-Way,Not Distracted,MD,Passenger Car,Turning Left,40,No,2021,TOYOTA,CAMRY,39.05755356,-77.12018758,2025,1,17
250001002,Injury Crash,01/08/2025 05:40:00 PM,NA,NA,Angle,Clear,Dry,Medium,Traffic Control Signal,NONE DETECTED,No,Possible Minor Injury,NA,Not Distracted,MD,Sport Utility Vehicle,Moving Constant Speed,40,No,2022,HONDA,CR-V,39.05755356,-77.12018758,2025,1,17
250001000,Property Damage Crash,01/08/2025 05:31:00 PM,FREDERICK RD (SB/L),NA,Front to Rear,Clear,Wet,Medium,No Controls,NONE DETECTED,No,No Apparent Injury,NA,Not Distracted,MD,Passenger Car,Slowing or Stopping,45,No,2016,FORD,FOCUS,39.18540053,-77.23963735,2025,1,17
250001000,Property Damage Crash,01/08/2025 05:31:00 PM,FREDERICK RD (SB/L),NA,Front to Rear,Clear,Wet,Medium,No Controls,NONE DETECTED,Yes,No Apparent Injury,NA,Not Distracted,MD,Sport Utility Vehicle,Slowing or Stopping,45,No,2011,NISSAN,ROGUE,39.18540053,-77.23963735,2025,1,17
250001001,Property Damage Crash,01/08/2025 04:47:00 PM,MIDDLEBROOK RD (WB/L),NA,Angle,Snow,Slush,Medium,No Controls,NONE DETECTED,No,No Apparent Injury,NA,Not Distracted,MD,Passenger Car,Moving Constant Speed,35,No,2004,HONDA,CIVIC,39.18145917,-77.2693265,2025,1,16
250001001,Property Damage Crash,01/08/2025 04:47:00 PM,MIDDLEBROOK RD (WB/L),NA,Angle,Snow,Slush,Medium,No Controls,NONE DETECTED,No,NA,NA,NA,NA,Passenger Car,Entering Traffic Lane,35,No,2005,HONDA,CR-V,39.18145917,-77.2693265,2025,1,16
250000985,Property Damage Crash,01/08/2025 03:44:00 PM,ALLEY,NA,"Sideswipe, Same Direction",Clear,Slush,Daylight,No Controls,NONE DETECTED,No,No Apparent Injury,"Improper Backing, Other Improper Action",Unknown,NA,Passenger Car,NA,10,No,2003,TOYOTA,SIENNA,39.04085227,-77.05061966,2025,1,15
250000971,Property Damage Crash,01/08/2025 02:30:00 PM,GAITHER RD,NA,Other,Clear,Dry,Daylight,Traffic Control Signal,NONE DETECTED,Yes,No Apparent Injury,NA,Unknown,MD,Sport Utility Vehicle,Turning Right,25,No,2024,LEXUS,UX,39.11747935,-77.18369872,2025,1,14
250000971,Property Damage Crash,01/08/2025 02:30:00 PM,GAITHER RD,NA,Other,Clear,Dry,Daylight,Traffic Control Signal,NONE DETECTED,No,No Apparent Injury,NA,Not Distracted,MD,Sport Utility Vehicle,Turning Left,25,No,2020,BMW,X2,39.11747935,-77.18369872,2025,1,14
250000979,Injury Crash,01/08/2025 02:16:00 PM,FOREST GLEN RD,NA,Front to Front,Clear,Dry,Daylight,No Controls,NONE DETECTED,No,Possible Minor Injury,NA,Not Distracted,MD,Passenger Car,Moving Constant Speed,30,No,2019,NISSAN,ROGUE,39.01553399,-77.04257725,2025,1,14
250000979,Injury Crash,01/08/2025 02:16:00 PM,FOREST GLEN RD,NA,Front to Front,Clear,Dry,Daylight,No Controls,NONE DETECTED,Yes,Possible Minor Injury,Failed to Yield Right-of-Way,Not Distracted,MD,Passenger Car,Turning Left,30,No,2016,NISSAN,ROGUE,39.01553399,-77.04257725,2025,1,14
250000969,Injury Crash,01/08/2025 02:15:00 PM,ROCKVILLE PIKE (SB/L),NA,Front to Rear,Cloudy,Dry,Daylight,No Controls,NONE DETECTED,Yes,Possible Minor Injury,"Followed Too Closely, Too Fast For Conditions",Unknown,DC,Passenger Car,Moving Constant Speed,35,No,2008,SUZUKI,SX4,39.01719316,-77.10190982,2025,1,14
250000969,Injury Crash,01/08/2025 02:15:00 PM,ROCKVILLE PIKE (SB/L),NA,Front to Rear,Cloudy,Dry,Daylight,No Controls,NONE DETECTED,No,Possible Minor Injury,NA,Not Distracted,MD,Passenger Car,Slowing or Stopping,35,No,2013,MERCEDES-BENZ,SPRINTER,39.01719316,-77.10190982,2025,1,14
250000966,Property Damage Crash,01/08/2025 02:11:00 PM,GEORGIA AVE (SB/L),NA,Front to Rear,Cloudy,Dry,Daylight,No Controls,NONE DETECTED,Yes,No Apparent Injury,NA,Not Distracted,MD,Passenger Car,Moving Constant Speed,40,No,2013,BUICK,LACROSSE,39.12397668,-77.07322801,2025,1,14
250000966,Property Damage Crash,01/08/2025 02:11:00 PM,GEORGIA AVE (SB/L),NA,Front to Rear,Cloudy,Dry,Daylight,No Controls,NONE DETECTED,No,No Apparent Injury,NA,Not Distracted,MD,Pickup,Slowing or Stopping,40,No,2012,FORD,F-150,39.12397668,-77.07322801,2025,1,14
250000984,Property Damage Crash,01/08/2025 02:00:00 PM,NA,NA,Unknown,Clear,NA,Daylight,NA,NONE DETECTED,Yes,No Apparent Injury,NA,Unknown,MD,Passenger Car,NA,0,No,2018,HYUNDAI,SONATA,39.10290149,-77.19265606,2025,1,14
250000960,Property Damage Crash,01/08/2025 01:20:00 PM,BRADLEY BLVD,NA,Rear To Side,Clear,Dry,Daylight,Traffic Control Signal,NONE DETECTED,No,No Apparent Injury,NA,Not Distracted,MD,Passenger Car,Moving Constant Speed,35,No,2016,TOYOTA,PRIUS,39.00202286,-77.18097796,2025,1,13
250000960,Property Damage Crash,01/08/2025 01:20:00 PM,BRADLEY BLVD,NA,Rear To Side,Clear,Dry,Daylight,Traffic Control Signal,NONE DETECTED,Yes,No Apparent Injury,NA,"Other Action (looking away from task, etc.)",MD,Passenger Car,Turning Left,35,No,2007,MAZDA,CX-7,39.00202286,-77.18097796,2025,1,13
250001250,Property Damage Crash,01/08/2025 12:30:00 PM,SECURITY LA,NA,Front to Rear,Clear,Dry,Daylight,Stop Sign,NONE DETECTED,Yes,No Apparent Injury,NA,Not Distracted,MD,Passenger Car,Slowing or Stopping,30,No,2016,FORD,TAURUS,39.04179845,-77.11314585,2025,1,12
250001250,Property Damage Crash,01/08/2025 12:30:00 PM,SECURITY LA,NA,Front to Rear,Clear,Dry,Daylight,Stop Sign,NONE DETECTED,No,No Apparent Injury,NA,Not Distracted,MD,Passenger Car,Slowing or Stopping,30,No,2008,HONDA,ODYSSEY,39.04179845,-77.11314585,2025,1,12
250000947,Property Damage Crash,01/08/2025 11:42:00 AM,BENTLEY PARK DR,NA,Single Vehicle,Snow,Snow,Daylight,No Controls,NONE DETECTED,Yes,No Apparent Injury,"Ran Off Roadway, Too Fast For Conditions",Unknown,MD,Sport Utility Vehicle,NA,25,No,2010,TOYOTA,RAV4,39.09631742,-76.91983263,2025,1,11
250000941,Property Damage Crash,01/08/2025 11:00:00 AM,CONNECTICUT AVE,NA,Angle,Snow,Ice/Frost,Daylight,No Controls,NONE DETECTED,Yes,No Apparent Injury,"Failed to Keep in Proper Lane, Failed to Yield Right-of-Way",Not Distracted,MD,Passenger Car,Entering Traffic Lane,35,No,2023,AUDI,S3,39.02819783,-77.07647917,2025,1,11
250000941,Property Damage Crash,01/08/2025 11:00:00 AM,CONNECTICUT AVE,NA,Angle,Snow,Ice/Frost,Daylight,No Controls,NONE DETECTED,No,No Apparent Injury,NA,Not Distracted,MD,Passenger Car,Moving Constant Speed,35,No,2020,CHEVROLET,TRAX,39.02819783,-77.07647917,2025,1,11
250000934,Property Damage Crash,01/08/2025 10:45:00 AM,GILBERT RD,NA,"Sideswipe, Same Direction",Snow,Snow,Daylight,Stop Sign,NONE DETECTED,Yes,No Apparent Injury,NA,Not Distracted,MD,Passenger Car,Turning Right,30,No,2023,FORD,F-550,39.0830309,-77.13500453,2025,1,10
250000932,Property Damage Crash,01/08/2025 10:18:00 AM,ROCKVILLE PIKE,NA,Angle,Clear,Wet,Daylight,Traffic Control Signal,NONE DETECTED,No,No Apparent Injury,NA,Not Distracted,MD,Sport Utility Vehicle,Moving Constant Speed,35,No,2018,TOYOTA,RAV4,39.03441156,-77.10681049,2025,1,10
250000932,Property Damage Crash,01/08/2025 10:18:00 AM,ROCKVILLE PIKE,NA,Angle,Clear,Wet,Daylight,Traffic Control Signal,NONE DETECTED,No,No Apparent Injury,NA,Not Distracted,MD,Sport Utility Vehicle,Turning Left,35,No,2012,SUBARU,FORESTER,39.03441156,-77.10681049,2025,1,10
250000931,Property Damage Crash,01/08/2025 09:45:00 AM,DAMASCUS RD,NA,Single Vehicle,Cloudy,Snow,Daylight,No Controls,NONE DETECTED,Yes,No Apparent Injury,Too Fast For Conditions,Not Distracted,MD,Passenger Car,Moving Constant Speed,30,No,2022,LUCID,AIR,39.2840605,-77.18513533,2025,1,9
250000927,Injury Crash,01/08/2025 08:41:00 AM,CRABBS BRANCH WAY,NA,"Sideswipe, Same Direction",Clear,Slush,Daylight,No Controls,NONE DETECTED,No,No Apparent Injury,"Swerved or Avoided Due to Wind, Slippery Surface, Motor Vehicle, Object, Non-Motorist in Roadway, etc",Unknown,NA,Passenger Car,NA,35,No,0,NA,NA,39.1245909,-77.16441777,2025,1,8
250000927,Injury Crash,01/08/2025 08:41:00 AM,CRABBS BRANCH WAY,NA,"Sideswipe, Same Direction",Clear,Slush,Daylight,No Controls,NONE DETECTED,No,Possible Minor Injury,NA,Not Distracted,MD,Passenger Car,Moving Constant Speed,35,No,2015,VOLKSWAGEN,JETTA,39.1245909,-77.16441777,2025,1,8
250000928,Injury Crash,01/08/2025 08:41:00 AM,CRABBS BRANCH WAY,NA,Other,Clear,Slush,Daylight,No Controls,NONE DETECTED,No,Possible Minor Injury,NA,Not Distracted,AZ,Passenger Car,Stopped in Traffic,35,No,2003,HONDA,ODYSSEY,39.12448616,-77.16427332,2025,1,8
250000928,Injury Crash,01/08/2025 08:41:00 AM,CRABBS BRANCH WAY,NA,Other,Clear,Slush,Daylight,No Controls,NONE DETECTED,Yes,No Apparent Injury,NA,Not Distracted,MD,Passenger Car,Moving Constant Speed,35,No,2009,FORD,FOCUS,39.12448616,-77.16427332,2025,1,8
250000920,Injury Crash,01/08/2025 08:41:00 AM,CRABBS BRANCH WAY,NA,Other,Clear,Slush,Daylight,No Controls,NONE DETECTED,Yes,Possible Minor Injury,NA,Not Distracted,AZ,Passenger Car,Moving Constant Speed,35,No,2003,HONDA,ODYSSEY,39.12442422,-77.16441284,2025,1,8
250000916,Property Damage Crash,01/08/2025 08:22:00 AM,NA,NA,Angle,Clear,Dry,Daylight,Traffic Control Signal,NONE DETECTED,No,No Apparent Injury,NA,Not Distracted,MD,Pickup,Accelerating,30,No,2019,CHEVROLET,SILVERADO,39.11552022,-77.16623125,2025,1,8
250000916,Property Damage Crash,01/08/2025 08:22:00 AM,NA,NA,Angle,Clear,Dry,Daylight,Traffic Control Signal,NONE DETECTED,Yes,No Apparent Injury,NA,Unknown,KY,Passenger Car,Moving Constant Speed,35,No,2016,HONDA,ACCORD,39.11552022,-77.16623125,2025,1,8
250000916,Property Damage Crash,01/08/2025 08:22:00 AM,NA,NA,Angle,Clear,Dry,Daylight,Traffic Control Signal,NONE DETECTED,No,No Apparent Injury,NA,Not Distracted,MD,Passenger Car,Moving Constant Speed,30,No,2018,MERCEDES-BENZ,E-CLASS,39.11552022,-77.16623125,2025,1,8
250000913,Property Damage Crash,01/08/2025 08:15:00 AM,DETRICK AVE,NA,"Sideswipe, Same Direction",Snow,Ice/Frost,Daylight,No Controls,NONE DETECTED,No,No Apparent Injury,Failed to Keep in Proper Lane,Not Distracted,MD,Passenger Car,Moving Constant Speed,5,No,2012,FORD,F-250,39.02641017,-77.07891717,2025,1,8
250000911,Property Damage Crash,01/08/2025 07:47:00 AM,MORNINGWOOD DR,NA,"Sideswipe, Same Direction",Snow,Slush,Daylight,Traffic Control Signal,NONE DETECTED,Yes,No Apparent Injury,"Failed to Keep in Proper Lane, Failed to Yield Right-of-Way, Improper Passing",Not Distracted,MD,Passenger Car,Changing Lanes,30,No,2023,MITSUBISHI,OUTLANDER,39.15042842,-77.06690395,2025,1,7
250000911,Property Damage Crash,01/08/2025 07:47:00 AM,MORNINGWOOD DR,NA,"Sideswipe, Same Direction",Snow,Slush,Daylight,Traffic Control Signal,NONE DETECTED,No,No Apparent Injury,NA,Not Distracted,MD,Passenger Car,Moving Constant Speed,30,No,2023,MERCEDES-BENZ,EQB-CLASS,39.15042842,-77.06690395,2025,1,7
250000918,Injury Crash,01/08/2025 06:27:00 AM,POWDER MILL RD,NA,Single Vehicle,Snow,Ice/Frost,Medium,No Controls,NONE DETECTED,No,Possible Minor Injury,NA,Unknown,MD,Sport Utility Vehicle,Moving Constant Speed,35,No,2016,CHEVROLET,EQUINOX,39.02556643,-76.9679352,2025,1,6
250000906,Property Damage Crash,01/08/2025 05:44:00 AM,MARIANNA DR,NA,Front to Front,Snow,Snow,Dark,No Controls,NONE DETECTED,Yes,No Apparent Injury,NA,Not Distracted,NA,Passenger Car,Moving Constant Speed,25,No,2009,TOYOTA,CAMRY,39.08602067,-77.08837583,2025,1,5
250000905,Injury Crash,01/08/2025 05:40:00 AM,N SUMMIT AVE,NA,Front to Rear,Clear,Dry,Medium,Traffic Control Signal,NONE DETECTED,No,No Apparent Injury,NA,Not Distracted,MD,Van - Passenger (&lt;9 Seats),Stopped in Traffic,30,No,2023,CHRYSLER,VOYAGER,39.14251883,-77.19331233,2025,1,5
250000905,Injury Crash,01/08/2025 05:40:00 AM,N SUMMIT AVE,NA,Front to Rear,Clear,Dry,Medium,Traffic Control Signal,NONE DETECTED,No,No Apparent Injury,NA,Unknown,MD,Passenger Car,Moving Constant Speed,30,No,2016,TOYOTA,COROLLA,39.14251883,-77.19331233,2025,1,5
250000904,Injury Crash,01/08/2025 03:00:00 AM,WARING STATION RD,NA,Single Vehicle,Snow,Snow,Dark,No Controls,NONE DETECTED,Yes,Possible Minor Injury,NA,Not Distracted,MD,Passenger Car,Negotiating a Curve,35,No,2018,CADILLAC,CT6,39.15773161,-77.25340902,2025,1,3
250000892,Injury Crash,01/07/2025 10:18:00 PM,BUCKLODGE RD,NA,Single Vehicle,Snow,Snow,Dark,No Controls,NONE DETECTED,No,Possible Minor Injury,"Ran Off Roadway, Too Fast For Conditions",Unknown,MD,Passenger Car,Moving Constant Speed,30,No,2013,KIA,OPTIMA,39.16818849,-77.35967352,2025,1,22
250000884,Property Damage Crash,01/07/2025 08:29:00 PM,ARCOLA AVE,NA,Other,Clear,Ice/Frost,Medium,Traffic Control Signal,NONE DETECTED,No,No Apparent Injury,NA,Not Distracted,MD,Passenger Car,Moving Constant Speed,35,No,2020,FORD,ECOSPORT,39.0468932,-77.05193602,2025,1,20
250000884,Property Damage Crash,01/07/2025 08:29:00 PM,ARCOLA AVE,NA,Other,Clear,Ice/Frost,Medium,Traffic Control Signal,NONE DETECTED,Yes,No Apparent Injury,NA,"Other Action (looking away from task, etc.)",NA,Passenger Car,Turning Right,35,No,2021,HONDA,HR-V,39.0468932,-77.05193602,2025,1,20
250000880,Injury Crash,01/07/2025 07:00:00 PM,ARLINGTON RD,Pedestrian,Single Vehicle,Clear,Wet,Medium,Traffic Control Signal,NONE DETECTED,No,NA,NA,NA,NA,NA,Moving Constant Speed,35,No,0,NA,NA,38.97802135,-77.09870974,2025,1,19
250000877,Property Damage Crash,01/07/2025 06:39:00 PM,KEMPTOWN RD,NA,Front to Front,Snow,Slush,Medium,No Controls,NONE DETECTED,No,No Apparent Injury,NA,Not Distracted,MD,Sport Utility Vehicle,Moving Constant Speed,40,No,2008,JEEP,LIBERTY,39.32151,-77.20177333,2025,1,18
250000877,Property Damage Crash,01/07/2025 06:39:00 PM,KEMPTOWN RD,NA,Front to Front,Snow,Slush,Medium,No Controls,NONE DETECTED,No,No Apparent Injury,Wrong Side,Unknown,MD,Sport Utility Vehicle,Moving Constant Speed,40,No,2021,TOYOTA,TACOMA,39.32151,-77.20177333,2025,1,18
250000875,Property Damage Crash,01/07/2025 06:25:00 PM,LOCKWOOD DR,NA,Front to Rear,Snow,Ice/Frost,Medium,No Controls,NONE DETECTED,No,No Apparent Injury,NA,Not Distracted,DC,Bus - Transit,Stopped in Traffic,25,No,2023,NEW FLYER,XCELSIOR,39.04109591,-76.98742853,2025,1,18
250000875,Property Damage Crash,01/07/2025 06:25:00 PM,LOCKWOOD DR,NA,Front to Rear,Snow,Ice/Frost,Medium,No Controls,NONE DETECTED,No,NA,NA,NA,NA,NA,Moving Constant Speed,25,No,0,NA,NA,39.04109591,-76.98742853,2025,1,18
250000871,Injury Crash,01/07/2025 06:17:00 PM,WHEATON PLZ RING RD CUT,Pedestrian,Single Vehicle,Snow,Slush,Medium,Pedestrian Crossing,NONE DETECTED,Yes,No Apparent Injury,NA,Not Distracted,MD,Passenger Car,Turning Left,15,No,2011,FORD,ESCAPE,39.0374745,-77.05735933,2025,1,18
250000870,Property Damage Crash,01/07/2025 06:01:00 PM,NORBECK RD,NA,Single Vehicle,Snow,Ice/Frost,Dark,No Controls,NONE DETECTED,Yes,No Apparent Injury,"Ran Off Roadway, Too Fast For Conditions",Not Distracted,MD,Passenger Car,Moving Constant Speed,40,No,2012,BMW,328I,39.12230497,-76.99756066,2025,1,18
250000862,Property Damage Crash,01/07/2025 05:40:00 PM,RAMP 6 FR MD 28 EB TO IS 270 SB,NA,Front to Rear,Clear,Ice/Frost,Medium,Flashing Traffic Control Signal,NONE DETECTED,No,No Apparent Injury,NA,Not Distracted,VA,Sport Utility Vehicle,Slowing or Stopping,30,No,2015,CADILLAC,ESCALADE,39.0877001,-77.17680188,2025,1,17
250000862,Property Damage Crash,01/07/2025 05:40:00 PM,RAMP 6 FR MD 28 EB TO IS 270 SB,NA,Front to Rear,Clear,Ice/Frost,Medium,Flashing Traffic Control Signal,NONE DETECTED,No,No Apparent Injury,NA,Not Distracted,MD,Van - Passenger (&lt;9 Seats),Slowing or Stopping,30,No,2015,HONDA,ODYSSEY,39.0877001,-77.17680188,2025,1,17
250000855,Property Damage Crash,01/07/2025 04:15:00 PM,BURLINGTON AVE,NA,"Sideswipe, Same Direction",Clear,Dry,Daylight,Traffic Control Signal,NONE DETECTED,Yes,No Apparent Injury,Other Improper Action,Not Distracted,DC,Bus - Transit,Moving Constant Speed,30,No,2009,GILLIG,LOW FLOOR BUS,38.98750424,-77.02671895,2025,1,16
250000855,Property Damage Crash,01/07/2025 04:15:00 PM,BURLINGTON AVE,NA,"Sideswipe, Same Direction",Clear,Dry,Daylight,Traffic Control Signal,NONE DETECTED,Yes,No Apparent Injury,Other Improper Action,Not Distracted,MD,Pickup,Moving Constant Speed,30,No,2023,TOYOTA,TACOMA,38.98750424,-77.02671895,2025,1,16
250000846,Injury Crash,01/07/2025 04:12:00 PM,GEORGIA AVE (SB/L),Pedestrian,Single Vehicle,Cloudy,Snow,Daylight,Traffic Control Signal,NONE DETECTED,No,No Apparent Injury,NA,Not Distracted,MD,Passenger Car,Turning Left,25,No,2021,TOYOTA,VENZA,38.99154861,-77.02688084,2025,1,16
250000850,Injury Crash,01/07/2025 04:09:00 PM,ROCKVILLE PIKE (SB/L),NA,Single Vehicle,Snow,Slush,Daylight,No Controls,NONE DETECTED,Yes,Possible Minor Injury,"Swerved or Avoided Due to Wind, Slippery Surface, Motor Vehicle, Object, Non-Motorist in Roadway, etc",Not Distracted,MD,Passenger Car,Changing Lanes,40,No,2022,KIA,SOUL,39.0231625,-77.10311583,2025,1,16
250000852,Property Damage Crash,01/07/2025 04:05:00 PM,LOCKSLEY LA,NA,Other,Clear,Wet,Daylight,Traffic Control Signal,NONE DETECTED,No,No Apparent Injury,NA,Not Distracted,MD,Passenger Car,Moving Constant Speed,30,No,2015,DODGE,CHARGER,39.07154662,-77.01139616,2025,1,16
250000852,Property Damage Crash,01/07/2025 04:05:00 PM,LOCKSLEY LA,NA,Other,Clear,Wet,Daylight,Traffic Control Signal,NONE DETECTED,Yes,No Apparent Injury,NA,Unknown,MD,Passenger Car,Moving Constant Speed,45,No,2014,VOLKSWAGEN,JETTA,39.07154662,-77.01139616,2025,1,16
250000844,Property Damage Crash,01/07/2025 03:50:00 PM,UNIVERSITY BLVD W (WB/L),NA,Angle,Clear,Wet,Daylight,Traffic Control Signal,NONE DETECTED,No,No Apparent Injury,NA,Not Distracted,MD,Passenger Car,Accelerating,25,No,2013,TOYOTA,HIGHLANDER,39.02611917,-77.02003633,2025,1,15
250000844,Property Damage Crash,01/07/2025 03:50:00 PM,UNIVERSITY BLVD W (WB/L),NA,Angle,Clear,Wet,Daylight,Traffic Control Signal,NONE DETECTED,Yes,No Apparent Injury,NA,Not Distracted,MD,Passenger Car,Moving Constant Speed,40,No,2017,KIA,SPORTAGE,39.02611917,-77.02003633,2025,1,15
250000830,Injury Crash,01/07/2025 02:24:00 PM,CENTURY BLVD,NA,Angle,Snow,Slush,Daylight,Traffic Control Signal,NONE DETECTED,No,Possible Minor Injury,NA,Not Distracted,MD,Passenger Car,Moving Constant Speed,40,No,2018,FORD,TAURUS,39.18288065,-77.26372607,2025,1,14
250000830,Injury Crash,01/07/2025 02:24:00 PM,CENTURY BLVD,NA,Angle,Snow,Slush,Daylight,Traffic Control Signal,NONE DETECTED,Yes,No Apparent Injury,NA,Unknown,MD,Passenger Car,Moving Constant Speed,20,No,2022,KIA,SELTOS,39.18288065,-77.26372607,2025,1,14
250000831,Property Damage Crash,01/07/2025 02:18:00 PM,CHALKSTONE CT,NA,Rear To Rear,Snow,Snow,Daylight,No Controls,NONE DETECTED,No,No Apparent Injury,NA,Not Distracted,MD,Other Trucks,Backing,15,No,2014,MACK,GU (GRANITE),39.07140067,-76.97205183,2025,1,14
250000828,Property Damage Crash,01/07/2025 01:41:00 PM,SOUTHLAWN LA,NA,Angle,Clear,Wet,Daylight,Traffic Control Signal,NONE DETECTED,No,No Apparent Injury,NA,Not Distracted,MD,Sport Utility Vehicle,Turning Left,35,No,2012,CHEVROLET,TAHOE,39.09763982,-77.13659288,2025,1,13
250000828,Property Damage Crash,01/07/2025 01:41:00 PM,SOUTHLAWN LA,NA,Angle,Clear,Wet,Daylight,Traffic Control Signal,NONE DETECTED,Yes,No Apparent Injury,Ran Red Light,"Other Action (looking away from task, etc.)",MD,Passenger Car,Moving Constant Speed,35,No,2025,HONDA,ACCORD CROSSTOUR,39.09763982,-77.13659288,2025,1,13
250000825,Property Damage Crash,01/07/2025 01:25:00 PM,BOYSENBERRY DR,NA,Rear To Side,Clear,Snow,Daylight,No Controls,NONE DETECTED,Yes,No Apparent Injury,NA,Not Distracted,MD,Low Speed Vehicle,Accelerating,25,No,2000,FORD,EXPLORER,39.16055383,-77.2057035,2025,1,13
240062300,Injury Crash,01/07/2025 12:25:00 PM,GEORGIA AVE,NA,Front to Rear,Clear,Dry,Daylight,No Controls,NONE DETECTED,No,Possible Minor Injury,NA,Not Distracted,MD,Passenger Car,Moving Constant Speed,35,No,2015,NISSAN,VERSA,39.05681848,-77.04982831,2025,1,12
240062300,Injury Crash,01/07/2025 12:25:00 PM,GEORGIA AVE,NA,Front to Rear,Clear,Dry,Daylight,No Controls,NONE DETECTED,No,No Apparent Injury,NA,Unknown,MD,Passenger Car,Moving Constant Speed,35,No,2012,BMW,328I,39.05681848,-77.04982831,2025,1,12
250000801,Property Damage Crash,01/07/2025 11:20:00 AM,OLD GEORGETOWN RD,NA,Front to Rear,Snow,Slush,Daylight,Traffic Control Signal,NONE DETECTED,Yes,No Apparent Injury,NA,"Other Action (looking away from task, etc.)",NA,Passenger Car,Slowing or Stopping,35,No,2014,FORD,ESCAPE,39.00198818,-77.10923237,2025,1,11
250000801,Property Damage Crash,01/07/2025 11:20:00 AM,OLD GEORGETOWN RD,NA,Front to Rear,Snow,Slush,Daylight,Traffic Control Signal,NONE DETECTED,No,No Apparent Injury,NA,Not Distracted,MD,Pickup,Stopped in Traffic,35,No,2024,FORD,F-250,39.00198818,-77.10923237,2025,1,11
250000795,Injury Crash,01/07/2025 10:27:00 AM,TWINBROOK PKWY,NA,Rear To Side,Clear,Slush,Daylight,No Controls,NONE DETECTED,No,Possible Minor Injury,NA,Not Distracted,MD,Passenger Car,Moving Constant Speed,35,No,2007,HONDA,CR-V,39.07024723,-77.11392831,2025,1,10
250000795,Injury Crash,01/07/2025 10:27:00 AM,TWINBROOK PKWY,NA,Rear To Side,Clear,Slush,Daylight,No Controls,NONE DETECTED,Yes,Possible Minor Injury,NA,Not Distracted,MD,Passenger Car,Turning Left,25,No,2020,FORD,FUSION,39.07024723,-77.11392831,2025,1,10
25000035,Injury Crash,01/07/2025 09:52:00 AM,NA,NA,"Sideswipe, Same Direction",Snow,Snow,Daylight,No Controls,NONE DETECTED,No,Possible Minor Injury,NA,Not Distracted,MD,Passenger Car,Turning Right,30,No,2017,FORD,EXPLORER,39.08337186,-76.93801957,2025,1,9
25000035,Injury Crash,01/07/2025 09:52:00 AM,NA,NA,"Sideswipe, Same Direction",Snow,Snow,Daylight,No Controls,NONE DETECTED,Yes,Possible Minor Injury,NA,Not Distracted,MD,Passenger Car,Slowing or Stopping,30,No,2022,HONDA,CR-V,39.08337186,-76.93801957,2025,1,9