Local Case Number,ACRS Report Type,Crash Date/Time,Road Name,Related Non-Motorist,Collision Type,Weather,Surface Condition,Light,Traffic Control,Driver Substance Abuse,Driver At Fault,Injury Severity,Circumstance,Driver Distracted By,Drivers License State,Vehicle Body Type,Vehicle Movement,Speed Limit,Driverless Vehicle,Vehicle Year,Vehicle Make,Vehicle Model,Latitude,Longitude,Year,Month,Hour
250000778,Injury Crash,01/07/2025 08:00:00 AM,VEIRS MILL RD,NA,Front to Rear,Clear,Wet,Daylight,Traffic Control Signal,NONE DETECTED,Yes,Possible Minor Injury,NA,Not Distracted,MD,Sport Utility Vehicle,Slowing or Stopping,35,No,2003,FORD,EXPLORER,39.06312604,-77.09487359,2025,1,8
250000778,Injury Crash,01/07/2025 08:00:00 AM,VEIRS MILL RD,NA,Front to Rear,Clear,Wet,Daylight,Traffic Control Signal,NONE DETECTED,No,No Apparent Injury,NA,Not Distracted,MD,Sport Utility Vehicle,Slowing or Stopping,35,No,2009,LEXUS,UNKNOWN,39.06312604,-77.09487359,2025,1,8
250000778,Injury Crash,01/07/2025 08:00:00 AM,VEIRS MILL RD,NA,Front to Rear,Clear,Wet,Daylight,Traffic Control Signal,NONE DETECTED,No,No Apparent Injury,NA,Not Distracted,MD,Sport Utility Vehicle,Slowing or Stopping,35,No,2024,JEEP,GRAND CHEROKEE,39.06312604,-77.09487359,2025,1,8
250000773,Property Damage Crash,01/07/2025 04:41:00 AM,LINCOLN AVE,NA,"Sideswipe, Opposite Direction",Snow,Snow,Medium,No Controls,NONE DETECTED,No,No Apparent Injury,NA,Unknown,MD,Single-Unit Truck,Moving Constant Speed,25,No,2024,FREIGHTLINER,108SD,39.0918771,-77.14885293,2025,1,4
250000758,Injury Crash,01/06/2025 08:35:00 PM,NA,NA,Angle,Snow,Snow,Medium,No Controls,NONE DETECTED,Yes,Possible Minor Injury,NA,Not Distracted,MD,Bus - Transit,Negotiating a Curve,30,No,2013,NEW FLYER,XCELSIOR,38.98777583,-77.08324717,2025,1,20
250000758,Injury Crash,01/06/2025 08:35:00 PM,NA,NA,Angle,Snow,Snow,Medium,No Controls,NONE DETECTED,No,No Apparent Injury,NA,Not Distracted,MD,Passenger Car,Slowing or Stopping,30,No,2020,MERCEDES-BENZ,A-CLASS,38.98777583,-77.08324717,2025,1,20
250000760,Injury Crash,01/06/2025 08:33:00 PM,TRAVILAH RD,NA,Front to Front,Snow,Wet,Medium,No Controls,NONE DETECTED,No,Possible Minor Injury,NA,Not Distracted,MD,Pickup,Moving Constant Speed,30,No,2016,FORD,F-450,39.09025733,-77.21295361,2025,1,20
250000760,Injury Crash,01/06/2025 08:33:00 PM,TRAVILAH RD,NA,Front to Front,Snow,Wet,Medium,No Controls,NONE DETECTED,No,Possible Minor Injury,Failed to Keep in Proper Lane,Not Distracted,PA,Sport Utility Vehicle,Moving Constant Speed,30,No,2023,GENESIS,GV80,39.09025733,-77.21295361,2025,1,20
250000755,Injury Crash,01/06/2025 07:38:00 PM,NA,NA,Front to Rear,Snow,Snow,Medium,Traffic Control Signal,NONE DETECTED,No,Possible Minor Injury,NA,Not Distracted,MD,Passenger Car,Stopped in Traffic,35,No,2024,NISSAN,ALTIMA,39.0410967,-77.02902252,2025,1,19
250000755,Injury Crash,01/06/2025 07:38:00 PM,NA,NA,Front to Rear,Snow,Snow,Medium,Traffic Control Signal,NONE DETECTED,No,NA,Followed Too Closely,Unknown,NA,Passenger Car,Moving Constant Speed,35,No,2018,HONDA,ACCORD,39.0410967,-77.02902252,2025,1,19
250000756,Property Damage Crash,01/06/2025 07:27:00 PM,RIDGE DR,NA,"Sideswipe, Same Direction",Snow,Snow,Medium,No Controls,NONE DETECTED,No,No Apparent Injury,NA,Not Distracted,MD,Single-Unit Truck,Moving Constant Speed,25,No,2021,KENWORTH,T4 SERIES,38.94181388,-77.12149289,2025,1,19
250000753,Property Damage Crash,01/06/2025 07:00:00 PM,NA,NA,Single Vehicle,Snow,NA,Medium,NA,NONE DETECTED,No,No Apparent Injury,NA,Not Distracted,MD,Pickup,Backing,0,No,2013,CHEVROLET,SILVERADO,39.02968467,-77.07631533,2025,1,19
250000748,Injury Crash,01/06/2025 05:28:00 PM,NEW HAMPSHIRE AVE (SB/L),NA,Front to Rear,Snow,Slush,Medium,Traffic Control Signal,NONE DETECTED,No,Possible Minor Injury,NA,Unknown,DC,Passenger Car,Slowing or Stopping,35,No,2023,TOYOTA,HIGHLANDER,38.98760934,-76.98795994,2025,1,17
250000748,Injury Crash,01/06/2025 05:28:00 PM,NEW HAMPSHIRE AVE (SB/L),NA,Front to Rear,Snow,Slush,Medium,Traffic Control Signal,NONE DETECTED,No,No Apparent Injury,NA,Not Distracted,MD,Passenger Car,Stopped in Traffic,35,No,2002,HONDA,CR-V,38.98760934,-76.98795994,2025,1,17
250000746,Injury Crash,01/06/2025 04:56:00 PM,NEW HAMPSHIRE AVE,Pedestrian,Single Vehicle,Snow,Ice/Frost,Medium,Traffic Control Signal,ALCOHOL PRESENT,Yes,No Apparent Injury,"Failed to Keep in Proper Lane, Improper Passing, Too Fast For Conditions",Unknown,MD,Pickup,Leaving Traffic Lane,35,No,2012,FORD,F-150,39.01547538,-76.97754218,2025,1,16
250000742,Property Damage Crash,01/06/2025 04:43:00 PM,HOPEWELL AVE,NA,Front to Rear,Snow,Snow,Dark,No Controls,NONE DETECTED,No,No Apparent Injury,NA,Not Distracted,MD,Other Trucks,Moving Constant Speed,15,No,2017,INTERNATIONAL,SA525,38.97645256,-76.9905485,2025,1,16
250000732,Property Damage Crash,01/06/2025 03:15:00 PM,LINDALE DR,NA,Angle,Snow,Snow,Daylight,Stop Sign,NONE DETECTED,No,No Apparent Injury,Failed to Yield Right-of-Way,Unknown,MD,Single-Unit Truck,Accelerating,25,No,2021,KENWORTH,T4 SERIES,39.00998482,-77.12135086,2025,1,15
250000732,Property Damage Crash,01/06/2025 03:15:00 PM,LINDALE DR,NA,Angle,Snow,Snow,Daylight,No Controls,NONE DETECTED,No,No Apparent Injury,NA,Unknown,MD,Sport Utility Vehicle,Moving Constant Speed,25,No,2018,JEEP,CHEROKEE,39.00998482,-77.12135086,2025,1,15
250000629,Property Damage Crash,01/06/2025 02:18:00 PM,NA,NA,"Sideswipe, Same Direction",Clear,Dry,Daylight,No Controls,ALCOHOL PRESENT,Yes,No Apparent Injury,NA,Not Distracted,MD,Passenger Car,Changing Lanes,35,No,2015,TOYOTA,CAMRY,39.09146238,-77.06364694,2025,1,14
250000629,Property Damage Crash,01/06/2025 02:18:00 PM,NA,NA,"Sideswipe, Same Direction",Clear,Dry,Daylight,No Controls,NONE DETECTED,No,No Apparent Injury,NA,Not Distracted,MD,Pickup,Moving Constant Speed,35,No,2001,FORD,F-350,39.09146238,-77.06364694,2025,1,14
250000724,Property Damage Crash,01/06/2025 01:25:00 PM,GERMANTOWN RD (SB/L),NA,Single Vehicle,Snow,Snow,Daylight,Traffic Control Signal,NONE DETECTED,Yes,No Apparent Injury,"Swerved or Avoided Due to Wind, Slippery Surface, Motor Vehicle, Object, Non-Motorist in Roadway, etc",Not Distracted,VA,Sport Utility Vehicle,Slowing or Stopping,40,No,2015,TOYOTA,RAV4,39.16723414,-77.28066015,2025,1,13
250000721,Property Damage Crash,01/06/2025 01:11:00 PM,JONES BRIDGE RD,NA,"Sideswipe, Opposite Direction",Cloudy,Snow,Daylight,No Controls,NONE DETECTED,Yes,No Apparent Injury,Improper Backing,Unknown,MD,Single-Unit Truck,Backing,35,No,2021,KENWORTH,T4 SERIES,39.00007641,-77.07988099,2025,1,13
250000721,Property Damage Crash,01/06/2025 01:11:00 PM,JONES BRIDGE RD,NA,"Sideswipe, Opposite Direction",Cloudy,Snow,Daylight,No Controls,NONE DETECTED,No,No Apparent Injury,NA,Not Distracted,MD,Sport Utility Vehicle,Moving Constant Speed,35,No,2023,FORD,BRONCO SPORT,39.00007641,-77.07988099,2025,1,13
250000703,Property Damage Crash,01/06/2025 10:15:00 AM,NA,NA,Single Vehicle,Snow,Snow,Daylight,No Controls,NONE DETECTED,Yes,No Apparent Injury,Ran Off Roadway,Not Distracted,MD,Passenger Car,Moving Constant Speed,40,No,1996,VOLKSWAGEN,JETTA,39.186370169999996,-77.11756917,2025,1,10
250000694,Injury Crash,01/06/2025 07:24:00 AM,NA,NA,Single Vehicle,Snow,Snow,Daylight,No Controls,NONE DETECTED,Yes,Possible Minor Injury,Too Fast For Conditions,Not Distracted,MD,Passenger Car,Moving Constant Speed,35,No,2011,TOYOTA,CAMRY,39.20034417,-77.30566367,2025,1,7
250000688,Property Damage Crash,01/06/2025 06:08:00 AM,HALPINE RD,NA,Angle,Snow,Snow,Medium,Traffic Control Signal,NONE DETECTED,Yes,No Apparent Injury,"Ran Red Light, Swerved or Avoided Due to Wind, Slippery Surface, Motor Vehicle, Object, Non-Motorist in Roadway, etc, Too Fast For Conditions",Not Distracted,MD,Passenger Car,Slowing or Stopping,35,No,2012,TOYOTA,CAMRY,39.06178482,-77.12418799,2025,1,6
250000688,Property Damage Crash,01/06/2025 06:08:00 AM,HALPINE RD,NA,Angle,Snow,Snow,Medium,Traffic Control Signal,NONE DETECTED,No,No Apparent Injury,NA,Not Distracted,MD,Bus - Transit,Accelerating,35,No,2009,GILLIG,CITY TRANSIT BUS,39.06178482,-77.12418799,2025,1,6
250001328,Property Damage Crash,01/06/2025 02:59:00 AM,FREDERICK RD,NA,Single Vehicle,Snow,Snow,Medium,No Controls,NONE DETECTED,No,No Apparent Injury,NA,Not Distracted,MD,Single-Unit Truck,Moving Constant Speed,35,No,2007,PETERBILT,379,39.14130962,-77.19883913,2025,1,2
250000848,Property Damage Crash,01/05/2025 10:30:00 PM,PARTNERSHIP RD,NA,Single Vehicle,Clear,Dry,Dark,No Controls,NONE DETECTED,No,No Apparent Injury,NA,Not Distracted,MD,Sport Utility Vehicle,Moving Constant Speed,20,No,2008,FORD,EXPLORER,39.10757864,-77.37931226,2025,1,22
250000678,Injury Crash,01/05/2025 10:03:00 PM,MUSGROVE RD,NA,Front to Front,Clear,Dry,Medium,Flashing Traffic Control Signal,NONE DETECTED,Yes,Possible Minor Injury,NA,Not Distracted,MD,Passenger Car,Turning Left,50,No,2023,TOYOTA,VENZA,39.0677657,-76.9596571,2025,1,22
250000678,Injury Crash,01/05/2025 10:03:00 PM,MUSGROVE RD,NA,Front to Front,Clear,Dry,Medium,Flashing Traffic Control Signal,NONE DETECTED,No,Possible Minor Injury,NA,Not Distracted,MD,Passenger Car,Moving Constant Speed,50,No,2018,HONDA,CIVIC,39.0677657,-76.9596571,2025,1,22
250000672,Injury Crash,01/05/2025 09:34:00 PM,NEW HAMPSHIRE AVE (SB/L),NA,Angle,Clear,Dry,Medium,Traffic Control Signal,NONE DETECTED,No,No Apparent Injury,NA,Not Distracted,DC,Passenger Car,Moving Constant Speed,35,No,2024,HYUNDAI,SANTA CRUZ,39.01800853,-76.97703275,2025,1,21
250000672,Injury Crash,01/05/2025 09:34:00 PM,NEW HAMPSHIRE AVE (SB/L),NA,Angle,Clear,Dry,Medium,Traffic Control Signal,NONE DETECTED,No,No Apparent Injury,NA,Not Distracted,MD,Passenger Car,Stopped in Traffic,35,No,2021,TOYOTA,RAV4,39.01800853,-76.97703275,2025,1,21
250000672,Injury Crash,01/05/2025 09:34:00 PM,NEW HAMPSHIRE AVE (SB/L),NA,Angle,Clear,Dry,Medium,Traffic Control Signal,NONE DETECTED,Yes,No Apparent Injury,NA,Not Distracted,MD,Passenger Car,Entering Traffic Lane,35,No,2014,FORD,TAURUS,39.01800853,-76.97703275,2025,1,21
250000619,Property Damage Crash,01/05/2025 01:57:00 PM,CONNECTICUT AVE,NA,Front to Rear,Clear,Dry,Daylight,No Controls,NONE DETECTED,No,No Apparent Injury,NA,Not Distracted,MD,Passenger Car,Slowing or Stopping,35,No,2018,AUDI,Q5,39.001115,-77.0768635,2025,1,13
250000619,Property Damage Crash,01/05/2025 01:57:00 PM,CONNECTICUT AVE,NA,Front to Rear,Clear,Dry,Daylight,No Controls,NONE DETECTED,No,No Apparent Injury,NA,Not Distracted,WA,Pickup,Moving Constant Speed,35,No,2024,FORD,RANGER,39.001115,-77.0768635,2025,1,13
250000616,Property Damage Crash,01/05/2025 01:00:00 PM,METRORAIL TRACK B2 RAIL,NA,"Sideswipe, Same Direction",Clear,Dry,Daylight,No Controls,NONE DETECTED,No,No Apparent Injury,NA,Not Distracted,MD,Passenger Car,Moving Constant Speed,35,No,2023,TOYOTA,CAMRY,39.01644269,-77.04305543,2025,1,13
250000616,Property Damage Crash,01/05/2025 01:00:00 PM,METRORAIL TRACK B2 RAIL,NA,"Sideswipe, Same Direction",Clear,Dry,Daylight,No Controls,NONE DETECTED,No,No Apparent Injury,"Failed to Keep in Proper Lane, Failed to Yield Right-of-Way",Not Distracted,MD,Passenger Car,Changing Lanes,35,No,2014,BMW,Z4,39.01644269,-77.04305543,2025,1,13
250000613,Injury Crash,01/05/2025 12:36:00 PM,NA,NA,Front to Front,Clear,Dry,Daylight,No Controls,NONE DETECTED,Yes,Possible Minor Injury,Failed to Yield Right-of-Way,Not Distracted,MD,Passenger Car,Turning Left,35,No,2014,SUBARU,LEGACY,39.186729,-77.18705,2025,1,12
250000613,Injury Crash,01/05/2025 12:36:00 PM,NA,NA,Front to Front,Clear,Dry,Daylight,No Controls,NONE DETECTED,No,No Apparent Injury,NA,NA,NA,Sport Utility Vehicle,Moving Constant Speed,35,No,0,NA,NA,39.186729,-77.18705,2025,1,12
250000610,Property Damage Crash,01/05/2025 12:00:00 PM,NA,NA,"Sideswipe, Opposite Direction",Clear,Dry,Daylight,No Controls,NONE DETECTED,No,No Apparent Injury,NA,Not Distracted,MD,Passenger Car,Moving Constant Speed,25,No,2023,HONDA,CIVIC,39.11047419,-76.93383652,2025,1,12
250000610,Property Damage Crash,01/05/2025 12:00:00 PM,NA,NA,"Sideswipe, Opposite Direction",Clear,Dry,Daylight,No Controls,NONE DETECTED,Yes,No Apparent Injury,NA,Unknown,MD,Passenger Car,Turning Left,25,No,2006,TOYOTA,COROLLA,39.11047419,-76.93383652,2025,1,12
250000604,Property Damage Crash,01/05/2025 11:25:00 AM,GREAT SENECA HWY (SB/L),NA,Angle,Clear,Dry,Daylight,"Other Pavement Marking (excluding edgelines, centerlines, or lane lines)",NONE DETECTED,No,No Apparent Injury,NA,Not Distracted,MD,Passenger Car,Turning Right,50,No,2023,HONDA,ACCORD,39.12362583,-77.23192733,2025,1,11
250000604,Property Damage Crash,01/05/2025 11:25:00 AM,GREAT SENECA HWY (SB/L),NA,Angle,Clear,Dry,Daylight,"Other Pavement Marking (excluding edgelines, centerlines, or lane lines)",NONE DETECTED,Yes,No Apparent Injury,NA,Unknown,MD,Bus - Transit,Turning Right,50,No,2017,GILLIG,CITY TRANSIT BUS,39.12362583,-77.23192733,2025,1,11
250000596,Property Damage Crash,01/05/2025 09:40:00 AM,COLESVILLE RD (WB/L),NA,Angle,Clear,Dry,Daylight,Traffic Control Signal,NONE DETECTED,No,No Apparent Injury,Ran Red Light,Not Distracted,MD,Passenger Car,Moving Constant Speed,25,No,2006,DODGE,CHARGER,38.99252321,-77.03628252,2025,1,9
250000596,Property Damage Crash,01/05/2025 09:40:00 AM,COLESVILLE RD (WB/L),NA,Angle,Clear,Dry,Daylight,Traffic Control Signal,NONE DETECTED,No,No Apparent Injury,Ran Red Light,Not Distracted,MD,Passenger Car,Turning Left,25,No,2005,HONDA,ACCORD,38.99252321,-77.03628252,2025,1,9
250000594,Injury Crash,01/05/2025 08:51:00 AM,NO NAME,NA,Front to Rear,Clear,Dry,Daylight,Yield Sign,NONE DETECTED,No,No Apparent Injury,NA,Not Distracted,MD,Sport Utility Vehicle,Entering Traffic Lane,35,No,2005,GMC,ENVOY,39.0518777,-77.07460533,2025,1,8
250000594,Injury Crash,01/05/2025 08:51:00 AM,NO NAME,NA,Front to Rear,Clear,Dry,Daylight,Yield Sign,NONE DETECTED,No,No Apparent Injury,NA,Not Distracted,MD,Sport Utility Vehicle,Entering Traffic Lane,35,No,2017,TOYOTA,RAV4,39.0518777,-77.07460533,2025,1,8
250000593,Property Damage Crash,01/05/2025 08:24:00 AM,BRIGGS CHANEY RD,NA,Front to Rear,Clear,Dry,Daylight,No Controls,NONE DETECTED,Yes,No Apparent Injury,NA,Unknown,MD,Passenger Car,Moving Constant Speed,35,No,2017,KIA,SOUL,39.0844652,-76.95153708,2025,1,8
250000593,Property Damage Crash,01/05/2025 08:24:00 AM,BRIGGS CHANEY RD,NA,Front to Rear,Clear,Dry,Daylight,No Controls,NONE DETECTED,No,No Apparent Injury,NA,Not Distracted,MD,Bus - Transit,Stopped in Traffic,35,No,2020,NOVABUS,LFS ARTICULATED,39.0844652,-76.95153708,2025,1,8
250000588,Property Damage Crash,01/05/2025 04:57:00 AM,NA,NA,Single Vehicle,Clear,NA,Medium,NA,ALCOHOL PRESENT,Yes,No Apparent Injury,"Operated Motor Vehicle in Inattentive, Careless, Negligent, or Erratic Manner",Not Distracted,MD,Sport Utility Vehicle,Backing,0,No,2001,MITSUBISHI,MONTERO SPORT,39.05844719,-77.12148247,2025,1,4
250000587,Injury Crash,01/05/2025 04:25:00 AM,RANDOLPH RD,NA,Single Vehicle,Clear,Dry,Dark,No Controls,NONE DETECTED,Yes,Possible Minor Injury,NA,Unknown,TX,Sport Utility Vehicle,Moving Constant Speed,35,No,2016,JEEP,CHEROKEE,39.05888354,-77.06106327,2025,1,4
250000584,Property Damage Crash,01/05/2025 02:59:00 AM,PINEWOOD RD,NA,"Sideswipe, Same Direction",Clear,Dry,Medium,No Controls,NONE DETECTED,No,No Apparent Injury,NA,Not Distracted,PA,Other Trucks,Turning Right,35,No,2000,E-ONE,TRUCK,39.09017351,-77.14322052,2025,1,2
250000582,Injury Crash,01/05/2025 02:44:00 AM,FREDERICK RD (SB/L),NA,Angle,Clear,Dry,Medium,Traffic Control Signal,NONE DETECTED,No,No Apparent Injury,NA,Not Distracted,MD,Passenger Car,Moving Constant Speed,35,No,2020,ACURA,TLX,39.15585916,-77.21624967,2025,1,2
250000582,Injury Crash,01/05/2025 02:44:00 AM,FREDERICK RD (SB/L),NA,Angle,Clear,Dry,Medium,Traffic Control Signal,ALCOHOL PRESENT,Yes,Possible Minor Injury,"Failed to Yield Right-of-Way, Operated Motor Vehicle in Inattentive, Careless, Negligent, or Erratic Manner, Operated Motor Vehicle in Reckless or Aggressive Manner, Other Improper Action",Unknown,MD,Passenger Car,Turning Left,35,No,2018,HONDA,CIVIC,39.15585916,-77.21624967,2025,1,2
250000568,Injury Crash,01/04/2025 11:59:00 PM,ROCKVILLE PIKE (SB/L),NA,Front to Front,Clear,Dry,Medium,Traffic Control Signal,NONE DETECTED,Yes,Possible Minor Injury,NA,Unknown,WV,Passenger Car,Moving Constant Speed,35,No,2017,TOYOTA,RAV4,39.08155242,-77.14596699,2025,1,23
250000568,Injury Crash,01/04/2025 11:59:00 PM,ROCKVILLE PIKE (SB/L),NA,Front to Front,Clear,Dry,Medium,Traffic Control Signal,NONE DETECTED,No,Possible Minor Injury,NA,Not Distracted,MD,Passenger Car,Accelerating,35,No,2014,TOYOTA,SCION XB,39.08155242,-77.14596699,2025,1,23
250000565,Property Damage Crash,01/04/2025 11:00:00 PM,GEORGIA AVE,NA,Rear To Side,Clear,Dry,Medium,No Controls,NONE DETECTED,No,No Apparent Injury,NA,Not Distracted,MD,Passenger Car,Parked,35,No,2019,MERCEDES-BENZ,CLS-CLASS,38.99219579,-77.02652426,2025,1,23
250000565,Property Damage Crash,01/04/2025 11:00:00 PM,GEORGIA AVE,NA,Rear To Side,Clear,Dry,Medium,No Controls,NONE DETECTED,No,NA,NA,NA,NA,Passenger Car,Backing,35,No,2007,HYUNDAI,ACCENT,38.99219579,-77.02652426,2025,1,23
250000555,Property Damage Crash,01/04/2025 10:13:00 PM,NA,NA,Other,Clear,Dry,Medium,No Controls,NONE DETECTED,No,No Apparent Injury,NA,Not Distracted,MD,Pickup,Moving Constant Speed,25,No,2016,FORD,F-150,39.09240751,-77.08268879,2025,1,22
250000555,Property Damage Crash,01/04/2025 10:13:00 PM,NA,NA,Other,Clear,Dry,Medium,No Controls,NONE DETECTED,No,No Apparent Injury,NA,Not Distracted,MD,Passenger Car,Moving Constant Speed,25,No,2009,HONDA,CIVIC,39.09240751,-77.08268879,2025,1,22
250000555,Property Damage Crash,01/04/2025 10:13:00 PM,NA,NA,Other,Clear,Dry,Medium,No Controls,ALCOHOL PRESENT,No,No Apparent Injury,"Disregarded Other Road Markings, Failed to Keep in Proper Lane, Followed Too Closely, Improper Passing, Other Improper Action, Wrong Side, Wrong Way",Unknown,NA,Passenger Car,Moving Constant Speed,25,No,2002,TOYOTA,COROLLA,39.09240751,-77.08268879,2025,1,22
250000564,Property Damage Crash,01/04/2025 09:48:00 PM,SHADY GROVE RD,NA,"Sideswipe, Same Direction",Clear,Dry,Medium,No Controls,NONE DETECTED,No,NA,NA,Unknown,NA,Passenger Car,Changing Lanes,45,No,2008,SUBARU,LEGACY,39.13044564,-77.16179911,2025,1,21
250000564,Property Damage Crash,01/04/2025 09:48:00 PM,SHADY GROVE RD,NA,"Sideswipe, Same Direction",Clear,Dry,Medium,No Controls,NONE DETECTED,No,No Apparent Injury,NA,Not Distracted,MD,Passenger Car,Moving Constant Speed,45,No,2006,TOYOTA,4-RUNNER,39.13044564,-77.16179911,2025,1,21
250000545,Property Damage Crash,01/04/2025 08:50:00 PM,SHAKESPEARE BLVD,NA,Other,Clear,Dry,Medium,Traffic Control Signal,NONE DETECTED,No,No Apparent Injury,NA,Not Distracted,MD,Passenger Car,Moving Constant Speed,30,No,2021,TOYOTA,RAV4,39.19840667,-77.244845,2025,1,20
250000545,Property Damage Crash,01/04/2025 08:50:00 PM,SHAKESPEARE BLVD,NA,Other,Clear,Dry,Medium,Traffic Control Signal,NONE DETECTED,Yes,No Apparent Injury,Failed to Yield Right-of-Way,Unknown,MD,Passenger Car,Moving Constant Speed,30,No,2013,VOLKSWAGEN,EOS,39.19840667,-77.244845,2025,1,20
250000542,Property Damage Crash,01/04/2025 07:40:00 PM,ROCKVILLE PIKE,NA,Front to Rear,Clear,Dry,Medium,Traffic Control Signal,NONE DETECTED,No,No Apparent Injury,NA,Not Distracted,MD,Sport Utility Vehicle,Stopped in Traffic,35,No,2013,NISSAN,PATHFINDER,39.03253227,-77.10589997,2025,1,19
250000542,Property Damage Crash,01/04/2025 07:40:00 PM,ROCKVILLE PIKE,NA,Front to Rear,Clear,Dry,Medium,Traffic Control Signal,NONE DETECTED,No,No Apparent Injury,NA,Not Distracted,MD,Passenger Car,Moving Constant Speed,35,No,2004,TOYOTA,COROLLA,39.03253227,-77.10589997,2025,1,19
250000542,Property Damage Crash,01/04/2025 07:40:00 PM,ROCKVILLE PIKE,NA,Front to Rear,Clear,Dry,Medium,Traffic Control Signal,NONE DETECTED,Yes,No Apparent Injury,NA,Not Distracted,MD,Sport Utility Vehicle,Moving Constant Speed,35,No,2015,LEXUS,RX,39.03253227,-77.10589997,2025,1,19
250000535,Injury Crash,01/04/2025 06:39:00 PM,FREDERICK RD,NA,Front to Front,Clear,Dry,Medium,Traffic Control Signal,NONE DETECTED,No,Possible Minor Injury,NA,Not Distracted,MD,Passenger Car,Accelerating,40,No,2021,MAZDA,CX-5,39.20473662,-77.24601398,2025,1,18
250000535,Injury Crash,01/04/2025 06:39:00 PM,FREDERICK RD,NA,Front to Front,Clear,Dry,Medium,Traffic Control Signal,NONE DETECTED,Yes,No Apparent Injury,Ran Red Light,"Other Action (looking away from task, etc.)",MD,Passenger Car,Accelerating,40,No,2005,TOYOTA,HIGHLANDER,39.20473662,-77.24601398,2025,1,18
250000532,Injury Crash,01/04/2025 06:30:00 PM,NORBECK RD (WB/L),NA,Front to Front,Clear,Dry,Dark,No Controls,NONE DETECTED,Yes,No Apparent Injury,"Failed to Yield Right-of-Way, Swerved or Avoided Due to Wind, Slippery Surface, Motor Vehicle, Object, Non-Motorist in Roadway, etc, Wrong Way",Not Distracted,MD,Passenger Car,Moving Constant Speed,40,No,2015,JEEP,WRANGLER,39.12180417,-76.99372,2025,1,18
250000532,Injury Crash,01/04/2025 06:30:00 PM,NORBECK RD (WB/L),NA,Front to Front,Clear,Dry,Dark,No Controls,NONE DETECTED,No,No Apparent Injury,NA,Not Distracted,MD,Van - Cargo,Moving Constant Speed,40,No,2006,GMC,SAVANA,39.12180417,-76.99372,2025,1,18
250000532,Injury Crash,01/04/2025 06:30:00 PM,NORBECK RD (WB/L),NA,Front to Front,Clear,Dry,Dark,No Controls,NONE DETECTED,No,Possible Minor Injury,NA,Not Distracted,MD,Passenger Car,Moving Constant Speed,40,No,2020,NISSAN,ROGUE,39.12180417,-76.99372,2025,1,18
250000530,Property Damage Crash,01/04/2025 06:15:00 PM,FENTON ST,NA,Front to Rear,Clear,Dry,Medium,No Controls,NONE DETECTED,No,NA,NA,NA,NA,Passenger Car,Entering Traffic Lane,25,No,2016,HONDA,CR-V,38.99485442,-77.02419354,2025,1,18
250000530,Property Damage Crash,01/04/2025 06:15:00 PM,FENTON ST,NA,Front to Rear,Clear,Dry,Medium,No Controls,NONE DETECTED,No,No Apparent Injury,NA,Not Distracted,DC,Passenger Car,Parked,25,No,2020,HYUNDAI,VENUE,38.99485442,-77.02419354,2025,1,18
250000515,Injury Crash,01/04/2025 05:03:00 PM,LANGLEY DR,NA,Angle,Clear,Dry,Daylight,No Controls,NONE DETECTED,Yes,Suspected Serious Injury,NA,Not Distracted,NA,Passenger Car,Moving Constant Speed,35,No,2015,HONDA,ACCORD,39.00152199,-76.99555791,2025,1,17
250000515,Injury Crash,01/04/2025 05:03:00 PM,LANGLEY DR,NA,Angle,Clear,Dry,Daylight,No Controls,NONE DETECTED,No,Possible Minor Injury,NA,Not Distracted,MD,Passenger Car,Moving Constant Speed,35,No,2017,MERCEDES-BENZ,GLS-CLASS,39.00152199,-76.99555791,2025,1,17