Local Case Number,ACRS Report Type,Crash Date/Time,Road Name,Related Non-Motorist,Collision Type,Weather,Surface Condition,Light,Traffic Control,Driver Substance Abuse,Driver At Fault,Injury Severity,Circumstance,Driver Distracted By,Drivers License State,Vehicle Body Type,Vehicle Movement,Speed Limit,Driverless Vehicle,Vehicle Year,Vehicle Make,Vehicle Model,Latitude,Longitude,Year,Month,Hour
250000514,Property Damage Crash,01/04/2025 04:43:00 PM,OXBRIDGE DR,NA,Angle,Clear,Dry,Daylight,No Controls,NONE DETECTED,Yes,No Apparent Injury,Over-Correcting/Over-Steering,Unknown,NA,Pickup,Turning Right,15,No,2018,FORD,F-150,39.1900179,-77.24137139,2025,1,16
250000514,Property Damage Crash,01/04/2025 04:43:00 PM,OXBRIDGE DR,NA,Angle,Clear,Dry,Daylight,Stop Sign,NONE DETECTED,No,No Apparent Injury,NA,Not Distracted,MD,Passenger Car,Slowing or Stopping,15,No,2005,MERCEDES-BENZ,E-CLASS,39.1900179,-77.24137139,2025,1,16
250000507,Property Damage Crash,01/04/2025 03:39:00 PM,NA,NA,Single Vehicle,Clear,Dry,Daylight,No Controls,NONE DETECTED,Yes,No Apparent Injury,NA,Unknown,MD,Passenger Car,Turning Left,50,No,2006,FORD,FIVE HUNDRED,39.26925514,-77.15231797,2025,1,15
250000501,Injury Crash,01/04/2025 02:29:00 PM,NA,NA,"Sideswipe, Same Direction",Clear,Dry,Daylight,No Controls,NONE DETECTED,Yes,Possible Minor Injury,Failed to Yield Right-of-Way,Not Distracted,MD,Passenger Car,Changing Lanes,40,No,2019,INFINITI,QX60,39.236495,-77.27654,2025,1,14
250000501,Injury Crash,01/04/2025 02:29:00 PM,NA,NA,"Sideswipe, Same Direction",Clear,Dry,Daylight,No Controls,NONE DETECTED,No,No Apparent Injury,NA,Not Distracted,MD,Passenger Car,Moving Constant Speed,40,No,2022,TOYOTA,RAV4 PRIME,39.236495,-77.27654,2025,1,14
250000487,Property Damage Crash,01/04/2025 01:50:00 PM,AMHERST AVE,NA,"Sideswipe, Same Direction",Clear,Dry,Daylight,Traffic Control Signal,NONE DETECTED,Yes,No Apparent Injury,"Improper Passing, Improper Turn",Not Distracted,DC,Bus - Transit,Entering Traffic Lane,30,No,2019,NEW FLYER,XCELSIOR,39.0413345,-77.04817431,2025,1,13
250000487,Property Damage Crash,01/04/2025 01:50:00 PM,AMHERST AVE,NA,"Sideswipe, Same Direction",Clear,Dry,Daylight,Traffic Control Signal,NONE DETECTED,No,No Apparent Injury,NA,Not Distracted,MD,Passenger Car,Stopped in Traffic,30,No,2015,TOYOTA,COROLLA,39.0413345,-77.04817431,2025,1,13
250000478,Injury Crash,01/04/2025 01:14:00 PM,POOKS HILL RD,NA,Front to Rear,Clear,Dry,Daylight,Traffic Control Signal,NONE DETECTED,No,No Apparent Injury,NA,Unknown,VA,Passenger Car,Slowing or Stopping,30,No,2012,CHEVROLET,CRUZE,39.01482894,-77.09984176,2025,1,13
250000478,Injury Crash,01/04/2025 01:14:00 PM,POOKS HILL RD,NA,Front to Rear,Clear,Dry,Daylight,Traffic Control Signal,NONE DETECTED,Yes,No Apparent Injury,Other Improper Action,Unknown,VA,Passenger Car,Slowing or Stopping,30,No,2009,MERCEDES-BENZ,C-CLASS,39.01482894,-77.09984176,2025,1,13
250000480,Property Damage Crash,01/04/2025 01:11:00 PM,NA,NA,Front to Rear,Clear,Dry,Daylight,No Controls,NONE DETECTED,No,No Apparent Injury,NA,Not Distracted,MD,Passenger Car,Accelerating,35,No,2023,BMW,X7,39.0817446,-77.14578627,2025,1,13
250000480,Property Damage Crash,01/04/2025 01:11:00 PM,NA,NA,Front to Rear,Clear,Dry,Daylight,No Controls,NONE DETECTED,Yes,No Apparent Injury,NA,Not Distracted,MD,Passenger Car,Accelerating,35,No,2011,SUBARU,IMPREZA,39.0817446,-77.14578627,2025,1,13
250000464,Property Damage Crash,01/04/2025 11:13:00 AM,CONNECTICUT AVE,NA,"Sideswipe, Same Direction",Clear,Dry,Daylight,No Controls,NONE DETECTED,No,No Apparent Injury,NA,Not Distracted,MD,Other,Parked,25,No,1999,GRUMMAN,UNKNOWN,38.97753476,-77.07707455,2025,1,11
250000464,Property Damage Crash,01/04/2025 11:13:00 AM,CONNECTICUT AVE,NA,"Sideswipe, Same Direction",Clear,Dry,Daylight,No Controls,NONE DETECTED,Yes,No Apparent Injury,Failed to Keep in Proper Lane,Not Distracted,MD,Other Trucks,Moving Constant Speed,25,No,2016,AUTOCAR,XPEDITOR,38.97753476,-77.07707455,2025,1,11
250000454,Property Damage Crash,01/04/2025 09:05:00 AM,E RANDOLPH RD,NA,Angle,Clear,Dry,Daylight,Traffic Control Signal,NONE DETECTED,No,No Apparent Injury,"Disregarded Other Traffic Sign, Operated Motor Vehicle in Inattentive, Careless, Negligent, or Erratic Manner, Ran Red Light",Unknown,MD,Passenger Car,Moving Constant Speed,40,No,2016,TOYOTA,COROLLA,39.06770467,-76.9856065,2025,1,9
250000454,Property Damage Crash,01/04/2025 09:05:00 AM,E RANDOLPH RD,NA,Angle,Clear,Dry,Daylight,Traffic Control Signal,NONE DETECTED,No,No Apparent Injury,NA,Not Distracted,DC,Passenger Car,Turning Left,35,No,2014,MERCEDES-BENZ,E-CLASS,39.06770467,-76.9856065,2025,1,9
250000449,Property Damage Crash,01/04/2025 07:43:00 AM,DARNESTOWN RD,NA,Single Vehicle,Clear,Dry,Daylight,No Controls,NONE DETECTED,No,No Apparent Injury,NA,Not Distracted,MD,Truck Tractor,Slowing or Stopping,50,No,2017,INTERNATIONAL,LF687,39.12997275,-77.34609653,2025,1,7
250000440,Property Damage Crash,01/04/2025 02:03:00 AM,PAUL DR,NA,"Sideswipe, Opposite Direction",Snow,Slush,Dark,No Controls,NONE DETECTED,No,No Apparent Injury,NA,Not Distracted,MD,Other Trucks,Moving Constant Speed,35,No,2017,FORD,F-350,39.07781195,-77.13636989,2025,1,2
250000439,Property Damage Crash,01/04/2025 01:37:00 AM,NA,NA,Angle,Clear,NA,Medium,NA,ALCOHOL PRESENT,Yes,No Apparent Injury,NA,Unknown,MD,Passenger Car,Backing,0,No,2021,HONDA,ACCORD,39.1454866,-77.21958297,2025,1,1
250000432,Property Damage Crash,01/04/2025 12:12:00 AM,FREDERICK RD,NA,Front to Rear,Snow,Ice/Frost,Medium,Traffic Control Signal,NONE DETECTED,No,No Apparent Injury,NA,Not Distracted,MD,Passenger Car,Moving Constant Speed,35,No,2004,TOYOTA,HIGHLANDER,39.15012886,-77.20900401,2025,1,0
250000432,Property Damage Crash,01/04/2025 12:12:00 AM,FREDERICK RD,NA,Front to Rear,Snow,Ice/Frost,Medium,Traffic Control Signal,NONE DETECTED,Yes,No Apparent Injury,NA,Not Distracted,MD,Passenger Car,Moving Constant Speed,35,No,2008,HYUNDAI,SANTA FE,39.15012886,-77.20900401,2025,1,0
250000419,Property Damage Crash,01/03/2025 08:40:00 PM,NA,NA,Single Vehicle,Snow,Ice/Frost,Medium,No Controls,NONE DETECTED,Yes,No Apparent Injury,NA,Unknown,MD,Pickup,Moving Constant Speed,35,No,2006,CHEVROLET,SILVERADO,39.07164829,-77.07687095,2025,1,20
250000414,Injury Crash,01/03/2025 08:05:00 PM,UNIVERSITY BLVD E (WB/L),NA,Front to Rear,Rain,Ice/Frost,Medium,Traffic Control Signal,NONE DETECTED,Yes,No Apparent Injury,NA,Not Distracted,MD,Passenger Car,Moving Constant Speed,35,No,2006,NISSAN,SENTRA,39.01499962,-77.00468133,2025,1,20
250000414,Injury Crash,01/03/2025 08:05:00 PM,UNIVERSITY BLVD E (WB/L),NA,Front to Rear,Rain,Ice/Frost,Medium,Traffic Control Signal,NONE DETECTED,No,Possible Minor Injury,NA,Not Distracted,MD,Passenger Car,Moving Constant Speed,35,No,2021,TOYOTA,HIGHLANDER,39.01499962,-77.00468133,2025,1,20
250000415,Property Damage Crash,01/03/2025 07:55:00 PM,MONTGOMERY DR,NA,"Sideswipe, Same Direction",Rain,Wet,Dark,No Controls,NONE DETECTED,No,No Apparent Injury,NA,Not Distracted,MD,Other,Slowing or Stopping,25,No,2020,FREIGHTLINER,M2,39.01194719,-77.1119744,2025,1,19
250000420,Property Damage Crash,01/03/2025 07:45:00 PM,COLIE DR,NA,"Sideswipe, Same Direction",Snow,Ice/Frost,Medium,No Controls,NONE DETECTED,Yes,No Apparent Injury,NA,Not Distracted,MD,Other,Slowing or Stopping,35,No,2020,FREIGHTLINER,M2,39.05890633,-77.084525,2025,1,19
250000408,Property Damage Crash,01/03/2025 07:05:00 PM,COLUMBIA PIKE (SB/L),NA,Front to Rear,Snow,Wet,Medium,No Controls,NONE DETECTED,Yes,No Apparent Injury,"Operated Motor Vehicle in Inattentive, Careless, Negligent, or Erratic Manner, Too Fast For Conditions",Unknown,MD,Passenger Car,Changing Lanes,55,No,2019,CADILLAC,XT5,39.09942598,-76.93596459,2025,1,19
250000408,Property Damage Crash,01/03/2025 07:05:00 PM,COLUMBIA PIKE (SB/L),NA,Front to Rear,Snow,Wet,Medium,No Controls,NONE DETECTED,No,No Apparent Injury,NA,Not Distracted,VA,Single-Unit Truck,Moving Constant Speed,55,No,2017,PETERBILT,567,39.09942598,-76.93596459,2025,1,19
250000407,Injury Crash,01/03/2025 07:00:00 PM,FLOWER HILL WAY,NA,Rear To Side,Clear,Ice/Frost,Medium,Traffic Control Signal,NONE DETECTED,Yes,No Apparent Injury,Failed to Yield Right-of-Way,Unknown,MD,Sport Utility Vehicle,Moving Constant Speed,35,No,2015,ACURA,MDX,39.1563144,-77.16549881,2025,1,19
250000407,Injury Crash,01/03/2025 07:00:00 PM,FLOWER HILL WAY,NA,Rear To Side,Clear,Ice/Frost,Medium,Traffic Control Signal,NONE DETECTED,No,No Apparent Injury,NA,Not Distracted,MD,Passenger Car,Moving Constant Speed,35,No,2021,HONDA,ACCORD,39.1563144,-77.16549881,2025,1,19
250000410,Property Damage Crash,01/03/2025 06:43:00 PM,NA,NA,Single Vehicle,Snow,Snow,Medium,No Controls,NONE DETECTED,Yes,No Apparent Injury,NA,Not Distracted,MD,Passenger Car,Negotiating a Curve,30,No,2009,TOYOTA,RAV4,39.200036,-77.30531483,2025,1,18
250000406,Injury Crash,01/03/2025 06:02:00 PM,COLUMBIA PIKE (SB/L),NA,Front to Rear,Snow,Wet,Medium,Traffic Control Signal,NONE DETECTED,No,Possible Minor Injury,NA,Not Distracted,MD,Passenger Car,Stopped in Traffic,55,No,2015,HONDA,CIVIC,39.105221,-76.93285417,2025,1,18
250000406,Injury Crash,01/03/2025 06:02:00 PM,COLUMBIA PIKE (SB/L),NA,Front to Rear,Snow,Wet,Medium,Traffic Control Signal,NONE DETECTED,No,No Apparent Injury,NA,Not Distracted,MD,Pickup,Stopped in Traffic,55,No,1999,TOYOTA,TACOMA,39.105221,-76.93285417,2025,1,18
250000406,Injury Crash,01/03/2025 06:02:00 PM,COLUMBIA PIKE (SB/L),NA,Front to Rear,Snow,Wet,Medium,Traffic Control Signal,NONE DETECTED,Yes,No Apparent Injury,NA,Not Distracted,MD,Sport Utility Vehicle,Slowing or Stopping,55,No,2016,HONDA,CR-V,39.105221,-76.93285417,2025,1,18
250000398,Injury Crash,01/03/2025 05:21:00 PM,NA,NA,Single Vehicle,Snow,Wet,Daylight,No Controls,NONE DETECTED,Yes,Possible Minor Injury,NA,Not Distracted,VA,Truck Tractor,Moving Constant Speed,30,No,2016,FREIGHTLINER,CASCADIA,39.1050873,-77.29469083,2025,1,17
250000391,Property Damage Crash,01/03/2025 05:20:00 PM,NICHOLSON LA,NA,Front to Rear,Snow,Snow,Medium,No Controls,NONE DETECTED,No,No Apparent Injury,NA,Not Distracted,MD,Passenger Car,Moving Constant Speed,35,No,2015,HYUNDAI,SONATA,39.04751767,-77.102089,2025,1,17
250000391,Property Damage Crash,01/03/2025 05:20:00 PM,NICHOLSON LA,NA,Front to Rear,Snow,Snow,Medium,No Controls,NONE DETECTED,No,No Apparent Injury,Too Fast For Conditions,Not Distracted,MD,Passenger Car,Moving Constant Speed,35,No,2021,FORD,ESCAPE,39.04751767,-77.102089,2025,1,17
250000392,Property Damage Crash,01/03/2025 05:10:00 PM,NA,NA,"Sideswipe, Opposite Direction",Snow,NA,Daylight,NA,NONE DETECTED,No,No Apparent Injury,NA,Not Distracted,MD,Other Trucks,Moving Constant Speed,0,No,2017,FORD,F-450,39.0907721,-77.1592605,2025,1,17
250000392,Property Damage Crash,01/03/2025 05:10:00 PM,NA,NA,"Sideswipe, Opposite Direction",Snow,NA,Daylight,NA,NONE DETECTED,No,No Apparent Injury,NA,Not Distracted,MD,Station Wagon,Stopped in Traffic,0,No,2018,SUBARU,OUTBACK,39.0907721,-77.1592605,2025,1,17
250000390,Property Damage Crash,01/03/2025 05:00:00 PM,WATKINS POND BLVD,NA,Single Vehicle,Snow,Snow,Medium,Lane Use Control Signal,NONE DETECTED,Yes,No Apparent Injury,NA,Unknown,MD,Passenger Car,Turning Left,40,No,2017,HONDA,CR-V,39.10684231,-77.16683485,2025,1,17
250000387,Property Damage Crash,01/03/2025 04:35:00 PM,JONES LA,NA,Other,Snow,Slush,Daylight,No Controls,NONE DETECTED,No,No Apparent Injury,NA,Not Distracted,MD,Station Wagon,Moving Constant Speed,35,No,2020,SUBARU,ASCENT,39.10651854,-77.26408241,2025,1,16
250000387,Property Damage Crash,01/03/2025 04:35:00 PM,JONES LA,NA,Other,Snow,Slush,Daylight,Stop Sign,NONE DETECTED,Yes,No Apparent Injury,NA,Not Distracted,MD,Passenger Car,Slowing or Stopping,25,No,2015,TOYOTA,CAMRY,39.10651854,-77.26408241,2025,1,16
250000381,Property Damage Crash,01/03/2025 04:14:00 PM,BETHESDA AVE,NA,Angle,Snow,Wet,Medium,No Controls,NONE DETECTED,No,No Apparent Injury,NA,Unknown,MD,Sport Utility Vehicle,Overtaking/Passing,25,No,2010,HONDA,ELEMENT,38.9809415,-77.097013,2025,1,16
250000381,Property Damage Crash,01/03/2025 04:14:00 PM,BETHESDA AVE,NA,Angle,Snow,Wet,Medium,No Controls,NONE DETECTED,No,No Apparent Injury,NA,Not Distracted,MD,Sport Utility Vehicle,Backing,25,No,2020,HYUNDAI,TUCSON,38.9809415,-77.097013,2025,1,16
250000384,Property Damage Crash,01/03/2025 04:00:00 PM,COLUMBIA PIKE,NA,Front to Rear,Snow,Wet,Daylight,No Controls,NONE DETECTED,No,No Apparent Injury,NA,Not Distracted,MD,Passenger Car,Stopped in Traffic,40,No,2015,TOYOTA,PRIUS,39.04793561,-76.98444414,2025,1,16
250000384,Property Damage Crash,01/03/2025 04:00:00 PM,COLUMBIA PIKE,NA,Front to Rear,Snow,Wet,Daylight,No Controls,NONE DETECTED,No,NA,NA,NA,NA,Passenger Car,Moving Constant Speed,40,No,2007,HONDA,CIVIC,39.04793561,-76.98444414,2025,1,16
250000375,Property Damage Crash,01/03/2025 03:12:00 PM,DUFIEF MILL RD,NA,Front to Rear,Snow,Wet,Daylight,No Controls,NONE DETECTED,Yes,No Apparent Injury,NA,Unknown,MD,Passenger Car,Moving Constant Speed,35,No,2016,HONDA,ACCORD,39.09995833,-77.22540167,2025,1,15
250000375,Property Damage Crash,01/03/2025 03:12:00 PM,DUFIEF MILL RD,NA,Front to Rear,Snow,Wet,Daylight,No Controls,NONE DETECTED,No,No Apparent Injury,NA,Not Distracted,MD,Passenger Car,Turning Left,35,No,2015,SUBARU,FORESTER,39.09995833,-77.22540167,2025,1,15
250000360,Injury Crash,01/03/2025 02:30:00 PM,HIGH GABLES DR,NA,Other,Rain,Wet,Daylight,No Controls,NONE DETECTED,No,Possible Minor Injury,NA,Not Distracted,MD,Passenger Car,Moving Constant Speed,50,No,2013,FORD,MUSTANG,39.11572412,-77.22313185,2025,1,14
250000360,Injury Crash,01/03/2025 02:30:00 PM,HIGH GABLES DR,NA,Other,Rain,Wet,Daylight,No Controls,NONE DETECTED,Yes,No Apparent Injury,NA,Not Distracted,MD,Passenger Car,Entering Traffic Lane,50,No,2022,CHEVROLET,BOLT EV,39.11572412,-77.22313185,2025,1,14
250000358,Property Damage Crash,01/03/2025 02:15:00 PM,DEMOCRACY BLVD,NA,Angle,Clear,Dry,Daylight,Traffic Control Signal,NONE DETECTED,No,No Apparent Injury,NA,Unknown,MD,Sport Utility Vehicle,Turning Left,35,No,2019,TOYOTA,HIGHLANDER,39.02335733,-77.162345,2025,1,14
250000358,Property Damage Crash,01/03/2025 02:15:00 PM,DEMOCRACY BLVD,NA,Angle,Clear,Dry,Daylight,Traffic Control Signal,NONE DETECTED,No,No Apparent Injury,NA,Unknown,OH,Passenger Car,Moving Constant Speed,35,No,2018,AUDI,S4,39.02335733,-77.162345,2025,1,14
250000353,Injury Crash,01/03/2025 02:01:00 PM,CLOPPER RD,Pedestrian,Single Vehicle,Cloudy,Wet,Daylight,No Controls,NONE DETECTED,Yes,No Apparent Injury,Other Improper Action,Unknown,MD,"Construction Equipment (backhoe, bulldozer, etc.)",Moving Constant Speed,45,No,2016,CATERPILLAR,CATERPILLAR,39.15552403,-77.26152346,2025,1,14
250000329,Property Damage Crash,01/03/2025 12:12:00 PM,LINCOLN AVE,NA,Front to Rear,Cloudy,Dry,Daylight,No Controls,NONE DETECTED,No,No Apparent Injury,NA,Not Distracted,MD,Passenger Car,Backing,25,No,2024,HONDA,CIVIC,38.98157379,-77.00313958,2025,1,12
250000329,Property Damage Crash,01/03/2025 12:12:00 PM,LINCOLN AVE,NA,Front to Rear,Cloudy,Dry,Daylight,No Controls,NONE DETECTED,No,No Apparent Injury,NA,Not Distracted,MD,All-Terrain Vehicle/All-Terrain Cycle (ATV/ATC),Parked,25,No,2016,FORD,EXPLORER,38.98157379,-77.00313958,2025,1,12
250000305,Property Damage Crash,01/03/2025 09:30:00 AM,KILDONAN DR,NA,"Sideswipe, Same Direction",Clear,Dry,Daylight,No Controls,NONE DETECTED,Yes,No Apparent Injury,Improper Passing,Not Distracted,MD,Bus - School,Slowing or Stopping,25,No,2018,FREIGHTLINER,B2 BUS CHASSIS,39.17752,-77.152825000000007,2025,1,9
250000302,Property Damage Crash,01/03/2025 08:28:00 AM,FREDERICK RD (SB/L),NA,Front to Rear,Clear,Dry,Daylight,No Controls,NONE DETECTED,No,No Apparent Injury,NA,Not Distracted,MD,Passenger Car,Moving Constant Speed,35,No,2021,NISSAN,ROGUE,39.11897676,-77.17186089,2025,1,8
250000302,Property Damage Crash,01/03/2025 08:28:00 AM,FREDERICK RD (SB/L),NA,Front to Rear,Clear,Dry,Daylight,No Controls,NONE DETECTED,Yes,No Apparent Injury,NA,Not Distracted,MD,Passenger Car,Changing Lanes,35,No,2012,CHEVROLET,SONIC,39.11897676,-77.17186089,2025,1,8
250000293,Property Damage Crash,01/03/2025 07:30:00 AM,NEW HAMPSHIRE AVE,NA,Angle,Clear,Dry,Daylight,Stop Sign,NONE DETECTED,No,No Apparent Injury,NA,Not Distracted,CA,Passenger Car,Moving Constant Speed,35,No,2014,FORD,F-250,39.02085192,-76.9764365,2025,1,7
250000293,Property Damage Crash,01/03/2025 07:30:00 AM,NEW HAMPSHIRE AVE,NA,Angle,Clear,Dry,Daylight,Stop Sign,NONE DETECTED,No,No Apparent Injury,Failed to Yield Right-of-Way,Not Distracted,MD,Passenger Car,Entering Traffic Lane,35,No,2018,BMW,330I,39.02085192,-76.9764365,2025,1,7
250000292,Injury Crash,01/03/2025 07:29:00 AM,OLD COLUMBIA PIKE,NA,Angle,Clear,Dry,Daylight,Stop Sign,NONE DETECTED,No,Possible Minor Injury,NA,Not Distracted,MD,Passenger Car,Stopped in Traffic,40,No,2023,TOYOTA,CAMRY,39.11037577,-76.93344531,2025,1,7
250000292,Injury Crash,01/03/2025 07:29:00 AM,OLD COLUMBIA PIKE,NA,Angle,Clear,Dry,Daylight,No Controls,NONE DETECTED,Yes,Possible Minor Injury,Failed to Keep in Proper Lane,Not Distracted,MD,Passenger Car,Leaving Traffic Lane,40,No,2012,HONDA,CIVIC,39.11037577,-76.93344531,2025,1,7
250000287,Injury Crash,01/03/2025 06:52:00 AM,OLD BALTIMORE RD,NA,Single Vehicle,Clear,Dry,Medium,No Controls,NONE DETECTED,No,Possible Minor Injury,NA,Talking/listening,MD,Passenger Car,Moving Constant Speed,35,No,2012,AUDI,Q5,39.14343143,-77.05576473,2025,1,6
250000269,Injury Crash,01/02/2025 10:00:00 PM,AMHERST AVE,Pedestrian,Single Vehicle,Clear,Dry,Medium,Traffic Control Signal,NONE DETECTED,No,No Apparent Injury,NA,Not Distracted,MD,Passenger Car,NA,25,No,2018,TOYOTA,SIENNA,39.04137042,-77.04820645,2025,1,22
250000254,Property Damage Crash,01/02/2025 08:41:00 PM,NA,NA,"Sideswipe, Opposite Direction",Clear,NA,Medium,NA,NONE DETECTED,No,No Apparent Injury,NA,Not Distracted,MD,Pickup,Slowing or Stopping,0,No,2016,RAM,1500,39.17166181,-77.23570208,2025,1,20
250000254,Property Damage Crash,01/02/2025 08:41:00 PM,NA,NA,"Sideswipe, Opposite Direction",Clear,NA,Medium,NA,NONE DETECTED,No,No Apparent Injury,NA,Not Distracted,MD,Van - Passenger (&lt;9 Seats),Slowing or Stopping,0,No,2023,CHRYSLER,PACIFICA,39.17166181,-77.23570208,2025,1,20
250000254,Property Damage Crash,01/02/2025 08:41:00 PM,NA,NA,"Sideswipe, Opposite Direction",Clear,NA,Medium,NA,NONE DETECTED,Yes,No Apparent Injury,"Disregard Officer Directions, Operated Motor Vehicle in Reckless or Aggressive Manner, Other Improper Action",Not Distracted,ME,Passenger Car,Accelerating,0,No,2020,FORD,FUSION,39.17166181,-77.23570208,2025,1,20
250000253,Property Damage Crash,01/02/2025 08:29:00 PM,NA,NA,Single Vehicle,Clear,NA,Medium,NA,NONE DETECTED,Yes,No Apparent Injury,NA,Unknown,DC,Van - Cargo,Moving Constant Speed,0,No,2022,FORD,TRANSIT,38.97935683,-77.092713,2025,1,20
250000252,Property Damage Crash,01/02/2025 08:13:00 PM,CLARKSBURG RD (SB/L),NA,Front to Rear,Clear,Dry,Medium,Yield Sign,NONE DETECTED,Yes,No Apparent Injury,Other Improper Action,"Other Action (looking away from task, etc.)",MD,Passenger Car,Moving Constant Speed,40,No,2008,TOYOTA,CAMRY,39.22867483,-77.28861314,2025,1,20
250000252,Property Damage Crash,01/02/2025 08:13:00 PM,CLARKSBURG RD (SB/L),NA,Front to Rear,Clear,Dry,Medium,Yield Sign,NONE DETECTED,No,No Apparent Injury,NA,Not Distracted,MD,Passenger Car,Slowing or Stopping,40,No,2024,TESLA,MODEL Y,39.22867483,-77.28861314,2025,1,20
250000242,Property Damage Crash,01/02/2025 06:30:00 PM,GEORGIA AVE,NA,Front to Front,Clear,Dry,Medium,Stop Sign,NONE DETECTED,Yes,No Apparent Injury,Failed to Yield Right-of-Way,Not Distracted,MD,Passenger Car,Turning Right,15,No,2006,SUZUKI,GRAND VITARA XL-7,39.03540935,-77.04944353,2025,1,18
250000242,Property Damage Crash,01/02/2025 06:30:00 PM,GEORGIA AVE,NA,Front to Front,Clear,Dry,Medium,No Controls,NONE DETECTED,No,No Apparent Injury,NA,Not Distracted,MD,Passenger Car,Moving Constant Speed,35,No,2014,LEXUS,RX,39.03540935,-77.04944353,2025,1,18
250000229,Property Damage Crash,01/02/2025 06:13:00 PM,ROCKVILLE PIKE,NA,Angle,Clear,Dry,Medium,No Controls,NONE DETECTED,No,No Apparent Injury,NA,Not Distracted,VA,Passenger Car,Turning Left,30,No,2024,VOLKSWAGEN,JETTA,39.07651538,-77.1385166,2025,1,18
250000229,Property Damage Crash,01/02/2025 06:13:00 PM,ROCKVILLE PIKE,NA,Angle,Clear,Dry,Medium,No Controls,NONE DETECTED,No,No Apparent Injury,NA,Not Distracted,MD,Sport Utility Vehicle,Moving Constant Speed,30,No,2016,SUBARU,FORESTER,39.07651538,-77.1385166,2025,1,18
250000236,Property Damage Crash,01/02/2025 06:02:00 PM,W GUDE DR (WB/L),NA,"Sideswipe, Same Direction",Clear,Dry,Medium,Traffic Control Signal,NONE DETECTED,No,No Apparent Injury,NA,Not Distracted,VA,Sport Utility Vehicle,Moving Constant Speed,35,No,2019,HYUNDAI,KONA,39.09984551,-77.18477626,2025,1,18
250000236,Property Damage Crash,01/02/2025 06:02:00 PM,W GUDE DR (WB/L),NA,"Sideswipe, Same Direction",Clear,Dry,Medium,Traffic Control Signal,NONE DETECTED,No,No Apparent Injury,NA,Not Distracted,MD,Sport Utility Vehicle,Moving Constant Speed,35,No,2014,KIA,SORENTO,39.09984551,-77.18477626,2025,1,18
250000224,Injury Crash,01/02/2025 05:58:00 PM,CONNECTICUT AVE,NA,Angle,Clear,Dry,Medium,Traffic Control Signal,NONE DETECTED,No,No Apparent Injury,NA,Unknown,MD,Passenger Car,Moving Constant Speed,45,No,2014,TOYOTA,COROLLA,39.05163453,-77.07458894,2025,1,17
250000224,Injury Crash,01/02/2025 05:58:00 PM,CONNECTICUT AVE,NA,Angle,Clear,Dry,Medium,Traffic Control Signal,NONE DETECTED,No,Possible Minor Injury,NA,Unknown,MD,Passenger Car,Turning Left,45,No,2009,TOYOTA,CAMRY,39.05163453,-77.07458894,2025,1,17
250000230,Property Damage Crash,01/02/2025 05:53:00 PM,SCENERY DR,NA,Angle,Clear,Dry,Medium,Stop Sign,NONE DETECTED,Yes,No Apparent Injury,NA,Not Distracted,MD,Passenger Car,Making U-Turn,30,No,2009,TOYOTA,PRIUS,39.17809783,-77.23159817,2025,1,17
250000230,Property Damage Crash,01/02/2025 05:53:00 PM,SCENERY DR,NA,Angle,Clear,Dry,Medium,Stop Sign,NONE DETECTED,No,No Apparent Injury,NA,Not Distracted,MD,Passenger Car,Moving Constant Speed,30,No,2010,ACURA,TL,39.17809783,-77.23159817,2025,1,17
250000226,Injury Crash,01/02/2025 05:26:00 PM,VEIRS MILL RD (WB/L),NA,Front to Rear,Clear,Dry,Medium,Traffic Control Signal,NONE DETECTED,No,No Apparent Injury,NA,Unknown,MD,Passenger Car,Moving Constant Speed,35,No,2022,CHEVROLET,SILVERADO HD,39.05140655,-77.0744818,2025,1,17