Local Case Number,ACRS Report Type,Crash Date/Time,Road Name,Related Non-Motorist,Collision Type,Weather,Surface Condition,Light,Traffic Control,Driver Substance Abuse,Driver At Fault,Injury Severity,Circumstance,Driver Distracted By,Drivers License State,Vehicle Body Type,Vehicle Movement,Speed Limit,Driverless Vehicle,Vehicle Year,Vehicle Make,Vehicle Model,Latitude,Longitude,Year,Month,Hour
250000226,Injury Crash,01/02/2025 05:26:00 PM,VEIRS MILL RD (WB/L),NA,Front to Rear,Clear,Dry,Medium,Traffic Control Signal,NONE DETECTED,No,No Apparent Injury,NA,Not Distracted,MD,Passenger Car,Stopped in Traffic,30,No,2023,MAZDA,CX-50,39.05140655,-77.0744818,2025,1,17
250000226,Injury Crash,01/02/2025 05:26:00 PM,VEIRS MILL RD (WB/L),NA,Front to Rear,Clear,Dry,Medium,Traffic Control Signal,NONE DETECTED,No,No Apparent Injury,NA,Not Distracted,MD,Passenger Car,Stopped in Traffic,30,No,2012,DODGE,RAM,39.05140655,-77.0744818,2025,1,17
250000162,Property Damage Crash,01/02/2025 11:30:00 AM,JAEGER RD,NA,Single Vehicle,Clear,Dry,Daylight,No Controls,NONE DETECTED,Yes,No Apparent Injury,Ran Off Roadway,Not Distracted,MD,Passenger Car,Accelerating,10,No,2011,TOYOTA,COROLLA,39.21621833,-77.29478333,2025,1,11
250000158,Injury Crash,01/02/2025 10:42:00 AM,NA,Pedestrian,Single Vehicle,Cloudy,NA,Daylight,NA,NONE DETECTED,Yes,No Apparent Injury,NA,Not Distracted,MD,Passenger Car,Backing,0,No,2002,NISSAN,XTERRA,39.06013417,-77.0479225,2025,1,10
250000147,Injury Crash,01/02/2025 09:23:00 AM,SUFFIELD DR,Pedestrian,Single Vehicle,Clear,Dry,Daylight,Pedestrian Crossing,NONE DETECTED,Yes,No Apparent Injury,NA,Not Distracted,MD,Passenger Car,Moving Constant Speed,25,No,2021,KIA,SEDONA,39.112492,-77.216267,2025,1,9
250000148,Property Damage Crash,01/02/2025 09:20:00 AM,16TH ST,NA,"Sideswipe, Same Direction",Clear,Dry,Daylight,No Controls,NONE DETECTED,Yes,No Apparent Injury,NA,Not Distracted,MD,Bus - Transit,Changing Lanes,30,No,2013,NEW FLYER,XCELSIOR,39.00589403,-77.03952123,2025,1,9
250000148,Property Damage Crash,01/02/2025 09:20:00 AM,16TH ST,NA,"Sideswipe, Same Direction",Clear,Dry,Daylight,No Controls,NONE DETECTED,No,No Apparent Injury,NA,Not Distracted,MD,Sport Utility Vehicle,Slowing or Stopping,30,No,2007,TOYOTA,RAV4,39.00589403,-77.03952123,2025,1,9
250000035,Property Damage Crash,01/02/2025 05:53:00 AM,RAMP 1 FR IS 270 NB TO MD 117 WB,NA,Single Vehicle,Clear,Dry,Medium,No Controls,ALCOHOL PRESENT,No,No Apparent Injury,"Ran Off Roadway, Too Fast For Conditions",Unknown,MD,Passenger Car,Negotiating a Curve,55,No,2011,MAZDA,MAZDA3,39.14183286,-77.21245881,2025,1,5
250000124,Property Damage Crash,01/01/2025 11:07:00 PM,NA,NA,Rear To Rear,Clear,Dry,Medium,Traffic Control Signal,ALCOHOL PRESENT,Yes,No Apparent Injury,NA,Unknown,MD,Pickup,Moving Constant Speed,35,No,2002,DODGE,RAM,39.06822678,-77.06109926,2025,1,23
250000124,Property Damage Crash,01/01/2025 11:07:00 PM,NA,NA,Rear To Rear,Clear,Dry,Medium,Traffic Control Signal,NONE DETECTED,No,No Apparent Injury,NA,Not Distracted,MD,Sport Utility Vehicle,Making U-Turn,35,No,2016,TOYOTA,RAV4,39.06822678,-77.06109926,2025,1,23
250000112,Property Damage Crash,01/01/2025 08:03:00 PM,COLUMBIA PIKE (SB/L),NA,Unknown,Clear,Dry,Dark,No Controls,NONE DETECTED,No,No Apparent Injury,NA,Not Distracted,MD,Sport Utility Vehicle,Moving Constant Speed,55,No,2022,NISSAN,ROGUE,39.10054771,-76.93523183,2025,1,20
250000112,Property Damage Crash,01/01/2025 08:03:00 PM,COLUMBIA PIKE (SB/L),NA,Unknown,Clear,Dry,Dark,No Controls,NONE DETECTED,No,No Apparent Injury,NA,Not Distracted,MD,Sport Utility Vehicle,Moving Constant Speed,55,No,2018,TOYOTA,HIGHLANDER,39.10054771,-76.93523183,2025,1,20
250000114,Property Damage Crash,01/01/2025 07:45:00 PM,MARINELLI RD,NA,Angle,Clear,Dry,Medium,No Controls,NONE DETECTED,Yes,No Apparent Injury,NA,Not Distracted,MD,Passenger Car,Making U-Turn,30,No,2018,VOLKSWAGEN,PASSAT,39.04768329,-77.10873203,2025,1,19
250000114,Property Damage Crash,01/01/2025 07:45:00 PM,MARINELLI RD,NA,Angle,Clear,Dry,Medium,No Controls,NONE DETECTED,Yes,No Apparent Injury,Improper Passing,Unknown,MD,Passenger Car,Overtaking/Passing,30,No,2007,MITSUBISHI,GALANT,39.04768329,-77.10873203,2025,1,19
250000107,Property Damage Crash,01/01/2025 07:22:00 PM,COLUMBIA PIKE (SB/L),NA,Front to Rear,Clear,Dry,Medium,Traffic Control Signal,NONE DETECTED,No,No Apparent Injury,NA,Not Distracted,MD,Passenger Car,Slowing or Stopping,40,No,2017,TOYOTA,SIENNA,39.0341181,-77.00210421,2025,1,19
250000107,Property Damage Crash,01/01/2025 07:22:00 PM,COLUMBIA PIKE (SB/L),NA,Front to Rear,Clear,Dry,Medium,Traffic Control Signal,NONE DETECTED,No,No Apparent Injury,NA,Not Distracted,MD,Passenger Car,Stopped in Traffic,40,No,2019,TOYOTA,C-HR,39.0341181,-77.00210421,2025,1,19
250000106,Injury Crash,01/01/2025 07:12:00 PM,MUDDY BRANCH RD (SB/L),NA,"Sideswipe, Same Direction",Clear,Dry,Medium,Traffic Control Signal,NONE DETECTED,No,Possible Minor Injury,NA,Not Distracted,MD,Pickup,Accelerating,35,No,2018,CHEVROLET,COLORADO,39.1245148,-77.21426256,2025,1,19
250000106,Injury Crash,01/01/2025 07:12:00 PM,MUDDY BRANCH RD (SB/L),NA,"Sideswipe, Same Direction",Clear,Dry,Medium,Traffic Control Signal,NONE DETECTED,No,NA,NA,NA,NA,NA,Changing Lanes,35,No,0,NA,NA,39.1245148,-77.21426256,2025,1,19
250000093,Property Damage Crash,01/01/2025 05:27:00 PM,MONTGOMERY VILLAGE AVE (SB/L),NA,"Sideswipe, Same Direction",Clear,Dry,Medium,No Controls,NONE DETECTED,No,No Apparent Injury,NA,Not Distracted,MD,Passenger Car,Moving Constant Speed,35,No,2021,JEEP,CHEROKEE,39.15534338,-77.20822426,2025,1,17
250000093,Property Damage Crash,01/01/2025 05:27:00 PM,MONTGOMERY VILLAGE AVE (SB/L),NA,"Sideswipe, Same Direction",Clear,Dry,Medium,No Controls,NONE DETECTED,No,No Apparent Injury,NA,Not Distracted,MD,Passenger Car,Moving Constant Speed,35,No,2012,VOLKSWAGEN,PASSAT,39.15534338,-77.20822426,2025,1,17
250000079,Property Damage Crash,01/01/2025 03:05:00 PM,COLUMBIA PIKE (SB/L),NA,Single Vehicle,Clear,Dry,Daylight,No Controls,NONE DETECTED,No,No Apparent Injury,NA,Not Distracted,MD,Passenger Car,Moving Constant Speed,50,No,2018,TOYOTA,RAV4,39.05029617,-76.98104017,2025,1,15
250000068,Property Damage Crash,01/01/2025 12:57:00 PM,NA,NA,Single Vehicle,Clear,Dry,Daylight,No Controls,NONE DETECTED,Yes,No Apparent Injury,Ran Off Roadway,Not Distracted,MD,Sport Utility Vehicle,Moving Constant Speed,30,No,2022,VOLKSWAGEN,TIGUAN,39.28703466,-77.19944232,2025,1,12
250000048,Injury Crash,01/01/2025 09:50:00 AM,OLD ORCHARD RD,NA,Angle,Cloudy,Dry,Daylight,No Controls,NONE DETECTED,No,Possible Minor Injury,NA,Not Distracted,MD,Passenger Car,Moving Constant Speed,35,No,2010,TOYOTA,CAMRY,39.12832967,-77.01593106,2025,1,9
250000048,Injury Crash,01/01/2025 09:50:00 AM,OLD ORCHARD RD,NA,Angle,Cloudy,Dry,Daylight,Stop Sign,NONE DETECTED,Yes,Possible Minor Injury,NA,Not Distracted,MD,Passenger Car,Entering Traffic Lane,30,No,2018,HONDA,CR-V,39.12832967,-77.01593106,2025,1,9
250000466,Injury Crash,01/01/2025 09:29:00 AM,COLESVILLE RD (WB/L),NA,Angle,Clear,Dry,Daylight,Traffic Control Signal,NONE DETECTED,No,No Apparent Injury,NA,Not Distracted,MD,Passenger Car,Stopped in Traffic,30,No,2004,NISSAN,PATHFINDER,38.99367101,-77.03232188,2025,1,9
250000466,Injury Crash,01/01/2025 09:29:00 AM,COLESVILLE RD (WB/L),NA,Angle,Clear,Dry,Daylight,Traffic Control Signal,NONE DETECTED,Yes,Possible Minor Injury,NA,Not Distracted,MD,Passenger Car,Turning Right,30,No,2005,ACURA,TSX,38.99367101,-77.03232188,2025,1,9
250000039,Injury Crash,01/01/2025 07:22:00 AM,PURDUM RD,NA,Single Vehicle,Clear,Wet,Daylight,No Controls,NONE DETECTED,Yes,Possible Minor Injury,Too Fast For Conditions,Unknown,VA,Passenger Car,Moving Constant Speed,40,No,2015,LEXUS,IS,39.28768,-77.24193667,2025,1,7
250000038,Injury Crash,01/01/2025 07:06:00 AM,DICKERSON RD,NA,Single Vehicle,Clear,Wet,Medium,No Controls,NONE DETECTED,Yes,Possible Minor Injury,"Over-Correcting/Over-Steering, Too Fast For Conditions",Not Distracted,MD,Van - Cargo,Negotiating a Curve,40,No,2005,CHEVROLET,EXPRESS,39.20787,-77.43346167,2025,1,7
250000028,Property Damage Crash,01/01/2025 04:01:00 AM,NOYES CT,NA,Angle,Clear,Dry,Medium,No Controls,NONE DETECTED,No,NA,NA,NA,NA,Sport Utility Vehicle,Accelerating,25,No,2022,MERCEDES-BENZ,GLB-CLASS,39.00093936,-77.02556125,2025,1,4
250000023,Injury Crash,01/01/2025 03:31:00 AM,CASTLE BLVD,NA,Front to Front,Clear,Wet,Medium,No Controls,NONE DETECTED,No,No Apparent Injury,Too Fast For Conditions,Unknown,NA,Passenger Car,Moving Constant Speed,40,No,2017,HYUNDAI,ACCENT,39.08420183,-76.9407515,2025,1,3
250000023,Injury Crash,01/01/2025 03:31:00 AM,CASTLE BLVD,NA,Front to Front,Clear,Wet,Medium,No Controls,NONE DETECTED,No,Possible Minor Injury,NA,Not Distracted,MD,Passenger Car,Moving Constant Speed,40,No,2020,NISSAN,ROGUE SPORT,39.08420183,-76.9407515,2025,1,3
250000013,Property Damage Crash,01/01/2025 02:00:00 AM,NA,NA,Front to Front,Clear,Wet,Medium,Traffic Control Signal,NONE DETECTED,No,No Apparent Injury,NA,Not Distracted,MD,Passenger Car,Moving Constant Speed,35,No,2009,ACURA,TSX,39.1561471,-77.16578588,2025,1,2
250000013,Property Damage Crash,01/01/2025 02:00:00 AM,NA,NA,Front to Front,Clear,Wet,Medium,Traffic Control Signal,NONE DETECTED,No,No Apparent Injury,Failed to Yield Right-of-Way,Not Distracted,MD,Passenger Car,Turning Left,35,No,2009,BMW,X5,39.1561471,-77.16578588,2025,1,2
250000012,Property Damage Crash,01/01/2025 01:45:00 AM,RANDOLPH RD (WB/L),NA,"Sideswipe, Same Direction",Cloudy,Wet,Medium,No Controls,NONE DETECTED,Yes,No Apparent Injury,Other Improper Action,Not Distracted,MD,Passenger Car,Changing Lanes,35,No,2019,FORD,MUSTANG,39.05390833,-77.09561167,2025,1,1
250000012,Property Damage Crash,01/01/2025 01:45:00 AM,RANDOLPH RD (WB/L),NA,"Sideswipe, Same Direction",Cloudy,Wet,Medium,No Controls,NONE DETECTED,No,No Apparent Injury,NA,Not Distracted,MD,Sport Utility Vehicle,Accelerating,35,No,2017,KIA,SORENTO,39.05390833,-77.09561167,2025,1,1
250000008,Property Damage Crash,01/01/2025 01:20:00 AM,EAST VILLAGE AVE (WB/L),NA,Single Vehicle,Cloudy,Wet,Medium,No Controls,NONE DETECTED,Yes,No Apparent Injury,NA,Unknown,MD,Passenger Car,Moving Constant Speed,35,No,2001,HONDA,CIVIC,39.18937124,-77.18301391,2025,1,1
250000005,Property Damage Crash,01/01/2025 12:40:00 AM,CENTERWAY RD,NA,"Sideswipe, Same Direction",Clear,NA,Medium,No Controls,NONE DETECTED,No,No Apparent Injury,NA,Not Distracted,MD,Passenger Car,Parked,35,No,2013,FORD,C-MAX,39.16996945,-77.18580139,2025,1,0
250000005,Property Damage Crash,01/01/2025 12:40:00 AM,CENTERWAY RD,NA,"Sideswipe, Same Direction",Clear,NA,Medium,No Controls,ALCOHOL PRESENT,Yes,No Apparent Injury,NA,Unknown,NA,Passenger Car,Moving Constant Speed,35,No,2003,HONDA,CIVIC,39.16996945,-77.18580139,2025,1,0
240062390,Property Damage Crash,12/31/2024 11:51:00 PM,CONNECTICUT AVE (SB/L),NA,"Sideswipe, Same Direction",Clear,Dry,Medium,Traffic Control Signal,NONE DETECTED,No,No Apparent Injury,NA,Not Distracted,MD,Sport Utility Vehicle,Slowing or Stopping,30,No,2022,TOYOTA,VENZA,38.98797124,-77.07724222,2024,12,23
240062390,Property Damage Crash,12/31/2024 11:51:00 PM,CONNECTICUT AVE (SB/L),NA,"Sideswipe, Same Direction",Clear,Dry,Medium,Traffic Control Signal,NONE DETECTED,No,No Apparent Injury,"Disregard Officer Directions, Failed to Keep in Proper Lane, Improper Turn, Operated Motor Vehicle in Inattentive, Careless, Negligent, or Erratic Manner, Operated Motor Vehicle in Reckless or Aggressive Manner, Other Improper Action, Too Fast For Conditions",Unknown,NA,Van - Passenger (&lt;9 Seats),Turning Right,30,No,2014,NISSAN,NV200,38.98797124,-77.07724222,2024,12,23
240062388,Property Damage Crash,12/31/2024 11:06:00 PM,LOCKSLEY LA,NA,Single Vehicle,Cloudy,Wet,Dark,No Controls,NONE DETECTED,No,No Apparent Injury,NA,Not Distracted,MD,Passenger Car,Moving Constant Speed,25,No,2020,MERCEDES-BENZ,GLC-CLASS,39.07344333,-77.01421933,2024,12,23
240062383,Injury Crash,12/31/2024 10:35:00 PM,OLD COLUMBIA PIKE (WB/L),NA,Single Vehicle,Rain,Wet,Medium,Traffic Control Signal,NONE DETECTED,Yes,Possible Minor Injury,NA,Unknown,MD,Passenger Car,Moving Constant Speed,25,No,2001,MERCEDES-BENZ,E-CLASS,39.1113451,-76.93221821,2024,12,22
240062372,Injury Crash,12/31/2024 09:24:00 PM,WILLARD AVE,Pedestrian,Single Vehicle,Clear,Wet,Medium,No Controls,NONE DETECTED,No,No Apparent Injury,NA,Not Distracted,MD,Passenger Car,Moving Constant Speed,35,No,2009,MERCEDES-BENZ,E-CLASS,38.96230079,-77.08983301,2024,12,21
240062371,Property Damage Crash,12/31/2024 08:49:00 PM,NA,NA,Front to Rear,Rain,Wet,Medium,Traffic Control Signal,NONE DETECTED,No,No Apparent Injury,NA,Unknown,MD,Passenger Car,Stopped in Traffic,35,No,2022,TOYOTA,PRIUS,39.0513395,-77.11556433,2024,12,20
240062371,Property Damage Crash,12/31/2024 08:49:00 PM,NA,NA,Front to Rear,Rain,Wet,Medium,Traffic Control Signal,NONE DETECTED,Yes,No Apparent Injury,NA,Unknown,MD,Van - Passenger (&lt;9 Seats),Slowing or Stopping,35,No,2012,FORD,E-350,39.0513395,-77.11556433,2024,12,20
240062365,Property Damage Crash,12/31/2024 07:30:00 PM,GREENWOOD AVE,NA,Other,Rain,Wet,Medium,No Controls,NONE DETECTED,No,No Apparent Injury,NA,Not Distracted,MD,Passenger Car,Moving Constant Speed,25,No,2004,CADILLAC,CTS,38.98528215,-76.99718615,2024,12,19
240062365,Property Damage Crash,12/31/2024 07:30:00 PM,GREENWOOD AVE,NA,Other,Rain,Wet,Medium,No Controls,NONE DETECTED,No,No Apparent Injury,NA,Not Distracted,MD,Passenger Car,Stopped in Traffic,25,No,2011,SUBARU,OUTBACK,38.98528215,-76.99718615,2024,12,19
240062365,Property Damage Crash,12/31/2024 07:30:00 PM,GREENWOOD AVE,NA,Other,Rain,Wet,Medium,No Controls,NONE DETECTED,No,No Apparent Injury,NA,Unknown,MD,Passenger Car,Entering Traffic Lane,25,No,2023,TOYOTA,RAV4,38.98528215,-76.99718615,2024,12,19
240062362,Injury Crash,12/31/2024 06:20:00 PM,METRORAIL TRACK B2 RAIL,NA,Angle,Rain,Wet,Medium,Traffic Control Signal,NONE DETECTED,No,Possible Minor Injury,NA,Not Distracted,DC,Passenger Car,Moving Constant Speed,30,No,2011,NISSAN,SENTRA,39.0156522,-77.04274576,2024,12,18
240062362,Injury Crash,12/31/2024 06:20:00 PM,METRORAIL TRACK B2 RAIL,NA,Angle,Rain,Wet,Medium,Traffic Control Signal,NONE DETECTED,No,No Apparent Injury,NA,Not Distracted,MD,Passenger Car,Turning Left,30,No,2017,HONDA,ACCORD,39.0156522,-77.04274576,2024,12,18
240062360,Property Damage Crash,12/31/2024 06:20:00 PM,GEORGIA AVE (SB/L),NA,"Sideswipe, Same Direction",Rain,Wet,Medium,Traffic Control Signal,NONE DETECTED,No,No Apparent Injury,NA,Not Distracted,MD,Passenger Car,Moving Constant Speed,35,No,2010,VOLVO,C70,39.01273417,-77.04165633,2024,12,18
240062360,Property Damage Crash,12/31/2024 06:20:00 PM,GEORGIA AVE (SB/L),NA,"Sideswipe, Same Direction",Rain,Wet,Medium,Traffic Control Signal,NONE DETECTED,Yes,No Apparent Injury,NA,Unknown,MD,Passenger Car,Changing Lanes,35,No,2001,TOYOTA,RAV4,39.01273417,-77.04165633,2024,12,18
240062364,Injury Crash,12/31/2024 06:13:00 PM,E FRANKLIN AVE,Pedestrian,Single Vehicle,Rain,Wet,Medium,Pedestrian Crossing,NONE DETECTED,No,No Apparent Injury,NA,Not Distracted,MD,Sport Utility Vehicle,Moving Constant Speed,35,No,2015,JEEP,CHEROKEE,39.01210985,-77.00250114,2024,12,18
240062356,Property Damage Crash,12/31/2024 05:24:00 PM,BICKFORD AVE,NA,Other,Rain,Wet,Medium,Stop Sign,NONE DETECTED,Yes,No Apparent Injury,NA,Not Distracted,MD,Passenger Car,Moving Constant Speed,15,No,2023,KIA,FORTE,39.09165943,-77.1566728,2024,12,17
240062356,Property Damage Crash,12/31/2024 05:24:00 PM,BICKFORD AVE,NA,Other,Rain,Wet,Medium,Stop Sign,NONE DETECTED,No,No Apparent Injury,NA,Not Distracted,MD,Passenger Car,Turning Left,15,No,2022,CHEVROLET,TRAILBLAZER,39.09165943,-77.1566728,2024,12,17
240062376,Injury Crash,12/31/2024 02:25:00 PM,GEORGIA AVE (SB/L),NA,Front to Rear,Clear,Dry,Daylight,Traffic Control Signal,NONE DETECTED,Yes,Possible Minor Injury,"Swerved or Avoided Due to Wind, Slippery Surface, Motor Vehicle, Object, Non-Motorist in Roadway, etc",Not Distracted,MD,Passenger Car,Slowing or Stopping,35,No,2013,BMW,528XI,38.98794417,-77.02676303,2024,12,14
240062376,Injury Crash,12/31/2024 02:25:00 PM,GEORGIA AVE (SB/L),NA,Front to Rear,Clear,Dry,Daylight,Traffic Control Signal,NONE DETECTED,No,No Apparent Injury,NA,Not Distracted,DC,Sport Utility Vehicle,Slowing or Stopping,35,No,2024,MAZDA,CX-30,38.98794417,-77.02676303,2024,12,14
240062321,Injury Crash,12/31/2024 01:46:00 PM,NA,NA,Front to Front,Clear,Dry,Daylight,Lane Use Control Signal,NONE DETECTED,No,Possible Minor Injury,NA,Not Distracted,PA,Pickup,Moving Constant Speed,40,No,1998,DODGE,DAKOTA,39.18771067,-77.02471,2024,12,13
240062321,Injury Crash,12/31/2024 01:46:00 PM,NA,NA,Front to Front,Clear,Dry,Daylight,Lane Use Control Signal,NONE DETECTED,Yes,No Apparent Injury,"Failed to Keep in Proper Lane, Other Improper Action, Too Fast For Conditions",Not Distracted,MD,Passenger Car,Moving Constant Speed,40,No,2014,VOLKSWAGEN,JETTA,39.18771067,-77.02471,2024,12,13
240062290,Property Damage Crash,12/31/2024 12:00:00 PM,NA,NA,Rear To Side,Clear,NA,Daylight,NA,NONE DETECTED,No,No Apparent Injury,NA,Not Distracted,MD,Passenger Car,Turning Right,0,No,2024,VOLKSWAGEN,JETTA,39.18203694,-77.264271,2024,12,12
240062297,Injury Crash,12/31/2024 12:00:00 PM,NA,Pedestrian,Single Vehicle,Clear,NA,Daylight,NA,NONE DETECTED,Yes,No Apparent Injury,NA,Not Distracted,MD,Passenger Car,Moving Constant Speed,0,No,2013,TOYOTA,HIGHLANDER,39.09163557,-77.17699993,2024,12,12
240062290,Property Damage Crash,12/31/2024 12:00:00 PM,NA,NA,Rear To Side,Clear,NA,Daylight,NA,NONE DETECTED,No,No Apparent Injury,NA,Unknown,MD,Passenger Car,Backing,0,No,2019,DODGE,CHARGER,39.18203694,-77.264271,2024,12,12
240062286,Property Damage Crash,12/31/2024 11:20:00 AM,MAPLE AVE,NA,Front to Front,Clear,Dry,Daylight,No Controls,NONE DETECTED,No,NA,NA,NA,NA,Truck Tractor,Making U-Turn,25,No,0,NA,NA,38.99202985,-77.09592189,2024,12,11
240062285,Property Damage Crash,12/31/2024 11:19:00 AM,WILKINS AVE,NA,Other,Clear,Dry,Daylight,No Controls,NONE DETECTED,No,No Apparent Injury,NA,Not Distracted,MD,Sport Utility Vehicle,Moving Constant Speed,30,No,2008,HONDA,ODYSSEY,39.05608078,-77.1099976,2024,12,11
240062285,Property Damage Crash,12/31/2024 11:19:00 AM,WILKINS AVE,NA,Other,Clear,Dry,Daylight,No Controls,NONE DETECTED,Yes,No Apparent Injury,NA,Not Distracted,MD,Passenger Car,Turning Left,30,No,2011,TOYOTA,PRIUS,39.05608078,-77.1099976,2024,12,11
240062278,Injury Crash,12/31/2024 11:00:00 AM,NA,NA,Front to Rear,Clear,Dry,Daylight,Yield Sign,NONE DETECTED,No,No Apparent Injury,NA,Unknown,MD,Passenger Car,Accelerating,35,No,2011,ACURA,TSX,39.14225183,-77.22086767,2024,12,11
240062278,Injury Crash,12/31/2024 11:00:00 AM,NA,NA,Front to Rear,Clear,Dry,Daylight,Yield Sign,NONE DETECTED,No,Possible Minor Injury,NA,Not Distracted,MD,Sport Utility Vehicle,Slowing or Stopping,35,No,2010,TOYOTA,RAV4,39.14225183,-77.22086767,2024,12,11
240062308,Injury Crash,12/31/2024 09:53:00 AM,NA,NA,Angle,Rain,NA,Daylight,NA,NONE DETECTED,Yes,Possible Minor Injury,"Ran Off Roadway, Ran Stop Sign",Not Distracted,MD,Passenger Car,Accelerating,0,No,2015,HYUNDAI,ELANTRA,39.15461145,-77.27154951,2024,12,9
240062257,Injury Crash,12/31/2024 09:00:00 AM,NA,Pedestrian,Single Vehicle,Clear,NA,Daylight,NA,NONE DETECTED,Yes,No Apparent Injury,NA,Not Distracted,MD,Passenger Car,Turning Left,0,No,2011,MAZDA,CX-9,38.98000196,-77.09102309,2024,12,9
240062255,Property Damage Crash,12/31/2024 08:38:00 AM,LOCKWOOD DR (SB/L),NA,"Sideswipe, Same Direction",Clear,Dry,Daylight,Traffic Control Signal,NONE DETECTED,No,No Apparent Injury,NA,NA,NA,Passenger Car,Turning Left,50,No,1999,TOYOTA,CAMRY,39.03980077,-76.99056495,2024,12,8
240062255,Property Damage Crash,12/31/2024 08:38:00 AM,LOCKWOOD DR (SB/L),NA,"Sideswipe, Same Direction",Clear,Dry,Daylight,Traffic Control Signal,NONE DETECTED,No,No Apparent Injury,NA,Not Distracted,MD,Passenger Car,Turning Left,50,No,2011,HONDA,PILOT,39.03980077,-76.99056495,2024,12,8
240062251,Property Damage Crash,12/31/2024 08:06:00 AM,NA,NA,Angle,Clear,Dry,Daylight,Traffic Control Signal,NONE DETECTED,No,No Apparent Injury,NA,Not Distracted,VA,Passenger Car,Turning Left,35,No,2015,BUICK,REGAL,39.06425367,-77.12614422,2024,12,8
240062251,Property Damage Crash,12/31/2024 08:06:00 AM,NA,NA,Angle,Clear,Dry,Daylight,Traffic Control Signal,NONE DETECTED,Yes,No Apparent Injury,Ran Red Light,Not Distracted,MD,Passenger Car,Moving Constant Speed,35,No,2018,TOYOTA,COROLLA,39.06425367,-77.12614422,2024,12,8
240062242,Property Damage Crash,12/31/2024 06:27:00 AM,SECOND AVE,NA,Angle,Clear,Dry,Medium,Stop Sign,NONE DETECTED,No,No Apparent Injury,NA,Not Distracted,MD,Passenger Car,Accelerating,25,No,2020,HONDA,ACCORD,39.00470997,-77.041688250000007,2024,12,6
240062242,Property Damage Crash,12/31/2024 06:27:00 AM,SECOND AVE,NA,Angle,Clear,Dry,Medium,Stop Sign,NONE DETECTED,Yes,No Apparent Injury,NA,Unknown,MD,Sport Utility Vehicle,Accelerating,25,No,2023,VOLKSWAGEN,ID.4,39.00470997,-77.041688250000007,2024,12,6
240062232,Injury Crash,12/30/2024 10:13:00 PM,BRINK RD,NA,Single Vehicle,Clear,Dry,Dark,No Controls,NONE DETECTED,No,Possible Minor Injury,NA,Not Distracted,MD,Passenger Car,Slowing or Stopping,35,No,2019,CHEVROLET,MALIBU,39.201825,-77.20438667,2024,12,22
240062230,Property Damage Crash,12/30/2024 09:55:00 PM,NA,NA,Single Vehicle,Clear,NA,Medium,NA,NONE DETECTED,No,No Apparent Injury,NA,Not Distracted,MD,Passenger Car,Backing,0,No,2021,FORD,EXPLORER,38.9853796,-77.00938443,2024,12,21
240062213,Property Damage Crash,12/30/2024 06:58:00 PM,UNIVERSITY BLVD W,NA,Rear To Side,Clear,Dry,Medium,Traffic Control Signal,NONE DETECTED,No,No Apparent Injury,Disregarded Other Traffic Sign,Not Distracted,MD,Passenger Car,Accelerating,35,No,2014,HONDA,CR-V,39.0364955,-77.03048433,2024,12,18
240062213,Property Damage Crash,12/30/2024 06:58:00 PM,UNIVERSITY BLVD W,NA,Rear To Side,Clear,Dry,Medium,Traffic Control Signal,NONE DETECTED,No,No Apparent Injury,NA,Not Distracted,MD,Passenger Car,Stopped in Traffic,35,No,2022,MERCEDES-BENZ,GLE-CLASS,39.0364955,-77.03048433,2024,12,18
240062213,Property Damage Crash,12/30/2024 06:58:00 PM,UNIVERSITY BLVD W,NA,Rear To Side,Clear,Dry,Medium,Traffic Control Signal,NONE DETECTED,Yes,No Apparent Injury,"Disregarded Other Traffic Sign, Ran Red Light, Too Fast For Conditions",Not Distracted,MD,Passenger Car,Moving Constant Speed,35,No,2021,TESLA,MODEL 3,39.0364955,-77.03048433,2024,12,18