Local Case Number,ACRS Report Type,Crash Date/Time,Road Name,Related Non-Motorist,Collision Type,Weather,Surface Condition,Light,Traffic Control,Driver Substance Abuse,Driver At Fault,Injury Severity,Circumstance,Driver Distracted By,Drivers License State,Vehicle Body Type,Vehicle Movement,Speed Limit,Driverless Vehicle,Vehicle Year,Vehicle Make,Vehicle Model,Latitude,Longitude,Year,Month,Hour
240062214,Property Damage Crash,12/30/2024 06:39:00 PM,NA,NA,Single Vehicle,Clear,Dry,Medium,No Controls,ALCOHOL PRESENT,Yes,No Apparent Injury,NA,Not Distracted,MD,Pickup,Turning Left,35,No,2005,FORD,F-150,39.11644771,-76.96591698,2024,12,18
240062204,Property Damage Crash,12/30/2024 05:05:00 PM,COLESVILLE RD (WB/L),NA,"Sideswipe, Same Direction",Clear,Dry,Medium,Traffic Control Signal,NONE DETECTED,No,No Apparent Injury,NA,Not Distracted,MD,Bus - Transit,Turning Left,35,No,2009,GILLIG,LOW FLOOR BUS,38.99367131,-77.03232702,2024,12,17
240062204,Property Damage Crash,12/30/2024 05:05:00 PM,COLESVILLE RD (WB/L),NA,"Sideswipe, Same Direction",Clear,Dry,Medium,Traffic Control Signal,NONE DETECTED,Yes,No Apparent Injury,"Failed to Keep in Proper Lane, Improper Turn",Not Distracted,MD,Passenger Car,Moving Constant Speed,35,No,2016,TOYOTA,CAMRY,38.99367131,-77.03232702,2024,12,17
240062198,Injury Crash,12/30/2024 04:33:00 PM,RANDOLPH RD,NA,Front to Rear,Clear,Dry,Daylight,No Controls,NONE DETECTED,No,No Apparent Injury,NA,Not Distracted,MD,Pickup,Slowing or Stopping,35,No,2023,TOYOTA,TUNDRA,39.05732308,-77.0722952,2024,12,16
240062198,Injury Crash,12/30/2024 04:33:00 PM,RANDOLPH RD,NA,Front to Rear,Clear,Dry,Daylight,No Controls,NONE DETECTED,Yes,No Apparent Injury,Followed Too Closely,"Other Action (looking away from task, etc.)",MD,Passenger Car,Slowing or Stopping,35,No,2019,CHEVROLET,SPARK,39.05732308,-77.0722952,2024,12,16
240062198,Injury Crash,12/30/2024 04:33:00 PM,RANDOLPH RD,NA,Front to Rear,Clear,Dry,Daylight,No Controls,NONE DETECTED,No,No Apparent Injury,Followed Too Closely,"Other Action (looking away from task, etc.)",MD,Passenger Car,Slowing or Stopping,35,No,2009,HONDA,CIVIC,39.05732308,-77.0722952,2024,12,16
240062200,Property Damage Crash,12/30/2024 03:50:00 PM,NA,NA,Front to Rear,Clear,NA,Daylight,NA,ALCOHOL PRESENT,Yes,No Apparent Injury,NA,Not Distracted,MD,Passenger Car,Backing,0,No,2001,VOLVO,S60,39.08283104,-76.94720056,2024,12,15
240062200,Property Damage Crash,12/30/2024 03:50:00 PM,NA,NA,Front to Rear,Clear,NA,Daylight,NA,NONE DETECTED,No,No Apparent Injury,NA,Not Distracted,MD,Passenger Car,Backing,0,No,2017,LEXUS,ES,39.08283104,-76.94720056,2024,12,15
240062226,Property Damage Crash,12/30/2024 03:45:00 PM,NA,NA,Other,Clear,NA,Daylight,NA,NONE DETECTED,No,NA,NA,NA,NA,Van - Cargo,Backing,0,No,2006,FORD,E-350,39.04288863,-76.98487072,2024,12,15
240062201,Property Damage Crash,12/30/2024 03:30:00 PM,NA,NA,"Sideswipe, Same Direction",Clear,NA,Daylight,NA,NONE DETECTED,No,No Apparent Injury,"Followed Too Closely, Operated Motor Vehicle in Inattentive, Careless, Negligent, or Erratic Manner, Other Improper Action",Unknown,MD,Pickup,Turning Right,0,No,2004,CADILLAC,ESCALADE,39.1154237,-77.1873392,2024,12,15
240062182,Injury Crash,12/30/2024 03:20:00 PM,SHOP CTR CUT THRU CUT,NA,Angle,Clear,Dry,Daylight,No Controls,NONE DETECTED,No,No Apparent Injury,NA,Unknown,NA,Passenger Car,Moving Constant Speed,25,No,2010,SUBARU,OUTBACK,39.08142083,-76.945749,2024,12,15
240062182,Injury Crash,12/30/2024 03:20:00 PM,SHOP CTR CUT THRU CUT,NA,Angle,Clear,Dry,Daylight,No Controls,NONE DETECTED,No,No Apparent Injury,NA,Unknown,MD,Passenger Car,Turning Left,25,No,2012,MERCEDES-BENZ,E-CLASS,39.08142083,-76.945749,2024,12,15
240062252,Property Damage Crash,12/30/2024 03:00:00 PM,NA,NA,Front to Rear,Cloudy,Dry,Daylight,No Controls,NONE DETECTED,Yes,No Apparent Injury,Other Improper Action,Not Distracted,MD,Sport Utility Vehicle,Backing,30,No,2024,DODGE,DURANGO,39.03230719,-77.19646512,2024,12,15
240062252,Property Damage Crash,12/30/2024 03:00:00 PM,NA,NA,Front to Rear,Cloudy,Dry,Daylight,No Controls,NONE DETECTED,No,No Apparent Injury,NA,Not Distracted,MD,Passenger Car,Parked,30,No,2019,DODGE,CHARGER,39.03230719,-77.19646512,2024,12,15
240062178,Property Damage Crash,12/30/2024 02:45:00 PM,NEW HAMPSHIRE AVE (SB/L),NA,"Sideswipe, Opposite Direction",Clear,Dry,Daylight,Traffic Control Signal,NONE DETECTED,No,No Apparent Injury,NA,Not Distracted,OH,Sport Utility Vehicle,Accelerating,35,No,2018,FORD,EXPEDITION,38.9883675,-76.9879295,2024,12,14
240062178,Property Damage Crash,12/30/2024 02:45:00 PM,NEW HAMPSHIRE AVE (SB/L),NA,"Sideswipe, Opposite Direction",Clear,Dry,Daylight,Traffic Control Signal,NONE DETECTED,Yes,No Apparent Injury,NA,Not Distracted,MD,Bus - Transit,Accelerating,35,No,2012,GILLIG,LOW FLOOR BUS,38.9883675,-76.9879295,2024,12,14
240062164,Property Damage Crash,12/30/2024 01:34:00 PM,VEIRS MILL RD,NA,Angle,Clear,Dry,Daylight,Traffic Control Signal,NONE DETECTED,Yes,No Apparent Injury,Ran Red Light,Unknown,MD,Passenger Car,Moving Constant Speed,35,No,2017,TOYOTA,CAMRY,39.08145916,-77.14594322,2024,12,13
240062164,Property Damage Crash,12/30/2024 01:34:00 PM,VEIRS MILL RD,NA,Angle,Clear,Dry,Daylight,Traffic Control Signal,NONE DETECTED,No,No Apparent Injury,NA,Not Distracted,MD,Van - Passenger (&lt;9 Seats),Accelerating,35,No,2007,HONDA,ODYSSEY,39.08145916,-77.14594322,2024,12,13
240062192,Property Damage Crash,12/30/2024 01:15:00 PM,VEIRS MILL RD,NA,"Sideswipe, Same Direction",Clear,Dry,Daylight,No Controls,NONE DETECTED,No,No Apparent Injury,NA,Not Distracted,MD,Passenger Car,Moving Constant Speed,35,No,2014,CHEVROLET,EQUINOX,39.05415099,-77.07916984,2024,12,13
240062192,Property Damage Crash,12/30/2024 01:15:00 PM,VEIRS MILL RD,NA,"Sideswipe, Same Direction",Clear,Dry,Daylight,No Controls,NONE DETECTED,No,NA,NA,NA,NA,Passenger Car,Changing Lanes,35,No,2014,FORD,FUSION,39.05415099,-77.07916984,2024,12,13
240062142,Property Damage Crash,12/30/2024 11:36:00 AM,NA,NA,Front to Rear,Clear,Dry,Daylight,Yield Sign,NONE DETECTED,Yes,No Apparent Injury,Followed Too Closely,"Other Action (looking away from task, etc.)",MD,Passenger Car,Slowing or Stopping,25,No,2021,NISSAN,SENTRA,39.08135728,-77.14601841,2024,12,11
240062142,Property Damage Crash,12/30/2024 11:36:00 AM,NA,NA,Front to Rear,Clear,Dry,Daylight,Yield Sign,NONE DETECTED,No,No Apparent Injury,NA,Not Distracted,MD,Passenger Car,Slowing or Stopping,25,No,2024,KIA,FORTE,39.08135728,-77.14601841,2024,12,11
240062154,Property Damage Crash,12/30/2024 11:00:00 AM,KENWOOD STATION SC ENT,NA,Unknown,Clear,Dry,Daylight,No Controls,NONE DETECTED,No,No Apparent Injury,NA,Not Distracted,MD,Passenger Car,NA,25,No,2019,BMW,330I,38.96637215,-77.10447523,2024,12,11
240062140,Property Damage Crash,12/30/2024 10:15:00 AM,CAPITAL BELTWAY (WB/L),NA,Front to Rear,Clear,Dry,Daylight,No Controls,NONE DETECTED,No,No Apparent Injury,Improper Backing,Unknown,NA,Truck Tractor,Backing,55,No,0,NA,NA,38.98217194,-77.17063,2024,12,10
240062140,Property Damage Crash,12/30/2024 10:15:00 AM,CAPITAL BELTWAY (WB/L),NA,Front to Rear,Clear,Dry,Daylight,No Controls,NONE DETECTED,No,No Apparent Injury,NA,Not Distracted,MD,Passenger Car,Slowing or Stopping,55,No,2016,HONDA,ACCORD,38.98217194,-77.17063,2024,12,10
240062118,Property Damage Crash,12/30/2024 09:05:00 AM,NA,NA,Angle,Clear,Dry,Daylight,No Controls,NONE DETECTED,No,No Apparent Injury,NA,Not Distracted,MD,Passenger Car,Moving Constant Speed,25,No,2023,HONDA,PILOT,39.053206,-77.11055,2024,12,9
240062118,Property Damage Crash,12/30/2024 09:05:00 AM,NA,NA,Angle,Clear,Dry,Daylight,No Controls,NONE DETECTED,No,No Apparent Injury,NA,Not Distracted,MD,Passenger Car,Turning Left,25,No,1996,HONDA,CIVIC,39.053206,-77.11055,2024,12,9
240062110,Injury Crash,12/30/2024 08:10:00 AM,QUINCE ORCHARD RD (SB/L),NA,"Sideswipe, Same Direction",Clear,Dry,Daylight,No Controls,NONE DETECTED,No,No Apparent Injury,Improper Passing,Unknown,DC,Passenger Car,Changing Lanes,40,No,2020,KIA,SORENTO,39.13255627,-77.2247782,2024,12,8
240062110,Injury Crash,12/30/2024 08:10:00 AM,QUINCE ORCHARD RD (SB/L),NA,"Sideswipe, Same Direction",Clear,Dry,Daylight,No Controls,NONE DETECTED,No,Possible Minor Injury,NA,Not Distracted,MD,Passenger Car,Moving Constant Speed,40,No,2013,TOYOTA,CAMRY,39.13255627,-77.2247782,2024,12,8
240062102,Property Damage Crash,12/30/2024 06:45:00 AM,E RANDOLPH RD,NA,Angle,Clear,Dry,Medium,Traffic Control Signal,NONE DETECTED,No,No Apparent Injury,NA,Not Distracted,MD,Passenger Car,Stopped in Traffic,40,No,2017,HONDA,ACCORD,39.07554505,-77.00161402,2024,12,6
240062102,Property Damage Crash,12/30/2024 06:45:00 AM,E RANDOLPH RD,NA,Angle,Clear,Dry,Medium,Traffic Control Signal,NONE DETECTED,No,NA,"Improper Backing, Operated Motor Vehicle in Inattentive, Careless, Negligent, or Erratic Manner",NA,NA,Passenger Car,Backing,40,No,2019,DODGE,DURANGO,39.07554505,-77.00161402,2024,12,6
240062083,Injury Crash,12/29/2024 09:35:00 PM,OLD COLUMBIA PIKE,NA,Front to Front,Rain,Wet,Medium,Traffic Control Signal,NONE DETECTED,Yes,No Apparent Injury,NA,Not Distracted,MD,Passenger Car,Turning Left,35,No,2014,HONDA,ACCORD,39.07597941,-76.95777469,2024,12,21
240062083,Injury Crash,12/29/2024 09:35:00 PM,OLD COLUMBIA PIKE,NA,Front to Front,Rain,Wet,Medium,Traffic Control Signal,NONE DETECTED,No,Possible Minor Injury,NA,Not Distracted,MD,Passenger Car,Moving Constant Speed,35,No,2009,HONDA,CIVIC,39.07597941,-76.95777469,2024,12,21
240062077,Injury Crash,12/29/2024 07:50:00 PM,NA,NA,Single Vehicle,Cloudy,Wet,Dark,No Controls,NONE DETECTED,No,Possible Minor Injury,"Ran Off Roadway, Swerved or Avoided Due to Wind, Slippery Surface, Motor Vehicle, Object, Non-Motorist in Roadway, etc",Unknown,MD,Passenger Car,Moving Constant Speed,50,No,2006,LEXUS,IS,39.1501376,-77.36162155,2024,12,19
240062061,Property Damage Crash,12/29/2024 06:33:00 PM,ROCKVILLE PIKE (SB/L),Pedestrian,Single Vehicle,Rain,Wet,Medium,Traffic Control Signal,NONE DETECTED,No,No Apparent Injury,NA,Unknown,MD,Passenger Car,Turning Left,25,No,2015,NISSAN,SENTRA,39.08346707,-77.14700401,2024,12,18
240062047,Property Damage Crash,12/29/2024 04:41:00 PM,STIRLING RD,NA,Other,Clear,Dry,Medium,No Controls,NONE DETECTED,Yes,No Apparent Injury,NA,Not Distracted,MD,Passenger Car,Slowing or Stopping,25,No,2005,TOYOTA,COROLLA MATRIX,39.01783112,-77.02058616,2024,12,16
240062047,Property Damage Crash,12/29/2024 04:41:00 PM,STIRLING RD,NA,Other,Clear,Dry,Medium,No Controls,NONE DETECTED,No,No Apparent Injury,NA,Not Distracted,MD,Passenger Car,Moving Constant Speed,25,No,2013,VOLKSWAGEN,JETTA,39.01783112,-77.02058616,2024,12,16
240062045,Injury Crash,12/29/2024 04:22:00 PM,W DIAMOND AVE (WB/L),NA,"Sideswipe, Same Direction",Cloudy,Dry,Dark,Traffic Control Signal,NONE DETECTED,No,No Apparent Injury,"Failed to Yield Right-of-Way, Operated Motor Vehicle in Inattentive, Careless, Negligent, or Erratic Manner",Not Distracted,FL,Passenger Car,Turning Left,40,No,2016,TOYOTA,CAMRY,39.14018636,-77.20500517,2024,12,16
240062045,Injury Crash,12/29/2024 04:22:00 PM,W DIAMOND AVE (WB/L),NA,"Sideswipe, Same Direction",Cloudy,Dry,Dark,Traffic Control Signal,NONE DETECTED,No,Possible Minor Injury,NA,Not Distracted,MD,Passenger Car,Moving Constant Speed,25,No,2009,TOYOTA,COROLLA,39.14018636,-77.20500517,2024,12,16
240062040,Property Damage Crash,12/29/2024 03:24:00 PM,GREAT SENECA HWY (SB/L),NA,"Sideswipe, Opposite Direction",Clear,Dry,Daylight,No Controls,NONE DETECTED,No,No Apparent Injury,NA,Not Distracted,MD,Passenger Car,Moving Constant Speed,35,No,2002,MERCEDES-BENZ,M-CLASS,39.12593033,-77.23488417,2024,12,15
240062040,Property Damage Crash,12/29/2024 03:24:00 PM,GREAT SENECA HWY (SB/L),NA,"Sideswipe, Opposite Direction",Clear,Dry,Daylight,No Controls,NONE DETECTED,No,No Apparent Injury,NA,Not Distracted,MD,Passenger Car,Moving Constant Speed,35,No,2005,TOYOTA,PRIUS,39.12593033,-77.23488417,2024,12,15
240062040,Property Damage Crash,12/29/2024 03:24:00 PM,GREAT SENECA HWY (SB/L),NA,"Sideswipe, Opposite Direction",Clear,Dry,Daylight,No Controls,NONE DETECTED,Yes,No Apparent Injury,NA,Unknown,MD,Passenger Car,Moving Constant Speed,35,No,2023,TESLA,MODEL 3,39.12593033,-77.23488417,2024,12,15
240062032,Injury Crash,12/29/2024 02:32:00 PM,RAMP 7 FR RANDOLPH RD WB TO MD 97 SB,NA,Angle,Cloudy,Dry,Daylight,Traffic Control Signal,NONE DETECTED,Yes,No Apparent Injury,"Failed to Keep in Proper Lane, Improper Turn, Operated Motor Vehicle in Inattentive, Careless, Negligent, or Erratic Manner",Unknown,MD,Sport Utility Vehicle,Changing Lanes,30,No,2013,LEXUS,RX,39.05922639,-77.04782765,2024,12,14
240062032,Injury Crash,12/29/2024 02:32:00 PM,RAMP 7 FR RANDOLPH RD WB TO MD 97 SB,NA,Angle,Cloudy,Dry,Daylight,Traffic Control Signal,NONE DETECTED,No,Possible Minor Injury,NA,Not Distracted,MD,Sport Utility Vehicle,Turning Right,30,No,2016,NISSAN,ROGUE,39.05922639,-77.04782765,2024,12,14
240062031,Injury Crash,12/29/2024 02:18:00 PM,CUSTER RD,Scooter (electric),Single Vehicle,Cloudy,Dry,Daylight,No Controls,NONE DETECTED,No,Possible Minor Injury,NA,Not Distracted,MD,Sport Utility Vehicle,Turning Left,15,No,2024,HONDA,PASSPORT,38.99031617,-77.10772517,2024,12,14
240062027,Injury Crash,12/29/2024 01:35:00 PM,NA,NA,Single Vehicle,Cloudy,Dry,Daylight,No Controls,NONE DETECTED,Yes,Possible Minor Injury,NA,Unknown,MD,Passenger Car,Moving Constant Speed,35,No,2013,TOYOTA,SIENNA,39.0670205,-77.15484733,2024,12,13
240062014,Injury Crash,12/29/2024 12:28:00 PM,LANARK WAY,NA,Angle,Clear,Dry,Daylight,Traffic Control Signal,NONE DETECTED,Yes,No Apparent Injury,NA,Unknown,MD,Sport Utility Vehicle,Moving Constant Speed,40,No,2021,NISSAN,ROGUE,39.01863317,-77.01442102,2024,12,12
240062014,Injury Crash,12/29/2024 12:28:00 PM,LANARK WAY,NA,Angle,Clear,Dry,Daylight,Traffic Control Signal,NONE DETECTED,No,Possible Minor Injury,NA,Not Distracted,MD,Passenger Car,Turning Left,40,No,2022,MINI,HARDTOP,39.01863317,-77.01442102,2024,12,12
240062016,Property Damage Crash,12/29/2024 12:20:00 PM,NA,NA,Angle,Cloudy,NA,Daylight,NA,NONE DETECTED,No,No Apparent Injury,Over-Correcting/Over-Steering,Unknown,NA,Passenger Car,Negotiating a Curve,0,No,2011,TOYOTA,CAMRY,39.02115147,-76.97630842,2024,12,12
240062016,Property Damage Crash,12/29/2024 12:20:00 PM,NA,NA,Angle,Cloudy,NA,Daylight,NA,NONE DETECTED,No,No Apparent Injury,NA,Not Distracted,MD,Passenger Car,Parked,0,No,2015,JEEP,CHEROKEE,39.02115147,-76.97630842,2024,12,12
240062003,Property Damage Crash,12/29/2024 11:27:00 AM,MACARTHUR BLVD,NA,Single Vehicle,Cloudy,Wet,Daylight,No Controls,NONE DETECTED,Yes,No Apparent Injury,Too Fast For Conditions,Unknown,VA,Passenger Car,Negotiating a Curve,30,No,2010,HONDA,CIVIC,38.96184331,-77.13401832,2024,12,11
240062001,Injury Crash,12/29/2024 10:45:00 AM,OLD GEORGETOWN RD (SB/L),NA,Front to Rear,Cloudy,Wet,Daylight,Traffic Control Signal,NONE DETECTED,No,Possible Minor Injury,NA,Unknown,MD,Passenger Car,Stopped in Traffic,30,No,2016,BMW,535I,38.99692817,-77.10921,2024,12,10
240062001,Injury Crash,12/29/2024 10:45:00 AM,OLD GEORGETOWN RD (SB/L),NA,Front to Rear,Cloudy,Wet,Daylight,Traffic Control Signal,NONE DETECTED,Yes,No Apparent Injury,Other Improper Action,Unknown,VA,Passenger Car,Slowing or Stopping,30,No,2003,TOYOTA,COROLLA,38.99692817,-77.10921,2024,12,10
240061992,Injury Crash,12/29/2024 08:10:00 AM,COLUMBIA PIKE (SB/L),NA,Front to Rear,Rain,Wet,Daylight,No Controls,NONE DETECTED,No,NA,NA,NA,NA,Passenger Car,Accelerating,50,No,0,NA,NA,39.12904983,-76.92131249,2024,12,8
240061992,Injury Crash,12/29/2024 08:10:00 AM,COLUMBIA PIKE (SB/L),NA,Front to Rear,Rain,Wet,Daylight,No Controls,NONE DETECTED,No,Possible Minor Injury,NA,Not Distracted,DC,Passenger Car,Moving Constant Speed,50,No,2005,CHRYSLER,TOWN AND COUNTRY,39.12904983,-76.92131249,2024,12,8
240061990,Property Damage Crash,12/29/2024 07:00:00 AM,CABIN JOHN PKWY (SB/L),NA,Single Vehicle,Clear,Dry,Dark,No Controls,NONE DETECTED,No,NA,NA,NA,NA,Passenger Car,NA,35,No,2006,FORD,MUSTANG,38.9749559,-77.14911457,2024,12,7
240061989,Property Damage Crash,12/29/2024 05:25:00 AM,SLIGO AVE,NA,Other,Cloudy,Wet,Medium,Flashing Traffic Control Signal,NONE DETECTED,No,No Apparent Injury,NA,Not Distracted,DC,Passenger Car,Moving Constant Speed,25,No,2015,TOYOTA,PRIUS,38.9902085,-77.02396217,2024,12,5
240061989,Property Damage Crash,12/29/2024 05:25:00 AM,SLIGO AVE,NA,Other,Cloudy,Wet,Medium,Flashing Traffic Control Signal,NONE DETECTED,Yes,No Apparent Injury,NA,Not Distracted,DC,Passenger Car,Accelerating,25,No,2022,TESLA,MODEL 3,38.9902085,-77.02396217,2024,12,5
240061983,Injury Crash,12/29/2024 03:56:00 AM,13TH ST,NA,Single Vehicle,Rain,Wet,Medium,No Controls,NONE DETECTED,No,Possible Minor Injury,NA,Unknown,MS,Passenger Car,NA,35,No,2014,TOYOTA,CAMRY,38.98729632,-77.02935868,2024,12,3
240061978,Injury Crash,12/29/2024 02:30:00 AM,BOWIE MILL RD,NA,Single Vehicle,Rain,Wet,Medium,No Controls,NONE DETECTED,Yes,Possible Minor Injury,"Ran Off Roadway, Too Fast For Conditions",Unknown,MD,Passenger Car,Negotiating a Curve,35,No,1995,MERCEDES-BENZ,S-CLASS,39.14734414,-77.11670956,2024,12,2
240061967,Injury Crash,12/29/2024 12:44:00 AM,GEORGIA AVE,NA,Front to Rear,Rain,Wet,Medium,No Controls,NONE DETECTED,No,Possible Minor Injury,NA,Not Distracted,MD,Passenger Car,Slowing or Stopping,35,No,1998,TOYOTA,CAMRY,39.00837117,-77.0401045,2024,12,0
240061967,Injury Crash,12/29/2024 12:44:00 AM,GEORGIA AVE,NA,Front to Rear,Rain,Wet,Medium,No Controls,NONE DETECTED,Yes,No Apparent Injury,NA,Unknown,MD,Passenger Car,Moving Constant Speed,35,No,2016,HONDA,CR-V,39.00837117,-77.0401045,2024,12,0
240061966,Property Damage Crash,12/29/2024 12:16:00 AM,COLUMBIA PIKE,NA,Single Vehicle,Rain,Wet,Medium,No Controls,NONE DETECTED,No,No Apparent Injury,Ran Off Roadway,Unknown,MD,Passenger Car,Moving Constant Speed,50,No,2023,HONDA,ACCORD,39.05220737,-76.97776154,2024,12,0
240061947,Property Damage Crash,12/28/2024 10:18:00 PM,CHERRY HILL RD,NA,"Sideswipe, Same Direction",Rain,Wet,Medium,No Controls,NONE DETECTED,No,No Apparent Injury,NA,Unknown,MD,Sport Utility Vehicle,Moving Constant Speed,35,No,2014,FORD,EDGE,39.05180964,-76.9529258,2024,12,22
240061947,Property Damage Crash,12/28/2024 10:18:00 PM,CHERRY HILL RD,NA,"Sideswipe, Same Direction",Rain,Wet,Medium,No Controls,NONE DETECTED,Yes,No Apparent Injury,Improper Turn,Not Distracted,MD,Passenger Car,Making U-Turn,35,No,2014,HONDA,ACCORD,39.05180964,-76.9529258,2024,12,22
240061942,Injury Crash,12/28/2024 08:36:00 PM,NA,NA,Front to Rear,Rain,Wet,Medium,Traffic Control Signal,NONE DETECTED,Yes,No Apparent Injury,Followed Too Closely,Not Distracted,MD,Passenger Car,Accelerating,35,No,2009,HONDA,ACCORD,39.05327861,-77.08909265,2024,12,20
240061942,Injury Crash,12/28/2024 08:36:00 PM,NA,NA,Front to Rear,Rain,Wet,Medium,Traffic Control Signal,NONE DETECTED,No,Possible Minor Injury,NA,Not Distracted,MD,Passenger Car,Stopped in Traffic,35,No,2022,TOYOTA,RAV4,39.05327861,-77.08909265,2024,12,20
240061927,Property Damage Crash,12/28/2024 05:50:00 PM,EASTBOURNE DR,NA,"Sideswipe, Opposite Direction",Rain,Wet,Medium,No Controls,NONE DETECTED,No,NA,NA,NA,NA,Passenger Car,NA,25,No,2018,HONDA,CIVIC,39.06220283,-76.98976033,2024,12,17
240061901,Injury Crash,12/28/2024 03:14:00 PM,BRIGGS CHANEY RD (WB/L),NA,Front to Rear,Rain,Wet,Daylight,Traffic Control Signal,NONE DETECTED,No,Possible Minor Injury,NA,Not Distracted,MD,Sport Utility Vehicle,Slowing or Stopping,35,No,2022,MERCEDES-BENZ,GLS-CLASS,39.08297008,-76.94827841,2024,12,15
240061901,Injury Crash,12/28/2024 03:14:00 PM,BRIGGS CHANEY RD (WB/L),NA,Front to Rear,Rain,Wet,Daylight,Traffic Control Signal,NONE DETECTED,No,No Apparent Injury,NA,Not Distracted,MD,Sport Utility Vehicle,Slowing or Stopping,35,No,2016,MAZDA,CX-5,39.08297008,-76.94827841,2024,12,15
240061905,Injury Crash,12/28/2024 02:17:00 PM,NA,NA,Front to Rear,Rain,Wet,Daylight,Traffic Control Signal,DRUG AND ALCOHOL CONTRIBUTED,Yes,No Apparent Injury,"Followed Too Closely, Operated Motor Vehicle in Inattentive, Careless, Negligent, or Erratic Manner, Operated Motor Vehicle in Reckless or Aggressive Manner, Too Fast For Conditions",Unknown,MD,Passenger Car,Moving Constant Speed,35,No,2009,HONDA,CIVIC,39.14930984,-77.01234861,2024,12,14
240061905,Injury Crash,12/28/2024 02:17:00 PM,NA,NA,Front to Rear,Rain,Wet,Daylight,Traffic Control Signal,NONE DETECTED,No,Possible Minor Injury,NA,Not Distracted,MD,Passenger Car,Stopped in Traffic,35,No,2015,TOYOTA,CAMRY,39.14930984,-77.01234861,2024,12,14
240061884,Property Damage Crash,12/28/2024 01:12:00 PM,BEL PRE RD (EB/L),NA,Angle,Rain,Wet,Daylight,Traffic Control Signal,NONE DETECTED,No,No Apparent Injury,NA,Not Distracted,MD,Passenger Car,Moving Constant Speed,35,No,2015,TOYOTA,COROLLA,39.09056231,-77.04488642,2024,12,13
240061884,Property Damage Crash,12/28/2024 01:12:00 PM,BEL PRE RD (EB/L),NA,Angle,Rain,Wet,Daylight,Traffic Control Signal,NONE DETECTED,Yes,No Apparent Injury,NA,Not Distracted,MD,Sport Utility Vehicle,Turning Left,35,No,2023,ACURA,RDX,39.09056231,-77.04488642,2024,12,13
240061870,Property Damage Crash,12/28/2024 11:06:00 AM,RAMP 3 FR IS 495 EB TO US 29 NB,NA,Front to Rear,Rain,Wet,Daylight,No Controls,NONE DETECTED,Yes,No Apparent Injury,NA,Unknown,MD,Passenger Car,Moving Constant Speed,25,No,2016,TOYOTA,SCION IM,39.01545711,-77.0164755,2024,12,11
240061870,Property Damage Crash,12/28/2024 11:06:00 AM,RAMP 3 FR IS 495 EB TO US 29 NB,NA,Front to Rear,Rain,Wet,Daylight,No Controls,NONE DETECTED,No,No Apparent Injury,NA,Not Distracted,VA,Sport Utility Vehicle,Moving Constant Speed,25,No,2023,TOYOTA,COROLLA CROSS,39.01545711,-77.0164755,2024,12,11
240061865,Injury Crash,12/28/2024 09:53:00 AM,METZ DR,NA,Other,Rain,Wet,Daylight,Stop Sign,NONE DETECTED,No,No Apparent Injury,NA,Not Distracted,MD,Passenger Car,Stopped in Traffic,25,No,2012,CHRYSLER,300,39.15444857,-77.27093284,2024,12,9
240061865,Injury Crash,12/28/2024 09:53:00 AM,METZ DR,NA,Other,Rain,Wet,Daylight,Stop Sign,NONE DETECTED,Yes,Possible Minor Injury,"Ran Off Roadway, Ran Stop Sign",Not Distracted,MD,Passenger Car,Accelerating,25,No,2015,HYUNDAI,ELANTRA,39.15444857,-77.27093284,2024,12,9
240061858,Property Damage Crash,12/28/2024 08:54:00 AM,NORBECK RD (WB/L),NA,Front to Rear,Rain,Wet,Daylight,Traffic Control Signal,NONE DETECTED,No,No Apparent Injury,NA,Not Distracted,MD,Sport Utility Vehicle,Stopped in Traffic,35,No,2014,HONDA,PILOT,39.10951643,-77.0757681,2024,12,8