Local Case Number,ACRS Report Type,Crash Date/Time,Road Name,Related Non-Motorist,Collision Type,Weather,Surface Condition,Light,Traffic Control,Driver Substance Abuse,Driver At Fault,Injury Severity,Circumstance,Driver Distracted By,Drivers License State,Vehicle Body Type,Vehicle Movement,Speed Limit,Driverless Vehicle,Vehicle Year,Vehicle Make,Vehicle Model,Latitude,Longitude,Year,Month,Hour
240061510,Property Damage Crash,12/25/2024 01:35:00 PM,NA,NA,Front to Rear,Clear,Dry,Daylight,Traffic Control Signal,NONE DETECTED,No,No Apparent Injury,NA,Not Distracted,MD,Passenger Car,Turning Left,30,No,2020,VOLVO,XC40,39.09258065,-77.19435636,2024,12,13
240061510,Property Damage Crash,12/25/2024 01:35:00 PM,NA,NA,Front to Rear,Clear,Dry,Daylight,Traffic Control Signal,NONE DETECTED,Yes,No Apparent Injury,NA,Unknown,UT,Passenger Car,Moving Constant Speed,35,No,2024,NISSAN,ROGUE,39.09258065,-77.19435636,2024,12,13
240061510,Property Damage Crash,12/25/2024 01:35:00 PM,NA,NA,Front to Rear,Clear,Dry,Daylight,Traffic Control Signal,NONE DETECTED,No,No Apparent Injury,NA,Not Distracted,MD,Pickup,Turning Left,30,No,2012,FORD,F-150,39.09258065,-77.19435636,2024,12,13
240061507,Injury Crash,12/25/2024 12:43:00 PM,UNIVERSITY BLVD W,NA,"Sideswipe, Same Direction",Clear,Dry,Daylight,No Controls,NONE DETECTED,No,Possible Minor Injury,NA,Not Distracted,DC,Passenger Car,Moving Constant Speed,35,No,2021,TOYOTA,CAMRY,39.02023049,-77.01392222,2024,12,12
240061507,Injury Crash,12/25/2024 12:43:00 PM,UNIVERSITY BLVD W,NA,"Sideswipe, Same Direction",Clear,Dry,Daylight,Traffic Control Signal,NONE DETECTED,Yes,NA,NA,NA,NA,Passenger Car,NA,35,No,2015,NISSAN,ROGUE,39.02023049,-77.01392222,2024,12,12
240061493,Injury Crash,12/25/2024 08:02:00 AM,HILLWOOD DR,NA,Angle,Cloudy,Wet,Daylight,No Controls,ALCOHOL PRESENT,Yes,No Apparent Injury,NA,Unknown,MD,Pickup,Turning Left,40,No,2016,TOYOTA,TACOMA,39.03252105,-77.00341978,2024,12,8
240061493,Injury Crash,12/25/2024 08:02:00 AM,HILLWOOD DR,NA,Angle,Cloudy,Wet,Daylight,No Controls,NONE DETECTED,No,Possible Minor Injury,NA,Not Distracted,MD,Van - Passenger (&lt;9 Seats),Moving Constant Speed,40,No,2019,CHEVROLET,EXPRESS,39.03252105,-77.00341978,2024,12,8
240061480,Property Damage Crash,12/25/2024 02:00:00 AM,W EDMONSTON DR,NA,Single Vehicle,Clear,Wet,Medium,Traffic Control Signal,NONE DETECTED,No,No Apparent Injury,NA,Not Distracted,MD,Passenger Car,Turning Right,30,No,1996,BMW,328IC,39.07447166,-77.13598398,2024,12,2
240061479,Property Damage Crash,12/25/2024 01:41:00 AM,NA,NA,Single Vehicle,Clear,Wet,Medium,Stop Sign,NONE DETECTED,No,No Apparent Injury,Ran Off Roadway,Unknown,MD,Passenger Car,Negotiating a Curve,35,No,2009,HONDA,ACCORD,39.16993162,-77.17840925,2024,12,1
240061477,Injury Crash,12/25/2024 12:16:00 AM,BONIFANT RD,NA,Front to Rear,Clear,Dry,Medium,Lane Use Control Signal,NONE DETECTED,No,Possible Minor Injury,NA,Not Distracted,MD,Sport Utility Vehicle,Stopped in Traffic,35,No,2007,LEXUS,RX,39.0930455,-77.01464701,2024,12,0
240061477,Injury Crash,12/25/2024 12:16:00 AM,BONIFANT RD,NA,Front to Rear,Clear,Dry,Medium,Lane Use Control Signal,NONE DETECTED,Yes,No Apparent Injury,NA,Unknown,NA,Pickup,Slowing or Stopping,35,No,2009,FORD,F-150,39.0930455,-77.01464701,2024,12,0
240061474,Property Damage Crash,12/24/2024 10:52:00 PM,NA,NA,"Sideswipe, Same Direction",Clear,Wet,Medium,Traffic Control Signal,NONE DETECTED,No,No Apparent Injury,NA,Not Distracted,PA,Passenger Car,Turning Right,40,No,2019,DODGE,CHARGER,39.16995063,-77.17669525,2024,12,22
240061474,Property Damage Crash,12/24/2024 10:52:00 PM,NA,NA,"Sideswipe, Same Direction",Clear,Wet,Medium,Traffic Control Signal,NONE DETECTED,No,No Apparent Injury,NA,Unknown,MD,Passenger Car,Moving Constant Speed,40,No,2019,NISSAN,ROGUE,39.16995063,-77.17669525,2024,12,22
240061465,Injury Crash,12/24/2024 09:17:00 PM,NORTHAMPTON DR,NA,Angle,Clear,Dry,Medium,Traffic Control Signal,NONE DETECTED,Yes,No Apparent Injury,NA,Not Distracted,MD,Passenger Car,Moving Constant Speed,35,No,2018,TOYOTA,COROLLA,39.00676156,-76.98025481,2024,12,21
240061465,Injury Crash,12/24/2024 09:17:00 PM,NORTHAMPTON DR,NA,Angle,Clear,Dry,Medium,Traffic Control Signal,NONE DETECTED,No,Suspected Serious Injury,NA,Not Distracted,MD,Passenger Car,Moving Constant Speed,35,No,2023,GMC,ACADIA,39.00676156,-76.98025481,2024,12,21
240061444,Injury Crash,12/24/2024 03:10:00 PM,NA,NA,Angle,Clear,Dry,Daylight,No Controls,NONE DETECTED,No,Possible Minor Injury,NA,Not Distracted,MD,Passenger Car,Moving Constant Speed,35,No,2013,CHEVROLET,MALIBU,39.08177097,-77.14588446,2024,12,15
240061444,Injury Crash,12/24/2024 03:10:00 PM,NA,NA,Angle,Clear,Dry,Daylight,Yield Sign,NONE DETECTED,Yes,No Apparent Injury,Failed to Yield Right-of-Way,Not Distracted,MD,Sport Utility Vehicle,Entering Traffic Lane,35,No,2008,TOYOTA,RAV4,39.08177097,-77.14588446,2024,12,15
240061427,Property Damage Crash,12/24/2024 01:04:00 PM,NA,NA,Front to Rear,Cloudy,Wet,Daylight,No Controls,NONE DETECTED,Yes,No Apparent Injury,NA,Unknown,MD,Passenger Car,Moving Constant Speed,35,No,2017,HONDA,CIVIC,38.99670896,-77.00526514,2024,12,13
240061427,Property Damage Crash,12/24/2024 01:04:00 PM,NA,NA,Front to Rear,Cloudy,Wet,Daylight,No Controls,NONE DETECTED,No,No Apparent Injury,NA,Not Distracted,MD,Sport Utility Vehicle,Stopped in Traffic,35,No,2012,TOYOTA,RAV4,38.99670896,-77.00526514,2024,12,13
240061427,Property Damage Crash,12/24/2024 01:04:00 PM,NA,NA,Front to Rear,Cloudy,Wet,Daylight,No Controls,NONE DETECTED,No,No Apparent Injury,NA,Not Distracted,MD,Sport Utility Vehicle,Stopped in Traffic,35,No,2024,HYUNDAI,TUCSON,38.99670896,-77.00526514,2024,12,13
240061429,Property Damage Crash,12/24/2024 11:30:00 AM,TOWN CENTER DR,NA,Front to Rear,Clear,Wet,Daylight,No Controls,NONE DETECTED,No,NA,NA,NA,NA,Passenger Car,NA,15,No,2022,GENESIS,GV70,39.15332309,-77.06286319,2024,12,11
240061396,Property Damage Crash,12/24/2024 09:15:00 AM,NA,NA,Single Vehicle,Snow,Wet,Daylight,No Controls,NONE DETECTED,No,No Apparent Injury,NA,Not Distracted,MD,Van - Passenger (&lt;9 Seats),Moving Constant Speed,40,No,2010,FORD,TRANSIT CONNECT,39.10647233,-76.94059117,2024,12,9
240061394,Property Damage Crash,12/24/2024 08:26:00 AM,EAST WEST HWY,NA,Single Vehicle,Rain,Ice/Frost,Daylight,Traffic Control Signal,NONE DETECTED,No,No Apparent Injury,NA,Not Distracted,MD,Pickup,Moving Constant Speed,35,No,1990,CHEVROLET,SILVERADO,38.9877415,-77.0769585,2024,12,8
240061389,Property Damage Crash,12/24/2024 07:30:00 AM,WEYMOUTH ST,NA,Rear To Side,Rain,Ice/Frost,Daylight,No Controls,NONE DETECTED,Yes,No Apparent Injury,Improper Backing,Not Distracted,MD,Other,Backing,5,No,2007,MACK,LE,39.03099933,-77.08905533,2024,12,7
240061386,Property Damage Crash,12/24/2024 06:46:00 AM,NEW HAMPSHIRE AVE (SB/L),NA,Front to Rear,Clear,Dry,Medium,No Controls,NONE DETECTED,No,No Apparent Injury,NA,Unknown,NA,Pickup,Accelerating,30,No,2019,FORD,F-250,38.97571128,-76.99407158,2024,12,6
240061386,Property Damage Crash,12/24/2024 06:46:00 AM,NEW HAMPSHIRE AVE (SB/L),NA,Front to Rear,Clear,Dry,Medium,No Controls,NONE DETECTED,No,No Apparent Injury,NA,Not Distracted,MD,Bus - Transit,Stopped in Traffic,30,No,2009,GILLIG,LOW FLOOR BUS,38.97571128,-76.99407158,2024,12,6
240061384,Property Damage Crash,12/24/2024 04:01:00 AM,OLD GEORGETOWN RD,NA,Other,Clear,Dry,Dark,Traffic Control Signal,NONE DETECTED,Yes,No Apparent Injury,NA,Unknown,MD,Van - Passenger (&lt;9 Seats),Turning Left,35,No,2008,HONDA,ODYSSEY,39.03431409,-77.12487124,2024,12,4
240061384,Property Damage Crash,12/24/2024 04:01:00 AM,OLD GEORGETOWN RD,NA,Other,Clear,Dry,Dark,Traffic Control Signal,NONE DETECTED,No,No Apparent Injury,NA,Not Distracted,MD,Passenger Car,Moving Constant Speed,35,No,2011,LEXUS,IS,39.03431409,-77.12487124,2024,12,4
240061381,Property Damage Crash,12/23/2024 11:56:00 PM,FATHER HURLEY BLVD (NB/L),NA,"Sideswipe, Same Direction",Clear,Dry,Medium,No Controls,NONE DETECTED,No,No Apparent Injury,NA,Not Distracted,MD,Sport Utility Vehicle,Moving Constant Speed,45,No,2021,VOLKSWAGEN,ATLAS,39.19713318,-77.26417861,2024,12,23
240061381,Property Damage Crash,12/23/2024 11:56:00 PM,FATHER HURLEY BLVD (NB/L),NA,"Sideswipe, Same Direction",Clear,Dry,Medium,No Controls,NONE DETECTED,No,No Apparent Injury,"Failed to Keep in Proper Lane, Operated Motor Vehicle in Inattentive, Careless, Negligent, or Erratic Manner, Other Improper Action",Unknown,NA,Van - Cargo,Entering Traffic Lane,45,No,2003,FORD,E-350,39.19713318,-77.26417861,2024,12,23
240061369,Property Damage Crash,12/23/2024 09:55:00 PM,NA,NA,Single Vehicle,Clear,NA,Medium,NA,NONE DETECTED,Yes,No Apparent Injury,"Operated Motor Vehicle in Inattentive, Careless, Negligent, or Erratic Manner, Other Improper Action",Not Distracted,MD,Passenger Car,Moving Constant Speed,0,No,2024,VOLKSWAGEN,JETTA,39.27688129,-77.21906616,2024,12,21
240061355,Property Damage Crash,12/23/2024 07:49:00 PM,CHRISTOPHER AVE,NA,Other,Clear,Dry,Medium,Traffic Control Signal,NONE DETECTED,No,No Apparent Injury,NA,Not Distracted,MD,Passenger Car,Moving Constant Speed,35,No,2011,TOYOTA,CAMRY,39.1556675,-77.216149,2024,12,19
240061355,Property Damage Crash,12/23/2024 07:49:00 PM,CHRISTOPHER AVE,NA,Other,Clear,Dry,Medium,Traffic Control Signal,NONE DETECTED,Yes,No Apparent Injury,NA,Unknown,MD,Passenger Car,Making U-Turn,35,No,2019,FORD,TRANSIT,39.1556675,-77.216149,2024,12,19
240061343,Property Damage Crash,12/23/2024 06:17:00 PM,NEW HAMPSHIRE AVE (SB/L),NA,Front to Rear,Clear,Dry,Medium,No Controls,NONE DETECTED,Yes,No Apparent Injury,NA,Not Distracted,NA,Passenger Car,Moving Constant Speed,35,No,2011,NISSAN,MAXIMA,39.0112665,-76.97911683,2024,12,18
240061343,Property Damage Crash,12/23/2024 06:17:00 PM,NEW HAMPSHIRE AVE (SB/L),NA,Front to Rear,Clear,Dry,Medium,No Controls,NONE DETECTED,No,No Apparent Injury,NA,Not Distracted,DC,Passenger Car,Stopped in Traffic,40,No,2023,TESLA,MODEL Y,39.0112665,-76.97911683,2024,12,18
240061337,Property Damage Crash,12/23/2024 05:09:00 PM,NA,NA,Single Vehicle,Clear,Dry,Medium,No Controls,NONE DETECTED,No,No Apparent Injury,NA,Not Distracted,MD,Bus - Transit,Moving Constant Speed,35,No,2010,NEW FLYER,LOW FLOOR - ADVANCED STYLE,39.0832645,-76.95209267,2024,12,17
240061330,Property Damage Crash,12/23/2024 04:29:00 PM,S BELGRADE RD,NA,Rear To Side,Clear,Dry,Daylight,Stop Sign,NONE DETECTED,No,No Apparent Injury,Other Improper Action,Unknown,MD,Passenger Car,Slowing or Stopping,25,No,2024,TOYOTA,COROLLA,39.04155609,-77.02808753,2024,12,16
240061330,Property Damage Crash,12/23/2024 04:29:00 PM,S BELGRADE RD,NA,Rear To Side,Clear,Dry,Daylight,No Controls,NONE DETECTED,No,No Apparent Injury,Other Improper Action,Unknown,MD,Passenger Car,Slowing or Stopping,25,No,2018,NISSAN,ROGUE SPORT,39.04155609,-77.02808753,2024,12,16
240061325,Property Damage Crash,12/23/2024 03:35:00 PM,FAIRLAND RD (WB/L),NA,Angle,Clear,Dry,Daylight,No Controls,NONE DETECTED,No,No Apparent Injury,NA,Not Distracted,MD,Passenger Car,Slowing or Stopping,25,No,2006,CHRYSLER,300,39.07584318,-76.95761912,2024,12,15
240061325,Property Damage Crash,12/23/2024 03:35:00 PM,FAIRLAND RD (WB/L),NA,Angle,Clear,Dry,Daylight,No Controls,NONE DETECTED,Yes,No Apparent Injury,NA,Unknown,MD,Passenger Car,Changing Lanes,25,No,2022,RAM,1500,39.07584318,-76.95761912,2024,12,15
240061323,Injury Crash,12/23/2024 03:15:00 PM,NA,NA,Single Vehicle,Clear,NA,Daylight,NA,NONE DETECTED,Yes,Possible Minor Injury,"Operated Motor Vehicle in Inattentive, Careless, Negligent, or Erratic Manner","Other Action (looking away from task, etc.)",NY,Passenger Car,Accelerating,0,No,2005,FORD,E-350,39.15446967,-77.0554429,2024,12,15
240061313,Property Damage Crash,12/23/2024 02:22:00 PM,GERMANTOWN RD (SB/L),NA,Front to Rear,Clear,Dry,Daylight,No Controls,NONE DETECTED,Yes,No Apparent Injury,Followed Too Closely,Unknown,MD,Passenger Car,Moving Constant Speed,40,No,2016,HONDA,ODYSSEY,39.182475,-77.25937167,2024,12,14
240061313,Property Damage Crash,12/23/2024 02:22:00 PM,GERMANTOWN RD (SB/L),NA,Front to Rear,Clear,Dry,Daylight,Traffic Control Signal,NONE DETECTED,No,No Apparent Injury,NA,Not Distracted,CA-QC,Passenger Car,Slowing or Stopping,40,No,2024,NISSAN,ROGUE,39.182475,-77.25937167,2024,12,14
240061309,Property Damage Crash,12/23/2024 12:55:00 PM,GEORGIA AVE,NA,"Sideswipe, Same Direction",Clear,Dry,Daylight,No Controls,NONE DETECTED,No,No Apparent Injury,"Operated Motor Vehicle in Inattentive, Careless, Negligent, or Erratic Manner",Not Distracted,MD,Pickup,Slowing or Stopping,35,No,2011,FORD,F-350,39.02963724,-77.04751728,2024,12,12
240061309,Property Damage Crash,12/23/2024 12:55:00 PM,GEORGIA AVE,NA,"Sideswipe, Same Direction",Clear,Dry,Daylight,No Controls,NONE DETECTED,No,No Apparent Injury,NA,Not Distracted,MD,Bus - Transit,Moving Constant Speed,35,No,2013,NEW FLYER,XCELSIOR,39.02963724,-77.04751728,2024,12,12
240061289,Property Damage Crash,12/23/2024 12:39:00 PM,CARROLL AVE,NA,Single Vehicle,Clear,Dry,Daylight,Traffic Control Signal,NONE DETECTED,Yes,No Apparent Injury,NA,Not Distracted,MD,Passenger Car,Accelerating,25,No,2006,TOYOTA,CAMRY,38.98485785,-76.99851809,2024,12,12
24002659,Property Damage Crash,12/23/2024 12:38:00 PM,GEORGIA AVE (SB/L),NA,Front to Rear,Clear,Dry,Daylight,No Controls,NONE DETECTED,No,No Apparent Injury,NA,Not Distracted,MD,Passenger Car,Stopped in Traffic,25,No,2012,NISSAN,VERSA,39.05824622,-77.05015313,2024,12,12
24002659,Property Damage Crash,12/23/2024 12:38:00 PM,GEORGIA AVE (SB/L),NA,Front to Rear,Clear,Dry,Daylight,No Controls,NONE DETECTED,No,No Apparent Injury,NA,"Other Action (looking away from task, etc.)",MD,Single-Unit Truck,Slowing or Stopping,25,No,2018,FREIGHTLINER,M2,39.05824622,-77.05015313,2024,12,12
240061285,Property Damage Crash,12/23/2024 12:30:00 PM,CHERRY HILL RD,NA,Front to Rear,Clear,Dry,Daylight,Traffic Control Signal,NONE DETECTED,No,No Apparent Injury,NA,Not Distracted,MD,Passenger Car,Stopped in Traffic,40,No,2007,PONTIAC,G6,39.05762633,-76.95508117,2024,12,12
240061285,Property Damage Crash,12/23/2024 12:30:00 PM,CHERRY HILL RD,NA,Front to Rear,Clear,Dry,Daylight,Traffic Control Signal,NONE DETECTED,Yes,No Apparent Injury,"Operated Motor Vehicle in Inattentive, Careless, Negligent, or Erratic Manner",Not Distracted,MD,Passenger Car,Slowing or Stopping,40,No,2022,CHEVROLET,MALIBU,39.05762633,-76.95508117,2024,12,12
240061276,Property Damage Crash,12/23/2024 11:21:00 AM,GEORGIA AVE,NA,Single Vehicle,Clear,Dry,Daylight,No Controls,NONE DETECTED,No,No Apparent Injury,NA,Not Distracted,MD,Passenger Car,Moving Constant Speed,30,No,2017,TOYOTA,86,39.05026602,-77.05160542,2024,12,11
240061270,Property Damage Crash,12/23/2024 11:13:00 AM,SANDY SPRING RD,NA,Angle,Clear,Dry,Daylight,Other Warning Sign,NONE DETECTED,Yes,No Apparent Injury,Improper Turn,Unknown,MD,Sport Utility Vehicle,Making U-Turn,40,No,2004,FORD,EXPLORER SPORT TRAC,39.10545153,-76.91079031,2024,12,11
240061270,Property Damage Crash,12/23/2024 11:13:00 AM,SANDY SPRING RD,NA,Angle,Clear,Dry,Daylight,No Controls,NONE DETECTED,No,No Apparent Injury,NA,Not Distracted,MD,Sport Utility Vehicle,Moving Constant Speed,40,No,2016,LEXUS,RX,39.10545153,-76.91079031,2024,12,11
240061269,Property Damage Crash,12/23/2024 10:25:00 AM,NA,NA,Front to Rear,Clear,NA,Daylight,NA,NONE DETECTED,No,No Apparent Injury,NA,Unknown,MD,Other Trucks,Turning Right,0,No,2025,INTERNATIONAL,LT62F,38.99880908,-77.00200912,2024,12,10
240061264,Property Damage Crash,12/23/2024 10:16:00 AM,WELLER RD,NA,Angle,Clear,Dry,Daylight,Stop Sign,NONE DETECTED,No,No Apparent Injury,NA,Unknown,MD,Passenger Car,NA,35,No,2015,SUBARU,FORESTER,39.062647,-77.07877017,2024,12,10
240061264,Property Damage Crash,12/23/2024 10:16:00 AM,WELLER RD,NA,Angle,Clear,Dry,Daylight,Stop Sign,NONE DETECTED,No,No Apparent Injury,NA,Unknown,MD,Sport Utility Vehicle,NA,35,No,2012,LINCOLN,NAVIGATOR,39.062647,-77.07877017,2024,12,10
240061256,Injury Crash,12/23/2024 09:13:00 AM,COLESVILLE RD (SB/L),NA,Front to Rear,Clear,Dry,Daylight,No Controls,NONE DETECTED,No,No Apparent Injury,NA,Not Distracted,MD,Passenger Car,Stopped in Traffic,35,No,2016,HYUNDAI,ACCENT,39.00849217,-77.01883733,2024,12,9
240061256,Injury Crash,12/23/2024 09:13:00 AM,COLESVILLE RD (SB/L),NA,Front to Rear,Clear,Dry,Daylight,No Controls,NONE DETECTED,Yes,No Apparent Injury,Followed Too Closely,Not Distracted,MD,Other Trucks,Slowing or Stopping,35,No,1995,INTERNATIONAL,9200,39.00849217,-77.01883733,2024,12,9
240061256,Injury Crash,12/23/2024 09:13:00 AM,COLESVILLE RD (SB/L),NA,Front to Rear,Clear,Dry,Daylight,No Controls,NONE DETECTED,No,Possible Minor Injury,NA,Not Distracted,MD,Other Trucks,Stopped in Traffic,35,No,2013,HONDA,ODYSSEY,39.00849217,-77.01883733,2024,12,9
240061256,Injury Crash,12/23/2024 09:13:00 AM,COLESVILLE RD (SB/L),NA,Front to Rear,Clear,Dry,Daylight,No Controls,NONE DETECTED,No,No Apparent Injury,NA,Not Distracted,MD,Passenger Car,Stopped in Traffic,35,No,2017,TOYOTA,CAMRY,39.00849217,-77.01883733,2024,12,9
240061252,Property Damage Crash,12/23/2024 08:16:00 AM,SOUTHLAWN LA,NA,Front to Rear,Clear,Dry,Daylight,No Controls,NONE DETECTED,No,No Apparent Injury,NA,Not Distracted,MD,Other Trucks,Moving Constant Speed,30,No,2016,CHEVROLET,SILVERADO,39.09916,-77.13606667,2024,12,8
240061252,Property Damage Crash,12/23/2024 08:16:00 AM,SOUTHLAWN LA,NA,Front to Rear,Clear,Dry,Daylight,No Controls,NONE DETECTED,No,NA,NA,NA,NA,Sport Utility Vehicle,Changing Lanes,30,No,2003,NISSAN,PATHFINDER,39.09916,-77.13606667,2024,12,8
240061249,Property Damage Crash,12/23/2024 08:15:00 AM,MONTGOMERY VILLAGE AVE (SB/L),NA,Angle,Clear,Dry,Daylight,Traffic Control Signal,NONE DETECTED,No,No Apparent Injury,NA,Unknown,MD,Passenger Car,Accelerating,35,No,2024,HYUNDAI,SONATA,39.16145592,-77.20205946,2024,12,8
240061249,Property Damage Crash,12/23/2024 08:15:00 AM,MONTGOMERY VILLAGE AVE (SB/L),NA,Angle,Clear,Dry,Daylight,Traffic Control Signal,NONE DETECTED,Yes,No Apparent Injury,NA,Talking/listening,MD,Passenger Car,Moving Constant Speed,35,No,2020,NISSAN,VERSA,39.16145592,-77.20205946,2024,12,8
240061247,Injury Crash,12/23/2024 08:07:00 AM,ENGLAND TERR,Pedestrian,Single Vehicle,Clear,Dry,Daylight,No Controls,NONE DETECTED,No,No Apparent Injury,NA,Unknown,MD,Passenger Car,Turning Left,25,No,1996,MAZDA,MX-5,39.08661159,-77.1474393,2024,12,8
240061245,Property Damage Crash,12/23/2024 07:31:00 AM,LAYHILL RD,NA,Front to Rear,Clear,Dry,Medium,No Controls,NONE DETECTED,No,No Apparent Injury,NA,Not Distracted,MD,Pickup,Stopped in Traffic,40,No,2015,CHEVROLET,SILVERADO,39.0963495,-77.044032,2024,12,7
240061245,Property Damage Crash,12/23/2024 07:31:00 AM,LAYHILL RD,NA,Front to Rear,Clear,Dry,Medium,No Controls,NONE DETECTED,Yes,No Apparent Injury,NA,Not Distracted,MD,Sport Utility Vehicle,Slowing or Stopping,40,No,2012,FORD,EDGE,39.0963495,-77.044032,2024,12,7
240061246,Property Damage Crash,12/23/2024 07:25:00 AM,GRANDE VISTA DR,NA,Single Vehicle,Clear,Dry,Daylight,No Controls,NONE DETECTED,No,No Apparent Injury,NA,Not Distracted,MD,Bus - School,Moving Constant Speed,25,No,2020,THOMAS BUILT,HDX,39.12416833,-77.146435,2024,12,7
240061770,Injury Crash,12/23/2024 05:30:00 AM,ASPEN HILL RD,Pedestrian,Single Vehicle,Clear,Dry,Medium,Pedestrian Crossing,NONE DETECTED,No,NA,NA,NA,NA,NA,NA,45,No,0,NA,NA,39.08076112,-77.07507253,2024,12,5
240061242,Property Damage Crash,12/23/2024 05:17:00 AM,KIRKLYNN AVE,NA,Single Vehicle,Clear,Dry,Medium,No Controls,NONE DETECTED,No,No Apparent Injury,NA,Unknown,MD,Passenger Car,Moving Constant Speed,25,No,2009,TOYOTA,RAV4,38.988079,-76.9886955,2024,12,5
240061234,Injury Crash,12/23/2024 02:30:00 AM,CENTERWAY RD,NA,Unknown,Clear,Dry,Dark,Traffic Control Signal,DRUG PRESENT,No,Possible Minor Injury,NA,Unknown,NA,Passenger Car,NA,40,No,2015,VOLKSWAGEN,JETTA,39.16998695,-77.17677718,2024,12,2
240061234,Injury Crash,12/23/2024 02:30:00 AM,CENTERWAY RD,NA,Unknown,Clear,Dry,Dark,Traffic Control Signal,NONE DETECTED,No,No Apparent Injury,NA,Unknown,NA,Sport Utility Vehicle,Moving Constant Speed,40,No,2008,JEEP,LIBERTY,39.16998695,-77.17677718,2024,12,2
240061241,Property Damage Crash,12/23/2024 01:48:00 AM,CRESTED IRIS DR,NA,"Sideswipe, Same Direction",Clear,Dry,Dark,No Controls,ALCOHOL PRESENT,Yes,No Apparent Injury,"Operated Motor Vehicle in Inattentive, Careless, Negligent, or Erratic Manner, Operated Motor Vehicle in Reckless or Aggressive Manner",Unknown,FL,Passenger Car,Moving Constant Speed,30,No,2012,CHEVROLET,SUBURBAN,39.18013214,-77.2109657,2024,12,1
240061232,Property Damage Crash,12/23/2024 12:09:00 AM,MONTROSE PKWY (WB/L),NA,Front to Rear,Clear,Dry,Medium,No Controls,NONE DETECTED,No,No Apparent Injury,NA,Not Distracted,MD,Sport Utility Vehicle,Parked,40,No,2021,HYUNDAI,SANTA FE,39.05105183,-77.12915367,2024,12,0
240061232,Property Damage Crash,12/23/2024 12:09:00 AM,MONTROSE PKWY (WB/L),NA,Front to Rear,Clear,Dry,Medium,No Controls,NONE DETECTED,No,No Apparent Injury,NA,Not Distracted,MD,Sport Utility Vehicle,Parked,40,No,2021,MAZDA,CX-30,39.05105183,-77.12915367,2024,12,0
240061232,Property Damage Crash,12/23/2024 12:09:00 AM,MONTROSE PKWY (WB/L),NA,Front to Rear,Clear,Dry,Medium,No Controls,ALCOHOL PRESENT,Yes,No Apparent Injury,NA,Not Distracted,MD,Passenger Car,Moving Constant Speed,40,No,2020,TOYOTA,CAMRY,39.05105183,-77.12915367,2024,12,0
240061228,Property Damage Crash,12/22/2024 11:58:00 PM,DUSTIN RD (EB/L),NA,Front to Rear,Clear,Dry,Medium,No Controls,NONE DETECTED,No,No Apparent Injury,"Operated Motor Vehicle in Inattentive, Careless, Negligent, or Erratic Manner",Unknown,NA,Pickup,Moving Constant Speed,20,No,0,NA,NA,39.1225157,-76.92662343,2024,12,23
240061228,Property Damage Crash,12/22/2024 11:58:00 PM,DUSTIN RD (EB/L),NA,Front to Rear,Clear,Dry,Medium,No Controls,NONE DETECTED,No,No Apparent Injury,NA,Not Distracted,MD,Passenger Car,Turning Right,20,No,2015,KIA,OPTIMA,39.1225157,-76.92662343,2024,12,23
240061217,Injury Crash,12/22/2024 10:45:00 PM,GEORGIA AVE,NA,Angle,Clear,Dry,Medium,No Controls,NONE DETECTED,No,No Apparent Injury,NA,Not Distracted,MD,Passenger Car,Moving Constant Speed,35,No,2004,ACURA,TSX,39.05937592,-77.05044575,2024,12,22
240061217,Injury Crash,12/22/2024 10:45:00 PM,GEORGIA AVE,NA,Angle,Clear,Dry,Medium,No Controls,NONE DETECTED,Yes,Possible Minor Injury,NA,Not Distracted,MD,Passenger Car,Entering Traffic Lane,35,No,2023,TOYOTA,CAMRY,39.05937592,-77.05044575,2024,12,22