Local Case Number,ACRS Report Type,Crash Date/Time,Road Name,Related Non-Motorist,Collision Type,Weather,Surface Condition,Light,Traffic Control,Driver Substance Abuse,Driver At Fault,Injury Severity,Circumstance,Driver Distracted By,Drivers License State,Vehicle Body Type,Vehicle Movement,Speed Limit,Driverless Vehicle,Vehicle Year,Vehicle Make,Vehicle Model,Latitude,Longitude,Year,Month,Hour
240061215,Property Damage Crash,12/22/2024 08:30:00 PM,NA,Pedestrian,Unknown,Clear,NA,Medium,NA,NONE DETECTED,Yes,No Apparent Injury,"Operated Motor Vehicle in Inattentive, Careless, Negligent, or Erratic Manner",Unknown,MD,Sport Utility Vehicle,Moving Constant Speed,0,No,2017,NISSAN,ROGUE,39.11119007,-76.92773835,2024,12,20
240061200,Injury Crash,12/22/2024 08:02:00 PM,CORNET CT,NA,Single Vehicle,Clear,Dry,Medium,No Controls,NONE DETECTED,No,Possible Minor Injury,"Swerved or Avoided Due to Wind, Slippery Surface, Motor Vehicle, Object, Non-Motorist in Roadway, etc",Unknown,MD,Passenger Car,Moving Constant Speed,25,No,2013,HYUNDAI,ELANTRA,39.074683,-76.952367,2024,12,20
240061193,Property Damage Crash,12/22/2024 06:20:00 PM,NA,NA,Front to Front,Clear,NA,Medium,NA,NONE DETECTED,No,No Apparent Injury,NA,Not Distracted,MD,Sport Utility Vehicle,Slowing or Stopping,0,No,2022,JEEP,WRANGLER,39.064587,-77.1290753,2024,12,18
240061190,Injury Crash,12/22/2024 05:15:00 PM,CONGRESSIONAL LA,Pedestrian,Single Vehicle,Clear,Dry,Medium,Traffic Control Signal,NONE DETECTED,No,No Apparent Injury,NA,Not Distracted,MD,Passenger Car,Turning Left,25,No,2014,HONDA,CIVIC,39.06430406,-77.12615551,2024,12,17
240061183,Injury Crash,12/22/2024 04:25:00 PM,RUSSELL AVE,NA,Angle,Clear,Dry,Daylight,Traffic Control Signal,NONE DETECTED,No,Possible Minor Injury,NA,Not Distracted,MD,Passenger Car,Moving Constant Speed,35,No,2016,SUBARU,WRX,39.15436577,-77.20916132,2024,12,16
240061183,Injury Crash,12/22/2024 04:25:00 PM,RUSSELL AVE,NA,Angle,Clear,Dry,Daylight,Traffic Control Signal,NONE DETECTED,Yes,No Apparent Injury,NA,Not Distracted,MD,Passenger Car,Turning Left,35,No,2009,HONDA,CIVIC,39.15436577,-77.20916132,2024,12,16
240061182,Property Damage Crash,12/22/2024 04:12:00 PM,RAMP 1 FR RP 4 (FR US 29 NB) TO MD200 WB,NA,"Sideswipe, Same Direction",Clear,Dry,Daylight,No Controls,NONE DETECTED,Yes,No Apparent Injury,Failed to Keep in Proper Lane,Unknown,MD,Sport Utility Vehicle,Changing Lanes,50,No,2015,TOYOTA,RAV4,39.07854372,-76.952477150000007,2024,12,16
240061182,Property Damage Crash,12/22/2024 04:12:00 PM,RAMP 1 FR RP 4 (FR US 29 NB) TO MD200 WB,NA,"Sideswipe, Same Direction",Clear,Dry,Daylight,No Controls,NONE DETECTED,No,No Apparent Injury,NA,Not Distracted,MD,Passenger Car,Moving Constant Speed,50,No,2018,BMW,320I,39.07854372,-76.952477150000007,2024,12,16
240061174,Injury Crash,12/22/2024 03:26:00 PM,RAMP 5 FR IS 270 SB TO SHADY GROVE RD,NA,Angle,Clear,Dry,Daylight,Traffic Control Signal,NONE DETECTED,No,Suspected Serious Injury,NA,Not Distracted,MD,Passenger Car,Turning Left,40,No,2023,FORD,EXPLORER,39.10961967,-77.18812533,2024,12,15
240061174,Injury Crash,12/22/2024 03:26:00 PM,RAMP 5 FR IS 270 SB TO SHADY GROVE RD,NA,Angle,Clear,Dry,Daylight,Traffic Control Signal,NONE DETECTED,Yes,Possible Minor Injury,"Failed to Yield Right-of-Way, Operated Motor Vehicle in Inattentive, Careless, Negligent, or Erratic Manner, Operated Motor Vehicle in Reckless or Aggressive Manner, Ran Red Light",Unknown,MD,Passenger Car,Moving Constant Speed,40,No,2013,DODGE,JOURNEY,39.10961967,-77.18812533,2024,12,15
240061165,Property Damage Crash,12/22/2024 02:48:00 PM,NA,NA,Front to Rear,Clear,Dry,Daylight,Yield Sign,NONE DETECTED,Yes,No Apparent Injury,NA,Not Distracted,MD,Passenger Car,Moving Constant Speed,35,No,2012,TOYOTA,CAMRY,39.1844306,-77.27341359,2024,12,14
240061165,Property Damage Crash,12/22/2024 02:48:00 PM,NA,NA,Front to Rear,Clear,Dry,Daylight,Yield Sign,NONE DETECTED,No,No Apparent Injury,NA,Not Distracted,MD,Passenger Car,Slowing or Stopping,35,No,2015,FORD,EXPEDITION,39.1844306,-77.27341359,2024,12,14
240061176,Property Damage Crash,12/22/2024 02:45:00 PM,AMITY DR,NA,"Sideswipe, Same Direction",Clear,Dry,Daylight,No Controls,NONE DETECTED,No,No Apparent Injury,NA,Not Distracted,MD,Passenger Car,Turning Left,30,No,2005,TOYOTA,COROLLA,39.14502059,-77.16890692,2024,12,14
240061176,Property Damage Crash,12/22/2024 02:45:00 PM,AMITY DR,NA,"Sideswipe, Same Direction",Clear,Dry,Daylight,No Controls,NONE DETECTED,No,NA,Other Improper Action,NA,NA,NA,Overtaking/Passing,30,No,0,NA,NA,39.14502059,-77.16890692,2024,12,14
240061163,Property Damage Crash,12/22/2024 02:20:00 PM,OLD GEORGETOWN RD (SB/L),NA,Unknown,Clear,Dry,Daylight,No Controls,NONE DETECTED,No,NA,NA,NA,NA,Unknown,NA,35,No,0,NA,NA,39.0496575,-77.112687,2024,12,14
240061160,Property Damage Crash,12/22/2024 02:00:00 PM,RIVER RD,NA,Front to Rear,Clear,Dry,Daylight,Traffic Control Signal,NONE DETECTED,No,No Apparent Injury,NA,Not Distracted,MD,Passenger Car,Moving Constant Speed,35,No,2023,LEXUS,RZ,38.99106854,-77.15705391,2024,12,14
240061160,Property Damage Crash,12/22/2024 02:00:00 PM,RIVER RD,NA,Front to Rear,Clear,Dry,Daylight,Traffic Control Signal,NONE DETECTED,No,No Apparent Injury,NA,Not Distracted,MD,Passenger Car,Moving Constant Speed,35,No,2018,MERCEDES-BENZ,CLS-CLASS,38.99106854,-77.15705391,2024,12,14
240061141,Property Damage Crash,12/22/2024 11:30:00 AM,NA,NA,Front to Rear,Clear,NA,Daylight,NA,NONE DETECTED,Yes,No Apparent Injury,NA,Unknown,MD,Passenger Car,NA,0,No,2014,CHEVROLET,TRAVERSE,39.0764535,-77.003448,2024,12,11
240061141,Property Damage Crash,12/22/2024 11:30:00 AM,NA,NA,Front to Rear,Clear,NA,Daylight,NA,NONE DETECTED,No,NA,NA,NA,NA,Passenger Car,Parked,0,No,2008,NISSAN,ALTIMA,39.0764535,-77.003448,2024,12,11
240061142,Property Damage Crash,12/22/2024 11:19:00 AM,ROCKVILLE PIKE,NA,Single Vehicle,Clear,Dry,Daylight,No Controls,NONE DETECTED,No,No Apparent Injury,NA,Unknown,MD,Sport Utility Vehicle,Moving Constant Speed,35,No,2018,MERCEDES-BENZ,GLC-CLASS,39.03690317,-77.10788317,2024,12,11
240061136,Injury Crash,12/22/2024 10:41:00 AM,WOOTTON PKWY,NA,Angle,Clear,Dry,Daylight,Traffic Control Signal,NONE DETECTED,No,No Apparent Injury,NA,Not Distracted,MD,Passenger Car,Turning Left,25,No,2022,HONDA,CIVIC,39.07136624,-77.13946667,2024,12,10
240061136,Injury Crash,12/22/2024 10:41:00 AM,WOOTTON PKWY,NA,Angle,Clear,Dry,Daylight,Traffic Control Signal,NONE DETECTED,Yes,Possible Minor Injury,Ran Red Light,Not Distracted,MD,Passenger Car,Moving Constant Speed,35,No,2015,HONDA,ACCORD,39.07136624,-77.13946667,2024,12,10
240061122,Injury Crash,12/22/2024 07:00:00 AM,NEW HAMPSHIRE AVE (SB/L),NA,Front to Rear,Clear,Dry,Daylight,No Controls,NONE DETECTED,No,Possible Minor Injury,NA,Not Distracted,DC,Passenger Car,Moving Constant Speed,35,No,2016,TOYOTA,CAMRY,39.0081799,-76.98000902,2024,12,7
240061122,Injury Crash,12/22/2024 07:00:00 AM,NEW HAMPSHIRE AVE (SB/L),NA,Front to Rear,Clear,Dry,Daylight,No Controls,NONE DETECTED,No,No Apparent Injury,NA,Not Distracted,MD,Passenger Car,Moving Constant Speed,35,No,2009,HONDA,ACCORD,39.0081799,-76.98000902,2024,12,7
240061113,Property Damage Crash,12/22/2024 03:30:00 AM,EISENHOWER MEMORIAL HWY,NA,Single Vehicle,Clear,Dry,Medium,No Controls,NONE DETECTED,No,No Apparent Injury,NA,Not Distracted,MD,Passenger Car,Moving Constant Speed,55,No,2019,DODGE,CHARGER,39.20768332,-77.27364839,2024,12,3
240061108,Property Damage Crash,12/22/2024 02:16:00 AM,EISENHOWER MEMORIAL HWY (SB/L),NA,Other,Clear,Dry,Medium,No Controls,NONE DETECTED,No,No Apparent Injury,Improper Backing,Not Distracted,MD,Passenger Car,Backing,55,No,2021,HONDA,ACCORD,39.14358667,-77.214145,2024,12,2
240061108,Property Damage Crash,12/22/2024 02:16:00 AM,EISENHOWER MEMORIAL HWY (SB/L),NA,Other,Clear,Dry,Medium,No Controls,NONE DETECTED,No,No Apparent Injury,NA,Not Distracted,MD,Passenger Car,Parked,55,No,2019,DODGE,CHARGER,39.14358667,-77.214145,2024,12,2
240061104,Property Damage Crash,12/22/2024 12:26:00 AM,DUNSTER RD,NA,"Sideswipe, Same Direction",Clear,Dry,Medium,No Controls,NONE DETECTED,No,No Apparent Injury,"Failed to Keep in Proper Lane, Operated Motor Vehicle in Inattentive, Careless, Negligent, or Erratic Manner",Unknown,NA,Passenger Car,Slowing or Stopping,25,No,2001,VOLKSWAGEN,BEETLE,39.06229667,-77.17443,2024,12,0
240061098,Property Damage Crash,12/21/2024 11:42:00 PM,NA,NA,Unknown,Clear,Dry,Medium,Traffic Control Signal,NONE DETECTED,No,No Apparent Injury,NA,Unknown,MD,Passenger Car,NA,35,No,2024,FORD,ESCAPE,39.0629795,-77.12508024,2024,12,23
240061098,Property Damage Crash,12/21/2024 11:42:00 PM,NA,NA,Unknown,Clear,Dry,Medium,Traffic Control Signal,NONE DETECTED,No,No Apparent Injury,NA,Unknown,NA,Sport Utility Vehicle,NA,35,No,2007,HONDA,CIVIC,39.0629795,-77.12508024,2024,12,23
240061095,Property Damage Crash,12/21/2024 11:10:00 PM,RAMP 10 FR RAMP 5 TO OMEGA DR,NA,Front to Rear,Clear,Dry,Dark,Stop Sign,NONE DETECTED,Yes,No Apparent Injury,"Followed Too Closely, Operated Motor Vehicle in Inattentive, Careless, Negligent, or Erratic Manner",Unknown,MD,Passenger Car,Slowing or Stopping,30,No,2021,AUDI,Q5 E,39.11154291,-77.19248516,2024,12,23
240061095,Property Damage Crash,12/21/2024 11:10:00 PM,RAMP 10 FR RAMP 5 TO OMEGA DR,NA,Front to Rear,Clear,Dry,Dark,Stop Sign,ALCOHOL PRESENT,No,No Apparent Injury,NA,Not Distracted,MD,Passenger Car,Slowing or Stopping,30,No,2014,SUBARU,FORESTER,39.11154291,-77.19248516,2024,12,23
240061092,Property Damage Crash,12/21/2024 10:53:00 PM,EAST WEST HWY,NA,"Sideswipe, Same Direction",Clear,Dry,Medium,No Controls,NONE DETECTED,No,NA,NA,NA,NA,Passenger Car,Overtaking/Passing,10,No,2024,TOYOTA,COROLLA,38.99534079,-77.03838854,2024,12,22
240061092,Property Damage Crash,12/21/2024 10:53:00 PM,EAST WEST HWY,NA,"Sideswipe, Same Direction",Clear,Dry,Medium,No Controls,NONE DETECTED,No,NA,NA,NA,NA,Passenger Car,Parked,10,No,2024,KIA,FORTE,38.99534079,-77.03838854,2024,12,22
240061087,Injury Crash,12/21/2024 09:30:00 PM,COLUMBIA PIKE,NA,Front to Rear,Clear,Dry,Dark,Traffic Control Signal,ALCOHOL PRESENT,Yes,No Apparent Injury,NA,Not Distracted,MD,Passenger Car,Moving Constant Speed,50,No,2021,LAND ROVER,RANGE ROVER SPORT,39.07171035,-76.95662831,2024,12,21
240061087,Injury Crash,12/21/2024 09:30:00 PM,COLUMBIA PIKE,NA,Front to Rear,Clear,Dry,Dark,Traffic Control Signal,NONE DETECTED,No,No Apparent Injury,NA,Not Distracted,DC,Passenger Car,Moving Constant Speed,50,No,2018,TOYOTA,C-HR,39.07171035,-76.95662831,2024,12,21
240061073,Property Damage Crash,12/21/2024 08:00:00 PM,NA,NA,Front to Rear,Clear,Dry,Medium,No Controls,NONE DETECTED,No,No Apparent Injury,"Operated Motor Vehicle in Inattentive, Careless, Negligent, or Erratic Manner",Unknown,MD,Passenger Car,Moving Constant Speed,25,No,2014,HONDA,ACCORD,39.07926284,-77.11287394,2024,12,20
240061074,Property Damage Crash,12/21/2024 07:33:00 PM,BURNT WOODS PL,NA,"Sideswipe, Same Direction",Clear,Dry,Medium,No Controls,NONE DETECTED,No,No Apparent Injury,NA,Not Distracted,MD,Other,Moving Constant Speed,15,No,2008,SPARTAN MOTORS CHASS,GLADIATOR,39.19806717,-77.27940733,2024,12,19
240061070,Property Damage Crash,12/21/2024 07:26:00 PM,DIAMOND HILL DR,NA,Angle,Clear,Dry,Medium,No Controls,NONE DETECTED,Yes,No Apparent Injury,NA,Not Distracted,MD,Passenger Car,Moving Constant Speed,40,No,2013,TOYOTA,PRIUS,39.19603634,-77.27268305,2024,12,19
240061604,Property Damage Crash,12/21/2024 06:29:00 PM,COLUMBIA PIKE,NA,"Sideswipe, Same Direction",Clear,Dry,Medium,No Controls,NONE DETECTED,No,No Apparent Injury,NA,Not Distracted,MD,Sport Utility Vehicle,Moving Constant Speed,40,No,2022,LAND ROVER,RANGE ROVER,39.03109291,-77.00476819,2024,12,18
240061604,Property Damage Crash,12/21/2024 06:29:00 PM,COLUMBIA PIKE,NA,"Sideswipe, Same Direction",Clear,Dry,Medium,No Controls,ALCOHOL PRESENT,Yes,No Apparent Injury,NA,Not Distracted,MD,Pickup,Moving Constant Speed,40,No,2021,CHEVROLET,SILVERADO,39.03109291,-77.00476819,2024,12,18
240061060,Property Damage Crash,12/21/2024 06:25:00 PM,NA,NA,Front to Rear,Clear,Dry,Medium,No Controls,NONE DETECTED,No,No Apparent Injury,NA,Not Distracted,MD,Passenger Car,Slowing or Stopping,40,No,2014,BUICK,VERANO,39.15082216,-77.27773853,2024,12,18
240061060,Property Damage Crash,12/21/2024 06:25:00 PM,NA,NA,Front to Rear,Clear,Dry,Medium,No Controls,NONE DETECTED,Yes,No Apparent Injury,NA,Unknown,MD,Pickup,Slowing or Stopping,40,No,2021,TOYOTA,TACOMA,39.15082216,-77.27773853,2024,12,18
240061063,Property Damage Crash,12/21/2024 06:23:00 PM,MONTGOMERY VILLAGE AVE,NA,Angle,Clear,Dry,Medium,Traffic Control Signal,NONE DETECTED,No,No Apparent Injury,NA,Not Distracted,MD,Sport Utility Vehicle,Moving Constant Speed,35,No,2015,AUDI,Q5,39.18674146,-77.19852696,2024,12,18
240061063,Property Damage Crash,12/21/2024 06:23:00 PM,MONTGOMERY VILLAGE AVE,NA,Angle,Clear,Dry,Medium,Traffic Control Signal,NONE DETECTED,Yes,No Apparent Injury,"Failed to Yield Right-of-Way, Improper Turn",Not Distracted,MD,Passenger Car,Turning Left,35,No,2018,TOYOTA,COROLLA,39.18674146,-77.19852696,2024,12,18
240061054,Property Damage Crash,12/21/2024 05:50:00 PM,COLESVILLE RD,NA,Front to Rear,Clear,Dry,Medium,No Controls,NONE DETECTED,No,No Apparent Injury,NA,Not Distracted,DC,Passenger Car,Moving Constant Speed,35,No,2022,MERCEDES-BENZ,METRIS,38.99866685,-77.02617521,2024,12,17
240061054,Property Damage Crash,12/21/2024 05:50:00 PM,COLESVILLE RD,NA,Front to Rear,Clear,Dry,Medium,No Controls,NONE DETECTED,No,No Apparent Injury,NA,Not Distracted,MD,Passenger Car,Moving Constant Speed,35,No,2018,MITSUBISHI,MIRAGE G4,38.99866685,-77.02617521,2024,12,17
240061058,Property Damage Crash,12/21/2024 05:40:00 PM,ELKHART ST,NA,Angle,Clear,Dry,Medium,Traffic Control Signal,NONE DETECTED,Yes,No Apparent Injury,Improper Turn,Not Distracted,MD,Passenger Car,Turning Left,35,No,2009,TOYOTA,CAMRY,39.00326351,-77.04018282,2024,12,17
240061058,Property Damage Crash,12/21/2024 05:40:00 PM,ELKHART ST,NA,Angle,Clear,Dry,Medium,Traffic Control Signal,NONE DETECTED,No,No Apparent Injury,NA,Not Distracted,MD,Passenger Car,Moving Constant Speed,35,No,2005,TOYOTA,CAMRY,39.00326351,-77.04018282,2024,12,17
240061055,Property Damage Crash,12/21/2024 05:34:00 PM,WISCONSIN AVE (SB/L),NA,"Sideswipe, Same Direction",Clear,Dry,Medium,Traffic Control Signal,NONE DETECTED,No,No Apparent Injury,NA,Not Distracted,MD,Passenger Car,Slowing or Stopping,30,No,2022,TOYOTA,CAMRY,38.96204577,-77.08645176,2024,12,17
240061055,Property Damage Crash,12/21/2024 05:34:00 PM,WISCONSIN AVE (SB/L),NA,"Sideswipe, Same Direction",Clear,Dry,Medium,Traffic Control Signal,NONE DETECTED,Yes,No Apparent Injury,NA,Unknown,MD,Bus - Transit,Moving Constant Speed,30,No,2014,GILLIG,LOW FLOOR BUS,38.96204577,-77.08645176,2024,12,17
240061053,Injury Crash,12/21/2024 05:24:00 PM,VEIRS MILL RD (WB/L),NA,Front to Rear,Clear,Dry,Medium,No Controls,NONE DETECTED,No,No Apparent Injury,NA,Not Distracted,NA,Passenger Car,Moving Constant Speed,40,No,2012,FORD,EDGE,39.05253837,-77.07698121,2024,12,17
240061053,Injury Crash,12/21/2024 05:24:00 PM,VEIRS MILL RD (WB/L),NA,Front to Rear,Clear,Dry,Medium,No Controls,NONE DETECTED,Yes,Possible Minor Injury,Followed Too Closely,Unknown,MD,Passenger Car,Moving Constant Speed,40,No,2006,CHEVROLET,IMPALA,39.05253837,-77.07698121,2024,12,17
240061050,Injury Crash,12/21/2024 05:24:00 PM,FULKS CORNER AVE,Cyclist (Electric),Single Vehicle,Clear,Dry,Medium,No Controls,NONE DETECTED,No,No Apparent Injury,NA,Not Distracted,MD,Passenger Car,Moving Constant Speed,30,No,2014,TOYOTA,COROLLA,39.13974211,-77.19643174,2024,12,17
240061049,Property Damage Crash,12/21/2024 04:52:00 PM,GREAT SENECA HWY,NA,Front to Front,Clear,Dry,Medium,Traffic Control Signal,NONE DETECTED,No,No Apparent Injury,NA,Not Distracted,MD,Pickup,Turning Right,40,No,2024,TOYOTA,TACOMA,39.17107646,-77.26267728,2024,12,16
240061048,Injury Crash,12/21/2024 04:52:00 PM,MANCHESTER RD,NA,Front to Rear,Clear,Dry,Dark,No Controls,ALCOHOL PRESENT,Yes,No Apparent Injury,NA,Not Distracted,NA,Passenger Car,Moving Constant Speed,40,No,2010,HONDA,ACCORD,38.99687903,-77.00518163,2024,12,16
240061048,Injury Crash,12/21/2024 04:52:00 PM,MANCHESTER RD,NA,Front to Rear,Clear,Dry,Dark,No Controls,NONE DETECTED,No,Possible Minor Injury,NA,Not Distracted,MD,Passenger Car,Turning Left,40,No,2015,CADILLAC,ATS,38.99687903,-77.00518163,2024,12,16
240061049,Property Damage Crash,12/21/2024 04:52:00 PM,GREAT SENECA HWY,NA,Front to Front,Clear,Dry,Medium,Traffic Control Signal,NONE DETECTED,Yes,No Apparent Injury,NA,Not Distracted,NA,Passenger Car,Making U-Turn,40,No,2019,NISSAN,SENTRA,39.17107646,-77.26267728,2024,12,16
240061045,Injury Crash,12/21/2024 04:41:00 PM,RANDOLPH RD (WB/L),NA,Single Vehicle,Clear,Dry,Daylight,No Controls,NONE DETECTED,No,Possible Minor Injury,Other Improper Action,Not Distracted,MD,Passenger Car,Moving Constant Speed,40,No,2003,ACURA,RSX,39.05973133,-77.04682416,2024,12,16
240061043,Injury Crash,12/21/2024 04:20:00 PM,BRINK RD,NA,Other,Clear,Dry,Daylight,No Controls,NONE DETECTED,No,Possible Minor Injury,NA,Not Distracted,MD,Sport Utility Vehicle,Moving Constant Speed,35,No,2014,GMC,ACADIA,39.20173497,-77.20429896,2024,12,16
240061043,Injury Crash,12/21/2024 04:20:00 PM,BRINK RD,NA,Other,Clear,Dry,Daylight,No Controls,NONE DETECTED,No,Possible Minor Injury,NA,Not Distracted,MD,Passenger Car,Stopped in Traffic,35,No,2015,KIA,OPTIMA,39.20173497,-77.20429896,2024,12,16
240061043,Injury Crash,12/21/2024 04:20:00 PM,BRINK RD,NA,Other,Clear,Dry,Daylight,No Controls,NONE DETECTED,No,No Apparent Injury,NA,Not Distracted,MD,Sport Utility Vehicle,Stopped in Traffic,35,No,2016,HONDA,CR-V,39.20173497,-77.20429896,2024,12,16
240061043,Injury Crash,12/21/2024 04:20:00 PM,BRINK RD,NA,Other,Clear,Dry,Daylight,No Controls,NONE DETECTED,Yes,No Apparent Injury,"Operated Motor Vehicle in Inattentive, Careless, Negligent, or Erratic Manner, Operated Motor Vehicle in Reckless or Aggressive Manner",Unknown,GA,Van - Passenger (&lt;9 Seats),Accelerating,35,No,2018,TOYOTA,SIENNA,39.20173497,-77.20429896,2024,12,16
240061043,Injury Crash,12/21/2024 04:20:00 PM,BRINK RD,NA,Other,Clear,Dry,Daylight,No Controls,NONE DETECTED,No,Possible Minor Injury,NA,Not Distracted,MD,Passenger Car,Stopped in Traffic,35,No,2017,HONDA,PILOT,39.20173497,-77.20429896,2024,12,16
240061043,Injury Crash,12/21/2024 04:20:00 PM,BRINK RD,NA,Other,Clear,Dry,Daylight,No Controls,NONE DETECTED,No,No Apparent Injury,NA,Not Distracted,MD,Pickup,Stopped in Traffic,35,No,2021,GMC,SIERRA,39.20173497,-77.20429896,2024,12,16
240061043,Injury Crash,12/21/2024 04:20:00 PM,BRINK RD,NA,Other,Clear,Dry,Daylight,No Controls,NONE DETECTED,No,No Apparent Injury,NA,Not Distracted,MD,Sport Utility Vehicle,Moving Constant Speed,35,No,2023,BMW,X5,39.20173497,-77.20429896,2024,12,16
240061030,Property Damage Crash,12/21/2024 03:28:00 PM,NA,NA,Unknown,Clear,Dry,Daylight,Traffic Control Signal,NONE DETECTED,No,NA,NA,NA,NA,Passenger Car,NA,50,No,2022,PORSCHE,MACAN,39.10984467,-77.21588183,2024,12,15
240061031,Property Damage Crash,12/21/2024 03:09:00 PM,ELLINGTON BLVD,NA,Front to Front,Clear,Dry,Daylight,No Controls,NONE DETECTED,No,No Apparent Injury,NA,Not Distracted,MD,Sport Utility Vehicle,Parked,25,No,2024,NISSAN,KICKS,39.11314608,-77.20733114,2024,12,15
240061031,Property Damage Crash,12/21/2024 03:09:00 PM,ELLINGTON BLVD,NA,Front to Front,Clear,Dry,Daylight,No Controls,NONE DETECTED,No,No Apparent Injury,NA,Not Distracted,MD,Van - Cargo,Slowing or Stopping,25,No,2024,RAM,PROMASTER 2500,39.11314608,-77.20733114,2024,12,15
240061027,Injury Crash,12/21/2024 02:51:00 PM,NEW HAMPSHIRE AVE (SB/L),NA,Single Vehicle,Clear,Dry,Daylight,No Controls,NONE DETECTED,Yes,Possible Minor Injury,Ran Off Roadway,Unknown,MD,Sport Utility Vehicle,Moving Constant Speed,40,No,2023,CHEVROLET,SUBURBAN,39.10865581,-76.99816215,2024,12,14
240061008,Property Damage Crash,12/21/2024 12:45:00 PM,MIDDLEBROOK RD (WB/L),NA,Angle,Clear,Dry,Daylight,Stop Sign,NONE DETECTED,Yes,No Apparent Injury,Failed to Yield Right-of-Way,Not Distracted,MD,Passenger Car,Entering Traffic Lane,15,No,2021,HONDA,CIVIC,39.18153057,-77.26947063,2024,12,12
240061008,Property Damage Crash,12/21/2024 12:45:00 PM,MIDDLEBROOK RD (WB/L),NA,Angle,Clear,Dry,Daylight,No Controls,NONE DETECTED,No,No Apparent Injury,NA,Not Distracted,MD,Passenger Car,Moving Constant Speed,35,No,2016,TOYOTA,CAMRY,39.18153057,-77.26947063,2024,12,12
240061001,Property Damage Crash,12/21/2024 12:20:00 PM,PARKLAND DR,NA,"Sideswipe, Opposite Direction",Clear,Dry,Daylight,No Controls,NONE DETECTED,No,No Apparent Injury,NA,Not Distracted,MD,Passenger Car,Moving Constant Speed,25,No,1998,NISSAN,FRONTIER,39.07664782,-77.08671847,2024,12,12
240061001,Property Damage Crash,12/21/2024 12:20:00 PM,PARKLAND DR,NA,"Sideswipe, Opposite Direction",Clear,Dry,Daylight,No Controls,NONE DETECTED,Yes,No Apparent Injury,NA,"Other Action (looking away from task, etc.)",MD,Passenger Car,Moving Constant Speed,25,No,1997,HONDA,CR-V,39.07664782,-77.08671847,2024,12,12
240060993,Property Damage Crash,12/21/2024 10:40:00 AM,GEORGIA AVE (SB/L),NA,"Sideswipe, Same Direction",Clear,Dry,Daylight,Traffic Control Signal,NONE DETECTED,No,No Apparent Injury,NA,Not Distracted,MD,Van - Cargo,Turning Left,25,No,2019,FREIGHTLINER,M2,39.04715444,-77.05209495,2024,12,10
240060993,Property Damage Crash,12/21/2024 10:40:00 AM,GEORGIA AVE (SB/L),NA,"Sideswipe, Same Direction",Clear,Dry,Daylight,Traffic Control Signal,NONE DETECTED,No,No Apparent Injury,NA,Not Distracted,MD,Pickup,Accelerating,25,No,2005,CHEVROLET,SILVERADO,39.04715444,-77.05209495,2024,12,10
240060990,Injury Crash,12/21/2024 10:34:00 AM,ROSEMARY HILLS RD,Pedestrian,Single Vehicle,Clear,Dry,Daylight,Traffic Control Signal,NONE DETECTED,No,No Apparent Injury,NA,Not Distracted,MD,Sport Utility Vehicle,Moving Constant Speed,35,No,2019,TOYOTA,HIGHLANDER,38.99559297,-77.04226835,2024,12,10
240060977,Property Damage Crash,12/21/2024 05:38:00 AM,NA,NA,Front to Front,Clear,Dry,Dark,No Controls,NONE DETECTED,Yes,No Apparent Injury,NA,Unknown,MD,Passenger Car,Negotiating a Curve,35,No,2020,LEXUS,IS,39.20508567,-77.1662845,2024,12,5
240060977,Property Damage Crash,12/21/2024 05:38:00 AM,NA,NA,Front to Front,Clear,Dry,Dark,No Controls,NONE DETECTED,No,No Apparent Injury,NA,Not Distracted,MD,Passenger Car,Moving Constant Speed,35,No,2010,TOYOTA,PRIUS,39.20508567,-77.1662845,2024,12,5