Local Case Number,ACRS Report Type,Crash Date/Time,Road Name,Related Non-Motorist,Collision Type,Weather,Surface Condition,Light,Traffic Control,Driver Substance Abuse,Driver At Fault,Injury Severity,Circumstance,Driver Distracted By,Drivers License State,Vehicle Body Type,Vehicle Movement,Speed Limit,Driverless Vehicle,Vehicle Year,Vehicle Make,Vehicle Model,Latitude,Longitude,Year,Month,Hour
240060967,Injury Crash,12/21/2024 02:30:00 AM,WISTERIA DR,NA,Front to Front,Clear,Dry,Medium,Flashing Traffic Control Signal,NONE DETECTED,No,Possible Minor Injury,NA,Not Distracted,MD,Passenger Car,Moving Constant Speed,45,No,2016,MAZDA,CX-3,39.17123506,-77.26297096,2024,12,2
240060967,Injury Crash,12/21/2024 02:30:00 AM,WISTERIA DR,NA,Front to Front,Clear,Dry,Medium,Flashing Traffic Control Signal,NONE DETECTED,No,NA,NA,NA,NA,Passenger Car,Moving Constant Speed,35,No,2017,VOLKSWAGEN,JETTA,39.17123506,-77.26297096,2024,12,2
240060961,Property Damage Crash,12/21/2024 12:45:00 AM,LINCOLN ST,NA,Front to Rear,Clear,Dry,Medium,Flashing Traffic Control Signal,NONE DETECTED,Yes,No Apparent Injury,NA,Unknown,MD,Other,Turning Right,35,No,2015,FREIGHTLINER,M2,38.99817882,-77.10939154,2024,12,0
240060961,Property Damage Crash,12/21/2024 12:45:00 AM,LINCOLN ST,NA,Front to Rear,Clear,Dry,Medium,Flashing Traffic Control Signal,NONE DETECTED,No,No Apparent Injury,NA,Not Distracted,MD,Passenger Car,Turning Right,35,No,2023,HYUNDAI,TUCSON,38.99817882,-77.10939154,2024,12,0
240060958,Property Damage Crash,12/21/2024 12:44:00 AM,RANDOLPH RD (WB/L),NA,Single Vehicle,Clear,Dry,Medium,No Controls,NONE DETECTED,No,No Apparent Injury,NA,Not Distracted,MD,Sport Utility Vehicle,Moving Constant Speed,35,No,2017,FORD,EXPLORER,39.0535931,-77.0906234,2024,12,0
240060948,Property Damage Crash,12/20/2024 11:08:00 PM,ROCKVILLE PIKE (SB/L),NA,Single Vehicle,Clear,Dry,Medium,Traffic Control Signal,NONE DETECTED,No,No Apparent Injury,NA,Unknown,MD,Sport Utility Vehicle,Turning Left,35,No,2020,NISSAN,KICKS,39.05124941,-77.11547783,2024,12,23
240060933,Property Damage Crash,12/20/2024 08:04:00 PM,NA,NA,Angle,Clear,Dry,Medium,No Controls,NONE DETECTED,Yes,No Apparent Injury,NA,Unknown,MD,Sport Utility Vehicle,Moving Constant Speed,30,No,2015,ACURA,RDX,38.9919355,-77.10625,2024,12,20
240060933,Property Damage Crash,12/20/2024 08:04:00 PM,NA,NA,Angle,Clear,Dry,Medium,Stop Sign,NONE DETECTED,Yes,No Apparent Injury,NA,Unknown,MD,Sport Utility Vehicle,Turning Left,25,No,2022,HONDA,PILOT,38.9919355,-77.10625,2024,12,20
240060930,Injury Crash,12/20/2024 07:58:00 PM,ATLANTIC AVE,Pedestrian,Single Vehicle,Clear,Dry,Medium,Traffic Control Signal,NONE DETECTED,No,No Apparent Injury,NA,Not Distracted,MD,Sport Utility Vehicle,Moving Constant Speed,35,No,2024,TOYOTA,HIGHLANDER,39.07492047,-77.11554609,2024,12,19
240060927,Injury Crash,12/20/2024 07:07:00 PM,E RANDOLPH RD (WB/L),NA,Front to Front,Clear,Wet,Medium,No Controls,NONE DETECTED,No,Possible Minor Injury,NA,Not Distracted,NA,Passenger Car,Moving Constant Speed,35,No,2004,HONDA,CIVIC,39.06548726,-76.97292255,2024,12,19
240060927,Injury Crash,12/20/2024 07:07:00 PM,E RANDOLPH RD (WB/L),NA,Front to Front,Clear,Wet,Medium,No Controls,NONE DETECTED,No,Possible Minor Injury,NA,Not Distracted,MD,Sport Utility Vehicle,Moving Constant Speed,35,No,2014,ACURA,MDX,39.06548726,-76.97292255,2024,12,19
240060927,Injury Crash,12/20/2024 07:07:00 PM,E RANDOLPH RD (WB/L),NA,Front to Front,Clear,Wet,Medium,No Controls,NONE DETECTED,Yes,Possible Minor Injury,NA,Not Distracted,DC,Passenger Car,Negotiating a Curve,35,No,2016,LEXUS,IS,39.06548726,-76.97292255,2024,12,19
240060922,Injury Crash,12/20/2024 06:30:00 PM,PINEY BRANCH RD,Pedestrian,Single Vehicle,Clear,Wet,Medium,Lane Use Control Signal,NONE DETECTED,No,No Apparent Injury,NA,Not Distracted,MD,Passenger Car,Moving Constant Speed,35,No,2023,HONDA,PILOT,38.99964238,-76.9945149,2024,12,18
240060914,Injury Crash,12/20/2024 06:03:00 PM,NA,Pedestrian,Single Vehicle,Snow,NA,Medium,NA,NONE DETECTED,No,No Apparent Injury,NA,Not Distracted,WV,Pickup,Accelerating,0,No,2017,FORD,F-150,39.22991607,-77.25051702,2024,12,18
240060913,Property Damage Crash,12/20/2024 06:00:00 PM,NA,NA,Front to Front,Clear,Dry,Medium,No Controls,NONE DETECTED,No,No Apparent Injury,Failed to Yield Right-of-Way,Not Distracted,MD,Passenger Car,Accelerating,35,No,2020,HONDA,ACCORD,39.07642287,-77.13829226,2024,12,18
240060913,Property Damage Crash,12/20/2024 06:00:00 PM,NA,NA,Front to Front,Clear,Dry,Medium,No Controls,NONE DETECTED,No,No Apparent Injury,NA,Not Distracted,MD,Passenger Car,Moving Constant Speed,35,No,2014,HONDA,CIVIC,39.07642287,-77.13829226,2024,12,18
240060916,Property Damage Crash,12/20/2024 05:53:00 PM,SHADY GROVE RD (SB/L),NA,Front to Rear,Clear,Wet,Medium,Traffic Control Signal,NONE DETECTED,No,No Apparent Injury,NA,Not Distracted,MD,Passenger Car,Stopped in Traffic,45,No,2012,FORD,FIESTA,39.14770151,-77.14830239,2024,12,17
240060916,Property Damage Crash,12/20/2024 05:53:00 PM,SHADY GROVE RD (SB/L),NA,Front to Rear,Clear,Wet,Medium,Traffic Control Signal,ALCOHOL PRESENT,Yes,No Apparent Injury,"Operated Motor Vehicle in Inattentive, Careless, Negligent, or Erratic Manner",Unknown,MD,Passenger Car,Moving Constant Speed,45,No,2011,TOYOTA,COROLLA,39.14770151,-77.14830239,2024,12,17
240060916,Property Damage Crash,12/20/2024 05:53:00 PM,SHADY GROVE RD (SB/L),NA,Front to Rear,Clear,Wet,Medium,Traffic Control Signal,NONE DETECTED,No,No Apparent Injury,NA,Not Distracted,MD,Passenger Car,Stopped in Traffic,45,No,2016,TOYOTA,RAV4,39.14770151,-77.14830239,2024,12,17
240060909,Property Damage Crash,12/20/2024 05:15:00 PM,THAYER AVE,NA,"Sideswipe, Same Direction",Clear,Dry,Daylight,No Controls,NONE DETECTED,No,No Apparent Injury,NA,Not Distracted,MD,Passenger Car,Moving Constant Speed,15,No,2017,FORD,C-MAX,38.99300102,-77.02492111,2024,12,17
240060909,Property Damage Crash,12/20/2024 05:15:00 PM,THAYER AVE,NA,"Sideswipe, Same Direction",Clear,Dry,Daylight,No Controls,NONE DETECTED,No,No Apparent Injury,NA,Not Distracted,PA,Passenger Car,Parked,15,No,2023,TESLA,MODEL S,38.99300102,-77.02492111,2024,12,17
240060908,Injury Crash,12/20/2024 05:00:00 PM,NA,NA,Front to Rear,Cloudy,Wet,Medium,Intersection Ahead Warning Sign,NONE DETECTED,No,Possible Minor Injury,NA,Not Distracted,MD,Passenger Car,Slowing or Stopping,30,No,2021,TOYOTA,C-HR,39.0832529,-77.15765536,2024,12,17
240060907,Injury Crash,12/20/2024 05:00:00 PM,ROCKVILLE PIKE (SB/L),Scooter (electric),Single Vehicle,Clear,Dry,Medium,Traffic Control Signal,NONE DETECTED,Yes,No Apparent Injury,NA,Not Distracted,MD,Passenger Car,Turning Right,40,No,2012,HONDA,ACCORD,39.057442,-77.12031713,2024,12,17
240060908,Injury Crash,12/20/2024 05:00:00 PM,NA,NA,Front to Rear,Cloudy,Wet,Medium,Intersection Ahead Warning Sign,NONE DETECTED,Yes,No Apparent Injury,NA,Not Distracted,MD,Passenger Car,Moving Constant Speed,30,No,2022,NISSAN,ALTIMA,39.0832529,-77.15765536,2024,12,17
240060901,Injury Crash,12/20/2024 04:30:00 PM,NA,NA,Angle,Clear,Wet,Medium,No Controls,NONE DETECTED,No,Suspected Serious Injury,NA,Not Distracted,MD,Passenger Car,Moving Constant Speed,40,No,2018,FORD,TAURUS,39.16691794,-77.17196273,2024,12,16
240060901,Injury Crash,12/20/2024 04:30:00 PM,NA,NA,Angle,Clear,Wet,Medium,Stop Sign,NONE DETECTED,Yes,Suspected Serious Injury,Failed to Yield Right-of-Way,Unknown,MD,Passenger Car,Turning Left,15,No,2019,SUBARU,OUTBACK,39.16691794,-77.17196273,2024,12,16
240060898,Property Damage Crash,12/20/2024 04:19:00 PM,NA,NA,"Sideswipe, Same Direction",Clear,Dry,Daylight,Traffic Control Signal,NONE DETECTED,No,No Apparent Injury,NA,Not Distracted,MD,Passenger Car,Accelerating,30,No,2013,VOLVO,XC90,39.14704919,-77.20529539,2024,12,16
240060898,Property Damage Crash,12/20/2024 04:19:00 PM,NA,NA,"Sideswipe, Same Direction",Clear,Dry,Daylight,Traffic Control Signal,NONE DETECTED,No,No Apparent Injury,NA,Not Distracted,MD,Bus - School,Accelerating,30,No,2022,FREIGHTLINER,B2 BUS CHASSIS,39.14704919,-77.20529539,2024,12,16
240060899,Property Damage Crash,12/20/2024 04:17:00 PM,FENTON ST,NA,"Sideswipe, Opposite Direction",Cloudy,Wet,Medium,No Controls,NONE DETECTED,Yes,NA,NA,NA,NA,NA,Accelerating,30,No,0,NA,NA,38.99339624,-77.02412126,2024,12,16
240060899,Property Damage Crash,12/20/2024 04:17:00 PM,FENTON ST,NA,"Sideswipe, Opposite Direction",Cloudy,Wet,Medium,No Controls,NONE DETECTED,No,No Apparent Injury,NA,Not Distracted,MD,Bus - School,Stopped in Traffic,30,No,2019,THOMAS BUILT,HDX,38.99339624,-77.02412126,2024,12,16
240060890,Property Damage Crash,12/20/2024 04:01:00 PM,GEORGIA AVE,NA,"Sideswipe, Same Direction",Cloudy,Dry,Daylight,No Controls,NONE DETECTED,No,No Apparent Injury,NA,Not Distracted,MD,Bus - School,Moving Constant Speed,35,No,2020,FREIGHTLINER,B2 BUS CHASSIS,39.01315851,-77.04180184,2024,12,16
240060890,Property Damage Crash,12/20/2024 04:01:00 PM,GEORGIA AVE,NA,"Sideswipe, Same Direction",Cloudy,Dry,Daylight,No Controls,NONE DETECTED,Yes,NA,NA,NA,NA,NA,Changing Lanes,35,No,0,NA,NA,39.01315851,-77.04180184,2024,12,16
240060888,Property Damage Crash,12/20/2024 03:30:00 PM,SILVER SPRING AVE,NA,Front to Rear,Rain,Wet,Daylight,Traffic Control Signal,NONE DETECTED,No,No Apparent Injury,NA,Not Distracted,MD,Bus - Transit,Moving Constant Speed,35,No,2016,GILLIG,LOW FLOOR BUS,38.99177381,-77.02397483,2024,12,15
240060888,Property Damage Crash,12/20/2024 03:30:00 PM,SILVER SPRING AVE,NA,Front to Rear,Rain,Wet,Daylight,Traffic Control Signal,NONE DETECTED,No,NA,NA,NA,NA,Unknown,Overtaking/Passing,35,No,0,NA,NA,38.99177381,-77.02397483,2024,12,15
240060882,Property Damage Crash,12/20/2024 03:25:00 PM,SOUTHLAWN LA,NA,Angle,Cloudy,Wet,Daylight,Traffic Control Signal,NONE DETECTED,Yes,No Apparent Injury,NA,Unknown,MA,Pickup,Turning Left,40,No,2005,TOYOTA,TUNDRA,39.09764967,-77.13658917,2024,12,15
240060880,Injury Crash,12/20/2024 03:25:00 PM,WARING STATION RD,NA,Angle,Cloudy,Wet,Daylight,Traffic Control Signal,NONE DETECTED,Yes,Possible Minor Injury,Ran Red Light,Unknown,MD,Passenger Car,Moving Constant Speed,40,No,2024,TOYOTA,PRIUS,39.17502983,-77.253629,2024,12,15
240060880,Injury Crash,12/20/2024 03:25:00 PM,WARING STATION RD,NA,Angle,Cloudy,Wet,Daylight,Traffic Control Signal,NONE DETECTED,No,No Apparent Injury,NA,Not Distracted,MD,Passenger Car,Moving Constant Speed,30,No,2002,HONDA,ACCORD,39.17502983,-77.253629,2024,12,15
240060882,Property Damage Crash,12/20/2024 03:25:00 PM,SOUTHLAWN LA,NA,Angle,Cloudy,Wet,Daylight,Traffic Control Signal,NONE DETECTED,No,No Apparent Injury,NA,Not Distracted,MD,Passenger Car,Moving Constant Speed,40,No,2019,MITSUBISHI,OUTLANDER,39.09764967,-77.13658917,2024,12,15
240060884,Property Damage Crash,12/20/2024 03:24:00 PM,DAYTON ST,NA,Single Vehicle,Clear,Wet,Daylight,Stop Sign,NONE DETECTED,Yes,No Apparent Injury,NA,Unknown,MD,Passenger Car,Turning Right,35,No,2020,TESLA,MODEL 3,39.03823371,-77.04069396,2024,12,15
240060871,Injury Crash,12/20/2024 02:15:00 PM,DARNESTOWN RD,NA,Angle,Rain,Wet,Daylight,Traffic Control Signal,NONE DETECTED,No,Possible Minor Injury,NA,Not Distracted,MD,Sport Utility Vehicle,Turning Left,40,No,2017,JEEP,CHEROKEE,39.09309459,-77.19655829,2024,12,14
240060871,Injury Crash,12/20/2024 02:15:00 PM,DARNESTOWN RD,NA,Angle,Rain,Wet,Daylight,Traffic Control Signal,NONE DETECTED,Yes,Possible Minor Injury,NA,Unknown,MD,Passenger Car,Moving Constant Speed,40,No,2024,BMW,750E,39.09309459,-77.19655829,2024,12,14
240060864,Property Damage Crash,12/20/2024 02:11:00 PM,NA,NA,Front to Rear,Rain,Wet,Daylight,No Controls,NONE DETECTED,No,No Apparent Injury,NA,Not Distracted,DC,Passenger Car,Stopped in Traffic,35,No,2017,TOYOTA,COROLLA,38.99680485,-77.00520614,2024,12,14
240060864,Property Damage Crash,12/20/2024 02:11:00 PM,NA,NA,Front to Rear,Rain,Wet,Daylight,No Controls,NONE DETECTED,Yes,No Apparent Injury,NA,"Other Action (looking away from task, etc.)",MD,Sport Utility Vehicle,Moving Constant Speed,35,No,2013,TOYOTA,RAV4,38.99680485,-77.00520614,2024,12,14
240060859,Injury Crash,12/20/2024 01:45:00 PM,SEVEN LOCKS RD,NA,Front to Front,Rain,Wet,Daylight,Traffic Control Signal,NONE DETECTED,No,Possible Minor Injury,NA,Not Distracted,MD,Passenger Car,Moving Constant Speed,35,No,2008,TOYOTA,COROLLA,39.02340387,-77.16150423,2024,12,13
240060859,Injury Crash,12/20/2024 01:45:00 PM,SEVEN LOCKS RD,NA,Front to Front,Rain,Wet,Daylight,Traffic Control Signal,NONE DETECTED,Yes,No Apparent Injury,NA,Unknown,MD,Passenger Car,Turning Left,35,No,2023,DODGE,CHARGER,39.02340387,-77.16150423,2024,12,13
240060858,Property Damage Crash,12/20/2024 01:25:00 PM,WILSON LA,NA,"Sideswipe, Same Direction",Rain,Wet,Daylight,Traffic Control Signal,NONE DETECTED,Yes,No Apparent Injury,Improper Turn,Not Distracted,NY,Sport Utility Vehicle,Turning Right,25,No,2020,CHEVROLET,SUBURBAN,38.987503,-77.09874945,2024,12,13
240060858,Property Damage Crash,12/20/2024 01:25:00 PM,WILSON LA,NA,"Sideswipe, Same Direction",Rain,Wet,Daylight,Traffic Control Signal,NONE DETECTED,No,No Apparent Injury,NA,Not Distracted,MD,Passenger Car,Accelerating,25,No,2009,FORD,FOCUS,38.987503,-77.09874945,2024,12,13
240060857,Property Damage Crash,12/20/2024 01:23:00 PM,LOCKWOOD DR,NA,Single Vehicle,Rain,Wet,Daylight,Traffic Control Signal,ALCOHOL PRESENT,Yes,No Apparent Injury,Improper Turn,Unknown,MD,Passenger Car,Turning Right,40,No,2015,TOYOTA,COROLLA,39.03979733,-76.99039217,2024,12,13
240060861,Property Damage Crash,12/20/2024 12:50:00 PM,NA,NA,Unknown,Rain,NA,Daylight,NA,NONE DETECTED,No,NA,NA,NA,NA,Passenger Car,Backing,0,No,2024,TOYOTA,RAV4,39.15579433,-77.22114917,2024,12,12
240060848,Property Damage Crash,12/20/2024 12:43:00 PM,W GUDE DR (WB/L),NA,"Sideswipe, Same Direction",Cloudy,Wet,Daylight,Traffic Control Signal,NONE DETECTED,Yes,No Apparent Injury,NA,Not Distracted,MD,Bus - School,Moving Constant Speed,35,No,2022,FREIGHTLINER,B2 BUS CHASSIS,39.10548823,-77.17097347,2024,12,12
240060848,Property Damage Crash,12/20/2024 12:43:00 PM,W GUDE DR (WB/L),NA,"Sideswipe, Same Direction",Cloudy,Wet,Daylight,Traffic Control Signal,NONE DETECTED,No,No Apparent Injury,NA,Not Distracted,VA,Other Trucks,Slowing or Stopping,35,No,2017,FORD,TRANSIT,39.10548823,-77.17097347,2024,12,12
240060846,Property Damage Crash,12/20/2024 12:30:00 PM,ROTHBURY DR,NA,Angle,Snow,Wet,Daylight,No Controls,NONE DETECTED,Yes,No Apparent Injury,Failed to Yield Right-of-Way,Not Distracted,MD,Passenger Car,Turning Left,30,No,2011,CHEVROLET,CORVETTE,39.18545653,-77.1888178,2024,12,12
240060846,Property Damage Crash,12/20/2024 12:30:00 PM,ROTHBURY DR,NA,Angle,Snow,Wet,Daylight,No Controls,NONE DETECTED,No,No Apparent Injury,NA,Not Distracted,MD,Passenger Car,Moving Constant Speed,30,No,2005,HONDA,ACCORD,39.18545653,-77.1888178,2024,12,12
240060845,Property Damage Crash,12/20/2024 12:28:00 PM,NORWOOD RD,NA,Front to Rear,Rain,Wet,Daylight,No Controls,NONE DETECTED,No,No Apparent Injury,NA,Unknown,MD,Passenger Car,Moving Constant Speed,25,No,2003,TOYOTA,CAMRY,39.130055,-77.029315,2024,12,12
240060845,Property Damage Crash,12/20/2024 12:28:00 PM,NORWOOD RD,NA,Front to Rear,Rain,Wet,Daylight,No Controls,NONE DETECTED,No,No Apparent Injury,NA,Not Distracted,MD,Sport Utility Vehicle,Slowing or Stopping,25,No,2023,CHEVROLET,EQUINOX,39.130055,-77.029315,2024,12,12
240060839,Injury Crash,12/20/2024 11:58:00 AM,BANK ST,NA,"Sideswipe, Opposite Direction",Snow,Wet,Daylight,No Controls,NONE DETECTED,No,No Apparent Injury,Failed to Yield Right-of-Way,Not Distracted,MD,Passenger Car,Turning Left,25,No,2016,FORD,EDGE,39.14032289,-77.22284448,2024,12,11
240060839,Injury Crash,12/20/2024 11:58:00 AM,BANK ST,NA,"Sideswipe, Opposite Direction",Snow,Wet,Daylight,No Controls,NONE DETECTED,No,Possible Minor Injury,NA,Not Distracted,MD,Passenger Car,Moving Constant Speed,25,No,2015,VOLKSWAGEN,JETTA,39.14032289,-77.22284448,2024,12,11
240060849,Property Damage Crash,12/20/2024 11:45:00 AM,CENTERWAY RD (WB/L),NA,Rear To Side,Snow,Wet,Daylight,Traffic Control Signal,NONE DETECTED,No,No Apparent Injury,NA,Not Distracted,MD,Sport Utility Vehicle,Moving Constant Speed,35,No,2014,FORD,ESCAPE,39.17261384,-77.20157402,2024,12,11
240060849,Property Damage Crash,12/20/2024 11:45:00 AM,CENTERWAY RD (WB/L),NA,Rear To Side,Snow,Wet,Daylight,Traffic Control Signal,NONE DETECTED,Yes,No Apparent Injury,Too Fast For Conditions,Not Distracted,MD,Van - Passenger (&lt;9 Seats),Slowing or Stopping,35,No,2024,KIA,CARNIVAL,39.17261384,-77.20157402,2024,12,11
240060840,Injury Crash,12/20/2024 11:38:00 AM,CENTURY BLVD,Pedestrian,Unknown,Snow,Wet,Daylight,Traffic Control Signal,NONE DETECTED,No,NA,NA,NA,NA,Sport Utility Vehicle,Slowing or Stopping,35,No,0,NA,NA,39.18035046,-77.26828517,2024,12,11
240060838,Property Damage Crash,12/20/2024 11:35:00 AM,WESTLAKE TERR,NA,Front to Rear,Rain,Wet,Daylight,No Controls,NONE DETECTED,No,No Apparent Injury,NA,Not Distracted,VA,Passenger Car,Stopped in Traffic,30,No,2017,VOLKSWAGEN,PASSAT,39.02653151,-77.14426511,2024,12,11
240060838,Property Damage Crash,12/20/2024 11:35:00 AM,WESTLAKE TERR,NA,Front to Rear,Rain,Wet,Daylight,No Controls,NONE DETECTED,No,No Apparent Injury,NA,Not Distracted,MD,Sport Utility Vehicle,Slowing or Stopping,30,No,2024,MAZDA,CX-50,39.02653151,-77.14426511,2024,12,11
240060838,Property Damage Crash,12/20/2024 11:35:00 AM,WESTLAKE TERR,NA,Front to Rear,Rain,Wet,Daylight,No Controls,NONE DETECTED,No,No Apparent Injury,NA,Not Distracted,MD,Pickup,Moving Constant Speed,30,No,2004,TOYOTA,TACOMA,39.02653151,-77.14426511,2024,12,11
240060835,Property Damage Crash,12/20/2024 11:34:00 AM,NA,NA,"Sideswipe, Same Direction",Snow,NA,Daylight,NA,NONE DETECTED,No,No Apparent Injury,NA,Not Distracted,MD,Passenger Car,Parked,0,No,2023,BMW,X5,39.05038191,-77.11739179,2024,12,11
240060835,Property Damage Crash,12/20/2024 11:34:00 AM,NA,NA,"Sideswipe, Same Direction",Snow,NA,Daylight,NA,NONE DETECTED,Yes,No Apparent Injury,NA,Not Distracted,MD,Passenger Car,Backing,0,No,2021,TOYOTA,COROLLA,39.05038191,-77.11739179,2024,12,11
240060836,Property Damage Crash,12/20/2024 11:27:00 AM,MONTROSE RD,NA,Front to Rear,Snow,Wet,Daylight,Traffic Control Signal,NONE DETECTED,Yes,No Apparent Injury,NA,Not Distracted,MD,Passenger Car,Slowing or Stopping,40,No,1996,MITSUBISHI,MIRAGE,39.05429701,-77.14340209,2024,12,11
240060836,Property Damage Crash,12/20/2024 11:27:00 AM,MONTROSE RD,NA,Front to Rear,Snow,Wet,Daylight,Traffic Control Signal,NONE DETECTED,No,No Apparent Injury,NA,Not Distracted,DC,Van - Passenger (&lt;9 Seats),Stopped in Traffic,40,No,2025,HONDA,ODYSSEY,39.05429701,-77.14340209,2024,12,11
240060826,Injury Crash,12/20/2024 11:03:00 AM,NA,Pedestrian,Single Vehicle,Snow,Wet,Daylight,Pedestrian Crossing,NONE DETECTED,Yes,No Apparent Injury,Failed to Yield Right-of-Way,Not Distracted,MD,Pickup,Turning Left,30,No,2001,GMC,SIERRA,39.15209077,-77.06417627,2024,12,11
240060807,Property Damage Crash,12/20/2024 09:15:00 AM,NA,NA,"Sideswipe, Same Direction",Clear,Dry,Daylight,No Controls,NONE DETECTED,No,No Apparent Injury,NA,Not Distracted,MD,Sport Utility Vehicle,Turning Right,25,No,2001,LINCOLN,NAVIGATOR,39.041256250000004,-76.98587816,2024,12,9
240060807,Property Damage Crash,12/20/2024 09:15:00 AM,NA,NA,"Sideswipe, Same Direction",Clear,Dry,Daylight,No Controls,NONE DETECTED,No,No Apparent Injury,NA,Not Distracted,MD,Passenger Car,Moving Constant Speed,25,No,2020,HYUNDAI,ACCENT,39.041256250000004,-76.98587816,2024,12,9
240060805,Injury Crash,12/20/2024 09:01:00 AM,NA,NA,"Sideswipe, Same Direction",Cloudy,Dry,Daylight,No Controls,NONE DETECTED,No,No Apparent Injury,Failed to Yield Right-of-Way,Not Distracted,MD,Passenger Car,Entering Traffic Lane,30,No,2016,HONDA,HR-V,39.14020072,-77.20618367,2024,12,9
240060805,Injury Crash,12/20/2024 09:01:00 AM,NA,NA,"Sideswipe, Same Direction",Cloudy,Dry,Daylight,No Controls,NONE DETECTED,No,Possible Minor Injury,NA,Not Distracted,MD,Passenger Car,Moving Constant Speed,30,No,2025,HONDA,CIVIC,39.14020072,-77.20618367,2024,12,9
240060801,Property Damage Crash,12/20/2024 08:44:00 AM,DEMOCRACY BLVD,NA,Angle,Cloudy,Wet,Daylight,Yield Sign,NONE DETECTED,Yes,No Apparent Injury,NA,Not Distracted,MD,Passenger Car,Entering Traffic Lane,35,No,2020,TESLA,MODEL Y,39.02282248,-77.15092591,2024,12,8
240060801,Property Damage Crash,12/20/2024 08:44:00 AM,DEMOCRACY BLVD,NA,Angle,Cloudy,Wet,Daylight,No Controls,NONE DETECTED,No,No Apparent Injury,NA,Not Distracted,MD,Sport Utility Vehicle,Moving Constant Speed,35,No,2016,NISSAN,PATHFINDER,39.02282248,-77.15092591,2024,12,8
240060802,Property Damage Crash,12/20/2024 08:41:00 AM,NORBECK RD,NA,"Sideswipe, Same Direction",Cloudy,Wet,Daylight,Traffic Control Signal,NONE DETECTED,No,No Apparent Injury,NA,Not Distracted,MD,Single-Unit Truck,Moving Constant Speed,35,No,2007,SPARTAN MOTORS CHASS,RESCUE/UTILITY,39.1093516,-77.0766316,2024,12,8
240060802,Property Damage Crash,12/20/2024 08:41:00 AM,NORBECK RD,NA,"Sideswipe, Same Direction",Cloudy,Wet,Daylight,Traffic Control Signal,NONE DETECTED,No,No Apparent Injury,NA,Not Distracted,MD,Truck Tractor,Moving Constant Speed,35,No,2024,INTERNATIONAL,MV607,39.1093516,-77.0766316,2024,12,8
240060794,Property Damage Crash,12/20/2024 07:11:00 AM,GEORGIA AVE (SB/L),NA,Angle,Clear,Dry,Medium,No Controls,NONE DETECTED,No,NA,NA,NA,NA,Other,Entering Traffic Lane,25,No,2016,CHEVROLET,EXPRESS,39.04273882,-77.0521335,2024,12,7
240060794,Property Damage Crash,12/20/2024 07:11:00 AM,GEORGIA AVE (SB/L),NA,Angle,Clear,Dry,Medium,No Controls,NONE DETECTED,No,No Apparent Injury,NA,Not Distracted,MD,Bus - School,Moving Constant Speed,25,No,2015,FREIGHTLINER,B2 BUS CHASSIS,39.04273882,-77.0521335,2024,12,7
240060789,Property Damage Crash,12/20/2024 05:25:00 AM,NA,NA,Front to Rear,Clear,Dry,Medium,Flashing Traffic Control Signal,NONE DETECTED,No,No Apparent Injury,NA,Unknown,MD,Passenger Car,Moving Constant Speed,40,No,2022,NISSAN,ROGUE SPORT,39.21219605,-77.14270537,2024,12,5
240060789,Property Damage Crash,12/20/2024 05:25:00 AM,NA,NA,Front to Rear,Clear,Dry,Medium,Flashing Traffic Control Signal,NONE DETECTED,No,No Apparent Injury,NA,Unknown,MD,Van - Cargo,Moving Constant Speed,40,No,2020,NISSAN,NV,39.21219605,-77.14270537,2024,12,5
240060978,Property Damage Crash,12/20/2024 03:45:00 AM,FIELDCREST RD,NA,Single Vehicle,Clear,Dry,Dark,No Controls,NONE DETECTED,Yes,No Apparent Injury,NA,Unknown,MD,Passenger Car,Slowing or Stopping,50,No,2023,TOYOTA,CAMRY,39.18742131,-77.12650531,2024,12,3