Local Case Number,ACRS Report Type,Crash Date/Time,Road Name,Related Non-Motorist,Collision Type,Weather,Surface Condition,Light,Traffic Control,Driver Substance Abuse,Driver At Fault,Injury Severity,Circumstance,Driver Distracted By,Drivers License State,Vehicle Body Type,Vehicle Movement,Speed Limit,Driverless Vehicle,Vehicle Year,Vehicle Make,Vehicle Model,Latitude,Longitude,Year,Month,Hour
240060764,Property Damage Crash,12/19/2024 11:28:00 PM,BALTIMORE RD,NA,"Sideswipe, Same Direction",Clear,Dry,Medium,No Controls,ALCOHOL PRESENT,No,No Apparent Injury,"Failed to Keep in Proper Lane, Operated Motor Vehicle in Inattentive, Careless, Negligent, or Erratic Manner, Other Improper Action",Unknown,MD,Pickup,NA,30,No,2015,TOYOTA,TACOMA,39.08408783,-77.13302203,2024,12,23
240060754,Injury Crash,12/19/2024 10:20:00 PM,NA,Pedestrian,Unknown,Clear,Dry,Dark,No Controls,NONE DETECTED,Yes,No Apparent Injury,Other Improper Action,Unknown,MD,Passenger Car,Entering Traffic Lane,15,No,2018,JEEP,GRAND CHEROKEE,39.05452757,-77.05032035,2024,12,22
NA,Property Damage Crash,12/19/2024 09:45:00 PM,UNIVERSITY BLVD W,NA,Rear To Side,Clear,Dry,Medium,Traffic Control Signal,NONE DETECTED,No,No Apparent Injury,NA,Not Distracted,MD,Passenger Car,Changing Lanes,35,No,2011,CHEVROLET,EQUINOX,39.03639365,-77.03013565,2024,12,21
NA,Property Damage Crash,12/19/2024 09:45:00 PM,UNIVERSITY BLVD W,NA,Rear To Side,Clear,Dry,Medium,Traffic Control Signal,NONE DETECTED,No,No Apparent Injury,NA,Not Distracted,MD,Passenger Car,Stopped in Traffic,35,No,2014,FORD,ESCAPE,39.03639365,-77.03013565,2024,12,21
240060749,Property Damage Crash,12/19/2024 09:31:00 PM,FAIRVIEW RD,NA,Front to Rear,Clear,Dry,Medium,No Controls,ALCOHOL PRESENT,Yes,No Apparent Injury,NA,Unknown,VA,Passenger Car,Moving Constant Speed,25,No,2004,MERCEDES-BENZ,E-CLASS,39.00455792,-77.02569715,2024,12,21
240060731,Property Damage Crash,12/19/2024 08:34:00 PM,SANDY SPRING RD (WB/L),NA,Single Vehicle,Clear,Dry,Medium,No Controls,NONE DETECTED,Yes,No Apparent Injury,NA,"Other Action (looking away from task, etc.)",MD,Passenger Car,Moving Constant Speed,40,No,2011,HONDA,ACCORD,39.11161287,-76.92841092,2024,12,20
240060735,Injury Crash,12/19/2024 08:32:00 PM,EISENHOWER MEMORIAL HWY,Pedestrian,Single Vehicle,Clear,Dry,Medium,Pedestrian Crossing Sign,NONE DETECTED,No,No Apparent Injury,"Disregarded Other Traffic Sign, Failed to Yield Right-of-Way",Unknown,NA,Passenger Car,Accelerating,35,No,0,NA,NA,39.14051552,-77.21259119,2024,12,20
240060726,Property Damage Crash,12/19/2024 08:10:00 PM,NA,NA,Single Vehicle,Clear,NA,Medium,NA,NONE DETECTED,Yes,No Apparent Injury,Improper Backing,Not Distracted,MD,Other,Backing,0,No,2017,FORD,F-350,39.06751414,-77.161398,2024,12,20
240060725,Injury Crash,12/19/2024 07:55:00 PM,NA,NA,Front to Rear,Clear,Dry,Medium,Traffic Control Signal,NONE DETECTED,No,Possible Minor Injury,NA,Not Distracted,MD,Passenger Car,Stopped in Traffic,25,No,2017,NISSAN,ALTIMA,39.05617297,-76.9539546,2024,12,19
240060725,Injury Crash,12/19/2024 07:55:00 PM,NA,NA,Front to Rear,Clear,Dry,Medium,Traffic Control Signal,NONE DETECTED,No,NA,NA,NA,NA,NA,NA,25,No,0,NA,NA,39.05617297,-76.9539546,2024,12,19
240060724,Property Damage Crash,12/19/2024 07:48:00 PM,NA,NA,Unknown,Clear,NA,Medium,NA,NONE DETECTED,No,No Apparent Injury,NA,NA,NA,Van - Cargo,Parked,0,No,2017,NISSAN,NV200,38.99001188,-76.99020716,2024,12,19
240060724,Property Damage Crash,12/19/2024 07:48:00 PM,NA,NA,Unknown,Clear,NA,Medium,NA,NONE DETECTED,No,NA,NA,NA,NA,Unknown,NA,0,Unknown,2011,CHEVROLET,TRAVERSE,38.99001188,-76.99020716,2024,12,19
240060721,Property Damage Crash,12/19/2024 07:26:00 PM,ARCOLA AVE,NA,Rear To Side,Clear,Dry,Medium,Traffic Control Signal,NONE DETECTED,No,No Apparent Injury,NA,Unknown,MD,Passenger Car,Turning Left,35,No,2016,TOYOTA,CAMRY,39.03563669,-77.02586628,2024,12,19
240060721,Property Damage Crash,12/19/2024 07:26:00 PM,ARCOLA AVE,NA,Rear To Side,Clear,Dry,Medium,Traffic Control Signal,NONE DETECTED,No,No Apparent Injury,Other Improper Action,Unknown,MD,Passenger Car,Moving Constant Speed,35,No,2024,GMC,TERRAIN,39.03563669,-77.02586628,2024,12,19
240060716,Property Damage Crash,12/19/2024 07:05:00 PM,NA,NA,Angle,Clear,NA,Medium,NA,NONE DETECTED,No,No Apparent Injury,NA,Unknown,MD,Passenger Car,Moving Constant Speed,0,No,2010,MAZDA,MAZDA3,39.200506,-77.24984953,2024,12,19
240060716,Property Damage Crash,12/19/2024 07:05:00 PM,NA,NA,Angle,Clear,NA,Medium,NA,NONE DETECTED,No,No Apparent Injury,Disregarded Other Traffic Sign,Not Distracted,NC,Passenger Car,NA,0,No,2023,TOYOTA,COROLLA CROSS,39.200506,-77.24984953,2024,12,19
240060715,Property Damage Crash,12/19/2024 06:53:00 PM,NA,NA,"Sideswipe, Same Direction",Clear,NA,Medium,NA,ALCOHOL PRESENT,Yes,No Apparent Injury,NA,Unknown,MD,Pickup,Moving Constant Speed,0,No,2018,FORD,F-150,38.9650535,-77.13765483,2024,12,18
240060707,Injury Crash,12/19/2024 06:16:00 PM,RAMP 8 FR MD 650 SB TO US 29 WB,NA,Front to Rear,Clear,Dry,Medium,Yield Sign,NONE DETECTED,Yes,Possible Minor Injury,Followed Too Closely,"Other Action (looking away from task, etc.)",MD,Passenger Car,Slowing or Stopping,25,No,2017,HONDA,CIVIC,39.04441641,-76.99302512,2024,12,18
240060707,Injury Crash,12/19/2024 06:16:00 PM,RAMP 8 FR MD 650 SB TO US 29 WB,NA,Front to Rear,Clear,Dry,Medium,Yield Sign,NONE DETECTED,No,No Apparent Injury,NA,Not Distracted,MD,Passenger Car,Slowing or Stopping,25,No,2010,HONDA,FIT,39.04441641,-76.99302512,2024,12,18
240060704,Property Damage Crash,12/19/2024 06:04:00 PM,ORCHARD CIR (SB/L),NA,Angle,Clear,Dry,Medium,Stop Sign,NONE DETECTED,No,No Apparent Injury,NA,Not Distracted,FL,Passenger Car,Moving Constant Speed,15,No,2023,NISSAN,ALTIMA,39.04970683,-76.9475835,2024,12,18
240060704,Property Damage Crash,12/19/2024 06:04:00 PM,ORCHARD CIR (SB/L),NA,Angle,Clear,Dry,Medium,Stop Sign,NONE DETECTED,No,No Apparent Injury,Failed to Yield Right-of-Way,Not Distracted,MD,Passenger Car,Moving Constant Speed,15,No,2023,HYUNDAI,IONIQ 5,39.04970683,-76.9475835,2024,12,18
240060701,Injury Crash,12/19/2024 05:53:00 PM,N HORNERS LA,Pedestrian,Single Vehicle,Clear,Dry,Medium,No Controls,NONE DETECTED,No,No Apparent Injury,NA,Not Distracted,MD,Passenger Car,Accelerating,25,No,2007,HYUNDAI,TUCSON,39.0930761,-77.14371127,2024,12,17
240060703,Property Damage Crash,12/19/2024 05:52:00 PM,NA,NA,Single Vehicle,Cloudy,NA,Medium,NA,NONE DETECTED,Yes,No Apparent Injury,NA,Not Distracted,MD,Passenger Car,Negotiating a Curve,0,No,2023,CHEVROLET,BOLT EUV,39.1146141,-77.2346449,2024,12,17
240060720,Injury Crash,12/19/2024 05:39:00 PM,BROWNSTONE DR,NA,Rear To Side,Clear,Dry,Medium,No Controls,NONE DETECTED,Yes,No Apparent Injury,NA,"Other Action (looking away from task, etc.)",MD,Sport Utility Vehicle,Backing,25,No,2024,TOYOTA,RAV4 PRIME,39.10137964,-76.94920982,2024,12,17
240060720,Injury Crash,12/19/2024 05:39:00 PM,BROWNSTONE DR,NA,Rear To Side,Clear,Dry,Medium,No Controls,NONE DETECTED,No,Possible Minor Injury,NA,Not Distracted,MD,Passenger Car,Moving Constant Speed,25,No,2014,DODGE,CHARGER,39.10137964,-76.94920982,2024,12,17
240060696,Injury Crash,12/19/2024 05:25:00 PM,DEMOCRACY BLVD,NA,Angle,Clear,Dry,Medium,Traffic Control Signal,NONE DETECTED,No,Possible Minor Injury,NA,Not Distracted,MD,Passenger Car,Moving Constant Speed,45,No,2023,TOYOTA,CAMRY,39.02330772,-77.16232336,2024,12,17
240060696,Injury Crash,12/19/2024 05:25:00 PM,DEMOCRACY BLVD,NA,Angle,Clear,Dry,Medium,Traffic Control Signal,NONE DETECTED,Yes,Possible Minor Injury,NA,Not Distracted,MD,Passenger Car,Turning Left,35,No,2024,SUBARU,OUTBACK,39.02330772,-77.16232336,2024,12,17
240060695,Property Damage Crash,12/19/2024 05:17:00 PM,NEW HAMPSHIRE AVE,NA,Front to Rear,Clear,Dry,Medium,Traffic Control Signal,NONE DETECTED,No,No Apparent Injury,NA,Not Distracted,MD,Passenger Car,Stopped in Traffic,35,No,2015,TOYOTA,COROLLA,38.98259381,-76.98841935,2024,12,17
240060695,Property Damage Crash,12/19/2024 05:17:00 PM,NEW HAMPSHIRE AVE,NA,Front to Rear,Clear,Dry,Medium,Traffic Control Signal,NONE DETECTED,No,NA,NA,NA,NA,Sport Utility Vehicle,Backing,35,No,2009,SATURN,VUE,38.98259381,-76.98841935,2024,12,17
240060687,Injury Crash,12/19/2024 04:55:00 PM,NA,NA,Angle,Clear,Dry,Medium,Stop Sign,NONE DETECTED,No,Possible Minor Injury,NA,Unknown,MD,Passenger Car,Turning Left,30,No,2011,MERCEDES-BENZ,E-CLASS,39.01436889,-77.2034101,2024,12,16
240060687,Injury Crash,12/19/2024 04:55:00 PM,NA,NA,Angle,Clear,Dry,Medium,No Controls,NONE DETECTED,No,No Apparent Injury,NA,Unknown,MD,Van - Passenger (&lt;9 Seats),Moving Constant Speed,30,No,2002,DODGE,RAM VAN,39.01436889,-77.2034101,2024,12,16
240060684,Injury Crash,12/19/2024 04:52:00 PM,ROCKVILLE PIKE,NA,Front to Rear,Clear,Dry,Medium,No Controls,NONE DETECTED,No,No Apparent Injury,NA,Not Distracted,MD,Passenger Car,Stopped in Traffic,40,No,2021,SUBARU,WRX,39.03738017,-77.108066,2024,12,16
240060684,Injury Crash,12/19/2024 04:52:00 PM,ROCKVILLE PIKE,NA,Front to Rear,Clear,Dry,Medium,No Controls,NONE DETECTED,Yes,No Apparent Injury,NA,"Other Action (looking away from task, etc.)",MD,Sport Utility Vehicle,Accelerating,40,No,2015,MERCEDES-BENZ,ML-CLASS,39.03738017,-77.108066,2024,12,16
240060684,Injury Crash,12/19/2024 04:52:00 PM,ROCKVILLE PIKE,NA,Front to Rear,Clear,Dry,Medium,No Controls,NONE DETECTED,No,Possible Minor Injury,NA,Not Distracted,MD,Passenger Car,Stopped in Traffic,40,No,2020,HYUNDAI,ACCENT,39.03738017,-77.108066,2024,12,16
240060683,Injury Crash,12/19/2024 04:45:00 PM,CENTERWAY RD (WB/L),NA,Angle,Clear,Dry,Medium,Traffic Control Signal,NONE DETECTED,Yes,Possible Minor Injury,Ran Red Light,Unknown,MD,Passenger Car,Moving Constant Speed,35,No,2006,CHRYSLER,300,39.16947246,-77.19078236,2024,12,16
240060683,Injury Crash,12/19/2024 04:45:00 PM,CENTERWAY RD (WB/L),NA,Angle,Clear,Dry,Medium,Traffic Control Signal,NONE DETECTED,No,No Apparent Injury,NA,Not Distracted,MD,Sport Utility Vehicle,Turning Left,35,No,2021,CHEVROLET,TRAVERSE,39.16947246,-77.19078236,2024,12,16
240060680,Injury Crash,12/19/2024 04:15:00 PM,CAPITAL BELTWAY,NA,Front to Rear,Cloudy,Dry,Daylight,No Controls,NONE DETECTED,No,No Apparent Injury,NA,Not Distracted,MD,Bus - School,NA,55,No,2017,FREIGHTLINER,B2 BUS CHASSIS,38.98435983,-77.159396,2024,12,16
240060680,Injury Crash,12/19/2024 04:15:00 PM,CAPITAL BELTWAY,NA,Front to Rear,Cloudy,Dry,Daylight,No Controls,NONE DETECTED,No,No Apparent Injury,Followed Too Closely,"Other Action (looking away from task, etc.)",MD,Passenger Car,Moving Constant Speed,55,No,2021,TOYOTA,CAMRY,38.98435983,-77.159396,2024,12,16
240060678,Property Damage Crash,12/19/2024 04:04:00 PM,NA,NA,"Sideswipe, Opposite Direction",Cloudy,NA,Daylight,NA,NONE DETECTED,No,No Apparent Injury,NA,Not Distracted,MD,Bus - School,Parked,0,No,2019,FREIGHTLINER,B2 BUS CHASSIS,39.15026305,-77.29334527,2024,12,16
240060678,Property Damage Crash,12/19/2024 04:04:00 PM,NA,NA,"Sideswipe, Opposite Direction",Cloudy,NA,Daylight,NA,NONE DETECTED,No,No Apparent Injury,NA,Not Distracted,MD,Bus - School,Overtaking/Passing,0,No,2014,FREIGHTLINER,B2 BUS CHASSIS,39.15026305,-77.29334527,2024,12,16
240060670,Property Damage Crash,12/19/2024 03:30:00 PM,PARKLAND DR (NB/L),NA,Angle,Clear,Dry,Daylight,No Controls,NONE DETECTED,No,No Apparent Injury,NA,Not Distracted,MD,Passenger Car,Moving Constant Speed,35,No,2013,NISSAN,SENTRA,39.06494299,-77.0894223,2024,12,15
240060673,Property Damage Crash,12/19/2024 03:30:00 PM,NA,NA,"Sideswipe, Same Direction",Clear,Dry,Daylight,No Controls,NONE DETECTED,No,No Apparent Injury,NA,Not Distracted,MD,Passenger Car,Moving Constant Speed,35,No,2015,TOYOTA,COROLLA,38.992479,-77.00970783,2024,12,15
240060670,Property Damage Crash,12/19/2024 03:30:00 PM,PARKLAND DR (NB/L),NA,Angle,Clear,Dry,Daylight,Stop Sign,NONE DETECTED,Yes,No Apparent Injury,Failed to Yield Right-of-Way,Unknown,MD,Passenger Car,Turning Left,35,No,2016,TOYOTA,HIGHLANDER,39.06494299,-77.0894223,2024,12,15
240060673,Property Damage Crash,12/19/2024 03:30:00 PM,NA,NA,"Sideswipe, Same Direction",Clear,Dry,Daylight,No Controls,NONE DETECTED,No,No Apparent Injury,NA,Not Distracted,MD,Bus - Transit,Slowing or Stopping,35,No,2016,GILLIG,LOW FLOOR BUS,38.992479,-77.00970783,2024,12,15
240060665,Property Damage Crash,12/19/2024 03:27:00 PM,UNIVERSITY BLVD E (WB/L),NA,"Sideswipe, Same Direction",Clear,Dry,Daylight,Traffic Control Signal,NONE DETECTED,No,No Apparent Injury,NA,Not Distracted,MD,Passenger Car,Stopped in Traffic,35,No,2002,FORD,THUNDERBIRD,39.01941267,-77.0104255,2024,12,15
240060665,Property Damage Crash,12/19/2024 03:27:00 PM,UNIVERSITY BLVD E (WB/L),NA,"Sideswipe, Same Direction",Clear,Dry,Daylight,Traffic Control Signal,NONE DETECTED,Yes,No Apparent Injury,NA,Not Distracted,MD,Bus - School,Moving Constant Speed,35,No,2022,THOMAS BUILT,HDX,39.01941267,-77.0104255,2024,12,15
240061274,Property Damage Crash,12/19/2024 03:20:00 PM,NA,NA,"Sideswipe, Same Direction",Clear,NA,Daylight,NA,NONE DETECTED,No,No Apparent Injury,NA,Not Distracted,MD,Sport Utility Vehicle,Stopped in Traffic,0,No,2018,DODGE,JOURNEY,39.0181264,-77.01316992,2024,12,15
240061274,Property Damage Crash,12/19/2024 03:20:00 PM,NA,NA,"Sideswipe, Same Direction",Clear,NA,Daylight,NA,NONE DETECTED,No,No Apparent Injury,NA,Unknown,MD,Passenger Car,Overtaking/Passing,0,No,2023,TESLA,MODEL Y,39.0181264,-77.01316992,2024,12,15
240060668,Property Damage Crash,12/19/2024 02:24:00 PM,NEW HAMPSHIRE AVE (SB/L),NA,"Sideswipe, Opposite Direction",Clear,Dry,Daylight,No Controls,NONE DETECTED,No,No Apparent Injury,NA,Not Distracted,VA,Passenger Car,Moving Constant Speed,35,No,2023,NISSAN,SENTRA,39.02200654,-76.97750951,2024,12,14
240060668,Property Damage Crash,12/19/2024 02:24:00 PM,NEW HAMPSHIRE AVE (SB/L),NA,"Sideswipe, Opposite Direction",Clear,Dry,Daylight,No Controls,NONE DETECTED,Yes,No Apparent Injury,Failed to Yield Right-of-Way,Not Distracted,MD,Truck Tractor,Changing Lanes,35,No,2022,FREIGHTLINER,CASCADIA,39.02200654,-76.97750951,2024,12,14
240060651,Property Damage Crash,12/19/2024 01:38:00 PM,WHITTIER BLVD,NA,"Sideswipe, Same Direction",Clear,Dry,Daylight,No Controls,NONE DETECTED,Yes,No Apparent Injury,NA,Not Distracted,MD,Passenger Car,Overtaking/Passing,30,No,2024,VOLKSWAGEN,JETTA,38.98455194,-77.12643879,2024,12,13
240060651,Property Damage Crash,12/19/2024 01:38:00 PM,WHITTIER BLVD,NA,"Sideswipe, Same Direction",Clear,Dry,Daylight,No Controls,NONE DETECTED,No,No Apparent Injury,NA,Not Distracted,MD,Pickup,Moving Constant Speed,30,No,2012,TOYOTA,TACOMA,38.98455194,-77.12643879,2024,12,13
240060643,Property Damage Crash,12/19/2024 12:57:00 PM,NA,NA,Front to Rear,Clear,Dry,Daylight,Traffic Control Signal,NONE DETECTED,No,No Apparent Injury,NA,Not Distracted,MD,Passenger Car,Moving Constant Speed,30,No,2016,MINI,HARDTOP,38.99142159,-77.09679446,2024,12,12
240060643,Property Damage Crash,12/19/2024 12:57:00 PM,NA,NA,Front to Rear,Clear,Dry,Daylight,Traffic Control Signal,NONE DETECTED,No,No Apparent Injury,NA,Not Distracted,MD,Passenger Car,Changing Lanes,30,No,2014,FORD,TAURUS,38.99142159,-77.09679446,2024,12,12
240060630,Property Damage Crash,12/19/2024 12:18:00 PM,NA,NA,"Sideswipe, Opposite Direction",Clear,NA,Daylight,NA,NONE DETECTED,No,NA,NA,NA,NA,Passenger Car,Moving Constant Speed,0,No,2022,MERCEDES-BENZ,CLA-CLASS,39.02303017,-77.14652326,2024,12,12
240060630,Property Damage Crash,12/19/2024 12:18:00 PM,NA,NA,"Sideswipe, Opposite Direction",Clear,NA,Daylight,NA,NONE DETECTED,No,No Apparent Injury,NA,Not Distracted,MD,Passenger Car,Slowing or Stopping,0,No,2009,MERCEDES-BENZ,C-CLASS,39.02303017,-77.14652326,2024,12,12
240060636,Property Damage Crash,12/19/2024 12:10:00 PM,CONNECTICUT AVE,NA,"Sideswipe, Same Direction",Clear,Dry,Daylight,No Controls,NONE DETECTED,No,No Apparent Injury,NA,Not Distracted,MD,Pickup,Moving Constant Speed,35,No,2020,HONDA,RIDGELINE,38.97665696,-77.07713141,2024,12,12
240060636,Property Damage Crash,12/19/2024 12:10:00 PM,CONNECTICUT AVE,NA,"Sideswipe, Same Direction",Clear,Dry,Daylight,No Controls,NONE DETECTED,No,No Apparent Injury,NA,Unknown,NA,Sport Utility Vehicle,Moving Constant Speed,35,No,2012,TOYOTA,HIGHLANDER,38.97665696,-77.07713141,2024,12,12
240060621,Property Damage Crash,12/19/2024 12:03:00 PM,NA,NA,Other,Clear,NA,Daylight,NA,NONE DETECTED,No,No Apparent Injury,NA,Not Distracted,MD,Sport Utility Vehicle,Parked,0,No,2022,MERCEDES-BENZ,GLE-CLASS,38.99555955,-77.07781319,2024,12,12
240060621,Property Damage Crash,12/19/2024 12:03:00 PM,NA,NA,Other,Clear,NA,Daylight,NA,NONE DETECTED,Yes,No Apparent Injury,Improper Backing,Not Distracted,MD,Sport Utility Vehicle,Backing,0,No,2024,DODGE,DURANGO,38.99555955,-77.07781319,2024,12,12
240060616,Property Damage Crash,12/19/2024 11:40:00 AM,RAMP 6 FR WATKINS MILL RD TO IS 270 SB,NA,Angle,Cloudy,Dry,Daylight,Traffic Control Signal,NONE DETECTED,Yes,No Apparent Injury,Ran Red Light,Not Distracted,MD,Pickup,Moving Constant Speed,35,No,2008,NISSAN,FRONTIER,39.15605273,-77.22597763,2024,12,11
240060616,Property Damage Crash,12/19/2024 11:40:00 AM,RAMP 6 FR WATKINS MILL RD TO IS 270 SB,NA,Angle,Cloudy,Dry,Daylight,Traffic Control Signal,NONE DETECTED,No,No Apparent Injury,NA,Not Distracted,FL,Passenger Car,Turning Left,35,No,2022,VOLKSWAGEN,TIGUAN,39.15605273,-77.22597763,2024,12,11
240060617,Injury Crash,12/19/2024 11:39:00 AM,GREENLY ST,NA,Angle,Clear,Dry,Daylight,No Controls,NONE DETECTED,No,Possible Minor Injury,NA,Not Distracted,MD,Van - Cargo,Moving Constant Speed,25,No,2011,CHEVROLET,EXPRESS,39.06153609,-77.07545968,2024,12,11
240060617,Injury Crash,12/19/2024 11:39:00 AM,GREENLY ST,NA,Angle,Clear,Dry,Daylight,Stop Sign,NONE DETECTED,Yes,Possible Minor Injury,NA,Not Distracted,MD,Passenger Car,Accelerating,25,No,2019,TOYOTA,RAV4,39.06153609,-77.07545968,2024,12,11
240060629,Property Damage Crash,12/19/2024 11:30:00 AM,NA,NA,Single Vehicle,Cloudy,NA,Daylight,NA,NONE DETECTED,Yes,No Apparent Injury,NA,Not Distracted,MD,Sport Utility Vehicle,Backing,0,No,2021,FORD,EXPLORER,39.18431667,-77.26345,2024,12,11
240060598,Property Damage Crash,12/19/2024 10:00:00 AM,COLUMBIA PIKE,NA,Front to Rear,Clear,Dry,Daylight,No Controls,NONE DETECTED,No,No Apparent Injury,NA,Not Distracted,MD,Other,Slowing or Stopping,50,No,2010,CHEVROLET,EXPRESS,39.04900344,-76.98309135,2024,12,10
240060611,Injury Crash,12/19/2024 10:00:00 AM,NA,Pedestrian,Single Vehicle,Clear,Dry,Daylight,Traffic Control Signal,NONE DETECTED,No,NA,NA,NA,NA,Unknown,Moving Constant Speed,25,No,2022,TOYOTA,COROLLA,39.14985734,-77.20905439,2024,12,10
240060598,Property Damage Crash,12/19/2024 10:00:00 AM,COLUMBIA PIKE,NA,Front to Rear,Clear,Dry,Daylight,No Controls,NONE DETECTED,No,No Apparent Injury,NA,Not Distracted,MD,Sport Utility Vehicle,Slowing or Stopping,50,No,2015,LEXUS,RX,39.04900344,-76.98309135,2024,12,10
240060602,Property Damage Crash,12/19/2024 09:48:00 AM,BUSH HILL RD,NA,"Sideswipe, Same Direction",Clear,Dry,Daylight,Stop Sign,NONE DETECTED,Yes,No Apparent Injury,NA,Not Distracted,MD,Pickup,Turning Left,25,No,2022,CHEVROLET,SILVERADO LTD,39.25068133,-77.20026167,2024,12,9
240060602,Property Damage Crash,12/19/2024 09:48:00 AM,BUSH HILL RD,NA,"Sideswipe, Same Direction",Clear,Dry,Daylight,Stop Sign,NONE DETECTED,No,No Apparent Injury,NA,Not Distracted,MD,Other Trucks,Moving Constant Speed,25,No,1994,FORD,F-350,39.25068133,-77.20026167,2024,12,9
240060594,Property Damage Crash,12/19/2024 08:40:00 AM,RAMP 10 FR US 29 SB TO FAIRLAND RD WB,NA,Front to Rear,Clear,Dry,Daylight,Stop Sign,NONE DETECTED,No,No Apparent Injury,NA,Not Distracted,MD,Passenger Car,Stopped in Traffic,40,No,2016,TOYOTA,COROLLA,39.07528817,-76.956026,2024,12,8
240060594,Property Damage Crash,12/19/2024 08:40:00 AM,RAMP 10 FR US 29 SB TO FAIRLAND RD WB,NA,Front to Rear,Clear,Dry,Daylight,Stop Sign,NONE DETECTED,Yes,No Apparent Injury,"Operated Motor Vehicle in Inattentive, Careless, Negligent, or Erratic Manner",Not Distracted,MD,Passenger Car,Slowing or Stopping,40,No,2013,HONDA,CIVIC,39.07528817,-76.956026,2024,12,8
240060586,Property Damage Crash,12/19/2024 08:39:00 AM,NA,NA,Rear To Rear,Clear,NA,Daylight,NA,NONE DETECTED,Yes,No Apparent Injury,Failed to Keep in Proper Lane,Unknown,MD,Passenger Car,Backing,0,No,2022,FORD,MUSTANG MACH-E,39.11879149,-77.2503691,2024,12,8
240060588,Property Damage Crash,12/19/2024 08:36:00 AM,GEORGIA AVE (SB/L),NA,Single Vehicle,Clear,Wet,Daylight,No Controls,NONE DETECTED,No,No Apparent Injury,Ran Off Roadway,"Other Action (looking away from task, etc.)",MD,Passenger Car,Moving Constant Speed,30,No,2017,SUBARU,FORESTER,39.21760233,-77.061238,2024,12,8
240060582,Property Damage Crash,12/19/2024 08:30:00 AM,OLDE TOWNE AVE,NA,Rear To Side,Clear,Dry,Daylight,Stop Sign,NONE DETECTED,No,No Apparent Injury,NA,Not Distracted,FL,Passenger Car,Moving Constant Speed,20,No,2018,TOYOTA,CAMRY,39.14041867,-77.19337984,2024,12,8
240060582,Property Damage Crash,12/19/2024 08:30:00 AM,OLDE TOWNE AVE,NA,Rear To Side,Clear,Dry,Daylight,Stop Sign,NONE DETECTED,No,No Apparent Injury,NA,Unknown,MD,Sport Utility Vehicle,Turning Left,20,No,2024,VOLKSWAGEN,TAOS,39.14041867,-77.19337984,2024,12,8
24002631,Property Damage Crash,12/19/2024 07:50:00 AM,NA,NA,"Sideswipe, Opposite Direction",Clear,Dry,Daylight,No Controls,NONE DETECTED,No,No Apparent Injury,NA,NA,NA,Pickup,NA,35,No,0,NA,NA,39.25509053,-77.25153614,2024,12,7
24002631,Property Damage Crash,12/19/2024 07:50:00 AM,NA,NA,"Sideswipe, Opposite Direction",Clear,Dry,Daylight,No Controls,NONE DETECTED,No,No Apparent Injury,NA,Not Distracted,MD,Pickup,NA,35,No,2016,FORD,F-250,39.25509053,-77.25153614,2024,12,7
240060579,Property Damage Crash,12/19/2024 07:43:00 AM,RICHTER FARM RD,NA,Angle,Clear,Dry,Daylight,No Controls,NONE DETECTED,Yes,No Apparent Injury,Failed to Yield Right-of-Way,Not Distracted,MD,Passenger Car,Entering Traffic Lane,35,No,2015,FORD,EXPLORER,39.15072625,-77.28068246,2024,12,7
240060579,Property Damage Crash,12/19/2024 07:43:00 AM,RICHTER FARM RD,NA,Angle,Clear,Dry,Daylight,No Controls,NONE DETECTED,No,No Apparent Injury,NA,Not Distracted,MD,Passenger Car,Moving Constant Speed,35,No,2010,HONDA,ELEMENT,39.15072625,-77.28068246,2024,12,7
240060576,Property Damage Crash,12/19/2024 07:17:00 AM,NA,NA,Front to Rear,Clear,Dry,Daylight,No Controls,NONE DETECTED,No,No Apparent Injury,NA,Not Distracted,MD,Passenger Car,Slowing or Stopping,50,No,2019,LEXUS,ES,39.12702249,-77.23559542,2024,12,7