Local Case Number,ACRS Report Type,Crash Date/Time,Road Name,Related Non-Motorist,Collision Type,Weather,Surface Condition,Light,Traffic Control,Driver Substance Abuse,Driver At Fault,Injury Severity,Circumstance,Driver Distracted By,Drivers License State,Vehicle Body Type,Vehicle Movement,Speed Limit,Driverless Vehicle,Vehicle Year,Vehicle Make,Vehicle Model,Latitude,Longitude,Year,Month,Hour
240060576,Property Damage Crash,12/19/2024 07:17:00 AM,NA,NA,Front to Rear,Clear,Dry,Daylight,No Controls,NONE DETECTED,No,No Apparent Injury,NA,Not Distracted,MD,Passenger Car,Stopped in Traffic,50,No,2016,TOYOTA,HIGHLANDER,39.12702249,-77.23559542,2024,12,7
240060576,Property Damage Crash,12/19/2024 07:17:00 AM,NA,NA,Front to Rear,Clear,Dry,Daylight,No Controls,NONE DETECTED,Yes,No Apparent Injury,NA,Not Distracted,MD,Passenger Car,Slowing or Stopping,50,No,2018,HONDA,CLARITY,39.12702249,-77.23559542,2024,12,7
240060576,Property Damage Crash,12/19/2024 07:17:00 AM,NA,NA,Front to Rear,Clear,Dry,Daylight,No Controls,NONE DETECTED,No,No Apparent Injury,NA,Not Distracted,MD,Passenger Car,Stopped in Traffic,50,No,2007,MAZDA,MAZDA6,39.12702249,-77.23559542,2024,12,7
240060565,Property Damage Crash,12/19/2024 03:45:00 AM,EAST GATE DR,NA,Angle,Clear,Wet,Medium,No Controls,NONE DETECTED,Yes,No Apparent Injury,NA,Not Distracted,MD,Passenger Car,Turning Left,35,No,2010,FORD,E-350,39.08569542,-77.04582447,2024,12,3
240060565,Property Damage Crash,12/19/2024 03:45:00 AM,EAST GATE DR,NA,Angle,Clear,Wet,Medium,No Controls,NONE DETECTED,No,No Apparent Injury,NA,Not Distracted,MD,Passenger Car,Moving Constant Speed,35,No,2012,HONDA,CIVIC,39.08569542,-77.04582447,2024,12,3
240060552,Injury Crash,12/18/2024 11:00:00 PM,NEW HAMPSHIRE AVE SER RD,NA,Front to Rear,Rain,Wet,Medium,No Controls,NONE DETECTED,No,Possible Minor Injury,NA,Not Distracted,MD,Passenger Car,Slowing or Stopping,40,No,2002,FORD,TAURUS,39.01368444,-76.97819366,2024,12,23
240060552,Injury Crash,12/18/2024 11:00:00 PM,NEW HAMPSHIRE AVE SER RD,NA,Front to Rear,Rain,Wet,Medium,No Controls,NONE DETECTED,No,NA,NA,NA,NA,NA,NA,40,No,0,NA,NA,39.01368444,-76.97819366,2024,12,23
240060552,Injury Crash,12/18/2024 11:00:00 PM,NEW HAMPSHIRE AVE SER RD,NA,Front to Rear,Rain,Wet,Medium,No Controls,NONE DETECTED,No,No Apparent Injury,NA,Not Distracted,MD,Pickup,Slowing or Stopping,40,No,2010,FORD,RANGER,39.01368444,-76.97819366,2024,12,23
240060545,Property Damage Crash,12/18/2024 10:22:00 PM,NEW HAMPSHIRE AVE (SB/L),NA,Single Vehicle,Rain,Wet,Dark,Traffic Control Signal,NONE DETECTED,Yes,No Apparent Injury,NA,Not Distracted,MD,Passenger Car,Making U-Turn,40,No,2017,FORD,C-MAX,39.03690211,-76.98938902,2024,12,22
240060549,Property Damage Crash,12/18/2024 10:13:00 PM,SAM EIG HWY (SB/L),NA,Single Vehicle,Rain,Wet,Medium,Traffic Control Signal,NONE DETECTED,No,No Apparent Injury,"Ran Off Roadway, Too Fast For Conditions",Unknown,NA,Passenger Car,NA,50,No,2020,HONDA,FIT,39.10848903,-77.21245184,2024,12,22
240060544,Property Damage Crash,12/18/2024 09:17:00 PM,TATANI DR,NA,Single Vehicle,Rain,Wet,Dark,No Controls,NONE DETECTED,No,No Apparent Injury,NA,Not Distracted,MD,Passenger Car,Negotiating a Curve,25,No,2016,SUBARU,FORESTER,39.15755667,-77.29459,2024,12,21
240060541,Property Damage Crash,12/18/2024 08:02:00 PM,POOKS HILL RD,NA,"Sideswipe, Same Direction",Rain,Wet,Medium,Stop Sign,NONE DETECTED,No,No Apparent Injury,NA,Unknown,MD,Bus - Transit,Turning Left,25,No,2016,GILLIG,CITY TRANSIT BUS,39.01497272,-77.10745363,2024,12,20
240060541,Property Damage Crash,12/18/2024 08:02:00 PM,POOKS HILL RD,NA,"Sideswipe, Same Direction",Rain,Wet,Medium,Stop Sign,NONE DETECTED,No,No Apparent Injury,NA,Unknown,MD,Passenger Car,Turning Left,25,No,2019,HONDA,CIVIC,39.01497272,-77.10745363,2024,12,20
240060536,Property Damage Crash,12/18/2024 07:48:00 PM,CARROLTON RD,NA,"Sideswipe, Same Direction",Rain,Wet,Medium,No Controls,NONE DETECTED,Yes,No Apparent Injury,NA,Unknown,MD,Passenger Car,Moving Constant Speed,15,No,2023,CHEVROLET,EQUINOX,39.10213094,-77.08636119,2024,12,19
240060536,Property Damage Crash,12/18/2024 07:48:00 PM,CARROLTON RD,NA,"Sideswipe, Same Direction",Rain,Wet,Medium,Stop Sign,NONE DETECTED,Yes,No Apparent Injury,NA,Unknown,MD,Passenger Car,Turning Right,15,No,2020,HONDA,CR-V,39.10213094,-77.08636119,2024,12,19
240060535,Property Damage Crash,12/18/2024 07:38:00 PM,EAST WEST HWY,NA,Front to Rear,Rain,Wet,Medium,Traffic Control Signal,NONE DETECTED,Yes,No Apparent Injury,NA,Unknown,MD,Passenger Car,Moving Constant Speed,35,No,2009,FORD,FOCUS,38.99315175,-77.06357708,2024,12,19
240060535,Property Damage Crash,12/18/2024 07:38:00 PM,EAST WEST HWY,NA,Front to Rear,Rain,Wet,Medium,Traffic Control Signal,NONE DETECTED,No,No Apparent Injury,NA,Not Distracted,MD,Passenger Car,Stopped in Traffic,35,No,2018,TOYOTA,C-HR,38.99315175,-77.06357708,2024,12,19
240060533,Injury Crash,12/18/2024 07:17:00 PM,APARTMENT CUT THRU CUT,NA,Rear To Side,Rain,Wet,Medium,Stop Sign,NONE DETECTED,No,Possible Minor Injury,NA,Not Distracted,MD,Passenger Car,Turning Left,25,No,2017,TOYOTA,RAV4,39.0374085,-77.02661567,2024,12,19
240060533,Injury Crash,12/18/2024 07:17:00 PM,APARTMENT CUT THRU CUT,NA,Rear To Side,Rain,Wet,Medium,Stop Sign,NONE DETECTED,Yes,No Apparent Injury,Failed to Yield Right-of-Way,Unknown,MD,Pickup,Moving Constant Speed,25,No,2023,RAM,2500,39.0374085,-77.02661567,2024,12,19
240060532,Injury Crash,12/18/2024 07:06:00 PM,KENDALL ST,Pedestrian,Single Vehicle,Rain,Wet,Medium,Stop Sign,NONE DETECTED,Yes,No Apparent Injury,Failed to Yield Right-of-Way,Not Distracted,MD,Passenger Car,Moving Constant Speed,25,No,2017,TOYOTA,COROLLA,39.05740066,-77.06072598,2024,12,19
240060530,Injury Crash,12/18/2024 06:57:00 PM,INDIANOLA DR,Pedestrian,Single Vehicle,Rain,Wet,Medium,Traffic Control Signal,NONE DETECTED,Yes,No Apparent Injury,NA,Unknown,FL,Passenger Car,Turning Left,35,No,2017,BMW,X5,39.11466397,-77.1559358,2024,12,18
240060528,Property Damage Crash,12/18/2024 06:40:00 PM,SEMINARY RD,NA,Front to Rear,Rain,Wet,Dark,Traffic Control Signal,NONE DETECTED,Yes,No Apparent Injury,NA,Not Distracted,VA,Passenger Car,Slowing or Stopping,30,No,2018,TOYOTA,COROLLA,39.0142025,-77.05426183,2024,12,18
240060528,Property Damage Crash,12/18/2024 06:40:00 PM,SEMINARY RD,NA,Front to Rear,Rain,Wet,Dark,Traffic Control Signal,NONE DETECTED,No,No Apparent Injury,NA,Not Distracted,MD,Sport Utility Vehicle,Stopped in Traffic,30,No,2024,LEXUS,RZ,39.0142025,-77.05426183,2024,12,18
240060528,Property Damage Crash,12/18/2024 06:40:00 PM,SEMINARY RD,NA,Front to Rear,Rain,Wet,Dark,Traffic Control Signal,NONE DETECTED,No,No Apparent Injury,NA,Not Distracted,MD,Sport Utility Vehicle,Stopped in Traffic,30,No,2019,TOYOTA,HIGHLANDER,39.0142025,-77.05426183,2024,12,18
240060517,Injury Crash,12/18/2024 06:32:00 PM,COLESVILLE RD,NA,Front to Front,Clear,Dry,Dark,No Controls,NONE DETECTED,No,Possible Minor Injury,NA,Not Distracted,MD,Passenger Car,Moving Constant Speed,35,No,2010,HONDA,CR-V,39.016985,-77.01572017,2024,12,18
240060517,Injury Crash,12/18/2024 06:32:00 PM,COLESVILLE RD,NA,Front to Front,Clear,Dry,Dark,No Controls,NONE DETECTED,Yes,No Apparent Injury,NA,Not Distracted,MD,Passenger Car,Moving Constant Speed,35,No,2019,HONDA,CIVIC,39.016985,-77.01572017,2024,12,18
240060523,Property Damage Crash,12/18/2024 06:24:00 PM,FREDERICK RD,NA,"Sideswipe, Opposite Direction",Clear,Wet,Medium,No Controls,NONE DETECTED,No,NA,NA,NA,NA,Passenger Car,NA,25,No,0,NA,NA,39.14489884,-77.20275516,2024,12,18
240060523,Property Damage Crash,12/18/2024 06:24:00 PM,FREDERICK RD,NA,"Sideswipe, Opposite Direction",Clear,Wet,Medium,No Controls,NONE DETECTED,No,No Apparent Injury,NA,Not Distracted,MD,Passenger Car,Moving Constant Speed,20,No,2016,FORD,EXPLORER,39.14489884,-77.20275516,2024,12,18
240060521,Injury Crash,12/18/2024 06:08:00 PM,BRADLEY BLVD,NA,Front to Rear,Rain,Wet,Medium,Traffic Control Signal,NONE DETECTED,No,Possible Minor Injury,NA,Unknown,DC,Passenger Car,Slowing or Stopping,35,No,2013,HONDA,ACCORD,38.98524283,-77.11516233,2024,12,18
240060521,Injury Crash,12/18/2024 06:08:00 PM,BRADLEY BLVD,NA,Front to Rear,Rain,Wet,Medium,Traffic Control Signal,NONE DETECTED,No,No Apparent Injury,NA,Unknown,MD,Sport Utility Vehicle,Stopped in Traffic,35,No,2022,HYUNDAI,SANTA FE,38.98524283,-77.11516233,2024,12,18
240060521,Injury Crash,12/18/2024 06:08:00 PM,BRADLEY BLVD,NA,Front to Rear,Rain,Wet,Medium,Traffic Control Signal,NONE DETECTED,No,No Apparent Injury,NA,Not Distracted,MD,Passenger Car,Stopped in Traffic,35,No,2021,HONDA,ACCORD,38.98524283,-77.11516233,2024,12,18
240060540,Property Damage Crash,12/18/2024 06:00:00 PM,CONNECTICUT AVE,NA,"Sideswipe, Same Direction",Rain,Wet,Medium,Traffic Control Signal,NONE DETECTED,Yes,No Apparent Injury,Other Improper Action,Not Distracted,MD,Passenger Car,Moving Constant Speed,35,No,2003,LEXUS,GX,39.07891617,-77.08079567,2024,12,18
240060540,Property Damage Crash,12/18/2024 06:00:00 PM,CONNECTICUT AVE,NA,"Sideswipe, Same Direction",Rain,Wet,Medium,Traffic Control Signal,NONE DETECTED,No,No Apparent Injury,NA,Not Distracted,MD,Passenger Car,Moving Constant Speed,35,No,2020,ACURA,ILX,39.07891617,-77.08079567,2024,12,18
240060508,Property Damage Crash,12/18/2024 05:45:00 PM,CLARKSBURG RD,NA,Single Vehicle,Clear,Dry,Medium,No Controls,NONE DETECTED,Yes,No Apparent Injury,"Ran Off Roadway, Too Fast For Conditions",Unknown,MD,Passenger Car,Moving Constant Speed,35,No,2016,HYUNDAI,SONATA,39.25137566,-77.27594163,2024,12,17
240060497,Property Damage Crash,12/18/2024 04:28:00 PM,NA,NA,Unknown,Clear,NA,Daylight,NA,NONE DETECTED,No,No Apparent Injury,NA,Not Distracted,MD,Passenger Car,Parked,0,No,2017,HONDA,CIVIC,39.14789542,-77.21422163,2024,12,16
240060497,Property Damage Crash,12/18/2024 04:28:00 PM,NA,NA,Unknown,Clear,NA,Daylight,NA,NONE DETECTED,No,NA,NA,NA,NA,Unknown,NA,0,No,0,NA,NA,39.14789542,-77.21422163,2024,12,16
240060488,Injury Crash,12/18/2024 04:00:00 PM,STEDWICK RD,NA,"Sideswipe, Same Direction",Clear,Dry,Daylight,No Controls,NONE DETECTED,Yes,Possible Minor Injury,Failed to Yield Right-of-Way,Unknown,MD,Passenger Car,Entering Traffic Lane,35,No,2013,LEXUS,GS,39.17059869,-77.20960629,2024,12,16
240060488,Injury Crash,12/18/2024 04:00:00 PM,STEDWICK RD,NA,"Sideswipe, Same Direction",Clear,Dry,Daylight,No Controls,NONE DETECTED,No,No Apparent Injury,NA,Not Distracted,TX,Passenger Car,Moving Constant Speed,35,No,2008,TOYOTA,CAMRY,39.17059869,-77.20960629,2024,12,16
240060488,Injury Crash,12/18/2024 04:00:00 PM,STEDWICK RD,NA,"Sideswipe, Same Direction",Clear,Dry,Daylight,No Controls,NONE DETECTED,No,No Apparent Injury,NA,Not Distracted,MD,Passenger Car,Moving Constant Speed,35,No,2019,LEXUS,UX,39.17059869,-77.20960629,2024,12,16
240060494,Property Damage Crash,12/18/2024 03:53:00 PM,NA,NA,Other,Cloudy,Dry,Daylight,No Controls,NONE DETECTED,Yes,No Apparent Injury,NA,Not Distracted,MD,Bus - Transit,Overtaking/Passing,5,No,2023,CHEVROLET,EXPRESS,39.1893593,-77.26897292,2024,12,15
240060494,Property Damage Crash,12/18/2024 03:53:00 PM,NA,NA,Other,Cloudy,Dry,Daylight,No Controls,NONE DETECTED,No,No Apparent Injury,NA,Not Distracted,MD,Bus - School,Parked,5,No,2018,FREIGHTLINER,B2 BUS CHASSIS,39.1893593,-77.26897292,2024,12,15
240060482,Property Damage Crash,12/18/2024 03:15:00 PM,SHERWOOD HS ENT,NA,"Sideswipe, Same Direction",Clear,Dry,Daylight,No Controls,NONE DETECTED,No,No Apparent Injury,NA,Not Distracted,MD,Passenger Car,Accelerating,5,No,2006,FORD,MUSTANG,39.14887417,-77.01740133,2024,12,15
240060482,Property Damage Crash,12/18/2024 03:15:00 PM,SHERWOOD HS ENT,NA,"Sideswipe, Same Direction",Clear,Dry,Daylight,No Controls,NONE DETECTED,No,No Apparent Injury,NA,Not Distracted,MD,Bus - School,Turning Left,5,No,2021,THOMAS BUILT,HDX,39.14887417,-77.01740133,2024,12,15
240060484,Property Damage Crash,12/18/2024 03:06:00 PM,CONNECTICUT AVE,NA,Front to Rear,Cloudy,Dry,Daylight,"Other Pavement Marking (excluding edgelines, centerlines, or lane lines)",NONE DETECTED,Yes,No Apparent Injury,Followed Too Closely,Not Distracted,DE,Passenger Car,Slowing or Stopping,35,No,2024,TOYOTA,CAMRY,39.02696176,-77.07669547,2024,12,15
240060484,Property Damage Crash,12/18/2024 03:06:00 PM,CONNECTICUT AVE,NA,Front to Rear,Cloudy,Dry,Daylight,"Other Pavement Marking (excluding edgelines, centerlines, or lane lines)",NONE DETECTED,No,No Apparent Injury,NA,Not Distracted,MD,Passenger Car,Slowing or Stopping,35,No,2021,TOYOTA,COROLLA,39.02696176,-77.07669547,2024,12,15
240060484,Property Damage Crash,12/18/2024 03:06:00 PM,CONNECTICUT AVE,NA,Front to Rear,Cloudy,Dry,Daylight,"Other Pavement Marking (excluding edgelines, centerlines, or lane lines)",NONE DETECTED,No,No Apparent Injury,NA,Not Distracted,MD,Other,Slowing or Stopping,35,No,2022,MIG TRAILERS,MIG TRAILERS,39.02696176,-77.07669547,2024,12,15
24002629,Property Damage Crash,12/18/2024 02:49:00 PM,NO NAME,NA,Front to Rear,Clear,Dry,Daylight,No Controls,NONE DETECTED,No,No Apparent Injury,NA,Not Distracted,MD,Pickup,Moving Constant Speed,55,No,2021,FORD,F-450,39.02499963,-77.14166482,2024,12,14
24002629,Property Damage Crash,12/18/2024 02:49:00 PM,NO NAME,NA,Front to Rear,Clear,Dry,Daylight,No Controls,NONE DETECTED,No,No Apparent Injury,NA,Not Distracted,MD,Passenger Car,Changing Lanes,55,No,2017,NISSAN,ROGUE SPORT,39.02499963,-77.14166482,2024,12,14
240060480,Property Damage Crash,12/18/2024 02:40:00 PM,ASHLEY DR,NA,"Sideswipe, Same Direction",Clear,Dry,Daylight,No Controls,NONE DETECTED,No,No Apparent Injury,NA,Unknown,MD,Sport Utility Vehicle,Moving Constant Speed,25,No,2023,FORD,EXPEDITION,39.04172283,-77.0910935,2024,12,14
240060480,Property Damage Crash,12/18/2024 02:40:00 PM,ASHLEY DR,NA,"Sideswipe, Same Direction",Clear,Dry,Daylight,No Controls,NONE DETECTED,No,NA,NA,NA,NA,Van - Cargo,Parked,25,No,2018,RAM,PROMASTER 2500,39.04172283,-77.0910935,2024,12,14
240060470,Property Damage Crash,12/18/2024 02:30:00 PM,NA,NA,Front to Rear,Clear,Dry,Daylight,Traffic Control Signal,DRUG AND ALCOHOL CONTRIBUTED,Yes,No Apparent Injury,"Operated Motor Vehicle in Inattentive, Careless, Negligent, or Erratic Manner","Other Action (looking away from task, etc.)",NA,Passenger Car,Moving Constant Speed,45,No,2007,DODGE,CARAVAN/GRAND CARAVAN,39.15035862,-77.06673902,2024,12,14
240060470,Property Damage Crash,12/18/2024 02:30:00 PM,NA,NA,Front to Rear,Clear,Dry,Daylight,Traffic Control Signal,NONE DETECTED,No,No Apparent Injury,NA,Not Distracted,MD,Passenger Car,Stopped in Traffic,45,No,2021,VOLVO,XC90,39.15035862,-77.06673902,2024,12,14
240060468,Property Damage Crash,12/18/2024 02:24:00 PM,NA,NA,Angle,Cloudy,NA,Daylight,NA,NONE DETECTED,No,No Apparent Injury,NA,Not Distracted,MD,Passenger Car,Moving Constant Speed,0,No,2017,HONDA,ACCORD,39.13028398,-77.16744391,2024,12,14
240060468,Property Damage Crash,12/18/2024 02:24:00 PM,NA,NA,Angle,Cloudy,NA,Daylight,NA,NONE DETECTED,Yes,No Apparent Injury,NA,Unknown,MD,Passenger Car,Moving Constant Speed,0,No,2016,CADILLAC,SRX,39.13028398,-77.16744391,2024,12,14
240060493,Property Damage Crash,12/18/2024 01:48:00 PM,NA,NA,Rear To Side,Clear,NA,Daylight,NA,NONE DETECTED,No,No Apparent Injury,NA,Not Distracted,MD,Passenger Car,Parked,0,No,2021,TOYOTA,COROLLA,39.03862233,-77.0512705,2024,12,13
240060493,Property Damage Crash,12/18/2024 01:48:00 PM,NA,NA,Rear To Side,Clear,NA,Daylight,NA,NONE DETECTED,No,No Apparent Injury,Other Improper Action,Unknown,MD,Pickup,Backing,0,No,2019,TOYOTA,TACOMA,39.03862233,-77.0512705,2024,12,13
240060486,Property Damage Crash,12/18/2024 01:00:00 PM,NA,NA,Front to Front,Cloudy,NA,Daylight,NA,NONE DETECTED,No,NA,NA,NA,NA,Passenger Car,Overtaking/Passing,0,No,2016,LEXUS,IS,39.05351527,-76.95450309,2024,12,13
240060486,Property Damage Crash,12/18/2024 01:00:00 PM,NA,NA,Front to Front,Cloudy,NA,Daylight,NA,NONE DETECTED,No,No Apparent Injury,NA,Not Distracted,MD,Passenger Car,Turning Left,0,No,2008,HONDA,ELEMENT,39.05351527,-76.95450309,2024,12,13
240060446,Property Damage Crash,12/18/2024 12:26:00 PM,NA,NA,Front to Front,Clear,NA,Daylight,NA,NONE DETECTED,Yes,No Apparent Injury,Over-Correcting/Over-Steering,Unknown,MD,Sport Utility Vehicle,Accelerating,0,No,2015,LEXUS,RX,39.17787209,-77.27440276,2024,12,12
240060445,Property Damage Crash,12/18/2024 12:09:00 PM,NA,NA,"Sideswipe, Same Direction",Cloudy,NA,Daylight,NA,NONE DETECTED,No,No Apparent Injury,NA,Not Distracted,MD,Bus - School,Parked,0,No,2022,FREIGHTLINER,B2 BUS CHASSIS,39.07149983,-77.1006805,2024,12,12
240060445,Property Damage Crash,12/18/2024 12:09:00 PM,NA,NA,"Sideswipe, Same Direction",Cloudy,NA,Daylight,NA,NONE DETECTED,Yes,No Apparent Injury,NA,Not Distracted,DC,Passenger Car,Overtaking/Passing,0,No,2018,TESLA,MODEL 3,39.07149983,-77.1006805,2024,12,12
240060448,Property Damage Crash,12/18/2024 11:59:00 AM,NA,NA,Front to Front,Clear,NA,Daylight,NA,NONE DETECTED,No,NA,NA,NA,NA,Sport Utility Vehicle,Accelerating,0,No,2023,HONDA,CR-V,39.09096619,-77.04759096,2024,12,11
240060427,Injury Crash,12/18/2024 10:45:00 AM,NA,NA,"Sideswipe, Same Direction",Clear,Dry,Daylight,No Controls,NONE DETECTED,No,Possible Minor Injury,NA,Not Distracted,MD,Passenger Car,Turning Right,30,No,2018,TOYOTA,CAMRY,39.05806325,-77.11848621,2024,12,10
240060427,Injury Crash,12/18/2024 10:45:00 AM,NA,NA,"Sideswipe, Same Direction",Clear,Dry,Daylight,No Controls,NONE DETECTED,Yes,No Apparent Injury,NA,Not Distracted,MD,Van - Cargo,Turning Right,30,No,2012,FORD,E-450,39.05806325,-77.11848621,2024,12,10
240060423,Injury Crash,12/18/2024 10:30:00 AM,GIRARD ST,Pedestrian,Single Vehicle,Clear,Dry,Daylight,Traffic Control Signal,NONE DETECTED,Yes,No Apparent Injury,NA,Not Distracted,MD,Passenger Car,Turning Left,35,No,2003,TOYOTA,CAMRY,39.15078833,-77.19261333,2024,12,10
240060419,Property Damage Crash,12/18/2024 10:00:00 AM,NA,NA,Rear To Side,Clear,Dry,Daylight,No Controls,NONE DETECTED,Yes,No Apparent Injury,NA,Unknown,MD,Bus - School,Backing,5,No,2016,THOMAS BUILT,HDX,39.12806534,-77.16714952,2024,12,10
240060396,Injury Crash,12/18/2024 07:46:00 AM,APPLE RIDGE RD,Pedestrian,Single Vehicle,Clear,Dry,Daylight,No Controls,NONE DETECTED,No,No Apparent Injury,NA,Not Distracted,MD,Passenger Car,Moving Constant Speed,35,No,2016,FORD,ESCAPE,39.18508767,-77.209145,2024,12,7
240060398,Property Damage Crash,12/18/2024 07:28:00 AM,HOLLAND RD,NA,"Sideswipe, Opposite Direction",Clear,Dry,Daylight,No Controls,NONE DETECTED,Yes,No Apparent Injury,NA,Not Distracted,MD,Van - Passenger (&lt;9 Seats),Moving Constant Speed,25,No,2015,DODGE,GRAND CARAVAN,39.06528231,-77.11962262,2024,12,7
240060392,Injury Crash,12/18/2024 07:20:00 AM,SHADY GROVE RD (SB/L),NA,Front to Rear,Clear,Dry,Daylight,Traffic Control Signal,NONE DETECTED,No,Possible Minor Injury,NA,Not Distracted,MD,Sport Utility Vehicle,Slowing or Stopping,45,No,2019,LEXUS,RX,39.13893833,-77.15317333,2024,12,7
240060392,Injury Crash,12/18/2024 07:20:00 AM,SHADY GROVE RD (SB/L),NA,Front to Rear,Clear,Dry,Daylight,Traffic Control Signal,NONE DETECTED,No,No Apparent Injury,NA,Not Distracted,MD,Passenger Car,Stopped in Traffic,45,No,2017,FORD,FIESTA,39.13893833,-77.15317333,2024,12,7
240060392,Injury Crash,12/18/2024 07:20:00 AM,SHADY GROVE RD (SB/L),NA,Front to Rear,Clear,Dry,Daylight,Traffic Control Signal,NONE DETECTED,Yes,Possible Minor Injury,NA,Not Distracted,MD,Sport Utility Vehicle,Moving Constant Speed,45,No,2019,TOYOTA,HIGHLANDER,39.13893833,-77.15317333,2024,12,7
240060393,Injury Crash,12/18/2024 07:18:00 AM,DIAMOND DR,Pedestrian,Single Vehicle,Clear,Dry,Medium,No Controls,NONE DETECTED,Yes,No Apparent Injury,NA,"Other Action (looking away from task, etc.)",MD,Passenger Car,Moving Constant Speed,25,No,2021,TOYOTA,RAV4,39.13496558,-77.22976059,2024,12,7
240060375,Property Damage Crash,12/18/2024 01:10:00 AM,NA,NA,Single Vehicle,Clear,NA,Medium,NA,NONE DETECTED,No,No Apparent Injury,NA,Not Distracted,MD,Van - Cargo,Backing,0,No,2016,FORD,TRANSIT,39.11229921,-77.23563642,2024,12,1
240060402,Property Damage Crash,12/17/2024 10:09:00 PM,NA,NA,Other,Clear,NA,Medium,NA,NONE DETECTED,No,NA,NA,NA,NA,Passenger Car,Accelerating,0,No,2024,TOYOTA,CAMRY,39.148061,-77.19129117,2024,12,22
240060357,Injury Crash,12/17/2024 09:07:00 PM,KENTLANDS BLVD (NB/L),NA,Angle,Clear,Dry,Medium,Traffic Control Signal,NONE DETECTED,No,Possible Minor Injury,NA,Unknown,NA,Moped Or motorized bicycle,Moving Constant Speed,25,No,2024,FENGYUAN,BWS,39.12368302,-77.2315256,2024,12,21
240060357,Injury Crash,12/17/2024 09:07:00 PM,KENTLANDS BLVD (NB/L),NA,Angle,Clear,Dry,Medium,Traffic Control Signal,NONE DETECTED,Yes,No Apparent Injury,NA,Unknown,MD,Sport Utility Vehicle,Turning Left,25,No,2018,TOYOTA,4-RUNNER,39.12368302,-77.2315256,2024,12,21
240060358,Property Damage Crash,12/17/2024 09:03:00 PM,NA,NA,Rear To Side,Clear,NA,Medium,NA,NONE DETECTED,No,No Apparent Injury,NA,Not Distracted,MD,Passenger Car,Accelerating,0,No,2016,HONDA,CIVIC,39.05452697,-77.11657816,2024,12,21
240060358,Property Damage Crash,12/17/2024 09:03:00 PM,NA,NA,Rear To Side,Clear,NA,Medium,NA,NONE DETECTED,No,No Apparent Injury,NA,NA,NA,Passenger Car,Moving Constant Speed,0,No,0,NA,NA,39.05452697,-77.11657816,2024,12,21
240060356,Property Damage Crash,12/17/2024 08:45:00 PM,LONGHORN CRESENT,NA,Single Vehicle,Clear,Wet,Medium,No Controls,NONE DETECTED,No,No Apparent Injury,NA,Not Distracted,MD,Passenger Car,Moving Constant Speed,30,No,2023,DODGE,CHARGER,39.10913207,-77.17373303,2024,12,20
240060348,Property Damage Crash,12/17/2024 08:18:00 PM,GREAT SENECA HWY,NA,Front to Rear,Clear,Dry,Medium,Traffic Control Signal,NONE DETECTED,No,No Apparent Injury,NA,Unknown,MD,Passenger Car,Slowing or Stopping,50,No,2018,CHEVROLET,CRUZE,39.12772721,-77.23653524,2024,12,20
240060348,Property Damage Crash,12/17/2024 08:18:00 PM,GREAT SENECA HWY,NA,Front to Rear,Clear,Dry,Medium,Traffic Control Signal,NONE DETECTED,No,No Apparent Injury,NA,Not Distracted,MD,Passenger Car,Stopped in Traffic,50,No,2013,HYUNDAI,SANTA FE,39.12772721,-77.23653524,2024,12,20
240060340,Property Damage Crash,12/17/2024 07:16:00 PM,SCENERY DR,NA,Rear To Side,Clear,Dry,Medium,Traffic Control Signal,NONE DETECTED,No,No Apparent Injury,NA,Not Distracted,MD,Sport Utility Vehicle,Moving Constant Speed,40,No,2020,VOLKSWAGEN,ATLAS CROSS SPORT,39.19219862,-77.23348347,2024,12,19
240060340,Property Damage Crash,12/17/2024 07:16:00 PM,SCENERY DR,NA,Rear To Side,Clear,Dry,Medium,Traffic Control Signal,NONE DETECTED,Yes,No Apparent Injury,NA,Not Distracted,MD,Sport Utility Vehicle,Turning Left,40,No,2021,KIA,SORENTO,39.19219862,-77.23348347,2024,12,19