Local Case Number,ACRS Report Type,Crash Date/Time,Road Name,Related Non-Motorist,Collision Type,Weather,Surface Condition,Light,Traffic Control,Driver Substance Abuse,Driver At Fault,Injury Severity,Circumstance,Driver Distracted By,Drivers License State,Vehicle Body Type,Vehicle Movement,Speed Limit,Driverless Vehicle,Vehicle Year,Vehicle Make,Vehicle Model,Latitude,Longitude,Year,Month,Hour
240060339,Property Damage Crash,12/17/2024 06:47:00 PM,NA,NA,Front to Rear,Clear,Dry,Medium,No Controls,NONE DETECTED,No,No Apparent Injury,NA,Not Distracted,MD,Bus - Transit,Stopped in Traffic,35,No,2020,GILLIG,LOW FLOOR BUS,39.0014445,-77.02497751,2024,12,18
240060339,Property Damage Crash,12/17/2024 06:47:00 PM,NA,NA,Front to Rear,Clear,Dry,Medium,No Controls,NONE DETECTED,Yes,No Apparent Injury,NA,Not Distracted,DC,Passenger Car,Slowing or Stopping,35,No,2013,MAZDA,MAZDA3,39.0014445,-77.02497751,2024,12,18
240060343,Injury Crash,12/17/2024 06:40:00 PM,NA,NA,Front to Front,Clear,Dry,Dark,No Controls,ALCOHOL PRESENT,Yes,No Apparent Injury,"Disregarded Other Road Markings, Failed to Keep in Proper Lane, Failed to Yield Right-of-Way",Not Distracted,MD,Passenger Car,Negotiating a Curve,40,No,2014,RAM,1500,39.1874469,-77.02488892,2024,12,18
240060343,Injury Crash,12/17/2024 06:40:00 PM,NA,NA,Front to Front,Clear,Dry,Dark,No Controls,NONE DETECTED,No,Possible Minor Injury,NA,Not Distracted,MD,Passenger Car,Negotiating a Curve,40,No,2018,JEEP,COMPASS,39.1874469,-77.02488892,2024,12,18
240060330,Property Damage Crash,12/17/2024 06:39:00 PM,W MONTGOMERY AVE,NA,"Sideswipe, Same Direction",Clear,Dry,Medium,No Controls,NONE DETECTED,No,No Apparent Injury,NA,Not Distracted,MD,Van - Passenger (&lt;9 Seats),Accelerating,30,No,2005,TOYOTA,SIENNA,39.08536903,-77.16544187,2024,12,18
240060330,Property Damage Crash,12/17/2024 06:39:00 PM,W MONTGOMERY AVE,NA,"Sideswipe, Same Direction",Clear,Dry,Medium,No Controls,NONE DETECTED,Yes,No Apparent Injury,NA,Not Distracted,MD,Passenger Car,Moving Constant Speed,30,No,2001,TOYOTA,CAMRY,39.08536903,-77.16544187,2024,12,18
240060327,Injury Crash,12/17/2024 06:30:00 PM,NA,Pedestrian,Single Vehicle,Clear,Dry,Medium,Pedestrian Crossing Sign,NONE DETECTED,No,No Apparent Injury,NA,Not Distracted,MD,Pickup,Turning Left,35,No,2020,HONDA,RIDGELINE,39.02913754,-77.10800326,2024,12,18
240060324,Property Damage Crash,12/17/2024 05:51:00 PM,NA,NA,"Sideswipe, Same Direction",Clear,Dry,Medium,Traffic Control Signal,NONE DETECTED,No,No Apparent Injury,NA,Not Distracted,MD,Sport Utility Vehicle,Changing Lanes,35,No,2018,FORD,EXPLORER,38.99689733,-77.09670135,2024,12,17
240060324,Property Damage Crash,12/17/2024 05:51:00 PM,NA,NA,"Sideswipe, Same Direction",Clear,Dry,Medium,Traffic Control Signal,NONE DETECTED,No,No Apparent Injury,NA,Not Distracted,MD,Bus - Transit,Slowing or Stopping,35,No,2013,NEW FLYER,XCELSIOR,38.99689733,-77.09670135,2024,12,17
240060317,Injury Crash,12/17/2024 05:30:00 PM,COLESVILLE RD,NA,Front to Rear,Clear,Dry,Medium,No Controls,NONE DETECTED,Yes,Possible Minor Injury,NA,Not Distracted,MD,Passenger Car,Moving Constant Speed,35,No,2015,TOYOTA,COROLLA,39.0033585,-77.0240065,2024,12,17
240060317,Injury Crash,12/17/2024 05:30:00 PM,COLESVILLE RD,NA,Front to Rear,Clear,Dry,Medium,No Controls,NONE DETECTED,No,No Apparent Injury,NA,Not Distracted,MD,Pickup,Stopped in Traffic,35,No,2022,FORD,MAVERICK,39.0033585,-77.0240065,2024,12,17
240060317,Injury Crash,12/17/2024 05:30:00 PM,COLESVILLE RD,NA,Front to Rear,Clear,Dry,Medium,No Controls,NONE DETECTED,No,Possible Minor Injury,NA,Not Distracted,MD,Sport Utility Vehicle,Stopped in Traffic,35,No,2013,PORSCHE,CAYENNE,39.0033585,-77.0240065,2024,12,17
240060313,Property Damage Crash,12/17/2024 04:30:00 PM,NA,NA,Angle,Clear,Dry,Daylight,No Controls,NONE DETECTED,No,No Apparent Injury,NA,Not Distracted,MD,Passenger Car,Stopped in Traffic,25,No,2011,NISSAN,MAXIMA,39.06458506,-77.03976863,2024,12,16
240060313,Property Damage Crash,12/17/2024 04:30:00 PM,NA,NA,Angle,Clear,Dry,Daylight,No Controls,NONE DETECTED,No,No Apparent Injury,"Operated Motor Vehicle in Inattentive, Careless, Negligent, or Erratic Manner",Unknown,NA,Bus - School,Entering Traffic Lane,25,No,2019,THOMAS BUILT,HDX,39.06458506,-77.03976863,2024,12,16
240060306,Property Damage Crash,12/17/2024 04:23:00 PM,NA,NA,"Sideswipe, Same Direction",Clear,NA,Daylight,NA,NONE DETECTED,Yes,No Apparent Injury,NA,Not Distracted,MD,Passenger Car,Slowing or Stopping,0,No,2023,HYUNDAI,KONA ELECTRIC,39.10039891,-77.21026318,2024,12,16
240060294,Property Damage Crash,12/17/2024 04:02:00 PM,ROCKVILLE PIKE,NA,Front to Rear,Clear,Dry,Daylight,Traffic Control Signal,NONE DETECTED,No,No Apparent Injury,NA,Not Distracted,MD,Passenger Car,Moving Constant Speed,35,No,2018,HONDA,ACCORD,39.0744467,-77.13561755,2024,12,16
240060294,Property Damage Crash,12/17/2024 04:02:00 PM,ROCKVILLE PIKE,NA,Front to Rear,Clear,Dry,Daylight,Traffic Control Signal,NONE DETECTED,Yes,No Apparent Injury,NA,Unknown,MD,Passenger Car,Changing Lanes,35,No,2022,LAMBORGHINI,HURACAN,39.0744467,-77.13561755,2024,12,16
240060290,Property Damage Crash,12/17/2024 03:40:00 PM,COLESVILLE RD,NA,"Sideswipe, Same Direction",Clear,Dry,Daylight,No Controls,NONE DETECTED,Yes,No Apparent Injury,NA,Unknown,MD,Passenger Car,Changing Lanes,35,No,2009,ISUZU,T7F,38.99882445,-77.02619894,2024,12,15
240060290,Property Damage Crash,12/17/2024 03:40:00 PM,COLESVILLE RD,NA,"Sideswipe, Same Direction",Clear,Dry,Daylight,No Controls,NONE DETECTED,No,No Apparent Injury,NA,Not Distracted,DC,Passenger Car,Moving Constant Speed,35,No,2017,FIAT,500L,38.99882445,-77.02619894,2024,12,15
240060292,Injury Crash,12/17/2024 03:17:00 PM,ALLEY #4,NA,Other,Clear,Dry,Daylight,Traffic Control Signal,NONE DETECTED,No,No Apparent Injury,NA,Not Distracted,MD,Passenger Car,Slowing or Stopping,5,No,2020,HONDA,CR-V,38.98796839,-76.98644091,2024,12,15
240060292,Injury Crash,12/17/2024 03:17:00 PM,ALLEY #4,NA,Other,Clear,Dry,Daylight,Traffic Control Signal,NONE DETECTED,Yes,Suspected Serious Injury,"Disregarded Other Road Markings, Disregarded Other Traffic Sign, Improper Passing, Operated Motor Vehicle in Inattentive, Careless, Negligent, or Erratic Manner, Operated Motor Vehicle in Reckless or Aggressive Manner",Unknown,MD,Motorcycle - 2 Wheeled,Moving Constant Speed,30,No,2025,KTM ALUMINUM FRAME,KTM ALUMINUM FRAME,38.98796839,-76.98644091,2024,12,15
240060292,Injury Crash,12/17/2024 03:17:00 PM,ALLEY #4,NA,Other,Clear,Dry,Daylight,Traffic Control Signal,NONE DETECTED,No,No Apparent Injury,NA,Not Distracted,MD,Passenger Car,Slowing or Stopping,30,No,2007,HONDA,CR-V,38.98796839,-76.98644091,2024,12,15
240060293,Property Damage Crash,12/17/2024 03:00:00 PM,SPARTAN RD,NA,Front to Front,Clear,Dry,Daylight,Stop Sign,NONE DETECTED,Yes,No Apparent Injury,Failed to Yield Right-of-Way,Not Distracted,VA,Passenger Car,Turning Right,25,No,2011,ACURA,TSX,39.1500951,-77.06525621,2024,12,15
240060293,Property Damage Crash,12/17/2024 03:00:00 PM,SPARTAN RD,NA,Front to Front,Clear,Dry,Daylight,No Controls,NONE DETECTED,No,No Apparent Injury,NA,Not Distracted,MD,Passenger Car,Moving Constant Speed,35,No,2021,LINCOLN,NAUTILUS,39.1500951,-77.06525621,2024,12,15
240060274,Injury Crash,12/17/2024 02:55:00 PM,W WATKINS MILL RD (SB/L),NA,Angle,Clear,Dry,Daylight,Traffic Control Signal,NONE DETECTED,No,Possible Minor Injury,NA,Unknown,MD,Passenger Car,Accelerating,35,No,2020,FORD,F-250,39.15631333,-77.22586167,2024,12,14
240060274,Injury Crash,12/17/2024 02:55:00 PM,W WATKINS MILL RD (SB/L),NA,Angle,Clear,Dry,Daylight,Flashing Traffic Control Signal,NONE DETECTED,No,Possible Minor Injury,NA,Unknown,MD,Passenger Car,Accelerating,35,No,2024,TOYOTA,RAV4,39.15631333,-77.22586167,2024,12,14
240060279,Injury Crash,12/17/2024 02:50:00 PM,OLNEY SANDY SPRING RD,NA,Single Vehicle,Clear,Dry,Daylight,No Controls,NONE DETECTED,Yes,Possible Minor Injury,Other Improper Action,Unknown,MD,Passenger Car,Moving Constant Speed,30,No,2000,FORD,FOCUS,39.14836292,-77.03422733,2024,12,14
240060261,Injury Crash,12/17/2024 01:40:00 PM,NA,NA,Front to Front,Clear,Dry,Daylight,Traffic Control Signal,NONE DETECTED,No,Possible Minor Injury,NA,Unknown,MD,Passenger Car,Turning Left,45,No,2012,NISSAN,ALTIMA,39.13664474,-77.20578292,2024,12,13
240060261,Injury Crash,12/17/2024 01:40:00 PM,NA,NA,Front to Front,Clear,Dry,Daylight,Traffic Control Signal,NONE DETECTED,No,Possible Minor Injury,NA,Unknown,MD,Passenger Car,Moving Constant Speed,45,No,2005,VOLVO,S80,39.13664474,-77.20578292,2024,12,13
240060263,Property Damage Crash,12/17/2024 01:15:00 PM,BRIGHTON DAM RD,NA,Angle,Clear,Dry,Daylight,No Controls,NONE DETECTED,No,No Apparent Injury,NA,Not Distracted,MD,Passenger Car,Overtaking/Passing,30,No,2022,NISSAN,SENTRA,39.19331417,-77.04109993,2024,12,13
240060263,Property Damage Crash,12/17/2024 01:15:00 PM,BRIGHTON DAM RD,NA,Angle,Clear,Dry,Daylight,No Controls,NONE DETECTED,No,No Apparent Injury,NA,Not Distracted,MD,Van - Cargo,Turning Left,30,No,2020,FORD,COMMERCIAL CHASSIS,39.19331417,-77.04109993,2024,12,13
240060244,Injury Crash,12/17/2024 12:00:00 PM,W WILLARD RD,NA,Single Vehicle,Cloudy,Dry,Daylight,No Controls,NONE DETECTED,No,Possible Minor Injury,NA,Not Distracted,MD,Other Trucks,NA,35,No,2025,FREIGHTLINER,M2,39.10658167,-77.42196167,2024,12,12
240060234,Property Damage Crash,12/17/2024 11:23:00 AM,NA,NA,Rear To Side,Clear,NA,Daylight,NA,NONE DETECTED,Yes,No Apparent Injury,NA,Not Distracted,MD,Sport Utility Vehicle,Backing,0,No,2017,KIA,SEDONA,39.08273032,-77.07807566,2024,12,11
240060234,Property Damage Crash,12/17/2024 11:23:00 AM,NA,NA,Rear To Side,Clear,NA,Daylight,NA,NONE DETECTED,No,No Apparent Injury,NA,Not Distracted,MD,Passenger Car,Moving Constant Speed,0,No,2019,DODGE,CHARGER,39.08273032,-77.07807566,2024,12,11
240060241,Property Damage Crash,12/17/2024 11:10:00 AM,DONNYBROOK DR,NA,"Sideswipe, Same Direction",Clear,Dry,Daylight,No Controls,NONE DETECTED,Yes,No Apparent Injury,Failed to Keep in Proper Lane,Not Distracted,MD,Single-Unit Truck,Moving Constant Speed,25,No,2017,MACK,GU (GRANITE),38.99510317,-77.05692017,2024,12,11
240060233,Injury Crash,12/17/2024 11:09:00 AM,ONEILL DR,NA,Front to Rear,Cloudy,Wet,Daylight,Traffic Control Signal,NONE DETECTED,Yes,No Apparent Injury,NA,Not Distracted,MD,Passenger Car,Slowing or Stopping,35,No,2023,CHEVROLET,EXPRESS,39.12413829,-77.18012079,2024,12,11
240060233,Injury Crash,12/17/2024 11:09:00 AM,ONEILL DR,NA,Front to Rear,Cloudy,Wet,Daylight,Traffic Control Signal,NONE DETECTED,No,Possible Minor Injury,NA,Not Distracted,MD,Passenger Car,Slowing or Stopping,35,No,2015,HONDA,ACCORD,39.12413829,-77.18012079,2024,12,11
240060225,Injury Crash,12/17/2024 10:28:00 AM,FERNWOOD RD,NA,Single Vehicle,Cloudy,Wet,Daylight,No Controls,NONE DETECTED,Yes,Possible Minor Injury,"Failed to Keep in Proper Lane, Ran Off Roadway",Unknown,MD,Passenger Car,Moving Constant Speed,35,No,2012,INFINITI,G37,39.01527817,-77.13334733,2024,12,10
240060217,Injury Crash,12/17/2024 10:17:00 AM,NA,NA,Angle,Clear,Wet,Daylight,No Controls,NONE DETECTED,No,Possible Minor Injury,NA,Not Distracted,MD,Pickup,Moving Constant Speed,30,No,2018,CHEVROLET,COLORADO,39.10290116,-77.18431567,2024,12,10
240060217,Injury Crash,12/17/2024 10:17:00 AM,NA,NA,Angle,Clear,Wet,Daylight,No Controls,NONE DETECTED,Yes,No Apparent Injury,NA,Not Distracted,MD,Passenger Car,Turning Left,0,No,2015,TOYOTA,CAMRY,39.10290116,-77.18431567,2024,12,10
240060213,Property Damage Crash,12/17/2024 09:56:00 AM,GEORGIA AVE (SB/L),NA,Angle,Clear,Dry,Daylight,Traffic Control Signal,NONE DETECTED,Yes,No Apparent Injury,Failed to Yield Right-of-Way,Not Distracted,MD,Sport Utility Vehicle,Turning Left,35,No,2019,NISSAN,ROGUE,39.01565804,-77.04272062,2024,12,9
240060213,Property Damage Crash,12/17/2024 09:56:00 AM,GEORGIA AVE (SB/L),NA,Angle,Clear,Dry,Daylight,Traffic Control Signal,NONE DETECTED,No,No Apparent Injury,Too Fast For Conditions,Not Distracted,TX,Passenger Car,Moving Constant Speed,35,No,2012,TOYOTA,CAMRY,39.01565804,-77.04272062,2024,12,9
240060212,Property Damage Crash,12/17/2024 09:50:00 AM,NA,NA,Front to Rear,Clear,Dry,Daylight,No Controls,DRUG PRESENT,No,No Apparent Injury,NA,Not Distracted,MD,Passenger Car,Parked,5,No,2015,TOYOTA,COROLLA,39.12706993,-77.16604335,2024,12,9
240060212,Property Damage Crash,12/17/2024 09:50:00 AM,NA,NA,Front to Rear,Clear,Dry,Daylight,No Controls,NONE DETECTED,No,No Apparent Injury,NA,Unknown,MD,Bus - School,Backing,5,No,2020,FREIGHTLINER,B2 BUS CHASSIS,39.12706993,-77.16604335,2024,12,9
240060210,Property Damage Crash,12/17/2024 09:40:00 AM,GAITHER RD,NA,Single Vehicle,Cloudy,Wet,Daylight,Traffic Control Signal,NONE DETECTED,No,No Apparent Injury,NA,Not Distracted,MD,Sport Utility Vehicle,Turning Left,40,No,2004,NISSAN,XTERRA,39.11747967,-77.18340532,2024,12,9
240060209,Property Damage Crash,12/17/2024 09:20:00 AM,E RANDOLPH RD,NA,"Sideswipe, Same Direction",Cloudy,Wet,Daylight,No Controls,NONE DETECTED,No,No Apparent Injury,NA,Not Distracted,MD,Bus - School,Moving Constant Speed,40,No,2019,FREIGHTLINER,B2 BUS CHASSIS,39.07509883,-76.99331133,2024,12,9
240060209,Property Damage Crash,12/17/2024 09:20:00 AM,E RANDOLPH RD,NA,"Sideswipe, Same Direction",Cloudy,Wet,Daylight,Other Warning Sign,NONE DETECTED,Yes,No Apparent Injury,Failed to Yield Right-of-Way,Not Distracted,MD,Pickup,Changing Lanes,40,No,2023,FORD,MAVERICK,39.07509883,-76.99331133,2024,12,9
240060198,Injury Crash,12/17/2024 09:10:00 AM,NA,NA,Angle,Cloudy,NA,Daylight,NA,NONE DETECTED,Yes,No Apparent Injury,NA,Unknown,MD,Passenger Car,Accelerating,0,No,2008,MERCEDES-BENZ,C-CLASS,39.14873107,-77.1896294,2024,12,9
240060198,Injury Crash,12/17/2024 09:10:00 AM,NA,NA,Angle,Cloudy,NA,Daylight,NA,NONE DETECTED,No,Possible Minor Injury,NA,Not Distracted,NA,Passenger Car,Moving Constant Speed,0,No,2013,ACURA,TSX,39.14873107,-77.1896294,2024,12,9
240060189,Property Damage Crash,12/17/2024 08:19:00 AM,NA,NA,"Sideswipe, Opposite Direction",Clear,NA,Daylight,NA,NONE DETECTED,Yes,No Apparent Injury,Improper Turn,Not Distracted,MD,Bus - School,Turning Left,0,No,2016,THOMAS BUILT,HDX,39.11519022,-77.23097242,2024,12,8
240060189,Property Damage Crash,12/17/2024 08:19:00 AM,NA,NA,"Sideswipe, Opposite Direction",Clear,NA,Daylight,NA,NONE DETECTED,No,No Apparent Injury,NA,Not Distracted,MD,Passenger Car,Stopped in Traffic,0,No,2025,TESLA,MODEL 3,39.11519022,-77.23097242,2024,12,8
240060181,Property Damage Crash,12/17/2024 06:51:00 AM,NA,NA,"Sideswipe, Same Direction",Clear,Wet,Medium,No Controls,NONE DETECTED,No,No Apparent Injury,NA,Not Distracted,MD,Bus - School,Parked,0,No,2021,THOMAS BUILT,HDX,39.08073863,-76.94280112,2024,12,6
240060181,Property Damage Crash,12/17/2024 06:51:00 AM,NA,NA,"Sideswipe, Same Direction",Clear,Wet,Medium,No Controls,NONE DETECTED,Yes,No Apparent Injury,NA,Unknown,MD,Passenger Car,Backing,0,No,2020,LAND ROVER,RANGE ROVER VELAR,39.08073863,-76.94280112,2024,12,6
240060175,Property Damage Crash,12/17/2024 06:45:00 AM,FULKS CORNER AVE,NA,Angle,Rain,Wet,Medium,No Controls,NONE DETECTED,No,No Apparent Injury,NA,Not Distracted,MD,Passenger Car,Turning Left,30,No,2013,HYUNDAI,SONATA,39.13979753,-77.1960834,2024,12,6
240060175,Property Damage Crash,12/17/2024 06:45:00 AM,FULKS CORNER AVE,NA,Angle,Rain,Wet,Medium,Stop Sign,NONE DETECTED,Yes,No Apparent Injury,NA,Unknown,MD,Passenger Car,Turning Left,25,No,2017,TOYOTA,CAMRY,39.13979753,-77.1960834,2024,12,6
240060174,Property Damage Crash,12/17/2024 05:23:00 AM,VEIRS MILL RD,NA,Other,Clear,Wet,Medium,Traffic Control Signal,NONE DETECTED,No,No Apparent Injury,NA,Not Distracted,MD,Van - Cargo,Moving Constant Speed,35,No,2022,FORD,E-450,39.05597533,-77.08280111,2024,12,5
240060174,Property Damage Crash,12/17/2024 05:23:00 AM,VEIRS MILL RD,NA,Other,Clear,Wet,Medium,Traffic Control Signal,NONE DETECTED,Yes,No Apparent Injury,"Operated Motor Vehicle in Inattentive, Careless, Negligent, or Erratic Manner, Ran Red Light",Not Distracted,MD,Passenger Car,Moving Constant Speed,35,No,2001,CHEVROLET,EXPRESS,39.05597533,-77.08280111,2024,12,5
240060173,Injury Crash,12/17/2024 05:01:00 AM,MACARTHUR BLVD,NA,Single Vehicle,Clear,Wet,Dark,No Controls,NONE DETECTED,No,Possible Minor Injury,NA,Not Distracted,VA,Motorcycle - 2 Wheeled,Moving Constant Speed,30,No,2021,INDIAN MOTORCYCLE,ROADMASTER DARK HORSE,38.95449749,-77.12816696,2024,12,5
240060164,Property Damage Crash,12/17/2024 12:44:00 AM,QUINCE ORCHARD RD (SB/L),NA,Rear To Side,Cloudy,Wet,Medium,Traffic Control Signal,NONE DETECTED,No,No Apparent Injury,NA,Not Distracted,MD,Passenger Car,Turning Left,35,No,2016,FORD,EXPLORER,39.1426905,-77.220746,2024,12,0
240060164,Property Damage Crash,12/17/2024 12:44:00 AM,QUINCE ORCHARD RD (SB/L),NA,Rear To Side,Cloudy,Wet,Medium,Traffic Control Signal,NONE DETECTED,Yes,No Apparent Injury,Ran Red Light,Unknown,PA,Passenger Car,Moving Constant Speed,35,No,2017,GMC,SAVANA,39.1426905,-77.220746,2024,12,0
240060162,Injury Crash,12/17/2024 12:05:00 AM,ARCOLA AVE,NA,Single Vehicle,Cloudy,Wet,Medium,No Controls,ALCOHOL PRESENT,Yes,Possible Minor Injury,"Failed to Keep in Proper Lane, Ran Off Roadway, Too Fast For Conditions, Wrong Side",Unknown,MD,Passenger Car,Moving Constant Speed,30,No,2009,HONDA,CIVIC,39.047061480000004,-77.03586727,2024,12,0
240060152,Property Damage Crash,12/16/2024 09:05:00 PM,COLESVILLE RD (WB/L),NA,"Sideswipe, Same Direction",Cloudy,Wet,Medium,No Controls,NONE DETECTED,No,No Apparent Injury,NA,Not Distracted,MD,Bus - Transit,Moving Constant Speed,35,No,2020,NOVABUS,LFS ARTICULATED,38.99521267,-77.029552,2024,12,21
240060152,Property Damage Crash,12/16/2024 09:05:00 PM,COLESVILLE RD (WB/L),NA,"Sideswipe, Same Direction",Cloudy,Wet,Medium,No Controls,NONE DETECTED,Yes,No Apparent Injury,NA,Unknown,MD,Bus - Transit,Changing Lanes,35,No,2022,NEW FLYER,XCELSIOR,38.99521267,-77.029552,2024,12,21
240060142,Property Damage Crash,12/16/2024 07:43:00 PM,ROCKVILLE PIKE,NA,Front to Rear,Rain,Wet,Medium,Traffic Control Signal,NONE DETECTED,No,No Apparent Injury,NA,Not Distracted,MD,Passenger Car,Accelerating,35,No,2023,TESLA,MODEL 3,39.04475782,-77.11167074,2024,12,19
240060142,Property Damage Crash,12/16/2024 07:43:00 PM,ROCKVILLE PIKE,NA,Front to Rear,Rain,Wet,Medium,Traffic Control Signal,NONE DETECTED,No,No Apparent Injury,NA,Not Distracted,MD,Bus - Transit,Stopped in Traffic,35,No,2013,NEW FLYER,XCELSIOR,39.04475782,-77.11167074,2024,12,19
24002613,Property Damage Crash,12/16/2024 07:00:00 PM,NA,NA,Single Vehicle,Rain,NA,Dark,NA,NONE DETECTED,No,No Apparent Injury,NA,Not Distracted,MD,Passenger Car,Making U-Turn,0,No,2014,DODGE,CHARGER,38.93742138,-77.11597213,2024,12,19
240060133,Injury Crash,12/16/2024 06:51:00 PM,ARCOLA AVE,NA,Single Vehicle,Rain,Wet,Medium,Traffic Control Signal,NONE DETECTED,Yes,Possible Minor Injury,Ran Off Roadway,Unknown,MD,Passenger Car,Turning Right,35,No,2016,VOLKSWAGEN,GOLF,39.04709064,-77.0518508,2024,12,18
240060130,Injury Crash,12/16/2024 06:35:00 PM,NA,NA,Front to Front,Rain,Wet,Medium,No Controls,NONE DETECTED,No,Possible Minor Injury,NA,Not Distracted,MD,Sport Utility Vehicle,Moving Constant Speed,35,No,2004,JEEP,GRAND CHEROKEE,39.2263128,-77.06960214,2024,12,18
240060130,Injury Crash,12/16/2024 06:35:00 PM,NA,NA,Front to Front,Rain,Wet,Medium,No Controls,NONE DETECTED,No,No Apparent Injury,NA,Not Distracted,MD,Sport Utility Vehicle,Moving Constant Speed,35,No,2024,HONDA,CR-V,39.2263128,-77.06960214,2024,12,18
240060126,Property Damage Crash,12/16/2024 06:05:00 PM,COLESVILLE RD (SB/L),NA,"Sideswipe, Same Direction",Rain,Wet,Medium,No Controls,NONE DETECTED,Yes,No Apparent Injury,NA,Not Distracted,MD,Sport Utility Vehicle,Moving Constant Speed,40,No,2022,BMW,X5,39.02920961,-77.00751474,2024,12,18
240060126,Property Damage Crash,12/16/2024 06:05:00 PM,COLESVILLE RD (SB/L),NA,"Sideswipe, Same Direction",Rain,Wet,Medium,No Controls,NONE DETECTED,Yes,No Apparent Injury,NA,Not Distracted,MD,Bus - Transit,Moving Constant Speed,40,No,2014,GILLIG,LOW FLOOR BUS,39.02920961,-77.00751474,2024,12,18
240060115,Injury Crash,12/16/2024 05:35:00 PM,W DEER PARK RD,NA,Angle,Rain,Wet,Medium,Traffic Control Signal,NONE DETECTED,Yes,No Apparent Injury,Other Improper Action,Unknown,MD,Passenger Car,Accelerating,30,No,2015,ACURA,TLX,39.13215867,-77.1890535,2024,12,17
240060115,Injury Crash,12/16/2024 05:35:00 PM,W DEER PARK RD,NA,Angle,Rain,Wet,Medium,Traffic Control Signal,NONE DETECTED,No,Possible Minor Injury,NA,Not Distracted,MD,Passenger Car,Moving Constant Speed,30,No,2022,HONDA,INSIGHT,39.13215867,-77.1890535,2024,12,17
240060120,Property Damage Crash,12/16/2024 05:30:00 PM,WAYNE AVE,NA,Front to Rear,Clear,Wet,Medium,Traffic Control Signal,NONE DETECTED,Yes,No Apparent Injury,NA,Not Distracted,MD,Passenger Car,Moving Constant Speed,25,No,2019,TOYOTA,PRIUS,38.99994339,-77.01339569,2024,12,17
240060120,Property Damage Crash,12/16/2024 05:30:00 PM,WAYNE AVE,NA,Front to Rear,Clear,Wet,Medium,Traffic Control Signal,NONE DETECTED,No,No Apparent Injury,NA,Not Distracted,DC,Passenger Car,Stopped in Traffic,25,No,2007,TOYOTA,TACOMA,38.99994339,-77.01339569,2024,12,17
240060118,Property Damage Crash,12/16/2024 05:27:00 PM,MUNCASTER MILL RD,NA,Front to Rear,Clear,Wet,Medium,Traffic Control Signal,NONE DETECTED,Yes,No Apparent Injury,Followed Too Closely,Not Distracted,NA,Passenger Car,Moving Constant Speed,40,No,2008,FORD,FOCUS,39.14550859,-77.14376604,2024,12,17
240060118,Property Damage Crash,12/16/2024 05:27:00 PM,MUNCASTER MILL RD,NA,Front to Rear,Clear,Wet,Medium,Traffic Control Signal,NONE DETECTED,No,No Apparent Injury,NA,Not Distracted,MD,Passenger Car,Stopped in Traffic,40,No,2016,MAZDA,CX-3,39.14550859,-77.14376604,2024,12,17
240060111,Injury Crash,12/16/2024 05:19:00 PM,MANNAKEE ST,Pedestrian,Single Vehicle,Rain,Wet,Medium,Pedestrian Crossing,NONE DETECTED,No,No Apparent Injury,NA,Not Distracted,MD,Passenger Car,Moving Constant Speed,25,No,2020,TOYOTA,RAV4,39.0890798,-77.1666223,2024,12,17
240060109,Injury Crash,12/16/2024 05:04:00 PM,FINDLEY RD,Pedestrian,Single Vehicle,Clear,Wet,Medium,No Controls,NONE DETECTED,No,No Apparent Injury,NA,Not Distracted,MD,Sport Utility Vehicle,Making U-Turn,25,No,2018,HONDA,CR-V,39.03608348,-77.06106521,2024,12,17
240060112,Property Damage Crash,12/16/2024 05:02:00 PM,NA,NA,Angle,Clear,Dry,Medium,No Controls,NONE DETECTED,No,No Apparent Injury,NA,Unknown,MD,Passenger Car,Moving Constant Speed,35,No,2014,MERCEDES-BENZ,C-CLASS,38.96359448,-77.10208966,2024,12,17