Local Case Number,ACRS Report Type,Crash Date/Time,Road Name,Related Non-Motorist,Collision Type,Weather,Surface Condition,Light,Traffic Control,Driver Substance Abuse,Driver At Fault,Injury Severity,Circumstance,Driver Distracted By,Drivers License State,Vehicle Body Type,Vehicle Movement,Speed Limit,Driverless Vehicle,Vehicle Year,Vehicle Make,Vehicle Model,Latitude,Longitude,Year,Month,Hour
240059684,Property Damage Crash,12/13/2024 06:04:00 PM,WAYNE AVE (WB/L),NA,"Sideswipe, Same Direction",Clear,Dry,Medium,Traffic Control Signal,NONE DETECTED,No,No Apparent Injury,NA,Not Distracted,MD,Passenger Car,Parked,30,No,2020,TOYOTA,COROLLA,38.99452662,-77.02711661,2024,12,18
240059679,Property Damage Crash,12/13/2024 06:00:00 PM,COLESVILLE RD,NA,Angle,Clear,Dry,Medium,Traffic Control Signal,NONE DETECTED,No,No Apparent Injury,NA,Not Distracted,MD,Passenger Car,Moving Constant Speed,35,No,2014,HONDA,ACCORD,38.99661479,-77.02770867,2024,12,18
240059683,Property Damage Crash,12/13/2024 06:00:00 PM,RITCHIE AVE,NA,Angle,Clear,Dry,Medium,Stop Sign,NONE DETECTED,Yes,No Apparent Injury,NA,Not Distracted,VA,Sport Utility Vehicle,Moving Constant Speed,35,No,2019,JEEP,GRAND CHEROKEE,38.98813867,-77.01236183,2024,12,18
240059683,Property Damage Crash,12/13/2024 06:00:00 PM,RITCHIE AVE,NA,Angle,Clear,Dry,Medium,Stop Sign,NONE DETECTED,Yes,No Apparent Injury,NA,Not Distracted,MD,Sport Utility Vehicle,Moving Constant Speed,35,No,2014,NISSAN,ROGUE,38.98813867,-77.01236183,2024,12,18
240059679,Property Damage Crash,12/13/2024 06:00:00 PM,COLESVILLE RD,NA,Angle,Clear,Dry,Medium,Traffic Control Signal,NONE DETECTED,Yes,No Apparent Injury,Improper Turn,Not Distracted,DC,Passenger Car,Making U-Turn,35,No,2018,FORD,FOCUS,38.99661479,-77.02770867,2024,12,18
240059703,Injury Crash,12/13/2024 06:00:00 PM,MASSACHUSETTS AVE,Pedestrian,Single Vehicle,Clear,Dry,Medium,Pedestrian Crossing,NONE DETECTED,Yes,No Apparent Injury,NA,Unknown,MD,Passenger Car,Turning Right,35,No,2004,ACURA,TSX,38.96100188,-77.11618646,2024,12,18
240059682,Property Damage Crash,12/13/2024 05:55:00 PM,NA,NA,Angle,Clear,Dry,Medium,Traffic Control Signal,NONE DETECTED,No,No Apparent Injury,NA,Not Distracted,MD,Passenger Car,Turning Right,25,No,2014,TOYOTA,COROLLA,39.15091115,-77.19259759,2024,12,17
240059682,Property Damage Crash,12/13/2024 05:55:00 PM,NA,NA,Angle,Clear,Dry,Medium,Traffic Control Signal,NONE DETECTED,No,No Apparent Injury,NA,Not Distracted,MD,Sport Utility Vehicle,Moving Constant Speed,25,No,2023,TOYOTA,HIGHLANDER,39.15091115,-77.19259759,2024,12,17
240059671,Property Damage Crash,12/13/2024 05:30:00 PM,WOOTTON PKWY,NA,Angle,Clear,Dry,Medium,Traffic Control Signal,NONE DETECTED,No,No Apparent Injury,NA,Not Distracted,MD,Sport Utility Vehicle,Moving Constant Speed,45,No,2016,NISSAN,ROGUE,39.06682006,-77.16137125,2024,12,17
240059671,Property Damage Crash,12/13/2024 05:30:00 PM,WOOTTON PKWY,NA,Angle,Clear,Dry,Medium,Traffic Control Signal,NONE DETECTED,No,No Apparent Injury,NA,Not Distracted,MD,Sport Utility Vehicle,Turning Left,45,No,2015,HONDA,PILOT,39.06682006,-77.16137125,2024,12,17
240059670,Property Damage Crash,12/13/2024 05:07:00 PM,GEORGIA AVE,NA,Front to Rear,Clear,Dry,Medium,No Controls,NONE DETECTED,No,No Apparent Injury,NA,Not Distracted,MD,Sport Utility Vehicle,Slowing or Stopping,35,No,2019,BMW,X3,39.04799852,-77.05192545,2024,12,17
240059670,Property Damage Crash,12/13/2024 05:07:00 PM,GEORGIA AVE,NA,Front to Rear,Clear,Dry,Medium,No Controls,NONE DETECTED,No,No Apparent Injury,NA,Not Distracted,MD,Passenger Car,Slowing or Stopping,35,No,2020,HONDA,ACCORD,39.04799852,-77.05192545,2024,12,17
240059670,Property Damage Crash,12/13/2024 05:07:00 PM,GEORGIA AVE,NA,Front to Rear,Clear,Dry,Medium,No Controls,NONE DETECTED,No,No Apparent Injury,NA,Unknown,MD,Passenger Car,Slowing or Stopping,35,No,2009,INFINITI,G37,39.04799852,-77.05192545,2024,12,17
240059670,Property Damage Crash,12/13/2024 05:07:00 PM,GEORGIA AVE,NA,Front to Rear,Clear,Dry,Medium,No Controls,NONE DETECTED,Yes,No Apparent Injury,Followed Too Closely,Unknown,MD,Pickup,Moving Constant Speed,35,No,2021,RAM,1500,39.04799852,-77.05192545,2024,12,17
240059656,Property Damage Crash,12/13/2024 04:12:00 PM,NA,NA,Rear To Side,Cloudy,Dry,Daylight,Stop Sign,NONE DETECTED,No,No Apparent Injury,NA,Unknown,NA,Passenger Car,Entering Traffic Lane,25,No,2021,VOLKSWAGEN,JETTA,39.08039155,-77.0772867,2024,12,16
240059656,Property Damage Crash,12/13/2024 04:12:00 PM,NA,NA,Rear To Side,Cloudy,Dry,Daylight,No Controls,NONE DETECTED,No,No Apparent Injury,NA,Unknown,MD,Passenger Car,Moving Constant Speed,25,No,2010,MAZDA,MAZDA3,39.08039155,-77.0772867,2024,12,16
240059655,Property Damage Crash,12/13/2024 04:09:00 PM,CONNECTICUT AVE,NA,Single Vehicle,Cloudy,Dry,Medium,No Controls,NONE DETECTED,No,No Apparent Injury,NA,Unknown,MD,Other,Moving Constant Speed,35,No,2006,FORD,E-150,38.9776503,-77.0770875,2024,12,16
240059649,Property Damage Crash,12/13/2024 03:50:00 PM,JONES BRIDGE RD,NA,Front to Rear,Cloudy,Dry,Daylight,"Other Pavement Marking (excluding edgelines, centerlines, or lane lines)",NONE DETECTED,Yes,No Apparent Injury,Followed Too Closely,Not Distracted,MD,Passenger Car,Overtaking/Passing,35,No,2023,TOYOTA,COROLLA,39.00045683,-77.0818685,2024,12,15
240059649,Property Damage Crash,12/13/2024 03:50:00 PM,JONES BRIDGE RD,NA,Front to Rear,Cloudy,Dry,Daylight,"Other Pavement Marking (excluding edgelines, centerlines, or lane lines)",NONE DETECTED,No,No Apparent Injury,NA,Not Distracted,MD,Passenger Car,Moving Constant Speed,35,No,2012,HONDA,ACCORD,39.00045683,-77.0818685,2024,12,15
240059659,Property Damage Crash,12/13/2024 03:32:00 PM,PARK MILL DR,NA,"Sideswipe, Same Direction",Clear,Dry,Daylight,No Controls,NONE DETECTED,Yes,No Apparent Injury,NA,Unknown,MD,Bus - School,Turning Right,25,No,2019,FORD,TRANSIT,39.14716415,-77.15274374,2024,12,15
240059659,Property Damage Crash,12/13/2024 03:32:00 PM,PARK MILL DR,NA,"Sideswipe, Same Direction",Clear,Dry,Daylight,No Controls,NONE DETECTED,No,No Apparent Injury,NA,Not Distracted,MD,Bus - School,Stopped in Traffic,25,No,2024,FREIGHTLINER,B2 106 ELECTRIC CONVENTIONAL CHASSIS,39.14716415,-77.15274374,2024,12,15
240059639,Property Damage Crash,12/13/2024 03:12:00 PM,W GUDE DR (WB/L),NA,Front to Rear,Clear,Dry,Daylight,No Controls,NONE DETECTED,Yes,No Apparent Injury,Followed Too Closely,Unknown,MD,Passenger Car,Accelerating,40,No,2015,HYUNDAI,SONATA,39.10432995,-77.17274053,2024,12,15
240059639,Property Damage Crash,12/13/2024 03:12:00 PM,W GUDE DR (WB/L),NA,Front to Rear,Clear,Dry,Daylight,No Controls,NONE DETECTED,No,No Apparent Injury,NA,Not Distracted,MD,Passenger Car,Stopped in Traffic,40,No,2011,TOYOTA,CAMRY,39.10432995,-77.17274053,2024,12,15
240059644,Property Damage Crash,12/13/2024 03:09:00 PM,NEWPORT MILL RD,NA,"Sideswipe, Opposite Direction",Clear,Dry,Daylight,No Controls,NONE DETECTED,No,No Apparent Injury,NA,Unknown,MD,Bus - School,Turning Left,25,No,2022,FREIGHTLINER,B2 BUS CHASSIS,39.04238986,-77.06913477,2024,12,15
240059644,Property Damage Crash,12/13/2024 03:09:00 PM,NEWPORT MILL RD,NA,"Sideswipe, Opposite Direction",Clear,Dry,Daylight,No Controls,NONE DETECTED,No,No Apparent Injury,NA,Unknown,MD,Bus - School,Turning Right,25,No,2020,FREIGHTLINER,B2 BUS CHASSIS,39.04238986,-77.06913477,2024,12,15
240059631,Property Damage Crash,12/13/2024 02:41:00 PM,FERN ST,NA,Angle,Clear,Dry,Daylight,Stop Sign,NONE DETECTED,Yes,No Apparent Injury,Failed to Yield Right-of-Way,"Other Action (looking away from task, etc.)",MD,Passenger Car,Turning Right,35,No,2018,TOYOTA,SEQUOIA,39.04145167,-77.04915617,2024,12,14
240059631,Property Damage Crash,12/13/2024 02:41:00 PM,FERN ST,NA,Angle,Clear,Dry,Daylight,No Controls,NONE DETECTED,No,No Apparent Injury,NA,Not Distracted,MD,Passenger Car,Moving Constant Speed,35,No,2022,FORD,TRANSIT,39.04145167,-77.04915617,2024,12,14
240059630,Injury Crash,12/13/2024 02:38:00 PM,NA,NA,Angle,Cloudy,Dry,Daylight,Stop Sign,NONE DETECTED,No,No Apparent Injury,NA,Not Distracted,MD,Passenger Car,Moving Constant Speed,35,No,1999,BUICK,CENTURY,39.16976,-77.29698833,2024,12,14
240059630,Injury Crash,12/13/2024 02:38:00 PM,NA,NA,Angle,Cloudy,Dry,Daylight,Stop Sign,NONE DETECTED,No,Possible Minor Injury,NA,Not Distracted,MD,Passenger Car,Entering Traffic Lane,35,No,2010,TOYOTA,RAV4,39.16976,-77.29698833,2024,12,14
240059627,Property Damage Crash,12/13/2024 02:31:00 PM,NA,NA,Angle,Cloudy,NA,Daylight,NA,NONE DETECTED,Yes,No Apparent Injury,NA,Not Distracted,MD,Passenger Car,Backing,0,No,2009,CHEVROLET,MALIBU,39.14884964,-77.22294409,2024,12,14
240059626,Injury Crash,12/13/2024 02:14:00 PM,ZION RD,NA,Front to Front,Clear,Dry,Daylight,No Controls,NONE DETECTED,Yes,Possible Minor Injury,NA,Not Distracted,MD,Passenger Car,Leaving Traffic Lane,40,No,2023,GENESIS,G70,39.19103836,-77.10153905,2024,12,14
240059626,Injury Crash,12/13/2024 02:14:00 PM,ZION RD,NA,Front to Front,Clear,Dry,Daylight,No Controls,NONE DETECTED,No,Possible Minor Injury,NA,Not Distracted,MD,Passenger Car,Moving Constant Speed,40,No,2023,HYUNDAI,SANTA FE,39.19103836,-77.10153905,2024,12,14
240059613,Injury Crash,12/13/2024 01:45:00 PM,ARCTIC AVE,NA,Angle,Clear,Dry,Daylight,No Controls,NONE DETECTED,No,No Apparent Injury,NA,Unknown,MD,Passenger Car,Moving Constant Speed,35,No,2024,VOLVO,S60,39.07327617,-77.09933867,2024,12,13
240059613,Injury Crash,12/13/2024 01:45:00 PM,ARCTIC AVE,NA,Angle,Clear,Dry,Daylight,No Controls,NONE DETECTED,Yes,No Apparent Injury,"Failed to Yield Right-of-Way, Improper Turn",Unknown,MD,Passenger Car,Turning Left,35,No,2025,HONDA,CIVIC,39.07327617,-77.09933867,2024,12,13
240059666,Property Damage Crash,12/13/2024 01:10:00 PM,NA,NA,Rear To Side,Clear,Dry,Daylight,Stop Sign,NONE DETECTED,No,No Apparent Injury,NA,Not Distracted,NJ,Passenger Car,Stopped in Traffic,15,No,2012,HYUNDAI,ELANTRA,39.05716507,-77.12626988,2024,12,13
240059666,Property Damage Crash,12/13/2024 01:10:00 PM,NA,NA,Rear To Side,Clear,Dry,Daylight,Stop Sign,NONE DETECTED,Yes,No Apparent Injury,NA,Unknown,MD,Passenger Car,Backing,15,No,2012,VOLKSWAGEN,PASSAT,39.05716507,-77.12626988,2024,12,13
240059608,Property Damage Crash,12/13/2024 12:54:00 PM,DEMOCRACY BLVD (EB/L),NA,Front to Rear,Clear,Dry,Daylight,Traffic Control Signal,NONE DETECTED,Yes,No Apparent Injury,NA,"Other Action (looking away from task, etc.)",PA,Pickup,Slowing or Stopping,35,No,2000,FORD,F-150,39.02478372,-77.12524796,2024,12,12
240059608,Property Damage Crash,12/13/2024 12:54:00 PM,DEMOCRACY BLVD (EB/L),NA,Front to Rear,Clear,Dry,Daylight,Traffic Control Signal,NONE DETECTED,No,No Apparent Injury,NA,Not Distracted,MD,Pickup,Stopped in Traffic,35,No,2017,RAM,5500,39.02478372,-77.12524796,2024,12,12
240059601,Property Damage Crash,12/13/2024 12:10:00 PM,NA,NA,Other,Cloudy,NA,Daylight,NA,NONE DETECTED,Yes,No Apparent Injury,Improper Backing,Unknown,FL,Van - Passenger (&lt;9 Seats),Backing,0,No,2016,DODGE,GRAND CARAVAN,39.1484905,-77.20963733,2024,12,12
240059601,Property Damage Crash,12/13/2024 12:10:00 PM,NA,NA,Other,Cloudy,NA,Daylight,NA,NONE DETECTED,No,No Apparent Injury,NA,Not Distracted,MD,Passenger Car,Stopped in Traffic,0,No,2018,MERCEDES-BENZ,C-CLASS,39.1484905,-77.20963733,2024,12,12
240059594,Injury Crash,12/13/2024 11:35:00 AM,S FREDERICK RD (SB/L),NA,Single Vehicle,Clear,Dry,Daylight,Traffic Control Signal,NONE DETECTED,No,Possible Minor Injury,NA,Not Distracted,MD,Passenger Car,Moving Constant Speed,30,No,2020,HONDA,CIVIC,39.13848382,-77.19495953,2024,12,11
240059583,Injury Crash,12/13/2024 10:40:00 AM,NA,NA,Front to Front,Clear,Dry,Daylight,No Controls,NONE DETECTED,No,Possible Minor Injury,NA,Not Distracted,MD,Passenger Car,Moving Constant Speed,30,No,2018,TOYOTA,TACOMA,38.9966628,-77.00518738,2024,12,10
240059583,Injury Crash,12/13/2024 10:40:00 AM,NA,NA,Front to Front,Clear,Dry,Daylight,No Controls,NONE DETECTED,No,No Apparent Injury,NA,Not Distracted,MD,Passenger Car,Accelerating,20,No,2008,HONDA,PILOT,38.9966628,-77.00518738,2024,12,10
240059573,Injury Crash,12/13/2024 09:19:00 AM,GEORGIA AVE (SB/L),NA,Other,Cloudy,Dry,Daylight,Traffic Control Signal,NONE DETECTED,No,No Apparent Injury,NA,Not Distracted,MD,Passenger Car,Moving Constant Speed,25,No,2024,TOYOTA,COROLLA,39.159129,-77.0643855,2024,12,9
240059573,Injury Crash,12/13/2024 09:19:00 AM,GEORGIA AVE (SB/L),NA,Other,Cloudy,Dry,Daylight,Traffic Control Signal,NONE DETECTED,Yes,No Apparent Injury,"Failed to Yield Right-of-Way, Ran Red Light",Not Distracted,MD,Passenger Car,Moving Constant Speed,40,No,2016,TOYOTA,RAV4,39.159129,-77.0643855,2024,12,9
240059573,Injury Crash,12/13/2024 09:19:00 AM,GEORGIA AVE (SB/L),NA,Other,Cloudy,Dry,Daylight,Traffic Control Signal,NONE DETECTED,No,No Apparent Injury,NA,Not Distracted,MD,Pickup,Moving Constant Speed,25,No,2016,FORD,F-250,39.159129,-77.0643855,2024,12,9
240059569,Property Damage Crash,12/13/2024 09:00:00 AM,NORBECK RD,NA,Angle,Clear,Dry,Daylight,Traffic Control Signal,NONE DETECTED,No,No Apparent Injury,NA,Unknown,MD,Passenger Car,Moving Constant Speed,35,No,2007,HONDA,CIVIC,39.09934504,-77.09981993,2024,12,9
240059569,Property Damage Crash,12/13/2024 09:00:00 AM,NORBECK RD,NA,Angle,Clear,Dry,Daylight,Traffic Control Signal,NONE DETECTED,Yes,No Apparent Injury,"Failed to Yield Right-of-Way, Improper Turn",Unknown,NA,Van - Passenger (&lt;9 Seats),Turning Left,35,No,2010,HONDA,ODYSSEY,39.09934504,-77.09981993,2024,12,9
240059564,Injury Crash,12/13/2024 07:49:00 AM,OLD GEORGETOWN RD (SB/L),NA,Front to Rear,Cloudy,Ice/Frost,Daylight,No Controls,NONE DETECTED,No,Possible Minor Injury,NA,Not Distracted,MD,Passenger Car,Slowing or Stopping,35,No,2023,KIA,RIO,39.03305867,-77.12588183,2024,12,7
240059564,Injury Crash,12/13/2024 07:49:00 AM,OLD GEORGETOWN RD (SB/L),NA,Front to Rear,Cloudy,Ice/Frost,Daylight,No Controls,NONE DETECTED,Yes,No Apparent Injury,NA,Not Distracted,MD,Passenger Car,Slowing or Stopping,35,No,2017,TESLA,MODEL X,39.03305867,-77.12588183,2024,12,7
240059559,Property Damage Crash,12/13/2024 07:35:00 AM,EDNOR RD,NA,"Sideswipe, Opposite Direction",Cloudy,Dry,Daylight,No Controls,NONE DETECTED,No,No Apparent Injury,NA,Not Distracted,MD,Passenger Car,Moving Constant Speed,35,No,2010,TOYOTA,CAMRY,39.13519239,-76.99937172,2024,12,7
240059559,Property Damage Crash,12/13/2024 07:35:00 AM,EDNOR RD,NA,"Sideswipe, Opposite Direction",Cloudy,Dry,Daylight,No Controls,NONE DETECTED,Yes,NA,NA,NA,NA,NA,Moving Constant Speed,35,No,0,NA,NA,39.13519239,-76.99937172,2024,12,7
240059557,Property Damage Crash,12/13/2024 07:23:00 AM,NEW HAMPSHIRE AVE,NA,"Sideswipe, Same Direction",Clear,Dry,Daylight,No Controls,NONE DETECTED,No,No Apparent Injury,NA,Not Distracted,MD,Bus - Transit,Changing Lanes,20,No,2016,GILLIG,LOW FLOOR BUS,38.98832791,-76.98772241,2024,12,7
240059560,Injury Crash,12/13/2024 07:23:00 AM,ROCKVILLE PIKE (SB/L),NA,Other,Clear,Dry,Daylight,Traffic Control Signal,NONE DETECTED,No,Possible Minor Injury,NA,Not Distracted,MD,Sport Utility Vehicle,Moving Constant Speed,35,No,2005,ACURA,MDX,39.05885975,-77.12152511,2024,12,7
240059557,Property Damage Crash,12/13/2024 07:23:00 AM,NEW HAMPSHIRE AVE,NA,"Sideswipe, Same Direction",Clear,Dry,Daylight,No Controls,NONE DETECTED,No,No Apparent Injury,NA,Not Distracted,MD,Passenger Car,Moving Constant Speed,30,No,2015,TOYOTA,COROLLA,38.98832791,-76.98772241,2024,12,7
240059560,Injury Crash,12/13/2024 07:23:00 AM,ROCKVILLE PIKE (SB/L),NA,Other,Clear,Dry,Daylight,Traffic Control Signal,NONE DETECTED,No,No Apparent Injury,Failed to Yield Right-of-Way,Not Distracted,MD,Passenger Car,Turning Left,35,No,2020,AUDI,A3,39.05885975,-77.12152511,2024,12,7
240059558,Property Damage Crash,12/13/2024 07:20:00 AM,ORCHARD VALLEY DR,NA,Single Vehicle,Clear,Ice/Frost,Medium,Stop Sign,NONE DETECTED,Yes,No Apparent Injury,Ran Off Roadway,Unknown,MD,Sport Utility Vehicle,Moving Constant Speed,30,No,2012,ACURA,MDX,39.08827245,-77.21496049,2024,12,7
240059556,Property Damage Crash,12/13/2024 06:47:00 AM,FREDERICK RD (SB/L),NA,Single Vehicle,Clear,Dry,Medium,No Controls,NONE DETECTED,Yes,No Apparent Injury,Other Improper Action,Not Distracted,MD,Sport Utility Vehicle,Moving Constant Speed,40,No,2021,TOYOTA,RAV4,39.16781817,-77.23033483,2024,12,6
240059554,Property Damage Crash,12/13/2024 05:55:00 AM,FREDERICK RD,NA,Single Vehicle,Clear,Ice/Frost,Medium,No Controls,NONE DETECTED,No,No Apparent Injury,Ran Off Roadway,Unknown,MD,Sport Utility Vehicle,Moving Constant Speed,40,No,2001,TOYOTA,SEQUOIA,39.12077771,-77.174765,2024,12,5
240059547,Property Damage Crash,12/13/2024 02:55:00 AM,SPENCERVILLE RD,NA,Single Vehicle,Clear,Dry,Medium,Flashing Traffic Control Signal,NONE DETECTED,Yes,No Apparent Injury,"Over-Correcting/Over-Steering, Ran Off Roadway",Not Distracted,MD,Sport Utility Vehicle,Slowing or Stopping,40,No,2019,HONDA,PILOT,39.1159685,-76.96196383,2024,12,2
240059546,Injury Crash,12/13/2024 01:53:00 AM,LARKSPUR WAY,NA,Single Vehicle,Clear,Dry,Medium,No Controls,ALCOHOL PRESENT,No,Suspected Serious Injury,Operated Motor Vehicle in Reckless or Aggressive Manner,Not Distracted,NA,Passenger Car,Moving Constant Speed,25,No,2001,TOYOTA,CELICA,39.14817825,-77.18603054,2024,12,1
240059542,Injury Crash,12/12/2024 11:45:00 PM,GROSVENOR PL,NA,"Sideswipe, Opposite Direction",Clear,Dry,Medium,Stop Sign,NONE DETECTED,No,No Apparent Injury,NA,NA,NA,NA,Turning Left,20,No,0,NA,NA,39.02598477,-77.10381707,2024,12,23
240059542,Injury Crash,12/12/2024 11:45:00 PM,GROSVENOR PL,NA,"Sideswipe, Opposite Direction",Clear,Dry,Medium,No Controls,NONE DETECTED,No,Possible Minor Injury,NA,Not Distracted,MD,Passenger Car,Turning Right,20,No,2020,FORD,ECOSPORT,39.02598477,-77.10381707,2024,12,23
240059561,Property Damage Crash,12/12/2024 10:15:00 PM,CLARIDGE RD,NA,"Sideswipe, Same Direction",Clear,NA,Dark,No Controls,NONE DETECTED,Yes,No Apparent Injury,NA,Unknown,NA,Sport Utility Vehicle,Moving Constant Speed,25,No,2023,KIA,SOUL,39.054507889999996,-77.0638287,2024,12,22
240059527,Injury Crash,12/12/2024 09:33:00 PM,GEORGIA AVE,NA,Rear To Side,Cloudy,Dry,Medium,Traffic Control Signal,NONE DETECTED,No,Possible Minor Injury,NA,Not Distracted,MD,Pickup,Moving Constant Speed,40,No,2006,CHEVROLET,SILVERADO,39.22153264,-77.0598395,2024,12,21
240059527,Injury Crash,12/12/2024 09:33:00 PM,GEORGIA AVE,NA,Rear To Side,Cloudy,Dry,Medium,Traffic Control Signal,ALCOHOL PRESENT,Yes,No Apparent Injury,"Operated Motor Vehicle in Inattentive, Careless, Negligent, or Erratic Manner, Ran Red Light",Unknown,MD,Sport Utility Vehicle,Moving Constant Speed,40,No,2017,HONDA,RIDGELINE,39.22153264,-77.0598395,2024,12,21
240059517,Injury Crash,12/12/2024 08:16:00 PM,GLENMONT CIR #1,NA,"Sideswipe, Same Direction",Clear,Dry,Medium,Traffic Control Signal,NONE DETECTED,No,Possible Minor Injury,NA,Not Distracted,MD,Sport Utility Vehicle,Moving Constant Speed,35,No,2004,HONDA,CR-V,39.05901767,-77.04757783,2024,12,20
240059517,Injury Crash,12/12/2024 08:16:00 PM,GLENMONT CIR #1,NA,"Sideswipe, Same Direction",Clear,Dry,Medium,Traffic Control Signal,NONE DETECTED,Yes,No Apparent Injury,NA,Not Distracted,DC,Passenger Car,Changing Lanes,35,No,2012,FORD,FOCUS,39.05901767,-77.04757783,2024,12,20
240059516,Injury Crash,12/12/2024 08:15:00 PM,FLOWER HILL WAY,NA,Angle,Clear,Dry,Medium,Stop Sign,NONE DETECTED,Yes,Possible Minor Injury,Failed to Yield Right-of-Way,Unknown,MD,Passenger Car,Turning Left,35,No,2014,TOYOTA,CAMRY,39.16722985,-77.17295674,2024,12,20
240059516,Injury Crash,12/12/2024 08:15:00 PM,FLOWER HILL WAY,NA,Angle,Clear,Dry,Medium,No Controls,NONE DETECTED,No,No Apparent Injury,NA,Not Distracted,MD,Van - Passenger (&lt;9 Seats),Moving Constant Speed,35,No,2007,HONDA,ODYSSEY,39.16722985,-77.17295674,2024,12,20
240059524,Property Damage Crash,12/12/2024 07:37:00 PM,NA,NA,Front to Rear,Clear,NA,Medium,NA,NONE DETECTED,No,No Apparent Injury,Improper Backing,Unknown,NA,Passenger Car,Backing,0,No,2024,TESLA,MODEL Y,39.05790212,-77.11323194,2024,12,19
240059507,Injury Crash,12/12/2024 07:15:00 PM,NEBEL ST,NA,Single Vehicle,Clear,Dry,Medium,No Controls,NONE DETECTED,Yes,Suspected Serious Injury,"Other Improper Action, Ran Off Roadway",Unknown,MD,Passenger Car,Moving Constant Speed,30,No,2022,MERCEDES-BENZ,A-CLASS,39.05258783,-77.1106711,2024,12,19
240059522,Property Damage Crash,12/12/2024 07:00:00 PM,ROCK SPRING DR,NA,Angle,Clear,Dry,Medium,Stop Sign,NONE DETECTED,No,No Apparent Injury,"Disregarded Other Traffic Sign, Failed to Yield Right-of-Way, Ran Stop Sign",Unknown,NA,Passenger Car,Turning Left,25,No,2012,HONDA,ACCORD,39.02717817,-77.13447333,2024,12,19
240059522,Property Damage Crash,12/12/2024 07:00:00 PM,ROCK SPRING DR,NA,Angle,Clear,Dry,Medium,No Controls,NONE DETECTED,No,No Apparent Injury,NA,Not Distracted,MD,Passenger Car,Moving Constant Speed,25,No,2011,NISSAN,ALTIMA,39.02717817,-77.13447333,2024,12,19
240059305,Property Damage Crash,12/12/2024 05:59:00 PM,NA,NA,"Sideswipe, Same Direction",Clear,Wet,Medium,No Controls,NONE DETECTED,Yes,No Apparent Injury,NA,Not Distracted,MD,Passenger Car,Turning Right,40,No,2010,HONDA,CR-V,39.18252002,-77.26316461,2024,12,17
240059305,Property Damage Crash,12/12/2024 05:59:00 PM,NA,NA,"Sideswipe, Same Direction",Clear,Wet,Medium,No Controls,NONE DETECTED,No,No Apparent Injury,NA,Not Distracted,MD,Bus - Transit,Moving Constant Speed,40,No,2017,GILLIG,LOW FLOOR BUS,39.18252002,-77.26316461,2024,12,17
240059477,Injury Crash,12/12/2024 04:50:00 PM,LOST KNIFE RD (NB/L),Cyclist (non-electric),Single Vehicle,Clear,Dry,Medium,Stop Sign,NONE DETECTED,Yes,No Apparent Injury,"Failed to Yield Right-of-Way, Ran Stop Sign",Not Distracted,MD,Passenger Car,Turning Right,20,No,2017,TOYOTA,SIENNA,39.1572178,-77.20324396,2024,12,16
240059476,Property Damage Crash,12/12/2024 04:37:00 PM,QUINCE ORCHARD RD (SB/L),NA,Front to Rear,Clear,Dry,Daylight,Traffic Control Signal,NONE DETECTED,No,No Apparent Injury,NA,Not Distracted,MD,Pickup,Stopped in Traffic,40,No,2023,RAM,1500,39.12878766,-77.23704934,2024,12,16
240059476,Property Damage Crash,12/12/2024 04:37:00 PM,QUINCE ORCHARD RD (SB/L),NA,Front to Rear,Clear,Dry,Daylight,Traffic Control Signal,NONE DETECTED,No,No Apparent Injury,NA,Not Distracted,NY,Sport Utility Vehicle,Stopped in Traffic,40,No,2015,TOYOTA,SIENNA,39.12878766,-77.23704934,2024,12,16