Local Case Number,ACRS Report Type,Crash Date/Time,Road Name,Related Non-Motorist,Collision Type,Weather,Surface Condition,Light,Traffic Control,Driver Substance Abuse,Driver At Fault,Injury Severity,Circumstance,Driver Distracted By,Drivers License State,Vehicle Body Type,Vehicle Movement,Speed Limit,Driverless Vehicle,Vehicle Year,Vehicle Make,Vehicle Model,Latitude,Longitude,Year,Month,Hour
240059469,Property Damage Crash,12/12/2024 04:08:00 PM,NA,NA,Angle,Clear,NA,Daylight,NA,NONE DETECTED,No,NA,NA,NA,NA,Passenger Car,Backing,0,No,2016,ACURA,ILX,39.20124851,-77.24870813,2024,12,16
240059472,Property Damage Crash,12/12/2024 03:52:00 PM,NA,NA,Rear To Side,Clear,Dry,Daylight,No Controls,NONE DETECTED,No,No Apparent Injury,NA,Not Distracted,MD,Passenger Car,Turning Left,30,No,2023,KIA,SORENTO,39.18124572,-77.24490142,2024,12,15
240059472,Property Damage Crash,12/12/2024 03:52:00 PM,NA,NA,Rear To Side,Clear,Dry,Daylight,Stop Sign,NONE DETECTED,Yes,No Apparent Injury,NA,Not Distracted,MD,Passenger Car,Turning Left,5,No,2016,JEEP,GRAND CHEROKEE,39.18124572,-77.24490142,2024,12,15
240059451,Property Damage Crash,12/12/2024 02:33:00 PM,NA,NA,Front to Rear,Clear,NA,Daylight,NA,NONE DETECTED,No,No Apparent Injury,NA,Not Distracted,MD,Other,Stopped in Traffic,0,No,2019,FORD,F-550,39.08516278,-77.12992986,2024,12,14
240059451,Property Damage Crash,12/12/2024 02:33:00 PM,NA,NA,Front to Rear,Clear,NA,Daylight,NA,NONE DETECTED,Yes,No Apparent Injury,NA,Not Distracted,MD,Other,Moving Constant Speed,0,No,2025,FREIGHTLINER,M2,39.08516278,-77.12992986,2024,12,14
240059289,Property Damage Crash,12/12/2024 12:00:00 PM,NA,NA,Angle,Clear,NA,Daylight,NA,NONE DETECTED,No,No Apparent Injury,NA,Not Distracted,MD,Passenger Car,Stopped in Traffic,0,No,2023,TESLA,MODEL Y,39.15647353,-77.21355362,2024,12,12
240059289,Property Damage Crash,12/12/2024 12:00:00 PM,NA,NA,Angle,Clear,NA,Daylight,NA,NONE DETECTED,No,No Apparent Injury,Improper Backing,Unknown,NA,Passenger Car,Backing,0,No,2017,VOLKSWAGEN,PASSAT,39.15647353,-77.21355362,2024,12,12
240059403,Injury Crash,12/12/2024 11:25:00 AM,E JEFFERSON ST,NA,Front to Front,Clear,Dry,Daylight,No Controls,NONE DETECTED,No,No Apparent Injury,NA,Not Distracted,MD,Passenger Car,Moving Constant Speed,35,No,2013,TESLA,MODEL S,39.056005,-77.12609,2024,12,11
240059403,Injury Crash,12/12/2024 11:25:00 AM,E JEFFERSON ST,NA,Front to Front,Clear,Dry,Daylight,No Controls,NONE DETECTED,Yes,Possible Minor Injury,NA,Not Distracted,MD,Passenger Car,Turning Left,35,No,2014,NISSAN,ALTIMA,39.056005,-77.12609,2024,12,11
240059391,Injury Crash,12/12/2024 10:40:00 AM,KEY WEST AVE (WB/L),NA,Angle,Clear,Dry,Daylight,Traffic Control Signal,NONE DETECTED,No,No Apparent Injury,NA,Not Distracted,MD,Passenger Car,Moving Constant Speed,40,No,2019,NISSAN,SENTRA,39.1034658,-77.20617041,2024,12,10
240059391,Injury Crash,12/12/2024 10:40:00 AM,KEY WEST AVE (WB/L),NA,Angle,Clear,Dry,Daylight,Traffic Control Signal,NONE DETECTED,Yes,Possible Minor Injury,Failed to Yield Right-of-Way,Not Distracted,MD,Pickup,Turning Left,40,No,2000,CHEVROLET,SILVERADO,39.1034658,-77.20617041,2024,12,10
240059391,Injury Crash,12/12/2024 10:40:00 AM,KEY WEST AVE (WB/L),NA,Angle,Clear,Dry,Daylight,Traffic Control Signal,NONE DETECTED,No,No Apparent Injury,NA,Not Distracted,MD,Passenger Car,Stopped in Traffic,40,No,2015,CHEVROLET,MALIBU,39.1034658,-77.20617041,2024,12,10
240059379,Property Damage Crash,12/12/2024 09:05:00 AM,NA,NA,"Sideswipe, Opposite Direction",Clear,Ice/Frost,Daylight,No Controls,NONE DETECTED,Yes,No Apparent Injury,Other Improper Action,Not Distracted,MD,Other Trucks,Moving Constant Speed,35,No,1999,PETERBILT,UNKNOWN,39.20530567,-77.16520017,2024,12,9
240059379,Property Damage Crash,12/12/2024 09:05:00 AM,NA,NA,"Sideswipe, Opposite Direction",Clear,Ice/Frost,Daylight,No Controls,NONE DETECTED,Yes,No Apparent Injury,Other Improper Action,Not Distracted,MD,Bus - Transit,Moving Constant Speed,35,No,2021,GILLIG,LOW FLOOR BUS,39.20530567,-77.16520017,2024,12,9
240059371,Injury Crash,12/12/2024 08:39:00 AM,DARNESTOWN RD (WB/L),Cyclist (non-electric),Single Vehicle,Clear,Dry,Daylight,No Controls,NONE DETECTED,Yes,No Apparent Injury,NA,"Other Action (looking away from task, etc.)",MD,Passenger Car,Overtaking/Passing,40,No,2022,CHEVROLET,TRAVERSE,39.11810833,-77.25991333,2024,12,8
240059370,Injury Crash,12/12/2024 08:38:00 AM,BRIGGS CHANEY RD,NA,Angle,Clear,Dry,Daylight,Traffic Control Signal,NONE DETECTED,Yes,No Apparent Injury,NA,Unknown,MD,Passenger Car,Turning Left,35,No,2014,AUDI,A6,39.08112667,-76.94643418,2024,12,8
240059370,Injury Crash,12/12/2024 08:38:00 AM,BRIGGS CHANEY RD,NA,Angle,Clear,Dry,Daylight,Traffic Control Signal,NONE DETECTED,No,Possible Minor Injury,NA,Not Distracted,MD,Passenger Car,Moving Constant Speed,35,No,2015,ACURA,MDX,39.08112667,-76.94643418,2024,12,8
240059366,Injury Crash,12/12/2024 08:13:00 AM,NORTHAMPTON DR (SB/L),NA,"Sideswipe, Same Direction",Clear,Dry,Daylight,Traffic Control Signal,NONE DETECTED,No,Possible Minor Injury,NA,Not Distracted,MD,Passenger Car,Turning Right,35,No,2014,LEXUS,IS,39.00686649,-76.98042084,2024,12,8
240059366,Injury Crash,12/12/2024 08:13:00 AM,NORTHAMPTON DR (SB/L),NA,"Sideswipe, Same Direction",Clear,Dry,Daylight,Traffic Control Signal,NONE DETECTED,No,Possible Minor Injury,"Failed to Yield Right-of-Way, Improper Turn",Not Distracted,MD,Passenger Car,Turning Right,35,No,2016,TOYOTA,CAMRY,39.00686649,-76.98042084,2024,12,8
240059366,Injury Crash,12/12/2024 08:13:00 AM,NORTHAMPTON DR (SB/L),NA,"Sideswipe, Same Direction",Clear,Dry,Daylight,Traffic Control Signal,NONE DETECTED,No,No Apparent Injury,NA,Not Distracted,MD,Passenger Car,Slowing or Stopping,25,No,2010,INFINITI,QX56,39.00686649,-76.98042084,2024,12,8
240059360,Property Damage Crash,12/12/2024 07:50:00 AM,RIDGE RD (SB/L),NA,Single Vehicle,Snow,Ice/Frost,Daylight,No Controls,NONE DETECTED,Yes,No Apparent Injury,Too Fast For Conditions,Not Distracted,MD,Sport Utility Vehicle,Moving Constant Speed,30,No,2008,HUMMER,H3,39.29642639,-77.20415122,2024,12,7
240059368,Injury Crash,12/12/2024 07:26:00 AM,FARTHING DR,NA,Angle,Clear,Dry,Daylight,No Controls,NONE DETECTED,No,No Apparent Injury,NA,Not Distracted,MD,Bus - School,Moving Constant Speed,30,No,2019,THOMAS BUILT,HDX,39.06150092,-77.06926754,2024,12,7
240059368,Injury Crash,12/12/2024 07:26:00 AM,FARTHING DR,NA,Angle,Clear,Dry,Daylight,Stop Sign,NONE DETECTED,Yes,No Apparent Injury,Improper Backing,Unknown,NA,Passenger Car,Backing,30,No,2013,HONDA,CIVIC,39.06150092,-77.06926754,2024,12,7
240059358,Injury Crash,12/12/2024 07:24:00 AM,DARNESTOWN RD,NA,Front to Rear,Clear,Dry,Daylight,No Controls,NONE DETECTED,No,Possible Minor Injury,NA,Not Distracted,MD,Sport Utility Vehicle,Moving Constant Speed,40,No,2016,MERCEDES-BENZ,GLE-CLASS,39.112225,-77.30632,2024,12,7
240059358,Injury Crash,12/12/2024 07:24:00 AM,DARNESTOWN RD,NA,Front to Rear,Clear,Dry,Daylight,No Controls,NONE DETECTED,Yes,No Apparent Injury,"Operated Motor Vehicle in Inattentive, Careless, Negligent, or Erratic Manner","Other Action (looking away from task, etc.)",MD,Passenger Car,Moving Constant Speed,40,No,2011,CHEVROLET,CRUZE,39.112225,-77.30632,2024,12,7
240059345,Property Damage Crash,12/12/2024 05:55:00 AM,RANDOLPH RD,NA,Angle,Clear,Wet,Medium,No Controls,NONE DETECTED,No,No Apparent Injury,NA,Not Distracted,MD,Passenger Car,Moving Constant Speed,5,No,2022,HONDA,ACCORD,39.05906179,-77.04743789,2024,12,5
240059345,Property Damage Crash,12/12/2024 05:55:00 AM,RANDOLPH RD,NA,Angle,Clear,Wet,Medium,Stop Sign,NONE DETECTED,Yes,No Apparent Injury,NA,Unknown,MD,Sport Utility Vehicle,Turning Left,25,No,2024,CHEVROLET,TRAX,39.05906179,-77.04743789,2024,12,5
240059326,Property Damage Crash,12/11/2024 09:13:00 PM,NA,NA,Front to Rear,Clear,NA,Medium,NA,NONE DETECTED,Yes,No Apparent Injury,NA,Not Distracted,NA,Sport Utility Vehicle,Stopped in Traffic,0,No,2006,HONDA,PILOT,38.98790435,-76.98648497,2024,12,21
240059326,Property Damage Crash,12/11/2024 09:13:00 PM,NA,NA,Front to Rear,Clear,NA,Medium,NA,ALCOHOL PRESENT,Yes,No Apparent Injury,NA,Unknown,NA,Passenger Car,Slowing or Stopping,0,No,2013,MAZDA,MAZDA6,38.98790435,-76.98648497,2024,12,21
240059313,Injury Crash,12/11/2024 06:42:00 PM,NA,Pedestrian,Single Vehicle,Clear,NA,Medium,NA,NONE DETECTED,No,NA,NA,NA,NA,Sport Utility Vehicle,Accelerating,0,No,2023,MERCEDES-BENZ,GLS-CLASS,39.04986326,-77.11787598,2024,12,18
240059409,Property Damage Crash,12/11/2024 06:15:00 PM,RYLAND DR,Cyclist (non-electric),Single Vehicle,Clear,Dry,Dark,Traffic Control Signal,NONE DETECTED,No,No Apparent Injury,NA,"Other Action (looking away from task, etc.)",MD,Passenger Car,Turning Left,35,No,2023,TOYOTA,BZ4X,39.01313635,-77.11712976,2024,12,18
240059295,Property Damage Crash,12/11/2024 05:40:00 PM,NA,NA,"Sideswipe, Same Direction",Rain,Wet,Medium,Pedestrian Crossing,NONE DETECTED,No,No Apparent Injury,NA,Not Distracted,MD,Passenger Car,Moving Constant Speed,25,No,2016,CHEVROLET,COLORADO,39.08291126,-77.14347601,2024,12,17
240059295,Property Damage Crash,12/11/2024 05:40:00 PM,NA,NA,"Sideswipe, Same Direction",Rain,Wet,Medium,Stop Sign,NONE DETECTED,Yes,No Apparent Injury,NA,Not Distracted,MD,Passenger Car,Turning Right,25,No,2011,HONDA,ACCORD,39.08291126,-77.14347601,2024,12,17
240059290,Property Damage Crash,12/11/2024 05:08:00 PM,GREAT SENECA HWY,NA,"Sideswipe, Same Direction",Rain,Wet,Medium,No Controls,NONE DETECTED,No,NA,NA,NA,NA,NA,Moving Constant Speed,40,No,0,NA,NA,39.16351632,-77.27372243,2024,12,17
240059290,Property Damage Crash,12/11/2024 05:08:00 PM,GREAT SENECA HWY,NA,"Sideswipe, Same Direction",Rain,Wet,Medium,No Controls,NONE DETECTED,No,No Apparent Injury,NA,Not Distracted,MD,Passenger Car,Moving Constant Speed,40,No,2005,TOYOTA,COROLLA,39.16351632,-77.27372243,2024,12,17
240059286,Property Damage Crash,12/11/2024 05:07:00 PM,OLD COLUMBIA PIKE,NA,Angle,Rain,Wet,Medium,Stop Sign,NONE DETECTED,No,No Apparent Injury,NA,Unknown,MD,Passenger Car,Accelerating,35,No,2021,TOYOTA,COROLLA,39.11053272,-76.93399063,2024,12,17
240059286,Property Damage Crash,12/11/2024 05:07:00 PM,OLD COLUMBIA PIKE,NA,Angle,Rain,Wet,Medium,No Controls,NONE DETECTED,No,No Apparent Injury,NA,Not Distracted,MD,Passenger Car,Moving Constant Speed,35,No,2010,FORD,ESCAPE,39.11053272,-76.93399063,2024,12,17
240059292,Property Damage Crash,12/11/2024 05:00:00 PM,METRORAIL TRACK B2 RAIL,NA,Front to Rear,Rain,Wet,Medium,No Controls,NONE DETECTED,No,No Apparent Injury,NA,Not Distracted,MD,Passenger Car,Stopped in Traffic,25,No,2015,HONDA,ACCORD,39.03372194,-77.04923955,2024,12,17
240059292,Property Damage Crash,12/11/2024 05:00:00 PM,METRORAIL TRACK B2 RAIL,NA,Front to Rear,Rain,Wet,Medium,No Controls,NONE DETECTED,Yes,No Apparent Injury,"Other Improper Action, Too Fast For Conditions",Unknown,MD,Pickup,Moving Constant Speed,25,No,2007,FORD,F-150,39.03372194,-77.04923955,2024,12,17
240059278,Property Damage Crash,12/11/2024 04:28:00 PM,RIDGWAY AVE,NA,Single Vehicle,Rain,Wet,Medium,No Controls,NONE DETECTED,Yes,No Apparent Injury,NA,Not Distracted,MD,Bus - School,Making U-Turn,20,No,2012,FREIGHTLINER,B2 BUS CHASSIS,39.06724326,-77.11885226,2024,12,16
240059276,Property Damage Crash,12/11/2024 04:06:00 PM,CENTURY BLVD,NA,Front to Rear,Rain,Wet,Daylight,No Controls,NONE DETECTED,No,No Apparent Injury,NA,Not Distracted,MD,Passenger Car,Slowing or Stopping,20,No,2024,TOYOTA,RAV4,39.18138394,-77.26648521,2024,12,16
240059276,Property Damage Crash,12/11/2024 04:06:00 PM,CENTURY BLVD,NA,Front to Rear,Rain,Wet,Daylight,No Controls,NONE DETECTED,No,NA,NA,NA,NA,Passenger Car,Slowing or Stopping,20,No,2017,HYUNDAI,ELANTRA,39.18138394,-77.26648521,2024,12,16
240059272,Injury Crash,12/11/2024 03:54:00 PM,RAMP 9 FR TOWER OAKS BLVD TO RAMP 2,NA,Front to Front,Rain,Wet,Daylight,Traffic Control Signal,NONE DETECTED,No,Possible Minor Injury,NA,Not Distracted,MD,Passenger Car,Moving Constant Speed,30,No,2015,MINI,HARDTOP,39.05861589,-77.15225546,2024,12,15
240059272,Injury Crash,12/11/2024 03:54:00 PM,RAMP 9 FR TOWER OAKS BLVD TO RAMP 2,NA,Front to Front,Rain,Wet,Daylight,Traffic Control Signal,NONE DETECTED,Yes,Possible Minor Injury,NA,Not Distracted,MD,Passenger Car,Turning Left,30,No,2022,BMW,430I,39.05861589,-77.15225546,2024,12,15
240059266,Injury Crash,12/11/2024 03:52:00 PM,DOMER AVE,Pedestrian,Single Vehicle,Rain,Wet,Daylight,Stop Sign,NONE DETECTED,Yes,No Apparent Injury,"Disregarded Other Traffic Sign, Ran Stop Sign, Too Fast For Conditions",Unknown,NA,Passenger Car,Turning Left,25,No,2020,CHEVROLET,EQUINOX,38.99688195,-76.99868277,2024,12,15
240059255,Property Damage Crash,12/11/2024 03:00:00 PM,SNOUFFERS SCHOOL RD,NA,Front to Rear,Cloudy,Wet,Daylight,No Controls,NONE DETECTED,Yes,No Apparent Injury,NA,Not Distracted,MD,Pickup,Slowing or Stopping,35,No,2011,CHEVROLET,SILVERADO,39.168887,-77.17572083,2024,12,15
240059255,Property Damage Crash,12/11/2024 03:00:00 PM,SNOUFFERS SCHOOL RD,NA,Front to Rear,Cloudy,Wet,Daylight,No Controls,NONE DETECTED,No,No Apparent Injury,NA,Not Distracted,MD,Passenger Car,Slowing or Stopping,35,No,2022,KIA,FORTE,39.168887,-77.17572083,2024,12,15
240059244,Property Damage Crash,12/11/2024 01:51:00 PM,MONTROSE PKWY (WB/L),NA,Single Vehicle,Rain,Wet,Daylight,No Controls,NONE DETECTED,No,No Apparent Injury,Too Fast For Conditions,Unknown,VA,Sport Utility Vehicle,Negotiating a Curve,40,No,2015,JEEP,CHEROKEE,39.05183197,-77.134744,2024,12,13
240059239,Property Damage Crash,12/11/2024 01:41:00 PM,LORAIN AVE,NA,Front to Front,Rain,Wet,Daylight,Stop Sign,NONE DETECTED,No,No Apparent Injury,NA,Not Distracted,MD,Passenger Car,Turning Left,30,No,2024,CHEVROLET,TRAVERSE,39.02180149,-77.01514423,2024,12,13
240059239,Property Damage Crash,12/11/2024 01:41:00 PM,LORAIN AVE,NA,Front to Front,Rain,Wet,Daylight,Stop Sign,NONE DETECTED,No,No Apparent Injury,NA,Not Distracted,MD,Passenger Car,Turning Left,30,No,2008,HONDA,ODYSSEY,39.02180149,-77.01514423,2024,12,13
240059243,Property Damage Crash,12/11/2024 01:31:00 PM,EVANSTON ST,NA,"Sideswipe, Same Direction",Rain,Wet,Daylight,No Controls,NONE DETECTED,No,No Apparent Injury,NA,Not Distracted,MD,Passenger Car,Moving Constant Speed,25,No,2004,TOYOTA,CAMRY,39.0692977,-77.0910446,2024,12,13
240059243,Property Damage Crash,12/11/2024 01:31:00 PM,EVANSTON ST,NA,"Sideswipe, Same Direction",Rain,Wet,Daylight,No Controls,NONE DETECTED,Yes,No Apparent Injury,Improper Passing,Not Distracted,NA,Sport Utility Vehicle,Overtaking/Passing,25,No,2002,CHEVROLET,TAHOE,39.0692977,-77.0910446,2024,12,13
240059231,Property Damage Crash,12/11/2024 01:19:00 PM,NA,NA,Front to Rear,Rain,NA,Daylight,NA,NONE DETECTED,No,No Apparent Injury,NA,Not Distracted,MD,Passenger Car,Stopped in Traffic,0,No,2025,CHEVROLET,EQUINOX EV,39.12699724,-77.16398914,2024,12,13
240059231,Property Damage Crash,12/11/2024 01:19:00 PM,NA,NA,Front to Rear,Rain,NA,Daylight,NA,NONE DETECTED,Yes,No Apparent Injury,NA,Not Distracted,MD,Bus - School,Backing,0,No,2018,FREIGHTLINER,B2 BUS CHASSIS,39.12699724,-77.16398914,2024,12,13
240059225,Property Damage Crash,12/11/2024 12:54:00 PM,NA,NA,Front to Rear,Rain,NA,Daylight,NA,NONE DETECTED,Yes,No Apparent Injury,NA,Not Distracted,MD,Sport Utility Vehicle,Backing,0,No,2023,GMC,ACADIA,39.07566738,-77.13794833,2024,12,12
240059225,Property Damage Crash,12/11/2024 12:54:00 PM,NA,NA,Front to Rear,Rain,NA,Daylight,NA,NONE DETECTED,No,No Apparent Injury,NA,Not Distracted,MD,Sport Utility Vehicle,Stopped in Traffic,0,No,2016,FORD,ESCAPE,39.07566738,-77.13794833,2024,12,12
240059219,Injury Crash,12/11/2024 12:40:00 PM,OLD GEORGETOWN RD,Pedestrian,Single Vehicle,Rain,Wet,Daylight,Traffic Control Signal,NONE DETECTED,Yes,No Apparent Injury,NA,"Other Action (looking away from task, etc.)",MD,Passenger Car,Turning Left,25,No,2017,VOLKSWAGEN,GOLF ALLTRACK,38.98884118,-77.10101639,2024,12,12
240059211,Property Damage Crash,12/11/2024 11:40:00 AM,STONEY CREEK RD,NA,Angle,Rain,Wet,Daylight,No Controls,NONE DETECTED,No,No Apparent Injury,NA,"Other Action (looking away from task, etc.)",MD,Passenger Car,Moving Constant Speed,30,No,2013,TOYOTA,PRIUS,39.0651,-77.26558333,2024,12,11
240059211,Property Damage Crash,12/11/2024 11:40:00 AM,STONEY CREEK RD,NA,Angle,Rain,Wet,Daylight,Stop Sign,NONE DETECTED,No,No Apparent Injury,NA,Not Distracted,VA,Passenger Car,Turning Right,30,No,2023,FORD,BRONCO,39.0651,-77.26558333,2024,12,11
240059205,Property Damage Crash,12/11/2024 11:37:00 AM,NA,NA,"Sideswipe, Opposite Direction",Clear,NA,Daylight,NA,NONE DETECTED,No,No Apparent Injury,NA,NA,NA,Unknown,NA,0,No,0,NA,NA,39.1548196,-77.06608674,2024,12,11
240059205,Property Damage Crash,12/11/2024 11:37:00 AM,NA,NA,"Sideswipe, Opposite Direction",Clear,NA,Daylight,NA,NONE DETECTED,No,No Apparent Injury,NA,Not Distracted,MD,Passenger Car,Parked,0,No,2023,BMW,228I,39.1548196,-77.06608674,2024,12,11
240059189,Property Damage Crash,12/11/2024 11:30:00 AM,HAYDEN DR,NA,"Sideswipe, Same Direction",Rain,Wet,Daylight,No Controls,NONE DETECTED,Yes,No Apparent Injury,NA,Unknown,MD,Bus - School,Moving Constant Speed,10,No,2022,FREIGHTLINER,B2 BUS CHASSIS,39.02008325,-77.05263803,2024,12,11
240059190,Property Damage Crash,12/11/2024 10:03:00 AM,RAMP 4 FR MD 182 NB TO MD 200 EB,NA,Single Vehicle,Rain,Wet,Daylight,Traffic Control Signal,NONE DETECTED,Yes,No Apparent Injury,NA,Unknown,MD,Sport Utility Vehicle,Moving Constant Speed,35,No,2018,AUDI,Q5,39.09866932,-77.04274918,2024,12,10
240059164,Property Damage Crash,12/11/2024 08:34:00 AM,NA,NA,Angle,Rain,Wet,Daylight,Stop Sign,NONE DETECTED,Yes,No Apparent Injury,Failed to Yield Right-of-Way,Unknown,MD,Sport Utility Vehicle,Turning Left,40,No,2002,JEEP,LIBERTY,39.06221667,-77.28416333,2024,12,8
240059164,Property Damage Crash,12/11/2024 08:34:00 AM,NA,NA,Angle,Rain,Wet,Daylight,No Controls,NONE DETECTED,No,No Apparent Injury,NA,Not Distracted,VA,Sport Utility Vehicle,Moving Constant Speed,40,No,2021,LAND ROVER,RANGE ROVER,39.06221667,-77.28416333,2024,12,8
240059165,Property Damage Crash,12/11/2024 08:20:00 AM,BLICK DR,NA,"Sideswipe, Same Direction",Rain,Wet,Daylight,No Controls,NONE DETECTED,No,No Apparent Injury,NA,Not Distracted,MD,Passenger Car,Parked,30,No,2024,ISUZU,NRR,39.0605715,-76.99902783,2024,12,8
240059165,Property Damage Crash,12/11/2024 08:20:00 AM,BLICK DR,NA,"Sideswipe, Same Direction",Rain,Wet,Daylight,No Controls,NONE DETECTED,No,NA,"Improper Passing, Operated Motor Vehicle in Inattentive, Careless, Negligent, or Erratic Manner",NA,NA,Passenger Car,Moving Constant Speed,30,No,2024,HONDA,ODYSSEY,39.0605715,-76.99902783,2024,12,8
240059151,Property Damage Crash,12/11/2024 07:30:00 AM,DARNESTOWN RD,NA,Front to Rear,Rain,Wet,Medium,No Controls,NONE DETECTED,Yes,No Apparent Injury,Followed Too Closely,Unknown,MD,Van - Passenger (&lt;9 Seats),Slowing or Stopping,40,No,2017,RAM,PROMASTER 1500,39.11230167,-77.30686167,2024,12,7
240059151,Property Damage Crash,12/11/2024 07:30:00 AM,DARNESTOWN RD,NA,Front to Rear,Rain,Wet,Medium,No Controls,NONE DETECTED,No,No Apparent Injury,NA,Not Distracted,VA,Sport Utility Vehicle,Slowing or Stopping,40,No,2016,CHEVROLET,TRAVERSE,39.11230167,-77.30686167,2024,12,7
240059151,Property Damage Crash,12/11/2024 07:30:00 AM,DARNESTOWN RD,NA,Front to Rear,Rain,Wet,Medium,No Controls,NONE DETECTED,No,No Apparent Injury,NA,Not Distracted,WV,Sport Utility Vehicle,Slowing or Stopping,40,No,2021,TOYOTA,RAV4,39.11230167,-77.30686167,2024,12,7
240059151,Property Damage Crash,12/11/2024 07:30:00 AM,DARNESTOWN RD,NA,Front to Rear,Rain,Wet,Medium,No Controls,NONE DETECTED,No,NA,NA,NA,NA,Unknown,Slowing or Stopping,40,No,0,NA,NA,39.11230167,-77.30686167,2024,12,7
240059151,Property Damage Crash,12/11/2024 07:30:00 AM,DARNESTOWN RD,NA,Front to Rear,Rain,Wet,Medium,No Controls,NONE DETECTED,No,No Apparent Injury,NA,Not Distracted,MD,Sport Utility Vehicle,Slowing or Stopping,40,No,2020,HYUNDAI,SANTA FE,39.11230167,-77.30686167,2024,12,7
240059147,Property Damage Crash,12/11/2024 07:24:00 AM,CONTOUR RD,NA,Single Vehicle,Rain,Wet,Daylight,No Controls,NONE DETECTED,No,No Apparent Injury,NA,Not Distracted,MD,Bus - School,Turning Left,25,No,2025,FREIGHTLINER,B2 106 ELECTRIC CONVENTIONAL CHASSIS,39.15397337,-77.19710485,2024,12,7
240059144,Property Damage Crash,12/11/2024 06:33:00 AM,SHAKESPEARE BLVD,NA,Front to Rear,Rain,Wet,Medium,Traffic Control Signal,NONE DETECTED,Yes,No Apparent Injury,Too Fast For Conditions,Not Distracted,MD,Passenger Car,Slowing or Stopping,45,No,1999,HONDA,CIVIC,39.19836766,-77.24480695,2024,12,6
240059144,Property Damage Crash,12/11/2024 06:33:00 AM,SHAKESPEARE BLVD,NA,Front to Rear,Rain,Wet,Medium,Traffic Control Signal,NONE DETECTED,No,No Apparent Injury,NA,Not Distracted,MD,Passenger Car,Slowing or Stopping,45,No,2022,BMW,740LI,39.19836766,-77.24480695,2024,12,6
240059143,Property Damage Crash,12/11/2024 06:31:00 AM,BRADLEY BLVD,NA,Single Vehicle,Rain,Wet,Medium,No Controls,NONE DETECTED,No,No Apparent Injury,NA,Not Distracted,MD,Bus - Transit,Slowing or Stopping,35,No,2013,GILLIG,LOW FLOOR BUS,39.01056483,-77.16424817,2024,12,6
240059134,Property Damage Crash,12/11/2024 05:07:00 AM,ADELPHI RD,NA,"Sideswipe, Same Direction",Rain,Wet,Medium,Traffic Control Signal,NONE DETECTED,Yes,No Apparent Injury,NA,Unknown,MD,Sport Utility Vehicle,Turning Left,35,No,2020,HONDA,HR-V,39.01142413,-76.9789784,2024,12,5
240059134,Property Damage Crash,12/11/2024 05:07:00 AM,ADELPHI RD,NA,"Sideswipe, Same Direction",Rain,Wet,Medium,Traffic Control Signal,NONE DETECTED,No,No Apparent Injury,NA,Unknown,MD,Pickup,Turning Left,35,No,2006,FORD,RANGER,39.01142413,-76.9789784,2024,12,5
240058291,Property Damage Crash,12/11/2024 03:12:00 AM,NA,NA,Single Vehicle,Clear,Dry,Dark,Flashing Traffic Control Signal,ALCOHOL PRESENT,Yes,No Apparent Injury,"Improper Turn, Too Fast For Conditions",Unknown,MD,Passenger Car,Turning Left,30,No,2023,TESLA,MODEL 3,39.00923633,-77.22056898,2024,12,3
240059119,Property Damage Crash,12/10/2024 09:23:00 PM,NA,NA,Angle,Rain,NA,Medium,NA,NONE DETECTED,Yes,No Apparent Injury,Failed to Yield Right-of-Way,Unknown,MD,Sport Utility Vehicle,Turning Right,0,No,2015,DODGE,JOURNEY,39.15310833,-77.197365,2024,12,21
240059119,Property Damage Crash,12/10/2024 09:23:00 PM,NA,NA,Angle,Rain,NA,Medium,NA,NONE DETECTED,Yes,No Apparent Injury,"Operated Motor Vehicle in Inattentive, Careless, Negligent, or Erratic Manner, Too Fast For Conditions",Unknown,MD,Passenger Car,Accelerating,0,No,2010,ACURA,TSX,39.15310833,-77.197365,2024,12,21