Local Case Number,ACRS Report Type,Crash Date/Time,Road Name,Related Non-Motorist,Collision Type,Weather,Surface Condition,Light,Traffic Control,Driver Substance Abuse,Driver At Fault,Injury Severity,Circumstance,Driver Distracted By,Drivers License State,Vehicle Body Type,Vehicle Movement,Speed Limit,Driverless Vehicle,Vehicle Year,Vehicle Make,Vehicle Model,Latitude,Longitude,Year,Month,Hour
240059097,Injury Crash,12/10/2024 07:14:00 PM,NA,NA,Single Vehicle,Rain,NA,Dark,NA,NONE DETECTED,Yes,Possible Minor Injury,Other Improper Action,Not Distracted,MD,Bus - Transit,Turning Left,0,No,2019,GILLIG,LOW FLOOR BUS,39.15295722,-77.19968509,2024,12,19
240059085,Property Damage Crash,12/10/2024 05:19:00 PM,NA,NA,Angle,Rain,Wet,Medium,Stop Sign,NONE DETECTED,No,No Apparent Injury,NA,Not Distracted,MD,Passenger Car,Turning Left,30,No,2015,TOYOTA,SCION TC,39.19586458,-77.23844834,2024,12,17
240059085,Property Damage Crash,12/10/2024 05:19:00 PM,NA,NA,Angle,Rain,Wet,Medium,Stop Sign,NONE DETECTED,Yes,No Apparent Injury,NA,Unknown,MD,Sport Utility Vehicle,Accelerating,30,No,2008,TOYOTA,SEQUOIA,39.19586458,-77.23844834,2024,12,17
240059075,Injury Crash,12/10/2024 04:55:00 PM,EAST WEST HWY (WB/L),NA,Other,Rain,Wet,Medium,Traffic Control Signal,NONE DETECTED,No,Possible Minor Injury,NA,Not Distracted,MD,Passenger Car,Moving Constant Speed,35,No,2011,TOYOTA,COROLLA,38.99391718,-77.05214695,2024,12,16
240059075,Injury Crash,12/10/2024 04:55:00 PM,EAST WEST HWY (WB/L),NA,Other,Rain,Wet,Medium,Traffic Control Signal,NONE DETECTED,Yes,Possible Minor Injury,NA,Unknown,MD,Passenger Car,Turning Left,35,No,2013,HONDA,ACCORD,38.99391718,-77.05214695,2024,12,16
240059084,Property Damage Crash,12/10/2024 04:50:00 PM,GEORGIA AVE (SB/L),NA,Front to Rear,Rain,Wet,Medium,Traffic Control Signal,NONE DETECTED,No,No Apparent Injury,NA,Not Distracted,PA,Passenger Car,Slowing or Stopping,35,No,2017,JEEP,COMPASS,39.02138217,-77.04481633,2024,12,16
240059084,Property Damage Crash,12/10/2024 04:50:00 PM,GEORGIA AVE (SB/L),NA,Front to Rear,Rain,Wet,Medium,Traffic Control Signal,NONE DETECTED,No,No Apparent Injury,NA,Not Distracted,MD,Passenger Car,Slowing or Stopping,35,No,2015,LEXUS,RX,39.02138217,-77.04481633,2024,12,16
240059072,Property Damage Crash,12/10/2024 04:44:00 PM,W EDMONSTON DR,NA,"Sideswipe, Same Direction",Rain,Wet,Medium,No Controls,NONE DETECTED,Yes,No Apparent Injury,NA,Not Distracted,MD,Bus - School,Moving Constant Speed,25,No,2014,FREIGHTLINER,B2 BUS CHASSIS,39.07346085,-77.13696269,2024,12,16
240059072,Property Damage Crash,12/10/2024 04:44:00 PM,W EDMONSTON DR,NA,"Sideswipe, Same Direction",Rain,Wet,Medium,No Controls,NONE DETECTED,No,No Apparent Injury,NA,Not Distracted,MD,Van - Passenger (&lt;9 Seats),Stopped in Traffic,25,No,2023,CHRYSLER,PACIFICA,39.07346085,-77.13696269,2024,12,16
240059701,Property Damage Crash,12/10/2024 04:30:00 PM,RAMP 5 FR IS 270Y SB TO WESTLAKE TERR,NA,Angle,Rain,Wet,Medium,Traffic Control Signal,NONE DETECTED,No,No Apparent Injury,NA,Not Distracted,MD,Passenger Car,Turning Left,35,No,2023,TESLA,MODEL Y,39.026394259999996,-77.14181854,2024,12,16
240059701,Property Damage Crash,12/10/2024 04:30:00 PM,RAMP 5 FR IS 270Y SB TO WESTLAKE TERR,NA,Angle,Rain,Wet,Medium,Traffic Control Signal,NONE DETECTED,No,No Apparent Injury,NA,Not Distracted,MD,Passenger Car,Moving Constant Speed,35,No,2015,JEEP,WRANGLER,39.026394259999996,-77.14181854,2024,12,16
240059052,Property Damage Crash,12/10/2024 03:45:00 PM,OLNEY LAYTONSVILLE RD,NA,Angle,Cloudy,Dry,Daylight,No Controls,NONE DETECTED,No,No Apparent Injury,NA,Not Distracted,FL,Passenger Car,Moving Constant Speed,30,No,2015,HONDA,ACCORD,39.1538717,-77.06825575,2024,12,15
240059052,Property Damage Crash,12/10/2024 03:45:00 PM,OLNEY LAYTONSVILLE RD,NA,Angle,Cloudy,Dry,Daylight,No Controls,NONE DETECTED,Yes,No Apparent Injury,Improper Turn,"Other Action (looking away from task, etc.)",MD,Passenger Car,Turning Left,30,No,2018,CHRYSLER,PACIFICA,39.1538717,-77.06825575,2024,12,15
240059047,Property Damage Crash,12/10/2024 03:36:00 PM,MAPLE AVE,NA,Front to Rear,Rain,Wet,Daylight,No Controls,NONE DETECTED,No,No Apparent Injury,NA,Not Distracted,MD,Passenger Car,Parked,20,No,2020,CHEVROLET,BOLT EV,38.98115783,-77.00986893,2024,12,15
240059047,Property Damage Crash,12/10/2024 03:36:00 PM,MAPLE AVE,NA,Front to Rear,Rain,Wet,Daylight,No Controls,NONE DETECTED,No,No Apparent Injury,NA,Not Distracted,MD,Passenger Car,Backing,20,No,2006,ACURA,TL,38.98115783,-77.00986893,2024,12,15
240059048,Injury Crash,12/10/2024 03:25:00 PM,FALLS RD,NA,Single Vehicle,Rain,Wet,Daylight,No Controls,NONE DETECTED,Yes,Possible Minor Injury,"Disregarded Other Road Markings, Failed to Keep in Proper Lane",Unknown,MD,Passenger Car,Moving Constant Speed,35,No,2014,NISSAN,MURANO,39.05906119,-77.17787915,2024,12,15
240059049,Property Damage Crash,12/10/2024 03:10:00 PM,NA,NA,Front to Rear,Clear,Wet,Daylight,No Controls,NONE DETECTED,No,No Apparent Injury,NA,Not Distracted,MD,Sport Utility Vehicle,Moving Constant Speed,25,No,2023,BMW,X5,38.99973065,-77.22433493,2024,12,15
240059049,Property Damage Crash,12/10/2024 03:10:00 PM,NA,NA,Front to Rear,Clear,Wet,Daylight,No Controls,NONE DETECTED,No,No Apparent Injury,NA,Not Distracted,MD,Other,Turning Left,25,No,2024,RAM,PROMASTER 2500,38.99973065,-77.22433493,2024,12,15
240059023,Property Damage Crash,12/10/2024 01:31:00 PM,SHADY GROVE RD,NA,Single Vehicle,Cloudy,Dry,Daylight,No Controls,NONE DETECTED,Yes,No Apparent Injury,NA,Not Distracted,MD,Passenger Car,Accelerating,40,No,2016,NISSAN,ROGUE,39.10762167,-77.18915167,2024,12,13
240058830,Property Damage Crash,12/10/2024 12:00:00 PM,NA,NA,"Sideswipe, Same Direction",Clear,Dry,Daylight,No Controls,NONE DETECTED,No,No Apparent Injury,NA,Unknown,MD,Unknown,Moving Constant Speed,40,No,2018,FREIGHTLINER,M2,39.14714598,-77.00992485,2024,12,12
240059001,Injury Crash,12/10/2024 10:51:00 AM,CONTOUR RD,NA,Rear To Side,Cloudy,Wet,Daylight,Traffic Control Signal,NONE DETECTED,No,Possible Minor Injury,NA,Unknown,MD,Passenger Car,Turning Left,20,No,2019,HONDA,HR-V,39.15242439,-77.1960311,2024,12,10
240059001,Injury Crash,12/10/2024 10:51:00 AM,CONTOUR RD,NA,Rear To Side,Cloudy,Wet,Daylight,Traffic Control Signal,NONE DETECTED,No,No Apparent Injury,NA,Unknown,MD,Passenger Car,NA,35,No,2018,BUICK,ENCORE,39.15242439,-77.1960311,2024,12,10
240058999,Property Damage Crash,12/10/2024 10:44:00 AM,E JEFFERSON ST (WB/L),NA,"Sideswipe, Same Direction",Clear,Wet,Daylight,Traffic Control Signal,NONE DETECTED,Yes,No Apparent Injury,NA,Not Distracted,MD,Van - Passenger (&lt;9 Seats),Moving Constant Speed,30,No,2011,FORD,E-350,39.08194156,-77.14909164,2024,12,10
240058999,Property Damage Crash,12/10/2024 10:44:00 AM,E JEFFERSON ST (WB/L),NA,"Sideswipe, Same Direction",Clear,Wet,Daylight,Traffic Control Signal,NONE DETECTED,No,No Apparent Injury,NA,Not Distracted,MD,Pickup,Stopped in Traffic,30,No,2022,RAM,3500,39.08194156,-77.14909164,2024,12,10
240058994,Injury Crash,12/10/2024 09:55:00 AM,NA,NA,Single Vehicle,Cloudy,Wet,Daylight,No Controls,ALCOHOL PRESENT,Yes,Suspected Serious Injury,"Ran Off Roadway, Too Fast For Conditions",Unknown,MD,Station Wagon,Negotiating a Curve,50,No,2015,SUBARU,XV CROSSTREK,39.16792406,-77.3915378,2024,12,9
240059009,Property Damage Crash,12/10/2024 09:45:00 AM,NA,NA,Front to Rear,Cloudy,Wet,Daylight,Traffic Control Signal,NONE DETECTED,No,No Apparent Injury,NA,Not Distracted,MD,Sport Utility Vehicle,Stopped in Traffic,30,No,2018,CHEVROLET,TRAVERSE,39.10302276,-77.29119392,2024,12,9
240059009,Property Damage Crash,12/10/2024 09:45:00 AM,NA,NA,Front to Rear,Cloudy,Wet,Daylight,Traffic Control Signal,ALCOHOL PRESENT,Yes,No Apparent Injury,Too Fast For Conditions,Unknown,MD,Station Wagon,Slowing or Stopping,30,No,2015,SUBARU,XV CROSSTREK,39.10302276,-77.29119392,2024,12,9
240058997,Injury Crash,12/10/2024 09:40:00 AM,MONTGOMERY AVE,NA,Rear To Side,Cloudy,Wet,Daylight,Traffic Control Signal,NONE DETECTED,No,Possible Minor Injury,NA,Not Distracted,MD,Passenger Car,Turning Right,25,No,2016,TOYOTA,COROLLA,38.98410287,-77.09082602,2024,12,9
240058997,Injury Crash,12/10/2024 09:40:00 AM,MONTGOMERY AVE,NA,Rear To Side,Cloudy,Wet,Daylight,Traffic Control Signal,NONE DETECTED,No,Possible Minor Injury,NA,Not Distracted,VA,Passenger Car,Moving Constant Speed,35,No,2015,NISSAN,ALTIMA,38.98410287,-77.09082602,2024,12,9
240058987,Property Damage Crash,12/10/2024 09:20:00 AM,CEDAR LA,NA,Angle,Cloudy,Wet,Daylight,Stop Sign,NONE DETECTED,No,No Apparent Injury,NA,Not Distracted,MD,Passenger Car,Entering Traffic Lane,25,No,2015,BMW,M235I,39.019677,-77.08625783,2024,12,9
240058987,Property Damage Crash,12/10/2024 09:20:00 AM,CEDAR LA,NA,Angle,Cloudy,Wet,Daylight,No Controls,NONE DETECTED,No,No Apparent Injury,NA,Not Distracted,MD,Pickup,Moving Constant Speed,35,No,2007,CHEVROLET,SILVERADO,39.019677,-77.08625783,2024,12,9
240058984,Property Damage Crash,12/10/2024 09:00:00 AM,E RANDOLPH RD,NA,Front to Rear,Cloudy,Dry,Daylight,No Controls,NONE DETECTED,Yes,No Apparent Injury,"Operated Motor Vehicle in Inattentive, Careless, Negligent, or Erratic Manner",Not Distracted,MD,Passenger Car,Slowing or Stopping,40,No,2006,HYUNDAI,ELANTRA,39.07461806,-76.99230938,2024,12,9
240058984,Property Damage Crash,12/10/2024 09:00:00 AM,E RANDOLPH RD,NA,Front to Rear,Cloudy,Dry,Daylight,No Controls,NONE DETECTED,No,No Apparent Injury,NA,Not Distracted,MD,Passenger Car,Stopped in Traffic,40,No,2017,TOYOTA,CAMRY,39.07461806,-76.99230938,2024,12,9
240058981,Injury Crash,12/10/2024 08:29:00 AM,ODENDHAL AVE (EB/L),NA,Rear To Side,Cloudy,Wet,Daylight,Traffic Control Signal,NONE DETECTED,Yes,Possible Minor Injury,NA,Unknown,MD,Passenger Car,NA,35,No,2012,CHEVROLET,TAHOE,39.15045367,-77.2038075,2024,12,8
240058981,Injury Crash,12/10/2024 08:29:00 AM,ODENDHAL AVE (EB/L),NA,Rear To Side,Cloudy,Wet,Daylight,Traffic Control Signal,NONE DETECTED,No,No Apparent Injury,NA,Unknown,MD,Passenger Car,NA,35,No,2021,GENESIS,GV80,39.15045367,-77.2038075,2024,12,8
240056975,Injury Crash,12/10/2024 08:20:00 AM,NORBECK RD,NA,Angle,Cloudy,Wet,Daylight,Traffic Control Signal,NONE DETECTED,Yes,No Apparent Injury,NA,Unknown,MD,Other Trucks,Turning Left,35,No,2003,PETERBILT,330,39.12038467,-77.03405533,2024,12,8
240056975,Injury Crash,12/10/2024 08:20:00 AM,NORBECK RD,NA,Angle,Cloudy,Wet,Daylight,Traffic Control Signal,NONE DETECTED,No,Possible Minor Injury,NA,Not Distracted,VA,Passenger Car,Moving Constant Speed,35,No,2018,HONDA,ODYSSEY,39.12038467,-77.03405533,2024,12,8
240058989,Property Damage Crash,12/10/2024 08:12:00 AM,BURLWOOD DR,NA,Front to Front,Cloudy,Wet,Daylight,No Controls,NONE DETECTED,Yes,No Apparent Injury,NA,Unknown,MD,Sport Utility Vehicle,NA,25,No,2013,BMW,X3,39.0725119,-77.080173,2024,12,8
240058974,Injury Crash,12/10/2024 08:07:00 AM,LAYHILL RD (SB/L),NA,Front to Rear,Cloudy,Wet,Daylight,Pedestrian Crossing,NONE DETECTED,No,No Apparent Injury,NA,Not Distracted,MD,Van - Passenger (&lt;9 Seats),Slowing or Stopping,35,No,2016,FORD,TRANSIT,39.0877395,-77.044998,2024,12,8
240058974,Injury Crash,12/10/2024 08:07:00 AM,LAYHILL RD (SB/L),NA,Front to Rear,Cloudy,Wet,Daylight,Pedestrian Crossing,NONE DETECTED,No,Possible Minor Injury,NA,Not Distracted,MD,Sport Utility Vehicle,Slowing or Stopping,35,No,2012,JEEP,COMPASS,39.0877395,-77.044998,2024,12,8
240058972,Property Damage Crash,12/10/2024 08:00:00 AM,GEORGIA AVE (SB/L),NA,Angle,Cloudy,Wet,Daylight,Traffic Control Signal,NONE DETECTED,No,No Apparent Injury,NA,Unknown,MD,Passenger Car,Turning Left,35,No,2015,TOYOTA,CAMRY,39.06142783,-77.05278097,2024,12,8
240058972,Property Damage Crash,12/10/2024 08:00:00 AM,GEORGIA AVE (SB/L),NA,Angle,Cloudy,Wet,Daylight,Traffic Control Signal,NONE DETECTED,No,No Apparent Injury,NA,Unknown,MD,Pickup,Moving Constant Speed,35,No,2006,FORD,F-150,39.06142783,-77.05278097,2024,12,8
24002569,Property Damage Crash,12/10/2024 07:58:00 AM,MUNCASTER MILL RD,NA,Front to Rear,Cloudy,Wet,Daylight,Traffic Control Signal,NONE DETECTED,No,No Apparent Injury,NA,Not Distracted,MD,Passenger Car,Overtaking/Passing,35,No,2013,GMC,TERRAIN,39.14549351,-77.1437105,2024,12,7
24002569,Property Damage Crash,12/10/2024 07:58:00 AM,MUNCASTER MILL RD,NA,Front to Rear,Cloudy,Wet,Daylight,Traffic Control Signal,NONE DETECTED,No,No Apparent Injury,NA,Not Distracted,MD,Van - Cargo,Entering Traffic Lane,35,No,2019,FORD,TRANSIT,39.14549351,-77.1437105,2024,12,7
240058971,Property Damage Crash,12/10/2024 07:46:00 AM,FARTHING DR,NA,Front to Front,Cloudy,Wet,Daylight,No Controls,NONE DETECTED,No,No Apparent Injury,NA,Not Distracted,MD,Passenger Car,Moving Constant Speed,25,No,2017,HONDA,ACCORD,39.06288917,-77.06748283,2024,12,7
240058971,Property Damage Crash,12/10/2024 07:46:00 AM,FARTHING DR,NA,Front to Front,Cloudy,Wet,Daylight,Stop Sign,NONE DETECTED,Yes,No Apparent Injury,NA,Not Distracted,MD,Passenger Car,Accelerating,25,No,2007,TOYOTA,CAMRY,39.06288917,-77.06748283,2024,12,7
240058970,Injury Crash,12/10/2024 07:40:00 AM,HATHAWAY DR,NA,Angle,Cloudy,Wet,Medium,No Controls,NONE DETECTED,No,No Apparent Injury,NA,Not Distracted,MD,Sport Utility Vehicle,Moving Constant Speed,35,No,2015,JEEP,WRANGLER,39.0748194,-77.04581817,2024,12,7
240058970,Injury Crash,12/10/2024 07:40:00 AM,HATHAWAY DR,NA,Angle,Cloudy,Wet,Medium,Stop Sign,NONE DETECTED,Yes,Suspected Serious Injury,NA,Unknown,MD,Passenger Car,Accelerating,35,No,2015,HONDA,CIVIC,39.0748194,-77.04581817,2024,12,7
240058968,Injury Crash,12/10/2024 06:47:00 AM,MONTGOMERY VILLAGE AVE,NA,Rear To Side,Cloudy,Wet,Medium,Traffic Control Signal,NONE DETECTED,No,Possible Minor Injury,NA,Unknown,MD,Passenger Car,NA,40,No,2007,MERCEDES-BENZ,C-CLASS,39.15444789,-77.20925657,2024,12,6
240058968,Injury Crash,12/10/2024 06:47:00 AM,MONTGOMERY VILLAGE AVE,NA,Rear To Side,Cloudy,Wet,Medium,Traffic Control Signal,NONE DETECTED,Yes,No Apparent Injury,NA,Unknown,PA,Passenger Car,Turning Left,40,No,2017,VOLKSWAGEN,GOLF,39.15444789,-77.20925657,2024,12,6
240058962,Property Damage Crash,12/10/2024 03:06:00 AM,ONEILL DR,NA,Single Vehicle,Clear,Wet,Medium,No Controls,ALCOHOL PRESENT,Yes,No Apparent Injury,NA,Not Distracted,MD,Passenger Car,Turning Left,25,No,2015,NISSAN,SENTRA,39.12401633,-77.1801205,2024,12,3
240058961,Property Damage Crash,12/10/2024 02:23:00 AM,NA,NA,"Sideswipe, Opposite Direction",Rain,NA,Medium,NA,NONE DETECTED,Yes,No Apparent Injury,Wrong Side,Not Distracted,MD,Other Trucks,Turning Left,0,No,2020,FREIGHTLINER,M2,39.1197613,-77.15809368,2024,12,2
240058961,Property Damage Crash,12/10/2024 02:23:00 AM,NA,NA,"Sideswipe, Opposite Direction",Rain,NA,Medium,NA,NONE DETECTED,Yes,No Apparent Injury,Improper Passing,Not Distracted,WV,Other,Overtaking/Passing,0,No,2008,SPARTAN MOTORS CHASS,UNKNOWN,39.1197613,-77.15809368,2024,12,2
240058947,Property Damage Crash,12/09/2024 09:44:00 PM,FENTON ST,NA,Front to Rear,Clear,Dry,Medium,Traffic Control Signal,NONE DETECTED,Yes,No Apparent Injury,NA,NA,NA,Passenger Car,Accelerating,25,No,0,NA,NA,38.9949245,-77.02425361,2024,12,21
240058947,Property Damage Crash,12/09/2024 09:44:00 PM,FENTON ST,NA,Front to Rear,Clear,Dry,Medium,Traffic Control Signal,NONE DETECTED,No,No Apparent Injury,NA,Not Distracted,MD,Passenger Car,Accelerating,25,No,2021,TOYOTA,HIGHLANDER,38.9949245,-77.02425361,2024,12,21
240058942,Property Damage Crash,12/09/2024 09:14:00 PM,NA,NA,"Sideswipe, Same Direction",Cloudy,NA,Medium,NA,NONE DETECTED,Yes,NA,Other Improper Action,Unknown,NA,Van - Passenger (&lt;9 Seats),Moving Constant Speed,0,No,2011,FORD,E-250,38.99821764,-77.00207797,2024,12,21
240058937,Property Damage Crash,12/09/2024 08:41:00 PM,NA,NA,Single Vehicle,Clear,NA,Dark,NA,NONE DETECTED,No,No Apparent Injury,NA,Unknown,MD,Passenger Car,Moving Constant Speed,0,No,2004,TOYOTA,CAMRY,39.02710191,-77.14802974,2024,12,20
240058922,Property Damage Crash,12/09/2024 07:00:00 PM,STATION5 DR,NA,"Sideswipe, Same Direction",Clear,Wet,Medium,No Controls,NONE DETECTED,No,No Apparent Injury,NA,Not Distracted,MD,Passenger Car,Slowing or Stopping,35,No,2020,TOYOTA,RAV4,39.0298608,-77.07592204,2024,12,19
240058922,Property Damage Crash,12/09/2024 07:00:00 PM,STATION5 DR,NA,"Sideswipe, Same Direction",Clear,Wet,Medium,No Controls,NONE DETECTED,No,NA,NA,NA,NA,Passenger Car,NA,35,No,2014,NISSAN,MAXIMA,39.0298608,-77.07592204,2024,12,19
240058919,Property Damage Crash,12/09/2024 06:59:00 PM,RAMP 4 FR MD 97 NB TO RANDOLPH RD EB,NA,Other,Clear,Dry,Medium,No Controls,NONE DETECTED,No,No Apparent Injury,NA,Not Distracted,MD,Passenger Car,Turning Right,30,No,2001,LEXUS,ES,39.05827307,-77.04918299,2024,12,18
240058919,Property Damage Crash,12/09/2024 06:59:00 PM,RAMP 4 FR MD 97 NB TO RANDOLPH RD EB,NA,Other,Clear,Dry,Medium,No Controls,NONE DETECTED,No,No Apparent Injury,NA,Not Distracted,MD,Passenger Car,Moving Constant Speed,25,No,2009,GILLIG,LOW FLOOR BUS,39.05827307,-77.04918299,2024,12,18
240058921,Property Damage Crash,12/09/2024 06:57:00 PM,MOYER RD,NA,Front to Rear,Cloudy,Wet,Medium,No Controls,NONE DETECTED,No,No Apparent Injury,NA,Not Distracted,MD,Sport Utility Vehicle,Stopped in Traffic,40,No,2017,FORD,EXPEDITION EL,39.26699893,-77.20502464,2024,12,18
240058921,Property Damage Crash,12/09/2024 06:57:00 PM,MOYER RD,NA,Front to Rear,Cloudy,Wet,Medium,No Controls,NONE DETECTED,Yes,No Apparent Injury,NA,Not Distracted,MD,Sport Utility Vehicle,Slowing or Stopping,40,No,2014,TOYOTA,RAV4,39.26699893,-77.20502464,2024,12,18
240058916,Property Damage Crash,12/09/2024 06:30:00 PM,LAKELANDS DR,NA,Angle,Clear,Wet,Medium,Traffic Control Signal,NONE DETECTED,No,No Apparent Injury,NA,Unknown,MD,Passenger Car,Moving Constant Speed,45,No,2016,TOYOTA,COROLLA,39.12060971,-77.22533144,2024,12,18
240058916,Property Damage Crash,12/09/2024 06:30:00 PM,LAKELANDS DR,NA,Angle,Clear,Wet,Medium,Traffic Control Signal,NONE DETECTED,No,No Apparent Injury,Failed to Yield Right-of-Way,Unknown,MD,Passenger Car,Turning Left,45,No,2020,LEXUS,RX,39.12060971,-77.22533144,2024,12,18
240058917,Property Damage Crash,12/09/2024 06:18:00 PM,GEORGIA AVE,NA,"Sideswipe, Same Direction",Clear,Wet,Medium,No Controls,NONE DETECTED,No,No Apparent Injury,NA,Not Distracted,MD,Passenger Car,Moving Constant Speed,30,No,2012,HONDA,CIVIC,39.01839621,-77.04362914,2024,12,18
240058917,Property Damage Crash,12/09/2024 06:18:00 PM,GEORGIA AVE,NA,"Sideswipe, Same Direction",Clear,Wet,Medium,No Controls,NONE DETECTED,No,NA,NA,NA,NA,Passenger Car,Changing Lanes,30,No,2021,LEXUS,RX,39.01839621,-77.04362914,2024,12,18
240058911,Injury Crash,12/09/2024 06:00:00 PM,BONIFANT RD,Pedestrian,Single Vehicle,Clear,Wet,Medium,No Controls,NONE DETECTED,No,No Apparent Injury,NA,Not Distracted,MD,Passenger Car,Accelerating,35,No,2014,TOYOTA,COROLLA,39.09092059,-77.0437445,2024,12,18
240058906,Property Damage Crash,12/09/2024 05:56:00 PM,CHERRY HILL RD,NA,Front to Rear,Clear,Wet,Medium,Traffic Control Signal,NONE DETECTED,Yes,No Apparent Injury,NA,Not Distracted,MD,Sport Utility Vehicle,Slowing or Stopping,40,No,2013,JEEP,PATRIOT,39.05456967,-76.953716,2024,12,17
240058906,Property Damage Crash,12/09/2024 05:56:00 PM,CHERRY HILL RD,NA,Front to Rear,Clear,Wet,Medium,Traffic Control Signal,NONE DETECTED,No,No Apparent Injury,NA,Not Distracted,MD,Sport Utility Vehicle,Slowing or Stopping,40,No,2014,LEXUS,LX,39.05456967,-76.953716,2024,12,17
240058906,Property Damage Crash,12/09/2024 05:56:00 PM,CHERRY HILL RD,NA,Front to Rear,Clear,Wet,Medium,Traffic Control Signal,NONE DETECTED,Yes,No Apparent Injury,"Followed Too Closely, Swerved or Avoided Due to Wind, Slippery Surface, Motor Vehicle, Object, Non-Motorist in Roadway, etc",Unknown,MD,Van - Passenger (&lt;9 Seats),Moving Constant Speed,40,No,2004,TOYOTA,SIENNA,39.05456967,-76.953716,2024,12,17
240058901,Injury Crash,12/09/2024 05:20:00 PM,BURLINGTON AVE,NA,Front to Front,Clear,Wet,Medium,No Controls,NONE DETECTED,No,Possible Minor Injury,NA,Not Distracted,DC,Passenger Car,Moving Constant Speed,30,No,2018,TOYOTA,CAMRY,38.98741817,-77.02571283,2024,12,17
240058901,Injury Crash,12/09/2024 05:20:00 PM,BURLINGTON AVE,NA,Front to Front,Clear,Wet,Medium,No Controls,NONE DETECTED,Yes,No Apparent Injury,NA,Unknown,MD,Passenger Car,Entering Traffic Lane,30,No,2021,CHEVROLET,SILVERADO,38.98741817,-77.02571283,2024,12,17
240058888,Property Damage Crash,12/09/2024 04:23:00 PM,FALLS RD,NA,Front to Rear,Clear,Wet,Daylight,Traffic Control Signal,NONE DETECTED,No,No Apparent Injury,NA,Not Distracted,MD,Sport Utility Vehicle,Stopped in Traffic,35,No,2022,LEXUS,RX,39.0354402,-77.19442585,2024,12,16
240058888,Property Damage Crash,12/09/2024 04:23:00 PM,FALLS RD,NA,Front to Rear,Clear,Wet,Daylight,Traffic Control Signal,NONE DETECTED,No,No Apparent Injury,NA,Unknown,MD,Bus - School,NA,35,No,2022,FREIGHTLINER,B2 BUS CHASSIS,39.0354402,-77.19442585,2024,12,16
240058893,Property Damage Crash,12/09/2024 04:15:00 PM,VEIRS MILL RD,NA,Front to Rear,Rain,Wet,Medium,Traffic Control Signal,NONE DETECTED,Yes,No Apparent Injury,Followed Too Closely,Not Distracted,MD,Passenger Car,Slowing or Stopping,30,No,2003,SUBARU,LEGACY,39.04420362,-77.06313953,2024,12,16
240058893,Property Damage Crash,12/09/2024 04:15:00 PM,VEIRS MILL RD,NA,Front to Rear,Rain,Wet,Medium,Traffic Control Signal,NONE DETECTED,No,No Apparent Injury,Followed Too Closely,Not Distracted,MD,Passenger Car,Slowing or Stopping,30,No,2021,TOYOTA,COROLLA,39.04420362,-77.06313953,2024,12,16
240058893,Property Damage Crash,12/09/2024 04:15:00 PM,VEIRS MILL RD,NA,Front to Rear,Rain,Wet,Medium,Traffic Control Signal,NONE DETECTED,No,No Apparent Injury,NA,Not Distracted,MD,Passenger Car,Stopped in Traffic,30,No,2024,HONDA,HR-V,39.04420362,-77.06313953,2024,12,16
240058880,Property Damage Crash,12/09/2024 03:29:00 PM,MONTGOMERY VILLAGE AVE,NA,Angle,Clear,Wet,Daylight,No Controls,NONE DETECTED,Yes,No Apparent Injury,"Failed to Yield Right-of-Way, Other Improper Action",Not Distracted,MD,Passenger Car,Changing Lanes,35,No,2023,MAZDA,MAZDA3,39.15977453,-77.20227383,2024,12,15
240058880,Property Damage Crash,12/09/2024 03:29:00 PM,MONTGOMERY VILLAGE AVE,NA,Angle,Clear,Wet,Daylight,No Controls,NONE DETECTED,No,No Apparent Injury,NA,Not Distracted,MD,Bus - School,Moving Constant Speed,35,No,2019,THOMAS BUILT,HDX,39.15977453,-77.20227383,2024,12,15
240058866,Injury Crash,12/09/2024 02:50:00 PM,BRINK RD,NA,Front to Front,Clear,Wet,Daylight,No Controls,NONE DETECTED,No,Possible Minor Injury,NA,Not Distracted,MD,Passenger Car,Moving Constant Speed,35,No,2015,TOYOTA,HIGHLANDER,39.20482333,-77.18670333,2024,12,14