Local Case Number,ACRS Report Type,Crash Date/Time,Road Name,Related Non-Motorist,Collision Type,Weather,Surface Condition,Light,Traffic Control,Driver Substance Abuse,Driver At Fault,Injury Severity,Circumstance,Driver Distracted By,Drivers License State,Vehicle Body Type,Vehicle Movement,Speed Limit,Driverless Vehicle,Vehicle Year,Vehicle Make,Vehicle Model,Latitude,Longitude,Year,Month,Hour
240058866,Injury Crash,12/09/2024 02:50:00 PM,BRINK RD,NA,Front to Front,Clear,Wet,Daylight,No Controls,NONE DETECTED,Yes,Possible Minor Injury,NA,Not Distracted,MD,Passenger Car,Moving Constant Speed,35,No,2016,HONDA,PILOT,39.20482333,-77.18670333,2024,12,14
240058864,Property Damage Crash,12/09/2024 02:25:00 PM,BRINK RD (WB/L),NA,Single Vehicle,Clear,Oil,Daylight,No Controls,NONE DETECTED,No,No Apparent Injury,NA,Not Distracted,MD,Passenger Car,Negotiating a Curve,40,No,2009,TOYOTA,CAMRY,39.20616379,-77.18562866,2024,12,14
240058860,Injury Crash,12/09/2024 02:17:00 PM,CONNECTICUT AVE,NA,Front to Rear,Cloudy,Wet,Daylight,No Controls,NONE DETECTED,No,Possible Minor Injury,NA,Not Distracted,MD,Van - Passenger (&lt;9 Seats),Moving Constant Speed,35,No,2018,DODGE,GRAND CARAVAN,38.99654617,-77.07709367,2024,12,14
240058860,Injury Crash,12/09/2024 02:17:00 PM,CONNECTICUT AVE,NA,Front to Rear,Cloudy,Wet,Daylight,No Controls,NONE DETECTED,No,Possible Minor Injury,NA,Not Distracted,MD,Van - Passenger (&lt;9 Seats),Slowing or Stopping,35,No,2006,HONDA,ODYSSEY,38.99654617,-77.07709367,2024,12,14
240058860,Injury Crash,12/09/2024 02:17:00 PM,CONNECTICUT AVE,NA,Front to Rear,Cloudy,Wet,Daylight,No Controls,NONE DETECTED,No,No Apparent Injury,NA,Not Distracted,MD,Passenger Car,Stopped in Traffic,35,No,2009,VOLKSWAGEN,PASSAT,38.99654617,-77.07709367,2024,12,14
240058855,Injury Crash,12/09/2024 02:13:00 PM,ROCKLEDGE BLVD (SB/L),NA,Single Vehicle,Clear,Wet,Daylight,Traffic Control Signal,NONE DETECTED,Yes,Possible Minor Injury,Too Fast For Conditions,Unknown,MD,Passenger Car,Turning Left,30,No,2019,TOYOTA,CAMRY,39.03195279,-77.13162562,2024,12,14
240058846,Property Damage Crash,12/09/2024 01:36:00 PM,NORBECK RD,NA,Single Vehicle,Rain,Wet,Daylight,Traffic Control Signal,NONE DETECTED,Yes,No Apparent Injury,Too Fast For Conditions,Not Distracted,MD,Passenger Car,Turning Left,35,No,2015,TOYOTA,CAMRY,39.10938328,-77.07538868,2024,12,13
240058837,Injury Crash,12/09/2024 01:20:00 PM,NA,NA,Single Vehicle,Rain,Wet,Daylight,No Controls,NONE DETECTED,Yes,Possible Minor Injury,NA,"Other Action (looking away from task, etc.)",MD,Passenger Car,Moving Constant Speed,25,No,2024,KIA,NIRO,39.10324317,-77.07263183,2024,12,13
240058835,Injury Crash,12/09/2024 01:00:00 PM,SHADOW OAK DR,NA,"Sideswipe, Opposite Direction",Rain,Wet,Daylight,No Controls,NONE DETECTED,No,No Apparent Injury,"Too Fast For Conditions, Wrong Side",Unknown,NA,Passenger Car,Moving Constant Speed,25,No,0,NA,NA,39.18662823,-77.20290883,2024,12,13
240058835,Injury Crash,12/09/2024 01:00:00 PM,SHADOW OAK DR,NA,"Sideswipe, Opposite Direction",Rain,Wet,Daylight,No Controls,NONE DETECTED,No,Possible Minor Injury,Too Fast For Conditions,Not Distracted,MD,Passenger Car,Moving Constant Speed,25,No,2007,TOYOTA,PRIUS,39.18662823,-77.20290883,2024,12,13
240058825,Injury Crash,12/09/2024 12:18:00 PM,GREAT SENECA HWY (SB/L),NA,Front to Rear,Rain,Wet,Daylight,Traffic Control Signal,NONE DETECTED,Yes,No Apparent Injury,NA,Unknown,MD,Passenger Car,NA,50,No,1996,JEEP,GRAND CHEROKEE,39.12373767,-77.231937,2024,12,12
240058825,Injury Crash,12/09/2024 12:18:00 PM,GREAT SENECA HWY (SB/L),NA,Front to Rear,Rain,Wet,Daylight,Traffic Control Signal,NONE DETECTED,No,Possible Minor Injury,NA,Unknown,DC,Passenger Car,Stopped in Traffic,50,No,2020,DODGE,CHALLENGER,39.12373767,-77.231937,2024,12,12
240058824,Property Damage Crash,12/09/2024 11:58:00 AM,RAMP 6 FR BRIGGS CHANEY RD TO US 29 SB,NA,"Sideswipe, Same Direction",Rain,Wet,Daylight,No Controls,NONE DETECTED,Yes,No Apparent Injury,"Failed to Keep in Proper Lane, Too Fast For Conditions",Not Distracted,MD,Passenger Car,Negotiating a Curve,35,No,2009,NISSAN,VERSA,39.08412104,-76.94791803,2024,12,11
240058824,Property Damage Crash,12/09/2024 11:58:00 AM,RAMP 6 FR BRIGGS CHANEY RD TO US 29 SB,NA,"Sideswipe, Same Direction",Rain,Wet,Daylight,No Controls,NONE DETECTED,No,No Apparent Injury,NA,Not Distracted,MD,Bus - Transit,Moving Constant Speed,35,No,2020,NOVABUS,LFS ARTICULATED,39.08412104,-76.94791803,2024,12,11
240058816,Property Damage Crash,12/09/2024 11:26:00 AM,SPRING ST,NA,Front to Rear,Rain,Wet,Daylight,Traffic Control Signal,NONE DETECTED,Yes,No Apparent Injury,Followed Too Closely,Not Distracted,MD,Passenger Car,Slowing or Stopping,25,No,2014,HYUNDAI,ELANTRA,38.99950706,-77.03199475,2024,12,11
240058816,Property Damage Crash,12/09/2024 11:26:00 AM,SPRING ST,NA,Front to Rear,Rain,Wet,Daylight,Traffic Control Signal,NONE DETECTED,No,No Apparent Injury,NA,Not Distracted,MD,Sport Utility Vehicle,Stopped in Traffic,25,No,1997,FORD,EXPLORER,38.99950706,-77.03199475,2024,12,11
240058821,Property Damage Crash,12/09/2024 11:02:00 AM,NA,NA,"Sideswipe, Same Direction",Cloudy,NA,Daylight,NA,NONE DETECTED,Yes,No Apparent Injury,NA,Not Distracted,MD,Van - Passenger (&lt;9 Seats),Moving Constant Speed,0,No,2023,RAM,PROMASTER 3500,39.09839833,-77.19718833,2024,12,11
240058792,Property Damage Crash,12/09/2024 09:42:00 AM,NEWPORT MILL RD,NA,Angle,Rain,Wet,Daylight,No Controls,NONE DETECTED,No,No Apparent Injury,NA,Not Distracted,MD,Passenger Car,Moving Constant Speed,25,No,2022,NISSAN,ALTIMA,39.04023673,-77.0698999,2024,12,9
240058792,Property Damage Crash,12/09/2024 09:42:00 AM,NEWPORT MILL RD,NA,Angle,Rain,Wet,Daylight,No Controls,NONE DETECTED,Yes,No Apparent Injury,Failed to Yield Right-of-Way,Not Distracted,MD,Passenger Car,Entering Traffic Lane,25,No,2016,MAZDA,MAZDA3,39.04023673,-77.0698999,2024,12,9
240058785,Property Damage Crash,12/09/2024 09:00:00 AM,ASPEN HILL RD,NA,Front to Rear,Rain,Wet,Daylight,No Controls,NONE DETECTED,No,No Apparent Injury,NA,Not Distracted,MD,Passenger Car,Making U-Turn,30,No,2020,BMW,X2,39.07191779,-77.09764398,2024,12,9
240058785,Property Damage Crash,12/09/2024 09:00:00 AM,ASPEN HILL RD,NA,Front to Rear,Rain,Wet,Daylight,No Controls,NONE DETECTED,No,No Apparent Injury,NA,"Other Action (looking away from task, etc.)",MD,Passenger Car,Accelerating,30,No,2003,BMW,530IA,39.07191779,-77.09764398,2024,12,9
240058784,Property Damage Crash,12/09/2024 08:46:00 AM,NA,NA,Front to Rear,Rain,NA,Daylight,NA,NONE DETECTED,Yes,No Apparent Injury,Improper Backing,Not Distracted,MD,Passenger Car,Backing,0,No,2013,FORD,FOCUS,39.16797357,-77.17402124,2024,12,8
240058781,Property Damage Crash,12/09/2024 08:22:00 AM,FREYMAN DR,NA,"Sideswipe, Opposite Direction",Rain,Wet,Daylight,No Controls,NONE DETECTED,Yes,No Apparent Injury,NA,Not Distracted,MD,Bus - Transit,Turning Right,15,No,2016,GILLIG,CITY TRANSIT BUS,38.99638355,-77.05904497,2024,12,8
240058781,Property Damage Crash,12/09/2024 08:22:00 AM,FREYMAN DR,NA,"Sideswipe, Opposite Direction",Rain,Wet,Daylight,No Controls,NONE DETECTED,No,No Apparent Injury,NA,Not Distracted,MD,Pickup,Parked,15,No,2022,RIVIAN,R1T,38.99638355,-77.05904497,2024,12,8
240058772,Property Damage Crash,12/09/2024 07:18:00 AM,MIDWAY AVE,NA,Angle,Clear,Dry,Daylight,Stop Sign,NONE DETECTED,No,NA,NA,NA,NA,NA,Moving Constant Speed,25,No,0,NA,NA,39.07596894,-77.1190281,2024,12,7
240058772,Property Damage Crash,12/09/2024 07:18:00 AM,MIDWAY AVE,NA,Angle,Clear,Dry,Daylight,No Controls,NONE DETECTED,No,No Apparent Injury,NA,Not Distracted,MD,Van - Passenger (&lt;9 Seats),Moving Constant Speed,30,No,2019,FORD,TRANSIT,39.07596894,-77.1190281,2024,12,7
240058768,Injury Crash,12/09/2024 06:43:00 AM,NORBECK RD (WB/L),NA,Front to Rear,Clear,Dry,Dark,No Controls,NONE DETECTED,No,No Apparent Injury,Followed Too Closely,Not Distracted,MD,Sport Utility Vehicle,Slowing or Stopping,45,No,2020,NISSAN,ROGUE,39.12131385,-76.99214169,2024,12,6
240058768,Injury Crash,12/09/2024 06:43:00 AM,NORBECK RD (WB/L),NA,Front to Rear,Clear,Dry,Dark,No Controls,NONE DETECTED,No,No Apparent Injury,NA,Not Distracted,MD,Single-Unit Truck,Slowing or Stopping,45,No,2018,MACK,500,39.12131385,-76.99214169,2024,12,6
240058768,Injury Crash,12/09/2024 06:43:00 AM,NORBECK RD (WB/L),NA,Front to Rear,Clear,Dry,Dark,No Controls,NONE DETECTED,No,Possible Minor Injury,NA,Unknown,MD,Sport Utility Vehicle,Backing,45,No,2015,FORD,EXPLORER,39.12131385,-76.99214169,2024,12,6
240058769,Injury Crash,12/09/2024 06:30:00 AM,CALVERTON BLVD,NA,Angle,Cloudy,Dry,Daylight,Traffic Control Signal,NONE DETECTED,No,Possible Minor Injury,NA,Not Distracted,MD,Passenger Car,Moving Constant Speed,35,No,2017,TOYOTA,CAMRY,39.05609009,-76.95425885,2024,12,6
240058769,Injury Crash,12/09/2024 06:30:00 AM,CALVERTON BLVD,NA,Angle,Cloudy,Dry,Daylight,Traffic Control Signal,NONE DETECTED,No,No Apparent Injury,NA,Not Distracted,PA,Passenger Car,Turning Left,35,No,2012,HONDA,ACCORD,39.05609009,-76.95425885,2024,12,6
240058760,Injury Crash,12/09/2024 01:39:00 AM,TURKEY THICKET DR,NA,Single Vehicle,Clear,Dry,Medium,No Controls,NONE DETECTED,No,Suspected Serious Injury,"Operated Motor Vehicle in Inattentive, Careless, Negligent, or Erratic Manner, Operated Motor Vehicle in Reckless or Aggressive Manner, Ran Off Roadway, Too Fast For Conditions",Unknown,MD,Passenger Car,Accelerating,40,No,1995,HONDA,CIVIC,39.172282,-77.17840094,2024,12,1
240058745,Property Damage Crash,12/08/2024 09:28:00 PM,MONTROSE RD,NA,"Sideswipe, Same Direction",Clear,Dry,Medium,No Controls,NONE DETECTED,No,No Apparent Injury,Ran Off Roadway,Not Distracted,MD,Truck Tractor,Moving Constant Speed,35,No,2015,CHEVROLET,SUBURBAN,39.05430692,-77.14210282,2024,12,21
240058745,Property Damage Crash,12/08/2024 09:28:00 PM,MONTROSE RD,NA,"Sideswipe, Same Direction",Clear,Dry,Medium,No Controls,NONE DETECTED,Yes,No Apparent Injury,Failed to Keep in Proper Lane,Not Distracted,MD,Passenger Car,Moving Constant Speed,35,No,2020,HONDA,ACCORD,39.05430692,-77.14210282,2024,12,21
240058750,Property Damage Crash,12/08/2024 09:25:00 PM,NORTHFIELD RD,NA,"Sideswipe, Opposite Direction",Clear,Dry,Medium,No Controls,NONE DETECTED,No,No Apparent Injury,NA,Unknown,NA,Passenger Car,Moving Constant Speed,25,No,2004,HYUNDAI,SONATA,38.993505,-77.11329567,2024,12,21
240058742,Property Damage Crash,12/08/2024 09:13:00 PM,MUDDY BRANCH RD (SB/L),NA,Single Vehicle,Clear,Dry,Medium,No Controls,NONE DETECTED,No,No Apparent Injury,NA,Unknown,MD,Sport Utility Vehicle,Moving Constant Speed,35,No,2024,HYUNDAI,TUCSON,39.10045667,-77.22445833,2024,12,21
240058732,Property Damage Crash,12/08/2024 06:24:00 PM,LONGDRAFT RD,NA,Angle,Clear,Dry,Medium,Traffic Control Signal,NONE DETECTED,No,No Apparent Injury,NA,Not Distracted,DE,Passenger Car,Accelerating,35,No,2020,INFINITI,QX60,39.12662334,-77.24386752,2024,12,18
240058732,Property Damage Crash,12/08/2024 06:24:00 PM,LONGDRAFT RD,NA,Angle,Clear,Dry,Medium,Traffic Control Signal,NONE DETECTED,No,No Apparent Injury,NA,Not Distracted,MD,Passenger Car,Moving Constant Speed,35,No,2020,BMW,X5,39.12662334,-77.24386752,2024,12,18
240058725,Injury Crash,12/08/2024 06:14:00 PM,SHOREFIELD RD,NA,Angle,Clear,Dry,Medium,Traffic Control Signal,NONE DETECTED,No,Possible Minor Injury,NA,Unknown,MD,Sport Utility Vehicle,Accelerating,35,No,2020,HONDA,CR-V,39.05304208,-77.0508885,2024,12,18
240058725,Injury Crash,12/08/2024 06:14:00 PM,SHOREFIELD RD,NA,Angle,Clear,Dry,Medium,Traffic Control Signal,NONE DETECTED,No,No Apparent Injury,NA,Not Distracted,MD,Sport Utility Vehicle,Accelerating,35,No,2024,CHEVROLET,TAHOE,39.05304208,-77.0508885,2024,12,18
240058721,Injury Crash,12/08/2024 06:10:00 PM,RIDGE RD,Pedestrian,Single Vehicle,Clear,Dry,Medium,Pedestrian Crossing,NONE DETECTED,Yes,No Apparent Injury,Failed to Yield Right-of-Way,Not Distracted,MD,Sport Utility Vehicle,Turning Right,35,No,2004,BMW,X3,39.2019597,-77.25342628,2024,12,18
240058715,Property Damage Crash,12/08/2024 05:00:00 PM,COLUMBIA PIKE,NA,"Sideswipe, Same Direction",Clear,Dry,Medium,Traffic Control Signal,NONE DETECTED,Yes,No Apparent Injury,NA,Unknown,MD,Passenger Car,Changing Lanes,50,No,2013,NISS,SENTRA,39.0673755,-76.95935717,2024,12,17
240058715,Property Damage Crash,12/08/2024 05:00:00 PM,COLUMBIA PIKE,NA,"Sideswipe, Same Direction",Clear,Dry,Medium,Traffic Control Signal,NONE DETECTED,No,No Apparent Injury,NA,Not Distracted,MD,Passenger Car,Moving Constant Speed,50,No,2020,FORD,ESCAPE,39.0673755,-76.95935717,2024,12,17
240058701,Property Damage Crash,12/08/2024 02:47:00 PM,UNIVERSITY BLVD W (WB/L),NA,Angle,Clear,Dry,Daylight,No Controls,NONE DETECTED,Yes,No Apparent Injury,NA,Not Distracted,MD,Passenger Car,Moving Constant Speed,30,No,2002,ACURA,RSX,39.0403105,-77.04369867,2024,12,14
240058701,Property Damage Crash,12/08/2024 02:47:00 PM,UNIVERSITY BLVD W (WB/L),NA,Angle,Clear,Dry,Daylight,No Controls,NONE DETECTED,No,No Apparent Injury,NA,Not Distracted,MD,Van - Cargo,Moving Constant Speed,30,No,2023,RAM,PROMASTER 2500,39.0403105,-77.04369867,2024,12,14
240058701,Property Damage Crash,12/08/2024 02:47:00 PM,UNIVERSITY BLVD W (WB/L),NA,Angle,Clear,Dry,Daylight,No Controls,NONE DETECTED,Yes,No Apparent Injury,NA,Not Distracted,MD,Passenger Car,Changing Lanes,30,No,2010,HONDA,CR-V,39.0403105,-77.04369867,2024,12,14
240058691,Injury Crash,12/08/2024 02:00:00 PM,NA,Pedestrian,Single Vehicle,Clear,NA,Daylight,NA,NONE DETECTED,Yes,No Apparent Injury,"Operated Motor Vehicle in Inattentive, Careless, Negligent, or Erratic Manner",Unknown,MD,Passenger Car,Turning Left,0,No,2018,DODGE,CHARGER,39.02533519,-77.14555619,2024,12,14
240058683,Property Damage Crash,12/08/2024 12:29:00 PM,HOPKINS RD,NA,Angle,Clear,Dry,Daylight,Traffic Control Signal,NONE DETECTED,No,No Apparent Injury,NA,Not Distracted,MD,Sport Utility Vehicle,Moving Constant Speed,35,No,2020,MERCEDES-BENZ,GLE-CLASS,39.16920036,-77.28288132,2024,12,12
240058683,Property Damage Crash,12/08/2024 12:29:00 PM,HOPKINS RD,NA,Angle,Clear,Dry,Daylight,Traffic Control Signal,NONE DETECTED,Yes,No Apparent Injury,Failed to Yield Right-of-Way,Not Distracted,MD,Sport Utility Vehicle,Turning Right,30,No,2019,MITSUBISHI,OUTLANDER,39.16920036,-77.28288132,2024,12,12
240058708,Property Damage Crash,12/08/2024 12:16:00 PM,NA,NA,"Sideswipe, Opposite Direction",Clear,NA,Daylight,NA,NONE DETECTED,No,No Apparent Injury,NA,Not Distracted,NA,Sport Utility Vehicle,Backing,0,No,2016,TOYOTA,HIGHLANDER,39.05729779,-77.0830359,2024,12,12
240058679,Injury Crash,12/08/2024 11:47:00 AM,GEORGIA AVE (SB/L),NA,Angle,Clear,Dry,Daylight,No Controls,NONE DETECTED,No,No Apparent Injury,NA,Not Distracted,MD,Sport Utility Vehicle,Slowing or Stopping,30,No,2024,LEXUS,RX,39.02817367,-77.04726735,2024,12,11
240058679,Injury Crash,12/08/2024 11:47:00 AM,GEORGIA AVE (SB/L),NA,Angle,Clear,Dry,Daylight,No Controls,NONE DETECTED,No,No Apparent Injury,NA,Not Distracted,MD,Sport Utility Vehicle,Slowing or Stopping,30,No,2021,SUBARU,FORESTER,39.02817367,-77.04726735,2024,12,11
240058679,Injury Crash,12/08/2024 11:47:00 AM,GEORGIA AVE (SB/L),NA,Angle,Clear,Dry,Daylight,No Controls,NONE DETECTED,Yes,No Apparent Injury,NA,Not Distracted,DC,Sport Utility Vehicle,Changing Lanes,30,No,2020,LEXUS,RX,39.02817367,-77.04726735,2024,12,11
240058668,Property Damage Crash,12/08/2024 10:05:00 AM,GEORGIA AVE,NA,"Sideswipe, Same Direction",Clear,Dry,Daylight,No Controls,NONE DETECTED,Yes,No Apparent Injury,Other Improper Action,Not Distracted,MD,Passenger Car,Changing Lanes,30,No,2024,TOYOTA,COROLLA,38.985889,-77.02654137,2024,12,10
240058668,Property Damage Crash,12/08/2024 10:05:00 AM,GEORGIA AVE,NA,"Sideswipe, Same Direction",Clear,Dry,Daylight,No Controls,NONE DETECTED,No,No Apparent Injury,NA,Not Distracted,MD,Sport Utility Vehicle,Moving Constant Speed,30,No,2023,TESLA,MODEL Y,38.985889,-77.02654137,2024,12,10
240058657,Property Damage Crash,12/08/2024 07:51:00 AM,VEIRS MILL RD,NA,"Sideswipe, Same Direction",Clear,Dry,Daylight,Traffic Control Signal,NONE DETECTED,No,No Apparent Injury,NA,Not Distracted,MD,Passenger Car,Slowing or Stopping,25,No,2023,TOYOTA,CAMRY,39.04006017,-77.05566448,2024,12,7
240058657,Property Damage Crash,12/08/2024 07:51:00 AM,VEIRS MILL RD,NA,"Sideswipe, Same Direction",Clear,Dry,Daylight,Traffic Control Signal,NONE DETECTED,No,NA,NA,NA,NA,Passenger Car,Slowing or Stopping,25,No,2019,CHEVROLET,TRAX,39.04006017,-77.05566448,2024,12,7
240058650,Property Damage Crash,12/08/2024 06:30:00 AM,CAPITAL BELTWAY (WB/L),NA,Front to Rear,Clear,Dry,Dark,No Controls,NONE DETECTED,Yes,No Apparent Injury,NA,Not Distracted,MD,Sport Utility Vehicle,Slowing or Stopping,55,No,2014,DODGE,JOURNEY,39.01655016,-77.0119269,2024,12,6
240058650,Property Damage Crash,12/08/2024 06:30:00 AM,CAPITAL BELTWAY (WB/L),NA,Front to Rear,Clear,Dry,Dark,No Controls,NONE DETECTED,No,NA,NA,NA,NA,Passenger Car,Slowing or Stopping,55,No,0,NA,NA,39.01655016,-77.0119269,2024,12,6
240058648,Property Damage Crash,12/08/2024 04:59:00 AM,WATKINS MILL RD,NA,Single Vehicle,Clear,Dry,Medium,Other,NONE DETECTED,Yes,No Apparent Injury,Failed to Keep in Proper Lane,Not Distracted,MD,Sport Utility Vehicle,Moving Constant Speed,35,No,2017,JEEP,GRAND CHEROKEE,39.19059307,-77.22485687,2024,12,4
240058642,Property Damage Crash,12/08/2024 02:32:00 AM,NEW HAMPSHIRE AVE,NA,Single Vehicle,Clear,Dry,Medium,Other Signal,ALCOHOL PRESENT,Yes,No Apparent Injury,"Operated Motor Vehicle in Inattentive, Careless, Negligent, or Erratic Manner","Other Action (looking away from task, etc.)",MD,Passenger Car,Accelerating,40,No,2012,SUBARU,IMPREZA,39.06879577,-77.0028743,2024,12,2
240058629,Injury Crash,12/08/2024 12:50:00 AM,GEORGIA AVE (SB/L),NA,Front to Front,Clear,Dry,Medium,Traffic Control Signal,NONE DETECTED,No,No Apparent Injury,NA,Not Distracted,MD,Passenger Car,Moving Constant Speed,25,No,2006,JEEP,COMMANDER,39.04143951,-77.05177886,2024,12,0
240058629,Injury Crash,12/08/2024 12:50:00 AM,GEORGIA AVE (SB/L),NA,Front to Front,Clear,Dry,Medium,Traffic Control Signal,ALCOHOL PRESENT,Yes,No Apparent Injury,"Disregarded Other Traffic Sign, Failed to Yield Right-of-Way, Operated Motor Vehicle in Inattentive, Careless, Negligent, or Erratic Manner, Ran Red Light","Other Action (looking away from task, etc.)",MD,Passenger Car,Turning Left,25,No,2009,HONDA,CIVIC,39.04143951,-77.05177886,2024,12,0
240058619,Property Damage Crash,12/07/2024 10:36:00 PM,AVERY RD,NA,Single Vehicle,Clear,Dry,Dark,No Controls,ALCOHOL PRESENT,No,No Apparent Injury,"Operated Motor Vehicle in Inattentive, Careless, Negligent, or Erratic Manner, Ran Off Roadway, Too Fast For Conditions",Unknown,MD,Passenger Car,Moving Constant Speed,25,No,2000,FORD,TAURUS,39.10432166,-77.12310636,2024,12,22
240058602,Injury Crash,12/07/2024 09:48:00 PM,THAYER AVE,Pedestrian,Unknown,Clear,Dry,Medium,No Controls,NONE DETECTED,No,NA,NA,Unknown,NA,Unknown,NA,35,No,0,NA,NA,38.99299097,-77.02644996,2024,12,21
240058607,Injury Crash,12/07/2024 09:21:00 PM,NA,Pedestrian,Single Vehicle,Clear,NA,Medium,NA,NONE DETECTED,No,No Apparent Injury,NA,Not Distracted,MD,Sport Utility Vehicle,Turning Left,0,No,2017,HONDA,PILOT,39.176853,-77.27440927,2024,12,21
240058596,Property Damage Crash,12/07/2024 07:25:00 PM,NA,NA,Angle,Clear,Dry,Medium,No Controls,NONE DETECTED,No,No Apparent Injury,NA,Not Distracted,MD,Passenger Car,Moving Constant Speed,25,No,2015,FORD,TAURUS,39.11491041,-77.19797049,2024,12,19
240058596,Property Damage Crash,12/07/2024 07:25:00 PM,NA,NA,Angle,Clear,Dry,Medium,No Controls,NONE DETECTED,No,No Apparent Injury,NA,Not Distracted,DC,Passenger Car,Turning Right,25,No,2007,TOYOTA,CAMRY,39.11491041,-77.19797049,2024,12,19
240058585,Injury Crash,12/07/2024 06:30:00 PM,NA,NA,Other,Clear,Dry,Medium,No Controls,NONE DETECTED,No,Possible Minor Injury,NA,Unknown,MD,Passenger Car,Moving Constant Speed,30,No,2014,SUBARU,OUTBACK,39.10077685,-77.06450463,2024,12,18
240058585,Injury Crash,12/07/2024 06:30:00 PM,NA,NA,Other,Clear,Dry,Medium,No Controls,NONE DETECTED,No,NA,NA,NA,NA,Passenger Car,Parked,30,No,2019,HONDA,CIVIC,39.10077685,-77.06450463,2024,12,18
240058585,Injury Crash,12/07/2024 06:30:00 PM,NA,NA,Other,Clear,Dry,Medium,No Controls,NONE DETECTED,No,NA,NA,NA,NA,Passenger Car,Parked,30,No,2023,FORD,F-250,39.10077685,-77.06450463,2024,12,18
240058585,Injury Crash,12/07/2024 06:30:00 PM,NA,NA,Other,Clear,Dry,Medium,No Controls,NONE DETECTED,No,Possible Minor Injury,NA,NA,NA,Passenger Car,Parked,30,No,2014,NISSAN,SENTRA,39.10077685,-77.06450463,2024,12,18
240058585,Injury Crash,12/07/2024 06:30:00 PM,NA,NA,Other,Clear,Dry,Medium,No Controls,NONE DETECTED,No,NA,NA,NA,NA,Passenger Car,Parked,30,No,2001,TOYOTA,COROLLA,39.10077685,-77.06450463,2024,12,18
240058660,Property Damage Crash,12/07/2024 06:20:00 PM,NA,NA,Front to Rear,Clear,NA,Medium,NA,NONE DETECTED,No,No Apparent Injury,NA,Not Distracted,DC,Passenger Car,Slowing or Stopping,0,No,1998,HONDA,CIVIC,38.99260734,-76.99262041,2024,12,18
240058660,Property Damage Crash,12/07/2024 06:20:00 PM,NA,NA,Front to Rear,Clear,NA,Medium,NA,NONE DETECTED,Yes,No Apparent Injury,NA,Unknown,PA,Passenger Car,Backing,0,No,2015,NISSAN,SENTRA,38.99260734,-76.99262041,2024,12,18
240058712,Injury Crash,12/07/2024 06:00:00 PM,NA,Pedestrian,Single Vehicle,Clear,NA,Medium,NA,NONE DETECTED,No,No Apparent Injury,NA,NA,NA,Sport Utility Vehicle,Turning Left,0,No,2016,HYUNDAI,SANTA FE,39.04436613,-77.10522057,2024,12,18
240058592,Property Damage Crash,12/07/2024 05:45:00 PM,WILKESBORO LA,NA,Other,Cloudy,Dry,Medium,No Controls,NONE DETECTED,No,No Apparent Injury,NA,Unknown,MD,Sport Utility Vehicle,Moving Constant Speed,25,No,2021,TOYOTA,HIGHLANDER,39.05052416,-77.17632615,2024,12,17
240058580,Property Damage Crash,12/07/2024 05:32:00 PM,GEORGIA AVE (SB/L),NA,Front to Rear,Clear,Dry,Medium,No Controls,NONE DETECTED,Yes,No Apparent Injury,NA,Not Distracted,VA,Passenger Car,Moving Constant Speed,35,No,2015,HYUNDAI,SONATA,39.05939289,-77.05047654,2024,12,17
240058580,Property Damage Crash,12/07/2024 05:32:00 PM,GEORGIA AVE (SB/L),NA,Front to Rear,Clear,Dry,Medium,No Controls,NONE DETECTED,No,No Apparent Injury,NA,Not Distracted,MD,Passenger Car,Moving Constant Speed,35,No,2023,LAND ROVER,RANGE ROVER VELAR,39.05939289,-77.05047654,2024,12,17