Local Case Number,ACRS Report Type,Crash Date/Time,Road Name,Related Non-Motorist,Collision Type,Weather,Surface Condition,Light,Traffic Control,Driver Substance Abuse,Driver At Fault,Injury Severity,Circumstance,Driver Distracted By,Drivers License State,Vehicle Body Type,Vehicle Movement,Speed Limit,Driverless Vehicle,Vehicle Year,Vehicle Make,Vehicle Model,Latitude,Longitude,Year,Month,Hour
240058363,Property Damage Crash,12/06/2024 12:58:00 PM,INGRAM LA,NA,Angle,Clear,Dry,Daylight,No Controls,NONE DETECTED,No,No Apparent Injury,NA,Not Distracted,MD,Other Trucks,Accelerating,25,No,2017,MACK,GU (GRANITE),39.06752193,-77.03430754,2024,12,12
240058363,Property Damage Crash,12/06/2024 12:58:00 PM,INGRAM LA,NA,Angle,Clear,Dry,Daylight,Stop Sign,NONE DETECTED,No,No Apparent Injury,NA,Not Distracted,MD,Sport Utility Vehicle,Turning Left,25,No,2013,HONDA,CR-V,39.06752193,-77.03430754,2024,12,12
240058361,Property Damage Crash,12/06/2024 12:55:00 PM,WISCONSIN AVE (SB/L),NA,Angle,Clear,Dry,Daylight,No Controls,NONE DETECTED,Yes,No Apparent Injury,NA,Unknown,MD,Station Wagon,Changing Lanes,30,No,2018,HONDA,CR-V,38.98096368,-77.09265915,2024,12,12
240058361,Property Damage Crash,12/06/2024 12:55:00 PM,WISCONSIN AVE (SB/L),NA,Angle,Clear,Dry,Daylight,No Controls,NONE DETECTED,No,No Apparent Injury,NA,Not Distracted,MD,Pickup,Moving Constant Speed,30,No,2014,GMC,SIERRA,38.98096368,-77.09265915,2024,12,12
240058364,Property Damage Crash,12/06/2024 12:00:00 PM,NA,NA,Other,Clear,NA,Daylight,NA,NONE DETECTED,Yes,No Apparent Injury,NA,Unknown,MD,Passenger Car,NA,0,No,2012,TOYOTA,HIGHLANDER,39.14549295,-77.14517488,2024,12,12
240058345,Injury Crash,12/06/2024 11:37:00 AM,GEORGIA AVE (SB/L),Scooter (electric),Single Vehicle,Clear,Dry,Daylight,No Controls,NONE DETECTED,No,No Apparent Injury,NA,Not Distracted,MD,Sport Utility Vehicle,Stopped in Traffic,30,No,2018,HONDA,CR-V,38.99197858,-77.02684686,2024,12,11
240058343,Property Damage Crash,12/06/2024 11:23:00 AM,RAMP 5 FR IS 270 SB TO SHADY GROVE RD,NA,Angle,Clear,Dry,Daylight,Traffic Control Signal,NONE DETECTED,No,No Apparent Injury,NA,Not Distracted,DC,Passenger Car,Turning Left,30,No,2015,NISSAN,ALTIMA,39.10954917,-77.1883575,2024,12,11
240058343,Property Damage Crash,12/06/2024 11:23:00 AM,RAMP 5 FR IS 270 SB TO SHADY GROVE RD,NA,Angle,Clear,Dry,Daylight,Traffic Control Signal,NONE DETECTED,No,No Apparent Injury,NA,Not Distracted,MD,Passenger Car,Slowing or Stopping,40,No,2014,TOYOTA,PRIUS C,39.10954917,-77.1883575,2024,12,11
240058341,Property Damage Crash,12/06/2024 11:08:00 AM,OBSERVATION DR,NA,Front to Front,Clear,Dry,Daylight,Flashing Traffic Control Signal,NONE DETECTED,Yes,No Apparent Injury,Failed to Keep in Proper Lane,Unknown,MD,Passenger Car,Moving Constant Speed,35,No,2016,SUBARU,CROSSTREK,39.18985,-77.24745833,2024,12,11
240058341,Property Damage Crash,12/06/2024 11:08:00 AM,OBSERVATION DR,NA,Front to Front,Clear,Dry,Daylight,No Controls,NONE DETECTED,No,No Apparent Injury,NA,Not Distracted,MD,Passenger Car,Moving Constant Speed,35,No,2023,TESLA,MODEL Y,39.18985,-77.24745833,2024,12,11
240058350,Property Damage Crash,12/06/2024 11:06:00 AM,NA,NA,"Sideswipe, Same Direction",Clear,NA,Daylight,NA,NONE DETECTED,No,No Apparent Injury,Improper Turn,Not Distracted,MD,Sport Utility Vehicle,Leaving Traffic Lane,0,No,2020,FORD,EXPEDITION MAX,39.283775,-77.21010333,2024,12,11
240058325,Property Damage Crash,12/06/2024 10:00:00 AM,BRANDERMILL DR,NA,"Sideswipe, Same Direction",Cloudy,Dry,Daylight,No Controls,NONE DETECTED,Yes,No Apparent Injury,Other Improper Action,Not Distracted,MD,Passenger Car,Turning Left,25,No,2010,TOYOTA,COROLLA,39.18788921,-77.23874214,2024,12,10
240058322,Injury Crash,12/06/2024 09:21:00 AM,EISENHOWER MEMORIAL HWY (SB/L),NA,Front to Rear,Clear,Dry,Daylight,No Controls,NONE DETECTED,Yes,No Apparent Injury,Followed Too Closely,"Other Action (looking away from task, etc.)",VA,Passenger Car,Moving Constant Speed,55,No,2022,KIA,K5,39.19303364,-77.26039049,2024,12,9
240058322,Injury Crash,12/06/2024 09:21:00 AM,EISENHOWER MEMORIAL HWY (SB/L),NA,Front to Rear,Clear,Dry,Daylight,No Controls,NONE DETECTED,No,Possible Minor Injury,NA,Not Distracted,MD,Passenger Car,Moving Constant Speed,55,No,2010,HONDA,ACCORD,39.19303364,-77.26039049,2024,12,9
240058288,Property Damage Crash,12/06/2024 02:04:00 AM,ROCKVILLE PIKE (SB/L),NA,Single Vehicle,Clear,Dry,Medium,Traffic Control Signal,ALCOHOL PRESENT,Yes,No Apparent Injury,"Failed to Keep in Proper Lane, Wrong Side, Wrong Way",Unknown,MD,Passenger Car,Moving Constant Speed,35,No,2016,HONDA,ACCORD,39.04955347,-77.1144301,2024,12,2
240058286,Injury Crash,12/06/2024 01:13:00 AM,ARCOLA AVE,NA,Single Vehicle,Clear,Dry,Medium,No Controls,NONE DETECTED,Yes,Possible Minor Injury,NA,Unknown,MD,Passenger Car,Moving Constant Speed,30,No,2006,ACURA,TL,39.04708617,-77.03688404,2024,12,1
240058276,Injury Crash,12/05/2024 10:58:00 PM,NA,NA,Unknown,Clear,NA,Medium,NA,NONE DETECTED,Yes,Possible Minor Injury,NA,Unknown,MD,Passenger Car,Accelerating,0,No,2011,HYUNDAI,SANTA FE,39.08867053,-77.17932206,2024,12,22
240058467,Injury Crash,12/05/2024 10:55:00 PM,BEECH TREE RD,NA,Angle,Clear,Dry,Medium,Traffic Control Signal,NONE DETECTED,No,Possible Minor Injury,NA,Not Distracted,MD,Passenger Car,Moving Constant Speed,35,No,2015,HONDA,CR-V,38.986314,-77.14331767,2024,12,22
240058467,Injury Crash,12/05/2024 10:55:00 PM,BEECH TREE RD,NA,Angle,Clear,Dry,Medium,Traffic Control Signal,ALCOHOL PRESENT,Yes,No Apparent Injury,Failed to Yield Right-of-Way,Not Distracted,MD,Passenger Car,Making U-Turn,35,No,2006,CHEVROLET,EXPRESS,38.986314,-77.14331767,2024,12,22
240058275,Injury Crash,12/05/2024 10:44:00 PM,RANDOLPH RD (WB/L),NA,Front to Rear,Clear,Dry,Medium,No Controls,NONE DETECTED,Yes,No Apparent Injury,"Failed to Keep in Proper Lane, Followed Too Closely, Operated Motor Vehicle in Inattentive, Careless, Negligent, or Erratic Manner, Operated Motor Vehicle in Reckless or Aggressive Manner, Too Fast For Conditions",Unknown,MD,Sport Utility Vehicle,Moving Constant Speed,40,No,2013,ACURA,RDX,39.06656133,-77.0200155,2024,12,22
240058275,Injury Crash,12/05/2024 10:44:00 PM,RANDOLPH RD (WB/L),NA,Front to Rear,Clear,Dry,Medium,No Controls,NONE DETECTED,No,Possible Minor Injury,NA,Not Distracted,MD,Passenger Car,Moving Constant Speed,40,No,2014,KIA,FORTE,39.06656133,-77.0200155,2024,12,22
240058243,Property Damage Crash,12/05/2024 05:40:00 PM,CROWN PARK AVE,NA,"Sideswipe, Same Direction",Clear,Dry,Medium,No Controls,NONE DETECTED,No,No Apparent Injury,NA,Not Distracted,MD,Passenger Car,Parked,25,No,2021,JEEP,GRAND CHEROKEE,39.11465517,-77.20589167,2024,12,17
240058243,Property Damage Crash,12/05/2024 05:40:00 PM,CROWN PARK AVE,NA,"Sideswipe, Same Direction",Clear,Dry,Medium,No Controls,NONE DETECTED,No,No Apparent Injury,Improper Backing,Not Distracted,MD,Passenger Car,Backing,20,No,2024,LINCOLN,NAUTILUS,39.11465517,-77.20589167,2024,12,17
240058239,Property Damage Crash,12/05/2024 05:23:00 PM,KEY WEST AVE,NA,Angle,Clear,Dry,Medium,Traffic Control Signal,NONE DETECTED,No,No Apparent Injury,NA,Not Distracted,MD,Sport Utility Vehicle,Turning Left,40,No,2023,FORD,MUSTANG MACH-E,39.10059321,-77.21342817,2024,12,17
240058239,Property Damage Crash,12/05/2024 05:23:00 PM,KEY WEST AVE,NA,Angle,Clear,Dry,Medium,Traffic Control Signal,NONE DETECTED,Yes,No Apparent Injury,Ran Red Light,"Other Action (looking away from task, etc.)",MD,Sport Utility Vehicle,Moving Constant Speed,40,No,2009,HONDA,CR-V,39.10059321,-77.21342817,2024,12,17
240058233,Injury Crash,12/05/2024 05:15:00 PM,NA,Pedestrian,Single Vehicle,Clear,Dry,Medium,Traffic Control Signal,NONE DETECTED,No,No Apparent Injury,NA,"Other Action (looking away from task, etc.)",MD,Passenger Car,Turning Right,35,No,2014,FORD,FOCUS,39.14758319,-77.23292448,2024,12,17
240058235,Property Damage Crash,12/05/2024 05:00:00 PM,RIDGE RD,NA,Front to Rear,Clear,Dry,Medium,Traffic Control Signal,ALCOHOL PRESENT,Yes,No Apparent Injury,"Operated Motor Vehicle in Inattentive, Careless, Negligent, or Erratic Manner","Other Action (looking away from task, etc.)",MD,Passenger Car,Moving Constant Speed,30,No,2023,TOYOTA,4-RUNNER,39.30005317,-77.19966639,2024,12,17
240058235,Property Damage Crash,12/05/2024 05:00:00 PM,RIDGE RD,NA,Front to Rear,Clear,Dry,Medium,Traffic Control Signal,NONE DETECTED,No,No Apparent Injury,NA,Not Distracted,MD,Passenger Car,Stopped in Traffic,30,No,2022,TESLA,MODEL Y,39.30005317,-77.19966639,2024,12,17
240058216,Property Damage Crash,12/05/2024 04:15:00 PM,NORBECK RD,NA,Angle,Clear,Dry,Daylight,No Controls,NONE DETECTED,No,No Apparent Injury,NA,Not Distracted,MD,Other Trucks,Moving Constant Speed,35,No,2005,MACK,CV (GRANITE),39.10385128,-77.08802266,2024,12,16
240058216,Property Damage Crash,12/05/2024 04:15:00 PM,NORBECK RD,NA,Angle,Clear,Dry,Daylight,No Controls,NONE DETECTED,Yes,No Apparent Injury,Failed to Yield Right-of-Way,"Other Action (looking away from task, etc.)",MD,Passenger Car,Turning Left,35,No,2018,LEXUS,NX,39.10385128,-77.08802266,2024,12,16
240058214,Property Damage Crash,12/05/2024 03:44:00 PM,KENDALE RD,NA,Single Vehicle,Clear,Dry,Daylight,No Controls,NONE DETECTED,No,No Apparent Injury,NA,Not Distracted,MD,Bus - School,Moving Constant Speed,25,No,2015,THOMAS BUILT,HDX,39.01428348,-77.17775904,2024,12,15
240058191,Property Damage Crash,12/05/2024 02:10:00 PM,RESEARCH BLVD,NA,Front to Rear,Clear,Dry,Daylight,Traffic Control Signal,NONE DETECTED,Yes,No Apparent Injury,NA,Not Distracted,MD,Passenger Car,Slowing or Stopping,30,No,2010,HYUNDAI,ACCENT,39.10491555,-77.19004369,2024,12,14
240058191,Property Damage Crash,12/05/2024 02:10:00 PM,RESEARCH BLVD,NA,Front to Rear,Clear,Dry,Daylight,Traffic Control Signal,NONE DETECTED,No,No Apparent Injury,NA,Not Distracted,MD,Passenger Car,Slowing or Stopping,30,No,2021,TESLA,MODEL S,39.10491555,-77.19004369,2024,12,14
240058192,Property Damage Crash,12/05/2024 02:00:00 PM,GERMANTOWN RD,NA,Angle,Clear,Dry,Daylight,Stop Sign,NONE DETECTED,Yes,No Apparent Injury,Failed to Yield Right-of-Way,Not Distracted,MD,Passenger Car,Turning Left,40,No,2022,NISSAN,ROGUE,39.15694617,-77.28545133,2024,12,14
240058192,Property Damage Crash,12/05/2024 02:00:00 PM,GERMANTOWN RD,NA,Angle,Clear,Dry,Daylight,Stop Sign,NONE DETECTED,No,No Apparent Injury,NA,Unknown,MD,Passenger Car,Moving Constant Speed,40,No,2005,HONDA,CIVIC,39.15694617,-77.28545133,2024,12,14
240058175,Property Damage Crash,12/05/2024 12:15:00 PM,WISCONSIN AVE,NA,Other,Clear,Dry,Daylight,No Controls,NONE DETECTED,No,No Apparent Injury,NA,Not Distracted,VA,Passenger Car,Stopped in Traffic,35,No,2024,KIA,EV6,38.96474017,-77.08779117,2024,12,12
240058175,Property Damage Crash,12/05/2024 12:15:00 PM,WISCONSIN AVE,NA,Other,Clear,Dry,Daylight,No Controls,NONE DETECTED,No,No Apparent Injury,NA,Not Distracted,MD,Other,Accelerating,35,No,2021,PIERCE MANUFACTURING,AERIAL,38.96474017,-77.08779117,2024,12,12
240058172,Injury Crash,12/05/2024 11:44:00 AM,NO NAME,NA,Angle,Clear,Dry,Daylight,Traffic Control Signal,NONE DETECTED,No,Possible Minor Injury,NA,Not Distracted,MD,Passenger Car,Turning Left,45,No,2008,MERCEDES-BENZ,C-CLASS,39.04723352,-76.98565329,2024,12,11
240058172,Injury Crash,12/05/2024 11:44:00 AM,NO NAME,NA,Angle,Clear,Dry,Daylight,Traffic Control Signal,NONE DETECTED,Yes,Possible Minor Injury,"Ran Red Light, Too Fast For Conditions",Not Distracted,GA,Truck Tractor,Slowing or Stopping,40,No,2007,FREIGHTLINER,COLUMBIA,39.04723352,-76.98565329,2024,12,11
240058133,Property Damage Crash,12/05/2024 08:57:00 AM,UNIVERSITY BLVD E,NA,Angle,Cloudy,Wet,Daylight,No Controls,NONE DETECTED,Yes,No Apparent Injury,NA,Unknown,MD,Sport Utility Vehicle,Turning Left,35,No,2016,FORD,EXPLORER,39.00151755,-76.99567665,2024,12,8
240058133,Property Damage Crash,12/05/2024 08:57:00 AM,UNIVERSITY BLVD E,NA,Angle,Cloudy,Wet,Daylight,No Controls,NONE DETECTED,No,No Apparent Injury,NA,Not Distracted,MD,Sport Utility Vehicle,Moving Constant Speed,35,No,2008,CADILLAC,ESCALADE,39.00151755,-76.99567665,2024,12,8
240058126,Property Damage Crash,12/05/2024 08:35:00 AM,NA,NA,Angle,Clear,NA,Daylight,NA,NONE DETECTED,Yes,No Apparent Injury,NA,Unknown,MD,Passenger Car,Backing,0,No,2012,FORD,FUSION,39.12345455,-77.23410568,2024,12,8
240058126,Property Damage Crash,12/05/2024 08:35:00 AM,NA,NA,Angle,Clear,NA,Daylight,NA,NONE DETECTED,No,No Apparent Injury,NA,Not Distracted,MD,Passenger Car,Moving Constant Speed,0,No,2020,VOLKSWAGEN,TIGUAN,39.12345455,-77.23410568,2024,12,8
240058138,Property Damage Crash,12/05/2024 08:31:00 AM,CLOPPER RD,NA,Front to Rear,Cloudy,Dry,Daylight,Traffic Control Signal,NONE DETECTED,No,No Apparent Injury,NA,Not Distracted,MD,Sport Utility Vehicle,Stopped in Traffic,30,No,2016,MITSUBISHI,OUTLANDER SPORT,39.1589695,-77.27486309,2024,12,8
240058138,Property Damage Crash,12/05/2024 08:31:00 AM,CLOPPER RD,NA,Front to Rear,Cloudy,Dry,Daylight,Traffic Control Signal,NONE DETECTED,No,No Apparent Injury,Improper Backing,Unknown,NA,Passenger Car,Backing,30,No,2010,TOYOTA,PRIUS,39.1589695,-77.27486309,2024,12,8
240058142,Property Damage Crash,12/05/2024 08:20:00 AM,NA,NA,Angle,Clear,Dry,Daylight,No Controls,NONE DETECTED,No,No Apparent Injury,NA,Not Distracted,CA,Passenger Car,Moving Constant Speed,30,No,2011,NISSAN,ALTIMA,39.003775,-77.13729317,2024,12,8
240058142,Property Damage Crash,12/05/2024 08:20:00 AM,NA,NA,Angle,Clear,Dry,Daylight,Stop Sign,NONE DETECTED,No,No Apparent Injury,NA,Unknown,MD,Passenger Car,Entering Traffic Lane,30,No,2017,INFINITI,QX60,39.003775,-77.13729317,2024,12,8
240058121,Injury Crash,12/05/2024 08:20:00 AM,TILDENWOOD DR,NA,Angle,Clear,Wet,Daylight,No Controls,NONE DETECTED,Yes,No Apparent Injury,NA,"Other Action (looking away from task, etc.)",MD,Passenger Car,Making U-Turn,25,No,2018,HONDA,ODYSSEY,39.05552319,-77.13683863,2024,12,8
240058121,Injury Crash,12/05/2024 08:20:00 AM,TILDENWOOD DR,NA,Angle,Clear,Wet,Daylight,No Controls,NONE DETECTED,No,Possible Minor Injury,NA,Not Distracted,MD,Passenger Car,Moving Constant Speed,25,No,2018,HONDA,CR-V,39.05552319,-77.13683863,2024,12,8
240058120,Injury Crash,12/05/2024 08:10:00 AM,TUCKERMAN LA,NA,Angle,Clear,Dry,Daylight,Traffic Control Signal,NONE DETECTED,No,Possible Minor Injury,NA,Not Distracted,MD,Passenger Car,Moving Constant Speed,35,No,2024,TOYOTA,PRIUS,39.03067067,-77.10512067,2024,12,8
240058120,Injury Crash,12/05/2024 08:10:00 AM,TUCKERMAN LA,NA,Angle,Clear,Dry,Daylight,Traffic Control Signal,NONE DETECTED,No,Possible Minor Injury,NA,Not Distracted,MD,Passenger Car,Moving Constant Speed,25,No,2017,MINI,HARDTOP,39.03067067,-77.10512067,2024,12,8
240058119,Property Damage Crash,12/05/2024 07:52:00 AM,NA,NA,Front to Rear,Rain,Wet,Daylight,No Controls,NONE DETECTED,Yes,No Apparent Injury,NA,Not Distracted,MD,Single-Unit Truck,Slowing or Stopping,35,No,2007,KENWORTH,T8 SERIES,39.03343383,-77.23703467,2024,12,7
240058119,Property Damage Crash,12/05/2024 07:52:00 AM,NA,NA,Front to Rear,Rain,Wet,Daylight,No Controls,NONE DETECTED,No,No Apparent Injury,NA,Not Distracted,MD,Single-Unit Truck,Stopped in Traffic,35,No,2022,MACK,LR,39.03343383,-77.23703467,2024,12,7
240058116,Property Damage Crash,12/05/2024 07:45:00 AM,NA,NA,Single Vehicle,Rain,NA,Daylight,NA,NONE DETECTED,Yes,No Apparent Injury,Over-Correcting/Over-Steering,Not Distracted,NA,Passenger Car,Backing,0,No,2010,TOYOTA,CAMRY,39.027843,-77.07611217,2024,12,7
240058114,Property Damage Crash,12/05/2024 07:45:00 AM,NA,NA,"Sideswipe, Same Direction",Clear,NA,Daylight,NA,NONE DETECTED,Yes,No Apparent Injury,Improper Backing,Not Distracted,VA,Single-Unit Truck,Backing,0,No,2022,FREIGHTLINER,M2,39.23697617,-77.29285513,2024,12,7
240058112,Property Damage Crash,12/05/2024 06:24:00 AM,DARNESTOWN RD,NA,Single Vehicle,Cloudy,Wet,Medium,Flashing Traffic Control Signal,NONE DETECTED,No,No Apparent Injury,"Failed to Keep in Proper Lane, Too Fast For Conditions",Not Distracted,MD,Passenger Car,Negotiating a Curve,40,No,2005,TOYOTA,CAMRY,39.20603333,-77.43541167,2024,12,6
240058089,Injury Crash,12/04/2024 08:51:00 PM,EAST WEST HWY (WB/L),Pedestrian,Single Vehicle,Clear,Dry,Medium,Traffic Control Signal,NONE DETECTED,No,No Apparent Injury,NA,Unknown,NA,Passenger Car,Moving Constant Speed,35,No,2021,SUBARU,WRX,38.99492997,-77.04537518,2024,12,20
240058081,Injury Crash,12/04/2024 08:11:00 PM,CLOPPER RD,Pedestrian,Unknown,Clear,Dry,Medium,Traffic Control Signal,NONE DETECTED,No,No Apparent Injury,NA,Not Distracted,MD,Pickup,Turning Right,40,No,2013,TOYOTA,TACOMA,39.15901192,-77.27554972,2024,12,20
240058064,Property Damage Crash,12/04/2024 07:22:00 PM,NA,NA,"Sideswipe, Opposite Direction",Clear,Dry,Medium,No Controls,NONE DETECTED,No,No Apparent Injury,Failed to Keep in Proper Lane,Not Distracted,MD,Passenger Car,Turning Left,15,No,2019,JEEP,CHEROKEE,39.16087041,-77.26611718,2024,12,19
240058064,Property Damage Crash,12/04/2024 07:22:00 PM,NA,NA,"Sideswipe, Opposite Direction",Clear,Dry,Medium,Stop Sign,NONE DETECTED,No,No Apparent Injury,NA,Not Distracted,MD,Passenger Car,Turning Right,15,No,2009,TOYOTA,COROLLA,39.16087041,-77.26611718,2024,12,19
240058066,Injury Crash,12/04/2024 07:18:00 PM,NADINE DR,Pedestrian,Single Vehicle,Clear,Dry,Dark,Stop Sign,NONE DETECTED,Yes,No Apparent Injury,NA,Not Distracted,MD,Passenger Car,Turning Left,25,No,2012,CHEVROLET,SONIC,39.09096008,-77.10167646,2024,12,19
240058067,Property Damage Crash,12/04/2024 06:57:00 PM,WHEATON PLZ RING RD CUT,NA,"Sideswipe, Opposite Direction",Clear,Dry,Medium,Stop Sign,ALCOHOL PRESENT,Yes,No Apparent Injury,"Failed to Keep in Proper Lane, Operated Motor Vehicle in Inattentive, Careless, Negligent, or Erratic Manner, Operated Motor Vehicle in Reckless or Aggressive Manner",Unknown,MD,Passenger Car,Turning Left,25,No,2020,HONDA,CIVIC,39.03763115,-77.05728998,2024,12,18
240058067,Property Damage Crash,12/04/2024 06:57:00 PM,WHEATON PLZ RING RD CUT,NA,"Sideswipe, Opposite Direction",Clear,Dry,Medium,Stop Sign,NONE DETECTED,No,No Apparent Injury,NA,Not Distracted,MD,Passenger Car,Turning Right,25,No,2017,TOYOTA,CAMRY,39.03763115,-77.05728998,2024,12,18
240058069,Property Damage Crash,12/04/2024 06:55:00 PM,CAPITAL BELTWAY,NA,"Sideswipe, Same Direction",Clear,Dry,Medium,No Controls,NONE DETECTED,No,NA,NA,NA,NA,Passenger Car,Changing Lanes,55,No,2022,KIA,NIRO,39.00863983,-77.06668221,2024,12,18
240058069,Property Damage Crash,12/04/2024 06:55:00 PM,CAPITAL BELTWAY,NA,"Sideswipe, Same Direction",Clear,Dry,Medium,No Controls,NONE DETECTED,No,No Apparent Injury,NA,Not Distracted,MD,Passenger Car,Moving Constant Speed,55,No,2023,HYUNDAI,SANTA FE,39.00863983,-77.06668221,2024,12,18
240058061,Injury Crash,12/04/2024 06:27:00 PM,W MONTGOMERY AVE (WB/L),Pedestrian,Single Vehicle,Clear,Dry,Medium,Traffic Control Signal,NONE DETECTED,No,No Apparent Injury,NA,Not Distracted,FL,Pickup,Slowing or Stopping,35,No,2022,RAM,5500,39.08923137,-77.17793074,2024,12,18
240058058,Property Damage Crash,12/04/2024 06:17:00 PM,CRYSTAL ROCK DR,NA,Angle,Clear,Dry,Medium,Traffic Control Signal,NONE DETECTED,No,No Apparent Injury,NA,Not Distracted,MD,Pickup,Moving Constant Speed,40,No,2019,TOYOTA,TACOMA,39.18113272,-77.26224442,2024,12,18
240058058,Property Damage Crash,12/04/2024 06:17:00 PM,CRYSTAL ROCK DR,NA,Angle,Clear,Dry,Medium,Traffic Control Signal,NONE DETECTED,Yes,No Apparent Injury,"Failed to Yield Right-of-Way, Other Improper Action","Other Action (looking away from task, etc.)",MD,Passenger Car,Turning Left,40,No,2015,FORD,FUSION,39.18113272,-77.26224442,2024,12,18
240058055,Property Damage Crash,12/04/2024 06:10:00 PM,NOTLEY RD,NA,Front to Rear,Clear,Dry,Dark,No Controls,NONE DETECTED,No,No Apparent Injury,NA,Not Distracted,MD,Passenger Car,Stopped in Traffic,30,No,2014,TOYOTA,COROLLA,39.09269736,-77.01471974,2024,12,18
240058055,Property Damage Crash,12/04/2024 06:10:00 PM,NOTLEY RD,NA,Front to Rear,Clear,Dry,Dark,No Controls,NONE DETECTED,No,No Apparent Injury,NA,Not Distracted,MD,Sport Utility Vehicle,Stopped in Traffic,30,No,2020,ACURA,RDX,39.09269736,-77.01471974,2024,12,18
240058055,Property Damage Crash,12/04/2024 06:10:00 PM,NOTLEY RD,NA,Front to Rear,Clear,Dry,Dark,No Controls,NONE DETECTED,Yes,No Apparent Injury,Too Fast For Conditions,Not Distracted,MD,Sport Utility Vehicle,Moving Constant Speed,30,No,2013,TOYOTA,HIGHLANDER,39.09269736,-77.01471974,2024,12,18
240058063,Property Damage Crash,12/04/2024 05:00:00 PM,SUNDOWN RD,NA,"Sideswipe, Opposite Direction",Clear,Dry,Dark,No Controls,NONE DETECTED,No,No Apparent Injury,NA,Not Distracted,MD,Pickup,Moving Constant Speed,40,No,2024,FORD,F-250,39.21933191,-77.1002167,2024,12,17
240058063,Property Damage Crash,12/04/2024 05:00:00 PM,SUNDOWN RD,NA,"Sideswipe, Opposite Direction",Clear,Dry,Dark,No Controls,NONE DETECTED,No,NA,NA,NA,NA,NA,Moving Constant Speed,40,No,0,NA,NA,39.21933191,-77.1002167,2024,12,17
240058039,Property Damage Crash,12/04/2024 04:29:00 PM,FALLSGROVE BLVD,NA,Angle,Cloudy,Dry,Daylight,Traffic Control Signal,NONE DETECTED,Yes,No Apparent Injury,Failed to Yield Right-of-Way,Not Distracted,MD,Passenger Car,Turning Left,40,No,2018,HYUNDAI,ELANTRA,39.09681283,-77.19473851,2024,12,16
240058039,Property Damage Crash,12/04/2024 04:29:00 PM,FALLSGROVE BLVD,NA,Angle,Cloudy,Dry,Daylight,Traffic Control Signal,NONE DETECTED,No,No Apparent Injury,NA,Not Distracted,MD,Passenger Car,Moving Constant Speed,40,No,2024,BMW,330I,39.09681283,-77.19473851,2024,12,16
240058043,Property Damage Crash,12/04/2024 04:25:00 PM,NA,NA,Single Vehicle,Clear,NA,Daylight,NA,NONE DETECTED,No,No Apparent Injury,NA,Not Distracted,MD,Bus - School,Backing,0,No,2018,FREIGHTLINER,B2 BUS CHASSIS,39.09935533,-77.39017597,2024,12,16
240058034,Injury Crash,12/04/2024 04:09:00 PM,RAMP 1 FR RP 4 EB TO DEMOCRACY BLVD,NA,Front to Rear,Cloudy,Dry,Daylight,Traffic Control Signal,NONE DETECTED,No,Possible Minor Injury,NA,Not Distracted,MD,Passenger Car,Stopped in Traffic,35,No,2022,HYUNDAI,ACCENT,39.02161557,-77.14115617,2024,12,16
240058034,Injury Crash,12/04/2024 04:09:00 PM,RAMP 1 FR RP 4 EB TO DEMOCRACY BLVD,NA,Front to Rear,Cloudy,Dry,Daylight,Traffic Control Signal,NONE DETECTED,Yes,No Apparent Injury,Too Fast For Conditions,Not Distracted,MD,Sport Utility Vehicle,Slowing or Stopping,35,No,2019,CHEVROLET,EQUINOX,39.02161557,-77.14115617,2024,12,16
240058038,Property Damage Crash,12/04/2024 04:00:00 PM,NA,NA,Front to Rear,Clear,Dry,Daylight,No Controls,NONE DETECTED,Yes,No Apparent Injury,Failed to Yield Right-of-Way,Unknown,MD,Passenger Car,Changing Lanes,35,No,2012,HONDA,CR-V,39.01851784,-77.01411929,2024,12,16