Local Case Number,ACRS Report Type,Crash Date/Time,Road Name,Related Non-Motorist,Collision Type,Weather,Surface Condition,Light,Traffic Control,Driver Substance Abuse,Driver At Fault,Injury Severity,Circumstance,Driver Distracted By,Drivers License State,Vehicle Body Type,Vehicle Movement,Speed Limit,Driverless Vehicle,Vehicle Year,Vehicle Make,Vehicle Model,Latitude,Longitude,Year,Month,Hour
240058038,Property Damage Crash,12/04/2024 04:00:00 PM,NA,NA,Front to Rear,Clear,Dry,Daylight,No Controls,NONE DETECTED,No,No Apparent Injury,NA,Not Distracted,MD,Bus - Transit,Parked,35,No,2020,NOVABUS,LFS ARTICULATED,39.01851784,-77.01411929,2024,12,16
240058032,Property Damage Crash,12/04/2024 03:51:00 PM,NA,NA,Single Vehicle,Clear,NA,Daylight,NA,NONE DETECTED,No,No Apparent Injury,NA,Not Distracted,MD,Bus - School,Backing,0,No,2016,THOMAS BUILT,HDX,39.09119641,-76.95689068,2024,12,15
240058020,Property Damage Crash,12/04/2024 02:25:00 PM,GEORGIA AVE (SB/L),NA,"Sideswipe, Same Direction",Clear,Dry,Daylight,No Controls,NONE DETECTED,No,No Apparent Injury,NA,Not Distracted,MD,Passenger Car,Moving Constant Speed,30,No,2015,HYUNDAI,SONATA,39.03390605,-77.04915605,2024,12,14
240058020,Property Damage Crash,12/04/2024 02:25:00 PM,GEORGIA AVE (SB/L),NA,"Sideswipe, Same Direction",Clear,Dry,Daylight,No Controls,NONE DETECTED,Yes,No Apparent Injury,"Failed to Keep in Proper Lane, Over-Correcting/Over-Steering",Unknown,DC,Passenger Car,Changing Lanes,30,No,2015,TOYOTA,COROLLA,39.03390605,-77.04915605,2024,12,14
240058026,Property Damage Crash,12/04/2024 02:13:00 PM,DEER PARK DR,NA,Single Vehicle,Clear,Dry,Daylight,No Controls,NONE DETECTED,Yes,No Apparent Injury,NA,Unknown,MD,Passenger Car,Accelerating,15,No,2013,FORD,ESCAPE,39.06412952,-76.9613397,2024,12,14
240058021,Property Damage Crash,12/04/2024 02:03:00 PM,GERMANTOWN RD (SB/L),NA,"Sideswipe, Same Direction",Clear,Dry,Daylight,Traffic Control Signal,NONE DETECTED,No,No Apparent Injury,NA,NA,NA,NA,Moving Constant Speed,40,No,0,NA,NA,39.17689037,-77.27028349,2024,12,14
240058021,Property Damage Crash,12/04/2024 02:03:00 PM,GERMANTOWN RD (SB/L),NA,"Sideswipe, Same Direction",Clear,Dry,Daylight,Traffic Control Signal,NONE DETECTED,No,No Apparent Injury,NA,Not Distracted,MD,Bus - Transit,Parked,40,No,2021,GILLIG,LOW FLOOR BUS,39.17689037,-77.27028349,2024,12,14
240058012,Property Damage Crash,12/04/2024 01:48:00 PM,SETH PL,NA,"Sideswipe, Same Direction",Clear,Dry,Daylight,No Controls,NONE DETECTED,No,No Apparent Injury,Improper Passing,Unknown,MD,Other Trucks,NA,25,No,2024,BTL,LNT,39.08581797,-77.1400482,2024,12,13
240057998,Property Damage Crash,12/04/2024 01:12:00 PM,NA,NA,Front to Rear,Cloudy,Dry,Daylight,Traffic Control Signal,NONE DETECTED,Yes,No Apparent Injury,NA,Unknown,MD,Passenger Car,Moving Constant Speed,35,No,2022,HONDA,CIVIC,39.09049624,-77.04597215,2024,12,13
240057998,Property Damage Crash,12/04/2024 01:12:00 PM,NA,NA,Front to Rear,Cloudy,Dry,Daylight,Traffic Control Signal,NONE DETECTED,No,No Apparent Injury,NA,Not Distracted,MD,Passenger Car,Stopped in Traffic,35,No,2017,MERCEDES-BENZ,E-CLASS,39.09049624,-77.04597215,2024,12,13
240057965,Property Damage Crash,12/04/2024 11:12:00 AM,SHADY GROVE RD (SB/L),NA,Front to Rear,Clear,Dry,Daylight,Traffic Control Signal,NONE DETECTED,No,No Apparent Injury,NA,Unknown,MD,Passenger Car,Moving Constant Speed,45,No,2015,HONDA,ACCORD,39.111757,-77.18738483,2024,12,11
240057965,Property Damage Crash,12/04/2024 11:12:00 AM,SHADY GROVE RD (SB/L),NA,Front to Rear,Clear,Dry,Daylight,Traffic Control Signal,NONE DETECTED,No,No Apparent Injury,NA,Unknown,MD,Passenger Car,Turning Left,45,No,2019,TOYOTA,CAMRY,39.111757,-77.18738483,2024,12,11
240057963,Property Damage Crash,12/04/2024 10:55:00 AM,DODGE ST,NA,Front to Rear,Clear,Dry,Daylight,Pedestrian Crossing Sign,NONE DETECTED,Yes,No Apparent Injury,NA,Not Distracted,MD,Passenger Car,Moving Constant Speed,30,No,2020,HONDA,CR-V,39.08095205,-77.14384966,2024,12,10
240057963,Property Damage Crash,12/04/2024 10:55:00 AM,DODGE ST,NA,Front to Rear,Clear,Dry,Daylight,Pedestrian Crossing Sign,NONE DETECTED,No,No Apparent Injury,NA,Not Distracted,MD,Passenger Car,Slowing or Stopping,30,No,2015,JEEP,CHEROKEE,39.08095205,-77.14384966,2024,12,10
240057960,Injury Crash,12/04/2024 10:52:00 AM,VEIRS MILL RD,NA,Front to Rear,Clear,Dry,Daylight,Pedestrian Crossing Sign,NONE DETECTED,No,Possible Minor Injury,NA,Not Distracted,MD,Passenger Car,Stopped in Traffic,30,No,2013,FORD,FOCUS,39.08091655,-77.14372315,2024,12,10
240057960,Injury Crash,12/04/2024 10:52:00 AM,VEIRS MILL RD,NA,Front to Rear,Clear,Dry,Daylight,Pedestrian Crossing Sign,NONE DETECTED,Yes,No Apparent Injury,Followed Too Closely,Not Distracted,MD,Sport Utility Vehicle,Slowing or Stopping,30,No,2015,JEEP,CHEROKEE,39.08091655,-77.14372315,2024,12,10
240057944,Injury Crash,12/04/2024 09:45:00 AM,NIMITZ RD,NA,"Sideswipe, Same Direction",Clear,Dry,Daylight,No Controls,NONE DETECTED,No,Suspected Serious Injury,NA,Not Distracted,MD,Station Wagon,Moving Constant Speed,25,No,2004,HONDA,ODYSSEY,39.03548024,-77.07343642,2024,12,9
240057947,Injury Crash,12/04/2024 09:45:00 AM,DENFELD AVE,NA,"Sideswipe, Same Direction",Clear,Dry,Daylight,No Controls,NONE DETECTED,No,Suspected Serious Injury,NA,Not Distracted,MD,Station Wagon,Moving Constant Speed,25,No,2004,HONDA,ODYSSEY,39.03787197,-77.07282487,2024,12,9
240057975,Property Damage Crash,12/04/2024 09:35:00 AM,NA,NA,"Sideswipe, Same Direction",Clear,Dry,Daylight,No Controls,NONE DETECTED,No,No Apparent Injury,NA,Not Distracted,MD,Passenger Car,Moving Constant Speed,15,No,2022,FORD,F-150,38.98682009,-77.010823920000007,2024,12,9
240057940,Property Damage Crash,12/04/2024 09:33:00 AM,CONNECTICUT AVE (SB/L),NA,Front to Rear,Clear,Dry,Daylight,Traffic Control Signal,NONE DETECTED,No,No Apparent Injury,NA,Unknown,MD,Passenger Car,Changing Lanes,35,No,2004,HONDA,ODYSSEY,39.038773,-77.07574932,2024,12,9
240057940,Property Damage Crash,12/04/2024 09:33:00 AM,CONNECTICUT AVE (SB/L),NA,Front to Rear,Clear,Dry,Daylight,Traffic Control Signal,NONE DETECTED,No,No Apparent Injury,NA,Not Distracted,MD,Passenger Car,Stopped in Traffic,35,No,2007,TOYOTA,CAMRY,39.038773,-77.07574932,2024,12,9
240057931,Property Damage Crash,12/04/2024 09:01:00 AM,METRORAIL TRACK B2 RAIL,NA,"Sideswipe, Same Direction",Clear,Dry,Daylight,No Controls,NONE DETECTED,Yes,No Apparent Injury,Failed to Keep in Proper Lane,Unknown,MD,Single-Unit Truck,Moving Constant Speed,35,No,2024,FREIGHTLINER,M2,39.0295855,-77.04753683,2024,12,9
240057931,Property Damage Crash,12/04/2024 09:01:00 AM,METRORAIL TRACK B2 RAIL,NA,"Sideswipe, Same Direction",Clear,Dry,Daylight,No Controls,NONE DETECTED,No,No Apparent Injury,NA,Not Distracted,MD,Bus - School,Moving Constant Speed,35,No,2015,FREIGHTLINER,B2 BUS CHASSIS,39.0295855,-77.04753683,2024,12,9
240057922,Injury Crash,12/04/2024 08:45:00 AM,RANDOLPH RD,NA,Angle,Clear,Dry,Daylight,Traffic Control Signal,NONE DETECTED,No,No Apparent Injury,NA,Unknown,MD,Passenger Car,Moving Constant Speed,25,No,2004,HONDA,CIVIC,39.05892533,-77.0691675,2024,12,8
240057922,Injury Crash,12/04/2024 08:45:00 AM,RANDOLPH RD,NA,Angle,Clear,Dry,Daylight,Traffic Control Signal,NONE DETECTED,No,Possible Minor Injury,NA,Unknown,MD,Passenger Car,Moving Constant Speed,35,No,2024,TOYOTA,COROLLA,39.05892533,-77.0691675,2024,12,8
240057916,Property Damage Crash,12/04/2024 07:55:00 AM,WALKERS CHOICE RD,NA,Front to Rear,Cloudy,Ice/Frost,Daylight,No Controls,NONE DETECTED,No,No Apparent Injury,NA,Not Distracted,MD,Passenger Car,Slowing or Stopping,25,No,2011,ACURA,MDX,39.16145451,-77.20257649,2024,12,7
240057916,Property Damage Crash,12/04/2024 07:55:00 AM,WALKERS CHOICE RD,NA,Front to Rear,Cloudy,Ice/Frost,Daylight,No Controls,NONE DETECTED,Yes,No Apparent Injury,NA,Not Distracted,MD,Bus - School,Slowing or Stopping,25,No,2018,FREIGHTLINER,B2 BUS CHASSIS,39.16145451,-77.20257649,2024,12,7
240057986,Property Damage Crash,12/04/2024 07:30:00 AM,NO NAME (SB/L),NA,Front to Rear,Clear,Dry,Daylight,No Controls,NONE DETECTED,No,No Apparent Injury,NA,Not Distracted,MD,Passenger Car,Moving Constant Speed,55,No,2017,HONDA,CR-V,39.02473468,-77.14196638,2024,12,7
240057914,Property Damage Crash,12/04/2024 07:30:00 AM,NA,NA,Front to Rear,Clear,Dry,Daylight,No Controls,NONE DETECTED,No,No Apparent Injury,Other Improper Action,Not Distracted,MD,Passenger Car,Moving Constant Speed,25,No,2017,HYUNDAI,ELANTRA,39.1166447,-76.96730973,2024,12,7
240057914,Property Damage Crash,12/04/2024 07:30:00 AM,NA,NA,Front to Rear,Clear,Dry,Daylight,No Controls,NONE DETECTED,No,No Apparent Injury,NA,Not Distracted,MD,Passenger Car,Slowing or Stopping,25,No,2023,CHEVROLET,MALIBU,39.1166447,-76.96730973,2024,12,7
240057914,Property Damage Crash,12/04/2024 07:30:00 AM,NA,NA,Front to Rear,Clear,Dry,Daylight,No Controls,NONE DETECTED,No,No Apparent Injury,NA,Not Distracted,MD,Passenger Car,Slowing or Stopping,35,No,2017,SUBARU,OUTBACK,39.1166447,-76.96730973,2024,12,7
240057986,Property Damage Crash,12/04/2024 07:30:00 AM,NO NAME (SB/L),NA,Front to Rear,Clear,Dry,Daylight,No Controls,NONE DETECTED,No,No Apparent Injury,NA,Not Distracted,DC,Passenger Car,Moving Constant Speed,55,No,2007,CHEVROLET,TAHOE,39.02473468,-77.14196638,2024,12,7
240057986,Property Damage Crash,12/04/2024 07:30:00 AM,NO NAME (SB/L),NA,Front to Rear,Clear,Dry,Daylight,No Controls,NONE DETECTED,No,NA,NA,NA,NA,Passenger Car,NA,55,No,2015,HYUNDAI,ELANTRA,39.02473468,-77.14196638,2024,12,7
240057912,Property Damage Crash,12/04/2024 07:23:00 AM,NA,NA,"Sideswipe, Same Direction",Clear,NA,Daylight,NA,NONE DETECTED,No,No Apparent Injury,NA,Not Distracted,MD,Bus - School,Accelerating,0,No,2016,THOMAS BUILT,HDX,39.06467318,-77.03342545,2024,12,7
240057905,Property Damage Crash,12/04/2024 03:59:00 AM,UNIVERSITY BLVD W (WB/L),NA,Single Vehicle,Clear,Dry,Medium,No Controls,ALCOHOL PRESENT,Yes,No Apparent Injury,NA,Not Distracted,MD,Sport Utility Vehicle,Moving Constant Speed,35,No,2020,TOYOTA,RAV4,39.034989,-77.0248594,2024,12,3
240057877,Property Damage Crash,12/03/2024 09:03:00 PM,COLESVILLE RD,NA,"Sideswipe, Same Direction",Clear,Dry,Medium,No Controls,NONE DETECTED,Yes,No Apparent Injury,NA,Not Distracted,MD,Bus - Transit,Moving Constant Speed,35,No,2013,NEW FLYER,XCELSIOR,38.99762469,-77.02697442,2024,12,21
240057877,Property Damage Crash,12/03/2024 09:03:00 PM,COLESVILLE RD,NA,"Sideswipe, Same Direction",Clear,Dry,Medium,No Controls,NONE DETECTED,Yes,No Apparent Injury,NA,Not Distracted,VA,Passenger Car,Moving Constant Speed,35,No,2013,TOYOTA,RAV4,38.99762469,-77.02697442,2024,12,21
240058789,Property Damage Crash,12/03/2024 08:00:00 PM,NA,NA,Front to Rear,Clear,NA,Medium,NA,NONE DETECTED,Yes,No Apparent Injury,"Improper Backing, Operated Motor Vehicle in Inattentive, Careless, Negligent, or Erratic Manner, Operated Motor Vehicle in Reckless or Aggressive Manner",Not Distracted,MD,Passenger Car,Backing,0,No,2012,DODGE,CHARGER,39.1769479,-77.17653013,2024,12,20
240057866,Property Damage Crash,12/03/2024 07:59:00 PM,SHADY GROVE RD,NA,Angle,Clear,Dry,Medium,Traffic Control Signal,NONE DETECTED,Yes,No Apparent Injury,NA,Unknown,MD,Pickup,Moving Constant Speed,35,No,2020,CHEVROLET,COLORADO,39.12957841,-77.16398849,2024,12,19
240057866,Property Damage Crash,12/03/2024 07:59:00 PM,SHADY GROVE RD,NA,Angle,Clear,Dry,Medium,Traffic Control Signal,NONE DETECTED,No,No Apparent Injury,NA,Not Distracted,MD,Sport Utility Vehicle,Turning Left,35,No,2014,HYUNDAI,SANTA FE,39.12957841,-77.16398849,2024,12,19
240057866,Property Damage Crash,12/03/2024 07:59:00 PM,SHADY GROVE RD,NA,Angle,Clear,Dry,Medium,Traffic Control Signal,NONE DETECTED,No,No Apparent Injury,NA,Not Distracted,MD,Station Wagon,Stopped in Traffic,35,No,2022,SUBARU,OUTBACK,39.12957841,-77.16398849,2024,12,19
240057863,Property Damage Crash,12/03/2024 07:12:00 PM,RIVER RD (WB/L),NA,Front to Rear,Clear,Dry,Medium,Traffic Control Signal,NONE DETECTED,Yes,No Apparent Injury,"Failed to Yield Right-of-Way, Operated Motor Vehicle in Inattentive, Careless, Negligent, or Erratic Manner, Other Improper Action",Not Distracted,MD,Passenger Car,Turning Left,35,No,2020,TESLA,MODEL 3,38.99093718,-77.15552539,2024,12,19
240057863,Property Damage Crash,12/03/2024 07:12:00 PM,RIVER RD (WB/L),NA,Front to Rear,Clear,Dry,Medium,Traffic Control Signal,NONE DETECTED,No,No Apparent Injury,NA,Not Distracted,VA,Passenger Car,Moving Constant Speed,35,No,2024,TESLA,MODEL Y,38.99093718,-77.15552539,2024,12,19
240057855,Property Damage Crash,12/03/2024 06:40:00 PM,GEORGIA AVE,NA,"Sideswipe, Same Direction",Clear,Dry,Medium,Traffic Control Signal,NONE DETECTED,No,NA,NA,NA,NA,NA,Turning Left,35,No,0,NA,NA,39.05789203,-77.04999065,2024,12,18
240057855,Property Damage Crash,12/03/2024 06:40:00 PM,GEORGIA AVE,NA,"Sideswipe, Same Direction",Clear,Dry,Medium,Traffic Control Signal,NONE DETECTED,No,No Apparent Injury,NA,Not Distracted,MD,Sport Utility Vehicle,Turning Left,35,No,2015,FORD,EXPLORER,39.05789203,-77.04999065,2024,12,18
240057852,Injury Crash,12/03/2024 06:28:00 PM,KENNEDY DR,NA,Front to Rear,Clear,Ice/Frost,Medium,No Controls,NONE DETECTED,Yes,No Apparent Injury,"Operated Motor Vehicle in Inattentive, Careless, Negligent, or Erratic Manner, Other Improper Action",Not Distracted,MD,Passenger Car,Slowing or Stopping,35,No,2019,INFINITI,QX60,38.97706876,-77.10595027,2024,12,18
240057852,Injury Crash,12/03/2024 06:28:00 PM,KENNEDY DR,NA,Front to Rear,Clear,Ice/Frost,Medium,No Controls,NONE DETECTED,No,Possible Minor Injury,NA,Not Distracted,MD,Passenger Car,Stopped in Traffic,35,No,2009,TOYOTA,SIENNA,38.97706876,-77.10595027,2024,12,18
240057853,Injury Crash,12/03/2024 06:17:00 PM,STONEBRIDGE VIEW DR,NA,Angle,Clear,Dry,Medium,Stop Sign,NONE DETECTED,No,No Apparent Injury,Failed to Yield Right-of-Way,Not Distracted,MD,Passenger Car,Turning Left,25,No,2022,TESLA,MODEL 3,39.08900262,-77.21394479,2024,12,18
240057853,Injury Crash,12/03/2024 06:17:00 PM,STONEBRIDGE VIEW DR,NA,Angle,Clear,Dry,Medium,No Controls,NONE DETECTED,No,Possible Minor Injury,NA,Not Distracted,NC,Sport Utility Vehicle,Moving Constant Speed,30,No,2005,LEXUS,RX,39.08900262,-77.21394479,2024,12,18
240057851,Injury Crash,12/03/2024 06:09:00 PM,UNIVERSITY BLVD W,NA,Rear To Side,Cloudy,Dry,Medium,Stop Sign,NONE DETECTED,Yes,Possible Minor Injury,Failed to Yield Right-of-Way,Not Distracted,MD,Passenger Car,Turning Left,25,No,2021,TOYOTA,CAMRY,39.03517823,-77.06834133,2024,12,18
240057851,Injury Crash,12/03/2024 06:09:00 PM,UNIVERSITY BLVD W,NA,Rear To Side,Cloudy,Dry,Medium,No Controls,NONE DETECTED,No,No Apparent Injury,NA,Not Distracted,MD,Passenger Car,Moving Constant Speed,35,No,2012,MAZDA,MAZDA3,39.03517823,-77.06834133,2024,12,18
240057850,Property Damage Crash,12/03/2024 05:55:00 PM,OLNEY SANDY SPRING RD (WB/L),NA,Front to Rear,Clear,Dry,Medium,No Controls,NONE DETECTED,No,No Apparent Injury,NA,Not Distracted,MD,Passenger Car,Stopped in Traffic,30,No,2020,HONDA,CIVIC,39.1524875,-77.06507933,2024,12,17
240057850,Property Damage Crash,12/03/2024 05:55:00 PM,OLNEY SANDY SPRING RD (WB/L),NA,Front to Rear,Clear,Dry,Medium,No Controls,NONE DETECTED,Yes,No Apparent Injury,Followed Too Closely,Not Distracted,MD,Passenger Car,Accelerating,30,No,2011,HYUNDAI,SONATA,39.1524875,-77.06507933,2024,12,17
240057845,Property Damage Crash,12/03/2024 05:49:00 PM,RAMP 8 FR MD 650 SB TO US 29 WB,NA,Single Vehicle,Clear,Dry,Dark,Other,NONE DETECTED,No,No Apparent Injury,"Swerved or Avoided Due to Wind, Slippery Surface, Motor Vehicle, Object, Non-Motorist in Roadway, etc",Not Distracted,MD,Passenger Car,Moving Constant Speed,35,No,2010,TOYOTA,COROLLA,39.0443545,-76.99280683,2024,12,17
240057846,Property Damage Crash,12/03/2024 05:45:00 PM,NA,NA,Rear To Side,Clear,NA,Medium,NA,NONE DETECTED,No,No Apparent Injury,Other Improper Action,"Other Action (looking away from task, etc.)",MD,Passenger Car,Backing,0,No,2011,NISSAN,JUKE,39.1801191,-77.2629619,2024,12,17
240057846,Property Damage Crash,12/03/2024 05:45:00 PM,NA,NA,Rear To Side,Clear,NA,Medium,NA,NONE DETECTED,No,No Apparent Injury,NA,Not Distracted,MD,Passenger Car,Parked,0,No,2021,TOYOTA,4-RUNNER,39.1801191,-77.2629619,2024,12,17
240057844,Property Damage Crash,12/03/2024 05:07:00 PM,MUNCASTER MILL RD (WB/L),NA,Front to Rear,Clear,Dry,Medium,Traffic Control Signal,NONE DETECTED,No,No Apparent Injury,NA,Not Distracted,MD,Passenger Car,Slowing or Stopping,35,No,2006,CHEVROLET,SILVERADO,39.10898839,-77.08006074,2024,12,17
240057844,Property Damage Crash,12/03/2024 05:07:00 PM,MUNCASTER MILL RD (WB/L),NA,Front to Rear,Clear,Dry,Medium,Traffic Control Signal,DRUG AND ALCOHOL CONTRIBUTED,Yes,No Apparent Injury,"Followed Too Closely, Operated Motor Vehicle in Inattentive, Careless, Negligent, or Erratic Manner, Operated Motor Vehicle in Reckless or Aggressive Manner",Unknown,MD,Passenger Car,Moving Constant Speed,35,No,2017,HYUNDAI,TUCSON,39.10898839,-77.08006074,2024,12,17
240057837,Injury Crash,12/03/2024 04:51:00 PM,SEVEN LOCKS RD,NA,Angle,Clear,Dry,Daylight,Traffic Control Signal,NONE DETECTED,No,Possible Minor Injury,Failed to Yield Right-of-Way,Not Distracted,MD,Sport Utility Vehicle,Turning Left,35,No,2014,JEEP,GRAND CHEROKEE,39.04780692,-77.16211298,2024,12,16
240057837,Injury Crash,12/03/2024 04:51:00 PM,SEVEN LOCKS RD,NA,Angle,Clear,Dry,Daylight,Traffic Control Signal,NONE DETECTED,No,Possible Minor Injury,NA,Not Distracted,MD,Sport Utility Vehicle,Moving Constant Speed,35,No,2024,SUBARU,ASCENT,39.04780692,-77.16211298,2024,12,16
240057834,Injury Crash,12/03/2024 04:37:00 PM,TURKEY FOOT RD,NA,Single Vehicle,Clear,Dry,Daylight,No Controls,NONE DETECTED,No,Possible Minor Injury,Ran Off Roadway,Unknown,MD,Passenger Car,Accelerating,40,No,2018,HONDA,CIVIC,39.08619321,-77.26700828,2024,12,16
240057814,Injury Crash,12/03/2024 03:33:00 PM,VANDALIA DR,Pedestrian,Single Vehicle,Clear,Dry,Daylight,No Controls,NONE DETECTED,No,No Apparent Injury,NA,"Other Action (looking away from task, etc.)",MD,Passenger Car,Turning Left,25,No,2020,HONDA,CIVIC,39.07487871,-77.08342258,2024,12,15
240057823,Property Damage Crash,12/03/2024 03:29:00 PM,NA,NA,"Sideswipe, Same Direction",Clear,Dry,Daylight,Traffic Control Signal,NONE DETECTED,Yes,No Apparent Injury,NA,Not Distracted,MD,Bus - Transit,Changing Lanes,35,No,2013,NEW FLYER,XCELSIOR,38.99693346,-77.09654583,2024,12,15
240057823,Property Damage Crash,12/03/2024 03:29:00 PM,NA,NA,"Sideswipe, Same Direction",Clear,Dry,Daylight,Traffic Control Signal,NONE DETECTED,No,No Apparent Injury,NA,Not Distracted,DC,Passenger Car,Stopped in Traffic,35,No,2007,BMW,328I,38.99693346,-77.09654583,2024,12,15
240057815,Property Damage Crash,12/03/2024 03:25:00 PM,ROCKVILLE PIKE,NA,Front to Rear,Clear,Dry,Daylight,No Controls,NONE DETECTED,No,No Apparent Injury,NA,Not Distracted,MD,Passenger Car,Stopped in Traffic,35,No,2009,NISSAN,ALTIMA,39.00127203,-77.09753526,2024,12,15
240057815,Property Damage Crash,12/03/2024 03:25:00 PM,ROCKVILLE PIKE,NA,Front to Rear,Clear,Dry,Daylight,No Controls,NONE DETECTED,No,No Apparent Injury,NA,Unknown,MD,Van - Passenger (&lt;9 Seats),Slowing or Stopping,35,No,2019,CHRYSLER,PACIFICA,39.00127203,-77.09753526,2024,12,15
240057815,Property Damage Crash,12/03/2024 03:25:00 PM,ROCKVILLE PIKE,NA,Front to Rear,Clear,Dry,Daylight,No Controls,NONE DETECTED,No,No Apparent Injury,NA,Not Distracted,MD,Sport Utility Vehicle,Stopped in Traffic,35,No,2018,HONDA,CR-V,39.00127203,-77.09753526,2024,12,15
240057817,Property Damage Crash,12/03/2024 03:10:00 PM,STATION19 DR,NA,Rear To Rear,Clear,Dry,Daylight,No Controls,NONE DETECTED,No,No Apparent Injury,NA,Unknown,NA,Passenger Car,Backing,25,No,2011,HYUNDAI,ELANTRA,39.00874717,-77.04180402,2024,12,15
240057817,Property Damage Crash,12/03/2024 03:10:00 PM,STATION19 DR,NA,Rear To Rear,Clear,Dry,Daylight,No Controls,NONE DETECTED,No,No Apparent Injury,NA,Unknown,MD,Passenger Car,Backing,25,No,2018,HONDA,CIVIC,39.00874717,-77.04180402,2024,12,15
240057812,Property Damage Crash,12/03/2024 02:47:00 PM,SHADY GROVE RD (SB/L),NA,Front to Rear,Clear,Dry,Daylight,Traffic Control Signal,NONE DETECTED,No,No Apparent Injury,"Followed Too Closely, Operated Motor Vehicle in Inattentive, Careless, Negligent, or Erratic Manner, Other Improper Action",Unknown,MD,Bus - School,Moving Constant Speed,35,No,2018,FREIGHTLINER,B2 BUS CHASSIS,39.12766731,-77.17236368,2024,12,14
240057812,Property Damage Crash,12/03/2024 02:47:00 PM,SHADY GROVE RD (SB/L),NA,Front to Rear,Clear,Dry,Daylight,Traffic Control Signal,NONE DETECTED,No,No Apparent Injury,NA,Not Distracted,MD,Passenger Car,Slowing or Stopping,35,No,2002,HONDA,CIVIC,39.12766731,-77.17236368,2024,12,14
240057812,Property Damage Crash,12/03/2024 02:47:00 PM,SHADY GROVE RD (SB/L),NA,Front to Rear,Clear,Dry,Daylight,Traffic Control Signal,NONE DETECTED,No,No Apparent Injury,NA,Not Distracted,MD,Sport Utility Vehicle,Slowing or Stopping,35,No,2022,MAZDA,CX-9,39.12766731,-77.17236368,2024,12,14
240057821,Property Damage Crash,12/03/2024 02:40:00 PM,SYCAMORE LA,NA,"Sideswipe, Opposite Direction",Clear,Dry,Daylight,No Controls,NONE DETECTED,Yes,No Apparent Injury,Failed to Keep in Proper Lane,Unknown,MD,Passenger Car,Moving Constant Speed,40,No,2023,TOYOTA,COROLLA,39.11383399,-77.09286327,2024,12,14
240057821,Property Damage Crash,12/03/2024 02:40:00 PM,SYCAMORE LA,NA,"Sideswipe, Opposite Direction",Clear,Dry,Daylight,No Controls,NONE DETECTED,No,No Apparent Injury,NA,Not Distracted,MD,Pickup,Moving Constant Speed,40,No,2010,FORD,RANGER,39.11383399,-77.09286327,2024,12,14
240057804,Injury Crash,12/03/2024 02:10:00 PM,ROCKVILLE PIKE,NA,"Sideswipe, Same Direction",Clear,Dry,Daylight,No Controls,NONE DETECTED,Yes,No Apparent Injury,NA,Not Distracted,MD,Other Trucks,Changing Lanes,35,No,2024,KENWORTH,T880,39.07784496,-77.14037536,2024,12,14
240057804,Injury Crash,12/03/2024 02:10:00 PM,ROCKVILLE PIKE,NA,"Sideswipe, Same Direction",Clear,Dry,Daylight,No Controls,NONE DETECTED,No,Possible Minor Injury,NA,Not Distracted,MD,Passenger Car,Moving Constant Speed,35,No,2024,CHEVROLET,MALIBU,39.07784496,-77.14037536,2024,12,14
240057794,Injury Crash,12/03/2024 01:24:00 PM,NA,NA,Angle,Clear,NA,Daylight,NA,NONE DETECTED,Yes,No Apparent Injury,NA,Not Distracted,MD,Passenger Car,Slowing or Stopping,0,No,2016,FORD,FLEX,39.05417833,-76.95562333,2024,12,13