Local Case Number,ACRS Report Type,Crash Date/Time,Road Name,Related Non-Motorist,Collision Type,Weather,Surface Condition,Light,Traffic Control,Driver Substance Abuse,Driver At Fault,Injury Severity,Circumstance,Driver Distracted By,Drivers License State,Vehicle Body Type,Vehicle Movement,Speed Limit,Driverless Vehicle,Vehicle Year,Vehicle Make,Vehicle Model,Latitude,Longitude,Year,Month,Hour
240057794,Injury Crash,12/03/2024 01:24:00 PM,NA,NA,Angle,Clear,NA,Daylight,NA,NONE DETECTED,No,No Apparent Injury,NA,Not Distracted,MD,Passenger Car,Moving Constant Speed,0,No,2017,FORD,ESCAPE,39.05417833,-76.95562333,2024,12,13
240057786,Injury Crash,12/03/2024 12:50:00 PM,MIDCOUNTY HWY (SB/L),NA,"Sideswipe, Same Direction",Clear,Dry,Daylight,Other Warning Sign,NONE DETECTED,Yes,No Apparent Injury,NA,Not Distracted,MD,Passenger Car,Entering Traffic Lane,45,No,2015,GMC,TERRAIN,39.16017879,-77.20188033,2024,12,12
240057786,Injury Crash,12/03/2024 12:50:00 PM,MIDCOUNTY HWY (SB/L),NA,"Sideswipe, Same Direction",Clear,Dry,Daylight,Traffic Control Signal,NONE DETECTED,No,Possible Minor Injury,NA,Not Distracted,MD,Passenger Car,Accelerating,45,No,2014,HONDA,CIVIC,39.16017879,-77.20188033,2024,12,12
240057787,Property Damage Crash,12/03/2024 12:29:00 PM,NA,NA,Front to Rear,Clear,NA,Daylight,NA,ALCOHOL PRESENT,Yes,No Apparent Injury,Other Improper Action,Unknown,MD,Sport Utility Vehicle,Moving Constant Speed,0,No,2008,HONDA,CR-V,39.06486693,-77.05424408,2024,12,12
240057784,Property Damage Crash,12/03/2024 12:12:00 PM,HEATHER HOLLOW CIR,NA,Rear To Side,Clear,Dry,Daylight,No Controls,NONE DETECTED,Yes,No Apparent Injury,NA,Not Distracted,MD,Other,Backing,10,No,2000,FORD,EXPLORER,39.040555,-76.98242,2024,12,12
240057784,Property Damage Crash,12/03/2024 12:12:00 PM,HEATHER HOLLOW CIR,NA,Rear To Side,Clear,Dry,Daylight,No Controls,NONE DETECTED,No,No Apparent Injury,NA,Not Distracted,MD,Passenger Car,Slowing or Stopping,10,No,2016,NISSAN,MAXIMA,39.040555,-76.98242,2024,12,12
240057774,Property Damage Crash,12/03/2024 11:30:00 AM,GROVE ST,NA,Angle,Clear,Dry,Daylight,Stop Sign,NONE DETECTED,Yes,No Apparent Injury,Failed to Yield Right-of-Way,Not Distracted,MD,Passenger Car,Moving Constant Speed,30,No,2021,HONDA,HR-V,38.99015898,-77.02180869,2024,12,11
240057774,Property Damage Crash,12/03/2024 11:30:00 AM,GROVE ST,NA,Angle,Clear,Dry,Daylight,No Controls,NONE DETECTED,No,No Apparent Injury,NA,Not Distracted,MD,Passenger Car,Moving Constant Speed,30,No,2012,HONDA,FIT,38.99015898,-77.02180869,2024,12,11
240057755,Property Damage Crash,12/03/2024 10:00:00 AM,NA,NA,"Sideswipe, Same Direction",Clear,Dry,Daylight,No Controls,NONE DETECTED,Yes,No Apparent Injury,"Improper Passing, Operated Motor Vehicle in Reckless or Aggressive Manner",Not Distracted,MD,Passenger Car,Overtaking/Passing,35,No,2004,CHRYSLER,CROSSFIRE,38.99682098,-77.09456482,2024,12,10
240057755,Property Damage Crash,12/03/2024 10:00:00 AM,NA,NA,"Sideswipe, Same Direction",Clear,Dry,Daylight,No Controls,NONE DETECTED,No,No Apparent Injury,NA,Not Distracted,MD,Bus - Transit,Changing Lanes,35,No,2021,GILLIG,CITY TRANSIT BUS,38.99682098,-77.09456482,2024,12,10
240057599,Property Damage Crash,12/03/2024 09:50:00 AM,NA,NA,Angle,Clear,NA,Daylight,NA,NONE DETECTED,No,NA,NA,NA,NA,Passenger Car,Moving Constant Speed,0,No,2005,HONDA,ACCORD,38.99324122,-77.03235916,2024,12,9
240057754,Property Damage Crash,12/03/2024 09:46:00 AM,NA,NA,Front to Rear,Clear,Dry,Daylight,Traffic Control Signal,NONE DETECTED,Yes,No Apparent Injury,NA,"Other Action (looking away from task, etc.)",MD,Truck Tractor,Slowing or Stopping,35,No,2024,PETERBILT,567,39.06998894,-77.16980298,2024,12,9
240057754,Property Damage Crash,12/03/2024 09:46:00 AM,NA,NA,Front to Rear,Clear,Dry,Daylight,Traffic Control Signal,NONE DETECTED,No,No Apparent Injury,NA,Not Distracted,MD,Other Trucks,Stopped in Traffic,35,No,2012,FORD,F-450,39.06998894,-77.16980298,2024,12,9
240057749,Property Damage Crash,12/03/2024 09:20:00 AM,SOUTH DR,NA,"Sideswipe, Same Direction",Clear,Dry,Daylight,Traffic Control Signal,NONE DETECTED,Yes,No Apparent Injury,NA,"Other Action (looking away from task, etc.)",MD,Bus - Transit,Changing Lanes,25,No,2016,GILLIG,LOW FLOOR BUS,38.99947698,-77.09749599,2024,12,9
240057749,Property Damage Crash,12/03/2024 09:20:00 AM,SOUTH DR,NA,"Sideswipe, Same Direction",Clear,Dry,Daylight,Traffic Control Signal,NONE DETECTED,No,No Apparent Injury,NA,Not Distracted,VA,Passenger Car,Stopped in Traffic,25,No,2005,HONDA,ACCORD,38.99947698,-77.09749599,2024,12,9
240057753,Property Damage Crash,12/03/2024 09:04:00 AM,MARINELLI RD,NA,Front to Rear,Clear,Dry,Daylight,No Controls,NONE DETECTED,No,No Apparent Injury,NA,Not Distracted,NY,Passenger Car,Parked,20,No,2025,MAZDA,CX-5,39.0468391,-77.1138372,2024,12,9
240057753,Property Damage Crash,12/03/2024 09:04:00 AM,MARINELLI RD,NA,Front to Rear,Clear,Dry,Daylight,No Controls,NONE DETECTED,No,No Apparent Injury,NA,Not Distracted,MD,Van - Passenger (&lt;9 Seats),Moving Constant Speed,20,No,2020,FORD,F-450,39.0468391,-77.1138372,2024,12,9
240057743,Property Damage Crash,12/03/2024 08:38:00 AM,ARCOLA AVE (WB/L),NA,"Sideswipe, Same Direction",Clear,Dry,Daylight,Traffic Control Signal,NONE DETECTED,No,No Apparent Injury,NA,Not Distracted,MD,Other Trucks,Stopped in Traffic,30,No,2017,MACK,GU (GRANITE),39.03564034,-77.02583999,2024,12,8
240057743,Property Damage Crash,12/03/2024 08:38:00 AM,ARCOLA AVE (WB/L),NA,"Sideswipe, Same Direction",Clear,Dry,Daylight,Traffic Control Signal,NONE DETECTED,Yes,No Apparent Injury,NA,Not Distracted,MD,Sport Utility Vehicle,Moving Constant Speed,30,No,2017,FORD,ESCAPE,39.03564034,-77.02583999,2024,12,8
240057738,Property Damage Crash,12/03/2024 08:34:00 AM,NA,NA,Front to Rear,Clear,Dry,Daylight,No Controls,NONE DETECTED,Yes,No Apparent Injury,NA,Not Distracted,MD,Passenger Car,Turning Right,40,No,2015,TOYOTA,PRIUS,39.14385292,-77.04450244,2024,12,8
240057738,Property Damage Crash,12/03/2024 08:34:00 AM,NA,NA,Front to Rear,Clear,Dry,Daylight,Yield Sign,NONE DETECTED,No,No Apparent Injury,NA,Not Distracted,MD,Passenger Car,Turning Right,10,No,2019,TOYOTA,TUNDRA,39.14385292,-77.04450244,2024,12,8
240057740,Property Damage Crash,12/03/2024 08:31:00 AM,BRANDT PL,NA,Front to Rear,Clear,Dry,Daylight,No Controls,NONE DETECTED,Yes,No Apparent Injury,NA,Not Distracted,MD,Bus - School,Slowing or Stopping,35,No,2024,FREIGHTLINER,B2 BUS CHASSIS,38.99692609,-77.09467324,2024,12,8
240057740,Property Damage Crash,12/03/2024 08:31:00 AM,BRANDT PL,NA,Front to Rear,Clear,Dry,Daylight,No Controls,NONE DETECTED,No,No Apparent Injury,NA,Not Distracted,KY,Single-Unit Truck,Stopped in Traffic,35,No,2021,FREIGHTLINER,M2,38.99692609,-77.09467324,2024,12,8
240057744,Injury Crash,12/03/2024 08:18:00 AM,EAST WEST HWY (WB/L),NA,Single Vehicle,Clear,Ice/Frost,Daylight,Traffic Control Signal,NONE DETECTED,No,Possible Minor Injury,"Swerved or Avoided Due to Wind, Slippery Surface, Motor Vehicle, Object, Non-Motorist in Roadway, etc",Not Distracted,DC,Passenger Car,Moving Constant Speed,35,No,2017,CHEVROLET,MALIBU,38.99455595,-77.03568379,2024,12,8
240057731,Injury Crash,12/03/2024 08:09:00 AM,GEORGIA AVE (SB/L),Pedestrian,Single Vehicle,Clear,Dry,Daylight,No Controls,NONE DETECTED,No,No Apparent Injury,NA,Not Distracted,MD,Passenger Car,Moving Constant Speed,30,No,2015,MERCEDES-BENZ,C-CLASS,38.99679445,-77.02913113,2024,12,8
240057733,Injury Crash,12/03/2024 08:07:00 AM,NA,NA,Front to Rear,Clear,Dry,Daylight,No Controls,NONE DETECTED,Yes,No Apparent Injury,NA,Unknown,MD,Passenger Car,Slowing or Stopping,40,No,2013,TOYOTA,4-RUNNER,39.16870035,-77.01709195,2024,12,8
240057733,Injury Crash,12/03/2024 08:07:00 AM,NA,NA,Front to Rear,Clear,Dry,Daylight,No Controls,NONE DETECTED,No,No Apparent Injury,NA,Not Distracted,MD,Passenger Car,Stopped in Traffic,40,No,2022,JEEP,GLADIATOR,39.16870035,-77.01709195,2024,12,8
240057728,Property Damage Crash,12/03/2024 07:55:00 AM,WOODFIELD RD,NA,Angle,Clear,Dry,Daylight,Traffic Control Signal,NONE DETECTED,Yes,No Apparent Injury,Failed to Yield Right-of-Way,Unknown,XX,Passenger Car,Turning Left,35,No,2012,HONDA,CIVIC,39.15891833,-77.160295,2024,12,7
240057728,Property Damage Crash,12/03/2024 07:55:00 AM,WOODFIELD RD,NA,Angle,Clear,Dry,Daylight,Traffic Control Signal,NONE DETECTED,No,No Apparent Injury,NA,Not Distracted,MD,Passenger Car,Moving Constant Speed,35,No,2024,MERCEDES-BENZ,GLC-CLASS,39.15891833,-77.160295,2024,12,7
240057724,Injury Crash,12/03/2024 06:55:00 AM,DALEWOOD DR,NA,Front to Front,Clear,Dry,Medium,Stop Sign,NONE DETECTED,Yes,Possible Minor Injury,NA,Not Distracted,MD,Passenger Car,Accelerating,25,No,2021,KIA,SOUL,39.06004353,-77.06915233,2024,12,6
240057724,Injury Crash,12/03/2024 06:55:00 AM,DALEWOOD DR,NA,Front to Front,Clear,Dry,Medium,Pedestrian Crossing,NONE DETECTED,No,No Apparent Injury,NA,Not Distracted,MD,Sport Utility Vehicle,Moving Constant Speed,25,No,2024,HONDA,CR-V,39.06004353,-77.06915233,2024,12,6
240057709,Property Damage Crash,12/02/2024 09:40:00 PM,ZION RD,NA,Single Vehicle,Clear,Dry,Dark,No Controls,NONE DETECTED,Yes,No Apparent Injury,NA,Not Distracted,MD,Passenger Car,Moving Constant Speed,30,No,2017,LEXUS,RX,39.2194347,-77.08644596,2024,12,21
240057710,Property Damage Crash,12/02/2024 07:55:00 PM,MANNAKEE ST,NA,Rear To Side,Clear,Dry,Medium,Traffic Control Signal,NONE DETECTED,No,No Apparent Injury,NA,Not Distracted,MD,Bus - Transit,Backing,35,No,2019,GILLIG,LOW FLOOR BUS,39.09660325,-77.15403114,2024,12,19
240057710,Property Damage Crash,12/02/2024 07:55:00 PM,MANNAKEE ST,NA,Rear To Side,Clear,Dry,Medium,Traffic Control Signal,NONE DETECTED,No,No Apparent Injury,NA,Not Distracted,MD,Passenger Car,Stopped in Traffic,35,No,2018,TOYOTA,RAV4,39.09660325,-77.15403114,2024,12,19
240057699,Injury Crash,12/02/2024 07:32:00 PM,OAKMONT AVE,NA,Single Vehicle,Clear,Dry,Dark,No Controls,NONE DETECTED,No,Possible Minor Injury,NA,Unknown,MD,Passenger Car,NA,25,No,2008,HONDA,CR-V,39.1365595,-77.178229,2024,12,19
240057680,Property Damage Crash,12/02/2024 06:01:00 PM,NA,NA,Single Vehicle,Clear,NA,Medium,NA,NONE DETECTED,Yes,No Apparent Injury,"Improper Backing, Other Improper Action",Unknown,MD,Passenger Car,Backing,0,No,2001,TOYOTA,COROLLA,39.10568368,-77.18933837,2024,12,18
240057677,Injury Crash,12/02/2024 05:37:00 PM,SHADY GROVE RD,NA,"Sideswipe, Same Direction",Clear,Dry,Medium,No Controls,NONE DETECTED,No,Possible Minor Injury,NA,Not Distracted,MD,Passenger Car,Moving Constant Speed,45,No,2016,VOLKSWAGEN,GOLF GTI,39.13883012,-77.15293335,2024,12,17
240057677,Injury Crash,12/02/2024 05:37:00 PM,SHADY GROVE RD,NA,"Sideswipe, Same Direction",Clear,Dry,Medium,No Controls,NONE DETECTED,Yes,Possible Minor Injury,"Operated Motor Vehicle in Inattentive, Careless, Negligent, or Erratic Manner",Not Distracted,MD,Passenger Car,Changing Lanes,45,No,2015,TOYOTA,PRIUS C,39.13883012,-77.15293335,2024,12,17
240057663,Property Damage Crash,12/02/2024 04:21:00 PM,CONNECTICUT AVE (SB/L),NA,Single Vehicle,Clear,Dry,Daylight,No Controls,NONE DETECTED,No,No Apparent Injury,NA,Not Distracted,MD,Van - Passenger (&lt;9 Seats),Moving Constant Speed,35,No,2005,HONDA,ODYSSEY,38.98885017,-77.077244,2024,12,16
240057662,Injury Crash,12/02/2024 04:18:00 PM,GARDEN GATE RD,NA,Other,Clear,Dry,Medium,Traffic Control Signal,NONE DETECTED,No,No Apparent Injury,NA,Not Distracted,MD,Passenger Car,Moving Constant Speed,20,No,2011,HONDA,PILOT,39.06402952,-77.03927489,2024,12,16
240057662,Injury Crash,12/02/2024 04:18:00 PM,GARDEN GATE RD,NA,Other,Clear,Dry,Medium,Traffic Control Signal,NONE DETECTED,No,Possible Minor Injury,NA,Not Distracted,MD,Passenger Car,Moving Constant Speed,20,No,2014,AUDI,Q5,39.06402952,-77.03927489,2024,12,16
240057662,Injury Crash,12/02/2024 04:18:00 PM,GARDEN GATE RD,NA,Other,Clear,Dry,Medium,Traffic Control Signal,NONE DETECTED,No,Possible Minor Injury,NA,Not Distracted,MD,Passenger Car,Moving Constant Speed,20,No,2024,SUBARU,IMPREZA,39.06402952,-77.03927489,2024,12,16
240057662,Injury Crash,12/02/2024 04:18:00 PM,GARDEN GATE RD,NA,Other,Clear,Dry,Medium,Traffic Control Signal,NONE DETECTED,No,No Apparent Injury,NA,Unknown,MD,Passenger Car,Moving Constant Speed,35,No,2022,TOYOTA,COROLLA CROSS,39.06402952,-77.03927489,2024,12,16
240057661,Property Damage Crash,12/02/2024 04:15:00 PM,GEORGIA AVE (SB/L),NA,Angle,Clear,Dry,Daylight,Yield Sign,NONE DETECTED,No,No Apparent Injury,NA,Not Distracted,MD,Sport Utility Vehicle,Turning Left,35,No,2019,HONDA,HR-V,39.07818915,-77.07190126,2024,12,16
240057661,Property Damage Crash,12/02/2024 04:15:00 PM,GEORGIA AVE (SB/L),NA,Angle,Clear,Dry,Daylight,No Controls,NONE DETECTED,No,No Apparent Injury,NA,Not Distracted,MD,Pickup,Moving Constant Speed,35,No,2024,FORD,F-250,39.07818915,-77.07190126,2024,12,16
240057655,Property Damage Crash,12/02/2024 03:44:00 PM,GERMANTOWN RD (SB/L),NA,Front to Rear,Clear,Dry,Daylight,Traffic Control Signal,NONE DETECTED,Yes,No Apparent Injury,Followed Too Closely,"Other Action (looking away from task, etc.)",MD,Passenger Car,Moving Constant Speed,45,No,2017,FORD,TAURUS,39.18351554,-77.25692061,2024,12,15
240057655,Property Damage Crash,12/02/2024 03:44:00 PM,GERMANTOWN RD (SB/L),NA,Front to Rear,Clear,Dry,Daylight,Traffic Control Signal,NONE DETECTED,No,No Apparent Injury,NA,Not Distracted,MD,Passenger Car,Slowing or Stopping,45,No,2015,HONDA,FIT,39.18351554,-77.25692061,2024,12,15
240057652,Property Damage Crash,12/02/2024 03:34:00 PM,LOCKWOOD DR,NA,Front to Rear,Clear,Dry,Daylight,No Controls,NONE DETECTED,Yes,No Apparent Injury,"Followed Too Closely, Too Fast For Conditions",Not Distracted,MD,Van - Cargo,Slowing or Stopping,35,No,2023,MERCEDES-BENZ,METRIS,39.03393413,-77.00034624,2024,12,15
240057652,Property Damage Crash,12/02/2024 03:34:00 PM,LOCKWOOD DR,NA,Front to Rear,Clear,Dry,Daylight,No Controls,NONE DETECTED,No,No Apparent Injury,NA,Not Distracted,NY,Sport Utility Vehicle,Slowing or Stopping,35,No,2022,TOYOTA,RAV4,39.03393413,-77.00034624,2024,12,15
240057696,Injury Crash,12/02/2024 03:30:00 PM,FREDERICK RD (SB/L),Cyclist (non-electric),Single Vehicle,Clear,Dry,Daylight,Traffic Control Signal,NONE DETECTED,No,NA,"Failed to Yield Right-of-Way, Operated Motor Vehicle in Inattentive, Careless, Negligent, or Erratic Manner",Unknown,NA,Unknown,Turning Right,25,No,0,NA,NA,39.12597168,-77.18289898,2024,12,15
240057646,Injury Crash,12/02/2024 02:54:00 PM,FALLS RD,NA,Front to Rear,Clear,Dry,Daylight,No Controls,NONE DETECTED,No,Possible Minor Injury,Followed Too Closely,"Other Action (looking away from task, etc.)",MD,Passenger Car,Slowing or Stopping,35,No,2003,VOLKSWAGEN,BEETLE,39.06383042,-77.17593042,2024,12,14
240057646,Injury Crash,12/02/2024 02:54:00 PM,FALLS RD,NA,Front to Rear,Clear,Dry,Daylight,No Controls,NONE DETECTED,No,No Apparent Injury,NA,Not Distracted,MD,Sport Utility Vehicle,Stopped in Traffic,35,No,2024,LAND ROVER,RANGE ROVER,39.06383042,-77.17593042,2024,12,14
240057639,Property Damage Crash,12/02/2024 02:14:00 PM,NA,NA,Single Vehicle,Clear,NA,Daylight,NA,NONE DETECTED,No,No Apparent Injury,Other Improper Action,Not Distracted,MD,Passenger Car,Accelerating,0,No,2013,LEXUS,ES,39.17046562,-77.20844326,2024,12,14
240057618,Injury Crash,12/02/2024 11:58:00 AM,CHERRY HILL RD,NA,Front to Rear,Clear,Dry,Daylight,No Controls,NONE DETECTED,No,No Apparent Injury,NA,Not Distracted,MD,Passenger Car,Stopped in Traffic,35,No,2015,MERCEDES-BENZ,C-CLASS,39.05567405,-76.95411468,2024,12,11
240057618,Injury Crash,12/02/2024 11:58:00 AM,CHERRY HILL RD,NA,Front to Rear,Clear,Dry,Daylight,No Controls,NONE DETECTED,No,No Apparent Injury,NA,Not Distracted,MD,Passenger Car,Stopped in Traffic,35,No,2011,TOYOTA,CAMRY,39.05567405,-76.95411468,2024,12,11
240057618,Injury Crash,12/02/2024 11:58:00 AM,CHERRY HILL RD,NA,Front to Rear,Clear,Dry,Daylight,No Controls,NONE DETECTED,Yes,No Apparent Injury,Followed Too Closely,Not Distracted,MD,Van - Passenger (&lt;9 Seats),Moving Constant Speed,35,No,2013,GMC,SAVANA,39.05567405,-76.95411468,2024,12,11
240057618,Injury Crash,12/02/2024 11:58:00 AM,CHERRY HILL RD,NA,Front to Rear,Clear,Dry,Daylight,No Controls,NONE DETECTED,No,Possible Minor Injury,NA,Not Distracted,MD,Passenger Car,Stopped in Traffic,35,No,2013,FORD,ESCAPE,39.05567405,-76.95411468,2024,12,11
240057598,Property Damage Crash,12/02/2024 10:17:00 AM,NA,NA,Rear To Side,Clear,Dry,Daylight,Traffic Control Signal,NONE DETECTED,No,No Apparent Injury,NA,Unknown,MD,Passenger Car,NA,35,No,2018,MERCEDES-BENZ,C-CLASS,39.14841755,-77.20696387,2024,12,10
240057598,Property Damage Crash,12/02/2024 10:17:00 AM,NA,NA,Rear To Side,Clear,Dry,Daylight,Traffic Control Signal,NONE DETECTED,Yes,No Apparent Injury,NA,Unknown,MD,Passenger Car,Turning Left,35,No,2013,TOYOTA,PRIUS,39.14841755,-77.20696387,2024,12,10
240057587,Injury Crash,12/02/2024 09:30:00 AM,W WATKINS MILL RD (SB/L),NA,Front to Rear,Clear,Dry,Daylight,No Controls,NONE DETECTED,Yes,No Apparent Injury,"Followed Too Closely, Too Fast For Conditions",Unknown,MD,Passenger Car,Moving Constant Speed,35,No,2018,CHEVROLET,EXPRESS,39.1579822,-77.2221541,2024,12,9
240057587,Injury Crash,12/02/2024 09:30:00 AM,W WATKINS MILL RD (SB/L),NA,Front to Rear,Clear,Dry,Daylight,No Controls,NONE DETECTED,No,Possible Minor Injury,NA,Not Distracted,MD,Passenger Car,Slowing or Stopping,35,No,2019,MERCEDES-BENZ,GLE-CLASS,39.1579822,-77.2221541,2024,12,9
240057585,Property Damage Crash,12/02/2024 09:25:00 AM,TILDEN LA,NA,Front to Rear,Clear,Dry,Daylight,No Controls,NONE DETECTED,No,No Apparent Injury,NA,Not Distracted,MD,Passenger Car,Stopped in Traffic,35,No,2016,DODGE,DURANGO,39.04469983,-77.121154,2024,12,9
240057585,Property Damage Crash,12/02/2024 09:25:00 AM,TILDEN LA,NA,Front to Rear,Clear,Dry,Daylight,No Controls,NONE DETECTED,No,No Apparent Injury,NA,Not Distracted,MD,Passenger Car,Stopped in Traffic,35,No,2021,HYUNDAI,VENUE,39.04469983,-77.121154,2024,12,9
240057585,Property Damage Crash,12/02/2024 09:25:00 AM,TILDEN LA,NA,Front to Rear,Clear,Dry,Daylight,No Controls,NONE DETECTED,No,No Apparent Injury,NA,Not Distracted,MD,Passenger Car,Parked,35,No,2011,HONDA,CR-V,39.04469983,-77.121154,2024,12,9
240057585,Property Damage Crash,12/02/2024 09:25:00 AM,TILDEN LA,NA,Front to Rear,Clear,Dry,Daylight,No Controls,NONE DETECTED,No,No Apparent Injury,NA,Not Distracted,MD,Passenger Car,Moving Constant Speed,35,No,2005,TOYOTA,CAMRY,39.04469983,-77.121154,2024,12,9
240057588,Injury Crash,12/02/2024 09:19:00 AM,COLUMBIA PIKE,NA,"Sideswipe, Same Direction",Clear,Dry,Daylight,No Controls,NONE DETECTED,No,No Apparent Injury,NA,Not Distracted,MD,Sport Utility Vehicle,Stopped in Traffic,50,No,2011,HONDA,PILOT,39.0577624,-76.96855867,2024,12,9
240057588,Injury Crash,12/02/2024 09:19:00 AM,COLUMBIA PIKE,NA,"Sideswipe, Same Direction",Clear,Dry,Daylight,No Controls,NONE DETECTED,No,Possible Minor Injury,NA,Not Distracted,MD,Sport Utility Vehicle,Stopped in Traffic,50,No,2016,NISSAN,ROGUE,39.0577624,-76.96855867,2024,12,9
240057588,Injury Crash,12/02/2024 09:19:00 AM,COLUMBIA PIKE,NA,"Sideswipe, Same Direction",Clear,Dry,Daylight,No Controls,NONE DETECTED,Yes,No Apparent Injury,NA,Not Distracted,MD,Sport Utility Vehicle,Moving Constant Speed,50,No,2017,JEEP,RENEGADE,39.0577624,-76.96855867,2024,12,9
240057584,Injury Crash,12/02/2024 08:56:00 AM,WARING STATION RD,NA,Angle,Clear,Dry,Daylight,Traffic Control Signal,NONE DETECTED,No,Possible Minor Injury,NA,Not Distracted,MD,Sport Utility Vehicle,Stopped in Traffic,40,No,2022,INFINITI,QX55,39.17531661,-77.25363735,2024,12,8
240057584,Injury Crash,12/02/2024 08:56:00 AM,WARING STATION RD,NA,Angle,Clear,Dry,Daylight,Traffic Control Signal,NONE DETECTED,Yes,Possible Minor Injury,Ran Red Light,Unknown,MD,Passenger Car,Moving Constant Speed,40,No,2023,TOYOTA,SUPRA,39.17531661,-77.25363735,2024,12,8
240057584,Injury Crash,12/02/2024 08:56:00 AM,WARING STATION RD,NA,Angle,Clear,Dry,Daylight,Traffic Control Signal,NONE DETECTED,No,Possible Minor Injury,NA,Not Distracted,MD,Sport Utility Vehicle,Turning Left,30,No,2024,JEEP,WAGONEER L,39.17531661,-77.25363735,2024,12,8
240057577,Property Damage Crash,12/02/2024 08:10:00 AM,GREENTREE RD RAMP,NA,Other,Clear,Dry,Daylight,Stop Sign,NONE DETECTED,No,No Apparent Injury,NA,Unknown,DC,Van - Passenger (&lt;9 Seats),Stopped in Traffic,30,No,2013,CHEVROLET,EXPRESS,39.00589826,-77.13330738,2024,12,8
240057577,Property Damage Crash,12/02/2024 08:10:00 AM,GREENTREE RD RAMP,NA,Other,Clear,Dry,Daylight,Stop Sign,NONE DETECTED,Yes,No Apparent Injury,Improper Backing,Unknown,DC,Pickup,Backing,30,No,2011,FORD,F-550,39.00589826,-77.13330738,2024,12,8
240057567,Injury Crash,12/02/2024 06:21:00 AM,NEW HAMPSHIRE AVE,NA,Rear To Side,Clear,Dry,Medium,Traffic Control Signal,NONE DETECTED,No,No Apparent Injury,NA,Not Distracted,MD,Passenger Car,Turning Right,35,No,2016,HYUNDAI,ACCENT,39.01536383,-76.97767698,2024,12,6
240057567,Injury Crash,12/02/2024 06:21:00 AM,NEW HAMPSHIRE AVE,NA,Rear To Side,Clear,Dry,Medium,Traffic Control Signal,NONE DETECTED,Yes,Possible Minor Injury,Failed to Yield Right-of-Way,Not Distracted,VA,Sport Utility Vehicle,Turning Left,35,No,2022,HYUNDAI,ELANTRA,39.01536383,-76.97767698,2024,12,6
240057567,Injury Crash,12/02/2024 06:21:00 AM,NEW HAMPSHIRE AVE,NA,Rear To Side,Clear,Dry,Medium,Traffic Control Signal,NONE DETECTED,No,No Apparent Injury,NA,Not Distracted,NA,Passenger Car,Moving Constant Speed,35,No,2006,TOYOTA,RAV4,39.01536383,-76.97767698,2024,12,6
240057569,Property Damage Crash,12/02/2024 05:55:00 AM,GEORGIA AVE (SB/L),NA,Front to Rear,Clear,Dry,Medium,No Controls,NONE DETECTED,No,No Apparent Injury,NA,Not Distracted,MD,Passenger Car,Slowing or Stopping,30,No,2022,TOYOTA,COROLLA,39.02326427,-77.04559043,2024,12,5
240057569,Property Damage Crash,12/02/2024 05:55:00 AM,GEORGIA AVE (SB/L),NA,Front to Rear,Clear,Dry,Medium,No Controls,NONE DETECTED,No,No Apparent Injury,Followed Too Closely,Unknown,MD,Passenger Car,Moving Constant Speed,30,No,2015,TOYOTA,CAMRY,39.02326427,-77.04559043,2024,12,5
240057555,Property Damage Crash,12/01/2024 11:08:00 PM,BRIGGS CHANEY RD,NA,Single Vehicle,Clear,Dry,Medium,Flashing Traffic Control Signal,NONE DETECTED,No,No Apparent Injury,Other Improper Action,Unknown,NA,Passenger Car,Accelerating,35,No,2013,HYUNDAI,ELANTRA,39.08359883,-76.94954934,2024,12,23