Local Case Number,ACRS Report Type,Crash Date/Time,Road Name,Related Non-Motorist,Collision Type,Weather,Surface Condition,Light,Traffic Control,Driver Substance Abuse,Driver At Fault,Injury Severity,Circumstance,Driver Distracted By,Drivers License State,Vehicle Body Type,Vehicle Movement,Speed Limit,Driverless Vehicle,Vehicle Year,Vehicle Make,Vehicle Model,Latitude,Longitude,Year,Month,Hour
240057545,Property Damage Crash,12/01/2024 07:35:00 PM,SHADY GROVE RD (SB/L),NA,"Sideswipe, Opposite Direction",Clear,Dry,Medium,Traffic Control Signal,NONE DETECTED,Yes,No Apparent Injury,Too Fast For Conditions,Not Distracted,MD,Passenger Car,Moving Constant Speed,45,No,2018,FORD,F-150,39.14515442,-77.1501425,2024,12,19
240057545,Property Damage Crash,12/01/2024 07:35:00 PM,SHADY GROVE RD (SB/L),NA,"Sideswipe, Opposite Direction",Clear,Dry,Medium,Traffic Control Signal,NONE DETECTED,Yes,No Apparent Injury,Failed to Yield Right-of-Way,Not Distracted,MD,Passenger Car,Turning Left,45,No,2003,TOYOTA,RAV4,39.14515442,-77.1501425,2024,12,19
240057540,Property Damage Crash,12/01/2024 07:13:00 PM,GEORGIA AVE,NA,Angle,Clear,Dry,Medium,No Controls,NONE DETECTED,Yes,No Apparent Injury,NA,Unknown,VA,Passenger Car,Making U-Turn,35,No,2010,CHEVROLET,CAMARO,39.07842557,-77.07191672,2024,12,19
240057540,Property Damage Crash,12/01/2024 07:13:00 PM,GEORGIA AVE,NA,Angle,Clear,Dry,Medium,No Controls,NONE DETECTED,No,No Apparent Injury,NA,Not Distracted,MD,Passenger Car,Moving Constant Speed,35,No,2015,HONDA,PILOT,39.07842557,-77.07191672,2024,12,19
240057536,Injury Crash,12/01/2024 06:19:00 PM,GEORGIA AVE (SB/L),NA,Front to Rear,Clear,Dry,Medium,No Controls,NONE DETECTED,No,No Apparent Injury,NA,Not Distracted,MD,Passenger Car,Moving Constant Speed,35,No,2021,VOLKSWAGEN,JETTA,39.01123945,-77.04112057,2024,12,18
240057536,Injury Crash,12/01/2024 06:19:00 PM,GEORGIA AVE (SB/L),NA,Front to Rear,Clear,Dry,Medium,No Controls,NONE DETECTED,No,Possible Minor Injury,NA,Not Distracted,MD,Passenger Car,Moving Constant Speed,35,No,2022,CHEVROLET,BLAZER,39.01123945,-77.04112057,2024,12,18
240057534,Property Damage Crash,12/01/2024 06:09:00 PM,GLENDALE RD,NA,Other,Clear,Dry,Medium,No Controls,NONE DETECTED,No,No Apparent Injury,NA,Not Distracted,MD,Passenger Car,Slowing or Stopping,35,No,2011,HONDA,ACCORD,38.98849244,-77.07510546,2024,12,18
240057534,Property Damage Crash,12/01/2024 06:09:00 PM,GLENDALE RD,NA,Other,Clear,Dry,Medium,No Controls,NONE DETECTED,No,No Apparent Injury,NA,Unknown,MD,Sport Utility Vehicle,Entering Traffic Lane,35,No,2014,ACURA,MDX,38.98849244,-77.07510546,2024,12,18
240057533,Property Damage Crash,12/01/2024 05:45:00 PM,GEORGIA AVE (SB/L),NA,Front to Rear,Clear,Dry,Medium,Traffic Control Signal,NONE DETECTED,No,No Apparent Injury,NA,Not Distracted,DC,Bus - Transit,Parked,45,No,2022,NEW FLYER,XCELSIOR,39.10247907,-77.0771134,2024,12,17
240057533,Property Damage Crash,12/01/2024 05:45:00 PM,GEORGIA AVE (SB/L),NA,Front to Rear,Clear,Dry,Medium,Traffic Control Signal,NONE DETECTED,No,No Apparent Injury,NA,Unknown,MD,Passenger Car,Slowing or Stopping,45,No,2020,CHEVROLET,SONIC,39.10247907,-77.0771134,2024,12,17
240057532,Injury Crash,12/01/2024 05:13:00 PM,HATHAWAY DR,NA,Angle,Clear,Dry,Medium,No Controls,NONE DETECTED,No,Possible Minor Injury,NA,Not Distracted,MD,Passenger Car,Moving Constant Speed,35,No,2015,TOYOTA,HIGHLANDER,39.0680717,-77.06106525,2024,12,17
240057532,Injury Crash,12/01/2024 05:13:00 PM,HATHAWAY DR,NA,Angle,Clear,Dry,Medium,Traffic Control Signal,NONE DETECTED,No,No Apparent Injury,NA,Not Distracted,MD,Passenger Car,Moving Constant Speed,35,No,2013,HONDA,ACCORD,39.0680717,-77.06106525,2024,12,17
240057531,Injury Crash,12/01/2024 05:05:00 PM,CONTINENTAL DR,NA,Angle,Clear,Dry,Medium,No Controls,NONE DETECTED,Yes,Suspected Serious Injury,Ran Off Roadway,Not Distracted,MD,Sport Utility Vehicle,Moving Constant Speed,25,No,2016,MERCEDES-BENZ,GLE-CLASS,39.13420153,-77.08610743,2024,12,17
240057682,Property Damage Crash,12/01/2024 04:11:00 PM,COLUMBIA PIKE,NA,Front to Rear,Clear,Dry,Daylight,Traffic Control Signal,NONE DETECTED,No,No Apparent Injury,NA,Not Distracted,MD,Sport Utility Vehicle,Accelerating,25,No,2004,CHEVROLET,TRAILBLAZER,39.09556709,-76.93789626,2024,12,16
240057682,Property Damage Crash,12/01/2024 04:11:00 PM,COLUMBIA PIKE,NA,Front to Rear,Clear,Dry,Daylight,Traffic Control Signal,NONE DETECTED,Yes,No Apparent Injury,Ran Red Light,Unknown,MD,Passenger Car,Moving Constant Speed,45,No,2014,CADILLAC,ATS,39.09556709,-76.93789626,2024,12,16
240057506,Injury Crash,12/01/2024 03:09:00 PM,COLUMBIA PIKE,NA,Other,Clear,Dry,Daylight,Traffic Control Signal,NONE DETECTED,No,Possible Minor Injury,NA,Not Distracted,MD,Passenger Car,Turning Left,30,No,2018,INFINITI,Q50,39.05625308,-76.97109917,2024,12,15
240057506,Injury Crash,12/01/2024 03:09:00 PM,COLUMBIA PIKE,NA,Other,Clear,Dry,Daylight,Traffic Control Signal,NONE DETECTED,Yes,Possible Minor Injury,NA,Unknown,MD,Sport Utility Vehicle,Moving Constant Speed,50,No,2023,HYUNDAI,KONA ELECTRIC,39.05625308,-76.97109917,2024,12,15
240057503,Injury Crash,12/01/2024 02:59:00 PM,SANDY SPRING RD (WB/L),NA,Front to Rear,Clear,Dry,Daylight,Traffic Control Signal,NONE DETECTED,No,Possible Minor Injury,NA,Not Distracted,MD,Passenger Car,Moving Constant Speed,40,No,2014,DODGE,DART,39.10633074,-76.91855616,2024,12,14
240057503,Injury Crash,12/01/2024 02:59:00 PM,SANDY SPRING RD (WB/L),NA,Front to Rear,Clear,Dry,Daylight,Traffic Control Signal,NONE DETECTED,Yes,No Apparent Injury,Failed to Keep in Proper Lane,Not Distracted,MD,Passenger Car,Making U-Turn,40,No,2018,HYUNDAI,SONATA,39.10633074,-76.91855616,2024,12,14
240057502,Property Damage Crash,12/01/2024 02:48:00 PM,PICCARD DR,NA,Rear To Side,Clear,Dry,Daylight,Traffic Control Signal,NONE DETECTED,No,No Apparent Injury,NA,Unknown,MD,Passenger Car,Accelerating,25,No,2020,LEXUS,NX,39.108489,-77.18165098,2024,12,14
240057502,Property Damage Crash,12/01/2024 02:48:00 PM,PICCARD DR,NA,Rear To Side,Clear,Dry,Daylight,Traffic Control Signal,NONE DETECTED,No,No Apparent Injury,NA,Unknown,MD,Passenger Car,Turning Left,25,No,2014,TOYOTA,PRIUS,39.108489,-77.18165098,2024,12,14
240057510,Injury Crash,12/01/2024 02:43:00 PM,VEIRS MILL RD,NA,Other,Clear,Other,Daylight,Lane Use Control Signal,NONE DETECTED,No,Possible Minor Injury,NA,Not Distracted,MD,Passenger Car,Moving Constant Speed,30,No,2022,CHEVROLET,EQUINOX,39.07846327,-77.13037373,2024,12,14
240057510,Injury Crash,12/01/2024 02:43:00 PM,VEIRS MILL RD,NA,Other,Clear,Other,Daylight,Lane Use Control Signal,NONE DETECTED,Yes,No Apparent Injury,NA,"Other Action (looking away from task, etc.)",MD,Passenger Car,Turning Left,30,No,2007,VOLKSWAGEN,RABBIT,39.07846327,-77.13037373,2024,12,14
240057510,Injury Crash,12/01/2024 02:43:00 PM,VEIRS MILL RD,NA,Other,Clear,Other,Daylight,Lane Use Control Signal,NONE DETECTED,No,No Apparent Injury,NA,Not Distracted,MD,Passenger Car,Moving Constant Speed,30,No,2017,CHEVROLET,TRAVERSE,39.07846327,-77.13037373,2024,12,14
240057524,Property Damage Crash,12/01/2024 02:38:00 PM,NA,NA,Angle,Clear,NA,Daylight,NA,NONE DETECTED,No,NA,NA,NA,NA,Passenger Car,NA,0,No,2015,HONDA,CR-V,39.06062641,-77.12425224,2024,12,14
240057488,Property Damage Crash,12/01/2024 01:30:00 PM,BONIFANT RD,NA,Front to Rear,Clear,Dry,Daylight,No Controls,NONE DETECTED,Yes,No Apparent Injury,Followed Too Closely,Not Distracted,MD,Sport Utility Vehicle,Slowing or Stopping,35,No,2023,TOYOTA,RAV4,39.09366317,-77.03543617,2024,12,13
240057488,Property Damage Crash,12/01/2024 01:30:00 PM,BONIFANT RD,NA,Front to Rear,Clear,Dry,Daylight,No Controls,NONE DETECTED,No,No Apparent Injury,NA,Not Distracted,MD,Pickup,Stopped in Traffic,35,No,2006,NISSAN,FRONTIER,39.09366317,-77.03543617,2024,12,13
240057512,Property Damage Crash,12/01/2024 12:30:00 PM,DUNLOP ST,NA,Front to Rear,Clear,Dry,Daylight,No Controls,NONE DETECTED,Yes,No Apparent Injury,NA,Unknown,NY,Passenger Car,Moving Constant Speed,35,No,2012,TOYOTA,PRIUS,38.99041596,-77.07719841,2024,12,12
240057512,Property Damage Crash,12/01/2024 12:30:00 PM,DUNLOP ST,NA,Front to Rear,Clear,Dry,Daylight,No Controls,NONE DETECTED,No,No Apparent Injury,NA,Not Distracted,MD,Passenger Car,Slowing or Stopping,35,No,2017,HYUNDAI,ELANTRA,38.99041596,-77.07719841,2024,12,12
240057514,Property Damage Crash,12/01/2024 12:20:00 PM,NA,NA,"Sideswipe, Same Direction",Clear,NA,Daylight,NA,NONE DETECTED,Yes,No Apparent Injury,NA,Not Distracted,MD,Passenger Car,Backing,0,No,2015,MERCEDES-BENZ,C-CLASS,39.18282468,-77.27220108,2024,12,12
240057460,Property Damage Crash,12/01/2024 10:48:00 AM,DEMOCRACY BLVD,NA,Front to Rear,Cloudy,Dry,Daylight,No Controls,NONE DETECTED,Yes,No Apparent Injury,Followed Too Closely,Unknown,TX,Passenger Car,Moving Constant Speed,35,No,2024,CHEVROLET,MALIBU,39.02258399,-77.14999174,2024,12,10
240057460,Property Damage Crash,12/01/2024 10:48:00 AM,DEMOCRACY BLVD,NA,Front to Rear,Cloudy,Dry,Daylight,No Controls,NONE DETECTED,No,No Apparent Injury,NA,Not Distracted,DC,Sport Utility Vehicle,Stopped in Traffic,35,No,2019,TOYOTA,RAV4,39.02258399,-77.14999174,2024,12,10
240057435,Property Damage Crash,12/01/2024 06:43:00 AM,OGDEN RD,NA,Single Vehicle,Clear,Dry,Medium,No Controls,NONE DETECTED,No,NA,NA,NA,NA,Passenger Car,Backing,25,No,2024,CHEVROLET,SUBURBAN,38.96961757,-77.11641308,2024,12,6
240057428,Property Damage Crash,12/01/2024 05:31:00 AM,NA,NA,Angle,Clear,NA,Medium,NA,NONE DETECTED,No,No Apparent Injury,Failed to Yield Right-of-Way,Unknown,NA,Passenger Car,Accelerating,0,No,0,NA,NA,39.08179539,-77.14747205,2024,12,5
240057428,Property Damage Crash,12/01/2024 05:31:00 AM,NA,NA,Angle,Clear,NA,Medium,NA,NONE DETECTED,No,No Apparent Injury,NA,Not Distracted,MD,Sport Utility Vehicle,Moving Constant Speed,0,No,2022,FORD,EXPLORER,39.08179539,-77.14747205,2024,12,5
240057411,Property Damage Crash,12/01/2024 12:58:00 AM,TECH RD,NA,Front to Rear,Clear,Dry,Medium,Intersection Ahead Warning Sign,NONE DETECTED,No,No Apparent Injury,NA,Not Distracted,MD,Passenger Car,Slowing or Stopping,45,No,2007,LEXUS,IS,39.05771776,-76.9682129,2024,12,0
240057411,Property Damage Crash,12/01/2024 12:58:00 AM,TECH RD,NA,Front to Rear,Clear,Dry,Medium,Intersection Ahead Warning Sign,ALCOHOL PRESENT,No,No Apparent Injury,NA,Unknown,DC,Passenger Car,Moving Constant Speed,45,No,2020,CHEVROLET,MALIBU,39.05771776,-76.9682129,2024,12,0
240057406,Property Damage Crash,12/01/2024 12:30:00 AM,CHERRY HILL RD (NB/L),NA,Front to Rear,Clear,Dry,Medium,No Controls,ALCOHOL PRESENT,Yes,No Apparent Injury,"Operated Motor Vehicle in Inattentive, Careless, Negligent, or Erratic Manner",Not Distracted,NA,Passenger Car,Backing,40,No,2003,HONDA,CIVIC,39.06200733,-76.9600305,2024,12,0
240057406,Property Damage Crash,12/01/2024 12:30:00 AM,CHERRY HILL RD (NB/L),NA,Front to Rear,Clear,Dry,Medium,No Controls,NONE DETECTED,No,No Apparent Injury,NA,Not Distracted,MD,Passenger Car,Stopped in Traffic,40,No,2019,DODGE,CHARGER,39.06200733,-76.9600305,2024,12,0
240057400,Property Damage Crash,11/30/2024 11:00:00 PM,NA,NA,Other,Clear,NA,Dark,NA,NONE DETECTED,No,No Apparent Injury,NA,Not Distracted,MD,Passenger Car,Accelerating,0,No,2014,TOYOTA,CAMRY,39.12618063,-77.21138154,2024,11,23
240057399,Property Damage Crash,11/30/2024 10:45:00 PM,NEW HAMPSHIRE AVE,NA,Front to Rear,Clear,Dry,Dark,No Controls,NONE DETECTED,Yes,No Apparent Injury,NA,"Other Action (looking away from task, etc.)",NA,Passenger Car,Moving Constant Speed,35,No,2009,NISSAN,VERSA,39.01785533,-76.97668983,2024,11,22
240057399,Property Damage Crash,11/30/2024 10:45:00 PM,NEW HAMPSHIRE AVE,NA,Front to Rear,Clear,Dry,Dark,No Controls,NONE DETECTED,No,No Apparent Injury,NA,Not Distracted,MD,Passenger Car,Slowing or Stopping,35,No,2018,RAM,1500,39.01785533,-76.97668983,2024,11,22
240057397,Property Damage Crash,11/30/2024 10:21:00 PM,NEW HAMPSHIRE AVE,NA,Front to Rear,Clear,Dry,Medium,Traffic Control Signal,NONE DETECTED,No,No Apparent Injury,NA,Not Distracted,IL,Sport Utility Vehicle,Stopped in Traffic,35,No,2023,SUBARU,OUTBACK,39.02024279,-76.97658308,2024,11,22
240057397,Property Damage Crash,11/30/2024 10:21:00 PM,NEW HAMPSHIRE AVE,NA,Front to Rear,Clear,Dry,Medium,Traffic Control Signal,ALCOHOL PRESENT,Yes,No Apparent Injury,NA,Unknown,NA,Sport Utility Vehicle,Moving Constant Speed,35,No,2005,HONDA,CR-V,39.02024279,-76.97658308,2024,11,22
240057389,Property Damage Crash,11/30/2024 09:00:00 PM,NA,NA,Single Vehicle,Clear,NA,Medium,NA,NONE DETECTED,No,No Apparent Injury,NA,Not Distracted,MD,Passenger Car,Accelerating,0,No,2014,DODGE,CHARGER,39.04544555,-76.99134244,2024,11,21
240057383,Injury Crash,11/30/2024 08:27:00 PM,RANDOLPH RD,NA,Angle,Clear,Dry,Medium,Traffic Control Signal,NONE DETECTED,No,Possible Minor Injury,NA,Not Distracted,MD,Passenger Car,Moving Constant Speed,35,No,2010,TOYOTA,COROLLA,39.05719209,-77.07353216,2024,11,20
240057383,Injury Crash,11/30/2024 08:27:00 PM,RANDOLPH RD,NA,Angle,Clear,Dry,Medium,Traffic Control Signal,ALCOHOL PRESENT,No,No Apparent Injury,NA,Not Distracted,NA,Passenger Car,Moving Constant Speed,35,No,2013,DODGE,AVENGER,39.05719209,-77.07353216,2024,11,20
240057379,Property Damage Crash,11/30/2024 07:20:00 PM,GEORGIA AVE (SB/L),NA,Front to Rear,Clear,Dry,Medium,No Controls,ALCOHOL PRESENT,Yes,No Apparent Injury,NA,Not Distracted,NA,Passenger Car,Moving Constant Speed,35,No,2009,HONDA,CIVIC,39.03085617,-77.04815039,2024,11,19
240057379,Property Damage Crash,11/30/2024 07:20:00 PM,GEORGIA AVE (SB/L),NA,Front to Rear,Clear,Dry,Medium,No Controls,NONE DETECTED,No,No Apparent Injury,NA,Not Distracted,MD,Passenger Car,Slowing or Stopping,35,No,2012,BUICK,LACROSSE,39.03085617,-77.04815039,2024,11,19
240057378,Property Damage Crash,11/30/2024 07:10:00 PM,GEORGIA AVE (SB/L),NA,Front to Rear,Clear,Dry,Medium,Traffic Control Signal,NONE DETECTED,No,No Apparent Injury,NA,Not Distracted,MD,Passenger Car,Stopped in Traffic,25,No,2014,HONDA,ACCORD,39.041713,-77.05194218,2024,11,19
240057378,Property Damage Crash,11/30/2024 07:10:00 PM,GEORGIA AVE (SB/L),NA,Front to Rear,Clear,Dry,Medium,Traffic Control Signal,NONE DETECTED,Yes,No Apparent Injury,NA,Unknown,NA,Sport Utility Vehicle,Slowing or Stopping,25,No,2015,NISSAN,ROGUE,39.041713,-77.05194218,2024,11,19
240057381,Property Damage Crash,11/30/2024 06:48:00 PM,VEIRS MILL RD,NA,"Sideswipe, Same Direction",Clear,Dry,Medium,No Controls,NONE DETECTED,No,No Apparent Injury,Failed to Keep in Proper Lane,Unknown,NA,Van - Passenger (&lt;9 Seats),Changing Lanes,35,No,2014,DODGE,UNKNOWN,39.07393421,-77.11313904,2024,11,18
240057381,Property Damage Crash,11/30/2024 06:48:00 PM,VEIRS MILL RD,NA,"Sideswipe, Same Direction",Clear,Dry,Medium,No Controls,NONE DETECTED,No,No Apparent Injury,NA,Not Distracted,VA,Bus - Transit,Slowing or Stopping,35,No,2013,NEW FLYER,XCELSIOR,39.07393421,-77.11313904,2024,11,18
240057382,Property Damage Crash,11/30/2024 06:48:00 PM,VEIRS MILL RD,NA,Front to Rear,Clear,Dry,Medium,Traffic Control Signal,NONE DETECTED,No,No Apparent Injury,"Followed Too Closely, Operated Motor Vehicle in Inattentive, Careless, Negligent, or Erratic Manner, Other Improper Action","Other Action (looking away from task, etc.)",MD,Station Wagon,Moving Constant Speed,35,No,1998,FORD,ESCORT,39.07359081,-77.11241267,2024,11,18
240057382,Property Damage Crash,11/30/2024 06:48:00 PM,VEIRS MILL RD,NA,Front to Rear,Clear,Dry,Medium,Traffic Control Signal,NONE DETECTED,No,No Apparent Injury,NA,Not Distracted,MD,Sport Utility Vehicle,Slowing or Stopping,35,No,2015,TOYOTA,RAV4,39.07359081,-77.11241267,2024,11,18
240057377,Property Damage Crash,11/30/2024 06:30:00 PM,GEORGIA AVE (SB/L),NA,Front to Rear,Clear,Dry,Medium,No Controls,NONE DETECTED,No,No Apparent Injury,NA,Not Distracted,MD,Passenger Car,Moving Constant Speed,30,No,2017,TOYOTA,COROLLA,39.02703547,-77.04689259,2024,11,18
240057377,Property Damage Crash,11/30/2024 06:30:00 PM,GEORGIA AVE (SB/L),NA,Front to Rear,Clear,Dry,Medium,No Controls,NONE DETECTED,No,NA,NA,NA,NA,Passenger Car,Moving Constant Speed,30,No,2015,TOYOTA,CAMRY,39.02703547,-77.04689259,2024,11,18
240057373,Property Damage Crash,11/30/2024 05:26:00 PM,RANDOLPH RD,NA,"Sideswipe, Same Direction",Clear,Dry,Dark,No Controls,NONE DETECTED,No,No Apparent Injury,NA,Not Distracted,MD,Sport Utility Vehicle,Moving Constant Speed,35,No,2016,MAZDA,CX-9,39.05818602,-77.07126947,2024,11,17
240057373,Property Damage Crash,11/30/2024 05:26:00 PM,RANDOLPH RD,NA,"Sideswipe, Same Direction",Clear,Dry,Dark,No Controls,NONE DETECTED,Yes,No Apparent Injury,Improper Turn,Not Distracted,IL,Passenger Car,Turning Right,35,No,2010,CHRYSLER,SEBRING,39.05818602,-77.07126947,2024,11,17
240057371,Property Damage Crash,11/30/2024 05:16:00 PM,SCHUYLKILL RD,NA,"Sideswipe, Same Direction",Clear,Dry,Medium,No Controls,ALCOHOL PRESENT,No,No Apparent Injury,NA,Not Distracted,MD,Passenger Car,Moving Constant Speed,30,No,2020,HONDA,CIVIC,39.04021196,-77.09145234,2024,11,17
240057371,Property Damage Crash,11/30/2024 05:16:00 PM,SCHUYLKILL RD,NA,"Sideswipe, Same Direction",Clear,Dry,Medium,No Controls,ALCOHOL PRESENT,No,No Apparent Injury,NA,Not Distracted,MD,Pickup,Accelerating,30,No,2012,TOYOTA,TACOMA,39.04021196,-77.09145234,2024,11,17
240057364,Property Damage Crash,11/30/2024 04:00:00 PM,NEW HAMPSHIRE AVE,NA,Front to Rear,Clear,Dry,Daylight,No Controls,NONE DETECTED,No,No Apparent Injury,NA,Not Distracted,MD,Pickup,Slowing or Stopping,40,No,2003,TOYOTA,TACOMA,39.02120937,-76.97674334,2024,11,16
240057364,Property Damage Crash,11/30/2024 04:00:00 PM,NEW HAMPSHIRE AVE,NA,Front to Rear,Clear,Dry,Daylight,No Controls,NONE DETECTED,No,No Apparent Injury,Followed Too Closely,Unknown,NA,Sport Utility Vehicle,Moving Constant Speed,40,No,2014,FORD,EXPLORER,39.02120937,-76.97674334,2024,11,16
240057353,Property Damage Crash,11/30/2024 03:20:00 PM,SHADY GROVE RD,NA,Rear To Side,Clear,Dry,Daylight,Traffic Control Signal,NONE DETECTED,Yes,No Apparent Injury,Ran Red Light,Unknown,DC,Passenger Car,Moving Constant Speed,35,No,2010,TOYOTA,PRIUS,39.11184916,-77.18703012,2024,11,15
240057353,Property Damage Crash,11/30/2024 03:20:00 PM,SHADY GROVE RD,NA,Rear To Side,Clear,Dry,Daylight,Traffic Control Signal,NONE DETECTED,No,No Apparent Injury,NA,Not Distracted,MD,Passenger Car,Turning Left,30,No,2019,FORD,EXPLORER,39.11184916,-77.18703012,2024,11,15
240057350,Property Damage Crash,11/30/2024 03:04:00 PM,SNOUFFERS SCHOOL RD (NB/L),NA,Angle,Clear,Dry,Daylight,Traffic Control Signal,NONE DETECTED,No,No Apparent Injury,NA,Not Distracted,MD,Single-Unit Truck,Moving Constant Speed,35,No,2016,AUTOCAR,XPEDITOR,39.15908449,-77.1603213,2024,11,15
240057350,Property Damage Crash,11/30/2024 03:04:00 PM,SNOUFFERS SCHOOL RD (NB/L),NA,Angle,Clear,Dry,Daylight,Traffic Control Signal,NONE DETECTED,Yes,No Apparent Injury,Failed to Yield Right-of-Way,Not Distracted,MD,Other,Turning Left,35,No,2024,RAM,PROMASTER 2500,39.15908449,-77.1603213,2024,11,15
240057340,Injury Crash,11/30/2024 02:36:00 PM,NA,Cyclist (Electric),Single Vehicle,Clear,Dry,Daylight,No Controls,NONE DETECTED,Yes,No Apparent Injury,NA,Unknown,MD,Sport Utility Vehicle,Parked,30,No,2014,HONDA,CR-V,38.99625798,-77.02781278,2024,11,14
240057498,Property Damage Crash,11/30/2024 02:30:00 PM,NA,NA,Unknown,Clear,NA,Daylight,NA,NONE DETECTED,No,NA,NA,NA,NA,NA,NA,0,No,0,NA,NA,39.0453129,-76.9909543,2024,11,14
240057336,Property Damage Crash,11/30/2024 02:10:00 PM,COLUMBIA PIKE,NA,Front to Rear,Clear,Dry,Daylight,Traffic Control Signal,NONE DETECTED,Yes,No Apparent Injury,NA,Unknown,MD,Bus - Transit,Moving Constant Speed,40,No,2020,NOVABUS,LFS ARTICULATED,39.03058933,-77.00521167,2024,11,14
240057336,Property Damage Crash,11/30/2024 02:10:00 PM,COLUMBIA PIKE,NA,Front to Rear,Clear,Dry,Daylight,Traffic Control Signal,NONE DETECTED,No,No Apparent Injury,NA,Not Distracted,PA,Passenger Car,Stopped in Traffic,40,No,2017,HYUNDAI,ACCENT,39.03058933,-77.00521167,2024,11,14
240057332,Injury Crash,11/30/2024 01:40:00 PM,QUINCE ORCHARD RD,NA,Front to Rear,Clear,Dry,Daylight,Traffic Control Signal,NONE DETECTED,No,No Apparent Injury,NA,Not Distracted,MD,Sport Utility Vehicle,Moving Constant Speed,35,No,2015,HONDA,CR-V,39.14964303,-77.21528005,2024,11,13
240057332,Injury Crash,11/30/2024 01:40:00 PM,QUINCE ORCHARD RD,NA,Front to Rear,Clear,Dry,Daylight,Traffic Control Signal,NONE DETECTED,No,Possible Minor Injury,NA,Not Distracted,MD,Passenger Car,Slowing or Stopping,30,No,2015,TOYOTA,HIGHLANDER,39.14964303,-77.21528005,2024,11,13
240057333,Property Damage Crash,11/30/2024 01:11:00 PM,S PARK AVE,NA,"Sideswipe, Same Direction",Clear,Dry,Daylight,Traffic Control Signal,NONE DETECTED,No,No Apparent Injury,NA,Not Distracted,MD,Passenger Car,Parked,25,No,2014,DODGE,CHARGER,38.96370761,-77.08748648,2024,11,13
240057333,Property Damage Crash,11/30/2024 01:11:00 PM,S PARK AVE,NA,"Sideswipe, Same Direction",Clear,Dry,Daylight,Traffic Control Signal,NONE DETECTED,Yes,No Apparent Injury,Improper Passing,Not Distracted,MD,Passenger Car,Changing Lanes,25,No,2017,TOYOTA,CAMRY,38.96370761,-77.08748648,2024,11,13
240057328,Injury Crash,11/30/2024 12:28:00 PM,NA,Pedestrian,Single Vehicle,Clear,NA,Daylight,NA,NONE DETECTED,Yes,No Apparent Injury,Other Improper Action,Unknown,MD,Van - Passenger (&lt;9 Seats),Accelerating,0,No,2022,TOYOTA,SIENNA,39.17177164,-77.20502716,2024,11,12
240057321,Property Damage Crash,11/30/2024 11:26:00 AM,MUDDY BRANCH RD (SB/L),NA,Front to Rear,Clear,Dry,Daylight,Traffic Control Signal,NONE DETECTED,Yes,No Apparent Injury,Too Fast For Conditions,Unknown,MD,Passenger Car,Moving Constant Speed,40,No,2021,INFINITI,Q50,39.13748535,-77.20567312,2024,11,11
240057321,Property Damage Crash,11/30/2024 11:26:00 AM,MUDDY BRANCH RD (SB/L),NA,Front to Rear,Clear,Dry,Daylight,Traffic Control Signal,NONE DETECTED,No,No Apparent Injury,NA,Not Distracted,MD,Passenger Car,Stopped in Traffic,40,No,2005,TOYOTA,CAMRY,39.13748535,-77.20567312,2024,11,11
240057324,Property Damage Crash,11/30/2024 10:41:00 AM,GEORGIA AVE (SB/L),NA,"Sideswipe, Same Direction",Clear,Dry,Daylight,No Controls,NONE DETECTED,No,No Apparent Injury,NA,Unknown,MD,Passenger Car,Changing Lanes,45,No,2015,HYUNDAI,ELANTRA,39.10608846,-77.07653058,2024,11,10
240057324,Property Damage Crash,11/30/2024 10:41:00 AM,GEORGIA AVE (SB/L),NA,"Sideswipe, Same Direction",Clear,Dry,Daylight,No Controls,NONE DETECTED,No,No Apparent Injury,NA,Not Distracted,MD,Passenger Car,Moving Constant Speed,45,No,2017,HONDA,ACCORD,39.10608846,-77.07653058,2024,11,10