Local Case Number,ACRS Report Type,Crash Date/Time,Road Name,Related Non-Motorist,Collision Type,Weather,Surface Condition,Light,Traffic Control,Driver Substance Abuse,Driver At Fault,Injury Severity,Circumstance,Driver Distracted By,Drivers License State,Vehicle Body Type,Vehicle Movement,Speed Limit,Driverless Vehicle,Vehicle Year,Vehicle Make,Vehicle Model,Latitude,Longitude,Year,Month,Hour
240056998,Property Damage Crash,11/27/2024 05:15:00 PM,BRIGGS RD,NA,Front to Rear,Clear,Dry,Medium,Traffic Control Signal,NONE DETECTED,No,No Apparent Injury,NA,Not Distracted,MD,Passenger Car,Slowing or Stopping,40,No,2019,FORD,ECOSPORT,39.06916639,-77.04572422,2024,11,17
240056998,Property Damage Crash,11/27/2024 05:15:00 PM,BRIGGS RD,NA,Front to Rear,Clear,Dry,Medium,Traffic Control Signal,NONE DETECTED,Yes,No Apparent Injury,Followed Too Closely,Not Distracted,MD,Bus - Transit,Slowing or Stopping,40,No,2017,GILLIG,LOW FLOOR BUS,39.06916639,-77.04572422,2024,11,17
240057014,Property Damage Crash,11/27/2024 05:10:00 PM,MIDDLEBROOK RD,NA,"Sideswipe, Same Direction",Clear,Dry,Daylight,No Controls,NONE DETECTED,Yes,No Apparent Injury,Failed to Keep in Proper Lane,NA,NA,Sport Utility Vehicle,Negotiating a Curve,40,No,2019,CHEVROLET,TRAX,39.17396288,-77.25047811,2024,11,17
240057014,Property Damage Crash,11/27/2024 05:10:00 PM,MIDDLEBROOK RD,NA,"Sideswipe, Same Direction",Clear,Dry,Daylight,No Controls,NONE DETECTED,No,No Apparent Injury,NA,Not Distracted,MD,Sport Utility Vehicle,Negotiating a Curve,40,No,2015,FORD,EDGE,39.17396288,-77.25047811,2024,11,17
240056994,Property Damage Crash,11/27/2024 04:59:00 PM,RIDGE RD,NA,Front to Rear,Clear,Dry,Dark,No Controls,NONE DETECTED,No,No Apparent Injury,NA,Not Distracted,MD,Passenger Car,Turning Left,40,No,2007,TOYOTA,CAMRY,39.24169583,-77.2349965,2024,11,16
240056994,Property Damage Crash,11/27/2024 04:59:00 PM,RIDGE RD,NA,Front to Rear,Clear,Dry,Dark,No Controls,NONE DETECTED,Yes,No Apparent Injury,"Followed Too Closely, Operated Motor Vehicle in Inattentive, Careless, Negligent, or Erratic Manner, Too Fast For Conditions",Not Distracted,MD,Sport Utility Vehicle,Moving Constant Speed,40,No,2016,HONDA,CR-V,39.24169583,-77.2349965,2024,11,16
240056977,Property Damage Crash,11/27/2024 03:45:00 PM,SHADY GROVE RD,NA,Angle,Clear,Dry,Daylight,Traffic Control Signal,NONE DETECTED,No,No Apparent Injury,NA,Not Distracted,MD,Van - Passenger (&lt;9 Seats),Turning Left,35,No,2024,TOYOTA,SIENNA,39.11184519,-77.18702486,2024,11,15
240056977,Property Damage Crash,11/27/2024 03:45:00 PM,SHADY GROVE RD,NA,Angle,Clear,Dry,Daylight,Traffic Control Signal,NONE DETECTED,Yes,No Apparent Injury,Ran Red Light,Unknown,MD,Van - Passenger (&lt;9 Seats),Moving Constant Speed,35,No,2010,DODGE,GRAND CARAVAN,39.11184519,-77.18702486,2024,11,15
240056977,Property Damage Crash,11/27/2024 03:45:00 PM,SHADY GROVE RD,NA,Angle,Clear,Dry,Daylight,Traffic Control Signal,NONE DETECTED,No,No Apparent Injury,NA,Not Distracted,MD,Sport Utility Vehicle,Turning Left,35,No,2019,HONDA,CR-V,39.11184519,-77.18702486,2024,11,15
240056968,Property Damage Crash,11/27/2024 02:47:00 PM,JONES BRIDGE RD,NA,"Sideswipe, Same Direction",Clear,Dry,Daylight,Traffic Control Signal,NONE DETECTED,Yes,No Apparent Injury,NA,Not Distracted,MD,Single-Unit Truck,Moving Constant Speed,35,No,2022,FREIGHTLINER,MT 45G FRONT GASOLINE ENGINE WALK IN VAN,38.99688577,-77.09653642,2024,11,14
240056968,Property Damage Crash,11/27/2024 02:47:00 PM,JONES BRIDGE RD,NA,"Sideswipe, Same Direction",Clear,Dry,Daylight,Traffic Control Signal,NONE DETECTED,No,No Apparent Injury,NA,Not Distracted,VA,Bus - Transit,Stopped in Traffic,35,No,2013,NEW FLYER,XCELSIOR,38.99688577,-77.09653642,2024,11,14
240056964,Property Damage Crash,11/27/2024 01:57:00 PM,BORDLY DR,NA,Single Vehicle,Clear,Dry,Daylight,No Controls,DRUG PRESENT,Yes,No Apparent Injury,"Disregarded Other Road Markings, Failed to Keep in Proper Lane, Operated Motor Vehicle in Inattentive, Careless, Negligent, or Erratic Manner, Operated Motor Vehicle in Reckless or Aggressive Manner, Ran Off Roadway, Too Fast For Conditions","Other Action (looking away from task, etc.)",MD,Passenger Car,Moving Constant Speed,30,No,2005,FORD,FIVE HUNDRED,39.19042078,-77.04950984,2024,11,13
240056954,Injury Crash,11/27/2024 01:31:00 PM,S FREDERICK RD,NA,Angle,Cloudy,Dry,Daylight,No Controls,NONE DETECTED,No,Possible Minor Injury,NA,Not Distracted,MD,Passenger Car,Moving Constant Speed,35,No,2012,HONDA,ACCORD,39.12916258,-77.18618773,2024,11,13
240056954,Injury Crash,11/27/2024 01:31:00 PM,S FREDERICK RD,NA,Angle,Cloudy,Dry,Daylight,No Controls,NONE DETECTED,Yes,No Apparent Injury,"Failed to Yield Right-of-Way, Improper Turn",Not Distracted,MD,Sport Utility Vehicle,Entering Traffic Lane,35,No,2021,SUBARU,CROSSTREK,39.12916258,-77.18618773,2024,11,13
240056774,Property Damage Crash,11/27/2024 12:56:00 PM,COLESVILLE RD,NA,Front to Rear,Clear,Dry,Daylight,Traffic Control Signal,NONE DETECTED,No,NA,NA,NA,NA,NA,NA,35,No,0,NA,NA,39.01329595,-77.01696599,2024,11,12
240056774,Property Damage Crash,11/27/2024 12:56:00 PM,COLESVILLE RD,NA,Front to Rear,Clear,Dry,Daylight,Traffic Control Signal,NONE DETECTED,No,No Apparent Injury,NA,Not Distracted,MD,Other,Slowing or Stopping,35,No,2018,FORD,TRANSIT,39.01329595,-77.01696599,2024,11,12
240056960,Property Damage Crash,11/27/2024 12:30:00 PM,NA,NA,Single Vehicle,Clear,NA,Daylight,NA,NONE DETECTED,Yes,No Apparent Injury,Other Improper Action,Not Distracted,MD,Van - Cargo,NA,0,No,2014,FORD,E-350,39.03081525,-77.07476183,2024,11,12
240056943,Property Damage Crash,11/27/2024 12:27:00 PM,W MONTGOMERY AVE,NA,Front to Rear,Clear,Dry,Daylight,No Controls,NONE DETECTED,Yes,No Apparent Injury,NA,Not Distracted,MD,Other Trucks,Moving Constant Speed,35,No,2011,FREIGHTLINER,M2,39.08895482,-77.17780467,2024,11,12
240056943,Property Damage Crash,11/27/2024 12:27:00 PM,W MONTGOMERY AVE,NA,Front to Rear,Clear,Dry,Daylight,No Controls,NONE DETECTED,No,No Apparent Injury,NA,Not Distracted,MD,Passenger Car,Moving Constant Speed,35,No,2021,DODGE,DURANGO,39.08895482,-77.17780467,2024,11,12
240056767,Property Damage Crash,11/27/2024 12:16:00 PM,COLESVILLE RD,NA,Front to Rear,Clear,Dry,Daylight,Traffic Control Signal,NONE DETECTED,No,No Apparent Injury,NA,Not Distracted,MD,Passenger Car,Stopped in Traffic,35,No,2018,CHEVROLET,SILVERADO,39.01309762,-77.01674352,2024,11,12
240056767,Property Damage Crash,11/27/2024 12:16:00 PM,COLESVILLE RD,NA,Front to Rear,Clear,Dry,Daylight,Traffic Control Signal,NONE DETECTED,No,No Apparent Injury,Followed Too Closely,Not Distracted,DC,Passenger Car,Slowing or Stopping,35,No,2017,JAGUAR,F-PACE,39.01309762,-77.01674352,2024,11,12
240056966,Injury Crash,11/27/2024 11:57:00 AM,SHOP CTR CUT THRU CUT,NA,Front to Rear,Cloudy,Dry,Daylight,Traffic Control Signal,NONE DETECTED,Yes,No Apparent Injury,NA,Not Distracted,MD,Passenger Car,Accelerating,40,No,2006,TOYOTA,CAMRY,39.05717111,-77.08418564,2024,11,11
240056966,Injury Crash,11/27/2024 11:57:00 AM,SHOP CTR CUT THRU CUT,NA,Front to Rear,Cloudy,Dry,Daylight,Traffic Control Signal,NONE DETECTED,No,No Apparent Injury,NA,Not Distracted,MD,Passenger Car,Stopped in Traffic,40,No,2021,HONDA,HR-V,39.05717111,-77.08418564,2024,11,11
240056966,Injury Crash,11/27/2024 11:57:00 AM,SHOP CTR CUT THRU CUT,NA,Front to Rear,Cloudy,Dry,Daylight,Traffic Control Signal,NONE DETECTED,No,Possible Minor Injury,NA,Not Distracted,MD,Passenger Car,Slowing or Stopping,40,No,2016,HONDA,ACCORD,39.05717111,-77.08418564,2024,11,11
240056930,Injury Crash,11/27/2024 11:10:00 AM,NA,NA,Front to Front,Clear,Dry,Daylight,Traffic Control Signal,NONE DETECTED,No,No Apparent Injury,NA,Unknown,MD,Passenger Car,Turning Left,45,No,2018,LEXUS,ES,38.96039333,-77.0967135,2024,11,11
240056930,Injury Crash,11/27/2024 11:10:00 AM,NA,NA,Front to Front,Clear,Dry,Daylight,Traffic Control Signal,NONE DETECTED,No,Possible Minor Injury,NA,Not Distracted,DC,Passenger Car,Turning Left,45,No,2007,HONDA,CIVIC,38.96039333,-77.0967135,2024,11,11
240056932,Property Damage Crash,11/27/2024 11:09:00 AM,CORDELL AVE,NA,"Sideswipe, Same Direction",Cloudy,Dry,Daylight,No Controls,NONE DETECTED,Yes,No Apparent Injury,NA,Not Distracted,MD,Bus - Transit,Moving Constant Speed,35,No,2020,GILLIG,LOW FLOOR BUS,38.9878395,-77.09948183,2024,11,11
240056932,Property Damage Crash,11/27/2024 11:09:00 AM,CORDELL AVE,NA,"Sideswipe, Same Direction",Cloudy,Dry,Daylight,No Controls,NONE DETECTED,Yes,No Apparent Injury,NA,Not Distracted,FL,Passenger Car,Moving Constant Speed,35,No,2019,TOYOTA,HIGHLANDER,38.9878395,-77.09948183,2024,11,11
240056923,Injury Crash,11/27/2024 10:20:00 AM,SANDY SPRING RD,NA,Single Vehicle,Clear,Dry,Daylight,No Controls,NONE DETECTED,No,Possible Minor Injury,"Operated Motor Vehicle in Inattentive, Careless, Negligent, or Erratic Manner, Ran Off Roadway",Unknown,MD,Passenger Car,Moving Constant Speed,40,No,2010,LEXUS,RX,39.10608067,-76.9166425,2024,11,10
240056919,Property Damage Crash,11/27/2024 10:04:00 AM,NA,NA,Angle,Clear,Dry,Daylight,Traffic Control Signal,NONE DETECTED,Yes,No Apparent Injury,Failed to Yield Right-of-Way,Unknown,MD,Pickup,Turning Left,40,No,2019,RAM,1500,39.1099,-77.30266667,2024,11,10
240056919,Property Damage Crash,11/27/2024 10:04:00 AM,NA,NA,Angle,Clear,Dry,Daylight,Traffic Control Signal,NONE DETECTED,Yes,No Apparent Injury,"Operated Motor Vehicle in Inattentive, Careless, Negligent, or Erratic Manner","Other Action (looking away from task, etc.)",MD,Sport Utility Vehicle,Overtaking/Passing,40,No,2021,MAZDA,CX-5,39.1099,-77.30266667,2024,11,10
240056919,Property Damage Crash,11/27/2024 10:04:00 AM,NA,NA,Angle,Clear,Dry,Daylight,Traffic Control Signal,NONE DETECTED,No,No Apparent Injury,NA,Not Distracted,MD,Pickup,Stopped in Traffic,40,No,2023,TOYOTA,TACOMA,39.1099,-77.30266667,2024,11,10
240056917,Property Damage Crash,11/27/2024 09:36:00 AM,OLD GEORGETOWN RD,NA,"Sideswipe, Same Direction",Clear,Dry,Daylight,Traffic Control Signal,NONE DETECTED,No,No Apparent Injury,NA,Not Distracted,MD,Passenger Car,Negotiating a Curve,35,No,2020,LEXUS,ES,39.04910451,-77.11498115,2024,11,9
240056917,Property Damage Crash,11/27/2024 09:36:00 AM,OLD GEORGETOWN RD,NA,"Sideswipe, Same Direction",Clear,Dry,Daylight,Traffic Control Signal,NONE DETECTED,No,No Apparent Injury,NA,Not Distracted,MD,Other Trucks,Turning Left,35,No,2023,PETERBILT,389,39.04910451,-77.11498115,2024,11,9
240056913,Property Damage Crash,11/27/2024 09:25:00 AM,EAST VILLAGE AVE (WB/L),NA,Single Vehicle,Clear,Dry,Daylight,No Controls,NONE DETECTED,No,No Apparent Injury,NA,"Other Action (looking away from task, etc.)",MD,Passenger Car,Accelerating,30,No,2000,LEXUS,ES,39.18775835,-77.16190415,2024,11,9
240056912,Property Damage Crash,11/27/2024 09:20:00 AM,GEORGIA AVE (SB/L),NA,"Sideswipe, Same Direction",Clear,Dry,Daylight,No Controls,NONE DETECTED,Yes,No Apparent Injury,"Swerved or Avoided Due to Wind, Slippery Surface, Motor Vehicle, Object, Non-Motorist in Roadway, etc",Not Distracted,MD,Passenger Car,Changing Lanes,30,No,2016,BMW,650I / ALPINA B6,38.9935249,-77.02658365,2024,11,9
240056912,Property Damage Crash,11/27/2024 09:20:00 AM,GEORGIA AVE (SB/L),NA,"Sideswipe, Same Direction",Clear,Dry,Daylight,No Controls,NONE DETECTED,No,No Apparent Injury,NA,Not Distracted,MD,Pickup,Moving Constant Speed,30,No,2024,FORD,F-350,38.9935249,-77.02658365,2024,11,9
24002486,Property Damage Crash,11/27/2024 09:17:00 AM,GEORGIA AVE (SB/L),NA,"Sideswipe, Same Direction",Clear,Dry,Daylight,No Controls,NONE DETECTED,No,No Apparent Injury,NA,Not Distracted,MD,Van - Cargo,Moving Constant Speed,30,No,2013,FORD,TRANSIT CONNECT,38.99713478,-77.02939955,2024,11,9
24002486,Property Damage Crash,11/27/2024 09:17:00 AM,GEORGIA AVE (SB/L),NA,"Sideswipe, Same Direction",Clear,Dry,Daylight,No Controls,NONE DETECTED,Yes,No Apparent Injury,NA,Not Distracted,MD,Passenger Car,Changing Lanes,30,No,2015,MAZDA,MAZDA3,38.99713478,-77.02939955,2024,11,9
240056900,Injury Crash,11/27/2024 07:15:00 AM,CENTERWAY RD (WB/L),NA,Front to Front,Clear,Dry,Daylight,Traffic Control Signal,NONE DETECTED,No,Possible Minor Injury,NA,Unknown,MD,Passenger Car,Moving Constant Speed,35,No,2023,TOYOTA,COROLLA CROSS,39.172575,-77.2034455,2024,11,7
240056900,Injury Crash,11/27/2024 07:15:00 AM,CENTERWAY RD (WB/L),NA,Front to Front,Clear,Dry,Daylight,Traffic Control Signal,NONE DETECTED,No,No Apparent Injury,NA,Unknown,MD,Passenger Car,Moving Constant Speed,35,No,2007,TOYOTA,CAMRY,39.172575,-77.2034455,2024,11,7
240056897,Property Damage Crash,11/27/2024 06:20:00 AM,NA,NA,Single Vehicle,Clear,Dry,Dark,No Controls,NONE DETECTED,No,No Apparent Injury,NA,Not Distracted,DC,Sport Utility Vehicle,Moving Constant Speed,45,No,2013,NISSAN,ARMADA,39.06558767,-77.09888,2024,11,6
240056896,Property Damage Crash,11/27/2024 05:36:00 AM,DARNESTOWN RD,NA,Single Vehicle,Clear,Dry,Medium,No Controls,NONE DETECTED,No,No Apparent Injury,NA,Not Distracted,MD,Passenger Car,Slowing or Stopping,40,No,2015,FORD,TAURUS,39.10785774,-77.29811651,2024,11,5
240056892,Injury Crash,11/27/2024 02:40:00 AM,PARK RD (WB/L),NA,Angle,Clear,Dry,Medium,Traffic Control Signal,NONE DETECTED,No,Possible Minor Injury,NA,Not Distracted,MD,Passenger Car,Moving Constant Speed,30,No,2013,HYUNDAI,ELANTRA,39.08517839,-77.14815848,2024,11,2
240056892,Injury Crash,11/27/2024 02:40:00 AM,PARK RD (WB/L),NA,Angle,Clear,Dry,Medium,Traffic Control Signal,NONE DETECTED,Yes,No Apparent Injury,NA,Not Distracted,MD,Passenger Car,Moving Constant Speed,25,No,2022,HONDA,CIVIC,39.08517839,-77.14815848,2024,11,2
240056884,Property Damage Crash,11/26/2024 10:50:00 PM,SCENERY DR,NA,Front to Rear,Clear,Dry,Medium,No Controls,ALCOHOL PRESENT,Yes,No Apparent Injury,"Failed to Keep in Proper Lane, Operated Motor Vehicle in Inattentive, Careless, Negligent, or Erratic Manner, Operated Motor Vehicle in Reckless or Aggressive Manner, Other Improper Action, Too Fast For Conditions",Unknown,NA,Van - Passenger (&lt;9 Seats),NA,25,No,2006,CHEVROLET,EXPRESS,39.17613379,-77.23655796,2024,11,22
240056874,Property Damage Crash,11/26/2024 09:33:00 PM,ROCKVILLE PIKE (SB/L),NA,"Sideswipe, Same Direction",Clear,Dry,Medium,Traffic Control Signal,NONE DETECTED,No,No Apparent Injury,NA,Unknown,MD,Passenger Car,Changing Lanes,35,No,2019,VOLKSWAGEN,TIGUAN,39.0125443,-77.09858157,2024,11,21
240056874,Property Damage Crash,11/26/2024 09:33:00 PM,ROCKVILLE PIKE (SB/L),NA,"Sideswipe, Same Direction",Clear,Dry,Medium,Traffic Control Signal,NONE DETECTED,No,No Apparent Injury,NA,Not Distracted,MD,Passenger Car,Moving Constant Speed,35,No,1998,CHEVROLET,GEO PRIZM,39.0125443,-77.09858157,2024,11,21
240056865,Injury Crash,11/26/2024 08:50:00 PM,TAFT CT,NA,Front to Front,Clear,Dry,Medium,Traffic Control Signal,NONE DETECTED,No,Possible Minor Injury,NA,Not Distracted,MD,Passenger Car,Moving Constant Speed,35,No,2004,ACURA,TL,39.09414975,-77.13255762,2024,11,20
240056865,Injury Crash,11/26/2024 08:50:00 PM,TAFT CT,NA,Front to Front,Clear,Dry,Medium,Traffic Control Signal,NONE DETECTED,No,No Apparent Injury,Failed to Yield Right-of-Way,Unknown,MD,Passenger Car,Turning Left,35,No,2012,HONDA,PILOT,39.09414975,-77.13255762,2024,11,20
240056860,Injury Crash,11/26/2024 08:18:00 PM,NA,NA,Rear To Side,Clear,Dry,Dark,Traffic Control Signal,NONE DETECTED,No,No Apparent Injury,NA,Not Distracted,MD,Van - Passenger (&lt;9 Seats),Entering Traffic Lane,25,No,2015,HONDA,ODYSSEY,39.00808536,-77.08020537,2024,11,20
240056860,Injury Crash,11/26/2024 08:18:00 PM,NA,NA,Rear To Side,Clear,Dry,Dark,Traffic Control Signal,NONE DETECTED,No,No Apparent Injury,NA,Not Distracted,MD,Passenger Car,Accelerating,25,No,2014,TOYOTA,PASEO,39.00808536,-77.08020537,2024,11,20
240056860,Injury Crash,11/26/2024 08:18:00 PM,NA,NA,Rear To Side,Clear,Dry,Dark,Traffic Control Signal,NONE DETECTED,Yes,No Apparent Injury,Ran Red Light,Not Distracted,MD,Pickup,Moving Constant Speed,35,No,2016,FORD,F-150,39.00808536,-77.08020537,2024,11,20
240056844,Property Damage Crash,11/26/2024 06:30:00 PM,UNDERWOOD ST,NA,Angle,Clear,Dry,Medium,No Controls,NONE DETECTED,No,No Apparent Injury,NA,Not Distracted,DC,Passenger Car,Moving Constant Speed,35,No,2015,AUDI,A5,38.9829127,-77.07771667,2024,11,18
240056838,Property Damage Crash,11/26/2024 06:30:00 PM,FENTON ST,NA,"Sideswipe, Opposite Direction",Clear,Dry,Medium,Stop Sign,NONE DETECTED,No,No Apparent Injury,NA,Not Distracted,MD,Passenger Car,NA,25,No,2014,TOYOTA,CAMRY,38.98576792,-77.02283352,2024,11,18
240056844,Property Damage Crash,11/26/2024 06:30:00 PM,UNDERWOOD ST,NA,Angle,Clear,Dry,Medium,No Controls,NONE DETECTED,Yes,No Apparent Injury,NA,Not Distracted,VA,Van - Cargo,Entering Traffic Lane,35,No,2018,MERCEDES-BENZ,SPRINTER,38.9829127,-77.07771667,2024,11,18
240056838,Property Damage Crash,11/26/2024 06:30:00 PM,FENTON ST,NA,"Sideswipe, Opposite Direction",Clear,Dry,Medium,Stop Sign,NONE DETECTED,Yes,NA,NA,NA,NA,Passenger Car,Accelerating,25,No,2016,HYUNDAI,ELANTRA,38.98576792,-77.02283352,2024,11,18
240056837,Property Damage Crash,11/26/2024 06:03:00 PM,OLD GEORGETOWN RD (SB/L),NA,"Sideswipe, Same Direction",Clear,Dry,Medium,Traffic Control Signal,NONE DETECTED,No,No Apparent Injury,NA,Not Distracted,DC,Sport Utility Vehicle,Moving Constant Speed,35,No,2011,HONDA,CR-V,39.022687,-77.12379033,2024,11,18
240056837,Property Damage Crash,11/26/2024 06:03:00 PM,OLD GEORGETOWN RD (SB/L),NA,"Sideswipe, Same Direction",Clear,Dry,Medium,Traffic Control Signal,NONE DETECTED,Yes,No Apparent Injury,Failed to Yield Right-of-Way,Unknown,MD,Sport Utility Vehicle,Changing Lanes,35,No,2023,FISKER,OCEAN,39.022687,-77.12379033,2024,11,18
240056834,Property Damage Crash,11/26/2024 06:00:00 PM,RAMP 7 FR RAMP 1 (FR IS270) TO WASH BLVD,NA,Single Vehicle,Clear,Dry,Medium,No Controls,NONE DETECTED,No,No Apparent Injury,NA,Not Distracted,MD,Sport Utility Vehicle,Moving Constant Speed,50,No,2019,INFINITI,QX50,39.12000121,-77.20326137,2024,11,18
240056833,Property Damage Crash,11/26/2024 05:50:00 PM,CENTURY BLVD,NA,Angle,Clear,Dry,Medium,Stop Sign,NONE DETECTED,Yes,No Apparent Injury,NA,Not Distracted,MD,Passenger Car,Accelerating,20,No,2016,MAZDA,MAZDA3,39.18100483,-77.267097,2024,11,17
240056833,Property Damage Crash,11/26/2024 05:50:00 PM,CENTURY BLVD,NA,Angle,Clear,Dry,Medium,Stop Sign,NONE DETECTED,Yes,No Apparent Injury,NA,Not Distracted,MD,Passenger Car,Accelerating,20,No,2010,HYUNDAI,TUCSON,39.18100483,-77.267097,2024,11,17
240056818,Property Damage Crash,11/26/2024 03:30:00 PM,MONTROSE RD (WB/L),NA,"Sideswipe, Same Direction",Clear,Dry,Daylight,"Other Pavement Marking (excluding edgelines, centerlines, or lane lines)",NONE DETECTED,No,No Apparent Injury,NA,Not Distracted,MD,Bus - Transit,Changing Lanes,30,No,2020,GILLIG,LOW FLOOR BUS,39.0534812,-77.13473215,2024,11,15
240056818,Property Damage Crash,11/26/2024 03:30:00 PM,MONTROSE RD (WB/L),NA,"Sideswipe, Same Direction",Clear,Dry,Daylight,No Controls,NONE DETECTED,No,NA,NA,NA,NA,Passenger Car,Changing Lanes,30,No,0,NA,NA,39.0534812,-77.13473215,2024,11,15
240056804,Injury Crash,11/26/2024 03:27:00 PM,RESEARCH BLVD,NA,Angle,Clear,Dry,Daylight,Traffic Control Signal,NONE DETECTED,Yes,No Apparent Injury,"Failed to Yield Right-of-Way, Ran Red Light",Not Distracted,MD,Passenger Car,Slowing or Stopping,40,No,2014,VOLKSWAGEN,GOLF,39.10501707,-77.19026752,2024,11,15
240056808,Property Damage Crash,11/26/2024 03:27:00 PM,EAST WEST HWY,NA,Angle,Clear,Dry,Daylight,No Controls,NONE DETECTED,No,No Apparent Injury,NA,Not Distracted,MD,Passenger Car,Moving Constant Speed,30,No,2012,HONDA,CIVIC,38.98809444,-77.0816314,2024,11,15
240056808,Property Damage Crash,11/26/2024 03:27:00 PM,EAST WEST HWY,NA,Angle,Clear,Dry,Daylight,Stop Sign,NONE DETECTED,Yes,No Apparent Injury,NA,Not Distracted,MD,Passenger Car,Turning Left,30,No,2018,VOLKSWAGEN,GOLF,38.98809444,-77.0816314,2024,11,15
240056804,Injury Crash,11/26/2024 03:27:00 PM,RESEARCH BLVD,NA,Angle,Clear,Dry,Daylight,Traffic Control Signal,NONE DETECTED,No,No Apparent Injury,NA,Not Distracted,MD,Sport Utility Vehicle,Accelerating,35,No,2022,TESLA,MODEL X,39.10501707,-77.19026752,2024,11,15
240056801,Property Damage Crash,11/26/2024 03:00:00 PM,SNOWDROP LA,NA,Single Vehicle,Clear,Dry,Daylight,No Controls,NONE DETECTED,Yes,No Apparent Injury,NA,Not Distracted,MD,Passenger Car,Moving Constant Speed,25,No,2024,TOYOTA,RAV4,39.07142941,-77.04116329,2024,11,15
240056798,Injury Crash,11/26/2024 02:23:00 PM,FIRSTFIELD RD (EB/L),NA,Rear To Side,Clear,Dry,Daylight,Stop Sign,NONE DETECTED,No,Possible Minor Injury,NA,Unknown,MD,Passenger Car,NA,25,No,2016,TOYOTA,HIGHLANDER,39.14553342,-77.22195324,2024,11,14
240056798,Injury Crash,11/26/2024 02:23:00 PM,FIRSTFIELD RD (EB/L),NA,Rear To Side,Clear,Dry,Daylight,Stop Sign,NONE DETECTED,Yes,No Apparent Injury,NA,Unknown,MD,Passenger Car,Entering Traffic Lane,25,No,2018,NISSAN,SENTRA,39.14553342,-77.22195324,2024,11,14
240056791,Injury Crash,11/26/2024 01:23:00 PM,SENECA MEADOWS PKWY,NA,Angle,Clear,Dry,Daylight,Traffic Control Signal,NONE DETECTED,No,Possible Minor Injury,NA,Not Distracted,MD,Passenger Car,Moving Constant Speed,35,No,2014,FORD,MUSTANG,39.19784,-77.254215,2024,11,13
240056791,Injury Crash,11/26/2024 01:23:00 PM,SENECA MEADOWS PKWY,NA,Angle,Clear,Dry,Daylight,Traffic Control Signal,NONE DETECTED,Yes,No Apparent Injury,Failed to Yield Right-of-Way,Unknown,MD,Passenger Car,Accelerating,35,No,2012,KIA,SORENTO,39.19784,-77.254215,2024,11,13
240056787,Injury Crash,11/26/2024 01:02:00 PM,ROCKVILLE PIKE (SB/L),NA,Angle,Clear,Dry,Daylight,No Controls,NONE DETECTED,No,No Apparent Injury,NA,Not Distracted,MD,Passenger Car,Entering Traffic Lane,35,No,2019,TOYOTA,RAV4,39.03159133,-77.10582,2024,11,13
240056787,Injury Crash,11/26/2024 01:02:00 PM,ROCKVILLE PIKE (SB/L),NA,Angle,Clear,Dry,Daylight,No Controls,NONE DETECTED,No,Possible Minor Injury,NA,Not Distracted,MD,Passenger Car,Moving Constant Speed,35,No,1999,TOYOTA,COROLLA,39.03159133,-77.10582,2024,11,13
240056782,Injury Crash,11/26/2024 12:50:00 PM,COLUMBIA PIKE,NA,Front to Rear,Clear,Dry,Daylight,Traffic Control Signal,NONE DETECTED,No,No Apparent Injury,NA,Not Distracted,MD,Passenger Car,Stopped in Traffic,50,No,2011,NISSAN,SENTRA,39.05343295,-76.97570133,2024,11,12
240056782,Injury Crash,11/26/2024 12:50:00 PM,COLUMBIA PIKE,NA,Front to Rear,Clear,Dry,Daylight,Traffic Control Signal,NONE DETECTED,No,No Apparent Injury,NA,Not Distracted,MD,Passenger Car,Stopped in Traffic,50,No,2021,TOYOTA,CAMRY,39.05343295,-76.97570133,2024,11,12