Local Case Number,ACRS Report Type,Crash Date/Time,Road Name,Related Non-Motorist,Collision Type,Weather,Surface Condition,Light,Traffic Control,Driver Substance Abuse,Driver At Fault,Injury Severity,Circumstance,Driver Distracted By,Drivers License State,Vehicle Body Type,Vehicle Movement,Speed Limit,Driverless Vehicle,Vehicle Year,Vehicle Make,Vehicle Model,Latitude,Longitude,Year,Month,Hour
240056782,Injury Crash,11/26/2024 12:50:00 PM,COLUMBIA PIKE,NA,Front to Rear,Clear,Dry,Daylight,Traffic Control Signal,NONE DETECTED,No,No Apparent Injury,"Operated Motor Vehicle in Inattentive, Careless, Negligent, or Erratic Manner, Too Fast For Conditions",Unknown,MD,Passenger Car,Slowing or Stopping,50,No,2010,HONDA,CR-V,39.05343295,-76.97570133,2024,11,12
240056776,Injury Crash,11/26/2024 12:50:00 PM,FLOWER HILL WAY,NA,Angle,Clear,Dry,Daylight,Stop Sign,NONE DETECTED,Yes,No Apparent Injury,NA,Not Distracted,MD,Passenger Car,Accelerating,15,No,2003,DODGE,DURANGO,39.15543684,-77.16450166,2024,11,12
240056782,Injury Crash,11/26/2024 12:50:00 PM,COLUMBIA PIKE,NA,Front to Rear,Clear,Dry,Daylight,Traffic Control Signal,NONE DETECTED,No,No Apparent Injury,NA,Not Distracted,MD,Passenger Car,Stopped in Traffic,50,No,2023,TOYOTA,HIGHLANDER,39.05343295,-76.97570133,2024,11,12
240056776,Injury Crash,11/26/2024 12:50:00 PM,FLOWER HILL WAY,NA,Angle,Clear,Dry,Daylight,No Controls,NONE DETECTED,No,Possible Minor Injury,NA,Not Distracted,MD,Passenger Car,Moving Constant Speed,25,No,2021,TOYOTA,PRIUS,39.15543684,-77.16450166,2024,11,12
240056784,Property Damage Crash,11/26/2024 12:45:00 PM,MONTROSE RD,NA,"Sideswipe, Same Direction",Clear,Dry,Daylight,Yield Sign,NONE DETECTED,No,No Apparent Injury,"Operated Motor Vehicle in Inattentive, Careless, Negligent, or Erratic Manner",Unknown,MD,Van - Passenger (&lt;9 Seats),Changing Lanes,35,No,2016,FORD,TRANSIT CONNECT,39.05626425,-77.15435942,2024,11,12
240056784,Property Damage Crash,11/26/2024 12:45:00 PM,MONTROSE RD,NA,"Sideswipe, Same Direction",Clear,Dry,Daylight,No Controls,NONE DETECTED,No,No Apparent Injury,"Operated Motor Vehicle in Inattentive, Careless, Negligent, or Erratic Manner",Unknown,MD,Passenger Car,Moving Constant Speed,35,No,2023,HONDA,CIVIC,39.05626425,-77.15435942,2024,11,12
240056762,Property Damage Crash,11/26/2024 12:17:00 PM,RIVER RD,NA,Front to Rear,Clear,Dry,Daylight,Traffic Control Signal,NONE DETECTED,No,No Apparent Injury,NA,Not Distracted,MD,Sport Utility Vehicle,Slowing or Stopping,35,No,2018,AUDI,Q5,38.98050391,-77.13392733,2024,11,12
240056762,Property Damage Crash,11/26/2024 12:17:00 PM,RIVER RD,NA,Front to Rear,Clear,Dry,Daylight,Traffic Control Signal,NONE DETECTED,No,No Apparent Injury,NA,Not Distracted,MD,Passenger Car,Slowing or Stopping,35,No,2023,HYUNDAI,TUCSON,38.98050391,-77.13392733,2024,11,12
240056762,Property Damage Crash,11/26/2024 12:17:00 PM,RIVER RD,NA,Front to Rear,Clear,Dry,Daylight,Traffic Control Signal,NONE DETECTED,Yes,No Apparent Injury,NA,Not Distracted,MD,Sport Utility Vehicle,Slowing or Stopping,35,No,2020,JEEP,WRANGLER,38.98050391,-77.13392733,2024,11,12
240056768,Property Damage Crash,11/26/2024 12:15:00 PM,RIVER RD (WB/L),NA,"Sideswipe, Same Direction",Clear,Dry,Daylight,Traffic Control Signal,NONE DETECTED,No,No Apparent Injury,NA,Not Distracted,MD,Bus - Transit,Turning Left,45,No,2020,GILLIG,CITY TRANSIT BUS,38.97367533,-77.12256467,2024,11,12
240056768,Property Damage Crash,11/26/2024 12:15:00 PM,RIVER RD (WB/L),NA,"Sideswipe, Same Direction",Clear,Dry,Daylight,Traffic Control Signal,NONE DETECTED,No,No Apparent Injury,NA,Unknown,MD,Other Trucks,Turning Left,45,No,2021,FORD,TRANSIT,38.97367533,-77.12256467,2024,11,12
240056756,Property Damage Crash,11/26/2024 11:50:00 AM,NA,NA,"Sideswipe, Same Direction",Clear,NA,Daylight,NA,NONE DETECTED,Yes,No Apparent Injury,NA,Unknown,MD,Sport Utility Vehicle,Accelerating,0,No,2014,ACURA,RDX,39.15547013,-77.1638974,2024,11,11
240056724,Property Damage Crash,11/26/2024 09:12:00 AM,ARLINGTON RD,NA,Rear To Side,Rain,Wet,Daylight,No Controls,NONE DETECTED,No,No Apparent Injury,NA,Not Distracted,MD,Passenger Car,Moving Constant Speed,35,No,2011,BMW,328I,38.97772815,-77.09871564,2024,11,9
240056724,Property Damage Crash,11/26/2024 09:12:00 AM,ARLINGTON RD,NA,Rear To Side,Rain,Wet,Daylight,No Controls,NONE DETECTED,No,No Apparent Injury,NA,Not Distracted,MD,Passenger Car,Entering Traffic Lane,35,No,2018,AUDI,Q5,38.97772815,-77.09871564,2024,11,9
240056720,Property Damage Crash,11/26/2024 09:05:00 AM,MONTROSE PKWY,NA,Single Vehicle,Rain,Wet,Daylight,No Controls,NONE DETECTED,Yes,No Apparent Injury,NA,Not Distracted,VA,Passenger Car,Moving Constant Speed,35,No,1999,MERCEDES-BENZ,SLK-CLASS,39.05115017,-77.13309067,2024,11,9
24002475,Property Damage Crash,11/26/2024 08:40:00 AM,SLIGO CREEK PKWY,NA,Single Vehicle,Cloudy,Wet,Daylight,No Controls,NONE DETECTED,No,No Apparent Injury,"Over-Correcting/Over-Steering, Too Fast For Conditions",Not Distracted,MD,Passenger Car,Negotiating a Curve,25,No,2003,HONDA,ACCORD,38.99386613,-77.00511081,2024,11,8
240056721,Property Damage Crash,11/26/2024 08:32:00 AM,NA,NA,Front to Front,Rain,NA,Daylight,NA,NONE DETECTED,No,NA,NA,NA,NA,Passenger Car,Moving Constant Speed,0,No,2013,HYUNDAI,GENESIS,38.98745117,-76.9871115,2024,11,8
240056721,Property Damage Crash,11/26/2024 08:32:00 AM,NA,NA,Front to Front,Rain,NA,Daylight,NA,NONE DETECTED,No,No Apparent Injury,NA,Not Distracted,DC,Passenger Car,Moving Constant Speed,0,No,2005,HONDA,ACCORD,38.98745117,-76.9871115,2024,11,8
240056709,Injury Crash,11/26/2024 06:52:00 AM,SHOREFIELD RD,NA,Angle,Rain,Wet,Medium,Traffic Control Signal,NONE DETECTED,Yes,No Apparent Injury,NA,Unknown,VA,Passenger Car,Moving Constant Speed,35,No,2016,JEEP,COMPASS,39.0530581,-77.05086166,2024,11,6
240056709,Injury Crash,11/26/2024 06:52:00 AM,SHOREFIELD RD,NA,Angle,Rain,Wet,Medium,Traffic Control Signal,NONE DETECTED,No,Possible Minor Injury,NA,Not Distracted,MD,Passenger Car,Turning Left,25,No,2020,NISSAN,ROGUE,39.0530581,-77.05086166,2024,11,6
240056708,Injury Crash,11/26/2024 06:35:00 AM,MUDDY BRANCH RD (SB/L),NA,Front to Front,Rain,Wet,Medium,Traffic Control Signal,NONE DETECTED,No,No Apparent Injury,NA,Not Distracted,NA,Passenger Car,Turning Left,25,No,2024,TOYOTA,BZ4X,39.14019167,-77.20521833,2024,11,6
240056708,Injury Crash,11/26/2024 06:35:00 AM,MUDDY BRANCH RD (SB/L),NA,Front to Front,Rain,Wet,Medium,Traffic Control Signal,NONE DETECTED,No,Possible Minor Injury,NA,Not Distracted,MD,Passenger Car,Moving Constant Speed,25,No,2003,HONDA,CIVIC,39.14019167,-77.20521833,2024,11,6
240056704,Injury Crash,11/26/2024 03:29:00 AM,RAMP 5 FR IS 270 SB TO IS 370 EB,NA,Single Vehicle,Clear,Wet,Dark,No Controls,NONE DETECTED,Yes,Possible Minor Injury,Too Fast For Conditions,Unknown,MD,Passenger Car,Negotiating a Curve,55,No,2007,HONDA,CIVIC,39.12009267,-77.194422,2024,11,3
240056696,Property Damage Crash,11/26/2024 12:35:00 AM,PINEY BRANCH RD,NA,Unknown,Clear,Dry,Medium,No Controls,NONE DETECTED,No,No Apparent Injury,Other Improper Action,Unknown,DC,Passenger Car,Moving Constant Speed,25,No,2018,BMW,X1,38.97938043,-77.01772245,2024,11,0
240056695,Injury Crash,11/25/2024 11:24:00 PM,S FREDERICK RD,Pedestrian,Single Vehicle,Clear,Dry,Medium,No Controls,NONE DETECTED,Yes,No Apparent Injury,NA,Not Distracted,MD,Passenger Car,Moving Constant Speed,30,No,2022,FORD,MUSTANG,39.13850018,-77.19492969,2024,11,23
240056690,Property Damage Crash,11/25/2024 11:19:00 PM,TUCKERMAN LA,NA,Front to Rear,Clear,Dry,Medium,Traffic Control Signal,NONE DETECTED,No,No Apparent Injury,NA,Not Distracted,DC,Passenger Car,Stopped in Traffic,40,No,2008,JEEP,LIBERTY,39.03471965,-77.12495366,2024,11,23
240056690,Property Damage Crash,11/25/2024 11:19:00 PM,TUCKERMAN LA,NA,Front to Rear,Clear,Dry,Medium,Traffic Control Signal,NONE DETECTED,Yes,No Apparent Injury,"Followed Too Closely, Too Fast For Conditions",Unknown,MD,Passenger Car,Slowing or Stopping,40,No,2016,JEEP,WRANGLER,39.03471965,-77.12495366,2024,11,23
240056681,Property Damage Crash,11/25/2024 10:15:00 PM,LONE OAK DR,NA,Rear To Side,Clear,Dry,Dark,Stop Sign,NONE DETECTED,Yes,No Apparent Injury,NA,Not Distracted,VA,Passenger Car,Turning Left,35,No,2016,MERCEDES-BENZ,C-CLASS,39.019473,-77.12141088,2024,11,22
240056681,Property Damage Crash,11/25/2024 10:15:00 PM,LONE OAK DR,NA,Rear To Side,Clear,Dry,Dark,Stop Sign,NONE DETECTED,No,No Apparent Injury,NA,Not Distracted,MD,Sport Utility Vehicle,Moving Constant Speed,35,No,2008,AUDI,Q7,39.019473,-77.12141088,2024,11,22
240056678,Injury Crash,11/25/2024 10:00:00 PM,OAK LEAF DR (EB/L),NA,"Sideswipe, Same Direction",Clear,Dry,Medium,No Controls,NONE DETECTED,No,Possible Minor Injury,NA,Not Distracted,MD,Passenger Car,Moving Constant Speed,40,No,2023,TOYOTA,COROLLA,39.04086414,-76.99622144,2024,11,22
240056678,Injury Crash,11/25/2024 10:00:00 PM,OAK LEAF DR (EB/L),NA,"Sideswipe, Same Direction",Clear,Dry,Medium,No Controls,NONE DETECTED,Yes,No Apparent Injury,NA,Not Distracted,MD,Passenger Car,Changing Lanes,40,No,2016,AUDI,A6,39.04086414,-76.99622144,2024,11,22
240056674,Property Damage Crash,11/25/2024 09:23:00 PM,NA,NA,Front to Rear,Clear,NA,Medium,NA,NONE DETECTED,No,No Apparent Injury,"Improper Backing, Operated Motor Vehicle in Inattentive, Careless, Negligent, or Erratic Manner","Other Action (looking away from task, etc.)",MD,Van - Passenger (&lt;9 Seats),Backing,0,No,2001,HONDA,ODYSSEY,39.11431216,-77.16331737,2024,11,21
240056674,Property Damage Crash,11/25/2024 09:23:00 PM,NA,NA,Front to Rear,Clear,NA,Medium,NA,NONE DETECTED,No,No Apparent Injury,NA,Not Distracted,MD,Van - Passenger (&lt;9 Seats),Parked,0,No,2018,HONDA,ODYSSEY,39.11431216,-77.16331737,2024,11,21
240056671,Property Damage Crash,11/25/2024 09:10:00 PM,NEWPORT MILL RD,NA,Front to Front,Clear,Dry,Medium,Traffic Control Signal,NONE DETECTED,No,No Apparent Injury,NA,Unknown,MD,Sport Utility Vehicle,Moving Constant Speed,35,No,2005,NISSAN,ALTIMA,39.03401415,-77.0724251,2024,11,21
240056671,Property Damage Crash,11/25/2024 09:10:00 PM,NEWPORT MILL RD,NA,Front to Front,Clear,Dry,Medium,Traffic Control Signal,NONE DETECTED,No,No Apparent Injury,NA,Unknown,MD,Sport Utility Vehicle,Turning Left,35,No,2010,FORD,TRANSIT CONNECT,39.03401415,-77.0724251,2024,11,21
240056668,Property Damage Crash,11/25/2024 08:19:00 PM,FLORA LA,NA,"Sideswipe, Same Direction",Clear,Dry,Medium,No Controls,NONE DETECTED,No,NA,NA,NA,NA,Passenger Car,Moving Constant Speed,30,No,2004,TOYOTA,TACOMA,39.01113852,-77.04116082,2024,11,20
240056668,Property Damage Crash,11/25/2024 08:19:00 PM,FLORA LA,NA,"Sideswipe, Same Direction",Clear,Dry,Medium,No Controls,NONE DETECTED,No,No Apparent Injury,NA,Not Distracted,MD,Passenger Car,Moving Constant Speed,30,No,2008,FORD,EXPLORER,39.01113852,-77.04116082,2024,11,20
240056660,Injury Crash,11/25/2024 07:06:00 PM,UNIVERSITY BLVD W,NA,Angle,Clear,Dry,Medium,No Controls,NONE DETECTED,No,Possible Minor Injury,NA,Not Distracted,NA,Passenger Car,Accelerating,35,No,2007,TOYOTA,YARIS,39.04143871,-77.0492343,2024,11,19
240056660,Injury Crash,11/25/2024 07:06:00 PM,UNIVERSITY BLVD W,NA,Angle,Clear,Dry,Medium,Stop Sign,NONE DETECTED,Yes,Possible Minor Injury,Failed to Yield Right-of-Way,Not Distracted,MD,Passenger Car,Turning Right,30,No,1999,TOYOTA,AVALON,39.04143871,-77.0492343,2024,11,19
240056666,Property Damage Crash,11/25/2024 07:00:00 PM,WALHONDING RD,NA,"Sideswipe, Opposite Direction",Clear,Dry,Medium,Stop Sign,NONE DETECTED,Yes,No Apparent Injury,NA,Unknown,AZ,Sport Utility Vehicle,Turning Left,30,No,2018,DODGE,DURANGO,38.95866669,-77.13092537,2024,11,19
240056666,Property Damage Crash,11/25/2024 07:00:00 PM,WALHONDING RD,NA,"Sideswipe, Opposite Direction",Clear,Dry,Medium,No Controls,NONE DETECTED,No,No Apparent Injury,NA,Not Distracted,MD,Sport Utility Vehicle,Turning Left,30,No,2017,MERCEDES-BENZ,E-CLASS,38.95866669,-77.13092537,2024,11,19
240056657,Property Damage Crash,11/25/2024 06:48:00 PM,W WATKINS MILL RD (SB/L),NA,Front to Rear,Clear,Dry,Medium,Traffic Control Signal,NONE DETECTED,No,No Apparent Injury,"Operated Motor Vehicle in Inattentive, Careless, Negligent, or Erratic Manner, Too Fast For Conditions",Unknown,MD,Passenger Car,Moving Constant Speed,35,No,2013,TOYOTA,TUNDRA,39.1486691,-77.2327733,2024,11,18
240056657,Property Damage Crash,11/25/2024 06:48:00 PM,W WATKINS MILL RD (SB/L),NA,Front to Rear,Clear,Dry,Medium,Traffic Control Signal,NONE DETECTED,No,No Apparent Injury,NA,Not Distracted,MD,Passenger Car,Stopped in Traffic,35,No,2018,HYUNDAI,ELANTRA,39.1486691,-77.2327733,2024,11,18
240056657,Property Damage Crash,11/25/2024 06:48:00 PM,W WATKINS MILL RD (SB/L),NA,Front to Rear,Clear,Dry,Medium,Traffic Control Signal,NONE DETECTED,No,No Apparent Injury,NA,Not Distracted,MD,Passenger Car,Stopped in Traffic,35,No,2014,HONDA,PILOT,39.1486691,-77.2327733,2024,11,18
240056669,Property Damage Crash,11/25/2024 06:44:00 PM,NA,NA,Front to Rear,Clear,NA,Medium,NA,NONE DETECTED,Yes,No Apparent Injury,NA,Unknown,MD,Sport Utility Vehicle,Backing,0,No,2011,FORD,ESCAPE,39.08673984,-77.15347462,2024,11,18
240056646,Property Damage Crash,11/25/2024 06:02:00 PM,VEIRS MILL RD (WB/L),NA,Front to Rear,Clear,Dry,Medium,No Controls,NONE DETECTED,No,No Apparent Injury,NA,Not Distracted,MD,Passenger Car,Slowing or Stopping,40,No,2016,MERCEDES-BENZ,C-CLASS,39.0543353,-77.07915179,2024,11,18
240056646,Property Damage Crash,11/25/2024 06:02:00 PM,VEIRS MILL RD (WB/L),NA,Front to Rear,Clear,Dry,Medium,No Controls,ALCOHOL PRESENT,Yes,No Apparent Injury,Other Improper Action,Unknown,NA,Van - Passenger (&lt;9 Seats),Moving Constant Speed,40,No,2022,GMC,SAVANA,39.0543353,-77.07915179,2024,11,18
240056636,Property Damage Crash,11/25/2024 05:50:00 PM,W DEER PARK RD (WB/L),NA,Angle,Clear,Dry,Medium,No Controls,NONE DETECTED,Yes,No Apparent Injury,Failed to Yield Right-of-Way,Unknown,MD,Sport Utility Vehicle,Turning Left,30,No,2010,TOYOTA,COROLLA MATRIX,39.1323388,-77.20249575,2024,11,17
240056636,Property Damage Crash,11/25/2024 05:50:00 PM,W DEER PARK RD (WB/L),NA,Angle,Clear,Dry,Medium,No Controls,NONE DETECTED,No,No Apparent Injury,NA,Not Distracted,MD,Sport Utility Vehicle,Moving Constant Speed,30,No,2015,HONDA,CR-V,39.1323388,-77.20249575,2024,11,17
240056634,Property Damage Crash,11/25/2024 05:48:00 PM,W MONTGOMERY AVE,NA,Front to Rear,Clear,Dry,Medium,No Controls,NONE DETECTED,No,No Apparent Injury,Followed Too Closely,Unknown,MD,Van - Passenger (&lt;9 Seats),Accelerating,30,No,2006,TOYOTA,SIENNA,39.08549063,-77.16713063,2024,11,17
240056634,Property Damage Crash,11/25/2024 05:48:00 PM,W MONTGOMERY AVE,NA,Front to Rear,Clear,Dry,Medium,No Controls,NONE DETECTED,No,No Apparent Injury,NA,Not Distracted,MD,Passenger Car,Stopped in Traffic,30,No,2013,NISSAN,ROGUE,39.08549063,-77.16713063,2024,11,17
240056634,Property Damage Crash,11/25/2024 05:48:00 PM,W MONTGOMERY AVE,NA,Front to Rear,Clear,Dry,Medium,No Controls,NONE DETECTED,No,No Apparent Injury,Followed Too Closely,Not Distracted,MD,Passenger Car,Stopped in Traffic,30,No,2015,VOLKSWAGEN,GOLF,39.08549063,-77.16713063,2024,11,17
240056633,Property Damage Crash,11/25/2024 05:35:00 PM,CHALMERS RD,NA,Angle,Clear,Dry,Medium,Traffic Control Signal,NONE DETECTED,No,No Apparent Injury,NA,Not Distracted,MD,Pickup,Moving Constant Speed,40,No,2015,FORD,F-150,39.02960517,-76.98353823,2024,11,17
240056633,Property Damage Crash,11/25/2024 05:35:00 PM,CHALMERS RD,NA,Angle,Clear,Dry,Medium,Traffic Control Signal,NONE DETECTED,Yes,No Apparent Injury,NA,Not Distracted,MD,Passenger Car,Turning Left,40,No,2017,NISSAN,ROGUE,39.02960517,-76.98353823,2024,11,17
240056581,Injury Crash,11/25/2024 01:05:00 PM,FREDERICK RD (SB/L),NA,Front to Rear,Clear,Dry,Daylight,Traffic Control Signal,NONE DETECTED,No,No Apparent Injury,NA,Not Distracted,MD,Passenger Car,Stopped in Traffic,40,No,2009,HONDA,ACCORD,39.16391183,-77.22736113,2024,11,13
240056581,Injury Crash,11/25/2024 01:05:00 PM,FREDERICK RD (SB/L),NA,Front to Rear,Clear,Dry,Daylight,Traffic Control Signal,NONE DETECTED,Yes,No Apparent Injury,NA,Unknown,MD,Passenger Car,NA,40,No,2008,KIA,SEDONA,39.16391183,-77.22736113,2024,11,13
240056582,Injury Crash,11/25/2024 01:05:00 PM,SUNDOWN RD,NA,Front to Front,Clear,Dry,Daylight,No Controls,NONE DETECTED,No,Possible Minor Injury,NA,Not Distracted,MD,Passenger Car,Moving Constant Speed,35,No,2018,TOYOTA,PRIUS,39.21472967,-77.12377333,2024,11,13
240056582,Injury Crash,11/25/2024 01:05:00 PM,SUNDOWN RD,NA,Front to Front,Clear,Dry,Daylight,No Controls,NONE DETECTED,No,No Apparent Injury,NA,Not Distracted,MD,Van - Passenger (&lt;9 Seats),Moving Constant Speed,35,No,2004,CHEVROLET,EXPRESS,39.21472967,-77.12377333,2024,11,13
240056582,Injury Crash,11/25/2024 01:05:00 PM,SUNDOWN RD,NA,Front to Front,Clear,Dry,Daylight,No Controls,NONE DETECTED,Yes,Possible Minor Injury,"Failed to Keep in Proper Lane, Wrong Side",Unknown,MD,Sport Utility Vehicle,Moving Constant Speed,35,No,2020,HYUNDAI,TUCSON,39.21472967,-77.12377333,2024,11,13
240056579,Property Damage Crash,11/25/2024 12:50:00 PM,SWAN STREAM DR,NA,"Sideswipe, Same Direction",Clear,Dry,Daylight,No Controls,NONE DETECTED,Yes,No Apparent Injury,Improper Passing,Not Distracted,MD,Other,Overtaking/Passing,25,No,2024,FREIGHTLINER,B2 106 ELECTRIC CONVENTIONAL CHASSIS,39.15336018,-77.15813415,2024,11,12
240056578,Property Damage Crash,11/25/2024 12:46:00 PM,PLYERS MILL RD,NA,"Sideswipe, Same Direction",Clear,Dry,Daylight,Traffic Control Signal,NONE DETECTED,No,No Apparent Injury,NA,Not Distracted,MD,Passenger Car,Accelerating,35,No,2013,FORD,FOCUS,39.03003416,-77.04765339,2024,11,12
240056578,Property Damage Crash,11/25/2024 12:46:00 PM,PLYERS MILL RD,NA,"Sideswipe, Same Direction",Clear,Dry,Daylight,Traffic Control Signal,NONE DETECTED,Yes,No Apparent Injury,NA,Not Distracted,MD,Bus - School,Turning Left,30,No,2015,FREIGHTLINER,B2 BUS CHASSIS,39.03003416,-77.04765339,2024,11,12
240056590,Property Damage Crash,11/25/2024 12:43:00 PM,NEWPORT MILL RD,NA,"Sideswipe, Same Direction",Clear,Dry,Daylight,Stop Sign,NONE DETECTED,No,No Apparent Injury,Improper Passing,Not Distracted,MD,Bus - School,Overtaking/Passing,25,No,2021,THOMAS BUILT,HDX,39.04262136,-77.06882947,2024,11,12
240056590,Property Damage Crash,11/25/2024 12:43:00 PM,NEWPORT MILL RD,NA,"Sideswipe, Same Direction",Clear,Dry,Daylight,Stop Sign,NONE DETECTED,No,No Apparent Injury,NA,Not Distracted,MD,Passenger Car,Stopped in Traffic,25,No,2023,TESLA,MODEL Y,39.04262136,-77.06882947,2024,11,12
240056568,Injury Crash,11/25/2024 11:35:00 AM,NA,NA,Single Vehicle,Clear,Dry,Daylight,Curve Ahead Warning Sign,NONE DETECTED,Yes,Possible Minor Injury,"Disregarded Other Traffic Sign, Failed to Keep in Proper Lane, Over-Correcting/Over-Steering, Ran Off Roadway",Not Distracted,MD,Single-Unit Truck,Moving Constant Speed,35,No,2018,MACK,GU (GRANITE),39.22949983,-77.083546,2024,11,11
240056545,Property Damage Crash,11/25/2024 11:00:00 AM,ROEDER RD,NA,"Sideswipe, Same Direction",Clear,Dry,Daylight,Traffic Control Signal,NONE DETECTED,No,No Apparent Injury,NA,Not Distracted,DC,Bus - Transit,Moving Constant Speed,25,No,2023,NEW FLYER,XCELSIOR,38.99721776,-77.02616551,2024,11,11
240056545,Property Damage Crash,11/25/2024 11:00:00 AM,ROEDER RD,NA,"Sideswipe, Same Direction",Clear,Dry,Daylight,Traffic Control Signal,NONE DETECTED,Yes,No Apparent Injury,NA,Not Distracted,MD,Passenger Car,Parked,25,No,2023,TESLA,MODEL 3,38.99721776,-77.02616551,2024,11,11
240056517,Property Damage Crash,11/25/2024 09:05:00 AM,NA,NA,"Sideswipe, Opposite Direction",Clear,NA,Daylight,NA,NONE DETECTED,No,No Apparent Injury,NA,Not Distracted,MD,Bus - School,Turning Right,0,No,2013,FREIGHTLINER,B2 BUS CHASSIS,38.9832799,-76.98816437,2024,11,9
240056517,Property Damage Crash,11/25/2024 09:05:00 AM,NA,NA,"Sideswipe, Opposite Direction",Clear,NA,Daylight,NA,NONE DETECTED,No,No Apparent Injury,NA,Not Distracted,MD,Bus - School,Stopped in Traffic,0,No,2016,THOMAS BUILT,HDX,38.9832799,-76.98816437,2024,11,9
240056507,Property Damage Crash,11/25/2024 08:20:00 AM,UNIVERSITY BLVD E (WB/L),NA,"Sideswipe, Same Direction",Clear,Dry,Daylight,Flashing Traffic Control Signal,NONE DETECTED,Yes,No Apparent Injury,NA,Not Distracted,MD,Passenger Car,Changing Lanes,35,No,2010,TOYOTA,COROLLA,39.01561697,-77.00516645,2024,11,8
240056507,Property Damage Crash,11/25/2024 08:20:00 AM,UNIVERSITY BLVD E (WB/L),NA,"Sideswipe, Same Direction",Clear,Dry,Daylight,Flashing Traffic Control Signal,NONE DETECTED,No,No Apparent Injury,NA,Not Distracted,MD,Passenger Car,Moving Constant Speed,35,No,2018,CHEVROLET,COLORADO,39.01561697,-77.00516645,2024,11,8
240056507,Property Damage Crash,11/25/2024 08:20:00 AM,UNIVERSITY BLVD E (WB/L),NA,"Sideswipe, Same Direction",Clear,Dry,Daylight,Traffic Control Signal,NONE DETECTED,No,No Apparent Injury,NA,Not Distracted,MD,Passenger Car,Stopped in Traffic,35,No,2018,TOYOTA,RAV4,39.01561697,-77.00516645,2024,11,8
240056509,Injury Crash,11/25/2024 08:15:00 AM,APPLEDOWRE WAY (WB/L),NA,Angle,Clear,Dry,Daylight,No Controls,NONE DETECTED,No,Possible Minor Injury,NA,Not Distracted,MD,Passenger Car,Moving Constant Speed,40,No,2012,BUICK,REGAL,39.18557151,-77.23960189,2024,11,8
240056509,Injury Crash,11/25/2024 08:15:00 AM,APPLEDOWRE WAY (WB/L),NA,Angle,Clear,Dry,Daylight,Stop Sign,NONE DETECTED,Yes,Suspected Serious Injury,Failed to Yield Right-of-Way,Unknown,SC,Sport Utility Vehicle,Entering Traffic Lane,25,No,2014,BMW,X3,39.18557151,-77.23960189,2024,11,8
240056510,Injury Crash,11/25/2024 08:12:00 AM,SOUTHLAWN LA,Pedestrian,Single Vehicle,Clear,Dry,Daylight,No Controls,NONE DETECTED,No,No Apparent Injury,NA,"Other Action (looking away from task, etc.)",MD,Other Trucks,Accelerating,15,No,2019,MACK,GRANITE,39.0997508,-77.13604335,2024,11,8
240056508,Property Damage Crash,11/25/2024 08:00:00 AM,MUDDY BRANCH RD (SB/L),NA,Angle,Clear,Dry,Daylight,Traffic Control Signal,NONE DETECTED,Yes,No Apparent Injury,NA,Unknown,MD,Passenger Car,Moving Constant Speed,35,No,2000,TOYOTA,COROLLA,39.14015271,-77.20493615,2024,11,8
240056503,Property Damage Crash,11/25/2024 08:00:00 AM,NA,NA,Single Vehicle,Clear,NA,Daylight,NA,NONE DETECTED,No,No Apparent Injury,Improper Backing,Not Distracted,MD,Passenger Car,Backing,0,No,2014,DODGE,CHARGER,38.99100459,-77.09606853,2024,11,8