Local Case Number,ACRS Report Type,Crash Date/Time,Road Name,Related Non-Motorist,Collision Type,Weather,Surface Condition,Light,Traffic Control,Driver Substance Abuse,Driver At Fault,Injury Severity,Circumstance,Driver Distracted By,Drivers License State,Vehicle Body Type,Vehicle Movement,Speed Limit,Driverless Vehicle,Vehicle Year,Vehicle Make,Vehicle Model,Latitude,Longitude,Year,Month,Hour
240056508,Property Damage Crash,11/25/2024 08:00:00 AM,MUDDY BRANCH RD (SB/L),NA,Angle,Clear,Dry,Daylight,Traffic Control Signal,NONE DETECTED,No,No Apparent Injury,NA,Not Distracted,MD,Passenger Car,Turning Left,45,No,2017,MERCEDES-BENZ,CLA-CLASS,39.14015271,-77.20493615,2024,11,8
240056502,Property Damage Crash,11/25/2024 07:40:00 AM,VEIRS MILL RD,NA,Angle,Clear,Dry,Daylight,Stop Sign,NONE DETECTED,Yes,No Apparent Injury,Failed to Yield Right-of-Way,Not Distracted,MD,Station Wagon,Turning Left,35,No,2015,FORD,ESCAPE,39.04145568,-77.05835324,2024,11,7
240056502,Property Damage Crash,11/25/2024 07:40:00 AM,VEIRS MILL RD,NA,Angle,Clear,Dry,Daylight,No Controls,NONE DETECTED,No,No Apparent Injury,NA,Not Distracted,MD,Passenger Car,Moving Constant Speed,35,No,2007,TOYOTA,COROLLA,39.04145568,-77.05835324,2024,11,7
240056501,Injury Crash,11/25/2024 07:28:00 AM,NA,NA,Angle,Clear,Dry,Daylight,Traffic Control Signal,NONE DETECTED,No,No Apparent Injury,NA,Not Distracted,MD,Passenger Car,Accelerating,35,No,2011,CHEVROLET,MALIBU,39.0856592,-77.19696732,2024,11,7
240056501,Injury Crash,11/25/2024 07:28:00 AM,NA,NA,Angle,Clear,Dry,Daylight,Traffic Control Signal,NONE DETECTED,No,Possible Minor Injury,Failed to Keep in Proper Lane,Not Distracted,MD,Moped Or motorized bicycle,Accelerating,35,No,2021,YAMASAKI,M+SPORT SERIES/MQI+ SPORT SERIES,39.0856592,-77.19696732,2024,11,7
240056496,Property Damage Crash,11/25/2024 07:02:00 AM,GEORGIA AVE (SB/L),NA,"Sideswipe, Same Direction",Clear,Dry,Daylight,Traffic Control Signal,NONE DETECTED,Yes,No Apparent Injury,NA,Not Distracted,MD,Bus - School,Accelerating,25,No,2018,FREIGHTLINER,B2 BUS CHASSIS,39.04314285,-77.05209379,2024,11,7
240056496,Property Damage Crash,11/25/2024 07:02:00 AM,GEORGIA AVE (SB/L),NA,"Sideswipe, Same Direction",Clear,Dry,Daylight,Traffic Control Signal,NONE DETECTED,No,No Apparent Injury,NA,Not Distracted,MD,Bus - School,Stopped in Traffic,25,No,2017,THOMAS BUILT,HDX,39.04314285,-77.05209379,2024,11,7
240056195,Property Damage Crash,11/25/2024 06:59:00 AM,GEORGIA AVE,NA,Single Vehicle,Clear,Dry,Daylight,Traffic Control Signal,ALCOHOL PRESENT,Yes,No Apparent Injury,NA,Unknown,MD,Passenger Car,Moving Constant Speed,0,No,2012,CHEVROLET,CRUZE,39.0579604,-77.04985974,2024,11,6
240056492,Injury Crash,11/25/2024 06:47:00 AM,REDLAND RD,Pedestrian,Single Vehicle,Clear,Dry,Daylight,Traffic Control Signal,NONE DETECTED,No,No Apparent Injury,NA,Unknown,MD,Passenger Car,Turning Left,40,No,2012,NISSAN,SENTRA,39.1199395,-77.15983407,2024,11,6
240056491,Injury Crash,11/25/2024 06:39:00 AM,CONNECTICUT AVE,Pedestrian,Single Vehicle,Clear,Dry,Medium,Traffic Control Signal,NONE DETECTED,Yes,No Apparent Injury,NA,Not Distracted,MD,Sport Utility Vehicle,Turning Left,45,No,2018,CHEVROLET,TRAX,39.07637666,-77.08052504,2024,11,6
240056489,Injury Crash,11/25/2024 05:29:00 AM,RIDGE RD (SB/L),NA,Angle,Clear,Dry,Medium,Flashing Traffic Control Signal,NONE DETECTED,No,Possible Minor Injury,Disregarded Other Traffic Sign,Not Distracted,MD,Passenger Car,Moving Constant Speed,40,No,2011,TOYOTA,CAMRY,39.20462172,-77.24606507,2024,11,5
240056489,Injury Crash,11/25/2024 05:29:00 AM,RIDGE RD (SB/L),NA,Angle,Clear,Dry,Medium,Flashing Traffic Control Signal,NONE DETECTED,No,No Apparent Injury,NA,Not Distracted,MD,Passenger Car,Entering Traffic Lane,40,No,2021,TESLA,MODEL 3,39.20462172,-77.24606507,2024,11,5
240056480,Injury Crash,11/25/2024 01:43:00 AM,COLESVILLE RD (SB/L),NA,Rear To Side,Clear,Dry,Medium,Traffic Control Signal,NONE DETECTED,Yes,Possible Minor Injury,NA,Not Distracted,MD,Passenger Car,Accelerating,35,No,2023,TOYOTA,CAMRY,39.01982937,-77.01334206,2024,11,1
240056480,Injury Crash,11/25/2024 01:43:00 AM,COLESVILLE RD (SB/L),NA,Rear To Side,Clear,Dry,Medium,Traffic Control Signal,NONE DETECTED,No,No Apparent Injury,NA,Not Distracted,VA,Sport Utility Vehicle,Accelerating,35,No,2019,ISUZU,NPR/NPR-HD,39.01982937,-77.01334206,2024,11,1
240056481,Injury Crash,11/25/2024 01:37:00 AM,BLANDFORD ST,NA,"Sideswipe, Opposite Direction",Clear,Dry,Medium,No Controls,NONE DETECTED,No,NA,Operated Motor Vehicle in Reckless or Aggressive Manner,Unknown,NA,Passenger Car,NA,25,Unknown,2011,MERCEDES-BENZ,GL-CLASS,39.07687118,-77.15117573,2024,11,1
240056476,Property Damage Crash,11/25/2024 01:02:00 AM,SPRING ST,NA,Front to Rear,Clear,Dry,Medium,Traffic Control Signal,NONE DETECTED,Yes,No Apparent Injury,NA,Unknown,MD,Passenger Car,Moving Constant Speed,35,No,2008,TOYOTA,PRIUS,38.99903539,-77.02613495,2024,11,1
240056476,Property Damage Crash,11/25/2024 01:02:00 AM,SPRING ST,NA,Front to Rear,Clear,Dry,Medium,Traffic Control Signal,NONE DETECTED,No,No Apparent Injury,NA,Not Distracted,DC,Sport Utility Vehicle,Stopped in Traffic,35,No,2017,CHEVROLET,EQUINOX,38.99903539,-77.02613495,2024,11,1
240056476,Property Damage Crash,11/25/2024 01:02:00 AM,SPRING ST,NA,Front to Rear,Clear,Dry,Medium,Traffic Control Signal,NONE DETECTED,No,No Apparent Injury,NA,Not Distracted,MD,Passenger Car,Stopped in Traffic,35,No,2024,TOYOTA,COROLLA,38.99903539,-77.02613495,2024,11,1
240056465,Injury Crash,11/24/2024 09:57:00 PM,NA,NA,Single Vehicle,Clear,NA,Medium,NA,NONE DETECTED,Yes,No Apparent Injury,"Operated Motor Vehicle in Inattentive, Careless, Negligent, or Erratic Manner, Operated Motor Vehicle in Reckless or Aggressive Manner",Unknown,MD,Passenger Car,NA,0,No,2013,MAZDA,MAZDA3,38.98119883,-77.12616567,2024,11,21
240056463,Property Damage Crash,11/24/2024 09:35:00 PM,NA,NA,"Sideswipe, Same Direction",Clear,Dry,Medium,Traffic Control Signal,NONE DETECTED,Yes,No Apparent Injury,"Failed to Keep in Proper Lane, Operated Motor Vehicle in Inattentive, Careless, Negligent, or Erratic Manner, Other Improper Action",Not Distracted,MD,Sport Utility Vehicle,Changing Lanes,40,No,2012,HONDA,PILOT,39.0513507,-77.11556056,2024,11,21
240056463,Property Damage Crash,11/24/2024 09:35:00 PM,NA,NA,"Sideswipe, Same Direction",Clear,Dry,Medium,Traffic Control Signal,NONE DETECTED,No,No Apparent Injury,NA,Not Distracted,MD,Sport Utility Vehicle,Moving Constant Speed,40,No,2020,LEXUS,RX,39.0513507,-77.11556056,2024,11,21
240056447,Property Damage Crash,11/24/2024 07:30:00 PM,NA,NA,Single Vehicle,Clear,NA,Medium,NA,NONE DETECTED,Yes,No Apparent Injury,NA,Unknown,NA,Passenger Car,Accelerating,0,No,2014,NISSAN,ROGUE,39.15193366,-77.27972385,2024,11,19
240056443,Property Damage Crash,11/24/2024 07:00:00 PM,NA,NA,Front to Rear,Clear,Dry,Dark,Traffic Control Signal,NONE DETECTED,No,No Apparent Injury,NA,Not Distracted,MD,Passenger Car,Slowing or Stopping,40,No,2012,NISSAN,ROGUE,39.192402,-77.02654617,2024,11,19
240056443,Property Damage Crash,11/24/2024 07:00:00 PM,NA,NA,Front to Rear,Clear,Dry,Dark,Traffic Control Signal,NONE DETECTED,Yes,No Apparent Injury,NA,Not Distracted,MD,Passenger Car,Slowing or Stopping,40,No,2005,LEXUS,SC,39.192402,-77.02654617,2024,11,19
240056435,Property Damage Crash,11/24/2024 06:03:00 PM,DEMOCRACY BLVD,NA,Other,Clear,Dry,Medium,Traffic Control Signal,NONE DETECTED,No,No Apparent Injury,NA,Unknown,MD,Van - Passenger (&lt;9 Seats),Moving Constant Speed,35,No,2001,DODGE,GRAND CARAVAN,39.02343967,-77.16232383,2024,11,18
240056435,Property Damage Crash,11/24/2024 06:03:00 PM,DEMOCRACY BLVD,NA,Other,Clear,Dry,Medium,Traffic Control Signal,NONE DETECTED,Yes,No Apparent Injury,Failed to Yield Right-of-Way,Unknown,MD,Passenger Car,Turning Right,35,No,1983,TOYOTA,SUPRA,39.02343967,-77.16232383,2024,11,18
240056433,Property Damage Crash,11/24/2024 05:53:00 PM,CONNECTICUT AVE,NA,Front to Rear,Clear,Dry,Medium,No Controls,NONE DETECTED,No,No Apparent Injury,NA,Not Distracted,MD,Sport Utility Vehicle,Stopped in Traffic,35,No,2015,FORD,EXPLORER,39.005136,-77.0778505,2024,11,17
240056433,Property Damage Crash,11/24/2024 05:53:00 PM,CONNECTICUT AVE,NA,Front to Rear,Clear,Dry,Medium,No Controls,NONE DETECTED,No,No Apparent Injury,NA,Unknown,MD,Passenger Car,Moving Constant Speed,35,No,2010,BMW,128I,39.005136,-77.0778505,2024,11,17
240056432,Property Damage Crash,11/24/2024 05:50:00 PM,FAIRMONT AVE,NA,"Sideswipe, Same Direction",Clear,Dry,Medium,No Controls,NONE DETECTED,No,No Apparent Injury,NA,Not Distracted,MD,Passenger Car,Parked,25,No,2020,LEXUS,LS,38.98815083,-77.09691889,2024,11,17
240056432,Property Damage Crash,11/24/2024 05:50:00 PM,FAIRMONT AVE,NA,"Sideswipe, Same Direction",Clear,Dry,Medium,No Controls,NONE DETECTED,No,No Apparent Injury,NA,Not Distracted,MD,Passenger Car,Moving Constant Speed,25,No,2016,KIA,OPTIMA,38.98815083,-77.09691889,2024,11,17
240056430,Property Damage Crash,11/24/2024 05:43:00 PM,GEORGIA AVE,NA,Front to Rear,Clear,Dry,Dark,Traffic Control Signal,NONE DETECTED,No,No Apparent Injury,NA,Not Distracted,MD,Sport Utility Vehicle,Slowing or Stopping,40,No,2025,HONDA,CR-V,39.14206005,-77.06747414,2024,11,17
240056430,Property Damage Crash,11/24/2024 05:43:00 PM,GEORGIA AVE,NA,Front to Rear,Clear,Dry,Dark,Traffic Control Signal,NONE DETECTED,Yes,No Apparent Injury,Other Improper Action,"Other Action (looking away from task, etc.)",MD,Station Wagon,NA,40,No,2014,SUBARU,FORESTER,39.14206005,-77.06747414,2024,11,17
240056430,Property Damage Crash,11/24/2024 05:43:00 PM,GEORGIA AVE,NA,Front to Rear,Clear,Dry,Dark,Traffic Control Signal,NONE DETECTED,No,No Apparent Injury,NA,Not Distracted,MD,Van - Passenger (&lt;9 Seats),Slowing or Stopping,40,No,2010,HONDA,ODYSSEY,39.14206005,-77.06747414,2024,11,17
240056426,Injury Crash,11/24/2024 05:17:00 PM,NA,NA,Front to Rear,Clear,Dry,Medium,Traffic Control Signal,NONE DETECTED,No,Possible Minor Injury,NA,Not Distracted,MD,Passenger Car,Stopped in Traffic,40,No,2014,TOYOTA,COROLLA,39.19265333,-77.242835,2024,11,17
240056426,Injury Crash,11/24/2024 05:17:00 PM,NA,NA,Front to Rear,Clear,Dry,Medium,Traffic Control Signal,ALCOHOL PRESENT,Yes,No Apparent Injury,Failed to Keep in Proper Lane,Unknown,MD,Sport Utility Vehicle,Moving Constant Speed,40,No,2017,TOYOTA,RAV4,39.19265333,-77.242835,2024,11,17
240056420,Injury Crash,11/24/2024 04:50:00 PM,DENNIS AVE,Scooter (electric),Single Vehicle,Clear,Dry,Medium,Pedestrian Crossing Sign,NONE DETECTED,Yes,No Apparent Injury,"Disregarded Other Road Markings, Disregarded Other Traffic Sign, Failed to Yield Right-of-Way",Unknown,MD,Passenger Car,Accelerating,25,No,2014,FORD,EXPLORER,39.02391683,-77.02945887,2024,11,16
240056413,Injury Crash,11/24/2024 03:36:00 PM,NA,Pedestrian,Single Vehicle,Clear,NA,Daylight,NA,NONE DETECTED,Yes,No Apparent Injury,NA,Not Distracted,DC,Passenger Car,Backing,0,No,2009,HONDA,CIVIC,38.99180779,-77.02708051,2024,11,15
240056412,Property Damage Crash,11/24/2024 03:10:00 PM,GRACEFIELD RD,NA,Front to Front,Clear,Dry,Daylight,No Controls,NONE DETECTED,Yes,No Apparent Injury,"Failed to Keep in Proper Lane, Improper Turn",Unknown,MD,Sport Utility Vehicle,Turning Right,25,No,2023,MAZDA,CX-50,39.0569397,-76.95139707,2024,11,15
240056412,Property Damage Crash,11/24/2024 03:10:00 PM,GRACEFIELD RD,NA,Front to Front,Clear,Dry,Daylight,Stop Sign,NONE DETECTED,No,No Apparent Injury,NA,Not Distracted,MD,Passenger Car,Slowing or Stopping,25,No,2024,TESLA,MODEL Y,39.0569397,-76.95139707,2024,11,15
240056405,Property Damage Crash,11/24/2024 01:45:00 PM,RANDOLPH RD (WB/L),NA,Single Vehicle,Clear,Dry,Daylight,No Controls,NONE DETECTED,No,No Apparent Injury,NA,Unknown,MD,Pickup,Moving Constant Speed,45,No,2021,TOYOTA,TACOMA,39.06651675,-77.02013345,2024,11,13
240056395,Injury Crash,11/24/2024 12:56:00 PM,BRADLEY BLVD (SB/L),NA,Front to Rear,Clear,Dry,Daylight,No Controls,NONE DETECTED,No,No Apparent Injury,Improper Turn,Unknown,MD,Van - Passenger (&lt;9 Seats),Making U-Turn,30,No,2018,MERCEDES-BENZ,SPRINTER,39.00751935,-77.14895295,2024,11,12
240056395,Injury Crash,11/24/2024 12:56:00 PM,BRADLEY BLVD (SB/L),NA,Front to Rear,Clear,Dry,Daylight,No Controls,NONE DETECTED,No,Possible Minor Injury,Followed Too Closely,Unknown,MD,Sport Utility Vehicle,Moving Constant Speed,30,No,2020,LEXUS,RX,39.00751935,-77.14895295,2024,11,12
240056390,Injury Crash,11/24/2024 12:28:00 PM,NA,NA,Front to Rear,Clear,Dry,Daylight,Traffic Control Signal,NONE DETECTED,No,No Apparent Injury,NA,Not Distracted,MD,Sport Utility Vehicle,Stopped in Traffic,30,No,2020,JEEP,GRAND CHEROKEE,39.07128468,-77.09886206,2024,11,12
240056390,Injury Crash,11/24/2024 12:28:00 PM,NA,NA,Front to Rear,Clear,Dry,Daylight,Traffic Control Signal,NONE DETECTED,Yes,No Apparent Injury,NA,Unknown,MD,Van - Passenger (&lt;9 Seats),Moving Constant Speed,30,No,2006,TOYOTA,SIENNA,39.07128468,-77.09886206,2024,11,12
240056376,Injury Crash,11/24/2024 11:22:00 AM,NA,NA,Rear To Side,Clear,Dry,Daylight,Traffic Control Signal,NONE DETECTED,No,No Apparent Injury,NA,Not Distracted,MD,Passenger Car,Moving Constant Speed,35,No,2012,TOYOTA,COROLLA,39.0596072,-77.06160087,2024,11,11
240056376,Injury Crash,11/24/2024 11:22:00 AM,NA,NA,Rear To Side,Clear,Dry,Daylight,Traffic Control Signal,NONE DETECTED,Yes,No Apparent Injury,NA,Not Distracted,MD,Passenger Car,Moving Constant Speed,35,No,2008,VOLKSWAGEN,JETTA,39.0596072,-77.06160087,2024,11,11
240056371,Property Damage Crash,11/24/2024 10:47:00 AM,AIRCRAFT DR,NA,Angle,Clear,Dry,Daylight,Traffic Control Signal,NONE DETECTED,Yes,No Apparent Injury,"Other Improper Action, Ran Red Light",Unknown,NA,Passenger Car,Moving Constant Speed,50,No,2016,NISSAN,SENTRA,39.18211624,-77.2602358,2024,11,10
240056371,Property Damage Crash,11/24/2024 10:47:00 AM,AIRCRAFT DR,NA,Angle,Clear,Dry,Daylight,Traffic Control Signal,NONE DETECTED,No,No Apparent Injury,NA,Not Distracted,MD,Passenger Car,Turning Left,50,No,2023,TOYOTA,CAMRY,39.18211624,-77.2602358,2024,11,10
240056371,Property Damage Crash,11/24/2024 10:47:00 AM,AIRCRAFT DR,NA,Angle,Clear,Dry,Daylight,Traffic Control Signal,NONE DETECTED,No,No Apparent Injury,Followed Too Closely,Not Distracted,MD,Passenger Car,Turning Left,50,No,2012,TOYOTA,HIGHLANDER,39.18211624,-77.2602358,2024,11,10
240056359,Property Damage Crash,11/24/2024 08:15:00 AM,RIDGE RD,NA,Front to Rear,Clear,Dry,Daylight,Traffic Control Signal,ALCOHOL PRESENT,Yes,No Apparent Injury,"Operated Motor Vehicle in Inattentive, Careless, Negligent, or Erratic Manner",Unknown,MD,Sport Utility Vehicle,Moving Constant Speed,45,No,2013,SUBARU,OUTBACK,39.19786606,-77.26314747,2024,11,8
240056359,Property Damage Crash,11/24/2024 08:15:00 AM,RIDGE RD,NA,Front to Rear,Clear,Dry,Daylight,Traffic Control Signal,NONE DETECTED,No,No Apparent Injury,NA,Not Distracted,MD,Passenger Car,Stopped in Traffic,45,No,2018,NISSAN,ALTIMA,39.19786606,-77.26314747,2024,11,8
240056359,Property Damage Crash,11/24/2024 08:15:00 AM,RIDGE RD,NA,Front to Rear,Clear,Dry,Daylight,Traffic Control Signal,NONE DETECTED,No,No Apparent Injury,NA,Not Distracted,MD,Sport Utility Vehicle,Stopped in Traffic,45,No,2008,MERCEDES-BENZ,GL-CLASS,39.19786606,-77.26314747,2024,11,8
240056341,Property Damage Crash,11/24/2024 03:40:00 AM,NA,NA,Front to Front,Clear,NA,Medium,NA,ALCOHOL PRESENT,No,No Apparent Injury,NA,Not Distracted,MD,Passenger Car,Moving Constant Speed,0,No,2023,LEXUS,ES,39.16079783,-77.21972067,2024,11,3
240056342,Property Damage Crash,11/24/2024 03:33:00 AM,NO NAME,NA,Single Vehicle,Cloudy,Dry,Medium,No Controls,NONE DETECTED,Yes,No Apparent Injury,Too Fast For Conditions,Unknown,MD,Passenger Car,Moving Constant Speed,55,No,2014,BMW,335,39.0340225,-77.1426715,2024,11,3
240056343,Property Damage Crash,11/24/2024 03:22:00 AM,LANGLEY DR (EB/L),NA,Single Vehicle,Clear,Dry,Medium,No Controls,ALCOHOL PRESENT,Yes,No Apparent Injury,NA,Not Distracted,MD,Passenger Car,Accelerating,30,No,2023,TOYOTA,RAV4,39.00156518,-76.99554936,2024,11,3
240056337,Property Damage Crash,11/24/2024 03:01:00 AM,SILVER SPRING AVE,NA,Angle,Clear,Dry,Medium,Flashing Traffic Control Signal,NONE DETECTED,No,NA,NA,NA,NA,Sport Utility Vehicle,NA,30,No,2023,GMC,YUKON XL,38.9916806,-77.02403746,2024,11,3
240056337,Property Damage Crash,11/24/2024 03:01:00 AM,SILVER SPRING AVE,NA,Angle,Clear,Dry,Medium,Flashing Traffic Control Signal,NONE DETECTED,No,No Apparent Injury,NA,Not Distracted,MD,Other,Moving Constant Speed,30,No,2022,FORD,F-450,38.9916806,-77.02403746,2024,11,3
240056336,Property Damage Crash,11/24/2024 02:53:00 AM,STRAVINSKY DR,NA,Front to Rear,Clear,Dry,Medium,No Controls,NONE DETECTED,Yes,No Apparent Injury,NA,Unknown,MD,Passenger Car,Moving Constant Speed,35,No,2013,HONDA,CIVIC,39.07382273,-76.95106479,2024,11,2
240056318,Property Damage Crash,11/23/2024 11:49:00 PM,BRIGGS CHANEY RD,NA,Rear To Side,Clear,Dry,Medium,No Controls,NONE DETECTED,No,No Apparent Injury,NA,Not Distracted,MD,Sport Utility Vehicle,Moving Constant Speed,35,No,2015,LEXUS,NX,39.0847119,-76.95184982,2024,11,23
240056318,Property Damage Crash,11/23/2024 11:49:00 PM,BRIGGS CHANEY RD,NA,Rear To Side,Clear,Dry,Medium,No Controls,NONE DETECTED,Yes,No Apparent Injury,NA,Not Distracted,MD,Passenger Car,Making U-Turn,35,No,2015,HONDA,ACCORD,39.0847119,-76.95184982,2024,11,23
240056299,Injury Crash,11/23/2024 07:50:00 PM,CRYSTAL ROCK DR,NA,Angle,Clear,Dry,Medium,Traffic Control Signal,NONE DETECTED,No,Possible Minor Injury,NA,Not Distracted,MD,Passenger Car,Moving Constant Speed,35,No,2013,TOYOTA,COROLLA,39.1810365,-77.26242033,2024,11,19
240056299,Injury Crash,11/23/2024 07:50:00 PM,CRYSTAL ROCK DR,NA,Angle,Clear,Dry,Medium,Traffic Control Signal,NONE DETECTED,Yes,Possible Minor Injury,Failed to Yield Right-of-Way,Not Distracted,MD,Passenger Car,Turning Left,35,No,2011,HONDA,CR-V,39.1810365,-77.26242033,2024,11,19
240056297,Property Damage Crash,11/23/2024 07:11:00 PM,CORDELL AVE,NA,Other,Clear,Dry,Medium,Stop Sign,NONE DETECTED,No,No Apparent Injury,NA,Not Distracted,MD,Passenger Car,Entering Traffic Lane,25,No,2020,HONDA,CIVIC,38.98805233,-77.09955333,2024,11,19
240056302,Property Damage Crash,11/23/2024 07:11:00 PM,NA,NA,"Sideswipe, Opposite Direction",Clear,NA,Medium,NA,NONE DETECTED,No,No Apparent Injury,NA,Not Distracted,MD,Passenger Car,Moving Constant Speed,0,No,2016,CHEVROLET,CAMARO,39.16252499,-77.22696511,2024,11,19
240056295,Injury Crash,11/23/2024 07:11:00 PM,STONEBRIDGE VIEW DR,NA,Front to Rear,Clear,Dry,Medium,No Controls,NONE DETECTED,No,Possible Minor Injury,NA,Unknown,MD,Passenger Car,Moving Constant Speed,25,No,2021,MERCEDES-BENZ,A-CLASS,39.09204,-77.21679667,2024,11,19
240056302,Property Damage Crash,11/23/2024 07:11:00 PM,NA,NA,"Sideswipe, Opposite Direction",Clear,NA,Medium,NA,NONE DETECTED,No,No Apparent Injury,NA,NA,NA,Passenger Car,Moving Constant Speed,0,No,2022,RAM,1500,39.16252499,-77.22696511,2024,11,19
240056297,Property Damage Crash,11/23/2024 07:11:00 PM,CORDELL AVE,NA,Other,Clear,Dry,Medium,No Controls,NONE DETECTED,No,No Apparent Injury,NA,Not Distracted,MD,Passenger Car,Moving Constant Speed,25,No,2018,HONDA,ACCORD,38.98805233,-77.09955333,2024,11,19
240056293,Injury Crash,11/23/2024 06:58:00 PM,NEW HAMPSHIRE AVE (SB/L),NA,Rear To Side,Clear,Dry,Medium,Stop Sign,NONE DETECTED,Yes,No Apparent Injury,NA,Unknown,MD,Other Trucks,Turning Left,40,No,2018,FORD,COMMERCIAL CHASSIS,39.02559599,-76.98062797,2024,11,18
240056293,Injury Crash,11/23/2024 06:58:00 PM,NEW HAMPSHIRE AVE (SB/L),NA,Rear To Side,Clear,Dry,Medium,No Controls,NONE DETECTED,No,Possible Minor Injury,NA,Unknown,MD,Passenger Car,Moving Constant Speed,40,No,2016,TOYOTA,CAMRY,39.02559599,-76.98062797,2024,11,18
240056288,Property Damage Crash,11/23/2024 05:30:00 PM,NA,NA,Angle,Clear,Dry,Medium,Traffic Control Signal,NONE DETECTED,Yes,No Apparent Injury,"Failed to Keep in Proper Lane, Failed to Yield Right-of-Way",Not Distracted,VA,Bus - Transit,Turning Right,40,No,2019,GILLIG,LOW FLOOR BUS,39.09036542,-77.04487781,2024,11,17
240056288,Property Damage Crash,11/23/2024 05:30:00 PM,NA,NA,Angle,Clear,Dry,Medium,Traffic Control Signal,NONE DETECTED,No,No Apparent Injury,NA,Not Distracted,NC,Passenger Car,Turning Left,40,No,2018,HONDA,CIVIC,39.09036542,-77.04487781,2024,11,17
240056286,Injury Crash,11/23/2024 05:26:00 PM,NA,NA,Angle,Cloudy,Dry,Medium,Traffic Control Signal,NONE DETECTED,No,No Apparent Injury,Failed to Yield Right-of-Way,Unknown,MD,Passenger Car,Turning Left,35,No,2018,AUDI,A4,39.05633188,-77.17941374,2024,11,17
240056286,Injury Crash,11/23/2024 05:26:00 PM,NA,NA,Angle,Cloudy,Dry,Medium,Traffic Control Signal,NONE DETECTED,No,Possible Minor Injury,NA,Not Distracted,MD,Passenger Car,Moving Constant Speed,35,No,2015,HONDA,FIT,39.05633188,-77.17941374,2024,11,17
240056283,Injury Crash,11/23/2024 05:15:00 PM,DARNESTOWN RD,NA,Front to Rear,Clear,Dry,Medium,No Controls,NONE DETECTED,No,No Apparent Injury,NA,Not Distracted,VA,Passenger Car,Moving Constant Speed,30,No,2013,TOYOTA,CAMRY,39.10455216,-77.29388633,2024,11,17
240056296,Property Damage Crash,11/23/2024 05:15:00 PM,E RANDOLPH RD,NA,Other,Clear,Dry,Dark,No Controls,NONE DETECTED,Yes,No Apparent Injury,NA,Unknown,MD,Passenger Car,Moving Constant Speed,35,No,2008,MERCEDES-BENZ,C-CLASS,39.0754515,-76.99799883,2024,11,17
240056283,Injury Crash,11/23/2024 05:15:00 PM,DARNESTOWN RD,NA,Front to Rear,Clear,Dry,Medium,No Controls,NONE DETECTED,No,No Apparent Injury,NA,Unknown,MD,Sport Utility Vehicle,Moving Constant Speed,30,No,2020,KIA,SEDONA,39.10455216,-77.29388633,2024,11,17
240056296,Property Damage Crash,11/23/2024 05:15:00 PM,E RANDOLPH RD,NA,Other,Clear,Dry,Dark,No Controls,NONE DETECTED,No,No Apparent Injury,NA,Not Distracted,MD,Passenger Car,Moving Constant Speed,35,No,2020,FORD,TRANSIT CONNECT,39.0754515,-76.99799883,2024,11,17
240056270,Injury Crash,11/23/2024 03:45:00 PM,THOMPSON AVE,Cyclist (non-electric),Single Vehicle,Clear,Dry,Daylight,Stop Sign,NONE DETECTED,No,No Apparent Injury,NA,Unknown,MD,Passenger Car,Turning Right,25,No,2023,HONDA,HR-V,39.06010941,-77.12020638,2024,11,15
240056262,Property Damage Crash,11/23/2024 03:05:00 PM,GEORGIA AVE (SB/L),NA,"Sideswipe, Same Direction",Clear,Dry,Daylight,No Controls,NONE DETECTED,No,No Apparent Injury,NA,NA,NA,Passenger Car,Moving Constant Speed,35,No,2022,TOYOTA,COROLLA,39.03665971,-77.05028172,2024,11,15