Local Case Number,ACRS Report Type,Crash Date/Time,Road Name,Related Non-Motorist,Collision Type,Weather,Surface Condition,Light,Traffic Control,Driver Substance Abuse,Driver At Fault,Injury Severity,Circumstance,Driver Distracted By,Drivers License State,Vehicle Body Type,Vehicle Movement,Speed Limit,Driverless Vehicle,Vehicle Year,Vehicle Make,Vehicle Model,Latitude,Longitude,Year,Month,Hour
240056262,Property Damage Crash,11/23/2024 03:05:00 PM,GEORGIA AVE (SB/L),NA,"Sideswipe, Same Direction",Clear,Dry,Daylight,No Controls,NONE DETECTED,No,No Apparent Injury,NA,Not Distracted,MD,Passenger Car,Moving Constant Speed,35,No,2013,LEXUS,RX,39.03665971,-77.05028172,2024,11,15
240056256,Property Damage Crash,11/23/2024 02:52:00 PM,BONIFANT RD,NA,Front to Rear,Clear,Dry,Daylight,Traffic Control Signal,NONE DETECTED,No,No Apparent Injury,NA,Not Distracted,MD,Passenger Car,Stopped in Traffic,45,No,2021,SUBARU,LEGACY,39.09584992,-77.00200343,2024,11,14
240056256,Property Damage Crash,11/23/2024 02:52:00 PM,BONIFANT RD,NA,Front to Rear,Clear,Dry,Daylight,Traffic Control Signal,NONE DETECTED,Yes,No Apparent Injury,Followed Too Closely,Unknown,MD,Passenger Car,Moving Constant Speed,45,No,2005,TOYOTA,COROLLA,39.09584992,-77.00200343,2024,11,14
240056255,Injury Crash,11/23/2024 02:25:00 PM,ROCKVILLE PIKE (SB/L),NA,Angle,Cloudy,Dry,Daylight,No Controls,NONE DETECTED,No,Possible Minor Injury,NA,Not Distracted,MD,Motorcycle - 2 Wheeled,Moving Constant Speed,35,No,2005,YAMAHA,FZ6,39.05832333,-77.12118833,2024,11,14
240056255,Injury Crash,11/23/2024 02:25:00 PM,ROCKVILLE PIKE (SB/L),NA,Angle,Cloudy,Dry,Daylight,No Controls,NONE DETECTED,No,No Apparent Injury,NA,Unknown,MD,Passenger Car,Entering Traffic Lane,35,No,2010,TOYOTA,CAMRY,39.05832333,-77.12118833,2024,11,14
240056254,Property Damage Crash,11/23/2024 02:12:00 PM,NA,NA,Rear To Rear,Clear,NA,Daylight,NA,NONE DETECTED,No,No Apparent Injury,NA,Unknown,MD,Passenger Car,Backing,0,No,2007,TOYOTA,CAMRY,39.10803466,-77.07210688,2024,11,14
240056254,Property Damage Crash,11/23/2024 02:12:00 PM,NA,NA,Rear To Rear,Clear,NA,Daylight,NA,NONE DETECTED,No,No Apparent Injury,NA,Not Distracted,MD,Other Trucks,Parked,0,No,2021,PIERCE MANUFACTURING,AERIAL,39.10803466,-77.07210688,2024,11,14
240056257,Property Damage Crash,11/23/2024 01:40:00 PM,ARLISS ST,NA,Front to Rear,Clear,Dry,Daylight,No Controls,NONE DETECTED,Yes,No Apparent Injury,NA,Unknown,MD,Passenger Car,Slowing or Stopping,10,No,2004,HONDA,ELEMENT,39.00094593,-77.00431021,2024,11,13
240056257,Property Damage Crash,11/23/2024 01:40:00 PM,ARLISS ST,NA,Front to Rear,Clear,Dry,Daylight,No Controls,NONE DETECTED,No,No Apparent Injury,NA,Not Distracted,VA,Passenger Car,Slowing or Stopping,10,No,2020,FORD,F-150,39.00094593,-77.00431021,2024,11,13
240056248,Injury Crash,11/23/2024 01:29:00 PM,FIRST ST (WB/L),NA,Front to Rear,Clear,Dry,Daylight,No Controls,NONE DETECTED,Yes,No Apparent Injury,NA,"Other Action (looking away from task, etc.)",MD,Passenger Car,Slowing or Stopping,35,No,2007,NISSAN,350Z,39.0822032,-77.13723487,2024,11,13
240056248,Injury Crash,11/23/2024 01:29:00 PM,FIRST ST (WB/L),NA,Front to Rear,Clear,Dry,Daylight,No Controls,NONE DETECTED,No,Possible Minor Injury,NA,Not Distracted,VA,Passenger Car,Slowing or Stopping,35,No,2025,HONDA,HR-V,39.0822032,-77.13723487,2024,11,13
240056275,Property Damage Crash,11/23/2024 01:20:00 PM,NA,NA,"Sideswipe, Opposite Direction",Clear,NA,Daylight,NA,NONE DETECTED,Yes,No Apparent Injury,NA,Not Distracted,MD,Passenger Car,Slowing or Stopping,0,No,2017,TOYOTA,RAV4,39.17942682,-77.23722578,2024,11,13
240056275,Property Damage Crash,11/23/2024 01:20:00 PM,NA,NA,"Sideswipe, Opposite Direction",Clear,NA,Daylight,NA,NONE DETECTED,No,No Apparent Injury,NA,Not Distracted,MD,Passenger Car,Parked,0,No,2024,NISSAN,SENTRA,39.17942682,-77.23722578,2024,11,13
240056240,Property Damage Crash,11/23/2024 12:47:00 PM,GEORGIA AVE (SB/L),NA,"Sideswipe, Same Direction",Clear,Dry,Daylight,Traffic Control Signal,NONE DETECTED,No,No Apparent Injury,NA,Not Distracted,MD,Sport Utility Vehicle,Moving Constant Speed,35,No,2017,JEEP,GRAND CHEROKEE,39.15282741,-77.066889,2024,11,12
240056240,Property Damage Crash,11/23/2024 12:47:00 PM,GEORGIA AVE (SB/L),NA,"Sideswipe, Same Direction",Clear,Dry,Daylight,Traffic Control Signal,NONE DETECTED,No,No Apparent Injury,NA,Not Distracted,MD,Sport Utility Vehicle,Turning Right,35,No,2017,HONDA,HR-V,39.15282741,-77.066889,2024,11,12
240056239,Property Damage Crash,11/23/2024 12:30:00 PM,TOWER OAKS BLVD,NA,Front to Rear,Clear,Dry,Daylight,Lane Use Control Signal,NONE DETECTED,No,NA,NA,NA,NA,NA,Changing Lanes,40,No,0,NA,NA,39.05116909,-77.13846465,2024,11,12
240056239,Property Damage Crash,11/23/2024 12:30:00 PM,TOWER OAKS BLVD,NA,Front to Rear,Clear,Dry,Daylight,Lane Use Control Signal,NONE DETECTED,No,No Apparent Injury,NA,Not Distracted,MD,Passenger Car,Slowing or Stopping,40,No,1998,MERCEDES-BENZ,E-CLASS,39.05116909,-77.13846465,2024,11,12
240056209,Injury Crash,11/23/2024 09:39:00 AM,NA,NA,Angle,Clear,Dry,Daylight,No Controls,NONE DETECTED,No,Possible Minor Injury,NA,Not Distracted,MD,Passenger Car,Moving Constant Speed,40,No,2016,TOYOTA,COROLLA,39.16014833,-77.28395833,2024,11,9
240056209,Injury Crash,11/23/2024 09:39:00 AM,NA,NA,Angle,Clear,Dry,Daylight,Stop Sign,NONE DETECTED,No,Possible Minor Injury,NA,Not Distracted,MD,Sport Utility Vehicle,Turning Left,30,No,2020,TOYOTA,RAV4,39.16014833,-77.28395833,2024,11,9
240056200,Property Damage Crash,11/23/2024 08:10:00 AM,MUNCASTER MILL RD,NA,Single Vehicle,Clear,Dry,Daylight,Traffic Control Signal,NONE DETECTED,Yes,No Apparent Injury,"Swerved or Avoided Due to Wind, Slippery Surface, Motor Vehicle, Object, Non-Motorist in Roadway, etc",Not Distracted,MD,Passenger Car,Moving Constant Speed,40,No,2014,MERCEDES-BENZ,E-CLASS,39.11624669,-77.09905598,2024,11,8
240056193,Property Damage Crash,11/23/2024 06:40:00 AM,NA,NA,Other,Clear,NA,Medium,NA,NONE DETECTED,No,NA,NA,NA,NA,Van - Cargo,Backing,0,No,2003,CHEVROLET,EXPRESS,39.04443797,-77.04689239,2024,11,6
240056189,Property Damage Crash,11/23/2024 05:31:00 AM,NA,NA,Single Vehicle,Clear,Wet,Medium,No Controls,NONE DETECTED,No,No Apparent Injury,Too Fast For Conditions,Unknown,MD,Pickup,Moving Constant Speed,40,No,1997,FORD,F-250,39.17309694,-77.27544527,2024,11,5
240056186,Property Damage Crash,11/23/2024 03:11:00 AM,GERMANTOWN RD,NA,Single Vehicle,Clear,Dry,Medium,Traffic Control Signal,NONE DETECTED,Yes,No Apparent Injury,"Disregard Officer Directions, Disregarded Other Road Markings, Disregarded Other Traffic Sign, Failed to Keep in Proper Lane, Operated Motor Vehicle in Inattentive, Careless, Negligent, or Erratic Manner, Operated Motor Vehicle in Reckless or Aggressive Manner, Other Improper Action, Ran Off Roadway, Too Fast For Conditions",Unknown,VA,Sport Utility Vehicle,Accelerating,35,No,2018,ALFA ROMEO,STELVIO,39.16694857,-77.28035571,2024,11,3
240056232,Property Damage Crash,11/23/2024 12:30:00 AM,KEMPTOWN RD,NA,Single Vehicle,Clear,Dry,Medium,No Controls,NONE DETECTED,No,No Apparent Injury,NA,Not Distracted,MD,Passenger Car,Moving Constant Speed,40,No,2019,DODGE,CHARGER,39.32335978,-77.20456954,2024,11,0
240056163,Injury Crash,11/22/2024 09:15:00 PM,CONGRESSIONAL LA,NA,Angle,Rain,Wet,Medium,Traffic Control Signal,NONE DETECTED,No,No Apparent Injury,Improper Turn,Not Distracted,MD,Sport Utility Vehicle,Turning Left,40,No,2023,HONDA,CR-V,39.06430994,-77.12600266,2024,11,21
240056163,Injury Crash,11/22/2024 09:15:00 PM,CONGRESSIONAL LA,NA,Angle,Rain,Wet,Medium,Traffic Control Signal,NONE DETECTED,No,No Apparent Injury,Other Improper Action,Not Distracted,MD,Passenger Car,Moving Constant Speed,40,No,2019,LEXUS,LS,39.06430994,-77.12600266,2024,11,21
240056160,Injury Crash,11/22/2024 08:22:00 PM,GREAT SENECA HWY,NA,"Sideswipe, Same Direction",Rain,Wet,Medium,Traffic Control Signal,NONE DETECTED,No,Possible Minor Injury,NA,Not Distracted,MD,Passenger Car,Moving Constant Speed,45,No,2017,HYUNDAI,ELANTRA,39.09876961,-77.20424545,2024,11,20
240056160,Injury Crash,11/22/2024 08:22:00 PM,GREAT SENECA HWY,NA,"Sideswipe, Same Direction",Rain,Wet,Medium,Traffic Control Signal,NONE DETECTED,Yes,No Apparent Injury,Other Improper Action,Unknown,MD,Passenger Car,Changing Lanes,45,No,2017,NISSAN,ROGUE,39.09876961,-77.20424545,2024,11,20
240056150,Property Damage Crash,11/22/2024 07:35:00 PM,FREDERICK RD,NA,Single Vehicle,Rain,Wet,Medium,No Controls,NONE DETECTED,Yes,No Apparent Injury,Improper Turn,Unknown,MD,Passenger Car,Turning Left,40,No,2013,MAZDA,MAZDA3,39.19517808,-77.24403307,2024,11,19
240056155,Injury Crash,11/22/2024 07:35:00 PM,UNIVERSITY BLVD E,NA,Front to Rear,Rain,Wet,Medium,Traffic Control Signal,NONE DETECTED,No,No Apparent Injury,Followed Too Closely,Unknown,NA,Pickup,Moving Constant Speed,35,No,1997,FORD,F-350,38.99988183,-76.99569717,2024,11,19
240056155,Injury Crash,11/22/2024 07:35:00 PM,UNIVERSITY BLVD E,NA,Front to Rear,Rain,Wet,Medium,Traffic Control Signal,NONE DETECTED,No,No Apparent Injury,NA,Not Distracted,VA,Passenger Car,Stopped in Traffic,35,No,2024,NISSAN,ALTIMA,38.99988183,-76.99569717,2024,11,19
240056146,Property Damage Crash,11/22/2024 07:12:00 PM,NA,NA,"Sideswipe, Same Direction",Rain,Wet,Medium,No Controls,NONE DETECTED,No,No Apparent Injury,NA,Not Distracted,MD,Sport Utility Vehicle,Moving Constant Speed,35,No,2024,HONDA,CR-V,39.155585,-77.16687833,2024,11,19
240056146,Property Damage Crash,11/22/2024 07:12:00 PM,NA,NA,"Sideswipe, Same Direction",Rain,Wet,Medium,No Controls,NONE DETECTED,Yes,No Apparent Injury,"Over-Correcting/Over-Steering, Too Fast For Conditions",Unknown,MD,Pickup,Moving Constant Speed,35,No,2012,CHEVROLET,SILVERADO,39.155585,-77.16687833,2024,11,19
240056144,Property Damage Crash,11/22/2024 07:00:00 PM,NA,NA,Rear To Side,Rain,Wet,Medium,No Controls,NONE DETECTED,No,No Apparent Injury,NA,Not Distracted,MD,Passenger Car,Moving Constant Speed,35,No,2017,HONDA,CIVIC,39.15558059,-77.16691493,2024,11,19
240056144,Property Damage Crash,11/22/2024 07:00:00 PM,NA,NA,Rear To Side,Rain,Wet,Medium,Stop Sign,NONE DETECTED,Yes,No Apparent Injury,Failed to Yield Right-of-Way,Unknown,MD,Passenger Car,Turning Right,10,No,2009,HONDA,ACCORD,39.15558059,-77.16691493,2024,11,19
240056133,Property Damage Crash,11/22/2024 06:15:00 PM,GEORGIA AVE,NA,"Sideswipe, Same Direction",Rain,Wet,Medium,No Controls,NONE DETECTED,Yes,No Apparent Injury,"Other Improper Action, Over-Correcting/Over-Steering",Not Distracted,MD,Passenger Car,Moving Constant Speed,35,No,2024,FORD,ESCAPE,39.06357717,-77.05532167,2024,11,18
240056133,Property Damage Crash,11/22/2024 06:15:00 PM,GEORGIA AVE,NA,"Sideswipe, Same Direction",Rain,Wet,Medium,No Controls,NONE DETECTED,No,No Apparent Injury,NA,Not Distracted,MD,Passenger Car,Moving Constant Speed,35,No,2013,BMW,X3,39.06357717,-77.05532167,2024,11,18
240056131,Property Damage Crash,11/22/2024 06:01:00 PM,EDNOR RD,NA,Single Vehicle,Rain,Wet,Medium,No Controls,NONE DETECTED,Yes,No Apparent Injury,Too Fast For Conditions,Not Distracted,MD,Passenger Car,Moving Constant Speed,35,No,2011,NISSAN,CUBE,39.13460974,-77.00229409,2024,11,18
240056135,Injury Crash,11/22/2024 06:00:00 PM,TRAVILAH RD,NA,Angle,Rain,Wet,Dark,No Controls,NONE DETECTED,No,Possible Minor Injury,NA,Not Distracted,MD,Sport Utility Vehicle,Moving Constant Speed,30,No,2007,TOYOTA,HIGHLANDER,39.08100538,-77.24718356,2024,11,18
240056135,Injury Crash,11/22/2024 06:00:00 PM,TRAVILAH RD,NA,Angle,Rain,Wet,Dark,Stop Sign,NONE DETECTED,Yes,No Apparent Injury,Failed to Yield Right-of-Way,Not Distracted,MD,Passenger Car,Turning Right,30,No,2023,HONDA,ACCORD,39.08100538,-77.24718356,2024,11,18
240056129,Property Damage Crash,11/22/2024 05:50:00 PM,ROTHBURY DR,NA,Angle,Rain,Wet,Medium,Stop Sign,NONE DETECTED,Yes,No Apparent Injury,Failed to Yield Right-of-Way,Unknown,NA,Passenger Car,Accelerating,25,No,2011,CHEVROLET,TAHOE,39.18516037,-77.19391202,2024,11,17
240056129,Property Damage Crash,11/22/2024 05:50:00 PM,ROTHBURY DR,NA,Angle,Rain,Wet,Medium,Stop Sign,NONE DETECTED,No,No Apparent Injury,NA,Not Distracted,MD,Passenger Car,Accelerating,25,No,2021,CHEVROLET,TRAILBLAZER,39.18516037,-77.19391202,2024,11,17
240056123,Property Damage Crash,11/22/2024 05:45:00 PM,ODENDHAL AVE (EB/L),NA,Front to Rear,Rain,Wet,Medium,Traffic Control Signal,NONE DETECTED,No,No Apparent Injury,NA,Not Distracted,MD,Sport Utility Vehicle,Stopped in Traffic,30,No,2024,KIA,SPORTAGE,39.15076841,-77.20371871,2024,11,17
240056123,Property Damage Crash,11/22/2024 05:45:00 PM,ODENDHAL AVE (EB/L),NA,Front to Rear,Rain,Wet,Medium,Traffic Control Signal,NONE DETECTED,No,NA,NA,NA,NA,Passenger Car,Moving Constant Speed,30,No,2012,HONDA,CIVIC,39.15076841,-77.20371871,2024,11,17
240056127,Property Damage Crash,11/22/2024 05:40:00 PM,SNOWDEN FARM PKW (WB/L)Y,NA,Rear To Side,Rain,Wet,Medium,Stop Sign,NONE DETECTED,Yes,No Apparent Injury,Failed to Yield Right-of-Way,Unknown,MD,Passenger Car,Accelerating,30,No,2024,TESLA,MODEL Y,39.22330736,-77.24423075,2024,11,17
240056127,Property Damage Crash,11/22/2024 05:40:00 PM,SNOWDEN FARM PKW (WB/L)Y,NA,Rear To Side,Rain,Wet,Medium,No Controls,NONE DETECTED,No,No Apparent Injury,NA,Not Distracted,MD,Passenger Car,Moving Constant Speed,40,No,2017,FORD,ESCAPE,39.22330736,-77.24423075,2024,11,17
240056125,Property Damage Crash,11/22/2024 05:10:00 PM,COLUMBIA PIKE,NA,Front to Rear,Rain,Wet,Dark,Traffic Control Signal,NONE DETECTED,No,No Apparent Injury,NA,Not Distracted,PA,Sport Utility Vehicle,Stopped in Traffic,55,No,2016,TOYOTA,4-RUNNER,39.105674,-76.93249717,2024,11,17
240056125,Property Damage Crash,11/22/2024 05:10:00 PM,COLUMBIA PIKE,NA,Front to Rear,Rain,Wet,Dark,Traffic Control Signal,NONE DETECTED,Yes,No Apparent Injury,NA,Unknown,MD,Passenger Car,Moving Constant Speed,55,No,2006,LEXUS,ES,39.105674,-76.93249717,2024,11,17
240056125,Property Damage Crash,11/22/2024 05:10:00 PM,COLUMBIA PIKE,NA,Front to Rear,Rain,Wet,Dark,Traffic Control Signal,NONE DETECTED,No,No Apparent Injury,NA,Not Distracted,MD,Passenger Car,Stopped in Traffic,55,No,2007,TOYOTA,PRIUS,39.105674,-76.93249717,2024,11,17
240056141,Injury Crash,11/22/2024 05:00:00 PM,FREDERICK RD (SB/L),Pedestrian,Unknown,Rain,Wet,Medium,Traffic Control Signal,NONE DETECTED,No,NA,NA,NA,NA,Passenger Car,Turning Right,30,No,0,NA,NA,39.11539234,-77.1663189,2024,11,17
240056120,Property Damage Crash,11/22/2024 04:45:00 PM,GEORGIA AVE (SB/L),NA,Front to Rear,Rain,Wet,Dark,No Controls,NONE DETECTED,Yes,No Apparent Injury,Too Fast For Conditions,Not Distracted,MD,Passenger Car,Slowing or Stopping,40,No,2012,HONDA,ACCORD,39.1268245,-77.07225333,2024,11,16
240056120,Property Damage Crash,11/22/2024 04:45:00 PM,GEORGIA AVE (SB/L),NA,Front to Rear,Rain,Wet,Dark,Traffic Control Signal,NONE DETECTED,No,No Apparent Injury,NA,Not Distracted,MD,Passenger Car,Slowing or Stopping,40,No,2017,TOYOTA,SIENNA,39.1268245,-77.07225333,2024,11,16
240056120,Property Damage Crash,11/22/2024 04:45:00 PM,GEORGIA AVE (SB/L),NA,Front to Rear,Rain,Wet,Dark,No Controls,NONE DETECTED,No,No Apparent Injury,NA,Not Distracted,MD,Passenger Car,Slowing or Stopping,40,No,2024,JEEP,GRAND CHEROKEE,39.1268245,-77.07225333,2024,11,16
240056109,Property Damage Crash,11/22/2024 04:19:00 PM,ARCOLA AVE,NA,Front to Rear,Rain,Wet,Daylight,No Controls,NONE DETECTED,Yes,No Apparent Injury,NA,Not Distracted,MD,Passenger Car,Moving Constant Speed,25,No,2019,FORD,FIESTA,39.0470329,-77.03644577,2024,11,16
240056109,Property Damage Crash,11/22/2024 04:19:00 PM,ARCOLA AVE,NA,Front to Rear,Rain,Wet,Daylight,No Controls,NONE DETECTED,No,No Apparent Injury,NA,Not Distracted,MD,Passenger Car,Stopped in Traffic,25,No,2019,VOLKSWAGEN,TIGUAN,39.0470329,-77.03644577,2024,11,16
240056156,Injury Crash,11/22/2024 04:03:00 PM,NA,NA,Single Vehicle,Rain,Wet,Daylight,No Controls,NONE DETECTED,Yes,Possible Minor Injury,"Failed to Keep in Proper Lane, Operated Motor Vehicle in Inattentive, Careless, Negligent, or Erratic Manner, Ran Off Roadway, Too Fast For Conditions",Unknown,NA,Passenger Car,Moving Constant Speed,35,No,1994,INFINITI,Q45,38.954742,-77.12840617,2024,11,16
240057366,Property Damage Crash,11/22/2024 03:20:00 PM,ARCOLA AVE,NA,Front to Rear,Rain,Wet,Daylight,Pedestrian Crossing Sign,NONE DETECTED,No,No Apparent Injury,NA,Not Distracted,MD,Passenger Car,Stopped in Traffic,25,No,2012,HONDA,PILOT,39.04702054,-77.03652063,2024,11,15
240056091,Property Damage Crash,11/22/2024 03:20:00 PM,ARCOLA AVE,NA,Front to Rear,Rain,Wet,Daylight,Pedestrian Crossing,NONE DETECTED,Yes,No Apparent Injury,"Followed Too Closely, Too Fast For Conditions",Not Distracted,MD,Passenger Car,Slowing or Stopping,25,No,2002,TOYOTA,TACOMA,39.04712209,-77.03658299,2024,11,15
240056091,Property Damage Crash,11/22/2024 03:20:00 PM,ARCOLA AVE,NA,Front to Rear,Rain,Wet,Daylight,Pedestrian Crossing,NONE DETECTED,No,No Apparent Injury,"Followed Too Closely, Too Fast For Conditions",Not Distracted,NA,Passenger Car,Slowing or Stopping,25,No,2005,HONDA,CIVIC,39.04712209,-77.03658299,2024,11,15
240056091,Property Damage Crash,11/22/2024 03:20:00 PM,ARCOLA AVE,NA,Front to Rear,Rain,Wet,Daylight,Pedestrian Crossing,NONE DETECTED,No,No Apparent Injury,NA,Not Distracted,MD,Passenger Car,Stopped in Traffic,25,No,2012,HONDA,PILOT,39.04712209,-77.03658299,2024,11,15
240057366,Property Damage Crash,11/22/2024 03:20:00 PM,ARCOLA AVE,NA,Front to Rear,Rain,Wet,Daylight,Pedestrian Crossing Sign,NONE DETECTED,Yes,No Apparent Injury,Followed Too Closely,Not Distracted,NA,Passenger Car,Slowing or Stopping,25,No,2005,HONDA,CIVIC,39.04702054,-77.03652063,2024,11,15
240056075,Property Damage Crash,11/22/2024 01:50:00 PM,RAMP 5 FR IS 270 SB TO IS 370 EB,NA,Single Vehicle,Rain,Wet,Daylight,No Controls,NONE DETECTED,Yes,No Apparent Injury,Too Fast For Conditions,Unknown,MD,Sport Utility Vehicle,Moving Constant Speed,45,No,2017,TOYOTA,RAV4,39.11983833,-77.19452333,2024,11,13
240056073,Property Damage Crash,11/22/2024 01:36:00 PM,SHADY GROVE RD,NA,Angle,Rain,Wet,Daylight,Traffic Control Signal,NONE DETECTED,No,No Apparent Injury,NA,Not Distracted,MD,Passenger Car,Turning Left,25,No,2020,FORD,ESCAPE,39.11185652,-77.18714242,2024,11,13
240056073,Property Damage Crash,11/22/2024 01:36:00 PM,SHADY GROVE RD,NA,Angle,Rain,Wet,Daylight,Traffic Control Signal,NONE DETECTED,No,No Apparent Injury,NA,Not Distracted,FL,Passenger Car,Moving Constant Speed,40,No,2004,TOYOTA,PRIUS,39.11185652,-77.18714242,2024,11,13
240056070,Property Damage Crash,11/22/2024 12:59:00 PM,LOST KNIFE RD (NB/L),NA,Angle,Rain,Wet,Daylight,Traffic Control Signal,NONE DETECTED,No,No Apparent Injury,NA,Not Distracted,MD,Passenger Car,Slowing or Stopping,25,No,2000,TOYOTA,CAMRY SOLARA,39.15493304,-77.20100515,2024,11,12
240056070,Property Damage Crash,11/22/2024 12:59:00 PM,LOST KNIFE RD (NB/L),NA,Angle,Rain,Wet,Daylight,Traffic Control Signal,NONE DETECTED,Yes,No Apparent Injury,Failed to Yield Right-of-Way,Not Distracted,MD,Pickup,Turning Left,25,No,2015,RAM,3500,39.15493304,-77.20100515,2024,11,12
240056053,Injury Crash,11/22/2024 11:22:00 AM,RICHTER FARM RD,NA,Single Vehicle,Rain,Wet,Daylight,Traffic Control Signal,NONE DETECTED,Yes,Possible Minor Injury,"Over-Correcting/Over-Steering, Too Fast For Conditions",Unknown,NA,Sport Utility Vehicle,Turning Right,45,No,2016,MERCEDES-BENZ,GLC-CLASS,39.14862553,-77.27670815,2024,11,11
240056048,Property Damage Crash,11/22/2024 10:55:00 AM,ELKIN ST,NA,Front to Rear,Snow,Wet,Daylight,No Controls,NONE DETECTED,No,No Apparent Injury,NA,Not Distracted,MD,Passenger Car,Moving Constant Speed,35,No,2013,MINI,COUNTRYMAN,39.04155262,-77.05032022,2024,11,10
240056048,Property Damage Crash,11/22/2024 10:55:00 AM,ELKIN ST,NA,Front to Rear,Snow,Wet,Daylight,No Controls,NONE DETECTED,Yes,No Apparent Injury,NA,Not Distracted,MD,Pickup,Making U-Turn,35,No,2008,TOYOTA,TUNDRA,39.04155262,-77.05032022,2024,11,10
240056048,Property Damage Crash,11/22/2024 10:55:00 AM,ELKIN ST,NA,Front to Rear,Snow,Wet,Daylight,Stop Sign,NONE DETECTED,No,No Apparent Injury,NA,Not Distracted,MD,Passenger Car,Turning Right,25,No,2009,HONDA,CIVIC,39.04155262,-77.05032022,2024,11,10
240056038,Property Damage Crash,11/22/2024 09:53:00 AM,EISENHOWER MEMORIAL HWY (SB/L),NA,Front to Rear,Snow,Wet,Daylight,No Controls,NONE DETECTED,No,No Apparent Injury,NA,Not Distracted,MD,Passenger Car,Slowing or Stopping,55,No,2011,HONDA,ACCORD,39.26063399,-77.30910636,2024,11,9
240056038,Property Damage Crash,11/22/2024 09:53:00 AM,EISENHOWER MEMORIAL HWY (SB/L),NA,Front to Rear,Snow,Wet,Daylight,No Controls,NONE DETECTED,Yes,No Apparent Injury,"Followed Too Closely, Other Improper Action","Other Action (looking away from task, etc.)",MD,Passenger Car,Moving Constant Speed,55,No,2003,LEXUS,GS,39.26063399,-77.30910636,2024,11,9
240056097,Property Damage Crash,11/22/2024 08:43:00 AM,NA,NA,"Sideswipe, Same Direction",Rain,NA,Daylight,NA,NONE DETECTED,Yes,No Apparent Injury,Improper Turn,Unknown,NY,Truck Tractor,Turning Left,0,No,2025,FREIGHTLINER,CASCADIA,39.10653636,-77.14480841,2024,11,8
240056020,Property Damage Crash,11/22/2024 08:06:00 AM,NA,NA,Other,Clear,Dry,Daylight,Stop Sign,NONE DETECTED,No,No Apparent Injury,NA,Not Distracted,DC,Pickup,Turning Right,25,No,2022,FORD,F-350,38.9870862,-76.99172675,2024,11,8
240056020,Property Damage Crash,11/22/2024 08:06:00 AM,NA,NA,Other,Clear,Dry,Daylight,Stop Sign,NONE DETECTED,Yes,No Apparent Injury,NA,Not Distracted,MD,Passenger Car,Moving Constant Speed,25,No,2022,NISSAN,SENTRA,38.9870862,-76.99172675,2024,11,8
240056014,Property Damage Crash,11/22/2024 07:47:00 AM,E JEFFERSON ST,NA,Front to Rear,Clear,Dry,Daylight,Traffic Control Signal,NONE DETECTED,No,No Apparent Injury,NA,Not Distracted,MD,Passenger Car,Accelerating,35,No,2018,NISSAN,PATHFINDER,39.0821065,-77.14932933,2024,11,7
240056014,Property Damage Crash,11/22/2024 07:47:00 AM,E JEFFERSON ST,NA,Front to Rear,Clear,Dry,Daylight,Traffic Control Signal,NONE DETECTED,Yes,No Apparent Injury,NA,Unknown,MD,Passenger Car,Stopped in Traffic,35,No,2012,VOLVO,C30,39.0821065,-77.14932933,2024,11,7
240056007,Property Damage Crash,11/22/2024 07:10:00 AM,W GUDE DR (WB/L),NA,Single Vehicle,Clear,Dry,Daylight,No Controls,NONE DETECTED,No,No Apparent Injury,NA,Not Distracted,MD,Passenger Car,Moving Constant Speed,35,No,2016,FORD,TAURUS,39.10417639,-77.17289523,2024,11,7