Local Case Number,ACRS Report Type,Crash Date/Time,Road Name,Related Non-Motorist,Collision Type,Weather,Surface Condition,Light,Traffic Control,Driver Substance Abuse,Driver At Fault,Injury Severity,Circumstance,Driver Distracted By,Drivers License State,Vehicle Body Type,Vehicle Movement,Speed Limit,Driverless Vehicle,Vehicle Year,Vehicle Make,Vehicle Model,Latitude,Longitude,Year,Month,Hour
240056000,Injury Crash,11/22/2024 04:10:00 AM,NA,NA,Single Vehicle,Clear,Dry,Dark,No Controls,NONE DETECTED,No,Possible Minor Injury,"Failed to Keep in Proper Lane, Over-Correcting/Over-Steering, Too Fast For Conditions",Not Distracted,CA,Passenger Car,Negotiating a Curve,40,No,2000,FORD,ZX2,39.17493667,-77.40530833,2024,11,4
240055986,Property Damage Crash,11/21/2024 10:46:00 PM,NEW HAMPSHIRE AVE (SB/L),NA,"Sideswipe, Opposite Direction",Clear,Dry,Medium,Flashing Traffic Control Signal,NONE DETECTED,No,No Apparent Injury,"Disregarded Other Road Markings, Disregarded Other Traffic Sign, Failed to Keep in Proper Lane",Unknown,NA,Passenger Car,Moving Constant Speed,35,No,2008,CHEVROLET,TAHOE,38.9889646,-76.98780165,2024,11,22
240055986,Property Damage Crash,11/21/2024 10:46:00 PM,NEW HAMPSHIRE AVE (SB/L),NA,"Sideswipe, Opposite Direction",Clear,Dry,Medium,Traffic Control Signal,NONE DETECTED,No,No Apparent Injury,NA,Not Distracted,MD,Passenger Car,Moving Constant Speed,35,No,2021,HONDA,PILOT,38.9889646,-76.98780165,2024,11,22
240055988,Property Damage Crash,11/21/2024 10:36:00 PM,RIVER RD,NA,Front to Rear,Clear,Dry,Medium,Traffic Control Signal,NONE DETECTED,No,No Apparent Injury,NA,Not Distracted,MD,Sport Utility Vehicle,Stopped in Traffic,35,No,2023,TESLA,MODEL Y,38.97312686,-77.12206114,2024,11,22
240055988,Property Damage Crash,11/21/2024 10:36:00 PM,RIVER RD,NA,Front to Rear,Clear,Dry,Medium,Traffic Control Signal,NONE DETECTED,Yes,No Apparent Injury,Followed Too Closely,Not Distracted,MD,Passenger Car,Moving Constant Speed,35,No,2013,ACURA,TL,38.97312686,-77.12206114,2024,11,22
240055989,Fatal Crash,11/21/2024 10:31:00 PM,BONDY LA,NA,Single Vehicle,Clear,Dry,Dark,No Controls,NONE DETECTED,Yes,Fatal Injury,Ran Off Roadway,Unknown,VA,Passenger Car,Moving Constant Speed,40,No,2007,TOYOTA,CAMRY,39.1116997,-77.27659042,2024,11,22
240055980,Property Damage Crash,11/21/2024 09:49:00 PM,COLESVILLE RD (WB/L),NA,Angle,Clear,Dry,Medium,Traffic Control Signal,NONE DETECTED,Yes,No Apparent Injury,NA,Unknown,MD,Passenger Car,Moving Constant Speed,30,No,2017,SUBARU,IMPREZA,38.99246449,-77.03615014,2024,11,21
240055980,Property Damage Crash,11/21/2024 09:49:00 PM,COLESVILLE RD (WB/L),NA,Angle,Clear,Dry,Medium,Traffic Control Signal,NONE DETECTED,No,No Apparent Injury,NA,Not Distracted,DC,Passenger Car,Turning Right,30,No,2025,LEXUS,UNKNOWN,38.99246449,-77.03615014,2024,11,21
240055973,Property Damage Crash,11/21/2024 09:23:00 PM,GEORGIA AVE,NA,Single Vehicle,Clear,Dry,Dark,No Controls,NONE DETECTED,No,No Apparent Injury,NA,Not Distracted,MD,Passenger Car,Moving Constant Speed,35,No,2014,DODGE,CHARGER,39.14419172,-77.06724283,2024,11,21
240055957,Injury Crash,11/21/2024 06:30:00 PM,GEORGIA AVE (SB/L),NA,Angle,Clear,Dry,Medium,Traffic Control Signal,NONE DETECTED,No,Possible Minor Injury,NA,Not Distracted,MD,Passenger Car,Moving Constant Speed,35,No,2009,GMC,SAVANA,39.03845383,-77.05094165,2024,11,18
240055957,Injury Crash,11/21/2024 06:30:00 PM,GEORGIA AVE (SB/L),NA,Angle,Clear,Dry,Medium,Traffic Control Signal,NONE DETECTED,Yes,No Apparent Injury,Failed to Yield Right-of-Way,Unknown,MD,Passenger Car,Turning Left,35,No,2014,HONDA,CR-V,39.03845383,-77.05094165,2024,11,18
240055958,Property Damage Crash,11/21/2024 06:00:00 PM,VIRGILIA ST,NA,Angle,Rain,Wet,Medium,No Controls,NONE DETECTED,No,No Apparent Injury,NA,Not Distracted,MD,Passenger Car,Turning Left,35,No,2013,TOYOTA,RAV4,38.98375223,-77.07714245,2024,11,18
240055951,Injury Crash,11/21/2024 06:00:00 PM,GEORGIA AVE,NA,Angle,Clear,Dry,Medium,Traffic Control Signal,NONE DETECTED,No,No Apparent Injury,NA,Not Distracted,MD,Passenger Car,Moving Constant Speed,45,No,2013,SUBARU,XV CROSSTREK,39.11519717,-77.07507883,2024,11,18
240055958,Property Damage Crash,11/21/2024 06:00:00 PM,VIRGILIA ST,NA,Angle,Rain,Wet,Medium,No Controls,NONE DETECTED,No,No Apparent Injury,NA,Not Distracted,DC,Passenger Car,Moving Constant Speed,35,No,2017,HONDA,FIT,38.98375223,-77.07714245,2024,11,18
240055951,Injury Crash,11/21/2024 06:00:00 PM,GEORGIA AVE,NA,Angle,Clear,Dry,Medium,Flashing Traffic Control Signal,NONE DETECTED,Yes,Possible Minor Injury,Failed to Yield Right-of-Way,Not Distracted,ME,Passenger Car,Turning Left,45,No,2015,TOYOTA,RAV4,39.11519717,-77.07507883,2024,11,18
240055953,Property Damage Crash,11/21/2024 05:56:00 PM,SCHUYLER RD,NA,Single Vehicle,Clear,Dry,Medium,No Controls,NONE DETECTED,Yes,No Apparent Injury,NA,"Other Action (looking away from task, etc.)",MD,Passenger Car,Accelerating,10,No,2007,FORD,EXPLORER,39.00100594,-77.01628457,2024,11,17
240055946,Injury Crash,11/21/2024 05:42:00 PM,LAYHILL RD,NA,Front to Rear,Clear,Dry,Medium,No Controls,NONE DETECTED,No,No Apparent Injury,NA,Unknown,MD,Passenger Car,Stopped in Traffic,40,No,2019,CHEVROLET,EQUINOX,39.10134335,-77.04075404,2024,11,17
240055946,Injury Crash,11/21/2024 05:42:00 PM,LAYHILL RD,NA,Front to Rear,Clear,Dry,Medium,No Controls,NONE DETECTED,Yes,Possible Minor Injury,Other Improper Action,"Other Action (looking away from task, etc.)",MD,Passenger Car,Moving Constant Speed,40,No,2015,TOYOTA,CAMRY,39.10134335,-77.04075404,2024,11,17
240055954,Property Damage Crash,11/21/2024 05:30:00 PM,NA,NA,Front to Rear,Clear,Dry,Medium,No Controls,NONE DETECTED,No,No Apparent Injury,NA,Not Distracted,MD,Passenger Car,Stopped in Traffic,30,No,2003,HONDA,ACCORD,39.07699635,-77.13109628,2024,11,17
240055954,Property Damage Crash,11/21/2024 05:30:00 PM,NA,NA,Front to Rear,Clear,Dry,Medium,No Controls,NONE DETECTED,No,NA,NA,NA,NA,Sport Utility Vehicle,Moving Constant Speed,30,No,2002,FORD,ESCAPE,39.07699635,-77.13109628,2024,11,17
240055840,Injury Crash,11/21/2024 05:00:00 PM,YELLOWSTONE WAY,NA,Angle,Cloudy,Dry,Medium,No Controls,NONE DETECTED,Yes,Possible Minor Injury,Failed to Yield Right-of-Way,Not Distracted,MD,Sport Utility Vehicle,Turning Left,35,No,2024,KIA,NIRO,39.11928578,-77.16117221,2024,11,17
240055840,Injury Crash,11/21/2024 05:00:00 PM,YELLOWSTONE WAY,NA,Angle,Cloudy,Dry,Medium,No Controls,NONE DETECTED,No,Possible Minor Injury,NA,Not Distracted,MD,Sport Utility Vehicle,Moving Constant Speed,35,No,2022,FORD,ESCAPE,39.11928578,-77.16117221,2024,11,17
240055917,Injury Crash,11/21/2024 03:08:00 PM,CONNECTICUT AVE,NA,Front to Rear,Clear,Dry,Daylight,No Controls,NONE DETECTED,Yes,Possible Minor Injury,Failed to Keep in Proper Lane,Unknown,MD,Sport Utility Vehicle,Moving Constant Speed,35,No,2017,TOYOTA,RAV4,39.08677805,-77.0738288,2024,11,15
240055917,Injury Crash,11/21/2024 03:08:00 PM,CONNECTICUT AVE,NA,Front to Rear,Clear,Dry,Daylight,No Controls,NONE DETECTED,No,Possible Minor Injury,NA,Not Distracted,MD,Passenger Car,Stopped in Traffic,35,No,2017,DODGE,CHALLENGER,39.08677805,-77.0738288,2024,11,15
240055910,Property Damage Crash,11/21/2024 02:45:00 PM,GEORGIA AVE,NA,Angle,Cloudy,Dry,Daylight,Traffic Control Signal,NONE DETECTED,No,No Apparent Injury,Failed to Keep in Proper Lane,Not Distracted,MD,Passenger Car,Turning Left,25,No,2012,FORD,FOCUS,38.99159137,-77.02661366,2024,11,14
240055910,Property Damage Crash,11/21/2024 02:45:00 PM,GEORGIA AVE,NA,Angle,Cloudy,Dry,Daylight,Traffic Control Signal,NONE DETECTED,No,No Apparent Injury,NA,Not Distracted,MD,Passenger Car,Stopped in Traffic,25,No,2020,ACURA,MDX,38.99159137,-77.02661366,2024,11,14
240055898,Property Damage Crash,11/21/2024 01:30:00 PM,CLARKSBURG RD,NA,Angle,Cloudy,Dry,Daylight,Traffic Control Signal,NONE DETECTED,Yes,No Apparent Injury,Failed to Yield Right-of-Way,Not Distracted,MD,Van - Cargo,Turning Left,30,No,2021,RAM,PROMASTER 2500,39.23262333,-77.28384333,2024,11,13
240055898,Property Damage Crash,11/21/2024 01:30:00 PM,CLARKSBURG RD,NA,Angle,Cloudy,Dry,Daylight,Traffic Control Signal,NONE DETECTED,No,No Apparent Injury,NA,Not Distracted,MD,Passenger Car,Moving Constant Speed,30,No,2007,HONDA,ACCORD,39.23262333,-77.28384333,2024,11,13
240055892,Property Damage Crash,11/21/2024 12:16:00 PM,NEWINGTON RD,NA,"Sideswipe, Same Direction",Cloudy,Wet,Daylight,No Controls,NONE DETECTED,Yes,No Apparent Injury,NA,Not Distracted,MD,Other Trucks,Moving Constant Speed,20,No,2008,SPARTAN MOTORS CHASS,TK,38.965163,-77.10993,2024,11,12
240055892,Property Damage Crash,11/21/2024 12:16:00 PM,NEWINGTON RD,NA,"Sideswipe, Same Direction",Cloudy,Wet,Daylight,No Controls,NONE DETECTED,No,NA,NA,NA,NA,Passenger Car,Parked,20,No,2020,FORD,ESCAPE,38.965163,-77.10993,2024,11,12
240055893,Property Damage Crash,11/21/2024 11:40:00 AM,SISSON ST,NA,"Sideswipe, Same Direction",Clear,Dry,Daylight,No Controls,NONE DETECTED,No,No Apparent Injury,NA,Unknown,MD,Passenger Car,Moving Constant Speed,25,No,2016,TOYOTA,COROLLA,39.04329671,-77.01985512,2024,11,11
240055893,Property Damage Crash,11/21/2024 11:40:00 AM,SISSON ST,NA,"Sideswipe, Same Direction",Clear,Dry,Daylight,No Controls,NONE DETECTED,Yes,No Apparent Injury,NA,Not Distracted,MD,Other,Entering Traffic Lane,25,No,1991,GRUMMAN,UNKNOWN,39.04329671,-77.01985512,2024,11,11
240055881,Property Damage Crash,11/21/2024 11:15:00 AM,NA,NA,Angle,Clear,NA,Daylight,NA,NONE DETECTED,Yes,No Apparent Injury,Other Improper Action,Unknown,NA,Passenger Car,Moving Constant Speed,0,No,2015,HONDA,CIVIC,39.16363645,-77.25986755,2024,11,11
240055864,Injury Crash,11/21/2024 10:52:00 AM,BOU AVE,NA,Other,Clear,Dry,Daylight,Traffic Control Signal,NONE DETECTED,Yes,Possible Minor Injury,NA,Not Distracted,NA,Passenger Car,Turning Left,35,No,2023,TOYOTA,COROLLA,39.05621594,-77.11906553,2024,11,10
240055864,Injury Crash,11/21/2024 10:52:00 AM,BOU AVE,NA,Other,Clear,Dry,Daylight,Traffic Control Signal,NONE DETECTED,No,Possible Minor Injury,NA,Not Distracted,MD,Passenger Car,Moving Constant Speed,35,No,2016,HONDA,CIVIC,39.05621594,-77.11906553,2024,11,10
240055845,Injury Crash,11/21/2024 09:22:00 AM,ZION RD,NA,Front to Front,Cloudy,Dry,Daylight,No Controls,NONE DETECTED,No,Possible Minor Injury,Failed to Keep in Proper Lane,Unknown,MD,Passenger Car,Moving Constant Speed,30,No,2013,MERCEDES-BENZ,E-CLASS,39.21714229,-77.08729519,2024,11,9
240055845,Injury Crash,11/21/2024 09:22:00 AM,ZION RD,NA,Front to Front,Cloudy,Dry,Daylight,No Controls,NONE DETECTED,No,Possible Minor Injury,NA,Unknown,MD,Sport Utility Vehicle,Moving Constant Speed,30,No,2018,CHEVROLET,EQUINOX,39.21714229,-77.08729519,2024,11,9
240055837,Property Damage Crash,11/21/2024 08:29:00 AM,NEW HAMPSHIRE AVE,NA,"Sideswipe, Same Direction",Clear,Dry,Daylight,Traffic Control Signal,NONE DETECTED,No,No Apparent Injury,NA,Not Distracted,MD,Pickup,Turning Left,40,No,2016,FORD,F-450,39.02228018,-76.97737656,2024,11,8
240055837,Property Damage Crash,11/21/2024 08:29:00 AM,NEW HAMPSHIRE AVE,NA,"Sideswipe, Same Direction",Clear,Dry,Daylight,Traffic Control Signal,NONE DETECTED,Yes,No Apparent Injury,Failed to Keep in Proper Lane,Not Distracted,VA,Sport Utility Vehicle,Turning Left,40,No,2010,LEXUS,RX,39.02228018,-76.97737656,2024,11,8
240055842,Injury Crash,11/21/2024 08:20:00 AM,FREDERICK RD,NA,Front to Rear,Cloudy,Wet,Daylight,No Controls,NONE DETECTED,No,No Apparent Injury,NA,Not Distracted,MD,Passenger Car,Slowing or Stopping,45,No,2016,HYUNDAI,SONATA,39.2206165,-77.25852317,2024,11,8
240055842,Injury Crash,11/21/2024 08:20:00 AM,FREDERICK RD,NA,Front to Rear,Cloudy,Wet,Daylight,No Controls,NONE DETECTED,Yes,No Apparent Injury,"Operated Motor Vehicle in Inattentive, Careless, Negligent, or Erratic Manner, Other Improper Action, Too Fast For Conditions",Unknown,MD,Sport Utility Vehicle,Moving Constant Speed,45,No,2022,JEEP,WRANGLER,39.2206165,-77.25852317,2024,11,8
240055835,Injury Crash,11/21/2024 08:16:00 AM,CLOPPER RD,NA,"Sideswipe, Opposite Direction",Clear,Dry,Daylight,No Controls,NONE DETECTED,No,Possible Minor Injury,NA,Unknown,MD,Passenger Car,Moving Constant Speed,40,No,2013,HYUNDAI,TUCSON,39.16350716,-77.28472559,2024,11,8
240055835,Injury Crash,11/21/2024 08:16:00 AM,CLOPPER RD,NA,"Sideswipe, Opposite Direction",Clear,Dry,Daylight,No Controls,NONE DETECTED,Yes,Possible Minor Injury,Failed to Yield Right-of-Way,Unknown,MD,Passenger Car,Turning Left,40,No,2022,TESLA,MODEL Y,39.16350716,-77.28472559,2024,11,8
240055832,Property Damage Crash,11/21/2024 08:13:00 AM,W GUDE DR,NA,Front to Rear,Clear,Dry,Daylight,No Controls,NONE DETECTED,No,No Apparent Injury,NA,Not Distracted,MD,Passenger Car,Moving Constant Speed,35,No,2023,TESLA,MODEL Y,39.10204838,-77.17701219,2024,11,8
240055832,Property Damage Crash,11/21/2024 08:13:00 AM,W GUDE DR,NA,Front to Rear,Clear,Dry,Daylight,No Controls,NONE DETECTED,Yes,No Apparent Injury,NA,Not Distracted,MD,Passenger Car,Slowing or Stopping,35,No,2008,MERCEDES-BENZ,CLK-CLASS,39.10204838,-77.17701219,2024,11,8
240055826,Property Damage Crash,11/21/2024 08:02:00 AM,GREAT SENECA HWY (SB/L),NA,Angle,Clear,Dry,Daylight,Traffic Control Signal,NONE DETECTED,No,No Apparent Injury,NA,Not Distracted,MD,Sport Utility Vehicle,Turning Left,25,No,2023,CHEVROLET,TRAVERSE,39.12060865,-77.22533443,2024,11,8
240055826,Property Damage Crash,11/21/2024 08:02:00 AM,GREAT SENECA HWY (SB/L),NA,Angle,Clear,Dry,Daylight,Traffic Control Signal,NONE DETECTED,No,No Apparent Injury,NA,Not Distracted,MD,Passenger Car,Moving Constant Speed,50,No,2020,HONDA,CIVIC,39.12060865,-77.22533443,2024,11,8
240055834,Property Damage Crash,11/21/2024 07:59:00 AM,N CAMPUS DR,NA,Angle,Clear,Dry,Daylight,Traffic Control Signal,NONE DETECTED,No,No Apparent Injury,NA,Not Distracted,MD,Passenger Car,Moving Constant Speed,35,No,2011,AUDI,S4,39.10107401,-77.15490855,2024,11,7
240055834,Property Damage Crash,11/21/2024 07:59:00 AM,N CAMPUS DR,NA,Angle,Clear,Dry,Daylight,Traffic Control Signal,NONE DETECTED,No,No Apparent Injury,Failed to Yield Right-of-Way,Not Distracted,MD,Passenger Car,Turning Left,35,No,2007,NISSAN,VERSA,39.10107401,-77.15490855,2024,11,7
240055825,Property Damage Crash,11/21/2024 07:50:00 AM,SEVEN LOCKS RD,NA,Rear To Side,Clear,Wet,Daylight,Traffic Control Signal,NONE DETECTED,No,No Apparent Injury,NA,Not Distracted,MD,Passenger Car,Moving Constant Speed,35,No,2015,BMW,328I,39.0230927,-77.16368486,2024,11,7
240055825,Property Damage Crash,11/21/2024 07:50:00 AM,SEVEN LOCKS RD,NA,Rear To Side,Clear,Wet,Daylight,Traffic Control Signal,NONE DETECTED,Yes,No Apparent Injury,Failed to Yield Right-of-Way,"Other Action (looking away from task, etc.)",VA,Passenger Car,Turning Left,35,No,2013,DODGE,CHALLENGER,39.0230927,-77.16368486,2024,11,7
240055823,Property Damage Crash,11/21/2024 07:35:00 AM,DAMASCUS RD,NA,Front to Rear,Clear,Dry,Daylight,No Controls,NONE DETECTED,Yes,No Apparent Injury,Too Fast For Conditions,Not Distracted,MD,Passenger Car,Moving Constant Speed,40,No,2015,TOYOTA,YARIS,39.25238407,-77.1391211,2024,11,7
240055823,Property Damage Crash,11/21/2024 07:35:00 AM,DAMASCUS RD,NA,Front to Rear,Clear,Dry,Daylight,Stop Sign,NONE DETECTED,No,No Apparent Injury,NA,Not Distracted,MD,Passenger Car,Accelerating,40,No,2018,FORD,FOCUS,39.25238407,-77.1391211,2024,11,7
240055831,Property Damage Crash,11/21/2024 07:23:00 AM,CALDWELL ST,NA,"Sideswipe, Same Direction",Clear,Dry,Daylight,Stop Sign,NONE DETECTED,No,No Apparent Injury,NA,Not Distracted,MD,Bus - School,Slowing or Stopping,30,No,2016,THOMAS BUILT,HDX,39.06398817,-77.09106783,2024,11,7
240055831,Property Damage Crash,11/21/2024 07:23:00 AM,CALDWELL ST,NA,"Sideswipe, Same Direction",Clear,Dry,Daylight,Stop Sign,NONE DETECTED,No,NA,NA,NA,NA,Passenger Car,Parked,30,No,2009,HONDA,ACCORD,39.06398817,-77.09106783,2024,11,7
240055811,Property Damage Crash,11/21/2024 01:20:00 AM,BLUNT RD,NA,Single Vehicle,Rain,Wet,Dark,No Controls,NONE DETECTED,No,NA,NA,NA,NA,Passenger Car,Moving Constant Speed,25,No,2002,HONDA,CIVIC,39.18698433,-77.230391,2024,11,1
240055810,Injury Crash,11/21/2024 01:00:00 AM,ARLINGTON RD,NA,"Sideswipe, Opposite Direction",Rain,Wet,Medium,Flashing Traffic Control Signal,NONE DETECTED,Yes,Possible Minor Injury,"Disregarded Other Traffic Sign, Failed to Yield Right-of-Way",Not Distracted,MD,Sport Utility Vehicle,Moving Constant Speed,25,No,2016,MAZDA,CX-5,38.97809152,-77.09860143,2024,11,1
240055810,Injury Crash,11/21/2024 01:00:00 AM,ARLINGTON RD,NA,"Sideswipe, Opposite Direction",Rain,Wet,Medium,Flashing Traffic Control Signal,NONE DETECTED,No,No Apparent Injury,NA,Not Distracted,MA,Sport Utility Vehicle,Moving Constant Speed,25,No,2025,HYUNDAI,TUCSON,38.97809152,-77.09860143,2024,11,1
240055799,Injury Crash,11/20/2024 11:10:00 PM,WASHINGTONIAN BLVD (SB/L),Pedestrian,Single Vehicle,Rain,Wet,Medium,No Controls,NONE DETECTED,Yes,No Apparent Injury,NA,Not Distracted,WA,Passenger Car,Moving Constant Speed,25,No,2023,HYUNDAI,ELANTRA,39.11757268,-77.2035146,2024,11,23
240055794,Property Damage Crash,11/20/2024 10:07:00 PM,WATKINS POND BLVD,NA,Front to Rear,Rain,Wet,Medium,No Controls,NONE DETECTED,Yes,No Apparent Injury,"Over-Correcting/Over-Steering, Swerved or Avoided Due to Wind, Slippery Surface, Motor Vehicle, Object, Non-Motorist in Roadway, etc",Unknown,MD,Passenger Car,Moving Constant Speed,25,No,2024,TOYOTA,CAMRY,39.11105006,-77.16597605,2024,11,22
240055784,Property Damage Crash,11/20/2024 08:52:00 PM,NA,NA,Other,Rain,Wet,Medium,Traffic Control Signal,NONE DETECTED,No,No Apparent Injury,NA,Not Distracted,MD,Passenger Car,Stopped in Traffic,30,No,2007,LEXUS,IS,38.97719949,-77.09055755,2024,11,20
240055784,Property Damage Crash,11/20/2024 08:52:00 PM,NA,NA,Other,Rain,Wet,Medium,Traffic Control Signal,NONE DETECTED,No,No Apparent Injury,NA,Unknown,MD,Passenger Car,Leaving Traffic Lane,30,No,2020,SUBARU,IMPREZA,38.97719949,-77.09055755,2024,11,20
240055786,Injury Crash,11/20/2024 08:48:00 PM,NA,Pedestrian,Single Vehicle,Rain,NA,Medium,NA,NONE DETECTED,No,NA,NA,NA,NA,Sport Utility Vehicle,Moving Constant Speed,0,No,0,NA,NA,39.03363537,-77.07352018,2024,11,20
240055787,Property Damage Crash,11/20/2024 08:47:00 PM,NA,NA,Front to Rear,Rain,Wet,Medium,No Controls,NONE DETECTED,Yes,No Apparent Injury,NA,Not Distracted,MD,Bus - Transit,Slowing or Stopping,35,No,2013,GILLIG,LOW FLOOR BUS,39.090498,-77.05810183,2024,11,20
240055787,Property Damage Crash,11/20/2024 08:47:00 PM,NA,NA,Front to Rear,Rain,Wet,Medium,No Controls,NONE DETECTED,No,No Apparent Injury,NA,Not Distracted,MD,Van - Passenger (&lt;9 Seats),Turning Right,35,No,2007,TOYOTA,SIENNA,39.090498,-77.05810183,2024,11,20
240055778,Property Damage Crash,11/20/2024 07:41:00 PM,JONES BRIDGE RD,NA,"Sideswipe, Same Direction",Cloudy,Dry,Medium,Traffic Control Signal,NONE DETECTED,No,No Apparent Injury,Improper Passing,Unknown,NA,Passenger Car,Changing Lanes,35,No,2022,TOYOTA,RAV4,39.00014109,-77.08014392,2024,11,19
240055778,Property Damage Crash,11/20/2024 07:41:00 PM,JONES BRIDGE RD,NA,"Sideswipe, Same Direction",Cloudy,Dry,Medium,Traffic Control Signal,NONE DETECTED,No,No Apparent Injury,NA,Not Distracted,MD,Passenger Car,Moving Constant Speed,35,No,2023,KIA,SORENTO,39.00014109,-77.08014392,2024,11,19
240055763,Injury Crash,11/20/2024 07:00:00 PM,PORTER RD,Pedestrian,Single Vehicle,Clear,Dry,Dark,Stop Sign,NONE DETECTED,Yes,No Apparent Injury,NA,Unknown,MD,Passenger Car,Accelerating,25,No,2020,LEXUS,IS,39.00140362,-77.04674703,2024,11,19
240055761,Property Damage Crash,11/20/2024 06:34:00 PM,SELFRIDGE RD,NA,Front to Front,Cloudy,Dry,Medium,Traffic Control Signal,NONE DETECTED,Yes,No Apparent Injury,NA,Not Distracted,MD,Passenger Car,Turning Left,35,No,2004,HONDA,ACCORD,39.05546267,-77.0837895,2024,11,18
240055761,Property Damage Crash,11/20/2024 06:34:00 PM,SELFRIDGE RD,NA,Front to Front,Cloudy,Dry,Medium,Traffic Control Signal,NONE DETECTED,No,No Apparent Injury,NA,Not Distracted,MD,Passenger Car,Moving Constant Speed,35,No,2016,AUDI,A4,39.05546267,-77.0837895,2024,11,18
240055759,Property Damage Crash,11/20/2024 06:18:00 PM,NA,NA,"Sideswipe, Same Direction",Clear,NA,Medium,NA,NONE DETECTED,Yes,No Apparent Injury,Improper Turn,Unknown,DC,Passenger Car,Turning Right,0,No,2016,NISSAN,PATHFINDER,39.12745826,-77.20811247,2024,11,18
240055768,Property Damage Crash,11/20/2024 05:58:00 PM,WILSON LA,NA,"Sideswipe, Same Direction",Clear,NA,Medium,No Controls,NONE DETECTED,No,NA,NA,NA,NA,Bus - Transit,NA,30,No,2020,GILLIG,SHUTTLE BUS,38.98712745,-77.10092094,2024,11,17
240055768,Property Damage Crash,11/20/2024 05:58:00 PM,WILSON LA,NA,"Sideswipe, Same Direction",Clear,NA,Medium,No Controls,NONE DETECTED,No,No Apparent Injury,NA,Unknown,MD,Passenger Car,Backing,30,No,2024,BMW,I4,38.98712745,-77.10092094,2024,11,17
240055757,Property Damage Crash,11/20/2024 05:14:00 PM,NA,NA,"Sideswipe, Opposite Direction",Clear,NA,Medium,NA,NONE DETECTED,No,NA,NA,NA,NA,Passenger Car,Backing,0,No,0,NA,NA,39.17594754,-77.27913298,2024,11,17
240055774,Property Damage Crash,11/20/2024 05:00:00 PM,ROCKVILLE PIKE,NA,Other,Clear,Dry,Daylight,No Controls,NONE DETECTED,Yes,No Apparent Injury,Improper Turn,Unknown,MD,Station Wagon,Turning Right,30,No,2005,SUBARU,LEGACY,39.08015914,-77.14361951,2024,11,17
240055774,Property Damage Crash,11/20/2024 05:00:00 PM,ROCKVILLE PIKE,NA,Other,Clear,Dry,Daylight,No Controls,NONE DETECTED,No,No Apparent Injury,NA,Not Distracted,MD,Sport Utility Vehicle,Moving Constant Speed,30,No,2021,TOYOTA,RAV4,39.08015914,-77.14361951,2024,11,17
240055742,Injury Crash,11/20/2024 04:54:00 PM,GRACEFIELD SERVICE RD,NA,Angle,Clear,Dry,Daylight,No Controls,NONE DETECTED,Yes,Possible Minor Injury,NA,Not Distracted,MD,Passenger Car,Moving Constant Speed,15,No,2019,TOYOTA,CAMRY,39.04907213,-76.94934634,2024,11,16
240055718,Property Damage Crash,11/20/2024 03:27:00 PM,NA,NA,Rear To Side,Clear,NA,Daylight,NA,NONE DETECTED,Yes,No Apparent Injury,"Improper Backing, Operated Motor Vehicle in Inattentive, Careless, Negligent, or Erratic Manner, Other Improper Action",Unknown,NA,Passenger Car,Backing,0,No,2006,TOYOTA,COROLLA MATRIX,38.964385,-77.10672324,2024,11,15
240055718,Property Damage Crash,11/20/2024 03:27:00 PM,NA,NA,Rear To Side,Clear,NA,Daylight,NA,NONE DETECTED,No,No Apparent Injury,NA,Not Distracted,FL,Passenger Car,Parked,0,No,2020,TESLA,MODEL Y,38.964385,-77.10672324,2024,11,15
240055712,Property Damage Crash,11/20/2024 03:23:00 PM,COLESVILLE RD (SB/L),NA,Angle,Clear,Dry,Daylight,Traffic Control Signal,NONE DETECTED,Yes,No Apparent Injury,Improper Turn,Unknown,XX,Passenger Car,Turning Left,30,No,2024,KIA,SPORTAGE,39.02037133,-77.01298683,2024,11,15