Local Case Number,ACRS Report Type,Crash Date/Time,Road Name,Related Non-Motorist,Collision Type,Weather,Surface Condition,Light,Traffic Control,Driver Substance Abuse,Driver At Fault,Injury Severity,Circumstance,Driver Distracted By,Drivers License State,Vehicle Body Type,Vehicle Movement,Speed Limit,Driverless Vehicle,Vehicle Year,Vehicle Make,Vehicle Model,Latitude,Longitude,Year,Month,Hour
240055712,Property Damage Crash,11/20/2024 03:23:00 PM,COLESVILLE RD (SB/L),NA,Angle,Clear,Dry,Daylight,Traffic Control Signal,NONE DETECTED,No,No Apparent Injury,NA,Not Distracted,MD,Passenger Car,Moving Constant Speed,30,No,2017,TOYOTA,COROLLA,39.02037133,-77.01298683,2024,11,15
240055722,Property Damage Crash,11/20/2024 03:20:00 PM,HUNGERFORD DR (SB/L),NA,"Sideswipe, Same Direction",Clear,Dry,Daylight,No Controls,NONE DETECTED,No,No Apparent Injury,NA,Not Distracted,MD,Passenger Car,Moving Constant Speed,35,No,2016,HYUNDAI,ACCENT,39.0925927,-77.1536002,2024,11,15
240055722,Property Damage Crash,11/20/2024 03:20:00 PM,HUNGERFORD DR (SB/L),NA,"Sideswipe, Same Direction",Clear,Dry,Daylight,No Controls,NONE DETECTED,Yes,No Apparent Injury,NA,Not Distracted,MD,Passenger Car,Entering Traffic Lane,35,No,2013,LEXUS,ES,39.0925927,-77.1536002,2024,11,15
240055722,Property Damage Crash,11/20/2024 03:20:00 PM,HUNGERFORD DR (SB/L),NA,"Sideswipe, Same Direction",Clear,Dry,Daylight,No Controls,NONE DETECTED,No,No Apparent Injury,NA,Not Distracted,MD,Passenger Car,Moving Constant Speed,35,No,2024,AUDI,A7,39.0925927,-77.1536002,2024,11,15
240055711,Injury Crash,11/20/2024 03:20:00 PM,NA,NA,Front to Rear,Clear,NA,Daylight,NA,NONE DETECTED,Yes,No Apparent Injury,Other Improper Action,"Other Action (looking away from task, etc.)",MD,Passenger Car,Accelerating,0,No,2018,NISSAN,ROGUE SPORT,39.07520099,-77.00327526,2024,11,15
240055711,Injury Crash,11/20/2024 03:20:00 PM,NA,NA,Front to Rear,Clear,NA,Daylight,NA,NONE DETECTED,No,Possible Minor Injury,NA,Not Distracted,MD,Passenger Car,Stopped in Traffic,0,No,2011,BMW,335D,39.07520099,-77.00327526,2024,11,15
240055709,Injury Crash,11/20/2024 03:13:00 PM,DEMOCRACY BLVD,NA,Front to Rear,Clear,Dry,Daylight,Traffic Control Signal,NONE DETECTED,No,Possible Minor Injury,NA,Not Distracted,MD,Sport Utility Vehicle,Slowing or Stopping,35,No,2013,TOYOTA,HIGHLANDER,39.02233811,-77.13425969,2024,11,15
240055709,Injury Crash,11/20/2024 03:13:00 PM,DEMOCRACY BLVD,NA,Front to Rear,Clear,Dry,Daylight,Traffic Control Signal,NONE DETECTED,Yes,No Apparent Injury,NA,Unknown,MD,Sport Utility Vehicle,Moving Constant Speed,35,No,2024,FORD,BRONCO,39.02233811,-77.13425969,2024,11,15
240055607,Property Damage Crash,11/20/2024 02:10:00 PM,NA,NA,Rear To Rear,Clear,NA,Daylight,NA,NONE DETECTED,No,NA,NA,NA,NA,NA,Backing,0,No,0,NA,NA,39.04512999,-77.09963623,2024,11,14
240055686,Property Damage Crash,11/20/2024 01:05:00 PM,NA,NA,Single Vehicle,Cloudy,Dry,Daylight,No Controls,NONE DETECTED,No,No Apparent Injury,NA,Not Distracted,MD,Sport Utility Vehicle,Moving Constant Speed,35,No,2024,HYUNDAI,PALISADE,39.12082085,-77.03936125,2024,11,13
240055656,Injury Crash,11/20/2024 12:05:00 PM,NA,Pedestrian,Single Vehicle,Clear,NA,Daylight,NA,NONE DETECTED,Yes,No Apparent Injury,NA,"Other Action (looking away from task, etc.)",MD,Pickup,Turning Right,0,No,2010,FORD,F-150,39.11414213,-77.18632317,2024,11,12
240055605,Injury Crash,11/20/2024 08:56:00 AM,LONGMEAD CROSSING DR,Pedestrian,Unknown,Clear,Dry,Daylight,Traffic Control Signal,NONE DETECTED,Yes,No Apparent Injury,"Failed to Yield Right-of-Way, Operated Motor Vehicle in Inattentive, Careless, Negligent, or Erratic Manner",Not Distracted,MD,Sport Utility Vehicle,Accelerating,15,No,2022,HYUNDAI,TUCSON,39.0955947,-77.04461156,2024,11,8
240055595,Property Damage Crash,11/20/2024 07:56:00 AM,AUBURN AVE,NA,"Sideswipe, Same Direction",Clear,Dry,Daylight,Traffic Control Signal,NONE DETECTED,No,No Apparent Injury,NA,Not Distracted,MD,Passenger Car,Turning Right,15,No,2018,FORD,TAURUS,38.98884127,-77.10098226,2024,11,7
240055595,Property Damage Crash,11/20/2024 07:56:00 AM,AUBURN AVE,NA,"Sideswipe, Same Direction",Clear,Dry,Daylight,Traffic Control Signal,NONE DETECTED,No,No Apparent Injury,NA,Not Distracted,MD,Passenger Car,Turning Right,15,No,2017,FORD,TAURUS,38.98884127,-77.10098226,2024,11,7
240055589,Injury Crash,11/20/2024 07:30:00 AM,SNOUFFERS SCHOOL RD,NA,"Sideswipe, Opposite Direction",Clear,Dry,Daylight,Traffic Control Signal,NONE DETECTED,Yes,No Apparent Injury,Failed to Yield Right-of-Way,Unknown,MD,Passenger Car,Turning Left,40,No,2022,FORD,EXPLORER,39.18309033,-77.18224783,2024,11,7
240055589,Injury Crash,11/20/2024 07:30:00 AM,SNOUFFERS SCHOOL RD,NA,"Sideswipe, Opposite Direction",Clear,Dry,Daylight,Traffic Control Signal,NONE DETECTED,No,Possible Minor Injury,NA,Not Distracted,MD,Passenger Car,Moving Constant Speed,40,No,2015,CHEVROLET,EQUINOX,39.18309033,-77.18224783,2024,11,7
240055573,Injury Crash,11/19/2024 09:59:00 PM,W DEER PARK RD,NA,Angle,Cloudy,Wet,Medium,Traffic Control Signal,ALCOHOL PRESENT,Yes,No Apparent Injury,"Failed to Yield Right-of-Way, Operated Motor Vehicle in Inattentive, Careless, Negligent, or Erratic Manner",Not Distracted,MD,Passenger Car,Turning Left,45,No,2014,HYUNDAI,SANTA FE,39.13483298,-77.20570147,2024,11,21
240055573,Injury Crash,11/19/2024 09:59:00 PM,W DEER PARK RD,NA,Angle,Cloudy,Wet,Medium,Traffic Control Signal,NONE DETECTED,No,Possible Minor Injury,NA,Not Distracted,MD,Passenger Car,Moving Constant Speed,45,No,2018,TOYOTA,RAV4,39.13483298,-77.20570147,2024,11,21
240055573,Injury Crash,11/19/2024 09:59:00 PM,W DEER PARK RD,NA,Angle,Cloudy,Wet,Medium,Traffic Control Signal,NONE DETECTED,No,No Apparent Injury,NA,Not Distracted,MD,Passenger Car,Stopped in Traffic,25,No,2011,HYUNDAI,SONATA,39.13483298,-77.20570147,2024,11,21
240055562,Injury Crash,11/19/2024 08:37:00 PM,NA,Pedestrian,Single Vehicle,Rain,NA,Medium,NA,NONE DETECTED,No,No Apparent Injury,NA,Not Distracted,MD,Passenger Car,Turning Right,0,No,2004,KIA,SPECTRA,39.11377975,-77.21618473,2024,11,20
240055546,Injury Crash,11/19/2024 06:40:00 PM,NA,NA,Angle,Clear,Other,Medium,Traffic Control Signal,NONE DETECTED,No,No Apparent Injury,NA,Unknown,MD,Passenger Car,Moving Constant Speed,40,No,2009,TOYOTA,CAMRY,39.09658745,-77.20358938,2024,11,18
240055546,Injury Crash,11/19/2024 06:40:00 PM,NA,NA,Angle,Clear,Other,Medium,Traffic Control Signal,NONE DETECTED,No,No Apparent Injury,Failed to Yield Right-of-Way,Unknown,MD,Passenger Car,Turning Left,40,No,2016,SUBARU,IMPREZA,39.09658745,-77.20358938,2024,11,18
240055537,Property Damage Crash,11/19/2024 06:08:00 PM,OLD HUNDRED RD,NA,Single Vehicle,Clear,Dry,Dark,No Controls,NONE DETECTED,No,No Apparent Injury,NA,Not Distracted,MD,Station Wagon,Moving Constant Speed,40,No,2020,SUBARU,OUTBACK,39.27911449,-77.32123796,2024,11,18
240055536,Property Damage Crash,11/19/2024 06:06:00 PM,FAIRLAND RD,NA,Front to Rear,Clear,Dry,Medium,No Controls,NONE DETECTED,No,No Apparent Injury,NA,Not Distracted,MD,Passenger Car,Slowing or Stopping,35,No,2017,TOYOTA,RAV4,39.0778919,-76.98769198,2024,11,18
240055536,Property Damage Crash,11/19/2024 06:06:00 PM,FAIRLAND RD,NA,Front to Rear,Clear,Dry,Medium,No Controls,NONE DETECTED,Yes,No Apparent Injury,"Failed to Yield Right-of-Way, Followed Too Closely","Other Action (looking away from task, etc.)",MD,Passenger Car,Moving Constant Speed,35,No,2019,VOLKSWAGEN,GOLF GTI,39.0778919,-76.98769198,2024,11,18
240055536,Property Damage Crash,11/19/2024 06:06:00 PM,FAIRLAND RD,NA,Front to Rear,Clear,Dry,Medium,No Controls,NONE DETECTED,No,No Apparent Injury,NA,Not Distracted,MD,Passenger Car,Stopped in Traffic,35,No,2012,HONDA,ODYSSEY,39.0778919,-76.98769198,2024,11,18
240055555,Property Damage Crash,11/19/2024 06:00:00 PM,OLD GEORGETOWN RD,NA,Front to Rear,Clear,Dry,Medium,Traffic Control Signal,NONE DETECTED,No,NA,NA,NA,NA,Passenger Car,Changing Lanes,35,No,0,NA,NA,39.04916352,-77.11625293,2024,11,18
240055555,Property Damage Crash,11/19/2024 06:00:00 PM,OLD GEORGETOWN RD,NA,Front to Rear,Clear,Dry,Medium,Traffic Control Signal,NONE DETECTED,No,No Apparent Injury,NA,Not Distracted,MD,Sport Utility Vehicle,Moving Constant Speed,35,No,2014,TOYOTA,HIGHLANDER,39.04916352,-77.11625293,2024,11,18
240055531,Injury Crash,11/19/2024 05:24:00 PM,CONNECTICUT AVE,NA,Front to Rear,Clear,Dry,Medium,No Controls,NONE DETECTED,Yes,No Apparent Injury,"Followed Too Closely, Operated Motor Vehicle in Inattentive, Careless, Negligent, or Erratic Manner, Too Fast For Conditions",Unknown,MD,Passenger Car,Accelerating,35,No,2004,TOYOTA,COROLLA,39.04795933,-77.07573583,2024,11,17
240055531,Injury Crash,11/19/2024 05:24:00 PM,CONNECTICUT AVE,NA,Front to Rear,Clear,Dry,Medium,No Controls,NONE DETECTED,No,Possible Minor Injury,NA,Not Distracted,MD,Passenger Car,Stopped in Traffic,35,No,2000,TOYOTA,SIENNA,39.04795933,-77.07573583,2024,11,17
240055523,Property Damage Crash,11/19/2024 04:58:00 PM,NA,NA,Other,Clear,Dry,Medium,No Controls,NONE DETECTED,No,No Apparent Injury,Failed to Yield Right-of-Way,Not Distracted,MD,Passenger Car,Turning Left,25,No,2016,NISSAN,ALTIMA,38.99135517,-77.09677718,2024,11,16
240055523,Property Damage Crash,11/19/2024 04:58:00 PM,NA,NA,Other,Clear,Dry,Medium,No Controls,NONE DETECTED,No,No Apparent Injury,NA,Not Distracted,MD,Sport Utility Vehicle,Moving Constant Speed,25,No,2023,TOYOTA,SIENNA,38.99135517,-77.09677718,2024,11,16
240055522,Injury Crash,11/19/2024 04:44:00 PM,PROFESSIONAL DR,NA,Angle,Cloudy,Dry,Medium,Traffic Control Signal,NONE DETECTED,No,Possible Minor Injury,NA,Not Distracted,MD,Sport Utility Vehicle,Moving Constant Speed,40,No,2015,GMC,TERRAIN,39.16370523,-77.22636445,2024,11,16
240055522,Injury Crash,11/19/2024 04:44:00 PM,PROFESSIONAL DR,NA,Angle,Cloudy,Dry,Medium,Traffic Control Signal,NONE DETECTED,Yes,No Apparent Injury,Failed to Yield Right-of-Way,Not Distracted,MD,Passenger Car,Turning Left,40,No,2006,TOYOTA,PRIUS,39.16370523,-77.22636445,2024,11,16
240055516,Injury Crash,11/19/2024 04:11:00 PM,NA,Pedestrian,Single Vehicle,Clear,Dry,Medium,No Controls,NONE DETECTED,No,No Apparent Injury,NA,Not Distracted,MD,Sport Utility Vehicle,Moving Constant Speed,35,No,2014,TOYOTA,RAV4,39.09051984,-77.04818854,2024,11,16
240055514,Property Damage Crash,11/19/2024 04:08:00 PM,NEW HAMPSHIRE AVE,NA,"Sideswipe, Same Direction",Clear,Dry,Daylight,No Controls,NONE DETECTED,No,No Apparent Injury,NA,Unknown,MD,"Construction Equipment (backhoe, bulldozer, etc.)",Moving Constant Speed,40,No,2017,MACK,GU (GRANITE),39.0761248,-77.001752,2024,11,16
240055514,Property Damage Crash,11/19/2024 04:08:00 PM,NEW HAMPSHIRE AVE,NA,"Sideswipe, Same Direction",Clear,Dry,Daylight,No Controls,NONE DETECTED,No,No Apparent Injury,NA,Unknown,MD,Passenger Car,Moving Constant Speed,40,No,2008,HONDA,ACCORD,39.0761248,-77.001752,2024,11,16
240055515,Property Damage Crash,11/19/2024 04:07:00 PM,VEIRS MILL RD (WB/L),NA,Front to Front,Clear,Dry,Daylight,Traffic Control Signal,NONE DETECTED,No,No Apparent Injury,NA,Not Distracted,MD,Passenger Car,Moving Constant Speed,35,No,2015,TOYOTA,TACOMA,39.05606447,-77.08229763,2024,11,16
240055515,Property Damage Crash,11/19/2024 04:07:00 PM,VEIRS MILL RD (WB/L),NA,Front to Front,Clear,Dry,Daylight,Traffic Control Signal,NONE DETECTED,Yes,No Apparent Injury,NA,Not Distracted,MD,Passenger Car,Moving Constant Speed,35,No,2012,TOYOTA,RAV4,39.05606447,-77.08229763,2024,11,16
240055497,Property Damage Crash,11/19/2024 01:00:00 PM,TECH RD,NA,"Sideswipe, Opposite Direction",Clear,Dry,Daylight,Stop Sign,NONE DETECTED,No,No Apparent Injury,NA,Not Distracted,MD,Passenger Car,Stopped in Traffic,15,No,2014,HYUNDAI,SONATA,39.05642989,-76.96701697,2024,11,13
240055497,Property Damage Crash,11/19/2024 01:00:00 PM,TECH RD,NA,"Sideswipe, Opposite Direction",Clear,Dry,Daylight,No Controls,NONE DETECTED,Yes,No Apparent Injury,"Operated Motor Vehicle in Inattentive, Careless, Negligent, or Erratic Manner",Unknown,MD,Passenger Car,Turning Right,25,No,2023,TOYOTA,CAMRY,39.05642989,-76.96701697,2024,11,13
240055644,Property Damage Crash,11/19/2024 11:30:00 AM,NA,NA,"Sideswipe, Opposite Direction",Cloudy,NA,Daylight,NA,NONE DETECTED,No,No Apparent Injury,NA,Not Distracted,DC,Passenger Car,Stopped in Traffic,0,No,1999,MERCEDES-BENZ,E-CLASS,38.9626589,-77.086818,2024,11,11
240055644,Property Damage Crash,11/19/2024 11:30:00 AM,NA,NA,"Sideswipe, Opposite Direction",Cloudy,NA,Daylight,NA,NONE DETECTED,No,No Apparent Injury,Improper Backing,Unknown,NA,Passenger Car,Backing,0,No,2019,VOLKSWAGEN,TIGUAN,38.9626589,-77.086818,2024,11,11
240055450,Injury Crash,11/19/2024 11:29:00 AM,NEW HAMPSHIRE AVE,NA,"Sideswipe, Same Direction",Clear,Dry,Daylight,No Controls,NONE DETECTED,No,No Apparent Injury,NA,Not Distracted,MD,Single-Unit Truck,Changing Lanes,35,No,2017,RAM,5500,38.98770517,-76.98781483,2024,11,11
240055450,Injury Crash,11/19/2024 11:29:00 AM,NEW HAMPSHIRE AVE,NA,"Sideswipe, Same Direction",Clear,Dry,Daylight,No Controls,NONE DETECTED,No,Possible Minor Injury,NA,Not Distracted,MD,Van - Cargo,Stopped in Traffic,35,No,2022,ISUZU,NPR-HD,38.98770517,-76.98781483,2024,11,11
240055450,Injury Crash,11/19/2024 11:29:00 AM,NEW HAMPSHIRE AVE,NA,"Sideswipe, Same Direction",Clear,Dry,Daylight,No Controls,NONE DETECTED,No,Possible Minor Injury,NA,Not Distracted,MD,Passenger Car,Stopped in Traffic,35,No,2006,HONDA,ACCORD,38.98770517,-76.98781483,2024,11,11
240055450,Injury Crash,11/19/2024 11:29:00 AM,NEW HAMPSHIRE AVE,NA,"Sideswipe, Same Direction",Clear,Dry,Daylight,No Controls,NONE DETECTED,No,No Apparent Injury,NA,Not Distracted,MD,Pickup,Stopped in Traffic,35,No,2023,TOYOTA,TACOMA,38.98770517,-76.98781483,2024,11,11
240055423,Property Damage Crash,11/19/2024 09:27:00 AM,WAYNE AVE,NA,"Sideswipe, Same Direction",Clear,Dry,Daylight,No Controls,NONE DETECTED,Yes,No Apparent Injury,Failed to Keep in Proper Lane,Not Distracted,MD,Bus - Transit,Moving Constant Speed,25,No,2016,GILLIG,LOW FLOOR BUS,38.9944513,-77.02880861,2024,11,9
240055414,Property Damage Crash,11/19/2024 08:34:00 AM,PICCARD DR (SB/L),NA,Front to Front,Clear,Dry,Daylight,Stop Sign,NONE DETECTED,Yes,No Apparent Injury,"Disregarded Other Traffic Sign, Failed to Yield Right-of-Way, Ran Stop Sign",Not Distracted,MD,Sport Utility Vehicle,Moving Constant Speed,25,No,2022,HYUNDAI,TUCSON,39.11041667,-77.182575,2024,11,8
240055414,Property Damage Crash,11/19/2024 08:34:00 AM,PICCARD DR (SB/L),NA,Front to Front,Clear,Dry,Daylight,Stop Sign,NONE DETECTED,No,No Apparent Injury,NA,Not Distracted,MD,Passenger Car,Accelerating,25,No,2014,DODGE,CHARGER,39.11041667,-77.182575,2024,11,8
240055409,Property Damage Crash,11/19/2024 07:08:00 AM,MOUTH OF MONOCACY RD,NA,Front to Front,Clear,Dry,Daylight,No Controls,NONE DETECTED,No,No Apparent Injury,NA,Not Distracted,MD,Pickup,Moving Constant Speed,35,No,2006,GMC,SIERRA,39.224604,-77.426335,2024,11,7
240055409,Property Damage Crash,11/19/2024 07:08:00 AM,MOUTH OF MONOCACY RD,NA,Front to Front,Clear,Dry,Daylight,No Controls,NONE DETECTED,Yes,No Apparent Injury,Failed to Yield Right-of-Way,Unknown,MD,Passenger Car,Accelerating,25,No,2008,MAZDA,MAZDA3,39.224604,-77.426335,2024,11,7
240055408,Property Damage Crash,11/19/2024 07:01:00 AM,RANDOLPH RD (WB/L),NA,"Sideswipe, Same Direction",Clear,Dry,Daylight,No Controls,NONE DETECTED,No,No Apparent Injury,NA,Not Distracted,MD,Bus - School,Moving Constant Speed,35,No,2024,FREIGHTLINER,B2 BUS CHASSIS,39.05787996,-77.07196447,2024,11,7
240055408,Property Damage Crash,11/19/2024 07:01:00 AM,RANDOLPH RD (WB/L),NA,"Sideswipe, Same Direction",Clear,Dry,Daylight,No Controls,NONE DETECTED,Yes,No Apparent Injury,"Failed to Keep in Proper Lane, Operated Motor Vehicle in Inattentive, Careless, Negligent, or Erratic Manner",Not Distracted,MD,Passenger Car,Moving Constant Speed,35,No,2019,TOYOTA,COROLLA,39.05787996,-77.07196447,2024,11,7
240055407,Property Damage Crash,11/19/2024 06:43:00 AM,RIDGE RD,NA,Single Vehicle,Clear,Dry,Medium,No Controls,NONE DETECTED,No,No Apparent Injury,NA,Not Distracted,MD,Passenger Car,Moving Constant Speed,40,No,2023,FORD,EXPLORER,39.260445,-77.22317167,2024,11,6
240055402,Injury Crash,11/19/2024 05:19:00 AM,MONTROSE RD,NA,Single Vehicle,Clear,Dry,Medium,No Controls,NONE DETECTED,No,Suspected Serious Injury,Over-Correcting/Over-Steering,Not Distracted,MD,Passenger Car,Moving Constant Speed,35,No,2015,HONDA,CIVIC,39.05448667,-77.14503333,2024,11,5
240055383,Injury Crash,11/18/2024 08:43:00 PM,GEORGIA AVE (SB/L),NA,Other,Clear,Dry,Dark,Stop Sign,NONE DETECTED,No,Possible Minor Injury,NA,Not Distracted,NA,Sport Utility Vehicle,Entering Traffic Lane,25,No,2021,TOYOTA,HIGHLANDER,39.11172207,-77.07595626,2024,11,20
240055383,Injury Crash,11/18/2024 08:43:00 PM,GEORGIA AVE (SB/L),NA,Other,Clear,Dry,Dark,Stop Sign,NONE DETECTED,No,No Apparent Injury,NA,Not Distracted,MD,Passenger Car,Moving Constant Speed,25,No,2009,INFINITI,G37,39.11172207,-77.07595626,2024,11,20
240055381,Property Damage Crash,11/18/2024 08:33:00 PM,NA,NA,"Sideswipe, Opposite Direction",Clear,Dry,Medium,No Controls,NONE DETECTED,Yes,No Apparent Injury,Improper Passing,Not Distracted,DC,Passenger Car,Accelerating,25,No,2011,CHEVROLET,CRUZE,39.0005727,-77.03732861,2024,11,20
240055381,Property Damage Crash,11/18/2024 08:33:00 PM,NA,NA,"Sideswipe, Opposite Direction",Clear,Dry,Medium,No Controls,NONE DETECTED,Yes,No Apparent Injury,Improper Passing,Not Distracted,MD,Passenger Car,Accelerating,25,No,2016,FORD,INTERCEPTOR,39.0005727,-77.03732861,2024,11,20
240055375,Property Damage Crash,11/18/2024 07:38:00 PM,NA,NA,Other,Clear,NA,Medium,NA,NONE DETECTED,No,NA,NA,NA,NA,Sport Utility Vehicle,Backing,0,No,2007,BUICK,RENDEZVOUS,39.14722883,-77.21767333,2024,11,19
240055372,Injury Crash,11/18/2024 07:32:00 PM,NA,NA,"Sideswipe, Same Direction",Clear,Dry,Medium,No Controls,NONE DETECTED,No,No Apparent Injury,NA,Not Distracted,MD,Passenger Car,Moving Constant Speed,25,No,2017,LEXUS,LX,38.99988667,-77.19999333,2024,11,19
240055372,Injury Crash,11/18/2024 07:32:00 PM,NA,NA,"Sideswipe, Same Direction",Clear,Dry,Medium,No Controls,NONE DETECTED,No,Possible Minor Injury,NA,Not Distracted,MD,Sport Utility Vehicle,Turning Left,25,No,2020,LEXUS,NX,38.99988667,-77.19999333,2024,11,19
240055360,Property Damage Crash,11/18/2024 06:20:00 PM,GEORGIA AVE,NA,Front to Rear,Clear,Dry,Medium,Traffic Control Signal,NONE DETECTED,No,No Apparent Injury,NA,Unknown,MD,Van - Passenger (&lt;9 Seats),Slowing or Stopping,35,No,2020,FORD,TRANSIT,39.07688094,-77.07058546,2024,11,18
240055360,Property Damage Crash,11/18/2024 06:20:00 PM,GEORGIA AVE,NA,Front to Rear,Clear,Dry,Medium,Traffic Control Signal,NONE DETECTED,No,No Apparent Injury,NA,Not Distracted,MD,Passenger Car,Slowing or Stopping,35,No,2023,HONDA,HR-V,39.07688094,-77.07058546,2024,11,18
240055360,Property Damage Crash,11/18/2024 06:20:00 PM,GEORGIA AVE,NA,Front to Rear,Clear,Dry,Medium,Traffic Control Signal,NONE DETECTED,No,No Apparent Injury,NA,Not Distracted,MD,Passenger Car,Slowing or Stopping,35,No,2020,HYUNDAI,ACCENT,39.07688094,-77.07058546,2024,11,18
240055329,Property Damage Crash,11/18/2024 02:55:00 PM,NA,NA,Front to Rear,Clear,NA,Daylight,NA,NONE DETECTED,Yes,No Apparent Injury,NA,Not Distracted,DC,Passenger Car,Backing,0,No,2021,HYUNDAI,VENUE,39.16753471,-77.26381293,2024,11,14
240055325,Property Damage Crash,11/18/2024 02:10:00 PM,ELLINGTON BLVD,NA,Angle,Clear,Dry,Daylight,Stop Sign,NONE DETECTED,No,No Apparent Injury,Ran Stop Sign,Unknown,MD,Sport Utility Vehicle,Moving Constant Speed,25,No,2017,MITSUBISHI,OUTLANDER SPORT,39.11501341,-77.20482829,2024,11,14
240055325,Property Damage Crash,11/18/2024 02:10:00 PM,ELLINGTON BLVD,NA,Angle,Clear,Dry,Daylight,Stop Sign,NONE DETECTED,No,No Apparent Injury,NA,Not Distracted,MD,Passenger Car,Entering Traffic Lane,25,No,2021,CHEVROLET,BOLT EV,39.11501341,-77.20482829,2024,11,14
240055314,Injury Crash,11/18/2024 01:45:00 PM,LAYHILL RD,NA,Front to Rear,Clear,Dry,Daylight,No Controls,NONE DETECTED,No,No Apparent Injury,NA,Not Distracted,MD,Passenger Car,Stopped in Traffic,40,No,2020,HONDA,FIT,39.08193228,-77.0475014,2024,11,13
240055314,Injury Crash,11/18/2024 01:45:00 PM,LAYHILL RD,NA,Front to Rear,Clear,Dry,Daylight,No Controls,NONE DETECTED,Yes,No Apparent Injury,NA,Not Distracted,MD,Passenger Car,Slowing or Stopping,40,No,2018,LEXUS,ES,39.08193228,-77.0475014,2024,11,13
240055370,Property Damage Crash,11/18/2024 01:40:00 PM,NA,NA,Rear To Rear,Clear,NA,Daylight,NA,NONE DETECTED,No,NA,Improper Backing,NA,NA,Passenger Car,Backing,0,No,2004,MERCEDES-BENZ,C-CLASS,39.10992969,-77.07764591,2024,11,13
240055370,Property Damage Crash,11/18/2024 01:40:00 PM,NA,NA,Rear To Rear,Clear,NA,Daylight,NA,NONE DETECTED,No,No Apparent Injury,NA,Not Distracted,MD,Passenger Car,Backing,0,No,2023,RIVIAN,R1T,39.10992969,-77.07764591,2024,11,13
240055651,Property Damage Crash,11/18/2024 01:30:00 PM,NA,NA,Single Vehicle,Cloudy,Dry,Daylight,Traffic Control Signal,NONE DETECTED,Yes,No Apparent Injury,NA,Not Distracted,MD,Pickup,Moving Constant Speed,30,No,2010,FORD,F-350,39.2072553,-77.1414853,2024,11,13
240055308,Property Damage Crash,11/18/2024 12:48:00 PM,NA,NA,Angle,Clear,Dry,Daylight,Traffic Control Signal,NONE DETECTED,No,No Apparent Injury,NA,Not Distracted,MD,Passenger Car,Turning Left,5,No,2016,KIA,SOUL,39.06092236,-77.12588782,2024,11,12
240055308,Property Damage Crash,11/18/2024 12:48:00 PM,NA,NA,Angle,Clear,Dry,Daylight,Traffic Control Signal,NONE DETECTED,No,No Apparent Injury,NA,Not Distracted,MD,Passenger Car,Moving Constant Speed,30,No,2015,HYUNDAI,SONATA,39.06092236,-77.12588782,2024,11,12
240055281,Injury Crash,11/18/2024 11:30:00 AM,NA,NA,Single Vehicle,Clear,NA,Daylight,NA,NONE DETECTED,No,Possible Minor Injury,NA,Not Distracted,MD,Passenger Car,Slowing or Stopping,0,No,2003,LEXUS,GS,39.04920754,-77.11766934,2024,11,11
240055279,Injury Crash,11/18/2024 11:05:00 AM,FATHER HURLEY BLVD (NB/L),NA,Angle,Clear,Dry,Daylight,Traffic Control Signal,NONE DETECTED,No,No Apparent Injury,NA,Not Distracted,MD,Pickup,Turning Left,25,No,2023,FORD,MAVERICK,39.19167944,-77.27188312,2024,11,11
240055279,Injury Crash,11/18/2024 11:05:00 AM,FATHER HURLEY BLVD (NB/L),NA,Angle,Clear,Dry,Daylight,Traffic Control Signal,NONE DETECTED,Yes,Possible Minor Injury,Ran Red Light,Unknown,MD,Passenger Car,Moving Constant Speed,35,No,2013,CHEVROLET,MALIBU,39.19167944,-77.27188312,2024,11,11