Local Case Number,ACRS Report Type,Crash Date/Time,Road Name,Related Non-Motorist,Collision Type,Weather,Surface Condition,Light,Traffic Control,Driver Substance Abuse,Driver At Fault,Injury Severity,Circumstance,Driver Distracted By,Drivers License State,Vehicle Body Type,Vehicle Movement,Speed Limit,Driverless Vehicle,Vehicle Year,Vehicle Make,Vehicle Model,Latitude,Longitude,Year,Month,Hour
240055271,Injury Crash,11/18/2024 10:09:00 AM,OLD COLUMBIA PIKE (SB/L),NA,Angle,Clear,Dry,Daylight,Traffic Control Signal,NONE DETECTED,No,Possible Minor Injury,NA,Not Distracted,MD,Passenger Car,Turning Left,35,No,2017,NISSAN,PATHFINDER,39.11121445,-76.93209503,2024,11,10
240055271,Injury Crash,11/18/2024 10:09:00 AM,OLD COLUMBIA PIKE (SB/L),NA,Angle,Clear,Dry,Daylight,Traffic Control Signal,NONE DETECTED,Yes,No Apparent Injury,"Failed to Yield Right-of-Way, Over-Correcting/Over-Steering",Not Distracted,MD,Passenger Car,Slowing or Stopping,35,No,2009,MERCEDES-BENZ,GL-CLASS,39.11121445,-76.93209503,2024,11,10
240055274,Property Damage Crash,11/18/2024 10:00:00 AM,ROCKMERE DR,NA,Front to Rear,Clear,Dry,Daylight,Stop Sign,NONE DETECTED,No,No Apparent Injury,NA,Not Distracted,MD,Single-Unit Truck,Backing,25,No,2019,MACK,GU (GRANITE),38.95346669,-77.11830135,2024,11,10
240055274,Property Damage Crash,11/18/2024 10:00:00 AM,ROCKMERE DR,NA,Front to Rear,Clear,Dry,Daylight,Stop Sign,NONE DETECTED,No,No Apparent Injury,NA,Not Distracted,MD,Passenger Car,Slowing or Stopping,25,No,2020,NISSAN,VERSA,38.95346669,-77.11830135,2024,11,10
240055267,Property Damage Crash,11/18/2024 09:57:00 AM,PERRY AVE,NA,Angle,Clear,Dry,Daylight,Traffic Control Signal,NONE DETECTED,No,No Apparent Injury,NA,Not Distracted,MD,Passenger Car,Turning Left,10,No,2017,HONDA,ACCORD,39.03286417,-77.07502882,2024,11,9
240055267,Property Damage Crash,11/18/2024 09:57:00 AM,PERRY AVE,NA,Angle,Clear,Dry,Daylight,Traffic Control Signal,NONE DETECTED,Yes,No Apparent Injury,NA,Unknown,MD,Pickup,Moving Constant Speed,35,No,2000,CHEVROLET,SILVERADO,39.03286417,-77.07502882,2024,11,9
240055270,Property Damage Crash,11/18/2024 09:43:00 AM,BURRIS RD,NA,"Sideswipe, Same Direction",Clear,Dry,Daylight,No Controls,NONE DETECTED,Yes,No Apparent Injury,NA,Not Distracted,MD,Bus - School,Moving Constant Speed,25,No,2016,THOMAS BUILT,HDX,39.07536654,-77.12324788,2024,11,9
240055263,Property Damage Crash,11/18/2024 09:27:00 AM,NA,NA,Single Vehicle,Clear,Dry,Daylight,No Controls,NONE DETECTED,No,No Apparent Injury,NA,Not Distracted,MD,Bus - School,Parked,0,No,2015,THOMAS BUILT,HDX,39.11778731,-77.16629857,2024,11,9
240055249,Injury Crash,11/18/2024 09:07:00 AM,WOODMONT AVE,Pedestrian,Single Vehicle,Cloudy,Dry,Daylight,Traffic Control Signal,NONE DETECTED,Yes,No Apparent Injury,Failed to Yield Right-of-Way,Not Distracted,MD,Pickup,Turning Left,25,No,2022,FORD,F-250,38.99082053,-77.09663736,2024,11,9
240055251,Injury Crash,11/18/2024 09:04:00 AM,ROCKVILLE PIKE,NA,Front to Front,Clear,Dry,Daylight,Traffic Control Signal,NONE DETECTED,No,No Apparent Injury,NA,Not Distracted,MD,Passenger Car,Making U-Turn,35,No,2025,HYUNDAI,PALISADE,39.01293754,-77.09868327,2024,11,9
240055251,Injury Crash,11/18/2024 09:04:00 AM,ROCKVILLE PIKE,NA,Front to Front,Clear,Dry,Daylight,Traffic Control Signal,NONE DETECTED,No,Possible Minor Injury,NA,Not Distracted,MD,Passenger Car,Moving Constant Speed,35,No,2024,ACURA,RDX,39.01293754,-77.09868327,2024,11,9
240055259,Property Damage Crash,11/18/2024 09:02:00 AM,FALLBROOK ST,NA,"Sideswipe, Same Direction",Clear,Dry,Daylight,No Controls,NONE DETECTED,Yes,No Apparent Injury,NA,Unknown,MD,Passenger Car,Overtaking/Passing,15,No,2011,LINCOLN,NAVIGATOR,39.1443125,-77.1841025,2024,11,9
240055256,Property Damage Crash,11/18/2024 09:00:00 AM,BRIGGS RD,NA,"Sideswipe, Opposite Direction",Clear,Dry,Daylight,Traffic Control Signal,NONE DETECTED,No,No Apparent Injury,NA,Not Distracted,MD,Sport Utility Vehicle,Turning Left,35,No,2016,NISSAN,ROGUE,39.06914527,-77.04550036,2024,11,9
240055256,Property Damage Crash,11/18/2024 09:00:00 AM,BRIGGS RD,NA,"Sideswipe, Opposite Direction",Clear,Dry,Daylight,No Controls,NONE DETECTED,No,No Apparent Injury,NA,Not Distracted,MD,Sport Utility Vehicle,Stopped in Traffic,35,No,2020,TOYOTA,HIGHLANDER,39.06914527,-77.04550036,2024,11,9
240055254,Injury Crash,11/18/2024 08:58:00 AM,LAWRENCE AVE,NA,Front to Rear,Clear,Dry,Daylight,Traffic Control Signal,NONE DETECTED,Yes,No Apparent Injury,NA,Unknown,MD,Sport Utility Vehicle,Slowing or Stopping,35,No,2020,CHEVROLET,TRAX,39.0348296,-77.0751182,2024,11,8
240055254,Injury Crash,11/18/2024 08:58:00 AM,LAWRENCE AVE,NA,Front to Rear,Clear,Dry,Daylight,Traffic Control Signal,NONE DETECTED,No,Possible Minor Injury,NA,Not Distracted,MD,Pickup,Slowing or Stopping,35,No,2022,CHEVROLET,SILVERADO LTD,39.0348296,-77.0751182,2024,11,8
240055278,Property Damage Crash,11/18/2024 08:45:00 AM,BRINK RD,NA,Single Vehicle,Clear,Dry,Daylight,Traffic Control Signal,NONE DETECTED,No,No Apparent Injury,NA,Not Distracted,MD,Truck Tractor,Turning Right,25,No,2019,MACK,ANTHEM,39.21208356,-77.14255409,2024,11,8
240055235,Property Damage Crash,11/18/2024 07:59:00 AM,UNIVERSITY BLVD E,NA,"Sideswipe, Same Direction",Clear,Dry,Daylight,No Controls,NONE DETECTED,Yes,NA,NA,NA,NA,Passenger Car,Accelerating,40,No,2019,FORD,TRANSIT,39.01338896,-77.00362289,2024,11,7
240055235,Property Damage Crash,11/18/2024 07:59:00 AM,UNIVERSITY BLVD E,NA,"Sideswipe, Same Direction",Clear,Dry,Daylight,No Controls,NONE DETECTED,No,No Apparent Injury,NA,Not Distracted,MD,Passenger Car,Entering Traffic Lane,40,No,2022,HONDA,CIVIC,39.01338896,-77.00362289,2024,11,7
240055237,Property Damage Crash,11/18/2024 07:50:00 AM,NA,NA,Angle,Clear,NA,Daylight,NA,NONE DETECTED,No,No Apparent Injury,NA,Not Distracted,MD,Bus - School,Accelerating,0,No,2024,FREIGHTLINER,B2 106 ELECTRIC CONVENTIONAL CHASSIS,39.02647056,-77.13111504,2024,11,7
240055237,Property Damage Crash,11/18/2024 07:50:00 AM,NA,NA,Angle,Clear,NA,Daylight,NA,NONE DETECTED,No,No Apparent Injury,NA,Not Distracted,MD,Passenger Car,Backing,0,No,2014,TOYOTA,RAV4,39.02647056,-77.13111504,2024,11,7
240055236,Property Damage Crash,11/18/2024 07:07:00 AM,NA,NA,Front to Front,Clear,Dry,Medium,No Controls,NONE DETECTED,No,NA,NA,NA,NA,Passenger Car,Moving Constant Speed,35,No,2017,TOYOTA,COROLLA,39.16974949,-77.18456883,2024,11,7
240055225,Injury Crash,11/18/2024 06:09:00 AM,BRINK RD (WB/L),NA,Other,Clear,Dry,Medium,Traffic Control Signal,NONE DETECTED,No,No Apparent Injury,NA,Not Distracted,MD,Pickup,Moving Constant Speed,25,No,2007,FORD,F-150,39.21195167,-77.142595,2024,11,6
240055225,Injury Crash,11/18/2024 06:09:00 AM,BRINK RD (WB/L),NA,Other,Clear,Dry,Medium,Traffic Control Signal,NONE DETECTED,Yes,Possible Minor Injury,Ran Red Light,Unknown,MD,Passenger Car,Moving Constant Speed,25,No,2009,HONDA,CIVIC,39.21195167,-77.142595,2024,11,6
240055224,Injury Crash,11/18/2024 05:52:00 AM,METRORAIL TRACK B2 RAIL,NA,Angle,Clear,Dry,Medium,Traffic Control Signal,NONE DETECTED,Yes,Possible Minor Injury,NA,Unknown,MD,Passenger Car,Turning Left,35,No,2013,FORD,FUSION,39.01572369,-77.04286843,2024,11,5
240055224,Injury Crash,11/18/2024 05:52:00 AM,METRORAIL TRACK B2 RAIL,NA,Angle,Clear,Dry,Medium,Traffic Control Signal,NONE DETECTED,No,Possible Minor Injury,NA,Unknown,MD,Passenger Car,Moving Constant Speed,35,No,2007,PONTIAC,G6,39.01572369,-77.04286843,2024,11,5
240055211,Property Damage Crash,11/17/2024 11:37:00 PM,RAMP 1 FR IS 270 NB TO MD 117 WB,NA,Single Vehicle,Clear,Dry,Medium,No Controls,NONE DETECTED,No,No Apparent Injury,Ran Off Roadway,Unknown,MD,Passenger Car,Negotiating a Curve,55,No,2024,TOYOTA,COROLLA,39.1417025,-77.212155,2024,11,23
240055197,Injury Crash,11/17/2024 08:00:00 PM,NEW HAMPSHIRE AVE,NA,"Sideswipe, Opposite Direction",Clear,Dry,Medium,Traffic Control Signal,NONE DETECTED,No,No Apparent Injury,NA,Not Distracted,MD,Passenger Car,Moving Constant Speed,45,No,2014,TOYOTA,AVALON,39.0396375,-76.99044383,2024,11,20
240055197,Injury Crash,11/17/2024 08:00:00 PM,NEW HAMPSHIRE AVE,NA,"Sideswipe, Opposite Direction",Clear,Dry,Medium,Traffic Control Signal,NONE DETECTED,Yes,No Apparent Injury,NA,Unknown,MD,Passenger Car,Turning Left,45,No,2014,TOYOTA,CAMRY,39.0396375,-76.99044383,2024,11,20
240055197,Injury Crash,11/17/2024 08:00:00 PM,NEW HAMPSHIRE AVE,NA,"Sideswipe, Opposite Direction",Clear,Dry,Medium,Traffic Control Signal,NONE DETECTED,No,Possible Minor Injury,NA,Not Distracted,MD,Bus - Transit,Moving Constant Speed,45,No,2022,NEW FLYER,XCELSIOR,39.0396375,-76.99044383,2024,11,20
240055199,Injury Crash,11/17/2024 07:38:00 PM,CENTERWAY RD,NA,Front to Front,Clear,Dry,Medium,No Controls,NONE DETECTED,No,No Apparent Injury,NA,Not Distracted,MD,Passenger Car,Moving Constant Speed,35,No,2020,FORD,F-150,39.16971981,-77.19465566,2024,11,19
240055199,Injury Crash,11/17/2024 07:38:00 PM,CENTERWAY RD,NA,Front to Front,Clear,Dry,Medium,No Controls,ALCOHOL PRESENT,Yes,No Apparent Injury,NA,Not Distracted,MD,Passenger Car,Moving Constant Speed,35,No,2017,TOYOTA,CAMRY,39.16971981,-77.19465566,2024,11,19
240055199,Injury Crash,11/17/2024 07:38:00 PM,CENTERWAY RD,NA,Front to Front,Clear,Dry,Medium,No Controls,NONE DETECTED,No,No Apparent Injury,NA,Not Distracted,MD,Passenger Car,Moving Constant Speed,35,No,2017,HYUNDAI,SONATA,39.16971981,-77.19465566,2024,11,19
240055199,Injury Crash,11/17/2024 07:38:00 PM,CENTERWAY RD,NA,Front to Front,Clear,Dry,Medium,No Controls,NONE DETECTED,No,No Apparent Injury,NA,Not Distracted,MD,Passenger Car,Moving Constant Speed,35,No,2019,TOYOTA,RAV4,39.16971981,-77.19465566,2024,11,19
240055192,Injury Crash,11/17/2024 07:30:00 PM,GEORGIA AVE,NA,Single Vehicle,Clear,Dry,Dark,No Controls,NONE DETECTED,Yes,Possible Minor Injury,NA,Not Distracted,MD,Passenger Car,Moving Constant Speed,45,No,2010,SUBARU,FORESTER,39.23438383,-77.05589333,2024,11,19
240055185,Property Damage Crash,11/17/2024 06:45:00 PM,RAMP 5 FR RAMP 6 (US29) TO BLACKBURN RD,NA,Single Vehicle,Clear,Dry,Dark,No Controls,NONE DETECTED,Yes,No Apparent Injury,NA,Unknown,MD,Passenger Car,Negotiating a Curve,20,No,2019,LEXUS,ES,39.10725667,-76.931971,2024,11,18
240055183,Property Damage Crash,11/17/2024 05:46:00 PM,NEW HAMPSHIRE AVE (SB/L),NA,Front to Rear,Clear,Dry,Medium,Flashing Traffic Control Signal,NONE DETECTED,No,NA,NA,NA,NA,Other Trucks,Moving Constant Speed,35,No,2018,GMC,SAVANA,39.01195798,-76.97892743,2024,11,17
240055183,Property Damage Crash,11/17/2024 05:46:00 PM,NEW HAMPSHIRE AVE (SB/L),NA,Front to Rear,Clear,Dry,Medium,Traffic Control Signal,NONE DETECTED,No,No Apparent Injury,NA,Not Distracted,MD,Passenger Car,Moving Constant Speed,35,No,2018,NISSAN,LEAF,39.01195798,-76.97892743,2024,11,17
240055183,Property Damage Crash,11/17/2024 05:46:00 PM,NEW HAMPSHIRE AVE (SB/L),NA,Front to Rear,Clear,Dry,Medium,Traffic Control Signal,NONE DETECTED,No,No Apparent Injury,NA,Not Distracted,MD,Passenger Car,Moving Constant Speed,35,No,2017,NISSAN,ALTIMA,39.01195798,-76.97892743,2024,11,17
240055183,Property Damage Crash,11/17/2024 05:46:00 PM,NEW HAMPSHIRE AVE (SB/L),NA,Front to Rear,Clear,Dry,Medium,Traffic Control Signal,NONE DETECTED,No,No Apparent Injury,NA,Not Distracted,MD,Passenger Car,Moving Constant Speed,35,No,2023,TOYOTA,4-RUNNER,39.01195798,-76.97892743,2024,11,17
240055183,Property Damage Crash,11/17/2024 05:46:00 PM,NEW HAMPSHIRE AVE (SB/L),NA,Front to Rear,Clear,Dry,Medium,Traffic Control Signal,NONE DETECTED,No,No Apparent Injury,NA,Not Distracted,MD,Passenger Car,Moving Constant Speed,35,No,2012,TOYOTA,HIGHLANDER,39.01195798,-76.97892743,2024,11,17
240055176,Property Damage Crash,11/17/2024 05:45:00 PM,OLD COLUMBIA PIKE,NA,"Sideswipe, Opposite Direction",Clear,Dry,Medium,Traffic Control Signal,NONE DETECTED,No,No Apparent Injury,NA,Not Distracted,MD,Passenger Car,Accelerating,35,No,2013,HONDA,CR-V,39.0760575,-76.95759667,2024,11,17
240055176,Property Damage Crash,11/17/2024 05:45:00 PM,OLD COLUMBIA PIKE,NA,"Sideswipe, Opposite Direction",Clear,Dry,Medium,Traffic Control Signal,NONE DETECTED,Yes,No Apparent Injury,NA,Not Distracted,MD,Passenger Car,Turning Left,35,No,2015,HONDA,CIVIC,39.0760575,-76.95759667,2024,11,17
240055168,Property Damage Crash,11/17/2024 04:05:00 PM,GEORGIA AVE,NA,"Sideswipe, Same Direction",Clear,Dry,Daylight,No Controls,NONE DETECTED,Yes,No Apparent Injury,NA,NA,NA,Passenger Car,Overtaking/Passing,35,No,2024,BMW,UNKNOWN,39.00664871,-77.03914554,2024,11,16
240055168,Property Damage Crash,11/17/2024 04:05:00 PM,GEORGIA AVE,NA,"Sideswipe, Same Direction",Clear,Dry,Daylight,No Controls,NONE DETECTED,No,No Apparent Injury,NA,Not Distracted,DC,Passenger Car,Moving Constant Speed,35,No,2019,FORD,FUSION,39.00664871,-77.03914554,2024,11,16
240055164,Injury Crash,11/17/2024 03:56:00 PM,BONIFANT RD,NA,Angle,Clear,Dry,Daylight,No Controls,NONE DETECTED,Yes,Possible Minor Injury,Failed to Yield Right-of-Way,Unknown,MD,Passenger Car,Turning Left,35,No,2014,TOYOTA,PRIUS,39.09440596,-77.02760762,2024,11,15
240055164,Injury Crash,11/17/2024 03:56:00 PM,BONIFANT RD,NA,Angle,Clear,Dry,Daylight,No Controls,NONE DETECTED,No,Possible Minor Injury,NA,Not Distracted,MD,Passenger Car,Moving Constant Speed,35,No,2022,KIA,SORENTO,39.09440596,-77.02760762,2024,11,15
240055144,Property Damage Crash,11/17/2024 01:29:00 PM,GENTLE CIR,NA,Angle,Clear,Dry,Daylight,No Controls,NONE DETECTED,No,No Apparent Injury,NA,Not Distracted,CA,Passenger Car,Moving Constant Speed,25,No,2016,TOYOTA,SCION IA,39.18890833,-77.19453833,2024,11,13
240055144,Property Damage Crash,11/17/2024 01:29:00 PM,GENTLE CIR,NA,Angle,Clear,Dry,Daylight,No Controls,NONE DETECTED,Yes,No Apparent Injury,NA,Unknown,MD,Passenger Car,Moving Constant Speed,25,No,2024,CHEVROLET,TRAX,39.18890833,-77.19453833,2024,11,13
240055132,Property Damage Crash,11/17/2024 12:57:00 PM,WARING STATION RD,NA,"Sideswipe, Same Direction",Clear,Dry,Daylight,Traffic Control Signal,NONE DETECTED,Yes,No Apparent Injury,Other Improper Action,Not Distracted,MD,Sport Utility Vehicle,Moving Constant Speed,35,No,2011,HONDA,CR-V,39.1752326,-77.25352035,2024,11,12
240055132,Property Damage Crash,11/17/2024 12:57:00 PM,WARING STATION RD,NA,"Sideswipe, Same Direction",Clear,Dry,Daylight,Traffic Control Signal,NONE DETECTED,Yes,No Apparent Injury,Other Improper Action,Not Distracted,MD,Passenger Car,Moving Constant Speed,35,No,2022,NISSAN,VERSA,39.1752326,-77.25352035,2024,11,12
24002426,Injury Crash,11/17/2024 12:33:00 PM,BEACH DR,Pedestrian,Single Vehicle,Clear,Dry,Daylight,No Controls,NONE DETECTED,No,No Apparent Injury,NA,Unknown,MD,Passenger Car,Backing,25,No,2018,SUBARU,OUTBACK,38.98646597,-77.06239228,2024,11,12
240055136,Property Damage Crash,11/17/2024 11:50:00 AM,ROCKVILLE PIKE (SB/L),NA,"Sideswipe, Same Direction",Clear,Dry,Daylight,No Controls,NONE DETECTED,No,No Apparent Injury,NA,Not Distracted,GA,Sport Utility Vehicle,Moving Constant Speed,35,No,2020,KIA,SPORTAGE,39.01676177,-77.10150002,2024,11,11
240055136,Property Damage Crash,11/17/2024 11:50:00 AM,ROCKVILLE PIKE (SB/L),NA,"Sideswipe, Same Direction",Clear,Dry,Daylight,No Controls,NONE DETECTED,No,No Apparent Injury,Failed to Keep in Proper Lane,Unknown,NA,Sport Utility Vehicle,Moving Constant Speed,35,No,2012,PORSCHE,CAYENNE,39.01676177,-77.10150002,2024,11,11
240055106,Injury Crash,11/17/2024 09:29:00 AM,NA,NA,"Sideswipe, Same Direction",Clear,Dry,Daylight,No Controls,NONE DETECTED,No,Possible Minor Injury,NA,Not Distracted,MD,Passenger Car,Moving Constant Speed,35,No,2016,BUICK,ENCORE,39.07790895,-76.97880938,2024,11,9
240055106,Injury Crash,11/17/2024 09:29:00 AM,NA,NA,"Sideswipe, Same Direction",Clear,Dry,Daylight,No Controls,NONE DETECTED,Yes,Possible Minor Injury,NA,Not Distracted,MD,Passenger Car,Making U-Turn,30,No,2019,FORD,F-150,39.07790895,-76.97880938,2024,11,9
240055109,Property Damage Crash,11/17/2024 09:00:00 AM,RAMP 6 FR MD 124 EB TO RAMP 7 (TO IS270),NA,"Sideswipe, Same Direction",Clear,Dry,Daylight,Traffic Control Signal,NONE DETECTED,No,NA,NA,NA,NA,Passenger Car,Moving Constant Speed,35,No,2013,FORD,E-350,39.14797789,-77.2181128,2024,11,9
240055109,Property Damage Crash,11/17/2024 09:00:00 AM,RAMP 6 FR MD 124 EB TO RAMP 7 (TO IS270),NA,"Sideswipe, Same Direction",Clear,Dry,Daylight,Traffic Control Signal,NONE DETECTED,No,No Apparent Injury,NA,Not Distracted,MD,Passenger Car,Moving Constant Speed,35,No,2014,MITSUBISHI,LANCER,39.14797789,-77.2181128,2024,11,9
240055098,Property Damage Crash,11/17/2024 06:20:00 AM,CLARKSBURG RD,NA,Single Vehicle,Clear,Dry,Medium,Traffic Control Signal,NONE DETECTED,Yes,No Apparent Injury,Ran Off Roadway,Unknown,MD,Passenger Car,Turning Left,30,No,2008,HONDA,CIVIC,39.23277678,-77.28384965,2024,11,6
240055093,Injury Crash,11/17/2024 03:15:00 AM,COLUMBIA PIKE,NA,Front to Front,Clear,Dry,Dark,No Controls,NONE DETECTED,Yes,No Apparent Injury,Ran Off Roadway,Not Distracted,MD,Passenger Car,Stopped in Traffic,50,No,2021,NISSAN,SENTRA,39.10188128,-76.93415489,2024,11,3
240055093,Injury Crash,11/17/2024 03:15:00 AM,COLUMBIA PIKE,NA,Front to Front,Clear,Dry,Dark,No Controls,NONE DETECTED,No,Possible Minor Injury,NA,Not Distracted,MD,Passenger Car,Moving Constant Speed,50,No,2021,FORD,ESCAPE,39.10188128,-76.93415489,2024,11,3
240055085,Injury Crash,11/17/2024 01:20:00 AM,HENDERSON AVE,NA,Front to Rear,Clear,Dry,Medium,Stop Sign,NONE DETECTED,No,Possible Minor Injury,NA,Not Distracted,MD,Passenger Car,Moving Constant Speed,25,No,2018,NISSAN,ALTIMA,39.05069476,-77.05161237,2024,11,1
240055085,Injury Crash,11/17/2024 01:20:00 AM,HENDERSON AVE,NA,Front to Rear,Clear,Dry,Medium,Stop Sign,NONE DETECTED,No,NA,NA,NA,NA,NA,Accelerating,15,No,0,NA,NA,39.05069476,-77.05161237,2024,11,1
240055079,Injury Crash,11/17/2024 12:00:00 AM,GEORGIA AVE,NA,Front to Rear,Clear,Dry,Medium,Traffic Control Signal,NONE DETECTED,No,No Apparent Injury,NA,Not Distracted,MD,Passenger Car,Moving Constant Speed,25,No,2019,CHEVROLET,TRAX,39.031945640000004,-77.04824742,2024,11,0
240055079,Injury Crash,11/17/2024 12:00:00 AM,GEORGIA AVE,NA,Front to Rear,Clear,Dry,Medium,Traffic Control Signal,NONE DETECTED,Yes,No Apparent Injury,NA,"Other Action (looking away from task, etc.)",MD,Passenger Car,Moving Constant Speed,35,No,2014,TOYOTA,CAMRY,39.031945640000004,-77.04824742,2024,11,0
240055069,Property Damage Crash,11/16/2024 09:27:00 PM,FREDERICK RD,NA,Front to Rear,Clear,Dry,Medium,Flashing Traffic Control Signal,NONE DETECTED,No,No Apparent Injury,NA,Not Distracted,MD,Sport Utility Vehicle,Slowing or Stopping,40,No,2021,BMW,X5,39.11910664,-77.17168883,2024,11,21
240055069,Property Damage Crash,11/16/2024 09:27:00 PM,FREDERICK RD,NA,Front to Rear,Clear,Dry,Medium,Flashing Traffic Control Signal,NONE DETECTED,Yes,No Apparent Injury,NA,Not Distracted,MD,Passenger Car,Moving Constant Speed,40,No,2019,TOYOTA,COROLLA,39.11910664,-77.17168883,2024,11,21
240055067,Property Damage Crash,11/16/2024 09:00:00 PM,NA,NA,"Sideswipe, Opposite Direction",Clear,NA,Medium,NA,NONE DETECTED,No,No Apparent Injury,NA,Not Distracted,DC,Passenger Car,Moving Constant Speed,0,No,2024,KIA,FORTE,39.04113883,-76.99033267,2024,11,21
240055067,Property Damage Crash,11/16/2024 09:00:00 PM,NA,NA,"Sideswipe, Opposite Direction",Clear,NA,Medium,NA,NONE DETECTED,Yes,No Apparent Injury,NA,Unknown,MD,Passenger Car,Accelerating,0,No,2024,LEXUS,NX,39.04113883,-76.99033267,2024,11,21
240055065,Property Damage Crash,11/16/2024 08:00:00 PM,SLIGO CREEK PKWY,NA,Front to Rear,Clear,Dry,Medium,No Controls,ALCOHOL PRESENT,Yes,No Apparent Injury,Failed to Keep in Proper Lane,Not Distracted,MD,Passenger Car,Changing Lanes,35,No,2021,TOYOTA,RAV4,38.98048366,-76.98956938,2024,11,20
240055065,Property Damage Crash,11/16/2024 08:00:00 PM,SLIGO CREEK PKWY,NA,Front to Rear,Clear,Dry,Medium,No Controls,NONE DETECTED,No,No Apparent Injury,NA,Not Distracted,VA,Passenger Car,Changing Lanes,35,No,2019,NISSAN,ALTIMA,38.98048366,-76.98956938,2024,11,20
240055058,Property Damage Crash,11/16/2024 07:38:00 PM,RANDOLPH RD (WB/L),NA,Other,Clear,Dry,Medium,Other,NONE DETECTED,No,No Apparent Injury,Failed to Yield Right-of-Way,Unknown,MD,Passenger Car,Turning Left,45,No,2012,HYUNDAI,ELANTRA,39.06665483,-77.01989117,2024,11,19
240055058,Property Damage Crash,11/16/2024 07:38:00 PM,RANDOLPH RD (WB/L),NA,Other,Clear,Dry,Medium,Other,NONE DETECTED,No,No Apparent Injury,NA,Not Distracted,MD,Passenger Car,Moving Constant Speed,45,No,2013,NISSAN,ALTIMA,39.06665483,-77.01989117,2024,11,19
240055052,Property Damage Crash,11/16/2024 06:34:00 PM,NA,NA,Single Vehicle,Clear,NA,Medium,NA,NONE DETECTED,Yes,No Apparent Injury,NA,Not Distracted,MD,Sport Utility Vehicle,Accelerating,0,No,2013,MERCEDES-BENZ,GLK-CLASS,39.04778438,-76.99030399,2024,11,18
240055043,Property Damage Crash,11/16/2024 05:40:00 PM,MULLINIX MILL RD,NA,Angle,Clear,Dry,Dark,No Controls,NONE DETECTED,No,No Apparent Injury,NA,Not Distracted,MD,Sport Utility Vehicle,Moving Constant Speed,40,No,1996,DODGE,DAKOTA,39.28974765,-77.16106709,2024,11,17
240055043,Property Damage Crash,11/16/2024 05:40:00 PM,MULLINIX MILL RD,NA,Angle,Clear,Dry,Dark,Stop Sign,NONE DETECTED,Yes,No Apparent Injury,Failed to Yield Right-of-Way,Not Distracted,MD,Passenger Car,Accelerating,40,No,2012,NISSAN,VERSA,39.28974765,-77.16106709,2024,11,17
240055040,Injury Crash,11/16/2024 05:00:00 PM,SUNDOWN RD,Cyclist (non-electric),Single Vehicle,Clear,Dry,Medium,No Controls,NONE DETECTED,No,NA,NA,NA,NA,NA,NA,40,No,0,NA,NA,39.2127986,-77.13708446,2024,11,17
240055030,Injury Crash,11/16/2024 04:05:00 PM,NO NAME,NA,Angle,Clear,Dry,Daylight,No Controls,NONE DETECTED,Yes,No Apparent Injury,NA,Unknown,MD,Passenger Car,Turning Left,35,No,2015,INFINITI,Q40,39.00115803,-76.98825214,2024,11,16
240055030,Injury Crash,11/16/2024 04:05:00 PM,NO NAME,NA,Angle,Clear,Dry,Daylight,No Controls,NONE DETECTED,No,Possible Minor Injury,NA,Not Distracted,MD,Passenger Car,Moving Constant Speed,35,No,2013,HONDA,RIDGELINE,39.00115803,-76.98825214,2024,11,16
240055029,Property Damage Crash,11/16/2024 04:00:00 PM,ROTHBURY DR,NA,Angle,Clear,Dry,Daylight,Stop Sign,NONE DETECTED,No,No Apparent Injury,NA,Not Distracted,MD,Passenger Car,Accelerating,25,No,2014,JEEP,PATRIOT,39.18516587,-77.19394348,2024,11,16
240055029,Property Damage Crash,11/16/2024 04:00:00 PM,ROTHBURY DR,NA,Angle,Clear,Dry,Daylight,Stop Sign,NONE DETECTED,Yes,No Apparent Injury,Failed to Yield Right-of-Way,Not Distracted,MD,Passenger Car,Accelerating,25,No,2005,SUBARU,OUTBACK,39.18516587,-77.19394348,2024,11,16