Local Case Number,ACRS Report Type,Crash Date/Time,Road Name,Related Non-Motorist,Collision Type,Weather,Surface Condition,Light,Traffic Control,Driver Substance Abuse,Driver At Fault,Injury Severity,Circumstance,Driver Distracted By,Drivers License State,Vehicle Body Type,Vehicle Movement,Speed Limit,Driverless Vehicle,Vehicle Year,Vehicle Make,Vehicle Model,Latitude,Longitude,Year,Month,Hour
240055028,Property Damage Crash,11/16/2024 03:40:00 PM,NA,NA,Single Vehicle,Clear,NA,Daylight,NA,NONE DETECTED,Yes,No Apparent Injury,"Over-Correcting/Over-Steering, Too Fast For Conditions",Not Distracted,NA,Passenger Car,NA,0,No,2010,NISSAN,SENTRA,39.046826,-77.1919094,2024,11,15
240055059,Injury Crash,11/16/2024 03:00:00 PM,DENNIS AVE,Pedestrian,Single Vehicle,Clear,Dry,Daylight,No Controls,NONE DETECTED,No,No Apparent Injury,Other Improper Action,Unknown,NA,Passenger Car,Moving Constant Speed,15,No,0,NA,NA,39.0242829,-77.05330736,2024,11,15
240055020,Property Damage Crash,11/16/2024 02:39:00 PM,EISENHOWER MEMORIAL HWY (SB/L),NA,Single Vehicle,Clear,Dry,Daylight,No Controls,NONE DETECTED,Yes,No Apparent Injury,NA,Not Distracted,MD,Passenger Car,Moving Constant Speed,55,No,2014,MAZDA,CX-5,39.08231833,-77.17212333,2024,11,14
240055016,Property Damage Crash,11/16/2024 01:41:00 PM,CONNECTICUT AVE,NA,"Sideswipe, Same Direction",Clear,Dry,Daylight,Traffic Control Signal,NONE DETECTED,No,No Apparent Injury,NA,Not Distracted,MD,Pickup,Moving Constant Speed,30,No,2021,CHEVROLET,SILVERADO,38.97690683,-77.07709417,2024,11,13
240055016,Property Damage Crash,11/16/2024 01:41:00 PM,CONNECTICUT AVE,NA,"Sideswipe, Same Direction",Clear,Dry,Daylight,Traffic Control Signal,NONE DETECTED,Yes,No Apparent Injury,NA,Not Distracted,MD,Other,Moving Constant Speed,30,No,2020,PIERCE MANUFACTURING,ARROW XT,38.97690683,-77.07709417,2024,11,13
240055013,Property Damage Crash,11/16/2024 01:36:00 PM,STEWART LA,NA,Angle,Clear,Dry,Daylight,Traffic Control Signal,NONE DETECTED,No,No Apparent Injury,NA,Not Distracted,MD,Van - Cargo,Accelerating,35,No,2022,FORD,TRANSIT,39.04652761,-76.98691696,2024,11,13
240055013,Property Damage Crash,11/16/2024 01:36:00 PM,STEWART LA,NA,Angle,Clear,Dry,Daylight,Traffic Control Signal,NONE DETECTED,Yes,No Apparent Injury,"Over-Correcting/Over-Steering, Too Fast For Conditions",Not Distracted,MD,Passenger Car,Moving Constant Speed,40,No,2017,TOYOTA,RAV4,39.04652761,-76.98691696,2024,11,13
240055014,Property Damage Crash,11/16/2024 01:25:00 PM,JUDSON RD,NA,Unknown,Clear,Dry,Daylight,No Controls,NONE DETECTED,No,No Apparent Injury,NA,Unknown,MD,"Construction Equipment (backhoe, bulldozer, etc.)",NA,15,No,2021,KENWORTH,T4 SERIES,39.05287195,-77.05821619,2024,11,13
240055011,Property Damage Crash,11/16/2024 12:51:00 PM,WOODFIELD RD,NA,Front to Rear,Clear,Dry,Daylight,No Controls,NONE DETECTED,No,No Apparent Injury,NA,Unknown,MD,Sport Utility Vehicle,Slowing or Stopping,30,No,2015,TOYOTA,4-RUNNER,39.24327829,-77.18491461,2024,11,12
240055011,Property Damage Crash,11/16/2024 12:51:00 PM,WOODFIELD RD,NA,Front to Rear,Clear,Dry,Daylight,No Controls,NONE DETECTED,Yes,No Apparent Injury,Followed Too Closely,Unknown,MD,Sport Utility Vehicle,Slowing or Stopping,30,No,2021,CHEVROLET,TRAVERSE,39.24327829,-77.18491461,2024,11,12
240054999,Property Damage Crash,11/16/2024 12:12:00 PM,NOYES CT,NA,Angle,Clear,Dry,Daylight,Stop Sign,NONE DETECTED,Yes,No Apparent Injury,Failed to Yield Right-of-Way,Not Distracted,VA,Passenger Car,Turning Left,35,No,2020,TESLA,MODEL X,39.00081029,-77.02546538,2024,11,12
240054999,Property Damage Crash,11/16/2024 12:12:00 PM,NOYES CT,NA,Angle,Clear,Dry,Daylight,Lane Use Control Signal,NONE DETECTED,No,No Apparent Injury,NA,Not Distracted,MD,Passenger Car,Moving Constant Speed,35,No,2011,TOYOTA,CAMRY,39.00081029,-77.02546538,2024,11,12
240054994,Property Damage Crash,11/16/2024 11:15:00 AM,OLD GEORGETOWN RD,NA,"Sideswipe, Same Direction",Clear,Dry,Daylight,Traffic Control Signal,NONE DETECTED,Yes,No Apparent Injury,"Failed to Keep in Proper Lane, Improper Turn",Not Distracted,MD,Other Trucks,Turning Right,35,No,2008,STERLING TRUCK,L8500 SERIES,39.00456293,-77.10996826,2024,11,11
240054994,Property Damage Crash,11/16/2024 11:15:00 AM,OLD GEORGETOWN RD,NA,"Sideswipe, Same Direction",Clear,Dry,Daylight,Traffic Control Signal,NONE DETECTED,No,No Apparent Injury,NA,Not Distracted,MD,Passenger Car,Turning Right,35,No,1996,CHEVROLET,CORVETTE,39.00456293,-77.10996826,2024,11,11
240054949,Injury Crash,11/16/2024 01:58:00 AM,NORBECK RD,NA,Front to Rear,Clear,Dry,Medium,Traffic Control Signal,NONE DETECTED,No,No Apparent Injury,NA,Not Distracted,MD,Passenger Car,Stopped in Traffic,45,No,2018,TESLA,MODEL 3,39.10937842,-77.07581676,2024,11,1
240054949,Injury Crash,11/16/2024 01:58:00 AM,NORBECK RD,NA,Front to Rear,Clear,Dry,Medium,Traffic Control Signal,NONE DETECTED,Yes,Possible Minor Injury,NA,Unknown,MD,Passenger Car,Stopped in Traffic,45,No,2011,HYUNDAI,SONATA,39.10937842,-77.07581676,2024,11,1
240054927,Property Damage Crash,11/15/2024 10:37:00 PM,CHESLEY KNOLL DR,NA,Front to Front,Clear,Dry,Medium,No Controls,ALCOHOL PRESENT,Yes,No Apparent Injury,NA,Unknown,MD,Passenger Car,Moving Constant Speed,20,No,2016,HONDA,ACCORD,39.18138351,-77.18396238,2024,11,22
240054937,Property Damage Crash,11/15/2024 10:29:00 PM,WADE AVE,NA,Front to Rear,Clear,Dry,Medium,No Controls,DRUG AND ALCOHOL CONTRIBUTED,No,No Apparent Injury,Improper Backing,Unknown,MD,Passenger Car,Backing,25,No,2016,INFINITI,QX50,39.07617856,-77.13306007,2024,11,22
240054930,Property Damage Crash,11/15/2024 10:16:00 PM,ROCKVILLE PIKE (SB/L),NA,Front to Rear,Clear,Dry,Dark,No Controls,NONE DETECTED,No,No Apparent Injury,NA,NA,NA,NA,Accelerating,35,No,0,NA,NA,39.07614046,-77.13814932,2024,11,22
240054930,Property Damage Crash,11/15/2024 10:16:00 PM,ROCKVILLE PIKE (SB/L),NA,Front to Rear,Clear,Dry,Dark,No Controls,NONE DETECTED,No,No Apparent Injury,NA,Not Distracted,MD,Passenger Car,Moving Constant Speed,35,No,2020,HONDA,HR-V,39.07614046,-77.13814932,2024,11,22
240054923,Injury Crash,11/15/2024 09:17:00 PM,NA,NA,"Sideswipe, Same Direction",Clear,Dry,Medium,Traffic Control Signal,NONE DETECTED,Yes,Possible Minor Injury,Disregarded Other Road Markings,Not Distracted,PA,Passenger Car,Accelerating,35,No,2005,FORD,MUSTANG,39.14933374,-77.01233514,2024,11,21
240054923,Injury Crash,11/15/2024 09:17:00 PM,NA,NA,"Sideswipe, Same Direction",Clear,Dry,Medium,Traffic Control Signal,NONE DETECTED,No,No Apparent Injury,NA,Not Distracted,MD,Pickup,Accelerating,35,No,2022,TOYOTA,TACOMA,39.14933374,-77.01233514,2024,11,21
240054919,Injury Crash,11/15/2024 09:00:00 PM,SHADY GROVE RD,NA,Angle,Clear,Dry,Medium,Traffic Control Signal,NONE DETECTED,No,Suspected Serious Injury,Failed to Yield Right-of-Way,Unknown,MD,Passenger Car,Turning Left,40,No,2019,NISSAN,SENTRA,39.09308049,-77.19639862,2024,11,21
240054919,Injury Crash,11/15/2024 09:00:00 PM,SHADY GROVE RD,NA,Angle,Clear,Dry,Medium,Traffic Control Signal,NONE DETECTED,No,Possible Minor Injury,NA,Not Distracted,MD,Passenger Car,Moving Constant Speed,40,No,2016,VOLKSWAGEN,GOLF GTI,39.09308049,-77.19639862,2024,11,21
240054918,Injury Crash,11/15/2024 08:09:00 PM,CONNECTICUT AVE,NA,Front to Rear,Clear,Dry,Medium,Pedestrian Crossing Sign,NONE DETECTED,Yes,No Apparent Injury,NA,Not Distracted,MD,Passenger Car,Moving Constant Speed,25,No,2011,NISSAN,VERSA,39.09135759,-77.07061312,2024,11,20
240054918,Injury Crash,11/15/2024 08:09:00 PM,CONNECTICUT AVE,NA,Front to Rear,Clear,Dry,Medium,Pedestrian Crossing Sign,NONE DETECTED,No,No Apparent Injury,NA,Not Distracted,MD,Passenger Car,Slowing or Stopping,25,No,2020,MERCEDES-BENZ,S-CLASS,39.09135759,-77.07061312,2024,11,20
240054914,Injury Crash,11/15/2024 07:44:00 PM,SHAKESPEARE BLVD (WB/L),NA,Angle,Clear,Dry,Medium,Traffic Control Signal,NONE DETECTED,Yes,No Apparent Injury,Failed to Yield Right-of-Way,Not Distracted,NA,Passenger Car,Turning Left,30,No,2021,HONDA,CIVIC,39.19831884,-77.244909,2024,11,19
240054914,Injury Crash,11/15/2024 07:44:00 PM,SHAKESPEARE BLVD (WB/L),NA,Angle,Clear,Dry,Medium,Traffic Control Signal,NONE DETECTED,No,No Apparent Injury,NA,Not Distracted,MD,Passenger Car,Stopped in Traffic,30,No,2017,TOYOTA,CAMRY,39.19831884,-77.244909,2024,11,19
240054914,Injury Crash,11/15/2024 07:44:00 PM,SHAKESPEARE BLVD (WB/L),NA,Angle,Clear,Dry,Medium,Traffic Control Signal,NONE DETECTED,No,Possible Minor Injury,NA,Not Distracted,MD,Passenger Car,Moving Constant Speed,40,No,2016,HONDA,CIVIC,39.19831884,-77.244909,2024,11,19
240054921,Injury Crash,11/15/2024 07:25:00 PM,NA,Pedestrian,Single Vehicle,Clear,Dry,Medium,Traffic Control Signal,NONE DETECTED,No,No Apparent Injury,Failed to Yield Right-of-Way,Unknown,NA,Passenger Car,Turning Right,25,No,0,NA,NA,39.15629709,-77.16548354,2024,11,19
240054908,Injury Crash,11/15/2024 07:10:00 PM,ROCKVILLE PIKE (SB/L),NA,Single Vehicle,Clear,Dry,Medium,Traffic Control Signal,NONE DETECTED,No,Possible Minor Injury,NA,Not Distracted,NC,Passenger Car,Moving Constant Speed,35,No,2012,HONDA,PILOT,39.01488284,-77.09977197,2024,11,19
240054909,Property Damage Crash,11/15/2024 07:07:00 PM,DEMOCRACY BLVD,NA,Other,Clear,Dry,Dark,No Controls,NONE DETECTED,Yes,No Apparent Injury,"Followed Too Closely, Too Fast For Conditions",Unknown,MD,Pickup,Moving Constant Speed,35,No,2002,TOYOTA,TACOMA,39.02326733,-77.15880483,2024,11,19
240054909,Property Damage Crash,11/15/2024 07:07:00 PM,DEMOCRACY BLVD,NA,Other,Clear,Dry,Dark,No Controls,NONE DETECTED,Yes,No Apparent Injury,"Followed Too Closely, Too Fast For Conditions",Unknown,MD,Sport Utility Vehicle,Moving Constant Speed,35,No,2020,JEEP,GRAND CHEROKEE,39.02326733,-77.15880483,2024,11,19
240054909,Property Damage Crash,11/15/2024 07:07:00 PM,DEMOCRACY BLVD,NA,Other,Clear,Dry,Dark,No Controls,NONE DETECTED,No,No Apparent Injury,NA,Not Distracted,VA,Passenger Car,Slowing or Stopping,35,No,2024,MERCEDES-BENZ,E-CLASS,39.02326733,-77.15880483,2024,11,19
240054904,Injury Crash,11/15/2024 06:52:00 PM,KEY WEST AVE (WB/L),NA,Front to Rear,Clear,Dry,Dark,Traffic Control Signal,NONE DETECTED,No,Possible Minor Injury,NA,Not Distracted,MD,Passenger Car,Stopped in Traffic,40,No,2007,TOYOTA,CAMRY,39.103466,-77.2058925,2024,11,18
240054904,Injury Crash,11/15/2024 06:52:00 PM,KEY WEST AVE (WB/L),NA,Front to Rear,Clear,Dry,Dark,Traffic Control Signal,NONE DETECTED,No,Possible Minor Injury,NA,Unknown,NA,Unknown,NA,40,No,0,NA,NA,39.103466,-77.2058925,2024,11,18
240054894,Injury Crash,11/15/2024 06:00:00 PM,EISENHOWER MEMORIAL HWY,NA,Front to Rear,Clear,Dry,Medium,No Controls,NONE DETECTED,No,No Apparent Injury,NA,Not Distracted,MD,Sport Utility Vehicle,Stopped in Traffic,55,No,2021,TOYOTA,HIGHLANDER,39.15391263,-77.22206494,2024,11,18
240054894,Injury Crash,11/15/2024 06:00:00 PM,EISENHOWER MEMORIAL HWY,NA,Front to Rear,Clear,Dry,Medium,No Controls,NONE DETECTED,Yes,No Apparent Injury,Too Fast For Conditions,Unknown,MD,Passenger Car,Changing Lanes,55,No,2015,HYUNDAI,SONATA,39.15391263,-77.22206494,2024,11,18
240054888,Property Damage Crash,11/15/2024 05:25:00 PM,EISENHOWER MEMORIAL HWY (SB/L),NA,Front to Rear,Clear,Dry,Medium,No Controls,NONE DETECTED,Yes,No Apparent Injury,Followed Too Closely,Unknown,MD,Passenger Car,Changing Lanes,55,No,2014,NISSAN,VERSA,39.147151,-77.21603533,2024,11,17
240054888,Property Damage Crash,11/15/2024 05:25:00 PM,EISENHOWER MEMORIAL HWY (SB/L),NA,Front to Rear,Clear,Dry,Medium,No Controls,NONE DETECTED,No,No Apparent Injury,NA,Not Distracted,MD,Passenger Car,Slowing or Stopping,55,No,2021,LEXUS,NX,39.147151,-77.21603533,2024,11,17
240054892,Property Damage Crash,11/15/2024 05:21:00 PM,RAMP 4 FR MD 185 NB TO IS 495 EB,NA,Front to Rear,Clear,Dry,Medium,No Controls,NONE DETECTED,No,No Apparent Injury,NA,Not Distracted,MD,Passenger Car,Slowing or Stopping,35,No,2016,VOLKSWAGEN,TIGUAN,39.0039782,-77.07742095,2024,11,17
240054892,Property Damage Crash,11/15/2024 05:21:00 PM,RAMP 4 FR MD 185 NB TO IS 495 EB,NA,Front to Rear,Clear,Dry,Medium,No Controls,NONE DETECTED,No,No Apparent Injury,NA,Unknown,MD,Passenger Car,Moving Constant Speed,35,No,2016,DODGE,CHALLENGER,39.0039782,-77.07742095,2024,11,17
240054892,Property Damage Crash,11/15/2024 05:21:00 PM,RAMP 4 FR MD 185 NB TO IS 495 EB,NA,Front to Rear,Clear,Dry,Medium,No Controls,NONE DETECTED,No,No Apparent Injury,NA,Not Distracted,MD,Passenger Car,Slowing or Stopping,35,No,2023,NISSAN,KICKS,39.0039782,-77.07742095,2024,11,17
240054890,Property Damage Crash,11/15/2024 05:14:00 PM,NA,NA,Other,Clear,NA,Medium,NA,NONE DETECTED,No,No Apparent Injury,NA,Not Distracted,MD,Van - Cargo,Parked,0,No,2016,RAM,PROMASTER 2500,39.05267104,-77.11089132,2024,11,17
240054890,Property Damage Crash,11/15/2024 05:14:00 PM,NA,NA,Other,Clear,NA,Medium,NA,NONE DETECTED,No,No Apparent Injury,NA,Not Distracted,MD,Sport Utility Vehicle,Turning Left,0,No,2023,MINI,HARDTOP,39.05267104,-77.11089132,2024,11,17
240054878,Property Damage Crash,11/15/2024 04:07:00 PM,NA,NA,"Sideswipe, Same Direction",Clear,NA,Daylight,NA,NONE DETECTED,No,No Apparent Injury,NA,Not Distracted,DC,Sport Utility Vehicle,Negotiating a Curve,0,No,2022,JEEP,WRANGLER,38.9922877,-77.0510035,2024,11,16
240054878,Property Damage Crash,11/15/2024 04:07:00 PM,NA,NA,"Sideswipe, Same Direction",Clear,NA,Daylight,NA,NONE DETECTED,No,No Apparent Injury,NA,Not Distracted,MD,Bus - School,Parked,0,No,2017,THOMAS BUILT,HDX,38.9922877,-77.0510035,2024,11,16
240054871,Property Damage Crash,11/15/2024 03:39:00 PM,VEIRS MILL RD (WB/L),NA,Front to Rear,Clear,Dry,Daylight,Traffic Control Signal,NONE DETECTED,No,No Apparent Injury,NA,Not Distracted,MD,Sport Utility Vehicle,Stopped in Traffic,40,No,2016,TOYOTA,RAV4,39.05537133,-77.08109483,2024,11,15
240054871,Property Damage Crash,11/15/2024 03:39:00 PM,VEIRS MILL RD (WB/L),NA,Front to Rear,Clear,Dry,Daylight,Traffic Control Signal,ALCOHOL PRESENT,Yes,No Apparent Injury,"Followed Too Closely, Operated Motor Vehicle in Inattentive, Careless, Negligent, or Erratic Manner",Unknown,MD,Passenger Car,Slowing or Stopping,40,No,2020,TOYOTA,COROLLA,39.05537133,-77.08109483,2024,11,15
240054873,Property Damage Crash,11/15/2024 03:18:00 PM,MANCHESTER RD,NA,Rear To Rear,Clear,Dry,Daylight,No Controls,NONE DETECTED,No,NA,NA,NA,NA,NA,Backing,25,No,0,NA,NA,38.998938,-77.00883983,2024,11,15
240054858,Property Damage Crash,11/15/2024 01:37:00 PM,BROADBIRCH DR,NA,Rear To Side,Clear,Dry,Daylight,No Controls,NONE DETECTED,No,No Apparent Injury,NA,Not Distracted,MD,Passenger Car,Moving Constant Speed,15,No,2019,HONDA,FIT,39.0555856,-76.96124199,2024,11,13
240054858,Property Damage Crash,11/15/2024 01:37:00 PM,BROADBIRCH DR,NA,Rear To Side,Clear,Dry,Daylight,No Controls,NONE DETECTED,Yes,No Apparent Injury,Failed to Yield Right-of-Way,Not Distracted,MD,Sport Utility Vehicle,Turning Left,15,No,2021,HONDA,PILOT,39.0555856,-76.96124199,2024,11,13
240054851,Injury Crash,11/15/2024 01:37:00 PM,MAPLE AVE,Cyclist (Electric),Single Vehicle,Cloudy,Dry,Daylight,Stop Sign,NONE DETECTED,No,No Apparent Injury,NA,Not Distracted,MD,Passenger Car,Turning Right,25,No,2015,NISSAN,ALTIMA,38.97709933,-77.08454446,2024,11,13
240054847,Property Damage Crash,11/15/2024 01:30:00 PM,CROCUS DR,NA,"Sideswipe, Same Direction",Cloudy,Dry,Daylight,No Controls,NONE DETECTED,No,No Apparent Injury,Followed Too Closely,Not Distracted,MD,Bus - Transit,Moving Constant Speed,25,No,2020,GILLIG,LOW FLOOR BUS,39.09906662,-77.17452637,2024,11,13
240054849,Property Damage Crash,11/15/2024 01:28:00 PM,BROADBIRCH DR,NA,Rear To Side,Clear,Dry,Daylight,Stop Sign,NONE DETECTED,Yes,No Apparent Injury,NA,Not Distracted,MD,Sport Utility Vehicle,Entering Traffic Lane,25,No,2016,BMW,X6,39.05610942,-76.965016,2024,11,13
240054849,Property Damage Crash,11/15/2024 01:28:00 PM,BROADBIRCH DR,NA,Rear To Side,Clear,Dry,Daylight,Stop Sign,NONE DETECTED,No,No Apparent Injury,NA,Not Distracted,MD,Bus - School,Moving Constant Speed,20,No,2020,THOMAS BUILT,HDX,39.05610942,-76.965016,2024,11,13
240054841,Property Damage Crash,11/15/2024 12:50:00 PM,PIER POINT PL,NA,"Sideswipe, Same Direction",Cloudy,Dry,Daylight,No Controls,NONE DETECTED,Yes,No Apparent Injury,Improper Turn,Not Distracted,MD,Bus - School,Turning Left,20,No,2024,FREIGHTLINER,B2 106 ELECTRIC CONVENTIONAL CHASSIS,39.16178743,-77.19829948,2024,11,12
24002416,Property Damage Crash,11/15/2024 12:15:00 PM,GEORGIA AVE (SB/L),NA,Other,Clear,Wet,Daylight,No Controls,NONE DETECTED,No,No Apparent Injury,NA,Unknown,MA,Passenger Car,Stopped in Traffic,35,No,2024,HONDA,CR-V,39.07944925,-77.07371621,2024,11,12
24002416,Property Damage Crash,11/15/2024 12:15:00 PM,GEORGIA AVE (SB/L),NA,Other,Clear,Wet,Daylight,No Controls,NONE DETECTED,No,No Apparent Injury,NA,Unknown,MD,Pickup,Backing,35,No,2013,FORD,F-450,39.07944925,-77.07371621,2024,11,12
240054818,Property Damage Crash,11/15/2024 10:46:00 AM,NA,NA,Angle,Cloudy,NA,Daylight,NA,NONE DETECTED,No,No Apparent Injury,Other Improper Action,Not Distracted,MD,Sport Utility Vehicle,Parked,0,No,2023,LEXUS,GX,39.05380349,-77.11959461,2024,11,10
240054815,Property Damage Crash,11/15/2024 10:46:00 AM,BURDETTE RD,NA,Front to Rear,Cloudy,Dry,Daylight,Traffic Control Signal,NONE DETECTED,No,No Apparent Injury,NA,Not Distracted,MD,Passenger Car,Stopped in Traffic,35,No,2019,MAZDA,CX-5,38.99016165,-77.15272138,2024,11,10
240054815,Property Damage Crash,11/15/2024 10:46:00 AM,BURDETTE RD,NA,Front to Rear,Cloudy,Dry,Daylight,Traffic Control Signal,NONE DETECTED,No,No Apparent Injury,NA,"Other Action (looking away from task, etc.)",MD,Passenger Car,Moving Constant Speed,35,No,2017,CHEVROLET,EXPRESS,38.99016165,-77.15272138,2024,11,10
240054818,Property Damage Crash,11/15/2024 10:46:00 AM,NA,NA,Angle,Cloudy,NA,Daylight,NA,NONE DETECTED,No,No Apparent Injury,Improper Backing,Not Distracted,MD,Pickup,Backing,0,No,2020,CHEVROLET,COLORADO,39.05380349,-77.11959461,2024,11,10
240054801,Injury Crash,11/15/2024 09:16:00 AM,NA,NA,Front to Rear,Cloudy,Wet,Daylight,No Controls,NONE DETECTED,Yes,Possible Minor Injury,NA,Not Distracted,MD,Sport Utility Vehicle,Moving Constant Speed,35,No,2002,LEXUS,RX,39.15421392,-77.15420056,2024,11,9
240054801,Injury Crash,11/15/2024 09:16:00 AM,NA,NA,Front to Rear,Cloudy,Wet,Daylight,No Controls,NONE DETECTED,No,No Apparent Injury,NA,Not Distracted,MD,Passenger Car,Stopped in Traffic,35,No,2023,TESLA,MODEL 3,39.15421392,-77.15420056,2024,11,9
240054801,Injury Crash,11/15/2024 09:16:00 AM,NA,NA,Front to Rear,Cloudy,Wet,Daylight,No Controls,NONE DETECTED,No,No Apparent Injury,NA,Not Distracted,MD,Passenger Car,Stopped in Traffic,35,No,2018,NISSAN,KICKS,39.15421392,-77.15420056,2024,11,9
240054799,Injury Crash,11/15/2024 08:47:00 AM,E RANDOLPH RD (WB/L),NA,Front to Rear,Clear,Wet,Daylight,Traffic Control Signal,NONE DETECTED,No,Possible Minor Injury,NA,Not Distracted,MD,Passenger Car,Slowing or Stopping,35,No,2021,TOYOTA,COROLLA,39.06447388,-76.9689472,2024,11,8
240054799,Injury Crash,11/15/2024 08:47:00 AM,E RANDOLPH RD (WB/L),NA,Front to Rear,Clear,Wet,Daylight,Traffic Control Signal,NONE DETECTED,No,No Apparent Injury,NA,Not Distracted,MD,Van - Passenger (&lt;9 Seats),Slowing or Stopping,35,No,2013,CHEVROLET,EXPRESS,39.06447388,-76.9689472,2024,11,8
240054799,Injury Crash,11/15/2024 08:47:00 AM,E RANDOLPH RD (WB/L),NA,Front to Rear,Clear,Wet,Daylight,Traffic Control Signal,NONE DETECTED,Yes,No Apparent Injury,Too Fast For Conditions,Not Distracted,NA,Pickup,Moving Constant Speed,35,No,2012,FORD,F-150,39.06447388,-76.9689472,2024,11,8
240054798,Property Damage Crash,11/15/2024 08:35:00 AM,E RANDOLPH RD,NA,"Sideswipe, Same Direction",Cloudy,Wet,Daylight,No Controls,NONE DETECTED,Yes,No Apparent Injury,"Failed to Keep in Proper Lane, Followed Too Closely, Operated Motor Vehicle in Inattentive, Careless, Negligent, or Erratic Manner, Operated Motor Vehicle in Reckless or Aggressive Manner, Too Fast For Conditions",Unknown,NA,Unknown,Moving Constant Speed,35,No,0,NA,NA,39.06601333,-76.97511121,2024,11,8
240054798,Property Damage Crash,11/15/2024 08:35:00 AM,E RANDOLPH RD,NA,"Sideswipe, Same Direction",Cloudy,Wet,Daylight,No Controls,NONE DETECTED,No,No Apparent Injury,NA,Not Distracted,MD,Passenger Car,Moving Constant Speed,35,No,2006,TOYOTA,SCION TC,39.06601333,-76.97511121,2024,11,8
240054794,Property Damage Crash,11/15/2024 08:32:00 AM,LOCKNEY AVE,NA,Front to Rear,Clear,Dry,Daylight,No Controls,NONE DETECTED,No,No Apparent Injury,NA,Not Distracted,MD,Other,Backing,25,No,2011,AUTOCAR,XPEDITOR,38.98866042,-76.99105756,2024,11,8
240054678,Property Damage Crash,11/15/2024 08:17:00 AM,NEW HAMPSHIRE AVE (SB/L),NA,"Sideswipe, Same Direction",Clear,Dry,Daylight,No Controls,NONE DETECTED,No,No Apparent Injury,NA,Not Distracted,MD,Passenger Car,Moving Constant Speed,40,No,2024,GMC,YUKON XL,39.04194994,-76.99158909,2024,11,8
240054678,Property Damage Crash,11/15/2024 08:17:00 AM,NEW HAMPSHIRE AVE (SB/L),NA,"Sideswipe, Same Direction",Clear,Dry,Daylight,No Controls,NONE DETECTED,No,NA,NA,NA,NA,Passenger Car,Changing Lanes,40,No,2012,TOYOTA,YARIS,39.04194994,-76.99158909,2024,11,8
240054789,Property Damage Crash,11/15/2024 07:36:00 AM,E RANDOLPH RD,NA,Angle,Cloudy,Wet,Daylight,Stop Sign,NONE DETECTED,Yes,No Apparent Injury,Failed to Yield Right-of-Way,Not Distracted,MD,Passenger Car,Turning Left,25,No,2021,SUBARU,FORESTER,39.06494343,-76.97119184,2024,11,7
240054789,Property Damage Crash,11/15/2024 07:36:00 AM,E RANDOLPH RD,NA,Angle,Cloudy,Wet,Daylight,No Controls,NONE DETECTED,No,No Apparent Injury,NA,Not Distracted,MD,Passenger Car,Moving Constant Speed,40,No,2015,TOYOTA,HIGHLANDER,39.06494343,-76.97119184,2024,11,7
240054785,Property Damage Crash,11/15/2024 06:54:00 AM,BAUER DR,NA,Single Vehicle,Rain,Wet,Medium,Traffic Control Signal,NONE DETECTED,No,No Apparent Injury,NA,Not Distracted,MD,Other Trucks,Moving Constant Speed,35,No,2006,MACK,CT (GRANITE),39.09586706,-77.10981845,2024,11,6
240054782,Injury Crash,11/15/2024 06:15:00 AM,CONNECTICUT AVE,NA,Other,Cloudy,Wet,Medium,No Controls,NONE DETECTED,No,Possible Minor Injury,NA,Not Distracted,MD,Bus - Transit,Slowing or Stopping,35,No,2023,NEW FLYER,XCELSIOR,39.08151333,-77.079759,2024,11,6
240054782,Injury Crash,11/15/2024 06:15:00 AM,CONNECTICUT AVE,NA,Other,Cloudy,Wet,Medium,No Controls,NONE DETECTED,Yes,Suspected Serious Injury,"Operated Motor Vehicle in Inattentive, Careless, Negligent, or Erratic Manner, Operated Motor Vehicle in Reckless or Aggressive Manner",Unknown,MD,Passenger Car,NA,35,No,2018,NISSAN,VERSA,39.08151333,-77.079759,2024,11,6