Local Case Number,ACRS Report Type,Crash Date/Time,Road Name,Related Non-Motorist,Collision Type,Weather,Surface Condition,Light,Traffic Control,Driver Substance Abuse,Driver At Fault,Injury Severity,Circumstance,Driver Distracted By,Drivers License State,Vehicle Body Type,Vehicle Movement,Speed Limit,Driverless Vehicle,Vehicle Year,Vehicle Make,Vehicle Model,Latitude,Longitude,Year,Month,Hour
240054530,Property Damage Crash,11/13/2024 03:30:00 PM,NA,NA,Rear To Rear,Clear,NA,Daylight,NA,NONE DETECTED,Yes,No Apparent Injury,"Improper Backing, Operated Motor Vehicle in Inattentive, Careless, Negligent, or Erratic Manner",Not Distracted,NA,Pickup,Backing,0,No,2014,TOYOTA,TACOMA,39.0380155,-76.99040583,2024,11,15
240054528,Property Damage Crash,11/13/2024 03:23:00 PM,MOLECULAR DR,NA,Front to Front,Clear,Dry,Daylight,Stop Sign,NONE DETECTED,No,No Apparent Injury,NA,Not Distracted,MD,Van - Passenger (&lt;9 Seats),Moving Constant Speed,35,No,2013,TOYOTA,SIENNA,39.09177895,-77.20810119,2024,11,15
240054528,Property Damage Crash,11/13/2024 03:23:00 PM,MOLECULAR DR,NA,Front to Front,Clear,Dry,Daylight,Stop Sign,NONE DETECTED,No,No Apparent Injury,"Failed to Yield Right-of-Way, Improper Turn, Operated Motor Vehicle in Inattentive, Careless, Negligent, or Erratic Manner, Other Improper Action",Unknown,MD,Passenger Car,Entering Traffic Lane,35,No,2010,KIA,FORTE,39.09177895,-77.20810119,2024,11,15
240054524,Injury Crash,11/13/2024 03:03:00 PM,NA,NA,Front to Front,Clear,Dry,Daylight,Traffic Control Signal,NONE DETECTED,No,No Apparent Injury,NA,Not Distracted,MD,Pickup,Moving Constant Speed,25,No,2018,FORD,F-550,39.13773269,-77.17898565,2024,11,15
240054524,Injury Crash,11/13/2024 03:03:00 PM,NA,NA,Front to Front,Clear,Dry,Daylight,Traffic Control Signal,NONE DETECTED,No,Possible Minor Injury,Disregarded Other Traffic Sign,Not Distracted,MD,Passenger Car,Moving Constant Speed,25,No,2013,HYUNDAI,VELOSTER,39.13773269,-77.17898565,2024,11,15
240054507,Property Damage Crash,11/13/2024 01:27:00 PM,W WATKINS MILL RD (SB/L),NA,Angle,Cloudy,Dry,Daylight,Traffic Control Signal,NONE DETECTED,Yes,No Apparent Injury,Failed to Yield Right-of-Way,Not Distracted,MD,Sport Utility Vehicle,Moving Constant Speed,35,No,2024,HONDA,HR-V,39.15681654,-77.22475664,2024,11,13
240054507,Property Damage Crash,11/13/2024 01:27:00 PM,W WATKINS MILL RD (SB/L),NA,Angle,Cloudy,Dry,Daylight,Traffic Control Signal,NONE DETECTED,Yes,No Apparent Injury,Failed to Yield Right-of-Way,Not Distracted,MD,Sport Utility Vehicle,Turning Left,35,No,2019,CHEVROLET,EQUINOX,39.15681654,-77.22475664,2024,11,13
240054499,Property Damage Crash,11/13/2024 12:44:00 PM,NA,NA,Front to Rear,Clear,NA,Daylight,NA,NONE DETECTED,No,No Apparent Injury,NA,Not Distracted,MD,Passenger Car,Parked,0,No,2011,ACURA,TSX,39.15474054,-77.0637211,2024,11,12
240054499,Property Damage Crash,11/13/2024 12:44:00 PM,NA,NA,Front to Rear,Clear,NA,Daylight,NA,NONE DETECTED,Yes,No Apparent Injury,NA,Unknown,MD,Passenger Car,Backing,0,No,2017,TOYOTA,RAV4,39.15474054,-77.0637211,2024,11,12
240054492,Injury Crash,11/13/2024 11:42:00 AM,GEORGIA AVE (SB/L),NA,Angle,Clear,Dry,Daylight,Stop Sign,NONE DETECTED,Yes,Possible Minor Injury,NA,Not Distracted,NA,Passenger Car,Turning Left,35,No,2012,AUDI,A3,39.0666,-77.05963333,2024,11,11
240054492,Injury Crash,11/13/2024 11:42:00 AM,GEORGIA AVE (SB/L),NA,Angle,Clear,Dry,Daylight,No Controls,NONE DETECTED,No,Possible Minor Injury,NA,Not Distracted,MD,Pickup,Moving Constant Speed,35,No,2017,FORD,F-150,39.0666,-77.05963333,2024,11,11
24002401,Property Damage Crash,11/13/2024 10:57:00 AM,NEW HAMPSHIRE AVE,NA,"Sideswipe, Same Direction",Clear,Dry,Daylight,Traffic Control Signal,NONE DETECTED,No,No Apparent Injury,NA,Unknown,MD,Single-Unit Truck,Turning Left,35,No,2022,INTERNATIONAL,MV607,39.07579369,-77.00186849,2024,11,10
24002401,Property Damage Crash,11/13/2024 10:57:00 AM,NEW HAMPSHIRE AVE,NA,"Sideswipe, Same Direction",Clear,Dry,Daylight,Traffic Control Signal,NONE DETECTED,No,No Apparent Injury,NA,Unknown,MD,Pickup,Turning Left,35,No,2022,FORD,F-450,39.07579369,-77.00186849,2024,11,10
240054486,Property Damage Crash,11/13/2024 10:53:00 AM,NA,NA,Rear To Side,Clear,NA,Daylight,NA,NONE DETECTED,No,NA,NA,NA,NA,Passenger Car,Moving Constant Speed,0,No,2023,HYUNDAI,KONA ELECTRIC,39.07617831,-77.13863,2024,11,10
240054486,Property Damage Crash,11/13/2024 10:53:00 AM,NA,NA,Rear To Side,Clear,NA,Daylight,NA,NONE DETECTED,No,No Apparent Injury,NA,Not Distracted,MD,Passenger Car,Accelerating,0,No,2024,TOYOTA,RAV4,39.07617831,-77.13863,2024,11,10
240054480,Injury Crash,11/13/2024 10:45:00 AM,CELEBRATION WAY,NA,Angle,Clear,Dry,Daylight,No Controls,NONE DETECTED,No,No Apparent Injury,NA,Not Distracted,MD,Passenger Car,Moving Constant Speed,35,No,2018,TOYOTA,CAMRY,39.18134198,-77.26958525,2024,11,10
240054480,Injury Crash,11/13/2024 10:45:00 AM,CELEBRATION WAY,NA,Angle,Clear,Dry,Daylight,Stop Sign,NONE DETECTED,Yes,Possible Minor Injury,"Failed to Yield Right-of-Way, Other Improper Action",Not Distracted,MD,Passenger Car,Entering Traffic Lane,35,No,2017,TOYOTA,COROLLA,39.18134198,-77.26958525,2024,11,10
240054484,Property Damage Crash,11/13/2024 10:10:00 AM,HALPINE RD,NA,"Sideswipe, Same Direction",Clear,Dry,Daylight,No Controls,NONE DETECTED,Yes,No Apparent Injury,Other Improper Action,Unknown,MD,Truck Tractor,Moving Constant Speed,25,No,1995,PETERBILT,357,39.06636933,-77.11524533,2024,11,10
240054474,Property Damage Crash,11/13/2024 09:52:00 AM,PLYERS MILL RD,NA,Other,Clear,Dry,Daylight,No Controls,NONE DETECTED,No,No Apparent Injury,NA,Unknown,GU,Passenger Car,Moving Constant Speed,30,No,2021,TOYOTA,COROLLA,39.02930335,-77.0530221,2024,11,9
240054466,Property Damage Crash,11/13/2024 08:39:00 AM,HILLANDALE RD,NA,Other,Clear,Dry,Daylight,Traffic Control Signal,NONE DETECTED,Yes,No Apparent Injury,Improper Passing,Unknown,MD,Passenger Car,Turning Right,30,No,2020,LEXUS,ES,38.97807012,-77.09697979,2024,11,8
240054466,Property Damage Crash,11/13/2024 08:39:00 AM,HILLANDALE RD,NA,Other,Clear,Dry,Daylight,Traffic Control Signal,NONE DETECTED,No,No Apparent Injury,NA,Unknown,WV,Single-Unit Truck,Turning Right,30,No,2021,KENWORTH,T4 SERIES,38.97807012,-77.09697979,2024,11,8
240054465,Injury Crash,11/13/2024 08:30:00 AM,NORBECK RD,NA,Front to Rear,Clear,Dry,Daylight,No Controls,NONE DETECTED,Yes,Possible Minor Injury,NA,Unknown,MD,Passenger Car,Moving Constant Speed,40,No,2015,VOLKSWAGEN,JETTA,39.09106722,-77.12673565,2024,11,8
240054465,Injury Crash,11/13/2024 08:30:00 AM,NORBECK RD,NA,Front to Rear,Clear,Dry,Daylight,No Controls,NONE DETECTED,No,Possible Minor Injury,NA,Not Distracted,MD,Passenger Car,Slowing or Stopping,40,No,2023,TOYOTA,RAV4,39.09106722,-77.12673565,2024,11,8
240054463,Injury Crash,11/13/2024 08:20:00 AM,RAMP 7 FR IS 370 WB TO MD 355 SB,NA,Angle,Clear,Dry,Daylight,Traffic Control Signal,NONE DETECTED,Yes,No Apparent Injury,Ran Red Light,Unknown,MD,Sport Utility Vehicle,Moving Constant Speed,35,No,2020,FORD,TRANSIT,39.12417791,-77.17989512,2024,11,8
240054463,Injury Crash,11/13/2024 08:20:00 AM,RAMP 7 FR IS 370 WB TO MD 355 SB,NA,Angle,Clear,Dry,Daylight,Traffic Control Signal,NONE DETECTED,No,Possible Minor Injury,NA,Not Distracted,MD,Passenger Car,Turning Left,25,No,2013,NISSAN,SENTRA,39.12417791,-77.17989512,2024,11,8
240054461,Injury Crash,11/13/2024 08:05:00 AM,WISCONSIN AVE,NA,Front to Rear,Clear,Dry,Daylight,No Controls,NONE DETECTED,Yes,Possible Minor Injury,NA,Unknown,NA,Passenger Car,Moving Constant Speed,35,No,2007,HONDA,CR-V,38.99169123,-77.09569405,2024,11,8
240054461,Injury Crash,11/13/2024 08:05:00 AM,WISCONSIN AVE,NA,Front to Rear,Clear,Dry,Daylight,No Controls,NONE DETECTED,No,No Apparent Injury,NA,Not Distracted,MD,Passenger Car,Moving Constant Speed,35,No,2015,HONDA,ACCORD,38.99169123,-77.09569405,2024,11,8
240054461,Injury Crash,11/13/2024 08:05:00 AM,WISCONSIN AVE,NA,Front to Rear,Clear,Dry,Daylight,No Controls,NONE DETECTED,No,No Apparent Injury,NA,Not Distracted,MD,Passenger Car,Slowing or Stopping,35,No,2014,HONDA,CIVIC,38.99169123,-77.09569405,2024,11,8
240054461,Injury Crash,11/13/2024 08:05:00 AM,WISCONSIN AVE,NA,Front to Rear,Clear,Dry,Daylight,No Controls,NONE DETECTED,No,No Apparent Injury,NA,Not Distracted,MD,Passenger Car,Slowing or Stopping,35,No,2007,TOYOTA,COROLLA,38.99169123,-77.09569405,2024,11,8
240054457,Injury Crash,11/13/2024 07:21:00 AM,NA,NA,Front to Rear,Clear,Dry,Daylight,No Controls,NONE DETECTED,No,Possible Minor Injury,NA,Not Distracted,MD,Passenger Car,Moving Constant Speed,35,No,2022,MAZDA,CX-5,38.99275058,-77.19543721,2024,11,7
240054457,Injury Crash,11/13/2024 07:21:00 AM,NA,NA,Front to Rear,Clear,Dry,Daylight,No Controls,NONE DETECTED,No,No Apparent Injury,NA,Not Distracted,MD,Passenger Car,Slowing or Stopping,35,No,2012,FORD,F-550,38.99275058,-77.19543721,2024,11,7
240054455,Injury Crash,11/13/2024 07:15:00 AM,MC CAUSLAND PL,NA,"Sideswipe, Opposite Direction",Clear,Dry,Medium,No Controls,NONE DETECTED,No,Possible Minor Injury,NA,Not Distracted,MD,Passenger Car,Moving Constant Speed,15,No,2017,TOYOTA,CAMRY,39.12889511,-77.19457856,2024,11,7
240054455,Injury Crash,11/13/2024 07:15:00 AM,MC CAUSLAND PL,NA,"Sideswipe, Opposite Direction",Clear,Dry,Medium,No Controls,NONE DETECTED,Yes,No Apparent Injury,"Other Improper Action, Too Fast For Conditions","Other Action (looking away from task, etc.)",MD,Passenger Car,Moving Constant Speed,15,No,2015,TOYOTA,COROLLA,39.12889511,-77.19457856,2024,11,7
240054452,Injury Crash,11/13/2024 06:45:00 AM,RANDOLPH RD (WB/L),NA,Front to Front,Clear,Dry,Medium,Traffic Control Signal,NONE DETECTED,No,Possible Minor Injury,NA,Not Distracted,MD,Passenger Car,Turning Left,25,No,2017,HONDA,CIVIC,39.05753495,-77.07786819,2024,11,6
240054452,Injury Crash,11/13/2024 06:45:00 AM,RANDOLPH RD (WB/L),NA,Front to Front,Clear,Dry,Medium,Traffic Control Signal,NONE DETECTED,Yes,Possible Minor Injury,NA,Not Distracted,MD,Sport Utility Vehicle,Moving Constant Speed,35,No,2018,TOYOTA,RAV4,39.05753495,-77.07786819,2024,11,6
240054448,Property Damage Crash,11/13/2024 06:17:00 AM,GEORGIA AVE (SB/L),NA,Front to Rear,Clear,Dry,Medium,Lane Use Control Signal,NONE DETECTED,No,No Apparent Injury,NA,Not Distracted,MD,Passenger Car,Stopped in Traffic,35,No,2020,TOYOTA,CAMRY,39.1096627,-77.07601403,2024,11,6
240054448,Property Damage Crash,11/13/2024 06:17:00 AM,GEORGIA AVE (SB/L),NA,Front to Rear,Clear,Dry,Medium,Lane Use Control Signal,NONE DETECTED,No,No Apparent Injury,NA,Unknown,MD,Passenger Car,Slowing or Stopping,35,No,2016,FORD,TAURUS,39.1096627,-77.07601403,2024,11,6
240054447,Injury Crash,11/13/2024 05:27:00 AM,SHOP CTR CUT THRU CUT,NA,Angle,Clear,Dry,Medium,Stop Sign,NONE DETECTED,Yes,Possible Minor Injury,"Failed to Yield Right-of-Way, Improper Turn, Operated Motor Vehicle in Inattentive, Careless, Negligent, or Erratic Manner, Ran Stop Sign",Unknown,MD,Sport Utility Vehicle,Turning Left,25,No,2014,NISSAN,PATHFINDER,39.08143539,-76.94579773,2024,11,5
240054447,Injury Crash,11/13/2024 05:27:00 AM,SHOP CTR CUT THRU CUT,NA,Angle,Clear,Dry,Medium,No Controls,NONE DETECTED,No,No Apparent Injury,NA,Not Distracted,MD,Sport Utility Vehicle,Moving Constant Speed,25,No,2018,HONDA,HR-V,39.08143539,-76.94579773,2024,11,5
240054453,Property Damage Crash,11/12/2024 11:45:00 PM,NEWCUT RD,NA,"Sideswipe, Same Direction",Clear,Dry,Dark,No Controls,NONE DETECTED,Yes,No Apparent Injury,"Failed to Keep in Proper Lane, Operated Motor Vehicle in Inattentive, Careless, Negligent, or Erratic Manner, Other Improper Action",Unknown,NA,Sport Utility Vehicle,NA,25,No,2014,HONDA,CR-V,39.22699417,-77.25168417,2024,11,23
240054436,Property Damage Crash,11/12/2024 11:45:00 PM,NA,NA,Single Vehicle,Clear,Dry,Medium,No Controls,NONE DETECTED,No,No Apparent Injury,NA,Not Distracted,MD,Passenger Car,Moving Constant Speed,30,No,2017,FORD,TAURUS,39.08512608,-77.16431281,2024,11,23
240054425,Property Damage Crash,11/12/2024 09:52:00 PM,NA,NA,"Sideswipe, Same Direction",Clear,Dry,Medium,No Controls,NONE DETECTED,No,NA,NA,NA,NA,Pickup,Accelerating,35,No,2021,HONDA,RIDGELINE,39.02043947,-77.2124895,2024,11,21
240054425,Property Damage Crash,11/12/2024 09:52:00 PM,NA,NA,"Sideswipe, Same Direction",Clear,Dry,Medium,No Controls,NONE DETECTED,No,No Apparent Injury,NA,Not Distracted,MD,Van - Passenger (&lt;9 Seats),Moving Constant Speed,35,No,2012,HONDA,ODYSSEY,39.02043947,-77.2124895,2024,11,21
240054418,Injury Crash,11/12/2024 08:50:00 PM,EISENHOWER MEMORIAL HWY (SB/L),NA,Front to Rear,Clear,Dry,Medium,No Controls,NONE DETECTED,Yes,Possible Minor Injury,NA,Unknown,MD,Passenger Car,Moving Constant Speed,50,No,2018,FORD,F-150,39.17246531,-77.24512368,2024,11,20
240054418,Injury Crash,11/12/2024 08:50:00 PM,EISENHOWER MEMORIAL HWY (SB/L),NA,Front to Rear,Clear,Dry,Medium,No Controls,NONE DETECTED,No,No Apparent Injury,NA,Not Distracted,MD,Passenger Car,Moving Constant Speed,50,No,2018,HYUNDAI,SONATA,39.17246531,-77.24512368,2024,11,20
240054415,Property Damage Crash,11/12/2024 08:22:00 PM,NA,NA,Single Vehicle,Clear,NA,Medium,NA,NONE DETECTED,Yes,No Apparent Injury,Improper Backing,Unknown,MD,Van - Passenger (&lt;9 Seats),Backing,0,No,2017,FORD,F-350,39.06902333,-77.16087435,2024,11,20
240054414,Property Damage Crash,11/12/2024 07:51:00 PM,FERRARA CT,NA,Angle,Clear,Dry,Dark,No Controls,ALCOHOL PRESENT,Yes,No Apparent Injury,"Operated Motor Vehicle in Inattentive, Careless, Negligent, or Erratic Manner",Not Distracted,MD,Passenger Car,NA,25,No,2020,HONDA,FIT,39.05105718,-77.08512347,2024,11,19
240054411,Property Damage Crash,11/12/2024 07:45:00 PM,HUNGERFORD DR,NA,Front to Rear,Clear,Dry,Medium,Traffic Control Signal,NONE DETECTED,No,No Apparent Injury,NA,Not Distracted,MD,Van - Passenger (&lt;9 Seats),Slowing or Stopping,35,No,2009,TOYOTA,SIENNA,39.08736735,-77.14916842,2024,11,19
240054411,Property Damage Crash,11/12/2024 07:45:00 PM,HUNGERFORD DR,NA,Front to Rear,Clear,Dry,Medium,Traffic Control Signal,NONE DETECTED,No,No Apparent Injury,NA,Not Distracted,MD,Sport Utility Vehicle,Slowing or Stopping,35,No,2016,TOYOTA,RAV4,39.08736735,-77.14916842,2024,11,19
240054401,Property Damage Crash,11/12/2024 06:35:00 PM,FREDERICK RD,NA,Single Vehicle,Clear,Dry,Dark,No Controls,NONE DETECTED,No,No Apparent Injury,NA,Not Distracted,MD,Sport Utility Vehicle,Moving Constant Speed,35,No,2018,NISSAN,ROGUE,39.161987,-77.2241165,2024,11,18
240054398,Property Damage Crash,11/12/2024 05:37:00 PM,CLUB DR,NA,"Sideswipe, Same Direction",Clear,Dry,Medium,No Controls,NONE DETECTED,No,No Apparent Injury,NA,Unknown,MD,Sport Utility Vehicle,Slowing or Stopping,30,No,2021,GMC,YUKON,38.98895911,-77.07707343,2024,11,17
240054398,Property Damage Crash,11/12/2024 05:37:00 PM,CLUB DR,NA,"Sideswipe, Same Direction",Clear,Dry,Medium,No Controls,NONE DETECTED,No,No Apparent Injury,NA,Not Distracted,DC,Bus - Transit,Slowing or Stopping,30,No,2022,NEW FLYER,XCELSIOR,38.98895911,-77.07707343,2024,11,17
240054395,Property Damage Crash,11/12/2024 05:17:00 PM,NA,NA,"Sideswipe, Same Direction",Clear,Dry,Medium,Traffic Control Signal,NONE DETECTED,No,No Apparent Injury,"Failed to Keep in Proper Lane, Improper Passing",Unknown,MD,Bus - School,Accelerating,30,No,2022,FREIGHTLINER,B2 106 ELECTRIC CONVENTIONAL CHASSIS,39.05417985,-77.10686353,2024,11,17
240054395,Property Damage Crash,11/12/2024 05:17:00 PM,NA,NA,"Sideswipe, Same Direction",Clear,Dry,Medium,Traffic Control Signal,NONE DETECTED,No,No Apparent Injury,NA,Not Distracted,MD,Pickup,Stopped in Traffic,30,No,2012,FORD,F-150,39.05417985,-77.10686353,2024,11,17
240054385,Property Damage Crash,11/12/2024 04:41:00 PM,RANDOLPH RD,NA,"Sideswipe, Same Direction",Clear,Dry,Daylight,No Controls,NONE DETECTED,Yes,No Apparent Injury,Disregarded Other Road Markings,Unknown,MD,Pickup,Moving Constant Speed,35,No,2014,RAM,1500,39.05899451,-77.06813829,2024,11,16
240054385,Property Damage Crash,11/12/2024 04:41:00 PM,RANDOLPH RD,NA,"Sideswipe, Same Direction",Clear,Dry,Daylight,No Controls,NONE DETECTED,No,No Apparent Injury,NA,Not Distracted,MD,Bus - School,Moving Constant Speed,35,No,2015,FORD,TRANSIT,39.05899451,-77.06813829,2024,11,16
240054379,Injury Crash,11/12/2024 04:26:00 PM,NA,Pedestrian,Single Vehicle,Clear,NA,Daylight,NA,NONE DETECTED,No,No Apparent Injury,NA,"Other Action (looking away from task, etc.)",MD,Sport Utility Vehicle,Slowing or Stopping,0,No,2017,SUBARU,FORESTER,39.15411,-77.19971333,2024,11,16
240054370,Property Damage Crash,11/12/2024 04:00:00 PM,W EDMONSTON DR,NA,Front to Rear,Clear,Dry,Daylight,No Controls,NONE DETECTED,No,No Apparent Injury,NA,Not Distracted,MD,Sport Utility Vehicle,Slowing or Stopping,30,No,2021,CHEVROLET,TRAVERSE,39.07336,-77.1372374,2024,11,16
240054370,Property Damage Crash,11/12/2024 04:00:00 PM,W EDMONSTON DR,NA,Front to Rear,Clear,Dry,Daylight,No Controls,NONE DETECTED,No,No Apparent Injury,NA,Unknown,MD,Sport Utility Vehicle,Moving Constant Speed,30,No,2017,ACURA,RDX,39.07336,-77.1372374,2024,11,16
240054376,Injury Crash,11/12/2024 03:45:00 PM,SHADY GROVE RD,NA,Front to Rear,Clear,Dry,Daylight,No Controls,NONE DETECTED,No,No Apparent Injury,NA,Not Distracted,VA,Passenger Car,Slowing or Stopping,45,No,2016,CHEVROLET,MALIBU,39.14819932,-77.1473648,2024,11,15
240054376,Injury Crash,11/12/2024 03:45:00 PM,SHADY GROVE RD,NA,Front to Rear,Clear,Dry,Daylight,No Controls,NONE DETECTED,Yes,No Apparent Injury,Followed Too Closely,Not Distracted,VA,Passenger Car,Slowing or Stopping,45,No,2006,TOYOTA,PRIUS,39.14819932,-77.1473648,2024,11,15
240054371,Property Damage Crash,11/12/2024 03:27:00 PM,NICHOLSON LA,NA,Front to Rear,Clear,Dry,Daylight,Traffic Control Signal,NONE DETECTED,No,No Apparent Injury,NA,Not Distracted,MD,Bus - School,Slowing or Stopping,35,No,2016,THOMAS BUILT,HDX,39.04869488,-77.10202593,2024,11,15
240054371,Property Damage Crash,11/12/2024 03:27:00 PM,NICHOLSON LA,NA,Front to Rear,Clear,Dry,Daylight,Traffic Control Signal,NONE DETECTED,No,NA,NA,NA,NA,NA,Slowing or Stopping,35,No,0,NA,NA,39.04869488,-77.10202593,2024,11,15
240054364,Property Damage Crash,11/12/2024 03:00:00 PM,NA,NA,Other,Clear,Dry,Daylight,No Controls,NONE DETECTED,Yes,No Apparent Injury,"Swerved or Avoided Due to Wind, Slippery Surface, Motor Vehicle, Object, Non-Motorist in Roadway, etc",Unknown,MD,Bus - School,Moving Constant Speed,25,No,2012,FREIGHTLINER,B2 BUS CHASSIS,39.01495617,-76.97579264,2024,11,15
240054350,Injury Crash,11/12/2024 02:21:00 PM,NA,NA,Front to Front,Clear,Dry,Daylight,Traffic Control Signal,NONE DETECTED,No,Possible Minor Injury,NA,Not Distracted,MD,Passenger Car,Moving Constant Speed,25,No,2022,HONDA,CIVIC,39.06086192,-77.12586177,2024,11,14
240054350,Injury Crash,11/12/2024 02:21:00 PM,NA,NA,Front to Front,Clear,Dry,Daylight,Flashing Traffic Control Signal,NONE DETECTED,No,No Apparent Injury,Failed to Yield Right-of-Way,Not Distracted,MD,Sport Utility Vehicle,Turning Left,25,No,2022,LEXUS,RX,39.06086192,-77.12586177,2024,11,14
240054340,Injury Crash,11/12/2024 01:04:00 PM,ROCKVILLE PIKE (SB/L),NA,Other,Clear,Dry,Daylight,No Controls,NONE DETECTED,No,No Apparent Injury,NA,Not Distracted,MD,Passenger Car,Moving Constant Speed,35,No,2024,BMW,I4,39.05638833,-77.1197,2024,11,13
240054340,Injury Crash,11/12/2024 01:04:00 PM,ROCKVILLE PIKE (SB/L),NA,Other,Clear,Dry,Daylight,No Controls,NONE DETECTED,No,No Apparent Injury,NA,Not Distracted,MD,Passenger Car,Moving Constant Speed,35,No,2024,KENWORTH,T280,39.05638833,-77.1197,2024,11,13
240054340,Injury Crash,11/12/2024 01:04:00 PM,ROCKVILLE PIKE (SB/L),NA,Other,Clear,Dry,Daylight,No Controls,NONE DETECTED,No,Possible Minor Injury,NA,Not Distracted,MD,Passenger Car,Accelerating,35,No,2020,CHEVROLET,EQUINOX,39.05638833,-77.1197,2024,11,13
240054321,Property Damage Crash,11/12/2024 12:15:00 PM,NA,NA,"Sideswipe, Same Direction",Clear,Dry,Daylight,No Controls,NONE DETECTED,No,No Apparent Injury,NA,Not Distracted,MD,Passenger Car,Parked,35,No,2000,FORD,UNKNOWN,39.08168367,-76.9537175,2024,11,12
240054321,Property Damage Crash,11/12/2024 12:15:00 PM,NA,NA,"Sideswipe, Same Direction",Clear,Dry,Daylight,No Controls,NONE DETECTED,No,NA,NA,NA,NA,NA,Moving Constant Speed,35,No,0,NA,NA,39.08168367,-76.9537175,2024,11,12
24002390,Property Damage Crash,11/12/2024 11:22:00 AM,GEORGIA AVE (SB/L),NA,Front to Rear,Clear,Dry,Daylight,Traffic Control Signal,NONE DETECTED,No,No Apparent Injury,Followed Too Closely,"Other Action (looking away from task, etc.)",MD,Passenger Car,Slowing or Stopping,30,No,2014,TOYOTA,COROLLA,39.0095915,-77.04061044,2024,11,11
24002390,Property Damage Crash,11/12/2024 11:22:00 AM,GEORGIA AVE (SB/L),NA,Front to Rear,Clear,Dry,Daylight,Traffic Control Signal,NONE DETECTED,No,No Apparent Injury,NA,Not Distracted,MD,Van - Cargo,Slowing or Stopping,30,No,2022,FORD,TRANSIT,39.0095915,-77.04061044,2024,11,11
240054309,Property Damage Crash,11/12/2024 10:46:00 AM,W WOODBINE ST,NA,"Sideswipe, Same Direction",Clear,Dry,Daylight,No Controls,NONE DETECTED,Yes,No Apparent Injury,NA,Unknown,MD,Other Trucks,Moving Constant Speed,20,No,2017,MACK,GU (GRANITE),38.98529217,-77.07382617,2024,11,10
240054288,Property Damage Crash,11/12/2024 09:56:00 AM,KINGWOOD DR,NA,"Sideswipe, Same Direction",Clear,Dry,Daylight,No Controls,NONE DETECTED,No,No Apparent Injury,NA,Not Distracted,MD,Pickup,Moving Constant Speed,10,No,2016,FORD,F-450,38.98521389,-76.98841886,2024,11,9
240054288,Property Damage Crash,11/12/2024 09:56:00 AM,KINGWOOD DR,NA,"Sideswipe, Same Direction",Clear,Dry,Daylight,No Controls,NONE DETECTED,No,No Apparent Injury,NA,Not Distracted,MD,Truck Tractor,Parked,0,No,2024,FREIGHTLINER,CASCADIA,38.98521389,-76.98841886,2024,11,9
240054294,Property Damage Crash,11/12/2024 09:50:00 AM,BOURNEFIELD WAY,NA,Front to Rear,Clear,Dry,Daylight,Stop Sign,NONE DETECTED,No,No Apparent Injury,"Followed Too Closely, Operated Motor Vehicle in Inattentive, Careless, Negligent, or Erratic Manner",Unknown,MD,Passenger Car,Slowing or Stopping,30,No,2017,TOYOTA,RAV4,39.05545933,-76.96189099,2024,11,9
240054294,Property Damage Crash,11/12/2024 09:50:00 AM,BOURNEFIELD WAY,NA,Front to Rear,Clear,Dry,Daylight,Stop Sign,NONE DETECTED,No,No Apparent Injury,NA,Not Distracted,MD,Bus - School,Stopped in Traffic,30,No,2012,FREIGHTLINER,B2 BUS CHASSIS,39.05545933,-76.96189099,2024,11,9
240054105,Injury Crash,11/12/2024 09:13:00 AM,MCKNEW RD,NA,"Sideswipe, Opposite Direction",Clear,Dry,Daylight,Traffic Control Signal,NONE DETECTED,No,Possible Minor Injury,NA,Unknown,MD,Passenger Car,Entering Traffic Lane,40,No,2012,BUICK,ENCLAVE,39.10619772,-76.91876259,2024,11,9