Local Case Number,ACRS Report Type,Crash Date/Time,Road Name,Related Non-Motorist,Collision Type,Weather,Surface Condition,Light,Traffic Control,Driver Substance Abuse,Driver At Fault,Injury Severity,Circumstance,Driver Distracted By,Drivers License State,Vehicle Body Type,Vehicle Movement,Speed Limit,Driverless Vehicle,Vehicle Year,Vehicle Make,Vehicle Model,Latitude,Longitude,Year,Month,Hour
240054105,Injury Crash,11/12/2024 09:13:00 AM,MCKNEW RD,NA,"Sideswipe, Opposite Direction",Clear,Dry,Daylight,Traffic Control Signal,NONE DETECTED,Yes,Possible Minor Injury,NA,Not Distracted,MD,Passenger Car,Moving Constant Speed,40,No,2021,FORD,TRANSIT,39.10619772,-76.91876259,2024,11,9
240054278,Injury Crash,11/12/2024 08:40:00 AM,GEORGIA AVE (SB/L),NA,Front to Front,Clear,Dry,Daylight,Traffic Control Signal,NONE DETECTED,Yes,No Apparent Injury,NA,Not Distracted,MD,Passenger Car,Turning Left,35,No,2015,HONDA,CIVIC,39.03186167,-77.04840552,2024,11,8
240054278,Injury Crash,11/12/2024 08:40:00 AM,GEORGIA AVE (SB/L),NA,Front to Front,Clear,Dry,Daylight,No Controls,NONE DETECTED,No,No Apparent Injury,NA,Not Distracted,MD,Passenger Car,Moving Constant Speed,35,No,2024,TOYOTA,CAMRY,39.03186167,-77.04840552,2024,11,8
240054269,Property Damage Crash,11/12/2024 08:00:00 AM,GERMANTOWN RD,NA,Front to Rear,Clear,Dry,Daylight,Traffic Control Signal,NONE DETECTED,Yes,No Apparent Injury,Followed Too Closely,Not Distracted,MD,Passenger Car,Moving Constant Speed,50,No,2021,NISSAN,KICKS,39.18193355,-77.26019644,2024,11,8
240054269,Property Damage Crash,11/12/2024 08:00:00 AM,GERMANTOWN RD,NA,Front to Rear,Clear,Dry,Daylight,"Person (including flagger, law enforcement, crossing guard, etc.",NONE DETECTED,No,No Apparent Injury,NA,Not Distracted,MD,Passenger Car,Slowing or Stopping,50,No,2023,TOYOTA,COROLLA CROSS,39.18193355,-77.26019644,2024,11,8
240054272,Property Damage Crash,11/12/2024 07:46:00 AM,WOODFIELD RD,NA,Front to Rear,Clear,Dry,Daylight,No Controls,NONE DETECTED,No,No Apparent Injury,NA,Not Distracted,MD,Passenger Car,Stopped in Traffic,30,No,2019,HYUNDAI,IONIQ,39.28344167,-77.202015,2024,11,7
240054272,Property Damage Crash,11/12/2024 07:46:00 AM,WOODFIELD RD,NA,Front to Rear,Clear,Dry,Daylight,No Controls,NONE DETECTED,Yes,No Apparent Injury,Followed Too Closely,Not Distracted,MD,Passenger Car,Slowing or Stopping,30,No,2007,PONTIAC,G6,39.28344167,-77.202015,2024,11,7
240054272,Property Damage Crash,11/12/2024 07:46:00 AM,WOODFIELD RD,NA,Front to Rear,Clear,Dry,Daylight,No Controls,NONE DETECTED,No,No Apparent Injury,NA,Not Distracted,MD,Passenger Car,Stopped in Traffic,30,No,2007,JEEP,WRANGLER,39.28344167,-77.202015,2024,11,7
240054268,Property Damage Crash,11/12/2024 07:38:00 AM,FREDERICK RD (SB/L),NA,Front to Rear,Clear,Dry,Daylight,No Controls,NONE DETECTED,No,No Apparent Injury,NA,Not Distracted,MD,Passenger Car,Slowing or Stopping,45,No,2024,TOYOTA,SIENNA,39.19494333,-77.24407,2024,11,7
240054268,Property Damage Crash,11/12/2024 07:38:00 AM,FREDERICK RD (SB/L),NA,Front to Rear,Clear,Dry,Daylight,No Controls,NONE DETECTED,Yes,No Apparent Injury,"Operated Motor Vehicle in Inattentive, Careless, Negligent, or Erratic Manner",Not Distracted,NA,Passenger Car,Accelerating,45,No,2004,MERCEDES-BENZ,E-CLASS,39.19494333,-77.24407,2024,11,7
240054268,Property Damage Crash,11/12/2024 07:38:00 AM,FREDERICK RD (SB/L),NA,Front to Rear,Clear,Dry,Daylight,No Controls,NONE DETECTED,No,No Apparent Injury,NA,Not Distracted,MD,Passenger Car,Slowing or Stopping,45,No,2016,CHEVROLET,CRUZE,39.19494333,-77.24407,2024,11,7
240054276,Property Damage Crash,11/12/2024 07:30:00 AM,NA,NA,Single Vehicle,Clear,Dry,Daylight,Stop Sign,NONE DETECTED,No,No Apparent Injury,"Failed to Keep in Proper Lane, Operated Motor Vehicle in Inattentive, Careless, Negligent, or Erratic Manner, Operated Motor Vehicle in Reckless or Aggressive Manner",Unknown,NA,Passenger Car,Moving Constant Speed,30,No,1998,TOYOTA,CAMRY,39.0812604,-76.93058849,2024,11,7
240054266,Property Damage Crash,11/12/2024 07:17:00 AM,DARNESTOWN RD,NA,Front to Rear,Clear,Dry,Daylight,No Controls,NONE DETECTED,No,No Apparent Injury,NA,Not Distracted,MD,Bus - Transit,Parked,40,No,2016,GILLIG,LOW FLOOR BUS,39.10106417,-77.21645917,2024,11,7
240054266,Property Damage Crash,11/12/2024 07:17:00 AM,DARNESTOWN RD,NA,Front to Rear,Clear,Dry,Daylight,No Controls,NONE DETECTED,No,No Apparent Injury,NA,Not Distracted,MD,Sport Utility Vehicle,Moving Constant Speed,40,No,2020,BMW,X3,39.10106417,-77.21645917,2024,11,7
240054264,Property Damage Crash,11/12/2024 07:05:00 AM,FREDERICK RD,NA,Single Vehicle,Clear,Dry,Daylight,No Controls,NONE DETECTED,No,No Apparent Injury,NA,Not Distracted,MD,Sport Utility Vehicle,Moving Constant Speed,45,No,2018,HONDA,PILOT,39.21173947,-77.24827453,2024,11,7
240054265,Property Damage Crash,11/12/2024 06:23:00 AM,RIVER RD,NA,Single Vehicle,Clear,Dry,Daylight,No Controls,NONE DETECTED,No,No Apparent Injury,NA,Not Distracted,MD,Passenger Car,Moving Constant Speed,40,No,2018,NISSAN,KICKS,39.03206667,-77.23427833,2024,11,6
240054259,Property Damage Crash,11/12/2024 05:15:00 AM,NA,NA,Single Vehicle,Clear,NA,Medium,NA,NONE DETECTED,No,No Apparent Injury,NA,Not Distracted,MD,Other,Backing,0,No,2020,FREIGHTLINER,M2,39.06117869,-76.95912077,2024,11,5
240054244,Property Damage Crash,11/11/2024 10:50:00 PM,SOUTHLAWN CT,NA,Single Vehicle,Clear,Dry,Medium,No Controls,NONE DETECTED,No,NA,NA,NA,NA,Sport Utility Vehicle,NA,15,No,2023,HONDA,PASSPORT,39.10332801,-77.13476314,2024,11,22
240054238,Property Damage Crash,11/11/2024 09:25:00 PM,NA,NA,Front to Rear,Clear,NA,Medium,NA,NONE DETECTED,No,No Apparent Injury,NA,Unknown,MD,Van - Passenger (&lt;9 Seats),Moving Constant Speed,0,No,2008,CHRYSLER,TOWN AND COUNTRY,39.041701,-76.98803683,2024,11,21
240054238,Property Damage Crash,11/11/2024 09:25:00 PM,NA,NA,Front to Rear,Clear,NA,Medium,NA,NONE DETECTED,No,NA,NA,NA,NA,Sport Utility Vehicle,Parked,0,No,2021,FORD,EXPEDITION MAX,39.041701,-76.98803683,2024,11,21
240054228,Property Damage Crash,11/11/2024 07:45:00 PM,UNIVERSITY BLVD W,NA,Other,Clear,Dry,Medium,No Controls,NONE DETECTED,No,No Apparent Injury,Other Improper Action,Not Distracted,NA,Passenger Car,Moving Constant Speed,30,No,2015,HONDA,CIVIC,39.03778229,-77.04038855,2024,11,19
240054228,Property Damage Crash,11/11/2024 07:45:00 PM,UNIVERSITY BLVD W,NA,Other,Clear,Dry,Medium,No Controls,NONE DETECTED,No,No Apparent Injury,NA,Not Distracted,MD,Passenger Car,Moving Constant Speed,30,No,2019,NEW FLYER,XCELSIOR,39.03778229,-77.04038855,2024,11,19
240054225,Property Damage Crash,11/11/2024 07:35:00 PM,W JEFFERSON ST,NA,Front to Rear,Clear,Dry,Medium,No Controls,NONE DETECTED,No,No Apparent Injury,NA,Not Distracted,VA,Passenger Car,Backing,30,No,2020,CHEVROLET,EXPRESS,39.08322438,-77.15247945,2024,11,19
240054225,Property Damage Crash,11/11/2024 07:35:00 PM,W JEFFERSON ST,NA,Front to Rear,Clear,Dry,Medium,No Controls,NONE DETECTED,No,No Apparent Injury,NA,Not Distracted,MD,Passenger Car,Parked,30,No,2022,DODGE,CHARGER,39.08322438,-77.15247945,2024,11,19
240054654,Property Damage Crash,11/11/2024 07:25:00 PM,NA,NA,Single Vehicle,Clear,NA,Medium,NA,NONE DETECTED,No,NA,NA,NA,NA,Passenger Car,Accelerating,0,No,0,NA,NA,39.03009647,-77.10888506,2024,11,19
240054223,Property Damage Crash,11/11/2024 07:10:00 PM,GEORGIA AVE (SB/L),NA,Angle,Clear,Dry,Medium,No Controls,NONE DETECTED,No,No Apparent Injury,NA,Not Distracted,MD,Passenger Car,Moving Constant Speed,35,No,2019,HONDA,ACCORD,39.07824095,-77.0719121,2024,11,19
240054223,Property Damage Crash,11/11/2024 07:10:00 PM,GEORGIA AVE (SB/L),NA,Angle,Clear,Dry,Medium,No Controls,ALCOHOL PRESENT,No,No Apparent Injury,NA,Not Distracted,MD,Passenger Car,Turning Left,35,No,1998,HONDA,ACCORD,39.07824095,-77.0719121,2024,11,19
240054221,Injury Crash,11/11/2024 07:04:00 PM,FREDERICK RD (SB/L),NA,Rear To Side,Clear,Dry,Medium,Traffic Control Signal,NONE DETECTED,No,Possible Minor Injury,NA,Not Distracted,MD,Passenger Car,Moving Constant Speed,45,No,2017,TOYOTA,COROLLA,39.20040864,-77.24527408,2024,11,19
240054221,Injury Crash,11/11/2024 07:04:00 PM,FREDERICK RD (SB/L),NA,Rear To Side,Clear,Dry,Medium,Traffic Control Signal,NONE DETECTED,Yes,No Apparent Injury,NA,Unknown,MD,Van - Passenger (&lt;9 Seats),Turning Left,45,No,2018,RAM,PROMASTER CITY,39.20040864,-77.24527408,2024,11,19
240054209,Property Damage Crash,11/11/2024 06:08:00 PM,NA,NA,Single Vehicle,Clear,Dry,Dark,No Controls,NONE DETECTED,No,No Apparent Injury,NA,Not Distracted,MD,Sport Utility Vehicle,Moving Constant Speed,35,No,2024,FORD,ESCAPE,39.1208934,-77.11315755,2024,11,18
240054195,Property Damage Crash,11/11/2024 04:42:00 PM,REDLAND BLVD (EB/L),NA,Rear To Side,Clear,Dry,Medium,Traffic Control Signal,NONE DETECTED,No,No Apparent Injury,NA,Not Distracted,MD,Pickup,Moving Constant Speed,35,No,2008,CHEVROLET,SILVERADO,39.11054967,-77.17462417,2024,11,16
240054195,Property Damage Crash,11/11/2024 04:42:00 PM,REDLAND BLVD (EB/L),NA,Rear To Side,Clear,Dry,Medium,Traffic Control Signal,NONE DETECTED,No,No Apparent Injury,NA,Not Distracted,MD,Sport Utility Vehicle,Moving Constant Speed,35,No,2017,NISSAN,ROGUE,39.11054967,-77.17462417,2024,11,16
240054194,Property Damage Crash,11/11/2024 04:18:00 PM,NOLTE AVE,NA,Unknown,Clear,Dry,Daylight,No Controls,NONE DETECTED,No,NA,NA,NA,NA,NA,NA,25,No,0,NA,NA,38.99291184,-77.0133497,2024,11,16
240054194,Property Damage Crash,11/11/2024 04:18:00 PM,NOLTE AVE,NA,Unknown,Clear,Dry,Daylight,No Controls,NONE DETECTED,No,No Apparent Injury,NA,Not Distracted,MX-MEX,Passenger Car,Parked,25,No,2013,HONDA,CR-V,38.99291184,-77.0133497,2024,11,16
240054185,Property Damage Crash,11/11/2024 04:00:00 PM,WANEGARDEN DR,NA,"Sideswipe, Same Direction",Clear,Dry,Daylight,Bicycle Crossing Sign,NONE DETECTED,Yes,No Apparent Injury,NA,Not Distracted,MD,Sport Utility Vehicle,Moving Constant Speed,25,No,2016,TOYOTA,HIGHLANDER,39.1831395,-77.28932517,2024,11,16
240054179,Property Damage Crash,11/11/2024 03:45:00 PM,NA,NA,Front to Rear,Clear,Dry,Daylight,No Controls,NONE DETECTED,No,No Apparent Injury,NA,Not Distracted,MD,Passenger Car,Slowing or Stopping,35,No,2019,VOLKSWAGEN,JETTA,39.1633865,-77.19200483,2024,11,15
240054179,Property Damage Crash,11/11/2024 03:45:00 PM,NA,NA,Front to Rear,Clear,Dry,Daylight,No Controls,NONE DETECTED,No,No Apparent Injury,NA,Not Distracted,MD,Passenger Car,Slowing or Stopping,35,No,2017,SUBARU,CROSSTREK,39.1633865,-77.19200483,2024,11,15
240054179,Property Damage Crash,11/11/2024 03:45:00 PM,NA,NA,Front to Rear,Clear,Dry,Daylight,No Controls,NONE DETECTED,Yes,No Apparent Injury,NA,"Other Action (looking away from task, etc.)",MD,Pickup,Moving Constant Speed,35,No,2023,FORD,F-350,39.1633865,-77.19200483,2024,11,15
240054175,Property Damage Crash,11/11/2024 03:07:00 PM,STRATHMORE AVE,NA,Front to Rear,Clear,Dry,Daylight,No Controls,NONE DETECTED,No,No Apparent Injury,NA,Not Distracted,MD,Passenger Car,Moving Constant Speed,30,No,2015,HONDA,CIVIC,39.03467155,-77.09852912,2024,11,15
240054175,Property Damage Crash,11/11/2024 03:07:00 PM,STRATHMORE AVE,NA,Front to Rear,Clear,Dry,Daylight,No Controls,NONE DETECTED,No,No Apparent Injury,NA,Unknown,MD,Sport Utility Vehicle,Moving Constant Speed,30,No,2007,HONDA,PILOT,39.03467155,-77.09852912,2024,11,15
240054175,Property Damage Crash,11/11/2024 03:07:00 PM,STRATHMORE AVE,NA,Front to Rear,Clear,Dry,Daylight,No Controls,NONE DETECTED,No,No Apparent Injury,NA,Not Distracted,MD,Sport Utility Vehicle,Moving Constant Speed,30,No,2024,TOYOTA,GRAND HIGHLANDER,39.03467155,-77.09852912,2024,11,15
240054196,Injury Crash,11/11/2024 03:00:00 PM,RESEARCH BLVD (SB/L),NA,"Sideswipe, Opposite Direction",Clear,Dry,Daylight,No Controls,NONE DETECTED,Yes,No Apparent Injury,Ran Red Light,Unknown,MD,Passenger Car,Moving Constant Speed,40,No,2019,HONDA,ACCORD,39.10494503,-77.19043993,2024,11,15
240054196,Injury Crash,11/11/2024 03:00:00 PM,RESEARCH BLVD (SB/L),NA,"Sideswipe, Opposite Direction",Clear,Dry,Daylight,Traffic Control Signal,NONE DETECTED,No,Possible Minor Injury,NA,Not Distracted,MD,Passenger Car,Accelerating,35,No,2014,SUBARU,XV CROSSTREK,39.10494503,-77.19043993,2024,11,15
240054166,Property Damage Crash,11/11/2024 02:20:00 PM,ROCKVILLE PIKE (SB/L),NA,Other,Clear,Dry,Daylight,No Controls,NONE DETECTED,No,No Apparent Injury,NA,Not Distracted,DC,Passenger Car,Turning Left,35,No,2013,MERCEDES-BENZ,E-CLASS,39.06583454,-77.12734948,2024,11,14
240054166,Property Damage Crash,11/11/2024 02:20:00 PM,ROCKVILLE PIKE (SB/L),NA,Other,Clear,Dry,Daylight,No Controls,NONE DETECTED,No,NA,NA,NA,NA,Passenger Car,NA,35,No,2020,TOYOTA,COROLLA,39.06583454,-77.12734948,2024,11,14
240054161,Property Damage Crash,11/11/2024 02:17:00 PM,MIDDLEBROOK RD (WB/L),NA,Front to Rear,Clear,Dry,Daylight,Traffic Control Signal,NONE DETECTED,Yes,No Apparent Injury,Followed Too Closely,"Other Action (looking away from task, etc.)",MD,Passenger Car,Moving Constant Speed,40,No,2001,MITSUBISHI,GALANT,39.17847739,-77.24181134,2024,11,14
240054161,Property Damage Crash,11/11/2024 02:17:00 PM,MIDDLEBROOK RD (WB/L),NA,Front to Rear,Clear,Dry,Daylight,Traffic Control Signal,NONE DETECTED,No,No Apparent Injury,NA,Not Distracted,MD,Sport Utility Vehicle,Slowing or Stopping,40,No,2015,TOYOTA,RAV4,39.17847739,-77.24181134,2024,11,14
240054154,Property Damage Crash,11/11/2024 01:33:00 PM,LAYHILL RD,NA,Single Vehicle,Clear,Dry,Daylight,No Controls,NONE DETECTED,Yes,No Apparent Injury,Ran Off Roadway,Not Distracted,MD,Sport Utility Vehicle,Accelerating,15,No,2016,HONDA,PILOT,39.06375824,-77.0491575,2024,11,13
240054145,Injury Crash,11/11/2024 12:47:00 PM,GEORGIA AVE (SB/L),NA,Front to Rear,Clear,Dry,Daylight,No Controls,NONE DETECTED,Yes,No Apparent Injury,"Operated Motor Vehicle in Inattentive, Careless, Negligent, or Erratic Manner, Other Improper Action","Other Action (looking away from task, etc.)",WV,Pickup,Moving Constant Speed,35,No,2007,DODGE,RAM,39.03484106,-77.0494355,2024,11,12
240054145,Injury Crash,11/11/2024 12:47:00 PM,GEORGIA AVE (SB/L),NA,Front to Rear,Clear,Dry,Daylight,No Controls,NONE DETECTED,No,Possible Minor Injury,NA,Not Distracted,MD,Passenger Car,Slowing or Stopping,35,No,2005,MAZDA,MAZDA3,39.03484106,-77.0494355,2024,11,12
240054145,Injury Crash,11/11/2024 12:47:00 PM,GEORGIA AVE (SB/L),NA,Front to Rear,Clear,Dry,Daylight,No Controls,NONE DETECTED,No,No Apparent Injury,NA,Not Distracted,MD,Passenger Car,Slowing or Stopping,35,No,2015,VOLKSWAGEN,CC,39.03484106,-77.0494355,2024,11,12
240054140,Property Damage Crash,11/11/2024 12:31:00 PM,NA,NA,Single Vehicle,Clear,Dry,Daylight,Traffic Control Signal,NONE DETECTED,No,No Apparent Injury,NA,Unknown,MD,Passenger Car,Accelerating,30,No,2011,TOYOTA,COROLLA,39.14307524,-77.21733625,2024,11,12
240054127,Property Damage Crash,11/11/2024 11:34:00 AM,MONTGOMERY VILLAGE AVE (SB/L),NA,Front to Rear,Clear,Dry,Daylight,Traffic Control Signal,NONE DETECTED,No,No Apparent Injury,NA,Not Distracted,MD,Motorcycle - 2 Wheeled,Accelerating,35,No,2019,HARLEY-DAVIDSON,FLHTP / POLICE ELECTRA GLIDE,39.15288167,-77.211865,2024,11,11
240054127,Property Damage Crash,11/11/2024 11:34:00 AM,MONTGOMERY VILLAGE AVE (SB/L),NA,Front to Rear,Clear,Dry,Daylight,Traffic Control Signal,NONE DETECTED,Yes,No Apparent Injury,"Operated Motor Vehicle in Inattentive, Careless, Negligent, or Erratic Manner",Unknown,MD,Sport Utility Vehicle,Accelerating,35,No,2014,ACURA,RDX,39.15288167,-77.211865,2024,11,11
240054122,Property Damage Crash,11/11/2024 10:50:00 AM,DARNESTOWN RD (WB/L),NA,Angle,Clear,Dry,Daylight,Traffic Control Signal,NONE DETECTED,No,No Apparent Injury,NA,Not Distracted,MD,Passenger Car,Moving Constant Speed,40,No,2005,MITSUBISHI,ENDEAVOR,39.09311471,-77.19655412,2024,11,10
240054122,Property Damage Crash,11/11/2024 10:50:00 AM,DARNESTOWN RD (WB/L),NA,Angle,Clear,Dry,Daylight,Traffic Control Signal,NONE DETECTED,Yes,No Apparent Injury,Failed to Yield Right-of-Way,Unknown,MD,Passenger Car,Turning Left,40,No,2010,TOYOTA,COROLLA,39.09311471,-77.19655412,2024,11,10
240054113,Injury Crash,11/11/2024 10:20:00 AM,CORRIGAN SQ ACCESS RD,NA,Angle,Clear,Dry,Daylight,No Controls,NONE DETECTED,No,No Apparent Injury,NA,Not Distracted,MD,Van - Passenger (&lt;9 Seats),Moving Constant Speed,35,No,2023,CHRYSLER,PACIFICA,39.16916563,-77.1760414,2024,11,10
240054113,Injury Crash,11/11/2024 10:20:00 AM,CORRIGAN SQ ACCESS RD,NA,Angle,Clear,Dry,Daylight,Stop Sign,NONE DETECTED,No,Possible Minor Injury,NA,Unknown,MD,Passenger Car,Turning Left,35,No,2013,HYUNDAI,ELANTRA,39.16916563,-77.1760414,2024,11,10
240054112,Property Damage Crash,11/11/2024 09:46:00 AM,NA,NA,Rear To Side,Clear,NA,Daylight,NA,NONE DETECTED,No,No Apparent Injury,NA,Unknown,MD,Bus - School,Backing,0,No,2016,THOMAS BUILT,HDX,39.03693179,-77.14590283,2024,11,9
240054096,Property Damage Crash,11/11/2024 08:45:00 AM,CONNECTICUT AVE (SB/L),NA,Front to Rear,Cloudy,Dry,Daylight,No Controls,NONE DETECTED,No,NA,NA,NA,NA,Passenger Car,Moving Constant Speed,35,No,2015,TOYOTA,CAMRY,39.09117006,-77.07087721,2024,11,8
240054096,Property Damage Crash,11/11/2024 08:45:00 AM,CONNECTICUT AVE (SB/L),NA,Front to Rear,Cloudy,Dry,Daylight,No Controls,NONE DETECTED,No,No Apparent Injury,NA,Not Distracted,MD,Passenger Car,Moving Constant Speed,35,No,2022,HONDA,CIVIC,39.09117006,-77.07087721,2024,11,8
240054097,Property Damage Crash,11/11/2024 08:40:00 AM,NA,NA,Single Vehicle,Clear,Wet,Daylight,No Controls,NONE DETECTED,Yes,No Apparent Injury,Too Fast For Conditions,Not Distracted,MD,Passenger Car,Negotiating a Curve,40,No,2015,TOYOTA,COROLLA,39.15433333,-77.14210167,2024,11,8
240054098,Property Damage Crash,11/11/2024 08:38:00 AM,NA,NA,Front to Rear,Clear,Wet,Daylight,Traffic Control Signal,NONE DETECTED,Yes,No Apparent Injury,Too Fast For Conditions,Not Distracted,MD,Passenger Car,Slowing or Stopping,40,No,2006,PONTIAC,G6,39.17894837,-77.26744511,2024,11,8
240054098,Property Damage Crash,11/11/2024 08:38:00 AM,NA,NA,Front to Rear,Clear,Wet,Daylight,Traffic Control Signal,NONE DETECTED,No,No Apparent Injury,NA,Not Distracted,MD,Passenger Car,Stopped in Traffic,40,No,2009,HONDA,ACCORD,39.17894837,-77.26744511,2024,11,8
240054095,Property Damage Crash,11/11/2024 08:32:00 AM,MONTROSE RD,NA,Front to Rear,Clear,Wet,Daylight,No Controls,NONE DETECTED,No,No Apparent Injury,NA,Not Distracted,MD,Passenger Car,Slowing or Stopping,40,No,2015,ACURA,MDX,39.05698867,-77.164193,2024,11,8
240054095,Property Damage Crash,11/11/2024 08:32:00 AM,MONTROSE RD,NA,Front to Rear,Clear,Wet,Daylight,No Controls,NONE DETECTED,No,No Apparent Injury,NA,Not Distracted,MD,Passenger Car,Slowing or Stopping,40,No,2024,TESLA,MODEL Y,39.05698867,-77.164193,2024,11,8
240054095,Property Damage Crash,11/11/2024 08:32:00 AM,MONTROSE RD,NA,Front to Rear,Clear,Wet,Daylight,No Controls,NONE DETECTED,Yes,No Apparent Injury,"Followed Too Closely, Too Fast For Conditions",Unknown,VA,Sport Utility Vehicle,Slowing or Stopping,40,No,2016,TOYOTA,SEQUOIA,39.05698867,-77.164193,2024,11,8
240054092,Injury Crash,11/11/2024 08:15:00 AM,ROCKLEDGE DR,NA,Front to Rear,Clear,Wet,Daylight,No Controls,NONE DETECTED,No,Possible Minor Injury,Other Improper Action,Not Distracted,MD,Sport Utility Vehicle,Parked,35,No,2003,JEEP,LIBERTY,39.02492143,-77.13272204,2024,11,8
240054092,Injury Crash,11/11/2024 08:15:00 AM,ROCKLEDGE DR,NA,Front to Rear,Clear,Wet,Daylight,No Controls,NONE DETECTED,No,Possible Minor Injury,"Operated Motor Vehicle in Inattentive, Careless, Negligent, or Erratic Manner",Unknown,MD,Sport Utility Vehicle,Moving Constant Speed,35,No,2021,VOLKSWAGEN,ID.4,39.02492143,-77.13272204,2024,11,8
240054093,Property Damage Crash,11/11/2024 08:11:00 AM,NA,NA,"Sideswipe, Same Direction",Clear,Wet,Daylight,Pedestrian Crossing,NONE DETECTED,Yes,No Apparent Injury,NA,Not Distracted,MD,Single-Unit Truck,Accelerating,30,No,2014,MACK,GU (GRANITE),39.09334733,-77.10907383,2024,11,8
240054093,Property Damage Crash,11/11/2024 08:11:00 AM,NA,NA,"Sideswipe, Same Direction",Clear,Wet,Daylight,Pedestrian Crossing,NONE DETECTED,No,No Apparent Injury,NA,Not Distracted,MD,Van - Passenger (&lt;9 Seats),Stopped in Traffic,30,No,2014,HONDA,ODYSSEY,39.09334733,-77.10907383,2024,11,8
240054086,Property Damage Crash,11/11/2024 07:17:00 AM,WATKINS MILL RD,NA,"Sideswipe, Opposite Direction",Cloudy,Wet,Daylight,No Controls,NONE DETECTED,No,No Apparent Injury,NA,Not Distracted,MD,Passenger Car,Moving Constant Speed,35,No,2011,HONDA,ACCORD,39.18992333,-77.22111667,2024,11,7
240054086,Property Damage Crash,11/11/2024 07:17:00 AM,WATKINS MILL RD,NA,"Sideswipe, Opposite Direction",Cloudy,Wet,Daylight,No Controls,NONE DETECTED,Yes,No Apparent Injury,Too Fast For Conditions,Unknown,MD,Pickup,Negotiating a Curve,35,No,2006,FORD,F-150,39.18992333,-77.22111667,2024,11,7
240054081,Injury Crash,11/11/2024 06:31:00 AM,NEW HAMPSHIRE AVE (SB/L),NA,Single Vehicle,Rain,Wet,Daylight,No Controls,NONE DETECTED,No,Possible Minor Injury,NA,Not Distracted,MD,Passenger Car,Moving Constant Speed,35,No,2016,TOYOTA,CAMRY,38.97758533,-76.99205167,2024,11,6
24005408,Injury Crash,11/11/2024 06:10:00 AM,RUSSELL AVE (SB/L),NA,Single Vehicle,Clear,Wet,Medium,No Controls,NONE DETECTED,Yes,Possible Minor Injury,NA,Unknown,MD,Passenger Car,NA,25,No,2015,CHRYSLER,200,39.15222655,-77.20831129,2024,11,6
240054062,Property Damage Crash,11/10/2024 11:34:00 PM,LITTLETON ST,NA,Front to Rear,Rain,Wet,Medium,No Controls,NONE DETECTED,No,No Apparent Injury,NA,Not Distracted,MD,Passenger Car,Moving Constant Speed,25,No,2024,SUBARU,CROSSTREK,39.06329006,-77.0855279,2024,11,23
240054063,Fatal Crash,11/10/2024 10:49:00 PM,ROCKVILLE PIKE (SB/L),Pedestrian,Single Vehicle,Rain,Wet,Medium,Traffic Control Signal,ALCOHOL PRESENT,No,No Apparent Injury,NA,Unknown,MD,Passenger Car,Moving Constant Speed,40,No,2012,HYUNDAI,SONATA,39.04705833,-77.113045,2024,11,22
240054057,Property Damage Crash,11/10/2024 09:30:00 PM,NA,NA,"Sideswipe, Same Direction",Rain,NA,Medium,NA,NONE DETECTED,No,No Apparent Injury,NA,Not Distracted,MD,Passenger Car,Parked,0,No,2015,MAZDA,MAZDA6,39.03982911,-77.05142724,2024,11,21
240054057,Property Damage Crash,11/10/2024 09:30:00 PM,NA,NA,"Sideswipe, Same Direction",Rain,NA,Medium,NA,NONE DETECTED,No,NA,NA,NA,NA,Sport Utility Vehicle,NA,0,No,2016,TOYOTA,4-RUNNER,39.03982911,-77.05142724,2024,11,21