Local Case Number,ACRS Report Type,Crash Date/Time,Road Name,Related Non-Motorist,Collision Type,Weather,Surface Condition,Light,Traffic Control,Driver Substance Abuse,Driver At Fault,Injury Severity,Circumstance,Driver Distracted By,Drivers License State,Vehicle Body Type,Vehicle Movement,Speed Limit,Driverless Vehicle,Vehicle Year,Vehicle Make,Vehicle Model,Latitude,Longitude,Year,Month,Hour
240053852,Injury Crash,11/09/2024 04:13:00 PM,VEIRS MILL RD (WB/L),NA,Front to Rear,Clear,Dry,Daylight,No Controls,NONE DETECTED,Yes,Possible Minor Injury,NA,Not Distracted,DC,Passenger Car,Moving Constant Speed,35,No,2022,JEEP,CHEROKEE,39.04267728,-77.06034498,2024,11,16
240053852,Injury Crash,11/09/2024 04:13:00 PM,VEIRS MILL RD (WB/L),NA,Front to Rear,Clear,Dry,Daylight,No Controls,ALCOHOL PRESENT,Yes,No Apparent Injury,NA,Unknown,MD,Passenger Car,NA,35,No,2020,CHEVROLET,IMPALA,39.04267728,-77.06034498,2024,11,16
24002368,Property Damage Crash,11/09/2024 04:11:00 PM,RANDOLPH RD,NA,Front to Rear,Clear,Dry,Daylight,Pedestrian Crossing Sign,NONE DETECTED,No,No Apparent Injury,NA,Not Distracted,MD,Passenger Car,Slowing or Stopping,35,No,2011,INFINITI,M37,39.05901288,-77.0652809,2024,11,16
24002368,Property Damage Crash,11/09/2024 04:11:00 PM,RANDOLPH RD,NA,Front to Rear,Clear,Dry,Daylight,Pedestrian Crossing Sign,NONE DETECTED,No,No Apparent Injury,NA,Not Distracted,MD,Passenger Car,Slowing or Stopping,35,No,2012,HONDA,CIVIC,39.05901288,-77.0652809,2024,11,16
24002368,Property Damage Crash,11/09/2024 04:11:00 PM,RANDOLPH RD,NA,Front to Rear,Clear,Dry,Daylight,Pedestrian Crossing Sign,NONE DETECTED,No,No Apparent Injury,NA,Not Distracted,MD,Passenger Car,Slowing or Stopping,35,No,2017,CHEVROLET,CRUZE,39.05901288,-77.0652809,2024,11,16
240054725,Injury Crash,11/09/2024 04:00:00 PM,EAST WEST HWY,Pedestrian,Single Vehicle,Clear,Dry,Daylight,Traffic Control Signal,NONE DETECTED,No,NA,NA,NA,NA,Passenger Car,Turning Left,30,No,2019,HONDA,PASSPORT,38.99333208,-77.06352067,2024,11,16
240053849,Injury Crash,11/09/2024 03:45:00 PM,NA,NA,Front to Rear,Clear,Dry,Daylight,Traffic Control Signal,NONE DETECTED,Yes,No Apparent Injury,NA,Not Distracted,MD,Passenger Car,Slowing or Stopping,35,No,2003,TOYOTA,COROLLA,39.16949133,-77.190542,2024,11,15
240053849,Injury Crash,11/09/2024 03:45:00 PM,NA,NA,Front to Rear,Clear,Dry,Daylight,Traffic Control Signal,NONE DETECTED,No,Possible Minor Injury,NA,Not Distracted,MD,Passenger Car,Stopped in Traffic,35,No,2012,NISSAN,VERSA,39.16949133,-77.190542,2024,11,15
240053849,Injury Crash,11/09/2024 03:45:00 PM,NA,NA,Front to Rear,Clear,Dry,Daylight,No Controls,NONE DETECTED,No,No Apparent Injury,NA,Not Distracted,MD,Passenger Car,Moving Constant Speed,35,No,2018,TOYOTA,C-HR,39.16949133,-77.190542,2024,11,15
240053838,Property Damage Crash,11/09/2024 02:37:00 PM,TOWER OAKS BLVD,NA,Single Vehicle,Clear,Dry,Daylight,No Controls,NONE DETECTED,No,No Apparent Injury,NA,Not Distracted,NJ,Passenger Car,Moving Constant Speed,35,No,2010,HONDA,ACCORD,39.06152936,-77.15487207,2024,11,14
240053834,Property Damage Crash,11/09/2024 01:33:00 PM,FREDERICK RD,NA,"Sideswipe, Same Direction",Clear,Dry,Daylight,Traffic Control Signal,NONE DETECTED,Yes,No Apparent Injury,Other Improper Action,Not Distracted,MD,Sport Utility Vehicle,Moving Constant Speed,40,No,2012,JEEP,GRAND CHEROKEE,39.17541477,-77.23788311,2024,11,13
240053834,Property Damage Crash,11/09/2024 01:33:00 PM,FREDERICK RD,NA,"Sideswipe, Same Direction",Clear,Dry,Daylight,Traffic Control Signal,NONE DETECTED,Yes,No Apparent Injury,Other Improper Action,Not Distracted,MD,Van - Passenger (&lt;9 Seats),Moving Constant Speed,40,No,2019,TOYOTA,HIGHLANDER,39.17541477,-77.23788311,2024,11,13
240053830,Property Damage Crash,11/09/2024 01:30:00 PM,CEDAR LA,NA,"Sideswipe, Same Direction",Clear,Dry,Daylight,Traffic Control Signal,NONE DETECTED,No,No Apparent Injury,NA,Not Distracted,MD,Passenger Car,Accelerating,30,No,2022,LEXUS,RX,39.00646568,-77.09742707,2024,11,13
240053830,Property Damage Crash,11/09/2024 01:30:00 PM,CEDAR LA,NA,"Sideswipe, Same Direction",Clear,Dry,Daylight,Traffic Control Signal,NONE DETECTED,No,No Apparent Injury,NA,Not Distracted,DC,Passenger Car,Accelerating,30,No,2021,ALFA ROMEO,STELVIO,39.00646568,-77.09742707,2024,11,13
240053825,Property Damage Crash,11/09/2024 12:34:00 PM,NA,NA,Rear To Rear,Clear,NA,Daylight,NA,NONE DETECTED,No,NA,NA,NA,NA,Passenger Car,Backing,0,No,2022,TOYOTA,CAMRY,39.05688864,-77.11053962,2024,11,12
240053808,Injury Crash,11/09/2024 10:50:00 AM,RIDGE RD (SB/L),NA,Angle,Clear,Dry,Daylight,Stop Sign,NONE DETECTED,Yes,Possible Minor Injury,Failed to Yield Right-of-Way,Unknown,MD,Passenger Car,Turning Left,25,No,2020,HONDA,CIVIC,39.27408233,-77.21513167,2024,11,10
240053808,Injury Crash,11/09/2024 10:50:00 AM,RIDGE RD (SB/L),NA,Angle,Clear,Dry,Daylight,No Controls,NONE DETECTED,No,Possible Minor Injury,NA,Unknown,MD,Sport Utility Vehicle,Accelerating,40,No,2016,ACURA,RDX,39.27408233,-77.21513167,2024,11,10
240053807,Injury Crash,11/09/2024 10:31:00 AM,ROSEDALE AVE,NA,"Sideswipe, Opposite Direction",Clear,Dry,Daylight,No Controls,NONE DETECTED,Yes,Possible Minor Injury,"Failed to Keep in Proper Lane, Operated Motor Vehicle in Inattentive, Careless, Negligent, or Erratic Manner","Other Action (looking away from task, etc.)",MD,Passenger Car,Moving Constant Speed,20,No,2020,TOYOTA,RAV4,38.99279483,-77.09464233,2024,11,10
240053805,Property Damage Crash,11/09/2024 10:11:00 AM,GEORGIA AVE,NA,Front to Rear,Clear,Dry,Daylight,No Controls,NONE DETECTED,No,No Apparent Injury,NA,Not Distracted,MD,Passenger Car,Slowing or Stopping,30,No,2015,ACURA,TLX,39.174015,-77.05870383,2024,11,10
240053805,Property Damage Crash,11/09/2024 10:11:00 AM,GEORGIA AVE,NA,Front to Rear,Clear,Dry,Daylight,No Controls,NONE DETECTED,Yes,No Apparent Injury,NA,"Manually Operating (dialing, playing game, etc.)",MD,Passenger Car,Moving Constant Speed,30,No,2013,HONDA,INSIGHT,39.174015,-77.05870383,2024,11,10
240053794,Injury Crash,11/09/2024 08:30:00 AM,VEIRS MILL RD (WB/L),NA,Angle,Clear,Dry,Daylight,Traffic Control Signal,NONE DETECTED,Yes,No Apparent Injury,Ran Red Light,Not Distracted,DC,Passenger Car,Moving Constant Speed,40,No,2007,FORD,E-250,39.05637133,-77.08281067,2024,11,8
240053794,Injury Crash,11/09/2024 08:30:00 AM,VEIRS MILL RD (WB/L),NA,Angle,Clear,Dry,Daylight,Traffic Control Signal,NONE DETECTED,No,Possible Minor Injury,NA,Not Distracted,MD,Passenger Car,Accelerating,40,No,2004,TOYOTA,4-RUNNER,39.05637133,-77.08281067,2024,11,8
240053770,Property Damage Crash,11/09/2024 12:00:00 AM,EAST WEST HWY,NA,"Sideswipe, Same Direction",Clear,Dry,Medium,Traffic Control Signal,NONE DETECTED,No,No Apparent Injury,NA,Not Distracted,MD,Passenger Car,Accelerating,35,No,2019,HYUNDAI,ELANTRA,38.9945173,-77.03710804,2024,11,0
240053770,Property Damage Crash,11/09/2024 12:00:00 AM,EAST WEST HWY,NA,"Sideswipe, Same Direction",Clear,Dry,Medium,Traffic Control Signal,NONE DETECTED,No,NA,NA,NA,NA,Sport Utility Vehicle,Accelerating,35,No,2016,TOYOTA,RAV4,38.9945173,-77.03710804,2024,11,0
240053767,Property Damage Crash,11/08/2024 08:35:00 PM,NA,NA,Single Vehicle,Clear,Dry,Dark,No Controls,ALCOHOL PRESENT,No,No Apparent Injury,Ran Off Roadway,Not Distracted,MD,Passenger Car,Moving Constant Speed,35,No,2015,HONDA,CR-V,38.97803812,-77.20091151,2024,11,20
240053759,Injury Crash,11/08/2024 08:35:00 PM,NA,Pedestrian,Single Vehicle,Clear,Dry,Medium,No Controls,NONE DETECTED,No,No Apparent Injury,NA,Not Distracted,FL,Van - Passenger (&lt;9 Seats),Slowing or Stopping,45,No,2023,MERCEDES-BENZ,SPRINTER,39.21931667,-77.25694167,2024,11,20
240053752,Injury Crash,11/08/2024 07:35:00 PM,ROCKY MOUNT WAY,NA,Single Vehicle,Clear,Dry,Medium,No Controls,NONE DETECTED,No,NA,Ran Off Roadway,Unknown,NA,Passenger Car,NA,35,No,2017,ACURA,ILX,39.03629915,-77.03411469,2024,11,19
240053751,Property Damage Crash,11/08/2024 07:19:00 PM,FREDERICK RD (SB/L),NA,Front to Rear,Clear,Dry,Medium,Traffic Control Signal,NONE DETECTED,No,No Apparent Injury,NA,Not Distracted,MD,Passenger Car,Stopped in Traffic,45,No,2019,NISSAN,SENTRA,39.20479374,-77.24616149,2024,11,19
240053751,Property Damage Crash,11/08/2024 07:19:00 PM,FREDERICK RD (SB/L),NA,Front to Rear,Clear,Dry,Medium,Traffic Control Signal,ALCOHOL PRESENT,Yes,No Apparent Injury,"Operated Motor Vehicle in Inattentive, Careless, Negligent, or Erratic Manner, Operated Motor Vehicle in Reckless or Aggressive Manner, Other Improper Action, Too Fast For Conditions",Unknown,MD,Passenger Car,NA,45,No,2000,LEXUS,ES,39.20479374,-77.24616149,2024,11,19
240053744,Property Damage Crash,11/08/2024 06:30:00 PM,AIRPARK RD,NA,Single Vehicle,Clear,Dry,Medium,No Controls,NONE DETECTED,No,No Apparent Injury,NA,Not Distracted,MD,Passenger Car,Moving Constant Speed,45,No,2014,CHEVROLET,MALIBU,39.16901052,-77.15397934,2024,11,18
240053735,Injury Crash,11/08/2024 05:54:00 PM,STRINGTOWN RD (NB/L),NA,"Sideswipe, Same Direction",Clear,Dry,Medium,Traffic Control Signal,NONE DETECTED,Yes,Possible Minor Injury,Failed to Yield Right-of-Way,Unknown,MD,Passenger Car,Changing Lanes,35,No,2013,TOYOTA,CAMRY,39.2374405,-77.27790423,2024,11,17
240053735,Injury Crash,11/08/2024 05:54:00 PM,STRINGTOWN RD (NB/L),NA,"Sideswipe, Same Direction",Clear,Dry,Medium,Traffic Control Signal,NONE DETECTED,No,No Apparent Injury,NA,Not Distracted,MD,Sport Utility Vehicle,Moving Constant Speed,35,No,2017,ACURA,MDX,39.2374405,-77.27790423,2024,11,17
240053733,Property Damage Crash,11/08/2024 05:51:00 PM,GEORGIA AVE (SB/L),NA,Front to Rear,Clear,Dry,Medium,No Controls,NONE DETECTED,Yes,No Apparent Injury,Other Improper Action,Not Distracted,MD,Sport Utility Vehicle,Slowing or Stopping,40,No,2013,GMC,ACADIA,39.12398889,-77.07320231,2024,11,17
240053733,Property Damage Crash,11/08/2024 05:51:00 PM,GEORGIA AVE (SB/L),NA,Front to Rear,Clear,Dry,Medium,No Controls,NONE DETECTED,No,No Apparent Injury,NA,Not Distracted,MD,Sport Utility Vehicle,Slowing or Stopping,40,No,2006,HUMMER,H3,39.12398889,-77.07320231,2024,11,17
240053728,Injury Crash,11/08/2024 05:41:00 PM,NA,Pedestrian,Single Vehicle,Clear,Dry,Dark,No Controls,NONE DETECTED,Yes,No Apparent Injury,NA,Not Distracted,MD,Passenger Car,Turning Right,25,No,2014,CHEVROLET,CRUZE,39.16772933,-77.25144205,2024,11,17
240053729,Property Damage Crash,11/08/2024 05:26:00 PM,COLESVILLE RD (WB/L),NA,"Sideswipe, Same Direction",Clear,Dry,Daylight,No Controls,NONE DETECTED,No,No Apparent Injury,NA,Not Distracted,VA,Passenger Car,Moving Constant Speed,35,No,2021,ACURA,RDX,38.99502303,-77.02989543,2024,11,17
240053729,Property Damage Crash,11/08/2024 05:26:00 PM,COLESVILLE RD (WB/L),NA,"Sideswipe, Same Direction",Clear,Dry,Daylight,No Controls,NONE DETECTED,No,No Apparent Injury,NA,NA,NA,Passenger Car,Moving Constant Speed,35,No,2019,FORD,ESCAPE,38.99502303,-77.02989543,2024,11,17
240053713,Property Damage Crash,11/08/2024 04:20:00 PM,RIDGE RD,NA,Front to Rear,Clear,Dry,Daylight,No Controls,NONE DETECTED,Yes,No Apparent Injury,NA,Not Distracted,MD,Passenger Car,Moving Constant Speed,35,No,2016,TOYOTA,RAV4,39.20583333,-77.24267333,2024,11,16
240053713,Property Damage Crash,11/08/2024 04:20:00 PM,RIDGE RD,NA,Front to Rear,Clear,Dry,Daylight,No Controls,NONE DETECTED,No,No Apparent Injury,NA,Not Distracted,MD,Passenger Car,Slowing or Stopping,35,No,2022,GMC,SIERRA LIMITED,39.20583333,-77.24267333,2024,11,16
240053711,Injury Crash,11/08/2024 04:14:00 PM,OLD GEORGETOWN RD,NA,Other,Clear,Dry,Daylight,No Controls,NONE DETECTED,No,Possible Minor Injury,NA,Not Distracted,MD,Sport Utility Vehicle,Moving Constant Speed,35,No,2022,CHEVROLET,SUBURBAN,39.00534088,-77.11101087,2024,11,16
240053711,Injury Crash,11/08/2024 04:14:00 PM,OLD GEORGETOWN RD,NA,Other,Clear,Dry,Daylight,No Controls,NONE DETECTED,Yes,Suspected Serious Injury,"Failed to Keep in Proper Lane, Operated Motor Vehicle in Inattentive, Careless, Negligent, or Erratic Manner, Over-Correcting/Over-Steering, Too Fast For Conditions",Unknown,MD,Passenger Car,Changing Lanes,35,No,2009,HYUNDAI,ELANTRA,39.00534088,-77.11101087,2024,11,16
240053881,Property Damage Crash,11/08/2024 03:40:00 PM,NA,NA,"Sideswipe, Same Direction",Clear,Dry,Daylight,Traffic Control Signal,NONE DETECTED,No,No Apparent Injury,NA,Not Distracted,MD,Passenger Car,NA,35,No,2022,JEEP,COMPASS,38.99370459,-77.03243246,2024,11,15
240053881,Property Damage Crash,11/08/2024 03:40:00 PM,NA,NA,"Sideswipe, Same Direction",Clear,Dry,Daylight,Traffic Control Signal,NONE DETECTED,No,No Apparent Injury,Failed to Keep in Proper Lane,Unknown,NA,Passenger Car,NA,35,No,2006,FORD,FUSION,38.99370459,-77.03243246,2024,11,15
240053706,Property Damage Crash,11/08/2024 03:33:00 PM,EAST WEST HWY,NA,Other,Clear,Dry,Daylight,Traffic Control Signal,NONE DETECTED,No,No Apparent Injury,NA,Unknown,MD,Bus - Transit,Changing Lanes,30,No,2009,GILLIG,LOW FLOOR BUS,38.98792871,-77.07704688,2024,11,15
240053706,Property Damage Crash,11/08/2024 03:33:00 PM,EAST WEST HWY,NA,Other,Clear,Dry,Daylight,Traffic Control Signal,NONE DETECTED,No,No Apparent Injury,NA,Not Distracted,MD,Passenger Car,Moving Constant Speed,30,No,2023,TOYOTA,CAMRY,38.98792871,-77.07704688,2024,11,15
240053696,Injury Crash,11/08/2024 03:05:00 PM,ROCKVILLE PIKE,NA,Angle,Clear,Dry,Daylight,No Controls,NONE DETECTED,Yes,No Apparent Injury,NA,Not Distracted,MD,Station Wagon,Turning Left,35,No,2021,VOLVO,XC40,39.01199258,-77.09794186,2024,11,15
240053696,Injury Crash,11/08/2024 03:05:00 PM,ROCKVILLE PIKE,NA,Angle,Clear,Dry,Daylight,No Controls,NONE DETECTED,No,Possible Minor Injury,NA,Not Distracted,MD,Passenger Car,Moving Constant Speed,35,No,2020,HYUNDAI,ELANTRA,39.01199258,-77.09794186,2024,11,15
240053696,Injury Crash,11/08/2024 03:05:00 PM,ROCKVILLE PIKE,NA,Angle,Clear,Dry,Daylight,Stop Sign,NONE DETECTED,No,No Apparent Injury,NA,Not Distracted,MD,Station Wagon,Stopped in Traffic,20,No,2020,MERCEDES-BENZ,GLS-CLASS,39.01199258,-77.09794186,2024,11,15
240053709,Property Damage Crash,11/08/2024 02:52:00 PM,VEIRS MILL RD (WB/L),NA,Angle,Clear,Dry,Daylight,Traffic Control Signal,NONE DETECTED,No,No Apparent Injury,NA,Not Distracted,MD,Passenger Car,Turning Right,35,No,2022,HONDA,PILOT,39.05611553,-77.08245258,2024,11,14
240053709,Property Damage Crash,11/08/2024 02:52:00 PM,VEIRS MILL RD (WB/L),NA,Angle,Clear,Dry,Daylight,Traffic Control Signal,NONE DETECTED,Yes,NA,NA,NA,NA,Passenger Car,Turning Right,35,No,2017,ACURA,MDX,39.05611553,-77.08245258,2024,11,14
240053700,Property Damage Crash,11/08/2024 02:40:00 PM,GAINSBOROUGH RD,NA,Angle,Clear,Dry,Daylight,No Controls,NONE DETECTED,No,No Apparent Injury,NA,Not Distracted,MD,Passenger Car,Moving Constant Speed,25,No,2015,HYUNDAI,ELANTRA,39.04282428,-77.17260358,2024,11,14
240053700,Property Damage Crash,11/08/2024 02:40:00 PM,GAINSBOROUGH RD,NA,Angle,Clear,Dry,Daylight,No Controls,NONE DETECTED,No,No Apparent Injury,Failed to Yield Right-of-Way,Not Distracted,MD,Bus - School,Turning Left,25,No,2023,FREIGHTLINER,B2 106 ELECTRIC CONVENTIONAL CHASSIS,39.04282428,-77.17260358,2024,11,14
240053691,Property Damage Crash,11/08/2024 02:30:00 PM,NA,NA,Front to Rear,Clear,Dry,Daylight,Traffic Control Signal,NONE DETECTED,No,No Apparent Injury,NA,Not Distracted,MD,Passenger Car,Slowing or Stopping,40,No,2016,HONDA,ACCORD,39.14497167,-77.0472755,2024,11,14
240053691,Property Damage Crash,11/08/2024 02:30:00 PM,NA,NA,Front to Rear,Clear,Dry,Daylight,Traffic Control Signal,NONE DETECTED,Yes,No Apparent Injury,Other Improper Action,Not Distracted,MD,Bus - School,Slowing or Stopping,40,No,2022,THOMAS BUILT,HDX,39.14497167,-77.0472755,2024,11,14
240053687,Injury Crash,11/08/2024 01:57:00 PM,SHAKESPEARE BLVD (WB/L),NA,Rear To Side,Clear,Dry,Daylight,Traffic Control Signal,NONE DETECTED,No,No Apparent Injury,NA,Not Distracted,MD,Passenger Car,Accelerating,35,No,2013,NISSAN,SENTRA,39.19813566,-77.2450383,2024,11,13
240053687,Injury Crash,11/08/2024 01:57:00 PM,SHAKESPEARE BLVD (WB/L),NA,Rear To Side,Clear,Dry,Daylight,Traffic Control Signal,NONE DETECTED,Yes,Possible Minor Injury,NA,Unknown,MD,Passenger Car,Turning Left,35,No,2020,TOYOTA,COROLLA,39.19813566,-77.2450383,2024,11,13
240053678,Injury Crash,11/08/2024 01:30:00 PM,NA,NA,Other,Clear,NA,Daylight,NA,NONE DETECTED,No,Possible Minor Injury,NA,Unknown,MD,Sport Utility Vehicle,Parked,0,No,2011,FORD,FLEX,38.99072876,-77.10266607,2024,11,13
240053678,Injury Crash,11/08/2024 01:30:00 PM,NA,NA,Other,Clear,NA,Daylight,NA,NONE DETECTED,Yes,No Apparent Injury,NA,Unknown,MD,Passenger Car,Backing,0,No,2005,TOYOTA,COROLLA,38.99072876,-77.10266607,2024,11,13
240053657,Injury Crash,11/08/2024 11:51:00 AM,OBSERVATION DR (SB/L),NA,Angle,Clear,Dry,Daylight,Traffic Control Signal,NONE DETECTED,No,Possible Minor Injury,NA,Not Distracted,MD,Passenger Car,Accelerating,45,No,2017,FORD,TAURUS,39.20177389,-77.25333867,2024,11,11
240053657,Injury Crash,11/08/2024 11:51:00 AM,OBSERVATION DR (SB/L),NA,Angle,Clear,Dry,Daylight,Traffic Control Signal,NONE DETECTED,Yes,No Apparent Injury,"Failed to Yield Right-of-Way, Operated Motor Vehicle in Inattentive, Careless, Negligent, or Erratic Manner",Unknown,MD,Passenger Car,Accelerating,35,No,2021,SUBARU,CROSSTREK,39.20177389,-77.25333867,2024,11,11
240053659,Property Damage Crash,11/08/2024 11:36:00 AM,ROCKVILLE PIKE (SB/L),NA,Rear To Side,Clear,Dry,Daylight,Stop Sign,NONE DETECTED,No,No Apparent Injury,NA,Unknown,MD,Other,Entering Traffic Lane,40,No,2001,CHEVROLET,SILVERADO,39.0754921,-77.13716807,2024,11,11
240053659,Property Damage Crash,11/08/2024 11:36:00 AM,ROCKVILLE PIKE (SB/L),NA,Rear To Side,Clear,Dry,Daylight,No Controls,NONE DETECTED,No,No Apparent Injury,NA,Not Distracted,FL,Passenger Car,Turning Left,40,No,2013,MAZDA,MAZDA6,39.0754921,-77.13716807,2024,11,11
240053648,Property Damage Crash,11/08/2024 11:09:00 AM,SOUTHLAWN LA,NA,Front to Front,Clear,Dry,Daylight,No Controls,NONE DETECTED,Yes,No Apparent Injury,NA,Not Distracted,MD,Sport Utility Vehicle,Backing,25,No,2019,ACURA,RDX,39.09365824,-77.14258858,2024,11,11
240053648,Property Damage Crash,11/08/2024 11:09:00 AM,SOUTHLAWN LA,NA,Front to Front,Clear,Dry,Daylight,No Controls,NONE DETECTED,No,No Apparent Injury,NA,Not Distracted,MD,Sport Utility Vehicle,Stopped in Traffic,25,No,2024,JEEP,GRAND CHEROKEE,39.09365824,-77.14258858,2024,11,11
240053636,Property Damage Crash,11/08/2024 09:47:00 AM,SAUL RD,NA,Angle,Clear,Dry,Daylight,Traffic Control Signal,NONE DETECTED,No,No Apparent Injury,NA,Not Distracted,MD,Passenger Car,Moving Constant Speed,35,No,2024,TOYOTA,RAV4,39.01666808,-77.0879304,2024,11,9
240053636,Property Damage Crash,11/08/2024 09:47:00 AM,SAUL RD,NA,Angle,Clear,Dry,Daylight,Traffic Control Signal,NONE DETECTED,No,No Apparent Injury,NA,Not Distracted,NJ,Other Trucks,Turning Right,35,No,2006,INTERNATIONAL,SF547,39.01666808,-77.0879304,2024,11,9
240053625,Property Damage Crash,11/08/2024 09:17:00 AM,EAGLEBROOK CT,NA,Single Vehicle,Clear,Dry,Daylight,No Controls,NONE DETECTED,Yes,No Apparent Injury,NA,Not Distracted,MD,Bus - School,Backing,25,No,2014,FREIGHTLINER,B2 BUS CHASSIS,39.06262401,-77.16161502,2024,11,9
240053629,Property Damage Crash,11/08/2024 09:01:00 AM,PUBLIC HOUSE RD,Cyclist (non-electric),Single Vehicle,Clear,Dry,Daylight,Stop Sign,NONE DETECTED,No,No Apparent Injury,NA,Not Distracted,MD,Passenger Car,Slowing or Stopping,10,No,2022,BMW,X5,39.24209941,-77.27860896,2024,11,9
240053618,Property Damage Crash,11/08/2024 08:23:00 AM,WHITTIER BLVD,NA,Other,Clear,Dry,Daylight,Traffic Control Signal,NONE DETECTED,No,No Apparent Injury,NA,Unknown,MD,Bus - School,Stopped in Traffic,30,No,2023,FREIGHTLINER,B2 106 ELECTRIC CONVENTIONAL CHASSIS,38.97609127,-77.12564095,2024,11,8
240053618,Property Damage Crash,11/08/2024 08:23:00 AM,WHITTIER BLVD,NA,Other,Clear,Dry,Daylight,Traffic Control Signal,NONE DETECTED,Yes,No Apparent Injury,Improper Passing,Unknown,MD,Sport Utility Vehicle,Turning Left,30,No,2024,MERCEDES-BENZ,GLE-CLASS,38.97609127,-77.12564095,2024,11,8
240053602,Injury Crash,11/08/2024 06:28:00 AM,DR BIRD RD,NA,Front to Front,Clear,Dry,Daylight,No Controls,NONE DETECTED,Yes,Possible Minor Injury,Over-Correcting/Over-Steering,Not Distracted,MD,Passenger Car,Moving Constant Speed,25,No,1989,HONDA,CIVIC,39.14014722,-77.03568764,2024,11,6
240053602,Injury Crash,11/08/2024 06:28:00 AM,DR BIRD RD,NA,Front to Front,Clear,Dry,Daylight,No Controls,NONE DETECTED,No,No Apparent Injury,NA,Not Distracted,DC,Passenger Car,Moving Constant Speed,25,No,2017,ACURA,ILX,39.14014722,-77.03568764,2024,11,6
240053602,Injury Crash,11/08/2024 06:28:00 AM,DR BIRD RD,NA,Front to Front,Clear,Dry,Daylight,No Controls,NONE DETECTED,No,Possible Minor Injury,NA,Not Distracted,MD,Passenger Car,Moving Constant Speed,25,No,2024,TOYOTA,CAMRY,39.14014722,-77.03568764,2024,11,6
240053600,Property Damage Crash,11/08/2024 06:08:00 AM,NA,NA,Front to Front,Clear,Dry,Daylight,No Controls,NONE DETECTED,No,No Apparent Injury,NA,Not Distracted,MD,Passenger Car,Moving Constant Speed,40,No,2016,HONDA,ACCORD,39.11650009,-76.96654941,2024,11,6
240053600,Property Damage Crash,11/08/2024 06:08:00 AM,NA,NA,Front to Front,Clear,Dry,Daylight,No Controls,NONE DETECTED,Yes,No Apparent Injury,Ran Off Roadway,Unknown,MD,Passenger Car,Leaving Traffic Lane,40,No,2016,HYUNDAI,ACCENT,39.11650009,-76.96654941,2024,11,6
240053643,Property Damage Crash,11/08/2024 05:45:00 AM,CAPITAL BELTWAY (WB/L),NA,"Sideswipe, Same Direction",Clear,Dry,Medium,No Controls,NONE DETECTED,No,No Apparent Injury,NA,Unknown,MD,Passenger Car,Moving Constant Speed,55,No,2018,CHEVROLET,IMPALA,39.01636226,-77.11212354,2024,11,5
240053643,Property Damage Crash,11/08/2024 05:45:00 AM,CAPITAL BELTWAY (WB/L),NA,"Sideswipe, Same Direction",Clear,Dry,Medium,No Controls,NONE DETECTED,Yes,No Apparent Injury,Failed to Keep in Proper Lane,Unknown,VA,Van - Passenger (&lt;9 Seats),Changing Lanes,55,No,2012,NISSAN,NV,39.01636226,-77.11212354,2024,11,5
240053397,Injury Crash,11/08/2024 05:33:00 AM,SANGAMORE RD,NA,"Sideswipe, Same Direction",Clear,Dry,Medium,Yield Sign,NONE DETECTED,No,Possible Minor Injury,NA,Not Distracted,VA,Motorcycle - 2 Wheeled,Moving Constant Speed,30,No,2024,HONDA,GOLDWING,38.94468368,-77.11700709,2024,11,5
240053397,Injury Crash,11/08/2024 05:33:00 AM,SANGAMORE RD,NA,"Sideswipe, Same Direction",Clear,Dry,Medium,Yield Sign,NONE DETECTED,No,NA,NA,NA,NA,NA,NA,30,No,0,NA,NA,38.94468368,-77.11700709,2024,11,5