Local Case Number,ACRS Report Type,Crash Date/Time,Road Name,Related Non-Motorist,Collision Type,Weather,Surface Condition,Light,Traffic Control,Driver Substance Abuse,Driver At Fault,Injury Severity,Circumstance,Driver Distracted By,Drivers License State,Vehicle Body Type,Vehicle Movement,Speed Limit,Driverless Vehicle,Vehicle Year,Vehicle Make,Vehicle Model,Latitude,Longitude,Year,Month,Hour
240053596,Property Damage Crash,11/08/2024 05:30:00 AM,MCKNEW RD,NA,Rear To Side,Clear,Dry,Medium,Stop Sign,NONE DETECTED,No,No Apparent Injury,NA,Unknown,MD,Passenger Car,Moving Constant Speed,25,No,2025,KIA,SORENTO,39.10213353,-76.92270374,2024,11,5
240053596,Property Damage Crash,11/08/2024 05:30:00 AM,MCKNEW RD,NA,Rear To Side,Clear,Dry,Medium,Stop Sign,NONE DETECTED,No,No Apparent Injury,NA,Not Distracted,MD,Passenger Car,Moving Constant Speed,25,No,2021,HONDA,CIVIC,39.10213353,-76.92270374,2024,11,5
240053589,Property Damage Crash,11/08/2024 01:07:00 AM,HOB HILL WAY,NA,Front to Front,Clear,Dry,Medium,Flashing Traffic Control Signal,NONE DETECTED,No,No Apparent Injury,NA,Not Distracted,MD,Passenger Car,Moving Constant Speed,35,No,1996,MERCEDES-BENZ,E-CLASS,39.18679054,-77.198259,2024,11,1
240053589,Property Damage Crash,11/08/2024 01:07:00 AM,HOB HILL WAY,NA,Front to Front,Clear,Dry,Medium,Flashing Traffic Control Signal,NONE DETECTED,No,No Apparent Injury,"Failed to Yield Right-of-Way, Improper Turn",Unknown,MD,Passenger Car,Turning Left,35,No,2013,HONDA,ACCORD,39.18679054,-77.198259,2024,11,1
240053584,Property Damage Crash,11/07/2024 10:10:00 PM,WISCONSIN AVE,NA,"Sideswipe, Same Direction",Clear,Dry,Medium,No Controls,NONE DETECTED,No,No Apparent Injury,NA,Unknown,MD,Passenger Car,Moving Constant Speed,35,No,2020,HONDA,ACCORD,38.97705545,-77.09053236,2024,11,22
240053584,Property Damage Crash,11/07/2024 10:10:00 PM,WISCONSIN AVE,NA,"Sideswipe, Same Direction",Clear,Dry,Medium,No Controls,NONE DETECTED,No,No Apparent Injury,NA,Unknown,MD,Passenger Car,Moving Constant Speed,35,No,2018,TOYOTA,COROLLA,38.97705545,-77.09053236,2024,11,22
240053577,Property Damage Crash,11/07/2024 08:48:00 PM,NEW HAMPSHIRE AVE,NA,Front to Rear,Clear,Dry,Medium,Traffic Control Signal,ALCOHOL PRESENT,No,No Apparent Injury,NA,Not Distracted,MD,Sport Utility Vehicle,Moving Constant Speed,40,No,2016,FORD,ESCAPE,39.07303699,-77.00265897,2024,11,20
240053577,Property Damage Crash,11/07/2024 08:48:00 PM,NEW HAMPSHIRE AVE,NA,Front to Rear,Clear,Dry,Medium,Traffic Control Signal,NONE DETECTED,No,No Apparent Injury,NA,Not Distracted,NJ,Passenger Car,Stopped in Traffic,40,No,2017,TOYOTA,CAMRY,39.07303699,-77.00265897,2024,11,20
240053570,Property Damage Crash,11/07/2024 08:45:00 PM,KING FARM BLVD,NA,Angle,Clear,Dry,Medium,No Controls,NONE DETECTED,Yes,No Apparent Injury,NA,Not Distracted,MD,Passenger Car,Making U-Turn,25,No,2015,HYUNDAI,ELANTRA,39.11131561,-77.17867018,2024,11,20
240053570,Property Damage Crash,11/07/2024 08:45:00 PM,KING FARM BLVD,NA,Angle,Clear,Dry,Medium,No Controls,NONE DETECTED,No,No Apparent Injury,NA,Not Distracted,MD,Passenger Car,Moving Constant Speed,25,No,2020,TOYOTA,CAMRY,39.11131561,-77.17867018,2024,11,20
240053563,Injury Crash,11/07/2024 07:16:00 PM,NA,Scooter (electric),Single Vehicle,Clear,Dry,Medium,Traffic Control Signal,NONE DETECTED,No,NA,NA,NA,NA,Sport Utility Vehicle,Turning Left,25,No,0,NA,NA,38.98207129,-77.09845948,2024,11,19
240053559,Injury Crash,11/07/2024 07:13:00 PM,NA,Pedestrian,Single Vehicle,Clear,NA,Medium,NA,NONE DETECTED,No,No Apparent Injury,NA,Unknown,MD,Sport Utility Vehicle,NA,0,No,2017,HONDA,CR-V,39.02932082,-77.10532683,2024,11,19
240053551,Property Damage Crash,11/07/2024 06:30:00 PM,GEORGIA AVE (SB/L),NA,"Sideswipe, Same Direction",Clear,Dry,Medium,Traffic Control Signal,NONE DETECTED,No,No Apparent Injury,NA,Not Distracted,MD,Bus - Transit,Turning Right,25,No,2013,NEW FLYER,XCELSIOR,39.04153033,-77.05183571,2024,11,18
240053551,Property Damage Crash,11/07/2024 06:30:00 PM,GEORGIA AVE (SB/L),NA,"Sideswipe, Same Direction",Clear,Dry,Medium,Traffic Control Signal,NONE DETECTED,Yes,No Apparent Injury,"Failed to Keep in Proper Lane, Improper Turn",Not Distracted,MD,Passenger Car,Turning Right,25,No,2022,TOYOTA,SIENNA,39.04153033,-77.05183571,2024,11,18
240053549,Injury Crash,11/07/2024 06:30:00 PM,HEWITT AVE,NA,Angle,Clear,Dry,Medium,Traffic Control Signal,NONE DETECTED,No,Possible Minor Injury,NA,Not Distracted,MD,Passenger Car,Moving Constant Speed,40,No,2013,MAZDA,MAZDA3,39.077719,-77.07057417,2024,11,18
240053549,Injury Crash,11/07/2024 06:30:00 PM,HEWITT AVE,NA,Angle,Clear,Dry,Medium,Traffic Control Signal,NONE DETECTED,Yes,No Apparent Injury,Failed to Yield Right-of-Way,Not Distracted,NA,Passenger Car,Turning Left,40,No,2002,NISSAN,FRONTIER,39.077719,-77.07057417,2024,11,18
240053552,Property Damage Crash,11/07/2024 06:26:00 PM,NA,NA,Angle,Clear,Dry,Medium,Traffic Control Signal,NONE DETECTED,No,No Apparent Injury,NA,Not Distracted,MD,Pickup,Moving Constant Speed,30,No,2018,FORD,F-150,39.14940343,-77.012286,2024,11,18
240053552,Property Damage Crash,11/07/2024 06:26:00 PM,NA,NA,Angle,Clear,Dry,Medium,Traffic Control Signal,NONE DETECTED,No,No Apparent Injury,NA,Not Distracted,MD,Passenger Car,Turning Left,30,No,2013,VOLKSWAGEN,JETTA,39.14940343,-77.012286,2024,11,18
240053545,Property Damage Crash,11/07/2024 06:00:00 PM,GEORGIA AVE (SB/L),NA,"Sideswipe, Same Direction",Clear,Dry,Medium,No Controls,NONE DETECTED,Yes,No Apparent Injury,NA,Unknown,MD,Passenger Car,Changing Lanes,45,No,2010,TOYOTA,VENZA,39.10673919,-77.07597526,2024,11,18
240053545,Property Damage Crash,11/07/2024 06:00:00 PM,GEORGIA AVE (SB/L),NA,"Sideswipe, Same Direction",Clear,Dry,Medium,No Controls,NONE DETECTED,No,No Apparent Injury,NA,Not Distracted,MD,Bus - Transit,Moving Constant Speed,45,No,2023,NEW FLYER,XCELSIOR,39.10673919,-77.07597526,2024,11,18
240053532,Property Damage Crash,11/07/2024 05:27:00 PM,NA,NA,Angle,Clear,Dry,Medium,No Controls,NONE DETECTED,Yes,No Apparent Injury,NA,Not Distracted,MD,Passenger Car,Entering Traffic Lane,30,No,2014,HYUNDAI,ACCENT,39.00019333,-77.0258045,2024,11,17
240053532,Property Damage Crash,11/07/2024 05:27:00 PM,NA,NA,Angle,Clear,Dry,Medium,No Controls,NONE DETECTED,No,No Apparent Injury,NA,Not Distracted,MD,Passenger Car,Moving Constant Speed,30,No,2017,HONDA,ACCORD,39.00019333,-77.0258045,2024,11,17
240053536,Injury Crash,11/07/2024 05:17:00 PM,WALKERS CHOICE RD,Cyclist (non-electric),Single Vehicle,Cloudy,Dry,Medium,Traffic Control Signal,NONE DETECTED,No,No Apparent Injury,Failed to Yield Right-of-Way,Not Distracted,MD,Sport Utility Vehicle,Accelerating,30,No,2014,NISSAN,ROGUE,39.16144881,-77.20213473,2024,11,17
240053543,Injury Crash,11/07/2024 05:16:00 PM,LONGDRAFT RD (SB/L),NA,Front to Rear,Clear,Dry,Daylight,Traffic Control Signal,NONE DETECTED,No,Possible Minor Injury,NA,Not Distracted,MD,Passenger Car,Stopped in Traffic,35,No,2008,TOYOTA,COROLLA,39.14829334,-77.23772484,2024,11,17
240053543,Injury Crash,11/07/2024 05:16:00 PM,LONGDRAFT RD (SB/L),NA,Front to Rear,Clear,Dry,Daylight,Traffic Control Signal,NONE DETECTED,Yes,No Apparent Injury,"Failed to Keep in Proper Lane, Operated Motor Vehicle in Reckless or Aggressive Manner, Ran Red Light, Too Fast For Conditions",Not Distracted,MD,Passenger Car,Moving Constant Speed,35,No,2018,HONDA,ODYSSEY,39.14829334,-77.23772484,2024,11,17
240053543,Injury Crash,11/07/2024 05:16:00 PM,LONGDRAFT RD (SB/L),NA,Front to Rear,Clear,Dry,Daylight,Traffic Control Signal,NONE DETECTED,No,Possible Minor Injury,NA,Not Distracted,MD,Passenger Car,Stopped in Traffic,35,No,2023,HYUNDAI,ELANTRA,39.14829334,-77.23772484,2024,11,17
240053555,Property Damage Crash,11/07/2024 05:15:00 PM,CAULFIELD LA,NA,Single Vehicle,Clear,Dry,Daylight,No Controls,NONE DETECTED,Yes,No Apparent Injury,Other Improper Action,Not Distracted,MD,Sport Utility Vehicle,Slowing or Stopping,0,No,2021,KIA,SORENTO,39.15453805,-77.23231529,2024,11,17
240053541,Property Damage Crash,11/07/2024 05:11:00 PM,CLOPPER RD,NA,"Sideswipe, Same Direction",Clear,Dry,Daylight,No Controls,NONE DETECTED,Yes,No Apparent Injury,Improper Passing,Not Distracted,MD,Passenger Car,Overtaking/Passing,35,No,2018,FORD,TAURUS,39.14829783,-77.2373165,2024,11,17
240053541,Property Damage Crash,11/07/2024 05:11:00 PM,CLOPPER RD,NA,"Sideswipe, Same Direction",Clear,Dry,Daylight,No Controls,NONE DETECTED,No,No Apparent Injury,NA,Not Distracted,MD,Passenger Car,Parked,35,No,2019,DODGE,CHARGER,39.14829783,-77.2373165,2024,11,17
240053528,Injury Crash,11/07/2024 04:40:00 PM,NA,NA,Rear To Side,Clear,Dry,Medium,No Controls,NONE DETECTED,Yes,No Apparent Injury,NA,Unknown,MD,Passenger Car,Changing Lanes,35,No,1997,FORD,F-150,39.08029452,-77.07944085,2024,11,16
240053528,Injury Crash,11/07/2024 04:40:00 PM,NA,NA,Rear To Side,Clear,Dry,Medium,No Controls,NONE DETECTED,No,Possible Minor Injury,NA,Unknown,MD,Passenger Car,Moving Constant Speed,35,No,2019,HONDA,CIVIC,39.08029452,-77.07944085,2024,11,16
240053527,Injury Crash,11/07/2024 04:40:00 PM,NA,NA,Angle,Clear,Dry,Daylight,No Controls,NONE DETECTED,Yes,Possible Minor Injury,NA,Not Distracted,MD,Bus - Transit,Moving Constant Speed,25,No,2009,GILLIG,CITY TRANSIT BUS,38.9921655,-77.02894467,2024,11,16
240053522,Injury Crash,11/07/2024 04:16:00 PM,NORBECK RD,NA,Rear To Rear,Clear,Dry,Daylight,Traffic Control Signal,NONE DETECTED,No,No Apparent Injury,NA,Not Distracted,MD,Pickup,Slowing or Stopping,50,No,2017,TOYOTA,TACOMA,39.09605692,-77.10981522,2024,11,16
240053522,Injury Crash,11/07/2024 04:16:00 PM,NORBECK RD,NA,Rear To Rear,Clear,Dry,Daylight,Traffic Control Signal,NONE DETECTED,No,Possible Minor Injury,NA,Not Distracted,MD,Passenger Car,Slowing or Stopping,50,No,2017,NISSAN,MAXIMA,39.09605692,-77.10981522,2024,11,16
240053522,Injury Crash,11/07/2024 04:16:00 PM,NORBECK RD,NA,Rear To Rear,Clear,Dry,Daylight,Traffic Control Signal,NONE DETECTED,Yes,Possible Minor Injury,Followed Too Closely,Unknown,MD,Passenger Car,Moving Constant Speed,50,No,2009,HONDA,CIVIC,39.09605692,-77.10981522,2024,11,16
240053515,Injury Crash,11/07/2024 03:55:00 PM,GLENBROOK RD,NA,Angle,Clear,Dry,Daylight,Stop Sign,NONE DETECTED,No,Possible Minor Injury,Failed to Yield Right-of-Way,Not Distracted,MD,Passenger Car,Moving Constant Speed,25,No,2016,MERCEDES-BENZ,S-CLASS,38.98713716,-77.10699478,2024,11,15
240053515,Injury Crash,11/07/2024 03:55:00 PM,GLENBROOK RD,NA,Angle,Clear,Dry,Daylight,No Controls,NONE DETECTED,No,Possible Minor Injury,NA,Not Distracted,VA,Sport Utility Vehicle,Moving Constant Speed,25,No,2018,DODGE,JOURNEY,38.98713716,-77.10699478,2024,11,15
240053519,Injury Crash,11/07/2024 03:45:00 PM,SENECA RD,NA,Single Vehicle,Clear,Dry,Daylight,No Controls,NONE DETECTED,No,Possible Minor Injury,NA,"Other Action (looking away from task, etc.)",VA,Passenger Car,Moving Constant Speed,40,No,2021,ACURA,TLX,39.10121614,-77.29372071,2024,11,15
240053510,Property Damage Crash,11/07/2024 03:05:00 PM,CONNECTICUT AVE (SB/L),NA,"Sideswipe, Same Direction",Clear,Dry,Daylight,Traffic Control Signal,NONE DETECTED,Yes,No Apparent Injury,NA,Not Distracted,PA,Other,Overtaking/Passing,35,No,2020,FREIGHTLINER,M2,39.08407001,-77.07698598,2024,11,15
240053510,Property Damage Crash,11/07/2024 03:05:00 PM,CONNECTICUT AVE (SB/L),NA,"Sideswipe, Same Direction",Clear,Dry,Daylight,Traffic Control Signal,NONE DETECTED,No,No Apparent Injury,NA,Not Distracted,MD,Bus - School,Stopped in Traffic,35,No,2024,FREIGHTLINER,B2 106 ELECTRIC CONVENTIONAL CHASSIS,39.08407001,-77.07698598,2024,11,15
240053511,Property Damage Crash,11/07/2024 03:00:00 PM,NA,NA,"Sideswipe, Opposite Direction",Clear,NA,Daylight,NA,NONE DETECTED,Yes,No Apparent Injury,Improper Backing,Not Distracted,MD,Bus - School,Backing,0,No,2016,THOMAS BUILT,HDX,39.028176,-76.99164986,2024,11,15
240053511,Property Damage Crash,11/07/2024 03:00:00 PM,NA,NA,"Sideswipe, Opposite Direction",Clear,NA,Daylight,NA,NONE DETECTED,No,No Apparent Injury,NA,Not Distracted,MD,Bus - School,Parked,0,No,2017,THOMAS BUILT,HDX,39.028176,-76.99164986,2024,11,15
240053507,Injury Crash,11/07/2024 02:58:00 PM,RANDOLPH RD,NA,Other,Clear,Dry,Daylight,No Controls,NONE DETECTED,No,Possible Minor Injury,NA,Unknown,MD,Sport Utility Vehicle,Changing Lanes,35,No,2011,INFINITI,FX50,39.05391272,-77.09712241,2024,11,14
240053507,Injury Crash,11/07/2024 02:58:00 PM,RANDOLPH RD,NA,Other,Clear,Dry,Daylight,No Controls,NONE DETECTED,No,No Apparent Injury,NA,Not Distracted,MD,Bus - Transit,Moving Constant Speed,35,No,2011,GILLIG,CITY TRANSIT BUS,39.05391272,-77.09712241,2024,11,14
240053501,Property Damage Crash,11/07/2024 02:51:00 PM,LAMBERTON DR,NA,"Sideswipe, Same Direction",Clear,Dry,Daylight,No Controls,NONE DETECTED,Yes,No Apparent Injury,NA,"Other Action (looking away from task, etc.)",MD,Passenger Car,Moving Constant Speed,25,No,2018,TOYOTA,CAMRY,39.04475283,-77.02213867,2024,11,14
240053493,Property Damage Crash,11/07/2024 01:59:00 PM,COLUMBIA PIKE,NA,"Sideswipe, Same Direction",Clear,Dry,Daylight,No Controls,NONE DETECTED,No,No Apparent Injury,NA,Not Distracted,MD,Passenger Car,Moving Constant Speed,35,No,2017,HONDA,HR-V,39.03425719,-77.00176041,2024,11,13
240053493,Property Damage Crash,11/07/2024 01:59:00 PM,COLUMBIA PIKE,NA,"Sideswipe, Same Direction",Clear,Dry,Daylight,No Controls,NONE DETECTED,No,No Apparent Injury,"Followed Too Closely, Swerved or Avoided Due to Wind, Slippery Surface, Motor Vehicle, Object, Non-Motorist in Roadway, etc",Unknown,VA,Passenger Car,Moving Constant Speed,35,No,2022,CHEVROLET,COLORADO,39.03425719,-77.00176041,2024,11,13
240053485,Property Damage Crash,11/07/2024 01:15:00 PM,ROCKVILLE PIKE (SB/L),NA,Angle,Clear,Dry,Daylight,Traffic Control Signal,NONE DETECTED,Yes,No Apparent Injury,NA,Not Distracted,MD,Van - Passenger (&lt;9 Seats),Turning Right,35,No,2015,FORD,TRANSIT,39.04474803,-77.11177728,2024,11,13
240053485,Property Damage Crash,11/07/2024 01:15:00 PM,ROCKVILLE PIKE (SB/L),NA,Angle,Clear,Dry,Daylight,Traffic Control Signal,NONE DETECTED,No,No Apparent Injury,NA,Not Distracted,MD,Sport Utility Vehicle,Moving Constant Speed,35,No,2022,VOLKSWAGEN,TAOS,39.04474803,-77.11177728,2024,11,13
240053472,Property Damage Crash,11/07/2024 12:30:00 PM,MIDDLEBROOK RD,NA,"Sideswipe, Same Direction",Clear,Dry,Daylight,No Controls,NONE DETECTED,Yes,No Apparent Injury,Failed to Keep in Proper Lane,Unknown,MD,Other Trucks,Moving Constant Speed,35,No,2017,FORD,E-350,39.176385,-77.26392012,2024,11,12
240053472,Property Damage Crash,11/07/2024 12:30:00 PM,MIDDLEBROOK RD,NA,"Sideswipe, Same Direction",Clear,Dry,Daylight,No Controls,NONE DETECTED,Yes,No Apparent Injury,Failed to Keep in Proper Lane,Unknown,MD,Passenger Car,Moving Constant Speed,35,No,2024,FORD,MUSTANG,39.176385,-77.26392012,2024,11,12
240053465,Property Damage Crash,11/07/2024 11:55:00 AM,A ST (WB/L),NA,Rear To Side,Clear,Dry,Daylight,Traffic Control Signal,NONE DETECTED,No,No Apparent Injury,NA,Not Distracted,WV,Single-Unit Truck,Moving Constant Speed,35,No,2020,SPARTAN MOTORS CHASS,GLADIATOR,39.09212163,-77.15322507,2024,11,11
240053465,Property Damage Crash,11/07/2024 11:55:00 AM,A ST (WB/L),NA,Rear To Side,Clear,Dry,Daylight,Traffic Control Signal,NONE DETECTED,No,No Apparent Injury,NA,Not Distracted,MD,Passenger Car,Making U-Turn,35,No,2010,HONDA,INSIGHT,39.09212163,-77.15322507,2024,11,11
240053457,Property Damage Crash,11/07/2024 11:11:00 AM,KIMBERLY ST,NA,Angle,Clear,Dry,Daylight,No Controls,NONE DETECTED,No,No Apparent Injury,NA,Not Distracted,MD,Van - Cargo,Moving Constant Speed,30,No,2015,FORD,F-550,39.03144429,-77.05214239,2024,11,11
240053457,Property Damage Crash,11/07/2024 11:11:00 AM,KIMBERLY ST,NA,Angle,Clear,Dry,Daylight,Stop Sign,NONE DETECTED,Yes,No Apparent Injury,"Disregarded Other Traffic Sign, Failed to Yield Right-of-Way, Ran Stop Sign",Not Distracted,OH,Passenger Car,Moving Constant Speed,30,No,2022,KIA,K5,39.03144429,-77.05214239,2024,11,11
240053468,Property Damage Crash,11/07/2024 11:10:00 AM,OAKLYN DR (NB/L),NA,"Sideswipe, Same Direction",Clear,Dry,Daylight,Stop Sign,NONE DETECTED,Yes,No Apparent Injury,Failed to Yield Right-of-Way,Not Distracted,MD,Passenger Car,Turning Left,25,No,2019,PORSCHE,CAYENNE,38.9977299,-77.18873917,2024,11,11
240053468,Property Damage Crash,11/07/2024 11:10:00 AM,OAKLYN DR (NB/L),NA,"Sideswipe, Same Direction",Clear,Dry,Daylight,Stop Sign,NONE DETECTED,No,No Apparent Injury,NA,Not Distracted,VA,Passenger Car,Accelerating,25,Unknown,2020,PORSCHE,MACAN,38.9977299,-77.18873917,2024,11,11
240053438,Injury Crash,11/07/2024 10:15:00 AM,W MONTGOMERY AVE (WB/L),NA,Front to Rear,Clear,Dry,Daylight,No Controls,NONE DETECTED,No,No Apparent Injury,NA,"Other Action (looking away from task, etc.)",MD,Passenger Car,Moving Constant Speed,30,No,2011,TOYOTA,SIENNA,39.08580001,-77.17138061,2024,11,10
240053438,Injury Crash,11/07/2024 10:15:00 AM,W MONTGOMERY AVE (WB/L),NA,Front to Rear,Clear,Dry,Daylight,No Controls,NONE DETECTED,No,No Apparent Injury,NA,Not Distracted,MD,Passenger Car,Stopped in Traffic,30,No,2020,KIA,TELLURIDE,39.08580001,-77.17138061,2024,11,10
240053445,Property Damage Crash,11/07/2024 10:14:00 AM,GERMANTOWN RD,NA,Front to Rear,Clear,Dry,Daylight,No Controls,NONE DETECTED,No,No Apparent Injury,NA,Not Distracted,MD,Bus - Transit,Stopped in Traffic,35,No,2020,GILLIG,CITY SUBURBAN BUS,39.18028216,-77.2640247,2024,11,10
240053445,Property Damage Crash,11/07/2024 10:14:00 AM,GERMANTOWN RD,NA,Front to Rear,Clear,Dry,Daylight,No Controls,NONE DETECTED,Yes,No Apparent Injury,Improper Passing,Unknown,MD,Passenger Car,Overtaking/Passing,35,No,2017,AUDI,A4,39.18028216,-77.2640247,2024,11,10
240053436,Property Damage Crash,11/07/2024 10:09:00 AM,FREDERICK RD (SB/L),NA,Front to Rear,Clear,Dry,Daylight,Traffic Control Signal,NONE DETECTED,No,No Apparent Injury,Followed Too Closely,Not Distracted,MD,Passenger Car,Accelerating,35,No,2005,LINCOLN,LS,39.15227514,-77.21201561,2024,11,10
240053436,Property Damage Crash,11/07/2024 10:09:00 AM,FREDERICK RD (SB/L),NA,Front to Rear,Clear,Dry,Daylight,Traffic Control Signal,NONE DETECTED,No,No Apparent Injury,NA,Not Distracted,MD,Pickup,Stopped in Traffic,35,No,2017,NISSAN,FRONTIER,39.15227514,-77.21201561,2024,11,10
240053427,Property Damage Crash,11/07/2024 09:10:00 AM,GEORGIA AVE,NA,Angle,Clear,Dry,Daylight,Traffic Control Signal,NONE DETECTED,No,No Apparent Injury,NA,Not Distracted,MD,Sport Utility Vehicle,Accelerating,35,No,2021,HONDA,CR-V,39.00875033,-77.04019467,2024,11,9
240053427,Property Damage Crash,11/07/2024 09:10:00 AM,GEORGIA AVE,NA,Angle,Clear,Dry,Daylight,Traffic Control Signal,NONE DETECTED,No,No Apparent Injury,Too Fast For Conditions,Unknown,MD,Sport Utility Vehicle,Moving Constant Speed,35,No,2024,TOYOTA,RAV4,39.00875033,-77.04019467,2024,11,9
240053425,Property Damage Crash,11/07/2024 09:01:00 AM,CLOPPER RD,NA,Front to Rear,Clear,Dry,Daylight,No Controls,NONE DETECTED,No,No Apparent Injury,NA,Not Distracted,FL,Sport Utility Vehicle,Stopped in Traffic,35,No,2019,MERCEDES-BENZ,GLC-CLASS,39.14465208,-77.22552864,2024,11,9
240053425,Property Damage Crash,11/07/2024 09:01:00 AM,CLOPPER RD,NA,Front to Rear,Clear,Dry,Daylight,No Controls,NONE DETECTED,No,No Apparent Injury,Followed Too Closely,Not Distracted,MD,Passenger Car,Slowing or Stopping,35,No,2015,TOYOTA,CAMRY,39.14465208,-77.22552864,2024,11,9
240053424,Injury Crash,11/07/2024 08:57:00 AM,CONNECTICUT AVE,NA,Angle,Clear,Dry,Daylight,No Controls,NONE DETECTED,No,Possible Minor Injury,NA,Not Distracted,MD,Passenger Car,Moving Constant Speed,35,No,2016,LINCOLN,MKZ,39.06096134,-77.07310809,2024,11,8
240053424,Injury Crash,11/07/2024 08:57:00 AM,CONNECTICUT AVE,NA,Angle,Clear,Dry,Daylight,Stop Sign,NONE DETECTED,Yes,Possible Minor Injury,NA,Not Distracted,MD,Passenger Car,Turning Left,35,No,2015,HONDA,CIVIC,39.06096134,-77.07310809,2024,11,8
240053423,Injury Crash,11/07/2024 08:38:00 AM,NA,NA,Angle,Clear,Dry,Daylight,No Controls,NONE DETECTED,No,No Apparent Injury,NA,Not Distracted,MD,Passenger Car,Moving Constant Speed,25,No,1999,TOYOTA,COROLLA,39.04969547,-77.10280076,2024,11,8
240053423,Injury Crash,11/07/2024 08:38:00 AM,NA,NA,Angle,Clear,Dry,Daylight,No Controls,NONE DETECTED,Yes,No Apparent Injury,NA,Not Distracted,MD,Passenger Car,Turning Right,25,No,2013,SUBARU,LEGACY,39.04969547,-77.10280076,2024,11,8
240053422,Property Damage Crash,11/07/2024 08:30:00 AM,NEWPORT MILL RD,NA,Front to Rear,Clear,Dry,Daylight,No Controls,NONE DETECTED,Yes,No Apparent Injury,NA,Not Distracted,MD,Passenger Car,Moving Constant Speed,25,No,2009,MITSUBISHI,LANCER,39.0405535,-77.06992183,2024,11,8
240053410,Property Damage Crash,11/07/2024 07:41:00 AM,NA,NA,Angle,Clear,Dry,Daylight,Traffic Control Signal,NONE DETECTED,Yes,No Apparent Injury,Failed to Yield Right-of-Way,"Other Action (looking away from task, etc.)",VA,Pickup,Turning Left,40,No,2021,FORD,F-150,39.228159,-77.26603483,2024,11,7
240053410,Property Damage Crash,11/07/2024 07:41:00 AM,NA,NA,Angle,Clear,Dry,Daylight,Traffic Control Signal,NONE DETECTED,No,No Apparent Injury,NA,Not Distracted,NA,Passenger Car,Moving Constant Speed,40,No,2005,HONDA,CIVIC,39.228159,-77.26603483,2024,11,7
240053411,Property Damage Crash,11/07/2024 07:38:00 AM,NA,NA,Front to Front,Cloudy,Dry,Daylight,No Controls,NONE DETECTED,No,No Apparent Injury,NA,Not Distracted,MD,Passenger Car,Slowing or Stopping,35,No,2011,HONDA,CR-V,39.0829153,-77.217311,2024,11,7
240053411,Property Damage Crash,11/07/2024 07:38:00 AM,NA,NA,Front to Front,Cloudy,Dry,Daylight,No Controls,NONE DETECTED,No,No Apparent Injury,NA,"Other Action (looking away from task, etc.)",MD,Passenger Car,Moving Constant Speed,35,No,2013,TOYOTA,HIGHLANDER,39.0829153,-77.217311,2024,11,7
240053402,Injury Crash,11/07/2024 07:01:00 AM,NA,NA,Other,Cloudy,Dry,Daylight,No Controls,NONE DETECTED,No,Possible Minor Injury,NA,Not Distracted,MD,Sport Utility Vehicle,Turning Left,25,No,2019,HONDA,CR-V,39.06168842,-77.04618115,2024,11,7
240053402,Injury Crash,11/07/2024 07:01:00 AM,NA,NA,Other,Cloudy,Dry,Daylight,No Controls,NONE DETECTED,No,No Apparent Injury,NA,Not Distracted,MD,Sport Utility Vehicle,Moving Constant Speed,25,No,2014,MAZDA,CX-5,39.06168842,-77.04618115,2024,11,7
240053396,Property Damage Crash,11/07/2024 04:54:00 AM,SAM EIG HWY (SB/L),NA,Single Vehicle,Clear,Dry,Medium,Traffic Control Signal,NONE DETECTED,No,No Apparent Injury,NA,Unknown,GA,Pickup,Turning Left,35,No,2000,FORD,F-250,39.10853781,-77.21238463,2024,11,4