Local Case Number,ACRS Report Type,Crash Date/Time,Road Name,Related Non-Motorist,Collision Type,Weather,Surface Condition,Light,Traffic Control,Driver Substance Abuse,Driver At Fault,Injury Severity,Circumstance,Driver Distracted By,Drivers License State,Vehicle Body Type,Vehicle Movement,Speed Limit,Driverless Vehicle,Vehicle Year,Vehicle Make,Vehicle Model,Latitude,Longitude,Year,Month,Hour
240053376,Property Damage Crash,11/06/2024 10:07:00 PM,RAMP 7 FR MD 117 WB TO RAMP 6 (TO IS270),NA,Other,Clear,Dry,Medium,No Controls,NONE DETECTED,Yes,No Apparent Injury,NA,Unknown,MD,Passenger Car,Turning Left,35,No,2014,HONDA,CR-V,39.14062017,-77.21405367,2024,11,22
240053376,Property Damage Crash,11/06/2024 10:07:00 PM,RAMP 7 FR MD 117 WB TO RAMP 6 (TO IS270),NA,Other,Clear,Dry,Medium,No Controls,NONE DETECTED,No,No Apparent Injury,NA,Unknown,MD,Passenger Car,Moving Constant Speed,35,No,2018,FORD,FOCUS,39.14062017,-77.21405367,2024,11,22
240053362,Injury Crash,11/06/2024 08:13:00 PM,NA,NA,Front to Front,Clear,Dry,Dark,Traffic Control Signal,NONE DETECTED,No,Possible Minor Injury,NA,Not Distracted,MD,Passenger Car,Moving Constant Speed,35,No,2024,ACURA,INTEGRA,39.07596335,-76.95763699,2024,11,20
240053362,Injury Crash,11/06/2024 08:13:00 PM,NA,NA,Front to Front,Clear,Dry,Dark,Traffic Control Signal,NONE DETECTED,No,Possible Minor Injury,NA,Not Distracted,MD,Passenger Car,Turning Left,35,No,2023,TESLA,MODEL Y,39.07596335,-76.95763699,2024,11,20
240053356,Property Damage Crash,11/06/2024 07:26:00 PM,W DIAMOND AVE (WB/L),NA,Angle,Clear,Dry,Dark,Traffic Control Signal,NONE DETECTED,No,No Apparent Injury,NA,Not Distracted,MD,Passenger Car,Changing Lanes,35,No,2019,TOYOTA,C-HR,39.14250292,-77.22002421,2024,11,19
240053356,Property Damage Crash,11/06/2024 07:26:00 PM,W DIAMOND AVE (WB/L),NA,Angle,Clear,Dry,Dark,Traffic Control Signal,NONE DETECTED,No,No Apparent Injury,NA,Not Distracted,MD,Passenger Car,Moving Constant Speed,35,No,2005,HONDA,ACCORD,39.14250292,-77.22002421,2024,11,19
240053358,Property Damage Crash,11/06/2024 07:06:00 PM,NA,NA,Front to Front,Clear,Dry,Medium,Traffic Control Signal,NONE DETECTED,No,No Apparent Injury,Improper Turn,Unknown,NA,Passenger Car,Accelerating,40,No,2015,TOYOTA,SCION XB,39.10039553,-77.21337862,2024,11,19
240053358,Property Damage Crash,11/06/2024 07:06:00 PM,NA,NA,Front to Front,Clear,Dry,Medium,Traffic Control Signal,NONE DETECTED,No,No Apparent Injury,NA,Not Distracted,MD,Passenger Car,Stopped in Traffic,30,No,2023,TESLA,MODEL Y,39.10039553,-77.21337862,2024,11,19
240053355,Injury Crash,11/06/2024 06:16:00 PM,CHEVY CHASE LAKE DR,NA,Front to Rear,Clear,Dry,Medium,Traffic Control Signal,NONE DETECTED,No,No Apparent Injury,NA,Unknown,MD,Passenger Car,NA,35,No,2018,TOYOTA,CAMRY,38.9938996,-77.07706572,2024,11,18
240053355,Injury Crash,11/06/2024 06:16:00 PM,CHEVY CHASE LAKE DR,NA,Front to Rear,Clear,Dry,Medium,Traffic Control Signal,NONE DETECTED,No,No Apparent Injury,NA,Unknown,MD,Sport Utility Vehicle,NA,35,No,2006,MAZDA,TRIBUTE,38.9938996,-77.07706572,2024,11,18
240053345,Injury Crash,11/06/2024 06:00:00 PM,E JEFFERSON ST (SB/L),NA,Angle,Clear,Dry,Medium,Traffic Control Signal,NONE DETECTED,No,Possible Minor Injury,NA,Unknown,MD,Station Wagon,Turning Left,35,No,2005,VOLVO,XC70,39.0507956,-77.1262879,2024,11,18
240053345,Injury Crash,11/06/2024 06:00:00 PM,E JEFFERSON ST (SB/L),NA,Angle,Clear,Dry,Medium,Traffic Control Signal,NONE DETECTED,No,No Apparent Injury,NA,Not Distracted,MD,Sport Utility Vehicle,Moving Constant Speed,35,No,2015,LEXUS,RX,39.0507956,-77.1262879,2024,11,18
240053332,Property Damage Crash,11/06/2024 04:33:00 PM,AVONSHIRE DR,NA,Angle,Clear,Dry,Daylight,Stop Sign,NONE DETECTED,Yes,No Apparent Injury,NA,Unknown,MD,Sport Utility Vehicle,Entering Traffic Lane,35,No,2014,HONDA,PILOT,39.08362018,-76.95168998,2024,11,16
240053332,Property Damage Crash,11/06/2024 04:33:00 PM,AVONSHIRE DR,NA,Angle,Clear,Dry,Daylight,No Controls,NONE DETECTED,No,No Apparent Injury,NA,Not Distracted,MD,Van - Passenger (&lt;9 Seats),Moving Constant Speed,35,No,2017,TOYOTA,SIENNA,39.08362018,-76.95168998,2024,11,16
240053320,Injury Crash,11/06/2024 03:48:00 PM,BROOKVILLE RD,NA,Other,Clear,Dry,Daylight,No Controls,NONE DETECTED,No,Possible Minor Injury,NA,Not Distracted,MD,Passenger Car,Moving Constant Speed,30,No,2012,JEEP,LIBERTY,39.00070797,-77.05451506,2024,11,15
240053320,Injury Crash,11/06/2024 03:48:00 PM,BROOKVILLE RD,NA,Other,Clear,Dry,Daylight,No Controls,NONE DETECTED,No,Possible Minor Injury,NA,Unknown,MD,Passenger Car,Moving Constant Speed,30,No,2012,ACURA,TL,39.00070797,-77.05451506,2024,11,15
240053342,Property Damage Crash,11/06/2024 03:20:00 PM,NA,NA,Rear To Rear,Clear,NA,Daylight,NA,NONE DETECTED,No,NA,NA,NA,NA,Passenger Car,Backing,0,No,2023,MAZDA,CX-5,39.02879187,-77.14498186,2024,11,15
240053325,Property Damage Crash,11/06/2024 02:30:00 PM,NA,NA,Angle,Clear,NA,Daylight,NA,NONE DETECTED,No,NA,NA,NA,NA,Sport Utility Vehicle,Moving Constant Speed,0,No,2016,DODGE,DURANGO,39.08724861,-76.94760971,2024,11,14
240053299,Property Damage Crash,11/06/2024 01:47:00 PM,FOREST GLEN RD (WB/L),NA,Angle,Clear,Dry,Daylight,Traffic Control Signal,NONE DETECTED,Yes,No Apparent Injury,Failed to Yield Right-of-Way,Not Distracted,MD,Passenger Car,Turning Left,30,No,2013,HYUNDAI,ACCENT,39.01563525,-77.04274814,2024,11,13
240053299,Property Damage Crash,11/06/2024 01:47:00 PM,FOREST GLEN RD (WB/L),NA,Angle,Clear,Dry,Daylight,Traffic Control Signal,NONE DETECTED,No,No Apparent Injury,NA,Not Distracted,MD,Passenger Car,Moving Constant Speed,30,No,2017,CHEVROLET,TAHOE,39.01563525,-77.04274814,2024,11,13
240053287,Injury Crash,11/06/2024 01:16:00 PM,NA,NA,Front to Rear,Cloudy,Dry,Daylight,Traffic Control Signal,NONE DETECTED,No,No Apparent Injury,NA,Not Distracted,MD,Sport Utility Vehicle,Accelerating,35,No,2024,KIA,SELTOS,39.09620962,-77.10980238,2024,11,13
240053287,Injury Crash,11/06/2024 01:16:00 PM,NA,NA,Front to Rear,Cloudy,Dry,Daylight,Traffic Control Signal,NONE DETECTED,No,Possible Minor Injury,NA,Not Distracted,MD,Sport Utility Vehicle,Accelerating,35,No,2024,SUBARU,FORESTER,39.09620962,-77.10980238,2024,11,13
240053288,Property Damage Crash,11/06/2024 01:04:00 PM,ROLLINS AVE,NA,Front to Front,Clear,Dry,Daylight,No Controls,NONE DETECTED,No,No Apparent Injury,NA,Not Distracted,MD,Passenger Car,Moving Constant Speed,25,No,2015,ACURA,MDX,39.05876393,-77.12236816,2024,11,13
240053288,Property Damage Crash,11/06/2024 01:04:00 PM,ROLLINS AVE,NA,Front to Front,Clear,Dry,Daylight,No Controls,NONE DETECTED,No,NA,NA,NA,NA,Passenger Car,Turning Left,25,No,2019,NISSAN,VERSA,39.05876393,-77.12236816,2024,11,13
240052793,Property Damage Crash,11/06/2024 01:00:00 PM,OLD COLUMBIA PIKE,NA,"Sideswipe, Same Direction",Clear,Dry,Daylight,No Controls,NONE DETECTED,No,No Apparent Injury,NA,Not Distracted,MD,Passenger Car,Moving Constant Speed,20,No,2016,SUBARU,FORESTER,39.11323268,-76.9326903,2024,11,13
240052793,Property Damage Crash,11/06/2024 01:00:00 PM,OLD COLUMBIA PIKE,NA,"Sideswipe, Same Direction",Clear,Dry,Daylight,No Controls,NONE DETECTED,Yes,No Apparent Injury,NA,Not Distracted,MD,Passenger Car,Turning Left,20,No,2022,MERCEDES-BENZ,METRIS,39.11323268,-76.9326903,2024,11,13
240053280,Injury Crash,11/06/2024 12:30:00 PM,GIRARD ST (WB/L),NA,Angle,Clear,Dry,Daylight,Traffic Control Signal,NONE DETECTED,No,NA,NA,NA,NA,Pickup,Moving Constant Speed,30,No,2017,CHEVROLET,SILVERADO,39.15088966,-77.19245954,2024,11,12
240053280,Injury Crash,11/06/2024 12:30:00 PM,GIRARD ST (WB/L),NA,Angle,Clear,Dry,Daylight,Traffic Control Signal,NONE DETECTED,No,Possible Minor Injury,NA,Not Distracted,MD,Passenger Car,Moving Constant Speed,30,No,2000,HONDA,PRELUDE,39.15088966,-77.19245954,2024,11,12
240053279,Property Damage Crash,11/06/2024 12:15:00 PM,ROCKVILLE PIKE (SB/L),NA,Front to Rear,Clear,Dry,Daylight,Traffic Control Signal,NONE DETECTED,No,No Apparent Injury,NA,Not Distracted,MD,Sport Utility Vehicle,Stopped in Traffic,35,No,2007,LEXUS,RX,39.00255825,-77.09728511,2024,11,12
240053279,Property Damage Crash,11/06/2024 12:15:00 PM,ROCKVILLE PIKE (SB/L),NA,Front to Rear,Clear,Dry,Daylight,Traffic Control Signal,NONE DETECTED,Yes,No Apparent Injury,Followed Too Closely,Not Distracted,NC,Bus - Other Type,Slowing or Stopping,35,No,2017,FORD,F-550,39.00255825,-77.09728511,2024,11,12
240053272,Injury Crash,11/06/2024 12:10:00 PM,AVERY RD,NA,Single Vehicle,Clear,Dry,Daylight,No Controls,NONE DETECTED,No,Possible Minor Injury,NA,Unknown,MD,Passenger Car,Moving Constant Speed,35,No,2012,TOYOTA,CAMRY,39.11485183,-77.12159483,2024,11,12
240053294,Property Damage Crash,11/06/2024 11:44:00 AM,UNIVERSITY RD N,NA,Other,Clear,Dry,Daylight,Traffic Control Signal,NONE DETECTED,Yes,No Apparent Injury,NA,Unknown,MD,Truck Tractor,Turning Left,30,No,2023,KENWORTH,T380,39.00006778,-77.08549993,2024,11,11
240053294,Property Damage Crash,11/06/2024 11:44:00 AM,UNIVERSITY RD N,NA,Other,Clear,Dry,Daylight,Traffic Control Signal,NONE DETECTED,No,No Apparent Injury,NA,Not Distracted,HI,Passenger Car,Stopped in Traffic,30,No,2023,NISSAN,VERSA,39.00006778,-77.08549993,2024,11,11
240053265,Property Damage Crash,11/06/2024 11:00:00 AM,HOME DEPOT SQUARE CUT THRU CUT,NA,Rear To Side,Clear,Dry,Daylight,No Controls,NONE DETECTED,Yes,No Apparent Injury,NA,"Other Action (looking away from task, etc.)",DC,Pickup,Slowing or Stopping,0,No,2006,FORD,F-250,39.0277328,-77.14398535,2024,11,11
240053265,Property Damage Crash,11/06/2024 11:00:00 AM,HOME DEPOT SQUARE CUT THRU CUT,NA,Rear To Side,Clear,Dry,Daylight,No Controls,NONE DETECTED,No,No Apparent Injury,NA,Not Distracted,MD,Van - Passenger (&lt;9 Seats),Slowing or Stopping,15,No,2016,CHEVROLET,EXPRESS,39.0277328,-77.14398535,2024,11,11
240053258,Property Damage Crash,11/06/2024 10:05:00 AM,WESTLAKE TERR,NA,Front to Rear,Clear,Dry,Daylight,No Controls,NONE DETECTED,Yes,No Apparent Injury,Failed to Keep in Proper Lane,Unknown,MD,Passenger Car,Negotiating a Curve,25,No,2022,TOYOTA,COROLLA,39.02786326,-77.14921372,2024,11,10
240053243,Property Damage Crash,11/06/2024 10:00:00 AM,BRADLEY BLVD,NA,"Sideswipe, Same Direction",Clear,Dry,Daylight,No Controls,NONE DETECTED,No,NA,NA,NA,NA,Passenger Car,Moving Constant Speed,25,No,2014,MAZDA,MAZDA3,38.97815141,-77.09546905,2024,11,10
240053244,Property Damage Crash,11/06/2024 09:49:00 AM,NA,NA,Angle,Clear,Dry,Daylight,No Controls,NONE DETECTED,No,No Apparent Injury,NA,Not Distracted,MD,Pickup,Moving Constant Speed,40,No,2008,CHEVROLET,SILVERADO,39.18307568,-77.11037876,2024,11,9
240053244,Property Damage Crash,11/06/2024 09:49:00 AM,NA,NA,Angle,Clear,Dry,Daylight,Stop Sign,NONE DETECTED,Yes,No Apparent Injury,Failed to Yield Right-of-Way,Not Distracted,MD,Passenger Car,Turning Right,40,No,2007,TOYOTA,CAMRY,39.18307568,-77.11037876,2024,11,9
240053234,Injury Crash,11/06/2024 08:57:00 AM,WISCONSIN AVE (SB/L),Pedestrian,Single Vehicle,Clear,Dry,Daylight,Traffic Control Signal,NONE DETECTED,No,No Apparent Injury,NA,Not Distracted,MD,Passenger Car,Turning Left,25,No,2017,LAND ROVER,RANGE ROVER,38.97848803,-77.09125403,2024,11,8
240053238,Property Damage Crash,11/06/2024 08:30:00 AM,CHESTERFIELD RD,NA,"Sideswipe, Same Direction",Clear,Dry,Daylight,No Controls,NONE DETECTED,No,NA,NA,NA,NA,Sport Utility Vehicle,NA,25,No,2011,AUDI,Q7,39.08971183,-77.08449583,2024,11,8
240053227,Property Damage Crash,11/06/2024 08:11:00 AM,SANGAMORE CT,NA,Front to Rear,Clear,Dry,Daylight,No Controls,NONE DETECTED,Yes,No Apparent Injury,Improper Backing,Not Distracted,MD,Passenger Car,Backing,25,No,2000,LEXUS,ES,38.94679169,-77.11727138,2024,11,8
240053227,Property Damage Crash,11/06/2024 08:11:00 AM,SANGAMORE CT,NA,Front to Rear,Clear,Dry,Daylight,No Controls,NONE DETECTED,No,No Apparent Injury,NA,Not Distracted,CA,Passenger Car,Stopped in Traffic,25,No,2011,CHEVROLET,TAHOE,38.94679169,-77.11727138,2024,11,8
240053213,Property Damage Crash,11/06/2024 07:15:00 AM,HOLMHURST RD,NA,"Sideswipe, Same Direction",Clear,Dry,Daylight,No Controls,NONE DETECTED,Yes,No Apparent Injury,Improper Passing,Not Distracted,MD,Bus - School,Slowing or Stopping,20,No,2013,FREIGHTLINER,B2 BUS CHASSIS,39.0148745,-77.13104333,2024,11,7
240053193,Property Damage Crash,11/05/2024 09:45:00 PM,COLUMBIA PIKE,NA,Single Vehicle,Clear,Dry,Medium,No Controls,NONE DETECTED,Yes,No Apparent Injury,"Swerved or Avoided Due to Wind, Slippery Surface, Motor Vehicle, Object, Non-Motorist in Roadway, etc",Not Distracted,MD,Passenger Car,Moving Constant Speed,50,No,2017,FORD,INTERCEPTOR,39.05500596,-76.97290872,2024,11,21
240053171,Property Damage Crash,11/05/2024 06:56:00 PM,OLD HUNDRED RD,NA,Front to Rear,Clear,Dry,Dark,No Controls,NONE DETECTED,Yes,No Apparent Injury,NA,Not Distracted,MD,Passenger Car,Moving Constant Speed,35,No,2015,BMW,I3,39.27738167,-77.32931,2024,11,18
240053171,Property Damage Crash,11/05/2024 06:56:00 PM,OLD HUNDRED RD,NA,Front to Rear,Clear,Dry,Dark,No Controls,NONE DETECTED,No,No Apparent Injury,NA,Not Distracted,MD,Pickup,Moving Constant Speed,35,No,2018,TOYOTA,TACOMA,39.27738167,-77.32931,2024,11,18
240053168,Injury Crash,11/05/2024 06:38:00 PM,NA,Pedestrian,Single Vehicle,Clear,Dry,Dark,Traffic Control Signal,NONE DETECTED,No,No Apparent Injury,NA,Not Distracted,MD,Passenger Car,Turning Right,30,No,2022,BMW,X7,38.97806979,-77.09877071,2024,11,18
240053170,Injury Crash,11/05/2024 06:27:00 PM,CONNECTICUT AVE,NA,Front to Rear,Clear,Dry,Medium,No Controls,NONE DETECTED,No,Possible Minor Injury,NA,Not Distracted,MD,Pickup,Moving Constant Speed,35,No,2007,FORD,F-350,38.98280045,-77.07711303,2024,11,18
240053170,Injury Crash,11/05/2024 06:27:00 PM,CONNECTICUT AVE,NA,Front to Rear,Clear,Dry,Medium,No Controls,NONE DETECTED,Yes,Possible Minor Injury,NA,Not Distracted,MD,Sport Utility Vehicle,Accelerating,35,No,2019,TOYOTA,HIGHLANDER,38.98280045,-77.07711303,2024,11,18
240053169,Property Damage Crash,11/05/2024 06:10:00 PM,RIVER RD (WB/L),NA,Front to Rear,Clear,Dry,Medium,Traffic Control Signal,NONE DETECTED,No,No Apparent Injury,NA,Not Distracted,VA,Passenger Car,Stopped in Traffic,35,No,2020,TOYOTA,CAMRY,38.96977842,-77.11191697,2024,11,18
240053169,Property Damage Crash,11/05/2024 06:10:00 PM,RIVER RD (WB/L),NA,Front to Rear,Clear,Dry,Medium,Traffic Control Signal,NONE DETECTED,No,No Apparent Injury,NA,Not Distracted,VA,Passenger Car,Stopped in Traffic,35,No,2024,JEEP,WRANGLER,38.96977842,-77.11191697,2024,11,18
240053169,Property Damage Crash,11/05/2024 06:10:00 PM,RIVER RD (WB/L),NA,Front to Rear,Clear,Dry,Medium,Traffic Control Signal,ALCOHOL PRESENT,No,No Apparent Injury,NA,Unknown,MD,Passenger Car,Moving Constant Speed,35,No,2014,HONDA,ACCORD,38.96977842,-77.11191697,2024,11,18
240053166,Property Damage Crash,11/05/2024 05:48:00 PM,ZION RD,NA,Rear To Side,Clear,Dry,Dark,No Controls,NONE DETECTED,No,No Apparent Injury,NA,Not Distracted,MD,Passenger Car,Moving Constant Speed,40,No,2005,LEXUS,ES,39.2218095,-77.08555073,2024,11,17
240053166,Property Damage Crash,11/05/2024 05:48:00 PM,ZION RD,NA,Rear To Side,Clear,Dry,Dark,No Controls,NONE DETECTED,Yes,No Apparent Injury,NA,Unknown,MD,Pickup,Turning Left,40,No,2017,CHEVROLET,SILVERADO,39.2218095,-77.08555073,2024,11,17
240053157,Property Damage Crash,11/05/2024 05:30:00 PM,RIDGE RD,NA,"Sideswipe, Same Direction",Clear,Dry,Medium,Traffic Control Signal,NONE DETECTED,Yes,No Apparent Injury,Failed to Keep in Proper Lane,Not Distracted,MD,Sport Utility Vehicle,Moving Constant Speed,40,No,2021,HONDA,CR-V,39.20556667,-77.24317667,2024,11,17
240053157,Property Damage Crash,11/05/2024 05:30:00 PM,RIDGE RD,NA,"Sideswipe, Same Direction",Clear,Dry,Medium,Traffic Control Signal,NONE DETECTED,No,No Apparent Injury,NA,Not Distracted,MD,Passenger Car,Moving Constant Speed,40,No,1993,FORD,MUSTANG,39.20556667,-77.24317667,2024,11,17
240053162,Injury Crash,11/05/2024 05:25:00 PM,NA,NA,Single Vehicle,Clear,Dry,Medium,No Controls,NONE DETECTED,Yes,Possible Minor Injury,NA,Unknown,MD,Passenger Car,Leaving Traffic Lane,30,No,2004,MITSUBISHI,GALANT,39.09445594,-77.09047971,2024,11,17
240053156,Injury Crash,11/05/2024 05:10:00 PM,GEORGIA AVE,NA,Front to Rear,Clear,Dry,Medium,Traffic Control Signal,NONE DETECTED,No,No Apparent Injury,NA,Not Distracted,MD,Passenger Car,Slowing or Stopping,45,No,2021,HYUNDAI,ELANTRA,39.08372781,-77.07777169,2024,11,17
240053159,Property Damage Crash,11/05/2024 05:10:00 PM,WILSON LA,NA,Front to Rear,Clear,Dry,Medium,Stop Sign,NONE DETECTED,No,NA,NA,NA,NA,Van - Passenger (&lt;9 Seats),NA,30,No,2016,MERCEDES-BENZ,SPRINTER,38.97297183,-77.14618541,2024,11,17
240053159,Property Damage Crash,11/05/2024 05:10:00 PM,WILSON LA,NA,Front to Rear,Clear,Dry,Medium,Stop Sign,NONE DETECTED,No,No Apparent Injury,NA,Not Distracted,VA,Passenger Car,Stopped in Traffic,30,No,2013,BMW,320I,38.97297183,-77.14618541,2024,11,17
240053156,Injury Crash,11/05/2024 05:10:00 PM,GEORGIA AVE,NA,Front to Rear,Clear,Dry,Medium,Traffic Control Signal,NONE DETECTED,Yes,Possible Minor Injury,NA,Unknown,MD,Passenger Car,Slowing or Stopping,45,No,2018,HONDA,ACCORD,39.08372781,-77.07777169,2024,11,17
240053154,Injury Crash,11/05/2024 05:02:00 PM,NA,Pedestrian,Single Vehicle,Clear,Dry,Medium,Traffic Control Signal,NONE DETECTED,Yes,No Apparent Injury,NA,Unknown,MD,Passenger Car,Accelerating,30,No,2024,VOLVO,XC40,38.98098467,-77.0983515,2024,11,17
240053133,Injury Crash,11/05/2024 03:07:00 PM,CONNECTICUT AVE (SB/L),NA,Angle,Clear,Dry,Daylight,Flashing Traffic Control Signal,NONE DETECTED,No,No Apparent Injury,NA,Not Distracted,MD,Passenger Car,Moving Constant Speed,35,No,2017,KIA,SOUL,39.0225609,-77.0765522,2024,11,15
240053133,Injury Crash,11/05/2024 03:07:00 PM,CONNECTICUT AVE (SB/L),NA,Angle,Clear,Dry,Daylight,Flashing Traffic Control Signal,NONE DETECTED,No,No Apparent Injury,NA,Not Distracted,MD,Sport Utility Vehicle,Accelerating,35,No,2007,CHEVROLET,TAHOE,39.0225609,-77.0765522,2024,11,15
240053114,Injury Crash,11/05/2024 02:25:00 PM,GERMANTOWN RD,NA,Angle,Clear,Dry,Daylight,Traffic Control Signal,NONE DETECTED,No,No Apparent Injury,NA,Not Distracted,MD,Passenger Car,Accelerating,25,No,2009,HYUNDAI,AZERA,39.18114948,-77.26228349,2024,11,14
240053114,Injury Crash,11/05/2024 02:25:00 PM,GERMANTOWN RD,NA,Angle,Clear,Dry,Daylight,Traffic Control Signal,NONE DETECTED,Yes,Possible Minor Injury,Ran Red Light,Unknown,NA,Passenger Car,Moving Constant Speed,35,No,2015,MITSUBISHI,MIRAGE,39.18114948,-77.26228349,2024,11,14
240052935,Property Damage Crash,11/05/2024 01:05:00 PM,NA,NA,"Sideswipe, Same Direction",Clear,NA,Daylight,NA,NONE DETECTED,No,No Apparent Injury,NA,Not Distracted,MD,Sport Utility Vehicle,Parked,0,No,2016,KIA,SORENTO,39.0193881,-77.20733813,2024,11,13
240052935,Property Damage Crash,11/05/2024 01:05:00 PM,NA,NA,"Sideswipe, Same Direction",Clear,NA,Daylight,NA,NONE DETECTED,Yes,No Apparent Injury,Improper Backing,Unknown,MD,Sport Utility Vehicle,Backing,0,No,2024,VOLKSWAGEN,TIGUAN,39.0193881,-77.20733813,2024,11,13
240053107,Property Damage Crash,11/05/2024 12:50:00 PM,CLOVER PATCH DR,NA,Angle,Clear,Dry,Daylight,Stop Sign,NONE DETECTED,No,No Apparent Injury,Failed to Yield Right-of-Way,Unknown,MD,Passenger Car,Accelerating,25,No,2015,TOYOTA,HIGHLANDER,39.05260902,-76.95080369,2024,11,12
240053107,Property Damage Crash,11/05/2024 12:50:00 PM,CLOVER PATCH DR,NA,Angle,Clear,Dry,Daylight,No Controls,NONE DETECTED,No,No Apparent Injury,NA,Not Distracted,MD,Passenger Car,Accelerating,25,No,2018,ACURA,RLX,39.05260902,-76.95080369,2024,11,12
240053101,Property Damage Crash,11/05/2024 12:27:00 PM,GEORGIA AVE (SB/L),NA,Rear To Rear,Clear,Dry,Daylight,Traffic Control Signal,NONE DETECTED,No,No Apparent Injury,NA,Not Distracted,MD,Passenger Car,Slowing or Stopping,40,No,2024,TESLA,MODEL Y,39.1089693,-77.07640932,2024,11,12
240053101,Property Damage Crash,11/05/2024 12:27:00 PM,GEORGIA AVE (SB/L),NA,Rear To Rear,Clear,Dry,Daylight,Traffic Control Signal,NONE DETECTED,No,No Apparent Injury,NA,Not Distracted,MD,Passenger Car,Moving Constant Speed,40,No,2016,FORD,FUSION,39.1089693,-77.07640932,2024,11,12
240053101,Property Damage Crash,11/05/2024 12:27:00 PM,GEORGIA AVE (SB/L),NA,Rear To Rear,Clear,Dry,Daylight,Traffic Control Signal,NONE DETECTED,No,No Apparent Injury,NA,Not Distracted,MD,Van - Cargo,Moving Constant Speed,40,No,2016,FORD,F-350,39.1089693,-77.07640932,2024,11,12
240053068,Injury Crash,11/05/2024 10:08:00 AM,NA,Pedestrian,Single Vehicle,Clear,NA,Daylight,NA,NONE DETECTED,Yes,No Apparent Injury,"Operated Motor Vehicle in Inattentive, Careless, Negligent, or Erratic Manner",Unknown,MD,Sport Utility Vehicle,Turning Left,0,No,2021,ACURA,RDX,39.20223678,-77.25062786,2024,11,10
240053059,Injury Crash,11/05/2024 09:34:00 AM,NORBECK RD (WB/L),NA,Front to Rear,Clear,Dry,Daylight,Traffic Control Signal,NONE DETECTED,No,Possible Minor Injury,NA,Not Distracted,MD,Sport Utility Vehicle,Stopped in Traffic,45,No,2023,KIA,SPORTAGE,39.11900426,-77.02106646,2024,11,9
240053059,Injury Crash,11/05/2024 09:34:00 AM,NORBECK RD (WB/L),NA,Front to Rear,Clear,Dry,Daylight,Traffic Control Signal,NONE DETECTED,Yes,No Apparent Injury,NA,Not Distracted,MD,Sport Utility Vehicle,Accelerating,45,No,2011,HYUNDAI,SANTA FE,39.11900426,-77.02106646,2024,11,9
240053057,Injury Crash,11/05/2024 09:20:00 AM,NA,NA,Angle,Clear,Dry,Daylight,Traffic Control Signal,NONE DETECTED,No,No Apparent Injury,NA,Not Distracted,MD,Passenger Car,Turning Left,30,No,2017,VOLKSWAGEN,JETTA,39.12874792,-77.16738539,2024,11,9
240053057,Injury Crash,11/05/2024 09:20:00 AM,NA,NA,Angle,Clear,Dry,Daylight,Traffic Control Signal,NONE DETECTED,No,No Apparent Injury,NA,Not Distracted,MD,Van - Passenger (15 Seats),Turning Left,30,No,2012,FORD,E-350,39.12874792,-77.16738539,2024,11,9
240053057,Injury Crash,11/05/2024 09:20:00 AM,NA,NA,Angle,Clear,Dry,Daylight,Traffic Control Signal,NONE DETECTED,Yes,No Apparent Injury,Ran Red Light,Unknown,MD,Pickup,Moving Constant Speed,35,No,2013,CHEVROLET,SILVERADO,39.12874792,-77.16738539,2024,11,9
240053055,Property Damage Crash,11/05/2024 09:08:00 AM,RIDGE RD,NA,Angle,Clear,Dry,Daylight,No Controls,NONE DETECTED,Yes,No Apparent Injury,Failed to Yield Right-of-Way,Not Distracted,MD,Van - Passenger (&lt;9 Seats),Turning Left,30,No,2019,FORD,TRANSIT,39.28958486,-77.20480272,2024,11,9