Local Case Number,ACRS Report Type,Crash Date/Time,Road Name,Related Non-Motorist,Collision Type,Weather,Surface Condition,Light,Traffic Control,Driver Substance Abuse,Driver At Fault,Injury Severity,Circumstance,Driver Distracted By,Drivers License State,Vehicle Body Type,Vehicle Movement,Speed Limit,Driverless Vehicle,Vehicle Year,Vehicle Make,Vehicle Model,Latitude,Longitude,Year,Month,Hour
240053055,Property Damage Crash,11/05/2024 09:08:00 AM,RIDGE RD,NA,Angle,Clear,Dry,Daylight,No Controls,NONE DETECTED,No,No Apparent Injury,NA,Not Distracted,MD,Sport Utility Vehicle,Moving Constant Speed,30,No,2020,TOYOTA,RAV4,39.28958486,-77.20480272,2024,11,9
240053046,Injury Crash,11/05/2024 07:50:00 AM,NA,NA,Front to Rear,Clear,Dry,Daylight,Yield Sign,NONE DETECTED,Yes,No Apparent Injury,"Operated Motor Vehicle in Inattentive, Careless, Negligent, or Erratic Manner",Not Distracted,MD,Passenger Car,Accelerating,35,No,2017,HONDA,ACCORD,39.19051039,-77.19206488,2024,11,7
240053046,Injury Crash,11/05/2024 07:50:00 AM,NA,NA,Front to Rear,Clear,Dry,Daylight,Yield Sign,NONE DETECTED,No,Possible Minor Injury,NA,Not Distracted,MD,Sport Utility Vehicle,Stopped in Traffic,35,No,2017,DODGE,DURANGO,39.19051039,-77.19206488,2024,11,7
240053048,Injury Crash,11/05/2024 07:45:00 AM,MEDWAY ST,NA,"Sideswipe, Same Direction",Clear,Dry,Daylight,No Controls,NONE DETECTED,No,No Apparent Injury,NA,Not Distracted,MD,Passenger Car,Moving Constant Speed,25,No,2014,NISSAN,PATHFINDER,39.05164468,-77.06312873,2024,11,7
240053048,Injury Crash,11/05/2024 07:45:00 AM,MEDWAY ST,NA,"Sideswipe, Same Direction",Clear,Dry,Daylight,No Controls,NONE DETECTED,Yes,Possible Minor Injury,"Failed to Keep in Proper Lane, Failed to Yield Right-of-Way, Too Fast For Conditions, Wrong Side, Wrong Way",Unknown,MD,Passenger Car,Accelerating,25,No,2015,HONDA,CIVIC,39.05164468,-77.06312873,2024,11,7
240053040,Property Damage Crash,11/05/2024 06:01:00 AM,GREAT SENECA HWY,NA,Single Vehicle,Clear,Dry,Dark,Traffic Control Signal,NONE DETECTED,No,NA,NA,NA,NA,Passenger Car,NA,40,No,2013,HYUNDAI,ELANTRA,39.1286467,-77.23745486,2024,11,6
240053039,Injury Crash,11/05/2024 04:30:00 AM,MONTGOMERY VILLAGE AVE (SB/L),NA,Angle,Clear,Dry,Medium,Flashing Traffic Control Signal,NONE DETECTED,Yes,No Apparent Injury,Failed to Yield Right-of-Way,Not Distracted,MD,Sport Utility Vehicle,Moving Constant Speed,25,No,2011,HONDA,PILOT,39.15803833,-77.20442167,2024,11,4
240053039,Injury Crash,11/05/2024 04:30:00 AM,MONTGOMERY VILLAGE AVE (SB/L),NA,Angle,Clear,Dry,Medium,Flashing Traffic Control Signal,NONE DETECTED,No,Possible Minor Injury,NA,Not Distracted,MD,Sport Utility Vehicle,Moving Constant Speed,25,No,2024,TOYOTA,RAV4 PRIME,39.15803833,-77.20442167,2024,11,4
240053028,Property Damage Crash,11/05/2024 01:20:00 AM,GOLDENROD LA,NA,Single Vehicle,Clear,Dry,Medium,No Controls,NONE DETECTED,No,NA,Ran Off Roadway,Unknown,NA,Passenger Car,Moving Constant Speed,30,No,2009,HYUNDAI,ACCENT,39.18805637,-77.2507919,2024,11,1
240053027,Property Damage Crash,11/05/2024 01:00:00 AM,CLOPPER RD (WB/L),NA,Single Vehicle,Clear,Dry,Medium,Traffic Control Signal,NONE DETECTED,Yes,No Apparent Injury,NA,Not Distracted,DC,Passenger Car,Turning Right,40,No,2019,TOYOTA,HIGHLANDER,39.16305333,-77.283315,2024,11,1
240053019,Injury Crash,11/04/2024 10:57:00 PM,NA,NA,Front to Rear,Clear,Dry,Medium,Flashing Traffic Control Signal,NONE DETECTED,Yes,No Apparent Injury,NA,Unknown,MD,Passenger Car,Moving Constant Speed,35,No,2002,CHEVROLET,GEO PRIZM,39.11519714,-77.21571752,2024,11,22
240053019,Injury Crash,11/04/2024 10:57:00 PM,NA,NA,Front to Rear,Clear,Dry,Medium,Flashing Traffic Control Signal,NONE DETECTED,No,Possible Minor Injury,NA,Unknown,MD,Passenger Car,Entering Traffic Lane,35,No,2011,HONDA,ODYSSEY,39.11519714,-77.21571752,2024,11,22
240053017,Property Damage Crash,11/04/2024 10:49:00 PM,GEORGIA AVE (SB/L),NA,Angle,Clear,Dry,Medium,Traffic Control Signal,NONE DETECTED,No,No Apparent Injury,NA,Not Distracted,MD,Passenger Car,Moving Constant Speed,35,No,2023,CHEVROLET,SILVERADO,39.04712252,-77.05213238,2024,11,22
240053017,Property Damage Crash,11/04/2024 10:49:00 PM,GEORGIA AVE (SB/L),NA,Angle,Clear,Dry,Medium,Traffic Control Signal,NONE DETECTED,No,No Apparent Injury,NA,Not Distracted,MD,Passenger Car,Moving Constant Speed,25,No,2005,NISSAN,ALTIMA,39.04712252,-77.05213238,2024,11,22
240053018,Property Damage Crash,11/04/2024 09:53:00 PM,W MONTGOMERY AVE (WB/L),NA,Single Vehicle,Clear,Dry,Medium,Lane Use Control Signal,ALCOHOL PRESENT,No,No Apparent Injury,NA,Unknown,MD,Passenger Car,Moving Constant Speed,30,No,2018,AUDI,A4,39.08702708,-77.17580428,2024,11,21
240053006,Property Damage Crash,11/04/2024 08:30:00 PM,GEORGIA AVE,NA,"Sideswipe, Same Direction",Clear,Dry,Medium,Traffic Control Signal,NONE DETECTED,No,No Apparent Injury,NA,Not Distracted,MD,Passenger Car,Accelerating,35,No,2020,MERCEDES-BENZ,CLA-CLASS,39.00626968,-77.03888419,2024,11,20
240053006,Property Damage Crash,11/04/2024 08:30:00 PM,GEORGIA AVE,NA,"Sideswipe, Same Direction",Clear,Dry,Medium,Traffic Control Signal,NONE DETECTED,Yes,No Apparent Injury,"Disregarded Other Road Markings, Failed to Keep in Proper Lane, Improper Turn",Unknown,MD,Sport Utility Vehicle,Accelerating,35,No,2016,MAZDA,CX-5,39.00626968,-77.03888419,2024,11,20
240053064,Property Damage Crash,11/04/2024 07:56:00 PM,TERRACE DR,NA,"Sideswipe, Same Direction",Clear,Dry,Medium,No Controls,NONE DETECTED,No,NA,NA,NA,NA,Passenger Car,Moving Constant Speed,25,No,2005,BMW,X5,38.99671684,-77.05827974,2024,11,19
240052996,Property Damage Crash,11/04/2024 07:00:00 PM,NA,NA,Front to Rear,Clear,Dry,Medium,No Controls,NONE DETECTED,No,No Apparent Injury,NA,Unknown,MD,Passenger Car,Slowing or Stopping,35,No,2013,TOYOTA,COROLLA,39.15447746,-77.20898256,2024,11,19
240052996,Property Damage Crash,11/04/2024 07:00:00 PM,NA,NA,Front to Rear,Clear,Dry,Medium,No Controls,NONE DETECTED,Yes,No Apparent Injury,NA,Unknown,MD,Passenger Car,Moving Constant Speed,35,No,2006,HONDA,CIVIC,39.15447746,-77.20898256,2024,11,19
240052993,Property Damage Crash,11/04/2024 06:30:00 PM,CEDAR VIEW CT,NA,Angle,Clear,Dry,Medium,No Controls,NONE DETECTED,No,No Apparent Injury,NA,Not Distracted,MD,Bus - Transit,Moving Constant Speed,35,No,2013,NEW FLYER,XCELSIOR,39.00627395,-77.03849048,2024,11,18
240052993,Property Damage Crash,11/04/2024 06:30:00 PM,CEDAR VIEW CT,NA,Angle,Clear,Dry,Medium,No Controls,NONE DETECTED,Yes,No Apparent Injury,NA,Not Distracted,VA,Passenger Car,Moving Constant Speed,35,No,2011,SUBARU,OUTBACK,39.00627395,-77.03849048,2024,11,18
240052981,Property Damage Crash,11/04/2024 06:17:00 PM,RIDGE RD,NA,Front to Rear,Clear,Dry,Medium,Traffic Control Signal,NONE DETECTED,No,No Apparent Injury,NA,Not Distracted,MD,Sport Utility Vehicle,Stopped in Traffic,40,No,2010,TOYOTA,HIGHLANDER,39.26181592,-77.22175247,2024,11,18
240052981,Property Damage Crash,11/04/2024 06:17:00 PM,RIDGE RD,NA,Front to Rear,Clear,Dry,Medium,Traffic Control Signal,NONE DETECTED,Yes,No Apparent Injury,NA,"Other Action (looking away from task, etc.)",MD,Passenger Car,Accelerating,40,No,2014,DODGE,CHARGER,39.26181592,-77.22175247,2024,11,18
240052989,Injury Crash,11/04/2024 06:15:00 PM,NA,NA,Front to Rear,Clear,NA,Dark,NA,NONE DETECTED,Yes,Possible Minor Injury,NA,Unknown,MD,Sport Utility Vehicle,Backing,0,No,2023,FORD,EXPLORER,39.17133608,-77.185126639999993,2024,11,18
240052989,Injury Crash,11/04/2024 06:15:00 PM,NA,NA,Front to Rear,Clear,NA,Dark,NA,NONE DETECTED,No,No Apparent Injury,NA,Not Distracted,MD,Passenger Car,Parked,0,No,2018,DODGE,CHARGER,39.17133608,-77.185126639999993,2024,11,18
240052985,Injury Crash,11/04/2024 06:10:00 PM,RAMP 1 FR US29 NB TO BRIGGS CHANEY RD WB,NA,Front to Rear,Clear,Dry,Medium,Traffic Control Signal,NONE DETECTED,No,No Apparent Injury,NA,Not Distracted,MD,Passenger Car,Moving Constant Speed,35,No,2015,HONDA,ACCORD,39.08173017,-76.94900433,2024,11,18
240052985,Injury Crash,11/04/2024 06:10:00 PM,RAMP 1 FR US29 NB TO BRIGGS CHANEY RD WB,NA,Front to Rear,Clear,Dry,Medium,Traffic Control Signal,NONE DETECTED,No,Possible Minor Injury,NA,Not Distracted,MD,Passenger Car,Stopped in Traffic,35,No,2017,HONDA,ACCORD,39.08173017,-76.94900433,2024,11,18
240052985,Injury Crash,11/04/2024 06:10:00 PM,RAMP 1 FR US29 NB TO BRIGGS CHANEY RD WB,NA,Front to Rear,Clear,Dry,Medium,Traffic Control Signal,NONE DETECTED,No,No Apparent Injury,NA,Not Distracted,MD,Passenger Car,Stopped in Traffic,35,No,2009,NISSAN,ALTIMA,39.08173017,-76.94900433,2024,11,18
240053276,Property Damage Crash,11/04/2024 06:00:00 PM,NA,NA,"Sideswipe, Opposite Direction",Clear,NA,Medium,NA,NONE DETECTED,No,No Apparent Injury,Improper Turn,Not Distracted,NA,Sport Utility Vehicle,Slowing or Stopping,0,No,0,NA,NA,39.02602977,-77.12696712,2024,11,18
240052978,Property Damage Crash,11/04/2024 05:45:00 PM,NA,NA,Front to Rear,Clear,Dry,Medium,Traffic Control Signal,NONE DETECTED,No,No Apparent Injury,NA,Not Distracted,MD,Bus - Other Type,Moving Constant Speed,35,No,2018,UNKNOWN,UNKNOWN,39.0067595,-77.02125944,2024,11,17
240052978,Property Damage Crash,11/04/2024 05:45:00 PM,NA,NA,Front to Rear,Clear,Dry,Medium,Traffic Control Signal,NONE DETECTED,No,No Apparent Injury,NA,Not Distracted,MD,Bus - Transit,Moving Constant Speed,35,No,2020,NOVABUS,LFS ARTICULATED,39.0067595,-77.02125944,2024,11,17
240052957,Injury Crash,11/04/2024 03:57:00 PM,NA,NA,Angle,Cloudy,Dry,Daylight,No Controls,NONE DETECTED,No,Possible Minor Injury,NA,Not Distracted,MD,Passenger Car,Moving Constant Speed,30,No,2004,HONDA,CIVIC,39.14064433,-77.20203349,2024,11,15
240052957,Injury Crash,11/04/2024 03:57:00 PM,NA,NA,Angle,Cloudy,Dry,Daylight,Stop Sign,NONE DETECTED,Yes,No Apparent Injury,Failed to Yield Right-of-Way,Not Distracted,MD,Sport Utility Vehicle,Accelerating,30,No,2020,TOYOTA,RAV4,39.14064433,-77.20203349,2024,11,15
240052947,Injury Crash,11/04/2024 02:28:00 PM,PERRY PKWY,NA,Single Vehicle,Cloudy,Dry,Daylight,No Controls,NONE DETECTED,No,Possible Minor Injury,Ran Off Roadway,Not Distracted,MD,Sport Utility Vehicle,Leaving Traffic Lane,35,No,2014,SUBARU,XV CROSSTREK,39.14489034,-77.21381284,2024,11,14
240053120,Property Damage Crash,11/04/2024 01:55:00 PM,FREDERICK RD,NA,Front to Front,Clear,Dry,Daylight,Stop Sign,NONE DETECTED,No,No Apparent Injury,Failed to Yield Right-of-Way,"Other Action (looking away from task, etc.)",MD,Passenger Car,Accelerating,30,No,2012,MAZDA,MAZDA6,39.18560225,-77.23950782,2024,11,13
240052954,Property Damage Crash,11/04/2024 01:55:00 PM,NA,NA,Other,Clear,NA,Daylight,NA,NONE DETECTED,No,NA,NA,NA,NA,Pickup,Accelerating,0,No,0,NA,NA,39.17965167,-77.23728,2024,11,13
240053120,Property Damage Crash,11/04/2024 01:55:00 PM,FREDERICK RD,NA,Front to Front,Clear,Dry,Daylight,No Controls,NONE DETECTED,No,No Apparent Injury,NA,Not Distracted,MD,Sport Utility Vehicle,Moving Constant Speed,40,No,2008,HYUNDAI,SANTA FE,39.18560225,-77.23950782,2024,11,13
240052931,Property Damage Crash,11/04/2024 01:17:00 PM,SHADY GROVE RD,NA,Other,Cloudy,Dry,Daylight,No Controls,NONE DETECTED,Yes,No Apparent Injury,"Operated Motor Vehicle in Inattentive, Careless, Negligent, or Erratic Manner, Other Improper Action",Not Distracted,MD,Single-Unit Truck,Changing Lanes,35,No,2022,ISUZU,NRR,39.113275,-77.18627931,2024,11,13
240052931,Property Damage Crash,11/04/2024 01:17:00 PM,SHADY GROVE RD,NA,Other,Cloudy,Dry,Daylight,No Controls,NONE DETECTED,No,No Apparent Injury,NA,Not Distracted,MD,Passenger Car,Stopped in Traffic,35,No,2022,NISSAN,VERSA,39.113275,-77.18627931,2024,11,13
240052928,Property Damage Crash,11/04/2024 12:42:00 PM,NA,NA,Angle,Clear,Dry,Daylight,No Controls,NONE DETECTED,Yes,No Apparent Injury,NA,Unknown,MD,Passenger Car,Moving Constant Speed,35,No,2018,TOYOTA,CAMRY,39.16758667,-77.211445,2024,11,12
240052967,Property Damage Crash,11/04/2024 12:00:00 PM,PARKLAWN DR,NA,"Sideswipe, Same Direction",Clear,Dry,Daylight,Traffic Control Signal,NONE DETECTED,No,NA,NA,NA,NA,Pickup,Accelerating,30,No,2023,HONDA,RIDGELINE,39.05380544,-77.10682914,2024,11,12
240052967,Property Damage Crash,11/04/2024 12:00:00 PM,PARKLAWN DR,NA,"Sideswipe, Same Direction",Clear,Dry,Daylight,Traffic Control Signal,NONE DETECTED,No,No Apparent Injury,NA,Unknown,MD,Passenger Car,Turning Left,30,No,2019,TOYOTA,CAMRY,39.05380544,-77.10682914,2024,11,12
240052925,Property Damage Crash,11/04/2024 11:57:00 AM,NA,NA,Front to Rear,Cloudy,NA,Daylight,NA,NONE DETECTED,Yes,No Apparent Injury,NA,Unknown,MD,Sport Utility Vehicle,Backing,0,No,2014,HONDA,CR-V,39.06192385,-77.12472913,2024,11,11
240052910,Injury Crash,11/04/2024 11:15:00 AM,GEORGIA AVE,NA,Front to Rear,Clear,Dry,Daylight,Traffic Control Signal,NONE DETECTED,No,No Apparent Injury,NA,Not Distracted,MD,Other,Slowing or Stopping,30,No,2017,HINO,XJC720 / XFC720,39.14575166,-77.06703178,2024,11,11
240052910,Injury Crash,11/04/2024 11:15:00 AM,GEORGIA AVE,NA,Front to Rear,Clear,Dry,Daylight,Other Signal,NONE DETECTED,Yes,Possible Minor Injury,Followed Too Closely,Unknown,MD,Van - Cargo,NA,30,No,2021,RAM,PROMASTER 3500,39.14575166,-77.06703178,2024,11,11
24002336,Property Damage Crash,11/04/2024 09:45:00 AM,GEORGIA AVE (SB/L),NA,"Sideswipe, Same Direction",Clear,Dry,Daylight,Traffic Control Signal,NONE DETECTED,No,NA,NA,NA,NA,NA,Turning Left,35,No,0,NA,NA,39.04717394,-77.05207448,2024,11,9
24002336,Property Damage Crash,11/04/2024 09:45:00 AM,GEORGIA AVE (SB/L),NA,"Sideswipe, Same Direction",Clear,Dry,Daylight,Traffic Control Signal,NONE DETECTED,No,No Apparent Injury,NA,Not Distracted,MD,Van - Cargo,Stopped in Traffic,35,No,2024,FORD,TRANSIT,39.04717394,-77.05207448,2024,11,9
240052891,Property Damage Crash,11/04/2024 09:44:00 AM,MUNCASTER MILL RD (WB/L),NA,Rear To Rear,Clear,Dry,Daylight,Traffic Control Signal,NONE DETECTED,No,No Apparent Injury,NA,Not Distracted,MD,Other Trucks,Stopped in Traffic,35,No,2002,ISUZU,NPR/NPR-HD,39.15902459,-77.16011894,2024,11,9
240052891,Property Damage Crash,11/04/2024 09:44:00 AM,MUNCASTER MILL RD (WB/L),NA,Rear To Rear,Clear,Dry,Daylight,Traffic Control Signal,NONE DETECTED,Yes,No Apparent Injury,NA,Not Distracted,MD,Other Trucks,Turning Left,35,No,2005,INTERNATIONAL,4300,39.15902459,-77.16011894,2024,11,9
240052890,Property Damage Crash,11/04/2024 09:30:00 AM,ROCK FOREST DR,NA,Front to Rear,Clear,Dry,Daylight,Traffic Control Signal,NONE DETECTED,No,No Apparent Injury,"Operated Motor Vehicle in Inattentive, Careless, Negligent, or Erratic Manner",Unknown,MD,Pickup,Moving Constant Speed,35,No,2025,RAM,1500,39.0295463,-77.13211259,2024,11,9
240052890,Property Damage Crash,11/04/2024 09:30:00 AM,ROCK FOREST DR,NA,Front to Rear,Clear,Dry,Daylight,Traffic Control Signal,NONE DETECTED,No,No Apparent Injury,NA,Not Distracted,MD,Station Wagon,Slowing or Stopping,35,No,2022,SUBARU,OUTBACK,39.0295463,-77.13211259,2024,11,9
240052889,Property Damage Crash,11/04/2024 09:18:00 AM,NEW HAMPSHIRE AVE (SB/L),NA,Other,Clear,Dry,Daylight,Traffic Control Signal,NONE DETECTED,No,No Apparent Injury,NA,Not Distracted,MD,Sport Utility Vehicle,Turning Left,25,No,2009,TOYOTA,HIGHLANDER,39.09579429,-77.00234093,2024,11,9
240052889,Property Damage Crash,11/04/2024 09:18:00 AM,NEW HAMPSHIRE AVE (SB/L),NA,Other,Clear,Dry,Daylight,Traffic Control Signal,NONE DETECTED,No,NA,NA,NA,NA,Unknown,Moving Constant Speed,35,No,0,NA,NA,39.09579429,-77.00234093,2024,11,9
240052883,Property Damage Crash,11/04/2024 08:15:00 AM,NA,NA,Single Vehicle,Clear,Dry,Daylight,No Controls,NONE DETECTED,Yes,No Apparent Injury,Ran Off Roadway,Not Distracted,MD,Passenger Car,Turning Left,20,No,2020,MAZDA,CX-5,39.15815255,-77.27888233,2024,11,8
240052872,Injury Crash,11/04/2024 07:30:00 AM,FREDERICK RD,NA,Front to Front,Clear,Dry,Daylight,Stop Sign,NONE DETECTED,Yes,Possible Minor Injury,Failed to Yield Right-of-Way,Not Distracted,MD,Sport Utility Vehicle,Turning Left,35,No,2019,TOYOTA,RAV4,39.17540902,-77.23817733,2024,11,7
240052872,Injury Crash,11/04/2024 07:30:00 AM,FREDERICK RD,NA,Front to Front,Clear,Dry,Daylight,Stop Sign,NONE DETECTED,Yes,Possible Minor Injury,NA,Not Distracted,MD,Passenger Car,Turning Left,35,No,2014,DODGE,CHARGER,39.17540902,-77.23817733,2024,11,7
240052855,Property Damage Crash,11/03/2024 10:14:00 PM,NEW HAMPSHIRE AVE (SB/L),NA,Front to Rear,Clear,Dry,Dark,Traffic Control Signal,NONE DETECTED,Yes,No Apparent Injury,NA,Not Distracted,MD,Passenger Car,Moving Constant Speed,35,No,2011,HONDA,ACCORD,39.01955706,-76.97670715,2024,11,22
240052855,Property Damage Crash,11/03/2024 10:14:00 PM,NEW HAMPSHIRE AVE (SB/L),NA,Front to Rear,Clear,Dry,Dark,Traffic Control Signal,NONE DETECTED,No,No Apparent Injury,NA,Not Distracted,DC,Passenger Car,Stopped in Traffic,35,No,2019,KIA,OPTIMA,39.01955706,-76.97670715,2024,11,22
240052854,Property Damage Crash,11/03/2024 09:49:00 PM,MUDDY BRANCH RD (SB/L),NA,Single Vehicle,Clear,Dry,Medium,No Controls,NONE DETECTED,Yes,No Apparent Injury,"Operated Motor Vehicle in Reckless or Aggressive Manner, Too Fast For Conditions",Not Distracted,MD,Passenger Car,Negotiating a Curve,40,No,2024,FORD,MUSTANG,39.10972402,-77.21727055,2024,11,21
240052843,Injury Crash,11/03/2024 07:23:00 PM,NELSON ST,NA,Front to Rear,Clear,Dry,Medium,No Controls,ALCOHOL PRESENT,Yes,Possible Minor Injury,"Failed to Keep in Proper Lane, Operated Motor Vehicle in Inattentive, Careless, Negligent, or Erratic Manner, Operated Motor Vehicle in Reckless or Aggressive Manner, Ran Off Roadway",Unknown,MD,Pickup,Moving Constant Speed,25,No,1994,FORD,F-350,39.09450433,-77.16337567,2024,11,19
240052844,Property Damage Crash,11/03/2024 07:04:00 PM,NA,NA,Angle,Clear,NA,Medium,NA,NONE DETECTED,No,No Apparent Injury,NA,Not Distracted,MD,Passenger Car,Parked,0,No,2014,TOYOTA,TACOMA,38.98979463,-77.02410186,2024,11,19
240052844,Property Damage Crash,11/03/2024 07:04:00 PM,NA,NA,Angle,Clear,NA,Medium,NA,NONE DETECTED,Yes,No Apparent Injury,NA,Not Distracted,MD,Passenger Car,Backing,0,No,2008,TOYOTA,YARIS,38.98979463,-77.02410186,2024,11,19
240052842,Injury Crash,11/03/2024 06:44:00 PM,NA,NA,Single Vehicle,Clear,NA,Medium,NA,DRUG AND ALCOHOL CONTRIBUTED,Yes,Possible Minor Injury,"Failed to Keep in Proper Lane, Operated Motor Vehicle in Inattentive, Careless, Negligent, or Erratic Manner, Operated Motor Vehicle in Reckless or Aggressive Manner, Ran Off Roadway",Unknown,NY,Passenger Car,Moving Constant Speed,0,No,2004,CHEVROLET,CORVETTE,39.27772652,-77.16211224,2024,11,18
240052835,Injury Crash,11/03/2024 06:22:00 PM,FLOWER AVE,Pedestrian,Single Vehicle,Clear,Dry,Medium,Pedestrian Crossing Sign,NONE DETECTED,Yes,No Apparent Injury,NA,Not Distracted,MD,Passenger Car,Moving Constant Speed,30,No,2015,CHEVROLET,SUBURBAN,39.00068333,-77.00432395,2024,11,18
240052832,Property Damage Crash,11/03/2024 06:15:00 PM,MONTGOMERY VILLAGE AVE (SB/L),NA,Angle,Clear,Dry,Medium,Traffic Control Signal,NONE DETECTED,Yes,No Apparent Injury,NA,Not Distracted,MD,Passenger Car,Turning Left,30,No,2022,LEXUS,ES,39.15263051,-77.21211926,2024,11,18
240052832,Property Damage Crash,11/03/2024 06:15:00 PM,MONTGOMERY VILLAGE AVE (SB/L),NA,Angle,Clear,Dry,Medium,Traffic Control Signal,NONE DETECTED,No,No Apparent Injury,NA,Not Distracted,MD,Passenger Car,Moving Constant Speed,30,No,2008,HONDA,CIVIC,39.15263051,-77.21211926,2024,11,18
240052825,Property Damage Crash,11/03/2024 04:50:00 PM,RIVER RD (WB/L),NA,"Sideswipe, Same Direction",Cloudy,Dry,Daylight,No Controls,NONE DETECTED,No,No Apparent Injury,"Swerved or Avoided Due to Wind, Slippery Surface, Motor Vehicle, Object, Non-Motorist in Roadway, etc",Not Distracted,MD,Sport Utility Vehicle,Changing Lanes,30,No,2021,LEXUS,GX,39.01733395,-77.20778515,2024,11,16
240052825,Property Damage Crash,11/03/2024 04:50:00 PM,RIVER RD (WB/L),NA,"Sideswipe, Same Direction",Cloudy,Dry,Daylight,No Controls,NONE DETECTED,No,No Apparent Injury,NA,Not Distracted,MD,Passenger Car,Moving Constant Speed,30,No,2021,VOLKSWAGEN,GOLF,39.01733395,-77.20778515,2024,11,16
240052821,Injury Crash,11/03/2024 04:27:00 PM,LAKE FOREST BLVD,NA,Other,Clear,Dry,Daylight,Traffic Control Signal,NONE DETECTED,No,Possible Minor Injury,NA,Not Distracted,MD,Passenger Car,Moving Constant Speed,25,No,2015,HONDA,CIVIC,39.15147296,-77.20748943,2024,11,16
240052821,Injury Crash,11/03/2024 04:27:00 PM,LAKE FOREST BLVD,NA,Other,Clear,Dry,Daylight,Traffic Control Signal,NONE DETECTED,Yes,No Apparent Injury,Failed to Yield Right-of-Way,Unknown,MD,Passenger Car,Turning Left,25,No,2022,TOYOTA,COROLLA,39.15147296,-77.20748943,2024,11,16
240052819,Property Damage Crash,11/03/2024 04:00:00 PM,BURNT MILLS AVE,NA,Single Vehicle,Clear,Dry,Daylight,No Controls,NONE DETECTED,Yes,No Apparent Injury,NA,Unknown,MD,Passenger Car,Moving Constant Speed,15,No,2022,TOYOTA,COROLLA,39.03468445,-76.99536536,2024,11,16
240052824,Property Damage Crash,11/03/2024 04:00:00 PM,NA,NA,"Sideswipe, Same Direction",Clear,NA,Daylight,NA,NONE DETECTED,Yes,No Apparent Injury,NA,Unknown,MD,Passenger Car,Turning Right,0,No,2017,CADILLAC,ESCALADE,39.02117179,-76.97635986,2024,11,16
240052813,Property Damage Crash,11/03/2024 03:45:00 PM,NA,NA,Angle,Clear,Dry,Daylight,Traffic Control Signal,NONE DETECTED,No,No Apparent Injury,NA,Not Distracted,MD,Passenger Car,Moving Constant Speed,40,No,1978,CHEVROLET,SS,39.1361767,-76.99490796,2024,11,15
240052813,Property Damage Crash,11/03/2024 03:45:00 PM,NA,NA,Angle,Clear,Dry,Daylight,Traffic Control Signal,NONE DETECTED,Yes,No Apparent Injury,Ran Red Light,Not Distracted,MD,Passenger Car,Moving Constant Speed,40,No,2010,VOLKSWAGEN,JETTA,39.1361767,-76.99490796,2024,11,15
240052804,Injury Crash,11/03/2024 01:47:00 PM,CLOPPER RD (WB/L),NA,Front to Rear,Clear,Dry,Daylight,No Controls,NONE DETECTED,No,No Apparent Injury,NA,Not Distracted,MD,Sport Utility Vehicle,Moving Constant Speed,30,No,2017,TOYOTA,4-RUNNER,39.16311942,-77.28340539,2024,11,13
240052804,Injury Crash,11/03/2024 01:47:00 PM,CLOPPER RD (WB/L),NA,Front to Rear,Clear,Dry,Daylight,No Controls,NONE DETECTED,No,Possible Minor Injury,NA,Not Distracted,MD,Van - Passenger (&lt;9 Seats),Moving Constant Speed,30,No,2012,TOYOTA,SIENNA,39.16311942,-77.28340539,2024,11,13
240052804,Injury Crash,11/03/2024 01:47:00 PM,CLOPPER RD (WB/L),NA,Front to Rear,Clear,Dry,Daylight,Yield Sign,NONE DETECTED,Yes,Possible Minor Injury,Failed to Yield Right-of-Way,Unknown,MD,Passenger Car,Moving Constant Speed,30,No,2006,NISSAN,ALTIMA,39.16311942,-77.28340539,2024,11,13
240052795,Property Damage Crash,11/03/2024 12:56:00 PM,NA,NA,Single Vehicle,Clear,NA,Daylight,NA,NONE DETECTED,Yes,No Apparent Injury,Other Improper Action,Not Distracted,MD,Passenger Car,Slowing or Stopping,0,No,2012,SUZUKI,KIZASHI,39.231662,-77.24051733,2024,11,12