Local Case Number,ACRS Report Type,Crash Date/Time,Road Name,Related Non-Motorist,Collision Type,Weather,Surface Condition,Light,Traffic Control,Driver Substance Abuse,Driver At Fault,Injury Severity,Circumstance,Driver Distracted By,Drivers License State,Vehicle Body Type,Vehicle Movement,Speed Limit,Driverless Vehicle,Vehicle Year,Vehicle Make,Vehicle Model,Latitude,Longitude,Year,Month,Hour
240052773,Property Damage Crash,11/03/2024 09:41:00 AM,NA,NA,Angle,Clear,NA,Daylight,NA,NONE DETECTED,No,No Apparent Injury,NA,Not Distracted,MD,Sport Utility Vehicle,Backing,0,No,2012,HONDA,CR-V,39.29004535,-77.20320109,2024,11,9
240052773,Property Damage Crash,11/03/2024 09:41:00 AM,NA,NA,Angle,Clear,NA,Daylight,NA,NONE DETECTED,No,NA,NA,NA,NA,Pickup,Backing,0,No,1992,FORD,F-150,39.29004535,-77.20320109,2024,11,9
240053106,Property Damage Crash,11/03/2024 09:02:00 AM,NA,NA,"Sideswipe, Same Direction",Clear,NA,Daylight,NA,NONE DETECTED,No,No Apparent Injury,"Other Improper Action, Over-Correcting/Over-Steering",Unknown,MD,Passenger Car,Negotiating a Curve,0,No,2020,VOLKSWAGEN,JETTA,39.00845775,-76.98292424,2024,11,9
240052760,Injury Crash,11/03/2024 05:00:00 AM,BEL PRE RD,NA,Front to Rear,Clear,Dry,Medium,No Controls,NONE DETECTED,No,NA,NA,NA,NA,Passenger Car,Moving Constant Speed,25,No,2001,TOYOTA,CAMRY,39.09245464,-77.08213311,2024,11,5
240052755,Property Damage Crash,11/03/2024 03:00:00 AM,OAK DR,NA,Single Vehicle,Clear,Dry,Medium,No Controls,NONE DETECTED,No,No Apparent Injury,NA,Not Distracted,MD,Passenger Car,Moving Constant Speed,30,No,2017,FORD,TAURUS,39.27302257,-77.21871241,2024,11,3
240052750,Property Damage Crash,11/03/2024 01:55:00 AM,NA,NA,Single Vehicle,Clear,Dry,Medium,Traffic Control Signal,ALCOHOL PRESENT,No,No Apparent Injury,"Failed to Keep in Proper Lane, Improper Turn, Operated Motor Vehicle in Inattentive, Careless, Negligent, or Erratic Manner, Operated Motor Vehicle in Reckless or Aggressive Manner, Over-Correcting/Over-Steering",Unknown,MD,Passenger Car,Negotiating a Curve,40,No,2004,ACURA,TSX,39.11611641,-77.20815753,2024,11,1
240052747,Injury Crash,11/03/2024 01:02:00 AM,NEW HAMPSHIRE AVE (SB/L),NA,Front to Front,Clear,Dry,Medium,No Controls,ALCOHOL PRESENT,Yes,Possible Minor Injury,"Operated Motor Vehicle in Inattentive, Careless, Negligent, or Erratic Manner, Operated Motor Vehicle in Reckless or Aggressive Manner, Wrong Way",Unknown,NV,Passenger Car,Moving Constant Speed,40,No,2014,HYUNDAI,SONATA,39.10252965,-77.00395431,2024,11,1
240052747,Injury Crash,11/03/2024 01:02:00 AM,NEW HAMPSHIRE AVE (SB/L),NA,Front to Front,Clear,Dry,Medium,No Controls,NONE DETECTED,No,Possible Minor Injury,NA,Not Distracted,MD,Passenger Car,Moving Constant Speed,40,No,2023,TOYOTA,CAMRY,39.10252965,-77.00395431,2024,11,1
240052731,Property Damage Crash,11/02/2024 09:35:00 PM,NA,NA,Unknown,Clear,NA,Medium,NA,NONE DETECTED,No,No Apparent Injury,Other Improper Action,Unknown,NA,Passenger Car,NA,0,No,0,NA,NA,38.97586913,-76.99324472,2024,11,21
240052720,Property Damage Crash,11/02/2024 07:43:00 PM,AVENEL RD,NA,"Sideswipe, Same Direction",Clear,Dry,Medium,No Controls,NONE DETECTED,Yes,No Apparent Injury,NA,NA,NA,Passenger Car,Moving Constant Speed,30,No,0,NA,NA,39.01413669,-76.97876765,2024,11,19
240052716,Property Damage Crash,11/02/2024 07:34:00 PM,NEW HAMPSHIRE AVE,NA,"Sideswipe, Same Direction",Clear,Dry,Medium,No Controls,NONE DETECTED,No,No Apparent Injury,NA,Not Distracted,MD,Pickup,Moving Constant Speed,35,No,2022,CHEVROLET,SILVERADO HD,39.0201922,-76.97654552,2024,11,19
240052716,Property Damage Crash,11/02/2024 07:34:00 PM,NEW HAMPSHIRE AVE,NA,"Sideswipe, Same Direction",Clear,Dry,Medium,No Controls,NONE DETECTED,Yes,No Apparent Injury,NA,NA,NA,Passenger Car,Changing Lanes,35,No,2006,HONDA,ACCORD,39.0201922,-76.97654552,2024,11,19
240052715,Injury Crash,11/02/2024 07:30:00 PM,LOST KNIFE RD (NB/L),Pedestrian,Single Vehicle,Clear,Dry,Medium,Pedestrian Crossing,NONE DETECTED,No,NA,NA,NA,NA,NA,NA,35,No,0,NA,NA,39.15366994,-77.19947144,2024,11,19
240052711,Property Damage Crash,11/02/2024 07:07:00 PM,SAM EIG HWY (SB/L),NA,Front to Rear,Clear,Dry,Medium,Traffic Control Signal,NONE DETECTED,No,No Apparent Injury,NA,Not Distracted,MD,Passenger Car,Slowing or Stopping,50,No,2019,VOLKSWAGEN,TIGUAN,39.11545167,-77.20913667,2024,11,19
240052711,Property Damage Crash,11/02/2024 07:07:00 PM,SAM EIG HWY (SB/L),NA,Front to Rear,Clear,Dry,Medium,Traffic Control Signal,NONE DETECTED,Yes,No Apparent Injury,Followed Too Closely,Unknown,MD,Passenger Car,Moving Constant Speed,50,No,2015,HONDA,ACCORD,39.11545167,-77.20913667,2024,11,19
240052711,Property Damage Crash,11/02/2024 07:07:00 PM,SAM EIG HWY (SB/L),NA,Front to Rear,Clear,Dry,Medium,Traffic Control Signal,NONE DETECTED,No,No Apparent Injury,NA,Not Distracted,MD,Passenger Car,Slowing or Stopping,50,No,2024,LEXUS,RX,39.11545167,-77.20913667,2024,11,19
240052748,Property Damage Crash,11/02/2024 07:02:00 PM,BRIGGS CHANEY RD,NA,Front to Rear,Clear,Dry,Daylight,Lane Use Control Signal,ALCOHOL PRESENT,Yes,No Apparent Injury,NA,Unknown,MD,Passenger Car,NA,35,No,2008,NISSAN,SENTRA,39.07288301,-76.93896736,2024,11,19
240052748,Property Damage Crash,11/02/2024 07:02:00 PM,BRIGGS CHANEY RD,NA,Front to Rear,Clear,Dry,Daylight,Lane Use Control Signal,NONE DETECTED,No,No Apparent Injury,NA,Not Distracted,MD,Van - Passenger (&lt;9 Seats),Turning Left,35,No,2016,HONDA,ODYSSEY,39.07288301,-76.93896736,2024,11,19
240052717,Property Damage Crash,11/02/2024 06:30:00 PM,NA,NA,Other,Clear,NA,Medium,NA,NONE DETECTED,No,NA,NA,NA,NA,NA,Moving Constant Speed,0,No,0,NA,NA,39.11433556,-77.20378056,2024,11,18
240052706,Property Damage Crash,11/02/2024 05:49:00 PM,LEGEND OAKS DR,NA,"Sideswipe, Opposite Direction",Clear,Dry,Daylight,No Controls,NONE DETECTED,No,No Apparent Injury,NA,Not Distracted,MD,Van - Passenger (&lt;9 Seats),Slowing or Stopping,15,No,2016,HONDA,ODYSSEY,39.07179368,-76.93852482,2024,11,17
240052706,Property Damage Crash,11/02/2024 05:49:00 PM,LEGEND OAKS DR,NA,"Sideswipe, Opposite Direction",Clear,Dry,Daylight,No Controls,ALCOHOL PRESENT,Yes,No Apparent Injury,NA,Not Distracted,MD,Passenger Car,Accelerating,15,No,2008,NISSAN,SENTRA,39.07179368,-76.93852482,2024,11,17
240052697,Property Damage Crash,11/02/2024 05:05:00 PM,GERMANTOWN RD (SB/L),NA,Front to Rear,Clear,Dry,Daylight,Traffic Control Signal,NONE DETECTED,Yes,No Apparent Injury,Followed Too Closely,Unknown,MD,Passenger Car,Moving Constant Speed,45,No,2020,TOYOTA,86,39.18328251,-77.2571123,2024,11,17
240052697,Property Damage Crash,11/02/2024 05:05:00 PM,GERMANTOWN RD (SB/L),NA,Front to Rear,Clear,Dry,Daylight,Traffic Control Signal,NONE DETECTED,No,No Apparent Injury,NA,Unknown,MD,Passenger Car,Slowing or Stopping,45,No,2013,HONDA,CIVIC,39.18328251,-77.2571123,2024,11,17
240052690,Property Damage Crash,11/02/2024 03:45:00 PM,NA,NA,Angle,Clear,Dry,Daylight,Flashing Traffic Control Signal,NONE DETECTED,No,No Apparent Injury,NA,Unknown,MD,Passenger Car,Moving Constant Speed,35,No,2022,HYUNDAI,ELANTRA,39.11545882,-77.16626367,2024,11,15
240052690,Property Damage Crash,11/02/2024 03:45:00 PM,NA,NA,Angle,Clear,Dry,Daylight,Flashing Traffic Control Signal,NONE DETECTED,No,No Apparent Injury,NA,Not Distracted,MD,Passenger Car,Turning Left,35,No,2016,TOYOTA,AVALON,39.11545882,-77.16626367,2024,11,15
240052687,Property Damage Crash,11/02/2024 03:31:00 PM,NA,NA,"Sideswipe, Same Direction",Clear,Dry,Daylight,No Controls,NONE DETECTED,Yes,No Apparent Injury,NA,Not Distracted,MD,Passenger Car,Changing Lanes,35,No,2015,NISSAN,NV,39.02213079,-77.01172444,2024,11,15
240052687,Property Damage Crash,11/02/2024 03:31:00 PM,NA,NA,"Sideswipe, Same Direction",Clear,Dry,Daylight,No Controls,NONE DETECTED,No,No Apparent Injury,NA,Not Distracted,MD,Bus - Transit,Moving Constant Speed,35,No,2020,NOVABUS,LFS ARTICULATED,39.02213079,-77.01172444,2024,11,15
240052691,Injury Crash,11/02/2024 03:29:00 PM,NA,NA,Front to Rear,Clear,Dry,Daylight,Traffic Control Signal,NONE DETECTED,No,No Apparent Injury,NA,Not Distracted,MD,Passenger Car,Stopped in Traffic,40,No,2022,KIA,TELLURIDE,39.12617587,-77.07242126,2024,11,15
240052691,Injury Crash,11/02/2024 03:29:00 PM,NA,NA,Front to Rear,Clear,Dry,Daylight,Traffic Control Signal,NONE DETECTED,Yes,Possible Minor Injury,NA,Unknown,MD,Passenger Car,Moving Constant Speed,40,No,2014,TOYOTA,RAV4,39.12617587,-77.07242126,2024,11,15
240052691,Injury Crash,11/02/2024 03:29:00 PM,NA,NA,Front to Rear,Clear,Dry,Daylight,Traffic Control Signal,NONE DETECTED,No,No Apparent Injury,NA,Not Distracted,MD,Passenger Car,Stopped in Traffic,40,No,2016,LINCOLN,MKZ,39.12617587,-77.07242126,2024,11,15
240052691,Injury Crash,11/02/2024 03:29:00 PM,NA,NA,Front to Rear,Clear,Dry,Daylight,Traffic Control Signal,NONE DETECTED,No,Possible Minor Injury,NA,Not Distracted,VA,Passenger Car,Moving Constant Speed,40,No,2024,FORD,MUSTANG,39.12617587,-77.07242126,2024,11,15
240052689,Property Damage Crash,11/02/2024 03:00:00 PM,NA,NA,Front to Rear,Clear,Dry,Daylight,No Controls,NONE DETECTED,No,No Apparent Injury,Disregarded Other Road Markings,Not Distracted,MD,Sport Utility Vehicle,Turning Left,30,No,2007,HONDA,CR-V,39.14868769,-77.21170005,2024,11,15
240052689,Property Damage Crash,11/02/2024 03:00:00 PM,NA,NA,Front to Rear,Clear,Dry,Daylight,No Controls,NONE DETECTED,No,No Apparent Injury,NA,Not Distracted,MD,Passenger Car,Slowing or Stopping,30,No,2020,HONDA,CIVIC,39.14868769,-77.21170005,2024,11,15
240052675,Property Damage Crash,11/02/2024 02:34:00 PM,GOODHILL RD (EB/L),NA,Front to Front,Clear,Dry,Daylight,Stop Sign,NONE DETECTED,Yes,No Apparent Injury,NA,Unknown,MD,Station Wagon,Turning Left,20,No,2022,HONDA,CR-V,39.05825251,-77.07128616,2024,11,14
240052675,Property Damage Crash,11/02/2024 02:34:00 PM,GOODHILL RD (EB/L),NA,Front to Front,Clear,Dry,Daylight,Stop Sign,NONE DETECTED,No,No Apparent Injury,NA,Not Distracted,MD,Passenger Car,Accelerating,20,No,2010,TOYOTA,COROLLA,39.05825251,-77.07128616,2024,11,14
240052673,Injury Crash,11/02/2024 02:03:00 PM,WHITES FERRY RD,NA,Other,Clear,Dry,Daylight,No Controls,NONE DETECTED,No,No Apparent Injury,Failed to Yield Right-of-Way,Not Distracted,MD,Passenger Car,Turning Left,30,No,2014,HONDA,CR-V,39.12834895,-77.34676657,2024,11,14
240052673,Injury Crash,11/02/2024 02:03:00 PM,WHITES FERRY RD,NA,Other,Clear,Dry,Daylight,No Controls,NONE DETECTED,No,No Apparent Injury,NA,Not Distracted,MD,Passenger Car,Moving Constant Speed,30,No,2018,HONDA,ACCORD,39.12834895,-77.34676657,2024,11,14
240052666,Injury Crash,11/02/2024 01:40:00 PM,MANNAKEE ST,NA,Angle,Clear,Dry,Daylight,Traffic Control Signal,NONE DETECTED,No,Possible Minor Injury,NA,Not Distracted,MD,Passenger Car,Moving Constant Speed,40,No,2019,NISSAN,ROGUE SPORT,39.09660496,-77.15324618,2024,11,13
240052666,Injury Crash,11/02/2024 01:40:00 PM,MANNAKEE ST,NA,Angle,Clear,Dry,Daylight,Traffic Control Signal,NONE DETECTED,Yes,Possible Minor Injury,Failed to Yield Right-of-Way,Not Distracted,MD,Passenger Car,Turning Left,40,No,2016,VOLVO,XC70,39.09660496,-77.15324618,2024,11,13
240052662,Property Damage Crash,11/02/2024 01:11:00 PM,SHADY GROVE RD (SB/L),NA,Single Vehicle,Clear,Dry,Daylight,Traffic Control Signal,NONE DETECTED,Yes,No Apparent Injury,NA,Not Distracted,MD,Passenger Car,Moving Constant Speed,40,No,2018,HONDA,ODYSSEY,39.10077112,-77.19199433,2024,11,13
240052660,Property Damage Crash,11/02/2024 01:07:00 PM,ROCKVILLE PIKE,NA,Single Vehicle,Clear,Dry,Daylight,No Controls,NONE DETECTED,No,No Apparent Injury,NA,Not Distracted,MD,Single-Unit Truck,Moving Constant Speed,35,No,2016,FREIGHTLINER,M2,39.009981260000004,-77.09718735,2024,11,13
240052652,Injury Crash,11/02/2024 11:40:00 AM,COLESVILLE RD (SB/L),NA,"Sideswipe, Same Direction",Clear,Dry,Daylight,No Controls,NONE DETECTED,Yes,No Apparent Injury,"Improper Passing, Operated Motor Vehicle in Reckless or Aggressive Manner, Over-Correcting/Over-Steering, Too Fast For Conditions",Not Distracted,MD,Passenger Car,Moving Constant Speed,40,No,2017,TOYOTA,COROLLA,39.02945803,-77.00726737,2024,11,11
240052652,Injury Crash,11/02/2024 11:40:00 AM,COLESVILLE RD (SB/L),NA,"Sideswipe, Same Direction",Clear,Dry,Daylight,No Controls,NONE DETECTED,No,No Apparent Injury,NA,Not Distracted,MD,Passenger Car,Moving Constant Speed,40,No,2015,FORD,FOCUS,39.02945803,-77.00726737,2024,11,11
240052652,Injury Crash,11/02/2024 11:40:00 AM,COLESVILLE RD (SB/L),NA,"Sideswipe, Same Direction",Clear,Dry,Daylight,No Controls,NONE DETECTED,No,Possible Minor Injury,NA,Not Distracted,MD,Passenger Car,Moving Constant Speed,40,No,2023,HYUNDAI,ELANTRA,39.02945803,-77.00726737,2024,11,11
240052665,Property Damage Crash,11/02/2024 11:40:00 AM,TWINBROOK PKWY,NA,"Sideswipe, Same Direction",Clear,Dry,Daylight,No Controls,NONE DETECTED,No,No Apparent Injury,NA,Not Distracted,MD,Passenger Car,Moving Constant Speed,35,No,2013,HONDA,CIVIC,39.07279596,-77.11243535,2024,11,11
240052665,Property Damage Crash,11/02/2024 11:40:00 AM,TWINBROOK PKWY,NA,"Sideswipe, Same Direction",Clear,Dry,Daylight,No Controls,NONE DETECTED,No,NA,NA,NA,NA,Passenger Car,Moving Constant Speed,35,No,2017,TOYOTA,CAMRY,39.07279596,-77.11243535,2024,11,11
240052633,Injury Crash,11/02/2024 10:42:00 AM,RAMP 5 FR IS 270 SB TO SHADY GROVE RD,NA,Angle,Clear,Dry,Daylight,Traffic Control Signal,NONE DETECTED,No,Possible Minor Injury,NA,Not Distracted,MD,Passenger Car,Turning Left,30,No,2022,ACURA,MDX,39.10949258,-77.18826697,2024,11,10
240052633,Injury Crash,11/02/2024 10:42:00 AM,RAMP 5 FR IS 270 SB TO SHADY GROVE RD,NA,Angle,Clear,Dry,Daylight,Traffic Control Signal,NONE DETECTED,No,No Apparent Injury,NA,Not Distracted,MD,Passenger Car,Turning Left,30,No,2014,CADILLAC,ATS,39.10949258,-77.18826697,2024,11,10
240052633,Injury Crash,11/02/2024 10:42:00 AM,RAMP 5 FR IS 270 SB TO SHADY GROVE RD,NA,Angle,Clear,Dry,Daylight,Traffic Control Signal,NONE DETECTED,Yes,Possible Minor Injury,Failed to Yield Right-of-Way,Not Distracted,MD,Passenger Car,Moving Constant Speed,30,No,2023,TESLA,MODEL X,39.10949258,-77.18826697,2024,11,10
240052632,Injury Crash,11/02/2024 10:39:00 AM,LINTHICUM ST,NA,Angle,Clear,Dry,Daylight,Stop Sign,NONE DETECTED,Yes,Possible Minor Injury,Failed to Yield Right-of-Way,Not Distracted,MD,Passenger Car,Accelerating,25,No,2016,HONDA,ACCORD,39.07914967,-77.11572083,2024,11,10
240052632,Injury Crash,11/02/2024 10:39:00 AM,LINTHICUM ST,NA,Angle,Clear,Dry,Daylight,No Controls,NONE DETECTED,No,Possible Minor Injury,NA,Not Distracted,MD,Sport Utility Vehicle,Moving Constant Speed,25,No,2019,HYUNDAI,SANTA FE,39.07914967,-77.11572083,2024,11,10
240052638,Property Damage Crash,11/02/2024 09:45:00 AM,GEORGIA AVE,NA,"Sideswipe, Same Direction",Clear,Dry,Daylight,No Controls,NONE DETECTED,No,No Apparent Injury,NA,Not Distracted,MD,Passenger Car,Moving Constant Speed,35,No,2013,HYUNDAI,SONATA,38.98769094,-77.02654539,2024,11,9
240052638,Property Damage Crash,11/02/2024 09:45:00 AM,GEORGIA AVE,NA,"Sideswipe, Same Direction",Clear,Dry,Daylight,No Controls,NONE DETECTED,No,NA,NA,NA,NA,Passenger Car,Entering Traffic Lane,35,No,2019,MERCEDES-BENZ,CLA-CLASS,38.98769094,-77.02654539,2024,11,9
240052626,Injury Crash,11/02/2024 09:17:00 AM,NA,NA,Angle,Clear,Dry,Daylight,Traffic Control Signal,NONE DETECTED,No,Possible Minor Injury,NA,Not Distracted,MD,Van - Passenger (&lt;9 Seats),Moving Constant Speed,30,No,2018,HONDA,ODYSSEY,39.1950245,-77.15307567,2024,11,9
240052626,Injury Crash,11/02/2024 09:17:00 AM,NA,NA,Angle,Clear,Dry,Daylight,Traffic Control Signal,NONE DETECTED,Yes,Possible Minor Injury,Ran Red Light,Not Distracted,MD,Passenger Car,Moving Constant Speed,45,No,2014,NISSAN,SENTRA,39.1950245,-77.15307567,2024,11,9
240052618,Property Damage Crash,11/02/2024 08:30:00 AM,NA,NA,Single Vehicle,Clear,NA,Daylight,NA,NONE DETECTED,Yes,No Apparent Injury,Over-Correcting/Over-Steering,Unknown,MD,Passenger Car,Parked,0,No,2003,FORD,TAURUS,38.99864743,-77.10999161,2024,11,8
240052615,Property Damage Crash,11/02/2024 08:17:00 AM,FENTON ST,NA,Angle,Clear,Dry,Daylight,No Controls,NONE DETECTED,Yes,No Apparent Injury,NA,Not Distracted,DC,Passenger Car,Overtaking/Passing,30,No,2013,HYUNDAI,ELANTRA,38.99704144,-77.02566484,2024,11,8
240052615,Property Damage Crash,11/02/2024 08:17:00 AM,FENTON ST,NA,Angle,Clear,Dry,Daylight,No Controls,NONE DETECTED,No,No Apparent Injury,NA,Not Distracted,MD,Bus - Transit,Stopped in Traffic,30,No,2011,GILLIG,LOW FLOOR BUS,38.99704144,-77.02566484,2024,11,8
240052606,Property Damage Crash,11/02/2024 06:42:00 AM,NA,NA,Angle,Clear,Dry,Medium,Traffic Control Signal,NONE DETECTED,Yes,No Apparent Injury,NA,Not Distracted,MD,Passenger Car,Turning Left,35,No,2015,NISSAN,SENTRA,39.15247004,-77.19242891,2024,11,6
240052606,Property Damage Crash,11/02/2024 06:42:00 AM,NA,NA,Angle,Clear,Dry,Medium,Traffic Control Signal,NONE DETECTED,No,No Apparent Injury,NA,Not Distracted,MD,Passenger Car,Moving Constant Speed,35,No,2002,TOYOTA,HIGHLANDER,39.15247004,-77.19242891,2024,11,6
240052652,Property Damage Crash,11/02/2024 06:10:00 AM,WASHINGTONIAN BLVD (SB/L),NA,Single Vehicle,Clear,Dry,Medium,No Controls,ALCOHOL PRESENT,No,No Apparent Injury,Ran Off Roadway,NA,MD,Passenger Car,Moving Constant Speed,20,No,2007,NISSAN,ALTIMA,39.11902358,-77.20617945,2024,11,6
240052608,Property Damage Crash,11/02/2024 04:20:00 AM,MERCURY DR,NA,Front to Front,Clear,Dry,Dark,No Controls,NONE DETECTED,No,No Apparent Injury,Other Improper Action,Unknown,NA,Passenger Car,Negotiating a Curve,25,No,2005,MERCEDES-BENZ,C-CLASS,39.06645533,-77.09824267,2024,11,4
240052582,Property Damage Crash,11/02/2024 12:01:00 AM,MIDCOUNTY HWY (SB/L),NA,Front to Rear,Clear,Dry,Medium,Other,ALCOHOL PRESENT,Yes,No Apparent Injury,NA,Unknown,MD,Pickup,Slowing or Stopping,40,No,1995,TOYOTA,TACOMA,39.159975,-77.201605,2024,11,0
240052582,Property Damage Crash,11/02/2024 12:01:00 AM,MIDCOUNTY HWY (SB/L),NA,Front to Rear,Clear,Dry,Medium,Other,NONE DETECTED,No,No Apparent Injury,NA,Not Distracted,MD,Passenger Car,Stopped in Traffic,40,No,2018,MERCEDES-BENZ,GLA-CLASS,39.159975,-77.201605,2024,11,0
240052582,Property Damage Crash,11/02/2024 12:01:00 AM,MIDCOUNTY HWY (SB/L),NA,Front to Rear,Clear,Dry,Medium,Other,NONE DETECTED,No,No Apparent Injury,NA,Not Distracted,MD,Passenger Car,Stopped in Traffic,40,No,2014,LEXUS,IS,39.159975,-77.201605,2024,11,0
240052577,Injury Crash,11/01/2024 11:11:00 PM,EISENHOWER MEMORIAL HWY (SB/L),NA,Front to Rear,Clear,Dry,Medium,No Controls,NONE DETECTED,No,No Apparent Injury,NA,Not Distracted,MD,Sport Utility Vehicle,Parked,55,No,2017,JEEP,GRAND CHEROKEE,39.03156873,-77.13184712,2024,11,23
240052577,Injury Crash,11/01/2024 11:11:00 PM,EISENHOWER MEMORIAL HWY (SB/L),NA,Front to Rear,Clear,Dry,Medium,No Controls,NONE DETECTED,No,No Apparent Injury,NA,Unknown,MD,Passenger Car,Leaving Traffic Lane,55,No,2021,MERCEDES-BENZ,S-CLASS,39.03156873,-77.13184712,2024,11,23
240052568,Property Damage Crash,11/01/2024 09:23:00 PM,NA,NA,Front to Rear,Clear,Dry,Medium,Traffic Control Signal,ALCOHOL PRESENT,Yes,No Apparent Injury,"Followed Too Closely, Operated Motor Vehicle in Inattentive, Careless, Negligent, or Erratic Manner, Other Improper Action","Other Action (looking away from task, etc.)",MD,Pickup,Slowing or Stopping,35,No,1997,FORD,F-250,38.98505711,-77.02671333,2024,11,21
240052568,Property Damage Crash,11/01/2024 09:23:00 PM,NA,NA,Front to Rear,Clear,Dry,Medium,Traffic Control Signal,NONE DETECTED,No,No Apparent Injury,NA,Not Distracted,DC,Sport Utility Vehicle,Slowing or Stopping,35,No,2009,AUDI,Q7,38.98505711,-77.02671333,2024,11,21
240052564,Property Damage Crash,11/01/2024 08:16:00 PM,MANNAKEE ST,NA,Front to Rear,Clear,Dry,Medium,Traffic Control Signal,NONE DETECTED,No,No Apparent Injury,NA,Not Distracted,MD,Passenger Car,Stopped in Traffic,30,No,2016,VOLKSWAGEN,JETTA,39.09651946,-77.15371401,2024,11,20
240052564,Property Damage Crash,11/01/2024 08:16:00 PM,MANNAKEE ST,NA,Front to Rear,Clear,Dry,Medium,Traffic Control Signal,NONE DETECTED,Yes,No Apparent Injury,NA,Not Distracted,MD,Bus - Transit,Backing,30,No,2014,GILLIG,CITY TRANSIT BUS,39.09651946,-77.15371401,2024,11,20
240052550,Property Damage Crash,11/01/2024 07:54:00 PM,AYLESBURY ST,NA,"Sideswipe, Same Direction",Clear,Dry,Medium,No Controls,ALCOHOL PRESENT,Yes,No Apparent Injury,"Operated Motor Vehicle in Inattentive, Careless, Negligent, or Erratic Manner",Unknown,MD,Sport Utility Vehicle,Accelerating,15,No,2008,FORD,ESCAPE,39.10515816,-76.97458285,2024,11,19
240052335,Property Damage Crash,11/01/2024 07:40:00 PM,ROYAL DOMINION DR,NA,Angle,Clear,Dry,Medium,Traffic Control Signal,NONE DETECTED,No,No Apparent Injury,Failed to Yield Right-of-Way,Not Distracted,MD,Passenger Car,Turning Left,35,No,2012,MAZDA,MAZDA3,38.98909768,-77.14957675,2024,11,19
240052335,Property Damage Crash,11/01/2024 07:40:00 PM,ROYAL DOMINION DR,NA,Angle,Clear,Dry,Medium,Traffic Control Signal,NONE DETECTED,No,No Apparent Injury,NA,Not Distracted,VA,Sport Utility Vehicle,Moving Constant Speed,35,No,2024,TOYOTA,RAV4,38.98909768,-77.14957675,2024,11,19
240052543,Property Damage Crash,11/01/2024 07:25:00 PM,DARNESTOWN RD (WB/L),NA,Angle,Clear,Dry,Medium,Traffic Control Signal,NONE DETECTED,No,No Apparent Injury,NA,Not Distracted,MD,Sport Utility Vehicle,Moving Constant Speed,40,No,2020,FORD,EXPEDITION,39.1027559,-77.22076127,2024,11,19
240052543,Property Damage Crash,11/01/2024 07:25:00 PM,DARNESTOWN RD (WB/L),NA,Angle,Clear,Dry,Medium,Traffic Control Signal,NONE DETECTED,Yes,No Apparent Injury,NA,Unknown,NA,Passenger Car,Changing Lanes,40,No,2010,NISSAN,VERSA,39.1027559,-77.22076127,2024,11,19
240052541,Injury Crash,11/01/2024 07:15:00 PM,RANDOLPH RD (WB/L),NA,Angle,Clear,Dry,Medium,Traffic Control Signal,NONE DETECTED,No,Possible Minor Injury,NA,Not Distracted,MD,Passenger Car,Moving Constant Speed,35,No,2021,TOYOTA,RAV4,39.0571486,-77.07348328,2024,11,19
240052541,Injury Crash,11/01/2024 07:15:00 PM,RANDOLPH RD (WB/L),NA,Angle,Clear,Dry,Medium,Traffic Control Signal,NONE DETECTED,Yes,No Apparent Injury,NA,Unknown,MD,Passenger Car,Turning Left,35,No,2007,TOYOTA,CAMRY,39.0571486,-77.07348328,2024,11,19
240052537,Injury Crash,11/01/2024 07:12:00 PM,FOREST GLEN RD,Pedestrian,Single Vehicle,Clear,Dry,Medium,Traffic Control Signal,NONE DETECTED,No,No Apparent Injury,NA,Not Distracted,MD,Passenger Car,Accelerating,30,No,2023,HYUNDAI,IONIQ 5,39.01597342,-77.03667408,2024,11,19