Local Case Number,ACRS Report Type,Crash Date/Time,Road Name,Related Non-Motorist,Collision Type,Weather,Surface Condition,Light,Traffic Control,Driver Substance Abuse,Driver At Fault,Injury Severity,Circumstance,Driver Distracted By,Drivers License State,Vehicle Body Type,Vehicle Movement,Speed Limit,Driverless Vehicle,Vehicle Year,Vehicle Make,Vehicle Model,Latitude,Longitude,Year,Month,Hour
240052535,Property Damage Crash,11/01/2024 06:13:00 PM,OLD GEORGETOWN RD,NA,Front to Rear,Clear,Dry,Daylight,No Controls,NONE DETECTED,No,NA,NA,NA,NA,Sport Utility Vehicle,Moving Constant Speed,35,No,2007,SATURN,VUE,39.03836147,-77.12283783,2024,11,18
240052535,Property Damage Crash,11/01/2024 06:13:00 PM,OLD GEORGETOWN RD,NA,Front to Rear,Clear,Dry,Daylight,No Controls,NONE DETECTED,No,No Apparent Injury,NA,Not Distracted,MD,Passenger Car,Slowing or Stopping,35,No,2025,MINI,COUNTRYMAN,39.03836147,-77.12283783,2024,11,18
240052536,Property Damage Crash,11/01/2024 06:06:00 PM,NA,NA,Angle,Clear,NA,Medium,NA,NONE DETECTED,Yes,No Apparent Injury,NA,Not Distracted,MD,Van - Passenger (&lt;9 Seats),Moving Constant Speed,0,No,2006,TOYOTA,SIENNA,39.07566165,-77.11714611,2024,11,18
240052536,Property Damage Crash,11/01/2024 06:06:00 PM,NA,NA,Angle,Clear,NA,Medium,NA,NONE DETECTED,No,No Apparent Injury,NA,Not Distracted,MD,Station Wagon,Moving Constant Speed,0,No,2006,SUBARU,FORESTER,39.07566165,-77.11714611,2024,11,18
240052696,Injury Crash,11/01/2024 05:15:00 PM,CAPITAL CRESCENT TR,Cyclist (non-electric),Single Vehicle,Clear,Dry,Daylight,Stop Sign,NONE DETECTED,No,No Apparent Injury,NA,Not Distracted,MD,Sport Utility Vehicle,Accelerating,25,No,2023,BMW,X7,38.96877676,-77.10244938,2024,11,17
240052522,Property Damage Crash,11/01/2024 05:01:00 PM,NA,NA,Rear To Side,Clear,NA,Daylight,NA,NONE DETECTED,Yes,No Apparent Injury,NA,Not Distracted,MD,Passenger Car,Moving Constant Speed,0,No,2020,SUBARU,OUTBACK,39.20023606,-77.24727331,2024,11,17
240052522,Property Damage Crash,11/01/2024 05:01:00 PM,NA,NA,Rear To Side,Clear,NA,Daylight,NA,NONE DETECTED,No,No Apparent Injury,NA,Not Distracted,MD,Passenger Car,Moving Constant Speed,0,No,2012,HYUNDAI,SONATA,39.20023606,-77.24727331,2024,11,17
240052516,Injury Crash,11/01/2024 04:23:00 PM,STEWART LA (WB/L),NA,Angle,Clear,Dry,Daylight,Traffic Control Signal,NONE DETECTED,Yes,Possible Minor Injury,NA,Unknown,MD,Passenger Car,Turning Left,55,No,2025,HONDA,HR-V,39.04627173,-76.98662315,2024,11,16
240052516,Injury Crash,11/01/2024 04:23:00 PM,STEWART LA (WB/L),NA,Angle,Clear,Dry,Daylight,Traffic Control Signal,NONE DETECTED,No,No Apparent Injury,NA,Not Distracted,MD,Bus - Transit,Moving Constant Speed,55,No,2020,NOVABUS,LFS ARTICULATED,39.04627173,-76.98662315,2024,11,16
240052518,Property Damage Crash,11/01/2024 04:17:00 PM,BRIGGS CHANEY RD,NA,"Sideswipe, Same Direction",Clear,Dry,Daylight,Traffic Control Signal,DRUG PRESENT,Yes,No Apparent Injury,NA,Unknown,MD,Passenger Car,Turning Left,35,No,2019,TOYOTA,CAMRY,39.07943965,-76.94534722,2024,11,16
240052518,Property Damage Crash,11/01/2024 04:17:00 PM,BRIGGS CHANEY RD,NA,"Sideswipe, Same Direction",Clear,Dry,Daylight,Traffic Control Signal,NONE DETECTED,No,No Apparent Injury,NA,Not Distracted,MD,Sport Utility Vehicle,Moving Constant Speed,35,No,2022,MAZDA,CX-5,39.07943965,-76.94534722,2024,11,16
240052515,Property Damage Crash,11/01/2024 04:07:00 PM,LINDEN LA,NA,Single Vehicle,Clear,Dry,Daylight,No Controls,NONE DETECTED,No,No Apparent Injury,NA,Not Distracted,MD,Bus - School,Moving Constant Speed,25,No,2025,FREIGHTLINER,B2 106 ELECTRIC CONVENTIONAL CHASSIS,39.00933315,-77.04676772,2024,11,16
240052509,Property Damage Crash,11/01/2024 03:40:00 PM,NA,NA,"Sideswipe, Opposite Direction",Clear,NA,Daylight,NA,NONE DETECTED,Yes,No Apparent Injury,Failed to Keep in Proper Lane,Not Distracted,MD,Bus - School,Negotiating a Curve,0,No,2017,THOMAS BUILT,HDX,39.16763717,-77.2600985,2024,11,15
240052509,Property Damage Crash,11/01/2024 03:40:00 PM,NA,NA,"Sideswipe, Opposite Direction",Clear,NA,Daylight,NA,NONE DETECTED,No,No Apparent Injury,NA,Not Distracted,MD,Pickup,Turning Right,0,No,2023,HONDA,RIDGELINE,39.16763717,-77.2600985,2024,11,15
240052499,Property Damage Crash,11/01/2024 03:39:00 PM,GEORGIA AVE,NA,Angle,Clear,Dry,Daylight,No Controls,NONE DETECTED,No,No Apparent Injury,NA,Not Distracted,MD,Passenger Car,Moving Constant Speed,35,No,2022,RAM,PROMASTER CITY,39.05680859,-77.04985948,2024,11,15
240052499,Property Damage Crash,11/01/2024 03:39:00 PM,GEORGIA AVE,NA,Angle,Clear,Dry,Daylight,Stop Sign,NONE DETECTED,Yes,No Apparent Injury,Failed to Yield Right-of-Way,Unknown,MD,Passenger Car,Turning Right,35,No,2014,HONDA,ODYSSEY,39.05680859,-77.04985948,2024,11,15
240052504,Injury Crash,11/01/2024 03:30:00 PM,FREDERICK RD,NA,"Sideswipe, Same Direction",Clear,Dry,Daylight,No Controls,NONE DETECTED,No,No Apparent Injury,NA,Not Distracted,PA,Other,Changing Lanes,35,No,2019,PIERCE MANUFACTURING,PUMPER,39.14748519,-77.20579336,2024,11,15
240052504,Injury Crash,11/01/2024 03:30:00 PM,FREDERICK RD,NA,"Sideswipe, Same Direction",Clear,Dry,Daylight,No Controls,NONE DETECTED,No,No Apparent Injury,NA,Not Distracted,MD,Passenger Car,Moving Constant Speed,35,No,2017,HYUNDAI,ELANTRA,39.14748519,-77.20579336,2024,11,15
240052498,Injury Crash,11/01/2024 03:15:00 PM,SANGAMORE RD,Cyclist (non-electric),Single Vehicle,Clear,Dry,Daylight,Traffic Control Signal,NONE DETECTED,No,No Apparent Injury,NA,Not Distracted,VA,Passenger Car,Turning Left,35,No,2020,NISSAN,MURANO,38.95212763,-77.12044744,2024,11,15
240052493,Property Damage Crash,11/01/2024 03:07:00 PM,CORDELL AVE,NA,"Sideswipe, Same Direction",Clear,Dry,Daylight,No Controls,NONE DETECTED,No,NA,NA,NA,NA,Passenger Car,Moving Constant Speed,25,No,2014,MERCEDES-BENZ,C-CLASS,38.98955657,-77.09793092,2024,11,15
240052493,Property Damage Crash,11/01/2024 03:07:00 PM,CORDELL AVE,NA,"Sideswipe, Same Direction",Clear,Dry,Daylight,No Controls,NONE DETECTED,No,No Apparent Injury,NA,Not Distracted,MD,Passenger Car,Parked,25,No,2024,BMW,430I,38.98955657,-77.09793092,2024,11,15
240052491,Injury Crash,11/01/2024 02:49:00 PM,MUDDY BRANCH RD,NA,Angle,Clear,Dry,Daylight,Traffic Control Signal,NONE DETECTED,No,No Apparent Injury,Failed to Yield Right-of-Way,Not Distracted,MD,Passenger Car,Turning Left,35,No,2016,VOLVO,S60,39.1401425,-77.20497046,2024,11,14
240052491,Injury Crash,11/01/2024 02:49:00 PM,MUDDY BRANCH RD,NA,Angle,Clear,Dry,Daylight,Traffic Control Signal,NONE DETECTED,No,Possible Minor Injury,NA,Not Distracted,MD,Passenger Car,Moving Constant Speed,35,No,2008,DODGE,CHARGER,39.1401425,-77.20497046,2024,11,14
240052506,Property Damage Crash,11/01/2024 02:41:00 PM,E JEFFERSON ST (WB/L),NA,"Sideswipe, Same Direction",Clear,Dry,Daylight,Traffic Control Signal,NONE DETECTED,No,No Apparent Injury,NA,Not Distracted,MD,Passenger Car,Stopped in Traffic,35,No,1994,ACURA,INTEGRA,39.0827608,-77.15101533,2024,11,14
240052506,Property Damage Crash,11/01/2024 02:41:00 PM,E JEFFERSON ST (WB/L),NA,"Sideswipe, Same Direction",Clear,Dry,Daylight,Traffic Control Signal,NONE DETECTED,No,No Apparent Injury,NA,Not Distracted,FL,Other Trucks,Turning Left,35,No,2021,INTERNATIONAL,MV607,39.0827608,-77.15101533,2024,11,14
240052473,Injury Crash,11/01/2024 01:20:00 PM,COLLEGE PKWY (SB/L),Pedestrian,Single Vehicle,Clear,Dry,Daylight,Traffic Control Signal,NONE DETECTED,No,No Apparent Injury,Failed to Yield Right-of-Way,Not Distracted,MD,Passenger Car,Turning Left,30,No,2008,CHEVROLET,AVEO,39.10336004,-77.1560417,2024,11,13
240052461,Property Damage Crash,11/01/2024 12:16:00 PM,GLENORA LA,NA,"Sideswipe, Same Direction",Clear,Dry,Daylight,No Controls,NONE DETECTED,Yes,No Apparent Injury,Failed to Keep in Proper Lane,"Other Action (looking away from task, etc.)",MD,Other Trucks,Moving Constant Speed,25,No,2000,INTERNATIONAL,4900,39.08745849,-77.18805696,2024,11,12
240052457,Property Damage Crash,11/01/2024 11:17:00 AM,RIVER RD,NA,Front to Rear,Clear,Dry,Daylight,No Controls,NONE DETECTED,Yes,No Apparent Injury,NA,Not Distracted,MD,Pickup,Moving Constant Speed,35,No,2015,GMC,SIERRA,38.99043317,-77.15410567,2024,11,11
240052457,Property Damage Crash,11/01/2024 11:17:00 AM,RIVER RD,NA,Front to Rear,Clear,Dry,Daylight,No Controls,NONE DETECTED,No,No Apparent Injury,NA,Not Distracted,MD,Passenger Car,Moving Constant Speed,35,No,2016,FORD,C-MAX,38.99043317,-77.15410567,2024,11,11
240052457,Property Damage Crash,11/01/2024 11:17:00 AM,RIVER RD,NA,Front to Rear,Clear,Dry,Daylight,No Controls,NONE DETECTED,No,No Apparent Injury,NA,Not Distracted,MD,Passenger Car,Moving Constant Speed,35,No,2024,NISSAN,ALTIMA,38.99043317,-77.15410567,2024,11,11
240052445,Injury Crash,11/01/2024 10:51:00 AM,ABERDEEN RD,NA,Other,Clear,Dry,Daylight,No Controls,NONE DETECTED,No,Possible Minor Injury,NA,Unknown,MD,Sport Utility Vehicle,Moving Constant Speed,30,No,2021,TESLA,MODEL Y,38.9913364,-77.11765869,2024,11,10
240052445,Injury Crash,11/01/2024 10:51:00 AM,ABERDEEN RD,NA,Other,Clear,Dry,Daylight,Stop Sign,NONE DETECTED,Yes,Possible Minor Injury,Failed to Yield Right-of-Way,Unknown,MD,Sport Utility Vehicle,Moving Constant Speed,30,No,2024,FORD,ESCAPE,38.9913364,-77.11765869,2024,11,10
240052425,Injury Crash,11/01/2024 09:48:00 AM,BRADLEY BLVD,NA,Front to Rear,Cloudy,Dry,Daylight,Pedestrian Crossing Sign,NONE DETECTED,Yes,No Apparent Injury,Followed Too Closely,Unknown,MD,Sport Utility Vehicle,Moving Constant Speed,30,No,2012,KIA,SORENTO,38.97816498,-77.09393666,2024,11,9
240052425,Injury Crash,11/01/2024 09:48:00 AM,BRADLEY BLVD,NA,Front to Rear,Cloudy,Dry,Daylight,Pedestrian Crossing Sign,NONE DETECTED,No,Possible Minor Injury,NA,Not Distracted,MD,Passenger Car,Stopped in Traffic,30,No,2024,BMW,M3,38.97816498,-77.09393666,2024,11,9
240052421,Property Damage Crash,11/01/2024 09:37:00 AM,FREDERICK RD (SB/L),NA,Front to Rear,Cloudy,Dry,Daylight,No Controls,NONE DETECTED,Yes,No Apparent Injury,"Followed Too Closely, Improper Passing",Unknown,MD,Sport Utility Vehicle,Changing Lanes,40,No,2014,VOLKSWAGEN,TIGUAN,39.17731167,-77.23865333,2024,11,9
240052421,Property Damage Crash,11/01/2024 09:37:00 AM,FREDERICK RD (SB/L),NA,Front to Rear,Cloudy,Dry,Daylight,No Controls,NONE DETECTED,No,No Apparent Injury,NA,Not Distracted,MD,Passenger Car,Slowing or Stopping,40,No,2014,CHEVROLET,SONIC,39.17731167,-77.23865333,2024,11,9
240052206,Injury Crash,11/01/2024 09:26:00 AM,RIVER RD (WB/L),NA,Single Vehicle,Clear,Dry,Daylight,No Controls,NONE DETECTED,Yes,Possible Minor Injury,Other Improper Action,Unknown,MD,Passenger Car,Changing Lanes,35,No,2012,HONDA,ACCORD,38.9916366,-77.15982034,2024,11,9
240052415,Injury Crash,11/01/2024 09:18:00 AM,LOCBURY DR,NA,Front to Rear,Cloudy,Dry,Daylight,No Controls,NONE DETECTED,Yes,Possible Minor Injury,Followed Too Closely,Not Distracted,MD,Passenger Car,Slowing or Stopping,25,No,2014,FORD,FIESTA,39.18728326,-77.26654778,2024,11,9
240052415,Injury Crash,11/01/2024 09:18:00 AM,LOCBURY DR,NA,Front to Rear,Cloudy,Dry,Daylight,No Controls,NONE DETECTED,No,No Apparent Injury,NA,Not Distracted,MD,Passenger Car,Slowing or Stopping,25,No,2017,HYUNDAI,ACCENT,39.18728326,-77.26654778,2024,11,9
240052408,Property Damage Crash,11/01/2024 08:35:00 AM,E RANDOLPH RD,NA,Front to Rear,Rain,Wet,Daylight,No Controls,NONE DETECTED,No,No Apparent Injury,NA,Not Distracted,MD,Passenger Car,Slowing or Stopping,40,No,2011,FORD,FOCUS,39.07278017,-76.98928317,2024,11,8
240052408,Property Damage Crash,11/01/2024 08:35:00 AM,E RANDOLPH RD,NA,Front to Rear,Rain,Wet,Daylight,No Controls,NONE DETECTED,No,No Apparent Injury,NA,Not Distracted,MD,Passenger Car,Slowing or Stopping,40,No,2004,TOYOTA,COROLLA,39.07278017,-76.98928317,2024,11,8
240052406,Injury Crash,11/01/2024 08:32:00 AM,NA,NA,Single Vehicle,Clear,Wet,Daylight,No Controls,NONE DETECTED,No,Possible Minor Injury,NA,Not Distracted,MD,Passenger Car,Moving Constant Speed,40,No,2015,INFINITI,Q50,39.0755163,-77.32629209,2024,11,8
240052410,Property Damage Crash,11/01/2024 08:29:00 AM,S CHELSEA LA,NA,"Sideswipe, Same Direction",Clear,Dry,Daylight,No Controls,NONE DETECTED,No,No Apparent Injury,NA,NA,NA,Bus - Other Type,Moving Constant Speed,25,No,0,NA,NA,38.99430916,-77.0962493,2024,11,8
240052410,Property Damage Crash,11/01/2024 08:29:00 AM,S CHELSEA LA,NA,"Sideswipe, Same Direction",Clear,Dry,Daylight,No Controls,NONE DETECTED,No,No Apparent Injury,NA,Unknown,MD,Single-Unit Truck,Turning Right,25,No,2022,FORD,COMMERCIAL CHASSIS,38.99430916,-77.0962493,2024,11,8
240052393,Property Damage Crash,11/01/2024 06:44:00 AM,RAMP 4 FR MD 97 NB TO RANDOLPH RD EB,NA,Front to Rear,Clear,Dry,Medium,No Controls,NONE DETECTED,No,No Apparent Injury,NA,Not Distracted,MD,Passenger Car,Slowing or Stopping,40,No,2005,NISSAN,XTERRA,39.05912896,-77.04744558,2024,11,6
240052393,Property Damage Crash,11/01/2024 06:44:00 AM,RAMP 4 FR MD 97 NB TO RANDOLPH RD EB,NA,Front to Rear,Clear,Dry,Medium,No Controls,NONE DETECTED,Yes,No Apparent Injury,NA,Not Distracted,MD,Passenger Car,Moving Constant Speed,40,No,2016,HYUNDAI,SONATA,39.05912896,-77.04744558,2024,11,6
240052388,Property Damage Crash,11/01/2024 05:00:00 AM,GEORGIA AVE,NA,Single Vehicle,Clear,Dry,Medium,No Controls,NONE DETECTED,No,No Apparent Injury,NA,Not Distracted,MD,Passenger Car,Moving Constant Speed,35,No,2008,TOYOTA,COROLLA,39.04994467,-77.05166817,2024,11,5
240052376,Property Damage Crash,11/01/2024 02:12:00 AM,LOCKWOOD DR,NA,Front to Rear,Clear,Dry,Medium,No Controls,ALCOHOL PRESENT,Yes,No Apparent Injury,"Operated Motor Vehicle in Inattentive, Careless, Negligent, or Erratic Manner",Not Distracted,MD,Sport Utility Vehicle,Moving Constant Speed,25,No,2019,TOYOTA,HIGHLANDER,39.04127609,-76.984994,2024,11,2
240052373,Property Damage Crash,11/01/2024 01:25:00 AM,BRADLEY BLVD,NA,Rear To Side,Clear,Dry,Medium,Flashing Traffic Control Signal,NONE DETECTED,No,No Apparent Injury,NA,Not Distracted,MD,Passenger Car,Slowing or Stopping,25,No,2009,ACURA,TL,38.97793133,-77.09901667,2024,11,1
240052373,Property Damage Crash,11/01/2024 01:25:00 AM,BRADLEY BLVD,NA,Rear To Side,Clear,Dry,Medium,Flashing Traffic Control Signal,NONE DETECTED,Yes,No Apparent Injury,NA,Not Distracted,DC,Passenger Car,Accelerating,30,No,2017,TOYOTA,4-RUNNER,38.97793133,-77.09901667,2024,11,1
240052371,Property Damage Crash,11/01/2024 12:56:00 AM,DEVERE DR,NA,Front to Front,Clear,Dry,Dark,No Controls,NONE DETECTED,No,NA,NA,NA,NA,NA,Moving Constant Speed,25,No,0,NA,NA,39.02212513,-76.99231899,2024,11,0
240052356,Property Damage Crash,10/31/2024 10:40:00 PM,SCHAEFFER RD,NA,Single Vehicle,Clear,Dry,Dark,No Controls,NONE DETECTED,No,No Apparent Injury,NA,Unknown,MD,Passenger Car,Negotiating a Curve,30,No,2009,BMW,328I,39.14569017,-77.30995617,2024,10,22
240052352,Property Damage Crash,10/31/2024 10:02:00 PM,COLUMBIA PIKE (SB/L),NA,Front to Rear,Clear,Dry,Dark,No Controls,NONE DETECTED,No,No Apparent Injury,NA,Not Distracted,MD,Passenger Car,Stopped in Traffic,50,No,2013,INFINITI,JX35,39.04788454,-76.98362477,2024,10,22
240052352,Property Damage Crash,10/31/2024 10:02:00 PM,COLUMBIA PIKE (SB/L),NA,Front to Rear,Clear,Dry,Dark,No Controls,NONE DETECTED,No,No Apparent Injury,NA,Not Distracted,MD,Passenger Car,Moving Constant Speed,50,No,2018,TOYOTA,CAMRY,39.04788454,-76.98362477,2024,10,22
240052349,Property Damage Crash,10/31/2024 09:21:00 PM,OLD COLUMBIA PIKE (SB/L),NA,Front to Rear,Clear,Dry,Medium,Traffic Control Signal,NONE DETECTED,Yes,No Apparent Injury,NA,Unknown,MD,Passenger Car,Changing Lanes,30,No,2024,MITSUBISHI,MIRAGE G4,39.11119324,-76.93214072,2024,10,21
240052349,Property Damage Crash,10/31/2024 09:21:00 PM,OLD COLUMBIA PIKE (SB/L),NA,Front to Rear,Clear,Dry,Medium,Traffic Control Signal,NONE DETECTED,No,No Apparent Injury,NA,Not Distracted,MD,Passenger Car,Slowing or Stopping,30,No,2009,HONDA,ACCORD,39.11119324,-76.93214072,2024,10,21
240052349,Property Damage Crash,10/31/2024 09:21:00 PM,OLD COLUMBIA PIKE (SB/L),NA,Front to Rear,Clear,Dry,Medium,Traffic Control Signal,NONE DETECTED,No,No Apparent Injury,NA,Not Distracted,MD,Passenger Car,Stopped in Traffic,30,No,2011,MERCEDES-BENZ,E-CLASS,39.11119324,-76.93214072,2024,10,21
240052340,Injury Crash,10/31/2024 08:30:00 PM,NA,NA,"Sideswipe, Opposite Direction",Clear,NA,Medium,NA,NONE DETECTED,Yes,Possible Minor Injury,Improper Backing,Unknown,MD,Passenger Car,Backing,0,No,2022,HONDA,ACCORD,39.11501392,-77.18651663,2024,10,20
240052343,Property Damage Crash,10/31/2024 08:30:00 PM,WOOTTON PKWY (EB/L),NA,"Sideswipe, Same Direction",Clear,Dry,Medium,No Controls,NONE DETECTED,No,No Apparent Injury,Other Improper Action,Not Distracted,MD,Passenger Car,Moving Constant Speed,30,No,2025,HONDA,PILOT,39.06759483,-77.14922417,2024,10,20
240052343,Property Damage Crash,10/31/2024 08:30:00 PM,WOOTTON PKWY (EB/L),NA,"Sideswipe, Same Direction",Clear,Dry,Medium,No Controls,NONE DETECTED,No,No Apparent Injury,"Improper Passing, Operated Motor Vehicle in Inattentive, Careless, Negligent, or Erratic Manner, Over-Correcting/Over-Steering",Unknown,MD,Passenger Car,Changing Lanes,30,No,2020,JEEP,GRAND CHEROKEE,39.06759483,-77.14922417,2024,10,20
240052344,Injury Crash,10/31/2024 08:16:00 PM,PINEY MEETINGHOUSE RD,NA,Angle,Clear,Dry,Medium,Traffic Control Signal,NONE DETECTED,No,No Apparent Injury,NA,Not Distracted,VA,Sport Utility Vehicle,Moving Constant Speed,40,No,2022,BMW,X5,39.08259273,-77.2169576,2024,10,20
240052344,Injury Crash,10/31/2024 08:16:00 PM,PINEY MEETINGHOUSE RD,NA,Angle,Clear,Dry,Medium,Traffic Control Signal,NONE DETECTED,No,No Apparent Injury,Failed to Yield Right-of-Way,Not Distracted,MD,Passenger Car,Turning Left,40,No,2020,FIAT,500X,39.08259273,-77.2169576,2024,10,20
240052336,Injury Crash,10/31/2024 07:55:00 PM,NA,NA,Front to Rear,Clear,NA,Medium,NA,NONE DETECTED,No,No Apparent Injury,NA,Not Distracted,MD,Passenger Car,Stopped in Traffic,0,No,2021,TOYOTA,HIGHLANDER,38.98335294,-76.98726394,2024,10,19
240052336,Injury Crash,10/31/2024 07:55:00 PM,NA,NA,Front to Rear,Clear,NA,Medium,NA,NONE DETECTED,No,No Apparent Injury,NA,Unknown,MD,Passenger Car,Slowing or Stopping,0,No,2017,TOYOTA,4-RUNNER,38.98335294,-76.98726394,2024,10,19
240052334,Property Damage Crash,10/31/2024 07:24:00 PM,NORBECK RD,NA,Front to Rear,Clear,Dry,Medium,No Controls,NONE DETECTED,Yes,No Apparent Injury,Followed Too Closely,Not Distracted,MD,Passenger Car,Moving Constant Speed,35,No,2016,KIA,SOUL,39.09871084,-77.10204695,2024,10,19
240052334,Property Damage Crash,10/31/2024 07:24:00 PM,NORBECK RD,NA,Front to Rear,Clear,Dry,Medium,No Controls,NONE DETECTED,No,No Apparent Injury,NA,Not Distracted,MD,Passenger Car,Moving Constant Speed,35,No,2023,TESLA,MODEL 3,39.09871084,-77.10204695,2024,10,19
240052330,Injury Crash,10/31/2024 07:00:00 PM,SNOUFFERS SCHOOL RD,NA,Front to Front,Clear,Dry,Dark,No Controls,NONE DETECTED,No,Possible Minor Injury,NA,Not Distracted,MD,Passenger Car,Slowing or Stopping,35,No,2010,HONDA,CIVIC,39.1868665,-77.18537,2024,10,19
240052324,Injury Crash,10/31/2024 07:00:00 PM,GREAT SENECA HWY (SB/L),NA,Angle,Clear,Dry,Medium,Traffic Control Signal,NONE DETECTED,Yes,No Apparent Injury,NA,Unknown,MD,Passenger Car,Turning Left,50,No,2021,HONDA,ACCORD,39.12065335,-77.22531146,2024,10,19
240052324,Injury Crash,10/31/2024 07:00:00 PM,GREAT SENECA HWY (SB/L),NA,Angle,Clear,Dry,Medium,Traffic Control Signal,NONE DETECTED,No,Possible Minor Injury,NA,Not Distracted,MD,Sport Utility Vehicle,Moving Constant Speed,50,No,2022,TOYOTA,VENZA,39.12065335,-77.22531146,2024,10,19
240052330,Injury Crash,10/31/2024 07:00:00 PM,SNOUFFERS SCHOOL RD,NA,Front to Front,Clear,Dry,Dark,No Controls,ALCOHOL PRESENT,No,No Apparent Injury,Followed Too Closely,Unknown,NA,Passenger Car,Moving Constant Speed,35,No,0,NA,NA,39.1868665,-77.18537,2024,10,19
240052319,Property Damage Crash,10/31/2024 06:40:00 PM,GEORGIA AVE,NA,"Sideswipe, Same Direction",Clear,Dry,Medium,No Controls,NONE DETECTED,Yes,No Apparent Injury,Other Improper Action,Unknown,MD,Pickup,Accelerating,35,No,2009,FORD,F-150,39.07925505,-77.07292833,2024,10,18
240052319,Property Damage Crash,10/31/2024 06:40:00 PM,GEORGIA AVE,NA,"Sideswipe, Same Direction",Clear,Dry,Medium,No Controls,NONE DETECTED,No,No Apparent Injury,NA,Not Distracted,MD,Passenger Car,Changing Lanes,35,No,2015,HYUNDAI,ELANTRA,39.07925505,-77.07292833,2024,10,18
240052326,Injury Crash,10/31/2024 06:33:00 PM,BURNING TREE RD,NA,Single Vehicle,Clear,Dry,Dark,No Controls,ALCOHOL PRESENT,Yes,No Apparent Injury,"Failed to Keep in Proper Lane, Operated Motor Vehicle in Inattentive, Careless, Negligent, or Erratic Manner, Ran Off Roadway",Unknown,MD,Pickup,Moving Constant Speed,25,No,2017,CHEVROLET,SILVERADO,38.99954123,-77.13796937,2024,10,18
240052315,Injury Crash,10/31/2024 06:10:00 PM,GEORGIA AVE,NA,Angle,Clear,Dry,Medium,No Controls,NONE DETECTED,Yes,Possible Minor Injury,Failed to Yield Right-of-Way,Unknown,MD,Passenger Car,Turning Left,35,No,2017,TOYOTA,COROLLA,39.07975187,-77.073636,2024,10,18
240052315,Injury Crash,10/31/2024 06:10:00 PM,GEORGIA AVE,NA,Angle,Clear,Dry,Medium,No Controls,NONE DETECTED,No,No Apparent Injury,NA,Not Distracted,MD,Passenger Car,Moving Constant Speed,35,No,2022,FORD,MUSTANG,39.07975187,-77.073636,2024,10,18
240052327,Property Damage Crash,10/31/2024 06:09:00 PM,NA,NA,Single Vehicle,Clear,NA,Medium,NA,NONE DETECTED,No,No Apparent Injury,NA,Unknown,MD,Passenger Car,Backing,0,No,2007,CHEVROLET,MALIBU,39.05819698,-77.12559733,2024,10,18
240052306,Property Damage Crash,10/31/2024 05:27:00 PM,ROCKVILLE PIKE (SB/L),NA,Front to Rear,Clear,Dry,Daylight,Traffic Control Signal,NONE DETECTED,No,No Apparent Injury,NA,Not Distracted,MD,Passenger Car,Stopped in Traffic,45,No,2010,FORD,FOCUS,39.03206036,-77.10590193,2024,10,17
240052306,Property Damage Crash,10/31/2024 05:27:00 PM,ROCKVILLE PIKE (SB/L),NA,Front to Rear,Clear,Dry,Daylight,Traffic Control Signal,NONE DETECTED,Yes,No Apparent Injury,Too Fast For Conditions,Unknown,MD,Passenger Car,Moving Constant Speed,45,No,2012,KIA,SOUL,39.03206036,-77.10590193,2024,10,17
240052306,Property Damage Crash,10/31/2024 05:27:00 PM,ROCKVILLE PIKE (SB/L),NA,Front to Rear,Clear,Dry,Daylight,Traffic Control Signal,NONE DETECTED,No,No Apparent Injury,NA,Not Distracted,MD,Sport Utility Vehicle,Stopped in Traffic,45,No,2022,TOYOTA,RAV4,39.03206036,-77.10590193,2024,10,17