Local Case Number,ACRS Report Type,Crash Date/Time,Road Name,Related Non-Motorist,Collision Type,Weather,Surface Condition,Light,Traffic Control,Driver Substance Abuse,Driver At Fault,Injury Severity,Circumstance,Driver Distracted By,Drivers License State,Vehicle Body Type,Vehicle Movement,Speed Limit,Driverless Vehicle,Vehicle Year,Vehicle Make,Vehicle Model,Latitude,Longitude,Year,Month,Hour
240052297,Injury Crash,10/31/2024 04:57:00 PM,FERNWOOD RD,Pedestrian,Single Vehicle,Clear,Dry,Daylight,Traffic Control Signal,NONE DETECTED,No,No Apparent Injury,"Failed to Yield Right-of-Way, Other Improper Action, Too Fast For Conditions",Unknown,MD,Passenger Car,Accelerating,25,No,2016,TOYOTA,PRIUS,39.0182433,-77.1333093,2024,10,16
240052301,Property Damage Crash,10/31/2024 04:53:00 PM,RIDGE RD (SB/L),NA,Front to Front,Clear,Dry,Daylight,No Controls,NONE DETECTED,Yes,No Apparent Injury,"Failed to Keep in Proper Lane, Wrong Side",Unknown,MD,Passenger Car,Moving Constant Speed,40,No,2001,TOYOTA,ECHO,39.27523302,-77.21470845,2024,10,16
240052301,Property Damage Crash,10/31/2024 04:53:00 PM,RIDGE RD (SB/L),NA,Front to Front,Clear,Dry,Daylight,Traffic Control Signal,NONE DETECTED,No,No Apparent Injury,NA,Not Distracted,MD,Station Wagon,Stopped in Traffic,30,No,2015,SUBARU,OUTBACK,39.27523302,-77.21470845,2024,10,16
240052298,Property Damage Crash,10/31/2024 04:53:00 PM,BETHESDA AVE,NA,"Sideswipe, Same Direction",Clear,Dry,Daylight,No Controls,NONE DETECTED,No,No Apparent Injury,NA,Not Distracted,DC,Sport Utility Vehicle,Slowing or Stopping,25,No,2024,TESLA,MODEL Y,38.98090786,-77.0967387,2024,10,16
240052298,Property Damage Crash,10/31/2024 04:53:00 PM,BETHESDA AVE,NA,"Sideswipe, Same Direction",Clear,Dry,Daylight,No Controls,DRUG PRESENT,Yes,No Apparent Injury,NA,Unknown,MD,Passenger Car,Overtaking/Passing,25,No,2023,DODGE,CHARGER,38.98090786,-77.0967387,2024,10,16
240052301,Property Damage Crash,10/31/2024 04:53:00 PM,RIDGE RD (SB/L),NA,Front to Front,Clear,Dry,Daylight,No Controls,NONE DETECTED,No,No Apparent Injury,NA,Not Distracted,MD,Sport Utility Vehicle,Moving Constant Speed,40,No,2025,HONDA,CR-V,39.27523302,-77.21470845,2024,10,16
240052291,Property Damage Crash,10/31/2024 04:37:00 PM,NA,NA,Front to Rear,Clear,Dry,Daylight,Lane Use Control Signal,NONE DETECTED,Yes,No Apparent Injury,NA,Not Distracted,MD,Passenger Car,Slowing or Stopping,40,No,2021,SUBARU,IMPREZA,39.27126146,-77.30769272,2024,10,16
240052291,Property Damage Crash,10/31/2024 04:37:00 PM,NA,NA,Front to Rear,Clear,Dry,Daylight,Lane Use Control Signal,NONE DETECTED,No,No Apparent Injury,NA,Not Distracted,MD,Bus - School,Slowing or Stopping,40,No,2008,FREIGHTLINER,B2 BUS CHASSIS,39.27126146,-77.30769272,2024,10,16
240052286,Injury Crash,10/31/2024 04:00:00 PM,HOWARD CHAPEL RD,NA,Angle,Clear,Dry,Daylight,Stop Sign,NONE DETECTED,Yes,No Apparent Injury,"Failed to Yield Right-of-Way, Ran Stop Sign",Not Distracted,MD,Passenger Car,Moving Constant Speed,30,No,2008,CHEVROLET,SILVERADO,39.22694117,-77.07600333,2024,10,16
240052286,Injury Crash,10/31/2024 04:00:00 PM,HOWARD CHAPEL RD,NA,Angle,Clear,Dry,Daylight,No Controls,NONE DETECTED,No,Possible Minor Injury,NA,Not Distracted,MD,Passenger Car,Moving Constant Speed,40,No,2020,LAND ROVER,RANGE ROVER,39.22694117,-77.07600333,2024,10,16
240052280,Injury Crash,10/31/2024 03:39:00 PM,FREDERICK RD,NA,Front to Rear,Clear,Dry,Daylight,Traffic Control Signal,NONE DETECTED,Yes,No Apparent Injury,NA,Not Distracted,MD,Sport Utility Vehicle,Moving Constant Speed,40,No,2016,LEXUS,RX,39.19821799,-77.24478875,2024,10,15
240052280,Injury Crash,10/31/2024 03:39:00 PM,FREDERICK RD,NA,Front to Rear,Clear,Dry,Daylight,Traffic Control Signal,NONE DETECTED,No,No Apparent Injury,NA,Not Distracted,MD,Sport Utility Vehicle,Stopped in Traffic,40,No,2023,MAZDA,CX-5,39.19821799,-77.24478875,2024,10,15
240052275,Property Damage Crash,10/31/2024 03:06:00 PM,PLUM ORCHARD DR,NA,Front to Rear,Clear,Dry,Daylight,Traffic Control Signal,NONE DETECTED,No,NA,NA,NA,NA,Passenger Car,Moving Constant Speed,25,No,2016,CHEVROLET,SUBURBAN,39.05332177,-76.95818012,2024,10,15
240052275,Property Damage Crash,10/31/2024 03:06:00 PM,PLUM ORCHARD DR,NA,Front to Rear,Clear,Dry,Daylight,Traffic Control Signal,NONE DETECTED,No,No Apparent Injury,NA,Not Distracted,MD,Passenger Car,Stopped in Traffic,25,No,2024,TESLA,MODEL Y,39.05332177,-76.95818012,2024,10,15
240052273,Property Damage Crash,10/31/2024 03:04:00 PM,GEORGIA AVE (SB/L),NA,Front to Rear,Clear,Dry,Daylight,No Controls,NONE DETECTED,No,No Apparent Injury,NA,Not Distracted,DC,Passenger Car,Slowing or Stopping,35,No,2021,TOYOTA,COROLLA,39.05904508,-77.05034043,2024,10,15
240052273,Property Damage Crash,10/31/2024 03:04:00 PM,GEORGIA AVE (SB/L),NA,Front to Rear,Clear,Dry,Daylight,No Controls,NONE DETECTED,Yes,No Apparent Injury,Other Improper Action,Not Distracted,NA,Passenger Car,Slowing or Stopping,35,No,2008,HONDA,CIVIC,39.05904508,-77.05034043,2024,10,15
240052271,Injury Crash,10/31/2024 03:00:00 PM,DONNYBROOK DR,NA,"Sideswipe, Same Direction",Clear,Dry,Daylight,No Controls,NONE DETECTED,No,Possible Minor Injury,NA,Not Distracted,MD,Sport Utility Vehicle,Slowing or Stopping,35,No,2018,ACURA,MDX,38.99230387,-77.05798569,2024,10,15
240052271,Injury Crash,10/31/2024 03:00:00 PM,DONNYBROOK DR,NA,"Sideswipe, Same Direction",Clear,Dry,Daylight,No Controls,NONE DETECTED,Yes,Possible Minor Injury,NA,Unknown,MD,Sport Utility Vehicle,Moving Constant Speed,35,No,2010,FORD,ESCAPE,38.99230387,-77.05798569,2024,10,15
240052272,Property Damage Crash,10/31/2024 02:52:00 PM,NA,NA,Front to Rear,Clear,Dry,Daylight,Traffic Control Signal,NONE DETECTED,No,No Apparent Injury,NA,Not Distracted,MD,Sport Utility Vehicle,Slowing or Stopping,35,No,2020,LEXUS,RX,39.12278698,-77.17816735,2024,10,14
240052272,Property Damage Crash,10/31/2024 02:52:00 PM,NA,NA,Front to Rear,Clear,Dry,Daylight,Traffic Control Signal,NONE DETECTED,No,No Apparent Injury,"Followed Too Closely, Operated Motor Vehicle in Inattentive, Careless, Negligent, or Erratic Manner, Other Improper Action",Not Distracted,MD,Pickup,Moving Constant Speed,35,No,2004,CHEVROLET,SILVERADO,39.12278698,-77.17816735,2024,10,14
240052266,Property Damage Crash,10/31/2024 02:40:00 PM,GOODHILL RD,NA,"Sideswipe, Opposite Direction",Clear,Dry,Daylight,No Controls,NONE DETECTED,Yes,No Apparent Injury,NA,Unknown,MD,Passenger Car,Moving Constant Speed,30,No,2008,MITSUBISHI,LANCER,39.05971454,-77.07150956,2024,10,14
240052266,Property Damage Crash,10/31/2024 02:40:00 PM,GOODHILL RD,NA,"Sideswipe, Opposite Direction",Clear,Dry,Daylight,No Controls,NONE DETECTED,No,No Apparent Injury,NA,Not Distracted,MD,Passenger Car,Moving Constant Speed,30,No,2019,AUDI,A5,39.05971454,-77.07150956,2024,10,14
240052268,Property Damage Crash,10/31/2024 02:38:00 PM,NA,NA,Single Vehicle,Clear,Dry,Daylight,No Controls,NONE DETECTED,No,No Apparent Injury,Other Improper Action,Not Distracted,MD,Sport Utility Vehicle,Turning Left,30,No,2025,BUICK,ENCLAVE,39.06458882,-77.1609872,2024,10,14
240052249,Injury Crash,10/31/2024 01:02:00 PM,ROCKVILLE PIKE,NA,Front to Rear,Clear,Dry,Daylight,No Controls,NONE DETECTED,Yes,Possible Minor Injury,NA,Unknown,MD,Passenger Car,Moving Constant Speed,35,No,2017,INFINITI,Q50,39.00506183,-77.09750083,2024,10,13
240052249,Injury Crash,10/31/2024 01:02:00 PM,ROCKVILLE PIKE,NA,Front to Rear,Clear,Dry,Daylight,No Controls,NONE DETECTED,No,Possible Minor Injury,NA,Not Distracted,FL,Passenger Car,Moving Constant Speed,35,No,2011,HONDA,ACCORD,39.00506183,-77.09750083,2024,10,13
240052240,Injury Crash,10/31/2024 12:22:00 PM,NA,Pedestrian,Single Vehicle,Clear,NA,Daylight,NA,NONE DETECTED,Yes,No Apparent Injury,Failed to Yield Right-of-Way,Unknown,MD,Passenger Car,Turning Left,0,No,2005,SUZUKI,AERIO,39.19981307,-77.25399665,2024,10,12
240052242,Injury Crash,10/31/2024 12:18:00 PM,NA,Pedestrian,Single Vehicle,Clear,NA,Daylight,NA,NONE DETECTED,No,No Apparent Injury,"Operated Motor Vehicle in Inattentive, Careless, Negligent, or Erratic Manner, Other Improper Action",Not Distracted,MD,Sport Utility Vehicle,Slowing or Stopping,0,No,2022,JEEP,COMPASS,39.28207833,-77.21086833,2024,10,12
240052232,Property Damage Crash,10/31/2024 11:33:00 AM,DAIRYMAID DR,NA,Front to Rear,Clear,Dry,Daylight,No Controls,NONE DETECTED,Yes,No Apparent Injury,Other Improper Action,Not Distracted,MD,Passenger Car,Moving Constant Speed,25,No,2020,VOLKSWAGEN,TIGUAN,39.15722467,-77.27528483,2024,10,11
240052204,Property Damage Crash,10/31/2024 09:30:00 AM,OLD GEORGETOWN RD,NA,Unknown,Clear,Dry,Daylight,No Controls,NONE DETECTED,No,No Apparent Injury,NA,Not Distracted,MD,Passenger Car,Parked,10,No,2021,LEXUS,RX,39.0258837,-77.12585011,2024,10,9
240052204,Property Damage Crash,10/31/2024 09:30:00 AM,OLD GEORGETOWN RD,NA,Unknown,Clear,Dry,Daylight,No Controls,NONE DETECTED,No,NA,NA,NA,NA,Other Trucks,Backing,10,No,2005,PETERBILT,379,39.0258837,-77.12585011,2024,10,9
240052208,Property Damage Crash,10/31/2024 09:20:00 AM,JONES BRIDGE RD (WB/L),NA,"Sideswipe, Same Direction",Clear,Dry,Daylight,No Controls,NONE DETECTED,Yes,No Apparent Injury,Failed to Yield Right-of-Way,Unknown,MD,Sport Utility Vehicle,Entering Traffic Lane,25,No,2023,JEEP,GRAND CHEROKEE L,38.99972483,-77.07553417,2024,10,9
240052207,Property Damage Crash,10/31/2024 09:20:00 AM,RIDGWAY AVE,NA,Angle,Clear,Dry,Daylight,No Controls,NONE DETECTED,Yes,No Apparent Injury,NA,Not Distracted,MD,Bus - School,Turning Right,10,No,2014,THOMAS BUILT,HDX,39.0670735,-77.12009,2024,10,9
240052211,Property Damage Crash,10/31/2024 09:20:00 AM,DALTON RD,NA,Rear To Rear,Clear,Dry,Daylight,No Controls,NONE DETECTED,Yes,No Apparent Injury,NA,Not Distracted,MD,Passenger Car,Moving Constant Speed,15,No,2008,HONDA,CIVIC,38.96070617,-77.0923205,2024,10,9
240052208,Property Damage Crash,10/31/2024 09:20:00 AM,JONES BRIDGE RD (WB/L),NA,"Sideswipe, Same Direction",Clear,Dry,Daylight,No Controls,NONE DETECTED,No,No Apparent Injury,NA,Not Distracted,MD,Bus - Transit,Slowing or Stopping,25,No,2013,NEW FLYER,XCELSIOR,38.99972483,-77.07553417,2024,10,9
240052201,Property Damage Crash,10/31/2024 09:07:00 AM,NA,Pedestrian,Single Vehicle,Clear,Dry,Daylight,Pedestrian Crossing,NONE DETECTED,Yes,No Apparent Injury,NA,Unknown,MI,Passenger Car,Turning Right,25,No,2010,NISSAN,MURANO,38.98313937,-77.01539537,2024,10,9
240052192,Property Damage Crash,10/31/2024 07:55:00 AM,MONROE ST,NA,"Sideswipe, Opposite Direction",Clear,Dry,Daylight,Traffic Control Signal,NONE DETECTED,No,No Apparent Injury,NA,Not Distracted,MD,Passenger Car,Stopped in Traffic,25,No,2017,VOLKSWAGEN,GOLF SPORTWAGEN,39.08072189,-77.15008021,2024,10,7
240052192,Property Damage Crash,10/31/2024 07:55:00 AM,MONROE ST,NA,"Sideswipe, Opposite Direction",Clear,Dry,Daylight,Traffic Control Signal,NONE DETECTED,Yes,No Apparent Injury,NA,Not Distracted,MD,Bus - Transit,Turning Left,25,No,2020,GILLIG,CITY TRANSIT BUS,39.08072189,-77.15008021,2024,10,7
240052189,Property Damage Crash,10/31/2024 07:40:00 AM,RAMP 2 FR RP 7 (FR IS370 WB) TO MD355 NB,NA,Front to Rear,Clear,Dry,Daylight,Yield Sign,NONE DETECTED,No,No Apparent Injury,NA,Not Distracted,MD,Passenger Car,Moving Constant Speed,30,No,2014,TOYOTA,CAMRY,39.12437167,-77.18020084,2024,10,7
240052189,Property Damage Crash,10/31/2024 07:40:00 AM,RAMP 2 FR RP 7 (FR IS370 WB) TO MD355 NB,NA,Front to Rear,Clear,Dry,Daylight,Yield Sign,NONE DETECTED,No,No Apparent Injury,NA,Not Distracted,MD,Sport Utility Vehicle,Slowing or Stopping,35,No,2015,KIA,SORENTO,39.12437167,-77.18020084,2024,10,7
240052185,Injury Crash,10/31/2024 07:16:00 AM,NA,NA,Angle,Clear,Dry,Daylight,No Controls,NONE DETECTED,No,Possible Minor Injury,NA,Not Distracted,MD,Motorcycle - 2 Wheeled,Moving Constant Speed,30,No,2014,TRIUMPH,STREET TRIPLE,39.22153526,-77.05984504,2024,10,7
240052185,Injury Crash,10/31/2024 07:16:00 AM,NA,NA,Angle,Clear,Dry,Daylight,No Controls,NONE DETECTED,Yes,No Apparent Injury,NA,Unknown,MD,Pickup,Turning Left,30,No,2019,FORD,F-250,39.22153526,-77.05984504,2024,10,7
240052186,Property Damage Crash,10/31/2024 07:10:00 AM,HEWITT AVE,NA,Angle,Clear,Dry,Medium,No Controls,NONE DETECTED,No,No Apparent Injury,NA,Not Distracted,MD,Sport Utility Vehicle,Moving Constant Speed,20,No,2008,HONDA,CR-V,39.07949412,-77.06632094,2024,10,7
240052186,Property Damage Crash,10/31/2024 07:10:00 AM,HEWITT AVE,NA,Angle,Clear,Dry,Medium,No Controls,NONE DETECTED,No,No Apparent Injury,Failed to Yield Right-of-Way,Not Distracted,MD,Passenger Car,Accelerating,20,No,2008,HONDA,CIVIC,39.07949412,-77.06632094,2024,10,7
240052183,Injury Crash,10/31/2024 07:08:00 AM,PERRY AVE,NA,Angle,Clear,Dry,Medium,Traffic Control Signal,NONE DETECTED,No,Suspected Serious Injury,NA,Not Distracted,DC,Moped Or motorized bicycle,Moving Constant Speed,25,No,2024,LANCE,HAVANA,39.0327919,-77.07484407,2024,10,7
240052183,Injury Crash,10/31/2024 07:08:00 AM,PERRY AVE,NA,Angle,Clear,Dry,Medium,Traffic Control Signal,NONE DETECTED,Yes,No Apparent Injury,NA,Unknown,MD,Passenger Car,Turning Left,25,No,2012,FORD,FUSION,39.0327919,-77.07484407,2024,10,7
240052180,Injury Crash,10/31/2024 07:00:00 AM,NEW HAMPSHIRE AVE (SB/L),NA,Other,Clear,Dry,Daylight,Traffic Control Signal,NONE DETECTED,No,No Apparent Injury,NA,Not Distracted,MD,Bus - School,Turning Left,35,No,2016,THOMAS BUILT,HDX,39.10619341,-77.00155639,2024,10,7
240052180,Injury Crash,10/31/2024 07:00:00 AM,NEW HAMPSHIRE AVE (SB/L),NA,Other,Clear,Dry,Daylight,Traffic Control Signal,NONE DETECTED,No,Possible Minor Injury,NA,Not Distracted,MD,Pickup,Moving Constant Speed,35,No,2016,GMC,SIERRA,39.10619341,-77.00155639,2024,10,7
240052184,Injury Crash,10/31/2024 06:59:00 AM,NA,NA,Rear To Side,Clear,Dry,Medium,No Controls,NONE DETECTED,No,No Apparent Injury,NA,Unknown,MD,Passenger Car,Moving Constant Speed,30,No,2015,MAZDA,MAZDA6,38.99133206,-77.11766597,2024,10,6
240052184,Injury Crash,10/31/2024 06:59:00 AM,NA,NA,Rear To Side,Clear,Dry,Medium,Stop Sign,NONE DETECTED,No,Possible Minor Injury,NA,Unknown,MD,Passenger Car,Moving Constant Speed,30,No,2013,HONDA,CIVIC,38.99133206,-77.11766597,2024,10,6
240053617,Property Damage Crash,10/31/2024 01:05:00 AM,DARNESTOWN RD,NA,Single Vehicle,Clear,Dry,Medium,No Controls,NONE DETECTED,No,No Apparent Injury,NA,Not Distracted,MD,Passenger Car,Slowing or Stopping,40,No,2016,FORD,TRANSIT,39.10301492,-77.22257188,2024,10,1
240052154,Injury Crash,10/30/2024 10:12:00 PM,HEWITT AVE,NA,Front to Front,Clear,Dry,Medium,No Controls,NONE DETECTED,Yes,Possible Minor Injury,Operated Motor Vehicle in Reckless or Aggressive Manner,Unknown,MD,Passenger Car,Moving Constant Speed,25,No,2004,FORD,MUSTANG,39.08021628,-77.06108338,2024,10,22
240052154,Injury Crash,10/30/2024 10:12:00 PM,HEWITT AVE,NA,Front to Front,Clear,Dry,Medium,No Controls,NONE DETECTED,No,No Apparent Injury,NA,Not Distracted,MD,Station Wagon,Moving Constant Speed,25,No,2019,GMC,ARCADIA,39.08021628,-77.06108338,2024,10,22
240052155,Injury Crash,10/30/2024 10:10:00 PM,GEORGIA AVE (SB/L),NA,"Sideswipe, Same Direction",Clear,Dry,Medium,Traffic Control Signal,NONE DETECTED,No,No Apparent Injury,NA,Not Distracted,MD,Station Wagon,Turning Left,35,No,2024,NISSAN,ROGUE,39.07746553,-77.07097544,2024,10,22
240052155,Injury Crash,10/30/2024 10:10:00 PM,GEORGIA AVE (SB/L),NA,"Sideswipe, Same Direction",Clear,Dry,Medium,Traffic Control Signal,NONE DETECTED,No,Possible Minor Injury,NA,Unknown,MD,Passenger Car,Overtaking/Passing,35,No,2004,FORD,MUSTANG,39.07746553,-77.07097544,2024,10,22
240052151,Property Damage Crash,10/30/2024 10:00:00 PM,CLOPPER RD (WB/L),NA,Single Vehicle,Clear,Dry,Medium,Traffic Control Signal,NONE DETECTED,Yes,No Apparent Injury,NA,Not Distracted,MD,Passenger Car,Turning Right,40,No,2022,FORD,MAVERICK,39.16292586,-77.28317016,2024,10,22
240052140,Property Damage Crash,10/30/2024 08:36:00 PM,WIGHTMAN RD,NA,Front to Front,Clear,Dry,Dark,No Controls,NONE DETECTED,No,No Apparent Injury,NA,Not Distracted,MD,Sport Utility Vehicle,Slowing or Stopping,35,No,2020,AUDI,SQ5,39.1887725,-77.18958733,2024,10,20
240052140,Property Damage Crash,10/30/2024 08:36:00 PM,WIGHTMAN RD,NA,Front to Front,Clear,Dry,Dark,No Controls,NONE DETECTED,Yes,No Apparent Injury,Followed Too Closely,Not Distracted,MD,Sport Utility Vehicle,Moving Constant Speed,35,No,2021,HYUNDAI,KONA,39.1887725,-77.18958733,2024,10,20
240052126,Property Damage Crash,10/30/2024 07:23:00 PM,FIRST ST (SB/L),NA,"Sideswipe, Same Direction",Clear,Dry,Medium,Traffic Control Signal,NONE DETECTED,No,No Apparent Injury,NA,Not Distracted,MD,Passenger Car,Turning Left,35,No,2007,ACURA,TL,39.07724732,-77.13942446,2024,10,19
240052126,Property Damage Crash,10/30/2024 07:23:00 PM,FIRST ST (SB/L),NA,"Sideswipe, Same Direction",Clear,Dry,Medium,Traffic Control Signal,NONE DETECTED,Yes,No Apparent Injury,NA,Not Distracted,DC,Bus - Transit,Changing Lanes,35,No,2020,GILLIG,CITY TRANSIT BUS,39.07724732,-77.13942446,2024,10,19
240052124,Property Damage Crash,10/30/2024 07:21:00 PM,ABERDEEN RD,NA,Rear To Side,Clear,Dry,Dark,Stop Sign,NONE DETECTED,Yes,No Apparent Injury,NA,Unknown,MD,Passenger Car,Moving Constant Speed,35,No,2019,AUDI,S5,38.991259,-77.11763383,2024,10,19
240052124,Property Damage Crash,10/30/2024 07:21:00 PM,ABERDEEN RD,NA,Rear To Side,Clear,Dry,Dark,No Controls,NONE DETECTED,No,No Apparent Injury,NA,Not Distracted,MD,Passenger Car,Moving Constant Speed,35,No,2022,TOYOTA,COROLLA,38.991259,-77.11763383,2024,10,19
240052123,Property Damage Crash,10/30/2024 07:20:00 PM,BROOKS AVE,NA,"Sideswipe, Same Direction",Clear,Dry,Medium,No Controls,NONE DETECTED,Yes,No Apparent Injury,Improper Passing,Unknown,MD,Passenger Car,Changing Lanes,30,No,2016,TOYOTA,SCION IA,39.1427327,-77.20013506,2024,10,19
240052123,Property Damage Crash,10/30/2024 07:20:00 PM,BROOKS AVE,NA,"Sideswipe, Same Direction",Clear,Dry,Medium,No Controls,NONE DETECTED,No,No Apparent Injury,NA,Not Distracted,MD,Pickup,Moving Constant Speed,30,No,2015,CHEVROLET,SILVERADO,39.1427327,-77.20013506,2024,10,19
240052117,Property Damage Crash,10/30/2024 06:32:00 PM,FREDERICK RD,NA,Front to Rear,Clear,Dry,Medium,No Controls,NONE DETECTED,Yes,No Apparent Injury,Ran Off Roadway,Unknown,MD,Passenger Car,Moving Constant Speed,45,No,2011,MINI,HARDTOP,39.18740868,-77.24032548,2024,10,18
240052117,Property Damage Crash,10/30/2024 06:32:00 PM,FREDERICK RD,NA,Front to Rear,Clear,Dry,Medium,No Controls,NONE DETECTED,No,No Apparent Injury,NA,Not Distracted,MD,Passenger Car,Moving Constant Speed,45,No,2017,TOYOTA,CAMRY,39.18740868,-77.24032548,2024,10,18
240052120,Property Damage Crash,10/30/2024 06:21:00 PM,OLD GEORGETOWN RD (SB/L),NA,"Sideswipe, Same Direction",Clear,Dry,Medium,No Controls,NONE DETECTED,No,No Apparent Injury,NA,Not Distracted,VA,Bus - Transit,Parked,30,No,2016,GILLIG,LOW FLOOR BUS,39.04915833,-77.11645667,2024,10,18
240052120,Property Damage Crash,10/30/2024 06:21:00 PM,OLD GEORGETOWN RD (SB/L),NA,"Sideswipe, Same Direction",Clear,Dry,Medium,No Controls,NONE DETECTED,Yes,No Apparent Injury,NA,Unknown,MD,Passenger Car,Moving Constant Speed,30,No,2021,TOYOTA,COROLLA,39.04915833,-77.11645667,2024,10,18
240052110,Property Damage Crash,10/30/2024 06:08:00 PM,WATERS LANDING DR,NA,Front to Rear,Clear,Dry,Medium,Other,NONE DETECTED,No,No Apparent Injury,NA,"Other Action (looking away from task, etc.)",VA,Passenger Car,Accelerating,25,No,2020,TESLA,MODEL 3,39.19143917,-77.2794405,2024,10,18
240052095,Property Damage Crash,10/30/2024 05:20:00 PM,CLUB HOUSE RD,NA,Front to Rear,Clear,Dry,Daylight,No Controls,NONE DETECTED,No,No Apparent Injury,NA,Not Distracted,MD,Sport Utility Vehicle,Turning Right,30,No,2021,LEXUS,NX,39.17443967,-77.20536317,2024,10,17
240052095,Property Damage Crash,10/30/2024 05:20:00 PM,CLUB HOUSE RD,NA,Front to Rear,Clear,Dry,Daylight,No Controls,NONE DETECTED,No,No Apparent Injury,"Followed Too Closely, Operated Motor Vehicle in Inattentive, Careless, Negligent, or Erratic Manner",Unknown,MD,Passenger Car,Slowing or Stopping,30,No,2010,BMW,328I,39.17443967,-77.20536317,2024,10,17
240052095,Property Damage Crash,10/30/2024 05:20:00 PM,CLUB HOUSE RD,NA,Front to Rear,Clear,Dry,Daylight,No Controls,NONE DETECTED,No,No Apparent Injury,NA,Not Distracted,MD,Sport Utility Vehicle,Stopped in Traffic,30,No,2019,HONDA,CR-V,39.17443967,-77.20536317,2024,10,17
240052091,Property Damage Crash,10/30/2024 04:52:00 PM,NA,NA,Angle,Clear,Dry,Daylight,Traffic Control Signal,NONE DETECTED,No,No Apparent Injury,NA,Not Distracted,MD,Passenger Car,Moving Constant Speed,40,No,2022,HONDA,CIVIC,39.23745248,-77.27784475,2024,10,16
240052091,Property Damage Crash,10/30/2024 04:52:00 PM,NA,NA,Angle,Clear,Dry,Daylight,Traffic Control Signal,NONE DETECTED,No,No Apparent Injury,NA,Not Distracted,MD,Sport Utility Vehicle,Stopped in Traffic,40,No,2021,BMW,X5,39.23745248,-77.27784475,2024,10,16
240052091,Property Damage Crash,10/30/2024 04:52:00 PM,NA,NA,Angle,Clear,Dry,Daylight,Traffic Control Signal,NONE DETECTED,Yes,No Apparent Injury,NA,Not Distracted,MD,Sport Utility Vehicle,Moving Constant Speed,40,No,2019,TOYOTA,HIGHLANDER,39.23745248,-77.27784475,2024,10,16
240052071,Property Damage Crash,10/30/2024 03:42:00 PM,ASPEN HILL RD,NA,Front to Rear,Clear,Dry,Daylight,No Controls,NONE DETECTED,Yes,No Apparent Injury,NA,Not Distracted,MD,Sport Utility Vehicle,Slowing or Stopping,30,No,2012,MAZDA,CX-9,39.07721333,-77.09190333,2024,10,15
240052071,Property Damage Crash,10/30/2024 03:42:00 PM,ASPEN HILL RD,NA,Front to Rear,Clear,Dry,Daylight,No Controls,NONE DETECTED,No,No Apparent Injury,NA,Unknown,MD,Sport Utility Vehicle,Stopped in Traffic,30,No,2004,JEEP,LIBERTY,39.07721333,-77.09190333,2024,10,15
240052072,Property Damage Crash,10/30/2024 03:40:00 PM,ASPEN HILL RD,NA,Front to Rear,Clear,Dry,Daylight,No Controls,NONE DETECTED,No,No Apparent Injury,NA,Not Distracted,MD,Passenger Car,Slowing or Stopping,25,No,2016,HONDA,CR-V,39.07728894,-77.09173015,2024,10,15
240052072,Property Damage Crash,10/30/2024 03:40:00 PM,ASPEN HILL RD,NA,Front to Rear,Clear,Dry,Daylight,No Controls,NONE DETECTED,No,No Apparent Injury,NA,Not Distracted,MD,Passenger Car,Moving Constant Speed,25,No,2004,JEEP,LIBERTY,39.07728894,-77.09173015,2024,10,15
240052058,Injury Crash,10/30/2024 03:24:00 PM,CONNECTICUT AVE,NA,Front to Rear,Clear,Dry,Daylight,No Controls,NONE DETECTED,No,No Apparent Injury,NA,Not Distracted,MD,Passenger Car,Slowing or Stopping,35,No,2010,FORD,F-150,39.08921233,-77.07194233,2024,10,15