Local Case Number,ACRS Report Type,Crash Date/Time,Road Name,Related Non-Motorist,Collision Type,Weather,Surface Condition,Light,Traffic Control,Driver Substance Abuse,Driver At Fault,Injury Severity,Circumstance,Driver Distracted By,Drivers License State,Vehicle Body Type,Vehicle Movement,Speed Limit,Driverless Vehicle,Vehicle Year,Vehicle Make,Vehicle Model,Latitude,Longitude,Year,Month,Hour
240052058,Injury Crash,10/30/2024 03:24:00 PM,CONNECTICUT AVE,NA,Front to Rear,Clear,Dry,Daylight,No Controls,NONE DETECTED,Yes,Possible Minor Injury,NA,Unknown,MD,Passenger Car,Moving Constant Speed,35,No,2016,TOYOTA,COROLLA,39.08921233,-77.07194233,2024,10,15
240052061,Property Damage Crash,10/30/2024 03:14:00 PM,MARINELLI RD,NA,Other,Clear,Dry,Daylight,No Controls,NONE DETECTED,No,No Apparent Injury,NA,Unknown,MD,Passenger Car,Backing,30,No,2016,SUBARU,FORESTER,39.04772369,-77.10601212,2024,10,15
240052059,Property Damage Crash,10/30/2024 02:51:00 PM,WISCONSIN AVE,NA,Other,Clear,Dry,Daylight,No Controls,NONE DETECTED,No,NA,NA,NA,NA,Sport Utility Vehicle,Changing Lanes,35,No,2017,LAND ROVER,RANGE ROVER SPORT,38.96182338,-77.08612718,2024,10,14
240052059,Property Damage Crash,10/30/2024 02:51:00 PM,WISCONSIN AVE,NA,Other,Clear,Dry,Daylight,No Controls,NONE DETECTED,No,No Apparent Injury,NA,Not Distracted,MD,Sport Utility Vehicle,Stopped in Traffic,35,No,2017,HONDA,CR-V,38.96182338,-77.08612718,2024,10,14
240052046,Property Damage Crash,10/30/2024 02:35:00 PM,NA,NA,"Sideswipe, Same Direction",Clear,Dry,Daylight,No Controls,NONE DETECTED,Yes,No Apparent Injury,NA,Not Distracted,MD,Other,Moving Constant Speed,40,No,2016,SPARTAN,UNKNOWN,39.21367858,-77.24910255,2024,10,14
240052046,Property Damage Crash,10/30/2024 02:35:00 PM,NA,NA,"Sideswipe, Same Direction",Clear,Dry,Daylight,No Controls,NONE DETECTED,No,No Apparent Injury,NA,Not Distracted,MD,Passenger Car,Slowing or Stopping,40,No,2022,BMW,X5,39.21367858,-77.24910255,2024,10,14
240052041,Property Damage Crash,10/30/2024 02:30:00 PM,FREDERICK RD,NA,Front to Rear,Clear,Dry,Daylight,No Controls,NONE DETECTED,Yes,No Apparent Injury,"Followed Too Closely, Too Fast For Conditions",Unknown,MD,Sport Utility Vehicle,Slowing or Stopping,45,No,2020,TOYOTA,RAV4,39.21416,-77.2497,2024,10,14
240052041,Property Damage Crash,10/30/2024 02:30:00 PM,FREDERICK RD,NA,Front to Rear,Clear,Dry,Daylight,No Controls,NONE DETECTED,No,No Apparent Injury,NA,Not Distracted,MD,Pickup,Slowing or Stopping,45,No,2020,FORD,F-250,39.21416,-77.2497,2024,10,14
240052027,Property Damage Crash,10/30/2024 01:50:00 PM,NA,NA,Front to Rear,Clear,Dry,Daylight,No Controls,NONE DETECTED,Yes,No Apparent Injury,Other Improper Action,Not Distracted,MD,Motorcycle - 2 Wheeled,Changing Lanes,25,No,2019,HARLEY-DAVIDSON,FLHTP / POLICE ELECTRA GLIDE,39.05568672,-77.04987931,2024,10,13
240052027,Property Damage Crash,10/30/2024 01:50:00 PM,NA,NA,Front to Rear,Clear,Dry,Daylight,No Controls,NONE DETECTED,No,No Apparent Injury,NA,Not Distracted,MD,Passenger Car,Slowing or Stopping,25,No,2020,NISSAN,VERSA,39.05568672,-77.04987931,2024,10,13
240052031,Injury Crash,10/30/2024 01:44:00 PM,NA,NA,Single Vehicle,Clear,Dry,Daylight,No Controls,NONE DETECTED,No,Possible Minor Injury,Improper Backing,Unknown,MD,Passenger Car,Backing,10,No,2017,HONDA,CIVIC,39.08765244,-77.07756985,2024,10,13
240052015,Property Damage Crash,10/30/2024 12:40:00 PM,WATERCRESS CIR,NA,Angle,Clear,Dry,Daylight,No Controls,NONE DETECTED,No,NA,NA,NA,NA,Passenger Car,Backing,25,No,2006,DODGE,CHARGER,39.20616296,-77.24710676,2024,10,12
240052017,Injury Crash,10/30/2024 12:30:00 PM,NA,NA,Single Vehicle,Clear,NA,Daylight,NA,NONE DETECTED,No,Possible Minor Injury,NA,Unknown,AZ,Passenger Car,Turning Left,0,No,2008,LEXUS,ES,39.04955963,-77.11884332,2024,10,12
240052008,Property Damage Crash,10/30/2024 12:13:00 PM,NA,NA,"Sideswipe, Same Direction",Clear,NA,Daylight,NA,NONE DETECTED,Yes,No Apparent Injury,Improper Turn,Unknown,MD,Passenger Car,Turning Right,0,No,2019,FORD,FIESTA,39.19804849,-77.2515485,2024,10,12
240052000,Injury Crash,10/30/2024 11:53:00 AM,ROCKVILLE PIKE,NA,Angle,Clear,Dry,Daylight,Traffic Control Signal,NONE DETECTED,No,Possible Minor Injury,NA,Not Distracted,MD,Sport Utility Vehicle,Moving Constant Speed,35,No,2017,FORD,ESCAPE,39.03490138,-77.10655966,2024,10,11
240052000,Injury Crash,10/30/2024 11:53:00 AM,ROCKVILLE PIKE,NA,Angle,Clear,Dry,Daylight,Traffic Control Signal,NONE DETECTED,Yes,No Apparent Injury,NA,Not Distracted,MD,Passenger Car,Turning Left,35,No,2020,HYUNDAI,SONATA,39.03490138,-77.10655966,2024,10,11
240051978,Property Damage Crash,10/30/2024 11:00:00 AM,N PARK AVE,NA,Single Vehicle,Clear,Dry,Daylight,No Controls,NONE DETECTED,Yes,No Apparent Injury,"Operated Motor Vehicle in Inattentive, Careless, Negligent, or Erratic Manner, Ran Off Roadway","Other Action (looking away from task, etc.)",MD,Passenger Car,Accelerating,25,No,2010,HONDA,CIVIC,38.96339739,-77.09084741,2024,10,11
240051979,Injury Crash,10/30/2024 10:51:00 AM,FRAMINGHAM DR,NA,Angle,Clear,Dry,Daylight,No Controls,NONE DETECTED,Yes,Possible Minor Injury,Failed to Yield Right-of-Way,Unknown,MD,Passenger Car,Entering Traffic Lane,35,No,1990,TOYOTA,COROLLA,39.17354,-77.18957,2024,10,10
240051979,Injury Crash,10/30/2024 10:51:00 AM,FRAMINGHAM DR,NA,Angle,Clear,Dry,Daylight,No Controls,NONE DETECTED,No,No Apparent Injury,NA,Not Distracted,MD,Sport Utility Vehicle,Moving Constant Speed,35,No,2023,FORD,EXPLORER,39.17354,-77.18957,2024,10,10
240052012,Property Damage Crash,10/30/2024 10:23:00 AM,HALL RD,NA,Rear To Side,Clear,Dry,Daylight,No Controls,NONE DETECTED,Yes,No Apparent Injury,NA,Not Distracted,MD,Passenger Car,Backing,25,No,2024,BMW,IX,39.01806016,-77.20357653,2024,10,10
240051981,Property Damage Crash,10/30/2024 10:15:00 AM,SPENCERVILLE RD,NA,"Sideswipe, Same Direction",Clear,Dry,Daylight,No Controls,NONE DETECTED,Yes,No Apparent Injury,NA,Not Distracted,MD,Passenger Car,Moving Constant Speed,30,No,2016,BMW,528I,39.1076152,-76.93829107,2024,10,10
240051981,Property Damage Crash,10/30/2024 10:15:00 AM,SPENCERVILLE RD,NA,"Sideswipe, Same Direction",Clear,Dry,Daylight,No Controls,NONE DETECTED,No,No Apparent Injury,NA,Not Distracted,MD,Pickup,Moving Constant Speed,30,No,2006,FORD,F-350,39.1076152,-76.93829107,2024,10,10
240051970,Property Damage Crash,10/30/2024 09:40:00 AM,NEW HAMPSHIRE AVE,NA,Front to Front,Clear,Dry,Daylight,Traffic Control Signal,NONE DETECTED,No,No Apparent Injury,NA,Not Distracted,VA,Passenger Car,Moving Constant Speed,25,No,2007,BMW,530I,39.01134517,-76.97891142,2024,10,9
240051970,Property Damage Crash,10/30/2024 09:40:00 AM,NEW HAMPSHIRE AVE,NA,Front to Front,Clear,Dry,Daylight,Traffic Control Signal,NONE DETECTED,No,No Apparent Injury,NA,Not Distracted,MD,Passenger Car,Turning Left,25,No,2016,FORD,TRANSIT CONNECT,39.01134517,-76.97891142,2024,10,9
240051950,Injury Crash,10/30/2024 08:30:00 AM,NA,NA,Single Vehicle,Clear,NA,Daylight,NA,NONE DETECTED,Yes,Possible Minor Injury,Ran Off Roadway,Not Distracted,MD,Passenger Car,Accelerating,0,No,2023,MERCEDES-BENZ,E-CLASS,38.9627272,-77.08750959,2024,10,8
240052078,Property Damage Crash,10/30/2024 08:17:00 AM,NA,NA,Front to Rear,Clear,Dry,Daylight,No Controls,NONE DETECTED,No,NA,NA,NA,NA,Passenger Car,Turning Right,35,No,1994,TOYOTA,PICK-UP,39.12080969,-76.98865362,2024,10,8
240052078,Property Damage Crash,10/30/2024 08:17:00 AM,NA,NA,Front to Rear,Clear,Dry,Daylight,No Controls,NONE DETECTED,No,No Apparent Injury,NA,Not Distracted,MD,Other Trucks,Turning Right,35,No,2021,MACK,LR,39.12080969,-76.98865362,2024,10,8
240051949,Property Damage Crash,10/30/2024 08:14:00 AM,KEMP MILL RD,NA,Front to Front,Clear,Dry,Daylight,No Controls,NONE DETECTED,No,No Apparent Injury,NA,Not Distracted,MD,Passenger Car,Moving Constant Speed,30,No,2015,HONDA,ACCORD,39.0492449,-77.02494361,2024,10,8
240051949,Property Damage Crash,10/30/2024 08:14:00 AM,KEMP MILL RD,NA,Front to Front,Clear,Dry,Daylight,No Controls,NONE DETECTED,Yes,No Apparent Injury,Failed to Keep in Proper Lane,"Other Action (looking away from task, etc.)",MD,Passenger Car,Accelerating,30,No,2016,HONDA,ACCORD,39.0492449,-77.02494361,2024,10,8
240051949,Property Damage Crash,10/30/2024 08:14:00 AM,KEMP MILL RD,NA,Front to Front,Clear,Dry,Daylight,No Controls,NONE DETECTED,No,No Apparent Injury,NA,Not Distracted,MD,Passenger Car,Moving Constant Speed,30,No,2021,HONDA,ACCORD,39.0492449,-77.02494361,2024,10,8
240051943,Property Damage Crash,10/30/2024 07:55:00 AM,NA,NA,"Sideswipe, Same Direction",Clear,Dry,Daylight,No Controls,NONE DETECTED,No,No Apparent Injury,NA,Not Distracted,MD,Passenger Car,Turning Right,30,No,2016,NISSAN,370Z,39.22451937,-77.426485,2024,10,7
240051943,Property Damage Crash,10/30/2024 07:55:00 AM,NA,NA,"Sideswipe, Same Direction",Clear,Dry,Daylight,No Controls,NONE DETECTED,No,No Apparent Injury,NA,Not Distracted,PA,"Construction Equipment (backhoe, bulldozer, etc.)",Moving Constant Speed,30,No,2016,PETERBILT,365,39.22451937,-77.426485,2024,10,7
240051933,Property Damage Crash,10/30/2024 07:20:00 AM,SHADY GROVE RD (SB/L),NA,Front to Rear,Clear,Dry,Medium,No Controls,NONE DETECTED,No,No Apparent Injury,NA,Not Distracted,MD,Bus - Transit,Slowing or Stopping,45,No,2019,GILLIG,CITY TRANSIT BUS,39.13933267,-77.1528795,2024,10,7
240051933,Property Damage Crash,10/30/2024 07:20:00 AM,SHADY GROVE RD (SB/L),NA,Front to Rear,Clear,Dry,Medium,No Controls,NONE DETECTED,Yes,No Apparent Injury,Too Fast For Conditions,Unknown,MD,Passenger Car,Moving Constant Speed,45,No,2015,BMW,I3,39.13933267,-77.1528795,2024,10,7
240051938,Injury Crash,10/30/2024 07:10:00 AM,NEW HAMPSHIRE AVE,NA,"Sideswipe, Same Direction",Clear,Dry,Daylight,No Controls,NONE DETECTED,Yes,No Apparent Injury,Failed to Yield Right-of-Way,Not Distracted,MD,Passenger Car,Changing Lanes,40,No,2023,CHEVROLET,MALIBU,39.10857704,-76.99718282,2024,10,7
240051938,Injury Crash,10/30/2024 07:10:00 AM,NEW HAMPSHIRE AVE,NA,"Sideswipe, Same Direction",Clear,Dry,Daylight,No Controls,NONE DETECTED,No,Possible Minor Injury,NA,Not Distracted,MD,Passenger Car,Moving Constant Speed,40,No,2014,TOYOTA,CAMRY,39.10857704,-76.99718282,2024,10,7
240051927,Injury Crash,10/30/2024 06:34:00 AM,BRIGHTON DAM RD,NA,Front to Rear,Clear,Dry,Dark,No Controls,NONE DETECTED,No,Possible Minor Injury,NA,Not Distracted,MD,Passenger Car,Slowing or Stopping,40,No,2010,TOYOTA,SIENNA,39.19146148,-77.01738208,2024,10,6
240051927,Injury Crash,10/30/2024 06:34:00 AM,BRIGHTON DAM RD,NA,Front to Rear,Clear,Dry,Dark,No Controls,NONE DETECTED,No,Possible Minor Injury,NA,Not Distracted,MD,Passenger Car,Moving Constant Speed,40,No,2022,VOLKSWAGEN,JETTA GLI,39.19146148,-77.01738208,2024,10,6
240051926,Injury Crash,10/30/2024 06:30:00 AM,GREENCASTLE RD,Pedestrian,Unknown,Clear,Dry,Dark,No Controls,NONE DETECTED,No,NA,NA,NA,NA,Passenger Car,Turning Right,30,No,0,NA,NA,39.08832533,-76.93081733,2024,10,6
240051924,Property Damage Crash,10/30/2024 06:25:00 AM,COLUMBIA PIKE (SB/L),NA,Front to Rear,Clear,Dry,Medium,No Controls,NONE DETECTED,No,No Apparent Injury,NA,Not Distracted,MD,Passenger Car,Slowing or Stopping,45,No,2023,TOYOTA,RAV4,39.0454855,-76.98885567,2024,10,6
240051924,Property Damage Crash,10/30/2024 06:25:00 AM,COLUMBIA PIKE (SB/L),NA,Front to Rear,Clear,Dry,Medium,No Controls,NONE DETECTED,Yes,No Apparent Injury,NA,Not Distracted,MD,Passenger Car,Slowing or Stopping,45,No,2003,TOYOTA,COROLLA,39.0454855,-76.98885567,2024,10,6
240051923,Property Damage Crash,10/30/2024 06:11:00 AM,NA,NA,Front to Rear,Clear,Dry,Dark,No Controls,NONE DETECTED,No,No Apparent Injury,NA,Not Distracted,MD,Passenger Car,Turning Left,35,No,2024,FORD,TRANSIT,39.05178643,-77.18625047,2024,10,6
240051923,Property Damage Crash,10/30/2024 06:11:00 AM,NA,NA,Front to Rear,Clear,Dry,Dark,No Controls,NONE DETECTED,No,No Apparent Injury,NA,Not Distracted,MD,Passenger Car,Moving Constant Speed,35,No,2018,TOYOTA,RAV4,39.05178643,-77.18625047,2024,10,6
240051920,Property Damage Crash,10/30/2024 05:50:00 AM,NA,NA,Angle,Clear,NA,Medium,NA,NONE DETECTED,No,No Apparent Injury,NA,"Other Action (looking away from task, etc.)",MD,Passenger Car,Backing,0,No,2017,TOYOTA,HIGHLANDER,39.06901429,-76.96877908,2024,10,5
240051917,Fatal Crash,10/30/2024 05:24:00 AM,VEIRS MILL RD (WB/L),Pedestrian,Single Vehicle,Clear,Dry,Medium,No Controls,NONE DETECTED,No,No Apparent Injury,NA,Not Distracted,MD,Passenger Car,Moving Constant Speed,45,No,2013,LEXUS,GS,39.06423972,-77.09653569,2024,10,5
240051909,Property Damage Crash,10/30/2024 02:03:00 AM,MIDDLEBROOK RD (WB/L),NA,"Sideswipe, Same Direction",Clear,Dry,Medium,No Controls,NONE DETECTED,No,NA,NA,NA,NA,Passenger Car,Moving Constant Speed,40,No,2008,NISSAN,VERSA,39.17414963,-77.25033067,2024,10,2
240051909,Property Damage Crash,10/30/2024 02:03:00 AM,MIDDLEBROOK RD (WB/L),NA,"Sideswipe, Same Direction",Clear,Dry,Medium,No Controls,NONE DETECTED,No,No Apparent Injury,NA,Not Distracted,MD,Sport Utility Vehicle,Moving Constant Speed,40,No,2022,TOYOTA,HIGHLANDER,39.17414963,-77.25033067,2024,10,2
240051906,Property Damage Crash,10/30/2024 12:30:00 AM,WOODFIELD RD,NA,Single Vehicle,Clear,Dry,Dark,No Controls,NONE DETECTED,No,No Apparent Injury,NA,Not Distracted,MD,Passenger Car,Moving Constant Speed,40,No,2018,FORD,TAURUS,39.23407296,-77.17980033,2024,10,0
240051888,Injury Crash,10/29/2024 08:45:00 PM,CONNECTICUT AVE (SB/L),NA,Rear To Side,Clear,Dry,Medium,Traffic Control Signal,NONE DETECTED,No,Possible Minor Injury,NA,Not Distracted,MD,Passenger Car,Moving Constant Speed,35,No,2017,TOYOTA,CAMRY,39.08375703,-77.07769371,2024,10,20
240051888,Injury Crash,10/29/2024 08:45:00 PM,CONNECTICUT AVE (SB/L),NA,Rear To Side,Clear,Dry,Medium,Traffic Control Signal,NONE DETECTED,No,No Apparent Injury,NA,"Other Action (looking away from task, etc.)",PA,Van - Cargo,Turning Left,35,No,2014,MERCEDES-BENZ,SPRINTER,39.08375703,-77.07769371,2024,10,20
240051876,Property Damage Crash,10/29/2024 07:16:00 PM,GLENPARK DR,Cyclist (non-electric),Single Vehicle,Clear,Dry,Medium,No Controls,NONE DETECTED,No,No Apparent Injury,Other Improper Action,Unknown,MD,Passenger Car,Moving Constant Speed,30,No,2020,HONDA,CIVIC,39.03644446,-77.03823405,2024,10,19
240051851,Injury Crash,10/29/2024 06:50:00 PM,EAST WEST HWY (WB/L),Pedestrian,Single Vehicle,Clear,Dry,Daylight,No Controls,NONE DETECTED,No,Possible Minor Injury,NA,Not Distracted,MD,Passenger Car,Moving Constant Speed,25,No,2008,SUBARU,FORESTER,38.97538836,-76.99333842,2024,10,18
240051856,Property Damage Crash,10/29/2024 05:57:00 PM,NA,NA,Rear To Side,Clear,NA,Daylight,NA,NONE DETECTED,No,No Apparent Injury,NA,Not Distracted,MD,Pickup,Backing,0,No,2019,HONDA,RIDGELINE,39.05461568,-77.04805948,2024,10,17
240051856,Property Damage Crash,10/29/2024 05:57:00 PM,NA,NA,Rear To Side,Clear,NA,Daylight,NA,NONE DETECTED,No,No Apparent Injury,NA,Not Distracted,MD,Passenger Car,Moving Constant Speed,0,No,2007,HONDA,FIT,39.05461568,-77.04805948,2024,10,17
240051858,Property Damage Crash,10/29/2024 04:50:00 PM,NA,NA,Front to Rear,Clear,Dry,Daylight,No Controls,NONE DETECTED,No,No Apparent Injury,NA,Not Distracted,MD,Passenger Car,Slowing or Stopping,35,No,2016,HONDA,CIVIC,39.04143195,-77.16452712,2024,10,16
240051858,Property Damage Crash,10/29/2024 04:50:00 PM,NA,NA,Front to Rear,Clear,Dry,Daylight,No Controls,NONE DETECTED,Yes,No Apparent Injury,NA,Not Distracted,MD,Sport Utility Vehicle,Slowing or Stopping,35,No,2015,JEEP,WRANGLER,39.04143195,-77.16452712,2024,10,16
240051837,Property Damage Crash,10/29/2024 04:12:00 PM,NA,NA,Rear To Side,Clear,NA,Daylight,NA,NONE DETECTED,No,No Apparent Injury,Improper Backing,Not Distracted,MD,Pickup,Backing,0,No,2015,FORD,F-250,39.08308511,-77.14878568,2024,10,16
240051831,Injury Crash,10/29/2024 03:24:00 PM,DEMOCRACY BLVD,NA,Angle,Clear,Dry,Daylight,Traffic Control Signal,NONE DETECTED,No,No Apparent Injury,NA,Unknown,VA,Truck Tractor,Moving Constant Speed,35,No,2024,FREIGHTLINER,CASCADIA,39.02143909,-77.14126587,2024,10,15
240051831,Injury Crash,10/29/2024 03:24:00 PM,DEMOCRACY BLVD,NA,Angle,Clear,Dry,Daylight,Traffic Control Signal,NONE DETECTED,No,Possible Minor Injury,NA,Unknown,WA,Sport Utility Vehicle,Turning Left,35,No,2011,HONDA,CR-V,39.02143909,-77.14126587,2024,10,15
240051831,Injury Crash,10/29/2024 03:24:00 PM,DEMOCRACY BLVD,NA,Angle,Clear,Dry,Daylight,Traffic Control Signal,NONE DETECTED,No,No Apparent Injury,NA,Unknown,CA,Passenger Car,Turning Left,35,No,2013,MERCEDES-BENZ,C-CLASS,39.02143909,-77.14126587,2024,10,15
240051823,Property Damage Crash,10/29/2024 03:00:00 PM,NA,NA,"Sideswipe, Same Direction",Clear,Dry,Daylight,No Controls,NONE DETECTED,No,No Apparent Injury,NA,Not Distracted,MD,Passenger Car,Moving Constant Speed,35,No,1997,FORD,E-350,39.00571486,-77.022494,2024,10,15
240051823,Property Damage Crash,10/29/2024 03:00:00 PM,NA,NA,"Sideswipe, Same Direction",Clear,Dry,Daylight,No Controls,NONE DETECTED,No,No Apparent Injury,NA,Not Distracted,MD,Bus - School,Moving Constant Speed,35,No,2019,THOMAS BUILT,HDX,39.00571486,-77.022494,2024,10,15
240051827,Property Damage Crash,10/29/2024 02:48:00 PM,NA,NA,Single Vehicle,Clear,NA,Daylight,NA,NONE DETECTED,No,No Apparent Injury,NA,Not Distracted,MD,Sport Utility Vehicle,Slowing or Stopping,0,No,2011,TOYOTA,HIGHLANDER,39.15236633,-77.20047444,2024,10,14
240051808,Property Damage Crash,10/29/2024 01:38:00 PM,13TH ST,NA,"Sideswipe, Same Direction",Clear,Dry,Daylight,Traffic Control Signal,NONE DETECTED,No,No Apparent Injury,NA,Not Distracted,MD,Bus - Transit,Moving Constant Speed,35,No,2016,NEW FLYER,XCELSIOR,38.98732021,-77.02674997,2024,10,13
240051808,Property Damage Crash,10/29/2024 01:38:00 PM,13TH ST,NA,"Sideswipe, Same Direction",Clear,Dry,Daylight,Traffic Control Signal,NONE DETECTED,No,No Apparent Injury,NA,Not Distracted,MD,Bus - Transit,Turning Right,35,No,2016,GILLIG,CITY TRANSIT BUS,38.98732021,-77.02674997,2024,10,13
240051809,Property Damage Crash,10/29/2024 01:05:00 PM,NA,NA,"Sideswipe, Same Direction",Clear,NA,Daylight,NA,NONE DETECTED,Yes,No Apparent Injury,"Improper Turn, Over-Correcting/Over-Steering",Not Distracted,MD,Pickup,Accelerating,0,No,2015,TOYOTA,TACOMA,39.28466744,-77.20857528,2024,10,13
240051801,Injury Crash,10/29/2024 12:50:00 PM,CONNECTICUT AVE,NA,Front to Rear,Clear,Dry,Daylight,Pedestrian Crossing Sign,NONE DETECTED,No,No Apparent Injury,NA,Not Distracted,MD,Passenger Car,Slowing or Stopping,25,No,2011,HONDA,CR-V,39.09006199,-77.07138427,2024,10,12
240051801,Injury Crash,10/29/2024 12:50:00 PM,CONNECTICUT AVE,NA,Front to Rear,Clear,Dry,Daylight,Pedestrian Crossing Sign,NONE DETECTED,No,Possible Minor Injury,NA,Not Distracted,MD,Pickup,Slowing or Stopping,25,No,2022,TOYOTA,TACOMA,39.09006199,-77.07138427,2024,10,12
240051801,Injury Crash,10/29/2024 12:50:00 PM,CONNECTICUT AVE,NA,Front to Rear,Clear,Dry,Daylight,Pedestrian Crossing Sign,NONE DETECTED,Yes,No Apparent Injury,NA,Unknown,MD,Passenger Car,Moving Constant Speed,25,No,2012,LEXUS,GX,39.09006199,-77.07138427,2024,10,12
240051787,Property Damage Crash,10/29/2024 11:00:00 AM,WAYFARER RD,NA,Front to Rear,Clear,Dry,Daylight,No Controls,NONE DETECTED,No,No Apparent Injury,NA,Not Distracted,MD,Sport Utility Vehicle,Slowing or Stopping,25,No,2019,VOLKSWAGEN,ATLAS,39.19168851,-77.22462863,2024,10,11
240051787,Property Damage Crash,10/29/2024 11:00:00 AM,WAYFARER RD,NA,Front to Rear,Clear,Dry,Daylight,No Controls,NONE DETECTED,Yes,NA,Followed Too Closely,NA,NA,All-Terrain Vehicle/All-Terrain Cycle (ATV/ATC),Slowing or Stopping,25,No,2008,TOYOTA,SCION XB,39.19168851,-77.22462863,2024,10,11
240051768,Property Damage Crash,10/29/2024 09:57:00 AM,SOUTHLAWN CT,NA,Front to Rear,Clear,Dry,Daylight,No Controls,NONE DETECTED,No,No Apparent Injury,NA,Not Distracted,MD,Other,Backing,15,No,2007,PIERCE MANUFACTURING,DASH,39.10246581,-77.13006366,2024,10,9
240051771,Property Damage Crash,10/29/2024 09:40:00 AM,NA,NA,Other,Clear,NA,Daylight,NA,NONE DETECTED,Yes,No Apparent Injury,Improper Backing,Unknown,MD,Bus - School,Backing,0,No,2021,FREIGHTLINER,B2 BUS CHASSIS,39.06539847,-77.03492209,2024,10,9
240051761,Property Damage Crash,10/29/2024 09:10:00 AM,NA,NA,Other,Clear,Dry,Daylight,No Controls,NONE DETECTED,Yes,No Apparent Injury,Other Improper Action,Not Distracted,MD,Bus - School,Slowing or Stopping,15,No,2015,FREIGHTLINER,B2 BUS CHASSIS,39.1538965,-77.2741675,2024,10,9
240051752,Property Damage Crash,10/29/2024 08:03:00 AM,NA,NA,Angle,Clear,Dry,Daylight,No Controls,NONE DETECTED,No,No Apparent Injury,NA,Not Distracted,CA,Passenger Car,Moving Constant Speed,35,No,2022,TOYOTA,COROLLA,39.003852,-77.1372475,2024,10,8
240051752,Property Damage Crash,10/29/2024 08:03:00 AM,NA,NA,Angle,Clear,Dry,Daylight,Stop Sign,NONE DETECTED,Yes,No Apparent Injury,NA,Not Distracted,FL,Passenger Car,Turning Left,20,No,2025,GENESIS,GV70,39.003852,-77.1372475,2024,10,8
240051749,Injury Crash,10/29/2024 07:41:00 AM,MT EVEREST LA,NA,Front to Rear,Clear,Dry,Daylight,No Controls,NONE DETECTED,No,No Apparent Injury,NA,Not Distracted,MD,Passenger Car,Turning Left,35,No,2021,CHEVROLET,SPARK,39.11352013,-77.05657219,2024,10,7
240051749,Injury Crash,10/29/2024 07:41:00 AM,MT EVEREST LA,NA,Front to Rear,Clear,Dry,Daylight,No Controls,NONE DETECTED,Yes,No Apparent Injury,NA,Not Distracted,MD,Passenger Car,Slowing or Stopping,35,No,2007,TOYOTA,CAMRY,39.11352013,-77.05657219,2024,10,7
240051750,Injury Crash,10/29/2024 07:25:00 AM,AIRPARK RD,NA,Single Vehicle,Clear,Dry,Medium,No Controls,NONE DETECTED,Yes,Possible Minor Injury,NA,Not Distracted,MD,Passenger Car,Negotiating a Curve,45,No,2008,ACURA,TL,39.15344762,-77.14168688,2024,10,7
240051740,Injury Crash,10/29/2024 05:52:00 AM,DENNIS AVE,Unknown,Unknown,Clear,Dry,Dark,Pedestrian Crossing Sign,NONE DETECTED,No,NA,NA,NA,NA,Passenger Car,Turning Left,35,No,0,NA,NA,39.02620942,-77.03540998,2024,10,5
240051728,Injury Crash,10/28/2024 08:53:00 PM,GEORGIA AVE,NA,Rear To Rear,Clear,Dry,Medium,No Controls,NONE DETECTED,No,No Apparent Injury,NA,Not Distracted,DC,Passenger Car,Moving Constant Speed,30,No,2010,FORD,ESCAPE,39.03327667,-77.04884167,2024,10,20
240051728,Injury Crash,10/28/2024 08:53:00 PM,GEORGIA AVE,NA,Rear To Rear,Clear,Dry,Medium,No Controls,NONE DETECTED,No,No Apparent Injury,NA,Not Distracted,MD,Passenger Car,Moving Constant Speed,30,No,2015,CHEVROLET,TAHOE,39.03327667,-77.04884167,2024,10,20