Local Case Number,ACRS Report Type,Crash Date/Time,Road Name,Related Non-Motorist,Collision Type,Weather,Surface Condition,Light,Traffic Control,Driver Substance Abuse,Driver At Fault,Injury Severity,Circumstance,Driver Distracted By,Drivers License State,Vehicle Body Type,Vehicle Movement,Speed Limit,Driverless Vehicle,Vehicle Year,Vehicle Make,Vehicle Model,Latitude,Longitude,Year,Month,Hour
240051718,Property Damage Crash,10/28/2024 07:20:00 PM,FENTON ST,NA,"Sideswipe, Same Direction",Clear,Dry,Medium,Traffic Control Signal,NONE DETECTED,No,No Apparent Injury,NA,Not Distracted,MD,Bus - Transit,Moving Constant Speed,35,No,2015,NEW FLYER,XCELSIOR,38.99752729,-77.02691294,2024,10,19
240051718,Property Damage Crash,10/28/2024 07:20:00 PM,FENTON ST,NA,"Sideswipe, Same Direction",Clear,Dry,Medium,Traffic Control Signal,NONE DETECTED,No,No Apparent Injury,NA,Not Distracted,DC,Passenger Car,Turning Right,35,No,2009,HONDA,CIVIC,38.99752729,-77.02691294,2024,10,19
240051712,Injury Crash,10/28/2024 06:55:00 PM,GEORGIA AVE (SB/L),Pedestrian,Single Vehicle,Clear,Dry,Daylight,Traffic Control Signal,NONE DETECTED,No,No Apparent Injury,NA,Not Distracted,MD,Passenger Car,Moving Constant Speed,35,No,2019,HYUNDAI,KONA,38.99608387,-77.02816178,2024,10,18
240051704,Property Damage Crash,10/28/2024 05:45:00 PM,NA,NA,Front to Rear,Clear,Dry,Medium,No Controls,NONE DETECTED,No,No Apparent Injury,NA,Not Distracted,MD,Passenger Car,Slowing or Stopping,35,No,2008,SATURN,VUE,39.1310775,-77.11993967,2024,10,17
240051704,Property Damage Crash,10/28/2024 05:45:00 PM,NA,NA,Front to Rear,Clear,Dry,Medium,No Controls,NONE DETECTED,Yes,No Apparent Injury,NA,Unknown,NA,Passenger Car,Moving Constant Speed,35,No,2008,HONDA,CIVIC,39.1310775,-77.11993967,2024,10,17
240051704,Property Damage Crash,10/28/2024 05:45:00 PM,NA,NA,Front to Rear,Clear,Dry,Medium,No Controls,NONE DETECTED,No,No Apparent Injury,NA,Not Distracted,MD,Passenger Car,Slowing or Stopping,35,No,2011,AUDI,Q5,39.1310775,-77.11993967,2024,10,17
240051703,Injury Crash,10/28/2024 05:40:00 PM,POWDER MILL RD,NA,"Sideswipe, Same Direction",Clear,Dry,Daylight,No Controls,NONE DETECTED,No,No Apparent Injury,NA,Not Distracted,MD,Passenger Car,Moving Constant Speed,35,No,2011,FORD,FOCUS,39.02522497,-76.96872566,2024,10,17
240051703,Injury Crash,10/28/2024 05:40:00 PM,POWDER MILL RD,NA,"Sideswipe, Same Direction",Clear,Dry,Daylight,No Controls,NONE DETECTED,Yes,No Apparent Injury,NA,Not Distracted,MD,Pickup,Changing Lanes,35,No,2015,TOYOTA,TUNDRA,39.02522497,-76.96872566,2024,10,17
240051698,Injury Crash,10/28/2024 05:15:00 PM,NA,Pedestrian,Single Vehicle,Clear,Dry,Daylight,Traffic Control Signal,NONE DETECTED,Yes,No Apparent Injury,NA,Not Distracted,MD,Passenger Car,Turning Left,35,No,1996,VOLKSWAGEN,JETTA,39.16241975,-77.16574825,2024,10,17
240051687,Injury Crash,10/28/2024 04:30:00 PM,GREENSIDE TERR,NA,"Sideswipe, Same Direction",Clear,Dry,Daylight,No Controls,NONE DETECTED,Yes,No Apparent Injury,NA,Not Distracted,MD,Passenger Car,Changing Lanes,35,No,2019,HONDA,CR-V,39.18078957,-77.20008801,2024,10,16
240051687,Injury Crash,10/28/2024 04:30:00 PM,GREENSIDE TERR,NA,"Sideswipe, Same Direction",Clear,Dry,Daylight,No Controls,NONE DETECTED,No,Possible Minor Injury,NA,Not Distracted,MD,Passenger Car,Moving Constant Speed,35,No,2022,TOYOTA,RAV4,39.18078957,-77.20008801,2024,10,16
240051681,Property Damage Crash,10/28/2024 04:02:00 PM,WOODMONT AVE,NA,Front to Rear,Clear,Dry,Daylight,No Controls,NONE DETECTED,No,No Apparent Injury,NA,Not Distracted,MD,Passenger Car,Slowing or Stopping,35,No,2020,ALFA ROMEO,STELVIO,38.98001823,-77.09217721,2024,10,16
240051681,Property Damage Crash,10/28/2024 04:02:00 PM,WOODMONT AVE,NA,Front to Rear,Clear,Dry,Daylight,No Controls,NONE DETECTED,No,No Apparent Injury,NA,Not Distracted,DC,Passenger Car,Slowing or Stopping,35,No,2014,TOYOTA,PRIUS C,38.98001823,-77.09217721,2024,10,16
240051676,Property Damage Crash,10/28/2024 03:55:00 PM,MONTGOMERY VILLAGE AVE,NA,Front to Rear,Clear,Dry,Daylight,No Controls,NONE DETECTED,No,No Apparent Injury,NA,Not Distracted,NC,Sport Utility Vehicle,Slowing or Stopping,35,No,2017,VOLKSWAGEN,TOUAREG,39.18117667,-77.19989333,2024,10,15
240051676,Property Damage Crash,10/28/2024 03:55:00 PM,MONTGOMERY VILLAGE AVE,NA,Front to Rear,Clear,Dry,Daylight,No Controls,NONE DETECTED,Yes,No Apparent Injury,Followed Too Closely,Not Distracted,MD,Sport Utility Vehicle,Slowing or Stopping,35,No,2008,TOYOTA,SCION XB,39.18117667,-77.19989333,2024,10,15
240051672,Property Damage Crash,10/28/2024 03:30:00 PM,BRENISH DR,NA,Unknown,Clear,Dry,Daylight,No Controls,NONE DETECTED,No,NA,NA,NA,NA,NA,NA,25,No,0,NA,NA,39.17820483,-77.15184483,2024,10,15
240051662,Property Damage Crash,10/28/2024 03:00:00 PM,NA,NA,Front to Rear,Clear,NA,Daylight,NA,NONE DETECTED,Yes,No Apparent Injury,NA,Unknown,MD,Pickup,Backing,0,No,2016,CHEVROLET,SILVERADO,39.02043138,-77.01317986,2024,10,15
240051631,Property Damage Crash,10/28/2024 12:21:00 PM,NA,NA,"Sideswipe, Same Direction",Clear,NA,Daylight,NA,NONE DETECTED,Yes,No Apparent Injury,Other Improper Action,Not Distracted,MD,Single-Unit Truck,Turning Right,0,No,2018,KENWORTH,T4 SERIES,39.1267525,-77.17566412,2024,10,12
240051900,Injury Crash,10/28/2024 11:51:00 AM,RAMP 1 FR IS 270 NB TO MD 118 WB,NA,Single Vehicle,Clear,Dry,Daylight,No Controls,NONE DETECTED,Yes,Possible Minor Injury,NA,Unknown,MD,Passenger Car,Accelerating,25,No,2013,BMW,328I,39.18642115,-77.25562471,2024,10,11
240051617,Injury Crash,10/28/2024 11:50:00 AM,MUDDY BRANCH RD (SB/L),NA,Angle,Clear,Dry,Daylight,No Controls,NONE DETECTED,No,Possible Minor Injury,NA,Not Distracted,MD,Passenger Car,Moving Constant Speed,40,No,2000,TOYOTA,CAMRY,39.11240467,-77.21644053,2024,10,11
240051617,Injury Crash,10/28/2024 11:50:00 AM,MUDDY BRANCH RD (SB/L),NA,Angle,Clear,Dry,Daylight,No Controls,NONE DETECTED,Yes,No Apparent Injury,NA,Not Distracted,MD,Passenger Car,Turning Left,40,No,2021,JEEP,GRAND CHEROKEE,39.11240467,-77.21644053,2024,10,11
240051619,Injury Crash,10/28/2024 11:38:00 AM,CONNECTICUT AVE (SB/L),NA,Angle,Clear,Dry,Daylight,Traffic Control Signal,NONE DETECTED,No,Possible Minor Injury,NA,Unknown,MD,Passenger Car,Accelerating,20,No,2021,MITSUBISHI,OUTLANDER SPORT,39.06318896,-77.07393087,2024,10,11
240051619,Injury Crash,10/28/2024 11:38:00 AM,CONNECTICUT AVE (SB/L),NA,Angle,Clear,Dry,Daylight,Traffic Control Signal,NONE DETECTED,No,No Apparent Injury,NA,Unknown,MD,Passenger Car,Moving Constant Speed,35,No,2017,SUBARU,OUTBACK,39.06318896,-77.07393087,2024,10,11
240051635,Property Damage Crash,10/28/2024 11:32:00 AM,WOODFIELD RD (SB/L),NA,Angle,Clear,Dry,Daylight,Traffic Control Signal,NONE DETECTED,Yes,No Apparent Injury,NA,Not Distracted,DC,Passenger Car,Moving Constant Speed,40,No,2023,TOYOTA,RAV4,39.15902008,-77.16035707,2024,10,11
240051635,Property Damage Crash,10/28/2024 11:32:00 AM,WOODFIELD RD (SB/L),NA,Angle,Clear,Dry,Daylight,Traffic Control Signal,NONE DETECTED,Yes,No Apparent Injury,NA,Not Distracted,MD,Passenger Car,Moving Constant Speed,35,No,2019,HYUNDAI,KONA,39.15902008,-77.16035707,2024,10,11
240051624,Property Damage Crash,10/28/2024 11:24:00 AM,GEORGIA AVE (SB/L),NA,Front to Rear,Clear,Dry,Daylight,No Controls,NONE DETECTED,No,No Apparent Injury,NA,Unknown,MD,Passenger Car,Slowing or Stopping,30,No,2018,LAND ROVER,RANGE ROVER EVOQUE,39.02725518,-77.04684333,2024,10,11
240051624,Property Damage Crash,10/28/2024 11:24:00 AM,GEORGIA AVE (SB/L),NA,Front to Rear,Clear,Dry,Daylight,No Controls,NONE DETECTED,No,No Apparent Injury,NA,Not Distracted,DC,Passenger Car,Stopped in Traffic,30,No,2015,CHEVROLET,TAHOE,39.02725518,-77.04684333,2024,10,11
240051611,Injury Crash,10/28/2024 10:57:00 AM,QUINCE ORCHARD RD,NA,Front to Rear,Clear,Dry,Daylight,Traffic Control Signal,NONE DETECTED,No,No Apparent Injury,NA,Not Distracted,MD,Passenger Car,Slowing or Stopping,35,No,2011,NISSAN,PATHFINDER,39.14257559,-77.22115471,2024,10,10
240051611,Injury Crash,10/28/2024 10:57:00 AM,QUINCE ORCHARD RD,NA,Front to Rear,Clear,Dry,Daylight,Traffic Control Signal,NONE DETECTED,No,No Apparent Injury,NA,Not Distracted,MD,Passenger Car,Slowing or Stopping,35,No,2023,NISSAN,ALTIMA,39.14257559,-77.22115471,2024,10,10
240051607,Property Damage Crash,10/28/2024 10:27:00 AM,TOURMALINE CT,NA,Rear To Side,Clear,Dry,Daylight,Stop Sign,NONE DETECTED,Yes,No Apparent Injury,"Failed to Yield Right-of-Way, Improper Turn",Not Distracted,MD,Sport Utility Vehicle,Turning Left,30,No,2024,TOYOTA,COROLLA CROSS,39.06578007,-76.97363241,2024,10,10
240051607,Property Damage Crash,10/28/2024 10:27:00 AM,TOURMALINE CT,NA,Rear To Side,Clear,Dry,Daylight,Stop Sign,NONE DETECTED,No,No Apparent Injury,NA,Not Distracted,MD,Pickup,Moving Constant Speed,30,No,2004,FORD,F-150,39.06578007,-76.97363241,2024,10,10
240052244,Property Damage Crash,10/28/2024 10:00:00 AM,BLUERIDGE AVE,NA,Single Vehicle,Clear,Dry,Daylight,No Controls,NONE DETECTED,No,NA,NA,NA,NA,NA,NA,20,No,0,NA,NA,39.04301892,-77.05100016,2024,10,10
240051598,Property Damage Crash,10/28/2024 10:00:00 AM,HUNGERFORD DR (SB/L),NA,Other,Clear,Dry,Daylight,No Controls,NONE DETECTED,No,No Apparent Injury,"Disregarded Other Road Markings, Disregarded Other Traffic Sign, Failed to Yield Right-of-Way, Operated Motor Vehicle in Inattentive, Careless, Negligent, or Erratic Manner, Operated Motor Vehicle in Reckless or Aggressive Manner, Other Improper Action, Too Fast For Conditions, Wrong Side, Wrong Way",Unknown,NA,Passenger Car,NA,35,No,0,NA,NA,39.10355338,-77.15614663,2024,10,10
240051598,Property Damage Crash,10/28/2024 10:00:00 AM,HUNGERFORD DR (SB/L),NA,Other,Clear,Dry,Daylight,No Controls,NONE DETECTED,No,No Apparent Injury,NA,Not Distracted,MD,Passenger Car,Moving Constant Speed,35,No,2023,KIA,SPORTAGE,39.10355338,-77.15614663,2024,10,10
240051598,Property Damage Crash,10/28/2024 10:00:00 AM,HUNGERFORD DR (SB/L),NA,Other,Clear,Dry,Daylight,No Controls,NONE DETECTED,No,No Apparent Injury,NA,Not Distracted,MD,Passenger Car,Moving Constant Speed,35,No,2015,HYUNDAI,SONATA,39.10355338,-77.15614663,2024,10,10
240051593,Injury Crash,10/28/2024 08:45:00 AM,NA,NA,Front to Rear,Clear,Dry,Daylight,No Controls,NONE DETECTED,No,Possible Minor Injury,NA,Not Distracted,MD,Van - Cargo,Slowing or Stopping,40,No,2012,FORD,E-350,39.15552027,-77.37085328,2024,10,8
240051593,Injury Crash,10/28/2024 08:45:00 AM,NA,NA,Front to Rear,Clear,Dry,Daylight,No Controls,NONE DETECTED,No,Possible Minor Injury,NA,Not Distracted,MD,Passenger Car,Slowing or Stopping,40,No,2000,HONDA,ACCORD,39.15552027,-77.37085328,2024,10,8
240051588,Injury Crash,10/28/2024 08:08:00 AM,CALVERTON BLVD,NA,Front to Rear,Clear,Dry,Daylight,No Controls,NONE DETECTED,Yes,No Apparent Injury,NA,Unknown,MD,Passenger Car,Moving Constant Speed,30,No,2017,HONDA,CIVIC,39.05692667,-76.94916333,2024,10,8
240051588,Injury Crash,10/28/2024 08:08:00 AM,CALVERTON BLVD,NA,Front to Rear,Clear,Dry,Daylight,No Controls,NONE DETECTED,No,Possible Minor Injury,NA,Not Distracted,MD,Passenger Car,Slowing or Stopping,30,No,2021,TOYOTA,HIGHLANDER,39.05692667,-76.94916333,2024,10,8
240051595,Injury Crash,10/28/2024 07:30:00 AM,THUNDERHEAD WAY,Pedestrian,Rear To Side,Clear,Dry,Daylight,No Controls,NONE DETECTED,Yes,No Apparent Injury,NA,Not Distracted,DC,Passenger Car,Slowing or Stopping,10,No,2008,BMW,128I,39.18915951,-77.27041344,2024,10,7
240051595,Injury Crash,10/28/2024 07:30:00 AM,THUNDERHEAD WAY,Pedestrian,Rear To Side,Clear,Dry,Daylight,No Controls,NONE DETECTED,Yes,No Apparent Injury,NA,Unknown,MD,Other Trucks,Backing,10,No,2025,BTL,LET2CC,39.18915951,-77.27041344,2024,10,7
240051581,Injury Crash,10/28/2024 06:47:00 AM,WATERS RD,NA,Angle,Clear,Dry,Daylight,Stop Sign,NONE DETECTED,Yes,No Apparent Injury,Failed to Yield Right-of-Way,Unknown,MD,Passenger Car,Turning Left,30,No,2019,HONDA,CIVIC,39.17846725,-77.27248561,2024,10,6
240051581,Injury Crash,10/28/2024 06:47:00 AM,WATERS RD,NA,Angle,Clear,Dry,Daylight,No Controls,NONE DETECTED,No,No Apparent Injury,NA,Not Distracted,MD,Sport Utility Vehicle,Moving Constant Speed,30,No,2013,FORD,EXPLORER,39.17846725,-77.27248561,2024,10,6
240051580,Injury Crash,10/28/2024 06:27:00 AM,SPENCERVILLE RD,NA,Front to Rear,Clear,Dry,Dark,No Controls,NONE DETECTED,Yes,Possible Minor Injury,Followed Too Closely,Unknown,MD,Passenger Car,Moving Constant Speed,40,No,2013,NISSAN,ALTIMA,39.11157156,-76.95255821,2024,10,6
240051580,Injury Crash,10/28/2024 06:27:00 AM,SPENCERVILLE RD,NA,Front to Rear,Clear,Dry,Dark,No Controls,NONE DETECTED,No,Possible Minor Injury,NA,Not Distracted,MD,Passenger Car,Slowing or Stopping,40,No,2019,MERCEDES-BENZ,C-CLASS,39.11157156,-76.95255821,2024,10,6
240052492,Property Damage Crash,10/28/2024 06:00:00 AM,NA,NA,Rear To Rear,Clear,NA,Medium,NA,NONE DETECTED,No,No Apparent Injury,NA,Not Distracted,MD,Sport Utility Vehicle,Backing,0,No,2023,TESLA,MODEL Y,39.09210595,-77.1600488,2024,10,6
240052492,Property Damage Crash,10/28/2024 06:00:00 AM,NA,NA,Rear To Rear,Clear,NA,Medium,NA,NONE DETECTED,No,NA,NA,NA,NA,Sport Utility Vehicle,Backing,0,No,2024,TESLA,MODEL Y,39.09210595,-77.1600488,2024,10,6
240051587,Injury Crash,10/28/2024 05:15:00 AM,NEW HAMPSHIRE AVE (SB/L),Pedestrian,Single Vehicle,Clear,Dry,Dark,Pedestrian Crossing Sign,NONE DETECTED,No,NA,"Disregarded Other Traffic Sign, Other Improper Action",NA,NA,NA,Moving Constant Speed,35,No,0,NA,NA,39.05521092,-76.9955291,2024,10,5
240051574,Property Damage Crash,10/28/2024 04:25:00 AM,HEATHFIELD RD,NA,Front to Rear,Clear,Dry,Medium,No Controls,NONE DETECTED,No,No Apparent Injury,NA,"Other Action (looking away from task, etc.)",MD,Passenger Car,Accelerating,25,No,2023,TOYOTA,CAMRY,39.08561962,-77.08353745,2024,10,4
240051564,Injury Crash,10/27/2024 11:49:00 PM,NA,Pedestrian,Single Vehicle,Clear,NA,Medium,NA,ALCOHOL PRESENT,Yes,No Apparent Injury,"Operated Motor Vehicle in Inattentive, Careless, Negligent, or Erratic Manner, Operated Motor Vehicle in Reckless or Aggressive Manner",Unknown,MD,Passenger Car,Accelerating,0,No,2012,NISSAN,SENTRA,39.15592665,-77.21824437,2024,10,23
240051559,Injury Crash,10/27/2024 11:18:00 PM,GEORGIA AVE (SB/L),NA,Angle,Clear,Dry,Medium,No Controls,NONE DETECTED,Yes,Suspected Serious Injury,NA,Not Distracted,NA,Passenger Car,Moving Constant Speed,35,No,2007,FORD,ESCAPE,39.07247932,-77.06515316,2024,10,23
240051546,Property Damage Crash,10/27/2024 09:10:00 PM,DEXTER AVE,NA,Angle,Clear,Dry,Medium,No Controls,NONE DETECTED,Yes,No Apparent Injury,NA,"Other Action (looking away from task, etc.)",MD,Passenger Car,Moving Constant Speed,15,No,2015,TOYOTA,COROLLA,39.02211855,-77.0485871,2024,10,21
240051537,Property Damage Crash,10/27/2024 08:20:00 PM,NORBECK RD (WB/L),NA,Front to Rear,Clear,Dry,Dark,Yield Sign,NONE DETECTED,Yes,No Apparent Injury,"Failed to Yield Right-of-Way, Improper Passing, Operated Motor Vehicle in Inattentive, Careless, Negligent, or Erratic Manner, Operated Motor Vehicle in Reckless or Aggressive Manner, Too Fast For Conditions",Unknown,MD,Sport Utility Vehicle,Moving Constant Speed,40,No,2019,TOYOTA,AVALON,39.10955738,-77.07581062,2024,10,20
240051537,Property Damage Crash,10/27/2024 08:20:00 PM,NORBECK RD (WB/L),NA,Front to Rear,Clear,Dry,Dark,Yield Sign,NONE DETECTED,No,No Apparent Injury,NA,Not Distracted,MD,Passenger Car,Entering Traffic Lane,40,No,2023,TESLA,MODEL 3,39.10955738,-77.07581062,2024,10,20
240051535,Property Damage Crash,10/27/2024 07:45:00 PM,VEIRS MILL RD,NA,Front to Rear,Clear,Dry,Medium,No Controls,NONE DETECTED,No,No Apparent Injury,NA,Not Distracted,MD,Passenger Car,Slowing or Stopping,35,No,2022,TOYOTA,COROLLA,39.05653558,-77.0833334,2024,10,19
240051535,Property Damage Crash,10/27/2024 07:45:00 PM,VEIRS MILL RD,NA,Front to Rear,Clear,Dry,Medium,No Controls,ALCOHOL PRESENT,Yes,No Apparent Injury,NA,Unknown,MD,Passenger Car,NA,35,No,2013,SUBARU,LEGACY,39.05653558,-77.0833334,2024,10,19
240051533,Property Damage Crash,10/27/2024 07:24:00 PM,NA,NA,Single Vehicle,Clear,NA,Medium,NA,NONE DETECTED,No,No Apparent Injury,NA,Not Distracted,TX,Sport Utility Vehicle,Accelerating,0,No,2019,JEEP,GRAND CHEROKEE,38.99026583,-77.02347907,2024,10,19
240051529,Injury Crash,10/27/2024 06:43:00 PM,SANGAMORE RD,NA,Front to Front,Clear,Dry,Medium,Stop Sign,NONE DETECTED,No,No Apparent Injury,NA,Not Distracted,MD,Passenger Car,Stopped in Traffic,35,No,2018,HONDA,FIT,38.95044719,-77.1203829,2024,10,18
240051529,Injury Crash,10/27/2024 06:43:00 PM,SANGAMORE RD,NA,Front to Front,Clear,Dry,Medium,Stop Sign,NONE DETECTED,Yes,No Apparent Injury,NA,Talking/listening,MD,Passenger Car,Turning Left,35,No,2015,MASERATI,QUATTROPORTE,38.95044719,-77.1203829,2024,10,18
240051510,Injury Crash,10/27/2024 04:48:00 PM,SILVER SPRING AVE,NA,Angle,Clear,Dry,Daylight,No Controls,NONE DETECTED,No,Possible Minor Injury,NA,Not Distracted,MD,Passenger Car,Moving Constant Speed,20,No,2008,BMW,Z4,38.991663869999996,-77.02567109,2024,10,16
240051510,Injury Crash,10/27/2024 04:48:00 PM,SILVER SPRING AVE,NA,Angle,Clear,Dry,Daylight,No Controls,NONE DETECTED,Yes,No Apparent Injury,NA,Not Distracted,MD,Passenger Car,Entering Traffic Lane,20,No,2017,LEXUS,RX,38.991663869999996,-77.02567109,2024,10,16
240051509,Injury Crash,10/27/2024 04:37:00 PM,ROSEMARY ST,Pedestrian,Single Vehicle,Clear,Dry,Daylight,Pedestrian Crossing,NONE DETECTED,No,No Apparent Injury,NA,Unknown,MD,Sport Utility Vehicle,Turning Right,15,No,2007,HONDA,PILOT,38.97794319,-77.08102483,2024,10,16
240051508,Property Damage Crash,10/27/2024 04:37:00 PM,DOMER AVE,NA,"Sideswipe, Opposite Direction",Clear,Dry,Daylight,Stop Sign,ALCOHOL PRESENT,Yes,No Apparent Injury,Failed to Keep in Proper Lane,Unknown,MD,Passenger Car,Accelerating,25,No,2022,JEEP,COMPASS,38.99667254,-77.00246453,2024,10,16
240051508,Property Damage Crash,10/27/2024 04:37:00 PM,DOMER AVE,NA,"Sideswipe, Opposite Direction",Clear,Dry,Daylight,Stop Sign,NONE DETECTED,No,No Apparent Injury,NA,Not Distracted,MD,Passenger Car,Accelerating,25,No,2007,NISSAN,ALTIMA,38.99667254,-77.00246453,2024,10,16
240051502,Injury Crash,10/27/2024 04:05:00 PM,BRIGGS CHANEY RD,Pedestrian,Single Vehicle,Clear,Dry,Daylight,No Controls,NONE DETECTED,No,No Apparent Injury,NA,Not Distracted,MD,Passenger Car,Moving Constant Speed,45,No,2010,TOYOTA,PRIUS,39.06955067,-76.93741483,2024,10,16
240051499,Injury Crash,10/27/2024 04:00:00 PM,NA,Pedestrian,Single Vehicle,Clear,NA,Daylight,NA,NONE DETECTED,Yes,No Apparent Injury,"Failed to Yield Right-of-Way, Operated Motor Vehicle in Inattentive, Careless, Negligent, or Erratic Manner",Unknown,MD,Passenger Car,Turning Left,0,No,2007,LEXUS,RX,39.09734302,-77.15831097,2024,10,16
240051503,Property Damage Crash,10/27/2024 03:53:00 PM,RIDGE RD,NA,Front to Rear,Clear,Dry,Daylight,No Controls,NONE DETECTED,No,No Apparent Injury,NA,Not Distracted,VA,Passenger Car,Slowing or Stopping,45,No,2013,HYUNDAI,ELANTRA,39.19798667,-77.26311,2024,10,15
240051503,Property Damage Crash,10/27/2024 03:53:00 PM,RIDGE RD,NA,Front to Rear,Clear,Dry,Daylight,No Controls,NONE DETECTED,Yes,No Apparent Injury,"Followed Too Closely, Operated Motor Vehicle in Inattentive, Careless, Negligent, or Erratic Manner, Operated Motor Vehicle in Reckless or Aggressive Manner, Other Improper Action, Too Fast For Conditions",Unknown,MD,Passenger Car,NA,45,No,2010,HONDA,ACCORD,39.19798667,-77.26311,2024,10,15
240051503,Property Damage Crash,10/27/2024 03:53:00 PM,RIDGE RD,NA,Front to Rear,Clear,Dry,Daylight,No Controls,NONE DETECTED,No,No Apparent Injury,NA,Not Distracted,MD,Sport Utility Vehicle,Slowing or Stopping,45,No,2022,LEXUS,UNKNOWN,39.19798667,-77.26311,2024,10,15
240051477,Property Damage Crash,10/27/2024 01:35:00 PM,MUDDY BRANCH RD (SB/L),NA,Angle,Clear,Dry,Daylight,Stop Sign,NONE DETECTED,Yes,No Apparent Injury,NA,Not Distracted,MD,Passenger Car,Turning Left,15,No,2010,KIA,FORTE,39.11245567,-77.21651567,2024,10,13
240051477,Property Damage Crash,10/27/2024 01:35:00 PM,MUDDY BRANCH RD (SB/L),NA,Angle,Clear,Dry,Daylight,No Controls,NONE DETECTED,No,No Apparent Injury,NA,Not Distracted,MD,Passenger Car,Moving Constant Speed,40,No,2017,TOYOTA,PRIUS V,39.11245567,-77.21651567,2024,10,13
240051455,Injury Crash,10/27/2024 11:15:00 AM,MERRIMAC DR,NA,Angle,Clear,Dry,Daylight,No Controls,NONE DETECTED,Yes,No Apparent Injury,NA,Unknown,MD,Sport Utility Vehicle,Accelerating,30,No,2021,HONDA,PILOT,38.99273358,-76.99144372,2024,10,11
240051455,Injury Crash,10/27/2024 11:15:00 AM,MERRIMAC DR,NA,Angle,Clear,Dry,Daylight,No Controls,NONE DETECTED,No,No Apparent Injury,NA,Not Distracted,MD,Passenger Car,Moving Constant Speed,40,No,2017,NISSAN,ALTIMA,38.99273358,-76.99144372,2024,10,11
240051941,Property Damage Crash,10/27/2024 10:00:00 AM,ELMER SCHOOL RD,NA,Single Vehicle,Clear,Dry,Daylight,No Controls,NONE DETECTED,No,No Apparent Injury,NA,Not Distracted,MD,Sport Utility Vehicle,Moving Constant Speed,35,No,2013,CHEVROLET,SUBURBAN,39.15180928,-77.48425432,2024,10,10
240051431,Property Damage Crash,10/27/2024 05:40:00 AM,PARKLAND DR,NA,Angle,Clear,Dry,Medium,No Controls,NONE DETECTED,Yes,No Apparent Injury,NA,Not Distracted,NA,Passenger Car,Moving Constant Speed,25,No,2021,TOYOTA,CAMRY,39.07366017,-77.08704827,2024,10,5
240051422,Property Damage Crash,10/27/2024 03:26:00 AM,NA,NA,Front to Rear,Clear,Dry,Medium,"Person (including flagger, law enforcement, crossing guard, etc.",ALCOHOL PRESENT,Yes,No Apparent Injury,NA,Unknown,MD,Passenger Car,Moving Constant Speed,35,No,2001,HONDA,CIVIC,38.98476036,-76.98817633,2024,10,3
240051424,Injury Crash,10/27/2024 03:08:00 AM,NEW HAMPSHIRE AVE SERV RD,NA,Single Vehicle,Clear,Dry,Medium,No Controls,NONE DETECTED,No,Possible Minor Injury,NA,Unknown,MD,Passenger Car,Moving Constant Speed,35,No,2015,HONDA,CIVIC,38.98465331,-76.9883782,2024,10,3
240053367,Property Damage Crash,10/26/2024 11:49:00 PM,HUNTINGTON PKWY,NA,"Sideswipe, Same Direction",Clear,Dry,Medium,No Controls,NONE DETECTED,No,No Apparent Injury,NA,Not Distracted,MD,Passenger Car,NA,25,No,2011,MERCEDES-BENZ,M-CLASS,38.9928592,-77.10812277,2024,10,23
240053367,Property Damage Crash,10/26/2024 11:49:00 PM,HUNTINGTON PKWY,NA,"Sideswipe, Same Direction",Clear,Dry,Medium,No Controls,NONE DETECTED,Yes,No Apparent Injury,NA,Unknown,VA,Pickup,NA,25,No,2019,FORD,F-150,38.9928592,-77.10812277,2024,10,23
240051398,Property Damage Crash,10/26/2024 11:40:00 PM,NEW HAMPSHIRE AVE,NA,"Sideswipe, Same Direction",Clear,Dry,Medium,Traffic Control Signal,NONE DETECTED,No,No Apparent Injury,NA,Not Distracted,MD,Van - Passenger (&lt;9 Seats),Moving Constant Speed,35,No,2017,KIA,SEDONA,39.00681175,-76.98014639,2024,10,23