Local Case Number,ACRS Report Type,Crash Date/Time,Road Name,Related Non-Motorist,Collision Type,Weather,Surface Condition,Light,Traffic Control,Driver Substance Abuse,Driver At Fault,Injury Severity,Circumstance,Driver Distracted By,Drivers License State,Vehicle Body Type,Vehicle Movement,Speed Limit,Driverless Vehicle,Vehicle Year,Vehicle Make,Vehicle Model,Latitude,Longitude,Year,Month,Hour
240051398,Property Damage Crash,10/26/2024 11:40:00 PM,NEW HAMPSHIRE AVE,NA,"Sideswipe, Same Direction",Clear,Dry,Medium,Traffic Control Signal,NONE DETECTED,No,NA,NA,NA,NA,Passenger Car,Moving Constant Speed,35,No,2007,HONDA,CIVIC,39.00681175,-76.98014639,2024,10,23
240051399,Property Damage Crash,10/26/2024 11:23:00 PM,DILSTON RD,NA,"Sideswipe, Same Direction",Clear,Dry,Medium,No Controls,ALCOHOL PRESENT,Yes,No Apparent Injury,NA,Unknown,MD,Passenger Car,Moving Constant Speed,25,No,2012,INFINITI,G37,39.01493426,-76.98481058,2024,10,23
240051396,Property Damage Crash,10/26/2024 09:30:00 PM,ROANOKE AVE,NA,Front to Front,Clear,Dry,Medium,No Controls,NONE DETECTED,No,NA,NA,NA,NA,Passenger Car,Turning Left,25,No,2015,CHEVROLET,EQUINOX,38.9924496,-77.00407433,2024,10,21
240051396,Property Damage Crash,10/26/2024 09:30:00 PM,ROANOKE AVE,NA,Front to Front,Clear,Dry,Medium,No Controls,NONE DETECTED,No,No Apparent Injury,NA,Not Distracted,MD,Passenger Car,Turning Right,25,No,2009,HONDA,ACCORD,38.9924496,-77.00407433,2024,10,21
240051385,Injury Crash,10/26/2024 08:57:00 PM,CAMERON ST,Pedestrian,Single Vehicle,Clear,Dry,Medium,Traffic Control Signal,NONE DETECTED,Yes,No Apparent Injury,Failed to Yield Right-of-Way,"Other Action (looking away from task, etc.)",VA,Passenger Car,Turning Left,35,No,2009,FORD,E-350,38.99765943,-77.02967678,2024,10,20
240051383,Injury Crash,10/26/2024 08:46:00 PM,RUSSELL AVE (SB/L),NA,Front to Front,Clear,Dry,Medium,Traffic Control Signal,NONE DETECTED,No,Possible Minor Injury,NA,Not Distracted,MD,Sport Utility Vehicle,Moving Constant Speed,35,No,2018,TOYOTA,RAV4,39.15436067,-77.2093465,2024,10,20
240051383,Injury Crash,10/26/2024 08:46:00 PM,RUSSELL AVE (SB/L),NA,Front to Front,Clear,Dry,Medium,Traffic Control Signal,NONE DETECTED,Yes,No Apparent Injury,Failed to Yield Right-of-Way,Not Distracted,MD,Passenger Car,Turning Left,35,No,2001,HONDA,CIVIC,39.15436067,-77.2093465,2024,10,20
240015378,Injury Crash,10/26/2024 08:15:00 PM,NA,NA,Rear To Side,Clear,Dry,Dark,Stop Sign,NONE DETECTED,No,No Apparent Injury,NA,Not Distracted,MD,Passenger Car,Moving Constant Speed,40,No,2008,TOYOTA,AVALON,39.21776913,-77.25479566,2024,10,20
240015378,Injury Crash,10/26/2024 08:15:00 PM,NA,NA,Rear To Side,Clear,Dry,Dark,Stop Sign,NONE DETECTED,Yes,No Apparent Injury,"Failed to Yield Right-of-Way, Improper Turn",Unknown,MD,Passenger Car,Turning Left,40,No,2006,LEXUS,RX,39.21776913,-77.25479566,2024,10,20
240051386,Property Damage Crash,10/26/2024 08:00:00 PM,NA,NA,Rear To Rear,Clear,NA,Medium,NA,NONE DETECTED,No,NA,NA,NA,NA,Passenger Car,Parked,0,No,2021,TESLA,MODEL 3,39.07868962,-77.07981329,2024,10,20
240051386,Property Damage Crash,10/26/2024 08:00:00 PM,NA,NA,Rear To Rear,Clear,NA,Medium,NA,NONE DETECTED,Yes,NA,NA,NA,NA,Passenger Car,Backing,0,No,2005,INFINITI,FX45,39.07868962,-77.07981329,2024,10,20
240051371,Injury Crash,10/26/2024 07:12:00 PM,NEWPORT MILL RD,NA,Rear To Side,Clear,Dry,Medium,Traffic Control Signal,NONE DETECTED,No,No Apparent Injury,NA,Unknown,NA,Passenger Car,Moving Constant Speed,35,No,2004,HONDA,PILOT,39.04516267,-77.06503017,2024,10,19
240051371,Injury Crash,10/26/2024 07:12:00 PM,NEWPORT MILL RD,NA,Rear To Side,Clear,Dry,Medium,Traffic Control Signal,NONE DETECTED,Yes,Possible Minor Injury,Failed to Yield Right-of-Way,Unknown,MD,Passenger Car,Turning Left,35,No,2015,CHEVROLET,CRUZE,39.04516267,-77.06503017,2024,10,19
240051372,Property Damage Crash,10/26/2024 07:12:00 PM,LOCKWOOD DR,NA,Angle,Clear,Dry,Medium,Stop Sign,NONE DETECTED,Yes,No Apparent Injury,NA,Not Distracted,FL,Passenger Car,Moving Constant Speed,30,No,2005,LEXUS,ES,39.0411251,-76.98712295,2024,10,19
240051372,Property Damage Crash,10/26/2024 07:12:00 PM,LOCKWOOD DR,NA,Angle,Clear,Dry,Medium,Stop Sign,NONE DETECTED,No,No Apparent Injury,NA,Not Distracted,MD,Sport Utility Vehicle,Moving Constant Speed,30,No,2025,HONDA,CR-V,39.0411251,-76.98712295,2024,10,19
240051373,Property Damage Crash,10/26/2024 07:06:00 PM,RIVER RD (WB/L),NA,Front to Rear,Clear,Dry,Medium,School Zone,NONE DETECTED,No,No Apparent Injury,NA,Not Distracted,MD,Sport Utility Vehicle,Slowing or Stopping,30,No,2021,INFINITI,QX80,38.98967966,-77.15054282,2024,10,19
240051373,Property Damage Crash,10/26/2024 07:06:00 PM,RIVER RD (WB/L),NA,Front to Rear,Clear,Dry,Medium,School Zone,NONE DETECTED,No,No Apparent Injury,NA,Not Distracted,MD,Van - Cargo,Slowing or Stopping,30,No,2018,RAM,PROMASTER 2500,38.98967966,-77.15054282,2024,10,19
240051366,Property Damage Crash,10/26/2024 06:52:00 PM,NORBECK RD,NA,Angle,Clear,Dry,Medium,Traffic Control Signal,NONE DETECTED,No,No Apparent Injury,NA,Not Distracted,MD,Pickup,Moving Constant Speed,40,No,2005,CHEVROLET,COLORADO,39.12043933,-77.034146,2024,10,18
240051366,Property Damage Crash,10/26/2024 06:52:00 PM,NORBECK RD,NA,Angle,Clear,Dry,Medium,Traffic Control Signal,NONE DETECTED,Yes,No Apparent Injury,NA,Unknown,MD,Sport Utility Vehicle,Turning Left,40,No,2015,CHEVROLET,EQUINOX,39.12043933,-77.034146,2024,10,18
240051364,Injury Crash,10/26/2024 06:45:00 PM,GEORGIA AVE,NA,Front to Rear,Clear,Dry,Dark,No Controls,NONE DETECTED,No,Possible Minor Injury,NA,Not Distracted,MD,Passenger Car,Stopped in Traffic,35,No,2021,SUBARU,CROSSTREK,39.07087026,-77.06322543,2024,10,18
240051364,Injury Crash,10/26/2024 06:45:00 PM,GEORGIA AVE,NA,Front to Rear,Clear,Dry,Dark,No Controls,ALCOHOL PRESENT,Yes,No Apparent Injury,"Followed Too Closely, Too Fast For Conditions",Unknown,FL,Pickup,Moving Constant Speed,35,No,2021,RAM,1500,39.07087026,-77.06322543,2024,10,18
240051539,Injury Crash,10/26/2024 06:23:00 PM,NA,NA,Front to Rear,Clear,Dry,Medium,Traffic Control Signal,NONE DETECTED,Yes,No Apparent Injury,NA,"Other Action (looking away from task, etc.)",MD,Passenger Car,Accelerating,30,No,2017,HYUNDAI,SONATA,38.99613764,-77.0279459,2024,10,18
240051539,Injury Crash,10/26/2024 06:23:00 PM,NA,NA,Front to Rear,Clear,Dry,Medium,Traffic Control Signal,NONE DETECTED,No,Possible Minor Injury,NA,Not Distracted,MD,Passenger Car,Stopped in Traffic,30,No,2019,TOYOTA,RAV4,38.99613764,-77.0279459,2024,10,18
240051358,Property Damage Crash,10/26/2024 05:30:00 PM,NA,NA,Other,Clear,NA,Daylight,NA,NONE DETECTED,No,NA,NA,NA,NA,Sport Utility Vehicle,Moving Constant Speed,0,No,2012,NISSAN,ARMADA,39.15073667,-77.21346867,2024,10,17
240051341,Property Damage Crash,10/26/2024 04:15:00 PM,NEW HAMPSHIRE AVE,NA,"Sideswipe, Same Direction",Clear,Dry,Daylight,No Controls,NONE DETECTED,No,NA,NA,NA,NA,Pickup,Moving Constant Speed,35,No,0,NA,NA,38.98627777,-76.98796004,2024,10,16
240051341,Property Damage Crash,10/26/2024 04:15:00 PM,NEW HAMPSHIRE AVE,NA,"Sideswipe, Same Direction",Clear,Dry,Daylight,No Controls,NONE DETECTED,No,No Apparent Injury,NA,Not Distracted,MD,Bus - Transit,Slowing or Stopping,35,No,2016,GILLIG,LOW FLOOR BUS,38.98627777,-76.98796004,2024,10,16
240051338,Property Damage Crash,10/26/2024 03:54:00 PM,RIDGE RD,NA,"Sideswipe, Same Direction",Clear,Dry,Daylight,No Controls,NONE DETECTED,Yes,NA,NA,NA,NA,NA,Overtaking/Passing,40,No,0,NA,NA,39.26450948,-77.21864663,2024,10,15
240051338,Property Damage Crash,10/26/2024 03:54:00 PM,RIDGE RD,NA,"Sideswipe, Same Direction",Clear,Dry,Daylight,No Controls,NONE DETECTED,No,No Apparent Injury,NA,Not Distracted,NY,Passenger Car,Overtaking/Passing,40,No,2024,VOLKSWAGEN,TIGUAN,39.26450948,-77.21864663,2024,10,15
240051326,Property Damage Crash,10/26/2024 03:22:00 PM,RANDOLPH RD,NA,Angle,Clear,Dry,Daylight,Stop Sign,NONE DETECTED,No,No Apparent Injury,"Failed to Yield Right-of-Way, Ran Stop Sign",Unknown,MD,Passenger Car,Turning Left,40,No,2012,MAZDA,MAZDA3,39.07465179,-77.00499767,2024,10,15
240051326,Property Damage Crash,10/26/2024 03:22:00 PM,RANDOLPH RD,NA,Angle,Clear,Dry,Daylight,No Controls,NONE DETECTED,No,No Apparent Injury,NA,Not Distracted,MD,Sport Utility Vehicle,Moving Constant Speed,40,No,2020,FORD,EXPEDITION,39.07465179,-77.00499767,2024,10,15
240051289,Injury Crash,10/26/2024 11:20:00 AM,FREDERICK RD (SB/L),NA,Front to Rear,Clear,Dry,Daylight,Traffic Control Signal,NONE DETECTED,No,Possible Minor Injury,NA,Not Distracted,MD,Passenger Car,Slowing or Stopping,40,No,2022,HONDA,HR-V,39.20164617,-77.24556703,2024,10,11
240051289,Injury Crash,10/26/2024 11:20:00 AM,FREDERICK RD (SB/L),NA,Front to Rear,Clear,Dry,Daylight,Traffic Control Signal,NONE DETECTED,Yes,No Apparent Injury,Followed Too Closely,Not Distracted,MD,Passenger Car,Slowing or Stopping,40,No,2009,TOYOTA,RAV4,39.20164617,-77.24556703,2024,10,11
240051290,Property Damage Crash,10/26/2024 11:17:00 AM,CONNECTICUT AVE (SB/L),NA,"Sideswipe, Same Direction",Clear,Dry,Daylight,No Controls,NONE DETECTED,No,No Apparent Injury,NA,Not Distracted,DC,Passenger Car,Stopped in Traffic,35,No,2024,LAND ROVER,DISCOVERY SPORT,38.99011943,-77.07720904,2024,10,11
240051290,Property Damage Crash,10/26/2024 11:17:00 AM,CONNECTICUT AVE (SB/L),NA,"Sideswipe, Same Direction",Clear,Dry,Daylight,No Controls,NONE DETECTED,No,No Apparent Injury,NA,Not Distracted,DC,Passenger Car,Moving Constant Speed,35,No,2020,FORD,ESCAPE,38.99011943,-77.07720904,2024,10,11
240051290,Property Damage Crash,10/26/2024 11:17:00 AM,CONNECTICUT AVE (SB/L),NA,"Sideswipe, Same Direction",Clear,Dry,Daylight,No Controls,NONE DETECTED,Yes,No Apparent Injury,"Improper Passing, Operated Motor Vehicle in Reckless or Aggressive Manner",Not Distracted,MD,Passenger Car,Changing Lanes,35,No,2016,LEXUS,RX,38.99011943,-77.07720904,2024,10,11
240051288,Property Damage Crash,10/26/2024 11:15:00 AM,NEW HAMPSHIRE AVE,NA,Front to Rear,Clear,Dry,Daylight,No Controls,NONE DETECTED,Yes,No Apparent Injury,NA,Unknown,MD,Passenger Car,Moving Constant Speed,35,No,2016,NISSAN,PATHFINDER,39.01571917,-76.97753617,2024,10,11
240051288,Property Damage Crash,10/26/2024 11:15:00 AM,NEW HAMPSHIRE AVE,NA,Front to Rear,Clear,Dry,Daylight,No Controls,NONE DETECTED,No,No Apparent Injury,NA,Not Distracted,MD,Passenger Car,Slowing or Stopping,40,No,2017,TOYOTA,4-RUNNER,39.01571917,-76.97753617,2024,10,11
240052104,Property Damage Crash,10/26/2024 10:36:00 AM,STEWART LA,NA,"Sideswipe, Same Direction",Clear,Dry,Daylight,No Controls,NONE DETECTED,No,No Apparent Injury,NA,Not Distracted,MD,Passenger Car,Moving Constant Speed,30,No,2021,TOYOTA,HIGHLANDER,39.04584023,-76.98565947,2024,10,10
240052104,Property Damage Crash,10/26/2024 10:36:00 AM,STEWART LA,NA,"Sideswipe, Same Direction",Clear,Dry,Daylight,No Controls,NONE DETECTED,No,NA,NA,NA,NA,Passenger Car,Overtaking/Passing,30,No,2007,HONDA,CIVIC,39.04584023,-76.98565947,2024,10,10
240051278,Injury Crash,10/26/2024 09:54:00 AM,STEWART LA,NA,Angle,Clear,Dry,Daylight,Traffic Control Signal,NONE DETECTED,Yes,No Apparent Injury,NA,Unknown,MD,Passenger Car,Turning Left,45,No,2020,HYUNDAI,IONIQ,39.04646461,-76.9868947,2024,10,9
240051278,Injury Crash,10/26/2024 09:54:00 AM,STEWART LA,NA,Angle,Clear,Dry,Daylight,Traffic Control Signal,NONE DETECTED,No,Possible Minor Injury,NA,Not Distracted,MD,Passenger Car,Moving Constant Speed,45,No,2009,TOYOTA,COROLLA,39.04646461,-76.9868947,2024,10,9
240051285,Injury Crash,10/26/2024 09:45:00 AM,NA,NA,Angle,Clear,Dry,Daylight,Stop Sign,NONE DETECTED,No,No Apparent Injury,"Disregarded Other Traffic Sign, Improper Turn",Not Distracted,MD,Passenger Car,Turning Right,25,No,2019,LEXUS,RX,39.05366013,-76.9741165,2024,10,9
240051285,Injury Crash,10/26/2024 09:45:00 AM,NA,NA,Angle,Clear,Dry,Daylight,Stop Sign,NONE DETECTED,No,Possible Minor Injury,NA,Not Distracted,MD,Passenger Car,Moving Constant Speed,25,No,2015,SUBARU,FORESTER,39.05366013,-76.9741165,2024,10,9
240051277,Property Damage Crash,10/26/2024 09:42:00 AM,SOUTHLAWN LA,NA,Angle,Clear,Dry,Daylight,Stop Sign,NONE DETECTED,No,No Apparent Injury,NA,Unknown,MD,Passenger Car,Stopped in Traffic,15,No,2022,TESLA,MODEL Y,39.09312562,-77.1435214,2024,10,9
240051277,Property Damage Crash,10/26/2024 09:42:00 AM,SOUTHLAWN LA,NA,Angle,Clear,Dry,Daylight,Stop Sign,NONE DETECTED,Yes,No Apparent Injury,NA,Not Distracted,MD,Bus - Transit,Turning Left,15,No,2019,GILLIG,CITY TRANSIT BUS,39.09312562,-77.1435214,2024,10,9
24002271,Injury Crash,10/26/2024 08:45:00 AM,NA,Pedestrian,Single Vehicle,Clear,NA,Daylight,NA,NONE DETECTED,No,No Apparent Injury,NA,Not Distracted,MD,Pickup,Negotiating a Curve,0,No,2017,FORD,F-250,39.05794856,-77.0378417,2024,10,8
240051251,Property Damage Crash,10/26/2024 05:15:00 AM,EISENHOWER MEMORIAL HWY,NA,"Sideswipe, Same Direction",Clear,Dry,Medium,No Controls,NONE DETECTED,Yes,No Apparent Injury,Failed to Keep in Proper Lane,"Other Action (looking away from task, etc.)",NV,Passenger Car,Leaving Traffic Lane,55,No,2022,ALFA ROMEO,STELVIO,39.087505,-77.1737345,2024,10,5
240051251,Property Damage Crash,10/26/2024 05:15:00 AM,EISENHOWER MEMORIAL HWY,NA,"Sideswipe, Same Direction",Clear,Dry,Medium,No Controls,NONE DETECTED,No,No Apparent Injury,NA,Not Distracted,MD,Passenger Car,Moving Constant Speed,55,No,2016,FORD,TAURUS,39.087505,-77.1737345,2024,10,5
240051252,Property Damage Crash,10/26/2024 05:03:00 AM,ELTON RD,NA,"Sideswipe, Same Direction",Clear,Dry,Medium,No Controls,NONE DETECTED,No,No Apparent Injury,NA,NA,NA,Passenger Car,Accelerating,25,No,2014,INFINITI,Q50,39.01994648,-76.97480414,2024,10,5
240051250,Property Damage Crash,10/26/2024 04:50:00 AM,DOMER AVE,NA,Front to Rear,Clear,Dry,Dark,No Controls,NONE DETECTED,No,NA,NA,NA,NA,Passenger Car,Backing,25,No,2017,HONDA,FIT,38.99659804,-77.00242626,2024,10,4
240051249,Property Damage Crash,10/26/2024 03:50:00 AM,ROCKVILLE PIKE,NA,Single Vehicle,Clear,Dry,Medium,No Controls,NONE DETECTED,Yes,No Apparent Injury,NA,Not Distracted,FL,Sport Utility Vehicle,Moving Constant Speed,35,No,2004,CADILLAC,ESCALADE ESV,39.01143453,-77.09768009,2024,10,3
240051243,Injury Crash,10/26/2024 03:30:00 AM,SOUTHWOOD AVE,NA,Single Vehicle,Clear,Dry,Medium,Flashing Traffic Control Signal,ALCOHOL PRESENT,No,Possible Minor Injury,NA,Unknown,MD,Passenger Car,Moving Constant Speed,35,No,2013,CHEVROLET,MALIBU,39.02599,-77.011008,2024,10,3
240051244,Property Damage Crash,10/26/2024 03:29:00 AM,NEW HAMPSHIRE AVE,NA,Single Vehicle,Clear,Dry,Medium,No Controls,NONE DETECTED,No,No Apparent Injury,NA,Unknown,MD,Sport Utility Vehicle,NA,40,No,2016,FORD,EDGE,39.06164108,-76.9983627,2024,10,3
240052898,Property Damage Crash,10/26/2024 01:33:00 AM,NA,NA,Single Vehicle,Clear,NA,Medium,NA,NONE DETECTED,No,NA,NA,NA,NA,NA,Moving Constant Speed,0,No,0,NA,NA,38.99304021,-77.01098392,2024,10,1
240051229,Property Damage Crash,10/25/2024 11:12:00 PM,FREDERICK RD (SB/L),NA,Front to Rear,Clear,Dry,Medium,No Controls,NONE DETECTED,Yes,No Apparent Injury,"Disregard Officer Directions, Improper Backing, Operated Motor Vehicle in Inattentive, Careless, Negligent, or Erratic Manner, Operated Motor Vehicle in Reckless or Aggressive Manner, Other Improper Action","Other Action (looking away from task, etc.)",NA,Sport Utility Vehicle,Slowing or Stopping,45,No,2012,JEEP,COMPASS,39.20236902,-77.24569087,2024,10,23
240051209,Property Damage Crash,10/25/2024 08:30:00 PM,RAVENSDALE CT,NA,Front to Rear,Clear,Dry,Dark,No Controls,NONE DETECTED,No,NA,Improper Backing,NA,NA,Van - Passenger (&lt;9 Seats),Backing,25,No,2005,CHEVROLET,EXPRESS,39.18712073,-77.18025934,2024,10,20
240051209,Property Damage Crash,10/25/2024 08:30:00 PM,RAVENSDALE CT,NA,Front to Rear,Clear,Dry,Dark,No Controls,NONE DETECTED,No,No Apparent Injury,NA,Not Distracted,MD,Passenger Car,Parked,25,No,2013,HONDA,FIT,39.18712073,-77.18025934,2024,10,20
240051203,Property Damage Crash,10/25/2024 08:06:00 PM,NA,NA,Angle,Clear,Dry,Medium,No Controls,NONE DETECTED,No,No Apparent Injury,NA,Not Distracted,MD,Sport Utility Vehicle,Moving Constant Speed,35,No,2012,CHEVROLET,EQUINOX,39.09134556,-77.06658694,2024,10,20
240051203,Property Damage Crash,10/25/2024 08:06:00 PM,NA,NA,Angle,Clear,Dry,Medium,Stop Sign,NONE DETECTED,Yes,No Apparent Injury,"Failed to Yield Right-of-Way, Other Improper Action",Not Distracted,MD,Passenger Car,Turning Left,35,No,2014,MAZDA,MAZDA2,39.09134556,-77.06658694,2024,10,20
240051204,Property Damage Crash,10/25/2024 07:46:00 PM,MARYLAND AVE,NA,"Sideswipe, Opposite Direction",Clear,Dry,Medium,Traffic Control Signal,NONE DETECTED,No,No Apparent Injury,NA,Not Distracted,MD,Sport Utility Vehicle,Moving Constant Speed,25,No,2015,TOYOTA,4-RUNNER,39.08099973,-77.1517446,2024,10,19
240051204,Property Damage Crash,10/25/2024 07:46:00 PM,MARYLAND AVE,NA,"Sideswipe, Opposite Direction",Clear,Dry,Medium,Traffic Control Signal,NONE DETECTED,No,No Apparent Injury,NA,Not Distracted,MD,Passenger Car,Turning Right,25,No,2013,NISSAN,ALTIMA,39.08099973,-77.1517446,2024,10,19
240051204,Property Damage Crash,10/25/2024 07:46:00 PM,MARYLAND AVE,NA,"Sideswipe, Opposite Direction",Clear,Dry,Medium,Traffic Control Signal,NONE DETECTED,No,No Apparent Injury,"Failed to Keep in Proper Lane, Improper Turn, Operated Motor Vehicle in Inattentive, Careless, Negligent, or Erratic Manner, Other Improper Action","Other Action (looking away from task, etc.)",MD,Passenger Car,Turning Left,25,No,2013,FORD,MUSTANG,39.08099973,-77.1517446,2024,10,19
240051194,Property Damage Crash,10/25/2024 06:56:00 PM,CROSSOVER,NA,Angle,Clear,Dry,Medium,Traffic Control Signal,NONE DETECTED,No,No Apparent Injury,NA,Not Distracted,MD,Passenger Car,Moving Constant Speed,45,No,2005,HYUNDAI,ACCENT,39.20020443,-77.24540249,2024,10,18
240051194,Property Damage Crash,10/25/2024 06:56:00 PM,CROSSOVER,NA,Angle,Clear,Dry,Medium,Traffic Control Signal,NONE DETECTED,Yes,No Apparent Injury,Failed to Yield Right-of-Way,Not Distracted,MD,Passenger Car,Turning Left,45,No,2023,KIA,SOUL,39.20020443,-77.24540249,2024,10,18
240051183,Injury Crash,10/25/2024 06:20:00 PM,CONNECTICUT AVE,NA,Angle,Clear,Dry,Medium,No Controls,NONE DETECTED,No,Possible Minor Injury,NA,Not Distracted,MD,Passenger Car,Moving Constant Speed,30,No,2002,TOYOTA,ECHO,38.98454685,-77.07709383,2024,10,18
240051183,Injury Crash,10/25/2024 06:20:00 PM,CONNECTICUT AVE,NA,Angle,Clear,Dry,Medium,Stop Sign,NONE DETECTED,No,NA,NA,NA,NA,NA,Turning Left,25,No,0,NA,NA,38.98454685,-77.07709383,2024,10,18
240051181,Injury Crash,10/25/2024 05:51:00 PM,WHEATFIELD TERR,Pedestrian,Single Vehicle,Clear,Dry,Daylight,No Controls,NONE DETECTED,No,No Apparent Injury,NA,Not Distracted,MD,Passenger Car,Moving Constant Speed,25,No,2020,TOYOTA,4-RUNNER,39.17110735,-77.23009925,2024,10,17
240051177,Injury Crash,10/25/2024 05:10:00 PM,N STONESTREET AVE,NA,"Sideswipe, Opposite Direction",Clear,Dry,Daylight,No Controls,NONE DETECTED,Yes,No Apparent Injury,NA,Not Distracted,MD,Passenger Car,Turning Left,25,No,2010,MERCEDES-BENZ,E-CLASS,39.08840103,-77.14827636,2024,10,17
240051177,Injury Crash,10/25/2024 05:10:00 PM,N STONESTREET AVE,NA,"Sideswipe, Opposite Direction",Clear,Dry,Daylight,No Controls,NONE DETECTED,No,Possible Minor Injury,NA,Not Distracted,MD,Passenger Car,Moving Constant Speed,25,No,2007,FORD,FOCUS,39.08840103,-77.14827636,2024,10,17
240051174,Property Damage Crash,10/25/2024 04:50:00 PM,BROSCHART RD (SB/L),NA,Angle,Clear,Dry,Daylight,Stop Sign,NONE DETECTED,Yes,No Apparent Injury,Improper Turn,Unknown,MD,Passenger Car,Making U-Turn,35,No,2019,NISSAN,ALTIMA,39.0974346,-77.19599784,2024,10,16
240051174,Property Damage Crash,10/25/2024 04:50:00 PM,BROSCHART RD (SB/L),NA,Angle,Clear,Dry,Daylight,Stop Sign,NONE DETECTED,No,No Apparent Injury,NA,Not Distracted,WV,Bus - Transit,Accelerating,35,No,2017,GILLIG,CITY TRANSIT BUS,39.0974346,-77.19599784,2024,10,16
240051166,Property Damage Crash,10/25/2024 04:19:00 PM,BEL PRE RD (EB/L),NA,Front to Rear,Clear,Dry,Daylight,No Controls,NONE DETECTED,Yes,No Apparent Injury,NA,Not Distracted,MD,Passenger Car,Slowing or Stopping,35,No,2016,HONDA,ACCORD,39.09159967,-77.06967133,2024,10,16
240051166,Property Damage Crash,10/25/2024 04:19:00 PM,BEL PRE RD (EB/L),NA,Front to Rear,Clear,Dry,Daylight,No Controls,NONE DETECTED,No,No Apparent Injury,NA,Not Distracted,MD,Passenger Car,Stopped in Traffic,35,No,2011,CHEVROLET,CAMARO,39.09159967,-77.06967133,2024,10,16
240051160,Property Damage Crash,10/25/2024 03:40:00 PM,NA,NA,Front to Rear,Clear,NA,Daylight,NA,NONE DETECTED,No,No Apparent Injury,Other Improper Action,Not Distracted,MD,Bus - School,Negotiating a Curve,0,No,2020,THOMAS BUILT,SCHOOL BUS,39.19422967,-77.17902033,2024,10,15
240051160,Property Damage Crash,10/25/2024 03:40:00 PM,NA,NA,Front to Rear,Clear,NA,Daylight,NA,NONE DETECTED,No,No Apparent Injury,NA,Not Distracted,MD,Bus - School,Parked,0,No,2020,THOMAS BUILT,SCHOOL BUS,39.19422967,-77.17902033,2024,10,15
240051151,Property Damage Crash,10/25/2024 03:20:00 PM,VEIRS MILL RD (WB/L),NA,Front to Rear,Clear,Dry,Daylight,No Controls,NONE DETECTED,Yes,No Apparent Injury,Followed Too Closely,Unknown,MD,Passenger Car,Slowing or Stopping,35,No,2014,TOYOTA,CAMRY,39.049758,-77.07104117,2024,10,15
240051151,Property Damage Crash,10/25/2024 03:20:00 PM,VEIRS MILL RD (WB/L),NA,Front to Rear,Clear,Dry,Daylight,No Controls,NONE DETECTED,No,No Apparent Injury,NA,Not Distracted,XX,Passenger Car,Stopped in Traffic,35,No,2020,JEEP,RENEGADE,39.049758,-77.07104117,2024,10,15
240051151,Property Damage Crash,10/25/2024 03:20:00 PM,VEIRS MILL RD (WB/L),NA,Front to Rear,Clear,Dry,Daylight,No Controls,NONE DETECTED,No,No Apparent Injury,NA,Not Distracted,MD,Pickup,Stopped in Traffic,35,No,2011,DODGE,RAM,39.049758,-77.07104117,2024,10,15
240051152,Property Damage Crash,10/25/2024 03:17:00 PM,ROCKVILLE PIKE,NA,Front to Rear,Clear,Dry,Daylight,No Controls,NONE DETECTED,No,No Apparent Injury,NA,Not Distracted,MD,Sport Utility Vehicle,Stopped in Traffic,35,No,2013,HONDA,PILOT,39.00191548,-77.09699725,2024,10,15
240051152,Property Damage Crash,10/25/2024 03:17:00 PM,ROCKVILLE PIKE,NA,Front to Rear,Clear,Dry,Daylight,No Controls,NONE DETECTED,Yes,No Apparent Injury,Followed Too Closely,Unknown,MD,Passenger Car,Moving Constant Speed,35,No,2014,INFINITI,Q50,39.00191548,-77.09699725,2024,10,15