Local Case Number,ACRS Report Type,Crash Date/Time,Road Name,Related Non-Motorist,Collision Type,Weather,Surface Condition,Light,Traffic Control,Driver Substance Abuse,Driver At Fault,Injury Severity,Circumstance,Driver Distracted By,Drivers License State,Vehicle Body Type,Vehicle Movement,Speed Limit,Driverless Vehicle,Vehicle Year,Vehicle Make,Vehicle Model,Latitude,Longitude,Year,Month,Hour
240051147,Injury Crash,10/25/2024 03:00:00 PM,RETAIL PL,Cyclist (Electric),Single Vehicle,Clear,Dry,Daylight,No Controls,NONE DETECTED,No,No Apparent Injury,NA,Unknown,MD,Passenger Car,Moving Constant Speed,15,No,2013,HONDA,ODYSSEY,39.170015,-77.20548333,2024,10,15
240051171,Property Damage Crash,10/25/2024 02:41:00 PM,QUINCE ORCHARD RD,NA,"Sideswipe, Same Direction",Clear,Dry,Daylight,Traffic Control Signal,NONE DETECTED,No,No Apparent Injury,NA,Not Distracted,MD,Passenger Car,Stopped in Traffic,30,No,2019,HONDA,CIVIC,39.11789164,-77.25293955,2024,10,14
240051171,Property Damage Crash,10/25/2024 02:41:00 PM,QUINCE ORCHARD RD,NA,"Sideswipe, Same Direction",Clear,Dry,Daylight,Traffic Control Signal,NONE DETECTED,No,No Apparent Injury,Improper Passing,Unknown,NA,Sport Utility Vehicle,Changing Lanes,30,No,2017,LEXUS,RX,39.11789164,-77.25293955,2024,10,14
240051131,Injury Crash,10/25/2024 01:50:00 PM,NEW HAMPSHIRE AVE,NA,Single Vehicle,Clear,Dry,Daylight,No Controls,NONE DETECTED,No,Possible Minor Injury,"Operated Motor Vehicle in Inattentive, Careless, Negligent, or Erratic Manner",Unknown,MD,Passenger Car,Moving Constant Speed,40,No,2013,HONDA,CIVIC,39.20701117,-77.03576283,2024,10,13
240051142,Property Damage Crash,10/25/2024 01:20:00 PM,NA,NA,"Sideswipe, Same Direction",Clear,NA,Daylight,NA,NONE DETECTED,No,NA,NA,NA,NA,Passenger Car,Slowing or Stopping,0,No,2016,JEEP,WRANGLER,39.03574368,-77.05652115,2024,10,13
240051125,Property Damage Crash,10/25/2024 01:10:00 PM,NA,NA,Front to Rear,Clear,Dry,Daylight,Other Warning Sign,NONE DETECTED,No,No Apparent Injury,NA,Unknown,MD,Passenger Car,Slowing or Stopping,35,No,2022,TOYOTA,COROLLA,39.09038767,-77.05316667,2024,10,13
240051125,Property Damage Crash,10/25/2024 01:10:00 PM,NA,NA,Front to Rear,Clear,Dry,Daylight,Other Warning Sign,NONE DETECTED,No,No Apparent Injury,NA,Not Distracted,MD,Passenger Car,Slowing or Stopping,35,No,2006,GMC,SIERRA,39.09038767,-77.05316667,2024,10,13
240051259,Property Damage Crash,10/25/2024 11:30:00 AM,NA,NA,Rear To Rear,Clear,NA,Daylight,NA,NONE DETECTED,Yes,No Apparent Injury,Improper Backing,Unknown,MD,Passenger Car,Backing,0,No,2008,TOYOTA,RAV4,39.08300274,-77.14698224,2024,10,11
240051074,Property Damage Crash,10/25/2024 08:30:00 AM,WESTBARD AVE,NA,"Sideswipe, Same Direction",Clear,Dry,Daylight,Traffic Control Signal,NONE DETECTED,No,No Apparent Injury,NA,Not Distracted,MD,Passenger Car,Stopped in Traffic,30,No,2017,TOYOTA,COROLLA,38.95827282,-77.10961431,2024,10,8
240051074,Property Damage Crash,10/25/2024 08:30:00 AM,WESTBARD AVE,NA,"Sideswipe, Same Direction",Clear,Dry,Daylight,Traffic Control Signal,NONE DETECTED,No,No Apparent Injury,Improper Passing,Unknown,NA,Passenger Car,Moving Constant Speed,30,No,2011,HONDA,CIVIC,38.95827282,-77.10961431,2024,10,8
240051066,Injury Crash,10/25/2024 08:22:00 AM,FREDERICK RD,NA,Front to Rear,Clear,Dry,Daylight,No Controls,NONE DETECTED,No,No Apparent Injury,NA,Not Distracted,PA,Sport Utility Vehicle,Slowing or Stopping,40,No,2024,HYUNDAI,TUCSON,39.23346567,-77.2721055,2024,10,8
240051066,Injury Crash,10/25/2024 08:22:00 AM,FREDERICK RD,NA,Front to Rear,Clear,Dry,Daylight,No Controls,NONE DETECTED,Yes,Possible Minor Injury,Followed Too Closely,Unknown,MD,Passenger Car,Slowing or Stopping,40,No,2016,FORD,FUSION,39.23346567,-77.2721055,2024,10,8
240051065,Property Damage Crash,10/25/2024 08:15:00 AM,NA,NA,Single Vehicle,Clear,NA,Daylight,NA,NONE DETECTED,No,No Apparent Injury,"Operated Motor Vehicle in Inattentive, Careless, Negligent, or Erratic Manner",Not Distracted,MD,Passenger Car,Accelerating,0,No,2014,TOYOTA,COROLLA,39.08827063,-76.933936,2024,10,8
240051070,Property Damage Crash,10/25/2024 08:00:00 AM,FAIR GARDEN LA,NA,Single Vehicle,Clear,Dry,Daylight,Stop Sign,NONE DETECTED,Yes,No Apparent Injury,Improper Backing,Not Distracted,MD,Bus - School,Backing,35,No,2018,THOMAS BUILT,SCHOOL BUS,39.2176089,-77.26751958,2024,10,8
240051062,Property Damage Crash,10/25/2024 07:51:00 AM,NEW HAMPSHIRE AVE,NA,Rear To Side,Clear,Dry,Daylight,No Controls,NONE DETECTED,No,No Apparent Injury,NA,Not Distracted,MD,Passenger Car,Moving Constant Speed,35,No,2009,CHRYSLER,SEBRING,39.14188813,-76.99807337,2024,10,7
240051062,Property Damage Crash,10/25/2024 07:51:00 AM,NEW HAMPSHIRE AVE,NA,Rear To Side,Clear,Dry,Daylight,Stop Sign,NONE DETECTED,No,No Apparent Injury,NA,Unknown,MD,Passenger Car,Moving Constant Speed,35,No,2010,TOYOTA,CAMRY,39.14188813,-76.99807337,2024,10,7
240051055,Property Damage Crash,10/25/2024 06:21:00 AM,FLACK ST,NA,Front to Rear,Clear,Dry,Medium,No Controls,NONE DETECTED,No,No Apparent Injury,NA,Not Distracted,MD,Sport Utility Vehicle,Moving Constant Speed,25,No,2015,TOYOTA,RAV4,39.06538723,-77.05997063,2024,10,6
240051073,Property Damage Crash,10/25/2024 06:15:00 AM,FREDERICK RD,NA,Single Vehicle,Clear,Dry,Dark,No Controls,NONE DETECTED,No,No Apparent Injury,NA,Not Distracted,MD,Van - Passenger (&lt;9 Seats),Moving Constant Speed,30,No,2020,FORD,TRANSIT,39.28359564,-77.31511688,2024,10,6
240051015,Property Damage Crash,10/24/2024 07:51:00 PM,VEIRS MILL RD,NA,Front to Rear,Clear,Dry,Medium,No Controls,ALCOHOL PRESENT,Yes,No Apparent Injury,"Operated Motor Vehicle in Inattentive, Careless, Negligent, or Erratic Manner, Other Improper Action",Unknown,MD,Pickup,Moving Constant Speed,35,No,2003,TOYOTA,COROLLA,39.04592533,-77.06660883,2024,10,19
240051015,Property Damage Crash,10/24/2024 07:51:00 PM,VEIRS MILL RD,NA,Front to Rear,Clear,Dry,Medium,No Controls,NONE DETECTED,No,No Apparent Injury,NA,Not Distracted,MD,Passenger Car,Stopped in Traffic,35,No,2023,CHEVROLET,SILVERADO,39.04592533,-77.06660883,2024,10,19
240051007,Property Damage Crash,10/24/2024 07:33:00 PM,HUNGERFORD DR,NA,Front to Rear,Clear,Dry,Medium,No Controls,ALCOHOL PRESENT,Yes,No Apparent Injury,"Operated Motor Vehicle in Inattentive, Careless, Negligent, or Erratic Manner",Unknown,MD,Van - Passenger (&lt;9 Seats),Accelerating,35,No,2015,FORD,TRANSIT,39.09391403,-77.15329351,2024,10,19
240051007,Property Damage Crash,10/24/2024 07:33:00 PM,HUNGERFORD DR,NA,Front to Rear,Clear,Dry,Medium,No Controls,NONE DETECTED,No,No Apparent Injury,NA,Not Distracted,MD,Sport Utility Vehicle,Accelerating,35,No,2024,MITSUBISHI,OUTLANDER,39.09391403,-77.15329351,2024,10,19
240051001,Injury Crash,10/24/2024 07:15:00 PM,NA,NA,Other,Clear,Dry,Dark,No Controls,NONE DETECTED,No,Possible Minor Injury,NA,Not Distracted,MD,Passenger Car,Moving Constant Speed,35,No,2012,TOYOTA,CARGO VAN,39.10809967,-76.945196,2024,10,19
240051001,Injury Crash,10/24/2024 07:15:00 PM,NA,NA,Other,Clear,Dry,Dark,No Controls,NONE DETECTED,Yes,No Apparent Injury,NA,Unknown,ID,Passenger Car,Turning Left,35,No,2019,CHEVROLET,SUBURBAN,39.10809967,-76.945196,2024,10,19
240050992,Property Damage Crash,10/24/2024 06:45:00 PM,HEURICH RD,NA,Front to Rear,Clear,Dry,Medium,Traffic Control Signal,NONE DETECTED,Yes,No Apparent Injury,NA,Unknown,NA,Passenger Car,Accelerating,35,No,2011,BMW,M3,39.06237372,-77.04186042,2024,10,18
240050992,Property Damage Crash,10/24/2024 06:45:00 PM,HEURICH RD,NA,Front to Rear,Clear,Dry,Medium,Traffic Control Signal,NONE DETECTED,No,No Apparent Injury,NA,Not Distracted,MD,Passenger Car,Stopped in Traffic,35,No,2016,FORD,EXPLORER,39.06237372,-77.04186042,2024,10,18
240050986,Property Damage Crash,10/24/2024 06:15:00 PM,CONNECTICUT AVE SERVICE RD,NA,"Sideswipe, Same Direction",Clear,Dry,Daylight,No Controls,NONE DETECTED,Yes,No Apparent Injury,Improper Turn,Not Distracted,MD,Bus - School,Turning Right,35,No,2017,THOMAS BUILT,SCHOOL BUS,39.06812617,-77.0750225,2024,10,18
240050984,Property Damage Crash,10/24/2024 06:00:00 PM,WATKINS MILL RD,NA,Front to Rear,Clear,Dry,Daylight,Pedestrian Crossing Sign,NONE DETECTED,No,No Apparent Injury,NA,Not Distracted,MD,Passenger Car,Stopped in Traffic,35,No,2024,VOLKSWAGEN,JETTA,39.1868196,-77.21461928,2024,10,18
240050984,Property Damage Crash,10/24/2024 06:00:00 PM,WATKINS MILL RD,NA,Front to Rear,Clear,Dry,Daylight,Pedestrian Crossing Sign,NONE DETECTED,Yes,No Apparent Injury,"Operated Motor Vehicle in Inattentive, Careless, Negligent, or Erratic Manner","Other Action (looking away from task, etc.)",MD,Passenger Car,Moving Constant Speed,35,No,2017,TOYOTA,YARIS IA,39.1868196,-77.21461928,2024,10,18
240050977,Property Damage Crash,10/24/2024 05:25:00 PM,NEW HAMPSHIRE AVE,NA,Single Vehicle,Clear,Dry,Daylight,Traffic Control Signal,NONE DETECTED,No,No Apparent Injury,Other Improper Action,Not Distracted,MD,Passenger Car,Entering Traffic Lane,15,No,2020,FORD,EXPLORER,38.98878055,-76.9876107,2024,10,17
240050979,Injury Crash,10/24/2024 05:21:00 PM,CASCADE PL,NA,Single Vehicle,Clear,Dry,Daylight,Stop Sign,NONE DETECTED,Yes,Possible Minor Injury,NA,Not Distracted,MD,Passenger Car,Turning Left,25,No,2005,CHEVROLET,MALIBU,39.028799,-77.0420425,2024,10,17
240050975,Property Damage Crash,10/24/2024 05:12:00 PM,NA,NA,Other,Clear,NA,Daylight,NA,NONE DETECTED,Yes,No Apparent Injury,Improper Backing,Unknown,MD,Van - Passenger (&lt;9 Seats),Backing,0,No,2012,CHRYSLER,TOWN AND COUNTRY,39.17143574,-77.20476752,2024,10,17
240050975,Property Damage Crash,10/24/2024 05:12:00 PM,NA,NA,Other,Clear,NA,Daylight,NA,NONE DETECTED,No,No Apparent Injury,NA,Not Distracted,MD,Passenger Car,Backing,0,No,2022,TOYOTA,COROLLA,39.17143574,-77.20476752,2024,10,17
240050964,Property Damage Crash,10/24/2024 04:40:00 PM,ST PAUL ST,NA,Front to Rear,Clear,Dry,Daylight,Stop Sign,NONE DETECTED,Yes,No Apparent Injury,"Followed Too Closely, Other Improper Action","Other Action (looking away from task, etc.)",MD,Passenger Car,Slowing or Stopping,25,No,2007,CHEVROLET,COBALT,39.03507558,-77.06837069,2024,10,16
240050964,Property Damage Crash,10/24/2024 04:40:00 PM,ST PAUL ST,NA,Front to Rear,Clear,Dry,Daylight,Stop Sign,NONE DETECTED,No,No Apparent Injury,NA,Not Distracted,MD,Sport Utility Vehicle,Stopped in Traffic,25,No,2024,TOYOTA,RAV4,39.03507558,-77.06837069,2024,10,16
240050954,Property Damage Crash,10/24/2024 04:05:00 PM,FREDERICK RD,NA,"Sideswipe, Opposite Direction",Clear,Dry,Daylight,Flashing Traffic Control Signal,NONE DETECTED,No,No Apparent Injury,Failed to Keep in Proper Lane,Not Distracted,MD,Passenger Car,Slowing or Stopping,35,No,2015,TOYOTA,CAMRY,39.11103967,-77.1607979,2024,10,16
240050954,Property Damage Crash,10/24/2024 04:05:00 PM,FREDERICK RD,NA,"Sideswipe, Opposite Direction",Clear,Dry,Daylight,Flashing Traffic Control Signal,NONE DETECTED,No,No Apparent Injury,NA,Not Distracted,MD,Passenger Car,Stopped in Traffic,40,No,2018,JEEP,CHEROKEE,39.11103967,-77.1607979,2024,10,16
240050954,Property Damage Crash,10/24/2024 04:05:00 PM,FREDERICK RD,NA,"Sideswipe, Opposite Direction",Clear,Dry,Daylight,Flashing Traffic Control Signal,NONE DETECTED,No,No Apparent Injury,NA,Not Distracted,MD,Other Trucks,Slowing or Stopping,40,No,2023,KENWORTH,UNKNOWN,39.11103967,-77.1607979,2024,10,16
240050954,Property Damage Crash,10/24/2024 04:05:00 PM,FREDERICK RD,NA,"Sideswipe, Opposite Direction",Clear,Dry,Daylight,Flashing Traffic Control Signal,NONE DETECTED,No,No Apparent Injury,NA,Not Distracted,MD,Passenger Car,Stopped in Traffic,40,No,2016,VOLKSWAGEN,GTI,39.11103967,-77.1607979,2024,10,16
240050957,Property Damage Crash,10/24/2024 04:05:00 PM,NA,NA,"Sideswipe, Same Direction",Clear,NA,Daylight,NA,NONE DETECTED,Yes,No Apparent Injury,NA,Not Distracted,MD,Bus - School,Backing,0,No,2024,FREIGHTLINER,B2 106 ELECTRIC CONVENTIONAL CHASSIS,39.15052519,-77.29275335,2024,10,16
240050938,Property Damage Crash,10/24/2024 02:40:00 PM,NEW HAMPSHIRE AVE,NA,Angle,Clear,Dry,Daylight,Traffic Control Signal,NONE DETECTED,No,No Apparent Injury,NA,Not Distracted,MD,Passenger Car,Turning Left,35,No,2020,TOYOTA,COROLLA,39.07583061,-77.00181039,2024,10,14
240050938,Property Damage Crash,10/24/2024 02:40:00 PM,NEW HAMPSHIRE AVE,NA,Angle,Clear,Dry,Daylight,Traffic Control Signal,NONE DETECTED,Yes,No Apparent Injury,Ran Red Light,Not Distracted,MD,Passenger Car,Moving Constant Speed,35,No,2019,HONDA,CR-V,39.07583061,-77.00181039,2024,10,14
240050935,Property Damage Crash,10/24/2024 02:27:00 PM,UNIVERSITY BLVD E (WB/L),NA,Front to Rear,Clear,Dry,Daylight,Flashing Traffic Control Signal,NONE DETECTED,No,No Apparent Injury,NA,Not Distracted,MD,Passenger Car,Slowing or Stopping,35,No,2012,HONDA,ACCORD,38.99404906,-76.99240798,2024,10,14
240050935,Property Damage Crash,10/24/2024 02:27:00 PM,UNIVERSITY BLVD E (WB/L),NA,Front to Rear,Clear,Dry,Daylight,Other Signal,NONE DETECTED,Yes,NA,NA,NA,NA,NA,Accelerating,35,No,0,NA,NA,38.99404906,-76.99240798,2024,10,14
240050022,Property Damage Crash,10/24/2024 01:12:00 PM,NA,NA,Other,Clear,NA,Daylight,NA,NONE DETECTED,No,No Apparent Injury,NA,Not Distracted,MD,Passenger Car,Stopped in Traffic,0,No,2012,HONDA,ACCORD,39.03990997,-77.05350401,2024,10,13
240050918,Property Damage Crash,10/24/2024 12:56:00 PM,CORDELL AVE,NA,Unknown,Clear,Dry,Daylight,No Controls,NONE DETECTED,No,NA,NA,NA,NA,Unknown,Backing,25,No,2006,FREIGHTLINER,UNKNOWN,38.98993432,-77.09724044,2024,10,12
240050912,Property Damage Crash,10/24/2024 12:12:00 PM,CHEVY CHASE LAKE TER,NA,"Sideswipe, Same Direction",Clear,Dry,Daylight,No Controls,NONE DETECTED,Yes,No Apparent Injury,"Failed to Keep in Proper Lane, Improper Turn",Unknown,MD,Passenger Car,Turning Left,25,No,2007,TOYOTA,AVALON,38.99423503,-77.075273,2024,10,12
240050901,Injury Crash,10/24/2024 11:15:00 AM,PHILADELPHIA AVE,Pedestrian,Single Vehicle,Clear,Dry,Daylight,No Controls,NONE DETECTED,No,No Apparent Injury,Other Improper Action,Not Distracted,DC,Passenger Car,Moving Constant Speed,25,No,2024,NISSAN,ALTIMA,38.9864859,-77.02131754,2024,10,11
2400050873,Injury Crash,10/24/2024 09:10:00 AM,FIRSTFIELD RD,NA,Front to Rear,Clear,Dry,Daylight,Traffic Control Signal,NONE DETECTED,No,Possible Minor Injury,NA,Not Distracted,MD,Passenger Car,Moving Constant Speed,35,No,2012,HONDA,CR-V,39.14501283,-77.22017483,2024,10,9
2400050873,Injury Crash,10/24/2024 09:10:00 AM,FIRSTFIELD RD,NA,Front to Rear,Clear,Dry,Daylight,Traffic Control Signal,NONE DETECTED,No,Possible Minor Injury,NA,Not Distracted,MD,Passenger Car,Moving Constant Speed,35,No,2019,HONDA,HR-V,39.14501283,-77.22017483,2024,10,9
2400050873,Injury Crash,10/24/2024 09:10:00 AM,FIRSTFIELD RD,NA,Front to Rear,Clear,Dry,Daylight,Traffic Control Signal,NONE DETECTED,No,Possible Minor Injury,NA,Not Distracted,MD,Passenger Car,Slowing or Stopping,35,No,2019,JEEP,WRANGLER,39.14501283,-77.22017483,2024,10,9
240050874,Injury Crash,10/24/2024 09:09:00 AM,NA,Pedestrian,Single Vehicle,Clear,Dry,Daylight,No Controls,NONE DETECTED,Yes,NA,Too Fast For Conditions,NA,NA,Passenger Car,Moving Constant Speed,40,No,2006,INFINITI,M35,39.07087638,-76.93753548,2024,10,9
240050868,Injury Crash,10/24/2024 08:23:00 AM,BRADLEY BLVD,Pedestrian,Single Vehicle,Clear,Dry,Daylight,Traffic Control Signal,NONE DETECTED,Yes,No Apparent Injury,Failed to Yield Right-of-Way,Unknown,DC,Passenger Car,Turning Left,35,No,2012,NISSAN,LEAF,38.97757583,-77.10052583,2024,10,8
240050861,Property Damage Crash,10/24/2024 07:15:00 AM,LAYHILL RD (SB/L),NA,"Sideswipe, Opposite Direction",Clear,Dry,Daylight,No Controls,NONE DETECTED,No,No Apparent Injury,NA,Not Distracted,MD,Sport Utility Vehicle,Moving Constant Speed,40,No,2016,TOYOTA,RAV4,39.07484883,-77.04580383,2024,10,7
240050861,Property Damage Crash,10/24/2024 07:15:00 AM,LAYHILL RD (SB/L),NA,"Sideswipe, Opposite Direction",Clear,Dry,Daylight,Stop Sign,NONE DETECTED,No,No Apparent Injury,"Failed to Keep in Proper Lane, Failed to Yield Right-of-Way, Ran Stop Sign",Unknown,MD,Sport Utility Vehicle,Entering Traffic Lane,40,No,2022,HONDA,PILOT,39.07484883,-77.04580383,2024,10,7
24002250,Injury Crash,10/24/2024 07:00:00 AM,BEACH DR,NA,"Sideswipe, Opposite Direction",Clear,Dry,Medium,No Controls,NONE DETECTED,No,Suspected Serious Injury,"Failed to Keep in Proper Lane, Wrong Side",Unknown,MD,Passenger Car,Moving Constant Speed,25,No,2002,HONDA,ACCORD,39.03240583,-77.08533058,2024,10,7
24002250,Injury Crash,10/24/2024 07:00:00 AM,BEACH DR,NA,"Sideswipe, Opposite Direction",Clear,Dry,Medium,No Controls,NONE DETECTED,No,Possible Minor Injury,NA,Not Distracted,MD,Passenger Car,Moving Constant Speed,25,No,2011,HYUNDAI,SONATA,39.03240583,-77.08533058,2024,10,7
24002250,Injury Crash,10/24/2024 07:00:00 AM,BEACH DR,NA,"Sideswipe, Opposite Direction",Clear,Dry,Medium,No Controls,NONE DETECTED,No,No Apparent Injury,NA,Not Distracted,MD,Sport Utility Vehicle,Moving Constant Speed,25,No,2001,HONDA,CR-V,39.03240583,-77.08533058,2024,10,7
24002250,Injury Crash,10/24/2024 07:00:00 AM,BEACH DR,NA,"Sideswipe, Opposite Direction",Clear,Dry,Medium,No Controls,NONE DETECTED,No,No Apparent Injury,NA,Not Distracted,GA,Passenger Car,Moving Constant Speed,25,No,2018,VOLKSWAGEN,PASSAT,39.03240583,-77.08533058,2024,10,7
240050854,Property Damage Crash,10/24/2024 04:48:00 AM,TWINBROOK PKWY (NB/L),NA,Single Vehicle,Clear,Dry,Medium,No Controls,NONE DETECTED,No,NA,NA,NA,NA,Passenger Car,Moving Constant Speed,35,No,2017,FORD,FUSION,39.05885704,-77.11828471,2024,10,4
240050852,Property Damage Crash,10/24/2024 03:04:00 AM,NA,NA,Front to Front,Clear,NA,Medium,NA,NONE DETECTED,No,NA,NA,NA,NA,Passenger Car,Moving Constant Speed,0,No,2017,NISSAN,ALTIMA,39.18987083,-77.24258,2024,10,3
240050945,Property Damage Crash,10/24/2024 12:08:00 AM,AIRCRAFT DR,NA,Single Vehicle,Clear,Dry,Dark,No Controls,NONE DETECTED,No,No Apparent Injury,NA,Unknown,MD,Passenger Car,Moving Constant Speed,30,No,2014,DODGE,CHARGER,39.18581881,-77.26321919,2024,10,0
240050863,Property Damage Crash,10/23/2024 10:15:00 PM,GEORGIA AVE,NA,Front to Rear,Clear,Dry,Medium,No Controls,NONE DETECTED,No,No Apparent Injury,NA,Not Distracted,MD,Pickup,Slowing or Stopping,30,No,2020,CHEVROLET,SILVERADO,39.04612703,-77.05201749,2024,10,22
240050863,Property Damage Crash,10/23/2024 10:15:00 PM,GEORGIA AVE,NA,Front to Rear,Clear,Dry,Medium,No Controls,NONE DETECTED,Yes,No Apparent Injury,"Operated Motor Vehicle in Inattentive, Careless, Negligent, or Erratic Manner","Other Action (looking away from task, etc.)",MD,Passenger Car,Moving Constant Speed,30,No,2016,FORD,FOCUS,39.04612703,-77.05201749,2024,10,22
240050816,Property Damage Crash,10/23/2024 07:50:00 PM,RAMP 8 FR IS 270 SB TO WATKINS MILL RD,NA,Front to Rear,Clear,Dry,Dark,No Controls,NONE DETECTED,No,NA,NA,NA,NA,Passenger Car,NA,60,No,0,NA,NA,39.15774267,-77.229165,2024,10,19
240050816,Property Damage Crash,10/23/2024 07:50:00 PM,RAMP 8 FR IS 270 SB TO WATKINS MILL RD,NA,Front to Rear,Clear,Dry,Dark,No Controls,NONE DETECTED,No,No Apparent Injury,NA,Not Distracted,MD,Sport Utility Vehicle,NA,60,No,2015,BMW,X4,39.15774267,-77.229165,2024,10,19
240050815,Property Damage Crash,10/23/2024 07:43:00 PM,MUNCASTER MILL RD,NA,Angle,Clear,Dry,Medium,No Controls,NONE DETECTED,No,No Apparent Injury,NA,Not Distracted,MD,Passenger Car,Moving Constant Speed,40,No,2012,VOLKSWAGEN,JETTA,39.14502912,-77.1430904,2024,10,19
240050815,Property Damage Crash,10/23/2024 07:43:00 PM,MUNCASTER MILL RD,NA,Angle,Clear,Dry,Medium,No Controls,NONE DETECTED,Yes,No Apparent Injury,Failed to Yield Right-of-Way,Not Distracted,MD,Passenger Car,Turning Left,25,No,2021,SUBARU,OUTBACK,39.14502912,-77.1430904,2024,10,19
240050813,Injury Crash,10/23/2024 07:30:00 PM,NORBECK RD,NA,Front to Front,Clear,Dry,Medium,Traffic Control Signal,NONE DETECTED,No,Possible Minor Injury,NA,Not Distracted,MD,Van - Passenger (&lt;9 Seats),Moving Constant Speed,35,No,2012,HONDA,ODYSSEY,39.09617388,-77.10991812,2024,10,19
240050813,Injury Crash,10/23/2024 07:30:00 PM,NORBECK RD,NA,Front to Front,Clear,Dry,Medium,Traffic Control Signal,NONE DETECTED,No,No Apparent Injury,NA,Not Distracted,MD,Passenger Car,Turning Left,35,No,2018,FORD,FOCUS,39.09617388,-77.10991812,2024,10,19
240050808,Injury Crash,10/23/2024 07:07:00 PM,GEORGIA AVE,NA,Front to Rear,Clear,Dry,Medium,No Controls,NONE DETECTED,No,No Apparent Injury,NA,Not Distracted,MD,Passenger Car,Moving Constant Speed,25,No,2019,SUBARU,IMPREZA,39.0453354,-77.0519443,2024,10,19
240050808,Injury Crash,10/23/2024 07:07:00 PM,GEORGIA AVE,NA,Front to Rear,Clear,Dry,Medium,No Controls,NONE DETECTED,No,Possible Minor Injury,NA,Not Distracted,MD,Passenger Car,Moving Constant Speed,25,No,2010,TOYOTA,SIENNA,39.0453354,-77.0519443,2024,10,19
240050808,Injury Crash,10/23/2024 07:07:00 PM,GEORGIA AVE,NA,Front to Rear,Clear,Dry,Medium,No Controls,NONE DETECTED,Yes,Possible Minor Injury,NA,Unknown,MD,Passenger Car,Moving Constant Speed,25,No,2015,NISSAN,SENTRA,39.0453354,-77.0519443,2024,10,19
240050811,Property Damage Crash,10/23/2024 06:58:00 PM,NA,NA,Front to Rear,Clear,NA,Medium,NA,NONE DETECTED,Yes,No Apparent Injury,"Operated Motor Vehicle in Inattentive, Careless, Negligent, or Erratic Manner",Unknown,MD,Passenger Car,Backing,0,No,2024,CHEVROLET,MALIBU,39.02067189,-77.01452696,2024,10,18
240050799,Injury Crash,10/23/2024 05:56:00 PM,NA,Pedestrian,Single Vehicle,Clear,NA,Daylight,NA,NONE DETECTED,No,No Apparent Injury,Failed to Yield Right-of-Way,Not Distracted,MD,Sport Utility Vehicle,Backing,0,No,2008,MERCEDES-BENZ,M-CLASS,38.99069021,-77.023625,2024,10,17
240050791,Injury Crash,10/23/2024 05:35:00 PM,ADELPHI RD,NA,Front to Rear,Clear,Dry,Daylight,No Controls,NONE DETECTED,No,Possible Minor Injury,NA,Not Distracted,DC,Passenger Car,Slowing or Stopping,35,No,2022,SUBARU,CROSSTREK,39.0111626,-76.97782093,2024,10,17
240050791,Injury Crash,10/23/2024 05:35:00 PM,ADELPHI RD,NA,Front to Rear,Clear,Dry,Daylight,No Controls,NONE DETECTED,Yes,No Apparent Injury,Followed Too Closely,Unknown,MD,Passenger Car,Moving Constant Speed,35,No,2016,HONDA,CIVIC,39.0111626,-76.97782093,2024,10,17
240050795,Property Damage Crash,10/23/2024 05:16:00 PM,WOODSIDE PKWY,NA,Angle,Clear,Dry,Daylight,No Controls,NONE DETECTED,No,No Apparent Injury,NA,Not Distracted,MD,Passenger Car,Turning Left,35,No,2017,HONDA,CIVIC,39.00331697,-77.035776190000007,2024,10,17
240050795,Property Damage Crash,10/23/2024 05:16:00 PM,WOODSIDE PKWY,NA,Angle,Clear,Dry,Daylight,No Controls,NONE DETECTED,No,No Apparent Injury,NA,Not Distracted,MD,Passenger Car,Moving Constant Speed,35,No,2019,HONDA,HR-V,39.00331697,-77.035776190000007,2024,10,17