Local Case Number,ACRS Report Type,Crash Date/Time,Road Name,Related Non-Motorist,Collision Type,Weather,Surface Condition,Light,Traffic Control,Driver Substance Abuse,Driver At Fault,Injury Severity,Circumstance,Driver Distracted By,Drivers License State,Vehicle Body Type,Vehicle Movement,Speed Limit,Driverless Vehicle,Vehicle Year,Vehicle Make,Vehicle Model,Latitude,Longitude,Year,Month,Hour
240050788,Property Damage Crash,10/23/2024 05:14:00 PM,RANDOLPH RD,NA,Front to Rear,Clear,Dry,Daylight,Traffic Control Signal,NONE DETECTED,Yes,No Apparent Injury,NA,Unknown,NA,Passenger Car,Moving Constant Speed,40,No,2005,CHEVROLET,MALIBU,39.06428733,-77.03888083,2024,10,17
240050788,Property Damage Crash,10/23/2024 05:14:00 PM,RANDOLPH RD,NA,Front to Rear,Clear,Dry,Daylight,Traffic Control Signal,NONE DETECTED,No,No Apparent Injury,NA,Not Distracted,MD,Passenger Car,Slowing or Stopping,40,No,2007,TOYOTA,PRIUS,39.06428733,-77.03888083,2024,10,17
240050778,Property Damage Crash,10/23/2024 04:47:00 PM,UNIVERSITY BLVD W (WB/L),NA,Front to Rear,Clear,Dry,Daylight,Traffic Control Signal,NONE DETECTED,No,No Apparent Injury,Other Improper Action,Not Distracted,MD,Passenger Car,Moving Constant Speed,30,No,2012,HONDA,CIVIC,39.04011406,-77.05537774,2024,10,16
240050778,Property Damage Crash,10/23/2024 04:47:00 PM,UNIVERSITY BLVD W (WB/L),NA,Front to Rear,Clear,Dry,Daylight,Traffic Control Signal,NONE DETECTED,No,No Apparent Injury,NA,Not Distracted,MD,Passenger Car,Slowing or Stopping,30,No,2014,TOYOTA,COROLLA,39.04011406,-77.05537774,2024,10,16
240050779,Property Damage Crash,10/23/2024 04:38:00 PM,OLD SPRING RD,NA,Other,Clear,Dry,Daylight,No Controls,NONE DETECTED,Yes,No Apparent Injury,NA,Not Distracted,MD,Bus - School,Turning Right,25,No,2022,THOMAS BUILT,SCHOOL BUS,39.01635052,-77.07153529,2024,10,16
240050781,Property Damage Crash,10/23/2024 04:24:00 PM,NORBECK RD,NA,Front to Rear,Clear,Dry,Daylight,No Controls,NONE DETECTED,No,No Apparent Injury,NA,Not Distracted,MD,Passenger Car,Moving Constant Speed,40,No,2012,TOYOTA,CAMRY,39.09474333,-77.11442489,2024,10,16
240050781,Property Damage Crash,10/23/2024 04:24:00 PM,NORBECK RD,NA,Front to Rear,Clear,Dry,Daylight,No Controls,NONE DETECTED,No,No Apparent Injury,NA,Not Distracted,MD,Sport Utility Vehicle,Slowing or Stopping,40,No,2016,ACURA,MDX,39.09474333,-77.11442489,2024,10,16
240050769,Property Damage Crash,10/23/2024 04:16:00 PM,COLESVILLE RD,NA,Front to Rear,Clear,Dry,Daylight,No Controls,NONE DETECTED,No,No Apparent Injury,NA,Not Distracted,MD,Passenger Car,Moving Constant Speed,35,No,2004,HUMMER,H3T,38.99895038,-77.02615272,2024,10,16
240050769,Property Damage Crash,10/23/2024 04:16:00 PM,COLESVILLE RD,NA,Front to Rear,Clear,Dry,Daylight,No Controls,NONE DETECTED,No,No Apparent Injury,NA,Not Distracted,MD,Passenger Car,Turning Left,35,No,2012,NISSAN,ALTIMA,38.99895038,-77.02615272,2024,10,16
240050763,Injury Crash,10/23/2024 04:02:00 PM,COLESVILLE RD,NA,Single Vehicle,Clear,Dry,Daylight,No Controls,NONE DETECTED,No,Suspected Serious Injury,NA,Not Distracted,MD,Passenger Car,Moving Constant Speed,35,No,2022,CHEVROLET,MALIBU,39.0098865,-77.01756405,2024,10,16
240050766,Property Damage Crash,10/23/2024 03:57:00 PM,GEORGIA AVE (SB/L),NA,"Sideswipe, Same Direction",Clear,Dry,Daylight,No Controls,NONE DETECTED,No,No Apparent Injury,NA,Not Distracted,MD,Passenger Car,Moving Constant Speed,35,No,2021,TOYOTA,CAMRY,39.15067209,-77.06687092,2024,10,15
240050766,Property Damage Crash,10/23/2024 03:57:00 PM,GEORGIA AVE (SB/L),NA,"Sideswipe, Same Direction",Clear,Dry,Daylight,No Controls,NONE DETECTED,Yes,No Apparent Injury,"Failed to Keep in Proper Lane, Improper Turn",Not Distracted,MD,Passenger Car,Turning Right,35,No,2023,JEEP,CHEROKEE,39.15067209,-77.06687092,2024,10,15
240050759,Property Damage Crash,10/23/2024 02:57:00 PM,AUTOMOBILE BLVD,NA,Other,Clear,Dry,Daylight,Traffic Control Signal,NONE DETECTED,No,No Apparent Injury,NA,Unknown,MD,Passenger Car,Moving Constant Speed,35,No,2014,FORD,FUSION,39.081113620000004,-76.94645699,2024,10,14
240050759,Property Damage Crash,10/23/2024 02:57:00 PM,AUTOMOBILE BLVD,NA,Other,Clear,Dry,Daylight,Traffic Control Signal,NONE DETECTED,No,No Apparent Injury,NA,Unknown,MD,Sport Utility Vehicle,Turning Left,35,No,2022,MERCEDES-BENZ,300,39.081113620000004,-76.94645699,2024,10,14
240050752,Property Damage Crash,10/23/2024 02:42:00 PM,RANDOLPH RD (WB/L),NA,Single Vehicle,Clear,Dry,Daylight,Traffic Control Signal,NONE DETECTED,No,No Apparent Injury,"Ran Off Roadway, Swerved or Avoided Due to Wind, Slippery Surface, Motor Vehicle, Object, Non-Motorist in Roadway, etc",Not Distracted,MD,Sport Utility Vehicle,Changing Lanes,35,No,2004,PONTIAC,VIBE,39.05355733,-77.08980583,2024,10,14
240050755,Property Damage Crash,10/23/2024 02:41:00 PM,SCENERY DR,NA,Single Vehicle,Clear,Dry,Daylight,No Controls,ALCOHOL PRESENT,No,No Apparent Injury,"Failed to Keep in Proper Lane, Ran Off Roadway",Unknown,MD,Passenger Car,Negotiating a Curve,35,No,2015,BMW,328I,39.17957024,-77.23048045,2024,10,14
240050754,Injury Crash,10/23/2024 02:24:00 PM,ROCKVILLE PIKE,NA,Front to Rear,Clear,Dry,Daylight,Traffic Control Signal,NONE DETECTED,No,No Apparent Injury,"Followed Too Closely, Other Improper Action",Unknown,MD,Sport Utility Vehicle,Slowing or Stopping,45,No,2016,NISSAN,ROGUE,39.069779080000004,-77.13087031,2024,10,14
240050754,Injury Crash,10/23/2024 02:24:00 PM,ROCKVILLE PIKE,NA,Front to Rear,Clear,Dry,Daylight,Traffic Control Signal,NONE DETECTED,No,Possible Minor Injury,NA,Not Distracted,MD,Sport Utility Vehicle,Stopped in Traffic,45,No,2015,TOYOTA,RAV4,39.069779080000004,-77.13087031,2024,10,14
240050745,Property Damage Crash,10/23/2024 02:18:00 PM,TECH RD,NA,Front to Rear,Clear,Dry,Daylight,Traffic Control Signal,NONE DETECTED,Yes,No Apparent Injury,Too Fast For Conditions,Not Distracted,MD,Bus - School,Moving Constant Speed,50,No,2018,THOMAS BUILT,SCHOOL BUS,39.05806541,-76.96851724,2024,10,14
240050745,Property Damage Crash,10/23/2024 02:18:00 PM,TECH RD,NA,Front to Rear,Clear,Dry,Daylight,Traffic Control Signal,NONE DETECTED,No,No Apparent Injury,NA,Not Distracted,MD,Pickup,Slowing or Stopping,50,No,2010,FORD,F-100,39.05806541,-76.96851724,2024,10,14
240050717,Property Damage Crash,10/23/2024 11:39:00 AM,SCHUYLKILL RD,NA,Single Vehicle,Clear,Dry,Daylight,No Controls,NONE DETECTED,No,No Apparent Injury,NA,Unknown,MD,Passenger Car,Moving Constant Speed,25,No,2009,HONDA,CIVIC,39.03629417,-77.0870415,2024,10,11
240050685,Property Damage Crash,10/23/2024 10:17:00 AM,NO NAME,NA,Angle,Clear,Dry,Daylight,Stop Sign,NONE DETECTED,Yes,No Apparent Injury,NA,Unknown,NA,Passenger Car,Turning Left,35,No,2011,TOYOTA,SIENNA,39.00124693,-76.9861524,2024,10,10
240050685,Property Damage Crash,10/23/2024 10:17:00 AM,NO NAME,NA,Angle,Clear,Dry,Daylight,No Controls,NONE DETECTED,No,No Apparent Injury,NA,Not Distracted,MD,Passenger Car,Moving Constant Speed,35,No,2009,HONDA,CR-V,39.00124693,-76.9861524,2024,10,10
240050696,Property Damage Crash,10/23/2024 10:11:00 AM,RAMP 3 FR IS 495 EB TO MD 97 NB,NA,Front to Rear,Clear,Dry,Daylight,No Controls,NONE DETECTED,No,No Apparent Injury,NA,Not Distracted,MD,Bus - School,Slowing or Stopping,25,No,2023,THOMAS BUILT,SCHOOL BUS,39.01284167,-77.04159333,2024,10,10
240050696,Property Damage Crash,10/23/2024 10:11:00 AM,RAMP 3 FR IS 495 EB TO MD 97 NB,NA,Front to Rear,Clear,Dry,Daylight,No Controls,NONE DETECTED,No,No Apparent Injury,Followed Too Closely,Not Distracted,MD,Passenger Car,Slowing or Stopping,25,No,2017,HONDA,ACCORD,39.01284167,-77.04159333,2024,10,10
240050672,Property Damage Crash,10/23/2024 08:49:00 AM,RANDOLPH RD (WB/L),NA,Front to Rear,Clear,Dry,Daylight,Traffic Control Signal,NONE DETECTED,No,NA,NA,NA,NA,Passenger Car,Moving Constant Speed,35,No,2010,TOYOTA,PRIUS,39.05767701,-77.07228223,2024,10,8
240050672,Property Damage Crash,10/23/2024 08:49:00 AM,RANDOLPH RD (WB/L),NA,Front to Rear,Clear,Dry,Daylight,Traffic Control Signal,NONE DETECTED,No,No Apparent Injury,NA,Not Distracted,MD,Passenger Car,Slowing or Stopping,35,No,2018,TESLA,MODEL 3,39.05767701,-77.07228223,2024,10,8
240050666,Property Damage Crash,10/23/2024 08:11:00 AM,OLNEY LAYTONSVILLE RD (WB/L),NA,Front to Front,Clear,Dry,Daylight,Stop Sign,NONE DETECTED,Yes,No Apparent Injury,NA,Not Distracted,MD,Pickup,Accelerating,40,No,2021,FORD,F-150,39.15620771,-77.07111645,2024,10,8
240050666,Property Damage Crash,10/23/2024 08:11:00 AM,OLNEY LAYTONSVILLE RD (WB/L),NA,Front to Front,Clear,Dry,Daylight,No Controls,NONE DETECTED,No,No Apparent Injury,NA,Not Distracted,MD,Passenger Car,Moving Constant Speed,40,No,2010,TOYOTA,COROLLA,39.15620771,-77.07111645,2024,10,8
240050665,Property Damage Crash,10/23/2024 08:01:00 AM,E RANDOLPH RD,NA,Front to Rear,Clear,Dry,Daylight,No Controls,NONE DETECTED,No,No Apparent Injury,NA,Not Distracted,MD,Passenger Car,Stopped in Traffic,35,No,2013,HONDA,CR-V,39.06279941,-76.96386648,2024,10,8
240050665,Property Damage Crash,10/23/2024 08:01:00 AM,E RANDOLPH RD,NA,Front to Rear,Clear,Dry,Daylight,No Controls,NONE DETECTED,Yes,No Apparent Injury,Too Fast For Conditions,Not Distracted,MD,Passenger Car,Moving Constant Speed,35,No,2018,FORD,TAURUS,39.06279941,-76.96386648,2024,10,8
240050665,Property Damage Crash,10/23/2024 08:01:00 AM,E RANDOLPH RD,NA,Front to Rear,Clear,Dry,Daylight,No Controls,NONE DETECTED,Yes,No Apparent Injury,Too Fast For Conditions,Not Distracted,MD,Passenger Car,Moving Constant Speed,35,No,2013,FORD,EXPLORER,39.06279941,-76.96386648,2024,10,8
240050659,Injury Crash,10/23/2024 07:06:00 AM,TATANI DR,Pedestrian,Single Vehicle,Clear,Dry,Medium,No Controls,NONE DETECTED,Yes,No Apparent Injury,NA,Not Distracted,MD,Passenger Car,Backing,5,No,2020,VOLKSWAGEN,TIGUAN,39.15646798,-77.29604122,2024,10,7
240050643,Property Damage Crash,10/23/2024 12:10:00 AM,DESELLUM AVE,NA,Front to Rear,Clear,Dry,Dark,No Controls,ALCOHOL PRESENT,No,No Apparent Injury,Improper Backing,Not Distracted,MD,Passenger Car,Backing,25,No,2003,TOYOTA,CAMRY,39.13864072,-77.19541754,2024,10,0
240050643,Property Damage Crash,10/23/2024 12:10:00 AM,DESELLUM AVE,NA,Front to Rear,Clear,Dry,Dark,No Controls,NONE DETECTED,No,No Apparent Injury,NA,Not Distracted,MD,Passenger Car,Moving Constant Speed,25,No,2016,TOYOTA,CAMRY,39.13864072,-77.19541754,2024,10,0
240050632,Property Damage Crash,10/22/2024 09:13:00 PM,WATERFORD HILLS BLVD,NA,Angle,Clear,Dry,Medium,No Controls,NONE DETECTED,No,No Apparent Injury,NA,Not Distracted,MD,Passenger Car,Moving Constant Speed,25,No,1999,INFINITI,Q45,39.17729504,-77.27442532,2024,10,21
240050632,Property Damage Crash,10/22/2024 09:13:00 PM,WATERFORD HILLS BLVD,NA,Angle,Clear,Dry,Medium,Stop Sign,NONE DETECTED,Yes,No Apparent Injury,NA,Not Distracted,MD,Passenger Car,Turning Right,25,No,2022,TOYOTA,HIGHLANDER,39.17729504,-77.27442532,2024,10,21
240050630,Property Damage Crash,10/22/2024 09:02:00 PM,NICHOLSON LA,NA,"Sideswipe, Opposite Direction",Clear,Dry,Medium,Traffic Control Signal,NONE DETECTED,No,NA,NA,NA,NA,Passenger Car,Turning Right,35,No,1999,NISSAN,ALTIMA,39.0448138,-77.11156269,2024,10,21
240050630,Property Damage Crash,10/22/2024 09:02:00 PM,NICHOLSON LA,NA,"Sideswipe, Opposite Direction",Clear,Dry,Medium,Traffic Control Signal,NONE DETECTED,No,No Apparent Injury,NA,Not Distracted,MD,Passenger Car,Stopped in Traffic,25,No,2015,HYUNDAI,ACCENT,39.0448138,-77.11156269,2024,10,21
240050626,Property Damage Crash,10/22/2024 08:26:00 PM,COLUMBIA PIKE,NA,Front to Rear,Clear,Dry,Dark,Traffic Control Signal,NONE DETECTED,No,No Apparent Injury,NA,Not Distracted,MD,Sport Utility Vehicle,Stopped in Traffic,50,No,2022,TOYOTA,HIGHLANDER,39.0715995,-76.95662683,2024,10,20
240050626,Property Damage Crash,10/22/2024 08:26:00 PM,COLUMBIA PIKE,NA,Front to Rear,Clear,Dry,Dark,Traffic Control Signal,NONE DETECTED,Yes,No Apparent Injury,Followed Too Closely,Unknown,MD,Sport Utility Vehicle,Moving Constant Speed,50,No,2002,TOYOTA,4-RUNNER,39.0715995,-76.95662683,2024,10,20
240050622,Property Damage Crash,10/22/2024 07:49:00 PM,GAINSBOROUGH RD,NA,Front to Rear,Clear,Dry,Medium,No Controls,NONE DETECTED,No,No Apparent Injury,NA,Not Distracted,WV,Van - Passenger (&lt;9 Seats),Parked,25,No,2023,CHRYSLER,PACIFICA,39.04652333,-77.16634167,2024,10,19
240050622,Property Damage Crash,10/22/2024 07:49:00 PM,GAINSBOROUGH RD,NA,Front to Rear,Clear,Dry,Medium,No Controls,NONE DETECTED,No,No Apparent Injury,Improper Backing,Not Distracted,MD,Passenger Car,Backing,25,No,1998,TOYOTA,CAMRY,39.04652333,-77.16634167,2024,10,19
240050619,Injury Crash,10/22/2024 07:28:00 PM,NA,Pedestrian,Single Vehicle,Clear,Dry,Medium,Stop Sign,NONE DETECTED,No,No Apparent Injury,NA,"Other Action (looking away from task, etc.)",TX,Passenger Car,Turning Right,25,No,2021,ACURA,TLX,39.16204846,-77.21428276,2024,10,19
240050612,Property Damage Crash,10/22/2024 07:27:00 PM,DEWEY RD,NA,"Sideswipe, Same Direction",Clear,Dry,Medium,No Controls,NONE DETECTED,No,No Apparent Injury,Other Improper Action,Not Distracted,MD,Passenger Car,Moving Constant Speed,20,No,2005,CADILLAC,ESCALADE,39.04739833,-77.08827333,2024,10,19
240056707,Property Damage Crash,10/22/2024 06:15:00 PM,BISCAYNE LA,NA,Single Vehicle,Clear,Dry,Medium,No Controls,NONE DETECTED,Yes,No Apparent Injury,NA,"Other Action (looking away from task, etc.)",MD,Sport Utility Vehicle,Moving Constant Speed,25,No,2023,FORD,EXPLORER,39.274503,-77.204608,2024,10,18
240050611,Property Damage Crash,10/22/2024 05:49:00 PM,RIVER RD (WB/L),NA,Front to Rear,Clear,Dry,Daylight,No Controls,NONE DETECTED,Yes,No Apparent Injury,NA,Unknown,NA,Pickup,Moving Constant Speed,35,No,2008,CHEVROLET,SILVERADO,38.97063667,-77.11564833,2024,10,17
240050611,Property Damage Crash,10/22/2024 05:49:00 PM,RIVER RD (WB/L),NA,Front to Rear,Clear,Dry,Daylight,No Controls,NONE DETECTED,No,No Apparent Injury,NA,Not Distracted,MD,Sport Utility Vehicle,Slowing or Stopping,35,No,2019,TOYOTA,HIGHLANDER,38.97063667,-77.11564833,2024,10,17
240050603,Property Damage Crash,10/22/2024 05:42:00 PM,BROADWOOD DR,NA,Front to Front,Clear,Dry,Daylight,No Controls,NONE DETECTED,No,No Apparent Injury,NA,Not Distracted,MD,Passenger Car,Moving Constant Speed,25,No,2013,TOYOTA,PRIUS V,39.07319126,-77.1295936,2024,10,17
240050603,Property Damage Crash,10/22/2024 05:42:00 PM,BROADWOOD DR,NA,Front to Front,Clear,Dry,Daylight,No Controls,NONE DETECTED,No,No Apparent Injury,NA,Not Distracted,MD,Passenger Car,Moving Constant Speed,25,No,2020,CHEVROLET,COLORADO,39.07319126,-77.1295936,2024,10,17
240050599,Property Damage Crash,10/22/2024 04:47:00 PM,NA,NA,Other,Clear,NA,Daylight,NA,NONE DETECTED,No,No Apparent Injury,NA,Unknown,MD,Passenger Car,Moving Constant Speed,0,No,2013,VOLVO,UNKNOWN,39.18121955,-77.26792196,2024,10,16
240050599,Property Damage Crash,10/22/2024 04:47:00 PM,NA,NA,Other,Clear,NA,Daylight,NA,NONE DETECTED,No,NA,NA,NA,NA,Passenger Car,Parked,0,No,2008,HONDA,ACCORD,39.18121955,-77.26792196,2024,10,16
240050596,Property Damage Crash,10/22/2024 04:46:00 PM,SLIGO CREEK PKWY,NA,Single Vehicle,Clear,Dry,Daylight,No Controls,NONE DETECTED,No,No Apparent Injury,NA,Not Distracted,MD,Passenger Car,Moving Constant Speed,25,No,2012,FORD,FOCUS,39.01083721,-77.02626094,2024,10,16
240050595,Property Damage Crash,10/22/2024 04:36:00 PM,NA,NA,Single Vehicle,Clear,Dry,Daylight,No Controls,NONE DETECTED,No,No Apparent Injury,NA,Unknown,MD,Passenger Car,Moving Constant Speed,35,No,2010,ACURA,TL,39.19924268,-77.18463379,2024,10,16
240050590,Injury Crash,10/22/2024 04:19:00 PM,BRADLEY BLVD,Pedestrian,Single Vehicle,Clear,Dry,Daylight,No Controls,NONE DETECTED,No,No Apparent Injury,NA,Not Distracted,MD,Sport Utility Vehicle,Moving Constant Speed,35,No,2023,KIA,SORENTO,39.00781342,-77.17278746,2024,10,16
240050584,Injury Crash,10/22/2024 04:17:00 PM,SCHAEFFER RD,Pedestrian,Single Vehicle,Clear,Dry,Daylight,Pedestrian Crossing,NONE DETECTED,Yes,No Apparent Injury,NA,"Other Action (looking away from task, etc.)",MD,Passenger Car,Turning Left,40,No,2018,TOYOTA,UNKNOWN,39.16347247,-77.28464201,2024,10,16
240050581,Injury Crash,10/22/2024 04:01:00 PM,IS 270 LOCAL LANES (NB),NA,"Sideswipe, Same Direction",Clear,Dry,Daylight,No Controls,NONE DETECTED,No,No Apparent Injury,NA,Not Distracted,MD,Single-Unit Truck,Moving Constant Speed,55,No,2013,FORD,F-250,39.06102952,-77.15547155,2024,10,16
240050581,Injury Crash,10/22/2024 04:01:00 PM,IS 270 LOCAL LANES (NB),NA,"Sideswipe, Same Direction",Clear,Dry,Daylight,No Controls,NONE DETECTED,Yes,Possible Minor Injury,NA,Not Distracted,MD,Passenger Car,Entering Traffic Lane,55,No,2022,KIA,UNKNOWN,39.06102952,-77.15547155,2024,10,16
240050576,Property Damage Crash,10/22/2024 03:40:00 PM,BROOKEVILLE RD,NA,Single Vehicle,Clear,Dry,Daylight,No Controls,NONE DETECTED,Yes,No Apparent Injury,Ran Off Roadway,"Other Action (looking away from task, etc.)",MD,Pickup,Moving Constant Speed,30,No,2013,CHEVROLET,SILVERADO,39.18220358,-77.0665743,2024,10,15
240050575,Injury Crash,10/22/2024 03:28:00 PM,RAYBURN RD,Pedestrian,Single Vehicle,Clear,Dry,Daylight,Pedestrian Crossing Sign,NONE DETECTED,No,No Apparent Injury,Failed to Yield Right-of-Way,Unknown,MD,Passenger Car,Moving Constant Speed,30,No,2017,TOYOTA,RAV4,38.99319429,-77.12058297,2024,10,15
240050559,Property Damage Crash,10/22/2024 02:04:00 PM,OLD COLUMBIA PIKE,NA,Front to Rear,Clear,Dry,Daylight,No Controls,NONE DETECTED,Yes,No Apparent Injury,NA,"Other Action (looking away from task, etc.)",MD,Passenger Car,Moving Constant Speed,25,No,2014,ACURA,MDX,39.10942009,-76.93496516,2024,10,14
240050559,Property Damage Crash,10/22/2024 02:04:00 PM,OLD COLUMBIA PIKE,NA,Front to Rear,Clear,Dry,Daylight,No Controls,NONE DETECTED,No,No Apparent Injury,NA,Not Distracted,MD,Passenger Car,Stopped in Traffic,25,No,2019,SUBARU,IMPREZA,39.10942009,-76.93496516,2024,10,14
240050559,Property Damage Crash,10/22/2024 02:04:00 PM,OLD COLUMBIA PIKE,NA,Front to Rear,Clear,Dry,Daylight,No Controls,NONE DETECTED,No,No Apparent Injury,NA,Not Distracted,MD,Passenger Car,Stopped in Traffic,25,No,2012,HONDA,ACCORD,39.10942009,-76.93496516,2024,10,14
240050568,Property Damage Crash,10/22/2024 02:00:00 PM,NA,NA,Front to Rear,Clear,NA,Daylight,NA,NONE DETECTED,No,No Apparent Injury,Improper Backing,Unknown,MD,Pickup,Backing,0,No,2022,CHEVROLET,COLORADO,39.28182257,-77.21088557,2024,10,14
240050553,Property Damage Crash,10/22/2024 01:34:00 PM,KIRKLYNN AVE (EB/L),NA,Single Vehicle,Clear,Dry,Daylight,Yield Sign,NONE DETECTED,Yes,No Apparent Injury,NA,Unknown,MD,Passenger Car,Accelerating,20,No,2000,TOYOTA,CAMRY,38.98791333,-76.98921625,2024,10,13
240050541,Injury Crash,10/22/2024 01:02:00 PM,FREDERICK RD,NA,Angle,Clear,Dry,Daylight,No Controls,NONE DETECTED,No,No Apparent Injury,NA,Not Distracted,MD,Station Wagon,Accelerating,30,No,2024,SUBARU,CROSSTREK,39.24055567,-77.28169883,2024,10,13
240050541,Injury Crash,10/22/2024 01:02:00 PM,FREDERICK RD,NA,Angle,Clear,Dry,Daylight,No Controls,NONE DETECTED,Yes,Possible Minor Injury,Failed to Yield Right-of-Way,Not Distracted,MD,Passenger Car,Turning Left,30,No,2023,AUDI,A3,39.24055567,-77.28169883,2024,10,13
240050536,Property Damage Crash,10/22/2024 12:09:00 PM,NA,NA,Single Vehicle,Clear,Dry,Daylight,No Controls,NONE DETECTED,Yes,No Apparent Injury,NA,Not Distracted,MD,Bus - School,Slowing or Stopping,35,No,2024,FREIGHTLINER,B2 106 ELECTRIC CONVENTIONAL CHASSIS,39.02755825,-77.10118343,2024,10,12
240050513,Injury Crash,10/22/2024 10:37:00 AM,NEW HAMPSHIRE AVE (SB/L),NA,Front to Front,Clear,Dry,Daylight,Traffic Control Signal,NONE DETECTED,No,No Apparent Injury,NA,Not Distracted,WV,Pickup,Stopped in Traffic,45,No,2014,FORD,F-150,39.12108903,-76.98918885,2024,10,10
240050513,Injury Crash,10/22/2024 10:37:00 AM,NEW HAMPSHIRE AVE (SB/L),NA,Front to Front,Clear,Dry,Daylight,Traffic Control Signal,NONE DETECTED,Yes,Possible Minor Injury,Failed to Yield Right-of-Way,Not Distracted,MD,Passenger Car,Turning Left,45,No,2011,HONDA,ACCORD,39.12108903,-76.98918885,2024,10,10
240050513,Injury Crash,10/22/2024 10:37:00 AM,NEW HAMPSHIRE AVE (SB/L),NA,Front to Front,Clear,Dry,Daylight,Traffic Control Signal,NONE DETECTED,No,No Apparent Injury,NA,Not Distracted,MD,Pickup,Moving Constant Speed,45,No,2006,FORD,F-150,39.12108903,-76.98918885,2024,10,10
240050509,Injury Crash,10/22/2024 10:08:00 AM,VEIRS MILL RD,Pedestrian,Single Vehicle,Clear,Dry,Daylight,Traffic Control Signal,NONE DETECTED,No,NA,NA,NA,NA,NA,Turning Right,35,No,0,NA,NA,39.07337706,-77.11196112,2024,10,10
240050504,Injury Crash,10/22/2024 09:42:00 AM,NA,NA,Angle,Clear,NA,Daylight,NA,NONE DETECTED,Yes,Possible Minor Injury,NA,Not Distracted,MD,Passenger Car,Moving Constant Speed,0,No,2023,NISSAN,ROGUE,39.14122833,-77.22457167,2024,10,9
240050504,Injury Crash,10/22/2024 09:42:00 AM,NA,NA,Angle,Clear,NA,Daylight,NA,NONE DETECTED,Yes,Possible Minor Injury,NA,Not Distracted,MD,Van - Cargo,Accelerating,0,No,2020,FREIGHTLINER,FREIGHTLINER,39.14122833,-77.22457167,2024,10,9
240050497,Injury Crash,10/22/2024 09:01:00 AM,NA,NA,Angle,Clear,Dry,Daylight,No Controls,NONE DETECTED,No,Possible Minor Injury,NA,Not Distracted,MD,Passenger Car,Moving Constant Speed,35,No,2013,NISSAN,ALTIMA,39.06582513,-77.12741883,2024,10,9
240050497,Injury Crash,10/22/2024 09:01:00 AM,NA,NA,Angle,Clear,Dry,Daylight,No Controls,NONE DETECTED,Yes,No Apparent Injury,NA,Not Distracted,MD,Passenger Car,Turning Left,35,No,2021,TOYOTA,CAMRY,39.06582513,-77.12741883,2024,10,9
240050493,Property Damage Crash,10/22/2024 08:35:00 AM,AUGUST DR,NA,"Sideswipe, Same Direction",Clear,Dry,Daylight,Stop Sign,NONE DETECTED,No,No Apparent Injury,NA,Not Distracted,DC,Passenger Car,Stopped in Traffic,25,No,2019,LEXUS,LS,39.02139375,-77.04390173,2024,10,8
240050493,Property Damage Crash,10/22/2024 08:35:00 AM,AUGUST DR,NA,"Sideswipe, Same Direction",Clear,Dry,Daylight,Stop Sign,NONE DETECTED,Yes,No Apparent Injury,NA,Unknown,MD,Bus - School,Overtaking/Passing,25,No,2020,THOMAS BUILT,SCHOOL BUS,39.02139375,-77.04390173,2024,10,8
240050491,Property Damage Crash,10/22/2024 08:29:00 AM,NA,NA,"Sideswipe, Same Direction",Clear,Dry,Daylight,No Controls,NONE DETECTED,Yes,No Apparent Injury,Other Improper Action,Unknown,MD,Passenger Car,Changing Lanes,35,No,2005,ACURA,TL,39.15033271,-77.14877452,2024,10,8