Local Case Number,ACRS Report Type,Crash Date/Time,Road Name,Related Non-Motorist,Collision Type,Weather,Surface Condition,Light,Traffic Control,Driver Substance Abuse,Driver At Fault,Injury Severity,Circumstance,Driver Distracted By,Drivers License State,Vehicle Body Type,Vehicle Movement,Speed Limit,Driverless Vehicle,Vehicle Year,Vehicle Make,Vehicle Model,Latitude,Longitude,Year,Month,Hour
240050232,Injury Crash,10/20/2024 08:01:00 PM,UNIVERSITY BLVD W,NA,Angle,Clear,Dry,Medium,Traffic Control Signal,NONE DETECTED,Yes,Possible Minor Injury,"Disregarded Other Traffic Sign, Ran Red Light",Unknown,MD,Passenger Car,Moving Constant Speed,35,No,2016,CHEVROLET,MALIBU,39.03547317,-77.0259695,2024,10,20
240050230,Property Damage Crash,10/20/2024 07:45:00 PM,BARBARA RD,NA,"Sideswipe, Same Direction",Clear,Dry,Medium,No Controls,NONE DETECTED,No,No Apparent Injury,NA,Not Distracted,MD,Pickup,Turning Left,35,No,2001,TOYOTA,TACOMA,39.0582055,-77.08204817,2024,10,19
240050230,Property Damage Crash,10/20/2024 07:45:00 PM,BARBARA RD,NA,"Sideswipe, Same Direction",Clear,Dry,Medium,No Controls,ALCOHOL PRESENT,Yes,No Apparent Injury,"Failed to Keep in Proper Lane, Improper Passing",Not Distracted,MD,Pickup,Overtaking/Passing,35,No,2008,TOYOTA,TUNDRA,39.0582055,-77.08204817,2024,10,19
240050228,Injury Crash,10/20/2024 07:28:00 PM,NEW HAMPSHIRE AVE,NA,"Sideswipe, Same Direction",Clear,Dry,Medium,No Controls,NONE DETECTED,No,Possible Minor Injury,NA,Unknown,MD,Passenger Car,NA,40,No,2014,HONDA,ACCORD,39.06892937,-77.00282492,2024,10,19
240050228,Injury Crash,10/20/2024 07:28:00 PM,NEW HAMPSHIRE AVE,NA,"Sideswipe, Same Direction",Clear,Dry,Medium,No Controls,NONE DETECTED,No,Possible Minor Injury,NA,Unknown,NA,Passenger Car,NA,40,No,2016,FORD,F-150,39.06892937,-77.00282492,2024,10,19
240050227,Property Damage Crash,10/20/2024 07:24:00 PM,OLDE TOWNE AVE,NA,"Sideswipe, Opposite Direction",Clear,Dry,Medium,No Controls,NONE DETECTED,No,No Apparent Injury,NA,Not Distracted,MD,Sport Utility Vehicle,Moving Constant Speed,30,No,2019,HONDA,CR-V,39.14068548,-77.19453245,2024,10,19
240050227,Property Damage Crash,10/20/2024 07:24:00 PM,OLDE TOWNE AVE,NA,"Sideswipe, Opposite Direction",Clear,Dry,Medium,No Controls,NONE DETECTED,No,No Apparent Injury,NA,NA,NA,Sport Utility Vehicle,Moving Constant Speed,30,No,2017,NISSAN,PATHFINDER,39.14068548,-77.19453245,2024,10,19
240050224,Property Damage Crash,10/20/2024 06:50:00 PM,UNIVERSITY BLVD,NA,"Sideswipe, Same Direction",Clear,Dry,Medium,Other Signal,NONE DETECTED,No,No Apparent Injury,NA,Not Distracted,MD,Passenger Car,Moving Constant Speed,15,No,2002,FORD,UNKNOWN,38.98898238,-76.98786219,2024,10,18
240050224,Property Damage Crash,10/20/2024 06:50:00 PM,UNIVERSITY BLVD,NA,"Sideswipe, Same Direction",Clear,Dry,Medium,Flashing Traffic Control Signal,NONE DETECTED,No,NA,"Disregarded Other Road Markings, Disregarded Other Traffic Sign, Failed to Keep in Proper Lane, Improper Passing",Unknown,NA,Passenger Car,Overtaking/Passing,15,No,2015,FORD,FOCUS,38.98898238,-76.98786219,2024,10,18
240050223,Property Damage Crash,10/20/2024 06:21:00 PM,GOLDSBORO RD,NA,Front to Rear,Clear,Dry,Medium,Traffic Control Signal,NONE DETECTED,No,No Apparent Injury,NA,Not Distracted,MD,Sport Utility Vehicle,Stopped in Traffic,35,No,2021,HONDA,CR-V,38.9731119,-77.12184535,2024,10,18
240050223,Property Damage Crash,10/20/2024 06:21:00 PM,GOLDSBORO RD,NA,Front to Rear,Clear,Dry,Medium,Traffic Control Signal,ALCOHOL PRESENT,Yes,No Apparent Injury,"Followed Too Closely, Operated Motor Vehicle in Inattentive, Careless, Negligent, or Erratic Manner, Operated Motor Vehicle in Reckless or Aggressive Manner, Other Improper Action",Unknown,MD,Passenger Car,Moving Constant Speed,35,No,2012,VOLVO,C30,38.9731119,-77.12184535,2024,10,18
240050211,Property Damage Crash,10/20/2024 04:40:00 PM,MUDDY BRANCH RD,NA,Angle,Clear,Dry,Daylight,No Controls,NONE DETECTED,No,No Apparent Injury,NA,Not Distracted,MD,Van - Passenger (&lt;9 Seats),Moving Constant Speed,45,No,2015,TOYOTA,SIENNA,39.11768275,-77.21675648,2024,10,16
240050211,Property Damage Crash,10/20/2024 04:40:00 PM,MUDDY BRANCH RD,NA,Angle,Clear,Dry,Daylight,No Controls,NONE DETECTED,Yes,No Apparent Injury,Failed to Yield Right-of-Way,Unknown,MD,Passenger Car,Turning Right,45,No,2011,VOLKSWAGEN,JETTA,39.11768275,-77.21675648,2024,10,16
240050206,Property Damage Crash,10/20/2024 04:39:00 PM,UNIVERSITY BLVD E (WB/L),NA,Front to Rear,Clear,Dry,Daylight,No Controls,NONE DETECTED,No,No Apparent Injury,NA,Not Distracted,MD,Bus - Transit,Stopped in Traffic,35,No,2016,NABI,UNKNOWN,39.0022415,-76.99552317,2024,10,16
240050206,Property Damage Crash,10/20/2024 04:39:00 PM,UNIVERSITY BLVD E (WB/L),NA,Front to Rear,Clear,Dry,Daylight,No Controls,NONE DETECTED,Yes,No Apparent Injury,"Followed Too Closely, Other Improper Action",Unknown,VA,Passenger Car,Slowing or Stopping,35,No,2015,SUBARU,IMPREZA,39.0022415,-76.99552317,2024,10,16
240050201,Injury Crash,10/20/2024 04:10:00 PM,NA,Pedestrian,Single Vehicle,Clear,NA,Daylight,NA,NONE DETECTED,No,No Apparent Injury,NA,Not Distracted,MD,Passenger Car,Slowing or Stopping,0,No,2020,LEXUS,SC,39.15644239,-77.21348223,2024,10,16
240050207,Property Damage Crash,10/20/2024 04:04:00 PM,GERMANTOWN RD (SB/L),NA,Front to Rear,Clear,Dry,Daylight,Traffic Control Signal,NONE DETECTED,No,No Apparent Injury,NA,Not Distracted,MD,Passenger Car,Parked,40,No,2011,TOYOTA,TACOMA,39.17895306,-77.26725946,2024,10,16
240050207,Property Damage Crash,10/20/2024 04:04:00 PM,GERMANTOWN RD (SB/L),NA,Front to Rear,Clear,Dry,Daylight,Traffic Control Signal,NONE DETECTED,No,NA,NA,NA,NA,Passenger Car,Changing Lanes,40,No,2006,HONDA,ODYSSEY,39.17895306,-77.26725946,2024,10,16
240050197,Property Damage Crash,10/20/2024 03:56:00 PM,MIDDLEBROOK RD (WB/L),NA,Rear To Side,Clear,Dry,Daylight,Traffic Control Signal,NONE DETECTED,Yes,No Apparent Injury,NA,Not Distracted,XX,Sport Utility Vehicle,Moving Constant Speed,40,No,2002,TOYOTA,RAV4,39.18121333,-77.238495,2024,10,15
240050197,Property Damage Crash,10/20/2024 03:56:00 PM,MIDDLEBROOK RD (WB/L),NA,Rear To Side,Clear,Dry,Daylight,Traffic Control Signal,NONE DETECTED,No,No Apparent Injury,NA,Not Distracted,MD,Passenger Car,Moving Constant Speed,40,No,2017,HYUNDAI,ELANTRA,39.18121333,-77.238495,2024,10,15
240050194,Injury Crash,10/20/2024 03:36:00 PM,NA,NA,"Sideswipe, Same Direction",Clear,Dry,Daylight,No Controls,NONE DETECTED,No,NA,NA,NA,NA,Passenger Car,Changing Lanes,35,No,2025,TOYOTA,CAMRY,38.99925386,-77.02605675,2024,10,15
240050194,Injury Crash,10/20/2024 03:36:00 PM,NA,NA,"Sideswipe, Same Direction",Clear,Dry,Daylight,No Controls,NONE DETECTED,No,Possible Minor Injury,NA,Not Distracted,DC,Motorcycle - 2 Wheeled,Moving Constant Speed,35,No,2011,KAWASAKI,SPORTS,38.99925386,-77.02605675,2024,10,15
240050191,Property Damage Crash,10/20/2024 03:00:00 PM,WOODFIELD RD,NA,Rear To Side,Clear,Dry,Daylight,Traffic Control Signal,NONE DETECTED,No,No Apparent Injury,NA,Not Distracted,MD,Sport Utility Vehicle,Moving Constant Speed,35,No,2020,DODGE,DURANGO,39.15882436,-77.16027354,2024,10,15
240050191,Property Damage Crash,10/20/2024 03:00:00 PM,WOODFIELD RD,NA,Rear To Side,Clear,Dry,Daylight,Traffic Control Signal,NONE DETECTED,Yes,No Apparent Injury,NA,Unknown,DC,Passenger Car,Turning Left,35,No,2022,CHEVROLET,MALIBU,39.15882436,-77.16027354,2024,10,15
240050179,Property Damage Crash,10/20/2024 02:08:00 PM,JONES BRIDGE RD,NA,"Sideswipe, Same Direction",Clear,Dry,Daylight,No Controls,NONE DETECTED,No,NA,"Failed to Keep in Proper Lane, Improper Passing, Operated Motor Vehicle in Reckless or Aggressive Manner",Unknown,NA,Passenger Car,Overtaking/Passing,25,No,2009,VOLKSWAGEN,GTI,38.99931412,-77.07256003,2024,10,14
240050179,Property Damage Crash,10/20/2024 02:08:00 PM,JONES BRIDGE RD,NA,"Sideswipe, Same Direction",Clear,Dry,Daylight,No Controls,NONE DETECTED,No,No Apparent Injury,NA,Not Distracted,MD,Passenger Car,Overtaking/Passing,25,No,2011,CHEVROLET,MALIBU,38.99931412,-77.07256003,2024,10,14
240050175,Injury Crash,10/20/2024 01:57:00 PM,SILVER SPRING AVE,Scooter (electric),Single Vehicle,Clear,Dry,Daylight,Traffic Control Signal,NONE DETECTED,No,No Apparent Injury,NA,Not Distracted,MD,Sport Utility Vehicle,Accelerating,35,No,2025,HONDA,CR-V,38.99156083,-77.02682555,2024,10,13
240050169,Injury Crash,10/20/2024 01:27:00 PM,NA,NA,Front to Rear,Clear,Dry,Daylight,Yield Sign,NONE DETECTED,No,No Apparent Injury,NA,Not Distracted,MD,Pickup,Turning Right,35,No,2022,TOYOTA,TACOMA,39.08175742,-77.14578256,2024,10,13
240050169,Injury Crash,10/20/2024 01:27:00 PM,NA,NA,Front to Rear,Clear,Dry,Daylight,Yield Sign,NONE DETECTED,No,No Apparent Injury,NA,Not Distracted,MD,Van - Passenger (&lt;9 Seats),Turning Right,35,No,2006,FORD,E-250,39.08175742,-77.14578256,2024,10,13
240050176,Property Damage Crash,10/20/2024 01:03:00 PM,NA,NA,"Sideswipe, Opposite Direction",Clear,NA,Daylight,NA,NONE DETECTED,No,NA,NA,NA,NA,All-Terrain Vehicle/All-Terrain Cycle (ATV/ATC),Turning Left,0,No,2017,FORD,FUSION,39.0813515,-77.078669,2024,10,13
240050176,Property Damage Crash,10/20/2024 01:03:00 PM,NA,NA,"Sideswipe, Opposite Direction",Clear,NA,Daylight,NA,NONE DETECTED,No,No Apparent Injury,NA,Not Distracted,MD,Sport Utility Vehicle,Parked,0,No,2024,SUBARU,FORESTER,39.0813515,-77.078669,2024,10,13
240050183,Property Damage Crash,10/20/2024 01:00:00 PM,NA,NA,Angle,Clear,NA,Daylight,NA,NONE DETECTED,Yes,No Apparent Injury,Other Improper Action,Unknown,VA,Passenger Car,Turning Left,0,No,2022,TESLA,MODEL Y,39.02500964,-77.127062660000007,2024,10,13
240050157,Injury Crash,10/20/2024 12:57:00 PM,LOCBURY DR,NA,Angle,Clear,Dry,Daylight,Stop Sign,NONE DETECTED,Yes,No Apparent Injury,Failed to Yield Right-of-Way,Unknown,MD,Passenger Car,Entering Traffic Lane,35,No,2018,BMW,540I,39.18297622,-77.27073864,2024,10,12
240050157,Injury Crash,10/20/2024 12:57:00 PM,LOCBURY DR,NA,Angle,Clear,Dry,Daylight,Stop Sign,NONE DETECTED,No,Possible Minor Injury,NA,Not Distracted,MD,Passenger Car,Moving Constant Speed,35,No,2011,TOYOTA,COROLLA,39.18297622,-77.27073864,2024,10,12
240050158,Property Damage Crash,10/20/2024 12:31:00 PM,CABIN JOHN PKWY,NA,"Sideswipe, Same Direction",Clear,Dry,Daylight,No Controls,NONE DETECTED,No,No Apparent Injury,NA,Not Distracted,MD,Passenger Car,Moving Constant Speed,20,No,2018,TOYOTA,RAV4,39.07330892,-77.15090018,2024,10,12
240050145,Property Damage Crash,10/20/2024 11:00:00 AM,SOUTH DR,NA,"Sideswipe, Same Direction",Clear,Dry,Daylight,Traffic Control Signal,NONE DETECTED,No,No Apparent Injury,NA,Not Distracted,MD,Bus - Transit,Slowing or Stopping,10,No,2023,NEW FLYER,XCELSIOR,38.99937271,-77.09740333,2024,10,11
240050145,Property Damage Crash,10/20/2024 11:00:00 AM,SOUTH DR,NA,"Sideswipe, Same Direction",Clear,Dry,Daylight,Traffic Control Signal,NONE DETECTED,Yes,No Apparent Injury,NA,Not Distracted,DC,Passenger Car,Slowing or Stopping,10,No,2020,TOYOTA,COROLLA,38.99937271,-77.09740333,2024,10,11
240050136,Property Damage Crash,10/20/2024 10:18:00 AM,GEORGIA AVE,NA,Rear To Rear,Clear,Dry,Daylight,Traffic Control Signal,NONE DETECTED,Yes,No Apparent Injury,"Followed Too Closely, Operated Motor Vehicle in Inattentive, Careless, Negligent, or Erratic Manner",Unknown,MD,Passenger Car,Moving Constant Speed,45,No,2014,CHEVROLET,VOLT,39.08716259,-77.07925197,2024,10,10
240050136,Property Damage Crash,10/20/2024 10:18:00 AM,GEORGIA AVE,NA,Rear To Rear,Clear,Dry,Daylight,Traffic Control Signal,NONE DETECTED,No,No Apparent Injury,NA,Not Distracted,MD,Passenger Car,Slowing or Stopping,45,No,2013,HONDA,FIT,39.08716259,-77.07925197,2024,10,10
240050136,Property Damage Crash,10/20/2024 10:18:00 AM,GEORGIA AVE,NA,Rear To Rear,Clear,Dry,Daylight,Traffic Control Signal,NONE DETECTED,No,No Apparent Injury,NA,Not Distracted,MD,Sport Utility Vehicle,Slowing or Stopping,45,No,2019,RAM,PROMASTER 2500,39.08716259,-77.07925197,2024,10,10
240050140,Property Damage Crash,10/20/2024 09:47:00 AM,FALLS RD,NA,Front to Front,Clear,Dry,Daylight,Traffic Control Signal,NONE DETECTED,No,No Apparent Injury,NA,Not Distracted,XX,Passenger Car,Turning Left,35,No,2017,HONDA,CIVIC,39.05637975,-77.17918738,2024,10,9
240050140,Property Damage Crash,10/20/2024 09:47:00 AM,FALLS RD,NA,Front to Front,Clear,Dry,Daylight,Traffic Control Signal,NONE DETECTED,No,No Apparent Injury,NA,Not Distracted,MD,Passenger Car,Moving Constant Speed,35,No,2002,LEXUS,IS,39.05637975,-77.17918738,2024,10,9
240050132,Property Damage Crash,10/20/2024 09:17:00 AM,DARNESTOWN RD,NA,"Sideswipe, Same Direction",Clear,Dry,Daylight,Traffic Control Signal,NONE DETECTED,No,No Apparent Injury,NA,Not Distracted,MD,Passenger Car,Moving Constant Speed,30,No,2010,MAZDA,MAZDA6,39.10325402,-77.29214101,2024,10,9
240050132,Property Damage Crash,10/20/2024 09:17:00 AM,DARNESTOWN RD,NA,"Sideswipe, Same Direction",Clear,Dry,Daylight,Traffic Control Signal,NONE DETECTED,Yes,No Apparent Injury,"Operated Motor Vehicle in Inattentive, Careless, Negligent, or Erratic Manner",Unknown,VA,Passenger Car,Changing Lanes,30,No,2018,AUDI,A5,39.10325402,-77.29214101,2024,10,9
240050127,Property Damage Crash,10/20/2024 08:47:00 AM,ROCKVILLE PIKE,NA,Front to Rear,Clear,Dry,Daylight,Traffic Control Signal,NONE DETECTED,Yes,No Apparent Injury,NA,Not Distracted,DC,Passenger Car,Moving Constant Speed,35,No,2014,SUBARU,XV CROSSTREK,39.04644966,-77.11250977,2024,10,8
240050127,Property Damage Crash,10/20/2024 08:47:00 AM,ROCKVILLE PIKE,NA,Front to Rear,Clear,Dry,Daylight,Traffic Control Signal,NONE DETECTED,No,No Apparent Injury,NA,Not Distracted,MD,Passenger Car,Stopped in Traffic,35,No,2024,TOYOTA,TACOMA,39.04644966,-77.11250977,2024,10,8
240050126,Injury Crash,10/20/2024 08:37:00 AM,MUNCASTER MILL RD (WB/L),NA,Angle,Clear,Dry,Daylight,No Controls,NONE DETECTED,No,No Apparent Injury,NA,Not Distracted,MD,Sport Utility Vehicle,Turning Left,40,No,2015,NISSAN,ROGUE,39.10963233,-77.08132148,2024,10,8
240050126,Injury Crash,10/20/2024 08:37:00 AM,MUNCASTER MILL RD (WB/L),NA,Angle,Clear,Dry,Daylight,No Controls,NONE DETECTED,No,Possible Minor Injury,NA,Not Distracted,MD,Passenger Car,Moving Constant Speed,40,No,2017,TOYOTA,COROLLA,39.10963233,-77.08132148,2024,10,8
240050130,Property Damage Crash,10/20/2024 08:30:00 AM,INDEPENDENCE ST,NA,Other,Clear,Dry,Daylight,No Controls,NONE DETECTED,No,No Apparent Injury,NA,Not Distracted,MD,Van - Passenger (&lt;9 Seats),Parked,25,No,2006,HONDA,ODYSSEY,39.07303767,-77.08782617,2024,10,8
240050130,Property Damage Crash,10/20/2024 08:30:00 AM,INDEPENDENCE ST,NA,Other,Clear,Dry,Daylight,No Controls,NONE DETECTED,No,NA,NA,NA,NA,Passenger Car,NA,25,No,2016,MITSUBISHI,GALANT,39.07303767,-77.08782617,2024,10,8
240050121,Property Damage Crash,10/20/2024 05:47:00 AM,COLESVILLE RD,NA,Single Vehicle,Clear,Dry,Medium,No Controls,NONE DETECTED,No,No Apparent Injury,"Operated Motor Vehicle in Inattentive, Careless, Negligent, or Erratic Manner",Unknown,MD,Passenger Car,Moving Constant Speed,30,No,2018,CHEVROLET,MALIBU,39.01394674,-77.01660141,2024,10,5
240050117,Property Damage Crash,10/20/2024 04:17:00 AM,GERMANTOWN RD (SB/L),NA,Angle,Clear,Dry,Medium,Flashing Traffic Control Signal,NONE DETECTED,No,No Apparent Injury,NA,Not Distracted,SC,Passenger Car,Moving Constant Speed,40,No,2012,CHEVROLET,EXPRESS,39.18335974,-77.25709435,2024,10,4
240050117,Property Damage Crash,10/20/2024 04:17:00 AM,GERMANTOWN RD (SB/L),NA,Angle,Clear,Dry,Medium,Flashing Traffic Control Signal,NONE DETECTED,Yes,No Apparent Injury,NA,Not Distracted,MD,Passenger Car,Turning Left,25,No,2004,FORD,E-250,39.18335974,-77.25709435,2024,10,4
240050114,Property Damage Crash,10/20/2024 03:30:00 AM,FENTON ST,NA,Other,Clear,Dry,Medium,Flashing Traffic Control Signal,NONE DETECTED,No,No Apparent Injury,Failed to Yield Right-of-Way,Unknown,NA,Passenger Car,NA,30,No,2009,HONDA,CIVIC,38.99779663,-77.0274063,2024,10,3
240050114,Property Damage Crash,10/20/2024 03:30:00 AM,FENTON ST,NA,Other,Clear,Dry,Medium,Flashing Traffic Control Signal,NONE DETECTED,No,No Apparent Injury,NA,Not Distracted,MD,Passenger Car,Moving Constant Speed,35,No,2023,TOYOTA,CAMRY,38.99779663,-77.0274063,2024,10,3
240050104,Property Damage Crash,10/20/2024 01:45:00 AM,OAKVIEW DR,NA,Front to Front,Clear,Dry,Medium,No Controls,NONE DETECTED,Yes,No Apparent Injury,Other Improper Action,Unknown,MD,Passenger Car,Moving Constant Speed,25,No,2006,HONDA,CIVIC,39.01546483,-76.983244,2024,10,1
240050102,Property Damage Crash,10/20/2024 12:43:00 AM,GEORGIA AVE,NA,Angle,Clear,Dry,Medium,No Controls,NONE DETECTED,No,No Apparent Injury,NA,Not Distracted,DC,Passenger Car,Moving Constant Speed,35,No,2021,TOYOTA,COROLLA,39.05433002,-77.05044776,2024,10,0
240050102,Property Damage Crash,10/20/2024 12:43:00 AM,GEORGIA AVE,NA,Angle,Clear,Dry,Medium,No Controls,NONE DETECTED,No,NA,NA,NA,NA,Sport Utility Vehicle,NA,35,No,2010,NISSAN,ROGUE,39.05433002,-77.05044776,2024,10,0
240050084,Injury Crash,10/19/2024 10:30:00 PM,OAK LA,Pedestrian,Single Vehicle,Clear,Dry,Medium,No Controls,NONE DETECTED,No,Suspected Serious Injury,NA,Not Distracted,MD,Passenger Car,Moving Constant Speed,25,No,2014,DODGE,CHARGER,38.98389299,-77.08210183,2024,10,22
240050091,Injury Crash,10/19/2024 10:21:00 PM,BONIFANT RD,NA,Rear To Side,Clear,Dry,Medium,No Controls,NONE DETECTED,Yes,No Apparent Injury,NA,Not Distracted,MD,Pickup,Backing,30,No,2020,CHEVROLET,SILVERADO,39.09342585,-77.0397762,2024,10,22
240050091,Injury Crash,10/19/2024 10:21:00 PM,BONIFANT RD,NA,Rear To Side,Clear,Dry,Medium,No Controls,NONE DETECTED,No,Possible Minor Injury,NA,Not Distracted,MD,Passenger Car,Moving Constant Speed,30,No,2018,TOYOTA,C-HR,39.09342585,-77.0397762,2024,10,22
240050081,Property Damage Crash,10/19/2024 09:12:00 PM,NEW HAMPSHIRE AVE (SB/L),NA,Front to Rear,Clear,Dry,Medium,No Controls,ALCOHOL PRESENT,No,No Apparent Injury,"Followed Too Closely, Other Improper Action",Unknown,NA,Passenger Car,NA,35,No,1998,HONDA,ACCORD,38.98703799,-76.98800725,2024,10,21
240050081,Property Damage Crash,10/19/2024 09:12:00 PM,NEW HAMPSHIRE AVE (SB/L),NA,Front to Rear,Clear,Dry,Medium,No Controls,NONE DETECTED,No,No Apparent Injury,Other Improper Action,Not Distracted,MD,Passenger Car,Moving Constant Speed,35,No,2017,VOLKSWAGEN,PASSAT,38.98703799,-76.98800725,2024,10,21
240050081,Property Damage Crash,10/19/2024 09:12:00 PM,NEW HAMPSHIRE AVE (SB/L),NA,Front to Rear,Clear,Dry,Medium,No Controls,NONE DETECTED,No,No Apparent Injury,Other Improper Action,Not Distracted,DC,Passenger Car,Moving Constant Speed,35,No,2015,HONDA,ACCORD,38.98703799,-76.98800725,2024,10,21
240050080,Property Damage Crash,10/19/2024 09:06:00 PM,LAYHILL RD (SB/L),NA,Single Vehicle,Clear,Dry,Medium,No Controls,NONE DETECTED,Yes,No Apparent Injury,NA,Unknown,NA,Passenger Car,NA,35,No,2021,NISSAN,ALTIMA,39.06146222,-77.05102008,2024,10,21
240050124,Property Damage Crash,10/19/2024 09:00:00 PM,FALLBROOK ST,NA,Angle,Clear,Dry,Medium,No Controls,ALCOHOL PRESENT,Yes,No Apparent Injury,NA,"Other Action (looking away from task, etc.)",NA,Passenger Car,NA,25,No,2021,TOYOTA,RAV4,39.14408298,-77.18417031,2024,10,21
240050076,Property Damage Crash,10/19/2024 08:46:00 PM,CENTURY BLVD,NA,"Sideswipe, Same Direction",Clear,Dry,Medium,No Controls,NONE DETECTED,Yes,No Apparent Injury,NA,Not Distracted,MD,Passenger Car,Moving Constant Speed,15,No,2012,MERCEDES-BENZ,E-CLASS,39.18248217,-77.26419733,2024,10,20
240050076,Property Damage Crash,10/19/2024 08:46:00 PM,CENTURY BLVD,NA,"Sideswipe, Same Direction",Clear,Dry,Medium,No Controls,NONE DETECTED,No,No Apparent Injury,NA,Not Distracted,MD,Passenger Car,Parked,15,No,2023,MAZDA,UNKNOWN,39.18248217,-77.26419733,2024,10,20
240050064,Property Damage Crash,10/19/2024 07:00:00 PM,NEW HAMPSHIRE AVE,NA,Angle,Clear,Dry,Dark,No Controls,NONE DETECTED,No,No Apparent Injury,NA,Not Distracted,MD,Passenger Car,Moving Constant Speed,45,No,2022,TOYOTA,COROLLA,39.1136698,-76.99382702,2024,10,19
240050064,Property Damage Crash,10/19/2024 07:00:00 PM,NEW HAMPSHIRE AVE,NA,Angle,Clear,Dry,Dark,No Controls,NONE DETECTED,No,NA,NA,NA,NA,NA,Changing Lanes,45,No,0,NA,NA,39.1136698,-76.99382702,2024,10,19
240050061,Property Damage Crash,10/19/2024 06:27:00 PM,COLUMBIA PIKE (SB/L),NA,Front to Rear,Clear,Dry,Dark,No Controls,NONE DETECTED,Yes,No Apparent Injury,NA,Unknown,MD,Passenger Car,Moving Constant Speed,50,No,2019,TOYOTA,HIGHLANDER,39.10743211,-76.93143904,2024,10,18
240050061,Property Damage Crash,10/19/2024 06:27:00 PM,COLUMBIA PIKE (SB/L),NA,Front to Rear,Clear,Dry,Dark,No Controls,NONE DETECTED,No,No Apparent Injury,NA,Not Distracted,MD,Passenger Car,Moving Constant Speed,50,No,2019,HYUNDAI,SANTA FE,39.10743211,-76.93143904,2024,10,18
240050061,Property Damage Crash,10/19/2024 06:27:00 PM,COLUMBIA PIKE (SB/L),NA,Front to Rear,Clear,Dry,Dark,No Controls,NONE DETECTED,No,No Apparent Injury,NA,Not Distracted,MD,Passenger Car,Moving Constant Speed,50,No,2018,TOYOTA,CAMRY,39.10743211,-76.93143904,2024,10,18
240050058,Property Damage Crash,10/19/2024 06:26:00 PM,NA,NA,Other,Clear,Dry,Medium,Traffic Control Signal,NONE DETECTED,Yes,No Apparent Injury,NA,Unknown,MD,Passenger Car,Changing Lanes,45,No,2008,NISSAN,ALTIMA,39.06819929,-77.06108105,2024,10,18
240050058,Property Damage Crash,10/19/2024 06:26:00 PM,NA,NA,Other,Clear,Dry,Medium,Traffic Control Signal,NONE DETECTED,No,No Apparent Injury,NA,Not Distracted,MD,Passenger Car,Moving Constant Speed,45,No,2017,FORD,TAURUS,39.06819929,-77.06108105,2024,10,18
240050057,Property Damage Crash,10/19/2024 05:25:00 PM,FREDERICK RD (SB/L),NA,"Sideswipe, Same Direction",Clear,Dry,Daylight,Traffic Control Signal,NONE DETECTED,No,No Apparent Injury,NA,Not Distracted,MD,Sport Utility Vehicle,Accelerating,30,No,2019,TOYOTA,RAV4,39.17841921,-77.23861377,2024,10,17
240050057,Property Damage Crash,10/19/2024 05:25:00 PM,FREDERICK RD (SB/L),NA,"Sideswipe, Same Direction",Clear,Dry,Daylight,Traffic Control Signal,NONE DETECTED,Yes,No Apparent Injury,"Failed to Yield Right-of-Way, Improper Turn, Operated Motor Vehicle in Inattentive, Careless, Negligent, or Erratic Manner, Other Improper Action, Ran Red Light",Unknown,NA,Pickup,Turning Right,40,No,2007,CHEVROLET,SUBURBAN,39.17841921,-77.23861377,2024,10,17
240050048,Property Damage Crash,10/19/2024 05:04:00 PM,RIDGE RD,NA,Front to Rear,Clear,Dry,Daylight,Other,NONE DETECTED,Yes,No Apparent Injury,NA,Unknown,MD,Passenger Car,Moving Constant Speed,40,No,2012,VOLKSWAGEN,GTI,39.19903318,-77.26151774,2024,10,17