Local Case Number,ACRS Report Type,Crash Date/Time,Road Name,Related Non-Motorist,Collision Type,Weather,Surface Condition,Light,Traffic Control,Driver Substance Abuse,Driver At Fault,Injury Severity,Circumstance,Driver Distracted By,Drivers License State,Vehicle Body Type,Vehicle Movement,Speed Limit,Driverless Vehicle,Vehicle Year,Vehicle Make,Vehicle Model,Latitude,Longitude,Year,Month,Hour
240050048,Property Damage Crash,10/19/2024 05:04:00 PM,RIDGE RD,NA,Front to Rear,Clear,Dry,Daylight,Other,NONE DETECTED,Yes,No Apparent Injury,Followed Too Closely,Unknown,MD,Passenger Car,Moving Constant Speed,40,No,2007,HONDA,ODYSSEY,39.19903318,-77.26151774,2024,10,17
240050048,Property Damage Crash,10/19/2024 05:04:00 PM,RIDGE RD,NA,Front to Rear,Clear,Dry,Daylight,Other,NONE DETECTED,No,No Apparent Injury,Other Improper Action,Unknown,VA,Passenger Car,Moving Constant Speed,40,No,2023,HONDA,ODYSSEY,39.19903318,-77.26151774,2024,10,17
240050048,Property Damage Crash,10/19/2024 05:04:00 PM,RIDGE RD,NA,Front to Rear,Clear,Dry,Daylight,Other,NONE DETECTED,Yes,No Apparent Injury,NA,Unknown,MD,Passenger Car,Moving Constant Speed,40,No,2020,BMW,M340I,39.19903318,-77.26151774,2024,10,17
240050039,Property Damage Crash,10/19/2024 04:00:00 PM,SNOUFFERS SCHOOL RD,NA,Angle,Clear,Dry,Daylight,Traffic Control Signal,NONE DETECTED,No,No Apparent Injury,NA,Not Distracted,MD,Passenger Car,Moving Constant Speed,30,No,2013,FORD,EDGE,39.18775478,-77.18671102,2024,10,16
240050039,Property Damage Crash,10/19/2024 04:00:00 PM,SNOUFFERS SCHOOL RD,NA,Angle,Clear,Dry,Daylight,Traffic Control Signal,NONE DETECTED,Yes,No Apparent Injury,"Failed to Yield Right-of-Way, Ran Red Light",Unknown,MD,Passenger Car,Moving Constant Speed,30,No,2015,DODGE,CARAVAN/GRAND CARAVAN,39.18775478,-77.18671102,2024,10,16
240050045,Property Damage Crash,10/19/2024 03:57:00 PM,NA,NA,Front to Rear,Clear,Dry,Daylight,Traffic Control Signal,NONE DETECTED,No,No Apparent Injury,NA,Not Distracted,MD,Van - Passenger (&lt;9 Seats),Moving Constant Speed,35,No,2007,TOYOTA,SIENNA,39.24023803,-77.28116886,2024,10,15
240050045,Property Damage Crash,10/19/2024 03:57:00 PM,NA,NA,Front to Rear,Clear,Dry,Daylight,Traffic Control Signal,NONE DETECTED,No,No Apparent Injury,NA,Not Distracted,MD,Sport Utility Vehicle,Moving Constant Speed,35,No,2016,ACURA,MDX,39.24023803,-77.28116886,2024,10,15
240050045,Property Damage Crash,10/19/2024 03:57:00 PM,NA,NA,Front to Rear,Clear,Dry,Daylight,Traffic Control Signal,NONE DETECTED,Yes,No Apparent Injury,Followed Too Closely,Unknown,MD,Passenger Car,Moving Constant Speed,35,No,2009,HONDA,CR-V,39.24023803,-77.28116886,2024,10,15
240050042,Property Damage Crash,10/19/2024 03:50:00 PM,BRIGGS CHANEY RD (WB/L),NA,Front to Rear,Clear,Dry,Daylight,Traffic Control Signal,NONE DETECTED,Yes,No Apparent Injury,NA,Not Distracted,NA,Passenger Car,Moving Constant Speed,35,No,2014,HONDA,CIVIC,39.0835491,-76.94889692,2024,10,15
240050042,Property Damage Crash,10/19/2024 03:50:00 PM,BRIGGS CHANEY RD (WB/L),NA,Front to Rear,Clear,Dry,Daylight,Traffic Control Signal,NONE DETECTED,No,No Apparent Injury,NA,Not Distracted,MD,Van - Passenger (&lt;9 Seats),Slowing or Stopping,35,No,2024,TOYOTA,SIENNA,39.0835491,-76.94889692,2024,10,15
240050042,Property Damage Crash,10/19/2024 03:50:00 PM,BRIGGS CHANEY RD (WB/L),NA,Front to Rear,Clear,Dry,Daylight,Traffic Control Signal,NONE DETECTED,No,No Apparent Injury,NA,Not Distracted,MD,Passenger Car,Moving Constant Speed,35,No,2013,NISSAN,ALTIMA,39.0835491,-76.94889692,2024,10,15
240050040,Injury Crash,10/19/2024 03:28:00 PM,GREAT SENECA HWY (SB/L),NA,Angle,Clear,Dry,Daylight,No Controls,NONE DETECTED,No,Suspected Serious Injury,NA,Not Distracted,MD,Passenger Car,Moving Constant Speed,45,No,2017,VOLKSWAGEN,JETTA,39.15726267,-77.27585836,2024,10,15
240050040,Injury Crash,10/19/2024 03:28:00 PM,GREAT SENECA HWY (SB/L),NA,Angle,Clear,Dry,Daylight,Yield Sign,NONE DETECTED,Yes,No Apparent Injury,NA,Not Distracted,MD,Passenger Car,Entering Traffic Lane,45,No,2018,BMW,UNKNOWN,39.15726267,-77.27585836,2024,10,15
240050035,Property Damage Crash,10/19/2024 02:52:00 PM,THUNDERCLOUD RD,NA,Angle,Clear,Dry,Daylight,Stop Sign,NONE DETECTED,Yes,No Apparent Injury,"Failed to Yield Right-of-Way, Other Improper Action, Ran Stop Sign, Too Fast For Conditions",Unknown,MD,Sport Utility Vehicle,Accelerating,25,No,2024,HYUNDAI,PALISADE,39.16211478,-77.30584855,2024,10,14
240050035,Property Damage Crash,10/19/2024 02:52:00 PM,THUNDERCLOUD RD,NA,Angle,Clear,Dry,Daylight,No Controls,NONE DETECTED,No,No Apparent Injury,NA,Not Distracted,MD,Passenger Car,Moving Constant Speed,25,No,2018,BMW,330CI,39.16211478,-77.30584855,2024,10,14
240050034,Injury Crash,10/19/2024 02:49:00 PM,NA,Pedestrian,Single Vehicle,Clear,NA,Daylight,NA,NONE DETECTED,Yes,No Apparent Injury,Other Improper Action,"Other Action (looking away from task, etc.)",NC,Sport Utility Vehicle,Accelerating,0,No,2025,BMW,X7,39.06644355,-77.12744955,2024,10,14
240050037,Injury Crash,10/19/2024 02:42:00 PM,WOODFIELD RD EXT,NA,"Sideswipe, Opposite Direction",Clear,Dry,Daylight,No Controls,ALCOHOL PRESENT,Yes,Possible Minor Injury,"Improper Passing, Operated Motor Vehicle in Inattentive, Careless, Negligent, or Erratic Manner, Operated Motor Vehicle in Reckless or Aggressive Manner",Not Distracted,MD,Passenger Car,Overtaking/Passing,35,No,2017,HONDA,CIVIC,39.29597793,-77.19954328,2024,10,14
240050037,Injury Crash,10/19/2024 02:42:00 PM,WOODFIELD RD EXT,NA,"Sideswipe, Opposite Direction",Clear,Dry,Daylight,No Controls,NONE DETECTED,No,Possible Minor Injury,NA,Not Distracted,TX,Sport Utility Vehicle,Moving Constant Speed,35,No,2017,HONDA,PILOT,39.29597793,-77.19954328,2024,10,14
240050032,Injury Crash,10/19/2024 02:22:00 PM,NA,NA,Front to Rear,Clear,NA,Daylight,NA,NONE DETECTED,Yes,No Apparent Injury,NA,Unknown,MD,Passenger Car,Moving Constant Speed,0,No,2019,HONDA,HONDA UTILITY VEHICLE,39.14266414,-77.20057057,2024,10,14
240050032,Injury Crash,10/19/2024 02:22:00 PM,NA,NA,Front to Rear,Clear,NA,Daylight,NA,NONE DETECTED,No,Possible Minor Injury,NA,Unknown,MD,Passenger Car,Moving Constant Speed,0,No,2011,FORD,F-150,39.14266414,-77.20057057,2024,10,14
240050024,Property Damage Crash,10/19/2024 01:41:00 PM,HENDERSON AVE,NA,Other,Clear,Dry,Daylight,No Controls,NONE DETECTED,No,No Apparent Injury,NA,Not Distracted,MD,Sport Utility Vehicle,Moving Constant Speed,35,No,2019,TOYOTA,RAV4,39.05067768,-77.05166858,2024,10,13
240050024,Property Damage Crash,10/19/2024 01:41:00 PM,HENDERSON AVE,NA,Other,Clear,Dry,Daylight,No Controls,NONE DETECTED,No,No Apparent Injury,NA,Not Distracted,MD,Passenger Car,Turning Left,35,No,2015,CHEVROLET,MALIBU,39.05067768,-77.05166858,2024,10,13
240050023,Property Damage Crash,10/19/2024 12:55:00 PM,NA,NA,Front to Rear,Clear,NA,Daylight,NA,NONE DETECTED,No,No Apparent Injury,NA,Not Distracted,MD,Passenger Car,Slowing or Stopping,0,No,2022,LEXUS,RX,39.19237758,-77.24395151,2024,10,12
240050023,Property Damage Crash,10/19/2024 12:55:00 PM,NA,NA,Front to Rear,Clear,NA,Daylight,NA,NONE DETECTED,Yes,No Apparent Injury,Other Improper Action,"Other Action (looking away from task, etc.)",MD,Pickup,Slowing or Stopping,0,No,2012,FORD,F-150,39.19237758,-77.24395151,2024,10,12
240050013,Property Damage Crash,10/19/2024 12:35:00 PM,NA,NA,Front to Rear,Clear,Dry,Daylight,No Controls,NONE DETECTED,Yes,No Apparent Injury,NA,Unknown,NA,Van - Passenger (&lt;9 Seats),Slowing or Stopping,35,No,2013,CHEVROLET,EXPRESS,39.01477567,-77.20426667,2024,10,12
240050013,Property Damage Crash,10/19/2024 12:35:00 PM,NA,NA,Front to Rear,Clear,Dry,Daylight,No Controls,NONE DETECTED,No,No Apparent Injury,NA,Not Distracted,MD,Passenger Car,Slowing or Stopping,35,No,2017,TOYOTA,YARIS,39.01477567,-77.20426667,2024,10,12
240050009,Injury Crash,10/19/2024 12:10:00 PM,MACARTHUR BLVD,Cyclist (non-electric),Single Vehicle,Clear,Dry,Daylight,Traffic Control Signal,NONE DETECTED,Yes,No Apparent Injury,NA,"Other Action (looking away from task, etc.)",DC,Passenger Car,Turning Right,25,No,2023,HYUNDAI,KONA,38.96447409,-77.13610862,2024,10,12
240050006,Injury Crash,10/19/2024 12:00:00 PM,W DIAMOND AVE (WB/L),NA,Other,Clear,Dry,Daylight,Traffic Control Signal,NONE DETECTED,No,Possible Minor Injury,NA,Not Distracted,MD,Passenger Car,Turning Right,35,No,2024,HONDA,CIVIC,39.141881,-77.21780833,2024,10,12
240050006,Injury Crash,10/19/2024 12:00:00 PM,W DIAMOND AVE (WB/L),NA,Other,Clear,Dry,Daylight,Traffic Control Signal,NONE DETECTED,No,No Apparent Injury,Failed to Yield Right-of-Way,Not Distracted,MD,Sport Utility Vehicle,Turning Left,35,No,2020,HYUNDAI,TUCSON,39.141881,-77.21780833,2024,10,12
240050006,Injury Crash,10/19/2024 12:00:00 PM,W DIAMOND AVE (WB/L),NA,Other,Clear,Dry,Daylight,Traffic Control Signal,NONE DETECTED,No,Suspected Serious Injury,NA,Unknown,MD,Passenger Car,Moving Constant Speed,35,No,2018,HONDA,CIVIC,39.141881,-77.21780833,2024,10,12
240050003,Property Damage Crash,10/19/2024 10:57:00 AM,NA,NA,Front to Rear,Clear,NA,Daylight,NA,NONE DETECTED,No,No Apparent Injury,NA,Unknown,MD,Passenger Car,Slowing or Stopping,0,No,2012,DODGE,CHARGER,39.13529233,-77.1941445,2024,10,10
240050003,Property Damage Crash,10/19/2024 10:57:00 AM,NA,NA,Front to Rear,Clear,NA,Daylight,NA,NONE DETECTED,No,No Apparent Injury,NA,Not Distracted,MD,Bus - School,Parked,0,No,2022,FREIGHTLINER,B2 BUS CHASSIS,39.13529233,-77.1941445,2024,10,10
240049982,Property Damage Crash,10/19/2024 07:43:00 AM,ASHLEY AVE,NA,Single Vehicle,Clear,Dry,Daylight,No Controls,NONE DETECTED,No,No Apparent Injury,NA,Not Distracted,TN,Other Trucks,Turning Left,20,No,2022,WESTERN STAR,UNKNOWN,39.09689049,-77.15140206,2024,10,7
240049964,Property Damage Crash,10/19/2024 03:29:00 AM,NA,NA,Single Vehicle,Clear,Dry,Medium,No Controls,NONE DETECTED,Yes,No Apparent Injury,"Failed to Keep in Proper Lane, Ran Off Roadway",Not Distracted,MD,Passenger Car,Moving Constant Speed,40,No,2013,HONDA,ACCORD,39.07790037,-76.98750172,2024,10,3
240049947,Injury Crash,10/19/2024 03:06:00 AM,TECH RD,Pedestrian,Single Vehicle,Clear,Dry,Medium,Traffic Control Signal,NONE DETECTED,No,No Apparent Injury,NA,Unknown,MD,Passenger Car,Moving Constant Speed,45,No,2022,HONDA,ACCORD,39.05795366,-76.96832733,2024,10,3
240049961,Injury Crash,10/19/2024 02:38:00 AM,ST MARGARETS WAY,NA,Front to Rear,Clear,Dry,Medium,No Controls,NONE DETECTED,Yes,Possible Minor Injury,NA,Unknown,MD,Sport Utility Vehicle,Moving Constant Speed,15,No,2018,AUDI,Q3,39.03261113,-77.05212046,2024,10,2
240049956,Property Damage Crash,10/19/2024 01:59:00 AM,PARKER CT,NA,Angle,Clear,Dry,Dark,No Controls,ALCOHOL PRESENT,Yes,No Apparent Injury,NA,Unknown,MD,Passenger Car,Moving Constant Speed,25,No,2005,TOYOTA,CAMRY,39.04919192,-77.05851249,2024,10,1
240050079,Property Damage Crash,10/19/2024 01:50:00 AM,ARCOLA AVE,NA,"Sideswipe, Same Direction",Clear,Dry,Dark,No Controls,ALCOHOL PRESENT,Yes,No Apparent Injury,NA,Unknown,MD,Passenger Car,Moving Constant Speed,25,No,2005,TOYOTA,CAMRY,39.04874876,-77.05694541,2024,10,1
240049951,Injury Crash,10/19/2024 01:27:00 AM,GERMANTOWN RD,NA,Front to Rear,Clear,Dry,Medium,No Controls,NONE DETECTED,No,Possible Minor Injury,NA,Not Distracted,MD,Passenger Car,Turning Right,40,No,2017,TOYOTA,RAV4,39.18105733,-77.26214033,2024,10,1
240049951,Injury Crash,10/19/2024 01:27:00 AM,GERMANTOWN RD,NA,Front to Rear,Clear,Dry,Medium,No Controls,NONE DETECTED,Yes,No Apparent Injury,"Followed Too Closely, Operated Motor Vehicle in Inattentive, Careless, Negligent, or Erratic Manner",Not Distracted,MD,Passenger Car,Moving Constant Speed,40,No,2020,TOYOTA,COROLLA,39.18105733,-77.26214033,2024,10,1
240049945,Property Damage Crash,10/18/2024 10:51:00 PM,POWDER MILL RD,NA,Front to Rear,Clear,Dry,Dark,No Controls,NONE DETECTED,No,NA,NA,NA,NA,Pickup,Moving Constant Speed,35,No,2020,TOYOTA,TUNDRA,39.02375727,-76.9732747,2024,10,22
240049939,Property Damage Crash,10/18/2024 10:26:00 PM,NEW HAMPSHIRE AVE (SB/L),NA,Front to Rear,Clear,Dry,Medium,No Controls,NONE DETECTED,No,No Apparent Injury,NA,Not Distracted,MD,Passenger Car,Slowing or Stopping,35,No,2023,TESLA,MODEL X,39.01972967,-76.97668466,2024,10,22
240049939,Property Damage Crash,10/18/2024 10:26:00 PM,NEW HAMPSHIRE AVE (SB/L),NA,Front to Rear,Clear,Dry,Medium,No Controls,NONE DETECTED,Yes,No Apparent Injury,Followed Too Closely,Unknown,MD,Pickup,Slowing or Stopping,35,No,2005,NISSAN,FRONTIER,39.01972967,-76.97668466,2024,10,22
240049939,Property Damage Crash,10/18/2024 10:26:00 PM,NEW HAMPSHIRE AVE (SB/L),NA,Front to Rear,Clear,Dry,Medium,No Controls,NONE DETECTED,No,No Apparent Injury,NA,Not Distracted,MD,Passenger Car,Slowing or Stopping,35,No,2020,ACURA,RDX,39.01972967,-76.97668466,2024,10,22
240049932,Injury Crash,10/18/2024 09:11:00 PM,NORBECK RD (WB/L),NA,Angle,Clear,Dry,Medium,Traffic Control Signal,NONE DETECTED,Yes,No Apparent Injury,Other Improper Action,Not Distracted,MD,Sport Utility Vehicle,Accelerating,35,No,2023,TESLA,MODEL Y,39.10896123,-77.08031218,2024,10,21
240049932,Injury Crash,10/18/2024 09:11:00 PM,NORBECK RD (WB/L),NA,Angle,Clear,Dry,Medium,Traffic Control Signal,NONE DETECTED,Yes,No Apparent Injury,Other Improper Action,Not Distracted,MD,Sport Utility Vehicle,Moving Constant Speed,35,No,2012,BUICK,ENCLAVE,39.10896123,-77.08031218,2024,10,21
240049930,Property Damage Crash,10/18/2024 08:54:00 PM,RANDOLPH RD (WB/L),NA,Front to Rear,Clear,Dry,Medium,No Controls,NONE DETECTED,No,NA,NA,NA,NA,Passenger Car,NA,35,No,2009,HYUNDAI,SONATA,39.05364729,-77.08758707,2024,10,20
240049930,Property Damage Crash,10/18/2024 08:54:00 PM,RANDOLPH RD (WB/L),NA,Front to Rear,Clear,Dry,Medium,No Controls,NONE DETECTED,No,No Apparent Injury,NA,Not Distracted,MD,Passenger Car,NA,35,No,2010,TOYOTA,CAMRY,39.05364729,-77.08758707,2024,10,20
240049923,Injury Crash,10/18/2024 07:57:00 PM,BEL PRE RD,NA,"Sideswipe, Same Direction",Clear,Dry,Medium,No Controls,NONE DETECTED,No,Possible Minor Injury,NA,Not Distracted,MD,Passenger Car,Moving Constant Speed,35,No,2001,BMW,330CI,39.09346237,-77.07479008,2024,10,19
240049923,Injury Crash,10/18/2024 07:57:00 PM,BEL PRE RD,NA,"Sideswipe, Same Direction",Clear,Dry,Medium,No Controls,NONE DETECTED,Yes,No Apparent Injury,Improper Turn,Not Distracted,MD,Sport Utility Vehicle,Changing Lanes,35,No,2008,TOYOTA,HIGHLANDER,39.09346237,-77.07479008,2024,10,19
240049925,Injury Crash,10/18/2024 07:52:00 PM,BONIFANT RD,NA,Front to Front,Clear,Dry,Medium,No Controls,NONE DETECTED,Yes,No Apparent Injury,Other Improper Action,Unknown,MD,Pickup,Moving Constant Speed,25,No,2018,TOYOTA,TACOMA,39.09091029,-77.04372953,2024,10,19
240049925,Injury Crash,10/18/2024 07:52:00 PM,BONIFANT RD,NA,Front to Front,Clear,Dry,Medium,No Controls,NONE DETECTED,Yes,Possible Minor Injury,Other Improper Action,Unknown,MD,Passenger Car,Slowing or Stopping,25,No,2021,TOYOTA,CAMRY,39.09091029,-77.04372953,2024,10,19
240049917,Injury Crash,10/18/2024 06:54:00 PM,LAYHILL RD (SB/L),NA,Angle,Clear,Dry,Dark,No Controls,NONE DETECTED,Yes,Possible Minor Injury,NA,Unknown,MD,Pickup,Turning Left,35,No,2023,CHEVROLET,COLORADO,39.0748209,-77.04577212,2024,10,18
240049917,Injury Crash,10/18/2024 06:54:00 PM,LAYHILL RD (SB/L),NA,Angle,Clear,Dry,Dark,No Controls,NONE DETECTED,No,Possible Minor Injury,NA,Not Distracted,MD,Passenger Car,Moving Constant Speed,35,No,2011,KIA,SORENTO,39.0748209,-77.04577212,2024,10,18
240049911,Property Damage Crash,10/18/2024 06:17:00 PM,NA,NA,Front to Rear,Clear,NA,Daylight,NA,NONE DETECTED,No,No Apparent Injury,NA,Not Distracted,NA,Moped Or motorized bicycle,Stopped in Traffic,0,No,2024,TRANSPRO,UNKNOWN,39.08937233,-77.0698605,2024,10,18
240049911,Property Damage Crash,10/18/2024 06:17:00 PM,NA,NA,Front to Rear,Clear,NA,Daylight,NA,NONE DETECTED,Yes,No Apparent Injury,NA,Not Distracted,MD,Passenger Car,Backing,0,No,2017,FORD,TAURUS,39.08937233,-77.0698605,2024,10,18
240049902,Property Damage Crash,10/18/2024 05:24:00 PM,CENTURY BLVD,NA,"Sideswipe, Same Direction",Clear,Dry,Daylight,Traffic Control Signal,NONE DETECTED,No,No Apparent Injury,NA,Not Distracted,MD,Passenger Car,Slowing or Stopping,35,No,2022,MITSUBISHI,OUTLANDER,39.18143726,-77.26622652,2024,10,17
240049902,Property Damage Crash,10/18/2024 05:24:00 PM,CENTURY BLVD,NA,"Sideswipe, Same Direction",Clear,Dry,Daylight,Traffic Control Signal,NONE DETECTED,Yes,No Apparent Injury,NA,Not Distracted,MD,Passenger Car,NA,35,No,2018,CHEVROLET,CRUZE,39.18143726,-77.26622652,2024,10,17
240049902,Property Damage Crash,10/18/2024 05:24:00 PM,CENTURY BLVD,NA,"Sideswipe, Same Direction",Clear,Dry,Daylight,Traffic Control Signal,NONE DETECTED,No,No Apparent Injury,NA,Not Distracted,MD,Passenger Car,Stopped in Traffic,35,No,2017,HYUNDAI,UNKNOWN,39.18143726,-77.26622652,2024,10,17
240049902,Property Damage Crash,10/18/2024 05:24:00 PM,CENTURY BLVD,NA,"Sideswipe, Same Direction",Clear,Dry,Daylight,Traffic Control Signal,NONE DETECTED,No,No Apparent Injury,NA,Not Distracted,MD,Passenger Car,Stopped in Traffic,35,No,2018,HYUNDAI,UNKNOWN,39.18143726,-77.26622652,2024,10,17
240049888,Injury Crash,10/18/2024 05:00:00 PM,WOODSIDE PKWY,Pedestrian,Single Vehicle,Clear,Dry,Daylight,No Controls,NONE DETECTED,No,No Apparent Injury,NA,Not Distracted,MD,Passenger Car,Moving Constant Speed,20,No,2021,KIA,SORENTO,39.00488738,-77.03148883,2024,10,17
240049895,Injury Crash,10/18/2024 04:58:00 PM,S FREDERICK RD (SB/L),NA,Front to Rear,Clear,Dry,Daylight,Traffic Control Signal,NONE DETECTED,No,No Apparent Injury,NA,Not Distracted,MD,Passenger Car,Stopped in Traffic,35,No,2006,NISSAN,ALTIMA,39.13249939,-77.18925325,2024,10,16
240049895,Injury Crash,10/18/2024 04:58:00 PM,S FREDERICK RD (SB/L),NA,Front to Rear,Clear,Dry,Daylight,Traffic Control Signal,NONE DETECTED,Yes,No Apparent Injury,NA,Unknown,MD,Passenger Car,Moving Constant Speed,35,No,2016,HONDA,CR-V,39.13249939,-77.18925325,2024,10,16
240049895,Injury Crash,10/18/2024 04:58:00 PM,S FREDERICK RD (SB/L),NA,Front to Rear,Clear,Dry,Daylight,Traffic Control Signal,NONE DETECTED,No,Possible Minor Injury,NA,Not Distracted,MD,Passenger Car,Stopped in Traffic,35,No,2023,TOYOTA,RAV4,39.13249939,-77.18925325,2024,10,16
240049895,Injury Crash,10/18/2024 04:58:00 PM,S FREDERICK RD (SB/L),NA,Front to Rear,Clear,Dry,Daylight,Traffic Control Signal,NONE DETECTED,No,Possible Minor Injury,NA,Not Distracted,MD,Passenger Car,Stopped in Traffic,35,No,2025,CHEVROLET,TRAX,39.13249939,-77.18925325,2024,10,16
240049885,Injury Crash,10/18/2024 04:39:00 PM,RIDGE RD,NA,Angle,Clear,Dry,Daylight,No Controls,NONE DETECTED,No,Possible Minor Injury,Failed to Yield Right-of-Way,Not Distracted,PA,Passenger Car,Turning Left,30,No,2011,CHEVROLET,CRUZE,39.2880396,-77.2065938,2024,10,16
240049885,Injury Crash,10/18/2024 04:39:00 PM,RIDGE RD,NA,Angle,Clear,Dry,Daylight,No Controls,NONE DETECTED,No,No Apparent Injury,NA,Not Distracted,MD,Passenger Car,Accelerating,30,No,2021,TOYOTA,RAV4,39.2880396,-77.2065938,2024,10,16
240049887,Property Damage Crash,10/18/2024 04:38:00 PM,OLD GEORGETOWN RD,NA,Front to Rear,Clear,Dry,Daylight,No Controls,NONE DETECTED,Yes,No Apparent Injury,NA,Talking/listening,MD,Passenger Car,Accelerating,35,No,2012,KIA,OPTIMA,39.04091104,-77.12195699,2024,10,16
240049887,Property Damage Crash,10/18/2024 04:38:00 PM,OLD GEORGETOWN RD,NA,Front to Rear,Clear,Dry,Daylight,No Controls,NONE DETECTED,No,No Apparent Injury,NA,Not Distracted,MD,Passenger Car,Slowing or Stopping,35,No,2016,HONDA,ACCORD,39.04091104,-77.12195699,2024,10,16
240049875,Property Damage Crash,10/18/2024 03:34:00 PM,NEW HAMPSHIRE AVE (SB/L),NA,Angle,Clear,Dry,Daylight,No Controls,NONE DETECTED,Yes,No Apparent Injury,Failed to Yield Right-of-Way,Not Distracted,MD,Passenger Car,Entering Traffic Lane,40,No,2011,MERCEDES-BENZ,E-CLASS,39.07703017,-77.00178984,2024,10,15
240049875,Property Damage Crash,10/18/2024 03:34:00 PM,NEW HAMPSHIRE AVE (SB/L),NA,Angle,Clear,Dry,Daylight,No Controls,NONE DETECTED,No,No Apparent Injury,NA,Not Distracted,MD,Passenger Car,Moving Constant Speed,40,No,2018,HONDA,ACCORD,39.07703017,-77.00178984,2024,10,15
240049891,Property Damage Crash,10/18/2024 03:30:00 PM,NA,NA,Unknown,Clear,NA,Daylight,NA,NONE DETECTED,Yes,No Apparent Injury,NA,Unknown,MD,Passenger Car,NA,0,No,2017,TOYOTA,PRIUS,39.0992105,-77.1996855,2024,10,15
240049869,Property Damage Crash,10/18/2024 02:50:00 PM,RAMP 1 FR RP 4 EB TO DEMOCRACY BLVD,NA,Angle,Clear,Dry,Daylight,Traffic Control Signal,NONE DETECTED,No,No Apparent Injury,NA,Not Distracted,FL,Van - Passenger (&lt;9 Seats),Moving Constant Speed,30,No,2018,TOYOTA,SIENNA,39.0216317,-77.14122966,2024,10,14
240049869,Property Damage Crash,10/18/2024 02:50:00 PM,RAMP 1 FR RP 4 EB TO DEMOCRACY BLVD,NA,Angle,Clear,Dry,Daylight,Traffic Control Signal,NONE DETECTED,Yes,No Apparent Injury,Ran Red Light,Not Distracted,MD,Passenger Car,Moving Constant Speed,30,No,2002,TOYOTA,CAMRY,39.0216317,-77.14122966,2024,10,14
240049872,Property Damage Crash,10/18/2024 02:36:00 PM,SUDBURY RD,NA,Rear To Rear,Clear,Dry,Daylight,No Controls,NONE DETECTED,No,No Apparent Injury,NA,Not Distracted,DC,Passenger Car,Backing,15,No,2024,UNKNOWN,UNKNOWN,39.00519536,-77.00541897,2024,10,14
240049843,Injury Crash,10/18/2024 01:20:00 PM,STRATOS LA,NA,Angle,Clear,Dry,Daylight,Traffic Control Signal,NONE DETECTED,No,Possible Minor Injury,NA,Not Distracted,MD,Passenger Car,Turning Left,45,No,2022,HYUNDAI,KONA,39.160815,-77.14485,2024,10,13
240049843,Injury Crash,10/18/2024 01:20:00 PM,STRATOS LA,NA,Angle,Clear,Dry,Daylight,Traffic Control Signal,NONE DETECTED,Yes,No Apparent Injury,"Ran Red Light, Too Fast For Conditions",Not Distracted,MD,Passenger Car,Slowing or Stopping,45,No,2006,LEXUS,LS,39.160815,-77.14485,2024,10,13
240049830,Injury Crash,10/18/2024 12:29:00 PM,HENSLOWE DR,NA,Other,Clear,Dry,Daylight,Traffic Control Signal,NONE DETECTED,No,Possible Minor Injury,NA,Not Distracted,MD,Passenger Car,Turning Left,25,No,2024,BMW,330I,39.06665118,-77.1648809,2024,10,12
240049830,Injury Crash,10/18/2024 12:29:00 PM,HENSLOWE DR,NA,Other,Clear,Dry,Daylight,Traffic Control Signal,NONE DETECTED,No,No Apparent Injury,Ran Red Light,Not Distracted,MD,Pickup,Moving Constant Speed,40,No,2008,CHEVROLET,SILVERADO,39.06665118,-77.1648809,2024,10,12
240049795,Injury Crash,10/18/2024 09:35:00 AM,LAYHILL RD (SB/L),NA,Angle,Clear,Dry,Daylight,Traffic Control Signal,NONE DETECTED,Yes,No Apparent Injury,Other Improper Action,Not Distracted,MD,Passenger Car,Turning Left,35,No,2020,HONDA,CR-V,39.0632448,-77.05040301,2024,10,9