Local Case Number,ACRS Report Type,Crash Date/Time,Road Name,Related Non-Motorist,Collision Type,Weather,Surface Condition,Light,Traffic Control,Driver Substance Abuse,Driver At Fault,Injury Severity,Circumstance,Driver Distracted By,Drivers License State,Vehicle Body Type,Vehicle Movement,Speed Limit,Driverless Vehicle,Vehicle Year,Vehicle Make,Vehicle Model,Latitude,Longitude,Year,Month,Hour
240049551,Injury Crash,10/16/2024 08:36:00 PM,FENTON ST,NA,Front to Rear,Clear,Dry,Medium,Traffic Control Signal,NONE DETECTED,No,No Apparent Injury,Followed Too Closely,Unknown,MD,Passenger Car,Slowing or Stopping,30,No,2008,NISSAN,ALTIMA,38.99332423,-77.02412377,2024,10,20
240049555,Property Damage Crash,10/16/2024 08:30:00 PM,GEORGIA AVE,NA,Front to Rear,Clear,Dry,Medium,No Controls,NONE DETECTED,No,NA,NA,NA,NA,Other,NA,15,No,2006,FORD,E-250,39.04275993,-77.05178886,2024,10,20
240049543,Property Damage Crash,10/16/2024 07:44:00 PM,STRATHMORE AVE,NA,Front to Rear,Clear,Dry,Medium,Traffic Control Signal,NONE DETECTED,No,No Apparent Injury,NA,Not Distracted,MD,Passenger Car,Overtaking/Passing,35,No,2011,LEXUS,RX,39.034765,-77.10688333,2024,10,19
240049543,Property Damage Crash,10/16/2024 07:44:00 PM,STRATHMORE AVE,NA,Front to Rear,Clear,Dry,Medium,Traffic Control Signal,NONE DETECTED,No,No Apparent Injury,NA,Not Distracted,MD,Passenger Car,Turning Left,35,No,2024,MAZDA,UNKNOWN,39.034765,-77.10688333,2024,10,19
240049543,Property Damage Crash,10/16/2024 07:44:00 PM,STRATHMORE AVE,NA,Front to Rear,Clear,Dry,Medium,Traffic Control Signal,NONE DETECTED,No,No Apparent Injury,NA,Not Distracted,MD,Passenger Car,Slowing or Stopping,35,No,2014,BMW,I3,39.034765,-77.10688333,2024,10,19
240049538,Property Damage Crash,10/16/2024 07:36:00 PM,COLUMBIA PIKE (SB/L),NA,Single Vehicle,Clear,Dry,Medium,Traffic Control Signal,NONE DETECTED,No,No Apparent Injury,NA,Not Distracted,MD,Passenger Car,Moving Constant Speed,35,No,2011,TOYOTA,4-RUNNER,39.03610998,-77.00058639,2024,10,19
240049538,Property Damage Crash,10/16/2024 07:36:00 PM,COLUMBIA PIKE (SB/L),NA,Single Vehicle,Clear,Dry,Medium,Traffic Control Signal,NONE DETECTED,No,NA,NA,NA,NA,NA,Entering Traffic Lane,35,No,0,NA,NA,39.03610998,-77.00058639,2024,10,19
240049535,Injury Crash,10/16/2024 07:30:00 PM,UNIVERSITY BLVD W,NA,"Sideswipe, Same Direction",Clear,Dry,Medium,No Controls,NONE DETECTED,No,No Apparent Injury,NA,Not Distracted,MD,Passenger Car,Moving Constant Speed,30,No,2006,TOYOTA,SIENNA,39.0393274,-77.05650406,2024,10,19
240049533,Property Damage Crash,10/16/2024 07:30:00 PM,WISCONSIN AVE,NA,"Sideswipe, Same Direction",Clear,Dry,Medium,Traffic Control Signal,NONE DETECTED,No,No Apparent Injury,NA,Not Distracted,MD,Passenger Car,Moving Constant Speed,25,No,2014,MAZDA,CX-5,38.99248317,-77.0959455,2024,10,19
240049533,Property Damage Crash,10/16/2024 07:30:00 PM,WISCONSIN AVE,NA,"Sideswipe, Same Direction",Clear,Dry,Medium,Traffic Control Signal,NONE DETECTED,No,No Apparent Injury,NA,Not Distracted,NA,Passenger Car,Moving Constant Speed,25,No,2024,HONDA,CR-V,38.99248317,-77.0959455,2024,10,19
240049535,Injury Crash,10/16/2024 07:30:00 PM,UNIVERSITY BLVD W,NA,"Sideswipe, Same Direction",Clear,Dry,Medium,No Controls,NONE DETECTED,No,No Apparent Injury,NA,Unknown,MD,Passenger Car,Entering Traffic Lane,30,No,2008,TOYOTA,RAV4,39.0393274,-77.05650406,2024,10,19
240049534,Injury Crash,10/16/2024 07:17:00 PM,AVERY RD,NA,Single Vehicle,Clear,Dry,Dark,No Controls,NONE DETECTED,No,Possible Minor Injury,NA,Not Distracted,MD,Van - Passenger (&lt;9 Seats),Moving Constant Speed,35,No,2012,FORD,TRANSIT,39.09636249,-77.12459293,2024,10,19
240049532,Property Damage Crash,10/16/2024 07:13:00 PM,NA,NA,Other,Clear,NA,Medium,NA,NONE DETECTED,No,No Apparent Injury,Other Improper Action,Unknown,NA,Sport Utility Vehicle,Backing,0,No,2011,LEXUS,RX,39.16361939,-77.22566136,2024,10,19
240049512,Injury Crash,10/16/2024 06:10:00 PM,STEWART LA (WB/L),NA,Other,Clear,Dry,Medium,Traffic Control Signal,NONE DETECTED,Yes,Possible Minor Injury,NA,"Other Action (looking away from task, etc.)",MD,Passenger Car,Slowing or Stopping,50,No,2007,LEXUS,ES,39.04651533,-76.98675067,2024,10,18
240049512,Injury Crash,10/16/2024 06:10:00 PM,STEWART LA (WB/L),NA,Other,Clear,Dry,Medium,Traffic Control Signal,NONE DETECTED,No,Possible Minor Injury,NA,Not Distracted,MD,Passenger Car,Accelerating,50,No,2018,CHEVROLET,MALIBU,39.04651533,-76.98675067,2024,10,18
240049514,Property Damage Crash,10/16/2024 06:09:00 PM,NA,NA,Single Vehicle,Clear,Dry,Daylight,Traffic Control Signal,NONE DETECTED,Yes,No Apparent Injury,Ran Off Roadway,Not Distracted,MD,Van - Passenger (&lt;9 Seats),Turning Left,40,No,2022,CHRYSLER,PACIFICA,39.19833595,-77.24502012,2024,10,18
240049513,Property Damage Crash,10/16/2024 06:00:00 PM,NA,NA,Front to Rear,Clear,NA,Daylight,NA,NONE DETECTED,No,NA,NA,NA,NA,Passenger Car,Backing,0,No,2014,TOYOTA,PRIUS,39.08727942,-77.15255381,2024,10,18
240049513,Property Damage Crash,10/16/2024 06:00:00 PM,NA,NA,Front to Rear,Clear,NA,Daylight,NA,NONE DETECTED,No,No Apparent Injury,NA,Not Distracted,MD,Passenger Car,Slowing or Stopping,0,No,2015,TOYOTA,COROLLA,39.08727942,-77.15255381,2024,10,18
240049509,Injury Crash,10/16/2024 05:57:00 PM,RIDGE RD,NA,Rear To Rear,Clear,Dry,Daylight,Traffic Control Signal,NONE DETECTED,No,No Apparent Injury,NA,Not Distracted,MD,Passenger Car,Slowing or Stopping,45,No,2019,FORD,FUSION,39.20467883,-77.24661917,2024,10,17
240049509,Injury Crash,10/16/2024 05:57:00 PM,RIDGE RD,NA,Rear To Rear,Clear,Dry,Daylight,Traffic Control Signal,NONE DETECTED,Yes,No Apparent Injury,NA,Unknown,MD,Passenger Car,Moving Constant Speed,45,No,2018,HYUNDAI,ELANTRA,39.20467883,-77.24661917,2024,10,17
240051710,Injury Crash,10/16/2024 05:56:00 PM,NO NAME,Pedestrian,Single Vehicle,Clear,Dry,Medium,No Controls,NONE DETECTED,No,NA,NA,NA,NA,NA,Moving Constant Speed,35,No,0,NA,NA,39.00128289,-76.98611441,2024,10,17
240049502,Injury Crash,10/16/2024 05:29:00 PM,BRINK RD,NA,Single Vehicle,Clear,Dry,Daylight,Stop Sign,NONE DETECTED,Yes,Possible Minor Injury,Ran Off Roadway,Unknown,MD,Sport Utility Vehicle,Moving Constant Speed,30,No,2022,JEEP,WRANGLER,39.20975065,-77.23716396,2024,10,17
240049501,Injury Crash,10/16/2024 05:25:00 PM,NA,NA,Front to Rear,Clear,Dry,Daylight,No Controls,NONE DETECTED,No,Possible Minor Injury,NA,Not Distracted,MD,Passenger Car,Slowing or Stopping,30,No,2019,HONDA,CR-V,39.01433977,-77.05441425,2024,10,17
240049501,Injury Crash,10/16/2024 05:25:00 PM,NA,NA,Front to Rear,Clear,Dry,Daylight,No Controls,NONE DETECTED,No,No Apparent Injury,NA,"Other Action (looking away from task, etc.)",MD,Passenger Car,Moving Constant Speed,30,No,2008,HONDA,FIT,39.01433977,-77.05441425,2024,10,17
240049497,Injury Crash,10/16/2024 05:00:00 PM,OLDE TOWNE AVE,NA,Front to Front,Clear,Dry,Daylight,No Controls,NONE DETECTED,No,Possible Minor Injury,NA,Not Distracted,MD,Sport Utility Vehicle,Moving Constant Speed,30,No,2014,FORD,ESCAPE,39.14059962,-77.19365933,2024,10,17
240049497,Injury Crash,10/16/2024 05:00:00 PM,OLDE TOWNE AVE,NA,Front to Front,Clear,Dry,Daylight,Stop Sign,NONE DETECTED,Yes,Possible Minor Injury,NA,Unknown,MD,Sport Utility Vehicle,Accelerating,30,No,2021,BMW,X4,39.14059962,-77.19365933,2024,10,17
240049491,Injury Crash,10/16/2024 04:49:00 PM,NA,Pedestrian,Single Vehicle,Clear,Dry,Daylight,Traffic Control Signal,NONE DETECTED,Yes,No Apparent Injury,NA,Unknown,MD,Sport Utility Vehicle,Turning Right,25,No,2015,HONDA,CR-V,39.18421462,-77.21094197,2024,10,16
240049488,Property Damage Crash,10/16/2024 04:00:00 PM,NA,NA,Rear To Side,Clear,Dry,Daylight,Stop Sign,NONE DETECTED,No,No Apparent Injury,NA,Not Distracted,DC,Passenger Car,Accelerating,25,No,2017,NISSAN,ROGUE,38.98715922,-77.10694391,2024,10,16
240049488,Property Damage Crash,10/16/2024 04:00:00 PM,NA,NA,Rear To Side,Clear,Dry,Daylight,No Controls,NONE DETECTED,No,No Apparent Injury,NA,Not Distracted,MD,Passenger Car,Moving Constant Speed,25,No,2014,FORD,ESCAPE,38.98715922,-77.10694391,2024,10,16
240049487,Injury Crash,10/16/2024 03:46:00 PM,OBSERVATION DR (SB/L),Pedestrian,Unknown,Clear,Dry,Daylight,"Person (including flagger, law enforcement, crossing guard, etc.",NONE DETECTED,Yes,No Apparent Injury,Failed to Yield Right-of-Way,Not Distracted,MD,Sport Utility Vehicle,Turning Left,30,No,2021,MERCEDES-BENZ,GLC-CLASS,39.20383788,-77.25977099,2024,10,15
240049480,Property Damage Crash,10/16/2024 03:00:00 PM,CONNECTICUT AVE,NA,"Sideswipe, Same Direction",Clear,Dry,Daylight,Traffic Control Signal,NONE DETECTED,No,No Apparent Injury,NA,Not Distracted,MD,Sport Utility Vehicle,Accelerating,35,No,2019,VOLKSWAGEN,ATLAS,39.00670493,-77.07875074,2024,10,15
240049473,Injury Crash,10/16/2024 03:00:00 PM,GEORGIA AVE (SB/L),NA,"Sideswipe, Same Direction",Clear,Dry,Daylight,No Controls,NONE DETECTED,No,No Apparent Injury,NA,Not Distracted,VA,Passenger Car,Moving Constant Speed,35,No,2021,LEXUS,NX,39.01499368,-77.04254026,2024,10,15
240049480,Property Damage Crash,10/16/2024 03:00:00 PM,CONNECTICUT AVE,NA,"Sideswipe, Same Direction",Clear,Dry,Daylight,Traffic Control Signal,NONE DETECTED,No,No Apparent Injury,NA,Unknown,MD,Passenger Car,Changing Lanes,35,No,2012,NISSAN,ALTIMA,39.00670493,-77.07875074,2024,10,15
240049473,Injury Crash,10/16/2024 03:00:00 PM,GEORGIA AVE (SB/L),NA,"Sideswipe, Same Direction",Clear,Dry,Daylight,No Controls,NONE DETECTED,No,Possible Minor Injury,NA,Not Distracted,MD,Passenger Car,Moving Constant Speed,35,No,2013,TOYOTA,YARIS,39.01499368,-77.04254026,2024,10,15
240049475,Property Damage Crash,10/16/2024 02:54:00 PM,NA,NA,Single Vehicle,Clear,NA,Daylight,NA,NONE DETECTED,Yes,No Apparent Injury,NA,Not Distracted,PA,Sport Utility Vehicle,Accelerating,0,No,2018,JEEP,CHEROKEE,39.01762302,-77.20904761,2024,10,14
240049474,Property Damage Crash,10/16/2024 02:34:00 PM,NA,NA,Front to Rear,Clear,Dry,Daylight,No Controls,NONE DETECTED,No,No Apparent Injury,NA,Not Distracted,MD,Passenger Car,Slowing or Stopping,30,No,2020,FORD,ESCAPE,39.04695433,-77.03699097,2024,10,14
240049474,Property Damage Crash,10/16/2024 02:34:00 PM,NA,NA,Front to Rear,Clear,Dry,Daylight,No Controls,NONE DETECTED,Yes,No Apparent Injury,NA,Not Distracted,DC,Bus - Transit,Moving Constant Speed,30,No,2009,GILLIG,CITY TRANSIT BUS,39.04695433,-77.03699097,2024,10,14
240049471,Injury Crash,10/16/2024 02:30:00 PM,NA,NA,Single Vehicle,Clear,Dry,Daylight,No Controls,NONE DETECTED,Yes,Possible Minor Injury,"Operated Motor Vehicle in Inattentive, Careless, Negligent, or Erratic Manner, Ran Off Roadway",Unknown,DC,Sport Utility Vehicle,Moving Constant Speed,30,No,2007,HYUNDAI,TUCSON,38.96983785,-77.12957037,2024,10,14
240049451,Property Damage Crash,10/16/2024 01:46:00 PM,NA,NA,Single Vehicle,Cloudy,NA,Daylight,NA,NONE DETECTED,No,No Apparent Injury,NA,Not Distracted,MD,Passenger Car,Backing,0,No,2014,DODGE,CHARGER,38.96455603,-77.0865728,2024,10,13
240049458,Property Damage Crash,10/16/2024 01:41:00 PM,VEIRS MILL RD,NA,"Sideswipe, Same Direction",Cloudy,Dry,Daylight,Traffic Control Signal,NONE DETECTED,Yes,No Apparent Injury,NA,Not Distracted,MD,Other Trucks,Turning Left,35,No,2023,MACK,GRANITE,39.07973698,-77.13779279,2024,10,13
240049458,Property Damage Crash,10/16/2024 01:41:00 PM,VEIRS MILL RD,NA,"Sideswipe, Same Direction",Cloudy,Dry,Daylight,Traffic Control Signal,NONE DETECTED,No,No Apparent Injury,NA,Not Distracted,MD,Sport Utility Vehicle,Turning Left,35,No,2022,NISSAN,MURANO,39.07973698,-77.13779279,2024,10,13
240049445,Injury Crash,10/16/2024 12:33:00 PM,GEORGIA AVE (SB/L),NA,Angle,Clear,Dry,Daylight,No Controls,NONE DETECTED,Yes,Possible Minor Injury,Failed to Yield Right-of-Way,Not Distracted,MD,Passenger Car,Entering Traffic Lane,30,No,2020,SUBARU,FORESTER,39.00561165,-77.03853041,2024,10,12
240049445,Injury Crash,10/16/2024 12:33:00 PM,GEORGIA AVE (SB/L),NA,Angle,Clear,Dry,Daylight,No Controls,NONE DETECTED,No,No Apparent Injury,NA,Not Distracted,MD,Passenger Car,Moving Constant Speed,30,No,2011,FORD,FUSION,39.00561165,-77.03853041,2024,10,12
240049438,Property Damage Crash,10/16/2024 12:20:00 PM,SLADE SCHOOL RD,NA,"Sideswipe, Opposite Direction",Clear,Dry,Daylight,No Controls,NONE DETECTED,Yes,No Apparent Injury,NA,Not Distracted,MD,Passenger Car,Negotiating a Curve,25,No,2022,TOYOTA,COROLLA,39.15143571,-77.04256632,2024,10,12
240049438,Property Damage Crash,10/16/2024 12:20:00 PM,SLADE SCHOOL RD,NA,"Sideswipe, Opposite Direction",Clear,Dry,Daylight,No Controls,NONE DETECTED,No,No Apparent Injury,NA,Not Distracted,MD,Passenger Car,Moving Constant Speed,25,No,2025,LEXUS,NX,39.15143571,-77.04256632,2024,10,12
240049444,Property Damage Crash,10/16/2024 12:11:00 PM,CAPITAL BELTWAY (WB/L),NA,Front to Front,Clear,Dry,Daylight,No Controls,NONE DETECTED,No,No Apparent Injury,NA,Not Distracted,MD,Passenger Car,Moving Constant Speed,55,No,2008,HONDA,CIVIC,39.01624118,-77.09781206,2024,10,12
240049444,Property Damage Crash,10/16/2024 12:11:00 PM,CAPITAL BELTWAY (WB/L),NA,Front to Front,Clear,Dry,Daylight,No Controls,NONE DETECTED,Yes,No Apparent Injury,NA,Not Distracted,PA,Sport Utility Vehicle,Moving Constant Speed,55,No,2023,FORD,EXPLORER,39.01624118,-77.09781206,2024,10,12
240049456,Property Damage Crash,10/16/2024 11:13:00 AM,NA,NA,Other,Clear,NA,Daylight,NA,NONE DETECTED,Yes,No Apparent Injury,NA,Unknown,MD,Sport Utility Vehicle,Backing,0,No,2013,INFINITI,QX56,39.04049776,-77.15662237,2024,10,11
240049427,Property Damage Crash,10/16/2024 11:10:00 AM,FENTON ST,NA,Single Vehicle,Clear,Dry,Daylight,No Controls,NONE DETECTED,Yes,No Apparent Injury,NA,Not Distracted,DC,Bus - Transit,Turning Right,30,No,2009,GILLIG,LOW FLOOR BUS,38.99432802,-77.02417136,2024,10,11
240049420,Injury Crash,10/16/2024 11:00:00 AM,GERMANTOWN RD,NA,Front to Rear,Clear,Dry,Daylight,Traffic Control Signal,NONE DETECTED,No,No Apparent Injury,NA,Not Distracted,MD,Sport Utility Vehicle,Slowing or Stopping,35,No,2011,NISSAN,ROGUE,39.18359314,-77.25586556,2024,10,11
240049420,Injury Crash,10/16/2024 11:00:00 AM,GERMANTOWN RD,NA,Front to Rear,Clear,Dry,Daylight,Traffic Control Signal,NONE DETECTED,Yes,Possible Minor Injury,Followed Too Closely,Unknown,MD,Van - Passenger (&lt;9 Seats),Slowing or Stopping,35,No,2012,HONDA,ODYSSEY,39.18359314,-77.25586556,2024,10,11
240049418,Property Damage Crash,10/16/2024 10:33:00 AM,HOLTON LA,NA,Front to Front,Clear,Dry,Daylight,No Controls,NONE DETECTED,No,No Apparent Injury,NA,NA,NA,Passenger Car,Moving Constant Speed,25,No,2001,FORD,UNKNOWN,38.98579733,-76.98687911,2024,10,10
240049418,Property Damage Crash,10/16/2024 10:33:00 AM,HOLTON LA,NA,Front to Front,Clear,Dry,Daylight,No Controls,NONE DETECTED,No,No Apparent Injury,NA,Not Distracted,MD,Passenger Car,Moving Constant Speed,25,No,2017,HYUNDAI,ELANTRA,38.98579733,-76.98687911,2024,10,10
240049406,Injury Crash,10/16/2024 10:00:00 AM,MACARTHUR BLVD,Cyclist (non-electric),Single Vehicle,Clear,Dry,Daylight,Stop Sign,NONE DETECTED,Yes,No Apparent Injury,Failed to Yield Right-of-Way,Not Distracted,MD,Passenger Car,Turning Left,35,No,2020,MAZDA,CX-5,38.97429686,-77.1682134,2024,10,10
240049410,Injury Crash,10/16/2024 09:54:00 AM,WISCONSIN AVE,NA,Angle,Clear,Dry,Daylight,No Controls,NONE DETECTED,No,No Apparent Injury,NA,Not Distracted,MD,Sport Utility Vehicle,Making U-Turn,25,No,2010,MERCURY,MARINER,38.99027167,-77.09536,2024,10,9
240049410,Injury Crash,10/16/2024 09:54:00 AM,WISCONSIN AVE,NA,Angle,Clear,Dry,Daylight,No Controls,NONE DETECTED,No,Possible Minor Injury,NA,Not Distracted,MD,Passenger Car,Moving Constant Speed,25,No,2017,NISSAN,ALTIMA,38.99027167,-77.09536,2024,10,9
240049403,Injury Crash,10/16/2024 09:26:00 AM,FAIRLAND RD (WB/L),Cyclist (non-electric),Single Vehicle,Clear,Dry,Daylight,Traffic Control Signal,NONE DETECTED,No,No Apparent Injury,NA,Not Distracted,MD,Passenger Car,Turning Left,35,No,2015,TOYOTA,RAV4,39.07612548,-76.95772463,2024,10,9
240049407,Property Damage Crash,10/16/2024 09:24:00 AM,NA,NA,"Sideswipe, Same Direction",Clear,NA,Daylight,NA,NONE DETECTED,No,No Apparent Injury,NA,NA,NA,Sport Utility Vehicle,Slowing or Stopping,0,No,2008,NISSAN,PATHFINDER,38.99590833,-77.03881167,2024,10,9
240049398,Property Damage Crash,10/16/2024 08:54:00 AM,E GUDE DR (WB/L),NA,Front to Rear,Clear,Dry,Daylight,No Controls,NONE DETECTED,No,No Apparent Injury,NA,Unknown,MD,Passenger Car,Moving Constant Speed,40,No,2014,NISSAN,ALTIMA,39.10656417,-77.15476167,2024,10,8
240049398,Property Damage Crash,10/16/2024 08:54:00 AM,E GUDE DR (WB/L),NA,Front to Rear,Clear,Dry,Daylight,No Controls,NONE DETECTED,No,No Apparent Injury,NA,Unknown,MD,Passenger Car,Slowing or Stopping,40,No,2018,SUBARU,OUTBACK,39.10656417,-77.15476167,2024,10,8
240049398,Property Damage Crash,10/16/2024 08:54:00 AM,E GUDE DR (WB/L),NA,Front to Rear,Clear,Dry,Daylight,No Controls,NONE DETECTED,No,No Apparent Injury,NA,Not Distracted,MD,Passenger Car,Slowing or Stopping,40,No,2020,TOYOTA,CAMRY,39.10656417,-77.15476167,2024,10,8
240049394,Injury Crash,10/16/2024 08:40:00 AM,INDIANOLA DR,NA,Front to Rear,Clear,Dry,Daylight,Traffic Control Signal,NONE DETECTED,No,Possible Minor Injury,NA,Not Distracted,US,Passenger Car,Stopped in Traffic,25,No,2009,TOYOTA,HIGHLANDER,39.11391032,-77.16032112,2024,10,8
240049394,Injury Crash,10/16/2024 08:40:00 AM,INDIANOLA DR,NA,Front to Rear,Clear,Dry,Daylight,No Controls,NONE DETECTED,Yes,No Apparent Injury,"Followed Too Closely, Operated Motor Vehicle in Inattentive, Careless, Negligent, or Erratic Manner",Unknown,MD,Sport Utility Vehicle,Moving Constant Speed,25,No,2017,INFINITI,QX60,39.11391032,-77.16032112,2024,10,8
240049390,Property Damage Crash,10/16/2024 08:01:00 AM,NA,NA,Rear To Side,Clear,NA,Daylight,NA,NONE DETECTED,Yes,No Apparent Injury,Improper Backing,Not Distracted,MD,Bus - School,Backing,0,No,2021,THOMAS BUILT,SCHOOL BUS,39.10003911,-76.94406954,2024,10,8
240049385,Property Damage Crash,10/16/2024 07:58:00 AM,MIDCOUNTY HWY,NA,Front to Rear,Clear,Dry,Daylight,No Controls,NONE DETECTED,Yes,No Apparent Injury,Followed Too Closely,"Other Action (looking away from task, etc.)",MD,Passenger Car,Moving Constant Speed,45,No,2013,AUDI,A6,39.15991167,-77.20145333,2024,10,7
240049385,Property Damage Crash,10/16/2024 07:58:00 AM,MIDCOUNTY HWY,NA,Front to Rear,Clear,Dry,Daylight,No Controls,NONE DETECTED,No,No Apparent Injury,NA,Not Distracted,MD,Pickup,Slowing or Stopping,45,No,2002,DODGE,RAM,39.15991167,-77.20145333,2024,10,7
240049388,Property Damage Crash,10/16/2024 07:53:00 AM,NA,Pedestrian,Single Vehicle,Clear,NA,Daylight,NA,NONE DETECTED,Yes,No Apparent Injury,Wrong Side,Not Distracted,MD,Passenger Car,Moving Constant Speed,0,No,2009,BMW,328I,39.06486013,-77.03897102,2024,10,7
240049402,Property Damage Crash,10/16/2024 07:40:00 AM,AUGUST DR,NA,Other,Clear,Dry,Daylight,No Controls,NONE DETECTED,No,No Apparent Injury,"Operated Motor Vehicle in Inattentive, Careless, Negligent, or Erratic Manner",Unknown,NA,Bus - School,Moving Constant Speed,25,No,2011,FREIGHTLINER,B2 BUS CHASSIS,39.02134222,-77.04388947,2024,10,7
240049380,Property Damage Crash,10/16/2024 06:50:00 AM,SHOREFIELD RD,Pedestrian,Single Vehicle,Clear,Dry,Medium,Traffic Control Signal,NONE DETECTED,Yes,No Apparent Injury,"Failed to Yield Right-of-Way, Operated Motor Vehicle in Inattentive, Careless, Negligent, or Erratic Manner, Other Improper Action",Unknown,MD,Passenger Car,Turning Left,35,No,2017,HONDA,HR-V,39.05304251,-77.05085257,2024,10,6
240049567,Property Damage Crash,10/16/2024 02:00:00 AM,RIVER RD,NA,Single Vehicle,Clear,Dry,Dark,No Controls,NONE DETECTED,No,No Apparent Injury,NA,Not Distracted,MD,Sport Utility Vehicle,Moving Constant Speed,35,No,2021,CHEVROLET,BLAZER,38.99987976,-77.17592074,2024,10,2
240049354,Injury Crash,10/15/2024 09:21:00 PM,RANDOLPH RD,NA,Front to Rear,Clear,Dry,Medium,Traffic Control Signal,NONE DETECTED,No,No Apparent Injury,NA,Not Distracted,MD,Passenger Car,Accelerating,35,No,2012,HONDA,CIVIC,39.05396584,-77.0946521,2024,10,21
240049354,Injury Crash,10/15/2024 09:21:00 PM,RANDOLPH RD,NA,Front to Rear,Clear,Dry,Medium,Traffic Control Signal,NONE DETECTED,No,No Apparent Injury,Followed Too Closely,Unknown,MD,Sport Utility Vehicle,Moving Constant Speed,35,No,2015,NISSAN,ROGUE,39.05396584,-77.0946521,2024,10,21
240049342,Property Damage Crash,10/15/2024 07:30:00 PM,GEORGIA AVE,NA,"Sideswipe, Same Direction",Clear,Dry,Medium,Traffic Control Signal,NONE DETECTED,No,No Apparent Injury,NA,Not Distracted,MD,Passenger Car,Moving Constant Speed,35,No,2018,TOYOTA,RAV4,39.03830165,-77.05067481,2024,10,19
240049344,Property Damage Crash,10/15/2024 07:30:00 PM,NA,NA,Other,Clear,NA,Medium,NA,NONE DETECTED,No,No Apparent Injury,NA,Not Distracted,MD,Passenger Car,Moving Constant Speed,0,No,2009,HONDA,FIT,39.10539137,-77.19369032,2024,10,19
240049342,Property Damage Crash,10/15/2024 07:30:00 PM,GEORGIA AVE,NA,"Sideswipe, Same Direction",Clear,Dry,Medium,Traffic Control Signal,NONE DETECTED,Yes,No Apparent Injury,NA,Not Distracted,MD,Passenger Car,Changing Lanes,35,No,2020,TESLA,MODEL 3,39.03830165,-77.05067481,2024,10,19
240049344,Property Damage Crash,10/15/2024 07:30:00 PM,NA,NA,Other,Clear,NA,Medium,NA,NONE DETECTED,No,NA,NA,NA,NA,Passenger Car,Backing,0,No,2015,BMW,328I,39.10539137,-77.19369032,2024,10,19
240049336,Injury Crash,10/15/2024 06:52:00 PM,TEACHERS WAY,NA,Front to Rear,Clear,Dry,Medium,No Controls,NONE DETECTED,No,No Apparent Injury,NA,Not Distracted,MD,Passenger Car,Turning Left,25,No,2011,MAZDA,UNKNOWN,39.14282739,-77.18723917,2024,10,18
240049336,Injury Crash,10/15/2024 06:52:00 PM,TEACHERS WAY,NA,Front to Rear,Clear,Dry,Medium,No Controls,NONE DETECTED,No,Possible Minor Injury,NA,Not Distracted,MD,Passenger Car,Slowing or Stopping,25,No,2016,TOYOTA,RAV4,39.14282739,-77.18723917,2024,10,18
240049336,Injury Crash,10/15/2024 06:52:00 PM,TEACHERS WAY,NA,Front to Rear,Clear,Dry,Medium,No Controls,NONE DETECTED,Yes,No Apparent Injury,Followed Too Closely,Not Distracted,MD,Passenger Car,Moving Constant Speed,25,No,2004,INFINITI,UNKNOWN,39.14282739,-77.18723917,2024,10,18
240049331,Property Damage Crash,10/15/2024 06:38:00 PM,ENNALLS AVE,NA,Angle,Clear,Dry,Medium,No Controls,NONE DETECTED,No,No Apparent Injury,NA,"Other Action (looking away from task, etc.)",MD,Passenger Car,Changing Lanes,25,No,2003,TOYOTA,COROLLA,39.04094402,-77.05159025,2024,10,18