Local Case Number,ACRS Report Type,Crash Date/Time,Road Name,Related Non-Motorist,Collision Type,Weather,Surface Condition,Light,Traffic Control,Driver Substance Abuse,Driver At Fault,Injury Severity,Circumstance,Driver Distracted By,Drivers License State,Vehicle Body Type,Vehicle Movement,Speed Limit,Driverless Vehicle,Vehicle Year,Vehicle Make,Vehicle Model,Latitude,Longitude,Year,Month,Hour
240049331,Property Damage Crash,10/15/2024 06:38:00 PM,ENNALLS AVE,NA,Angle,Clear,Dry,Medium,No Controls,NONE DETECTED,No,No Apparent Injury,NA,Not Distracted,MD,Passenger Car,Moving Constant Speed,25,No,2008,HONDA,ACCORD,39.04094402,-77.05159025,2024,10,18
240049327,Property Damage Crash,10/15/2024 05:30:00 PM,DEMOCRACY BLVD,NA,Front to Rear,Clear,Dry,Daylight,No Controls,NONE DETECTED,No,No Apparent Injury,NA,Not Distracted,MD,Passenger Car,Stopped in Traffic,45,No,2022,POLESTAR,PS2,39.02327011,-77.15876014,2024,10,17
240049327,Property Damage Crash,10/15/2024 05:30:00 PM,DEMOCRACY BLVD,NA,Front to Rear,Clear,Dry,Daylight,No Controls,NONE DETECTED,Yes,No Apparent Injury,"Operated Motor Vehicle in Inattentive, Careless, Negligent, or Erratic Manner, Other Improper Action",Unknown,PA,Passenger Car,Moving Constant Speed,45,No,2023,TOYOTA,COROLLA,39.02327011,-77.15876014,2024,10,17
240049311,Injury Crash,10/15/2024 05:00:00 PM,GEORGIA AVE (SB/L),Pedestrian,Single Vehicle,Clear,Dry,Daylight,Traffic Control Signal,NONE DETECTED,No,No Apparent Injury,NA,Not Distracted,MD,Passenger Car,Moving Constant Speed,35,No,2012,TOYOTA,CAMRY,39.06015176,-77.05113906,2024,10,17
240049303,Injury Crash,10/15/2024 04:00:00 PM,RUSSELL AVE (SB/L),NA,Front to Front,Clear,Dry,Daylight,Traffic Control Signal,NONE DETECTED,No,Possible Minor Injury,NA,Not Distracted,MD,Passenger Car,Moving Constant Speed,35,No,2013,HYUNDAI,ELANTRA,39.15150613,-77.20756092,2024,10,16
240049303,Injury Crash,10/15/2024 04:00:00 PM,RUSSELL AVE (SB/L),NA,Front to Front,Clear,Dry,Daylight,Traffic Control Signal,NONE DETECTED,No,No Apparent Injury,NA,Unknown,MD,Passenger Car,Turning Left,35,No,2008,HONDA,ACCORD,39.15150613,-77.20756092,2024,10,16
240049287,Injury Crash,10/15/2024 02:44:00 PM,RIVER RD (WB/L),NA,Angle,Clear,Dry,Daylight,Traffic Control Signal,NONE DETECTED,No,No Apparent Injury,NA,"Other Action (looking away from task, etc.)",MD,Passenger Car,Entering Traffic Lane,35,No,2007,VOLKSWAGEN,JETTA,38.980315,-77.13344333,2024,10,14
240049287,Injury Crash,10/15/2024 02:44:00 PM,RIVER RD (WB/L),NA,Angle,Clear,Dry,Daylight,Traffic Control Signal,NONE DETECTED,No,No Apparent Injury,NA,Not Distracted,MD,Passenger Car,Moving Constant Speed,35,No,2008,BMW,328XI,38.980315,-77.13344333,2024,10,14
240049281,Injury Crash,10/15/2024 02:24:00 PM,ASPEN HILL RD,NA,Angle,Clear,Dry,Daylight,Traffic Control Signal,NONE DETECTED,No,No Apparent Injury,NA,Not Distracted,MD,Passenger Car,Moving Constant Speed,25,No,2017,CHEVROLET,BOLT EUV,39.08033383,-77.08115017,2024,10,14
240049281,Injury Crash,10/15/2024 02:24:00 PM,ASPEN HILL RD,NA,Angle,Clear,Dry,Daylight,Stop Sign,NONE DETECTED,Yes,Possible Minor Injury,NA,Unknown,MD,Passenger Car,Turning Left,25,No,2011,JEEP,GRAND CHEROKEE,39.08033383,-77.08115017,2024,10,14
240049258,Property Damage Crash,10/15/2024 12:22:00 PM,WESTLAKE CROSSING CUT,NA,Other,Clear,Dry,Daylight,Traffic Control Signal,NONE DETECTED,Yes,No Apparent Injury,NA,Unknown,MD,Other,Overtaking/Passing,30,No,2000,FORD,EXPLORER,39.0263754,-77.14799303,2024,10,12
240049258,Property Damage Crash,10/15/2024 12:22:00 PM,WESTLAKE CROSSING CUT,NA,Other,Clear,Dry,Daylight,Traffic Control Signal,NONE DETECTED,No,No Apparent Injury,NA,Unknown,MD,Sport Utility Vehicle,Turning Left,30,No,2011,NISSAN,MURANO,39.0263754,-77.14799303,2024,10,12
240049242,Injury Crash,10/15/2024 10:54:00 AM,RIDGE RD,NA,Angle,Clear,Dry,Daylight,Traffic Control Signal,NONE DETECTED,No,Possible Minor Injury,NA,Not Distracted,MD,Passenger Car,Moving Constant Speed,40,No,2015,HONDA,CR-V,39.20457189,-77.24591481,2024,10,10
240049242,Injury Crash,10/15/2024 10:54:00 AM,RIDGE RD,NA,Angle,Clear,Dry,Daylight,Traffic Control Signal,NONE DETECTED,No,No Apparent Injury,NA,Not Distracted,MD,Passenger Car,Stopped in Traffic,40,No,2008,PONTIAC,GRAND AM,39.20457189,-77.24591481,2024,10,10
240049242,Injury Crash,10/15/2024 10:54:00 AM,RIDGE RD,NA,Angle,Clear,Dry,Daylight,Traffic Control Signal,NONE DETECTED,No,No Apparent Injury,"Failed to Yield Right-of-Way, Other Improper Action, Ran Red Light",Not Distracted,NA,Pickup,Turning Left,40,No,2019,FORD,F-250,39.20457189,-77.24591481,2024,10,10
240049214,Property Damage Crash,10/15/2024 08:30:00 AM,LUZERNE AVE,NA,Angle,Clear,Dry,Daylight,No Controls,NONE DETECTED,No,No Apparent Injury,NA,Not Distracted,MD,Pickup,Moving Constant Speed,25,No,2009,NISSAN,TITAN,39.00840916,-77.03704075,2024,10,8
240049214,Property Damage Crash,10/15/2024 08:30:00 AM,LUZERNE AVE,NA,Angle,Clear,Dry,Daylight,Stop Sign,NONE DETECTED,Yes,No Apparent Injury,NA,Unknown,MD,Pickup,Turning Left,25,No,2011,FORD,F-150,39.00840916,-77.03704075,2024,10,8
240049212,Property Damage Crash,10/15/2024 08:22:00 AM,ROCKLAND RD,NA,Single Vehicle,Clear,Dry,Daylight,No Controls,NONE DETECTED,No,No Apparent Injury,NA,"Other Action (looking away from task, etc.)",VA,Sport Utility Vehicle,Turning Right,25,No,2022,FORD,EXPLORER,39.06709574,-77.12241229,2024,10,8
240049209,Property Damage Crash,10/15/2024 07:42:00 AM,RANDOLPH RD,NA,Front to Rear,Clear,Dry,Daylight,No Controls,NONE DETECTED,No,No Apparent Injury,NA,Not Distracted,MD,Passenger Car,Moving Constant Speed,35,No,2012,HONDA,CR-V,39.07283123,-77.0085575,2024,10,7
240049209,Property Damage Crash,10/15/2024 07:42:00 AM,RANDOLPH RD,NA,Front to Rear,Clear,Dry,Daylight,No Controls,NONE DETECTED,Yes,No Apparent Injury,Other Improper Action,Not Distracted,MD,Passenger Car,Moving Constant Speed,35,No,2016,TOYOTA,COROLLA,39.07283123,-77.0085575,2024,10,7
240049209,Property Damage Crash,10/15/2024 07:42:00 AM,RANDOLPH RD,NA,Front to Rear,Clear,Dry,Daylight,No Controls,NONE DETECTED,No,No Apparent Injury,NA,Not Distracted,PA,Passenger Car,Moving Constant Speed,35,No,2023,RAM,1500,39.07283123,-77.0085575,2024,10,7
240049209,Property Damage Crash,10/15/2024 07:42:00 AM,RANDOLPH RD,NA,Front to Rear,Clear,Dry,Daylight,No Controls,NONE DETECTED,No,No Apparent Injury,NA,Not Distracted,MD,Passenger Car,Moving Constant Speed,35,No,2016,KIA,SEDONA,39.07283123,-77.0085575,2024,10,7
240049201,Property Damage Crash,10/15/2024 07:30:00 AM,RAMP 1 FR RAMP 4 TO SHADY GROVE RD WB,NA,"Sideswipe, Same Direction",Clear,Dry,Daylight,Traffic Control Signal,NONE DETECTED,No,No Apparent Injury,NA,Not Distracted,MD,Bus - School,Stopped in Traffic,35,No,2020,THOMAS BUILT,SCHOOL BUS,39.1318785,-77.15967068,2024,10,7
240049201,Property Damage Crash,10/15/2024 07:30:00 AM,RAMP 1 FR RAMP 4 TO SHADY GROVE RD WB,NA,"Sideswipe, Same Direction",Clear,Dry,Daylight,Traffic Control Signal,NONE DETECTED,Yes,No Apparent Injury,Failed to Keep in Proper Lane,Unknown,MD,Other Trucks,Accelerating,35,No,2016,HINO,CONVENTIONAL TYPE TRUCK,39.1318785,-77.15967068,2024,10,7
240049203,Property Damage Crash,10/15/2024 07:13:00 AM,NA,NA,Single Vehicle,Clear,NA,Daylight,NA,NONE DETECTED,Yes,No Apparent Injury,NA,Not Distracted,MD,Bus - School,Stopped in Traffic,0,No,2018,THOMAS BUILT,SCHOOL BUS,39.157725,-77.199155,2024,10,7
240049203,Property Damage Crash,10/15/2024 07:13:00 AM,NA,NA,Single Vehicle,Clear,NA,Daylight,NA,NONE DETECTED,No,No Apparent Injury,NA,Not Distracted,VA,Passenger Car,Parked,0,No,2014,CHEVROLET,CAMARO,39.157725,-77.199155,2024,10,7
240049200,Property Damage Crash,10/15/2024 07:11:00 AM,CASTLE BLVD (SB/L),NA,Front to Rear,Clear,Dry,Daylight,No Controls,NONE DETECTED,No,No Apparent Injury,NA,Not Distracted,GA,Passenger Car,Slowing or Stopping,35,No,2010,CHEVROLET,CRUZE,39.08143053,-76.945778,2024,10,7
240049200,Property Damage Crash,10/15/2024 07:11:00 AM,CASTLE BLVD (SB/L),NA,Front to Rear,Clear,Dry,Daylight,No Controls,NONE DETECTED,Yes,No Apparent Injury,Followed Too Closely,Unknown,MD,Bus - School,Slowing or Stopping,35,No,2020,THOMAS BUILT,SCHOOL BUS,39.08143053,-76.945778,2024,10,7
240049191,Property Damage Crash,10/15/2024 12:46:00 AM,KEY WEST AVE,NA,Angle,Clear,Dry,Medium,Flashing Traffic Control Signal,NONE DETECTED,No,No Apparent Injury,NA,Not Distracted,MD,Passenger Car,Moving Constant Speed,40,No,2002,MERCEDES-BENZ,C-CLASS,39.10531871,-77.1965272,2024,10,0
240049191,Property Damage Crash,10/15/2024 12:46:00 AM,KEY WEST AVE,NA,Angle,Clear,Dry,Medium,Flashing Traffic Control Signal,NONE DETECTED,Yes,No Apparent Injury,Failed to Yield Right-of-Way,Unknown,MD,Passenger Car,Moving Constant Speed,30,No,2014,TOYOTA,CAMRY,39.10531871,-77.1965272,2024,10,0
240049190,Injury Crash,10/15/2024 12:36:00 AM,NA,NA,Other,Clear,Dry,Medium,Traffic Control Signal,NONE DETECTED,No,Possible Minor Injury,NA,Not Distracted,MD,Passenger Car,Stopped in Traffic,30,No,2020,DODGE,CARAVAN/GRAND CARAVAN,38.99361435,-77.03224137,2024,10,0
240049190,Injury Crash,10/15/2024 12:36:00 AM,NA,NA,Other,Clear,Dry,Medium,Traffic Control Signal,NONE DETECTED,No,NA,NA,NA,NA,NA,Moving Constant Speed,30,No,0,NA,NA,38.99361435,-77.03224137,2024,10,0
240049183,Property Damage Crash,10/14/2024 11:30:00 PM,RAMP 5 FR RAMP 8 (FR IS270) TO MD 189 EB,NA,Front to Front,Clear,Dry,Medium,Traffic Control Signal,NONE DETECTED,Yes,No Apparent Injury,NA,Unknown,MD,Passenger Car,Entering Traffic Lane,35,No,2020,MAZDA,CX-30,39.07360817,-77.1647705,2024,10,23
240049183,Property Damage Crash,10/14/2024 11:30:00 PM,RAMP 5 FR RAMP 8 (FR IS270) TO MD 189 EB,NA,Front to Front,Clear,Dry,Medium,Traffic Control Signal,NONE DETECTED,No,No Apparent Injury,NA,Not Distracted,MD,Passenger Car,Moving Constant Speed,35,No,2022,TESLA,MODEL 3,39.07360817,-77.1647705,2024,10,23
240049179,Injury Crash,10/14/2024 10:47:00 PM,FREDERICK RD (SB/L),NA,Front to Rear,Clear,Dry,Medium,Traffic Control Signal,NONE DETECTED,Yes,No Apparent Injury,"Operated Motor Vehicle in Inattentive, Careless, Negligent, or Erratic Manner, Too Fast For Conditions","Other Action (looking away from task, etc.)",MD,Passenger Car,Moving Constant Speed,30,No,2015,TOYOTA,COROLLA,39.15262096,-77.21227283,2024,10,22
240049179,Injury Crash,10/14/2024 10:47:00 PM,FREDERICK RD (SB/L),NA,Front to Rear,Clear,Dry,Medium,Traffic Control Signal,NONE DETECTED,No,Possible Minor Injury,NA,Not Distracted,MD,Passenger Car,Stopped in Traffic,30,No,1999,HONDA,CR-V,39.15262096,-77.21227283,2024,10,22
240049160,Property Damage Crash,10/14/2024 07:20:00 PM,NEW HAMPSHIRE AVE,NA,Front to Rear,Clear,Dry,Dark,No Controls,NONE DETECTED,No,NA,NA,NA,NA,Other,Changing Lanes,40,No,0,NA,NA,39.01503889,-76.97781059,2024,10,19
240049160,Property Damage Crash,10/14/2024 07:20:00 PM,NEW HAMPSHIRE AVE,NA,Front to Rear,Clear,Dry,Dark,No Controls,NONE DETECTED,No,No Apparent Injury,NA,Not Distracted,MD,Passenger Car,Moving Constant Speed,40,No,2011,HONDA,CIVIC,39.01503889,-76.97781059,2024,10,19
240049155,Injury Crash,10/14/2024 07:01:00 PM,VEIRS MILL RD (WB/L),NA,Angle,Clear,Dry,Medium,Traffic Control Signal,NONE DETECTED,No,Possible Minor Injury,NA,Not Distracted,MD,Passenger Car,Moving Constant Speed,35,No,2022,DODGE,CHARGER,39.08154147,-77.14560165,2024,10,19
240049155,Injury Crash,10/14/2024 07:01:00 PM,VEIRS MILL RD (WB/L),NA,Angle,Clear,Dry,Medium,Traffic Control Signal,NONE DETECTED,Yes,No Apparent Injury,"Failed to Yield Right-of-Way, Ran Red Light",Not Distracted,MD,Sport Utility Vehicle,Moving Constant Speed,30,No,2013,HONDA,CR-V,39.08154147,-77.14560165,2024,10,19
240049153,Injury Crash,10/14/2024 06:33:00 PM,BROADBIRCH DR,NA,Angle,Clear,Dry,Medium,Traffic Control Signal,NONE DETECTED,No,No Apparent Injury,NA,Not Distracted,MD,Pickup,Moving Constant Speed,30,No,2019,FORD,F-250,39.05547183,-76.95738233,2024,10,18
240049153,Injury Crash,10/14/2024 06:33:00 PM,BROADBIRCH DR,NA,Angle,Clear,Dry,Medium,Traffic Control Signal,NONE DETECTED,Yes,No Apparent Injury,Failed to Yield Right-of-Way,Not Distracted,MD,Sport Utility Vehicle,Turning Left,30,No,2014,TOYOTA,HIGHLANDER,39.05547183,-76.95738233,2024,10,18
240049142,Property Damage Crash,10/14/2024 05:07:00 PM,NA,NA,Front to Rear,Clear,NA,Daylight,NA,NONE DETECTED,No,No Apparent Injury,Failed to Keep in Proper Lane,Unknown,MD,Sport Utility Vehicle,Moving Constant Speed,0,No,2023,FORD,ESCAPE,39.09092511,-77.20250785,2024,10,17
240049123,Property Damage Crash,10/14/2024 04:00:00 PM,NORBECK RD (WB/L),NA,Front to Rear,Clear,Dry,Daylight,No Controls,NONE DETECTED,Yes,No Apparent Injury,Followed Too Closely,Not Distracted,MD,Passenger Car,Moving Constant Speed,40,No,2013,HYUNDAI,ELANTRA,39.1219925,-76.99501798,2024,10,16
240049123,Property Damage Crash,10/14/2024 04:00:00 PM,NORBECK RD (WB/L),NA,Front to Rear,Clear,Dry,Daylight,No Controls,NONE DETECTED,No,No Apparent Injury,NA,Not Distracted,MD,Sport Utility Vehicle,Slowing or Stopping,40,No,2024,TOYOTA,RAV4,39.1219925,-76.99501798,2024,10,16
240049109,Injury Crash,10/14/2024 02:59:00 PM,NA,NA,Front to Rear,Clear,Dry,Daylight,No Controls,NONE DETECTED,No,No Apparent Injury,NA,Not Distracted,MD,Passenger Car,Slowing or Stopping,30,No,2022,MERCEDES-BENZ,GLE-CLASS,39.18213448,-77.21035324,2024,10,14
240049109,Injury Crash,10/14/2024 02:59:00 PM,NA,NA,Front to Rear,Clear,Dry,Daylight,No Controls,NONE DETECTED,Yes,No Apparent Injury,Followed Too Closely,Not Distracted,MD,Pickup,Moving Constant Speed,30,No,2016,TOYOTA,TUNDRA,39.18213448,-77.21035324,2024,10,14
240049109,Injury Crash,10/14/2024 02:59:00 PM,NA,NA,Front to Rear,Clear,Dry,Daylight,No Controls,NONE DETECTED,No,Possible Minor Injury,NA,Not Distracted,MD,Sport Utility Vehicle,Slowing or Stopping,30,No,2014,HONDA,PILOT,39.18213448,-77.21035324,2024,10,14
240049103,Property Damage Crash,10/14/2024 02:50:00 PM,HUNGERFORD DR (SB/L),NA,Front to Rear,Clear,Dry,Daylight,Traffic Control Signal,NONE DETECTED,No,No Apparent Injury,NA,Not Distracted,MD,Pickup,Slowing or Stopping,35,No,2017,RAM,2500,39.087628,-77.15030089,2024,10,14
240049103,Property Damage Crash,10/14/2024 02:50:00 PM,HUNGERFORD DR (SB/L),NA,Front to Rear,Clear,Dry,Daylight,Traffic Control Signal,ALCOHOL PRESENT,No,No Apparent Injury,NA,Not Distracted,NA,Sport Utility Vehicle,Slowing or Stopping,35,No,2021,HYUNDAI,SANTA FE,39.087628,-77.15030089,2024,10,14
240049107,Injury Crash,10/14/2024 02:23:00 PM,NA,Pedestrian,Single Vehicle,Clear,NA,Daylight,NA,NONE DETECTED,No,No Apparent Injury,NA,Unknown,MD,Passenger Car,Accelerating,0,No,2007,TOYOTA,HIGHLANDER,38.98318731,-76.98643948,2024,10,14
240049097,Injury Crash,10/14/2024 02:19:00 PM,NA,NA,Rear To Side,Clear,Dry,Daylight,Traffic Control Signal,NONE DETECTED,No,Possible Minor Injury,NA,Unknown,MD,Passenger Car,Turning Left,35,No,2016,TOYOTA,SCION IA,39.121152,-77.158501330000007,2024,10,14
240049097,Injury Crash,10/14/2024 02:19:00 PM,NA,NA,Rear To Side,Clear,Dry,Daylight,Traffic Control Signal,NONE DETECTED,No,No Apparent Injury,NA,Not Distracted,MD,Sport Utility Vehicle,Moving Constant Speed,35,No,2008,TOYOTA,4-RUNNER,39.121152,-77.158501330000007,2024,10,14
240049095,Property Damage Crash,10/14/2024 02:00:00 PM,NORBECK RD (WB/L),NA,Front to Rear,Clear,Dry,Daylight,No Controls,NONE DETECTED,No,No Apparent Injury,NA,Unknown,MD,Passenger Car,Slowing or Stopping,40,No,2015,NISSAN,370Z,39.12233617,-77.00507533,2024,10,14
240049095,Property Damage Crash,10/14/2024 02:00:00 PM,NORBECK RD (WB/L),NA,Front to Rear,Clear,Dry,Daylight,No Controls,NONE DETECTED,No,No Apparent Injury,NA,Not Distracted,MD,Passenger Car,Slowing or Stopping,40,No,2019,FORD,EXPLORER,39.12233617,-77.00507533,2024,10,14
240049082,Injury Crash,10/14/2024 01:48:00 PM,NA,NA,Angle,Clear,Other,Daylight,Traffic Control Signal,NONE DETECTED,No,Possible Minor Injury,NA,Not Distracted,MD,Van - Passenger (&lt;9 Seats),Turning Left,45,No,2019,HONDA,ODYSSEY,39.201974,-77.25339109,2024,10,13
240049082,Injury Crash,10/14/2024 01:48:00 PM,NA,NA,Angle,Clear,Other,Daylight,Traffic Control Signal,NONE DETECTED,Yes,Possible Minor Injury,NA,Not Distracted,MD,Sport Utility Vehicle,Moving Constant Speed,45,No,2008,TOYOTA,HIGHLANDER,39.201974,-77.25339109,2024,10,13
240049119,Property Damage Crash,10/14/2024 01:00:00 PM,NA,NA,"Sideswipe, Same Direction",Clear,NA,Daylight,NA,NONE DETECTED,No,NA,NA,NA,NA,Passenger Car,Slowing or Stopping,0,No,2020,CHEVROLET,UNKNOWN,39.02095727,-77.01130602,2024,10,13
240049065,Property Damage Crash,10/14/2024 12:28:00 PM,NA,NA,Front to Front,Clear,NA,Daylight,NA,NONE DETECTED,No,No Apparent Injury,"Failed to Yield Right-of-Way, Improper Turn",Not Distracted,MD,Passenger Car,Turning Right,0,No,2020,HONDA,CR-V,39.09630868,-77.20705537,2024,10,12
240049063,Property Damage Crash,10/14/2024 12:00:00 PM,NA,NA,Single Vehicle,Clear,NA,Daylight,NA,NONE DETECTED,No,No Apparent Injury,Over-Correcting/Over-Steering,Not Distracted,MD,Bus - School,Turning Left,0,No,2022,THOMAS BUILT,SCHOOL BUS,39.14923676,-77.03249139,2024,10,12
240049053,Property Damage Crash,10/14/2024 11:13:00 AM,GEORGIA AVE (SB/L),NA,Front to Rear,Clear,Dry,Daylight,No Controls,NONE DETECTED,No,No Apparent Injury,NA,Not Distracted,MD,Sport Utility Vehicle,Moving Constant Speed,30,No,2020,TOYOTA,RAV4,39.04538754,-77.05220294,2024,10,11
240049052,Injury Crash,10/14/2024 11:13:00 AM,NA,NA,Front to Rear,Clear,Dry,Daylight,Traffic Control Signal,NONE DETECTED,No,Possible Minor Injury,NA,Not Distracted,MD,Passenger Car,Changing Lanes,30,No,2012,MITSUBISHI,GALANT,39.0470436,-77.0519798,2024,10,11
240049052,Injury Crash,10/14/2024 11:13:00 AM,NA,NA,Front to Rear,Clear,Dry,Daylight,Traffic Control Signal,NONE DETECTED,No,No Apparent Injury,"Disregard Officer Directions, Operated Motor Vehicle in Reckless or Aggressive Manner, Ran Red Light",Unknown,NA,Passenger Car,Changing Lanes,30,No,2019,FORD,FUSION,39.0470436,-77.0519798,2024,10,11
240049053,Property Damage Crash,10/14/2024 11:13:00 AM,GEORGIA AVE (SB/L),NA,Front to Rear,Clear,Dry,Daylight,No Controls,NONE DETECTED,No,No Apparent Injury,Disregard Officer Directions,Unknown,NA,Passenger Car,Moving Constant Speed,30,No,2019,FORD,FUSION,39.04538754,-77.05220294,2024,10,11
240049055,Property Damage Crash,10/14/2024 11:10:00 AM,GEORGIA AVE (SB/L),Cyclist (non-electric),Single Vehicle,Clear,Dry,Daylight,No Controls,NONE DETECTED,Yes,No Apparent Injury,NA,Not Distracted,MD,Passenger Car,Entering Traffic Lane,30,No,2019,TOYOTA,CAMRY,39.15496263,-77.06705986,2024,10,11
240049031,Property Damage Crash,10/14/2024 08:21:00 AM,NA,NA,Other,Clear,NA,Daylight,NA,NONE DETECTED,Yes,No Apparent Injury,NA,Not Distracted,MD,Passenger Car,Turning Left,0,No,2015,MASERATI,QUATTROPORTE,38.94948898,-77.11863029,2024,10,8
240049024,Property Damage Crash,10/14/2024 07:31:00 AM,RAMP 7 FR MD 124 WB TO IS 270 SB,NA,Front to Rear,Clear,Dry,Daylight,No Controls,NONE DETECTED,No,No Apparent Injury,NA,Not Distracted,MD,Passenger Car,Stopped in Traffic,35,No,2024,ACURA,TLX,39.14935983,-77.21807567,2024,10,7
240049024,Property Damage Crash,10/14/2024 07:31:00 AM,RAMP 7 FR MD 124 WB TO IS 270 SB,NA,Front to Rear,Clear,Dry,Daylight,Flashing Traffic Control Signal,NONE DETECTED,Yes,No Apparent Injury,NA,Not Distracted,MD,Passenger Car,Slowing or Stopping,35,No,2014,BMW,428I,39.14935983,-77.21807567,2024,10,7
240049020,Injury Crash,10/14/2024 07:20:00 AM,BRADLEY BLVD,Cyclist (non-electric),Single Vehicle,Clear,Dry,Daylight,Stop Sign,NONE DETECTED,Yes,No Apparent Injury,"Failed to Yield Right-of-Way, Ran Stop Sign","Other Action (looking away from task, etc.)",MD,Passenger Car,Entering Traffic Lane,35,No,2024,TOYOTA,RAV4,38.99303314,-77.12081277,2024,10,7
240049010,Property Damage Crash,10/14/2024 03:03:00 AM,UNIVERSITY BLVD E,NA,Single Vehicle,Clear,Dry,Medium,No Controls,ALCOHOL PRESENT,Yes,No Apparent Injury,NA,Unknown,MD,Passenger Car,Moving Constant Speed,35,No,2015,TOYOTA,PRIUS,39.00068287,-76.99556352,2024,10,3
240049007,Property Damage Crash,10/14/2024 02:49:00 AM,NEW HAMPSHIRE AVE,NA,Front to Rear,Clear,Dry,Medium,No Controls,NONE DETECTED,No,No Apparent Injury,NA,Not Distracted,MD,Passenger Car,Moving Constant Speed,40,No,2011,HYUNDAI,SONATA,39.03350014,-76.98599256,2024,10,2
240049007,Property Damage Crash,10/14/2024 02:49:00 AM,NEW HAMPSHIRE AVE,NA,Front to Rear,Clear,Dry,Medium,No Controls,NONE DETECTED,No,NA,NA,NA,NA,Passenger Car,Moving Constant Speed,40,No,1000,MERCEDES-BENZ,C-CLASS,39.03350014,-76.98599256,2024,10,2
240048991,Property Damage Crash,10/13/2024 11:17:00 PM,NA,NA,Front to Rear,Clear,NA,Medium,NA,NONE DETECTED,No,NA,NA,NA,NA,Passenger Car,Turning Left,0,No,2014,JEEP,GRAND CHEROKEE,38.99284944,-76.99208446,2024,10,23
240048991,Property Damage Crash,10/13/2024 11:17:00 PM,NA,NA,Front to Rear,Clear,NA,Medium,NA,NONE DETECTED,No,No Apparent Injury,NA,Not Distracted,MD,Pickup,Slowing or Stopping,0,No,2018,TOYOTA,TACOMA,38.99284944,-76.99208446,2024,10,23
240048993,Property Damage Crash,10/13/2024 11:09:00 PM,CORY TERR,NA,Front to Rear,Clear,Dry,Dark,No Controls,ALCOHOL PRESENT,Yes,No Apparent Injury,NA,Unknown,NM,Sport Utility Vehicle,Moving Constant Speed,30,No,2013,TOYOTA,RAV4,39.05274025,-77.05554999,2024,10,23
240048988,Property Damage Crash,10/13/2024 10:03:00 PM,NA,NA,Front to Rear,Clear,NA,Medium,NA,ALCOHOL PRESENT,Yes,No Apparent Injury,NA,Unknown,XX,Passenger Car,Backing,0,No,2016,HONDA,CR-V,39.09118932,-77.07780032,2024,10,22
240048985,Property Damage Crash,10/13/2024 09:30:00 PM,CONNECTICUT AVE (SB/L),NA,Front to Rear,Clear,Dry,Medium,No Controls,NONE DETECTED,No,NA,NA,NA,NA,Unknown,Accelerating,30,No,2002,STERLING TRUCK,M6500 ACTERRA,39.02894699,-77.07621741,2024,10,21
240048985,Property Damage Crash,10/13/2024 09:30:00 PM,CONNECTICUT AVE (SB/L),NA,Front to Rear,Clear,Dry,Medium,No Controls,NONE DETECTED,No,No Apparent Injury,NA,Not Distracted,MD,Passenger Car,Moving Constant Speed,30,No,2017,LEXUS,IS,39.02894699,-77.07621741,2024,10,21
240048978,Property Damage Crash,10/13/2024 09:18:00 PM,WOODFIELD RD,NA,Single Vehicle,Clear,Dry,Dark,No Controls,NONE DETECTED,No,No Apparent Injury,NA,Not Distracted,MD,Other,Moving Constant Speed,35,No,2020,FREIGHTLINER,FREIGHTLINER,39.15696229,-77.16406768,2024,10,21
240049025,Property Damage Crash,10/13/2024 09:15:00 PM,NEW HAMPSHIRE AVE,NA,"Sideswipe, Same Direction",Clear,Dry,Dark,No Controls,NONE DETECTED,No,No Apparent Injury,"Disregarded Other Traffic Sign, Failed to Keep in Proper Lane, Failed to Yield Right-of-Way, Improper Passing, Operated Motor Vehicle in Inattentive, Careless, Negligent, or Erratic Manner, Ran Red Light",Unknown,NA,Passenger Car,Overtaking/Passing,35,No,2017,KIA,SPORTAGE,39.0280858,-76.98270729,2024,10,21