Local Case Number,ACRS Report Type,Crash Date/Time,Road Name,Related Non-Motorist,Collision Type,Weather,Surface Condition,Light,Traffic Control,Driver Substance Abuse,Driver At Fault,Injury Severity,Circumstance,Driver Distracted By,Drivers License State,Vehicle Body Type,Vehicle Movement,Speed Limit,Driverless Vehicle,Vehicle Year,Vehicle Make,Vehicle Model,Latitude,Longitude,Year,Month,Hour
240049025,Property Damage Crash,10/13/2024 09:15:00 PM,NEW HAMPSHIRE AVE,NA,"Sideswipe, Same Direction",Clear,Dry,Dark,No Controls,NONE DETECTED,No,No Apparent Injury,NA,Not Distracted,MD,Passenger Car,Moving Constant Speed,35,No,2013,CHEVROLET,CAMARO,39.0280858,-76.98270729,2024,10,21
240048975,Injury Crash,10/13/2024 09:00:00 PM,NA,NA,Rear To Side,Clear,Dry,Medium,Stop Sign,NONE DETECTED,No,Possible Minor Injury,NA,Not Distracted,MD,Passenger Car,Moving Constant Speed,35,No,2015,TOYOTA,RAV4,39.15696705,-77.15875831,2024,10,21
240048975,Injury Crash,10/13/2024 09:00:00 PM,NA,NA,Rear To Side,Clear,Dry,Medium,Stop Sign,NONE DETECTED,Yes,Possible Minor Injury,Failed to Yield Right-of-Way,Unknown,MD,Passenger Car,Turning Left,35,No,2009,HONDA,ACCORD,39.15696705,-77.15875831,2024,10,21
240048973,Injury Crash,10/13/2024 08:50:00 PM,GRAND PRE RD,Pedestrian,Single Vehicle,Clear,Dry,Dark,No Controls,NONE DETECTED,Yes,No Apparent Injury,NA,Unknown,MD,Passenger Car,Turning Left,25,No,2018,TOYOTA,RAV4,39.09274296,-77.07647884,2024,10,20
240048970,Property Damage Crash,10/13/2024 07:16:00 PM,ROCKVILLE PIKE,NA,Angle,Clear,Dry,Medium,No Controls,NONE DETECTED,Yes,No Apparent Injury,NA,Not Distracted,MD,Passenger Car,Entering Traffic Lane,35,No,2011,TOYOTA,UNKNOWN,39.04850633,-77.11356583,2024,10,19
240048970,Property Damage Crash,10/13/2024 07:16:00 PM,ROCKVILLE PIKE,NA,Angle,Clear,Dry,Medium,No Controls,NONE DETECTED,No,No Apparent Injury,NA,Not Distracted,MD,Sport Utility Vehicle,Moving Constant Speed,35,No,2014,NISSAN,MURANO,39.04850633,-77.11356583,2024,10,19
240048965,Property Damage Crash,10/13/2024 07:00:00 PM,NA,NA,Front to Rear,Clear,Dry,Medium,Lane Use Control Signal,NONE DETECTED,No,No Apparent Injury,NA,Not Distracted,MD,Sport Utility Vehicle,Stopped in Traffic,55,No,2024,TOYOTA,RAV4,39.10419342,-76.932921,2024,10,19
240048965,Property Damage Crash,10/13/2024 07:00:00 PM,NA,NA,Front to Rear,Clear,Dry,Medium,Lane Use Control Signal,NONE DETECTED,No,NA,NA,NA,NA,NA,Moving Constant Speed,55,No,0,NA,NA,39.10419342,-76.932921,2024,10,19
240048969,Property Damage Crash,10/13/2024 06:42:00 PM,GEORGIA AVE,NA,"Sideswipe, Same Direction",Clear,Dry,Medium,No Controls,NONE DETECTED,No,No Apparent Injury,NA,Not Distracted,MD,Bus - Transit,Moving Constant Speed,30,No,2019,NEW FLYER,TRANSIT BUS,38.98772517,-77.02662233,2024,10,18
240048969,Property Damage Crash,10/13/2024 06:42:00 PM,GEORGIA AVE,NA,"Sideswipe, Same Direction",Clear,Dry,Medium,No Controls,NONE DETECTED,Yes,No Apparent Injury,Failed to Yield Right-of-Way,Not Distracted,MD,Passenger Car,Changing Lanes,30,No,2017,KIA,OPTIMA,38.98772517,-77.02662233,2024,10,18
240048963,Property Damage Crash,10/13/2024 06:39:00 PM,FENTON ST,NA,Front to Rear,Clear,Dry,Medium,No Controls,NONE DETECTED,No,No Apparent Injury,NA,Not Distracted,VA,Passenger Car,Slowing or Stopping,30,No,2021,HYUNDAI,KONA,38.99274147,-77.02406702,2024,10,18
240048963,Property Damage Crash,10/13/2024 06:39:00 PM,FENTON ST,NA,Front to Rear,Clear,Dry,Medium,Traffic Control Signal,ALCOHOL PRESENT,Yes,No Apparent Injury,"Operated Motor Vehicle in Inattentive, Careless, Negligent, or Erratic Manner, Other Improper Action",Unknown,DC,Passenger Car,Moving Constant Speed,30,No,2005,ACURA,MDX,38.99274147,-77.02406702,2024,10,18
240048961,Injury Crash,10/13/2024 06:28:00 PM,NA,Pedestrian,Single Vehicle,Clear,NA,Medium,NA,NONE DETECTED,Yes,No Apparent Injury,NA,Not Distracted,MD,Passenger Car,Backing,0,No,2012,VOLKSWAGEN,JETTA,39.20445793,-77.24508927,2024,10,18
240048952,Injury Crash,10/13/2024 05:45:00 PM,RAMP 3 FR MD 109 EB TO RAMP 2 (TO IS270),NA,Rear To Side,Clear,Dry,Daylight,No Controls,NONE DETECTED,Yes,Possible Minor Injury,"Failed to Yield Right-of-Way, Improper Turn",Unknown,MD,Motorcycle - 2 Wheeled,Turning Left,30,No,2019,HARLEY DAVIDSON,M,39.27844494,-77.32220861,2024,10,17
240048952,Injury Crash,10/13/2024 05:45:00 PM,RAMP 3 FR MD 109 EB TO RAMP 2 (TO IS270),NA,Rear To Side,Clear,Dry,Daylight,No Controls,NONE DETECTED,No,No Apparent Injury,NA,Not Distracted,MD,Passenger Car,Moving Constant Speed,30,No,2021,BMW,X2,39.27844494,-77.32220861,2024,10,17
240048945,Injury Crash,10/13/2024 04:41:00 PM,W DEER PARK RD,NA,Angle,Clear,Dry,Daylight,Traffic Control Signal,NONE DETECTED,No,Possible Minor Injury,NA,Not Distracted,MD,Passenger Car,Moving Constant Speed,35,No,2013,NISSAN,ROGUE,39.1348233,-77.20565622,2024,10,16
240048945,Injury Crash,10/13/2024 04:41:00 PM,W DEER PARK RD,NA,Angle,Clear,Dry,Daylight,Traffic Control Signal,NONE DETECTED,No,No Apparent Injury,NA,Unknown,MD,Passenger Car,Turning Left,35,No,2005,HONDA,ACCORD,39.1348233,-77.20565622,2024,10,16
240048956,Property Damage Crash,10/13/2024 04:14:00 PM,BOU AVE,NA,Front to Rear,Clear,Dry,Daylight,No Controls,NONE DETECTED,No,No Apparent Injury,NA,Not Distracted,MD,Passenger Car,Turning Left,30,No,2000,TOYOTA,CAMRY,39.05690221,-77.11469311,2024,10,16
240048956,Property Damage Crash,10/13/2024 04:14:00 PM,BOU AVE,NA,Front to Rear,Clear,Dry,Daylight,No Controls,NONE DETECTED,No,NA,NA,NA,NA,Passenger Car,Moving Constant Speed,30,No,2012,HONDA,CIVIC,39.05690221,-77.11469311,2024,10,16
240048937,Property Damage Crash,10/13/2024 03:20:00 PM,DEMOCRACY BLVD,NA,"Sideswipe, Same Direction",Clear,Dry,Daylight,No Controls,NONE DETECTED,Yes,No Apparent Injury,"Failed to Keep in Proper Lane, Failed to Yield Right-of-Way",Unknown,XX,Passenger Car,Changing Lanes,30,No,2016,MERCEDES-BENZ,GLE-CLASS,39.02263167,-77.13349467,2024,10,15
240048937,Property Damage Crash,10/13/2024 03:20:00 PM,DEMOCRACY BLVD,NA,"Sideswipe, Same Direction",Clear,Dry,Daylight,No Controls,NONE DETECTED,No,No Apparent Injury,NA,Not Distracted,MD,Bus - Transit,Moving Constant Speed,30,No,2023,METRO TRAM,METRO TRAM,39.02263167,-77.13349467,2024,10,15
240048934,Injury Crash,10/13/2024 03:00:00 PM,GREAT SENECA HWY,NA,Rear To Side,Clear,Dry,Daylight,No Controls,DRUG PRESENT,Yes,Possible Minor Injury,Failed to Yield Right-of-Way,Unknown,MD,Passenger Car,Turning Left,50,No,2012,TOYOTA,HIGHLANDER,39.13703833,-77.25217833,2024,10,15
240048934,Injury Crash,10/13/2024 03:00:00 PM,GREAT SENECA HWY,NA,Rear To Side,Clear,Dry,Daylight,No Controls,NONE DETECTED,No,Possible Minor Injury,Other Improper Action,Unknown,MD,Sport Utility Vehicle,Moving Constant Speed,50,No,2023,MAZDA,CX-5,39.13703833,-77.25217833,2024,10,15
240048932,Property Damage Crash,10/13/2024 02:00:00 PM,GLENMONT CIR #1,NA,Front to Rear,Clear,Dry,Daylight,Traffic Control Signal,NONE DETECTED,No,No Apparent Injury,NA,Not Distracted,MD,Passenger Car,Stopped in Traffic,40,No,2021,NISSAN,SENTRA,39.0590157,-77.04764061,2024,10,14
240048927,Injury Crash,10/13/2024 02:00:00 PM,RAMP 9 FR TOWER OAKS BLVD TO RAMP 2,NA,Angle,Clear,Dry,Daylight,Traffic Control Signal,NONE DETECTED,Yes,Possible Minor Injury,Failed to Yield Right-of-Way,Unknown,MD,Passenger Car,Turning Left,30,No,2021,MERCEDES-BENZ,GLA-CLASS,39.05856129,-77.15229506,2024,10,14
240048932,Property Damage Crash,10/13/2024 02:00:00 PM,GLENMONT CIR #1,NA,Front to Rear,Clear,Dry,Daylight,Traffic Control Signal,NONE DETECTED,No,NA,NA,NA,NA,Passenger Car,Slowing or Stopping,40,No,2013,HYUNDAI,SONATA,39.0590157,-77.04764061,2024,10,14
240048927,Injury Crash,10/13/2024 02:00:00 PM,RAMP 9 FR TOWER OAKS BLVD TO RAMP 2,NA,Angle,Clear,Dry,Daylight,Traffic Control Signal,NONE DETECTED,No,No Apparent Injury,NA,Unknown,MD,Passenger Car,Moving Constant Speed,30,No,2022,VOLKSWAGEN,TIGUAN,39.05856129,-77.15229506,2024,10,14
240048925,Injury Crash,10/13/2024 01:49:00 PM,CECIL ST,NA,Other,Clear,Dry,Daylight,Traffic Control Signal,NONE DETECTED,Yes,No Apparent Injury,NA,Not Distracted,MD,Passenger Car,Moving Constant Speed,40,No,2018,LEXUS,ES,39.10642691,-77.15230063,2024,10,13
240048925,Injury Crash,10/13/2024 01:49:00 PM,CECIL ST,NA,Other,Clear,Dry,Daylight,Traffic Control Signal,NONE DETECTED,No,Possible Minor Injury,NA,Not Distracted,MD,Passenger Car,Turning Left,35,No,2006,TOYOTA,COROLLA,39.10642691,-77.15230063,2024,10,13
240048916,Property Damage Crash,10/13/2024 12:55:00 PM,NA,NA,Unknown,Clear,NA,Daylight,NA,NONE DETECTED,Yes,No Apparent Injury,NA,Not Distracted,MD,Passenger Car,Moving Constant Speed,0,No,2017,BMW,530I,39.219,-76.665,2024,10,12
240048913,Property Damage Crash,10/13/2024 12:45:00 PM,NA,NA,Single Vehicle,Clear,NA,Daylight,NA,NONE DETECTED,No,No Apparent Injury,NA,Unknown,MD,Passenger Car,Accelerating,0,No,2019,ACURA,RDX,38.97313001,-77.13980815,2024,10,12
240048904,Injury Crash,10/13/2024 11:46:00 AM,KENTLANDS BLVD (NB/L),NA,Front to Rear,Clear,Dry,Daylight,No Controls,NONE DETECTED,No,Possible Minor Injury,NA,Not Distracted,MD,Passenger Car,Stopped in Traffic,30,No,2020,HONDA,CR-V,39.1250353,-77.24249607,2024,10,11
240048904,Injury Crash,10/13/2024 11:46:00 AM,KENTLANDS BLVD (NB/L),NA,Front to Rear,Clear,Dry,Daylight,No Controls,NONE DETECTED,No,NA,NA,NA,NA,Passenger Car,Slowing or Stopping,30,No,2021,HONDA,CIVIC,39.1250353,-77.24249607,2024,10,11
24008886,Injury Crash,10/13/2024 09:30:00 AM,NA,NA,Front to Rear,Clear,Dry,Daylight,Pedestrian Crossing Sign,NONE DETECTED,No,No Apparent Injury,NA,Not Distracted,MD,Passenger Car,Stopped in Traffic,25,No,2007,ACURA,TSX,39.14054586,-77.21465931,2024,10,9
24008886,Injury Crash,10/13/2024 09:30:00 AM,NA,NA,Front to Rear,Clear,Dry,Daylight,Pedestrian Crossing Sign,NONE DETECTED,No,No Apparent Injury,NA,Not Distracted,MD,Van - Passenger (&lt;9 Seats),Moving Constant Speed,25,No,2016,TOYOTA,SIENNA,39.14054586,-77.21465931,2024,10,9
24008886,Injury Crash,10/13/2024 09:30:00 AM,NA,NA,Front to Rear,Clear,Dry,Daylight,Pedestrian Crossing,NONE DETECTED,No,Possible Minor Injury,NA,Not Distracted,VA,Pickup,Slowing or Stopping,25,No,2024,NISSAN,TITAN,39.14054586,-77.21465931,2024,10,9
240048877,Injury Crash,10/13/2024 06:14:00 AM,NEW HAMPSHIRE AVE (SB/L),NA,Front to Rear,Clear,Dry,Dark,Traffic Control Signal,NONE DETECTED,No,No Apparent Injury,NA,Not Distracted,MD,Passenger Car,Slowing or Stopping,35,No,2021,AUDI,S5,39.02006679,-76.97672162,2024,10,6
240048877,Injury Crash,10/13/2024 06:14:00 AM,NEW HAMPSHIRE AVE (SB/L),NA,Front to Rear,Clear,Dry,Dark,Traffic Control Signal,NONE DETECTED,No,No Apparent Injury,NA,Not Distracted,MD,Passenger Car,Moving Constant Speed,35,No,2007,TOYOTA,YARIS,39.02006679,-76.97672162,2024,10,6
240048871,Property Damage Crash,10/13/2024 03:56:00 AM,TAYLOR ST,NA,Single Vehicle,Clear,Dry,Medium,No Controls,ALCOHOL PRESENT,No,No Apparent Injury,NA,Unknown,WV,Sport Utility Vehicle,NA,25,No,2018,INFINITI,QX80,38.98099233,-77.0731385,2024,10,3
240048845,Property Damage Crash,10/12/2024 11:45:00 PM,DILSTON RD,NA,Front to Rear,Clear,Dry,Dark,Traffic Control Signal,NONE DETECTED,No,NA,NA,NA,NA,NA,Moving Constant Speed,40,No,0,NA,NA,39.01144336,-76.97905206,2024,10,23
240048845,Property Damage Crash,10/12/2024 11:45:00 PM,DILSTON RD,NA,Front to Rear,Clear,Dry,Dark,Traffic Control Signal,NONE DETECTED,No,No Apparent Injury,NA,Not Distracted,MD,Sport Utility Vehicle,Stopped in Traffic,40,No,2015,FORD,ESCAPE,39.01144336,-76.97905206,2024,10,23
240048831,Property Damage Crash,10/12/2024 09:39:00 PM,GERMANTOWN RD,NA,"Sideswipe, Same Direction",Clear,Dry,Medium,Lane Use Control Signal,NONE DETECTED,No,No Apparent Injury,NA,Not Distracted,MD,Passenger Car,Moving Constant Speed,40,No,2018,FORD,FUSION,39.18822685,-77.25177701,2024,10,21
240048831,Property Damage Crash,10/12/2024 09:39:00 PM,GERMANTOWN RD,NA,"Sideswipe, Same Direction",Clear,Dry,Medium,Lane Use Control Signal,NONE DETECTED,No,No Apparent Injury,NA,Not Distracted,MD,Passenger Car,Moving Constant Speed,40,No,2008,TOYOTA,PRIUS,39.18822685,-77.25177701,2024,10,21
240048820,Property Damage Crash,10/12/2024 08:09:00 PM,TUCKERMAN LA,NA,"Sideswipe, Same Direction",Clear,Dry,Medium,No Controls,NONE DETECTED,Yes,No Apparent Injury,"Failed to Keep in Proper Lane, Failed to Yield Right-of-Way",Unknown,NA,Passenger Car,Changing Lanes,35,No,2016,AUDI,UNKNOWN,39.03450518,-77.12466892,2024,10,20
240048820,Property Damage Crash,10/12/2024 08:09:00 PM,TUCKERMAN LA,NA,"Sideswipe, Same Direction",Clear,Dry,Medium,No Controls,NONE DETECTED,No,No Apparent Injury,NA,Not Distracted,MD,Sport Utility Vehicle,Moving Constant Speed,35,No,2022,ALFA ROMEO,UNKNOWN,39.03450518,-77.12466892,2024,10,20
240048814,Injury Crash,10/12/2024 07:52:00 PM,NEW HAMPSHIRE AVE (SB/L),NA,Angle,Clear,Dry,Medium,Traffic Control Signal,NONE DETECTED,No,No Apparent Injury,NA,Not Distracted,MD,Passenger Car,Moving Constant Speed,40,No,2024,TESLA,MODEL Y,39.04454372,-76.99231607,2024,10,19
240048814,Injury Crash,10/12/2024 07:52:00 PM,NEW HAMPSHIRE AVE (SB/L),NA,Angle,Clear,Dry,Medium,Traffic Control Signal,NONE DETECTED,Yes,Possible Minor Injury,Failed to Yield Right-of-Way,Not Distracted,MD,Passenger Car,Turning Left,40,No,2022,HYUNDAI,ELANTRA,39.04454372,-76.99231607,2024,10,19
240048810,Property Damage Crash,10/12/2024 07:40:00 PM,NORBECK RD,NA,Front to Rear,Clear,Dry,Dark,No Controls,NONE DETECTED,No,No Apparent Injury,"Followed Too Closely, Operated Motor Vehicle in Inattentive, Careless, Negligent, or Erratic Manner, Operated Motor Vehicle in Reckless or Aggressive Manner",Unknown,MD,Passenger Car,Accelerating,40,No,2020,DODGE,RAM,39.09067524,-77.12799541,2024,10,19
240048810,Property Damage Crash,10/12/2024 07:40:00 PM,NORBECK RD,NA,Front to Rear,Clear,Dry,Dark,No Controls,NONE DETECTED,No,No Apparent Injury,Other Improper Action,Not Distracted,VA,Passenger Car,Slowing or Stopping,40,No,2013,TOYOTA,PRIUS,39.09067524,-77.12799541,2024,10,19
240048818,Fatal Crash,10/12/2024 07:21:00 PM,ROCKVILLE PIKE,NA,Angle,Clear,Dry,Medium,Traffic Control Signal,NONE DETECTED,No,Possible Minor Injury,NA,Not Distracted,MD,Van - Passenger (&lt;9 Seats),Turning Left,45,No,2016,TOYOTA,SIENNA,39.02423552,-77.10297655,2024,10,19
240048818,Fatal Crash,10/12/2024 07:21:00 PM,ROCKVILLE PIKE,NA,Angle,Clear,Dry,Medium,Traffic Control Signal,NONE DETECTED,No,Fatal Injury,Too Fast For Conditions,Not Distracted,MD,Motorcycle - 2 Wheeled,Accelerating,45,No,2020,YAMAHA,MTN690 (MT-07),39.02423552,-77.10297655,2024,10,19
240048811,Property Damage Crash,10/12/2024 07:20:00 PM,FREDERICK RD,NA,Front to Rear,Clear,Dry,Medium,Traffic Control Signal,NONE DETECTED,No,No Apparent Injury,NA,Not Distracted,MD,Passenger Car,Slowing or Stopping,35,No,2013,BMW,X5,39.11900763,-77.17155995,2024,10,19
240048811,Property Damage Crash,10/12/2024 07:20:00 PM,FREDERICK RD,NA,Front to Rear,Clear,Dry,Medium,Traffic Control Signal,NONE DETECTED,Yes,No Apparent Injury,NA,Unknown,MD,Passenger Car,Moving Constant Speed,35,No,2014,TOYOTA,COROLLA,39.11900763,-77.17155995,2024,10,19
240048794,Injury Crash,10/12/2024 04:40:00 PM,GLEN RD,NA,"Sideswipe, Opposite Direction",Clear,Dry,Daylight,No Controls,NONE DETECTED,No,Possible Minor Injury,NA,Not Distracted,MD,Pickup,Moving Constant Speed,30,No,2004,FORD,F-350,39.07272442,-77.273924,2024,10,16
240048794,Injury Crash,10/12/2024 04:40:00 PM,GLEN RD,NA,"Sideswipe, Opposite Direction",Clear,Dry,Daylight,No Controls,NONE DETECTED,No,No Apparent Injury,"Disregarded Other Road Markings, Wrong Side",Unknown,NA,Unknown,NA,30,No,0,NA,NA,39.07272442,-77.273924,2024,10,16
240048622,Injury Crash,10/12/2024 03:35:00 PM,NEW HAMPSHIRE AVE (SB/L),NA,Front to Rear,Clear,Dry,Daylight,Traffic Control Signal,NONE DETECTED,Yes,No Apparent Injury,NA,Unknown,MD,Passenger Car,Moving Constant Speed,35,No,2019,HONDA,PILOT,39.01171483,-76.979015,2024,10,15
240048622,Injury Crash,10/12/2024 03:35:00 PM,NEW HAMPSHIRE AVE (SB/L),NA,Front to Rear,Clear,Dry,Daylight,Traffic Control Signal,NONE DETECTED,No,Possible Minor Injury,NA,Not Distracted,NA,Passenger Car,Slowing or Stopping,35,No,2012,TOYOTA,CAMRY,39.01171483,-76.979015,2024,10,15
240048622,Injury Crash,10/12/2024 03:35:00 PM,NEW HAMPSHIRE AVE (SB/L),NA,Front to Rear,Clear,Dry,Daylight,Traffic Control Signal,NONE DETECTED,No,No Apparent Injury,NA,Not Distracted,DC,Van - Passenger (&lt;9 Seats),Slowing or Stopping,35,No,2015,CHEVROLET,EXPRESS,39.01171483,-76.979015,2024,10,15
240048781,Property Damage Crash,10/12/2024 03:32:00 PM,DEAN RD,NA,Other,Clear,Dry,Daylight,No Controls,NONE DETECTED,No,No Apparent Injury,NA,Unknown,MD,Passenger Car,Moving Constant Speed,35,No,2013,HONDA,ACCORD,39.06900474,-77.07544472,2024,10,15
240048781,Property Damage Crash,10/12/2024 03:32:00 PM,DEAN RD,NA,Other,Clear,Dry,Daylight,No Controls,NONE DETECTED,Yes,No Apparent Injury,NA,Unknown,NA,Passenger Car,Turning Left,35,No,2016,HONDA,CIVIC,39.06900474,-77.07544472,2024,10,15
240048773,Property Damage Crash,10/12/2024 02:55:00 PM,NA,NA,Single Vehicle,Clear,Dry,Daylight,No Controls,NONE DETECTED,Yes,No Apparent Injury,NA,Not Distracted,MD,Passenger Car,Negotiating a Curve,30,No,2017,FORD,TAURUS,39.02172448,-77.13913795,2024,10,14
240048771,Injury Crash,10/12/2024 02:18:00 PM,GREENCASTLE RD,NA,"Sideswipe, Opposite Direction",Clear,Dry,Daylight,Traffic Control Signal,NONE DETECTED,No,Possible Minor Injury,NA,Not Distracted,MD,Passenger Car,Turning Left,55,No,2009,NISSAN,ALTIMA,39.09555971,-76.93783568,2024,10,14
240048771,Injury Crash,10/12/2024 02:18:00 PM,GREENCASTLE RD,NA,"Sideswipe, Opposite Direction",Clear,Dry,Daylight,Traffic Control Signal,NONE DETECTED,Yes,Possible Minor Injury,NA,Unknown,MD,Sport Utility Vehicle,Accelerating,55,No,2010,AUDI,Q5,39.09555971,-76.93783568,2024,10,14
240048770,Injury Crash,10/12/2024 02:00:00 PM,ASPEN HILL RD,NA,Front to Rear,Clear,Dry,Daylight,No Controls,NONE DETECTED,No,No Apparent Injury,NA,Not Distracted,MD,Sport Utility Vehicle,Slowing or Stopping,30,No,2022,ACURA,MDX,39.07736651,-77.09159995,2024,10,14
240048770,Injury Crash,10/12/2024 02:00:00 PM,ASPEN HILL RD,NA,Front to Rear,Clear,Dry,Daylight,No Controls,NONE DETECTED,Yes,No Apparent Injury,NA,Not Distracted,MD,Passenger Car,Moving Constant Speed,30,No,2004,TOYOTA,CAMRY,39.07736651,-77.09159995,2024,10,14
240048755,Injury Crash,10/12/2024 01:29:00 PM,CLAY ST,NA,Single Vehicle,Clear,Dry,Daylight,No Controls,NONE DETECTED,No,Possible Minor Injury,NA,Unknown,MD,Passenger Car,Moving Constant Speed,20,No,2023,HYUNDAI,VENUE,39.05733043,-77.06570716,2024,10,13
240048763,Property Damage Crash,10/12/2024 01:07:00 PM,E JEFFERSON ST,NA,Rear To Side,Clear,Dry,Daylight,No Controls,NONE DETECTED,No,NA,NA,NA,NA,Sport Utility Vehicle,Turning Left,30,No,2010,TOYOTA,RAV4,39.05734895,-77.12630573,2024,10,13
240048763,Property Damage Crash,10/12/2024 01:07:00 PM,E JEFFERSON ST,NA,Rear To Side,Clear,Dry,Daylight,No Controls,NONE DETECTED,No,No Apparent Injury,NA,Not Distracted,MD,Passenger Car,Moving Constant Speed,30,No,2024,HONDA,ACCORD,39.05734895,-77.12630573,2024,10,13
240048754,Property Damage Crash,10/12/2024 12:40:00 PM,NA,NA,Single Vehicle,Clear,Dry,Daylight,No Controls,NONE DETECTED,No,No Apparent Injury,NA,Unknown,MD,Passenger Car,Moving Constant Speed,30,No,2015,HYUNDAI,ACCENT,39.11910717,-77.04611,2024,10,12
240048748,Property Damage Crash,10/12/2024 11:55:00 AM,NA,NA,Rear To Side,Clear,NA,Daylight,NA,NONE DETECTED,Yes,No Apparent Injury,NA,Unknown,NA,Passenger Car,Backing,0,No,2021,CHEVROLET,EXPRESS,39.1436355,-77.20305683,2024,10,11
240048748,Property Damage Crash,10/12/2024 11:55:00 AM,NA,NA,Rear To Side,Clear,NA,Daylight,NA,NONE DETECTED,No,No Apparent Injury,NA,Not Distracted,MD,Passenger Car,Moving Constant Speed,0,No,2022,VOLKSWAGEN,TIGUAN,39.1436355,-77.20305683,2024,10,11
240048743,Property Damage Crash,10/12/2024 10:15:00 AM,MIDCOUNTY HWY,NA,Single Vehicle,Clear,Dry,Daylight,No Controls,NONE DETECTED,Yes,No Apparent Injury,Other Improper Action,Unknown,MD,Station Wagon,Accelerating,45,No,2015,SUBARU,OUTBACK,39.14123317,-77.152148,2024,10,10
240048733,Property Damage Crash,10/12/2024 08:55:00 AM,FIELDCREST RD,NA,Single Vehicle,Clear,Dry,Daylight,Traffic Control Signal,NONE DETECTED,No,NA,NA,NA,NA,Passenger Car,Turning Right,40,No,2012,FORD,FOCUS,39.18527791,-77.15064322,2024,10,8
240048728,Injury Crash,10/12/2024 08:53:00 AM,GEORGIA AVE,NA,Front to Rear,Clear,Dry,Daylight,No Controls,NONE DETECTED,No,No Apparent Injury,NA,Not Distracted,MD,Passenger Car,Stopped in Traffic,45,No,2023,HYUNDAI,KONA,39.12447693,-77.07277597,2024,10,8
240048728,Injury Crash,10/12/2024 08:53:00 AM,GEORGIA AVE,NA,Front to Rear,Clear,Dry,Daylight,No Controls,NONE DETECTED,Yes,Possible Minor Injury,NA,Unknown,MD,Passenger Car,Slowing or Stopping,45,No,2016,FORD,FIESTA,39.12447693,-77.07277597,2024,10,8
240048726,Property Damage Crash,10/12/2024 08:04:00 AM,ROCKVILLE PIKE,NA,Front to Rear,Clear,Dry,Daylight,Traffic Control Signal,NONE DETECTED,No,No Apparent Injury,NA,Not Distracted,MD,Passenger Car,Moving Constant Speed,35,No,2014,TOYOTA,RAV4,39.02234512,-77.10275833,2024,10,8
240048726,Property Damage Crash,10/12/2024 08:04:00 AM,ROCKVILLE PIKE,NA,Front to Rear,Clear,Dry,Daylight,Traffic Control Signal,NONE DETECTED,No,No Apparent Injury,NA,Not Distracted,MD,Passenger Car,Moving Constant Speed,35,No,2019,HONDA,CIVIC,39.02234512,-77.10275833,2024,10,8
240048723,Property Damage Crash,10/12/2024 07:48:00 AM,VEIRS MILL RD,NA,Other,Clear,Dry,Daylight,Traffic Control Signal,NONE DETECTED,Yes,No Apparent Injury,NA,Unknown,MD,Passenger Car,Moving Constant Speed,35,No,2003,HONDA,S2000,39.0733085,-77.11202373,2024,10,7
240048723,Property Damage Crash,10/12/2024 07:48:00 AM,VEIRS MILL RD,NA,Other,Clear,Dry,Daylight,Traffic Control Signal,NONE DETECTED,No,No Apparent Injury,NA,Not Distracted,MD,Passenger Car,Moving Constant Speed,35,No,2007,HONDA,ACCORD,39.0733085,-77.11202373,2024,10,7
240048723,Property Damage Crash,10/12/2024 07:48:00 AM,VEIRS MILL RD,NA,Other,Clear,Dry,Daylight,Traffic Control Signal,NONE DETECTED,No,No Apparent Injury,NA,Not Distracted,MD,Passenger Car,Stopped in Traffic,35,No,2010,DODGE,GRAND CARAVAN,39.0733085,-77.11202373,2024,10,7