Local Case Number,ACRS Report Type,Crash Date/Time,Road Name,Related Non-Motorist,Collision Type,Weather,Surface Condition,Light,Traffic Control,Driver Substance Abuse,Driver At Fault,Injury Severity,Circumstance,Driver Distracted By,Drivers License State,Vehicle Body Type,Vehicle Movement,Speed Limit,Driverless Vehicle,Vehicle Year,Vehicle Make,Vehicle Model,Latitude,Longitude,Year,Month,Hour
240048462,Injury Crash,10/10/2024 07:44:00 PM,GOSHEN RD,NA,Rear To Side,Clear,Dry,Medium,"Other Pavement Marking (excluding edgelines, centerlines, or lane lines)",NONE DETECTED,No,Possible Minor Injury,Disregarded Other Road Markings,Not Distracted,MD,Passenger Car,Moving Constant Speed,35,No,2021,TOYOTA,CAMRY,39.18668404,-77.18711682,2024,10,19
240048462,Injury Crash,10/10/2024 07:44:00 PM,GOSHEN RD,NA,Rear To Side,Clear,Dry,Medium,Stop Sign,NONE DETECTED,No,No Apparent Injury,NA,Not Distracted,MD,Sport Utility Vehicle,Entering Traffic Lane,35,No,2019,NISSAN,PATHFINDER,39.18668404,-77.18711682,2024,10,19
240048454,Property Damage Crash,10/10/2024 06:53:00 PM,NO NAME,NA,Other,Clear,Dry,Medium,No Controls,NONE DETECTED,No,No Apparent Injury,NA,Unknown,MD,Other,Moving Constant Speed,35,No,2024,VOLVO,V60,39.00871362,-77.09736518,2024,10,18
240048454,Property Damage Crash,10/10/2024 06:53:00 PM,NO NAME,NA,Other,Clear,Dry,Medium,No Controls,NONE DETECTED,No,No Apparent Injury,NA,Not Distracted,MD,Other,Moving Constant Speed,35,No,2022,TOYOTA,COROLLA,39.00871362,-77.09736518,2024,10,18
240048448,Property Damage Crash,10/10/2024 06:31:00 PM,NA,NA,Angle,Clear,Dry,Daylight,No Controls,NONE DETECTED,No,No Apparent Injury,NA,Not Distracted,MD,Passenger Car,Moving Constant Speed,30,No,2022,LEXUS,RX,39.04791111,-77.19019994,2024,10,18
240048448,Property Damage Crash,10/10/2024 06:31:00 PM,NA,NA,Angle,Clear,Dry,Daylight,Stop Sign,NONE DETECTED,Yes,No Apparent Injury,NA,Not Distracted,MD,Passenger Car,Entering Traffic Lane,30,No,2017,TOYOTA,CAMRY,39.04791111,-77.19019994,2024,10,18
240048451,Property Damage Crash,10/10/2024 06:26:00 PM,UNIVERSITY BLVD E (WB/L),NA,"Sideswipe, Same Direction",Clear,Dry,Medium,No Controls,NONE DETECTED,No,No Apparent Injury,NA,Not Distracted,VA,Pickup,Moving Constant Speed,45,No,2008,TOYOTA,TACOMA,39.0148855,-77.00448733,2024,10,18
240048451,Property Damage Crash,10/10/2024 06:26:00 PM,UNIVERSITY BLVD E (WB/L),NA,"Sideswipe, Same Direction",Clear,Dry,Medium,No Controls,NONE DETECTED,Yes,No Apparent Injury,Improper Passing,Not Distracted,MD,Bus - Transit,Changing Lanes,45,No,2011,GILLIG,LOW FLOOR BUS,39.0148855,-77.00448733,2024,10,18
240048444,Injury Crash,10/10/2024 06:15:00 PM,TRANSHIRE RD,Pedestrian,Single Vehicle,Clear,Dry,Medium,No Controls,NONE DETECTED,No,No Apparent Injury,NA,Not Distracted,MD,Passenger Car,Moving Constant Speed,15,No,2020,FORD,ESCAPE,39.17548494,-77.19808562,2024,10,18
240048455,Property Damage Crash,10/10/2024 06:10:00 PM,GEORGIA AVE,NA,Front to Rear,Clear,Dry,Daylight,No Controls,NONE DETECTED,No,No Apparent Injury,NA,Not Distracted,MD,Passenger Car,Stopped in Traffic,35,No,2019,TOYOTA,C-HR,38.99325738,-77.02656938,2024,10,18
240048455,Property Damage Crash,10/10/2024 06:10:00 PM,GEORGIA AVE,NA,Front to Rear,Clear,Dry,Daylight,No Controls,NONE DETECTED,No,No Apparent Injury,Improper Passing,Unknown,NA,Sport Utility Vehicle,Changing Lanes,35,No,2023,FORD,EXPLORER,38.99325738,-77.02656938,2024,10,18
240048440,Property Damage Crash,10/10/2024 05:50:00 PM,HUNGERFORD DR (SB/L),NA,Front to Front,Clear,Dry,Daylight,No Controls,NONE DETECTED,No,No Apparent Injury,NA,Not Distracted,MD,Sport Utility Vehicle,Accelerating,35,No,2004,ACURA,MDX,39.09457105,-77.1536128,2024,10,17
240048440,Property Damage Crash,10/10/2024 05:50:00 PM,HUNGERFORD DR (SB/L),NA,Front to Front,Clear,Dry,Daylight,No Controls,NONE DETECTED,No,No Apparent Injury,NA,Not Distracted,MD,Passenger Car,Moving Constant Speed,35,No,2012,LEXUS,ES,39.09457105,-77.1536128,2024,10,17
240048429,Property Damage Crash,10/10/2024 04:50:00 PM,REDLAND BLVD (EB/L),NA,Front to Rear,Clear,Dry,Daylight,Flashing Traffic Control Signal,NONE DETECTED,No,No Apparent Injury,NA,Not Distracted,MD,Bus - School,Stopped in Traffic,35,No,2015,THOMAS BUILT,SCHOOL BUS,39.11041716,-77.17481338,2024,10,16
240048429,Property Damage Crash,10/10/2024 04:50:00 PM,REDLAND BLVD (EB/L),NA,Front to Rear,Clear,Dry,Daylight,Flashing Traffic Control Signal,NONE DETECTED,No,NA,NA,NA,NA,NA,Backing,35,No,0,NA,NA,39.11041716,-77.17481338,2024,10,16
240048445,Property Damage Crash,10/10/2024 04:20:00 PM,BLUE SMOKE WAY,NA,"Sideswipe, Opposite Direction",Clear,Dry,Daylight,No Controls,NONE DETECTED,No,NA,NA,NA,NA,Sport Utility Vehicle,Accelerating,10,No,2021,JEEP,GRAND CHEROKEE L,39.17796843,-77.1835696,2024,10,16
240048423,Injury Crash,10/10/2024 04:15:00 PM,EAST LA,NA,Angle,Clear,Dry,Daylight,Traffic Control Signal,NONE DETECTED,No,Possible Minor Injury,NA,Not Distracted,MD,Passenger Car,Stopped in Traffic,30,No,2014,KIA,CADENZA,38.98348082,-77.09498392,2024,10,16
240048423,Injury Crash,10/10/2024 04:15:00 PM,EAST LA,NA,Angle,Clear,Dry,Daylight,Traffic Control Signal,NONE DETECTED,Yes,No Apparent Injury,NA,Not Distracted,MD,Passenger Car,Moving Constant Speed,30,No,2014,DODGE,GRAND CARAVAN,38.98348082,-77.09498392,2024,10,16
240048414,Injury Crash,10/10/2024 03:43:00 PM,NO NAME (WB/L),NA,Other,Clear,Dry,Daylight,No Controls,NONE DETECTED,Yes,Possible Minor Injury,"Other Improper Action, Too Fast For Conditions",Not Distracted,MD,Motorcycle - 2 Wheeled,Slowing or Stopping,55,No,2024,KAWASAKI,EX500,39.12112767,-77.18540483,2024,10,15
240048414,Injury Crash,10/10/2024 03:43:00 PM,NO NAME (WB/L),NA,Other,Clear,Dry,Daylight,No Controls,NONE DETECTED,No,No Apparent Injury,NA,Not Distracted,MD,Pickup,Parked,55,No,2021,CHEVROLET,COLORADO,39.12112767,-77.18540483,2024,10,15
240048407,Property Damage Crash,10/10/2024 03:34:00 PM,INSLEY ST,NA,"Sideswipe, Same Direction",Clear,Dry,Daylight,No Controls,NONE DETECTED,No,No Apparent Injury,NA,Not Distracted,MD,Bus - School,Moving Constant Speed,20,No,2014,THOMAS BUILT,SCHOOL BUS,39.02944547,-77.05398315,2024,10,15
240048418,Property Damage Crash,10/10/2024 03:34:00 PM,PLYERS MILL RD,NA,Angle,Clear,Dry,Daylight,Pedestrian Crossing Sign,NONE DETECTED,Yes,No Apparent Injury,NA,Not Distracted,MD,Passenger Car,Slowing or Stopping,25,No,2001,TOYOTA,PRIUS,39.02934005,-77.05362992,2024,10,15
240048418,Property Damage Crash,10/10/2024 03:34:00 PM,PLYERS MILL RD,NA,Angle,Clear,Dry,Daylight,Pedestrian Crossing Sign,NONE DETECTED,No,No Apparent Injury,NA,Not Distracted,MD,Bus - School,Parked,25,No,2014,THOMAS BUILT,SCHOOL BUS,39.02934005,-77.05362992,2024,10,15
240048407,Property Damage Crash,10/10/2024 03:34:00 PM,INSLEY ST,NA,"Sideswipe, Same Direction",Clear,Dry,Daylight,No Controls,NONE DETECTED,No,No Apparent Injury,NA,Not Distracted,MD,Other,Parked,20,No,2024,UNKNOWN,UNKNOWN,39.02944547,-77.05398315,2024,10,15
240048408,Injury Crash,10/10/2024 03:32:00 PM,PARKLAWN DR,NA,"Sideswipe, Same Direction",Clear,Dry,Daylight,No Controls,NONE DETECTED,No,No Apparent Injury,NA,Not Distracted,MD,Sport Utility Vehicle,Moving Constant Speed,35,No,2017,MERCEDES-BENZ,GLE-CLASS,39.05115333,-77.10606833,2024,10,15
240048408,Injury Crash,10/10/2024 03:32:00 PM,PARKLAWN DR,NA,"Sideswipe, Same Direction",Clear,Dry,Daylight,No Controls,NONE DETECTED,No,No Apparent Injury,NA,Not Distracted,FL,Sport Utility Vehicle,Changing Lanes,35,No,2017,TOYOTA,RAV4,39.05115333,-77.10606833,2024,10,15
240048403,Injury Crash,10/10/2024 03:02:00 PM,GEORGIA AVE,Scooter (electric),Single Vehicle,Clear,Dry,Daylight,No Controls,NONE DETECTED,Yes,No Apparent Injury,Failed to Yield Right-of-Way,Not Distracted,MD,Sport Utility Vehicle,Turning Right,35,No,2017,FORD,EXPLORER,39.07918842,-77.07285935,2024,10,15
240048399,Property Damage Crash,10/10/2024 02:40:00 PM,NA,NA,Other,Clear,NA,Daylight,NA,NONE DETECTED,No,No Apparent Injury,NA,Not Distracted,MD,Sport Utility Vehicle,Backing,0,No,2023,MERCEDES-BENZ,EQE-CLASS SUV,39.28482065,-77.20810492,2024,10,14
240048399,Property Damage Crash,10/10/2024 02:40:00 PM,NA,NA,Other,Clear,NA,Daylight,NA,NONE DETECTED,No,No Apparent Injury,NA,Not Distracted,MD,Sport Utility Vehicle,Parked,0,No,2015,CHEVROLET,SUBURBAN,39.28482065,-77.20810492,2024,10,14
240048396,Property Damage Crash,10/10/2024 02:30:00 PM,COMPRINT CT,NA,Single Vehicle,Clear,Dry,Daylight,No Controls,NONE DETECTED,Yes,No Apparent Injury,"Ran Off Roadway, Too Fast For Conditions",Unknown,MD,Sport Utility Vehicle,Negotiating a Curve,10,No,2024,TOYOTA,RAV4,39.11966556,-77.1831694,2024,10,14
240048393,Injury Crash,10/10/2024 02:10:00 PM,NA,NA,Other,Clear,Dry,Daylight,No Controls,NONE DETECTED,No,No Apparent Injury,NA,Unknown,MD,Passenger Car,NA,35,No,2007,HONDA,CIVIC,39.04562347,-76.95603966,2024,10,14
240048393,Injury Crash,10/10/2024 02:10:00 PM,NA,NA,Other,Clear,Dry,Daylight,No Controls,NONE DETECTED,No,No Apparent Injury,NA,Unknown,MD,Passenger Car,NA,35,No,2006,ACURA,RSX,39.04562347,-76.95603966,2024,10,14
240048387,Property Damage Crash,10/10/2024 01:59:00 PM,IS 270 LOCAL LANES (NB),NA,Front to Rear,Clear,Dry,Daylight,No Controls,NONE DETECTED,No,NA,NA,NA,NA,Passenger Car,Moving Constant Speed,55,No,2002,LEXUS,UNKNOWN,39.05278467,-77.15260633,2024,10,13
240048387,Property Damage Crash,10/10/2024 01:59:00 PM,IS 270 LOCAL LANES (NB),NA,Front to Rear,Clear,Dry,Daylight,No Controls,NONE DETECTED,No,No Apparent Injury,NA,Not Distracted,MD,Bus - Transit,Moving Constant Speed,55,No,2013,NEW FLYER,TRANSIT BUS,39.05278467,-77.15260633,2024,10,13
240048380,Property Damage Crash,10/10/2024 01:10:00 PM,NEW HAMPSHIRE AVE (SB/L),NA,"Sideswipe, Same Direction",Clear,Dry,Daylight,No Controls,NONE DETECTED,No,No Apparent Injury,NA,Not Distracted,MD,Bus - Transit,Parked,35,No,2020,NEW FLYER,UNKNOWN,39.02054083,-76.97683133,2024,10,13
240048380,Property Damage Crash,10/10/2024 01:10:00 PM,NEW HAMPSHIRE AVE (SB/L),NA,"Sideswipe, Same Direction",Clear,Dry,Daylight,No Controls,NONE DETECTED,Yes,No Apparent Injury,NA,Not Distracted,MD,Pickup,Moving Constant Speed,35,No,2023,FORD,F-SUPER DUTY,39.02054083,-76.97683133,2024,10,13
240048373,Property Damage Crash,10/10/2024 12:51:00 PM,ORCHARD RIDGE DR,NA,"Sideswipe, Opposite Direction",Clear,Dry,Daylight,Traffic Control Signal,NONE DETECTED,No,No Apparent Injury,NA,Not Distracted,MD,Passenger Car,Moving Constant Speed,30,No,2014,ACURA,ILX,39.12370842,-77.23161563,2024,10,12
240048373,Property Damage Crash,10/10/2024 12:51:00 PM,ORCHARD RIDGE DR,NA,"Sideswipe, Opposite Direction",Clear,Dry,Daylight,Traffic Control Signal,NONE DETECTED,Yes,No Apparent Injury,Failed to Yield Right-of-Way,Not Distracted,MD,Passenger Car,Turning Left,35,No,2010,ACURA,TL,39.12370842,-77.23161563,2024,10,12
240048370,Property Damage Crash,10/10/2024 12:15:00 PM,CYPRESS AVE,NA,"Sideswipe, Same Direction",Clear,Dry,Daylight,No Controls,NONE DETECTED,Yes,No Apparent Injury,NA,Not Distracted,MD,Passenger Car,Entering Traffic Lane,25,No,2023,SUBARU,CROSSTREK,39.00553866,-77.10261082,2024,10,12
240048370,Property Damage Crash,10/10/2024 12:15:00 PM,CYPRESS AVE,NA,"Sideswipe, Same Direction",Clear,Dry,Daylight,No Controls,NONE DETECTED,No,No Apparent Injury,NA,Not Distracted,MD,Passenger Car,Moving Constant Speed,25,No,2019,TESLA,MODEL 3,39.00553866,-77.10261082,2024,10,12
240048369,Injury Crash,10/10/2024 12:14:00 PM,NA,NA,Front to Rear,Clear,Dry,Daylight,Traffic Control Signal,NONE DETECTED,No,No Apparent Injury,NA,Not Distracted,MD,Passenger Car,Stopped in Traffic,50,No,2005,HONDA,CR-V,39.16009042,-77.20163883,2024,10,12
240048369,Injury Crash,10/10/2024 12:14:00 PM,NA,NA,Front to Rear,Clear,Dry,Daylight,Traffic Control Signal,NONE DETECTED,Yes,No Apparent Injury,Followed Too Closely,Not Distracted,MD,Passenger Car,Slowing or Stopping,50,No,2011,MAZDA,CX-7,39.16009042,-77.20163883,2024,10,12
240048362,Injury Crash,10/10/2024 11:50:00 AM,GERMANTOWN RD (SB/L),NA,Angle,Clear,Dry,Daylight,Traffic Control Signal,NONE DETECTED,No,Possible Minor Injury,NA,Not Distracted,FL,Passenger Car,Moving Constant Speed,45,No,2024,AUDI,S5,39.1908133,-77.24781285,2024,10,11
240048362,Injury Crash,10/10/2024 11:50:00 AM,GERMANTOWN RD (SB/L),NA,Angle,Clear,Dry,Daylight,Traffic Control Signal,NONE DETECTED,Yes,Possible Minor Injury,Ran Red Light,Not Distracted,MD,Passenger Car,Moving Constant Speed,45,No,2008,MAZDA,MAZDA3,39.1908133,-77.24781285,2024,10,11
240048361,Property Damage Crash,10/10/2024 11:45:00 AM,GOSNELL FARM DR (SB/L),NA,"Sideswipe, Same Direction",Clear,Dry,Daylight,Yield Sign,NONE DETECTED,No,No Apparent Injury,NA,Not Distracted,MD,Other,Turning Left,25,No,2023,FORD,F-650,39.22833,-77.288965,2024,10,11
240048361,Property Damage Crash,10/10/2024 11:45:00 AM,GOSNELL FARM DR (SB/L),NA,"Sideswipe, Same Direction",Clear,Dry,Daylight,Yield Sign,NONE DETECTED,Yes,No Apparent Injury,Failed to Keep in Proper Lane,Unknown,MD,Sport Utility Vehicle,Turning Left,25,No,2019,HYUNDAI,TUCSON,39.22833,-77.288965,2024,10,11
240048358,Injury Crash,10/10/2024 11:02:00 AM,FERNWOOD RD,NA,Rear To Side,Clear,Dry,Daylight,Stop Sign,NONE DETECTED,Yes,No Apparent Injury,"Failed to Yield Right-of-Way, Ran Stop Sign",Unknown,MD,Passenger Car,Moving Constant Speed,25,No,2016,MERCEDES-BENZ,CL-CLASS,39.01982588,-77.13448233,2024,10,11
240048358,Injury Crash,10/10/2024 11:02:00 AM,FERNWOOD RD,NA,Rear To Side,Clear,Dry,Daylight,No Controls,NONE DETECTED,No,Possible Minor Injury,NA,Not Distracted,MD,Other,Moving Constant Speed,35,No,1999,FORD,COURIER,39.01982588,-77.13448233,2024,10,11
240048349,Property Damage Crash,10/10/2024 10:35:00 AM,NA,NA,Other,Clear,Dry,Daylight,Traffic Control Signal,NONE DETECTED,Yes,No Apparent Injury,NA,Unknown,MD,Pickup,Turning Right,30,No,2019,FORD,F-150,39.10896644,-76.93580936,2024,10,10
240048351,Property Damage Crash,10/10/2024 10:24:00 AM,EDSON LA,NA,Single Vehicle,Clear,Dry,Daylight,Pedestrian Crossing,NONE DETECTED,Yes,No Apparent Injury,NA,Unknown,MD,Passenger Car,Turning Left,40,No,2018,TOYOTA,PRIUS C,39.040505,-77.109535,2024,10,10
240048347,Property Damage Crash,10/10/2024 10:10:00 AM,METRO ENT,NA,Angle,Clear,Dry,Daylight,Stop Sign,NONE DETECTED,No,No Apparent Injury,NA,Unknown,MD,Bus - Transit,Accelerating,15,No,2022,NEW FLYER,TRANSIT BUS,39.118522,-77.16744867,2024,10,10
240048347,Property Damage Crash,10/10/2024 10:10:00 AM,METRO ENT,NA,Angle,Clear,Dry,Daylight,Stop Sign,NONE DETECTED,No,No Apparent Injury,NA,Unknown,PA,Passenger Car,Turning Right,15,No,2016,FORD,TAURUS,39.118522,-77.16744867,2024,10,10
240048346,Injury Crash,10/10/2024 09:16:00 AM,CHERRY VALLEY DR,"Other Pedestrian (person in a building, skater, personal conveyance, etc.)",Single Vehicle,Clear,Dry,Daylight,"Person (including flagger, law enforcement, crossing guard, etc.",NONE DETECTED,Yes,No Apparent Injury,Improper Backing,Not Distracted,MD,Pickup,Backing,25,No,2016,FORD,F-250,39.13927077,-77.06978133,2024,10,9
240048341,Injury Crash,10/10/2024 09:10:00 AM,WOODGLEN DR (NB/L),Pedestrian,Single Vehicle,Clear,Dry,Daylight,Stop Sign,NONE DETECTED,No,No Apparent Injury,"Failed to Keep in Proper Lane, Ran Off Roadway","Other Action (looking away from task, etc.)",MD,Sport Utility Vehicle,Turning Left,20,No,2016,BUICK,ENCLAVE,39.04024793,-77.11307993,2024,10,9
240048342,Injury Crash,10/10/2024 09:00:00 AM,FREDERICK RD (SB/L),NA,Front to Rear,Clear,Dry,Daylight,Traffic Control Signal,NONE DETECTED,No,Possible Minor Injury,NA,Not Distracted,MD,Passenger Car,Slowing or Stopping,40,No,2019,NISSAN,FRONTIER,39.15944375,-77.21939,2024,10,9
240048342,Injury Crash,10/10/2024 09:00:00 AM,FREDERICK RD (SB/L),NA,Front to Rear,Clear,Dry,Daylight,Traffic Control Signal,NONE DETECTED,Yes,No Apparent Injury,NA,Unknown,MD,Bus - School,Slowing or Stopping,40,No,2015,FREIGHTLINER,B2 BUS CHASSIS,39.15944375,-77.21939,2024,10,9
240048336,Property Damage Crash,10/10/2024 08:45:00 AM,NA,NA,Front to Rear,Clear,NA,Daylight,NA,NONE DETECTED,Yes,No Apparent Injury,NA,Not Distracted,MD,Sport Utility Vehicle,Slowing or Stopping,0,No,2015,ACURA,MDX,39.08047307,-77.08109642,2024,10,8
240048336,Property Damage Crash,10/10/2024 08:45:00 AM,NA,NA,Front to Rear,Clear,NA,Daylight,NA,NONE DETECTED,No,No Apparent Injury,NA,Not Distracted,NA,Passenger Car,Slowing or Stopping,0,No,2016,HYUNDAI,ELANTRA,39.08047307,-77.08109642,2024,10,8
240048338,Property Damage Crash,10/10/2024 08:31:00 AM,VILLAGE SQUARE TERR,NA,Rear To Rear,Clear,Dry,Daylight,No Controls,NONE DETECTED,No,No Apparent Injury,NA,Not Distracted,MD,Bus - School,Backing,15,No,2019,FREIGHTLINER,UNKNOWN,39.06094815,-77.10942855,2024,10,8
240048333,Injury Crash,10/10/2024 07:31:00 AM,LONGDRAFT RD,Pedestrian,Single Vehicle,Clear,Dry,Daylight,Stop Sign,NONE DETECTED,Yes,No Apparent Injury,NA,Unknown,MD,Passenger Car,NA,30,No,2001,HONDA,ACCORD,39.14456616,-77.2383461,2024,10,7
240048321,Injury Crash,10/10/2024 07:30:00 AM,APPLE RIDGE RD,NA,Angle,Clear,Dry,Daylight,Traffic Control Signal,NONE DETECTED,No,No Apparent Injury,Failed to Yield Right-of-Way,Not Distracted,MD,Passenger Car,Turning Left,35,No,2022,KIA,EV6,39.18671067,-77.19859599,2024,10,7
240048321,Injury Crash,10/10/2024 07:30:00 AM,APPLE RIDGE RD,NA,Angle,Clear,Dry,Daylight,Traffic Control Signal,NONE DETECTED,No,No Apparent Injury,NA,Not Distracted,MD,Passenger Car,Moving Constant Speed,35,No,2024,KIA,SOUL,39.18671067,-77.19859599,2024,10,7
240048322,Injury Crash,10/10/2024 07:18:00 AM,FOREST GLEN RD,Cyclist (non-electric),Single Vehicle,Clear,Dry,Daylight,Pedestrian Crossing,NONE DETECTED,No,No Apparent Injury,NA,Not Distracted,MD,Passenger Car,Turning Left,35,No,2019,LEXUS,UX,39.0153875,-77.04281759,2024,10,7
240048315,Property Damage Crash,10/10/2024 06:44:00 AM,RAMP 2 FR IS 495 WB TO MD 185 NB,NA,Front to Rear,Clear,Dry,Medium,No Controls,NONE DETECTED,Yes,No Apparent Injury,NA,Unknown,MD,Passenger Car,Entering Traffic Lane,25,No,2017,FORD,TAURUS,39.00683498,-77.07896363,2024,10,6
240048315,Property Damage Crash,10/10/2024 06:44:00 AM,RAMP 2 FR IS 495 WB TO MD 185 NB,NA,Front to Rear,Clear,Dry,Medium,No Controls,NONE DETECTED,No,No Apparent Injury,NA,Not Distracted,MD,Passenger Car,Entering Traffic Lane,25,No,2016,HONDA,ACCORD,39.00683498,-77.07896363,2024,10,6
240048313,Property Damage Crash,10/10/2024 06:30:00 AM,CHESTNUT ST,NA,"Sideswipe, Same Direction",Clear,Dry,Medium,Traffic Control Signal,NONE DETECTED,No,No Apparent Injury,NA,Unknown,MD,Passenger Car,NA,35,No,2015,MASERATI,QUATTROPORTE,39.14395312,-77.20162974,2024,10,6
240048313,Property Damage Crash,10/10/2024 06:30:00 AM,CHESTNUT ST,NA,"Sideswipe, Same Direction",Clear,Dry,Medium,Traffic Control Signal,NONE DETECTED,Yes,No Apparent Injury,NA,Unknown,MD,Bus - Transit,NA,35,No,2017,GILLIG,CITY TRANSIT BUS,39.14395312,-77.20162974,2024,10,6
240048311,Property Damage Crash,10/10/2024 05:40:00 AM,NA,NA,Angle,Clear,Dry,Dark,Traffic Control Signal,NONE DETECTED,No,No Apparent Injury,NA,Not Distracted,MD,Truck Tractor,Moving Constant Speed,35,No,1996,DORSEY,UNKNOWN,39.140531,-77.21069377,2024,10,5
240048311,Property Damage Crash,10/10/2024 05:40:00 AM,NA,NA,Angle,Clear,Dry,Dark,Traffic Control Signal,NONE DETECTED,Yes,No Apparent Injury,NA,Unknown,NA,Passenger Car,Turning Right,25,No,2015,HONDA,CIVIC,39.140531,-77.21069377,2024,10,5
240048310,Property Damage Crash,10/10/2024 05:11:00 AM,CLOVER PATCH DR,NA,Front to Rear,Clear,Dry,Medium,Traffic Control Signal,NONE DETECTED,Yes,No Apparent Injury,NA,Not Distracted,MD,Passenger Car,Turning Left,35,No,2021,TOYOTA,CAMRY,39.05252054,-76.95307932,2024,10,5
240048310,Property Damage Crash,10/10/2024 05:11:00 AM,CLOVER PATCH DR,NA,Front to Rear,Clear,Dry,Medium,Traffic Control Signal,NONE DETECTED,No,No Apparent Injury,NA,Not Distracted,MD,Sport Utility Vehicle,Moving Constant Speed,35,No,2012,FORD,ESCAPE,39.05252054,-76.95307932,2024,10,5
240048293,Property Damage Crash,10/09/2024 10:01:00 PM,GEORGIA AVE,NA,"Sideswipe, Same Direction",Clear,Dry,Medium,No Controls,NONE DETECTED,No,No Apparent Injury,NA,Not Distracted,MD,Passenger Car,Moving Constant Speed,30,No,2007,TOYOTA,CAMRY SOLARA,39.02973872,-77.04744894,2024,10,22
240048293,Property Damage Crash,10/09/2024 10:01:00 PM,GEORGIA AVE,NA,"Sideswipe, Same Direction",Clear,Dry,Medium,No Controls,NONE DETECTED,No,NA,NA,NA,NA,Van - Passenger (&lt;9 Seats),Moving Constant Speed,30,No,2021,CHEVROLET,EXPRESS,39.02973872,-77.04744894,2024,10,22
240048286,Property Damage Crash,10/09/2024 08:20:00 PM,GEORGIA AVE (SB/L),NA,Front to Rear,Clear,Dry,Medium,Lane Use Control Signal,NONE DETECTED,No,No Apparent Injury,NA,Not Distracted,MD,Passenger Car,Moving Constant Speed,30,No,2009,LEXUS,RX,39.01178374,-77.04134518,2024,10,20
240048286,Property Damage Crash,10/09/2024 08:20:00 PM,GEORGIA AVE (SB/L),NA,Front to Rear,Clear,Dry,Medium,Lane Use Control Signal,NONE DETECTED,No,NA,NA,NA,NA,NA,NA,30,No,0,NA,NA,39.01178374,-77.04134518,2024,10,20
240048286,Property Damage Crash,10/09/2024 08:20:00 PM,GEORGIA AVE (SB/L),NA,Front to Rear,Clear,Dry,Medium,Lane Use Control Signal,NONE DETECTED,No,No Apparent Injury,NA,Not Distracted,MD,Passenger Car,Moving Constant Speed,30,No,2018,MERCEDES-BENZ,GLE-CLASS,39.01178374,-77.04134518,2024,10,20
240048286,Property Damage Crash,10/09/2024 08:20:00 PM,GEORGIA AVE (SB/L),NA,Front to Rear,Clear,Dry,Medium,Lane Use Control Signal,NONE DETECTED,No,No Apparent Injury,NA,Not Distracted,PA,Passenger Car,Moving Constant Speed,30,No,2018,HONDA,CR-V,39.01178374,-77.04134518,2024,10,20
240048287,Property Damage Crash,10/09/2024 08:06:00 PM,SPARTAN RD,NA,Angle,Clear,Dry,Medium,Stop Sign,NONE DETECTED,Yes,No Apparent Injury,NA,Not Distracted,MD,Passenger Car,Moving Constant Speed,30,No,1996,GMC,SUBURBAN,39.15609609,-77.05859615,2024,10,20
240048287,Property Damage Crash,10/09/2024 08:06:00 PM,SPARTAN RD,NA,Angle,Clear,Dry,Medium,Stop Sign,NONE DETECTED,Yes,No Apparent Injury,Failed to Yield Right-of-Way,Not Distracted,MD,Passenger Car,Moving Constant Speed,30,No,2024,TOYOTA,TACOMA,39.15609609,-77.05859615,2024,10,20
240048282,Property Damage Crash,10/09/2024 07:55:00 PM,FLOWER AVE,NA,Angle,Clear,Dry,Medium,No Controls,NONE DETECTED,Yes,No Apparent Injury,Failed to Yield Right-of-Way,Unknown,NA,Passenger Car,Turning Left,30,No,2013,HYUNDAI,VELOSTER,38.99874151,-77.00298407,2024,10,19
240048282,Property Damage Crash,10/09/2024 07:55:00 PM,FLOWER AVE,NA,Angle,Clear,Dry,Medium,No Controls,NONE DETECTED,No,No Apparent Injury,NA,Not Distracted,MD,Sport Utility Vehicle,Entering Traffic Lane,30,No,2021,HONDA,CR-V,38.99874151,-77.00298407,2024,10,19