Local Case Number,ACRS Report Type,Crash Date/Time,Road Name,Related Non-Motorist,Collision Type,Weather,Surface Condition,Light,Traffic Control,Driver Substance Abuse,Driver At Fault,Injury Severity,Circumstance,Driver Distracted By,Drivers License State,Vehicle Body Type,Vehicle Movement,Speed Limit,Driverless Vehicle,Vehicle Year,Vehicle Make,Vehicle Model,Latitude,Longitude,Year,Month,Hour
240047569,Injury Crash,10/05/2024 03:34:00 PM,DAIRYMAID DR,NA,Front to Rear,Clear,Dry,Daylight,No Controls,NONE DETECTED,No,No Apparent Injury,NA,Unknown,MD,Passenger Car,Moving Constant Speed,30,No,2019,TOYOTA,HIGHLANDER,39.15439267,-77.27086217,2024,10,15
240047569,Injury Crash,10/05/2024 03:34:00 PM,DAIRYMAID DR,NA,Front to Rear,Clear,Dry,Daylight,No Controls,NONE DETECTED,No,No Apparent Injury,NA,Not Distracted,MD,Passenger Car,Backing,30,No,2021,GMC,VAN,39.15439267,-77.27086217,2024,10,15
240047561,Injury Crash,10/05/2024 03:00:00 PM,ASHTON RD,NA,Front to Front,Clear,Dry,Daylight,No Controls,NONE DETECTED,No,Suspected Serious Injury,NA,Not Distracted,MD,Motorcycle - 2 Wheeled,Moving Constant Speed,30,No,2011,HARLEY DAVIDSON,UNKNOWN,39.14934091,-77.01236816,2024,10,15
240047563,Property Damage Crash,10/05/2024 03:00:00 PM,CONNECTICUT AVE,NA,Front to Rear,Clear,Dry,Daylight,No Controls,NONE DETECTED,No,No Apparent Injury,NA,Not Distracted,DC,Sport Utility Vehicle,Stopped in Traffic,35,No,2021,AUDI,UNKNOWN,38.98743893,-77.07707787,2024,10,15
240047561,Injury Crash,10/05/2024 03:00:00 PM,ASHTON RD,NA,Front to Front,Clear,Dry,Daylight,No Controls,NONE DETECTED,Yes,No Apparent Injury,Failed to Yield Right-of-Way,Not Distracted,MD,Passenger Car,Turning Left,30,No,2022,TOYOTA,CAMRY,39.14934091,-77.01236816,2024,10,15
240047563,Property Damage Crash,10/05/2024 03:00:00 PM,CONNECTICUT AVE,NA,Front to Rear,Clear,Dry,Daylight,No Controls,NONE DETECTED,No,No Apparent Injury,NA,Not Distracted,DC,Passenger Car,Slowing or Stopping,35,No,2016,CHEVROLET,CRUZE,38.98743893,-77.07707787,2024,10,15
240047567,Property Damage Crash,10/05/2024 02:06:00 PM,NA,NA,"Sideswipe, Same Direction",Clear,Dry,Daylight,No Controls,NONE DETECTED,No,No Apparent Injury,NA,Not Distracted,MD,Other Trucks,Stopped in Traffic,30,No,2000,FORD,UNKNOWN,39.06524323,-76.94018117,2024,10,14
240047567,Property Damage Crash,10/05/2024 02:06:00 PM,NA,NA,"Sideswipe, Same Direction",Clear,Dry,Daylight,No Controls,NONE DETECTED,Yes,No Apparent Injury,NA,Not Distracted,MD,Sport Utility Vehicle,Moving Constant Speed,30,No,2022,TOYOTA,COROLLA CROSS,39.06524323,-76.94018117,2024,10,14
240047581,Property Damage Crash,10/05/2024 01:40:00 PM,NA,NA,Other,Clear,NA,Daylight,NA,NONE DETECTED,Yes,No Apparent Injury,Improper Passing,Unknown,MD,Passenger Car,Overtaking/Passing,0,No,2020,CHRYSLER,PACIFICA,39.17974154,-77.26635614,2024,10,13
240047581,Property Damage Crash,10/05/2024 01:40:00 PM,NA,NA,Other,Clear,NA,Daylight,NA,NONE DETECTED,No,No Apparent Injury,NA,Not Distracted,MD,Passenger Car,Stopped in Traffic,0,No,2005,TOYOTA,COROLLA,39.17974154,-77.26635614,2024,10,13
240047550,Property Damage Crash,10/05/2024 01:18:00 PM,MOXLEY RD,NA,Front to Front,Clear,Dry,Daylight,Stop Sign,NONE DETECTED,No,No Apparent Injury,NA,Not Distracted,MD,Sport Utility Vehicle,Slowing or Stopping,25,No,2012,FORD,ESCAPE,39.32331417,-77.20484317,2024,10,13
240047550,Property Damage Crash,10/05/2024 01:18:00 PM,MOXLEY RD,NA,Front to Front,Clear,Dry,Daylight,No Controls,NONE DETECTED,Yes,No Apparent Injury,Failed to Keep in Proper Lane,Not Distracted,MD,Sport Utility Vehicle,Turning Left,25,No,2020,LAND ROVER,UNKNOWN,39.32331417,-77.20484317,2024,10,13
240049617,Property Damage Crash,10/05/2024 01:00:00 PM,NA,NA,Single Vehicle,Clear,NA,Daylight,NA,NONE DETECTED,Yes,No Apparent Injury,Other Improper Action,Not Distracted,MD,Pickup,Backing,0,No,2017,CHEVROLET,SILVERADO,39.18439142,-77.26306541,2024,10,13
240048397,Property Damage Crash,10/05/2024 12:42:00 PM,HIGHLAND AVE,NA,Front to Rear,Clear,Dry,Daylight,No Controls,NONE DETECTED,Yes,No Apparent Injury,NA,Unknown,MD,Passenger Car,Moving Constant Speed,25,No,2009,TOYOTA,CAMRY,39.14707394,-77.20060194,2024,10,12
240047539,Injury Crash,10/05/2024 12:14:00 PM,TRAVIS AVE,NA,Front to Rear,Clear,Dry,Daylight,No Controls,NONE DETECTED,Yes,No Apparent Injury,NA,"Other Action (looking away from task, etc.)",MD,Passenger Car,Moving Constant Speed,25,No,2002,TOYOTA,CAMRY,39.16212642,-77.22154408,2024,10,12
240047539,Injury Crash,10/05/2024 12:14:00 PM,TRAVIS AVE,NA,Front to Rear,Clear,Dry,Daylight,No Controls,NONE DETECTED,No,No Apparent Injury,NA,Not Distracted,MD,Passenger Car,Turning Left,25,No,2014,VOLVO,XC60,39.16212642,-77.22154408,2024,10,12
240047540,Property Damage Crash,10/05/2024 12:10:00 PM,GEORGIA AVE (SB/L),NA,Front to Rear,Clear,Dry,Daylight,No Controls,NONE DETECTED,No,No Apparent Injury,NA,Not Distracted,MD,Sport Utility Vehicle,Slowing or Stopping,30,No,2021,FORD,EXPLORER,38.9973742,-77.02976933,2024,10,12
240047540,Property Damage Crash,10/05/2024 12:10:00 PM,GEORGIA AVE (SB/L),NA,Front to Rear,Clear,Dry,Daylight,No Controls,NONE DETECTED,No,No Apparent Injury,NA,Not Distracted,MD,Passenger Car,Slowing or Stopping,30,No,2023,MERCEDES-BENZ,S-CLASS,38.9973742,-77.02976933,2024,10,12
240047540,Property Damage Crash,10/05/2024 12:10:00 PM,GEORGIA AVE (SB/L),NA,Front to Rear,Clear,Dry,Daylight,No Controls,NONE DETECTED,Yes,No Apparent Injury,Other Improper Action,"Other Action (looking away from task, etc.)",VA,Passenger Car,Slowing or Stopping,30,No,2014,DODGE,CHARGER,38.9973742,-77.02976933,2024,10,12
240047537,Property Damage Crash,10/05/2024 11:51:00 AM,WALDEN RD,NA,"Sideswipe, Same Direction",Clear,Dry,Daylight,No Controls,NONE DETECTED,Yes,No Apparent Injury,NA,Not Distracted,DC,Van - Passenger (&lt;9 Seats),Moving Constant Speed,30,No,2018,RAM,PROMASTER 2500,39.0008467,-77.00170049,2024,10,11
240047534,Injury Crash,10/05/2024 11:43:00 AM,CALVERTON BLVD,NA,Front to Front,Clear,Dry,Daylight,Traffic Control Signal,NONE DETECTED,Yes,Possible Minor Injury,NA,Unknown,MD,Sport Utility Vehicle,Turning Left,30,No,2012,FORD,ESCAPE,39.05608316,-76.95425145,2024,10,11
240047534,Injury Crash,10/05/2024 11:43:00 AM,CALVERTON BLVD,NA,Front to Front,Clear,Dry,Daylight,Traffic Control Signal,NONE DETECTED,No,Possible Minor Injury,NA,Unknown,MD,Sport Utility Vehicle,Moving Constant Speed,30,No,2015,HONDA,CR-V,39.05608316,-76.95425145,2024,10,11
240047524,Injury Crash,10/05/2024 11:08:00 AM,NA,NA,Angle,Clear,Dry,Daylight,No Controls,NONE DETECTED,No,Possible Minor Injury,NA,Not Distracted,MD,Passenger Car,Turning Left,30,No,2012,KIA,FORTE,39.08040066,-77.07732866,2024,10,11
240047524,Injury Crash,10/05/2024 11:08:00 AM,NA,NA,Angle,Clear,Dry,Daylight,No Controls,NONE DETECTED,No,No Apparent Injury,NA,Not Distracted,MD,Van - Passenger (&lt;9 Seats),Stopped in Traffic,5,No,2017,CHRYSLER,PACIFICA,39.08040066,-77.07732866,2024,10,11
240047524,Injury Crash,10/05/2024 11:08:00 AM,NA,NA,Angle,Clear,Dry,Daylight,No Controls,NONE DETECTED,No,Possible Minor Injury,NA,Not Distracted,MD,Passenger Car,Moving Constant Speed,30,No,2011,HYUNDAI,SONATA,39.08040066,-77.07732866,2024,10,11
240047512,Injury Crash,10/05/2024 08:35:00 AM,JACKSON RD,NA,Angle,Clear,Dry,Daylight,Traffic Control Signal,NONE DETECTED,Yes,Possible Minor Injury,Ran Red Light,Not Distracted,MD,Passenger Car,Slowing or Stopping,40,No,2001,MERCEDES-BENZ,E-CLASS,39.05528951,-76.99544834,2024,10,8
240047512,Injury Crash,10/05/2024 08:35:00 AM,JACKSON RD,NA,Angle,Clear,Dry,Daylight,Traffic Control Signal,NONE DETECTED,No,Possible Minor Injury,NA,Not Distracted,MD,Passenger Car,Turning Left,30,No,2019,VOLKSWAGEN,ATLAS,39.05528951,-76.99544834,2024,10,8
240047515,Property Damage Crash,10/05/2024 08:35:00 AM,GRACEFIELD SERVICE RD,NA,"Sideswipe, Same Direction",Clear,Dry,Daylight,No Controls,NONE DETECTED,No,No Apparent Injury,Failed to Keep in Proper Lane,Not Distracted,MD,Other Trucks,Moving Constant Speed,35,No,2019,PIERCE MANUFACTURING,TRUCK,39.04915182,-76.949056529999993,2024,10,8
240047313,Injury Crash,10/05/2024 07:22:00 AM,CONNECTICUT AVE (SB/L),Pedestrian,Single Vehicle,Clear,Dry,Medium,No Controls,NONE DETECTED,No,No Apparent Injury,NA,Not Distracted,MD,Passenger Car,Accelerating,15,No,2015,NISSAN,SENTRA,39.08071909,-77.08049839,2024,10,7
240047501,Property Damage Crash,10/05/2024 06:30:00 AM,BREGMAN RD,NA,Single Vehicle,Clear,Dry,Medium,No Controls,NONE DETECTED,Yes,No Apparent Injury,NA,Not Distracted,NA,Passenger Car,Accelerating,35,No,2009,TOYOTA,RAV4,39.07476761,-77.00506337,2024,10,6
240047487,Property Damage Crash,10/05/2024 02:04:00 AM,DILSTON RD,NA,Front to Rear,Clear,Dry,Medium,Traffic Control Signal,NONE DETECTED,No,No Apparent Injury,NA,Not Distracted,MD,Passenger Car,Accelerating,35,No,2019,TOYOTA,YARIS,39.01138861,-76.97889171,2024,10,2
240047487,Property Damage Crash,10/05/2024 02:04:00 AM,DILSTON RD,NA,Front to Rear,Clear,Dry,Medium,Traffic Control Signal,NONE DETECTED,Yes,No Apparent Injury,Other Improper Action,Not Distracted,MD,Passenger Car,Moving Constant Speed,35,No,2013,NISSAN,NV200,39.01138861,-76.97889171,2024,10,2
240047483,Property Damage Crash,10/05/2024 01:13:00 AM,NORFOLK AVE,NA,Other,Clear,Dry,Medium,No Controls,NONE DETECTED,No,NA,NA,Unknown,NA,Unknown,NA,30,No,1000,UNKNOWN,UNKNOWN,38.99018217,-77.0994051,2024,10,1
240047471,Injury Crash,10/04/2024 10:00:00 PM,DENLEY RD,NA,Front to Rear,Clear,Dry,Medium,Traffic Control Signal,NONE DETECTED,Yes,No Apparent Injury,NA,Unknown,MD,Sport Utility Vehicle,Moving Constant Speed,35,No,2015,MITSUBISHI,OUTLANDER,39.0594901,-77.06184839,2024,10,22
240047471,Injury Crash,10/04/2024 10:00:00 PM,DENLEY RD,NA,Front to Rear,Clear,Dry,Medium,Traffic Control Signal,NONE DETECTED,No,Possible Minor Injury,NA,Not Distracted,MD,Passenger Car,Slowing or Stopping,35,No,2023,HONDA,CR-V,39.0594901,-77.06184839,2024,10,22
240047474,Injury Crash,10/04/2024 09:57:00 PM,VEIRS MILL RD,NA,Front to Rear,Clear,Dry,Medium,Traffic Control Signal,ALCOHOL PRESENT,No,No Apparent Injury,"Operated Motor Vehicle in Inattentive, Careless, Negligent, or Erratic Manner, Operated Motor Vehicle in Reckless or Aggressive Manner, Too Fast For Conditions",Unknown,MD,Sport Utility Vehicle,Accelerating,35,No,2017,GMC,ACADIA,39.07485077,-77.11592868,2024,10,21
240047474,Injury Crash,10/04/2024 09:57:00 PM,VEIRS MILL RD,NA,Front to Rear,Clear,Dry,Medium,Traffic Control Signal,NONE DETECTED,No,Possible Minor Injury,NA,Not Distracted,MD,Passenger Car,Stopped in Traffic,35,No,2023,TOYOTA,RAV4,39.07485077,-77.11592868,2024,10,21
240047469,Injury Crash,10/04/2024 09:40:00 PM,RIDGE RD,NA,Front to Rear,Clear,Dry,Medium,Traffic Control Signal,NONE DETECTED,No,Possible Minor Injury,NA,Not Distracted,MD,Passenger Car,Stopped in Traffic,45,No,2002,LEXUS,ES,39.209331,-77.2402365,2024,10,21
240047469,Injury Crash,10/04/2024 09:40:00 PM,RIDGE RD,NA,Front to Rear,Clear,Dry,Medium,Traffic Control Signal,NONE DETECTED,Yes,Possible Minor Injury,NA,Not Distracted,MD,Passenger Car,Changing Lanes,45,No,2015,AUDI,Q7,39.209331,-77.2402365,2024,10,21
240047466,Property Damage Crash,10/04/2024 08:57:00 PM,ROCKVILLE PIKE (SB/L),NA,"Sideswipe, Same Direction",Clear,Dry,Medium,Traffic Control Signal,NONE DETECTED,No,No Apparent Injury,NA,Not Distracted,MD,Bus - Transit,Changing Lanes,35,No,2014,GILLIG,CITY TRANSIT BUS,39.08500741,-77.14843318,2024,10,20
240047466,Property Damage Crash,10/04/2024 08:57:00 PM,ROCKVILLE PIKE (SB/L),NA,"Sideswipe, Same Direction",Clear,Dry,Medium,Traffic Control Signal,NONE DETECTED,No,No Apparent Injury,NA,Not Distracted,MD,Passenger Car,Changing Lanes,35,No,2006,LINCOLN,TOWN CAR,39.08500741,-77.14843318,2024,10,20
240047463,Injury Crash,10/04/2024 08:53:00 PM,MIDDLEBROOK RD,NA,Angle,Clear,Dry,Medium,No Controls,NONE DETECTED,No,Possible Minor Injury,NA,Not Distracted,MD,Sport Utility Vehicle,Moving Constant Speed,40,No,2023,LEXUS,RX,39.17940333,-77.2404,2024,10,20
240047463,Injury Crash,10/04/2024 08:53:00 PM,MIDDLEBROOK RD,NA,Angle,Clear,Dry,Medium,Stop Sign,NONE DETECTED,Yes,No Apparent Injury,Failed to Yield Right-of-Way,Not Distracted,MD,Passenger Car,Turning Left,25,No,2009,TOYOTA,CAMRY,39.17940333,-77.2404,2024,10,20
240048132,Property Damage Crash,10/04/2024 08:10:00 PM,COLUMBIA PIKE,NA,Front to Front,Clear,Dry,Dark,No Controls,NONE DETECTED,No,No Apparent Injury,NA,Not Distracted,MD,Passenger Car,Moving Constant Speed,35,No,2016,HONDA,CR-V,39.03211011,-77.0038141,2024,10,20
240047457,Property Damage Crash,10/04/2024 08:10:00 PM,COLUMBIA PIKE,NA,"Sideswipe, Opposite Direction",Clear,Dry,Dark,No Controls,NONE DETECTED,No,No Apparent Injury,NA,Not Distracted,MD,Passenger Car,Moving Constant Speed,35,No,2004,HONDA,CIVIC,39.0392115,-76.99780009,2024,10,20
240048132,Property Damage Crash,10/04/2024 08:10:00 PM,COLUMBIA PIKE,NA,Front to Front,Clear,Dry,Dark,No Controls,NONE DETECTED,Yes,No Apparent Injury,NA,Not Distracted,MD,Passenger Car,Making U-Turn,35,No,2018,TOYOTA,4-RUNNER,39.03211011,-77.0038141,2024,10,20
240047457,Property Damage Crash,10/04/2024 08:10:00 PM,COLUMBIA PIKE,NA,"Sideswipe, Opposite Direction",Clear,Dry,Dark,No Controls,NONE DETECTED,Yes,No Apparent Injury,NA,Not Distracted,MD,Passenger Car,Moving Constant Speed,35,No,2018,TOYOTA,4-RUNNER,39.0392115,-76.99780009,2024,10,20
240047447,Property Damage Crash,10/04/2024 06:50:00 PM,BRIGGS CHANEY RD (WB/L),NA,Front to Rear,Clear,Dry,Daylight,Lane Use Control Signal,NONE DETECTED,Yes,No Apparent Injury,Followed Too Closely,Not Distracted,VA,Passenger Car,Slowing or Stopping,40,No,2018,NISSAN,MAXIMA,39.08198483,-76.94702833,2024,10,18
240047447,Property Damage Crash,10/04/2024 06:50:00 PM,BRIGGS CHANEY RD (WB/L),NA,Front to Rear,Clear,Dry,Daylight,Lane Use Control Signal,NONE DETECTED,No,No Apparent Injury,NA,Not Distracted,XX,Sport Utility Vehicle,Slowing or Stopping,40,No,2015,TOYOTA,HIGHLANDER,39.08198483,-76.94702833,2024,10,18
240047441,Property Damage Crash,10/04/2024 06:11:00 PM,E JEFFERSON ST,NA,Unknown,Clear,Dry,Daylight,Other,NONE DETECTED,Yes,No Apparent Injury,NA,Talking/listening,MD,Passenger Car,Accelerating,30,No,2023,HONDA,CIVIC,39.0819578,-77.14931172,2024,10,18
240047441,Property Damage Crash,10/04/2024 06:11:00 PM,E JEFFERSON ST,NA,Unknown,Clear,Dry,Daylight,Other,NONE DETECTED,No,No Apparent Injury,NA,Not Distracted,MD,Passenger Car,Moving Constant Speed,30,No,2018,JEEP,CHEROKEE,39.0819578,-77.14931172,2024,10,18
240048109,Property Damage Crash,10/04/2024 05:50:00 PM,NA,NA,"Sideswipe, Same Direction",Clear,NA,Daylight,NA,NONE DETECTED,Yes,No Apparent Injury,Other Improper Action,Unknown,MD,Passenger Car,Turning Left,0,No,2022,HONDA,CR-V,39.17151929,-77.26170656,2024,10,17
240048109,Property Damage Crash,10/04/2024 05:50:00 PM,NA,NA,"Sideswipe, Same Direction",Clear,NA,Daylight,NA,NONE DETECTED,No,No Apparent Injury,NA,Not Distracted,MD,Passenger Car,Parked,0,No,2002,TOYOTA,HIGHLANDER,39.17151929,-77.26170656,2024,10,17
240047442,Injury Crash,10/04/2024 05:28:00 PM,MIDDLEBROOK RD (WB/L),NA,Angle,Clear,Dry,Daylight,No Controls,NONE DETECTED,No,No Apparent Injury,NA,Not Distracted,VA,Sport Utility Vehicle,Slowing or Stopping,35,No,2015,HONDA,CR-V,39.17858194,-77.26687453,2024,10,17
240047442,Injury Crash,10/04/2024 05:28:00 PM,MIDDLEBROOK RD (WB/L),NA,Angle,Clear,Dry,Daylight,No Controls,NONE DETECTED,Yes,No Apparent Injury,"Failed to Yield Right-of-Way, Improper Turn",Not Distracted,MD,Sport Utility Vehicle,Turning Left,35,No,2018,JEEP,WRANGLER,39.17858194,-77.26687453,2024,10,17
240047431,Injury Crash,10/04/2024 05:24:00 PM,RICHTER FARM RD (EB/L),NA,Other,Clear,Dry,Daylight,Traffic Control Signal,NONE DETECTED,No,Possible Minor Injury,NA,Not Distracted,VA,Sport Utility Vehicle,Moving Constant Speed,40,No,2020,FORD,EXPEDITION,39.15405423,-77.28725728,2024,10,17
240047431,Injury Crash,10/04/2024 05:24:00 PM,RICHTER FARM RD (EB/L),NA,Other,Clear,Dry,Daylight,Traffic Control Signal,NONE DETECTED,Yes,Possible Minor Injury,NA,Unknown,MD,Sport Utility Vehicle,Turning Left,40,No,2011,LINCOLN,UNKNOWN,39.15405423,-77.28725728,2024,10,17
240047429,Injury Crash,10/04/2024 05:00:00 PM,NA,NA,Angle,Clear,Other,Daylight,No Controls,NONE DETECTED,No,Possible Minor Injury,NA,Not Distracted,MD,Passenger Car,Moving Constant Speed,35,No,2015,BMW,X5,39.11183083,-77.07596083,2024,10,17
240047429,Injury Crash,10/04/2024 05:00:00 PM,NA,NA,Angle,Clear,Other,Daylight,Yield Sign,NONE DETECTED,Yes,Possible Minor Injury,Failed to Yield Right-of-Way,Not Distracted,MD,Passenger Car,Turning Left,35,No,2015,LEXUS,RX,39.11183083,-77.07596083,2024,10,17
240047423,Property Damage Crash,10/04/2024 03:54:00 PM,NA,NA,Other,Clear,NA,Daylight,NA,NONE DETECTED,No,No Apparent Injury,NA,Not Distracted,MD,Bus - School,Accelerating,0,No,2024,THOMAS BUILT,SCHOOL BUS,39.14480219,-77.22247188,2024,10,15
240047415,Property Damage Crash,10/04/2024 03:53:00 PM,NA,NA,Rear To Side,Clear,Dry,Daylight,No Controls,NONE DETECTED,No,No Apparent Injury,NA,Not Distracted,MD,Passenger Car,Moving Constant Speed,40,No,2004,HONDA,ACCORD,39.1461167,-77.20421145,2024,10,15
240047415,Property Damage Crash,10/04/2024 03:53:00 PM,NA,NA,Rear To Side,Clear,Dry,Daylight,No Controls,NONE DETECTED,No,No Apparent Injury,NA,Unknown,DC,Passenger Car,NA,15,No,2019,CHRYSLER,PACIFICA,39.1461167,-77.20421145,2024,10,15
240047415,Property Damage Crash,10/04/2024 03:53:00 PM,NA,NA,Rear To Side,Clear,Dry,Daylight,No Controls,NONE DETECTED,No,No Apparent Injury,NA,Not Distracted,MD,Passenger Car,Moving Constant Speed,40,No,2018,HONDA,CR-V,39.1461167,-77.20421145,2024,10,15
240047412,Property Damage Crash,10/04/2024 03:30:00 PM,NA,NA,"Sideswipe, Opposite Direction",Clear,Dry,Daylight,Traffic Control Signal,NONE DETECTED,No,No Apparent Injury,NA,Not Distracted,OH,Passenger Car,Moving Constant Speed,35,No,2022,MERCEDES-BENZ,GLC-CLASS,39.02222512,-76.97750004,2024,10,15
240047412,Property Damage Crash,10/04/2024 03:30:00 PM,NA,NA,"Sideswipe, Opposite Direction",Clear,Dry,Daylight,Traffic Control Signal,NONE DETECTED,Yes,No Apparent Injury,NA,Not Distracted,MD,Passenger Car,Moving Constant Speed,35,No,2012,CHEVROLET,EXPRESS,39.02222512,-76.97750004,2024,10,15
240047401,Injury Crash,10/04/2024 01:46:00 PM,NICHOLSON LA,NA,Front to Rear,Clear,Dry,Daylight,No Controls,NONE DETECTED,Yes,No Apparent Injury,NA,Not Distracted,MD,Passenger Car,Moving Constant Speed,30,No,2018,ACURA,TLX,39.04462674,-77.11293691,2024,10,13
240047401,Injury Crash,10/04/2024 01:46:00 PM,NICHOLSON LA,NA,Front to Rear,Clear,Dry,Daylight,No Controls,NONE DETECTED,No,Possible Minor Injury,NA,Not Distracted,MD,Passenger Car,Slowing or Stopping,30,No,2017,TOYOTA,COROLLA,39.04462674,-77.11293691,2024,10,13
240047390,Injury Crash,10/04/2024 01:30:00 PM,HENDERSON CORNER RD,NA,Angle,Cloudy,Dry,Daylight,Traffic Control Signal,NONE DETECTED,Yes,No Apparent Injury,Ran Red Light,Not Distracted,MD,Sport Utility Vehicle,Moving Constant Speed,45,No,2016,ACURA,RDX,39.2023564,-77.24567979,2024,10,13
240047390,Injury Crash,10/04/2024 01:30:00 PM,HENDERSON CORNER RD,NA,Angle,Cloudy,Dry,Daylight,Traffic Control Signal,NONE DETECTED,No,Possible Minor Injury,NA,Not Distracted,MD,Sport Utility Vehicle,Turning Left,30,No,2016,HYUNDAI,SANTA FE,39.2023564,-77.24567979,2024,10,13
240047388,Injury Crash,10/04/2024 01:20:00 PM,RIDGE RD (SB/L),NA,Front to Rear,Cloudy,Dry,Daylight,No Controls,NONE DETECTED,Yes,No Apparent Injury,NA,Not Distracted,MD,Van - Passenger (&lt;9 Seats),Slowing or Stopping,40,No,2016,FORD,TRANSIT,39.26125583,-77.22221533,2024,10,13
240047388,Injury Crash,10/04/2024 01:20:00 PM,RIDGE RD (SB/L),NA,Front to Rear,Cloudy,Dry,Daylight,No Controls,NONE DETECTED,No,Possible Minor Injury,NA,Not Distracted,MD,Passenger Car,Stopped in Traffic,40,No,2022,DODGE,CHARGER,39.26125583,-77.22221533,2024,10,13
240047379,Injury Crash,10/04/2024 12:50:00 PM,CLOPPER RD,NA,Front to Rear,Cloudy,Dry,Daylight,No Controls,NONE DETECTED,No,Possible Minor Injury,NA,Not Distracted,MD,Passenger Car,Slowing or Stopping,35,No,2002,FORD,EXPLORER,39.1559205,-77.2640615,2024,10,12
240047379,Injury Crash,10/04/2024 12:50:00 PM,CLOPPER RD,NA,Front to Rear,Cloudy,Dry,Daylight,No Controls,NONE DETECTED,Yes,No Apparent Injury,Followed Too Closely,Not Distracted,MD,Other Trucks,Slowing or Stopping,35,No,2022,FREIGHTLINER,FREIGHTLINER,39.1559205,-77.2640615,2024,10,12
240047382,Property Damage Crash,10/04/2024 12:30:00 PM,BUENAVISTA TER,NA,Single Vehicle,Clear,Dry,Daylight,No Controls,NONE DETECTED,Yes,No Apparent Injury,Ran Off Roadway,Unknown,MD,Passenger Car,Moving Constant Speed,35,No,2017,FORD,MUSTANG,39.11234667,-77.15362167,2024,10,12
240047360,Property Damage Crash,10/04/2024 11:41:00 AM,WOODGLEN DR (NB/L),NA,Single Vehicle,Cloudy,Dry,Daylight,No Controls,NONE DETECTED,Yes,No Apparent Injury,NA,"Other Action (looking away from task, etc.)",MD,Single-Unit Truck,Turning Right,20,No,2009,FORD,F-750,39.0412825,-77.11319933,2024,10,11
240047531,Property Damage Crash,10/04/2024 10:46:00 AM,NA,NA,Single Vehicle,Clear,Other,Daylight,No Controls,NONE DETECTED,No,No Apparent Injury,NA,Not Distracted,XX,Passenger Car,Moving Constant Speed,40,No,2016,NISSAN,ROGUE,39.20605104,-77.43547399,2024,10,10
240047347,Property Damage Crash,10/04/2024 10:36:00 AM,GEORGIA AVE,NA,Front to Rear,Cloudy,Dry,Daylight,Traffic Control Signal,NONE DETECTED,No,No Apparent Injury,NA,Not Distracted,MD,Sport Utility Vehicle,Moving Constant Speed,40,No,2017,LEXUS,RX,39.13052123,-77.07084816,2024,10,10
240047347,Property Damage Crash,10/04/2024 10:36:00 AM,GEORGIA AVE,NA,Front to Rear,Cloudy,Dry,Daylight,Traffic Control Signal,NONE DETECTED,Yes,No Apparent Injury,NA,Not Distracted,MD,Sport Utility Vehicle,Turning Left,40,No,2018,SUBARU,FORESTER,39.13052123,-77.07084816,2024,10,10
240047331,Injury Crash,10/04/2024 09:30:00 AM,QUINCE ORCHARD RD (SB/L),NA,Front to Rear,Cloudy,Dry,Daylight,No Controls,NONE DETECTED,Yes,No Apparent Injury,"Followed Too Closely, Too Fast For Conditions",Unknown,MD,Sport Utility Vehicle,Slowing or Stopping,35,No,2020,NISSAN,ROGUE,39.14979413,-77.2156159,2024,10,9
240047361,Property Damage Crash,10/04/2024 09:30:00 AM,NA,NA,Other,Clear,NA,Daylight,NA,NONE DETECTED,No,No Apparent Injury,NA,Not Distracted,MD,Passenger Car,Parked,0,No,2009,TOYOTA,CAMRY,39.05281071,-76.95643845,2024,10,9