Local Case Number,ACRS Report Type,Crash Date/Time,Road Name,Related Non-Motorist,Collision Type,Weather,Surface Condition,Light,Traffic Control,Driver Substance Abuse,Driver At Fault,Injury Severity,Circumstance,Driver Distracted By,Drivers License State,Vehicle Body Type,Vehicle Movement,Speed Limit,Driverless Vehicle,Vehicle Year,Vehicle Make,Vehicle Model,Latitude,Longitude,Year,Month,Hour
240047361,Property Damage Crash,10/04/2024 09:30:00 AM,NA,NA,Other,Clear,NA,Daylight,NA,NONE DETECTED,No,NA,NA,NA,NA,Passenger Car,Backing,0,No,2005,TOYOTA,4-RUNNER,39.05281071,-76.95643845,2024,10,9
240047331,Injury Crash,10/04/2024 09:30:00 AM,QUINCE ORCHARD RD (SB/L),NA,Front to Rear,Cloudy,Dry,Daylight,No Controls,NONE DETECTED,No,Possible Minor Injury,NA,Not Distracted,MD,Sport Utility Vehicle,Slowing or Stopping,35,No,2013,CHEVROLET,EQUINOX,39.14979413,-77.2156159,2024,10,9
240047324,Property Damage Crash,10/04/2024 08:32:00 AM,NEW HAMPSHIRE AVE (SB/L),NA,"Sideswipe, Same Direction",Clear,Dry,Daylight,No Controls,NONE DETECTED,No,No Apparent Injury,NA,Not Distracted,MD,Other Trucks,Stopped in Traffic,35,No,2021,FREIGHTLINER,UNKNOWN,38.97553551,-76.99384303,2024,10,8
240047324,Property Damage Crash,10/04/2024 08:32:00 AM,NEW HAMPSHIRE AVE (SB/L),NA,"Sideswipe, Same Direction",Clear,Dry,Daylight,No Controls,NONE DETECTED,No,No Apparent Injury,NA,Not Distracted,NA,Pickup,Moving Constant Speed,35,No,2020,CHEVROLET,COLORADO,38.97553551,-76.99384303,2024,10,8
240047315,Property Damage Crash,10/04/2024 07:33:00 AM,SHADY GROVE RD (SB/L),NA,Front to Rear,Cloudy,Dry,Daylight,Traffic Control Signal,NONE DETECTED,Yes,No Apparent Injury,"Followed Too Closely, Other Improper Action",Not Distracted,MD,Bus - Other Type,Slowing or Stopping,35,No,2024,FORD,E-450,39.11465797,-77.18586423,2024,10,7
240047315,Property Damage Crash,10/04/2024 07:33:00 AM,SHADY GROVE RD (SB/L),NA,Front to Rear,Cloudy,Dry,Daylight,Traffic Control Signal,NONE DETECTED,No,No Apparent Injury,NA,Not Distracted,MD,Pickup,Slowing or Stopping,35,No,2018,FORD,F-450,39.11465797,-77.18586423,2024,10,7
240047311,Property Damage Crash,10/04/2024 06:48:00 AM,NORBECK RD,NA,Single Vehicle,Clear,Dry,Medium,No Controls,NONE DETECTED,No,No Apparent Injury,NA,Not Distracted,MD,Passenger Car,Moving Constant Speed,40,No,2021,TOYOTA,C-HR,39.08962016,-77.12996519,2024,10,6
240047309,Injury Crash,10/04/2024 06:11:00 AM,NA,NA,Front to Front,Clear,Dry,Medium,Traffic Control Signal,NONE DETECTED,Yes,Possible Minor Injury,"Failed to Yield Right-of-Way, Ran Red Light",Not Distracted,MD,Passenger Car,Moving Constant Speed,45,No,2005,TOYOTA,COROLLA,39.11887067,-77.021213,2024,10,6
240047309,Injury Crash,10/04/2024 06:11:00 AM,NA,NA,Front to Front,Clear,Dry,Medium,Traffic Control Signal,NONE DETECTED,No,No Apparent Injury,NA,Not Distracted,MD,Bus - School,Moving Constant Speed,45,No,1996,INTERNATIONAL,UNKNOWN,39.11887067,-77.021213,2024,10,6
240047309,Injury Crash,10/04/2024 06:11:00 AM,NA,NA,Front to Front,Clear,Dry,Medium,Traffic Control Signal,NONE DETECTED,No,No Apparent Injury,NA,Not Distracted,MD,Pickup,Moving Constant Speed,45,No,2019,FORD,F-150,39.11887067,-77.021213,2024,10,6
240047296,Property Damage Crash,10/03/2024 10:45:00 PM,UNIVERSITY BLVD E,NA,Single Vehicle,Clear,Dry,Medium,No Controls,NONE DETECTED,Yes,No Apparent Injury,NA,Unknown,MD,Passenger Car,Moving Constant Speed,35,No,2020,DODGE,CHARGER,39.00029667,-76.99560167,2024,10,22
240047628,Property Damage Crash,10/03/2024 09:45:00 PM,VEIRS MILL RD,NA,Front to Rear,Clear,Dry,Medium,Traffic Control Signal,NONE DETECTED,No,No Apparent Injury,NA,Not Distracted,MD,Passenger Car,Stopped in Traffic,40,No,2011,HONDA,CIVIC,39.07341981,-77.1119137,2024,10,21
240047628,Property Damage Crash,10/03/2024 09:45:00 PM,VEIRS MILL RD,NA,Front to Rear,Clear,Dry,Medium,Traffic Control Signal,NONE DETECTED,No,NA,Other Improper Action,Unknown,NA,Passenger Car,Slowing or Stopping,40,No,0,NA,NA,39.07341981,-77.1119137,2024,10,21
240047279,Property Damage Crash,10/03/2024 08:30:00 PM,GEORGIA AVE,NA,Front to Rear,Clear,Dry,Medium,No Controls,NONE DETECTED,No,No Apparent Injury,NA,Not Distracted,MD,Passenger Car,Slowing or Stopping,35,No,2024,HONDA,PROLOGUE,39.08346202,-77.07743354,2024,10,20
240047279,Property Damage Crash,10/03/2024 08:30:00 PM,GEORGIA AVE,NA,Front to Rear,Clear,Dry,Medium,No Controls,NONE DETECTED,Yes,No Apparent Injury,"Followed Too Closely, Other Improper Action","Other Action (looking away from task, etc.)",MD,Passenger Car,Moving Constant Speed,35,No,2009,TOYOTA,COROLLA MATRIX,39.08346202,-77.07743354,2024,10,20
240047272,Property Damage Crash,10/03/2024 07:53:00 PM,ROCKVILLE PIKE (SB/L),NA,Angle,Clear,Dry,Medium,Stop Sign,NONE DETECTED,Yes,No Apparent Injury,NA,Unknown,MD,Passenger Car,Entering Traffic Lane,35,No,2016,SUBARU,OUTBACK,39.06495559,-77.12676563,2024,10,19
240047272,Property Damage Crash,10/03/2024 07:53:00 PM,ROCKVILLE PIKE (SB/L),NA,Angle,Clear,Dry,Medium,No Controls,NONE DETECTED,No,No Apparent Injury,NA,Not Distracted,MD,Passenger Car,Moving Constant Speed,35,No,2012,TOYOTA,COROLLA,39.06495559,-77.12676563,2024,10,19
240047271,Property Damage Crash,10/03/2024 07:20:00 PM,ENNALLS AVE,NA,Front to Rear,Clear,Dry,Medium,No Controls,NONE DETECTED,No,No Apparent Injury,NA,Not Distracted,MD,Passenger Car,Parked,15,No,2013,TOYOTA,CAMRY,39.0398815,-77.05338788,2024,10,19
240047271,Property Damage Crash,10/03/2024 07:20:00 PM,ENNALLS AVE,NA,Front to Rear,Clear,Dry,Medium,No Controls,ALCOHOL PRESENT,Yes,No Apparent Injury,"Operated Motor Vehicle in Inattentive, Careless, Negligent, or Erratic Manner, Operated Motor Vehicle in Reckless or Aggressive Manner, Other Improper Action",Unknown,NA,Passenger Car,Accelerating,15,No,2010,PONTIAC,G6,39.0398815,-77.05338788,2024,10,19
240047506,Injury Crash,10/03/2024 07:00:00 PM,SCENERY DR,NA,"Sideswipe, Same Direction",Cloudy,Wet,Medium,No Controls,NONE DETECTED,Yes,NA,NA,NA,NA,NA,Moving Constant Speed,35,No,0,NA,NA,39.17710398,-77.23423947,2024,10,19
240047506,Injury Crash,10/03/2024 07:00:00 PM,SCENERY DR,NA,"Sideswipe, Same Direction",Cloudy,Wet,Medium,No Controls,NONE DETECTED,No,Possible Minor Injury,NA,Not Distracted,VA,Passenger Car,Moving Constant Speed,35,No,2018,AUDI,Q5,39.17710398,-77.23423947,2024,10,19
240047267,Property Damage Crash,10/03/2024 06:42:00 PM,CONNECTICUT AVE,NA,Other,Clear,Dry,Daylight,Stop Sign,NONE DETECTED,Yes,No Apparent Injury,NA,Not Distracted,MD,Sport Utility Vehicle,Accelerating,15,No,2004,LEXUS,RX,39.07805463,-77.08071386,2024,10,18
240047267,Property Damage Crash,10/03/2024 06:42:00 PM,CONNECTICUT AVE,NA,Other,Clear,Dry,Daylight,No Controls,NONE DETECTED,No,No Apparent Injury,NA,Not Distracted,MD,Passenger Car,Moving Constant Speed,35,No,2007,TOYOTA,CAMRY,39.07805463,-77.08071386,2024,10,18
240047264,Property Damage Crash,10/03/2024 06:30:00 PM,NORBECK RD,NA,Single Vehicle,Clear,Dry,Daylight,No Controls,NONE DETECTED,Yes,No Apparent Injury,Ran Off Roadway,"Other Action (looking away from task, etc.)",MD,Passenger Car,Moving Constant Speed,40,No,2008,HONDA,UNKNOWN,39.12114477,-77.01021228,2024,10,18
240047260,Property Damage Crash,10/03/2024 06:00:00 PM,STEDWICK RD,NA,Front to Rear,Clear,Dry,Daylight,No Controls,NONE DETECTED,No,No Apparent Injury,NA,Not Distracted,MD,Sport Utility Vehicle,Stopped in Traffic,35,No,2024,KIA,SPORTAGE,39.169958,-77.20599833,2024,10,18
240047260,Property Damage Crash,10/03/2024 06:00:00 PM,STEDWICK RD,NA,Front to Rear,Clear,Dry,Daylight,No Controls,NONE DETECTED,No,No Apparent Injury,Followed Too Closely,Not Distracted,MD,Passenger Car,Slowing or Stopping,35,No,2017,TOYOTA,COROLLA,39.169958,-77.20599833,2024,10,18
240047260,Property Damage Crash,10/03/2024 06:00:00 PM,STEDWICK RD,NA,Front to Rear,Clear,Dry,Daylight,No Controls,NONE DETECTED,No,No Apparent Injury,Followed Too Closely,Not Distracted,MD,Pickup,Slowing or Stopping,35,No,2003,CHEVROLET,SILVERADO HD,39.169958,-77.20599833,2024,10,18
240047255,Property Damage Crash,10/03/2024 05:35:00 PM,REDLAND RD,NA,Angle,Clear,Dry,Daylight,No Controls,NONE DETECTED,No,No Apparent Injury,NA,Not Distracted,MD,Passenger Car,Moving Constant Speed,35,No,2014,MAZDA,MX-5,39.14427243,-77.1447064,2024,10,17
240047255,Property Damage Crash,10/03/2024 05:35:00 PM,REDLAND RD,NA,Angle,Clear,Dry,Daylight,No Controls,NONE DETECTED,Yes,No Apparent Injury,Failed to Yield Right-of-Way,Not Distracted,MD,Passenger Car,Turning Left,35,No,2006,HONDA,ODYSSEY,39.14427243,-77.1447064,2024,10,17
240047252,Injury Crash,10/03/2024 05:23:00 PM,NEW HAMPSHIRE AVE,NA,Other,Clear,Dry,Daylight,Traffic Control Signal,NONE DETECTED,Yes,Possible Minor Injury,NA,Not Distracted,MD,Sport Utility Vehicle,Turning Left,40,No,2015,TOYOTA,RAV4,39.061602,-76.99837952,2024,10,17
240047252,Injury Crash,10/03/2024 05:23:00 PM,NEW HAMPSHIRE AVE,NA,Other,Clear,Dry,Daylight,Traffic Control Signal,NONE DETECTED,No,No Apparent Injury,NA,Not Distracted,MD,Pickup,Moving Constant Speed,40,No,2007,DODGE,RAM,39.061602,-76.99837952,2024,10,17
240047244,Property Damage Crash,10/03/2024 04:42:00 PM,NA,NA,Front to Rear,Clear,Dry,Daylight,No Controls,NONE DETECTED,Yes,No Apparent Injury,NA,Unknown,MD,Passenger Car,Moving Constant Speed,35,No,2017,NISSAN,MAXIMA,39.09042213,-77.05458192,2024,10,16
240047244,Property Damage Crash,10/03/2024 04:42:00 PM,NA,NA,Front to Rear,Clear,Dry,Daylight,No Controls,NONE DETECTED,No,No Apparent Injury,NA,Not Distracted,MD,Passenger Car,Slowing or Stopping,35,No,2010,NISSAN,VERSA,39.09042213,-77.05458192,2024,10,16
240047243,Property Damage Crash,10/03/2024 04:26:00 PM,RANDOLPH RD (WB/L),NA,Front to Rear,Clear,Dry,Daylight,No Controls,NONE DETECTED,No,No Apparent Injury,NA,Not Distracted,MD,Passenger Car,Moving Constant Speed,30,No,2022,DODGE,CHARGER,39.05342572,-77.10930669,2024,10,16
240047243,Property Damage Crash,10/03/2024 04:26:00 PM,RANDOLPH RD (WB/L),NA,Front to Rear,Clear,Dry,Daylight,No Controls,NONE DETECTED,No,No Apparent Injury,NA,Not Distracted,MD,Passenger Car,Moving Constant Speed,30,No,2024,TOYOTA,RAV4,39.05342572,-77.10930669,2024,10,16
240047239,Property Damage Crash,10/03/2024 04:18:00 PM,NA,NA,Front to Rear,Clear,Dry,Daylight,No Controls,NONE DETECTED,No,No Apparent Injury,NA,Not Distracted,MD,Pickup,Stopped in Traffic,25,No,2009,GMC,SIERRA,38.98736389,-77.09893963,2024,10,16
240047239,Property Damage Crash,10/03/2024 04:18:00 PM,NA,NA,Front to Rear,Clear,Dry,Daylight,No Controls,NONE DETECTED,No,No Apparent Injury,NA,Not Distracted,MD,Bus - Transit,Slowing or Stopping,25,No,2014,GILLIG,CITY TRANSIT BUS,38.98736389,-77.09893963,2024,10,16
240047238,Property Damage Crash,10/03/2024 04:00:00 PM,JERUSALEM RD,NA,Front to Front,Clear,Dry,Daylight,No Controls,NONE DETECTED,No,No Apparent Injury,NA,Not Distracted,MD,Pickup,Negotiating a Curve,35,No,2019,FORD,F-350,39.15515427,-77.41004312,2024,10,16
240047238,Property Damage Crash,10/03/2024 04:00:00 PM,JERUSALEM RD,NA,Front to Front,Clear,Dry,Daylight,No Controls,NONE DETECTED,Yes,No Apparent Injury,Wrong Side,Unknown,MD,Passenger Car,Negotiating a Curve,35,No,2013,TOYOTA,COROLLA,39.15515427,-77.41004312,2024,10,16
240047201,Injury Crash,10/03/2024 01:34:00 PM,RIFFLE FORD RD,NA,Front to Rear,Clear,Dry,Daylight,No Controls,NONE DETECTED,Yes,No Apparent Injury,NA,Not Distracted,MD,Passenger Car,Slowing or Stopping,35,No,2020,JEEP,GRAND CHEROKEE,39.14574567,-77.2889475,2024,10,13
240047201,Injury Crash,10/03/2024 01:34:00 PM,RIFFLE FORD RD,NA,Front to Rear,Clear,Dry,Daylight,No Controls,NONE DETECTED,No,Possible Minor Injury,NA,Not Distracted,MD,Van - Passenger (&lt;9 Seats),Slowing or Stopping,35,No,2021,FORD,TRANSIT,39.14574567,-77.2889475,2024,10,13
240047198,Injury Crash,10/03/2024 01:03:00 PM,NA,Cyclist (non-electric),Single Vehicle,Clear,Dry,Daylight,No Controls,NONE DETECTED,No,No Apparent Injury,"Operated Motor Vehicle in Inattentive, Careless, Negligent, or Erratic Manner",Not Distracted,MD,Other,Turning Right,40,No,2000,FORD,UNKNOWN,39.10096383,-77.21589666,2024,10,13
240047197,Property Damage Crash,10/03/2024 01:00:00 PM,GEORGIA AVE,NA,Angle,Clear,Dry,Daylight,Traffic Control Signal,NONE DETECTED,No,No Apparent Injury,NA,Not Distracted,MD,Passenger Car,Moving Constant Speed,35,No,2015,TOYOTA,SIENNA,39.15920102,-77.06431353,2024,10,13
240047197,Property Damage Crash,10/03/2024 01:00:00 PM,GEORGIA AVE,NA,Angle,Clear,Dry,Daylight,Traffic Control Signal,NONE DETECTED,Yes,No Apparent Injury,NA,Not Distracted,MD,Passenger Car,Turning Left,35,No,2021,TOYOTA,RAV4,39.15920102,-77.06431353,2024,10,13
240047187,Injury Crash,10/03/2024 12:29:00 PM,SHADY GROVE RD,NA,Front to Rear,Clear,Dry,Daylight,Other,NONE DETECTED,No,No Apparent Injury,NA,Unknown,MD,Passenger Car,Slowing or Stopping,40,No,2023,MAZDA,CX-30,39.1299855,-77.16270583,2024,10,12
240047187,Injury Crash,10/03/2024 12:29:00 PM,SHADY GROVE RD,NA,Front to Rear,Clear,Dry,Daylight,Other,NONE DETECTED,No,No Apparent Injury,NA,Not Distracted,MD,Passenger Car,Slowing or Stopping,40,No,2018,TOYOTA,COROLLA,39.1299855,-77.16270583,2024,10,12
240047187,Injury Crash,10/03/2024 12:29:00 PM,SHADY GROVE RD,NA,Front to Rear,Clear,Dry,Daylight,Other,NONE DETECTED,No,No Apparent Injury,NA,Unknown,MD,Passenger Car,Slowing or Stopping,40,No,2011,TOYOTA,RAV4,39.1299855,-77.16270583,2024,10,12
240047162,Injury Crash,10/03/2024 10:25:00 AM,S WESTLAND DR,NA,Angle,Clear,Dry,Daylight,Traffic Control Signal,NONE DETECTED,No,No Apparent Injury,"Swerved or Avoided Due to Wind, Slippery Surface, Motor Vehicle, Object, Non-Motorist in Roadway, etc",Unknown,MD,Passenger Car,Moving Constant Speed,35,No,2014,TOYOTA,COROLLA,39.12596344,-77.18290317,2024,10,10
240047162,Injury Crash,10/03/2024 10:25:00 AM,S WESTLAND DR,NA,Angle,Clear,Dry,Daylight,Traffic Control Signal,NONE DETECTED,No,Possible Minor Injury,NA,Not Distracted,MD,Sport Utility Vehicle,Stopped in Traffic,25,No,2014,MAZDA,CX-5,39.12596344,-77.18290317,2024,10,10
240047162,Injury Crash,10/03/2024 10:25:00 AM,S WESTLAND DR,NA,Angle,Clear,Dry,Daylight,Traffic Control Signal,NONE DETECTED,Yes,No Apparent Injury,Failed to Yield Right-of-Way,Unknown,MD,Passenger Car,Turning Left,35,No,2007,MAZDA,MAZDA3,39.12596344,-77.18290317,2024,10,10
240047156,Property Damage Crash,10/03/2024 10:05:00 AM,NA,NA,Single Vehicle,Clear,NA,Daylight,NA,NONE DETECTED,Yes,No Apparent Injury,"Operated Motor Vehicle in Inattentive, Careless, Negligent, or Erratic Manner",Unknown,MD,Passenger Car,Accelerating,0,No,2022,KIA,SORENTO,39.18173255,-77.27076887,2024,10,10
240047150,Injury Crash,10/03/2024 08:58:00 AM,NA,NA,Rear To Rear,Clear,Dry,Daylight,Lane Use Control Signal,NONE DETECTED,No,Possible Minor Injury,NA,Not Distracted,MD,Van - Cargo,Moving Constant Speed,35,No,2020,RAM,PROMASTER 3500,38.99737471,-77.02727479,2024,10,8
240047150,Injury Crash,10/03/2024 08:58:00 AM,NA,NA,Rear To Rear,Clear,Dry,Daylight,Lane Use Control Signal,NONE DETECTED,Yes,No Apparent Injury,NA,"Other Action (looking away from task, etc.)",MD,Passenger Car,Slowing or Stopping,35,No,2009,NISSAN,ROGUE,38.99737471,-77.02727479,2024,10,8
240047112,Injury Crash,10/02/2024 08:45:00 PM,WATERS LANDING DR,Cyclist (non-electric),Single Vehicle,Clear,Dry,Medium,Traffic Control Signal,NONE DETECTED,Yes,No Apparent Injury,NA,Unknown,NA,Passenger Car,Turning Left,35,No,2014,HONDA,ACCORD,39.1918455,-77.27219383,2024,10,20
240047109,Injury Crash,10/02/2024 08:08:00 PM,E GUDE DR (WB/L),NA,Angle,Cloudy,Dry,Medium,Traffic Control Signal,NONE DETECTED,No,No Apparent Injury,Failed to Yield Right-of-Way,Not Distracted,MD,Passenger Car,Turning Left,40,No,2017,KIA,OPTIMA,39.10646982,-77.15226426,2024,10,20
240047109,Injury Crash,10/02/2024 08:08:00 PM,E GUDE DR (WB/L),NA,Angle,Cloudy,Dry,Medium,Traffic Control Signal,NONE DETECTED,No,No Apparent Injury,NA,Not Distracted,MD,Sport Utility Vehicle,Accelerating,40,No,2023,MAZDA,CX-5,39.10646982,-77.15226426,2024,10,20
240047101,Injury Crash,10/02/2024 07:15:00 PM,CONNECTICUT AVE,Pedestrian,Single Vehicle,Clear,Wet,Medium,"Person (including flagger, law enforcement, crossing guard, etc.",NONE DETECTED,No,No Apparent Injury,NA,Unknown,MD,Passenger Car,Changing Lanes,35,No,2019,SUBARU,FORESTER,39.02002633,-77.0770985,2024,10,19
240047099,Injury Crash,10/02/2024 07:13:00 PM,RAMP 1 FR WASH. BLVD TO SAM EIG HWY WB,NA,Other,Cloudy,Wet,Medium,Traffic Control Signal,NONE DETECTED,No,Possible Minor Injury,NA,Not Distracted,MD,Passenger Car,Moving Constant Speed,30,No,2022,HONDA,HR-V,39.11802767,-77.206466,2024,10,19
240047099,Injury Crash,10/02/2024 07:13:00 PM,RAMP 1 FR WASH. BLVD TO SAM EIG HWY WB,NA,Other,Cloudy,Wet,Medium,Traffic Control Signal,NONE DETECTED,Yes,No Apparent Injury,NA,Unknown,MD,Passenger Car,Turning Left,35,No,2016,JEEP,CHEROKEE,39.11802767,-77.206466,2024,10,19
240047094,Injury Crash,10/02/2024 06:49:00 PM,VALLEYWOOD DR,Pedestrian,Single Vehicle,Cloudy,Dry,Medium,No Controls,NONE DETECTED,No,No Apparent Injury,NA,Not Distracted,MD,Passenger Car,Slowing or Stopping,35,No,2008,TOYOTA,PRIUS,39.05382757,-77.06757007,2024,10,18
240047092,Property Damage Crash,10/02/2024 06:39:00 PM,CONNECTICUT AVE (SB/L),NA,"Sideswipe, Same Direction",Clear,Dry,Daylight,No Controls,NONE DETECTED,No,No Apparent Injury,NA,Not Distracted,MD,Bus - Transit,Moving Constant Speed,35,No,2016,METRO TRAILER,METRO TRAILER,39.08415239,-77.07687615,2024,10,18
240047092,Property Damage Crash,10/02/2024 06:39:00 PM,CONNECTICUT AVE (SB/L),NA,"Sideswipe, Same Direction",Clear,Dry,Daylight,No Controls,NONE DETECTED,No,No Apparent Injury,NA,Unknown,MD,Single-Unit Truck,Moving Constant Speed,35,No,2013,FORD,E-450,39.08415239,-77.07687615,2024,10,18
240047085,Property Damage Crash,10/02/2024 05:47:00 PM,FIRSTFIELD RD,NA,Other,Cloudy,Dry,Daylight,No Controls,NONE DETECTED,No,No Apparent Injury,NA,Not Distracted,MD,Bus - Transit,Stopped in Traffic,30,No,2016,GILLIG,CITY TRANSIT BUS,39.1454755,-77.221183,2024,10,17
240047085,Property Damage Crash,10/02/2024 05:47:00 PM,FIRSTFIELD RD,NA,Other,Cloudy,Dry,Daylight,No Controls,NONE DETECTED,No,No Apparent Injury,NA,Not Distracted,NA,Passenger Car,Stopped in Traffic,30,No,2003,TOYOTA,COROLLA MATRIX,39.1454755,-77.221183,2024,10,17
240047080,Property Damage Crash,10/02/2024 05:32:00 PM,NA,Cyclist (non-electric),Single Vehicle,Clear,NA,Daylight,NA,NONE DETECTED,No,No Apparent Injury,NA,Not Distracted,MD,Passenger Car,Turning Left,0,No,2019,TOYOTA,CAMRY,39.02247096,-77.14741805,2024,10,17
240047064,Property Damage Crash,10/02/2024 03:37:00 PM,NA,NA,"Sideswipe, Same Direction",Clear,Dry,Daylight,No Controls,NONE DETECTED,No,No Apparent Injury,NA,Not Distracted,VA,Bus - Transit,Moving Constant Speed,25,No,2016,COACHMEN,UNKNOWN,38.9961393,-77.02801345,2024,10,15
240047064,Property Damage Crash,10/02/2024 03:37:00 PM,NA,NA,"Sideswipe, Same Direction",Clear,Dry,Daylight,No Controls,NONE DETECTED,No,No Apparent Injury,NA,Not Distracted,MD,Passenger Car,Moving Constant Speed,25,No,2011,HONDA,ACCORD,38.9961393,-77.02801345,2024,10,15
240047058,Property Damage Crash,10/02/2024 03:14:00 PM,NA,NA,Angle,Cloudy,Wet,Daylight,No Controls,NONE DETECTED,No,No Apparent Injury,Improper Turn,Not Distracted,MD,Bus - School,Turning Right,5,No,2024,THOMAS BUILT,SCHOOL BUS,39.14376053,-77.16258692,2024,10,15
240047058,Property Damage Crash,10/02/2024 03:14:00 PM,NA,NA,Angle,Cloudy,Wet,Daylight,No Controls,NONE DETECTED,No,No Apparent Injury,NA,Not Distracted,MD,Bus - School,Parked,5,No,2022,THOMAS BUILT,SCHOOL BUS,39.14376053,-77.16258692,2024,10,15
240047063,Property Damage Crash,10/02/2024 03:13:00 PM,W MONTGOMERY AVE (WB/L),NA,Front to Rear,Cloudy,Dry,Daylight,No Controls,NONE DETECTED,Yes,No Apparent Injury,Improper Passing,Unknown,MD,Passenger Car,Changing Lanes,40,No,2015,HYUNDAI,SONATA,39.1027625,-77.1894345,2024,10,15
240047063,Property Damage Crash,10/02/2024 03:13:00 PM,W MONTGOMERY AVE (WB/L),NA,Front to Rear,Cloudy,Dry,Daylight,No Controls,NONE DETECTED,No,No Apparent Injury,NA,Not Distracted,MD,Passenger Car,Stopped in Traffic,40,No,2022,TESLA,MODEL 3,39.1027625,-77.1894345,2024,10,15
240047047,Property Damage Crash,10/02/2024 03:00:00 PM,WISTERIA DR,NA,Front to Rear,Clear,Dry,Daylight,Traffic Control Signal,NONE DETECTED,No,No Apparent Injury,NA,Not Distracted,MD,Sport Utility Vehicle,Stopped in Traffic,35,No,2019,VOLKSWAGEN,ATLAS,39.17697342,-77.27025429,2024,10,15
240047061,Injury Crash,10/02/2024 03:00:00 PM,GEORGIA AVE (SB/L),NA,Front to Front,Clear,Dry,Daylight,No Controls,NONE DETECTED,Yes,No Apparent Injury,Followed Too Closely,Not Distracted,MD,Passenger Car,Slowing or Stopping,35,No,2010,MERCEDES-BENZ,300,39.0278365,-77.04709933,2024,10,15
240047047,Property Damage Crash,10/02/2024 03:00:00 PM,WISTERIA DR,NA,Front to Rear,Clear,Dry,Daylight,Traffic Control Signal,NONE DETECTED,Yes,No Apparent Injury,NA,Not Distracted,MD,Sport Utility Vehicle,Stopped in Traffic,35,No,2006,FORD,EXPLORER,39.17697342,-77.27025429,2024,10,15
240047061,Injury Crash,10/02/2024 03:00:00 PM,GEORGIA AVE (SB/L),NA,Front to Front,Clear,Dry,Daylight,No Controls,NONE DETECTED,No,Possible Minor Injury,NA,Not Distracted,DC,Passenger Car,Slowing or Stopping,35,No,2010,CHEVROLET,CORVETTE,39.0278365,-77.04709933,2024,10,15
240047047,Property Damage Crash,10/02/2024 03:00:00 PM,WISTERIA DR,NA,Front to Rear,Clear,Dry,Daylight,Traffic Control Signal,NONE DETECTED,No,No Apparent Injury,NA,Not Distracted,MD,Bus - School,Stopped in Traffic,35,No,2017,THOMAS BUILT,SCHOOL BUS,39.17697342,-77.27025429,2024,10,15
240047051,Property Damage Crash,10/02/2024 02:51:00 PM,NEW HAMPSHIRE AVE (SB/L),NA,"Sideswipe, Same Direction",Clear,Wet,Daylight,No Controls,NONE DETECTED,Yes,No Apparent Injury,NA,Unknown,MD,Bus - School,Moving Constant Speed,35,No,2020,UNKNOWN,UNKNOWN,39.02738993,-76.98235396,2024,10,14
240047051,Property Damage Crash,10/02/2024 02:51:00 PM,NEW HAMPSHIRE AVE (SB/L),NA,"Sideswipe, Same Direction",Clear,Wet,Daylight,No Controls,NONE DETECTED,No,No Apparent Injury,NA,Not Distracted,MD,Passenger Car,Moving Constant Speed,35,No,2015,AUDI,Q5,39.02738993,-76.98235396,2024,10,14
240047050,Property Damage Crash,10/02/2024 02:48:00 PM,DIAMONDBACK DR,NA,Angle,Cloudy,Dry,Daylight,Traffic Control Signal,NONE DETECTED,No,No Apparent Injury,NA,Unknown,VA,Passenger Car,Turning Left,40,No,2025,VOLKSWAGEN,JETTA,39.114989,-77.2155113,2024,10,14
240047050,Property Damage Crash,10/02/2024 02:48:00 PM,DIAMONDBACK DR,NA,Angle,Cloudy,Dry,Daylight,Traffic Control Signal,NONE DETECTED,No,No Apparent Injury,NA,Not Distracted,MD,Passenger Car,Moving Constant Speed,40,No,2016,TOYOTA,COROLLA,39.114989,-77.2155113,2024,10,14