Local Case Number,ACRS Report Type,Crash Date/Time,Road Name,Related Non-Motorist,Collision Type,Weather,Surface Condition,Light,Traffic Control,Driver Substance Abuse,Driver At Fault,Injury Severity,Circumstance,Driver Distracted By,Drivers License State,Vehicle Body Type,Vehicle Movement,Speed Limit,Driverless Vehicle,Vehicle Year,Vehicle Make,Vehicle Model,Latitude,Longitude,Year,Month,Hour
240046788,Property Damage Crash,10/01/2024 07:50:00 AM,16TH ST,NA,Front to Rear,Rain,Wet,Daylight,Traffic Control Signal,NONE DETECTED,No,No Apparent Injury,NA,Not Distracted,MD,Passenger Car,Slowing or Stopping,35,No,2024,TESLA,MODEL Y,38.99590043,-77.03617993,2024,10,7
240046788,Property Damage Crash,10/01/2024 07:50:00 AM,16TH ST,NA,Front to Rear,Rain,Wet,Daylight,Traffic Control Signal,NONE DETECTED,Yes,No Apparent Injury,NA,Unknown,DC,Passenger Car,Slowing or Stopping,35,No,2016,AUDI,Q5,38.99590043,-77.03617993,2024,10,7
240046774,Property Damage Crash,10/01/2024 07:30:00 AM,RIVER RD,NA,Front to Rear,Rain,Wet,Daylight,No Controls,NONE DETECTED,No,No Apparent Injury,NA,Not Distracted,MD,Passenger Car,Moving Constant Speed,35,No,2017,CHEVROLET,SPARK,39.01748222,-77.20820471,2024,10,7
240046774,Property Damage Crash,10/01/2024 07:30:00 AM,RIVER RD,NA,Front to Rear,Rain,Wet,Daylight,No Controls,NONE DETECTED,Yes,No Apparent Injury,NA,Not Distracted,MD,Passenger Car,Overtaking/Passing,35,No,2016,HONDA,PILOT,39.01748222,-77.20820471,2024,10,7
240046770,Property Damage Crash,10/01/2024 07:23:00 AM,FREDERICK RD (SB/L),NA,Front to Rear,Rain,Wet,Medium,No Controls,NONE DETECTED,No,No Apparent Injury,NA,Not Distracted,MD,Pickup,Slowing or Stopping,40,No,2018,CHEVROLET,SILVERADO,39.19671417,-77.24475383,2024,10,7
240046770,Property Damage Crash,10/01/2024 07:23:00 AM,FREDERICK RD (SB/L),NA,Front to Rear,Rain,Wet,Medium,No Controls,NONE DETECTED,Yes,No Apparent Injury,"Operated Motor Vehicle in Inattentive, Careless, Negligent, or Erratic Manner",Unknown,MD,Sport Utility Vehicle,Slowing or Stopping,40,No,2011,TOYOTA,RAV4,39.19671417,-77.24475383,2024,10,7
240046765,Injury Crash,10/01/2024 05:40:00 AM,RAMP 1 FR IS 270 NB TO MD 117 WB,NA,Front to Rear,Rain,Wet,Medium,Traffic Control Signal,NONE DETECTED,No,Possible Minor Injury,NA,Not Distracted,MD,Sport Utility Vehicle,Turning Right,35,No,2021,JEEP,GRAND CHEROKEE,39.1405269,-77.2107445,2024,10,5
240046765,Injury Crash,10/01/2024 05:40:00 AM,RAMP 1 FR IS 270 NB TO MD 117 WB,NA,Front to Rear,Rain,Wet,Medium,Traffic Control Signal,NONE DETECTED,No,No Apparent Injury,NA,Not Distracted,MD,Passenger Car,Turning Right,35,No,2012,BMW,330CI,39.1405269,-77.2107445,2024,10,5
240046759,Property Damage Crash,10/01/2024 01:58:00 AM,ST ANDREWS WAY,NA,Front to Rear,Rain,Wet,Medium,Traffic Control Signal,NONE DETECTED,Yes,No Apparent Injury,NA,Not Distracted,MD,Passenger Car,Slowing or Stopping,35,No,2015,HYUNDAI,SONATA,39.00768662,-77.02009692,2024,10,1
240046759,Property Damage Crash,10/01/2024 01:58:00 AM,ST ANDREWS WAY,NA,Front to Rear,Rain,Wet,Medium,Traffic Control Signal,NONE DETECTED,No,No Apparent Injury,NA,Not Distracted,MD,Passenger Car,Slowing or Stopping,35,No,2007,HONDA,ACCORD,39.00768662,-77.02009692,2024,10,1
240046747,Property Damage Crash,09/30/2024 09:20:00 PM,CENTERHILL ST,NA,Angle,Rain,Wet,Medium,No Controls,NONE DETECTED,No,No Apparent Injury,NA,Not Distracted,MD,Passenger Car,Moving Constant Speed,35,No,1990,HONDA,CIVIC,39.05043617,-77.07269136,2024,9,21
240046747,Property Damage Crash,09/30/2024 09:20:00 PM,CENTERHILL ST,NA,Angle,Rain,Wet,Medium,Stop Sign,NONE DETECTED,No,No Apparent Injury,NA,Not Distracted,MD,Pickup,Entering Traffic Lane,35,No,2020,JEEP,GLADIATOR,39.05043617,-77.07269136,2024,9,21
240046748,Injury Crash,09/30/2024 09:14:00 PM,BRINK RD,NA,Single Vehicle,Rain,Wet,Medium,No Controls,NONE DETECTED,No,Possible Minor Injury,NA,Unknown,MD,Passenger Car,Slowing or Stopping,40,No,2023,KIA,FORTE,39.21336516,-77.24800427,2024,9,21
240046741,Injury Crash,09/30/2024 08:55:00 PM,SLIGO AVE,NA,Angle,Clear,Wet,Medium,No Controls,NONE DETECTED,No,No Apparent Injury,NA,Not Distracted,MD,Passenger Car,Turning Left,25,No,2019,TOYOTA,CAMRY,38.99011717,-77.02174867,2024,9,20
240046741,Injury Crash,09/30/2024 08:55:00 PM,SLIGO AVE,NA,Angle,Clear,Wet,Medium,No Controls,NONE DETECTED,No,Possible Minor Injury,"Operated Motor Vehicle in Inattentive, Careless, Negligent, or Erratic Manner, Operated Motor Vehicle in Reckless or Aggressive Manner, Other Improper Action, Too Fast For Conditions",Not Distracted,NA,Moped Or motorized bicycle,Moving Constant Speed,25,No,2023,NY MOTORCYCLES,NY MOTORCYCLE,38.99011717,-77.02174867,2024,9,20
240045470,Property Damage Crash,09/30/2024 08:30:00 PM,EDGEMOOR LA,NA,Angle,Rain,Wet,Medium,Traffic Control Signal,NONE DETECTED,No,No Apparent Injury,NA,Not Distracted,MD,Passenger Car,Moving Constant Speed,25,No,2005,HONDA,CIVIC,38.98457544,-77.09905893,2024,9,20
240045470,Property Damage Crash,09/30/2024 08:30:00 PM,EDGEMOOR LA,NA,Angle,Rain,Wet,Medium,Traffic Control Signal,NONE DETECTED,Yes,No Apparent Injury,NA,Not Distracted,MD,Passenger Car,Moving Constant Speed,25,No,2022,FORD,TRANSIT,38.98457544,-77.09905893,2024,9,20
240046743,Fatal Crash,09/30/2024 07:55:00 PM,HIGH POINT DR,Pedestrian,Single Vehicle,Rain,Wet,Dark,No Controls,NONE DETECTED,No,No Apparent Injury,NA,Not Distracted,MD,Passenger Car,Moving Constant Speed,40,No,1997,HONDA,PRELUDE,39.16886161,-77.23415877,2024,9,19
240046738,Injury Crash,09/30/2024 07:46:00 PM,GERMANTOWN RD,NA,Front to Rear,Rain,Wet,Medium,No Controls,NONE DETECTED,Yes,No Apparent Injury,"Followed Too Closely, Too Fast For Conditions",Not Distracted,AZ,Passenger Car,Slowing or Stopping,55,No,2015,FORD,ESCAPE,39.18450667,-77.25428,2024,9,19
240046738,Injury Crash,09/30/2024 07:46:00 PM,GERMANTOWN RD,NA,Front to Rear,Rain,Wet,Medium,No Controls,NONE DETECTED,No,Possible Minor Injury,NA,Not Distracted,MD,Passenger Car,Slowing or Stopping,55,No,2019,INFINITI,QX60,39.18450667,-77.25428,2024,9,19
240046728,Property Damage Crash,09/30/2024 07:05:00 PM,GERMANTOWN RD (SB/L),NA,Front to Rear,Rain,Wet,Medium,No Controls,NONE DETECTED,Yes,No Apparent Injury,NA,Not Distracted,MD,Passenger Car,Slowing or Stopping,40,No,2010,HONDA,UNKNOWN,39.18337152,-77.25701345,2024,9,19
240046728,Property Damage Crash,09/30/2024 07:05:00 PM,GERMANTOWN RD (SB/L),NA,Front to Rear,Rain,Wet,Medium,No Controls,NONE DETECTED,No,No Apparent Injury,NA,Not Distracted,MD,Passenger Car,Slowing or Stopping,40,No,2017,FORD,EXPLORER,39.18337152,-77.25701345,2024,9,19
240046732,Property Damage Crash,09/30/2024 07:05:00 PM,NA,NA,Rear To Side,Rain,Wet,Medium,Traffic Control Signal,NONE DETECTED,Yes,No Apparent Injury,"Failed to Yield Right-of-Way, Improper Turn",Unknown,MD,Pickup,Turning Left,30,No,2008,TOYOTA,TACOMA,39.28080129,-77.31494957,2024,9,19
240046732,Property Damage Crash,09/30/2024 07:05:00 PM,NA,NA,Rear To Side,Rain,Wet,Medium,Traffic Control Signal,NONE DETECTED,No,No Apparent Injury,NA,Not Distracted,MD,Passenger Car,Moving Constant Speed,30,No,2020,CHEVROLET,VOLT,39.28080129,-77.31494957,2024,9,19
240046732,Property Damage Crash,09/30/2024 07:05:00 PM,NA,NA,Rear To Side,Rain,Wet,Medium,Traffic Control Signal,NONE DETECTED,No,No Apparent Injury,NA,Not Distracted,MD,Passenger Car,Moving Constant Speed,30,No,2014,CHEVROLET,UNKNOWN,39.28080129,-77.31494957,2024,9,19
240046727,Injury Crash,09/30/2024 07:04:00 PM,NEW HAMPSHIRE AVE,NA,Front to Rear,Rain,Wet,Medium,No Controls,NONE DETECTED,No,No Apparent Injury,NA,Not Distracted,MD,Pickup,Moving Constant Speed,40,No,2008,FORD,F-250,39.04098567,-76.990996,2024,9,19
240046727,Injury Crash,09/30/2024 07:04:00 PM,NEW HAMPSHIRE AVE,NA,Front to Rear,Rain,Wet,Medium,No Controls,NONE DETECTED,Yes,Possible Minor Injury,NA,Not Distracted,FL,Passenger Car,Turning Left,40,No,2020,LINCOLN,MKZ,39.04098567,-76.990996,2024,9,19
240046720,Injury Crash,09/30/2024 06:26:00 PM,ASBURY DR,NA,Single Vehicle,Rain,Wet,Daylight,No Controls,NONE DETECTED,No,Possible Minor Injury,NA,Not Distracted,NA,Passenger Car,Accelerating,20,No,2008,NISSAN,ALTIMA,39.15121783,-77.1976805,2024,9,18
240046715,Injury Crash,09/30/2024 05:50:00 PM,GEORGIA AVE,NA,"Sideswipe, Same Direction",Rain,Wet,Daylight,Traffic Control Signal,NONE DETECTED,Yes,No Apparent Injury,"Failed to Keep in Proper Lane, Other Improper Action","Other Action (looking away from task, etc.)",NA,Passenger Car,Moving Constant Speed,45,No,2007,LEXUS,IS,39.09325368,-77.07940841,2024,9,17
240046715,Injury Crash,09/30/2024 05:50:00 PM,GEORGIA AVE,NA,"Sideswipe, Same Direction",Rain,Wet,Daylight,Traffic Control Signal,NONE DETECTED,No,No Apparent Injury,NA,Not Distracted,MD,Passenger Car,Moving Constant Speed,45,No,2015,VOLKSWAGEN,JETTA,39.09325368,-77.07940841,2024,9,17
240046730,Property Damage Crash,09/30/2024 05:45:00 PM,MUNCASTER RD,NA,Single Vehicle,Rain,Wet,Daylight,No Controls,NONE DETECTED,No,No Apparent Injury,"Over-Correcting/Over-Steering, Too Fast For Conditions",Not Distracted,MD,Pickup,Moving Constant Speed,30,No,2024,CHEVROLET,COLORADO,39.157708,-77.13007033,2024,9,17
240046699,Property Damage Crash,09/30/2024 05:00:00 PM,VEIRS MILL RD (WB/L),NA,Front to Rear,Rain,Wet,Daylight,No Controls,NONE DETECTED,No,No Apparent Injury,Too Fast For Conditions,Not Distracted,MD,Passenger Car,Moving Constant Speed,35,No,2005,ACURA,TL,39.08069501,-77.14202749,2024,9,17
240046699,Property Damage Crash,09/30/2024 05:00:00 PM,VEIRS MILL RD (WB/L),NA,Front to Rear,Rain,Wet,Daylight,No Controls,NONE DETECTED,No,No Apparent Injury,NA,Not Distracted,MD,Passenger Car,Slowing or Stopping,35,No,2023,TESLA,MODEL 3,39.08069501,-77.14202749,2024,9,17
240046699,Property Damage Crash,09/30/2024 05:00:00 PM,VEIRS MILL RD (WB/L),NA,Front to Rear,Rain,Wet,Daylight,No Controls,NONE DETECTED,No,No Apparent Injury,NA,Not Distracted,MD,Passenger Car,Slowing or Stopping,35,No,2021,SUBARU,CROSSTREK,39.08069501,-77.14202749,2024,9,17
240047627,Injury Crash,09/30/2024 03:53:00 PM,PINNACLE DR,NA,Angle,Rain,Wet,Daylight,Stop Sign,NONE DETECTED,Yes,No Apparent Injury,NA,Not Distracted,MD,Passenger Car,Entering Traffic Lane,25,No,2022,LINCOLN,NAVIGATOR,39.18165705,-77.26474857,2024,9,15
240047627,Injury Crash,09/30/2024 03:53:00 PM,PINNACLE DR,NA,Angle,Rain,Wet,Daylight,No Controls,NONE DETECTED,No,Suspected Serious Injury,NA,Not Distracted,MD,Passenger Car,Moving Constant Speed,25,No,2012,NISSAN,UNKNOWN,39.18165705,-77.26474857,2024,9,15
240046682,Injury Crash,09/30/2024 03:13:00 PM,SOUTHLAWN LA,NA,"Sideswipe, Opposite Direction",Cloudy,Wet,Daylight,Stop Sign,NONE DETECTED,Yes,No Apparent Injury,NA,Not Distracted,NY,Other Trucks,Turning Left,25,No,2024,DODGE,RAM,39.09324326,-77.1435633,2024,9,15
240046682,Injury Crash,09/30/2024 03:13:00 PM,SOUTHLAWN LA,NA,"Sideswipe, Opposite Direction",Cloudy,Wet,Daylight,Stop Sign,NONE DETECTED,No,No Apparent Injury,NA,Not Distracted,MD,Bus - Transit,Stopped in Traffic,25,No,2014,AMC,AMC,39.09324326,-77.1435633,2024,9,15
240046675,Injury Crash,09/30/2024 02:55:00 PM,ARCOLA AVE,NA,Other,Cloudy,Dry,Daylight,Traffic Control Signal,NONE DETECTED,Yes,Possible Minor Injury,NA,Not Distracted,MD,Passenger Car,Moving Constant Speed,25,No,2021,LEXUS,UX,39.04721935,-77.05204084,2024,9,14
240046675,Injury Crash,09/30/2024 02:55:00 PM,ARCOLA AVE,NA,Other,Cloudy,Dry,Daylight,Traffic Control Signal,NONE DETECTED,Yes,No Apparent Injury,NA,Unknown,MD,Passenger Car,Moving Constant Speed,35,No,2023,NISSAN,ARIYA,39.04721935,-77.05204084,2024,9,14
240046674,Injury Crash,09/30/2024 02:52:00 PM,QUINCE ORCHARD RD,NA,Front to Rear,Rain,Wet,Daylight,Traffic Control Signal,NONE DETECTED,No,No Apparent Injury,NA,Unknown,MD,Passenger Car,Slowing or Stopping,35,No,2010,TOYOTA,COROLLA,39.14252634,-77.22089102,2024,9,14
240046674,Injury Crash,09/30/2024 02:52:00 PM,QUINCE ORCHARD RD,NA,Front to Rear,Rain,Wet,Daylight,Traffic Control Signal,NONE DETECTED,Yes,No Apparent Injury,NA,Unknown,MD,Passenger Car,Moving Constant Speed,35,No,2022,CADILLAC,XT6,39.14252634,-77.22089102,2024,9,14
240046633,Injury Crash,09/30/2024 12:37:00 PM,RAMP 4 FR US 29 NB TO IS 495 EB,Cyclist (non-electric),Single Vehicle,Cloudy,Dry,Daylight,Traffic Control Signal,NONE DETECTED,No,No Apparent Injury,Failed to Yield Right-of-Way,Not Distracted,MD,Passenger Car,Turning Right,25,No,2009,TOYOTA,CAMRY,39.01432742,-77.01648216,2024,9,12
240046625,Property Damage Crash,09/30/2024 12:01:00 PM,PERRY PKWY,NA,Single Vehicle,Rain,Wet,Daylight,No Controls,NONE DETECTED,No,No Apparent Injury,Too Fast For Conditions,Not Distracted,MD,Passenger Car,Negotiating a Curve,30,No,2007,NISSAN,ALTIMA,39.14354733,-77.21119417,2024,9,12
24002066,Property Damage Crash,09/30/2024 12:00:00 PM,LAYHILL RD (SB/L),NA,Front to Rear,Rain,Wet,Daylight,No Controls,NONE DETECTED,Yes,No Apparent Injury,NA,Not Distracted,MD,Sport Utility Vehicle,Slowing or Stopping,15,No,2013,NISSAN,ROGUE,39.10031139,-77.04174253,2024,9,12
24002066,Property Damage Crash,09/30/2024 12:00:00 PM,LAYHILL RD (SB/L),NA,Front to Rear,Rain,Wet,Daylight,Lane Use Control Signal,NONE DETECTED,No,No Apparent Injury,NA,Not Distracted,MD,Van - Cargo,Entering Traffic Lane,15,No,2017,FORD,TRANSIT,39.10031139,-77.04174253,2024,9,12
240046622,Injury Crash,09/30/2024 11:53:00 AM,GEORGIA AVE,NA,Front to Rear,Rain,Wet,Daylight,No Controls,NONE DETECTED,Yes,No Apparent Injury,Followed Too Closely,Not Distracted,MD,Pickup,Slowing or Stopping,35,No,2020,FORD,UNKNOWN,39.05074815,-77.05150569,2024,9,11
240046622,Injury Crash,09/30/2024 11:53:00 AM,GEORGIA AVE,NA,Front to Rear,Rain,Wet,Daylight,No Controls,NONE DETECTED,No,NA,NA,NA,NA,NA,Slowing or Stopping,35,No,0,NA,NA,39.05074815,-77.05150569,2024,9,11
240046622,Injury Crash,09/30/2024 11:53:00 AM,GEORGIA AVE,NA,Front to Rear,Rain,Wet,Daylight,No Controls,NONE DETECTED,No,Possible Minor Injury,NA,Not Distracted,MD,Passenger Car,Slowing or Stopping,35,No,2005,TOYOTA,HIGHLANDER,39.05074815,-77.05150569,2024,9,11
240046619,Property Damage Crash,09/30/2024 11:47:00 AM,WISCONSIN AVE (SB/L),NA,Angle,Rain,Wet,Daylight,No Controls,NONE DETECTED,No,No Apparent Injury,Failed to Keep in Proper Lane,Unknown,PA,Single-Unit Truck,Changing Lanes,30,No,2019,INTERNATIONAL,MV607,38.98315,-77.09366,2024,9,11
240046619,Property Damage Crash,09/30/2024 11:47:00 AM,WISCONSIN AVE (SB/L),NA,Angle,Rain,Wet,Daylight,No Controls,NONE DETECTED,No,No Apparent Injury,NA,Not Distracted,MD,Passenger Car,Moving Constant Speed,30,No,2016,MAZDA,MX-5,38.98315,-77.09366,2024,9,11
240046604,Property Damage Crash,09/30/2024 09:59:00 AM,RAMP 6 FR MIDDLEBROOK RD EB TO IS 270 SB,NA,Single Vehicle,Rain,Wet,Daylight,No Controls,NONE DETECTED,Yes,No Apparent Injury,Too Fast For Conditions,Not Distracted,MD,Pickup,Accelerating,25,No,2008,CHEVROLET,3500,39.17421429,-77.24797707,2024,9,9
240046600,Property Damage Crash,09/30/2024 09:37:00 AM,RIDGE RD,NA,Front to Rear,Rain,Wet,Daylight,Traffic Control Signal,NONE DETECTED,Yes,No Apparent Injury,"Failed to Keep in Proper Lane, Followed Too Closely, Too Fast For Conditions",Not Distracted,MD,Passenger Car,Changing Lanes,40,No,2008,TOYOTA,COROLLA,39.20209397,-77.25316047,2024,9,9
240046600,Property Damage Crash,09/30/2024 09:37:00 AM,RIDGE RD,NA,Front to Rear,Rain,Wet,Daylight,Traffic Control Signal,NONE DETECTED,No,No Apparent Injury,NA,Not Distracted,MD,Sport Utility Vehicle,Changing Lanes,40,No,2018,TESLA,MODEL 3,39.20209397,-77.25316047,2024,9,9
240046599,Property Damage Crash,09/30/2024 09:22:00 AM,NA,NA,"Sideswipe, Same Direction",Rain,Wet,Daylight,No Controls,NONE DETECTED,No,No Apparent Injury,NA,Not Distracted,MD,Bus - Transit,Moving Constant Speed,30,No,2013,GILLIG,CITY TRANSIT BUS,38.98133253,-77.09843814,2024,9,9
240046598,Injury Crash,09/30/2024 09:20:00 AM,W MONTGOMERY AVE (WB/L),NA,Front to Front,Rain,Wet,Daylight,No Controls,NONE DETECTED,No,No Apparent Injury,NA,Not Distracted,DC,Passenger Car,Moving Constant Speed,40,No,2011,JEEP,PATRIOT,39.10245437,-77.18864449,2024,9,9
240046598,Injury Crash,09/30/2024 09:20:00 AM,W MONTGOMERY AVE (WB/L),NA,Front to Front,Rain,Wet,Daylight,No Controls,NONE DETECTED,Yes,Possible Minor Injury,Failed to Yield Right-of-Way,Not Distracted,MD,Passenger Car,Making U-Turn,40,No,2003,BUICK,REGAL,39.10245437,-77.18864449,2024,9,9
240046596,Property Damage Crash,09/30/2024 09:00:00 AM,TILDENWOOD DR,NA,Front to Rear,Rain,Wet,Daylight,Traffic Control Signal,NONE DETECTED,No,No Apparent Injury,NA,Not Distracted,VA,Passenger Car,Stopped in Traffic,35,No,2023,HONDA,ACCORD,39.05393982,-77.13816734,2024,9,9
240046596,Property Damage Crash,09/30/2024 09:00:00 AM,TILDENWOOD DR,NA,Front to Rear,Rain,Wet,Daylight,Traffic Control Signal,NONE DETECTED,No,No Apparent Injury,NA,Not Distracted,MD,Passenger Car,Stopped in Traffic,35,No,2011,VOLKSWAGEN,JETTA,39.05393982,-77.13816734,2024,9,9
240046596,Property Damage Crash,09/30/2024 09:00:00 AM,TILDENWOOD DR,NA,Front to Rear,Rain,Wet,Daylight,Traffic Control Signal,NONE DETECTED,Yes,No Apparent Injury,Too Fast For Conditions,Not Distracted,MD,Passenger Car,Slowing or Stopping,35,No,2022,HONDA,CIVIC,39.05393982,-77.13816734,2024,9,9
240046593,Injury Crash,09/30/2024 08:30:00 AM,NEWELL ST,NA,Front to Rear,Rain,Wet,Daylight,No Controls,NONE DETECTED,No,No Apparent Injury,NA,Not Distracted,MD,Passenger Car,Stopped in Traffic,25,No,2024,NISSAN,ALTIMA,38.98820725,-77.03149679,2024,9,8
240046593,Injury Crash,09/30/2024 08:30:00 AM,NEWELL ST,NA,Front to Rear,Rain,Wet,Daylight,No Controls,NONE DETECTED,No,No Apparent Injury,Other Improper Action,"Other Action (looking away from task, etc.)",NA,Sport Utility Vehicle,Moving Constant Speed,25,No,2008,MITSUBISHI,OUTLANDER,38.98820725,-77.03149679,2024,9,8
240046588,Property Damage Crash,09/30/2024 07:49:00 AM,BRIXTON LA,NA,Angle,Rain,Wet,Daylight,No Controls,NONE DETECTED,No,No Apparent Injury,NA,Not Distracted,MD,Passenger Car,Moving Constant Speed,35,No,2013,HONDA,CR-V,39.0158965,-77.13321565,2024,9,7
240046588,Property Damage Crash,09/30/2024 07:49:00 AM,BRIXTON LA,NA,Angle,Rain,Wet,Daylight,Stop Sign,NONE DETECTED,Yes,No Apparent Injury,Failed to Yield Right-of-Way,Not Distracted,MD,Sport Utility Vehicle,Turning Left,35,No,2000,JEEP,WRANGLER,39.0158965,-77.13321565,2024,9,7
240046586,Property Damage Crash,09/30/2024 07:38:00 AM,PINEY BRANCH RD,NA,Single Vehicle,Rain,Wet,Medium,"Other Pavement Marking (excluding edgelines, centerlines, or lane lines)",NONE DETECTED,No,No Apparent Injury,"Improper Turn, Over-Correcting/Over-Steering, Swerved or Avoided Due to Wind, Slippery Surface, Motor Vehicle, Object, Non-Motorist in Roadway, etc",Unknown,MD,Passenger Car,Entering Traffic Lane,25,No,2023,TOYOTA,CAMRY,39.00115643,-76.98828142,2024,9,7
240046583,Property Damage Crash,09/30/2024 06:32:00 AM,RANDOLPH RD,NA,Front to Front,Rain,Wet,Medium,Traffic Control Signal,NONE DETECTED,No,No Apparent Injury,NA,Not Distracted,MD,Sport Utility Vehicle,Moving Constant Speed,35,No,2017,HYUNDAI,SANTA FE SPORT,39.05911441,-77.06899604,2024,9,6
240046583,Property Damage Crash,09/30/2024 06:32:00 AM,RANDOLPH RD,NA,Front to Front,Rain,Wet,Medium,Traffic Control Signal,NONE DETECTED,No,No Apparent Injury,Improper Turn,Not Distracted,MD,Sport Utility Vehicle,Turning Left,35,No,2023,HONDA,CR-V,39.05911441,-77.06899604,2024,9,6
240046577,Property Damage Crash,09/30/2024 02:35:00 AM,NA,NA,Single Vehicle,Rain,Wet,Medium,Curve Ahead Warning Sign,NONE DETECTED,No,NA,Too Fast For Conditions,Unknown,NA,Passenger Car,NA,30,No,2013,HONDA,CIVIC,38.99552333,-77.03855167,2024,9,2
240046571,Property Damage Crash,09/30/2024 01:10:00 AM,FREDERICK RD,NA,Single Vehicle,Rain,Wet,Medium,Lane Use Control Signal,NONE DETECTED,No,No Apparent Injury,NA,Not Distracted,MA,Passenger Car,Moving Constant Speed,35,No,2018,MITSUBISHI,MIRAGE G4,39.11924018,-77.17183152,2024,9,1
240046570,Injury Crash,09/30/2024 12:59:00 AM,OLNEY SANDY SPRING RD,NA,Single Vehicle,Rain,Wet,Medium,No Controls,NONE DETECTED,No,Possible Minor Injury,Ran Off Roadway,Unknown,MD,Passenger Car,Moving Constant Speed,30,No,2006,MAZDA,MAZDA3,39.14649569,-77.03989262,2024,9,0
240046569,Property Damage Crash,09/30/2024 12:16:00 AM,RIVER RD,NA,Single Vehicle,Cloudy,Dry,Dark,No Controls,NONE DETECTED,No,No Apparent Injury,Other Improper Action,Not Distracted,MD,Other Trucks,Moving Constant Speed,35,No,2024,FORD,E-350,38.98507983,-77.14085383,2024,9,0
240046567,Property Damage Crash,09/29/2024 11:26:00 PM,WASHINGTON ST,NA,Single Vehicle,Rain,Wet,Medium,No Controls,NONE DETECTED,Yes,No Apparent Injury,NA,Unknown,NA,Passenger Car,Moving Constant Speed,25,No,2017,INFINITI,I30,39.02248746,-77.07605294,2024,9,23
240046568,Property Damage Crash,09/29/2024 11:20:00 PM,SILVER SPRING AVE,NA,"Sideswipe, Same Direction",Rain,Wet,Medium,No Controls,ALCOHOL PRESENT,Yes,No Apparent Injury,Operated Motor Vehicle in Reckless or Aggressive Manner,"Other Action (looking away from task, etc.)",MD,Passenger Car,Moving Constant Speed,25,No,2023,HONDA,ACCORD,38.99165304,-77.02456011,2024,9,23
240046568,Property Damage Crash,09/29/2024 11:20:00 PM,SILVER SPRING AVE,NA,"Sideswipe, Same Direction",Rain,Wet,Medium,No Controls,NONE DETECTED,No,No Apparent Injury,NA,Not Distracted,MD,Passenger Car,Parked,25,No,2024,TESLA,ROADSTER,38.99165304,-77.02456011,2024,9,23
240046564,Injury Crash,09/29/2024 11:06:00 PM,COLESVILLE RD,Pedestrian,Single Vehicle,Rain,Wet,Medium,Traffic Control Signal,NONE DETECTED,No,No Apparent Injury,NA,Not Distracted,MD,Passenger Car,Moving Constant Speed,35,No,2016,TOYOTA,RAV4,38.99925033,-77.02606583,2024,9,23
240046566,Property Damage Crash,09/29/2024 10:40:00 PM,CLARKSBURG RD,NA,Single Vehicle,Clear,Wet,Dark,No Controls,NONE DETECTED,No,No Apparent Injury,NA,Not Distracted,MD,Passenger Car,Moving Constant Speed,40,No,2019,DODGE,CHARGER,39.21251,-77.29925,2024,9,22
240046548,Property Damage Crash,09/29/2024 07:31:00 PM,VEIRS MILL RD (WB/L),NA,"Sideswipe, Same Direction",Clear,Dry,Medium,Traffic Control Signal,NONE DETECTED,Yes,No Apparent Injury,Failed to Keep in Proper Lane,Unknown,MD,Passenger Car,Moving Constant Speed,40,No,2022,HONDA,ACCORD,39.05175166,-77.06946822,2024,9,19
240046548,Property Damage Crash,09/29/2024 07:31:00 PM,VEIRS MILL RD (WB/L),NA,"Sideswipe, Same Direction",Clear,Dry,Medium,Traffic Control Signal,NONE DETECTED,No,No Apparent Injury,NA,Not Distracted,DC,Passenger Car,Moving Constant Speed,40,No,2023,HYUNDAI,KONA,39.05175166,-77.06946822,2024,9,19