Local Case Number,ACRS Report Type,Crash Date/Time,Road Name,Related Non-Motorist,Collision Type,Weather,Surface Condition,Light,Traffic Control,Driver Substance Abuse,Driver At Fault,Injury Severity,Circumstance,Driver Distracted By,Drivers License State,Vehicle Body Type,Vehicle Movement,Speed Limit,Driverless Vehicle,Vehicle Year,Vehicle Make,Vehicle Model,Latitude,Longitude,Year,Month,Hour
240046533,Property Damage Crash,09/29/2024 05:19:00 PM,GIRARD ST,Pedestrian,Single Vehicle,Clear,Dry,Daylight,No Controls,NONE DETECTED,No,No Apparent Injury,NA,Not Distracted,MD,Passenger Car,Slowing or Stopping,25,No,2020,TOYOTA,CAMRY,39.1495921,-77.18822317,2024,9,17
240046522,Property Damage Crash,09/29/2024 03:37:00 PM,W MONTGOMERY AVE (WB/L),NA,Single Vehicle,Cloudy,Dry,Daylight,No Controls,NONE DETECTED,No,No Apparent Injury,NA,Not Distracted,MD,Passenger Car,Moving Constant Speed,45,No,2021,TOYOTA,RAV4,39.09242692,-77.18190447,2024,9,15
240046523,Property Damage Crash,09/29/2024 03:37:00 PM,NA,NA,Single Vehicle,Cloudy,NA,Daylight,NA,NONE DETECTED,No,No Apparent Injury,"Operated Motor Vehicle in Inattentive, Careless, Negligent, or Erratic Manner, Other Improper Action",Not Distracted,MD,Sport Utility Vehicle,Accelerating,0,No,2015,LEXUS,RX,39.10299313,-77.26540716,2024,9,15
240046252,Property Damage Crash,09/29/2024 03:25:00 PM,CENTERHILL ST,NA,Rear To Side,Cloudy,Dry,Daylight,Stop Sign,NONE DETECTED,Yes,No Apparent Injury,"Failed to Keep in Proper Lane, Failed to Yield Right-of-Way",Unknown,MD,Passenger Car,Entering Traffic Lane,35,No,2016,HONDA,CR-V,39.0503545,-77.07250324,2024,9,15
240046252,Property Damage Crash,09/29/2024 03:25:00 PM,CENTERHILL ST,NA,Rear To Side,Cloudy,Dry,Daylight,No Controls,NONE DETECTED,Yes,No Apparent Injury,NA,Not Distracted,NA,Passenger Car,Moving Constant Speed,35,No,2023,FORD,EXPLORER,39.0503545,-77.07250324,2024,9,15
240046518,Property Damage Crash,09/29/2024 03:00:00 PM,VEIRS MILL RD,NA,Front to Rear,Cloudy,Dry,Daylight,No Controls,NONE DETECTED,No,No Apparent Injury,NA,Not Distracted,FL,Passenger Car,Stopped in Traffic,35,No,2018,BMW,330I,39.07947892,-77.13597811,2024,9,15
240046518,Property Damage Crash,09/29/2024 03:00:00 PM,VEIRS MILL RD,NA,Front to Rear,Cloudy,Dry,Daylight,No Controls,NONE DETECTED,No,No Apparent Injury,NA,Not Distracted,MD,Sport Utility Vehicle,Stopped in Traffic,35,No,2015,ACURA,MDX,39.07947892,-77.13597811,2024,9,15
240046518,Property Damage Crash,09/29/2024 03:00:00 PM,VEIRS MILL RD,NA,Front to Rear,Cloudy,Dry,Daylight,No Controls,NONE DETECTED,Yes,No Apparent Injury,NA,Not Distracted,MD,Passenger Car,Moving Constant Speed,35,No,2015,KIA,OPTIMA,39.07947892,-77.13597811,2024,9,15
240046503,Property Damage Crash,09/29/2024 01:12:00 PM,WYNNFIELD DR,NA,Angle,Cloudy,Dry,Daylight,Traffic Control Signal,NONE DETECTED,No,No Apparent Injury,NA,Not Distracted,MD,Passenger Car,Moving Constant Speed,35,No,2016,VOLKSWAGEN,PASSAT,39.1862438,-77.27382672,2024,9,13
240046503,Property Damage Crash,09/29/2024 01:12:00 PM,WYNNFIELD DR,NA,Angle,Cloudy,Dry,Daylight,Traffic Control Signal,NONE DETECTED,Yes,No Apparent Injury,Ran Red Light,Unknown,MD,Sport Utility Vehicle,Moving Constant Speed,35,No,2020,HYUNDAI,TUCSON,39.1862438,-77.27382672,2024,9,13
240046478,Injury Crash,09/29/2024 09:33:00 AM,E JEFFERSON ST,NA,Angle,Cloudy,Dry,Daylight,Traffic Control Signal,NONE DETECTED,Yes,No Apparent Injury,NA,"Other Action (looking away from task, etc.)",MD,Passenger Car,Moving Constant Speed,25,No,2019,MAZDA,MAZDA3,39.0827269,-77.1510812,2024,9,9
240046478,Injury Crash,09/29/2024 09:33:00 AM,E JEFFERSON ST,NA,Angle,Cloudy,Dry,Daylight,Traffic Control Signal,NONE DETECTED,No,Possible Minor Injury,NA,Not Distracted,MD,Passenger Car,Moving Constant Speed,30,No,2013,HONDA,CIVIC,39.0827269,-77.1510812,2024,9,9
240046480,Property Damage Crash,09/29/2024 09:30:00 AM,CENTERWAY RD,NA,"Sideswipe, Same Direction",Cloudy,Wet,Daylight,Stop Sign,NONE DETECTED,No,NA,NA,NA,NA,Sport Utility Vehicle,Moving Constant Speed,10,No,0,NA,NA,39.17236064,-77.20561915,2024,9,9
240046480,Property Damage Crash,09/29/2024 09:30:00 AM,CENTERWAY RD,NA,"Sideswipe, Same Direction",Cloudy,Wet,Daylight,Stop Sign,NONE DETECTED,No,No Apparent Injury,NA,Not Distracted,MD,Passenger Car,Parked,10,No,2016,TOYOTA,CAMRY,39.17236064,-77.20561915,2024,9,9
240046475,Property Damage Crash,09/29/2024 08:54:00 AM,E JEFFERSON ST,NA,Angle,Cloudy,Wet,Daylight,Traffic Control Signal,NONE DETECTED,No,No Apparent Injury,NA,Not Distracted,MD,Passenger Car,Turning Left,40,No,2019,TOYOTA,RAV4,39.05090965,-77.12568076,2024,9,8
240046475,Property Damage Crash,09/29/2024 08:54:00 AM,E JEFFERSON ST,NA,Angle,Cloudy,Wet,Daylight,Traffic Control Signal,NONE DETECTED,Yes,No Apparent Injury,NA,Not Distracted,MD,Passenger Car,Turning Left,40,No,2024,FORD,GT,39.05090965,-77.12568076,2024,9,8
240046473,Injury Crash,09/29/2024 08:50:00 AM,OWENS RD,NA,Other,Cloudy,Dry,Daylight,No Controls,NONE DETECTED,No,Possible Minor Injury,NA,Not Distracted,MD,Passenger Car,Moving Constant Speed,30,No,2005,HONDA,CIVIC,39.1648378,-77.06070937,2024,9,8
240046473,Injury Crash,09/29/2024 08:50:00 AM,OWENS RD,NA,Other,Cloudy,Dry,Daylight,Stop Sign,NONE DETECTED,Yes,Possible Minor Injury,NA,Not Distracted,MD,Passenger Car,Turning Left,30,No,2010,HONDA,CIVIC,39.1648378,-77.06070937,2024,9,8
240046474,Property Damage Crash,09/29/2024 08:47:00 AM,AVERY RD,NA,Single Vehicle,Rain,Wet,Daylight,No Controls,NONE DETECTED,No,No Apparent Injury,NA,Not Distracted,MD,Passenger Car,Moving Constant Speed,30,No,2008,TOYOTA,RAV4,39.113265,-77.12160333,2024,9,8
240046457,Injury Crash,09/29/2024 03:50:00 AM,NEW HAMPSHIRE AVE,NA,Angle,Rain,Wet,Medium,Flashing Traffic Control Signal,NONE DETECTED,No,Suspected Serious Injury,Failed to Yield Right-of-Way,Not Distracted,MD,Sport Utility Vehicle,Turning Left,40,No,2020,LEXUS,NX,39.06162267,-76.99838865,2024,9,3
240046457,Injury Crash,09/29/2024 03:50:00 AM,NEW HAMPSHIRE AVE,NA,Angle,Rain,Wet,Medium,Flashing Traffic Control Signal,NONE DETECTED,Yes,No Apparent Injury,"Disregarded Other Traffic Sign, Operated Motor Vehicle in Reckless or Aggressive Manner",Unknown,NA,Passenger Car,Accelerating,40,No,2011,BMW,535I,39.06162267,-76.99838865,2024,9,3
240046453,Property Damage Crash,09/29/2024 03:33:00 AM,FIRST ST,NA,Single Vehicle,Clear,Wet,Medium,Traffic Control Signal,ALCOHOL PRESENT,Yes,No Apparent Injury,NA,Unknown,MD,Sport Utility Vehicle,Moving Constant Speed,35,No,2006,TOYOTA,4-RUNNER,39.07972596,-77.13777491,2024,9,3
240046454,Injury Crash,09/29/2024 03:21:00 AM,WARFIELD RD,NA,Single Vehicle,Rain,Wet,Medium,No Controls,NONE DETECTED,Yes,No Apparent Injury,NA,Unknown,NA,Passenger Car,Moving Constant Speed,30,No,2004,HONDA,ACCORD,39.203805,-77.14044667,2024,9,3
240046449,Property Damage Crash,09/29/2024 03:15:00 AM,GERMANTOWN RD,NA,Single Vehicle,Clear,Wet,Medium,No Controls,NONE DETECTED,Yes,No Apparent Injury,"Swerved or Avoided Due to Wind, Slippery Surface, Motor Vehicle, Object, Non-Motorist in Roadway, etc, Too Fast For Conditions",Not Distracted,MD,Passenger Car,Moving Constant Speed,40,No,2021,ACURA,TLX,39.16322,-77.28269167,2024,9,3
240046448,Property Damage Crash,09/29/2024 02:57:00 AM,NA,NA,Single Vehicle,Rain,Wet,Medium,Traffic Control Signal,ALCOHOL PRESENT,Yes,No Apparent Injury,NA,Not Distracted,MD,Passenger Car,Moving Constant Speed,45,No,2004,ACURA,TL,39.18847456,-77.251568700000007,2024,9,2
240046440,Property Damage Crash,09/29/2024 12:11:00 AM,CRABBS BRANCH WAY,NA,Single Vehicle,Rain,Wet,Medium,No Controls,ALCOHOL PRESENT,Yes,No Apparent Injury,Too Fast For Conditions,"Other Action (looking away from task, etc.)",MD,Passenger Car,Moving Constant Speed,35,No,2005,TOYOTA,COROLLA,39.13307015,-77.17160882,2024,9,0
240046435,Injury Crash,09/28/2024 11:52:00 PM,WARING STATION RD,NA,Angle,Rain,Wet,Medium,Traffic Control Signal,NONE DETECTED,Yes,No Apparent Injury,Failed to Yield Right-of-Way,Not Distracted,MD,Passenger Car,Turning Left,40,No,2018,CHEVROLET,EQUINOX,39.17507653,-77.25368416,2024,9,23
240046435,Injury Crash,09/28/2024 11:52:00 PM,WARING STATION RD,NA,Angle,Rain,Wet,Medium,Traffic Control Signal,NONE DETECTED,No,No Apparent Injury,NA,Not Distracted,MD,Passenger Car,Moving Constant Speed,40,No,2018,NISSAN,PATHFINDER,39.17507653,-77.25368416,2024,9,23
240046427,Injury Crash,09/28/2024 10:20:00 PM,NA,NA,Angle,Rain,Wet,Dark,No Controls,NONE DETECTED,No,Possible Minor Injury,NA,Not Distracted,MD,Sport Utility Vehicle,Moving Constant Speed,50,No,2017,MAZDA,CX-5,39.07066833,-77.30920833,2024,9,22
240046427,Injury Crash,09/28/2024 10:20:00 PM,NA,NA,Angle,Rain,Wet,Dark,Stop Sign,NONE DETECTED,No,Possible Minor Injury,Failed to Yield Right-of-Way,Unknown,MD,Sport Utility Vehicle,Turning Left,25,No,2011,HONDA,CR-V,39.07066833,-77.30920833,2024,9,22
240046425,Property Damage Crash,09/28/2024 09:43:00 PM,BOU AVE,NA,Rear To Side,Clear,Dry,Medium,Traffic Control Signal,NONE DETECTED,Yes,No Apparent Injury,Failed to Yield Right-of-Way,Unknown,NA,Pickup,Turning Left,40,No,2008,TOYOTA,TACOMA,39.05618597,-77.11905151,2024,9,21
240046425,Property Damage Crash,09/28/2024 09:43:00 PM,BOU AVE,NA,Rear To Side,Clear,Dry,Medium,Traffic Control Signal,NONE DETECTED,No,No Apparent Injury,NA,Not Distracted,MD,Sport Utility Vehicle,Moving Constant Speed,40,No,2019,KIA,SORENTO,39.05618597,-77.11905151,2024,9,21
240046420,Property Damage Crash,09/28/2024 09:37:00 PM,MONTCLAIR DR,NA,"Sideswipe, Same Direction",Rain,Wet,Medium,No Controls,ALCOHOL PRESENT,Yes,No Apparent Injury,"Operated Motor Vehicle in Inattentive, Careless, Negligent, or Erratic Manner",Unknown,MD,Passenger Car,Accelerating,20,No,2021,NISSAN,VERSA,39.06310375,-76.98874246,2024,9,21
240046418,Property Damage Crash,09/28/2024 09:04:00 PM,NA,NA,Rear To Side,Clear,Dry,Medium,Traffic Control Signal,NONE DETECTED,No,No Apparent Injury,NA,Not Distracted,MD,Passenger Car,Moving Constant Speed,35,No,2024,NISSAN,SENTRA,39.15261115,-77.19238372,2024,9,21
240046418,Property Damage Crash,09/28/2024 09:04:00 PM,NA,NA,Rear To Side,Clear,Dry,Medium,Traffic Control Signal,NONE DETECTED,No,No Apparent Injury,Failed to Yield Right-of-Way,Unknown,NA,Passenger Car,Turning Left,35,No,0,NA,NA,39.15261115,-77.19238372,2024,9,21
240046414,Injury Crash,09/28/2024 08:31:00 PM,COLUMBIA PIKE (SB/L),NA,Front to Rear,Clear,Dry,Medium,Traffic Control Signal,NONE DETECTED,No,Possible Minor Injury,NA,Unknown,MD,Passenger Car,Stopped in Traffic,50,No,2018,TOYOTA,C-HR,39.07530533,-76.9547125,2024,9,20
240046414,Injury Crash,09/28/2024 08:31:00 PM,COLUMBIA PIKE (SB/L),NA,Front to Rear,Clear,Dry,Medium,Traffic Control Signal,NONE DETECTED,No,No Apparent Injury,NA,Unknown,MD,Passenger Car,Stopped in Traffic,50,No,2015,TOYOTA,RAV4,39.07530533,-76.9547125,2024,9,20
240046414,Injury Crash,09/28/2024 08:31:00 PM,COLUMBIA PIKE (SB/L),NA,Front to Rear,Clear,Dry,Medium,Traffic Control Signal,NONE DETECTED,Yes,Possible Minor Injury,Followed Too Closely,Unknown,MD,Passenger Car,Moving Constant Speed,50,No,2020,TOYOTA,RAV4,39.07530533,-76.9547125,2024,9,20
240046409,Property Damage Crash,09/28/2024 08:06:00 PM,MONTGOMERY AVE,NA,"Sideswipe, Same Direction",Clear,Dry,Medium,No Controls,NONE DETECTED,No,No Apparent Injury,NA,Not Distracted,US,Sport Utility Vehicle,Moving Constant Speed,35,No,2021,TOYOTA,RAV4,38.98382314,-77.09310563,2024,9,20
240046409,Property Damage Crash,09/28/2024 08:06:00 PM,MONTGOMERY AVE,NA,"Sideswipe, Same Direction",Clear,Dry,Medium,No Controls,NONE DETECTED,Yes,No Apparent Injury,NA,Not Distracted,MD,Passenger Car,Changing Lanes,35,No,2006,TOYOTA,COROLLA MATRIX,38.98382314,-77.09310563,2024,9,20
240046412,Injury Crash,09/28/2024 08:00:00 PM,NA,NA,Angle,Clear,Dry,Medium,Traffic Control Signal,NONE DETECTED,Yes,No Apparent Injury,Failed to Yield Right-of-Way,Unknown,MD,Passenger Car,Turning Right,35,No,2023,CHEVROLET,BOLT EV,39.0712893,-77.09887532,2024,9,20
240046412,Injury Crash,09/28/2024 08:00:00 PM,NA,NA,Angle,Clear,Dry,Medium,Traffic Control Signal,NONE DETECTED,No,No Apparent Injury,NA,Not Distracted,MD,Passenger Car,Moving Constant Speed,35,No,2024,CHEVROLET,TRAX,39.0712893,-77.09887532,2024,9,20
240046403,Property Damage Crash,09/28/2024 07:50:00 PM,MONTGOMERY VILLAGE AVE,NA,Front to Rear,Clear,Dry,Medium,Traffic Control Signal,NONE DETECTED,No,No Apparent Injury,NA,Not Distracted,MD,Passenger Car,Slowing or Stopping,35,No,2005,VOLVO,XC70,39.15658969,-77.20572242,2024,9,19
240046403,Property Damage Crash,09/28/2024 07:50:00 PM,MONTGOMERY VILLAGE AVE,NA,Front to Rear,Clear,Dry,Medium,Traffic Control Signal,NONE DETECTED,Yes,No Apparent Injury,Followed Too Closely,Unknown,MD,Passenger Car,Moving Constant Speed,35,No,2021,DODGE,CHARGER,39.15658969,-77.20572242,2024,9,19
240046405,Property Damage Crash,09/28/2024 07:43:00 PM,GINGERBREAD LA,NA,Single Vehicle,Clear,Dry,Medium,No Controls,NONE DETECTED,Yes,No Apparent Injury,"Failed to Keep in Proper Lane, Over-Correcting/Over-Steering",Not Distracted,MD,Passenger Car,Turning Right,35,No,2016,TOYOTA,COROLLA,39.15898765,-77.18314221,2024,9,19
240046411,Property Damage Crash,09/28/2024 07:40:00 PM,NA,NA,Front to Front,Clear,NA,Medium,NA,NONE DETECTED,No,NA,NA,NA,NA,Pickup,NA,0,No,2019,FORD,F-150,39.14722433,-77.20636417,2024,9,19
240046401,Property Damage Crash,09/28/2024 07:23:00 PM,NEW HAMPSHIRE AVE,NA,Front to Rear,Clear,Dry,Dark,Traffic Control Signal,NONE DETECTED,Yes,No Apparent Injury,NA,Not Distracted,MD,Passenger Car,Moving Constant Speed,40,No,2017,HONDA,CIVIC,39.0152869,-76.97787433,2024,9,19
240046401,Property Damage Crash,09/28/2024 07:23:00 PM,NEW HAMPSHIRE AVE,NA,Front to Rear,Clear,Dry,Dark,Traffic Control Signal,NONE DETECTED,No,No Apparent Injury,NA,Not Distracted,MD,Sport Utility Vehicle,Moving Constant Speed,40,No,2014,JEEP,GRAND CHEROKEE,39.0152869,-76.97787433,2024,9,19
240046395,Property Damage Crash,09/28/2024 07:08:00 PM,GREENCASTLE RD (NB/L),NA,Angle,Clear,Dry,Dark,Traffic Control Signal,NONE DETECTED,No,No Apparent Injury,NA,Not Distracted,MD,Passenger Car,Turning Left,55,No,2017,NISSAN,SENTRA,39.09555752,-76.9378624,2024,9,19
240046395,Property Damage Crash,09/28/2024 07:08:00 PM,GREENCASTLE RD (NB/L),NA,Angle,Clear,Dry,Dark,Traffic Control Signal,NONE DETECTED,No,No Apparent Injury,NA,Not Distracted,MD,Sport Utility Vehicle,Accelerating,55,No,2018,NISSAN,ROGUE,39.09555752,-76.9378624,2024,9,19
240046370,Injury Crash,09/28/2024 04:46:00 PM,GEORGIA AVE (SB/L),NA,Front to Rear,Clear,Dry,Daylight,Traffic Control Signal,NONE DETECTED,No,Possible Minor Injury,NA,Not Distracted,MD,Passenger Car,Slowing or Stopping,45,No,2011,FORD,FUSION,39.09316907,-77.07972494,2024,9,16
240046370,Injury Crash,09/28/2024 04:46:00 PM,GEORGIA AVE (SB/L),NA,Front to Rear,Clear,Dry,Daylight,Traffic Control Signal,NONE DETECTED,No,No Apparent Injury,NA,Not Distracted,MD,Passenger Car,Slowing or Stopping,45,No,2012,ACURA,TL,39.09316907,-77.07972494,2024,9,16
240046369,Injury Crash,09/28/2024 04:40:00 PM,GEORGIA AVE (SB/L),Pedestrian,Single Vehicle,Clear,Dry,Daylight,Traffic Control Signal,NONE DETECTED,No,No Apparent Injury,NA,Not Distracted,MD,Passenger Car,Moving Constant Speed,35,No,2015,CHEVROLET,MALIBU,38.99593199,-77.02818202,2024,9,16
240046364,Injury Crash,09/28/2024 03:58:00 PM,FAIRLAND RD,NA,Angle,Clear,Dry,Daylight,No Controls,NONE DETECTED,No,Possible Minor Injury,NA,Not Distracted,MD,Station Wagon,Moving Constant Speed,40,No,2009,TOYOTA,COROLLA MATRIX,39.07715504,-76.99116211,2024,9,15
240046364,Injury Crash,09/28/2024 03:58:00 PM,FAIRLAND RD,NA,Angle,Clear,Dry,Daylight,Stop Sign,NONE DETECTED,No,Possible Minor Injury,NA,"Other Action (looking away from task, etc.)",MD,Passenger Car,Turning Left,25,No,2008,HONDA,ACCORD,39.07715504,-76.99116211,2024,9,15
240046360,Property Damage Crash,09/28/2024 03:35:00 PM,OLD GEORGETOWN RD,NA,"Sideswipe, Same Direction",Clear,Dry,Daylight,Traffic Control Signal,NONE DETECTED,No,No Apparent Injury,NA,Not Distracted,MD,Passenger Car,Moving Constant Speed,30,No,2020,HONDA,CIVIC,39.04950847,-77.11427432,2024,9,15
240046360,Property Damage Crash,09/28/2024 03:35:00 PM,OLD GEORGETOWN RD,NA,"Sideswipe, Same Direction",Clear,Dry,Daylight,Traffic Control Signal,NONE DETECTED,No,No Apparent Injury,NA,Unknown,NA,Sport Utility Vehicle,Moving Constant Speed,30,No,2023,MERCEDES-BENZ,GLC-CLASS,39.04950847,-77.11427432,2024,9,15
240046358,Property Damage Crash,09/28/2024 03:30:00 PM,BROOKS AVE,NA,"Sideswipe, Same Direction",Clear,Dry,Daylight,No Controls,NONE DETECTED,No,No Apparent Injury,NA,Not Distracted,MD,Passenger Car,Moving Constant Speed,30,No,2014,HONDA,ODYSSEY,39.142843,-77.20009333,2024,9,15
240046358,Property Damage Crash,09/28/2024 03:30:00 PM,BROOKS AVE,NA,"Sideswipe, Same Direction",Clear,Dry,Daylight,No Controls,NONE DETECTED,No,No Apparent Injury,NA,Not Distracted,PA,Single-Unit Truck,Changing Lanes,30,No,2017,HINO,CONVENTIONAL TYPE TRUCK,39.142843,-77.20009333,2024,9,15
240046359,Property Damage Crash,09/28/2024 03:25:00 PM,16TH ST,NA,Single Vehicle,Clear,Dry,Daylight,No Controls,NONE DETECTED,Yes,No Apparent Injury,NA,"Other Action (looking away from task, etc.)",NA,Passenger Car,Moving Constant Speed,35,No,2017,AUDI,Q5,38.99762017,-77.03760317,2024,9,15
240046352,Injury Crash,09/28/2024 02:30:00 PM,PARAMOUNT PARK DR (NB/L),Pedestrian,Single Vehicle,Clear,Dry,Daylight,Stop Sign,NONE DETECTED,No,No Apparent Injury,Failed to Yield Right-of-Way,Not Distracted,MD,Recreational Off-Highway Vehicles (ROV),Turning Left,25,No,2017,MERCEDES-BENZ,GLE-CLASS,39.15972691,-77.22149262,2024,9,14
240046381,Property Damage Crash,09/28/2024 02:30:00 PM,NA,NA,"Sideswipe, Same Direction",Clear,NA,Daylight,NA,NONE DETECTED,No,NA,NA,NA,NA,Sport Utility Vehicle,Turning Left,0,No,2020,ACURA,RDX,39.15303391,-77.06381032,2024,9,14
240046334,Injury Crash,09/28/2024 11:39:00 AM,NEW HAMPSHIRE AVE,NA,Front to Rear,Clear,Dry,Daylight,No Controls,NONE DETECTED,No,No Apparent Injury,NA,Not Distracted,MD,Passenger Car,Moving Constant Speed,40,No,2008,HONDA,CIVIC,39.06424962,-76.99946625,2024,9,11
240046334,Injury Crash,09/28/2024 11:39:00 AM,NEW HAMPSHIRE AVE,NA,Front to Rear,Clear,Dry,Daylight,No Controls,NONE DETECTED,Yes,Possible Minor Injury,NA,Not Distracted,MD,Passenger Car,Entering Traffic Lane,40,No,2015,BUICK,VERANO,39.06424962,-76.99946625,2024,9,11
240046331,Property Damage Crash,09/28/2024 11:10:00 AM,NA,NA,Angle,Cloudy,Dry,Daylight,Traffic Control Signal,NONE DETECTED,No,No Apparent Injury,Ran Red Light,Unknown,MD,Sport Utility Vehicle,Turning Left,30,No,2023,HONDA,PILOT,39.1507105,-77.0620125,2024,9,11
240046331,Property Damage Crash,09/28/2024 11:10:00 AM,NA,NA,Angle,Cloudy,Dry,Daylight,Lane Use Control Signal,NONE DETECTED,No,No Apparent Injury,NA,Not Distracted,MD,Passenger Car,Moving Constant Speed,30,No,2011,BMW,328CI,39.1507105,-77.0620125,2024,9,11
240046331,Property Damage Crash,09/28/2024 11:10:00 AM,NA,NA,Angle,Cloudy,Dry,Daylight,Lane Use Control Signal,NONE DETECTED,No,No Apparent Injury,NA,Not Distracted,MD,Passenger Car,Stopped in Traffic,30,No,2019,KIA,FORTE,39.1507105,-77.0620125,2024,9,11
240046328,Property Damage Crash,09/28/2024 10:53:00 AM,NA,NA,Rear To Rear,Clear,NA,Daylight,NA,NONE DETECTED,No,NA,NA,NA,NA,Sport Utility Vehicle,Backing,0,No,2018,NISSAN,ROGUE,38.98142932,-77.09663201,2024,9,10
240046321,Injury Crash,09/28/2024 09:48:00 AM,NA,NA,Front to Front,Cloudy,Dry,Daylight,No Controls,NONE DETECTED,Yes,Possible Minor Injury,"Failed to Keep in Proper Lane, Wrong Way",Not Distracted,MD,Passenger Car,Moving Constant Speed,30,No,2019,NISSAN,SENTRA,39.21614283,-77.05209683,2024,9,9
240046321,Injury Crash,09/28/2024 09:48:00 AM,NA,NA,Front to Front,Cloudy,Dry,Daylight,No Controls,NONE DETECTED,No,Possible Minor Injury,NA,Not Distracted,MD,Passenger Car,Moving Constant Speed,30,No,2013,NISSAN,SENTRA,39.21614283,-77.05209683,2024,9,9
240046317,Injury Crash,09/28/2024 09:15:00 AM,CONNECTICUT AVE (SB/L),NA,Front to Rear,Cloudy,Wet,Daylight,Traffic Control Signal,NONE DETECTED,Yes,No Apparent Injury,Failed to Yield Right-of-Way,Not Distracted,MD,Passenger Car,Changing Lanes,35,No,2024,ACURA,INTEGRA,38.99996107,-77.07700461,2024,9,9
240046317,Injury Crash,09/28/2024 09:15:00 AM,CONNECTICUT AVE (SB/L),NA,Front to Rear,Cloudy,Wet,Daylight,Traffic Control Signal,NONE DETECTED,No,Possible Minor Injury,NA,Not Distracted,MD,Passenger Car,Moving Constant Speed,35,No,2021,TOYOTA,CAMRY,38.99996107,-77.07700461,2024,9,9
240046313,Property Damage Crash,09/28/2024 08:05:00 AM,ELM AVE,NA,Single Vehicle,Rain,Wet,Daylight,No Controls,NONE DETECTED,No,No Apparent Injury,NA,NA,NA,Passenger Car,Moving Constant Speed,35,No,2021,KIA,SOUL,38.97297868,-77.00911358,2024,9,8
240046309,Injury Crash,09/28/2024 07:55:00 AM,GOSHEN RD,NA,"Sideswipe, Same Direction",Rain,Wet,Daylight,No Controls,NONE DETECTED,No,No Apparent Injury,NA,Not Distracted,MD,Passenger Car,Stopped in Traffic,35,No,2012,TOYOTA,COROLLA,39.15868583,-77.19219367,2024,9,7
240046309,Injury Crash,09/28/2024 07:55:00 AM,GOSHEN RD,NA,"Sideswipe, Same Direction",Rain,Wet,Daylight,No Controls,NONE DETECTED,Yes,Possible Minor Injury,Too Fast For Conditions,Unknown,MD,Moped Or motorized bicycle,Slowing or Stopping,35,No,2024,UNKNOWN,UNKNOWN,39.15868583,-77.19219367,2024,9,7
240046306,Property Damage Crash,09/28/2024 07:27:00 AM,16TH ST,NA,"Sideswipe, Same Direction",Rain,Wet,Daylight,No Controls,NONE DETECTED,No,No Apparent Injury,NA,Not Distracted,MD,Passenger Car,Changing Lanes,35,No,2020,JEEP,COMPASS,39.005033,-77.04004633,2024,9,7
240046306,Property Damage Crash,09/28/2024 07:27:00 AM,16TH ST,NA,"Sideswipe, Same Direction",Rain,Wet,Daylight,No Controls,NONE DETECTED,No,No Apparent Injury,NA,Not Distracted,DC,Passenger Car,Moving Constant Speed,35,No,2019,KIA,FORTE,39.005033,-77.04004633,2024,9,7
240046297,Property Damage Crash,09/28/2024 04:00:00 AM,NA,NA,"Sideswipe, Opposite Direction",Rain,Wet,Medium,No Controls,NONE DETECTED,Yes,No Apparent Injury,NA,Not Distracted,MD,Passenger Car,Moving Constant Speed,25,No,2013,HYUNDAI,SONATA,39.02660755,-77.15151488,2024,9,4
240046288,Property Damage Crash,09/28/2024 12:59:00 AM,E RANDOLPH RD (WB/L),NA,Rear To Side,Rain,Wet,Medium,Flashing Traffic Control Signal,NONE DETECTED,No,No Apparent Injury,NA,Not Distracted,MD,Passenger Car,Moving Constant Speed,40,No,2020,RAM,1500,39.063535,-76.96595833,2024,9,0