Local Case Number,ACRS Report Type,Crash Date/Time,Road Name,Related Non-Motorist,Collision Type,Weather,Surface Condition,Light,Traffic Control,Driver Substance Abuse,Driver At Fault,Injury Severity,Circumstance,Driver Distracted By,Drivers License State,Vehicle Body Type,Vehicle Movement,Speed Limit,Driverless Vehicle,Vehicle Year,Vehicle Make,Vehicle Model,Latitude,Longitude,Year,Month,Hour
240046288,Property Damage Crash,09/28/2024 12:59:00 AM,E RANDOLPH RD (WB/L),NA,Rear To Side,Rain,Wet,Medium,Flashing Traffic Control Signal,NONE DETECTED,No,No Apparent Injury,NA,Not Distracted,MD,Passenger Car,Entering Traffic Lane,35,No,2015,NISSAN,ALTIMA,39.063535,-76.96595833,2024,9,0
240046347,Property Damage Crash,09/27/2024 10:30:00 PM,WASHINGTONIAN BLVD (SB/L),NA,Angle,Rain,Wet,Medium,No Controls,NONE DETECTED,No,No Apparent Injury,NA,Not Distracted,MD,Passenger Car,Moving Constant Speed,30,No,2020,BMW,I7,39.11706432,-77.20161279,2024,9,22
240046347,Property Damage Crash,09/27/2024 10:30:00 PM,WASHINGTONIAN BLVD (SB/L),NA,Angle,Rain,Wet,Medium,No Controls,NONE DETECTED,No,No Apparent Injury,Failed to Keep in Proper Lane,Unknown,MD,Passenger Car,Changing Lanes,30,No,2012,HONDA,CIVIC,39.11706432,-77.20161279,2024,9,22
240046274,Injury Crash,09/27/2024 10:09:00 PM,NA,NA,"Sideswipe, Opposite Direction",Rain,Wet,Medium,No Controls,ALCOHOL PRESENT,Yes,Possible Minor Injury,Wrong Side,Unknown,FL,Sport Utility Vehicle,Moving Constant Speed,35,No,2017,LAND ROVER,DISCOVERY,38.99480394,-77.19099956,2024,9,22
240046274,Injury Crash,09/27/2024 10:09:00 PM,NA,NA,"Sideswipe, Opposite Direction",Rain,Wet,Medium,No Controls,NONE DETECTED,No,No Apparent Injury,NA,Not Distracted,MD,Pickup,Moving Constant Speed,35,No,2017,GMC,SIERRA,38.99480394,-77.19099956,2024,9,22
240046266,Injury Crash,09/27/2024 09:34:00 PM,WARFIELD RD,NA,Rear To Side,Rain,Wet,Medium,Traffic Control Signal,NONE DETECTED,No,Possible Minor Injury,NA,Unknown,MD,Sport Utility Vehicle,Accelerating,35,No,2022,HYUNDAI,TUCSON,39.19475326,-77.18486584,2024,9,21
240046266,Injury Crash,09/27/2024 09:34:00 PM,WARFIELD RD,NA,Rear To Side,Rain,Wet,Medium,Traffic Control Signal,NONE DETECTED,No,No Apparent Injury,NA,Not Distracted,MD,Pickup,Moving Constant Speed,30,No,2015,FORD,F-350,39.19475326,-77.18486584,2024,9,21
240046271,Property Damage Crash,09/27/2024 09:30:00 PM,NA,NA,Single Vehicle,Clear,NA,Dark,NA,NONE DETECTED,Yes,No Apparent Injury,Other Improper Action,Not Distracted,MD,Passenger Car,Moving Constant Speed,0,No,2017,FORD,TAURUS,39.15065641,-77.05969831,2024,9,21
240046269,Property Damage Crash,09/27/2024 08:37:00 PM,NA,NA,"Sideswipe, Same Direction",Clear,Dry,Medium,"Other Pavement Marking (excluding edgelines, centerlines, or lane lines)",NONE DETECTED,Yes,No Apparent Injury,NA,Not Distracted,MD,Passenger Car,Accelerating,25,No,2014,TOYOTA,CAMRY,38.99364597,-77.03229405,2024,9,20
240046269,Property Damage Crash,09/27/2024 08:37:00 PM,NA,NA,"Sideswipe, Same Direction",Clear,Dry,Medium,"Other Pavement Marking (excluding edgelines, centerlines, or lane lines)",NONE DETECTED,Yes,No Apparent Injury,NA,Not Distracted,MD,Sport Utility Vehicle,Turning Left,25,No,2023,TOYOTA,HIGHLANDER,38.99364597,-77.03229405,2024,9,20
240046259,Property Damage Crash,09/27/2024 08:25:00 PM,GREENCASTLE RD,NA,Front to Rear,Rain,Wet,Dark,No Controls,NONE DETECTED,Yes,No Apparent Injury,"Swerved or Avoided Due to Wind, Slippery Surface, Motor Vehicle, Object, Non-Motorist in Roadway, etc",Not Distracted,MD,Passenger Car,Moving Constant Speed,25,No,2017,FORD,TAURUS,39.09704796,-76.94145925,2024,9,20
240046259,Property Damage Crash,09/27/2024 08:25:00 PM,GREENCASTLE RD,NA,Front to Rear,Rain,Wet,Dark,No Controls,NONE DETECTED,No,No Apparent Injury,NA,Not Distracted,MD,Passenger Car,Turning Left,25,No,2020,KIA,FORTE,39.09704796,-76.94145925,2024,9,20
240046260,Property Damage Crash,09/27/2024 08:05:00 PM,CAPITAL BELTWAY (WB/L),NA,"Sideswipe, Same Direction",Rain,Wet,Dark,No Controls,NONE DETECTED,No,No Apparent Injury,NA,Not Distracted,MD,Passenger Car,Moving Constant Speed,55,No,2010,NISSAN,MAXIMA,39.01647562,-77.01235869,2024,9,20
240046260,Property Damage Crash,09/27/2024 08:05:00 PM,CAPITAL BELTWAY (WB/L),NA,"Sideswipe, Same Direction",Rain,Wet,Dark,No Controls,NONE DETECTED,No,NA,NA,NA,NA,Passenger Car,Moving Constant Speed,55,No,2013,TOYOTA,CAMRY,39.01647562,-77.01235869,2024,9,20
240046250,Property Damage Crash,09/27/2024 07:30:00 PM,ENNALLS AVE,NA,Front to Rear,Rain,Wet,Medium,No Controls,NONE DETECTED,No,No Apparent Injury,NA,Unknown,MD,Other Trucks,Backing,30,No,2015,SEAGRAVE,UNKNOWN,39.0397415,-77.0534735,2024,9,19
240046252,Property Damage Crash,09/27/2024 07:15:00 PM,THORNDEN RD,NA,Front to Rear,Clear,Wet,Medium,No Controls,NONE DETECTED,No,No Apparent Injury,NA,Unknown,NA,Passenger Car,Moving Constant Speed,35,No,2019,TOYOTA,COROLLA,39.07216539,-77.12359138,2024,9,19
240046243,Injury Crash,09/27/2024 06:57:00 PM,NORBECK RD (WB/L),NA,Front to Rear,Rain,Wet,Medium,No Controls,NONE DETECTED,No,Possible Minor Injury,NA,Not Distracted,MD,Passenger Car,Stopped in Traffic,35,No,2025,MAZDA,MAZDA3,39.09978283,-77.09827983,2024,9,18
240046243,Injury Crash,09/27/2024 06:57:00 PM,NORBECK RD (WB/L),NA,Front to Rear,Rain,Wet,Medium,No Controls,NONE DETECTED,Yes,Possible Minor Injury,Too Fast For Conditions,Unknown,MD,Passenger Car,Slowing or Stopping,35,No,2007,HONDA,CIVIC,39.09978283,-77.09827983,2024,9,18
240046240,Injury Crash,09/27/2024 06:17:00 PM,NORBECK RD,NA,Angle,Rain,Wet,Daylight,Traffic Control Signal,NONE DETECTED,No,Possible Minor Injury,NA,Not Distracted,MD,Passenger Car,Moving Constant Speed,45,No,2024,TOYOTA,COROLLA,39.12048397,-77.0341267,2024,9,18
240046240,Injury Crash,09/27/2024 06:17:00 PM,NORBECK RD,NA,Angle,Rain,Wet,Daylight,Traffic Control Signal,NONE DETECTED,Yes,Possible Minor Injury,"Failed to Yield Right-of-Way, Improper Turn, Ran Red Light, Too Fast For Conditions","Other Action (looking away from task, etc.)",NA,Sport Utility Vehicle,Turning Left,45,No,2012,HONDA,CR-V,39.12048397,-77.0341267,2024,9,18
240046240,Injury Crash,09/27/2024 06:17:00 PM,NORBECK RD,NA,Angle,Rain,Wet,Daylight,Traffic Control Signal,NONE DETECTED,No,No Apparent Injury,NA,Not Distracted,MD,Passenger Car,Moving Constant Speed,45,No,2010,MAZDA,MAZDA3,39.12048397,-77.0341267,2024,9,18
240046221,Property Damage Crash,09/27/2024 05:00:00 PM,WOODMOOR CIR,NA,Single Vehicle,Clear,Dry,Daylight,No Controls,NONE DETECTED,Yes,No Apparent Injury,Ran Off Roadway,Not Distracted,MD,Passenger Car,Accelerating,25,No,2015,TOYOTA,CAMRY,39.02213226,-77.0114167,2024,9,17
240046215,Property Damage Crash,09/27/2024 04:40:00 PM,VAUGHN LANDING DR,NA,Angle,Clear,Dry,Daylight,Stop Sign,NONE DETECTED,No,No Apparent Injury,NA,Not Distracted,MD,Passenger Car,Moving Constant Speed,10,No,2021,MERCEDES-BENZ,UNKNOWN,39.17720737,-77.27439966,2024,9,16
240046215,Property Damage Crash,09/27/2024 04:40:00 PM,VAUGHN LANDING DR,NA,Angle,Clear,Dry,Daylight,Stop Sign,NONE DETECTED,Yes,No Apparent Injury,NA,Not Distracted,MD,Pickup,Entering Traffic Lane,10,No,2019,FORD,F-150,39.17720737,-77.27439966,2024,9,16
240046210,Property Damage Crash,09/27/2024 04:18:00 PM,RAMP 5 FR IS 270 SB TO MD 28 EB,NA,Single Vehicle,Rain,Wet,Daylight,No Controls,NONE DETECTED,No,No Apparent Injury,NA,Not Distracted,MD,Passenger Car,Moving Constant Speed,25,No,2008,NISSAN,MAXIMA,39.08809407,-77.17569344,2024,9,16
240046212,Property Damage Crash,09/27/2024 04:11:00 PM,PARKLAWN DR,NA,Front to Rear,Cloudy,Wet,Daylight,No Controls,NONE DETECTED,No,No Apparent Injury,NA,Not Distracted,NA,Passenger Car,Moving Constant Speed,35,No,2010,TOYOTA,CAMRY,39.05044454,-77.10365683,2024,9,16
240046212,Property Damage Crash,09/27/2024 04:11:00 PM,PARKLAWN DR,NA,Front to Rear,Cloudy,Wet,Daylight,No Controls,NONE DETECTED,No,No Apparent Injury,NA,Not Distracted,MD,Passenger Car,Turning Left,35,No,2015,MERCEDES-BENZ,C-CLASS,39.05044454,-77.10365683,2024,9,16
240046191,Property Damage Crash,09/27/2024 03:03:00 PM,NA,NA,Front to Rear,Rain,Wet,Daylight,No Controls,NONE DETECTED,Yes,No Apparent Injury,Too Fast For Conditions,Not Distracted,MD,Passenger Car,Slowing or Stopping,35,No,2019,DODGE,CHARGER,39.1133998,-77.26918756,2024,9,15
240046191,Property Damage Crash,09/27/2024 03:03:00 PM,NA,NA,Front to Rear,Rain,Wet,Daylight,No Controls,NONE DETECTED,No,No Apparent Injury,NA,Not Distracted,MD,Passenger Car,Slowing or Stopping,35,No,2018,FORD,ESCAPE,39.1133998,-77.26918756,2024,9,15
240046182,Property Damage Crash,09/27/2024 02:41:00 PM,WATKINS MILL RD,NA,Single Vehicle,Rain,Wet,Daylight,No Controls,NONE DETECTED,Yes,No Apparent Injury,Ran Off Roadway,Unknown,MD,Passenger Car,Moving Constant Speed,35,No,2017,SUBARU,FORESTER,39.159886,-77.216944,2024,9,14
240046170,Injury Crash,09/27/2024 01:41:00 PM,FOREST GLEN RD,NA,Angle,Cloudy,Wet,Daylight,Stop Sign,NONE DETECTED,No,No Apparent Injury,NA,"Other Action (looking away from task, etc.)",MD,Station Wagon,Turning Left,30,No,2018,SUBARU,OUTBACK,39.01790005,-77.02547941,2024,9,13
240046170,Injury Crash,09/27/2024 01:41:00 PM,FOREST GLEN RD,NA,Angle,Cloudy,Wet,Daylight,Stop Sign,NONE DETECTED,Yes,Possible Minor Injury,NA,Unknown,MD,Van - Passenger (&lt;9 Seats),Moving Constant Speed,30,No,2008,DODGE,CARAVAN,39.01790005,-77.02547941,2024,9,13
240046173,Injury Crash,09/27/2024 01:39:00 PM,GEORGIA AVE (SB/L),NA,Rear To Rear,Rain,Wet,Daylight,No Controls,NONE DETECTED,No,Possible Minor Injury,NA,Not Distracted,MD,Sport Utility Vehicle,Stopped in Traffic,30,No,2024,TOYOTA,RAV4,39.00891438,-77.04029211,2024,9,13
240046173,Injury Crash,09/27/2024 01:39:00 PM,GEORGIA AVE (SB/L),NA,Rear To Rear,Rain,Wet,Daylight,No Controls,NONE DETECTED,Yes,No Apparent Injury,NA,Unknown,MD,Sport Utility Vehicle,Slowing or Stopping,30,No,2022,KIA,SOUL,39.00891438,-77.04029211,2024,9,13
240046166,Property Damage Crash,09/27/2024 01:27:00 PM,ROCKVILLE PIKE (SB/L),NA,Front to Rear,Rain,Wet,Daylight,No Controls,NONE DETECTED,No,No Apparent Injury,NA,Not Distracted,MD,Sport Utility Vehicle,Stopped in Traffic,35,No,2020,FORD,EXPLORER,39.07911928,-77.14267056,2024,9,13
240046166,Property Damage Crash,09/27/2024 01:27:00 PM,ROCKVILLE PIKE (SB/L),NA,Front to Rear,Rain,Wet,Daylight,No Controls,NONE DETECTED,Yes,No Apparent Injury,NA,Not Distracted,MD,Passenger Car,Slowing or Stopping,35,No,2015,HONDA,FIT,39.07911928,-77.14267056,2024,9,13
240046169,Property Damage Crash,09/27/2024 01:20:00 PM,PARK AVE,NA,Front to Front,Rain,Wet,Daylight,Stop Sign,NONE DETECTED,No,No Apparent Injury,NA,Not Distracted,MD,Passenger Car,Stopped in Traffic,25,No,2016,BMW,428I,39.14216171,-77.19463885,2024,9,13
240046169,Property Damage Crash,09/27/2024 01:20:00 PM,PARK AVE,NA,Front to Front,Rain,Wet,Daylight,No Controls,NONE DETECTED,No,No Apparent Injury,NA,Unknown,MD,Sport Utility Vehicle,Turning Left,25,No,2014,NISSAN,PATHFINDER,39.14216171,-77.19463885,2024,9,13
240046163,Property Damage Crash,09/27/2024 12:58:00 PM,CONNECTICUT AVE (SB/L),NA,Single Vehicle,Rain,Wet,Daylight,No Controls,NONE DETECTED,No,No Apparent Injury,NA,Not Distracted,MD,Passenger Car,Moving Constant Speed,35,No,2007,TOYOTA,YARIS,39.09051971,-77.07126467,2024,9,12
240047886,Property Damage Crash,09/27/2024 12:40:00 PM,HOLTON LA,NA,Front to Rear,Cloudy,Dry,Daylight,No Controls,NONE DETECTED,No,No Apparent Injury,NA,Not Distracted,MD,Passenger Car,Parked,5,No,2007,CADILLAC,ESCALADE,38.98588131,-76.98685989,2024,9,12
240047886,Property Damage Crash,09/27/2024 12:40:00 PM,HOLTON LA,NA,Front to Rear,Cloudy,Dry,Daylight,No Controls,NONE DETECTED,No,NA,NA,NA,NA,Passenger Car,Moving Constant Speed,5,No,2006,ACURA,MDX,38.98588131,-76.98685989,2024,9,12
240046156,Injury Crash,09/27/2024 12:30:00 PM,RAMP 8 FR IS 270 SB TO WATKINS MILL RD,Cyclist (non-electric),Single Vehicle,Rain,Wet,Daylight,No Controls,NONE DETECTED,No,No Apparent Injury,NA,Not Distracted,MD,Passenger Car,Turning Left,55,No,2013,NISSAN,PATHFINDER,39.15582333,-77.227325,2024,9,12
240046142,Property Damage Crash,09/27/2024 11:56:00 AM,NA,NA,Rear To Rear,Rain,NA,Daylight,NA,NONE DETECTED,Yes,No Apparent Injury,"Improper Backing, Operated Motor Vehicle in Inattentive, Careless, Negligent, or Erratic Manner, Other Improper Action",Unknown,MD,Sport Utility Vehicle,Backing,0,No,2018,JEEP,COMPASS,39.06062607,-77.05017675,2024,9,11
240046142,Property Damage Crash,09/27/2024 11:56:00 AM,NA,NA,Rear To Rear,Rain,NA,Daylight,NA,NONE DETECTED,No,No Apparent Injury,NA,Not Distracted,MD,Sport Utility Vehicle,Accelerating,0,No,2016,CHEVROLET,TRAVERSE,39.06062607,-77.05017675,2024,9,11
240046148,Property Damage Crash,09/27/2024 11:50:00 AM,SPRING ST,NA,Angle,Rain,Wet,Daylight,No Controls,NONE DETECTED,Yes,No Apparent Injury,NA,Not Distracted,MD,Sport Utility Vehicle,Turning Left,30,No,2016,BMW,X3,38.99897901,-77.02615434,2024,9,11
240046144,Property Damage Crash,09/27/2024 11:50:00 AM,MT VERNON PL,NA,Angle,Cloudy,Wet,Daylight,No Controls,NONE DETECTED,Yes,No Apparent Injury,NA,Unknown,MD,Passenger Car,Leaving Traffic Lane,25,No,2024,BUICK,ENVISTA,39.07887711,-77.14177788,2024,9,11
240046148,Property Damage Crash,09/27/2024 11:50:00 AM,SPRING ST,NA,Angle,Rain,Wet,Daylight,No Controls,NONE DETECTED,No,No Apparent Injury,NA,Not Distracted,MD,Passenger Car,Accelerating,30,No,2021,TOYOTA,COROLLA,38.99897901,-77.02615434,2024,9,11
240046144,Property Damage Crash,09/27/2024 11:50:00 AM,MT VERNON PL,NA,Angle,Cloudy,Wet,Daylight,No Controls,NONE DETECTED,No,No Apparent Injury,NA,Unknown,VA,Passenger Car,Moving Constant Speed,35,No,2023,TESLA,MODEL 3,39.07887711,-77.14177788,2024,9,11
240046151,Property Damage Crash,09/27/2024 11:50:00 AM,RIDGE RD,NA,Front to Rear,Rain,Wet,Daylight,Traffic Control Signal,NONE DETECTED,No,No Apparent Injury,NA,Not Distracted,MD,Sport Utility Vehicle,Stopped in Traffic,45,No,2021,TOYOTA,RAV4,39.20206457,-77.25316108,2024,9,11
240046151,Property Damage Crash,09/27/2024 11:50:00 AM,RIDGE RD,NA,Front to Rear,Rain,Wet,Daylight,Traffic Control Signal,NONE DETECTED,Yes,No Apparent Injury,"Followed Too Closely, Too Fast For Conditions",Not Distracted,MD,Sport Utility Vehicle,Slowing or Stopping,45,No,2014,HONDA,CR-V,39.20206457,-77.25316108,2024,9,11
240046151,Property Damage Crash,09/27/2024 11:50:00 AM,RIDGE RD,NA,Front to Rear,Rain,Wet,Daylight,Traffic Control Signal,NONE DETECTED,No,No Apparent Injury,NA,Not Distracted,MD,Passenger Car,Stopped in Traffic,45,No,2014,TOYOTA,COROLLA,39.20206457,-77.25316108,2024,9,11
240046139,Property Damage Crash,09/27/2024 11:32:00 AM,MUNCASTER RD,NA,Single Vehicle,Rain,Wet,Daylight,No Controls,NONE DETECTED,Yes,No Apparent Injury,Too Fast For Conditions,Unknown,MD,Pickup,Moving Constant Speed,30,No,2003,DODGE,DAKOTA,39.15464899,-77.13085201,2024,9,11
240046134,Property Damage Crash,09/27/2024 11:05:00 AM,GLENMONT CIR #1,NA,Angle,Rain,Wet,Daylight,Traffic Control Signal,NONE DETECTED,No,No Apparent Injury,NA,Not Distracted,MD,Sport Utility Vehicle,Moving Constant Speed,35,No,2022,TOYOTA,RAV4,39.05902322,-77.04764702,2024,9,11
240046134,Property Damage Crash,09/27/2024 11:05:00 AM,GLENMONT CIR #1,NA,Angle,Rain,Wet,Daylight,Traffic Control Signal,NONE DETECTED,No,No Apparent Injury,NA,"Other Action (looking away from task, etc.)",MD,Sport Utility Vehicle,Turning Left,35,No,2016,HONDA,PILOT,39.05902322,-77.04764702,2024,9,11
240046137,Property Damage Crash,09/27/2024 11:00:00 AM,BROADMORE RD,NA,Unknown,Clear,Dry,Daylight,No Controls,NONE DETECTED,No,NA,NA,NA,NA,NA,NA,25,No,0,NA,NA,39.07142888,-76.99230053,2024,9,11
240046133,Property Damage Crash,09/27/2024 10:49:00 AM,WISCONSIN AVE (SB/L),NA,Angle,Rain,Wet,Daylight,Traffic Control Signal,NONE DETECTED,No,No Apparent Injury,NA,Not Distracted,MD,Bus - Transit,Turning Right,35,No,2009,GILLIG,CITY SUBURBAN BUS,38.97706233,-77.09071617,2024,9,10
240046133,Property Damage Crash,09/27/2024 10:49:00 AM,WISCONSIN AVE (SB/L),NA,Angle,Rain,Wet,Daylight,Traffic Control Signal,NONE DETECTED,Yes,No Apparent Injury,NA,Not Distracted,MD,Passenger Car,Turning Right,35,No,2019,TESLA,MODEL 3,38.97706233,-77.09071617,2024,9,10
240046126,Property Damage Crash,09/27/2024 10:00:00 AM,RIDGE RD,NA,Angle,Rain,Wet,Daylight,No Controls,NONE DETECTED,Yes,No Apparent Injury,Failed to Yield Right-of-Way,Not Distracted,MD,Other,Turning Left,30,No,2015,NISSAN,VAN,39.28991217,-77.20486861,2024,9,10
240046126,Property Damage Crash,09/27/2024 10:00:00 AM,RIDGE RD,NA,Angle,Rain,Wet,Daylight,No Controls,NONE DETECTED,No,No Apparent Injury,NA,Not Distracted,MD,Sport Utility Vehicle,Moving Constant Speed,30,No,2022,FORD,ESCAPE,39.28991217,-77.20486861,2024,9,10
240046108,Property Damage Crash,09/27/2024 07:40:00 AM,WIGHTMAN RD,NA,Front to Rear,Rain,Wet,Daylight,No Controls,NONE DETECTED,Yes,No Apparent Injury,Other Improper Action,"Other Action (looking away from task, etc.)",MD,Passenger Car,Moving Constant Speed,30,No,2014,JEEP,GRAND CHEROKEE,39.1893411,-77.19080759,2024,9,7
240046108,Property Damage Crash,09/27/2024 07:40:00 AM,WIGHTMAN RD,NA,Front to Rear,Rain,Wet,Daylight,No Controls,NONE DETECTED,No,No Apparent Injury,NA,Not Distracted,PA,Passenger Car,Moving Constant Speed,30,No,2013,CHEVROLET,UNKNOWN,39.1893411,-77.19080759,2024,9,7
240046108,Property Damage Crash,09/27/2024 07:40:00 AM,WIGHTMAN RD,NA,Front to Rear,Rain,Wet,Daylight,No Controls,NONE DETECTED,No,No Apparent Injury,NA,Not Distracted,MD,Passenger Car,Turning Left,30,No,2014,TOYOTA,COROLLA,39.1893411,-77.19080759,2024,9,7
240046107,Property Damage Crash,09/27/2024 06:58:00 AM,NEW HAMPSHIRE AVE (SB/L),NA,Angle,Rain,Wet,Medium,Traffic Control Signal,NONE DETECTED,No,No Apparent Injury,"Failed to Yield Right-of-Way, Improper Turn",Not Distracted,DC,Passenger Car,Making U-Turn,35,No,2011,VOLVO,XC60,39.00686619,-76.98068646,2024,9,6
240046107,Property Damage Crash,09/27/2024 06:58:00 AM,NEW HAMPSHIRE AVE (SB/L),NA,Angle,Rain,Wet,Medium,Traffic Control Signal,NONE DETECTED,No,No Apparent Injury,NA,Not Distracted,MD,Passenger Car,Moving Constant Speed,35,No,2016,TOYOTA,CAMRY,39.00686619,-76.98068646,2024,9,6
240046104,Property Damage Crash,09/27/2024 05:40:00 AM,VEIRS MILL RD (WB/L),NA,Front to Rear,Clear,Dry,Medium,Traffic Control Signal,ALCOHOL PRESENT,Yes,No Apparent Injury,NA,Unknown,NA,Passenger Car,Moving Constant Speed,35,No,2004,ACURA,TL,39.05163642,-77.07460205,2024,9,5
240046104,Property Damage Crash,09/27/2024 05:40:00 AM,VEIRS MILL RD (WB/L),NA,Front to Rear,Clear,Dry,Medium,Traffic Control Signal,NONE DETECTED,No,No Apparent Injury,NA,Not Distracted,MD,Passenger Car,Moving Constant Speed,35,No,2005,TOYOTA,SIENNA,39.05163642,-77.07460205,2024,9,5
240046103,Injury Crash,09/27/2024 05:00:00 AM,COLUMBIA PIKE (SB/L),NA,Front to Rear,Rain,Wet,Medium,Flashing Traffic Control Signal,NONE DETECTED,Yes,No Apparent Injury,"Failed to Yield Right-of-Way, Followed Too Closely, Operated Motor Vehicle in Inattentive, Careless, Negligent, or Erratic Manner, Swerved or Avoided Due to Wind, Slippery Surface, Motor Vehicle, Object, Non-Motorist in Roadway, etc, Too Fast For Conditions",Unknown,MD,Passenger Car,Moving Constant Speed,55,No,2015,CHEVROLET,SONIC,39.09542834,-76.93829799,2024,9,5
240046103,Injury Crash,09/27/2024 05:00:00 AM,COLUMBIA PIKE (SB/L),NA,Front to Rear,Rain,Wet,Medium,Flashing Traffic Control Signal,NONE DETECTED,No,Possible Minor Injury,NA,Not Distracted,MD,Passenger Car,Changing Lanes,55,No,2007,TOYOTA,CAMRY,39.09542834,-76.93829799,2024,9,5
240046102,Injury Crash,09/27/2024 04:53:00 AM,COLUMBIA PIKE (SB/L),NA,Front to Rear,Rain,Wet,Medium,Flashing Traffic Control Signal,NONE DETECTED,Yes,Possible Minor Injury,"Followed Too Closely, Operated Motor Vehicle in Inattentive, Careless, Negligent, or Erratic Manner",Unknown,MD,Passenger Car,Moving Constant Speed,55,No,2007,TOYOTA,CAMRY,39.09570471,-76.93811111,2024,9,4
240046102,Injury Crash,09/27/2024 04:53:00 AM,COLUMBIA PIKE (SB/L),NA,Front to Rear,Rain,Wet,Medium,Flashing Traffic Control Signal,NONE DETECTED,No,No Apparent Injury,NA,Not Distracted,MD,Passenger Car,Stopped in Traffic,55,No,2018,NISSAN,MAXIMA,39.09570471,-76.93811111,2024,9,4
240046093,Injury Crash,09/27/2024 02:11:00 AM,BROOKE RD,NA,Single Vehicle,Clear,Dry,Medium,No Controls,ALCOHOL PRESENT,No,Possible Minor Injury,Ran Off Roadway,Not Distracted,MD,Pickup,Moving Constant Speed,30,No,2009,DODGE,RAM,39.1632621,-77.02276922,2024,9,2
240046651,Property Damage Crash,09/27/2024 01:39:00 AM,NA,NA,Single Vehicle,Cloudy,NA,Medium,NA,NONE DETECTED,No,NA,Improper Backing,Unknown,NA,Sport Utility Vehicle,Backing,0,No,2020,FORD,EXPLORER,39.00090923,-77.000869,2024,9,1
240046057,Injury Crash,09/26/2024 08:04:00 PM,COLUMBIA PIKE (SB/L),NA,Front to Rear,Clear,Dry,Medium,No Controls,NONE DETECTED,No,Possible Minor Injury,NA,Not Distracted,MD,Sport Utility Vehicle,Moving Constant Speed,50,No,2019,LEXUS,NX,39.09020067,-76.94257,2024,9,20
240046057,Injury Crash,09/26/2024 08:04:00 PM,COLUMBIA PIKE (SB/L),NA,Front to Rear,Clear,Dry,Medium,No Controls,NONE DETECTED,Yes,Possible Minor Injury,NA,Not Distracted,MD,Sport Utility Vehicle,Changing Lanes,50,No,2023,HYUNDAI,KONA,39.09020067,-76.94257,2024,9,20
240046061,Property Damage Crash,09/26/2024 08:00:00 PM,WOODSIDE PKWY,NA,"Sideswipe, Same Direction",Clear,Dry,Medium,No Controls,NONE DETECTED,No,No Apparent Injury,NA,Not Distracted,MD,Passenger Car,Moving Constant Speed,35,No,2016,TOYOTA,SIENNA,39.00292179,-77.0243838,2024,9,20
240046061,Property Damage Crash,09/26/2024 08:00:00 PM,WOODSIDE PKWY,NA,"Sideswipe, Same Direction",Clear,Dry,Medium,No Controls,NONE DETECTED,No,No Apparent Injury,NA,Not Distracted,MD,Passenger Car,Moving Constant Speed,35,No,2020,CHEVROLET,MALIBU,39.00292179,-77.0243838,2024,9,20
240046063,Property Damage Crash,09/26/2024 07:25:00 PM,VEIRS MILL RD (WB/L),NA,Front to Rear,Cloudy,Wet,Dark,Traffic Control Signal,NONE DETECTED,No,NA,NA,NA,NA,Pickup,Slowing or Stopping,40,No,2000,TOYOTA,TUNDRA,39.07314012,-77.11139471,2024,9,19
240046053,Property Damage Crash,09/26/2024 07:25:00 PM,GRANDIN AVE,NA,"Sideswipe, Opposite Direction",Cloudy,Wet,Medium,No Controls,NONE DETECTED,No,No Apparent Injury,NA,Not Distracted,MD,Other Trucks,Parked,25,No,2018,INTERNATIONAL,4300,39.08088762,-77.13673529,2024,9,19
240046063,Property Damage Crash,09/26/2024 07:25:00 PM,VEIRS MILL RD (WB/L),NA,Front to Rear,Cloudy,Wet,Dark,Traffic Control Signal,NONE DETECTED,No,No Apparent Injury,NA,Not Distracted,MD,Passenger Car,Slowing or Stopping,40,No,2021,TOYOTA,CAMRY,39.07314012,-77.11139471,2024,9,19