Local Case Number,ACRS Report Type,Crash Date/Time,Road Name,Related Non-Motorist,Collision Type,Weather,Surface Condition,Light,Traffic Control,Driver Substance Abuse,Driver At Fault,Injury Severity,Circumstance,Driver Distracted By,Drivers License State,Vehicle Body Type,Vehicle Movement,Speed Limit,Driverless Vehicle,Vehicle Year,Vehicle Make,Vehicle Model,Latitude,Longitude,Year,Month,Hour
240046053,Property Damage Crash,09/26/2024 07:25:00 PM,GRANDIN AVE,NA,"Sideswipe, Opposite Direction",Cloudy,Wet,Medium,No Controls,NONE DETECTED,No,No Apparent Injury,Improper Passing,Not Distracted,MD,Other,NA,25,No,2018,FREIGHTLINER,UNKNOWN,39.08088762,-77.13673529,2024,9,19
240046064,Fatal Crash,09/26/2024 07:18:00 PM,FRANKLIN AVE,Pedestrian,Single Vehicle,Clear,Dry,Medium,Pedestrian Crossing Sign,NONE DETECTED,Yes,No Apparent Injury,"Failed to Yield Right-of-Way, Operated Motor Vehicle in Inattentive, Careless, Negligent, or Erratic Manner",Unknown,MD,Sport Utility Vehicle,Moving Constant Speed,25,No,2015,HONDA,CR-V,39.01087675,-77.00549836,2024,9,19
240046058,Property Damage Crash,09/26/2024 07:17:00 PM,NA,NA,Front to Rear,Clear,Dry,Medium,No Controls,NONE DETECTED,No,NA,NA,NA,NA,Passenger Car,Slowing or Stopping,35,No,2020,TOYOTA,COROLLA,39.06117713,-77.0442791,2024,9,19
240046058,Property Damage Crash,09/26/2024 07:17:00 PM,NA,NA,Front to Rear,Clear,Dry,Medium,No Controls,NONE DETECTED,No,No Apparent Injury,NA,Not Distracted,MD,Van - Passenger (&lt;9 Seats),Moving Constant Speed,35,No,2006,TOYOTA,SIENNA,39.06117713,-77.0442791,2024,9,19
240046037,Property Damage Crash,09/26/2024 06:35:00 PM,BROOKDALE RD,NA,Rear To Side,Cloudy,Dry,Medium,No Controls,NONE DETECTED,No,No Apparent Injury,NA,Unknown,MD,Passenger Car,Turning Left,35,No,2013,BMW,X3,38.95692667,-77.09204333,2024,9,18
240046037,Property Damage Crash,09/26/2024 06:35:00 PM,BROOKDALE RD,NA,Rear To Side,Cloudy,Dry,Medium,No Controls,NONE DETECTED,No,No Apparent Injury,NA,Not Distracted,MD,Passenger Car,Moving Constant Speed,35,No,2022,KIA,SPORTAGE,38.95692667,-77.09204333,2024,9,18
240042729,Property Damage Crash,09/26/2024 06:20:00 PM,GEORGIA AVE,NA,Single Vehicle,Clear,Dry,Daylight,Traffic Control Signal,NONE DETECTED,No,No Apparent Injury,NA,Not Distracted,MD,Passenger Car,Changing Lanes,30,No,2016,CHRYSLER,200,38.99590486,-77.02797127,2024,9,18
240046032,Injury Crash,09/26/2024 06:17:00 PM,RIVER RD SERV DR,NA,Front to Rear,Clear,Dry,Medium,Traffic Control Signal,NONE DETECTED,No,Possible Minor Injury,NA,Not Distracted,MD,Sport Utility Vehicle,Slowing or Stopping,35,No,2018,NISSAN,ROGUE,38.98959903,-77.15020168,2024,9,18
240046032,Injury Crash,09/26/2024 06:17:00 PM,RIVER RD SERV DR,NA,Front to Rear,Clear,Dry,Medium,Traffic Control Signal,NONE DETECTED,Yes,No Apparent Injury,Other Improper Action,Not Distracted,MD,Van - Cargo,Slowing or Stopping,35,No,2018,CHEVROLET,EXPRESS,38.98959903,-77.15020168,2024,9,18
240046012,Property Damage Crash,09/26/2024 05:45:00 PM,GOSHEN RD,NA,Front to Rear,Clear,Dry,Daylight,No Controls,NONE DETECTED,No,No Apparent Injury,Followed Too Closely,Unknown,MD,Passenger Car,Moving Constant Speed,35,No,2018,TOYOTA,RAV4,39.1621021,-77.19216694,2024,9,17
240046012,Property Damage Crash,09/26/2024 05:45:00 PM,GOSHEN RD,NA,Front to Rear,Clear,Dry,Daylight,No Controls,NONE DETECTED,No,No Apparent Injury,NA,Not Distracted,MD,Passenger Car,Stopped in Traffic,35,No,2011,TOYOTA,SIENNA,39.1621021,-77.19216694,2024,9,17
240046012,Property Damage Crash,09/26/2024 05:45:00 PM,GOSHEN RD,NA,Front to Rear,Clear,Dry,Daylight,No Controls,NONE DETECTED,No,No Apparent Injury,NA,Not Distracted,MD,Passenger Car,Stopped in Traffic,35,No,2020,TOYOTA,COROLLA,39.1621021,-77.19216694,2024,9,17
240046012,Property Damage Crash,09/26/2024 05:45:00 PM,GOSHEN RD,NA,Front to Rear,Clear,Dry,Daylight,No Controls,NONE DETECTED,No,No Apparent Injury,NA,Not Distracted,MD,Passenger Car,Stopped in Traffic,35,No,2015,TOYOTA,RAV4,39.1621021,-77.19216694,2024,9,17
240046016,Property Damage Crash,09/26/2024 05:40:00 PM,NEW HAMPSHIRE AVE (SB/L),NA,Angle,Clear,Dry,Daylight,No Controls,NONE DETECTED,No,No Apparent Injury,NA,Not Distracted,MD,Passenger Car,Moving Constant Speed,45,No,2009,HONDA,ODYSSEY,39.07700892,-77.00193917,2024,9,17
240046016,Property Damage Crash,09/26/2024 05:40:00 PM,NEW HAMPSHIRE AVE (SB/L),NA,Angle,Clear,Dry,Daylight,No Controls,NONE DETECTED,Yes,No Apparent Injury,Failed to Yield Right-of-Way,Unknown,MD,Passenger Car,Turning Left,45,No,2009,INFINITI,G37,39.07700892,-77.00193917,2024,9,17
240046009,Injury Crash,09/26/2024 05:06:00 PM,NA,Pedestrian,Single Vehicle,Cloudy,NA,Daylight,NA,NONE DETECTED,No,No Apparent Injury,NA,Not Distracted,MD,Passenger Car,Entering Traffic Lane,0,No,2018,HONDA,CIVIC,39.02758889,-77.07772814,2024,9,17
240046003,Property Damage Crash,09/26/2024 04:20:00 PM,NA,NA,Front to Rear,Clear,Dry,Daylight,No Controls,NONE DETECTED,No,No Apparent Injury,"Followed Too Closely, Operated Motor Vehicle in Inattentive, Careless, Negligent, or Erratic Manner, Other Improper Action, Too Fast For Conditions",Unknown,MD,Sport Utility Vehicle,Moving Constant Speed,35,No,2010,ACURA,RDX,39.11842923,-77.16302935,2024,9,16
240046003,Property Damage Crash,09/26/2024 04:20:00 PM,NA,NA,Front to Rear,Clear,Dry,Daylight,No Controls,NONE DETECTED,No,No Apparent Injury,NA,Not Distracted,MD,Passenger Car,Stopped in Traffic,35,No,2020,TESLA,MODEL 3,39.11842923,-77.16302935,2024,9,16
240045994,Property Damage Crash,09/26/2024 04:20:00 PM,CENTURY BLVD,NA,Angle,Clear,Dry,Daylight,Stop Sign,NONE DETECTED,No,No Apparent Injury,NA,Not Distracted,MD,Passenger Car,Accelerating,20,No,2021,HONDA,CIVIC,39.18205955,-77.26521278,2024,9,16
240045994,Property Damage Crash,09/26/2024 04:20:00 PM,CENTURY BLVD,NA,Angle,Clear,Dry,Daylight,Stop Sign,NONE DETECTED,Yes,No Apparent Injury,NA,Not Distracted,MD,Passenger Car,Accelerating,20,No,2016,HYUNDAI,SANTA FE,39.18205955,-77.26521278,2024,9,16
240046002,Property Damage Crash,09/26/2024 04:16:00 PM,NA,NA,Single Vehicle,Cloudy,Dry,Daylight,Traffic Control Signal,NONE DETECTED,Yes,No Apparent Injury,NA,Unknown,MD,Sport Utility Vehicle,Accelerating,30,No,2019,NISSAN,PATHFINDER,39.16249374,-77.28272468,2024,9,16
240045996,Injury Crash,09/26/2024 04:12:00 PM,SWEETBRIAR PKWY,NA,Angle,Cloudy,Wet,Daylight,No Controls,NONE DETECTED,No,Possible Minor Injury,NA,Not Distracted,MD,Passenger Car,Moving Constant Speed,35,No,2005,TOYOTA,COROLLA,39.0238622,-76.97280796,2024,9,16
240045996,Injury Crash,09/26/2024 04:12:00 PM,SWEETBRIAR PKWY,NA,Angle,Cloudy,Wet,Daylight,Stop Sign,NONE DETECTED,Yes,No Apparent Injury,NA,Not Distracted,MD,Passenger Car,Entering Traffic Lane,35,No,2020,TOYOTA,RAV4,39.0238622,-76.97280796,2024,9,16
240045990,Injury Crash,09/26/2024 03:53:00 PM,NA,Cyclist (Electric),Single Vehicle,Cloudy,NA,Daylight,NA,NONE DETECTED,No,No Apparent Injury,NA,Not Distracted,MD,Passenger Car,Accelerating,0,No,2022,RAM,1500,39.18289181,-77.2623601,2024,9,15
240045995,Property Damage Crash,09/26/2024 03:36:00 PM,GLENALLAN AVE,NA,Single Vehicle,Clear,Dry,Daylight,No Controls,NONE DETECTED,No,No Apparent Injury,NA,Not Distracted,MD,Bus - School,Backing,30,No,2016,THOMAS BUILT,HDX,39.05991145,-77.03500652,2024,9,15
240045982,Injury Crash,09/26/2024 03:30:00 PM,COLUMBIA PIKE,NA,Front to Rear,Cloudy,Dry,Daylight,Traffic Control Signal,NONE DETECTED,Yes,Possible Minor Injury,NA,Not Distracted,MD,Passenger Car,Turning Right,50,No,2020,TOYOTA,4-RUNNER,39.047405500000004,-76.985315,2024,9,15
240045982,Injury Crash,09/26/2024 03:30:00 PM,COLUMBIA PIKE,NA,Front to Rear,Cloudy,Dry,Daylight,Traffic Control Signal,NONE DETECTED,No,Possible Minor Injury,NA,Not Distracted,MD,Passenger Car,Turning Right,50,No,2012,CHEVROLET,EQUINOX,39.047405500000004,-76.985315,2024,9,15
240045983,Property Damage Crash,09/26/2024 03:15:00 PM,NORBECK RD,NA,Front to Rear,Clear,Dry,Daylight,No Controls,NONE DETECTED,No,No Apparent Injury,NA,Not Distracted,MD,Other,Moving Constant Speed,40,No,2018,RAM,UNKNOWN,39.092935,-77.122545,2024,9,15
240045983,Property Damage Crash,09/26/2024 03:15:00 PM,NORBECK RD,NA,Front to Rear,Clear,Dry,Daylight,No Controls,NONE DETECTED,No,No Apparent Injury,NA,"Other Action (looking away from task, etc.)",MD,Pickup,Moving Constant Speed,40,No,2017,FORD,F-150,39.092935,-77.122545,2024,9,15
240046185,Property Damage Crash,09/26/2024 03:10:00 PM,UNIVERSITY BLVD E,NA,"Sideswipe, Same Direction",Clear,Dry,Daylight,No Controls,NONE DETECTED,No,No Apparent Injury,NA,Not Distracted,MD,Passenger Car,Moving Constant Speed,35,No,2024,SUBARU,FORESTER,39.01918006,-77.01205996,2024,9,15
240046185,Property Damage Crash,09/26/2024 03:10:00 PM,UNIVERSITY BLVD E,NA,"Sideswipe, Same Direction",Clear,Dry,Daylight,No Controls,NONE DETECTED,No,No Apparent Injury,"Failed to Keep in Proper Lane, Improper Passing, Operated Motor Vehicle in Inattentive, Careless, Negligent, or Erratic Manner, Other Improper Action",Unknown,NA,Passenger Car,Overtaking/Passing,35,No,2013,VOLVO,S60,39.01918006,-77.01205996,2024,9,15
240046024,Property Damage Crash,09/26/2024 03:00:00 PM,E FRANKLIN AVE (WB/L),NA,Angle,Cloudy,Dry,Daylight,Stop Sign,NONE DETECTED,Yes,No Apparent Injury,"Failed to Yield Right-of-Way, Improper Turn",Unknown,MD,Sport Utility Vehicle,Turning Right,25,No,2019,HONDA,PILOT,39.01261294,-77.00189554,2024,9,15
240046024,Property Damage Crash,09/26/2024 03:00:00 PM,E FRANKLIN AVE (WB/L),NA,Angle,Cloudy,Dry,Daylight,Stop Sign,NONE DETECTED,No,No Apparent Injury,NA,Not Distracted,MD,Sport Utility Vehicle,Moving Constant Speed,25,No,2020,TOYOTA,HIGHLANDER,39.01261294,-77.00189554,2024,9,15
240045976,Property Damage Crash,09/26/2024 02:21:00 PM,MONTGOMERY AVE,NA,"Sideswipe, Same Direction",Cloudy,Dry,Daylight,Traffic Control Signal,NONE DETECTED,No,NA,NA,NA,NA,NA,Moving Constant Speed,25,No,0,NA,NA,38.98571316,-77.08676929,2024,9,14
240045976,Property Damage Crash,09/26/2024 02:21:00 PM,MONTGOMERY AVE,NA,"Sideswipe, Same Direction",Cloudy,Dry,Daylight,Traffic Control Signal,NONE DETECTED,No,No Apparent Injury,NA,Not Distracted,MD,Bus - Transit,Moving Constant Speed,25,No,2015,NEW FLYER,TRANSIT BUS,38.98571316,-77.08676929,2024,9,14
240045944,Injury Crash,09/26/2024 01:03:00 PM,WISTERIA DR,NA,Angle,Cloudy,Dry,Daylight,Traffic Control Signal,NONE DETECTED,No,No Apparent Injury,NA,Not Distracted,MD,Sport Utility Vehicle,Stopped in Traffic,40,No,2021,TOYOTA,HIGHLANDER,39.17691567,-77.2700565,2024,9,13
240045944,Injury Crash,09/26/2024 01:03:00 PM,WISTERIA DR,NA,Angle,Cloudy,Dry,Daylight,Traffic Control Signal,NONE DETECTED,Yes,Possible Minor Injury,Ran Red Light,Unknown,MD,Passenger Car,Moving Constant Speed,40,No,2017,HONDA,HR-V,39.17691567,-77.2700565,2024,9,13
240045944,Injury Crash,09/26/2024 01:03:00 PM,WISTERIA DR,NA,Angle,Cloudy,Dry,Daylight,Traffic Control Signal,NONE DETECTED,No,Possible Minor Injury,NA,Unknown,MD,Passenger Car,Moving Constant Speed,30,No,2012,HONDA,ACCORD,39.17691567,-77.2700565,2024,9,13
240045925,Property Damage Crash,09/26/2024 11:47:00 AM,NA,NA,"Sideswipe, Same Direction",Cloudy,NA,Daylight,NA,NONE DETECTED,No,No Apparent Injury,NA,Unknown,MD,Passenger Car,Turning Left,0,No,2005,CHEVROLET,EQUINOX,39.08193887,-77.07579928,2024,9,11
240045925,Property Damage Crash,09/26/2024 11:47:00 AM,NA,NA,"Sideswipe, Same Direction",Cloudy,NA,Daylight,NA,NONE DETECTED,No,No Apparent Injury,NA,Not Distracted,MD,Passenger Car,Moving Constant Speed,0,No,2017,KIA,SORENTO,39.08193887,-77.07579928,2024,9,11
240045920,Property Damage Crash,09/26/2024 11:43:00 AM,ROCKVILLE PIKE (SB/L),NA,Front to Rear,Cloudy,Dry,Daylight,No Controls,NONE DETECTED,No,No Apparent Injury,NA,Not Distracted,MD,Van - Cargo,Stopped in Traffic,35,No,2019,RAM,CARGO VAN,39.07890492,-77.14214342,2024,9,11
240045920,Property Damage Crash,09/26/2024 11:43:00 AM,ROCKVILLE PIKE (SB/L),NA,Front to Rear,Cloudy,Dry,Daylight,No Controls,NONE DETECTED,No,No Apparent Injury,NA,"Other Action (looking away from task, etc.)",MD,Passenger Car,Slowing or Stopping,35,No,2014,HONDA,ACCORD,39.07890492,-77.14214342,2024,9,11
240045914,Injury Crash,09/26/2024 11:24:00 AM,GEORGIA AVE (SB/L),NA,Angle,Cloudy,Wet,Daylight,No Controls,NONE DETECTED,Yes,No Apparent Injury,"Failed to Yield Right-of-Way, Improper Turn",Not Distracted,MD,Passenger Car,Turning Left,25,No,2016,SUBARU,LEGACY,39.04093877,-77.05166609,2024,9,11
240045914,Injury Crash,09/26/2024 11:24:00 AM,GEORGIA AVE (SB/L),NA,Angle,Cloudy,Wet,Daylight,No Controls,NONE DETECTED,No,Possible Minor Injury,NA,Not Distracted,MD,Passenger Car,Accelerating,25,No,2016,FORD,TAURUS,39.04093877,-77.05166609,2024,9,11
240045915,Injury Crash,09/26/2024 11:05:00 AM,NA,Scooter (electric),Single Vehicle,Cloudy,Dry,Daylight,No Controls,NONE DETECTED,Yes,No Apparent Injury,Failed to Yield Right-of-Way,"Other Action (looking away from task, etc.)",MD,Passenger Car,Turning Right,10,No,2007,TOYOTA,COROLLA,39.07618433,-77.13862431,2024,9,11
240045901,Property Damage Crash,09/26/2024 10:05:00 AM,FREDERICK RD (SB/L),NA,Front to Rear,Rain,Wet,Daylight,Traffic Control Signal,NONE DETECTED,No,No Apparent Injury,NA,Not Distracted,MD,Passenger Car,Slowing or Stopping,35,No,2024,HONDA,PROLOGUE,39.11560992,-77.16661308,2024,9,10
240045901,Property Damage Crash,09/26/2024 10:05:00 AM,FREDERICK RD (SB/L),NA,Front to Rear,Rain,Wet,Daylight,Traffic Control Signal,NONE DETECTED,No,No Apparent Injury,Followed Too Closely,Not Distracted,MD,Passenger Car,Slowing or Stopping,35,No,2016,VOLKSWAGEN,JETTA,39.11560992,-77.16661308,2024,9,10
240045899,Property Damage Crash,09/26/2024 10:00:00 AM,LAYHILL RD,NA,"Sideswipe, Same Direction",Rain,Wet,Daylight,Yield Sign,NONE DETECTED,No,No Apparent Injury,NA,Unknown,MD,Passenger Car,Overtaking/Passing,35,No,2012,HYUNDAI,ELANTRA,39.06017202,-77.05091185,2024,9,10
240045899,Property Damage Crash,09/26/2024 10:00:00 AM,LAYHILL RD,NA,"Sideswipe, Same Direction",Rain,Wet,Daylight,Yield Sign,NONE DETECTED,No,No Apparent Injury,NA,Not Distracted,MD,Passenger Car,Changing Lanes,35,No,2019,HONDA,CIVIC,39.06017202,-77.05091185,2024,9,10
240045898,Property Damage Crash,09/26/2024 09:55:00 AM,MONTROSE RD (WB/L),NA,Single Vehicle,Rain,Wet,Daylight,Pedestrian Crossing Sign,NONE DETECTED,Yes,No Apparent Injury,NA,Unknown,MD,Passenger Car,Negotiating a Curve,30,No,2013,LEXUS,ES,39.05359667,-77.1355,2024,9,9
240045889,Property Damage Crash,09/26/2024 09:02:00 AM,TIVOLI LAKE BLVD,NA,Front to Rear,Clear,Wet,Daylight,Traffic Control Signal,NONE DETECTED,Yes,No Apparent Injury,"Followed Too Closely, Operated Motor Vehicle in Inattentive, Careless, Negligent, or Erratic Manner",Not Distracted,MD,Passenger Car,Moving Constant Speed,35,No,2003,SUZUKI,AERIO,39.0658637,-77.03464398,2024,9,9
24045892,Property Damage Crash,09/26/2024 09:02:00 AM,GAINSBOROUGH RD,NA,Rear To Rear,Cloudy,Wet,Daylight,No Controls,NONE DETECTED,No,No Apparent Injury,NA,Not Distracted,MD,Passenger Car,Parked,25,No,2021,FORD,MUSTANG MACH-E,39.05102646,-77.15942582,2024,9,9
240045889,Property Damage Crash,09/26/2024 09:02:00 AM,TIVOLI LAKE BLVD,NA,Front to Rear,Clear,Wet,Daylight,Traffic Control Signal,NONE DETECTED,No,No Apparent Injury,NA,Not Distracted,MD,Passenger Car,Stopped in Traffic,35,No,2018,SUBARU,CROSSTREK,39.0658637,-77.03464398,2024,9,9
24045892,Property Damage Crash,09/26/2024 09:02:00 AM,GAINSBOROUGH RD,NA,Rear To Rear,Cloudy,Wet,Daylight,No Controls,NONE DETECTED,No,No Apparent Injury,"Operated Motor Vehicle in Inattentive, Careless, Negligent, or Erratic Manner",Unknown,MD,Passenger Car,Backing,25,No,2010,TOYOTA,PRIUS,39.05102646,-77.15942582,2024,9,9
240045942,Property Damage Crash,09/26/2024 08:30:00 AM,NA,NA,Single Vehicle,Rain,NA,Daylight,NA,NONE DETECTED,Yes,No Apparent Injury,NA,Not Distracted,MD,Sport Utility Vehicle,Backing,0,No,2023,CHEVROLET,SUBURBAN,39.29945858,-77.16466789,2024,9,8
240054024,Property Damage Crash,09/26/2024 07:40:00 AM,GEORGIA AVE (SB/L),NA,Front to Rear,Rain,Wet,Daylight,Traffic Control Signal,NONE DETECTED,Yes,No Apparent Injury,"Followed Too Closely, Too Fast For Conditions",Unknown,NA,Passenger Car,Slowing or Stopping,35,No,2024,MAZDA,CX-30,38.98769699,-77.02675079,2024,9,7
240054024,Property Damage Crash,09/26/2024 07:40:00 AM,GEORGIA AVE (SB/L),NA,Front to Rear,Rain,Wet,Daylight,Traffic Control Signal,NONE DETECTED,No,No Apparent Injury,NA,Not Distracted,MD,Sport Utility Vehicle,Stopped in Traffic,35,No,2022,HONDA,HR-V,38.98769699,-77.02675079,2024,9,7
240045887,Property Damage Crash,09/26/2024 07:26:00 AM,OAKLYN DR,NA,Single Vehicle,Rain,Wet,Daylight,No Controls,NONE DETECTED,Yes,No Apparent Injury,NA,Not Distracted,MD,Passenger Car,Moving Constant Speed,30,No,2017,CHEVROLET,CAMARO,38.9993605,-77.20696067,2024,9,7
240045878,Injury Crash,09/26/2024 07:03:00 AM,SHADY GROVE RD,NA,"Sideswipe, Same Direction",Rain,Wet,Daylight,Traffic Control Signal,NONE DETECTED,No,No Apparent Injury,NA,Unknown,MD,Passenger Car,Turning Right,40,No,2018,TOYOTA,COROLLA,39.12240465,-77.17761301,2024,9,7
240045878,Injury Crash,09/26/2024 07:03:00 AM,SHADY GROVE RD,NA,"Sideswipe, Same Direction",Rain,Wet,Daylight,Traffic Control Signal,NONE DETECTED,No,No Apparent Injury,NA,Not Distracted,MD,Passenger Car,Turning Right,40,No,2024,LEXUS,RX,39.12240465,-77.17761301,2024,9,7
240045877,Injury Crash,09/26/2024 06:58:00 AM,RANDOLPH RD (WB/L),NA,Front to Rear,Rain,Wet,Daylight,No Controls,NONE DETECTED,No,No Apparent Injury,NA,Not Distracted,PA,Single-Unit Truck,Stopped in Traffic,35,No,2024,VOLVO,UNKNOWN,39.05908867,-77.06972483,2024,9,6
240045877,Injury Crash,09/26/2024 06:58:00 AM,RANDOLPH RD (WB/L),NA,Front to Rear,Rain,Wet,Daylight,No Controls,NONE DETECTED,No,No Apparent Injury,NA,Not Distracted,MD,Bus - School,Stopped in Traffic,35,No,2016,THOMAS BUILT,SCHOOL BUS,39.05908867,-77.06972483,2024,9,6
240045877,Injury Crash,09/26/2024 06:58:00 AM,RANDOLPH RD (WB/L),NA,Front to Rear,Rain,Wet,Daylight,No Controls,NONE DETECTED,Yes,Possible Minor Injury,Followed Too Closely,Not Distracted,MD,Sport Utility Vehicle,Changing Lanes,25,No,2016,LEXUS,NX,39.05908867,-77.06972483,2024,9,6
240045881,Injury Crash,09/26/2024 06:00:00 AM,EISENHOWER MEMORIAL HWY (SB/L),NA,Front to Rear,Rain,Wet,Daylight,No Controls,NONE DETECTED,No,Possible Minor Injury,NA,Not Distracted,MD,Sport Utility Vehicle,Moving Constant Speed,55,No,2025,HONDA,HR-V,39.10803733,-77.18484083,2024,9,6
240045881,Injury Crash,09/26/2024 06:00:00 AM,EISENHOWER MEMORIAL HWY (SB/L),NA,Front to Rear,Rain,Wet,Daylight,No Controls,NONE DETECTED,Yes,No Apparent Injury,"Followed Too Closely, Too Fast For Conditions",Unknown,MD,Pickup,Moving Constant Speed,55,No,2008,FORD,F-150,39.10803733,-77.18484083,2024,9,6
240045873,Property Damage Crash,09/26/2024 05:33:00 AM,MONTROSE PKWY,NA,Single Vehicle,Rain,Wet,Medium,No Controls,NONE DETECTED,No,No Apparent Injury,NA,Not Distracted,MD,Sport Utility Vehicle,Moving Constant Speed,45,No,2002,JEEP,LIBERTY,39.05285205,-77.13588847,2024,9,5
240045866,Property Damage Crash,09/26/2024 03:17:00 AM,CLARIDGE RD,NA,Front to Rear,Rain,Wet,Medium,No Controls,ALCOHOL PRESENT,Yes,No Apparent Injury,NA,Not Distracted,MD,Passenger Car,Accelerating,25,No,2012,SUBARU,LEGACY,39.05159595,-77.06616954,2024,9,3
240045859,Injury Crash,09/26/2024 12:35:00 AM,WISCONSIN AVE,NA,Single Vehicle,Cloudy,Wet,Medium,Flashing Traffic Control Signal,NONE DETECTED,No,Possible Minor Injury,NA,Not Distracted,MD,Passenger Car,Moving Constant Speed,30,No,2008,TOYOTA,COROLLA,38.96542931,-77.08791935,2024,9,0
240045859,Injury Crash,09/26/2024 12:35:00 AM,WISCONSIN AVE,NA,Single Vehicle,Cloudy,Wet,Medium,Flashing Traffic Control Signal,NONE DETECTED,Yes,No Apparent Injury,NA,Not Distracted,MD,Sport Utility Vehicle,Entering Traffic Lane,30,No,2024,TOYOTA,RAV4,38.96542931,-77.08791935,2024,9,0
240045854,Property Damage Crash,09/25/2024 11:33:00 PM,MASON ST,NA,Angle,Rain,Wet,Medium,No Controls,NONE DETECTED,No,No Apparent Injury,NA,Not Distracted,MD,Passenger Car,Turning Left,35,No,2013,HONDA,ODYSSEY,39.055341,-77.05039283,2024,9,23
240045854,Property Damage Crash,09/25/2024 11:33:00 PM,MASON ST,NA,Angle,Rain,Wet,Medium,No Controls,NONE DETECTED,No,No Apparent Injury,NA,Not Distracted,DC,Passenger Car,Moving Constant Speed,35,No,2017,KIA,OPTIMA,39.055341,-77.05039283,2024,9,23
240045851,Property Damage Crash,09/25/2024 10:36:00 PM,GALWAY DR,NA,"Sideswipe, Same Direction",Rain,Wet,Medium,No Controls,NONE DETECTED,Yes,No Apparent Injury,NA,Not Distracted,MD,Passenger Car,Moving Constant Speed,25,No,2003,TOYOTA,CAMRY,39.06246083,-76.94500583,2024,9,22
240045844,Property Damage Crash,09/25/2024 09:30:00 PM,HAWKINS CREAMERY RD,NA,Single Vehicle,Rain,Wet,Dark,No Controls,NONE DETECTED,Yes,No Apparent Injury,NA,Not Distracted,MD,Passenger Car,Moving Constant Speed,40,No,2013,TOYOTA,COROLLA,39.2698601,-77.1880747,2024,9,21
240045846,Property Damage Crash,09/25/2024 09:19:00 PM,W MONTGOMERY AVE,NA,Single Vehicle,Rain,Wet,Medium,No Controls,ALCOHOL PRESENT,No,No Apparent Injury,NA,Not Distracted,MD,Passenger Car,Moving Constant Speed,40,No,2015,TOYOTA,AVALON,39.09255428,-77.18253291,2024,9,21
240045838,Injury Crash,09/25/2024 08:28:00 PM,NA,NA,Angle,Rain,Wet,Medium,Traffic Control Signal,NONE DETECTED,Yes,No Apparent Injury,Ran Red Light,Unknown,NA,Sport Utility Vehicle,Accelerating,35,No,2018,FORD,ECOSPORT,39.15777948,-77.1919718,2024,9,20
240045838,Injury Crash,09/25/2024 08:28:00 PM,NA,NA,Angle,Rain,Wet,Medium,Traffic Control Signal,NONE DETECTED,No,No Apparent Injury,NA,Not Distracted,MD,Passenger Car,Turning Left,55,No,2017,FORD,FUSION,39.15777948,-77.1919718,2024,9,20
240045834,Property Damage Crash,09/25/2024 07:54:00 PM,NA,NA,Front to Front,Cloudy,NA,Medium,NA,NONE DETECTED,No,NA,NA,NA,NA,Passenger Car,Moving Constant Speed,0,No,2015,CHRYSLER,200,39.02211799,-76.97699444,2024,9,19
240045834,Property Damage Crash,09/25/2024 07:54:00 PM,NA,NA,Front to Front,Cloudy,NA,Medium,NA,NONE DETECTED,No,No Apparent Injury,NA,Not Distracted,PA,Passenger Car,Slowing or Stopping,0,No,2019,LINCOLN,NAUTILUS,39.02211799,-76.97699444,2024,9,19
240045831,Injury Crash,09/25/2024 07:50:00 PM,NA,NA,Front to Rear,Rain,Wet,Medium,Yield Sign,NONE DETECTED,Yes,No Apparent Injury,Followed Too Closely,Not Distracted,MD,Passenger Car,Turning Right,30,No,2022,TOYOTA,RAV4,39.16293167,-77.282745,2024,9,19