Local Case Number,ACRS Report Type,Crash Date/Time,Road Name,Related Non-Motorist,Collision Type,Weather,Surface Condition,Light,Traffic Control,Driver Substance Abuse,Driver At Fault,Injury Severity,Circumstance,Driver Distracted By,Drivers License State,Vehicle Body Type,Vehicle Movement,Speed Limit,Driverless Vehicle,Vehicle Year,Vehicle Make,Vehicle Model,Latitude,Longitude,Year,Month,Hour
240045396,Property Damage Crash,09/23/2024 03:30:00 PM,AIRPARK RD,NA,Single Vehicle,Rain,Wet,Daylight,No Controls,NONE DETECTED,Yes,No Apparent Injury,NA,Unknown,MD,Passenger Car,Moving Constant Speed,40,No,2010,MAZDA,MAZDA3,39.15297976,-77.14167399,2024,9,15
240045393,Property Damage Crash,09/23/2024 03:15:00 PM,RANDOLPH RD (WB/L),NA,Single Vehicle,Rain,Wet,Daylight,No Controls,NONE DETECTED,Yes,No Apparent Injury,"Over-Correcting/Over-Steering, Swerved or Avoided Due to Wind, Slippery Surface, Motor Vehicle, Object, Non-Motorist in Roadway, etc, Too Fast For Conditions",Not Distracted,NY,Passenger Car,Moving Constant Speed,35,No,2020,HYUNDAI,IONIQ,39.05330833,-77.08852027,2024,9,15
240045392,Injury Crash,09/23/2024 03:12:00 PM,GEORGIA AVE,NA,Angle,Rain,Wet,Daylight,No Controls,NONE DETECTED,No,No Apparent Injury,NA,Not Distracted,MD,Passenger Car,Moving Constant Speed,40,No,2005,ACURA,UNKNOWN,39.16929311,-77.06149824,2024,9,15
240045392,Injury Crash,09/23/2024 03:12:00 PM,GEORGIA AVE,NA,Angle,Rain,Wet,Daylight,Stop Sign,NONE DETECTED,No,Possible Minor Injury,NA,Unknown,MD,Passenger Car,Turning Left,25,No,1999,TOYOTA,CAMRY,39.16929311,-77.06149824,2024,9,15
240045386,Property Damage Crash,09/23/2024 03:00:00 PM,ANGELWING DR,NA,Rear To Rear,Rain,Wet,Daylight,No Controls,NONE DETECTED,Yes,No Apparent Injury,NA,Unknown,MD,Bus - School,Backing,5,No,2018,FREIGHTLINER,B2 BUS CHASSIS,39.06488783,-76.97437183,2024,9,15
240045382,Injury Crash,09/23/2024 02:35:00 PM,BRADLEY BLVD,NA,Single Vehicle,Cloudy,Dry,Daylight,No Controls,NONE DETECTED,Yes,Possible Minor Injury,NA,Unknown,MD,Passenger Car,Moving Constant Speed,35,No,2022,HONDA,ACCORD,39.00508917,-77.1450055,2024,9,14
240045383,Injury Crash,09/23/2024 02:10:00 PM,NORBECK RD,NA,"Sideswipe, Same Direction",Cloudy,Dry,Daylight,Traffic Control Signal,NONE DETECTED,No,Possible Minor Injury,NA,Not Distracted,MD,Sport Utility Vehicle,Moving Constant Speed,40,No,2013,HYUNDAI,SANTA FE,39.1212015,-76.98958433,2024,9,14
240045383,Injury Crash,09/23/2024 02:10:00 PM,NORBECK RD,NA,"Sideswipe, Same Direction",Cloudy,Dry,Daylight,Traffic Control Signal,NONE DETECTED,No,No Apparent Injury,NA,Not Distracted,FL,Sport Utility Vehicle,Changing Lanes,40,No,2021,HYUNDAI,SANTA FE,39.1212015,-76.98958433,2024,9,14
240045373,Injury Crash,09/23/2024 01:46:00 PM,CAPITOL VIEW AVE,NA,Single Vehicle,Cloudy,Dry,Daylight,No Controls,NONE DETECTED,No,Possible Minor Injury,Too Fast For Conditions,Unknown,MD,Passenger Car,Moving Constant Speed,25,No,2010,HYUNDAI,ELANTRA,39.01558995,-77.05554262,2024,9,13
240046897,Property Damage Crash,09/23/2024 01:38:00 PM,FREDERICK RD (SB/L),NA,Front to Rear,Clear,Dry,Daylight,No Controls,NONE DETECTED,No,NA,NA,NA,NA,Passenger Car,Slowing or Stopping,40,No,2005,HONDA,ACCORD,39.18612104,-77.24000322,2024,9,13
240046897,Property Damage Crash,09/23/2024 01:38:00 PM,FREDERICK RD (SB/L),NA,Front to Rear,Clear,Dry,Daylight,No Controls,NONE DETECTED,No,No Apparent Injury,NA,Not Distracted,MD,Passenger Car,Slowing or Stopping,40,No,2017,TOYOTA,CAMRY,39.18612104,-77.24000322,2024,9,13
240045364,Injury Crash,09/23/2024 01:03:00 PM,GOSHEN RD,NA,"Sideswipe, Opposite Direction",Clear,Dry,Daylight,No Controls,NONE DETECTED,Yes,Possible Minor Injury,Other Improper Action,Unknown,MD,Passenger Car,Changing Lanes,35,No,2007,INFINITI,UNKNOWN,39.15544867,-77.19214783,2024,9,13
240045364,Injury Crash,09/23/2024 01:03:00 PM,GOSHEN RD,NA,"Sideswipe, Opposite Direction",Clear,Dry,Daylight,No Controls,NONE DETECTED,No,No Apparent Injury,NA,Not Distracted,MD,Passenger Car,Moving Constant Speed,35,No,2019,SUBARU,FORESTER,39.15544867,-77.19214783,2024,9,13
240045367,Property Damage Crash,09/23/2024 01:03:00 PM,LAKE WINDS WAY,NA,Front to Rear,Cloudy,Dry,Daylight,No Controls,NONE DETECTED,Yes,No Apparent Injury,Followed Too Closely,Unknown,MD,Passenger Car,Moving Constant Speed,30,No,1992,GRUMMAN,UNKNOWN,39.09329059,-77.22797619,2024,9,13
240045367,Property Damage Crash,09/23/2024 01:03:00 PM,LAKE WINDS WAY,NA,Front to Rear,Cloudy,Dry,Daylight,No Controls,NONE DETECTED,No,No Apparent Injury,NA,Not Distracted,MD,Van - Passenger (&lt;9 Seats),Slowing or Stopping,30,No,2023,CHEVROLET,EXPRESS,39.09329059,-77.22797619,2024,9,13
240045357,Property Damage Crash,09/23/2024 01:01:00 PM,EDISON PARK DR,NA,Front to Rear,Cloudy,Dry,Daylight,No Controls,NONE DETECTED,No,No Apparent Injury,Improper Backing,"Other Action (looking away from task, etc.)",MD,Passenger Car,Backing,25,No,2016,NISSAN,SENTRA,39.1103135,-77.23647083,2024,9,13
240045357,Property Damage Crash,09/23/2024 01:01:00 PM,EDISON PARK DR,NA,Front to Rear,Cloudy,Dry,Daylight,No Controls,NONE DETECTED,No,No Apparent Injury,NA,Not Distracted,VA,Passenger Car,Stopped in Traffic,25,No,2017,FORD,TAURUS,39.1103135,-77.23647083,2024,9,13
240045363,Injury Crash,09/23/2024 01:00:00 PM,E GUDE DR (WB/L),NA,Front to Rear,Clear,Dry,Daylight,Traffic Control Signal,NONE DETECTED,No,Possible Minor Injury,NA,Not Distracted,MD,Sport Utility Vehicle,Stopped in Traffic,40,No,2013,HONDA,PILOT,39.10645,-77.151840000000007,2024,9,13
240045363,Injury Crash,09/23/2024 01:00:00 PM,E GUDE DR (WB/L),NA,Front to Rear,Clear,Dry,Daylight,Traffic Control Signal,NONE DETECTED,Yes,No Apparent Injury,Followed Too Closely,"Manually Operating (dialing, playing game, etc.)",MD,Passenger Car,Moving Constant Speed,40,No,2011,BMW,328I,39.10645,-77.151840000000007,2024,9,13
240045363,Injury Crash,09/23/2024 01:00:00 PM,E GUDE DR (WB/L),NA,Front to Rear,Clear,Dry,Daylight,Traffic Control Signal,NONE DETECTED,No,No Apparent Injury,NA,Not Distracted,MD,Passenger Car,Stopped in Traffic,40,No,2010,LEXUS,ES,39.10645,-77.151840000000007,2024,9,13
240045317,Property Damage Crash,09/23/2024 08:45:00 AM,NEW HAMPSHIRE AVE (SB/L),NA,Single Vehicle,Cloudy,Dry,Daylight,No Controls,NONE DETECTED,No,No Apparent Injury,NA,Unknown,MD,Passenger Car,Accelerating,35,No,2017,TOYOTA,COROLLA,38.98083983,-76.98934367,2024,9,8
240045312,Injury Crash,09/23/2024 08:18:00 AM,DUFIEF MILL RD,NA,Front to Rear,Cloudy,Dry,Daylight,No Controls,NONE DETECTED,Yes,No Apparent Injury,"Followed Too Closely, Too Fast For Conditions",Unknown,MD,Passenger Car,Moving Constant Speed,30,No,2011,HONDA,CR-Z,39.08152148,-77.2497314,2024,9,8
240045312,Injury Crash,09/23/2024 08:18:00 AM,DUFIEF MILL RD,NA,Front to Rear,Cloudy,Dry,Daylight,No Controls,NONE DETECTED,No,Possible Minor Injury,NA,Not Distracted,MD,Passenger Car,Stopped in Traffic,30,No,2022,MAZDA,CX-30,39.08152148,-77.2497314,2024,9,8
240045310,Property Damage Crash,09/23/2024 08:01:00 AM,N SUMMIT AVE,NA,Single Vehicle,Cloudy,Dry,Daylight,No Controls,NONE DETECTED,Yes,No Apparent Injury,Improper Turn,Not Distracted,MD,Passenger Car,Turning Right,35,No,2016,HONDA,CR-V,39.14330371,-77.19309806,2024,9,8
240045306,Injury Crash,09/23/2024 07:43:00 AM,YELLOWWOOD DR,Occupant of Motor Vehicle Not in Transport,Single Vehicle,Cloudy,Dry,Daylight,No Controls,NONE DETECTED,No,No Apparent Injury,NA,Not Distracted,MD,Sport Utility Vehicle,Moving Constant Speed,25,No,2018,HONDA,CR-V,39.23429696,-77.23952041,2024,9,7
240045302,Injury Crash,09/23/2024 07:27:00 AM,NA,NA,Front to Rear,Clear,Dry,Medium,No Controls,NONE DETECTED,Yes,No Apparent Injury,NA,Not Distracted,MD,Passenger Car,Moving Constant Speed,30,No,2016,JEEP,WRANGLER,39.08167867,-77.1455652,2024,9,7
240045302,Injury Crash,09/23/2024 07:27:00 AM,NA,NA,Front to Rear,Clear,Dry,Medium,No Controls,NONE DETECTED,No,Possible Minor Injury,NA,Not Distracted,MD,Passenger Car,Moving Constant Speed,30,No,2024,HYUNDAI,TUCSON,39.08167867,-77.1455652,2024,9,7
240045307,Injury Crash,09/23/2024 07:25:00 AM,ROCKING HORSE RD,NA,Other,Clear,Dry,Daylight,Traffic Control Signal,NONE DETECTED,Yes,No Apparent Injury,NA,Not Distracted,MD,Passenger Car,Turning Left,35,No,2010,HONDA,ODYSSEY,39.053902,-77.09432717,2024,9,7
240045307,Injury Crash,09/23/2024 07:25:00 AM,ROCKING HORSE RD,NA,Other,Clear,Dry,Daylight,Traffic Control Signal,NONE DETECTED,No,No Apparent Injury,NA,Not Distracted,MD,Passenger Car,Moving Constant Speed,35,No,2013,SUBARU,OUTBACK,39.053902,-77.09432717,2024,9,7
240045307,Injury Crash,09/23/2024 07:25:00 AM,ROCKING HORSE RD,NA,Other,Clear,Dry,Daylight,Traffic Control Signal,NONE DETECTED,No,No Apparent Injury,NA,Not Distracted,MD,Sport Utility Vehicle,Stopped in Traffic,35,No,2022,CHEVROLET,VOLT,39.053902,-77.09432717,2024,9,7
240045303,Property Damage Crash,09/23/2024 07:05:00 AM,GATE RAIL RD,NA,Angle,Rain,Wet,Daylight,No Controls,NONE DETECTED,Yes,No Apparent Injury,Failed to Yield Right-of-Way,Not Distracted,MD,Passenger Car,Turning Left,35,No,2011,TOYOTA,AVALON,39.24061225,-77.26998845,2024,9,7
240045303,Property Damage Crash,09/23/2024 07:05:00 AM,GATE RAIL RD,NA,Angle,Rain,Wet,Daylight,No Controls,NONE DETECTED,No,No Apparent Injury,NA,Not Distracted,MD,Passenger Car,Moving Constant Speed,35,No,2014,KIA,FORTE,39.24061225,-77.26998845,2024,9,7
240045298,Property Damage Crash,09/23/2024 04:55:00 AM,BRIGHTON DR,NA,Angle,Clear,Dry,Medium,No Controls,ALCOHOL PRESENT,Yes,No Apparent Injury,NA,Unknown,MD,Passenger Car,NA,15,No,2015,INFINITI,QX60,39.12996983,-77.19725883,2024,9,4
240045293,Injury Crash,09/23/2024 04:25:00 AM,VEIRS MILL RD,NA,Unknown,Clear,Dry,Medium,Traffic Control Signal,NONE DETECTED,Yes,Suspected Serious Injury,NA,Not Distracted,MD,Sport Utility Vehicle,Moving Constant Speed,30,No,2022,FORD,EXPLORER,39.08150208,-77.14597181,2024,9,4
240045293,Injury Crash,09/23/2024 04:25:00 AM,VEIRS MILL RD,NA,Unknown,Clear,Dry,Medium,Traffic Control Signal,NONE DETECTED,No,Possible Minor Injury,NA,Not Distracted,MD,Passenger Car,Moving Constant Speed,35,No,2011,FORD,FUSION,39.08150208,-77.14597181,2024,9,4
240045274,Property Damage Crash,09/22/2024 09:40:00 PM,NA,NA,Angle,Clear,Dry,Medium,No Controls,NONE DETECTED,No,No Apparent Injury,NA,Not Distracted,MD,Passenger Car,Moving Constant Speed,35,No,2012,TOYOTA,HIGHLANDER,39.1800845,-77.21013233,2024,9,21
240045274,Property Damage Crash,09/22/2024 09:40:00 PM,NA,NA,Angle,Clear,Dry,Medium,No Controls,NONE DETECTED,No,NA,NA,Unknown,NA,Unknown,Turning Left,35,No,0,NA,NA,39.1800845,-77.21013233,2024,9,21
240045262,Property Damage Crash,09/22/2024 08:12:00 PM,MINERAL SPRINGS DR,NA,Front to Front,Clear,Dry,Medium,Stop Sign,NONE DETECTED,Yes,No Apparent Injury,NA,Not Distracted,MD,Passenger Car,Turning Right,35,No,2016,HONDA,ACCORD,39.15462212,-77.16376524,2024,9,20
240045262,Property Damage Crash,09/22/2024 08:12:00 PM,MINERAL SPRINGS DR,NA,Front to Front,Clear,Dry,Medium,No Controls,NONE DETECTED,No,No Apparent Injury,NA,Not Distracted,MD,Passenger Car,Slowing or Stopping,35,No,2007,ACURA,TL,39.15462212,-77.16376524,2024,9,20
240045255,Property Damage Crash,09/22/2024 07:20:00 PM,GEORGIA AVE,NA,Single Vehicle,Clear,Dry,Medium,No Controls,NONE DETECTED,No,No Apparent Injury,NA,Not Distracted,MD,Passenger Car,Moving Constant Speed,35,No,2004,TOYOTA,4-RUNNER,39.01174272,-77.04134487,2024,9,19
240045254,Property Damage Crash,09/22/2024 07:07:00 PM,RICHTER FARM RD,NA,Angle,Clear,Dry,Medium,Stop Sign,NONE DETECTED,Yes,No Apparent Injury,NA,Not Distracted,MD,Sport Utility Vehicle,Turning Left,30,No,2015,TOYOTA,HIGHLANDER,39.15194499,-77.29227212,2024,9,19
240045254,Property Damage Crash,09/22/2024 07:07:00 PM,RICHTER FARM RD,NA,Angle,Clear,Dry,Medium,No Controls,NONE DETECTED,No,No Apparent Injury,NA,Not Distracted,MD,Passenger Car,Moving Constant Speed,30,No,2006,HONDA,ACCORD,39.15194499,-77.29227212,2024,9,19
240045253,Injury Crash,09/22/2024 06:57:00 PM,ROCKVILLE PIKE,NA,Front to Rear,Clear,Dry,Medium,No Controls,NONE DETECTED,No,Possible Minor Injury,NA,Not Distracted,MD,Sport Utility Vehicle,Stopped in Traffic,30,No,2014,FORD,ESCAPE,39.07689432,-77.13891492,2024,9,18
240045253,Injury Crash,09/22/2024 06:57:00 PM,ROCKVILLE PIKE,NA,Front to Rear,Clear,Dry,Medium,No Controls,NONE DETECTED,Yes,No Apparent Injury,NA,Not Distracted,MD,Passenger Car,Slowing or Stopping,30,No,2013,TOYOTA,PRIUS,39.07689432,-77.13891492,2024,9,18
240045237,Property Damage Crash,09/22/2024 05:00:00 PM,RIPLEY ST,NA,Front to Front,Clear,Dry,Daylight,Traffic Control Signal,NONE DETECTED,No,No Apparent Injury,NA,Not Distracted,MD,Passenger Car,Moving Constant Speed,25,No,2009,MERCEDES-BENZ,UNKNOWN,38.99245689,-77.02687044,2024,9,17
240045237,Property Damage Crash,09/22/2024 05:00:00 PM,RIPLEY ST,NA,Front to Front,Clear,Dry,Daylight,Traffic Control Signal,NONE DETECTED,Yes,NA,NA,NA,NA,Passenger Car,NA,25,No,2019,HYUNDAI,ELANTRA,38.99245689,-77.02687044,2024,9,17
24002019,Injury Crash,09/22/2024 03:54:00 PM,LAKE RIDGE DR,Scooter (non-Electric),Single Vehicle,Clear,Dry,Daylight,No Controls,NONE DETECTED,No,No Apparent Injury,NA,Not Distracted,MD,Passenger Car,Negotiating a Curve,25,No,2021,VOLKSWAGEN,JETTA,39.1926428,-77.295023080000007,2024,9,15
240045544,Property Damage Crash,09/22/2024 07:28:00 AM,NA,NA,"Sideswipe, Opposite Direction",Clear,NA,Daylight,NA,NONE DETECTED,No,No Apparent Injury,NA,NA,NA,Passenger Car,Accelerating,0,No,2011,SUBARU,FORESTER,39.05402787,-77.10590741,2024,9,7
240045164,Property Damage Crash,09/22/2024 06:00:00 AM,ROCKVILLE PIKE (SB/L),NA,Angle,Cloudy,Wet,Medium,Traffic Control Signal,NONE DETECTED,No,No Apparent Injury,NA,Not Distracted,MD,Passenger Car,Moving Constant Speed,35,No,2020,HYUNDAI,ELANTRA,39.0695362,-77.13082049,2024,9,6
240045164,Property Damage Crash,09/22/2024 06:00:00 AM,ROCKVILLE PIKE (SB/L),NA,Angle,Cloudy,Wet,Medium,Traffic Control Signal,NONE DETECTED,No,No Apparent Injury,Failed to Yield Right-of-Way,Not Distracted,MD,Passenger Car,Changing Lanes,35,No,2016,TOYOTA,COROLLA,39.0695362,-77.13082049,2024,9,6
240045157,Property Damage Crash,09/22/2024 03:31:00 AM,RIPLEY ST,NA,Other,Rain,Wet,Medium,No Controls,NONE DETECTED,No,No Apparent Injury,NA,Not Distracted,MD,Passenger Car,Parked,30,No,2019,TOYOTA,RAV4,38.99257877,-77.0265147,2024,9,3
240045157,Property Damage Crash,09/22/2024 03:31:00 AM,RIPLEY ST,NA,Other,Rain,Wet,Medium,No Controls,NONE DETECTED,No,NA,NA,NA,NA,Passenger Car,Turning Right,30,No,2011,TOYOTA,CAMRY,38.99257877,-77.0265147,2024,9,3
240045248,Property Damage Crash,09/22/2024 02:00:00 AM,SILVER SPRING AVE,NA,"Sideswipe, Opposite Direction",Clear,Dry,Dark,Traffic Control Signal,NONE DETECTED,No,No Apparent Injury,"Improper Backing, Operated Motor Vehicle in Inattentive, Careless, Negligent, or Erratic Manner",Unknown,NA,Passenger Car,Backing,35,No,2020,ALFA ROMEO,GIULIA (952),38.99168601,-77.026251,2024,9,2
240045248,Property Damage Crash,09/22/2024 02:00:00 AM,SILVER SPRING AVE,NA,"Sideswipe, Opposite Direction",Clear,Dry,Dark,Traffic Control Signal,NONE DETECTED,No,No Apparent Injury,NA,Not Distracted,MD,Passenger Car,Stopped in Traffic,35,No,2017,CHEVROLET,EQUINOX,38.99168601,-77.026251,2024,9,2
240045151,Property Damage Crash,09/22/2024 01:15:00 AM,WOODMONT AVE,NA,Single Vehicle,Clear,Dry,Medium,No Controls,NONE DETECTED,Yes,No Apparent Injury,Too Fast For Conditions,Unknown,MD,Sport Utility Vehicle,Turning Right,30,No,2017,TOYOTA,RAV4,38.99501,-77.09716,2024,9,1
240045138,Property Damage Crash,09/21/2024 10:48:00 PM,RIDGE RD (SB/L),NA,Angle,Cloudy,Dry,Medium,No Controls,ALCOHOL PRESENT,Yes,No Apparent Injury,Too Fast For Conditions,Not Distracted,MD,Passenger Car,Moving Constant Speed,40,No,2015,BMW,328I,39.26475167,-77.21864667,2024,9,22
240045138,Property Damage Crash,09/21/2024 10:48:00 PM,RIDGE RD (SB/L),NA,Angle,Cloudy,Dry,Medium,No Controls,NONE DETECTED,No,No Apparent Injury,NA,Not Distracted,MD,Passenger Car,Turning Left,40,No,2011,ACURA,MDX,39.26475167,-77.21864667,2024,9,22
240045137,Injury Crash,09/21/2024 10:12:00 PM,NEW HAMPSHIRE AVE (SB/L),NA,Front to Rear,Clear,Dry,Medium,No Controls,NONE DETECTED,No,Possible Minor Injury,NA,Not Distracted,MD,Sport Utility Vehicle,Moving Constant Speed,35,No,2015,LEXUS,RX,39.03033158,-76.98402102,2024,9,22
240045137,Injury Crash,09/21/2024 10:12:00 PM,NEW HAMPSHIRE AVE (SB/L),NA,Front to Rear,Clear,Dry,Medium,No Controls,NONE DETECTED,Yes,No Apparent Injury,NA,Unknown,MD,Passenger Car,Slowing or Stopping,35,No,2015,DODGE,CHARGER,39.03033158,-76.98402102,2024,9,22
240045139,Injury Crash,09/21/2024 10:04:00 PM,RIDGE RD (SB/L),NA,Rear To Side,Clear,Dry,Dark,No Controls,ALCOHOL PRESENT,Yes,No Apparent Injury,"Operated Motor Vehicle in Inattentive, Careless, Negligent, or Erratic Manner, Operated Motor Vehicle in Reckless or Aggressive Manner",Not Distracted,MD,Passenger Car,Moving Constant Speed,40,No,2015,BMW,328I,39.26340845,-77.21947721,2024,9,22
240045139,Injury Crash,09/21/2024 10:04:00 PM,RIDGE RD (SB/L),NA,Rear To Side,Clear,Dry,Dark,No Controls,NONE DETECTED,No,Possible Minor Injury,NA,Not Distracted,MD,Sport Utility Vehicle,Moving Constant Speed,40,No,2018,TOYOTA,HIGHLANDER,39.26340845,-77.21947721,2024,9,22
240045126,Property Damage Crash,09/21/2024 08:12:00 PM,QUINCE ORCHARD RD (SB/L),NA,"Sideswipe, Same Direction",Clear,Dry,Medium,Traffic Control Signal,NONE DETECTED,No,No Apparent Injury,Other Improper Action,Unknown,MD,Sport Utility Vehicle,Changing Lanes,35,No,2009,JEEP,PATRIOT,39.14263934,-77.220923440000007,2024,9,20
240045126,Property Damage Crash,09/21/2024 08:12:00 PM,QUINCE ORCHARD RD (SB/L),NA,"Sideswipe, Same Direction",Clear,Dry,Medium,Traffic Control Signal,NONE DETECTED,No,No Apparent Injury,NA,Not Distracted,MD,Van - Passenger (&lt;9 Seats),Moving Constant Speed,35,No,2017,KIA,SEDONA,39.14263934,-77.220923440000007,2024,9,20
240045130,Injury Crash,09/21/2024 07:49:00 PM,NA,NA,"Sideswipe, Same Direction",Clear,Dry,Medium,Traffic Control Signal,NONE DETECTED,No,Possible Minor Injury,NA,Not Distracted,DC,Sport Utility Vehicle,Moving Constant Speed,35,No,2024,VOLKSWAGEN,TAOS,39.03486564,-77.10705579,2024,9,19
240045130,Injury Crash,09/21/2024 07:49:00 PM,NA,NA,"Sideswipe, Same Direction",Clear,Dry,Medium,Traffic Control Signal,NONE DETECTED,No,No Apparent Injury,NA,Not Distracted,MD,Passenger Car,Moving Constant Speed,35,No,2011,BMW,328I,39.03486564,-77.10705579,2024,9,19
240045130,Injury Crash,09/21/2024 07:49:00 PM,NA,NA,"Sideswipe, Same Direction",Clear,Dry,Medium,Traffic Control Signal,NONE DETECTED,No,No Apparent Injury,NA,Not Distracted,MX-BCN,Sport Utility Vehicle,Turning Right,25,No,2023,NISSAN,PATHFINDER,39.03486564,-77.10705579,2024,9,19
240045114,Injury Crash,09/21/2024 07:10:00 PM,CLOPPER RD,Pedestrian,Single Vehicle,Cloudy,Dry,Daylight,Traffic Control Signal,NONE DETECTED,Yes,No Apparent Injury,NA,Not Distracted,MD,Passenger Car,Turning Left,35,No,2020,HONDA,ACCORD,39.14380693,-77.223874,2024,9,19
240045110,Property Damage Crash,09/21/2024 06:27:00 PM,NA,NA,Front to Front,Clear,Dry,Daylight,Traffic Control Signal,NONE DETECTED,No,No Apparent Injury,NA,Not Distracted,MD,Passenger Car,Moving Constant Speed,30,No,2011,TOYOTA,CAMRY,39.15206093,-77.06437599,2024,9,18
240045110,Property Damage Crash,09/21/2024 06:27:00 PM,NA,NA,Front to Front,Clear,Dry,Daylight,Traffic Control Signal,NONE DETECTED,No,No Apparent Injury,NA,Not Distracted,MD,Sport Utility Vehicle,Stopped in Traffic,30,No,2024,INEOS,GRENADIER,39.15206093,-77.06437599,2024,9,18
240045110,Property Damage Crash,09/21/2024 06:27:00 PM,NA,NA,Front to Front,Clear,Dry,Daylight,Traffic Control Signal,NONE DETECTED,No,No Apparent Injury,NA,Unknown,MD,Passenger Car,Turning Left,30,No,2003,LINCOLN,TOWN CAR,39.15206093,-77.06437599,2024,9,18
240045098,Injury Crash,09/21/2024 05:00:00 PM,HORN POINT DR,NA,Angle,Clear,Dry,Daylight,No Controls,NONE DETECTED,No,No Apparent Injury,NA,Not Distracted,MD,Sport Utility Vehicle,Moving Constant Speed,45,No,2015,FORD,ESCAPE,39.13687578,-77.25240495,2024,9,17
240045098,Injury Crash,09/21/2024 05:00:00 PM,HORN POINT DR,NA,Angle,Clear,Dry,Daylight,No Controls,NONE DETECTED,Yes,Possible Minor Injury,NA,Unknown,MD,Sport Utility Vehicle,Turning Left,35,No,2007,TOYOTA,HIGHLANDER,39.13687578,-77.25240495,2024,9,17
240045087,Property Damage Crash,09/21/2024 04:33:00 PM,NA,NA,Front to Rear,Clear,NA,Daylight,NA,NONE DETECTED,No,No Apparent Injury,NA,Unknown,MD,Passenger Car,Backing,0,No,1987,MERCEDES-BENZ,C-CLASS,39.02325446,-77.10491041,2024,9,16
240045099,Property Damage Crash,09/21/2024 04:25:00 PM,GEORGIA AVE (SB/L),NA,"Sideswipe, Same Direction",Clear,Dry,Daylight,Traffic Control Signal,NONE DETECTED,No,NA,NA,NA,NA,Pickup,Changing Lanes,35,No,2015,FORD,F-250,39.05814428,-77.05013682,2024,9,16
240045099,Property Damage Crash,09/21/2024 04:25:00 PM,GEORGIA AVE (SB/L),NA,"Sideswipe, Same Direction",Clear,Dry,Daylight,Traffic Control Signal,NONE DETECTED,No,No Apparent Injury,NA,Not Distracted,MD,Passenger Car,Slowing or Stopping,35,No,1999,TOYOTA,AVALON,39.05814428,-77.05013682,2024,9,16
240045079,Injury Crash,09/21/2024 03:22:00 PM,VEIRS MILL RD (WB/L),NA,Front to Rear,Clear,Dry,Daylight,No Controls,NONE DETECTED,No,Possible Minor Injury,NA,Not Distracted,MD,Sport Utility Vehicle,Slowing or Stopping,35,No,2019,HONDA,PILOT,39.06400165,-77.09618503,2024,9,15
240045079,Injury Crash,09/21/2024 03:22:00 PM,VEIRS MILL RD (WB/L),NA,Front to Rear,Clear,Dry,Daylight,No Controls,NONE DETECTED,Yes,No Apparent Injury,NA,Not Distracted,MD,Van - Passenger (&lt;9 Seats),Slowing or Stopping,35,No,2020,CHEVROLET,EXPRESS,39.06400165,-77.09618503,2024,9,15
240045071,Injury Crash,09/21/2024 02:22:00 PM,DARNESTOWN RD,NA,Angle,Clear,Dry,Daylight,Traffic Control Signal,NONE DETECTED,No,Suspected Serious Injury,NA,Unknown,MD,Motorcycle - 2 Wheeled,Moving Constant Speed,40,No,2022,BMW,R 1250 GS ADVENTURE,39.10994975,-77.30262788,2024,9,14
240045071,Injury Crash,09/21/2024 02:22:00 PM,DARNESTOWN RD,NA,Angle,Clear,Dry,Daylight,Traffic Control Signal,ALCOHOL PRESENT,Yes,No Apparent Injury,"Failed to Yield Right-of-Way, Operated Motor Vehicle in Inattentive, Careless, Negligent, or Erratic Manner",Unknown,NA,Passenger Car,Turning Left,40,No,2008,TOYOTA,YARIS,39.10994975,-77.30262788,2024,9,14
240045075,Property Damage Crash,09/21/2024 01:51:00 PM,UNIVERSITY BLVD,NA,Angle,Clear,Dry,Daylight,No Controls,NONE DETECTED,No,No Apparent Injury,NA,Not Distracted,MD,Passenger Car,Moving Constant Speed,35,No,2023,BMW,330I,38.99066447,-76.98964292,2024,9,13