Local Case Number,ACRS Report Type,Crash Date/Time,Road Name,Related Non-Motorist,Collision Type,Weather,Surface Condition,Light,Traffic Control,Driver Substance Abuse,Driver At Fault,Injury Severity,Circumstance,Driver Distracted By,Drivers License State,Vehicle Body Type,Vehicle Movement,Speed Limit,Driverless Vehicle,Vehicle Year,Vehicle Make,Vehicle Model,Latitude,Longitude,Year,Month,Hour
240045075,Property Damage Crash,09/21/2024 01:51:00 PM,UNIVERSITY BLVD,NA,Angle,Clear,Dry,Daylight,No Controls,NONE DETECTED,No,NA,NA,NA,NA,Pickup,Turning Left,35,No,2009,DODGE,RAM,38.99066447,-76.98964292,2024,9,13
240045059,Property Damage Crash,09/21/2024 12:47:00 PM,NA,NA,Front to Front,Clear,Dry,Daylight,Stop Sign,NONE DETECTED,No,No Apparent Injury,NA,Unknown,DC,Passenger Car,Accelerating,30,No,2020,HYUNDAI,VELOSTER,39.00475003,-77.04171203,2024,9,12
240045059,Property Damage Crash,09/21/2024 12:47:00 PM,NA,NA,Front to Front,Clear,Dry,Daylight,Stop Sign,NONE DETECTED,No,No Apparent Injury,NA,Unknown,MD,Passenger Car,Accelerating,30,No,2024,LUCID,UNKNOWN,39.00475003,-77.04171203,2024,9,12
240045055,Property Damage Crash,09/21/2024 12:30:00 PM,GERMANTOWN RD,NA,"Sideswipe, Opposite Direction",Clear,Dry,Daylight,Traffic Control Signal,NONE DETECTED,Yes,No Apparent Injury,"Improper Backing, Improper Turn",Unknown,NA,Passenger Car,Turning Left,35,No,2016,NISSAN,VERSA,39.18098512,-77.26244865,2024,9,12
240045055,Property Damage Crash,09/21/2024 12:30:00 PM,GERMANTOWN RD,NA,"Sideswipe, Opposite Direction",Clear,Dry,Daylight,Traffic Control Signal,NONE DETECTED,No,No Apparent Injury,NA,Not Distracted,MD,Passenger Car,Stopped in Traffic,35,No,2023,TESLA,MODEL S,39.18098512,-77.26244865,2024,9,12
240047251,Property Damage Crash,09/21/2024 11:12:00 AM,NA,NA,Rear To Rear,Clear,NA,Daylight,NA,NONE DETECTED,Yes,No Apparent Injury,Improper Backing,Not Distracted,MD,Sport Utility Vehicle,Backing,0,No,2015,LAND ROVER,RANGE ROVER SPORT,39.02909784,-77.10375868,2024,9,11
240045272,Property Damage Crash,09/21/2024 09:00:00 AM,SUGAR NOTCH CIR,NA,Other,Clear,Dry,Daylight,No Controls,NONE DETECTED,No,No Apparent Injury,Other Improper Action,Not Distracted,NA,Passenger Car,Backing,25,No,1998,FORD,EXPEDITION,39.18420094,-77.18111971,2024,9,9
240045026,Property Damage Crash,09/21/2024 06:50:00 AM,NEW HAMPSHIRE AVE,NA,"Sideswipe, Same Direction",Clear,Dry,Medium,Traffic Control Signal,ALCOHOL PRESENT,Yes,No Apparent Injury,NA,Unknown,MD,Sport Utility Vehicle,Moving Constant Speed,40,No,2024,TOYOTA,HIGHLANDER,39.02199764,-76.97732256,2024,9,6
240045026,Property Damage Crash,09/21/2024 06:50:00 AM,NEW HAMPSHIRE AVE,NA,"Sideswipe, Same Direction",Clear,Dry,Medium,Traffic Control Signal,NONE DETECTED,No,No Apparent Injury,NA,Not Distracted,MD,Bus - Transit,Stopped in Traffic,40,No,2023,NEW FLYER,TRANSIT BUS,39.02199764,-76.97732256,2024,9,6
240045025,Property Damage Crash,09/21/2024 05:59:00 AM,16TH ST (SB/L),NA,"Sideswipe, Same Direction",Cloudy,Dry,Dark,No Controls,NONE DETECTED,No,NA,NA,NA,NA,Passenger Car,NA,35,No,2016,NISSAN,MAXIMA,38.99427333,-77.036445,2024,9,5
240045016,Property Damage Crash,09/21/2024 03:50:00 AM,NA,NA,Unknown,Clear,Dry,Dark,No Controls,NONE DETECTED,No,No Apparent Injury,NA,NA,NA,Passenger Car,NA,40,No,1998,FORD,EXPLORER,39.11825817,-77.10266217,2024,9,3
240045017,Property Damage Crash,09/21/2024 03:50:00 AM,DAMERON DR,NA,Front to Rear,Clear,Dry,Medium,No Controls,ALCOHOL PRESENT,Yes,No Apparent Injury,Other Improper Action,Unknown,MD,Sport Utility Vehicle,NA,30,No,2023,HYUNDAI,KONA,39.0149405,-77.0368725,2024,9,3
240045006,Injury Crash,09/21/2024 01:12:00 AM,SEVEN LOCKS RD,NA,Single Vehicle,Clear,Dry,Medium,No Controls,ALCOHOL PRESENT,Yes,No Apparent Injury,"Failed to Keep in Proper Lane, Operated Motor Vehicle in Inattentive, Careless, Negligent, or Erratic Manner",Unknown,MD,Passenger Car,Moving Constant Speed,35,No,2023,TESLA,MODEL Y,39.05417694,-77.16329516,2024,9,1
240045149,Property Damage Crash,09/21/2024 12:43:00 AM,LOCUST GROVE RD,NA,Single Vehicle,Clear,Dry,Medium,Lane Use Control Signal,NONE DETECTED,Yes,No Apparent Injury,Failed to Keep in Proper Lane,Not Distracted,MD,Passenger Car,Turning Left,35,No,2018,FORD,INTERCEPTOR,39.01161659,-77.04129903,2024,9,0
240044988,Property Damage Crash,09/20/2024 10:15:00 PM,JACKSON AVE,NA,Unknown,Clear,Dry,Medium,No Controls,NONE DETECTED,No,No Apparent Injury,Other Improper Action,Unknown,MD,Passenger Car,NA,25,No,2014,DODGE,CHARGER,38.98675712,-76.98983295,2024,9,22
240044992,Property Damage Crash,09/20/2024 10:10:00 PM,BRIGGS RD,NA,"Sideswipe, Opposite Direction",Clear,Dry,Medium,No Controls,ALCOHOL PRESENT,Yes,No Apparent Injury,NA,Unknown,MD,Passenger Car,Moving Constant Speed,35,No,2003,HONDA,CIVIC,39.06929042,-77.04756858,2024,9,22
240044992,Property Damage Crash,09/20/2024 10:10:00 PM,BRIGGS RD,NA,"Sideswipe, Opposite Direction",Clear,Dry,Medium,No Controls,NONE DETECTED,No,No Apparent Injury,NA,Not Distracted,MD,Passenger Car,Moving Constant Speed,35,No,2021,HONDA,ACCORD,39.06929042,-77.04756858,2024,9,22
240044986,Injury Crash,09/20/2024 09:57:00 PM,MUNCASTER MILL RD,NA,Angle,Clear,Dry,Medium,Stop Sign,ALCOHOL PRESENT,No,No Apparent Injury,Failed to Yield Right-of-Way,Not Distracted,MD,Passenger Car,Turning Left,25,No,2015,HONDA,ACCORD,39.10889201,-77.07983271,2024,9,21
240044986,Injury Crash,09/20/2024 09:57:00 PM,MUNCASTER MILL RD,NA,Angle,Clear,Dry,Medium,Stop Sign,NONE DETECTED,No,Possible Minor Injury,NA,Not Distracted,MD,Sport Utility Vehicle,Accelerating,25,No,2016,NISSAN,ROGUE,39.10889201,-77.07983271,2024,9,21
240044983,Property Damage Crash,09/20/2024 09:10:00 PM,DARNESTOWN RD,NA,Angle,Clear,Dry,Medium,No Controls,NONE DETECTED,No,No Apparent Injury,NA,Not Distracted,MD,Passenger Car,Moving Constant Speed,30,No,2024,CADILLAC,CTS,39.11752881,-77.25189772,2024,9,21
240044983,Property Damage Crash,09/20/2024 09:10:00 PM,DARNESTOWN RD,NA,Angle,Clear,Dry,Medium,No Controls,NONE DETECTED,No,No Apparent Injury,NA,Not Distracted,NA,Passenger Car,Moving Constant Speed,30,No,2007,TOYOTA,CAMRY,39.11752881,-77.25189772,2024,9,21
240044984,Property Damage Crash,09/20/2024 08:51:00 PM,MARIANNA DR,NA,Angle,Clear,Dry,Medium,Stop Sign,ALCOHOL PRESENT,Yes,No Apparent Injury,NA,Unknown,MD,Passenger Car,Accelerating,25,No,2015,CHEVROLET,MALIBU,39.08586362,-77.08682011,2024,9,20
240044984,Property Damage Crash,09/20/2024 08:51:00 PM,MARIANNA DR,NA,Angle,Clear,Dry,Medium,Stop Sign,NONE DETECTED,No,No Apparent Injury,NA,Not Distracted,MD,Passenger Car,Accelerating,25,No,2023,HONDA,CIVIC,39.08586362,-77.08682011,2024,9,20
240044971,Injury Crash,09/20/2024 07:07:00 PM,W CEDAR LA,NA,Front to Front,Clear,Dry,Medium,Traffic Control Signal,NONE DETECTED,No,No Apparent Injury,NA,NA,NA,Passenger Car,Turning Right,30,No,2016,VOLKSWAGEN,JETTA,39.00456266,-77.11056489,2024,9,19
240044971,Injury Crash,09/20/2024 07:07:00 PM,W CEDAR LA,NA,Front to Front,Clear,Dry,Medium,Traffic Control Signal,NONE DETECTED,No,Possible Minor Injury,NA,Not Distracted,MD,Sport Utility Vehicle,Stopped in Traffic,25,No,2024,MERCEDES-BENZ,GLC-CLASS,39.00456266,-77.11056489,2024,9,19
240044969,Property Damage Crash,09/20/2024 06:50:00 PM,NA,NA,Rear To Rear,Clear,NA,Medium,NA,NONE DETECTED,No,NA,NA,NA,NA,Passenger Car,Backing,0,No,2017,SUBARU,WRX,39.178571410000004,-77.27096599,2024,9,18
240044969,Property Damage Crash,09/20/2024 06:50:00 PM,NA,NA,Rear To Rear,Clear,NA,Medium,NA,NONE DETECTED,No,No Apparent Injury,NA,Not Distracted,MD,Passenger Car,Parked,0,No,2013,MERCEDES-BENZ,UNKNOWN,39.178571410000004,-77.27096599,2024,9,18
240044962,Property Damage Crash,09/20/2024 06:20:00 PM,CHESTERFIELD RD,NA,Angle,Clear,Dry,Daylight,No Controls,NONE DETECTED,Yes,NA,NA,NA,NA,Passenger Car,Overtaking/Passing,25,No,2015,HONDA,ACCORD,39.08990734,-77.08615648,2024,9,18
240044962,Property Damage Crash,09/20/2024 06:20:00 PM,CHESTERFIELD RD,NA,Angle,Clear,Dry,Daylight,No Controls,NONE DETECTED,No,No Apparent Injury,NA,Unknown,MD,Passenger Car,Moving Constant Speed,25,No,2011,MERCEDES-BENZ,300,39.08990734,-77.08615648,2024,9,18
240044959,Property Damage Crash,09/20/2024 05:30:00 PM,WISTERIA DR,NA,Rear To Side,Clear,Dry,Daylight,Stop Sign,NONE DETECTED,No,No Apparent Injury,NA,Not Distracted,MD,Passenger Car,Moving Constant Speed,30,No,2021,HYUNDAI,ELANTRA,39.17741795,-77.2711022,2024,9,17
240044959,Property Damage Crash,09/20/2024 05:30:00 PM,WISTERIA DR,NA,Rear To Side,Clear,Dry,Daylight,Stop Sign,NONE DETECTED,Yes,No Apparent Injury,"Failed to Yield Right-of-Way, Improper Turn",Unknown,MD,Passenger Car,Turning Left,30,No,1999,TOYOTA,CAMRY,39.17741795,-77.2711022,2024,9,17
240044957,Property Damage Crash,09/20/2024 05:20:00 PM,UNIVERSITY BLVD W,NA,Other,Clear,Dry,Daylight,No Controls,NONE DETECTED,Yes,No Apparent Injury,NA,Not Distracted,MD,Passenger Car,Turning Left,35,No,2013,TOYOTA,HIGHLANDER,39.02174301,-77.01520604,2024,9,17
240044957,Property Damage Crash,09/20/2024 05:20:00 PM,UNIVERSITY BLVD W,NA,Other,Clear,Dry,Daylight,No Controls,NONE DETECTED,No,No Apparent Injury,NA,Not Distracted,MD,Passenger Car,Moving Constant Speed,35,No,2018,AUDI,A4,39.02174301,-77.01520604,2024,9,17
240044956,Injury Crash,09/20/2024 05:17:00 PM,HENDERSON CORNER RD (NB/L),NA,Front to Front,Clear,Dry,Daylight,Stop Sign,NONE DETECTED,No,No Apparent Injury,NA,Not Distracted,MD,Van - Passenger (&lt;9 Seats),Moving Constant Speed,30,No,2018,TOYOTA,SIENNA,39.20352181,-77.24421743,2024,9,17
240044956,Injury Crash,09/20/2024 05:17:00 PM,HENDERSON CORNER RD (NB/L),NA,Front to Front,Clear,Dry,Daylight,Stop Sign,NONE DETECTED,No,Possible Minor Injury,NA,Unknown,MD,Passenger Car,Moving Constant Speed,30,No,2015,NISSAN,VERSA,39.20352181,-77.24421743,2024,9,17
240044950,Injury Crash,09/20/2024 04:40:00 PM,NA,NA,Angle,Clear,Dry,Daylight,No Controls,NONE DETECTED,No,Suspected Serious Injury,NA,Unknown,MD,Passenger Car,Moving Constant Speed,35,No,2019,HONDA,CIVIC,39.06714039,-77.07492264,2024,9,16
240044950,Injury Crash,09/20/2024 04:40:00 PM,NA,NA,Angle,Clear,Dry,Daylight,No Controls,ALCOHOL PRESENT,Yes,Possible Minor Injury,NA,Unknown,MD,Passenger Car,Turning Left,35,No,2007,HONDA,ODYSSEY,39.06714039,-77.07492264,2024,9,16
240044954,Injury Crash,09/20/2024 04:40:00 PM,SHADY GROVE RD,NA,Front to Rear,Clear,Dry,Daylight,No Controls,NONE DETECTED,No,No Apparent Injury,NA,Not Distracted,MD,Pickup,Moving Constant Speed,45,No,2017,FORD,F-150,39.14280711,-77.15104466,2024,9,16
240044954,Injury Crash,09/20/2024 04:40:00 PM,SHADY GROVE RD,NA,Front to Rear,Clear,Dry,Daylight,No Controls,NONE DETECTED,Yes,Suspected Serious Injury,Too Fast For Conditions,Unknown,MD,Motorcycle - 2 Wheeled,Moving Constant Speed,45,No,2017,YAMAHA,YZF-R6,39.14280711,-77.15104466,2024,9,16
240044949,Property Damage Crash,09/20/2024 04:35:00 PM,COLESVILLE RD,NA,Front to Rear,Clear,Dry,Daylight,No Controls,NONE DETECTED,No,No Apparent Injury,NA,Not Distracted,MD,Passenger Car,Making U-Turn,35,No,2020,TOYOTA,COROLLA,38.99639379,-77.02777408,2024,9,16
240044949,Property Damage Crash,09/20/2024 04:35:00 PM,COLESVILLE RD,NA,Front to Rear,Clear,Dry,Daylight,No Controls,NONE DETECTED,No,NA,NA,NA,NA,NA,NA,35,No,0,NA,NA,38.99639379,-77.02777408,2024,9,16
240044951,Property Damage Crash,09/20/2024 04:35:00 PM,CHURCHILL RIDGE CIR,NA,Angle,Clear,Dry,Daylight,Stop Sign,NONE DETECTED,No,No Apparent Injury,NA,Not Distracted,MD,Sport Utility Vehicle,Stopped in Traffic,5,No,2017,ACURA,MDX,39.18724533,-77.26658675,2024,9,16
240044951,Property Damage Crash,09/20/2024 04:35:00 PM,CHURCHILL RIDGE CIR,NA,Angle,Clear,Dry,Daylight,Stop Sign,NONE DETECTED,Yes,No Apparent Injury,NA,Not Distracted,MD,Single-Unit Truck,Turning Left,5,No,2008,"SPARTAN FIRE, LLC",SPECIALTY VEHICLE,39.18724533,-77.26658675,2024,9,16
240044948,Injury Crash,09/20/2024 04:31:00 PM,STONEGATE DR,NA,Front to Front,Clear,Dry,Daylight,No Controls,NONE DETECTED,No,Possible Minor Injury,Too Fast For Conditions,Unknown,MD,Passenger Car,Moving Constant Speed,45,No,2006,TOYOTA,COROLLA,39.0999285,-77.00362242,2024,9,16
240044948,Injury Crash,09/20/2024 04:31:00 PM,STONEGATE DR,NA,Front to Front,Clear,Dry,Daylight,No Controls,NONE DETECTED,Yes,Possible Minor Injury,Failed to Yield Right-of-Way,Unknown,MD,Passenger Car,Turning Left,45,No,2024,LEXUS,RX,39.0999285,-77.00362242,2024,9,16
240044952,Property Damage Crash,09/20/2024 04:25:00 PM,DENNIS AVE,NA,Single Vehicle,Clear,Dry,Daylight,Traffic Control Signal,NONE DETECTED,No,No Apparent Injury,NA,Unknown,MD,Bus - School,Stopped in Traffic,30,No,2025,BLUE BIRD,UNKNOWN,39.02527841,-77.04605377,2024,9,16
240044952,Property Damage Crash,09/20/2024 04:25:00 PM,DENNIS AVE,NA,Single Vehicle,Clear,Dry,Daylight,Traffic Control Signal,NONE DETECTED,Yes,No Apparent Injury,NA,Not Distracted,MD,Bus - School,Turning Left,30,No,2012,THOMAS BUILT,UNKNOWN,39.02527841,-77.04605377,2024,9,16
240044931,Injury Crash,09/20/2024 04:10:00 PM,GREAT SENECA HWY,NA,Single Vehicle,Clear,Dry,Daylight,No Controls,NONE DETECTED,Yes,Suspected Serious Injury,NA,"Other Action (looking away from task, etc.)",MD,Sport Utility Vehicle,Moving Constant Speed,45,No,2004,FORD,EXPEDITION,39.13766153,-77.25744632,2024,9,16
240044942,Property Damage Crash,09/20/2024 04:08:00 PM,NEW HAMPSHIRE AVE,NA,Angle,Clear,Dry,Daylight,No Controls,NONE DETECTED,Yes,No Apparent Injury,Failed to Yield Right-of-Way,Not Distracted,MD,Sport Utility Vehicle,Turning Left,40,No,2012,JEEP,LIBERTY,39.08504793,-76.99970214,2024,9,16
240044942,Property Damage Crash,09/20/2024 04:08:00 PM,NEW HAMPSHIRE AVE,NA,Angle,Clear,Dry,Daylight,No Controls,NONE DETECTED,No,No Apparent Injury,NA,Not Distracted,MD,Sport Utility Vehicle,Moving Constant Speed,40,No,2012,TOYOTA,VENZA,39.08504793,-76.99970214,2024,9,16
240044931,Property Damage Crash,09/20/2024 04:06:00 PM,FESTIVAL SC ENT,NA,Angle,Clear,Dry,Daylight,No Controls,NONE DETECTED,No,No Apparent Injury,NA,Unknown,MD,Passenger Car,Moving Constant Speed,10,No,2016,HONDA,PILOT,39.12846814,-77.20678737,2024,9,16
240044931,Property Damage Crash,09/20/2024 04:06:00 PM,FESTIVAL SC ENT,NA,Angle,Clear,Dry,Daylight,Stop Sign,NONE DETECTED,Yes,No Apparent Injury,NA,Unknown,MD,Passenger Car,Turning Left,10,No,2004,CHEVROLET,TAHOE,39.12846814,-77.20678737,2024,9,16
240044933,Property Damage Crash,09/20/2024 03:56:00 PM,OLD COLUMBIA PIKE,NA,Angle,Clear,Dry,Daylight,No Controls,NONE DETECTED,No,No Apparent Injury,NA,Not Distracted,MD,Sport Utility Vehicle,Moving Constant Speed,25,No,2015,HONDA,CR-V,39.10908798,-76.93564288,2024,9,15
240044933,Property Damage Crash,09/20/2024 03:56:00 PM,OLD COLUMBIA PIKE,NA,Angle,Clear,Dry,Daylight,No Controls,NONE DETECTED,Yes,No Apparent Injury,NA,Not Distracted,MD,Sport Utility Vehicle,Turning Left,25,No,2020,TOYOTA,SIENNA,39.10908798,-76.93564288,2024,9,15
240044936,Property Damage Crash,09/20/2024 03:50:00 PM,MOON RIDGE DR,NA,"Sideswipe, Opposite Direction",Clear,Dry,Daylight,No Controls,NONE DETECTED,No,No Apparent Injury,NA,Not Distracted,MD,Passenger Car,Parked,25,No,2016,MERCEDES-BENZ,GLC-CLASS,39.1753113,-77.2345458,2024,9,15
240044936,Property Damage Crash,09/20/2024 03:50:00 PM,MOON RIDGE DR,NA,"Sideswipe, Opposite Direction",Clear,Dry,Daylight,No Controls,NONE DETECTED,Yes,No Apparent Injury,NA,Not Distracted,MD,Bus - School,Negotiating a Curve,25,No,2018,FREIGHTLINER,B2 BUS CHASSIS,39.1753113,-77.2345458,2024,9,15
240044929,Property Damage Crash,09/20/2024 03:48:00 PM,FIRST ST (WB/L),NA,"Sideswipe, Opposite Direction",Clear,Dry,Daylight,No Controls,NONE DETECTED,No,No Apparent Injury,NA,Unknown,MD,Passenger Car,Moving Constant Speed,35,No,2011,VOLVO,V50,39.08679949,-77.13516993,2024,9,15
240044929,Property Damage Crash,09/20/2024 03:48:00 PM,FIRST ST (WB/L),NA,"Sideswipe, Opposite Direction",Clear,Dry,Daylight,No Controls,NONE DETECTED,Yes,No Apparent Injury,NA,Unknown,MD,Passenger Car,Slowing or Stopping,35,No,2008,ACURA,MDX,39.08679949,-77.13516993,2024,9,15
240044928,Property Damage Crash,09/20/2024 03:30:00 PM,MIDCOUNTY HWY,NA,Front to Rear,Clear,Dry,Daylight,Traffic Control Signal,ALCOHOL PRESENT,No,No Apparent Injury,NA,Not Distracted,MD,Passenger Car,Stopped in Traffic,45,No,2012,VOLKSWAGEN,PASSAT,39.14770728,-77.16917949,2024,9,15
240044928,Property Damage Crash,09/20/2024 03:30:00 PM,MIDCOUNTY HWY,NA,Front to Rear,Clear,Dry,Daylight,Traffic Control Signal,ALCOHOL PRESENT,Yes,No Apparent Injury,NA,Unknown,MD,Passenger Car,Moving Constant Speed,45,No,2010,HONDA,CIVIC,39.14770728,-77.16917949,2024,9,15
240044917,Property Damage Crash,09/20/2024 03:00:00 PM,LOCKWOOD DR (SB/L),NA,"Sideswipe, Same Direction",Clear,Dry,Daylight,No Controls,NONE DETECTED,No,No Apparent Injury,NA,Not Distracted,MD,Bus - School,Turning Left,25,No,2014,THOMAS BUILT,SCHOOL BUS,39.04000061,-76.99013308,2024,9,15
240044917,Property Damage Crash,09/20/2024 03:00:00 PM,LOCKWOOD DR (SB/L),NA,"Sideswipe, Same Direction",Clear,Dry,Daylight,No Controls,NONE DETECTED,No,No Apparent Injury,NA,Not Distracted,MD,Passenger Car,Turning Left,25,No,2023,ISUZU,UNKNOWN,39.04000061,-76.99013308,2024,9,15
240044911,Injury Crash,09/20/2024 02:22:00 PM,BUSHEY DR,NA,Angle,Clear,Dry,Daylight,No Controls,NONE DETECTED,Yes,No Apparent Injury,Failed to Yield Right-of-Way,Not Distracted,MD,Passenger Car,Turning Left,35,No,2012,HONDA,CIVIC,39.05443896,-77.07952976,2024,9,14
240044911,Injury Crash,09/20/2024 02:22:00 PM,BUSHEY DR,NA,Angle,Clear,Dry,Daylight,No Controls,NONE DETECTED,No,Possible Minor Injury,NA,Not Distracted,MD,Passenger Car,Moving Constant Speed,35,No,2015,FORD,FOCUS,39.05443896,-77.07952976,2024,9,14
240044910,Property Damage Crash,09/20/2024 01:39:00 PM,NA,NA,Other,Clear,NA,Daylight,NA,NONE DETECTED,No,NA,NA,NA,NA,Passenger Car,Backing,0,No,2003,INFINITI,QX4,39.00861578,-76.98292514,2024,9,13
240044867,Property Damage Crash,09/20/2024 12:25:00 PM,RANDOLPH RD (WB/L),NA,"Sideswipe, Same Direction",Clear,Dry,Daylight,No Controls,NONE DETECTED,No,No Apparent Injury,NA,Not Distracted,MD,Passenger Car,Moving Constant Speed,30,No,2019,MAZDA,CX-9,39.05346153,-77.10643765,2024,9,12
240044867,Property Damage Crash,09/20/2024 12:25:00 PM,RANDOLPH RD (WB/L),NA,"Sideswipe, Same Direction",Clear,Dry,Daylight,No Controls,NONE DETECTED,No,No Apparent Injury,NA,Unknown,NA,Passenger Car,NA,30,No,2018,SUBARU,FORESTER,39.05346153,-77.10643765,2024,9,12
240044865,Property Damage Crash,09/20/2024 12:20:00 PM,PINEY BRANCH RD (SB/L),NA,Front to Rear,Clear,Dry,Daylight,Traffic Control Signal,NONE DETECTED,No,NA,NA,NA,NA,Passenger Car,Moving Constant Speed,35,No,2018,TOYOTA,CAMRY,38.99972904,-76.99506897,2024,9,12
240044865,Property Damage Crash,09/20/2024 12:20:00 PM,PINEY BRANCH RD (SB/L),NA,Front to Rear,Clear,Dry,Daylight,Traffic Control Signal,NONE DETECTED,No,No Apparent Injury,NA,Not Distracted,MD,Passenger Car,Slowing or Stopping,35,No,2014,HONDA,PILOT,38.99972904,-76.99506897,2024,9,12
240044863,Injury Crash,09/20/2024 12:10:00 PM,STRINGTOWN RD (NB/L),NA,Angle,Clear,Dry,Daylight,No Controls,NONE DETECTED,Yes,Possible Minor Injury,Failed to Yield Right-of-Way,Not Distracted,MD,Passenger Car,Moving Constant Speed,35,No,2011,LEXUS,GX,39.23927088,-77.27326477,2024,9,12
240044863,Injury Crash,09/20/2024 12:10:00 PM,STRINGTOWN RD (NB/L),NA,Angle,Clear,Dry,Daylight,No Controls,NONE DETECTED,No,Possible Minor Injury,NA,Not Distracted,MD,Passenger Car,Moving Constant Speed,35,No,2014,TOYOTA,CAMRY,39.23927088,-77.27326477,2024,9,12
240044859,Injury Crash,09/20/2024 12:02:00 PM,FISHERS LA,Pedestrian,Single Vehicle,Clear,Dry,Daylight,Pedestrian Crossing Sign,NONE DETECTED,No,No Apparent Injury,Failed to Yield Right-of-Way,Unknown,FL,Passenger Car,Turning Right,35,No,2010,TOYOTA,COROLLA,39.06275181,-77.11658525,2024,9,12
240045058,Property Damage Crash,09/20/2024 11:45:00 AM,NA,NA,"Sideswipe, Same Direction",Clear,NA,Daylight,NA,NONE DETECTED,No,No Apparent Injury,NA,Not Distracted,MD,Sport Utility Vehicle,Parked,0,No,2023,TOYOTA,4-RUNNER,39.02450409,-77.12374551,2024,9,11
240044855,Property Damage Crash,09/20/2024 11:45:00 AM,DETRICK AVE,NA,"Sideswipe, Same Direction",Clear,Dry,Daylight,No Controls,NONE DETECTED,No,No Apparent Injury,NA,Unknown,FL,Passenger Car,Parked,5,No,2018,NISSAN,ALTIMA,39.02790528,-77.07796202,2024,9,11
240044855,Property Damage Crash,09/20/2024 11:45:00 AM,DETRICK AVE,NA,"Sideswipe, Same Direction",Clear,Dry,Daylight,No Controls,NONE DETECTED,No,No Apparent Injury,NA,Unknown,MD,Passenger Car,Turning Left,5,No,2024,JEEP,GRAND CHEROKEE,39.02790528,-77.07796202,2024,9,11
240045058,Property Damage Crash,09/20/2024 11:45:00 AM,NA,NA,"Sideswipe, Same Direction",Clear,NA,Daylight,NA,NONE DETECTED,No,No Apparent Injury,Other Improper Action,Unknown,NA,Passenger Car,NA,0,No,2014,AUDI,A8 L,39.02450409,-77.12374551,2024,9,11
240044857,Injury Crash,09/20/2024 11:39:00 AM,NA,NA,Angle,Clear,Dry,Daylight,No Controls,NONE DETECTED,No,Possible Minor Injury,NA,Not Distracted,MD,Passenger Car,Moving Constant Speed,35,No,2008,MAZDA,TRIBUTE,39.0564705,-77.17919517,2024,9,11
240044857,Injury Crash,09/20/2024 11:39:00 AM,NA,NA,Angle,Clear,Dry,Daylight,No Controls,NONE DETECTED,Yes,No Apparent Injury,"Failed to Keep in Proper Lane, Failed to Yield Right-of-Way, Improper Turn",Unknown,MD,Passenger Car,Making U-Turn,35,No,2019,HONDA,ODYSSEY,39.0564705,-77.17919517,2024,9,11
240044839,Injury Crash,09/20/2024 10:30:00 AM,DALE DR,NA,Front to Rear,Clear,Dry,Daylight,No Controls,NONE DETECTED,Yes,Possible Minor Injury,NA,Unknown,NA,Sport Utility Vehicle,Accelerating,35,No,2019,FORD,EDGE,38.99803401,-77.01712726,2024,9,10
240044832,Injury Crash,09/20/2024 09:35:00 AM,OLD GEORGETOWN RD (SB/L),NA,Angle,Clear,Dry,Daylight,Traffic Control Signal,NONE DETECTED,No,No Apparent Injury,NA,Not Distracted,MD,Other Trucks,Turning Left,35,No,2017,GMC,HEAVY CONVENTIONAL,39.03005667,-77.12685333,2024,9,9
240044832,Injury Crash,09/20/2024 09:35:00 AM,OLD GEORGETOWN RD (SB/L),NA,Angle,Clear,Dry,Daylight,Traffic Control Signal,NONE DETECTED,Yes,No Apparent Injury,"Operated Motor Vehicle in Inattentive, Careless, Negligent, or Erratic Manner, Ran Red Light","Other Action (looking away from task, etc.)",MD,Passenger Car,Moving Constant Speed,35,No,2011,FORD,ESCAPE,39.03005667,-77.12685333,2024,9,9
240044832,Injury Crash,09/20/2024 09:35:00 AM,OLD GEORGETOWN RD (SB/L),NA,Angle,Clear,Dry,Daylight,Traffic Control Signal,NONE DETECTED,No,No Apparent Injury,NA,Not Distracted,MD,Passenger Car,Turning Left,35,No,2009,ACURA,TSX,39.03005667,-77.12685333,2024,9,9