Local Case Number,ACRS Report Type,Crash Date/Time,Road Name,Related Non-Motorist,Collision Type,Weather,Surface Condition,Light,Traffic Control,Driver Substance Abuse,Driver At Fault,Injury Severity,Circumstance,Driver Distracted By,Drivers License State,Vehicle Body Type,Vehicle Movement,Speed Limit,Driverless Vehicle,Vehicle Year,Vehicle Make,Vehicle Model,Latitude,Longitude,Year,Month,Hour
240044526,Property Damage Crash,09/18/2024 02:22:00 PM,NA,NA,Front to Rear,Cloudy,NA,Daylight,NA,NONE DETECTED,No,NA,NA,NA,NA,Passenger Car,Backing,0,No,2015,LEXUS,CT,39.12742544,-77.18324991,2024,9,14
240044507,Property Damage Crash,09/18/2024 02:15:00 PM,FLOWER AVE,NA,Front to Rear,Clear,Dry,Daylight,No Controls,NONE DETECTED,Yes,No Apparent Injury,NA,"Other Action (looking away from task, etc.)",MA,Passenger Car,Moving Constant Speed,25,No,2024,TOYOTA,RAV4,38.98890033,-77.00111783,2024,9,14
240044511,Property Damage Crash,09/18/2024 02:08:00 PM,NEW HAMPSHIRE AVE (SB/L),NA,Front to Rear,Cloudy,Dry,Daylight,No Controls,NONE DETECTED,No,No Apparent Injury,NA,Not Distracted,DC,Passenger Car,Stopped in Traffic,35,No,2018,CHEVROLET,VOLT,38.98408556,-76.98840216,2024,9,14
240044511,Property Damage Crash,09/18/2024 02:08:00 PM,NEW HAMPSHIRE AVE (SB/L),NA,Front to Rear,Cloudy,Dry,Daylight,No Controls,NONE DETECTED,No,No Apparent Injury,NA,Not Distracted,DC,Van - Passenger (&lt;9 Seats),Moving Constant Speed,35,No,2008,CHEVROLET,EXPRESS,38.98408556,-76.98840216,2024,9,14
240044511,Property Damage Crash,09/18/2024 02:08:00 PM,NEW HAMPSHIRE AVE (SB/L),NA,Front to Rear,Cloudy,Dry,Daylight,No Controls,NONE DETECTED,No,No Apparent Injury,NA,Not Distracted,MD,Passenger Car,Stopped in Traffic,35,No,2012,KIA,SORENTO,38.98408556,-76.98840216,2024,9,14
240044511,Property Damage Crash,09/18/2024 02:08:00 PM,NEW HAMPSHIRE AVE (SB/L),NA,Front to Rear,Cloudy,Dry,Daylight,No Controls,NONE DETECTED,No,No Apparent Injury,NA,Not Distracted,MD,Passenger Car,Stopped in Traffic,35,No,2021,MAZDA,CX-30,38.98408556,-76.98840216,2024,9,14
240044511,Property Damage Crash,09/18/2024 02:08:00 PM,NEW HAMPSHIRE AVE (SB/L),NA,Front to Rear,Cloudy,Dry,Daylight,No Controls,NONE DETECTED,No,No Apparent Injury,NA,Not Distracted,MD,Passenger Car,Stopped in Traffic,35,No,2014,JEEP,GRAND CHEROKEE,38.98408556,-76.98840216,2024,9,14
240044511,Property Damage Crash,09/18/2024 02:08:00 PM,NEW HAMPSHIRE AVE (SB/L),NA,Front to Rear,Cloudy,Dry,Daylight,No Controls,NONE DETECTED,Yes,No Apparent Injury,NA,Not Distracted,DC,Pickup,Overtaking/Passing,35,No,1991,CHEVROLET,GMT-400,38.98408556,-76.98840216,2024,9,14
240044511,Property Damage Crash,09/18/2024 02:08:00 PM,NEW HAMPSHIRE AVE (SB/L),NA,Front to Rear,Cloudy,Dry,Daylight,No Controls,NONE DETECTED,No,No Apparent Injury,NA,Not Distracted,MD,Passenger Car,Stopped in Traffic,35,No,2019,TOYOTA,PRIUS,38.98408556,-76.98840216,2024,9,14
240044503,Property Damage Crash,09/18/2024 02:00:00 PM,NA,NA,"Sideswipe, Same Direction",Cloudy,Dry,Daylight,No Controls,NONE DETECTED,No,No Apparent Injury,NA,Not Distracted,MD,Pickup,Moving Constant Speed,40,No,2006,HONDA,RIDGELINE,39.04530737,-76.99220762,2024,9,14
240044503,Property Damage Crash,09/18/2024 02:00:00 PM,NA,NA,"Sideswipe, Same Direction",Cloudy,Dry,Daylight,No Controls,ALCOHOL PRESENT,Yes,No Apparent Injury,"Failed to Keep in Proper Lane, Followed Too Closely, Improper Passing, Operated Motor Vehicle in Inattentive, Careless, Negligent, or Erratic Manner, Over-Correcting/Over-Steering, Swerved or Avoided Due to Wind, Slippery Surface, Motor Vehicle, Object, Non-Motorist in Roadway, etc",Unknown,MD,Passenger Car,Changing Lanes,40,No,2013,NISSAN,ALTIMA,39.04530737,-76.99220762,2024,9,14
240044502,Property Damage Crash,09/18/2024 01:50:00 PM,CONGRESSIONAL LA (EB/L),NA,Front to Rear,Clear,Dry,Daylight,Traffic Control Signal,NONE DETECTED,Yes,No Apparent Injury,NA,Not Distracted,MD,Passenger Car,Moving Constant Speed,25,No,2018,AUDI,A4,39.06432341,-77.12637348,2024,9,13
240044502,Property Damage Crash,09/18/2024 01:50:00 PM,CONGRESSIONAL LA (EB/L),NA,Front to Rear,Clear,Dry,Daylight,Traffic Control Signal,NONE DETECTED,No,No Apparent Injury,NA,Not Distracted,MD,Sport Utility Vehicle,Stopped in Traffic,25,No,2018,FORD,EDGE,39.06432341,-77.12637348,2024,9,13
240044487,Injury Crash,09/18/2024 01:06:00 PM,NA,Pedestrian,Single Vehicle,Clear,Dry,Daylight,Traffic Control Signal,NONE DETECTED,No,No Apparent Injury,NA,Not Distracted,MD,Pickup,Turning Left,40,No,2002,GMC,SIERRA,39.04038334,-77.10953694,2024,9,13
240044469,Property Damage Crash,09/18/2024 11:44:00 AM,NA,NA,"Sideswipe, Same Direction",Cloudy,NA,Daylight,NA,NONE DETECTED,Yes,No Apparent Injury,NA,Not Distracted,MD,Bus - School,Negotiating a Curve,0,No,2018,THOMAS BUILT,SCHOOL BUS,39.17517524,-77.20163057,2024,9,11
240044497,Property Damage Crash,09/18/2024 11:42:00 AM,CASTLE BLVD,NA,Front to Rear,Clear,Dry,Daylight,No Controls,NONE DETECTED,Yes,No Apparent Injury,NA,Not Distracted,MD,Passenger Car,Slowing or Stopping,30,No,2009,BMW,X5,39.08127612,-76.94607788,2024,9,11
240044497,Property Damage Crash,09/18/2024 11:42:00 AM,CASTLE BLVD,NA,Front to Rear,Clear,Dry,Daylight,No Controls,NONE DETECTED,No,No Apparent Injury,NA,Not Distracted,MD,Bus - Transit,Slowing or Stopping,30,No,2014,NABI,BRT,39.08127612,-76.94607788,2024,9,11
240044467,Property Damage Crash,09/18/2024 11:41:00 AM,CLOPPER RD (WB/L),NA,Single Vehicle,Rain,Wet,Daylight,Traffic Control Signal,NONE DETECTED,Yes,No Apparent Injury,Ran Off Roadway,Not Distracted,MD,Passenger Car,Turning Right,40,No,2002,HONDA,CIVIC,39.16287099,-77.28310309,2024,9,11
240044554,Property Damage Crash,09/18/2024 11:36:00 AM,NA,NA,"Sideswipe, Same Direction",Clear,NA,Daylight,NA,NONE DETECTED,No,NA,NA,NA,NA,Pickup,Turning Right,0,No,2014,FORD,F-550,38.96291234,-77.09105512,2024,9,11
240044466,Injury Crash,09/18/2024 11:17:00 AM,QUAIL VALLEY BLVD,NA,Angle,Clear,Wet,Daylight,No Controls,NONE DETECTED,No,Possible Minor Injury,NA,Unknown,MD,Passenger Car,Moving Constant Speed,25,No,2013,HONDA,ACCORD,39.167125,-77.18465,2024,9,11
240044466,Injury Crash,09/18/2024 11:17:00 AM,QUAIL VALLEY BLVD,NA,Angle,Clear,Wet,Daylight,No Controls,NONE DETECTED,Yes,No Apparent Injury,Improper Backing,Unknown,MD,Passenger Car,Backing,25,No,2016,BMW,4S,39.167125,-77.18465,2024,9,11
240044460,Property Damage Crash,09/18/2024 11:10:00 AM,SEVEN LOCKS RD,NA,Single Vehicle,Cloudy,Wet,Daylight,No Controls,NONE DETECTED,Yes,No Apparent Injury,"Operated Motor Vehicle in Reckless or Aggressive Manner, Ran Off Roadway","Other Action (looking away from task, etc.)",VA,Passenger Car,Moving Constant Speed,35,No,2016,SUBARU,WRX,39.028335,-77.16207667,2024,9,11
240044449,Property Damage Crash,09/18/2024 10:30:00 AM,UNIVERSITY BLVD W,NA,Other,Rain,Wet,Daylight,Traffic Control Signal,NONE DETECTED,No,No Apparent Injury,NA,Not Distracted,MD,Passenger Car,Accelerating,35,No,2004,TOYOTA,SIENNA,39.01965048,-77.01306591,2024,9,10
240044449,Property Damage Crash,09/18/2024 10:30:00 AM,UNIVERSITY BLVD W,NA,Other,Rain,Wet,Daylight,Traffic Control Signal,NONE DETECTED,Yes,No Apparent Injury,NA,Not Distracted,MD,Single-Unit Truck,Accelerating,35,No,2016,FREIGHTLINER,M2,39.01965048,-77.01306591,2024,9,10
240044435,Property Damage Crash,09/18/2024 09:20:00 AM,CAPITAL BELTWAY,NA,"Sideswipe, Same Direction",Cloudy,Wet,Daylight,No Controls,NONE DETECTED,No,No Apparent Injury,NA,Not Distracted,MD,Passenger Car,Moving Constant Speed,55,No,2019,HONDA,CIVIC,39.01354614,-77.04193918,2024,9,9
240044435,Property Damage Crash,09/18/2024 09:20:00 AM,CAPITAL BELTWAY,NA,"Sideswipe, Same Direction",Cloudy,Wet,Daylight,No Controls,NONE DETECTED,Yes,No Apparent Injury,NA,Unknown,MD,Passenger Car,Changing Lanes,55,No,2022,MAZDA,CX-30,39.01354614,-77.04193918,2024,9,9
240044432,Property Damage Crash,09/18/2024 08:50:00 AM,W VIRGINIA AVE,NA,"Sideswipe, Same Direction",Rain,Wet,Daylight,Stop Sign,NONE DETECTED,No,No Apparent Injury,Improper Turn,Not Distracted,MD,Bus - School,Turning Left,25,No,2022,FREIGHTLINER,B2 106 ELECTRIC CONVENTIONAL CHASSIS,38.9908494,-77.08768737,2024,9,8
240044427,Property Damage Crash,09/18/2024 08:44:00 AM,LOCKWOOD DR,NA,Front to Rear,Rain,Wet,Daylight,No Controls,NONE DETECTED,Yes,No Apparent Injury,NA,Not Distracted,NA,Passenger Car,Accelerating,15,No,2021,TOYOTA,COROLLA,39.04018594,-76.98953656,2024,9,8
240044427,Property Damage Crash,09/18/2024 08:44:00 AM,LOCKWOOD DR,NA,Front to Rear,Rain,Wet,Daylight,No Controls,NONE DETECTED,No,No Apparent Injury,NA,Not Distracted,MD,Passenger Car,Backing,10,No,2007,HONDA,ACCORD,39.04018594,-76.98953656,2024,9,8
240044421,Property Damage Crash,09/18/2024 08:08:00 AM,WARING STATION RD,NA,Front to Rear,Rain,Wet,Daylight,No Controls,NONE DETECTED,No,No Apparent Injury,NA,Not Distracted,MD,Passenger Car,Slowing or Stopping,30,No,2024,TOYOTA,COROLLA,39.1562773,-77.25385373,2024,9,8
240044421,Property Damage Crash,09/18/2024 08:08:00 AM,WARING STATION RD,NA,Front to Rear,Rain,Wet,Daylight,No Controls,NONE DETECTED,No,No Apparent Injury,NA,Not Distracted,MD,Passenger Car,Slowing or Stopping,30,No,2015,FORD,TAURUS,39.1562773,-77.25385373,2024,9,8
240044413,Injury Crash,09/18/2024 08:00:00 AM,RESEARCH BLVD,NA,Angle,Rain,Wet,Daylight,Traffic Control Signal,NONE DETECTED,Yes,Possible Minor Injury,Ran Red Light,Unknown,MD,Sport Utility Vehicle,Moving Constant Speed,45,No,2024,DODGE,DURANGO,39.10494521,-77.19031502,2024,9,8
240044413,Injury Crash,09/18/2024 08:00:00 AM,RESEARCH BLVD,NA,Angle,Rain,Wet,Daylight,Traffic Control Signal,NONE DETECTED,No,Possible Minor Injury,NA,Not Distracted,MD,Single-Unit Truck,Slowing or Stopping,35,No,2015,FREIGHTLINER,B2 106 ELECTRIC CONVENTIONAL CHASSIS,39.10494521,-77.19031502,2024,9,8
240044413,Injury Crash,09/18/2024 08:00:00 AM,RESEARCH BLVD,NA,Angle,Rain,Wet,Daylight,Traffic Control Signal,NONE DETECTED,No,Suspected Serious Injury,NA,Not Distracted,MD,Passenger Car,Moving Constant Speed,35,No,2019,VOLKSWAGEN,JETTA,39.10494521,-77.19031502,2024,9,8
240044414,Property Damage Crash,09/18/2024 07:55:00 AM,RANDOLPH RD,NA,Front to Rear,Rain,Wet,Daylight,No Controls,NONE DETECTED,No,No Apparent Injury,NA,Not Distracted,MD,Passenger Car,Slowing or Stopping,40,No,2015,HONDA,FIT,39.06308239,-77.04087984,2024,9,7
240044414,Property Damage Crash,09/18/2024 07:55:00 AM,RANDOLPH RD,NA,Front to Rear,Rain,Wet,Daylight,No Controls,NONE DETECTED,No,No Apparent Injury,NA,Unknown,MD,Passenger Car,Slowing or Stopping,40,No,2009,HONDA,ACCORD,39.06308239,-77.04087984,2024,9,7
240044414,Property Damage Crash,09/18/2024 07:55:00 AM,RANDOLPH RD,NA,Front to Rear,Rain,Wet,Daylight,No Controls,NONE DETECTED,No,No Apparent Injury,NA,Not Distracted,MD,Passenger Car,Slowing or Stopping,40,No,2008,NISSAN,ALTIMA,39.06308239,-77.04087984,2024,9,7
240044414,Property Damage Crash,09/18/2024 07:55:00 AM,RANDOLPH RD,NA,Front to Rear,Rain,Wet,Daylight,No Controls,NONE DETECTED,No,No Apparent Injury,NA,Not Distracted,MD,Passenger Car,Stopped in Traffic,40,No,2019,TOYOTA,COROLLA,39.06308239,-77.04087984,2024,9,7
240044415,Property Damage Crash,09/18/2024 07:52:00 AM,WASHINGTONIAN BLVD,NA,Front to Rear,Rain,Wet,Daylight,No Controls,NONE DETECTED,No,No Apparent Injury,NA,Not Distracted,MD,Passenger Car,Parked,25,No,2006,TOYOTA,COROLLA,39.1180295,-77.20248733,2024,9,7
240044415,Property Damage Crash,09/18/2024 07:52:00 AM,WASHINGTONIAN BLVD,NA,Front to Rear,Rain,Wet,Daylight,No Controls,NONE DETECTED,No,No Apparent Injury,Too Fast For Conditions,Not Distracted,FL,Passenger Car,Changing Lanes,25,No,2023,JEEP,GLADIATOR,39.1180295,-77.20248733,2024,9,7
240044409,Property Damage Crash,09/18/2024 07:20:00 AM,NA,NA,Single Vehicle,Rain,Wet,Daylight,No Controls,NONE DETECTED,Yes,No Apparent Injury,NA,"Other Action (looking away from task, etc.)",MD,Passenger Car,Moving Constant Speed,35,No,2011,MERCEDES-BENZ,E-CLASS,39.01540329,-77.1602357,2024,9,7
240045523,Property Damage Crash,09/18/2024 07:14:00 AM,BRINK RD,NA,Single Vehicle,Rain,Wet,Daylight,No Controls,NONE DETECTED,No,No Apparent Injury,Ran Off Roadway,Not Distracted,MD,Passenger Car,Moving Constant Speed,30,No,2019,NISSAN,SENTRA,39.20079035,-77.19367943,2024,9,7
240044406,Property Damage Crash,09/18/2024 07:10:00 AM,OLD BALTIMORE RD,NA,Single Vehicle,Rain,Wet,Daylight,No Controls,NONE DETECTED,Yes,No Apparent Injury,NA,Not Distracted,MD,Passenger Car,Moving Constant Speed,20,No,2006,TOYOTA,COROLLA,39.13714369,-77.06433364,2024,9,7
240044396,Property Damage Crash,09/18/2024 03:52:00 AM,CAPITAL BELTWAY (WB/L),NA,"Sideswipe, Same Direction",Rain,Wet,Medium,No Controls,NONE DETECTED,No,No Apparent Injury,NA,Not Distracted,NC,Passenger Car,Moving Constant Speed,55,No,2024,BMW,X3,39.01433733,-77.06050867,2024,9,3
240044396,Property Damage Crash,09/18/2024 03:52:00 AM,CAPITAL BELTWAY (WB/L),NA,"Sideswipe, Same Direction",Rain,Wet,Medium,No Controls,NONE DETECTED,Yes,No Apparent Injury,Other Improper Action,Not Distracted,DC,Passenger Car,Changing Lanes,55,No,2005,FORD,FOCUS,39.01433733,-77.06050867,2024,9,3
240044396,Property Damage Crash,09/18/2024 03:52:00 AM,CAPITAL BELTWAY (WB/L),NA,"Sideswipe, Same Direction",Rain,Wet,Medium,No Controls,NONE DETECTED,No,No Apparent Injury,NA,Not Distracted,MD,Passenger Car,Moving Constant Speed,55,No,2020,HONDA,CIVIC,39.01433733,-77.06050867,2024,9,3
240044397,Property Damage Crash,09/18/2024 03:51:00 AM,EISENHOWER MEMORIAL HWY,NA,Single Vehicle,Rain,Wet,Medium,No Controls,NONE DETECTED,No,No Apparent Injury,Too Fast For Conditions,Unknown,MD,Passenger Car,Moving Constant Speed,55,No,2022,TESLA,MODEL 3,39.13519013,-77.20951573,2024,9,3
240044398,Property Damage Crash,09/18/2024 03:46:00 AM,EISENHOWER MEMORIAL HWY,NA,Single Vehicle,Rain,Wet,Medium,No Controls,NONE DETECTED,Yes,No Apparent Injury,NA,Not Distracted,MD,Passenger Car,Moving Constant Speed,55,No,2008,HONDA,CIVIC,39.10082308,-77.1791105,2024,9,3
240045472,Property Damage Crash,09/18/2024 02:30:00 AM,FRIENDSHIP BLVD,NA,Angle,Clear,Dry,Medium,Flashing Traffic Control Signal,NONE DETECTED,No,No Apparent Injury,Failed to Yield Right-of-Way,Not Distracted,MD,Sport Utility Vehicle,Moving Constant Speed,30,No,2021,DODGE,DURANGO,38.96200354,-77.08896725,2024,9,2
240045472,Property Damage Crash,09/18/2024 02:30:00 AM,FRIENDSHIP BLVD,NA,Angle,Clear,Dry,Medium,Flashing Traffic Control Signal,NONE DETECTED,No,No Apparent Injury,Other Improper Action,"Other Action (looking away from task, etc.)",MD,Pickup,Moving Constant Speed,30,No,2019,CHEVROLET,SILVERADO,38.96200354,-77.08896725,2024,9,2
240044384,Property Damage Crash,09/18/2024 12:30:00 AM,NA,NA,Front to Rear,Clear,Dry,Medium,Flashing Traffic Control Signal,ALCOHOL PRESENT,No,No Apparent Injury,NA,Unknown,NY,Passenger Car,Moving Constant Speed,35,No,2016,MERCEDES-BENZ,E-CLASS,39.17413765,-77.20846367,2024,9,0
240044384,Property Damage Crash,09/18/2024 12:30:00 AM,NA,NA,Front to Rear,Clear,Dry,Medium,Flashing Traffic Control Signal,ALCOHOL PRESENT,No,No Apparent Injury,"Disregarded Other Road Markings, Disregarded Other Traffic Sign, Failed to Keep in Proper Lane, Other Improper Action, Ran Off Roadway, Ran Red Light",Unknown,NY,Passenger Car,Moving Constant Speed,30,No,2008,TOYOTA,SIENNA,39.17413765,-77.20846367,2024,9,0
240044385,Property Damage Crash,09/18/2024 12:30:00 AM,CARROLL AVE,NA,Single Vehicle,Clear,Dry,Medium,"Other Pavement Marking (excluding edgelines, centerlines, or lane lines)",NONE DETECTED,No,No Apparent Injury,"Disregarded Other Road Markings, Disregarded Other Traffic Sign, Failed to Keep in Proper Lane, Failed to Yield Right-of-Way, Improper Passing, Improper Turn, Operated Motor Vehicle in Inattentive, Careless, Negligent, or Erratic Manner, Operated Motor Vehicle in Reckless or Aggressive Manner, Too Fast For Conditions",Unknown,NA,Passenger Car,Accelerating,25,No,2017,MAZDA,MAZDA3,38.97488807,-77.01196653,2024,9,0
240044377,Property Damage Crash,09/17/2024 10:09:00 PM,NA,NA,Single Vehicle,Cloudy,Wet,Medium,Yield Sign,NONE DETECTED,No,No Apparent Injury,NA,Not Distracted,MD,Passenger Car,Turning Right,40,No,2005,SUBARU,WRX,39.16303617,-77.2832,2024,9,22
240044375,Property Damage Crash,09/17/2024 10:09:00 PM,GERMANTOWN RD (SB/L),NA,Single Vehicle,Clear,Wet,Medium,Traffic Control Signal,NONE DETECTED,No,No Apparent Injury,Too Fast For Conditions,Not Distracted,MD,Passenger Car,Turning Right,40,No,2018,LEXUS,IS,39.16289972,-77.28308056,2024,9,22
240044367,Property Damage Crash,09/17/2024 08:20:00 PM,ELLSWORTH DR,NA,Front to Rear,Clear,Wet,Medium,Traffic Control Signal,NONE DETECTED,No,NA,NA,NA,NA,NA,Backing,35,No,0,NA,NA,38.99525542,-77.027212,2024,9,20
240044367,Property Damage Crash,09/17/2024 08:20:00 PM,ELLSWORTH DR,NA,Front to Rear,Clear,Wet,Medium,Traffic Control Signal,NONE DETECTED,No,No Apparent Injury,NA,Not Distracted,MD,Passenger Car,Backing,35,No,2016,VOLKSWAGEN,PASSAT,38.99525542,-77.027212,2024,9,20
240044379,Property Damage Crash,09/17/2024 07:30:00 PM,MONTGOMERY AVE,NA,"Sideswipe, Same Direction",Clear,Dry,Daylight,Traffic Control Signal,NONE DETECTED,No,No Apparent Injury,NA,Not Distracted,MD,Passenger Car,Overtaking/Passing,35,No,2010,MAZDA,MAZDA3,38.98358296,-77.09371386,2024,9,19
240044359,Property Damage Crash,09/17/2024 07:12:00 PM,RANDOLPH RD,NA,Angle,Rain,Wet,Medium,Traffic Control Signal,NONE DETECTED,No,No Apparent Injury,NA,Not Distracted,NA,Pickup,Moving Constant Speed,25,No,2006,TOYOTA,TUNDRA,39.05539959,-77.08365929,2024,9,19
240044359,Property Damage Crash,09/17/2024 07:12:00 PM,RANDOLPH RD,NA,Angle,Rain,Wet,Medium,Traffic Control Signal,NONE DETECTED,No,No Apparent Injury,NA,Not Distracted,MD,Passenger Car,Accelerating,35,No,2020,NISSAN,NV,39.05539959,-77.08365929,2024,9,19
240044350,Property Damage Crash,09/17/2024 07:03:00 PM,DOVER RD,NA,"Sideswipe, Same Direction",Rain,Wet,Medium,No Controls,NONE DETECTED,No,No Apparent Injury,NA,Unknown,MD,Sport Utility Vehicle,Turning Left,25,No,2014,INFINITI,QX60,39.09892778,-77.1409092,2024,9,19
240044350,Property Damage Crash,09/17/2024 07:03:00 PM,DOVER RD,NA,"Sideswipe, Same Direction",Rain,Wet,Medium,No Controls,NONE DETECTED,No,No Apparent Injury,NA,Unknown,MD,Van - Passenger (&lt;9 Seats),Moving Constant Speed,25,No,2020,KIA,CARNIVAL,39.09892778,-77.1409092,2024,9,19
240044353,Property Damage Crash,09/17/2024 06:53:00 PM,NA,NA,"Sideswipe, Same Direction",Rain,Wet,Medium,No Controls,NONE DETECTED,Yes,No Apparent Injury,NA,Not Distracted,MD,Passenger Car,Entering Traffic Lane,30,No,2019,MERCEDES-BENZ,C-CLASS,39.157528,-77.2663975,2024,9,18
240044353,Property Damage Crash,09/17/2024 06:53:00 PM,NA,NA,"Sideswipe, Same Direction",Rain,Wet,Medium,No Controls,NONE DETECTED,No,No Apparent Injury,NA,Not Distracted,MD,Passenger Car,Moving Constant Speed,30,No,2019,NISSAN,ROGUE,39.157528,-77.2663975,2024,9,18
240044344,Property Damage Crash,09/17/2024 05:49:00 PM,NA,NA,"Sideswipe, Opposite Direction",Cloudy,Wet,Daylight,"Other Pavement Marking (excluding edgelines, centerlines, or lane lines)",NONE DETECTED,No,No Apparent Injury,NA,Not Distracted,MD,Passenger Car,Moving Constant Speed,35,No,2019,NISSAN,ALTIMA,39.00280556,-77.02445247,2024,9,17
240044344,Property Damage Crash,09/17/2024 05:49:00 PM,NA,NA,"Sideswipe, Opposite Direction",Cloudy,Wet,Daylight,"Other Pavement Marking (excluding edgelines, centerlines, or lane lines)",NONE DETECTED,No,NA,NA,NA,NA,Sport Utility Vehicle,Moving Constant Speed,35,No,2000,FORD,UNKNOWN,39.00280556,-77.02445247,2024,9,17
240044334,Property Damage Crash,09/17/2024 05:37:00 PM,WISCONSIN AVE,NA,Single Vehicle,Rain,Wet,Daylight,Traffic Control Signal,NONE DETECTED,No,No Apparent Injury,NA,Not Distracted,MD,Bus - School,Moving Constant Speed,35,No,2021,THOMAS BUILT,SCHOOL BUS,38.9800724,-77.09206294,2024,9,17
240044331,Property Damage Crash,09/17/2024 05:15:00 PM,NA,NA,Front to Rear,Rain,Wet,Daylight,No Controls,NONE DETECTED,Yes,No Apparent Injury,"Followed Too Closely, Too Fast For Conditions",Not Distracted,MD,Passenger Car,Slowing or Stopping,30,No,2016,MINI,COUNTRYMAN,39.01045067,-77.13328267,2024,9,17
240044331,Property Damage Crash,09/17/2024 05:15:00 PM,NA,NA,Front to Rear,Rain,Wet,Daylight,No Controls,NONE DETECTED,No,No Apparent Injury,NA,Not Distracted,MD,Passenger Car,Moving Constant Speed,30,No,2013,HONDA,ACCORD,39.01045067,-77.13328267,2024,9,17
240044331,Property Damage Crash,09/17/2024 05:15:00 PM,NA,NA,Front to Rear,Rain,Wet,Daylight,No Controls,NONE DETECTED,No,No Apparent Injury,NA,Not Distracted,MD,Passenger Car,Moving Constant Speed,30,No,2019,AUDI,COUPE,39.01045067,-77.13328267,2024,9,17
240044329,Property Damage Crash,09/17/2024 04:49:00 PM,MONTGOMERY VILLAGE AVE,NA,Front to Rear,Rain,Wet,Daylight,No Controls,NONE DETECTED,No,No Apparent Injury,NA,Not Distracted,MD,Passenger Car,Moving Constant Speed,35,No,2017,FORD,FUSION,39.18568184,-77.19866028,2024,9,16
240044329,Property Damage Crash,09/17/2024 04:49:00 PM,MONTGOMERY VILLAGE AVE,NA,Front to Rear,Rain,Wet,Daylight,No Controls,NONE DETECTED,Yes,No Apparent Injury,"Operated Motor Vehicle in Inattentive, Careless, Negligent, or Erratic Manner, Over-Correcting/Over-Steering","Other Action (looking away from task, etc.)",CA,Sport Utility Vehicle,Moving Constant Speed,35,No,2024,HONDA,HR-V,39.18568184,-77.19866028,2024,9,16
240044326,Property Damage Crash,09/17/2024 04:44:00 PM,NA,NA,Front to Rear,Rain,Wet,Daylight,No Controls,NONE DETECTED,No,No Apparent Injury,NA,Not Distracted,MD,Passenger Car,Moving Constant Speed,25,No,2024,AUDI,Q5,38.98401095,-77.01740462,2024,9,16
240044326,Property Damage Crash,09/17/2024 04:44:00 PM,NA,NA,Front to Rear,Rain,Wet,Daylight,No Controls,NONE DETECTED,No,NA,NA,Not Distracted,NA,Passenger Car,Moving Constant Speed,25,No,2015,HYUNDAI,ELANTRA,38.98401095,-77.01740462,2024,9,16
240044327,Injury Crash,09/17/2024 04:41:00 PM,IS 270 LOCAL LANES (NB),NA,Front to Rear,Rain,Wet,Daylight,No Controls,NONE DETECTED,Yes,No Apparent Injury,NA,Not Distracted,NA,Passenger Car,Stopped in Traffic,55,No,2010,CHEVROLET,EXPRESS,39.11485928,-77.191588049999993,2024,9,16
240044327,Injury Crash,09/17/2024 04:41:00 PM,IS 270 LOCAL LANES (NB),NA,Front to Rear,Rain,Wet,Daylight,No Controls,NONE DETECTED,No,No Apparent Injury,NA,Not Distracted,MD,Passenger Car,Stopped in Traffic,55,No,2019,TOYOTA,COROLLA,39.11485928,-77.191588049999993,2024,9,16