Local Case Number,ACRS Report Type,Crash Date/Time,Road Name,Related Non-Motorist,Collision Type,Weather,Surface Condition,Light,Traffic Control,Driver Substance Abuse,Driver At Fault,Injury Severity,Circumstance,Driver Distracted By,Drivers License State,Vehicle Body Type,Vehicle Movement,Speed Limit,Driverless Vehicle,Vehicle Year,Vehicle Make,Vehicle Model,Latitude,Longitude,Year,Month,Hour
240043997,Property Damage Crash,09/15/2024 08:49:00 PM,OLD COLUMBIA PIKE,NA,Angle,Clear,Dry,Medium,No Controls,NONE DETECTED,Yes,No Apparent Injury,"Failed to Yield Right-of-Way, Other Improper Action","Other Action (looking away from task, etc.)",MD,Sport Utility Vehicle,Turning Right,10,No,2007,MITSUBISHI,OUTLANDER,39.06407143,-76.96539305,2024,9,20
240043994,Property Damage Crash,09/15/2024 08:00:00 PM,CONNECTICUT AVE,NA,"Sideswipe, Same Direction",Clear,Dry,Medium,No Controls,NONE DETECTED,No,No Apparent Injury,NA,Not Distracted,VA,Station Wagon,Moving Constant Speed,35,No,2023,HYUNDAI,IONIQ 5,38.97175087,-77.07718168,2024,9,20
240043994,Property Damage Crash,09/15/2024 08:00:00 PM,CONNECTICUT AVE,NA,"Sideswipe, Same Direction",Clear,Dry,Medium,No Controls,NONE DETECTED,No,No Apparent Injury,NA,Not Distracted,MD,Station Wagon,Moving Constant Speed,35,No,2020,HONDA,CR-V,38.97175087,-77.07718168,2024,9,20
240043989,Property Damage Crash,09/15/2024 07:58:00 PM,GEORGIA AVE,NA,Front to Rear,Clear,Dry,Medium,Flashing Traffic Control Signal,ALCOHOL PRESENT,Yes,No Apparent Injury,"Operated Motor Vehicle in Reckless or Aggressive Manner, Other Improper Action",Unknown,MD,Passenger Car,Stopped in Traffic,35,No,2013,FORD,FOCUS,39.05296097,-77.05089437,2024,9,19
240043989,Property Damage Crash,09/15/2024 07:58:00 PM,GEORGIA AVE,NA,Front to Rear,Clear,Dry,Medium,Flashing Traffic Control Signal,NONE DETECTED,No,No Apparent Injury,NA,Not Distracted,MD,Passenger Car,Stopped in Traffic,35,No,2022,KIA,SORENTO,39.05296097,-77.05089437,2024,9,19
240043978,Injury Crash,09/15/2024 06:40:00 PM,NA,Pedestrian,Single Vehicle,Clear,NA,Medium,NA,NONE DETECTED,No,No Apparent Injury,Failed to Yield Right-of-Way,Unknown,MD,Passenger Car,Moving Constant Speed,0,No,2009,PORSCHE,CAYENNE,39.09766523,-77.19236342,2024,9,18
240043977,Property Damage Crash,09/15/2024 06:21:00 PM,E GUDE DR (WB/L),NA,Single Vehicle,Clear,Dry,Daylight,No Controls,NONE DETECTED,No,No Apparent Injury,NA,Unknown,MD,Passenger Car,Changing Lanes,40,No,2007,TOYOTA,CAMRY,39.09702816,-77.13527885,2024,9,18
240043967,Injury Crash,09/15/2024 05:23:00 PM,EMERALD GREEN DR,Cyclist (non-electric),Single Vehicle,Clear,Dry,Daylight,Stop Sign,NONE DETECTED,No,No Apparent Injury,NA,Not Distracted,MD,Sport Utility Vehicle,Moving Constant Speed,20,No,2011,BMW,X5,39.22235691,-77.24708679,2024,9,17
240043963,Injury Crash,09/15/2024 04:45:00 PM,WHITTIER BLVD,NA,Single Vehicle,Clear,Dry,Daylight,No Controls,NONE DETECTED,Yes,Possible Minor Injury,NA,Unknown,MD,Sport Utility Vehicle,Moving Constant Speed,25,No,2023,LINCOLN,AVIATOR,38.98108086,-77.12566274,2024,9,16
240043951,Property Damage Crash,09/15/2024 03:37:00 PM,BRADFORD RD,NA,"Sideswipe, Same Direction",Clear,Dry,Daylight,No Controls,NONE DETECTED,Yes,No Apparent Injury,NA,Not Distracted,MD,Van - Passenger (&lt;9 Seats),Slowing or Stopping,25,No,2018,RAM,PROMASTER 1500,38.99900417,-77.00674567,2024,9,15
240043953,Property Damage Crash,09/15/2024 03:26:00 PM,WOODFIELD RD,NA,"Sideswipe, Same Direction",Clear,Dry,Daylight,No Controls,NONE DETECTED,No,No Apparent Injury,NA,Not Distracted,MD,Passenger Car,Moving Constant Speed,35,No,2020,CHEVROLET,SPARK,39.27705846,-77.20368145,2024,9,15
240043953,Property Damage Crash,09/15/2024 03:26:00 PM,WOODFIELD RD,NA,"Sideswipe, Same Direction",Clear,Dry,Daylight,No Controls,NONE DETECTED,No,NA,NA,NA,NA,Sport Utility Vehicle,Accelerating,35,No,2022,MITSUBISHI,SP,39.27705846,-77.20368145,2024,9,15
240043949,Injury Crash,09/15/2024 03:19:00 PM,MONTROSE RD,NA,Front to Rear,Clear,Dry,Daylight,No Controls,NONE DETECTED,No,Possible Minor Injury,NA,Not Distracted,MD,Passenger Car,Stopped in Traffic,45,No,2018,MERCEDES-BENZ,E-CLASS,39.05677214,-77.16540562,2024,9,15
240043949,Injury Crash,09/15/2024 03:19:00 PM,MONTROSE RD,NA,Front to Rear,Clear,Dry,Daylight,No Controls,NONE DETECTED,No,No Apparent Injury,NA,Not Distracted,MD,Other,Stopped in Traffic,45,No,2019,DODGE,CARAVAN,39.05677214,-77.16540562,2024,9,15
240043949,Injury Crash,09/15/2024 03:19:00 PM,MONTROSE RD,NA,Front to Rear,Clear,Dry,Daylight,No Controls,NONE DETECTED,No,No Apparent Injury,Followed Too Closely,"Other Action (looking away from task, etc.)",MD,Sport Utility Vehicle,Moving Constant Speed,45,No,2013,LAND ROVER,LR2,39.05677214,-77.16540562,2024,9,15
240047302,Injury Crash,09/15/2024 03:00:00 PM,STANDARD CT,NA,Front to Rear,Clear,Dry,Daylight,No Controls,NONE DETECTED,No,No Apparent Injury,NA,Not Distracted,MD,Sport Utility Vehicle,Slowing or Stopping,20,No,2023,TOYOTA,4-RUNNER,39.14256567,-77.18231133,2024,9,15
240047302,Injury Crash,09/15/2024 03:00:00 PM,STANDARD CT,NA,Front to Rear,Clear,Dry,Daylight,No Controls,NONE DETECTED,No,Possible Minor Injury,NA,Not Distracted,MD,Passenger Car,Backing,20,No,2015,TOYOTA,PRIUS,39.14256567,-77.18231133,2024,9,15
240050025,Property Damage Crash,09/15/2024 02:00:00 PM,E RANDOLPH RD (WB/L),NA,Angle,Clear,Dry,Daylight,No Controls,NONE DETECTED,No,NA,NA,NA,NA,Passenger Car,NA,35,No,2011,HONDA,UNKNOWN,39.0721927,-76.98883358,2024,9,14
240050025,Property Damage Crash,09/15/2024 02:00:00 PM,E RANDOLPH RD (WB/L),NA,Angle,Clear,Dry,Daylight,No Controls,NONE DETECTED,No,No Apparent Injury,NA,Unknown,MD,Passenger Car,Moving Constant Speed,35,No,2012,HONDA,ODYSSEY,39.0721927,-76.98883358,2024,9,14
240043934,Property Damage Crash,09/15/2024 01:40:00 PM,NA,NA,Single Vehicle,Clear,NA,Daylight,NA,NONE DETECTED,No,No Apparent Injury,Improper Backing,Not Distracted,MD,Sport Utility Vehicle,Backing,0,No,2018,FORD,EXPLORER,39.11894251,-77.2065467,2024,9,13
240043933,Injury Crash,09/15/2024 01:39:00 PM,BAUER DR,NA,Angle,Clear,Dry,Daylight,No Controls,NONE DETECTED,No,No Apparent Injury,NA,Not Distracted,MD,Sport Utility Vehicle,Moving Constant Speed,25,No,2017,HONDA,CR-V,39.09269234,-77.10886332,2024,9,13
240043933,Injury Crash,09/15/2024 01:39:00 PM,BAUER DR,NA,Angle,Clear,Dry,Daylight,No Controls,NONE DETECTED,Yes,No Apparent Injury,NA,Unknown,MD,Van - Passenger (&lt;9 Seats),Entering Traffic Lane,25,No,2018,CHRYSLER,PACIFICA,39.09269234,-77.10886332,2024,9,13
240043918,Property Damage Crash,09/15/2024 11:50:00 AM,NA,NA,Front to Rear,Clear,Dry,Daylight,No Controls,NONE DETECTED,No,No Apparent Injury,NA,Not Distracted,MD,Sport Utility Vehicle,Slowing or Stopping,35,No,2017,SUBARU,IMPREZA,39.10994217,-77.03708633,2024,9,11
240043918,Property Damage Crash,09/15/2024 11:50:00 AM,NA,NA,Front to Rear,Clear,Dry,Daylight,No Controls,NONE DETECTED,Yes,No Apparent Injury,"Followed Too Closely, Too Fast For Conditions",Not Distracted,MD,Passenger Car,Moving Constant Speed,35,No,2005,HONDA,CIVIC,39.10994217,-77.03708633,2024,9,11
240043914,Injury Crash,09/15/2024 11:31:00 AM,DARNESTOWN RD,NA,"Sideswipe, Opposite Direction",Clear,Dry,Daylight,No Controls,ALCOHOL PRESENT,No,Possible Minor Injury,NA,Not Distracted,NA,Passenger Car,Moving Constant Speed,50,No,2010,HONDA,CR-V,39.12786553,-77.335862,2024,9,11
240043914,Injury Crash,09/15/2024 11:31:00 AM,DARNESTOWN RD,NA,"Sideswipe, Opposite Direction",Clear,Dry,Daylight,No Controls,NONE DETECTED,No,No Apparent Injury,NA,Not Distracted,MD,Passenger Car,Moving Constant Speed,50,No,2019,FORD,EDGE,39.12786553,-77.335862,2024,9,11
240043912,Property Damage Crash,09/15/2024 10:44:00 AM,NA,NA,Angle,Clear,NA,Daylight,NA,NONE DETECTED,No,NA,NA,NA,NA,Sport Utility Vehicle,NA,0,No,2006,NISSAN,XTERRA,39.01043914,-77.04180641,2024,9,10
240043900,Property Damage Crash,09/15/2024 09:21:00 AM,BEL PRE RD,NA,"Sideswipe, Same Direction",Clear,Dry,Daylight,Traffic Control Signal,NONE DETECTED,Yes,No Apparent Injury,NA,Unknown,MD,Sport Utility Vehicle,Moving Constant Speed,35,No,2016,MITSUBISHI,OUTLANDER,39.09224463,-77.07092483,2024,9,9
240043900,Property Damage Crash,09/15/2024 09:21:00 AM,BEL PRE RD,NA,"Sideswipe, Same Direction",Clear,Dry,Daylight,Traffic Control Signal,NONE DETECTED,No,No Apparent Injury,NA,Not Distracted,MD,Sport Utility Vehicle,Stopped in Traffic,35,No,2012,TOYOTA,HIGHLANDER,39.09224463,-77.07092483,2024,9,9
240043900,Property Damage Crash,09/15/2024 09:21:00 AM,BEL PRE RD,NA,"Sideswipe, Same Direction",Clear,Dry,Daylight,Traffic Control Signal,NONE DETECTED,No,No Apparent Injury,NA,Not Distracted,MD,Van - Passenger (&lt;9 Seats),Stopped in Traffic,35,No,2012,CHEVROLET,EXPRESS,39.09224463,-77.07092483,2024,9,9
240043898,Property Damage Crash,09/15/2024 07:57:00 AM,MONTROSE AVE,NA,Other,Clear,Dry,Daylight,No Controls,NONE DETECTED,Yes,No Apparent Injury,"Failed to Keep in Proper Lane, Operated Motor Vehicle in Inattentive, Careless, Negligent, or Erratic Manner","Other Action (looking away from task, etc.)",MD,Van - Passenger (&lt;9 Seats),Moving Constant Speed,20,No,2003,CHRYSLER,TOWN AND COUNTRY,39.02831517,-77.09823917,2024,9,7
240043894,Injury Crash,09/15/2024 04:54:00 AM,NA,NA,Front to Rear,Clear,Dry,Medium,No Controls,NONE DETECTED,Yes,Possible Minor Injury,"Operated Motor Vehicle in Inattentive, Careless, Negligent, or Erratic Manner",Unknown,MD,Passenger Car,Moving Constant Speed,25,No,2015,TOYOTA,GR COROLLA,39.08990918,-77.09702403,2024,9,4
240043893,Property Damage Crash,09/15/2024 04:18:00 AM,RAMP 1 FR RAMP 4 (FR MD650) TO IS 495 WB,NA,Single Vehicle,Clear,Dry,Medium,Other,NONE DETECTED,Yes,No Apparent Injury,Ran Off Roadway,Unknown,MD,Passenger Car,Changing Lanes,40,No,2024,TESLA,MODEL 3,39.01777128,-76.97375394,2024,9,4
240043879,Property Damage Crash,09/15/2024 12:16:00 AM,ANDERSON AVE,NA,Front to Front,Clear,Dry,Dark,No Controls,NONE DETECTED,No,No Apparent Injury,Other Improper Action,Unknown,MD,Passenger Car,Moving Constant Speed,25,No,2018,HONDA,CIVIC,39.08668372,-77.16967323,2024,9,0
240044060,Property Damage Crash,09/14/2024 11:50:00 PM,BOU AVE,NA,"Sideswipe, Same Direction",Clear,Dry,Medium,No Controls,NONE DETECTED,No,NA,NA,NA,NA,Passenger Car,Changing Lanes,40,No,2003,ACURA,UNKNOWN,39.05640367,-77.11882862,2024,9,23
240044060,Property Damage Crash,09/14/2024 11:50:00 PM,BOU AVE,NA,"Sideswipe, Same Direction",Clear,Dry,Medium,No Controls,NONE DETECTED,No,No Apparent Injury,NA,Not Distracted,MD,Passenger Car,Moving Constant Speed,40,No,2013,HONDA,UNKNOWN,39.05640367,-77.11882862,2024,9,23
240043877,Property Damage Crash,09/14/2024 11:37:00 PM,CENTURY BLVD (SB/L),NA,Single Vehicle,Clear,Dry,Medium,Traffic Control Signal,ALCOHOL PRESENT,Yes,No Apparent Injury,"Operated Motor Vehicle in Inattentive, Careless, Negligent, or Erratic Manner",Not Distracted,MD,Passenger Car,Turning Left,30,No,2001,CADILLAC,DEVILLE,39.18409866,-77.2617734,2024,9,23
240043876,Property Damage Crash,09/14/2024 11:33:00 PM,DILSTON RD,NA,Front to Rear,Clear,Dry,Medium,No Controls,NONE DETECTED,No,No Apparent Injury,NA,Not Distracted,MD,Passenger Car,Backing,25,No,2008,HONDA,CIVIC,39.0143851,-76.98490015,2024,9,23
240043876,Property Damage Crash,09/14/2024 11:33:00 PM,DILSTON RD,NA,Front to Rear,Clear,Dry,Medium,No Controls,DRUG AND ALCOHOL CONTRIBUTED,Yes,No Apparent Injury,Followed Too Closely,Unknown,MD,Passenger Car,Moving Constant Speed,25,No,2019,HONDA,CIVIC,39.0143851,-76.98490015,2024,9,23
240043874,Property Damage Crash,09/14/2024 11:01:00 PM,LAYHILL RD,NA,Single Vehicle,Clear,Dry,Medium,No Controls,NONE DETECTED,Yes,No Apparent Injury,"Failed to Keep in Proper Lane, Operated Motor Vehicle in Inattentive, Careless, Negligent, or Erratic Manner, Ran Off Roadway",Not Distracted,MD,Passenger Car,Moving Constant Speed,35,No,2012,ACURA,MDX,39.09298188,-77.04514975,2024,9,23
240043859,Injury Crash,09/14/2024 08:40:00 PM,GEORGIA AVE (SB/L),NA,"Sideswipe, Same Direction",Clear,Dry,Medium,No Controls,NONE DETECTED,No,Possible Minor Injury,NA,Not Distracted,MD,Passenger Car,Moving Constant Speed,25,No,2015,NISSAN,SENTRA,39.03339533,-77.04889213,2024,9,20
240043859,Injury Crash,09/14/2024 08:40:00 PM,GEORGIA AVE (SB/L),NA,"Sideswipe, Same Direction",Clear,Dry,Medium,No Controls,NONE DETECTED,Yes,No Apparent Injury,Failed to Keep in Proper Lane,Unknown,MD,Passenger Car,Changing Lanes,25,No,2019,TOYOTA,CAMRY,39.03339533,-77.04889213,2024,9,20
240043851,Injury Crash,09/14/2024 07:41:00 PM,NA,NA,Angle,Clear,Dry,Medium,Traffic Control Signal,NONE DETECTED,No,No Apparent Injury,NA,Not Distracted,MD,Passenger Car,Moving Constant Speed,25,No,2002,CHRYSLER,TOWN AND COUNTRY,39.06822897,-77.0610623,2024,9,19
240043851,Injury Crash,09/14/2024 07:41:00 PM,NA,NA,Angle,Clear,Dry,Medium,Traffic Control Signal,NONE DETECTED,Yes,No Apparent Injury,NA,Not Distracted,MD,Passenger Car,Moving Constant Speed,35,No,2012,HONDA,ACCORD,39.06822897,-77.0610623,2024,9,19
240043851,Injury Crash,09/14/2024 07:41:00 PM,NA,NA,Angle,Clear,Dry,Medium,Traffic Control Signal,NONE DETECTED,No,No Apparent Injury,NA,Not Distracted,MD,Sport Utility Vehicle,Stopped in Traffic,35,No,2019,HYUNDAI,TUCSON,39.06822897,-77.0610623,2024,9,19
240043850,Property Damage Crash,09/14/2024 07:15:00 PM,GEORGIA AVE,NA,Angle,Clear,Dry,Medium,No Controls,NONE DETECTED,No,No Apparent Injury,NA,Not Distracted,MD,Passenger Car,Moving Constant Speed,35,No,2018,MAZDA,CX-5,39.14842529,-77.06682683,2024,9,19
240043850,Property Damage Crash,09/14/2024 07:15:00 PM,GEORGIA AVE,NA,Angle,Clear,Dry,Medium,Stop Sign,NONE DETECTED,Yes,No Apparent Injury,Failed to Yield Right-of-Way,Not Distracted,MD,Passenger Car,Turning Left,25,No,2022,FORD,MUSTANG,39.14842529,-77.06682683,2024,9,19
240043839,Property Damage Crash,09/14/2024 06:15:00 PM,ELLINGTON BLVD,NA,Angle,Clear,Dry,Daylight,Flashing Traffic Control Signal,NONE DETECTED,Yes,No Apparent Injury,Failed to Yield Right-of-Way,Unknown,VA,Passenger Car,Turning Left,35,No,2013,HYUNDAI,SONATA,39.11586421,-77.20402748,2024,9,18
240043839,Property Damage Crash,09/14/2024 06:15:00 PM,ELLINGTON BLVD,NA,Angle,Clear,Dry,Daylight,Traffic Control Signal,NONE DETECTED,No,No Apparent Injury,NA,Not Distracted,MD,Passenger Car,Moving Constant Speed,35,No,2017,SUBARU,WRX,39.11586421,-77.20402748,2024,9,18
240043836,Property Damage Crash,09/14/2024 06:07:00 PM,NA,NA,Other,Clear,NA,Daylight,NA,NONE DETECTED,No,No Apparent Injury,NA,Unknown,MD,Sport Utility Vehicle,Accelerating,0,No,2022,NISSAN,ROGUE,39.07505666,-77.13812896,2024,9,18
240043838,Property Damage Crash,09/14/2024 06:02:00 PM,NA,NA,Angle,Clear,Dry,Daylight,Traffic Control Signal,NONE DETECTED,No,No Apparent Injury,NA,Not Distracted,MD,Sport Utility Vehicle,Changing Lanes,50,No,2018,AUDI,Q5,39.10995243,-77.21686485,2024,9,18
240043838,Property Damage Crash,09/14/2024 06:02:00 PM,NA,NA,Angle,Clear,Dry,Daylight,Traffic Control Signal,NONE DETECTED,No,No Apparent Injury,NA,Not Distracted,MD,Sport Utility Vehicle,Moving Constant Speed,50,No,2024,GMC,YUKON,39.10995243,-77.21686485,2024,9,18
240043838,Property Damage Crash,09/14/2024 06:02:00 PM,NA,NA,Angle,Clear,Dry,Daylight,Traffic Control Signal,NONE DETECTED,No,No Apparent Injury,NA,Not Distracted,MD,Sport Utility Vehicle,Moving Constant Speed,50,No,2012,FORD,ESCAPE,39.10995243,-77.21686485,2024,9,18
240043833,Injury Crash,09/14/2024 06:00:00 PM,N SUMMIT AVE,NA,Front to Rear,Clear,Dry,Daylight,No Controls,NONE DETECTED,No,No Apparent Injury,NA,Not Distracted,MD,Sport Utility Vehicle,Slowing or Stopping,25,No,2021,TOYOTA,HIGHLANDER,39.143657,-77.1928475,2024,9,18
240043833,Injury Crash,09/14/2024 06:00:00 PM,N SUMMIT AVE,NA,Front to Rear,Clear,Dry,Daylight,No Controls,NONE DETECTED,Yes,No Apparent Injury,NA,"Other Action (looking away from task, etc.)",MD,Passenger Car,Moving Constant Speed,25,No,2012,HONDA,CIVIC SI,39.143657,-77.1928475,2024,9,18
240043831,Property Damage Crash,09/14/2024 05:50:00 PM,MONTROSE RD (WB/L),NA,Single Vehicle,Clear,Dry,Daylight,No Controls,NONE DETECTED,No,No Apparent Injury,NA,Not Distracted,MD,Pickup,Moving Constant Speed,40,No,2020,TOYOTA,TACOMA,39.05618067,-77.1531235,2024,9,17
240043830,Property Damage Crash,09/14/2024 05:28:00 PM,COLUMBIA PIKE (SB/L),NA,Front to Rear,Clear,Dry,Daylight,Traffic Control Signal,NONE DETECTED,Yes,No Apparent Injury,NA,"Other Action (looking away from task, etc.)",MD,Passenger Car,Slowing or Stopping,50,No,2007,HONDA,ACCORD,39.05804537,-76.96841615,2024,9,17
240043830,Property Damage Crash,09/14/2024 05:28:00 PM,COLUMBIA PIKE (SB/L),NA,Front to Rear,Clear,Dry,Daylight,Traffic Control Signal,NONE DETECTED,No,No Apparent Injury,NA,Not Distracted,MD,Sport Utility Vehicle,Stopped in Traffic,50,No,2018,HYUNDAI,SANTA FE,39.05804537,-76.96841615,2024,9,17
240043821,Property Damage Crash,09/14/2024 04:27:00 PM,OLD COLUMBIA PIKE (WB/L),NA,"Sideswipe, Same Direction",Clear,Dry,Daylight,Traffic Control Signal,NONE DETECTED,Yes,No Apparent Injury,"Disregarded Other Traffic Sign, Failed to Keep in Proper Lane",Not Distracted,MD,Passenger Car,Accelerating,45,No,2022,TOYOTA,PRIUS,39.11134992,-76.93219428,2024,9,16
240043821,Property Damage Crash,09/14/2024 04:27:00 PM,OLD COLUMBIA PIKE (WB/L),NA,"Sideswipe, Same Direction",Clear,Dry,Daylight,Traffic Control Signal,NONE DETECTED,No,No Apparent Injury,NA,Not Distracted,MD,Truck Tractor,Turning Left,45,No,2024,KENWORTH,UNKNOWN,39.11134992,-76.93219428,2024,9,16
240043867,Property Damage Crash,09/14/2024 03:18:00 PM,ROCK SPRING DR (SB/L),NA,Front to Rear,Clear,Dry,Daylight,Traffic Control Signal,NONE DETECTED,No,No Apparent Injury,NA,Not Distracted,MD,Sport Utility Vehicle,Stopped in Traffic,35,No,2017,ACURA,MDX,39.02706776,-77.12632329,2024,9,15
240043867,Property Damage Crash,09/14/2024 03:18:00 PM,ROCK SPRING DR (SB/L),NA,Front to Rear,Clear,Dry,Daylight,Traffic Control Signal,ALCOHOL PRESENT,No,No Apparent Injury,"Operated Motor Vehicle in Inattentive, Careless, Negligent, or Erratic Manner, Other Improper Action",Unknown,MD,Sport Utility Vehicle,Changing Lanes,35,No,2004,JEEP,WRANGLER,39.02706776,-77.12632329,2024,9,15
240043796,Injury Crash,09/14/2024 01:34:00 PM,WOLF DR,NA,Angle,Clear,Dry,Daylight,Traffic Control Signal,NONE DETECTED,No,No Apparent Injury,NA,Not Distracted,MD,Passenger Car,Moving Constant Speed,40,No,2008,MERCEDES-BENZ,E-CLASS,39.07316365,-77.00261543,2024,9,13
240043796,Injury Crash,09/14/2024 01:34:00 PM,WOLF DR,NA,Angle,Clear,Dry,Daylight,Traffic Control Signal,NONE DETECTED,Yes,No Apparent Injury,Failed to Yield Right-of-Way,Unknown,MD,Passenger Car,Turning Left,40,No,2005,LEXUS,ES,39.07316365,-77.00261543,2024,9,13
240043782,Property Damage Crash,09/14/2024 12:00:00 PM,RANDOLPH RD (WB/L),NA,Other,Clear,Dry,Daylight,Traffic Control Signal,NONE DETECTED,Yes,No Apparent Injury,Improper Turn,Not Distracted,MD,Passenger Car,Turning Left,30,No,2008,FORD,UNKNOWN,39.05728,-77.07353,2024,9,12
240043863,Property Damage Crash,09/14/2024 12:00:00 PM,STIRLING RD,NA,"Sideswipe, Same Direction",Clear,Dry,Daylight,No Controls,NONE DETECTED,No,NA,NA,NA,NA,Passenger Car,Slowing or Stopping,25,No,2013,HONDA,UNKNOWN,39.01782063,-77.02088576,2024,9,12
240043782,Property Damage Crash,09/14/2024 12:00:00 PM,RANDOLPH RD (WB/L),NA,Other,Clear,Dry,Daylight,Traffic Control Signal,NONE DETECTED,No,No Apparent Injury,NA,Not Distracted,FL,Passenger Car,Moving Constant Speed,30,No,2019,CHEVROLET,MALIBU,39.05728,-77.07353,2024,9,12
240043768,Injury Crash,09/14/2024 10:25:00 AM,WHITES FERRY RD,NA,Angle,Clear,Dry,Daylight,No Controls,NONE DETECTED,No,Possible Minor Injury,NA,Not Distracted,MD,Passenger Car,Moving Constant Speed,40,No,2024,TOYOTA,RAV4,39.12837167,-77.383295,2024,9,10
240043768,Injury Crash,09/14/2024 10:25:00 AM,WHITES FERRY RD,NA,Angle,Clear,Dry,Daylight,Stop Sign,NONE DETECTED,No,Possible Minor Injury,NA,Not Distracted,MD,Passenger Car,Turning Left,35,No,2014,HONDA,CIVIC,39.12837167,-77.383295,2024,9,10
240043765,Property Damage Crash,09/14/2024 10:19:00 AM,FRANKFORT DR,NA,Front to Front,Clear,Dry,Daylight,No Controls,NONE DETECTED,Yes,No Apparent Injury,"Operated Motor Vehicle in Inattentive, Careless, Negligent, or Erratic Manner, Other Improper Action, Swerved or Avoided Due to Wind, Slippery Surface, Motor Vehicle, Object, Non-Motorist in Roadway, etc",Unknown,MD,Passenger Car,Moving Constant Speed,15,No,2022,KIA,K5,39.0812635,-77.08504283,2024,9,10
240043764,Property Damage Crash,09/14/2024 10:00:00 AM,E JEFFERSON ST,NA,Front to Rear,Clear,Dry,Daylight,No Controls,NONE DETECTED,No,No Apparent Injury,NA,Unknown,MD,Passenger Car,Moving Constant Speed,35,No,2019,TESLA,MODEL 3,39.08155818,-77.14813061,2024,9,10
240043764,Property Damage Crash,09/14/2024 10:00:00 AM,E JEFFERSON ST,NA,Front to Rear,Clear,Dry,Daylight,No Controls,NONE DETECTED,Yes,No Apparent Injury,NA,Unknown,MD,Passenger Car,Moving Constant Speed,35,No,2017,MAZDA,MAZDA3,39.08155818,-77.14813061,2024,9,10
240043764,Property Damage Crash,09/14/2024 10:00:00 AM,E JEFFERSON ST,NA,Front to Rear,Clear,Dry,Daylight,No Controls,NONE DETECTED,No,No Apparent Injury,NA,Unknown,MD,Passenger Car,Moving Constant Speed,35,No,2023,NISSAN,PATHFINDER,39.08155818,-77.14813061,2024,9,10
240043760,Injury Crash,09/14/2024 09:48:00 AM,COLESVILLE RD (SB/L),NA,Front to Rear,Clear,Dry,Daylight,No Controls,NONE DETECTED,No,No Apparent Injury,NA,Not Distracted,MD,Passenger Car,Moving Constant Speed,35,No,2018,TOYOTA,CAMRY,39.01224734,-77.01701887,2024,9,9
240043760,Injury Crash,09/14/2024 09:48:00 AM,COLESVILLE RD (SB/L),NA,Front to Rear,Clear,Dry,Daylight,No Controls,NONE DETECTED,Yes,Possible Minor Injury,"Followed Too Closely, Improper Passing, Operated Motor Vehicle in Inattentive, Careless, Negligent, or Erratic Manner",Not Distracted,MD,Moped Or motorized bicycle,Changing Lanes,35,No,2013,KYMCO,PEOPLE,39.01224734,-77.01701887,2024,9,9
240043747,Injury Crash,09/14/2024 08:15:00 AM,DELLCASTLE RD,NA,Angle,Clear,Dry,Daylight,Stop Sign,NONE DETECTED,No,Possible Minor Injury,NA,Not Distracted,MD,Passenger Car,Moving Constant Speed,25,No,2016,CHEVROLET,EQUINOX,39.185335,-77.203485,2024,9,8
240043747,Injury Crash,09/14/2024 08:15:00 AM,DELLCASTLE RD,NA,Angle,Clear,Dry,Daylight,Stop Sign,NONE DETECTED,Yes,Possible Minor Injury,"Disregarded Other Traffic Sign, Failed to Yield Right-of-Way",Not Distracted,MD,Passenger Car,Moving Constant Speed,25,No,2014,JEEP,CHEROKEE,39.185335,-77.203485,2024,9,8