Local Case Number,ACRS Report Type,Crash Date/Time,Road Name,Related Non-Motorist,Collision Type,Weather,Surface Condition,Light,Traffic Control,Driver Substance Abuse,Driver At Fault,Injury Severity,Circumstance,Driver Distracted By,Drivers License State,Vehicle Body Type,Vehicle Movement,Speed Limit,Driverless Vehicle,Vehicle Year,Vehicle Make,Vehicle Model,Latitude,Longitude,Year,Month,Hour
240043733,Injury Crash,09/14/2024 03:01:00 AM,VEIRS MILL RD,NA,Single Vehicle,Clear,Dry,Medium,No Controls,NONE DETECTED,Yes,Possible Minor Injury,"Failed to Keep in Proper Lane, Operated Motor Vehicle in Inattentive, Careless, Negligent, or Erratic Manner, Ran Off Roadway, Too Fast For Conditions",Unknown,NA,Passenger Car,Moving Constant Speed,35,No,2002,HONDA,ACCORD,39.04968924,-77.07124561,2024,9,3
240043720,Property Damage Crash,09/14/2024 02:05:00 AM,PINEY MEETINGHOUSE RD,NA,Single Vehicle,Clear,Dry,Dark,No Controls,NONE DETECTED,Yes,No Apparent Injury,NA,Not Distracted,MD,Sport Utility Vehicle,Moving Constant Speed,30,No,2017,JEEP,LIBERTY,39.03653434,-77.2340955,2024,9,2
240043717,Injury Crash,09/14/2024 01:07:00 AM,ROCKVILLE PIKE,NA,Front to Rear,Clear,Dry,Medium,Traffic Control Signal,NONE DETECTED,Yes,Possible Minor Injury,NA,Unknown,MD,Passenger Car,Moving Constant Speed,40,No,2000,TOYOTA,COROLLA,39.07705111,-77.1393225,2024,9,1
240043717,Injury Crash,09/14/2024 01:07:00 AM,ROCKVILLE PIKE,NA,Front to Rear,Clear,Dry,Medium,Traffic Control Signal,NONE DETECTED,No,No Apparent Injury,NA,Not Distracted,MD,Passenger Car,Stopped in Traffic,40,No,2011,LEXUS,RX,39.07705111,-77.1393225,2024,9,1
240043717,Injury Crash,09/14/2024 01:07:00 AM,ROCKVILLE PIKE,NA,Front to Rear,Clear,Dry,Medium,Traffic Control Signal,NONE DETECTED,No,No Apparent Injury,NA,Not Distracted,MD,Passenger Car,Stopped in Traffic,40,No,2018,VOLKSWAGEN,TIGUAN,39.07705111,-77.1393225,2024,9,1
240043710,Property Damage Crash,09/13/2024 11:43:00 PM,RIDGE RD,NA,Single Vehicle,Clear,Dry,Medium,No Controls,ALCOHOL PRESENT,Yes,No Apparent Injury,Over-Correcting/Over-Steering,Not Distracted,MD,Passenger Car,Moving Constant Speed,30,No,2019,HONDA,HR-V,39.28685742,-77.20796518,2024,9,23
240043709,Property Damage Crash,09/13/2024 11:30:00 PM,EDMONSTON DR,NA,"Sideswipe, Same Direction",Clear,Dry,Medium,No Controls,ALCOHOL PRESENT,No,No Apparent Injury,"Failed to Keep in Proper Lane, Operated Motor Vehicle in Inattentive, Careless, Negligent, or Erratic Manner, Operated Motor Vehicle in Reckless or Aggressive Manner",Unknown,MD,Passenger Car,Moving Constant Speed,30,No,2013,HONDA,ACCORD,39.08330575,-77.13038448,2024,9,23
240043708,Property Damage Crash,09/13/2024 11:17:00 PM,MANOR RD,NA,"Sideswipe, Opposite Direction",Clear,Dry,Medium,No Controls,NONE DETECTED,No,No Apparent Injury,NA,Not Distracted,MD,Passenger Car,Moving Constant Speed,5,No,2024,TESLA,MODEL Y,38.99657683,-77.0753845,2024,9,23
240043708,Property Damage Crash,09/13/2024 11:17:00 PM,MANOR RD,NA,"Sideswipe, Opposite Direction",Clear,Dry,Medium,No Controls,ALCOHOL PRESENT,Yes,No Apparent Injury,Failed to Keep in Proper Lane,Unknown,DC,Passenger Car,Moving Constant Speed,5,No,2020,VOLKSWAGEN,JETTA,38.99657683,-77.0753845,2024,9,23
240043774,Property Damage Crash,09/13/2024 11:00:00 PM,MARYWOOD RD,NA,Front to Rear,Clear,Dry,Dark,No Controls,NONE DETECTED,No,NA,NA,NA,NA,Passenger Car,Moving Constant Speed,15,No,0,NA,NA,39.00928818,-77.13669002,2024,9,23
240043703,Property Damage Crash,09/13/2024 10:30:00 PM,OLDE TOWNE AVE,NA,Front to Rear,Clear,Dry,Medium,No Controls,ALCOHOL PRESENT,No,No Apparent Injury,Other Improper Action,Not Distracted,MD,Passenger Car,Accelerating,25,No,2021,TOYOTA,SIENNA,39.14079617,-77.194857,2024,9,22
240043693,Injury Crash,09/13/2024 09:42:00 PM,FREDERICK RD (SB/L),NA,Front to Rear,Clear,Dry,Medium,Traffic Control Signal,NONE DETECTED,No,Possible Minor Injury,NA,Not Distracted,MD,Sport Utility Vehicle,Stopped in Traffic,35,No,2019,DODGE,DURANGO,39.11725272,-77.16915028,2024,9,21
240043693,Injury Crash,09/13/2024 09:42:00 PM,FREDERICK RD (SB/L),NA,Front to Rear,Clear,Dry,Medium,Traffic Control Signal,NONE DETECTED,Yes,No Apparent Injury,Too Fast For Conditions,Not Distracted,MD,Pickup,Slowing or Stopping,35,No,2007,FORD,F-350,39.11725272,-77.16915028,2024,9,21
240043693,Injury Crash,09/13/2024 09:42:00 PM,FREDERICK RD (SB/L),NA,Front to Rear,Clear,Dry,Medium,Traffic Control Signal,NONE DETECTED,No,No Apparent Injury,NA,Not Distracted,MD,Sport Utility Vehicle,Stopped in Traffic,35,No,2020,FORD,EXPLORER,39.11725272,-77.16915028,2024,9,21
240043690,Property Damage Crash,09/13/2024 09:30:00 PM,BRANDERMILL DR,NA,"Sideswipe, Same Direction",Clear,Dry,Medium,No Controls,NONE DETECTED,Yes,No Apparent Injury,NA,Unknown,MD,Pickup,Moving Constant Speed,25,No,2018,FORD,F-150,39.1908473,-77.23937333,2024,9,21
240043689,Injury Crash,09/13/2024 08:50:00 PM,WISTERIA DR,NA,"Sideswipe, Same Direction",Clear,Dry,Medium,No Controls,DRUG AND ALCOHOL CONTRIBUTED,Yes,Possible Minor Injury,NA,Unknown,MD,Pickup,Moving Constant Speed,30,No,2004,CHEVROLET,AVALANCHE,39.16857888,-77.26035424,2024,9,20
240043675,Property Damage Crash,09/13/2024 08:05:00 PM,FIRST ST,NA,Front to Rear,Clear,Dry,Medium,Stop Sign,NONE DETECTED,No,No Apparent Injury,NA,Not Distracted,VA,Passenger Car,Slowing or Stopping,35,No,2009,HONDA,ACCORD,39.09373878,-77.13430212,2024,9,20
240043675,Property Damage Crash,09/13/2024 08:05:00 PM,FIRST ST,NA,Front to Rear,Clear,Dry,Medium,Stop Sign,NONE DETECTED,No,No Apparent Injury,NA,Not Distracted,MD,Sport Utility Vehicle,Slowing or Stopping,35,No,2020,DODGE,DURANGO,39.09373878,-77.13430212,2024,9,20
240043684,Injury Crash,09/13/2024 08:02:00 PM,NEW HAMPSHIRE AVE (SB/L),NA,Other,Clear,Dry,Medium,No Controls,ALCOHOL PRESENT,No,Possible Minor Injury,Too Fast For Conditions,Unknown,MD,Passenger Car,Moving Constant Speed,45,No,2013,HONDA,CIVIC,39.08061441,-77.00136396,2024,9,20
240043684,Injury Crash,09/13/2024 08:02:00 PM,NEW HAMPSHIRE AVE (SB/L),NA,Other,Clear,Dry,Medium,No Controls,NONE DETECTED,No,Suspected Serious Injury,Improper Turn,Unknown,MD,Passenger Car,Turning Left,45,No,2008,HONDA,PILOT,39.08061441,-77.00136396,2024,9,20
240043684,Injury Crash,09/13/2024 08:02:00 PM,NEW HAMPSHIRE AVE (SB/L),NA,Other,Clear,Dry,Medium,No Controls,NONE DETECTED,No,Possible Minor Injury,Too Fast For Conditions,Unknown,MD,Passenger Car,Moving Constant Speed,45,No,2021,LEXUS,ES,39.08061441,-77.00136396,2024,9,20
240043676,Property Damage Crash,09/13/2024 07:40:00 PM,NA,NA,"Sideswipe, Same Direction",Clear,Dry,Medium,No Controls,NONE DETECTED,No,No Apparent Injury,NA,Not Distracted,MD,Bus - Transit,Moving Constant Speed,35,No,2013,GILLIG,LOW FLOOR BUS,39.03079235,-77.10523806,2024,9,19
240043676,Property Damage Crash,09/13/2024 07:40:00 PM,NA,NA,"Sideswipe, Same Direction",Clear,Dry,Medium,No Controls,NONE DETECTED,No,No Apparent Injury,NA,Not Distracted,NY,Passenger Car,Moving Constant Speed,35,No,2024,HONDA,CR-V,39.03079235,-77.10523806,2024,9,19
240043659,Injury Crash,09/13/2024 06:53:00 PM,RIDGE MANOR DR,NA,Angle,Clear,Dry,Daylight,Stop Sign,NONE DETECTED,Yes,Possible Minor Injury,Other Improper Action,Unknown,NA,Recreational Off-Highway Vehicles (ROV),Moving Constant Speed,30,No,1900,YAMAHA,CV50,39.282859,-77.20759733,2024,9,18
240043659,Injury Crash,09/13/2024 06:53:00 PM,RIDGE MANOR DR,NA,Angle,Clear,Dry,Daylight,Stop Sign,NONE DETECTED,No,No Apparent Injury,NA,Not Distracted,MD,Passenger Car,Accelerating,25,No,2019,HONDA,CIVIC,39.282859,-77.20759733,2024,9,18
240043653,Property Damage Crash,09/13/2024 06:16:00 PM,FATHER HURLEY BLVD,NA,Angle,Clear,Dry,Daylight,No Controls,NONE DETECTED,No,No Apparent Injury,NA,Not Distracted,MD,Passenger Car,Moving Constant Speed,35,No,2020,TESLA,MODEL 3,39.17319167,-77.283815,2024,9,18
240043653,Property Damage Crash,09/13/2024 06:16:00 PM,FATHER HURLEY BLVD,NA,Angle,Clear,Dry,Daylight,Stop Sign,NONE DETECTED,Yes,No Apparent Injury,NA,Unknown,MD,Sport Utility Vehicle,Turning Right,15,No,2008,TOYOTA,RAV4,39.17319167,-77.283815,2024,9,18
240043652,Property Damage Crash,09/13/2024 06:09:00 PM,NA,NA,Single Vehicle,Clear,NA,Daylight,NA,NONE DETECTED,No,No Apparent Injury,"Operated Motor Vehicle in Inattentive, Careless, Negligent, or Erratic Manner, Other Improper Action",Unknown,MD,Passenger Car,Accelerating,0,No,2017,ACURA,ILX,39.09131121,-77.23703321,2024,9,18
240043648,Property Damage Crash,09/13/2024 05:38:00 PM,FREDERICK RD (SB/L),NA,Front to Rear,Clear,Dry,Daylight,No Controls,NONE DETECTED,No,No Apparent Injury,NA,Not Distracted,MD,Passenger Car,Stopped in Traffic,40,No,2016,TOYOTA,RAV4,39.10705167,-77.15901134,2024,9,17
240043648,Property Damage Crash,09/13/2024 05:38:00 PM,FREDERICK RD (SB/L),NA,Front to Rear,Clear,Dry,Daylight,No Controls,NONE DETECTED,Yes,No Apparent Injury,Followed Too Closely,"Other Action (looking away from task, etc.)",MD,Passenger Car,Moving Constant Speed,40,No,2021,HYUNDAI,KONA,39.10705167,-77.15901134,2024,9,17
240043637,Property Damage Crash,09/13/2024 05:00:00 PM,STEWART LA (WB/L),NA,Angle,Clear,Dry,Daylight,Traffic Control Signal,NONE DETECTED,No,No Apparent Injury,NA,Not Distracted,MD,Sport Utility Vehicle,Stopped in Traffic,30,No,2021,FORD,EXPLORER,39.04645617,-76.98675517,2024,9,17
240043637,Property Damage Crash,09/13/2024 05:00:00 PM,STEWART LA (WB/L),NA,Angle,Clear,Dry,Daylight,Traffic Control Signal,NONE DETECTED,No,No Apparent Injury,NA,Not Distracted,MD,Sport Utility Vehicle,Stopped in Traffic,30,No,2019,HYUNDAI,TUCSON,39.04645617,-76.98675517,2024,9,17
240043637,Property Damage Crash,09/13/2024 05:00:00 PM,STEWART LA (WB/L),NA,Angle,Clear,Dry,Daylight,Traffic Control Signal,NONE DETECTED,Yes,No Apparent Injury,NA,"Other Action (looking away from task, etc.)",MD,Passenger Car,Turning Left,45,No,2006,HONDA,CR-V,39.04645617,-76.98675517,2024,9,17
240043637,Property Damage Crash,09/13/2024 05:00:00 PM,STEWART LA (WB/L),NA,Angle,Clear,Dry,Daylight,Traffic Control Signal,NONE DETECTED,No,No Apparent Injury,NA,Not Distracted,MD,Sport Utility Vehicle,Moving Constant Speed,45,No,2021,JEEP,WRANGLER,39.04645617,-76.98675517,2024,9,17
240043640,Property Damage Crash,09/13/2024 04:56:00 PM,RAMP 3 FR MD 109 EB TO RAMP 2 (TO IS270),NA,Angle,Clear,Dry,Daylight,No Controls,NONE DETECTED,Yes,No Apparent Injury,Failed to Yield Right-of-Way,Not Distracted,MD,Passenger Car,Turning Left,35,No,2012,NISSAN,SENTRA,39.27851033,-77.32219967,2024,9,16
240043640,Property Damage Crash,09/13/2024 04:56:00 PM,RAMP 3 FR MD 109 EB TO RAMP 2 (TO IS270),NA,Angle,Clear,Dry,Daylight,No Controls,NONE DETECTED,No,No Apparent Injury,NA,Not Distracted,MD,Passenger Car,Moving Constant Speed,35,No,2005,MITSUBISHI,LANCER,39.27851033,-77.32219967,2024,9,16
240043634,Property Damage Crash,09/13/2024 04:51:00 PM,NA,NA,Front to Rear,Clear,Dry,Daylight,No Controls,NONE DETECTED,Yes,No Apparent Injury,"Failed to Keep in Proper Lane, Other Improper Action",Not Distracted,MD,Sport Utility Vehicle,Moving Constant Speed,45,No,2011,GMC,TERRAIN,39.07964467,-76.945552,2024,9,16
240043634,Property Damage Crash,09/13/2024 04:51:00 PM,NA,NA,Front to Rear,Clear,Dry,Daylight,No Controls,NONE DETECTED,No,No Apparent Injury,NA,Not Distracted,MD,Sport Utility Vehicle,Turning Left,45,No,2020,LINCOLN,UNKNOWN,39.07964467,-76.945552,2024,9,16
240043645,Property Damage Crash,09/13/2024 04:47:00 PM,MONTGOMERY LA,NA,Front to Rear,Clear,Dry,Daylight,Lane Use Control Signal,NONE DETECTED,No,No Apparent Injury,NA,Not Distracted,MD,Passenger Car,Stopped in Traffic,25,No,2017,FORD,TAURUS,38.98347939,-77.09606711,2024,9,16
240043645,Property Damage Crash,09/13/2024 04:47:00 PM,MONTGOMERY LA,NA,Front to Rear,Clear,Dry,Daylight,Lane Use Control Signal,NONE DETECTED,No,No Apparent Injury,NA,Not Distracted,MD,Passenger Car,Backing,25,No,2017,FORD,TAURUS,38.98347939,-77.09606711,2024,9,16
240043617,Injury Crash,09/13/2024 03:30:00 PM,NEW HAMPSHIRE AVE,NA,Unknown,Clear,Dry,Daylight,Stop Sign,NONE DETECTED,Yes,No Apparent Injury,Failed to Yield Right-of-Way,Unknown,MD,Passenger Car,Turning Left,35,No,2015,KIA,SOUL,39.0081904,-76.97977832,2024,9,15
240043617,Injury Crash,09/13/2024 03:30:00 PM,NEW HAMPSHIRE AVE,NA,Unknown,Clear,Dry,Daylight,No Controls,NONE DETECTED,No,Possible Minor Injury,NA,Not Distracted,MD,Passenger Car,Moving Constant Speed,35,No,2007,HONDA,PILOT,39.0081904,-76.97977832,2024,9,15
240043613,Property Damage Crash,09/13/2024 03:30:00 PM,HOLTON LA,NA,"Sideswipe, Same Direction",Clear,Dry,Daylight,Traffic Control Signal,NONE DETECTED,No,No Apparent Injury,NA,Not Distracted,MD,Sport Utility Vehicle,Moving Constant Speed,35,No,2013,HYUNDAI,SANTA FE,38.98580183,-76.98793233,2024,9,15
240043613,Property Damage Crash,09/13/2024 03:30:00 PM,HOLTON LA,NA,"Sideswipe, Same Direction",Clear,Dry,Daylight,Traffic Control Signal,NONE DETECTED,No,No Apparent Injury,NA,Not Distracted,MD,Sport Utility Vehicle,Moving Constant Speed,35,No,2016,HONDA,CR-V,38.98580183,-76.98793233,2024,9,15
240043603,Property Damage Crash,09/13/2024 03:15:00 PM,E JEFFERSON ST,NA,"Sideswipe, Same Direction",Clear,Dry,Daylight,No Controls,NONE DETECTED,Yes,No Apparent Injury,NA,Not Distracted,MD,Passenger Car,Moving Constant Speed,25,No,2022,TOYOTA,SIERRA,39.06282684,-77.12946485,2024,9,15
240043603,Property Damage Crash,09/13/2024 03:15:00 PM,E JEFFERSON ST,NA,"Sideswipe, Same Direction",Clear,Dry,Daylight,No Controls,NONE DETECTED,No,No Apparent Injury,NA,Not Distracted,MD,Passenger Car,Parked,25,No,2021,FORD,EXPLORER,39.06282684,-77.12946485,2024,9,15
240043629,Property Damage Crash,09/13/2024 03:08:00 PM,GEORGIA AVE,NA,"Sideswipe, Same Direction",Clear,Dry,Daylight,Traffic Control Signal,NONE DETECTED,No,No Apparent Injury,NA,NA,NA,NA,Moving Constant Speed,35,No,0,NA,NA,39.00629214,-77.03893949,2024,9,15
240043629,Property Damage Crash,09/13/2024 03:08:00 PM,GEORGIA AVE,NA,"Sideswipe, Same Direction",Clear,Dry,Daylight,Traffic Control Signal,NONE DETECTED,No,No Apparent Injury,NA,Not Distracted,MD,Passenger Car,Moving Constant Speed,35,No,2014,MERCEDES-BENZ,4S,39.00629214,-77.03893949,2024,9,15
240043609,Injury Crash,09/13/2024 02:54:00 PM,NA,NA,Rear To Side,Clear,NA,Daylight,NA,NONE DETECTED,Yes,Possible Minor Injury,"Operated Motor Vehicle in Inattentive, Careless, Negligent, or Erratic Manner",Not Distracted,MD,Sport Utility Vehicle,Moving Constant Speed,0,No,2021,HONDA,CR-V,39.01903601,-77.01414284,2024,9,14
240043609,Injury Crash,09/13/2024 02:54:00 PM,NA,NA,Rear To Side,Clear,NA,Daylight,NA,NONE DETECTED,Yes,No Apparent Injury,Improper Backing,Unknown,MD,Passenger Car,Backing,0,No,2015,CADILLAC,XTS,39.01903601,-77.01414284,2024,9,14
240043590,Property Damage Crash,09/13/2024 02:08:00 PM,BRINK RD,NA,Front to Rear,Clear,Dry,Daylight,No Controls,NONE DETECTED,No,No Apparent Injury,NA,Not Distracted,MD,Passenger Car,Moving Constant Speed,35,No,2021,TOYOTA,TACOMA,39.20941,-77.1637,2024,9,14
240043590,Property Damage Crash,09/13/2024 02:08:00 PM,BRINK RD,NA,Front to Rear,Clear,Dry,Daylight,"Person (including flagger, law enforcement, crossing guard, etc.",NONE DETECTED,Yes,No Apparent Injury,Too Fast For Conditions,Not Distracted,MD,Passenger Car,Moving Constant Speed,35,No,1997,TOYOTA,4-RUNNER,39.20941,-77.1637,2024,9,14
240043569,Injury Crash,09/13/2024 12:16:00 PM,MONTROSE PKWY,NA,Front to Rear,Clear,Dry,Daylight,No Controls,NONE DETECTED,No,No Apparent Injury,NA,Not Distracted,MD,Passenger Car,Stopped in Traffic,35,No,2015,HONDA,CR-V,39.0528095,-77.11505617,2024,9,12
240043569,Injury Crash,09/13/2024 12:16:00 PM,MONTROSE PKWY,NA,Front to Rear,Clear,Dry,Daylight,No Controls,NONE DETECTED,Yes,Possible Minor Injury,NA,Not Distracted,MD,Passenger Car,Moving Constant Speed,35,No,2020,FORD,ECOSPORT,39.0528095,-77.11505617,2024,9,12
240043561,Property Damage Crash,09/13/2024 11:50:00 AM,NA,NA,Front to Rear,Cloudy,Dry,Daylight,Traffic Control Signal,NONE DETECTED,No,No Apparent Injury,NA,Not Distracted,MD,Passenger Car,Moving Constant Speed,40,No,2020,CHEVROLET,3500,39.11567611,-77.16615617,2024,9,11
240043561,Property Damage Crash,09/13/2024 11:50:00 AM,NA,NA,Front to Rear,Cloudy,Dry,Daylight,Traffic Control Signal,NONE DETECTED,No,No Apparent Injury,NA,Not Distracted,MD,Passenger Car,Slowing or Stopping,40,No,2017,HONDA,CR-Z,39.11567611,-77.16615617,2024,9,11
240043555,Property Damage Crash,09/13/2024 10:59:00 AM,MUDDY BRANCH RD (SB/L),NA,Front to Rear,Cloudy,Dry,Daylight,Traffic Control Signal,NONE DETECTED,No,No Apparent Injury,"Followed Too Closely, Too Fast For Conditions",Not Distracted,MD,Passenger Car,Slowing or Stopping,50,No,2011,HONDA,UNKNOWN,39.11024549,-77.21742949,2024,9,10
240043555,Property Damage Crash,09/13/2024 10:59:00 AM,MUDDY BRANCH RD (SB/L),NA,Front to Rear,Cloudy,Dry,Daylight,Traffic Control Signal,NONE DETECTED,No,No Apparent Injury,NA,Not Distracted,MD,Pickup,Stopped in Traffic,50,No,2023,RAM,UNKNOWN,39.11024549,-77.21742949,2024,9,10
240043552,Injury Crash,09/13/2024 10:53:00 AM,NA,NA,Front to Rear,Cloudy,Dry,Daylight,No Controls,NONE DETECTED,Yes,No Apparent Injury,Too Fast For Conditions,Unknown,XX,Station Wagon,Moving Constant Speed,35,No,2002,MERCEDES-BENZ,E-CLASS,39.02085359,-77.20796556,2024,9,10
240043552,Injury Crash,09/13/2024 10:53:00 AM,NA,NA,Front to Rear,Cloudy,Dry,Daylight,No Controls,NONE DETECTED,No,No Apparent Injury,NA,Not Distracted,MD,Passenger Car,Slowing or Stopping,35,No,2013,LAND ROVER,UNKNOWN,39.02085359,-77.20796556,2024,9,10
240043552,Injury Crash,09/13/2024 10:53:00 AM,NA,NA,Front to Rear,Cloudy,Dry,Daylight,No Controls,NONE DETECTED,No,No Apparent Injury,NA,Not Distracted,MD,Passenger Car,Slowing or Stopping,35,No,2014,TOYOTA,COROLLA,39.02085359,-77.20796556,2024,9,10
240043541,Injury Crash,09/13/2024 10:25:00 AM,OBSERVATION DR,NA,Front to Front,Cloudy,Dry,Daylight,Stop Sign,NONE DETECTED,Yes,Possible Minor Injury,"Failed to Yield Right-of-Way, Ran Stop Sign",Not Distracted,MD,Passenger Car,Moving Constant Speed,25,No,2015,TOYOTA,SIENNA,39.18746087,-77.24879302,2024,9,10
240043541,Injury Crash,09/13/2024 10:25:00 AM,OBSERVATION DR,NA,Front to Front,Cloudy,Dry,Daylight,Stop Sign,NONE DETECTED,No,Possible Minor Injury,NA,Not Distracted,MD,Passenger Car,Turning Left,25,No,2024,TOYOTA,COROLLA,39.18746087,-77.24879302,2024,9,10
240043537,Property Damage Crash,09/13/2024 10:06:00 AM,ASPEN HILL RD,NA,Front to Rear,Cloudy,Dry,Daylight,No Controls,NONE DETECTED,No,No Apparent Injury,NA,Not Distracted,MD,Passenger Car,Stopped in Traffic,30,No,2014,HONDA,ACCORD,39.071584,-77.09830317,2024,9,10
240043537,Property Damage Crash,09/13/2024 10:06:00 AM,ASPEN HILL RD,NA,Front to Rear,Cloudy,Dry,Daylight,No Controls,NONE DETECTED,No,NA,NA,NA,NA,Sport Utility Vehicle,Moving Constant Speed,30,No,2018,TOYOTA,RAV4,39.071584,-77.09830317,2024,9,10
240043538,Property Damage Crash,09/13/2024 09:49:00 AM,NA,NA,"Sideswipe, Opposite Direction",Clear,NA,Daylight,NA,NONE DETECTED,No,No Apparent Injury,NA,Not Distracted,MD,Passenger Car,Moving Constant Speed,0,No,2011,TOYOTA,RAV4,39.226085,-77.27148333,2024,9,9
240043538,Property Damage Crash,09/13/2024 09:49:00 AM,NA,NA,"Sideswipe, Opposite Direction",Clear,NA,Daylight,NA,NONE DETECTED,Yes,No Apparent Injury,NA,Unknown,MD,Bus - School,Backing,0,No,2024,THOMAS BUILT,SCHOOL BUS,39.226085,-77.27148333,2024,9,9
240043517,Injury Crash,09/13/2024 08:30:00 AM,FALLSGROVE BLVD (WB/L),NA,Angle,Clear,Dry,Daylight,Traffic Control Signal,NONE DETECTED,No,Possible Minor Injury,NA,Not Distracted,MD,Sport Utility Vehicle,Accelerating,35,No,2017,TOYOTA,HIGHLANDER,39.0968774,-77.19476435,2024,9,8
240043517,Injury Crash,09/13/2024 08:30:00 AM,FALLSGROVE BLVD (WB/L),NA,Angle,Clear,Dry,Daylight,Traffic Control Signal,NONE DETECTED,Yes,Possible Minor Injury,NA,Unknown,MD,Passenger Car,Turning Left,35,No,2019,LEXUS,ES,39.0968774,-77.19476435,2024,9,8
240043515,Property Damage Crash,09/13/2024 08:17:00 AM,MONTGOMERY VILLAGE AVE (SB/L),NA,"Sideswipe, Same Direction",Clear,Dry,Daylight,Traffic Control Signal,NONE DETECTED,No,No Apparent Injury,NA,Unknown,MD,Passenger Car,Moving Constant Speed,35,No,2022,FORD,TRANSIT CONNECT,39.15310871,-77.21151507,2024,9,8
240043515,Property Damage Crash,09/13/2024 08:17:00 AM,MONTGOMERY VILLAGE AVE (SB/L),NA,"Sideswipe, Same Direction",Clear,Dry,Daylight,Traffic Control Signal,NONE DETECTED,Yes,No Apparent Injury,Other Improper Action,"Other Action (looking away from task, etc.)",MD,Passenger Car,Changing Lanes,35,No,2018,BMW,X6,39.15310871,-77.21151507,2024,9,8
240043497,Injury Crash,09/13/2024 02:08:00 AM,COLESVILLE RD,NA,Single Vehicle,Clear,Dry,Medium,Pedestrian Crossing Sign,NONE DETECTED,Yes,Possible Minor Injury,NA,Unknown,DC,Passenger Car,Moving Constant Speed,35,No,2019,TOYOTA,HIGHLANDER,39.01350324,-77.01657863,2024,9,2
240043494,Property Damage Crash,09/13/2024 01:05:00 AM,ENNALLS AVE,NA,Other,Clear,Dry,Medium,Stop Sign,NONE DETECTED,No,No Apparent Injury,Failed to Yield Right-of-Way,Not Distracted,MD,Passenger Car,Turning Left,30,No,2023,HYUNDAI,KONA,39.04095783,-77.05149861,2024,9,1
240043494,Property Damage Crash,09/13/2024 01:05:00 AM,ENNALLS AVE,NA,Other,Clear,Dry,Medium,No Controls,ALCOHOL PRESENT,No,No Apparent Injury,NA,Not Distracted,MD,Passenger Car,Moving Constant Speed,25,No,2022,HONDA,ACCORD,39.04095783,-77.05149861,2024,9,1
240043495,Property Damage Crash,09/13/2024 12:45:00 AM,FALLS RD,NA,Front to Rear,Clear,Dry,Dark,No Controls,NONE DETECTED,No,No Apparent Injury,"Followed Too Closely, Operated Motor Vehicle in Reckless or Aggressive Manner",Not Distracted,MD,Sport Utility Vehicle,Moving Constant Speed,35,No,2017,NISSAN,ROGUE,39.05281312,-77.18470533,2024,9,0
240043495,Property Damage Crash,09/13/2024 12:45:00 AM,FALLS RD,NA,Front to Rear,Clear,Dry,Dark,No Controls,NONE DETECTED,No,No Apparent Injury,NA,Not Distracted,MD,Sport Utility Vehicle,Turning Left,35,No,2017,TOYOTA,RAV4,39.05281312,-77.18470533,2024,9,0
240043492,Property Damage Crash,09/13/2024 12:13:00 AM,NA,NA,Other,Clear,NA,Medium,NA,NONE DETECTED,No,NA,NA,Unknown,NA,Sport Utility Vehicle,NA,0,No,0,NA,NA,39.0734836,-77.15377972,2024,9,0
240042676,Injury Crash,09/13/2024 12:08:00 AM,DAMASCUS RD,NA,Single Vehicle,Clear,Dry,Medium,No Controls,ALCOHOL PRESENT,Yes,No Apparent Injury,NA,Unknown,MD,Passenger Car,Moving Constant Speed,50,No,2022,TOYOTA,CAMRY,39.26176449,-77.14943637,2024,9,0
240043488,Property Damage Crash,09/12/2024 10:30:00 PM,ALTA SPRINGS WAY,NA,Other,Clear,Dry,Medium,No Controls,NONE DETECTED,Yes,No Apparent Injury,Ran Off Roadway,Unknown,MD,Sport Utility Vehicle,Moving Constant Speed,20,No,2024,SUBARU,OUTBACK,39.08756276,-77.20915808,2024,9,22