Local Case Number,ACRS Report Type,Crash Date/Time,Road Name,Related Non-Motorist,Collision Type,Weather,Surface Condition,Light,Traffic Control,Driver Substance Abuse,Driver At Fault,Injury Severity,Circumstance,Driver Distracted By,Drivers License State,Vehicle Body Type,Vehicle Movement,Speed Limit,Driverless Vehicle,Vehicle Year,Vehicle Make,Vehicle Model,Latitude,Longitude,Year,Month,Hour
240043219,Injury Crash,09/11/2024 03:30:00 PM,NA,NA,Angle,Clear,Dry,Daylight,Traffic Control Signal,NONE DETECTED,No,Possible Minor Injury,NA,Not Distracted,MD,Passenger Car,Turning Left,55,No,2015,ACURA,TLX,39.09540233,-76.93791833,2024,9,15
240043219,Injury Crash,09/11/2024 03:30:00 PM,NA,NA,Angle,Clear,Dry,Daylight,Traffic Control Signal,NONE DETECTED,Yes,Possible Minor Injury,NA,Not Distracted,MD,Passenger Car,Turning Right,55,No,2020,DODGE,CHALLENGER,39.09540233,-76.93791833,2024,9,15
240043214,Property Damage Crash,09/11/2024 03:15:00 PM,SOUTHWOOD AVE,NA,Other,Clear,Dry,Daylight,Traffic Control Signal,NONE DETECTED,Yes,No Apparent Injury,"Failed to Keep in Proper Lane, Failed to Yield Right-of-Way, Improper Turn",Unknown,MD,Passenger Car,Turning Right,40,No,2015,TOYOTA,SIENNA,39.02598042,-77.01089705,2024,9,15
240043220,Injury Crash,09/11/2024 03:15:00 PM,NA,Pedestrian,Single Vehicle,Clear,Dry,Daylight,Traffic Control Signal,NONE DETECTED,No,No Apparent Injury,NA,Not Distracted,MD,Passenger Car,Turning Left,25,No,2009,TOYOTA,HIGHLANDER,39.01595783,-77.03662176,2024,9,15
240043214,Property Damage Crash,09/11/2024 03:15:00 PM,SOUTHWOOD AVE,NA,Other,Clear,Dry,Daylight,Traffic Control Signal,NONE DETECTED,No,No Apparent Injury,NA,Unknown,MD,Passenger Car,Moving Constant Speed,40,No,2008,TOYOTA,COROLLA,39.02598042,-77.01089705,2024,9,15
240043217,Injury Crash,09/11/2024 02:57:00 PM,VILLAGE GREEN CIR,NA,Front to Rear,Clear,Dry,Daylight,No Controls,NONE DETECTED,No,Possible Minor Injury,NA,Not Distracted,MD,Passenger Car,Slowing or Stopping,35,No,2015,TOYOTA,CAMRY,39.20557181,-77.26477187,2024,9,14
240043217,Injury Crash,09/11/2024 02:57:00 PM,VILLAGE GREEN CIR,NA,Front to Rear,Clear,Dry,Daylight,No Controls,NONE DETECTED,No,No Apparent Injury,NA,Unknown,MD,Sport Utility Vehicle,Slowing or Stopping,35,No,2009,ACURA,MDX,39.20557181,-77.26477187,2024,9,14
240043200,Property Damage Crash,09/11/2024 01:13:00 PM,OLD GEORGETOWN RD,NA,Front to Rear,Clear,Dry,Daylight,Traffic Control Signal,NONE DETECTED,No,No Apparent Injury,NA,Not Distracted,MD,Sport Utility Vehicle,Slowing or Stopping,30,No,2022,JEEP,GRAND CHEROKEE,39.01660973,-77.11950537,2024,9,13
240043200,Property Damage Crash,09/11/2024 01:13:00 PM,OLD GEORGETOWN RD,NA,Front to Rear,Clear,Dry,Daylight,Traffic Control Signal,NONE DETECTED,No,No Apparent Injury,NA,Not Distracted,MD,Passenger Car,Moving Constant Speed,30,No,2022,HONDA,CIVIC,39.01660973,-77.11950537,2024,9,13
240043168,Injury Crash,09/11/2024 11:00:00 AM,UNIVERSITY BLVD W (WB/L),NA,Front to Rear,Clear,Dry,Daylight,No Controls,NONE DETECTED,Yes,Possible Minor Injury,NA,Not Distracted,MD,Passenger Car,Changing Lanes,35,No,2022,SUBARU,OUTBACK,39.020802,-77.01325767,2024,9,11
240043168,Injury Crash,09/11/2024 11:00:00 AM,UNIVERSITY BLVD W (WB/L),NA,Front to Rear,Clear,Dry,Daylight,No Controls,NONE DETECTED,No,No Apparent Injury,NA,Not Distracted,VA,Single-Unit Truck,Moving Constant Speed,35,No,2012,KENWORTH,T800,39.020802,-77.01325767,2024,9,11
240043163,Property Damage Crash,09/11/2024 10:33:00 AM,NA,NA,"Sideswipe, Same Direction",Clear,Dry,Daylight,No Controls,NONE DETECTED,Yes,No Apparent Injury,NA,Not Distracted,MD,Other Trucks,Turning Left,45,No,2008,"SPARTAN FIRE, LLC",GLADIATOR,38.96215867,-77.13556333,2024,9,10
240043163,Property Damage Crash,09/11/2024 10:33:00 AM,NA,NA,"Sideswipe, Same Direction",Clear,Dry,Daylight,No Controls,NONE DETECTED,No,No Apparent Injury,NA,Not Distracted,WA,Passenger Car,Turning Left,45,No,2020,HONDA,CR-Z,38.96215867,-77.13556333,2024,9,10
240043160,Injury Crash,09/11/2024 10:15:00 AM,DALEWOOD DR,NA,Front to Rear,Clear,Dry,Daylight,No Controls,NONE DETECTED,Yes,Possible Minor Injury,NA,Unknown,MD,Passenger Car,Moving Constant Speed,15,No,2008,NISSAN,SENTRA,39.05270789,-77.07310499,2024,9,10
240043159,Property Damage Crash,09/11/2024 10:06:00 AM,GRANITE ROCK RD,NA,Rear To Rear,Clear,Dry,Daylight,No Controls,NONE DETECTED,No,No Apparent Injury,NA,Not Distracted,MD,Bus - School,Moving Constant Speed,25,No,2024,FREIGHTLINER,B2 HEV 106 CONVENTIONAL BUS CHASSIS,39.24115783,-77.26639018,2024,9,10
240043159,Property Damage Crash,09/11/2024 10:06:00 AM,GRANITE ROCK RD,NA,Rear To Rear,Clear,Dry,Daylight,No Controls,NONE DETECTED,No,No Apparent Injury,NA,Not Distracted,MD,Sport Utility Vehicle,Moving Constant Speed,25,No,2018,MERCEDES-BENZ,GLC-CLASS,39.24115783,-77.26639018,2024,9,10
240043158,Property Damage Crash,09/11/2024 09:40:00 AM,SNOUFFERS SCHOOL RD,NA,"Sideswipe, Same Direction",Clear,Dry,Daylight,Traffic Control Signal,NONE DETECTED,No,No Apparent Injury,NA,Unknown,FL,Truck Tractor,Parked,35,No,2015,PETERBILT,UNKNOWN,39.18305592,-77.18234238,2024,9,9
240043158,Property Damage Crash,09/11/2024 09:40:00 AM,SNOUFFERS SCHOOL RD,NA,"Sideswipe, Same Direction",Clear,Dry,Daylight,Traffic Control Signal,NONE DETECTED,Yes,No Apparent Injury,Too Fast For Conditions,Unknown,MD,Sport Utility Vehicle,Slowing or Stopping,35,No,2000,CHEVROLET,TAHOE,39.18305592,-77.18234238,2024,9,9
240043151,Property Damage Crash,09/11/2024 09:35:00 AM,CRABBS BRANCH WAY,NA,"Sideswipe, Same Direction",Clear,Dry,Daylight,No Controls,NONE DETECTED,No,No Apparent Injury,NA,Not Distracted,MD,Other Trucks,Moving Constant Speed,35,No,2013,CHEVROLET,UNKNOWN,39.11721602,-77.156851,2024,9,9
240043151,Property Damage Crash,09/11/2024 09:35:00 AM,CRABBS BRANCH WAY,NA,"Sideswipe, Same Direction",Clear,Dry,Daylight,No Controls,NONE DETECTED,No,No Apparent Injury,NA,Not Distracted,MD,Bus - School,Moving Constant Speed,35,No,2014,THOMAS BUILT,SCHOOL BUS,39.11721602,-77.156851,2024,9,9
240043147,Property Damage Crash,09/11/2024 09:00:00 AM,NA,NA,Single Vehicle,Clear,Dry,Daylight,No Controls,NONE DETECTED,Yes,No Apparent Injury,Ran Off Roadway,"Other Action (looking away from task, etc.)",MD,Sport Utility Vehicle,Moving Constant Speed,30,No,2024,TOYOTA,RAV4,39.0888505,-76.93948117,2024,9,9
240043145,Property Damage Crash,09/11/2024 08:58:00 AM,SENECA RD,NA,Single Vehicle,Clear,Dry,Daylight,No Controls,NONE DETECTED,No,No Apparent Injury,NA,Not Distracted,MD,Passenger Car,Moving Constant Speed,30,No,2017,MERCEDES-BENZ,GLS-CLASS,39.10039339,-77.29436638,2024,9,8
240043148,Property Damage Crash,09/11/2024 08:50:00 AM,SOLID WASTE TRANSF STA DR,NA,Angle,Clear,Dry,Daylight,No Controls,NONE DETECTED,No,No Apparent Injury,NA,Not Distracted,MD,Bus - School,Moving Constant Speed,40,No,2019,THOMAS BUILT,SCHOOL BUS,39.12412268,-77.17580979,2024,9,8
240043148,Property Damage Crash,09/11/2024 08:50:00 AM,SOLID WASTE TRANSF STA DR,NA,Angle,Clear,Dry,Daylight,Traffic Control Signal,NONE DETECTED,No,No Apparent Injury,Improper Turn,Unknown,NA,Passenger Car,Changing Lanes,40,No,0,NA,NA,39.12412268,-77.17580979,2024,9,8
240043136,Property Damage Crash,09/11/2024 08:34:00 AM,ROCKVILLE PIKE (SB/L),NA,"Sideswipe, Same Direction",Clear,Dry,Daylight,No Controls,NONE DETECTED,No,No Apparent Injury,NA,Unknown,MD,Passenger Car,Moving Constant Speed,35,No,2012,HONDA,CIVIC,39.01411117,-77.09956917,2024,9,8
240043136,Property Damage Crash,09/11/2024 08:34:00 AM,ROCKVILLE PIKE (SB/L),NA,"Sideswipe, Same Direction",Clear,Dry,Daylight,No Controls,NONE DETECTED,No,No Apparent Injury,NA,Unknown,VA,Single-Unit Truck,Moving Constant Speed,35,No,2020,MACK,UNKNOWN,39.01411117,-77.09956917,2024,9,8
240043132,Property Damage Crash,09/11/2024 08:04:00 AM,DARNESTOWN RD,NA,Angle,Clear,Dry,Daylight,No Controls,NONE DETECTED,No,No Apparent Injury,NA,Not Distracted,MD,Passenger Car,Turning Left,50,No,2014,HONDA,ACCORD,39.16563599,-77.38915532,2024,9,8
240043132,Property Damage Crash,09/11/2024 08:04:00 AM,DARNESTOWN RD,NA,Angle,Clear,Dry,Daylight,No Controls,NONE DETECTED,No,No Apparent Injury,NA,Not Distracted,MD,Passenger Car,Moving Constant Speed,50,No,2006,TOYOTA,HIGHLANDER,39.16563599,-77.38915532,2024,9,8
240043131,Injury Crash,09/11/2024 07:41:00 AM,FREDERICK RD,NA,Front to Front,Clear,Dry,Daylight,Traffic Control Signal,NONE DETECTED,No,Possible Minor Injury,NA,Not Distracted,MD,Passenger Car,Moving Constant Speed,40,No,2014,MAZDA,CX-9,39.19830874,-77.24466547,2024,9,7
240043131,Injury Crash,09/11/2024 07:41:00 AM,FREDERICK RD,NA,Front to Front,Clear,Dry,Daylight,Traffic Control Signal,NONE DETECTED,No,Possible Minor Injury,NA,Not Distracted,NA,Pickup,Turning Left,40,No,2018,CHEVROLET,SILVERADO,39.19830874,-77.24466547,2024,9,7
240043130,Property Damage Crash,09/11/2024 07:35:00 AM,CONNECTICUT AVE,NA,"Sideswipe, Same Direction",Clear,Dry,Daylight,Traffic Control Signal,NONE DETECTED,No,No Apparent Injury,NA,Not Distracted,MD,Passenger Car,Moving Constant Speed,35,No,2017,NISSAN,VERSA NOTE,38.99604626,-77.07705048,2024,9,7
240043130,Property Damage Crash,09/11/2024 07:35:00 AM,CONNECTICUT AVE,NA,"Sideswipe, Same Direction",Clear,Dry,Daylight,Traffic Control Signal,NONE DETECTED,No,No Apparent Injury,Failed to Keep in Proper Lane,Unknown,MD,Passenger Car,Changing Lanes,35,No,2007,HONDA,FIT,38.99604626,-77.07705048,2024,9,7
240043124,Property Damage Crash,09/11/2024 07:31:00 AM,CHRISTOPHER AVE,NA,"Sideswipe, Opposite Direction",Clear,Dry,Daylight,Traffic Control Signal,NONE DETECTED,Yes,No Apparent Injury,Failed to Yield Right-of-Way,Unknown,MD,Truck Tractor,Turning Left,35,No,2022,KENWORTH,OTHER OFF-HIGHWAY,39.15765623,-77.21344768,2024,9,7
240043124,Property Damage Crash,09/11/2024 07:31:00 AM,CHRISTOPHER AVE,NA,"Sideswipe, Opposite Direction",Clear,Dry,Daylight,Traffic Control Signal,NONE DETECTED,No,No Apparent Injury,NA,Not Distracted,MD,Snowmobile,Moving Constant Speed,35,No,2003,TOYOTA,4-RUNNER,39.15765623,-77.21344768,2024,9,7
240043127,Property Damage Crash,09/11/2024 07:30:00 AM,SHADY GROVE RD (SB/L),NA,Front to Rear,Clear,Dry,Daylight,Traffic Control Signal,NONE DETECTED,Yes,No Apparent Injury,NA,Not Distracted,MD,Passenger Car,Moving Constant Speed,40,No,1989,VOLVO,740 SERIES,39.12678607,-77.17356733,2024,9,7
240043127,Property Damage Crash,09/11/2024 07:30:00 AM,SHADY GROVE RD (SB/L),NA,Front to Rear,Clear,Dry,Daylight,Traffic Control Signal,NONE DETECTED,No,No Apparent Injury,NA,Unknown,MD,Passenger Car,Moving Constant Speed,40,No,2022,TOYOTA,VENZA,39.12678607,-77.17356733,2024,9,7
240043115,Injury Crash,09/11/2024 02:44:00 AM,GEORGIA AVE (SB/L),NA,Angle,Clear,Dry,Medium,No Controls,NONE DETECTED,Yes,No Apparent Injury,NA,Not Distracted,MD,Passenger Car,Turning Left,35,No,2020,FORD,FUSION,39.022235,-77.04511283,2024,9,2
240043115,Injury Crash,09/11/2024 02:44:00 AM,GEORGIA AVE (SB/L),NA,Angle,Clear,Dry,Medium,No Controls,NONE DETECTED,No,No Apparent Injury,NA,Not Distracted,MD,Van - Passenger (&lt;9 Seats),Moving Constant Speed,30,No,2010,HONDA,ODYSSEY,39.022235,-77.04511283,2024,9,2
240043102,Property Damage Crash,09/10/2024 10:10:00 PM,GREAT SENECA HWY (SB/L),NA,Single Vehicle,Clear,Dry,Medium,No Controls,NONE DETECTED,Yes,No Apparent Injury,Ran Off Roadway,Not Distracted,MD,Passenger Car,Making U-Turn,35,No,2017,FORD,TAURUS,39.17165616,-77.26253824,2024,9,22
240043096,Property Damage Crash,09/10/2024 09:25:00 PM,DILSTON RD,NA,"Sideswipe, Same Direction",Clear,Dry,Medium,Traffic Control Signal,NONE DETECTED,No,No Apparent Injury,NA,Not Distracted,MD,Bus - Transit,Stopped in Traffic,40,No,2014,NABI,UNKNOWN,39.01147133,-76.97902228,2024,9,21
240043096,Property Damage Crash,09/10/2024 09:25:00 PM,DILSTON RD,NA,"Sideswipe, Same Direction",Clear,Dry,Medium,Traffic Control Signal,NONE DETECTED,No,NA,NA,NA,NA,NA,Moving Constant Speed,40,No,0,NA,NA,39.01147133,-76.97902228,2024,9,21
240043076,Injury Crash,09/10/2024 07:00:00 PM,CONNECTICUT AVE (SB/L),NA,Angle,Clear,Dry,Daylight,Yield Sign,NONE DETECTED,No,No Apparent Injury,NA,Not Distracted,MD,Sport Utility Vehicle,Entering Traffic Lane,35,No,2020,ACURA,MDX,39.07808356,-77.08097999,2024,9,19
240043073,Property Damage Crash,09/10/2024 07:00:00 PM,NA,NA,Front to Rear,Clear,NA,Daylight,NA,NONE DETECTED,No,No Apparent Injury,NA,Not Distracted,MD,Passenger Car,Stopped in Traffic,0,No,2017,SUBARU,WRX,39.07806136,-77.08041248,2024,9,19
240043076,Injury Crash,09/10/2024 07:00:00 PM,CONNECTICUT AVE (SB/L),NA,Angle,Clear,Dry,Daylight,No Controls,NONE DETECTED,No,Possible Minor Injury,NA,Not Distracted,MD,Passenger Car,Moving Constant Speed,35,No,2015,FORD,EXPLORER,39.07808356,-77.08097999,2024,9,19
240043073,Property Damage Crash,09/10/2024 07:00:00 PM,NA,NA,Front to Rear,Clear,NA,Daylight,NA,NONE DETECTED,No,No Apparent Injury,NA,Not Distracted,MD,Passenger Car,Backing,0,No,2020,ACURA,MDX,39.07806136,-77.08041248,2024,9,19
240043072,Property Damage Crash,09/10/2024 06:37:00 PM,NA,NA,Unknown,Clear,NA,Daylight,NA,NONE DETECTED,No,NA,NA,Unknown,NA,Passenger Car,NA,0,No,2012,TOYOTA,UNKNOWN,38.97839676,-77.09010496,2024,9,18
240043057,Property Damage Crash,09/10/2024 05:29:00 PM,NEW HAMPSHIRE AVE,NA,Front to Rear,Clear,Dry,Daylight,No Controls,NONE DETECTED,No,No Apparent Injury,NA,Unknown,DC,Sport Utility Vehicle,Moving Constant Speed,35,No,2023,JEEP,WRANGLER,38.98534175,-76.98807623,2024,9,17
240043057,Property Damage Crash,09/10/2024 05:29:00 PM,NEW HAMPSHIRE AVE,NA,Front to Rear,Clear,Dry,Daylight,No Controls,NONE DETECTED,Yes,No Apparent Injury,NA,Not Distracted,NA,Passenger Car,Moving Constant Speed,35,No,2016,KIA,SORENTO,38.98534175,-76.98807623,2024,9,17
240043056,Injury Crash,09/10/2024 05:07:00 PM,COLESVILLE RD,NA,Front to Rear,Clear,Dry,Daylight,No Controls,NONE DETECTED,Yes,No Apparent Injury,"Followed Too Closely, Operated Motor Vehicle in Inattentive, Careless, Negligent, or Erratic Manner, Operated Motor Vehicle in Reckless or Aggressive Manner, Too Fast For Conditions",Unknown,MD,Passenger Car,Accelerating,35,No,2013,HYUNDAI,SANTA FE,39.01236849,-77.01675618,2024,9,17
240043056,Injury Crash,09/10/2024 05:07:00 PM,COLESVILLE RD,NA,Front to Rear,Clear,Dry,Daylight,No Controls,NONE DETECTED,No,Possible Minor Injury,NA,Not Distracted,MD,Passenger Car,Moving Constant Speed,35,No,2013,TOYOTA,COROLLA,39.01236849,-77.01675618,2024,9,17
240043035,Property Damage Crash,09/10/2024 04:50:00 PM,E RANDOLPH RD (WB/L),NA,Front to Rear,Clear,Dry,Daylight,No Controls,NONE DETECTED,Yes,No Apparent Injury,NA,Unknown,MD,Passenger Car,Slowing or Stopping,40,No,2022,HONDA,PILOT,39.06567567,-76.9733525,2024,9,16
240043035,Property Damage Crash,09/10/2024 04:50:00 PM,E RANDOLPH RD (WB/L),NA,Front to Rear,Clear,Dry,Daylight,No Controls,NONE DETECTED,No,No Apparent Injury,NA,Not Distracted,MD,Passenger Car,Stopped in Traffic,40,No,2018,GENESIS,G80,39.06567567,-76.9733525,2024,9,16
240043042,Injury Crash,09/10/2024 04:44:00 PM,WOOTTON PKWY,NA,Angle,Clear,Dry,Daylight,Traffic Control Signal,NONE DETECTED,Yes,Possible Minor Injury,NA,Not Distracted,MD,Passenger Car,Turning Left,30,No,2017,HONDA,ACCORD,39.07125453,-77.13947395,2024,9,16
240043042,Injury Crash,09/10/2024 04:44:00 PM,WOOTTON PKWY,NA,Angle,Clear,Dry,Daylight,Traffic Control Signal,NONE DETECTED,No,No Apparent Injury,NA,Not Distracted,MD,Sport Utility Vehicle,Moving Constant Speed,30,No,2021,MERCEDES-BENZ,GLE-CLASS,39.07125453,-77.13947395,2024,9,16
240043042,Injury Crash,09/10/2024 04:44:00 PM,WOOTTON PKWY,NA,Angle,Clear,Dry,Daylight,Traffic Control Signal,NONE DETECTED,No,No Apparent Injury,NA,Not Distracted,MD,Passenger Car,Stopped in Traffic,25,No,2015,TOYOTA,RAV4,39.07125453,-77.13947395,2024,9,16
240043040,Property Damage Crash,09/10/2024 04:40:00 PM,RIDGE RD,NA,Rear To Side,Clear,Dry,Daylight,No Controls,NONE DETECTED,No,No Apparent Injury,NA,Not Distracted,MD,Passenger Car,Moving Constant Speed,40,No,2022,HONDA,CIVIC,39.24689993,-77.23414165,2024,9,16
240043040,Property Damage Crash,09/10/2024 04:40:00 PM,RIDGE RD,NA,Rear To Side,Clear,Dry,Daylight,Stop Sign,NONE DETECTED,Yes,No Apparent Injury,Failed to Yield Right-of-Way,Not Distracted,MD,Sport Utility Vehicle,Turning Left,30,No,2023,MAZDA,CX-30,39.24689993,-77.23414165,2024,9,16
240043024,Property Damage Crash,09/10/2024 03:37:00 PM,VENICE DR,NA,Front to Rear,Clear,Dry,Daylight,Traffic Control Signal,NONE DETECTED,No,No Apparent Injury,NA,Not Distracted,MD,Passenger Car,Turning Left,35,No,2008,HONDA,CR-V,39.06156891,-76.998539160000007,2024,9,15
240043024,Property Damage Crash,09/10/2024 03:37:00 PM,VENICE DR,NA,Front to Rear,Clear,Dry,Daylight,Traffic Control Signal,NONE DETECTED,Yes,No Apparent Injury,"Followed Too Closely, Operated Motor Vehicle in Inattentive, Careless, Negligent, or Erratic Manner, Too Fast For Conditions",Unknown,MD,Passenger Car,Accelerating,35,No,2022,FORD,F-150,39.06156891,-76.998539160000007,2024,9,15
240042821,Property Damage Crash,09/10/2024 03:30:00 PM,NA,NA,Front to Rear,Clear,NA,Daylight,NA,NONE DETECTED,No,NA,NA,NA,NA,Passenger Car,Backing,0,No,2005,SUBARU,UNKNOWN,38.98122682,-77.09909954,2024,9,15
240043017,Property Damage Crash,09/10/2024 03:10:00 PM,GEORGIA AVE,NA,"Sideswipe, Same Direction",Clear,Dry,Daylight,Traffic Control Signal,NONE DETECTED,No,No Apparent Injury,NA,Not Distracted,MD,Bus - School,Stopped in Traffic,35,No,2024,FREIGHTLINER,B2 BUS CHASSIS,39.03593511,-77.04969076,2024,9,15
240043017,Property Damage Crash,09/10/2024 03:10:00 PM,GEORGIA AVE,NA,"Sideswipe, Same Direction",Clear,Dry,Daylight,Traffic Control Signal,NONE DETECTED,Yes,No Apparent Injury,NA,Not Distracted,MD,Passenger Car,Overtaking/Passing,35,No,2007,TOYOTA,CAMRY,39.03593511,-77.04969076,2024,9,15
240043009,Injury Crash,09/10/2024 02:32:00 PM,NA,NA,Front to Rear,Clear,Dry,Daylight,"Other Pavement Marking (excluding edgelines, centerlines, or lane lines)",NONE DETECTED,Yes,No Apparent Injury,NA,Not Distracted,MD,Passenger Car,Moving Constant Speed,30,No,2005,CADILLAC,DEVILLE,39.00894833,-77.00828167,2024,9,14
240043009,Injury Crash,09/10/2024 02:32:00 PM,NA,NA,Front to Rear,Clear,Dry,Daylight,"Other Pavement Marking (excluding edgelines, centerlines, or lane lines)",NONE DETECTED,No,Possible Minor Injury,NA,Not Distracted,DC,Other,Parked,30,No,2023,RAM,PROMASTER 2500,39.00894833,-77.00828167,2024,9,14
240043247,Property Damage Crash,09/10/2024 02:20:00 PM,NA,NA,Front to Rear,Clear,NA,Daylight,NA,NONE DETECTED,Yes,NA,NA,NA,NA,Passenger Car,Moving Constant Speed,0,No,1997,FORD,F-150,39.02243594,-76.9761802,2024,9,14
240043247,Property Damage Crash,09/10/2024 02:20:00 PM,NA,NA,Front to Rear,Clear,NA,Daylight,NA,NONE DETECTED,No,No Apparent Injury,NA,Not Distracted,MD,Pickup,Moving Constant Speed,0,No,2016,TOYOTA,COROLLA,39.02243594,-76.9761802,2024,9,14
240043004,Injury Crash,09/10/2024 02:19:00 PM,NA,NA,Angle,Clear,Dry,Daylight,Stop Sign,NONE DETECTED,No,No Apparent Injury,NA,Unknown,MD,Passenger Car,Making U-Turn,40,No,2022,HONDA,CIVIC,39.18700323,-77.18546027,2024,9,14
240043004,Injury Crash,09/10/2024 02:19:00 PM,NA,NA,Angle,Clear,Dry,Daylight,Stop Sign,NONE DETECTED,No,No Apparent Injury,NA,Not Distracted,MD,Pickup,Slowing or Stopping,40,No,2015,FORD,F-350,39.18700323,-77.18546027,2024,9,14
240043006,Property Damage Crash,09/10/2024 01:52:00 PM,NA,NA,Other,Clear,NA,Daylight,NA,NONE DETECTED,Yes,No Apparent Injury,NA,Unknown,MD,Passenger Car,Overtaking/Passing,0,No,2019,MITSUBISHI,OUTLANDER,39.15599817,-77.22016633,2024,9,13
240043006,Property Damage Crash,09/10/2024 01:52:00 PM,NA,NA,Other,Clear,NA,Daylight,NA,NONE DETECTED,No,No Apparent Injury,NA,Unknown,WA,Passenger Car,Turning Left,0,No,2012,TOYOTA,CAMRY,39.15599817,-77.22016633,2024,9,13
240042998,Property Damage Crash,09/10/2024 01:45:00 PM,QUINCE ORCHARD RD (SB/L),NA,Angle,Clear,Dry,Daylight,No Controls,NONE DETECTED,Yes,No Apparent Injury,Failed to Yield Right-of-Way,Unknown,MD,Passenger Car,Entering Traffic Lane,35,No,2012,NISSAN,SENTRA,39.14343868,-77.22085226,2024,9,13
240042998,Property Damage Crash,09/10/2024 01:45:00 PM,QUINCE ORCHARD RD (SB/L),NA,Angle,Clear,Dry,Daylight,No Controls,NONE DETECTED,No,No Apparent Injury,NA,Unknown,MD,Passenger Car,Moving Constant Speed,35,No,2009,NISSAN,ALTIMA,39.14343868,-77.22085226,2024,9,13
240043002,Injury Crash,09/10/2024 01:41:00 PM,GEORGIA AVE,NA,"Sideswipe, Same Direction",Clear,Dry,Daylight,No Controls,NONE DETECTED,No,No Apparent Injury,NA,Not Distracted,MD,Pickup,Moving Constant Speed,30,No,2023,FORD,F-350,39.0203771,-77.04426627,2024,9,13
240043002,Injury Crash,09/10/2024 01:41:00 PM,GEORGIA AVE,NA,"Sideswipe, Same Direction",Clear,Dry,Daylight,No Controls,NONE DETECTED,Yes,Possible Minor Injury,NA,Unknown,MD,Passenger Car,Changing Lanes,30,No,2014,HONDA,CIVIC,39.0203771,-77.04426627,2024,9,13
240042992,Property Damage Crash,09/10/2024 01:00:00 PM,NA,NA,Front to Rear,Clear,NA,Daylight,NA,NONE DETECTED,Yes,No Apparent Injury,NA,Unknown,TX,Passenger Car,Turning Right,0,No,2014,SUBARU,IMPREZA,39.09702867,-77.15697352,2024,9,13
240042993,Property Damage Crash,09/10/2024 12:59:00 PM,UNIVERSITY BLVD W (WB/L),NA,"Sideswipe, Same Direction",Clear,Dry,Daylight,No Controls,NONE DETECTED,No,No Apparent Injury,NA,Not Distracted,NA,Other Trucks,Moving Constant Speed,35,No,2006,KENWORTH,T800,39.02689932,-77.02073771,2024,9,12
240042993,Property Damage Crash,09/10/2024 12:59:00 PM,UNIVERSITY BLVD W (WB/L),NA,"Sideswipe, Same Direction",Clear,Dry,Daylight,No Controls,NONE DETECTED,Yes,No Apparent Injury,Failed to Keep in Proper Lane,Not Distracted,MD,Passenger Car,Changing Lanes,35,No,2013,HYUNDAI,SONATA,39.02689932,-77.02073771,2024,9,12
240042987,Injury Crash,09/10/2024 12:50:00 PM,HUNGERFORD DR (SB/L),NA,Angle,Clear,Dry,Daylight,Traffic Control Signal,NONE DETECTED,No,No Apparent Injury,NA,Not Distracted,MD,Passenger Car,Moving Constant Speed,40,No,2015,HONDA,CR-V,39.103279,-77.15605267,2024,9,12
240042987,Injury Crash,09/10/2024 12:50:00 PM,HUNGERFORD DR (SB/L),NA,Angle,Clear,Dry,Daylight,Traffic Control Signal,NONE DETECTED,Yes,No Apparent Injury,Failed to Yield Right-of-Way,Not Distracted,MD,Passenger Car,Turning Left,40,No,2020,FORD,TRANSIT,39.103279,-77.15605267,2024,9,12
240042986,Injury Crash,09/10/2024 12:50:00 PM,NA,NA,Single Vehicle,Clear,Dry,Daylight,No Controls,NONE DETECTED,Yes,Possible Minor Injury,NA,Not Distracted,MD,Snowmobile,Leaving Traffic Lane,50,No,2015,HONDA,ACCORD,39.06402833,-76.96784537,2024,9,12