Local Case Number,ACRS Report Type,Crash Date/Time,Road Name,Related Non-Motorist,Collision Type,Weather,Surface Condition,Light,Traffic Control,Driver Substance Abuse,Driver At Fault,Injury Severity,Circumstance,Driver Distracted By,Drivers License State,Vehicle Body Type,Vehicle Movement,Speed Limit,Driverless Vehicle,Vehicle Year,Vehicle Make,Vehicle Model,Latitude,Longitude,Year,Month,Hour
240042452,Injury Crash,09/07/2024 01:34:00 PM,DEMOCRACY BLVD,NA,Other,Cloudy,Dry,Daylight,Traffic Control Signal,NONE DETECTED,No,Possible Minor Injury,NA,Not Distracted,MD,Passenger Car,Turning Left,20,No,2024,HONDA,ACCORD,39.0225435,-77.14879667,2024,9,13
240042452,Injury Crash,09/07/2024 01:34:00 PM,DEMOCRACY BLVD,NA,Other,Cloudy,Dry,Daylight,Traffic Control Signal,NONE DETECTED,Yes,No Apparent Injury,"Failed to Yield Right-of-Way, Ran Red Light",Unknown,MD,Sport Utility Vehicle,Moving Constant Speed,35,No,2021,HONDA,HR-V,39.0225435,-77.14879667,2024,9,13
240042455,Property Damage Crash,09/07/2024 01:31:00 PM,NA,NA,Rear To Side,Clear,NA,Daylight,NA,NONE DETECTED,Yes,No Apparent Injury,Improper Backing,Not Distracted,NA,Van - Passenger (&lt;9 Seats),Backing,0,No,2005,FORD,E-250,39.28939358,-77.20504679,2024,9,13
240042444,Property Damage Crash,09/07/2024 12:43:00 PM,COLUMBIA PIKE,NA,Front to Rear,Cloudy,Dry,Daylight,Traffic Control Signal,NONE DETECTED,No,No Apparent Injury,NA,Not Distracted,MD,Passenger Car,Slowing or Stopping,40,No,2018,HONDA,CIVIC,39.03355522,-77.00241236,2024,9,12
240042444,Property Damage Crash,09/07/2024 12:43:00 PM,COLUMBIA PIKE,NA,Front to Rear,Cloudy,Dry,Daylight,Traffic Control Signal,NONE DETECTED,No,No Apparent Injury,NA,Not Distracted,MD,Passenger Car,Slowing or Stopping,40,No,2021,BMW,330I,39.03355522,-77.00241236,2024,9,12
240042444,Property Damage Crash,09/07/2024 12:43:00 PM,COLUMBIA PIKE,NA,Front to Rear,Cloudy,Dry,Daylight,Traffic Control Signal,NONE DETECTED,Yes,No Apparent Injury,NA,Unknown,GA,Sport Utility Vehicle,Changing Lanes,40,No,2015,KIA,SOUL,39.03355522,-77.00241236,2024,9,12
240042444,Property Damage Crash,09/07/2024 12:43:00 PM,COLUMBIA PIKE,NA,Front to Rear,Cloudy,Dry,Daylight,Traffic Control Signal,NONE DETECTED,No,No Apparent Injury,NA,Not Distracted,MD,Sport Utility Vehicle,Stopped in Traffic,40,No,2008,FORD,TAURUS X,39.03355522,-77.00241236,2024,9,12
240042439,Property Damage Crash,09/07/2024 12:15:00 PM,SANDY SPRING RD,NA,Other,Clear,Dry,Daylight,Intersection Ahead Warning Sign,NONE DETECTED,No,No Apparent Injury,NA,Not Distracted,MD,Passenger Car,Moving Constant Speed,40,No,2008,TOYOTA,4-RUNNER,39.10914317,-76.9230595,2024,9,12
240042443,Property Damage Crash,09/07/2024 12:15:00 PM,NA,NA,"Sideswipe, Same Direction",Clear,NA,Daylight,NA,NONE DETECTED,No,NA,NA,NA,NA,Pickup,Backing,0,No,2007,FORD,TRANSIT CONNECT,39.07837374,-77.08015971,2024,9,12
240042443,Property Damage Crash,09/07/2024 12:15:00 PM,NA,NA,"Sideswipe, Same Direction",Clear,NA,Daylight,NA,NONE DETECTED,No,No Apparent Injury,NA,Not Distracted,MD,Sport Utility Vehicle,Parked,0,No,2012,FORD,EXPLORER,39.07837374,-77.08015971,2024,9,12
240042439,Property Damage Crash,09/07/2024 12:15:00 PM,SANDY SPRING RD,NA,Other,Clear,Dry,Daylight,Intersection Ahead Warning Sign,NONE DETECTED,Yes,No Apparent Injury,NA,Not Distracted,MD,Passenger Car,Making U-Turn,40,No,2016,JEEP,COMPASS,39.10914317,-76.9230595,2024,9,12
240042440,Property Damage Crash,09/07/2024 12:14:00 PM,BUEHLER RD,NA,Front to Rear,Clear,Dry,Daylight,No Controls,ALCOHOL PRESENT,Yes,No Apparent Injury,"Operated Motor Vehicle in Inattentive, Careless, Negligent, or Erratic Manner",Not Distracted,NA,Passenger Car,Accelerating,10,No,2003,TOYOTA,AVALON,39.14867744,-77.06350619,2024,9,12
240042438,Property Damage Crash,09/07/2024 12:00:00 PM,NA,NA,"Sideswipe, Opposite Direction",Cloudy,NA,Daylight,NA,NONE DETECTED,No,No Apparent Injury,NA,Unknown,NA,Sport Utility Vehicle,Backing,0,No,2015,TOYOTA,RAV4,39.02105666,-77.01146641,2024,9,12
240042435,Property Damage Crash,09/07/2024 11:55:00 AM,NA,NA,"Sideswipe, Same Direction",Cloudy,NA,Daylight,NA,NONE DETECTED,No,No Apparent Injury,Improper Turn,Not Distracted,MD,Other Trucks,Turning Left,0,No,2019,PIERCE MANUFACTURING,TRUCK,38.9932908,-77.0295842,2024,9,11
240042434,Property Damage Crash,09/07/2024 11:37:00 AM,CONNECTICUT AVE,NA,"Sideswipe, Same Direction",Cloudy,Dry,Daylight,No Controls,NONE DETECTED,No,No Apparent Injury,NA,Not Distracted,MD,Pickup,Moving Constant Speed,35,No,2022,CHEVROLET,SILVERADO,39.05297757,-77.07433917,2024,9,11
240042434,Property Damage Crash,09/07/2024 11:37:00 AM,CONNECTICUT AVE,NA,"Sideswipe, Same Direction",Cloudy,Dry,Daylight,No Controls,NONE DETECTED,Yes,No Apparent Injury,NA,Not Distracted,NA,Passenger Car,Changing Lanes,35,No,2019,TOYOTA,COROLLA,39.05297757,-77.07433917,2024,9,11
240042429,Property Damage Crash,09/07/2024 11:00:00 AM,NA,NA,Front to Rear,Cloudy,Dry,Daylight,"Other Pavement Marking (excluding edgelines, centerlines, or lane lines)",NONE DETECTED,Yes,No Apparent Injury,Improper Backing,Not Distracted,MD,Bus - Transit,Backing,25,No,2021,GILLIG,CITY TRANSIT BUS,39.18195417,-77.26275984,2024,9,11
240042429,Property Damage Crash,09/07/2024 11:00:00 AM,NA,NA,Front to Rear,Cloudy,Dry,Daylight,No Controls,NONE DETECTED,No,No Apparent Injury,NA,Not Distracted,MD,Passenger Car,Turning Right,25,No,2016,TOYOTA,COROLLA,39.18195417,-77.26275984,2024,9,11
240042432,Property Damage Crash,09/07/2024 10:30:00 AM,GRANVILLE DR,NA,Front to Rear,Clear,Dry,Daylight,No Controls,NONE DETECTED,No,NA,NA,NA,NA,Passenger Car,NA,25,No,2017,FORD,EXPLORER,39.01421074,-77.01793863,2024,9,10
240042417,Injury Crash,09/07/2024 08:15:00 AM,NEW HAMPSHIRE AVE,NA,Angle,Clear,Dry,Daylight,Stop Sign,NONE DETECTED,No,Possible Minor Injury,"Failed to Yield Right-of-Way, Operated Motor Vehicle in Inattentive, Careless, Negligent, or Erratic Manner",Unknown,MD,Passenger Car,Accelerating,35,No,2015,NISSAN,PATHFINDER,39.068805330000004,-77.00274883,2024,9,8
240042417,Injury Crash,09/07/2024 08:15:00 AM,NEW HAMPSHIRE AVE,NA,Angle,Clear,Dry,Daylight,No Controls,NONE DETECTED,No,Possible Minor Injury,NA,Not Distracted,MD,Passenger Car,Moving Constant Speed,40,No,2011,CHRYSLER,300,39.068805330000004,-77.00274883,2024,9,8
240042411,Property Damage Crash,09/07/2024 05:30:00 AM,SHOP CTR CUT THRU CUT,NA,Single Vehicle,Clear,Dry,Medium,No Controls,NONE DETECTED,No,No Apparent Injury,NA,Unknown,MD,Passenger Car,Accelerating,5,No,1997,LEXUS,ES,39.05719708,-77.08407076,2024,9,5
240042537,Property Damage Crash,09/07/2024 04:42:00 AM,ECCLESTON ST,NA,Other,Clear,Dry,Medium,Stop Sign,ALCOHOL PRESENT,Yes,No Apparent Injury,"Operated Motor Vehicle in Inattentive, Careless, Negligent, or Erratic Manner",Not Distracted,MD,Passenger Car,Moving Constant Speed,25,No,2021,CHEVROLET,EXPRESS,39.0231212,-77.0560881,2024,9,4
240042405,Injury Crash,09/07/2024 03:44:00 AM,NA,NA,Rear To Side,Clear,Dry,Medium,Flashing Traffic Control Signal,NONE DETECTED,No,No Apparent Injury,NA,Not Distracted,MD,Passenger Car,Moving Constant Speed,35,No,2008,TOYOTA,SIENNA,38.99760167,-77.02711167,2024,9,3
240042405,Injury Crash,09/07/2024 03:44:00 AM,NA,NA,Rear To Side,Clear,Dry,Medium,Flashing Traffic Control Signal,NONE DETECTED,No,No Apparent Injury,NA,Not Distracted,MD,Passenger Car,Moving Constant Speed,25,No,2017,NISSAN,PATHFINDER,38.99760167,-77.02711167,2024,9,3
240042393,Injury Crash,09/07/2024 01:13:00 AM,GEORGIA AVE,NA,Front to Rear,Clear,Dry,Medium,No Controls,ALCOHOL PRESENT,No,Possible Minor Injury,NA,Unknown,NA,Passenger Car,Moving Constant Speed,35,No,2024,JEEP,COMPASS,39.05716217,-77.04995217,2024,9,1
240042393,Injury Crash,09/07/2024 01:13:00 AM,GEORGIA AVE,NA,Front to Rear,Clear,Dry,Medium,No Controls,NONE DETECTED,No,No Apparent Injury,NA,Not Distracted,MD,Passenger Car,Slowing or Stopping,35,No,2020,BMW,X6,39.05716217,-77.04995217,2024,9,1
240042365,Property Damage Crash,09/06/2024 08:26:00 PM,WISTERIA DR,NA,Front to Rear,Clear,Dry,Medium,No Controls,ALCOHOL PRESENT,Yes,No Apparent Injury,NA,Not Distracted,MD,Passenger Car,Moving Constant Speed,30,No,2017,HONDA,UNKNOWN,39.16311767,-77.25866583,2024,9,20
240042354,Injury Crash,09/06/2024 06:55:00 PM,W DIAMOND AVE (WB/L),Cyclist (non-electric),Unknown,Clear,Dry,Daylight,Traffic Control Signal,NONE DETECTED,Yes,No Apparent Injury,NA,Not Distracted,MD,Passenger Car,Turning Right,30,No,2014,TOYOTA,COROLLA,39.14053567,-77.20945223,2024,9,18
240042350,Property Damage Crash,09/06/2024 06:29:00 PM,NA,NA,Other,Clear,NA,Daylight,NA,NONE DETECTED,No,No Apparent Injury,NA,NA,NA,Passenger Car,Backing,0,No,2007,TOYOTA,CAMRY,39.092671,-77.04588314,2024,9,18
240042350,Property Damage Crash,09/06/2024 06:29:00 PM,NA,NA,Other,Clear,NA,Daylight,NA,NONE DETECTED,No,No Apparent Injury,NA,Not Distracted,MD,Passenger Car,Parked,0,No,2019,AUDI,Q7,39.092671,-77.04588314,2024,9,18
240042364,Property Damage Crash,09/06/2024 06:10:00 PM,CONNECTICUT AVE (SB/L),NA,Front to Rear,Clear,Dry,Daylight,No Controls,NONE DETECTED,No,NA,NA,NA,NA,Sport Utility Vehicle,Moving Constant Speed,40,No,2017,MERCEDES-BENZ,GLS-CLASS,39.05926185,-77.07327954,2024,9,18
240042364,Property Damage Crash,09/06/2024 06:10:00 PM,CONNECTICUT AVE (SB/L),NA,Front to Rear,Clear,Dry,Daylight,No Controls,NONE DETECTED,No,No Apparent Injury,NA,Not Distracted,MD,Station Wagon,Moving Constant Speed,40,No,2000,HONDA,ODYSSEY,39.05926185,-77.07327954,2024,9,18
240042340,Property Damage Crash,09/06/2024 05:19:00 PM,GEORGIA AVE (SB/L),NA,Other,Clear,Dry,Daylight,"Other Pavement Marking (excluding edgelines, centerlines, or lane lines)",NONE DETECTED,Yes,No Apparent Injury,Failed to Yield Right-of-Way,Not Distracted,VA,Passenger Car,Turning Left,30,No,2020,NISSAN,SENTRA,38.99825985,-77.03069608,2024,9,17
240042340,Property Damage Crash,09/06/2024 05:19:00 PM,GEORGIA AVE (SB/L),NA,Other,Clear,Dry,Daylight,"Other Pavement Marking (excluding edgelines, centerlines, or lane lines)",NONE DETECTED,No,No Apparent Injury,NA,Not Distracted,MD,Passenger Car,Turning Right,30,No,2006,TOYOTA,RAV4,38.99825985,-77.03069608,2024,9,17
240042336,Injury Crash,09/06/2024 05:09:00 PM,CRABBS BRANCH WAY,NA,Angle,Clear,Dry,Daylight,Traffic Control Signal,NONE DETECTED,Yes,No Apparent Injury,Failed to Yield Right-of-Way,Unknown,MD,Passenger Car,Turning Left,35,No,2023,ACURA,INTEGRA,39.11473289,-77.15698353,2024,9,17
240042336,Injury Crash,09/06/2024 05:09:00 PM,CRABBS BRANCH WAY,NA,Angle,Clear,Dry,Daylight,Traffic Control Signal,NONE DETECTED,No,Possible Minor Injury,NA,Not Distracted,MD,Pickup,Moving Constant Speed,35,No,2021,FORD,F-150,39.11473289,-77.15698353,2024,9,17
240042339,Property Damage Crash,09/06/2024 05:02:00 PM,SOUTHLAWN LA,NA,Angle,Clear,Dry,Daylight,No Controls,NONE DETECTED,No,No Apparent Injury,NA,Not Distracted,MD,Passenger Car,Moving Constant Speed,30,No,2024,TOYOTA,GR86,39.09842167,-77.136265,2024,9,17
240042339,Property Damage Crash,09/06/2024 05:02:00 PM,SOUTHLAWN LA,NA,Angle,Clear,Dry,Daylight,No Controls,NONE DETECTED,Yes,No Apparent Injury,Failed to Yield Right-of-Way,Unknown,MD,Passenger Car,Entering Traffic Lane,30,No,2018,MERCEDES-BENZ,GLC-CLASS,39.09842167,-77.136265,2024,9,17
240042329,Property Damage Crash,09/06/2024 04:40:00 PM,W MONTGOMERY AVE,NA,Front to Rear,Clear,Dry,Daylight,No Controls,NONE DETECTED,No,No Apparent Injury,NA,Not Distracted,MD,Passenger Car,Moving Constant Speed,25,No,2007,FORD,EXPLORER,39.08503264,-77.16323746,2024,9,16
240042329,Property Damage Crash,09/06/2024 04:40:00 PM,W MONTGOMERY AVE,NA,Front to Rear,Clear,Dry,Daylight,No Controls,NONE DETECTED,No,No Apparent Injury,NA,Not Distracted,MD,Passenger Car,Moving Constant Speed,25,No,2014,HONDA,PILOT,39.08503264,-77.16323746,2024,9,16
240042323,Injury Crash,09/06/2024 04:13:00 PM,EAST WEST HWY,NA,"Sideswipe, Same Direction",Clear,Dry,Daylight,No Controls,NONE DETECTED,No,No Apparent Injury,NA,Not Distracted,MD,Single-Unit Truck,Moving Constant Speed,35,No,2023,INTERNATIONAL,CV515,38.99355195,-77.05256839,2024,9,16
240042323,Injury Crash,09/06/2024 04:13:00 PM,EAST WEST HWY,NA,"Sideswipe, Same Direction",Clear,Dry,Daylight,No Controls,NONE DETECTED,Yes,Possible Minor Injury,NA,Unknown,MD,Passenger Car,Leaving Traffic Lane,35,No,2018,TOYOTA,COROLLA,38.99355195,-77.05256839,2024,9,16
240042324,Property Damage Crash,09/06/2024 04:12:00 PM,WATKINS MILL RD,NA,"Sideswipe, Same Direction",Clear,Dry,Daylight,No Controls,NONE DETECTED,Yes,NA,NA,NA,NA,Passenger Car,Overtaking/Passing,35,No,2011,TOYOTA,CAMRY,39.17438644,-77.20801316,2024,9,16
240042324,Property Damage Crash,09/06/2024 04:12:00 PM,WATKINS MILL RD,NA,"Sideswipe, Same Direction",Clear,Dry,Daylight,No Controls,NONE DETECTED,No,No Apparent Injury,NA,Not Distracted,MD,Passenger Car,Moving Constant Speed,35,No,2017,VOLKSWAGEN,PASSAT,39.17438644,-77.20801316,2024,9,16
240042299,Property Damage Crash,09/06/2024 03:06:00 PM,UNIVERSITY BLVD W,NA,Front to Rear,Clear,Dry,Daylight,No Controls,NONE DETECTED,Yes,No Apparent Injury,"Followed Too Closely, Too Fast For Conditions",Unknown,NA,Passenger Car,Moving Constant Speed,35,No,2006,HONDA,ODYSSEY,39.02879346,-77.02304503,2024,9,15
240042299,Property Damage Crash,09/06/2024 03:06:00 PM,UNIVERSITY BLVD W,NA,Front to Rear,Clear,Dry,Daylight,No Controls,NONE DETECTED,No,No Apparent Injury,NA,Not Distracted,MD,Passenger Car,Moving Constant Speed,35,No,2013,CHRYSLER,TOWN AND COUNTRY,39.02879346,-77.02304503,2024,9,15
240042297,Property Damage Crash,09/06/2024 02:57:00 PM,BUREAU DR (SB/L),NA,Other,Clear,Dry,Daylight,Traffic Control Signal,NONE DETECTED,No,No Apparent Injury,NA,Not Distracted,MD,Passenger Car,Moving Constant Speed,35,No,2007,TOYOTA,COROLLA,39.14183378,-77.21787278,2024,9,14
240042297,Property Damage Crash,09/06/2024 02:57:00 PM,BUREAU DR (SB/L),NA,Other,Clear,Dry,Daylight,Traffic Control Signal,NONE DETECTED,Yes,No Apparent Injury,NA,Not Distracted,MD,Passenger Car,Turning Left,35,No,2005,CHRYSLER,TOWN AND COUNTRY,39.14183378,-77.21787278,2024,9,14
240042292,Property Damage Crash,09/06/2024 02:25:00 PM,GEORGIA AVE (SB/L),NA,Angle,Clear,Dry,Daylight,No Controls,NONE DETECTED,No,No Apparent Injury,NA,Not Distracted,MD,Passenger Car,Moving Constant Speed,35,No,2012,FORD,FOCUS,39.08499115,-77.07839249,2024,9,14
240042292,Property Damage Crash,09/06/2024 02:25:00 PM,GEORGIA AVE (SB/L),NA,Angle,Clear,Dry,Daylight,No Controls,NONE DETECTED,Yes,No Apparent Injury,Failed to Yield Right-of-Way,Unknown,DC,Passenger Car,Entering Traffic Lane,35,No,2005,MERCEDES-BENZ,CLE,39.08499115,-77.07839249,2024,9,14
240042296,Injury Crash,09/06/2024 02:22:00 PM,OLD GEORGETOWN RD (SB/L),NA,Front to Rear,Clear,Dry,Daylight,No Controls,NONE DETECTED,No,Possible Minor Injury,NA,Not Distracted,VA,Sport Utility Vehicle,Moving Constant Speed,35,No,2015,KIA,SPORTAGE,39.02188422,-77.12368833,2024,9,14
240042296,Injury Crash,09/06/2024 02:22:00 PM,OLD GEORGETOWN RD (SB/L),NA,Front to Rear,Clear,Dry,Daylight,No Controls,NONE DETECTED,No,No Apparent Injury,NA,"Other Action (looking away from task, etc.)",MD,Passenger Car,Moving Constant Speed,35,No,2011,TOYOTA,CAMRY,39.02188422,-77.12368833,2024,9,14
240042296,Injury Crash,09/06/2024 02:22:00 PM,OLD GEORGETOWN RD (SB/L),NA,Front to Rear,Clear,Dry,Daylight,No Controls,NONE DETECTED,No,No Apparent Injury,NA,Not Distracted,MD,Sport Utility Vehicle,Moving Constant Speed,35,No,2017,TOYOTA,RAV4,39.02188422,-77.12368833,2024,9,14
240042290,Property Damage Crash,09/06/2024 02:08:00 PM,KEY WEST AVE (WB/L),NA,Front to Rear,Clear,Dry,Daylight,No Controls,NONE DETECTED,Yes,No Apparent Injury,Followed Too Closely,Not Distracted,MD,Pickup,Slowing or Stopping,40,No,2021,CHEVROLET,SILVERADO,39.10463683,-77.19352783,2024,9,14
240042290,Property Damage Crash,09/06/2024 02:08:00 PM,KEY WEST AVE (WB/L),NA,Front to Rear,Clear,Dry,Daylight,No Controls,NONE DETECTED,No,No Apparent Injury,NA,Not Distracted,MD,Passenger Car,Slowing or Stopping,40,No,2022,MAZDA,MAZDA3,39.10463683,-77.19352783,2024,9,14
240042279,Property Damage Crash,09/06/2024 01:28:00 PM,NA,NA,Other,Clear,NA,Daylight,NA,NONE DETECTED,Yes,No Apparent Injury,NA,Unknown,MD,Passenger Car,Backing,0,No,2011,TOYOTA,PRIUS V,39.08876552,-77.15382397,2024,9,13
240042284,Property Damage Crash,09/06/2024 01:15:00 PM,NA,NA,Front to Front,Cloudy,NA,Daylight,NA,NONE DETECTED,No,NA,NA,NA,NA,Sport Utility Vehicle,Slowing or Stopping,0,No,2006,LAND ROVER,RANGE ROVER,38.99190387,-77.03243607,2024,9,13
240042272,Property Damage Crash,09/06/2024 01:01:00 PM,KARA LA,Cyclist (non-electric),Single Vehicle,Cloudy,Dry,Daylight,Stop Sign,NONE DETECTED,Yes,No Apparent Injury,Failed to Yield Right-of-Way,Not Distracted,MD,Passenger Car,Turning Right,25,No,2023,MERCEDES-BENZ,METRIS,39.0755665,-77.00053517,2024,9,13
240042246,Property Damage Crash,09/06/2024 10:47:00 AM,CAPITAL BELTWAY,NA,"Sideswipe, Same Direction",Cloudy,Dry,Daylight,No Controls,DRUG PRESENT,No,No Apparent Injury,NA,Not Distracted,MD,Sport Utility Vehicle,Moving Constant Speed,55,No,2016,VOLVO,XC90,39.00551109,-77.076696,2024,9,10
240042246,Property Damage Crash,09/06/2024 10:47:00 AM,CAPITAL BELTWAY,NA,"Sideswipe, Same Direction",Cloudy,Dry,Daylight,No Controls,NONE DETECTED,No,No Apparent Injury,NA,NA,NA,Single-Unit Truck,Changing Lanes,55,No,0,NA,NA,39.00551109,-77.076696,2024,9,10
240042226,Property Damage Crash,09/06/2024 08:46:00 AM,CONNECTICUT AVE,NA,Front to Rear,Clear,Dry,Daylight,No Controls,NONE DETECTED,No,NA,NA,NA,NA,Passenger Car,NA,35,No,2013,HONDA,CIVIC,39.08860517,-77.072474,2024,9,8
240042227,Injury Crash,09/06/2024 08:41:00 AM,DALEWOOD DR,Cyclist (Electric),Single Vehicle,Clear,Dry,Daylight,Pedestrian Crossing Sign,NONE DETECTED,No,No Apparent Injury,NA,Not Distracted,MD,Sport Utility Vehicle,Accelerating,25,No,2018,FORD,EXPLORER,39.05921025,-77.06917922,2024,9,8
240042217,Property Damage Crash,09/06/2024 07:50:00 AM,BALTIMORE RD,NA,Front to Rear,Clear,Dry,Daylight,No Controls,NONE DETECTED,No,No Apparent Injury,NA,Not Distracted,MD,Sport Utility Vehicle,Stopped in Traffic,25,No,2024,CHEVROLET,TAHOE,39.09367591,-77.11330054,2024,9,7
240042217,Property Damage Crash,09/06/2024 07:50:00 AM,BALTIMORE RD,NA,Front to Rear,Clear,Dry,Daylight,No Controls,NONE DETECTED,No,No Apparent Injury,NA,"Other Action (looking away from task, etc.)",MD,Pickup,Slowing or Stopping,25,No,2005,CHEVROLET,SILVERADO,39.09367591,-77.11330054,2024,9,7
240042219,Property Damage Crash,09/06/2024 07:46:00 AM,RANDOLPH RD,NA,Front to Rear,Clear,Dry,Daylight,No Controls,NONE DETECTED,No,No Apparent Injury,NA,Not Distracted,MD,Sport Utility Vehicle,Slowing or Stopping,35,No,2013,LAND ROVER,UNKNOWN,39.066136,-77.03292501,2024,9,7
240042219,Property Damage Crash,09/06/2024 07:46:00 AM,RANDOLPH RD,NA,Front to Rear,Clear,Dry,Daylight,No Controls,NONE DETECTED,No,No Apparent Injury,NA,Not Distracted,MD,Pickup,Slowing or Stopping,35,No,2019,RAM,5500,39.066136,-77.03292501,2024,9,7
240042215,Injury Crash,09/06/2024 07:40:00 AM,RIVER RD (WB/L),NA,Front to Rear,Cloudy,Dry,Daylight,Traffic Control Signal,NONE DETECTED,No,No Apparent Injury,NA,Not Distracted,MD,Van - Cargo,Stopped in Traffic,35,No,2024,MERCEDES-BENZ,SPRINTER,38.99022394,-77.15261827,2024,9,7
240042215,Injury Crash,09/06/2024 07:40:00 AM,RIVER RD (WB/L),NA,Front to Rear,Cloudy,Dry,Daylight,Traffic Control Signal,NONE DETECTED,Yes,Possible Minor Injury,NA,Not Distracted,MD,Passenger Car,Slowing or Stopping,35,No,2012,CHEVROLET,CRUZE,38.99022394,-77.15261827,2024,9,7
240042201,Injury Crash,09/06/2024 01:26:00 AM,CABIN BRANCH AVE (N/B),NA,"Sideswipe, Same Direction",Clear,Dry,Medium,No Controls,ALCOHOL PRESENT,Yes,Possible Minor Injury,NA,"Other Action (looking away from task, etc.)",MD,Passenger Car,Moving Constant Speed,25,No,2013,DODGE,AVENGER,39.22140151,-77.28489761,2024,9,1
240042191,Property Damage Crash,09/05/2024 09:09:00 PM,EDNOR RD,NA,Single Vehicle,Clear,Dry,Medium,No Controls,NONE DETECTED,Yes,No Apparent Injury,Ran Off Roadway,Unknown,DC,Pickup,Moving Constant Speed,35,No,2017,CHEVROLET,COLORADO,39.14074199,-76.97343877,2024,9,21
240041991,Property Damage Crash,09/05/2024 06:40:00 PM,NA,NA,Other,Clear,NA,Daylight,NA,NONE DETECTED,No,No Apparent Injury,NA,Not Distracted,MD,Sport Utility Vehicle,Parked,0,No,2017,SUBARU,FORESTER,39.15646306,-77.21381235,2024,9,18
240041991,Property Damage Crash,09/05/2024 06:40:00 PM,NA,NA,Other,Clear,NA,Daylight,NA,NONE DETECTED,No,NA,NA,NA,NA,NA,Backing,0,No,0,NA,NA,39.15646306,-77.21381235,2024,9,18
240042161,Property Damage Crash,09/05/2024 06:21:00 PM,NA,NA,Angle,Clear,NA,Daylight,NA,NONE DETECTED,Yes,No Apparent Injury,"Failed to Yield Right-of-Way, Operated Motor Vehicle in Inattentive, Careless, Negligent, or Erratic Manner, Other Improper Action, Too Fast For Conditions",Unknown,MD,Passenger Car,Accelerating,0,No,2015,TOYOTA,COROLLA,39.17998843,-77.26746552,2024,9,18
240042161,Property Damage Crash,09/05/2024 06:21:00 PM,NA,NA,Angle,Clear,NA,Daylight,NA,NONE DETECTED,No,No Apparent Injury,NA,Not Distracted,MD,Passenger Car,Moving Constant Speed,0,No,2014,TOYOTA,TUNDRA,39.17998843,-77.26746552,2024,9,18
240042148,Property Damage Crash,09/05/2024 05:20:00 PM,CLARKSBURG RD,NA,Angle,Clear,Dry,Daylight,Traffic Control Signal,NONE DETECTED,Yes,No Apparent Injury,Ran Red Light,Not Distracted,MD,Sport Utility Vehicle,Slowing or Stopping,35,No,2012,HONDA,CR-V,39.184593,-77.3126935,2024,9,17
240042148,Property Damage Crash,09/05/2024 05:20:00 PM,CLARKSBURG RD,NA,Angle,Clear,Dry,Daylight,Traffic Control Signal,NONE DETECTED,No,No Apparent Injury,NA,Not Distracted,MD,Sport Utility Vehicle,Turning Left,35,No,2022,JEEP,WRANGLER,39.184593,-77.3126935,2024,9,17
240042140,Property Damage Crash,09/05/2024 04:21:00 PM,SELFRIDGE RD,NA,"Sideswipe, Same Direction",Clear,Dry,Daylight,Traffic Control Signal,NONE DETECTED,Yes,No Apparent Injury,NA,Unknown,DC,Bus - Transit,Changing Lanes,35,No,2009,GILLIG,LOW FLOOR BUS,39.0553278,-77.08363776,2024,9,16
240042140,Property Damage Crash,09/05/2024 04:21:00 PM,SELFRIDGE RD,NA,"Sideswipe, Same Direction",Clear,Dry,Daylight,Traffic Control Signal,NONE DETECTED,No,NA,NA,NA,NA,NA,Changing Lanes,35,No,0,NA,NA,39.0553278,-77.08363776,2024,9,16
240042134,Property Damage Crash,09/05/2024 03:52:00 PM,RANDOLPH RD (WB/L),NA,Front to Rear,Clear,Dry,Daylight,Traffic Control Signal,NONE DETECTED,No,No Apparent Injury,NA,Not Distracted,MD,Passenger Car,Stopped in Traffic,40,No,2016,NISSAN,PATHFINDER,39.06421089,-77.03937161,2024,9,15