Local Case Number,ACRS Report Type,Crash Date/Time,Road Name,Related Non-Motorist,Collision Type,Weather,Surface Condition,Light,Traffic Control,Driver Substance Abuse,Driver At Fault,Injury Severity,Circumstance,Driver Distracted By,Drivers License State,Vehicle Body Type,Vehicle Movement,Speed Limit,Driverless Vehicle,Vehicle Year,Vehicle Make,Vehicle Model,Latitude,Longitude,Year,Month,Hour
240041850,Property Damage Crash,09/04/2024 07:53:00 AM,ROCKVILLE PIKE (SB/L),NA,"Sideswipe, Same Direction",Clear,Dry,Daylight,No Controls,NONE DETECTED,No,No Apparent Injury,NA,Not Distracted,MD,Pickup,Moving Constant Speed,35,No,2016,FORD,F-250,39.08050912,-77.14451899,2024,9,7
240041850,Property Damage Crash,09/04/2024 07:53:00 AM,ROCKVILLE PIKE (SB/L),NA,"Sideswipe, Same Direction",Clear,Dry,Daylight,No Controls,NONE DETECTED,Yes,No Apparent Injury,NA,Not Distracted,MD,Passenger Car,Changing Lanes,35,No,2016,HONDA,CIVIC,39.08050912,-77.14451899,2024,9,7
240041844,Property Damage Crash,09/04/2024 07:25:00 AM,NA,NA,Single Vehicle,Clear,NA,Daylight,NA,NONE DETECTED,Yes,No Apparent Injury,NA,Unknown,MD,Bus - School,Backing,0,No,2024,THOMAS BUILT,SCHOOL BUS,39.102016,-77.15968333,2024,9,7
240041845,Property Damage Crash,09/04/2024 07:17:00 AM,NORBECK RD (WB/L),NA,Front to Rear,Clear,Dry,Daylight,No Controls,NONE DETECTED,Yes,No Apparent Injury,NA,Not Distracted,MD,Passenger Car,Slowing or Stopping,35,No,2013,HYUNDAI,SONATA,39.09790495,-77.10481237,2024,9,7
240041845,Property Damage Crash,09/04/2024 07:17:00 AM,NORBECK RD (WB/L),NA,Front to Rear,Clear,Dry,Daylight,No Controls,NONE DETECTED,No,No Apparent Injury,NA,Not Distracted,MD,Sport Utility Vehicle,Slowing or Stopping,35,No,2017,FORD,EXPLORER,39.09790495,-77.10481237,2024,9,7
240041835,Injury Crash,09/04/2024 02:55:00 AM,FENTON ST,NA,Front to Rear,Clear,Dry,Medium,No Controls,NONE DETECTED,No,Possible Minor Injury,NA,Not Distracted,MD,Passenger Car,Parked,30,No,2011,TOYOTA,RAV4,38.98970077,-77.02395608,2024,9,2
240041835,Injury Crash,09/04/2024 02:55:00 AM,FENTON ST,NA,Front to Rear,Clear,Dry,Medium,No Controls,ALCOHOL PRESENT,Yes,No Apparent Injury,Ran Off Roadway,Not Distracted,MD,Passenger Car,Moving Constant Speed,30,No,2021,HONDA,CR-V,38.98970077,-77.02395608,2024,9,2
240041813,Injury Crash,09/03/2024 09:36:00 PM,AIRPARK RD (SB/L),NA,Single Vehicle,Clear,Dry,Medium,No Controls,NONE DETECTED,No,Possible Minor Injury,NA,Unknown,MD,Motorcycle - 2 Wheeled,NA,50,No,2024,TRIUMPH,DAYTONA,39.15323,-77.14168667,2024,9,21
240041824,Property Damage Crash,09/03/2024 07:45:00 PM,PINEY BRANCH RD,NA,"Sideswipe, Same Direction",Clear,Dry,Medium,Traffic Control Signal,NONE DETECTED,No,NA,NA,NA,NA,Passenger Car,Changing Lanes,30,No,2003,TOYOTA,COROLLA,38.99820943,-77.00387247,2024,9,19
240041824,Property Damage Crash,09/03/2024 07:45:00 PM,PINEY BRANCH RD,NA,"Sideswipe, Same Direction",Clear,Dry,Medium,Traffic Control Signal,NONE DETECTED,No,No Apparent Injury,NA,Not Distracted,MD,Passenger Car,Stopped in Traffic,30,No,2002,HONDA,CIVIC,38.99820943,-77.00387247,2024,9,19
240041801,Property Damage Crash,09/03/2024 07:28:00 PM,NA,NA,Front to Rear,Clear,Dry,Daylight,No Controls,NONE DETECTED,Yes,No Apparent Injury,NA,Not Distracted,MD,Sport Utility Vehicle,Moving Constant Speed,30,No,2018,PORSCHE,CAYENNE,39.07633942,-77.16177136,2024,9,19
240041801,Property Damage Crash,09/03/2024 07:28:00 PM,NA,NA,Front to Rear,Clear,Dry,Daylight,No Controls,NONE DETECTED,No,No Apparent Injury,NA,Not Distracted,MD,Passenger Car,Stopped in Traffic,30,No,2019,TOYOTA,CAMRY,39.07633942,-77.16177136,2024,9,19
240031798,Injury Crash,09/03/2024 07:23:00 PM,N SUMMIT AVE,NA,Front to Front,Clear,Dry,Daylight,No Controls,NONE DETECTED,No,Possible Minor Injury,NA,Not Distracted,MD,Passenger Car,Moving Constant Speed,25,No,2004,NISSAN,ARMADA,39.14450905,-77.19278004,2024,9,19
240031798,Injury Crash,09/03/2024 07:23:00 PM,N SUMMIT AVE,NA,Front to Front,Clear,Dry,Daylight,No Controls,ALCOHOL PRESENT,No,No Apparent Injury,NA,Not Distracted,MD,Passenger Car,Moving Constant Speed,25,No,2012,GMC,ACADIA,39.14450905,-77.19278004,2024,9,19
240041792,Property Damage Crash,09/03/2024 06:45:00 PM,STONEGATE DR,NA,Angle,Clear,Dry,Daylight,Stop Sign,NONE DETECTED,Yes,No Apparent Injury,Failed to Yield Right-of-Way,"Other Action (looking away from task, etc.)",MD,Passenger Car,Turning Left,25,No,2013,HONDA,CIVIC,39.09993084,-77.00360641,2024,9,18
240041792,Property Damage Crash,09/03/2024 06:45:00 PM,STONEGATE DR,NA,Angle,Clear,Dry,Daylight,No Controls,NONE DETECTED,No,No Apparent Injury,NA,Not Distracted,MD,Passenger Car,Moving Constant Speed,35,No,2017,SUBARU,WRX,39.09993084,-77.00360641,2024,9,18
240041789,Injury Crash,09/03/2024 06:38:00 PM,NA,NA,"Sideswipe, Opposite Direction",Clear,NA,Daylight,NA,NONE DETECTED,Yes,No Apparent Injury,NA,Not Distracted,MD,Passenger Car,Moving Constant Speed,0,No,2020,HYUNDAI,SONATA,39.17845359,-77.2390675,2024,9,18
240041789,Injury Crash,09/03/2024 06:38:00 PM,NA,NA,"Sideswipe, Opposite Direction",Clear,NA,Daylight,NA,NONE DETECTED,No,Possible Minor Injury,NA,Not Distracted,MD,Passenger Car,Moving Constant Speed,0,No,2013,HYUNDAI,SONATA,39.17845359,-77.2390675,2024,9,18
240041785,Injury Crash,09/03/2024 06:24:00 PM,W MONTGOMERY AVE,NA,"Sideswipe, Same Direction",Clear,Dry,Daylight,No Controls,NONE DETECTED,No,Possible Minor Injury,NA,Not Distracted,MD,Passenger Car,Moving Constant Speed,35,No,2012,HONDA,CIVIC,39.08929601,-77.1777654,2024,9,18
240041785,Injury Crash,09/03/2024 06:24:00 PM,W MONTGOMERY AVE,NA,"Sideswipe, Same Direction",Clear,Dry,Daylight,No Controls,NONE DETECTED,Yes,No Apparent Injury,NA,Not Distracted,MD,"Construction Equipment (backhoe, bulldozer, etc.)",Changing Lanes,35,No,2019,PETERBILT,UNKNOWN,39.08929601,-77.1777654,2024,9,18
240041782,Property Damage Crash,09/03/2024 06:21:00 PM,PINEY BRANCH RD,NA,Front to Rear,Clear,Dry,Daylight,Traffic Control Signal,NONE DETECTED,No,No Apparent Injury,NA,Not Distracted,MD,Passenger Car,Moving Constant Speed,35,No,2016,HONDA,CIVIC,39.00131187,-76.98209438,2024,9,18
240041782,Property Damage Crash,09/03/2024 06:21:00 PM,PINEY BRANCH RD,NA,Front to Rear,Clear,Dry,Daylight,Traffic Control Signal,NONE DETECTED,Yes,No Apparent Injury,NA,NA,NA,Passenger Car,Changing Lanes,35,No,2008,NISSAN,VERSA,39.00131187,-76.98209438,2024,9,18
240041793,Property Damage Crash,09/03/2024 05:48:00 PM,NA,NA,"Sideswipe, Opposite Direction",Clear,NA,Daylight,NA,NONE DETECTED,Yes,No Apparent Injury,Improper Backing,Not Distracted,MD,Bus - School,Backing,0,No,2022,FREIGHTLINER,SBFD,39.14395915,-77.16045554,2024,9,17
24001844,Property Damage Crash,09/03/2024 05:00:00 PM,NA,NA,"Sideswipe, Opposite Direction",Clear,Dry,Daylight,No Controls,NONE DETECTED,No,No Apparent Injury,NA,Not Distracted,MD,Unknown,Moving Constant Speed,30,No,2021,NISSAN,VAN,39.04713251,-77.03524925,2024,9,17
24001844,Property Damage Crash,09/03/2024 05:00:00 PM,NA,NA,"Sideswipe, Opposite Direction",Clear,Dry,Daylight,No Controls,ALCOHOL PRESENT,Yes,No Apparent Injury,"Disregard Officer Directions, Disregarded Other Road Markings, Failed to Keep in Proper Lane, Improper Passing, Operated Motor Vehicle in Inattentive, Careless, Negligent, or Erratic Manner, Operated Motor Vehicle in Reckless or Aggressive Manner, Other Improper Action, Too Fast For Conditions, Wrong Way",Not Distracted,MD,Sport Utility Vehicle,Accelerating,30,No,2015,FORD,EXPLORER,39.04713251,-77.03524925,2024,9,17
24001844,Property Damage Crash,09/03/2024 05:00:00 PM,NA,NA,"Sideswipe, Opposite Direction",Clear,Dry,Daylight,No Controls,NONE DETECTED,No,No Apparent Injury,NA,Not Distracted,MD,Other Trucks,Moving Constant Speed,30,No,2018,MACK,UNKNOWN,39.04713251,-77.03524925,2024,9,17
240041778,Property Damage Crash,09/03/2024 04:50:00 PM,TUCKERMAN LA,NA,Front to Rear,Clear,Dry,Daylight,Traffic Control Signal,NONE DETECTED,Yes,No Apparent Injury,Followed Too Closely,Not Distracted,MD,Bus - School,Turning Right,35,No,2020,FREIGHTLINER,B2 BUS CHASSIS,39.03999188,-77.15733498,2024,9,16
240041778,Property Damage Crash,09/03/2024 04:50:00 PM,TUCKERMAN LA,NA,Front to Rear,Clear,Dry,Daylight,Traffic Control Signal,NONE DETECTED,No,No Apparent Injury,NA,Not Distracted,MD,Passenger Car,Turning Right,35,No,2018,GMC,CANYON,39.03999188,-77.15733498,2024,9,16
240041757,Property Damage Crash,09/03/2024 04:32:00 PM,NA,NA,"Sideswipe, Same Direction",Clear,NA,Daylight,NA,NONE DETECTED,No,No Apparent Injury,NA,Not Distracted,MD,Passenger Car,Backing,0,No,2017,HONDA,ACCORD,39.18759114,-77.27485339,2024,9,16
240041757,Property Damage Crash,09/03/2024 04:32:00 PM,NA,NA,"Sideswipe, Same Direction",Clear,NA,Daylight,NA,NONE DETECTED,No,NA,NA,NA,NA,Passenger Car,Accelerating,0,No,2010,HONDA,CIVIC,39.18759114,-77.27485339,2024,9,16
240041753,Injury Crash,09/03/2024 04:10:00 PM,GEORGIA AVE,NA,Angle,Clear,Dry,Daylight,Stop Sign,NONE DETECTED,No,No Apparent Injury,NA,Not Distracted,MD,Passenger Car,Entering Traffic Lane,30,No,2012,MAZDA,MAZDA5,39.00424573,-77.03689494,2024,9,16
240041753,Injury Crash,09/03/2024 04:10:00 PM,GEORGIA AVE,NA,Angle,Clear,Dry,Daylight,No Controls,NONE DETECTED,Yes,No Apparent Injury,"Operated Motor Vehicle in Inattentive, Careless, Negligent, or Erratic Manner",Not Distracted,DC,Passenger Car,Moving Constant Speed,30,No,2002,ACURA,RSX,39.00424573,-77.03689494,2024,9,16
240041748,Property Damage Crash,09/03/2024 03:42:00 PM,ROBEY RD,NA,"Sideswipe, Same Direction",Clear,Dry,Daylight,No Controls,NONE DETECTED,No,No Apparent Injury,NA,Not Distracted,MD,Bus - School,Moving Constant Speed,25,No,2018,THOMAS BUILT,SCHOOL BUS,39.08025482,-76.94372162,2024,9,15
240041726,Property Damage Crash,09/03/2024 02:40:00 PM,NA,NA,Single Vehicle,Clear,Dry,Daylight,No Controls,NONE DETECTED,Yes,No Apparent Injury,Ran Off Roadway,Not Distracted,MD,Passenger Car,Moving Constant Speed,25,No,2015,CHEVROLET,IMPALA,39.10010773,-77.07262221,2024,9,14
240041728,Property Damage Crash,09/03/2024 02:21:00 PM,NA,NA,Front to Rear,Clear,Dry,Daylight,No Controls,NONE DETECTED,Yes,No Apparent Injury,Other Improper Action,"Other Action (looking away from task, etc.)",MD,Sport Utility Vehicle,Moving Constant Speed,35,No,2005,TOYOTA,4-RUNNER,38.98804667,-77.07583167,2024,9,14
240041728,Property Damage Crash,09/03/2024 02:21:00 PM,NA,NA,Front to Rear,Clear,Dry,Daylight,No Controls,NONE DETECTED,No,No Apparent Injury,NA,Not Distracted,MD,Passenger Car,Stopped in Traffic,35,No,2021,FORD,MUSTANG MACH-E,38.98804667,-77.07583167,2024,9,14
240041715,Injury Crash,09/03/2024 02:00:00 PM,NA,NA,Front to Rear,Clear,Dry,Daylight,No Controls,NONE DETECTED,No,Possible Minor Injury,NA,Not Distracted,MD,Passenger Car,Slowing or Stopping,45,No,2023,TOYOTA,RAV4,39.05866733,-76.99736567,2024,9,14
240041715,Injury Crash,09/03/2024 02:00:00 PM,NA,NA,Front to Rear,Clear,Dry,Daylight,No Controls,NONE DETECTED,Yes,No Apparent Injury,NA,"Other Action (looking away from task, etc.)",DC,Passenger Car,Moving Constant Speed,45,No,2017,SUBARU,IMPREZA,39.05866733,-76.99736567,2024,9,14
240041704,Property Damage Crash,09/03/2024 12:15:00 PM,NA,NA,Other,Clear,NA,Daylight,NA,NONE DETECTED,Yes,No Apparent Injury,Failed to Yield Right-of-Way,Not Distracted,MD,Passenger Car,Moving Constant Speed,0,No,2014,JEEP,CHEROKEE,38.96524725,-77.10621802,2024,9,12
240041704,Property Damage Crash,09/03/2024 12:15:00 PM,NA,NA,Other,Clear,NA,Daylight,NA,NONE DETECTED,No,No Apparent Injury,NA,Not Distracted,MD,Passenger Car,Accelerating,0,No,2019,HONDA,HR-V,38.96524725,-77.10621802,2024,9,12
240041687,Injury Crash,09/03/2024 12:00:00 PM,VEIRS MILL RD (WB/L),NA,Front to Rear,Clear,Dry,Daylight,Traffic Control Signal,NONE DETECTED,Yes,No Apparent Injury,Other Improper Action,Not Distracted,MD,Passenger Car,Moving Constant Speed,45,No,2009,NISSAN,MURANO,39.06310333,-77.09446333,2024,9,12
240041687,Injury Crash,09/03/2024 12:00:00 PM,VEIRS MILL RD (WB/L),NA,Front to Rear,Clear,Dry,Daylight,Traffic Control Signal,NONE DETECTED,No,No Apparent Injury,NA,Not Distracted,MD,Passenger Car,Moving Constant Speed,45,No,1998,TOYOTA,4-RUNNER,39.06310333,-77.09446333,2024,9,12
240041670,Property Damage Crash,09/03/2024 10:13:00 AM,NA,NA,"Sideswipe, Same Direction",Clear,NA,Daylight,NA,NONE DETECTED,No,No Apparent Injury,NA,NA,NA,Passenger Car,Overtaking/Passing,0,No,2019,FORD,TRANSIT CONNECT,39.0498969,-77.12321182,2024,9,10
240041657,Injury Crash,09/03/2024 08:50:00 AM,JONES MILL RD,NA,Rear To Rear,Clear,Dry,Daylight,Traffic Control Signal,NONE DETECTED,Yes,Possible Minor Injury,Followed Too Closely,"Other Action (looking away from task, etc.)",MD,Passenger Car,Slowing or Stopping,35,No,2012,TOYOTA,CAMRY,38.99321094,-77.06344529,2024,9,8
240041657,Injury Crash,09/03/2024 08:50:00 AM,JONES MILL RD,NA,Rear To Rear,Clear,Dry,Daylight,Traffic Control Signal,NONE DETECTED,No,No Apparent Injury,NA,Not Distracted,MD,Sport Utility Vehicle,Stopped in Traffic,35,No,2021,TOYOTA,HIGHLANDER,38.99321094,-77.06344529,2024,9,8
240041657,Injury Crash,09/03/2024 08:50:00 AM,JONES MILL RD,NA,Rear To Rear,Clear,Dry,Daylight,Traffic Control Signal,NONE DETECTED,No,No Apparent Injury,NA,Not Distracted,MD,Passenger Car,Stopped in Traffic,35,No,2015,HONDA,CIVIC,38.99321094,-77.06344529,2024,9,8
240041654,Property Damage Crash,09/03/2024 08:49:00 AM,FAIRHAVEN DR,NA,Rear To Side,Clear,Dry,Daylight,No Controls,NONE DETECTED,Yes,No Apparent Injury,NA,Not Distracted,MD,Bus - School,Backing,15,No,2020,THOMAS BUILT,SCHOOL BUS,39.14485167,-77.17118833,2024,9,8
240041652,Injury Crash,09/03/2024 08:08:00 AM,NA,Pedestrian,Single Vehicle,Clear,NA,Daylight,NA,NONE DETECTED,No,Possible Minor Injury,NA,Not Distracted,MD,Sport Utility Vehicle,Accelerating,0,No,2015,CHEVROLET,SUBURBAN,39.16635011,-77.24670117,2024,9,8
240041645,Injury Crash,09/03/2024 07:26:00 AM,RAMP 8 FR RAMP 5 TO SHADY GROVE RD WB,NA,Front to Rear,Clear,Dry,Daylight,Traffic Control Signal,NONE DETECTED,No,Possible Minor Injury,NA,Not Distracted,MD,Passenger Car,Stopped in Traffic,35,No,2007,HONDA,CIVIC SI,39.1295894,-77.16378468,2024,9,7
240041645,Injury Crash,09/03/2024 07:26:00 AM,RAMP 8 FR RAMP 5 TO SHADY GROVE RD WB,NA,Front to Rear,Clear,Dry,Daylight,Traffic Control Signal,NONE DETECTED,Yes,No Apparent Injury,NA,Not Distracted,MD,Other Trucks,Accelerating,35,No,2021,KENWORTH,T4 SERIES,39.1295894,-77.16378468,2024,9,7
240041644,Property Damage Crash,09/03/2024 07:04:00 AM,E SCHUYLER RD,NA,"Sideswipe, Same Direction",Clear,Dry,Daylight,No Controls,NONE DETECTED,Yes,No Apparent Injury,NA,Not Distracted,MD,Bus - School,Moving Constant Speed,25,No,2017,THOMAS BUILT,SCHOOL BUS,39.0054375,-77.00385918,2024,9,7
240041635,Injury Crash,09/03/2024 03:50:00 AM,COLUMBIA PIKE (SB/L),NA,Single Vehicle,Clear,Dry,Medium,No Controls,NONE DETECTED,No,No Apparent Injury,NA,Not Distracted,MD,Passenger Car,Moving Constant Speed,50,No,2013,HONDA,PILOT,39.07919183,-76.951874,2024,9,3
240041635,Injury Crash,09/03/2024 03:50:00 AM,COLUMBIA PIKE (SB/L),NA,Single Vehicle,Clear,Dry,Medium,No Controls,NONE DETECTED,Yes,Possible Minor Injury,NA,Unknown,MD,Passenger Car,Moving Constant Speed,50,No,2012,NISSAN,ALTIMA,39.07919183,-76.951874,2024,9,3
240041630,Property Damage Crash,09/03/2024 12:53:00 AM,SUNDOWN RD,NA,Single Vehicle,Clear,Dry,Dark,No Controls,NONE DETECTED,No,No Apparent Injury,"Over-Correcting/Over-Steering, Too Fast For Conditions",Not Distracted,MD,Passenger Car,Moving Constant Speed,30,No,1998,FORD,MUSTANG,39.22431796,-77.075023,2024,9,0
240041622,Property Damage Crash,09/02/2024 10:13:00 PM,NA,NA,"Sideswipe, Same Direction",Clear,Dry,Medium,Traffic Control Signal,NONE DETECTED,No,No Apparent Injury,NA,Not Distracted,MD,Passenger Car,Moving Constant Speed,35,No,2017,VOLKSWAGEN,JETTA,39.14842854,-77.20691111,2024,9,22
240041622,Property Damage Crash,09/02/2024 10:13:00 PM,NA,NA,"Sideswipe, Same Direction",Clear,Dry,Medium,Traffic Control Signal,NONE DETECTED,Yes,No Apparent Injury,NA,Not Distracted,MD,Passenger Car,Changing Lanes,35,No,2007,SATURN,ION,39.14842854,-77.20691111,2024,9,22
240041626,Injury Crash,09/02/2024 09:21:00 PM,GEORGIA AVE (SB/L),Pedestrian,Single Vehicle,Clear,Dry,Medium,Traffic Control Signal,NONE DETECTED,No,No Apparent Injury,NA,Not Distracted,MD,Bus - Transit,Accelerating,30,No,2022,NEW FLYER,TRANSIT BUS,39.03211558,-77.04851317,2024,9,21
240041610,Injury Crash,09/02/2024 08:44:00 PM,WESTLAKE DR,NA,Angle,Clear,Dry,Medium,No Controls,NONE DETECTED,No,Possible Minor Injury,NA,Not Distracted,MD,Passenger Car,Making U-Turn,25,No,2015,NISSAN,SENTRA,39.02609012,-77.14817934,2024,9,20
240041610,Injury Crash,09/02/2024 08:44:00 PM,WESTLAKE DR,NA,Angle,Clear,Dry,Medium,No Controls,NONE DETECTED,No,No Apparent Injury,NA,Not Distracted,MD,Passenger Car,Moving Constant Speed,25,No,2021,TOYOTA,RAV4,39.02609012,-77.14817934,2024,9,20
240041602,Property Damage Crash,09/02/2024 07:38:00 PM,NA,NA,Rear To Rear,Clear,NA,Medium,NA,NONE DETECTED,Yes,No Apparent Injury,NA,Not Distracted,NA,Passenger Car,Backing,0,No,2010,VOLKSWAGEN,JETTA,39.08049272,-77.07132063,2024,9,19
240041608,Property Damage Crash,09/02/2024 07:12:00 PM,LEXINGTON DR,NA,Front to Rear,Clear,Dry,Medium,Traffic Control Signal,NONE DETECTED,No,No Apparent Injury,NA,Not Distracted,MD,Passenger Car,Stopped in Traffic,30,No,2005,TOYOTA,HIGHLANDER,39.01909615,-77.010904,2024,9,19
240041608,Property Damage Crash,09/02/2024 07:12:00 PM,LEXINGTON DR,NA,Front to Rear,Clear,Dry,Medium,Traffic Control Signal,NONE DETECTED,Yes,No Apparent Injury,Other Improper Action,"Other Action (looking away from task, etc.)",MD,Passenger Car,Slowing or Stopping,30,No,2010,HONDA,CR-V,39.01909615,-77.010904,2024,9,19
240041597,Property Damage Crash,09/02/2024 07:02:00 PM,NA,NA,Single Vehicle,Clear,Dry,Daylight,No Controls,NONE DETECTED,No,No Apparent Injury,"Ran Off Roadway, Too Fast For Conditions",Unknown,MD,Station Wagon,NA,35,No,2003,TOYOTA,COROLLA MATRIX,39.18978875,-77.22118,2024,9,19
240041593,Injury Crash,09/02/2024 06:22:00 PM,ASPEN HILL RD,Pedestrian,Single Vehicle,Clear,Dry,Daylight,Traffic Control Signal,NONE DETECTED,Yes,No Apparent Injury,NA,Not Distracted,MD,Passenger Car,Turning Left,30,No,2017,DODGE,JOURNEY,39.07915718,-77.08712813,2024,9,18
240041590,Property Damage Crash,09/02/2024 05:47:00 PM,CENTERHILL ST,NA,"Sideswipe, Same Direction",Clear,Dry,Daylight,No Controls,NONE DETECTED,Yes,No Apparent Injury,Failed to Keep in Proper Lane,Unknown,MD,Passenger Car,Moving Constant Speed,25,No,2020,JEEP,CHEROKEE,39.05133165,-77.07246993,2024,9,17
240041584,Injury Crash,09/02/2024 05:20:00 PM,ROBEY RD,NA,Angle,Clear,Dry,Daylight,Stop Sign,NONE DETECTED,Yes,Possible Minor Injury,NA,Not Distracted,MD,Sport Utility Vehicle,Moving Constant Speed,30,No,2006,NISSAN,XTERRA,39.0860198,-76.93123869,2024,9,17
240041584,Injury Crash,09/02/2024 05:20:00 PM,ROBEY RD,NA,Angle,Clear,Dry,Daylight,Stop Sign,NONE DETECTED,Yes,Possible Minor Injury,NA,Not Distracted,DC,Sport Utility Vehicle,Moving Constant Speed,30,No,2014,ACURA,MDX,39.0860198,-76.93123869,2024,9,17
240041587,Property Damage Crash,09/02/2024 05:15:00 PM,NA,NA,Single Vehicle,Clear,NA,Daylight,NA,NONE DETECTED,Yes,No Apparent Injury,Other Improper Action,"Other Action (looking away from task, etc.)",MD,Passenger Car,Parked,0,No,2020,HONDA,ACCORD,39.12932917,-77.00891767,2024,9,17
240041579,Injury Crash,09/02/2024 04:33:00 PM,NA,NA,Rear To Rear,Clear,NA,Daylight,NA,NONE DETECTED,No,Possible Minor Injury,NA,Not Distracted,MD,Passenger Car,Backing,0,No,2023,TOYOTA,CAMRY,39.022735,-77.14720167,2024,9,16
240041579,Injury Crash,09/02/2024 04:33:00 PM,NA,NA,Rear To Rear,Clear,NA,Daylight,NA,NONE DETECTED,No,No Apparent Injury,NA,Not Distracted,NA,Passenger Car,Parked,0,No,2016,HYUNDAI,SONATA,39.022735,-77.14720167,2024,9,16
240041579,Injury Crash,09/02/2024 04:33:00 PM,NA,NA,Rear To Rear,Clear,NA,Daylight,NA,NONE DETECTED,No,No Apparent Injury,NA,Not Distracted,MD,Passenger Car,Parked,0,No,2022,TOYOTA,CAMRY,39.022735,-77.14720167,2024,9,16
240041577,Property Damage Crash,09/02/2024 04:25:00 PM,NA,NA,Front to Rear,Clear,Dry,Daylight,Traffic Control Signal,NONE DETECTED,Yes,No Apparent Injury,NA,Unknown,MD,Passenger Car,NA,40,No,2008,VOLKSWAGEN,UNKNOWN,39.15892264,-77.27511961,2024,9,16
240041577,Property Damage Crash,09/02/2024 04:25:00 PM,NA,NA,Front to Rear,Clear,Dry,Daylight,Traffic Control Signal,NONE DETECTED,No,No Apparent Injury,NA,Not Distracted,MD,Bus - Transit,Slowing or Stopping,40,No,2017,GILLIG,SHUTTLE BUS,39.15892264,-77.27511961,2024,9,16
240041571,Property Damage Crash,09/02/2024 03:54:00 PM,PRICE AVE,NA,Unknown,Clear,Dry,Daylight,No Controls,ALCOHOL PRESENT,No,No Apparent Injury,"Operated Motor Vehicle in Inattentive, Careless, Negligent, or Erratic Manner, Operated Motor Vehicle in Reckless or Aggressive Manner",Not Distracted,MD,Pickup,Moving Constant Speed,5,No,2014,FORD,F-150,39.04021478,-77.05075891,2024,9,15
240041570,Property Damage Crash,09/02/2024 03:54:00 PM,PRICE AVE,NA,Unknown,Clear,Dry,Daylight,No Controls,ALCOHOL PRESENT,Yes,No Apparent Injury,"Operated Motor Vehicle in Inattentive, Careless, Negligent, or Erratic Manner, Operated Motor Vehicle in Reckless or Aggressive Manner",Not Distracted,MD,Pickup,Moving Constant Speed,5,No,2014,FORD,F-150,39.04021235,-77.05071998,2024,9,15
240041574,Property Damage Crash,09/02/2024 03:45:00 PM,FRIENDSHIP BLVD,NA,Other,Clear,Dry,Daylight,No Controls,NONE DETECTED,No,No Apparent Injury,Other Improper Action,Not Distracted,MD,Passenger Car,Making U-Turn,30,No,1996,TOYOTA,TACOMA,38.959635,-77.087805,2024,9,15
240041574,Property Damage Crash,09/02/2024 03:45:00 PM,FRIENDSHIP BLVD,NA,Other,Clear,Dry,Daylight,No Controls,NONE DETECTED,No,No Apparent Injury,NA,Not Distracted,VA,Passenger Car,Stopped in Traffic,30,No,2019,HYUNDAI,TUCSON,38.959635,-77.087805,2024,9,15
240042127,Injury Crash,09/02/2024 03:00:00 PM,TULIP DR,Pedestrian,Single Vehicle,Clear,Dry,Daylight,No Controls,NONE DETECTED,No,No Apparent Injury,NA,Unknown,MD,Passenger Car,Backing,25,No,2012,TOYOTA,COROLLA,39.13759112,-77.19061836,2024,9,15
240041558,Injury Crash,09/02/2024 02:54:00 PM,WIGHTMAN RD,Cyclist (Electric),Single Vehicle,Clear,Dry,Daylight,Stop Sign,NONE DETECTED,No,No Apparent Injury,NA,Unknown,NY,Sport Utility Vehicle,Entering Traffic Lane,35,No,2013,LEXUS,RX,39.19406525,-77.19494219,2024,9,14