Local Case Number,ACRS Report Type,Crash Date/Time,Road Name,Related Non-Motorist,Collision Type,Weather,Surface Condition,Light,Traffic Control,Driver Substance Abuse,Driver At Fault,Injury Severity,Circumstance,Driver Distracted By,Drivers License State,Vehicle Body Type,Vehicle Movement,Speed Limit,Driverless Vehicle,Vehicle Year,Vehicle Make,Vehicle Model,Latitude,Longitude,Year,Month,Hour
240041540,Injury Crash,09/02/2024 12:30:00 PM,RUSSELL AVE (SB/L),NA,Angle,Clear,Dry,Daylight,Traffic Control Signal,NONE DETECTED,No,Possible Minor Injury,NA,Not Distracted,MD,Passenger Car,Moving Constant Speed,35,No,2019,SUBARU,LEGACY,39.15452544,-77.20943972,2024,9,12
240041540,Injury Crash,09/02/2024 12:30:00 PM,RUSSELL AVE (SB/L),NA,Angle,Clear,Dry,Daylight,Traffic Control Signal,NONE DETECTED,Yes,Possible Minor Injury,NA,Unknown,MD,Passenger Car,Turning Left,35,No,2008,FORD,F-250,39.15452544,-77.20943972,2024,9,12
240041537,Injury Crash,09/02/2024 12:05:00 PM,COLESVILLE RD,NA,Angle,Clear,Dry,Daylight,Traffic Control Signal,NONE DETECTED,No,Possible Minor Injury,NA,Not Distracted,MD,Passenger Car,Parked,10,No,2018,HONDA,ACCORD,39.0133955,-77.01647583,2024,9,12
240041537,Injury Crash,09/02/2024 12:05:00 PM,COLESVILLE RD,NA,Angle,Clear,Dry,Daylight,Traffic Control Signal,NONE DETECTED,No,No Apparent Injury,NA,Not Distracted,MD,Passenger Car,Turning Left,10,No,2018,HONDA,PILOT,39.0133955,-77.01647583,2024,9,12
240041537,Injury Crash,09/02/2024 12:05:00 PM,COLESVILLE RD,NA,Angle,Clear,Dry,Daylight,Traffic Control Signal,NONE DETECTED,Yes,Possible Minor Injury,Ran Red Light,Not Distracted,MD,Passenger Car,Accelerating,35,No,2016,FIAT,500,39.0133955,-77.01647583,2024,9,12
240041527,Injury Crash,09/02/2024 10:35:00 AM,CHERRY HILL RD,NA,Front to Front,Clear,Dry,Daylight,No Controls,NONE DETECTED,No,Possible Minor Injury,NA,Not Distracted,MD,Van - Passenger (&lt;9 Seats),Slowing or Stopping,40,No,2005,CHEVROLET,EXPRESS,39.05404433,-76.95359733,2024,9,10
240041527,Injury Crash,09/02/2024 10:35:00 AM,CHERRY HILL RD,NA,Front to Front,Clear,Dry,Daylight,No Controls,NONE DETECTED,No,No Apparent Injury,Failed to Keep in Proper Lane,"Other Action (looking away from task, etc.)",MD,Passenger Car,Moving Constant Speed,40,No,2015,HONDA,CIVIC,39.05404433,-76.95359733,2024,9,10
240041929,Property Damage Crash,09/02/2024 08:40:00 AM,NA,NA,Single Vehicle,Clear,NA,Daylight,NA,NONE DETECTED,No,NA,Failed to Keep in Proper Lane,Unknown,NA,Sport Utility Vehicle,Backing,0,No,2000,NISSAN,PATHFINDER,39.1741243,-77.20441992,2024,9,8
240041511,Injury Crash,09/02/2024 08:11:00 AM,NA,"Other Pedestrian (person in a building, skater, personal conveyance, etc.)",Single Vehicle,Clear,NA,Daylight,NA,NONE DETECTED,Yes,No Apparent Injury,Improper Backing,"Other Action (looking away from task, etc.)",MD,Passenger Car,Backing,0,No,2016,HONDA,HR-V,39.18837347,-77.20186459,2024,9,8
240041503,Property Damage Crash,09/02/2024 05:55:00 AM,AVENEL RD,NA,"Sideswipe, Same Direction",Clear,Dry,Daylight,No Controls,NONE DETECTED,No,NA,NA,NA,NA,Passenger Car,Parked,25,No,1997,TOYOTA,TACOMA,39.01053623,-76.9800643,2024,9,5
240041503,Property Damage Crash,09/02/2024 05:55:00 AM,AVENEL RD,NA,"Sideswipe, Same Direction",Clear,Dry,Daylight,No Controls,NONE DETECTED,No,No Apparent Injury,NA,Not Distracted,MD,Passenger Car,Moving Constant Speed,25,No,2024,NISSAN,SENTRA,39.01053623,-76.9800643,2024,9,5
240041503,Property Damage Crash,09/02/2024 05:55:00 AM,AVENEL RD,NA,"Sideswipe, Same Direction",Clear,Dry,Daylight,No Controls,NONE DETECTED,No,NA,NA,NA,NA,Passenger Car,Parked,25,No,2006,TOYOTA,RAV4,39.01053623,-76.9800643,2024,9,5
240041516,Property Damage Crash,09/02/2024 05:00:00 AM,NA,NA,Front to Rear,Clear,NA,Dark,NA,NONE DETECTED,No,NA,"Operated Motor Vehicle in Inattentive, Careless, Negligent, or Erratic Manner, Operated Motor Vehicle in Reckless or Aggressive Manner, Other Improper Action",Unknown,NA,Unknown,NA,0,No,0,NA,NA,39.16546942,-77.25736606,2024,9,5
240041490,Property Damage Crash,09/02/2024 02:30:00 AM,UNIVERSITY BLVD W (WB/L),NA,"Sideswipe, Same Direction",Clear,Dry,Medium,No Controls,NONE DETECTED,No,No Apparent Injury,NA,Not Distracted,MD,Passenger Car,Moving Constant Speed,35,No,2014,ACURA,TSX,39.03491017,-77.02492823,2024,9,2
240041490,Property Damage Crash,09/02/2024 02:30:00 AM,UNIVERSITY BLVD W (WB/L),NA,"Sideswipe, Same Direction",Clear,Dry,Medium,No Controls,NONE DETECTED,No,NA,NA,NA,NA,Passenger Car,Moving Constant Speed,35,No,2007,HONDA,CIVIC,39.03491017,-77.02492823,2024,9,2
240041485,Injury Crash,09/01/2024 11:30:00 PM,FREDERICK RD (SB/L),NA,Front to Front,Clear,Dry,Medium,Traffic Control Signal,NONE DETECTED,No,Possible Minor Injury,NA,Unknown,MD,Passenger Car,Accelerating,30,No,2024,TOYOTA,CAMRY,39.15582995,-77.21607625,2024,9,23
240041485,Injury Crash,09/01/2024 11:30:00 PM,FREDERICK RD (SB/L),NA,Front to Front,Clear,Dry,Medium,Traffic Control Signal,NONE DETECTED,No,No Apparent Injury,Failed to Yield Right-of-Way,Unknown,MD,Sport Utility Vehicle,Turning Left,30,No,2015,HONDA,PILOT,39.15582995,-77.21607625,2024,9,23
240041478,Property Damage Crash,09/01/2024 10:23:00 PM,NORBECK RD,NA,Angle,Clear,Dry,Medium,Traffic Control Signal,NONE DETECTED,No,No Apparent Injury,NA,Not Distracted,MD,Passenger Car,Moving Constant Speed,45,No,2010,TOYOTA,COROLLA,39.1205018,-77.03400827,2024,9,22
240041478,Property Damage Crash,09/01/2024 10:23:00 PM,NORBECK RD,NA,Angle,Clear,Dry,Medium,Flashing Traffic Control Signal,NONE DETECTED,Yes,No Apparent Injury,Failed to Yield Right-of-Way,Unknown,MD,Passenger Car,Turning Left,45,No,2016,HONDA,ACCORD,39.1205018,-77.03400827,2024,9,22
24001830,Property Damage Crash,09/01/2024 09:40:00 PM,NA,NA,Rear To Side,Clear,NA,Medium,NA,ALCOHOL PRESENT,Yes,No Apparent Injury,Other Improper Action,Not Distracted,MD,Passenger Car,Moving Constant Speed,0,No,2009,AUDI,A4,39.06621405,-76.97827913,2024,9,21
240041474,Injury Crash,09/01/2024 09:35:00 PM,ODENDHAL AVE (EB/L),NA,Front to Rear,Cloudy,Dry,Medium,Traffic Control Signal,NONE DETECTED,No,No Apparent Injury,NA,Not Distracted,MD,Passenger Car,Stopped in Traffic,30,No,2015,SUBARU,FORESTER,39.15288888,-77.1959308,2024,9,21
240041474,Injury Crash,09/01/2024 09:35:00 PM,ODENDHAL AVE (EB/L),NA,Front to Rear,Cloudy,Dry,Medium,Traffic Control Signal,NONE DETECTED,Yes,No Apparent Injury,NA,Talking/listening,MD,Passenger Car,Slowing or Stopping,30,No,2019,KIA,FORTE,39.15288888,-77.1959308,2024,9,21
240041472,Property Damage Crash,09/01/2024 09:28:00 PM,COLUMBIA PIKE,NA,Front to Rear,Clear,Dry,Medium,No Controls,NONE DETECTED,No,No Apparent Injury,NA,Not Distracted,MD,Van - Passenger (&lt;9 Seats),Moving Constant Speed,55,No,1989,PLYMOUTH,UNKNOWN,39.11006624,-76.9299218,2024,9,21
240041472,Property Damage Crash,09/01/2024 09:28:00 PM,COLUMBIA PIKE,NA,Front to Rear,Clear,Dry,Medium,No Controls,NONE DETECTED,Yes,No Apparent Injury,Followed Too Closely,Unknown,MD,Passenger Car,Moving Constant Speed,55,No,2007,SUBARU,B9 TRIBECA,39.11006624,-76.9299218,2024,9,21
240041469,Property Damage Crash,09/01/2024 09:20:00 PM,CASHELL RD,NA,Front to Rear,Clear,Dry,Dark,No Controls,NONE DETECTED,No,No Apparent Injury,NA,Not Distracted,MD,Passenger Car,Turning Left,30,No,2017,TOYOTA,SIENNA,39.14742167,-77.09421333,2024,9,21
240041469,Property Damage Crash,09/01/2024 09:20:00 PM,CASHELL RD,NA,Front to Rear,Clear,Dry,Dark,No Controls,NONE DETECTED,No,No Apparent Injury,NA,Not Distracted,MD,Passenger Car,Turning Left,30,No,2020,JAGUAR,UNKNOWN,39.14742167,-77.09421333,2024,9,21
240041473,Injury Crash,09/01/2024 09:19:00 PM,VEIRS MILL RD,NA,Front to Rear,Clear,Dry,Medium,No Controls,ALCOHOL PRESENT,Yes,No Apparent Injury,"Followed Too Closely, Operated Motor Vehicle in Inattentive, Careless, Negligent, or Erratic Manner, Operated Motor Vehicle in Reckless or Aggressive Manner",Not Distracted,MD,Passenger Car,Moving Constant Speed,35,No,2012,HONDA,CIVIC,39.04211836,-77.05911891,2024,9,21
240041473,Injury Crash,09/01/2024 09:19:00 PM,VEIRS MILL RD,NA,Front to Rear,Clear,Dry,Medium,No Controls,NONE DETECTED,No,Possible Minor Injury,NA,Not Distracted,MD,Passenger Car,Moving Constant Speed,35,No,2017,HYUNDAI,ACCENT,39.04211836,-77.05911891,2024,9,21
240041468,Property Damage Crash,09/01/2024 08:36:00 PM,NA,NA,"Sideswipe, Same Direction",Clear,Dry,Medium,No Controls,NONE DETECTED,No,No Apparent Injury,NA,NA,NA,Sport Utility Vehicle,Overtaking/Passing,35,No,2023,LEXUS,RZ,39.01912342,-77.21046778,2024,9,20
240041468,Property Damage Crash,09/01/2024 08:36:00 PM,NA,NA,"Sideswipe, Same Direction",Clear,Dry,Medium,No Controls,NONE DETECTED,No,No Apparent Injury,NA,Not Distracted,MD,Passenger Car,Moving Constant Speed,35,No,2018,TESLA,MODEL 3,39.01912342,-77.21046778,2024,9,20
240041461,Injury Crash,09/01/2024 08:32:00 PM,AIRCRAFT DR,NA,Angle,Clear,Dry,Medium,Traffic Control Signal,NONE DETECTED,No,No Apparent Injury,NA,Unknown,MD,Passenger Car,Turning Left,45,No,2014,FORD,ESCAPE,39.18213575,-77.26022661,2024,9,20
240041461,Injury Crash,09/01/2024 08:32:00 PM,AIRCRAFT DR,NA,Angle,Clear,Dry,Medium,Traffic Control Signal,NONE DETECTED,No,No Apparent Injury,NA,Not Distracted,MD,Passenger Car,Moving Constant Speed,45,No,2019,TOYOTA,CAMRY,39.18213575,-77.26022661,2024,9,20
240041464,Property Damage Crash,09/01/2024 08:21:00 PM,SHAKESPEARE DR,NA,Single Vehicle,Clear,Dry,Medium,No Controls,ALCOHOL PRESENT,No,No Apparent Injury,Other Improper Action,Not Distracted,MD,Passenger Car,Turning Left,25,No,2011,NISSAN,ALTIMA,39.20009432,-77.24143291,2024,9,20
240041462,Property Damage Crash,09/01/2024 08:00:00 PM,DUVALL LA (EB/L),NA,"Sideswipe, Same Direction",Clear,Dry,Medium,No Controls,NONE DETECTED,No,NA,NA,Unknown,NA,Passenger Car,Overtaking/Passing,25,No,2008,LEXUS,HS,39.12906438,-77.20159161,2024,9,20
240041462,Property Damage Crash,09/01/2024 08:00:00 PM,DUVALL LA (EB/L),NA,"Sideswipe, Same Direction",Clear,Dry,Medium,No Controls,NONE DETECTED,No,No Apparent Injury,NA,Not Distracted,MD,Passenger Car,Moving Constant Speed,25,No,2014,FORD,F-250,39.12906438,-77.20159161,2024,9,20
240041449,Property Damage Crash,09/01/2024 06:20:00 PM,NORBECK RD,NA,Angle,Clear,Dry,Daylight,Traffic Control Signal,NONE DETECTED,No,No Apparent Injury,NA,Not Distracted,MD,Passenger Car,Moving Constant Speed,45,No,2018,SUBARU,OUTBACK,39.12039833,-77.03377,2024,9,18
240041449,Property Damage Crash,09/01/2024 06:20:00 PM,NORBECK RD,NA,Angle,Clear,Dry,Daylight,Traffic Control Signal,NONE DETECTED,No,No Apparent Injury,NA,Not Distracted,MD,Passenger Car,Moving Constant Speed,45,No,2017,AUDI,A4,39.12039833,-77.03377,2024,9,18
240041448,Property Damage Crash,09/01/2024 05:54:00 PM,16TH ST,NA,Angle,Clear,Dry,Daylight,No Controls,NONE DETECTED,Yes,No Apparent Injury,Failed to Yield Right-of-Way,Not Distracted,IN,Van - Cargo,Moving Constant Speed,30,No,2018,RAM,PROMASTER 2500,39.00464793,-77.03998017,2024,9,17
240041448,Property Damage Crash,09/01/2024 05:54:00 PM,16TH ST,NA,Angle,Clear,Dry,Daylight,No Controls,NONE DETECTED,No,No Apparent Injury,NA,Not Distracted,MD,Passenger Car,Moving Constant Speed,30,No,2022,TOYOTA,CAMRY,39.00464793,-77.03998017,2024,9,17
240041455,Property Damage Crash,09/01/2024 05:49:00 PM,E RANDOLPH RD (WB/L),NA,Single Vehicle,Clear,Dry,Daylight,No Controls,ALCOHOL PRESENT,Yes,No Apparent Injury,Other Improper Action,Unknown,MD,Passenger Car,Moving Constant Speed,35,No,2013,HONDA,CIVIC SI,39.07025838,-76.98775555,2024,9,17
240041447,Injury Crash,09/01/2024 05:41:00 PM,GOSNELL FARM DR (SB/L),NA,"Sideswipe, Same Direction",Clear,Dry,Daylight,No Controls,NONE DETECTED,No,Possible Minor Injury,NA,Not Distracted,MD,Passenger Car,Moving Constant Speed,20,No,2019,HONDA,CIVIC,39.22837336,-77.28849296,2024,9,17
240041447,Injury Crash,09/01/2024 05:41:00 PM,GOSNELL FARM DR (SB/L),NA,"Sideswipe, Same Direction",Clear,Dry,Daylight,No Controls,NONE DETECTED,Yes,No Apparent Injury,NA,Not Distracted,MD,Passenger Car,Changing Lanes,20,No,2023,TESLA,MODEL Y,39.22837336,-77.28849296,2024,9,17
240041431,Property Damage Crash,09/01/2024 04:00:00 PM,DAIRYMAID DR,NA,"Sideswipe, Same Direction",Clear,Dry,Daylight,No Controls,NONE DETECTED,Yes,No Apparent Injury,NA,Unknown,NY,Passenger Car,Moving Constant Speed,30,No,2020,HYUNDAI,ELANTRA,39.15280083,-77.26839517,2024,9,16
240041435,Property Damage Crash,09/01/2024 03:48:00 PM,NA,NA,Front to Rear,Clear,Dry,Daylight,"Other Pavement Marking (excluding edgelines, centerlines, or lane lines)",NONE DETECTED,Yes,No Apparent Injury,NA,Not Distracted,MD,Passenger Car,Slowing or Stopping,30,No,2015,TOYOTA,CAMRY,38.99705939,-77.02748401,2024,9,15
240041435,Property Damage Crash,09/01/2024 03:48:00 PM,NA,NA,Front to Rear,Clear,Dry,Daylight,"Other Pavement Marking (excluding edgelines, centerlines, or lane lines)",NONE DETECTED,No,No Apparent Injury,NA,Not Distracted,FL,Passenger Car,Stopped in Traffic,30,No,2017,NISSAN,ROGUE,38.99705939,-77.02748401,2024,9,15
240041435,Property Damage Crash,09/01/2024 03:48:00 PM,NA,NA,Front to Rear,Clear,Dry,Daylight,"Other Pavement Marking (excluding edgelines, centerlines, or lane lines)",NONE DETECTED,No,No Apparent Injury,NA,Not Distracted,MD,Sport Utility Vehicle,Stopped in Traffic,30,No,2012,HONDA,PILOT,38.99705939,-77.02748401,2024,9,15
240041420,Injury Crash,09/01/2024 01:41:00 PM,GEORGIA AVE (SB/L),NA,Rear To Rear,Clear,Dry,Daylight,Traffic Control Signal,NONE DETECTED,Yes,No Apparent Injury,NA,Unknown,NA,Sport Utility Vehicle,Slowing or Stopping,35,No,2004,FORD,EXPEDITION,39.00628042,-77.03906278,2024,9,13
240041420,Injury Crash,09/01/2024 01:41:00 PM,GEORGIA AVE (SB/L),NA,Rear To Rear,Clear,Dry,Daylight,Traffic Control Signal,NONE DETECTED,No,Possible Minor Injury,NA,Not Distracted,MD,Sport Utility Vehicle,Stopped in Traffic,35,No,2023,HYUNDAI,KONA,39.00628042,-77.03906278,2024,9,13
240041414,Injury Crash,09/01/2024 01:22:00 PM,OLD GEORGETOWN RD (SB/L),NA,Front to Rear,Clear,Dry,Daylight,No Controls,NONE DETECTED,Yes,No Apparent Injury,"Followed Too Closely, Other Improper Action","Other Action (looking away from task, etc.)",MD,Passenger Car,Moving Constant Speed,35,No,2012,HONDA,CR-V,39.02628133,-77.1261655,2024,9,13
240041414,Injury Crash,09/01/2024 01:22:00 PM,OLD GEORGETOWN RD (SB/L),NA,Front to Rear,Clear,Dry,Daylight,No Controls,NONE DETECTED,No,No Apparent Injury,NA,Not Distracted,MD,Pickup,Slowing or Stopping,35,No,2017,RAM,1500,39.02628133,-77.1261655,2024,9,13
240041412,Injury Crash,09/01/2024 01:00:00 PM,NA,NA,Front to Front,Clear,Dry,Daylight,Traffic Control Signal,NONE DETECTED,No,No Apparent Injury,NA,Not Distracted,MD,Sport Utility Vehicle,Moving Constant Speed,40,No,2013,MERCEDES-BENZ,GL-CLASS,39.11527429,-77.21584667,2024,9,13
240041412,Injury Crash,09/01/2024 01:00:00 PM,NA,NA,Front to Front,Clear,Dry,Daylight,Traffic Control Signal,NONE DETECTED,Yes,Possible Minor Injury,Failed to Yield Right-of-Way,Unknown,MD,Van - Passenger (&lt;9 Seats),Turning Left,40,No,2008,TOYOTA,SIENNA,39.11527429,-77.21584667,2024,9,13
240041412,Injury Crash,09/01/2024 01:00:00 PM,NA,NA,Front to Front,Clear,Dry,Daylight,Traffic Control Signal,NONE DETECTED,No,No Apparent Injury,NA,Not Distracted,VA,Passenger Car,Stopped in Traffic,30,No,2019,TOYOTA,CAMRY,39.11527429,-77.21584667,2024,9,13
240041411,Property Damage Crash,09/01/2024 12:43:00 PM,WARING STATION RD,NA,Single Vehicle,Clear,Dry,Daylight,No Controls,NONE DETECTED,Yes,No Apparent Injury,"Over-Correcting/Over-Steering, Ran Off Roadway",Not Distracted,MD,Passenger Car,Moving Constant Speed,25,No,2020,KIA,RIO,39.1587923,-77.25210381,2024,9,12
240041405,Property Damage Crash,09/01/2024 12:30:00 PM,S FREDERICK RD,NA,Other,Clear,Dry,Daylight,Traffic Control Signal,NONE DETECTED,No,No Apparent Injury,Failed to Yield Right-of-Way,Unknown,MD,Passenger Car,Turning Left,35,No,2016,FORD,FIESTA,39.13797099,-77.19410225,2024,9,12
240041405,Property Damage Crash,09/01/2024 12:30:00 PM,S FREDERICK RD,NA,Other,Clear,Dry,Daylight,Traffic Control Signal,NONE DETECTED,No,No Apparent Injury,NA,Not Distracted,MD,Passenger Car,Moving Constant Speed,35,No,2008,ACURA,TL,39.13797099,-77.19410225,2024,9,12
240041409,Property Damage Crash,09/01/2024 12:00:00 PM,RAMP 5 FR IS 270 SB TO SHADY GROVE RD,NA,Front to Rear,Clear,Dry,Daylight,No Controls,NONE DETECTED,No,No Apparent Injury,NA,Not Distracted,MD,Passenger Car,Moving Constant Speed,55,No,2019,TOYOTA,PRIUS,39.11064448,-77.19010456,2024,9,12
240041409,Property Damage Crash,09/01/2024 12:00:00 PM,RAMP 5 FR IS 270 SB TO SHADY GROVE RD,NA,Front to Rear,Clear,Dry,Daylight,No Controls,ALCOHOL PRESENT,Yes,No Apparent Injury,Improper Passing,Unknown,MD,Sport Utility Vehicle,Overtaking/Passing,55,No,2002,MERCEDES-BENZ,M-CLASS,39.11064448,-77.19010456,2024,9,12
240041399,Property Damage Crash,09/01/2024 12:00:00 PM,GUNNERS BRANCH RD,NA,Front to Rear,Clear,Dry,Daylight,No Controls,NONE DETECTED,Yes,No Apparent Injury,"Swerved or Avoided Due to Wind, Slippery Surface, Motor Vehicle, Object, Non-Motorist in Roadway, etc",Not Distracted,MD,Passenger Car,Moving Constant Speed,30,No,2016,TOYOTA,CAMRY,39.17512167,-77.23899659,2024,9,12
240041378,Property Damage Crash,09/01/2024 08:39:00 AM,WISCONSIN AVE,NA,Rear To Rear,Clear,Dry,Daylight,No Controls,NONE DETECTED,No,No Apparent Injury,Improper Backing,"Other Action (looking away from task, etc.)",MD,Passenger Car,Backing,25,No,2014,MERCEDES-BENZ,ML-CLASS,38.977782500000004,-77.09094267,2024,9,8
240041369,Injury Crash,09/01/2024 04:46:00 AM,EMORY GROVE RD,NA,Front to Rear,Clear,Dry,Dark,"Other Pavement Marking (excluding edgelines, centerlines, or lane lines)",NONE DETECTED,No,Possible Minor Injury,NA,Not Distracted,MD,Passenger Car,Moving Constant Speed,35,No,2020,MITSUBISHI,OUTLANDER,39.154083,-77.17448707,2024,9,4
240041369,Injury Crash,09/01/2024 04:46:00 AM,EMORY GROVE RD,NA,Front to Rear,Clear,Dry,Dark,"Other Pavement Marking (excluding edgelines, centerlines, or lane lines)",NONE DETECTED,No,No Apparent Injury,NA,NA,NA,Pickup,Moving Constant Speed,35,No,0,NA,NA,39.154083,-77.17448707,2024,9,4
240041365,Property Damage Crash,09/01/2024 03:45:00 AM,CLUB HOUSE RD,NA,Angle,Clear,Dry,Medium,Flashing Traffic Control Signal,NONE DETECTED,Yes,No Apparent Injury,Failed to Yield Right-of-Way,Unknown,MD,Passenger Car,Accelerating,30,No,2023,TOYOTA,RAV4,39.17461317,-77.20329683,2024,9,3
240041365,Property Damage Crash,09/01/2024 03:45:00 AM,CLUB HOUSE RD,NA,Angle,Clear,Dry,Medium,Flashing Traffic Control Signal,NONE DETECTED,No,No Apparent Injury,NA,Not Distracted,MD,Passenger Car,Moving Constant Speed,35,No,2014,TOYOTA,COROLLA,39.17461317,-77.20329683,2024,9,3
240041364,Property Damage Crash,09/01/2024 03:33:00 AM,GEORGIA AVE,NA,Angle,Clear,Dry,Medium,Flashing Traffic Control Signal,NONE DETECTED,No,No Apparent Injury,NA,Not Distracted,MD,Passenger Car,Moving Constant Speed,35,No,2012,FORD,FUSION,39.00961033,-77.04074233,2024,9,3
240041364,Property Damage Crash,09/01/2024 03:33:00 AM,GEORGIA AVE,NA,Angle,Clear,Dry,Medium,Flashing Traffic Control Signal,NONE DETECTED,Yes,No Apparent Injury,NA,Not Distracted,MD,Passenger Car,Moving Constant Speed,35,No,2020,TOYOTA,RAV4,39.00961033,-77.04074233,2024,9,3
240041358,Injury Crash,09/01/2024 02:06:00 AM,RALEIGH AVE,NA,Single Vehicle,Clear,Wet,Medium,No Controls,NONE DETECTED,Yes,Possible Minor Injury,"Failed to Keep in Proper Lane, Ran Off Roadway",Unknown,MD,Passenger Car,Negotiating a Curve,20,No,2018,BMW,330I,39.0335559,-77.08927186,2024,9,2
240041349,Property Damage Crash,09/01/2024 12:04:00 AM,MONTGOMERY VILLAGE AVE (SB/L),NA,Rear To Side,Clear,Dry,Medium,No Controls,ALCOHOL PRESENT,Yes,No Apparent Injury,"Operated Motor Vehicle in Inattentive, Careless, Negligent, or Erratic Manner",Not Distracted,MD,Pickup,Moving Constant Speed,35,No,2020,CHEVROLET,COLORADO,39.16823127,-77.20498346,2024,9,0
240041349,Property Damage Crash,09/01/2024 12:04:00 AM,MONTGOMERY VILLAGE AVE (SB/L),NA,Rear To Side,Clear,Dry,Medium,No Controls,NONE DETECTED,No,No Apparent Injury,NA,Not Distracted,MD,Bus - Transit,Stopped in Traffic,35,No,2018,GILLIG,CITY TRANSIT BUS,39.16823127,-77.20498346,2024,9,0
240041343,Property Damage Crash,08/31/2024 11:15:00 PM,RANDOLPH RD,NA,Angle,Clear,Dry,Medium,Traffic Control Signal,NONE DETECTED,No,No Apparent Injury,NA,Not Distracted,MD,Passenger Car,Moving Constant Speed,35,No,2006,HONDA,ACCORD,39.05907993,-77.04771677,2024,8,23
240041343,Property Damage Crash,08/31/2024 11:15:00 PM,RANDOLPH RD,NA,Angle,Clear,Dry,Medium,Traffic Control Signal,NONE DETECTED,Yes,No Apparent Injury,Failed to Yield Right-of-Way,Not Distracted,MD,Passenger Car,Slowing or Stopping,35,No,2017,FORD,TAURUS,39.05907993,-77.04771677,2024,8,23
240041184,Property Damage Crash,08/31/2024 11:10:00 PM,VEIRS MILL RD (WB/L),NA,"Sideswipe, Same Direction",Clear,Dry,Medium,No Controls,NONE DETECTED,No,No Apparent Injury,NA,Not Distracted,MD,Passenger Car,Accelerating,35,No,2014,JEEP,CHEROKEE,39.0563523,-77.08304812,2024,8,23
240041184,Property Damage Crash,08/31/2024 11:10:00 PM,VEIRS MILL RD (WB/L),NA,"Sideswipe, Same Direction",Clear,Dry,Medium,No Controls,NONE DETECTED,Yes,No Apparent Injury,NA,Not Distracted,MD,Passenger Car,Accelerating,35,No,2006,CHRYSLER,300,39.0563523,-77.08304812,2024,8,23
240041334,Injury Crash,08/31/2024 09:25:00 PM,BONIFANT RD,NA,Angle,Rain,Wet,Dark,No Controls,NONE DETECTED,No,No Apparent Injury,NA,Not Distracted,MD,Passenger Car,Moving Constant Speed,35,No,2015,HYUNDAI,SANTA FE,39.09352845,-77.03569272,2024,8,21
240041334,Injury Crash,08/31/2024 09:25:00 PM,BONIFANT RD,NA,Angle,Rain,Wet,Dark,Stop Sign,NONE DETECTED,No,No Apparent Injury,NA,Unknown,MD,Van - Passenger (&lt;9 Seats),Entering Traffic Lane,35,No,2000,FORD,E-350,39.09352845,-77.03569272,2024,8,21
240041333,Property Damage Crash,08/31/2024 09:15:00 PM,NA,NA,Single Vehicle,Rain,Wet,Dark,No Controls,NONE DETECTED,No,No Apparent Injury,NA,Not Distracted,MD,Pickup,Moving Constant Speed,35,No,2007,CHEVROLET,SILVERADO,39.05122,-77.13248117,2024,8,21
240041329,Property Damage Crash,08/31/2024 08:30:00 PM,THAYER AVE,NA,"Sideswipe, Same Direction",Clear,Dry,Medium,No Controls,NONE DETECTED,No,No Apparent Injury,NA,Not Distracted,MD,Bus - Transit,Accelerating,25,No,2009,GILLIG,LOW FLOOR BUS,38.99308298,-77.02264684,2024,8,20
240031326,Property Damage Crash,08/31/2024 08:20:00 PM,GERMANTOWN RD (SB/L),NA,Front to Rear,Rain,Wet,Medium,No Controls,NONE DETECTED,No,No Apparent Injury,NA,Not Distracted,MD,Passenger Car,Moving Constant Speed,40,No,2015,ACURA,TLX,39.17731633,-77.26978417,2024,8,20