Local Case Number,ACRS Report Type,Crash Date/Time,Road Name,Related Non-Motorist,Collision Type,Weather,Surface Condition,Light,Traffic Control,Driver Substance Abuse,Driver At Fault,Injury Severity,Circumstance,Driver Distracted By,Drivers License State,Vehicle Body Type,Vehicle Movement,Speed Limit,Driverless Vehicle,Vehicle Year,Vehicle Make,Vehicle Model,Latitude,Longitude,Year,Month,Hour
240031326,Property Damage Crash,08/31/2024 08:20:00 PM,GERMANTOWN RD (SB/L),NA,Front to Rear,Rain,Wet,Medium,No Controls,NONE DETECTED,Yes,No Apparent Injury,NA,Not Distracted,NA,Passenger Car,Accelerating,40,No,2018,HYUNDAI,ELANTRA,39.17731633,-77.26978417,2024,8,20
240041331,Property Damage Crash,08/31/2024 08:19:00 PM,CENTERHILL ST,NA,"Sideswipe, Same Direction",Rain,Wet,Dark,No Controls,ALCOHOL PRESENT,Yes,No Apparent Injury,Failed to Keep in Proper Lane,Unknown,NA,Passenger Car,NA,25,No,2019,SUBARU,WRX,39.05360733,-77.07046583,2024,8,20
240041317,Property Damage Crash,08/31/2024 07:10:00 PM,NA,NA,Angle,Rain,Wet,Medium,No Controls,NONE DETECTED,No,No Apparent Injury,NA,Not Distracted,MD,Pickup,Moving Constant Speed,35,No,2006,CHEVROLET,SILVERADO,39.14702951,-77.23025511,2024,8,19
240041317,Property Damage Crash,08/31/2024 07:10:00 PM,NA,NA,Angle,Rain,Wet,Medium,No Controls,NONE DETECTED,Yes,No Apparent Injury,NA,Unknown,NA,Passenger Car,Leaving Traffic Lane,35,No,2006,FORD,MUSTANG,39.14702951,-77.23025511,2024,8,19
240042314,Property Damage Crash,08/31/2024 06:35:00 PM,SHADY GROVE RD,NA,Front to Rear,Clear,Dry,Daylight,No Controls,NONE DETECTED,No,No Apparent Injury,NA,Not Distracted,MD,Passenger Car,Moving Constant Speed,45,No,2013,MAZDA,CX-5,39.13819708,-77.1534245,2024,8,18
240042314,Property Damage Crash,08/31/2024 06:35:00 PM,SHADY GROVE RD,NA,Front to Rear,Clear,Dry,Daylight,No Controls,NONE DETECTED,Yes,No Apparent Injury,Failed to Yield Right-of-Way,Not Distracted,MD,Passenger Car,Turning Right,45,No,2019,HONDA,FIT,39.13819708,-77.1534245,2024,8,18
240041294,Property Damage Crash,08/31/2024 04:43:00 PM,NA,NA,Front to Front,Cloudy,NA,Daylight,NA,NONE DETECTED,No,No Apparent Injury,Other Improper Action,Unknown,MD,Sport Utility Vehicle,Accelerating,0,No,2022,HONDA,HR-V,39.04195511,-77.15803862,2024,8,16
240041286,Property Damage Crash,08/31/2024 03:41:00 PM,NA,NA,Front to Rear,Clear,NA,Daylight,NA,NONE DETECTED,Yes,No Apparent Injury,NA,Not Distracted,MD,Passenger Car,Backing,0,No,2012,FORD,FUSION,39.02511979,-77.04143999,2024,8,15
240041286,Property Damage Crash,08/31/2024 03:41:00 PM,NA,NA,Front to Rear,Clear,NA,Daylight,NA,NONE DETECTED,No,No Apparent Injury,NA,Not Distracted,MD,Passenger Car,Backing,0,No,2023,BMW,330I,39.02511979,-77.04143999,2024,8,15
240041273,Property Damage Crash,08/31/2024 03:00:00 PM,NICHOLSON LA,NA,"Sideswipe, Same Direction",Clear,Dry,Daylight,Traffic Control Signal,NONE DETECTED,Yes,No Apparent Injury,Failed to Keep in Proper Lane,Unknown,MD,Bus - Transit,Turning Left,35,No,0,NA,NA,39.04885474,-77.10192864,2024,8,15
240041271,Property Damage Crash,08/31/2024 03:00:00 PM,NA,NA,Unknown,Clear,NA,Daylight,NA,NONE DETECTED,No,NA,NA,NA,NA,Passenger Car,NA,0,No,2024,HONDA,CR-V,39.04733456,-77.12401202,2024,8,15
240041264,Injury Crash,08/31/2024 03:00:00 PM,W DIAMOND AVE (WB/L),NA,Rear To Side,Cloudy,Dry,Daylight,No Controls,NONE DETECTED,Yes,No Apparent Injury,Failed to Yield Right-of-Way,Unknown,MD,Sport Utility Vehicle,Entering Traffic Lane,35,No,2021,JEEP,RENEGADE,39.14034877,-77.2067489,2024,8,15
240041273,Property Damage Crash,08/31/2024 03:00:00 PM,NICHOLSON LA,NA,"Sideswipe, Same Direction",Clear,Dry,Daylight,Traffic Control Signal,NONE DETECTED,No,No Apparent Injury,NA,Not Distracted,MD,Passenger Car,Turning Left,35,No,2019,TOYOTA,HIGHLANDER,39.04885474,-77.10192864,2024,8,15
240041264,Injury Crash,08/31/2024 03:00:00 PM,W DIAMOND AVE (WB/L),NA,Rear To Side,Cloudy,Dry,Daylight,No Controls,NONE DETECTED,No,Possible Minor Injury,NA,Not Distracted,MD,Sport Utility Vehicle,Moving Constant Speed,35,No,2013,HONDA,PILOT,39.14034877,-77.2067489,2024,8,15
240041255,Injury Crash,08/31/2024 01:21:00 PM,QUINCE ORCHARD RD (SB/L),NA,Front to Rear,Clear,Dry,Daylight,No Controls,NONE DETECTED,No,Possible Minor Injury,NA,Not Distracted,DC,Passenger Car,Slowing or Stopping,35,No,2024,MAZDA,CX-5,39.14863419,-77.21727558,2024,8,13
240041255,Injury Crash,08/31/2024 01:21:00 PM,QUINCE ORCHARD RD (SB/L),NA,Front to Rear,Clear,Dry,Daylight,No Controls,NONE DETECTED,Yes,No Apparent Injury,NA,Not Distracted,MD,Passenger Car,Slowing or Stopping,35,No,2012,TOYOTA,COROLLA,39.14863419,-77.21727558,2024,8,13
240041253,Property Damage Crash,08/31/2024 01:06:00 PM,NA,Cyclist (non-electric),Single Vehicle,Cloudy,Dry,Daylight,No Controls,NONE DETECTED,Yes,No Apparent Injury,NA,Not Distracted,MD,Sport Utility Vehicle,Turning Right,25,No,2015,MAZDA,CX-5,39.09041919,-77.15369751,2024,8,13
240041236,Property Damage Crash,08/31/2024 10:58:00 AM,NA,NA,"Sideswipe, Same Direction",Clear,Dry,Daylight,Traffic Control Signal,NONE DETECTED,Yes,No Apparent Injury,Failed to Keep in Proper Lane,Not Distracted,MD,Van - Passenger (&lt;9 Seats),Turning Left,25,No,2023,MERCEDES-BENZ,SPRINTER,39.06268856,-76.96254987,2024,8,10
240041236,Property Damage Crash,08/31/2024 10:58:00 AM,NA,NA,"Sideswipe, Same Direction",Clear,Dry,Daylight,Traffic Control Signal,NONE DETECTED,No,No Apparent Injury,NA,Not Distracted,MD,Passenger Car,Turning Left,20,No,2014,TOYOTA,CAMRY,39.06268856,-76.96254987,2024,8,10
240041228,Injury Crash,08/31/2024 09:45:00 AM,N HORNERS LA,NA,Angle,Clear,Dry,Daylight,No Controls,NONE DETECTED,No,No Apparent Injury,NA,Not Distracted,MD,Passenger Car,Moving Constant Speed,30,No,2012,TOYOTA,CAMRY,39.08809196,-77.14325899,2024,8,9
240041228,Injury Crash,08/31/2024 09:45:00 AM,N HORNERS LA,NA,Angle,Clear,Dry,Daylight,No Controls,NONE DETECTED,Yes,No Apparent Injury,NA,Unknown,MD,Passenger Car,Entering Traffic Lane,30,No,2024,TOYOTA,CAMRY,39.08809196,-77.14325899,2024,8,9
240041219,Property Damage Crash,08/31/2024 08:41:00 AM,POPLAR AVE,NA,Front to Front,Clear,Dry,Daylight,No Controls,NONE DETECTED,No,No Apparent Injury,Other Improper Action,"Other Action (looking away from task, etc.)",MD,Passenger Car,Moving Constant Speed,35,No,2013,HONDA,CR-V,38.97098829,-77.00054395,2024,8,8
240041214,Property Damage Crash,08/31/2024 08:40:00 AM,FREDERICK RD (SB/L),NA,Front to Rear,Clear,Dry,Daylight,Traffic Control Signal,NONE DETECTED,No,No Apparent Injury,Other Improper Action,"Other Action (looking away from task, etc.)",MD,Passenger Car,Slowing or Stopping,40,No,2018,KIA,RIO,39.12257014,-77.17780738,2024,8,8
240041214,Property Damage Crash,08/31/2024 08:40:00 AM,FREDERICK RD (SB/L),NA,Front to Rear,Clear,Dry,Daylight,Traffic Control Signal,NONE DETECTED,No,No Apparent Injury,NA,Not Distracted,MD,Passenger Car,Stopped in Traffic,40,No,2020,TESLA,MODEL 3,39.12257014,-77.17780738,2024,8,8
240041211,Property Damage Crash,08/31/2024 07:09:00 AM,NA,NA,Rear To Rear,Cloudy,Dry,Medium,Traffic Control Signal,NONE DETECTED,No,No Apparent Injury,NA,Not Distracted,MD,Passenger Car,Moving Constant Speed,35,No,2014,MAZDA,MAZDA3,39.00456644,-77.02344291,2024,8,7
240041211,Property Damage Crash,08/31/2024 07:09:00 AM,NA,NA,Rear To Rear,Cloudy,Dry,Medium,Traffic Control Signal,NONE DETECTED,Yes,No Apparent Injury,NA,Unknown,MD,Passenger Car,Changing Lanes,35,No,2004,TOYOTA,COROLLA MATRIX,39.00456644,-77.02344291,2024,8,7
240041201,Injury Crash,08/31/2024 02:58:00 AM,NA,Pedestrian,Front to Rear,Clear,NA,Medium,NA,NONE DETECTED,No,NA,NA,NA,NA,Unknown,Backing,0,No,2017,TOYOTA,UNKNOWN,39.16694259,-77.17132507,2024,8,2
240041196,Property Damage Crash,08/31/2024 02:15:00 AM,NEW HAMPSHIRE AVE,NA,Rear To Side,Clear,Dry,Dark,No Controls,NONE DETECTED,Yes,No Apparent Injury,"Disregarded Other Road Markings, Failed to Keep in Proper Lane",Unknown,MD,Sport Utility Vehicle,Moving Constant Speed,45,No,2012,HONDA,CR-V,39.09760763,-77.00255211,2024,8,2
240041198,Property Damage Crash,08/31/2024 01:30:00 AM,OLD BALTIMORE RD,NA,Single Vehicle,Clear,Dry,Medium,Flashing Traffic Control Signal,NONE DETECTED,No,No Apparent Injury,NA,Unknown,MD,Sport Utility Vehicle,NA,30,No,2020,HONDA,HR-V,39.14629482,-77.05079088,2024,8,1
240041188,Property Damage Crash,08/31/2024 12:27:00 AM,COLUMBIA PIKE,NA,Single Vehicle,Clear,Wet,Dark,No Controls,DRUG AND ALCOHOL CONTRIBUTED,Yes,No Apparent Injury,NA,Not Distracted,DC,Passenger Car,Moving Constant Speed,50,No,2021,TOYOTA,CAMRY,39.09906327,-76.93574062,2024,8,0
240041182,Injury Crash,08/30/2024 11:55:00 PM,NEW HAMPSHIRE AVE (SB/L),NA,Front to Rear,Clear,Dry,Medium,No Controls,NONE DETECTED,No,Possible Minor Injury,NA,Unknown,MD,Passenger Car,Moving Constant Speed,35,No,2005,HONDA,ACCORD,39.00819331,-76.97999857,2024,8,23
240041182,Injury Crash,08/30/2024 11:55:00 PM,NEW HAMPSHIRE AVE (SB/L),NA,Front to Rear,Clear,Dry,Medium,No Controls,NONE DETECTED,No,No Apparent Injury,NA,Not Distracted,MD,Passenger Car,Moving Constant Speed,35,No,2015,HONDA,ACCORD,39.00819331,-76.97999857,2024,8,23
240041177,Property Damage Crash,08/30/2024 09:59:00 PM,NA,NA,Rear To Side,Clear,NA,Medium,NA,NONE DETECTED,Yes,No Apparent Injury,Improper Backing,Unknown,MD,Passenger Car,Backing,0,No,2023,HONDA,CIVIC,39.16099046,-77.16311925,2024,8,21
240041177,Property Damage Crash,08/30/2024 09:59:00 PM,NA,NA,Rear To Side,Clear,NA,Medium,NA,NONE DETECTED,No,No Apparent Injury,NA,Not Distracted,MD,Sport Utility Vehicle,Slowing or Stopping,0,No,2023,TOYOTA,COROLLA,39.16099046,-77.16311925,2024,8,21
240041163,Property Damage Crash,08/30/2024 08:18:00 PM,NA,Pedestrian,Single Vehicle,Clear,NA,Medium,NA,NONE DETECTED,No,NA,NA,NA,NA,Passenger Car,Turning Left,0,No,0,NA,NA,39.17096881,-77.20523324,2024,8,20
240041161,Injury Crash,08/30/2024 08:00:00 PM,PARK RD (WB/L),Pedestrian,Single Vehicle,Clear,Dry,Dark,Traffic Control Signal,NONE DETECTED,No,No Apparent Injury,"Operated Motor Vehicle in Inattentive, Careless, Negligent, or Erratic Manner",Unknown,MD,Passenger Car,Turning Left,30,No,2011,HYUNDAI,SONATA,39.08552556,-77.14668688,2024,8,20
240041156,Injury Crash,08/30/2024 07:15:00 PM,CENTERHILL ST,NA,Front to Rear,Clear,Dry,Daylight,No Controls,NONE DETECTED,No,Possible Minor Injury,NA,Not Distracted,MD,Passenger Car,Slowing or Stopping,35,No,2016,NISSAN,VERSA,39.05039173,-77.07255322,2024,8,19
240041156,Injury Crash,08/30/2024 07:15:00 PM,CENTERHILL ST,NA,Front to Rear,Clear,Dry,Daylight,No Controls,ALCOHOL PRESENT,No,NA,Followed Too Closely,NA,NA,Passenger Car,Moving Constant Speed,35,No,2012,TOYOTA,UNKNOWN,39.05039173,-77.07255322,2024,8,19
240041151,Property Damage Crash,08/30/2024 07:03:00 PM,BEL PRE RD,NA,Front to Rear,Rain,Wet,Daylight,No Controls,NONE DETECTED,No,No Apparent Injury,NA,Unknown,MD,Passenger Car,Moving Constant Speed,35,No,2011,NISSAN,ROGUE,39.09056038,-77.05901982,2024,8,19
240041151,Property Damage Crash,08/30/2024 07:03:00 PM,BEL PRE RD,NA,Front to Rear,Rain,Wet,Daylight,No Controls,NONE DETECTED,No,No Apparent Injury,NA,Unknown,MD,Passenger Car,Moving Constant Speed,35,No,2009,CHEVROLET,C/K PICKUP,39.09056038,-77.05901982,2024,8,19
240041159,Property Damage Crash,08/30/2024 06:47:00 PM,MIDCOUNTY HWY (SB/L),NA,"Sideswipe, Same Direction",Clear,Dry,Daylight,No Controls,NONE DETECTED,No,No Apparent Injury,NA,Not Distracted,MD,Passenger Car,Moving Constant Speed,50,No,2006,SATURN,#1 ALPINE CUSTOMS,39.1553253,-77.18109811,2024,8,18
240041159,Property Damage Crash,08/30/2024 06:47:00 PM,MIDCOUNTY HWY (SB/L),NA,"Sideswipe, Same Direction",Clear,Dry,Daylight,No Controls,NONE DETECTED,Yes,NA,NA,NA,NA,Passenger Car,Changing Lanes,50,No,2015,TOYOTA,CAMRY,39.1553253,-77.18109811,2024,8,18
240041147,Property Damage Crash,08/30/2024 06:34:00 PM,COLESVILLE RD,NA,"Sideswipe, Same Direction",Clear,Dry,Daylight,No Controls,NONE DETECTED,No,NA,NA,NA,NA,Passenger Car,Moving Constant Speed,30,No,2008,CADILLAC,CTS,38.99808024,-77.0267023,2024,8,18
240041147,Property Damage Crash,08/30/2024 06:34:00 PM,COLESVILLE RD,NA,"Sideswipe, Same Direction",Clear,Dry,Daylight,No Controls,NONE DETECTED,No,No Apparent Injury,NA,Not Distracted,MD,Passenger Car,Moving Constant Speed,30,No,2013,TOYOTA,CAMRY,38.99808024,-77.0267023,2024,8,18
240041143,Property Damage Crash,08/30/2024 06:25:00 PM,BROADBIRCH DR,NA,"Sideswipe, Same Direction",Cloudy,Dry,Daylight,Stop Sign,NONE DETECTED,Yes,No Apparent Injury,NA,"Other Action (looking away from task, etc.)",MD,Passenger Car,Turning Left,5,No,2020,NISSAN,ALTIMA,39.05602833,-76.96490367,2024,8,18
240041143,Property Damage Crash,08/30/2024 06:25:00 PM,BROADBIRCH DR,NA,"Sideswipe, Same Direction",Cloudy,Dry,Daylight,No Controls,NONE DETECTED,No,No Apparent Injury,NA,Not Distracted,GA,Passenger Car,Moving Constant Speed,30,No,2018,KIA,FORTE,39.05602833,-76.96490367,2024,8,18
240041142,Property Damage Crash,08/30/2024 06:00:00 PM,GREAT SENECA HWY,NA,Front to Rear,Cloudy,Dry,Daylight,Traffic Control Signal,ALCOHOL PRESENT,No,No Apparent Injury,NA,Not Distracted,DC,Sport Utility Vehicle,Stopped in Traffic,45,No,2017,JEEP,GRAND CHEROKEE,39.12359282,-77.23133712,2024,8,18
240041142,Property Damage Crash,08/30/2024 06:00:00 PM,GREAT SENECA HWY,NA,Front to Rear,Cloudy,Dry,Daylight,Traffic Control Signal,NONE DETECTED,No,NA,NA,NA,NA,Passenger Car,Slowing or Stopping,45,No,0,NA,NA,39.12359282,-77.23133712,2024,8,18
240041142,Property Damage Crash,08/30/2024 06:00:00 PM,GREAT SENECA HWY,NA,Front to Rear,Cloudy,Dry,Daylight,Traffic Control Signal,NONE DETECTED,No,No Apparent Injury,NA,Not Distracted,MD,Passenger Car,Stopped in Traffic,45,No,2014,HONDA,ACCORD,39.12359282,-77.23133712,2024,8,18
240041135,Injury Crash,08/30/2024 05:25:00 PM,BUREAU DR (SB/L),NA,Front to Rear,Clear,Dry,Daylight,Traffic Control Signal,NONE DETECTED,No,Possible Minor Injury,NA,Not Distracted,PA,Passenger Car,Stopped in Traffic,35,No,2015,LEXUS,ES,39.1415565,-77.2179285,2024,8,17
240041135,Injury Crash,08/30/2024 05:25:00 PM,BUREAU DR (SB/L),NA,Front to Rear,Clear,Dry,Daylight,Traffic Control Signal,NONE DETECTED,No,NA,NA,NA,NA,NA,Moving Constant Speed,35,No,0,NA,NA,39.1415565,-77.2179285,2024,8,17
240041131,Property Damage Crash,08/30/2024 04:38:00 PM,ROCKVILLE PIKE,NA,Front to Rear,Clear,Dry,Daylight,No Controls,NONE DETECTED,No,No Apparent Injury,NA,Not Distracted,NA,Sport Utility Vehicle,Slowing or Stopping,35,No,2015,KIA,SOUL,39.04912329,-77.11399005,2024,8,16
240041131,Property Damage Crash,08/30/2024 04:38:00 PM,ROCKVILLE PIKE,NA,Front to Rear,Clear,Dry,Daylight,No Controls,NONE DETECTED,No,No Apparent Injury,NA,Not Distracted,MD,Sport Utility Vehicle,Slowing or Stopping,35,No,2018,NISSAN,ROGUE,39.04912329,-77.11399005,2024,8,16
240041131,Property Damage Crash,08/30/2024 04:38:00 PM,ROCKVILLE PIKE,NA,Front to Rear,Clear,Dry,Daylight,No Controls,NONE DETECTED,Yes,No Apparent Injury,Other Improper Action,"Other Action (looking away from task, etc.)",CO,Sport Utility Vehicle,Moving Constant Speed,35,No,2015,FORD,EDGE,39.04912329,-77.11399005,2024,8,16
240041125,Property Damage Crash,08/30/2024 04:11:00 PM,LEAMAN FARM RD,NA,Angle,Clear,Dry,Daylight,No Controls,NONE DETECTED,No,No Apparent Injury,NA,Not Distracted,MD,Passenger Car,Moving Constant Speed,35,No,2017,FORD,FUSION,39.15579135,-77.27675486,2024,8,16
240041125,Property Damage Crash,08/30/2024 04:11:00 PM,LEAMAN FARM RD,NA,Angle,Clear,Dry,Daylight,Stop Sign,NONE DETECTED,No,No Apparent Injury,NA,Not Distracted,MD,Bus - School,Stopped in Traffic,25,No,2015,THOMAS BUILT,SCHOOL BUS,39.15579135,-77.27675486,2024,8,16
240041125,Property Damage Crash,08/30/2024 04:11:00 PM,LEAMAN FARM RD,NA,Angle,Clear,Dry,Daylight,No Controls,NONE DETECTED,Yes,No Apparent Injury,"Failed to Yield Right-of-Way, Improper Turn, Operated Motor Vehicle in Inattentive, Careless, Negligent, or Erratic Manner",Unknown,MD,Passenger Car,Turning Left,35,No,2010,TOYOTA,COROLLA,39.15579135,-77.27675486,2024,8,16
240041121,Injury Crash,08/30/2024 04:04:00 PM,COLESVILLE RD,Scooter (electric),Single Vehicle,Cloudy,Dry,Daylight,Stop Sign,NONE DETECTED,Yes,No Apparent Injury,"Operated Motor Vehicle in Inattentive, Careless, Negligent, or Erratic Manner",Not Distracted,MD,Passenger Car,Entering Traffic Lane,15,No,2010,HONDA,INSIGHT,39.02793225,-77.00900529,2024,8,16
240041114,Injury Crash,08/30/2024 04:04:00 PM,NICHOLSON LA,NA,Rear To Side,Cloudy,Dry,Daylight,"Other Pavement Marking (excluding edgelines, centerlines, or lane lines)",NONE DETECTED,No,No Apparent Injury,NA,Not Distracted,MD,Passenger Car,Moving Constant Speed,35,No,2018,HONDA,CR125,39.04662,-77.10321667,2024,8,16
240041114,Injury Crash,08/30/2024 04:04:00 PM,NICHOLSON LA,NA,Rear To Side,Cloudy,Dry,Daylight,"Other Pavement Marking (excluding edgelines, centerlines, or lane lines)",NONE DETECTED,No,Possible Minor Injury,Failed to Yield Right-of-Way,"Other Action (looking away from task, etc.)",MD,Passenger Car,Entering Traffic Lane,35,No,2023,VOLKSWAGEN,JETTA,39.04662,-77.10321667,2024,8,16
240041112,Injury Crash,08/30/2024 03:35:00 PM,NA,Pedestrian,Single Vehicle,Cloudy,NA,Daylight,NA,NONE DETECTED,Yes,No Apparent Injury,Failed to Yield Right-of-Way,Not Distracted,MD,Sport Utility Vehicle,Moving Constant Speed,0,No,2021,TOYOTA,RAV4,39.0788641,-77.07960701,2024,8,15
240041105,Injury Crash,08/30/2024 02:45:00 PM,RIVER RD,NA,Front to Rear,Cloudy,Dry,Daylight,No Controls,NONE DETECTED,No,No Apparent Injury,Followed Too Closely,Unknown,MD,Other Trucks,Slowing or Stopping,35,No,2016,FREIGHTLINER,114SD,38.98173333,-77.13585167,2024,8,14
240041105,Injury Crash,08/30/2024 02:45:00 PM,RIVER RD,NA,Front to Rear,Cloudy,Dry,Daylight,No Controls,NONE DETECTED,No,No Apparent Injury,NA,Not Distracted,MD,Sport Utility Vehicle,Slowing or Stopping,35,No,2015,SUBARU,FORESTER,38.98173333,-77.13585167,2024,8,14
240041105,Injury Crash,08/30/2024 02:45:00 PM,RIVER RD,NA,Front to Rear,Cloudy,Dry,Daylight,No Controls,NONE DETECTED,No,Possible Minor Injury,NA,Not Distracted,OH,Passenger Car,Slowing or Stopping,35,No,2024,VOLKSWAGEN,JETTA,38.98173333,-77.13585167,2024,8,14
240041098,Property Damage Crash,08/30/2024 02:15:00 PM,FIRST ST,NA,"Sideswipe, Same Direction",Cloudy,Dry,Daylight,No Controls,NONE DETECTED,No,No Apparent Injury,NA,Not Distracted,MD,Pickup,Moving Constant Speed,20,No,2017,FORD,F-350,39.09399248,-77.13438852,2024,8,14
240041098,Property Damage Crash,08/30/2024 02:15:00 PM,FIRST ST,NA,"Sideswipe, Same Direction",Cloudy,Dry,Daylight,No Controls,NONE DETECTED,Yes,No Apparent Injury,NA,Not Distracted,MD,Passenger Car,Entering Traffic Lane,25,No,2018,VOLVO,XC90,39.09399248,-77.13438852,2024,8,14
240041093,Injury Crash,08/30/2024 01:42:00 PM,NA,Pedestrian,Single Vehicle,Cloudy,NA,Daylight,NA,NONE DETECTED,No,Possible Minor Injury,NA,Not Distracted,MD,Van - Passenger (&lt;9 Seats),Backing,0,No,2009,DODGE,CARAVAN,39.08077603,-77.14607822,2024,8,13
240041080,Injury Crash,08/30/2024 12:10:00 PM,NEW HAMPSHIRE AVE,NA,Front to Rear,Rain,Wet,Daylight,Traffic Control Signal,NONE DETECTED,No,Possible Minor Injury,NA,Not Distracted,MD,Other,Stopped in Traffic,35,No,2022,ISUZU,UNKNOWN,39.01982087,-76.97653235,2024,8,12
240041080,Injury Crash,08/30/2024 12:10:00 PM,NEW HAMPSHIRE AVE,NA,Front to Rear,Rain,Wet,Daylight,Traffic Control Signal,NONE DETECTED,Yes,Possible Minor Injury,"Followed Too Closely, Operated Motor Vehicle in Inattentive, Careless, Negligent, or Erratic Manner",Not Distracted,MD,Passenger Car,Slowing or Stopping,35,No,2016,HYUNDAI,AZERA,39.01982087,-76.97653235,2024,8,12
240041099,Property Damage Crash,08/30/2024 11:30:00 AM,NA,NA,Front to Rear,Cloudy,NA,Daylight,NA,NONE DETECTED,No,No Apparent Injury,NA,Unknown,MD,Passenger Car,Turning Left,0,No,2015,TOYOTA,CAMRY,39.05304383,-76.95634832,2024,8,11
240041056,Property Damage Crash,08/30/2024 10:11:00 AM,NA,NA,Other,Rain,NA,Daylight,NA,NONE DETECTED,No,No Apparent Injury,NA,Not Distracted,MD,Single-Unit Truck,Backing,0,No,2009,FREIGHTLINER,UNKNOWN,39.02529044,-77.12399803,2024,8,10
240041047,Property Damage Crash,08/30/2024 09:45:00 AM,CONNECTICUT AVE (SB/L),NA,"Sideswipe, Same Direction",Rain,Wet,Daylight,No Controls,NONE DETECTED,Yes,No Apparent Injury,NA,Not Distracted,MD,Bus - Transit,Changing Lanes,35,No,2013,NEW FLYER,TRANSIT BUS,39.08684986,-77.07388994,2024,8,9
240041047,Property Damage Crash,08/30/2024 09:45:00 AM,CONNECTICUT AVE (SB/L),NA,"Sideswipe, Same Direction",Rain,Wet,Daylight,No Controls,NONE DETECTED,No,No Apparent Injury,NA,Not Distracted,MD,Passenger Car,Moving Constant Speed,35,No,2013,HONDA,ACCORD,39.08684986,-77.07388994,2024,8,9
240041048,Property Damage Crash,08/30/2024 09:30:00 AM,NA,NA,"Sideswipe, Opposite Direction",Cloudy,Wet,Daylight,No Controls,NONE DETECTED,No,No Apparent Injury,Over-Correcting/Over-Steering,Not Distracted,MD,Bus - School,Turning Left,15,No,2020,THOMAS BUILT,SCHOOL BUS,39.14858172,-77.06800511,2024,8,9
240041048,Property Damage Crash,08/30/2024 09:30:00 AM,NA,NA,"Sideswipe, Opposite Direction",Cloudy,Wet,Daylight,No Controls,NONE DETECTED,No,No Apparent Injury,NA,Not Distracted,MD,Van - Passenger (&lt;9 Seats),Slowing or Stopping,15,No,2024,TOYOTA,SIENNA,39.14858172,-77.06800511,2024,8,9
240041031,Injury Crash,08/30/2024 08:00:00 AM,ATLANTIC AVE,NA,Front to Rear,Cloudy,Dry,Daylight,No Controls,NONE DETECTED,Yes,Possible Minor Injury,NA,"Other Action (looking away from task, etc.)",MD,Sport Utility Vehicle,Moving Constant Speed,25,No,2017,TOYOTA,RAV4,39.0708754,-77.11620339,2024,8,8
240041028,Injury Crash,08/30/2024 07:45:00 AM,BREGMAN RD,NA,Rear To Side,Cloudy,Wet,Daylight,Stop Sign,NONE DETECTED,Yes,Possible Minor Injury,Failed to Yield Right-of-Way,Not Distracted,MD,Passenger Car,Entering Traffic Lane,25,No,2020,TOYOTA,RAV4,39.0747195,-77.00498567,2024,8,7
240041028,Injury Crash,08/30/2024 07:45:00 AM,BREGMAN RD,NA,Rear To Side,Cloudy,Wet,Daylight,No Controls,NONE DETECTED,No,No Apparent Injury,NA,Not Distracted,MD,Other Trucks,Moving Constant Speed,40,No,2017,FORD,E-350,39.0747195,-77.00498567,2024,8,7
240041024,Injury Crash,08/30/2024 07:23:00 AM,NA,NA,Front to Rear,Cloudy,Wet,Daylight,Traffic Control Signal,NONE DETECTED,Yes,No Apparent Injury,NA,Unknown,MD,Passenger Car,Accelerating,35,No,2012,HONDA,CR-V,39.14095977,-77.15217473,2024,8,7