Local Case Number,ACRS Report Type,Crash Date/Time,Road Name,Related Non-Motorist,Collision Type,Weather,Surface Condition,Light,Traffic Control,Driver Substance Abuse,Driver At Fault,Injury Severity,Circumstance,Driver Distracted By,Drivers License State,Vehicle Body Type,Vehicle Movement,Speed Limit,Driverless Vehicle,Vehicle Year,Vehicle Make,Vehicle Model,Latitude,Longitude,Year,Month,Hour
240040543,Property Damage Crash,08/27/2024 02:00:00 PM,WOODFIELD RD,NA,"Sideswipe, Opposite Direction",Clear,Dry,Daylight,Traffic Control Signal,NONE DETECTED,Yes,No Apparent Injury,NA,Unknown,MD,Passenger Car,Moving Constant Speed,35,No,2021,LEXUS,UNKNOWN,39.15905212,-77.16028333,2024,8,14
240040546,Injury Crash,08/27/2024 01:55:00 PM,WATKINS POND BLVD,NA,Angle,Clear,Dry,Daylight,Traffic Control Signal,NONE DETECTED,No,Possible Minor Injury,NA,Unknown,MD,Sport Utility Vehicle,Turning Right,45,No,2022,CADILLAC,ESCALADE,39.1123244,-77.16186298,2024,8,13
240040546,Injury Crash,08/27/2024 01:55:00 PM,WATKINS POND BLVD,NA,Angle,Clear,Dry,Daylight,Traffic Control Signal,NONE DETECTED,No,Possible Minor Injury,NA,Unknown,MD,Passenger Car,Moving Constant Speed,45,No,2009,HONDA,ACCORD,39.1123244,-77.16186298,2024,8,13
240040539,Property Damage Crash,08/27/2024 01:20:00 PM,LYNN MANOR DR,NA,"Sideswipe, Same Direction",Clear,Dry,Daylight,No Controls,NONE DETECTED,Yes,No Apparent Injury,NA,Not Distracted,MD,Van - Passenger (&lt;9 Seats),Moving Constant Speed,30,No,2012,NISSAN,QUEST,39.07860275,-77.15122223,2024,8,13
240040539,Property Damage Crash,08/27/2024 01:20:00 PM,LYNN MANOR DR,NA,"Sideswipe, Same Direction",Clear,Dry,Daylight,No Controls,NONE DETECTED,No,No Apparent Injury,NA,Not Distracted,MD,Station Wagon,Stopped in Traffic,30,No,2004,TOYOTA,SCION XB,39.07860275,-77.15122223,2024,8,13
240040533,Property Damage Crash,08/27/2024 12:54:00 PM,RIVER RD,NA,Single Vehicle,Clear,Dry,Daylight,No Controls,NONE DETECTED,No,No Apparent Injury,NA,Unknown,MD,Passenger Car,NA,35,No,2008,MINI,COOPER,39.02907578,-77.22187337,2024,8,12
240040696,Injury Crash,08/27/2024 12:00:00 PM,GROSVENOR PL,Cyclist (non-electric),Single Vehicle,Clear,Dry,Daylight,No Controls,NONE DETECTED,No,No Apparent Injury,NA,"Other Action (looking away from task, etc.)",MD,Passenger Car,Turning Right,25,No,2020,HYUNDAI,ELANTRA,39.02763539,-77.1071842,2024,8,12
240040503,Property Damage Crash,08/27/2024 10:34:00 AM,LYNN MANOR DR,NA,Angle,Clear,Dry,Daylight,No Controls,NONE DETECTED,Yes,No Apparent Injury,NA,Not Distracted,MD,Passenger Car,Turning Left,25,No,2003,HONDA,ACCORD,39.07860275,-77.15122223,2024,8,10
240040503,Property Damage Crash,08/27/2024 10:34:00 AM,LYNN MANOR DR,NA,Angle,Clear,Dry,Daylight,No Controls,NONE DETECTED,No,No Apparent Injury,NA,Not Distracted,MD,Passenger Car,Moving Constant Speed,25,No,2007,ACURA,TL,39.07860275,-77.15122223,2024,8,10
240040511,Property Damage Crash,08/27/2024 10:25:00 AM,NA,NA,Front to Rear,Clear,NA,Daylight,NA,NONE DETECTED,No,No Apparent Injury,NA,Not Distracted,MD,Sport Utility Vehicle,Parked,0,No,2024,TOYOTA,RAV4,38.99092935,-77.02548796,2024,8,10
240040498,Property Damage Crash,08/27/2024 10:15:00 AM,BRIGGS CHANEY RD,NA,Other,Clear,Dry,Daylight,Traffic Control Signal,NONE DETECTED,Yes,No Apparent Injury,NA,Not Distracted,VI,Passenger Car,Turning Left,40,No,2009,TOYOTA,CAMRY,39.084205,-76.95104717,2024,8,10
240040498,Property Damage Crash,08/27/2024 10:15:00 AM,BRIGGS CHANEY RD,NA,Other,Clear,Dry,Daylight,Traffic Control Signal,NONE DETECTED,No,No Apparent Injury,NA,Not Distracted,MD,Passenger Car,Moving Constant Speed,40,No,2023,HONDA,ACCORD,39.084205,-76.95104717,2024,8,10
240040501,Property Damage Crash,08/27/2024 10:08:00 AM,UNIVERSITY BLVD W (WB/L),NA,Front to Rear,Clear,Dry,Daylight,No Controls,NONE DETECTED,Yes,No Apparent Injury,NA,Not Distracted,MD,Passenger Car,Moving Constant Speed,35,No,2006,CHEVROLET,EQUINOX,39.04136848,-77.05245342,2024,8,10
240040501,Property Damage Crash,08/27/2024 10:08:00 AM,UNIVERSITY BLVD W (WB/L),NA,Front to Rear,Clear,Dry,Daylight,No Controls,NONE DETECTED,No,No Apparent Injury,NA,Not Distracted,MD,Passenger Car,Moving Constant Speed,35,No,2016,KIA,SOUL,39.04136848,-77.05245342,2024,8,10
240040495,Property Damage Crash,08/27/2024 09:56:00 AM,GREAT SENECA HWY (SB/L),NA,Front to Rear,Clear,Dry,Daylight,Traffic Control Signal,NONE DETECTED,Yes,No Apparent Injury,"Followed Too Closely, Operated Motor Vehicle in Inattentive, Careless, Negligent, or Erratic Manner, Other Improper Action",Unknown,MD,Passenger Car,Moving Constant Speed,35,No,2016,HONDA,CIVIC,39.17117989,-77.26288012,2024,8,9
240040495,Property Damage Crash,08/27/2024 09:56:00 AM,GREAT SENECA HWY (SB/L),NA,Front to Rear,Clear,Dry,Daylight,Traffic Control Signal,NONE DETECTED,No,No Apparent Injury,NA,Not Distracted,MD,Bus - Transit,Stopped in Traffic,35,No,2021,GILLIG,CITY TRANSIT BUS,39.17117989,-77.26288012,2024,8,9
240040492,Property Damage Crash,08/27/2024 09:54:00 AM,VEIRS MILL RD (WB/L),NA,"Sideswipe, Same Direction",Clear,Dry,Daylight,Traffic Control Signal,NONE DETECTED,No,No Apparent Injury,NA,Not Distracted,MD,Passenger Car,Moving Constant Speed,35,No,2010,LEXUS,RX,39.05317753,-77.07696506,2024,8,9
240040492,Property Damage Crash,08/27/2024 09:54:00 AM,VEIRS MILL RD (WB/L),NA,"Sideswipe, Same Direction",Clear,Dry,Daylight,No Controls,NONE DETECTED,No,No Apparent Injury,NA,Not Distracted,MD,Bus - Transit,Accelerating,35,No,2013,NEW FLYER,XCELSIOR,39.05317753,-77.07696506,2024,8,9
240040490,Property Damage Crash,08/27/2024 09:20:00 AM,INSPIRATION LA,NA,Other,Clear,Dry,Daylight,No Controls,NONE DETECTED,Yes,No Apparent Injury,NA,Not Distracted,MD,Truck Tractor,Turning Left,25,No,2018,FREIGHTLINER,M2,39.12092145,-77.23710328,2024,8,9
240041087,Property Damage Crash,08/27/2024 08:58:00 AM,GEORGIA AVE (SB/L),NA,"Sideswipe, Same Direction",Clear,Dry,Daylight,No Controls,NONE DETECTED,Yes,No Apparent Injury,Failed to Yield Right-of-Way,Unknown,MD,Other Trucks,Changing Lanes,35,No,2020,FORD,F-450,39.01116963,-77.04114792,2024,8,8
240041087,Property Damage Crash,08/27/2024 08:58:00 AM,GEORGIA AVE (SB/L),NA,"Sideswipe, Same Direction",Clear,Dry,Daylight,No Controls,NONE DETECTED,No,No Apparent Injury,NA,Not Distracted,DC,Passenger Car,Moving Constant Speed,35,No,2016,MINI,COOPER,39.01116963,-77.04114792,2024,8,8
240040480,Injury Crash,08/27/2024 08:51:00 AM,PREDELLA DR,NA,Other,Clear,Dry,Daylight,No Controls,NONE DETECTED,No,Possible Minor Injury,NA,Not Distracted,MD,Sport Utility Vehicle,Turning Left,30,No,2019,LINCOLN,MKC,39.02854671,-77.04731439,2024,8,8
240040480,Injury Crash,08/27/2024 08:51:00 AM,PREDELLA DR,NA,Other,Clear,Dry,Daylight,No Controls,NONE DETECTED,No,Possible Minor Injury,NA,Not Distracted,NA,Passenger Car,Moving Constant Speed,30,No,2015,HONDA,CIVIC,39.02854671,-77.04731439,2024,8,8
240040488,Property Damage Crash,08/27/2024 08:43:00 AM,NORBECK RD (WB/L),NA,Front to Rear,Clear,Dry,Daylight,No Controls,NONE DETECTED,No,No Apparent Injury,NA,Not Distracted,MD,Passenger Car,Stopped in Traffic,35,No,2016,MERCEDES-BENZ,E-CLASS,39.10010933,-77.09765417,2024,8,8
240040488,Property Damage Crash,08/27/2024 08:43:00 AM,NORBECK RD (WB/L),NA,Front to Rear,Clear,Dry,Daylight,No Controls,NONE DETECTED,Yes,No Apparent Injury,NA,Not Distracted,MD,Passenger Car,Slowing or Stopping,35,No,2004,TOYOTA,PRIUS,39.10010933,-77.09765417,2024,8,8
240040488,Property Damage Crash,08/27/2024 08:43:00 AM,NORBECK RD (WB/L),NA,Front to Rear,Clear,Dry,Daylight,No Controls,NONE DETECTED,No,No Apparent Injury,NA,Not Distracted,MD,Passenger Car,Stopped in Traffic,35,No,2018,HONDA,CLARITY,39.10010933,-77.09765417,2024,8,8
240040488,Property Damage Crash,08/27/2024 08:43:00 AM,NORBECK RD (WB/L),NA,Front to Rear,Clear,Dry,Daylight,No Controls,NONE DETECTED,No,No Apparent Injury,NA,Not Distracted,MD,Sport Utility Vehicle,Stopped in Traffic,35,No,2020,NISSAN,KICKS,39.10010933,-77.09765417,2024,8,8
240040477,Property Damage Crash,08/27/2024 08:33:00 AM,GRACE CHURCH RD,NA,Rear To Side,Clear,Dry,Daylight,No Controls,NONE DETECTED,No,No Apparent Injury,NA,Not Distracted,MD,Passenger Car,Moving Constant Speed,20,No,2007,LEXUS,ES,39.00404024,-77.04098788,2024,8,8
240040477,Property Damage Crash,08/27/2024 08:33:00 AM,GRACE CHURCH RD,NA,Rear To Side,Clear,Dry,Daylight,Other Warning Sign,NONE DETECTED,No,No Apparent Injury,Ran Stop Sign,Not Distracted,MD,Sport Utility Vehicle,Moving Constant Speed,20,No,2015,TOYOTA,VENZA,39.00404024,-77.04098788,2024,8,8
240040476,Property Damage Crash,08/27/2024 08:22:00 AM,VEIRS MILL RD,NA,Angle,Clear,Dry,Daylight,Traffic Control Signal,NONE DETECTED,Yes,No Apparent Injury,NA,Not Distracted,MD,Passenger Car,Turning Left,35,No,2017,HONDA,CIVIC,39.07839037,-77.1303922,2024,8,8
240040476,Property Damage Crash,08/27/2024 08:22:00 AM,VEIRS MILL RD,NA,Angle,Clear,Dry,Daylight,Traffic Control Signal,NONE DETECTED,No,No Apparent Injury,NA,Not Distracted,MD,Sport Utility Vehicle,Moving Constant Speed,35,No,2022,FORD,BRONCO SPORT,39.07839037,-77.1303922,2024,8,8
240040465,Property Damage Crash,08/27/2024 06:55:00 AM,BOURNEFIELD WAY,Cyclist (Electric),Single Vehicle,Clear,Dry,Daylight,Stop Sign,NONE DETECTED,No,No Apparent Injury,Failed to Yield Right-of-Way,Unknown,MD,Bus - School,Turning Right,30,No,2020,THOMAS BUILT,SCHOOL BUS,39.05556281,-76.96164673,2024,8,6
24004063,Property Damage Crash,08/27/2024 05:43:00 AM,NA,NA,Single Vehicle,Clear,NA,Medium,NA,NONE DETECTED,Yes,No Apparent Injury,Other Improper Action,Unknown,MD,Passenger Car,Accelerating,0,No,2011,NISSAN,VERSA,39.07605992,-76.93400967,2024,8,5
240040435,Injury Crash,08/26/2024 08:51:00 PM,NA,NA,Front to Rear,Clear,Dry,Medium,Traffic Control Signal,NONE DETECTED,Yes,No Apparent Injury,Followed Too Closely,Not Distracted,MD,Passenger Car,Moving Constant Speed,35,No,2007,NISSAN,VERSA,39.15623648,-77.16558123,2024,8,20
240040435,Injury Crash,08/26/2024 08:51:00 PM,NA,NA,Front to Rear,Clear,Dry,Medium,Traffic Control Signal,NONE DETECTED,No,Possible Minor Injury,NA,Not Distracted,MD,Passenger Car,Stopped in Traffic,35,No,2023,ACURA,MDX,39.15623648,-77.16558123,2024,8,20
240040424,Property Damage Crash,08/26/2024 07:15:00 PM,ASPEN HILL RD,NA,"Sideswipe, Opposite Direction",Clear,Dry,Daylight,Traffic Control Signal,NONE DETECTED,Yes,No Apparent Injury,Failed to Keep in Proper Lane,Not Distracted,MD,Passenger Car,Turning Left,30,No,2023,NISSAN,ALTIMA,39.06914614,-77.10462903,2024,8,19
240040424,Property Damage Crash,08/26/2024 07:15:00 PM,ASPEN HILL RD,NA,"Sideswipe, Opposite Direction",Clear,Dry,Daylight,Traffic Control Signal,NONE DETECTED,No,No Apparent Injury,NA,Not Distracted,MD,Passenger Car,Stopped in Traffic,30,No,2020,HYUNDAI,ELANTRA,39.06914614,-77.10462903,2024,8,19
240040441,Property Damage Crash,08/26/2024 06:25:00 PM,LORAIN AVE,NA,"Sideswipe, Opposite Direction",Clear,Dry,Daylight,No Controls,NONE DETECTED,No,No Apparent Injury,NA,Not Distracted,PA,Other Trucks,Slowing or Stopping,25,No,2021,PIERCE MANUFACTURING,UNKNOWN,39.01957551,-77.01726522,2024,8,18
240040407,Injury Crash,08/26/2024 05:48:00 PM,OLNEY SANDY SPRING RD,NA,"Sideswipe, Opposite Direction",Clear,Dry,Daylight,No Controls,NONE DETECTED,No,No Apparent Injury,NA,"Other Action (looking away from task, etc.)",MD,Passenger Car,Moving Constant Speed,30,No,2016,DODGE,JOURNEY,39.1490984,-77.01896596,2024,8,17
240040407,Injury Crash,08/26/2024 05:48:00 PM,OLNEY SANDY SPRING RD,NA,"Sideswipe, Opposite Direction",Clear,Dry,Daylight,No Controls,NONE DETECTED,No,Possible Minor Injury,NA,Not Distracted,MD,Passenger Car,Moving Constant Speed,30,No,2019,VOLKSWAGEN,ATLAS,39.1490984,-77.01896596,2024,8,17
240040410,Property Damage Crash,08/26/2024 05:22:00 PM,COLESVILLE RD,NA,Front to Rear,Clear,Dry,Daylight,No Controls,NONE DETECTED,Yes,No Apparent Injury,Followed Too Closely,Not Distracted,MD,Passenger Car,Slowing or Stopping,35,No,2014,DODGE,CHARGER,39.0193544,-77.01341849,2024,8,17
240040410,Property Damage Crash,08/26/2024 05:22:00 PM,COLESVILLE RD,NA,Front to Rear,Clear,Dry,Daylight,No Controls,NONE DETECTED,No,No Apparent Injury,NA,Not Distracted,MD,Passenger Car,Slowing or Stopping,35,No,2013,TOYOTA,CAMRY,39.0193544,-77.01341849,2024,8,17
240040406,Property Damage Crash,08/26/2024 05:10:00 PM,NA,NA,"Sideswipe, Same Direction",Clear,NA,Daylight,NA,NONE DETECTED,No,No Apparent Injury,Improper Passing,Not Distracted,MD,Sport Utility Vehicle,Moving Constant Speed,0,No,2014,MERCEDES-BENZ,ML-CLASS,39.08405067,-77.1465385,2024,8,17
240040406,Property Damage Crash,08/26/2024 05:10:00 PM,NA,NA,"Sideswipe, Same Direction",Clear,NA,Daylight,NA,NONE DETECTED,No,No Apparent Injury,Improper Passing,Not Distracted,MD,Bus - Transit,Turning Right,0,No,2017,GILLIG,CITY TRANSIT BUS,39.08405067,-77.1465385,2024,8,17
240040443,Injury Crash,08/26/2024 05:00:00 PM,CORDELL AVE,Pedestrian,Single Vehicle,Clear,Dry,Daylight,Traffic Control Signal,NONE DETECTED,Yes,No Apparent Injury,NA,"Other Action (looking away from task, etc.)",NY,Passenger Car,Turning Left,25,No,2014,VOLKSWAGEN,JETTA,38.99083185,-77.09561066,2024,8,17
240040394,Property Damage Crash,08/26/2024 04:28:00 PM,NA,NA,"Sideswipe, Same Direction",Cloudy,NA,Daylight,NA,NONE DETECTED,Yes,No Apparent Injury,NA,Not Distracted,MD,Sport Utility Vehicle,Overtaking/Passing,0,No,2019,BUICK,ENCLAVE,39.253135,-77.19771333,2024,8,16
240040391,Property Damage Crash,08/26/2024 03:38:00 PM,CLARKSBURG SQUARE RD,NA,"Sideswipe, Same Direction",Clear,Dry,Daylight,No Controls,NONE DETECTED,Yes,No Apparent Injury,NA,Not Distracted,MD,Bus - School,Slowing or Stopping,25,No,2021,THOMAS BUILT,SCHOOL BUS,39.2437171,-77.27422422,2024,8,15
240039202,Property Damage Crash,08/26/2024 03:30:00 PM,OBSERVATION DR (SB/L),NA,Single Vehicle,Clear,Dry,Daylight,No Controls,NONE DETECTED,Yes,No Apparent Injury,NA,Not Distracted,MD,Passenger Car,Moving Constant Speed,30,No,2018,GMC,MAGNA VAN,39.20361641,-77.25606836,2024,8,15
240040379,Property Damage Crash,08/26/2024 03:20:00 PM,NORBECK RD,NA,Front to Rear,Clear,Dry,Daylight,No Controls,NONE DETECTED,No,No Apparent Injury,NA,Not Distracted,MD,Passenger Car,Slowing or Stopping,50,No,2018,MAZDA,CX-3,39.09394387,-77.11808947,2024,8,15
240040379,Property Damage Crash,08/26/2024 03:20:00 PM,NORBECK RD,NA,Front to Rear,Clear,Dry,Daylight,No Controls,NONE DETECTED,Yes,No Apparent Injury,NA,Unknown,MD,Passenger Car,Moving Constant Speed,50,No,2007,VOLKSWAGEN,UNKNOWN,39.09394387,-77.11808947,2024,8,15
240040379,Property Damage Crash,08/26/2024 03:20:00 PM,NORBECK RD,NA,Front to Rear,Clear,Dry,Daylight,No Controls,NONE DETECTED,No,No Apparent Injury,NA,Not Distracted,MD,Passenger Car,Slowing or Stopping,50,No,2022,HYUNDAI,IONIQ,39.09394387,-77.11808947,2024,8,15
240040384,Property Damage Crash,08/26/2024 03:11:00 PM,RIGGS RD,NA,Single Vehicle,Clear,Dry,Daylight,No Controls,NONE DETECTED,Yes,No Apparent Injury,Failed to Keep in Proper Lane,"Other Action (looking away from task, etc.)",MD,Van - Passenger (&lt;9 Seats),Leaving Traffic Lane,30,No,2019,DODGE,CARAVAN/GRAND CARAVAN,39.20674867,-77.10915333,2024,8,15
240040371,Property Damage Crash,08/26/2024 02:12:00 PM,NEW HAMPSHIRE AVE,NA,"Sideswipe, Same Direction",Clear,Dry,Daylight,No Controls,NONE DETECTED,No,No Apparent Injury,NA,Not Distracted,MD,Pickup,Moving Constant Speed,35,No,2022,FORD,F-150,38.9866189,-76.98787345,2024,8,14
240040371,Property Damage Crash,08/26/2024 02:12:00 PM,NEW HAMPSHIRE AVE,NA,"Sideswipe, Same Direction",Clear,Dry,Daylight,No Controls,NONE DETECTED,No,No Apparent Injury,NA,NA,NA,Passenger Car,Changing Lanes,35,No,2006,NISSAN,UNKNOWN,38.9866189,-76.98787345,2024,8,14
24001787,Property Damage Crash,08/26/2024 02:05:00 PM,NA,NA,"Sideswipe, Same Direction",Clear,Dry,Daylight,Traffic Control Signal,NONE DETECTED,No,NA,NA,NA,NA,Pickup,Making U-Turn,40,No,0,NA,NA,38.99262183,-77.16169592,2024,8,14
24001787,Property Damage Crash,08/26/2024 02:05:00 PM,NA,NA,"Sideswipe, Same Direction",Clear,Dry,Daylight,Traffic Control Signal,NONE DETECTED,No,No Apparent Injury,NA,Not Distracted,MD,Pickup,Accelerating,40,No,2016,FORD,F-550,38.99262183,-77.16169592,2024,8,14
240040365,Injury Crash,08/26/2024 02:01:00 PM,NA,NA,"Sideswipe, Opposite Direction",Clear,Dry,Daylight,No Controls,NONE DETECTED,No,No Apparent Injury,NA,Not Distracted,MD,Passenger Car,Stopped in Traffic,30,No,2018,SUBARU,CROSSTREK,39.02752533,-77.0798165,2024,8,14
240040365,Injury Crash,08/26/2024 02:01:00 PM,NA,NA,"Sideswipe, Opposite Direction",Clear,Dry,Daylight,No Controls,NONE DETECTED,No,Suspected Serious Injury,NA,Not Distracted,MD,Pickup,Stopped in Traffic,30,No,2023,FORD,MAVERICK,39.02752533,-77.0798165,2024,8,14
240040365,Injury Crash,08/26/2024 02:01:00 PM,NA,NA,"Sideswipe, Opposite Direction",Clear,Dry,Daylight,No Controls,NONE DETECTED,Yes,No Apparent Injury,NA,"Other Action (looking away from task, etc.)",MD,Passenger Car,Moving Constant Speed,30,No,2019,CHEVROLET,CRUZE,39.02752533,-77.0798165,2024,8,14
240040363,Property Damage Crash,08/26/2024 01:44:00 PM,ROCKVILLE PIKE,NA,Angle,Rain,Wet,Daylight,Traffic Control Signal,NONE DETECTED,No,No Apparent Injury,NA,Not Distracted,MD,Passenger Car,Moving Constant Speed,30,No,2008,DODGE,CHARGER,39.08153791,-77.14573691,2024,8,13
240040363,Property Damage Crash,08/26/2024 01:44:00 PM,ROCKVILLE PIKE,NA,Angle,Rain,Wet,Daylight,Traffic Control Signal,NONE DETECTED,No,No Apparent Injury,NA,Not Distracted,MD,Sport Utility Vehicle,Moving Constant Speed,30,No,2024,JEEP,GRAND CHEROKEE,39.08153791,-77.14573691,2024,8,13
240040363,Property Damage Crash,08/26/2024 01:44:00 PM,ROCKVILLE PIKE,NA,Angle,Rain,Wet,Daylight,Traffic Control Signal,NONE DETECTED,Yes,No Apparent Injury,NA,Not Distracted,MD,Passenger Car,Making U-Turn,30,No,2011,HONDA,FIT,39.08153791,-77.14573691,2024,8,13
240040344,Property Damage Crash,08/26/2024 12:55:00 PM,NA,NA,Single Vehicle,Clear,NA,Daylight,NA,NONE DETECTED,Yes,No Apparent Injury,Other Improper Action,Unknown,FL,Passenger Car,Turning Right,0,No,2015,TESLA,MODEL S,39.01767929,-77.21060411,2024,8,12
240040333,Property Damage Crash,08/26/2024 12:20:00 PM,RIDGE RD,NA,Single Vehicle,Clear,Dry,Daylight,No Controls,NONE DETECTED,No,No Apparent Injury,Followed Too Closely,Not Distracted,MD,Passenger Car,Moving Constant Speed,45,No,2017,KIA,SOUL,39.2713255,-77.216407,2024,8,12
240040337,Property Damage Crash,08/26/2024 12:15:00 PM,EAST WEST HWY,NA,Angle,Cloudy,Dry,Daylight,Traffic Control Signal,NONE DETECTED,No,No Apparent Injury,NA,Not Distracted,MD,Sport Utility Vehicle,Slowing or Stopping,35,No,2018,FORD,EDGE,38.98793479,-77.07706185,2024,8,12
240040337,Property Damage Crash,08/26/2024 12:15:00 PM,EAST WEST HWY,NA,Angle,Cloudy,Dry,Daylight,Traffic Control Signal,NONE DETECTED,Yes,No Apparent Injury,Failed to Yield Right-of-Way,Not Distracted,MD,Passenger Car,Turning Left,35,No,2000,FORD,TAURUS,38.98793479,-77.07706185,2024,8,12
240040342,Property Damage Crash,08/26/2024 11:52:00 AM,CONNECTICUT AVE (SB/L),NA,Front to Rear,Clear,Dry,Daylight,Flashing Traffic Control Signal,NONE DETECTED,Yes,No Apparent Injury,NA,Not Distracted,MD,Pickup,Slowing or Stopping,35,No,2017,TOYOTA,TUNDRA,38.99072116,-77.07719302,2024,8,11
240040342,Property Damage Crash,08/26/2024 11:52:00 AM,CONNECTICUT AVE (SB/L),NA,Front to Rear,Clear,Dry,Daylight,Flashing Traffic Control Signal,NONE DETECTED,Yes,No Apparent Injury,NA,Not Distracted,MD,Passenger Car,Making U-Turn,35,No,2017,DODGE,CHALLENGER,38.99072116,-77.07719302,2024,8,11
240040320,Property Damage Crash,08/26/2024 10:53:00 AM,NA,NA,"Sideswipe, Same Direction",Clear,NA,Daylight,NA,NONE DETECTED,No,No Apparent Injury,NA,NA,NA,Passenger Car,Backing,0,No,2022,KIA,SORENTO,39.08054898,-77.07817082,2024,8,10
240040320,Property Damage Crash,08/26/2024 10:53:00 AM,NA,NA,"Sideswipe, Same Direction",Clear,NA,Daylight,NA,NONE DETECTED,No,No Apparent Injury,NA,Not Distracted,MD,Passenger Car,Parked,0,No,2003,LEXUS,UNKNOWN,39.08054898,-77.07817082,2024,8,10
240040318,Property Damage Crash,08/26/2024 10:47:00 AM,FREDERICK RD (SB/L),NA,Front to Rear,Clear,Dry,Daylight,No Controls,NONE DETECTED,No,No Apparent Injury,NA,Not Distracted,MD,Passenger Car,Slowing or Stopping,35,No,2006,TOYOTA,CAMRY,39.11415899,-77.16392249,2024,8,10
240040318,Property Damage Crash,08/26/2024 10:47:00 AM,FREDERICK RD (SB/L),NA,Front to Rear,Clear,Dry,Daylight,No Controls,NONE DETECTED,Yes,No Apparent Injury,NA,Not Distracted,MD,Sport Utility Vehicle,Moving Constant Speed,35,No,2011,HONDA,CR-V,39.11415899,-77.16392249,2024,8,10
240040318,Property Damage Crash,08/26/2024 10:47:00 AM,FREDERICK RD (SB/L),NA,Front to Rear,Clear,Dry,Daylight,No Controls,NONE DETECTED,No,No Apparent Injury,NA,Not Distracted,MD,Sport Utility Vehicle,Stopped in Traffic,35,No,2017,LEXUS,GX,39.11415899,-77.16392249,2024,8,10
240040318,Property Damage Crash,08/26/2024 10:47:00 AM,FREDERICK RD (SB/L),NA,Front to Rear,Clear,Dry,Daylight,No Controls,NONE DETECTED,No,No Apparent Injury,NA,Not Distracted,MD,Sport Utility Vehicle,Slowing or Stopping,35,No,2016,HONDA,CR-V,39.11415899,-77.16392249,2024,8,10
240040315,Property Damage Crash,08/26/2024 10:30:00 AM,SHADY GROVE RD (SB/L),NA,Front to Rear,Clear,Dry,Daylight,Traffic Control Signal,NONE DETECTED,No,No Apparent Injury,NA,Not Distracted,MD,Passenger Car,Slowing or Stopping,40,No,2016,MERCEDES-BENZ,C-CLASS,39.11768783,-77.18349717,2024,8,10
240040315,Property Damage Crash,08/26/2024 10:30:00 AM,SHADY GROVE RD (SB/L),NA,Front to Rear,Clear,Dry,Daylight,Traffic Control Signal,NONE DETECTED,Yes,No Apparent Injury,NA,Unknown,MD,Station Wagon,Moving Constant Speed,40,No,2018,MAZDA,MAZDA3,39.11768783,-77.18349717,2024,8,10
240040310,Property Damage Crash,08/26/2024 10:18:00 AM,VEIRS MILL RD (WB/L),NA,"Sideswipe, Same Direction",Clear,Dry,Daylight,No Controls,NONE DETECTED,No,No Apparent Injury,NA,Not Distracted,MD,Bus - Transit,Moving Constant Speed,35,No,2013,NEW FLYER,TRANSIT BUS,39.04072083,-77.056613,2024,8,10
240040310,Property Damage Crash,08/26/2024 10:18:00 AM,VEIRS MILL RD (WB/L),NA,"Sideswipe, Same Direction",Clear,Dry,Daylight,No Controls,NONE DETECTED,No,NA,NA,NA,NA,Other Trucks,Moving Constant Speed,35,No,0,NA,NA,39.04072083,-77.056613,2024,8,10
240040307,Property Damage Crash,08/26/2024 09:10:00 AM,NA,NA,Front to Rear,Clear,NA,Daylight,NA,NONE DETECTED,No,No Apparent Injury,NA,Not Distracted,MD,Bus - School,Stopped in Traffic,0,No,2017,THOMAS BUILT,SCHOOL BUS,39.20641029,-77.14090019,2024,8,9