Local Case Number,ACRS Report Type,Crash Date/Time,Road Name,Related Non-Motorist,Collision Type,Weather,Surface Condition,Light,Traffic Control,Driver Substance Abuse,Driver At Fault,Injury Severity,Circumstance,Driver Distracted By,Drivers License State,Vehicle Body Type,Vehicle Movement,Speed Limit,Driverless Vehicle,Vehicle Year,Vehicle Make,Vehicle Model,Latitude,Longitude,Year,Month,Hour
240040307,Property Damage Crash,08/26/2024 09:10:00 AM,NA,NA,Front to Rear,Clear,NA,Daylight,NA,NONE DETECTED,No,No Apparent Injury,NA,Unknown,MD,Van - Passenger (&lt;9 Seats),Slowing or Stopping,0,No,2020,CHEVROLET,EXPRESS,39.20641029,-77.14090019,2024,8,9
240040299,Property Damage Crash,08/26/2024 09:04:00 AM,WIGHTMAN RD,NA,Front to Rear,Clear,Dry,Daylight,Traffic Control Signal,NONE DETECTED,Yes,No Apparent Injury,Improper Backing,Unknown,MD,Single-Unit Truck,Backing,35,No,2018,KENWORTH,T2 SERIES,39.1908924,-77.19210438,2024,8,9
240040299,Property Damage Crash,08/26/2024 09:04:00 AM,WIGHTMAN RD,NA,Front to Rear,Clear,Dry,Daylight,Traffic Control Signal,NONE DETECTED,No,No Apparent Injury,NA,Not Distracted,MD,Passenger Car,Stopped in Traffic,35,No,2017,HONDA,CIVIC,39.1908924,-77.19210438,2024,8,9
240040304,Property Damage Crash,08/26/2024 08:30:00 AM,NO NAME,NA,Front to Rear,Clear,Dry,Daylight,Traffic Control Signal,NONE DETECTED,No,No Apparent Injury,NA,Not Distracted,MD,Passenger Car,Accelerating,35,No,2022,HYUNDAI,GENESIS,39.05202862,-77.07482149,2024,8,8
240040304,Property Damage Crash,08/26/2024 08:30:00 AM,NO NAME,NA,Front to Rear,Clear,Dry,Daylight,Traffic Control Signal,NONE DETECTED,No,No Apparent Injury,NA,Not Distracted,MD,Passenger Car,Overtaking/Passing,35,No,2020,PORSCHE,718 CAYMAN,39.05202862,-77.07482149,2024,8,8
240040298,Property Damage Crash,08/26/2024 08:28:00 AM,11TH AVE,NA,"Sideswipe, Same Direction",Cloudy,Dry,Daylight,No Controls,NONE DETECTED,Yes,No Apparent Injury,NA,"Other Action (looking away from task, etc.)",MD,Single-Unit Truck,Moving Constant Speed,30,No,2022,ISUZU,FTR,38.99731452,-76.98966944,2024,8,8
240040294,Property Damage Crash,08/26/2024 08:21:00 AM,NA,NA,Front to Rear,Clear,Dry,Daylight,No Controls,NONE DETECTED,Yes,No Apparent Injury,Followed Too Closely,Unknown,MD,Sport Utility Vehicle,Moving Constant Speed,45,No,2019,TOYOTA,RAV4,39.2207855,-77.25881183,2024,8,8
240040294,Property Damage Crash,08/26/2024 08:21:00 AM,NA,NA,Front to Rear,Clear,Dry,Daylight,No Controls,NONE DETECTED,No,No Apparent Injury,NA,Not Distracted,MD,Sport Utility Vehicle,Slowing or Stopping,45,No,2022,TOYOTA,HIGHLANDER,39.2207855,-77.25881183,2024,8,8
240040294,Property Damage Crash,08/26/2024 08:21:00 AM,NA,NA,Front to Rear,Clear,Dry,Daylight,No Controls,NONE DETECTED,Yes,No Apparent Injury,Followed Too Closely,Unknown,MD,Van - Passenger (&lt;9 Seats),Moving Constant Speed,45,No,2013,TOYOTA,SIENNA,39.2207855,-77.25881183,2024,8,8
240040295,Property Damage Crash,08/26/2024 08:11:00 AM,CLUB HOUSE RD,NA,Angle,Clear,Dry,Daylight,No Controls,NONE DETECTED,Yes,No Apparent Injury,Improper Turn,Not Distracted,MD,Passenger Car,Making U-Turn,30,No,2020,HYUNDAI,SANTA FE,39.17444,-77.20559167,2024,8,8
240040295,Property Damage Crash,08/26/2024 08:11:00 AM,CLUB HOUSE RD,NA,Angle,Clear,Dry,Daylight,No Controls,NONE DETECTED,No,No Apparent Injury,NA,Not Distracted,MD,Bus - Transit,Backing,30,No,2016,GILLIG,CITY TRANSIT BUS,39.17444,-77.20559167,2024,8,8
240040296,Property Damage Crash,08/26/2024 08:07:00 AM,VEIRS MILL RD (WB/L),NA,"Sideswipe, Same Direction",Clear,Dry,Daylight,No Controls,NONE DETECTED,No,No Apparent Injury,NA,Not Distracted,MD,Passenger Car,Accelerating,45,No,2017,TOYOTA,SIENNA,39.06935564,-77.10506539,2024,8,8
240040296,Property Damage Crash,08/26/2024 08:07:00 AM,VEIRS MILL RD (WB/L),NA,"Sideswipe, Same Direction",Clear,Dry,Daylight,No Controls,NONE DETECTED,No,No Apparent Injury,NA,Not Distracted,MD,Bus - School,Accelerating,45,No,2015,FREIGHTLINER,UNKNOWN,39.06935564,-77.10506539,2024,8,8
240040287,Injury Crash,08/26/2024 07:00:00 AM,RANDOLPH RD (WB/L),NA,Angle,Clear,Dry,Daylight,No Controls,NONE DETECTED,Yes,No Apparent Injury,"Failed to Yield Right-of-Way, Improper Turn",Not Distracted,MD,Passenger Car,Moving Constant Speed,40,No,2008,TOYOTA,COROLLA,39.07311876,-77.00893745,2024,8,7
240040287,Injury Crash,08/26/2024 07:00:00 AM,RANDOLPH RD (WB/L),NA,Angle,Clear,Dry,Daylight,No Controls,NONE DETECTED,No,No Apparent Injury,NA,Not Distracted,NY,Passenger Car,Moving Constant Speed,40,No,2007,HYUNDAI,SONATA,39.07311876,-77.00893745,2024,8,7
240040281,Property Damage Crash,08/26/2024 03:30:00 AM,COLIE DR,NA,Front to Rear,Clear,Dry,Dark,No Controls,NONE DETECTED,No,NA,NA,NA,NA,Passenger Car,Moving Constant Speed,25,No,2017,TOYOTA,COROLLA,39.0584779,-77.08334378,2024,8,3
240040277,Property Damage Crash,08/26/2024 02:42:00 AM,COLESVILLE RD,NA,Other,Clear,Dry,Medium,Traffic Control Signal,NONE DETECTED,No,No Apparent Injury,NA,Not Distracted,MD,Passenger Car,Moving Constant Speed,35,No,2002,TOYOTA,CAMRY,39.01970258,-77.01319194,2024,8,2
240040277,Property Damage Crash,08/26/2024 02:42:00 AM,COLESVILLE RD,NA,Other,Clear,Dry,Medium,Traffic Control Signal,NONE DETECTED,No,No Apparent Injury,NA,Not Distracted,MD,Passenger Car,Moving Constant Speed,35,No,2014,FORD,FUSION,39.01970258,-77.01319194,2024,8,2
240040277,Property Damage Crash,08/26/2024 02:42:00 AM,COLESVILLE RD,NA,Other,Clear,Dry,Medium,Traffic Control Signal,ALCOHOL PRESENT,Yes,No Apparent Injury,Ran Red Light,Unknown,MD,Passenger Car,Moving Constant Speed,35,No,2003,TOYOTA,CAMRY,39.01970258,-77.01319194,2024,8,2
240040262,Property Damage Crash,08/25/2024 09:58:00 PM,NEW HAMPSHIRE AVE,NA,Front to Rear,Clear,Dry,Medium,No Controls,NONE DETECTED,No,No Apparent Injury,Disregarded Other Road Markings,Not Distracted,NA,Pickup,Changing Lanes,35,No,2007,DODGE,RAM,39.02830301,-76.9827356,2024,8,21
240040262,Property Damage Crash,08/25/2024 09:58:00 PM,NEW HAMPSHIRE AVE,NA,Front to Rear,Clear,Dry,Medium,No Controls,NONE DETECTED,No,No Apparent Injury,NA,Not Distracted,MD,Van - Cargo,Moving Constant Speed,35,No,2007,GMC,SAVANA,39.02830301,-76.9827356,2024,8,21
240040252,Injury Crash,08/25/2024 08:49:00 PM,COLUMBIA PIKE,NA,Front to Rear,Clear,Dry,Dark,Traffic Control Signal,NONE DETECTED,No,Possible Minor Injury,NA,Not Distracted,MD,Passenger Car,Stopped in Traffic,50,No,2018,JEEP,CHEROKEE,39.071442330000004,-76.95668067,2024,8,20
240040252,Injury Crash,08/25/2024 08:49:00 PM,COLUMBIA PIKE,NA,Front to Rear,Clear,Dry,Dark,Traffic Control Signal,NONE DETECTED,Yes,No Apparent Injury,NA,"Other Action (looking away from task, etc.)",PA,Passenger Car,Slowing or Stopping,50,No,2010,NISSAN,MURANO,39.071442330000004,-76.95668067,2024,8,20
240040244,Injury Crash,08/25/2024 07:09:00 PM,WATKINS RD,NA,Single Vehicle,Clear,Dry,Daylight,No Controls,NONE DETECTED,Yes,No Apparent Injury,NA,Unknown,MD,Passenger Car,Moving Constant Speed,30,No,2021,HONDA,CIVIC,39.2388596,-77.20951761,2024,8,19
240040247,Property Damage Crash,08/25/2024 06:55:00 PM,S SUMMIT AVE,NA,Angle,Clear,Dry,Daylight,Traffic Control Signal,NONE DETECTED,No,No Apparent Injury,NA,Not Distracted,MD,Sport Utility Vehicle,Accelerating,35,No,2017,MAZDA,CX-3,39.13790133,-77.19411591,2024,8,18
240040247,Property Damage Crash,08/25/2024 06:55:00 PM,S SUMMIT AVE,NA,Angle,Clear,Dry,Daylight,Traffic Control Signal,NONE DETECTED,Yes,No Apparent Injury,NA,Unknown,XX,Pickup,Moving Constant Speed,35,No,2013,CHEVROLET,SILVERADO,39.13790133,-77.19411591,2024,8,18
240040241,Injury Crash,08/25/2024 06:27:00 PM,LINDELL ST,NA,Angle,Clear,Dry,Daylight,No Controls,NONE DETECTED,No,Possible Minor Injury,NA,Not Distracted,MD,Passenger Car,Moving Constant Speed,30,No,2018,FORD,FOCUS,39.05744826,-77.06072497,2024,8,18
240040241,Injury Crash,08/25/2024 06:27:00 PM,LINDELL ST,NA,Angle,Clear,Dry,Daylight,Stop Sign,NONE DETECTED,No,No Apparent Injury,NA,Not Distracted,MD,Passenger Car,Moving Constant Speed,30,No,2012,MITSUBISHI,GALANT,39.05744826,-77.06072497,2024,8,18
240040236,Property Damage Crash,08/25/2024 05:30:00 PM,NA,NA,"Sideswipe, Same Direction",Clear,NA,Daylight,NA,NONE DETECTED,Yes,No Apparent Injury,Improper Turn,Unknown,NA,Pickup,Negotiating a Curve,0,No,2018,FORD,F-150,39.01235192,-77.00120254,2024,8,17
240040233,Injury Crash,08/25/2024 05:20:00 PM,ST MARGARETS WAY,Scooter (electric),Single Vehicle,Clear,Dry,Daylight,Stop Sign,NONE DETECTED,No,No Apparent Injury,NA,Not Distracted,MD,Passenger Car,Moving Constant Speed,30,No,2017,FORD,FOCUS,39.0316729,-77.05186466,2024,8,17
240040235,Injury Crash,08/25/2024 05:00:00 PM,NA,NA,Angle,Clear,NA,Daylight,NA,NONE DETECTED,Yes,No Apparent Injury,Failed to Yield Right-of-Way,Not Distracted,MD,Sport Utility Vehicle,Accelerating,0,No,2017,ACURA,MDX,39.20023055,-77.24728411,2024,8,17
240040235,Injury Crash,08/25/2024 05:00:00 PM,NA,NA,Angle,Clear,NA,Daylight,NA,NONE DETECTED,No,No Apparent Injury,NA,Not Distracted,MD,Passenger Car,Moving Constant Speed,0,No,2014,TOYOTA,CAMRY,39.20023055,-77.24728411,2024,8,17
240040231,Injury Crash,08/25/2024 04:58:00 PM,GEORGIA AVE (SB/L),NA,Front to Rear,Clear,Dry,Daylight,No Controls,NONE DETECTED,No,Possible Minor Injury,NA,Not Distracted,DC,Passenger Car,Moving Constant Speed,35,No,2010,MERCEDES-BENZ,ML-CLASS,39.02773856,-77.0469279,2024,8,16
240040231,Injury Crash,08/25/2024 04:58:00 PM,GEORGIA AVE (SB/L),NA,Front to Rear,Clear,Dry,Daylight,No Controls,ALCOHOL PRESENT,Yes,No Apparent Injury,NA,Unknown,MD,Pickup,Moving Constant Speed,35,No,2010,FORD,F-150,39.02773856,-77.0469279,2024,8,16
240040221,Property Damage Crash,08/25/2024 03:39:00 PM,NA,NA,Single Vehicle,Clear,Dry,Daylight,Other Signal,ALCOHOL PRESENT,No,No Apparent Injury,NA,Unknown,MD,Passenger Car,NA,35,No,2018,CHEVROLET,EQUINOX,38.9694056,-77.1407086,2024,8,15
240040213,Injury Crash,08/25/2024 03:30:00 PM,WISTERIA DR,NA,Front to Rear,Clear,Dry,Daylight,No Controls,NONE DETECTED,Yes,Possible Minor Injury,Ran Off Roadway,Unknown,MD,Sport Utility Vehicle,NA,35,No,2018,FORD,EDGE,39.16172183,-77.2544385,2024,8,15
240040250,Property Damage Crash,08/25/2024 02:30:00 PM,NA,NA,Rear To Rear,Clear,NA,Daylight,NA,NONE DETECTED,No,No Apparent Injury,NA,Not Distracted,MD,Passenger Car,Parked,0,No,2023,MAZDA,CX-30,39.00997894,-77.11330133,2024,8,14
240040250,Property Damage Crash,08/25/2024 02:30:00 PM,NA,NA,Rear To Rear,Clear,NA,Daylight,NA,NONE DETECTED,No,NA,NA,NA,NA,Passenger Car,Backing,0,No,2008,HONDA,FIT,39.00997894,-77.11330133,2024,8,14
240040205,Property Damage Crash,08/25/2024 01:28:00 PM,HOLTON LA,NA,Front to Rear,Clear,Dry,Daylight,No Controls,NONE DETECTED,No,NA,NA,NA,NA,Passenger Car,Slowing or Stopping,25,No,2017,CHRYSLER,200,38.98587815,-76.98775559,2024,8,13
240040205,Property Damage Crash,08/25/2024 01:28:00 PM,HOLTON LA,NA,Front to Rear,Clear,Dry,Daylight,No Controls,NONE DETECTED,No,No Apparent Injury,NA,Not Distracted,MD,Passenger Car,Slowing or Stopping,25,No,2016,HONDA,CIVIC,38.98587815,-76.98775559,2024,8,13
240040193,Injury Crash,08/25/2024 11:35:00 AM,CLOPPERS MILL TERR,NA,Single Vehicle,Clear,Dry,Daylight,Yield Sign,NONE DETECTED,Yes,Possible Minor Injury,NA,Not Distracted,MD,Passenger Car,Turning Left,25,No,2021,MAZDA,CX-3,39.14968474,-77.27442537,2024,8,11
240040181,Property Damage Crash,08/25/2024 09:40:00 AM,NA,NA,Angle,Clear,Dry,Daylight,No Controls,NONE DETECTED,No,No Apparent Injury,NA,Not Distracted,MD,Van - Passenger (&lt;9 Seats),Moving Constant Speed,35,No,2017,CHEVROLET,EXPRESS,39.15625883,-77.26458133,2024,8,9
240040181,Property Damage Crash,08/25/2024 09:40:00 AM,NA,NA,Angle,Clear,Dry,Daylight,Stop Sign,NONE DETECTED,Yes,No Apparent Injury,Failed to Yield Right-of-Way,Not Distracted,MD,Passenger Car,Turning Left,25,No,2013,FORD,ESCAPE,39.15625883,-77.26458133,2024,8,9
240040172,Injury Crash,08/25/2024 07:32:00 AM,CONNECTICUT AVE,NA,Single Vehicle,Clear,Dry,Daylight,Traffic Control Signal,NONE DETECTED,Yes,Possible Minor Injury,Failed to Keep in Proper Lane,Unknown,MD,Passenger Car,NA,35,No,2013,HONDA,CIVIC,39.08324636,-77.07863684,2024,8,7
240040169,Property Damage Crash,08/25/2024 06:40:00 AM,NA,NA,Single Vehicle,Clear,Dry,Daylight,No Controls,NONE DETECTED,Yes,No Apparent Injury,NA,Unknown,MD,Pickup,Moving Constant Speed,40,No,2020,FORD,RANGER,39.18890385,-77.02453688,2024,8,6
240040167,Injury Crash,08/25/2024 05:46:00 AM,GOSHEN RD,NA,Front to Front,Clear,Dry,Dark,No Controls,NONE DETECTED,Yes,No Apparent Injury,"Failed to Keep in Proper Lane, Ran Off Roadway",Unknown,MD,Passenger Car,Moving Constant Speed,30,No,2018,TOYOTA,HIGHLANDER,39.166912,-77.19167967,2024,8,5
240040167,Injury Crash,08/25/2024 05:46:00 AM,GOSHEN RD,NA,Front to Front,Clear,Dry,Dark,No Controls,NONE DETECTED,No,Suspected Serious Injury,NA,Not Distracted,MD,Passenger Car,Moving Constant Speed,30,No,2000,NISSAN,PATHFINDER,39.166912,-77.19167967,2024,8,5
240040166,Property Damage Crash,08/25/2024 05:30:00 AM,HENDERSON AVE (WB/L),NA,Single Vehicle,Clear,Dry,Dark,Other Warning Sign,DRUG PRESENT,Yes,No Apparent Injury,"Improper Backing, Operated Motor Vehicle in Inattentive, Careless, Negligent, or Erratic Manner, Ran Off Roadway",Unknown,MD,Passenger Car,NA,25,No,2021,DODGE,CHARGER,39.05456631,-77.06276625,2024,8,5
240040160,Property Damage Crash,08/25/2024 04:23:00 AM,NA,NA,Single Vehicle,Clear,Dry,Medium,No Controls,NONE DETECTED,Yes,No Apparent Injury,"Operated Motor Vehicle in Inattentive, Careless, Negligent, or Erratic Manner",NA,MD,Passenger Car,Moving Constant Speed,30,No,2020,TOYOTA,CAMRY,38.9882345,-77.08183983,2024,8,4
240040150,Property Damage Crash,08/25/2024 03:00:00 AM,GEORGIA AVE,NA,Front to Rear,Clear,Dry,Medium,No Controls,NONE DETECTED,Yes,No Apparent Injury,NA,Unknown,NA,Passenger Car,Accelerating,45,No,2010,DODGE,CARAVAN,39.09090702,-77.07961108,2024,8,3
240040150,Property Damage Crash,08/25/2024 03:00:00 AM,GEORGIA AVE,NA,Front to Rear,Clear,Dry,Medium,No Controls,NONE DETECTED,No,No Apparent Injury,NA,Unknown,MD,Station Wagon,Moving Constant Speed,45,No,2020,HONDA,CR-V,39.09090702,-77.07961108,2024,8,3
240040145,Property Damage Crash,08/25/2024 01:29:00 AM,NA,NA,Front to Front,Clear,NA,Medium,NA,NONE DETECTED,No,No Apparent Injury,NA,Not Distracted,MD,Passenger Car,Moving Constant Speed,0,No,2019,TOYOTA,RAV4,39.11843847,-77.18339948,2024,8,1
240040145,Property Damage Crash,08/25/2024 01:29:00 AM,NA,NA,Front to Front,Clear,NA,Medium,NA,NONE DETECTED,No,NA,NA,NA,NA,Passenger Car,Moving Constant Speed,0,No,2020,TOYOTA,COROLLA,39.11843847,-77.18339948,2024,8,1
240040137,Injury Crash,08/24/2024 11:22:00 PM,CLOPPER RD,NA,Front to Rear,Clear,Dry,Medium,Traffic Control Signal,ALCOHOL PRESENT,Yes,Possible Minor Injury,Operated Motor Vehicle in Reckless or Aggressive Manner,Not Distracted,MD,Passenger Car,Moving Constant Speed,35,No,2017,TOYOTA,CAMRY,39.1565595,-77.26662974,2024,8,23
240040137,Injury Crash,08/24/2024 11:22:00 PM,CLOPPER RD,NA,Front to Rear,Clear,Dry,Medium,Traffic Control Signal,NONE DETECTED,No,No Apparent Injury,NA,Not Distracted,MD,Sport Utility Vehicle,Stopped in Traffic,35,No,2011,JEEP,CHEROKEE,39.1565595,-77.26662974,2024,8,23
240040136,Property Damage Crash,08/24/2024 11:00:00 PM,ELMCROFT BLVD (EB/L),NA,Single Vehicle,Clear,Dry,Medium,Stop Sign,ALCOHOL PRESENT,No,No Apparent Injury,NA,Not Distracted,MD,Passenger Car,Turning Left,20,No,2015,HONDA,ACCORD,39.11640638,-77.16991364,2024,8,23
240040127,Property Damage Crash,08/24/2024 09:01:00 PM,NEW HAMPSHIRE AVE (SB/L),NA,Front to Rear,Clear,Dry,Dark,Traffic Control Signal,NONE DETECTED,Yes,No Apparent Injury,NA,Not Distracted,MD,Passenger Car,Slowing or Stopping,40,No,2015,HONDA,CR-V,39.0335638,-76.98628559,2024,8,21
240040127,Property Damage Crash,08/24/2024 09:01:00 PM,NEW HAMPSHIRE AVE (SB/L),NA,Front to Rear,Clear,Dry,Dark,Traffic Control Signal,NONE DETECTED,No,No Apparent Injury,NA,Not Distracted,MD,Pickup,Stopped in Traffic,40,No,2010,FORD,F-150,39.0335638,-76.98628559,2024,8,21
240040126,Injury Crash,08/24/2024 08:49:00 PM,COLUMBIA PIKE,NA,Front to Rear,Clear,Dry,Medium,Traffic Control Signal,NONE DETECTED,No,Possible Minor Injury,NA,Not Distracted,MD,Passenger Car,Moving Constant Speed,50,No,2016,HONDA,CIVIC SI,39.07197575,-76.95646267,2024,8,20
240040126,Injury Crash,08/24/2024 08:49:00 PM,COLUMBIA PIKE,NA,Front to Rear,Clear,Dry,Medium,Traffic Control Signal,NONE DETECTED,No,Possible Minor Injury,NA,Not Distracted,MD,Passenger Car,Moving Constant Speed,50,No,2017,HONDA,ODYSSEY,39.07197575,-76.95646267,2024,8,20
240040126,Injury Crash,08/24/2024 08:49:00 PM,COLUMBIA PIKE,NA,Front to Rear,Clear,Dry,Medium,Traffic Control Signal,NONE DETECTED,Yes,No Apparent Injury,NA,Unknown,TX,Passenger Car,Moving Constant Speed,50,No,2015,CHRYSLER,200,39.07197575,-76.95646267,2024,8,20
240040126,Injury Crash,08/24/2024 08:49:00 PM,COLUMBIA PIKE,NA,Front to Rear,Clear,Dry,Medium,Traffic Control Signal,NONE DETECTED,No,No Apparent Injury,NA,Not Distracted,MD,Passenger Car,Moving Constant Speed,50,No,2021,HONDA,CIVIC,39.07197575,-76.95646267,2024,8,20
240040125,Property Damage Crash,08/24/2024 07:56:00 PM,NA,NA,Rear To Rear,Clear,NA,Medium,NA,NONE DETECTED,No,NA,Improper Backing,NA,NA,Sport Utility Vehicle,Backing,0,No,2008,MERCEDES-BENZ,ML-CLASS,39.17185963,-77.20298368,2024,8,19
240040109,Property Damage Crash,08/24/2024 06:40:00 PM,WARFIELD RD,NA,Front to Rear,Clear,Dry,Daylight,Traffic Control Signal,NONE DETECTED,No,No Apparent Injury,Followed Too Closely,Not Distracted,NA,Passenger Car,Slowing or Stopping,35,No,2024,CHEVROLET,MALIBU,39.19464158,-77.18486572,2024,8,18
240040109,Property Damage Crash,08/24/2024 06:40:00 PM,WARFIELD RD,NA,Front to Rear,Clear,Dry,Daylight,Traffic Control Signal,NONE DETECTED,No,No Apparent Injury,NA,Not Distracted,MD,Passenger Car,Stopped in Traffic,35,No,2007,CHEVROLET,SILVERADO,39.19464158,-77.18486572,2024,8,18
240040102,Injury Crash,08/24/2024 06:05:00 PM,NA,NA,Rear To Side,Clear,Dry,Daylight,No Controls,NONE DETECTED,No,Possible Minor Injury,NA,Unknown,MD,Sport Utility Vehicle,Moving Constant Speed,35,No,2005,TOYOTA,4-RUNNER,39.14065188,-77.21425801,2024,8,18
240040102,Injury Crash,08/24/2024 06:05:00 PM,NA,NA,Rear To Side,Clear,Dry,Daylight,No Controls,NONE DETECTED,Yes,No Apparent Injury,Failed to Yield Right-of-Way,Unknown,MD,Passenger Car,Turning Left,35,No,2020,TOYOTA,CAMRY,39.14065188,-77.21425801,2024,8,18
240040103,Property Damage Crash,08/24/2024 06:01:00 PM,ORCHARD BROOK TERR,NA,Single Vehicle,Clear,Dry,Daylight,No Controls,NONE DETECTED,No,No Apparent Injury,Other Improper Action,Not Distracted,MD,Van - Cargo,Negotiating a Curve,25,No,2022,MERCEDES-BENZ,UNKNOWN,39.06309333,-77.19296667,2024,8,18
240040093,Property Damage Crash,08/24/2024 04:59:00 PM,RUSSELL AVE (SB/L),NA,Angle,Clear,Dry,Daylight,Traffic Control Signal,NONE DETECTED,No,No Apparent Injury,NA,Not Distracted,MD,Passenger Car,Moving Constant Speed,30,No,2017,TOYOTA,PRIUS,39.15123783,-77.20728433,2024,8,16
240040093,Property Damage Crash,08/24/2024 04:59:00 PM,RUSSELL AVE (SB/L),NA,Angle,Clear,Dry,Daylight,Traffic Control Signal,NONE DETECTED,No,No Apparent Injury,NA,Unknown,MD,Passenger Car,Turning Left,30,No,2006,TOYOTA,COROLLA,39.15123783,-77.20728433,2024,8,16
240040091,Property Damage Crash,08/24/2024 04:20:00 PM,MAYOR LA,NA,"Sideswipe, Same Direction",Clear,Dry,Daylight,No Controls,NONE DETECTED,Yes,No Apparent Injury,Other Improper Action,Not Distracted,MD,Passenger Car,Parked,25,No,2017,TOYOTA,CAMRY,38.9929217,-77.02606261,2024,8,16
240040091,Property Damage Crash,08/24/2024 04:20:00 PM,MAYOR LA,NA,"Sideswipe, Same Direction",Clear,Dry,Daylight,No Controls,NONE DETECTED,Yes,No Apparent Injury,Improper Passing,Not Distracted,MD,Motorcycle - 2 Wheeled,Overtaking/Passing,25,No,2024,ZHILONG,BWS,38.9929217,-77.02606261,2024,8,16
240040087,Property Damage Crash,08/24/2024 03:59:00 PM,ROCKVILLE PIKE,NA,Front to Rear,Clear,Dry,Daylight,No Controls,NONE DETECTED,No,No Apparent Injury,NA,Not Distracted,MD,Station Wagon,Slowing or Stopping,35,No,2017,SUBARU,FORESTER,39.02992209,-77.10463311,2024,8,15
240040087,Property Damage Crash,08/24/2024 03:59:00 PM,ROCKVILLE PIKE,NA,Front to Rear,Clear,Dry,Daylight,Traffic Control Signal,NONE DETECTED,No,No Apparent Injury,NA,Not Distracted,DC,Station Wagon,Moving Constant Speed,35,No,2020,NISSAN,KICKS,39.02992209,-77.10463311,2024,8,15
240040078,Property Damage Crash,08/24/2024 03:02:00 PM,WAVERLY ST,NA,Angle,Clear,Dry,Daylight,Traffic Control Signal,NONE DETECTED,No,NA,NA,NA,NA,Passenger Car,Entering Traffic Lane,25,No,2013,MERCEDES-BENZ,300,38.98475163,-77.09261325,2024,8,15
240040078,Property Damage Crash,08/24/2024 03:02:00 PM,WAVERLY ST,NA,Angle,Clear,Dry,Daylight,Traffic Control Signal,NONE DETECTED,No,No Apparent Injury,NA,Not Distracted,MD,Passenger Car,Moving Constant Speed,25,No,2024,LEXUS,RX,38.98475163,-77.09261325,2024,8,15
240040073,Property Damage Crash,08/24/2024 02:45:00 PM,NA,NA,Other,Clear,NA,Daylight,NA,NONE DETECTED,No,No Apparent Injury,NA,Unknown,MD,Passenger Car,Accelerating,0,No,2002,TOYOTA,CAMRY,39.05787894,-77.08417666,2024,8,14
240040065,Injury Crash,08/24/2024 02:06:00 PM,NA,NA,Front to Rear,Clear,Dry,Daylight,Lane Use Control Signal,NONE DETECTED,No,No Apparent Injury,NA,Not Distracted,MD,Passenger Car,Slowing or Stopping,30,No,2021,TOYOTA,RAV4,39.00081436,-77.02544938,2024,8,14
240040065,Injury Crash,08/24/2024 02:06:00 PM,NA,NA,Front to Rear,Clear,Dry,Daylight,Lane Use Control Signal,NONE DETECTED,Yes,Possible Minor Injury,"Followed Too Closely, Too Fast For Conditions",Not Distracted,VA,Motorcycle - 2 Wheeled,Moving Constant Speed,30,No,2020,KAWASAKI,VERSYS,39.00081436,-77.02544938,2024,8,14
240040061,Property Damage Crash,08/24/2024 01:57:00 PM,HALPINE RD (EB/L),NA,Angle,Clear,Dry,Daylight,Traffic Control Signal,NONE DETECTED,No,No Apparent Injury,NA,Not Distracted,MD,Passenger Car,Moving Constant Speed,20,No,2011,HONDA,ACCORD,39.06077333,-77.1259995,2024,8,13
240040061,Property Damage Crash,08/24/2024 01:57:00 PM,HALPINE RD (EB/L),NA,Angle,Clear,Dry,Daylight,Traffic Control Signal,NONE DETECTED,No,No Apparent Injury,NA,Not Distracted,MD,Passenger Car,Turning Left,20,No,2024,HONDA,ACCORD,39.06077333,-77.1259995,2024,8,13
240040060,Injury Crash,08/24/2024 01:43:00 PM,E MONTGOMERY AVE,Pedestrian,Single Vehicle,Clear,Dry,Daylight,No Controls,NONE DETECTED,No,No Apparent Injury,"Operated Motor Vehicle in Inattentive, Careless, Negligent, or Erratic Manner",Not Distracted,MD,Passenger Car,Moving Constant Speed,20,No,2023,VOLKSWAGEN,TAOS,39.08411388,-77.14956697,2024,8,13