Local Case Number,ACRS Report Type,Crash Date/Time,Road Name,Related Non-Motorist,Collision Type,Weather,Surface Condition,Light,Traffic Control,Driver Substance Abuse,Driver At Fault,Injury Severity,Circumstance,Driver Distracted By,Drivers License State,Vehicle Body Type,Vehicle Movement,Speed Limit,Driverless Vehicle,Vehicle Year,Vehicle Make,Vehicle Model,Latitude,Longitude,Year,Month,Hour
24001768,Property Damage Crash,08/24/2024 01:25:00 PM,NA,NA,"Sideswipe, Same Direction",Clear,Dry,Daylight,No Controls,NONE DETECTED,No,No Apparent Injury,NA,Unknown,MD,Passenger Car,Moving Constant Speed,25,No,2018,FORD,EXPLORER,39.0311466,-77.11607108,2024,8,13
24001768,Property Damage Crash,08/24/2024 01:25:00 PM,NA,NA,"Sideswipe, Same Direction",Clear,Dry,Daylight,No Controls,NONE DETECTED,No,No Apparent Injury,NA,Unknown,MD,Passenger Car,Moving Constant Speed,25,No,2015,JEEP,GRAND CHEROKEE,39.0311466,-77.11607108,2024,8,13
240040053,Injury Crash,08/24/2024 12:35:00 PM,UNIVERSITY BLVD E (WB/L),NA,Front to Front,Clear,Dry,Daylight,Stop Sign,NONE DETECTED,Yes,Possible Minor Injury,Failed to Yield Right-of-Way,Unknown,IN,Passenger Car,Turning Left,20,No,2023,TOYOTA,RAV4,39.0015282,-76.99551973,2024,8,12
240040053,Injury Crash,08/24/2024 12:35:00 PM,UNIVERSITY BLVD E (WB/L),NA,Front to Front,Clear,Dry,Daylight,No Controls,NONE DETECTED,No,Possible Minor Injury,NA,Unknown,MD,Passenger Car,Moving Constant Speed,35,No,2021,HYUNDAI,ELANTRA,39.0015282,-76.99551973,2024,8,12
240040048,Injury Crash,08/24/2024 12:27:00 PM,COLUMBIA PIKE (SB/L),NA,"Sideswipe, Same Direction",Clear,Dry,Daylight,Traffic Control Signal,NONE DETECTED,No,NA,NA,NA,NA,Passenger Car,Moving Constant Speed,50,No,2017,VOLKSWAGEN,PASSAT,39.09566031,-76.93813692,2024,8,12
240040048,Injury Crash,08/24/2024 12:27:00 PM,COLUMBIA PIKE (SB/L),NA,"Sideswipe, Same Direction",Clear,Dry,Daylight,Traffic Control Signal,NONE DETECTED,No,Possible Minor Injury,NA,Not Distracted,MD,Sport Utility Vehicle,Accelerating,35,No,2005,TOYOTA,HIGHLANDER,39.09566031,-76.93813692,2024,8,12
240040048,Injury Crash,08/24/2024 12:27:00 PM,COLUMBIA PIKE (SB/L),NA,"Sideswipe, Same Direction",Clear,Dry,Daylight,Traffic Control Signal,NONE DETECTED,Yes,No Apparent Injury,"Failed to Yield Right-of-Way, Ran Red Light","Other Action (looking away from task, etc.)",MD,Passenger Car,Entering Traffic Lane,50,No,2022,BMW,M550I,39.09566031,-76.93813692,2024,8,12
240040055,Property Damage Crash,08/24/2024 12:26:00 PM,COLUMBIA PIKE,NA,"Sideswipe, Same Direction",Clear,Dry,Daylight,No Controls,NONE DETECTED,No,No Apparent Injury,NA,Not Distracted,MD,Passenger Car,Moving Constant Speed,55,No,2018,HYUNDAI,ELANTRA N,39.10453902,-76.93294215,2024,8,12
240040055,Property Damage Crash,08/24/2024 12:26:00 PM,COLUMBIA PIKE,NA,"Sideswipe, Same Direction",Clear,Dry,Daylight,No Controls,NONE DETECTED,Yes,No Apparent Injury,"Failed to Keep in Proper Lane, Failed to Yield Right-of-Way",Unknown,MD,Pickup,Entering Traffic Lane,55,No,2011,GMC,C/K PICKUP,39.10453902,-76.93294215,2024,8,12
240040051,Injury Crash,08/24/2024 12:05:00 PM,BLAIR MILL RD,NA,Angle,Clear,Dry,Daylight,No Controls,NONE DETECTED,No,Possible Minor Injury,NA,Not Distracted,MD,Passenger Car,Accelerating,25,No,2014,HYUNDAI,ELANTRA,38.99014019,-77.03005964,2024,8,12
240040051,Injury Crash,08/24/2024 12:05:00 PM,BLAIR MILL RD,NA,Angle,Clear,Dry,Daylight,No Controls,NONE DETECTED,Yes,No Apparent Injury,NA,Not Distracted,VT,Passenger Car,Entering Traffic Lane,25,No,2019,HONDA,FIT,38.99014019,-77.03005964,2024,8,12
240040047,Property Damage Crash,08/24/2024 10:31:00 AM,NEW HAMPSHIRE AVE (SB/L),NA,"Sideswipe, Same Direction",Clear,Dry,Daylight,No Controls,NONE DETECTED,No,NA,NA,NA,NA,Passenger Car,Moving Constant Speed,40,No,2022,TESLA,MODEL Y,39.03060259,-76.98395028,2024,8,10
240040047,Property Damage Crash,08/24/2024 10:31:00 AM,NEW HAMPSHIRE AVE (SB/L),NA,"Sideswipe, Same Direction",Clear,Dry,Daylight,No Controls,NONE DETECTED,No,No Apparent Injury,NA,Not Distracted,MD,Van - Passenger (&lt;9 Seats),Moving Constant Speed,40,No,2014,FORD,TRANSIT,39.03060259,-76.98395028,2024,8,10
240040037,Injury Crash,08/24/2024 09:54:00 AM,NA,Cyclist (non-electric),Single Vehicle,Clear,Dry,Daylight,No Controls,NONE DETECTED,Yes,No Apparent Injury,Failed to Yield Right-of-Way,Unknown,MD,Passenger Car,Entering Traffic Lane,35,No,2019,HONDA,CR-V,39.17652336,-77.26924694,2024,8,9
240040029,Injury Crash,08/24/2024 08:10:00 AM,RANDOLPH RD (WB/L),NA,Angle,Cloudy,Dry,Daylight,Traffic Control Signal,NONE DETECTED,No,NA,NA,NA,NA,Passenger Car,Entering Traffic Lane,20,No,0,NA,NA,39.05941366,-77.06207167,2024,8,8
240040029,Injury Crash,08/24/2024 08:10:00 AM,RANDOLPH RD (WB/L),NA,Angle,Cloudy,Dry,Daylight,Traffic Control Signal,NONE DETECTED,No,Possible Minor Injury,NA,Not Distracted,MD,Sport Utility Vehicle,Moving Constant Speed,35,No,2007,TOYOTA,RAV4,39.05941366,-77.06207167,2024,8,8
240040019,Injury Crash,08/24/2024 03:46:00 AM,WOODFIELD RD,NA,"Sideswipe, Opposite Direction",Clear,Dry,Medium,No Controls,NONE DETECTED,No,Possible Minor Injury,NA,Not Distracted,MD,Passenger Car,Moving Constant Speed,35,No,2024,MERCEDES-BENZ,S-CLASS,39.16125333,-77.15894,2024,8,3
240040019,Injury Crash,08/24/2024 03:46:00 AM,WOODFIELD RD,NA,"Sideswipe, Opposite Direction",Clear,Dry,Medium,No Controls,NONE DETECTED,Yes,No Apparent Injury,NA,Unknown,MD,Pickup,Moving Constant Speed,35,No,2015,FORD,F-150,39.16125333,-77.15894,2024,8,3
240040007,Injury Crash,08/24/2024 01:35:00 AM,COLUMBIA PIKE,NA,Front to Rear,Clear,Dry,Medium,No Controls,ALCOHOL PRESENT,Yes,Possible Minor Injury,NA,Not Distracted,MD,Passenger Car,Accelerating,45,No,2018,MERCEDES-BENZ,CLA-CLASS,39.06702916,-76.95975197,2024,8,1
240040007,Injury Crash,08/24/2024 01:35:00 AM,COLUMBIA PIKE,NA,Front to Rear,Clear,Dry,Medium,No Controls,NONE DETECTED,No,Possible Minor Injury,NA,Not Distracted,VA,Passenger Car,Moving Constant Speed,45,No,2003,CHEVROLET,MALIBU,39.06702916,-76.95975197,2024,8,1
240040000,Injury Crash,08/23/2024 11:45:00 PM,CRESTHAVEN DR,NA,Front to Rear,Clear,Dry,Medium,No Controls,NONE DETECTED,Yes,No Apparent Injury,NA,Not Distracted,MD,Passenger Car,Moving Constant Speed,40,No,2006,HONDA,ACCORD,39.0308273,-76.98407531,2024,8,23
240040000,Injury Crash,08/23/2024 11:45:00 PM,CRESTHAVEN DR,NA,Front to Rear,Clear,Dry,Medium,No Controls,NONE DETECTED,Yes,Possible Minor Injury,NA,Not Distracted,DC,Passenger Car,Turning Right,35,No,2022,TOYOTA,RAV4,39.0308273,-76.98407531,2024,8,23
240039982,Property Damage Crash,08/23/2024 10:10:00 PM,MONTGOMERY VILLAGE AVE,NA,Angle,Clear,Dry,Medium,Traffic Control Signal,NONE DETECTED,No,No Apparent Injury,NA,Not Distracted,DC,Passenger Car,Moving Constant Speed,35,No,2016,MERCEDES-BENZ,C-CLASS,39.15435526,-77.20939051,2024,8,22
240039982,Property Damage Crash,08/23/2024 10:10:00 PM,MONTGOMERY VILLAGE AVE,NA,Angle,Clear,Dry,Medium,Traffic Control Signal,NONE DETECTED,No,No Apparent Injury,"Failed to Yield Right-of-Way, Operated Motor Vehicle in Inattentive, Careless, Negligent, or Erratic Manner",Not Distracted,MD,Passenger Car,Turning Left,35,No,2017,HONDA,ACCORD,39.15435526,-77.20939051,2024,8,22
240039986,Property Damage Crash,08/23/2024 10:05:00 PM,MONTROSE RD (WB/L),Cyclist (Electric),Single Vehicle,Clear,Dry,Medium,Traffic Control Signal,NONE DETECTED,Yes,No Apparent Injury,NA,Unknown,MD,Passenger Car,Slowing or Stopping,35,No,2016,HONDA,ACCORD,39.05590032,-77.14961333,2024,8,22
240039987,Property Damage Crash,08/23/2024 10:00:00 PM,NORTHAMPTON DR,NA,"Sideswipe, Same Direction",Clear,Dry,Medium,No Controls,NONE DETECTED,Yes,No Apparent Injury,Failed to Keep in Proper Lane,Not Distracted,MD,Sport Utility Vehicle,Making U-Turn,25,No,2019,TOYOTA,HIGHLANDER,39.00682068,-76.98085976,2024,8,22
240039987,Property Damage Crash,08/23/2024 10:00:00 PM,NORTHAMPTON DR,NA,"Sideswipe, Same Direction",Clear,Dry,Medium,No Controls,NONE DETECTED,No,No Apparent Injury,NA,Not Distracted,MD,Bus - Transit,Slowing or Stopping,25,No,2022,NEW FLYER,TRANSIT BUS,39.00682068,-76.98085976,2024,8,22
240039979,Property Damage Crash,08/23/2024 09:30:00 PM,CAPITAL BELTWAY,NA,Front to Rear,Clear,Dry,Medium,No Controls,NONE DETECTED,No,No Apparent Injury,NA,Not Distracted,DC,Sport Utility Vehicle,Moving Constant Speed,60,No,2011,HONDA,PILOT,39.01822323,-76.99178323,2024,8,21
240039979,Property Damage Crash,08/23/2024 09:30:00 PM,CAPITAL BELTWAY,NA,Front to Rear,Clear,Dry,Medium,No Controls,NONE DETECTED,Yes,No Apparent Injury,NA,Not Distracted,NA,Pickup,Moving Constant Speed,60,No,2017,RAM,1500,39.01822323,-76.99178323,2024,8,21
240039973,Property Damage Crash,08/23/2024 08:50:00 PM,BROADVIEW RD,NA,Angle,Clear,Dry,Dark,No Controls,NONE DETECTED,No,NA,NA,NA,NA,Passenger Car,Turning Left,25,No,2008,HONDA,ACCORD,39.04509188,-77.0613109,2024,8,20
240039973,Property Damage Crash,08/23/2024 08:50:00 PM,BROADVIEW RD,NA,Angle,Clear,Dry,Dark,No Controls,NONE DETECTED,No,No Apparent Injury,NA,Not Distracted,MD,Sport Utility Vehicle,Slowing or Stopping,25,No,2016,HONDA,CR-V,39.04509188,-77.0613109,2024,8,20
240039972,Property Damage Crash,08/23/2024 08:40:00 PM,GLENMONT CIR #1,NA,Front to Rear,Clear,Dry,Medium,Traffic Control Signal,NONE DETECTED,No,No Apparent Injury,NA,Not Distracted,MD,Sport Utility Vehicle,Stopped in Traffic,40,No,2016,HONDA,CR-V,39.05916153,-77.0477308,2024,8,20
240039972,Property Damage Crash,08/23/2024 08:40:00 PM,GLENMONT CIR #1,NA,Front to Rear,Clear,Dry,Medium,Traffic Control Signal,NONE DETECTED,No,NA,NA,NA,NA,Passenger Car,NA,40,No,2008,HONDA,ACCORD,39.05916153,-77.0477308,2024,8,20
240039961,Property Damage Crash,08/23/2024 07:01:00 PM,ELKIN ST,NA,"Sideswipe, Same Direction",Clear,Dry,Daylight,No Controls,NONE DETECTED,No,No Apparent Injury,NA,Not Distracted,MD,Passenger Car,Parked,25,No,2023,ACURA,INTEGRA,39.04330698,-77.04983227,2024,8,19
240039961,Property Damage Crash,08/23/2024 07:01:00 PM,ELKIN ST,NA,"Sideswipe, Same Direction",Clear,Dry,Daylight,No Controls,NONE DETECTED,Yes,No Apparent Injury,"Operated Motor Vehicle in Inattentive, Careless, Negligent, or Erratic Manner",Not Distracted,MD,Passenger Car,NA,25,No,2013,CHEVROLET,VOLT,39.04330698,-77.04983227,2024,8,19
240039959,Property Damage Crash,08/23/2024 06:40:00 PM,REDLAND RD,NA,Angle,Clear,Dry,Daylight,No Controls,NONE DETECTED,No,No Apparent Injury,NA,Not Distracted,MD,Passenger Car,Moving Constant Speed,35,No,2013,JEEP,GRAND CHEROKEE,39.12817824,-77.14963228,2024,8,18
240039959,Property Damage Crash,08/23/2024 06:40:00 PM,REDLAND RD,NA,Angle,Clear,Dry,Daylight,No Controls,NONE DETECTED,Yes,No Apparent Injury,Failed to Yield Right-of-Way,Unknown,MD,Passenger Car,Turning Left,35,No,2018,CHEVROLET,MALIBU,39.12817824,-77.14963228,2024,8,18
240039955,Property Damage Crash,08/23/2024 06:02:00 PM,RIDGE RD,NA,Front to Rear,Clear,Dry,Daylight,No Controls,NONE DETECTED,Yes,No Apparent Injury,Followed Too Closely,Talking/listening,MD,Passenger Car,Moving Constant Speed,40,No,2019,HONDA,PILOT,39.24095672,-77.23495872,2024,8,18
240039955,Property Damage Crash,08/23/2024 06:02:00 PM,RIDGE RD,NA,Front to Rear,Clear,Dry,Daylight,No Controls,NONE DETECTED,No,No Apparent Injury,NA,Not Distracted,MD,Passenger Car,Moving Constant Speed,40,No,2013,FORD,UNKNOWN,39.24095672,-77.23495872,2024,8,18
240039949,Property Damage Crash,08/23/2024 05:26:00 PM,NA,NA,Front to Rear,Clear,Dry,Daylight,No Controls,NONE DETECTED,No,No Apparent Injury,NA,Not Distracted,MD,Passenger Car,Stopped in Traffic,30,No,2017,HYUNDAI,ELANTRA,39.15550012,-77.2610926,2024,8,17
240039949,Property Damage Crash,08/23/2024 05:26:00 PM,NA,NA,Front to Rear,Clear,Dry,Daylight,No Controls,NONE DETECTED,Yes,No Apparent Injury,Followed Too Closely,Unknown,MD,Van - Passenger (&lt;9 Seats),Moving Constant Speed,30,No,2005,TOYOTA,SIENNA,39.15550012,-77.2610926,2024,8,17
240039949,Property Damage Crash,08/23/2024 05:26:00 PM,NA,NA,Front to Rear,Clear,Dry,Daylight,No Controls,NONE DETECTED,No,No Apparent Injury,NA,Not Distracted,MD,Passenger Car,Stopped in Traffic,30,No,2018,TOYOTA,COROLLA,39.15550012,-77.2610926,2024,8,17
240039950,Property Damage Crash,08/23/2024 05:13:00 PM,NEW HAMPSHIRE AVE,NA,"Sideswipe, Same Direction",Clear,Dry,Daylight,No Controls,NONE DETECTED,No,No Apparent Injury,NA,Not Distracted,MD,Bus - Transit,Changing Lanes,20,No,2022,GILLIG,CITY TRANSIT BUS,38.98646583,-76.98791738,2024,8,17
240039950,Property Damage Crash,08/23/2024 05:13:00 PM,NEW HAMPSHIRE AVE,NA,"Sideswipe, Same Direction",Clear,Dry,Daylight,No Controls,NONE DETECTED,No,No Apparent Injury,NA,Not Distracted,MD,Passenger Car,Moving Constant Speed,30,No,2012,HONDA,ACCORD,38.98646583,-76.98791738,2024,8,17
240039936,Property Damage Crash,08/23/2024 04:34:00 PM,GEORGIA AVE,NA,Front to Rear,Clear,Dry,Daylight,Traffic Control Signal,NONE DETECTED,Yes,No Apparent Injury,Followed Too Closely,"Manually Operating (dialing, playing game, etc.)",MD,Passenger Car,Moving Constant Speed,35,No,2020,JEEP,RENEGADE,39.13594683,-77.0692835,2024,8,16
240039936,Property Damage Crash,08/23/2024 04:34:00 PM,GEORGIA AVE,NA,Front to Rear,Clear,Dry,Daylight,Traffic Control Signal,NONE DETECTED,No,No Apparent Injury,NA,Not Distracted,MD,Passenger Car,Moving Constant Speed,35,No,2021,TOYOTA,HIGHLANDER,39.13594683,-77.0692835,2024,8,16
240039934,Injury Crash,08/23/2024 04:17:00 PM,AIRCRAFT DR,NA,Angle,Clear,Dry,Daylight,Traffic Control Signal,NONE DETECTED,No,Possible Minor Injury,Ran Red Light,Unknown,MD,Sport Utility Vehicle,Moving Constant Speed,40,No,2017,TOYOTA,RAV4,39.18200596,-77.26013427,2024,8,16
240039934,Injury Crash,08/23/2024 04:17:00 PM,AIRCRAFT DR,NA,Angle,Clear,Dry,Daylight,Traffic Control Signal,NONE DETECTED,No,Possible Minor Injury,NA,Not Distracted,NA,Passenger Car,Turning Left,30,No,2002,ACURA,TL,39.18200596,-77.26013427,2024,8,16
240039932,Injury Crash,08/23/2024 04:00:00 PM,RAMP 9 FR RAMP 1 TO BRIGGS CHANEY RD EB,NA,Front to Rear,Clear,Dry,Daylight,No Controls,NONE DETECTED,No,No Apparent Injury,NA,Not Distracted,MD,Passenger Car,Stopped in Traffic,45,No,2006,TOYOTA,RAV4,39.08234231,-76.94844357,2024,8,16
240039932,Injury Crash,08/23/2024 04:00:00 PM,RAMP 9 FR RAMP 1 TO BRIGGS CHANEY RD EB,NA,Front to Rear,Clear,Dry,Daylight,No Controls,NONE DETECTED,Yes,No Apparent Injury,NA,Unknown,MD,Sport Utility Vehicle,Moving Constant Speed,45,No,2017,HYUNDAI,ELANTRA,39.08234231,-76.94844357,2024,8,16
240039935,Injury Crash,08/23/2024 04:00:00 PM,NA,NA,Angle,Clear,Dry,Daylight,No Controls,NONE DETECTED,No,Possible Minor Injury,NA,Not Distracted,MD,Passenger Car,Moving Constant Speed,25,No,2015,BMW,528I,39.0037612,-77.13724655,2024,8,16
240039935,Injury Crash,08/23/2024 04:00:00 PM,NA,NA,Angle,Clear,Dry,Daylight,Stop Sign,NONE DETECTED,No,No Apparent Injury,Disregarded Other Traffic Sign,Unknown,MD,Passenger Car,Moving Constant Speed,25,No,2018,MAZDA,CX-9,39.0037612,-77.13724655,2024,8,16
240039932,Injury Crash,08/23/2024 04:00:00 PM,RAMP 9 FR RAMP 1 TO BRIGGS CHANEY RD EB,NA,Front to Rear,Clear,Dry,Daylight,No Controls,NONE DETECTED,No,Possible Minor Injury,NA,Not Distracted,VA,Passenger Car,Stopped in Traffic,45,No,2014,HONDA,ACCORD,39.08234231,-76.94844357,2024,8,16
240039921,Injury Crash,08/23/2024 03:20:00 PM,WYNDALE RD,NA,Front to Front,Clear,Dry,Daylight,Stop Sign,NONE DETECTED,No,Possible Minor Injury,NA,Unknown,MD,Sport Utility Vehicle,Moving Constant Speed,20,No,2020,HYUNDAI,KONA,38.98532508,-77.05732881,2024,8,15
240039921,Injury Crash,08/23/2024 03:20:00 PM,WYNDALE RD,NA,Front to Front,Clear,Dry,Daylight,No Controls,NONE DETECTED,No,No Apparent Injury,NA,Not Distracted,MD,Van - Cargo,Moving Constant Speed,20,No,2008,CHEVROLET,EXPRESS,38.98532508,-77.05732881,2024,8,15
240039910,Property Damage Crash,08/23/2024 02:50:00 PM,COLUMBIA PIKE,NA,"Sideswipe, Same Direction",Clear,Dry,Daylight,Traffic Control Signal,NONE DETECTED,Yes,No Apparent Injury,Other Improper Action,Not Distracted,MD,Other,Slowing or Stopping,40,No,2016,FREIGHTLINER,XCA CHASSIS,39.03105753,-77.00479071,2024,8,14
240039910,Property Damage Crash,08/23/2024 02:50:00 PM,COLUMBIA PIKE,NA,"Sideswipe, Same Direction",Clear,Dry,Daylight,Traffic Control Signal,NONE DETECTED,No,No Apparent Injury,NA,Not Distracted,MD,Single-Unit Truck,Stopped in Traffic,40,No,2023,INTERNATIONAL,MV607,39.03105753,-77.00479071,2024,8,14
240039913,Injury Crash,08/23/2024 02:31:00 PM,NA,NA,Front to Rear,Clear,Dry,Daylight,No Controls,NONE DETECTED,No,No Apparent Injury,NA,Not Distracted,MD,Sport Utility Vehicle,Slowing or Stopping,35,No,2015,TOYOTA,HIGHLANDER,39.02135767,-77.21339759,2024,8,14
240039913,Injury Crash,08/23/2024 02:31:00 PM,NA,NA,Front to Rear,Clear,Dry,Daylight,No Controls,NONE DETECTED,No,Possible Minor Injury,NA,Not Distracted,VA,Sport Utility Vehicle,Stopped in Traffic,35,No,2022,BMW,Z3,39.02135767,-77.21339759,2024,8,14
240039904,Property Damage Crash,08/23/2024 02:00:00 PM,NA,NA,Rear To Rear,Clear,NA,Daylight,NA,NONE DETECTED,No,No Apparent Injury,NA,Not Distracted,MD,Passenger Car,Backing,0,No,2016,HONDA,ODYSSEY,39.08304793,-76.94555511,2024,8,14
240039904,Property Damage Crash,08/23/2024 02:00:00 PM,NA,NA,Rear To Rear,Clear,NA,Daylight,NA,NONE DETECTED,No,No Apparent Injury,NA,Not Distracted,MD,Passenger Car,Backing,0,No,2024,LEXUS,RZ,39.08304793,-76.94555511,2024,8,14
240039896,Injury Crash,08/23/2024 01:38:00 PM,NA,NA,Angle,Clear,Dry,Daylight,Traffic Control Signal,NONE DETECTED,No,Possible Minor Injury,NA,Not Distracted,MD,Sport Utility Vehicle,Moving Constant Speed,30,No,2016,FORD,EXPEDITION,39.11566986,-77.16615946,2024,8,13
240039896,Injury Crash,08/23/2024 01:38:00 PM,NA,NA,Angle,Clear,Dry,Daylight,Traffic Control Signal,NONE DETECTED,Yes,No Apparent Injury,NA,Not Distracted,MD,Sport Utility Vehicle,Turning Right,35,No,2009,AUDI,Q7,39.11566986,-77.16615946,2024,8,13
240039894,Injury Crash,08/23/2024 01:34:00 PM,VEIRS MILL RD (WB/L),NA,Rear To Side,Clear,Dry,Daylight,Traffic Control Signal,NONE DETECTED,No,Possible Minor Injury,NA,Not Distracted,MD,Passenger Car,Turning Left,45,No,2010,TOYOTA,CAMRY,39.06303565,-77.09498065,2024,8,13
240039894,Injury Crash,08/23/2024 01:34:00 PM,VEIRS MILL RD (WB/L),NA,Rear To Side,Clear,Dry,Daylight,Traffic Control Signal,NONE DETECTED,Yes,No Apparent Injury,NA,Not Distracted,MD,Other Trucks,Backing,45,No,2013,HINO,UNKNOWN,39.06303565,-77.09498065,2024,8,13
240039889,Property Damage Crash,08/23/2024 12:45:00 PM,NA,NA,"Sideswipe, Opposite Direction",Clear,NA,Daylight,NA,NONE DETECTED,Yes,No Apparent Injury,"Followed Too Closely, Other Improper Action",Not Distracted,MD,Passenger Car,Moving Constant Speed,0,No,2012,LEXUS,ES,39.07640353,-77.00346246,2024,8,12
240039892,Property Damage Crash,08/23/2024 12:25:00 PM,NA,NA,Angle,Clear,Dry,Daylight,Stop Sign,NONE DETECTED,Yes,No Apparent Injury,Failed to Yield Right-of-Way,Not Distracted,MD,Passenger Car,Turning Left,35,No,2018,FORD,FIESTA,39.26927333,-77.15237583,2024,8,12
240039892,Property Damage Crash,08/23/2024 12:25:00 PM,NA,NA,Angle,Clear,Dry,Daylight,No Controls,NONE DETECTED,No,No Apparent Injury,NA,Not Distracted,MD,Sport Utility Vehicle,Moving Constant Speed,35,No,2017,TOYOTA,RAV4,39.26927333,-77.15237583,2024,8,12
240039881,Property Damage Crash,08/23/2024 12:17:00 PM,CONNECTICUT AVE,NA,"Sideswipe, Same Direction",Clear,Dry,Daylight,Traffic Control Signal,NONE DETECTED,Yes,No Apparent Injury,Other Improper Action,Not Distracted,MD,Sport Utility Vehicle,Changing Lanes,35,No,2021,HONDA,PILOT,38.99589854,-77.07707488,2024,8,12
240039881,Property Damage Crash,08/23/2024 12:17:00 PM,CONNECTICUT AVE,NA,"Sideswipe, Same Direction",Clear,Dry,Daylight,Traffic Control Signal,NONE DETECTED,No,No Apparent Injury,NA,Not Distracted,VA,Sport Utility Vehicle,Stopped in Traffic,35,No,2016,SUBARU,CROSSTREK,38.99589854,-77.07707488,2024,8,12
240039874,Property Damage Crash,08/23/2024 11:50:00 AM,GRANVILLE DR,NA,Front to Front,Clear,Dry,Daylight,Traffic Control Signal,NONE DETECTED,No,No Apparent Injury,"Failed to Yield Right-of-Way, Too Fast For Conditions",Not Distracted,MD,Passenger Car,Slowing or Stopping,35,No,2003,TOYOTA,CAMRY,39.01329707,-77.01678637,2024,8,11
240039874,Property Damage Crash,08/23/2024 11:50:00 AM,GRANVILLE DR,NA,Front to Front,Clear,Dry,Daylight,Traffic Control Signal,NONE DETECTED,No,No Apparent Injury,NA,Not Distracted,MD,Passenger Car,Turning Left,35,No,2015,SUBARU,FORESTER,39.01329707,-77.01678637,2024,8,11
240039870,Property Damage Crash,08/23/2024 11:15:00 AM,NORFOLK AVE,NA,Front to Rear,Clear,Dry,Daylight,No Controls,NONE DETECTED,No,No Apparent Injury,NA,Not Distracted,MD,Passenger Car,Backing,25,No,2014,HONDA,CR-V,38.98872033,-77.09693,2024,8,11
240039870,Property Damage Crash,08/23/2024 11:15:00 AM,NORFOLK AVE,NA,Front to Rear,Clear,Dry,Daylight,No Controls,NONE DETECTED,No,No Apparent Injury,NA,Not Distracted,MD,Passenger Car,Parked,25,No,2023,CHEVROLET,BOLT EUV,38.98872033,-77.09693,2024,8,11
240039869,Property Damage Crash,08/23/2024 10:32:00 AM,GUNNERS BRANCH RD,NA,Front to Rear,Clear,Dry,Daylight,No Controls,NONE DETECTED,Yes,No Apparent Injury,Other Improper Action,Not Distracted,MD,Passenger Car,Entering Traffic Lane,35,No,2007,HONDA,CIVIC,39.1767486,-77.24223855,2024,8,10
240039866,Property Damage Crash,08/23/2024 10:27:00 AM,NA,NA,"Sideswipe, Same Direction",Clear,Dry,Daylight,No Controls,NONE DETECTED,No,No Apparent Injury,NA,Not Distracted,MD,Passenger Car,Moving Constant Speed,25,No,2019,TOYOTA,HIGHLANDER,38.9940485,-77.064256,2024,8,10
240039866,Property Damage Crash,08/23/2024 10:27:00 AM,NA,NA,"Sideswipe, Same Direction",Clear,Dry,Daylight,No Controls,NONE DETECTED,Yes,No Apparent Injury,Improper Turn,Not Distracted,MD,Passenger Car,Turning Left,25,No,2018,VOLVO,XC60,38.9940485,-77.064256,2024,8,10
240039861,Property Damage Crash,08/23/2024 09:57:00 AM,NA,NA,Rear To Side,Clear,Dry,Daylight,"Other Pavement Marking (excluding edgelines, centerlines, or lane lines)",NONE DETECTED,Yes,No Apparent Injury,NA,Not Distracted,MD,Passenger Car,Moving Constant Speed,35,No,2011,TOYOTA,CAMRY,38.96343167,-77.10163667,2024,8,9
240039861,Property Damage Crash,08/23/2024 09:57:00 AM,NA,NA,Rear To Side,Clear,Dry,Daylight,Stop Sign,NONE DETECTED,No,No Apparent Injury,NA,Not Distracted,DC,Passenger Car,Turning Left,35,No,2012,JEEP,COMPASS,38.96343167,-77.10163667,2024,8,9