Local Case Number,ACRS Report Type,Crash Date/Time,Road Name,Related Non-Motorist,Collision Type,Weather,Surface Condition,Light,Traffic Control,Driver Substance Abuse,Driver At Fault,Injury Severity,Circumstance,Driver Distracted By,Drivers License State,Vehicle Body Type,Vehicle Movement,Speed Limit,Driverless Vehicle,Vehicle Year,Vehicle Make,Vehicle Model,Latitude,Longitude,Year,Month,Hour
240039859,Property Damage Crash,08/23/2024 09:39:00 AM,NA,NA,"Sideswipe, Same Direction",Clear,Dry,Daylight,Traffic Control Signal,NONE DETECTED,No,No Apparent Injury,NA,Not Distracted,MD,Passenger Car,Moving Constant Speed,30,No,2018,TOYOTA,RAV4,39.14911094,-77.0291838,2024,8,9
240039859,Property Damage Crash,08/23/2024 09:39:00 AM,NA,NA,"Sideswipe, Same Direction",Clear,Dry,Daylight,Traffic Control Signal,NONE DETECTED,Yes,No Apparent Injury,"Failed to Yield Right-of-Way, Improper Turn",Not Distracted,MD,Passenger Car,Turning Right,30,No,2020,TOYOTA,COROLLA,39.14911094,-77.0291838,2024,8,9
240039853,Property Damage Crash,08/23/2024 08:55:00 AM,UNIVERSITY LA,NA,"Sideswipe, Same Direction",Clear,Dry,Daylight,Flashing Traffic Control Signal,NONE DETECTED,Yes,NA,NA,NA,NA,NA,Changing Lanes,35,No,0,NA,NA,38.99235779,-76.99136574,2024,8,8
240039853,Property Damage Crash,08/23/2024 08:55:00 AM,UNIVERSITY LA,NA,"Sideswipe, Same Direction",Clear,Dry,Daylight,Flashing Traffic Control Signal,NONE DETECTED,No,No Apparent Injury,NA,Not Distracted,MD,Passenger Car,Moving Constant Speed,35,No,2009,TOYOTA,CAMRY,38.99235779,-76.99136574,2024,8,8
240039844,Injury Crash,08/23/2024 07:56:00 AM,NORBECK RD (WB/L),NA,Front to Rear,Clear,Dry,Daylight,No Controls,NONE DETECTED,Yes,Possible Minor Injury,NA,Not Distracted,MD,Sport Utility Vehicle,Slowing or Stopping,40,No,2011,HONDA,CR-V,39.092932,-77.12302167,2024,8,7
240039844,Injury Crash,08/23/2024 07:56:00 AM,NORBECK RD (WB/L),NA,Front to Rear,Clear,Dry,Daylight,No Controls,NONE DETECTED,No,No Apparent Injury,NA,Not Distracted,MD,Passenger Car,Slowing or Stopping,40,No,2017,TOYOTA,COROLLA,39.092932,-77.12302167,2024,8,7
240039812,Property Damage Crash,08/22/2024 09:59:00 PM,HIGHLAND DR,NA,Front to Rear,Clear,Dry,Medium,No Controls,NONE DETECTED,No,NA,NA,NA,NA,Passenger Car,Accelerating,35,No,2011,HONDA,ODYSSEY,39.00414624,-77.03689099,2024,8,21
240039812,Property Damage Crash,08/22/2024 09:59:00 PM,HIGHLAND DR,NA,Front to Rear,Clear,Dry,Medium,No Controls,NONE DETECTED,No,No Apparent Injury,NA,Not Distracted,DC,Sport Utility Vehicle,Slowing or Stopping,35,No,2024,TOYOTA,RAV4,39.00414624,-77.03689099,2024,8,21
240039809,Property Damage Crash,08/22/2024 09:45:00 PM,NA,NA,Angle,Clear,Dry,Medium,Stop Sign,NONE DETECTED,Yes,No Apparent Injury,Failed to Yield Right-of-Way,Not Distracted,MD,Passenger Car,Accelerating,25,No,2015,NISSAN,PATHFINDER,39.16177133,-77.07124517,2024,8,21
240039809,Property Damage Crash,08/22/2024 09:45:00 PM,NA,NA,Angle,Clear,Dry,Medium,Stop Sign,NONE DETECTED,No,No Apparent Injury,NA,Not Distracted,MD,Passenger Car,Accelerating,25,No,2020,HONDA,PILOT,39.16177133,-77.07124517,2024,8,21
240039795,Injury Crash,08/22/2024 08:12:00 PM,MAPLE AVE,NA,Unknown,Clear,Dry,Medium,No Controls,NONE DETECTED,No,Possible Minor Injury,NA,Unknown,VA,Passenger Car,NA,25,No,2016,INFINITI,QX50,38.98433482,-77.00436497,2024,8,20
240039795,Injury Crash,08/22/2024 08:12:00 PM,MAPLE AVE,NA,Unknown,Clear,Dry,Medium,No Controls,NONE DETECTED,No,No Apparent Injury,NA,Not Distracted,MD,Passenger Car,Parked,5,No,2017,TOYOTA,COROLLA,38.98433482,-77.00436497,2024,8,20
240039784,Injury Crash,08/22/2024 06:55:00 PM,GLEN RD,NA,Single Vehicle,Clear,Dry,Daylight,Traffic Control Signal,ALCOHOL PRESENT,Yes,Possible Minor Injury,"Operated Motor Vehicle in Inattentive, Careless, Negligent, or Erratic Manner",Unknown,MD,Passenger Car,Moving Constant Speed,30,No,2017,LEXUS,NX,39.04618333,-77.19151167,2024,8,18
240039789,Injury Crash,08/22/2024 06:30:00 PM,NA,Pedestrian,Single Vehicle,Clear,NA,Daylight,NA,NONE DETECTED,No,No Apparent Injury,NA,Unknown,NA,Sport Utility Vehicle,Backing,0,No,0,NA,NA,39.0833628,-76.94584732,2024,8,18
240039780,Injury Crash,08/22/2024 06:26:00 PM,NA,NA,Front to Front,Clear,Dry,Daylight,Stop Sign,NONE DETECTED,No,Possible Minor Injury,NA,Not Distracted,MD,Sport Utility Vehicle,Stopped in Traffic,25,No,2019,KIA,SORENTO,39.06219917,-77.0671165,2024,8,18
240039777,Injury Crash,08/22/2024 06:26:00 PM,NA,Pedestrian,Single Vehicle,Clear,Dry,Daylight,Pedestrian Crossing Sign,NONE DETECTED,Yes,No Apparent Injury,NA,Not Distracted,MD,Passenger Car,Accelerating,25,No,2014,CADILLAC,XTS,39.04147389,-76.98294091,2024,8,18
240039780,Injury Crash,08/22/2024 06:26:00 PM,NA,NA,Front to Front,Clear,Dry,Daylight,Stop Sign,NONE DETECTED,No,No Apparent Injury,NA,Not Distracted,MD,Sport Utility Vehicle,Turning Right,30,No,2012,HYUNDAI,SANTA FE,39.06219917,-77.0671165,2024,8,18
240039772,Injury Crash,08/22/2024 06:02:00 PM,COLUMBIA PIKE,NA,Front to Rear,Clear,Dry,Daylight,No Controls,NONE DETECTED,No,Possible Minor Injury,NA,Not Distracted,MD,Passenger Car,Moving Constant Speed,45,No,2013,AUDI,S4,39.04338909,-76.99165932,2024,8,18
240039761,Property Damage Crash,08/22/2024 05:00:00 PM,NA,NA,Angle,Clear,Dry,Daylight,Stop Sign,NONE DETECTED,No,No Apparent Injury,NA,Not Distracted,MD,Passenger Car,Moving Constant Speed,30,No,2013,SUBARU,CROSSTREK,39.12990807,-77.34587728,2024,8,17
240039761,Property Damage Crash,08/22/2024 05:00:00 PM,NA,NA,Angle,Clear,Dry,Daylight,Stop Sign,NONE DETECTED,Yes,No Apparent Injury,Ran Stop Sign,"Other Action (looking away from task, etc.)",MD,Passenger Car,Turning Left,30,No,2014,AUDI,100,39.12990807,-77.34587728,2024,8,17
240039779,Property Damage Crash,08/22/2024 05:00:00 PM,ST ELMO AVE,NA,Angle,Clear,Dry,Daylight,No Controls,NONE DETECTED,Yes,No Apparent Injury,NA,Unknown,NA,Passenger Car,Moving Constant Speed,25,No,2008,LEXUS,ES,38.9894497,-77.09681194,2024,8,17
240039779,Property Damage Crash,08/22/2024 05:00:00 PM,ST ELMO AVE,NA,Angle,Clear,Dry,Daylight,No Controls,NONE DETECTED,No,No Apparent Injury,NA,Not Distracted,DC,Passenger Car,Moving Constant Speed,25,No,2011,TOYOTA,SEQUOIA,38.9894497,-77.09681194,2024,8,17
240039765,Property Damage Crash,08/22/2024 04:57:00 PM,FIELDCREST RD,NA,"Sideswipe, Same Direction",Clear,Dry,Daylight,Traffic Control Signal,NONE DETECTED,Yes,No Apparent Injury,Other Improper Action,Not Distracted,MD,Passenger Car,Turning Right,40,No,2016,FORD,FOCUS,39.1851563,-77.1507039,2024,8,16
240039765,Property Damage Crash,08/22/2024 04:57:00 PM,FIELDCREST RD,NA,"Sideswipe, Same Direction",Clear,Dry,Daylight,Traffic Control Signal,NONE DETECTED,No,No Apparent Injury,NA,Not Distracted,MD,Truck Tractor,Turning Right,40,No,2001,K & W LOAD STAR,UNKNOWN,39.1851563,-77.1507039,2024,8,16
240039759,Property Damage Crash,08/22/2024 04:38:00 PM,QUINCE ORCHARD RD (SB/L),NA,"Sideswipe, Same Direction",Clear,Dry,Daylight,Traffic Control Signal,NONE DETECTED,No,No Apparent Injury,NA,Not Distracted,MD,Passenger Car,Accelerating,35,No,2017,TOYOTA,COROLLA,39.145495,-77.21967833,2024,8,16
240039759,Property Damage Crash,08/22/2024 04:38:00 PM,QUINCE ORCHARD RD (SB/L),NA,"Sideswipe, Same Direction",Clear,Dry,Daylight,Traffic Control Signal,NONE DETECTED,Yes,No Apparent Injury,Failed to Keep in Proper Lane,Not Distracted,MD,Bus - Transit,Negotiating a Curve,35,No,2017,GILLIG,CITY TRANSIT BUS,39.145495,-77.21967833,2024,8,16
240039748,Property Damage Crash,08/22/2024 03:30:00 PM,VEIRS MILL RD (WB/L),NA,Front to Rear,Clear,Dry,Daylight,Traffic Control Signal,NONE DETECTED,Yes,No Apparent Injury,NA,"Other Action (looking away from task, etc.)",MD,Sport Utility Vehicle,Slowing or Stopping,30,No,2007,LEXUS,RX,39.0796412,-77.13718243,2024,8,15
240039748,Property Damage Crash,08/22/2024 03:30:00 PM,VEIRS MILL RD (WB/L),NA,Front to Rear,Clear,Dry,Daylight,Traffic Control Signal,NONE DETECTED,No,No Apparent Injury,NA,Not Distracted,MD,Passenger Car,Stopped in Traffic,30,No,2019,DODGE,CHARGER,39.0796412,-77.13718243,2024,8,15
240039747,Property Damage Crash,08/22/2024 03:05:00 PM,NA,NA,Angle,Clear,Dry,Daylight,No Controls,NONE DETECTED,No,No Apparent Injury,NA,Not Distracted,FL,Sport Utility Vehicle,Moving Constant Speed,25,No,2017,MERCEDES-BENZ,GLS-CLASS,39.00121658,-77.12318954,2024,8,15
240039747,Property Damage Crash,08/22/2024 03:05:00 PM,NA,NA,Angle,Clear,Dry,Daylight,Stop Sign,NONE DETECTED,No,No Apparent Injury,NA,Not Distracted,VA,Sport Utility Vehicle,Accelerating,25,No,2025,HONDA,CR-V,39.00121658,-77.12318954,2024,8,15
240039742,Injury Crash,08/22/2024 02:45:00 PM,WOOTTON AVE,NA,Angle,Clear,Dry,Daylight,Stop Sign,NONE DETECTED,Yes,No Apparent Injury,Ran Stop Sign,Unknown,MD,Passenger Car,Accelerating,30,No,2017,TOYOTA,CAMRY,39.14231008,-77.4071027,2024,8,14
240039742,Injury Crash,08/22/2024 02:45:00 PM,WOOTTON AVE,NA,Angle,Clear,Dry,Daylight,Stop Sign,NONE DETECTED,No,Possible Minor Injury,NA,Not Distracted,PA,Sport Utility Vehicle,Moving Constant Speed,30,No,2008,FORD,ESCAPE,39.14231008,-77.4071027,2024,8,14
240039749,Property Damage Crash,08/22/2024 02:25:00 PM,NA,NA,Other,Clear,NA,Daylight,NA,NONE DETECTED,No,No Apparent Injury,NA,Not Distracted,MD,Sport Utility Vehicle,Moving Constant Speed,0,No,2008,LEXUS,RX,39.10926099,-76.93589654,2024,8,14
240039749,Property Damage Crash,08/22/2024 02:25:00 PM,NA,NA,Other,Clear,NA,Daylight,NA,NONE DETECTED,No,NA,NA,NA,NA,Pickup,Backing,0,No,2023,CHEVROLET,SILVERADO HD,39.10926099,-76.93589654,2024,8,14
240039728,Property Damage Crash,08/22/2024 01:58:00 PM,NEW HAMPSHIRE AVE,NA,"Sideswipe, Same Direction",Clear,Dry,Daylight,No Controls,NONE DETECTED,No,No Apparent Injury,NA,Not Distracted,NA,Moped Or motorized bicycle,Overtaking/Passing,35,No,2024,UNKNOWN,UNKNOWN,38.98874992,-76.9876753,2024,8,13
240039728,Property Damage Crash,08/22/2024 01:58:00 PM,NEW HAMPSHIRE AVE,NA,"Sideswipe, Same Direction",Clear,Dry,Daylight,No Controls,NONE DETECTED,No,No Apparent Injury,NA,Not Distracted,MD,Passenger Car,Stopped in Traffic,35,No,2015,SUBARU,FORESTER,38.98874992,-76.9876753,2024,8,13
240039722,Property Damage Crash,08/22/2024 01:13:00 PM,NA,NA,Unknown,Clear,NA,Daylight,NA,NONE DETECTED,No,NA,NA,NA,NA,Sport Utility Vehicle,Backing,0,No,2009,SUBARU,FORESTER,38.99965343,-77.01654279,2024,8,13
240039711,Property Damage Crash,08/22/2024 01:00:00 PM,ELLSWORTH DR,NA,"Sideswipe, Same Direction",Clear,Dry,Daylight,No Controls,NONE DETECTED,No,No Apparent Injury,Failed to Keep in Proper Lane,Not Distracted,MD,Passenger Car,Making U-Turn,25,No,2017,JAGUAR,XF,38.99716449,-77.02504832,2024,8,13
240039708,Property Damage Crash,08/22/2024 12:52:00 PM,NA,NA,Front to Front,Clear,Dry,Daylight,No Controls,NONE DETECTED,No,No Apparent Injury,"Failed to Keep in Proper Lane, Wrong Way",Unknown,MD,Passenger Car,Leaving Traffic Lane,30,No,2016,MERCEDES-BENZ,E-CLASS,39.05180833,-77.23281833,2024,8,12
240039708,Property Damage Crash,08/22/2024 12:52:00 PM,NA,NA,Front to Front,Clear,Dry,Daylight,No Controls,NONE DETECTED,No,No Apparent Injury,NA,Not Distracted,MD,Passenger Car,Moving Constant Speed,30,No,2024,CADILLAC,CT4,39.05180833,-77.23281833,2024,8,12
240039702,Property Damage Crash,08/22/2024 12:26:00 PM,KINGS CROSSING BLVD,NA,"Sideswipe, Same Direction",Clear,Dry,Daylight,"Person (including flagger, law enforcement, crossing guard, etc.",NONE DETECTED,Yes,No Apparent Injury,Improper Passing,Unknown,MD,Pickup,Moving Constant Speed,25,No,2016,FORD,F-550,39.16237656,-77.29942514,2024,8,12
240039702,Property Damage Crash,08/22/2024 12:26:00 PM,KINGS CROSSING BLVD,NA,"Sideswipe, Same Direction",Clear,Dry,Daylight,"Person (including flagger, law enforcement, crossing guard, etc.",NONE DETECTED,No,No Apparent Injury,NA,Not Distracted,MD,Bus - School,Stopped in Traffic,25,No,2015,THOMAS BUILT,SCHOOL BUS,39.16237656,-77.29942514,2024,8,12
240039691,Property Damage Crash,08/22/2024 11:10:00 AM,GLENRIDGE RD,NA,"Sideswipe, Opposite Direction",Clear,Dry,Daylight,No Controls,NONE DETECTED,Yes,No Apparent Injury,NA,Unknown,MD,Other Trucks,Moving Constant Speed,25,No,2015,FORD,COMMERCIAL CHASSIS,39.00555823,-77.04534128,2024,8,11
240039691,Property Damage Crash,08/22/2024 11:10:00 AM,GLENRIDGE RD,NA,"Sideswipe, Opposite Direction",Clear,Dry,Daylight,No Controls,NONE DETECTED,No,No Apparent Injury,NA,Not Distracted,MD,Passenger Car,Parked,25,No,2010,HONDA,FIT,39.00555823,-77.04534128,2024,8,11
240039670,Property Damage Crash,08/22/2024 09:15:00 AM,ELMCROFT BLVD,NA,Single Vehicle,Clear,Dry,Daylight,Stop Sign,NONE DETECTED,Yes,No Apparent Injury,NA,Not Distracted,MD,Bus - School,Turning Left,10,No,2020,THOMAS BUILT,SCHOOL BUS,39.11765297,-77.17184514,2024,8,9
240039664,Property Damage Crash,08/22/2024 08:10:00 AM,MILLWOOD RD,NA,Front to Rear,Clear,Dry,Daylight,Stop Sign,NONE DETECTED,No,No Apparent Injury,NA,Not Distracted,MD,Bus - School,Stopped in Traffic,25,No,2013,FREIGHTLINER,SBRD CHASSIS,38.97408716,-77.12066007,2024,8,8
240039664,Property Damage Crash,08/22/2024 08:10:00 AM,MILLWOOD RD,NA,Front to Rear,Clear,Dry,Daylight,Stop Sign,NONE DETECTED,Yes,No Apparent Injury,Improper Backing,Not Distracted,MD,Other Trucks,Backing,25,No,2007,HINO,UNKNOWN,38.97408716,-77.12066007,2024,8,8
240039663,Property Damage Crash,08/22/2024 07:39:00 AM,NA,NA,"Sideswipe, Same Direction",Clear,Dry,Daylight,Traffic Control Signal,NONE DETECTED,Yes,No Apparent Injury,Improper Turn,Not Distracted,NY,Sport Utility Vehicle,Turning Right,25,No,2016,TOYOTA,RAV4,38.98782525,-77.02682237,2024,8,7
240039663,Property Damage Crash,08/22/2024 07:39:00 AM,NA,NA,"Sideswipe, Same Direction",Clear,Dry,Daylight,No Controls,NONE DETECTED,No,No Apparent Injury,NA,Not Distracted,MD,Bus - Transit,Moving Constant Speed,25,No,2014,GILLIG,CITY TRANSIT BUS,38.98782525,-77.02682237,2024,8,7
240039659,Property Damage Crash,08/22/2024 07:06:00 AM,KINGSTEAD RD,NA,Single Vehicle,Clear,Dry,Daylight,No Controls,NONE DETECTED,Yes,No Apparent Injury,Failed to Keep in Proper Lane,Not Distracted,MD,Bus - School,Negotiating a Curve,25,No,2020,THOMAS BUILT,SCHOOL BUS,39.26956871,-77.24493022,2024,8,7
240039291,Property Damage Crash,08/22/2024 05:55:00 AM,SHADY GROVE RD,NA,"Sideswipe, Same Direction",Clear,Dry,Dark,No Controls,NONE DETECTED,No,NA,NA,NA,NA,Passenger Car,Moving Constant Speed,45,No,2022,TOYOTA,RAV4,39.14063142,-77.15192839,2024,8,5
240039291,Property Damage Crash,08/22/2024 05:55:00 AM,SHADY GROVE RD,NA,"Sideswipe, Same Direction",Clear,Dry,Dark,No Controls,NONE DETECTED,No,No Apparent Injury,NA,Not Distracted,MD,Truck Tractor,Moving Constant Speed,45,No,2020,VOLVO,CAB BEHIND ENGINE,39.14063142,-77.15192839,2024,8,5
240039648,Injury Crash,08/22/2024 01:11:00 AM,FERRARA DR,NA,Single Vehicle,Clear,Dry,Medium,No Controls,ALCOHOL PRESENT,Yes,Suspected Serious Injury,Other Improper Action,Unknown,MD,Passenger Car,Leaving Traffic Lane,25,No,2014,INFINITI,Q50,39.05239427,-77.0826571,2024,8,1
240039634,Injury Crash,08/21/2024 09:19:00 PM,GEORGIA AVE (SB/L),NA,Single Vehicle,Clear,Dry,Medium,Traffic Control Signal,NONE DETECTED,No,Possible Minor Injury,NA,Not Distracted,MD,Motorcycle - 2 Wheeled,Moving Constant Speed,35,No,2023,HARLEY DAVIDSON,SPORTSTER,39.14260202,-77.06762548,2024,8,21
240039623,Property Damage Crash,08/21/2024 08:00:00 PM,GEORGIA AVE,NA,Front to Rear,Clear,Dry,Daylight,No Controls,NONE DETECTED,No,No Apparent Injury,NA,Unknown,NA,Passenger Car,Moving Constant Speed,35,No,2019,TOYOTA,C-HR,39.01098377,-77.03761276,2024,8,20
240039623,Property Damage Crash,08/21/2024 08:00:00 PM,GEORGIA AVE,NA,Front to Rear,Clear,Dry,Daylight,No Controls,NONE DETECTED,No,No Apparent Injury,NA,Not Distracted,MD,Passenger Car,Moving Constant Speed,35,No,2021,MAZDA,CX-30,39.01098377,-77.03761276,2024,8,20
240039625,Property Damage Crash,08/21/2024 07:45:00 PM,PLYERS MILL RD,NA,Front to Rear,Clear,Dry,Medium,No Controls,NONE DETECTED,No,No Apparent Injury,NA,Not Distracted,MD,Sport Utility Vehicle,Slowing or Stopping,35,No,2024,HYUNDAI,UNKNOWN,39.02970955,-77.07580979,2024,8,19
240039625,Property Damage Crash,08/21/2024 07:45:00 PM,PLYERS MILL RD,NA,Front to Rear,Clear,Dry,Medium,No Controls,ALCOHOL PRESENT,Yes,No Apparent Injury,"Followed Too Closely, Too Fast For Conditions",Not Distracted,MD,Passenger Car,Moving Constant Speed,35,No,2014,HONDA,ACCORD,39.02970955,-77.07580979,2024,8,19
240039610,Property Damage Crash,08/21/2024 06:34:00 PM,NA,NA,Other,Clear,NA,Daylight,NA,NONE DETECTED,No,NA,NA,NA,NA,Pickup,NA,0,No,2018,FORD,F-150,39.11721033,-77.25150583,2024,8,18
240039611,Property Damage Crash,08/21/2024 06:30:00 PM,RANDOLPH RD,NA,Front to Rear,Clear,Dry,Daylight,No Controls,NONE DETECTED,No,No Apparent Injury,NA,Not Distracted,MD,Sport Utility Vehicle,Slowing or Stopping,35,No,2019,HONDA,CR-V,39.05896781,-77.06717762,2024,8,18
240039611,Property Damage Crash,08/21/2024 06:30:00 PM,RANDOLPH RD,NA,Front to Rear,Clear,Dry,Daylight,No Controls,NONE DETECTED,Yes,No Apparent Injury,Followed Too Closely,Not Distracted,FL,Passenger Car,Slowing or Stopping,35,No,2009,NISSAN,CUBE,39.05896781,-77.06717762,2024,8,18
240039604,Property Damage Crash,08/21/2024 06:13:00 PM,BRINK RD,NA,"Sideswipe, Opposite Direction",Clear,Dry,Daylight,No Controls,NONE DETECTED,Yes,No Apparent Injury,NA,Unknown,MD,Passenger Car,Moving Constant Speed,25,No,2006,TOYOTA,SCION TC,39.20720333,-77.18345,2024,8,18
240039604,Property Damage Crash,08/21/2024 06:13:00 PM,BRINK RD,NA,"Sideswipe, Opposite Direction",Clear,Dry,Daylight,Curve Ahead Warning Sign,NONE DETECTED,No,No Apparent Injury,NA,Not Distracted,MD,Van - Passenger (&lt;9 Seats),Moving Constant Speed,25,No,2016,HONDA,ODYSSEY,39.20720333,-77.18345,2024,8,18
240039607,Property Damage Crash,08/21/2024 06:00:00 PM,VEIRS MILL RD (WB/L),NA,Angle,Clear,Dry,Daylight,Traffic Control Signal,NONE DETECTED,No,No Apparent Injury,"Failed to Yield Right-of-Way, Operated Motor Vehicle in Reckless or Aggressive Manner",Not Distracted,NY,Passenger Car,Turning Left,35,No,2020,NISSAN,ROGUE,39.077101,-77.12353967,2024,8,18
240039607,Property Damage Crash,08/21/2024 06:00:00 PM,VEIRS MILL RD (WB/L),NA,Angle,Clear,Dry,Daylight,Traffic Control Signal,NONE DETECTED,No,No Apparent Injury,Other Improper Action,Not Distracted,MD,Passenger Car,Moving Constant Speed,35,No,2015,NISSAN,ROGUE,39.077101,-77.12353967,2024,8,18
240039595,Property Damage Crash,08/21/2024 05:45:00 PM,DAMASCUS RD,NA,Front to Rear,Clear,Dry,Daylight,No Controls,NONE DETECTED,No,No Apparent Injury,NA,Not Distracted,MD,Sport Utility Vehicle,Accelerating,40,No,2020,DODGE,DURANGO,39.25385823,-77.14223881,2024,8,17
240039595,Property Damage Crash,08/21/2024 05:45:00 PM,DAMASCUS RD,NA,Front to Rear,Clear,Dry,Daylight,No Controls,NONE DETECTED,Yes,No Apparent Injury,Followed Too Closely,Not Distracted,MD,Pickup,Moving Constant Speed,40,No,2013,TOYOTA,TACOMA,39.25385823,-77.14223881,2024,8,17
240039592,Property Damage Crash,08/21/2024 05:36:00 PM,WINTER MORNING WAY,NA,Front to Rear,Clear,Dry,Daylight,No Controls,NONE DETECTED,No,No Apparent Injury,NA,Not Distracted,MD,Passenger Car,Slowing or Stopping,35,No,2014,ACURA,TL,39.14233323,-77.05763694,2024,8,17
240039592,Property Damage Crash,08/21/2024 05:36:00 PM,WINTER MORNING WAY,NA,Front to Rear,Clear,Dry,Daylight,No Controls,NONE DETECTED,No,No Apparent Injury,Too Fast For Conditions,Unknown,MD,Sport Utility Vehicle,Moving Constant Speed,35,No,2007,CADILLAC,SRX,39.14233323,-77.05763694,2024,8,17
240035989,Injury Crash,08/21/2024 05:20:00 PM,S WESTLAND DR,Pedestrian,Unknown,Clear,Dry,Daylight,Lane Use Control Signal,NONE DETECTED,No,No Apparent Injury,NA,Unknown,MD,Passenger Car,Accelerating,15,No,2020,HONDA,HR-V,39.12591519,-77.18288302,2024,8,17
240039581,Property Damage Crash,08/21/2024 05:00:00 PM,VEIRS MILL RD (WB/L),NA,Angle,Clear,Dry,Daylight,Traffic Control Signal,NONE DETECTED,Yes,No Apparent Injury,NA,Unknown,MD,Passenger Car,Turning Left,40,No,2020,HONDA,CIVIC,39.07500642,-77.11565531,2024,8,17
240039587,Property Damage Crash,08/21/2024 05:00:00 PM,PERSIMMON TREE RD,NA,Single Vehicle,Clear,Dry,Daylight,No Controls,NONE DETECTED,No,No Apparent Injury,NA,Not Distracted,MD,Passenger Car,Moving Constant Speed,25,No,2014,NISSAN,ALTIMA,38.98986817,-77.17969317,2024,8,17
240039581,Property Damage Crash,08/21/2024 05:00:00 PM,VEIRS MILL RD (WB/L),NA,Angle,Clear,Dry,Daylight,Traffic Control Signal,NONE DETECTED,No,No Apparent Injury,NA,Not Distracted,MD,Sport Utility Vehicle,Moving Constant Speed,40,No,2023,JEEP,WRANGLER,39.07500642,-77.11565531,2024,8,17
240039579,Property Damage Crash,08/21/2024 04:24:00 PM,NA,NA,Front to Rear,Clear,NA,Daylight,NA,NONE DETECTED,No,No Apparent Injury,NA,Not Distracted,MD,Passenger Car,Backing,0,No,2016,FORD,C-MAX,39.05124121,-77.10183336,2024,8,16
240039571,Property Damage Crash,08/21/2024 03:55:00 PM,NA,NA,Single Vehicle,Clear,Dry,Daylight,No Controls,NONE DETECTED,No,No Apparent Injury,NA,Not Distracted,MD,Passenger Car,Moving Constant Speed,35,No,2018,TOYOTA,CAMRY,39.1991884,-77.30498977,2024,8,15
240039569,Property Damage Crash,08/21/2024 03:54:00 PM,OLD GEORGETOWN RD,NA,Front to Rear,Clear,Dry,Daylight,No Controls,NONE DETECTED,Yes,No Apparent Injury,Followed Too Closely,Not Distracted,MD,Passenger Car,Moving Constant Speed,35,No,2014,DODGE,CHARGER,39.00741086,-77.11211504,2024,8,15
240039569,Property Damage Crash,08/21/2024 03:54:00 PM,OLD GEORGETOWN RD,NA,Front to Rear,Clear,Dry,Daylight,No Controls,NONE DETECTED,No,No Apparent Injury,NA,Not Distracted,MD,Sport Utility Vehicle,Slowing or Stopping,35,No,2017,MAZDA,CX-5,39.00741086,-77.11211504,2024,8,15
240039563,Property Damage Crash,08/21/2024 03:00:00 PM,COLIE DR,NA,Front to Front,Clear,Dry,Daylight,No Controls,NONE DETECTED,No,No Apparent Injury,NA,Not Distracted,MD,Passenger Car,Parked,25,No,2016,FORD,UNKNOWN,39.0584061,-77.08327834,2024,8,15
240039563,Property Damage Crash,08/21/2024 03:00:00 PM,COLIE DR,NA,Front to Front,Clear,Dry,Daylight,No Controls,NONE DETECTED,No,No Apparent Injury,Other Improper Action,"Other Action (looking away from task, etc.)",WA,Passenger Car,Turning Right,10,No,2013,FIAT,500,39.0584061,-77.08327834,2024,8,15
240039543,Injury Crash,08/21/2024 01:51:00 PM,FREDERICK RD,NA,"Sideswipe, Same Direction",Clear,Dry,Daylight,No Controls,NONE DETECTED,No,Possible Minor Injury,NA,Not Distracted,MD,Passenger Car,Moving Constant Speed,40,No,2003,TOYOTA,COROLLA,39.17469755,-77.23777569,2024,8,13