Local Case Number,ACRS Report Type,Crash Date/Time,Road Name,Related Non-Motorist,Collision Type,Weather,Surface Condition,Light,Traffic Control,Driver Substance Abuse,Driver At Fault,Injury Severity,Circumstance,Driver Distracted By,Drivers License State,Vehicle Body Type,Vehicle Movement,Speed Limit,Driverless Vehicle,Vehicle Year,Vehicle Make,Vehicle Model,Latitude,Longitude,Year,Month,Hour
240039168,Injury Crash,08/19/2024 01:48:00 PM,DALE DR,Scooter (electric),Single Vehicle,Clear,Dry,Daylight,Traffic Control Signal,NONE DETECTED,Yes,No Apparent Injury,"Operated Motor Vehicle in Inattentive, Careless, Negligent, or Erratic Manner",Not Distracted,MD,Passenger Car,Moving Constant Speed,25,No,2024,TOYOTA,CAMRY,39.00521457,-77.02278187,2024,8,13
240039172,Property Damage Crash,08/19/2024 01:43:00 PM,TWINBROOK PKWY,NA,"Sideswipe, Same Direction",Clear,Dry,Daylight,No Controls,NONE DETECTED,No,No Apparent Injury,NA,Not Distracted,MD,Passenger Car,Moving Constant Speed,35,No,2015,HONDA,UNKNOWN,39.07284718,-77.11240412,2024,8,13
240039172,Property Damage Crash,08/19/2024 01:43:00 PM,TWINBROOK PKWY,NA,"Sideswipe, Same Direction",Clear,Dry,Daylight,No Controls,NONE DETECTED,No,No Apparent Injury,NA,Not Distracted,MD,Passenger Car,Changing Lanes,35,No,2019,ACURA,UNKNOWN,39.07284718,-77.11240412,2024,8,13
240039191,Property Damage Crash,08/19/2024 01:30:00 PM,PASEO DR,NA,"Sideswipe, Same Direction",Clear,Dry,Daylight,No Controls,NONE DETECTED,No,NA,NA,NA,NA,Passenger Car,Overtaking/Passing,5,No,2024,TESLA,MODEL Y,39.0428202,-77.11194509,2024,8,13
240039141,Injury Crash,08/19/2024 11:15:00 AM,WATKINS MILL RD,NA,Angle,Clear,Dry,Daylight,No Controls,NONE DETECTED,Yes,Possible Minor Injury,NA,Unknown,MD,Passenger Car,Accelerating,35,No,2012,CHRYSLER,TOWN AND COUNTRY,39.179035,-77.21002333,2024,8,11
240039138,Property Damage Crash,08/19/2024 10:33:00 AM,ROCKVILLE PIKE,NA,Front to Rear,Clear,Dry,Daylight,Traffic Control Signal,NONE DETECTED,No,No Apparent Injury,NA,Not Distracted,MD,Bus - Transit,Stopped in Traffic,35,No,2009,GILLIG,CITY TRANSIT BUS,39.01487822,-77.09941219,2024,8,10
240039138,Property Damage Crash,08/19/2024 10:33:00 AM,ROCKVILLE PIKE,NA,Front to Rear,Clear,Dry,Daylight,Traffic Control Signal,NONE DETECTED,Yes,No Apparent Injury,Other Improper Action,Unknown,MD,Passenger Car,Accelerating,35,No,2013,VOLKSWAGEN,JETTA,39.01487822,-77.09941219,2024,8,10
240039111,Property Damage Crash,08/19/2024 08:14:00 AM,NEW HAMPSHIRE AVE,NA,"Sideswipe, Same Direction",Clear,Dry,Daylight,No Controls,NONE DETECTED,No,No Apparent Injury,NA,Not Distracted,MD,Truck Tractor,Changing Lanes,35,No,2016,FORD,F-550,39.01434038,-76.97799368,2024,8,8
240039111,Property Damage Crash,08/19/2024 08:14:00 AM,NEW HAMPSHIRE AVE,NA,"Sideswipe, Same Direction",Clear,Dry,Daylight,No Controls,NONE DETECTED,No,No Apparent Injury,NA,Not Distracted,MD,Passenger Car,Changing Lanes,35,No,2009,TOYOTA,CAMRY,39.01434038,-76.97799368,2024,8,8
240039103,Injury Crash,08/19/2024 08:00:00 AM,GERMANTOWN RD (SB/L),NA,Other,Clear,Wet,Daylight,Traffic Control Signal,NONE DETECTED,No,Possible Minor Injury,NA,Not Distracted,MD,Passenger Car,Stopped in Traffic,50,No,2017,TOYOTA,CAMRY,39.17853862,-77.26792467,2024,8,8
240039103,Injury Crash,08/19/2024 08:00:00 AM,GERMANTOWN RD (SB/L),NA,Other,Clear,Wet,Daylight,Traffic Control Signal,NONE DETECTED,Yes,No Apparent Injury,Improper Backing,"Other Action (looking away from task, etc.)",MD,Other Trucks,Backing,50,No,2020,CHEVROLET,EXPRESS,39.17853862,-77.26792467,2024,8,8
240039083,Property Damage Crash,08/19/2024 01:23:00 AM,DAUPHINE ST,NA,"Sideswipe, Same Direction",Rain,Wet,Medium,No Controls,NONE DETECTED,No,No Apparent Injury,NA,Not Distracted,MD,Passenger Car,NA,30,No,1998,NISSAN,MURANO,39.07586,-77.07301167,2024,8,1
240039086,Injury Crash,08/19/2024 12:15:00 AM,GERMANTOWN RD (SB/L),NA,Angle,Clear,Wet,Medium,Traffic Control Signal,NONE DETECTED,No,No Apparent Injury,NA,Not Distracted,MD,Passenger Car,Stopped in Traffic,35,No,2008,ACURA,MDX,39.18222767,-77.26032333,2024,8,0
240039086,Injury Crash,08/19/2024 12:15:00 AM,GERMANTOWN RD (SB/L),NA,Angle,Clear,Wet,Medium,Traffic Control Signal,NONE DETECTED,No,Possible Minor Injury,NA,Not Distracted,MD,Passenger Car,Moving Constant Speed,40,No,2021,KIA,SPORTAGE,39.18222767,-77.26032333,2024,8,0
240039086,Injury Crash,08/19/2024 12:15:00 AM,GERMANTOWN RD (SB/L),NA,Angle,Clear,Wet,Medium,Traffic Control Signal,NONE DETECTED,Yes,No Apparent Injury,Failed to Yield Right-of-Way,Not Distracted,MD,Passenger Car,Turning Left,40,No,2018,VOLKSWAGEN,JETTA,39.18222767,-77.26032333,2024,8,0
240039081,Property Damage Crash,08/18/2024 11:23:00 PM,HIGH CORNER ST,NA,Front to Rear,Rain,Wet,Medium,Traffic Control Signal,NONE DETECTED,No,No Apparent Injury,NA,Not Distracted,MD,Sport Utility Vehicle,Stopped in Traffic,30,No,2016,SUBARU,FORESTER,39.29022763,-77.20500235,2024,8,23
240039081,Property Damage Crash,08/18/2024 11:23:00 PM,HIGH CORNER ST,NA,Front to Rear,Rain,Wet,Medium,Traffic Control Signal,ALCOHOL PRESENT,Yes,No Apparent Injury,NA,Unknown,MD,Pickup,Slowing or Stopping,30,No,2006,CHEVROLET,COLORADO,39.29022763,-77.20500235,2024,8,23
240039080,Property Damage Crash,08/18/2024 10:23:00 PM,WHEATON PLZ ENTRANCE CUT,NA,Single Vehicle,Rain,Wet,Medium,Traffic Control Signal,NONE DETECTED,No,NA,NA,NA,NA,Passenger Car,Moving Constant Speed,35,No,2013,HONDA,CIVIC,39.03812229,-77.05261995,2024,8,22
240039075,Property Damage Crash,08/18/2024 09:35:00 PM,WEST SIDE DR (NB/L),NA,Front to Rear,Clear,Dry,Dark,No Controls,NONE DETECTED,No,NA,NA,NA,NA,Passenger Car,Moving Constant Speed,25,No,2008,LEXUS,IS,39.12656017,-77.20753733,2024,8,21
240039072,Injury Crash,08/18/2024 09:12:00 PM,NA,NA,Other,Clear,Dry,Medium,Stop Sign,NONE DETECTED,No,No Apparent Injury,NA,Not Distracted,MD,Passenger Car,Accelerating,25,No,2017,CHRYSLER,PACIFICA,38.97617017,-76.99691533,2024,8,21
240039072,Injury Crash,08/18/2024 09:12:00 PM,NA,NA,Other,Clear,Dry,Medium,Stop Sign,NONE DETECTED,No,Possible Minor Injury,NA,Not Distracted,MD,Passenger Car,Accelerating,25,No,2018,TOYOTA,RAV4,38.97617017,-76.99691533,2024,8,21
240039071,Property Damage Crash,08/18/2024 08:40:00 PM,UNIVERSITY BLVD E (WB/L),NA,Front to Rear,Clear,Dry,Medium,Traffic Control Signal,NONE DETECTED,No,No Apparent Injury,NA,Not Distracted,MD,Passenger Car,Turning Right,40,No,2016,SUBARU,LEGACY,38.99965059,-76.99527633,2024,8,20
240039071,Property Damage Crash,08/18/2024 08:40:00 PM,UNIVERSITY BLVD E (WB/L),NA,Front to Rear,Clear,Dry,Medium,Traffic Control Signal,NONE DETECTED,Yes,No Apparent Injury,"Improper Passing, Improper Turn",Unknown,MD,Passenger Car,Changing Lanes,40,No,2020,JEEP,CHEROKEE,38.99965059,-76.99527633,2024,8,20
240039068,Property Damage Crash,08/18/2024 07:08:00 PM,COLERIDGE DR,NA,Angle,Clear,Dry,Daylight,No Controls,NONE DETECTED,Yes,No Apparent Injury,NA,"Other Action (looking away from task, etc.)",NA,Passenger Car,Backing,5,No,2017,FORD,ESCAPE,39.01418472,-77.04923412,2024,8,19
240039057,Property Damage Crash,08/18/2024 07:00:00 PM,BRIGGS CHANEY RD (WB/L),NA,Angle,Clear,Dry,Daylight,Traffic Control Signal,NONE DETECTED,Yes,No Apparent Injury,NA,"Other Action (looking away from task, etc.)",MD,Passenger Car,Turning Left,25,No,2018,NISSAN,VERSA,39.07393207,-76.93935165,2024,8,19
240039057,Property Damage Crash,08/18/2024 07:00:00 PM,BRIGGS CHANEY RD (WB/L),NA,Angle,Clear,Dry,Daylight,Traffic Control Signal,NONE DETECTED,No,No Apparent Injury,NA,Not Distracted,MD,Passenger Car,Moving Constant Speed,35,No,2012,JAGUAR,XF,39.07393207,-76.93935165,2024,8,19
240039035,Property Damage Crash,08/18/2024 04:15:00 PM,NA,NA,"Sideswipe, Same Direction",Clear,Dry,Daylight,No Controls,NONE DETECTED,Yes,No Apparent Injury,NA,Not Distracted,MD,Bus - Transit,Moving Constant Speed,5,No,2023,GILLIG,LOW FLOOR BUS,38.99381165,-77.03050686,2024,8,16
240039024,Injury Crash,08/18/2024 03:16:00 PM,MONTGOMERY VILLAGE AVE,NA,Front to Rear,Clear,Dry,Daylight,No Controls,NONE DETECTED,No,No Apparent Injury,NA,Not Distracted,DC,Passenger Car,Moving Constant Speed,35,No,2024,POLESTAR,PS1,39.15772833,-77.20483333,2024,8,15
240039024,Injury Crash,08/18/2024 03:16:00 PM,MONTGOMERY VILLAGE AVE,NA,Front to Rear,Clear,Dry,Daylight,No Controls,NONE DETECTED,No,Possible Minor Injury,NA,Not Distracted,MD,Sport Utility Vehicle,Moving Constant Speed,35,No,2019,NISSAN,PATHFINDER,39.15772833,-77.20483333,2024,8,15
240039024,Injury Crash,08/18/2024 03:16:00 PM,MONTGOMERY VILLAGE AVE,NA,Front to Rear,Clear,Dry,Daylight,No Controls,NONE DETECTED,No,No Apparent Injury,NA,Not Distracted,MD,Passenger Car,Moving Constant Speed,35,No,2020,VOLVO,XC90,39.15772833,-77.20483333,2024,8,15
240039024,Injury Crash,08/18/2024 03:16:00 PM,MONTGOMERY VILLAGE AVE,NA,Front to Rear,Clear,Dry,Daylight,No Controls,ALCOHOL PRESENT,Yes,No Apparent Injury,"Failed to Keep in Proper Lane, Operated Motor Vehicle in Inattentive, Careless, Negligent, or Erratic Manner, Operated Motor Vehicle in Reckless or Aggressive Manner",Unknown,MD,Passenger Car,Accelerating,35,No,2010,MAZDA,CX-9,39.15772833,-77.20483333,2024,8,15
240039030,Property Damage Crash,08/18/2024 03:07:00 PM,NA,NA,"Sideswipe, Same Direction",Clear,NA,Daylight,NA,NONE DETECTED,No,NA,NA,NA,NA,Sport Utility Vehicle,Turning Right,0,No,2019,BMW,UNKNOWN,39.08303725,-77.23477514,2024,8,15
240039014,Injury Crash,08/18/2024 02:35:00 PM,DAYTON ST,NA,Angle,Clear,Dry,Daylight,No Controls,NONE DETECTED,Yes,Possible Minor Injury,Failed to Yield Right-of-Way,"Other Action (looking away from task, etc.)",MD,Passenger Car,Turning Left,35,No,2013,SUBARU,LEGACY,39.03881667,-77.04171333,2024,8,14
240039014,Injury Crash,08/18/2024 02:35:00 PM,DAYTON ST,NA,Angle,Clear,Dry,Daylight,No Controls,NONE DETECTED,No,Possible Minor Injury,NA,Not Distracted,MD,Passenger Car,Moving Constant Speed,35,No,2014,HONDA,CR-V,39.03881667,-77.04171333,2024,8,14
240039009,Injury Crash,08/18/2024 02:08:00 PM,GLENMONT CIR #1,NA,Other,Clear,Dry,Daylight,Traffic Control Signal,NONE DETECTED,No,No Apparent Injury,Ran Red Light,Not Distracted,MD,Passenger Car,Moving Constant Speed,30,No,2022,CHEVROLET,EQUINOX,39.05901833,-77.04756667,2024,8,14
240039009,Injury Crash,08/18/2024 02:08:00 PM,GLENMONT CIR #1,NA,Other,Clear,Dry,Daylight,Traffic Control Signal,NONE DETECTED,No,Possible Minor Injury,NA,Not Distracted,MD,Passenger Car,Moving Constant Speed,30,No,1998,HONDA,CIVIC,39.05901833,-77.04756667,2024,8,14
240039012,Property Damage Crash,08/18/2024 02:00:00 PM,HUNGERFORD DR (SB/L),NA,Front to Rear,Clear,Dry,Daylight,Traffic Control Signal,NONE DETECTED,Yes,No Apparent Injury,NA,Not Distracted,MD,Passenger Car,NA,35,No,2006,HONDA,CIVIC,39.08509471,-77.14823648,2024,8,14
240039012,Property Damage Crash,08/18/2024 02:00:00 PM,HUNGERFORD DR (SB/L),NA,Front to Rear,Clear,Dry,Daylight,Traffic Control Signal,NONE DETECTED,No,No Apparent Injury,NA,Not Distracted,DC,Passenger Car,Stopped in Traffic,35,No,2007,MERCEDES-BENZ,350,39.08509471,-77.14823648,2024,8,14
240038969,Property Damage Crash,08/18/2024 09:30:00 AM,NA,NA,Front to Rear,Cloudy,NA,Daylight,NA,NONE DETECTED,No,No Apparent Injury,Improper Backing,Not Distracted,MD,Passenger Car,Backing,0,No,2016,FORD,TAURUS,38.99162327,-77.09803922,2024,8,9
240038967,Injury Crash,08/18/2024 09:04:00 AM,LOG HOUSE RD,NA,Single Vehicle,Cloudy,Wet,Daylight,No Controls,NONE DETECTED,No,Suspected Serious Injury,Too Fast For Conditions,Not Distracted,MD,Sport Utility Vehicle,Negotiating a Curve,30,No,2013,JEEP,WRANGLER,39.24605073,-77.2049297,2024,8,9
240038982,Property Damage Crash,08/18/2024 07:42:00 AM,W DEER PARK RD,NA,Front to Rear,Rain,Wet,Daylight,No Controls,NONE DETECTED,No,NA,NA,NA,NA,Sport Utility Vehicle,Moving Constant Speed,30,No,0,NA,NA,39.12904517,-77.20092082,2024,8,7
240038955,Property Damage Crash,08/18/2024 03:20:00 AM,NA,NA,Front to Front,Clear,Dry,Medium,No Controls,NONE DETECTED,Yes,No Apparent Injury,Too Fast For Conditions,"Other Action (looking away from task, etc.)",MD,Pickup,Moving Constant Speed,35,No,2011,SUZUKI,EQUATOR,39.16954924,-77.1835051,2024,8,3
240038938,Property Damage Crash,08/18/2024 12:19:00 AM,WATERS LANDING DR,NA,Single Vehicle,Cloudy,Dry,Medium,No Controls,NONE DETECTED,No,No Apparent Injury,NA,Unknown,NA,Passenger Car,Moving Constant Speed,30,No,2015,HONDA,ACCORD,39.19305317,-77.27557367,2024,8,0
240038940,Property Damage Crash,08/18/2024 12:08:00 AM,BRINK RD,NA,Angle,Clear,Dry,Dark,Stop Sign,NONE DETECTED,Yes,No Apparent Injury,Failed to Yield Right-of-Way,Not Distracted,MD,Sport Utility Vehicle,Making U-Turn,40,No,2017,JEEP,WRANGLER,39.20404125,-77.20704366,2024,8,0
240038940,Property Damage Crash,08/18/2024 12:08:00 AM,BRINK RD,NA,Angle,Clear,Dry,Dark,No Controls,NONE DETECTED,No,No Apparent Injury,NA,Not Distracted,MD,Passenger Car,Moving Constant Speed,40,No,2011,TOYOTA,CAMRY,39.20404125,-77.20704366,2024,8,0
240038929,Property Damage Crash,08/17/2024 09:36:00 PM,CEDAR AVE,NA,Front to Front,Clear,Dry,Dark,No Controls,ALCOHOL PRESENT,Yes,No Apparent Injury,NA,Unknown,MD,Passenger Car,Moving Constant Speed,20,No,2018,HONDA,CIVIC,39.13907028,-77.19721997,2024,8,21
240038982,Injury Crash,08/17/2024 09:31:00 PM,NELSON ST,NA,Front to Front,Clear,Dry,Medium,Stop Sign,NONE DETECTED,Yes,Possible Minor Injury,Failed to Yield Right-of-Way,Not Distracted,MD,Passenger Car,Turning Left,25,No,2010,HONDA,CIVIC,39.09392351,-77.17232783,2024,8,21
240038982,Injury Crash,08/17/2024 09:31:00 PM,NELSON ST,NA,Front to Front,Clear,Dry,Medium,Stop Sign,NONE DETECTED,No,No Apparent Injury,NA,Not Distracted,MD,Passenger Car,Accelerating,25,No,2011,BMW,750I,39.09392351,-77.17232783,2024,8,21
240038927,Property Damage Crash,08/17/2024 09:10:00 PM,NA,NA,Front to Rear,Clear,Dry,Medium,Traffic Control Signal,NONE DETECTED,No,No Apparent Injury,NA,Not Distracted,MD,Passenger Car,Stopped in Traffic,25,No,2007,CHEVROLET,MALIBU,39.12870614,-77.16724811,2024,8,21
240038927,Property Damage Crash,08/17/2024 09:10:00 PM,NA,NA,Front to Rear,Clear,Dry,Medium,Traffic Control Signal,NONE DETECTED,No,NA,NA,NA,NA,Passenger Car,Backing,25,No,2009,HYUNDAI,UNKNOWN,39.12870614,-77.16724811,2024,8,21
240038931,Property Damage Crash,08/17/2024 08:15:00 PM,NA,NA,Single Vehicle,Clear,NA,Medium,NA,NONE DETECTED,Yes,No Apparent Injury,Improper Turn,Not Distracted,MD,Van - Cargo,Accelerating,0,No,2011,FORD,E-350,39.16782151,-77.17409329,2024,8,20
240038909,Injury Crash,08/17/2024 06:01:00 PM,CONNECTICUT AVE,NA,Rear To Side,Rain,Wet,Daylight,Traffic Control Signal,NONE DETECTED,Yes,No Apparent Injury,Failed to Yield Right-of-Way,Not Distracted,MD,Passenger Car,Turning Left,35,No,2015,MAZDA,MAZDA6,39.05715983,-77.0734765,2024,8,18
240038909,Injury Crash,08/17/2024 06:01:00 PM,CONNECTICUT AVE,NA,Rear To Side,Rain,Wet,Daylight,Traffic Control Signal,NONE DETECTED,No,No Apparent Injury,NA,Not Distracted,NA,Passenger Car,Moving Constant Speed,35,No,2000,HONDA,CIVIC,39.05715983,-77.0734765,2024,8,18
240038899,Property Damage Crash,08/17/2024 05:51:00 PM,GREENCASTLE RD,NA,Front to Rear,Cloudy,Dry,Daylight,No Controls,NONE DETECTED,Yes,No Apparent Injury,NA,Unknown,MD,Other,Backing,5,No,1991,GRUMMAN,UNKNOWN,39.09857083,-76.944636,2024,8,17
240038899,Property Damage Crash,08/17/2024 05:51:00 PM,GREENCASTLE RD,NA,Front to Rear,Cloudy,Dry,Daylight,No Controls,NONE DETECTED,No,No Apparent Injury,NA,Not Distracted,MD,Passenger Car,Moving Constant Speed,5,No,2020,HONDA,ACCORD,39.09857083,-76.944636,2024,8,17
240038760,Property Damage Crash,08/17/2024 05:26:00 PM,NA,NA,"Sideswipe, Same Direction",Cloudy,NA,Daylight,NA,NONE DETECTED,Yes,No Apparent Injury,NA,Not Distracted,MD,Bus - Mini,Moving Constant Speed,0,No,2013,NEW FLYER,TRANSIT BUS,38.99395333,-77.03076167,2024,8,17
240038760,Property Damage Crash,08/17/2024 05:26:00 PM,NA,NA,"Sideswipe, Same Direction",Cloudy,NA,Daylight,NA,NONE DETECTED,No,NA,NA,NA,NA,Passenger Car,Parked,0,No,2013,CHEVROLET,EXPRESS,38.99395333,-77.03076167,2024,8,17
240038900,Property Damage Crash,08/17/2024 05:14:00 PM,LINCOLN AVE,NA,Single Vehicle,Cloudy,Dry,Daylight,No Controls,NONE DETECTED,Yes,No Apparent Injury,NA,Unknown,MD,Passenger Car,Backing,25,No,2020,TOYOTA,CAMRY,38.98323227,-77.00513246,2024,8,17
240038897,Injury Crash,08/17/2024 05:00:00 PM,BEL PRE RD (EB/L),NA,Rear To Side,Cloudy,Dry,Daylight,Traffic Control Signal,NONE DETECTED,Yes,Possible Minor Injury,Failed to Yield Right-of-Way,Not Distracted,VA,Passenger Car,Turning Left,30,No,2023,TESLA,MODEL Y,39.09054375,-77.04495794,2024,8,17
240038897,Injury Crash,08/17/2024 05:00:00 PM,BEL PRE RD (EB/L),NA,Rear To Side,Cloudy,Dry,Daylight,Traffic Control Signal,NONE DETECTED,No,Possible Minor Injury,NA,Not Distracted,MD,Sport Utility Vehicle,Moving Constant Speed,30,No,2018,TOYOTA,RAV4,39.09054375,-77.04495794,2024,8,17
240038920,Property Damage Crash,08/17/2024 02:50:00 PM,CORDELL AVE,NA,Front to Rear,Clear,Dry,Daylight,Stop Sign,NONE DETECTED,No,No Apparent Injury,NA,Not Distracted,VA,Passenger Car,Stopped in Traffic,15,No,2018,BMW,530I,38.98940296,-77.09806126,2024,8,14
240038920,Property Damage Crash,08/17/2024 02:50:00 PM,CORDELL AVE,NA,Front to Rear,Clear,Dry,Daylight,Stop Sign,NONE DETECTED,No,NA,NA,NA,NA,Unknown,NA,15,No,2012,FORD,E-250,38.98940296,-77.09806126,2024,8,14
240038875,Property Damage Crash,08/17/2024 01:45:00 PM,WISTERIA DR,NA,Angle,Clear,Dry,Daylight,Traffic Control Signal,NONE DETECTED,No,No Apparent Injury,NA,Not Distracted,MD,Passenger Car,Accelerating,30,No,2019,VOLKSWAGEN,JETTA,39.17672483,-77.26990583,2024,8,13
240038875,Property Damage Crash,08/17/2024 01:45:00 PM,WISTERIA DR,NA,Angle,Clear,Dry,Daylight,Traffic Control Signal,NONE DETECTED,Yes,No Apparent Injury,NA,Unknown,NA,Passenger Car,Accelerating,40,No,2013,VOLKSWAGEN,JETTA,39.17672483,-77.26990583,2024,8,13
240038872,Injury Crash,08/17/2024 01:07:00 PM,WOOTTON PKWY (EB/L),NA,Angle,Cloudy,Dry,Daylight,Traffic Control Signal,ALCOHOL PRESENT,Yes,No Apparent Injury,NA,Unknown,MD,Passenger Car,Turning Left,35,No,2011,NISSAN,SENTRA,39.069762,-77.17007617,2024,8,13
240038872,Injury Crash,08/17/2024 01:07:00 PM,WOOTTON PKWY (EB/L),NA,Angle,Cloudy,Dry,Daylight,Traffic Control Signal,NONE DETECTED,No,Possible Minor Injury,NA,Unknown,MD,Passenger Car,Accelerating,35,No,2023,VOLVO,XC90,39.069762,-77.17007617,2024,8,13
240038860,Property Damage Crash,08/17/2024 11:25:00 AM,NA,Unknown,Other,Cloudy,NA,Daylight,NA,NONE DETECTED,Yes,No Apparent Injury,"Improper Backing, Other Improper Action",Not Distracted,DC,Sport Utility Vehicle,Backing,0,No,2018,MERCEDES-BENZ,GLE-CLASS,38.99857529,-77.00397893,2024,8,11
240038850,Injury Crash,08/17/2024 08:47:00 AM,SHERATON ST,NA,Angle,Cloudy,Dry,Daylight,No Controls,NONE DETECTED,Yes,Possible Minor Injury,NA,Not Distracted,MD,Sport Utility Vehicle,Moving Constant Speed,35,No,2022,TOYOTA,C-HR,39.05942828,-77.05046828,2024,8,8
240038850,Injury Crash,08/17/2024 08:47:00 AM,SHERATON ST,NA,Angle,Cloudy,Dry,Daylight,No Controls,NONE DETECTED,Yes,No Apparent Injury,NA,Not Distracted,MD,Sport Utility Vehicle,Moving Constant Speed,35,No,2008,FORD,EXPEDITION,39.05942828,-77.05046828,2024,8,8
240038853,Property Damage Crash,08/17/2024 08:39:00 AM,NA,NA,"Sideswipe, Same Direction",Clear,Dry,Daylight,No Controls,NONE DETECTED,Yes,No Apparent Injury,NA,Unknown,MD,Van - Passenger (&lt;9 Seats),Overtaking/Passing,40,No,2023,DODGE,RAM,39.01414829,-77.20306281,2024,8,8
240038853,Property Damage Crash,08/17/2024 08:39:00 AM,NA,NA,"Sideswipe, Same Direction",Clear,Dry,Daylight,No Controls,NONE DETECTED,No,No Apparent Injury,NA,Not Distracted,MD,Bus - Transit,Stopped in Traffic,40,No,2009,GILLIG,CITY TRANSIT BUS,39.01414829,-77.20306281,2024,8,8
240038845,Property Damage Crash,08/17/2024 07:47:00 AM,RANDOLPH RD (WB/L),NA,Single Vehicle,Cloudy,Dry,Daylight,Traffic Control Signal,NONE DETECTED,No,No Apparent Injury,NA,Not Distracted,MD,Passenger Car,Moving Constant Speed,35,No,2023,KIA,FORTE,39.0533595,-77.08920943,2024,8,7
240038841,Property Damage Crash,08/17/2024 07:08:00 AM,DARNESTOWN RD (WB/L),NA,Single Vehicle,Cloudy,Dry,Daylight,No Controls,NONE DETECTED,No,No Apparent Injury,NA,Not Distracted,MD,Sport Utility Vehicle,Moving Constant Speed,40,No,2020,CHRYSLER,PACIFICA,39.10973832,-77.23773941,2024,8,7
240038838,Property Damage Crash,08/17/2024 05:41:00 AM,FALLS RD,NA,Single Vehicle,Clear,Dry,Medium,No Controls,NONE DETECTED,No,No Apparent Injury,"Failed to Keep in Proper Lane, Operated Motor Vehicle in Inattentive, Careless, Negligent, or Erratic Manner, Ran Off Roadway","Other Action (looking away from task, etc.)",MD,Sport Utility Vehicle,Moving Constant Speed,35,No,2017,TOYOTA,RAV4,39.04603739,-77.19150874,2024,8,5
240040259,Property Damage Crash,08/17/2024 02:22:00 AM,NA,NA,Front to Rear,Cloudy,NA,Medium,NA,NONE DETECTED,Yes,No Apparent Injury,Followed Too Closely,Unknown,MD,Sport Utility Vehicle,Slowing or Stopping,0,No,2020,JEEP,COMPASS,39.120878,-77.17885256,2024,8,2
240040259,Property Damage Crash,08/17/2024 02:22:00 AM,NA,NA,Front to Rear,Cloudy,NA,Medium,NA,NONE DETECTED,No,No Apparent Injury,NA,Not Distracted,MD,Sport Utility Vehicle,Slowing or Stopping,0,No,2016,HONDA,HR-V,39.120878,-77.17885256,2024,8,2
240038822,Injury Crash,08/17/2024 12:37:00 AM,NA,NA,Other,Clear,NA,Medium,NA,NONE DETECTED,No,No Apparent Injury,NA,Unknown,WA,Passenger Car,Negotiating a Curve,0,No,2010,HONDA,CR-V,38.98616252,-76.98732529,2024,8,0
240038822,Injury Crash,08/17/2024 12:37:00 AM,NA,NA,Other,Clear,NA,Medium,NA,NONE DETECTED,No,Possible Minor Injury,NA,Not Distracted,DC,Passenger Car,Stopped in Traffic,0,No,2015,MERCEDES-BENZ,M-CLASS,38.98616252,-76.98732529,2024,8,0
240038821,Property Damage Crash,08/17/2024 12:32:00 AM,SWEEPSTAKES RD,NA,Single Vehicle,Clear,Dry,Medium,No Controls,ALCOHOL PRESENT,Yes,No Apparent Injury,"Operated Motor Vehicle in Inattentive, Careless, Negligent, or Erratic Manner",Not Distracted,MD,Passenger Car,Accelerating,30,No,2019,NISSAN,ALTIMA,39.26149583,-77.22014039,2024,8,0
240038809,Injury Crash,08/16/2024 10:37:00 PM,S SUMMIT AVE,Pedestrian,Single Vehicle,Clear,Dry,Medium,No Controls,NONE DETECTED,No,NA,NA,NA,NA,Sport Utility Vehicle,Moving Constant Speed,25,No,0,NA,NA,39.13918461,-77.19388883,2024,8,22
240038800,Injury Crash,08/16/2024 09:17:00 PM,RAMP 2 FR MONTROSE PKWY TO MD 355 NB,NA,Front to Front,Clear,Dry,Medium,Traffic Control Signal,NONE DETECTED,No,Possible Minor Injury,NA,Not Distracted,MD,Passenger Car,Moving Constant Speed,40,No,2016,HYUNDAI,SONATA,39.0529159,-77.11565704,2024,8,21