Local Case Number,ACRS Report Type,Crash Date/Time,Road Name,Related Non-Motorist,Collision Type,Weather,Surface Condition,Light,Traffic Control,Driver Substance Abuse,Driver At Fault,Injury Severity,Circumstance,Driver Distracted By,Drivers License State,Vehicle Body Type,Vehicle Movement,Speed Limit,Driverless Vehicle,Vehicle Year,Vehicle Make,Vehicle Model,Latitude,Longitude,Year,Month,Hour
240038800,Injury Crash,08/16/2024 09:17:00 PM,RAMP 2 FR MONTROSE PKWY TO MD 355 NB,NA,Front to Front,Clear,Dry,Medium,Traffic Control Signal,NONE DETECTED,No,No Apparent Injury,NA,Unknown,MD,Passenger Car,Turning Left,40,No,2023,HYUNDAI,ELANTRA,39.0529159,-77.11565704,2024,8,21
240038790,Property Damage Crash,08/16/2024 07:50:00 PM,W DIAMOND AVE,NA,Front to Rear,Clear,Dry,Daylight,No Controls,NONE DETECTED,No,No Apparent Injury,Followed Too Closely,Unknown,MD,Passenger Car,Moving Constant Speed,35,No,2019,VOLKSWAGEN,JETTA,39.14175058,-77.21776933,2024,8,19
240038790,Property Damage Crash,08/16/2024 07:50:00 PM,W DIAMOND AVE,NA,Front to Rear,Clear,Dry,Daylight,No Controls,NONE DETECTED,No,No Apparent Injury,NA,Not Distracted,MD,Passenger Car,Slowing or Stopping,35,No,2015,FORD,TAURUS,39.14175058,-77.21776933,2024,8,19
240038782,Injury Crash,08/16/2024 07:06:00 PM,NA,NA,Angle,Clear,Dry,Daylight,Traffic Control Signal,NONE DETECTED,No,Possible Minor Injury,NA,Not Distracted,MD,Passenger Car,Moving Constant Speed,35,No,2004,TOYOTA,CAMRY,39.13205927,-77.18886653,2024,8,19
240038782,Injury Crash,08/16/2024 07:06:00 PM,NA,NA,Angle,Clear,Dry,Daylight,Traffic Control Signal,NONE DETECTED,Yes,No Apparent Injury,Ran Red Light,Unknown,MD,Passenger Car,Moving Constant Speed,35,No,2014,LEXUS,RX,39.13205927,-77.18886653,2024,8,19
240038785,Property Damage Crash,08/16/2024 07:00:00 PM,NA,NA,Rear To Rear,Clear,NA,Daylight,NA,NONE DETECTED,No,No Apparent Injury,NA,Unknown,MD,Sport Utility Vehicle,Backing,0,No,2011,HONDA,PILOT,39.00025892,-76.99478133,2024,8,19
240038785,Property Damage Crash,08/16/2024 07:00:00 PM,NA,NA,Rear To Rear,Clear,NA,Daylight,NA,NONE DETECTED,No,No Apparent Injury,NA,Unknown,MD,Sport Utility Vehicle,Stopped in Traffic,0,No,2023,FORD,ESCAPE,39.00025892,-76.99478133,2024,8,19
240038797,Property Damage Crash,08/16/2024 06:50:00 PM,WEXHALL DR,NA,"Sideswipe, Opposite Direction",Clear,Dry,Daylight,No Controls,NONE DETECTED,No,No Apparent Injury,NA,Not Distracted,MD,Pickup,Stopped in Traffic,45,No,2012,HONDA,RIDGELINE,39.093433,-76.93212467,2024,8,18
240038797,Property Damage Crash,08/16/2024 06:50:00 PM,WEXHALL DR,NA,"Sideswipe, Opposite Direction",Clear,Dry,Daylight,No Controls,NONE DETECTED,Yes,No Apparent Injury,NA,Unknown,MD,Sport Utility Vehicle,Turning Left,45,No,2015,TOYOTA,RAV4,39.093433,-76.93212467,2024,8,18
240038769,Property Damage Crash,08/16/2024 05:30:00 PM,BONIFANT RD,NA,Front to Rear,Clear,Dry,Daylight,No Controls,NONE DETECTED,No,No Apparent Injury,NA,Not Distracted,MD,Passenger Car,Slowing or Stopping,35,No,2018,NISSAN,MAXIMA,39.09346365,-77.03719086,2024,8,17
240038769,Property Damage Crash,08/16/2024 05:30:00 PM,BONIFANT RD,NA,Front to Rear,Clear,Dry,Daylight,No Controls,NONE DETECTED,No,NA,NA,Not Distracted,NA,Passenger Car,Slowing or Stopping,35,No,2012,CHRYSLER,UNKNOWN,39.09346365,-77.03719086,2024,8,17
240038764,Property Damage Crash,08/16/2024 05:17:00 PM,ESTELLE RD,NA,Unknown,Clear,Dry,Daylight,No Controls,NONE DETECTED,No,NA,NA,NA,NA,Passenger Car,NA,15,No,2021,TOYOTA,CAMRY,39.06928553,-77.06459025,2024,8,17
240038758,Injury Crash,08/16/2024 04:38:00 PM,CABIN BRANCH AVE (NB/L),NA,"Sideswipe, Same Direction",Clear,Dry,Daylight,No Controls,ALCOHOL PRESENT,Yes,Possible Minor Injury,"Failed to Keep in Proper Lane, Operated Motor Vehicle in Inattentive, Careless, Negligent, or Erratic Manner, Operated Motor Vehicle in Reckless or Aggressive Manner, Other Improper Action, Too Fast For Conditions",Unknown,MD,Passenger Car,Moving Constant Speed,25,No,2009,NISSAN,CUBE,39.22286122,-77.28649354,2024,8,16
240038757,Injury Crash,08/16/2024 04:28:00 PM,NA,NA,Single Vehicle,Clear,Dry,Daylight,No Controls,NONE DETECTED,Yes,Suspected Serious Injury,NA,Unknown,NA,Motorcycle - 2 Wheeled,Moving Constant Speed,40,No,2020,KAWASAKI,NINJA 600,39.22695874,-77.07593053,2024,8,16
240038732,Property Damage Crash,08/16/2024 02:40:00 PM,UNIVERSITY BLVD W,NA,"Sideswipe, Same Direction",Clear,Dry,Daylight,Traffic Control Signal,NONE DETECTED,No,No Apparent Injury,NA,Not Distracted,MD,Van - Cargo,Turning Left,35,No,2017,FORD,TRANSIT CONNECT,39.03753514,-77.05961739,2024,8,14
240038732,Property Damage Crash,08/16/2024 02:40:00 PM,UNIVERSITY BLVD W,NA,"Sideswipe, Same Direction",Clear,Dry,Daylight,Traffic Control Signal,NONE DETECTED,Yes,No Apparent Injury,Improper Turn,Not Distracted,MD,Passenger Car,Changing Lanes,35,No,2010,TOYOTA,YARIS,39.03753514,-77.05961739,2024,8,14
240038729,Injury Crash,08/16/2024 02:00:00 PM,METRORAIL TRACK B2 RAIL,NA,Front to Rear,Clear,Dry,Daylight,No Controls,NONE DETECTED,No,No Apparent Injury,NA,Not Distracted,MD,Passenger Car,Stopped in Traffic,35,No,2015,TOYOTA,COROLLA,39.02691226,-77.0467366,2024,8,14
240038729,Injury Crash,08/16/2024 02:00:00 PM,METRORAIL TRACK B2 RAIL,NA,Front to Rear,Clear,Dry,Daylight,No Controls,NONE DETECTED,No,No Apparent Injury,NA,Not Distracted,MD,Sport Utility Vehicle,Stopped in Traffic,35,No,2021,HYUNDAI,TUCSON,39.02691226,-77.0467366,2024,8,14
240038729,Injury Crash,08/16/2024 02:00:00 PM,METRORAIL TRACK B2 RAIL,NA,Front to Rear,Clear,Dry,Daylight,No Controls,NONE DETECTED,No,Possible Minor Injury,NA,Not Distracted,MD,Sport Utility Vehicle,Slowing or Stopping,35,No,2019,HONDA,CR-V,39.02691226,-77.0467366,2024,8,14
240038725,Injury Crash,08/16/2024 01:56:00 PM,COLUMBIA PIKE,NA,Angle,Clear,Dry,Daylight,Traffic Control Signal,NONE DETECTED,Yes,Possible Minor Injury,Failed to Yield Right-of-Way,"Other Action (looking away from task, etc.)",MD,Passenger Car,Moving Constant Speed,50,No,2008,INFINITI,G35,39.0732662,-76.95556747,2024,8,13
240038725,Injury Crash,08/16/2024 01:56:00 PM,COLUMBIA PIKE,NA,Angle,Clear,Dry,Daylight,Traffic Control Signal,NONE DETECTED,No,Possible Minor Injury,NA,Not Distracted,MD,Passenger Car,Moving Constant Speed,50,No,2022,SUBARU,ASCENT,39.0732662,-76.95556747,2024,8,13
240038726,Property Damage Crash,08/16/2024 01:55:00 PM,JENNINGS RD,NA,"Sideswipe, Same Direction",Clear,Dry,Daylight,No Controls,NONE DETECTED,Yes,No Apparent Injury,NA,Not Distracted,MD,Van - Cargo,Turning Right,25,No,2018,DODGE,SPRINTER,39.03088479,-77.05681605,2024,8,13
240038726,Property Damage Crash,08/16/2024 01:55:00 PM,JENNINGS RD,NA,"Sideswipe, Same Direction",Clear,Dry,Daylight,No Controls,NONE DETECTED,No,No Apparent Injury,NA,Not Distracted,MD,Passenger Car,Parked,25,No,2022,FORD,F-150,39.03088479,-77.05681605,2024,8,13
240038710,Injury Crash,08/16/2024 12:15:00 PM,E GUDE DR,NA,"Sideswipe, Opposite Direction",Clear,Dry,Daylight,Traffic Control Signal,NONE DETECTED,No,Possible Minor Injury,NA,Not Distracted,MD,Passenger Car,Moving Constant Speed,30,No,2022,FORD,BRONCO,39.09779067,-77.136767,2024,8,12
240038710,Injury Crash,08/16/2024 12:15:00 PM,E GUDE DR,NA,"Sideswipe, Opposite Direction",Clear,Dry,Daylight,Traffic Control Signal,NONE DETECTED,Yes,Possible Minor Injury,"Swerved or Avoided Due to Wind, Slippery Surface, Motor Vehicle, Object, Non-Motorist in Roadway, etc",Not Distracted,MD,Passenger Car,Moving Constant Speed,30,No,2020,FORD,EXPLORER,39.09779067,-77.136767,2024,8,12
240038695,Property Damage Crash,08/16/2024 11:20:00 AM,NA,NA,Single Vehicle,Clear,Dry,Daylight,Lane Use Control Signal,NONE DETECTED,No,No Apparent Injury,NA,Not Distracted,MD,Bus - Transit,Slowing or Stopping,25,No,2022,NEW FLYER,TRANSIT BUS,39.100854,-77.07539317,2024,8,11
240038691,Injury Crash,08/16/2024 10:13:00 AM,AMBER RIDGE DR,NA,Front to Front,Cloudy,Dry,Daylight,Stop Sign,NONE DETECTED,Yes,No Apparent Injury,"Operated Motor Vehicle in Inattentive, Careless, Negligent, or Erratic Manner, Ran Stop Sign",Talking/listening,MD,Passenger Car,Moving Constant Speed,25,No,2011,TOYOTA,CAMRY,39.19745929,-77.25005014,2024,8,10
240038691,Injury Crash,08/16/2024 10:13:00 AM,AMBER RIDGE DR,NA,Front to Front,Cloudy,Dry,Daylight,Stop Sign,NONE DETECTED,No,Possible Minor Injury,NA,Not Distracted,MD,Passenger Car,Stopped in Traffic,25,No,2017,MERCEDES-BENZ,C-CLASS,39.19745929,-77.25005014,2024,8,10
240038670,Injury Crash,08/16/2024 06:01:00 AM,ROCKVILLE PIKE,NA,Front to Front,Clear,Dry,Medium,Traffic Control Signal,NONE DETECTED,No,Possible Minor Injury,NA,Not Distracted,MD,Passenger Car,Slowing or Stopping,35,No,2023,HONDA,CIVIC,39.06183587,-77.12398352,2024,8,6
240038670,Injury Crash,08/16/2024 06:01:00 AM,ROCKVILLE PIKE,NA,Front to Front,Clear,Dry,Medium,Traffic Control Signal,NONE DETECTED,Yes,No Apparent Injury,NA,Not Distracted,VA,Passenger Car,Slowing or Stopping,25,No,2013,MAZDA,MAZDA3,39.06183587,-77.12398352,2024,8,6
240038629,Injury Crash,08/15/2024 09:06:00 PM,QUINCE ORCHARD RD,NA,Single Vehicle,Clear,Dry,Dark,No Controls,NONE DETECTED,No,Possible Minor Injury,Ran Off Roadway,Not Distracted,MD,Passenger Car,Slowing or Stopping,30,No,2013,HYUNDAI,SONATA,39.10357333,-77.25273333,2024,8,21
240038637,Injury Crash,08/15/2024 08:46:00 PM,FREDERICK RD (SB/L),NA,Rear To Side,Clear,Dry,Medium,Traffic Control Signal,NONE DETECTED,No,No Apparent Injury,NA,Not Distracted,MD,Passenger Car,Turning Left,40,No,2017,NISSAN,ALTIMA,39.20041927,-77.24527913,2024,8,20
240038637,Injury Crash,08/15/2024 08:46:00 PM,FREDERICK RD (SB/L),NA,Rear To Side,Clear,Dry,Medium,Traffic Control Signal,NONE DETECTED,Yes,Possible Minor Injury,"Operated Motor Vehicle in Inattentive, Careless, Negligent, or Erratic Manner",Not Distracted,NA,Passenger Car,Accelerating,40,No,2024,CHEVROLET,CORVETTE,39.20041927,-77.24527913,2024,8,20
240038603,Property Damage Crash,08/15/2024 05:59:00 PM,GERMANTOWN RD (SB/L),NA,Front to Rear,Clear,Dry,Daylight,No Controls,NONE DETECTED,Yes,No Apparent Injury,NA,Not Distracted,MD,Passenger Car,NA,40,No,2012,HONDA,ODYSSEY,39.173289,-77.275248,2024,8,17
240038603,Property Damage Crash,08/15/2024 05:59:00 PM,GERMANTOWN RD (SB/L),NA,Front to Rear,Clear,Dry,Daylight,No Controls,NONE DETECTED,No,No Apparent Injury,NA,Not Distracted,MD,Passenger Car,NA,40,No,2007,CHRYSLER,TOWN AND COUNTRY,39.173289,-77.275248,2024,8,17
240038604,Property Damage Crash,08/15/2024 05:47:00 PM,EAST WEST HWY,NA,Other,Clear,Dry,Daylight,No Controls,NONE DETECTED,No,No Apparent Injury,NA,Unknown,MD,Bus - Transit,Moving Constant Speed,35,No,2012,GILLIG,UNKNOWN,38.99283153,-77.06160316,2024,8,17
240038604,Property Damage Crash,08/15/2024 05:47:00 PM,EAST WEST HWY,NA,Other,Clear,Dry,Daylight,No Controls,NONE DETECTED,No,No Apparent Injury,NA,Unknown,MD,Passenger Car,Changing Lanes,35,No,2016,TOYOTA,CAMRY,38.99283153,-77.06160316,2024,8,17
240038599,Injury Crash,08/15/2024 05:46:00 PM,RAMP 5 FR RAMP 6 (US29) TO BLACKBURN RD,NA,Rear To Rear,Clear,Dry,Daylight,No Controls,NONE DETECTED,No,No Apparent Injury,NA,Not Distracted,MD,Pickup,Slowing or Stopping,55,No,2022,TOYOTA,TACOMA,39.10732167,-76.93192351,2024,8,17
240038599,Injury Crash,08/15/2024 05:46:00 PM,RAMP 5 FR RAMP 6 (US29) TO BLACKBURN RD,NA,Rear To Rear,Clear,Dry,Daylight,No Controls,NONE DETECTED,No,No Apparent Injury,NA,Not Distracted,MD,Passenger Car,Slowing or Stopping,55,No,2022,HONDA,HR-V,39.10732167,-76.93192351,2024,8,17
240038599,Injury Crash,08/15/2024 05:46:00 PM,RAMP 5 FR RAMP 6 (US29) TO BLACKBURN RD,NA,Rear To Rear,Clear,Dry,Daylight,No Controls,NONE DETECTED,Yes,Possible Minor Injury,Followed Too Closely,Not Distracted,MD,Passenger Car,Slowing or Stopping,55,No,2012,TOYOTA,VAN,39.10732167,-76.93192351,2024,8,17
240038597,Injury Crash,08/15/2024 05:20:00 PM,NA,NA,Front to Rear,Clear,Dry,Daylight,Traffic Control Signal,NONE DETECTED,Yes,No Apparent Injury,NA,Unknown,MD,Passenger Car,Moving Constant Speed,35,No,2006,TOYOTA,COROLLA,39.12189287,-77.11458152,2024,8,17
240038597,Injury Crash,08/15/2024 05:20:00 PM,NA,NA,Front to Rear,Clear,Dry,Daylight,Traffic Control Signal,NONE DETECTED,No,No Apparent Injury,NA,Not Distracted,MD,Passenger Car,Stopped in Traffic,35,No,2017,SUBARU,OUTBACK,39.12189287,-77.11458152,2024,8,17
240038597,Injury Crash,08/15/2024 05:20:00 PM,NA,NA,Front to Rear,Clear,Dry,Daylight,Traffic Control Signal,NONE DETECTED,No,Possible Minor Injury,NA,Not Distracted,MD,Passenger Car,Slowing or Stopping,35,No,2016,NISSAN,NV200,39.12189287,-77.11458152,2024,8,17
240038594,Injury Crash,08/15/2024 05:03:00 PM,ATLANTIC AVE,NA,Rear To Side,Clear,Dry,Daylight,Traffic Control Signal,NONE DETECTED,Yes,No Apparent Injury,Improper Turn,Not Distracted,MD,Passenger Car,Turning Left,35,No,2012,HONDA,CIVIC,39.07481333,-77.11576833,2024,8,17
240038594,Injury Crash,08/15/2024 05:03:00 PM,ATLANTIC AVE,NA,Rear To Side,Clear,Dry,Daylight,Traffic Control Signal,NONE DETECTED,Yes,Possible Minor Injury,Failed to Keep in Proper Lane,Unknown,MD,Passenger Car,Moving Constant Speed,35,No,2021,HONDA,CIVIC,39.07481333,-77.11576833,2024,8,17
240038589,Injury Crash,08/15/2024 04:22:00 PM,GRANT AVE,NA,Other,Clear,Dry,Daylight,No Controls,NONE DETECTED,No,Possible Minor Injury,Failed to Yield Right-of-Way,Not Distracted,MD,Passenger Car,Moving Constant Speed,25,No,2016,NISSAN,ROGUE,38.98153482,-77.00948556,2024,8,16
240038589,Injury Crash,08/15/2024 04:22:00 PM,GRANT AVE,NA,Other,Clear,Dry,Daylight,No Controls,NONE DETECTED,No,No Apparent Injury,NA,Not Distracted,MD,Passenger Car,Moving Constant Speed,25,No,2020,TOYOTA,PRIUS PRIME,38.98153482,-77.00948556,2024,8,16
240038591,Property Damage Crash,08/15/2024 04:20:00 PM,OLD COLUMBIA PIKE,NA,"Sideswipe, Opposite Direction",Clear,Dry,Daylight,No Controls,NONE DETECTED,Yes,No Apparent Injury,NA,Not Distracted,MD,Sport Utility Vehicle,Turning Left,45,No,2010,HONDA,PILOT,39.10876972,-76.93573308,2024,8,16
240038591,Property Damage Crash,08/15/2024 04:20:00 PM,OLD COLUMBIA PIKE,NA,"Sideswipe, Opposite Direction",Clear,Dry,Daylight,No Controls,NONE DETECTED,No,NA,NA,NA,NA,Sport Utility Vehicle,Parked,45,No,2013,NISSAN,ARMADA,39.10876972,-76.93573308,2024,8,16
240038591,Property Damage Crash,08/15/2024 04:20:00 PM,OLD COLUMBIA PIKE,NA,"Sideswipe, Opposite Direction",Clear,Dry,Daylight,No Controls,NONE DETECTED,No,No Apparent Injury,NA,Not Distracted,MD,Sport Utility Vehicle,Moving Constant Speed,45,No,2018,CHEVROLET,EQUINOX,39.10876972,-76.93573308,2024,8,16
240038588,Injury Crash,08/15/2024 04:10:00 PM,COLUMBIA PIKE,NA,Front to Front,Clear,Dry,Daylight,Traffic Control Signal,NONE DETECTED,No,Possible Minor Injury,NA,Not Distracted,MD,Passenger Car,Stopped in Traffic,20,No,2019,DODGE,CHARGER,39.04644667,-76.986821,2024,8,16
240038588,Injury Crash,08/15/2024 04:10:00 PM,COLUMBIA PIKE,NA,Front to Front,Clear,Dry,Daylight,Traffic Control Signal,NONE DETECTED,Yes,NA,"Improper Turn, Operated Motor Vehicle in Inattentive, Careless, Negligent, or Erratic Manner, Operated Motor Vehicle in Reckless or Aggressive Manner, Too Fast For Conditions",Unknown,NA,Passenger Car,Turning Right,50,No,2016,HYUNDAI,ELANTRA,39.04644667,-76.986821,2024,8,16
240038587,Property Damage Crash,08/15/2024 04:08:00 PM,NA,NA,Angle,Clear,Dry,Daylight,No Controls,NONE DETECTED,Yes,No Apparent Injury,NA,Unknown,MD,Passenger Car,Moving Constant Speed,30,No,2007,HONDA,ACCORD,39.09081433,-77.09942133,2024,8,16
240038586,Property Damage Crash,08/15/2024 03:56:00 PM,NA,Cyclist (non-electric),Single Vehicle,Clear,Dry,Daylight,Traffic Control Signal,ALCOHOL PRESENT,Yes,No Apparent Injury,"Failed to Keep in Proper Lane, Improper Turn, Ran Off Roadway",Unknown,DC,Pickup,Turning Left,30,No,2022,CHEVROLET,COLORADO,39.02525731,-77.04617356,2024,8,15
240038585,Injury Crash,08/15/2024 03:28:00 PM,LONE OAK DR,NA,Other,Clear,Dry,Daylight,Stop Sign,NONE DETECTED,Yes,No Apparent Injury,Failed to Yield Right-of-Way,Unknown,DC,Sport Utility Vehicle,Turning Left,25,No,2018,AUDI,Q7,39.01983829,-77.13439007,2024,8,15
240038585,Injury Crash,08/15/2024 03:28:00 PM,LONE OAK DR,NA,Other,Clear,Dry,Daylight,No Controls,NONE DETECTED,No,Possible Minor Injury,NA,Not Distracted,MD,Passenger Car,Moving Constant Speed,30,No,2023,TOYOTA,CAMRY,39.01983829,-77.13439007,2024,8,15
240038577,Property Damage Crash,08/15/2024 02:44:00 PM,CROCUS DR,NA,"Sideswipe, Same Direction",Clear,Dry,Daylight,No Controls,NONE DETECTED,Yes,No Apparent Injury,NA,Not Distracted,MD,Bus - Transit,Moving Constant Speed,25,No,2013,GILLIG,CITY TRANSIT BUS,39.09925986,-77.17467949,2024,8,14
240038571,Injury Crash,08/15/2024 02:43:00 PM,GERMANTOWN RD (SB/L),NA,"Sideswipe, Same Direction",Clear,Dry,Daylight,No Controls,NONE DETECTED,Yes,No Apparent Injury,"Failed to Yield Right-of-Way, Improper Passing, Operated Motor Vehicle in Inattentive, Careless, Negligent, or Erratic Manner, Operated Motor Vehicle in Reckless or Aggressive Manner, Other Improper Action, Ran Off Roadway",Unknown,MD,Passenger Car,Changing Lanes,45,No,2018,KIA,FORTE,39.18609167,-77.25351,2024,8,14
240038571,Injury Crash,08/15/2024 02:43:00 PM,GERMANTOWN RD (SB/L),NA,"Sideswipe, Same Direction",Clear,Dry,Daylight,No Controls,NONE DETECTED,No,Possible Minor Injury,NA,Not Distracted,MD,Sport Utility Vehicle,Accelerating,45,No,2010,HONDA,ODYSSEY,39.18609167,-77.25351,2024,8,14
240038575,Injury Crash,08/15/2024 02:10:00 PM,NA,Pedestrian,Single Vehicle,Clear,NA,Daylight,NA,NONE DETECTED,No,No Apparent Injury,NA,Unknown,MD,Sport Utility Vehicle,Backing,0,No,2018,JEEP,COMPASS,39.01429389,-77.10458823,2024,8,14
240038563,Property Damage Crash,08/15/2024 01:49:00 PM,NA,NA,Rear To Rear,Clear,NA,Daylight,NA,NONE DETECTED,Yes,No Apparent Injury,NA,Not Distracted,MD,Pickup,Backing,0,No,2015,CHEVROLET,3500,39.09805047,-77.13924483,2024,8,13
240038528,Property Damage Crash,08/15/2024 11:06:00 AM,NA,NA,Front to Rear,Clear,Dry,Daylight,No Controls,NONE DETECTED,No,NA,NA,NA,NA,NA,NA,30,No,0,NA,NA,38.99041699,-77.02942733,2024,8,11
240038528,Property Damage Crash,08/15/2024 11:06:00 AM,NA,NA,Front to Rear,Clear,Dry,Daylight,No Controls,NONE DETECTED,No,No Apparent Injury,NA,Not Distracted,PA,Passenger Car,Slowing or Stopping,30,No,2024,VOLVO,S60,38.99041699,-77.02942733,2024,8,11
240038501,Property Damage Crash,08/15/2024 07:58:00 AM,KEY WEST AVE,NA,Single Vehicle,Clear,Dry,Daylight,No Controls,NONE DETECTED,Yes,No Apparent Injury,"Failed to Keep in Proper Lane, Ran Off Roadway",Unknown,MD,Passenger Car,Moving Constant Speed,40,No,2014,JEEP,CHEROKEE,39.10552,-77.19881833,2024,8,7
240038496,Injury Crash,08/15/2024 07:34:00 AM,S FREDERICK RD (SB/L),NA,Angle,Clear,Dry,Daylight,Traffic Control Signal,NONE DETECTED,Yes,Possible Minor Injury,NA,Unknown,MD,Passenger Car,Turning Left,35,No,2020,KIA,FORTE,39.1377189,-77.19414106,2024,8,7
240038496,Injury Crash,08/15/2024 07:34:00 AM,S FREDERICK RD (SB/L),NA,Angle,Clear,Dry,Daylight,Traffic Control Signal,NONE DETECTED,No,Possible Minor Injury,NA,Not Distracted,MD,Passenger Car,Moving Constant Speed,35,No,2022,HONDA,ACCORD,39.1377189,-77.19414106,2024,8,7
240038484,Injury Crash,08/15/2024 04:45:00 AM,FREDERICK RD,NA,Front to Rear,Clear,Dry,Medium,Traffic Control Signal,NONE DETECTED,No,No Apparent Injury,Other Improper Action,Not Distracted,MD,Passenger Car,Moving Constant Speed,35,No,2018,FORD,EXPLORER,39.15930867,-77.21928538,2024,8,4
240038484,Injury Crash,08/15/2024 04:45:00 AM,FREDERICK RD,NA,Front to Rear,Clear,Dry,Medium,Traffic Control Signal,NONE DETECTED,No,Suspected Serious Injury,NA,Not Distracted,MD,Passenger Car,Slowing or Stopping,35,No,2010,FORD,ESCAPE,39.15930867,-77.21928538,2024,8,4
240038481,Property Damage Crash,08/15/2024 02:28:00 AM,FLEET ST,NA,Other,Clear,Dry,Medium,Other Signal,NONE DETECTED,No,No Apparent Injury,NA,Not Distracted,MD,Passenger Car,Moving Constant Speed,25,No,2021,KIA,OPTIMA,39.0808061,-77.14998236,2024,8,2
240038481,Property Damage Crash,08/15/2024 02:28:00 AM,FLEET ST,NA,Other,Clear,Dry,Medium,Other Signal,NONE DETECTED,No,No Apparent Injury,Failed to Yield Right-of-Way,Not Distracted,MD,Sport Utility Vehicle,Turning Left,25,No,2020,CHEVROLET,TRAX,39.0808061,-77.14998236,2024,8,2
240038476,Property Damage Crash,08/15/2024 12:14:00 AM,MIDCOUNTY HWY (SB/L),NA,Single Vehicle,Clear,Dry,Dark,No Controls,NONE DETECTED,No,No Apparent Injury,NA,Not Distracted,MD,Passenger Car,Moving Constant Speed,40,No,2022,FORD,EXPLORER,39.15762,-77.189275,2024,8,0
240038449,Property Damage Crash,08/14/2024 07:37:00 PM,ADELPHI RD (WB/L),NA,"Sideswipe, Opposite Direction",Clear,Dry,Daylight,Traffic Control Signal,NONE DETECTED,Yes,No Apparent Injury,NA,Not Distracted,NA,Passenger Car,Moving Constant Speed,35,No,2006,TOYOTA,SIENNA,39.01148885,-76.97870177,2024,8,19
240038449,Property Damage Crash,08/14/2024 07:37:00 PM,ADELPHI RD (WB/L),NA,"Sideswipe, Opposite Direction",Clear,Dry,Daylight,Traffic Control Signal,NONE DETECTED,No,No Apparent Injury,NA,Not Distracted,DC,Passenger Car,Moving Constant Speed,35,No,2014,NISSAN,ROGUE,39.01148885,-76.97870177,2024,8,19
240038444,Property Damage Crash,08/14/2024 07:28:00 PM,LAYHILL RD (SB/L),NA,Angle,Clear,Dry,Daylight,Traffic Control Signal,NONE DETECTED,Yes,No Apparent Injury,"Failed to Keep in Proper Lane, Improper Turn",Not Distracted,MD,Passenger Car,Turning Left,35,No,2002,HYUNDAI,ELANTRA,39.09060615,-77.0449126,2024,8,19
240038444,Property Damage Crash,08/14/2024 07:28:00 PM,LAYHILL RD (SB/L),NA,Angle,Clear,Dry,Daylight,Traffic Control Signal,NONE DETECTED,No,No Apparent Injury,NA,Not Distracted,MD,Sport Utility Vehicle,Moving Constant Speed,35,No,2007,FORD,EXPLORER,39.09060615,-77.0449126,2024,8,19
240038440,Property Damage Crash,08/14/2024 07:02:00 PM,NA,NA,Single Vehicle,Clear,Dry,Daylight,No Controls,NONE DETECTED,No,No Apparent Injury,NA,Not Distracted,MD,Station Wagon,Moving Constant Speed,40,No,2009,TOYOTA,SIENNA,39.25087417,-77.2982445,2024,8,19
240038432,Injury Crash,08/14/2024 06:38:00 PM,GEORGIA AVE,NA,Front to Front,Clear,Dry,Daylight,Traffic Control Signal,NONE DETECTED,No,Possible Minor Injury,NA,Not Distracted,MD,Passenger Car,Moving Constant Speed,35,No,2020,HONDA,ACCORD,39.07753918,-77.07075254,2024,8,18
240038432,Injury Crash,08/14/2024 06:38:00 PM,GEORGIA AVE,NA,Front to Front,Clear,Dry,Daylight,Traffic Control Signal,NONE DETECTED,Yes,Possible Minor Injury,"Failed to Yield Right-of-Way, Improper Turn",Not Distracted,MD,Passenger Car,Turning Left,35,No,2012,TOYOTA,CAMRY,39.07753918,-77.07075254,2024,8,18