Local Case Number,ACRS Report Type,Crash Date/Time,Road Name,Related Non-Motorist,Collision Type,Weather,Surface Condition,Light,Traffic Control,Driver Substance Abuse,Driver At Fault,Injury Severity,Circumstance,Driver Distracted By,Drivers License State,Vehicle Body Type,Vehicle Movement,Speed Limit,Driverless Vehicle,Vehicle Year,Vehicle Make,Vehicle Model,Latitude,Longitude,Year,Month,Hour
240038423,Injury Crash,08/14/2024 05:50:00 PM,REEDIE DR,NA,Front to Front,Clear,Dry,Daylight,Traffic Control Signal,NONE DETECTED,No,Possible Minor Injury,NA,Not Distracted,MD,Passenger Car,Moving Constant Speed,25,No,2006,HONDA,ACCORD,39.03857083,-77.050925,2024,8,17
240038423,Injury Crash,08/14/2024 05:50:00 PM,REEDIE DR,NA,Front to Front,Clear,Dry,Daylight,Traffic Control Signal,NONE DETECTED,Yes,No Apparent Injury,Failed to Yield Right-of-Way,Not Distracted,VA,Passenger Car,Turning Left,25,No,2023,TOYOTA,COROLLA,39.03857083,-77.050925,2024,8,17
240038418,Injury Crash,08/14/2024 05:45:00 PM,GEORGIA AVE,NA,Angle,Clear,Dry,Daylight,No Controls,NONE DETECTED,No,Possible Minor Injury,NA,Not Distracted,MD,Passenger Car,Moving Constant Speed,35,No,2018,VOLKSWAGEN,ATLAS,39.01095766,-77.040877,2024,8,17
240038418,Injury Crash,08/14/2024 05:45:00 PM,GEORGIA AVE,NA,Angle,Clear,Dry,Daylight,No Controls,NONE DETECTED,Yes,No Apparent Injury,NA,Not Distracted,MD,Passenger Car,Entering Traffic Lane,35,No,2005,NISSAN,PATHFINDER,39.01095766,-77.040877,2024,8,17
240038418,Injury Crash,08/14/2024 05:45:00 PM,GEORGIA AVE,NA,Angle,Clear,Dry,Daylight,No Controls,NONE DETECTED,No,No Apparent Injury,NA,Not Distracted,MD,Passenger Car,Moving Constant Speed,35,No,2014,CHEVROLET,EQUINOX,39.01095766,-77.040877,2024,8,17
240038426,Property Damage Crash,08/14/2024 05:35:00 PM,NA,NA,Angle,Clear,NA,Daylight,NA,NONE DETECTED,Yes,No Apparent Injury,Failed to Yield Right-of-Way,Not Distracted,MD,Passenger Car,Accelerating,0,No,2018,HONDA,CIVIC,39.2000188,-77.24817994,2024,8,17
240038426,Property Damage Crash,08/14/2024 05:35:00 PM,NA,NA,Angle,Clear,NA,Daylight,NA,NONE DETECTED,No,No Apparent Injury,NA,Not Distracted,MD,Passenger Car,Moving Constant Speed,0,No,2014,TOYOTA,COROLLA,39.2000188,-77.24817994,2024,8,17
240038424,Property Damage Crash,08/14/2024 05:30:00 PM,UNIVERSITY BLVD W (WB/L),NA,"Sideswipe, Same Direction",Clear,Dry,Daylight,Traffic Control Signal,NONE DETECTED,No,No Apparent Injury,NA,Not Distracted,MD,Pickup,Stopped in Traffic,35,No,2022,FORD,F-250,39.03175741,-77.07508631,2024,8,17
240038424,Property Damage Crash,08/14/2024 05:30:00 PM,UNIVERSITY BLVD W (WB/L),NA,"Sideswipe, Same Direction",Clear,Dry,Daylight,Traffic Control Signal,NONE DETECTED,No,No Apparent Injury,NA,Not Distracted,MD,Other,Changing Lanes,35,No,2016,FREIGHTLINER,T-LINE,39.03175741,-77.07508631,2024,8,17
240038417,Property Damage Crash,08/14/2024 05:23:00 PM,MANNAKEE ST,NA,Single Vehicle,Clear,Dry,Daylight,Stop Sign,NONE DETECTED,Yes,No Apparent Injury,NA,Unknown,MD,Van - Passenger (&lt;9 Seats),Turning Left,25,No,2005,HONDA,ODYSSEY,39.09602299,-77.15701715,2024,8,17
240038415,Property Damage Crash,08/14/2024 05:05:00 PM,NEW HAMPSHIRE AVE (SB/L),NA,Front to Rear,Clear,Dry,Daylight,Traffic Control Signal,NONE DETECTED,No,No Apparent Injury,NA,Not Distracted,DC,Sport Utility Vehicle,Slowing or Stopping,40,No,2023,BMW,325IX,39.07401633,-77.0025895,2024,8,17
240038415,Property Damage Crash,08/14/2024 05:05:00 PM,NEW HAMPSHIRE AVE (SB/L),NA,Front to Rear,Clear,Dry,Daylight,Traffic Control Signal,NONE DETECTED,Yes,No Apparent Injury,Followed Too Closely,Not Distracted,MD,Passenger Car,Slowing or Stopping,40,No,2016,TOYOTA,COROLLA,39.07401633,-77.0025895,2024,8,17
240038413,Property Damage Crash,08/14/2024 04:53:00 PM,HONEYBEE LA,NA,Front to Front,Clear,Dry,Daylight,Stop Sign,NONE DETECTED,No,No Apparent Injury,NA,Not Distracted,MD,Sport Utility Vehicle,Accelerating,25,No,2014,LEXUS,RX,38.99927269,-77.16165731,2024,8,16
240038413,Property Damage Crash,08/14/2024 04:53:00 PM,HONEYBEE LA,NA,Front to Front,Clear,Dry,Daylight,No Controls,NONE DETECTED,No,No Apparent Injury,NA,Not Distracted,MD,Passenger Car,Moving Constant Speed,25,No,2007,HONDA,ACCORD,38.99927269,-77.16165731,2024,8,16
240038409,Property Damage Crash,08/14/2024 04:30:00 PM,CANTRELL RD,NA,Single Vehicle,Clear,Dry,Daylight,No Controls,NONE DETECTED,Yes,No Apparent Injury,"Failed to Keep in Proper Lane, Operated Motor Vehicle in Inattentive, Careless, Negligent, or Erratic Manner, Ran Off Roadway",Not Distracted,MD,Passenger Car,Accelerating,25,No,2015,TOYOTA,HIGHLANDER,39.0920455,-76.9723865,2024,8,16
240038724,Property Damage Crash,08/14/2024 04:08:00 PM,NA,NA,"Sideswipe, Same Direction",Clear,NA,Daylight,NA,NONE DETECTED,Yes,No Apparent Injury,"Operated Motor Vehicle in Inattentive, Careless, Negligent, or Erratic Manner",Not Distracted,MD,Passenger Car,Backing,0,No,2020,KIA,SOUL,39.05234619,-77.11145604,2024,8,16
240038394,Injury Crash,08/14/2024 03:40:00 PM,INWOOD AVE,NA,Front to Front,Clear,Dry,Daylight,Other,NONE DETECTED,No,No Apparent Injury,NA,Not Distracted,MD,Passenger Car,Slowing or Stopping,25,No,2010,KIA,SOUL,39.033675,-77.03588167,2024,8,15
240038394,Injury Crash,08/14/2024 03:40:00 PM,INWOOD AVE,NA,Front to Front,Clear,Dry,Daylight,Other Signal,NONE DETECTED,Yes,Possible Minor Injury,Disregarded Other Traffic Sign,"Other Action (looking away from task, etc.)",MD,Passenger Car,Accelerating,25,No,2024,SUBARU,FORESTER,39.033675,-77.03588167,2024,8,15
240038390,Property Damage Crash,08/14/2024 03:20:00 PM,FENTON ST,NA,"Sideswipe, Same Direction",Clear,Dry,Daylight,No Controls,NONE DETECTED,No,No Apparent Injury,NA,Not Distracted,MD,Other,Parked,25,No,2008,SPARTAN,UNKNOWN,38.9917665,-77.024067,2024,8,15
240038390,Property Damage Crash,08/14/2024 03:20:00 PM,FENTON ST,NA,"Sideswipe, Same Direction",Clear,Dry,Daylight,No Controls,NONE DETECTED,Yes,No Apparent Injury,Improper Passing,Not Distracted,MD,Passenger Car,Changing Lanes,25,No,2015,HONDA,CR-V,38.9917665,-77.024067,2024,8,15
240038382,Property Damage Crash,08/14/2024 02:48:00 PM,KERWIN RD,NA,Angle,Clear,Dry,Daylight,No Controls,NONE DETECTED,Yes,No Apparent Injury,Failed to Yield Right-of-Way,Not Distracted,MD,Passenger Car,Turning Left,35,No,2023,KIA,FORTE,39.02774508,-77.02050856,2024,8,14
240038382,Property Damage Crash,08/14/2024 02:48:00 PM,KERWIN RD,NA,Angle,Clear,Dry,Daylight,No Controls,NONE DETECTED,No,No Apparent Injury,NA,Not Distracted,MD,Passenger Car,Turning Right,35,No,2007,TOYOTA,COROLLA,39.02774508,-77.02050856,2024,8,14
240038373,Property Damage Crash,08/14/2024 02:20:00 PM,E DIAMOND AVE,NA,Front to Front,Clear,Dry,Daylight,No Controls,NONE DETECTED,No,No Apparent Injury,NA,Not Distracted,MD,Passenger Car,Moving Constant Speed,25,No,2018,MAZDA,CX-3,39.14180188,-77.1863226,2024,8,14
240038373,Property Damage Crash,08/14/2024 02:20:00 PM,E DIAMOND AVE,NA,Front to Front,Clear,Dry,Daylight,No Controls,NONE DETECTED,No,No Apparent Injury,"Failed to Keep in Proper Lane, Operated Motor Vehicle in Inattentive, Careless, Negligent, or Erratic Manner",Unknown,MD,Passenger Car,Moving Constant Speed,25,No,2005,TOYOTA,COROLLA,39.14180188,-77.1863226,2024,8,14
240038360,Property Damage Crash,08/14/2024 01:38:00 PM,NA,NA,Single Vehicle,Clear,NA,Daylight,NA,NONE DETECTED,Yes,No Apparent Injury,NA,Not Distracted,MD,Other Trucks,Backing,0,No,2020,PETERBILT,337,39.09824406,-77.13664041,2024,8,13
240038349,Injury Crash,08/14/2024 12:35:00 PM,EMORY GROVE RD,NA,Front to Rear,Clear,Dry,Daylight,No Controls,NONE DETECTED,No,Possible Minor Injury,NA,Unknown,NC,Passenger Car,Slowing or Stopping,35,No,2003,HYUNDAI,UNKNOWN,39.15439823,-77.17476003,2024,8,12
240038349,Injury Crash,08/14/2024 12:35:00 PM,EMORY GROVE RD,NA,Front to Rear,Clear,Dry,Daylight,No Controls,NONE DETECTED,Yes,No Apparent Injury,NA,Unknown,PA,Truck Tractor,Backing,35,No,2015,KENWORTH,UNKNOWN,39.15439823,-77.17476003,2024,8,12
240038347,Injury Crash,08/14/2024 12:28:00 PM,ROLLINS AVE,NA,Single Vehicle,Clear,Dry,Daylight,No Controls,NONE DETECTED,Yes,Possible Minor Injury,Other Improper Action,Not Distracted,MD,Passenger Car,Accelerating,5,No,2014,MERCEDES-BENZ,E-CLASS,39.0587368,-77.12240057,2024,8,12
240038333,Property Damage Crash,08/14/2024 11:27:00 AM,GRIDLEY LA,NA,Single Vehicle,Clear,Dry,Daylight,Stop Sign,NONE DETECTED,No,No Apparent Injury,"Over-Correcting/Over-Steering, Ran Off Roadway",Not Distracted,MD,Passenger Car,Accelerating,25,No,2021,HYUNDAI,SONATA,39.02839824,-77.04093774,2024,8,11
240038356,Property Damage Crash,08/14/2024 08:30:00 AM,PROCTER ST,NA,"Sideswipe, Same Direction",Clear,Dry,Daylight,No Controls,NONE DETECTED,No,NA,NA,NA,NA,Passenger Car,Moving Constant Speed,15,No,2011,NISSAN,UNKNOWN,39.02555835,-77.02369734,2024,8,8
240038309,Injury Crash,08/14/2024 07:51:00 AM,COLUMBIA PIKE,NA,Angle,Clear,Dry,Daylight,Traffic Control Signal,NONE DETECTED,Yes,No Apparent Injury,NA,Not Distracted,NY,Sport Utility Vehicle,Turning Left,40,No,2014,BMW,X3,39.03115857,-77.00469323,2024,8,7
240038309,Injury Crash,08/14/2024 07:51:00 AM,COLUMBIA PIKE,NA,Angle,Clear,Dry,Daylight,Traffic Control Signal,NONE DETECTED,No,No Apparent Injury,NA,Not Distracted,MD,Van - Passenger (&lt;9 Seats),Moving Constant Speed,40,No,2012,HONDA,ODYSSEY,39.03115857,-77.00469323,2024,8,7
240038309,Injury Crash,08/14/2024 07:51:00 AM,COLUMBIA PIKE,NA,Angle,Clear,Dry,Daylight,Traffic Control Signal,NONE DETECTED,No,No Apparent Injury,NA,Not Distracted,MD,Single-Unit Truck,Moving Constant Speed,40,No,2019,RAM,5500,39.03115857,-77.00469323,2024,8,7
240038306,Property Damage Crash,08/14/2024 07:50:00 AM,ARROWHEAD RD,NA,Front to Front,Clear,Dry,Daylight,Traffic Control Signal,NONE DETECTED,Yes,No Apparent Injury,NA,Unknown,MD,Passenger Car,Turning Left,35,No,2002,TOYOTA,UNKNOWN,39.18789613,-77.19710833,2024,8,7
240038306,Property Damage Crash,08/14/2024 07:50:00 AM,ARROWHEAD RD,NA,Front to Front,Clear,Dry,Daylight,Traffic Control Signal,NONE DETECTED,No,No Apparent Injury,NA,Unknown,MD,Passenger Car,Moving Constant Speed,35,No,2015,NISSAN,SENTRA,39.18789613,-77.19710833,2024,8,7
240038300,Injury Crash,08/14/2024 05:29:00 AM,SLIGO AVE,NA,Angle,Clear,Dry,Medium,Flashing Traffic Control Signal,NONE DETECTED,No,Possible Minor Injury,NA,Not Distracted,MD,Passenger Car,Moving Constant Speed,30,No,2016,VOLKSWAGEN,GOLF GTI,38.9901465,-77.02399435,2024,8,5
240038300,Injury Crash,08/14/2024 05:29:00 AM,SLIGO AVE,NA,Angle,Clear,Dry,Medium,Flashing Traffic Control Signal,NONE DETECTED,Yes,No Apparent Injury,NA,Not Distracted,MD,Bus - Other Type,Accelerating,30,No,2018,FORD,TRANSIT CONNECT,38.9901465,-77.02399435,2024,8,5
240041239,Property Damage Crash,08/14/2024 02:00:00 AM,VILLAGE SQUARE TERR,NA,Front to Front,Clear,Dry,Dark,No Controls,NONE DETECTED,No,NA,NA,NA,NA,Passenger Car,Moving Constant Speed,15,No,2016,NISSAN,UNKNOWN,39.0576673,-77.10887571,2024,8,2
240038295,Property Damage Crash,08/14/2024 12:47:00 AM,COLUMBIA PIKE (SB/L),NA,Front to Rear,Clear,Dry,Medium,Traffic Control Signal,NONE DETECTED,No,No Apparent Injury,NA,Not Distracted,MD,Passenger Car,Moving Constant Speed,50,No,2020,HONDA,ACCORD,39.04696593,-76.98646063,2024,8,0
240038295,Property Damage Crash,08/14/2024 12:47:00 AM,COLUMBIA PIKE (SB/L),NA,Front to Rear,Clear,Dry,Medium,Traffic Control Signal,NONE DETECTED,No,No Apparent Injury,NA,Not Distracted,MD,Sport Utility Vehicle,NA,50,No,2011,TOYOTA,RAV4,39.04696593,-76.98646063,2024,8,0
240038279,Injury Crash,08/13/2024 09:35:00 PM,NA,NA,Other,Clear,Dry,Medium,Traffic Control Signal,NONE DETECTED,No,Possible Minor Injury,Failed to Yield Right-of-Way,Not Distracted,MD,Passenger Car,Turning Left,35,No,2015,JEEP,GRAND CHEROKEE,39.1477065,-77.23277967,2024,8,21
240038279,Injury Crash,08/13/2024 09:35:00 PM,NA,NA,Other,Clear,Dry,Medium,Traffic Control Signal,NONE DETECTED,No,No Apparent Injury,NA,Not Distracted,MD,Passenger Car,Moving Constant Speed,35,No,2008,TOYOTA,COROLLA,39.1477065,-77.23277967,2024,8,21
240038267,Injury Crash,08/13/2024 07:58:00 PM,NA,NA,Single Vehicle,Clear,Dry,Daylight,No Controls,NONE DETECTED,Yes,Possible Minor Injury,NA,Not Distracted,MD,Passenger Car,Turning Left,20,No,2013,HYUNDAI,SONATA,39.11086984,-76.93370124,2024,8,19
240038266,Injury Crash,08/13/2024 07:44:00 PM,OLD GEORGETOWN RD,NA,Front to Rear,Clear,Dry,Medium,No Controls,NONE DETECTED,No,Possible Minor Injury,NA,Not Distracted,MD,Bus - Transit,Stopped in Traffic,35,No,2016,NEW FLYER,TRANSIT BUS,39.01643284,-77.11957344,2024,8,19
240038266,Injury Crash,08/13/2024 07:44:00 PM,OLD GEORGETOWN RD,NA,Front to Rear,Clear,Dry,Medium,No Controls,NONE DETECTED,No,No Apparent Injury,NA,Unknown,MD,Sport Utility Vehicle,Slowing or Stopping,35,No,2005,TOYOTA,4-RUNNER,39.01643284,-77.11957344,2024,8,19
240038262,Injury Crash,08/13/2024 07:22:00 PM,NA,NA,"Sideswipe, Opposite Direction",Clear,Dry,Daylight,No Controls,NONE DETECTED,No,No Apparent Injury,NA,Not Distracted,MD,Bus - Transit,Moving Constant Speed,30,No,2020,GILLIG,CITY TRANSIT BUS,39.14185722,-77.06161442,2024,8,19
240038262,Injury Crash,08/13/2024 07:22:00 PM,NA,NA,"Sideswipe, Opposite Direction",Clear,Dry,Daylight,No Controls,ALCOHOL PRESENT,Yes,Possible Minor Injury,"Failed to Keep in Proper Lane, Operated Motor Vehicle in Inattentive, Careless, Negligent, or Erratic Manner, Operated Motor Vehicle in Reckless or Aggressive Manner, Other Improper Action, Ran Off Roadway, Too Fast For Conditions",Unknown,MD,Passenger Car,Negotiating a Curve,30,No,2001,FORD,MUSTANG,39.14185722,-77.06161442,2024,8,19
240038234,Property Damage Crash,08/13/2024 05:05:00 PM,GEORGIA AVE (SB/L),NA,Rear To Side,Clear,Dry,Daylight,Traffic Control Signal,NONE DETECTED,No,No Apparent Injury,NA,Unknown,TX,Bus - Transit,Slowing or Stopping,30,No,2024,MCI TRAILERS,MCI TRAILERS,39.04621026,-77.05113387,2024,8,17
240038234,Property Damage Crash,08/13/2024 05:05:00 PM,GEORGIA AVE (SB/L),NA,Rear To Side,Clear,Dry,Daylight,Traffic Control Signal,NONE DETECTED,No,No Apparent Injury,NA,Unknown,MD,Passenger Car,Turning Left,30,No,2005,FORD,TRANSIT,39.04621026,-77.05113387,2024,8,17
240038239,Property Damage Crash,08/13/2024 04:55:00 PM,NA,NA,"Sideswipe, Same Direction",Clear,NA,Daylight,NA,NONE DETECTED,No,No Apparent Injury,NA,Not Distracted,MD,Sport Utility Vehicle,Slowing or Stopping,0,No,2012,CHEVROLET,TAHOE,39.02446266,-77.123367150000007,2024,8,16
240038239,Property Damage Crash,08/13/2024 04:55:00 PM,NA,NA,"Sideswipe, Same Direction",Clear,NA,Daylight,NA,NONE DETECTED,No,No Apparent Injury,NA,Unknown,MD,Passenger Car,Overtaking/Passing,0,No,2017,TOYOTA,CAMRY,39.02446266,-77.123367150000007,2024,8,16
240038233,Property Damage Crash,08/13/2024 04:52:00 PM,OLD COLUMBIA PIKE (SB/L),NA,Front to Rear,Clear,Dry,Daylight,Traffic Control Signal,NONE DETECTED,No,No Apparent Injury,NA,Not Distracted,MD,Passenger Car,Slowing or Stopping,45,No,2010,TOYOTA,COROLLA,39.11631908,-76.9329828,2024,8,16
240038233,Property Damage Crash,08/13/2024 04:52:00 PM,OLD COLUMBIA PIKE (SB/L),NA,Front to Rear,Clear,Dry,Daylight,Traffic Control Signal,NONE DETECTED,Yes,NA,NA,NA,NA,Sport Utility Vehicle,NA,45,No,2009,HONDA,CR-V,39.11631908,-76.9329828,2024,8,16
240038209,Property Damage Crash,08/13/2024 03:42:00 PM,RANDOLPH RD,NA,Angle,Clear,Dry,Daylight,No Controls,NONE DETECTED,No,No Apparent Injury,NA,Not Distracted,MD,Passenger Car,Moving Constant Speed,35,No,2024,SUBARU,CROSSTREK,39.05792762,-77.05389014,2024,8,15
240038209,Property Damage Crash,08/13/2024 03:42:00 PM,RANDOLPH RD,NA,Angle,Clear,Dry,Daylight,No Controls,NONE DETECTED,Yes,NA,NA,NA,NA,Passenger Car,Changing Lanes,35,No,2014,BMW,535I,39.05792762,-77.05389014,2024,8,15
240038212,Injury Crash,08/13/2024 03:35:00 PM,HARBOUR TOWN DR,NA,Single Vehicle,Clear,Dry,Daylight,No Controls,NONE DETECTED,Yes,Possible Minor Injury,Ran Off Roadway,Not Distracted,MD,Sport Utility Vehicle,Moving Constant Speed,25,No,2020,MAZDA,CX-9,39.12751652,-76.99304573,2024,8,15
240038196,Property Damage Crash,08/13/2024 02:25:00 PM,TAMARACK RD,NA,Angle,Clear,Dry,Daylight,Traffic Control Signal,NONE DETECTED,No,No Apparent Injury,NA,Not Distracted,MD,Passenger Car,Turning Left,35,No,2003,ACURA,MDX,39.0678778,-76.98562224,2024,8,14
240038196,Property Damage Crash,08/13/2024 02:25:00 PM,TAMARACK RD,NA,Angle,Clear,Dry,Daylight,Traffic Control Signal,NONE DETECTED,No,No Apparent Injury,NA,"Other Action (looking away from task, etc.)",MD,Passenger Car,Moving Constant Speed,35,No,2020,KIA,SORENTO,39.0678778,-76.98562224,2024,8,14
240038028,Property Damage Crash,08/13/2024 02:02:00 PM,NA,NA,Single Vehicle,Clear,Dry,Daylight,No Controls,NONE DETECTED,No,No Apparent Injury,NA,NA,MD,Sport Utility Vehicle,Moving Constant Speed,35,No,2008,HONDA,RIDGELINE,39.21378256,-77.2860393,2024,8,14
240038185,Injury Crash,08/13/2024 01:26:00 PM,RANDOLPH RD (WB/L),NA,Front to Front,Clear,Dry,Daylight,Traffic Control Signal,NONE DETECTED,No,No Apparent Injury,NA,Not Distracted,MD,Passenger Car,Turning Left,30,No,2005,TOYOTA,COROLLA,39.05351706,-77.1067055,2024,8,13
240038185,Injury Crash,08/13/2024 01:26:00 PM,RANDOLPH RD (WB/L),NA,Front to Front,Clear,Dry,Daylight,Traffic Control Signal,NONE DETECTED,No,Possible Minor Injury,NA,Not Distracted,MD,Passenger Car,Accelerating,30,No,2006,CHRYSLER,300,39.05351706,-77.1067055,2024,8,13
240038342,Property Damage Crash,08/13/2024 12:52:00 PM,NA,NA,"Sideswipe, Same Direction",Clear,NA,Daylight,NA,NONE DETECTED,No,NA,NA,NA,NA,Pickup,Turning Right,0,No,2024,GMC,SIERRA,39.06080492,-76.95818675,2024,8,12
240038178,Property Damage Crash,08/13/2024 12:41:00 PM,VEIRS MILL RD (WB/L),NA,Front to Rear,Clear,Dry,Daylight,No Controls,NONE DETECTED,No,No Apparent Injury,NA,Not Distracted,MD,Passenger Car,Slowing or Stopping,30,No,2006,TOYOTA,CAMRY,39.07954804,-77.13631452,2024,8,12
240038178,Property Damage Crash,08/13/2024 12:41:00 PM,VEIRS MILL RD (WB/L),NA,Front to Rear,Clear,Dry,Daylight,No Controls,NONE DETECTED,No,No Apparent Injury,NA,Not Distracted,MD,Sport Utility Vehicle,Slowing or Stopping,30,No,2023,HONDA,PILOT,39.07954804,-77.13631452,2024,8,12
240038178,Property Damage Crash,08/13/2024 12:41:00 PM,VEIRS MILL RD (WB/L),NA,Front to Rear,Clear,Dry,Daylight,No Controls,NONE DETECTED,Yes,No Apparent Injury,NA,"Other Action (looking away from task, etc.)",MD,Passenger Car,Moving Constant Speed,30,No,2001,LEXUS,UNKNOWN,39.07954804,-77.13631452,2024,8,12
240038175,Injury Crash,08/13/2024 12:05:00 PM,QUINCE ORCHARD BLVD (EB/L),NA,Front to Rear,Clear,Dry,Daylight,No Controls,NONE DETECTED,No,Possible Minor Injury,NA,Not Distracted,MD,Passenger Car,Moving Constant Speed,30,No,2021,NISSAN,ALTIMA,39.14180657,-77.22437336,2024,8,12
240038175,Injury Crash,08/13/2024 12:05:00 PM,QUINCE ORCHARD BLVD (EB/L),NA,Front to Rear,Clear,Dry,Daylight,No Controls,NONE DETECTED,No,No Apparent Injury,NA,Unknown,MD,Sport Utility Vehicle,Turning Left,30,No,2023,VOLKSWAGEN,ATLAS,39.14180657,-77.22437336,2024,8,12
240038170,Injury Crash,08/13/2024 11:30:00 AM,UNIVERSITY BLVD W (WB/L),NA,"Sideswipe, Opposite Direction",Clear,Dry,Daylight,Traffic Control Signal,NONE DETECTED,No,Possible Minor Injury,NA,Not Distracted,NA,Moped Or motorized bicycle,Moving Constant Speed,30,No,2024,FLY WING,UNKNOWN,39.04012342,-77.05537004,2024,8,11
240038170,Injury Crash,08/13/2024 11:30:00 AM,UNIVERSITY BLVD W (WB/L),NA,"Sideswipe, Opposite Direction",Clear,Dry,Daylight,Traffic Control Signal,NONE DETECTED,Yes,No Apparent Injury,"Failed to Keep in Proper Lane, Other Improper Action",Not Distracted,MD,Sport Utility Vehicle,Moving Constant Speed,30,No,2017,ACURA,RDX,39.04012342,-77.05537004,2024,8,11
240038164,Property Damage Crash,08/13/2024 10:34:00 AM,LUZERNE AVE,NA,"Sideswipe, Same Direction",Clear,Dry,Daylight,Stop Sign,NONE DETECTED,Yes,No Apparent Injury,NA,Unknown,MD,Pickup,Moving Constant Speed,25,No,2017,RAM,1500,39.00667125,-77.04309824,2024,8,10
240038147,Property Damage Crash,08/13/2024 08:45:00 AM,SHADY GROVE RD (SB/L),NA,"Sideswipe, Same Direction",Clear,Dry,Daylight,No Controls,NONE DETECTED,No,No Apparent Injury,NA,Unknown,MD,Van - Passenger (&lt;9 Seats),Moving Constant Speed,45,No,2011,CHEVROLET,EXPRESS,39.14813714,-77.14780789,2024,8,8
240038147,Property Damage Crash,08/13/2024 08:45:00 AM,SHADY GROVE RD (SB/L),NA,"Sideswipe, Same Direction",Clear,Dry,Daylight,No Controls,NONE DETECTED,Yes,No Apparent Injury,NA,Unknown,NA,Passenger Car,Changing Lanes,45,No,2014,NISSAN,ALTIMA,39.14813714,-77.14780789,2024,8,8
240038147,Property Damage Crash,08/13/2024 08:45:00 AM,SHADY GROVE RD (SB/L),NA,"Sideswipe, Same Direction",Clear,Dry,Daylight,No Controls,NONE DETECTED,No,No Apparent Injury,NA,Not Distracted,MD,Passenger Car,Moving Constant Speed,45,No,2015,HONDA,CIVIC,39.14813714,-77.14780789,2024,8,8
240038144,Injury Crash,08/13/2024 08:44:00 AM,RAMP 3 FR MD 109 EB TO RAMP 2 (TO IS270),NA,Angle,Clear,Dry,Daylight,No Controls,NONE DETECTED,Yes,No Apparent Injury,Failed to Yield Right-of-Way,"Other Action (looking away from task, etc.)",MD,Passenger Car,Turning Left,30,No,2022,HONDA,ACCORD,39.27841605,-77.32227905,2024,8,8
240038144,Injury Crash,08/13/2024 08:44:00 AM,RAMP 3 FR MD 109 EB TO RAMP 2 (TO IS270),NA,Angle,Clear,Dry,Daylight,No Controls,NONE DETECTED,No,Possible Minor Injury,NA,Not Distracted,MD,Passenger Car,Moving Constant Speed,30,No,2017,VOLKSWAGEN,GOLF,39.27841605,-77.32227905,2024,8,8
240038132,Injury Crash,08/13/2024 05:00:00 AM,NA,NA,Other,Clear,Dry,Medium,Traffic Control Signal,NONE DETECTED,Yes,Possible Minor Injury,"Ran Red Light, Too Fast For Conditions",Unknown,MD,Passenger Car,Moving Constant Speed,40,No,1996,FORD,EXPLORER,39.120524,-77.180403,2024,8,5
240038132,Injury Crash,08/13/2024 05:00:00 AM,NA,NA,Other,Clear,Dry,Medium,Traffic Control Signal,NONE DETECTED,No,No Apparent Injury,NA,Not Distracted,MD,Passenger Car,Turning Left,40,No,2013,VOLKSWAGEN,JETTA,39.120524,-77.180403,2024,8,5
240038127,Injury Crash,08/13/2024 03:06:00 AM,NA,NA,Single Vehicle,Clear,NA,Medium,NA,ALCOHOL PRESENT,No,Possible Minor Injury,NA,Unknown,MD,Passenger Car,NA,0,No,2017,JEEP,WRANGLER,39.09206283,-77.04555717,2024,8,3
240038116,Injury Crash,08/12/2024 10:27:00 PM,NEW HAMPSHIRE AVE,NA,Angle,Clear,Dry,Dark,No Controls,NONE DETECTED,Yes,Possible Minor Injury,Failed to Yield Right-of-Way,Not Distracted,NA,Pickup,Entering Traffic Lane,15,No,2006,DODGE,RAM CHASSIS CAB,39.13359267,-76.99382538,2024,8,22