Local Case Number,ACRS Report Type,Crash Date/Time,Road Name,Related Non-Motorist,Collision Type,Weather,Surface Condition,Light,Traffic Control,Driver Substance Abuse,Driver At Fault,Injury Severity,Circumstance,Driver Distracted By,Drivers License State,Vehicle Body Type,Vehicle Movement,Speed Limit,Driverless Vehicle,Vehicle Year,Vehicle Make,Vehicle Model,Latitude,Longitude,Year,Month,Hour
240038116,Injury Crash,08/12/2024 10:27:00 PM,NEW HAMPSHIRE AVE,NA,Angle,Clear,Dry,Dark,No Controls,NONE DETECTED,No,Possible Minor Injury,NA,Not Distracted,MD,Passenger Car,Moving Constant Speed,50,No,2013,AUDI,A6,39.13359267,-76.99382538,2024,8,22
240038115,Property Damage Crash,08/12/2024 10:01:00 PM,CONNECTICUT AVE,NA,Front to Rear,Clear,Dry,Medium,No Controls,NONE DETECTED,Yes,No Apparent Injury,"Operated Motor Vehicle in Inattentive, Careless, Negligent, or Erratic Manner","Other Action (looking away from task, etc.)",MD,Passenger Car,Moving Constant Speed,40,No,2016,TOYOTA,COROLLA,39.04337795,-77.07604301,2024,8,22
240038115,Property Damage Crash,08/12/2024 10:01:00 PM,CONNECTICUT AVE,NA,Front to Rear,Clear,Dry,Medium,No Controls,NONE DETECTED,No,No Apparent Injury,NA,Not Distracted,MD,Station Wagon,Slowing or Stopping,40,No,2017,MAZDA,MAZDA3,39.04337795,-77.07604301,2024,8,22
240038095,Injury Crash,08/12/2024 06:38:00 PM,BROADBIRCH DR,NA,Front to Rear,Clear,Dry,Daylight,Traffic Control Signal,NONE DETECTED,Yes,No Apparent Injury,NA,Unknown,NY,Passenger Car,Moving Constant Speed,30,No,2009,NISSAN,ALTIMA,39.05583217,-76.955218,2024,8,18
240038095,Injury Crash,08/12/2024 06:38:00 PM,BROADBIRCH DR,NA,Front to Rear,Clear,Dry,Daylight,Traffic Control Signal,NONE DETECTED,No,Possible Minor Injury,NA,Not Distracted,MD,Sport Utility Vehicle,Stopped in Traffic,30,No,2017,TOYOTA,RAV4,39.05583217,-76.955218,2024,8,18
240038095,Injury Crash,08/12/2024 06:38:00 PM,BROADBIRCH DR,NA,Front to Rear,Clear,Dry,Daylight,Traffic Control Signal,NONE DETECTED,No,Possible Minor Injury,NA,Not Distracted,DC,Sport Utility Vehicle,Slowing or Stopping,30,No,2020,LAND ROVER,RANGE ROVER,39.05583217,-76.955218,2024,8,18
240038099,Injury Crash,08/12/2024 06:29:00 PM,STEWART LA,NA,Angle,Clear,Dry,Daylight,Traffic Control Signal,NONE DETECTED,Yes,Possible Minor Injury,Ran Red Light,Unknown,MD,Passenger Car,Moving Constant Speed,40,No,2016,HONDA,ACCORD,39.04642611,-76.986963,2024,8,18
240038099,Injury Crash,08/12/2024 06:29:00 PM,STEWART LA,NA,Angle,Clear,Dry,Daylight,Traffic Control Signal,NONE DETECTED,No,Possible Minor Injury,NA,Not Distracted,MD,Passenger Car,Turning Left,40,No,2012,TOYOTA,RAV4,39.04642611,-76.986963,2024,8,18
240038089,Property Damage Crash,08/12/2024 06:23:00 PM,CONNECTICUT AVE,NA,Front to Rear,Clear,Dry,Daylight,No Controls,NONE DETECTED,No,NA,NA,NA,NA,Passenger Car,Slowing or Stopping,30,No,2003,ACURA,UNKNOWN,39.00196921,-77.07705107,2024,8,18
240038089,Property Damage Crash,08/12/2024 06:23:00 PM,CONNECTICUT AVE,NA,Front to Rear,Clear,Dry,Daylight,No Controls,NONE DETECTED,No,No Apparent Injury,NA,Not Distracted,MD,Passenger Car,Slowing or Stopping,30,No,2023,HYUNDAI,SANTA FE,39.00196921,-77.07705107,2024,8,18
240038089,Property Damage Crash,08/12/2024 06:23:00 PM,CONNECTICUT AVE,NA,Front to Rear,Clear,Dry,Daylight,No Controls,NONE DETECTED,No,No Apparent Injury,NA,Not Distracted,MD,Passenger Car,Slowing or Stopping,30,No,2014,FORD,FOCUS,39.00196921,-77.07705107,2024,8,18
240038088,Property Damage Crash,08/12/2024 06:20:00 PM,WARFIELD RD,NA,Front to Front,Clear,Dry,Daylight,No Controls,NONE DETECTED,No,No Apparent Injury,NA,Not Distracted,MD,Passenger Car,Moving Constant Speed,30,No,2002,TOYOTA,COROLLA,39.19746,-77.14411167,2024,8,18
240038086,Property Damage Crash,08/12/2024 06:20:00 PM,VEIRS MILL RD,NA,Rear To Side,Clear,Dry,Daylight,No Controls,NONE DETECTED,No,NA,NA,NA,NA,Sport Utility Vehicle,Moving Constant Speed,0,No,2019,CHEVROLET,EQUINOX,39.07495619,-77.11608857,2024,8,18
240038088,Property Damage Crash,08/12/2024 06:20:00 PM,WARFIELD RD,NA,Front to Front,Clear,Dry,Daylight,Stop Sign,NONE DETECTED,Yes,No Apparent Injury,Failed to Yield Right-of-Way,Not Distracted,MD,Sport Utility Vehicle,Entering Traffic Lane,30,No,2003,TOYOTA,HIGHLANDER,39.19746,-77.14411167,2024,8,18
240038086,Property Damage Crash,08/12/2024 06:20:00 PM,VEIRS MILL RD,NA,Rear To Side,Clear,Dry,Daylight,No Controls,NONE DETECTED,No,No Apparent Injury,NA,Not Distracted,MD,Passenger Car,Stopped in Traffic,10,No,2011,TOYOTA,CAMRY,39.07495619,-77.11608857,2024,8,18
240038085,Property Damage Crash,08/12/2024 06:15:00 PM,S SUMMIT AVE,NA,Angle,Clear,Dry,Daylight,No Controls,NONE DETECTED,Yes,No Apparent Injury,NA,Not Distracted,MD,Passenger Car,Entering Traffic Lane,25,No,2021,HONDA,CIVIC,39.14123165,-77.19354688,2024,8,18
240038085,Property Damage Crash,08/12/2024 06:15:00 PM,S SUMMIT AVE,NA,Angle,Clear,Dry,Daylight,No Controls,NONE DETECTED,No,NA,NA,NA,NA,Passenger Car,NA,30,No,2011,HYUNDAI,UNKNOWN,39.14123165,-77.19354688,2024,8,18
240038078,Property Damage Crash,08/12/2024 06:00:00 PM,HILLTOP RD,NA,"Sideswipe, Same Direction",Clear,Dry,Daylight,Stop Sign,NONE DETECTED,No,NA,NA,NA,NA,Van - Cargo,Overtaking/Passing,25,No,0,NA,NA,38.9853929,-77.00377212,2024,8,18
240038078,Property Damage Crash,08/12/2024 06:00:00 PM,HILLTOP RD,NA,"Sideswipe, Same Direction",Clear,Dry,Daylight,Stop Sign,NONE DETECTED,No,No Apparent Injury,NA,Not Distracted,MD,Bus - Transit,Stopped in Traffic,25,No,2014,GILLIG,LOW FLOOR BUS,38.9853929,-77.00377212,2024,8,18
240038050,Property Damage Crash,08/12/2024 03:40:00 PM,MONTGOMERY AVE,NA,"Sideswipe, Same Direction",Clear,Dry,Daylight,No Controls,NONE DETECTED,No,No Apparent Injury,Improper Turn,Not Distracted,MD,Passenger Car,Turning Left,25,No,2020,JEEP,CHEROKEE,38.983935,-77.091465,2024,8,15
240038050,Property Damage Crash,08/12/2024 03:40:00 PM,MONTGOMERY AVE,NA,"Sideswipe, Same Direction",Clear,Dry,Daylight,No Controls,NONE DETECTED,No,No Apparent Injury,NA,Not Distracted,MD,Passenger Car,Moving Constant Speed,25,No,2017,TOYOTA,CAMRY,38.983935,-77.091465,2024,8,15
240038038,Injury Crash,08/12/2024 03:25:00 PM,NEW HAMPSHIRE AVE (SB/L),NA,Front to Rear,Clear,Dry,Daylight,No Controls,NONE DETECTED,Yes,Possible Minor Injury,Other Improper Action,Not Distracted,MD,Sport Utility Vehicle,Turning Right,40,No,2017,TOYOTA,RAV4,39.07583113,-77.00203431,2024,8,15
240038038,Injury Crash,08/12/2024 03:25:00 PM,NEW HAMPSHIRE AVE (SB/L),NA,Front to Rear,Clear,Dry,Daylight,No Controls,NONE DETECTED,No,No Apparent Injury,NA,Not Distracted,MD,Pickup,Moving Constant Speed,40,No,2020,FORD,RANGER,39.07583113,-77.00203431,2024,8,15
240038037,Injury Crash,08/12/2024 02:43:00 PM,LINCOLN ST,NA,Single Vehicle,Clear,Dry,Daylight,No Controls,NONE DETECTED,Yes,Possible Minor Injury,NA,Not Distracted,MD,Passenger Car,Moving Constant Speed,25,No,2020,NISSAN,ALTIMA,39.09249973,-77.14308173,2024,8,14
240038015,Property Damage Crash,08/12/2024 12:50:00 PM,NA,NA,Single Vehicle,Clear,NA,Daylight,NA,NONE DETECTED,No,No Apparent Injury,NA,Not Distracted,MD,Other Trucks,Moving Constant Speed,0,No,2023,RIVIAN,EDV,39.2042115,-77.1618665,2024,8,12
240038011,Injury Crash,08/12/2024 12:20:00 PM,GREAT SENECA HWY (SB/L),NA,Angle,Clear,Dry,Daylight,Traffic Control Signal,NONE DETECTED,No,No Apparent Injury,NA,Not Distracted,NA,Other Trucks,Turning Left,35,No,2017,WESTERN,UNKNOWN,39.15904325,-77.27554995,2024,8,12
240038011,Injury Crash,08/12/2024 12:20:00 PM,GREAT SENECA HWY (SB/L),NA,Angle,Clear,Dry,Daylight,Traffic Control Signal,NONE DETECTED,Yes,Possible Minor Injury,NA,Unknown,MD,Sport Utility Vehicle,Changing Lanes,35,No,2023,HYUNDAI,TUCSON,39.15904325,-77.27554995,2024,8,12
240038007,Injury Crash,08/12/2024 11:52:00 AM,ROCKVILLE PIKE (SB/L),NA,Other,Clear,Dry,Daylight,Traffic Control Signal,NONE DETECTED,Yes,NA,NA,NA,NA,NA,Moving Constant Speed,35,No,0,NA,NA,39.04040717,-77.10955667,2024,8,11
240038007,Injury Crash,08/12/2024 11:52:00 AM,ROCKVILLE PIKE (SB/L),NA,Other,Clear,Dry,Daylight,Traffic Control Signal,NONE DETECTED,No,Possible Minor Injury,NA,Not Distracted,VA,Passenger Car,Turning Left,30,No,2013,BMW,328I,39.04040717,-77.10955667,2024,8,11
240037992,Injury Crash,08/12/2024 11:15:00 AM,CAPITAL BELTWAY (WB/L),NA,Front to Rear,Clear,Dry,Daylight,No Controls,NONE DETECTED,No,No Apparent Injury,NA,Not Distracted,MD,Van - Passenger (&lt;9 Seats),Stopped in Traffic,55,No,2018,FORD,TRANSIT,39.00660774,-77.08497016,2024,8,11
240037992,Injury Crash,08/12/2024 11:15:00 AM,CAPITAL BELTWAY (WB/L),NA,Front to Rear,Clear,Dry,Daylight,No Controls,NONE DETECTED,Yes,Possible Minor Injury,NA,Unknown,MD,Passenger Car,Moving Constant Speed,55,No,2014,TOYOTA,CAMRY,39.00660774,-77.08497016,2024,8,11
240037988,Injury Crash,08/12/2024 10:40:00 AM,DAMASCUS RD,NA,Single Vehicle,Clear,Dry,Daylight,No Controls,NONE DETECTED,Yes,Possible Minor Injury,NA,Not Distracted,MD,Passenger Car,Overtaking/Passing,50,No,2016,HONDA,CIVIC,39.27680811,-77.16090524,2024,8,10
240038082,Property Damage Crash,08/12/2024 10:20:00 AM,NA,NA,Angle,Clear,NA,Daylight,NA,NONE DETECTED,No,NA,NA,NA,NA,Sport Utility Vehicle,Backing,0,No,2002,LEXUS,RX,39.09911486,-77.19785453,2024,8,10
240037983,Property Damage Crash,08/12/2024 10:00:00 AM,EISENHOWER MEMORIAL HWY (SB/L),NA,Front to Rear,Clear,Dry,Daylight,No Controls,NONE DETECTED,Yes,No Apparent Injury,Other Improper Action,Not Distracted,WV,Passenger Car,Moving Constant Speed,55,No,2020,HONDA,UT,39.16410696,-77.23864731,2024,8,10
240037983,Property Damage Crash,08/12/2024 10:00:00 AM,EISENHOWER MEMORIAL HWY (SB/L),NA,Front to Rear,Clear,Dry,Daylight,No Controls,NONE DETECTED,No,No Apparent Injury,NA,Not Distracted,MD,Passenger Car,Moving Constant Speed,55,No,2011,HYUNDAI,ELANTRA,39.16410696,-77.23864731,2024,8,10
240037985,Injury Crash,08/12/2024 09:54:00 AM,LONGDRAFT RD,NA,Angle,Clear,Dry,Daylight,Traffic Control Signal,NONE DETECTED,Yes,Possible Minor Injury,Failed to Yield Right-of-Way,Not Distracted,MD,Passenger Car,Turning Left,50,No,2013,HYUNDAI,ACCENT,39.13324709,-77.24479708,2024,8,9
240037985,Injury Crash,08/12/2024 09:54:00 AM,LONGDRAFT RD,NA,Angle,Clear,Dry,Daylight,Traffic Control Signal,NONE DETECTED,No,No Apparent Injury,NA,Not Distracted,NY,Passenger Car,Moving Constant Speed,50,No,2020,AUDI,Q5,39.13324709,-77.24479708,2024,8,9
240037975,Property Damage Crash,08/12/2024 08:23:00 AM,E GUDE DR (WB/L),NA,Single Vehicle,Clear,Dry,Daylight,No Controls,NONE DETECTED,Yes,No Apparent Injury,NA,Not Distracted,MD,Station Wagon,Moving Constant Speed,30,No,2024,HONDA,HR-V,39.09198502,-77.13066646,2024,8,8
240037963,Property Damage Crash,08/12/2024 01:28:00 AM,GEORGIA AVE (SB/L),NA,Front to Rear,Clear,Dry,Medium,Traffic Control Signal,NONE DETECTED,No,No Apparent Injury,NA,Unknown,NA,Sport Utility Vehicle,Moving Constant Speed,35,No,2022,LEXUS,GX,39.08383388,-77.07796461,2024,8,1
240037963,Property Damage Crash,08/12/2024 01:28:00 AM,GEORGIA AVE (SB/L),NA,Front to Rear,Clear,Dry,Medium,Traffic Control Signal,NONE DETECTED,No,No Apparent Injury,NA,Not Distracted,MD,Passenger Car,Stopped in Traffic,35,No,2020,VOLKSWAGEN,JETTA,39.08383388,-77.07796461,2024,8,1
240038774,Property Damage Crash,08/11/2024 10:00:00 PM,RUATAN ST,NA,"Sideswipe, Opposite Direction",Clear,Dry,Medium,No Controls,NONE DETECTED,No,NA,NA,Unknown,NA,Passenger Car,Negotiating a Curve,25,No,2012,FORD,FOCUS,38.99766522,-76.99061629,2024,8,22
240037951,Property Damage Crash,08/11/2024 09:03:00 PM,URBANA DR,NA,"Sideswipe, Same Direction",Clear,Dry,Dark,No Controls,NONE DETECTED,Yes,No Apparent Injury,"Improper Passing, Improper Turn",Not Distracted,MD,Passenger Car,Changing Lanes,20,No,2019,DODGE,CHARGER,39.06115845,-77.05613136,2024,8,21
240037942,Property Damage Crash,08/11/2024 07:45:00 PM,NA,NA,"Sideswipe, Same Direction",Clear,NA,Daylight,NA,ALCOHOL PRESENT,No,No Apparent Injury,"Operated Motor Vehicle in Inattentive, Careless, Negligent, or Erratic Manner",Unknown,MD,Passenger Car,Slowing or Stopping,0,No,2024,HYUNDAI,SANTA CRUZ,39.18497333,-77.27238167,2024,8,19
240037934,Injury Crash,08/11/2024 06:40:00 PM,WOODFIELD RD (SB/L),NA,Front to Rear,Clear,Dry,Daylight,Traffic Control Signal,NONE DETECTED,No,Possible Minor Injury,NA,Not Distracted,MD,Passenger Car,Stopped in Traffic,40,No,2008,NISSAN,TITAN,39.15914858,-77.16057675,2024,8,18
240037934,Injury Crash,08/11/2024 06:40:00 PM,WOODFIELD RD (SB/L),NA,Front to Rear,Clear,Dry,Daylight,Traffic Control Signal,NONE DETECTED,Yes,No Apparent Injury,Other Improper Action,Not Distracted,MD,Passenger Car,Accelerating,40,No,2016,KIA,RIO,39.15914858,-77.16057675,2024,8,18
240037945,Property Damage Crash,08/11/2024 06:38:00 PM,NA,NA,Other,Clear,NA,Daylight,NA,ALCOHOL PRESENT,Yes,No Apparent Injury,"Improper Backing, Other Improper Action",Unknown,DC,Sport Utility Vehicle,Backing,0,No,2004,HONDA,CR-V,38.99625866,-77.04150805,2024,8,18
240037932,Injury Crash,08/11/2024 06:33:00 PM,MCKNEW RD,NA,Single Vehicle,Clear,Dry,Daylight,Traffic Control Signal,NONE DETECTED,Yes,Suspected Serious Injury,NA,Unknown,MD,Van - Passenger (&lt;9 Seats),Moving Constant Speed,40,No,2002,HONDA,ODYSSEY,39.10621536,-76.91878996,2024,8,18
240037931,Property Damage Crash,08/11/2024 06:05:00 PM,CONNECTICUT AVE,NA,Front to Rear,Clear,Dry,Daylight,No Controls,NONE DETECTED,No,No Apparent Injury,NA,Not Distracted,MD,Sport Utility Vehicle,Parked,25,No,2002,ACURA,MDX,39.06098205,-77.07309336,2024,8,18
240037931,Property Damage Crash,08/11/2024 06:05:00 PM,CONNECTICUT AVE,NA,Front to Rear,Clear,Dry,Daylight,No Controls,NONE DETECTED,Yes,No Apparent Injury,NA,"Other Action (looking away from task, etc.)",MD,Passenger Car,Moving Constant Speed,35,No,2014,NISSAN,VERSA,39.06098205,-77.07309336,2024,8,18
240037926,Injury Crash,08/11/2024 05:10:00 PM,MONTGOMERY VILLAGE AVE,NA,Rear To Side,Clear,Dry,Daylight,Traffic Control Signal,NONE DETECTED,Yes,No Apparent Injury,NA,Not Distracted,MD,Passenger Car,Moving Constant Speed,30,No,2018,TOYOTA,COROLLA,39.1744971,-77.20341617,2024,8,17
240037926,Injury Crash,08/11/2024 05:10:00 PM,MONTGOMERY VILLAGE AVE,NA,Rear To Side,Clear,Dry,Daylight,Traffic Control Signal,NONE DETECTED,No,No Apparent Injury,NA,Not Distracted,MD,Passenger Car,Moving Constant Speed,35,No,2016,HYUNDAI,ELANTRA,39.1744971,-77.20341617,2024,8,17
240037926,Injury Crash,08/11/2024 05:10:00 PM,MONTGOMERY VILLAGE AVE,NA,Rear To Side,Clear,Dry,Daylight,Traffic Control Signal,NONE DETECTED,No,Possible Minor Injury,NA,Not Distracted,MD,Passenger Car,Moving Constant Speed,35,No,2013,ACURA,ILX,39.1744971,-77.20341617,2024,8,17
240037927,Property Damage Crash,08/11/2024 05:00:00 PM,NA,NA,Unknown,Clear,NA,Daylight,NA,NONE DETECTED,No,NA,NA,NA,NA,Sport Utility Vehicle,NA,0,No,2006,HONDA,CR-V,39.06245765,-77.25331725,2024,8,17
240037917,Property Damage Crash,08/11/2024 04:10:00 PM,NA,NA,Front to Front,Clear,NA,Daylight,NA,NONE DETECTED,Yes,No Apparent Injury,Too Fast For Conditions,"Other Action (looking away from task, etc.)",MD,Passenger Car,Accelerating,0,No,1997,HONDA,CR-V,39.08304892,-76.95031539,2024,8,16
240037916,Injury Crash,08/11/2024 04:00:00 PM,E DIAMOND AVE,NA,Other,Clear,Dry,Daylight,Traffic Control Signal,NONE DETECTED,Yes,No Apparent Injury,NA,Unknown,MD,Passenger Car,Turning Left,35,No,2010,TOYOTA,COROLLA,39.14172226,-77.19941324,2024,8,16
240037916,Injury Crash,08/11/2024 04:00:00 PM,E DIAMOND AVE,NA,Other,Clear,Dry,Daylight,Traffic Control Signal,NONE DETECTED,No,Possible Minor Injury,NA,Not Distracted,MD,Passenger Car,Moving Constant Speed,35,No,2012,BMW,X3,39.14172226,-77.19941324,2024,8,16
240037920,Property Damage Crash,08/11/2024 04:00:00 PM,BROWN CHURCH RD,NA,Single Vehicle,Clear,Dry,Daylight,No Controls,NONE DETECTED,No,NA,NA,NA,NA,Passenger Car,Leaving Traffic Lane,25,No,2008,HONDA,CIVIC,39.326802,-77.188868,2024,8,16
240037913,Injury Crash,08/11/2024 03:23:00 PM,NA,NA,Rear To Side,Clear,Dry,Daylight,No Controls,NONE DETECTED,No,No Apparent Injury,NA,Not Distracted,MD,Passenger Car,Moving Constant Speed,25,No,2014,CHRYSLER,200,39.08338933,-77.086833,2024,8,15
240037913,Injury Crash,08/11/2024 03:23:00 PM,NA,NA,Rear To Side,Clear,Dry,Daylight,Stop Sign,NONE DETECTED,No,Possible Minor Injury,NA,Not Distracted,MD,Passenger Car,Entering Traffic Lane,25,No,2010,TOYOTA,PRIUS,39.08338933,-77.086833,2024,8,15
240037911,Property Damage Crash,08/11/2024 03:15:00 PM,PARK RD (WB/L),NA,Front to Rear,Clear,Dry,Daylight,Traffic Control Signal,NONE DETECTED,No,No Apparent Injury,NA,Unknown,MD,Passenger Car,Turning Right,35,No,2008,CHEVROLET,TRAILBLAZER,39.08526422,-77.14801129,2024,8,15
240037911,Property Damage Crash,08/11/2024 03:15:00 PM,PARK RD (WB/L),NA,Front to Rear,Clear,Dry,Daylight,Traffic Control Signal,NONE DETECTED,No,No Apparent Injury,NA,Unknown,MD,Bus - Transit,Turning Right,35,No,2016,GILLIG,CITY TRANSIT BUS,39.08526422,-77.14801129,2024,8,15
240037904,Property Damage Crash,08/11/2024 02:23:00 PM,METRORAIL TRACK B2 RAIL,NA,Other,Clear,Dry,Daylight,No Controls,NONE DETECTED,No,No Apparent Injury,NA,Not Distracted,VA,Sport Utility Vehicle,Changing Lanes,35,No,2004,JEEP,WRANGLER,39.03379283,-77.0492005,2024,8,14
240037904,Property Damage Crash,08/11/2024 02:23:00 PM,METRORAIL TRACK B2 RAIL,NA,Other,Clear,Dry,Daylight,No Controls,NONE DETECTED,No,No Apparent Injury,NA,Not Distracted,MD,Sport Utility Vehicle,Moving Constant Speed,35,No,2015,TOYOTA,4-RUNNER,39.03379283,-77.0492005,2024,8,14
240037895,Property Damage Crash,08/11/2024 01:43:00 PM,ETHAN ALLEN AVE,NA,Single Vehicle,Clear,Dry,Daylight,No Controls,NONE DETECTED,No,No Apparent Injury,NA,Not Distracted,MD,Other Trucks,Moving Constant Speed,25,No,2008,"SPARTAN FIRE, LLC",UNKNOWN,38.97602089,-76.99668274,2024,8,13
240037891,Injury Crash,08/11/2024 01:25:00 PM,GEORGIA AVE,NA,Front to Rear,Clear,Dry,Daylight,Traffic Control Signal,NONE DETECTED,No,Possible Minor Injury,NA,Unknown,MD,Passenger Car,Stopped in Traffic,35,No,2020,TOYOTA,COROLLA,39.03203236,-77.0482953,2024,8,13
240037891,Injury Crash,08/11/2024 01:25:00 PM,GEORGIA AVE,NA,Front to Rear,Clear,Dry,Daylight,Traffic Control Signal,NONE DETECTED,Yes,Possible Minor Injury,NA,Unknown,MD,Passenger Car,Moving Constant Speed,35,No,2014,HONDA,ACCORD,39.03203236,-77.0482953,2024,8,13
240037859,Property Damage Crash,08/11/2024 08:00:00 AM,FREDERICK RD (SB/L),NA,Angle,Clear,Dry,Daylight,Traffic Control Signal,NONE DETECTED,No,No Apparent Injury,NA,Not Distracted,NA,Passenger Car,Accelerating,35,No,2006,TOYOTA,SCION TC,39.15198333,-77.21146667,2024,8,8
240037859,Property Damage Crash,08/11/2024 08:00:00 AM,FREDERICK RD (SB/L),NA,Angle,Clear,Dry,Daylight,Traffic Control Signal,NONE DETECTED,No,No Apparent Injury,NA,Not Distracted,MD,Sport Utility Vehicle,Moving Constant Speed,35,No,2024,FORD,EXPLORER,39.15198333,-77.21146667,2024,8,8
240037850,Property Damage Crash,08/11/2024 05:16:00 AM,APPLE RIDGE RD,NA,Front to Rear,Clear,Dry,Dark,No Controls,NONE DETECTED,Yes,No Apparent Injury,"Operated Motor Vehicle in Inattentive, Careless, Negligent, or Erratic Manner, Too Fast For Conditions","Other Action (looking away from task, etc.)",MD,Passenger Car,NA,35,No,2022,TOYOTA,COROLLA,39.18509333,-77.204435,2024,8,5
240037861,Injury Crash,08/11/2024 02:58:00 AM,UNIVERSITY BLVD E (WB/L),NA,"Sideswipe, Same Direction",Clear,Dry,Medium,No Controls,NONE DETECTED,Yes,NA,NA,NA,NA,NA,Changing Lanes,30,No,0,NA,NA,39.00163865,-76.99552496,2024,8,2
240037861,Injury Crash,08/11/2024 02:58:00 AM,UNIVERSITY BLVD E (WB/L),NA,"Sideswipe, Same Direction",Clear,Dry,Medium,No Controls,NONE DETECTED,No,Possible Minor Injury,NA,Not Distracted,NA,Motorcycle - 2 Wheeled,Moving Constant Speed,30,No,2020,MOPED WORLD,UNKNOWN,39.00163865,-76.99552496,2024,8,2
240037838,Injury Crash,08/11/2024 02:53:00 AM,ROCKVILLE PIKE (SB/L),NA,Single Vehicle,Clear,Dry,Medium,Flashing Traffic Control Signal,ALCOHOL PRESENT,No,Possible Minor Injury,"Operated Motor Vehicle in Inattentive, Careless, Negligent, or Erratic Manner, Operated Motor Vehicle in Reckless or Aggressive Manner, Ran Off Roadway",Not Distracted,MD,Passenger Car,Moving Constant Speed,55,No,2022,TOYOTA,COROLLA,39.05136359,-77.11572628,2024,8,2
240037831,Property Damage Crash,08/11/2024 12:23:00 AM,MONTICELLO AVE,NA,Front to Rear,Rain,Wet,Medium,No Controls,ALCOHOL PRESENT,No,No Apparent Injury,NA,Unknown,MD,Passenger Car,Moving Constant Speed,25,No,2022,HYUNDAI,SONATA,39.04073877,-77.02754319,2024,8,0
240037825,Property Damage Crash,08/10/2024 11:55:00 PM,CONNECTICUT AVE (SB/L),NA,Single Vehicle,Rain,Wet,Dark,No Controls,NONE DETECTED,No,No Apparent Injury,NA,Not Distracted,MD,Passenger Car,Moving Constant Speed,40,No,2012,CHRYSLER,TOWN AND COUNTRY,39.04900133,-77.07555,2024,8,23
240037836,Property Damage Crash,08/10/2024 11:24:00 PM,NA,NA,"Sideswipe, Same Direction",Clear,Dry,Medium,No Controls,NONE DETECTED,No,No Apparent Injury,Improper Passing,Not Distracted,MD,Passenger Car,Accelerating,45,No,2018,TESLA,MODEL S,39.15636586,-77.26569396,2024,8,23
240037836,Property Damage Crash,08/10/2024 11:24:00 PM,NA,NA,"Sideswipe, Same Direction",Clear,Dry,Medium,No Controls,NONE DETECTED,No,No Apparent Injury,Improper Passing,Not Distracted,MD,Pickup,Overtaking/Passing,45,No,1996,DODGE,RAM,39.15636586,-77.26569396,2024,8,23
240037823,Property Damage Crash,08/10/2024 10:40:00 PM,WISCONSIN AVE,NA,Front to Rear,Clear,Dry,Medium,Flashing Traffic Control Signal,NONE DETECTED,No,No Apparent Injury,NA,Not Distracted,MD,Passenger Car,Accelerating,25,No,2020,VOLKSWAGEN,TIGUAN,38.97766833,-77.09072768,2024,8,22
240037823,Property Damage Crash,08/10/2024 10:40:00 PM,WISCONSIN AVE,NA,Front to Rear,Clear,Dry,Medium,Flashing Traffic Control Signal,NONE DETECTED,No,No Apparent Injury,NA,Not Distracted,MD,Passenger Car,Making U-Turn,25,No,2013,TOYOTA,COROLLA,38.97766833,-77.09072768,2024,8,22
240037818,Injury Crash,08/10/2024 10:15:00 PM,ARROWHEAD RD,NA,Front to Front,Clear,Dry,Medium,Traffic Control Signal,NONE DETECTED,Yes,No Apparent Injury,NA,Unknown,MD,Passenger Car,Turning Left,30,No,2009,LEXUS,ES,39.18808017,-77.197224,2024,8,22
240037818,Injury Crash,08/10/2024 10:15:00 PM,ARROWHEAD RD,NA,Front to Front,Clear,Dry,Medium,Traffic Control Signal,NONE DETECTED,No,Possible Minor Injury,NA,Not Distracted,MD,Passenger Car,Moving Constant Speed,25,No,2006,HONDA,ACCORD,39.18808017,-77.197224,2024,8,22