Local Case Number,ACRS Report Type,Crash Date/Time,Road Name,Related Non-Motorist,Collision Type,Weather,Surface Condition,Light,Traffic Control,Driver Substance Abuse,Driver At Fault,Injury Severity,Circumstance,Driver Distracted By,Drivers License State,Vehicle Body Type,Vehicle Movement,Speed Limit,Driverless Vehicle,Vehicle Year,Vehicle Make,Vehicle Model,Latitude,Longitude,Year,Month,Hour
240037821,Property Damage Crash,08/10/2024 09:15:00 PM,GRASSY KNOLL TERR,NA,Front to Rear,Clear,Dry,Medium,No Controls,NONE DETECTED,No,No Apparent Injury,Other Improper Action,Not Distracted,MD,Sport Utility Vehicle,Moving Constant Speed,25,No,2018,HONDA,CR-V,39.17892125,-77.22574493,2024,8,21
240037812,Property Damage Crash,08/10/2024 08:35:00 PM,FREDERICK RD (SB/L),NA,Front to Rear,Clear,Dry,Dark,Other Signal,NONE DETECTED,No,No Apparent Injury,NA,Not Distracted,MD,Passenger Car,Slowing or Stopping,45,No,2023,VOLKSWAGEN,TIGUAN,39.19552082,-77.24431371,2024,8,20
240037812,Property Damage Crash,08/10/2024 08:35:00 PM,FREDERICK RD (SB/L),NA,Front to Rear,Clear,Dry,Dark,Other Signal,NONE DETECTED,Yes,No Apparent Injury,Followed Too Closely,Not Distracted,MD,Passenger Car,Moving Constant Speed,45,No,2008,HYUNDAI,ELANTRA,39.19552082,-77.24431371,2024,8,20
240037806,Property Damage Crash,08/10/2024 07:40:00 PM,NA,NA,Front to Rear,Clear,Dry,Daylight,Traffic Control Signal,NONE DETECTED,No,No Apparent Injury,NA,Not Distracted,MD,All-Terrain Vehicle/All-Terrain Cycle (ATV/ATC),Stopped in Traffic,45,No,2022,JEEP,UNKNOWN,39.15719592,-77.26693794,2024,8,19
240037806,Property Damage Crash,08/10/2024 07:40:00 PM,NA,NA,Front to Rear,Clear,Dry,Daylight,Traffic Control Signal,NONE DETECTED,No,No Apparent Injury,NA,Not Distracted,NY,Passenger Car,Stopped in Traffic,45,No,2021,MAZDA,UNKNOWN,39.15719592,-77.26693794,2024,8,19
240037806,Property Damage Crash,08/10/2024 07:40:00 PM,NA,NA,Front to Rear,Clear,Dry,Daylight,Traffic Control Signal,NONE DETECTED,Yes,No Apparent Injury,NA,Unknown,MD,All-Terrain Vehicle/All-Terrain Cycle (ATV/ATC),Moving Constant Speed,45,No,2015,FORD,UNKNOWN,39.15719592,-77.26693794,2024,8,19
240037803,Property Damage Crash,08/10/2024 07:10:00 PM,DIAMONDBACK DR,NA,Single Vehicle,Clear,Dry,Daylight,Traffic Control Signal,ALCOHOL PRESENT,Yes,No Apparent Injury,NA,Not Distracted,MD,Passenger Car,Turning Right,15,No,2006,TOYOTA,COROLLA,39.11515498,-77.21615022,2024,8,19
240037803,Property Damage Crash,08/10/2024 07:10:00 PM,DIAMONDBACK DR,NA,Single Vehicle,Clear,Dry,Daylight,Traffic Control Signal,NONE DETECTED,No,No Apparent Injury,NA,Not Distracted,MD,Passenger Car,Stopped in Traffic,15,No,2016,HYUNDAI,ELANTRA,39.11515498,-77.21615022,2024,8,19
240037795,Injury Crash,08/10/2024 06:35:00 PM,PLYERS MILL RD,NA,Angle,Clear,Dry,Daylight,Stop Sign,NONE DETECTED,No,No Apparent Injury,NA,Unknown,MD,Passenger Car,Accelerating,25,No,2019,INFINITI,QX60,39.03036391,-77.04668114,2024,8,18
240037795,Injury Crash,08/10/2024 06:35:00 PM,PLYERS MILL RD,NA,Angle,Clear,Dry,Daylight,No Controls,NONE DETECTED,No,No Apparent Injury,NA,Not Distracted,MD,Passenger Car,Moving Constant Speed,25,No,2018,MAZDA,MAZDA6,39.03036391,-77.04668114,2024,8,18
240037789,Injury Crash,08/10/2024 06:22:00 PM,NA,NA,Other,Clear,Dry,Daylight,Stop Sign,NONE DETECTED,No,No Apparent Injury,Ran Stop Sign,"Other Action (looking away from task, etc.)",TX,Passenger Car,Entering Traffic Lane,20,No,2007,TOYOTA,4-RUNNER,39.02294606,-77.14433888,2024,8,18
240037789,Injury Crash,08/10/2024 06:22:00 PM,NA,NA,Other,Clear,Dry,Daylight,Stop Sign,NONE DETECTED,No,Possible Minor Injury,NA,Not Distracted,MD,Passenger Car,Moving Constant Speed,20,No,2014,LEXUS,GS,39.02294606,-77.14433888,2024,8,18
240037790,Property Damage Crash,08/10/2024 06:13:00 PM,MONTGOMERY VILLAGE AVE,NA,Front to Rear,Clear,Dry,Daylight,Yield Sign,NONE DETECTED,No,No Apparent Injury,NA,Not Distracted,MD,Sport Utility Vehicle,Stopped in Traffic,35,No,2022,VOLVO,XC90,39.15999895,-77.20204265,2024,8,18
240037790,Property Damage Crash,08/10/2024 06:13:00 PM,MONTGOMERY VILLAGE AVE,NA,Front to Rear,Clear,Dry,Daylight,Yield Sign,NONE DETECTED,No,NA,NA,NA,NA,NA,Moving Constant Speed,35,No,0,NA,NA,39.15999895,-77.20204265,2024,8,18
240037799,Fatal Crash,08/10/2024 05:52:00 PM,LOCKWOOD DR,NA,Single Vehicle,Clear,Dry,Daylight,No Controls,ALCOHOL PRESENT,Yes,Fatal Injury,Over-Correcting/Over-Steering,Unknown,MD,Motorcycle - 2 Wheeled,Changing Lanes,40,No,1998,HONDA,CBR600,39.03308347,-77.00272429,2024,8,17
240037786,Property Damage Crash,08/10/2024 05:03:00 PM,NA,NA,Front to Front,Clear,NA,Daylight,NA,NONE DETECTED,No,No Apparent Injury,NA,NA,NA,Pickup,NA,0,No,2010,FORD,F-650,39.04452667,-77.11142167,2024,8,17
240037767,Injury Crash,08/10/2024 03:42:00 PM,NEW HAMPSHIRE AVE,NA,Angle,Clear,Dry,Daylight,No Controls,NONE DETECTED,No,No Apparent Injury,NA,Not Distracted,MD,Pickup,Moving Constant Speed,40,No,2023,TOYOTA,TACOMA,39.10912661,-76.997407,2024,8,15
240037767,Injury Crash,08/10/2024 03:42:00 PM,NEW HAMPSHIRE AVE,NA,Angle,Clear,Dry,Daylight,No Controls,NONE DETECTED,Yes,Possible Minor Injury,Failed to Yield Right-of-Way,Not Distracted,MD,Passenger Car,Entering Traffic Lane,40,No,2018,TOYOTA,CAMRY,39.10912661,-76.997407,2024,8,15
240037758,Property Damage Crash,08/10/2024 02:41:00 PM,NA,NA,"Sideswipe, Same Direction",Clear,Dry,Daylight,No Controls,NONE DETECTED,No,No Apparent Injury,Other Improper Action,Not Distracted,MD,Passenger Car,Moving Constant Speed,25,No,2022,HONDA,ACCORD,39.01542653,-77.10353605,2024,8,14
240037750,Property Damage Crash,08/10/2024 01:30:00 PM,COLESVILLE RD,NA,Front to Rear,Clear,Dry,Daylight,No Controls,NONE DETECTED,Yes,No Apparent Injury,"Followed Too Closely, Operated Motor Vehicle in Inattentive, Careless, Negligent, or Erratic Manner",Not Distracted,MD,Passenger Car,Moving Constant Speed,35,No,2019,INFINITI,QX50,39.02287005,-77.01051661,2024,8,13
240037750,Property Damage Crash,08/10/2024 01:30:00 PM,COLESVILLE RD,NA,Front to Rear,Clear,Dry,Daylight,No Controls,NONE DETECTED,No,No Apparent Injury,NA,Not Distracted,MD,Passenger Car,Slowing or Stopping,35,No,2018,NISSAN,ROGUE,39.02287005,-77.01051661,2024,8,13
240037750,Property Damage Crash,08/10/2024 01:30:00 PM,COLESVILLE RD,NA,Front to Rear,Clear,Dry,Daylight,No Controls,NONE DETECTED,No,No Apparent Injury,NA,Not Distracted,MD,Passenger Car,Moving Constant Speed,35,No,2011,TOYOTA,RAV4,39.02287005,-77.01051661,2024,8,13
240037744,Property Damage Crash,08/10/2024 01:27:00 PM,CONNECTICUT AVE,NA,Angle,Cloudy,Dry,Daylight,No Controls,NONE DETECTED,No,No Apparent Injury,NA,Not Distracted,MD,Sport Utility Vehicle,Moving Constant Speed,35,No,2021,TOYOTA,HIGHLANDER,39.07906556,-77.08054657,2024,8,13
240037744,Property Damage Crash,08/10/2024 01:27:00 PM,CONNECTICUT AVE,NA,Angle,Cloudy,Dry,Daylight,No Controls,NONE DETECTED,Yes,No Apparent Injury,NA,Unknown,MD,Passenger Car,Entering Traffic Lane,35,No,2012,FORD,FUSION,39.07906556,-77.08054657,2024,8,13
240037742,Injury Crash,08/10/2024 01:10:00 PM,GEORGIA AVE,NA,"Sideswipe, Same Direction",Clear,Dry,Daylight,Traffic Control Signal,NONE DETECTED,No,No Apparent Injury,NA,Not Distracted,MD,Passenger Car,Making U-Turn,25,No,2011,TOYOTA,COROLLA,39.05300718,-77.05085349,2024,8,13
240037742,Injury Crash,08/10/2024 01:10:00 PM,GEORGIA AVE,NA,"Sideswipe, Same Direction",Clear,Dry,Daylight,Traffic Control Signal,NONE DETECTED,No,No Apparent Injury,NA,Not Distracted,MD,Passenger Car,Turning Right,25,No,2013,NISSAN,MAXIMA,39.05300718,-77.05085349,2024,8,13
240037736,Injury Crash,08/10/2024 12:22:00 PM,GEORGIA AVE (SB/L),NA,Front to Rear,Cloudy,Dry,Daylight,Traffic Control Signal,NONE DETECTED,No,Possible Minor Injury,NA,Not Distracted,MD,Sport Utility Vehicle,Slowing or Stopping,35,No,2018,FORD,EXPLORER,39.07254024,-77.0650897,2024,8,12
240037736,Injury Crash,08/10/2024 12:22:00 PM,GEORGIA AVE (SB/L),NA,Front to Rear,Cloudy,Dry,Daylight,Traffic Control Signal,NONE DETECTED,Yes,No Apparent Injury,NA,Not Distracted,MD,Passenger Car,Slowing or Stopping,35,No,1999,FORD,MUSTANG,39.07254024,-77.0650897,2024,8,12
240037733,Injury Crash,08/10/2024 12:10:00 PM,NA,NA,Angle,Clear,Dry,Daylight,No Controls,NONE DETECTED,Yes,No Apparent Injury,NA,Unknown,MD,Passenger Car,Turning Left,35,No,2006,TOYOTA,TUNDRA,39.14708763,-77.20537815,2024,8,12
240037733,Injury Crash,08/10/2024 12:10:00 PM,NA,NA,Angle,Clear,Dry,Daylight,No Controls,NONE DETECTED,No,No Apparent Injury,NA,Not Distracted,MD,Passenger Car,Moving Constant Speed,35,No,2016,MAZDA,MAZDA3,39.14708763,-77.20537815,2024,8,12
240037727,Property Damage Crash,08/10/2024 11:09:00 AM,NA,NA,Single Vehicle,Clear,NA,Daylight,NA,NONE DETECTED,No,No Apparent Injury,NA,Unknown,MD,Passenger Car,NA,0,No,2024,TOYOTA,SIENNA,39.14898791,-77.19203924,2024,8,11
240037746,Property Damage Crash,08/10/2024 11:00:00 AM,NA,NA,Angle,Rain,NA,Daylight,NA,NONE DETECTED,Yes,No Apparent Injury,Failed to Keep in Proper Lane,Not Distracted,MD,Single-Unit Truck,Moving Constant Speed,0,No,2015,KENWORTH,540,39.04605614,-76.99070409,2024,8,11
240037717,Property Damage Crash,08/10/2024 09:40:00 AM,WARING STATION RD,NA,Angle,Clear,Dry,Daylight,Stop Sign,NONE DETECTED,No,No Apparent Injury,NA,Not Distracted,MD,Sport Utility Vehicle,Moving Constant Speed,25,No,2007,HONDA,PILOT,39.16978152,-77.24939068,2024,8,9
240037717,Property Damage Crash,08/10/2024 09:40:00 AM,WARING STATION RD,NA,Angle,Clear,Dry,Daylight,Stop Sign,NONE DETECTED,Yes,No Apparent Injury,Failed to Yield Right-of-Way,Unknown,MD,Passenger Car,Turning Left,30,No,2015,MITSUBISHI,LANCER,39.16978152,-77.24939068,2024,8,9
240037706,Property Damage Crash,08/10/2024 08:05:00 AM,VEIRS MILL RD (WB/L),NA,Front to Rear,Clear,Dry,Daylight,Traffic Control Signal,NONE DETECTED,No,No Apparent Injury,NA,Not Distracted,MD,Sport Utility Vehicle,Slowing or Stopping,25,No,2016,LEXUS,RX,39.03999413,-77.05520829,2024,8,8
240037706,Property Damage Crash,08/10/2024 08:05:00 AM,VEIRS MILL RD (WB/L),NA,Front to Rear,Clear,Dry,Daylight,Traffic Control Signal,NONE DETECTED,No,No Apparent Injury,NA,Not Distracted,VA,Passenger Car,Moving Constant Speed,25,No,2017,HONDA,ACCORD,39.03999413,-77.05520829,2024,8,8
240037702,Property Damage Crash,08/10/2024 07:28:00 AM,WHITES FERRY RD,NA,Single Vehicle,Clear,Dry,Daylight,No Controls,NONE DETECTED,No,No Apparent Injury,NA,Not Distracted,MD,Passenger Car,Moving Constant Speed,40,No,2016,FORD,INTERCEPTOR,39.15801501,-77.51628716,2024,8,7
240037700,Injury Crash,08/10/2024 06:16:00 AM,INDEPENDENCE ST,NA,Angle,Cloudy,Dry,Daylight,Traffic Control Signal,NONE DETECTED,Yes,Possible Minor Injury,"Disregarded Other Traffic Sign, Failed to Yield Right-of-Way, Operated Motor Vehicle in Inattentive, Careless, Negligent, or Erratic Manner",Unknown,MD,Pickup,Moving Constant Speed,25,No,2021,FORD,F-150,39.07624981,-77.08067467,2024,8,6
240037700,Injury Crash,08/10/2024 06:16:00 AM,INDEPENDENCE ST,NA,Angle,Cloudy,Dry,Daylight,Traffic Control Signal,NONE DETECTED,No,Possible Minor Injury,NA,Not Distracted,MD,Pickup,Moving Constant Speed,35,No,2001,TOYOTA,TUNDRA,39.07624981,-77.08067467,2024,8,6
240037699,Property Damage Crash,08/10/2024 06:12:00 AM,NOTLEY RD,NA,Rear To Side,Clear,Dry,Medium,No Controls,NONE DETECTED,No,NA,NA,NA,NA,Pickup,Entering Traffic Lane,35,No,0,NA,NA,39.08039167,-77.00132167,2024,8,6
240037699,Property Damage Crash,08/10/2024 06:12:00 AM,NOTLEY RD,NA,Rear To Side,Clear,Dry,Medium,No Controls,NONE DETECTED,No,No Apparent Injury,NA,Not Distracted,MD,Passenger Car,Moving Constant Speed,35,No,2013,LEXUS,RX,39.08039167,-77.00132167,2024,8,6
240037698,Property Damage Crash,08/10/2024 05:02:00 AM,SANDY SPRING RD (WB/L),NA,Single Vehicle,Clear,Dry,Medium,No Controls,NONE DETECTED,Yes,No Apparent Injury,NA,Unknown,NA,Sport Utility Vehicle,NA,35,No,2015,GMC,YUKON,39.10946283,-76.92326574,2024,8,5
240037693,Injury Crash,08/10/2024 03:33:00 AM,CLOPPER RD,NA,Front to Front,Clear,Dry,Medium,Traffic Control Signal,NONE DETECTED,No,No Apparent Injury,Other Improper Action,Not Distracted,MD,Passenger Car,Accelerating,40,No,2010,MERCEDES-BENZ,E-CLASS,39.15898988,-77.27523034,2024,8,3
240037693,Injury Crash,08/10/2024 03:33:00 AM,CLOPPER RD,NA,Front to Front,Clear,Dry,Medium,Traffic Control Signal,NONE DETECTED,No,No Apparent Injury,Other Improper Action,Not Distracted,MD,Passenger Car,Accelerating,35,No,2021,HONDA,CR-V,39.15898988,-77.27523034,2024,8,3
240037687,Property Damage Crash,08/10/2024 02:21:00 AM,CRESTHAVEN DR,NA,Angle,Clear,Dry,Medium,No Controls,NONE DETECTED,No,No Apparent Injury,NA,Not Distracted,DC,Sport Utility Vehicle,Turning Right,40,No,2023,CHEVROLET,BOLT EV,39.03090943,-76.9841486,2024,8,2
240037687,Property Damage Crash,08/10/2024 02:21:00 AM,CRESTHAVEN DR,NA,Angle,Clear,Dry,Medium,No Controls,NONE DETECTED,No,NA,NA,NA,NA,NA,NA,40,No,0,NA,NA,39.03090943,-76.9841486,2024,8,2
240037683,Property Damage Crash,08/10/2024 01:50:00 AM,NEW HAMPSHIRE AVE,NA,"Sideswipe, Same Direction",Clear,Dry,Dark,No Controls,NONE DETECTED,Yes,No Apparent Injury,NA,Unknown,MD,Sport Utility Vehicle,Moving Constant Speed,40,No,2011,CADILLAC,ESCALADE,39.00802907,-76.97987776,2024,8,1
240037683,Property Damage Crash,08/10/2024 01:50:00 AM,NEW HAMPSHIRE AVE,NA,"Sideswipe, Same Direction",Clear,Dry,Dark,No Controls,NONE DETECTED,No,No Apparent Injury,NA,Not Distracted,MD,Passenger Car,Moving Constant Speed,40,No,2016,HONDA,ACCORD,39.00802907,-76.97987776,2024,8,1
240037669,Property Damage Crash,08/09/2024 10:01:00 PM,W GUDE DR (WB/L),NA,Other,Clear,Dry,Medium,Traffic Control Signal,NONE DETECTED,Yes,No Apparent Injury,NA,Unknown,MD,Passenger Car,Moving Constant Speed,35,No,2018,CHEVROLET,EQUINOX,39.10017558,-77.18195042,2024,8,22
240037669,Property Damage Crash,08/09/2024 10:01:00 PM,W GUDE DR (WB/L),NA,Other,Clear,Dry,Medium,Traffic Control Signal,NONE DETECTED,No,No Apparent Injury,NA,Unknown,MD,Passenger Car,Moving Constant Speed,35,No,2019,HONDA,CIVIC,39.10017558,-77.18195042,2024,8,22
240037667,Injury Crash,08/09/2024 10:00:00 PM,FALLS RD,NA,Front to Rear,Rain,Wet,Medium,Lane Use Control Signal,NONE DETECTED,No,No Apparent Injury,NA,Not Distracted,MD,Passenger Car,NA,35,No,2020,TOYOTA,C-HR,39.07165149,-77.16719853,2024,8,22
240037667,Injury Crash,08/09/2024 10:00:00 PM,FALLS RD,NA,Front to Rear,Rain,Wet,Medium,Flashing Traffic Control Signal,NONE DETECTED,No,No Apparent Injury,NA,Not Distracted,MD,Sport Utility Vehicle,Slowing or Stopping,35,No,2023,JEEP,WRANGLER,39.07165149,-77.16719853,2024,8,22
240037668,Property Damage Crash,08/09/2024 09:47:00 PM,LOCBURY DR,NA,"Sideswipe, Same Direction",Clear,Wet,Medium,No Controls,NONE DETECTED,No,NA,NA,NA,NA,Pickup,Moving Constant Speed,30,No,2024,TOYOTA,TACOMA,39.18684461,-77.26597803,2024,8,21
240037665,Injury Crash,08/09/2024 09:10:00 PM,NA,NA,Front to Front,Clear,Dry,Medium,No Controls,NONE DETECTED,Yes,Possible Minor Injury,NA,Not Distracted,MD,Sport Utility Vehicle,Turning Left,25,No,2013,HYUNDAI,AZERA,39.10643989,-76.94095484,2024,8,21
240037665,Injury Crash,08/09/2024 09:10:00 PM,NA,NA,Front to Front,Clear,Dry,Medium,No Controls,NONE DETECTED,No,Possible Minor Injury,NA,Not Distracted,MD,Passenger Car,Moving Constant Speed,25,No,2013,TOYOTA,VENZA,39.10643989,-76.94095484,2024,8,21
240037650,Property Damage Crash,08/09/2024 06:43:00 PM,COLUMBIA PIKE (SB/L),NA,"Sideswipe, Same Direction",Clear,Dry,Daylight,Traffic Control Signal,NONE DETECTED,No,NA,NA,NA,NA,Passenger Car,Changing Lanes,50,No,2024,LEXUS,ES,39.09574203,-76.93810292,2024,8,18
240037650,Property Damage Crash,08/09/2024 06:43:00 PM,COLUMBIA PIKE (SB/L),NA,"Sideswipe, Same Direction",Clear,Dry,Daylight,Traffic Control Signal,NONE DETECTED,No,No Apparent Injury,NA,Not Distracted,VA,Sport Utility Vehicle,Moving Constant Speed,50,No,2023,CHEVROLET,BLAZER,39.09574203,-76.93810292,2024,8,18
240037654,Property Damage Crash,08/09/2024 06:32:00 PM,NA,NA,Front to Rear,Clear,Dry,Daylight,No Controls,NONE DETECTED,No,No Apparent Injury,NA,Not Distracted,MD,Passenger Car,Stopped in Traffic,40,No,2016,TOYOTA,RAV4,39.10643989,-76.94095484,2024,8,18
240037654,Property Damage Crash,08/09/2024 06:32:00 PM,NA,NA,Front to Rear,Clear,Dry,Daylight,No Controls,NONE DETECTED,No,No Apparent Injury,NA,Not Distracted,MD,Passenger Car,Stopped in Traffic,40,No,2016,ACURA,TLX,39.10643989,-76.94095484,2024,8,18
240037654,Property Damage Crash,08/09/2024 06:32:00 PM,NA,NA,Front to Rear,Clear,Dry,Daylight,No Controls,NONE DETECTED,Yes,No Apparent Injury,NA,Not Distracted,MD,Passenger Car,Slowing or Stopping,40,No,2009,VOLKSWAGEN,JETTA,39.10643989,-76.94095484,2024,8,18
240037658,Property Damage Crash,08/09/2024 06:14:00 PM,RAMP 3 FR RAMP 6 (FR IS495) TO MD 187 NB,NA,"Sideswipe, Same Direction",Clear,Dry,Daylight,Traffic Control Signal,NONE DETECTED,Yes,No Apparent Injury,"Failed to Keep in Proper Lane, Improper Turn",Not Distracted,MD,Passenger Car,Turning Left,45,No,2017,VOLKSWAGEN,GOLF,39.01517612,-77.11880394,2024,8,18
240037658,Property Damage Crash,08/09/2024 06:14:00 PM,RAMP 3 FR RAMP 6 (FR IS495) TO MD 187 NB,NA,"Sideswipe, Same Direction",Clear,Dry,Daylight,Traffic Control Signal,NONE DETECTED,No,No Apparent Injury,NA,Not Distracted,MD,Sport Utility Vehicle,Turning Left,45,No,2015,MERCEDES-BENZ,ML-CLASS,39.01517612,-77.11880394,2024,8,18
240037641,Injury Crash,08/09/2024 05:41:00 PM,NA,NA,Other,Clear,Wet,Daylight,No Controls,NONE DETECTED,Yes,No Apparent Injury,Failed to Yield Right-of-Way,Unknown,MD,Sport Utility Vehicle,Moving Constant Speed,30,No,2012,LEXUS,RX,38.99317512,-77.12052757,2024,8,17
240037641,Injury Crash,08/09/2024 05:41:00 PM,NA,NA,Other,Clear,Wet,Daylight,No Controls,NONE DETECTED,No,Possible Minor Injury,NA,Not Distracted,CA,Sport Utility Vehicle,Moving Constant Speed,30,No,2024,TOYOTA,RAV4,38.99317512,-77.12052757,2024,8,17
240037643,Injury Crash,08/09/2024 05:32:00 PM,GEORGIA AVE,NA,Rear To Side,Clear,Dry,Daylight,No Controls,NONE DETECTED,No,No Apparent Injury,NA,Not Distracted,MD,Passenger Car,Moving Constant Speed,35,No,2020,MAZDA,CX-5,39.0493602,-77.05177175,2024,8,17
240037643,Injury Crash,08/09/2024 05:32:00 PM,GEORGIA AVE,NA,Rear To Side,Clear,Dry,Daylight,Stop Sign,NONE DETECTED,Yes,No Apparent Injury,"Failed to Yield Right-of-Way, Improper Turn",Unknown,MD,Passenger Car,Turning Left,35,No,2015,HONDA,ACCORD,39.0493602,-77.05177175,2024,8,17
240037624,Property Damage Crash,08/09/2024 04:40:00 PM,SANDY SPRING RD,NA,"Sideswipe, Same Direction",Clear,Wet,Daylight,Lane Use Control Signal,NONE DETECTED,No,No Apparent Injury,NA,Not Distracted,MD,Passenger Car,Turning Left,35,No,2013,HONDA,ACCORD,39.11123494,-76.93192826,2024,8,16
240037624,Property Damage Crash,08/09/2024 04:40:00 PM,SANDY SPRING RD,NA,"Sideswipe, Same Direction",Clear,Wet,Daylight,Lane Use Control Signal,NONE DETECTED,No,NA,NA,NA,NA,NA,Turning Left,35,No,0,NA,NA,39.11123494,-76.93192826,2024,8,16
240037624,Property Damage Crash,08/09/2024 04:40:00 PM,SANDY SPRING RD,NA,"Sideswipe, Same Direction",Clear,Wet,Daylight,Lane Use Control Signal,NONE DETECTED,No,No Apparent Injury,NA,Not Distracted,VA,Passenger Car,Turning Left,35,No,2024,HYUNDAI,SANTA FE,39.11123494,-76.93192826,2024,8,16
240037627,Property Damage Crash,08/09/2024 04:37:00 PM,NA,NA,Front to Rear,Clear,Dry,Daylight,No Controls,NONE DETECTED,Yes,No Apparent Injury,NA,Unknown,MD,Other Trucks,Backing,30,No,2018,FREIGHTLINER,SPRINTER,39.01353501,-77.0081703,2024,8,16
240037617,Injury Crash,08/09/2024 03:45:00 PM,MIDCOUNTY HWY,NA,Front to Rear,Rain,Wet,Daylight,Traffic Control Signal,NONE DETECTED,Yes,No Apparent Injury,"Operated Motor Vehicle in Inattentive, Careless, Negligent, or Erratic Manner","Other Action (looking away from task, etc.)",MD,Van - Passenger (&lt;9 Seats),Slowing or Stopping,20,No,2010,FORD,E-250,39.14734055,-77.16931155,2024,8,15
240037617,Injury Crash,08/09/2024 03:45:00 PM,MIDCOUNTY HWY,NA,Front to Rear,Rain,Wet,Daylight,Traffic Control Signal,NONE DETECTED,No,No Apparent Injury,NA,Not Distracted,NA,Passenger Car,Stopped in Traffic,20,No,2018,HONDA,ODYSSEY,39.14734055,-77.16931155,2024,8,15
240037601,Property Damage Crash,08/09/2024 02:58:00 PM,NA,NA,Other,Rain,Wet,Daylight,Traffic Control Signal,NONE DETECTED,No,No Apparent Injury,NA,Unknown,MD,Passenger Car,Moving Constant Speed,35,No,2002,MERCURY,VILLAGER,39.07841197,-77.13037396,2024,8,14
240037601,Property Damage Crash,08/09/2024 02:58:00 PM,NA,NA,Other,Rain,Wet,Daylight,Traffic Control Signal,NONE DETECTED,No,No Apparent Injury,NA,Unknown,NA,Passenger Car,Moving Constant Speed,35,No,2011,CHEVROLET,IMPALA,39.07841197,-77.13037396,2024,8,14
240037612,Property Damage Crash,08/09/2024 02:45:00 PM,RITCHIE AVE,NA,"Sideswipe, Same Direction",Rain,Wet,Daylight,No Controls,NONE DETECTED,No,NA,NA,NA,NA,Other Trucks,Moving Constant Speed,25,No,2014,FORD,UNKNOWN,38.99035004,-77.01729101,2024,8,14
240037612,Property Damage Crash,08/09/2024 02:45:00 PM,RITCHIE AVE,NA,"Sideswipe, Same Direction",Rain,Wet,Daylight,No Controls,NONE DETECTED,No,No Apparent Injury,NA,Not Distracted,MD,Other,Parked,25,No,2020,RAM,3500,38.99035004,-77.01729101,2024,8,14
240037603,Injury Crash,08/09/2024 02:40:00 PM,GEORGIA AVE,NA,Angle,Rain,Wet,Daylight,No Controls,NONE DETECTED,Yes,Possible Minor Injury,"Failed to Keep in Proper Lane, Too Fast For Conditions, Wrong Way",Unknown,MD,Passenger Car,NA,25,No,2016,TOYOTA,PRIUS,39.03062022,-77.04805608,2024,8,14
240037603,Injury Crash,08/09/2024 02:40:00 PM,GEORGIA AVE,NA,Angle,Rain,Wet,Daylight,No Controls,NONE DETECTED,No,Possible Minor Injury,NA,Not Distracted,MD,Passenger Car,Moving Constant Speed,25,No,2017,HONDA,PILOT,39.03062022,-77.04805608,2024,8,14
240037602,Injury Crash,08/09/2024 02:39:00 PM,GEORGIA AVE,NA,Front to Rear,Rain,Wet,Daylight,No Controls,NONE DETECTED,No,No Apparent Injury,NA,Not Distracted,MD,Passenger Car,Stopped in Traffic,30,No,2020,TOYOTA,4-RUNNER,39.05534344,-77.05002523,2024,8,14
240037602,Injury Crash,08/09/2024 02:39:00 PM,GEORGIA AVE,NA,Front to Rear,Rain,Wet,Daylight,No Controls,NONE DETECTED,Yes,No Apparent Injury,Too Fast For Conditions,Not Distracted,MD,Passenger Car,Slowing or Stopping,30,No,2014,FORD,FUSION,39.05534344,-77.05002523,2024,8,14
240037602,Injury Crash,08/09/2024 02:39:00 PM,GEORGIA AVE,NA,Front to Rear,Rain,Wet,Daylight,No Controls,NONE DETECTED,No,Possible Minor Injury,NA,Not Distracted,MD,Passenger Car,Stopped in Traffic,30,No,2020,SUBARU,FORESTER,39.05534344,-77.05002523,2024,8,14