Local Case Number,ACRS Report Type,Crash Date/Time,Road Name,Related Non-Motorist,Collision Type,Weather,Surface Condition,Light,Traffic Control,Driver Substance Abuse,Driver At Fault,Injury Severity,Circumstance,Driver Distracted By,Drivers License State,Vehicle Body Type,Vehicle Movement,Speed Limit,Driverless Vehicle,Vehicle Year,Vehicle Make,Vehicle Model,Latitude,Longitude,Year,Month,Hour
240037606,Injury Crash,08/09/2024 02:36:00 PM,ALLEY #4,NA,"Sideswipe, Same Direction",Cloudy,Wet,Daylight,Traffic Control Signal,NONE DETECTED,No,Possible Minor Injury,NA,Not Distracted,MD,Passenger Car,Accelerating,15,No,2007,HONDA,CIVIC,38.98755214,-76.98769859,2024,8,14
240037606,Injury Crash,08/09/2024 02:36:00 PM,ALLEY #4,NA,"Sideswipe, Same Direction",Cloudy,Wet,Daylight,Traffic Control Signal,NONE DETECTED,Yes,No Apparent Injury,NA,Not Distracted,MD,Passenger Car,Accelerating,15,No,2010,TOYOTA,4-RUNNER,38.98755214,-76.98769859,2024,8,14
240037593,Injury Crash,08/09/2024 01:27:00 PM,GEORGIA AVE,NA,Front to Rear,Rain,Wet,Daylight,Traffic Control Signal,NONE DETECTED,No,Possible Minor Injury,NA,Not Distracted,MD,Passenger Car,Stopped in Traffic,35,No,2012,TOYOTA,COROLLA,39.05988283,-77.0505749,2024,8,13
240037593,Injury Crash,08/09/2024 01:27:00 PM,GEORGIA AVE,NA,Front to Rear,Rain,Wet,Daylight,Traffic Control Signal,NONE DETECTED,Yes,No Apparent Injury,NA,Not Distracted,MD,Sport Utility Vehicle,Slowing or Stopping,35,No,2015,ACURA,MDX,39.05988283,-77.0505749,2024,8,13
240037583,Property Damage Crash,08/09/2024 12:32:00 PM,NEW HAMPSHIRE AVE (SB/L),NA,Angle,Rain,Wet,Daylight,Traffic Control Signal,NONE DETECTED,Yes,No Apparent Injury,Ran Red Light,Not Distracted,MD,Pickup,Moving Constant Speed,45,No,2011,CHEVROLET,SILVERADO,39.12110883,-76.98903433,2024,8,12
240037584,Injury Crash,08/09/2024 12:32:00 PM,RIDGE RD,NA,Angle,Rain,Wet,Daylight,Traffic Control Signal,NONE DETECTED,Yes,No Apparent Injury,"Ran Red Light, Too Fast For Conditions",Not Distracted,MD,Passenger Car,Slowing or Stopping,40,No,2013,TOYOTA,CAMRY,39.23338359,-77.23770454,2024,8,12
240037584,Injury Crash,08/09/2024 12:32:00 PM,RIDGE RD,NA,Angle,Rain,Wet,Daylight,Traffic Control Signal,NONE DETECTED,No,Possible Minor Injury,NA,Not Distracted,MD,Passenger Car,Turning Left,30,No,2011,TOYOTA,PRIUS,39.23338359,-77.23770454,2024,8,12
240037583,Property Damage Crash,08/09/2024 12:32:00 PM,NEW HAMPSHIRE AVE (SB/L),NA,Angle,Rain,Wet,Daylight,Traffic Control Signal,NONE DETECTED,No,No Apparent Injury,NA,Not Distracted,MD,Van - Cargo,Moving Constant Speed,45,No,2022,RAM,PROMASTER 2500,39.12110883,-76.98903433,2024,8,12
240038311,Property Damage Crash,08/09/2024 11:30:00 AM,COLUMBIA PIKE (SB/L),NA,Single Vehicle,Rain,Wet,Daylight,No Controls,NONE DETECTED,No,No Apparent Injury,NA,Not Distracted,MD,Passenger Car,Moving Constant Speed,50,No,2019,MERCEDES-BENZ,C-CLASS,39.05215443,-76.97811871,2024,8,11
240038880,Property Damage Crash,08/09/2024 10:00:00 AM,WISCONSIN AVE (SB/L),Pedestrian,Single Vehicle,Clear,Dry,Daylight,No Controls,NONE DETECTED,No,No Apparent Injury,NA,Unknown,MD,Passenger Car,Turning Left,35,No,2018,HONDA,CIVIC,38.97563932,-77.09023673,2024,8,10
240037551,Property Damage Crash,08/09/2024 09:18:00 AM,BRANDERMILL DR,NA,"Sideswipe, Same Direction",Rain,Wet,Daylight,No Controls,NONE DETECTED,Yes,No Apparent Injury,Other Improper Action,Not Distracted,MD,Sport Utility Vehicle,Moving Constant Speed,25,No,2011,HONDA,CR-V,39.18846456,-77.2390943,2024,8,9
240037551,Property Damage Crash,08/09/2024 09:18:00 AM,BRANDERMILL DR,NA,"Sideswipe, Same Direction",Rain,Wet,Daylight,No Controls,NONE DETECTED,No,No Apparent Injury,NA,Not Distracted,MD,Passenger Car,Parked,25,No,2012,HONDA,CIVIC,39.18846456,-77.2390943,2024,8,9
240037550,Injury Crash,08/09/2024 09:11:00 AM,NA,NA,Other,Rain,Wet,Daylight,Stop Sign,NONE DETECTED,Yes,No Apparent Injury,NA,Not Distracted,MD,Passenger Car,Accelerating,25,No,2024,TOYOTA,CAMRY,39.03749144,-77.0265795,2024,8,9
240037550,Injury Crash,08/09/2024 09:11:00 AM,NA,NA,Other,Rain,Wet,Daylight,No Controls,NONE DETECTED,No,Possible Minor Injury,NA,Not Distracted,DC,Passenger Car,Moving Constant Speed,35,No,2018,CHEVROLET,MALIBU,39.03749144,-77.0265795,2024,8,9
240037537,Property Damage Crash,08/09/2024 07:30:00 AM,CRESTHAVEN DR,NA,Rear To Side,Rain,Wet,Daylight,No Controls,NONE DETECTED,No,NA,NA,NA,NA,Passenger Car,Parked,25,No,2023,HYUNDAI,SANTA FE,39.0306805,-76.98468583,2024,8,7
240037537,Property Damage Crash,08/09/2024 07:30:00 AM,CRESTHAVEN DR,NA,Rear To Side,Rain,Wet,Daylight,No Controls,NONE DETECTED,Yes,No Apparent Injury,NA,Not Distracted,MD,Single-Unit Truck,Moving Constant Speed,25,No,2003,INTERNATIONAL,4300,39.0306805,-76.98468583,2024,8,7
240037534,Property Damage Crash,08/09/2024 06:45:00 AM,AIRPARK RD,NA,Single Vehicle,Rain,Wet,Medium,No Controls,NONE DETECTED,Yes,No Apparent Injury,NA,Unknown,MD,Passenger Car,Moving Constant Speed,45,No,2002,TOYOTA,CAMRY,39.15330801,-77.1390955,2024,8,6
240037533,Injury Crash,08/09/2024 05:51:00 AM,NA,NA,Single Vehicle,Rain,Wet,Medium,No Controls,NONE DETECTED,No,Possible Minor Injury,NA,Not Distracted,MD,Passenger Car,Moving Constant Speed,40,No,2002,LEXUS,ES,39.08390446,-77.21812124,2024,8,5
240037516,Property Damage Crash,08/08/2024 10:26:00 PM,NA,NA,Single Vehicle,Rain,NA,Medium,NA,NONE DETECTED,No,No Apparent Injury,NA,Not Distracted,MD,Pickup,NA,0,No,2011,GMC,SIERRA,39.0433621,-76.98808605,2024,8,22
240037511,Injury Crash,08/08/2024 08:45:00 PM,MANOR RD,Pedestrian,Single Vehicle,Rain,Wet,Medium,Pedestrian Crossing,NONE DETECTED,No,No Apparent Injury,Other Improper Action,Unknown,NA,Passenger Car,Turning Right,25,No,0,NA,NA,38.99612451,-77.07707977,2024,8,20
240037509,Injury Crash,08/08/2024 08:33:00 PM,VEIRS MILL RD (WB/L),NA,Front to Rear,Rain,Wet,Medium,Traffic Control Signal,NONE DETECTED,No,Possible Minor Injury,NA,Not Distracted,VA,Sport Utility Vehicle,Moving Constant Speed,35,No,2015,LEXUS,RX,39.08153852,-77.14550236,2024,8,20
240037509,Injury Crash,08/08/2024 08:33:00 PM,VEIRS MILL RD (WB/L),NA,Front to Rear,Rain,Wet,Medium,Traffic Control Signal,NONE DETECTED,No,No Apparent Injury,NA,Not Distracted,MD,Sport Utility Vehicle,Slowing or Stopping,35,No,2019,TOYOTA,RAV4,39.08153852,-77.14550236,2024,8,20
240037508,Injury Crash,08/08/2024 08:30:00 PM,GREENTREE RD,NA,Front to Rear,Rain,Wet,Dark,No Controls,NONE DETECTED,No,Possible Minor Injury,NA,Unknown,MD,Sport Utility Vehicle,Moving Constant Speed,35,No,2017,MERCEDES-BENZ,GLE-CLASS,39.00117,-77.12289333,2024,8,20
240037505,Property Damage Crash,08/08/2024 07:45:00 PM,CRYSTAL ROCK DR,NA,"Sideswipe, Same Direction",Rain,Wet,Medium,No Controls,NONE DETECTED,Yes,No Apparent Injury,NA,"Other Action (looking away from task, etc.)",MD,Passenger Car,Negotiating a Curve,25,No,2023,TESLA,MODEL S,39.200551,-77.27651533,2024,8,19
240037493,Property Damage Crash,08/08/2024 06:45:00 PM,GEORGIA AVE,NA,Front to Rear,Rain,Wet,Daylight,No Controls,NONE DETECTED,Yes,No Apparent Injury,NA,Unknown,CA,Passenger Car,Slowing or Stopping,30,No,2011,TOYOTA,CAMRY,39.00239574,-77.03513898,2024,8,18
240037493,Property Damage Crash,08/08/2024 06:45:00 PM,GEORGIA AVE,NA,Front to Rear,Rain,Wet,Daylight,No Controls,NONE DETECTED,No,No Apparent Injury,NA,Not Distracted,FL,Passenger Car,Moving Constant Speed,30,No,1998,TOYOTA,COROLLA,39.00239574,-77.03513898,2024,8,18
240037486,Property Damage Crash,08/08/2024 05:39:00 PM,NA,NA,Single Vehicle,Rain,Wet,Daylight,No Controls,NONE DETECTED,Yes,No Apparent Injury,Too Fast For Conditions,Not Distracted,MD,Passenger Car,Accelerating,35,No,2018,SUBARU,WRX,39.11890667,-77.106365,2024,8,17
240037485,Injury Crash,08/08/2024 05:20:00 PM,NA,NA,Front to Rear,Rain,Wet,Daylight,No Controls,NONE DETECTED,No,Possible Minor Injury,NA,Not Distracted,MD,Sport Utility Vehicle,Stopped in Traffic,35,No,2024,TOYOTA,RAV4,39.14744466,-77.20575292,2024,8,17
240037485,Injury Crash,08/08/2024 05:20:00 PM,NA,NA,Front to Rear,Rain,Wet,Daylight,No Controls,NONE DETECTED,Yes,No Apparent Injury,Followed Too Closely,Unknown,MD,Passenger Car,Stopped in Traffic,35,No,2015,NISSAN,SENTRA,39.14744466,-77.20575292,2024,8,17
240037477,Property Damage Crash,08/08/2024 04:41:00 PM,PINEY MEETINGHOUSE RD,NA,Single Vehicle,Rain,Wet,Daylight,No Controls,NONE DETECTED,Yes,No Apparent Injury,"Over-Correcting/Over-Steering, Too Fast For Conditions",Not Distracted,MD,Passenger Car,Moving Constant Speed,30,No,2009,TOYOTA,CAMRY,39.0664895,-77.22798267,2024,8,16
240037464,Injury Crash,08/08/2024 04:08:00 PM,SHADY GROVE RD (SB/L),NA,Front to Rear,Rain,Wet,Daylight,No Controls,NONE DETECTED,No,No Apparent Injury,Too Fast For Conditions,Not Distracted,MD,Sport Utility Vehicle,Slowing or Stopping,35,No,2012,HYUNDAI,SANTA FE,39.11540384,-77.18525974,2024,8,16
240037464,Injury Crash,08/08/2024 04:08:00 PM,SHADY GROVE RD (SB/L),NA,Front to Rear,Rain,Wet,Daylight,No Controls,NONE DETECTED,No,No Apparent Injury,NA,Not Distracted,MD,Sport Utility Vehicle,Stopped in Traffic,35,No,2007,TOYOTA,RAV4,39.11540384,-77.18525974,2024,8,16
240037463,Property Damage Crash,08/08/2024 04:00:00 PM,NA,NA,Single Vehicle,Rain,NA,Daylight,NA,NONE DETECTED,Yes,No Apparent Injury,"Operated Motor Vehicle in Inattentive, Careless, Negligent, or Erratic Manner, Other Improper Action",Not Distracted,MD,Passenger Car,Slowing or Stopping,0,No,2000,UNKNOWN,UNKNOWN,39.12163167,-76.988512,2024,8,16
240037454,Property Damage Crash,08/08/2024 03:50:00 PM,SILVER SPRING AVE,NA,"Sideswipe, Same Direction",Rain,Wet,Daylight,No Controls,NONE DETECTED,No,No Apparent Injury,NA,Not Distracted,MD,Passenger Car,Moving Constant Speed,30,No,2023,SUBARU,OUTBACK,38.99168617,-77.025234,2024,8,15
240037454,Property Damage Crash,08/08/2024 03:50:00 PM,SILVER SPRING AVE,NA,"Sideswipe, Same Direction",Rain,Wet,Daylight,No Controls,NONE DETECTED,No,No Apparent Injury,"Failed to Yield Right-of-Way, Over-Correcting/Over-Steering",Unknown,VA,Passenger Car,Moving Constant Speed,30,No,2008,HONDA,ACCORD,38.99168617,-77.025234,2024,8,15
240037462,Injury Crash,08/08/2024 03:49:00 PM,NA,NA,Front to Rear,Rain,Wet,Daylight,No Controls,NONE DETECTED,Yes,No Apparent Injury,"Followed Too Closely, Other Improper Action",Unknown,MD,Passenger Car,Moving Constant Speed,35,No,2019,VOLKSWAGEN,ATLAS,38.98477622,-77.02656948,2024,8,15
240037462,Injury Crash,08/08/2024 03:49:00 PM,NA,NA,Front to Rear,Rain,Wet,Daylight,No Controls,NONE DETECTED,No,Possible Minor Injury,NA,Not Distracted,DC,Passenger Car,Slowing or Stopping,35,No,2006,TOYOTA,CAMRY,38.98477622,-77.02656948,2024,8,15
240037459,Injury Crash,08/08/2024 03:46:00 PM,TAFT ST,NA,Angle,Rain,Wet,Daylight,Traffic Control Signal,NONE DETECTED,No,Possible Minor Injury,NA,Not Distracted,MD,Sport Utility Vehicle,Turning Left,35,No,2017,MAZDA,CX-5,39.09418038,-77.13255825,2024,8,15
240037459,Injury Crash,08/08/2024 03:46:00 PM,TAFT ST,NA,Angle,Rain,Wet,Daylight,Traffic Control Signal,NONE DETECTED,Yes,No Apparent Injury,"Failed to Yield Right-of-Way, Ran Red Light",Not Distracted,MD,Pickup,Moving Constant Speed,35,No,2014,NISSAN,FRONTIER,39.09418038,-77.13255825,2024,8,15
240037459,Injury Crash,08/08/2024 03:46:00 PM,TAFT ST,NA,Angle,Rain,Wet,Daylight,Traffic Control Signal,NONE DETECTED,No,No Apparent Injury,NA,Not Distracted,MD,Passenger Car,Turning Left,35,No,2012,TOYOTA,CAMRY,39.09418038,-77.13255825,2024,8,15
240037448,Property Damage Crash,08/08/2024 03:31:00 PM,NA,NA,Front to Rear,Rain,Wet,Daylight,Stop Sign,NONE DETECTED,No,No Apparent Injury,Followed Too Closely,Unknown,MD,Passenger Car,Moving Constant Speed,25,No,2017,MITSUBISHI,LANCER,39.04792547,-77.10550421,2024,8,15
240037448,Property Damage Crash,08/08/2024 03:31:00 PM,NA,NA,Front to Rear,Rain,Wet,Daylight,Stop Sign,NONE DETECTED,No,No Apparent Injury,NA,Not Distracted,MD,Passenger Car,Moving Constant Speed,25,No,2005,HONDA,CIVIC,39.04792547,-77.10550421,2024,8,15
240037439,Property Damage Crash,08/08/2024 02:32:00 PM,NEW HAMPSHIRE AVE,NA,Front to Rear,Rain,Wet,Daylight,Traffic Control Signal,NONE DETECTED,Yes,No Apparent Injury,NA,Not Distracted,DC,Sport Utility Vehicle,Moving Constant Speed,40,No,2012,CHEVROLET,EQUINOX,39.01511481,-76.97785809,2024,8,14
240037439,Property Damage Crash,08/08/2024 02:32:00 PM,NEW HAMPSHIRE AVE,NA,Front to Rear,Rain,Wet,Daylight,Traffic Control Signal,NONE DETECTED,No,No Apparent Injury,NA,Not Distracted,MD,Passenger Car,Moving Constant Speed,40,No,2022,TESLA,MODEL X,39.01511481,-76.97785809,2024,8,14
240037435,Property Damage Crash,08/08/2024 01:58:00 PM,NA,NA,Single Vehicle,Rain,Wet,Daylight,No Controls,NONE DETECTED,Yes,No Apparent Injury,Too Fast For Conditions,Not Distracted,MD,Passenger Car,Moving Constant Speed,35,No,2015,TOYOTA,COROLLA,39.189833,-77.2204585,2024,8,13
240037416,Injury Crash,08/08/2024 01:06:00 PM,NA,NA,Angle,Rain,Wet,Daylight,Traffic Control Signal,NONE DETECTED,Yes,Possible Minor Injury,Failed to Yield Right-of-Way,Not Distracted,MD,Passenger Car,Turning Left,35,No,2016,CHRYSLER,TOWN AND COUNTRY,38.9938405,-77.05199898,2024,8,13
240037416,Injury Crash,08/08/2024 01:06:00 PM,NA,NA,Angle,Rain,Wet,Daylight,Traffic Control Signal,NONE DETECTED,Yes,Possible Minor Injury,Ran Red Light,Not Distracted,MD,Passenger Car,Moving Constant Speed,35,No,2017,HYUNDAI,SONATA,38.9938405,-77.05199898,2024,8,13
240037410,Property Damage Crash,08/08/2024 12:18:00 PM,BETHESDA AVE,NA,"Sideswipe, Opposite Direction",Cloudy,Wet,Daylight,No Controls,NONE DETECTED,No,No Apparent Injury,NA,Not Distracted,MD,Sport Utility Vehicle,Moving Constant Speed,25,No,2022,GMC,YUKON,38.98101833,-77.097105,2024,8,12
240037410,Property Damage Crash,08/08/2024 12:18:00 PM,BETHESDA AVE,NA,"Sideswipe, Opposite Direction",Cloudy,Wet,Daylight,No Controls,NONE DETECTED,Yes,No Apparent Injury,"Failed to Yield Right-of-Way, Other Improper Action",Unknown,NA,Passenger Car,Entering Traffic Lane,25,No,2023,TOYOTA,CAMRY,38.98101833,-77.097105,2024,8,12
240037406,Property Damage Crash,08/08/2024 11:30:00 AM,NA,NA,Other,Rain,NA,Daylight,NA,NONE DETECTED,No,NA,NA,NA,NA,Passenger Car,Turning Left,0,No,2016,MAZDA,CX-3,39.038668,-76.99157367,2024,8,11
240037362,Injury Crash,08/08/2024 08:42:00 AM,NA,NA,Single Vehicle,Rain,Wet,Daylight,No Controls,NONE DETECTED,No,Possible Minor Injury,NA,Not Distracted,NC,Pickup,Moving Constant Speed,45,No,2022,FORD,F-150,39.24707158,-77.29493928,2024,8,8
240037353,Property Damage Crash,08/08/2024 07:50:00 AM,WASHINGTON GROVE LA,NA,Other,Rain,Wet,Daylight,Traffic Control Signal,NONE DETECTED,No,No Apparent Injury,Too Fast For Conditions,Not Distracted,MD,Passenger Car,Moving Constant Speed,30,No,2007,TOYOTA,PRIUS,39.14746645,-77.16919458,2024,8,7
240037353,Property Damage Crash,08/08/2024 07:50:00 AM,WASHINGTON GROVE LA,NA,Other,Rain,Wet,Daylight,Traffic Control Signal,NONE DETECTED,No,No Apparent Injury,"Failed to Yield Right-of-Way, Too Fast For Conditions",Not Distracted,MD,Passenger Car,Turning Left,30,No,2017,HYUNDAI,SONATA,39.14746645,-77.16919458,2024,8,7
240037348,Injury Crash,08/08/2024 07:38:00 AM,RAMP 6 FR BRIGGS CHANEY RD TO US 29 SB,NA,"Sideswipe, Same Direction",Rain,Wet,Daylight,No Controls,NONE DETECTED,No,No Apparent Injury,NA,Not Distracted,MD,Other Trucks,Moving Constant Speed,50,No,2020,FREIGHTLINER,M2,39.08369363,-76.94812166,2024,8,7
240037348,Injury Crash,08/08/2024 07:38:00 AM,RAMP 6 FR BRIGGS CHANEY RD TO US 29 SB,NA,"Sideswipe, Same Direction",Rain,Wet,Daylight,No Controls,NONE DETECTED,Yes,Possible Minor Injury,Too Fast For Conditions,Not Distracted,MD,Passenger Car,Negotiating a Curve,50,No,2004,TOYOTA,CAMRY,39.08369363,-76.94812166,2024,8,7
240037346,Property Damage Crash,08/08/2024 07:30:00 AM,MARTINS LA,NA,"Sideswipe, Same Direction",Rain,Wet,Daylight,No Controls,NONE DETECTED,Yes,No Apparent Injury,NA,Not Distracted,MD,Other Trucks,Moving Constant Speed,25,No,2021,MACK,LR,39.09204603,-77.15765371,2024,8,7
240037343,Property Damage Crash,08/08/2024 06:19:00 AM,NEW HAMPSHIRE AVE (SB/L),NA,Single Vehicle,Rain,Wet,Medium,No Controls,NONE DETECTED,No,No Apparent Injury,"Other Improper Action, Ran Off Roadway, Swerved or Avoided Due to Wind, Slippery Surface, Motor Vehicle, Object, Non-Motorist in Roadway, etc, Too Fast For Conditions",Unknown,NA,Passenger Car,NA,35,No,2014,HYUNDAI,SONATA,39.03922461,-76.99040279,2024,8,6
240037340,Property Damage Crash,08/08/2024 06:16:00 AM,NEW HAMPSHIRE AVE,NA,"Sideswipe, Same Direction",Rain,Wet,Medium,Traffic Control Signal,NONE DETECTED,Yes,No Apparent Injury,Failed to Yield Right-of-Way,Unknown,NA,Passenger Car,Moving Constant Speed,35,No,2009,NISSAN,VERSA,39.01985544,-76.97653935,2024,8,6
240037340,Property Damage Crash,08/08/2024 06:16:00 AM,NEW HAMPSHIRE AVE,NA,"Sideswipe, Same Direction",Rain,Wet,Medium,Traffic Control Signal,NONE DETECTED,No,No Apparent Injury,NA,Not Distracted,MD,Passenger Car,Entering Traffic Lane,35,No,2022,FORD,EXPLORER,39.01985544,-76.97653935,2024,8,6
240037341,Property Damage Crash,08/08/2024 06:15:00 AM,MATENEY RD,NA,Front to Rear,Rain,Wet,Medium,Traffic Control Signal,NONE DETECTED,No,No Apparent Injury,NA,Not Distracted,MD,Passenger Car,Moving Constant Speed,45,No,2021,HYUNDAI,ELANTRA,39.15746916,-77.26891558,2024,8,6
240037341,Property Damage Crash,08/08/2024 06:15:00 AM,MATENEY RD,NA,Front to Rear,Rain,Wet,Medium,Traffic Control Signal,NONE DETECTED,No,No Apparent Injury,Other Improper Action,Unknown,NA,Passenger Car,Accelerating,45,No,1998,TOYOTA,COROLLA,39.15746916,-77.26891558,2024,8,6
240037339,Injury Crash,08/08/2024 05:02:00 AM,INTERCOUNTY CONNECTOR (WB/L),NA,Single Vehicle,Rain,Wet,Medium,No Controls,NONE DETECTED,Yes,Possible Minor Injury,Too Fast For Conditions,Not Distracted,MD,Passenger Car,Moving Constant Speed,50,No,2022,BMW,M440I,39.11846153,-77.07482814,2024,8,5
240038246,Property Damage Crash,08/08/2024 05:00:00 AM,CENTERFIELD WAY,NA,"Sideswipe, Same Direction",Rain,Wet,Dark,No Controls,NONE DETECTED,Yes,No Apparent Injury,Failed to Keep in Proper Lane,Unknown,MD,Sport Utility Vehicle,Moving Constant Speed,30,No,2019,TOYOTA,C-HR,39.13228388,-77.0727436,2024,8,5
240037331,Property Damage Crash,08/08/2024 01:52:00 AM,TAMARACK RD,NA,Front to Rear,Rain,Wet,Medium,No Controls,NONE DETECTED,Yes,No Apparent Injury,"Operated Motor Vehicle in Inattentive, Careless, Negligent, or Erratic Manner, Too Fast For Conditions",Not Distracted,MD,Passenger Car,Moving Constant Speed,30,No,2018,JEEP,GRAND CHEROKEE L,39.07079945,-76.98028429,2024,8,1
240037332,Property Damage Crash,08/08/2024 12:58:00 AM,LOG HOUSE RD,NA,Front to Rear,Rain,Wet,Medium,No Controls,NONE DETECTED,No,No Apparent Injury,NA,NA,NA,Passenger Car,Moving Constant Speed,25,No,2012,HYUNDAI,SONATA,39.25211833,-77.20247333,2024,8,0
240037327,Property Damage Crash,08/07/2024 11:15:00 PM,NEW HAMPSHIRE AVE (SB/L),NA,Front to Rear,Rain,Wet,Medium,Traffic Control Signal,NONE DETECTED,No,No Apparent Injury,NA,Unknown,MD,Passenger Car,Slowing or Stopping,35,No,2020,CHEVROLET,SILVERADO,39.02237405,-76.9775826,2024,8,23
240037327,Property Damage Crash,08/07/2024 11:15:00 PM,NEW HAMPSHIRE AVE (SB/L),NA,Front to Rear,Rain,Wet,Medium,Traffic Control Signal,NONE DETECTED,No,No Apparent Injury,NA,Not Distracted,MD,Passenger Car,Stopped in Traffic,35,No,2021,TOYOTA,HIGHLANDER,39.02237405,-76.9775826,2024,8,23
240037326,Property Damage Crash,08/07/2024 10:45:00 PM,UNIVERSITY BLVD E (WB/L),NA,"Sideswipe, Same Direction",Rain,Wet,Medium,No Controls,NONE DETECTED,No,NA,NA,NA,NA,Pickup,Moving Constant Speed,25,No,2019,RAM,1500,38.99854818,-76.9944869,2024,8,22
240037326,Property Damage Crash,08/07/2024 10:45:00 PM,UNIVERSITY BLVD E (WB/L),NA,"Sideswipe, Same Direction",Rain,Wet,Medium,No Controls,NONE DETECTED,No,No Apparent Injury,NA,Not Distracted,MD,Pickup,Parked,25,No,2023,CHEVROLET,3500,38.99854818,-76.9944869,2024,8,22
240037325,Property Damage Crash,08/07/2024 10:39:00 PM,AMHERST AVE,NA,Front to Rear,Rain,Wet,Dark,No Controls,NONE DETECTED,No,No Apparent Injury,NA,Unknown,NA,Passenger Car,NA,25,No,1995,HONDA,ACCORD,39.04340039,-77.04765223,2024,8,22
240037314,Property Damage Crash,08/07/2024 08:45:00 PM,JAEGER RD,Scooter (electric),Unknown,Rain,Wet,Medium,No Controls,NONE DETECTED,No,No Apparent Injury,NA,Not Distracted,MD,Passenger Car,Negotiating a Curve,25,No,2018,BMW,X5,39.2169725,-77.29690183,2024,8,20
240037297,Property Damage Crash,08/07/2024 06:30:00 PM,NA,NA,"Sideswipe, Same Direction",Cloudy,Dry,Daylight,Traffic Control Signal,NONE DETECTED,Yes,No Apparent Injury,NA,Not Distracted,MD,Bus - Transit,Turning Left,25,No,2014,GILLIG,CITY TRANSIT BUS,39.09080555,-77.17925838,2024,8,18
240037297,Property Damage Crash,08/07/2024 06:30:00 PM,NA,NA,"Sideswipe, Same Direction",Cloudy,Dry,Daylight,Traffic Control Signal,NONE DETECTED,No,No Apparent Injury,NA,Not Distracted,NJ,Passenger Car,Turning Left,25,No,2009,NISSAN,VERSA,39.09080555,-77.17925838,2024,8,18
240037277,Injury Crash,08/07/2024 05:08:00 PM,GEORGIA AVE,NA,Front to Rear,Clear,Dry,Daylight,No Controls,ALCOHOL PRESENT,Yes,No Apparent Injury,"Followed Too Closely, Other Improper Action, Too Fast For Conditions",Unknown,MD,Passenger Car,Moving Constant Speed,25,No,2019,JEEP,WRANGLER,39.04521036,-77.05094075,2024,8,17
240037277,Injury Crash,08/07/2024 05:08:00 PM,GEORGIA AVE,NA,Front to Rear,Clear,Dry,Daylight,No Controls,NONE DETECTED,No,Possible Minor Injury,"Followed Too Closely, Other Improper Action",Unknown,MD,Passenger Car,Moving Constant Speed,25,No,2010,NISSAN,XTERRA,39.04521036,-77.05094075,2024,8,17
240037277,Injury Crash,08/07/2024 05:08:00 PM,GEORGIA AVE,NA,Front to Rear,Clear,Dry,Daylight,No Controls,NONE DETECTED,No,No Apparent Injury,NA,Not Distracted,MD,Passenger Car,Moving Constant Speed,25,No,2006,CHEVROLET,SILVERADO,39.04521036,-77.05094075,2024,8,17
240037276,Property Damage Crash,08/07/2024 04:50:00 PM,FOREST GLEN RD,NA,"Sideswipe, Same Direction",Clear,Dry,Daylight,Traffic Control Signal,NONE DETECTED,Yes,No Apparent Injury,Failed to Yield Right-of-Way,Not Distracted,MD,Passenger Car,Slowing or Stopping,30,No,2010,AUDI,S4,39.01594635,-77.03664981,2024,8,16
240037276,Property Damage Crash,08/07/2024 04:50:00 PM,FOREST GLEN RD,NA,"Sideswipe, Same Direction",Clear,Dry,Daylight,Traffic Control Signal,NONE DETECTED,No,No Apparent Injury,NA,Not Distracted,WV,Passenger Car,Overtaking/Passing,30,No,2019,DODGE,CHARGER,39.01594635,-77.03664981,2024,8,16
240037270,Property Damage Crash,08/07/2024 04:23:00 PM,E JEFFERSON ST,NA,Angle,Rain,Wet,Daylight,No Controls,NONE DETECTED,Yes,No Apparent Injury,NA,Not Distracted,MD,Passenger Car,Turning Left,35,No,2011,SUBARU,LEGACY,39.05781269,-77.12630373,2024,8,16