Local Case Number,ACRS Report Type,Crash Date/Time,Road Name,Related Non-Motorist,Collision Type,Weather,Surface Condition,Light,Traffic Control,Driver Substance Abuse,Driver At Fault,Injury Severity,Circumstance,Driver Distracted By,Drivers License State,Vehicle Body Type,Vehicle Movement,Speed Limit,Driverless Vehicle,Vehicle Year,Vehicle Make,Vehicle Model,Latitude,Longitude,Year,Month,Hour
240037010,Property Damage Crash,08/06/2024 08:50:00 AM,MAIN ST,NA,"Sideswipe, Same Direction",Clear,Dry,Daylight,No Controls,NONE DETECTED,No,No Apparent Injury,NA,Not Distracted,MD,Passenger Car,Moving Constant Speed,25,No,2012,HONDA,ACCORD,39.12074033,-77.233417,2024,8,8
240037008,Property Damage Crash,08/06/2024 08:22:00 AM,NA,NA,"Sideswipe, Same Direction",Clear,NA,Daylight,NA,NONE DETECTED,Yes,No Apparent Injury,Other Improper Action,Unknown,VA,Van - Passenger (&lt;9 Seats),Moving Constant Speed,0,No,2009,CHEVROLET,EXPRESS,38.98092699,-77.09947031,2024,8,8
240037007,Property Damage Crash,08/06/2024 07:50:00 AM,DRUMALDRY DR,NA,Rear To Side,Clear,Dry,Daylight,No Controls,NONE DETECTED,No,No Apparent Injury,NA,Unknown,MD,"Construction Equipment (backhoe, bulldozer, etc.)",Backing,25,No,2021,GR,UNKNOWN,39.00445882,-77.13068382,2024,8,7
240037007,Property Damage Crash,08/06/2024 07:50:00 AM,DRUMALDRY DR,NA,Rear To Side,Clear,Dry,Daylight,No Controls,NONE DETECTED,No,No Apparent Injury,NA,Unknown,MD,Passenger Car,Entering Traffic Lane,25,No,2017,HONDA,ACCORD,39.00445882,-77.13068382,2024,8,7
240037006,Property Damage Crash,08/06/2024 07:30:00 AM,MOUNTAIN LAUREL LA,NA,"Sideswipe, Same Direction",Clear,Dry,Daylight,No Controls,NONE DETECTED,Yes,No Apparent Injury,NA,Unknown,MD,Passenger Car,Moving Constant Speed,25,No,2021,HONDA,CIVIC,39.15835823,-77.16616239,2024,8,7
240037003,Injury Crash,08/06/2024 06:46:00 AM,GERMANTOWN RD,NA,"Sideswipe, Same Direction",Clear,Dry,Daylight,Traffic Control Signal,NONE DETECTED,Yes,Possible Minor Injury,Ran Red Light,Unknown,FL,Passenger Car,Moving Constant Speed,40,No,2009,HONDA,ACCORD,39.18329052,-77.25733933,2024,8,6
240037003,Injury Crash,08/06/2024 06:46:00 AM,GERMANTOWN RD,NA,"Sideswipe, Same Direction",Clear,Dry,Daylight,Traffic Control Signal,NONE DETECTED,No,No Apparent Injury,NA,Not Distracted,MD,Pickup,Turning Left,40,No,2015,CHEVROLET,SILVERADO,39.18329052,-77.25733933,2024,8,6
240037001,Property Damage Crash,08/06/2024 05:45:00 AM,FREDERICK RD,NA,Angle,Clear,Dry,Medium,Flashing Traffic Control Signal,NONE DETECTED,No,No Apparent Injury,NA,Not Distracted,VA,Passenger Car,Accelerating,45,No,1998,SUBARU,FORESTER,39.20457384,-77.24610441,2024,8,5
240037001,Property Damage Crash,08/06/2024 05:45:00 AM,FREDERICK RD,NA,Angle,Clear,Dry,Medium,Flashing Traffic Control Signal,NONE DETECTED,Yes,No Apparent Injury,NA,Not Distracted,MD,Passenger Car,Turning Left,40,No,2008,HONDA,ACCORD,39.20457384,-77.24610441,2024,8,5
240037129,Property Damage Crash,08/05/2024 11:33:00 PM,GREAT SENECA HWY,NA,Single Vehicle,Clear,Dry,Medium,No Controls,NONE DETECTED,No,No Apparent Injury,NA,Not Distracted,MD,Passenger Car,Negotiating a Curve,55,No,2018,SUBARU,LEGACY,39.13933026,-77.26873324,2024,8,23
240036991,Property Damage Crash,08/05/2024 11:33:00 PM,GREAT SENECA HWY,NA,Single Vehicle,Clear,Dry,Medium,No Controls,NONE DETECTED,Yes,No Apparent Injury,Over-Correcting/Over-Steering,Not Distracted,MD,Passenger Car,Moving Constant Speed,55,No,2011,FORD,CROWN VICTORIA,39.13812298,-77.26642908,2024,8,23
240037128,Property Damage Crash,08/05/2024 11:33:00 PM,GREAT SENECA HWY,NA,Single Vehicle,Clear,Dry,Medium,No Controls,NONE DETECTED,No,No Apparent Injury,NA,Not Distracted,MD,Van - Passenger (&lt;9 Seats),Negotiating a Curve,55,No,2014,HONDA,ODYSSEY,39.13928345,-77.26911546,2024,8,23
240037130,Property Damage Crash,08/05/2024 11:33:00 PM,GREAT SENECA HWY,NA,Single Vehicle,Clear,Dry,Medium,No Controls,NONE DETECTED,No,No Apparent Injury,NA,Not Distracted,MD,Passenger Car,Negotiating a Curve,55,No,2016,AUDI,A3,39.13933026,-77.26838992,2024,8,23
240036981,Injury Crash,08/05/2024 09:52:00 PM,SHADY GROVE RD,NA,Angle,Clear,Dry,Medium,Traffic Control Signal,NONE DETECTED,No,Possible Minor Injury,NA,Not Distracted,MD,Sport Utility Vehicle,Moving Constant Speed,40,No,2019,BMW,X7,39.12248956,-77.17753167,2024,8,21
240036981,Injury Crash,08/05/2024 09:52:00 PM,SHADY GROVE RD,NA,Angle,Clear,Dry,Medium,Traffic Control Signal,NONE DETECTED,No,Possible Minor Injury,"Improper Turn, Ran Red Light",Unknown,MD,Sport Utility Vehicle,Turning Left,40,No,2022,TOYOTA,RAV4,39.12248956,-77.17753167,2024,8,21
240036975,Injury Crash,08/05/2024 09:40:00 PM,NA,NA,Angle,Clear,Dry,Medium,Traffic Control Signal,NONE DETECTED,No,No Apparent Injury,NA,Not Distracted,MD,Passenger Car,Moving Constant Speed,35,No,2009,TOYOTA,CAMRY,39.01790399,-77.00700265,2024,8,21
240036975,Injury Crash,08/05/2024 09:40:00 PM,NA,NA,Angle,Clear,Dry,Medium,Traffic Control Signal,NONE DETECTED,Yes,Possible Minor Injury,NA,Unknown,MD,Passenger Car,Turning Left,35,No,2007,CHEVROLET,TRAILBLAZER,39.01790399,-77.00700265,2024,8,21
240036968,Property Damage Crash,08/05/2024 08:14:00 PM,RAMP 7 FR IS 495 WB TO MD 650 SB,NA,Front to Rear,Clear,Dry,Medium,Yield Sign,NONE DETECTED,No,No Apparent Injury,NA,Unknown,NA,Sport Utility Vehicle,Slowing or Stopping,35,No,0,NA,NA,39.01991832,-76.97674122,2024,8,20
240036968,Property Damage Crash,08/05/2024 08:14:00 PM,RAMP 7 FR IS 495 WB TO MD 650 SB,NA,Front to Rear,Clear,Dry,Medium,Yield Sign,NONE DETECTED,No,No Apparent Injury,Other Improper Action,"Other Action (looking away from task, etc.)",MD,Passenger Car,Changing Lanes,35,No,2017,HONDA,ACCORD,39.01991832,-76.97674122,2024,8,20
240036966,Property Damage Crash,08/05/2024 07:30:00 PM,GEORGIA AVE,NA,"Sideswipe, Same Direction",Clear,Dry,Daylight,No Controls,NONE DETECTED,No,No Apparent Injury,NA,Not Distracted,MD,Bus - Transit,Moving Constant Speed,40,No,2013,THOMAS BUILT,UNKNOWN,39.0141861,-77.0420325,2024,8,19
240036966,Property Damage Crash,08/05/2024 07:30:00 PM,GEORGIA AVE,NA,"Sideswipe, Same Direction",Clear,Dry,Daylight,No Controls,NONE DETECTED,No,NA,Other Improper Action,NA,NA,NA,Moving Constant Speed,40,No,0,NA,NA,39.0141861,-77.0420325,2024,8,19
240036963,Property Damage Crash,08/05/2024 06:44:00 PM,W VIRGINIA AVE,NA,Rear To Side,Clear,Dry,Daylight,Stop Sign,NONE DETECTED,No,No Apparent Injury,NA,Not Distracted,MD,Passenger Car,Moving Constant Speed,20,No,2018,FORD,ESCAPE,38.99077,-77.09161333,2024,8,18
240036963,Property Damage Crash,08/05/2024 06:44:00 PM,W VIRGINIA AVE,NA,Rear To Side,Clear,Dry,Daylight,Stop Sign,NONE DETECTED,No,No Apparent Injury,NA,Not Distracted,MD,Passenger Car,Accelerating,20,No,2018,LEXUS,RX,38.99077,-77.09161333,2024,8,18
240036949,Injury Crash,08/05/2024 05:12:00 PM,NA,Pedestrian,Single Vehicle,Clear,NA,Daylight,NA,NONE DETECTED,No,No Apparent Injury,NA,Unknown,MD,Passenger Car,Turning Right,0,No,2011,TOYOTA,CAMRY,39.15652094,-77.21366786,2024,8,17
240036940,Property Damage Crash,08/05/2024 05:00:00 PM,NA,NA,Front to Rear,Clear,Dry,Daylight,No Controls,NONE DETECTED,No,No Apparent Injury,NA,Not Distracted,MD,Bus - Transit,Stopped in Traffic,35,No,2014,GILLIG,CITY TRANSIT BUS,39.09736593,-77.1666373,2024,8,17
240036940,Property Damage Crash,08/05/2024 05:00:00 PM,NA,NA,Front to Rear,Clear,Dry,Daylight,No Controls,NONE DETECTED,No,No Apparent Injury,NA,"Other Action (looking away from task, etc.)",MD,Sport Utility Vehicle,Moving Constant Speed,35,No,2007,JEEP,WRANGLER,39.09736593,-77.1666373,2024,8,17
240036947,Property Damage Crash,08/05/2024 04:47:00 PM,ROLLINS AVE,NA,"Sideswipe, Same Direction",Clear,Dry,Daylight,No Controls,NONE DETECTED,No,No Apparent Injury,NA,Unknown,MD,Passenger Car,Moving Constant Speed,30,No,2020,KIA,OPTIMA,39.0588888,-77.12186351,2024,8,16
240036947,Property Damage Crash,08/05/2024 04:47:00 PM,ROLLINS AVE,NA,"Sideswipe, Same Direction",Clear,Dry,Daylight,No Controls,NONE DETECTED,No,No Apparent Injury,NA,Unknown,MD,Sport Utility Vehicle,Changing Lanes,30,No,2002,TOYOTA,4-RUNNER,39.0588888,-77.12186351,2024,8,16
240036930,Property Damage Crash,08/05/2024 04:29:00 PM,NA,NA,Single Vehicle,Clear,Dry,Daylight,No Controls,NONE DETECTED,No,No Apparent Injury,NA,Not Distracted,MD,Passenger Car,Moving Constant Speed,35,No,2009,HONDA,ACCORD,39.20326,-77.18717167,2024,8,16
240036942,Property Damage Crash,08/05/2024 04:14:00 PM,KINLOCH RD,NA,Front to Rear,Clear,Dry,Daylight,No Controls,NONE DETECTED,No,NA,NA,NA,NA,Passenger Car,Moving Constant Speed,25,No,2011,HONDA,CIVIC,39.02587157,-76.96896312,2024,8,16
240036942,Property Damage Crash,08/05/2024 04:14:00 PM,KINLOCH RD,NA,Front to Rear,Clear,Dry,Daylight,No Controls,NONE DETECTED,No,No Apparent Injury,NA,Not Distracted,MD,Low Speed Vehicle,Slowing or Stopping,25,No,2000,FORD,UNKNOWN,39.02587157,-76.96896312,2024,8,16
240036908,Injury Crash,08/05/2024 03:00:00 PM,FOREST GLEN RD (WB/L),NA,Front to Rear,Clear,Dry,Daylight,Traffic Control Signal,NONE DETECTED,No,Possible Minor Injury,NA,Not Distracted,MD,Passenger Car,Stopped in Traffic,30,No,2023,HONDA,ACCORD,39.015642,-77.04199479,2024,8,15
240036907,Property Damage Crash,08/05/2024 03:00:00 PM,GARLAND AVE,NA,"Sideswipe, Same Direction",Clear,Dry,Daylight,Traffic Control Signal,NONE DETECTED,No,No Apparent Injury,NA,Not Distracted,MD,Passenger Car,Changing Lanes,25,No,2021,JEEP,CHEROKEE,38.99866019,-76.99876393,2024,8,15
240036907,Property Damage Crash,08/05/2024 03:00:00 PM,GARLAND AVE,NA,"Sideswipe, Same Direction",Clear,Dry,Daylight,Traffic Control Signal,NONE DETECTED,No,NA,NA,NA,NA,Other Trucks,Changing Lanes,25,No,2019,MACK,UNKNOWN,38.99866019,-76.99876393,2024,8,15
240036908,Injury Crash,08/05/2024 03:00:00 PM,FOREST GLEN RD (WB/L),NA,Front to Rear,Clear,Dry,Daylight,Traffic Control Signal,NONE DETECTED,Yes,No Apparent Injury,NA,Not Distracted,MD,Passenger Car,Accelerating,30,No,2021,BMW,330I,39.015642,-77.04199479,2024,8,15
240036916,Property Damage Crash,08/05/2024 02:53:00 PM,E GUDE DR,NA,"Sideswipe, Same Direction",Clear,Dry,Daylight,No Controls,NONE DETECTED,No,No Apparent Injury,NA,Not Distracted,MD,"Construction Equipment (backhoe, bulldozer, etc.)",Moving Constant Speed,35,No,2024,MACK,WS,39.10608833,-77.14638433,2024,8,14
240036916,Property Damage Crash,08/05/2024 02:53:00 PM,E GUDE DR,NA,"Sideswipe, Same Direction",Clear,Dry,Daylight,No Controls,NONE DETECTED,No,No Apparent Injury,"Disregarded Other Road Markings, Failed to Yield Right-of-Way, Improper Passing, Operated Motor Vehicle in Inattentive, Careless, Negligent, or Erratic Manner, Other Improper Action",Not Distracted,MD,Sport Utility Vehicle,Changing Lanes,35,No,2014,HONDA,PILOT,39.10608833,-77.14638433,2024,8,14
240036896,Injury Crash,08/05/2024 02:03:00 PM,NA,NA,Angle,Clear,Dry,Daylight,Traffic Control Signal,NONE DETECTED,No,Possible Minor Injury,NA,Not Distracted,MD,Passenger Car,Moving Constant Speed,35,No,2010,VOLVO,S90,39.10006206,-77.18192495,2024,8,14
240036896,Injury Crash,08/05/2024 02:03:00 PM,NA,NA,Angle,Clear,Dry,Daylight,Traffic Control Signal,NONE DETECTED,Yes,No Apparent Injury,NA,Not Distracted,MD,Passenger Car,Turning Left,35,No,2018,HONDA,ACCORD,39.10006206,-77.18192495,2024,8,14
240035664,Property Damage Crash,08/05/2024 01:55:00 PM,NA,NA,Single Vehicle,Clear,NA,Daylight,NA,NONE DETECTED,Yes,No Apparent Injury,"Over-Correcting/Over-Steering, Ran Off Roadway",Not Distracted,MD,Passenger Car,Turning Left,0,No,2009,HYUNDAI,ACCENT,39.17686062,-77.17840657,2024,8,13
240036878,Property Damage Crash,08/05/2024 11:40:00 AM,NA,NA,Front to Rear,Clear,NA,Daylight,NA,NONE DETECTED,Yes,No Apparent Injury,Other Improper Action,Unknown,TN,Passenger Car,NA,0,No,2023,BMW,530I,39.02689743,-77.1399946,2024,8,11
240036865,Injury Crash,08/05/2024 11:23:00 AM,GEORGIA AVE,NA,Front to Rear,Clear,Dry,Daylight,Traffic Control Signal,NONE DETECTED,No,No Apparent Injury,NA,Not Distracted,MD,Passenger Car,Slowing or Stopping,35,No,2023,NISSAN,VERSA,39.06123808,-77.0527539,2024,8,11
240036865,Injury Crash,08/05/2024 11:23:00 AM,GEORGIA AVE,NA,Front to Rear,Clear,Dry,Daylight,Traffic Control Signal,NONE DETECTED,Yes,Possible Minor Injury,"Followed Too Closely, Operated Motor Vehicle in Inattentive, Careless, Negligent, or Erratic Manner",Not Distracted,MD,Passenger Car,Moving Constant Speed,35,No,2017,HONDA,CIVIC,39.06123808,-77.0527539,2024,8,11
240036857,Injury Crash,08/05/2024 10:30:00 AM,FREDERICK RD (SB/L),NA,Angle,Clear,Dry,Daylight,Traffic Control Signal,NONE DETECTED,Yes,No Apparent Injury,NA,Not Distracted,MD,Station Wagon,Turning Left,40,No,2019,SUBARU,OUTBACK,39.11558639,-77.16632791,2024,8,10
240036857,Injury Crash,08/05/2024 10:30:00 AM,FREDERICK RD (SB/L),NA,Angle,Clear,Dry,Daylight,Traffic Control Signal,NONE DETECTED,No,Possible Minor Injury,NA,Not Distracted,MD,Passenger Car,Moving Constant Speed,40,No,2007,NISSAN,SENTRA,39.11558639,-77.16632791,2024,8,10
240036846,Injury Crash,08/05/2024 09:35:00 AM,KNOWLES AVE,NA,"Sideswipe, Same Direction",Clear,Dry,Daylight,No Controls,NONE DETECTED,Yes,No Apparent Injury,Failed to Keep in Proper Lane,Unknown,MD,Passenger Car,Changing Lanes,20,No,2016,HYUNDAI,ACCENT,39.02760738,-77.07725575,2024,8,9
240036846,Injury Crash,08/05/2024 09:35:00 AM,KNOWLES AVE,NA,"Sideswipe, Same Direction",Clear,Dry,Daylight,No Controls,NONE DETECTED,No,Possible Minor Injury,NA,Not Distracted,MD,Sport Utility Vehicle,Moving Constant Speed,20,No,2022,SUBARU,ASCENT,39.02760738,-77.07725575,2024,8,9
240036852,Property Damage Crash,08/05/2024 09:28:00 AM,LAKE WINDS WAY,NA,"Sideswipe, Opposite Direction",Clear,Dry,Daylight,Stop Sign,NONE DETECTED,No,No Apparent Injury,NA,Not Distracted,MD,Passenger Car,Turning Left,35,No,2011,SUBARU,OUTBACK,39.09675167,-77.22987333,2024,8,9
240036852,Property Damage Crash,08/05/2024 09:28:00 AM,LAKE WINDS WAY,NA,"Sideswipe, Opposite Direction",Clear,Dry,Daylight,Stop Sign,NONE DETECTED,No,No Apparent Injury,NA,Not Distracted,MD,Passenger Car,Turning Right,35,No,2021,HONDA,ACCORD,39.09675167,-77.22987333,2024,8,9
240036840,Property Damage Crash,08/05/2024 08:57:00 AM,PERRY AVE,NA,Front to Rear,Clear,Dry,Daylight,Traffic Control Signal,NONE DETECTED,Yes,No Apparent Injury,Followed Too Closely,Not Distracted,MD,Passenger Car,Moving Constant Speed,30,No,2017,FORD,INTERCEPTOR,39.03286654,-77.07500935,2024,8,8
240036840,Property Damage Crash,08/05/2024 08:57:00 AM,PERRY AVE,NA,Front to Rear,Clear,Dry,Daylight,Traffic Control Signal,NONE DETECTED,No,No Apparent Injury,NA,Not Distracted,MD,Sport Utility Vehicle,Stopped in Traffic,30,No,2016,NISSAN,ROGUE,39.03286654,-77.07500935,2024,8,8
240036835,Injury Crash,08/05/2024 08:22:00 AM,MUSGROVE RD,Pedestrian,Single Vehicle,Clear,Dry,Daylight,Traffic Control Signal,NONE DETECTED,Yes,No Apparent Injury,Failed to Yield Right-of-Way,Not Distracted,MD,Passenger Car,Turning Left,30,No,2005,TOYOTA,CAMRY,39.06778062,-76.95954629,2024,8,8
240036833,Injury Crash,08/05/2024 08:10:00 AM,TRIMFIELD LA,Pedestrian,Single Vehicle,Clear,Dry,Daylight,Pedestrian Crossing Sign,NONE DETECTED,Yes,No Apparent Injury,NA,Not Distracted,MD,Passenger Car,Turning Left,35,No,2010,LEXUS,ES,39.18631928,-77.27359669,2024,8,8
240036829,Injury Crash,08/05/2024 07:05:00 AM,MUDDY BRANCH RD (SB/L),NA,Front to Front,Clear,Dry,Daylight,No Controls,NONE DETECTED,No,Possible Minor Injury,NA,Not Distracted,MD,Passenger Car,Moving Constant Speed,35,No,2017,HYUNDAI,ELANTRA,39.11231767,-77.21664565,2024,8,7
240036829,Injury Crash,08/05/2024 07:05:00 AM,MUDDY BRANCH RD (SB/L),NA,Front to Front,Clear,Dry,Daylight,No Controls,NONE DETECTED,No,No Apparent Injury,Failed to Yield Right-of-Way,Unknown,MD,Sport Utility Vehicle,Accelerating,35,No,2003,LEXUS,RX,39.11231767,-77.21664565,2024,8,7
240036827,Injury Crash,08/05/2024 06:20:00 AM,QUINCE ORCHARD RD (SB/L),NA,Front to Rear,Clear,Dry,Daylight,Pedestrian Crossing Sign,NONE DETECTED,No,No Apparent Injury,NA,Not Distracted,MD,Passenger Car,Slowing or Stopping,35,No,2022,MERCEDES-BENZ,GLB-CLASS,39.14851319,-77.2174833,2024,8,6
240036827,Injury Crash,08/05/2024 06:20:00 AM,QUINCE ORCHARD RD (SB/L),NA,Front to Rear,Clear,Dry,Daylight,Pedestrian Crossing Sign,NONE DETECTED,No,No Apparent Injury,NA,Not Distracted,MD,Passenger Car,Slowing or Stopping,35,No,2016,BMW,328I,39.14851319,-77.2174833,2024,8,6
240036827,Injury Crash,08/05/2024 06:20:00 AM,QUINCE ORCHARD RD (SB/L),NA,Front to Rear,Clear,Dry,Daylight,Pedestrian Crossing Sign,NONE DETECTED,Yes,Possible Minor Injury,NA,Not Distracted,MD,Passenger Car,Slowing or Stopping,35,No,2002,LEXUS,SC,39.14851319,-77.2174833,2024,8,6
240036822,Property Damage Crash,08/05/2024 04:13:00 AM,SLIGO CREEK PKWY,NA,Single Vehicle,Clear,Dry,Medium,Traffic Control Signal,NONE DETECTED,No,No Apparent Injury,"Other Improper Action, Ran Off Roadway",Unknown,NA,Sport Utility Vehicle,NA,30,No,2016,FORD,EXPLORER,38.99592762,-77.00583708,2024,8,4
240036821,Property Damage Crash,08/05/2024 03:15:00 AM,BEALLSVILLE RD,NA,Single Vehicle,Clear,Dry,Dark,No Controls,NONE DETECTED,No,No Apparent Injury,NA,Not Distracted,PA,Passenger Car,Moving Constant Speed,35,No,2012,DODGE,CHARGER,39.19454431,-77.39819059,2024,8,3
240036811,Property Damage Crash,08/05/2024 12:30:00 AM,NEW HAMPSHIRE AVE,NA,"Sideswipe, Same Direction",Clear,Dry,Medium,Flashing Traffic Control Signal,NONE DETECTED,No,NA,NA,NA,NA,NA,Moving Constant Speed,35,No,0,NA,NA,39.02036541,-76.97658612,2024,8,0
240036811,Property Damage Crash,08/05/2024 12:30:00 AM,NEW HAMPSHIRE AVE,NA,"Sideswipe, Same Direction",Clear,Dry,Medium,Flashing Traffic Control Signal,NONE DETECTED,No,No Apparent Injury,NA,Not Distracted,MD,Bus - Transit,Moving Constant Speed,35,No,2016,GILLIG,CITY TRANSIT BUS,39.02036541,-76.97658612,2024,8,0
240036806,Injury Crash,08/04/2024 11:46:00 PM,UNIVERSITY BLVD E (WB/L),NA,"Sideswipe, Same Direction",Clear,Dry,Medium,No Controls,NONE DETECTED,No,No Apparent Injury,NA,Unknown,MD,Passenger Car,Entering Traffic Lane,40,No,2015,CADILLAC,ESCALADE,38.99912167,-76.99496867,2024,8,23
240036806,Injury Crash,08/04/2024 11:46:00 PM,UNIVERSITY BLVD E (WB/L),NA,"Sideswipe, Same Direction",Clear,Dry,Medium,No Controls,NONE DETECTED,No,Possible Minor Injury,"Operated Motor Vehicle in Inattentive, Careless, Negligent, or Erratic Manner",Unknown,MD,Passenger Car,Entering Traffic Lane,40,No,2006,TOYOTA,CAMRY,38.99912167,-76.99496867,2024,8,23
240036808,Fatal Crash,08/04/2024 09:53:00 PM,SHADY GROVE RD,NA,"Sideswipe, Same Direction",Clear,Dry,Medium,No Controls,NONE DETECTED,No,No Apparent Injury,NA,Unknown,MD,Passenger Car,Moving Constant Speed,45,No,2022,FORD,ESCAPE,39.13502103,-77.15672601,2024,8,21
240036808,Fatal Crash,08/04/2024 09:53:00 PM,SHADY GROVE RD,NA,"Sideswipe, Same Direction",Clear,Dry,Medium,No Controls,DRUG AND ALCOHOL CONTRIBUTED,Yes,Fatal Injury,"Improper Passing, Over-Correcting/Over-Steering, Ran Off Roadway",Unknown,MD,Passenger Car,Changing Lanes,45,No,1999,ACURA,TL,39.13502103,-77.15672601,2024,8,21
240036793,Injury Crash,08/04/2024 08:25:00 PM,NA,Pedestrian,Single Vehicle,Clear,Dry,Medium,No Controls,NONE DETECTED,No,No Apparent Injury,NA,Unknown,MD,Passenger Car,Negotiating a Curve,25,No,2020,NISSAN,ROGUE,39.15893146,-77.21104845,2024,8,20
240036673,Property Damage Crash,08/04/2024 08:10:00 PM,NA,NA,Angle,Clear,NA,Medium,NA,NONE DETECTED,No,NA,NA,NA,NA,Passenger Car,Turning Right,0,No,2015,VOLKSWAGEN,UNKNOWN,39.00765734,-76.98535112,2024,8,20
240036667,Property Damage Crash,08/04/2024 07:30:00 PM,MONTROSE PKWY (WB/L),NA,Single Vehicle,Rain,Wet,Daylight,No Controls,NONE DETECTED,No,No Apparent Injury,NA,Not Distracted,MD,Passenger Car,Moving Constant Speed,35,No,2012,NISSAN,ROGUE,39.05124731,-77.13357264,2024,8,19
240036796,Property Damage Crash,08/04/2024 07:15:00 PM,NA,NA,"Sideswipe, Same Direction",Clear,NA,Daylight,NA,NONE DETECTED,No,No Apparent Injury,NA,NA,NA,Sport Utility Vehicle,Turning Right,0,No,2021,NISSAN,ROGUE,39.15321113,-77.06429798,2024,8,19
240036778,Property Damage Crash,08/04/2024 05:37:00 PM,NA,NA,Angle,Clear,NA,Daylight,NA,NONE DETECTED,Yes,No Apparent Injury,Failed to Yield Right-of-Way,Unknown,MD,Sport Utility Vehicle,Backing,0,No,2003,CHEVROLET,SUBURBAN,39.15898167,-77.19902167,2024,8,17
240036778,Property Damage Crash,08/04/2024 05:37:00 PM,NA,NA,Angle,Clear,NA,Daylight,NA,NONE DETECTED,No,No Apparent Injury,NA,Not Distracted,VA,Sport Utility Vehicle,Moving Constant Speed,0,No,2002,JEEP,COMPASS,39.15898167,-77.19902167,2024,8,17
240036767,Property Damage Crash,08/04/2024 04:50:00 PM,N WASHINGTON ST,NA,Angle,Clear,Wet,Daylight,Traffic Control Signal,NONE DETECTED,No,No Apparent Injury,NA,Unknown,MD,Passenger Car,Moving Constant Speed,35,No,2008,VOLKSWAGEN,R32,39.09188156,-77.15324913,2024,8,16
240036767,Property Damage Crash,08/04/2024 04:50:00 PM,N WASHINGTON ST,NA,Angle,Clear,Wet,Daylight,Traffic Control Signal,NONE DETECTED,Yes,No Apparent Injury,Failed to Yield Right-of-Way,Unknown,MD,Passenger Car,Turning Left,35,No,2015,SUBARU,FORESTER,39.09188156,-77.15324913,2024,8,16
240036764,Injury Crash,08/04/2024 04:40:00 PM,PEARL ST,NA,Rear To Side,Clear,Dry,Daylight,Traffic Control Signal,NONE DETECTED,No,Possible Minor Injury,NA,Not Distracted,MD,Passenger Car,Moving Constant Speed,25,No,2017,MITSUBISHI,OUTLANDER,38.98409947,-77.09082234,2024,8,16
240036764,Injury Crash,08/04/2024 04:40:00 PM,PEARL ST,NA,Rear To Side,Clear,Dry,Daylight,Traffic Control Signal,NONE DETECTED,Yes,No Apparent Injury,NA,Unknown,MD,Passenger Car,Moving Constant Speed,25,No,2017,LEXUS,CT,38.98409947,-77.09082234,2024,8,16
240036766,Property Damage Crash,08/04/2024 04:32:00 PM,EAST VILLAGE AVE (WB/L),NA,Single Vehicle,Clear,Wet,Daylight,No Controls,NONE DETECTED,No,No Apparent Injury,NA,Unknown,MD,Passenger Car,Moving Constant Speed,30,No,2007,TOYOTA,CAMRY,39.18817766,-77.16765288,2024,8,16
240036751,Injury Crash,08/04/2024 03:00:00 PM,UNIVERSITY BLVD W (WB/L),NA,Angle,Clear,Dry,Daylight,Stop Sign,NONE DETECTED,No,No Apparent Injury,NA,Unknown,MD,Passenger Car,Accelerating,35,No,2020,TOYOTA,COROLLA,39.04165907,-77.05030019,2024,8,15
240036751,Injury Crash,08/04/2024 03:00:00 PM,UNIVERSITY BLVD W (WB/L),NA,Angle,Clear,Dry,Daylight,Stop Sign,NONE DETECTED,No,Possible Minor Injury,NA,Not Distracted,MD,Passenger Car,Moving Constant Speed,35,No,2009,HONDA,CIVIC,39.04165907,-77.05030019,2024,8,15