Local Case Number,ACRS Report Type,Crash Date/Time,Road Name,Related Non-Motorist,Collision Type,Weather,Surface Condition,Light,Traffic Control,Driver Substance Abuse,Driver At Fault,Injury Severity,Circumstance,Driver Distracted By,Drivers License State,Vehicle Body Type,Vehicle Movement,Speed Limit,Driverless Vehicle,Vehicle Year,Vehicle Make,Vehicle Model,Latitude,Longitude,Year,Month,Hour
240036742,Property Damage Crash,08/04/2024 12:42:00 PM,GRANDVIEW AVE,NA,Single Vehicle,Clear,Dry,Daylight,No Controls,NONE DETECTED,Yes,No Apparent Injury,"Improper Backing, Operated Motor Vehicle in Inattentive, Careless, Negligent, or Erratic Manner",Not Distracted,MD,Passenger Car,Slowing or Stopping,25,No,2023,TOYOTA,RAV4,39.0538387,-77.05207498,2024,8,12
240036735,Injury Crash,08/04/2024 12:10:00 PM,NA,NA,Single Vehicle,Cloudy,NA,Daylight,NA,NONE DETECTED,Yes,Possible Minor Injury,"Failed to Keep in Proper Lane, Over-Correcting/Over-Steering",Not Distracted,MD,Sport Utility Vehicle,Accelerating,0,No,2014,CADILLAC,SRX,39.06254752,-77.04760969,2024,8,12
240036723,Property Damage Crash,08/04/2024 09:23:00 AM,PINEY BRANCH RD (SB/L),NA,"Sideswipe, Same Direction",Clear,Dry,Daylight,No Controls,NONE DETECTED,Yes,NA,NA,NA,NA,NA,Changing Lanes,40,No,0,NA,NA,38.9997579,-76.99505883,2024,8,9
240036723,Property Damage Crash,08/04/2024 09:23:00 AM,PINEY BRANCH RD (SB/L),NA,"Sideswipe, Same Direction",Clear,Dry,Daylight,No Controls,NONE DETECTED,No,No Apparent Injury,NA,Not Distracted,MD,Bus - Transit,Moving Constant Speed,40,No,2016,NEW FLYER,TRANSIT BUS,38.9997579,-76.99505883,2024,8,9
240036710,Property Damage Crash,08/04/2024 04:30:00 AM,BLOOMFIELD RD,NA,Single Vehicle,Clear,Dry,Medium,No Controls,NONE DETECTED,No,No Apparent Injury,"Other Improper Action, Ran Off Roadway, Too Fast For Conditions",Unknown,NA,Passenger Car,Turning Left,25,No,2013,HYUNDAI,SONATA,39.16920694,-77.07802265,2024,8,4
240036703,Property Damage Crash,08/04/2024 02:50:00 AM,COLESVILLE RD,NA,Single Vehicle,Clear,Dry,Medium,Traffic Control Signal,NONE DETECTED,No,NA,NA,NA,NA,Passenger Car,NA,35,No,2018,HONDA,ACCORD,39.019638,-77.01303117,2024,8,2
240036701,Property Damage Crash,08/04/2024 01:50:00 AM,RAMP 4 FR IS 270 NB TO MONTROSE RD EB,NA,"Sideswipe, Same Direction",Clear,Dry,Medium,No Controls,NONE DETECTED,No,No Apparent Injury,NA,Not Distracted,MD,Passenger Car,Parked,55,No,2017,FORD,TAURUS,39.05377491,-77.15292295,2024,8,1
240036701,Property Damage Crash,08/04/2024 01:50:00 AM,RAMP 4 FR IS 270 NB TO MONTROSE RD EB,NA,"Sideswipe, Same Direction",Clear,Dry,Medium,No Controls,ALCOHOL PRESENT,Yes,No Apparent Injury,Improper Passing,Not Distracted,XX,Sport Utility Vehicle,Moving Constant Speed,55,No,2001,JEEP,CHEROKEE,39.05377491,-77.15292295,2024,8,1
250034595,Property Damage Crash,08/03/2024 11:04:00 PM,THORNDEN RD,NA,"Sideswipe, Same Direction",Clear,Dry,Medium,No Controls,NONE DETECTED,No,No Apparent Injury,"Failed to Keep in Proper Lane, Operated Motor Vehicle in Inattentive, Careless, Negligent, or Erratic Manner, Operated Motor Vehicle in Reckless or Aggressive Manner, Over-Correcting/Over-Steering",Unknown,NA,Passenger Car,Moving Constant Speed,25,No,2007,FORD,F-250,39.07231218,-77.12328724,2024,8,23
240036676,Property Damage Crash,08/03/2024 08:35:00 PM,RANDOLPH RD (WB/L),NA,Front to Rear,Rain,Wet,Medium,No Controls,NONE DETECTED,No,No Apparent Injury,NA,Not Distracted,MD,Sport Utility Vehicle,Moving Constant Speed,35,No,2007,JEEP,COMPASS,39.05761717,-77.07969083,2024,8,20
240036676,Property Damage Crash,08/03/2024 08:35:00 PM,RANDOLPH RD (WB/L),NA,Front to Rear,Rain,Wet,Medium,Traffic Control Signal,NONE DETECTED,No,No Apparent Injury,NA,Not Distracted,PA,Sport Utility Vehicle,Stopped in Traffic,35,No,2022,CADILLAC,XT6,39.05761717,-77.07969083,2024,8,20
240036668,Property Damage Crash,08/03/2024 08:27:00 PM,NA,NA,Angle,Rain,Wet,Medium,Traffic Control Signal,NONE DETECTED,No,No Apparent Injury,NA,Not Distracted,MD,Passenger Car,Turning Left,30,No,2006,FORD,FIVE HUNDRED,38.9958636,-77.00589671,2024,8,20
240036668,Property Damage Crash,08/03/2024 08:27:00 PM,NA,NA,Angle,Rain,Wet,Medium,Traffic Control Signal,NONE DETECTED,No,No Apparent Injury,NA,Unknown,DC,Passenger Car,Moving Constant Speed,30,No,2022,TOYOTA,COROLLA,38.9958636,-77.00589671,2024,8,20
240036670,Property Damage Crash,08/03/2024 08:00:00 PM,NA,NA,"Sideswipe, Same Direction",Rain,Wet,Daylight,Traffic Control Signal,NONE DETECTED,No,NA,NA,NA,NA,Passenger Car,Accelerating,35,No,2024,TOYOTA,RAV4,39.04705418,-77.0520143,2024,8,20
240036670,Property Damage Crash,08/03/2024 08:00:00 PM,NA,NA,"Sideswipe, Same Direction",Rain,Wet,Daylight,Traffic Control Signal,NONE DETECTED,No,No Apparent Injury,NA,Not Distracted,MD,Passenger Car,Stopped in Traffic,35,No,2023,HYUNDAI,UNKNOWN,39.04705418,-77.0520143,2024,8,20
240036664,Injury Crash,08/03/2024 07:36:00 PM,NA,Pedestrian,Single Vehicle,Rain,NA,Daylight,NA,NONE DETECTED,No,No Apparent Injury,NA,Not Distracted,MD,Sport Utility Vehicle,Turning Left,0,No,2024,MAZDA,CX-90,39.05723327,-77.1229836,2024,8,19
240041911,Property Damage Crash,08/03/2024 07:33:00 PM,NA,NA,"Sideswipe, Same Direction",Rain,Wet,Medium,No Controls,NONE DETECTED,Yes,No Apparent Injury,NA,Unknown,MD,Passenger Car,Making U-Turn,30,No,2015,FORD,FIESTA,39.04806257,-76.98346201,2024,8,19
240041911,Property Damage Crash,08/03/2024 07:33:00 PM,NA,NA,"Sideswipe, Same Direction",Rain,Wet,Medium,No Controls,NONE DETECTED,No,No Apparent Injury,NA,Not Distracted,MD,Passenger Car,Moving Constant Speed,30,No,2019,NISSAN,SENTRA,39.04806257,-76.98346201,2024,8,19
240036658,Property Damage Crash,08/03/2024 06:11:00 PM,GOLDSBORO RD,NA,Single Vehicle,Rain,Wet,Daylight,Traffic Control Signal,NONE DETECTED,No,No Apparent Injury,Too Fast For Conditions,Not Distracted,MD,Pickup,Turning Left,30,No,2013,FORD,F-350,38.96999,-77.13128667,2024,8,18
240036457,Injury Crash,08/03/2024 04:25:00 PM,RANDOLPH RD,NA,Front to Rear,Clear,Dry,Daylight,Traffic Control Signal,NONE DETECTED,No,Possible Minor Injury,NA,Not Distracted,MD,Passenger Car,Stopped in Traffic,40,No,2012,TOYOTA,CAMRY,39.07572743,-77.00263035,2024,8,16
240036457,Injury Crash,08/03/2024 04:25:00 PM,RANDOLPH RD,NA,Front to Rear,Clear,Dry,Daylight,Traffic Control Signal,NONE DETECTED,Yes,No Apparent Injury,Followed Too Closely,Unknown,MD,Pickup,Moving Constant Speed,40,No,2021,FORD,F-150,39.07572743,-77.00263035,2024,8,16
240036632,Injury Crash,08/03/2024 04:24:00 PM,NA,NA,Front to Rear,Cloudy,NA,Daylight,Traffic Control Signal,NONE DETECTED,No,No Apparent Injury,NA,Not Distracted,MD,Passenger Car,Stopped in Traffic,45,No,2010,HONDA,ACCORD,39.1926091,-77.24287794,2024,8,16
240036632,Injury Crash,08/03/2024 04:24:00 PM,NA,NA,Front to Rear,Cloudy,NA,Daylight,Traffic Control Signal,NONE DETECTED,No,No Apparent Injury,NA,Not Distracted,MD,Passenger Car,Stopped in Traffic,45,No,2017,INFINITI,QX60,39.1926091,-77.24287794,2024,8,16
240036632,Injury Crash,08/03/2024 04:24:00 PM,NA,NA,Front to Rear,Cloudy,NA,Daylight,Traffic Control Signal,NONE DETECTED,Yes,No Apparent Injury,NA,Unknown,MD,Passenger Car,Moving Constant Speed,45,No,1999,TOYOTA,RAV4,39.1926091,-77.24287794,2024,8,16
240036631,Property Damage Crash,08/03/2024 03:46:00 PM,RUSSELL AVE (SB/L),NA,Front to Rear,Clear,Dry,Daylight,Traffic Control Signal,NONE DETECTED,Yes,No Apparent Injury,Followed Too Closely,Not Distracted,MD,Passenger Car,Moving Constant Speed,35,No,2005,HONDA,ACCORD CROSSTOUR,39.15442724,-77.2096194,2024,8,15
240036631,Property Damage Crash,08/03/2024 03:46:00 PM,RUSSELL AVE (SB/L),NA,Front to Rear,Clear,Dry,Daylight,Traffic Control Signal,NONE DETECTED,No,No Apparent Injury,NA,Not Distracted,NA,Passenger Car,NA,35,No,2010,TOYOTA,PRIUS,39.15442724,-77.2096194,2024,8,15
240036631,Property Damage Crash,08/03/2024 03:46:00 PM,RUSSELL AVE (SB/L),NA,Front to Rear,Clear,Dry,Daylight,Traffic Control Signal,NONE DETECTED,No,No Apparent Injury,NA,Not Distracted,MD,Passenger Car,Moving Constant Speed,35,No,2015,FORD,MUSTANG,39.15442724,-77.2096194,2024,8,15
240036631,Property Damage Crash,08/03/2024 03:46:00 PM,RUSSELL AVE (SB/L),NA,Front to Rear,Clear,Dry,Daylight,Traffic Control Signal,NONE DETECTED,No,No Apparent Injury,NA,Not Distracted,MD,Passenger Car,Slowing or Stopping,35,No,2012,MAZDA,MAZDA3,39.15442724,-77.2096194,2024,8,15
240048722,Injury Crash,08/03/2024 03:37:00 PM,CONNECTICUT AVE (SB/L),NA,Single Vehicle,Clear,Dry,Daylight,Yield Sign,NONE DETECTED,No,Possible Minor Injury,"Swerved or Avoided Due to Wind, Slippery Surface, Motor Vehicle, Object, Non-Motorist in Roadway, etc",Not Distracted,MD,Passenger Car,Entering Traffic Lane,40,No,2021,TOYOTA,COROLLA,39.04993501,-77.07532487,2024,8,15
240036626,Property Damage Crash,08/03/2024 03:35:00 PM,GRAND PRE RD,NA,Angle,Clear,Dry,Daylight,Stop Sign,NONE DETECTED,No,No Apparent Injury,NA,Not Distracted,MD,Passenger Car,Entering Traffic Lane,25,No,2015,TOYOTA,CAMRY,39.09130583,-77.0763475,2024,8,15
240036626,Property Damage Crash,08/03/2024 03:35:00 PM,GRAND PRE RD,NA,Angle,Clear,Dry,Daylight,No Controls,NONE DETECTED,No,No Apparent Injury,NA,Not Distracted,MD,Sport Utility Vehicle,Moving Constant Speed,25,No,2020,TOYOTA,RAV4,39.09130583,-77.0763475,2024,8,15
240036603,Property Damage Crash,08/03/2024 01:46:00 PM,COLUMBIA PIKE,NA,Front to Rear,Clear,Dry,Daylight,No Controls,NONE DETECTED,No,No Apparent Injury,NA,Not Distracted,MD,Passenger Car,Moving Constant Speed,40,No,2015,INFINITI,Q50,39.03881449,-76.99823166,2024,8,13
240036603,Property Damage Crash,08/03/2024 01:46:00 PM,COLUMBIA PIKE,NA,Front to Rear,Clear,Dry,Daylight,No Controls,NONE DETECTED,No,No Apparent Injury,NA,Not Distracted,MD,Passenger Car,Moving Constant Speed,40,No,2017,HONDA,ACCORD,39.03881449,-76.99823166,2024,8,13
240036604,Property Damage Crash,08/03/2024 01:35:00 PM,CHAPMAN AVE,NA,Front to Rear,Clear,Dry,Daylight,No Controls,NONE DETECTED,Yes,No Apparent Injury,NA,Not Distracted,MD,Passenger Car,Slowing or Stopping,25,No,2011,FORD,FUSION,39.06021243,-77.12062271,2024,8,13
240036604,Property Damage Crash,08/03/2024 01:35:00 PM,CHAPMAN AVE,NA,Front to Rear,Clear,Dry,Daylight,No Controls,NONE DETECTED,No,No Apparent Injury,NA,Not Distracted,MD,Passenger Car,Stopped in Traffic,25,No,2015,TOYOTA,PRIUS,39.06021243,-77.12062271,2024,8,13
240036599,Injury Crash,08/03/2024 01:26:00 PM,PINEY BRANCH RD,NA,Other,Clear,Dry,Daylight,No Controls,NONE DETECTED,No,Possible Minor Injury,NA,Not Distracted,MD,Sport Utility Vehicle,Moving Constant Speed,35,No,2023,HONDA,CR-V,39.00124426,-76.98579201,2024,8,13
240036599,Injury Crash,08/03/2024 01:26:00 PM,PINEY BRANCH RD,NA,Other,Clear,Dry,Daylight,Stop Sign,NONE DETECTED,Yes,Possible Minor Injury,Failed to Yield Right-of-Way,Not Distracted,MD,Sport Utility Vehicle,Turning Left,35,No,2021,HYUNDAI,VENUE,39.00124426,-76.98579201,2024,8,13
240036599,Injury Crash,08/03/2024 01:26:00 PM,PINEY BRANCH RD,NA,Other,Clear,Dry,Daylight,No Controls,NONE DETECTED,No,No Apparent Injury,NA,Not Distracted,DC,Passenger Car,Moving Constant Speed,35,No,2014,ACURA,RLX,39.00124426,-76.98579201,2024,8,13
240036598,Injury Crash,08/03/2024 01:24:00 PM,LOST KNIFE RD (NB/L),NA,"Sideswipe, Same Direction",Clear,Dry,Daylight,Traffic Control Signal,NONE DETECTED,Yes,No Apparent Injury,Failed to Keep in Proper Lane,Unknown,MD,Sport Utility Vehicle,Turning Right,35,No,2020,TOYOTA,RAV4,39.15507198,-77.20113326,2024,8,13
240036598,Injury Crash,08/03/2024 01:24:00 PM,LOST KNIFE RD (NB/L),NA,"Sideswipe, Same Direction",Clear,Dry,Daylight,Traffic Control Signal,NONE DETECTED,No,No Apparent Injury,NA,Not Distracted,MD,Passenger Car,Moving Constant Speed,35,No,2014,HYUNDAI,ELANTRA,39.15507198,-77.20113326,2024,8,13
240036595,Injury Crash,08/03/2024 01:07:00 PM,FREDERICK RD (SB/L),NA,Angle,Clear,Dry,Daylight,Traffic Control Signal,NONE DETECTED,No,No Apparent Injury,NA,Not Distracted,MD,Passenger Car,Stopped in Traffic,30,No,2003,TOYOTA,COROLLA,39.19823117,-77.24501383,2024,8,13
240036595,Injury Crash,08/03/2024 01:07:00 PM,FREDERICK RD (SB/L),NA,Angle,Clear,Dry,Daylight,Traffic Control Signal,NONE DETECTED,Yes,Possible Minor Injury,Failed to Yield Right-of-Way,Unknown,MD,Passenger Car,Turning Left,45,No,2007,TOYOTA,COROLLA,39.19823117,-77.24501383,2024,8,13
240036595,Injury Crash,08/03/2024 01:07:00 PM,FREDERICK RD (SB/L),NA,Angle,Clear,Dry,Daylight,Traffic Control Signal,NONE DETECTED,No,Possible Minor Injury,Too Fast For Conditions,Unknown,MD,Passenger Car,Moving Constant Speed,45,No,2022,TOYOTA,COROLLA,39.19823117,-77.24501383,2024,8,13
240036644,Property Damage Crash,08/03/2024 01:00:00 PM,NA,NA,Front to Front,Clear,NA,Daylight,NA,NONE DETECTED,No,NA,NA,NA,NA,Passenger Car,NA,0,No,2015,TOYOTA,UNKNOWN,39.05710386,-77.12324058,2024,8,13
240036644,Property Damage Crash,08/03/2024 01:00:00 PM,NA,NA,Front to Front,Clear,NA,Daylight,NA,NONE DETECTED,No,No Apparent Injury,NA,Not Distracted,MD,Passenger Car,Stopped in Traffic,0,No,2009,HONDA,CIVIC,39.05710386,-77.12324058,2024,8,13
240036593,Injury Crash,08/03/2024 12:51:00 PM,NA,NA,Single Vehicle,Clear,Dry,Daylight,No Controls,NONE DETECTED,Yes,Suspected Serious Injury,NA,Unknown,MD,Passenger Car,Moving Constant Speed,25,No,2016,TOYOTA,CAMRY,39.10890794,-77.06645657,2024,8,12
240036587,Injury Crash,08/03/2024 12:51:00 PM,NEW HAMPSHIRE AVE,Pedestrian,Single Vehicle,Clear,Dry,Daylight,No Controls,NONE DETECTED,No,No Apparent Injury,NA,Not Distracted,MD,Sport Utility Vehicle,Slowing or Stopping,35,No,2019,FORD,EXPLORER,39.07454339,-77.00220428,2024,8,12
240036577,Property Damage Crash,08/03/2024 12:00:00 PM,MACARTHUR BLVD,Cyclist (non-electric),Single Vehicle,Clear,Dry,Daylight,Stop Sign,NONE DETECTED,Yes,No Apparent Injury,NA,Not Distracted,MD,Passenger Car,Turning Left,25,No,2015,HONDA,FIT,38.96973175,-77.14141059,2024,8,12
240036584,Injury Crash,08/03/2024 12:00:00 PM,CAPITAL BELTWAY,NA,Single Vehicle,Clear,Dry,Daylight,No Controls,NONE DETECTED,Yes,Possible Minor Injury,Ran Off Roadway,Unknown,OH,Passenger Car,Moving Constant Speed,55,No,2006,MAZDA,MAZDA3,38.98745048,-77.15687461,2024,8,12
240036581,Property Damage Crash,08/03/2024 11:30:00 AM,CRABB AVE,NA,Angle,Clear,Dry,Daylight,Stop Sign,NONE DETECTED,Yes,No Apparent Injury,NA,Not Distracted,MD,Passenger Car,Turning Left,25,No,2018,RAM,PROMASTER 2500,39.08885896,-77.14051564,2024,8,11
240036581,Property Damage Crash,08/03/2024 11:30:00 AM,CRABB AVE,NA,Angle,Clear,Dry,Daylight,No Controls,NONE DETECTED,No,No Apparent Injury,NA,Not Distracted,MD,Passenger Car,Moving Constant Speed,25,No,2018,HYUNDAI,SANTA FE,39.08885896,-77.14051564,2024,8,11
240036572,Injury Crash,08/03/2024 11:27:00 AM,GEORGIA AVE (SB/L),NA,Front to Rear,Clear,Dry,Daylight,No Controls,NONE DETECTED,Yes,No Apparent Injury,Followed Too Closely,Not Distracted,MD,Passenger Car,Moving Constant Speed,35,No,2015,VOLKSWAGEN,PASSAT,39.08789118,-77.07964401,2024,8,11
240036572,Injury Crash,08/03/2024 11:27:00 AM,GEORGIA AVE (SB/L),NA,Front to Rear,Clear,Dry,Daylight,No Controls,NONE DETECTED,No,Possible Minor Injury,NA,Not Distracted,MD,Van - Passenger (&lt;9 Seats),Accelerating,35,No,2023,MERCEDES-BENZ,SPRINTER,39.08789118,-77.07964401,2024,8,11
240036571,Property Damage Crash,08/03/2024 10:32:00 AM,MIDCOUNTY HWY,NA,Front to Rear,Clear,Dry,Daylight,No Controls,NONE DETECTED,No,No Apparent Injury,NA,Not Distracted,MD,Passenger Car,Moving Constant Speed,40,No,2018,FORD,ESCAPE,39.15720017,-77.18711833,2024,8,10
240036571,Property Damage Crash,08/03/2024 10:32:00 AM,MIDCOUNTY HWY,NA,Front to Rear,Clear,Dry,Daylight,No Controls,NONE DETECTED,No,NA,NA,NA,NA,NA,NA,40,No,0,NA,NA,39.15720017,-77.18711833,2024,8,10
240036569,Property Damage Crash,08/03/2024 10:00:00 AM,LOCKWOOD DR,NA,Front to Front,Clear,Dry,Daylight,No Controls,NONE DETECTED,Yes,No Apparent Injury,NA,Not Distracted,MD,Passenger Car,Moving Constant Speed,25,No,2016,TOYOTA,RAV4,39.03836017,-76.9934265,2024,8,10
240036561,Injury Crash,08/03/2024 09:01:00 AM,MAIN ST,Cyclist (non-electric),Single Vehicle,Clear,Dry,Daylight,No Controls,NONE DETECTED,Yes,No Apparent Injury,"Failed to Keep in Proper Lane, Failed to Yield Right-of-Way, Improper Passing",Not Distracted,MD,Passenger Car,Moving Constant Speed,30,No,2014,MAZDA,CX-3,39.28710118,-77.19972721,2024,8,9
240036552,Property Damage Crash,08/03/2024 07:15:00 AM,DEL RAY AVE,NA,"Sideswipe, Same Direction",Clear,Dry,Daylight,No Controls,NONE DETECTED,Yes,No Apparent Injury,NA,Unknown,MD,Passenger Car,Entering Traffic Lane,25,No,2016,HONDA,CIVIC,38.99072,-77.098225,2024,8,7
240036552,Property Damage Crash,08/03/2024 07:15:00 AM,DEL RAY AVE,NA,"Sideswipe, Same Direction",Clear,Dry,Daylight,No Controls,NONE DETECTED,No,No Apparent Injury,NA,Not Distracted,MD,Other,Moving Constant Speed,25,No,2021,RAM,5500,38.99072,-77.098225,2024,8,7
240036541,Injury Crash,08/03/2024 04:50:00 AM,UNIVERSITY BLVD W,NA,Front to Rear,Clear,Dry,Medium,Traffic Control Signal,NONE DETECTED,Yes,No Apparent Injury,NA,Unknown,MD,Passenger Car,Moving Constant Speed,35,No,2017,TOYOTA,CAMRY,39.01984104,-77.01332564,2024,8,4
240036541,Injury Crash,08/03/2024 04:50:00 AM,UNIVERSITY BLVD W,NA,Front to Rear,Clear,Dry,Medium,Traffic Control Signal,NONE DETECTED,No,Possible Minor Injury,NA,Not Distracted,DC,Sport Utility Vehicle,Stopped in Traffic,35,No,2023,TOYOTA,HIGHLANDER,39.01984104,-77.01332564,2024,8,4
240036540,Injury Crash,08/03/2024 03:47:00 AM,FREDERICK RD,NA,Front to Rear,Clear,Dry,Medium,No Controls,ALCOHOL PRESENT,Yes,No Apparent Injury,"Operated Motor Vehicle in Inattentive, Careless, Negligent, or Erratic Manner, Operated Motor Vehicle in Reckless or Aggressive Manner, Other Improper Action, Too Fast For Conditions",Unknown,MD,Passenger Car,NA,40,No,2011,DODGE,CHARGER,39.16229,-77.22455333,2024,8,3
240036540,Injury Crash,08/03/2024 03:47:00 AM,FREDERICK RD,NA,Front to Rear,Clear,Dry,Medium,No Controls,NONE DETECTED,No,Possible Minor Injury,NA,Not Distracted,MD,Passenger Car,Parked,40,No,2016,NISSAN,MAXIMA,39.16229,-77.22455333,2024,8,3
240036539,Property Damage Crash,08/03/2024 03:16:00 AM,COLUMBIA PIKE (SB/L),NA,Front to Rear,Clear,Dry,Medium,Traffic Control Signal,ALCOHOL PRESENT,Yes,No Apparent Injury,"Operated Motor Vehicle in Inattentive, Careless, Negligent, or Erratic Manner",Unknown,MD,Passenger Car,Slowing or Stopping,40,No,2020,CHEVROLET,MALIBU,39.05804805,-76.96851207,2024,8,3
240036539,Property Damage Crash,08/03/2024 03:16:00 AM,COLUMBIA PIKE (SB/L),NA,Front to Rear,Clear,Dry,Medium,Traffic Control Signal,NONE DETECTED,No,No Apparent Injury,NA,Not Distracted,MD,Sport Utility Vehicle,Stopped in Traffic,40,No,2020,HONDA,PILOT,39.05804805,-76.96851207,2024,8,3
240036535,Property Damage Crash,08/03/2024 03:10:00 AM,NA,NA,Single Vehicle,Clear,Dry,Medium,Yield Sign,ALCOHOL PRESENT,Yes,No Apparent Injury,"Operated Motor Vehicle in Inattentive, Careless, Negligent, or Erratic Manner, Too Fast For Conditions",Not Distracted,MD,Passenger Car,Turning Right,45,No,2017,TOYOTA,COROLLA,39.1508705,-77.17409133,2024,8,3
240036524,Property Damage Crash,08/03/2024 12:51:00 AM,GARNER ST,NA,Front to Rear,Clear,Dry,Medium,No Controls,NONE DETECTED,No,No Apparent Injury,NA,Unknown,NA,Passenger Car,Accelerating,25,No,2013,HONDA,ACCORD,39.05109346,-77.05587993,2024,8,0
240036515,Injury Crash,08/02/2024 11:25:00 PM,GEORGIA AVE,NA,Front to Rear,Clear,Dry,Medium,Traffic Control Signal,NONE DETECTED,No,Possible Minor Injury,"Followed Too Closely, Operated Motor Vehicle in Inattentive, Careless, Negligent, or Erratic Manner, Too Fast For Conditions",Not Distracted,MD,Passenger Car,Slowing or Stopping,35,No,2013,VOLKSWAGEN,JETTA,39.04631551,-77.05200662,2024,8,23
240036515,Injury Crash,08/02/2024 11:25:00 PM,GEORGIA AVE,NA,Front to Rear,Clear,Dry,Medium,Traffic Control Signal,NONE DETECTED,No,Possible Minor Injury,NA,Not Distracted,MD,Passenger Car,Stopped in Traffic,35,No,2024,TOYOTA,RAV4,39.04631551,-77.05200662,2024,8,23
240036513,Property Damage Crash,08/02/2024 10:30:00 PM,NA,NA,Single Vehicle,Rain,Wet,Medium,No Controls,NONE DETECTED,Yes,No Apparent Injury,Too Fast For Conditions,Unknown,MD,Sport Utility Vehicle,Moving Constant Speed,30,No,2023,BMW,X7,39.0304089,-77.20159534,2024,8,22
240036510,Property Damage Crash,08/02/2024 10:12:00 PM,CONNECTICUT AVE (SB/L),NA,Angle,Clear,Dry,Medium,Traffic Control Signal,NONE DETECTED,No,No Apparent Injury,"Failed to Yield Right-of-Way, Improper Turn",Not Distracted,MD,Van - Passenger (&lt;9 Seats),Turning Left,35,No,2014,HONDA,ODYSSEY,39.007915,-77.08025833,2024,8,22
240036510,Property Damage Crash,08/02/2024 10:12:00 PM,CONNECTICUT AVE (SB/L),NA,Angle,Clear,Dry,Medium,Traffic Control Signal,NONE DETECTED,No,No Apparent Injury,NA,Not Distracted,MD,Passenger Car,Moving Constant Speed,35,No,2013,TOYOTA,SCION TC,39.007915,-77.08025833,2024,8,22
240036503,Property Damage Crash,08/02/2024 07:37:00 PM,CLOVER PATCH DR,NA,Angle,Cloudy,Dry,Daylight,Traffic Control Signal,NONE DETECTED,No,No Apparent Injury,NA,Not Distracted,MD,Sport Utility Vehicle,Turning Right,40,No,2020,NISSAN,ROGUE,39.0525432,-76.95316549,2024,8,19
240036503,Property Damage Crash,08/02/2024 07:37:00 PM,CLOVER PATCH DR,NA,Angle,Cloudy,Dry,Daylight,Traffic Control Signal,NONE DETECTED,Yes,No Apparent Injury,NA,Not Distracted,MD,Sport Utility Vehicle,Turning Right,40,No,2017,KIA,SPORTAGE,39.0525432,-76.95316549,2024,8,19
240036491,Property Damage Crash,08/02/2024 07:00:00 PM,VEIRS MILL RD (WB/L),NA,Other,Clear,Dry,Daylight,Traffic Control Signal,NONE DETECTED,Yes,No Apparent Injury,NA,Not Distracted,MD,Passenger Car,Turning Left,30,No,2020,TOYOTA,COROLLA,39.07502332,-77.11576715,2024,8,19
240036491,Property Damage Crash,08/02/2024 07:00:00 PM,VEIRS MILL RD (WB/L),NA,Other,Clear,Dry,Daylight,Traffic Control Signal,NONE DETECTED,No,No Apparent Injury,NA,Not Distracted,MD,Passenger Car,Moving Constant Speed,30,No,2007,VOLKSWAGEN,GOLF,39.07502332,-77.11576715,2024,8,19
240036477,Property Damage Crash,08/02/2024 05:37:00 PM,WASHINGTON GROVE LA,NA,Other,Clear,Dry,Daylight,Traffic Control Signal,NONE DETECTED,Yes,No Apparent Injury,Failed to Yield Right-of-Way,Unknown,MD,Sport Utility Vehicle,Turning Left,30,No,2018,FORD,EXPLORER,39.14739939,-77.16928515,2024,8,17
240036477,Property Damage Crash,08/02/2024 05:37:00 PM,WASHINGTON GROVE LA,NA,Other,Clear,Dry,Daylight,Traffic Control Signal,NONE DETECTED,No,No Apparent Injury,NA,Not Distracted,MD,Passenger Car,Moving Constant Speed,30,No,2018,CHEVROLET,MALIBU,39.14739939,-77.16928515,2024,8,17