Local Case Number,ACRS Report Type,Crash Date/Time,Road Name,Related Non-Motorist,Collision Type,Weather,Surface Condition,Light,Traffic Control,Driver Substance Abuse,Driver At Fault,Injury Severity,Circumstance,Driver Distracted By,Drivers License State,Vehicle Body Type,Vehicle Movement,Speed Limit,Driverless Vehicle,Vehicle Year,Vehicle Make,Vehicle Model,Latitude,Longitude,Year,Month,Hour
240036482,Property Damage Crash,08/02/2024 05:30:00 PM,NA,NA,Other,Clear,NA,Daylight,NA,NONE DETECTED,No,NA,NA,NA,NA,Passenger Car,Turning Left,0,No,2016,BMW,428I,39.15983333,-77.22034183,2024,8,17
240036475,Injury Crash,08/02/2024 05:30:00 PM,NA,Wheelchair (electric),Single Vehicle,Clear,NA,Daylight,NA,NONE DETECTED,Yes,No Apparent Injury,NA,Not Distracted,MD,Sport Utility Vehicle,Moving Constant Speed,0,No,2024,HYUNDAI,TUCSON,39.15485431,-77.04042973,2024,8,17
240036462,Injury Crash,08/02/2024 04:38:00 PM,FIELDCREST RD,NA,Front to Front,Clear,Dry,Daylight,Traffic Control Signal,NONE DETECTED,No,No Apparent Injury,NA,Not Distracted,TX,Passenger Car,Moving Constant Speed,40,No,2019,FORD,FIESTA,39.18930271,-77.120565,2024,8,16
240036462,Injury Crash,08/02/2024 04:38:00 PM,FIELDCREST RD,NA,Front to Front,Clear,Dry,Daylight,Traffic Control Signal,NONE DETECTED,No,No Apparent Injury,Failed to Yield Right-of-Way,Not Distracted,MD,Passenger Car,Turning Left,40,No,2025,TOYOTA,CAMRY,39.18930271,-77.120565,2024,8,16
240036464,Property Damage Crash,08/02/2024 04:35:00 PM,COLUMBIA PIKE,NA,Front to Rear,Clear,Dry,Daylight,No Controls,NONE DETECTED,Yes,No Apparent Injury,NA,NA,MD,Passenger Car,Moving Constant Speed,50,No,2012,HYUNDAI,ELANTRA,39.07342346,-76.95550974,2024,8,16
240036464,Property Damage Crash,08/02/2024 04:35:00 PM,COLUMBIA PIKE,NA,Front to Rear,Clear,Dry,Daylight,No Controls,NONE DETECTED,No,No Apparent Injury,NA,Not Distracted,MD,Sport Utility Vehicle,Slowing or Stopping,50,No,2016,HONDA,PILOT,39.07342346,-76.95550974,2024,8,16
240036460,Injury Crash,08/02/2024 03:52:00 PM,GEORGIA AVE,NA,Angle,Clear,Dry,Daylight,No Controls,NONE DETECTED,Yes,No Apparent Injury,Failed to Yield Right-of-Way,Not Distracted,NA,Passenger Car,Turning Left,30,No,2011,JEEP,COMPASS,39.00728405,-77.03948366,2024,8,15
240036460,Injury Crash,08/02/2024 03:52:00 PM,GEORGIA AVE,NA,Angle,Clear,Dry,Daylight,No Controls,NONE DETECTED,No,No Apparent Injury,NA,Not Distracted,MD,Passenger Car,Moving Constant Speed,30,No,2014,BMW,M235I,39.00728405,-77.03948366,2024,8,15
240036455,Property Damage Crash,08/02/2024 03:49:00 PM,SNOUFFERS SCHOOL RD (NB/L),NA,Front to Rear,Clear,Dry,Daylight,Yield Sign,NONE DETECTED,No,No Apparent Injury,NA,Not Distracted,MD,Sport Utility Vehicle,Slowing or Stopping,35,No,2017,LEXUS,GX,39.15967082,-77.16124112,2024,8,15
240036455,Property Damage Crash,08/02/2024 03:49:00 PM,SNOUFFERS SCHOOL RD (NB/L),NA,Front to Rear,Clear,Dry,Daylight,Yield Sign,NONE DETECTED,Yes,NA,NA,NA,NA,Sport Utility Vehicle,Moving Constant Speed,35,No,2001,TOYOTA,RAV4,39.15967082,-77.16124112,2024,8,15
240036449,Injury Crash,08/02/2024 03:35:00 PM,AVONDALE ST,NA,Angle,Clear,Dry,Daylight,No Controls,NONE DETECTED,No,No Apparent Injury,NA,Not Distracted,MD,Passenger Car,Moving Constant Speed,35,No,2007,VOLVO,S60,38.98600207,-77.09446102,2024,8,15
240036449,Injury Crash,08/02/2024 03:35:00 PM,AVONDALE ST,NA,Angle,Clear,Dry,Daylight,Pedestrian Crossing Sign,NONE DETECTED,No,Possible Minor Injury,Failed to Yield Right-of-Way,Not Distracted,MD,Sport Utility Vehicle,Moving Constant Speed,35,No,2022,HYUNDAI,VENUE,38.98600207,-77.09446102,2024,8,15
240036154,Property Damage Crash,08/02/2024 03:34:00 PM,NA,NA,Angle,Clear,Dry,Daylight,Stop Sign,NONE DETECTED,Yes,No Apparent Injury,Failed to Yield Right-of-Way,Unknown,MD,Passenger Car,Accelerating,25,No,2017,NISSAN,MAXIMA,39.1921677,-77.26544846,2024,8,15
240036154,Property Damage Crash,08/02/2024 03:34:00 PM,NA,NA,Angle,Clear,Dry,Daylight,No Controls,NONE DETECTED,No,No Apparent Injury,NA,Unknown,NA,Passenger Car,NA,35,No,2005,CHEVROLET,CAVALIER,39.1921677,-77.26544846,2024,8,15
240036434,Injury Crash,08/02/2024 01:54:00 PM,BELLISON RD,NA,Single Vehicle,Cloudy,Dry,Daylight,No Controls,ALCOHOL PRESENT,Yes,Possible Minor Injury,"Failed to Keep in Proper Lane, Operated Motor Vehicle in Inattentive, Careless, Negligent, or Erratic Manner, Operated Motor Vehicle in Reckless or Aggressive Manner, Other Improper Action, Ran Off Roadway","Manually Operating (dialing, playing game, etc.)",MD,Passenger Car,Moving Constant Speed,40,No,2008,NISSAN,SENTRA,39.30705263,-77.19764993,2024,8,13
240036432,Property Damage Crash,08/02/2024 01:30:00 PM,E RANDOLPH RD (WB/L),NA,"Sideswipe, Same Direction",Clear,Dry,Daylight,No Controls,NONE DETECTED,No,No Apparent Injury,NA,Not Distracted,MD,Passenger Car,Stopped in Traffic,30,No,2020,SUBARU,LEGACY,39.06523568,-76.97828517,2024,8,13
240036432,Property Damage Crash,08/02/2024 01:30:00 PM,E RANDOLPH RD (WB/L),NA,"Sideswipe, Same Direction",Clear,Dry,Daylight,No Controls,NONE DETECTED,No,NA,NA,NA,NA,NA,Overtaking/Passing,30,No,0,NA,NA,39.06523568,-76.97828517,2024,8,13
240036417,Injury Crash,08/02/2024 01:22:00 PM,NA,Pedestrian,Single Vehicle,Clear,Dry,Daylight,Traffic Control Signal,NONE DETECTED,No,No Apparent Injury,NA,Unknown,MD,Passenger Car,Accelerating,30,No,2021,TOYOTA,RAV4,38.9983434,-77.00244513,2024,8,13
240036424,Property Damage Crash,08/02/2024 12:57:00 PM,NA,NA,Front to Front,Cloudy,NA,Daylight,NA,NONE DETECTED,Yes,No Apparent Injury,NA,Not Distracted,MD,Pickup,Accelerating,0,No,2014,FORD,F-150,39.07964647,-77.07940797,2024,8,12
240036445,Property Damage Crash,08/02/2024 12:30:00 PM,NA,NA,Other,Clear,NA,Daylight,NA,NONE DETECTED,No,NA,NA,NA,NA,Van - Passenger (&lt;9 Seats),Backing,0,No,2014,CHRYSLER,TOWN AND COUNTRY,39.11914,-77.25470267,2024,8,12
240036410,Property Damage Crash,08/02/2024 12:08:00 PM,INDEPENDENCE ST,NA,Angle,Cloudy,Dry,Daylight,Traffic Control Signal,NONE DETECTED,No,No Apparent Injury,NA,Unknown,MD,Passenger Car,Moving Constant Speed,35,No,2007,HYUNDAI,ELANTRA,39.07632593,-77.08055126,2024,8,12
240036410,Property Damage Crash,08/02/2024 12:08:00 PM,INDEPENDENCE ST,NA,Angle,Cloudy,Dry,Daylight,Traffic Control Signal,NONE DETECTED,No,No Apparent Injury,NA,Not Distracted,MD,Passenger Car,Moving Constant Speed,35,No,2004,LEXUS,RX,39.07632593,-77.08055126,2024,8,12
240036408,Property Damage Crash,08/02/2024 11:26:00 AM,NA,NA,"Sideswipe, Same Direction",Clear,NA,Daylight,NA,NONE DETECTED,Yes,No Apparent Injury,NA,Unknown,MD,Passenger Car,Turning Left,0,No,2005,TOYOTA,COROLLA,38.99871677,-77.00027062,2024,8,11
240036400,Property Damage Crash,08/02/2024 10:11:00 AM,FREDERICK RD (SB/L),NA,"Sideswipe, Same Direction",Clear,Dry,Daylight,No Controls,NONE DETECTED,No,No Apparent Injury,NA,Not Distracted,MD,Passenger Car,Turning Right,35,No,2013,TOYOTA,SIENNA,39.15906079,-77.21912475,2024,8,10
240036398,Injury Crash,08/02/2024 10:11:00 AM,MACARTHUR BLVD,Cyclist (non-electric),Single Vehicle,Clear,Other,Daylight,Yield Sign,NONE DETECTED,Yes,No Apparent Injury,Failed to Yield Right-of-Way,Not Distracted,MD,Passenger Car,Turning Left,30,No,2017,HONDA,FIT,38.96859387,-77.13859468,2024,8,10
240036400,Property Damage Crash,08/02/2024 10:11:00 AM,FREDERICK RD (SB/L),NA,"Sideswipe, Same Direction",Clear,Dry,Daylight,No Controls,NONE DETECTED,Yes,No Apparent Injury,Failed to Yield Right-of-Way,Not Distracted,MD,Passenger Car,Turning Left,35,No,2016,TOYOTA,COROLLA,39.15906079,-77.21912475,2024,8,10
24001567,Property Damage Crash,08/02/2024 09:58:00 AM,MILL RUN DR,NA,Front to Rear,Clear,Dry,Daylight,Traffic Control Signal,NONE DETECTED,No,No Apparent Injury,NA,Not Distracted,MD,Passenger Car,Stopped in Traffic,45,No,2001,LEXUS,UNKNOWN,39.14513862,-77.14986023,2024,8,9
24001567,Property Damage Crash,08/02/2024 09:58:00 AM,MILL RUN DR,NA,Front to Rear,Clear,Dry,Daylight,Traffic Control Signal,NONE DETECTED,No,No Apparent Injury,NA,Not Distracted,MD,Van - Cargo,Backing,45,No,2008,FORD,UNKNOWN,39.14513862,-77.14986023,2024,8,9
240036402,Property Damage Crash,08/02/2024 09:32:00 AM,NEW HAMPSHIRE AVE,NA,Angle,Clear,Dry,Daylight,Stop Sign,NONE DETECTED,No,No Apparent Injury,"Failed to Yield Right-of-Way, Improper Turn, Ran Stop Sign",Not Distracted,MD,Van - Passenger (&lt;9 Seats),Turning Left,15,No,2023,CHEVROLET,EXPRESS,39.17905688,-77.0269287,2024,8,9
240036402,Property Damage Crash,08/02/2024 09:32:00 AM,NEW HAMPSHIRE AVE,NA,Angle,Clear,Dry,Daylight,No Controls,NONE DETECTED,No,No Apparent Injury,NA,Not Distracted,MD,Other Trucks,Moving Constant Speed,40,No,2016,INTERNATIONAL,4300,39.17905688,-77.0269287,2024,8,9
240036391,Injury Crash,08/02/2024 09:08:00 AM,NA,NA,Front to Rear,Clear,Dry,Daylight,Stop Sign,NONE DETECTED,No,No Apparent Injury,NA,Not Distracted,MD,Sport Utility Vehicle,Slowing or Stopping,30,No,2021,FORD,EDGE,39.27825367,-77.20382233,2024,8,9
240036391,Injury Crash,08/02/2024 09:08:00 AM,NA,NA,Front to Rear,Clear,Dry,Daylight,Stop Sign,NONE DETECTED,Yes,Possible Minor Injury,Followed Too Closely,Not Distracted,MD,Passenger Car,Slowing or Stopping,30,No,2024,HONDA,CIVIC,39.27825367,-77.20382233,2024,8,9
240036384,Property Damage Crash,08/02/2024 08:43:00 AM,WISTERIA DR,NA,Front to Front,Clear,Dry,Daylight,Traffic Control Signal,NONE DETECTED,No,No Apparent Injury,NA,Not Distracted,MD,Passenger Car,Stopped in Traffic,30,No,2021,FORD,ECOSPORT,39.18131505,-77.27613933,2024,8,8
240036384,Property Damage Crash,08/02/2024 08:43:00 AM,WISTERIA DR,NA,Front to Front,Clear,Dry,Daylight,Traffic Control Signal,NONE DETECTED,No,No Apparent Injury,"Swerved or Avoided Due to Wind, Slippery Surface, Motor Vehicle, Object, Non-Motorist in Roadway, etc",Not Distracted,MD,Passenger Car,Moving Constant Speed,35,No,2021,DODGE,DURANGO,39.18131505,-77.27613933,2024,8,8
240036384,Property Damage Crash,08/02/2024 08:43:00 AM,WISTERIA DR,NA,Front to Front,Clear,Dry,Daylight,Traffic Control Signal,NONE DETECTED,Yes,No Apparent Injury,Improper Turn,Unknown,MD,Passenger Car,Turning Left,35,No,2005,FORD,EXPLORER,39.18131505,-77.27613933,2024,8,8
240036380,Property Damage Crash,08/02/2024 08:28:00 AM,GEORGIA AVE,NA,Front to Rear,Clear,Dry,Daylight,No Controls,NONE DETECTED,No,No Apparent Injury,NA,Not Distracted,MD,Passenger Car,Stopped in Traffic,35,No,2020,HONDA,FIT,39.03576271,-77.04963773,2024,8,8
240036380,Property Damage Crash,08/02/2024 08:28:00 AM,GEORGIA AVE,NA,Front to Rear,Clear,Dry,Daylight,Traffic Control Signal,NONE DETECTED,No,No Apparent Injury,NA,Not Distracted,MD,Bus - School,Slowing or Stopping,35,No,2010,UNKNOWN,UNKNOWN,39.03576271,-77.04963773,2024,8,8
240036380,Property Damage Crash,08/02/2024 08:28:00 AM,GEORGIA AVE,NA,Front to Rear,Clear,Dry,Daylight,Traffic Control Signal,NONE DETECTED,No,No Apparent Injury,NA,Not Distracted,MD,Bus - Transit,Slowing or Stopping,35,No,2020,GILLIG,CITY TRANSIT BUS,39.03576271,-77.04963773,2024,8,8
240036387,Injury Crash,08/02/2024 05:58:00 AM,GEORGIA AVE,NA,"Sideswipe, Same Direction",Clear,Dry,Daylight,Other,NONE DETECTED,No,No Apparent Injury,NA,Not Distracted,MD,Sport Utility Vehicle,Moving Constant Speed,35,No,2020,FORD,EXPEDITION,39.01108078,-77.04119945,2024,8,5
240036387,Injury Crash,08/02/2024 05:58:00 AM,GEORGIA AVE,NA,"Sideswipe, Same Direction",Clear,Dry,Daylight,Other,NONE DETECTED,Yes,No Apparent Injury,NA,Not Distracted,DC,Sport Utility Vehicle,Changing Lanes,35,No,2024,CHEVROLET,EQUINOX,39.01108078,-77.04119945,2024,8,5
240036366,Injury Crash,08/02/2024 01:44:00 AM,FENTON ST,NA,Angle,Clear,Dry,Medium,Flashing Traffic Control Signal,NONE DETECTED,Yes,No Apparent Injury,Ran Red Light,Not Distracted,VA,Passenger Car,Moving Constant Speed,25,No,2022,CHEVROLET,SPARK,38.99019843,-77.02395714,2024,8,1
240036366,Injury Crash,08/02/2024 01:44:00 AM,FENTON ST,NA,Angle,Clear,Dry,Medium,Flashing Traffic Control Signal,NONE DETECTED,No,No Apparent Injury,NA,Not Distracted,MD,Bus - Transit,Moving Constant Speed,25,No,2016,NEW FLYER,TRANSIT BUS,38.99019843,-77.02395714,2024,8,1
240036363,Injury Crash,08/02/2024 01:08:00 AM,MUNCASTER MILL RD,NA,Single Vehicle,Clear,Dry,Dark,No Controls,NONE DETECTED,Yes,Possible Minor Injury,Other Improper Action,Unknown,MD,Passenger Car,Moving Constant Speed,35,No,2017,BMW,750I,39.139265,-77.1319245,2024,8,1
240036356,Injury Crash,08/01/2024 10:23:00 PM,GEORGIA AVE,NA,Front to Rear,Clear,Dry,Medium,No Controls,NONE DETECTED,Yes,No Apparent Injury,NA,Not Distracted,VA,Van - Passenger (&lt;9 Seats),Slowing or Stopping,30,No,2011,HONDA,ODYSSEY,39.02832669,-77.04702103,2024,8,22
240036356,Injury Crash,08/01/2024 10:23:00 PM,GEORGIA AVE,NA,Front to Rear,Clear,Dry,Medium,No Controls,NONE DETECTED,No,Possible Minor Injury,NA,Not Distracted,NA,Passenger Car,Slowing or Stopping,30,No,2002,NISSAN,ALTIMA,39.02832669,-77.04702103,2024,8,22
240036350,Property Damage Crash,08/01/2024 09:18:00 PM,NA,NA,Rear To Side,Clear,Dry,Medium,No Controls,ALCOHOL PRESENT,Yes,No Apparent Injury,NA,"Manually Operating (dialing, playing game, etc.)",MD,Passenger Car,Moving Constant Speed,30,No,2015,ACURA,TLX,39.07140545,-77.09851105,2024,8,21
240036348,Property Damage Crash,08/01/2024 09:12:00 PM,BLUHILL RD,NA,Angle,Clear,Dry,Medium,No Controls,NONE DETECTED,No,No Apparent Injury,NA,Not Distracted,MD,Passenger Car,Moving Constant Speed,35,No,2022,KIA,FORTE,39.05905958,-77.0649457,2024,8,21
240036348,Property Damage Crash,08/01/2024 09:12:00 PM,BLUHILL RD,NA,Angle,Clear,Dry,Medium,No Controls,ALCOHOL PRESENT,Yes,No Apparent Injury,Failed to Yield Right-of-Way,Not Distracted,MD,Pickup,Turning Left,35,No,2000,CHEVROLET,SILVERADO,39.05905958,-77.0649457,2024,8,21
240036347,Injury Crash,08/01/2024 09:00:00 PM,NA,NA,Angle,Clear,Dry,Medium,Traffic Control Signal,NONE DETECTED,No,Possible Minor Injury,NA,Not Distracted,MD,Passenger Car,Moving Constant Speed,35,No,1996,MAZDA,MX-5,39.06648553,-77.17420479,2024,8,21
240036347,Injury Crash,08/01/2024 09:00:00 PM,NA,NA,Angle,Clear,Dry,Medium,Traffic Control Signal,NONE DETECTED,Yes,Possible Minor Injury,NA,Not Distracted,MD,Sport Utility Vehicle,Turning Left,35,No,2018,TOYOTA,RAV4,39.06648553,-77.17420479,2024,8,21
240036345,Injury Crash,08/01/2024 08:34:00 PM,NA,NA,Front to Rear,Clear,Dry,Medium,Traffic Control Signal,NONE DETECTED,Yes,No Apparent Injury,NA,Not Distracted,MD,Sport Utility Vehicle,Moving Constant Speed,35,No,2015,DODGE,DURANGO,39.15644333,-77.16571933,2024,8,20
240036345,Injury Crash,08/01/2024 08:34:00 PM,NA,NA,Front to Rear,Clear,Dry,Medium,Traffic Control Signal,NONE DETECTED,No,Possible Minor Injury,NA,Not Distracted,MD,Passenger Car,Slowing or Stopping,35,No,2019,TOYOTA,COROLLA,39.15644333,-77.16571933,2024,8,20
240036339,Injury Crash,08/01/2024 07:59:00 PM,MIDDLEBROOK RD (WB/L),NA,"Sideswipe, Same Direction",Clear,Dry,Daylight,No Controls,NONE DETECTED,No,NA,"Operated Motor Vehicle in Inattentive, Careless, Negligent, or Erratic Manner, Operated Motor Vehicle in Reckless or Aggressive Manner",Unknown,NA,Passenger Car,Moving Constant Speed,40,No,0,NA,NA,39.17403983,-77.25104783,2024,8,19
240036339,Injury Crash,08/01/2024 07:59:00 PM,MIDDLEBROOK RD (WB/L),NA,"Sideswipe, Same Direction",Clear,Dry,Daylight,No Controls,NONE DETECTED,No,Suspected Serious Injury,NA,Not Distracted,MD,Passenger Car,Moving Constant Speed,40,No,2020,ACURA,MDX,39.17403983,-77.25104783,2024,8,19
240036339,Injury Crash,08/01/2024 07:59:00 PM,MIDDLEBROOK RD (WB/L),NA,"Sideswipe, Same Direction",Clear,Dry,Daylight,No Controls,NONE DETECTED,Yes,Possible Minor Injury,"Operated Motor Vehicle in Inattentive, Careless, Negligent, or Erratic Manner, Operated Motor Vehicle in Reckless or Aggressive Manner, Too Fast For Conditions",Unknown,MD,Passenger Car,Moving Constant Speed,40,No,2008,BMW,335I,39.17403983,-77.25104783,2024,8,19
240036336,Injury Crash,08/01/2024 07:46:00 PM,GEORGIA AVE,NA,Other,Clear,Dry,Daylight,No Controls,NONE DETECTED,No,No Apparent Injury,NA,Not Distracted,MD,Passenger Car,Moving Constant Speed,35,No,2010,NISSAN,ALTIMA,39.05943758,-77.05033821,2024,8,19
240036336,Injury Crash,08/01/2024 07:46:00 PM,GEORGIA AVE,NA,Other,Clear,Dry,Daylight,No Controls,NONE DETECTED,Yes,No Apparent Injury,NA,Unknown,MD,Passenger Car,Accelerating,30,No,2012,NISSAN,ALTIMA,39.05943758,-77.05033821,2024,8,19
240036342,Property Damage Crash,08/01/2024 07:45:00 PM,NA,NA,"Sideswipe, Same Direction",Clear,NA,Medium,NA,NONE DETECTED,No,No Apparent Injury,NA,NA,NA,Passenger Car,Turning Left,0,No,2008,INFINITI,G35,39.09399593,-76.93206561,2024,8,19
240036332,Property Damage Crash,08/01/2024 07:00:00 PM,SCHINDLER DR,NA,Other,Clear,Dry,Daylight,No Controls,NONE DETECTED,No,No Apparent Injury,NA,Not Distracted,MD,Passenger Car,Moving Constant Speed,25,No,2020,TOYOTA,HIGHLANDER,39.03259078,-76.98728617,2024,8,19
240036332,Property Damage Crash,08/01/2024 07:00:00 PM,SCHINDLER DR,NA,Other,Clear,Dry,Daylight,Stop Sign,NONE DETECTED,Yes,No Apparent Injury,NA,Not Distracted,MD,Passenger Car,Moving Constant Speed,25,No,2014,TOYOTA,PRIUS,39.03259078,-76.98728617,2024,8,19
240036325,Injury Crash,08/01/2024 06:30:00 PM,HAWKES RD,NA,Single Vehicle,Clear,Dry,Daylight,No Controls,NONE DETECTED,Yes,Possible Minor Injury,"Operated Motor Vehicle in Inattentive, Careless, Negligent, or Erratic Manner, Operated Motor Vehicle in Reckless or Aggressive Manner, Other Improper Action",Not Distracted,MD,Sport Utility Vehicle,Accelerating,30,No,2018,VOLKSWAGEN,UNKNOWN,39.25110971,-77.23803669,2024,8,18
240036333,Property Damage Crash,08/01/2024 06:12:00 PM,NEW HAMPSHIRE AVE,NA,"Sideswipe, Same Direction",Clear,Dry,Daylight,No Controls,NONE DETECTED,No,No Apparent Injury,NA,Not Distracted,MD,Passenger Car,Moving Constant Speed,35,No,2021,NISSAN,ROGUE,39.01268359,-76.97857741,2024,8,18
240036333,Property Damage Crash,08/01/2024 06:12:00 PM,NEW HAMPSHIRE AVE,NA,"Sideswipe, Same Direction",Clear,Dry,Daylight,No Controls,NONE DETECTED,No,No Apparent Injury,Failed to Keep in Proper Lane,Unknown,NA,Passenger Car,NA,35,No,2014,MERCEDES-BENZ,UNKNOWN,39.01268359,-76.97857741,2024,8,18
240036309,Property Damage Crash,08/01/2024 05:58:00 PM,FERRARA DR,NA,Single Vehicle,Clear,Dry,Daylight,No Controls,NONE DETECTED,No,No Apparent Injury,NA,Not Distracted,VA,Passenger Car,Slowing or Stopping,25,No,2023,HYUNDAI,KONA,39.05225223,-77.0833451,2024,8,17
240036307,Property Damage Crash,08/01/2024 05:20:00 PM,NA,NA,Rear To Side,Clear,NA,Daylight,NA,NONE DETECTED,Yes,No Apparent Injury,NA,Not Distracted,NA,Passenger Car,Backing,0,No,2009,CHEVROLET,IMPALA,39.09142362,-77.04736563,2024,8,17
240036307,Property Damage Crash,08/01/2024 05:20:00 PM,NA,NA,Rear To Side,Clear,NA,Daylight,NA,NONE DETECTED,No,No Apparent Injury,NA,Not Distracted,MD,Passenger Car,Moving Constant Speed,0,No,2000,ACURA,TL,39.09142362,-77.04736563,2024,8,17
240036296,Injury Crash,08/01/2024 04:48:00 PM,FREDERICK RD,Pedestrian,Single Vehicle,Clear,Dry,Daylight,Pedestrian Crossing Sign,NONE DETECTED,Yes,No Apparent Injury,NA,Not Distracted,MD,Sport Utility Vehicle,Turning Right,35,No,2013,VOLKSWAGEN,TIGUAN,39.11729908,-77.16900744,2024,8,16
240036285,Property Damage Crash,08/01/2024 04:00:00 PM,STRATHMORE AVE,NA,Front to Rear,Clear,Dry,Daylight,Traffic Control Signal,NONE DETECTED,No,No Apparent Injury,NA,Not Distracted,MD,Sport Utility Vehicle,Moving Constant Speed,25,No,2023,KIA,SPORTAGE,39.03469625,-77.09447301,2024,8,16
240036285,Property Damage Crash,08/01/2024 04:00:00 PM,STRATHMORE AVE,NA,Front to Rear,Clear,Dry,Daylight,Traffic Control Signal,ALCOHOL PRESENT,No,No Apparent Injury,NA,Not Distracted,MD,Unknown,Moving Constant Speed,25,No,2012,NISSAN,ALTIMA,39.03469625,-77.09447301,2024,8,16
240036282,Property Damage Crash,08/01/2024 04:00:00 PM,NA,NA,Front to Rear,Clear,NA,Daylight,NA,NONE DETECTED,No,NA,NA,NA,NA,Passenger Car,Backing,0,No,2014,FORD,FOCUS,38.99810571,-77.00308229,2024,8,16
240036277,Injury Crash,08/01/2024 03:46:00 PM,SCENERY DR,NA,Angle,Clear,Dry,Daylight,Stop Sign,ALCOHOL PRESENT,Yes,Possible Minor Injury,NA,Not Distracted,NA,Passenger Car,Accelerating,40,No,2014,BMW,328I,39.17550667,-77.237992,2024,8,15
240036277,Injury Crash,08/01/2024 03:46:00 PM,SCENERY DR,NA,Angle,Clear,Dry,Daylight,No Controls,NONE DETECTED,No,Possible Minor Injury,NA,Not Distracted,MD,Passenger Car,Moving Constant Speed,40,No,2014,HONDA,ACCORD,39.17550667,-77.237992,2024,8,15
240036280,Injury Crash,08/01/2024 03:39:00 PM,COLUMBIA PIKE,NA,"Sideswipe, Opposite Direction",Clear,Dry,Daylight,Traffic Control Signal,NONE DETECTED,No,Possible Minor Injury,NA,Not Distracted,MD,Passenger Car,Slowing or Stopping,50,No,2003,MERCEDES-BENZ,GLA-CLASS,39.05490862,-76.97295688,2024,8,15
240036280,Injury Crash,08/01/2024 03:39:00 PM,COLUMBIA PIKE,NA,"Sideswipe, Opposite Direction",Clear,Dry,Daylight,Traffic Control Signal,NONE DETECTED,No,No Apparent Injury,NA,Not Distracted,NA,Passenger Car,Slowing or Stopping,50,No,2005,FORD,EXPLORER,39.05490862,-76.97295688,2024,8,15
240036280,Injury Crash,08/01/2024 03:39:00 PM,COLUMBIA PIKE,NA,"Sideswipe, Opposite Direction",Clear,Dry,Daylight,Traffic Control Signal,NONE DETECTED,Yes,No Apparent Injury,NA,Not Distracted,MD,Passenger Car,Slowing or Stopping,50,No,2011,SUBARU,WRX,39.05490862,-76.97295688,2024,8,15
240036302,Injury Crash,08/01/2024 03:15:00 PM,UNIVERSITY BLVD E (WB/L),Cyclist (non-electric),Single Vehicle,Clear,Dry,Daylight,Stop Sign,NONE DETECTED,No,No Apparent Injury,NA,Not Distracted,MD,Pickup,Turning Left,35,No,2008,GMC,S15 PICKUP,39.02245517,-77.01586467,2024,8,15
240036264,Property Damage Crash,08/01/2024 02:15:00 PM,SOUTH DR,NA,"Sideswipe, Same Direction",Clear,Dry,Daylight,Traffic Control Signal,NONE DETECTED,Yes,No Apparent Injury,Failed to Yield Right-of-Way,Not Distracted,MD,Passenger Car,Making U-Turn,35,No,2019,DODGE,CHARGER,38.99949808,-77.09700346,2024,8,14
240036264,Property Damage Crash,08/01/2024 02:15:00 PM,SOUTH DR,NA,"Sideswipe, Same Direction",Clear,Dry,Daylight,Traffic Control Signal,NONE DETECTED,No,No Apparent Injury,NA,Not Distracted,MD,Passenger Car,Moving Constant Speed,35,No,2008,NISSAN,PATHFINDER,38.99949808,-77.09700346,2024,8,14
240036263,Property Damage Crash,08/01/2024 01:58:00 PM,SOUTH DR,NA,Angle,Clear,Dry,Daylight,Traffic Control Signal,NONE DETECTED,No,No Apparent Injury,NA,Not Distracted,MD,Passenger Car,Moving Constant Speed,30,No,2019,DODGE,CHARGER,38.99949623,-77.09699771,2024,8,13