Local Case Number,ACRS Report Type,Crash Date/Time,Road Name,Related Non-Motorist,Collision Type,Weather,Surface Condition,Light,Traffic Control,Driver Substance Abuse,Driver At Fault,Injury Severity,Circumstance,Driver Distracted By,Drivers License State,Vehicle Body Type,Vehicle Movement,Speed Limit,Driverless Vehicle,Vehicle Year,Vehicle Make,Vehicle Model,Latitude,Longitude,Year,Month,Hour
240035935,Property Damage Crash,07/30/2024 04:32:00 PM,PLEASANT RD,NA,Angle,Clear,Dry,Daylight,Traffic Control Signal,NONE DETECTED,No,No Apparent Injury,NA,Not Distracted,MD,Passenger Car,Moving Constant Speed,40,No,2016,NISSAN,ALTIMA,39.12037435,-77.17999349,2024,7,16
240035935,Property Damage Crash,07/30/2024 04:32:00 PM,PLEASANT RD,NA,Angle,Clear,Dry,Daylight,Traffic Control Signal,NONE DETECTED,No,No Apparent Injury,"Failed to Yield Right-of-Way, Improper Turn, Other Improper Action",Not Distracted,MD,Passenger Car,Turning Left,40,No,2002,TOYOTA,COROLLA,39.12037435,-77.17999349,2024,7,16
240035921,Property Damage Crash,07/30/2024 04:30:00 PM,OLD GEORGETOWN RD (SB/L),NA,Front to Rear,Clear,Dry,Daylight,No Controls,NONE DETECTED,No,No Apparent Injury,NA,Not Distracted,MD,Sport Utility Vehicle,Slowing or Stopping,35,No,2023,VOLVO,XC60,39.00950563,-77.11443889,2024,7,16
240035922,Property Damage Crash,07/30/2024 04:30:00 PM,BLAIR PARK PLAZA ENT,NA,Angle,Clear,Dry,Daylight,Traffic Control Signal,NONE DETECTED,No,No Apparent Injury,Failed to Yield Right-of-Way,Not Distracted,MD,Passenger Car,Making U-Turn,35,No,2019,HYUNDAI,ELANTRA,38.9929655,-77.0316415,2024,7,16
240035921,Property Damage Crash,07/30/2024 04:30:00 PM,OLD GEORGETOWN RD (SB/L),NA,Front to Rear,Clear,Dry,Daylight,No Controls,NONE DETECTED,No,No Apparent Injury,NA,Not Distracted,DC,Passenger Car,Slowing or Stopping,35,No,2016,HYUNDAI,ELANTRA,39.00950563,-77.11443889,2024,7,16
240035922,Property Damage Crash,07/30/2024 04:30:00 PM,BLAIR PARK PLAZA ENT,NA,Angle,Clear,Dry,Daylight,Traffic Control Signal,NONE DETECTED,No,No Apparent Injury,NA,Not Distracted,MD,Passenger Car,Moving Constant Speed,35,No,2023,LEXUS,ES,38.9929655,-77.0316415,2024,7,16
240035922,Property Damage Crash,07/30/2024 04:30:00 PM,BLAIR PARK PLAZA ENT,NA,Angle,Clear,Dry,Daylight,Traffic Control Signal,NONE DETECTED,No,No Apparent Injury,NA,Not Distracted,DC,Van - Passenger (&lt;9 Seats),Moving Constant Speed,35,No,2019,CHEVROLET,EXPRESS,38.9929655,-77.0316415,2024,7,16
240035922,Property Damage Crash,07/30/2024 04:30:00 PM,BLAIR PARK PLAZA ENT,NA,Angle,Clear,Dry,Daylight,Traffic Control Signal,NONE DETECTED,No,No Apparent Injury,NA,Not Distracted,MD,Passenger Car,Moving Constant Speed,35,No,2019,LEXUS,ES,38.9929655,-77.0316415,2024,7,16
240035918,Injury Crash,07/30/2024 04:10:00 PM,RAMP 7 FR RAMP 2 (FR IS270) TO MD 187 SB,NA,Angle,Clear,Dry,Daylight,Traffic Control Signal,NONE DETECTED,No,Possible Minor Injury,NA,Not Distracted,MD,Passenger Car,Turning Left,35,No,2007,TOYOTA,CAMRY,39.03104233,-77.12602717,2024,7,16
240035918,Injury Crash,07/30/2024 04:10:00 PM,RAMP 7 FR RAMP 2 (FR IS270) TO MD 187 SB,NA,Angle,Clear,Dry,Daylight,Traffic Control Signal,NONE DETECTED,No,No Apparent Injury,Ran Red Light,Unknown,MD,Passenger Car,Moving Constant Speed,35,No,2022,AUDI,Q5,39.03104233,-77.12602717,2024,7,16
240035914,Property Damage Crash,07/30/2024 03:50:00 PM,HUNGERFORD DR (SB/L),NA,"Sideswipe, Same Direction",Clear,Dry,Daylight,No Controls,NONE DETECTED,Yes,No Apparent Injury,NA,Not Distracted,MD,Passenger Car,Moving Constant Speed,30,No,2015,KIA,SOUL,39.08922291,-77.15165996,2024,7,15
240035914,Property Damage Crash,07/30/2024 03:50:00 PM,HUNGERFORD DR (SB/L),NA,"Sideswipe, Same Direction",Clear,Dry,Daylight,No Controls,NONE DETECTED,No,No Apparent Injury,NA,Not Distracted,MD,Passenger Car,Moving Constant Speed,30,No,1994,TOYOTA,CAMRY,39.08922291,-77.15165996,2024,7,15
240035896,Property Damage Crash,07/30/2024 02:20:00 PM,NA,NA,Rear To Rear,Clear,NA,Daylight,NA,NONE DETECTED,Yes,No Apparent Injury,NA,Not Distracted,MD,Van - Passenger (&lt;9 Seats),Backing,0,No,2018,FORD,TRANSIT,39.13276394,-77.02855953,2024,7,14
240035888,Injury Crash,07/30/2024 01:02:00 PM,ALLIED PL,Pedestrian,Single Vehicle,Cloudy,Dry,Daylight,No Controls,NONE DETECTED,No,No Apparent Injury,NA,"Other Action (looking away from task, etc.)",MD,Passenger Car,Turning Left,25,No,2005,HONDA,ODYSSEY,39.15061464,-77.19135549,2024,7,13
240035885,Injury Crash,07/30/2024 12:55:00 PM,BROADBIRCH DR,NA,"Sideswipe, Same Direction",Cloudy,Dry,Daylight,Stop Sign,NONE DETECTED,Yes,Possible Minor Injury,Failed to Yield Right-of-Way,Not Distracted,MD,Passenger Car,Turning Right,25,No,2015,NISSAN,ALTIMA,39.05600744,-76.96587496,2024,7,12
240035885,Injury Crash,07/30/2024 12:55:00 PM,BROADBIRCH DR,NA,"Sideswipe, Same Direction",Cloudy,Dry,Daylight,No Controls,NONE DETECTED,No,No Apparent Injury,NA,Not Distracted,MD,Passenger Car,Turning Right,35,No,2015,TOYOTA,RAV4,39.05600744,-76.96587496,2024,7,12
240035887,Property Damage Crash,07/30/2024 12:30:00 PM,NA,NA,Single Vehicle,Cloudy,NA,Daylight,NA,NONE DETECTED,No,No Apparent Injury,NA,Unknown,FL,Passenger Car,Slowing or Stopping,0,No,2021,MERCEDES-BENZ,E-CLASS,38.98527075,-77.22395636,2024,7,12
240035871,Injury Crash,07/30/2024 11:11:00 AM,ODENDHAL AVE (EB/L),Pedestrian,Single Vehicle,Clear,Dry,Daylight,Traffic Control Signal,NONE DETECTED,No,No Apparent Injury,NA,Not Distracted,MD,Van - Passenger (&lt;9 Seats),Slowing or Stopping,30,No,2007,FORD,E-350,39.15051068,-77.20399225,2024,7,11
240035867,Property Damage Crash,07/30/2024 10:00:00 AM,COLUMBIA PIKE,NA,Single Vehicle,Cloudy,Dry,Daylight,No Controls,NONE DETECTED,No,No Apparent Injury,NA,Not Distracted,MD,Passenger Car,Moving Constant Speed,55,No,2019,TESLA,MODEL Y,39.13020133,-76.92031717,2024,7,10
240035850,Property Damage Crash,07/30/2024 08:20:00 AM,SPENCERVILLE RD,NA,Front to Rear,Cloudy,Dry,Daylight,No Controls,NONE DETECTED,No,No Apparent Injury,NA,Not Distracted,MD,Passenger Car,Slowing or Stopping,35,No,2003,TOYOTA,HIGHLANDER,39.12018693,-76.98559858,2024,7,8
240035850,Property Damage Crash,07/30/2024 08:20:00 AM,SPENCERVILLE RD,NA,Front to Rear,Cloudy,Dry,Daylight,No Controls,NONE DETECTED,No,No Apparent Injury,NA,Not Distracted,MD,Passenger Car,Stopped in Traffic,35,No,2021,TOYOTA,HIGHLANDER,39.12018693,-76.98559858,2024,7,8
240035850,Property Damage Crash,07/30/2024 08:20:00 AM,SPENCERVILLE RD,NA,Front to Rear,Cloudy,Dry,Daylight,No Controls,NONE DETECTED,Yes,No Apparent Injury,"Followed Too Closely, Ran Red Light",Not Distracted,MD,Passenger Car,Moving Constant Speed,35,No,2023,MERCEDES-BENZ,GLA-CLASS,39.12018693,-76.98559858,2024,7,8
240035856,Property Damage Crash,07/30/2024 08:00:00 AM,HOLLY GROVE RD,NA,Single Vehicle,Clear,Dry,Daylight,No Controls,NONE DETECTED,No,No Apparent Injury,Improper Backing,Not Distracted,MD,Bus - School,Backing,20,No,2022,FREIGHTLINER,B2 BUS CHASSIS,39.108766,-77.01604317,2024,7,8
240035836,Property Damage Crash,07/30/2024 12:33:00 AM,AIRPARK RD,NA,"Sideswipe, Same Direction",Clear,Dry,Medium,Traffic Control Signal,NONE DETECTED,No,NA,NA,NA,NA,NA,Turning Left,35,No,0,NA,NA,39.169096,-77.15424344,2024,7,0
240035836,Property Damage Crash,07/30/2024 12:33:00 AM,AIRPARK RD,NA,"Sideswipe, Same Direction",Clear,Dry,Medium,Traffic Control Signal,NONE DETECTED,No,No Apparent Injury,NA,Not Distracted,MD,Sport Utility Vehicle,Turning Left,35,No,2007,FORD,ESCAPE,39.169096,-77.15424344,2024,7,0
240035826,Property Damage Crash,07/29/2024 11:37:00 PM,GERMANTOWN RD (SB/L),NA,Single Vehicle,Clear,Dry,Medium,No Controls,NONE DETECTED,Yes,No Apparent Injury,NA,Not Distracted,MD,Passenger Car,Moving Constant Speed,40,No,2019,TOYOTA,HIGHLANDER,39.16911,-77.279325,2024,7,23
240035777,Injury Crash,07/29/2024 06:25:00 PM,NA,Pedestrian,Single Vehicle,Clear,NA,Daylight,NA,NONE DETECTED,No,No Apparent Injury,NA,Not Distracted,MD,Sport Utility Vehicle,Slowing or Stopping,0,No,2022,KIA,TELLURIDE,39.18030889,-77.23685557,2024,7,18
240035774,Property Damage Crash,07/29/2024 05:20:00 PM,OLD GEORGETOWN RD,NA,Other,Clear,Dry,Daylight,Traffic Control Signal,NONE DETECTED,No,No Apparent Injury,NA,Not Distracted,MD,Bus - Transit,Turning Left,20,No,2023,UNKNOWN,UNKNOWN,38.98557704,-77.09568978,2024,7,17
240035774,Property Damage Crash,07/29/2024 05:20:00 PM,OLD GEORGETOWN RD,NA,Other,Clear,Dry,Daylight,Traffic Control Signal,NONE DETECTED,No,No Apparent Injury,NA,Not Distracted,MD,Passenger Car,Accelerating,20,No,2003,TOYOTA,CAMRY,38.98557704,-77.09568978,2024,7,17
240035782,Property Damage Crash,07/29/2024 05:11:00 PM,CRABBS BRANCH WAY,NA,"Sideswipe, Same Direction",Clear,Dry,Daylight,Traffic Control Signal,NONE DETECTED,No,No Apparent Injury,NA,Not Distracted,MD,Passenger Car,Turning Left,35,No,2023,TOYOTA,COROLLA,39.10649974,-77.1523167,2024,7,17
240035782,Property Damage Crash,07/29/2024 05:11:00 PM,CRABBS BRANCH WAY,NA,"Sideswipe, Same Direction",Clear,Dry,Daylight,Traffic Control Signal,NONE DETECTED,No,No Apparent Injury,NA,Unknown,MD,Passenger Car,Turning Left,35,No,2017,HYUNDAI,SONATA,39.10649974,-77.1523167,2024,7,17
240035770,Property Damage Crash,07/29/2024 05:00:00 PM,SERPENTINE WAY,NA,"Sideswipe, Opposite Direction",Clear,Dry,Daylight,Traffic Control Signal,NONE DETECTED,No,No Apparent Injury,NA,Not Distracted,MD,Passenger Car,Turning Left,35,No,2013,HYUNDAI,ELANTRA,39.06428967,-76.969042,2024,7,17
240035770,Property Damage Crash,07/29/2024 05:00:00 PM,SERPENTINE WAY,NA,"Sideswipe, Opposite Direction",Clear,Dry,Daylight,Traffic Control Signal,NONE DETECTED,Yes,No Apparent Injury,NA,Unknown,MD,Passenger Car,Moving Constant Speed,35,No,2020,TOYOTA,RAV4,39.06428967,-76.969042,2024,7,17
240035760,Property Damage Crash,07/29/2024 04:10:00 PM,ELMCROFT BLVD (EB/L),NA,Angle,Clear,Dry,Daylight,No Controls,NONE DETECTED,No,No Apparent Injury,NA,Not Distracted,NM,Passenger Car,Moving Constant Speed,25,No,2016,NISSAN,ALTIMA,39.11635156,-77.1700205,2024,7,16
240035760,Property Damage Crash,07/29/2024 04:10:00 PM,ELMCROFT BLVD (EB/L),NA,Angle,Clear,Dry,Daylight,Stop Sign,NONE DETECTED,Yes,No Apparent Injury,NA,Not Distracted,MD,Passenger Car,Accelerating,20,No,2017,MAZDA,CX-7,39.11635156,-77.1700205,2024,7,16
240035755,Property Damage Crash,07/29/2024 03:53:00 PM,VEIRS MILL RD,NA,Front to Rear,Clear,Dry,Daylight,Traffic Control Signal,NONE DETECTED,No,No Apparent Injury,Followed Too Closely,Unknown,MD,Passenger Car,Moving Constant Speed,40,No,2012,HONDA,ACCORD,39.05318805,-77.07731819,2024,7,15
240035755,Property Damage Crash,07/29/2024 03:53:00 PM,VEIRS MILL RD,NA,Front to Rear,Clear,Dry,Daylight,Traffic Control Signal,NONE DETECTED,No,No Apparent Injury,NA,Not Distracted,MD,Sport Utility Vehicle,Slowing or Stopping,40,No,2021,NISSAN,ROGUE,39.05318805,-77.07731819,2024,7,15
240035747,Property Damage Crash,07/29/2024 03:30:00 PM,GREAT SENECA HWY,NA,Front to Rear,Clear,Dry,Daylight,No Controls,NONE DETECTED,Yes,No Apparent Injury,Followed Too Closely,Unknown,MD,Passenger Car,Moving Constant Speed,50,No,2014,NISSAN,SENTRA,39.106707,-77.20872583,2024,7,15
240035747,Property Damage Crash,07/29/2024 03:30:00 PM,GREAT SENECA HWY,NA,Front to Rear,Clear,Dry,Daylight,No Controls,NONE DETECTED,No,No Apparent Injury,NA,Not Distracted,MD,Sport Utility Vehicle,Moving Constant Speed,40,No,2019,TOYOTA,RAV4,39.106707,-77.20872583,2024,7,15
240035750,Property Damage Crash,07/29/2024 03:30:00 PM,VEIRS MILL RD,NA,Front to Rear,Clear,Dry,Daylight,Traffic Control Signal,NONE DETECTED,Yes,No Apparent Injury,"Followed Too Closely, Operated Motor Vehicle in Inattentive, Careless, Negligent, or Erratic Manner, Other Improper Action",Unknown,MD,Passenger Car,Moving Constant Speed,35,No,2008,TOYOTA,COROLLA,39.07356185,-77.11236857,2024,7,15
240035750,Property Damage Crash,07/29/2024 03:30:00 PM,VEIRS MILL RD,NA,Front to Rear,Clear,Dry,Daylight,Traffic Control Signal,NONE DETECTED,No,No Apparent Injury,NA,Not Distracted,MD,Van - Cargo,Stopped in Traffic,35,No,2016,FORD,TRANSIT,39.07356185,-77.11236857,2024,7,15
240035748,Property Damage Crash,07/29/2024 03:06:00 PM,TRAVILAH RD,NA,Front to Rear,Clear,Dry,Daylight,No Controls,NONE DETECTED,No,No Apparent Injury,"Swerved or Avoided Due to Wind, Slippery Surface, Motor Vehicle, Object, Non-Motorist in Roadway, etc",Not Distracted,MD,Passenger Car,Moving Constant Speed,30,No,2013,HYUNDAI,ACCENT,39.09042066,-77.21277171,2024,7,15
240035722,Injury Crash,07/29/2024 01:41:00 PM,NA,NA,Angle,Clear,Dry,Daylight,Traffic Control Signal,NONE DETECTED,No,Possible Minor Injury,NA,Not Distracted,MD,Passenger Car,Moving Constant Speed,30,No,2016,TOYOTA,COROLLA,39.00521457,-77.02282479,2024,7,13
240035722,Injury Crash,07/29/2024 01:41:00 PM,NA,NA,Angle,Clear,Dry,Daylight,Traffic Control Signal,NONE DETECTED,Yes,Possible Minor Injury,Failed to Yield Right-of-Way,Not Distracted,MD,Passenger Car,Turning Left,30,No,2014,HYUNDAI,SONATA,39.00521457,-77.02282479,2024,7,13
240035810,Property Damage Crash,07/29/2024 12:25:00 PM,SHADY GROVE RD (SB/L),NA,"Sideswipe, Same Direction",Clear,Dry,Daylight,No Controls,NONE DETECTED,No,No Apparent Injury,Failed to Keep in Proper Lane,Unknown,NA,Other,Changing Lanes,35,No,2024,FORD,TRANSIT,39.11500186,-77.18555135,2024,7,12
240035810,Property Damage Crash,07/29/2024 12:25:00 PM,SHADY GROVE RD (SB/L),NA,"Sideswipe, Same Direction",Clear,Dry,Daylight,No Controls,NONE DETECTED,No,No Apparent Injury,NA,Not Distracted,MD,Sport Utility Vehicle,Changing Lanes,35,No,2016,CADILLAC,ESCALADE,39.11500186,-77.18555135,2024,7,12
240035645,Property Damage Crash,07/29/2024 12:00:00 PM,NA,NA,Angle,Clear,NA,Daylight,NA,NONE DETECTED,No,NA,NA,NA,NA,Passenger Car,Turning Right,0,No,2020,LEXUS,NX,38.97492026,-77.16260739,2024,7,12
240035694,Injury Crash,07/29/2024 11:15:00 AM,LONGDRAFT RD,NA,Rear To Side,Clear,Dry,Daylight,Traffic Control Signal,NONE DETECTED,Yes,Possible Minor Injury,Ran Red Light,Unknown,MD,Passenger Car,Moving Constant Speed,50,No,2007,HONDA,ACCORD,39.13307133,-77.24471383,2024,7,11
240035694,Injury Crash,07/29/2024 11:15:00 AM,LONGDRAFT RD,NA,Rear To Side,Clear,Dry,Daylight,Traffic Control Signal,NONE DETECTED,No,Possible Minor Injury,NA,Not Distracted,MD,Sport Utility Vehicle,Accelerating,30,No,2018,CHEVROLET,EQUINOX,39.13307133,-77.24471383,2024,7,11
240035681,Injury Crash,07/29/2024 10:00:00 AM,NA,NA,Front to Rear,Clear,NA,Daylight,NA,NONE DETECTED,No,Possible Minor Injury,NA,Not Distracted,MD,Passenger Car,Slowing or Stopping,0,No,2024,SUBARU,CROSSTREK,39.07924517,-77.07149367,2024,7,10
240035681,Injury Crash,07/29/2024 10:00:00 AM,NA,NA,Front to Rear,Clear,NA,Daylight,NA,NONE DETECTED,No,Possible Minor Injury,NA,Not Distracted,MD,Passenger Car,Slowing or Stopping,0,No,2017,TOYOTA,CAMRY,39.07924517,-77.07149367,2024,7,10
240035681,Injury Crash,07/29/2024 10:00:00 AM,NA,NA,Front to Rear,Clear,NA,Daylight,NA,NONE DETECTED,No,No Apparent Injury,"Followed Too Closely, Other Improper Action",Unknown,MD,Passenger Car,Accelerating,0,No,2010,LEXUS,RX,39.07924517,-77.07149367,2024,7,10
240035674,Property Damage Crash,07/29/2024 09:54:00 AM,UNIVERSITY BLVD E,NA,Front to Rear,Cloudy,Dry,Daylight,No Controls,NONE DETECTED,Yes,No Apparent Injury,NA,Unknown,VA,Passenger Car,Moving Constant Speed,35,No,2023,DODGE,CHARGER,39.00365126,-76.99655735,2024,7,9
240035674,Property Damage Crash,07/29/2024 09:54:00 AM,UNIVERSITY BLVD E,NA,Front to Rear,Cloudy,Dry,Daylight,No Controls,NONE DETECTED,No,No Apparent Injury,NA,Not Distracted,MD,Sport Utility Vehicle,Moving Constant Speed,35,No,2023,TOYOTA,RAV4,39.00365126,-76.99655735,2024,7,9
240035669,Injury Crash,07/29/2024 09:30:00 AM,ROLLINS AVE,NA,Angle,Clear,Dry,Daylight,Traffic Control Signal,NONE DETECTED,No,No Apparent Injury,NA,Not Distracted,MD,Sport Utility Vehicle,Accelerating,40,No,2021,CHEVROLET,SUBURBAN,39.05888916,-77.12155228,2024,7,9
240035669,Injury Crash,07/29/2024 09:30:00 AM,ROLLINS AVE,NA,Angle,Clear,Dry,Daylight,Traffic Control Signal,NONE DETECTED,Yes,Suspected Serious Injury,NA,Unknown,MD,Moped Or motorized bicycle,Moving Constant Speed,40,No,2022,HONDA,RUCKUS,39.05888916,-77.12155228,2024,7,9
240035671,Property Damage Crash,07/29/2024 09:30:00 AM,CRYSTAL ROCK DR,NA,Front to Rear,Clear,Dry,Daylight,Traffic Control Signal,NONE DETECTED,Yes,No Apparent Injury,Followed Too Closely,Unknown,MD,Passenger Car,Turning Right,30,No,2006,TOYOTA,COROLLA,39.17684149,-77.26445585,2024,7,9
240035671,Property Damage Crash,07/29/2024 09:30:00 AM,CRYSTAL ROCK DR,NA,Front to Rear,Clear,Dry,Daylight,Traffic Control Signal,NONE DETECTED,No,No Apparent Injury,NA,Not Distracted,MD,Passenger Car,Turning Right,30,No,2012,HONDA,CR-V,39.17684149,-77.26445585,2024,7,9
240035666,Injury Crash,07/29/2024 08:55:00 AM,MONTROSE RD (WB/L),NA,Angle,Clear,Dry,Daylight,Traffic Control Signal,NONE DETECTED,No,Possible Minor Injury,NA,Not Distracted,MD,Passenger Car,Moving Constant Speed,35,No,2010,MAZDA,MAZDA3,39.054362,-77.1434105,2024,7,8
240035666,Injury Crash,07/29/2024 08:55:00 AM,MONTROSE RD (WB/L),NA,Angle,Clear,Dry,Daylight,Traffic Control Signal,NONE DETECTED,No,Possible Minor Injury,Failed to Yield Right-of-Way,Not Distracted,MD,Passenger Car,Turning Left,35,No,2020,INFINITI,UNKNOWN,39.054362,-77.1434105,2024,7,8
240035663,Property Damage Crash,07/29/2024 08:40:00 AM,WOOTTON PKWY (EB/L),NA,Angle,Clear,Dry,Daylight,Traffic Control Signal,NONE DETECTED,No,No Apparent Injury,NA,Not Distracted,MD,Sport Utility Vehicle,Moving Constant Speed,35,No,2024,BMW,X5,39.06683467,-77.16174767,2024,7,8
240035663,Property Damage Crash,07/29/2024 08:40:00 AM,WOOTTON PKWY (EB/L),NA,Angle,Clear,Dry,Daylight,Traffic Control Signal,NONE DETECTED,Yes,No Apparent Injury,NA,Not Distracted,MD,Passenger Car,Turning Left,35,No,2019,NISSAN,LEAF,39.06683467,-77.16174767,2024,7,8
240035662,Injury Crash,07/29/2024 08:33:00 AM,ALGONQUIN AVE,NA,Other,Clear,Dry,Daylight,Stop Sign,NONE DETECTED,Yes,No Apparent Injury,"Failed to Yield Right-of-Way, Over-Correcting/Over-Steering",Not Distracted,MD,Passenger Car,Turning Left,30,No,2003,HONDA,ACCORD,38.98527881,-77.13552545,2024,7,8
240035662,Injury Crash,07/29/2024 08:33:00 AM,ALGONQUIN AVE,NA,Other,Clear,Dry,Daylight,No Controls,NONE DETECTED,No,Possible Minor Injury,NA,Not Distracted,TX,Passenger Car,Moving Constant Speed,30,No,2023,TESLA,MODEL X,38.98527881,-77.13552545,2024,7,8
240035659,Property Damage Crash,07/29/2024 08:01:00 AM,DAMASCUS RD,NA,Single Vehicle,Clear,Dry,Daylight,No Controls,NONE DETECTED,Yes,No Apparent Injury,Too Fast For Conditions,Unknown,MD,Passenger Car,Moving Constant Speed,50,No,2001,HONDA,ACCORD,39.27791017,-77.16668283,2024,7,8
240035649,Property Damage Crash,07/29/2024 06:43:00 AM,CLARKSBURG RD,NA,Single Vehicle,Clear,Dry,Daylight,No Controls,NONE DETECTED,No,No Apparent Injury,NA,Not Distracted,MD,Sport Utility Vehicle,Moving Constant Speed,40,No,2023,FORD,EXPLORER,39.19683967,-77.30473217,2024,7,6
240035637,Property Damage Crash,07/29/2024 12:15:00 AM,WYNNFIELD DR,NA,Front to Front,Clear,Dry,Medium,No Controls,ALCOHOL PRESENT,No,No Apparent Injury,"Failed to Keep in Proper Lane, Operated Motor Vehicle in Inattentive, Careless, Negligent, or Erratic Manner, Operated Motor Vehicle in Reckless or Aggressive Manner, Wrong Side",Unknown,MD,Sport Utility Vehicle,Moving Constant Speed,30,No,2022,TOYOTA,HIGHLANDER,39.1903642,-77.28196356,2024,7,0
240035630,Property Damage Crash,07/28/2024 11:17:00 PM,COLUMBIA PIKE (SB/L),NA,Unknown,Clear,Dry,Medium,Traffic Control Signal,NONE DETECTED,No,NA,NA,NA,NA,Passenger Car,NA,50,No,2022,NISSAN,KICKS,39.07361713,-76.95588249,2024,7,23
240035630,Property Damage Crash,07/28/2024 11:17:00 PM,COLUMBIA PIKE (SB/L),NA,Unknown,Clear,Dry,Medium,Traffic Control Signal,NONE DETECTED,No,NA,NA,NA,NA,NA,NA,50,No,0,NA,NA,39.07361713,-76.95588249,2024,7,23
240035616,Property Damage Crash,07/28/2024 09:13:00 PM,MAY ST,NA,Rear To Side,Clear,Dry,Dark,Traffic Control Signal,NONE DETECTED,No,No Apparent Injury,NA,Not Distracted,MD,Other Trucks,Turning Left,35,No,2019,PIERCE MANUFACTURING,ENFORCER,39.07234087,-77.06500521,2024,7,21
240035616,Property Damage Crash,07/28/2024 09:13:00 PM,MAY ST,NA,Rear To Side,Clear,Dry,Dark,Traffic Control Signal,NONE DETECTED,Yes,No Apparent Injury,Failed to Yield Right-of-Way,Not Distracted,MD,Sport Utility Vehicle,Accelerating,35,No,2013,FORD,ESCAPE,39.07234087,-77.06500521,2024,7,21
240035616,Property Damage Crash,07/28/2024 09:13:00 PM,MAY ST,NA,Rear To Side,Clear,Dry,Dark,Traffic Control Signal,NONE DETECTED,Yes,NA,NA,NA,NA,Passenger Car,NA,35,No,2024,MERCEDES-BENZ,UNKNOWN,39.07234087,-77.06500521,2024,7,21
240035612,Injury Crash,07/28/2024 08:55:00 PM,MONTGOMERY VILLAGE AVE,NA,Front to Rear,Clear,Dry,Medium,No Controls,NONE DETECTED,No,No Apparent Injury,NA,Not Distracted,MD,Passenger Car,Slowing or Stopping,35,No,2014,INFINITI,QX60,39.15396633,-77.21012667,2024,7,20
240035612,Injury Crash,07/28/2024 08:55:00 PM,MONTGOMERY VILLAGE AVE,NA,Front to Rear,Clear,Dry,Medium,No Controls,NONE DETECTED,No,No Apparent Injury,NA,Unknown,MD,Passenger Car,Slowing or Stopping,35,No,2015,HYUNDAI,TUCSON,39.15396633,-77.21012667,2024,7,20
240035601,Injury Crash,07/28/2024 07:00:00 PM,CHERRY HILL RD,NA,Front to Rear,Clear,Dry,Daylight,Traffic Control Signal,NONE DETECTED,No,No Apparent Injury,NA,Not Distracted,MD,Passenger Car,Moving Constant Speed,40,No,2017,FORD,F-150,39.06200587,-76.96066469,2024,7,19
240035601,Injury Crash,07/28/2024 07:00:00 PM,CHERRY HILL RD,NA,Front to Rear,Clear,Dry,Daylight,Traffic Control Signal,NONE DETECTED,Yes,No Apparent Injury,NA,Unknown,MD,Other Trucks,Slowing or Stopping,40,No,2012,FORD,F-150 HERITAGE,39.06200587,-76.96066469,2024,7,19
240035601,Injury Crash,07/28/2024 07:00:00 PM,CHERRY HILL RD,NA,Front to Rear,Clear,Dry,Daylight,Traffic Control Signal,NONE DETECTED,No,Possible Minor Injury,NA,Not Distracted,MD,Passenger Car,Stopped in Traffic,40,No,2022,MERCEDES-BENZ,GLA-CLASS,39.06200587,-76.96066469,2024,7,19
240035601,Injury Crash,07/28/2024 07:00:00 PM,CHERRY HILL RD,NA,Front to Rear,Clear,Dry,Daylight,Traffic Control Signal,NONE DETECTED,No,No Apparent Injury,NA,Not Distracted,MD,Passenger Car,Stopped in Traffic,40,No,2013,HONDA,CIVIC,39.06200587,-76.96066469,2024,7,19