Local Case Number,ACRS Report Type,Crash Date/Time,Road Name,Related Non-Motorist,Collision Type,Weather,Surface Condition,Light,Traffic Control,Driver Substance Abuse,Driver At Fault,Injury Severity,Circumstance,Driver Distracted By,Drivers License State,Vehicle Body Type,Vehicle Movement,Speed Limit,Driverless Vehicle,Vehicle Year,Vehicle Make,Vehicle Model,Latitude,Longitude,Year,Month,Hour
24001524,Injury Crash,07/28/2024 06:20:00 PM,NA,Pedestrian,Other,Clear,NA,Daylight,NA,NONE DETECTED,No,No Apparent Injury,NA,Not Distracted,MD,Passenger Car,Slowing or Stopping,0,No,2015,HYUNDAI,SD,38.95230817,-76.95163183,2024,7,18
240035598,Property Damage Crash,07/28/2024 05:45:00 PM,LAYHILL RD (SB/L),NA,Front to Rear,Clear,Dry,Daylight,Traffic Control Signal,NONE DETECTED,No,No Apparent Injury,NA,Not Distracted,MD,Passenger Car,Stopped in Traffic,25,No,2009,HONDA,ACCORD,39.08111475,-77.0471306,2024,7,17
240035598,Property Damage Crash,07/28/2024 05:45:00 PM,LAYHILL RD (SB/L),NA,Front to Rear,Clear,Dry,Daylight,Traffic Control Signal,NONE DETECTED,No,No Apparent Injury,NA,Unknown,MD,Passenger Car,Accelerating,25,No,2017,HARLEY,UNKNOWN,39.08111475,-77.0471306,2024,7,17
240035597,Property Damage Crash,07/28/2024 05:43:00 PM,NA,NA,Front to Front,Clear,Dry,Daylight,Traffic Control Signal,NONE DETECTED,No,No Apparent Injury,NA,Not Distracted,MI,Passenger Car,Turning Left,35,No,2009,BUICK,LUCERNE,38.99928167,-77.02604367,2024,7,17
240035597,Property Damage Crash,07/28/2024 05:43:00 PM,NA,NA,Front to Front,Clear,Dry,Daylight,Traffic Control Signal,NONE DETECTED,No,NA,NA,NA,NA,Pickup,Moving Constant Speed,35,No,0,NA,NA,38.99928167,-77.02604367,2024,7,17
250034718,Property Damage Crash,07/28/2024 04:40:00 PM,MUDDY BRANCH RD,NA,"Sideswipe, Same Direction",Clear,Dry,Daylight,No Controls,NONE DETECTED,Yes,No Apparent Injury,"Failed to Keep in Proper Lane, Operated Motor Vehicle in Inattentive, Careless, Negligent, or Erratic Manner, Too Fast For Conditions",Unknown,MD,Sport Utility Vehicle,Changing Lanes,40,No,2021,CADILLAC,XT4,39.13425313,-77.20577199,2024,7,16
250034718,Property Damage Crash,07/28/2024 04:40:00 PM,MUDDY BRANCH RD,NA,"Sideswipe, Same Direction",Clear,Dry,Daylight,No Controls,NONE DETECTED,No,No Apparent Injury,NA,Not Distracted,MD,Passenger Car,Moving Constant Speed,40,No,2013,HONDA,ACCORD,39.13425313,-77.20577199,2024,7,16
240035588,Injury Crash,07/28/2024 04:20:00 PM,VEIRS MILL RD (WB/L),NA,Other,Clear,Dry,Daylight,No Controls,NONE DETECTED,No,No Apparent Injury,NA,Not Distracted,MD,Passenger Car,Moving Constant Speed,35,No,2006,MERCEDES-BENZ,GLK-CLASS,39.07551015,-77.11720077,2024,7,16
240035588,Injury Crash,07/28/2024 04:20:00 PM,VEIRS MILL RD (WB/L),NA,Other,Clear,Dry,Daylight,No Controls,NONE DETECTED,No,Possible Minor Injury,Failed to Yield Right-of-Way,Not Distracted,MD,Passenger Car,Turning Left,10,No,2012,HONDA,ODYSSEY,39.07551015,-77.11720077,2024,7,16
240035589,Injury Crash,07/28/2024 04:15:00 PM,CLOPPER RD,NA,Single Vehicle,Clear,Dry,Daylight,No Controls,NONE DETECTED,Yes,Possible Minor Injury,Followed Too Closely,Unknown,MD,Motorcycle - 2 Wheeled,Moving Constant Speed,40,No,2010,KAWASAKI,SPORTS,39.15399033,-77.25238817,2024,7,16
240035585,Property Damage Crash,07/28/2024 02:14:00 PM,BREWER HOUSE RD,NA,Single Vehicle,Clear,Dry,Daylight,Stop Sign,NONE DETECTED,No,No Apparent Injury,NA,Not Distracted,MD,Passenger Car,Backing,25,No,2017,HONDA,ACCORD,39.03365309,-77.11344017,2024,7,14
240035556,Property Damage Crash,07/28/2024 11:15:00 AM,KENTLANDS BLVD (NB/L),NA,Angle,Clear,Dry,Daylight,Traffic Control Signal,NONE DETECTED,Yes,No Apparent Injury,Failed to Yield Right-of-Way,Not Distracted,MD,Passenger Car,Turning Left,30,No,2009,LEXUS,ES,39.12643943,-77.2436642,2024,7,11
240035556,Property Damage Crash,07/28/2024 11:15:00 AM,KENTLANDS BLVD (NB/L),NA,Angle,Clear,Dry,Daylight,Traffic Control Signal,NONE DETECTED,No,No Apparent Injury,NA,Not Distracted,MD,Sport Utility Vehicle,Moving Constant Speed,30,No,2025,BMW,X5,39.12643943,-77.2436642,2024,7,11
240035550,Property Damage Crash,07/28/2024 10:42:00 AM,NEW HAMPSHIRE AVE,NA,Angle,Clear,Dry,Daylight,Stop Sign,NONE DETECTED,Yes,No Apparent Injury,NA,Not Distracted,MD,Sport Utility Vehicle,Turning Left,35,No,2016,LINCOLN,MKZ,39.1033015,-77.00353714,2024,7,10
240035550,Property Damage Crash,07/28/2024 10:42:00 AM,NEW HAMPSHIRE AVE,NA,Angle,Clear,Dry,Daylight,No Controls,NONE DETECTED,No,No Apparent Injury,NA,Not Distracted,MD,Passenger Car,Moving Constant Speed,35,No,2017,HONDA,ACCORD,39.1033015,-77.00353714,2024,7,10
240035548,Property Damage Crash,07/28/2024 10:31:00 AM,CLOPPER RD,NA,Front to Rear,Clear,Dry,Daylight,No Controls,NONE DETECTED,No,No Apparent Injury,NA,Not Distracted,MD,Sport Utility Vehicle,Slowing or Stopping,45,No,2017,KIA,SPORTAGE,39.15645783,-77.26635117,2024,7,10
240035548,Property Damage Crash,07/28/2024 10:31:00 AM,CLOPPER RD,NA,Front to Rear,Clear,Dry,Daylight,No Controls,NONE DETECTED,Yes,No Apparent Injury,Followed Too Closely,Not Distracted,MD,Sport Utility Vehicle,Moving Constant Speed,45,No,2015,PORSCHE,CAYENNE,39.15645783,-77.26635117,2024,7,10
240035545,Property Damage Crash,07/28/2024 10:28:00 AM,CHRISTOPHER AVE (SB/L),NA,Angle,Clear,Dry,Daylight,Traffic Control Signal,NONE DETECTED,Yes,No Apparent Injury,NA,Not Distracted,MD,Passenger Car,Turning Left,25,No,2012,TOYOTA,CAMRY,39.15764233,-77.21380217,2024,7,10
240035545,Property Damage Crash,07/28/2024 10:28:00 AM,CHRISTOPHER AVE (SB/L),NA,Angle,Clear,Dry,Daylight,Traffic Control Signal,NONE DETECTED,No,No Apparent Injury,NA,Not Distracted,MD,Single-Unit Truck,Moving Constant Speed,25,No,2020,FREIGHTLINER,M2,39.15764233,-77.21380217,2024,7,10
240035544,Injury Crash,07/28/2024 10:11:00 AM,BETHESDA AVE,Cyclist (non-electric),Single Vehicle,Clear,Dry,Daylight,No Controls,NONE DETECTED,No,No Apparent Injury,NA,Not Distracted,MD,Passenger Car,Moving Constant Speed,25,No,2014,MAZDA,CX-9,38.981119,-77.09399717,2024,7,10
240035422,Property Damage Crash,07/28/2024 09:58:00 AM,FREDERICK RD,NA,Angle,Clear,Dry,Daylight,Yield Sign,NONE DETECTED,No,NA,NA,NA,NA,NA,Turning Left,45,No,0,NA,NA,39.17540178,-77.23800361,2024,7,9
240035422,Property Damage Crash,07/28/2024 09:58:00 AM,FREDERICK RD,NA,Angle,Clear,Dry,Daylight,No Controls,NONE DETECTED,No,No Apparent Injury,NA,Not Distracted,ME,Bus - Transit,Moving Constant Speed,45,No,2019,ATLAS,UNKNOWN,39.17540178,-77.23800361,2024,7,9
240035539,Injury Crash,07/28/2024 09:06:00 AM,NA,NA,Angle,Clear,NA,Daylight,NA,NONE DETECTED,Yes,No Apparent Injury,NA,Not Distracted,MD,Passenger Car,Accelerating,0,No,2008,LEXUS,ES,39.05234994,-77.0500564,2024,7,9
240035538,Property Damage Crash,07/28/2024 08:40:00 AM,GERMANTOWN RD,NA,Front to Rear,Clear,Dry,Daylight,No Controls,NONE DETECTED,No,No Apparent Injury,NA,Not Distracted,MD,Passenger Car,Stopped in Traffic,40,No,2020,TOYOTA,COROLLA,39.1920622,-77.24273637,2024,7,8
240035538,Property Damage Crash,07/28/2024 08:40:00 AM,GERMANTOWN RD,NA,Front to Rear,Clear,Dry,Daylight,Traffic Control Signal,NONE DETECTED,Yes,NA,Followed Too Closely,NA,NA,Passenger Car,Moving Constant Speed,40,No,2012,CADILLAC,SRX,39.1920622,-77.24273637,2024,7,8
240035528,Property Damage Crash,07/28/2024 05:42:00 AM,GEORGIA AVE,NA,Front to Rear,Clear,Dry,Daylight,Traffic Control Signal,NONE DETECTED,No,No Apparent Injury,NA,Not Distracted,MD,Bus - Transit,Stopped in Traffic,35,No,2009,GILLIG,LOW FLOOR BUS,39.02126608,-77.04446712,2024,7,5
240035528,Property Damage Crash,07/28/2024 05:42:00 AM,GEORGIA AVE,NA,Front to Rear,Clear,Dry,Daylight,Traffic Control Signal,NONE DETECTED,Yes,No Apparent Injury,NA,Not Distracted,MD,Passenger Car,Changing Lanes,35,No,2008,FORD,MUSTANG,39.02126608,-77.04446712,2024,7,5
240035525,Property Damage Crash,07/28/2024 04:21:00 AM,CHERRY VALLEY DR,NA,Single Vehicle,Clear,Dry,Medium,No Controls,NONE DETECTED,No,NA,NA,NA,NA,Passenger Car,NA,25,No,2012,HYUNDAI,ELANTRA,39.13597031,-77.08744277,2024,7,4
240035524,Property Damage Crash,07/28/2024 04:00:00 AM,LOCKWOOD DR,NA,Single Vehicle,Clear,Dry,Dark,Flashing Traffic Control Signal,NONE DETECTED,No,NA,NA,NA,NA,NA,NA,25,No,0,NA,NA,39.03371325,-77.00218594,2024,7,4
240035516,Property Damage Crash,07/28/2024 01:37:00 AM,QUINCE ORCHARD RD,NA,Front to Rear,Clear,Dry,Dark,Traffic Control Signal,NONE DETECTED,No,No Apparent Injury,NA,Not Distracted,MD,Sport Utility Vehicle,Stopped in Traffic,35,No,2015,FORD,ESCAPE,39.15171608,-77.21306729,2024,7,1
240035516,Property Damage Crash,07/28/2024 01:37:00 AM,QUINCE ORCHARD RD,NA,Front to Rear,Clear,Dry,Dark,Traffic Control Signal,ALCOHOL PRESENT,No,No Apparent Injury,"Followed Too Closely, Operated Motor Vehicle in Inattentive, Careless, Negligent, or Erratic Manner, Operated Motor Vehicle in Reckless or Aggressive Manner",Unknown,NA,Sport Utility Vehicle,Moving Constant Speed,35,No,2015,DODGE,JOURNEY,39.15171608,-77.21306729,2024,7,1
240035513,Property Damage Crash,07/28/2024 12:33:00 AM,FREDERICK RD,NA,"Sideswipe, Opposite Direction",Clear,Dry,Medium,Flashing Traffic Control Signal,NONE DETECTED,No,No Apparent Injury,NA,Not Distracted,MD,Passenger Car,Moving Constant Speed,40,No,2022,TOYOTA,COROLLA,39.22117236,-77.2592079,2024,7,0
240035513,Property Damage Crash,07/28/2024 12:33:00 AM,FREDERICK RD,NA,"Sideswipe, Opposite Direction",Clear,Dry,Medium,Flashing Traffic Control Signal,NONE DETECTED,No,No Apparent Injury,Failed to Yield Right-of-Way,Not Distracted,MD,Passenger Car,Turning Left,40,No,2013,FORD,FOCUS,39.22117236,-77.2592079,2024,7,0
240035512,Injury Crash,07/27/2024 11:56:00 PM,NA,Pedestrian,Single Vehicle,Clear,NA,Medium,NA,NONE DETECTED,No,No Apparent Injury,"Operated Motor Vehicle in Inattentive, Careless, Negligent, or Erratic Manner, Operated Motor Vehicle in Reckless or Aggressive Manner",Unknown,VA,Sport Utility Vehicle,Accelerating,0,No,2002,TOYOTA,4-RUNNER,39.14203074,-77.1916528,2024,7,23
240035505,Property Damage Crash,07/27/2024 10:07:00 PM,GERMANTOWN RD (SB/L),NA,Front to Rear,Clear,Dry,Medium,No Controls,NONE DETECTED,Yes,No Apparent Injury,"Failed to Keep in Proper Lane, Too Fast For Conditions",Unknown,MD,Passenger Car,Changing Lanes,40,No,2018,CHEVROLET,CAMARO,39.18348523,-77.25539548,2024,7,22
240035505,Property Damage Crash,07/27/2024 10:07:00 PM,GERMANTOWN RD (SB/L),NA,Front to Rear,Clear,Dry,Medium,No Controls,NONE DETECTED,No,No Apparent Injury,NA,Not Distracted,MD,Passenger Car,Moving Constant Speed,40,No,2018,TOYOTA,CAMRY,39.18348523,-77.25539548,2024,7,22
240035504,Property Damage Crash,07/27/2024 10:05:00 PM,CRYSTAL ROCK DR,NA,Front to Rear,Clear,Dry,Medium,No Controls,NONE DETECTED,No,No Apparent Injury,Too Fast For Conditions,Unknown,NA,Passenger Car,Negotiating a Curve,25,No,2014,TOYOTA,COROLLA,39.17786033,-77.26180817,2024,7,22
240035503,Property Damage Crash,07/27/2024 09:58:00 PM,EAST VILLAGE AVE,NA,Single Vehicle,Clear,Dry,Medium,Stop Sign,NONE DETECTED,Yes,No Apparent Injury,NA,Unknown,MD,Passenger Car,NA,40,No,2004,HONDA,ELEMENT,39.185095,-77.17591833,2024,7,21
240035497,Property Damage Crash,07/27/2024 09:03:00 PM,OLD COLUMBIA PIKE,NA,Front to Rear,Clear,Dry,Medium,Traffic Control Signal,ALCOHOL PRESENT,No,No Apparent Injury,NA,Not Distracted,MD,Passenger Car,Slowing or Stopping,30,No,2006,FORD,MUSTANG,39.10830343,-76.93688213,2024,7,21
240035497,Property Damage Crash,07/27/2024 09:03:00 PM,OLD COLUMBIA PIKE,NA,Front to Rear,Clear,Dry,Medium,Traffic Control Signal,ALCOHOL PRESENT,No,No Apparent Injury,Followed Too Closely,Unknown,NA,Passenger Car,Slowing or Stopping,30,No,2006,FORD,FOCUS,39.10830343,-76.93688213,2024,7,21
240035498,Fatal Crash,07/27/2024 08:59:00 PM,UNIVERSITY BLVD E,Pedestrian,Single Vehicle,Clear,Dry,Medium,Pedestrian Crossing Sign,NONE DETECTED,No,No Apparent Injury,NA,Not Distracted,VA,Sport Utility Vehicle,Changing Lanes,35,No,2020,JEEP,GRAND CHEROKEE,39.00201999,-76.99573611,2024,7,20
240035494,Property Damage Crash,07/27/2024 08:45:00 PM,PHILADELPHIA AVE,NA,Single Vehicle,Clear,Dry,Medium,School Zone Sign,NONE DETECTED,Yes,No Apparent Injury,"Failed to Keep in Proper Lane, Ran Off Roadway",Unknown,MD,Van - Passenger (&lt;9 Seats),Turning Right,25,No,2007,TOYOTA,SIENNA,38.9829675,-77.01493467,2024,7,20
240035461,Property Damage Crash,07/27/2024 03:34:00 PM,NA,NA,Angle,Clear,Dry,Daylight,No Controls,NONE DETECTED,No,No Apparent Injury,NA,Not Distracted,MD,Passenger Car,Moving Constant Speed,35,No,2015,VOLKSWAGEN,JETTA,38.960565,-77.09719,2024,7,15
240035461,Property Damage Crash,07/27/2024 03:34:00 PM,NA,NA,Angle,Clear,Dry,Daylight,No Controls,NONE DETECTED,Yes,No Apparent Injury,NA,Unknown,NJ,Passenger Car,Making U-Turn,35,No,2017,FORD,FUSION,38.960565,-77.09719,2024,7,15
240035464,Injury Crash,07/27/2024 03:30:00 PM,FREDERICK RD (SB/L),Pedestrian,Single Vehicle,Clear,Dry,Daylight,Traffic Control Signal,NONE DETECTED,No,No Apparent Injury,NA,Not Distracted,MD,Passenger Car,Moving Constant Speed,35,No,2020,LEXUS,RX,39.16330606,-77.22608385,2024,7,15
240035456,Property Damage Crash,07/27/2024 02:42:00 PM,RED HOOK ST,NA,Single Vehicle,Clear,Dry,Daylight,Stop Sign,NONE DETECTED,Yes,No Apparent Injury,Ran Off Roadway,Unknown,MD,Passenger Car,Turning Right,35,No,2014,TOYOTA,COROLLA,39.12570976,-77.16547353,2024,7,14
240035454,Property Damage Crash,07/27/2024 02:30:00 PM,E RANDOLPH RD (WB/L),NA,Front to Rear,Clear,Dry,Daylight,Traffic Control Signal,NONE DETECTED,Yes,NA,NA,NA,NA,Passenger Car,NA,40,No,2013,HYUNDAI,SONATA,39.06275341,-76.96300179,2024,7,14
240035454,Property Damage Crash,07/27/2024 02:30:00 PM,E RANDOLPH RD (WB/L),NA,Front to Rear,Clear,Dry,Daylight,Traffic Control Signal,NONE DETECTED,No,No Apparent Injury,NA,Not Distracted,MD,Passenger Car,Stopped in Traffic,40,No,2013,TOYOTA,RAV4,39.06275341,-76.96300179,2024,7,14
240035446,Property Damage Crash,07/27/2024 01:37:00 PM,ROCKVILLE PIKE (SB/L),NA,Other,Clear,Dry,Daylight,No Controls,NONE DETECTED,No,No Apparent Injury,NA,Not Distracted,MD,Passenger Car,Moving Constant Speed,35,No,2004,TOYOTA,COROLLA MATRIX,39.04559235,-77.11235293,2024,7,13
240035446,Property Damage Crash,07/27/2024 01:37:00 PM,ROCKVILLE PIKE (SB/L),NA,Other,Clear,Dry,Daylight,No Controls,NONE DETECTED,Yes,No Apparent Injury,NA,Not Distracted,MD,Passenger Car,Turning Left,35,No,2021,BMW,430I,39.04559235,-77.11235293,2024,7,13
240035449,Property Damage Crash,07/27/2024 01:20:00 PM,NA,NA,Single Vehicle,Clear,NA,Daylight,NA,NONE DETECTED,No,NA,NA,NA,NA,Passenger Car,Accelerating,0,No,2002,TOYOTA,CAMRY,39.14524058,-77.19123858,2024,7,13
240035574,Property Damage Crash,07/27/2024 01:15:00 PM,NA,NA,Front to Front,Clear,NA,Daylight,NA,NONE DETECTED,No,NA,NA,NA,NA,Sport Utility Vehicle,NA,0,No,2021,MAZDA,CX-70,39.0922377,-77.15040939,2024,7,13
240035441,Property Damage Crash,07/27/2024 12:31:00 PM,ASPEN HILL RD,NA,Front to Rear,Clear,Dry,Daylight,No Controls,NONE DETECTED,Yes,No Apparent Injury,NA,Not Distracted,MD,Passenger Car,Moving Constant Speed,30,No,2017,HONDA,CIVIC,39.07122717,-77.09963233,2024,7,12
240035441,Property Damage Crash,07/27/2024 12:31:00 PM,ASPEN HILL RD,NA,Front to Rear,Clear,Dry,Daylight,No Controls,NONE DETECTED,No,No Apparent Injury,NA,Not Distracted,NA,Passenger Car,Stopped in Traffic,30,No,2021,NISSAN,KICKS,39.07122717,-77.09963233,2024,7,12
240035435,Property Damage Crash,07/27/2024 11:30:00 AM,NA,NA,Front to Rear,Clear,Dry,Daylight,Traffic Control Signal,NONE DETECTED,No,No Apparent Injury,NA,Not Distracted,MD,Passenger Car,Slowing or Stopping,30,No,2011,INFINITI,G37,39.16233045,-77.28299885,2024,7,11
240035435,Property Damage Crash,07/27/2024 11:30:00 AM,NA,NA,Front to Rear,Clear,Dry,Daylight,Traffic Control Signal,NONE DETECTED,Yes,No Apparent Injury,Followed Too Closely,Unknown,MD,Passenger Car,Moving Constant Speed,30,No,2000,TOYOTA,AVALON,39.16233045,-77.28299885,2024,7,11
240035432,Injury Crash,07/27/2024 11:20:00 AM,GEORGIA AVE (SB/L),NA,"Sideswipe, Opposite Direction",Clear,Dry,Daylight,No Controls,NONE DETECTED,No,Possible Minor Injury,NA,Not Distracted,MD,Pickup,Moving Constant Speed,40,No,2021,RAM,1500,39.20602017,-77.06374386,2024,7,11
240035432,Injury Crash,07/27/2024 11:20:00 AM,GEORGIA AVE (SB/L),NA,"Sideswipe, Opposite Direction",Clear,Dry,Daylight,No Controls,NONE DETECTED,Yes,No Apparent Injury,NA,Unknown,MD,Passenger Car,Moving Constant Speed,40,No,2016,TOYOTA,CAMRY,39.20602017,-77.06374386,2024,7,11
240035428,Injury Crash,07/27/2024 10:30:00 AM,WISSIOMING RD,NA,"Sideswipe, Same Direction",Clear,Dry,Daylight,No Controls,NONE DETECTED,No,Possible Minor Injury,NA,Unknown,MD,Passenger Car,Parked,15,No,2009,CHEVROLET,CORVETTE,38.96033817,-77.12836383,2024,7,10
240035428,Injury Crash,07/27/2024 10:30:00 AM,WISSIOMING RD,NA,"Sideswipe, Same Direction",Clear,Dry,Daylight,No Controls,NONE DETECTED,No,No Apparent Injury,NA,Unknown,MD,Passenger Car,Moving Constant Speed,15,No,2004,TOYOTA,CAMRY,38.96033817,-77.12836383,2024,7,10
240035419,Injury Crash,07/27/2024 09:28:00 AM,S FREDERICK RD,NA,Rear To Side,Clear,Dry,Daylight,Traffic Control Signal,NONE DETECTED,No,Possible Minor Injury,NA,Unknown,MD,Passenger Car,Accelerating,25,No,2014,HONDA,CIVIC,39.13223885,-77.1888358,2024,7,9
240035419,Injury Crash,07/27/2024 09:28:00 AM,S FREDERICK RD,NA,Rear To Side,Clear,Dry,Daylight,Traffic Control Signal,NONE DETECTED,Yes,No Apparent Injury,NA,Unknown,MD,Passenger Car,NA,35,No,2006,TOYOTA,COROLLA,39.13223885,-77.1888358,2024,7,9
240035420,Property Damage Crash,07/27/2024 08:50:00 AM,VEIRS MILL RD (WB/L),NA,Front to Rear,Clear,Dry,Daylight,No Controls,NONE DETECTED,Yes,No Apparent Injury,NA,"Other Action (looking away from task, etc.)",MD,Sport Utility Vehicle,Slowing or Stopping,35,No,2005,ACURA,MDX,39.05255041,-77.07607449,2024,7,8
240035420,Property Damage Crash,07/27/2024 08:50:00 AM,VEIRS MILL RD (WB/L),NA,Front to Rear,Clear,Dry,Daylight,No Controls,NONE DETECTED,No,No Apparent Injury,NA,Not Distracted,MD,Passenger Car,Slowing or Stopping,35,No,2023,KIA,FORTE,39.05255041,-77.07607449,2024,7,8
240035411,Property Damage Crash,07/27/2024 08:15:00 AM,NA,NA,Single Vehicle,Clear,NA,Daylight,NA,NONE DETECTED,No,No Apparent Injury,NA,Not Distracted,MD,Single-Unit Truck,Accelerating,0,No,2016,FREIGHTLINER,FREIGHTLINER,39.15060689,-77.02736207,2024,7,8
240035410,Property Damage Crash,07/27/2024 08:11:00 AM,COLESVILLE RD,NA,Angle,Clear,Dry,Daylight,Traffic Control Signal,NONE DETECTED,Yes,No Apparent Injury,NA,Not Distracted,MD,Sport Utility Vehicle,Turning Left,15,No,2011,HONDA,ODYSSEY,38.99225373,-77.03608966,2024,7,8
240035410,Property Damage Crash,07/27/2024 08:11:00 AM,COLESVILLE RD,NA,Angle,Clear,Dry,Daylight,Traffic Control Signal,NONE DETECTED,No,No Apparent Injury,NA,Not Distracted,MD,Passenger Car,Moving Constant Speed,15,No,2003,CADILLAC,DEVILLE,38.99225373,-77.03608966,2024,7,8
240035397,Property Damage Crash,07/27/2024 02:16:00 AM,BRADLEY BLVD,NA,Single Vehicle,Clear,Dry,Dark,No Controls,NONE DETECTED,Yes,No Apparent Injury,"Operated Motor Vehicle in Inattentive, Careless, Negligent, or Erratic Manner, Ran Off Roadway","Other Action (looking away from task, etc.)",MD,Passenger Car,Moving Constant Speed,35,No,2020,HONDA,PILOT,39.00007931,-77.13203457,2024,7,2
240035385,Property Damage Crash,07/26/2024 11:43:00 PM,NA,NA,Front to Rear,Clear,Dry,Medium,No Controls,ALCOHOL PRESENT,Yes,No Apparent Injury,"Failed to Keep in Proper Lane, Other Improper Action, Too Fast For Conditions",Not Distracted,MD,Passenger Car,Moving Constant Speed,30,No,2014,NISSAN,ALTIMA,39.19644052,-77.27327943,2024,7,23
240035377,Property Damage Crash,07/26/2024 09:44:00 PM,RANDOLPH RD,NA,Angle,Clear,Dry,Medium,No Controls,NONE DETECTED,No,No Apparent Injury,NA,Not Distracted,MD,Other Trucks,Backing,35,No,2016,FREIGHTLINER,M2,39.05902451,-77.06807316,2024,7,21
240035377,Property Damage Crash,07/26/2024 09:44:00 PM,RANDOLPH RD,NA,Angle,Clear,Dry,Medium,No Controls,ALCOHOL PRESENT,Yes,No Apparent Injury,"Operated Motor Vehicle in Inattentive, Careless, Negligent, or Erratic Manner",Unknown,NA,Passenger Car,Moving Constant Speed,35,No,2009,NISSAN,MAXIMA,39.05902451,-77.06807316,2024,7,21
240035374,Property Damage Crash,07/26/2024 09:28:00 PM,NA,NA,Front to Front,Clear,NA,Medium,NA,ALCOHOL PRESENT,Yes,No Apparent Injury,NA,Unknown,MD,Passenger Car,Accelerating,0,No,2016,SUBARU,IMPREZA,39.06088561,-77.05075403,2024,7,21
240035374,Property Damage Crash,07/26/2024 09:28:00 PM,NA,NA,Front to Front,Clear,NA,Medium,NA,NONE DETECTED,No,No Apparent Injury,NA,Not Distracted,VA,Bus - Transit,Entering Traffic Lane,0,No,2018,VAN HOOL,URBAN BUS,39.06088561,-77.05075403,2024,7,21
240035374,Property Damage Crash,07/26/2024 09:28:00 PM,NA,NA,Front to Front,Clear,NA,Medium,NA,NONE DETECTED,No,No Apparent Injury,NA,Not Distracted,MH,Passenger Car,Moving Constant Speed,0,No,2003,FORD,FOCUS,39.06088561,-77.05075403,2024,7,21
240035376,Property Damage Crash,07/26/2024 09:20:00 PM,NA,NA,Front to Front,Clear,NA,Medium,NA,ALCOHOL PRESENT,No,No Apparent Injury,NA,Unknown,MD,Passenger Car,Moving Constant Speed,0,No,2016,SUBARU,IMPREZA,39.05878499,-77.04636143,2024,7,21
240035376,Property Damage Crash,07/26/2024 09:20:00 PM,NA,NA,Front to Front,Clear,NA,Medium,NA,NONE DETECTED,No,No Apparent Injury,NA,Not Distracted,MD,Passenger Car,Parked,0,No,2018,RAM,1500,39.05878499,-77.04636143,2024,7,21
240035370,Injury Crash,07/26/2024 08:52:00 PM,NEEDWOOD RD,NA,Single Vehicle,Clear,Dry,Dark,No Controls,NONE DETECTED,No,Possible Minor Injury,Followed Too Closely,Not Distracted,MD,Motorcycle - 2 Wheeled,Slowing or Stopping,35,No,2006,SUZUKI,GSX,39.12995216,-77.12604984,2024,7,20
240035360,Injury Crash,07/26/2024 08:10:00 PM,NA,Pedestrian,Single Vehicle,Clear,NA,Daylight,NA,NONE DETECTED,No,No Apparent Injury,NA,Not Distracted,NA,Passenger Car,Accelerating,0,No,2017,HYUNDAI,ACCENT,39.06081345,-77.12513362,2024,7,20
240035361,Property Damage Crash,07/26/2024 08:02:00 PM,SHOP CTR CUT THRU CUT,NA,Angle,Clear,Dry,Daylight,No Controls,NONE DETECTED,No,No Apparent Injury,NA,Not Distracted,MD,Passenger Car,Changing Lanes,35,No,2010,HONDA,ACCORD,39.08250594,-76.94378339,2024,7,20
240035361,Property Damage Crash,07/26/2024 08:02:00 PM,SHOP CTR CUT THRU CUT,NA,Angle,Clear,Dry,Daylight,No Controls,NONE DETECTED,No,No Apparent Injury,NA,Not Distracted,MD,Bus - Transit,Moving Constant Speed,35,No,2016,METRO TRAM,UNKNOWN,39.08250594,-76.94378339,2024,7,20
240035356,Property Damage Crash,07/26/2024 07:34:00 PM,GEREN RD,NA,"Sideswipe, Same Direction",Clear,Dry,Daylight,No Controls,ALCOHOL PRESENT,Yes,No Apparent Injury,NA,Not Distracted,MD,Sport Utility Vehicle,Turning Right,15,No,2011,HONDA,PILOT,38.99941292,-77.00486037,2024,7,19