Local Case Number,ACRS Report Type,Crash Date/Time,Road Name,Related Non-Motorist,Collision Type,Weather,Surface Condition,Light,Traffic Control,Driver Substance Abuse,Driver At Fault,Injury Severity,Circumstance,Driver Distracted By,Drivers License State,Vehicle Body Type,Vehicle Movement,Speed Limit,Driverless Vehicle,Vehicle Year,Vehicle Make,Vehicle Model,Latitude,Longitude,Year,Month,Hour
240035346,Property Damage Crash,07/26/2024 06:21:00 PM,COLUMBIA PIKE (SB/L),NA,Front to Rear,Clear,Dry,Daylight,No Controls,NONE DETECTED,No,No Apparent Injury,NA,Not Distracted,NA,Passenger Car,Moving Constant Speed,50,No,2012,HONDA,CIVIC,39.065397,-76.96105083,2024,7,18
240035346,Property Damage Crash,07/26/2024 06:21:00 PM,COLUMBIA PIKE (SB/L),NA,Front to Rear,Clear,Dry,Daylight,No Controls,NONE DETECTED,Yes,No Apparent Injury,NA,"Manually Operating (dialing, playing game, etc.)",MD,Passenger Car,Moving Constant Speed,50,No,2015,TOYOTA,COROLLA,39.065397,-76.96105083,2024,7,18
240035338,Property Damage Crash,07/26/2024 05:27:00 PM,NA,NA,Front to Rear,Clear,Dry,Daylight,No Controls,NONE DETECTED,No,No Apparent Injury,NA,Not Distracted,MD,Passenger Car,Stopped in Traffic,35,No,2017,MAZDA,MAZDA6,39.16105333,-77.19225333,2024,7,17
240035338,Property Damage Crash,07/26/2024 05:27:00 PM,NA,NA,Front to Rear,Clear,Dry,Daylight,No Controls,ALCOHOL PRESENT,Yes,No Apparent Injury,NA,Unknown,MD,Sport Utility Vehicle,Moving Constant Speed,35,No,2018,CADILLAC,ESCALADE,39.16105333,-77.19225333,2024,7,17
240035338,Property Damage Crash,07/26/2024 05:27:00 PM,NA,NA,Front to Rear,Clear,Dry,Daylight,No Controls,NONE DETECTED,No,No Apparent Injury,NA,Not Distracted,MD,Passenger Car,Slowing or Stopping,35,No,2022,HONDA,CIVIC,39.16105333,-77.19225333,2024,7,17
240035338,Property Damage Crash,07/26/2024 05:27:00 PM,NA,NA,Front to Rear,Clear,Dry,Daylight,No Controls,NONE DETECTED,No,No Apparent Injury,NA,Not Distracted,MD,Passenger Car,Slowing or Stopping,35,No,2013,TOYOTA,COROLLA,39.16105333,-77.19225333,2024,7,17
240035333,Injury Crash,07/26/2024 05:12:00 PM,CONNECTICUT AVE (SB/L),NA,Front to Front,Clear,Dry,Daylight,Traffic Control Signal,NONE DETECTED,Yes,No Apparent Injury,"Improper Turn, Other Improper Action",Not Distracted,PA,Passenger Car,Turning Left,35,No,2005,TOYOTA,CAMRY,39.00791482,-77.08052563,2024,7,17
240035333,Injury Crash,07/26/2024 05:12:00 PM,CONNECTICUT AVE (SB/L),NA,Front to Front,Clear,Dry,Daylight,Traffic Control Signal,NONE DETECTED,No,Possible Minor Injury,NA,Not Distracted,MD,Passenger Car,Moving Constant Speed,35,No,2011,HONDA,CIVIC,39.00791482,-77.08052563,2024,7,17
240035324,Property Damage Crash,07/26/2024 04:34:00 PM,MUNCASTER MILL RD,NA,Front to Rear,Clear,Dry,Daylight,Traffic Control Signal,NONE DETECTED,No,No Apparent Injury,"Followed Too Closely, Operated Motor Vehicle in Inattentive, Careless, Negligent, or Erratic Manner, Other Improper Action, Too Fast For Conditions","Other Action (looking away from task, etc.)",MD,Pickup,Moving Constant Speed,35,No,2004,FORD,F-150,39.13269695,-77.12148157,2024,7,16
240035324,Property Damage Crash,07/26/2024 04:34:00 PM,MUNCASTER MILL RD,NA,Front to Rear,Clear,Dry,Daylight,Traffic Control Signal,NONE DETECTED,No,No Apparent Injury,NA,Not Distracted,MD,Station Wagon,Moving Constant Speed,35,No,2020,KIA,SPORTAGE,39.13269695,-77.12148157,2024,7,16
240035328,Property Damage Crash,07/26/2024 04:30:00 PM,WESTLAKE TERR (WB/L),NA,Front to Rear,Clear,Dry,Daylight,No Controls,NONE DETECTED,No,No Apparent Injury,NA,Not Distracted,MD,Sport Utility Vehicle,Moving Constant Speed,35,No,2021,TOYOTA,RAV4,39.02656462,-77.14311835,2024,7,16
240035328,Property Damage Crash,07/26/2024 04:30:00 PM,WESTLAKE TERR (WB/L),NA,Front to Rear,Clear,Dry,Daylight,No Controls,NONE DETECTED,Yes,No Apparent Injury,"Operated Motor Vehicle in Inattentive, Careless, Negligent, or Erratic Manner",Unknown,MD,Sport Utility Vehicle,Moving Constant Speed,35,No,2020,HONDA,CR-V,39.02656462,-77.14311835,2024,7,16
240035322,Property Damage Crash,07/26/2024 04:02:00 PM,UNIVERSITY BLVD W,NA,Front to Rear,Clear,Dry,Daylight,Traffic Control Signal,NONE DETECTED,No,No Apparent Injury,NA,Not Distracted,MD,Passenger Car,Stopped in Traffic,25,No,2023,TOYOTA,CAMRY,39.03754407,-77.05969308,2024,7,16
240035322,Property Damage Crash,07/26/2024 04:02:00 PM,UNIVERSITY BLVD W,NA,Front to Rear,Clear,Dry,Daylight,Traffic Control Signal,NONE DETECTED,Yes,No Apparent Injury,NA,Unknown,NA,Pickup,Overtaking/Passing,25,No,2009,FORD,F-150,39.03754407,-77.05969308,2024,7,16
240035331,Property Damage Crash,07/26/2024 04:00:00 PM,NICHOLSON LA,NA,"Sideswipe, Same Direction",Clear,Dry,Daylight,Traffic Control Signal,NONE DETECTED,No,No Apparent Injury,NA,Not Distracted,IL,Sport Utility Vehicle,Moving Constant Speed,25,No,2007,LEXUS,RX,39.04462731,-77.11336099,2024,7,16
240035331,Property Damage Crash,07/26/2024 04:00:00 PM,NICHOLSON LA,NA,"Sideswipe, Same Direction",Clear,Dry,Daylight,Traffic Control Signal,NONE DETECTED,No,No Apparent Injury,NA,Not Distracted,MD,Sport Utility Vehicle,Turning Left,20,No,2022,SUBARU,FORESTER,39.04462731,-77.11336099,2024,7,16
240045596,Property Damage Crash,07/26/2024 03:57:00 PM,INDIAN SPRING DR,NA,"Sideswipe, Same Direction",Clear,Dry,Daylight,No Controls,NONE DETECTED,Yes,No Apparent Injury,NA,Unknown,MD,Passenger Car,Slowing or Stopping,15,No,2012,HONDA,FIT,39.0151682,-76.9995925,2024,7,15
240035314,Injury Crash,07/26/2024 03:54:00 PM,NA,NA,Angle,Clear,Dry,Daylight,Stop Sign,NONE DETECTED,Yes,Possible Minor Injury,NA,Not Distracted,DC,Passenger Car,Entering Traffic Lane,30,No,2014,HONDA,CR-V,39.00402814,-77.04100945,2024,7,15
240035314,Injury Crash,07/26/2024 03:54:00 PM,NA,NA,Angle,Clear,Dry,Daylight,No Controls,NONE DETECTED,No,No Apparent Injury,NA,Not Distracted,MD,Passenger Car,Moving Constant Speed,30,No,2015,TOYOTA,COROLLA,39.00402814,-77.04100945,2024,7,15
240035304,Injury Crash,07/26/2024 02:24:00 PM,PLUM ORCHARD DR,NA,Rear To Side,Clear,Dry,Daylight,Traffic Control Signal,NONE DETECTED,Yes,No Apparent Injury,Ran Red Light,Unknown,MD,Passenger Car,Moving Constant Speed,25,No,2008,BUICK,CENTURY,39.05272588,-76.95318274,2024,7,14
240035304,Injury Crash,07/26/2024 02:24:00 PM,PLUM ORCHARD DR,NA,Rear To Side,Clear,Dry,Daylight,Traffic Control Signal,NONE DETECTED,No,Possible Minor Injury,NA,Not Distracted,MD,Sport Utility Vehicle,Moving Constant Speed,35,No,2023,NISSAN,ROGUE,39.05272588,-76.95318274,2024,7,14
240035282,Property Damage Crash,07/26/2024 11:21:00 AM,NA,NA,Angle,Clear,Dry,Daylight,No Controls,NONE DETECTED,Yes,No Apparent Injury,NA,Not Distracted,FL,Other Trucks,Backing,30,No,2022,FREIGHTLINER,CASCADIA,38.99698635,-77.02744915,2024,7,11
240035282,Property Damage Crash,07/26/2024 11:21:00 AM,NA,NA,Angle,Clear,Dry,Daylight,No Controls,NONE DETECTED,No,No Apparent Injury,NA,Not Distracted,MD,Bus - Transit,Accelerating,30,No,2011,NEW FLYER,XCELSIOR,38.99698635,-77.02744915,2024,7,11
240035275,Injury Crash,07/26/2024 10:25:00 AM,FIRSTFIELD RD (EB/L),NA,Angle,Clear,Dry,Daylight,Traffic Control Signal,NONE DETECTED,No,Possible Minor Injury,NA,Not Distracted,MD,Passenger Car,Moving Constant Speed,30,No,2022,KIA,EV6,39.143724,-77.22389767,2024,7,10
240035275,Injury Crash,07/26/2024 10:25:00 AM,FIRSTFIELD RD (EB/L),NA,Angle,Clear,Dry,Daylight,Traffic Control Signal,NONE DETECTED,Yes,No Apparent Injury,NA,Unknown,MD,Passenger Car,Turning Right,30,No,2006,CHRYSLER,300,39.143724,-77.22389767,2024,7,10
240035263,Property Damage Crash,07/26/2024 08:49:00 AM,CEDAR LA,NA,Front to Rear,Cloudy,Wet,Daylight,No Controls,NONE DETECTED,Yes,No Apparent Injury,NA,Unknown,MD,Sport Utility Vehicle,Moving Constant Speed,30,No,2015,CHEVROLET,EQUINOX,39.02045167,-77.085875,2024,7,8
240035263,Property Damage Crash,07/26/2024 08:49:00 AM,CEDAR LA,NA,Front to Rear,Cloudy,Wet,Daylight,No Controls,NONE DETECTED,No,No Apparent Injury,NA,Not Distracted,MD,Sport Utility Vehicle,Slowing or Stopping,30,No,2017,SUBARU,CROSSTREK,39.02045167,-77.085875,2024,7,8
240035263,Property Damage Crash,07/26/2024 08:49:00 AM,CEDAR LA,NA,Front to Rear,Cloudy,Wet,Daylight,No Controls,NONE DETECTED,No,No Apparent Injury,NA,Not Distracted,MD,Van - Passenger (&lt;9 Seats),Slowing or Stopping,30,No,2024,TOYOTA,VAN,39.02045167,-77.085875,2024,7,8
240035262,Property Damage Crash,07/26/2024 08:45:00 AM,NA,NA,Angle,Cloudy,Dry,Daylight,Traffic Control Signal,NONE DETECTED,No,No Apparent Injury,NA,Not Distracted,DE,Passenger Car,Accelerating,25,No,2012,TOYOTA,PRIUS V,39.04723033,-77.051997,2024,7,8
240035262,Property Damage Crash,07/26/2024 08:45:00 AM,NA,NA,Angle,Cloudy,Dry,Daylight,Traffic Control Signal,NONE DETECTED,No,No Apparent Injury,NA,Not Distracted,MD,Sport Utility Vehicle,Moving Constant Speed,30,No,2020,HYUNDAI,PALISADE,39.04723033,-77.051997,2024,7,8
240035261,Property Damage Crash,07/26/2024 08:30:00 AM,MIDCOUNTY HWY,NA,Front to Rear,Cloudy,Dry,Daylight,No Controls,NONE DETECTED,No,No Apparent Injury,NA,Not Distracted,NA,Passenger Car,Moving Constant Speed,35,No,2016,HONDA,CIVIC,39.15968867,-77.20089167,2024,7,8
240035261,Property Damage Crash,07/26/2024 08:30:00 AM,MIDCOUNTY HWY,NA,Front to Rear,Cloudy,Dry,Daylight,No Controls,NONE DETECTED,Yes,No Apparent Injury,Followed Too Closely,Unknown,MD,Passenger Car,Moving Constant Speed,35,No,2017,HONDA,CIVIC,39.15968867,-77.20089167,2024,7,8
240035254,Injury Crash,07/26/2024 06:47:00 AM,MT EPHRAIM RD,NA,Single Vehicle,Cloudy,Wet,Daylight,No Controls,NONE DETECTED,Yes,Possible Minor Injury,Too Fast For Conditions,Not Distracted,MD,Passenger Car,Moving Constant Speed,40,No,2006,NISSAN,NISSAN Z,39.22855195,-77.4159832,2024,7,6
240035245,Property Damage Crash,07/26/2024 12:44:00 AM,MARYLAND AVE,NA,Single Vehicle,Clear,Dry,Medium,No Controls,NONE DETECTED,No,No Apparent Injury,NA,"Other Action (looking away from task, etc.)",MD,Passenger Car,Moving Constant Speed,25,No,2010,HONDA,ODYSSEY,39.07645173,-77.16157754,2024,7,0
240035243,Injury Crash,07/26/2024 12:09:00 AM,MUNCASTER MILL RD,NA,Single Vehicle,Clear,Dry,Medium,No Controls,ALCOHOL PRESENT,Yes,Possible Minor Injury,"Operated Motor Vehicle in Inattentive, Careless, Negligent, or Erratic Manner, Other Improper Action, Ran Off Roadway, Too Fast For Conditions",Unknown,MD,Passenger Car,Moving Constant Speed,40,No,2007,LEXUS,ES,39.11590007,-77.0982211,2024,7,0
240035235,Property Damage Crash,07/25/2024 09:58:00 PM,GREAT SENECA HWY,NA,Front to Rear,Clear,Dry,Medium,Traffic Control Signal,NONE DETECTED,Yes,No Apparent Injury,NA,Unknown,MD,Sport Utility Vehicle,Turning Left,50,No,2020,NISSAN,MURANO,39.10862721,-77.21233749,2024,7,21
240035235,Property Damage Crash,07/25/2024 09:58:00 PM,GREAT SENECA HWY,NA,Front to Rear,Clear,Dry,Medium,Traffic Control Signal,NONE DETECTED,No,No Apparent Injury,NA,Not Distracted,MD,Passenger Car,Turning Left,50,No,2021,SUBARU,FORESTER,39.10862721,-77.21233749,2024,7,21
240035227,Property Damage Crash,07/25/2024 09:00:00 PM,MUNCASTER MILL RD,NA,Single Vehicle,Cloudy,Dry,Medium,Traffic Control Signal,NONE DETECTED,Yes,No Apparent Injury,Too Fast For Conditions,Not Distracted,MD,Sport Utility Vehicle,Turning Right,35,No,2021,CADILLAC,XLR,39.148492,-77.14688017,2024,7,21
240036223,Property Damage Crash,07/25/2024 08:04:00 PM,RAMP 7 FR RAMP 2 (FR IS 495) TO MD 97 SB,NA,"Sideswipe, Same Direction",Clear,Dry,Medium,Traffic Control Signal,NONE DETECTED,No,No Apparent Injury,NA,Not Distracted,MD,Passenger Car,Negotiating a Curve,30,No,2015,HONDA,ACCORD,39.01407767,-77.04230183,2024,7,20
240036223,Property Damage Crash,07/25/2024 08:04:00 PM,RAMP 7 FR RAMP 2 (FR IS 495) TO MD 97 SB,NA,"Sideswipe, Same Direction",Clear,Dry,Medium,Traffic Control Signal,NONE DETECTED,No,No Apparent Injury,NA,Not Distracted,MD,Bus - Transit,Negotiating a Curve,30,No,2016,GILLIG,LOW FLOOR BUS,39.01407767,-77.04230183,2024,7,20
240035221,Injury Crash,07/25/2024 07:50:00 PM,CHRISTOPHER AVE,NA,Other,Clear,Dry,Daylight,Traffic Control Signal,NONE DETECTED,No,Possible Minor Injury,NA,Unknown,MD,Passenger Car,Moving Constant Speed,35,No,2005,NISSAN,MURANO,39.15583514,-77.21591892,2024,7,19
240035221,Injury Crash,07/25/2024 07:50:00 PM,CHRISTOPHER AVE,NA,Other,Clear,Dry,Daylight,Traffic Control Signal,NONE DETECTED,No,No Apparent Injury,NA,Unknown,MD,Passenger Car,Turning Left,35,No,2011,TOYOTA,SIENNA,39.15583514,-77.21591892,2024,7,19
240035214,Property Damage Crash,07/25/2024 07:37:00 PM,RAMP 6 FR RAMP 10 (FR IS270) TO MD 187,NA,Front to Rear,Clear,Dry,Daylight,Traffic Control Signal,NONE DETECTED,Yes,No Apparent Injury,"Followed Too Closely, Operated Motor Vehicle in Inattentive, Careless, Negligent, or Erratic Manner, Other Improper Action",Unknown,MD,Bus - Transit,Slowing or Stopping,35,No,2019,GILLIG,LOW FLOOR BUS,39.03014148,-77.12720107,2024,7,19
240035214,Property Damage Crash,07/25/2024 07:37:00 PM,RAMP 6 FR RAMP 10 (FR IS270) TO MD 187,NA,Front to Rear,Clear,Dry,Daylight,Traffic Control Signal,NONE DETECTED,No,No Apparent Injury,NA,Not Distracted,MD,Passenger Car,Stopped in Traffic,35,No,2023,HYUNDAI,PALISADE,39.03014148,-77.12720107,2024,7,19
240035215,Property Damage Crash,07/25/2024 06:44:00 PM,CONNECTICUT AVE,NA,Front to Front,Clear,Dry,Daylight,No Controls,NONE DETECTED,No,No Apparent Injury,NA,Not Distracted,NA,Passenger Car,Making U-Turn,35,No,2023,TOYOTA,CAMRY,38.988256,-77.07711407,2024,7,18
240035215,Property Damage Crash,07/25/2024 06:44:00 PM,CONNECTICUT AVE,NA,Front to Front,Clear,Dry,Daylight,No Controls,NONE DETECTED,No,No Apparent Injury,NA,Not Distracted,MD,Passenger Car,Turning Left,35,No,2012,DODGE,CHARGER,38.988256,-77.07711407,2024,7,18
240035205,Property Damage Crash,07/25/2024 06:22:00 PM,SHADY GROVE RD (SB/L),NA,Front to Rear,Cloudy,Dry,Daylight,No Controls,NONE DETECTED,No,No Apparent Injury,Followed Too Closely,Not Distracted,MD,Passenger Car,Slowing or Stopping,40,No,2015,BMW,320I,39.09181867,-77.1974705,2024,7,18
240035205,Property Damage Crash,07/25/2024 06:22:00 PM,SHADY GROVE RD (SB/L),NA,Front to Rear,Cloudy,Dry,Daylight,No Controls,NONE DETECTED,No,No Apparent Injury,NA,Not Distracted,MD,Passenger Car,Stopped in Traffic,40,No,2018,AUDI,A4,39.09181867,-77.1974705,2024,7,18
240035207,Injury Crash,07/25/2024 06:20:00 PM,NA,Cyclist (non-electric),Single Vehicle,Cloudy,Dry,Daylight,Traffic Control Signal,NONE DETECTED,Yes,No Apparent Injury,"Failed to Yield Right-of-Way, Improper Turn",Unknown,MD,Pickup,Turning Left,30,No,2023,CHEVROLET,COLORADO,39.1792493,-77.41292448,2024,7,18
240035203,Property Damage Crash,07/25/2024 06:00:00 PM,NA,NA,"Sideswipe, Same Direction",Clear,NA,Daylight,NA,NONE DETECTED,No,NA,NA,NA,NA,Station Wagon,Accelerating,0,No,2013,FORD,E-250,39.02529033,-77.14536593,2024,7,18
240035912,Property Damage Crash,07/25/2024 05:42:00 PM,S FREDERICK RD (SB/L),NA,Rear To Side,Clear,Dry,Daylight,No Controls,NONE DETECTED,No,No Apparent Injury,NA,Not Distracted,MD,Sport Utility Vehicle,Moving Constant Speed,30,No,2016,NISSAN,ROGUE,39.13677583,-77.19302217,2024,7,17
240035912,Property Damage Crash,07/25/2024 05:42:00 PM,S FREDERICK RD (SB/L),NA,Rear To Side,Clear,Dry,Daylight,No Controls,NONE DETECTED,Yes,No Apparent Injury,NA,Unknown,VA,Pickup,Moving Constant Speed,25,No,2019,CHEVROLET,SILVERADO,39.13677583,-77.19302217,2024,7,17
240035185,Property Damage Crash,07/25/2024 05:35:00 PM,NA,NA,Front to Front,Cloudy,Dry,Daylight,Stop Sign,NONE DETECTED,No,No Apparent Injury,NA,Not Distracted,MD,Passenger Car,Moving Constant Speed,35,No,2010,NISSAN,VERSA,39.1460936,-77.14509476,2024,7,17
240035185,Property Damage Crash,07/25/2024 05:35:00 PM,NA,NA,Front to Front,Cloudy,Dry,Daylight,Stop Sign,NONE DETECTED,Yes,No Apparent Injury,Failed to Yield Right-of-Way,Not Distracted,MD,Passenger Car,Turning Left,35,No,2018,AUDI,Q3,39.1460936,-77.14509476,2024,7,17
240035174,Property Damage Crash,07/25/2024 04:34:00 PM,CADDINGTON AVE,NA,Front to Rear,Cloudy,Dry,Daylight,Stop Sign,NONE DETECTED,No,No Apparent Injury,NA,Not Distracted,MD,Pickup,Slowing or Stopping,25,No,2022,TOYOTA,TACOMA,39.03429511,-77.02119515,2024,7,16
240035174,Property Damage Crash,07/25/2024 04:34:00 PM,CADDINGTON AVE,NA,Front to Rear,Cloudy,Dry,Daylight,Stop Sign,ALCOHOL PRESENT,Yes,No Apparent Injury,Ran Stop Sign,Unknown,MD,Passenger Car,Moving Constant Speed,25,No,2013,HONDA,ACCORD,39.03429511,-77.02119515,2024,7,16
240035144,Property Damage Crash,07/25/2024 03:00:00 PM,FALLS RD,NA,Single Vehicle,Clear,Dry,Daylight,No Controls,NONE DETECTED,No,No Apparent Injury,"Other Improper Action, Ran Off Roadway",Not Distracted,MD,Passenger Car,Moving Constant Speed,35,No,2011,NISSAN,ALTIMA,39.0570666,-77.17846592,2024,7,15
240035147,Property Damage Crash,07/25/2024 03:00:00 PM,ROCKVILLE PIKE,NA,"Sideswipe, Same Direction",Clear,Dry,Daylight,No Controls,NONE DETECTED,No,No Apparent Injury,NA,Not Distracted,MN,Passenger Car,Slowing or Stopping,35,No,2019,ALFA ROMEO,GIULIA (952),39.03299604,-77.10609,2024,7,15
240035147,Property Damage Crash,07/25/2024 03:00:00 PM,ROCKVILLE PIKE,NA,"Sideswipe, Same Direction",Clear,Dry,Daylight,No Controls,NONE DETECTED,No,No Apparent Injury,NA,Not Distracted,MD,Passenger Car,Moving Constant Speed,35,No,2012,HYUNDAI,SONATA,39.03299604,-77.10609,2024,7,15
240035142,Injury Crash,07/25/2024 02:38:00 PM,GLENALLAN AVE (WB/L),NA,Rear To Side,Clear,Dry,Daylight,Stop Sign,NONE DETECTED,Yes,Possible Minor Injury,NA,Not Distracted,MD,Passenger Car,Turning Left,30,No,2010,ACURA,TSX,39.06386732,-77.05204954,2024,7,14
240035142,Injury Crash,07/25/2024 02:38:00 PM,GLENALLAN AVE (WB/L),NA,Rear To Side,Clear,Dry,Daylight,No Controls,NONE DETECTED,No,No Apparent Injury,NA,Not Distracted,MD,Passenger Car,Moving Constant Speed,30,No,2014,JEEP,WRANGLER,39.06386732,-77.05204954,2024,7,14
240035140,Property Damage Crash,07/25/2024 02:30:00 PM,NA,NA,"Sideswipe, Same Direction",Clear,NA,Daylight,NA,NONE DETECTED,Yes,No Apparent Injury,Improper Backing,Unknown,MD,Van - Cargo,Backing,0,No,2024,ISUZU,4000 SERIES MEDIUM DUTY,39.18232207,-77.26631684,2024,7,14
240035133,Property Damage Crash,07/25/2024 02:09:00 PM,COLUMBIA PIKE (SB/L),NA,Front to Rear,Clear,Dry,Daylight,No Controls,NONE DETECTED,No,No Apparent Injury,NA,Not Distracted,MD,Passenger Car,Slowing or Stopping,35,No,2016,MAZDA,CX-5,39.03389777,-77.00236403,2024,7,14
240035133,Property Damage Crash,07/25/2024 02:09:00 PM,COLUMBIA PIKE (SB/L),NA,Front to Rear,Clear,Dry,Daylight,No Controls,NONE DETECTED,No,No Apparent Injury,NA,Not Distracted,NJ,Passenger Car,Moving Constant Speed,35,No,2020,HYUNDAI,TUCSON,39.03389777,-77.00236403,2024,7,14
240035123,Property Damage Crash,07/25/2024 01:42:00 PM,UNIVERSITY BLVD W (WB/L),NA,"Sideswipe, Opposite Direction",Cloudy,Dry,Daylight,Traffic Control Signal,NONE DETECTED,No,No Apparent Injury,NA,Not Distracted,DC,Passenger Car,Accelerating,25,No,2014,VOLKSWAGEN,CC,39.04131111,-77.04810455,2024,7,13
240035123,Property Damage Crash,07/25/2024 01:42:00 PM,UNIVERSITY BLVD W (WB/L),NA,"Sideswipe, Opposite Direction",Cloudy,Dry,Daylight,Traffic Control Signal,NONE DETECTED,No,No Apparent Injury,NA,Not Distracted,MD,Passenger Car,Turning Left,25,No,2010,CADILLAC,DTS,39.04131111,-77.04810455,2024,7,13
240035125,Property Damage Crash,07/25/2024 01:40:00 PM,SHADY GROVE RD,NA,Front to Rear,Cloudy,Dry,Daylight,No Controls,NONE DETECTED,No,No Apparent Injury,NA,Not Distracted,MD,Passenger Car,Moving Constant Speed,35,No,2022,JEEP,COMPASS,39.1143641,-77.18574199,2024,7,13
240035125,Property Damage Crash,07/25/2024 01:40:00 PM,SHADY GROVE RD,NA,Front to Rear,Cloudy,Dry,Daylight,No Controls,NONE DETECTED,Yes,No Apparent Injury,"Followed Too Closely, Improper Passing",Unknown,MD,Passenger Car,Entering Traffic Lane,35,No,2004,TOYOTA,TACOMA,39.1143641,-77.18574199,2024,7,13
240035120,Injury Crash,07/25/2024 01:05:00 PM,NA,Pedestrian,Single Vehicle,Cloudy,NA,Daylight,NA,NONE DETECTED,No,No Apparent Injury,NA,"Other Action (looking away from task, etc.)",MD,Passenger Car,Negotiating a Curve,0,No,2018,HYUNDAI,ELANTRA,39.03841117,-77.05670907,2024,7,13
240035112,Injury Crash,07/25/2024 12:54:00 PM,SHADY GROVE RD,NA,"Sideswipe, Same Direction",Clear,Dry,Daylight,Flashing Traffic Control Signal,NONE DETECTED,No,No Apparent Injury,NA,Not Distracted,MD,Sport Utility Vehicle,Stopped in Traffic,35,No,2013,ACURA,MDX,39.10880904,-77.18843584,2024,7,12
240035112,Injury Crash,07/25/2024 12:54:00 PM,SHADY GROVE RD,NA,"Sideswipe, Same Direction",Clear,Dry,Daylight,Flashing Traffic Control Signal,NONE DETECTED,No,No Apparent Injury,NA,Not Distracted,MD,Passenger Car,Stopped in Traffic,35,No,2022,TESLA,MODEL 3,39.10880904,-77.18843584,2024,7,12
240035112,Injury Crash,07/25/2024 12:54:00 PM,SHADY GROVE RD,NA,"Sideswipe, Same Direction",Clear,Dry,Daylight,Flashing Traffic Control Signal,NONE DETECTED,Yes,No Apparent Injury,"Failed to Yield Right-of-Way, Too Fast For Conditions",Unknown,MD,Passenger Car,Changing Lanes,35,No,2018,HONDA,FIT,39.10880904,-77.18843584,2024,7,12
240035112,Injury Crash,07/25/2024 12:54:00 PM,SHADY GROVE RD,NA,"Sideswipe, Same Direction",Clear,Dry,Daylight,No Controls,NONE DETECTED,No,Possible Minor Injury,NA,Not Distracted,MD,Sport Utility Vehicle,Moving Constant Speed,35,No,2021,GMC,YUKON,39.10880904,-77.18843584,2024,7,12
240035111,Injury Crash,07/25/2024 12:45:00 PM,CRYSTAL ROCK DR,NA,Other,Clear,Dry,Daylight,No Controls,NONE DETECTED,Yes,Possible Minor Injury,Failed to Yield Right-of-Way,Unknown,MD,Sport Utility Vehicle,Entering Traffic Lane,40,No,2007,ACURA,MDX,39.19010244,-77.26652997,2024,7,12
240035111,Injury Crash,07/25/2024 12:45:00 PM,CRYSTAL ROCK DR,NA,Other,Clear,Dry,Daylight,Stop Sign,NONE DETECTED,No,No Apparent Injury,NA,Not Distracted,MD,Sport Utility Vehicle,Stopped in Traffic,30,No,2023,NISSAN,PATHFINDER,39.19010244,-77.26652997,2024,7,12
240035111,Injury Crash,07/25/2024 12:45:00 PM,CRYSTAL ROCK DR,NA,Other,Clear,Dry,Daylight,No Controls,NONE DETECTED,No,No Apparent Injury,NA,Not Distracted,MD,Sport Utility Vehicle,Moving Constant Speed,40,No,2020,CHEVROLET,EQUINOX,39.19010244,-77.26652997,2024,7,12
240035110,Property Damage Crash,07/25/2024 12:30:00 PM,OLD GEORGETOWN RD,NA,"Sideswipe, Same Direction",Clear,Dry,Daylight,No Controls,NONE DETECTED,No,No Apparent Injury,NA,Not Distracted,MD,Van - Passenger (&lt;9 Seats),Moving Constant Speed,35,No,2020,CHRYSLER,PACIFICA,39.03563,-77.12430667,2024,7,12