Local Case Number,ACRS Report Type,Crash Date/Time,Road Name,Related Non-Motorist,Collision Type,Weather,Surface Condition,Light,Traffic Control,Driver Substance Abuse,Driver At Fault,Injury Severity,Circumstance,Driver Distracted By,Drivers License State,Vehicle Body Type,Vehicle Movement,Speed Limit,Driverless Vehicle,Vehicle Year,Vehicle Make,Vehicle Model,Latitude,Longitude,Year,Month,Hour
240035110,Property Damage Crash,07/25/2024 12:30:00 PM,OLD GEORGETOWN RD,NA,"Sideswipe, Same Direction",Clear,Dry,Daylight,No Controls,NONE DETECTED,No,No Apparent Injury,Other Improper Action,Unknown,MD,Bus - School,Changing Lanes,35,No,2024,THOMAS BUILT,SCHOOL BUS,39.03563,-77.12430667,2024,7,12
240035104,Injury Crash,07/25/2024 12:14:00 PM,MONTROSE PKWY (WB/L),NA,Front to Rear,Cloudy,Dry,Daylight,No Controls,NONE DETECTED,Yes,No Apparent Injury,Followed Too Closely,"Other Action (looking away from task, etc.)",MD,Other,Moving Constant Speed,35,No,2021,RAM,PROMASTER CITY,39.05229533,-77.11757983,2024,7,12
240035104,Injury Crash,07/25/2024 12:14:00 PM,MONTROSE PKWY (WB/L),NA,Front to Rear,Cloudy,Dry,Daylight,No Controls,NONE DETECTED,No,Possible Minor Injury,NA,Not Distracted,MD,Other Trucks,Stopped in Traffic,35,No,2016,FORD,COMMERCIAL CHASSIS,39.05229533,-77.11757983,2024,7,12
240035114,Property Damage Crash,07/25/2024 11:34:00 AM,PERSEI PL,NA,"Sideswipe, Same Direction",Clear,Dry,Daylight,No Controls,NONE DETECTED,No,NA,NA,NA,NA,Passenger Car,Moving Constant Speed,25,No,2019,HONDA,ODYSSEY,39.05013333,-77.11701167,2024,7,11
240035114,Property Damage Crash,07/25/2024 11:34:00 AM,PERSEI PL,NA,"Sideswipe, Same Direction",Clear,Dry,Daylight,No Controls,NONE DETECTED,No,No Apparent Injury,NA,Not Distracted,MD,Passenger Car,Entering Traffic Lane,25,No,2017,ACURA,MDX,39.05013333,-77.11701167,2024,7,11
240035089,Property Damage Crash,07/25/2024 10:45:00 AM,PORTAL DR,NA,"Sideswipe, Same Direction",Clear,Dry,Daylight,No Controls,NONE DETECTED,Yes,No Apparent Injury,Other Improper Action,"Other Action (looking away from task, etc.)",MD,Passenger Car,Moving Constant Speed,25,No,2019,HONDA,FIT,38.99109206,-77.03495162,2024,7,10
240035083,Property Damage Crash,07/25/2024 10:33:00 AM,NA,NA,Single Vehicle,Clear,Dry,Daylight,Traffic Control Signal,NONE DETECTED,No,No Apparent Injury,NA,Not Distracted,MD,Passenger Car,Turning Left,35,No,2015,NISSAN,ALTIMA,39.06806104,-77.06113316,2024,7,10
240035077,Injury Crash,07/25/2024 10:10:00 AM,METROPOLITAN CT,NA,Single Vehicle,Clear,Dry,Daylight,No Controls,NONE DETECTED,No,Possible Minor Injury,NA,Talking/listening,MD,Passenger Car,Accelerating,25,No,2010,TOYOTA,YARIS,39.14776641,-77.22695709,2024,7,10
240035080,Property Damage Crash,07/25/2024 09:56:00 AM,NORBECK RD,NA,Front to Rear,Cloudy,Dry,Daylight,No Controls,NONE DETECTED,Yes,No Apparent Injury,NA,"Other Action (looking away from task, etc.)",MD,Sport Utility Vehicle,Moving Constant Speed,40,No,2018,JEEP,WRANGLER,39.11238133,-77.06310333,2024,7,9
240035080,Property Damage Crash,07/25/2024 09:56:00 AM,NORBECK RD,NA,Front to Rear,Cloudy,Dry,Daylight,No Controls,NONE DETECTED,No,No Apparent Injury,NA,Not Distracted,MD,Sport Utility Vehicle,Moving Constant Speed,40,No,2021,SUBARU,FORESTER,39.11238133,-77.06310333,2024,7,9
240035064,Injury Crash,07/25/2024 08:18:00 AM,COLUMBIA PIKE (SB/L),NA,Front to Rear,Cloudy,Dry,Daylight,No Controls,NONE DETECTED,No,Possible Minor Injury,NA,Not Distracted,MD,Passenger Car,Stopped in Traffic,35,No,2014,ACURA,ILX,39.03229904,-77.00386657,2024,7,8
240035064,Injury Crash,07/25/2024 08:18:00 AM,COLUMBIA PIKE (SB/L),NA,Front to Rear,Cloudy,Dry,Daylight,No Controls,NONE DETECTED,No,No Apparent Injury,NA,Not Distracted,MD,Passenger Car,Slowing or Stopping,35,No,2013,CHRYSLER,300,39.03229904,-77.00386657,2024,7,8
240035064,Injury Crash,07/25/2024 08:18:00 AM,COLUMBIA PIKE (SB/L),NA,Front to Rear,Cloudy,Dry,Daylight,No Controls,NONE DETECTED,No,Possible Minor Injury,NA,Not Distracted,MD,Passenger Car,Stopped in Traffic,35,No,2023,BMW,230I,39.03229904,-77.00386657,2024,7,8
240035064,Injury Crash,07/25/2024 08:18:00 AM,COLUMBIA PIKE (SB/L),NA,Front to Rear,Cloudy,Dry,Daylight,No Controls,NONE DETECTED,No,No Apparent Injury,NA,Not Distracted,MD,Passenger Car,Stopped in Traffic,35,No,2005,CHEVROLET,MALIBU,39.03229904,-77.00386657,2024,7,8
240035064,Injury Crash,07/25/2024 08:18:00 AM,COLUMBIA PIKE (SB/L),NA,Front to Rear,Cloudy,Dry,Daylight,No Controls,NONE DETECTED,No,No Apparent Injury,NA,Not Distracted,MD,Passenger Car,Stopped in Traffic,35,No,2020,ACURA,TL,39.03229904,-77.00386657,2024,7,8
240035058,Injury Crash,07/25/2024 07:30:00 AM,NA,NA,Single Vehicle,Clear,NA,Daylight,NA,NONE DETECTED,Yes,Possible Minor Injury,Other Improper Action,Not Distracted,MD,Passenger Car,Slowing or Stopping,0,No,2024,MAZDA,CX-5,39.18261398,-77.26689934,2024,7,7
240035059,Property Damage Crash,07/25/2024 12:05:00 AM,ST PAUL ST,NA,Other,Rain,Wet,Medium,No Controls,NONE DETECTED,No,NA,NA,NA,NA,Unknown,NA,25,No,0,NA,NA,39.03090559,-77.06987795,2024,7,0
240035035,Property Damage Crash,07/24/2024 10:31:00 PM,WYEMILL CT,NA,Front to Rear,Clear,Dry,Medium,No Controls,NONE DETECTED,No,No Apparent Injury,"Followed Too Closely, Improper Passing, Operated Motor Vehicle in Reckless or Aggressive Manner, Too Fast For Conditions",Unknown,NA,Van - Passenger (&lt;9 Seats),Overtaking/Passing,15,No,2015,HONDA,ODYSSEY,39.16149796,-77.21034243,2024,7,22
240035035,Property Damage Crash,07/24/2024 10:31:00 PM,WYEMILL CT,NA,Front to Rear,Clear,Dry,Medium,No Controls,NONE DETECTED,No,No Apparent Injury,NA,Not Distracted,MD,Passenger Car,Moving Constant Speed,15,No,2015,FORD,TRANSIT CONNECT,39.16149796,-77.21034243,2024,7,22
240035033,Property Damage Crash,07/24/2024 10:04:00 PM,NA,NA,Single Vehicle,Clear,Dry,Medium,No Controls,NONE DETECTED,Yes,No Apparent Injury,NA,Unknown,MD,Passenger Car,Negotiating a Curve,30,No,2018,TOYOTA,CAMRY,39.07139831,-77.13948484,2024,7,22
240035031,Property Damage Crash,07/24/2024 08:30:00 PM,WILKINS AVE,NA,Front to Rear,Clear,Dry,Medium,No Controls,NONE DETECTED,No,NA,"Failed to Keep in Proper Lane, Operated Motor Vehicle in Inattentive, Careless, Negligent, or Erratic Manner, Operated Motor Vehicle in Reckless or Aggressive Manner",Unknown,NA,Sport Utility Vehicle,Moving Constant Speed,30,No,2006,JEEP,COMMANDER,39.05680678,-77.11274943,2024,7,20
240035019,Property Damage Crash,07/24/2024 07:37:00 PM,AUTUMN DR,NA,Single Vehicle,Clear,Dry,Daylight,No Controls,NONE DETECTED,No,No Apparent Injury,NA,"Manually Operating (dialing, playing game, etc.)",MD,Sport Utility Vehicle,Moving Constant Speed,15,No,2022,HONDA,PILOT,39.07105117,-77.00083167,2024,7,19
240035011,Injury Crash,07/24/2024 06:50:00 PM,ROCKVILLE PIKE,NA,"Sideswipe, Same Direction",Cloudy,Dry,Daylight,No Controls,NONE DETECTED,No,No Apparent Injury,NA,Not Distracted,MD,Passenger Car,Moving Constant Speed,40,No,2020,HONDA,CIVIC,39.043245,-77.11093167,2024,7,18
240035011,Injury Crash,07/24/2024 06:50:00 PM,ROCKVILLE PIKE,NA,"Sideswipe, Same Direction",Cloudy,Dry,Daylight,No Controls,NONE DETECTED,No,Possible Minor Injury,NA,Not Distracted,MD,Sport Utility Vehicle,Turning Right,40,No,2021,GENESIS,GV80,39.043245,-77.11093167,2024,7,18
240035006,Property Damage Crash,07/24/2024 06:20:00 PM,ROCKVILLE PIKE,NA,Angle,Cloudy,Dry,Daylight,Other,NONE DETECTED,No,No Apparent Injury,NA,Not Distracted,WV,Passenger Car,Moving Constant Speed,30,No,2023,TOYOTA,RAV4,39.06184483,-77.12389255,2024,7,18
240035006,Property Damage Crash,07/24/2024 06:20:00 PM,ROCKVILLE PIKE,NA,Angle,Cloudy,Dry,Daylight,Traffic Control Signal,NONE DETECTED,Yes,No Apparent Injury,Ran Red Light,Unknown,VA,Passenger Car,Moving Constant Speed,40,No,2000,SUBARU,OUTBACK,39.06184483,-77.12389255,2024,7,18
240035008,Property Damage Crash,07/24/2024 06:19:00 PM,NA,NA,Front to Rear,Clear,Dry,Daylight,No Controls,ALCOHOL PRESENT,Yes,No Apparent Injury,Failed to Keep in Proper Lane,Unknown,MD,Passenger Car,NA,30,No,2021,TOYOTA,CAMRY,39.07029834,-77.10369405,2024,7,18
240035016,Property Damage Crash,07/24/2024 06:15:00 PM,NA,NA,Front to Front,Clear,NA,Daylight,NA,NONE DETECTED,No,No Apparent Injury,Over-Correcting/Over-Steering,Not Distracted,NA,Passenger Car,Accelerating,0,No,1994,TOYOTA,COROLLA,39.16060228,-77.20536939,2024,7,18
240035009,Property Damage Crash,07/24/2024 05:30:00 PM,CARROLL AVE,NA,Front to Rear,Rain,Wet,Daylight,Traffic Control Signal,NONE DETECTED,No,No Apparent Injury,NA,Not Distracted,MD,Passenger Car,Stopped in Traffic,40,No,2015,TOYOTA,COROLLA,38.99995147,-76.9907185,2024,7,17
240035009,Property Damage Crash,07/24/2024 05:30:00 PM,CARROLL AVE,NA,Front to Rear,Rain,Wet,Daylight,Traffic Control Signal,NONE DETECTED,No,No Apparent Injury,NA,NA,NA,Van - Passenger (&lt;9 Seats),Moving Constant Speed,40,No,2011,FORD,TRANSIT,38.99995147,-76.9907185,2024,7,17
240035004,Property Damage Crash,07/24/2024 05:15:00 PM,NA,NA,Single Vehicle,Cloudy,Wet,Daylight,No Controls,NONE DETECTED,Yes,No Apparent Injury,NA,Not Distracted,MD,Sport Utility Vehicle,Negotiating a Curve,35,No,2013,HYUNDAI,SANTA FE SPORT,39.18985936,-77.22143518,2024,7,17
240034987,Property Damage Crash,07/24/2024 04:57:00 PM,BRINK RD,NA,Single Vehicle,Cloudy,Wet,Daylight,No Controls,NONE DETECTED,No,NA,NA,NA,NA,Passenger Car,NA,35,No,2003,HONDA,CIVIC,39.20530566,-77.18632244,2024,7,16
240034973,Property Damage Crash,07/24/2024 04:01:00 PM,UNIVERSITY BLVD W,NA,"Sideswipe, Same Direction",Cloudy,Dry,Daylight,Traffic Control Signal,NONE DETECTED,No,No Apparent Injury,NA,Not Distracted,MD,Bus - Transit,Moving Constant Speed,35,No,2023,FLYER,UNKNOWN,39.03650725,-77.03054389,2024,7,16
240034973,Property Damage Crash,07/24/2024 04:01:00 PM,UNIVERSITY BLVD W,NA,"Sideswipe, Same Direction",Cloudy,Dry,Daylight,Traffic Control Signal,NONE DETECTED,Yes,No Apparent Injury,Failed to Keep in Proper Lane,Unknown,MD,Passenger Car,Turning Right,35,No,2018,HONDA,CIVIC,39.03650725,-77.03054389,2024,7,16
240034969,Property Damage Crash,07/24/2024 03:33:00 PM,NA,NA,Angle,Cloudy,Dry,Daylight,No Controls,NONE DETECTED,No,No Apparent Injury,NA,Not Distracted,MD,Passenger Car,Moving Constant Speed,30,No,2014,MAZDA,MAZDA3,39.17905232,-77.27367996,2024,7,15
240034969,Property Damage Crash,07/24/2024 03:33:00 PM,NA,NA,Angle,Cloudy,Dry,Daylight,No Controls,NONE DETECTED,No,NA,NA,NA,NA,Passenger Car,Turning Right,30,No,2008,LEXUS,GS,39.17905232,-77.27367996,2024,7,15
240034965,Property Damage Crash,07/24/2024 03:02:00 PM,NA,NA,Front to Front,Cloudy,NA,Daylight,NA,NONE DETECTED,No,No Apparent Injury,NA,Not Distracted,MD,Passenger Car,Parked,0,No,2024,LEXUS,ES,39.11976644,-77.20440824,2024,7,15
240034965,Property Damage Crash,07/24/2024 03:02:00 PM,NA,NA,Front to Front,Cloudy,NA,Daylight,NA,NONE DETECTED,No,NA,NA,NA,NA,Passenger Car,NA,0,No,2016,ACURA,RDX,39.11976644,-77.20440824,2024,7,15
240034961,Property Damage Crash,07/24/2024 01:45:00 PM,NA,NA,Front to Front,Clear,NA,Daylight,NA,NONE DETECTED,No,NA,NA,NA,NA,Passenger Car,NA,0,No,2008,SUBARU,UNKNOWN,39.1637377,-77.22582924,2024,7,13
240034940,Property Damage Crash,07/24/2024 01:13:00 PM,NA,NA,"Sideswipe, Same Direction",Clear,NA,Daylight,NA,NONE DETECTED,No,No Apparent Injury,"Improper Backing, Over-Correcting/Over-Steering",Unknown,NA,Passenger Car,Backing,0,No,2023,JEEP,GRAND CHEROKEE,39.02200334,-76.97662725,2024,7,13
240034940,Property Damage Crash,07/24/2024 01:13:00 PM,NA,NA,"Sideswipe, Same Direction",Clear,NA,Daylight,NA,NONE DETECTED,No,No Apparent Injury,NA,Not Distracted,MD,Passenger Car,Parked,0,No,2010,ACURA,MDX,39.02200334,-76.97662725,2024,7,13
240034935,Property Damage Crash,07/24/2024 01:03:00 PM,BLAIR MILL RD,Cyclist (non-electric),Single Vehicle,Clear,Dry,Daylight,Other Warning Sign,NONE DETECTED,No,No Apparent Injury,NA,Unknown,MD,Sport Utility Vehicle,Slowing or Stopping,20,No,1997,JEEP,WRANGLER,38.98906515,-77.02776729,2024,7,13
240034931,Property Damage Crash,07/24/2024 12:55:00 PM,RAMP 1 FR IS 270 NB TO SHADY GROVE RD WB,NA,Other,Cloudy,Dry,Daylight,Traffic Control Signal,NONE DETECTED,No,No Apparent Injury,NA,Not Distracted,MD,Passenger Car,Turning Left,40,No,2013,NISSAN,ALTIMA,39.111856,-77.18702848,2024,7,12
240034931,Property Damage Crash,07/24/2024 12:55:00 PM,RAMP 1 FR IS 270 NB TO SHADY GROVE RD WB,NA,Other,Cloudy,Dry,Daylight,Traffic Control Signal,NONE DETECTED,No,No Apparent Injury,NA,Unknown,MD,Van - Passenger (&lt;9 Seats),Moving Constant Speed,40,No,2014,CHRYSLER,TOWN AND COUNTRY,39.111856,-77.18702848,2024,7,12
240034929,Property Damage Crash,07/24/2024 12:43:00 PM,FENTON ST,NA,"Sideswipe, Same Direction",Clear,Dry,Daylight,No Controls,NONE DETECTED,Yes,No Apparent Injury,Other Improper Action,"Other Action (looking away from task, etc.)",MD,Passenger Car,Stopped in Traffic,25,No,2018,FORD,INTERCEPTOR,38.996747740000004,-77.02504138,2024,7,12
240034929,Property Damage Crash,07/24/2024 12:43:00 PM,FENTON ST,NA,"Sideswipe, Same Direction",Clear,Dry,Daylight,No Controls,NONE DETECTED,No,No Apparent Injury,NA,Not Distracted,MD,Passenger Car,Overtaking/Passing,25,No,2014,TOYOTA,COROLLA,38.996747740000004,-77.02504138,2024,7,12
240034932,Property Damage Crash,07/24/2024 12:25:00 PM,FREDERICK RD,NA,Unknown,Cloudy,Dry,Daylight,Lane Use Control Signal,NONE DETECTED,Yes,No Apparent Injury,NA,Not Distracted,MD,Sport Utility Vehicle,Moving Constant Speed,35,No,2012,HONDA,CR-V,39.120013,-77.1733205,2024,7,12
240034927,Property Damage Crash,07/24/2024 12:02:00 PM,NA,NA,Rear To Rear,Clear,NA,Daylight,NA,NONE DETECTED,No,NA,NA,NA,NA,Sport Utility Vehicle,Backing,0,No,2022,CHEVROLET,SUBURBAN,39.03977289,-77.10875231,2024,7,12
240034927,Property Damage Crash,07/24/2024 12:02:00 PM,NA,NA,Rear To Rear,Clear,NA,Daylight,NA,NONE DETECTED,No,No Apparent Injury,NA,Not Distracted,MD,Passenger Car,Parked,0,No,2015,TOYOTA,CAMRY,39.03977289,-77.10875231,2024,7,12
240034926,Property Damage Crash,07/24/2024 11:59:00 AM,ROCKVILLE PIKE,NA,"Sideswipe, Same Direction",Cloudy,Dry,Daylight,No Controls,NONE DETECTED,No,NA,NA,NA,NA,Passenger Car,Moving Constant Speed,15,No,2015,SUBARU,UNKNOWN,39.05622352,-77.11901651,2024,7,11
240034903,Injury Crash,07/24/2024 09:59:00 AM,BRIGHTVIEW ST,NA,Front to Rear,Cloudy,Dry,Daylight,No Controls,NONE DETECTED,No,No Apparent Injury,"Followed Too Closely, Too Fast For Conditions",Not Distracted,MD,Sport Utility Vehicle,Turning Left,35,No,2021,HONDA,HR-V,39.05383555,-77.07437614,2024,7,9
240034903,Injury Crash,07/24/2024 09:59:00 AM,BRIGHTVIEW ST,NA,Front to Rear,Cloudy,Dry,Daylight,No Controls,NONE DETECTED,No,No Apparent Injury,NA,Not Distracted,MD,Passenger Car,Slowing or Stopping,35,No,2018,TOYOTA,CAMRY,39.05383555,-77.07437614,2024,7,9
240034898,Property Damage Crash,07/24/2024 09:38:00 AM,BONIFANT ST,NA,"Sideswipe, Same Direction",Cloudy,Dry,Daylight,No Controls,NONE DETECTED,No,No Apparent Injury,NA,Not Distracted,MD,Bus - Transit,Stopped in Traffic,25,No,2009,GILLIG,CITY TRANSIT BUS,38.99433167,-77.0240595,2024,7,9
240034898,Property Damage Crash,07/24/2024 09:38:00 AM,BONIFANT ST,NA,"Sideswipe, Same Direction",Cloudy,Dry,Daylight,No Controls,NONE DETECTED,No,No Apparent Injury,NA,Not Distracted,MD,Passenger Car,Changing Lanes,25,No,2024,RAM,5500,38.99433167,-77.0240595,2024,7,9
240034899,Property Damage Crash,07/24/2024 09:34:00 AM,ADAMS DR,NA,Front to Rear,Cloudy,Dry,Daylight,No Controls,NONE DETECTED,No,No Apparent Injury,NA,Not Distracted,MD,Passenger Car,Backing,25,No,2018,FORD,FOCUS,39.04719048,-77.07607054,2024,7,9
240034899,Property Damage Crash,07/24/2024 09:34:00 AM,ADAMS DR,NA,Front to Rear,Cloudy,Dry,Daylight,No Controls,NONE DETECTED,No,No Apparent Injury,NA,Not Distracted,MD,Passenger Car,Moving Constant Speed,25,No,2023,TESLA,MODEL 3,39.04719048,-77.07607054,2024,7,9
240034895,Property Damage Crash,07/24/2024 09:00:00 AM,GEORGIA AVE (SB/L),NA,"Sideswipe, Same Direction",Cloudy,Dry,Daylight,No Controls,NONE DETECTED,No,No Apparent Injury,Improper Passing,Unknown,MD,Bus - Cross Country,Leaving Traffic Lane,25,No,2016,PREVOST,X3 COACH (PASSENGER & COMMUTER),39.037695,-77.05055333,2024,7,9
240034870,Property Damage Crash,07/24/2024 05:20:00 AM,NA,NA,Front to Rear,Clear,Dry,Dark,No Controls,NONE DETECTED,No,No Apparent Injury,NA,Not Distracted,MD,Passenger Car,Moving Constant Speed,40,No,2024,TOYOTA,COROLLA CROSS,39.11241625,-77.06492791,2024,7,5
240034865,Property Damage Crash,07/24/2024 02:13:00 AM,THAYER AVE,NA,"Sideswipe, Same Direction",Clear,Dry,Medium,No Controls,NONE DETECTED,No,No Apparent Injury,NA,Not Distracted,DC,Passenger Car,Parked,25,No,2017,TOYOTA,CAMRY,38.99299148,-77.02508241,2024,7,2
240034865,Property Damage Crash,07/24/2024 02:13:00 AM,THAYER AVE,NA,"Sideswipe, Same Direction",Clear,Dry,Medium,No Controls,NONE DETECTED,No,NA,NA,NA,NA,Passenger Car,Moving Constant Speed,25,No,2023,TESLA,MODEL Y,38.99299148,-77.02508241,2024,7,2
240034858,Injury Crash,07/23/2024 11:43:00 PM,SHADY GROVE RD (SB/L),NA,Angle,Rain,Wet,Medium,Traffic Control Signal,NONE DETECTED,No,No Apparent Injury,NA,Not Distracted,MD,Other,Accelerating,40,No,2018,FREIGHTLINER,M2,39.11468945,-77.18587555,2024,7,23
240034858,Injury Crash,07/23/2024 11:43:00 PM,SHADY GROVE RD (SB/L),NA,Angle,Rain,Wet,Medium,Traffic Control Signal,NONE DETECTED,Yes,Suspected Serious Injury,NA,Unknown,MD,Passenger Car,Changing Lanes,40,No,2015,NISSAN,SENTRA,39.11468945,-77.18587555,2024,7,23
240034849,Property Damage Crash,07/23/2024 10:20:00 PM,IS 270 LOCAL LANES (SB),NA,Single Vehicle,Rain,Wet,Dark,No Controls,NONE DETECTED,No,No Apparent Injury,NA,Not Distracted,MD,Passenger Car,Accelerating,55,No,2021,TOYOTA,COROLLA,39.1153245,-77.192949,2024,7,22
240034851,Property Damage Crash,07/23/2024 10:12:00 PM,SAM EIG HWY,NA,"Sideswipe, Same Direction",Rain,Wet,Medium,Traffic Control Signal,NONE DETECTED,No,No Apparent Injury,NA,Not Distracted,MD,Sport Utility Vehicle,Moving Constant Speed,50,No,2012,HONDA,CR-V,39.1084895,-77.21222083,2024,7,22
240034851,Property Damage Crash,07/23/2024 10:12:00 PM,SAM EIG HWY,NA,"Sideswipe, Same Direction",Rain,Wet,Medium,Traffic Control Signal,NONE DETECTED,No,No Apparent Injury,NA,Not Distracted,MD,Passenger Car,Stopped in Traffic,50,No,2016,TOYOTA,CAMRY,39.1084895,-77.21222083,2024,7,22
240034851,Property Damage Crash,07/23/2024 10:12:00 PM,SAM EIG HWY,NA,"Sideswipe, Same Direction",Rain,Wet,Medium,Traffic Control Signal,NONE DETECTED,No,No Apparent Injury,Improper Turn,Not Distracted,MD,Passenger Car,Turning Left,50,No,2005,TOYOTA,CAMRY,39.1084895,-77.21222083,2024,7,22
240034851,Property Damage Crash,07/23/2024 10:12:00 PM,SAM EIG HWY,NA,"Sideswipe, Same Direction",Rain,Wet,Medium,Traffic Control Signal,NONE DETECTED,No,No Apparent Injury,NA,Not Distracted,MD,Passenger Car,Stopped in Traffic,50,No,2024,MAZDA,CX-5,39.1084895,-77.21222083,2024,7,22
240034840,Injury Crash,07/23/2024 09:30:00 PM,GREAT FALLS RD (SB/L),NA,Other,Clear,Dry,Medium,Traffic Control Signal,NONE DETECTED,Yes,Possible Minor Injury,NA,Unknown,MD,Passenger Car,Turning Left,35,No,1998,HONDA,CR-V,39.07610665,-77.16256318,2024,7,21
240034840,Injury Crash,07/23/2024 09:30:00 PM,GREAT FALLS RD (SB/L),NA,Other,Clear,Dry,Medium,Traffic Control Signal,NONE DETECTED,No,Possible Minor Injury,NA,Unknown,MD,Passenger Car,Moving Constant Speed,35,No,2024,HONDA,PILOT,39.07610665,-77.16256318,2024,7,21
240034839,Property Damage Crash,07/23/2024 09:24:00 PM,GEORGIA AVE,NA,Front to Rear,Clear,Dry,Medium,No Controls,NONE DETECTED,Yes,No Apparent Injury,Followed Too Closely,Unknown,MD,Passenger Car,Slowing or Stopping,35,No,2015,HONDA,ACCORD,38.99446503,-77.02673047,2024,7,21
240034839,Property Damage Crash,07/23/2024 09:24:00 PM,GEORGIA AVE,NA,Front to Rear,Clear,Dry,Medium,No Controls,NONE DETECTED,No,No Apparent Injury,NA,Not Distracted,MD,Passenger Car,Slowing or Stopping,35,No,2015,CHRYSLER,200,38.99446503,-77.02673047,2024,7,21
240034828,Property Damage Crash,07/23/2024 07:53:00 PM,KEMP MILL RD,NA,Single Vehicle,Clear,Dry,Daylight,No Controls,NONE DETECTED,Yes,No Apparent Injury,Ran Off Roadway,Unknown,MD,Passenger Car,Moving Constant Speed,35,No,2020,TOYOTA,RAV4,39.05903178,-77.02295961,2024,7,19
240034825,Property Damage Crash,07/23/2024 07:24:00 PM,NA,NA,Single Vehicle,Clear,Dry,Daylight,No Controls,NONE DETECTED,Yes,No Apparent Injury,"Failed to Keep in Proper Lane, Operated Motor Vehicle in Inattentive, Careless, Negligent, or Erratic Manner, Other Improper Action, Ran Off Roadway",Not Distracted,MD,Pickup,Moving Constant Speed,35,No,2018,FORD,F-150,39.01442133,-77.20349335,2024,7,19
240034834,Property Damage Crash,07/23/2024 07:23:00 PM,NEW HAMPSHIRE AVE (SB/L),NA,"Sideswipe, Same Direction",Clear,Dry,Daylight,No Controls,NONE DETECTED,No,No Apparent Injury,NA,Not Distracted,MD,Passenger Car,Moving Constant Speed,45,No,2000,TOYOTA,COROLLA,39.07984008,-77.00154607,2024,7,19
240034834,Property Damage Crash,07/23/2024 07:23:00 PM,NEW HAMPSHIRE AVE (SB/L),NA,"Sideswipe, Same Direction",Clear,Dry,Daylight,No Controls,NONE DETECTED,No,NA,NA,NA,NA,Passenger Car,NA,45,No,2009,INFINITI,UNKNOWN,39.07984008,-77.00154607,2024,7,19
240034821,Property Damage Crash,07/23/2024 06:35:00 PM,NA,NA,"Sideswipe, Opposite Direction",Clear,NA,Daylight,NA,NONE DETECTED,No,NA,NA,NA,NA,Passenger Car,Backing,0,No,1999,BUICK,CENTURY,39.03003345,-77.07753833,2024,7,18
240034814,Property Damage Crash,07/23/2024 06:15:00 PM,FERNWOOD RD,NA,"Sideswipe, Same Direction",Clear,Dry,Daylight,No Controls,NONE DETECTED,No,No Apparent Injury,Other Improper Action,Unknown,MD,Passenger Car,Changing Lanes,30,No,2022,DODGE,RAM,39.02399692,-77.13546897,2024,7,18
240034814,Property Damage Crash,07/23/2024 06:15:00 PM,FERNWOOD RD,NA,"Sideswipe, Same Direction",Clear,Dry,Daylight,No Controls,NONE DETECTED,No,No Apparent Injury,NA,Not Distracted,MD,Passenger Car,Moving Constant Speed,30,No,2003,FORD,TAURUS,39.02399692,-77.13546897,2024,7,18
240034812,Property Damage Crash,07/23/2024 06:11:00 PM,GEORGIA AVE,NA,Angle,Cloudy,Dry,Daylight,Stop Sign,NONE DETECTED,No,No Apparent Injury,NA,Not Distracted,MD,Passenger Car,Stopped in Traffic,35,No,2016,HONDA,ACCORD,39.00723075,-77.03956115,2024,7,18
240034812,Property Damage Crash,07/23/2024 06:11:00 PM,GEORGIA AVE,NA,Angle,Cloudy,Dry,Daylight,No Controls,NONE DETECTED,No,No Apparent Injury,NA,Not Distracted,MD,Sport Utility Vehicle,Slowing or Stopping,35,No,2020,HONDA,CR-V,39.00723075,-77.03956115,2024,7,18