Local Case Number,ACRS Report Type,Crash Date/Time,Road Name,Related Non-Motorist,Collision Type,Weather,Surface Condition,Light,Traffic Control,Driver Substance Abuse,Driver At Fault,Injury Severity,Circumstance,Driver Distracted By,Drivers License State,Vehicle Body Type,Vehicle Movement,Speed Limit,Driverless Vehicle,Vehicle Year,Vehicle Make,Vehicle Model,Latitude,Longitude,Year,Month,Hour
240034477,Property Damage Crash,07/21/2024 09:01:00 PM,MERRIMAC DR,NA,Rear To Side,Clear,Dry,Medium,No Controls,NONE DETECTED,No,No Apparent Injury,NA,Unknown,MD,Passenger Car,Moving Constant Speed,30,No,2024,TOYOTA,RAV4,38.9927314,-76.99137115,2024,7,21
240034465,Property Damage Crash,07/21/2024 06:15:00 PM,FALCON ST,NA,Front to Rear,Clear,Dry,Daylight,No Controls,NONE DETECTED,No,No Apparent Injury,NA,Not Distracted,NA,Van - Passenger (&lt;9 Seats),Moving Constant Speed,25,No,2008,CHEVROLET,SILVERADO,39.06646299,-77.09410644,2024,7,18
240034462,Property Damage Crash,07/21/2024 06:00:00 PM,ODENDHAL AVE (EB/L),NA,Angle,Clear,Dry,Daylight,No Controls,NONE DETECTED,No,No Apparent Injury,NA,Not Distracted,MD,Passenger Car,Moving Constant Speed,30,No,2004,BMW,525I,39.1507806,-77.20351224,2024,7,18
240034462,Property Damage Crash,07/21/2024 06:00:00 PM,ODENDHAL AVE (EB/L),NA,Angle,Clear,Dry,Daylight,Yield Sign,NONE DETECTED,Yes,No Apparent Injury,Failed to Yield Right-of-Way,Unknown,MD,Pickup,Entering Traffic Lane,30,No,2004,FORD,F-150,39.1507806,-77.20351224,2024,7,18
240034464,Property Damage Crash,07/21/2024 06:00:00 PM,GEORGIA AVE,NA,"Sideswipe, Same Direction",Clear,Dry,Daylight,No Controls,NONE DETECTED,No,No Apparent Injury,NA,Not Distracted,MD,Passenger Car,Moving Constant Speed,45,No,2011,TOYOTA,PRIUS,39.11599333,-77.07507833,2024,7,18
240034464,Property Damage Crash,07/21/2024 06:00:00 PM,GEORGIA AVE,NA,"Sideswipe, Same Direction",Clear,Dry,Daylight,No Controls,NONE DETECTED,Yes,No Apparent Injury,Other Improper Action,Not Distracted,MD,Other,Moving Constant Speed,45,No,2016,SPARTAN,UNKNOWN,39.11599333,-77.07507833,2024,7,18
240034452,Injury Crash,07/21/2024 05:42:00 PM,FREDERICK RD (SB/L),NA,Angle,Clear,Dry,Daylight,Traffic Control Signal,NONE DETECTED,No,Possible Minor Injury,NA,Not Distracted,MD,Sport Utility Vehicle,Accelerating,40,No,2008,HONDA,ELEMENT,39.17843283,-77.23861201,2024,7,17
240034452,Injury Crash,07/21/2024 05:42:00 PM,FREDERICK RD (SB/L),NA,Angle,Clear,Dry,Daylight,Traffic Control Signal,NONE DETECTED,No,No Apparent Injury,NA,Not Distracted,MD,Sport Utility Vehicle,Turning Left,40,No,2019,HONDA,CR-V,39.17843283,-77.23861201,2024,7,17
240034449,Property Damage Crash,07/21/2024 05:00:00 PM,CONTOUR RD,NA,Single Vehicle,Clear,Dry,Daylight,No Controls,NONE DETECTED,Yes,No Apparent Injury,NA,Unknown,MD,Passenger Car,Slowing or Stopping,25,No,2018,HONDA,CIVIC,39.15413886,-77.19667609,2024,7,17
240034445,Injury Crash,07/21/2024 04:24:00 PM,QUINCE ORCHARD RD (SB/L),NA,Other,Clear,Dry,Daylight,Traffic Control Signal,NONE DETECTED,No,No Apparent Injury,NA,Not Distracted,MD,Sport Utility Vehicle,Slowing or Stopping,35,No,2016,AUDI,Q5,39.14724984,-77.21883798,2024,7,16
240034445,Injury Crash,07/21/2024 04:24:00 PM,QUINCE ORCHARD RD (SB/L),NA,Other,Clear,Dry,Daylight,Traffic Control Signal,NONE DETECTED,No,No Apparent Injury,NA,Not Distracted,MD,Sport Utility Vehicle,Slowing or Stopping,35,No,2010,NISSAN,PATHFINDER,39.14724984,-77.21883798,2024,7,16
240034445,Injury Crash,07/21/2024 04:24:00 PM,QUINCE ORCHARD RD (SB/L),NA,Other,Clear,Dry,Daylight,Traffic Control Signal,NONE DETECTED,No,No Apparent Injury,NA,Not Distracted,MD,Passenger Car,Slowing or Stopping,35,No,2006,HONDA,CIVIC,39.14724984,-77.21883798,2024,7,16
240034435,Property Damage Crash,07/21/2024 03:29:00 PM,QUINCE ORCHARD RD (SB/L),NA,Front to Rear,Clear,Dry,Daylight,Lane Use Control Signal,NONE DETECTED,No,No Apparent Injury,NA,Not Distracted,MD,Passenger Car,Stopped in Traffic,35,No,2023,TESLA,MODEL X,39.15152833,-77.21368833,2024,7,15
240034435,Property Damage Crash,07/21/2024 03:29:00 PM,QUINCE ORCHARD RD (SB/L),NA,Front to Rear,Clear,Dry,Daylight,Lane Use Control Signal,ALCOHOL PRESENT,Yes,No Apparent Injury,Improper Backing,Not Distracted,MD,Passenger Car,Backing,35,No,2011,FORD,TRANSIT CONNECT,39.15152833,-77.21368833,2024,7,15
240034436,Property Damage Crash,07/21/2024 03:28:00 PM,NA,NA,Front to Rear,Clear,Dry,Daylight,Traffic Control Signal,NONE DETECTED,No,No Apparent Injury,NA,Not Distracted,MD,Pickup,Stopped in Traffic,35,No,2014,FORD,F-150,39.15892899,-77.27509489,2024,7,15
240034436,Property Damage Crash,07/21/2024 03:28:00 PM,NA,NA,Front to Rear,Clear,Dry,Daylight,Traffic Control Signal,NONE DETECTED,Yes,No Apparent Injury,"Followed Too Closely, Operated Motor Vehicle in Inattentive, Careless, Negligent, or Erratic Manner, Other Improper Action",Unknown,MD,Sport Utility Vehicle,Accelerating,35,No,2016,JEEP,PATRIOT,39.15892899,-77.27509489,2024,7,15
240034441,Property Damage Crash,07/21/2024 03:11:00 PM,NA,NA,Single Vehicle,Clear,NA,Daylight,NA,NONE DETECTED,Yes,No Apparent Injury,NA,Unknown,MD,Van - Passenger (&lt;9 Seats),Moving Constant Speed,0,No,2012,FORD,TRANSIT,39.16998539,-77.18726852,2024,7,15
240034431,Injury Crash,07/21/2024 02:50:00 PM,WATKINS MILL RD,NA,Front to Rear,Clear,Dry,Daylight,No Controls,NONE DETECTED,No,No Apparent Injury,NA,Not Distracted,MD,Sport Utility Vehicle,Stopped in Traffic,35,No,2016,HONDA,CR-V,39.18657333,-77.21426333,2024,7,14
240034431,Injury Crash,07/21/2024 02:50:00 PM,WATKINS MILL RD,NA,Front to Rear,Clear,Dry,Daylight,No Controls,NONE DETECTED,Yes,Possible Minor Injury,Followed Too Closely,Unknown,MD,Passenger Car,Moving Constant Speed,35,No,2015,HYUNDAI,SONATA,39.18657333,-77.21426333,2024,7,14
240034431,Injury Crash,07/21/2024 02:50:00 PM,WATKINS MILL RD,NA,Front to Rear,Clear,Dry,Daylight,No Controls,NONE DETECTED,No,No Apparent Injury,NA,Not Distracted,MD,Sport Utility Vehicle,Stopped in Traffic,35,No,2018,HYUNDAI,TUCSON,39.18657333,-77.21426333,2024,7,14
240034429,Injury Crash,07/21/2024 02:36:00 PM,NA,NA,Angle,Clear,Dry,Daylight,Stop Sign,NONE DETECTED,No,No Apparent Injury,"Failed to Yield Right-of-Way, Operated Motor Vehicle in Inattentive, Careless, Negligent, or Erratic Manner, Other Improper Action",Unknown,VA,Passenger Car,Turning Left,35,No,2017,SUBARU,LEGACY,38.99705614,-77.16948313,2024,7,14
240034429,Injury Crash,07/21/2024 02:36:00 PM,NA,NA,Angle,Clear,Dry,Daylight,No Controls,NONE DETECTED,No,Possible Minor Injury,NA,Not Distracted,MD,Passenger Car,Moving Constant Speed,40,No,1993,ROVER,ROVER,38.99705614,-77.16948313,2024,7,14
240034409,Property Damage Crash,07/21/2024 12:31:00 PM,NA,NA,Single Vehicle,Clear,Dry,Daylight,No Controls,NONE DETECTED,Yes,No Apparent Injury,"Failed to Keep in Proper Lane, Improper Turn, Other Improper Action, Ran Off Roadway",Not Distracted,MD,Van - Passenger (&lt;9 Seats),Moving Constant Speed,30,No,2009,TOYOTA,SIENNA,39.14434702,-77.04355172,2024,7,12
240034412,Injury Crash,07/21/2024 12:05:00 PM,NA,NA,Single Vehicle,Clear,NA,Daylight,NA,NONE DETECTED,No,Suspected Serious Injury,"Operated Motor Vehicle in Inattentive, Careless, Negligent, or Erratic Manner",Not Distracted,MD,Motorcycle - 3 Wheeled,Moving Constant Speed,0,No,2004,SUZUKI,GSX-R1000,38.99642702,-77.03803718,2024,7,12
240034395,Injury Crash,07/21/2024 09:22:00 AM,FREDERICK RD,NA,Angle,Clear,Dry,Daylight,Traffic Control Signal,NONE DETECTED,Yes,Possible Minor Injury,Failed to Yield Right-of-Way,"Other Action (looking away from task, etc.)",MD,Sport Utility Vehicle,Turning Left,45,No,2019,BMW,X3,39.17844275,-77.23840708,2024,7,9
240034395,Injury Crash,07/21/2024 09:22:00 AM,FREDERICK RD,NA,Angle,Clear,Dry,Daylight,Traffic Control Signal,NONE DETECTED,No,Possible Minor Injury,NA,Not Distracted,MD,Passenger Car,Moving Constant Speed,45,No,2023,HONDA,CIVIC,39.17844275,-77.23840708,2024,7,9
240034388,Injury Crash,07/21/2024 06:22:00 AM,SOUTHLAWN LA,NA,Single Vehicle,Clear,Dry,Medium,Stop Sign,ALCOHOL PRESENT,Yes,Possible Minor Injury,Ran Off Roadway,Unknown,MD,Passenger Car,NA,25,No,2008,FORD,FOCUS,39.10665223,-77.12097912,2024,7,6
240034380,Property Damage Crash,07/21/2024 03:53:00 AM,FAIRDALE RD,NA,Single Vehicle,Clear,Dry,Medium,No Controls,NONE DETECTED,Yes,No Apparent Injury,NA,Unknown,MD,Passenger Car,NA,25,No,2016,SUBARU,WRX,39.0932295,-76.95268083,2024,7,3
240034374,Injury Crash,07/21/2024 02:50:00 AM,APPLE RIDGE RD,NA,Front to Front,Clear,Dry,Medium,No Controls,NONE DETECTED,Yes,Possible Minor Injury,"Swerved or Avoided Due to Wind, Slippery Surface, Motor Vehicle, Object, Non-Motorist in Roadway, etc",Not Distracted,MD,Passenger Car,Moving Constant Speed,30,No,2001,CHEVROLET,SUBURBAN,39.18490583,-77.20565285,2024,7,2
240034374,Injury Crash,07/21/2024 02:50:00 AM,APPLE RIDGE RD,NA,Front to Front,Clear,Dry,Medium,No Controls,NONE DETECTED,No,Possible Minor Injury,NA,Not Distracted,MD,Passenger Car,Parked,30,No,2019,CHEVROLET,CAMARO,39.18490583,-77.20565285,2024,7,2
240034370,Property Damage Crash,07/21/2024 01:45:00 AM,MATTHEWS DR,NA,Front to Rear,Clear,Dry,Medium,No Controls,NONE DETECTED,No,NA,NA,NA,NA,Passenger Car,Accelerating,25,No,2018,HONDA,CIVIC,39.06738163,-77.125184,2024,7,1
240034371,Property Damage Crash,07/21/2024 01:15:00 AM,SUNDOWN RD,NA,Single Vehicle,Clear,Dry,Dark,No Controls,NONE DETECTED,Yes,No Apparent Injury,Over-Correcting/Over-Steering,Not Distracted,MD,Passenger Car,Moving Constant Speed,35,No,2016,TOYOTA,SCION IM,39.220248,-77.09197883,2024,7,1
240034366,Injury Crash,07/21/2024 12:32:00 AM,VEIRS MILL RD,NA,Front to Rear,Clear,Dry,Medium,Flashing Traffic Control Signal,NONE DETECTED,No,Possible Minor Injury,NA,Not Distracted,MD,Passenger Car,Stopped in Traffic,35,No,2012,TOYOTA,SIENNA,39.06319167,-77.09497333,2024,7,0
240034366,Injury Crash,07/21/2024 12:32:00 AM,VEIRS MILL RD,NA,Front to Rear,Clear,Dry,Medium,Flashing Traffic Control Signal,NONE DETECTED,No,Possible Minor Injury,NA,Unknown,MD,Passenger Car,Slowing or Stopping,35,No,2017,NISSAN,ROGUE,39.06319167,-77.09497333,2024,7,0
240034363,Property Damage Crash,07/21/2024 12:02:00 AM,ROCKVILLE PIKE (SB/L),NA,Angle,Clear,Dry,Medium,No Controls,NONE DETECTED,No,No Apparent Injury,NA,Not Distracted,MD,Passenger Car,Moving Constant Speed,35,No,2010,MAZDA,MAZDA3,39.04811167,-77.11356333,2024,7,0
240034363,Property Damage Crash,07/21/2024 12:02:00 AM,ROCKVILLE PIKE (SB/L),NA,Angle,Clear,Dry,Medium,No Controls,NONE DETECTED,Yes,No Apparent Injury,Failed to Yield Right-of-Way,Not Distracted,MD,Passenger Car,Making U-Turn,35,No,2014,HYUNDAI,ELANTRA,39.04811167,-77.11356333,2024,7,0
240034359,Property Damage Crash,07/20/2024 11:21:00 PM,AMHERST AVE,NA,Front to Rear,Clear,Dry,Medium,No Controls,NONE DETECTED,No,No Apparent Injury,NA,Unknown,MD,Passenger Car,Moving Constant Speed,25,No,2022,TOYOTA,CAMRY,39.03707029,-77.04847238,2024,7,23
240034361,Property Damage Crash,07/20/2024 11:09:00 PM,GARRETT PARK RD,NA,Front to Rear,Clear,Dry,Medium,No Controls,ALCOHOL PRESENT,Yes,No Apparent Injury,NA,Not Distracted,MD,Passenger Car,Moving Constant Speed,20,No,2010,CHEVROLET,COBALT,39.04496324,-77.08323672,2024,7,23
240034355,Injury Crash,07/20/2024 11:03:00 PM,FAIRLAND RD,NA,Other,Clear,Dry,Medium,Traffic Control Signal,NONE DETECTED,Yes,No Apparent Injury,Improper Turn,"Other Action (looking away from task, etc.)",MD,Passenger Car,Turning Right,50,No,2014,DODGE,CARAVAN,39.07321514,-76.95550096,2024,7,23
240034355,Injury Crash,07/20/2024 11:03:00 PM,FAIRLAND RD,NA,Other,Clear,Dry,Medium,Traffic Control Signal,NONE DETECTED,No,Possible Minor Injury,NA,Not Distracted,NA,Passenger Car,Turning Right,50,No,2014,NISSAN,ALTIMA,39.07321514,-76.95550096,2024,7,23
240034358,Property Damage Crash,07/20/2024 10:50:00 PM,GEORGIA AVE,NA,Front to Rear,Clear,Dry,Medium,No Controls,ALCOHOL PRESENT,Yes,No Apparent Injury,"Failed to Yield Right-of-Way, Operated Motor Vehicle in Inattentive, Careless, Negligent, or Erratic Manner, Other Improper Action, Too Fast For Conditions",Unknown,NA,Passenger Car,Moving Constant Speed,35,No,2008,JEEP,LIBERTY,39.04832971,-77.05186823,2024,7,22
240034353,Injury Crash,07/20/2024 10:43:00 PM,NEW HAMPSHIRE AVE (SB/L),Cyclist (non-electric),Single Vehicle,Clear,Dry,Dark,No Controls,NONE DETECTED,Yes,No Apparent Injury,NA,Unknown,MD,Passenger Car,Moving Constant Speed,35,No,2007,LEXUS,RX,39.02607271,-76.98112869,2024,7,22
240034356,Fatal Crash,07/20/2024 10:12:00 PM,FREDERICK RD,NA,Front to Rear,Clear,Dry,Medium,No Controls,ALCOHOL PRESENT,Yes,Suspected Serious Injury,Operated Motor Vehicle in Reckless or Aggressive Manner,Unknown,MD,Pickup,Slowing or Stopping,40,No,2022,RAM,1500,39.162175,-77.2245,2024,7,22
240034356,Fatal Crash,07/20/2024 10:12:00 PM,FREDERICK RD,NA,Front to Rear,Clear,Dry,Medium,No Controls,NONE DETECTED,No,Fatal Injury,NA,Unknown,MD,Passenger Car,Accelerating,40,No,2016,NISSAN,ALTIMA,39.162175,-77.2245,2024,7,22
240034351,Property Damage Crash,07/20/2024 10:09:00 PM,NA,NA,Angle,Clear,Dry,Dark,No Controls,NONE DETECTED,No,No Apparent Injury,Failed to Yield Right-of-Way,Not Distracted,MD,Passenger Car,Moving Constant Speed,35,No,2007,HONDA,CIVIC,39.03575302,-77.02611054,2024,7,22
240034351,Property Damage Crash,07/20/2024 10:09:00 PM,NA,NA,Angle,Clear,Dry,Dark,No Controls,NONE DETECTED,No,No Apparent Injury,NA,Not Distracted,DC,Bus - Transit,Moving Constant Speed,35,No,2016,NEW FLYER,TRANSIT BUS,39.03575302,-77.02611054,2024,7,22
240034352,Injury Crash,07/20/2024 10:05:00 PM,SHAKESPEARE BLVD,NA,Angle,Clear,Dry,Medium,Traffic Control Signal,NONE DETECTED,No,Possible Minor Injury,NA,Not Distracted,MD,Passenger Car,Moving Constant Speed,30,No,2019,HONDA,FIT,39.19829803,-77.24486667,2024,7,22
240034352,Injury Crash,07/20/2024 10:05:00 PM,SHAKESPEARE BLVD,NA,Angle,Clear,Dry,Medium,Traffic Control Signal,NONE DETECTED,Yes,No Apparent Injury,NA,Not Distracted,MD,Passenger Car,Turning Left,30,No,2016,SUBARU,IMPREZA,39.19829803,-77.24486667,2024,7,22
240034346,Property Damage Crash,07/20/2024 09:08:00 PM,W DEER PARK RD,NA,Angle,Clear,Dry,Medium,Traffic Control Signal,NONE DETECTED,No,No Apparent Injury,NA,Not Distracted,MD,Passenger Car,Moving Constant Speed,35,No,2009,TOYOTA,SIENNA,39.13213667,-77.18886833,2024,7,21
240034346,Property Damage Crash,07/20/2024 09:08:00 PM,W DEER PARK RD,NA,Angle,Clear,Dry,Medium,Traffic Control Signal,NONE DETECTED,Yes,No Apparent Injury,Ran Red Light,Unknown,MD,Passenger Car,Moving Constant Speed,30,No,2024,TOYOTA,CAMRY,39.13213667,-77.18886833,2024,7,21
240034346,Property Damage Crash,07/20/2024 09:08:00 PM,W DEER PARK RD,NA,Angle,Clear,Dry,Medium,Traffic Control Signal,NONE DETECTED,No,No Apparent Injury,NA,Not Distracted,MD,Passenger Car,Moving Constant Speed,35,No,2016,TOYOTA,COROLLA,39.13213667,-77.18886833,2024,7,21
240034343,Injury Crash,07/20/2024 08:59:00 PM,SUNBRIGHT LA,NA,Single Vehicle,Clear,Dry,Dark,No Controls,NONE DETECTED,No,Suspected Serious Injury,"Ran Off Roadway, Too Fast For Conditions",Unknown,MD,Motorcycle - 2 Wheeled,Moving Constant Speed,25,No,2015,INDIAN MOTORCYCLE,SCOUT,39.19094463,-77.28072478,2024,7,20
240034335,Property Damage Crash,07/20/2024 05:55:00 PM,OLD GEORGETOWN RD,NA,"Sideswipe, Same Direction",Clear,Wet,Daylight,Traffic Control Signal,NONE DETECTED,No,No Apparent Injury,NA,Not Distracted,MD,Bus - Transit,Moving Constant Speed,25,No,2022,NEW FLYER,TRANSIT BUS,38.98591603,-77.09614938,2024,7,17
240034335,Property Damage Crash,07/20/2024 05:55:00 PM,OLD GEORGETOWN RD,NA,"Sideswipe, Same Direction",Clear,Wet,Daylight,Traffic Control Signal,NONE DETECTED,No,NA,NA,NA,NA,Passenger Car,Moving Constant Speed,25,No,2020,TOYOTA,COROLLA,38.98591603,-77.09614938,2024,7,17
240034326,Property Damage Crash,07/20/2024 05:40:00 PM,MONTROSE PKWY (WB/L),NA,Single Vehicle,Rain,Wet,Daylight,Traffic Control Signal,NONE DETECTED,Yes,No Apparent Injury,Failed to Keep in Proper Lane,Not Distracted,MD,Passenger Car,Turning Right,35,No,2022,TOYOTA,COROLLA,39.05346267,-77.136341,2024,7,17
240034325,Property Damage Crash,07/20/2024 05:19:00 PM,LINDEN LA,NA,Single Vehicle,Rain,Wet,Daylight,No Controls,ALCOHOL PRESENT,No,No Apparent Injury,"Failed to Keep in Proper Lane, Operated Motor Vehicle in Inattentive, Careless, Negligent, or Erratic Manner, Other Improper Action",Unknown,MD,Passenger Car,Negotiating a Curve,25,No,2018,MAZDA,MAZDA6,39.01191484,-77.05791227,2024,7,17
240034314,Injury Crash,07/20/2024 04:51:00 PM,RAMP 8 FR US 29 SB TO DUSTIN RD,NA,Front to Rear,Rain,Wet,Daylight,Yield Sign,NONE DETECTED,No,Possible Minor Injury,NA,Not Distracted,MD,Passenger Car,Slowing or Stopping,30,No,2016,TOYOTA,CAMRY,39.12277089,-76.92642153,2024,7,16
240034314,Injury Crash,07/20/2024 04:51:00 PM,RAMP 8 FR US 29 SB TO DUSTIN RD,NA,Front to Rear,Rain,Wet,Daylight,Yield Sign,NONE DETECTED,Yes,No Apparent Injury,NA,Not Distracted,MD,Sport Utility Vehicle,Slowing or Stopping,30,No,2013,BMW,X5,39.12277089,-76.92642153,2024,7,16
240034313,Property Damage Crash,07/20/2024 04:44:00 PM,GOSHEN RD,NA,Angle,Rain,Wet,Daylight,Stop Sign,NONE DETECTED,No,No Apparent Injury,Failed to Yield Right-of-Way,Unknown,MD,Passenger Car,Turning Left,10,No,2018,HYUNDAI,KONA,39.18649469,-77.18708148,2024,7,16
240034313,Property Damage Crash,07/20/2024 04:44:00 PM,GOSHEN RD,NA,Angle,Rain,Wet,Daylight,No Controls,NONE DETECTED,No,No Apparent Injury,NA,Not Distracted,NA,Passenger Car,Moving Constant Speed,35,No,2007,TOYOTA,SCION TC,39.18649469,-77.18708148,2024,7,16
240034306,Property Damage Crash,07/20/2024 04:03:00 PM,BRADLEY BLVD,NA,Single Vehicle,Rain,Wet,Daylight,No Controls,NONE DETECTED,No,No Apparent Injury,Too Fast For Conditions,Unknown,MD,Sport Utility Vehicle,Moving Constant Speed,40,No,2022,HONDA,CR-V,39.0020495,-77.180633,2024,7,16
240034308,Property Damage Crash,07/20/2024 04:00:00 PM,LOCKWOOD DR (SB/L),NA,"Sideswipe, Same Direction",Rain,Wet,Daylight,Traffic Control Signal,NONE DETECTED,Yes,No Apparent Injury,NA,Unknown,MD,Passenger Car,Turning Left,40,No,2020,MITSUBISHI,OUTLANDER,39.0398143,-76.99064717,2024,7,16
240034308,Property Damage Crash,07/20/2024 04:00:00 PM,LOCKWOOD DR (SB/L),NA,"Sideswipe, Same Direction",Rain,Wet,Daylight,Traffic Control Signal,NONE DETECTED,No,No Apparent Injury,NA,Not Distracted,MD,Bus - Transit,Turning Left,40,No,2016,FLASH,EB,39.0398143,-76.99064717,2024,7,16
240034301,Injury Crash,07/20/2024 03:25:00 PM,PEACH TREE RD,NA,Angle,Rain,Wet,Daylight,No Controls,NONE DETECTED,No,Possible Minor Injury,NA,Not Distracted,MD,Sport Utility Vehicle,Moving Constant Speed,40,No,2021,TOYOTA,RAV4,39.21560123,-77.35641086,2024,7,15
240034301,Injury Crash,07/20/2024 03:25:00 PM,PEACH TREE RD,NA,Angle,Rain,Wet,Daylight,Stop Sign,NONE DETECTED,Yes,No Apparent Injury,"Failed to Yield Right-of-Way, Other Improper Action",Unknown,MD,Sport Utility Vehicle,Accelerating,40,No,2016,SUBARU,FORESTER,39.21560123,-77.35641086,2024,7,15
240034305,Property Damage Crash,07/20/2024 03:23:00 PM,FENTON ST,NA,"Sideswipe, Same Direction",Clear,Dry,Daylight,No Controls,NONE DETECTED,Yes,No Apparent Injury,Failed to Keep in Proper Lane,Not Distracted,MD,Bus - Transit,Turning Right,35,No,2013,GILLIG,LOW FLOOR BUS,38.99750091,-77.02649961,2024,7,15
240034286,Injury Crash,07/20/2024 02:20:00 PM,NA,Pedestrian,Single Vehicle,Cloudy,NA,Daylight,NA,NONE DETECTED,Yes,No Apparent Injury,NA,Unknown,MD,Passenger Car,Moving Constant Speed,0,No,2017,HONDA,CR-V,39.14570983,-77.20552117,2024,7,14
240034296,Fatal Crash,07/20/2024 01:51:00 PM,OLD HUNDRED RD,NA,Single Vehicle,Cloudy,Dry,Daylight,No Controls,NONE DETECTED,Yes,Fatal Injury,Too Fast For Conditions,Not Distracted,MD,Motorcycle - 2 Wheeled,Moving Constant Speed,40,No,2018,INDIAN MOTORCYCLE,SCOUT,39.26158443,-77.34404836,2024,7,13
240034296,Fatal Crash,07/20/2024 01:51:00 PM,OLD HUNDRED RD,NA,Single Vehicle,Cloudy,Dry,Daylight,No Controls,NONE DETECTED,No,No Apparent Injury,NA,Not Distracted,MD,"Farm Equipment (Tractor, combine harvester, etc.)",Moving Constant Speed,40,No,2020,JOHN DEERE,JOHN DEERE UTILITY VEHICLE,39.26158443,-77.34404836,2024,7,13
240034269,Property Damage Crash,07/20/2024 11:45:00 AM,WOODMONT AVE,NA,"Sideswipe, Same Direction",Clear,Dry,Daylight,No Controls,NONE DETECTED,No,No Apparent Injury,Failed to Keep in Proper Lane,Not Distracted,MD,Bus - Transit,Moving Constant Speed,25,No,2017,FORD,E-450,38.98288328,-77.0961567,2024,7,11
240034269,Property Damage Crash,07/20/2024 11:45:00 AM,WOODMONT AVE,NA,"Sideswipe, Same Direction",Clear,Dry,Daylight,No Controls,NONE DETECTED,No,No Apparent Injury,NA,Not Distracted,MD,Sport Utility Vehicle,Moving Constant Speed,25,No,2012,MITSUBISHI,OUTLANDER,38.98288328,-77.0961567,2024,7,11
240034265,Property Damage Crash,07/20/2024 11:00:00 AM,PHOEBE WAY,NA,Rear To Side,Clear,Dry,Daylight,No Controls,NONE DETECTED,Yes,No Apparent Injury,NA,Unknown,NA,Passenger Car,Backing,0,No,2009,NISSAN,ROGUE,39.16135912,-77.1855621,2024,7,11
240034265,Property Damage Crash,07/20/2024 11:00:00 AM,PHOEBE WAY,NA,Rear To Side,Clear,Dry,Daylight,No Controls,NONE DETECTED,No,No Apparent Injury,NA,Unknown,MD,Passenger Car,Moving Constant Speed,0,No,2024,TOYOTA,COROLLA,39.16135912,-77.1855621,2024,7,11
240034255,Injury Crash,07/20/2024 10:42:00 AM,CAPITAL BELTWAY (WB/L),NA,Front to Rear,Cloudy,Dry,Daylight,No Controls,NONE DETECTED,No,Possible Minor Injury,NA,Not Distracted,MD,Passenger Car,Slowing or Stopping,55,No,2012,HYUNDAI,SONATA,39.01409,-77.05606167,2024,7,10
240034255,Injury Crash,07/20/2024 10:42:00 AM,CAPITAL BELTWAY (WB/L),NA,Front to Rear,Cloudy,Dry,Daylight,No Controls,NONE DETECTED,Yes,No Apparent Injury,Followed Too Closely,Not Distracted,MD,Pickup,Slowing or Stopping,55,No,2011,FORD,F-250,39.01409,-77.05606167,2024,7,10
240034255,Injury Crash,07/20/2024 10:42:00 AM,CAPITAL BELTWAY (WB/L),NA,Front to Rear,Cloudy,Dry,Daylight,No Controls,NONE DETECTED,No,Possible Minor Injury,NA,Not Distracted,MD,Passenger Car,Slowing or Stopping,55,No,2015,LINCOLN,NAVIGATOR,39.01409,-77.05606167,2024,7,10
240034253,Injury Crash,07/20/2024 10:40:00 AM,GEORGIA AVE (SB/L),Cyclist (non-electric),Single Vehicle,Clear,Dry,Daylight,No Controls,NONE DETECTED,No,No Apparent Injury,NA,Not Distracted,MD,Pickup,Moving Constant Speed,35,No,2002,FORD,F-150,39.07042517,-77.0630785,2024,7,10