Local Case Number,ACRS Report Type,Crash Date/Time,Road Name,Related Non-Motorist,Collision Type,Weather,Surface Condition,Light,Traffic Control,Driver Substance Abuse,Driver At Fault,Injury Severity,Circumstance,Driver Distracted By,Drivers License State,Vehicle Body Type,Vehicle Movement,Speed Limit,Driverless Vehicle,Vehicle Year,Vehicle Make,Vehicle Model,Latitude,Longitude,Year,Month,Hour
240033991,Property Damage Crash,07/18/2024 06:30:00 PM,LAYHILL RD (SB/L),NA,"Sideswipe, Same Direction",Clear,Dry,Daylight,No Controls,NONE DETECTED,No,No Apparent Injury,NA,Not Distracted,MD,Passenger Car,Moving Constant Speed,35,No,2006,HONDA,ODYSSEY,39.09165033,-77.045166,2024,7,18
240033991,Property Damage Crash,07/18/2024 06:30:00 PM,LAYHILL RD (SB/L),NA,"Sideswipe, Same Direction",Clear,Dry,Daylight,No Controls,NONE DETECTED,Yes,No Apparent Injury,NA,Not Distracted,MD,Other,Changing Lanes,35,No,2000,FORD,UNKNOWN,39.09165033,-77.045166,2024,7,18
240033988,Property Damage Crash,07/18/2024 05:55:00 PM,OLD GEORGETOWN RD,NA,Front to Rear,Clear,Dry,Daylight,Traffic Control Signal,NONE DETECTED,Yes,No Apparent Injury,NA,"Other Action (looking away from task, etc.)",MD,Passenger Car,Moving Constant Speed,35,No,2017,HONDA,CIVIC,39.00264333,-77.10999667,2024,7,17
240033988,Property Damage Crash,07/18/2024 05:55:00 PM,OLD GEORGETOWN RD,NA,Front to Rear,Clear,Dry,Daylight,Traffic Control Signal,NONE DETECTED,No,No Apparent Injury,NA,Not Distracted,MD,Sport Utility Vehicle,Stopped in Traffic,35,No,2022,VOLKSWAGEN,ATLAS,39.00264333,-77.10999667,2024,7,17
240033984,Injury Crash,07/18/2024 05:04:00 PM,WOLF DR,NA,Front to Rear,Clear,Dry,Daylight,Traffic Control Signal,NONE DETECTED,Yes,Possible Minor Injury,Followed Too Closely,Unknown,MD,Passenger Car,Moving Constant Speed,40,No,2008,HONDA,PILOT,39.07326424,-77.00276312,2024,7,17
240033984,Injury Crash,07/18/2024 05:04:00 PM,WOLF DR,NA,Front to Rear,Clear,Dry,Daylight,Traffic Control Signal,NONE DETECTED,No,No Apparent Injury,NA,Not Distracted,MD,Passenger Car,Slowing or Stopping,40,No,2017,TOYOTA,CAMRY,39.07326424,-77.00276312,2024,7,17
240033978,Property Damage Crash,07/18/2024 04:24:00 PM,NA,NA,"Sideswipe, Same Direction",Clear,NA,Daylight,NA,NONE DETECTED,No,NA,NA,Unknown,NA,Station Wagon,Turning Left,0,No,2017,NISSAN,VAN,39.02177216,-76.97674377,2024,7,16
240033973,Property Damage Crash,07/18/2024 04:00:00 PM,DILSTON RD,NA,Front to Rear,Clear,Dry,Daylight,Traffic Control Signal,NONE DETECTED,No,No Apparent Injury,NA,Not Distracted,MD,Sport Utility Vehicle,Stopped in Traffic,35,No,2003,SUBARU,OUTBACK,39.01150447,-76.97901545,2024,7,16
240033973,Property Damage Crash,07/18/2024 04:00:00 PM,DILSTON RD,NA,Front to Rear,Clear,Dry,Daylight,Traffic Control Signal,NONE DETECTED,No,No Apparent Injury,NA,Unknown,NA,Passenger Car,Slowing or Stopping,35,No,2008,TOYOTA,CAMRY,39.01150447,-76.97901545,2024,7,16
240033957,Property Damage Crash,07/18/2024 03:41:00 PM,MONTGOMERY VILLAGE AVE,NA,"Sideswipe, Same Direction",Clear,Dry,Daylight,No Controls,NONE DETECTED,No,No Apparent Injury,NA,Not Distracted,MD,Bus - Transit,Stopped in Traffic,35,No,2020,GILLIG,CITY TRANSIT BUS,39.16158833,-77.20170866,2024,7,15
240033957,Property Damage Crash,07/18/2024 03:41:00 PM,MONTGOMERY VILLAGE AVE,NA,"Sideswipe, Same Direction",Clear,Dry,Daylight,No Controls,NONE DETECTED,Yes,No Apparent Injury,NA,Not Distracted,MD,Sport Utility Vehicle,Changing Lanes,35,No,2019,FORD,ESCAPE,39.16158833,-77.20170866,2024,7,15
240033951,Property Damage Crash,07/18/2024 02:59:00 PM,NA,NA,"Sideswipe, Same Direction",Clear,NA,Daylight,NA,NONE DETECTED,No,No Apparent Injury,NA,Not Distracted,MD,Passenger Car,Parked,0,No,2014,HONDA,CIVIC,39.20411486,-77.24456497,2024,7,14
240033951,Property Damage Crash,07/18/2024 02:59:00 PM,NA,NA,"Sideswipe, Same Direction",Clear,NA,Daylight,NA,NONE DETECTED,No,No Apparent Injury,NA,Unknown,NA,Passenger Car,Backing,0,No,2005,CHEVROLET,EXPRESS,39.20411486,-77.24456497,2024,7,14
240022945,Property Damage Crash,07/18/2024 02:29:00 PM,NA,NA,"Sideswipe, Opposite Direction",Clear,Dry,Daylight,Traffic Control Signal,NONE DETECTED,Yes,No Apparent Injury,NA,Unknown,MD,Passenger Car,Turning Left,30,No,2019,SUBARU,OUTBACK,39.22143463,-77.05978997,2024,7,14
240022945,Property Damage Crash,07/18/2024 02:29:00 PM,NA,NA,"Sideswipe, Opposite Direction",Clear,Dry,Daylight,Traffic Control Signal,NONE DETECTED,No,No Apparent Injury,NA,Not Distracted,MD,Passenger Car,Moving Constant Speed,30,No,2015,SUBARU,OUTBACK,39.22143463,-77.05978997,2024,7,14
240033936,Injury Crash,07/18/2024 02:02:00 PM,DEWEY RD,NA,Single Vehicle,Clear,Dry,Daylight,Stop Sign,NONE DETECTED,Yes,No Apparent Injury,Ran Off Roadway,Not Distracted,MD,Passenger Car,Turning Left,25,No,2018,LEXUS,ES,39.05452491,-77.08906975,2024,7,14
240033953,Property Damage Crash,07/18/2024 02:01:00 PM,GEORGIA AVE,NA,"Sideswipe, Same Direction",Clear,Dry,Daylight,No Controls,NONE DETECTED,Yes,No Apparent Injury,"Failed to Keep in Proper Lane, Improper Passing",Unknown,MD,Station Wagon,Moving Constant Speed,35,No,2004,SUBARU,OUTBACK,39.05972436,-77.05049147,2024,7,14
240033953,Property Damage Crash,07/18/2024 02:01:00 PM,GEORGIA AVE,NA,"Sideswipe, Same Direction",Clear,Dry,Daylight,No Controls,NONE DETECTED,No,No Apparent Injury,NA,Not Distracted,MD,Passenger Car,Moving Constant Speed,35,No,2024,NISSAN,SENTRA,39.05972436,-77.05049147,2024,7,14
240033928,Property Damage Crash,07/18/2024 01:09:00 PM,NA,NA,Single Vehicle,Cloudy,Dry,Daylight,No Controls,NONE DETECTED,Yes,No Apparent Injury,NA,Not Distracted,MD,Van - Passenger (&lt;9 Seats),Moving Constant Speed,35,No,2003,FORD,E-250,39.09037883,-77.05428274,2024,7,13
240033929,Property Damage Crash,07/18/2024 12:46:00 PM,DENNIS AVE,NA,Front to Rear,Clear,Dry,Daylight,Traffic Control Signal,NONE DETECTED,Yes,No Apparent Injury,Followed Too Closely,Unknown,MD,Sport Utility Vehicle,Slowing or Stopping,35,No,2015,HONDA,CR-V,39.02519703,-77.0459388,2024,7,12
240033929,Property Damage Crash,07/18/2024 12:46:00 PM,DENNIS AVE,NA,Front to Rear,Clear,Dry,Daylight,Traffic Control Signal,NONE DETECTED,No,No Apparent Injury,NA,Not Distracted,MD,Bus - School,Slowing or Stopping,35,No,2022,THOMAS BUILT,HDX CHASSIS ONLY,39.02519703,-77.0459388,2024,7,12
240033911,Injury Crash,07/18/2024 11:28:00 AM,MYRTLE RD,NA,Single Vehicle,Clear,Dry,Daylight,No Controls,NONE DETECTED,No,Possible Minor Injury,NA,Unknown,MD,Passenger Car,NA,25,No,2013,DODGE,CARAVAN,39.01653947,-77.04180854,2024,7,11
240033914,Injury Crash,07/18/2024 11:20:00 AM,NA,NA,Front to Front,Cloudy,Dry,Daylight,No Controls,NONE DETECTED,Yes,No Apparent Injury,Failed to Keep in Proper Lane,Not Distracted,MD,Passenger Car,Moving Constant Speed,45,No,2003,TOYOTA,COROLLA,39.2291303,-77.17784603,2024,7,11
240033914,Injury Crash,07/18/2024 11:20:00 AM,NA,NA,Front to Front,Cloudy,Dry,Daylight,No Controls,NONE DETECTED,No,Possible Minor Injury,NA,Not Distracted,MD,Sport Utility Vehicle,Moving Constant Speed,45,No,2010,HONDA,PILOT,39.2291303,-77.17784603,2024,7,11
240033902,Property Damage Crash,07/18/2024 10:33:00 AM,NA,NA,Front to Rear,Clear,Dry,Daylight,Yield Sign,NONE DETECTED,No,No Apparent Injury,NA,Not Distracted,MD,Sport Utility Vehicle,Stopped in Traffic,30,No,2015,LEXUS,RX,39.08135417,-77.14599915,2024,7,10
240033902,Property Damage Crash,07/18/2024 10:33:00 AM,NA,NA,Front to Rear,Clear,Dry,Daylight,Yield Sign,NONE DETECTED,Yes,No Apparent Injury,NA,Not Distracted,MD,Passenger Car,Moving Constant Speed,30,No,2013,KIA,FORTE,39.08135417,-77.14599915,2024,7,10
240033900,Injury Crash,07/18/2024 09:42:00 AM,NORWOOD SCHOOL ENT,NA,Single Vehicle,Clear,Dry,Daylight,No Controls,NONE DETECTED,Yes,Possible Minor Injury,Ran Off Roadway,Unknown,MD,Sport Utility Vehicle,Moving Constant Speed,15,No,2015,AUDI,Q5,39.00142809,-77.17572378,2024,7,9
240033895,Injury Crash,07/18/2024 09:24:00 AM,TWIN FORKS LA,NA,Angle,Cloudy,Dry,Daylight,No Controls,NONE DETECTED,Yes,Possible Minor Injury,Failed to Yield Right-of-Way,Unknown,MD,Passenger Car,Entering Traffic Lane,35,No,2015,NISSAN,SENTRA,38.99311288,-77.06499167,2024,7,9
240033895,Injury Crash,07/18/2024 09:24:00 AM,TWIN FORKS LA,NA,Angle,Cloudy,Dry,Daylight,No Controls,NONE DETECTED,No,No Apparent Injury,NA,Not Distracted,VA,Unknown,Moving Constant Speed,35,No,2022,RAM,3500,38.99311288,-77.06499167,2024,7,9
240033894,Injury Crash,07/18/2024 09:07:00 AM,ROCK SPRING DR (SB/L),NA,Other,Cloudy,Dry,Daylight,Traffic Control Signal,NONE DETECTED,Yes,Possible Minor Injury,Failed to Yield Right-of-Way,Unknown,MD,Other,Turning Left,35,No,2024,FORD,TRANSIT,39.027055,-77.1321935,2024,7,9
240033894,Injury Crash,07/18/2024 09:07:00 AM,ROCK SPRING DR (SB/L),NA,Other,Cloudy,Dry,Daylight,Traffic Control Signal,NONE DETECTED,No,Possible Minor Injury,NA,Not Distracted,MD,Sport Utility Vehicle,Moving Constant Speed,35,No,2017,HONDA,CR-V,39.027055,-77.1321935,2024,7,9
240033891,Property Damage Crash,07/18/2024 08:37:00 AM,FREDERICK RD (SB/L),NA,Front to Rear,Clear,Dry,Daylight,Traffic Control Signal,NONE DETECTED,No,No Apparent Injury,NA,Not Distracted,MD,Passenger Car,Slowing or Stopping,45,No,2012,FORD,MUSTANG,39.19266979,-77.2429952,2024,7,8
240033891,Property Damage Crash,07/18/2024 08:37:00 AM,FREDERICK RD (SB/L),NA,Front to Rear,Clear,Dry,Daylight,Traffic Control Signal,NONE DETECTED,Yes,No Apparent Injury,Followed Too Closely,Not Distracted,MD,Van - Passenger (&lt;9 Seats),Moving Constant Speed,45,No,2012,DODGE,CARAVAN/GRAND CARAVAN,39.19266979,-77.2429952,2024,7,8
240033882,Property Damage Crash,07/18/2024 03:27:00 AM,NA,NA,Other,Clear,NA,Medium,NA,NONE DETECTED,No,NA,NA,NA,NA,Passenger Car,NA,0,No,0,NA,NA,39.12920885,-77.20282852,2024,7,3
240033878,Property Damage Crash,07/18/2024 12:33:00 AM,KING FARM BLVD,NA,Single Vehicle,Clear,Dry,Medium,No Controls,DRUG AND ALCOHOL CONTRIBUTED,Yes,No Apparent Injury,NA,Unknown,MD,Passenger Car,Moving Constant Speed,30,No,2024,HONDA,CIVIC,39.11690824,-77.16943539,2024,7,0
240033870,Property Damage Crash,07/17/2024 10:00:00 PM,DIAMONDBACK DR,NA,Other,Clear,Dry,Medium,Traffic Control Signal,NONE DETECTED,Yes,No Apparent Injury,"Failed to Yield Right-of-Way, Ran Red Light",Unknown,NA,Passenger Car,Moving Constant Speed,45,No,2017,HYUNDAI,ACCENT,39.11517677,-77.21570416,2024,7,22
240033870,Property Damage Crash,07/17/2024 10:00:00 PM,DIAMONDBACK DR,NA,Other,Clear,Dry,Medium,Traffic Control Signal,NONE DETECTED,No,No Apparent Injury,NA,Not Distracted,MD,Passenger Car,Turning Left,45,No,2016,TOYOTA,SCION IA,39.11517677,-77.21570416,2024,7,22
240033869,Injury Crash,07/17/2024 09:27:00 PM,NA,NA,Single Vehicle,Cloudy,Wet,Dark,No Controls,NONE DETECTED,No,Possible Minor Injury,Too Fast For Conditions,Not Distracted,MD,Sport Utility Vehicle,Negotiating a Curve,50,No,2004,JEEP,GRAND CHEROKEE,39.06310977,-77.29579535,2024,7,21
240033863,Property Damage Crash,07/17/2024 06:30:00 PM,NA,NA,Rear To Rear,Clear,NA,Daylight,NA,NONE DETECTED,Yes,No Apparent Injury,NA,Not Distracted,MD,Sport Utility Vehicle,Backing,0,No,2018,TOYOTA,RAV4,39.2882862,-77.20248855,2024,7,18
240033842,Injury Crash,07/17/2024 06:15:00 PM,NA,NA,Other,Rain,Wet,Daylight,No Controls,NONE DETECTED,No,Possible Minor Injury,NA,Unknown,MD,Sport Utility Vehicle,Moving Constant Speed,35,No,2010,TOYOTA,FJ CRUISER,39.00037249,-77.08233477,2024,7,18
240033842,Injury Crash,07/17/2024 06:15:00 PM,NA,NA,Other,Rain,Wet,Daylight,No Controls,NONE DETECTED,No,No Apparent Injury,NA,Not Distracted,MD,Sport Utility Vehicle,Moving Constant Speed,35,No,2008,NISSAN,ROGUE,39.00037249,-77.08233477,2024,7,18
240033842,Injury Crash,07/17/2024 06:15:00 PM,NA,NA,Other,Rain,Wet,Daylight,No Controls,NONE DETECTED,No,No Apparent Injury,NA,Unknown,TX,Sport Utility Vehicle,Moving Constant Speed,35,No,2018,TOYOTA,RAV4,39.00037249,-77.08233477,2024,7,18
240033835,Property Damage Crash,07/17/2024 06:02:00 PM,CHERRY HILL RD,NA,Front to Rear,Rain,Wet,Daylight,No Controls,NONE DETECTED,No,No Apparent Injury,NA,Not Distracted,NA,Passenger Car,Stopped in Traffic,40,No,2004,HONDA,ODYSSEY,39.0499356,-76.95254584,2024,7,18
240033835,Property Damage Crash,07/17/2024 06:02:00 PM,CHERRY HILL RD,NA,Front to Rear,Rain,Wet,Daylight,No Controls,NONE DETECTED,Yes,No Apparent Injury,"Operated Motor Vehicle in Inattentive, Careless, Negligent, or Erratic Manner",Unknown,MD,Passenger Car,Moving Constant Speed,40,No,2012,FORD,ESCAPE,39.0499356,-76.95254584,2024,7,18
240033835,Property Damage Crash,07/17/2024 06:02:00 PM,CHERRY HILL RD,NA,Front to Rear,Rain,Wet,Daylight,No Controls,NONE DETECTED,No,No Apparent Injury,NA,Not Distracted,MD,Passenger Car,Slowing or Stopping,40,No,2004,TOYOTA,HIGHLANDER,39.0499356,-76.95254584,2024,7,18
240033830,Injury Crash,07/17/2024 05:59:00 PM,CRYSTAL ROCK DR,NA,Angle,Rain,Wet,Daylight,Stop Sign,NONE DETECTED,No,No Apparent Injury,NA,Unknown,MD,Passenger Car,Moving Constant Speed,25,No,2012,ACURA,MDX,39.19008967,-77.26649267,2024,7,17
240033830,Injury Crash,07/17/2024 05:59:00 PM,CRYSTAL ROCK DR,NA,Angle,Rain,Wet,Daylight,No Controls,NONE DETECTED,No,Possible Minor Injury,NA,Not Distracted,MD,Passenger Car,Moving Constant Speed,45,No,2015,JEEP,GRAND CHEROKEE,39.19008967,-77.26649267,2024,7,17
240033840,Property Damage Crash,07/17/2024 05:55:00 PM,RIDGE RD,NA,Front to Rear,Rain,Wet,Daylight,Traffic Control Signal,NONE DETECTED,No,No Apparent Injury,NA,Not Distracted,MD,Sport Utility Vehicle,Stopped in Traffic,45,No,2019,TOYOTA,LAND CRUISER,39.2020477,-77.2530475,2024,7,17
240033840,Property Damage Crash,07/17/2024 05:55:00 PM,RIDGE RD,NA,Front to Rear,Rain,Wet,Daylight,Traffic Control Signal,NONE DETECTED,No,No Apparent Injury,NA,Not Distracted,MD,Sport Utility Vehicle,Stopped in Traffic,45,No,2017,LAND ROVER,RANGE ROVER,39.2020477,-77.2530475,2024,7,17
240033840,Property Damage Crash,07/17/2024 05:55:00 PM,RIDGE RD,NA,Front to Rear,Rain,Wet,Daylight,Traffic Control Signal,NONE DETECTED,No,No Apparent Injury,Too Fast For Conditions,Not Distracted,NA,Passenger Car,Slowing or Stopping,45,No,2010,MAZDA,MAZDA3,39.2020477,-77.2530475,2024,7,17
240033849,Property Damage Crash,07/17/2024 05:48:00 PM,FREDERICK RD,NA,Front to Rear,Rain,Wet,Daylight,No Controls,NONE DETECTED,No,No Apparent Injury,NA,Not Distracted,MD,Passenger Car,Moving Constant Speed,30,No,2008,ACURA,UNKNOWN,39.15221107,-77.21130281,2024,7,17
240033849,Property Damage Crash,07/17/2024 05:48:00 PM,FREDERICK RD,NA,Front to Rear,Rain,Wet,Daylight,No Controls,NONE DETECTED,No,NA,NA,NA,NA,Passenger Car,Moving Constant Speed,30,No,0,NA,NA,39.15221107,-77.21130281,2024,7,17
240033854,Injury Crash,07/17/2024 05:47:00 PM,NA,Pedestrian,Single Vehicle,Clear,NA,Daylight,NA,NONE DETECTED,No,No Apparent Injury,Failed to Yield Right-of-Way,Unknown,NA,Passenger Car,Turning Right,0,No,0,NA,NA,39.07844182,-77.071745,2024,7,17
240033827,Property Damage Crash,07/17/2024 05:40:00 PM,NA,NA,Front to Rear,Cloudy,Wet,Daylight,No Controls,NONE DETECTED,Yes,No Apparent Injury,NA,Unknown,MD,Pickup,Slowing or Stopping,35,No,2006,DODGE,RAM,39.00245623,-77.18184232,2024,7,17
240033827,Property Damage Crash,07/17/2024 05:40:00 PM,NA,NA,Front to Rear,Cloudy,Wet,Daylight,No Controls,NONE DETECTED,No,No Apparent Injury,NA,Not Distracted,DC,Station Wagon,Stopped in Traffic,35,No,2013,FORD,E-150,39.00245623,-77.18184232,2024,7,17
240033838,Property Damage Crash,07/17/2024 05:31:00 PM,FREDERICK RD (SB/L),NA,"Sideswipe, Same Direction",Clear,Wet,Daylight,No Controls,NONE DETECTED,No,NA,NA,NA,NA,Sport Utility Vehicle,Moving Constant Speed,40,No,0,NA,NA,39.16312037,-77.22599022,2024,7,17
240033838,Property Damage Crash,07/17/2024 05:31:00 PM,FREDERICK RD (SB/L),NA,"Sideswipe, Same Direction",Clear,Wet,Daylight,Stop Sign,NONE DETECTED,No,No Apparent Injury,NA,Not Distracted,MD,Passenger Car,Entering Traffic Lane,40,No,2011,HONDA,CIVIC,39.16312037,-77.22599022,2024,7,17
24001448,Property Damage Crash,07/17/2024 05:25:00 PM,TUCKERMAN LA,NA,"Sideswipe, Same Direction",Rain,Wet,Daylight,No Controls,NONE DETECTED,No,No Apparent Injury,NA,Not Distracted,MD,Sport Utility Vehicle,Turning Left,35,No,2016,FORD,EXPLORER,39.0349575,-77.125747,2024,7,17
24001448,Property Damage Crash,07/17/2024 05:25:00 PM,TUCKERMAN LA,NA,"Sideswipe, Same Direction",Rain,Wet,Daylight,No Controls,NONE DETECTED,No,No Apparent Injury,Improper Passing,Unknown,MD,Passenger Car,Leaving Traffic Lane,35,No,2007,BMW,530XI,39.0349575,-77.125747,2024,7,17
240033816,Property Damage Crash,07/17/2024 04:36:00 PM,W MONTGOMERY AVE,NA,Angle,Clear,Dry,Daylight,No Controls,NONE DETECTED,No,No Apparent Injury,NA,Not Distracted,MD,Pickup,Moving Constant Speed,30,No,2012,TOYOTA,TACOMA,39.08414825,-77.15761312,2024,7,16
240033816,Property Damage Crash,07/17/2024 04:36:00 PM,W MONTGOMERY AVE,NA,Angle,Clear,Dry,Daylight,No Controls,NONE DETECTED,Yes,No Apparent Injury,NA,Not Distracted,MD,Passenger Car,Turning Right,30,No,2009,HONDA,CIVIC,39.08414825,-77.15761312,2024,7,16
240033813,Property Damage Crash,07/17/2024 04:23:00 PM,ROCKVILLE PIKE (SB/L),NA,"Sideswipe, Same Direction",Clear,Dry,Daylight,No Controls,NONE DETECTED,No,No Apparent Injury,NA,Talking/listening,MD,Passenger Car,Changing Lanes,35,No,2021,HYUNDAI,ACCENT,39.07821886,-77.14140222,2024,7,16
240033813,Property Damage Crash,07/17/2024 04:23:00 PM,ROCKVILLE PIKE (SB/L),NA,"Sideswipe, Same Direction",Clear,Dry,Daylight,No Controls,NONE DETECTED,No,No Apparent Injury,NA,Not Distracted,MD,Sport Utility Vehicle,Moving Constant Speed,35,No,2020,JEEP,COMPASS,39.07821886,-77.14140222,2024,7,16
240033809,Injury Crash,07/17/2024 04:15:00 PM,SELFRIDGE RD,NA,"Sideswipe, Opposite Direction",Clear,Dry,Daylight,No Controls,NONE DETECTED,No,Suspected Serious Injury,NA,Not Distracted,MD,Passenger Car,Moving Constant Speed,20,No,2006,MINI,COOPER,39.05798133,-77.087788,2024,7,16
240033809,Injury Crash,07/17/2024 04:15:00 PM,SELFRIDGE RD,NA,"Sideswipe, Opposite Direction",Clear,Dry,Daylight,Stop Sign,NONE DETECTED,No,Possible Minor Injury,NA,Unknown,MD,Passenger Car,Accelerating,20,No,2012,VOLKSWAGEN,ROUTAN,39.05798133,-77.087788,2024,7,16
240033804,Property Damage Crash,07/17/2024 04:00:00 PM,WATKINS MILL RD,NA,Rear To Side,Clear,Dry,Daylight,Traffic Control Signal,NONE DETECTED,No,No Apparent Injury,NA,Unknown,MD,Passenger Car,Moving Constant Speed,35,No,2014,MERCEDES-BENZ,300,39.159446,-77.219178,2024,7,16
240033804,Property Damage Crash,07/17/2024 04:00:00 PM,WATKINS MILL RD,NA,Rear To Side,Clear,Dry,Daylight,Traffic Control Signal,NONE DETECTED,No,No Apparent Injury,NA,Unknown,MD,Sport Utility Vehicle,Turning Left,35,No,2016,HYUNDAI,TUCSON,39.159446,-77.219178,2024,7,16
240033806,Property Damage Crash,07/17/2024 03:45:00 PM,N WASHINGTON ST,NA,"Sideswipe, Same Direction",Clear,Dry,Daylight,Flashing Traffic Control Signal,NONE DETECTED,No,No Apparent Injury,NA,Not Distracted,MD,Passenger Car,Slowing or Stopping,35,No,2017,CHEVROLET,SPARK,39.09182985,-77.15340544,2024,7,15
240033806,Property Damage Crash,07/17/2024 03:45:00 PM,N WASHINGTON ST,NA,"Sideswipe, Same Direction",Clear,Dry,Daylight,Flashing Traffic Control Signal,NONE DETECTED,No,No Apparent Injury,NA,Not Distracted,MD,Bus - Transit,Turning Left,35,No,2008,GILLIG,CITY TRANSIT BUS,39.09182985,-77.15340544,2024,7,15
240033798,Injury Crash,07/17/2024 03:20:00 PM,LITTLE FALLS PKWY (NB/L),NA,Front to Rear,Clear,Dry,Daylight,No Controls,NONE DETECTED,No,No Apparent Injury,NA,Not Distracted,DC,Passenger Car,Slowing or Stopping,35,No,2014,HYUNDAI,SANTA FE,38.9705,-77.10046,2024,7,15
240033798,Injury Crash,07/17/2024 03:20:00 PM,LITTLE FALLS PKWY (NB/L),NA,Front to Rear,Clear,Dry,Daylight,No Controls,NONE DETECTED,No,No Apparent Injury,NA,Not Distracted,DC,Passenger Car,Slowing or Stopping,35,No,2018,SUBARU,FORESTER,38.9705,-77.10046,2024,7,15
240033798,Injury Crash,07/17/2024 03:20:00 PM,LITTLE FALLS PKWY (NB/L),NA,Front to Rear,Clear,Dry,Daylight,No Controls,NONE DETECTED,Yes,Possible Minor Injury,NA,Unknown,MD,Passenger Car,Moving Constant Speed,35,No,1998,VOLVO,S70,38.9705,-77.10046,2024,7,15
240033793,Property Damage Crash,07/17/2024 03:07:00 PM,NA,NA,Rear To Side,Clear,NA,Daylight,NA,NONE DETECTED,Yes,No Apparent Injury,NA,Not Distracted,MD,Sport Utility Vehicle,Moving Constant Speed,0,No,2015,HONDA,CR-V,39.10915945,-77.08169448,2024,7,15
240033787,Property Damage Crash,07/17/2024 03:02:00 PM,DAWSON AVE,NA,Angle,Clear,Dry,Daylight,No Controls,NONE DETECTED,No,No Apparent Injury,NA,Not Distracted,MD,Van - Passenger (&lt;9 Seats),Moving Constant Speed,20,No,2011,HONDA,ODYSSEY,39.08864995,-77.15336448,2024,7,15
240033787,Property Damage Crash,07/17/2024 03:02:00 PM,DAWSON AVE,NA,Angle,Clear,Dry,Daylight,No Controls,NONE DETECTED,Yes,No Apparent Injury,NA,Not Distracted,MD,Passenger Car,Turning Right,20,No,2013,TOYOTA,PRIUS,39.08864995,-77.15336448,2024,7,15
240033780,Injury Crash,07/17/2024 02:20:00 PM,NA,NA,Angle,Clear,Dry,Daylight,Traffic Control Signal,NONE DETECTED,No,No Apparent Injury,Improper Turn,Not Distracted,PR,Passenger Car,Making U-Turn,35,No,2012,HONDA,CIVIC,39.02221228,-76.9773359,2024,7,14
240033780,Injury Crash,07/17/2024 02:20:00 PM,NA,NA,Angle,Clear,Dry,Daylight,Traffic Control Signal,NONE DETECTED,No,No Apparent Injury,NA,Not Distracted,MD,Passenger Car,Accelerating,35,No,2019,TOYOTA,C-HR,39.02221228,-76.9773359,2024,7,14
240033771,Property Damage Crash,07/17/2024 01:37:00 PM,EAST WEST HWY (WB/L),NA,Front to Rear,Clear,Dry,Daylight,Traffic Control Signal,NONE DETECTED,No,NA,NA,NA,NA,Passenger Car,Slowing or Stopping,35,No,2010,CADILLAC,DTS,38.97532743,-76.99392176,2024,7,13
240033771,Property Damage Crash,07/17/2024 01:37:00 PM,EAST WEST HWY (WB/L),NA,Front to Rear,Clear,Dry,Daylight,Traffic Control Signal,NONE DETECTED,No,No Apparent Injury,NA,Not Distracted,DC,Sport Utility Vehicle,Stopped in Traffic,35,No,2022,TOYOTA,RAV4,38.97532743,-76.99392176,2024,7,13
240033763,Property Damage Crash,07/17/2024 01:15:00 PM,WAYNE AVE,NA,Front to Rear,Clear,Dry,Daylight,No Controls,NONE DETECTED,No,No Apparent Injury,NA,Not Distracted,MD,Sport Utility Vehicle,Stopped in Traffic,30,No,2015,LEXUS,RX,38.9980511,-77.02058764,2024,7,13
240033763,Property Damage Crash,07/17/2024 01:15:00 PM,WAYNE AVE,NA,Front to Rear,Clear,Dry,Daylight,No Controls,NONE DETECTED,No,No Apparent Injury,NA,Not Distracted,VA,Pickup,Slowing or Stopping,30,No,2012,TOYOTA,TUNDRA,38.9980511,-77.02058764,2024,7,13