Local Case Number,ACRS Report Type,Crash Date/Time,Road Name,Related Non-Motorist,Collision Type,Weather,Surface Condition,Light,Traffic Control,Driver Substance Abuse,Driver At Fault,Injury Severity,Circumstance,Driver Distracted By,Drivers License State,Vehicle Body Type,Vehicle Movement,Speed Limit,Driverless Vehicle,Vehicle Year,Vehicle Make,Vehicle Model,Latitude,Longitude,Year,Month,Hour
240033740,Property Damage Crash,07/17/2024 11:40:00 AM,NA,NA,Angle,Clear,Dry,Daylight,Traffic Control Signal,NONE DETECTED,No,No Apparent Injury,NA,Not Distracted,MD,Passenger Car,Moving Constant Speed,30,No,2011,HONDA,INSIGHT,39.09837792,-76.94430146,2024,7,11
240033740,Property Damage Crash,07/17/2024 11:40:00 AM,NA,NA,Angle,Clear,Dry,Daylight,Traffic Control Signal,NONE DETECTED,No,No Apparent Injury,NA,Unknown,MD,Passenger Car,Moving Constant Speed,30,No,2022,HONDA,CR-V,39.09837792,-76.94430146,2024,7,11
240033734,Injury Crash,07/17/2024 10:32:00 AM,ROCKVILLE PIKE (SB/L),NA,Front to Rear,Clear,Dry,Daylight,Traffic Control Signal,NONE DETECTED,No,No Apparent Injury,NA,Not Distracted,VA,Van - Passenger (&lt;9 Seats),Slowing or Stopping,35,No,2022,HONDA,ODYSSEY,39.01294167,-77.0988,2024,7,10
240033734,Injury Crash,07/17/2024 10:32:00 AM,ROCKVILLE PIKE (SB/L),NA,Front to Rear,Clear,Dry,Daylight,Traffic Control Signal,NONE DETECTED,Yes,Possible Minor Injury,NA,Not Distracted,MD,Station Wagon,Moving Constant Speed,35,No,2014,TOYOTA,PRIUS V,39.01294167,-77.0988,2024,7,10
240033726,Property Damage Crash,07/17/2024 10:07:00 AM,SOUTH DR,NA,Front to Rear,Clear,Dry,Daylight,Traffic Control Signal,NONE DETECTED,No,No Apparent Injury,NA,Not Distracted,MD,Passenger Car,Turning Right,10,No,2020,HYUNDAI,SONATA,38.999355,-77.09752,2024,7,10
240033726,Property Damage Crash,07/17/2024 10:07:00 AM,SOUTH DR,NA,Front to Rear,Clear,Dry,Daylight,Traffic Control Signal,NONE DETECTED,Yes,No Apparent Injury,NA,Not Distracted,MD,Bus - Transit,Turning Right,10,No,2017,RIDE,UNKNOWN,38.999355,-77.09752,2024,7,10
240033724,Property Damage Crash,07/17/2024 09:54:00 AM,NEW HAMPSHIRE AVE (SB/L),NA,"Sideswipe, Same Direction",Clear,Dry,Daylight,Traffic Control Signal,NONE DETECTED,No,No Apparent Injury,NA,Not Distracted,MD,Passenger Car,Accelerating,40,No,2012,TOYOTA,PRIUS,39.01726922,-76.9772984,2024,7,9
240033724,Property Damage Crash,07/17/2024 09:54:00 AM,NEW HAMPSHIRE AVE (SB/L),NA,"Sideswipe, Same Direction",Clear,Dry,Daylight,Traffic Control Signal,NONE DETECTED,No,NA,NA,NA,NA,NA,Moving Constant Speed,40,No,0,NA,NA,39.01726922,-76.9772984,2024,7,9
240033720,Injury Crash,07/17/2024 09:14:00 AM,NA,NA,Front to Rear,Clear,Dry,Daylight,No Controls,NONE DETECTED,Yes,Possible Minor Injury,Other Improper Action,Not Distracted,MD,Passenger Car,Moving Constant Speed,30,No,2015,HONDA,ACCORD,38.97123614,-77.12563012,2024,7,9
240033720,Injury Crash,07/17/2024 09:14:00 AM,NA,NA,Front to Rear,Clear,Dry,Daylight,No Controls,NONE DETECTED,No,No Apparent Injury,NA,Not Distracted,MD,Sport Utility Vehicle,Slowing or Stopping,30,No,2018,HONDA,CR-V,38.97123614,-77.12563012,2024,7,9
240033719,Injury Crash,07/17/2024 09:10:00 AM,FIELDS RD,NA,Front to Rear,Clear,Dry,Daylight,No Controls,NONE DETECTED,No,No Apparent Injury,NA,Not Distracted,NY,Sport Utility Vehicle,Stopped in Traffic,35,No,2024,HONDA,HR-V,39.11559756,-77.20352437,2024,7,9
240033719,Injury Crash,07/17/2024 09:10:00 AM,FIELDS RD,NA,Front to Rear,Clear,Dry,Daylight,No Controls,NONE DETECTED,No,Possible Minor Injury,NA,Not Distracted,MD,Sport Utility Vehicle,Moving Constant Speed,35,No,2017,SUBARU,FORESTER,39.11559756,-77.20352437,2024,7,9
240033719,Injury Crash,07/17/2024 09:10:00 AM,FIELDS RD,NA,Front to Rear,Clear,Dry,Daylight,No Controls,NONE DETECTED,Yes,No Apparent Injury,Failed to Keep in Proper Lane,Unknown,MD,Passenger Car,Changing Lanes,35,No,2017,TOYOTA,CAMRY,39.11559756,-77.20352437,2024,7,9
240033712,Injury Crash,07/17/2024 08:34:00 AM,CLARKSBURG RD,NA,Single Vehicle,Clear,Dry,Daylight,No Controls,NONE DETECTED,No,Possible Minor Injury,NA,Not Distracted,MD,Sport Utility Vehicle,Moving Constant Speed,40,No,2021,MERCEDES-BENZ,GLB-CLASS,39.26915919,-77.2791333,2024,7,8
240033709,Property Damage Crash,07/17/2024 07:57:00 AM,NA,NA,Angle,Clear,NA,Daylight,NA,NONE DETECTED,No,NA,NA,NA,NA,Sport Utility Vehicle,Parked,0,No,2019,JEEP,CHEROKEE,39.04031948,-77.1076999,2024,7,7
240033709,Property Damage Crash,07/17/2024 07:57:00 AM,NA,NA,Angle,Clear,NA,Daylight,NA,NONE DETECTED,No,NA,NA,NA,NA,Sport Utility Vehicle,Parked,0,No,2013,TOYOTA,HIGHLANDER,39.04031948,-77.1076999,2024,7,7
240033709,Property Damage Crash,07/17/2024 07:57:00 AM,NA,NA,Angle,Clear,NA,Daylight,NA,NONE DETECTED,Yes,No Apparent Injury,NA,Unknown,MD,Passenger Car,Slowing or Stopping,0,No,2020,NISSAN,ALTIMA,39.04031948,-77.1076999,2024,7,7
240033707,Property Damage Crash,07/17/2024 07:20:00 AM,COLUMBIA PIKE (SB/L),NA,Front to Rear,Clear,Dry,Daylight,No Controls,NONE DETECTED,No,No Apparent Injury,NA,Not Distracted,MD,Passenger Car,Slowing or Stopping,50,No,2023,HYUNDAI,KONA,39.0750305,-76.954892,2024,7,7
240033707,Property Damage Crash,07/17/2024 07:20:00 AM,COLUMBIA PIKE (SB/L),NA,Front to Rear,Clear,Dry,Daylight,No Controls,NONE DETECTED,No,No Apparent Injury,NA,Not Distracted,MD,Passenger Car,Moving Constant Speed,50,No,2019,HYUNDAI,SONATA,39.0750305,-76.954892,2024,7,7
240033691,Injury Crash,07/17/2024 07:00:00 AM,GEORGIA AVE,NA,Angle,Clear,Dry,Daylight,No Controls,NONE DETECTED,No,Possible Minor Injury,NA,Not Distracted,MD,Passenger Car,Moving Constant Speed,30,No,2012,HONDA,CR-V,39.04950224,-77.05194305,2024,7,7
240033691,Injury Crash,07/17/2024 07:00:00 AM,GEORGIA AVE,NA,Angle,Clear,Dry,Daylight,No Controls,NONE DETECTED,Yes,Possible Minor Injury,NA,Not Distracted,MD,Passenger Car,Turning Left,30,No,2015,TOYOTA,RAV4,39.04950224,-77.05194305,2024,7,7
240033686,Property Damage Crash,07/17/2024 05:32:00 AM,WATKINS MILL RD,NA,"Sideswipe, Same Direction",Clear,Dry,Medium,No Controls,NONE DETECTED,No,No Apparent Injury,"Operated Motor Vehicle in Inattentive, Careless, Negligent, or Erratic Manner, Operated Motor Vehicle in Reckless or Aggressive Manner",Not Distracted,NA,Pickup,Moving Constant Speed,35,No,2014,FORD,F-150,39.18298208,-77.21052757,2024,7,5
240033688,Property Damage Crash,07/17/2024 01:00:00 AM,LINTON ST,NA,Front to Rear,Clear,Dry,Medium,No Controls,NONE DETECTED,No,NA,NA,NA,NA,Passenger Car,Moving Constant Speed,25,No,2016,HONDA,CIVIC,39.00410367,-76.99375483,2024,7,1
240033674,Injury Crash,07/17/2024 12:18:00 AM,NA,NA,"Sideswipe, Opposite Direction",Clear,NA,Medium,NA,NONE DETECTED,No,Possible Minor Injury,NA,Not Distracted,MD,Sport Utility Vehicle,Slowing or Stopping,0,No,2024,TOYOTA,HIGHLANDER,39.04287844,-77.05073487,2024,7,0
240033674,Injury Crash,07/17/2024 12:18:00 AM,NA,NA,"Sideswipe, Opposite Direction",Clear,NA,Medium,NA,NONE DETECTED,No,No Apparent Injury,"Followed Too Closely, Improper Turn",Unknown,MD,Sport Utility Vehicle,Turning Right,0,No,2006,JEEP,WRANGLER,39.04287844,-77.05073487,2024,7,0
240033656,Property Damage Crash,07/16/2024 09:55:00 PM,NA,NA,Angle,Rain,Wet,Medium,Other,NONE DETECTED,No,No Apparent Injury,"Disregarded Other Traffic Sign, Failed to Yield Right-of-Way",Unknown,MD,Passenger Car,Making U-Turn,35,No,2015,MAZDA,CX-3,39.07540618,-77.11727358,2024,7,21
240033656,Property Damage Crash,07/16/2024 09:55:00 PM,NA,NA,Angle,Rain,Wet,Medium,No Controls,NONE DETECTED,No,No Apparent Injury,NA,Unknown,MD,Passenger Car,Moving Constant Speed,35,No,2010,KIA,FORTE,39.07540618,-77.11727358,2024,7,21
240033635,Property Damage Crash,07/16/2024 07:37:00 PM,DEWEY RD,NA,Front to Front,Clear,Dry,Daylight,Traffic Control Signal,NONE DETECTED,Yes,No Apparent Injury,NA,Not Distracted,MD,Pickup,Moving Constant Speed,35,No,2012,NISSAN,FRONTIER,39.05341165,-77.08943136,2024,7,19
240033635,Property Damage Crash,07/16/2024 07:37:00 PM,DEWEY RD,NA,Front to Front,Clear,Dry,Daylight,Traffic Control Signal,NONE DETECTED,No,No Apparent Injury,NA,Not Distracted,MD,Pickup,Moving Constant Speed,25,No,2024,FORD,F-SUPER DUTY,39.05341165,-77.08943136,2024,7,19
240033625,Property Damage Crash,07/16/2024 06:41:00 PM,NA,NA,"Sideswipe, Same Direction",Clear,Dry,Daylight,No Controls,NONE DETECTED,Yes,No Apparent Injury,NA,Not Distracted,MD,Bus - Transit,Leaving Traffic Lane,25,No,2017,GILLIG,LOW FLOOR BUS,39.09061933,-77.09860959,2024,7,18
240033626,Injury Crash,07/16/2024 06:36:00 PM,MUDDY BRANCH RD,NA,Single Vehicle,Clear,Dry,Daylight,No Controls,NONE DETECTED,No,Possible Minor Injury,"Followed Too Closely, Swerved or Avoided Due to Wind, Slippery Surface, Motor Vehicle, Object, Non-Motorist in Roadway, etc, Too Fast For Conditions",Unknown,MD,Motorcycle - 2 Wheeled,Slowing or Stopping,45,No,2012,SUZUKI,VL800,39.13677017,-77.205557,2024,7,18
240033611,Property Damage Crash,07/16/2024 05:09:00 PM,GEORGIA AVE,NA,Front to Rear,Clear,Dry,Daylight,Traffic Control Signal,NONE DETECTED,No,No Apparent Injury,NA,Not Distracted,NA,Passenger Car,Moving Constant Speed,30,No,2010,CHEVROLET,COBALT,38.99452539,-77.02701762,2024,7,17
240033611,Property Damage Crash,07/16/2024 05:09:00 PM,GEORGIA AVE,NA,Front to Rear,Clear,Dry,Daylight,Traffic Control Signal,NONE DETECTED,No,No Apparent Injury,NA,Not Distracted,MD,Passenger Car,Stopped in Traffic,30,No,2017,NISSAN,ROGUE SELECT,38.99452539,-77.02701762,2024,7,17
240033601,Property Damage Crash,07/16/2024 04:30:00 PM,OAK LEAF DR,NA,Front to Rear,Clear,Dry,Daylight,No Controls,NONE DETECTED,Yes,No Apparent Injury,NA,Not Distracted,NY,Passenger Car,Moving Constant Speed,45,No,2022,KIA,K5,39.04086834,-76.99580094,2024,7,16
240033601,Property Damage Crash,07/16/2024 04:30:00 PM,OAK LEAF DR,NA,Front to Rear,Clear,Dry,Daylight,No Controls,NONE DETECTED,No,No Apparent Injury,NA,Not Distracted,MD,Bus - Transit,Moving Constant Speed,45,No,2021,NEW FLYER,XD,39.04086834,-76.99580094,2024,7,16
240033597,Property Damage Crash,07/16/2024 04:24:00 PM,ROCKVILLE PIKE,NA,"Sideswipe, Same Direction",Clear,Dry,Daylight,No Controls,NONE DETECTED,No,NA,NA,NA,NA,Van - Cargo,Moving Constant Speed,40,No,2003,FREIGHTLINER,FL60,39.07649268,-77.13843847,2024,7,16
240033597,Property Damage Crash,07/16/2024 04:24:00 PM,ROCKVILLE PIKE,NA,"Sideswipe, Same Direction",Clear,Dry,Daylight,No Controls,NONE DETECTED,No,No Apparent Injury,NA,Not Distracted,MD,Passenger Car,Moving Constant Speed,40,No,2024,SUBARU,ASCENT,39.07649268,-77.13843847,2024,7,16
240033585,Property Damage Crash,07/16/2024 03:27:00 PM,COLUMBIA PIKE,NA,Front to Rear,Clear,Dry,Daylight,No Controls,NONE DETECTED,Yes,No Apparent Injury,NA,Unknown,MD,Passenger Car,Moving Constant Speed,40,No,2015,MERCEDES-BENZ,ML-CLASS,39.03111176,-77.00465903,2024,7,15
240033585,Property Damage Crash,07/16/2024 03:27:00 PM,COLUMBIA PIKE,NA,Front to Rear,Clear,Dry,Daylight,No Controls,NONE DETECTED,No,No Apparent Injury,NA,Not Distracted,VA,Passenger Car,Slowing or Stopping,40,No,2019,NISSAN,SENTRA,39.03111176,-77.00465903,2024,7,15
240033598,Property Damage Crash,07/16/2024 03:09:00 PM,NA,NA,Single Vehicle,Clear,NA,Daylight,NA,NONE DETECTED,No,No Apparent Injury,NA,Unknown,MD,Passenger Car,Accelerating,0,No,2021,BMW,X5,39.02298842,-77.12892662,2024,7,15
240033573,Injury Crash,07/16/2024 03:00:00 PM,CHERRY TREE LA,Scooter (electric),Single Vehicle,Clear,Dry,Daylight,Pedestrian Crossing,NONE DETECTED,No,No Apparent Injury,NA,Not Distracted,MD,Passenger Car,Moving Constant Speed,25,No,2012,TOYOTA,PRIUS,39.02564708,-77.00448051,2024,7,15
240033550,Property Damage Crash,07/16/2024 12:35:00 PM,OLD GEORGETOWN RD (SB/L),NA,Other,Clear,Dry,Daylight,No Controls,NONE DETECTED,No,No Apparent Injury,NA,Not Distracted,MD,Sport Utility Vehicle,Moving Constant Speed,15,No,2014,FORD,ESCAPE,39.02538878,-77.12593321,2024,7,12
240033550,Property Damage Crash,07/16/2024 12:35:00 PM,OLD GEORGETOWN RD (SB/L),NA,Other,Clear,Dry,Daylight,No Controls,NONE DETECTED,No,No Apparent Injury,Improper Backing,Unknown,NA,Passenger Car,Backing,15,No,0,NA,NA,39.02538878,-77.12593321,2024,7,12
240033576,Property Damage Crash,07/16/2024 12:30:00 PM,CHEVY CHASE LAKE TER,Pedestrian,Single Vehicle,Clear,Dry,Daylight,No Controls,NONE DETECTED,No,No Apparent Injury,NA,Unknown,MD,Sport Utility Vehicle,Accelerating,25,No,2016,HONDA,PILOT,38.99545804,-77.07582841,2024,7,12
240033539,Injury Crash,07/16/2024 12:03:00 PM,GREGORY ST,NA,"Sideswipe, Same Direction",Clear,Dry,Daylight,No Controls,NONE DETECTED,No,Possible Minor Injury,NA,Not Distracted,MD,Passenger Car,Entering Traffic Lane,25,No,2024,TOYOTA,COROLLA,39.03142999,-77.02754955,2024,7,12
240033539,Injury Crash,07/16/2024 12:03:00 PM,GREGORY ST,NA,"Sideswipe, Same Direction",Clear,Dry,Daylight,No Controls,NONE DETECTED,No,No Apparent Injury,NA,Not Distracted,MD,Sport Utility Vehicle,Moving Constant Speed,25,No,2009,DODGE,CALIBER,39.03142999,-77.02754955,2024,7,12
240033545,Property Damage Crash,07/16/2024 11:30:00 AM,NA,NA,Other,Clear,NA,Daylight,NA,NONE DETECTED,No,No Apparent Injury,NA,Not Distracted,MD,Passenger Car,Parked,0,No,2018,HONDA,ACCORD,39.01702118,-77.20929695,2024,7,11
240033545,Property Damage Crash,07/16/2024 11:30:00 AM,NA,NA,Other,Clear,NA,Daylight,NA,NONE DETECTED,Yes,No Apparent Injury,"Failed to Keep in Proper Lane, Improper Turn",Unknown,FL,Passenger Car,Turning Left,0,No,2011,MERCEDES-BENZ,E-CLASS,39.01702118,-77.20929695,2024,7,11
240032691,Property Damage Crash,07/16/2024 11:07:00 AM,RANDOLPH RD (WB/L),NA,"Sideswipe, Same Direction",Clear,Dry,Daylight,No Controls,NONE DETECTED,No,No Apparent Injury,NA,Not Distracted,MD,Station Wagon,Changing Lanes,30,No,2019,NISSAN,NV,39.0576258,-77.0777693,2024,7,11
240032691,Property Damage Crash,07/16/2024 11:07:00 AM,RANDOLPH RD (WB/L),NA,"Sideswipe, Same Direction",Clear,Dry,Daylight,No Controls,NONE DETECTED,No,No Apparent Injury,NA,Not Distracted,MD,Passenger Car,Moving Constant Speed,30,No,2014,TOYOTA,CAMRY,39.0576258,-77.0777693,2024,7,11
240033579,Property Damage Crash,07/16/2024 10:55:00 AM,NA,NA,Single Vehicle,Clear,NA,Daylight,NA,NONE DETECTED,Yes,No Apparent Injury,NA,Unknown,MD,Single-Unit Truck,Backing,0,No,2021,FREIGHTLINER,FREIGHTLINER,38.99318873,-76.99247985,2024,7,10
240033708,Property Damage Crash,07/16/2024 10:30:00 AM,NA,NA,Rear To Rear,Clear,NA,Daylight,NA,NONE DETECTED,Yes,No Apparent Injury,Improper Backing,Unknown,MD,Passenger Car,Backing,0,No,2006,DODGE,CHARGER,39.16798031,-77.25953176,2024,7,10
240033507,Property Damage Crash,07/16/2024 09:16:00 AM,TWINBROOK PKWY,NA,Angle,Clear,Dry,Daylight,Stop Sign,NONE DETECTED,No,No Apparent Injury,NA,Not Distracted,MD,Passenger Car,Turning Left,35,No,2015,TOYOTA,SIENNA,39.06587367,-77.11494833,2024,7,9
240033507,Property Damage Crash,07/16/2024 09:16:00 AM,TWINBROOK PKWY,NA,Angle,Clear,Dry,Daylight,No Controls,NONE DETECTED,No,No Apparent Injury,NA,Not Distracted,MD,Passenger Car,Moving Constant Speed,35,No,2022,VOLKSWAGEN,TIGUAN 4MOTION,39.06587367,-77.11494833,2024,7,9
240033511,Property Damage Crash,07/16/2024 09:00:00 AM,VEIRS MILL RD,NA,Angle,Clear,Dry,Daylight,Traffic Control Signal,NONE DETECTED,No,No Apparent Injury,NA,Unknown,MD,Sport Utility Vehicle,Moving Constant Speed,45,No,2007,NISSAN,MURANO,39.06216575,-77.09325457,2024,7,9
240033506,Property Damage Crash,07/16/2024 09:00:00 AM,COLUMBIA PIKE (SB/L),NA,Single Vehicle,Clear,Dry,Daylight,No Controls,NONE DETECTED,No,No Apparent Injury,NA,Not Distracted,MD,Passenger Car,Moving Constant Speed,50,No,2016,MERCEDES-BENZ,E-CLASS,39.07886867,-76.95205883,2024,7,9
240033511,Property Damage Crash,07/16/2024 09:00:00 AM,VEIRS MILL RD,NA,Angle,Clear,Dry,Daylight,Traffic Control Signal,NONE DETECTED,No,No Apparent Injury,Failed to Yield Right-of-Way,Unknown,MD,Sport Utility Vehicle,Turning Right,45,No,2018,TOYOTA,RAV4,39.06216575,-77.09325457,2024,7,9
240033497,Property Damage Crash,07/16/2024 08:15:00 AM,NA,NA,Front to Rear,Clear,Dry,Daylight,No Controls,NONE DETECTED,No,No Apparent Injury,Other Improper Action,Unknown,NA,Sport Utility Vehicle,NA,25,No,2017,HYUNDAI,ELANTRA,39.15702795,-77.26654278,2024,7,8
240033493,Injury Crash,07/16/2024 08:05:00 AM,GEORGIA AVE (SB/L),NA,"Sideswipe, Same Direction",Clear,Dry,Daylight,No Controls,NONE DETECTED,No,No Apparent Injury,NA,Not Distracted,MD,Sport Utility Vehicle,Moving Constant Speed,35,No,2012,JEEP,GRAND CHEROKEE,39.01141532,-77.04125467,2024,7,8
240033493,Injury Crash,07/16/2024 08:05:00 AM,GEORGIA AVE (SB/L),NA,"Sideswipe, Same Direction",Clear,Dry,Daylight,No Controls,NONE DETECTED,Yes,Possible Minor Injury,Failed to Yield Right-of-Way,Unknown,MD,Passenger Car,Making U-Turn,35,No,2018,NISSAN,ALTIMA,39.01141532,-77.04125467,2024,7,8
240033487,Property Damage Crash,07/16/2024 06:30:00 AM,CONNECTICUT AVE,NA,Front to Rear,Clear,Dry,Daylight,No Controls,NONE DETECTED,No,No Apparent Injury,NA,Not Distracted,MD,Pickup,Moving Constant Speed,35,No,2015,FORD,F-150,39.00589167,-77.07834667,2024,7,6
240033487,Property Damage Crash,07/16/2024 06:30:00 AM,CONNECTICUT AVE,NA,Front to Rear,Clear,Dry,Daylight,No Controls,NONE DETECTED,No,No Apparent Injury,"Followed Too Closely, Other Improper Action, Swerved or Avoided Due to Wind, Slippery Surface, Motor Vehicle, Object, Non-Motorist in Roadway, etc","Other Action (looking away from task, etc.)",NA,Sport Utility Vehicle,Changing Lanes,35,No,2003,JEEP,LIBERTY,39.00589167,-77.07834667,2024,7,6
240033486,Property Damage Crash,07/16/2024 06:30:00 AM,COLUMBIA PIKE (SB/L),NA,"Sideswipe, Same Direction",Clear,Dry,Daylight,No Controls,NONE DETECTED,Yes,No Apparent Injury,NA,Unknown,MD,Passenger Car,Changing Lanes,40,No,2018,HYUNDAI,ELANTRA,39.03251441,-77.00359546,2024,7,6
240033486,Property Damage Crash,07/16/2024 06:30:00 AM,COLUMBIA PIKE (SB/L),NA,"Sideswipe, Same Direction",Clear,Dry,Daylight,No Controls,NONE DETECTED,No,No Apparent Injury,NA,Not Distracted,MD,Bus - Transit,Stopped in Traffic,40,No,2020,NOVABUS,UNKNOWN,39.03251441,-77.00359546,2024,7,6
240033481,Injury Crash,07/16/2024 02:35:00 AM,NA,NA,Single Vehicle,Clear,Dry,Medium,No Controls,NONE DETECTED,Yes,Possible Minor Injury,NA,Unknown,MD,Pickup,Moving Constant Speed,40,No,2017,RAM,1500,39.189885,-77.22179783,2024,7,2
240033472,Injury Crash,07/15/2024 11:31:00 PM,GREAT SENECA HWY,NA,Angle,Clear,Dry,Dark,Traffic Control Signal,NONE DETECTED,Yes,Possible Minor Injury,NA,Not Distracted,MD,Passenger Car,Moving Constant Speed,50,No,2000,TOYOTA,CELICA,39.1033663,-77.20621674,2024,7,23
240033472,Injury Crash,07/15/2024 11:31:00 PM,GREAT SENECA HWY,NA,Angle,Clear,Dry,Dark,Traffic Control Signal,NONE DETECTED,Yes,No Apparent Injury,NA,Not Distracted,VA,Sport Utility Vehicle,Moving Constant Speed,50,No,2017,NISSAN,ROGUE,39.1033663,-77.20621674,2024,7,23
240033485,Property Damage Crash,07/15/2024 11:00:00 PM,SPICEBERRY DR,NA,"Sideswipe, Opposite Direction",Clear,Dry,Medium,No Controls,NONE DETECTED,No,No Apparent Injury,Failed to Keep in Proper Lane,NA,NA,Sport Utility Vehicle,Turning Left,25,No,2015,CHEVROLET,EQUINOX,39.15199147,-77.16401525,2024,7,23
240033485,Property Damage Crash,07/15/2024 11:00:00 PM,SPICEBERRY DR,NA,"Sideswipe, Opposite Direction",Clear,Dry,Medium,No Controls,NONE DETECTED,No,No Apparent Injury,NA,Not Distracted,MD,Passenger Car,Slowing or Stopping,25,No,2014,HONDA,CIVIC,39.15199147,-77.16401525,2024,7,23
240033469,Property Damage Crash,07/15/2024 10:45:00 PM,MIDLAND RD,NA,Single Vehicle,Clear,Dry,Dark,No Controls,NONE DETECTED,No,No Apparent Injury,"Swerved or Avoided Due to Wind, Slippery Surface, Motor Vehicle, Object, Non-Motorist in Roadway, etc",Unknown,MD,Passenger Car,Negotiating a Curve,25,No,2020,MERCEDES-BENZ,C-CLASS,39.07768806,-76.99140875,2024,7,22
240033460,Property Damage Crash,07/15/2024 09:15:00 PM,BROOKVILLE RD,NA,Front to Front,Clear,Dry,Medium,Yield Sign,NONE DETECTED,No,No Apparent Injury,NA,Not Distracted,MD,Sport Utility Vehicle,Moving Constant Speed,25,No,2022,NISSAN,PATHFINDER,38.98908852,-77.07053655,2024,7,21
240033460,Property Damage Crash,07/15/2024 09:15:00 PM,BROOKVILLE RD,NA,Front to Front,Clear,Dry,Medium,Yield Sign,NONE DETECTED,Yes,No Apparent Injury,"Failed to Keep in Proper Lane, Too Fast For Conditions, Wrong Side",Not Distracted,NA,Passenger Car,Moving Constant Speed,25,No,2019,TOYOTA,COROLLA,38.98908852,-77.07053655,2024,7,21
240033442,Property Damage Crash,07/15/2024 08:00:00 PM,COLUMBIA PIKE (SB/L),NA,Front to Rear,Clear,Dry,Daylight,Traffic Control Signal,NONE DETECTED,Yes,No Apparent Injury,NA,Unknown,MD,Passenger Car,Slowing or Stopping,45,No,2008,FORD,EXPLORER,39.0476925,-76.98538667,2024,7,20
240033442,Property Damage Crash,07/15/2024 08:00:00 PM,COLUMBIA PIKE (SB/L),NA,Front to Rear,Clear,Dry,Daylight,Traffic Control Signal,NONE DETECTED,No,No Apparent Injury,NA,Not Distracted,MD,Passenger Car,Stopped in Traffic,45,No,2020,RAM,2500,39.0476925,-76.98538667,2024,7,20
240033439,Property Damage Crash,07/15/2024 06:50:00 PM,GRANDVIEW AVE,NA,Rear To Side,Clear,Dry,Daylight,No Controls,NONE DETECTED,No,No Apparent Injury,NA,Not Distracted,MD,Other,Turning Right,25,No,2020,FREIGHTLINER,M2,39.04213864,-77.05311585,2024,7,18
240033439,Property Damage Crash,07/15/2024 06:50:00 PM,GRANDVIEW AVE,NA,Rear To Side,Clear,Dry,Daylight,No Controls,NONE DETECTED,No,NA,NA,NA,NA,Passenger Car,Parked,25,No,2007,TOYOTA,COROLLA,39.04213864,-77.05311585,2024,7,18
240033429,Injury Crash,07/15/2024 06:48:00 PM,UNIVERSITY BLVD W,NA,Single Vehicle,Clear,Dry,Daylight,No Controls,NONE DETECTED,No,Possible Minor Injury,NA,Unknown,NA,Passenger Car,Moving Constant Speed,35,No,2012,TOYOTA,COROLLA,39.04092833,-77.04645167,2024,7,18
240033446,Property Damage Crash,07/15/2024 06:19:00 PM,BLUE SPRUCE LA,NA,Rear To Rear,Clear,Wet,Daylight,No Controls,NONE DETECTED,No,NA,NA,NA,NA,Pickup,Backing,25,No,2001,TOYOTA,TUNDRA,39.07990187,-77.05839327,2024,7,18
240033433,Injury Crash,07/15/2024 06:07:00 PM,MAY ST,NA,Front to Rear,Clear,Wet,Daylight,Traffic Control Signal,NONE DETECTED,No,NA,NA,NA,NA,Pickup,Moving Constant Speed,25,No,2001,TOYOTA,TUNDRA,39.07223654,-77.0651489,2024,7,18
240033433,Injury Crash,07/15/2024 06:07:00 PM,MAY ST,NA,Front to Rear,Clear,Wet,Daylight,Traffic Control Signal,NONE DETECTED,No,Possible Minor Injury,NA,Not Distracted,MD,Passenger Car,Stopped in Traffic,25,No,2023,HONDA,ACCORD,39.07223654,-77.0651489,2024,7,18