Local Case Number,ACRS Report Type,Crash Date/Time,Road Name,Related Non-Motorist,Collision Type,Weather,Surface Condition,Light,Traffic Control,Driver Substance Abuse,Driver At Fault,Injury Severity,Circumstance,Driver Distracted By,Drivers License State,Vehicle Body Type,Vehicle Movement,Speed Limit,Driverless Vehicle,Vehicle Year,Vehicle Make,Vehicle Model,Latitude,Longitude,Year,Month,Hour
240033423,Property Damage Crash,07/15/2024 06:01:00 PM,ASTON MANOR DR,NA,Angle,Clear,Wet,Daylight,Stop Sign,NONE DETECTED,No,No Apparent Injury,NA,Not Distracted,MD,Sport Utility Vehicle,Moving Constant Speed,25,No,2006,TOYOTA,SEQUOIA,39.07885467,-76.93758867,2024,7,18
240033423,Property Damage Crash,07/15/2024 06:01:00 PM,ASTON MANOR DR,NA,Angle,Clear,Wet,Daylight,Stop Sign,NONE DETECTED,Yes,No Apparent Injury,NA,Unknown,MD,Sport Utility Vehicle,Accelerating,25,No,2012,SUBARU,FORESTER,39.07885467,-76.93758867,2024,7,18
240033417,Injury Crash,07/15/2024 05:17:00 PM,DARNESTOWN RD,NA,Front to Rear,Rain,Wet,Daylight,No Controls,NONE DETECTED,No,Possible Minor Injury,NA,Not Distracted,MD,Sport Utility Vehicle,Slowing or Stopping,50,No,2024,JEEP,GRAND CHEROKEE,39.18539633,-77.4183875,2024,7,17
240033417,Injury Crash,07/15/2024 05:17:00 PM,DARNESTOWN RD,NA,Front to Rear,Rain,Wet,Daylight,No Controls,NONE DETECTED,No,Possible Minor Injury,"Followed Too Closely, Too Fast For Conditions",Unknown,MD,Sport Utility Vehicle,Slowing or Stopping,50,No,1997,JEEP,WRANGLER,39.18539633,-77.4183875,2024,7,17
240033418,Property Damage Crash,07/15/2024 05:00:00 PM,WHITES FERRY RD,NA,Single Vehicle,Rain,Wet,Daylight,No Controls,NONE DETECTED,No,No Apparent Injury,NA,Not Distracted,MD,Sport Utility Vehicle,Moving Constant Speed,40,No,2014,SUBARU,FORESTER,39.12808656,-77.38323175,2024,7,17
240033409,Injury Crash,07/15/2024 04:27:00 PM,OMEGA DR,NA,Front to Front,Rain,Wet,Daylight,Traffic Control Signal,NONE DETECTED,Yes,No Apparent Injury,Failed to Yield Right-of-Way,Not Distracted,MD,Passenger Car,Turning Left,35,No,2018,HONDA,CIVIC,39.10703,-77.19499333,2024,7,16
240033409,Injury Crash,07/15/2024 04:27:00 PM,OMEGA DR,NA,Front to Front,Rain,Wet,Daylight,Traffic Control Signal,NONE DETECTED,No,Possible Minor Injury,NA,Not Distracted,MD,Passenger Car,Moving Constant Speed,35,No,2024,HYUNDAI,IONIQ 5,39.10703,-77.19499333,2024,7,16
240033402,Injury Crash,07/15/2024 03:49:00 PM,VILLAGE PARK PL,NA,Front to Front,Clear,Dry,Daylight,"Other Pavement Marking (excluding edgelines, centerlines, or lane lines)",NONE DETECTED,Yes,No Apparent Injury,Failed to Yield Right-of-Way,Not Distracted,MD,Van - Cargo,Turning Left,25,No,2022,FORD,TRANSIT,38.99681022,-77.07481357,2024,7,15
240033402,Injury Crash,07/15/2024 03:49:00 PM,VILLAGE PARK PL,NA,Front to Front,Clear,Dry,Daylight,"Other Pavement Marking (excluding edgelines, centerlines, or lane lines)",NONE DETECTED,No,Possible Minor Injury,NA,Not Distracted,MD,Moped Or motorized bicycle,Moving Constant Speed,25,No,1997,HONDA,ELITE 50,38.99681022,-77.07481357,2024,7,15
240033416,Property Damage Crash,07/15/2024 03:45:00 PM,KEY WEST AVE (WB/L),NA,Angle,Rain,Wet,Daylight,No Controls,NONE DETECTED,No,No Apparent Injury,NA,Not Distracted,MD,Passenger Car,Moving Constant Speed,40,No,2014,FORD,FOCUS,39.10425833,-77.19252,2024,7,15
240033398,Injury Crash,07/15/2024 03:45:00 PM,LUZERNE AVE,NA,Front to Rear,Clear,Dry,Daylight,Stop Sign,NONE DETECTED,No,No Apparent Injury,NA,Not Distracted,XX,Passenger Car,Stopped in Traffic,25,No,2025,CHRYSLER,PACIFICA,39.00665624,-77.0431498,2024,7,15
240033393,Injury Crash,07/15/2024 03:45:00 PM,NA,NA,Angle,Clear,Dry,Daylight,No Controls,NONE DETECTED,Yes,No Apparent Injury,Improper Turn,Not Distracted,MD,Passenger Car,Moving Constant Speed,35,No,2006,TOYOTA,COROLLA,39.06869183,-77.1140675,2024,7,15
240033393,Injury Crash,07/15/2024 03:45:00 PM,NA,NA,Angle,Clear,Dry,Daylight,No Controls,NONE DETECTED,No,Suspected Serious Injury,NA,Not Distracted,MD,Motorcycle - 2 Wheeled,Moving Constant Speed,35,No,2022,CHONGQING RATO,UNKNOWN,39.06869183,-77.1140675,2024,7,15
240033416,Property Damage Crash,07/15/2024 03:45:00 PM,KEY WEST AVE (WB/L),NA,Angle,Rain,Wet,Daylight,No Controls,NONE DETECTED,Yes,No Apparent Injury,NA,Unknown,MD,Passenger Car,Changing Lanes,40,No,2020,TOYOTA,RAV4,39.10425833,-77.19252,2024,7,15
240033398,Injury Crash,07/15/2024 03:45:00 PM,LUZERNE AVE,NA,Front to Rear,Clear,Dry,Daylight,Stop Sign,NONE DETECTED,Yes,No Apparent Injury,Too Fast For Conditions,Not Distracted,MD,Passenger Car,Slowing or Stopping,25,No,2010,TOYOTA,UNKNOWN,39.00665624,-77.0431498,2024,7,15
240033403,Property Damage Crash,07/15/2024 03:30:00 PM,NA,NA,Rear To Side,Clear,NA,Daylight,NA,NONE DETECTED,Yes,No Apparent Injury,NA,Unknown,MD,Passenger Car,Backing,0,No,2021,VOLKSWAGEN,JETTA,39.18045134,-77.17746352,2024,7,15
240033388,Injury Crash,07/15/2024 02:55:00 PM,EAST WEST HWY,NA,Angle,Clear,Dry,Daylight,Traffic Control Signal,NONE DETECTED,Yes,No Apparent Injury,NA,Not Distracted,WA,Sport Utility Vehicle,Turning Left,30,No,2010,FORD,EXPLORER,38.98792018,-77.07708876,2024,7,14
240033388,Injury Crash,07/15/2024 02:55:00 PM,EAST WEST HWY,NA,Angle,Clear,Dry,Daylight,Traffic Control Signal,NONE DETECTED,No,Possible Minor Injury,NA,Not Distracted,MD,Passenger Car,Moving Constant Speed,30,No,2015,HONDA,CIVIC,38.98792018,-77.07708876,2024,7,14
240033385,Property Damage Crash,07/15/2024 02:34:00 PM,METRORAIL TRACK B2 RAIL,NA,Front to Rear,Clear,Dry,Daylight,No Controls,NONE DETECTED,No,No Apparent Injury,NA,Not Distracted,MD,Passenger Car,Slowing or Stopping,30,No,2011,SUBARU,OUTBACK,39.01599195,-77.04301996,2024,7,14
240033385,Property Damage Crash,07/15/2024 02:34:00 PM,METRORAIL TRACK B2 RAIL,NA,Front to Rear,Clear,Dry,Daylight,No Controls,NONE DETECTED,Yes,No Apparent Injury,NA,Not Distracted,VA,Passenger Car,Moving Constant Speed,30,No,2017,HONDA,CIVIC,39.01599195,-77.04301996,2024,7,14
240033366,Property Damage Crash,07/15/2024 01:31:00 PM,OLD GEORGETOWN RD (SB/L),NA,"Sideswipe, Same Direction",Clear,Dry,Daylight,No Controls,NONE DETECTED,No,No Apparent Injury,NA,Not Distracted,MD,Passenger Car,Moving Constant Speed,30,No,2021,CHEVROLET,EQUINOX,39.02686353,-77.1263661,2024,7,13
240033366,Property Damage Crash,07/15/2024 01:31:00 PM,OLD GEORGETOWN RD (SB/L),NA,"Sideswipe, Same Direction",Clear,Dry,Daylight,No Controls,NONE DETECTED,No,No Apparent Injury,NA,Not Distracted,MD,Passenger Car,Moving Constant Speed,30,No,2005,TOYOTA,COROLLA,39.02686353,-77.1263661,2024,7,13
240033367,Property Damage Crash,07/15/2024 01:30:00 PM,FERNWOOD RD,NA,Angle,Clear,Dry,Daylight,Stop Sign,NONE DETECTED,Yes,No Apparent Injury,Failed to Yield Right-of-Way,Not Distracted,MD,Sport Utility Vehicle,Accelerating,35,No,2022,HONDA,HR-V,39.01980764,-77.13431478,2024,7,13
240033367,Property Damage Crash,07/15/2024 01:30:00 PM,FERNWOOD RD,NA,Angle,Clear,Dry,Daylight,No Controls,NONE DETECTED,No,No Apparent Injury,NA,Not Distracted,MD,Passenger Car,Moving Constant Speed,35,No,2008,HONDA,ACCORD,39.01980764,-77.13431478,2024,7,13
240033360,Property Damage Crash,07/15/2024 01:05:00 PM,NA,NA,"Sideswipe, Same Direction",Clear,Dry,Daylight,No Controls,NONE DETECTED,Yes,No Apparent Injury,NA,Not Distracted,MD,Passenger Car,Accelerating,40,No,2019,MINI,COOPER,39.12637441,-77.07239417,2024,7,13
240033360,Property Damage Crash,07/15/2024 01:05:00 PM,NA,NA,"Sideswipe, Same Direction",Clear,Dry,Daylight,No Controls,NONE DETECTED,No,No Apparent Injury,NA,Not Distracted,MD,Passenger Car,Moving Constant Speed,40,No,2019,DODGE,CHARGER,39.12637441,-77.07239417,2024,7,13
240033354,Injury Crash,07/15/2024 12:17:00 PM,RAMP 6 FR MIDDLEBROOK RD EB TO IS 270 SB,NA,Front to Rear,Clear,Dry,Daylight,Other,NONE DETECTED,Yes,No Apparent Injury,Followed Too Closely,Not Distracted,MD,Bus - School,Moving Constant Speed,45,No,2014,THOMAS BUILT,SCHOOL BUS,39.17416062,-77.24848501,2024,7,12
240033354,Injury Crash,07/15/2024 12:17:00 PM,RAMP 6 FR MIDDLEBROOK RD EB TO IS 270 SB,NA,Front to Rear,Clear,Dry,Daylight,Other,NONE DETECTED,No,Possible Minor Injury,NA,Not Distracted,MD,Passenger Car,Moving Constant Speed,45,No,2022,KIA,FORTE,39.17416062,-77.24848501,2024,7,12
240033354,Injury Crash,07/15/2024 12:17:00 PM,RAMP 6 FR MIDDLEBROOK RD EB TO IS 270 SB,NA,Front to Rear,Clear,Dry,Daylight,Other,NONE DETECTED,No,No Apparent Injury,NA,Not Distracted,MD,Passenger Car,Slowing or Stopping,45,No,2019,HONDA,ACCORD,39.17416062,-77.24848501,2024,7,12
240033342,Property Damage Crash,07/15/2024 11:45:00 AM,NA,NA,Angle,Clear,Dry,Daylight,No Controls,NONE DETECTED,No,No Apparent Injury,NA,Not Distracted,MD,Other,Moving Constant Speed,30,No,2015,INTERNATIONAL,TANKER,38.98099267,-77.14093617,2024,7,11
240033342,Property Damage Crash,07/15/2024 11:45:00 AM,NA,NA,Angle,Clear,Dry,Daylight,Stop Sign,NONE DETECTED,No,No Apparent Injury,NA,Unknown,MD,Passenger Car,Entering Traffic Lane,30,No,2005,HONDA,PILOT,38.98099267,-77.14093617,2024,7,11
240033327,Injury Crash,07/15/2024 11:05:00 AM,NA,NA,Single Vehicle,Clear,NA,Daylight,NA,NONE DETECTED,No,Possible Minor Injury,NA,Not Distracted,MD,Passenger Car,Accelerating,0,No,2020,HONDA,CIVIC,39.13635382,-77.22623873,2024,7,11
240033324,Property Damage Crash,07/15/2024 10:09:00 AM,GEORGIA AVE,NA,"Sideswipe, Same Direction",Clear,Dry,Daylight,No Controls,NONE DETECTED,Yes,No Apparent Injury,"Failed to Keep in Proper Lane, Operated Motor Vehicle in Inattentive, Careless, Negligent, or Erratic Manner, Too Fast For Conditions",Unknown,NA,Bus - Other Type,Moving Constant Speed,30,No,2024,VAN HOOL,DOUBLE DECK COACH,39.03003127,-77.04761645,2024,7,10
240033324,Property Damage Crash,07/15/2024 10:09:00 AM,GEORGIA AVE,NA,"Sideswipe, Same Direction",Clear,Dry,Daylight,No Controls,NONE DETECTED,No,No Apparent Injury,NA,Not Distracted,MD,Bus - School,Slowing or Stopping,30,No,2014,FREIGHTLINER,B2 BUS CHASSIS,39.03003127,-77.04761645,2024,7,10
240033309,Injury Crash,07/15/2024 09:40:00 AM,RAMP 2 FR IS 495 WB TO MD 97 NB,NA,Front to Rear,Clear,Dry,Daylight,No Controls,NONE DETECTED,Yes,No Apparent Injury,NA,Not Distracted,DC,Passenger Car,Moving Constant Speed,35,No,2018,VOLKSWAGEN,ATLAS,39.01471296,-77.04208856,2024,7,9
240033309,Injury Crash,07/15/2024 09:40:00 AM,RAMP 2 FR IS 495 WB TO MD 97 NB,NA,Front to Rear,Clear,Dry,Daylight,No Controls,NONE DETECTED,No,Possible Minor Injury,NA,Not Distracted,MD,Passenger Car,Moving Constant Speed,35,No,2013,HONDA,CR-V,39.01471296,-77.04208856,2024,7,9
240033303,Injury Crash,07/15/2024 09:00:00 AM,CEDAR LA,NA,Front to Rear,Clear,Dry,Daylight,Traffic Control Signal,NONE DETECTED,No,No Apparent Injury,NA,Not Distracted,MD,Passenger Car,Slowing or Stopping,25,No,2009,ACURA,CL,39.013329830000004,-77.09046117,2024,7,9
240033303,Injury Crash,07/15/2024 09:00:00 AM,CEDAR LA,NA,Front to Rear,Clear,Dry,Daylight,Traffic Control Signal,NONE DETECTED,No,Possible Minor Injury,NA,Not Distracted,MD,Passenger Car,Slowing or Stopping,25,No,2010,NISSAN,VERSA,39.013329830000004,-77.09046117,2024,7,9
240033303,Injury Crash,07/15/2024 09:00:00 AM,CEDAR LA,NA,Front to Rear,Clear,Dry,Daylight,Traffic Control Signal,NONE DETECTED,No,No Apparent Injury,"Followed Too Closely, Too Fast For Conditions",Not Distracted,WI,Passenger Car,Moving Constant Speed,25,No,2006,HONDA,CR-V,39.013329830000004,-77.09046117,2024,7,9
240033303,Injury Crash,07/15/2024 09:00:00 AM,CEDAR LA,NA,Front to Rear,Clear,Dry,Daylight,Traffic Control Signal,NONE DETECTED,No,No Apparent Injury,NA,Not Distracted,MD,Passenger Car,Slowing or Stopping,25,No,2019,MAZDA,323,39.013329830000004,-77.09046117,2024,7,9
240033289,Property Damage Crash,07/15/2024 07:40:00 AM,W DIAMOND AVE (WB/L),NA,Front to Rear,Clear,Dry,Daylight,Traffic Control Signal,NONE DETECTED,No,No Apparent Injury,NA,Unknown,MD,Passenger Car,Moving Constant Speed,35,No,2014,FORD,FIESTA,39.14020306,-77.20488767,2024,7,7
240033289,Property Damage Crash,07/15/2024 07:40:00 AM,W DIAMOND AVE (WB/L),NA,Front to Rear,Clear,Dry,Daylight,Traffic Control Signal,NONE DETECTED,No,No Apparent Injury,NA,Not Distracted,MD,Passenger Car,Slowing or Stopping,35,No,2018,NISSAN,ALTIMA,39.14020306,-77.20488767,2024,7,7
24001424,Property Damage Crash,07/15/2024 07:20:00 AM,SUGARLAND RD,NA,Front to Rear,Clear,Dry,Daylight,No Controls,NONE DETECTED,No,No Apparent Injury,NA,Not Distracted,MD,Other Trucks,Backing,15,No,2017,MACK,GU (GRANITE),39.12835556,-77.34679772,2024,7,7
24001424,Property Damage Crash,07/15/2024 07:20:00 AM,SUGARLAND RD,NA,Front to Rear,Clear,Dry,Daylight,No Controls,NONE DETECTED,No,No Apparent Injury,NA,Not Distracted,MD,Sport Utility Vehicle,Stopped in Traffic,15,No,2015,FORD,ESCAPE,39.12835556,-77.34679772,2024,7,7
240033191,Injury Crash,07/15/2024 07:18:00 AM,BURNT MILLS AVE,NA,Rear To Side,Clear,Dry,Daylight,Traffic Control Signal,NONE DETECTED,No,No Apparent Injury,NA,Not Distracted,VA,Passenger Car,Moving Constant Speed,35,No,2016,AUDI,A6,39.03550496,-77.00062077,2024,7,7
240033191,Injury Crash,07/15/2024 07:18:00 AM,BURNT MILLS AVE,NA,Rear To Side,Clear,Dry,Daylight,Traffic Control Signal,NONE DETECTED,Yes,No Apparent Injury,NA,Not Distracted,MD,Passenger Car,Moving Constant Speed,35,No,2008,MAZDA,MAZDA3,39.03550496,-77.00062077,2024,7,7
240033285,Property Damage Crash,07/15/2024 05:35:00 AM,NA,NA,Single Vehicle,Clear,Dry,Dark,No Controls,NONE DETECTED,No,No Apparent Injury,"Operated Motor Vehicle in Inattentive, Careless, Negligent, or Erratic Manner","Other Action (looking away from task, etc.)",MO,Passenger Car,Moving Constant Speed,35,No,2021,HONDA,ACCORD,39.00522567,-77.1759655,2024,7,5
240033284,Property Damage Crash,07/15/2024 05:10:00 AM,RIVER RD,NA,Single Vehicle,Clear,Dry,Medium,Flashing Traffic Control Signal,NONE DETECTED,No,No Apparent Injury,Failed to Keep in Proper Lane,Not Distracted,WV,Pickup,Slowing or Stopping,35,No,2016,FORD,F-150,38.97407833,-77.12368,2024,7,5
240033282,Property Damage Crash,07/15/2024 03:30:00 AM,AMHERST AVE,NA,Front to Front,Clear,Dry,Dark,No Controls,ALCOHOL PRESENT,Yes,No Apparent Injury,"Failed to Keep in Proper Lane, Operated Motor Vehicle in Inattentive, Careless, Negligent, or Erratic Manner, Operated Motor Vehicle in Reckless or Aggressive Manner, Too Fast For Conditions, Wrong Side",Unknown,NA,Passenger Car,Moving Constant Speed,25,No,2018,NISSAN,SENTRA,39.02974511,-77.04641045,2024,7,3
240033275,Property Damage Crash,07/15/2024 01:39:00 AM,OLD COLUMBIA PIKE (WB/L),NA,Angle,Clear,Dry,Medium,Traffic Control Signal,NONE DETECTED,No,No Apparent Injury,NA,Not Distracted,MD,Passenger Car,Moving Constant Speed,40,No,2023,TOYOTA,TUNDRA,39.111336,-76.93207016,2024,7,1
240033275,Property Damage Crash,07/15/2024 01:39:00 AM,OLD COLUMBIA PIKE (WB/L),NA,Angle,Clear,Dry,Medium,Traffic Control Signal,NONE DETECTED,No,No Apparent Injury,NA,Not Distracted,MD,Passenger Car,Moving Constant Speed,40,No,2011,NISSAN,ALTIMA,39.111336,-76.93207016,2024,7,1
240033270,Property Damage Crash,07/14/2024 11:37:00 PM,OLD COLUMBIA PIKE,NA,Front to Front,Clear,Dry,Medium,Traffic Control Signal,NONE DETECTED,No,NA,NA,NA,NA,Passenger Car,NA,25,No,2012,HYUNDAI,ELANTRA,39.08849798,-76.94872277,2024,7,23
240033265,Property Damage Crash,07/14/2024 10:58:00 PM,FAIRLAND RD,NA,Rear To Side,Clear,Dry,Medium,Traffic Control Signal,NONE DETECTED,No,No Apparent Injury,NA,Not Distracted,MD,Sport Utility Vehicle,Turning Left,50,No,2011,TOYOTA,HIGHLANDER,39.07317943,-76.95559191,2024,7,22
240033265,Property Damage Crash,07/14/2024 10:58:00 PM,FAIRLAND RD,NA,Rear To Side,Clear,Dry,Medium,Traffic Control Signal,NONE DETECTED,Yes,No Apparent Injury,NA,Unknown,NA,Passenger Car,Moving Constant Speed,50,No,2017,TOYOTA,COROLLA,39.07317943,-76.95559191,2024,7,22
240033266,Property Damage Crash,07/14/2024 10:39:00 PM,OLD COLUMBIA PIKE,NA,Front to Rear,Clear,Dry,Medium,No Controls,NONE DETECTED,Yes,No Apparent Injury,NA,Unknown,DC,Sport Utility Vehicle,Moving Constant Speed,25,No,2003,CHEVROLET,TAHOE,39.04675096,-76.98580683,2024,7,22
240033266,Property Damage Crash,07/14/2024 10:39:00 PM,OLD COLUMBIA PIKE,NA,Front to Rear,Clear,Dry,Medium,No Controls,NONE DETECTED,No,No Apparent Injury,NA,Not Distracted,MD,Sport Utility Vehicle,Moving Constant Speed,25,No,2023,TOYOTA,RAV4,39.04675096,-76.98580683,2024,7,22
240033251,Injury Crash,07/14/2024 07:45:00 PM,GEORGIA AVE,Pedestrian,Single Vehicle,Clear,Dry,Daylight,Traffic Control Signal,NONE DETECTED,No,No Apparent Injury,Failed to Yield Right-of-Way,Not Distracted,MD,Passenger Car,Turning Left,35,No,2015,MERCEDES-BENZ,S-CLASS,39.0530695,-77.05088383,2024,7,19
240033248,Injury Crash,07/14/2024 07:31:00 PM,RAMP 1 FR RAMP 4 (FR IS270) TO RIDGE RD,NA,Angle,Clear,Dry,Daylight,Traffic Control Signal,NONE DETECTED,No,Possible Minor Injury,NA,Not Distracted,MD,Passenger Car,Moving Constant Speed,45,No,2019,HONDA,INSIGHT,39.19894,-77.26076167,2024,7,19
240033248,Injury Crash,07/14/2024 07:31:00 PM,RAMP 1 FR RAMP 4 (FR IS270) TO RIDGE RD,NA,Angle,Clear,Dry,Daylight,Traffic Control Signal,NONE DETECTED,Yes,No Apparent Injury,"Operated Motor Vehicle in Inattentive, Careless, Negligent, or Erratic Manner, Operated Motor Vehicle in Reckless or Aggressive Manner, Other Improper Action, Ran Red Light, Too Fast For Conditions",Not Distracted,MD,Passenger Car,Slowing or Stopping,35,No,2010,TOYOTA,COROLLA,39.19894,-77.26076167,2024,7,19
240033247,Injury Crash,07/14/2024 07:18:00 PM,GEORGIA AVE,Scooter (electric),Single Vehicle,Clear,Dry,Daylight,Traffic Control Signal,NONE DETECTED,Yes,No Apparent Injury,NA,Not Distracted,MD,Sport Utility Vehicle,Turning Right,30,No,2005,TOYOTA,HIGHLANDER,38.99031993,-77.02653908,2024,7,19
240033246,Property Damage Crash,07/14/2024 07:00:00 PM,POSTOAK RD,NA,Single Vehicle,Clear,Dry,Daylight,No Controls,NONE DETECTED,Yes,No Apparent Injury,NA,Unknown,MD,Passenger Car,Moving Constant Speed,15,No,2017,TOYOTA,RAV4,39.05249567,-77.165587,2024,7,19
240033235,Injury Crash,07/14/2024 06:00:00 PM,NA,Scooter (electric),Single Vehicle,Clear,NA,Daylight,NA,NONE DETECTED,No,NA,NA,NA,NA,Passenger Car,Turning Right,0,No,2013,HYUNDAI,ACCENT,38.99770457,-77.03005705,2024,7,18
240033232,Property Damage Crash,07/14/2024 05:25:00 PM,LITTLETON ST,NA,"Sideswipe, Same Direction",Clear,Dry,Daylight,No Controls,NONE DETECTED,No,No Apparent Injury,NA,Not Distracted,MD,Van - Passenger (&lt;9 Seats),Parked,25,No,2009,CHEVROLET,COBALT,39.06453768,-77.0850969,2024,7,17
240033224,Property Damage Crash,07/14/2024 04:00:00 PM,CHRISTOPHER AVE,NA,Other,Clear,Dry,Daylight,Traffic Control Signal,NONE DETECTED,No,No Apparent Injury,NA,Unknown,MD,Passenger Car,Accelerating,30,No,2016,KIA,OPTIMA,39.15769547,-77.21348805,2024,7,16
240033224,Property Damage Crash,07/14/2024 04:00:00 PM,CHRISTOPHER AVE,NA,Other,Clear,Dry,Daylight,Traffic Control Signal,NONE DETECTED,No,No Apparent Injury,NA,Not Distracted,MD,Passenger Car,Accelerating,30,No,2015,HONDA,FIT,39.15769547,-77.21348805,2024,7,16
240033206,Injury Crash,07/14/2024 01:40:00 PM,EAST WEST HWY,NA,Front to Front,Clear,Dry,Daylight,No Controls,NONE DETECTED,No,Possible Minor Injury,NA,Not Distracted,MD,Passenger Car,Moving Constant Speed,35,No,2012,KIA,SEDONA,38.99605683,-77.0412225,2024,7,13
240033206,Injury Crash,07/14/2024 01:40:00 PM,EAST WEST HWY,NA,Front to Front,Clear,Dry,Daylight,Stop Sign,NONE DETECTED,Yes,Possible Minor Injury,Failed to Yield Right-of-Way,Not Distracted,MD,Passenger Car,Entering Traffic Lane,5,No,2013,KIA,OPTIMA,38.99605683,-77.0412225,2024,7,13
240033190,Property Damage Crash,07/14/2024 11:37:00 AM,NA,NA,Rear To Rear,Clear,NA,Daylight,NA,NONE DETECTED,No,No Apparent Injury,NA,Not Distracted,FL,Sport Utility Vehicle,Backing,0,No,2014,FORD,ESCAPE,38.99480155,-77.0318299,2024,7,11
240033190,Property Damage Crash,07/14/2024 11:37:00 AM,NA,NA,Rear To Rear,Clear,NA,Daylight,NA,NONE DETECTED,No,No Apparent Injury,NA,Not Distracted,NA,Passenger Car,Backing,0,No,2010,HONDA,CIVIC,38.99480155,-77.0318299,2024,7,11
240033184,Property Damage Crash,07/14/2024 10:30:00 AM,GOSHEN RD,NA,Front to Rear,Clear,Dry,Daylight,Traffic Control Signal,NONE DETECTED,No,No Apparent Injury,NA,Not Distracted,MD,Sport Utility Vehicle,Stopped in Traffic,35,No,2013,TOYOTA,RAV4,39.18983043,-77.18505464,2024,7,10
240033184,Property Damage Crash,07/14/2024 10:30:00 AM,GOSHEN RD,NA,Front to Rear,Clear,Dry,Daylight,Traffic Control Signal,NONE DETECTED,Yes,No Apparent Injury,NA,Unknown,MD,Station Wagon,Slowing or Stopping,35,No,2007,BMW,UNKNOWN,39.18983043,-77.18505464,2024,7,10
240033182,Property Damage Crash,07/14/2024 10:20:00 AM,NORBECK RD,NA,Single Vehicle,Clear,Dry,Daylight,Traffic Control Signal,NONE DETECTED,Yes,No Apparent Injury,Failed to Keep in Proper Lane,Not Distracted,MD,Passenger Car,Moving Constant Speed,45,No,2017,VOLKSWAGEN,JETTA,39.12107228,-76.98908875,2024,7,10
240033172,Injury Crash,07/14/2024 09:03:00 AM,NA,NA,Angle,Clear,Dry,Daylight,No Controls,NONE DETECTED,No,No Apparent Injury,NA,Not Distracted,MD,Pickup,Moving Constant Speed,40,No,2013,FORD,F-150,39.07654618,-76.97196046,2024,7,9
240033172,Injury Crash,07/14/2024 09:03:00 AM,NA,NA,Angle,Clear,Dry,Daylight,No Controls,NONE DETECTED,Yes,Possible Minor Injury,Improper Turn,Not Distracted,MD,Sport Utility Vehicle,Making U-Turn,40,No,2016,JEEP,PATRIOT,39.07654618,-76.97196046,2024,7,9
240033171,Property Damage Crash,07/14/2024 08:45:00 AM,NA,NA,"Sideswipe, Same Direction",Clear,NA,Daylight,NA,NONE DETECTED,No,No Apparent Injury,NA,Unknown,NA,Sport Utility Vehicle,NA,0,No,2026,MERCEDES-BENZ,UNKNOWN,39.04734102,-77.11439808,2024,7,8
240033155,Injury Crash,07/14/2024 02:56:00 AM,RANDOLPH RD (WB/L),NA,Single Vehicle,Clear,Dry,Medium,No Controls,ALCOHOL PRESENT,No,Possible Minor Injury,Other Improper Action,Not Distracted,MD,Sport Utility Vehicle,Moving Constant Speed,40,No,2007,JEEP,GRAND CHEROKEE,39.06396996,-77.03982372,2024,7,2
240033153,Property Damage Crash,07/14/2024 01:46:00 AM,RIPLEY ST,NA,Single Vehicle,Clear,Dry,Medium,No Controls,ALCOHOL PRESENT,Yes,No Apparent Injury,"Operated Motor Vehicle in Reckless or Aggressive Manner, Too Fast For Conditions",Unknown,MD,Sport Utility Vehicle,Turning Left,30,No,2005,CHEVROLET,TAHOE,38.99255338,-77.02685278,2024,7,1
240033149,Property Damage Crash,07/14/2024 12:50:00 AM,RIDGE RD (SB/L),NA,Single Vehicle,Clear,Dry,Medium,No Controls,NONE DETECTED,Yes,No Apparent Injury,"Failed to Keep in Proper Lane, Ran Off Roadway",Not Distracted,MD,Passenger Car,Moving Constant Speed,30,No,2019,TOYOTA,PRIUS,39.2871745,-77.2077385,2024,7,0