Local Case Number,ACRS Report Type,Crash Date/Time,Road Name,Related Non-Motorist,Collision Type,Weather,Surface Condition,Light,Traffic Control,Driver Substance Abuse,Driver At Fault,Injury Severity,Circumstance,Driver Distracted By,Drivers License State,Vehicle Body Type,Vehicle Movement,Speed Limit,Driverless Vehicle,Vehicle Year,Vehicle Make,Vehicle Model,Latitude,Longitude,Year,Month,Hour
240033147,Property Damage Crash,07/14/2024 12:24:00 AM,KENTLANDS BLVD,NA,Angle,Clear,Dry,Medium,Traffic Control Signal,ALCOHOL PRESENT,Yes,No Apparent Injury,NA,Unknown,MD,Passenger Car,NA,25,No,2016,MERCEDES-BENZ,C-CLASS,39.12359652,-77.23155413,2024,7,0
240033147,Property Damage Crash,07/14/2024 12:24:00 AM,KENTLANDS BLVD,NA,Angle,Clear,Dry,Medium,Traffic Control Signal,NONE DETECTED,No,No Apparent Injury,NA,Not Distracted,MD,Passenger Car,Moving Constant Speed,50,No,2019,TOYOTA,C-HR,39.12359652,-77.23155413,2024,7,0
240033142,Property Damage Crash,07/13/2024 11:45:00 PM,QUINCE ORCHARD RD,NA,Front to Rear,Clear,Dry,Medium,Traffic Control Signal,ALCOHOL PRESENT,Yes,No Apparent Injury,Followed Too Closely,Unknown,MD,Passenger Car,Moving Constant Speed,35,No,2009,HYUNDAI,ACCENT,39.14223017,-77.22095233,2024,7,23
240033142,Property Damage Crash,07/13/2024 11:45:00 PM,QUINCE ORCHARD RD,NA,Front to Rear,Clear,Dry,Medium,Traffic Control Signal,NONE DETECTED,No,No Apparent Injury,NA,Not Distracted,MD,Passenger Car,Slowing or Stopping,35,No,2010,HONDA,CIVIC,39.14223017,-77.22095233,2024,7,23
240033141,Property Damage Crash,07/13/2024 11:21:00 PM,COLUMBIA PIKE,NA,Rear To Rear,Clear,Dry,Medium,No Controls,NONE DETECTED,No,NA,NA,NA,NA,Unknown,Moving Constant Speed,45,No,0,NA,NA,39.05345681,-76.97526644,2024,7,23
240033141,Property Damage Crash,07/13/2024 11:21:00 PM,COLUMBIA PIKE,NA,Rear To Rear,Clear,Dry,Medium,No Controls,NONE DETECTED,Yes,No Apparent Injury,NA,Not Distracted,MD,Passenger Car,Moving Constant Speed,45,No,2017,TOYOTA,CAMRY,39.05345681,-76.97526644,2024,7,23
240033130,Injury Crash,07/13/2024 09:52:00 PM,ROCKVILLE PIKE,NA,Angle,Clear,Dry,Medium,Traffic Control Signal,NONE DETECTED,No,Possible Minor Injury,NA,Not Distracted,MD,Passenger Car,Accelerating,35,No,2023,BMW,740I,39.02247255,-77.10277016,2024,7,21
240033130,Injury Crash,07/13/2024 09:52:00 PM,ROCKVILLE PIKE,NA,Angle,Clear,Dry,Medium,Traffic Control Signal,NONE DETECTED,Yes,No Apparent Injury,"Operated Motor Vehicle in Inattentive, Careless, Negligent, or Erratic Manner, Other Improper Action, Ran Red Light",Unknown,MD,Passenger Car,Moving Constant Speed,35,No,2016,VOLKSWAGEN,JETTA,39.02247255,-77.10277016,2024,7,21
240033132,Property Damage Crash,07/13/2024 09:48:00 PM,NA,NA,"Sideswipe, Same Direction",Clear,NA,Medium,NA,NONE DETECTED,Yes,No Apparent Injury,Other Improper Action,Not Distracted,US,Van - Passenger (&lt;9 Seats),Slowing or Stopping,0,No,2013,HONDA,ODYSSEY,38.99109596,-77.01906419,2024,7,21
240033126,Injury Crash,07/13/2024 09:30:00 PM,NEW HAMPSHIRE AVE,NA,Single Vehicle,Clear,Dry,Medium,No Controls,NONE DETECTED,Yes,Suspected Serious Injury,NA,Unknown,MD,Passenger Car,Backing,5,No,2016,TOYOTA,RAV4,39.0384971,-76.98986691,2024,7,21
240033105,Injury Crash,07/13/2024 06:08:00 PM,DILSTON RD,Cyclist (non-electric),Single Vehicle,Clear,Dry,Daylight,Traffic Control Signal,NONE DETECTED,No,No Apparent Injury,NA,Unknown,MD,Passenger Car,Moving Constant Speed,40,No,2009,TOYOTA,CAMRY,39.01143909,-76.97903835,2024,7,18
240032378,Property Damage Crash,07/13/2024 06:00:00 PM,NA,NA,Angle,Clear,NA,Daylight,NA,NONE DETECTED,No,NA,NA,NA,NA,NA,NA,0,No,0,NA,NA,38.99770457,-77.03005705,2024,7,18
240033112,Fatal Crash,07/13/2024 05:05:00 PM,OLD GEORGETOWN RD,NA,Rear To Side,Clear,Dry,Daylight,Traffic Control Signal,NONE DETECTED,Yes,Fatal Injury,Too Fast For Conditions,Unknown,MD,Motorcycle - 2 Wheeled,Slowing or Stopping,35,No,2013,BMW,S 1000 RR,39.04478188,-77.12028818,2024,7,17
240033112,Fatal Crash,07/13/2024 05:05:00 PM,OLD GEORGETOWN RD,NA,Rear To Side,Clear,Dry,Daylight,Traffic Control Signal,NONE DETECTED,No,No Apparent Injury,NA,Unknown,MD,Van - Passenger (&lt;9 Seats),Turning Left,35,No,2018,HONDA,ODYSSEY,39.04478188,-77.12028818,2024,7,17
240033097,Property Damage Crash,07/13/2024 04:15:00 PM,GOSHEN RD,NA,Front to Rear,Clear,Dry,Daylight,Traffic Control Signal,NONE DETECTED,No,No Apparent Injury,NA,Not Distracted,MD,Passenger Car,Stopped in Traffic,35,No,2022,GENESIS,G70,39.16011333,-77.19213667,2024,7,16
240033097,Property Damage Crash,07/13/2024 04:15:00 PM,GOSHEN RD,NA,Front to Rear,Clear,Dry,Daylight,Traffic Control Signal,NONE DETECTED,Yes,No Apparent Injury,NA,Not Distracted,MD,Passenger Car,Slowing or Stopping,35,No,2011,HONDA,ACCORD,39.16011333,-77.19213667,2024,7,16
240033095,Property Damage Crash,07/13/2024 04:14:00 PM,TRIMFIELD LA,NA,Angle,Clear,Dry,Daylight,Traffic Control Signal,NONE DETECTED,No,No Apparent Injury,NA,Not Distracted,MD,Sport Utility Vehicle,Moving Constant Speed,35,No,2004,BMW,UNKNOWN,39.18638333,-77.27352167,2024,7,16
240033095,Property Damage Crash,07/13/2024 04:14:00 PM,TRIMFIELD LA,NA,Angle,Clear,Dry,Daylight,Traffic Control Signal,NONE DETECTED,Yes,No Apparent Injury,"Failed to Yield Right-of-Way, Other Improper Action",Unknown,MD,Sport Utility Vehicle,Turning Left,35,No,2019,TOYOTA,RAV4,39.18638333,-77.27352167,2024,7,16
240033092,Property Damage Crash,07/13/2024 03:49:00 PM,MONTGOMERY VILLAGE AVE,NA,Front to Rear,Clear,Dry,Daylight,No Controls,NONE DETECTED,Yes,No Apparent Injury,NA,Unknown,NA,Passenger Car,Slowing or Stopping,30,No,2002,SUBARU,FORESTER,39.15671787,-77.2060195,2024,7,15
240033092,Property Damage Crash,07/13/2024 03:49:00 PM,MONTGOMERY VILLAGE AVE,NA,Front to Rear,Clear,Dry,Daylight,No Controls,NONE DETECTED,No,No Apparent Injury,NA,Not Distracted,MD,Passenger Car,Slowing or Stopping,30,No,2021,CHEVROLET,TRAILBLAZER,39.15671787,-77.2060195,2024,7,15
240033084,Property Damage Crash,07/13/2024 03:39:00 PM,NA,NA,"Sideswipe, Opposite Direction",Clear,NA,Daylight,NA,NONE DETECTED,Yes,No Apparent Injury,NA,Unknown,NA,Sport Utility Vehicle,Accelerating,0,No,2003,TOYOTA,4-RUNNER,39.17029788,-77.26403221,2024,7,15
240033086,Property Damage Crash,07/13/2024 03:30:00 PM,BOU AVE,NA,Angle,Clear,Dry,Daylight,Traffic Control Signal,NONE DETECTED,Yes,No Apparent Injury,Failed to Yield Right-of-Way,Unknown,MD,Passenger Car,Moving Constant Speed,35,No,2017,HONDA,FIT,39.0570135,-77.11769083,2024,7,15
240033086,Property Damage Crash,07/13/2024 03:30:00 PM,BOU AVE,NA,Angle,Clear,Dry,Daylight,Traffic Control Signal,NONE DETECTED,No,No Apparent Injury,NA,Not Distracted,MD,Station Wagon,Moving Constant Speed,35,No,2019,SUBARU,OUTBACK,39.0570135,-77.11769083,2024,7,15
240033070,Property Damage Crash,07/13/2024 01:15:00 PM,QUINCE ORCHARD RD (SB/L),NA,Front to Rear,Clear,Dry,Daylight,Traffic Control Signal,NONE DETECTED,No,No Apparent Injury,NA,Not Distracted,MD,Passenger Car,Slowing or Stopping,35,No,2024,GMC,YUKON,39.14003633,-77.22173767,2024,7,13
240033070,Property Damage Crash,07/13/2024 01:15:00 PM,QUINCE ORCHARD RD (SB/L),NA,Front to Rear,Clear,Dry,Daylight,Traffic Control Signal,NONE DETECTED,Yes,No Apparent Injury,NA,"Other Action (looking away from task, etc.)",NY,Passenger Car,Moving Constant Speed,35,No,2020,JEEP,COMPASS,39.14003633,-77.22173767,2024,7,13
240033059,Injury Crash,07/13/2024 12:20:00 PM,BEALLSVILLE RD,NA,"Sideswipe, Opposite Direction",Clear,Dry,Daylight,No Controls,NONE DETECTED,No,No Apparent Injury,NA,Not Distracted,MD,Sport Utility Vehicle,Moving Constant Speed,40,No,2011,TOYOTA,RAV4,39.17159211,-77.41649036,2024,7,12
240033059,Injury Crash,07/13/2024 12:20:00 PM,BEALLSVILLE RD,NA,"Sideswipe, Opposite Direction",Clear,Dry,Daylight,No Controls,NONE DETECTED,No,Possible Minor Injury,NA,Not Distracted,MD,Sport Utility Vehicle,Moving Constant Speed,40,No,2017,SUBARU,OUTBACK,39.17159211,-77.41649036,2024,7,12
240033059,Injury Crash,07/13/2024 12:20:00 PM,BEALLSVILLE RD,NA,"Sideswipe, Opposite Direction",Clear,Dry,Daylight,No Controls,NONE DETECTED,No,Possible Minor Injury,Failed to Keep in Proper Lane,Not Distracted,MD,Passenger Car,Moving Constant Speed,40,No,2018,KIA,OPTIMA,39.17159211,-77.41649036,2024,7,12
240033053,Property Damage Crash,07/13/2024 12:00:00 PM,NEW HAMPSHIRE AVE,NA,Front to Rear,Clear,Dry,Daylight,No Controls,NONE DETECTED,No,No Apparent Injury,NA,Not Distracted,MD,Passenger Car,Moving Constant Speed,40,No,2014,MAZDA,MAZDA3,39.01424446,-76.97804148,2024,7,12
240033053,Property Damage Crash,07/13/2024 12:00:00 PM,NEW HAMPSHIRE AVE,NA,Front to Rear,Clear,Dry,Daylight,No Controls,NONE DETECTED,Yes,No Apparent Injury,NA,Not Distracted,MD,Passenger Car,Moving Constant Speed,40,No,2010,HONDA,CIVIC,39.01424446,-76.97804148,2024,7,12
240033053,Property Damage Crash,07/13/2024 12:00:00 PM,NEW HAMPSHIRE AVE,NA,Front to Rear,Clear,Dry,Daylight,No Controls,NONE DETECTED,No,No Apparent Injury,NA,Not Distracted,MD,Passenger Car,Moving Constant Speed,40,No,2018,TOYOTA,RAV4,39.01424446,-76.97804148,2024,7,12
240033056,Injury Crash,07/13/2024 11:55:00 AM,RUSSELL AVE (SB/L),NA,Angle,Clear,Dry,Daylight,Traffic Control Signal,NONE DETECTED,No,Possible Minor Injury,NA,Not Distracted,MD,Passenger Car,Moving Constant Speed,25,No,2020,HONDA,CIVIC,39.15142134,-77.20745219,2024,7,11
240033056,Injury Crash,07/13/2024 11:55:00 AM,RUSSELL AVE (SB/L),NA,Angle,Clear,Dry,Daylight,Traffic Control Signal,NONE DETECTED,Yes,No Apparent Injury,NA,Unknown,XX,Passenger Car,Turning Left,25,No,2006,TOYOTA,PRIUS,39.15142134,-77.20745219,2024,7,11
240033057,Injury Crash,07/13/2024 11:21:00 AM,NA,Pedestrian,Single Vehicle,Clear,NA,Daylight,NA,NONE DETECTED,No,No Apparent Injury,NA,Unknown,NA,Sport Utility Vehicle,Turning Right,0,No,0,NA,NA,39.03981656,-77.10981687,2024,7,11
240033069,Property Damage Crash,07/13/2024 11:00:00 AM,NA,NA,Angle,Rain,NA,Daylight,NA,NONE DETECTED,No,No Apparent Injury,"Operated Motor Vehicle in Inattentive, Careless, Negligent, or Erratic Manner",Unknown,NA,Pickup,Turning Left,0,No,1985,CHEVROLET,UNKNOWN,38.99527616,-77.02553949,2024,7,11
240033039,Property Damage Crash,07/13/2024 10:13:00 AM,GEORGIA AVE (SB/L),NA,"Sideswipe, Same Direction",Clear,Dry,Daylight,Stop Sign,NONE DETECTED,No,No Apparent Injury,NA,Not Distracted,MD,Passenger Car,Turning Right,35,No,2018,FORD,FOCUS,39.04941032,-77.05205276,2024,7,10
240033039,Property Damage Crash,07/13/2024 10:13:00 AM,GEORGIA AVE (SB/L),NA,"Sideswipe, Same Direction",Clear,Dry,Daylight,No Controls,NONE DETECTED,No,No Apparent Injury,NA,Not Distracted,MD,Pickup,Moving Constant Speed,35,No,2016,CHEVROLET,SILVERADO LD,39.04941032,-77.05205276,2024,7,10
240033028,Injury Crash,07/13/2024 09:08:00 AM,PRESERVE PKWY,NA,Other,Clear,Dry,Daylight,Stop Sign,NONE DETECTED,No,No Apparent Injury,NA,Not Distracted,MD,Passenger Car,Accelerating,25,No,2008,TOYOTA,RAV4,39.06540407,-77.14951859,2024,7,9
240033028,Injury Crash,07/13/2024 09:08:00 AM,PRESERVE PKWY,NA,Other,Clear,Dry,Daylight,No Controls,NONE DETECTED,No,Possible Minor Injury,NA,Not Distracted,MD,Passenger Car,Moving Constant Speed,35,No,2009,HONDA,ACCORD,39.06540407,-77.14951859,2024,7,9
240033007,Injury Crash,07/13/2024 12:54:00 AM,EISENHOWER MEMORIAL HWY,NA,Angle,Rain,Wet,Medium,No Controls,NONE DETECTED,No,No Apparent Injury,NA,Not Distracted,DC,Passenger Car,Moving Constant Speed,55,No,2018,NISSAN,ROGUE,39.04909683,-77.151354,2024,7,0
240033007,Injury Crash,07/13/2024 12:54:00 AM,EISENHOWER MEMORIAL HWY,NA,Angle,Rain,Wet,Medium,No Controls,NONE DETECTED,No,Possible Minor Injury,Too Fast For Conditions,Unknown,MD,Passenger Car,NA,55,No,2023,FORD,F-150,39.04909683,-77.151354,2024,7,0
240033003,Property Damage Crash,07/13/2024 12:26:00 AM,CAPITAL BELTWAY,NA,Front to Rear,Rain,Wet,Medium,No Controls,NONE DETECTED,No,No Apparent Injury,NA,Not Distracted,MD,Sport Utility Vehicle,Slowing or Stopping,55,No,2022,VOLVO,XC40,38.98523078,-77.15813155,2024,7,0
240033003,Property Damage Crash,07/13/2024 12:26:00 AM,CAPITAL BELTWAY,NA,Front to Rear,Rain,Wet,Medium,No Controls,NONE DETECTED,No,No Apparent Injury,"Swerved or Avoided Due to Wind, Slippery Surface, Motor Vehicle, Object, Non-Motorist in Roadway, etc",Not Distracted,MD,Passenger Car,Slowing or Stopping,55,No,2007,TOYOTA,CAMRY,38.98523078,-77.15813155,2024,7,0
240033012,Property Damage Crash,07/13/2024 12:10:00 AM,NA,NA,Angle,Cloudy,Wet,Medium,Traffic Control Signal,NONE DETECTED,No,NA,NA,NA,NA,All-Terrain Vehicle/All-Terrain Cycle (ATV/ATC),Moving Constant Speed,35,No,2003,SUBARU,FORESTER,39.09133994,-77.06279828,2024,7,0
240033012,Property Damage Crash,07/13/2024 12:10:00 AM,NA,NA,Angle,Cloudy,Wet,Medium,Traffic Control Signal,NONE DETECTED,No,No Apparent Injury,NA,Not Distracted,MD,Passenger Car,Entering Traffic Lane,35,No,2004,HONDA,CIVIC,39.09133994,-77.06279828,2024,7,0
240032989,Property Damage Crash,07/12/2024 10:25:00 PM,W MONTGOMERY AVE (WB/L),NA,"Sideswipe, Same Direction",Rain,Wet,Medium,No Controls,NONE DETECTED,No,No Apparent Injury,NA,Not Distracted,MD,Passenger Car,Moving Constant Speed,40,No,2016,NISSAN,VERSA,39.0888509,-77.17754576,2024,7,22
240032989,Property Damage Crash,07/12/2024 10:25:00 PM,W MONTGOMERY AVE (WB/L),NA,"Sideswipe, Same Direction",Rain,Wet,Medium,No Controls,NONE DETECTED,No,No Apparent Injury,NA,Not Distracted,WV,Bus - Transit,Moving Constant Speed,40,No,2021,GILLIG,LOW FLOOR BUS,39.0888509,-77.17754576,2024,7,22
240032987,Injury Crash,07/12/2024 10:23:00 PM,ROCKVILLE PIKE (SB/L),NA,Rear To Side,Clear,Wet,Medium,Traffic Control Signal,NONE DETECTED,No,No Apparent Injury,NA,Not Distracted,DC,Passenger Car,Moving Constant Speed,35,No,2000,NISSAN,PATHFINDER,39.02249038,-77.10302073,2024,7,22
240032987,Injury Crash,07/12/2024 10:23:00 PM,ROCKVILLE PIKE (SB/L),NA,Rear To Side,Clear,Wet,Medium,Traffic Control Signal,NONE DETECTED,No,No Apparent Injury,NA,Not Distracted,MD,Passenger Car,Moving Constant Speed,35,No,2013,HONDA,CR-V,39.02249038,-77.10302073,2024,7,22
240032982,Injury Crash,07/12/2024 10:08:00 PM,COLUMBIA PIKE,NA,Single Vehicle,Rain,Wet,Medium,No Controls,NONE DETECTED,Yes,Possible Minor Injury,NA,Not Distracted,MD,Passenger Car,Moving Constant Speed,50,No,2021,TESLA,MODEL 3,39.04844458,-76.98382617,2024,7,22
240032978,Property Damage Crash,07/12/2024 09:15:00 PM,ROCKVILLE PIKE,NA,Front to Rear,Rain,Wet,Dark,Traffic Control Signal,NONE DETECTED,No,No Apparent Injury,NA,Not Distracted,MD,Passenger Car,Moving Constant Speed,35,No,2002,TOYOTA,COROLLA,39.0348576,-77.10683064,2024,7,21
240032978,Property Damage Crash,07/12/2024 09:15:00 PM,ROCKVILLE PIKE,NA,Front to Rear,Rain,Wet,Dark,Traffic Control Signal,NONE DETECTED,Yes,No Apparent Injury,NA,Not Distracted,MD,Passenger Car,Moving Constant Speed,35,No,2023,TESLA,MODEL X,39.0348576,-77.10683064,2024,7,21
240032966,Injury Crash,07/12/2024 07:50:00 PM,LISTRA RD,NA,Front to Rear,Clear,Dry,Daylight,No Controls,NONE DETECTED,No,No Apparent Injury,NA,Not Distracted,MD,Passenger Car,Moving Constant Speed,25,No,2013,KIA,OPTIMA,39.06747411,-77.09704778,2024,7,19
240032966,Injury Crash,07/12/2024 07:50:00 PM,LISTRA RD,NA,Front to Rear,Clear,Dry,Daylight,No Controls,NONE DETECTED,No,No Apparent Injury,NA,Not Distracted,MD,Passenger Car,Backing,25,No,2019,TOYOTA,COROLLA,39.06747411,-77.09704778,2024,7,19
240032961,Property Damage Crash,07/12/2024 06:30:00 PM,CONNECTICUT AVE,NA,"Sideswipe, Same Direction",Clear,Dry,Daylight,Traffic Control Signal,NONE DETECTED,Yes,No Apparent Injury,Failed to Keep in Proper Lane,Unknown,VA,Bus - Other Type,Accelerating,30,No,2019,FORD,F-550,38.99984527,-77.07669561,2024,7,18
240032961,Property Damage Crash,07/12/2024 06:30:00 PM,CONNECTICUT AVE,NA,"Sideswipe, Same Direction",Clear,Dry,Daylight,Traffic Control Signal,NONE DETECTED,No,No Apparent Injury,NA,Not Distracted,DC,Bus - Transit,Stopped in Traffic,30,No,2023,NEW FLYER,XCELSIOR,38.99984527,-77.07669561,2024,7,18
240032939,Injury Crash,07/12/2024 05:00:00 PM,MUDDY BRANCH RD (SB/L),Unknown Type Of Non-Motorist,Single Vehicle,Clear,Dry,Daylight,Traffic Control Signal,NONE DETECTED,No,No Apparent Injury,NA,Not Distracted,MD,Passenger Car,Moving Constant Speed,45,No,2009,HONDA,CIVIC,39.11514333,-77.21599867,2024,7,17
240032948,Injury Crash,07/12/2024 04:14:00 PM,COLESVILLE RD,Cyclist (non-electric),Single Vehicle,Cloudy,Wet,Daylight,Traffic Control Signal,NONE DETECTED,No,No Apparent Injury,NA,Not Distracted,MD,Bus - Transit,Turning Left,35,No,2011,GILLIG,CITY TRANSIT BUS,38.99421812,-77.03097413,2024,7,16
240032928,Injury Crash,07/12/2024 03:31:00 PM,DENNIS AVE (EB/L),NA,"Sideswipe, Same Direction",Cloudy,Wet,Daylight,No Controls,NONE DETECTED,Yes,Possible Minor Injury,NA,Unknown,VA,Passenger Car,Moving Constant Speed,25,No,2011,TOYOTA,VENZA,39.02327836,-77.02475165,2024,7,15
240032551,Property Damage Crash,07/12/2024 03:13:00 PM,CONNECTICUT AVE,NA,"Sideswipe, Same Direction",Clear,Dry,Daylight,No Controls,NONE DETECTED,No,No Apparent Injury,NA,Not Distracted,PA,Van - Passenger (&lt;9 Seats),Moving Constant Speed,30,No,2018,FORD,UNKNOWN,38.97952433,-77.07708904,2024,7,15
240032551,Property Damage Crash,07/12/2024 03:13:00 PM,CONNECTICUT AVE,NA,"Sideswipe, Same Direction",Clear,Dry,Daylight,No Controls,NONE DETECTED,No,No Apparent Injury,NA,Not Distracted,DC,Bus - Transit,Stopped in Traffic,30,No,3012,UNKNOWN,UNKNOWN,38.97952433,-77.07708904,2024,7,15
240032551,Property Damage Crash,07/12/2024 03:13:00 PM,CONNECTICUT AVE,NA,"Sideswipe, Same Direction",Clear,Dry,Daylight,No Controls,NONE DETECTED,No,No Apparent Injury,NA,Not Distracted,MD,Sport Utility Vehicle,Moving Constant Speed,30,No,2011,FORD,EDGE,38.97952433,-77.07708904,2024,7,15
240032911,Injury Crash,07/12/2024 02:17:00 PM,SHOP CTR CUT THRU CUT,NA,Single Vehicle,Rain,Wet,Daylight,No Controls,NONE DETECTED,No,Possible Minor Injury,Ran Off Roadway,Not Distracted,MD,Passenger Car,Leaving Traffic Lane,10,No,2016,LEXUS,ES,39.125684,-77.2377,2024,7,14
240032899,Injury Crash,07/12/2024 01:26:00 PM,HARMONY HALL RD,NA,Angle,Rain,Wet,Daylight,Traffic Control Signal,NONE DETECTED,Yes,No Apparent Injury,Other Improper Action,Not Distracted,MD,Pickup,Accelerating,25,No,2020,CHEVROLET,SILVERADO,39.13659531,-77.20554336,2024,7,13
240032899,Injury Crash,07/12/2024 01:26:00 PM,HARMONY HALL RD,NA,Angle,Rain,Wet,Daylight,Traffic Control Signal,NONE DETECTED,Yes,Possible Minor Injury,Other Improper Action,Not Distracted,MD,Passenger Car,Moving Constant Speed,40,No,2000,CHEVROLET,MALIBU,39.13659531,-77.20554336,2024,7,13
240032898,Property Damage Crash,07/12/2024 01:05:00 PM,NA,NA,Angle,Clear,NA,Daylight,NA,NONE DETECTED,Yes,No Apparent Injury,"Operated Motor Vehicle in Inattentive, Careless, Negligent, or Erratic Manner",Not Distracted,MD,Passenger Car,Turning Right,0,No,2013,TOYOTA,RAV4,39.03839177,-76.9909097,2024,7,13
240032898,Property Damage Crash,07/12/2024 01:05:00 PM,NA,NA,Angle,Clear,NA,Daylight,NA,NONE DETECTED,No,No Apparent Injury,NA,Not Distracted,MD,Passenger Car,Parked,0,No,2018,CHRYSLER,PACIFICA,39.03839177,-76.9909097,2024,7,13
240032893,Property Damage Crash,07/12/2024 12:41:00 PM,UNIVERSITY BLVD W,NA,Front to Rear,Rain,Wet,Daylight,No Controls,NONE DETECTED,Yes,No Apparent Injury,"Failed to Yield Right-of-Way, Operated Motor Vehicle in Inattentive, Careless, Negligent, or Erratic Manner, Ran Off Roadway",Not Distracted,NA,Passenger Car,Changing Lanes,35,No,2020,HONDA,CIVIC,39.02451675,-77.01866986,2024,7,12
240032893,Property Damage Crash,07/12/2024 12:41:00 PM,UNIVERSITY BLVD W,NA,Front to Rear,Rain,Wet,Daylight,No Controls,NONE DETECTED,No,No Apparent Injury,NA,Not Distracted,MD,Sport Utility Vehicle,Slowing or Stopping,35,No,2023,CHEVROLET,TAHOE,39.02451675,-77.01866986,2024,7,12
240032895,Property Damage Crash,07/12/2024 12:35:00 PM,NA,NA,Front to Front,Cloudy,Wet,Daylight,No Controls,NONE DETECTED,No,No Apparent Injury,NA,Not Distracted,MD,Pickup,Moving Constant Speed,30,No,1994,FORD,F-350,39.14581314,-77.2036094,2024,7,12
240032895,Property Damage Crash,07/12/2024 12:35:00 PM,NA,NA,Front to Front,Cloudy,Wet,Daylight,No Controls,NONE DETECTED,Yes,No Apparent Injury,NA,Not Distracted,MD,Passenger Car,Turning Left,30,No,2013,HONDA,ACCORD,39.14581314,-77.2036094,2024,7,12
240032890,Property Damage Crash,07/12/2024 12:34:00 PM,RESERVE CHAMPION DR,NA,Angle,Rain,Wet,Daylight,Yield Sign,NONE DETECTED,Yes,No Apparent Injury,NA,Not Distracted,MD,Sport Utility Vehicle,Moving Constant Speed,25,No,2021,HYUNDAI,PALISADE,39.11289702,-77.17377864,2024,7,12
240032890,Property Damage Crash,07/12/2024 12:34:00 PM,RESERVE CHAMPION DR,NA,Angle,Rain,Wet,Daylight,No Controls,NONE DETECTED,No,No Apparent Injury,NA,Not Distracted,MD,Passenger Car,Moving Constant Speed,25,No,2018,CHEVROLET,MALIBU,39.11289702,-77.17377864,2024,7,12
240032901,Property Damage Crash,07/12/2024 12:30:00 PM,NO NAME,NA,Front to Rear,Cloudy,Dry,Daylight,No Controls,NONE DETECTED,Yes,No Apparent Injury,NA,Unknown,MD,Single-Unit Truck,Backing,25,No,2022,ISUZU,NRR,39.11000795,-77.07737282,2024,7,12
240032889,Property Damage Crash,07/12/2024 12:28:00 PM,CABANA DR,NA,"Sideswipe, Same Direction",Rain,Wet,Daylight,No Controls,NONE DETECTED,Yes,No Apparent Injury,NA,Unknown,MD,Bus - School,Negotiating a Curve,25,No,2018,FREIGHTLINER,B2 BUS CHASSIS,39.19102893,-77.23485488,2024,7,12
240032887,Property Damage Crash,07/12/2024 12:00:00 PM,LOCKWOOD DR,NA,"Sideswipe, Same Direction",Rain,Wet,Daylight,Traffic Control Signal,NONE DETECTED,No,No Apparent Injury,NA,Not Distracted,MD,Passenger Car,Stopped in Traffic,35,No,2010,TOYOTA,PRIUS,39.03856586,-76.99303553,2024,7,12
240032887,Property Damage Crash,07/12/2024 12:00:00 PM,LOCKWOOD DR,NA,"Sideswipe, Same Direction",Rain,Wet,Daylight,Traffic Control Signal,NONE DETECTED,No,NA,NA,NA,NA,Passenger Car,Moving Constant Speed,35,No,2008,INFINITI,G35,39.03856586,-76.99303553,2024,7,12
240032873,Property Damage Crash,07/12/2024 11:00:00 AM,DEMOCRACY BLVD,NA,Angle,Rain,Wet,Daylight,No Controls,NONE DETECTED,No,No Apparent Injury,NA,Not Distracted,MD,Other Trucks,Moving Constant Speed,35,No,2022,RAM,5500,39.02329032,-77.13063908,2024,7,11
240032873,Property Damage Crash,07/12/2024 11:00:00 AM,DEMOCRACY BLVD,NA,Angle,Rain,Wet,Daylight,Stop Sign,NONE DETECTED,Yes,No Apparent Injury,Failed to Yield Right-of-Way,Unknown,MD,Passenger Car,Turning Left,30,No,2002,LEXUS,ES,39.02329032,-77.13063908,2024,7,11