Local Case Number,ACRS Report Type,Crash Date/Time,Road Name,Related Non-Motorist,Collision Type,Weather,Surface Condition,Light,Traffic Control,Driver Substance Abuse,Driver At Fault,Injury Severity,Circumstance,Driver Distracted By,Drivers License State,Vehicle Body Type,Vehicle Movement,Speed Limit,Driverless Vehicle,Vehicle Year,Vehicle Make,Vehicle Model,Latitude,Longitude,Year,Month,Hour
240032871,Property Damage Crash,07/12/2024 10:45:00 AM,GERMANTOWN RD (SB/L),NA,Single Vehicle,Rain,Wet,Daylight,Traffic Control Signal,NONE DETECTED,No,No Apparent Injury,Too Fast For Conditions,Not Distracted,MD,Passenger Car,Entering Traffic Lane,40,No,2005,BUICK,LACROSSE,39.16296367,-77.2831705,2024,7,10
240032864,Property Damage Crash,07/12/2024 09:40:00 AM,MARYLAND AVE,NA,"Sideswipe, Same Direction",Clear,Wet,Daylight,No Controls,NONE DETECTED,No,No Apparent Injury,NA,Not Distracted,MD,Bus - Transit,Moving Constant Speed,20,No,2014,GILLIG,CITY TRANSIT BUS,39.0855388,-77.15101272,2024,7,9
240032864,Property Damage Crash,07/12/2024 09:40:00 AM,MARYLAND AVE,NA,"Sideswipe, Same Direction",Clear,Wet,Daylight,No Controls,NONE DETECTED,Yes,No Apparent Injury,NA,Not Distracted,MD,Station Wagon,Entering Traffic Lane,20,No,2023,AUDI,SQ5,39.0855388,-77.15101272,2024,7,9
240032861,Property Damage Crash,07/12/2024 09:38:00 AM,NA,NA,Front to Front,Cloudy,NA,Daylight,NA,NONE DETECTED,Yes,No Apparent Injury,Failed to Yield Right-of-Way,Not Distracted,MD,Passenger Car,Turning Left,0,No,2012,FORD,FUSION,39.12441179,-77.23776888,2024,7,9
240032861,Property Damage Crash,07/12/2024 09:38:00 AM,NA,NA,Front to Front,Cloudy,NA,Daylight,NA,NONE DETECTED,No,No Apparent Injury,NA,Not Distracted,VA,Passenger Car,Moving Constant Speed,0,No,2017,MAZDA,MAZDA6,39.12441179,-77.23776888,2024,7,9
240032859,Property Damage Crash,07/12/2024 09:34:00 AM,GEORGIA AVE (SB/L),NA,"Sideswipe, Same Direction",Rain,Wet,Daylight,No Controls,NONE DETECTED,No,No Apparent Injury,NA,Not Distracted,MD,Passenger Car,Moving Constant Speed,30,No,2023,HYUNDAI,ELANTRA,38.99165715,-77.02667595,2024,7,9
240032859,Property Damage Crash,07/12/2024 09:34:00 AM,GEORGIA AVE (SB/L),NA,"Sideswipe, Same Direction",Rain,Wet,Daylight,No Controls,NONE DETECTED,No,NA,NA,NA,NA,Passenger Car,Moving Constant Speed,25,No,2014,BMW,UNKNOWN,38.99165715,-77.02667595,2024,7,9
240032856,Property Damage Crash,07/12/2024 09:02:00 AM,CONNECTICUT AVE,NA,"Sideswipe, Same Direction",Rain,Wet,Daylight,No Controls,NONE DETECTED,No,No Apparent Injury,NA,Not Distracted,DC,Sport Utility Vehicle,Moving Constant Speed,30,No,2010,MERCEDES-BENZ,ML-CLASS,38.97633625,-77.07707981,2024,7,9
240032856,Property Damage Crash,07/12/2024 09:02:00 AM,CONNECTICUT AVE,NA,"Sideswipe, Same Direction",Rain,Wet,Daylight,No Controls,NONE DETECTED,Yes,No Apparent Injury,Failed to Keep in Proper Lane,Not Distracted,MD,Bus - School,Moving Constant Speed,30,No,2020,INTERNATIONAL,UNKNOWN,38.97633625,-77.07707981,2024,7,9
240032854,Property Damage Crash,07/12/2024 08:14:00 AM,UNIVERSITY BLVD W (WB/L),NA,"Sideswipe, Same Direction",Rain,Wet,Daylight,No Controls,NONE DETECTED,No,No Apparent Injury,NA,Not Distracted,MD,Bus - Transit,Moving Constant Speed,35,No,2013,NEW FLYER,TRANSIT BUS,39.02086484,-77.01348786,2024,7,8
240032854,Property Damage Crash,07/12/2024 08:14:00 AM,UNIVERSITY BLVD W (WB/L),NA,"Sideswipe, Same Direction",Rain,Wet,Daylight,No Controls,NONE DETECTED,Yes,No Apparent Injury,"Failed to Yield Right-of-Way, Improper Passing",Not Distracted,MD,Pickup,Changing Lanes,35,No,2022,FORD,F-350,39.02086484,-77.01348786,2024,7,8
240032850,Property Damage Crash,07/12/2024 07:48:00 AM,TAILOR SHOP PLACE,NA,"Sideswipe, Same Direction",Rain,Other,Daylight,No Controls,NONE DETECTED,No,No Apparent Injury,Improper Backing,Not Distracted,MD,Bus - School,Making U-Turn,25,No,2022,THOMAS BUILT,SCHOOL BUS,39.24362352,-77.28206096,2024,7,7
240032834,Injury Crash,07/11/2024 11:52:00 PM,UNIVERSITY BLVD E (WB/L),NA,Single Vehicle,Clear,Dry,Medium,Flashing Railroad Crossing Signal (may include gates),NONE DETECTED,No,NA,NA,NA,NA,Passenger Car,Changing Lanes,35,No,0,NA,NA,39.0197569,-77.01194785,2024,7,23
240032834,Injury Crash,07/11/2024 11:52:00 PM,UNIVERSITY BLVD E (WB/L),NA,Single Vehicle,Clear,Dry,Medium,Traffic Control Signal,NONE DETECTED,No,Possible Minor Injury,Over-Correcting/Over-Steering,Unknown,DC,Motorcycle - 2 Wheeled,Moving Constant Speed,35,No,2015,YAMAHA,FZ09,39.0197569,-77.01194785,2024,7,23
240032830,Injury Crash,07/11/2024 11:19:00 PM,NA,NA,Rear To Side,Clear,Dry,Medium,Traffic Control Signal,NONE DETECTED,No,Possible Minor Injury,NA,Not Distracted,TX,Passenger Car,Turning Left,25,No,2019,CHEVROLET,TRAX,39.11268879,-76.93257796,2024,7,23
240032830,Injury Crash,07/11/2024 11:19:00 PM,NA,NA,Rear To Side,Clear,Dry,Medium,Traffic Control Signal,NONE DETECTED,No,No Apparent Injury,NA,Unknown,MD,Passenger Car,Moving Constant Speed,25,No,2016,JEEP,COMPASS,39.11268879,-76.93257796,2024,7,23
240032820,Injury Crash,07/11/2024 10:36:00 PM,NA,NA,Angle,Clear,Dry,Medium,Traffic Control Signal,NONE DETECTED,No,Possible Minor Injury,NA,Not Distracted,MD,Pickup,Accelerating,40,No,2013,TOYOTA,TACOMA,39.0020694,-77.18118309,2024,7,22
240032820,Injury Crash,07/11/2024 10:36:00 PM,NA,NA,Angle,Clear,Dry,Medium,Traffic Control Signal,NONE DETECTED,Yes,No Apparent Injury,NA,Not Distracted,MD,Passenger Car,Turning Left,40,No,2019,TESLA,MODEL 3,39.0020694,-77.18118309,2024,7,22
240032814,Property Damage Crash,07/11/2024 09:13:00 PM,GEORGIA AVE,NA,Rear To Side,Clear,Dry,Medium,Traffic Control Signal,NONE DETECTED,No,No Apparent Injury,NA,Unknown,NA,Passenger Car,Moving Constant Speed,35,No,2014,FORD,ESCAPE,39.030269,-77.04771417,2024,7,21
240032814,Property Damage Crash,07/11/2024 09:13:00 PM,GEORGIA AVE,NA,Rear To Side,Clear,Dry,Medium,Traffic Control Signal,NONE DETECTED,No,No Apparent Injury,NA,Not Distracted,MD,Passenger Car,Turning Left,35,No,2021,TOYOTA,HIGHLANDER,39.030269,-77.04771417,2024,7,21
240032808,Injury Crash,07/11/2024 08:25:00 PM,RAMP 6 FR IS 495 EB TO MD 193 SB,NA,Front to Rear,Clear,Dry,Medium,Yield Sign,NONE DETECTED,Yes,No Apparent Injury,NA,Not Distracted,MD,Passenger Car,Accelerating,35,No,2019,NISSAN,ROGUE,39.0142085,-77.00439347,2024,7,20
240032808,Injury Crash,07/11/2024 08:25:00 PM,RAMP 6 FR IS 495 EB TO MD 193 SB,NA,Front to Rear,Clear,Dry,Medium,Yield Sign,NONE DETECTED,No,Possible Minor Injury,Other Improper Action,Unknown,NA,Passenger Car,Stopped in Traffic,35,No,2012,HONDA,CIVIC,39.0142085,-77.00439347,2024,7,20
240033296,Property Damage Crash,07/11/2024 08:00:00 PM,NA,NA,Other,Clear,NA,Medium,NA,NONE DETECTED,No,No Apparent Injury,Improper Backing,Unknown,NA,Passenger Car,Backing,0,No,2019,HONDA,CIVIC,39.14193692,-77.19125246,2024,7,20
240032774,Property Damage Crash,07/11/2024 05:27:00 PM,GREAT SENECA HWY,NA,"Sideswipe, Same Direction",Cloudy,Dry,Daylight,No Controls,NONE DETECTED,Yes,No Apparent Injury,Other Improper Action,Not Distracted,FL,Passenger Car,Changing Lanes,50,No,2016,MERCEDES-BENZ,C-CLASS,39.12893806,-77.23798655,2024,7,17
240032774,Property Damage Crash,07/11/2024 05:27:00 PM,GREAT SENECA HWY,NA,"Sideswipe, Same Direction",Cloudy,Dry,Daylight,No Controls,NONE DETECTED,No,No Apparent Injury,NA,Not Distracted,MD,Passenger Car,Accelerating,50,No,2013,HONDA,ACCORD,39.12893806,-77.23798655,2024,7,17
240032770,Property Damage Crash,07/11/2024 05:10:00 PM,MONROE ST,NA,Single Vehicle,Cloudy,Dry,Daylight,Stop Sign,NONE DETECTED,Yes,No Apparent Injury,NA,"Other Action (looking away from task, etc.)",MD,Other Trucks,Moving Constant Speed,25,No,1997,CHEVROLET,UNKNOWN,39.08358708,-77.14907633,2024,7,17
240032767,Injury Crash,07/11/2024 04:47:00 PM,WITHAN DR,NA,Front to Rear,Clear,Dry,Daylight,Pedestrian Crossing Sign,NONE DETECTED,Yes,Possible Minor Injury,NA,Unknown,MD,Passenger Car,Moving Constant Speed,35,No,2014,HONDA,ACCORD,39.06590561,-76.9737761,2024,7,16
240032767,Injury Crash,07/11/2024 04:47:00 PM,WITHAN DR,NA,Front to Rear,Clear,Dry,Daylight,Pedestrian Crossing Sign,NONE DETECTED,No,Possible Minor Injury,NA,Not Distracted,MD,Sport Utility Vehicle,Stopped in Traffic,35,No,2004,HUMMER,H2,39.06590561,-76.9737761,2024,7,16
240032767,Injury Crash,07/11/2024 04:47:00 PM,WITHAN DR,NA,Front to Rear,Clear,Dry,Daylight,Pedestrian Crossing Sign,NONE DETECTED,No,Possible Minor Injury,NA,Not Distracted,MD,Sport Utility Vehicle,Stopped in Traffic,35,No,2023,TOYOTA,SEQUOIA,39.06590561,-76.9737761,2024,7,16
240032765,Injury Crash,07/11/2024 04:24:00 PM,LINTON ST,Cyclist (non-electric),Single Vehicle,Clear,Dry,Daylight,Stop Sign,NONE DETECTED,No,No Apparent Injury,NA,Not Distracted,MD,Pickup,Accelerating,25,No,2022,CHEVROLET,COLORADO,39.00378717,-76.99330517,2024,7,16
240032752,Injury Crash,07/11/2024 03:47:00 PM,FATHER HURLEY BLVD,NA,Front to Rear,Clear,Dry,Daylight,Traffic Control Signal,NONE DETECTED,Yes,Possible Minor Injury,NA,Unknown,MD,Passenger Car,Moving Constant Speed,40,No,2015,KIA,OPTIMA,39.16755039,-77.28163933,2024,7,15
240032752,Injury Crash,07/11/2024 03:47:00 PM,FATHER HURLEY BLVD,NA,Front to Rear,Clear,Dry,Daylight,Pedestrian Crossing,NONE DETECTED,No,No Apparent Injury,NA,Not Distracted,MD,Passenger Car,Slowing or Stopping,40,No,1999,GMC,UNKNOWN,39.16755039,-77.28163933,2024,7,15
240032753,Property Damage Crash,07/11/2024 03:30:00 PM,E DIAMOND AVE,NA,"Sideswipe, Same Direction",Clear,Dry,Daylight,No Controls,NONE DETECTED,Yes,No Apparent Injury,Other Improper Action,Unknown,MD,Other,Moving Constant Speed,30,No,2014,CHEVROLET,EXPRESS,39.14211856,-77.19069925,2024,7,15
240032741,Injury Crash,07/11/2024 02:59:00 PM,NA,NA,Single Vehicle,Clear,Dry,Daylight,No Controls,NONE DETECTED,No,Possible Minor Injury,NA,Not Distracted,MD,Passenger Car,Leaving Traffic Lane,25,No,2011,HONDA,CR-V,38.98215201,-77.00190389,2024,7,14
240032742,Property Damage Crash,07/11/2024 02:50:00 PM,GERMANTOWN RD,NA,"Sideswipe, Same Direction",Clear,Dry,Daylight,Traffic Control Signal,NONE DETECTED,No,No Apparent Injury,NA,Unknown,NA,Passenger Car,NA,35,No,2006,MAZDA,MAZDA5,39.18691167,-77.25292667,2024,7,14
240032742,Property Damage Crash,07/11/2024 02:50:00 PM,GERMANTOWN RD,NA,"Sideswipe, Same Direction",Clear,Dry,Daylight,Traffic Control Signal,NONE DETECTED,No,No Apparent Injury,NA,Not Distracted,MD,Bus - School,Turning Left,35,No,2018,FREIGHTLINER,B2 BUS CHASSIS,39.18691167,-77.25292667,2024,7,14
240032816,Property Damage Crash,07/11/2024 02:00:00 PM,NA,NA,Unknown,Clear,NA,Daylight,NA,NONE DETECTED,No,NA,NA,NA,NA,Passenger Car,NA,0,No,2009,TOYOTA,CAMRY,39.09792682,-77.19734597,2024,7,14
240032816,Property Damage Crash,07/11/2024 02:00:00 PM,NA,NA,Unknown,Clear,NA,Daylight,NA,NONE DETECTED,No,NA,NA,NA,NA,Passenger Car,Parked,0,No,2024,BMW,430I,39.09792682,-77.19734597,2024,7,14
240032727,Injury Crash,07/11/2024 01:39:00 PM,BETHESDA AVE,Cyclist (non-electric),Single Vehicle,Clear,Dry,Daylight,Lane Use Control Signal,NONE DETECTED,No,No Apparent Injury,NA,"Other Action (looking away from task, etc.)",MD,Pickup,Turning Right,25,No,2009,FORD,F-150,38.98109123,-77.09277356,2024,7,13
240032712,Property Damage Crash,07/11/2024 12:10:00 PM,FALLS RD,NA,"Sideswipe, Opposite Direction",Clear,Dry,Daylight,Traffic Control Signal,NONE DETECTED,Yes,No Apparent Injury,NA,Not Distracted,MD,Pickup,Moving Constant Speed,30,No,2005,FORD,RANGER,39.07389648,-77.16460685,2024,7,12
240032712,Property Damage Crash,07/11/2024 12:10:00 PM,FALLS RD,NA,"Sideswipe, Opposite Direction",Clear,Dry,Daylight,Traffic Control Signal,NONE DETECTED,No,No Apparent Injury,NA,Not Distracted,CA,Passenger Car,Moving Constant Speed,30,No,2013,JEEP,GRAND CHEROKEE,39.07389648,-77.16460685,2024,7,12
240032709,Injury Crash,07/11/2024 12:04:00 PM,HUNGERFORD DR,NA,Angle,Clear,Dry,Daylight,Traffic Control Signal,NONE DETECTED,No,Possible Minor Injury,NA,Not Distracted,MD,Passenger Car,Moving Constant Speed,40,No,2013,TOYOTA,COROLLA,39.10340515,-77.15595912,2024,7,12
240032709,Injury Crash,07/11/2024 12:04:00 PM,HUNGERFORD DR,NA,Angle,Clear,Dry,Daylight,Traffic Control Signal,NONE DETECTED,No,Possible Minor Injury,NA,Not Distracted,MD,Sport Utility Vehicle,Turning Left,40,No,2025,HONDA,CR-V,39.10340515,-77.15595912,2024,7,12
240032701,Property Damage Crash,07/11/2024 11:35:00 AM,MONTROSE RD (WB/L),NA,"Sideswipe, Same Direction",Clear,Dry,Daylight,No Controls,NONE DETECTED,Yes,No Apparent Injury,Failed to Keep in Proper Lane,Unknown,VA,Sport Utility Vehicle,Changing Lanes,35,No,2018,FORD,EXPEDITION,39.057319,-77.16084583,2024,7,11
240032701,Property Damage Crash,07/11/2024 11:35:00 AM,MONTROSE RD (WB/L),NA,"Sideswipe, Same Direction",Clear,Dry,Daylight,No Controls,NONE DETECTED,No,No Apparent Injury,NA,Not Distracted,MD,Passenger Car,Moving Constant Speed,35,No,2023,KIA,FORTE,39.057319,-77.16084583,2024,7,11
240032697,Injury Crash,07/11/2024 11:20:00 AM,FREDERICK RD,NA,Angle,Clear,Dry,Daylight,Traffic Control Signal,NONE DETECTED,No,Possible Minor Injury,NA,Unknown,MD,Passenger Car,Accelerating,35,No,2008,SUBARU,OUTBACK,39.16359947,-77.22624065,2024,7,11
240032697,Injury Crash,07/11/2024 11:20:00 AM,FREDERICK RD,NA,Angle,Clear,Dry,Daylight,Traffic Control Signal,NONE DETECTED,Yes,No Apparent Injury,NA,Unknown,MD,Passenger Car,Changing Lanes,35,No,2023,KIA,NIRO,39.16359947,-77.22624065,2024,7,11
240032725,Property Damage Crash,07/11/2024 10:31:00 AM,CONNECTICUT AVE (SB/L),NA,Angle,Clear,Dry,Daylight,No Controls,NONE DETECTED,No,No Apparent Injury,Failed to Yield Right-of-Way,Not Distracted,MD,Passenger Car,Accelerating,35,No,2013,HYUNDAI,SONATA,39.00932246,-77.08090745,2024,7,10
240032725,Property Damage Crash,07/11/2024 10:31:00 AM,CONNECTICUT AVE (SB/L),NA,Angle,Clear,Dry,Daylight,No Controls,NONE DETECTED,No,No Apparent Injury,NA,Not Distracted,MD,Sport Utility Vehicle,Moving Constant Speed,35,No,2013,HONDA,CR-V,39.00932246,-77.08090745,2024,7,10
240032677,Property Damage Crash,07/11/2024 10:00:00 AM,MUNCASTER MILL RD,NA,Front to Rear,Clear,Dry,Daylight,No Controls,NONE DETECTED,Yes,No Apparent Injury,NA,Not Distracted,MD,Bus - Transit,Slowing or Stopping,35,No,2021,GILLIG,CITY TRANSIT BUS,39.11092947,-77.08389433,2024,7,10
240032677,Property Damage Crash,07/11/2024 10:00:00 AM,MUNCASTER MILL RD,NA,Front to Rear,Clear,Dry,Daylight,No Controls,NONE DETECTED,No,No Apparent Injury,NA,Not Distracted,MD,Passenger Car,Slowing or Stopping,35,No,2007,HONDA,ACCORD,39.11092947,-77.08389433,2024,7,10
240032674,Injury Crash,07/11/2024 09:14:00 AM,OXFORD RD,NA,Other,Clear,Dry,Daylight,No Controls,NONE DETECTED,No,Possible Minor Injury,NA,Not Distracted,MD,Passenger Car,Moving Constant Speed,30,No,2023,TOYOTA,COROLLA,38.96911625,-77.14001687,2024,7,9
240032674,Injury Crash,07/11/2024 09:14:00 AM,OXFORD RD,NA,Other,Clear,Dry,Daylight,Stop Sign,NONE DETECTED,Yes,No Apparent Injury,Failed to Yield Right-of-Way,Not Distracted,DC,Van - Passenger (&lt;9 Seats),Entering Traffic Lane,30,No,2019,KIA,SEDONA,38.96911625,-77.14001687,2024,7,9
240032667,Injury Crash,07/11/2024 08:47:00 AM,EAST WEST HWY,NA,Front to Rear,Clear,Dry,Daylight,Pedestrian Crossing,NONE DETECTED,No,No Apparent Injury,NA,Not Distracted,MD,Pickup,Slowing or Stopping,30,No,2024,CHEVROLET,SILVERADO,38.99117788,-77.02987697,2024,7,8
240032667,Injury Crash,07/11/2024 08:47:00 AM,EAST WEST HWY,NA,Front to Rear,Clear,Dry,Daylight,Pedestrian Crossing,NONE DETECTED,Yes,Possible Minor Injury,Other Improper Action,Unknown,MD,Passenger Car,Slowing or Stopping,30,No,2013,TOYOTA,PRIUS,38.99117788,-77.02987697,2024,7,8
240032660,Property Damage Crash,07/11/2024 08:15:00 AM,GREAT SENECA HWY (SB/L),NA,Front to Rear,Clear,Dry,Daylight,Traffic Control Signal,NONE DETECTED,Yes,No Apparent Injury,NA,"Other Action (looking away from task, etc.)",MD,Bus - School,Slowing or Stopping,40,No,2023,THOMAS BUILT,SCHOOL BUS,39.12854913,-77.23779794,2024,7,8
240032660,Property Damage Crash,07/11/2024 08:15:00 AM,GREAT SENECA HWY (SB/L),NA,Front to Rear,Clear,Dry,Daylight,Traffic Control Signal,NONE DETECTED,No,No Apparent Injury,NA,Not Distracted,MD,Pickup,Stopped in Traffic,40,No,2008,CHEVROLET,SILVERADO HD,39.12854913,-77.23779794,2024,7,8
240032649,Property Damage Crash,07/11/2024 05:38:00 AM,FIELDCREST RD,NA,Front to Rear,Clear,Dry,Daylight,No Controls,NONE DETECTED,Yes,No Apparent Injury,Followed Too Closely,Not Distracted,MD,Sport Utility Vehicle,Slowing or Stopping,50,No,2012,JEEP,CHEROKEE,39.18924308,-77.12059345,2024,7,5
240032649,Property Damage Crash,07/11/2024 05:38:00 AM,FIELDCREST RD,NA,Front to Rear,Clear,Dry,Daylight,No Controls,NONE DETECTED,No,No Apparent Injury,NA,Not Distracted,MD,Passenger Car,Stopped in Traffic,50,No,2024,AUDI,A6,39.18924308,-77.12059345,2024,7,5
240032644,Injury Crash,07/11/2024 05:33:00 AM,QUINCE ORCHARD RD (SB/L),NA,Front to Rear,Clear,Dry,Medium,No Controls,NONE DETECTED,Yes,No Apparent Injury,NA,Not Distracted,MD,Truck Tractor,Moving Constant Speed,35,No,2018,HINO,UNKNOWN,39.12391917,-77.2481085,2024,7,5
240032644,Injury Crash,07/11/2024 05:33:00 AM,QUINCE ORCHARD RD (SB/L),NA,Front to Rear,Clear,Dry,Medium,No Controls,NONE DETECTED,No,Possible Minor Injury,NA,Not Distracted,MD,Van - Cargo,Parked,35,No,2021,FORD,TRANSIT,39.12391917,-77.2481085,2024,7,5
240032642,Injury Crash,07/11/2024 05:29:00 AM,COLUMBIA PIKE (SB/L),NA,Front to Rear,Clear,Dry,Medium,No Controls,NONE DETECTED,No,Possible Minor Injury,NA,Not Distracted,MD,Sport Utility Vehicle,Moving Constant Speed,45,No,2016,HONDA,CR-V,39.04777064,-76.98560354,2024,7,5
240032642,Injury Crash,07/11/2024 05:29:00 AM,COLUMBIA PIKE (SB/L),NA,Front to Rear,Clear,Dry,Medium,No Controls,NONE DETECTED,Yes,No Apparent Injury,NA,"Other Action (looking away from task, etc.)",MD,Pickup,Moving Constant Speed,45,No,2021,TOYOTA,TACOMA,39.04777064,-76.98560354,2024,7,5
240032637,Property Damage Crash,07/11/2024 01:10:00 AM,E RANDOLPH RD,NA,Angle,Clear,Dry,Medium,Flashing Traffic Control Signal,NONE DETECTED,No,No Apparent Injury,NA,Not Distracted,MD,Passenger Car,Leaving Traffic Lane,35,No,2010,HONDA,ACCORD,39.06335125,-76.96581957,2024,7,1
240032637,Property Damage Crash,07/11/2024 01:10:00 AM,E RANDOLPH RD,NA,Angle,Clear,Dry,Medium,Flashing Traffic Control Signal,NONE DETECTED,No,No Apparent Injury,NA,Not Distracted,MD,Passenger Car,Moving Constant Speed,35,No,2007,TOYOTA,YARIS,39.06335125,-76.96581957,2024,7,1
240032627,Injury Crash,07/10/2024 11:35:00 PM,MONTGOMERY VILLAGE AVE,Pedestrian,Single Vehicle,Clear,Dry,Medium,No Controls,NONE DETECTED,No,No Apparent Injury,NA,Not Distracted,MD,Passenger Car,Moving Constant Speed,35,No,2018,TOYOTA,COROLLA,39.1584435,-77.20367813,2024,7,23
240032624,Property Damage Crash,07/10/2024 10:34:00 PM,PEPPERWOOD LA,NA,Angle,Cloudy,Dry,Medium,Stop Sign,NONE DETECTED,No,No Apparent Injury,NA,Not Distracted,MD,Passenger Car,Stopped in Traffic,10,No,2011,TOYOTA,CAMRY,39.14507389,-77.1670493,2024,7,22
240032624,Property Damage Crash,07/10/2024 10:34:00 PM,PEPPERWOOD LA,NA,Angle,Cloudy,Dry,Medium,Stop Sign,NONE DETECTED,No,NA,NA,NA,NA,Van - Passenger (&lt;9 Seats),Turning Left,10,No,2005,CHEVROLET,EXPRESS,39.14507389,-77.1670493,2024,7,22
240032608,Injury Crash,07/10/2024 09:14:00 PM,NA,NA,Angle,Clear,Dry,Dark,Traffic Control Signal,NONE DETECTED,No,Suspected Serious Injury,Failed to Yield Right-of-Way,Unknown,MD,Sport Utility Vehicle,Turning Left,40,No,2011,ACURA,MDX,39.10988196,-77.30262919,2024,7,21
240032608,Injury Crash,07/10/2024 09:14:00 PM,NA,NA,Angle,Clear,Dry,Dark,Traffic Control Signal,NONE DETECTED,No,Possible Minor Injury,NA,Unknown,MD,Pickup,Moving Constant Speed,40,No,2022,FORD,F-250,39.10988196,-77.30262919,2024,7,21
240032607,Property Damage Crash,07/10/2024 09:00:00 PM,RAMP 5 FR US 29 SB TO BRIGGS CHANEY RD,NA,Single Vehicle,Cloudy,Wet,Dark,No Controls,NONE DETECTED,No,No Apparent Injury,NA,Not Distracted,MD,Passenger Car,Negotiating a Curve,30,No,2007,NISSAN,ALTIMA,39.08539433,-76.94674433,2024,7,21
240032593,Property Damage Crash,07/10/2024 08:00:00 PM,SHADY GROVE RD (SB/L),NA,Angle,Rain,Wet,Medium,Traffic Control Signal,NONE DETECTED,No,No Apparent Injury,NA,Unknown,MD,Passenger Car,Moving Constant Speed,40,No,2006,MINI,COOPER,39.10509387,-77.19059184,2024,7,20
240032593,Property Damage Crash,07/10/2024 08:00:00 PM,SHADY GROVE RD (SB/L),NA,Angle,Rain,Wet,Medium,Traffic Control Signal,NONE DETECTED,No,No Apparent Injury,NA,Unknown,MD,Sport Utility Vehicle,Moving Constant Speed,35,No,2021,TOYOTA,RAV4,39.10509387,-77.19059184,2024,7,20
240032591,Property Damage Crash,07/10/2024 07:54:00 PM,TILDEN LA,NA,Single Vehicle,Rain,Wet,Medium,Traffic Control Signal,NONE DETECTED,Yes,No Apparent Injury,NA,Not Distracted,MD,Passenger Car,Moving Constant Speed,35,No,2013,INFINITI,G37,39.04476897,-77.12058835,2024,7,19
240032603,Property Damage Crash,07/10/2024 07:45:00 PM,NA,NA,Front to Front,Rain,Wet,Daylight,No Controls,NONE DETECTED,No,No Apparent Injury,Failed to Yield Right-of-Way,Not Distracted,MD,Pickup,Moving Constant Speed,15,No,2023,DODGE,RAM,38.97803411,-77.00613032,2024,7,19
240032603,Property Damage Crash,07/10/2024 07:45:00 PM,NA,NA,Front to Front,Rain,Wet,Daylight,No Controls,NONE DETECTED,No,No Apparent Injury,NA,Not Distracted,MD,Sport Utility Vehicle,Moving Constant Speed,15,No,2012,ACURA,MDX,38.97803411,-77.00613032,2024,7,19
240032584,Property Damage Crash,07/10/2024 06:57:00 PM,ROCKVILLE PIKE,NA,Angle,Cloudy,Dry,Daylight,No Controls,NONE DETECTED,Yes,No Apparent Injury,NA,Unknown,MD,Passenger Car,Turning Left,40,No,2011,HONDA,CIVIC,39.07575845,-77.13740515,2024,7,18
240032584,Property Damage Crash,07/10/2024 06:57:00 PM,ROCKVILLE PIKE,NA,Angle,Cloudy,Dry,Daylight,No Controls,NONE DETECTED,No,No Apparent Injury,NA,Unknown,MD,Motorcycle - 2 Wheeled,Moving Constant Speed,40,No,2004,KAWASAKI,NINJA 500R,39.07575845,-77.13740515,2024,7,18
240032579,Property Damage Crash,07/10/2024 06:26:00 PM,NA,NA,"Sideswipe, Same Direction",Clear,NA,Daylight,NA,NONE DETECTED,No,NA,NA,NA,NA,Sport Utility Vehicle,Turning Left,0,No,2020,TOYOTA,RAV4,38.991838,-77.02826378,2024,7,18
240032572,Property Damage Crash,07/10/2024 05:50:00 PM,EDNOR RD,NA,Front to Front,Clear,Dry,Daylight,No Controls,NONE DETECTED,No,No Apparent Injury,NA,Not Distracted,MD,Passenger Car,Negotiating a Curve,35,No,2014,HYUNDAI,SONATA,39.13759627,-76.98079729,2024,7,17
240032572,Property Damage Crash,07/10/2024 05:50:00 PM,EDNOR RD,NA,Front to Front,Clear,Dry,Daylight,No Controls,NONE DETECTED,Yes,No Apparent Injury,"Failed to Keep in Proper Lane, Operated Motor Vehicle in Inattentive, Careless, Negligent, or Erratic Manner, Other Improper Action, Wrong Side","Other Action (looking away from task, etc.)",MD,Passenger Car,Negotiating a Curve,35,No,2018,NISSAN,ALTIMA,39.13759627,-76.98079729,2024,7,17