Local Case Number,ACRS Report Type,Crash Date/Time,Road Name,Related Non-Motorist,Collision Type,Weather,Surface Condition,Light,Traffic Control,Driver Substance Abuse,Driver At Fault,Injury Severity,Circumstance,Driver Distracted By,Drivers License State,Vehicle Body Type,Vehicle Movement,Speed Limit,Driverless Vehicle,Vehicle Year,Vehicle Make,Vehicle Model,Latitude,Longitude,Year,Month,Hour
240032561,Injury Crash,07/10/2024 05:19:00 PM,LOST KNIFE RD (NB/L),NA,Angle,Cloudy,Dry,Daylight,Traffic Control Signal,NONE DETECTED,No,Possible Minor Injury,NA,Not Distracted,MD,Sport Utility Vehicle,Slowing or Stopping,30,No,2019,TOYOTA,C-HR,39.15493751,-77.20102278,2024,7,17
240032561,Injury Crash,07/10/2024 05:19:00 PM,LOST KNIFE RD (NB/L),NA,Angle,Cloudy,Dry,Daylight,Traffic Control Signal,NONE DETECTED,Yes,No Apparent Injury,Failed to Yield Right-of-Way,Not Distracted,OH,Passenger Car,Turning Left,30,No,2009,TOYOTA,CAMRY,39.15493751,-77.20102278,2024,7,17
240033413,Property Damage Crash,07/10/2024 04:07:00 PM,ROCKVILLE PIKE,NA,"Sideswipe, Same Direction",Clear,Dry,Daylight,No Controls,NONE DETECTED,No,No Apparent Injury,NA,NA,NA,Passenger Car,Moving Constant Speed,35,No,0,NA,NA,39.07480257,-77.13605197,2024,7,16
240033413,Property Damage Crash,07/10/2024 04:07:00 PM,ROCKVILLE PIKE,NA,"Sideswipe, Same Direction",Clear,Dry,Daylight,No Controls,NONE DETECTED,No,No Apparent Injury,NA,Not Distracted,MD,Bus - Transit,Accelerating,35,No,2014,GILLIG,CITY TRANSIT BUS,39.07480257,-77.13605197,2024,7,16
240032545,Property Damage Crash,07/10/2024 03:30:00 PM,COLESVILLE RD,NA,"Sideswipe, Same Direction",Clear,Dry,Daylight,Lane Use Control Signal,NONE DETECTED,No,No Apparent Injury,NA,Not Distracted,MD,Bus - Transit,Moving Constant Speed,35,No,2023,NEW FLYER,TRANSIT BUS,38.99732667,-77.02732917,2024,7,15
240032545,Property Damage Crash,07/10/2024 03:30:00 PM,COLESVILLE RD,NA,"Sideswipe, Same Direction",Clear,Dry,Daylight,Lane Use Control Signal,NONE DETECTED,No,No Apparent Injury,NA,Not Distracted,MD,Van - Passenger (&lt;9 Seats),Moving Constant Speed,35,No,2011,FORD,TRANSIT,38.99732667,-77.02732917,2024,7,15
240032540,Property Damage Crash,07/10/2024 03:14:00 PM,E MELBOURNE AVE,NA,Single Vehicle,Clear,Dry,Daylight,Traffic Control Signal,NONE DETECTED,Yes,No Apparent Injury,NA,Unknown,MD,Passenger Car,Moving Constant Speed,35,No,2018,FORD,ESCAPE,39.00959722,-76.99999648,2024,7,15
240032533,Property Damage Crash,07/10/2024 03:11:00 PM,KINGS VALLEY RD,NA,Single Vehicle,Clear,Dry,Daylight,No Controls,NONE DETECTED,No,No Apparent Injury,NA,Not Distracted,MD,Sport Utility Vehicle,Moving Constant Speed,35,No,2016,FORD,EXPLORER,39.28226868,-77.22584192,2024,7,15
240032531,Property Damage Crash,07/10/2024 02:45:00 PM,NA,NA,"Sideswipe, Opposite Direction",Clear,NA,Daylight,NA,NONE DETECTED,No,No Apparent Injury,"Improper Passing, Other Improper Action",Unknown,MD,Bus - School,Overtaking/Passing,0,No,2012,FREIGHTLINER,B2 BUS CHASSIS,39.01713492,-77.10715064,2024,7,14
240032522,Property Damage Crash,07/10/2024 02:44:00 PM,AUBURN AVE,NA,"Sideswipe, Opposite Direction",Clear,Dry,Daylight,No Controls,NONE DETECTED,No,No Apparent Injury,NA,Unknown,MD,Passenger Car,Moving Constant Speed,25,No,2012,HONDA,ACCORD,38.98988075,-77.09990207,2024,7,14
240032522,Property Damage Crash,07/10/2024 02:44:00 PM,AUBURN AVE,NA,"Sideswipe, Opposite Direction",Clear,Dry,Daylight,No Controls,NONE DETECTED,No,No Apparent Injury,NA,Not Distracted,MD,Passenger Car,Slowing or Stopping,25,No,2018,JAGUAR,E-PACE,38.98988075,-77.09990207,2024,7,14
240032529,Property Damage Crash,07/10/2024 02:27:00 PM,JONES BRIDGE RD,NA,Front to Rear,Clear,Dry,Daylight,Traffic Control Signal,NONE DETECTED,No,No Apparent Injury,NA,Not Distracted,MD,Passenger Car,Slowing or Stopping,30,No,2023,SUBARU,FORESTER,38.99895371,-77.0878576,2024,7,14
240032529,Property Damage Crash,07/10/2024 02:27:00 PM,JONES BRIDGE RD,NA,Front to Rear,Clear,Dry,Daylight,Traffic Control Signal,NONE DETECTED,No,No Apparent Injury,"Followed Too Closely, Too Fast For Conditions",Unknown,MD,Passenger Car,Slowing or Stopping,30,No,2022,HYUNDAI,ELANTRA,38.99895371,-77.0878576,2024,7,14
240032525,Property Damage Crash,07/10/2024 02:24:00 PM,CONTOUR RD,NA,Angle,Cloudy,Dry,Daylight,Traffic Control Signal,NONE DETECTED,No,No Apparent Injury,NA,Not Distracted,MD,Sport Utility Vehicle,Slowing or Stopping,30,No,2018,SUBARU,CROSSTREK,39.15493339,-77.20102152,2024,7,14
240032525,Property Damage Crash,07/10/2024 02:24:00 PM,CONTOUR RD,NA,Angle,Cloudy,Dry,Daylight,Traffic Control Signal,NONE DETECTED,Yes,No Apparent Injury,Failed to Yield Right-of-Way,Not Distracted,MD,Passenger Car,Turning Left,30,No,2013,HONDA,CIVIC,39.15493339,-77.20102152,2024,7,14
240032526,Property Damage Crash,07/10/2024 02:13:00 PM,NA,NA,Single Vehicle,Clear,NA,Daylight,NA,NONE DETECTED,No,No Apparent Injury,Improper Backing,Not Distracted,MD,Van - Passenger (&lt;9 Seats),Backing,0,No,2024,CHEVROLET,EXPRESS,38.96618127,-77.0877579,2024,7,14
240032592,Property Damage Crash,07/10/2024 01:29:00 PM,GEORGIA AVE,NA,"Sideswipe, Same Direction",Clear,Dry,Daylight,Traffic Control Signal,NONE DETECTED,No,No Apparent Injury,NA,Not Distracted,MD,Passenger Car,Stopped in Traffic,25,No,2021,NISSAN,TITAN,39.04175424,-77.0518926,2024,7,13
240032592,Property Damage Crash,07/10/2024 01:29:00 PM,GEORGIA AVE,NA,"Sideswipe, Same Direction",Clear,Dry,Daylight,Traffic Control Signal,NONE DETECTED,No,NA,NA,NA,NA,NA,Moving Constant Speed,25,No,0,NA,NA,39.04175424,-77.0518926,2024,7,13
240032505,Property Damage Crash,07/10/2024 01:16:00 PM,SENECA MEADOWS PKWY,NA,Front to Rear,Clear,Dry,Daylight,Traffic Control Signal,NONE DETECTED,No,No Apparent Injury,NA,Not Distracted,MD,Van - Passenger (&lt;9 Seats),Stopped in Traffic,30,No,2020,FORD,TRANSIT,39.18854876,-77.25176703,2024,7,13
240032505,Property Damage Crash,07/10/2024 01:16:00 PM,SENECA MEADOWS PKWY,NA,Front to Rear,Clear,Dry,Daylight,Traffic Control Signal,NONE DETECTED,Yes,No Apparent Injury,NA,"Other Action (looking away from task, etc.)",MD,Passenger Car,Slowing or Stopping,30,No,2018,MINI,COUNTRYMAN,39.18854876,-77.25176703,2024,7,13
240032504,Property Damage Crash,07/10/2024 01:15:00 PM,KNOWLES AVE,NA,Angle,Clear,Dry,Daylight,No Controls,NONE DETECTED,No,No Apparent Injury,NA,Not Distracted,MD,Sport Utility Vehicle,Moving Constant Speed,35,No,2023,BMW,X3,39.02775833,-77.078255,2024,7,13
240032504,Property Damage Crash,07/10/2024 01:15:00 PM,KNOWLES AVE,NA,Angle,Clear,Dry,Daylight,Stop Sign,NONE DETECTED,No,No Apparent Injury,Failed to Yield Right-of-Way,Unknown,VA,Sport Utility Vehicle,Turning Right,35,No,2015,JEEP,CHEROKEE,39.02775833,-77.078255,2024,7,13
240032489,Property Damage Crash,07/10/2024 11:49:00 AM,NA,NA,Front to Rear,Cloudy,NA,Daylight,NA,NONE DETECTED,No,No Apparent Injury,"Operated Motor Vehicle in Inattentive, Careless, Negligent, or Erratic Manner",Unknown,NA,Passenger Car,Backing,0,No,0,NA,NA,39.06043045,-77.04854315,2024,7,11
240032480,Injury Crash,07/10/2024 10:51:00 AM,CLARKSBURG RD,NA,Single Vehicle,Clear,Dry,Daylight,No Controls,ALCOHOL PRESENT,No,Suspected Serious Injury,"Operated Motor Vehicle in Inattentive, Careless, Negligent, or Erratic Manner, Operated Motor Vehicle in Reckless or Aggressive Manner",Not Distracted,MD,Motorcycle - 2 Wheeled,Negotiating a Curve,30,No,1997,HARLEY DAVIDSON,FAT BOY,39.27265335,-77.27699033,2024,7,10
240032462,Injury Crash,07/10/2024 09:45:00 AM,AVERY RD,NA,Angle,Clear,Dry,Daylight,Traffic Control Signal,NONE DETECTED,No,Possible Minor Injury,NA,Not Distracted,MD,Passenger Car,Turning Left,40,No,2008,TOYOTA,PRIUS,39.09298448,-77.12278918,2024,7,9
240032462,Injury Crash,07/10/2024 09:45:00 AM,AVERY RD,NA,Angle,Clear,Dry,Daylight,Traffic Control Signal,NONE DETECTED,No,Possible Minor Injury,NA,Not Distracted,MD,Van - Passenger (&lt;9 Seats),Moving Constant Speed,40,No,2011,FORD,TRANSIT CONNECT,39.09298448,-77.12278918,2024,7,9
240032449,Injury Crash,07/10/2024 09:05:00 AM,MUNCASTER MILL RD,NA,Front to Rear,Clear,Dry,Daylight,No Controls,NONE DETECTED,Yes,No Apparent Injury,Followed Too Closely,Unknown,MD,Passenger Car,Slowing or Stopping,35,No,2010,FORD,FOCUS,39.10987685,-77.08185849,2024,7,9
240032449,Injury Crash,07/10/2024 09:05:00 AM,MUNCASTER MILL RD,NA,Front to Rear,Clear,Dry,Daylight,No Controls,NONE DETECTED,No,Possible Minor Injury,NA,Not Distracted,MD,Passenger Car,Slowing or Stopping,35,No,2016,NISSAN,ALTIMA,39.10987685,-77.08185849,2024,7,9
240032451,Injury Crash,07/10/2024 08:38:00 AM,SEVEN LOCKS RD,NA,Other,Clear,Dry,Daylight,No Controls,NONE DETECTED,Yes,No Apparent Injury,"Failed to Keep in Proper Lane, Improper Passing",Not Distracted,MD,Sport Utility Vehicle,Overtaking/Passing,35,No,2016,BMW,X1,39.01302056,-77.16027992,2024,7,8
240032451,Injury Crash,07/10/2024 08:38:00 AM,SEVEN LOCKS RD,NA,Other,Clear,Dry,Daylight,Stop Sign,NONE DETECTED,No,Possible Minor Injury,NA,Not Distracted,MD,Passenger Car,Turning Left,35,No,2015,VOLVO,S60,39.01302056,-77.16027992,2024,7,8
240032447,Injury Crash,07/10/2024 08:02:00 AM,COLUMBIA PIKE (SB/L),NA,Rear To Rear,Clear,Dry,Daylight,No Controls,NONE DETECTED,No,No Apparent Injury,NA,Not Distracted,MD,Passenger Car,Slowing or Stopping,55,No,2015,TOYOTA,CAMRY,39.10899389,-76.92997623,2024,7,8
240032447,Injury Crash,07/10/2024 08:02:00 AM,COLUMBIA PIKE (SB/L),NA,Rear To Rear,Clear,Dry,Daylight,No Controls,NONE DETECTED,No,No Apparent Injury,NA,Not Distracted,MD,Passenger Car,Stopped in Traffic,55,No,2021,TESLA,UNKNOWN,39.10899389,-76.92997623,2024,7,8
240032447,Injury Crash,07/10/2024 08:02:00 AM,COLUMBIA PIKE (SB/L),NA,Rear To Rear,Clear,Dry,Daylight,No Controls,NONE DETECTED,No,No Apparent Injury,NA,Not Distracted,TN,Passenger Car,Stopped in Traffic,55,No,2018,TOYOTA,CAMRY,39.10899389,-76.92997623,2024,7,8
240032447,Injury Crash,07/10/2024 08:02:00 AM,COLUMBIA PIKE (SB/L),NA,Rear To Rear,Clear,Dry,Daylight,No Controls,NONE DETECTED,Yes,Possible Minor Injury,NA,Unknown,MD,Passenger Car,Slowing or Stopping,55,No,2021,TESLA,UNKNOWN,39.10899389,-76.92997623,2024,7,8
240032443,Property Damage Crash,07/10/2024 07:21:00 AM,FLOWER AVE,NA,"Sideswipe, Same Direction",Clear,Dry,Daylight,Traffic Control Signal,NONE DETECTED,No,No Apparent Injury,NA,Unknown,NA,Passenger Car,Turning Left,30,No,2020,TOYOTA,CAMRY,38.99779002,-77.00364394,2024,7,7
240032443,Property Damage Crash,07/10/2024 07:21:00 AM,FLOWER AVE,NA,"Sideswipe, Same Direction",Clear,Dry,Daylight,Traffic Control Signal,NONE DETECTED,No,No Apparent Injury,NA,Not Distracted,MD,Passenger Car,Turning Left,30,No,2020,TOYOTA,COROLLA,38.99779002,-77.00364394,2024,7,7
240032434,Property Damage Crash,07/10/2024 05:30:00 AM,UNIVERSITY BLVD E (WB/L),NA,Front to Front,Clear,Dry,Daylight,No Controls,NONE DETECTED,No,No Apparent Injury,NA,Not Distracted,MD,Van - Cargo,Moving Constant Speed,25,No,2014,FORD,E-250,38.99869665,-76.9947695,2024,7,5
240032434,Property Damage Crash,07/10/2024 05:30:00 AM,UNIVERSITY BLVD E (WB/L),NA,Front to Front,Clear,Dry,Daylight,No Controls,NONE DETECTED,Yes,No Apparent Injury,Failed to Keep in Proper Lane,Not Distracted,MD,Passenger Car,Moving Constant Speed,25,No,2010,HONDA,ACCORD,38.99869665,-76.9947695,2024,7,5
240032428,Property Damage Crash,07/10/2024 01:40:00 AM,CHRISTOPHER AVE,NA,Rear To Side,Clear,Dry,Medium,Flashing Traffic Control Signal,NONE DETECTED,No,No Apparent Injury,NA,Not Distracted,MD,Passenger Car,Moving Constant Speed,30,No,2012,HONDA,PILOT,39.15772906,-77.21335406,2024,7,1
240032428,Property Damage Crash,07/10/2024 01:40:00 AM,CHRISTOPHER AVE,NA,Rear To Side,Clear,Dry,Medium,Flashing Traffic Control Signal,NONE DETECTED,No,No Apparent Injury,NA,Not Distracted,MD,Passenger Car,Moving Constant Speed,30,No,2005,LINCOLN,TOWN CAR,39.15772906,-77.21335406,2024,7,1
240032421,Property Damage Crash,07/10/2024 12:14:00 AM,ROYAL RD,NA,Single Vehicle,Clear,Dry,Medium,No Controls,NONE DETECTED,No,No Apparent Injury,NA,Not Distracted,MD,Sport Utility Vehicle,Moving Constant Speed,25,No,2017,CHEVROLET,SUBURBAN,39.02702999,-76.98549471,2024,7,0
240032419,Injury Crash,07/09/2024 11:43:00 PM,BROOKEVILLE RD,NA,Single Vehicle,Clear,Dry,Dark,No Controls,NONE DETECTED,No,Possible Minor Injury,"Swerved or Avoided Due to Wind, Slippery Surface, Motor Vehicle, Object, Non-Motorist in Roadway, etc",Not Distracted,NY,Sport Utility Vehicle,Moving Constant Speed,35,No,2015,GMC,YUKON XL,39.18109813,-77.06976939,2024,7,23
240032418,Property Damage Crash,07/09/2024 11:37:00 PM,AVENEL RD,NA,"Sideswipe, Opposite Direction",Clear,Dry,Medium,No Controls,NONE DETECTED,No,No Apparent Injury,NA,Not Distracted,MD,Other,Moving Constant Speed,25,No,2020,RAM,5500,39.00854851,-76.98039041,2024,7,23
240032418,Property Damage Crash,07/09/2024 11:37:00 PM,AVENEL RD,NA,"Sideswipe, Opposite Direction",Clear,Dry,Medium,No Controls,NONE DETECTED,No,No Apparent Injury,NA,Not Distracted,MD,Other,Moving Constant Speed,25,No,2018,PIERCE MANUFACTURING,ENFORCER,39.00854851,-76.98039041,2024,7,23
240032405,Property Damage Crash,07/09/2024 10:19:00 PM,RIDGECREST DR,NA,Angle,Clear,Dry,Medium,No Controls,NONE DETECTED,No,No Apparent Injury,NA,NA,NA,Passenger Car,Accelerating,25,No,1111,CHEVROLET,MALIBU,39.17268333,-77.25683333,2024,7,22
240032405,Property Damage Crash,07/09/2024 10:19:00 PM,RIDGECREST DR,NA,Angle,Clear,Dry,Medium,No Controls,NONE DETECTED,No,No Apparent Injury,NA,Not Distracted,MD,Pickup,Backing,25,No,2023,GMC,P TRUCK FORWARD,39.17268333,-77.25683333,2024,7,22
240032387,Injury Crash,07/09/2024 08:02:00 PM,ARORA HILLS DR,Cyclist (non-electric),Single Vehicle,Clear,Dry,Daylight,Other,NONE DETECTED,Yes,No Apparent Injury,NA,Not Distracted,MD,Sport Utility Vehicle,Moving Constant Speed,25,No,2022,TOYOTA,HIGHLANDER,39.23150167,-77.24889833,2024,7,20
240032383,Property Damage Crash,07/09/2024 07:45:00 PM,HELEN HENEGHAN WAY,NA,"Sideswipe, Same Direction",Clear,Dry,Daylight,Stop Sign,NONE DETECTED,Yes,No Apparent Injury,NA,Not Distracted,MD,Passenger Car,Accelerating,30,No,2015,KIA,SOUL,39.08509495,-77.15004662,2024,7,19
240032383,Property Damage Crash,07/09/2024 07:45:00 PM,HELEN HENEGHAN WAY,NA,"Sideswipe, Same Direction",Clear,Dry,Daylight,No Controls,NONE DETECTED,No,No Apparent Injury,NA,Not Distracted,MD,Passenger Car,NA,30,No,2015,LEXUS,ES,39.08509495,-77.15004662,2024,7,19
240032360,Injury Crash,07/09/2024 05:54:00 PM,LOCBURY DR,NA,Front to Rear,Clear,Dry,Daylight,No Controls,NONE DETECTED,Yes,Possible Minor Injury,NA,Not Distracted,MD,Passenger Car,Moving Constant Speed,35,No,2018,SUBARU,IMPREZA,39.18382321,-77.26827518,2024,7,17
240032360,Injury Crash,07/09/2024 05:54:00 PM,LOCBURY DR,NA,Front to Rear,Clear,Dry,Daylight,No Controls,NONE DETECTED,No,NA,NA,NA,NA,Passenger Car,Parked,35,No,2010,FORD,UNKNOWN,39.18382321,-77.26827518,2024,7,17
240032352,Property Damage Crash,07/09/2024 05:20:00 PM,NA,NA,Front to Front,Clear,Dry,Daylight,No Controls,NONE DETECTED,No,No Apparent Injury,NA,Not Distracted,MD,Van - Cargo,Slowing or Stopping,5,No,2004,FORD,E-250,39.08417383,-77.14777083,2024,7,17
240032352,Property Damage Crash,07/09/2024 05:20:00 PM,NA,NA,Front to Front,Clear,Dry,Daylight,No Controls,NONE DETECTED,Yes,No Apparent Injury,Improper Turn,"Other Action (looking away from task, etc.)",MD,Sport Utility Vehicle,Turning Right,5,No,2014,SUBARU,FORESTER,39.08417383,-77.14777083,2024,7,17
240032347,Property Damage Crash,07/09/2024 04:51:00 PM,FOREST GLEN RD,NA,Angle,Clear,Dry,Daylight,Stop Sign,NONE DETECTED,No,No Apparent Injury,NA,Unknown,MD,Passenger Car,Turning Left,25,No,2015,VOLKSWAGEN,JETTA,39.01325717,-77.05832083,2024,7,16
240032347,Property Damage Crash,07/09/2024 04:51:00 PM,FOREST GLEN RD,NA,Angle,Clear,Dry,Daylight,No Controls,NONE DETECTED,No,No Apparent Injury,NA,Not Distracted,MD,Van - Passenger (&lt;9 Seats),Moving Constant Speed,25,No,2016,FORD,TRANSIT,39.01325717,-77.05832083,2024,7,16
240034520,Property Damage Crash,07/09/2024 04:00:00 PM,NA,NA,"Sideswipe, Same Direction",Cloudy,NA,Daylight,NA,NONE DETECTED,Yes,No Apparent Injury,NA,Unknown,MD,Pickup,Turning Right,0,No,2003,CHEVROLET,SILVERADO,39.197878,-77.251764,2024,7,16
240032338,Property Damage Crash,07/09/2024 04:00:00 PM,DAIRYMAID DR,NA,Angle,Clear,Dry,Daylight,No Controls,NONE DETECTED,Yes,No Apparent Injury,NA,Unknown,MD,Passenger Car,Accelerating,30,No,2023,MAZDA,CX-30,39.15330852,-77.26965843,2024,7,16
240032371,Property Damage Crash,07/09/2024 03:48:00 PM,NA,NA,Front to Rear,Clear,NA,Daylight,NA,NONE DETECTED,Yes,No Apparent Injury,Improper Backing,"Other Action (looking away from task, etc.)",MD,Passenger Car,Backing,0,No,2016,JEEP,COMPASS,39.19834806,-77.25134629,2024,7,15
240032332,Property Damage Crash,07/09/2024 03:36:00 PM,NA,NA,Rear To Side,Clear,NA,Daylight,NA,NONE DETECTED,No,No Apparent Injury,NA,Not Distracted,MD,Passenger Car,Accelerating,0,No,2018,BUICK,ENCORE,39.0911218,-77.04754131,2024,7,15
240032332,Property Damage Crash,07/09/2024 03:36:00 PM,NA,NA,Rear To Side,Clear,NA,Daylight,NA,NONE DETECTED,No,No Apparent Injury,NA,Not Distracted,MD,Passenger Car,Moving Constant Speed,0,No,2019,VOLKSWAGEN,JETTA SPORTWAGEN,39.0911218,-77.04754131,2024,7,15
240032326,Property Damage Crash,07/09/2024 02:44:00 PM,NICHOLSON LA,NA,Front to Rear,Clear,Dry,Daylight,No Controls,NONE DETECTED,No,No Apparent Injury,NA,Not Distracted,MD,Bus - Transit,Slowing or Stopping,25,No,2009,GILLIG,SHUTTLE BUS,39.04493734,-77.11755099,2024,7,14
240032326,Property Damage Crash,07/09/2024 02:44:00 PM,NICHOLSON LA,NA,Front to Rear,Clear,Dry,Daylight,No Controls,NONE DETECTED,No,No Apparent Injury,NA,Not Distracted,MD,Passenger Car,Stopped in Traffic,25,No,2015,BMW,328I,39.04493734,-77.11755099,2024,7,14
240032322,Property Damage Crash,07/09/2024 01:41:00 PM,GEORGIA AVE (SB/L),NA,"Sideswipe, Same Direction",Clear,Dry,Daylight,No Controls,NONE DETECTED,No,No Apparent Injury,NA,Not Distracted,MD,Passenger Car,Moving Constant Speed,30,No,2008,HONDA,PILOT,38.99087518,-77.02698632,2024,7,13
240032322,Property Damage Crash,07/09/2024 01:41:00 PM,GEORGIA AVE (SB/L),NA,"Sideswipe, Same Direction",Clear,Dry,Daylight,No Controls,NONE DETECTED,Yes,No Apparent Injury,NA,Not Distracted,MD,Bus - Transit,Changing Lanes,30,No,2021,NEW FLYER,XCELSIOR,38.99087518,-77.02698632,2024,7,13
240032315,Property Damage Crash,07/09/2024 01:09:00 PM,NA,NA,Single Vehicle,Clear,NA,Daylight,NA,NONE DETECTED,Yes,No Apparent Injury,"Operated Motor Vehicle in Inattentive, Careless, Negligent, or Erratic Manner",Not Distracted,MD,Passenger Car,Accelerating,0,No,2022,ACURA,TL,39.15839,-77.205645,2024,7,13
240032304,Property Damage Crash,07/09/2024 12:26:00 PM,AVERY RD,NA,Single Vehicle,Clear,Dry,Daylight,No Controls,NONE DETECTED,No,No Apparent Injury,NA,Unknown,MD,Passenger Car,Moving Constant Speed,35,No,2023,CHEVROLET,MALIBU,39.10588426,-77.12110961,2024,7,12
240032284,Property Damage Crash,07/09/2024 10:26:00 AM,QUERY MILL RD,NA,Front to Rear,Clear,Dry,Daylight,No Controls,NONE DETECTED,No,No Apparent Injury,NA,Unknown,MD,Other Trucks,Backing,35,No,2016,FORD,F-550,39.07378644,-77.28673815,2024,7,10
240032284,Property Damage Crash,07/09/2024 10:26:00 AM,QUERY MILL RD,NA,Front to Rear,Clear,Dry,Daylight,No Controls,NONE DETECTED,No,No Apparent Injury,NA,Not Distracted,MD,Motorcycle - 2 Wheeled,Moving Constant Speed,35,No,2024,BMW,F 800 S,39.07378644,-77.28673815,2024,7,10
240032277,Property Damage Crash,07/09/2024 10:00:00 AM,FALLS RD,NA,Angle,Clear,Dry,Daylight,Yield Sign,NONE DETECTED,No,No Apparent Injury,NA,Not Distracted,VA,Passenger Car,Moving Constant Speed,35,No,2022,TOYOTA,COROLLA,39.07484763,-77.16338319,2024,7,10
240032277,Property Damage Crash,07/09/2024 10:00:00 AM,FALLS RD,NA,Angle,Clear,Dry,Daylight,Yield Sign,NONE DETECTED,No,No Apparent Injury,NA,Not Distracted,NY,Passenger Car,Entering Traffic Lane,35,No,2009,BMW,328I,39.07484763,-77.16338319,2024,7,10
240032273,Property Damage Crash,07/09/2024 09:29:00 AM,FREDERICK RD,NA,Angle,Clear,Dry,Daylight,Traffic Control Signal,NONE DETECTED,No,No Apparent Injury,NA,Not Distracted,MD,Passenger Car,Moving Constant Speed,45,No,2020,GENESIS,G70,39.19829675,-77.24478732,2024,7,9
240032273,Property Damage Crash,07/09/2024 09:29:00 AM,FREDERICK RD,NA,Angle,Clear,Dry,Daylight,Traffic Control Signal,NONE DETECTED,Yes,No Apparent Injury,Failed to Yield Right-of-Way,Not Distracted,MD,Passenger Car,Turning Left,45,No,2017,VOLVO,XC90,39.19829675,-77.24478732,2024,7,9
240032274,Property Damage Crash,07/09/2024 09:25:00 AM,HOMELAND DR,NA,Angle,Clear,Dry,Daylight,Stop Sign,NONE DETECTED,Yes,No Apparent Injury,NA,Not Distracted,MD,Passenger Car,Entering Traffic Lane,30,No,2019,NISSAN,ROGUE,39.15488222,-77.0694285,2024,7,9
240032274,Property Damage Crash,07/09/2024 09:25:00 AM,HOMELAND DR,NA,Angle,Clear,Dry,Daylight,No Controls,NONE DETECTED,No,No Apparent Injury,NA,Not Distracted,MD,Passenger Car,Moving Constant Speed,30,No,2021,CADILLAC,CT5,39.15488222,-77.0694285,2024,7,9
240032258,Injury Crash,07/09/2024 08:00:00 AM,GOOD HOPE RD,NA,Front to Rear,Clear,Dry,Daylight,Traffic Control Signal,NONE DETECTED,Yes,No Apparent Injury,Other Improper Action,Not Distracted,MD,Bus - Transit,Accelerating,35,No,2016,GILLIG,CITY TRANSIT BUS,39.09594036,-77.0016896,2024,7,8
240032258,Injury Crash,07/09/2024 08:00:00 AM,GOOD HOPE RD,NA,Front to Rear,Clear,Dry,Daylight,Traffic Control Signal,NONE DETECTED,No,Possible Minor Injury,NA,Not Distracted,MD,Passenger Car,Stopped in Traffic,35,No,2017,HONDA,ACCORD,39.09594036,-77.0016896,2024,7,8
240032247,Property Damage Crash,07/09/2024 03:00:00 AM,PURDUM RD,NA,Single Vehicle,Clear,Dry,Dark,No Controls,NONE DETECTED,Yes,No Apparent Injury,NA,Not Distracted,MD,Passenger Car,Negotiating a Curve,35,No,2002,BUICK,LESABRE,39.30166561,-77.24006442,2024,7,3
240032229,Injury Crash,07/08/2024 10:00:00 PM,BURNT HILL RD,NA,Single Vehicle,Clear,Dry,Dark,No Controls,NONE DETECTED,Yes,Possible Minor Injury,Ran Off Roadway,Not Distracted,MD,Passenger Car,Negotiating a Curve,35,No,2013,NISSAN,ALTIMA,39.28010308,-77.24783612,2024,7,22
240032223,Injury Crash,07/08/2024 08:42:00 PM,NA,NA,Angle,Clear,Dry,Medium,Traffic Control Signal,NONE DETECTED,Yes,No Apparent Injury,NA,Not Distracted,MD,Passenger Car,Moving Constant Speed,35,No,2021,NISSAN,VERSA,39.1579353,-77.19198169,2024,7,20