Local Case Number,ACRS Report Type,Crash Date/Time,Road Name,Related Non-Motorist,Collision Type,Weather,Surface Condition,Light,Traffic Control,Driver Substance Abuse,Driver At Fault,Injury Severity,Circumstance,Driver Distracted By,Drivers License State,Vehicle Body Type,Vehicle Movement,Speed Limit,Driverless Vehicle,Vehicle Year,Vehicle Make,Vehicle Model,Latitude,Longitude,Year,Month,Hour
240032223,Injury Crash,07/08/2024 08:42:00 PM,NA,NA,Angle,Clear,Dry,Medium,Traffic Control Signal,NONE DETECTED,No,Possible Minor Injury,NA,Not Distracted,MD,Passenger Car,Moving Constant Speed,35,No,2019,NISSAN,ARMADA,39.1579353,-77.19198169,2024,7,20
240032218,Injury Crash,07/08/2024 08:13:00 PM,NA,Pedestrian,Single Vehicle,Clear,NA,Daylight,NA,NONE DETECTED,Yes,No Apparent Injury,Improper Backing,Unknown,MD,Passenger Car,Backing,0,No,2008,HONDA,ACCORD,39.20313147,-77.2645931,2024,7,20
240032216,Property Damage Crash,07/08/2024 07:58:00 PM,LOCKWOOD DR,NA,Single Vehicle,Clear,Dry,Daylight,No Controls,NONE DETECTED,No,No Apparent Injury,NA,Not Distracted,MD,Passenger Car,Accelerating,25,No,2019,BUICK,ENCLAVE,39.03649963,-76.99611918,2024,7,19
240032215,Injury Crash,07/08/2024 07:51:00 PM,NA,NA,Front to Rear,Clear,Dry,Daylight,No Controls,NONE DETECTED,Yes,Possible Minor Injury,Other Improper Action,Unknown,MD,Sport Utility Vehicle,Moving Constant Speed,40,No,2020,HONDA,PASSPORT,39.11326,-77.269815,2024,7,19
240032215,Injury Crash,07/08/2024 07:51:00 PM,NA,NA,Front to Rear,Clear,Dry,Daylight,No Controls,NONE DETECTED,No,No Apparent Injury,NA,Not Distracted,MD,Passenger Car,Turning Left,40,No,2017,TOYOTA,PRIUS,39.11326,-77.269815,2024,7,19
240032188,Injury Crash,07/08/2024 05:25:00 PM,DALE DR,NA,Angle,Clear,Dry,Daylight,Traffic Control Signal,NONE DETECTED,No,No Apparent Injury,NA,Not Distracted,MD,Passenger Car,Stopped in Traffic,35,No,2010,HYUNDAI,ELANTRA GT,38.99446366,-77.00893047,2024,7,17
240032188,Injury Crash,07/08/2024 05:25:00 PM,DALE DR,NA,Angle,Clear,Dry,Daylight,Traffic Control Signal,NONE DETECTED,Yes,No Apparent Injury,Failed to Keep in Proper Lane,Not Distracted,MD,Bus - Transit,Moving Constant Speed,35,No,2014,GILLIG,LOW FLOOR BUS,38.99446366,-77.00893047,2024,7,17
240032189,Property Damage Crash,07/08/2024 05:21:00 PM,OBSERVATION DR,NA,Front to Rear,Clear,Dry,Daylight,Traffic Control Signal,NONE DETECTED,No,No Apparent Injury,NA,Not Distracted,MD,Sport Utility Vehicle,Stopped in Traffic,40,No,2013,NISSAN,ROGUE,39.17828438,-77.24181715,2024,7,17
240032189,Property Damage Crash,07/08/2024 05:21:00 PM,OBSERVATION DR,NA,Front to Rear,Clear,Dry,Daylight,Traffic Control Signal,NONE DETECTED,Yes,No Apparent Injury,NA,Not Distracted,MD,Passenger Car,Slowing or Stopping,40,No,2012,HONDA,ACCORD,39.17828438,-77.24181715,2024,7,17
240032182,Property Damage Crash,07/08/2024 05:03:00 PM,CONNECTICUT AVE,NA,Front to Rear,Clear,Dry,Daylight,No Controls,NONE DETECTED,No,No Apparent Injury,NA,Not Distracted,MD,Pickup,Moving Constant Speed,30,No,2014,TOYOTA,TACOMA,38.97974742,-77.07709587,2024,7,17
240032182,Property Damage Crash,07/08/2024 05:03:00 PM,CONNECTICUT AVE,NA,Front to Rear,Clear,Dry,Daylight,No Controls,NONE DETECTED,No,No Apparent Injury,NA,Not Distracted,MD,Sport Utility Vehicle,Moving Constant Speed,30,No,2014,JEEP,CHEROKEE,38.97974742,-77.07709587,2024,7,17
240032182,Property Damage Crash,07/08/2024 05:03:00 PM,CONNECTICUT AVE,NA,Front to Rear,Clear,Dry,Daylight,No Controls,DRUG AND ALCOHOL CONTRIBUTED,Yes,No Apparent Injury,NA,Unknown,DC,Passenger Car,Changing Lanes,30,No,2010,NISSAN,ALTIMA,38.97974742,-77.07709587,2024,7,17
240032180,Injury Crash,07/08/2024 04:47:00 PM,CONTOUR RD,NA,Angle,Clear,Dry,Daylight,Traffic Control Signal,NONE DETECTED,No,No Apparent Injury,NA,Not Distracted,MD,Sport Utility Vehicle,Moving Constant Speed,35,No,2021,NISSAN,NV200,39.15493575,-77.20102335,2024,7,16
240032180,Injury Crash,07/08/2024 04:47:00 PM,CONTOUR RD,NA,Angle,Clear,Dry,Daylight,Traffic Control Signal,NONE DETECTED,Yes,Possible Minor Injury,NA,Not Distracted,MD,Passenger Car,Turning Left,35,No,2008,MERCURY,GRAND MARQUIS,39.15493575,-77.20102335,2024,7,16
240032174,Property Damage Crash,07/08/2024 04:25:00 PM,SLIGO CREEK PKWY,NA,Front to Front,Clear,Dry,Daylight,Traffic Control Signal,NONE DETECTED,No,No Apparent Injury,NA,Not Distracted,MD,Passenger Car,Moving Constant Speed,35,No,2019,HONDA,CIVIC,39.00768815,-77.02012352,2024,7,16
240032174,Property Damage Crash,07/08/2024 04:25:00 PM,SLIGO CREEK PKWY,NA,Front to Front,Clear,Dry,Daylight,Traffic Control Signal,NONE DETECTED,Yes,No Apparent Injury,NA,Not Distracted,MD,Passenger Car,Turning Left,35,No,2011,TOYOTA,CAMRY,39.00768815,-77.02012352,2024,7,16
240032181,Property Damage Crash,07/08/2024 04:23:00 PM,CHEVY CHASE LAKE DR,NA,Rear To Side,Clear,Dry,Daylight,Traffic Control Signal,ALCOHOL PRESENT,Yes,No Apparent Injury,"Disregarded Other Traffic Sign, Operated Motor Vehicle in Inattentive, Careless, Negligent, or Erratic Manner, Operated Motor Vehicle in Reckless or Aggressive Manner",Unknown,DC,Passenger Car,Moving Constant Speed,35,No,2010,NISSAN,ALTIMA,38.99389976,-77.07706931,2024,7,16
240032181,Property Damage Crash,07/08/2024 04:23:00 PM,CHEVY CHASE LAKE DR,NA,Rear To Side,Clear,Dry,Daylight,Traffic Control Signal,NONE DETECTED,No,No Apparent Injury,NA,Not Distracted,DC,Sport Utility Vehicle,Turning Left,25,No,2004,HONDA,CR-V,38.99389976,-77.07706931,2024,7,16
240032191,Property Damage Crash,07/08/2024 04:10:00 PM,NA,NA,"Sideswipe, Same Direction",Clear,NA,Daylight,NA,NONE DETECTED,No,No Apparent Injury,NA,Not Distracted,MD,Bus - School,Moving Constant Speed,0,No,2015,FREIGHTLINER,B2 BUS CHASSIS,39.03753162,-77.02949591,2024,7,16
240032153,Property Damage Crash,07/08/2024 02:47:00 PM,HUNTLEY AVE,NA,Single Vehicle,Clear,Dry,Daylight,No Controls,NONE DETECTED,No,No Apparent Injury,NA,Not Distracted,MD,Bus - School,Backing,25,No,2020,THOMAS BUILT,SCHOOL BUS,39.03222638,-77.03863537,2024,7,14
240032148,Property Damage Crash,07/08/2024 02:35:00 PM,MARTINSBURG RD,NA,Single Vehicle,Clear,Dry,Daylight,No Controls,NONE DETECTED,No,No Apparent Injury,NA,Not Distracted,MD,Passenger Car,Moving Constant Speed,30,No,2017,FORD,TAURUS,39.16482744,-77.47530831,2024,7,14
240032138,Property Damage Crash,07/08/2024 01:58:00 PM,RANDOLPH RD,NA,Other,Clear,Dry,Daylight,Other,NONE DETECTED,No,No Apparent Injury,NA,Not Distracted,MD,Passenger Car,Parked,30,No,2016,FORD,UNKNOWN,39.05338014,-77.11151401,2024,7,13
240032138,Property Damage Crash,07/08/2024 01:58:00 PM,RANDOLPH RD,NA,Other,Clear,Dry,Daylight,Other,NONE DETECTED,Yes,No Apparent Injury,Other Improper Action,Not Distracted,IL,Other Trucks,Turning Left,30,No,2020,ISUZU,TRUCK,39.05338014,-77.11151401,2024,7,13
240032135,Property Damage Crash,07/08/2024 01:33:00 PM,EISENHOWER MEMORIAL HWY (SB/L),NA,Front to Rear,Cloudy,Dry,Daylight,No Controls,NONE DETECTED,Yes,No Apparent Injury,"Operated Motor Vehicle in Inattentive, Careless, Negligent, or Erratic Manner, Operated Motor Vehicle in Reckless or Aggressive Manner, Other Improper Action",Not Distracted,MD,Passenger Car,Slowing or Stopping,55,No,2009,HONDA,CIVIC,39.10255033,-77.180404,2024,7,13
240032135,Property Damage Crash,07/08/2024 01:33:00 PM,EISENHOWER MEMORIAL HWY (SB/L),NA,Front to Rear,Cloudy,Dry,Daylight,No Controls,NONE DETECTED,No,No Apparent Injury,NA,Not Distracted,MD,Passenger Car,Slowing or Stopping,55,No,2019,DODGE,CHARGER,39.10255033,-77.180404,2024,7,13
240032118,Property Damage Crash,07/08/2024 12:27:00 PM,FREDERICK RD,NA,Front to Rear,Clear,Dry,Daylight,No Controls,NONE DETECTED,No,No Apparent Injury,Followed Too Closely,Unknown,MD,Van - Passenger (&lt;9 Seats),Moving Constant Speed,30,No,2000,CHEVROLET,EXPRESS,39.1436137,-77.20145037,2024,7,12
240032118,Property Damage Crash,07/08/2024 12:27:00 PM,FREDERICK RD,NA,Front to Rear,Clear,Dry,Daylight,No Controls,NONE DETECTED,No,No Apparent Injury,NA,Not Distracted,PA,Passenger Car,Turning Right,30,No,2022,HONDA,CIVIC,39.1436137,-77.20145037,2024,7,12
240032100,Injury Crash,07/08/2024 11:16:00 AM,QUEENSGUARD RD,NA,Front to Rear,Clear,Dry,Daylight,Pedestrian Crossing Sign,NONE DETECTED,Yes,Possible Minor Injury,Other Improper Action,Not Distracted,MD,Passenger Car,Moving Constant Speed,40,No,2014,NISSAN,ALTIMA,39.08764747,-77.04492744,2024,7,11
240032100,Injury Crash,07/08/2024 11:16:00 AM,QUEENSGUARD RD,NA,Front to Rear,Clear,Dry,Daylight,Pedestrian Crossing Sign,NONE DETECTED,No,Possible Minor Injury,NA,Not Distracted,MD,Passenger Car,Slowing or Stopping,40,No,2007,PONTIAC,G6,39.08764747,-77.04492744,2024,7,11
240032091,Property Damage Crash,07/08/2024 09:36:00 AM,LOCKWOOD DR (SB/L),NA,"Sideswipe, Same Direction",Clear,Dry,Daylight,Traffic Control Signal,NONE DETECTED,No,No Apparent Injury,NA,Not Distracted,MD,Bus - Transit,Turning Left,40,No,2009,GILLIG,UNKNOWN,39.03981009,-76.99063617,2024,7,9
240032091,Property Damage Crash,07/08/2024 09:36:00 AM,LOCKWOOD DR (SB/L),NA,"Sideswipe, Same Direction",Clear,Dry,Daylight,Traffic Control Signal,NONE DETECTED,Yes,No Apparent Injury,"Failed to Keep in Proper Lane, Failed to Yield Right-of-Way, Improper Turn",Not Distracted,MD,Passenger Car,Turning Left,40,No,2019,HONDA,CIVIC,39.03981009,-76.99063617,2024,7,9
240032085,Injury Crash,07/08/2024 09:15:00 AM,NA,NA,Other,Clear,Dry,Daylight,No Controls,NONE DETECTED,No,Possible Minor Injury,NA,"Other Action (looking away from task, etc.)",MD,Passenger Car,Moving Constant Speed,30,No,2014,NISSAN,ALTIMA,39.03138567,-77.21220733,2024,7,9
240032085,Injury Crash,07/08/2024 09:15:00 AM,NA,NA,Other,Clear,Dry,Daylight,Stop Sign,NONE DETECTED,No,Possible Minor Injury,NA,Not Distracted,NJ,Passenger Car,Entering Traffic Lane,30,No,2019,NISSAN,ALTIMA,39.03138567,-77.21220733,2024,7,9
240032084,Property Damage Crash,07/08/2024 08:13:00 AM,MEADOW LA,NA,"Sideswipe, Same Direction",Clear,Dry,Daylight,No Controls,NONE DETECTED,No,No Apparent Injury,Failed to Keep in Proper Lane,Not Distracted,MD,Sport Utility Vehicle,Slowing or Stopping,25,No,2022,FORD,EXPLORER,38.98509453,-77.07924528,2024,7,8
240028452,Injury Crash,07/08/2024 06:30:00 AM,BEGONIA WAY,Pedestrian,Single Vehicle,Clear,Dry,Daylight,Stop Sign,NONE DETECTED,Yes,No Apparent Injury,NA,Unknown,MD,Passenger Car,Turning Left,25,No,2012,NISSAN,ROGUE,39.15740393,-77.16958744,2024,7,6
240032069,Property Damage Crash,07/08/2024 06:09:00 AM,GEORGIA AVE (SB/L),NA,"Sideswipe, Same Direction",Clear,Dry,Daylight,Traffic Control Signal,NONE DETECTED,No,No Apparent Injury,NA,Not Distracted,MD,Bus - Transit,Moving Constant Speed,30,No,2020,NOVABUS,UNKNOWN,38.99606795,-77.0281888,2024,7,6
240032069,Property Damage Crash,07/08/2024 06:09:00 AM,GEORGIA AVE (SB/L),NA,"Sideswipe, Same Direction",Clear,Dry,Daylight,Traffic Control Signal,NONE DETECTED,No,NA,NA,NA,NA,NA,Changing Lanes,30,No,0,NA,NA,38.99606795,-77.0281888,2024,7,6
240032066,Injury Crash,07/08/2024 05:38:00 AM,W MONTGOMERY AVE (WB/L),NA,Angle,Clear,Dry,Medium,Traffic Control Signal,NONE DETECTED,No,No Apparent Injury,NA,Not Distracted,MD,Single-Unit Truck,Moving Constant Speed,30,No,2017,FORD,F-750,39.0874533,-77.17637971,2024,7,5
240032066,Injury Crash,07/08/2024 05:38:00 AM,W MONTGOMERY AVE (WB/L),NA,Angle,Clear,Dry,Medium,Traffic Control Signal,NONE DETECTED,No,Possible Minor Injury,NA,Not Distracted,MD,Passenger Car,Turning Left,30,No,2009,HONDA,CR-V,39.0874533,-77.17637971,2024,7,5
240031928,Property Damage Crash,07/08/2024 03:58:00 AM,NO NAME,NA,Single Vehicle,Clear,Dry,Medium,No Controls,ALCOHOL PRESENT,No,No Apparent Injury,NA,Not Distracted,MD,Passenger Car,Moving Constant Speed,55,No,2017,BMW,135I,39.12040869,-77.18297561,2024,7,3
240023050,Injury Crash,07/07/2024 11:20:00 PM,FREDERICK RD (SB/L),NA,Angle,Clear,Dry,Medium,Traffic Control Signal,NONE DETECTED,No,No Apparent Injury,NA,Not Distracted,MD,Pickup,Making U-Turn,35,No,2018,CHEVROLET,P TRUCK FORWARD,39.115458340000004,-77.16614498,2024,7,23
240023050,Injury Crash,07/07/2024 11:20:00 PM,FREDERICK RD (SB/L),NA,Angle,Clear,Dry,Medium,Traffic Control Signal,NONE DETECTED,No,No Apparent Injury,NA,Not Distracted,MD,Passenger Car,Moving Constant Speed,35,No,2012,HONDA,CR-V,39.115458340000004,-77.16614498,2024,7,23
240032045,Property Damage Crash,07/07/2024 09:40:00 PM,NA,Pedestrian,Front to Front,Clear,NA,Medium,NA,NONE DETECTED,No,No Apparent Injury,NA,Not Distracted,MD,Passenger Car,Parked,0,No,2022,HYUNDAI,SANTA FE,38.99824041,-77.00109701,2024,7,21
240032045,Property Damage Crash,07/07/2024 09:40:00 PM,NA,Pedestrian,Front to Front,Clear,NA,Medium,NA,NONE DETECTED,No,NA,NA,NA,NA,Passenger Car,Backing,0,No,2013,HONDA,CIVIC,38.99824041,-77.00109701,2024,7,21
240032030,Property Damage Crash,07/07/2024 08:30:00 PM,AMHERST AVE,NA,"Sideswipe, Same Direction",Clear,Dry,Medium,No Controls,NONE DETECTED,Yes,No Apparent Injury,Failed to Keep in Proper Lane,Not Distracted,MD,Passenger Car,Moving Constant Speed,25,No,2016,FREIGHTLINER,T-LINE,39.03836185,-77.04855417,2024,7,20
240032021,Injury Crash,07/07/2024 06:32:00 PM,MASSACHUSETTS AVE,NA,Front to Rear,Clear,Dry,Daylight,Traffic Control Signal,NONE DETECTED,No,No Apparent Injury,NA,Unknown,MD,Passenger Car,Slowing or Stopping,35,No,2014,CHEVROLET,CRUZE,38.95742436,-77.10787727,2024,7,18
240032021,Injury Crash,07/07/2024 06:32:00 PM,MASSACHUSETTS AVE,NA,Front to Rear,Clear,Dry,Daylight,Traffic Control Signal,NONE DETECTED,No,No Apparent Injury,NA,Not Distracted,MD,Sport Utility Vehicle,Stopped in Traffic,35,No,2021,VOLKSWAGEN,ATLAS,38.95742436,-77.10787727,2024,7,18
240032015,Injury Crash,07/07/2024 05:59:00 PM,MONTGOMERY VILLAGE AVE (SB/L),Pedestrian,Single Vehicle,Clear,Dry,Daylight,Pedestrian Crossing,NONE DETECTED,Yes,No Apparent Injury,NA,Not Distracted,MD,Passenger Car,Slowing or Stopping,35,No,2022,TESLA,MODEL X,39.16780443,-77.20505412,2024,7,17
240032014,Property Damage Crash,07/07/2024 05:53:00 PM,NA,NA,Angle,Clear,Dry,Daylight,Traffic Control Signal,NONE DETECTED,No,No Apparent Injury,NA,Not Distracted,MD,Passenger Car,Moving Constant Speed,45,No,2010,TOYOTA,CAMRY,39.12120819,-76.98897824,2024,7,17
240032014,Property Damage Crash,07/07/2024 05:53:00 PM,NA,NA,Angle,Clear,Dry,Daylight,Traffic Control Signal,NONE DETECTED,No,No Apparent Injury,NA,Not Distracted,NA,Passenger Car,Moving Constant Speed,45,No,2005,TOYOTA,COROLLA,39.12120819,-76.98897824,2024,7,17
240032014,Property Damage Crash,07/07/2024 05:53:00 PM,NA,NA,Angle,Clear,Dry,Daylight,Traffic Control Signal,NONE DETECTED,Yes,No Apparent Injury,Failed to Yield Right-of-Way,Unknown,MD,Passenger Car,Turning Left,45,No,2024,NISSAN,SENTRA,39.12120819,-76.98897824,2024,7,17
240032008,Injury Crash,07/07/2024 05:27:00 PM,NA,Cyclist (non-electric),Single Vehicle,Clear,Dry,Daylight,Traffic Control Signal,NONE DETECTED,No,No Apparent Injury,NA,Not Distracted,MD,Passenger Car,Accelerating,35,No,2014,TOYOTA,COROLLA,38.9935308,-77.0321831,2024,7,17
240032000,Property Damage Crash,07/07/2024 03:47:00 PM,FREDERICK RD,NA,Single Vehicle,Clear,Dry,Daylight,Traffic Control Signal,NONE DETECTED,Yes,No Apparent Injury,NA,Not Distracted,MD,Passenger Car,Slowing or Stopping,35,No,2013,VOLVO,VS,39.15957,-77.21927,2024,7,15
240031971,Injury Crash,07/07/2024 01:15:00 PM,GEORGIA AVE,NA,Front to Rear,Clear,Dry,Daylight,Traffic Control Signal,NONE DETECTED,Yes,No Apparent Injury,"Operated Motor Vehicle in Inattentive, Careless, Negligent, or Erratic Manner",Unknown,DC,Passenger Car,Slowing or Stopping,35,No,2013,HONDA,CR-V,39.05294867,-77.05102173,2024,7,13
240031971,Injury Crash,07/07/2024 01:15:00 PM,GEORGIA AVE,NA,Front to Rear,Clear,Dry,Daylight,Traffic Control Signal,NONE DETECTED,No,Possible Minor Injury,NA,Not Distracted,MD,Passenger Car,Slowing or Stopping,35,No,2012,HONDA,ACCORD,39.05294867,-77.05102173,2024,7,13
240031965,Property Damage Crash,07/07/2024 12:18:00 PM,NA,NA,"Sideswipe, Same Direction",Clear,NA,Daylight,NA,NONE DETECTED,Yes,No Apparent Injury,NA,Not Distracted,WV,Bus - Transit,Accelerating,0,No,2017,GILLIG,CITY SUBURBAN BUS,39.06175257,-77.12048592,2024,7,12
240031965,Property Damage Crash,07/07/2024 12:18:00 PM,NA,NA,"Sideswipe, Same Direction",Clear,NA,Daylight,NA,NONE DETECTED,No,No Apparent Injury,NA,Not Distracted,MD,Passenger Car,NA,0,No,2017,HONDA,CR-V,39.06175257,-77.12048592,2024,7,12
240031961,Property Damage Crash,07/07/2024 12:03:00 PM,NA,NA,Single Vehicle,Clear,NA,Daylight,NA,NONE DETECTED,No,No Apparent Injury,Failed to Yield Right-of-Way,Not Distracted,MD,Passenger Car,Backing,0,No,2019,TOYOTA,RAV4,38.99136911,-77.02760089,2024,7,12
240031959,Injury Crash,07/07/2024 12:00:00 PM,FERNWOOD RD,NA,Angle,Clear,Dry,Daylight,Stop Sign,NONE DETECTED,Yes,No Apparent Injury,"Disregarded Other Traffic Sign, Failed to Yield Right-of-Way",Unknown,MD,Van - Passenger (&lt;9 Seats),Moving Constant Speed,35,No,2017,HONDA,ODYSSEY,39.0198061,-77.13441217,2024,7,12
240031959,Injury Crash,07/07/2024 12:00:00 PM,FERNWOOD RD,NA,Angle,Clear,Dry,Daylight,No Controls,NONE DETECTED,No,Possible Minor Injury,NA,Not Distracted,MD,Passenger Car,Accelerating,35,No,2009,TOYOTA,SCION XB,39.0198061,-77.13441217,2024,7,12
240031953,Injury Crash,07/07/2024 11:02:00 AM,NA,NA,Other,Clear,Dry,Daylight,Traffic Control Signal,NONE DETECTED,Yes,No Apparent Injury,NA,Not Distracted,DC,Passenger Car,Turning Left,30,No,2013,TOYOTA,COROLLA,38.99869917,-76.99878694,2024,7,11
240031953,Injury Crash,07/07/2024 11:02:00 AM,NA,NA,Other,Clear,Dry,Daylight,Traffic Control Signal,NONE DETECTED,No,Possible Minor Injury,NA,Not Distracted,VA,Passenger Car,Moving Constant Speed,30,No,2010,HONDA,CIVIC,38.99869917,-76.99878694,2024,7,11
240031952,Property Damage Crash,07/07/2024 10:42:00 AM,NO NAME,NA,Front to Rear,Clear,Dry,Daylight,Pedestrian Crossing Sign,NONE DETECTED,No,No Apparent Injury,NA,Not Distracted,MD,Sport Utility Vehicle,Stopped in Traffic,25,No,2009,HONDA,CR-V,39.05165183,-77.0753405,2024,7,10
240031952,Property Damage Crash,07/07/2024 10:42:00 AM,NO NAME,NA,Front to Rear,Clear,Dry,Daylight,Pedestrian Crossing Sign,NONE DETECTED,No,No Apparent Injury,NA,Not Distracted,MD,Passenger Car,Moving Constant Speed,25,No,2005,TOYOTA,COROLLA,39.05165183,-77.0753405,2024,7,10
240031941,Injury Crash,07/07/2024 07:50:00 AM,N270-W DIAMOND EAST RAMP,NA,Angle,Clear,Dry,Daylight,Traffic Control Signal,NONE DETECTED,No,No Apparent Injury,NA,Not Distracted,MD,Passenger Car,Moving Constant Speed,35,No,2018,HONDA,HR-V,39.1405565,-77.21049983,2024,7,7
240031941,Injury Crash,07/07/2024 07:50:00 AM,N270-W DIAMOND EAST RAMP,NA,Angle,Clear,Dry,Daylight,Traffic Control Signal,NONE DETECTED,Yes,No Apparent Injury,NA,Unknown,DC,Passenger Car,Turning Left,30,No,2023,HYUNDAI,KONA,39.1405565,-77.21049983,2024,7,7
240031932,Injury Crash,07/07/2024 05:39:00 AM,COLUMBIA PIKE,NA,Front to Rear,Clear,Dry,Daylight,Traffic Control Signal,NONE DETECTED,Yes,Possible Minor Injury,"Operated Motor Vehicle in Inattentive, Careless, Negligent, or Erratic Manner",Unknown,MD,Passenger Car,Moving Constant Speed,50,No,2015,HONDA,CR-V,39.06773842,-76.95925476,2024,7,5
240031930,Property Damage Crash,07/07/2024 05:06:00 AM,COLUMBIA PIKE,NA,Rear To Side,Clear,Dry,Medium,Traffic Control Signal,NONE DETECTED,No,No Apparent Injury,NA,Not Distracted,MD,Passenger Car,Moving Constant Speed,45,No,2016,FORD,UNKNOWN,39.06762524,-76.95930291,2024,7,5
240031930,Property Damage Crash,07/07/2024 05:06:00 AM,COLUMBIA PIKE,NA,Rear To Side,Clear,Dry,Medium,Traffic Control Signal,NONE DETECTED,Yes,No Apparent Injury,NA,Unknown,MD,Passenger Car,Moving Constant Speed,45,No,2018,TOYOTA,UNKNOWN,39.06762524,-76.95930291,2024,7,5
240031924,Property Damage Crash,07/07/2024 03:10:00 AM,ROCKVILLE PIKE,NA,Front to Front,Clear,Dry,Dark,No Controls,NONE DETECTED,No,No Apparent Injury,NA,Not Distracted,MD,Station Wagon,Moving Constant Speed,35,No,2017,ACURA,RDX,39.01063833,-77.09740667,2024,7,3
240031924,Property Damage Crash,07/07/2024 03:10:00 AM,ROCKVILLE PIKE,NA,Front to Front,Clear,Dry,Dark,No Controls,ALCOHOL PRESENT,Yes,No Apparent Injury,NA,Unknown,MD,Passenger Car,Accelerating,35,No,2024,TOYOTA,CAMRY,39.01063833,-77.09740667,2024,7,3
240031903,Property Damage Crash,07/06/2024 10:13:00 PM,COLUMBIA PIKE,NA,Rear To Side,Clear,Dry,Medium,Traffic Control Signal,NONE DETECTED,No,No Apparent Injury,NA,Not Distracted,MD,Passenger Car,Turning Left,55,No,2019,SUBARU,OUTBACK,39.09558385,-76.93782773,2024,7,22
240031903,Property Damage Crash,07/06/2024 10:13:00 PM,COLUMBIA PIKE,NA,Rear To Side,Clear,Dry,Medium,Traffic Control Signal,NONE DETECTED,Yes,No Apparent Injury,NA,Unknown,MD,Passenger Car,Moving Constant Speed,55,No,2018,NISSAN,ROGUE,39.09558385,-76.93782773,2024,7,22
240031902,Injury Crash,07/06/2024 09:17:00 PM,NA,NA,Front to Front,Clear,Dry,Medium,Traffic Control Signal,NONE DETECTED,No,No Apparent Injury,NA,Not Distracted,MD,Passenger Car,Turning Left,45,No,2018,CHEVROLET,SS,39.16992667,-77.17658967,2024,7,21
240031902,Injury Crash,07/06/2024 09:17:00 PM,NA,NA,Front to Front,Clear,Dry,Medium,Traffic Control Signal,NONE DETECTED,Yes,Suspected Serious Injury,NA,Unknown,NA,Recreational Off-Highway Vehicles (ROV),Accelerating,45,No,2000,ZZKNOWN,UNKNOWN,39.16992667,-77.17658967,2024,7,21
240031891,Injury Crash,07/06/2024 07:15:00 PM,PARTNERSHIP RD,NA,Single Vehicle,Clear,Dry,Daylight,No Controls,NONE DETECTED,Yes,Suspected Serious Injury,"Operated Motor Vehicle in Inattentive, Careless, Negligent, or Erratic Manner, Too Fast For Conditions",Unknown,XX,Passenger Car,Moving Constant Speed,40,No,2024,NISSAN,SENTRA,39.1036865,-77.37340198,2024,7,19
240031887,Injury Crash,07/06/2024 06:41:00 PM,NA,NA,"Sideswipe, Opposite Direction",Clear,NA,Daylight,NA,NONE DETECTED,Yes,Possible Minor Injury,Failed to Yield Right-of-Way,Unknown,NA,Passenger Car,Entering Traffic Lane,0,No,2009,PONTIAC,VIBE,39.11299678,-77.16117672,2024,7,18
240031887,Injury Crash,07/06/2024 06:41:00 PM,NA,NA,"Sideswipe, Opposite Direction",Clear,NA,Daylight,NA,NONE DETECTED,No,No Apparent Injury,NA,Not Distracted,MD,Sport Utility Vehicle,Leaving Traffic Lane,0,No,2019,HYUNDAI,SANTA FE,39.11299678,-77.16117672,2024,7,18
240031876,Injury Crash,07/06/2024 05:00:00 PM,RAMP 2 FR IS 495 WB TO MD 193 NB,NA,"Sideswipe, Opposite Direction",Clear,Dry,Daylight,Traffic Control Signal,NONE DETECTED,No,Possible Minor Injury,NA,Not Distracted,MD,Motorcycle - 2 Wheeled,Turning Right,35,No,2021,TRIUMPH,UNKNOWN,39.01602411,-77.00543405,2024,7,17