Local Case Number,ACRS Report Type,Crash Date/Time,Road Name,Related Non-Motorist,Collision Type,Weather,Surface Condition,Light,Traffic Control,Driver Substance Abuse,Driver At Fault,Injury Severity,Circumstance,Driver Distracted By,Drivers License State,Vehicle Body Type,Vehicle Movement,Speed Limit,Driverless Vehicle,Vehicle Year,Vehicle Make,Vehicle Model,Latitude,Longitude,Year,Month,Hour
240031876,Injury Crash,07/06/2024 05:00:00 PM,RAMP 2 FR IS 495 WB TO MD 193 NB,NA,"Sideswipe, Opposite Direction",Clear,Dry,Daylight,Traffic Control Signal,NONE DETECTED,Yes,No Apparent Injury,NA,Not Distracted,MD,Passenger Car,Turning Right,35,No,2023,TOYOTA,CAMRY,39.01602411,-77.00543405,2024,7,17
240031899,Property Damage Crash,07/06/2024 04:55:00 PM,W CEDAR LA,NA,Front to Rear,Clear,Dry,Daylight,Traffic Control Signal,NONE DETECTED,No,No Apparent Injury,NA,Not Distracted,MD,Sport Utility Vehicle,Stopped in Traffic,35,No,2016,BMW,135I,39.00450338,-77.11056321,2024,7,16
240031899,Property Damage Crash,07/06/2024 04:55:00 PM,W CEDAR LA,NA,Front to Rear,Clear,Dry,Daylight,Lane Use Control Signal,NONE DETECTED,No,No Apparent Injury,NA,Not Distracted,MD,Sport Utility Vehicle,Turning Left,35,No,2024,JEEP,WRANGLER,39.00450338,-77.11056321,2024,7,16
240031873,Property Damage Crash,07/06/2024 04:52:00 PM,PRINCE PHILIP DR,NA,Front to Rear,Clear,Dry,Daylight,No Controls,NONE DETECTED,No,No Apparent Injury,NA,Not Distracted,MD,Passenger Car,Slowing or Stopping,35,No,2015,TOYOTA,COROLLA,39.15570182,-77.05814147,2024,7,16
240031873,Property Damage Crash,07/06/2024 04:52:00 PM,PRINCE PHILIP DR,NA,Front to Rear,Clear,Dry,Daylight,No Controls,NONE DETECTED,Yes,No Apparent Injury,"Followed Too Closely, Operated Motor Vehicle in Inattentive, Careless, Negligent, or Erratic Manner","Other Action (looking away from task, etc.)",MD,Passenger Car,Moving Constant Speed,35,No,2017,CHEVROLET,UNKNOWN,39.15570182,-77.05814147,2024,7,16
240031870,Property Damage Crash,07/06/2024 04:09:00 PM,RAMP 4 FR MD 193 NB TO IS 495 EB,NA,"Sideswipe, Opposite Direction",Clear,Dry,Daylight,No Controls,NONE DETECTED,Yes,No Apparent Injury,NA,Not Distracted,MD,Passenger Car,Moving Constant Speed,35,No,2020,TOYOTA,CAMRY,39.01430927,-77.00419101,2024,7,16
240031870,Property Damage Crash,07/06/2024 04:09:00 PM,RAMP 4 FR MD 193 NB TO IS 495 EB,NA,"Sideswipe, Opposite Direction",Clear,Dry,Daylight,No Controls,NONE DETECTED,No,No Apparent Injury,NA,Not Distracted,MD,Passenger Car,Moving Constant Speed,35,No,2016,MERCEDES-BENZ,C-CLASS,39.01430927,-77.00419101,2024,7,16
240031854,Injury Crash,07/06/2024 01:37:00 PM,SHAKESPEARE BLVD (WB/L),NA,Angle,Clear,Dry,Daylight,Traffic Control Signal,NONE DETECTED,Yes,Possible Minor Injury,Failed to Yield Right-of-Way,Not Distracted,MD,Station Wagon,Turning Left,45,No,2017,CHRYSLER,PACIFICA,39.19828279,-77.24476336,2024,7,13
240031854,Injury Crash,07/06/2024 01:37:00 PM,SHAKESPEARE BLVD (WB/L),NA,Angle,Clear,Dry,Daylight,Traffic Control Signal,NONE DETECTED,No,Possible Minor Injury,NA,Not Distracted,MD,Sport Utility Vehicle,Accelerating,45,No,2009,MERCEDES-BENZ,ML-CLASS,39.19828279,-77.24476336,2024,7,13
240031851,Injury Crash,07/06/2024 01:34:00 PM,CONNECTICUT AVE,NA,Front to Front,Clear,Dry,Daylight,Traffic Control Signal,NONE DETECTED,No,No Apparent Injury,NA,Unknown,MD,Passenger Car,Moving Constant Speed,40,No,2019,ACURA,TLX,39.091841,-77.07037115,2024,7,13
240031851,Injury Crash,07/06/2024 01:34:00 PM,CONNECTICUT AVE,NA,Front to Front,Clear,Dry,Daylight,Traffic Control Signal,NONE DETECTED,No,Possible Minor Injury,NA,Unknown,MD,Passenger Car,Turning Left,40,No,2023,MITSUBISHI,MIRAGE,39.091841,-77.07037115,2024,7,13
240031849,Injury Crash,07/06/2024 01:30:00 PM,CONNECTICUT AVE,NA,Angle,Clear,Dry,Daylight,Stop Sign,NONE DETECTED,No,Possible Minor Injury,NA,Not Distracted,MD,Sport Utility Vehicle,Accelerating,35,No,2004,HONDA,CR-V,39.05357703,-77.07427848,2024,7,13
240031849,Injury Crash,07/06/2024 01:30:00 PM,CONNECTICUT AVE,NA,Angle,Clear,Dry,Daylight,Stop Sign,NONE DETECTED,No,Possible Minor Injury,NA,Not Distracted,MD,Passenger Car,Moving Constant Speed,35,No,2023,TOYOTA,CAMRY,39.05357703,-77.07427848,2024,7,13
240031844,Property Damage Crash,07/06/2024 12:29:00 PM,RAMP 4 FR RAMP 1 (FR IS270) TO MD 109 EB,NA,Front to Front,Clear,Dry,Daylight,No Controls,NONE DETECTED,Yes,No Apparent Injury,Failed to Yield Right-of-Way,Not Distracted,MD,Passenger Car,Turning Left,35,No,2009,TOYOTA,SIENNA,39.27839251,-77.32237518,2024,7,12
240031844,Property Damage Crash,07/06/2024 12:29:00 PM,RAMP 4 FR RAMP 1 (FR IS270) TO MD 109 EB,NA,Front to Front,Clear,Dry,Daylight,Stop Sign,NONE DETECTED,No,No Apparent Injury,NA,Not Distracted,DC,Passenger Car,Parked,35,No,2015,NISSAN,SENTRA,39.27839251,-77.32237518,2024,7,12
240031844,Property Damage Crash,07/06/2024 12:29:00 PM,RAMP 4 FR RAMP 1 (FR IS270) TO MD 109 EB,NA,Front to Front,Clear,Dry,Daylight,No Controls,NONE DETECTED,No,No Apparent Injury,NA,Not Distracted,VA,Passenger Car,Moving Constant Speed,35,No,2020,JAGUAR,XE,39.27839251,-77.32237518,2024,7,12
240031837,Property Damage Crash,07/06/2024 12:20:00 PM,GAITHER RD,NA,Angle,Clear,Dry,Daylight,Traffic Control Signal,NONE DETECTED,Yes,No Apparent Injury,NA,Not Distracted,MD,Sport Utility Vehicle,Turning Right,30,No,2017,HONDA,CR-V,39.10532845,-77.17106744,2024,7,12
240031837,Property Damage Crash,07/06/2024 12:20:00 PM,GAITHER RD,NA,Angle,Clear,Dry,Daylight,Traffic Control Signal,NONE DETECTED,No,No Apparent Injury,NA,Not Distracted,MD,Passenger Car,Moving Constant Speed,35,No,2020,ACURA,TLX,39.10532845,-77.17106744,2024,7,12
240031840,Injury Crash,07/06/2024 12:09:00 PM,FREDERICK RD (SB/L),NA,"Sideswipe, Same Direction",Clear,Dry,Daylight,No Controls,NONE DETECTED,Yes,No Apparent Injury,NA,Not Distracted,MD,Passenger Car,Changing Lanes,40,No,2018,MERCEDES-BENZ,GLC-CLASS,39.12193696,-77.17694708,2024,7,12
240031840,Injury Crash,07/06/2024 12:09:00 PM,FREDERICK RD (SB/L),NA,"Sideswipe, Same Direction",Clear,Dry,Daylight,No Controls,NONE DETECTED,No,No Apparent Injury,NA,Not Distracted,MD,Passenger Car,Moving Constant Speed,40,No,2011,TOYOTA,RAV4,39.12193696,-77.17694708,2024,7,12
240032219,Injury Crash,07/06/2024 11:45:00 AM,MONTROSE PKWY,Cyclist (non-electric),Single Vehicle,Clear,Dry,Daylight,Traffic Control Signal,NONE DETECTED,Yes,No Apparent Injury,Too Fast For Conditions,Unknown,MD,Station Wagon,Slowing or Stopping,35,No,2007,HONDA,ODYSSEY,39.05275733,-77.11540621,2024,7,11
240031829,Injury Crash,07/06/2024 11:40:00 AM,KENTLANDS BLVD (NB/L),NA,"Sideswipe, Same Direction",Clear,Dry,Daylight,No Controls,NONE DETECTED,No,Suspected Serious Injury,NA,Not Distracted,PA,Passenger Car,Moving Constant Speed,25,No,2014,DODGE,CHARGER,39.12469939,-77.24130855,2024,7,11
240031829,Injury Crash,07/06/2024 11:40:00 AM,KENTLANDS BLVD (NB/L),NA,"Sideswipe, Same Direction",Clear,Dry,Daylight,No Controls,NONE DETECTED,Yes,No Apparent Injury,NA,Not Distracted,MD,Other Trucks,Turning Right,25,No,2010,MACK,UNKNOWN,39.12469939,-77.24130855,2024,7,11
240031828,Injury Crash,07/06/2024 11:36:00 AM,FREDERICK RD,NA,Front to Rear,Clear,Dry,Daylight,No Controls,NONE DETECTED,No,No Apparent Injury,NA,Not Distracted,MD,Sport Utility Vehicle,Moving Constant Speed,45,No,2020,DODGE,DURANGO,39.19170556,-77.24229125,2024,7,11
240031828,Injury Crash,07/06/2024 11:36:00 AM,FREDERICK RD,NA,Front to Rear,Clear,Dry,Daylight,No Controls,NONE DETECTED,No,Possible Minor Injury,NA,Not Distracted,MD,Passenger Car,Moving Constant Speed,45,No,2021,HYUNDAI,TUCSON,39.19170556,-77.24229125,2024,7,11
240031828,Injury Crash,07/06/2024 11:36:00 AM,FREDERICK RD,NA,Front to Rear,Clear,Dry,Daylight,No Controls,NONE DETECTED,No,NA,Followed Too Closely,NA,NA,Sport Utility Vehicle,Moving Constant Speed,45,No,2016,FORD,MD,39.19170556,-77.24229125,2024,7,11
240031824,Property Damage Crash,07/06/2024 11:15:00 AM,SERPENTINE WAY,NA,Single Vehicle,Clear,Dry,Daylight,No Controls,NONE DETECTED,No,No Apparent Injury,NA,Not Distracted,MD,Passenger Car,Moving Constant Speed,35,No,2024,MITSUBISHI,ECLIPSE,39.06440165,-76.96960085,2024,7,11
240031830,Injury Crash,07/06/2024 11:08:00 AM,GOSHEN SCHOOL RD,NA,Single Vehicle,Clear,Dry,Daylight,No Controls,NONE DETECTED,No,Possible Minor Injury,"Ran Off Roadway, Too Fast For Conditions",Not Distracted,MD,Passenger Car,Moving Constant Speed,35,No,2015,HONDA,CIVIC,39.22266299,-77.18594872,2024,7,11
240031817,Injury Crash,07/06/2024 10:13:00 AM,MACARTHUR BLVD,Cyclist (non-electric),Single Vehicle,Clear,Dry,Daylight,No Controls,NONE DETECTED,No,No Apparent Injury,NA,Not Distracted,MD,Van - Passenger (&lt;9 Seats),Slowing or Stopping,35,No,2018,HONDA,ODYSSEY,38.98257417,-77.22673683,2024,7,10
240031812,Injury Crash,07/06/2024 09:00:00 AM,KNOWLES AVE,NA,Other,Clear,Dry,Daylight,Traffic Control Signal,NONE DETECTED,No,Possible Minor Injury,NA,Not Distracted,MD,Passenger Car,Moving Constant Speed,20,No,2020,MAZDA,CX-30,39.02741456,-77.07650915,2024,7,9
240031812,Injury Crash,07/06/2024 09:00:00 AM,KNOWLES AVE,NA,Other,Clear,Dry,Daylight,Traffic Control Signal,NONE DETECTED,No,NA,NA,NA,NA,NA,Moving Constant Speed,30,No,0,NA,NA,39.02741456,-77.07650915,2024,7,9
240031806,Injury Crash,07/06/2024 07:24:00 AM,FLOWER AVE,NA,Rear To Side,Clear,Dry,Daylight,Traffic Control Signal,NONE DETECTED,Yes,No Apparent Injury,NA,Unknown,MD,Passenger Car,Accelerating,25,No,2016,NISSAN,ALTIMA,38.99826992,-77.00371592,2024,7,7
240031806,Injury Crash,07/06/2024 07:24:00 AM,FLOWER AVE,NA,Rear To Side,Clear,Dry,Daylight,Traffic Control Signal,NONE DETECTED,No,No Apparent Injury,NA,Not Distracted,DC,Sport Utility Vehicle,Turning Left,30,No,2015,HONDA,PILOT,38.99826992,-77.00371592,2024,7,7
240031807,Property Damage Crash,07/06/2024 06:48:00 AM,PLYERS MILL RD,NA,"Sideswipe, Same Direction",Clear,Dry,Daylight,Traffic Control Signal,NONE DETECTED,No,No Apparent Injury,NA,Not Distracted,MD,Passenger Car,Slowing or Stopping,35,No,2013,TOYOTA,PRIUS,39.03003096,-77.047617,2024,7,6
240031807,Property Damage Crash,07/06/2024 06:48:00 AM,PLYERS MILL RD,NA,"Sideswipe, Same Direction",Clear,Dry,Daylight,Traffic Control Signal,NONE DETECTED,No,NA,NA,NA,NA,Sport Utility Vehicle,Moving Constant Speed,35,No,2006,NISSAN,MURANO,39.03003096,-77.047617,2024,7,6
240031794,Property Damage Crash,07/06/2024 04:40:00 AM,NEW HAMPSHIRE AVE (SB/L),NA,Rear To Side,Clear,Dry,Dark,Traffic Control Signal,NONE DETECTED,No,NA,NA,NA,NA,Sport Utility Vehicle,Moving Constant Speed,25,No,2008,HONDA,CR-V,39.01527262,-76.9778257,2024,7,4
240031794,Property Damage Crash,07/06/2024 04:40:00 AM,NEW HAMPSHIRE AVE (SB/L),NA,Rear To Side,Clear,Dry,Dark,Traffic Control Signal,NONE DETECTED,No,No Apparent Injury,NA,Not Distracted,MD,Passenger Car,Moving Constant Speed,45,No,2003,TOYOTA,COROLLA,39.01527262,-76.9778257,2024,7,4
240031792,Injury Crash,07/06/2024 04:03:00 AM,NEW HAMPSHIRE AVE,NA,Single Vehicle,Clear,Dry,Medium,No Controls,NONE DETECTED,Yes,Possible Minor Injury,NA,Not Distracted,MD,Passenger Car,Negotiating a Curve,40,No,2020,TOYOTA,CAMRY,39.11712244,-76.98999089,2024,7,4
240031841,Property Damage Crash,07/06/2024 03:02:00 AM,ALLEY,NA,"Sideswipe, Opposite Direction",Clear,Dry,Medium,Other,NONE DETECTED,Yes,No Apparent Injury,Failed to Keep in Proper Lane,Unknown,MD,Passenger Car,Turning Right,25,No,2008,TOYOTA,CAMRY SOLARA,39.04044722,-77.05194204,2024,7,3
240031789,Injury Crash,07/06/2024 02:33:00 AM,ARCOLA AVE,NA,Angle,Clear,Dry,Medium,Pedestrian Crossing,NONE DETECTED,No,Possible Minor Injury,NA,Not Distracted,MD,Sport Utility Vehicle,Accelerating,30,No,2020,FORD,EDGE,39.04708285,-77.05198064,2024,7,2
240031789,Injury Crash,07/06/2024 02:33:00 AM,ARCOLA AVE,NA,Angle,Clear,Dry,Medium,Traffic Control Signal,NONE DETECTED,Yes,No Apparent Injury,"Failed to Yield Right-of-Way, Ran Red Light",Unknown,MD,Pickup,Moving Constant Speed,25,No,2018,FORD,F-150,39.04708285,-77.05198064,2024,7,2
240031778,Injury Crash,07/05/2024 11:26:00 PM,NEEDWOOD RD,NA,Single Vehicle,Clear,Dry,Dark,No Controls,NONE DETECTED,No,Possible Minor Injury,"Swerved or Avoided Due to Wind, Slippery Surface, Motor Vehicle, Object, Non-Motorist in Roadway, etc",Not Distracted,DC,Passenger Car,Moving Constant Speed,30,No,2018,FORD,EXPLORER,39.126615,-77.13223667,2024,7,23
240031771,Property Damage Crash,07/05/2024 10:17:00 PM,NA,NA,Front to Rear,Clear,Dry,Dark,No Controls,NONE DETECTED,No,No Apparent Injury,NA,Not Distracted,MD,Sport Utility Vehicle,Slowing or Stopping,40,No,2022,HONDA,CR-V,39.16945271,-77.08997165,2024,7,22
240031771,Property Damage Crash,07/05/2024 10:17:00 PM,NA,NA,Front to Rear,Clear,Dry,Dark,No Controls,ALCOHOL PRESENT,Yes,No Apparent Injury,NA,Unknown,MD,Passenger Car,NA,40,No,2020,FORD,FUSION,39.16945271,-77.08997165,2024,7,22
240031770,Injury Crash,07/05/2024 10:11:00 PM,NA,NA,Front to Rear,Clear,Dry,Medium,Traffic Control Signal,NONE DETECTED,No,Possible Minor Injury,NA,Unknown,NA,Moped Or motorized bicycle,Moving Constant Speed,35,No,2011,PIAGGIO AND VESPA,LX 50,38.99877846,-76.99891517,2024,7,22
240031770,Injury Crash,07/05/2024 10:11:00 PM,NA,NA,Front to Rear,Clear,Dry,Medium,Traffic Control Signal,NONE DETECTED,No,No Apparent Injury,NA,Not Distracted,FL,Sport Utility Vehicle,Stopped in Traffic,35,No,2017,TOYOTA,RAV4,38.99877846,-76.99891517,2024,7,22
240031762,Injury Crash,07/05/2024 09:25:00 PM,NA,Pedestrian,Single Vehicle,Clear,Dry,Medium,Traffic Control Signal,NONE DETECTED,No,No Apparent Injury,NA,Not Distracted,MD,Passenger Car,Turning Left,35,No,2018,FORD,FUSION,39.16140052,-77.22264372,2024,7,21
240031761,Injury Crash,07/05/2024 09:02:00 PM,WOODFIELD RD (SB/L),NA,Front to Front,Clear,Dry,Medium,Traffic Control Signal,NONE DETECTED,No,Possible Minor Injury,NA,Not Distracted,MD,Sport Utility Vehicle,Moving Constant Speed,45,No,2007,KIA,SPORTAGE,39.18526185,-77.15086799,2024,7,21
240031761,Injury Crash,07/05/2024 09:02:00 PM,WOODFIELD RD (SB/L),NA,Front to Front,Clear,Dry,Medium,Traffic Control Signal,NONE DETECTED,Yes,No Apparent Injury,Failed to Yield Right-of-Way,Not Distracted,MD,Passenger Car,Turning Left,45,No,2004,HYUNDAI,ELANTRA,39.18526185,-77.15086799,2024,7,21
240031768,Property Damage Crash,07/05/2024 09:00:00 PM,CONNECTICUT AVE,NA,Angle,Clear,Dry,Medium,Traffic Control Signal,NONE DETECTED,No,No Apparent Injury,Failed to Yield Right-of-Way,Not Distracted,MD,Passenger Car,Turning Right,35,No,2022,NISSAN,SENTRA,39.08374055,-77.07766861,2024,7,21
240031768,Property Damage Crash,07/05/2024 09:00:00 PM,CONNECTICUT AVE,NA,Angle,Clear,Dry,Medium,Traffic Control Signal,NONE DETECTED,No,No Apparent Injury,NA,Not Distracted,MD,Bus - Transit,Moving Constant Speed,35,No,2013,NEW FLYER,XCELSIOR,39.08374055,-77.07766861,2024,7,21
240031765,Property Damage Crash,07/05/2024 07:30:00 PM,NA,NA,"Sideswipe, Same Direction",Clear,NA,Daylight,NA,NONE DETECTED,Yes,No Apparent Injury,NA,Unknown,MD,Passenger Car,Turning Right,0,No,2011,HONDA,PILOT,39.19069583,-77.2424276,2024,7,19
240031611,Property Damage Crash,07/05/2024 06:37:00 PM,ECCLESTON ST,NA,Front to Front,Clear,Dry,Daylight,No Controls,NONE DETECTED,No,NA,NA,NA,NA,Passenger Car,Moving Constant Speed,25,No,2016,HONDA,ACCORD,39.02276513,-77.05290363,2024,7,18
240031735,Property Damage Crash,07/05/2024 06:18:00 PM,MIDDLEBROOK RD,NA,Single Vehicle,Clear,Dry,Daylight,No Controls,NONE DETECTED,No,No Apparent Injury,NA,Unknown,MD,Passenger Car,Moving Constant Speed,35,No,2004,LAND ROVER,DISCOVERY,39.18178004,-77.27000029,2024,7,18
240031732,Property Damage Crash,07/05/2024 06:13:00 PM,NA,NA,Front to Rear,Clear,Dry,Daylight,Traffic Control Signal,NONE DETECTED,No,No Apparent Injury,NA,Not Distracted,MD,Passenger Car,Stopped in Traffic,30,No,2013,TOYOTA,AVALON,38.99541916,-77.02442217,2024,7,18
240031732,Property Damage Crash,07/05/2024 06:13:00 PM,NA,NA,Front to Rear,Clear,Dry,Daylight,Traffic Control Signal,NONE DETECTED,Yes,No Apparent Injury,Improper Backing,Unknown,MD,Passenger Car,Backing,30,No,2023,TOYOTA,RAV4,38.99541916,-77.02442217,2024,7,18
240031726,Property Damage Crash,07/05/2024 05:51:00 PM,FATHER HURLEY BLVD,NA,Angle,Clear,Dry,Daylight,Traffic Control Signal,NONE DETECTED,No,No Apparent Injury,NA,Not Distracted,MD,Passenger Car,Turning Left,35,No,2016,HONDA,CIVIC,39.19176753,-77.27211143,2024,7,17
240031726,Property Damage Crash,07/05/2024 05:51:00 PM,FATHER HURLEY BLVD,NA,Angle,Clear,Dry,Daylight,Traffic Control Signal,NONE DETECTED,No,No Apparent Injury,NA,Not Distracted,MD,Passenger Car,Moving Constant Speed,35,No,2024,SUBARU,LEGACY,39.19176753,-77.27211143,2024,7,17
240031575,Injury Crash,07/05/2024 04:31:00 PM,NA,Scooter (non-Electric),Single Vehicle,Clear,Dry,Daylight,Stop Sign,NONE DETECTED,No,No Apparent Injury,NA,Not Distracted,MD,Passenger Car,Moving Constant Speed,35,No,2021,TOYOTA,UNKNOWN,39.23630848,-77.26186039,2024,7,16
240031716,Property Damage Crash,07/05/2024 04:21:00 PM,GEORGIA AVE,NA,"Sideswipe, Same Direction",Clear,Dry,Daylight,No Controls,NONE DETECTED,No,No Apparent Injury,"Swerved or Avoided Due to Wind, Slippery Surface, Motor Vehicle, Object, Non-Motorist in Roadway, etc",Not Distracted,MD,Passenger Car,Moving Constant Speed,35,No,2021,SUBARU,CROSSTREK,38.99353283,-77.02657933,2024,7,16
240031716,Property Damage Crash,07/05/2024 04:21:00 PM,GEORGIA AVE,NA,"Sideswipe, Same Direction",Clear,Dry,Daylight,No Controls,NONE DETECTED,No,No Apparent Injury,NA,Not Distracted,MD,Bus - Transit,Moving Constant Speed,35,No,2017,VAN HOOL,URBAN BUS,38.99353283,-77.02657933,2024,7,16
240031717,Injury Crash,07/05/2024 03:22:00 PM,CLOPPER RD,NA,Front to Rear,Clear,Dry,Daylight,No Controls,NONE DETECTED,No,NA,NA,NA,NA,Passenger Car,Moving Constant Speed,40,No,2004,TOYOTA,UNKNOWN,39.15593118,-77.26118279,2024,7,15
240031717,Injury Crash,07/05/2024 03:22:00 PM,CLOPPER RD,NA,Front to Rear,Clear,Dry,Daylight,No Controls,NONE DETECTED,No,Possible Minor Injury,NA,Not Distracted,MD,Passenger Car,Slowing or Stopping,40,No,2022,TOYOTA,VENZA,39.15593118,-77.26118279,2024,7,15
240031702,Injury Crash,07/05/2024 03:01:00 PM,NEW HAMPSHIRE AVE (SB/L),NA,Angle,Clear,Dry,Daylight,No Controls,NONE DETECTED,No,Possible Minor Injury,NA,Not Distracted,MD,Passenger Car,Moving Constant Speed,35,No,2000,FORD,MUSTANG,39.02461147,-76.97979193,2024,7,15
240031702,Injury Crash,07/05/2024 03:01:00 PM,NEW HAMPSHIRE AVE (SB/L),NA,Angle,Clear,Dry,Daylight,No Controls,NONE DETECTED,No,No Apparent Injury,NA,Unknown,MD,Passenger Car,NA,35,No,2009,BUICK,ENCLAVE,39.02461147,-76.97979193,2024,7,15
240031697,Property Damage Crash,07/05/2024 02:33:00 PM,FLOWER VALLEY DR,NA,Rear To Side,Clear,Dry,Daylight,No Controls,NONE DETECTED,No,No Apparent Injury,NA,Not Distracted,MD,Passenger Car,Moving Constant Speed,25,No,1989,GRUMMAN,UNKNOWN,39.10348117,-77.093439,2024,7,14
240031697,Property Damage Crash,07/05/2024 02:33:00 PM,FLOWER VALLEY DR,NA,Rear To Side,Clear,Dry,Daylight,No Controls,NONE DETECTED,No,No Apparent Injury,NA,Not Distracted,MD,Sport Utility Vehicle,Moving Constant Speed,25,No,2010,KIA,SOUL,39.10348117,-77.093439,2024,7,14
240031684,Property Damage Crash,07/05/2024 12:45:00 PM,FREDERICK RD (SB/L),NA,Front to Front,Clear,Dry,Daylight,Traffic Control Signal,NONE DETECTED,Yes,No Apparent Injury,NA,Not Distracted,MD,Passenger Car,Accelerating,45,No,2019,TOYOTA,PRIUS,39.20470087,-77.24615716,2024,7,12
240031684,Property Damage Crash,07/05/2024 12:45:00 PM,FREDERICK RD (SB/L),NA,Front to Front,Clear,Dry,Daylight,Traffic Control Signal,NONE DETECTED,Yes,No Apparent Injury,NA,Not Distracted,MD,Sport Utility Vehicle,Accelerating,45,No,2015,AUDI,Q7,39.20470087,-77.24615716,2024,7,12
240031681,Injury Crash,07/05/2024 12:30:00 PM,QUINCE ORCHARD RD (SB/L),NA,Front to Front,Clear,Dry,Daylight,No Controls,NONE DETECTED,No,Possible Minor Injury,Other Improper Action,Unknown,TX,Van - Passenger (&lt;9 Seats),Turning Right,35,No,2024,KIA,CARNIVAL,39.12469722,-77.24713509,2024,7,12
240031681,Injury Crash,07/05/2024 12:30:00 PM,QUINCE ORCHARD RD (SB/L),NA,Front to Front,Clear,Dry,Daylight,No Controls,NONE DETECTED,No,No Apparent Injury,NA,Not Distracted,MD,Station Wagon,Moving Constant Speed,35,No,2021,SUBARU,FORESTER,39.12469722,-77.24713509,2024,7,12
240031676,Property Damage Crash,07/05/2024 12:05:00 PM,GERMANTOWN RD,NA,Angle,Clear,Dry,Daylight,Traffic Control Signal,NONE DETECTED,Yes,No Apparent Injury,Ran Red Light,Unknown,MD,Van - Passenger (&lt;9 Seats),Moving Constant Speed,45,No,2004,HONDA,ODYSSEY,39.19209128,-77.24267113,2024,7,12
240031676,Property Damage Crash,07/05/2024 12:05:00 PM,GERMANTOWN RD,NA,Angle,Clear,Dry,Daylight,Traffic Control Signal,NONE DETECTED,No,No Apparent Injury,NA,Not Distracted,MD,Pickup,Moving Constant Speed,40,No,2014,FORD,F-150,39.19209128,-77.24267113,2024,7,12
240031675,Property Damage Crash,07/05/2024 11:44:00 AM,BEL PRE RD,NA,Front to Rear,Clear,Dry,Daylight,Pedestrian Crossing Sign,NONE DETECTED,Yes,No Apparent Injury,NA,Not Distracted,MD,Passenger Car,Moving Constant Speed,35,No,2008,HONDA,CIVIC,39.0930134,-77.07279077,2024,7,11
240031675,Property Damage Crash,07/05/2024 11:44:00 AM,BEL PRE RD,NA,Front to Rear,Clear,Dry,Daylight,Pedestrian Crossing Sign,NONE DETECTED,No,No Apparent Injury,NA,Not Distracted,MD,Passenger Car,Slowing or Stopping,35,No,2010,VOLVO,V50,39.0930134,-77.07279077,2024,7,11
240031672,Property Damage Crash,07/05/2024 11:30:00 AM,NA,NA,Single Vehicle,Clear,NA,Daylight,NA,NONE DETECTED,Yes,No Apparent Injury,NA,Not Distracted,MD,Passenger Car,Slowing or Stopping,0,No,2009,HYUNDAI,SONATA,39.18590209,-77.23895212,2024,7,11
240031666,Property Damage Crash,07/05/2024 10:55:00 AM,RANDOLPH RD (WB/L),NA,"Sideswipe, Same Direction",Clear,Dry,Daylight,No Controls,NONE DETECTED,No,No Apparent Injury,NA,Not Distracted,MD,Passenger Car,Moving Constant Speed,40,No,2015,TOYOTA,TACOMA,39.06109454,-77.0443185,2024,7,10
240031666,Property Damage Crash,07/05/2024 10:55:00 AM,RANDOLPH RD (WB/L),NA,"Sideswipe, Same Direction",Clear,Dry,Daylight,No Controls,NONE DETECTED,No,No Apparent Injury,"Operated Motor Vehicle in Inattentive, Careless, Negligent, or Erratic Manner",Not Distracted,MD,Passenger Car,Changing Lanes,40,No,2017,TOYOTA,PRIUS,39.06109454,-77.0443185,2024,7,10
240031668,Property Damage Crash,07/05/2024 10:52:00 AM,HAWKINS CREAMERY RD,NA,Angle,Clear,Dry,Daylight,Stop Sign,NONE DETECTED,No,No Apparent Injury,NA,Not Distracted,MD,Passenger Car,Stopped in Traffic,25,No,2023,TESLA,MODEL 3,39.26699546,-77.17886605,2024,7,10