Local Case Number,ACRS Report Type,Crash Date/Time,Road Name,Related Non-Motorist,Collision Type,Weather,Surface Condition,Light,Traffic Control,Driver Substance Abuse,Driver At Fault,Injury Severity,Circumstance,Driver Distracted By,Drivers License State,Vehicle Body Type,Vehicle Movement,Speed Limit,Driverless Vehicle,Vehicle Year,Vehicle Make,Vehicle Model,Latitude,Longitude,Year,Month,Hour
240031668,Property Damage Crash,07/05/2024 10:52:00 AM,HAWKINS CREAMERY RD,NA,Angle,Clear,Dry,Daylight,Stop Sign,NONE DETECTED,Yes,No Apparent Injury,Improper Turn,"Other Action (looking away from task, etc.)",MD,Sport Utility Vehicle,Turning Left,25,No,2019,CHEVROLET,TRAVERSE,39.26699546,-77.17886605,2024,7,10
240031659,Property Damage Crash,07/05/2024 10:20:00 AM,NA,NA,Other,Clear,NA,Daylight,NA,NONE DETECTED,No,No Apparent Injury,Other Improper Action,Not Distracted,MD,Passenger Car,Slowing or Stopping,0,No,2017,FORD,EXPLORER,38.99263686,-76.99257441,2024,7,10
240031659,Property Damage Crash,07/05/2024 10:20:00 AM,NA,NA,Other,Clear,NA,Daylight,NA,NONE DETECTED,No,No Apparent Injury,"Operated Motor Vehicle in Inattentive, Careless, Negligent, or Erratic Manner",Unknown,MD,Passenger Car,Backing,0,No,2016,AUDI,A6,38.99263686,-76.99257441,2024,7,10
240031654,Property Damage Crash,07/05/2024 10:15:00 AM,CENTURY BLVD,NA,Angle,Clear,Dry,Daylight,Stop Sign,NONE DETECTED,Yes,No Apparent Injury,Failed to Yield Right-of-Way,Unknown,MD,Passenger Car,Entering Traffic Lane,25,No,2014,FORD,MUSTANG,39.19219333,-77.26555,2024,7,10
240031654,Property Damage Crash,07/05/2024 10:15:00 AM,CENTURY BLVD,NA,Angle,Clear,Dry,Daylight,Stop Sign,NONE DETECTED,No,No Apparent Injury,NA,Not Distracted,MD,Passenger Car,Moving Constant Speed,25,No,2022,TOYOTA,CAMRY,39.19219333,-77.26555,2024,7,10
240031653,Property Damage Crash,07/05/2024 09:30:00 AM,16TH ST (SB/L),NA,Angle,Clear,Dry,Daylight,Traffic Control Signal,NONE DETECTED,No,No Apparent Injury,NA,Not Distracted,MD,Passenger Car,Moving Constant Speed,30,No,2022,HONDA,CIVIC,38.99446536,-77.0363582,2024,7,9
240031653,Property Damage Crash,07/05/2024 09:30:00 AM,16TH ST (SB/L),NA,Angle,Clear,Dry,Daylight,Traffic Control Signal,NONE DETECTED,No,NA,NA,NA,NA,NA,Accelerating,30,No,0,NA,NA,38.99446536,-77.0363582,2024,7,9
240031646,Property Damage Crash,07/05/2024 08:44:00 AM,GEORGIA AVE (SB/L),Cyclist (non-electric),Single Vehicle,Clear,Dry,Daylight,Pedestrian Crossing Sign,NONE DETECTED,No,No Apparent Injury,NA,Not Distracted,MD,Passenger Car,Moving Constant Speed,30,No,2015,JEEP,GRAND CHEROKEE,39.12614608,-77.07261279,2024,7,8
240031665,Property Damage Crash,07/05/2024 05:50:00 AM,EISENHOWER MEMORIAL HWY (SB/L),NA,Single Vehicle,Clear,Dry,Medium,No Controls,NONE DETECTED,No,No Apparent Injury,NA,Not Distracted,MD,Passenger Car,Moving Constant Speed,55,No,2018,FORD,INTERCEPTOR,39.05182279,-77.15288653,2024,7,5
240031642,Property Damage Crash,07/05/2024 04:00:00 AM,NA,NA,Other,Clear,NA,Medium,NA,NONE DETECTED,Yes,No Apparent Injury,Improper Backing,Unknown,MD,Passenger Car,Backing,0,No,2022,TOYOTA,CAMRY,39.17751799,-77.2344084,2024,7,4
240031628,Property Damage Crash,07/05/2024 02:00:00 AM,NEW HAMPSHIRE AVE (SB/L),NA,Single Vehicle,Clear,Dry,Medium,No Controls,NONE DETECTED,No,No Apparent Injury,NA,Not Distracted,MD,Passenger Car,Moving Constant Speed,40,No,2014,DODGE,CHARGER,39.11713643,-76.9899981,2024,7,2
240031623,Property Damage Crash,07/05/2024 01:27:00 AM,FENTON ST,NA,Angle,Clear,Dry,Medium,Flashing Traffic Control Signal,NONE DETECTED,No,No Apparent Injury,NA,Not Distracted,MD,Sport Utility Vehicle,Moving Constant Speed,35,No,2013,NISSAN,JUKE,38.99764028,-77.02699558,2024,7,1
240031623,Property Damage Crash,07/05/2024 01:27:00 AM,FENTON ST,NA,Angle,Clear,Dry,Medium,Flashing Traffic Control Signal,NONE DETECTED,Yes,No Apparent Injury,NA,Unknown,MD,Sport Utility Vehicle,Accelerating,25,No,2011,MAZDA,CX-9,38.99764028,-77.02699558,2024,7,1
240031619,Injury Crash,07/05/2024 12:51:00 AM,MUNCASTER MILL RD (WB/L),NA,Angle,Clear,Dry,Medium,Traffic Control Signal,NONE DETECTED,No,Possible Minor Injury,NA,Not Distracted,VA,Passenger Car,Moving Constant Speed,45,No,2024,AUDI,A5,39.10905424,-77.08003129,2024,7,0
240031619,Injury Crash,07/05/2024 12:51:00 AM,MUNCASTER MILL RD (WB/L),NA,Angle,Clear,Dry,Medium,Traffic Control Signal,NONE DETECTED,No,No Apparent Injury,Failed to Yield Right-of-Way,Not Distracted,MD,Passenger Car,Turning Left,45,No,2018,HYUNDAI,SONATA,39.10905424,-77.08003129,2024,7,0
240031617,Property Damage Crash,07/05/2024 12:48:00 AM,WISTERIA DR,NA,Angle,Clear,Dry,Medium,Flashing Traffic Control Signal,NONE DETECTED,No,No Apparent Injury,NA,Not Distracted,MD,Passenger Car,Moving Constant Speed,40,No,2024,TOYOTA,COROLLA,39.1769467,-77.27006771,2024,7,0
240031617,Property Damage Crash,07/05/2024 12:48:00 AM,WISTERIA DR,NA,Angle,Clear,Dry,Medium,Flashing Traffic Control Signal,NONE DETECTED,No,No Apparent Injury,NA,Not Distracted,MD,Passenger Car,Moving Constant Speed,40,No,2023,TOYOTA,GR86,39.1769467,-77.27006771,2024,7,0
240031616,Injury Crash,07/05/2024 12:17:00 AM,CHERRY HILL RD,NA,Front to Rear,Clear,Dry,Medium,Traffic Control Signal,NONE DETECTED,No,No Apparent Injury,NA,NA,NA,NA,Moving Constant Speed,25,No,0,NA,NA,39.0559677,-76.95415343,2024,7,0
240031616,Injury Crash,07/05/2024 12:17:00 AM,CHERRY HILL RD,NA,Front to Rear,Clear,Dry,Medium,Traffic Control Signal,NONE DETECTED,No,Possible Minor Injury,NA,Not Distracted,MD,Passenger Car,Stopped in Traffic,25,No,2020,NISSAN,ALTIMA,39.0559677,-76.95415343,2024,7,0
24001337,Property Damage Crash,07/04/2024 11:29:00 PM,NA,NA,Front to Rear,Clear,Dry,Medium,Lane Use Control Signal,NONE DETECTED,No,No Apparent Injury,Followed Too Closely,Not Distracted,MD,Passenger Car,Slowing or Stopping,25,No,2017,FORD,EXPLORER,39.15148174,-77.30327151,2024,7,23
24001337,Property Damage Crash,07/04/2024 11:29:00 PM,NA,NA,Front to Rear,Clear,Dry,Medium,Lane Use Control Signal,NONE DETECTED,No,No Apparent Injury,NA,Not Distracted,MD,Passenger Car,Slowing or Stopping,25,No,2019,TESLA,MODEL 3,39.15148174,-77.30327151,2024,7,23
240031610,Property Damage Crash,07/04/2024 11:02:00 PM,GREAT SENECA HWY,NA,Front to Rear,Clear,Dry,Medium,Traffic Control Signal,NONE DETECTED,No,No Apparent Injury,NA,Unknown,MD,Passenger Car,Slowing or Stopping,35,No,2013,CHEVROLET,MALIBU,39.17446731,-77.26113635,2024,7,23
240031610,Property Damage Crash,07/04/2024 11:02:00 PM,GREAT SENECA HWY,NA,Front to Rear,Clear,Dry,Medium,Traffic Control Signal,NONE DETECTED,No,No Apparent Injury,NA,Not Distracted,MD,Sport Utility Vehicle,Slowing or Stopping,35,No,2013,TOYOTA,RAV4,39.17446731,-77.26113635,2024,7,23
240031603,Property Damage Crash,07/04/2024 09:47:00 PM,FOX MEADOW LA,NA,Single Vehicle,Clear,Wet,Dark,No Controls,NONE DETECTED,Yes,No Apparent Injury,NA,"Other Action (looking away from task, etc.)",MD,Passenger Car,Moving Constant Speed,25,No,2015,HONDA,ACCORD,39.00152167,-77.19528167,2024,7,21
240031592,Injury Crash,07/04/2024 07:12:00 PM,MONTGOMERY VILLAGE AVE (SB/L),NA,Front to Rear,Clear,Dry,Daylight,No Controls,NONE DETECTED,No,Possible Minor Injury,NA,Unknown,MD,Passenger Car,Slowing or Stopping,35,No,2015,TOYOTA,CAMRY,39.15339252,-77.21113577,2024,7,19
240031592,Injury Crash,07/04/2024 07:12:00 PM,MONTGOMERY VILLAGE AVE (SB/L),NA,Front to Rear,Clear,Dry,Daylight,No Controls,NONE DETECTED,No,No Apparent Injury,NA,Not Distracted,MD,Passenger Car,Slowing or Stopping,35,No,2016,LEXUS,IS,39.15339252,-77.21113577,2024,7,19
240031573,Property Damage Crash,07/04/2024 03:53:00 PM,NA,NA,"Sideswipe, Opposite Direction",Cloudy,NA,Daylight,NA,NONE DETECTED,No,No Apparent Injury,NA,Not Distracted,MD,Passenger Car,Backing,0,No,2020,TESLA,UNKNOWN,39.22978833,-77.24991667,2024,7,15
240031573,Property Damage Crash,07/04/2024 03:53:00 PM,NA,NA,"Sideswipe, Opposite Direction",Cloudy,NA,Daylight,NA,NONE DETECTED,No,No Apparent Injury,Other Improper Action,Unknown,MD,Passenger Car,Parked,0,No,2018,TESLA,UNKNOWN,39.22978833,-77.24991667,2024,7,15
240031556,Property Damage Crash,07/04/2024 01:40:00 PM,UNIVERSITY BLVD W (WB/L),NA,Front to Rear,Clear,Dry,Daylight,No Controls,NONE DETECTED,No,No Apparent Injury,NA,Not Distracted,MD,Passenger Car,Turning Right,35,No,2016,RAM,2500,39.04147353,-77.04853099,2024,7,13
240031556,Property Damage Crash,07/04/2024 01:40:00 PM,UNIVERSITY BLVD W (WB/L),NA,Front to Rear,Clear,Dry,Daylight,No Controls,NONE DETECTED,No,No Apparent Injury,NA,Not Distracted,MD,Passenger Car,Moving Constant Speed,35,No,2022,CHEVROLET,EQUINOX,39.04147353,-77.04853099,2024,7,13
240031556,Property Damage Crash,07/04/2024 01:40:00 PM,UNIVERSITY BLVD W (WB/L),NA,Front to Rear,Clear,Dry,Daylight,No Controls,NONE DETECTED,Yes,No Apparent Injury,"Followed Too Closely, Other Improper Action",Not Distracted,MD,Passenger Car,Moving Constant Speed,35,No,2020,CHEVROLET,EQUINOX,39.04147353,-77.04853099,2024,7,13
240031555,Injury Crash,07/04/2024 01:31:00 PM,FREDERICK RD,NA,Single Vehicle,Clear,Dry,Daylight,No Controls,NONE DETECTED,No,Possible Minor Injury,Ran Off Roadway,Unknown,MD,Passenger Car,Moving Constant Speed,35,No,2012,CHRYSLER,200,39.21440733,-77.24954363,2024,7,13
240031557,Property Damage Crash,07/04/2024 01:10:00 PM,NA,NA,Rear To Side,Clear,NA,Daylight,NA,NONE DETECTED,No,NA,NA,NA,NA,Passenger Car,Parked,0,No,2013,BMW,528I,39.15316371,-77.06413985,2024,7,13
240031557,Property Damage Crash,07/04/2024 01:10:00 PM,NA,NA,Rear To Side,Clear,NA,Daylight,NA,NONE DETECTED,Yes,No Apparent Injury,NA,Not Distracted,MD,Sport Utility Vehicle,NA,0,No,2022,CHEVROLET,TRAVERSE,39.15316371,-77.06413985,2024,7,13
240031542,Injury Crash,07/04/2024 12:12:00 PM,COLESVILLE RD,NA,Front to Rear,Clear,Dry,Daylight,Traffic Control Signal,NONE DETECTED,No,Possible Minor Injury,NA,Not Distracted,DC,Passenger Car,Stopped in Traffic,35,No,2014,ACURA,MDX,39.01318673,-77.01660321,2024,7,12
240031542,Injury Crash,07/04/2024 12:12:00 PM,COLESVILLE RD,NA,Front to Rear,Clear,Dry,Daylight,Traffic Control Signal,ALCOHOL PRESENT,Yes,No Apparent Injury,NA,Unknown,MD,Passenger Car,Moving Constant Speed,35,No,2018,TOYOTA,RAV4,39.01318673,-77.01660321,2024,7,12
240031538,Property Damage Crash,07/04/2024 11:56:00 AM,NA,NA,Front to Rear,Clear,Dry,Daylight,No Controls,NONE DETECTED,No,No Apparent Injury,NA,Not Distracted,MD,Sport Utility Vehicle,Slowing or Stopping,35,No,2016,KIA,SORENTO,38.99805044,-77.02677878,2024,7,11
240031538,Property Damage Crash,07/04/2024 11:56:00 AM,NA,NA,Front to Rear,Clear,Dry,Daylight,No Controls,NONE DETECTED,Yes,No Apparent Injury,Followed Too Closely,Unknown,MD,Passenger Car,Slowing or Stopping,35,No,2017,FORD,INTERCEPTOR,38.99805044,-77.02677878,2024,7,11
240031541,Property Damage Crash,07/04/2024 11:52:00 AM,NA,NA,Rear To Side,Clear,Dry,Daylight,Traffic Control Signal,NONE DETECTED,No,No Apparent Injury,NA,Not Distracted,MD,Bus - Transit,Turning Left,35,No,2009,GILLIG,LOW FLOOR BUS,38.999979,-76.99069375,2024,7,11
240031541,Property Damage Crash,07/04/2024 11:52:00 AM,NA,NA,Rear To Side,Clear,Dry,Daylight,Traffic Control Signal,ALCOHOL PRESENT,Yes,No Apparent Injury,"Improper Turn, Operated Motor Vehicle in Inattentive, Careless, Negligent, or Erratic Manner, Operated Motor Vehicle in Reckless or Aggressive Manner",Not Distracted,MD,Pickup,Turning Right,40,No,2016,FORD,F-150,38.999979,-76.99069375,2024,7,11
240031527,Property Damage Crash,07/04/2024 10:20:00 AM,NEW HAMPSHIRE AVE (SB/L),NA,"Sideswipe, Same Direction",Clear,Dry,Daylight,Traffic Control Signal,NONE DETECTED,No,No Apparent Injury,NA,Not Distracted,MD,Passenger Car,Slowing or Stopping,35,No,2013,TOYOTA,SIENNA,39.01720543,-76.97714979,2024,7,10
240031527,Property Damage Crash,07/04/2024 10:20:00 AM,NEW HAMPSHIRE AVE (SB/L),NA,"Sideswipe, Same Direction",Clear,Dry,Daylight,Traffic Control Signal,NONE DETECTED,Yes,No Apparent Injury,"Disregard Officer Directions, Disregarded Other Traffic Sign, Failed to Keep in Proper Lane, Followed Too Closely, Improper Passing, Operated Motor Vehicle in Inattentive, Careless, Negligent, or Erratic Manner, Operated Motor Vehicle in Reckless or Aggressive Manner, Other Improper Action, Too Fast For Conditions","Other Action (looking away from task, etc.)",MD,Passenger Car,Overtaking/Passing,35,No,2006,CHRYSLER,200,39.01720543,-76.97714979,2024,7,10
240031527,Property Damage Crash,07/04/2024 10:20:00 AM,NEW HAMPSHIRE AVE (SB/L),NA,"Sideswipe, Same Direction",Clear,Dry,Daylight,Traffic Control Signal,NONE DETECTED,No,No Apparent Injury,NA,Not Distracted,NA,Passenger Car,Slowing or Stopping,35,No,0,NA,NA,39.01720543,-76.97714979,2024,7,10
240031522,Property Damage Crash,07/04/2024 09:04:00 AM,WILLARD AVE,NA,Other,Clear,Dry,Daylight,No Controls,NONE DETECTED,Yes,No Apparent Injury,"Failed to Keep in Proper Lane, Operated Motor Vehicle in Inattentive, Careless, Negligent, or Erratic Manner, Ran Off Roadway, Too Fast For Conditions",Unknown,CA,Passenger Car,Moving Constant Speed,25,No,2018,LEXUS,GS,38.9619955,-77.09580933,2024,7,9
240031509,Injury Crash,07/04/2024 06:43:00 AM,QUINCE ORCHARD BLVD,NA,Front to Rear,Clear,Dry,Daylight,No Controls,NONE DETECTED,No,Possible Minor Injury,NA,Not Distracted,NA,Passenger Car,Negotiating a Curve,25,No,2013,TOYOTA,CAMRY,39.14176683,-77.22687733,2024,7,6
240031508,Property Damage Crash,07/04/2024 05:31:00 AM,CAPITAL BELTWAY (WB/L),NA,Angle,Clear,Dry,Medium,No Controls,NONE DETECTED,No,No Apparent Injury,NA,Not Distracted,VA,Van - Passenger (&lt;9 Seats),Moving Constant Speed,55,No,2007,HONDA,ODYSSEY,39.01902351,-77.10325381,2024,7,5
240031508,Property Damage Crash,07/04/2024 05:31:00 AM,CAPITAL BELTWAY (WB/L),NA,Angle,Clear,Dry,Medium,No Controls,ALCOHOL PRESENT,Yes,No Apparent Injury,Improper Turn,Unknown,MD,Passenger Car,Changing Lanes,55,No,2017,HONDA,ACCORD,39.01902351,-77.10325381,2024,7,5
240031508,Property Damage Crash,07/04/2024 05:31:00 AM,CAPITAL BELTWAY (WB/L),NA,Angle,Clear,Dry,Medium,No Controls,NONE DETECTED,No,No Apparent Injury,NA,Not Distracted,NY,Sport Utility Vehicle,Moving Constant Speed,55,No,2022,TOYOTA,RAV4,39.01902351,-77.10325381,2024,7,5
240031496,Property Damage Crash,07/03/2024 11:10:00 PM,HIGHLAND HALL DR,NA,Single Vehicle,Clear,Dry,Medium,No Controls,ALCOHOL PRESENT,Yes,No Apparent Injury,"Improper Backing, Operated Motor Vehicle in Inattentive, Careless, Negligent, or Erratic Manner, Ran Off Roadway",Not Distracted,MD,Passenger Car,Backing,20,No,2012,TOYOTA,COROLLA,39.19290122,-77.18729794,2024,7,23
240031492,Property Damage Crash,07/03/2024 10:35:00 PM,SHADY GROVE RD,NA,Rear To Side,Clear,Dry,Medium,Traffic Control Signal,NONE DETECTED,No,No Apparent Injury,NA,Not Distracted,MD,Passenger Car,Turning Left,30,No,2019,MERCEDES-BENZ,E-CLASS,39.11187681,-77.1870036,2024,7,22
240031492,Property Damage Crash,07/03/2024 10:35:00 PM,SHADY GROVE RD,NA,Rear To Side,Clear,Dry,Medium,Traffic Control Signal,NONE DETECTED,Yes,No Apparent Injury,NA,Not Distracted,MD,Passenger Car,Accelerating,40,No,2021,JEEP,COMPASS,39.11187681,-77.1870036,2024,7,22
240031490,Injury Crash,07/03/2024 09:38:00 PM,NA,NA,Rear To Side,Clear,Dry,Medium,Traffic Control Signal,NONE DETECTED,Yes,Possible Minor Injury,"Failed to Yield Right-of-Way, Improper Turn",Not Distracted,MD,Station Wagon,Making U-Turn,35,No,2011,TOYOTA,SIENNA,39.09942374,-77.09975809,2024,7,21
240031490,Injury Crash,07/03/2024 09:38:00 PM,NA,NA,Rear To Side,Clear,Dry,Medium,Traffic Control Signal,NONE DETECTED,No,No Apparent Injury,NA,Not Distracted,GA,Passenger Car,Moving Constant Speed,35,No,2017,HONDA,ACCORD,39.09942374,-77.09975809,2024,7,21
240031478,Property Damage Crash,07/03/2024 08:43:00 PM,NEW HAMPSHIRE AVE,NA,"Sideswipe, Same Direction",Clear,Dry,Medium,Other,NONE DETECTED,No,No Apparent Injury,Other Improper Action,Not Distracted,DC,Bus - Transit,Stopped in Traffic,35,No,2016,FREIGHTLINER,M2,38.98865119,-76.98770662,2024,7,20
240031478,Property Damage Crash,07/03/2024 08:43:00 PM,NEW HAMPSHIRE AVE,NA,"Sideswipe, Same Direction",Clear,Dry,Medium,Traffic Control Signal,NONE DETECTED,No,No Apparent Injury,Other Improper Action,Not Distracted,MD,Other,Negotiating a Curve,35,No,2009,GILLIG,CITY TRANSIT BUS,38.98865119,-76.98770662,2024,7,20
240031450,Property Damage Crash,07/03/2024 05:39:00 PM,NEW HAMPSHIRE AVE,NA,Angle,Clear,Dry,Daylight,No Controls,NONE DETECTED,Yes,No Apparent Injury,Failed to Yield Right-of-Way,Not Distracted,MD,Sport Utility Vehicle,Entering Traffic Lane,40,No,2014,ACURA,RDX,39.1086091,-76.99794276,2024,7,17
240031450,Property Damage Crash,07/03/2024 05:39:00 PM,NEW HAMPSHIRE AVE,NA,Angle,Clear,Dry,Daylight,No Controls,NONE DETECTED,No,No Apparent Injury,NA,Not Distracted,MD,Passenger Car,Moving Constant Speed,40,No,2016,CHRYSLER,300,39.1086091,-76.99794276,2024,7,17
240031442,Property Damage Crash,07/03/2024 04:58:00 PM,NA,NA,Front to Rear,Clear,Dry,Daylight,Traffic Control Signal,NONE DETECTED,No,No Apparent Injury,NA,Not Distracted,MD,Passenger Car,Stopped in Traffic,30,No,2017,MERCEDES-BENZ,METRIS,38.99319939,-77.06344747,2024,7,16
240031442,Property Damage Crash,07/03/2024 04:58:00 PM,NA,NA,Front to Rear,Clear,Dry,Daylight,Traffic Control Signal,NONE DETECTED,No,No Apparent Injury,"Followed Too Closely, Other Improper Action",Not Distracted,MD,Passenger Car,Accelerating,30,No,2019,ACURA,MDX,38.99319939,-77.06344747,2024,7,16
240031408,Injury Crash,07/03/2024 02:10:00 PM,RANDOLPH RD,NA,Front to Rear,Clear,Dry,Daylight,No Controls,NONE DETECTED,No,No Apparent Injury,NA,Not Distracted,MD,Passenger Car,Moving Constant Speed,40,No,2024,HONDA,ACCORD,39.07144613,-77.01142019,2024,7,14
240031408,Injury Crash,07/03/2024 02:10:00 PM,RANDOLPH RD,NA,Front to Rear,Clear,Dry,Daylight,No Controls,NONE DETECTED,Yes,No Apparent Injury,Improper Passing,Not Distracted,MD,Passenger Car,Moving Constant Speed,40,No,2023,TESLA,MODEL 3,39.07144613,-77.01142019,2024,7,14
240031461,Property Damage Crash,07/03/2024 01:00:00 PM,NA,NA,"Sideswipe, Opposite Direction",Clear,NA,Daylight,NA,NONE DETECTED,No,No Apparent Injury,NA,NA,NA,Unknown,NA,0,No,0,NA,NA,39.05574678,-77.1174562,2024,7,13
240031391,Injury Crash,07/03/2024 12:32:00 PM,CORDELL AVE,NA,Angle,Clear,Dry,Daylight,Traffic Control Signal,NONE DETECTED,No,No Apparent Injury,Other Improper Action,Not Distracted,MD,Other,Changing Lanes,25,No,2010,FORD,F-250,38.99087033,-77.09543183,2024,7,12
240031391,Injury Crash,07/03/2024 12:32:00 PM,CORDELL AVE,NA,Angle,Clear,Dry,Daylight,Traffic Control Signal,NONE DETECTED,No,No Apparent Injury,NA,Not Distracted,MD,Passenger Car,Moving Constant Speed,25,No,2015,BMW,328I,38.99087033,-77.09543183,2024,7,12
240031388,Property Damage Crash,07/03/2024 12:16:00 PM,STATION23 DR,NA,Single Vehicle,Clear,Dry,Daylight,No Controls,NONE DETECTED,No,No Apparent Injury,NA,Not Distracted,PA,Other Trucks,Backing,10,No,2002,PIERCE MANUFACTURING,UNKNOWN,39.05901579,-77.12308238,2024,7,12
240031383,Injury Crash,07/03/2024 11:38:00 AM,NA,NA,Front to Rear,Clear,Dry,Daylight,Traffic Control Signal,NONE DETECTED,No,No Apparent Injury,NA,Unknown,MD,Pickup,Slowing or Stopping,40,No,2005,FORD,F-350,39.11448773,-77.1856304,2024,7,11
240031383,Injury Crash,07/03/2024 11:38:00 AM,NA,NA,Front to Rear,Clear,Dry,Daylight,Traffic Control Signal,NONE DETECTED,No,Possible Minor Injury,NA,Not Distracted,FL,Passenger Car,Slowing or Stopping,40,No,2017,FORD,FUSION,39.11448773,-77.1856304,2024,7,11
240031382,Property Damage Crash,07/03/2024 11:29:00 AM,OLD BALTIMORE RD,NA,Front to Rear,Clear,Dry,Daylight,Traffic Control Signal,NONE DETECTED,Yes,No Apparent Injury,NA,Unknown,MD,Passenger Car,Slowing or Stopping,40,No,2020,MAZDA,CX-5,39.14648435,-77.05067867,2024,7,11
240031382,Property Damage Crash,07/03/2024 11:29:00 AM,OLD BALTIMORE RD,NA,Front to Rear,Clear,Dry,Daylight,Traffic Control Signal,NONE DETECTED,No,No Apparent Injury,NA,Not Distracted,MD,Sport Utility Vehicle,Slowing or Stopping,40,No,2008,NISSAN,XTERRA,39.14648435,-77.05067867,2024,7,11
240031382,Property Damage Crash,07/03/2024 11:29:00 AM,OLD BALTIMORE RD,NA,Front to Rear,Clear,Dry,Daylight,Traffic Control Signal,NONE DETECTED,No,No Apparent Injury,NA,Not Distracted,MD,Passenger Car,Slowing or Stopping,40,No,2022,TOYOTA,COROLLA,39.14648435,-77.05067867,2024,7,11
240031353,Property Damage Crash,07/03/2024 08:35:00 AM,RIDGE RD,NA,Angle,Clear,Dry,Daylight,No Controls,NONE DETECTED,Yes,No Apparent Injury,Failed to Yield Right-of-Way,Not Distracted,MD,Passenger Car,Turning Right,30,No,2007,ACURA,TSX,39.28994233,-77.20493742,2024,7,8
240031353,Property Damage Crash,07/03/2024 08:35:00 AM,RIDGE RD,NA,Angle,Clear,Dry,Daylight,No Controls,NONE DETECTED,No,No Apparent Injury,NA,Not Distracted,SC,Sport Utility Vehicle,Moving Constant Speed,30,No,2018,NISSAN,ROGUE,39.28994233,-77.20493742,2024,7,8
240031350,Injury Crash,07/03/2024 08:30:00 AM,EAST WEST HWY,NA,Other,Clear,Dry,Daylight,No Controls,NONE DETECTED,No,Possible Minor Injury,NA,Not Distracted,MD,Motorcycle - 2 Wheeled,Slowing or Stopping,35,No,2023,YAMAHA,YZF-R1,38.98838698,-77.07509624,2024,7,8
240031350,Injury Crash,07/03/2024 08:30:00 AM,EAST WEST HWY,NA,Other,Clear,Dry,Daylight,Stop Sign,NONE DETECTED,No,No Apparent Injury,Failed to Yield Right-of-Way,Not Distracted,MD,Passenger Car,Turning Left,25,No,2023,TESLA,MODEL 3,38.98838698,-77.07509624,2024,7,8
240031367,Property Damage Crash,07/03/2024 07:56:00 AM,PERRY AVE,NA,Angle,Clear,Dry,Daylight,Traffic Control Signal,NONE DETECTED,Yes,No Apparent Injury,NA,Not Distracted,MD,Passenger Car,Moving Constant Speed,35,No,2021,HONDA,ACCORD,39.03286675,-77.07499463,2024,7,7
240031367,Property Damage Crash,07/03/2024 07:56:00 AM,PERRY AVE,NA,Angle,Clear,Dry,Daylight,Flashing Traffic Control Signal,NONE DETECTED,No,No Apparent Injury,NA,Not Distracted,MD,Passenger Car,Accelerating,15,No,2010,TOYOTA,COROLLA,39.03286675,-77.07499463,2024,7,7
240031347,Property Damage Crash,07/03/2024 07:30:00 AM,FLOWER HILL WAY,NA,"Sideswipe, Same Direction",Clear,Dry,Daylight,No Controls,NONE DETECTED,Yes,No Apparent Injury,Improper Passing,Not Distracted,MD,Pickup,Overtaking/Passing,25,No,2018,FORD,F-350,39.15512667,-77.16414833,2024,7,7
240031347,Property Damage Crash,07/03/2024 07:30:00 AM,FLOWER HILL WAY,NA,"Sideswipe, Same Direction",Clear,Dry,Daylight,No Controls,NONE DETECTED,No,No Apparent Injury,NA,Not Distracted,MD,Bus - Transit,Stopped in Traffic,25,No,2017,GILLIG,CITY TRANSIT BUS,39.15512667,-77.16414833,2024,7,7