Local Case Number,ACRS Report Type,Crash Date/Time,Road Name,Related Non-Motorist,Collision Type,Weather,Surface Condition,Light,Traffic Control,Driver Substance Abuse,Driver At Fault,Injury Severity,Circumstance,Driver Distracted By,Drivers License State,Vehicle Body Type,Vehicle Movement,Speed Limit,Driverless Vehicle,Vehicle Year,Vehicle Make,Vehicle Model,Latitude,Longitude,Year,Month,Hour
240031418,Injury Crash,07/03/2024 04:50:00 AM,NEW HAMPSHIRE AVE SER RD,Pedestrian,Single Vehicle,Clear,NA,Medium,No Controls,NONE DETECTED,No,NA,NA,NA,NA,NA,NA,15,No,0,NA,NA,39.01542333,-76.97791332,2024,7,4
240031315,Property Damage Crash,07/02/2024 09:21:00 PM,RIDGE RD,NA,"Sideswipe, Same Direction",Clear,Dry,Medium,No Controls,NONE DETECTED,No,NA,NA,NA,NA,Passenger Car,Moving Constant Speed,40,No,2024,LEXUS,RX,39.21805858,-77.23863157,2024,7,21
240031315,Property Damage Crash,07/02/2024 09:21:00 PM,RIDGE RD,NA,"Sideswipe, Same Direction",Clear,Dry,Medium,No Controls,NONE DETECTED,No,No Apparent Injury,NA,Not Distracted,MD,Passenger Car,Moving Constant Speed,40,No,2016,NISSAN,VERSA,39.21805858,-77.23863157,2024,7,21
240031310,Injury Crash,07/02/2024 08:30:00 PM,PERRY AVE,NA,Rear To Side,Clear,Dry,Daylight,No Controls,NONE DETECTED,No,Possible Minor Injury,NA,Unknown,MD,Passenger Car,Moving Constant Speed,30,No,2023,TOYOTA,CAMRY,39.03292488,-77.07334953,2024,7,20
240031310,Injury Crash,07/02/2024 08:30:00 PM,PERRY AVE,NA,Rear To Side,Clear,Dry,Daylight,No Controls,NONE DETECTED,No,No Apparent Injury,NA,Unknown,MD,Station Wagon,Entering Traffic Lane,30,No,2021,CHRYSLER,PACIFICA,39.03292488,-77.07334953,2024,7,20
240031309,Property Damage Crash,07/02/2024 08:10:00 PM,UNIVERSITY BLVD,NA,Angle,Clear,Dry,Daylight,No Controls,NONE DETECTED,No,NA,NA,NA,NA,Passenger Car,Backing,15,No,2009,HYUNDAI,KONA,38.99037249,-76.98940802,2024,7,20
240031305,Property Damage Crash,07/02/2024 07:56:00 PM,IS 270 LOCAL LANES (NB),NA,Front to Rear,Clear,Dry,Daylight,No Controls,NONE DETECTED,No,No Apparent Injury,NA,Not Distracted,AZ,Passenger Car,Changing Lanes,55,No,2025,BMW,740I,39.10166256,-77.17909323,2024,7,19
240031305,Property Damage Crash,07/02/2024 07:56:00 PM,IS 270 LOCAL LANES (NB),NA,Front to Rear,Clear,Dry,Daylight,No Controls,NONE DETECTED,No,No Apparent Injury,NA,Not Distracted,MD,Passenger Car,Changing Lanes,55,No,2021,VOLKSWAGEN,TIGUAN,39.10166256,-77.17909323,2024,7,19
240031304,Injury Crash,07/02/2024 07:34:00 PM,CAPITAL BELTWAY,NA,"Sideswipe, Same Direction",Clear,Dry,Daylight,No Controls,NONE DETECTED,No,Possible Minor Injury,NA,Unknown,NA,Sport Utility Vehicle,Accelerating,55,No,2013,CHEVROLET,EQUINOX,38.97255688,-77.17880332,2024,7,19
240031304,Injury Crash,07/02/2024 07:34:00 PM,CAPITAL BELTWAY,NA,"Sideswipe, Same Direction",Clear,Dry,Daylight,No Controls,NONE DETECTED,No,No Apparent Injury,NA,Not Distracted,VA,Sport Utility Vehicle,Moving Constant Speed,55,No,2022,HYUNDAI,SANTA FE,38.97255688,-77.17880332,2024,7,19
240031297,Injury Crash,07/02/2024 07:29:00 PM,NA,NA,Rear To Side,Clear,Dry,Daylight,Traffic Control Signal,NONE DETECTED,Yes,No Apparent Injury,Failed to Yield Right-of-Way,Not Distracted,MD,Passenger Car,Turning Left,35,No,2021,HONDA,CIVIC,39.09181117,-77.0704365,2024,7,19
240031297,Injury Crash,07/02/2024 07:29:00 PM,NA,NA,Rear To Side,Clear,Dry,Daylight,Traffic Control Signal,NONE DETECTED,No,Possible Minor Injury,NA,Not Distracted,MD,Passenger Car,Moving Constant Speed,35,No,2011,HONDA,FIT,39.09181117,-77.0704365,2024,7,19
240031293,Property Damage Crash,07/02/2024 06:51:00 PM,GEORGIA AVE,NA,Front to Rear,Clear,Dry,Daylight,No Controls,NONE DETECTED,Yes,NA,NA,NA,NA,Pickup,Moving Constant Speed,35,No,0,NA,NA,39.03190573,-77.04822627,2024,7,18
240031293,Property Damage Crash,07/02/2024 06:51:00 PM,GEORGIA AVE,NA,Front to Rear,Clear,Dry,Daylight,No Controls,NONE DETECTED,No,No Apparent Injury,NA,Not Distracted,MD,Passenger Car,Moving Constant Speed,35,No,2024,TESLA,MODEL Y,39.03190573,-77.04822627,2024,7,18
240031282,Property Damage Crash,07/02/2024 06:10:00 PM,BAUER DR,NA,Front to Rear,Clear,Dry,Daylight,No Controls,NONE DETECTED,Yes,No Apparent Injury,NA,NA,NA,Unknown,Changing Lanes,35,No,0,NA,NA,39.09047509,-77.09882888,2024,7,18
240031282,Property Damage Crash,07/02/2024 06:10:00 PM,BAUER DR,NA,Front to Rear,Clear,Dry,Daylight,No Controls,NONE DETECTED,No,No Apparent Injury,NA,Not Distracted,MD,Bus - Transit,Stopped in Traffic,35,No,2017,GILLIG,CITY TRANSIT BUS,39.09047509,-77.09882888,2024,7,18
240031278,Injury Crash,07/02/2024 05:41:00 PM,S FREDERICK RD,NA,Front to Rear,Clear,Dry,Daylight,Traffic Control Signal,NONE DETECTED,No,Possible Minor Injury,NA,Not Distracted,MD,Sport Utility Vehicle,Stopped in Traffic,35,No,2020,NISSAN,PATHFINDER,39.13359238,-77.1900605,2024,7,17
240031278,Injury Crash,07/02/2024 05:41:00 PM,S FREDERICK RD,NA,Front to Rear,Clear,Dry,Daylight,Traffic Control Signal,NONE DETECTED,No,No Apparent Injury,NA,Not Distracted,MD,Other,Stopped in Traffic,35,No,2019,RAM,PROMASTER 1500,39.13359238,-77.1900605,2024,7,17
240031278,Injury Crash,07/02/2024 05:41:00 PM,S FREDERICK RD,NA,Front to Rear,Clear,Dry,Daylight,Traffic Control Signal,NONE DETECTED,Yes,Possible Minor Injury,Followed Too Closely,Unknown,MD,Sport Utility Vehicle,Slowing or Stopping,35,No,2008,JEEP,CHEROKEE,39.13359238,-77.1900605,2024,7,17
240031276,Property Damage Crash,07/02/2024 04:37:00 PM,VEIRS MILL RD,NA,"Sideswipe, Same Direction",Clear,Dry,Daylight,No Controls,NONE DETECTED,No,No Apparent Injury,NA,Not Distracted,MD,Passenger Car,Moving Constant Speed,30,No,2012,HONDA,CR-V,39.03607999,-77.05017584,2024,7,16
240031276,Property Damage Crash,07/02/2024 04:37:00 PM,VEIRS MILL RD,NA,"Sideswipe, Same Direction",Clear,Dry,Daylight,No Controls,NONE DETECTED,No,NA,NA,NA,NA,Passenger Car,Changing Lanes,30,No,2023,TESLA,MODEL Y,39.03607999,-77.05017584,2024,7,16
240031266,Injury Crash,07/02/2024 04:35:00 PM,NA,Pedestrian,Single Vehicle,Clear,NA,Daylight,NA,NONE DETECTED,No,No Apparent Injury,NA,Unknown,MD,Passenger Car,Moving Constant Speed,0,No,2022,TESLA,MODEL 3,39.14455605,-77.21957523,2024,7,16
240031262,Property Damage Crash,07/02/2024 04:20:00 PM,OLNEY SANDY SPRING RD,NA,Angle,Clear,Dry,Daylight,Traffic Control Signal,NONE DETECTED,Yes,No Apparent Injury,NA,Unknown,MD,Passenger Car,Moving Constant Speed,30,No,2018,HONDA,ACCORD,39.15187867,-77.06441183,2024,7,16
240031262,Property Damage Crash,07/02/2024 04:20:00 PM,OLNEY SANDY SPRING RD,NA,Angle,Clear,Dry,Daylight,Traffic Control Signal,NONE DETECTED,No,No Apparent Injury,NA,Not Distracted,MD,Passenger Car,Stopped in Traffic,25,No,2011,FORD,EDGE,39.15187867,-77.06441183,2024,7,16
240031262,Property Damage Crash,07/02/2024 04:20:00 PM,OLNEY SANDY SPRING RD,NA,Angle,Clear,Dry,Daylight,Traffic Control Signal,NONE DETECTED,No,No Apparent Injury,NA,Not Distracted,MD,Passenger Car,Turning Left,30,No,2022,ACURA,MDX,39.15187867,-77.06441183,2024,7,16
240031291,Property Damage Crash,07/02/2024 04:05:00 PM,SENECA RD,NA,"Sideswipe, Same Direction",Clear,Dry,Daylight,Traffic Control Signal,NONE DETECTED,No,NA,NA,NA,NA,Van - Passenger (&lt;9 Seats),Slowing or Stopping,30,No,2016,HONDA,ODYSSEY,39.1030208,-77.29188409,2024,7,16
240031291,Property Damage Crash,07/02/2024 04:05:00 PM,SENECA RD,NA,"Sideswipe, Same Direction",Clear,Dry,Daylight,Traffic Control Signal,NONE DETECTED,No,No Apparent Injury,NA,Not Distracted,MD,Bus - Mini,Slowing or Stopping,30,No,2010,CHEVROLET,3500,39.1030208,-77.29188409,2024,7,16
240031257,Injury Crash,07/02/2024 04:01:00 PM,PIKE CENTER SC ENT,NA,Other,Clear,Dry,Daylight,Traffic Control Signal,NONE DETECTED,No,Possible Minor Injury,Failed to Yield Right-of-Way,Unknown,NY,Passenger Car,Turning Left,40,No,2012,TOYOTA,PRIUS,39.05742593,-77.12020618,2024,7,16
240031257,Injury Crash,07/02/2024 04:01:00 PM,PIKE CENTER SC ENT,NA,Other,Clear,Dry,Daylight,Traffic Control Signal,NONE DETECTED,No,Possible Minor Injury,Failed to Yield Right-of-Way,Unknown,MD,Passenger Car,Moving Constant Speed,40,No,2016,TOYOTA,CAMRY,39.05742593,-77.12020618,2024,7,16
240031253,Injury Crash,07/02/2024 03:54:00 PM,QUINCE ORCHARD RD (SB/L),NA,Other,Clear,Dry,Daylight,Flashing Traffic Control Signal,NONE DETECTED,No,Suspected Serious Injury,NA,Not Distracted,MD,Passenger Car,Moving Constant Speed,35,No,2008,HONDA,CIVIC,39.14804529,-77.21816162,2024,7,15
240031253,Injury Crash,07/02/2024 03:54:00 PM,QUINCE ORCHARD RD (SB/L),NA,Other,Clear,Dry,Daylight,Traffic Control Signal,NONE DETECTED,Yes,Possible Minor Injury,NA,Unknown,MD,Sport Utility Vehicle,Moving Constant Speed,35,No,2011,LEXUS,RX,39.14804529,-77.21816162,2024,7,15
240031253,Injury Crash,07/02/2024 03:54:00 PM,QUINCE ORCHARD RD (SB/L),NA,Other,Clear,Dry,Daylight,Traffic Control Signal,NONE DETECTED,No,Possible Minor Injury,NA,Not Distracted,MD,Sport Utility Vehicle,Moving Constant Speed,35,No,2018,LINCOLN,MKX,39.14804529,-77.21816162,2024,7,15
240031254,Injury Crash,07/02/2024 03:50:00 PM,GEORGIA AVE (SB/L),NA,Front to Rear,Clear,Dry,Daylight,"Other Pavement Marking (excluding edgelines, centerlines, or lane lines)",NONE DETECTED,Yes,Possible Minor Injury,NA,Not Distracted,MD,Pickup,Moving Constant Speed,30,No,2023,CHEVROLET,SILVERADO,38.98906333,-77.02681333,2024,7,15
240031254,Injury Crash,07/02/2024 03:50:00 PM,GEORGIA AVE (SB/L),NA,Front to Rear,Clear,Dry,Daylight,"Other Pavement Marking (excluding edgelines, centerlines, or lane lines)",NONE DETECTED,No,No Apparent Injury,NA,Not Distracted,MD,Sport Utility Vehicle,Moving Constant Speed,30,No,2023,JEEP,GRAND CHEROKEE,38.98906333,-77.02681333,2024,7,15
240031252,Injury Crash,07/02/2024 03:41:00 PM,BONIFANT RD,NA,Front to Rear,Clear,Dry,Daylight,No Controls,NONE DETECTED,Yes,No Apparent Injury,Followed Too Closely,Unknown,MD,Van - Passenger (&lt;9 Seats),Moving Constant Speed,35,No,2016,NISSAN,NV200,39.09309517,-77.0177085,2024,7,15
240031252,Injury Crash,07/02/2024 03:41:00 PM,BONIFANT RD,NA,Front to Rear,Clear,Dry,Daylight,No Controls,NONE DETECTED,No,No Apparent Injury,NA,Not Distracted,MD,Passenger Car,Slowing or Stopping,35,No,2021,HYUNDAI,TUCSON,39.09309517,-77.0177085,2024,7,15
240031250,Property Damage Crash,07/02/2024 03:30:00 PM,ROEDER RD,NA,Single Vehicle,Clear,Dry,Daylight,No Controls,NONE DETECTED,Yes,No Apparent Injury,Other Improper Action,Not Distracted,MD,Other,Making U-Turn,25,No,2017,FORD,INTERCEPTOR,38.99897148,-77.02530406,2024,7,15
240031248,Injury Crash,07/02/2024 03:29:00 PM,NA,Pedestrian,Single Vehicle,Clear,NA,Daylight,NA,NONE DETECTED,Yes,No Apparent Injury,Other Improper Action,Not Distracted,DC,Passenger Car,Making U-Turn,0,No,2024,HONDA,ACCORD,39.04848233,-77.102242,2024,7,15
240031239,Property Damage Crash,07/02/2024 03:20:00 PM,KING FARM BLVD,NA,Angle,Clear,Dry,Daylight,Yield Sign,NONE DETECTED,Yes,No Apparent Injury,NA,Not Distracted,MD,Sport Utility Vehicle,Entering Traffic Lane,5,No,2023,JEEP,GRAND CHEROKEE,39.11375745,-77.17296108,2024,7,15
240031239,Property Damage Crash,07/02/2024 03:20:00 PM,KING FARM BLVD,NA,Angle,Clear,Dry,Daylight,No Controls,NONE DETECTED,No,No Apparent Injury,NA,Not Distracted,MD,Sport Utility Vehicle,Moving Constant Speed,20,No,2023,HYUNDAI,SANTA FE,39.11375745,-77.17296108,2024,7,15
240031234,Property Damage Crash,07/02/2024 02:15:00 PM,CHEVY CHASE LAKE DR,NA,Front to Rear,Clear,Dry,Daylight,Traffic Control Signal,NONE DETECTED,No,No Apparent Injury,Followed Too Closely,Not Distracted,MD,Passenger Car,Slowing or Stopping,35,No,2013,TOYOTA,AVALON,38.99388239,-77.07706445,2024,7,14
240031234,Property Damage Crash,07/02/2024 02:15:00 PM,CHEVY CHASE LAKE DR,NA,Front to Rear,Clear,Dry,Daylight,No Controls,NONE DETECTED,No,No Apparent Injury,NA,Unknown,NA,Unknown,NA,35,No,0,NA,NA,38.99388239,-77.07706445,2024,7,14
240031234,Property Damage Crash,07/02/2024 02:15:00 PM,CHEVY CHASE LAKE DR,NA,Front to Rear,Clear,Dry,Daylight,Traffic Control Signal,NONE DETECTED,No,No Apparent Injury,NA,Not Distracted,MD,Passenger Car,Stopped in Traffic,35,No,2017,CHEVROLET,CITY EXPRESS,38.99388239,-77.07706445,2024,7,14
240031229,Property Damage Crash,07/02/2024 02:11:00 PM,CONNECTICUT AVE,NA,Front to Rear,Clear,Dry,Daylight,Traffic Control Signal,NONE DETECTED,No,No Apparent Injury,NA,Not Distracted,MD,Passenger Car,Stopped in Traffic,35,No,2018,TOYOTA,RAV4,38.99607841,-77.07704694,2024,7,14
240031229,Property Damage Crash,07/02/2024 02:11:00 PM,CONNECTICUT AVE,NA,Front to Rear,Clear,Dry,Daylight,Traffic Control Signal,NONE DETECTED,No,No Apparent Injury,NA,NA,NA,Passenger Car,NA,35,No,0,NA,NA,38.99607841,-77.07704694,2024,7,14
240031233,Property Damage Crash,07/02/2024 01:32:00 PM,NA,NA,"Sideswipe, Same Direction",Clear,NA,Daylight,NA,NONE DETECTED,Yes,No Apparent Injury,Over-Correcting/Over-Steering,Unknown,MD,Passenger Car,NA,0,No,2022,BMW,430I,39.11462728,-77.17108842,2024,7,13
240031362,Property Damage Crash,07/02/2024 01:30:00 PM,UNIVERSITY BLVD E,NA,Front to Rear,Clear,Dry,Daylight,No Controls,NONE DETECTED,No,NA,Followed Too Closely,NA,NA,Passenger Car,Moving Constant Speed,35,No,2004,HONDA,UNKNOWN,38.99650781,-76.99346522,2024,7,13
240031362,Property Damage Crash,07/02/2024 01:30:00 PM,UNIVERSITY BLVD E,NA,Front to Rear,Clear,Dry,Daylight,No Controls,NONE DETECTED,No,No Apparent Injury,NA,Not Distracted,MD,Passenger Car,Stopped in Traffic,35,No,2020,TOYOTA,CAMRY,38.99650781,-76.99346522,2024,7,13
240031219,Property Damage Crash,07/02/2024 01:00:00 PM,GERMANTOWN RD (SB/L),NA,"Sideswipe, Same Direction",Clear,Dry,Daylight,Traffic Control Signal,NONE DETECTED,No,No Apparent Injury,NA,Not Distracted,MD,Bus - Transit,Moving Constant Speed,35,No,2014,GILLIG,BUS,39.18612315,-77.25345122,2024,7,13
240031219,Property Damage Crash,07/02/2024 01:00:00 PM,GERMANTOWN RD (SB/L),NA,"Sideswipe, Same Direction",Clear,Dry,Daylight,Traffic Control Signal,NONE DETECTED,Yes,No Apparent Injury,Failed to Keep in Proper Lane,Unknown,MD,Sport Utility Vehicle,Changing Lanes,35,No,2013,HONDA,CR-V,39.18612315,-77.25345122,2024,7,13
240032675,Property Damage Crash,07/02/2024 11:34:00 AM,NA,NA,Angle,Clear,NA,Daylight,NA,NONE DETECTED,Yes,No Apparent Injury,NA,Not Distracted,MD,Passenger Car,Turning Left,0,No,2011,HONDA,ACCORD,39.04557944,-76.97532674,2024,7,11
240031210,Property Damage Crash,07/02/2024 11:27:00 AM,EXECUTIVE BLVD,NA,"Sideswipe, Same Direction",Clear,Dry,Daylight,Traffic Control Signal,NONE DETECTED,No,No Apparent Injury,NA,Not Distracted,MD,Sport Utility Vehicle,Moving Constant Speed,35,No,2023,INFINITI,QX60,39.0486218,-77.11950295,2024,7,11
240031210,Property Damage Crash,07/02/2024 11:27:00 AM,EXECUTIVE BLVD,NA,"Sideswipe, Same Direction",Clear,Dry,Daylight,Traffic Control Signal,NONE DETECTED,Yes,No Apparent Injury,Failed to Yield Right-of-Way,Unknown,MD,Sport Utility Vehicle,Changing Lanes,35,No,2016,HONDA,CR-V,39.0486218,-77.11950295,2024,7,11
240031218,Property Damage Crash,07/02/2024 09:17:00 AM,NA,NA,"Sideswipe, Same Direction",Clear,NA,Daylight,NA,NONE DETECTED,No,No Apparent Injury,Improper Backing,NA,NA,Sport Utility Vehicle,Backing,0,No,0,NA,NA,39.17318308,-77.20466444,2024,7,9
240031181,Property Damage Crash,07/02/2024 09:13:00 AM,MONTROSE RD,NA,"Sideswipe, Same Direction",Clear,Dry,Daylight,No Controls,NONE DETECTED,No,No Apparent Injury,NA,Not Distracted,MD,Passenger Car,Changing Lanes,40,No,2016,MAZDA,MAZDA6,39.05576504,-77.15239387,2024,7,9
240031181,Property Damage Crash,07/02/2024 09:13:00 AM,MONTROSE RD,NA,"Sideswipe, Same Direction",Clear,Dry,Daylight,No Controls,NONE DETECTED,No,No Apparent Injury,NA,Not Distracted,MD,Sport Utility Vehicle,Moving Constant Speed,40,No,2022,HONDA,PASSPORT,39.05576504,-77.15239387,2024,7,9
240031175,Injury Crash,07/02/2024 08:21:00 AM,MONTROSE RD (WB/L),NA,Other,Clear,Dry,Daylight,Other,NONE DETECTED,Yes,No Apparent Injury,Too Fast For Conditions,"Other Action (looking away from task, etc.)",MD,Passenger Car,Slowing or Stopping,35,No,2002,TOYOTA,SEQUOIA,39.05719134,-77.16045436,2024,7,8
240031175,Injury Crash,07/02/2024 08:21:00 AM,MONTROSE RD (WB/L),NA,Other,Clear,Dry,Daylight,Other,NONE DETECTED,No,No Apparent Injury,NA,Not Distracted,MD,Passenger Car,Slowing or Stopping,35,No,2019,TOYOTA,TACOMA,39.05719134,-77.16045436,2024,7,8
240031175,Injury Crash,07/02/2024 08:21:00 AM,MONTROSE RD (WB/L),NA,Other,Clear,Dry,Daylight,Other,NONE DETECTED,No,Possible Minor Injury,NA,Not Distracted,MD,Passenger Car,Slowing or Stopping,35,No,2007,TOYOTA,COROLLA,39.05719134,-77.16045436,2024,7,8
240031171,Injury Crash,07/02/2024 08:00:00 AM,CASHELL RD,NA,Angle,Clear,Dry,Daylight,No Controls,NONE DETECTED,Yes,No Apparent Injury,NA,Not Distracted,NA,Passenger Car,Entering Traffic Lane,35,No,2020,TOYOTA,PRIUS,39.12752075,-77.07994358,2024,7,8
240031171,Injury Crash,07/02/2024 08:00:00 AM,CASHELL RD,NA,Angle,Clear,Dry,Daylight,No Controls,NONE DETECTED,No,Possible Minor Injury,NA,Not Distracted,MD,Passenger Car,Moving Constant Speed,35,No,2018,TOYOTA,YARIS,39.12752075,-77.07994358,2024,7,8
240031172,Property Damage Crash,07/02/2024 07:53:00 AM,CRABBS BRANCH WAY,NA,Front to Rear,Clear,Dry,Daylight,Traffic Control Signal,NONE DETECTED,No,No Apparent Injury,NA,Unknown,MD,Pickup,Moving Constant Speed,30,No,2021,FORD,F-150,39.12456737,-77.16443309,2024,7,7
240031172,Property Damage Crash,07/02/2024 07:53:00 AM,CRABBS BRANCH WAY,NA,Front to Rear,Clear,Dry,Daylight,Traffic Control Signal,NONE DETECTED,No,No Apparent Injury,NA,Not Distracted,MD,Station Wagon,Stopped in Traffic,30,No,2001,FORD,FOCUS,39.12456737,-77.16443309,2024,7,7
240031166,Property Damage Crash,07/02/2024 07:23:00 AM,CARROLL AVE,NA,Other,Clear,Dry,Daylight,No Controls,NONE DETECTED,No,No Apparent Injury,Other Improper Action,Not Distracted,MD,Other Trucks,Slowing or Stopping,25,No,2020,MACK,TERRAPRO,38.97582045,-77.00911403,2024,7,7
240031166,Property Damage Crash,07/02/2024 07:23:00 AM,CARROLL AVE,NA,Other,Clear,Dry,Daylight,No Controls,NONE DETECTED,No,No Apparent Injury,Other Improper Action,Unknown,MD,Van - Passenger (&lt;9 Seats),Moving Constant Speed,25,No,2012,HONDA,ODYSSEY,38.97582045,-77.00911403,2024,7,7
240031163,Property Damage Crash,07/02/2024 06:41:00 AM,GEORGIA AVE (SB/L),NA,Front to Rear,Clear,Dry,Daylight,Traffic Control Signal,NONE DETECTED,Yes,No Apparent Injury,NA,Unknown,MD,Pickup,Accelerating,35,No,2008,TOYOTA,TUNDRA,39.10960138,-77.07612742,2024,7,6
240031163,Property Damage Crash,07/02/2024 06:41:00 AM,GEORGIA AVE (SB/L),NA,Front to Rear,Clear,Dry,Daylight,Traffic Control Signal,NONE DETECTED,No,No Apparent Injury,NA,Not Distracted,MD,Passenger Car,Stopped in Traffic,35,No,2014,TOYOTA,RAV4,39.10960138,-77.07612742,2024,7,6
240031149,Property Damage Crash,07/01/2024 11:45:00 PM,NEW HAMPSHIRE AVE (SB/L),NA,Front to Front,Clear,Dry,Medium,Traffic Control Signal,NONE DETECTED,Yes,No Apparent Injury,Improper Turn,Not Distracted,MD,Passenger Car,Turning Right,35,No,2022,CHEVROLET,EQUINOX,39.01144533,-76.97916033,2024,7,23
240031149,Property Damage Crash,07/01/2024 11:45:00 PM,NEW HAMPSHIRE AVE (SB/L),NA,Front to Front,Clear,Dry,Medium,Traffic Control Signal,NONE DETECTED,No,No Apparent Injury,NA,Not Distracted,MD,Passenger Car,Moving Constant Speed,35,No,2017,TOYOTA,SIENNA,39.01144533,-76.97916033,2024,7,23
240031145,Property Damage Crash,07/01/2024 10:57:00 PM,NA,NA,Angle,Clear,Dry,Medium,Stop Sign,NONE DETECTED,Yes,No Apparent Injury,NA,Not Distracted,MD,Passenger Car,Turning Left,35,No,2010,LEXUS,IS,38.9881618,-77.08166702,2024,7,22
240031145,Property Damage Crash,07/01/2024 10:57:00 PM,NA,NA,Angle,Clear,Dry,Medium,No Controls,NONE DETECTED,No,No Apparent Injury,NA,Not Distracted,MD,Passenger Car,Moving Constant Speed,35,No,2002,VOLVO,S60,38.9881618,-77.08166702,2024,7,22
240031141,Property Damage Crash,07/01/2024 10:44:00 PM,NA,NA,Single Vehicle,Clear,Dry,Dark,No Controls,NONE DETECTED,Yes,No Apparent Injury,"Operated Motor Vehicle in Inattentive, Careless, Negligent, or Erratic Manner","Other Action (looking away from task, etc.)",MD,Sport Utility Vehicle,Moving Constant Speed,35,No,2010,HONDA,ODYSSEY,39.13473408,-77.03109272,2024,7,22
240031129,Property Damage Crash,07/01/2024 10:07:00 PM,NA,NA,Front to Front,Clear,NA,Medium,NA,NONE DETECTED,No,No Apparent Injury,NA,Not Distracted,MD,Pickup,Moving Constant Speed,0,No,2013,DODGE,RAM,38.99887407,-77.04212416,2024,7,22
240031129,Property Damage Crash,07/01/2024 10:07:00 PM,NA,NA,Front to Front,Clear,NA,Medium,NA,NONE DETECTED,No,No Apparent Injury,NA,Not Distracted,DC,Passenger Car,Accelerating,0,No,2022,DODGE,CHARGER,38.99887407,-77.04212416,2024,7,22
240031126,Property Damage Crash,07/01/2024 09:21:00 PM,RIDGE RD,NA,"Sideswipe, Same Direction",Clear,Dry,Medium,No Controls,NONE DETECTED,No,NA,NA,Unknown,NA,Passenger Car,Overtaking/Passing,40,No,2024,LEXUS,RX,39.23014418,-77.23670972,2024,7,21
240031126,Property Damage Crash,07/01/2024 09:21:00 PM,RIDGE RD,NA,"Sideswipe, Same Direction",Clear,Dry,Medium,No Controls,NONE DETECTED,No,No Apparent Injury,NA,Not Distracted,MD,Passenger Car,Moving Constant Speed,40,No,2015,ACURA,MDX,39.23014418,-77.23670972,2024,7,21
240031111,Injury Crash,07/01/2024 07:02:00 PM,NA,Pedestrian,Single Vehicle,Clear,Dry,Daylight,No Controls,NONE DETECTED,No,No Apparent Injury,NA,NA,NA,Passenger Car,Moving Constant Speed,30,No,0,NA,NA,39.01581641,-77.03994642,2024,7,19
240030281,Property Damage Crash,07/01/2024 06:55:00 PM,NA,NA,Angle,Clear,Dry,Daylight,No Controls,NONE DETECTED,No,No Apparent Injury,NA,Not Distracted,MD,Bus - Transit,Moving Constant Speed,35,No,2013,GILLIG,LOW FLOOR BUS,39.15606861,-77.21622263,2024,7,18
240030281,Property Damage Crash,07/01/2024 06:55:00 PM,NA,NA,Angle,Clear,Dry,Daylight,Yield Sign,NONE DETECTED,Yes,No Apparent Injury,Failed to Yield Right-of-Way,Unknown,MD,Sport Utility Vehicle,Entering Traffic Lane,35,No,2017,SUBARU,OUTBACK,39.15606861,-77.21622263,2024,7,18
240031096,Injury Crash,07/01/2024 05:45:00 PM,CHALMERS RD,NA,Angle,Clear,Dry,Daylight,Traffic Control Signal,NONE DETECTED,No,Possible Minor Injury,NA,Not Distracted,MD,Passenger Car,Moving Constant Speed,40,No,2024,TOYOTA,RAV4,39.02972023,-76.98356834,2024,7,17
240031096,Injury Crash,07/01/2024 05:45:00 PM,CHALMERS RD,NA,Angle,Clear,Dry,Daylight,Traffic Control Signal,NONE DETECTED,Yes,No Apparent Injury,NA,"Other Action (looking away from task, etc.)",MD,Passenger Car,Turning Left,5,No,2011,FORD,EXPLORER,39.02972023,-76.98356834,2024,7,17