Local Case Number,ACRS Report Type,Crash Date/Time,Road Name,Related Non-Motorist,Collision Type,Weather,Surface Condition,Light,Traffic Control,Driver Substance Abuse,Driver At Fault,Injury Severity,Circumstance,Driver Distracted By,Drivers License State,Vehicle Body Type,Vehicle Movement,Speed Limit,Driverless Vehicle,Vehicle Year,Vehicle Make,Vehicle Model,Latitude,Longitude,Year,Month,Hour
240031094,Property Damage Crash,07/01/2024 05:42:00 PM,NA,NA,Angle,Clear,Dry,Daylight,Traffic Control Signal,NONE DETECTED,Yes,No Apparent Injury,Failed to Yield Right-of-Way,Unknown,MD,Passenger Car,Turning Left,35,No,2015,CADILLAC,ESCALADE,39.09516874,-77.11263286,2024,7,17
240031094,Property Damage Crash,07/01/2024 05:42:00 PM,NA,NA,Angle,Clear,Dry,Daylight,Traffic Control Signal,NONE DETECTED,No,No Apparent Injury,NA,Not Distracted,MD,Passenger Car,Moving Constant Speed,35,No,2017,TOYOTA,RAV4,39.09516874,-77.11263286,2024,7,17
240031084,Injury Crash,07/01/2024 04:44:00 PM,RANDOLPH RD (WB/L),NA,Angle,Cloudy,Dry,Daylight,Traffic Control Signal,NONE DETECTED,No,Possible Minor Injury,NA,Not Distracted,MD,Sport Utility Vehicle,Slowing or Stopping,35,No,2022,HYUNDAI,TUCSON,39.05942862,-77.06199678,2024,7,16
240031084,Injury Crash,07/01/2024 04:44:00 PM,RANDOLPH RD (WB/L),NA,Angle,Cloudy,Dry,Daylight,Traffic Control Signal,NONE DETECTED,Yes,Possible Minor Injury,Failed to Keep in Proper Lane,Not Distracted,MD,Sport Utility Vehicle,Changing Lanes,35,No,2020,HONDA,CR-V,39.05942862,-77.06199678,2024,7,16
240031084,Injury Crash,07/01/2024 04:44:00 PM,RANDOLPH RD (WB/L),NA,Angle,Cloudy,Dry,Daylight,Traffic Control Signal,NONE DETECTED,No,Possible Minor Injury,NA,Not Distracted,DC,Passenger Car,Stopped in Traffic,35,No,2017,TOYOTA,PRIUS,39.05942862,-77.06199678,2024,7,16
240031080,Injury Crash,07/01/2024 04:35:00 PM,HUNGERFORD DR,Wheelchair (electric),Single Vehicle,Clear,Dry,Daylight,No Controls,NONE DETECTED,Yes,No Apparent Injury,Failed to Yield Right-of-Way,Unknown,MD,Passenger Car,Entering Traffic Lane,35,No,2018,TOYOTA,RAV4,39.09476779,-77.15319541,2024,7,16
240031069,Injury Crash,07/01/2024 03:29:00 PM,OLD GEORGETOWN RD (SB/L),NA,Front to Rear,Clear,Dry,Daylight,No Controls,NONE DETECTED,No,No Apparent Injury,NA,Not Distracted,MD,Passenger Car,Stopped in Traffic,35,No,2021,SUBARU,ASCENT,39.03733783,-77.12359783,2024,7,15
240031069,Injury Crash,07/01/2024 03:29:00 PM,OLD GEORGETOWN RD (SB/L),NA,Front to Rear,Clear,Dry,Daylight,No Controls,NONE DETECTED,Yes,Possible Minor Injury,NA,Unknown,MD,Passenger Car,Moving Constant Speed,35,No,2013,MAZDA,MAZDA3,39.03733783,-77.12359783,2024,7,15
240031066,Injury Crash,07/01/2024 03:12:00 PM,CONNECTICUT AVE,NA,Angle,Clear,Dry,Daylight,Traffic Control Signal,NONE DETECTED,Yes,No Apparent Injury,Failed to Yield Right-of-Way,Not Distracted,MD,Passenger Car,Turning Left,35,No,2000,JEEP,CHEROKEE,39.05723896,-77.07344989,2024,7,15
240031066,Injury Crash,07/01/2024 03:12:00 PM,CONNECTICUT AVE,NA,Angle,Clear,Dry,Daylight,Traffic Control Signal,NONE DETECTED,No,Possible Minor Injury,NA,Not Distracted,MD,Passenger Car,Moving Constant Speed,35,No,2018,NISSAN,ALTIMA,39.05723896,-77.07344989,2024,7,15
240031060,Injury Crash,07/01/2024 02:54:00 PM,GREAT FALLS RD,NA,Front to Rear,Clear,Dry,Daylight,Traffic Control Signal,NONE DETECTED,No,Possible Minor Injury,NA,Not Distracted,MD,Passenger Car,Stopped in Traffic,35,No,2004,TOYOTA,CAMRY,39.07598164,-77.16242412,2024,7,14
240031060,Injury Crash,07/01/2024 02:54:00 PM,GREAT FALLS RD,NA,Front to Rear,Clear,Dry,Daylight,Traffic Control Signal,NONE DETECTED,Yes,Possible Minor Injury,NA,"Other Action (looking away from task, etc.)",MD,Passenger Car,Moving Constant Speed,35,No,2016,HONDA,CIVIC,39.07598164,-77.16242412,2024,7,14
240031059,Property Damage Crash,07/01/2024 02:45:00 PM,W MONTGOMERY AVE (WB/L),NA,Angle,Clear,Dry,Daylight,Traffic Control Signal,NONE DETECTED,Yes,No Apparent Injury,NA,Not Distracted,MD,Passenger Car,Moving Constant Speed,40,No,2015,VOLVO,S60,39.08904649,-77.17788128,2024,7,14
240031059,Property Damage Crash,07/01/2024 02:45:00 PM,W MONTGOMERY AVE (WB/L),NA,Angle,Clear,Dry,Daylight,Traffic Control Signal,NONE DETECTED,No,No Apparent Injury,NA,Not Distracted,MD,Passenger Car,Turning Left,30,No,2017,TOYOTA,SIENNA,39.08904649,-77.17788128,2024,7,14
240031044,Injury Crash,07/01/2024 01:20:00 PM,OLD GEORGETOWN RD,NA,Front to Rear,Clear,Dry,Daylight,"Person (including flagger, law enforcement, crossing guard, etc.",NONE DETECTED,No,No Apparent Injury,NA,Not Distracted,MD,Passenger Car,Slowing or Stopping,35,No,2023,TOYOTA,COROLLA CROSS,39.0385226,-77.12302364,2024,7,13
240031044,Injury Crash,07/01/2024 01:20:00 PM,OLD GEORGETOWN RD,NA,Front to Rear,Clear,Dry,Daylight,"Person (including flagger, law enforcement, crossing guard, etc.",NONE DETECTED,Yes,Possible Minor Injury,Too Fast For Conditions,Unknown,MD,Passenger Car,Slowing or Stopping,35,No,2013,HONDA,CIVIC,39.0385226,-77.12302364,2024,7,13
240031040,Property Damage Crash,07/01/2024 01:00:00 PM,QUERY MILL RD,NA,"Sideswipe, Same Direction",Clear,Dry,Daylight,No Controls,NONE DETECTED,Yes,No Apparent Injury,NA,Unknown,MD,Other,Overtaking/Passing,30,No,2000,FORD,UNKNOWN,39.08102983,-77.26812308,2024,7,13
240038352,Property Damage Crash,07/01/2024 12:45:00 PM,NA,NA,"Sideswipe, Same Direction",Clear,NA,Daylight,NA,NONE DETECTED,No,NA,NA,NA,NA,Other Trucks,Moving Constant Speed,0,No,2019,FORD,E-450,39.05952562,-76.95956876,2024,7,12
240031033,Injury Crash,07/01/2024 12:40:00 PM,NA,"Other Pedestrian (person in a building, skater, personal conveyance, etc.)",Single Vehicle,Clear,NA,Daylight,NA,NONE DETECTED,Yes,No Apparent Injury,"Operated Motor Vehicle in Inattentive, Careless, Negligent, or Erratic Manner, Other Improper Action",Unknown,MD,Passenger Car,Accelerating,0,No,2009,HONDA,CIVIC,39.04179573,-77.04923866,2024,7,12
240031029,Injury Crash,07/01/2024 12:05:00 PM,NOYES CT,NA,"Sideswipe, Same Direction",Clear,Dry,Daylight,No Controls,NONE DETECTED,No,No Apparent Injury,Improper Turn,Not Distracted,MD,Sport Utility Vehicle,Changing Lanes,35,No,2023,HONDA,HR-V,39.00091978,-77.02546185,2024,7,12
240031029,Injury Crash,07/01/2024 12:05:00 PM,NOYES CT,NA,"Sideswipe, Same Direction",Clear,Dry,Daylight,No Controls,NONE DETECTED,No,No Apparent Injury,NA,Not Distracted,MD,Passenger Car,Moving Constant Speed,35,No,2018,TOYOTA,COROLLA,39.00091978,-77.02546185,2024,7,12
240031029,Injury Crash,07/01/2024 12:05:00 PM,NOYES CT,NA,"Sideswipe, Same Direction",Clear,Dry,Daylight,No Controls,NONE DETECTED,Yes,Possible Minor Injury,NA,Not Distracted,DC,Sport Utility Vehicle,Moving Constant Speed,35,No,2024,HONDA,HR-V,39.00091978,-77.02546185,2024,7,12
240031028,Property Damage Crash,07/01/2024 12:01:00 PM,NA,NA,Front to Rear,Clear,Dry,Daylight,No Controls,NONE DETECTED,Yes,No Apparent Injury,NA,Unknown,MD,Sport Utility Vehicle,Moving Constant Speed,30,No,2011,INFINITI,QX56,39.08214461,-76.9444524,2024,7,12
240031028,Property Damage Crash,07/01/2024 12:01:00 PM,NA,NA,Front to Rear,Clear,Dry,Daylight,No Controls,NONE DETECTED,No,No Apparent Injury,NA,Not Distracted,MD,Passenger Car,Slowing or Stopping,30,No,2015,TOYOTA,PRIUS,39.08214461,-76.9444524,2024,7,12
240031020,Property Damage Crash,07/01/2024 11:37:00 AM,SLIGO CREEK PKWY,NA,Front to Rear,Clear,Dry,Daylight,Traffic Control Signal,NONE DETECTED,No,No Apparent Injury,NA,Not Distracted,MD,Passenger Car,Stopped in Traffic,25,No,2019,HONDA,CIVIC,38.98055468,-76.98965105,2024,7,11
240031020,Property Damage Crash,07/01/2024 11:37:00 AM,SLIGO CREEK PKWY,NA,Front to Rear,Clear,Dry,Daylight,Traffic Control Signal,NONE DETECTED,No,No Apparent Injury,NA,Unknown,NA,Passenger Car,Slowing or Stopping,25,No,2017,FORD,FUSION,38.98055468,-76.98965105,2024,7,11
240031030,Injury Crash,07/01/2024 10:42:00 AM,LITTLE SENECA PKWY,NA,"Sideswipe, Same Direction",Clear,Dry,Daylight,No Controls,NONE DETECTED,Yes,No Apparent Injury,"Failed to Yield Right-of-Way, Improper Turn, Operated Motor Vehicle in Reckless or Aggressive Manner, Other Improper Action","Other Action (looking away from task, etc.)",MD,Pickup,Making U-Turn,30,No,1993,CHEVROLET,GMT-400,39.23123871,-77.24042998,2024,7,10
240031030,Injury Crash,07/01/2024 10:42:00 AM,LITTLE SENECA PKWY,NA,"Sideswipe, Same Direction",Clear,Dry,Daylight,No Controls,NONE DETECTED,No,Possible Minor Injury,NA,Not Distracted,MD,Station Wagon,Moving Constant Speed,30,No,2012,SUZUKI,SX4,39.23123871,-77.24042998,2024,7,10
240030998,Property Damage Crash,07/01/2024 10:00:00 AM,NA,NA,Front to Rear,Clear,Dry,Daylight,Traffic Control Signal,NONE DETECTED,Yes,No Apparent Injury,"Followed Too Closely, Too Fast For Conditions",Unknown,MD,Passenger Car,Moving Constant Speed,25,No,2015,NISSAN,SENTRA,39.09934197,-77.09972547,2024,7,10
240030998,Property Damage Crash,07/01/2024 10:00:00 AM,NA,NA,Front to Rear,Clear,Dry,Daylight,Traffic Control Signal,NONE DETECTED,No,No Apparent Injury,NA,Not Distracted,MD,Passenger Car,Stopped in Traffic,25,No,2016,HONDA,CIVIC,39.09934197,-77.09972547,2024,7,10
24003109,Property Damage Crash,07/01/2024 08:30:00 AM,NA,NA,Single Vehicle,Clear,NA,Daylight,NA,NONE DETECTED,Yes,No Apparent Injury,NA,Not Distracted,MD,Other,Turning Left,0,No,2013,FORD,F-450,39.08263064,-77.15213019,2024,7,8
240030992,Property Damage Crash,07/01/2024 08:04:00 AM,GEORGIA AVE (SB/L),NA,"Sideswipe, Same Direction",Cloudy,Dry,Daylight,No Controls,NONE DETECTED,Yes,No Apparent Injury,Failed to Keep in Proper Lane,Not Distracted,MD,Pickup,Changing Lanes,35,No,2023,CHEVROLET,SILVERADO,39.04965314,-77.05205466,2024,7,8
240030992,Property Damage Crash,07/01/2024 08:04:00 AM,GEORGIA AVE (SB/L),NA,"Sideswipe, Same Direction",Cloudy,Dry,Daylight,No Controls,NONE DETECTED,No,No Apparent Injury,NA,Not Distracted,MD,Bus - Transit,Stopped in Traffic,35,No,2021,NEW FLYER,TRANSIT BUS,39.04965314,-77.05205466,2024,7,8
240030988,Property Damage Crash,07/01/2024 07:33:00 AM,GEORGIA AVE (SB/L),NA,Front to Rear,Clear,Dry,Daylight,Traffic Control Signal,NONE DETECTED,Yes,No Apparent Injury,Too Fast For Conditions,Not Distracted,MD,Passenger Car,Moving Constant Speed,30,No,2008,HONDA,PILOT,39.02532169,-77.0462921,2024,7,7
240030988,Property Damage Crash,07/01/2024 07:33:00 AM,GEORGIA AVE (SB/L),NA,Front to Rear,Clear,Dry,Daylight,Traffic Control Signal,NONE DETECTED,No,No Apparent Injury,NA,Not Distracted,MD,Passenger Car,Slowing or Stopping,30,No,2022,HONDA,CR-V,39.02532169,-77.0462921,2024,7,7
240030988,Property Damage Crash,07/01/2024 07:33:00 AM,GEORGIA AVE (SB/L),NA,Front to Rear,Clear,Dry,Daylight,Traffic Control Signal,NONE DETECTED,No,No Apparent Injury,NA,Not Distracted,MD,Passenger Car,Slowing or Stopping,30,No,2014,TOYOTA,COROLLA,39.02532169,-77.0462921,2024,7,7
240030979,Property Damage Crash,07/01/2024 02:58:00 AM,ROCKVILLE PIKE (SB/L),NA,Single Vehicle,Clear,Dry,Medium,No Controls,NONE DETECTED,No,No Apparent Injury,NA,Unknown,MD,Passenger Car,Turning Right,40,No,2024,BMW,I7,39.05037046,-77.11500744,2024,7,2
240030975,Injury Crash,07/01/2024 01:55:00 AM,NA,NA,"Sideswipe, Opposite Direction",Clear,Dry,Medium,Traffic Control Signal,NONE DETECTED,No,Possible Minor Injury,NA,Unknown,MD,Passenger Car,Moving Constant Speed,30,No,2000,CHEVROLET,3500,38.98324668,-77.01556608,2024,7,1
240030975,Injury Crash,07/01/2024 01:55:00 AM,NA,NA,"Sideswipe, Opposite Direction",Clear,Dry,Medium,Traffic Control Signal,NONE DETECTED,No,No Apparent Injury,NA,Unknown,MD,Passenger Car,Moving Constant Speed,30,No,2015,HYUNDAI,SONATA,38.98324668,-77.01556608,2024,7,1
240030960,Property Damage Crash,06/30/2024 10:35:00 PM,DUFIEF MILL RD,NA,Single Vehicle,Clear,Dry,Medium,No Controls,NONE DETECTED,No,No Apparent Injury,"Failed to Keep in Proper Lane, Ran Off Roadway",Unknown,MD,Passenger Car,Moving Constant Speed,35,No,2017,ALFA ROMEO,GIULIA (952),39.08954425,-77.23554734,2024,6,22
240030957,Property Damage Crash,06/30/2024 10:00:00 PM,NA,NA,"Sideswipe, Opposite Direction",Clear,Dry,Dark,No Controls,NONE DETECTED,No,No Apparent Injury,NA,Not Distracted,MD,Passenger Car,Turning Right,25,No,2010,MAZDA,MAZDA3,39.1788022,-77.23306787,2024,6,22
240030957,Property Damage Crash,06/30/2024 10:00:00 PM,NA,NA,"Sideswipe, Opposite Direction",Clear,Dry,Dark,No Controls,NONE DETECTED,No,No Apparent Injury,NA,Unknown,MD,Van - Passenger (&lt;9 Seats),Moving Constant Speed,25,No,2004,CHEVROLET,ASTRO VAN,39.1788022,-77.23306787,2024,6,22
240030955,Injury Crash,06/30/2024 09:30:00 PM,HONEYLOCUST CIR,NA,Front to Front,Clear,Dry,Dark,No Controls,NONE DETECTED,Yes,Suspected Serious Injury,NA,Unknown,XX,Recreational Off-Highway Vehicles (ROV),Moving Constant Speed,20,No,2024,ZZKNOWN,UNKNOWN,39.15736431,-77.17058049,2024,6,21
240030955,Injury Crash,06/30/2024 09:30:00 PM,HONEYLOCUST CIR,NA,Front to Front,Clear,Dry,Dark,No Controls,NONE DETECTED,Yes,No Apparent Injury,NA,Not Distracted,MD,Passenger Car,Turning Left,20,No,2000,MERCEDES-BENZ,500,39.15736431,-77.17058049,2024,6,21
240030946,Property Damage Crash,06/30/2024 07:18:00 PM,NA,NA,Single Vehicle,Clear,NA,Daylight,NA,NONE DETECTED,Yes,No Apparent Injury,"Operated Motor Vehicle in Inattentive, Careless, Negligent, or Erratic Manner","Other Action (looking away from task, etc.)",MD,Van - Passenger (&lt;9 Seats),Moving Constant Speed,0,No,2019,HONDA,ODYSSEY,39.06374367,-77.12849583,2024,6,19
240030938,Property Damage Crash,06/30/2024 06:16:00 PM,UNIVERSITY BLVD W,NA,Front to Rear,Clear,Dry,Daylight,Traffic Control Signal,ALCOHOL PRESENT,Yes,NA,"Followed Too Closely, Operated Motor Vehicle in Inattentive, Careless, Negligent, or Erratic Manner",NA,NA,Passenger Car,Slowing or Stopping,35,No,2008,HONDA,CIVIC,39.0360709,-77.03651181,2024,6,18
240030938,Property Damage Crash,06/30/2024 06:16:00 PM,UNIVERSITY BLVD W,NA,Front to Rear,Clear,Dry,Daylight,Traffic Control Signal,NONE DETECTED,No,No Apparent Injury,NA,Not Distracted,MD,Sport Utility Vehicle,Slowing or Stopping,35,No,2021,TOYOTA,RAV4,39.0360709,-77.03651181,2024,6,18
240030935,Injury Crash,06/30/2024 06:00:00 PM,RIDGE RD,NA,Front to Front,Clear,Dry,Daylight,No Controls,NONE DETECTED,No,No Apparent Injury,NA,Not Distracted,MD,Sport Utility Vehicle,Moving Constant Speed,40,No,2023,HYUNDAI,GENESIS,39.314993,-77.19811167,2024,6,18
240030935,Injury Crash,06/30/2024 06:00:00 PM,RIDGE RD,NA,Front to Front,Clear,Dry,Daylight,No Controls,NONE DETECTED,Yes,Possible Minor Injury,Wrong Side,Not Distracted,MD,Passenger Car,Moving Constant Speed,40,No,2013,HYUNDAI,ELANTRA,39.314993,-77.19811167,2024,6,18
240030919,Property Damage Crash,06/30/2024 04:20:00 PM,OXBRIDGE DR,NA,Front to Rear,Clear,Dry,Daylight,Traffic Control Signal,NONE DETECTED,No,No Apparent Injury,NA,Not Distracted,MD,Sport Utility Vehicle,Stopped in Traffic,40,No,2016,HONDA,CR-V,39.18998027,-77.24150109,2024,6,16
240030919,Property Damage Crash,06/30/2024 04:20:00 PM,OXBRIDGE DR,NA,Front to Rear,Clear,Dry,Daylight,Traffic Control Signal,NONE DETECTED,Yes,No Apparent Injury,NA,Not Distracted,MD,Passenger Car,Slowing or Stopping,40,No,2015,HONDA,ACCORD,39.18998027,-77.24150109,2024,6,16
240030918,Injury Crash,06/30/2024 04:00:00 PM,MANCHESTER RD,NA,Angle,Clear,Dry,Daylight,No Controls,NONE DETECTED,Yes,No Apparent Injury,NA,Not Distracted,MD,Passenger Car,Accelerating,15,No,2019,LAND ROVER,DISCOVERY,39.00034675,-77.00989226,2024,6,16
240030920,Injury Crash,06/30/2024 04:00:00 PM,E JEFFERSON ST,NA,Angle,Clear,Dry,Daylight,No Controls,NONE DETECTED,No,Possible Minor Injury,NA,Not Distracted,MD,Station Wagon,Moving Constant Speed,25,No,2020,SUBARU,FORESTER,39.05804925,-77.12633819,2024,6,16
240030918,Injury Crash,06/30/2024 04:00:00 PM,MANCHESTER RD,NA,Angle,Clear,Dry,Daylight,No Controls,NONE DETECTED,No,Possible Minor Injury,NA,Not Distracted,MD,Passenger Car,Moving Constant Speed,15,No,2020,FORD,EXPLORER,39.00034675,-77.00989226,2024,6,16
240030920,Injury Crash,06/30/2024 04:00:00 PM,E JEFFERSON ST,NA,Angle,Clear,Dry,Daylight,No Controls,NONE DETECTED,Yes,Possible Minor Injury,Failed to Yield Right-of-Way,Not Distracted,MD,Passenger Car,Turning Left,25,No,2015,FORD,MUSTANG,39.05804925,-77.12633819,2024,6,16
240030913,Property Damage Crash,06/30/2024 03:30:00 PM,MONTGOMERY VILLAGE AVE,NA,Front to Rear,Clear,Dry,Daylight,Traffic Control Signal,NONE DETECTED,No,No Apparent Injury,NA,Not Distracted,MD,Passenger Car,Stopped in Traffic,35,No,2023,HONDA,CR-V,39.15621117,-77.20662148,2024,6,15
240030913,Property Damage Crash,06/30/2024 03:30:00 PM,MONTGOMERY VILLAGE AVE,NA,Front to Rear,Clear,Dry,Daylight,Traffic Control Signal,NONE DETECTED,Yes,No Apparent Injury,NA,Not Distracted,MD,Passenger Car,Stopped in Traffic,35,No,2007,LEXUS,ES,39.15621117,-77.20662148,2024,6,15
240030913,Property Damage Crash,06/30/2024 03:30:00 PM,MONTGOMERY VILLAGE AVE,NA,Front to Rear,Clear,Dry,Daylight,Traffic Control Signal,NONE DETECTED,Yes,No Apparent Injury,NA,Not Distracted,MD,Passenger Car,Slowing or Stopping,35,No,2017,CHEVROLET,TRAVERSE,39.15621117,-77.20662148,2024,6,15
240030913,Property Damage Crash,06/30/2024 03:30:00 PM,MONTGOMERY VILLAGE AVE,NA,Front to Rear,Clear,Dry,Daylight,Traffic Control Signal,NONE DETECTED,No,No Apparent Injury,NA,Not Distracted,MD,Passenger Car,Stopped in Traffic,35,No,2022,CHRYSLER,PACIFICA,39.15621117,-77.20662148,2024,6,15
240030915,Injury Crash,06/30/2024 03:09:00 PM,EISENHOWER MEMORIAL HWY,NA,"Sideswipe, Same Direction",Clear,Dry,Daylight,No Controls,NONE DETECTED,No,Possible Minor Injury,NA,Not Distracted,MD,Passenger Car,Moving Constant Speed,55,No,2023,TOYOTA,RAV4,39.22109789,-77.27939596,2024,6,15
240030915,Injury Crash,06/30/2024 03:09:00 PM,EISENHOWER MEMORIAL HWY,NA,"Sideswipe, Same Direction",Clear,Dry,Daylight,No Controls,NONE DETECTED,No,No Apparent Injury,"Followed Too Closely, Improper Passing",Unknown,NA,Passenger Car,Moving Constant Speed,55,No,0,NA,NA,39.22109789,-77.27939596,2024,6,15
240030915,Injury Crash,06/30/2024 03:09:00 PM,EISENHOWER MEMORIAL HWY,NA,"Sideswipe, Same Direction",Clear,Dry,Daylight,No Controls,NONE DETECTED,No,No Apparent Injury,"Followed Too Closely, Improper Passing",Unknown,NA,Passenger Car,Moving Constant Speed,55,No,0,NA,NA,39.22109789,-77.27939596,2024,6,15
240030911,Property Damage Crash,06/30/2024 03:05:00 PM,SPENCERVILLE RD (WB/L),NA,Angle,Clear,Dry,Daylight,No Controls,NONE DETECTED,Yes,No Apparent Injury,Failed to Yield Right-of-Way,Not Distracted,MD,Sport Utility Vehicle,Entering Traffic Lane,40,No,1997,CHEVROLET,TAHOE,39.120538,-76.986615,2024,6,15
240030911,Property Damage Crash,06/30/2024 03:05:00 PM,SPENCERVILLE RD (WB/L),NA,Angle,Clear,Dry,Daylight,No Controls,NONE DETECTED,No,No Apparent Injury,NA,Not Distracted,MD,Passenger Car,Moving Constant Speed,40,No,2013,BMW,535I,39.120538,-76.986615,2024,6,15
240030904,Property Damage Crash,06/30/2024 02:09:00 PM,E WAYNE AVE,NA,Front to Rear,Cloudy,Dry,Daylight,Traffic Control Signal,ALCOHOL PRESENT,No,No Apparent Injury,"Operated Motor Vehicle in Inattentive, Careless, Negligent, or Erratic Manner, Other Improper Action, Ran Red Light, Too Fast For Conditions",Unknown,NA,Pickup,Moving Constant Speed,35,No,2005,FORD,F-250,39.00620764,-76.9974492,2024,6,14
240030904,Property Damage Crash,06/30/2024 02:09:00 PM,E WAYNE AVE,NA,Front to Rear,Cloudy,Dry,Daylight,Traffic Control Signal,NONE DETECTED,No,No Apparent Injury,NA,Not Distracted,MD,Passenger Car,Stopped in Traffic,35,No,2024,TESLA,MODEL Y,39.00620764,-76.9974492,2024,6,14
240030898,Property Damage Crash,06/30/2024 01:29:00 PM,GEORGIA AVE (SB/L),Cyclist (non-electric),Single Vehicle,Clear,Dry,Daylight,No Controls,NONE DETECTED,No,No Apparent Injury,Failed to Yield Right-of-Way,Not Distracted,MD,Passenger Car,Entering Traffic Lane,30,No,2024,LEXUS,NX,38.99129379,-77.0267533,2024,6,13
240030892,Injury Crash,06/30/2024 01:04:00 PM,RAMP 2 FR IS 495 WB TO MD 97 NB,NA,Front to Rear,Clear,Dry,Daylight,Yield Sign,NONE DETECTED,No,No Apparent Injury,NA,Unknown,MD,Passenger Car,Slowing or Stopping,35,No,2015,HYUNDAI,ELANTRA,39.01437522,-77.04198094,2024,6,13
240030892,Injury Crash,06/30/2024 01:04:00 PM,RAMP 2 FR IS 495 WB TO MD 97 NB,NA,Front to Rear,Clear,Dry,Daylight,Yield Sign,NONE DETECTED,No,No Apparent Injury,NA,Not Distracted,FL,Passenger Car,Slowing or Stopping,35,No,2024,FORD,MUSTANG,39.01437522,-77.04198094,2024,6,13
240030894,Injury Crash,06/30/2024 01:03:00 PM,EISENHOWER MEMORIAL HWY,NA,Front to Rear,Cloudy,Dry,Daylight,No Controls,NONE DETECTED,Yes,No Apparent Injury,"Followed Too Closely, Other Improper Action","Other Action (looking away from task, etc.)",MD,Passenger Car,Slowing or Stopping,55,No,2010,NISSAN,ALTIMA,39.24706363,-77.29828779,2024,6,13
240030894,Injury Crash,06/30/2024 01:03:00 PM,EISENHOWER MEMORIAL HWY,NA,Front to Rear,Cloudy,Dry,Daylight,No Controls,NONE DETECTED,No,No Apparent Injury,NA,Not Distracted,MD,Passenger Car,Slowing or Stopping,55,No,2019,HONDA,ACCORD,39.24706363,-77.29828779,2024,6,13
240030883,Property Damage Crash,06/30/2024 11:59:00 AM,MORNINGWOOD DR,NA,"Sideswipe, Same Direction",Clear,Dry,Daylight,No Controls,NONE DETECTED,Yes,No Apparent Injury,NA,Unknown,MD,Passenger Car,Moving Constant Speed,30,No,2020,KIA,SORENTO,39.15051814,-77.08960309,2024,6,11
240030875,Property Damage Crash,06/30/2024 11:40:00 AM,VILLAGE FOUNTAIN DR (SB/L),NA,Single Vehicle,Cloudy,Dry,Daylight,No Controls,NONE DETECTED,Yes,No Apparent Injury,NA,Not Distracted,MD,Passenger Car,Turning Left,25,No,2017,FORD,TAURUS,39.16109481,-77.2790736,2024,6,11
240030871,Injury Crash,06/30/2024 10:49:00 AM,AIRCRAFT DR,NA,Front to Rear,Cloudy,Dry,Daylight,Traffic Control Signal,NONE DETECTED,Yes,No Apparent Injury,Followed Too Closely,Not Distracted,NA,Passenger Car,Moving Constant Speed,30,No,2006,MAZDA,MAZDA5,39.18258267,-77.2606315,2024,6,10
240030871,Injury Crash,06/30/2024 10:49:00 AM,AIRCRAFT DR,NA,Front to Rear,Cloudy,Dry,Daylight,Traffic Control Signal,NONE DETECTED,No,Possible Minor Injury,NA,Not Distracted,MD,Sport Utility Vehicle,Stopped in Traffic,30,No,2020,VOLKSWAGEN,TIGUAN,39.18258267,-77.2606315,2024,6,10
240030865,Property Damage Crash,06/30/2024 10:00:00 AM,AUTRE CT,NA,Single Vehicle,Clear,Dry,Daylight,No Controls,NONE DETECTED,Yes,No Apparent Injury,Other Improper Action,Not Distracted,MD,Other Trucks,Accelerating,25,No,2002,INTERNATIONAL,4300,39.07339379,-77.12556504,2024,6,10
240030864,Property Damage Crash,06/30/2024 09:43:00 AM,NA,NA,Rear To Rear,Clear,NA,Daylight,NA,NONE DETECTED,Yes,No Apparent Injury,NA,Not Distracted,MD,Passenger Car,Backing,0,No,2021,TOYOTA,COROLLA,38.99217117,-77.09706117,2024,6,9