Local Case Number,ACRS Report Type,Crash Date/Time,Road Name,Related Non-Motorist,Collision Type,Weather,Surface Condition,Light,Traffic Control,Driver Substance Abuse,Driver At Fault,Injury Severity,Circumstance,Driver Distracted By,Drivers License State,Vehicle Body Type,Vehicle Movement,Speed Limit,Driverless Vehicle,Vehicle Year,Vehicle Make,Vehicle Model,Latitude,Longitude,Year,Month,Hour
240030545,Injury Crash,06/28/2024 11:52:00 AM,RUSSELL AVE (SB/L),NA,Front to Rear,Clear,Dry,Daylight,Traffic Control Signal,NONE DETECTED,No,No Apparent Injury,Followed Too Closely,Not Distracted,MD,Passenger Car,Slowing or Stopping,35,No,2013,VOLKSWAGEN,UNKNOWN,39.15449317,-77.20949935,2024,6,11
240030529,Injury Crash,06/28/2024 09:22:00 AM,RANDOLPH RD,NA,Front to Rear,Clear,Dry,Daylight,No Controls,NONE DETECTED,No,No Apparent Injury,"Followed Too Closely, Improper Passing",Not Distracted,MD,Other,Overtaking/Passing,30,No,2019,TOYOTA,RAV4,39.05326137,-77.10893863,2024,6,9
240030529,Injury Crash,06/28/2024 09:22:00 AM,RANDOLPH RD,NA,Front to Rear,Clear,Dry,Daylight,No Controls,NONE DETECTED,No,Possible Minor Injury,NA,Not Distracted,MD,Van - Cargo,Slowing or Stopping,30,No,2020,DODGE,RAM,39.05326137,-77.10893863,2024,6,9
240030530,Injury Crash,06/28/2024 09:02:00 AM,LOCKWOOD DR,Pedestrian,Rear To Side,Clear,Dry,Daylight,No Controls,NONE DETECTED,No,Possible Minor Injury,NA,Not Distracted,MD,Passenger Car,Moving Constant Speed,30,No,2014,FORD,FIESTA,39.0379242,-76.99440642,2024,6,9
240030530,Injury Crash,06/28/2024 09:02:00 AM,LOCKWOOD DR,Pedestrian,Rear To Side,Clear,Dry,Daylight,Stop Sign,NONE DETECTED,Yes,Possible Minor Injury,Failed to Yield Right-of-Way,Not Distracted,MD,Passenger Car,Turning Left,30,No,2020,SUBARU,CROSSTREK,39.0379242,-76.99440642,2024,6,9
240030527,Property Damage Crash,06/28/2024 08:35:00 AM,TECH RD,NA,Angle,Clear,Dry,Daylight,Stop Sign,NONE DETECTED,Yes,No Apparent Injury,Other Improper Action,Not Distracted,MD,Passenger Car,Turning Right,25,No,2020,LAND ROVER,DISCOVERY,39.05591983,-76.96634067,2024,6,8
240030527,Property Damage Crash,06/28/2024 08:35:00 AM,TECH RD,NA,Angle,Clear,Dry,Daylight,Stop Sign,NONE DETECTED,No,No Apparent Injury,NA,Not Distracted,NY,Passenger Car,Turning Left,25,No,2018,JEEP,GRAND CHEROKEE,39.05591983,-76.96634067,2024,6,8
240030517,Property Damage Crash,06/28/2024 07:37:00 AM,GERMANTOWN RD (SB/L),NA,Front to Front,Cloudy,Dry,Daylight,Traffic Control Signal,NONE DETECTED,No,No Apparent Injury,NA,Not Distracted,MD,Passenger Car,Moving Constant Speed,35,No,2016,SUBARU,CROSSTREK,39.18210117,-77.26028633,2024,6,7
240030517,Property Damage Crash,06/28/2024 07:37:00 AM,GERMANTOWN RD (SB/L),NA,Front to Front,Cloudy,Dry,Daylight,Traffic Control Signal,NONE DETECTED,Yes,No Apparent Injury,Failed to Yield Right-of-Way,Not Distracted,MD,Passenger Car,Turning Left,35,No,2009,KIA,SPORTAGE,39.18210117,-77.26028633,2024,6,7
240040500,Property Damage Crash,06/28/2024 03:20:00 AM,COLESVILLE RD,NA,Single Vehicle,Clear,Dry,Medium,No Controls,NONE DETECTED,No,NA,NA,NA,NA,Passenger Car,NA,35,No,2015,VOLKSWAGEN,JETTA,39.0271575,-77.01004233,2024,6,3
240030484,Injury Crash,06/27/2024 10:30:00 PM,CONNECTICUT AVE,NA,Front to Rear,Clear,Dry,Medium,Lane Use Control Signal,NONE DETECTED,No,No Apparent Injury,NA,Not Distracted,MD,Passenger Car,Turning Left,40,No,2000,TOYOTA,CAMRY,39.05709035,-77.07351688,2024,6,22
240030482,Property Damage Crash,06/27/2024 10:13:00 PM,NA,NA,Angle,Clear,Dry,Medium,No Controls,NONE DETECTED,No,No Apparent Injury,NA,Not Distracted,MD,Sport Utility Vehicle,Moving Constant Speed,30,No,2023,HONDA,CR-V,39.0306385,-77.14728433,2024,6,22
240030482,Property Damage Crash,06/27/2024 10:13:00 PM,NA,NA,Angle,Clear,Dry,Medium,No Controls,NONE DETECTED,Yes,No Apparent Injury,NA,Not Distracted,MD,Passenger Car,Entering Traffic Lane,30,No,2007,HONDA,ACCORD,39.0306385,-77.14728433,2024,6,22
240030473,Property Damage Crash,06/27/2024 09:48:00 PM,MAPLE AVE,NA,Single Vehicle,Clear,Dry,Medium,No Controls,NONE DETECTED,No,No Apparent Injury,NA,Unknown,MD,Passenger Car,Accelerating,15,No,2022,TOYOTA,COROLLA,38.98365567,-77.00605696,2024,6,21
240030472,Property Damage Crash,06/27/2024 09:12:00 PM,NA,NA,Other,Clear,Dry,Medium,Stop Sign,NONE DETECTED,No,No Apparent Injury,NA,Not Distracted,MD,Passenger Car,Moving Constant Speed,30,No,2019,DODGE,CHARGER,39.10897382,-77.06624361,2024,6,21
240030472,Property Damage Crash,06/27/2024 09:12:00 PM,NA,NA,Other,Clear,Dry,Medium,Stop Sign,NONE DETECTED,Yes,No Apparent Injury,Failed to Yield Right-of-Way,Unknown,MD,Passenger Car,Turning Left,30,No,2012,HONDA,FIT,39.10897382,-77.06624361,2024,6,21
240030470,Injury Crash,06/27/2024 09:00:00 PM,LEWIS DR,NA,Rear To Rear,Clear,Dry,Medium,Traffic Control Signal,NONE DETECTED,No,No Apparent Injury,NA,Talking/listening,MD,Sport Utility Vehicle,Turning Left,30,No,2016,HONDA,CR-V,39.28847037,-77.20609446,2024,6,21
240030470,Injury Crash,06/27/2024 09:00:00 PM,LEWIS DR,NA,Rear To Rear,Clear,Dry,Medium,Traffic Control Signal,NONE DETECTED,No,Possible Minor Injury,NA,Not Distracted,MD,Passenger Car,Moving Constant Speed,30,No,1997,HONDA,CIVIC,39.28847037,-77.20609446,2024,6,21
240030466,Property Damage Crash,06/27/2024 08:30:00 PM,NA,NA,"Sideswipe, Same Direction",Clear,NA,Medium,NA,NONE DETECTED,Yes,NA,NA,NA,NA,Passenger Car,Accelerating,0,No,2011,HONDA,ODYSSEY,38.99831284,-77.00422516,2024,6,20
240030465,Property Damage Crash,06/27/2024 08:00:00 PM,PICCARD DR,NA,Rear To Side,Clear,Dry,Daylight,Traffic Control Signal,NONE DETECTED,No,No Apparent Injury,NA,Not Distracted,MD,Single-Unit Truck,Parked,25,No,2021,INTERNATIONAL,MV607,39.10869326,-77.18170341,2024,6,20
240030465,Property Damage Crash,06/27/2024 08:00:00 PM,PICCARD DR,NA,Rear To Side,Clear,Dry,Daylight,Traffic Control Signal,NONE DETECTED,Yes,No Apparent Injury,NA,Not Distracted,MD,Bus - Transit,Turning Right,25,No,2017,GILLIG,CITY TRANSIT BUS,39.10869326,-77.18170341,2024,6,20
240030460,Injury Crash,06/27/2024 07:47:00 PM,ELKIN ST,Cyclist (non-electric),Single Vehicle,Clear,Dry,Daylight,No Controls,NONE DETECTED,No,No Apparent Injury,NA,Not Distracted,MD,Passenger Car,Moving Constant Speed,25,No,2013,MINI,COOPER,39.04447922,-77.0490021,2024,6,19
240030461,Injury Crash,06/27/2024 07:27:00 PM,TUCKERMAN LA,NA,"Sideswipe, Opposite Direction",Clear,Dry,Daylight,Traffic Control Signal,NONE DETECTED,No,No Apparent Injury,NA,Not Distracted,DC,Passenger Car,Stopped in Traffic,30,No,2022,TESLA,MODEL 3,39.03690046,-77.14799831,2024,6,19
240030461,Injury Crash,06/27/2024 07:27:00 PM,TUCKERMAN LA,NA,"Sideswipe, Opposite Direction",Clear,Dry,Daylight,Traffic Control Signal,NONE DETECTED,No,Possible Minor Injury,NA,Not Distracted,MD,Passenger Car,Stopped in Traffic,30,No,2021,LEXUS,NX,39.03690046,-77.14799831,2024,6,19
240030461,Injury Crash,06/27/2024 07:27:00 PM,TUCKERMAN LA,NA,"Sideswipe, Opposite Direction",Clear,Dry,Daylight,Traffic Control Signal,NONE DETECTED,No,No Apparent Injury,"Failed to Keep in Proper Lane, Too Fast For Conditions",Not Distracted,MD,Passenger Car,Turning Right,30,No,2024,KIA,FORTE,39.03690046,-77.14799831,2024,6,19
240030457,Property Damage Crash,06/27/2024 07:00:00 PM,SHAKESPEARE BLVD (WB/L),NA,Front to Rear,Clear,Dry,Daylight,No Controls,NONE DETECTED,Yes,No Apparent Injury,"Failed to Yield Right-of-Way, Improper Passing, Other Improper Action",Unknown,MD,Passenger Car,Changing Lanes,35,No,2010,HONDA,ACCORD,39.19773279,-77.25388902,2024,6,19
240030457,Property Damage Crash,06/27/2024 07:00:00 PM,SHAKESPEARE BLVD (WB/L),NA,Front to Rear,Clear,Dry,Daylight,No Controls,NONE DETECTED,No,No Apparent Injury,NA,Not Distracted,MD,Passenger Car,Stopped in Traffic,35,No,2022,TOYOTA,COROLLA,39.19773279,-77.25388902,2024,6,19
240030454,Injury Crash,06/27/2024 06:44:00 PM,NA,NA,Angle,Clear,Dry,Daylight,Lane Use Control Signal,NONE DETECTED,Yes,No Apparent Injury,NA,Not Distracted,NA,Passenger Car,Turning Left,35,No,2013,HONDA,CIVIC,39.00007459,-77.02580611,2024,6,18
240030454,Injury Crash,06/27/2024 06:44:00 PM,NA,NA,Angle,Clear,Dry,Daylight,Lane Use Control Signal,NONE DETECTED,No,Possible Minor Injury,NA,Not Distracted,MD,Passenger Car,Moving Constant Speed,35,No,2022,HONDA,CR-V,39.00007459,-77.02580611,2024,6,18
240030446,Property Damage Crash,06/27/2024 05:56:00 PM,FREDERICK RD (SB/L),NA,Front to Rear,Clear,Dry,Daylight,Traffic Control Signal,NONE DETECTED,Yes,No Apparent Injury,"Other Improper Action, Too Fast For Conditions","Other Action (looking away from task, etc.)",MD,Passenger Car,Slowing or Stopping,45,No,2011,FORD,TAURUS,39.19836676,-77.2450045,2024,6,17
240030446,Property Damage Crash,06/27/2024 05:56:00 PM,FREDERICK RD (SB/L),NA,Front to Rear,Clear,Dry,Daylight,Traffic Control Signal,NONE DETECTED,No,No Apparent Injury,NA,Not Distracted,MD,Passenger Car,Stopped in Traffic,45,No,2012,TOYOTA,CAMRY,39.19836676,-77.2450045,2024,6,17
240030436,Property Damage Crash,06/27/2024 04:40:00 PM,E GUDE DR,NA,Front to Rear,Clear,Dry,Daylight,No Controls,NONE DETECTED,No,No Apparent Injury,NA,Not Distracted,MD,Van - Passenger (&lt;9 Seats),Slowing or Stopping,40,No,2017,FORD,TRANSIT,39.10239294,-77.14209388,2024,6,16
240030436,Property Damage Crash,06/27/2024 04:40:00 PM,E GUDE DR,NA,Front to Rear,Clear,Dry,Daylight,No Controls,NONE DETECTED,No,No Apparent Injury,Followed Too Closely,Unknown,MD,Passenger Car,Moving Constant Speed,40,No,2012,HONDA,CIVIC,39.10239294,-77.14209388,2024,6,16
240030436,Property Damage Crash,06/27/2024 04:40:00 PM,E GUDE DR,NA,Front to Rear,Clear,Dry,Daylight,No Controls,NONE DETECTED,No,No Apparent Injury,NA,Not Distracted,VA,Passenger Car,Slowing or Stopping,40,No,2018,SUBARU,WRX,39.10239294,-77.14209388,2024,6,16
240030416,Property Damage Crash,06/27/2024 03:40:00 PM,EISENHOWER MEMORIAL HWY (SB/L),NA,Front to Rear,Clear,Dry,Daylight,No Controls,NONE DETECTED,No,No Apparent Injury,NA,Not Distracted,MD,Sport Utility Vehicle,Backing,55,No,2023,FORD,EXPLORER,39.03880706,-77.14625556,2024,6,15
240030416,Property Damage Crash,06/27/2024 03:40:00 PM,EISENHOWER MEMORIAL HWY (SB/L),NA,Front to Rear,Clear,Dry,Daylight,No Controls,NONE DETECTED,No,No Apparent Injury,NA,Not Distracted,DC,Sport Utility Vehicle,Stopped in Traffic,55,No,2017,ACURA,MDX,39.03880706,-77.14625556,2024,6,15
240030425,Property Damage Crash,06/27/2024 03:30:00 PM,RIVER RD,NA,"Sideswipe, Same Direction",Clear,Dry,Daylight,Traffic Control Signal,NONE DETECTED,No,No Apparent Injury,Failed to Keep in Proper Lane,Unknown,NA,Sport Utility Vehicle,Changing Lanes,35,No,1996,TOYOTA,4-RUNNER,38.9926453,-77.16182529,2024,6,15
240030425,Property Damage Crash,06/27/2024 03:30:00 PM,RIVER RD,NA,"Sideswipe, Same Direction",Clear,Dry,Daylight,Traffic Control Signal,NONE DETECTED,No,No Apparent Injury,NA,Not Distracted,MD,Pickup,Moving Constant Speed,35,No,2022,TOYOTA,TACOMA,38.9926453,-77.16182529,2024,6,15
240030412,Injury Crash,06/27/2024 03:23:00 PM,IS 270 LOCAL LANES (NB),NA,Front to Rear,Clear,Dry,Daylight,No Controls,NONE DETECTED,No,No Apparent Injury,Followed Too Closely,"Other Action (looking away from task, etc.)",MD,Passenger Car,Moving Constant Speed,55,No,2016,HONDA,CIVIC,39.08694058,-77.17351499,2024,6,15
240030412,Injury Crash,06/27/2024 03:23:00 PM,IS 270 LOCAL LANES (NB),NA,Front to Rear,Clear,Dry,Daylight,No Controls,NONE DETECTED,No,Possible Minor Injury,NA,Not Distracted,MD,Passenger Car,Moving Constant Speed,55,No,2016,FORD,TAURUS,39.08694058,-77.17351499,2024,6,15
240030410,Property Damage Crash,06/27/2024 03:15:00 PM,NA,NA,Angle,Clear,Dry,Daylight,No Controls,NONE DETECTED,Yes,No Apparent Injury,NA,Unknown,MD,Passenger Car,Turning Left,35,No,2013,TOYOTA,SCION TC,39.15769712,-77.27069094,2024,6,15
240030410,Property Damage Crash,06/27/2024 03:15:00 PM,NA,NA,Angle,Clear,Dry,Daylight,No Controls,NONE DETECTED,No,No Apparent Injury,NA,Unknown,MD,Passenger Car,Moving Constant Speed,35,No,2009,TOYOTA,CAMRY,39.15769712,-77.27069094,2024,6,15
240030409,Injury Crash,06/27/2024 02:45:00 PM,NA,Pedestrian,Single Vehicle,Clear,NA,Daylight,NA,NONE DETECTED,Yes,No Apparent Injury,"Improper Backing, Operated Motor Vehicle in Inattentive, Careless, Negligent, or Erratic Manner, Operated Motor Vehicle in Reckless or Aggressive Manner, Other Improper Action, Over-Correcting/Over-Steering",Not Distracted,MD,Passenger Car,Backing,0,No,2014,HONDA,ACCORD,39.19829218,-77.25145092,2024,6,14
240030401,Property Damage Crash,06/27/2024 02:19:00 PM,LEWIS AVE,NA,"Sideswipe, Same Direction",Clear,Dry,Daylight,No Controls,NONE DETECTED,Yes,No Apparent Injury,NA,Not Distracted,MD,Passenger Car,Moving Constant Speed,25,No,2023,FORD,BRONCO,39.07222597,-77.13114854,2024,6,14
240030394,Injury Crash,06/27/2024 01:42:00 PM,WALTON RD,Pedestrian,Single Vehicle,Clear,Dry,Daylight,No Controls,NONE DETECTED,Yes,No Apparent Injury,NA,Unknown,VA,Pickup,Moving Constant Speed,25,No,2005,FORD,F-350,39.00986683,-77.11743058,2024,6,13
240030393,Property Damage Crash,06/27/2024 01:40:00 PM,NA,NA,Single Vehicle,Clear,NA,Daylight,NA,NONE DETECTED,Yes,No Apparent Injury,Failed to Keep in Proper Lane,Not Distracted,MD,Other Trucks,Accelerating,0,No,2018,RAM,4500,39.14860317,-77.22313028,2024,6,13
240030382,Injury Crash,06/27/2024 01:00:00 PM,NEW HAMPSHIRE AVE (SB/L),NA,Rear To Side,Clear,Dry,Daylight,Stop Sign,NONE DETECTED,Yes,No Apparent Injury,Failed to Yield Right-of-Way,Not Distracted,MD,Passenger Car,Turning Left,25,No,2018,HONDA,CIVIC,39.03085778,-76.98404889,2024,6,13
240030382,Injury Crash,06/27/2024 01:00:00 PM,NEW HAMPSHIRE AVE (SB/L),NA,Rear To Side,Clear,Dry,Daylight,No Controls,NONE DETECTED,No,Possible Minor Injury,NA,Not Distracted,MD,Passenger Car,Moving Constant Speed,40,No,2009,AUDI,A4,39.03085778,-76.98404889,2024,6,13
240030570,Property Damage Crash,06/27/2024 11:30:00 AM,E GUDE DR (WB/L),NA,Angle,Clear,Dry,Daylight,Traffic Control Signal,NONE DETECTED,No,No Apparent Injury,NA,Unknown,MD,Passenger Car,Changing Lanes,40,No,2017,TOYOTA,TACOMA,39.10658266,-77.152105,2024,6,11
240030570,Property Damage Crash,06/27/2024 11:30:00 AM,E GUDE DR (WB/L),NA,Angle,Clear,Dry,Daylight,Traffic Control Signal,NONE DETECTED,No,No Apparent Injury,NA,Unknown,MD,Passenger Car,Entering Traffic Lane,30,No,2008,LEXUS,ES,39.10658266,-77.152105,2024,6,11
240030361,Injury Crash,06/27/2024 10:30:00 AM,UNIVERSITY BLVD W (WB/L),NA,Angle,Clear,Dry,Daylight,Traffic Control Signal,NONE DETECTED,No,Possible Minor Injury,NA,Not Distracted,MD,Passenger Car,Moving Constant Speed,35,No,2014,TOYOTA,COROLLA,39.03400167,-77.07230333,2024,6,10
240030361,Injury Crash,06/27/2024 10:30:00 AM,UNIVERSITY BLVD W (WB/L),NA,Angle,Clear,Dry,Daylight,Traffic Control Signal,NONE DETECTED,No,No Apparent Injury,NA,Not Distracted,MD,Passenger Car,Turning Left,35,No,2015,FORD,ESCAPE,39.03400167,-77.07230333,2024,6,10
240030366,Injury Crash,06/27/2024 10:25:00 AM,HADDONFIELD WAY,NA,Angle,Clear,Dry,Daylight,No Controls,NONE DETECTED,No,Possible Minor Injury,NA,Unknown,VA,Passenger Car,NA,30,No,2014,TOYOTA,COROLLA,39.11293876,-77.28213253,2024,6,10
240030366,Injury Crash,06/27/2024 10:25:00 AM,HADDONFIELD WAY,NA,Angle,Clear,Dry,Daylight,Yield Sign,NONE DETECTED,No,No Apparent Injury,NA,Unknown,MD,Passenger Car,Entering Traffic Lane,30,No,2022,JEEP,UNKNOWN,39.11293876,-77.28213253,2024,6,10
240030334,Property Damage Crash,06/27/2024 08:33:00 AM,OLD STAGE RD,NA,Other,Clear,Dry,Daylight,No Controls,NONE DETECTED,Yes,No Apparent Injury,NA,"Other Action (looking away from task, etc.)",MD,Sport Utility Vehicle,Moving Constant Speed,25,No,2014,MERCEDES-BENZ,M-CLASS,39.05136396,-77.14988045,2024,6,8
240030334,Property Damage Crash,06/27/2024 08:33:00 AM,OLD STAGE RD,NA,Other,Clear,Dry,Daylight,No Controls,NONE DETECTED,No,No Apparent Injury,NA,Not Distracted,MD,Pickup,Parked,25,No,2017,FORD,F-150,39.05136396,-77.14988045,2024,6,8
240030323,Injury Crash,06/27/2024 06:47:00 AM,STRATHMORE AVE,NA,Rear To Rear,Clear,Dry,Daylight,Pedestrian Crossing Sign,NONE DETECTED,No,No Apparent Injury,NA,Not Distracted,MD,Sport Utility Vehicle,Slowing or Stopping,25,No,2024,TOYOTA,VENZA,39.034605,-77.09856833,2024,6,6
240030323,Injury Crash,06/27/2024 06:47:00 AM,STRATHMORE AVE,NA,Rear To Rear,Clear,Dry,Daylight,Pedestrian Crossing Sign,NONE DETECTED,Yes,No Apparent Injury,NA,Not Distracted,MD,Bus - Transit,Slowing or Stopping,25,No,2009,GILLIG,CITY TRANSIT BUS,39.034605,-77.09856833,2024,6,6
240030317,Property Damage Crash,06/27/2024 05:50:00 AM,NA,NA,Single Vehicle,Clear,NA,Daylight,NA,NONE DETECTED,Yes,No Apparent Injury,NA,Unknown,MD,Passenger Car,Turning Left,0,No,2015,FORD,TAURUS,39.17577465,-77.17730605,2024,6,5
240030318,Property Damage Crash,06/27/2024 05:38:00 AM,NA,NA,Front to Front,Clear,Dry,Medium,No Controls,NONE DETECTED,No,No Apparent Injury,NA,Unknown,MD,Pickup,Moving Constant Speed,30,No,2023,TOYOTA,TACOMA,39.28291235,-77.3150478,2024,6,5
240030318,Property Damage Crash,06/27/2024 05:38:00 AM,NA,NA,Front to Front,Clear,Dry,Medium,No Controls,NONE DETECTED,Yes,No Apparent Injury,NA,Unknown,MD,Sport Utility Vehicle,Entering Traffic Lane,30,No,2003,FORD,ESCAPE,39.28291235,-77.3150478,2024,6,5
240030313,Property Damage Crash,06/27/2024 02:21:00 AM,BROOKS AVE,NA,Single Vehicle,Rain,Wet,Medium,No Controls,NONE DETECTED,Yes,No Apparent Injury,NA,Not Distracted,MD,Passenger Car,Moving Constant Speed,15,No,2007,HYUNDAI,ELANTRA,39.14296912,-77.19988419,2024,6,2
240030306,Property Damage Crash,06/26/2024 10:56:00 PM,LIVINGSTON ST,NA,Single Vehicle,Rain,Wet,Medium,No Controls,NONE DETECTED,No,No Apparent Injury,"Other Improper Action, Too Fast For Conditions",Unknown,MD,Passenger Car,Moving Constant Speed,25,No,2019,TOYOTA,COROLLA,39.05730767,-77.05657417,2024,6,22
240030308,Injury Crash,06/26/2024 09:58:00 PM,WASHINGTON GROVE LA,Pedestrian,Single Vehicle,Rain,Wet,Dark,No Controls,NONE DETECTED,No,No Apparent Injury,NA,Not Distracted,MD,Passenger Car,Moving Constant Speed,30,No,2013,MAZDA,MAZDA6,39.1522949,-77.16479472,2024,6,21
240030298,Injury Crash,06/26/2024 09:47:00 PM,MONTGOMERY VILLAGE AVE,NA,Angle,Rain,Wet,Medium,Other,NONE DETECTED,Yes,No Apparent Injury,NA,Unknown,MD,Passenger Car,Turning Left,35,No,2013,MERCEDES-BENZ,C-CLASS,39.15257395,-77.21197393,2024,6,21
240030298,Injury Crash,06/26/2024 09:47:00 PM,MONTGOMERY VILLAGE AVE,NA,Angle,Rain,Wet,Medium,Other,NONE DETECTED,No,No Apparent Injury,NA,Unknown,MD,Passenger Car,Moving Constant Speed,35,No,2023,DODGE,CHARGER,39.15257395,-77.21197393,2024,6,21
240030291,Injury Crash,06/26/2024 08:55:00 PM,FREDERICK RD,NA,Front to Front,Clear,Dry,Medium,Traffic Control Signal,NONE DETECTED,No,Possible Minor Injury,NA,Not Distracted,MD,Passenger Car,Stopped in Traffic,40,No,2017,TOYOTA,RAV4,39.1064436,-77.15822908,2024,6,20
240030291,Injury Crash,06/26/2024 08:55:00 PM,FREDERICK RD,NA,Front to Front,Clear,Dry,Medium,Traffic Control Signal,NONE DETECTED,No,No Apparent Injury,NA,Not Distracted,MD,Passenger Car,Stopped in Traffic,40,No,2015,TOYOTA,SIENNA,39.1064436,-77.15822908,2024,6,20
240030291,Injury Crash,06/26/2024 08:55:00 PM,FREDERICK RD,NA,Front to Front,Clear,Dry,Medium,Traffic Control Signal,ALCOHOL PRESENT,Yes,No Apparent Injury,"Failed to Keep in Proper Lane, Improper Turn, Operated Motor Vehicle in Inattentive, Careless, Negligent, or Erratic Manner, Too Fast For Conditions, Wrong Side, Wrong Way",Unknown,MD,Passenger Car,Turning Right,40,No,2015,MAZDA,CX-9,39.1064436,-77.15822908,2024,6,20
240030426,Property Damage Crash,06/26/2024 08:00:00 PM,FRANKLIN ST,NA,"Sideswipe, Same Direction",Clear,NA,Dark,No Controls,NONE DETECTED,Yes,No Apparent Injury,Other Improper Action,Unknown,MD,Station Wagon,Moving Constant Speed,25,No,2011,SUBARU,OUTBACK,39.01824632,-77.07873607,2024,6,20
240030426,Property Damage Crash,06/26/2024 08:00:00 PM,FRANKLIN ST,NA,"Sideswipe, Same Direction",Clear,NA,Dark,No Controls,NONE DETECTED,No,No Apparent Injury,NA,Not Distracted,VA,Passenger Car,Parked,25,No,2017,SUBARU,FORESTER,39.01824632,-77.07873607,2024,6,20
240030275,Property Damage Crash,06/26/2024 07:30:00 PM,RIDGE RD,NA,Front to Rear,Clear,Dry,Daylight,No Controls,NONE DETECTED,Yes,No Apparent Injury,NA,Not Distracted,MD,Passenger Car,Accelerating,40,No,2017,NISSAN,ROGUE,39.19971094,-77.25953312,2024,6,19
240030278,Property Damage Crash,06/26/2024 07:30:00 PM,WISCONSIN AVE (SB/L),NA,"Sideswipe, Same Direction",Clear,Dry,Daylight,Traffic Control Signal,NONE DETECTED,No,No Apparent Injury,NA,Not Distracted,MD,Passenger Car,Moving Constant Speed,30,No,2015,TOYOTA,PRIUS,38.99279496,-77.09617693,2024,6,19
240030278,Property Damage Crash,06/26/2024 07:30:00 PM,WISCONSIN AVE (SB/L),NA,"Sideswipe, Same Direction",Clear,Dry,Daylight,Traffic Control Signal,NONE DETECTED,Yes,No Apparent Injury,"Failed to Keep in Proper Lane, Failed to Yield Right-of-Way, Improper Passing",Not Distracted,US,Passenger Car,Changing Lanes,30,No,2023,NISSAN,UNKNOWN,38.99279496,-77.09617693,2024,6,19
240030275,Property Damage Crash,06/26/2024 07:30:00 PM,RIDGE RD,NA,Front to Rear,Clear,Dry,Daylight,No Controls,NONE DETECTED,No,No Apparent Injury,NA,Not Distracted,MD,Passenger Car,Accelerating,40,No,2022,SUBARU,IMPREZA,39.19971094,-77.25953312,2024,6,19
240030272,Property Damage Crash,06/26/2024 07:05:00 PM,NEW HAMPSHIRE AVE,NA,Front to Rear,Clear,Dry,Daylight,Traffic Control Signal,NONE DETECTED,No,NA,NA,NA,NA,Pickup,NA,40,No,2018,FORD,F-250,39.02031507,-76.97660149,2024,6,19
240030272,Property Damage Crash,06/26/2024 07:05:00 PM,NEW HAMPSHIRE AVE,NA,Front to Rear,Clear,Dry,Daylight,Traffic Control Signal,NONE DETECTED,No,No Apparent Injury,NA,Not Distracted,MD,Passenger Car,Stopped in Traffic,40,No,2013,NISSAN,ALTIMA,39.02031507,-76.97660149,2024,6,19
240030274,Injury Crash,06/26/2024 05:11:00 PM,E DEER PARK DR,NA,Rear To Side,Clear,Dry,Daylight,Traffic Control Signal,NONE DETECTED,No,No Apparent Injury,NA,Unknown,MD,Passenger Car,Turning Left,30,No,2012,CHEVROLET,SONIC,39.132107,-77.1890185,2024,6,17
240030274,Injury Crash,06/26/2024 05:11:00 PM,E DEER PARK DR,NA,Rear To Side,Clear,Dry,Daylight,Traffic Control Signal,NONE DETECTED,No,Possible Minor Injury,NA,Not Distracted,MD,Passenger Car,Turning Right,30,No,2024,HONDA,ACCORD,39.132107,-77.1890185,2024,6,17
240030248,Property Damage Crash,06/26/2024 04:20:00 PM,REDLAND RD,NA,Angle,Clear,Dry,Daylight,No Controls,NONE DETECTED,No,No Apparent Injury,NA,Not Distracted,MD,Passenger Car,Entering Traffic Lane,35,No,2006,TOYOTA,SIENNA,39.14486679,-77.14448177,2024,6,16