Local Case Number,ACRS Report Type,Crash Date/Time,Road Name,Related Non-Motorist,Collision Type,Weather,Surface Condition,Light,Traffic Control,Driver Substance Abuse,Driver At Fault,Injury Severity,Circumstance,Driver Distracted By,Drivers License State,Vehicle Body Type,Vehicle Movement,Speed Limit,Driverless Vehicle,Vehicle Year,Vehicle Make,Vehicle Model,Latitude,Longitude,Year,Month,Hour
240029630,Injury Crash,06/22/2024 05:41:00 PM,NA,Pedestrian,Single Vehicle,Clear,NA,Daylight,NA,NONE DETECTED,No,Possible Minor Injury,NA,Not Distracted,MD,Passenger Car,Moving Constant Speed,0,No,2016,KIA,FORTE,39.17157726,-77.20507312,2024,6,17
240029631,Injury Crash,06/22/2024 05:27:00 PM,WATKINS MILL RD (SB/L),NA,Other,Clear,Dry,Daylight,No Controls,NONE DETECTED,No,Possible Minor Injury,NA,Not Distracted,MD,Passenger Car,Moving Constant Speed,35,No,2016,TOYOTA,SCION IA,39.160393,-77.21535117,2024,6,17
240029631,Injury Crash,06/22/2024 05:27:00 PM,WATKINS MILL RD (SB/L),NA,Other,Clear,Dry,Daylight,No Controls,NONE DETECTED,Yes,No Apparent Injury,NA,Unknown,MD,Passenger Car,Making U-Turn,35,No,2015,FORD,F-150,39.160393,-77.21535117,2024,6,17
240029624,Injury Crash,06/22/2024 04:48:00 PM,BEL PRE RD,NA,"Sideswipe, Same Direction",Clear,Dry,Daylight,No Controls,NONE DETECTED,Yes,Possible Minor Injury,NA,Not Distracted,MD,Passenger Car,Turning Right,40,No,2013,HYUNDAI,SONATA,39.090515,-77.04682833,2024,6,16
240029624,Injury Crash,06/22/2024 04:48:00 PM,BEL PRE RD,NA,"Sideswipe, Same Direction",Clear,Dry,Daylight,No Controls,NONE DETECTED,No,Possible Minor Injury,NA,Not Distracted,MD,Sport Utility Vehicle,Moving Constant Speed,40,No,2019,CHEVROLET,EQUINOX,39.090515,-77.04682833,2024,6,16
240029621,Property Damage Crash,06/22/2024 04:35:00 PM,PRICE AVE,NA,Front to Front,Clear,Dry,Daylight,No Controls,NONE DETECTED,Yes,No Apparent Injury,"Failed to Yield Right-of-Way, Improper Turn",Unknown,VA,Passenger Car,Turning Left,25,No,2011,CHEVROLET,MALIBU,39.04013469,-77.05118142,2024,6,16
240029621,Property Damage Crash,06/22/2024 04:35:00 PM,PRICE AVE,NA,Front to Front,Clear,Dry,Daylight,No Controls,NONE DETECTED,No,No Apparent Injury,NA,Not Distracted,DC,Passenger Car,Moving Constant Speed,25,No,2023,TOYOTA,RAV4,39.04013469,-77.05118142,2024,6,16
240029615,Injury Crash,06/22/2024 04:34:00 PM,FREDERICK RD,Pedestrian,Single Vehicle,Clear,Dry,Daylight,Traffic Control Signal,NONE DETECTED,Yes,No Apparent Injury,NA,Not Distracted,MD,Passenger Car,Turning Left,35,No,2012,BMW,528I,39.11742428,-77.16901823,2024,6,16
240029614,Property Damage Crash,06/22/2024 04:30:00 PM,CHELTENHAM DR,NA,Angle,Clear,Dry,Daylight,Traffic Control Signal,NONE DETECTED,Yes,No Apparent Injury,NA,Not Distracted,VA,Sport Utility Vehicle,Turning Right,35,No,2018,HONDA,CR-V,38.98828629,-77.09500078,2024,6,16
240029614,Property Damage Crash,06/22/2024 04:30:00 PM,CHELTENHAM DR,NA,Angle,Clear,Dry,Daylight,Traffic Control Signal,NONE DETECTED,No,No Apparent Injury,NA,Not Distracted,MD,Passenger Car,Moving Constant Speed,35,No,2015,HONDA,CIVIC,38.98828629,-77.09500078,2024,6,16
240029611,Injury Crash,06/22/2024 04:06:00 PM,REDLAND RD,NA,Front to Rear,Clear,Dry,Daylight,Traffic Control Signal,NONE DETECTED,Yes,No Apparent Injury,NA,Unknown,MD,Pickup,Moving Constant Speed,30,No,2003,FORD,F-150,39.11704599,-77.16474436,2024,6,16
240029611,Injury Crash,06/22/2024 04:06:00 PM,REDLAND RD,NA,Front to Rear,Clear,Dry,Daylight,Traffic Control Signal,NONE DETECTED,No,Possible Minor Injury,NA,Not Distracted,MD,Pickup,Stopped in Traffic,30,No,2004,TOYOTA,TACOMA,39.11704599,-77.16474436,2024,6,16
240029607,Property Damage Crash,06/22/2024 03:43:00 PM,WILSON LA,NA,Single Vehicle,Clear,Dry,Daylight,No Controls,NONE DETECTED,Yes,No Apparent Injury,"Swerved or Avoided Due to Wind, Slippery Surface, Motor Vehicle, Object, Non-Motorist in Roadway, etc",Unknown,MD,Pickup,Moving Constant Speed,30,No,2024,RAM,1500,38.97836879,-77.14260938,2024,6,15
240029607,Property Damage Crash,06/22/2024 03:43:00 PM,WILSON LA,NA,Single Vehicle,Clear,Dry,Daylight,No Controls,NONE DETECTED,No,NA,NA,NA,NA,Passenger Car,Parked,30,No,1998,TOYOTA,CAMRY,38.97836879,-77.14260938,2024,6,15
240029618,Property Damage Crash,06/22/2024 02:50:00 PM,CONNECTICUT AVE,NA,Front to Rear,Clear,Dry,Daylight,Traffic Control Signal,NONE DETECTED,No,No Apparent Injury,NA,Unknown,MD,Passenger Car,NA,35,No,2022,TOYOTA,COROLLA,39.00551754,-77.07800004,2024,6,14
240029618,Property Damage Crash,06/22/2024 02:50:00 PM,CONNECTICUT AVE,NA,Front to Rear,Clear,Dry,Daylight,Traffic Control Signal,NONE DETECTED,No,No Apparent Injury,NA,Not Distracted,MD,Sport Utility Vehicle,Slowing or Stopping,35,No,2023,HYUNDAI,KONA,39.00551754,-77.07800004,2024,6,14
240029601,Property Damage Crash,06/22/2024 02:04:00 PM,N SUMMIT AVE,NA,Other,Clear,Dry,Daylight,No Controls,NONE DETECTED,Yes,No Apparent Injury,Other Improper Action,Unknown,NA,Passenger Car,Accelerating,0,No,2012,KIA,SORENTO,39.14492517,-77.19257071,2024,6,14
240029603,Property Damage Crash,06/22/2024 01:54:00 PM,HOMECREST RD,NA,Front to Front,Clear,Dry,Daylight,Stop Sign,NONE DETECTED,No,No Apparent Injury,Failed to Yield Right-of-Way,Not Distracted,NJ,Passenger Car,Accelerating,25,No,2009,SUBARU,IMPREZA,39.10373433,-77.05421783,2024,6,13
240029603,Property Damage Crash,06/22/2024 01:54:00 PM,HOMECREST RD,NA,Front to Front,Clear,Dry,Daylight,Stop Sign,NONE DETECTED,No,No Apparent Injury,NA,Not Distracted,MD,Passenger Car,Moving Constant Speed,25,No,2022,DODGE,CHARGER,39.10373433,-77.05421783,2024,6,13
240029595,Property Damage Crash,06/22/2024 01:40:00 PM,NA,NA,"Sideswipe, Same Direction",Clear,Dry,Daylight,No Controls,NONE DETECTED,Yes,No Apparent Injury,Ran Off Roadway,Unknown,MD,Sport Utility Vehicle,NA,35,No,2020,MITSUBISHI,OUTLANDER,39.1697105,-77.18466783,2024,6,13
240029594,Property Damage Crash,06/22/2024 01:30:00 PM,BOWIE MILL RD,NA,Front to Rear,Clear,Dry,Daylight,No Controls,NONE DETECTED,No,No Apparent Injury,NA,Not Distracted,MD,Passenger Car,Slowing or Stopping,35,No,2015,BMW,320I,39.14860833,-77.11274137,2024,6,13
240029594,Property Damage Crash,06/22/2024 01:30:00 PM,BOWIE MILL RD,NA,Front to Rear,Clear,Dry,Daylight,No Controls,NONE DETECTED,Yes,No Apparent Injury,NA,Unknown,MD,Passenger Car,Moving Constant Speed,35,No,2018,JAGUAR,UNKNOWN,39.14860833,-77.11274137,2024,6,13
240029596,Property Damage Crash,06/22/2024 01:20:00 PM,NA,NA,"Sideswipe, Same Direction",Clear,NA,Daylight,NA,NONE DETECTED,Yes,No Apparent Injury,Other Improper Action,Unknown,MD,Other,Turning Right,0,No,2023,RIVIAN,R1S,39.16288792,-77.20414094,2024,6,13
240029589,Injury Crash,06/22/2024 12:15:00 PM,BROADBIRCH DR,NA,Front to Rear,Clear,Dry,Daylight,No Controls,NONE DETECTED,No,No Apparent Injury,NA,Not Distracted,DC,Passenger Car,Moving Constant Speed,25,No,2019,NISSAN,SENTRA,39.055756,-76.96218283,2024,6,12
240029589,Injury Crash,06/22/2024 12:15:00 PM,BROADBIRCH DR,NA,Front to Rear,Clear,Dry,Daylight,No Controls,NONE DETECTED,No,No Apparent Injury,NA,Not Distracted,MD,Passenger Car,Making U-Turn,25,No,2014,TOYOTA,COROLLA,39.055756,-76.96218283,2024,6,12
240029587,Property Damage Crash,06/22/2024 12:10:00 PM,GREAT SENECA HWY (SB/L),NA,Front to Rear,Clear,Dry,Daylight,Traffic Control Signal,NONE DETECTED,No,NA,NA,NA,NA,Sport Utility Vehicle,Slowing or Stopping,45,No,0,NA,NA,39.10876566,-77.21245424,2024,6,12
240029587,Property Damage Crash,06/22/2024 12:10:00 PM,GREAT SENECA HWY (SB/L),NA,Front to Rear,Clear,Dry,Daylight,Traffic Control Signal,NONE DETECTED,Yes,No Apparent Injury,Followed Too Closely,Unknown,MD,Passenger Car,Turning Left,45,No,2015,LEXUS,RX,39.10876566,-77.21245424,2024,6,12
240029573,Property Damage Crash,06/22/2024 10:52:00 AM,GEORGIA AVE (SB/L),NA,"Sideswipe, Same Direction",Clear,Dry,Daylight,Traffic Control Signal,NONE DETECTED,No,NA,NA,NA,NA,Passenger Car,Moving Constant Speed,35,No,0,NA,NA,39.06131051,-77.05263751,2024,6,10
240029573,Property Damage Crash,06/22/2024 10:52:00 AM,GEORGIA AVE (SB/L),NA,"Sideswipe, Same Direction",Clear,Dry,Daylight,Traffic Control Signal,NONE DETECTED,No,No Apparent Injury,NA,Not Distracted,MD,Bus - Transit,Turning Left,35,No,2009,GILLIG,CITY TRANSIT BUS,39.06131051,-77.05263751,2024,6,10
240029564,Injury Crash,06/22/2024 09:20:00 AM,AMITY DR,NA,Front to Front,Clear,Dry,Daylight,No Controls,NONE DETECTED,Yes,Possible Minor Injury,Failed to Yield Right-of-Way,Unknown,MD,Van - Passenger (&lt;9 Seats),Turning Left,25,No,2014,CHRYSLER,TOWN AND COUNTRY,39.14407579,-77.16811196,2024,6,9
240029564,Injury Crash,06/22/2024 09:20:00 AM,AMITY DR,NA,Front to Front,Clear,Dry,Daylight,No Controls,NONE DETECTED,No,Possible Minor Injury,NA,Unknown,MD,Passenger Car,Moving Constant Speed,25,No,2016,FORD,FOCUS,39.14407579,-77.16811196,2024,6,9
240029556,Property Damage Crash,06/22/2024 05:26:00 AM,FIRSTFIELD RD (EB/L),NA,Other,Clear,Dry,Medium,Flashing Traffic Control Signal,NONE DETECTED,No,No Apparent Injury,Failed to Yield Right-of-Way,Unknown,MD,Passenger Car,Moving Constant Speed,25,No,2014,FORD,UNKNOWN,39.14370352,-77.22412481,2024,6,5
240029556,Property Damage Crash,06/22/2024 05:26:00 AM,FIRSTFIELD RD (EB/L),NA,Other,Clear,Dry,Medium,Flashing Traffic Control Signal,NONE DETECTED,No,No Apparent Injury,NA,Not Distracted,MD,Passenger Car,Moving Constant Speed,35,No,2018,HONDA,CR-V,39.14370352,-77.22412481,2024,6,5
240029557,Injury Crash,06/22/2024 05:15:00 AM,UNIVERSITY BLVD E,NA,Single Vehicle,Clear,Dry,Daylight,Traffic Control Signal,NONE DETECTED,Yes,Possible Minor Injury,NA,Unknown,DC,Passenger Car,Turning Left,35,No,2003,TOYOTA,4-RUNNER,39.0156755,-77.00541667,2024,6,5
240029547,Property Damage Crash,06/22/2024 01:59:00 AM,RANDOLPH RD,NA,Unknown,Clear,Dry,Dark,Traffic Control Signal,NONE DETECTED,No,NA,NA,NA,NA,Passenger Car,NA,35,No,2011,MAZDA,MAZDA3,39.05828055,-77.05550503,2024,6,1
240033317,Property Damage Crash,06/21/2024 11:40:00 PM,CHESTNUT ST,NA,Single Vehicle,Clear,Dry,Medium,No Controls,NONE DETECTED,No,No Apparent Injury,Failed to Keep in Proper Lane,Not Distracted,MD,Passenger Car,Accelerating,25,No,2020,FORD,EDGE,39.14386309,-77.2018297,2024,6,23
240029539,Property Damage Crash,06/21/2024 11:33:00 PM,FENTON ST,NA,"Sideswipe, Same Direction",Clear,Dry,Medium,No Controls,NONE DETECTED,Yes,No Apparent Injury,NA,Not Distracted,DC,Bus - Transit,Changing Lanes,25,No,2011,NEW FLYER,TRANSIT BUS,38.99670193,-77.02531108,2024,6,23
240029539,Property Damage Crash,06/21/2024 11:33:00 PM,FENTON ST,NA,"Sideswipe, Same Direction",Clear,Dry,Medium,No Controls,NONE DETECTED,No,No Apparent Injury,NA,Not Distracted,DC,Van - Passenger (&lt;9 Seats),Parked,25,No,2016,TOYOTA,SIENNA,38.99670193,-77.02531108,2024,6,23
240029537,Property Damage Crash,06/21/2024 11:04:00 PM,AVONSHIRE DR,NA,Angle,Clear,Dry,Medium,No Controls,NONE DETECTED,No,NA,NA,NA,NA,NA,Moving Constant Speed,15,No,0,NA,NA,39.0820809,-76.95052464,2024,6,23
240029534,Property Damage Crash,06/21/2024 10:39:00 PM,BOILING BROOK PKWY,NA,Other,Clear,Dry,Dark,No Controls,NONE DETECTED,No,No Apparent Injury,NA,Not Distracted,MD,Passenger Car,Moving Constant Speed,20,No,2014,NISSAN,VERSA,39.04751689,-77.09791297,2024,6,22
240029534,Property Damage Crash,06/21/2024 10:39:00 PM,BOILING BROOK PKWY,NA,Other,Clear,Dry,Dark,Stop Sign,NONE DETECTED,Yes,No Apparent Injury,NA,Unknown,VA,Passenger Car,Accelerating,20,No,2022,TOYOTA,COROLLA,39.04751689,-77.09791297,2024,6,22
240029535,Property Damage Crash,06/21/2024 10:17:00 PM,TALLAHASSEE AVE,NA,"Sideswipe, Same Direction",Clear,Dry,Medium,No Controls,NONE DETECTED,No,NA,NA,NA,NA,Van - Passenger (&lt;9 Seats),Moving Constant Speed,25,No,2012,FORD,E-550,39.06966865,-77.09587626,2024,6,22
240029528,Property Damage Crash,06/21/2024 09:38:00 PM,RAMP 4 FR MD200A NB TO SHADY GROVE RD EB,NA,Front to Front,Clear,Dry,Medium,No Controls,NONE DETECTED,No,No Apparent Injury,NA,Not Distracted,MD,Passenger Car,Moving Constant Speed,35,No,2017,KIA,SORENTO,39.12806333,-77.16083667,2024,6,21
240029528,Property Damage Crash,06/21/2024 09:38:00 PM,RAMP 4 FR MD200A NB TO SHADY GROVE RD EB,NA,Front to Front,Clear,Dry,Medium,No Controls,ALCOHOL PRESENT,Yes,No Apparent Injury,"Disregarded Other Road Markings, Operated Motor Vehicle in Inattentive, Careless, Negligent, or Erratic Manner, Wrong Way",Unknown,MD,Passenger Car,Moving Constant Speed,35,No,2013,HONDA,ACCORD,39.12806333,-77.16083667,2024,6,21
240029530,Injury Crash,06/21/2024 09:35:00 PM,RIDGE RD,NA,Single Vehicle,Clear,Dry,Medium,No Controls,ALCOHOL PRESENT,Yes,Possible Minor Injury,"Ran Off Roadway, Too Fast For Conditions",Unknown,FL,Passenger Car,Moving Constant Speed,35,No,2013,FORD,TAURUS,39.28762502,-77.2071544,2024,6,21
240029531,Property Damage Crash,06/21/2024 09:00:00 PM,OLD RANDOLPH RD,NA,Single Vehicle,Clear,Dry,Medium,No Controls,NONE DETECTED,No,NA,NA,NA,NA,Passenger Car,Turning Left,40,No,2017,NISSAN,SENTRA,39.06505079,-77.03706703,2024,6,21
240029511,Property Damage Crash,06/21/2024 07:48:00 PM,NA,NA,"Sideswipe, Same Direction",Clear,NA,Daylight,NA,NONE DETECTED,No,NA,NA,NA,NA,Passenger Car,Backing,0,No,2007,MITSUBISHI,OUTLANDER,39.08909449,-77.06729974,2024,6,19
240029508,Injury Crash,06/21/2024 07:42:00 PM,TOWNE RD,NA,Front to Rear,Clear,Dry,Daylight,Traffic Control Signal,ALCOHOL PRESENT,No,No Apparent Injury,NA,Not Distracted,MD,Sport Utility Vehicle,Accelerating,35,No,2008,HONDA,CR-V,39.05202223,-77.11844977,2024,6,19
240029508,Injury Crash,06/21/2024 07:42:00 PM,TOWNE RD,NA,Front to Rear,Clear,Dry,Daylight,Traffic Control Signal,NONE DETECTED,No,Possible Minor Injury,NA,Not Distracted,MD,Passenger Car,Stopped in Traffic,35,No,2014,TOYOTA,CAMRY,39.05202223,-77.11844977,2024,6,19
240029500,Property Damage Crash,06/21/2024 06:48:00 PM,OLD COLUMBIA PIKE,NA,Angle,Clear,Dry,Daylight,Stop Sign,NONE DETECTED,No,No Apparent Injury,NA,Not Distracted,MD,Passenger Car,Turning Left,25,No,2006,TOYOTA,AVALON,39.11078986,-76.93358537,2024,6,18
240029500,Property Damage Crash,06/21/2024 06:48:00 PM,OLD COLUMBIA PIKE,NA,Angle,Clear,Dry,Daylight,No Controls,NONE DETECTED,No,No Apparent Injury,NA,Not Distracted,MD,Sport Utility Vehicle,Moving Constant Speed,25,No,2023,NISSAN,ROGUE,39.11078986,-76.93358537,2024,6,18
240029509,Property Damage Crash,06/21/2024 06:20:00 PM,STEDWICK RD,NA,Front to Rear,Clear,Dry,Daylight,Traffic Control Signal,NONE DETECTED,No,No Apparent Injury,NA,Not Distracted,MD,Sport Utility Vehicle,Accelerating,25,No,2015,GMC,ACADIA,39.16974876,-77.204625,2024,6,18
240029509,Property Damage Crash,06/21/2024 06:20:00 PM,STEDWICK RD,NA,Front to Rear,Clear,Dry,Daylight,Traffic Control Signal,NONE DETECTED,Yes,No Apparent Injury,"Followed Too Closely, Other Improper Action, Too Fast For Conditions",Unknown,MD,NA,Slowing or Stopping,25,No,0,NA,NA,39.16974876,-77.204625,2024,6,18
240029484,Injury Crash,06/21/2024 04:45:00 PM,NA,NA,Angle,Clear,Dry,Daylight,No Controls,NONE DETECTED,No,Possible Minor Injury,NA,Not Distracted,MD,Passenger Car,Moving Constant Speed,40,No,2017,HYUNDAI,SONATA,39.16546853,-77.16921658,2024,6,16
240029484,Injury Crash,06/21/2024 04:45:00 PM,NA,NA,Angle,Clear,Dry,Daylight,No Controls,NONE DETECTED,Yes,No Apparent Injury,NA,Not Distracted,MD,Passenger Car,Accelerating,40,No,2009,CHEVROLET,HHR,39.16546853,-77.16921658,2024,6,16
240029482,Property Damage Crash,06/21/2024 04:39:00 PM,NA,NA,Angle,Clear,Dry,Daylight,No Controls,NONE DETECTED,No,No Apparent Injury,NA,Not Distracted,MD,Passenger Car,Moving Constant Speed,40,No,2018,TOYOTA,COROLLA,39.19266237,-77.24302306,2024,6,16
240029482,Property Damage Crash,06/21/2024 04:39:00 PM,NA,NA,Angle,Clear,Dry,Daylight,No Controls,NONE DETECTED,Yes,No Apparent Injury,Failed to Yield Right-of-Way,Not Distracted,MD,Passenger Car,Entering Traffic Lane,40,No,2012,HYUNDAI,SONATA,39.19266237,-77.24302306,2024,6,16
240029478,Property Damage Crash,06/21/2024 04:15:00 PM,UNIVERSITY BLVD W (WB/L),NA,Angle,Clear,Dry,Daylight,Traffic Control Signal,NONE DETECTED,No,No Apparent Injury,NA,Not Distracted,MD,Passenger Car,Accelerating,35,No,2023,MERCEDES-BENZ,CLA-CLASS,39.039165,-77.05799667,2024,6,16
240029478,Property Damage Crash,06/21/2024 04:15:00 PM,UNIVERSITY BLVD W (WB/L),NA,Angle,Clear,Dry,Daylight,Traffic Control Signal,NONE DETECTED,Yes,No Apparent Injury,Failed to Yield Right-of-Way,"Other Action (looking away from task, etc.)",MD,Passenger Car,Entering Traffic Lane,35,No,2020,TOYOTA,COROLLA,39.039165,-77.05799667,2024,6,16
240029493,Property Damage Crash,06/21/2024 03:51:00 PM,NA,NA,"Sideswipe, Same Direction",Clear,Dry,Daylight,Traffic Control Signal,NONE DETECTED,No,NA,NA,NA,NA,Passenger Car,Accelerating,30,No,2024,ACURA,INTEGRA,39.05310983,-77.11089015,2024,6,15
240029493,Property Damage Crash,06/21/2024 03:51:00 PM,NA,NA,"Sideswipe, Same Direction",Clear,Dry,Daylight,Traffic Control Signal,NONE DETECTED,No,No Apparent Injury,NA,Not Distracted,WV,Pickup,Stopped in Traffic,30,No,2023,FORD,F-150,39.05310983,-77.11089015,2024,6,15
240029468,Property Damage Crash,06/21/2024 03:07:00 PM,ROCKVILLE PIKE (SB/L),NA,Rear To Side,Clear,Dry,Daylight,Yield Sign,NONE DETECTED,No,No Apparent Injury,NA,Not Distracted,MD,Passenger Car,Moving Constant Speed,35,No,2014,FORD,MUSTANG,39.04329917,-77.11135867,2024,6,15
240029468,Property Damage Crash,06/21/2024 03:07:00 PM,ROCKVILLE PIKE (SB/L),NA,Rear To Side,Clear,Dry,Daylight,Yield Sign,NONE DETECTED,Yes,No Apparent Injury,NA,Not Distracted,MD,Passenger Car,Turning Left,45,No,2014,HONDA,ACCORD,39.04329917,-77.11135867,2024,6,15
240029462,Property Damage Crash,06/21/2024 02:05:00 PM,NA,NA,Single Vehicle,Clear,NA,Daylight,NA,NONE DETECTED,No,No Apparent Injury,Other Improper Action,Not Distracted,MD,Van - Passenger (&lt;9 Seats),Accelerating,0,No,2019,HONDA,ODYSSEY,38.98206859,-77.09825369,2024,6,14
240029458,Property Damage Crash,06/21/2024 02:00:00 PM,WYNNWOOD RD,NA,Rear To Side,Clear,Dry,Daylight,Stop Sign,NONE DETECTED,No,No Apparent Injury,NA,Not Distracted,MD,Passenger Car,Stopped in Traffic,25,No,2018,SUBARU,OUTBACK,38.96752228,-77.1219163,2024,6,14
240029458,Property Damage Crash,06/21/2024 02:00:00 PM,WYNNWOOD RD,NA,Rear To Side,Clear,Dry,Daylight,Stop Sign,NONE DETECTED,No,NA,NA,NA,NA,Single-Unit Truck,Backing,25,No,1996,PETERBILT,377,38.96752228,-77.1219163,2024,6,14
240029453,Property Damage Crash,06/21/2024 01:42:00 PM,NA,NA,Rear To Side,Clear,Dry,Daylight,Traffic Control Signal,NONE DETECTED,No,No Apparent Injury,NA,Not Distracted,MD,Pickup,Moving Constant Speed,30,No,2022,TOYOTA,TACOMA,39.28472343,-77.20996554,2024,6,13
240029453,Property Damage Crash,06/21/2024 01:42:00 PM,NA,NA,Rear To Side,Clear,Dry,Daylight,Traffic Control Signal,NONE DETECTED,No,No Apparent Injury,Ran Red Light,Unknown,MD,Sport Utility Vehicle,Moving Constant Speed,35,No,2015,ACURA,MDX,39.28472343,-77.20996554,2024,6,13
240029450,Property Damage Crash,06/21/2024 01:15:00 PM,COLUMBIA PIKE (SB/L),NA,Front to Rear,Clear,Dry,Daylight,Traffic Control Signal,NONE DETECTED,Yes,No Apparent Injury,NA,Not Distracted,MD,Passenger Car,Accelerating,50,No,2020,ACURA,MDX,39.09567936,-76.93812906,2024,6,13
240029450,Property Damage Crash,06/21/2024 01:15:00 PM,COLUMBIA PIKE (SB/L),NA,Front to Rear,Clear,Dry,Daylight,Traffic Control Signal,NONE DETECTED,No,No Apparent Injury,NA,Not Distracted,MD,Passenger Car,Accelerating,50,No,2016,CHEVROLET,TRAX,39.09567936,-76.93812906,2024,6,13
240029451,Property Damage Crash,06/21/2024 01:12:00 PM,SOUTHWICK ST,NA,Other,Clear,Dry,Daylight,No Controls,NONE DETECTED,No,No Apparent Injury,Improper Backing,Not Distracted,MD,Sport Utility Vehicle,Backing,25,No,2000,FORD,EXPLORER,38.9996505,-77.11379427,2024,6,13
240029440,Injury Crash,06/21/2024 12:05:00 PM,NEW HAMPSHIRE AVE (SB/L),Scooter (electric),Single Vehicle,Clear,Dry,Daylight,Traffic Control Signal,NONE DETECTED,No,No Apparent Injury,NA,Not Distracted,MD,Passenger Car,Accelerating,40,No,2009,MAZDA,CX-9,39.03979415,-76.99075001,2024,6,12
240029452,Property Damage Crash,06/21/2024 12:00:00 PM,CASTLE BLVD (SB/L),NA,Single Vehicle,Clear,Dry,Daylight,No Controls,NONE DETECTED,No,No Apparent Injury,NA,Unknown,MD,Unknown,NA,30,No,2013,TOYOTA,SIENNA,39.081645,-76.94530183,2024,6,12
240029436,Injury Crash,06/21/2024 11:57:00 AM,FREDERICK RD,NA,Rear To Side,Clear,Dry,Daylight,No Controls,NONE DETECTED,Yes,No Apparent Injury,Failed to Yield Right-of-Way,Unknown,MD,Passenger Car,Entering Traffic Lane,45,No,2021,TOYOTA,CAMRY,39.17537842,-77.2380027,2024,6,11
240029436,Injury Crash,06/21/2024 11:57:00 AM,FREDERICK RD,NA,Rear To Side,Clear,Dry,Daylight,No Controls,NONE DETECTED,No,Possible Minor Injury,NA,Not Distracted,MD,Sport Utility Vehicle,Moving Constant Speed,45,No,2023,TOYOTA,RAV4,39.17537842,-77.2380027,2024,6,11
240029431,Property Damage Crash,06/21/2024 11:10:00 AM,BONIFANT RD,NA,Front to Rear,Clear,Dry,Daylight,Traffic Control Signal,NONE DETECTED,Yes,No Apparent Injury,NA,Not Distracted,MD,Passenger Car,Accelerating,35,No,2017,HYUNDAI,ELANTRA,39.09058719,-77.04477308,2024,6,11
240029431,Property Damage Crash,06/21/2024 11:10:00 AM,BONIFANT RD,NA,Front to Rear,Clear,Dry,Daylight,Traffic Control Signal,NONE DETECTED,No,No Apparent Injury,NA,Not Distracted,MD,Pickup,Stopped in Traffic,35,No,2023,HONDA,RIDGELINE,39.09058719,-77.04477308,2024,6,11
240029430,Injury Crash,06/21/2024 10:00:00 AM,E JEFFERSON ST,Pedestrian,Single Vehicle,Clear,Dry,Daylight,"Person (including flagger, law enforcement, crossing guard, etc.",NONE DETECTED,Yes,No Apparent Injury,"Operated Motor Vehicle in Inattentive, Careless, Negligent, or Erratic Manner, Other Improper Action",Unknown,MD,Sport Utility Vehicle,Turning Left,30,No,2010,TOYOTA,FJ CRUISER,39.05090634,-77.12610338,2024,6,10
240029406,Property Damage Crash,06/21/2024 09:08:00 AM,LINDEN LA,NA,"Sideswipe, Same Direction",Clear,Dry,Daylight,Traffic Control Signal,NONE DETECTED,No,No Apparent Injury,NA,Not Distracted,MD,Passenger Car,Accelerating,25,No,1991,HONDA,CIVIC,39.00903198,-77.04393352,2024,6,9
240029406,Property Damage Crash,06/21/2024 09:08:00 AM,LINDEN LA,NA,"Sideswipe, Same Direction",Clear,Dry,Daylight,Pedestrian Crossing,NONE DETECTED,Yes,No Apparent Injury,NA,Not Distracted,MD,"Construction Equipment (backhoe, bulldozer, etc.)",Accelerating,25,No,2021,FORD,F-750,39.00903198,-77.04393352,2024,6,9