Local Case Number,ACRS Report Type,Crash Date/Time,Road Name,Related Non-Motorist,Collision Type,Weather,Surface Condition,Light,Traffic Control,Driver Substance Abuse,Driver At Fault,Injury Severity,Circumstance,Driver Distracted By,Drivers License State,Vehicle Body Type,Vehicle Movement,Speed Limit,Driverless Vehicle,Vehicle Year,Vehicle Make,Vehicle Model,Latitude,Longitude,Year,Month,Hour
240029411,Property Damage Crash,06/21/2024 09:00:00 AM,SEMINARY PL,NA,"Sideswipe, Same Direction",Clear,Dry,Daylight,Traffic Control Signal,NONE DETECTED,No,No Apparent Injury,NA,Not Distracted,MD,Passenger Car,Turning Left,35,No,2015,CHEVROLET,SONIC,39.00970867,-77.0404695,2024,6,9
240029411,Property Damage Crash,06/21/2024 09:00:00 AM,SEMINARY PL,NA,"Sideswipe, Same Direction",Clear,Dry,Daylight,Traffic Control Signal,NONE DETECTED,No,No Apparent Injury,Failed to Keep in Proper Lane,Not Distracted,MD,Passenger Car,Moving Constant Speed,35,No,2000,BMW,323I,39.00970867,-77.0404695,2024,6,9
240029402,Property Damage Crash,06/21/2024 07:54:00 AM,NA,NA,Rear To Side,Clear,Dry,Daylight,No Controls,NONE DETECTED,No,No Apparent Injury,NA,Not Distracted,MD,All-Terrain Vehicle/All-Terrain Cycle (ATV/ATC),Moving Constant Speed,25,No,2006,ACURA,TSX,38.982066,-77.09864033,2024,6,7
240029402,Property Damage Crash,06/21/2024 07:54:00 AM,NA,NA,Rear To Side,Clear,Dry,Daylight,Traffic Control Signal,NONE DETECTED,No,No Apparent Injury,NA,Not Distracted,MD,Passenger Car,Stopped in Traffic,25,No,2015,JEEP,GRAND CHEROKEE,38.982066,-77.09864033,2024,6,7
240029402,Property Damage Crash,06/21/2024 07:54:00 AM,NA,NA,Rear To Side,Clear,Dry,Daylight,Traffic Control Signal,NONE DETECTED,Yes,No Apparent Injury,Ran Red Light,Not Distracted,MD,Passenger Car,NA,25,No,2007,MERCEDES-BENZ,E-CLASS,38.982066,-77.09864033,2024,6,7
240029398,Injury Crash,06/21/2024 05:00:00 AM,NA,NA,"Sideswipe, Same Direction",Clear,Dry,Medium,No Controls,NONE DETECTED,Yes,Possible Minor Injury,"Operated Motor Vehicle in Inattentive, Careless, Negligent, or Erratic Manner",Unknown,MD,Passenger Car,Moving Constant Speed,30,No,2006,HYUNDAI,AZERA,39.11424133,-77.16780469,2024,6,5
240030443,Property Damage Crash,06/20/2024 09:00:00 PM,ROCKVILLE PIKE,NA,Front to Rear,Clear,Dry,Medium,Traffic Control Signal,NONE DETECTED,No,No Apparent Injury,NA,Not Distracted,MD,Passenger Car,Moving Constant Speed,35,No,2003,TOYOTA,COROLLA,39.08411435,-77.14709887,2024,6,21
240030443,Property Damage Crash,06/20/2024 09:00:00 PM,ROCKVILLE PIKE,NA,Front to Rear,Clear,Dry,Medium,Traffic Control Signal,NONE DETECTED,No,NA,NA,NA,NA,Passenger Car,Moving Constant Speed,35,No,2016,TOYOTA,CAMRY,39.08411435,-77.14709887,2024,6,21
240029354,Property Damage Crash,06/20/2024 08:53:00 PM,FERN ST,NA,Front to Rear,Clear,Dry,Medium,Traffic Control Signal,ALCOHOL PRESENT,No,No Apparent Injury,NA,Not Distracted,MD,Sport Utility Vehicle,Accelerating,25,No,2020,MITSUBISHI,OUTLANDER,39.03907898,-77.04971368,2024,6,20
240029354,Property Damage Crash,06/20/2024 08:53:00 PM,FERN ST,NA,Front to Rear,Clear,Dry,Medium,Traffic Control Signal,NONE DETECTED,No,No Apparent Injury,NA,Not Distracted,MD,Sport Utility Vehicle,Stopped in Traffic,25,No,2024,HONDA,HR-V,39.03907898,-77.04971368,2024,6,20
240029345,Property Damage Crash,06/20/2024 07:15:00 PM,FLANDERS AVE,NA,Single Vehicle,Clear,Dry,Daylight,No Controls,NONE DETECTED,No,No Apparent Injury,NA,Not Distracted,IL,Passenger Car,Moving Constant Speed,15,No,2019,HONDA,ACCORD,39.0378094,-77.09767903,2024,6,19
240029336,Injury Crash,06/20/2024 05:15:00 PM,NA,Pedestrian,Single Vehicle,Clear,NA,Daylight,NA,NONE DETECTED,No,No Apparent Injury,NA,Not Distracted,MD,Passenger Car,Entering Traffic Lane,0,No,2009,ACURA,MDX,39.15644589,-77.21386805,2024,6,17
240029325,Injury Crash,06/20/2024 05:11:00 PM,QUINCE ORCHARD RD (SB/L),Pedestrian,Single Vehicle,Clear,Dry,Daylight,Traffic Control Signal,NONE DETECTED,No,No Apparent Injury,NA,Not Distracted,MD,Passenger Car,Accelerating,35,No,2023,VOLKSWAGEN,JETTA,39.14510035,-77.21997238,2024,6,17
240029324,Property Damage Crash,06/20/2024 05:09:00 PM,NA,NA,"Sideswipe, Opposite Direction",Clear,NA,Daylight,NA,NONE DETECTED,No,No Apparent Injury,"Failed to Yield Right-of-Way, Too Fast For Conditions",Unknown,MD,Passenger Car,Accelerating,0,No,2019,HYUNDAI,ELANTRA,39.04521167,-77.11342717,2024,6,17
240029324,Property Damage Crash,06/20/2024 05:09:00 PM,NA,NA,"Sideswipe, Opposite Direction",Clear,NA,Daylight,NA,NONE DETECTED,No,No Apparent Injury,NA,Not Distracted,MD,Sport Utility Vehicle,Moving Constant Speed,0,No,2015,NISSAN,ROGUE,39.04521167,-77.11342717,2024,6,17
240029326,Injury Crash,06/20/2024 04:53:00 PM,IDLEWOOD RD,NA,Angle,Clear,Dry,Daylight,Stop Sign,NONE DETECTED,Yes,Possible Minor Injury,Ran Stop Sign,Not Distracted,MD,Passenger Car,Moving Constant Speed,25,No,2017,LAND ROVER,RANGE ROVER SPORT,39.04432246,-77.08416004,2024,6,16
240029326,Injury Crash,06/20/2024 04:53:00 PM,IDLEWOOD RD,NA,Angle,Clear,Dry,Daylight,No Controls,NONE DETECTED,No,Possible Minor Injury,NA,Not Distracted,MD,Passenger Car,Moving Constant Speed,25,No,2015,TOYOTA,PRIUS V,39.04432246,-77.08416004,2024,6,16
240029321,Injury Crash,06/20/2024 04:41:00 PM,NA,Pedestrian,Single Vehicle,Clear,Dry,Daylight,Traffic Control Signal,NONE DETECTED,No,No Apparent Injury,NA,Not Distracted,MD,Sport Utility Vehicle,Turning Right,25,No,2021,MERCEDES-BENZ,GLE-CLASS,39.02641051,-77.14402384,2024,6,16
240029318,Injury Crash,06/20/2024 04:40:00 PM,WOODFIELD RD,NA,Angle,Clear,Dry,Daylight,No Controls,NONE DETECTED,No,Possible Minor Injury,NA,Not Distracted,MD,Sport Utility Vehicle,Moving Constant Speed,40,No,2017,KIA,SORENTO,39.27428767,-77.20436433,2024,6,16
240029318,Injury Crash,06/20/2024 04:40:00 PM,WOODFIELD RD,NA,Angle,Clear,Dry,Daylight,No Controls,NONE DETECTED,No,No Apparent Injury,Failed to Yield Right-of-Way,Unknown,MD,Passenger Car,Turning Left,40,No,2018,TOYOTA,CAMRY,39.27428767,-77.20436433,2024,6,16
240029322,Injury Crash,06/20/2024 04:33:00 PM,TWINBROOK PKWY,NA,"Sideswipe, Opposite Direction",Clear,Dry,Daylight,Traffic Control Signal,NONE DETECTED,No,No Apparent Injury,NA,Not Distracted,MD,Sport Utility Vehicle,Stopped in Traffic,35,No,2022,VOLKSWAGEN,UNKNOWN,39.05883185,-77.11854585,2024,6,16
240029322,Injury Crash,06/20/2024 04:33:00 PM,TWINBROOK PKWY,NA,"Sideswipe, Opposite Direction",Clear,Dry,Daylight,Traffic Control Signal,NONE DETECTED,No,Possible Minor Injury,NA,Not Distracted,MD,Sport Utility Vehicle,Stopped in Traffic,35,No,2018,MERCEDES-BENZ,GLE-CLASS,39.05883185,-77.11854585,2024,6,16
240029322,Injury Crash,06/20/2024 04:33:00 PM,TWINBROOK PKWY,NA,"Sideswipe, Opposite Direction",Clear,Dry,Daylight,No Controls,NONE DETECTED,No,No Apparent Injury,NA,Unknown,MD,Passenger Car,Making U-Turn,35,No,2005,LEXUS,IS,39.05883185,-77.11854585,2024,6,16
240029322,Injury Crash,06/20/2024 04:33:00 PM,TWINBROOK PKWY,NA,"Sideswipe, Opposite Direction",Clear,Dry,Daylight,Traffic Control Signal,NONE DETECTED,No,Possible Minor Injury,NA,Not Distracted,MD,Passenger Car,Stopped in Traffic,35,No,2014,CHEVROLET,IMPALA,39.05883185,-77.11854585,2024,6,16
240029317,Property Damage Crash,06/20/2024 03:40:00 PM,NA,NA,"Sideswipe, Same Direction",Clear,Dry,Daylight,No Controls,NONE DETECTED,No,No Apparent Injury,NA,Not Distracted,MD,Sport Utility Vehicle,Moving Constant Speed,30,No,2013,TOYOTA,RAV4,38.99622583,-77.02786506,2024,6,15
240029317,Property Damage Crash,06/20/2024 03:40:00 PM,NA,NA,"Sideswipe, Same Direction",Clear,Dry,Daylight,No Controls,NONE DETECTED,Yes,No Apparent Injury,Failed to Yield Right-of-Way,"Other Action (looking away from task, etc.)",MD,Bus - Transit,Changing Lanes,30,No,2020,NOVABUS,LOW FLOOR,38.99622583,-77.02786506,2024,6,15
240029298,Property Damage Crash,06/20/2024 02:58:00 PM,CHURCH ST (WB/L),NA,Angle,Clear,Dry,Daylight,Traffic Control Signal,NONE DETECTED,No,No Apparent Injury,NA,Not Distracted,MD,Bus - Transit,Turning Left,35,No,2017,GILLIG,UNKNOWN,39.08355884,-77.14694113,2024,6,14
240029298,Property Damage Crash,06/20/2024 02:58:00 PM,CHURCH ST (WB/L),NA,Angle,Clear,Dry,Daylight,Traffic Control Signal,NONE DETECTED,Yes,No Apparent Injury,NA,Unknown,NA,Passenger Car,Moving Constant Speed,35,No,2016,NISSAN,ALTIMA,39.08355884,-77.14694113,2024,6,14
240029299,Injury Crash,06/20/2024 02:45:00 PM,EAST WEST HWY,NA,"Sideswipe, Opposite Direction",Clear,Dry,Daylight,No Controls,NONE DETECTED,No,No Apparent Injury,NA,Not Distracted,MD,Pickup,Moving Constant Speed,35,No,2017,FORD,F-350,38.99591995,-77.04122187,2024,6,14
240029299,Injury Crash,06/20/2024 02:45:00 PM,EAST WEST HWY,NA,"Sideswipe, Opposite Direction",Clear,Dry,Daylight,No Controls,NONE DETECTED,No,Possible Minor Injury,NA,Not Distracted,MD,Other,Moving Constant Speed,35,No,2000,FORD,UNKNOWN,38.99591995,-77.04122187,2024,6,14
240029296,Property Damage Crash,06/20/2024 02:35:00 PM,SAFE HARBOR CT,NA,"Sideswipe, Same Direction",Clear,Dry,Daylight,No Controls,NONE DETECTED,No,No Apparent Injury,NA,Not Distracted,MD,Sport Utility Vehicle,Moving Constant Speed,25,No,2022,LEXUS,GX,39.08260538,-77.20869881,2024,6,14
240029296,Property Damage Crash,06/20/2024 02:35:00 PM,SAFE HARBOR CT,NA,"Sideswipe, Same Direction",Clear,Dry,Daylight,No Controls,NONE DETECTED,No,No Apparent Injury,Failed to Yield Right-of-Way,Not Distracted,DC,Other,Entering Traffic Lane,25,No,1990,GRUMMAN,UNKNOWN,39.08260538,-77.20869881,2024,6,14
240029295,Property Damage Crash,06/20/2024 02:00:00 PM,NA,NA,"Sideswipe, Same Direction",Clear,Dry,Daylight,No Controls,NONE DETECTED,No,NA,NA,NA,NA,NA,Moving Constant Speed,35,No,0,NA,NA,38.96339614,-77.12118137,2024,6,14
240029295,Property Damage Crash,06/20/2024 02:00:00 PM,NA,NA,"Sideswipe, Same Direction",Clear,Dry,Daylight,No Controls,NONE DETECTED,No,No Apparent Injury,NA,Not Distracted,MD,Bus - Transit,Moving Constant Speed,35,No,2013,GILLIG,CITY TRANSIT BUS,38.96339614,-77.12118137,2024,6,14
240029306,Property Damage Crash,06/20/2024 01:45:00 PM,SEVEN LOCKS RD,NA,"Sideswipe, Same Direction",Clear,Dry,Daylight,No Controls,NONE DETECTED,No,No Apparent Injury,NA,Not Distracted,MD,Passenger Car,Moving Constant Speed,25,No,2008,HONDA,CIVIC,38.97587406,-77.16145894,2024,6,13
240029306,Property Damage Crash,06/20/2024 01:45:00 PM,SEVEN LOCKS RD,NA,"Sideswipe, Same Direction",Clear,Dry,Daylight,No Controls,NONE DETECTED,No,NA,NA,NA,NA,Passenger Car,Overtaking/Passing,25,No,2011,HYUNDAI,GENESIS,38.97587406,-77.16145894,2024,6,13
240029282,Property Damage Crash,06/20/2024 01:07:00 PM,DEMOCRACY BLVD (EB/L),NA,"Sideswipe, Same Direction",Clear,Dry,Daylight,No Controls,NONE DETECTED,No,No Apparent Injury,NA,Unknown,MD,Pickup,NA,30,No,2012,NISSAN,FRONTIER,39.02223194,-77.13413302,2024,6,13
240029282,Property Damage Crash,06/20/2024 01:07:00 PM,DEMOCRACY BLVD (EB/L),NA,"Sideswipe, Same Direction",Clear,Dry,Daylight,No Controls,NONE DETECTED,No,No Apparent Injury,NA,Unknown,VA,Passenger Car,NA,30,No,2016,HYUNDAI,ELANTRA,39.02223194,-77.13413302,2024,6,13
240029283,Property Damage Crash,06/20/2024 01:06:00 PM,NA,NA,Other,Clear,NA,Daylight,NA,NONE DETECTED,No,No Apparent Injury,NA,Not Distracted,MD,Passenger Car,Slowing or Stopping,0,No,2024,NISSAN,SENTRA,39.09764045,-77.20019692,2024,6,13
240029283,Property Damage Crash,06/20/2024 01:06:00 PM,NA,NA,Other,Clear,NA,Daylight,NA,NONE DETECTED,Yes,No Apparent Injury,Improper Backing,Unknown,MD,Passenger Car,Backing,0,No,2013,AUDI,A7,39.09764045,-77.20019692,2024,6,13
240029274,Property Damage Crash,06/20/2024 12:44:00 PM,N HORNERS LA,NA,"Sideswipe, Same Direction",Clear,Dry,Daylight,Traffic Control Signal,NONE DETECTED,No,No Apparent Injury,NA,Not Distracted,MD,Bus - Transit,Negotiating a Curve,25,No,2017,GILLIG,UNKNOWN,39.08692953,-77.14345694,2024,6,12
240029274,Property Damage Crash,06/20/2024 12:44:00 PM,N HORNERS LA,NA,"Sideswipe, Same Direction",Clear,Dry,Daylight,Traffic Control Signal,NONE DETECTED,Yes,No Apparent Injury,NA,Not Distracted,MD,Passenger Car,Negotiating a Curve,25,No,2019,HYUNDAI,SONATA,39.08692953,-77.14345694,2024,6,12
240029270,Injury Crash,06/20/2024 12:40:00 PM,NA,NA,Front to Rear,Clear,Dry,Daylight,No Controls,NONE DETECTED,No,Possible Minor Injury,NA,Not Distracted,MD,Passenger Car,Slowing or Stopping,35,No,2019,HONDA,CR-V,39.14544633,-77.2033485,2024,6,12
240029270,Injury Crash,06/20/2024 12:40:00 PM,NA,NA,Front to Rear,Clear,Dry,Daylight,No Controls,NONE DETECTED,No,No Apparent Injury,Followed Too Closely,Not Distracted,MD,Passenger Car,Slowing or Stopping,35,No,2014,HONDA,CR-V,39.14544633,-77.2033485,2024,6,12
240029314,Property Damage Crash,06/20/2024 12:04:00 PM,NA,NA,"Sideswipe, Same Direction",Clear,NA,Daylight,NA,NONE DETECTED,Yes,No Apparent Injury,"Improper Turn, Other Improper Action",Unknown,MD,Sport Utility Vehicle,Turning Right,0,No,2019,INFINITI,Q60,39.09177632,-77.04762211,2024,6,12
240029264,Property Damage Crash,06/20/2024 11:00:00 AM,FERNSHIRE RD,NA,"Sideswipe, Opposite Direction",Clear,Dry,Daylight,No Controls,NONE DETECTED,Yes,No Apparent Injury,Improper Turn,Unknown,MD,Pickup,Turning Left,30,No,2021,CHEVROLET,SILVERADO HD,39.13202314,-77.24478497,2024,6,11
240029264,Property Damage Crash,06/20/2024 11:00:00 AM,FERNSHIRE RD,NA,"Sideswipe, Opposite Direction",Clear,Dry,Daylight,Stop Sign,NONE DETECTED,No,No Apparent Injury,NA,Not Distracted,MD,Passenger Car,Stopped in Traffic,25,No,2015,HONDA,ACCORD,39.13202314,-77.24478497,2024,6,11
240029248,Injury Crash,06/20/2024 09:59:00 AM,WILSON LA (WB/L),Cyclist (non-electric),Single Vehicle,Clear,Dry,Daylight,Traffic Control Signal,NONE DETECTED,Yes,No Apparent Injury,Followed Too Closely,Unknown,MD,Passenger Car,Moving Constant Speed,30,No,2023,HONDA,ACCORD,38.98399202,-77.13715592,2024,6,9
240029244,Injury Crash,06/20/2024 09:53:00 AM,COLUMBIA PIKE (SB/L),NA,"Sideswipe, Same Direction",Clear,Dry,Daylight,No Controls,DRUG PRESENT,Yes,Possible Minor Injury,Failed to Yield Right-of-Way,Not Distracted,MD,Passenger Car,Entering Traffic Lane,50,No,2008,CHEVROLET,TRAILBLAZER,39.05943246,-76.96635146,2024,6,9
240029273,Property Damage Crash,06/20/2024 09:53:00 AM,FALLS RD,NA,Front to Rear,Clear,Dry,Daylight,No Controls,NONE DETECTED,No,No Apparent Injury,NA,Not Distracted,MD,Passenger Car,Turning Right,15,No,2020,ACURA,RDX,39.01764886,-77.20923868,2024,6,9
240029244,Injury Crash,06/20/2024 09:53:00 AM,COLUMBIA PIKE (SB/L),NA,"Sideswipe, Same Direction",Clear,Dry,Daylight,No Controls,NONE DETECTED,No,No Apparent Injury,NA,Not Distracted,MD,Passenger Car,Moving Constant Speed,50,No,2004,FORD,RANGER,39.05943246,-76.96635146,2024,6,9
240029242,Injury Crash,06/20/2024 09:40:00 AM,NA,NA,Angle,Clear,Dry,Daylight,Traffic Control Signal,NONE DETECTED,No,No Apparent Injury,NA,Not Distracted,MD,Passenger Car,Moving Constant Speed,30,No,2023,MINI,COOPER,39.11567615,-77.16616599,2024,6,9
240029242,Injury Crash,06/20/2024 09:40:00 AM,NA,NA,Angle,Clear,Dry,Daylight,Traffic Control Signal,NONE DETECTED,No,Possible Minor Injury,NA,Not Distracted,MD,Sport Utility Vehicle,Moving Constant Speed,40,No,2024,LEXUS,LX,39.11567615,-77.16616599,2024,6,9
240029232,Injury Crash,06/20/2024 08:43:00 AM,RAMP 10 FR RAMP 5 TO OMEGA DR,NA,Other,Clear,Dry,Daylight,Stop Sign,NONE DETECTED,Yes,No Apparent Injury,Failed to Yield Right-of-Way,Unknown,MD,Passenger Car,Accelerating,25,No,2023,CHEVROLET,VOLT,39.110948,-77.19174312,2024,6,8
240029232,Injury Crash,06/20/2024 08:43:00 AM,RAMP 10 FR RAMP 5 TO OMEGA DR,NA,Other,Clear,Dry,Daylight,No Controls,NONE DETECTED,No,Possible Minor Injury,NA,Not Distracted,FL,Passenger Car,Moving Constant Speed,35,No,2021,KIA,FORTE,39.110948,-77.19174312,2024,6,8
240029229,Property Damage Crash,06/20/2024 07:53:00 AM,LORAIN AVE,NA,Single Vehicle,Clear,Dry,Daylight,No Controls,NONE DETECTED,No,NA,Other Improper Action,NA,NA,Passenger Car,Accelerating,25,No,2015,CHRYSLER,200,39.0200695,-77.016793,2024,6,7
240029225,Property Damage Crash,06/20/2024 07:08:00 AM,BRADLEY BLVD (SB/L),NA,Front to Rear,Clear,Dry,Daylight,Traffic Control Signal,NONE DETECTED,No,No Apparent Injury,NA,Unknown,MD,Passenger Car,Moving Constant Speed,30,No,2018,HONDA,CR-V,38.97765946,-77.10093993,2024,6,7
240029225,Property Damage Crash,06/20/2024 07:08:00 AM,BRADLEY BLVD (SB/L),NA,Front to Rear,Clear,Dry,Daylight,Traffic Control Signal,NONE DETECTED,No,No Apparent Injury,NA,Not Distracted,MD,Bus - School,Slowing or Stopping,30,No,2014,THOMAS BUILT,SCHOOL BUS,38.97765946,-77.10093993,2024,6,7
240029221,Property Damage Crash,06/20/2024 06:15:00 AM,TWINBROOK PKWY,NA,Front to Rear,Clear,Dry,Daylight,No Controls,NONE DETECTED,Yes,No Apparent Injury,Failed to Keep in Proper Lane,"Other Action (looking away from task, etc.)",MD,Sport Utility Vehicle,NA,25,No,2018,CHEVROLET,TRAVERSE,39.07881916,-77.1128581,2024,6,6
24001202,Property Damage Crash,06/20/2024 12:49:00 AM,NA,NA,Single Vehicle,Clear,NA,Medium,NA,DRUG AND ALCOHOL CONTRIBUTED,Yes,No Apparent Injury,Other Improper Action,Not Distracted,MD,Passenger Car,Moving Constant Speed,0,No,2021,HONDA,CIVIC,39.03024574,-77.00618412,2024,6,0
240029211,Property Damage Crash,06/19/2024 09:52:00 PM,ELLINGTON BLVD,NA,"Sideswipe, Opposite Direction",Clear,Dry,Medium,Traffic Control Signal,NONE DETECTED,No,No Apparent Injury,NA,Not Distracted,MD,Passenger Car,Turning Left,35,No,2009,AUDI,200,39.115696,-77.20400468,2024,6,21
240029211,Property Damage Crash,06/19/2024 09:52:00 PM,ELLINGTON BLVD,NA,"Sideswipe, Opposite Direction",Clear,Dry,Medium,Traffic Control Signal,NONE DETECTED,No,NA,NA,NA,NA,Passenger Car,Turning Right,35,No,0,NA,NA,39.115696,-77.20400468,2024,6,21
240029207,Injury Crash,06/19/2024 09:32:00 PM,ROCKVILLE PIKE (SB/L),NA,Front to Rear,Clear,Dry,Medium,Traffic Control Signal,NONE DETECTED,Yes,No Apparent Injury,NA,Unknown,MD,Passenger Car,Slowing or Stopping,35,No,2012,JEEP,WRANGLER,39.07445022,-77.1358296,2024,6,21
240029207,Injury Crash,06/19/2024 09:32:00 PM,ROCKVILLE PIKE (SB/L),NA,Front to Rear,Clear,Dry,Medium,Traffic Control Signal,NONE DETECTED,No,No Apparent Injury,NA,Unknown,MD,Passenger Car,Stopped in Traffic,35,No,2023,HONDA,CIVIC,39.07445022,-77.1358296,2024,6,21
240029199,Injury Crash,06/19/2024 08:31:00 PM,WOODFIELD RD,NA,Single Vehicle,Clear,Dry,Medium,Traffic Control Signal,NONE DETECTED,No,Suspected Serious Injury,Ran Off Roadway,Unknown,MD,Sport Utility Vehicle,Moving Constant Speed,45,No,2010,MERCEDES-BENZ,GL-CLASS,39.18550733,-77.1507435,2024,6,20
240029193,Injury Crash,06/19/2024 06:58:00 PM,NA,Scooter (electric),Single Vehicle,Clear,NA,Daylight,NA,NONE DETECTED,No,NA,NA,NA,NA,NA,Entering Traffic Lane,0,No,0,NA,NA,39.02066497,-77.01440095,2024,6,18
240029187,Injury Crash,06/19/2024 06:45:00 PM,RAMP 1 FR IS 270 NB TO SHADY GROVE RD WB,NA,Other,Clear,Dry,Daylight,Traffic Control Signal,NONE DETECTED,No,Possible Minor Injury,NA,Unknown,DE,Sport Utility Vehicle,Moving Constant Speed,45,No,2020,BMW,X3,39.11181776,-77.18714538,2024,6,18
240029187,Injury Crash,06/19/2024 06:45:00 PM,RAMP 1 FR IS 270 NB TO SHADY GROVE RD WB,NA,Other,Clear,Dry,Daylight,Traffic Control Signal,NONE DETECTED,No,Possible Minor Injury,NA,Not Distracted,MD,Passenger Car,Moving Constant Speed,45,No,2020,TESLA,MODEL S,39.11181776,-77.18714538,2024,6,18
240029178,Property Damage Crash,06/19/2024 05:50:00 PM,COLESVILLE RD,NA,"Sideswipe, Same Direction",Clear,Dry,Daylight,No Controls,NONE DETECTED,No,No Apparent Injury,NA,Not Distracted,MD,Passenger Car,Moving Constant Speed,35,No,2019,MERCEDES-BENZ,E-CLASS,39.00178402,-77.02524373,2024,6,17
240029178,Property Damage Crash,06/19/2024 05:50:00 PM,COLESVILLE RD,NA,"Sideswipe, Same Direction",Clear,Dry,Daylight,No Controls,NONE DETECTED,Yes,No Apparent Injury,NA,Not Distracted,MD,Passenger Car,Moving Constant Speed,35,No,2009,TOYOTA,CAMRY,39.00178402,-77.02524373,2024,6,17
240029175,Property Damage Crash,06/19/2024 05:36:00 PM,NA,NA,Angle,Clear,Dry,Daylight,Traffic Control Signal,NONE DETECTED,No,No Apparent Injury,NA,Not Distracted,MD,Passenger Car,Moving Constant Speed,30,No,2016,LEXUS,RX,39.149202,-77.01228467,2024,6,17
240029175,Property Damage Crash,06/19/2024 05:36:00 PM,NA,NA,Angle,Clear,Dry,Daylight,Traffic Control Signal,NONE DETECTED,Yes,No Apparent Injury,Failed to Yield Right-of-Way,Unknown,MD,Passenger Car,Turning Left,30,No,2017,HONDA,CR-V,39.149202,-77.01228467,2024,6,17
240029179,Property Damage Crash,06/19/2024 05:35:00 PM,NA,NA,Front to Rear,Clear,NA,Daylight,NA,NONE DETECTED,No,No Apparent Injury,NA,Unknown,MD,Passenger Car,Backing,0,No,2018,HONDA,CIVIC,39.1812935,-77.27063218,2024,6,17
240029179,Property Damage Crash,06/19/2024 05:35:00 PM,NA,NA,Front to Rear,Clear,NA,Daylight,NA,NONE DETECTED,No,No Apparent Injury,NA,Not Distracted,MD,Passenger Car,Moving Constant Speed,0,No,2019,JEEP,RENEGADE,39.1812935,-77.27063218,2024,6,17
240029170,Injury Crash,06/19/2024 05:11:00 PM,WOODFIELD RD EXT,NA,Angle,Cloudy,Dry,Daylight,No Controls,NONE DETECTED,No,Possible Minor Injury,NA,Not Distracted,MD,Other,Moving Constant Speed,35,No,2023,FORD,TRANSIT CONNECT,39.28978454,-77.20100646,2024,6,17
240029170,Injury Crash,06/19/2024 05:11:00 PM,WOODFIELD RD EXT,NA,Angle,Cloudy,Dry,Daylight,Stop Sign,NONE DETECTED,Yes,No Apparent Injury,Failed to Yield Right-of-Way,Not Distracted,MD,Sport Utility Vehicle,Entering Traffic Lane,35,No,2021,SUBARU,OUTBACK,39.28978454,-77.20100646,2024,6,17
240029174,Property Damage Crash,06/19/2024 05:00:00 PM,SHADY GROVE RD (SB/L),NA,"Sideswipe, Same Direction",Clear,Dry,Daylight,Traffic Control Signal,NONE DETECTED,No,No Apparent Injury,NA,Unknown,MD,Pickup,Turning Left,35,No,2016,FORD,F-150,39.12279121,-77.17754359,2024,6,17
240029174,Property Damage Crash,06/19/2024 05:00:00 PM,SHADY GROVE RD (SB/L),NA,"Sideswipe, Same Direction",Clear,Dry,Daylight,Traffic Control Signal,NONE DETECTED,No,No Apparent Injury,"Disregarded Other Road Markings, Failed to Keep in Proper Lane, Improper Turn, Operated Motor Vehicle in Inattentive, Careless, Negligent, or Erratic Manner",Unknown,MD,Passenger Car,Moving Constant Speed,35,No,2008,MERCEDES-BENZ,E-CLASS,39.12279121,-77.17754359,2024,6,17
240029160,Property Damage Crash,06/19/2024 04:33:00 PM,PLYERS MILL RD,NA,"Sideswipe, Same Direction",Clear,Dry,Daylight,No Controls,NONE DETECTED,Yes,No Apparent Injury,Over-Correcting/Over-Steering,Not Distracted,MD,Passenger Car,Moving Constant Speed,25,No,2006,MERCEDES-BENZ,ML-CLASS,39.02962669,-77.07001381,2024,6,16