Local Case Number,ACRS Report Type,Crash Date/Time,Road Name,Related Non-Motorist,Collision Type,Weather,Surface Condition,Light,Traffic Control,Driver Substance Abuse,Driver At Fault,Injury Severity,Circumstance,Driver Distracted By,Drivers License State,Vehicle Body Type,Vehicle Movement,Speed Limit,Driverless Vehicle,Vehicle Year,Vehicle Make,Vehicle Model,Latitude,Longitude,Year,Month,Hour
240029185,Property Damage Crash,06/19/2024 04:30:00 PM,NA,NA,"Sideswipe, Same Direction",Clear,Dry,Daylight,Traffic Control Signal,NONE DETECTED,No,No Apparent Injury,NA,Not Distracted,MD,Passenger Car,Moving Constant Speed,30,No,2018,BMW,330I,38.97911383,-77.09863691,2024,6,16
240029164,Injury Crash,06/19/2024 04:28:00 PM,STEDWICK RD,NA,Front to Rear,Clear,Dry,Daylight,No Controls,NONE DETECTED,Yes,No Apparent Injury,"Disregarded Other Road Markings, Other Improper Action",Unknown,NA,Passenger Car,Accelerating,35,No,2010,TOYOTA,CAMRY,39.16971667,-77.20617333,2024,6,16
240029164,Injury Crash,06/19/2024 04:28:00 PM,STEDWICK RD,NA,Front to Rear,Clear,Dry,Daylight,No Controls,NONE DETECTED,No,Possible Minor Injury,NA,Not Distracted,MD,Passenger Car,Slowing or Stopping,35,No,2011,HONDA,CIVIC,39.16971667,-77.20617333,2024,6,16
240029162,Injury Crash,06/19/2024 04:21:00 PM,DAMASCUS RD,NA,Angle,Cloudy,Dry,Daylight,Stop Sign,NONE DETECTED,Yes,Possible Minor Injury,Failed to Yield Right-of-Way,Not Distracted,MD,Passenger Car,Turning Left,30,No,2016,NISSAN,ALTIMA,39.2548265,-77.14369807,2024,6,16
240029162,Injury Crash,06/19/2024 04:21:00 PM,DAMASCUS RD,NA,Angle,Cloudy,Dry,Daylight,No Controls,NONE DETECTED,No,No Apparent Injury,NA,Not Distracted,MD,Pickup,Slowing or Stopping,30,No,2010,FORD,F-250,39.2548265,-77.14369807,2024,6,16
240029151,Property Damage Crash,06/19/2024 03:20:00 PM,OLD COLUMBIA PIKE (SB/L),NA,"Sideswipe, Opposite Direction",Clear,Dry,Daylight,Traffic Control Signal,NONE DETECTED,Yes,No Apparent Injury,NA,Unknown,MD,Passenger Car,Turning Left,25,No,2006,HONDA,ACCORD,39.11085918,-76.93287357,2024,6,15
240029151,Property Damage Crash,06/19/2024 03:20:00 PM,OLD COLUMBIA PIKE (SB/L),NA,"Sideswipe, Opposite Direction",Clear,Dry,Daylight,Traffic Control Signal,NONE DETECTED,No,No Apparent Injury,NA,Not Distracted,MD,Passenger Car,Moving Constant Speed,25,No,2021,TOYOTA,RAV4,39.11085918,-76.93287357,2024,6,15
240029158,Property Damage Crash,06/19/2024 03:10:00 PM,GEORGIA AVE,NA,Rear To Side,Clear,Dry,Daylight,Traffic Control Signal,NONE DETECTED,Yes,No Apparent Injury,Failed to Yield Right-of-Way,Not Distracted,AL,Passenger Car,Turning Left,35,No,2012,NISSAN,SENTRA,38.99160854,-77.02643057,2024,6,15
240029158,Property Damage Crash,06/19/2024 03:10:00 PM,GEORGIA AVE,NA,Rear To Side,Clear,Dry,Daylight,Traffic Control Signal,NONE DETECTED,No,No Apparent Injury,NA,Not Distracted,MD,Sport Utility Vehicle,Moving Constant Speed,35,No,2011,FORD,EXPLORER,38.99160854,-77.02643057,2024,6,15
240029140,Property Damage Crash,06/19/2024 02:40:00 PM,WASHINGTONIAN BLVD,NA,Single Vehicle,Clear,Dry,Daylight,No Controls,NONE DETECTED,No,No Apparent Injury,Ran Off Roadway,Not Distracted,MD,Passenger Car,Turning Right,25,No,2014,NISSAN,ALTIMA,39.11590483,-77.19844755,2024,6,14
240029131,Property Damage Crash,06/19/2024 01:48:00 PM,MONROE ST,NA,Angle,Clear,Dry,Daylight,No Controls,NONE DETECTED,No,No Apparent Injury,NA,Not Distracted,MD,Passenger Car,Making U-Turn,25,No,2021,FORD,MUSTANG,39.07952588,-77.1506989,2024,6,13
240029131,Property Damage Crash,06/19/2024 01:48:00 PM,MONROE ST,NA,Angle,Clear,Dry,Daylight,No Controls,NONE DETECTED,Yes,No Apparent Injury,NA,Not Distracted,MD,Passenger Car,Moving Constant Speed,25,No,2020,TOYOTA,CAMRY,39.07952588,-77.1506989,2024,6,13
240029132,Injury Crash,06/19/2024 01:45:00 PM,SNOUFFERS SCHOOL RD,NA,Angle,Clear,Dry,Daylight,No Controls,NONE DETECTED,No,Possible Minor Injury,NA,Not Distracted,MD,Sport Utility Vehicle,Moving Constant Speed,35,No,2020,HONDA,CIVIC,39.1609746,-77.16360804,2024,6,13
240029132,Injury Crash,06/19/2024 01:45:00 PM,SNOUFFERS SCHOOL RD,NA,Angle,Clear,Dry,Daylight,No Controls,NONE DETECTED,Yes,No Apparent Injury,Failed to Yield Right-of-Way,Unknown,MD,Sport Utility Vehicle,Making U-Turn,35,No,2007,HONDA,PILOT,39.1609746,-77.16360804,2024,6,13
240029125,Property Damage Crash,06/19/2024 12:43:00 PM,NEW HAMPSHIRE AVE (SB/L),NA,Front to Front,Clear,Dry,Daylight,Traffic Control Signal,NONE DETECTED,No,No Apparent Injury,NA,Not Distracted,MD,Passenger Car,Turning Left,40,No,2008,TOYOTA,PRIUS,39.10605367,-77.00153133,2024,6,12
240029125,Property Damage Crash,06/19/2024 12:43:00 PM,NEW HAMPSHIRE AVE (SB/L),NA,Front to Front,Clear,Dry,Daylight,Traffic Control Signal,NONE DETECTED,Yes,No Apparent Injury,"Failed to Yield Right-of-Way, Ran Red Light",Unknown,MD,Passenger Car,Moving Constant Speed,45,No,2019,INFINITI,QX60,39.10605367,-77.00153133,2024,6,12
240029108,Property Damage Crash,06/19/2024 11:37:00 AM,MONTROSE RD,NA,Other,Clear,Dry,Daylight,Traffic Control Signal,NONE DETECTED,No,No Apparent Injury,NA,Not Distracted,MD,Other,Moving Constant Speed,35,No,2019,FORD,TRANSIT,39.05431254,-77.14314204,2024,6,11
240029108,Property Damage Crash,06/19/2024 11:37:00 AM,MONTROSE RD,NA,Other,Clear,Dry,Daylight,Traffic Control Signal,NONE DETECTED,No,No Apparent Injury,NA,Not Distracted,MD,Single-Unit Truck,Stopped in Traffic,25,No,2019,ISUZU,NPR/NPR-HD,39.05431254,-77.14314204,2024,6,11
240029108,Property Damage Crash,06/19/2024 11:37:00 AM,MONTROSE RD,NA,Other,Clear,Dry,Daylight,Traffic Control Signal,NONE DETECTED,Yes,No Apparent Injury,Failed to Yield Right-of-Way,Unknown,MD,Sport Utility Vehicle,Turning Left,30,No,2016,HONDA,HR-V,39.05431254,-77.14314204,2024,6,11
240029087,Property Damage Crash,06/19/2024 09:17:00 AM,SEVEN LOCKS RD,NA,Angle,Clear,Dry,Daylight,Traffic Control Signal,NONE DETECTED,No,No Apparent Injury,NA,Not Distracted,MD,Van - Passenger (&lt;9 Seats),Moving Constant Speed,40,No,2014,TOYOTA,SIENNA,39.02315092,-77.16242875,2024,6,9
240029087,Property Damage Crash,06/19/2024 09:17:00 AM,SEVEN LOCKS RD,NA,Angle,Clear,Dry,Daylight,Traffic Control Signal,NONE DETECTED,No,No Apparent Injury,Failed to Yield Right-of-Way,Unknown,NJ,Passenger Car,Turning Left,40,No,2018,ACURA,TLX,39.02315092,-77.16242875,2024,6,9
240029087,Property Damage Crash,06/19/2024 09:17:00 AM,SEVEN LOCKS RD,NA,Angle,Clear,Dry,Daylight,Traffic Control Signal,NONE DETECTED,No,No Apparent Injury,NA,Not Distracted,MD,Sport Utility Vehicle,Moving Constant Speed,40,No,2019,JEEP,GRAND CHEROKEE,39.02315092,-77.16242875,2024,6,9
240029085,Injury Crash,06/19/2024 09:00:00 AM,W DIAMOND AVE,NA,Front to Rear,Clear,Dry,Daylight,No Controls,NONE DETECTED,No,No Apparent Injury,NA,Not Distracted,MD,Sport Utility Vehicle,Moving Constant Speed,35,No,2019,TOYOTA,RAV4,39.14232611,-77.22062155,2024,6,9
240029085,Injury Crash,06/19/2024 09:00:00 AM,W DIAMOND AVE,NA,Front to Rear,Clear,Dry,Daylight,Yield Sign,NONE DETECTED,Yes,No Apparent Injury,Failed to Yield Right-of-Way,Unknown,MD,Passenger Car,Turning Right,35,No,2020,KIA,SOUL,39.14232611,-77.22062155,2024,6,9
240029089,Property Damage Crash,06/19/2024 08:52:00 AM,QUINCE ORCHARD RD,NA,"Sideswipe, Same Direction",Clear,Dry,Daylight,No Controls,NONE DETECTED,No,No Apparent Injury,NA,Not Distracted,TX,Passenger Car,Moving Constant Speed,40,No,2015,HONDA,CIVIC,39.12902647,-77.22984726,2024,6,8
240029089,Property Damage Crash,06/19/2024 08:52:00 AM,QUINCE ORCHARD RD,NA,"Sideswipe, Same Direction",Clear,Dry,Daylight,No Controls,NONE DETECTED,Yes,No Apparent Injury,NA,Unknown,MD,Passenger Car,Moving Constant Speed,40,No,2020,KIA,SOUL,39.12902647,-77.22984726,2024,6,8
240029082,Injury Crash,06/19/2024 08:33:00 AM,NA,NA,Single Vehicle,Clear,NA,Daylight,NA,NONE DETECTED,Yes,Possible Minor Injury,Other Improper Action,Not Distracted,MD,Passenger Car,Slowing or Stopping,0,No,2023,TESLA,MODEL Y,39.13757498,-77.22624223,2024,6,8
240029078,Property Damage Crash,06/19/2024 07:51:00 AM,NEW HAMPSHIRE AVE,NA,"Sideswipe, Same Direction",Clear,Dry,Daylight,No Controls,NONE DETECTED,Yes,No Apparent Injury,"Failed to Keep in Proper Lane, Operated Motor Vehicle in Inattentive, Careless, Negligent, or Erratic Manner",Not Distracted,MD,Pickup,Moving Constant Speed,35,No,2000,CHEVROLET,SILVERADO,39.02027285,-76.976547,2024,6,7
240029078,Property Damage Crash,06/19/2024 07:51:00 AM,NEW HAMPSHIRE AVE,NA,"Sideswipe, Same Direction",Clear,Dry,Daylight,No Controls,NONE DETECTED,No,No Apparent Injury,NA,Not Distracted,MD,Van - Passenger (&lt;9 Seats),Moving Constant Speed,35,No,2001,CHEVROLET,EXPRESS,39.02027285,-76.976547,2024,6,7
240029077,Injury Crash,06/19/2024 07:45:00 AM,FREDERICK RD (SB/L),NA,Angle,Clear,Dry,Daylight,Traffic Control Signal,NONE DETECTED,No,No Apparent Injury,NA,Not Distracted,MD,Sport Utility Vehicle,Accelerating,35,No,2017,CHEVROLET,TRAVERSE,39.11557978,-77.16629138,2024,6,7
240029077,Injury Crash,06/19/2024 07:45:00 AM,FREDERICK RD (SB/L),NA,Angle,Clear,Dry,Daylight,Traffic Control Signal,NONE DETECTED,No,No Apparent Injury,NA,Not Distracted,MD,Passenger Car,Accelerating,35,No,2003,MERCEDES-BENZ,500,39.11557978,-77.16629138,2024,6,7
240029076,Injury Crash,06/19/2024 07:45:00 AM,MOLECULAR DR (SB/L),Pedestrian,Single Vehicle,Clear,Dry,Daylight,Pedestrian Crossing Sign,NONE DETECTED,No,No Apparent Injury,Failed to Yield Right-of-Way,Unknown,MD,Passenger Car,Turning Left,35,No,2014,SUBARU,CROSSTREK,39.09265667,-77.21064667,2024,6,7
240029077,Injury Crash,06/19/2024 07:45:00 AM,FREDERICK RD (SB/L),NA,Angle,Clear,Dry,Daylight,Traffic Control Signal,NONE DETECTED,No,No Apparent Injury,Ran Red Light,Not Distracted,NA,Van - Passenger (&lt;9 Seats),Moving Constant Speed,40,No,2008,TOYOTA,SIENNA,39.11557978,-77.16629138,2024,6,7
240029083,Property Damage Crash,06/19/2024 06:51:00 AM,E RANDOLPH RD (WB/L),NA,Front to Rear,Clear,Dry,Daylight,Traffic Control Signal,NONE DETECTED,No,No Apparent Injury,NA,Not Distracted,MD,Passenger Car,Moving Constant Speed,40,No,2019,NISSAN,SENTRA,39.07579136,-77.00164503,2024,6,6
240029083,Property Damage Crash,06/19/2024 06:51:00 AM,E RANDOLPH RD (WB/L),NA,Front to Rear,Clear,Dry,Daylight,Traffic Control Signal,NONE DETECTED,No,No Apparent Injury,"Improper Passing, Other Improper Action",Unknown,NA,Pickup,Overtaking/Passing,40,No,2000,CHEVROLET,SILVERADO,39.07579136,-77.00164503,2024,6,6
240029067,Property Damage Crash,06/19/2024 04:42:00 AM,RIVER RD,NA,Angle,Clear,Dry,Medium,Flashing Traffic Control Signal,NONE DETECTED,No,No Apparent Injury,NA,Unknown,VA,Pickup,Moving Constant Speed,35,No,2024,TOYOTA,TUNDRA,38.97314667,-77.1222,2024,6,4
240029067,Property Damage Crash,06/19/2024 04:42:00 AM,RIVER RD,NA,Angle,Clear,Dry,Medium,Flashing Traffic Control Signal,NONE DETECTED,Yes,No Apparent Injury,"Ran Red Light, Too Fast For Conditions",Unknown,MD,Passenger Car,Moving Constant Speed,35,No,2018,NISSAN,VERSA,38.97314667,-77.1222,2024,6,4
240029068,Property Damage Crash,06/19/2024 04:41:00 AM,NA,NA,Angle,Clear,Dry,Medium,No Controls,NONE DETECTED,No,No Apparent Injury,NA,Not Distracted,SD,Passenger Car,Moving Constant Speed,35,No,2018,TESLA,MODEL 3,38.99621214,-77.19012977,2024,6,4
240029068,Property Damage Crash,06/19/2024 04:41:00 AM,NA,NA,Angle,Clear,Dry,Medium,Stop Sign,NONE DETECTED,Yes,No Apparent Injury,NA,Not Distracted,MD,Van - Passenger (&lt;9 Seats),Accelerating,35,No,2018,NISSAN,VAN,38.99621214,-77.19012977,2024,6,4
240029062,Property Damage Crash,06/19/2024 02:57:00 AM,BEACH DR,NA,Angle,Clear,Dry,Medium,No Controls,NONE DETECTED,No,No Apparent Injury,NA,Not Distracted,MD,Passenger Car,Moving Constant Speed,25,No,2022,HONDA,CIVIC,39.03620105,-77.08448577,2024,6,2
240029062,Property Damage Crash,06/19/2024 02:57:00 AM,BEACH DR,NA,Angle,Clear,Dry,Medium,Stop Sign,NONE DETECTED,Yes,No Apparent Injury,"Failed to Yield Right-of-Way, Operated Motor Vehicle in Inattentive, Careless, Negligent, or Erratic Manner",Not Distracted,MD,Sport Utility Vehicle,Entering Traffic Lane,25,No,2012,CHEVROLET,EQUINOX,39.03620105,-77.08448577,2024,6,2
240029056,Injury Crash,06/18/2024 11:58:00 PM,POTOMAC VALLEY RD,NA,Single Vehicle,Clear,Dry,Medium,No Controls,ALCOHOL PRESENT,Yes,No Apparent Injury,Ran Off Roadway,Unknown,NA,Passenger Car,Negotiating a Curve,25,No,2020,TOYOTA,CAMRY,39.07507983,-77.16169353,2024,6,23
24001188,Property Damage Crash,06/18/2024 10:00:00 PM,NA,NA,Single Vehicle,Clear,NA,Dark,NA,NONE DETECTED,No,No Apparent Injury,NA,Not Distracted,MD,Passenger Car,Accelerating,0,No,2014,DODGE,CHARGER,39.0375509,-77.04051842,2024,6,22
240029042,Injury Crash,06/18/2024 08:39:00 PM,NA,NA,Single Vehicle,Clear,Dry,Medium,No Controls,NONE DETECTED,No,Suspected Serious Injury,NA,Unknown,MD,Motorcycle - 2 Wheeled,Moving Constant Speed,25,No,2012,HONDA,CBR1000,39.0755564,-77.05320082,2024,6,20
240029024,Injury Crash,06/18/2024 07:17:00 PM,CANBERRA ST,NA,"Sideswipe, Same Direction",Clear,Dry,Daylight,No Controls,NONE DETECTED,Yes,Possible Minor Injury,"Improper Turn, Operated Motor Vehicle in Inattentive, Careless, Negligent, or Erratic Manner, Other Improper Action, Over-Correcting/Over-Steering, Ran Off Roadway, Too Fast For Conditions, Wrong Side","Other Action (looking away from task, etc.)",DC,Passenger Car,Moving Constant Speed,15,No,2020,HONDA,CIVIC,39.06308549,-76.93935156,2024,6,19
240029027,Injury Crash,06/18/2024 06:36:00 PM,NA,NA,Angle,Clear,Dry,Daylight,No Controls,NONE DETECTED,Yes,Possible Minor Injury,NA,Unknown,VA,Passenger Car,Making U-Turn,25,No,2024,TOYOTA,COROLLA,39.15757868,-77.26347953,2024,6,18
240029027,Injury Crash,06/18/2024 06:36:00 PM,NA,NA,Angle,Clear,Dry,Daylight,No Controls,NONE DETECTED,No,No Apparent Injury,NA,Not Distracted,MD,Pickup,Moving Constant Speed,25,No,2008,FORD,F-250,39.15757868,-77.26347953,2024,6,18
240029026,Property Damage Crash,06/18/2024 06:25:00 PM,COLESVILLE RD (SB/L),NA,Front to Rear,Clear,Dry,Daylight,Traffic Control Signal,ALCOHOL PRESENT,Yes,No Apparent Injury,"Followed Too Closely, Operated Motor Vehicle in Inattentive, Careless, Negligent, or Erratic Manner",Unknown,MD,Passenger Car,Moving Constant Speed,35,No,2019,NISSAN,SENTRA,39.01340026,-77.01676879,2024,6,18
240029026,Property Damage Crash,06/18/2024 06:25:00 PM,COLESVILLE RD (SB/L),NA,Front to Rear,Clear,Dry,Daylight,Traffic Control Signal,NONE DETECTED,No,No Apparent Injury,NA,Not Distracted,MD,Passenger Car,Stopped in Traffic,35,No,2020,LEXUS,UX,39.01340026,-77.01676879,2024,6,18
240029021,Property Damage Crash,06/18/2024 06:17:00 PM,OLD GEORGETOWN RD,NA,Angle,Clear,Dry,Daylight,Traffic Control Signal,NONE DETECTED,No,No Apparent Injury,"Disregarded Other Traffic Sign, Ran Red Light",Not Distracted,MD,Passenger Car,Moving Constant Speed,35,No,2010,AUDI,A5,39.01642834,-77.11951877,2024,6,18
240029021,Property Damage Crash,06/18/2024 06:17:00 PM,OLD GEORGETOWN RD,NA,Angle,Clear,Dry,Daylight,Traffic Control Signal,NONE DETECTED,No,No Apparent Injury,NA,Not Distracted,MD,Passenger Car,Moving Constant Speed,35,No,2010,HONDA,CR-V,39.01642834,-77.11951877,2024,6,18
240029019,Property Damage Crash,06/18/2024 06:03:00 PM,UNIVERSITY BLVD E,NA,Front to Front,Clear,Dry,Daylight,Stop Sign,NONE DETECTED,Yes,No Apparent Injury,NA,Not Distracted,MD,Passenger Car,Accelerating,30,No,2019,KIA,NIRO,38.99264014,-76.99154352,2024,6,18
240029019,Property Damage Crash,06/18/2024 06:03:00 PM,UNIVERSITY BLVD E,NA,Front to Front,Clear,Dry,Daylight,Stop Sign,NONE DETECTED,No,No Apparent Injury,NA,Not Distracted,MD,Pickup,Accelerating,30,No,2022,CHEVROLET,SILVERADO,38.99264014,-76.99154352,2024,6,18
240029023,Injury Crash,06/18/2024 05:40:00 PM,TRAVILAH RD,NA,Front to Rear,Clear,Dry,Daylight,Traffic Control Signal,NONE DETECTED,Yes,No Apparent Injury,Other Improper Action,"Other Action (looking away from task, etc.)",MD,Pickup,Moving Constant Speed,35,No,2024,FORD,F-250,39.08647093,-77.21822198,2024,6,17
240029023,Injury Crash,06/18/2024 05:40:00 PM,TRAVILAH RD,NA,Front to Rear,Clear,Dry,Daylight,Traffic Control Signal,NONE DETECTED,No,No Apparent Injury,NA,Not Distracted,MD,Passenger Car,Moving Constant Speed,35,No,2023,TESLA,MODEL Y,39.08647093,-77.21822198,2024,6,17
240029023,Injury Crash,06/18/2024 05:40:00 PM,TRAVILAH RD,NA,Front to Rear,Clear,Dry,Daylight,Traffic Control Signal,NONE DETECTED,No,Possible Minor Injury,NA,Not Distracted,MD,Passenger Car,Stopped in Traffic,35,No,2007,TOYOTA,CAMRY,39.08647093,-77.21822198,2024,6,17
240029023,Injury Crash,06/18/2024 05:40:00 PM,TRAVILAH RD,NA,Front to Rear,Clear,Dry,Daylight,Traffic Control Signal,NONE DETECTED,No,Possible Minor Injury,NA,Not Distracted,MD,Passenger Car,Moving Constant Speed,35,No,1998,NISSAN,ALTIMA,39.08647093,-77.21822198,2024,6,17
240029012,Property Damage Crash,06/18/2024 05:37:00 PM,ROCKVILLE PIKE,NA,"Sideswipe, Same Direction",Clear,Dry,Daylight,No Controls,NONE DETECTED,No,No Apparent Injury,NA,Not Distracted,MD,Single-Unit Truck,Moving Constant Speed,30,No,2024,MAC,MAC,39.04390755,-77.11124122,2024,6,17
240029012,Property Damage Crash,06/18/2024 05:37:00 PM,ROCKVILLE PIKE,NA,"Sideswipe, Same Direction",Clear,Dry,Daylight,No Controls,NONE DETECTED,No,No Apparent Injury,NA,Not Distracted,MD,Bus - Transit,Moving Constant Speed,30,No,2017,GILLIG,CITY SUBURBAN BUS,39.04390755,-77.11124122,2024,6,17
240029477,Property Damage Crash,06/18/2024 02:20:00 PM,JONES BRIDGE RD,NA,Angle,Clear,Dry,Daylight,Traffic Control Signal,NONE DETECTED,No,No Apparent Injury,NA,Not Distracted,MD,Passenger Car,Entering Traffic Lane,25,No,2023,HONDA,CIVIC,38.99984241,-77.0772598,2024,6,14
240029477,Property Damage Crash,06/18/2024 02:20:00 PM,JONES BRIDGE RD,NA,Angle,Clear,Dry,Daylight,Traffic Control Signal,NONE DETECTED,No,NA,NA,NA,NA,Passenger Car,Overtaking/Passing,25,No,2020,CHEVROLET,SILVERADO,38.99984241,-77.0772598,2024,6,14
240028974,Property Damage Crash,06/18/2024 01:55:00 PM,NA,NA,Other,Clear,NA,Daylight,NA,NONE DETECTED,Yes,No Apparent Injury,NA,Not Distracted,MD,Sport Utility Vehicle,NA,0,No,2013,NISSAN,ROGUE,39.02183283,-76.97556139,2024,6,13
240028974,Property Damage Crash,06/18/2024 01:55:00 PM,NA,NA,Other,Clear,NA,Daylight,NA,NONE DETECTED,No,No Apparent Injury,NA,Not Distracted,MD,Passenger Car,Parked,0,No,2021,TOYOTA,HIGHLANDER,39.02183283,-76.97556139,2024,6,13
240028205,Property Damage Crash,06/18/2024 01:42:00 PM,NA,NA,"Sideswipe, Same Direction",Clear,NA,Daylight,NA,NONE DETECTED,No,No Apparent Injury,NA,Unknown,NA,Pickup,NA,0,No,1996,ISUZU,UNKNOWN,38.96644165,-77.10436343,2024,6,13
240028205,Property Damage Crash,06/18/2024 01:42:00 PM,NA,NA,"Sideswipe, Same Direction",Clear,NA,Daylight,NA,NONE DETECTED,No,No Apparent Injury,NA,Not Distracted,MD,Passenger Car,Parked,0,No,2023,NISSAN,LEAF,38.96644165,-77.10436343,2024,6,13
240028971,Property Damage Crash,06/18/2024 01:13:00 PM,DALEVIEW DR,NA,Front to Front,Clear,Dry,Daylight,No Controls,NONE DETECTED,No,No Apparent Injury,Other Improper Action,Unknown,NA,Passenger Car,Moving Constant Speed,25,No,2019,TOYOTA,CAMRY,39.00759283,-76.99324899,2024,6,13
240028996,Property Damage Crash,06/18/2024 01:00:00 PM,NA,NA,"Sideswipe, Opposite Direction",Clear,NA,Daylight,NA,NONE DETECTED,No,NA,NA,NA,NA,Passenger Car,Moving Constant Speed,0,No,2018,DODGE,CARAVAN/GRAND CARAVAN,39.02472725,-77.1246106,2024,6,13
240028992,Property Damage Crash,06/18/2024 01:00:00 PM,NA,NA,"Sideswipe, Same Direction",Clear,NA,Daylight,NA,NONE DETECTED,No,NA,NA,NA,NA,Passenger Car,Accelerating,0,No,2008,NISSAN,SENTRA,39.08067719,-77.06914423,2024,6,13
240028963,Injury Crash,06/18/2024 12:46:00 PM,WATKINS POND BLVD (EB/L),NA,Front to Rear,Clear,Dry,Daylight,Traffic Control Signal,NONE DETECTED,No,No Apparent Injury,NA,Not Distracted,CA,Passenger Car,Making U-Turn,40,No,2003,HUMMER,H2,39.10684197,-77.16663538,2024,6,12
240028963,Injury Crash,06/18/2024 12:46:00 PM,WATKINS POND BLVD (EB/L),NA,Front to Rear,Clear,Dry,Daylight,Traffic Control Signal,NONE DETECTED,No,No Apparent Injury,NA,Unknown,MD,Passenger Car,Moving Constant Speed,40,No,2015,AUDI,Q7,39.10684197,-77.16663538,2024,6,12
240028963,Injury Crash,06/18/2024 12:46:00 PM,WATKINS POND BLVD (EB/L),NA,Front to Rear,Clear,Dry,Daylight,Traffic Control Signal,NONE DETECTED,No,Possible Minor Injury,NA,Unknown,MD,Passenger Car,Stopped in Traffic,40,No,2006,TOYOTA,SCION TC,39.10684197,-77.16663538,2024,6,12
240028959,Property Damage Crash,06/18/2024 11:50:00 AM,NA,NA,Other,Clear,NA,Daylight,NA,NONE DETECTED,Yes,No Apparent Injury,"Improper Backing, Operated Motor Vehicle in Inattentive, Careless, Negligent, or Erratic Manner",Unknown,MD,Passenger Car,Backing,0,No,2016,INFINITI,QX60,39.10249427,-77.18967598,2024,6,11
240028958,Property Damage Crash,06/18/2024 11:50:00 AM,NORBECK RD (WB/L),NA,Angle,Clear,Dry,Daylight,Traffic Control Signal,NONE DETECTED,Yes,No Apparent Injury,NA,Not Distracted,MD,Other,Making U-Turn,35,No,2014,CHEVROLET,EXPRESS,39.09942028,-77.09979523,2024,6,11
240028958,Property Damage Crash,06/18/2024 11:50:00 AM,NORBECK RD (WB/L),NA,Angle,Clear,Dry,Daylight,Traffic Control Signal,NONE DETECTED,No,No Apparent Injury,NA,Not Distracted,MD,Passenger Car,Moving Constant Speed,35,No,2010,MERCEDES-BENZ,ML-CLASS,39.09942028,-77.09979523,2024,6,11
240028946,Injury Crash,06/18/2024 10:41:00 AM,FLANNERY LA,NA,Front to Front,Clear,Dry,Daylight,No Controls,NONE DETECTED,Yes,Possible Minor Injury,NA,Not Distracted,MD,Passenger Car,Moving Constant Speed,25,No,2010,HONDA,ACCORD CROSSTOUR,39.0791131,-77.00405968,2024,6,10
240028945,Property Damage Crash,06/18/2024 10:18:00 AM,NA,NA,Angle,Clear,NA,Daylight,NA,NONE DETECTED,No,No Apparent Injury,NA,Not Distracted,MD,Sport Utility Vehicle,Moving Constant Speed,0,No,2021,FORD,EXPLORER,39.08322586,-77.23265802,2024,6,10
240028945,Property Damage Crash,06/18/2024 10:18:00 AM,NA,NA,Angle,Clear,NA,Daylight,NA,NONE DETECTED,Yes,No Apparent Injury,NA,Unknown,MD,Passenger Car,Entering Traffic Lane,0,No,2022,HYUNDAI,SONATA,39.08322586,-77.23265802,2024,6,10
240028932,Injury Crash,06/18/2024 08:53:00 AM,EAST WEST HWY (WB/L),NA,Front to Rear,Clear,Dry,Daylight,Traffic Control Signal,NONE DETECTED,No,Possible Minor Injury,NA,Not Distracted,GA,Passenger Car,Stopped in Traffic,35,No,2022,HONDA,ACCORD,38.99402807,-77.05161708,2024,6,8
240028932,Injury Crash,06/18/2024 08:53:00 AM,EAST WEST HWY (WB/L),NA,Front to Rear,Clear,Dry,Daylight,Traffic Control Signal,NONE DETECTED,Yes,No Apparent Injury,"Operated Motor Vehicle in Inattentive, Careless, Negligent, or Erratic Manner",Unknown,XX,Passenger Car,Accelerating,35,No,2014,VOLKSWAGEN,JETTA,38.99402807,-77.05161708,2024,6,8