Local Case Number,ACRS Report Type,Crash Date/Time,Road Name,Related Non-Motorist,Collision Type,Weather,Surface Condition,Light,Traffic Control,Driver Substance Abuse,Driver At Fault,Injury Severity,Circumstance,Driver Distracted By,Drivers License State,Vehicle Body Type,Vehicle Movement,Speed Limit,Driverless Vehicle,Vehicle Year,Vehicle Make,Vehicle Model,Latitude,Longitude,Year,Month,Hour
240028930,Property Damage Crash,06/18/2024 08:39:00 AM,NA,NA,Front to Rear,Clear,Dry,Daylight,No Controls,NONE DETECTED,No,No Apparent Injury,NA,Not Distracted,FL,Passenger Car,Slowing or Stopping,35,No,2017,SUBARU,FORESTER,39.03331067,-77.23707133,2024,6,8
240028930,Property Damage Crash,06/18/2024 08:39:00 AM,NA,NA,Front to Rear,Clear,Dry,Daylight,No Controls,NONE DETECTED,Yes,No Apparent Injury,NA,Not Distracted,MD,Passenger Car,Slowing or Stopping,35,No,2015,JEEP,GRAND CHEROKEE,39.03331067,-77.23707133,2024,6,8
240028930,Property Damage Crash,06/18/2024 08:39:00 AM,NA,NA,Front to Rear,Clear,Dry,Daylight,No Controls,NONE DETECTED,No,No Apparent Injury,NA,Not Distracted,MD,Passenger Car,Slowing or Stopping,35,No,2017,NISSAN,ROGUE,39.03331067,-77.23707133,2024,6,8
240028929,Injury Crash,06/18/2024 08:30:00 AM,FIRST ST SPUR,NA,Rear To Side,Clear,Dry,Daylight,Stop Sign,NONE DETECTED,Yes,Possible Minor Injury,NA,Not Distracted,MD,Passenger Car,Turning Left,25,No,2020,HYUNDAI,SANTA FE,39.08694311,-77.13510513,2024,6,8
240028929,Injury Crash,06/18/2024 08:30:00 AM,FIRST ST SPUR,NA,Rear To Side,Clear,Dry,Daylight,No Controls,NONE DETECTED,No,No Apparent Injury,NA,Not Distracted,MD,Single-Unit Truck,Moving Constant Speed,35,No,2008,PETERBILT,UNKNOWN,39.08694311,-77.13510513,2024,6,8
240028919,Property Damage Crash,06/18/2024 07:06:00 AM,N HORNERS LA,NA,Angle,Clear,Dry,Daylight,Stop Sign,NONE DETECTED,No,No Apparent Injury,NA,Not Distracted,MD,Passenger Car,Moving Constant Speed,25,No,2016,DODGE,CHARGER,39.08878278,-77.14337941,2024,6,7
240028919,Property Damage Crash,06/18/2024 07:06:00 AM,N HORNERS LA,NA,Angle,Clear,Dry,Daylight,Stop Sign,NONE DETECTED,Yes,No Apparent Injury,NA,Not Distracted,MD,Passenger Car,Moving Constant Speed,25,No,2014,CHEVROLET,CRUZE,39.08878278,-77.14337941,2024,6,7
240028902,Property Damage Crash,06/17/2024 11:34:00 PM,NA,NA,Other,Clear,Dry,Medium,Stop Sign,NONE DETECTED,No,No Apparent Injury,NA,Not Distracted,MD,Sport Utility Vehicle,Accelerating,35,No,2023,CHEVROLET,TAHOE,39.05886858,-76.96952035,2024,6,23
240028902,Property Damage Crash,06/17/2024 11:34:00 PM,NA,NA,Other,Clear,Dry,Medium,Stop Sign,NONE DETECTED,No,No Apparent Injury,NA,Not Distracted,MD,Passenger Car,Accelerating,35,No,2010,TOYOTA,COROLLA,39.05886858,-76.96952035,2024,6,23
240028883,Property Damage Crash,06/17/2024 09:35:00 PM,RIDGE RD,NA,Single Vehicle,Clear,Dry,Dark,No Controls,NONE DETECTED,Yes,No Apparent Injury,"Ran Off Roadway, Too Fast For Conditions","Other Action (looking away from task, etc.)",VA,Passenger Car,Moving Constant Speed,40,No,2023,SUBARU,CROSSTREK,39.20968823,-77.23998887,2024,6,21
240028856,Property Damage Crash,06/17/2024 06:57:00 PM,NA,NA,Front to Rear,Clear,NA,Daylight,NA,NONE DETECTED,No,No Apparent Injury,NA,Not Distracted,MD,Passenger Car,Moving Constant Speed,0,No,2018,FORD,MUSTANG,39.09277108,-77.07714815,2024,6,18
240028856,Property Damage Crash,06/17/2024 06:57:00 PM,NA,NA,Front to Rear,Clear,NA,Daylight,NA,NONE DETECTED,Yes,No Apparent Injury,Improper Backing,Not Distracted,MD,Passenger Car,Backing,0,No,2007,GMC,MAGNA VAN,39.09277108,-77.07714815,2024,6,18
240028854,Property Damage Crash,06/17/2024 06:30:00 PM,FREDERICK RD (SB/L),NA,Angle,Clear,Dry,Daylight,Traffic Control Signal,NONE DETECTED,No,No Apparent Injury,"Operated Motor Vehicle in Inattentive, Careless, Negligent, or Erratic Manner, Ran Red Light",Unknown,MD,Passenger Car,Accelerating,40,No,2015,NISSAN,ROGUE,39.1121525,-77.16208883,2024,6,18
240028854,Property Damage Crash,06/17/2024 06:30:00 PM,FREDERICK RD (SB/L),NA,Angle,Clear,Dry,Daylight,Traffic Control Signal,NONE DETECTED,No,No Apparent Injury,Other Improper Action,Not Distracted,MD,Passenger Car,Accelerating,40,No,2017,BMW,M3,39.1121525,-77.16208883,2024,6,18
240028850,Property Damage Crash,06/17/2024 06:00:00 PM,COLESVILLE RD,NA,Other,Clear,Dry,Daylight,Traffic Control Signal,NONE DETECTED,Yes,No Apparent Injury,NA,Not Distracted,DC,Passenger Car,Moving Constant Speed,35,No,2015,CHEVROLET,EQUINOX,39.01340356,-77.01670745,2024,6,18
240028850,Property Damage Crash,06/17/2024 06:00:00 PM,COLESVILLE RD,NA,Other,Clear,Dry,Daylight,Traffic Control Signal,NONE DETECTED,Yes,No Apparent Injury,NA,Not Distracted,MD,Passenger Car,Moving Constant Speed,35,No,2019,SUBARU,CROSSTREK,39.01340356,-77.01670745,2024,6,18
240028849,Injury Crash,06/17/2024 05:48:00 PM,E RANDOLPH RD (WB/L),NA,Rear To Side,Clear,Dry,Daylight,Traffic Control Signal,NONE DETECTED,No,Possible Minor Injury,NA,Unknown,MD,Passenger Car,NA,40,No,2021,SUBARU,CROSSTREK,39.07551449,-76.9939742,2024,6,17
240028849,Injury Crash,06/17/2024 05:48:00 PM,E RANDOLPH RD (WB/L),NA,Rear To Side,Clear,Dry,Daylight,Traffic Control Signal,NONE DETECTED,No,Possible Minor Injury,NA,Unknown,MD,Passenger Car,NA,40,No,2024,TOYOTA,CAMRY,39.07551449,-76.9939742,2024,6,17
240028846,Property Damage Crash,06/17/2024 05:41:00 PM,NA,NA,Single Vehicle,Clear,Dry,Daylight,Other,NONE DETECTED,Yes,No Apparent Injury,"Improper Passing, Operated Motor Vehicle in Inattentive, Careless, Negligent, or Erratic Manner, Too Fast For Conditions",Unknown,MD,Passenger Car,Accelerating,30,No,2020,NISSAN,370Z,39.03229401,-77.17938788,2024,6,17
240028853,Injury Crash,06/17/2024 05:21:00 PM,MUNCASTER MILL RD,NA,Front to Rear,Clear,Dry,Daylight,No Controls,NONE DETECTED,Yes,No Apparent Injury,NA,Unknown,MD,Passenger Car,Slowing or Stopping,40,No,2005,TOYOTA,COROLLA MATRIX,39.14331466,-77.14049983,2024,6,17
240028853,Injury Crash,06/17/2024 05:21:00 PM,MUNCASTER MILL RD,NA,Front to Rear,Clear,Dry,Daylight,No Controls,NONE DETECTED,No,Possible Minor Injury,NA,Unknown,MD,Pickup,Slowing or Stopping,40,No,2022,CHEVROLET,COLORADO,39.14331466,-77.14049983,2024,6,17
240028837,Property Damage Crash,06/17/2024 05:12:00 PM,NA,NA,Front to Rear,Clear,Dry,Daylight,Traffic Control Signal,NONE DETECTED,Yes,No Apparent Injury,Followed Too Closely,Not Distracted,MD,Passenger Car,Slowing or Stopping,40,No,2024,HONDA,CIVIC,39.06676667,-77.15018833,2024,6,17
240028837,Property Damage Crash,06/17/2024 05:12:00 PM,NA,NA,Front to Rear,Clear,Dry,Daylight,Traffic Control Signal,NONE DETECTED,No,No Apparent Injury,NA,Not Distracted,MD,Pickup,Slowing or Stopping,40,No,2007,CHEVROLET,SILVERADO,39.06676667,-77.15018833,2024,6,17
240028838,Injury Crash,06/17/2024 05:04:00 PM,NEW HAMPSHIRE AVE,NA,Unknown,Clear,Dry,Daylight,Traffic Control Signal,NONE DETECTED,Yes,Possible Minor Injury,NA,Not Distracted,MD,Passenger Car,Moving Constant Speed,35,No,2004,TOYOTA,AVALON,39.03683521,-76.98865031,2024,6,17
240028829,Injury Crash,06/17/2024 04:08:00 PM,WOODFIELD RD,NA,Front to Rear,Clear,Dry,Daylight,No Controls,NONE DETECTED,No,Possible Minor Injury,NA,Not Distracted,WV,Sport Utility Vehicle,Stopped in Traffic,50,No,2020,HYUNDAI,SANTA FE,39.2320035,-77.17873767,2024,6,16
240028829,Injury Crash,06/17/2024 04:08:00 PM,WOODFIELD RD,NA,Front to Rear,Clear,Dry,Daylight,No Controls,NONE DETECTED,No,No Apparent Injury,Other Improper Action,Unknown,MD,Pickup,Moving Constant Speed,50,No,2018,CHEVROLET,3500,39.2320035,-77.17873767,2024,6,16
240028829,Injury Crash,06/17/2024 04:08:00 PM,WOODFIELD RD,NA,Front to Rear,Clear,Dry,Daylight,No Controls,NONE DETECTED,No,No Apparent Injury,NA,Not Distracted,MD,Sport Utility Vehicle,Stopped in Traffic,50,No,2022,KIA,SORENTO,39.2320035,-77.17873767,2024,6,16
240028827,Property Damage Crash,06/17/2024 03:40:00 PM,HINES RD,NA,Front to Rear,Clear,Dry,Daylight,No Controls,NONE DETECTED,No,No Apparent Injury,NA,Not Distracted,MD,Passenger Car,Turning Right,35,No,2006,HONDA,ACCORD,39.14104969,-77.08907267,2024,6,15
240028827,Property Damage Crash,06/17/2024 03:40:00 PM,HINES RD,NA,Front to Rear,Clear,Dry,Daylight,No Controls,NONE DETECTED,Yes,No Apparent Injury,NA,Not Distracted,MD,Passenger Car,Moving Constant Speed,35,No,2014,MAZDA,MAZDA6,39.14104969,-77.08907267,2024,6,15
240028823,Injury Crash,06/17/2024 03:27:00 PM,STRATHMORE AVE,NA,Front to Front,Clear,Dry,Daylight,Traffic Control Signal,NONE DETECTED,No,Possible Minor Injury,NA,Unknown,MD,Passenger Car,Moving Constant Speed,30,No,2006,HONDA,CIVIC,39.034675,-77.09448167,2024,6,15
240028823,Injury Crash,06/17/2024 03:27:00 PM,STRATHMORE AVE,NA,Front to Front,Clear,Dry,Daylight,Traffic Control Signal,NONE DETECTED,No,Possible Minor Injury,NA,Unknown,VA,Passenger Car,Moving Constant Speed,30,No,2017,HONDA,ACCORD,39.034675,-77.09448167,2024,6,15
240028819,Property Damage Crash,06/17/2024 03:25:00 PM,GEORGIA AVE,NA,Front to Rear,Clear,Dry,Daylight,No Controls,NONE DETECTED,No,No Apparent Injury,NA,Not Distracted,NA,Passenger Car,Stopped in Traffic,35,No,2019,CHEVROLET,UNKNOWN,39.05119827,-77.05161283,2024,6,15
240028819,Property Damage Crash,06/17/2024 03:25:00 PM,GEORGIA AVE,NA,Front to Rear,Clear,Dry,Daylight,No Controls,NONE DETECTED,No,NA,NA,NA,NA,Passenger Car,Stopped in Traffic,35,No,2024,CHRYSLER,PACIFICA,39.05119827,-77.05161283,2024,6,15
240028820,Property Damage Crash,06/17/2024 02:50:00 PM,ROCKVILLE PIKE (SB/L),NA,Front to Rear,Clear,Dry,Daylight,No Controls,NONE DETECTED,No,No Apparent Injury,NA,Not Distracted,MD,Sport Utility Vehicle,Stopped in Traffic,40,No,2023,TOYOTA,4-RUNNER,39.05025633,-77.114871,2024,6,14
240028820,Property Damage Crash,06/17/2024 02:50:00 PM,ROCKVILLE PIKE (SB/L),NA,Front to Rear,Clear,Dry,Daylight,No Controls,NONE DETECTED,Yes,No Apparent Injury,Followed Too Closely,Unknown,NA,Sport Utility Vehicle,Slowing or Stopping,40,No,1999,NISSAN,PATHFINDER,39.05025633,-77.114871,2024,6,14
240028812,Property Damage Crash,06/17/2024 02:16:00 PM,APPLE RIDGE RD,NA,Front to Rear,Clear,Dry,Daylight,Traffic Control Signal,NONE DETECTED,No,No Apparent Injury,NA,Not Distracted,MD,Passenger Car,Stopped in Traffic,35,No,2006,ACURA,RL,39.18675734,-77.19846462,2024,6,14
240028812,Property Damage Crash,06/17/2024 02:16:00 PM,APPLE RIDGE RD,NA,Front to Rear,Clear,Dry,Daylight,Traffic Control Signal,NONE DETECTED,Yes,No Apparent Injury,NA,Unknown,MD,Passenger Car,Slowing or Stopping,35,No,2011,HONDA,CR-V,39.18675734,-77.19846462,2024,6,14
240028805,Property Damage Crash,06/17/2024 02:12:00 PM,METRORAIL TRACK B2 RAIL,NA,Front to Rear,Clear,Dry,Daylight,No Controls,NONE DETECTED,No,No Apparent Injury,NA,Not Distracted,DC,Sport Utility Vehicle,Slowing or Stopping,35,No,2019,NISSAN,ROGUE,39.028406940000004,-77.04724388,2024,6,14
240028805,Property Damage Crash,06/17/2024 02:12:00 PM,METRORAIL TRACK B2 RAIL,NA,Front to Rear,Clear,Dry,Daylight,No Controls,NONE DETECTED,Yes,No Apparent Injury,NA,Not Distracted,MD,Sport Utility Vehicle,Moving Constant Speed,35,No,2007,CHEVROLET,EQUINOX,39.028406940000004,-77.04724388,2024,6,14
240028804,Property Damage Crash,06/17/2024 02:08:00 PM,NA,NA,Front to Rear,Clear,Dry,Daylight,No Controls,NONE DETECTED,Yes,No Apparent Injury,NA,Not Distracted,MD,Sport Utility Vehicle,Moving Constant Speed,35,No,2013,BMW,X5,39.0637812,-77.17605383,2024,6,14
240028804,Property Damage Crash,06/17/2024 02:08:00 PM,NA,NA,Front to Rear,Clear,Dry,Daylight,No Controls,NONE DETECTED,No,No Apparent Injury,NA,Not Distracted,MD,Passenger Car,Stopped in Traffic,35,No,2015,MERCEDES-BENZ,350,39.0637812,-77.17605383,2024,6,14
240028796,Property Damage Crash,06/17/2024 01:20:00 PM,FEATHERTREE WAY,NA,Angle,Clear,Dry,Daylight,No Controls,NONE DETECTED,Yes,No Apparent Injury,NA,Unknown,MD,Passenger Car,Accelerating,5,No,2023,TESLA,MODEL 3,39.15888017,-77.20704483,2024,6,13
240028785,Property Damage Crash,06/17/2024 12:54:00 PM,CONNECTICUT AVE,NA,Front to Rear,Clear,Dry,Daylight,No Controls,NONE DETECTED,No,No Apparent Injury,NA,Not Distracted,MD,Van - Passenger (&lt;9 Seats),Stopped in Traffic,35,No,2010,HONDA,ODYSSEY,38.98648719,-77.07704158,2024,6,12
240028785,Property Damage Crash,06/17/2024 12:54:00 PM,CONNECTICUT AVE,NA,Front to Rear,Clear,Dry,Daylight,No Controls,NONE DETECTED,Yes,No Apparent Injury,Followed Too Closely,Unknown,VA,Passenger Car,Slowing or Stopping,35,No,2010,FORD,FUSION,38.98648719,-77.07704158,2024,6,12
240028791,Injury Crash,06/17/2024 12:49:00 PM,NO NAME,NA,Front to Rear,Clear,Dry,Daylight,No Controls,NONE DETECTED,Yes,Possible Minor Injury,NA,Unknown,MD,Passenger Car,Moving Constant Speed,40,No,2018,HYUNDAI,SONATA,39.05191455,-77.07454776,2024,6,12
240028791,Injury Crash,06/17/2024 12:49:00 PM,NO NAME,NA,Front to Rear,Clear,Dry,Daylight,No Controls,NONE DETECTED,No,No Apparent Injury,NA,Unknown,MD,Sport Utility Vehicle,Moving Constant Speed,40,No,2015,HONDA,PILOT,39.05191455,-77.07454776,2024,6,12
240028770,Injury Crash,06/17/2024 11:33:00 AM,NA,NA,Single Vehicle,Clear,NA,Daylight,NA,NONE DETECTED,Yes,Possible Minor Injury,"Operated Motor Vehicle in Inattentive, Careless, Negligent, or Erratic Manner, Over-Correcting/Over-Steering, Ran Off Roadway",Not Distracted,MD,Other Trucks,Moving Constant Speed,0,No,2009,STERLING TRUCK,L7500 SERIES,39.1939489,-77.11158495,2024,6,11
240028769,Injury Crash,06/17/2024 11:10:00 AM,MONTGOMERY VILLAGE AVE (SB/L),NA,Other,Clear,Dry,Daylight,Traffic Control Signal,NONE DETECTED,No,NA,NA,NA,NA,Pickup,Backing,35,No,2007,ISUZU,UNKNOWN,39.18804736,-77.19739241,2024,6,11
240028769,Injury Crash,06/17/2024 11:10:00 AM,MONTGOMERY VILLAGE AVE (SB/L),NA,Other,Clear,Dry,Daylight,Traffic Control Signal,NONE DETECTED,No,Possible Minor Injury,NA,Not Distracted,NA,Passenger Car,Stopped in Traffic,35,No,2017,HONDA,CIVIC,39.18804736,-77.19739241,2024,6,11
24001166,Property Damage Crash,06/17/2024 10:32:00 AM,UNIVERSITY BLVD W,NA,"Sideswipe, Same Direction",Clear,Dry,Daylight,No Controls,NONE DETECTED,No,No Apparent Injury,NA,Unknown,MD,Pickup,Moving Constant Speed,35,No,2011,FORD,F-450,39.03692291,-77.06111124,2024,6,10
240028758,Property Damage Crash,06/17/2024 10:03:00 AM,NA,NA,Other,Clear,NA,Daylight,NA,NONE DETECTED,No,NA,NA,NA,NA,Sport Utility Vehicle,Backing,0,No,2021,TOYOTA,RAV4,38.99126864,-77.01442701,2024,6,10
240028748,Property Damage Crash,06/17/2024 08:52:00 AM,NA,NA,Angle,Clear,NA,Daylight,NA,NONE DETECTED,Yes,No Apparent Injury,NA,Not Distracted,VA,Passenger Car,Accelerating,0,No,2023,TESLA,MODEL Y,38.99699141,-77.0306001,2024,6,8
240028748,Property Damage Crash,06/17/2024 08:52:00 AM,NA,NA,Angle,Clear,NA,Daylight,NA,NONE DETECTED,No,No Apparent Injury,NA,Not Distracted,MD,Passenger Car,Backing,0,No,2014,TOYOTA,COROLLA,38.99699141,-77.0306001,2024,6,8
240028742,Property Damage Crash,06/17/2024 08:34:00 AM,NORBECK RD,NA,Front to Rear,Clear,Dry,Daylight,Traffic Control Signal,NONE DETECTED,No,No Apparent Injury,NA,Not Distracted,MD,Sport Utility Vehicle,Slowing or Stopping,45,No,2022,KIA,SPORTAGE,39.09614067,-77.10963217,2024,6,8
240028742,Property Damage Crash,06/17/2024 08:34:00 AM,NORBECK RD,NA,Front to Rear,Clear,Dry,Daylight,Traffic Control Signal,NONE DETECTED,No,No Apparent Injury,NA,Not Distracted,MD,Pickup,Slowing or Stopping,45,No,2016,TOYOTA,TACOMA,39.09614067,-77.10963217,2024,6,8
240028742,Property Damage Crash,06/17/2024 08:34:00 AM,NORBECK RD,NA,Front to Rear,Clear,Dry,Daylight,Traffic Control Signal,NONE DETECTED,No,NA,NA,NA,NA,NA,Moving Constant Speed,45,No,0,NA,NA,39.09614067,-77.10963217,2024,6,8
240028733,Property Damage Crash,06/17/2024 07:06:00 AM,MATENY RD,NA,Front to Rear,Clear,Dry,Daylight,Traffic Control Signal,NONE DETECTED,Yes,No Apparent Injury,Followed Too Closely,Unknown,MD,Sport Utility Vehicle,Moving Constant Speed,30,No,2020,JEEP,RENEGADE,39.15647234,-77.26708874,2024,6,7
240028733,Property Damage Crash,06/17/2024 07:06:00 AM,MATENY RD,NA,Front to Rear,Clear,Dry,Daylight,Traffic Control Signal,NONE DETECTED,No,No Apparent Injury,NA,Not Distracted,NA,Passenger Car,Stopped in Traffic,30,No,2018,HONDA,CIVIC,39.15647234,-77.26708874,2024,6,7
240028736,Property Damage Crash,06/17/2024 06:55:00 AM,COLESVILLE RD (SB/L),NA,Rear To Rear,Clear,Dry,Daylight,No Controls,NONE DETECTED,Yes,No Apparent Injury,NA,Not Distracted,MD,Pickup,Slowing or Stopping,35,No,2010,FORD,F-150,39.0246264,-77.01119089,2024,6,6
240028736,Property Damage Crash,06/17/2024 06:55:00 AM,COLESVILLE RD (SB/L),NA,Rear To Rear,Clear,Dry,Daylight,No Controls,NONE DETECTED,No,No Apparent Injury,NA,Not Distracted,MD,Passenger Car,Stopped in Traffic,35,No,2009,TOYOTA,CAMRY,39.0246264,-77.01119089,2024,6,6
240028731,Property Damage Crash,06/17/2024 06:16:00 AM,OLNEY SANDY SPRING RD,NA,"Sideswipe, Same Direction",Clear,Dry,Daylight,No Controls,NONE DETECTED,No,NA,NA,NA,NA,Passenger Car,Overtaking/Passing,35,No,2021,JEEP,CHEROKEE,39.14925369,-77.01513408,2024,6,6
240028731,Property Damage Crash,06/17/2024 06:16:00 AM,OLNEY SANDY SPRING RD,NA,"Sideswipe, Same Direction",Clear,Dry,Daylight,No Controls,NONE DETECTED,No,No Apparent Injury,NA,Not Distracted,MD,Passenger Car,Moving Constant Speed,35,No,2023,KIA,SOUL,39.14925369,-77.01513408,2024,6,6
240028727,Property Damage Crash,06/17/2024 05:20:00 AM,MONTGOMERY VILLAGE AVE,NA,Other,Clear,Dry,Medium,Flashing Traffic Control Signal,NONE DETECTED,No,No Apparent Injury,Failed to Yield Right-of-Way,Not Distracted,MD,Passenger Car,Accelerating,35,No,2014,VOLKSWAGEN,TIGUAN,39.17440031,-77.20342086,2024,6,5
240028727,Property Damage Crash,06/17/2024 05:20:00 AM,MONTGOMERY VILLAGE AVE,NA,Other,Clear,Dry,Medium,Flashing Traffic Control Signal,NONE DETECTED,No,No Apparent Injury,NA,Not Distracted,MD,Passenger Car,Moving Constant Speed,35,No,1998,TOYOTA,CAMRY,39.17440031,-77.20342086,2024,6,5
240028722,Injury Crash,06/17/2024 03:11:00 AM,EAST VILLAGE AVE,NA,Single Vehicle,Clear,Dry,Medium,No Controls,NONE DETECTED,No,Possible Minor Injury,Ran Off Roadway,Unknown,MD,Passenger Car,Moving Constant Speed,35,No,2023,MAZDA,CX-5,39.1877412,-77.17849318,2024,6,3
240028721,Property Damage Crash,06/17/2024 02:20:00 AM,STONINGTON PL,NA,"Sideswipe, Same Direction",Clear,Dry,Medium,No Controls,NONE DETECTED,No,No Apparent Injury,"Swerved or Avoided Due to Wind, Slippery Surface, Motor Vehicle, Object, Non-Motorist in Roadway, etc",Not Distracted,MD,Passenger Car,Moving Constant Speed,25,No,2021,HYUNDAI,SONATA,39.04898003,-77.01728432,2024,6,2
240028720,Property Damage Crash,06/17/2024 02:15:00 AM,NEW HAMPSHIRE AVE,NA,Front to Rear,Clear,Dry,Medium,Traffic Control Signal,NONE DETECTED,No,No Apparent Injury,NA,Not Distracted,MD,Passenger Car,Slowing or Stopping,35,No,2021,KIA,K5,38.98868038,-76.98770059,2024,6,2
240028720,Property Damage Crash,06/17/2024 02:15:00 AM,NEW HAMPSHIRE AVE,NA,Front to Rear,Clear,Dry,Medium,Traffic Control Signal,NONE DETECTED,No,NA,NA,NA,NA,Passenger Car,Accelerating,35,No,2015,ACURA,RDX,38.98868038,-76.98770059,2024,6,2
240028707,Property Damage Crash,06/16/2024 10:00:00 PM,NA,NA,Front to Rear,Clear,NA,Dark,NA,NONE DETECTED,No,NA,NA,NA,NA,Passenger Car,Backing,0,No,2001,TOYOTA,AVALON,38.99975592,-76.99671458,2024,6,22
240028703,Property Damage Crash,06/16/2024 08:25:00 PM,COLUMBIA PIKE,NA,"Sideswipe, Same Direction",Clear,Dry,Daylight,No Controls,NONE DETECTED,Yes,No Apparent Injury,NA,Not Distracted,MD,Passenger Car,Changing Lanes,55,No,2011,TOYOTA,CAMRY,39.102854,-76.9336535,2024,6,20
240028703,Property Damage Crash,06/16/2024 08:25:00 PM,COLUMBIA PIKE,NA,"Sideswipe, Same Direction",Clear,Dry,Daylight,No Controls,NONE DETECTED,No,No Apparent Injury,NA,Not Distracted,MD,Sport Utility Vehicle,Moving Constant Speed,55,No,2009,NISSAN,ROGUE,39.102854,-76.9336535,2024,6,20
240028698,Injury Crash,06/16/2024 08:00:00 PM,OXBRIDGE DR,NA,Front to Rear,Cloudy,Dry,Daylight,No Controls,NONE DETECTED,Yes,No Apparent Injury,Followed Too Closely,Not Distracted,MD,Passenger Car,Slowing or Stopping,40,No,2006,HONDA,ELEMENT,39.18993486,-77.24157921,2024,6,20
240028698,Injury Crash,06/16/2024 08:00:00 PM,OXBRIDGE DR,NA,Front to Rear,Cloudy,Dry,Daylight,No Controls,NONE DETECTED,Yes,No Apparent Injury,Followed Too Closely,Not Distracted,MD,Passenger Car,Slowing or Stopping,40,No,2008,HONDA,PILOT,39.18993486,-77.24157921,2024,6,20
240028698,Injury Crash,06/16/2024 08:00:00 PM,OXBRIDGE DR,NA,Front to Rear,Cloudy,Dry,Daylight,No Controls,NONE DETECTED,No,No Apparent Injury,NA,Not Distracted,MD,Passenger Car,Slowing or Stopping,40,No,2018,HONDA,PILOT,39.18993486,-77.24157921,2024,6,20
240029623,Property Damage Crash,06/16/2024 07:30:00 PM,MOUNTAIN LAKE CT,NA,Front to Rear,Clear,Dry,Daylight,No Controls,NONE DETECTED,Yes,No Apparent Injury,Ran Off Roadway,Unknown,MD,Passenger Car,NA,25,No,2011,DODGE,JOURNEY,39.19887887,-77.27011967,2024,6,19
240028693,Property Damage Crash,06/16/2024 06:46:00 PM,BARNESVILLE RD,NA,Single Vehicle,Clear,Dry,Daylight,No Controls,NONE DETECTED,Yes,No Apparent Injury,NA,Unknown,MD,Passenger Car,NA,40,No,2017,TOYOTA,COROLLA,39.21732539,-77.35920884,2024,6,18
240028690,Property Damage Crash,06/16/2024 06:28:00 PM,NA,NA,"Sideswipe, Opposite Direction",Clear,NA,Daylight,NA,NONE DETECTED,Yes,No Apparent Injury,Other Improper Action,Unknown,MD,Sport Utility Vehicle,Backing,0,No,2011,TOYOTA,HIGHLANDER,39.22956787,-77.25012177,2024,6,18
240028674,Property Damage Crash,06/16/2024 04:15:00 PM,SOUTHWOOD AVE,NA,Front to Front,Clear,Dry,Daylight,Traffic Control Signal,NONE DETECTED,No,No Apparent Injury,NA,Not Distracted,MD,Passenger Car,Turning Left,40,No,2018,TOYOTA,CAMRY,39.02605249,-77.01094498,2024,6,16
240028661,Property Damage Crash,06/16/2024 03:01:00 PM,SHAKESPEARE BLVD (WB/L),NA,Rear To Side,Clear,Dry,Daylight,Traffic Control Signal,NONE DETECTED,Yes,No Apparent Injury,"Failed to Yield Right-of-Way, Improper Turn",Not Distracted,MD,Passenger Car,Turning Left,45,No,2005,TOYOTA,CAMRY,39.1983388,-77.24500897,2024,6,15
240028661,Property Damage Crash,06/16/2024 03:01:00 PM,SHAKESPEARE BLVD (WB/L),NA,Rear To Side,Clear,Dry,Daylight,No Controls,NONE DETECTED,No,No Apparent Injury,NA,Not Distracted,MD,Sport Utility Vehicle,Moving Constant Speed,45,No,2015,CHEVROLET,TAHOE,39.1983388,-77.24500897,2024,6,15
240028660,Injury Crash,06/16/2024 02:51:00 PM,FREDERICK RD (SB/L),NA,Other,Clear,Dry,Daylight,Traffic Control Signal,NONE DETECTED,No,Possible Minor Injury,NA,Not Distracted,MD,Passenger Car,Moving Constant Speed,40,No,2009,HONDA,ODYSSEY,39.19819972,-77.24504749,2024,6,14