Local Case Number,ACRS Report Type,Crash Date/Time,Road Name,Related Non-Motorist,Collision Type,Weather,Surface Condition,Light,Traffic Control,Driver Substance Abuse,Driver At Fault,Injury Severity,Circumstance,Driver Distracted By,Drivers License State,Vehicle Body Type,Vehicle Movement,Speed Limit,Driverless Vehicle,Vehicle Year,Vehicle Make,Vehicle Model,Latitude,Longitude,Year,Month,Hour
240028660,Injury Crash,06/16/2024 02:51:00 PM,FREDERICK RD (SB/L),NA,Other,Clear,Dry,Daylight,Traffic Control Signal,NONE DETECTED,No,No Apparent Injury,NA,Unknown,MD,Passenger Car,Turning Left,40,No,2017,TOYOTA,UNKNOWN,39.19819972,-77.24504749,2024,6,14
240028653,Injury Crash,06/16/2024 02:04:00 PM,MASON ST,NA,"Sideswipe, Same Direction",Clear,Dry,Daylight,No Controls,NONE DETECTED,No,No Apparent Injury,NA,Not Distracted,MD,Passenger Car,Moving Constant Speed,35,No,2011,MINI,COOPER,39.05525105,-77.05019033,2024,6,14
240028653,Injury Crash,06/16/2024 02:04:00 PM,MASON ST,NA,"Sideswipe, Same Direction",Clear,Dry,Daylight,No Controls,NONE DETECTED,Yes,No Apparent Injury,Other Improper Action,Unknown,MD,Sport Utility Vehicle,Changing Lanes,35,No,2024,HONDA,CR-V,39.05525105,-77.05019033,2024,6,14
240028650,Property Damage Crash,06/16/2024 01:11:00 PM,WOODFIELD RD,NA,Front to Rear,Clear,Dry,Daylight,No Controls,NONE DETECTED,No,No Apparent Injury,NA,Not Distracted,MD,Sport Utility Vehicle,Slowing or Stopping,35,No,2015,HONDA,CR-V,39.20100383,-77.15872217,2024,6,13
240028650,Property Damage Crash,06/16/2024 01:11:00 PM,WOODFIELD RD,NA,Front to Rear,Clear,Dry,Daylight,No Controls,NONE DETECTED,Yes,No Apparent Injury,NA,Unknown,MD,Passenger Car,Moving Constant Speed,35,No,2005,MERCEDES-BENZ,240,39.20100383,-77.15872217,2024,6,13
240030607,Property Damage Crash,06/16/2024 01:00:00 PM,WISCONSIN AVE (SB/L),NA,"Sideswipe, Same Direction",Clear,Dry,Daylight,Traffic Control Signal,NONE DETECTED,No,NA,NA,NA,NA,Passenger Car,Overtaking/Passing,20,No,2018,AUDI,UNKNOWN,38.9836027,-77.09405831,2024,6,13
240030607,Property Damage Crash,06/16/2024 01:00:00 PM,WISCONSIN AVE (SB/L),NA,"Sideswipe, Same Direction",Clear,Dry,Daylight,Traffic Control Signal,NONE DETECTED,No,No Apparent Injury,NA,Not Distracted,VA,Passenger Car,Slowing or Stopping,20,No,2011,TOYOTA,SIENNA,38.9836027,-77.09405831,2024,6,13
240028644,Property Damage Crash,06/16/2024 12:40:00 PM,RANDOLPH RD,NA,"Sideswipe, Same Direction",Clear,Dry,Daylight,Traffic Control Signal,NONE DETECTED,No,No Apparent Injury,NA,Not Distracted,MD,Passenger Car,Stopped in Traffic,40,No,2007,HONDA,ACCORD,39.07568781,-77.00257957,2024,6,12
240028644,Property Damage Crash,06/16/2024 12:40:00 PM,RANDOLPH RD,NA,"Sideswipe, Same Direction",Clear,Dry,Daylight,Traffic Control Signal,NONE DETECTED,No,No Apparent Injury,NA,Not Distracted,MD,Passenger Car,Stopped in Traffic,40,No,2008,DODGE,GRAND CARAVAN,39.07568781,-77.00257957,2024,6,12
240028644,Property Damage Crash,06/16/2024 12:40:00 PM,RANDOLPH RD,NA,"Sideswipe, Same Direction",Clear,Dry,Daylight,Traffic Control Signal,NONE DETECTED,Yes,No Apparent Injury,"Operated Motor Vehicle in Inattentive, Careless, Negligent, or Erratic Manner",Not Distracted,MD,Passenger Car,Accelerating,40,No,2018,SUBARU,WRX,39.07568781,-77.00257957,2024,6,12
240028642,Property Damage Crash,06/16/2024 12:15:00 PM,WATKINS MILL RD,NA,Front to Rear,Clear,Dry,Daylight,No Controls,NONE DETECTED,Yes,No Apparent Injury,"Followed Too Closely, Too Fast For Conditions",Unknown,NA,Passenger Car,Slowing or Stopping,25,No,2016,HONDA,CIVIC,39.15984167,-77.21724667,2024,6,12
240028642,Property Damage Crash,06/16/2024 12:15:00 PM,WATKINS MILL RD,NA,Front to Rear,Clear,Dry,Daylight,No Controls,NONE DETECTED,No,No Apparent Injury,NA,Unknown,MD,Passenger Car,Moving Constant Speed,25,No,2024,TOYOTA,COROLLA,39.15984167,-77.21724667,2024,6,12
240028629,Injury Crash,06/16/2024 10:58:00 AM,NA,Scooter (electric),Single Vehicle,Clear,NA,Daylight,NA,NONE DETECTED,No,No Apparent Injury,NA,Not Distracted,MD,Passenger Car,Slowing or Stopping,0,No,2018,NISSAN,ALTIMA,39.07920182,-77.07283351,2024,6,10
240028621,Property Damage Crash,06/16/2024 09:50:00 AM,FREDERICK RD,NA,Front to Rear,Clear,Dry,Daylight,Traffic Control Signal,NONE DETECTED,No,No Apparent Injury,NA,Not Distracted,MD,Passenger Car,Stopped in Traffic,40,No,2008,HONDA,CIVIC,39.19539721,-77.24430834,2024,6,9
240028621,Property Damage Crash,06/16/2024 09:50:00 AM,FREDERICK RD,NA,Front to Rear,Clear,Dry,Daylight,Traffic Control Signal,NONE DETECTED,Yes,No Apparent Injury,Followed Too Closely,Not Distracted,MD,Passenger Car,Moving Constant Speed,40,No,2017,JEEP,COMPASS,39.19539721,-77.24430834,2024,6,9
240028618,Property Damage Crash,06/16/2024 08:32:00 AM,NA,NA,"Sideswipe, Same Direction",Clear,NA,Daylight,NA,NONE DETECTED,Yes,No Apparent Injury,"Improper Backing, Other Improper Action","Other Action (looking away from task, etc.)",MD,Sport Utility Vehicle,Backing,0,No,2020,VOLKSWAGEN,TIGUAN,39.2341455,-77.2587785,2024,6,8
240028613,Property Damage Crash,06/16/2024 07:50:00 AM,NA,NA,Front to Rear,Clear,NA,Daylight,NA,NONE DETECTED,No,No Apparent Injury,NA,Unknown,NA,Passenger Car,Backing,0,No,2008,AUDI,A6,39.02941808,-77.10499157,2024,6,7
240028611,Property Damage Crash,06/16/2024 07:36:00 AM,RIDGE RD (NB/L),NA,Angle,Clear,Dry,Daylight,Traffic Control Signal,NONE DETECTED,No,No Apparent Injury,NA,Not Distracted,MD,Passenger Car,Moving Constant Speed,45,No,2011,TOYOTA,PRIUS,39.1988645,-77.260762,2024,6,7
240028611,Property Damage Crash,06/16/2024 07:36:00 AM,RIDGE RD (NB/L),NA,Angle,Clear,Dry,Daylight,Traffic Control Signal,NONE DETECTED,Yes,No Apparent Injury,"Failed to Yield Right-of-Way, Improper Turn, Other Improper Action",Unknown,MD,Station Wagon,Moving Constant Speed,45,No,2015,SUBARU,FORESTER,39.1988645,-77.260762,2024,6,7
240028609,Property Damage Crash,06/16/2024 07:21:00 AM,GEORGIA AVE,NA,Front to Rear,Clear,Dry,Daylight,No Controls,ALCOHOL PRESENT,Yes,No Apparent Injury,"Operated Motor Vehicle in Inattentive, Careless, Negligent, or Erratic Manner, Other Improper Action",Unknown,SC,Passenger Car,Moving Constant Speed,30,No,2004,HONDA,ACCORD,38.99214282,-77.02649977,2024,6,7
240028655,Property Damage Crash,06/16/2024 06:25:00 AM,NEW HAMPSHIRE AVE (SB/L),NA,Rear To Side,Clear,Dry,Daylight,No Controls,NONE DETECTED,No,No Apparent Injury,NA,Not Distracted,MD,Passenger Car,Moving Constant Speed,40,No,2018,MAZDA,MAZDA3,39.0059688,-76.98057113,2024,6,6
240028655,Property Damage Crash,06/16/2024 06:25:00 AM,NEW HAMPSHIRE AVE (SB/L),NA,Rear To Side,Clear,Dry,Daylight,No Controls,NONE DETECTED,No,No Apparent Injury,NA,Unknown,MD,Sport Utility Vehicle,Changing Lanes,40,No,2011,HONDA,CR-V,39.0059688,-76.98057113,2024,6,6
240028602,Property Damage Crash,06/16/2024 04:50:00 AM,WOODFIELD RD,NA,Angle,Clear,Dry,Dark,No Controls,NONE DETECTED,No,No Apparent Injury,Followed Too Closely,Not Distracted,MD,Passenger Car,Moving Constant Speed,40,No,2022,TOYOTA,COROLLA,39.214161,-77.17242317,2024,6,4
240028602,Property Damage Crash,06/16/2024 04:50:00 AM,WOODFIELD RD,NA,Angle,Clear,Dry,Dark,No Controls,NONE DETECTED,Yes,No Apparent Injury,"Swerved or Avoided Due to Wind, Slippery Surface, Motor Vehicle, Object, Non-Motorist in Roadway, etc",Not Distracted,MD,Passenger Car,Moving Constant Speed,40,No,2017,HONDA,ACCORD,39.214161,-77.17242317,2024,6,4
240028597,Property Damage Crash,06/16/2024 02:00:00 AM,ASPEN HILL RD,NA,"Sideswipe, Same Direction",Clear,Dry,Medium,No Controls,NONE DETECTED,Yes,No Apparent Injury,Failed to Keep in Proper Lane,Unknown,NA,Passenger Car,Moving Constant Speed,35,No,2007,LEXUS,ES,39.0791495,-77.08897217,2024,6,2
240028594,Injury Crash,06/16/2024 01:39:00 AM,NA,Cyclist (non-electric),Single Vehicle,Clear,NA,Medium,NA,NONE DETECTED,No,NA,NA,NA,NA,Sport Utility Vehicle,Accelerating,0,No,0,NA,NA,39.05907262,-77.05004018,2024,6,1
240028601,Property Damage Crash,06/16/2024 12:50:00 AM,THISTLEBRIDGE DR,NA,Single Vehicle,Clear,Dry,Medium,No Controls,NONE DETECTED,No,NA,NA,NA,NA,Unknown,Moving Constant Speed,25,No,0,NA,NA,39.11489131,-77.07744013,2024,6,0
240028581,Property Damage Crash,06/15/2024 11:39:00 PM,GOSHEN RD,NA,Angle,Clear,Dry,Medium,Traffic Control Signal,NONE DETECTED,No,No Apparent Injury,NA,Not Distracted,MD,Passenger Car,Moving Constant Speed,35,No,2004,FORD,MUSTANG,39.18520216,-77.18758618,2024,6,23
240028581,Property Damage Crash,06/15/2024 11:39:00 PM,GOSHEN RD,NA,Angle,Clear,Dry,Medium,Traffic Control Signal,NONE DETECTED,Yes,No Apparent Injury,NA,Unknown,MD,Passenger Car,Turning Left,35,No,2015,CHEVROLET,TAHOE,39.18520216,-77.18758618,2024,6,23
240028579,Property Damage Crash,06/15/2024 11:13:00 PM,NORTHAMPTON DR (SB/L),NA,Front to Rear,Clear,Dry,Medium,Traffic Control Signal,NONE DETECTED,No,No Apparent Injury,NA,Not Distracted,MD,Passenger Car,Slowing or Stopping,35,No,2008,TOYOTA,SCION TC,39.00686413,-76.98033201,2024,6,23
240028579,Property Damage Crash,06/15/2024 11:13:00 PM,NORTHAMPTON DR (SB/L),NA,Front to Rear,Clear,Dry,Medium,Traffic Control Signal,NONE DETECTED,Yes,No Apparent Injury,"Followed Too Closely, Operated Motor Vehicle in Inattentive, Careless, Negligent, or Erratic Manner, Other Improper Action",Unknown,MD,Passenger Car,Slowing or Stopping,35,No,2012,HONDA,CIVIC,39.00686413,-76.98033201,2024,6,23
240028577,Property Damage Crash,06/15/2024 11:04:00 PM,FENTON ST,NA,"Sideswipe, Same Direction",Clear,Dry,Medium,Traffic Control Signal,NONE DETECTED,No,No Apparent Injury,NA,Not Distracted,MD,Passenger Car,Turning Left,30,No,2016,FORD,EXPLORER,38.9902047,-77.02393641,2024,6,23
240028577,Property Damage Crash,06/15/2024 11:04:00 PM,FENTON ST,NA,"Sideswipe, Same Direction",Clear,Dry,Medium,Traffic Control Signal,NONE DETECTED,Yes,No Apparent Injury,NA,Not Distracted,VA,Passenger Car,Moving Constant Speed,30,No,1997,LEXUS,LS,38.9902047,-77.02393641,2024,6,23
240028575,Property Damage Crash,06/15/2024 10:57:00 PM,SEVEN LOCKS RD,NA,"Sideswipe, Opposite Direction",Clear,Dry,Medium,"Other Pavement Marking (excluding edgelines, centerlines, or lane lines)",NONE DETECTED,No,No Apparent Injury,NA,Not Distracted,MD,Passenger Car,Moving Constant Speed,35,No,2021,TOYOTA,COROLLA,39.04036448,-77.1590786,2024,6,22
240028575,Property Damage Crash,06/15/2024 10:57:00 PM,SEVEN LOCKS RD,NA,"Sideswipe, Opposite Direction",Clear,Dry,Medium,Traffic Control Signal,NONE DETECTED,No,No Apparent Injury,"Failed to Keep in Proper Lane, Improper Turn",Unknown,MD,Passenger Car,Turning Left,35,No,2020,MERCEDES-BENZ,E-CLASS,39.04036448,-77.1590786,2024,6,22
240028574,Injury Crash,06/15/2024 10:45:00 PM,ELM ST,Pedestrian,Single Vehicle,Clear,Dry,Medium,Traffic Control Signal,NONE DETECTED,No,No Apparent Injury,NA,Not Distracted,MD,Passenger Car,Accelerating,25,No,2023,TOYOTA,COROLLA,38.98208602,-77.09833455,2024,6,22
240028574,Injury Crash,06/15/2024 10:45:00 PM,ELM ST,Pedestrian,Single Vehicle,Clear,Dry,Medium,Traffic Control Signal,NONE DETECTED,No,NA,"Other Improper Action, Ran Red Light, Too Fast For Conditions",Unknown,NA,Moped Or motorized bicycle,Moving Constant Speed,25,No,0,NA,NA,38.98208602,-77.09833455,2024,6,22
240028574,Injury Crash,06/15/2024 10:45:00 PM,ELM ST,Pedestrian,Single Vehicle,Clear,Dry,Medium,No Controls,NONE DETECTED,No,No Apparent Injury,NA,Not Distracted,MD,Passenger Car,Parked,25,No,2019,MERCEDES-BENZ,GLE-CLASS,38.98208602,-77.09833455,2024,6,22
240028571,Property Damage Crash,06/15/2024 10:01:00 PM,VEIRS MILL RD (WB/L),NA,Front to Rear,Clear,Dry,Medium,No Controls,NONE DETECTED,Yes,No Apparent Injury,NA,Unknown,MD,Passenger Car,Accelerating,35,No,2023,HYUNDAI,ELANTRA,39.04179483,-77.05860317,2024,6,22
240028571,Property Damage Crash,06/15/2024 10:01:00 PM,VEIRS MILL RD (WB/L),NA,Front to Rear,Clear,Dry,Medium,No Controls,NONE DETECTED,No,No Apparent Injury,NA,Not Distracted,MD,Passenger Car,Moving Constant Speed,35,No,2017,TOYOTA,COROLLA,39.04179483,-77.05860317,2024,6,22
240028560,Property Damage Crash,06/15/2024 08:23:00 PM,NA,NA,Angle,Clear,Dry,Medium,Traffic Control Signal,NONE DETECTED,Yes,No Apparent Injury,NA,Not Distracted,MD,Sport Utility Vehicle,Moving Constant Speed,35,No,2016,NISSAN,ROGUE,39.0843116,-76.95100534,2024,6,20
240028560,Property Damage Crash,06/15/2024 08:23:00 PM,NA,NA,Angle,Clear,Dry,Medium,Traffic Control Signal,NONE DETECTED,No,No Apparent Injury,NA,Not Distracted,MD,Sport Utility Vehicle,Moving Constant Speed,35,No,2012,MINI,COOPER,39.0843116,-76.95100534,2024,6,20
240028556,Injury Crash,06/15/2024 08:01:00 PM,GALWAY DR (SB/L),NA,Front to Rear,Clear,Dry,Daylight,Traffic Control Signal,NONE DETECTED,No,Possible Minor Injury,NA,Not Distracted,MD,Passenger Car,Stopped in Traffic,30,No,2016,TOYOTA,HIGHLANDER,39.05616167,-76.94423578,2024,6,20
240028556,Injury Crash,06/15/2024 08:01:00 PM,GALWAY DR (SB/L),NA,Front to Rear,Clear,Dry,Daylight,Traffic Control Signal,NONE DETECTED,Yes,No Apparent Injury,Followed Too Closely,Not Distracted,MD,Pickup,Moving Constant Speed,30,No,2008,FORD,F-350,39.05616167,-76.94423578,2024,6,20
240028534,Property Damage Crash,06/15/2024 06:00:00 PM,NEW HAMPSHIRE AVE,NA,"Sideswipe, Same Direction",Clear,Dry,Daylight,No Controls,NONE DETECTED,No,No Apparent Injury,NA,Not Distracted,MD,Sport Utility Vehicle,Moving Constant Speed,35,No,2017,LAND ROVER,RANGE ROVER,38.98367785,-76.98824909,2024,6,18
240028534,Property Damage Crash,06/15/2024 06:00:00 PM,NEW HAMPSHIRE AVE,NA,"Sideswipe, Same Direction",Clear,Dry,Daylight,No Controls,NONE DETECTED,No,No Apparent Injury,NA,Unknown,NA,Pickup,Moving Constant Speed,35,No,2014,FORD,F-150,38.98367785,-76.98824909,2024,6,18
240028534,Property Damage Crash,06/15/2024 06:00:00 PM,NEW HAMPSHIRE AVE,NA,"Sideswipe, Same Direction",Clear,Dry,Daylight,No Controls,NONE DETECTED,No,No Apparent Injury,NA,Not Distracted,MD,Passenger Car,Moving Constant Speed,35,No,2010,CHEVROLET,CAMARO,38.98367785,-76.98824909,2024,6,18
240028630,Property Damage Crash,06/15/2024 05:41:00 PM,PHILADELPHIA AVE (EB/L),NA,"Sideswipe, Same Direction",Clear,Dry,Daylight,Traffic Control Signal,NONE DETECTED,No,NA,NA,NA,NA,Passenger Car,Moving Constant Speed,35,No,2012,TOYOTA,UNKNOWN,38.99026987,-77.02651643,2024,6,17
240028630,Property Damage Crash,06/15/2024 05:41:00 PM,PHILADELPHIA AVE (EB/L),NA,"Sideswipe, Same Direction",Clear,Dry,Daylight,Traffic Control Signal,NONE DETECTED,No,No Apparent Injury,NA,Not Distracted,MD,Passenger Car,Making U-Turn,35,No,2012,TOYOTA,CAMRY,38.99026987,-77.02651643,2024,6,17
240028529,Property Damage Crash,06/15/2024 05:40:00 PM,NA,NA,Front to Rear,Clear,NA,Daylight,NA,NONE DETECTED,No,No Apparent Injury,NA,Not Distracted,DC,Passenger Car,Stopped in Traffic,0,No,2021,VOLVO,S80,38.99600547,-77.02398887,2024,6,17
240028529,Property Damage Crash,06/15/2024 05:40:00 PM,NA,NA,Front to Rear,Clear,NA,Daylight,NA,NONE DETECTED,Yes,No Apparent Injury,"Followed Too Closely, Operated Motor Vehicle in Inattentive, Careless, Negligent, or Erratic Manner",Unknown,MD,Passenger Car,Slowing or Stopping,0,No,2015,FORD,EXPEDITION,38.99600547,-77.02398887,2024,6,17
240028528,Injury Crash,06/15/2024 05:30:00 PM,NA,Cyclist (Electric),Unknown,Clear,Dry,Daylight,No Controls,NONE DETECTED,No,No Apparent Injury,NA,Not Distracted,MD,Pickup,Turning Right,15,No,2011,FORD,F-250,39.01480934,-76.9750047,2024,6,17
240028523,Injury Crash,06/15/2024 05:00:00 PM,KNOWLES AVE,NA,Other,Clear,Dry,Daylight,No Controls,NONE DETECTED,No,No Apparent Injury,NA,Not Distracted,MD,Passenger Car,Moving Constant Speed,25,No,2012,MERCEDES-BENZ,C-CLASS,39.0277,-77.07805,2024,6,17
240028523,Injury Crash,06/15/2024 05:00:00 PM,KNOWLES AVE,NA,Other,Clear,Dry,Daylight,Stop Sign,NONE DETECTED,No,No Apparent Injury,NA,Not Distracted,MD,Sport Utility Vehicle,Accelerating,25,No,2023,KIA,SORENTO,39.0277,-77.07805,2024,6,17
240028524,Property Damage Crash,06/15/2024 04:55:00 PM,NA,NA,Front to Front,Clear,NA,Daylight,NA,NONE DETECTED,No,No Apparent Injury,NA,Not Distracted,PA,Sport Utility Vehicle,Parked,0,No,2020,CHEVROLET,SUBURBAN,38.95995009,-77.13161818,2024,6,16
240028524,Property Damage Crash,06/15/2024 04:55:00 PM,NA,NA,Front to Front,Clear,NA,Daylight,NA,NONE DETECTED,Yes,No Apparent Injury,"Operated Motor Vehicle in Inattentive, Careless, Negligent, or Erratic Manner, Other Improper Action",Not Distracted,MD,Passenger Car,Accelerating,0,No,2016,BMW,X3,38.95995009,-77.13161818,2024,6,16
240028514,Property Damage Crash,06/15/2024 03:50:00 PM,AMHERST AVE,NA,Angle,Clear,Dry,Daylight,No Controls,NONE DETECTED,No,No Apparent Injury,NA,Not Distracted,MD,Bus - Transit,Moving Constant Speed,25,No,2013,NEW FLYER,TRANSIT BUS,39.0406223,-77.04853031,2024,6,15
240028514,Property Damage Crash,06/15/2024 03:50:00 PM,AMHERST AVE,NA,Angle,Clear,Dry,Daylight,No Controls,NONE DETECTED,Yes,No Apparent Injury,"Failed to Yield Right-of-Way, Improper Turn",Unknown,TX,Sport Utility Vehicle,Entering Traffic Lane,25,No,2016,NISSAN,MURANO,39.0406223,-77.04853031,2024,6,15
240028511,Injury Crash,06/15/2024 03:26:00 PM,MIDDLEBROOK RD (WB/L),NA,"Sideswipe, Same Direction",Clear,Dry,Daylight,Traffic Control Signal,NONE DETECTED,Yes,Possible Minor Injury,"Failed to Keep in Proper Lane, Operated Motor Vehicle in Inattentive, Careless, Negligent, or Erratic Manner, Other Improper Action",Unknown,MD,Passenger Car,Changing Lanes,40,No,2023,NISSAN,VERSA,39.175355,-77.25425167,2024,6,15
240028511,Injury Crash,06/15/2024 03:26:00 PM,MIDDLEBROOK RD (WB/L),NA,"Sideswipe, Same Direction",Clear,Dry,Daylight,Traffic Control Signal,NONE DETECTED,No,No Apparent Injury,NA,Not Distracted,MD,Passenger Car,Moving Constant Speed,40,No,2015,HONDA,CIVIC,39.175355,-77.25425167,2024,6,15
240028503,Injury Crash,06/15/2024 02:31:00 PM,RIDGE RD,NA,Angle,Clear,Dry,Daylight,No Controls,NONE DETECTED,Yes,Possible Minor Injury,NA,Not Distracted,MD,Passenger Car,Moving Constant Speed,40,No,2017,HYUNDAI,SONATA,39.21759167,-77.23864833,2024,6,14
240028503,Injury Crash,06/15/2024 02:31:00 PM,RIDGE RD,NA,Angle,Clear,Dry,Daylight,No Controls,NONE DETECTED,No,Possible Minor Injury,NA,Not Distracted,MD,Passenger Car,Moving Constant Speed,40,No,2013,NISSAN,ALTIMA,39.21759167,-77.23864833,2024,6,14
240028501,Property Damage Crash,06/15/2024 01:51:00 PM,NA,NA,Angle,Clear,Dry,Daylight,Traffic Control Signal,NONE DETECTED,No,No Apparent Injury,NA,Not Distracted,MD,Passenger Car,Accelerating,25,No,2019,SUBARU,IMPREZA,38.9903295,-77.103492,2024,6,13
240028501,Property Damage Crash,06/15/2024 01:51:00 PM,NA,NA,Angle,Clear,Dry,Daylight,Traffic Control Signal,NONE DETECTED,Yes,No Apparent Injury,NA,Not Distracted,VA,Passenger Car,Turning Left,25,No,2003,HONDA,PILOT,38.9903295,-77.103492,2024,6,13
240028494,Property Damage Crash,06/15/2024 01:05:00 PM,NA,NA,Unknown,Clear,NA,Daylight,NA,NONE DETECTED,No,NA,NA,NA,NA,NA,NA,0,No,0,NA,NA,38.99851208,-77.00392806,2024,6,13
240028493,Injury Crash,06/15/2024 01:00:00 PM,GEORGIA AVE,NA,Front to Rear,Clear,Dry,Daylight,No Controls,NONE DETECTED,No,Possible Minor Injury,NA,Not Distracted,MD,Passenger Car,Slowing or Stopping,35,No,2017,TOYOTA,CAMRY,39.02953583,-77.04759583,2024,6,13
240028493,Injury Crash,06/15/2024 01:00:00 PM,GEORGIA AVE,NA,Front to Rear,Clear,Dry,Daylight,No Controls,NONE DETECTED,No,No Apparent Injury,NA,Not Distracted,MD,Passenger Car,Slowing or Stopping,35,No,2021,DODGE,CHARGER,39.02953583,-77.04759583,2024,6,13
240028493,Injury Crash,06/15/2024 01:00:00 PM,GEORGIA AVE,NA,Front to Rear,Clear,Dry,Daylight,No Controls,NONE DETECTED,No,No Apparent Injury,NA,Not Distracted,MD,Sport Utility Vehicle,Moving Constant Speed,35,No,2014,CHEVROLET,EQUINOX,39.02953583,-77.04759583,2024,6,13
240028493,Injury Crash,06/15/2024 01:00:00 PM,GEORGIA AVE,NA,Front to Rear,Clear,Dry,Daylight,No Controls,NONE DETECTED,No,No Apparent Injury,Followed Too Closely,"Other Action (looking away from task, etc.)",MD,Sport Utility Vehicle,Slowing or Stopping,35,No,2011,MERCEDES-BENZ,ML-CLASS,39.02953583,-77.04759583,2024,6,13
240028491,Property Damage Crash,06/15/2024 12:45:00 PM,MIDDLEBROOK RD,NA,Angle,Clear,Dry,Daylight,Traffic Control Signal,NONE DETECTED,Yes,No Apparent Injury,Ran Red Light,Unknown,FL,Sport Utility Vehicle,Slowing or Stopping,35,No,2008,LEXUS,RX,39.18019814,-77.26867685,2024,6,12
240028491,Property Damage Crash,06/15/2024 12:45:00 PM,MIDDLEBROOK RD,NA,Angle,Clear,Dry,Daylight,Traffic Control Signal,NONE DETECTED,No,No Apparent Injury,NA,Not Distracted,MD,Passenger Car,Accelerating,25,No,2012,TOYOTA,PRIUS,39.18019814,-77.26867685,2024,6,12
240029483,Injury Crash,06/15/2024 12:27:00 PM,QUINCE ORCHARD RD,NA,"Sideswipe, Opposite Direction",Clear,Dry,Daylight,Traffic Control Signal,NONE DETECTED,No,No Apparent Injury,NA,Not Distracted,MD,Passenger Car,Turning Left,35,No,2023,SUBARU,FORESTER,39.14264817,-77.22100083,2024,6,12
240029483,Injury Crash,06/15/2024 12:27:00 PM,QUINCE ORCHARD RD,NA,"Sideswipe, Opposite Direction",Clear,Dry,Daylight,Traffic Control Signal,NONE DETECTED,No,Possible Minor Injury,NA,Not Distracted,FL,Passenger Car,Moving Constant Speed,35,No,2023,KIA,SORENTO,39.14264817,-77.22100083,2024,6,12
240028486,Injury Crash,06/15/2024 12:24:00 PM,MIDDLEBROOK RD,NA,Front to Rear,Clear,Dry,Daylight,No Controls,NONE DETECTED,No,Possible Minor Injury,NA,Not Distracted,MD,Sport Utility Vehicle,Slowing or Stopping,40,No,2018,JEEP,WRANGLER,39.17482217,-77.25302167,2024,6,12
240028486,Injury Crash,06/15/2024 12:24:00 PM,MIDDLEBROOK RD,NA,Front to Rear,Clear,Dry,Daylight,No Controls,NONE DETECTED,Yes,No Apparent Injury,Followed Too Closely,Unknown,MD,Passenger Car,Moving Constant Speed,40,No,2015,CHEVROLET,IMPALA,39.17482217,-77.25302167,2024,6,12
240028480,Injury Crash,06/15/2024 11:58:00 AM,NA,Pedestrian,Single Vehicle,Clear,NA,Daylight,NA,NONE DETECTED,No,No Apparent Injury,NA,Unknown,MD,Sport Utility Vehicle,Entering Traffic Lane,0,No,2019,ACURA,MDX,39.06083701,-77.05172456,2024,6,11
240028627,Property Damage Crash,06/15/2024 11:00:00 AM,FIRST ST,NA,Front to Rear,Clear,Dry,Daylight,Traffic Control Signal,NONE DETECTED,No,No Apparent Injury,NA,Not Distracted,MD,Passenger Car,Stopped in Traffic,25,No,2015,VOLKSWAGEN,GOLF,39.08052955,-77.13781175,2024,6,11
240028627,Property Damage Crash,06/15/2024 11:00:00 AM,FIRST ST,NA,Front to Rear,Clear,Dry,Daylight,Traffic Control Signal,NONE DETECTED,No,NA,NA,NA,NA,Passenger Car,Accelerating,25,No,2018,TOYOTA,CAMRY,39.08052955,-77.13781175,2024,6,11