Local Case Number,ACRS Report Type,Crash Date/Time,Road Name,Related Non-Motorist,Collision Type,Weather,Surface Condition,Light,Traffic Control,Driver Substance Abuse,Driver At Fault,Injury Severity,Circumstance,Driver Distracted By,Drivers License State,Vehicle Body Type,Vehicle Movement,Speed Limit,Driverless Vehicle,Vehicle Year,Vehicle Make,Vehicle Model,Latitude,Longitude,Year,Month,Hour
240028473,Injury Crash,06/15/2024 10:22:00 AM,NICHOLSON LA,NA,Angle,Clear,Dry,Daylight,No Controls,NONE DETECTED,Yes,No Apparent Injury,NA,Not Distracted,MD,Van - Passenger (&lt;9 Seats),Entering Traffic Lane,30,No,2023,HONDA,ODYSSEY,39.04743983,-77.102194,2024,6,10
240028473,Injury Crash,06/15/2024 10:22:00 AM,NICHOLSON LA,NA,Angle,Clear,Dry,Daylight,No Controls,NONE DETECTED,No,Suspected Serious Injury,NA,Not Distracted,MD,Motorcycle - 2 Wheeled,Moving Constant Speed,30,No,2004,YAMAHA,UNKNOWN,39.04743983,-77.102194,2024,6,10
240028472,Injury Crash,06/15/2024 09:39:00 AM,NA,NA,"Sideswipe, Opposite Direction",Clear,Dry,Daylight,No Controls,NONE DETECTED,No,Possible Minor Injury,NA,Not Distracted,MD,Sport Utility Vehicle,Moving Constant Speed,35,No,2015,NISSAN,ROGUE,39.175721,-77.35930683,2024,6,9
240028472,Injury Crash,06/15/2024 09:39:00 AM,NA,NA,"Sideswipe, Opposite Direction",Clear,Dry,Daylight,No Controls,NONE DETECTED,Yes,Possible Minor Injury,Wrong Side,Not Distracted,MD,Sport Utility Vehicle,Moving Constant Speed,35,No,2007,SATURN,VUE,39.175721,-77.35930683,2024,6,9
240028466,Injury Crash,06/15/2024 08:29:00 AM,NEW HAMPSHIRE AVE,NA,Front to Front,Clear,Dry,Daylight,Traffic Control Signal,NONE DETECTED,No,No Apparent Injury,NA,Not Distracted,NA,Sport Utility Vehicle,Moving Constant Speed,35,No,2009,HONDA,PILOT,38.97532652,-76.9941201,2024,6,8
240028466,Injury Crash,06/15/2024 08:29:00 AM,NEW HAMPSHIRE AVE,NA,Front to Front,Clear,Dry,Daylight,Traffic Control Signal,NONE DETECTED,No,Possible Minor Injury,NA,Not Distracted,MD,Passenger Car,Stopped in Traffic,35,No,2011,FORD,FUSION,38.97532652,-76.9941201,2024,6,8
240028588,Property Damage Crash,06/15/2024 02:10:00 AM,GEORGIA AVE (SB/L),NA,Front to Rear,Clear,Dry,Medium,Traffic Control Signal,NONE DETECTED,No,No Apparent Injury,NA,Not Distracted,MD,Passenger Car,Slowing or Stopping,35,No,2002,TOYOTA,CAMRY,39.02618945,-77.04644894,2024,6,2
240028588,Property Damage Crash,06/15/2024 02:10:00 AM,GEORGIA AVE (SB/L),NA,Front to Rear,Clear,Dry,Medium,Traffic Control Signal,NONE DETECTED,No,NA,NA,NA,NA,Unknown,Slowing or Stopping,35,No,2021,TOYOTA,UNKNOWN,39.02618945,-77.04644894,2024,6,2
240028437,Property Damage Crash,06/15/2024 12:37:00 AM,NA,NA,Other,Clear,NA,Medium,NA,NONE DETECTED,No,NA,NA,NA,NA,Passenger Car,Backing,0,No,2007,NISSAN,VAN,39.14220466,-77.19771604,2024,6,0
240028429,Property Damage Crash,06/14/2024 11:35:00 PM,HUNGERFORD DR,NA,Angle,Rain,Wet,Medium,Traffic Control Signal,NONE DETECTED,No,No Apparent Injury,NA,Not Distracted,VA,Passenger Car,Entering Traffic Lane,35,No,2012,FIAT,500,39.09668297,-77.15315272,2024,6,23
240028429,Property Damage Crash,06/14/2024 11:35:00 PM,HUNGERFORD DR,NA,Angle,Rain,Wet,Medium,Traffic Control Signal,NONE DETECTED,Yes,No Apparent Injury,NA,Not Distracted,MD,Pickup,Moving Constant Speed,35,No,2020,FORD,F-150,39.09668297,-77.15315272,2024,6,23
240028428,Property Damage Crash,06/14/2024 11:13:00 PM,NA,NA,Single Vehicle,Clear,Wet,Medium,No Controls,NONE DETECTED,Yes,No Apparent Injury,NA,Unknown,MD,Passenger Car,Accelerating,35,No,2015,DODGE,CHALLENGER,39.00767317,-77.02046733,2024,6,23
240028422,Injury Crash,06/14/2024 10:01:00 PM,RIO BLVD,NA,Angle,Rain,Wet,Medium,Yield Sign,NONE DETECTED,No,No Apparent Injury,NA,Not Distracted,MD,Sport Utility Vehicle,Negotiating a Curve,25,No,2014,HONDA,CR-V,39.11679179,-77.20149734,2024,6,22
240028422,Injury Crash,06/14/2024 10:01:00 PM,RIO BLVD,NA,Angle,Rain,Wet,Medium,Yield Sign,NONE DETECTED,Yes,No Apparent Injury,Failed to Yield Right-of-Way,Not Distracted,MD,Sport Utility Vehicle,Entering Traffic Lane,25,No,2023,TOYOTA,RAV4,39.11679179,-77.20149734,2024,6,22
240028421,Property Damage Crash,06/14/2024 09:46:00 PM,DOWNS DR,NA,"Sideswipe, Same Direction",Rain,Wet,Dark,No Controls,NONE DETECTED,No,No Apparent Injury,NA,Not Distracted,MD,Passenger Car,Parked,25,No,2008,HONDA,ACCORD,39.06045161,-76.99177762,2024,6,21
240028421,Property Damage Crash,06/14/2024 09:46:00 PM,DOWNS DR,NA,"Sideswipe, Same Direction",Rain,Wet,Dark,No Controls,NONE DETECTED,Yes,No Apparent Injury,NA,Unknown,MD,Passenger Car,NA,25,No,2013,TOYOTA,PRIUS V,39.06045161,-76.99177762,2024,6,21
240028417,Property Damage Crash,06/14/2024 09:10:00 PM,FREDERICK RD,NA,Front to Rear,Rain,Wet,Medium,No Controls,NONE DETECTED,No,No Apparent Injury,NA,Not Distracted,MD,Pickup,Moving Constant Speed,45,No,2016,TOYOTA,TUNDRA,39.1771835,-77.2384265,2024,6,21
240028417,Property Damage Crash,06/14/2024 09:10:00 PM,FREDERICK RD,NA,Front to Rear,Rain,Wet,Medium,Stop Sign,NONE DETECTED,No,No Apparent Injury,NA,Not Distracted,NA,Passenger Car,Turning Right,15,No,2007,HONDA,CIVIC,39.1771835,-77.2384265,2024,6,21
240028412,Property Damage Crash,06/14/2024 08:44:00 PM,FREDERICK RD (SB/L),NA,"Sideswipe, Same Direction",Clear,Dry,Medium,Traffic Control Signal,NONE DETECTED,No,No Apparent Injury,NA,Not Distracted,MD,Passenger Car,Moving Constant Speed,35,No,2018,HONDA,ODYSSEY,39.14954036,-77.20851059,2024,6,20
240028412,Property Damage Crash,06/14/2024 08:44:00 PM,FREDERICK RD (SB/L),NA,"Sideswipe, Same Direction",Clear,Dry,Medium,Traffic Control Signal,ALCOHOL PRESENT,No,No Apparent Injury,NA,Not Distracted,MD,Passenger Car,Changing Lanes,35,No,2020,MITSUBISHI,OUTLANDER,39.14954036,-77.20851059,2024,6,20
240028414,Injury Crash,06/14/2024 08:31:00 PM,CRABBS BRANCH WAY,NA,"Sideswipe, Same Direction",Clear,Dry,Medium,Traffic Control Signal,NONE DETECTED,No,Possible Minor Injury,"Disregarded Other Road Markings, Failed to Keep in Proper Lane, Followed Too Closely, Improper Passing, Operated Motor Vehicle in Inattentive, Careless, Negligent, or Erratic Manner, Other Improper Action, Ran Off Roadway",Unknown,MD,Motorcycle - 2 Wheeled,Moving Constant Speed,40,No,2012,HARLEY DAVIDSON,NIGHTSTER,39.128696,-77.16754274,2024,6,20
240028414,Injury Crash,06/14/2024 08:31:00 PM,CRABBS BRANCH WAY,NA,"Sideswipe, Same Direction",Clear,Dry,Medium,Traffic Control Signal,NONE DETECTED,No,No Apparent Injury,NA,Not Distracted,MD,Passenger Car,Turning Right,40,No,2018,TOYOTA,CAMRY,39.128696,-77.16754274,2024,6,20
240028400,Injury Crash,06/14/2024 07:09:00 PM,ROSEMARY ST #2,Cyclist (non-electric),Single Vehicle,Clear,Dry,Daylight,No Controls,NONE DETECTED,No,Possible Minor Injury,NA,Not Distracted,MD,Passenger Car,Moving Constant Speed,10,No,2024,LINCOLN,UNKNOWN,38.97782517,-77.07825833,2024,6,19
240028397,Property Damage Crash,06/14/2024 06:37:00 PM,FLOWER AVE,NA,"Sideswipe, Opposite Direction",Clear,Dry,Daylight,No Controls,NONE DETECTED,No,No Apparent Injury,NA,Not Distracted,MD,Bus - Transit,Moving Constant Speed,35,No,2011,RIDE ON RIDE OFF,RIDE ON RIDE OFF,38.98785283,-77.00060986,2024,6,18
240028397,Property Damage Crash,06/14/2024 06:37:00 PM,FLOWER AVE,NA,"Sideswipe, Opposite Direction",Clear,Dry,Daylight,No Controls,NONE DETECTED,No,NA,NA,NA,NA,Passenger Car,Parked,35,No,2010,NISSAN,SENTRA,38.98785283,-77.00060986,2024,6,18
240028397,Property Damage Crash,06/14/2024 06:37:00 PM,FLOWER AVE,NA,"Sideswipe, Opposite Direction",Clear,Dry,Daylight,No Controls,NONE DETECTED,No,No Apparent Injury,NA,Not Distracted,MD,NA,Moving Constant Speed,35,No,0,NA,NA,38.98785283,-77.00060986,2024,6,18
240028395,Property Damage Crash,06/14/2024 06:27:00 PM,NEW HAMPSHIRE AVE,NA,Front to Rear,Clear,Dry,Daylight,No Controls,NONE DETECTED,No,No Apparent Injury,NA,Not Distracted,MD,Passenger Car,Moving Constant Speed,40,No,2003,TOYOTA,CAMRY,39.0134755,-76.97824433,2024,6,18
240028395,Property Damage Crash,06/14/2024 06:27:00 PM,NEW HAMPSHIRE AVE,NA,Front to Rear,Clear,Dry,Daylight,No Controls,NONE DETECTED,No,No Apparent Injury,NA,Not Distracted,MD,Passenger Car,Changing Lanes,40,No,2014,TOYOTA,COROLLA,39.0134755,-76.97824433,2024,6,18
240028395,Property Damage Crash,06/14/2024 06:27:00 PM,NEW HAMPSHIRE AVE,NA,Front to Rear,Clear,Dry,Daylight,No Controls,NONE DETECTED,No,No Apparent Injury,NA,Not Distracted,MD,Passenger Car,Moving Constant Speed,40,No,2016,MAZDA,CX-3,39.0134755,-76.97824433,2024,6,18
240028386,Property Damage Crash,06/14/2024 05:29:00 PM,RILEYS LOCK RD,NA,Rear To Rear,Clear,Other,Daylight,No Controls,NONE DETECTED,No,NA,NA,NA,NA,Sport Utility Vehicle,Backing,0,No,2016,MITSUBISHI,OUTLANDER,39.06918217,-77.34089341,2024,6,17
240028402,Injury Crash,06/14/2024 05:16:00 PM,OAKMONT AVE,NA,Other,Clear,Dry,Daylight,No Controls,NONE DETECTED,No,Possible Minor Injury,NA,Not Distracted,NA,Motorcycle - 2 Wheeled,Moving Constant Speed,35,No,2014,YAMAHA,TT-R110,39.13286633,-77.17534251,2024,6,17
240028402,Injury Crash,06/14/2024 05:16:00 PM,OAKMONT AVE,NA,Other,Clear,Dry,Daylight,No Controls,NONE DETECTED,No,No Apparent Injury,Improper Turn,Unknown,MD,Sport Utility Vehicle,Entering Traffic Lane,35,No,2017,FORD,EXPLORER,39.13286633,-77.17534251,2024,6,17
240028372,Injury Crash,06/14/2024 04:45:00 PM,MONTGOMERY VILLAGE AVE,NA,Front to Rear,Clear,Dry,Daylight,No Controls,NONE DETECTED,No,Possible Minor Injury,NA,Unknown,MD,Passenger Car,Slowing or Stopping,35,No,2019,HONDA,FIT,39.1530195,-77.211424,2024,6,16
240028372,Injury Crash,06/14/2024 04:45:00 PM,MONTGOMERY VILLAGE AVE,NA,Front to Rear,Clear,Dry,Daylight,Yield Sign,NONE DETECTED,No,No Apparent Injury,NA,Unknown,MD,Passenger Car,Entering Traffic Lane,35,No,2014,SUBARU,LEGACY,39.1530195,-77.211424,2024,6,16
240028380,Property Damage Crash,06/14/2024 04:11:00 PM,RIVER RD (WB/L),NA,Front to Rear,Clear,Dry,Daylight,No Controls,NONE DETECTED,No,No Apparent Injury,NA,Not Distracted,MD,Sport Utility Vehicle,Stopped in Traffic,35,No,2019,HYUNDAI,SANTA FE,39.01749558,-77.20814454,2024,6,16
240028380,Property Damage Crash,06/14/2024 04:11:00 PM,RIVER RD (WB/L),NA,Front to Rear,Clear,Dry,Daylight,No Controls,NONE DETECTED,No,No Apparent Injury,NA,Not Distracted,MD,Passenger Car,Stopped in Traffic,35,No,2019,MERCEDES-BENZ,C-CLASS,39.01749558,-77.20814454,2024,6,16
240028380,Property Damage Crash,06/14/2024 04:11:00 PM,RIVER RD (WB/L),NA,Front to Rear,Clear,Dry,Daylight,No Controls,NONE DETECTED,No,No Apparent Injury,Other Improper Action,Not Distracted,MD,Passenger Car,Accelerating,35,No,2025,BMW,I5,39.01749558,-77.20814454,2024,6,16
240028531,Property Damage Crash,06/14/2024 04:00:00 PM,NA,NA,Front to Rear,Clear,NA,Daylight,NA,NONE DETECTED,No,No Apparent Injury,NA,Unknown,MD,Passenger Car,Backing,0,No,2016,TOYOTA,HIGHLANDER,39.05125863,-77.07602929,2024,6,16
240028392,Property Damage Crash,06/14/2024 03:30:00 PM,E GUDE DR (WB/L),NA,"Sideswipe, Same Direction",Clear,Dry,Daylight,Traffic Control Signal,NONE DETECTED,No,No Apparent Injury,NA,Not Distracted,MD,Passenger Car,Moving Constant Speed,25,No,2012,TOYOTA,CAMRY,39.10652081,-77.1578788,2024,6,15
240028392,Property Damage Crash,06/14/2024 03:30:00 PM,E GUDE DR (WB/L),NA,"Sideswipe, Same Direction",Clear,Dry,Daylight,Traffic Control Signal,NONE DETECTED,No,NA,NA,NA,NA,Passenger Car,Moving Constant Speed,25,No,2016,DODGE,DURANGO,39.10652081,-77.1578788,2024,6,15
240028358,Property Damage Crash,06/14/2024 03:19:00 PM,NA,NA,Angle,Cloudy,Dry,Daylight,Traffic Control Signal,NONE DETECTED,No,No Apparent Injury,NA,Not Distracted,MD,Sport Utility Vehicle,Moving Constant Speed,40,No,2005,CHEVROLET,TRAILBLAZER,39.11739079,-77.25099495,2024,6,15
240028358,Property Damage Crash,06/14/2024 03:19:00 PM,NA,NA,Angle,Cloudy,Dry,Daylight,Traffic Control Signal,NONE DETECTED,No,No Apparent Injury,Failed to Yield Right-of-Way,Unknown,MD,Passenger Car,Making U-Turn,40,No,2006,TOYOTA,AVALON,39.11739079,-77.25099495,2024,6,15
240028357,Property Damage Crash,06/14/2024 02:34:00 PM,NA,NA,"Sideswipe, Same Direction",Clear,NA,Daylight,NA,NONE DETECTED,No,No Apparent Injury,NA,Not Distracted,MD,Bus - Mini,Accelerating,0,No,2015,FORD,E-450,39.10901419,-76.92530231,2024,6,14
240028343,Injury Crash,06/14/2024 01:50:00 PM,GEORGIA AVE,NA,Rear To Side,Clear,Dry,Daylight,No Controls,NONE DETECTED,No,No Apparent Injury,Failed to Yield Right-of-Way,Not Distracted,MD,Passenger Car,Turning Left,35,No,2015,VOLVO,S60 CROSS COUNTRY,39.01943833,-77.04409683,2024,6,13
240028343,Injury Crash,06/14/2024 01:50:00 PM,GEORGIA AVE,NA,Rear To Side,Clear,Dry,Daylight,No Controls,NONE DETECTED,No,No Apparent Injury,NA,Not Distracted,MD,Single-Unit Truck,Turning Right,25,No,2015,WEST COAST,UNKNOWN,39.01943833,-77.04409683,2024,6,13
240028343,Injury Crash,06/14/2024 01:50:00 PM,GEORGIA AVE,NA,Rear To Side,Clear,Dry,Daylight,No Controls,NONE DETECTED,No,Possible Minor Injury,NA,Not Distracted,MD,Passenger Car,Moving Constant Speed,35,No,2014,NISSAN,VERSA,39.01943833,-77.04409683,2024,6,13
240028336,Property Damage Crash,06/14/2024 01:07:00 PM,WILLARD AVE,NA,Other,Clear,Dry,Daylight,No Controls,NONE DETECTED,No,No Apparent Injury,NA,Not Distracted,MD,Passenger Car,Moving Constant Speed,20,No,2010,HONDA,CR-V,38.96286236,-77.09402389,2024,6,13
240028336,Property Damage Crash,06/14/2024 01:07:00 PM,WILLARD AVE,NA,Other,Clear,Dry,Daylight,No Controls,NONE DETECTED,Yes,No Apparent Injury,NA,Unknown,DC,Passenger Car,Entering Traffic Lane,20,No,2020,TOYOTA,COROLLA,38.96286236,-77.09402389,2024,6,13
240028330,Property Damage Crash,06/14/2024 12:30:00 PM,RUSSELL AVE (SB/L),NA,"Sideswipe, Same Direction",Clear,Dry,Daylight,Traffic Control Signal,NONE DETECTED,No,No Apparent Injury,NA,Not Distracted,MD,Passenger Car,Slowing or Stopping,35,No,2006,ACURA,UNKNOWN,39.15444238,-77.20949137,2024,6,12
240028330,Property Damage Crash,06/14/2024 12:30:00 PM,RUSSELL AVE (SB/L),NA,"Sideswipe, Same Direction",Clear,Dry,Daylight,Traffic Control Signal,NONE DETECTED,No,No Apparent Injury,NA,Not Distracted,PA,Sport Utility Vehicle,Changing Lanes,35,No,2014,CHEVROLET,UNKNOWN,39.15444238,-77.20949137,2024,6,12
240028328,Property Damage Crash,06/14/2024 12:15:00 PM,NA,NA,Rear To Side,Clear,NA,Daylight,NA,NONE DETECTED,No,No Apparent Injury,NA,Not Distracted,MD,Sport Utility Vehicle,Moving Constant Speed,0,No,2023,BMW,X4,39.20317058,-77.24785236,2024,6,12
240028328,Property Damage Crash,06/14/2024 12:15:00 PM,NA,NA,Rear To Side,Clear,NA,Daylight,NA,NONE DETECTED,Yes,No Apparent Injury,NA,Not Distracted,MD,Sport Utility Vehicle,Backing,0,No,2016,FORD,EXPLORER,39.20317058,-77.24785236,2024,6,12
240028315,Injury Crash,06/14/2024 11:30:00 AM,MILESTONE DR,NA,Front to Front,Clear,Dry,Daylight,No Controls,NONE DETECTED,Yes,No Apparent Injury,NA,Not Distracted,MD,Passenger Car,Changing Lanes,35,No,2022,HONDA,CIVIC,39.04577676,-76.99224441,2024,6,11
240028315,Injury Crash,06/14/2024 11:30:00 AM,MILESTONE DR,NA,Front to Front,Clear,Dry,Daylight,No Controls,NONE DETECTED,No,Possible Minor Injury,NA,Not Distracted,MD,Sport Utility Vehicle,Changing Lanes,35,No,2006,TOYOTA,RAV4,39.04577676,-76.99224441,2024,6,11
240028316,Property Damage Crash,06/14/2024 11:13:00 AM,BROADWOOD DR,NA,Front to Front,Clear,Dry,Daylight,Lane Use Control Signal,NONE DETECTED,Yes,No Apparent Injury,Ran Red Light,Unknown,MD,Passenger Car,Moving Constant Speed,35,No,2015,FORD,C-MAX,39.07690558,-77.12347868,2024,6,11
240028316,Property Damage Crash,06/14/2024 11:13:00 AM,BROADWOOD DR,NA,Front to Front,Clear,Dry,Daylight,Lane Use Control Signal,NONE DETECTED,No,No Apparent Injury,NA,Not Distracted,MD,Passenger Car,Turning Left,35,No,2018,KIA,OPTIMA,39.07690558,-77.12347868,2024,6,11
240028307,Injury Crash,06/14/2024 10:45:00 AM,GOOD HOPE RD,Cyclist (non-electric),Single Vehicle,Clear,Dry,Daylight,No Controls,NONE DETECTED,No,No Apparent Injury,Other Improper Action,Unknown,MD,Passenger Car,Moving Constant Speed,35,No,2012,TOYOTA,RAV4,39.09892295,-76.98443781,2024,6,10
240028308,Injury Crash,06/14/2024 10:44:00 AM,FLOWER AVE,NA,"Sideswipe, Opposite Direction",Clear,Dry,Daylight,No Controls,NONE DETECTED,No,Possible Minor Injury,NA,Not Distracted,MD,Passenger Car,Moving Constant Speed,35,No,2024,MINI,COOPER,39.0001088,-77.00405145,2024,6,10
240028308,Injury Crash,06/14/2024 10:44:00 AM,FLOWER AVE,NA,"Sideswipe, Opposite Direction",Clear,Dry,Daylight,No Controls,NONE DETECTED,Yes,No Apparent Injury,NA,Not Distracted,MD,Sport Utility Vehicle,Turning Left,35,No,2010,SUBARU,FORESTER,39.0001088,-77.00405145,2024,6,10
240028303,Property Damage Crash,06/14/2024 10:09:00 AM,NA,NA,Angle,Clear,Dry,Daylight,No Controls,NONE DETECTED,Yes,No Apparent Injury,Failed to Yield Right-of-Way,Not Distracted,MD,Passenger Car,Accelerating,35,No,2014,NISSAN,VERSA,39.00010963,-77.0257634,2024,6,10
240028303,Property Damage Crash,06/14/2024 10:09:00 AM,NA,NA,Angle,Clear,Dry,Daylight,No Controls,NONE DETECTED,No,No Apparent Injury,NA,Not Distracted,MD,Passenger Car,Moving Constant Speed,35,No,2000,TOYOTA,CAMRY,39.00010963,-77.0257634,2024,6,10
240028302,Property Damage Crash,06/14/2024 09:56:00 AM,OLNEY SANDY SPRING RD,NA,Angle,Clear,Dry,Daylight,Traffic Control Signal,NONE DETECTED,Yes,No Apparent Injury,NA,Unknown,VA,Passenger Car,Turning Left,30,No,2017,TOYOTA,CAMRY,39.15187345,-77.06437236,2024,6,9
240028302,Property Damage Crash,06/14/2024 09:56:00 AM,OLNEY SANDY SPRING RD,NA,Angle,Clear,Dry,Daylight,Traffic Control Signal,NONE DETECTED,No,No Apparent Injury,NA,Not Distracted,MD,Pickup,Moving Constant Speed,30,No,2016,FORD,F-150,39.15187345,-77.06437236,2024,6,9
240028299,Property Damage Crash,06/14/2024 09:38:00 AM,NORBECK RD (WB/L),NA,Front to Front,Cloudy,Dry,Daylight,Traffic Control Signal,NONE DETECTED,No,No Apparent Injury,NA,Not Distracted,MD,Passenger Car,Moving Constant Speed,35,No,2021,MERCEDES-BENZ,C-CLASS,39.10903892,-77.08004814,2024,6,9
240028299,Property Damage Crash,06/14/2024 09:38:00 AM,NORBECK RD (WB/L),NA,Front to Front,Cloudy,Dry,Daylight,Traffic Control Signal,NONE DETECTED,Yes,No Apparent Injury,NA,Unknown,MD,Passenger Car,Turning Left,35,No,2016,TOYOTA,CAMRY,39.10903892,-77.08004814,2024,6,9
240028297,Property Damage Crash,06/14/2024 09:33:00 AM,BONIFANT RD,NA,Front to Rear,Clear,Dry,Daylight,Traffic Control Signal,NONE DETECTED,No,No Apparent Injury,Followed Too Closely,Unknown,MD,Passenger Car,Turning Left,35,No,2021,FORD,EXPEDITION,39.09053961,-77.04469327,2024,6,9
240028297,Property Damage Crash,06/14/2024 09:33:00 AM,BONIFANT RD,NA,Front to Rear,Clear,Dry,Daylight,Traffic Control Signal,NONE DETECTED,No,No Apparent Injury,NA,Not Distracted,MD,Passenger Car,Turning Left,35,No,2018,CADILLAC,XT6,39.09053961,-77.04469327,2024,6,9
240028287,Injury Crash,06/14/2024 08:35:00 AM,MUDDY BRANCH RD (SB/L),NA,Angle,Clear,Dry,Daylight,Traffic Control Signal,NONE DETECTED,No,No Apparent Injury,NA,Not Distracted,OR,Passenger Car,Moving Constant Speed,35,No,2016,HONDA,CIVIC,39.14014381,-77.20497049,2024,6,8
240028287,Injury Crash,06/14/2024 08:35:00 AM,MUDDY BRANCH RD (SB/L),NA,Angle,Clear,Dry,Daylight,Traffic Control Signal,NONE DETECTED,No,Possible Minor Injury,NA,Not Distracted,MD,Passenger Car,Moving Constant Speed,35,No,2007,TOYOTA,COROLLA,39.14014381,-77.20497049,2024,6,8
240028278,Injury Crash,06/14/2024 08:00:00 AM,FRANKLIN AVE,NA,Angle,Clear,Dry,Daylight,Traffic Control Signal,NONE DETECTED,No,No Apparent Injury,NA,Not Distracted,NA,Sport Utility Vehicle,Turning Left,35,No,1998,HONDA,CR-V,39.01218143,-77.00254835,2024,6,8
240028278,Injury Crash,06/14/2024 08:00:00 AM,FRANKLIN AVE,NA,Angle,Clear,Dry,Daylight,Traffic Control Signal,NONE DETECTED,No,No Apparent Injury,"Failed to Yield Right-of-Way, Ran Red Light",Not Distracted,MD,Passenger Car,Moving Constant Speed,35,No,2016,TOYOTA,COROLLA,39.01218143,-77.00254835,2024,6,8
240028278,Injury Crash,06/14/2024 08:00:00 AM,FRANKLIN AVE,NA,Angle,Clear,Dry,Daylight,Traffic Control Signal,NONE DETECTED,No,Possible Minor Injury,NA,Not Distracted,MD,Pickup,Moving Constant Speed,35,No,2010,TOYOTA,TACOMA,39.01218143,-77.00254835,2024,6,8
240028268,Injury Crash,06/14/2024 06:44:00 AM,CONNECTOR RD,Cyclist (non-electric),Single Vehicle,Clear,Dry,Daylight,Traffic Control Signal,NONE DETECTED,Yes,No Apparent Injury,NA,Not Distracted,MD,Passenger Car,Turning Right,35,No,2003,CHEVROLET,EXPRESS,38.96457655,-77.13603545,2024,6,6
240028270,Property Damage Crash,06/14/2024 06:39:00 AM,GUNNERS BRANCH RD,NA,Front to Rear,Clear,Dry,Daylight,No Controls,NONE DETECTED,Yes,No Apparent Injury,Failed to Keep in Proper Lane,Unknown,MD,Sport Utility Vehicle,Moving Constant Speed,30,No,2007,HONDA,PILOT,39.17506433,-77.23916967,2024,6,6
240028265,Property Damage Crash,06/14/2024 06:06:00 AM,NEW HAMPSHIRE AVE (SB/L),NA,"Sideswipe, Same Direction",Clear,Dry,Medium,Traffic Control Signal,NONE DETECTED,No,No Apparent Injury,NA,Not Distracted,MD,Passenger Car,Slowing or Stopping,40,No,2015,KIA,OPTIMA,39.017757,-76.97707,2024,6,6
240028265,Property Damage Crash,06/14/2024 06:06:00 AM,NEW HAMPSHIRE AVE (SB/L),NA,"Sideswipe, Same Direction",Clear,Dry,Medium,Traffic Control Signal,NONE DETECTED,No,No Apparent Injury,NA,Not Distracted,MD,Passenger Car,Changing Lanes,40,No,2017,HYUNDAI,ELANTRA,39.017757,-76.97707,2024,6,6
240028246,Property Damage Crash,06/13/2024 11:07:00 PM,MIDDLEBROOK RD (WB/L),NA,"Sideswipe, Same Direction",Rain,Wet,Medium,Traffic Control Signal,NONE DETECTED,No,No Apparent Injury,Other Improper Action,Not Distracted,MD,Pickup,Moving Constant Speed,40,No,1987,TOYOTA,TACOMA,39.17519458,-77.2534413,2024,6,23
240028246,Property Damage Crash,06/13/2024 11:07:00 PM,MIDDLEBROOK RD (WB/L),NA,"Sideswipe, Same Direction",Rain,Wet,Medium,Traffic Control Signal,NONE DETECTED,Yes,No Apparent Injury,Other Improper Action,Not Distracted,NA,Passenger Car,Moving Constant Speed,40,No,2014,INFINITI,G90,39.17519458,-77.2534413,2024,6,23
240028243,Property Damage Crash,06/13/2024 10:22:00 PM,FIRSTFIELD RD (EB/L),NA,Angle,Clear,Dry,Medium,Traffic Control Signal,NONE DETECTED,No,No Apparent Injury,"Failed to Yield Right-of-Way, Ran Red Light",Unknown,MD,Sport Utility Vehicle,Moving Constant Speed,25,No,2013,FORD,ESCAPE,39.14509713,-77.22005767,2024,6,22
240028243,Property Damage Crash,06/13/2024 10:22:00 PM,FIRSTFIELD RD (EB/L),NA,Angle,Clear,Dry,Medium,Traffic Control Signal,NONE DETECTED,No,No Apparent Injury,NA,Not Distracted,MD,Sport Utility Vehicle,Moving Constant Speed,35,No,2021,TOYOTA,HIGHLANDER,39.14509713,-77.22005767,2024,6,22