Local Case Number,ACRS Report Type,Crash Date/Time,Road Name,Related Non-Motorist,Collision Type,Weather,Surface Condition,Light,Traffic Control,Driver Substance Abuse,Driver At Fault,Injury Severity,Circumstance,Driver Distracted By,Drivers License State,Vehicle Body Type,Vehicle Movement,Speed Limit,Driverless Vehicle,Vehicle Year,Vehicle Make,Vehicle Model,Latitude,Longitude,Year,Month,Hour
240028239,Property Damage Crash,06/13/2024 10:06:00 PM,BURLINGTON AVE (WB/L),NA,Other,Clear,Dry,Medium,Traffic Control Signal,NONE DETECTED,No,No Apparent Injury,NA,Not Distracted,MD,Passenger Car,Moving Constant Speed,30,No,2012,NISSAN,SENTRA,38.98793872,-77.0235705,2024,6,22
240028239,Property Damage Crash,06/13/2024 10:06:00 PM,BURLINGTON AVE (WB/L),NA,Other,Clear,Dry,Medium,Traffic Control Signal,NONE DETECTED,No,NA,NA,NA,NA,Passenger Car,NA,30,No,2015,HONDA,ACCORD,38.98793872,-77.0235705,2024,6,22
240028240,Property Damage Crash,06/13/2024 10:00:00 PM,MONTGOMERY VILLAGE AVE,NA,Front to Rear,Clear,Dry,Medium,No Controls,NONE DETECTED,Yes,No Apparent Injury,Followed Too Closely,Not Distracted,MD,Passenger Car,Slowing or Stopping,35,No,2020,TOYOTA,86,39.17619745,-77.20327407,2024,6,22
240028240,Property Damage Crash,06/13/2024 10:00:00 PM,MONTGOMERY VILLAGE AVE,NA,Front to Rear,Clear,Dry,Medium,No Controls,NONE DETECTED,No,NA,NA,NA,NA,Passenger Car,Slowing or Stopping,35,No,0,NA,NA,39.17619745,-77.20327407,2024,6,22
240028235,Property Damage Crash,06/13/2024 09:46:00 PM,NA,NA,Front to Rear,Clear,Dry,Medium,No Controls,NONE DETECTED,No,No Apparent Injury,NA,Not Distracted,MD,Sport Utility Vehicle,Slowing or Stopping,30,No,2018,NISSAN,MURANO,39.11675994,-77.2009712,2024,6,21
240028235,Property Damage Crash,06/13/2024 09:46:00 PM,NA,NA,Front to Rear,Clear,Dry,Medium,No Controls,NONE DETECTED,No,No Apparent Injury,"Followed Too Closely, Operated Motor Vehicle in Inattentive, Careless, Negligent, or Erratic Manner, Other Improper Action",Unknown,NA,Passenger Car,Moving Constant Speed,30,No,0,NA,NA,39.11675994,-77.2009712,2024,6,21
240028222,Injury Crash,06/13/2024 08:41:00 PM,ASPEN HILL RD,NA,Front to Rear,Clear,Dry,Medium,Traffic Control Signal,NONE DETECTED,No,NA,NA,NA,NA,All-Terrain Vehicle/All-Terrain Cycle (ATV/ATC),NA,30,No,2015,NISSAN,ROGUE,39.08063103,-77.07536233,2024,6,20
240028222,Injury Crash,06/13/2024 08:41:00 PM,ASPEN HILL RD,NA,Front to Rear,Clear,Dry,Medium,Traffic Control Signal,NONE DETECTED,No,Possible Minor Injury,NA,Unknown,MD,Passenger Car,NA,30,No,2013,MAZDA,MAZDA3,39.08063103,-77.07536233,2024,6,20
240028224,Property Damage Crash,06/13/2024 08:30:00 PM,NA,NA,Single Vehicle,Clear,Dry,Medium,No Controls,ALCOHOL PRESENT,Yes,No Apparent Injury,Ran Off Roadway,Not Distracted,MD,Sport Utility Vehicle,Moving Constant Speed,50,No,2016,MAZDA,CX-5,39.22821,-77.428825,2024,6,20
240028231,Property Damage Crash,06/13/2024 08:00:00 PM,VEIRS MILL RD (WB/L),NA,"Sideswipe, Same Direction",Clear,Dry,Daylight,Traffic Control Signal,NONE DETECTED,No,No Apparent Injury,Over-Correcting/Over-Steering,Not Distracted,MD,Passenger Car,NA,35,No,2011,TOYOTA,SIENNA,39.0816265,-77.1461655,2024,6,20
240028231,Property Damage Crash,06/13/2024 08:00:00 PM,VEIRS MILL RD (WB/L),NA,"Sideswipe, Same Direction",Clear,Dry,Daylight,Traffic Control Signal,NONE DETECTED,No,NA,NA,NA,NA,Passenger Car,Overtaking/Passing,35,No,2011,FORD,FOCUS,39.0816265,-77.1461655,2024,6,20
240028223,Property Damage Crash,06/13/2024 07:14:00 PM,RIDGE RD,NA,Front to Rear,Clear,Dry,Daylight,Traffic Control Signal,NONE DETECTED,No,No Apparent Injury,NA,Not Distracted,MD,Passenger Car,Slowing or Stopping,40,No,2018,BMW,330I,39.23188931,-77.23714346,2024,6,19
240028223,Property Damage Crash,06/13/2024 07:14:00 PM,RIDGE RD,NA,Front to Rear,Clear,Dry,Daylight,Traffic Control Signal,NONE DETECTED,Yes,No Apparent Injury,NA,Unknown,MD,Passenger Car,Moving Constant Speed,40,No,2021,MAZDA,MAZDA6,39.23188931,-77.23714346,2024,6,19
240028196,Property Damage Crash,06/13/2024 05:59:00 PM,GREENLY ST,NA,Front to Front,Clear,Dry,Daylight,No Controls,NONE DETECTED,Yes,No Apparent Injury,NA,Not Distracted,MD,Passenger Car,Entering Traffic Lane,35,No,2017,NISSAN,MAXIMA,39.06091567,-77.07319033,2024,6,17
240028196,Property Damage Crash,06/13/2024 05:59:00 PM,GREENLY ST,NA,Front to Front,Clear,Dry,Daylight,No Controls,NONE DETECTED,Yes,No Apparent Injury,NA,Not Distracted,MD,Sport Utility Vehicle,Entering Traffic Lane,35,No,2014,HONDA,PILOT,39.06091567,-77.07319033,2024,6,17
240028193,Injury Crash,06/13/2024 05:46:00 PM,NEW HAMPSHIRE AVE,NA,Front to Rear,Clear,Dry,Daylight,No Controls,NONE DETECTED,No,Possible Minor Injury,NA,Not Distracted,NA,Motorcycle - 2 Wheeled,Moving Constant Speed,40,No,2021,HONDA,CBR300,39.02292046,-76.97787082,2024,6,17
240028193,Injury Crash,06/13/2024 05:46:00 PM,NEW HAMPSHIRE AVE,NA,Front to Rear,Clear,Dry,Daylight,No Controls,NONE DETECTED,No,No Apparent Injury,NA,Unknown,MD,Passenger Car,Entering Traffic Lane,40,No,2012,NISSAN,VERSA,39.02292046,-76.97787082,2024,6,17
240028198,Property Damage Crash,06/13/2024 05:11:00 PM,RAMP 1 FR RAMP 4 (FR IS495) TO MD 190 WB,NA,"Sideswipe, Same Direction",Clear,Dry,Daylight,No Controls,NONE DETECTED,No,No Apparent Injury,NA,Not Distracted,DC,Passenger Car,Moving Constant Speed,40,No,2020,TOYOTA,SIENNA,38.99109578,-77.1567282,2024,6,17
240028198,Property Damage Crash,06/13/2024 05:11:00 PM,RAMP 1 FR RAMP 4 (FR IS495) TO MD 190 WB,NA,"Sideswipe, Same Direction",Clear,Dry,Daylight,No Controls,NONE DETECTED,No,No Apparent Injury,NA,Unknown,MD,Bus - School,Changing Lanes,40,No,2017,FORD,UNKNOWN,38.99109578,-77.1567282,2024,6,17
240028157,Injury Crash,06/13/2024 03:32:00 PM,NA,NA,Angle,Clear,Dry,Daylight,Traffic Control Signal,NONE DETECTED,Yes,Possible Minor Injury,NA,Unknown,MD,Sport Utility Vehicle,Moving Constant Speed,40,No,2021,HONDA,CR-V,39.17836914,-77.24180924,2024,6,15
240028157,Injury Crash,06/13/2024 03:32:00 PM,NA,NA,Angle,Clear,Dry,Daylight,Traffic Control Signal,NONE DETECTED,No,No Apparent Injury,NA,Not Distracted,MD,Sport Utility Vehicle,Turning Left,40,No,2008,HYUNDAI,SANTA FE,39.17836914,-77.24180924,2024,6,15
240028161,Property Damage Crash,06/13/2024 03:20:00 PM,NEW HAMPSHIRE AVE,NA,"Sideswipe, Same Direction",Clear,Dry,Daylight,No Controls,NONE DETECTED,Yes,No Apparent Injury,Followed Too Closely,Not Distracted,MD,Passenger Car,Slowing or Stopping,40,No,2013,HYUNDAI,ELANTRA,39.02109746,-76.97677323,2024,6,15
240028161,Property Damage Crash,06/13/2024 03:20:00 PM,NEW HAMPSHIRE AVE,NA,"Sideswipe, Same Direction",Clear,Dry,Daylight,No Controls,NONE DETECTED,No,No Apparent Injury,NA,Not Distracted,MD,Bus - Transit,Changing Lanes,40,No,2020,GILLIG,CITY TRANSIT BUS,39.02109746,-76.97677323,2024,6,15
240028143,Injury Crash,06/13/2024 02:15:00 PM,NA,NA,Angle,Clear,Dry,Daylight,Stop Sign,NONE DETECTED,Yes,No Apparent Injury,NA,Unknown,NA,Passenger Car,Turning Left,35,No,2017,FORD,EXPLORER,39.09344933,-77.0777419,2024,6,14
240028148,Property Damage Crash,06/13/2024 02:15:00 PM,NA,NA,"Sideswipe, Opposite Direction",Clear,Dry,Daylight,Traffic Control Signal,NONE DETECTED,No,No Apparent Injury,NA,Not Distracted,MD,Passenger Car,Changing Lanes,40,No,2020,FORD,FUSION,39.10443538,-76.93321171,2024,6,14
240028143,Injury Crash,06/13/2024 02:15:00 PM,NA,NA,Angle,Clear,Dry,Daylight,No Controls,NONE DETECTED,No,No Apparent Injury,NA,Not Distracted,MD,Passenger Car,Moving Constant Speed,35,No,2022,BMW,X5,39.09344933,-77.0777419,2024,6,14
240028148,Property Damage Crash,06/13/2024 02:15:00 PM,NA,NA,"Sideswipe, Opposite Direction",Clear,Dry,Daylight,Traffic Control Signal,NONE DETECTED,Yes,No Apparent Injury,Improper Passing,Not Distracted,MD,Passenger Car,Entering Traffic Lane,40,No,2021,HONDA,ACCORD,39.10443538,-76.93321171,2024,6,14
240028148,Property Damage Crash,06/13/2024 02:15:00 PM,NA,NA,"Sideswipe, Opposite Direction",Clear,Dry,Daylight,Traffic Control Signal,NONE DETECTED,No,No Apparent Injury,NA,Not Distracted,MD,Passenger Car,Moving Constant Speed,40,No,2015,HONDA,ODYSSEY,39.10443538,-76.93321171,2024,6,14
240028137,Property Damage Crash,06/13/2024 01:31:00 PM,RIDGE RD (SB/L),NA,Front to Rear,Clear,Dry,Daylight,No Controls,NONE DETECTED,No,No Apparent Injury,NA,Not Distracted,MD,Passenger Car,Stopped in Traffic,40,No,2012,GMC,TERRAIN,39.27223624,-77.21565477,2024,6,13
240028137,Property Damage Crash,06/13/2024 01:31:00 PM,RIDGE RD (SB/L),NA,Front to Rear,Clear,Dry,Daylight,No Controls,NONE DETECTED,Yes,No Apparent Injury,Other Improper Action,"Other Action (looking away from task, etc.)",MD,Passenger Car,Moving Constant Speed,40,No,2011,MAZDA,MAZDA3,39.27223624,-77.21565477,2024,6,13
240028138,Injury Crash,06/13/2024 01:28:00 PM,NA,NA,Front to Rear,Clear,Dry,Daylight,No Controls,NONE DETECTED,No,No Apparent Injury,NA,Not Distracted,MD,Sport Utility Vehicle,Stopped in Traffic,30,No,2010,NISSAN,PATHFINDER,39.03512687,-77.12709878,2024,6,13
240028138,Injury Crash,06/13/2024 01:28:00 PM,NA,NA,Front to Rear,Clear,Dry,Daylight,No Controls,NONE DETECTED,Yes,Possible Minor Injury,Followed Too Closely,Unknown,MD,Passenger Car,Moving Constant Speed,30,No,2010,ACURA,TSX,39.03512687,-77.12709878,2024,6,13
240028284,Property Damage Crash,06/13/2024 01:12:00 PM,NA,NA,Front to Rear,Clear,Dry,Daylight,No Controls,NONE DETECTED,No,NA,"Operated Motor Vehicle in Inattentive, Careless, Negligent, or Erratic Manner",NA,NA,Passenger Car,Moving Constant Speed,25,No,2016,TOYOTA,AVALON,38.97467344,-77.16258538,2024,6,13
240028128,Property Damage Crash,06/13/2024 12:55:00 PM,FREDERICK RD,NA,Front to Rear,Clear,Dry,Daylight,Traffic Control Signal,NONE DETECTED,No,No Apparent Injury,NA,Not Distracted,MD,Passenger Car,Slowing or Stopping,45,No,2012,TOYOTA,COROLLA,39.19058,-77.24186,2024,6,12
240028128,Property Damage Crash,06/13/2024 12:55:00 PM,FREDERICK RD,NA,Front to Rear,Clear,Dry,Daylight,Traffic Control Signal,NONE DETECTED,No,No Apparent Injury,NA,Not Distracted,MD,Passenger Car,Slowing or Stopping,45,No,2019,VOLKSWAGEN,JETTA,39.19058,-77.24186,2024,6,12
240028128,Property Damage Crash,06/13/2024 12:55:00 PM,FREDERICK RD,NA,Front to Rear,Clear,Dry,Daylight,Traffic Control Signal,NONE DETECTED,Yes,No Apparent Injury,Too Fast For Conditions,Not Distracted,MD,Passenger Car,Moving Constant Speed,45,No,2016,DODGE,GRAND CARAVAN,39.19058,-77.24186,2024,6,12
240028124,Injury Crash,06/13/2024 12:50:00 PM,LOST KNIFE RD (NB/L),NA,Angle,Clear,Dry,Daylight,Traffic Control Signal,NONE DETECTED,No,Possible Minor Injury,NA,Not Distracted,MD,Passenger Car,Moving Constant Speed,25,No,2018,NISSAN,SENTRA,39.15503667,-77.20095333,2024,6,12
240028124,Injury Crash,06/13/2024 12:50:00 PM,LOST KNIFE RD (NB/L),NA,Angle,Clear,Dry,Daylight,Traffic Control Signal,NONE DETECTED,No,No Apparent Injury,NA,Unknown,MD,Passenger Car,Accelerating,30,No,2012,ACURA,TSX,39.15503667,-77.20095333,2024,6,12
240028106,Property Damage Crash,06/13/2024 11:02:00 AM,NEW HAMPSHIRE AVE (SB/L),NA,"Sideswipe, Same Direction",Clear,Dry,Daylight,No Controls,NONE DETECTED,No,No Apparent Injury,NA,Not Distracted,MD,Single-Unit Truck,Moving Constant Speed,40,No,2018,PIERCE MANUFACTURING,UNKNOWN,39.02288342,-76.97787056,2024,6,11
240028106,Property Damage Crash,06/13/2024 11:02:00 AM,NEW HAMPSHIRE AVE (SB/L),NA,"Sideswipe, Same Direction",Clear,Dry,Daylight,No Controls,NONE DETECTED,Yes,No Apparent Injury,NA,Unknown,MD,Passenger Car,Slowing or Stopping,40,No,2009,HYUNDAI,ELANTRA,39.02288342,-76.97787056,2024,6,11
240028107,Injury Crash,06/13/2024 10:59:00 AM,CAPITAL BELTWAY (WB/L),NA,Angle,Clear,Dry,Daylight,No Controls,NONE DETECTED,Yes,Possible Minor Injury,Other Improper Action,Not Distracted,MD,Passenger Car,Changing Lanes,55,No,2008,FORD,FUSION,39.01594147,-77.00066262,2024,6,10
240028107,Injury Crash,06/13/2024 10:59:00 AM,CAPITAL BELTWAY (WB/L),NA,Angle,Clear,Dry,Daylight,No Controls,NONE DETECTED,No,No Apparent Injury,NA,Not Distracted,MD,Passenger Car,Moving Constant Speed,55,No,2016,HYUNDAI,TUCSON,39.01594147,-77.00066262,2024,6,10
240028107,Injury Crash,06/13/2024 10:59:00 AM,CAPITAL BELTWAY (WB/L),NA,Angle,Clear,Dry,Daylight,No Controls,NONE DETECTED,No,No Apparent Injury,NA,Not Distracted,MD,Passenger Car,Slowing or Stopping,55,No,2021,TOYOTA,TUNDRA,39.01594147,-77.00066262,2024,6,10
240027749,Property Damage Crash,06/13/2024 09:47:00 AM,GEORGIA AVE,NA,"Sideswipe, Same Direction",Clear,Dry,Daylight,No Controls,NONE DETECTED,No,NA,NA,NA,NA,Pickup,Entering Traffic Lane,40,No,2017,RAM,UNKNOWN,39.11100724,-77.07561512,2024,6,9
240027749,Property Damage Crash,06/13/2024 09:47:00 AM,GEORGIA AVE,NA,"Sideswipe, Same Direction",Clear,Dry,Daylight,No Controls,NONE DETECTED,No,No Apparent Injury,NA,Not Distracted,MD,Passenger Car,Moving Constant Speed,40,No,2020,HONDA,CR-V,39.11100724,-77.07561512,2024,6,9
240028091,Injury Crash,06/13/2024 09:10:00 AM,NA,Pedestrian,Single Vehicle,Clear,Dry,Daylight,No Controls,NONE DETECTED,No,No Apparent Injury,NA,Not Distracted,MD,Passenger Car,Moving Constant Speed,30,No,2024,TOYOTA,HIGHLANDER,39.03809458,-76.99413381,2024,6,9
240028085,Property Damage Crash,06/13/2024 08:19:00 AM,WISCONSIN AVE (SB/L),NA,"Sideswipe, Same Direction",Clear,Dry,Daylight,Traffic Control Signal,NONE DETECTED,No,No Apparent Injury,NA,Not Distracted,MD,Passenger Car,Moving Constant Speed,25,No,2018,ACURA,TLX,38.978534,-77.091339,2024,6,8
240028085,Property Damage Crash,06/13/2024 08:19:00 AM,WISCONSIN AVE (SB/L),NA,"Sideswipe, Same Direction",Clear,Dry,Daylight,Traffic Control Signal,NONE DETECTED,No,No Apparent Injury,NA,Not Distracted,DC,Sport Utility Vehicle,Stopped in Traffic,25,No,2024,BUICK,ENCLAVE,38.978534,-77.091339,2024,6,8
240028085,Property Damage Crash,06/13/2024 08:19:00 AM,WISCONSIN AVE (SB/L),NA,"Sideswipe, Same Direction",Clear,Dry,Daylight,Traffic Control Signal,NONE DETECTED,No,No Apparent Injury,NA,Not Distracted,MD,Sport Utility Vehicle,Changing Lanes,25,No,2020,HYUNDAI,TUCSON,38.978534,-77.091339,2024,6,8
240028083,Property Damage Crash,06/13/2024 08:10:00 AM,FREDERICK RD (SB/L),NA,Front to Rear,Clear,Dry,Daylight,Traffic Control Signal,NONE DETECTED,No,No Apparent Injury,"Followed Too Closely, Too Fast For Conditions",Unknown,NA,Passenger Car,Moving Constant Speed,25,No,2013,JEEP,WRANGLER,39.14876981,-77.2074877,2024,6,8
240028083,Property Damage Crash,06/13/2024 08:10:00 AM,FREDERICK RD (SB/L),NA,Front to Rear,Clear,Dry,Daylight,Traffic Control Signal,NONE DETECTED,No,No Apparent Injury,NA,Not Distracted,MD,Passenger Car,Slowing or Stopping,25,No,2020,HONDA,CIVIC,39.14876981,-77.2074877,2024,6,8
240028081,Injury Crash,06/13/2024 08:08:00 AM,NA,Occupant of Motor Vehicle Not in Transport,Unknown,Clear,Dry,Daylight,No Controls,NONE DETECTED,Yes,Possible Minor Injury,NA,Unknown,MD,Passenger Car,Moving Constant Speed,30,No,2018,KIA,OPTIMA,39.11804553,-76.97834633,2024,6,8
240028081,Injury Crash,06/13/2024 08:08:00 AM,NA,Occupant of Motor Vehicle Not in Transport,Unknown,Clear,Dry,Daylight,No Controls,NONE DETECTED,No,No Apparent Injury,NA,Not Distracted,MD,Other Trucks,Stopped in Traffic,35,No,2011,MACK,LEU,39.11804553,-76.97834633,2024,6,8
240028079,Property Damage Crash,06/13/2024 07:47:00 AM,COLUMBIA PIKE (SB/L),NA,"Sideswipe, Same Direction",Clear,Dry,Daylight,No Controls,NONE DETECTED,No,No Apparent Injury,NA,Unknown,NA,Passenger Car,Changing Lanes,40,No,0,NA,NA,39.04060288,-76.99669926,2024,6,7
240028079,Property Damage Crash,06/13/2024 07:47:00 AM,COLUMBIA PIKE (SB/L),NA,"Sideswipe, Same Direction",Clear,Dry,Daylight,No Controls,NONE DETECTED,No,No Apparent Injury,NA,Not Distracted,MD,Other,Moving Constant Speed,40,No,2016,PIERCE MANUFACTURING,UNKNOWN,39.04060288,-76.99669926,2024,6,7
240028076,Injury Crash,06/13/2024 07:30:00 AM,NA,NA,Front to Rear,Clear,Dry,Daylight,No Controls,NONE DETECTED,No,Possible Minor Injury,NA,Not Distracted,MD,Passenger Car,Slowing or Stopping,40,No,2019,DODGE,CHARGER,39.238705,-77.27903333,2024,6,7
240028076,Injury Crash,06/13/2024 07:30:00 AM,NA,NA,Front to Rear,Clear,Dry,Daylight,No Controls,NONE DETECTED,Yes,No Apparent Injury,Followed Too Closely,Unknown,MD,Passenger Car,Moving Constant Speed,40,No,2001,HONDA,CIVIC,39.238705,-77.27903333,2024,6,7
240028073,Injury Crash,06/13/2024 06:35:00 AM,UNIVERSITY BLVD E (WB/L),NA,Front to Rear,Clear,Dry,Daylight,No Controls,NONE DETECTED,Yes,No Apparent Injury,Followed Too Closely,Not Distracted,MD,Passenger Car,Moving Constant Speed,35,No,2007,FORD,RANGER,39.00355578,-76.99626555,2024,6,6
240028073,Injury Crash,06/13/2024 06:35:00 AM,UNIVERSITY BLVD E (WB/L),NA,Front to Rear,Clear,Dry,Daylight,No Controls,NONE DETECTED,No,No Apparent Injury,NA,Not Distracted,MD,Passenger Car,Stopped in Traffic,35,No,2015,CHEVROLET,CAMARO,39.00355578,-76.99626555,2024,6,6
240028073,Injury Crash,06/13/2024 06:35:00 AM,UNIVERSITY BLVD E (WB/L),NA,Front to Rear,Clear,Dry,Daylight,No Controls,NONE DETECTED,No,Possible Minor Injury,NA,Not Distracted,MD,Passenger Car,Stopped in Traffic,35,No,2016,TOYOTA,RAV4,39.00355578,-76.99626555,2024,6,6
24001131,Property Damage Crash,06/13/2024 12:40:00 AM,MUNCASTER MILL RD,NA,Single Vehicle,Clear,Dry,Dark,No Controls,NONE DETECTED,No,No Apparent Injury,"Swerved or Avoided Due to Wind, Slippery Surface, Motor Vehicle, Object, Non-Motorist in Roadway, etc",Unknown,MD,Pickup,Moving Constant Speed,40,No,2018,FORD,F-350,39.13740665,-77.12904013,2024,6,0
240028044,Injury Crash,06/12/2024 08:30:00 PM,SANDY SPRING RD,NA,"Sideswipe, Opposite Direction",Clear,Dry,Medium,Traffic Control Signal,NONE DETECTED,Yes,Possible Minor Injury,NA,"Other Action (looking away from task, etc.)",MD,Passenger Car,Changing Lanes,35,No,2001,FORD,CROWN VICTORIA,39.10913583,-76.92321283,2024,6,20
240028044,Injury Crash,06/12/2024 08:30:00 PM,SANDY SPRING RD,NA,"Sideswipe, Opposite Direction",Clear,Dry,Medium,Traffic Control Signal,NONE DETECTED,No,Possible Minor Injury,NA,Not Distracted,MD,Passenger Car,Turning Left,35,No,2020,VOLVO,VS,39.10913583,-76.92321283,2024,6,20
240028049,Property Damage Crash,06/12/2024 08:23:00 PM,STILTON CIR,NA,"Sideswipe, Opposite Direction",Clear,Dry,Dark,No Controls,NONE DETECTED,Yes,No Apparent Injury,"Failed to Keep in Proper Lane, Too Fast For Conditions",Unknown,MD,Pickup,Moving Constant Speed,20,No,2012,NISSAN,TITAN,39.09130833,-77.00416633,2024,6,20
240028036,Injury Crash,06/12/2024 07:40:00 PM,NA,NA,Single Vehicle,Clear,NA,Daylight,NA,NONE DETECTED,No,Possible Minor Injury,"Failed to Keep in Proper Lane, Too Fast For Conditions","Other Action (looking away from task, etc.)",MD,Passenger Car,Accelerating,0,No,2003,HONDA,CR-V,39.02809701,-77.13341692,2024,6,19
240028025,Property Damage Crash,06/12/2024 06:50:00 PM,FREDERICK AVE,NA,Front to Rear,Clear,Dry,Daylight,No Controls,NONE DETECTED,No,No Apparent Injury,"Followed Too Closely, Operated Motor Vehicle in Inattentive, Careless, Negligent, or Erratic Manner, Too Fast For Conditions",Not Distracted,MD,Passenger Car,NA,25,No,2013,BMW,M5,39.09489875,-77.14755879,2024,6,18
240028028,Injury Crash,06/12/2024 06:36:00 PM,HICKERSON DR,NA,Front to Front,Clear,Dry,Daylight,No Controls,NONE DETECTED,Yes,No Apparent Injury,NA,Not Distracted,NA,Passenger Car,Turning Left,25,No,2024,HONDA,CIVIC,39.04226114,-77.05187139,2024,6,18
240028028,Injury Crash,06/12/2024 06:36:00 PM,HICKERSON DR,NA,Front to Front,Clear,Dry,Daylight,No Controls,NONE DETECTED,No,Possible Minor Injury,NA,Not Distracted,VA,Passenger Car,Moving Constant Speed,25,No,2018,ACURA,TLX,39.04226114,-77.05187139,2024,6,18
240028021,Injury Crash,06/12/2024 06:00:00 PM,NA,NA,"Sideswipe, Same Direction",Clear,Dry,Daylight,Traffic Control Signal,NONE DETECTED,No,No Apparent Injury,NA,Not Distracted,MD,Passenger Car,Turning Right,35,No,2002,ACURA,TLX,39.11595504,-77.20368528,2024,6,18
240028021,Injury Crash,06/12/2024 06:00:00 PM,NA,NA,"Sideswipe, Same Direction",Clear,Dry,Daylight,Traffic Control Signal,NONE DETECTED,No,No Apparent Injury,NA,Not Distracted,MD,Passenger Car,Stopped in Traffic,15,No,2012,MERCEDES-BENZ,G-CLASS,39.11595504,-77.20368528,2024,6,18
240028021,Injury Crash,06/12/2024 06:00:00 PM,NA,NA,"Sideswipe, Same Direction",Clear,Dry,Daylight,Traffic Control Signal,NONE DETECTED,Yes,Possible Minor Injury,Failed to Keep in Proper Lane,Not Distracted,MD,Motorcycle - 2 Wheeled,Moving Constant Speed,35,No,2019,SUZUKI,GSX-R1000,39.11595504,-77.20368528,2024,6,18
240028019,Injury Crash,06/12/2024 05:47:00 PM,COLESVILLE RD (WB/L),Cyclist (non-electric),Single Vehicle,Cloudy,Dry,Daylight,Traffic Control Signal,NONE DETECTED,Yes,No Apparent Injury,"Failed to Yield Right-of-Way, Ran Red Light",Not Distracted,MD,Passenger Car,Slowing or Stopping,30,No,2014,HONDA,CIVIC,38.99368589,-77.03235792,2024,6,17
240028008,Injury Crash,06/12/2024 05:25:00 PM,FENWICK LA,NA,Rear To Side,Clear,Dry,Daylight,No Controls,NONE DETECTED,Yes,No Apparent Injury,NA,Not Distracted,MD,Passenger Car,Turning Left,35,No,2018,TOYOTA,CAMRY,38.99799109,-77.03103677,2024,6,17
240028008,Injury Crash,06/12/2024 05:25:00 PM,FENWICK LA,NA,Rear To Side,Clear,Dry,Daylight,No Controls,NONE DETECTED,No,Possible Minor Injury,NA,Not Distracted,MD,Passenger Car,Moving Constant Speed,35,No,2018,TOYOTA,RAV4,38.99799109,-77.03103677,2024,6,17
24001129,Property Damage Crash,06/12/2024 05:18:00 PM,NA,NA,Single Vehicle,Clear,NA,Daylight,NA,NONE DETECTED,No,No Apparent Injury,Over-Correcting/Over-Steering,Not Distracted,MD,Passenger Car,Negotiating a Curve,0,No,1990,MAZDA,UNKNOWN,39.12296892,-77.12666575,2024,6,17
240026966,Injury Crash,06/12/2024 04:21:00 PM,GREAT SENECA HWY (SB/L),Cyclist (non-electric),Single Vehicle,Clear,Dry,Daylight,Pedestrian Crossing,NONE DETECTED,No,NA,NA,NA,NA,NA,Moving Constant Speed,25,No,0,NA,NA,39.15708253,-77.27609527,2024,6,16
240027998,Property Damage Crash,06/12/2024 04:07:00 PM,CONNECTICUT AVE,NA,"Sideswipe, Opposite Direction",Clear,Dry,Daylight,No Controls,NONE DETECTED,No,No Apparent Injury,NA,Not Distracted,MD,Passenger Car,Turning Left,35,No,2012,TOYOTA,CAMRY,38.98367003,-77.07711888,2024,6,16
240027999,Property Damage Crash,06/12/2024 04:07:00 PM,NA,NA,"Sideswipe, Same Direction",Cloudy,Dry,Daylight,Traffic Control Signal,NONE DETECTED,No,No Apparent Injury,NA,Not Distracted,MD,Passenger Car,Moving Constant Speed,35,No,2016,FORD,TAURUS,39.00521777,-77.02289978,2024,6,16