Local Case Number,ACRS Report Type,Crash Date/Time,Road Name,Related Non-Motorist,Collision Type,Weather,Surface Condition,Light,Traffic Control,Driver Substance Abuse,Driver At Fault,Injury Severity,Circumstance,Driver Distracted By,Drivers License State,Vehicle Body Type,Vehicle Movement,Speed Limit,Driverless Vehicle,Vehicle Year,Vehicle Make,Vehicle Model,Latitude,Longitude,Year,Month,Hour
240027999,Property Damage Crash,06/12/2024 04:07:00 PM,NA,NA,"Sideswipe, Same Direction",Cloudy,Dry,Daylight,Traffic Control Signal,NONE DETECTED,Yes,No Apparent Injury,"Failed to Yield Right-of-Way, Improper Turn",Not Distracted,MD,Passenger Car,Turning Left,35,No,2023,TESLA,MODEL Y,39.00521777,-77.02289978,2024,6,16
240027998,Property Damage Crash,06/12/2024 04:07:00 PM,CONNECTICUT AVE,NA,"Sideswipe, Opposite Direction",Clear,Dry,Daylight,No Controls,NONE DETECTED,No,No Apparent Injury,NA,Not Distracted,MD,Passenger Car,Moving Constant Speed,35,No,2018,AUDI,A4,38.98367003,-77.07711888,2024,6,16
240027990,Property Damage Crash,06/12/2024 03:40:00 PM,NA,NA,"Sideswipe, Same Direction",Clear,Dry,Daylight,Stop Sign,NONE DETECTED,No,No Apparent Injury,NA,Not Distracted,DC,Passenger Car,Overtaking/Passing,15,No,2020,BMW,430I,38.98887747,-77.09615875,2024,6,15
240027990,Property Damage Crash,06/12/2024 03:40:00 PM,NA,NA,"Sideswipe, Same Direction",Clear,Dry,Daylight,Stop Sign,NONE DETECTED,No,No Apparent Injury,NA,Not Distracted,MD,Passenger Car,Parked,15,No,2016,FORD,TAURUS,38.98887747,-77.09615875,2024,6,15
240028011,Injury Crash,06/12/2024 03:30:00 PM,GEORGIA AVE,NA,Angle,Clear,Dry,Daylight,No Controls,NONE DETECTED,No,Possible Minor Injury,NA,Not Distracted,MD,Passenger Car,Moving Constant Speed,35,No,2021,HONDA,CIVIC,39.00238667,-77.03497167,2024,6,15
240027991,Injury Crash,06/12/2024 03:30:00 PM,NA,NA,Single Vehicle,Clear,NA,Daylight,NA,NONE DETECTED,No,Possible Minor Injury,NA,Not Distracted,MD,Passenger Car,Accelerating,0,No,2002,TOYOTA,CAMRY,39.17417449,-77.20409766,2024,6,15
240028011,Injury Crash,06/12/2024 03:30:00 PM,GEORGIA AVE,NA,Angle,Clear,Dry,Daylight,No Controls,NONE DETECTED,Yes,Possible Minor Injury,Failed to Yield Right-of-Way,Not Distracted,MD,Passenger Car,Accelerating,25,No,2024,FORD,ESCAPE,39.00238667,-77.03497167,2024,6,15
240028009,Property Damage Crash,06/12/2024 03:10:00 PM,MT OLNEY LA,NA,"Sideswipe, Same Direction",Clear,Dry,Daylight,No Controls,NONE DETECTED,Yes,No Apparent Injury,Other Improper Action,Unknown,MD,Bus - School,Slowing or Stopping,25,No,2016,THOMAS BUILT,SCHOOL BUS,39.17312631,-77.07894238,2024,6,15
240028009,Property Damage Crash,06/12/2024 03:10:00 PM,MT OLNEY LA,NA,"Sideswipe, Same Direction",Clear,Dry,Daylight,No Controls,NONE DETECTED,No,No Apparent Injury,NA,Not Distracted,MD,Passenger Car,Parked,25,No,2023,SUBARU,UNKNOWN,39.17312631,-77.07894238,2024,6,15
240028115,Property Damage Crash,06/12/2024 03:00:00 PM,NA,NA,Front to Rear,Clear,NA,Daylight,NA,NONE DETECTED,Yes,No Apparent Injury,NA,Not Distracted,MD,Passenger Car,Slowing or Stopping,0,No,2016,BMW,340I,39.14258667,-77.20384333,2024,6,15
240029153,Property Damage Crash,06/12/2024 02:45:00 PM,RAMP 6 FR MIDDLEBROOK RD EB TO IS 270 SB,NA,Front to Rear,Clear,Dry,Daylight,Ramp Meter Signal,NONE DETECTED,Yes,No Apparent Injury,"Followed Too Closely, Other Improper Action, Too Fast For Conditions",Unknown,MD,Sport Utility Vehicle,Slowing or Stopping,55,No,2017,NISSAN,ROGUE,39.17330576,-77.24602424,2024,6,14
240029153,Property Damage Crash,06/12/2024 02:45:00 PM,RAMP 6 FR MIDDLEBROOK RD EB TO IS 270 SB,NA,Front to Rear,Clear,Dry,Daylight,Ramp Meter Signal,NONE DETECTED,No,No Apparent Injury,NA,Not Distracted,MD,Sport Utility Vehicle,Slowing or Stopping,55,No,2023,HONDA,PASSPORT,39.17330576,-77.24602424,2024,6,14
240027986,Property Damage Crash,06/12/2024 01:42:00 PM,GEORGIA AVE,NA,Angle,Clear,Dry,Daylight,Traffic Control Signal,NONE DETECTED,No,No Apparent Injury,NA,Not Distracted,MD,Passenger Car,Slowing or Stopping,30,No,2018,HYUNDAI,ELANTRA,38.98471124,-77.02659031,2024,6,13
240027986,Property Damage Crash,06/12/2024 01:42:00 PM,GEORGIA AVE,NA,Angle,Clear,Dry,Daylight,Traffic Control Signal,NONE DETECTED,No,No Apparent Injury,NA,Not Distracted,MD,Passenger Car,Slowing or Stopping,30,No,2019,CHEVROLET,TAHOE,38.98471124,-77.02659031,2024,6,13
240028411,Property Damage Crash,06/12/2024 01:00:00 PM,NA,NA,Rear To Side,Clear,NA,Daylight,NA,NONE DETECTED,Yes,No Apparent Injury,Improper Backing,Unknown,MD,Passenger Car,Backing,0,No,2015,JAGUAR,F-TYPE,39.11265926,-76.93357624,2024,6,13
240027957,Property Damage Crash,06/12/2024 12:30:00 PM,W MONTGOMERY AVE (WB/L),NA,Front to Rear,Cloudy,Dry,Daylight,Traffic Control Signal,NONE DETECTED,Yes,No Apparent Injury,NA,"Other Action (looking away from task, etc.)",MD,Passenger Car,Accelerating,30,No,2003,MERCEDES-BENZ,500,39.08575967,-77.17226783,2024,6,12
240027957,Property Damage Crash,06/12/2024 12:30:00 PM,W MONTGOMERY AVE (WB/L),NA,Front to Rear,Cloudy,Dry,Daylight,Traffic Control Signal,NONE DETECTED,No,No Apparent Injury,NA,Not Distracted,MD,Passenger Car,Slowing or Stopping,30,No,2024,TOYOTA,CAMRY,39.08575967,-77.17226783,2024,6,12
240027950,Property Damage Crash,06/12/2024 11:43:00 AM,PARK RD (WB/L),NA,"Sideswipe, Same Direction",Clear,Dry,Daylight,No Controls,NONE DETECTED,Yes,No Apparent Injury,NA,Not Distracted,MD,Bus - Transit,Moving Constant Speed,25,No,2023,NEW FLYER,TRANSIT BUS,39.08458274,-77.14659929,2024,6,11
240027950,Property Damage Crash,06/12/2024 11:43:00 AM,PARK RD (WB/L),NA,"Sideswipe, Same Direction",Clear,Dry,Daylight,No Controls,NONE DETECTED,No,No Apparent Injury,NA,Not Distracted,MD,Passenger Car,NA,25,No,2013,BUICK,ENCLAVE,39.08458274,-77.14659929,2024,6,11
240027945,Injury Crash,06/12/2024 10:56:00 AM,RAMP 7 FR MD 109 WB TO RAMP 6 (TO IS270),NA,Angle,Clear,Dry,Daylight,No Controls,NONE DETECTED,Yes,No Apparent Injury,"Failed to Yield Right-of-Way, Improper Turn",Not Distracted,MD,Passenger Car,Turning Left,30,No,2017,HYUNDAI,IONIQ,39.27745633,-77.32502967,2024,6,10
240027945,Injury Crash,06/12/2024 10:56:00 AM,RAMP 7 FR MD 109 WB TO RAMP 6 (TO IS270),NA,Angle,Clear,Dry,Daylight,No Controls,NONE DETECTED,No,Possible Minor Injury,NA,Not Distracted,MD,Passenger Car,Moving Constant Speed,30,No,2022,FORD,TRANSIT,39.27745633,-77.32502967,2024,6,10
240027932,Property Damage Crash,06/12/2024 10:30:00 AM,MONTGOMERY VILLAGE AVE,NA,"Sideswipe, Same Direction",Clear,Dry,Daylight,No Controls,NONE DETECTED,Yes,No Apparent Injury,Other Improper Action,Not Distracted,MD,Truck Tractor,Changing Lanes,35,No,2023,KENWORTH,W900,39.17217333,-77.20368833,2024,6,10
240027932,Property Damage Crash,06/12/2024 10:30:00 AM,MONTGOMERY VILLAGE AVE,NA,"Sideswipe, Same Direction",Clear,Dry,Daylight,No Controls,NONE DETECTED,No,No Apparent Injury,NA,Not Distracted,MD,Passenger Car,Moving Constant Speed,35,No,2007,FORD,MUSTANG,39.17217333,-77.20368833,2024,6,10
240027933,Injury Crash,06/12/2024 10:27:00 AM,REDLAND RD,NA,Rear To Side,Clear,Dry,Daylight,No Controls,NONE DETECTED,No,Possible Minor Injury,NA,Not Distracted,MD,Passenger Car,Moving Constant Speed,30,No,2018,HYUNDAI,SONATA,39.14492727,-77.14442069,2024,6,10
240027933,Injury Crash,06/12/2024 10:27:00 AM,REDLAND RD,NA,Rear To Side,Clear,Dry,Daylight,No Controls,NONE DETECTED,Yes,Suspected Serious Injury,Failed to Yield Right-of-Way,"Other Action (looking away from task, etc.)",MD,Motorcycle - 3 Wheeled,Turning Left,30,No,2018,HARLEY DAVIDSON,UNKNOWN,39.14492727,-77.14442069,2024,6,10
240027746,Injury Crash,06/12/2024 09:52:00 AM,NA,NA,Rear To Rear,Clear,Dry,Daylight,Traffic Control Signal,NONE DETECTED,Yes,No Apparent Injury,NA,"Other Action (looking away from task, etc.)",MD,Bus - Transit,Slowing or Stopping,25,No,2009,GILLIG,CITY TRANSIT BUS,39.00954412,-77.04408246,2024,6,9
240027746,Injury Crash,06/12/2024 09:52:00 AM,NA,NA,Rear To Rear,Clear,Dry,Daylight,Stop Sign,NONE DETECTED,No,Possible Minor Injury,NA,Not Distracted,MD,Passenger Car,Stopped in Traffic,25,No,2021,NISSAN,ROGUE,39.00954412,-77.04408246,2024,6,9
240027922,Injury Crash,06/12/2024 09:36:00 AM,ROCKVILLE PIKE,NA,Angle,Clear,Dry,Daylight,Traffic Control Signal,NONE DETECTED,Yes,Possible Minor Injury,Failed to Yield Right-of-Way,Unknown,NA,Passenger Car,Turning Left,35,No,2024,TOYOTA,COROLLA,39.05622572,-77.11905694,2024,6,9
240027922,Injury Crash,06/12/2024 09:36:00 AM,ROCKVILLE PIKE,NA,Angle,Clear,Dry,Daylight,Traffic Control Signal,NONE DETECTED,No,No Apparent Injury,NA,Not Distracted,MD,Passenger Car,Moving Constant Speed,35,No,2012,CHEVROLET,MALIBU,39.05622572,-77.11905694,2024,6,9
240027918,Property Damage Crash,06/12/2024 09:12:00 AM,GARLAND AVE,NA,Front to Rear,Clear,Dry,Daylight,No Controls,NONE DETECTED,Yes,No Apparent Injury,NA,Not Distracted,MD,Bus - School,Backing,25,No,2014,THOMAS BUILT,SCHOOL BUS,38.98639727,-76.99661893,2024,6,9
240027918,Property Damage Crash,06/12/2024 09:12:00 AM,GARLAND AVE,NA,Front to Rear,Clear,Dry,Daylight,No Controls,NONE DETECTED,No,No Apparent Injury,NA,Not Distracted,MD,Passenger Car,Parked,25,No,2011,TOYOTA,RAV4,38.98639727,-76.99661893,2024,6,9
240027912,Property Damage Crash,06/12/2024 08:40:00 AM,NO NAME,NA,Front to Rear,Clear,Dry,Daylight,No Controls,NONE DETECTED,Yes,No Apparent Injury,Too Fast For Conditions,Unknown,MD,Passenger Car,Moving Constant Speed,55,No,2013,HONDA,CIVIC,39.12111933,-77.18625567,2024,6,8
240027912,Property Damage Crash,06/12/2024 08:40:00 AM,NO NAME,NA,Front to Rear,Clear,Dry,Daylight,No Controls,NONE DETECTED,No,No Apparent Injury,NA,Not Distracted,MD,Passenger Car,Slowing or Stopping,55,No,2016,HYUNDAI,ACCENT,39.12111933,-77.18625567,2024,6,8
240027912,Property Damage Crash,06/12/2024 08:40:00 AM,NO NAME,NA,Front to Rear,Clear,Dry,Daylight,No Controls,NONE DETECTED,No,No Apparent Injury,NA,Not Distracted,MD,Passenger Car,Slowing or Stopping,55,No,2016,NISSAN,SENTRA,39.12111933,-77.18625567,2024,6,8
240027904,Injury Crash,06/12/2024 08:07:00 AM,NA,Pedestrian,Single Vehicle,Clear,Dry,Daylight,No Controls,NONE DETECTED,Yes,No Apparent Injury,Failed to Yield Right-of-Way,Not Distracted,MD,Passenger Car,Turning Left,30,No,2014,HONDA,ACCORD,39.00126456,-77.12319671,2024,6,8
240027906,Property Damage Crash,06/12/2024 07:52:00 AM,PINEY BRANCH RD,NA,"Sideswipe, Same Direction",Clear,Dry,Daylight,No Controls,NONE DETECTED,Yes,No Apparent Injury,NA,Not Distracted,NA,Passenger Car,Changing Lanes,40,No,2010,NISSAN,ROGUE,39.00130183,-76.98464417,2024,6,7
240027906,Property Damage Crash,06/12/2024 07:52:00 AM,PINEY BRANCH RD,NA,"Sideswipe, Same Direction",Clear,Dry,Daylight,No Controls,NONE DETECTED,No,No Apparent Injury,NA,Not Distracted,MD,Passenger Car,Moving Constant Speed,40,No,2021,HONDA,CIVIC,39.00130183,-76.98464417,2024,6,7
240028054,Property Damage Crash,06/12/2024 07:50:00 AM,NA,NA,Rear To Rear,Clear,NA,Daylight,NA,NONE DETECTED,No,NA,NA,NA,NA,Passenger Car,Backing,0,No,2019,HONDA,RIDGELINE,39.03897895,-77.05599261,2024,6,7
240027902,Property Damage Crash,06/12/2024 06:42:00 AM,CATTAIL RD,NA,"Sideswipe, Opposite Direction",Clear,Dry,Daylight,No Controls,NONE DETECTED,No,No Apparent Injury,NA,Not Distracted,MD,Bus - School,Moving Constant Speed,25,No,2024,FREIGHTLINER,B2 106 ELECTRIC CONVENTIONAL CHASSIS,39.15901833,-77.38814667,2024,6,6
240027902,Property Damage Crash,06/12/2024 06:42:00 AM,CATTAIL RD,NA,"Sideswipe, Opposite Direction",Clear,Dry,Daylight,No Controls,NONE DETECTED,No,No Apparent Injury,NA,Not Distracted,MD,Other Trucks,Moving Constant Speed,25,No,2020,ISUZU,UNKNOWN,39.15901833,-77.38814667,2024,6,6
240027897,Injury Crash,06/12/2024 05:50:00 AM,FIRSTFIELD RD (EB/L),NA,Rear To Side,Clear,Dry,Daylight,Traffic Control Signal,NONE DETECTED,Yes,No Apparent Injury,NA,Unknown,MD,Passenger Car,Turning Left,35,No,2009,TOYOTA,TACOMA,39.14376939,-77.22399039,2024,6,5
240027897,Injury Crash,06/12/2024 05:50:00 AM,FIRSTFIELD RD (EB/L),NA,Rear To Side,Clear,Dry,Daylight,Traffic Control Signal,NONE DETECTED,No,Possible Minor Injury,NA,Not Distracted,MD,Passenger Car,Moving Constant Speed,35,No,2020,HONDA,CIVIC,39.14376939,-77.22399039,2024,6,5
240027892,Fatal Crash,06/12/2024 01:23:00 AM,COLUMBIA PIKE (SB/L),NA,Single Vehicle,Clear,Dry,Medium,Traffic Control Signal,ALCOHOL PRESENT,Yes,Fatal Injury,Ran Off Roadway,Unknown,MD,Motorcycle - 2 Wheeled,NA,55,No,2002,HONDA,CBR600,39.07376439,-76.95566029,2024,6,1
240027880,Property Damage Crash,06/11/2024 10:15:00 PM,NEW HAMPSHIRE AVE,NA,Front to Rear,Clear,Dry,Medium,No Controls,NONE DETECTED,No,No Apparent Injury,NA,Not Distracted,MD,Passenger Car,Moving Constant Speed,45,No,2014,MAZDA,MAZDA6,39.06420635,-76.99935941,2024,6,22
240027880,Property Damage Crash,06/11/2024 10:15:00 PM,NEW HAMPSHIRE AVE,NA,Front to Rear,Clear,Dry,Medium,No Controls,NONE DETECTED,No,No Apparent Injury,NA,Not Distracted,MD,Passenger Car,Moving Constant Speed,45,No,2012,TOYOTA,PICK-UP,39.06420635,-76.99935941,2024,6,22
240027873,Property Damage Crash,06/11/2024 09:38:00 PM,HEWITT AVE,NA,"Sideswipe, Opposite Direction",Clear,Dry,Medium,No Controls,NONE DETECTED,Yes,No Apparent Injury,NA,Unknown,MD,Passenger Car,Moving Constant Speed,35,No,2010,HONDA,CIVIC,39.07820987,-77.06987394,2024,6,21
240027872,Injury Crash,06/11/2024 09:19:00 PM,VEIRS MILL RD,NA,Angle,Clear,Dry,Medium,Traffic Control Signal,NONE DETECTED,No,Possible Minor Injury,NA,Not Distracted,MD,Sport Utility Vehicle,Moving Constant Speed,30,No,2019,HONDA,CR-V,39.081509,-77.14613933,2024,6,21
240027872,Injury Crash,06/11/2024 09:19:00 PM,VEIRS MILL RD,NA,Angle,Clear,Dry,Medium,Traffic Control Signal,NONE DETECTED,Yes,No Apparent Injury,Improper Turn,Not Distracted,MD,Passenger Car,Turning Left,30,No,2023,TOYOTA,CAMRY,39.081509,-77.14613933,2024,6,21
240027865,Property Damage Crash,06/11/2024 08:34:00 PM,GERMANTOWN RD,NA,Front to Rear,Clear,Dry,Daylight,Traffic Control Signal,NONE DETECTED,Yes,No Apparent Injury,NA,Unknown,MD,Passenger Car,Slowing or Stopping,40,No,2005,INFINITI,UNKNOWN,39.16277272,-77.28292283,2024,6,20
240027865,Property Damage Crash,06/11/2024 08:34:00 PM,GERMANTOWN RD,NA,Front to Rear,Clear,Dry,Daylight,Traffic Control Signal,NONE DETECTED,No,No Apparent Injury,NA,Unknown,MD,Passenger Car,Stopped in Traffic,40,No,2021,MAZDA,UNKNOWN,39.16277272,-77.28292283,2024,6,20
240027863,Property Damage Crash,06/11/2024 08:19:00 PM,NA,NA,Angle,Clear,Dry,Medium,Stop Sign,NONE DETECTED,No,NA,NA,NA,NA,Passenger Car,Entering Traffic Lane,35,No,2023,TOYOTA,COROLLA,38.99239476,-76.99289566,2024,6,20
240027863,Property Damage Crash,06/11/2024 08:19:00 PM,NA,NA,Angle,Clear,Dry,Medium,Stop Sign,NONE DETECTED,No,No Apparent Injury,NA,Not Distracted,MD,Passenger Car,Moving Constant Speed,35,No,2023,TESLA,MODEL 3,38.99239476,-76.99289566,2024,6,20
240027862,Property Damage Crash,06/11/2024 08:06:00 PM,NA,NA,Rear To Rear,Clear,NA,Daylight,NA,NONE DETECTED,Yes,No Apparent Injury,"Improper Backing, Operated Motor Vehicle in Inattentive, Careless, Negligent, or Erratic Manner",Unknown,MD,Sport Utility Vehicle,Backing,0,No,2013,LEXUS,RX,39.14232904,-77.22293357,2024,6,20
240027851,Injury Crash,06/11/2024 06:42:00 PM,ELLSWORTH DR,NA,Angle,Clear,Dry,Daylight,Stop Sign,NONE DETECTED,Yes,No Apparent Injury,Failed to Yield Right-of-Way,Not Distracted,MD,Sport Utility Vehicle,Accelerating,30,No,2021,VOLVO,XC90,39.00863065,-77.01806684,2024,6,18
240027851,Injury Crash,06/11/2024 06:42:00 PM,ELLSWORTH DR,NA,Angle,Clear,Dry,Daylight,No Controls,NONE DETECTED,No,Suspected Serious Injury,NA,Not Distracted,MD,Motorcycle - 2 Wheeled,Moving Constant Speed,30,No,2012,BMW,R 1200 RT,39.00863065,-77.01806684,2024,6,18
240027847,Injury Crash,06/11/2024 06:30:00 PM,WELLER RD,Cyclist (non-electric),Single Vehicle,Clear,Dry,Daylight,No Controls,NONE DETECTED,No,No Apparent Injury,NA,Not Distracted,MD,Pickup,Moving Constant Speed,25,No,2023,TOYOTA,TACOMA,39.0640855,-77.06972183,2024,6,18
240027843,Property Damage Crash,06/11/2024 06:07:00 PM,NA,NA,Rear To Side,Clear,NA,Daylight,NA,NONE DETECTED,No,No Apparent Injury,NA,Not Distracted,MD,Passenger Car,Slowing or Stopping,0,No,2003,HONDA,ACCORD,38.98833421,-76.98821191,2024,6,18
240027843,Property Damage Crash,06/11/2024 06:07:00 PM,NA,NA,Rear To Side,Clear,NA,Daylight,NA,NONE DETECTED,No,No Apparent Injury,NA,NA,NA,Passenger Car,Backing,0,No,2016,LEXUS,UNKNOWN,38.98833421,-76.98821191,2024,6,18
240027849,Property Damage Crash,06/11/2024 06:05:00 PM,HUNGERFORD DR (SB/L),NA,"Sideswipe, Same Direction",Clear,Dry,Daylight,No Controls,NONE DETECTED,No,No Apparent Injury,NA,Not Distracted,MD,Passenger Car,Moving Constant Speed,35,No,2021,HYUNDAI,ELANTRA,39.09277611,-77.15381531,2024,6,18
240027849,Property Damage Crash,06/11/2024 06:05:00 PM,HUNGERFORD DR (SB/L),NA,"Sideswipe, Same Direction",Clear,Dry,Daylight,No Controls,NONE DETECTED,No,No Apparent Injury,NA,Not Distracted,MD,Passenger Car,Moving Constant Speed,35,No,2006,VOLVO,S80,39.09277611,-77.15381531,2024,6,18
240027835,Injury Crash,06/11/2024 05:28:00 PM,BRIGGS CHANEY RD,NA,Angle,Clear,Dry,Daylight,Traffic Control Signal,NONE DETECTED,Yes,No Apparent Injury,"Failed to Yield Right-of-Way, Improper Turn",Unknown,MD,Van - Passenger (&lt;9 Seats),Turning Left,35,No,2006,TOYOTA,SIENNA,39.08107867,-76.94643917,2024,6,17
240027835,Injury Crash,06/11/2024 05:28:00 PM,BRIGGS CHANEY RD,NA,Angle,Clear,Dry,Daylight,Traffic Control Signal,NONE DETECTED,No,Possible Minor Injury,NA,Not Distracted,MD,Passenger Car,Moving Constant Speed,35,No,2017,HYUNDAI,ACCENT,39.08107867,-76.94643917,2024,6,17
240027836,Property Damage Crash,06/11/2024 05:24:00 PM,NA,NA,Front to Rear,Clear,Dry,Daylight,Traffic Control Signal,NONE DETECTED,No,No Apparent Injury,NA,Not Distracted,MD,Sport Utility Vehicle,Entering Traffic Lane,35,No,2019,NISSAN,ROGUE,39.09311035,-77.07914185,2024,6,17
240027836,Property Damage Crash,06/11/2024 05:24:00 PM,NA,NA,Front to Rear,Clear,Dry,Daylight,Traffic Control Signal,NONE DETECTED,Yes,No Apparent Injury,Other Improper Action,Unknown,MD,Passenger Car,Turning Right,35,No,2022,DODGE,CHARGER,39.09311035,-77.07914185,2024,6,17
240027831,Property Damage Crash,06/11/2024 05:10:00 PM,DIAMONDBACK DR,NA,Other,Clear,Dry,Daylight,Traffic Control Signal,NONE DETECTED,Yes,No Apparent Injury,Failed to Yield Right-of-Way,Unknown,MD,Sport Utility Vehicle,Turning Left,45,No,2017,KIA,SPORTAGE,39.11514054,-77.21571541,2024,6,17
240027831,Property Damage Crash,06/11/2024 05:10:00 PM,DIAMONDBACK DR,NA,Other,Clear,Dry,Daylight,Traffic Control Signal,NONE DETECTED,No,No Apparent Injury,NA,Not Distracted,MD,Van - Passenger (&lt;9 Seats),Moving Constant Speed,45,No,2003,HONDA,ODYSSEY,39.11514054,-77.21571541,2024,6,17
240027832,Property Damage Crash,06/11/2024 04:52:00 PM,NEW HAMPSHIRE AVE,NA,Rear To Side,Clear,Dry,Daylight,Traffic Control Signal,NONE DETECTED,No,No Apparent Injury,NA,Not Distracted,MD,Pickup,Moving Constant Speed,35,No,2017,FORD,F-450,39.07578633,-77.00176234,2024,6,16
240027832,Property Damage Crash,06/11/2024 04:52:00 PM,NEW HAMPSHIRE AVE,NA,Rear To Side,Clear,Dry,Daylight,Traffic Control Signal,NONE DETECTED,Yes,No Apparent Injury,Failed to Yield Right-of-Way,Unknown,MD,Passenger Car,Turning Right,35,No,2009,ACURA,TSX,39.07578633,-77.00176234,2024,6,16
240027828,Injury Crash,06/11/2024 04:19:00 PM,S WOOD RD,NA,Angle,Clear,Dry,Daylight,Traffic Control Signal,NONE DETECTED,No,No Apparent Injury,NA,Not Distracted,DE,Passenger Car,Moving Constant Speed,35,No,2016,VOLKSWAGEN,GTI,38.99949746,-77.09680853,2024,6,16
240027828,Injury Crash,06/11/2024 04:19:00 PM,S WOOD RD,NA,Angle,Clear,Dry,Daylight,Traffic Control Signal,NONE DETECTED,No,Possible Minor Injury,NA,Unknown,MS,Passenger Car,Turning Left,35,No,2023,CHEVROLET,MALIBU,38.99949746,-77.09680853,2024,6,16
240027824,Injury Crash,06/11/2024 04:00:00 PM,NA,NA,Front to Rear,Clear,Dry,Daylight,No Controls,NONE DETECTED,Yes,Possible Minor Injury,Other Improper Action,Unknown,MD,Passenger Car,Moving Constant Speed,40,No,2015,MERCEDES-BENZ,ML-CLASS,39.22113167,-77.059565,2024,6,16
240027824,Injury Crash,06/11/2024 04:00:00 PM,NA,NA,Front to Rear,Clear,Dry,Daylight,No Controls,NONE DETECTED,No,No Apparent Injury,NA,Not Distracted,MD,Passenger Car,Stopped in Traffic,40,No,2019,TOYOTA,TACOMA,39.22113167,-77.059565,2024,6,16
240027817,Property Damage Crash,06/11/2024 03:39:00 PM,FRANKLIN AVE,NA,"Sideswipe, Opposite Direction",Clear,Dry,Daylight,Stop Sign,NONE DETECTED,Yes,No Apparent Injury,NA,Not Distracted,MD,Bus - School,Turning Left,30,No,2016,THOMAS BUILT,SCHOOL BUS,39.00993467,-77.01044956,2024,6,15
240027812,Property Damage Crash,06/11/2024 03:10:00 PM,NA,NA,Single Vehicle,Clear,NA,Daylight,NA,NONE DETECTED,No,No Apparent Injury,"Disregarded Other Traffic Sign, Improper Turn, Wrong Way",Not Distracted,MD,Bus - School,Turning Left,0,No,2018,THOMAS BUILT,SCHOOL BUS,39.17360541,-77.20886395,2024,6,15
240027802,Property Damage Crash,06/11/2024 01:20:00 PM,POWDER MILL RD,NA,Front to Rear,Clear,Dry,Daylight,Traffic Control Signal,NONE DETECTED,No,NA,NA,NA,NA,Passenger Car,NA,35,No,2017,HYUNDAI,UNKNOWN,39.0222391,-76.97734894,2024,6,13
240027802,Property Damage Crash,06/11/2024 01:20:00 PM,POWDER MILL RD,NA,Front to Rear,Clear,Dry,Daylight,Traffic Control Signal,NONE DETECTED,No,No Apparent Injury,NA,Not Distracted,MD,Passenger Car,Turning Right,35,No,2015,CHEVROLET,TAHOE,39.0222391,-76.97734894,2024,6,13
240027589,Property Damage Crash,06/11/2024 01:13:00 PM,UNIVERSITY BLVD W (WB/L),NA,Front to Rear,Clear,Dry,Daylight,Traffic Control Signal,NONE DETECTED,No,No Apparent Injury,NA,Not Distracted,MD,Bus - Transit,Accelerating,35,No,2019,NEW FLYER,TRANSIT BUS,39.0413378,-77.04813571,2024,6,13
240027589,Property Damage Crash,06/11/2024 01:13:00 PM,UNIVERSITY BLVD W (WB/L),NA,Front to Rear,Clear,Dry,Daylight,Traffic Control Signal,NONE DETECTED,No,No Apparent Injury,NA,Not Distracted,MD,Sport Utility Vehicle,Slowing or Stopping,35,No,2014,ACURA,MDX,39.0413378,-77.04813571,2024,6,13
240027415,Property Damage Crash,06/11/2024 01:03:00 PM,TIMBERWOOD AVE,NA,Front to Rear,Clear,Dry,Daylight,No Controls,NONE DETECTED,No,No Apparent Injury,NA,Not Distracted,MD,Sport Utility Vehicle,Stopped in Traffic,25,No,2019,CHEVROLET,SUBURBAN,39.02286965,-77.01477167,2024,6,13
240027415,Property Damage Crash,06/11/2024 01:03:00 PM,TIMBERWOOD AVE,NA,Front to Rear,Clear,Dry,Daylight,No Controls,NONE DETECTED,No,NA,NA,NA,NA,Passenger Car,Backing,25,No,1111,INFINITI,Q50,39.02286965,-77.01477167,2024,6,13