Local Case Number,ACRS Report Type,Crash Date/Time,Road Name,Related Non-Motorist,Collision Type,Weather,Surface Condition,Light,Traffic Control,Driver Substance Abuse,Driver At Fault,Injury Severity,Circumstance,Driver Distracted By,Drivers License State,Vehicle Body Type,Vehicle Movement,Speed Limit,Driverless Vehicle,Vehicle Year,Vehicle Make,Vehicle Model,Latitude,Longitude,Year,Month,Hour
240027784,Property Damage Crash,06/11/2024 12:37:00 PM,TWINBROOK PKWY,NA,Angle,Clear,Dry,Daylight,No Controls,NONE DETECTED,No,No Apparent Injury,NA,Not Distracted,MD,Passenger Car,Moving Constant Speed,35,No,2003,FORD,E-350,39.07334976,-77.11192281,2024,6,12
240027784,Property Damage Crash,06/11/2024 12:37:00 PM,TWINBROOK PKWY,NA,Angle,Clear,Dry,Daylight,Stop Sign,NONE DETECTED,No,No Apparent Injury,Failed to Yield Right-of-Way,Not Distracted,NA,Passenger Car,Turning Left,35,No,2014,CHEVROLET,EQUINOX,39.07334976,-77.11192281,2024,6,12
240027767,Injury Crash,06/11/2024 11:30:00 AM,BERLEIGH HILL CT,NA,Single Vehicle,Clear,Dry,Daylight,No Controls,NONE DETECTED,Yes,Possible Minor Injury,NA,Unknown,MD,Passenger Car,Parked,25,No,2012,MERCEDES-BENZ,C-CLASS,39.10053,-76.93353333,2024,6,11
240027748,Injury Crash,06/11/2024 09:54:00 AM,NA,NA,Single Vehicle,Clear,NA,Daylight,NA,NONE DETECTED,Yes,Possible Minor Injury,Other Improper Action,Not Distracted,MD,Sport Utility Vehicle,Accelerating,0,No,2019,BMW,X3,39.15030445,-77.19558234,2024,6,9
240027736,Injury Crash,06/11/2024 09:52:00 AM,WAYNE AVE,Scooter (electric),Single Vehicle,Cloudy,Dry,Daylight,Traffic Control Signal,NONE DETECTED,Yes,No Apparent Injury,Failed to Yield Right-of-Way,Not Distracted,NC,Sport Utility Vehicle,Turning Right,30,No,2022,MERCEDES-BENZ,GLA-CLASS,38.99445555,-77.02798297,2024,6,9
240027745,Property Damage Crash,06/11/2024 09:29:00 AM,BANGOR DR,NA,"Sideswipe, Same Direction",Clear,Dry,Daylight,No Controls,NONE DETECTED,Yes,No Apparent Injury,NA,Not Distracted,MD,Bus - School,Moving Constant Speed,25,No,2016,THOMAS BUILT,SCHOOL BUS,39.03667167,-77.10505,2024,6,9
240027745,Property Damage Crash,06/11/2024 09:29:00 AM,BANGOR DR,NA,"Sideswipe, Same Direction",Clear,Dry,Daylight,No Controls,NONE DETECTED,No,NA,NA,NA,NA,Sport Utility Vehicle,Parked,25,No,2023,HYUNDAI,SANTA FE,39.03667167,-77.10505,2024,6,9
240027742,Property Damage Crash,06/11/2024 09:22:00 AM,PRELUDE DR,Pedestrian,Single Vehicle,Clear,Dry,Daylight,Traffic Control Signal,NONE DETECTED,Yes,No Apparent Injury,NA,Unknown,MD,Passenger Car,Slowing or Stopping,25,No,2016,TOYOTA,COROLLA,39.03945034,-76.99790002,2024,6,9
240027737,Injury Crash,06/11/2024 09:11:00 AM,NA,NA,Rear To Side,Clear,Dry,Daylight,Traffic Control Signal,NONE DETECTED,Yes,Possible Minor Injury,NA,Unknown,DC,Passenger Car,Turning Left,35,No,2015,JEEP,WRANGLER,39.14166983,-77.21767463,2024,6,9
240027737,Injury Crash,06/11/2024 09:11:00 AM,NA,NA,Rear To Side,Clear,Dry,Daylight,Traffic Control Signal,NONE DETECTED,No,No Apparent Injury,NA,Not Distracted,MD,Passenger Car,Moving Constant Speed,35,No,2014,KIA,OPTIMA,39.14166983,-77.21767463,2024,6,9
240027729,Property Damage Crash,06/11/2024 08:35:00 AM,FREDERICK RD,NA,Front to Rear,Cloudy,Dry,Daylight,No Controls,NONE DETECTED,No,No Apparent Injury,NA,Not Distracted,MD,Passenger Car,Slowing or Stopping,40,No,2021,CHEVROLET,SUBURBAN,39.2188573,-77.25625055,2024,6,8
240027729,Property Damage Crash,06/11/2024 08:35:00 AM,FREDERICK RD,NA,Front to Rear,Cloudy,Dry,Daylight,No Controls,NONE DETECTED,Yes,No Apparent Injury,Followed Too Closely,Not Distracted,MD,Passenger Car,Moving Constant Speed,40,No,2010,TOYOTA,COROLLA,39.2188573,-77.25625055,2024,6,8
240027729,Property Damage Crash,06/11/2024 08:35:00 AM,FREDERICK RD,NA,Front to Rear,Cloudy,Dry,Daylight,No Controls,NONE DETECTED,No,No Apparent Injury,NA,Not Distracted,MD,Sport Utility Vehicle,Slowing or Stopping,40,No,2017,CHRYSLER,PACIFICA,39.2188573,-77.25625055,2024,6,8
240027728,Injury Crash,06/11/2024 08:21:00 AM,RANDOLPH RD (WB/L),NA,Front to Rear,Clear,Dry,Daylight,Traffic Control Signal,NONE DETECTED,No,No Apparent Injury,NA,Not Distracted,MD,Passenger Car,Moving Constant Speed,40,No,2015,TOYOTA,CAMRY,39.06655006,-77.02977279,2024,6,8
240027728,Injury Crash,06/11/2024 08:21:00 AM,RANDOLPH RD (WB/L),NA,Front to Rear,Clear,Dry,Daylight,Traffic Control Signal,NONE DETECTED,Yes,Possible Minor Injury,Failed to Yield Right-of-Way,Not Distracted,MD,Passenger Car,Changing Lanes,40,No,2014,NISSAN,ALTIMA,39.06655006,-77.02977279,2024,6,8
240027723,Property Damage Crash,06/11/2024 08:00:00 AM,RAMP 6 FR WATKINS MILL RD TO IS 270 SB,NA,"Sideswipe, Opposite Direction",Clear,Dry,Daylight,Traffic Control Signal,NONE DETECTED,Yes,No Apparent Injury,Ran Red Light,Unknown,MD,Passenger Car,Moving Constant Speed,35,No,2012,TOYOTA,CAMRY,39.156085,-77.22577432,2024,6,8
240027723,Property Damage Crash,06/11/2024 08:00:00 AM,RAMP 6 FR WATKINS MILL RD TO IS 270 SB,NA,"Sideswipe, Opposite Direction",Clear,Dry,Daylight,Traffic Control Signal,NONE DETECTED,No,No Apparent Injury,NA,Not Distracted,MD,Passenger Car,Turning Left,35,No,2017,SUBARU,OUTBACK,39.156085,-77.22577432,2024,6,8
240027723,Property Damage Crash,06/11/2024 08:00:00 AM,RAMP 6 FR WATKINS MILL RD TO IS 270 SB,NA,"Sideswipe, Opposite Direction",Clear,Dry,Daylight,Traffic Control Signal,NONE DETECTED,No,No Apparent Injury,NA,Not Distracted,MD,Passenger Car,Turning Left,35,No,2018,NISSAN,SENTRA,39.156085,-77.22577432,2024,6,8
240027721,Injury Crash,06/11/2024 07:36:00 AM,NORTHWEST DR,NA,Other,Clear,Dry,Daylight,No Controls,NONE DETECTED,Yes,No Apparent Injury,NA,Unknown,MD,Passenger Car,Turning Left,45,No,2012,CHEVROLET,VAN,39.037553,-76.99899328,2024,6,7
240027721,Injury Crash,06/11/2024 07:36:00 AM,NORTHWEST DR,NA,Other,Clear,Dry,Daylight,No Controls,NONE DETECTED,No,Possible Minor Injury,NA,Not Distracted,MD,Passenger Car,Moving Constant Speed,45,No,2023,SUBARU,FORESTER,39.037553,-76.99899328,2024,6,7
240027699,Injury Crash,06/10/2024 11:45:00 PM,WOLF DR,NA,Other,Rain,Wet,Medium,Traffic Control Signal,NONE DETECTED,No,Possible Minor Injury,NA,Unknown,MD,Passenger Car,Turning Left,40,No,2006,TOYOTA,CAMRY,39.07317464,-77.00266911,2024,6,23
240027699,Injury Crash,06/10/2024 11:45:00 PM,WOLF DR,NA,Other,Rain,Wet,Medium,Traffic Control Signal,NONE DETECTED,No,Possible Minor Injury,NA,Not Distracted,MD,Passenger Car,Moving Constant Speed,40,No,2015,TOYOTA,COROLLA,39.07317464,-77.00266911,2024,6,23
240027698,Property Damage Crash,06/10/2024 10:55:00 PM,MARINELLI RD (EB/L),NA,Angle,Rain,Wet,Medium,No Controls,NONE DETECTED,No,No Apparent Injury,NA,Not Distracted,MD,Passenger Car,Moving Constant Speed,30,No,2020,TOYOTA,HIGHLANDER,39.04680787,-77.11361031,2024,6,22
240027698,Property Damage Crash,06/10/2024 10:55:00 PM,MARINELLI RD (EB/L),NA,Angle,Rain,Wet,Medium,No Controls,NONE DETECTED,Yes,No Apparent Injury,Failed to Yield Right-of-Way,Unknown,MD,Passenger Car,Entering Traffic Lane,10,No,2024,KIA,K5,39.04680787,-77.11361031,2024,6,22
240027692,Injury Crash,06/10/2024 10:12:00 PM,NA,NA,Front to Front,Rain,Wet,Dark,No Controls,NONE DETECTED,Yes,Possible Minor Injury,"Too Fast For Conditions, Wrong Side",Unknown,MD,Sport Utility Vehicle,Moving Constant Speed,45,No,2019,INFINITI,QX50,39.1545071,-77.25627863,2024,6,22
240027693,Property Damage Crash,06/10/2024 10:12:00 PM,CLOPPER RD,NA,Front to Rear,Rain,Wet,Dark,No Controls,NONE DETECTED,No,No Apparent Injury,NA,Not Distracted,MD,Sport Utility Vehicle,Slowing or Stopping,45,No,2019,NISSAN,ROGUE,39.15449732,-77.25616931,2024,6,22
240027692,Injury Crash,06/10/2024 10:12:00 PM,NA,NA,Front to Front,Rain,Wet,Dark,No Controls,NONE DETECTED,No,Possible Minor Injury,NA,Not Distracted,NA,Sport Utility Vehicle,Moving Constant Speed,45,No,2000,TOYOTA,RAV4,39.1545071,-77.25627863,2024,6,22
240027693,Property Damage Crash,06/10/2024 10:12:00 PM,CLOPPER RD,NA,Front to Rear,Rain,Wet,Dark,No Controls,NONE DETECTED,No,No Apparent Injury,NA,Not Distracted,MD,Sport Utility Vehicle,Slowing or Stopping,45,No,2017,FORD,EXPLORER,39.15449732,-77.25616931,2024,6,22
240027692,Injury Crash,06/10/2024 10:12:00 PM,NA,NA,Front to Front,Rain,Wet,Dark,No Controls,NONE DETECTED,No,No Apparent Injury,NA,Not Distracted,MD,Passenger Car,Parked,45,No,2020,HONDA,ACCORD,39.1545071,-77.25627863,2024,6,22
240027666,Property Damage Crash,06/10/2024 07:02:00 PM,FOREMAN BLVD,NA,Rear To Side,Cloudy,Dry,Daylight,Stop Sign,NONE DETECTED,Yes,No Apparent Injury,Failed to Yield Right-of-Way,Unknown,MD,Passenger Car,Accelerating,25,No,2022,TOYOTA,SIENNA,39.23092976,-77.2594563,2024,6,19
240027666,Property Damage Crash,06/10/2024 07:02:00 PM,FOREMAN BLVD,NA,Rear To Side,Cloudy,Dry,Daylight,No Controls,NONE DETECTED,No,No Apparent Injury,NA,Not Distracted,MD,Passenger Car,Moving Constant Speed,25,No,2017,TOYOTA,RAV4,39.23092976,-77.2594563,2024,6,19
240027648,Property Damage Crash,06/10/2024 06:10:00 PM,MONTGOMERY VILLAGE AVE (SB/L),NA,Angle,Clear,Dry,Daylight,Traffic Control Signal,NONE DETECTED,No,No Apparent Injury,NA,Not Distracted,MD,Pickup,Moving Constant Speed,35,No,2016,GMC,SIERRA LIMITED,39.17454167,-77.203755,2024,6,18
240027648,Property Damage Crash,06/10/2024 06:10:00 PM,MONTGOMERY VILLAGE AVE (SB/L),NA,Angle,Clear,Dry,Daylight,Traffic Control Signal,NONE DETECTED,Yes,No Apparent Injury,NA,Not Distracted,MD,Sport Utility Vehicle,Turning Left,35,No,2015,TOYOTA,RAV4,39.17454167,-77.203755,2024,6,18
240027656,Property Damage Crash,06/10/2024 06:04:00 PM,KENTLAND AVE,NA,Front to Rear,Clear,Dry,Daylight,No Controls,NONE DETECTED,No,No Apparent Injury,NA,Not Distracted,DC,Passenger Car,Slowing or Stopping,25,No,2015,VOLKSWAGEN,GOLF,38.97573165,-76.99131142,2024,6,18
240027656,Property Damage Crash,06/10/2024 06:04:00 PM,KENTLAND AVE,NA,Front to Rear,Clear,Dry,Daylight,No Controls,NONE DETECTED,No,No Apparent Injury,Followed Too Closely,Not Distracted,MD,Passenger Car,Slowing or Stopping,25,No,2012,FIAT,STRADA,38.97573165,-76.99131142,2024,6,18
240027649,Property Damage Crash,06/10/2024 06:00:00 PM,COLESVILLE RD,NA,"Sideswipe, Same Direction",Clear,Dry,Daylight,Lane Use Control Signal,NONE DETECTED,Yes,No Apparent Injury,"Swerved or Avoided Due to Wind, Slippery Surface, Motor Vehicle, Object, Non-Motorist in Roadway, etc",Not Distracted,MD,Bus - Transit,Entering Traffic Lane,35,No,2016,GILLIG,LOW FLOOR BUS,38.99699233,-77.0276245,2024,6,18
240027649,Property Damage Crash,06/10/2024 06:00:00 PM,COLESVILLE RD,NA,"Sideswipe, Same Direction",Clear,Dry,Daylight,Lane Use Control Signal,NONE DETECTED,No,No Apparent Injury,NA,Not Distracted,DC,Passenger Car,Moving Constant Speed,35,No,2007,TOYOTA,CAMRY SOLARA,38.99699233,-77.0276245,2024,6,18
240027766,Property Damage Crash,06/10/2024 05:14:00 PM,NA,NA,"Sideswipe, Same Direction",Clear,NA,Daylight,NA,NONE DETECTED,No,NA,NA,NA,NA,Pickup,Turning Right,0,No,2018,CHEVROLET,SILVERADO HD,38.9883082,-76.98815373,2024,6,17
240027654,Property Damage Crash,06/10/2024 05:07:00 PM,LIVINGSTON ST,NA,"Sideswipe, Same Direction",Cloudy,Dry,Daylight,No Controls,NONE DETECTED,No,NA,NA,NA,NA,Sport Utility Vehicle,Entering Traffic Lane,35,No,2016,HONDA,CR-V,39.05829598,-77.05541801,2024,6,17
240027654,Property Damage Crash,06/10/2024 05:07:00 PM,LIVINGSTON ST,NA,"Sideswipe, Same Direction",Cloudy,Dry,Daylight,No Controls,NONE DETECTED,No,No Apparent Injury,NA,Not Distracted,MD,Passenger Car,Moving Constant Speed,35,No,2022,LEXUS,ES,39.05829598,-77.05541801,2024,6,17
240027637,Injury Crash,06/10/2024 05:00:00 PM,VEIRS MILL RD (WB/L),NA,Front to Rear,Clear,Dry,Daylight,Traffic Control Signal,NONE DETECTED,No,Possible Minor Injury,NA,Not Distracted,MD,Passenger Car,Accelerating,25,No,2012,TOYOTA,CAMRY,39.04001843,-77.05541141,2024,6,17
240027637,Injury Crash,06/10/2024 05:00:00 PM,VEIRS MILL RD (WB/L),NA,Front to Rear,Clear,Dry,Daylight,Traffic Control Signal,NONE DETECTED,No,No Apparent Injury,"Failed to Keep in Proper Lane, Failed to Yield Right-of-Way, Improper Turn, Ran Red Light",Unknown,MD,Passenger Car,Turning Left,30,No,2007,TOYOTA,PRIUS,39.04001843,-77.05541141,2024,6,17
240027634,Property Damage Crash,06/10/2024 04:47:00 PM,VEIRS MILL RD (WB/L),NA,"Sideswipe, Same Direction",Clear,Dry,Daylight,No Controls,NONE DETECTED,Yes,No Apparent Injury,Other Improper Action,Not Distracted,MD,Single-Unit Truck,Changing Lanes,35,No,2020,FORD,F-550,39.05578967,-77.08190733,2024,6,16
240027634,Property Damage Crash,06/10/2024 04:47:00 PM,VEIRS MILL RD (WB/L),NA,"Sideswipe, Same Direction",Clear,Dry,Daylight,No Controls,NONE DETECTED,No,No Apparent Injury,NA,Not Distracted,MD,Bus - Transit,Moving Constant Speed,35,No,2022,NOVABUS,CLASSIC,39.05578967,-77.08190733,2024,6,16
240027633,Property Damage Crash,06/10/2024 04:25:00 PM,ARISTA MANOR WAY,NA,Rear To Side,Clear,Dry,Daylight,No Controls,NONE DETECTED,Yes,No Apparent Injury,"Failed To Stop For School Bus, Improper Backing",Unknown,MD,Passenger Car,Backing,25,No,2015,HONDA,ACCORD,39.20985419,-77.24986293,2024,6,16
240027633,Property Damage Crash,06/10/2024 04:25:00 PM,ARISTA MANOR WAY,NA,Rear To Side,Clear,Dry,Daylight,No Controls,NONE DETECTED,No,No Apparent Injury,NA,Not Distracted,MD,Bus - School,Parked,25,No,2019,FREIGHTLINER,B2 BUS CHASSIS,39.20985419,-77.24986293,2024,6,16
240027631,Injury Crash,06/10/2024 04:13:00 PM,NA,Pedestrian,Single Vehicle,Clear,NA,Daylight,NA,NONE DETECTED,No,No Apparent Injury,NA,Not Distracted,MD,Passenger Car,Backing,0,No,2012,TOYOTA,COROLLA,39.06484179,-77.12803409,2024,6,16
240027623,Property Damage Crash,06/10/2024 03:45:00 PM,NA,NA,Other,Cloudy,Dry,Daylight,"Other Pavement Marking (excluding edgelines, centerlines, or lane lines)",NONE DETECTED,No,No Apparent Injury,NA,Not Distracted,NA,Passenger Car,Entering Traffic Lane,25,No,2023,CHRYSLER,CARAVAN,38.99236813,-77.05035883,2024,6,15
240027623,Property Damage Crash,06/10/2024 03:45:00 PM,NA,NA,Other,Cloudy,Dry,Daylight,"Other Pavement Marking (excluding edgelines, centerlines, or lane lines)",NONE DETECTED,Yes,No Apparent Injury,Improper Turn,Not Distracted,MD,Bus - School,Making U-Turn,25,No,2020,THOMAS GRINDING,UNKNOWN,38.99236813,-77.05035883,2024,6,15
240027621,Injury Crash,06/10/2024 03:20:00 PM,OLD GEORGETOWN RD,Scooter (electric),Single Vehicle,Clear,Dry,Daylight,Bicycle Crossing Sign,NONE DETECTED,No,No Apparent Injury,NA,Not Distracted,MD,Sport Utility Vehicle,Turning Right,40,No,2020,TOYOTA,RAV4,39.02312364,-77.12386055,2024,6,15
240027618,Injury Crash,06/10/2024 03:15:00 PM,EAST WEST HWY,NA,"Sideswipe, Same Direction",Clear,Dry,Daylight,No Controls,NONE DETECTED,No,Possible Minor Injury,NA,Not Distracted,MD,Pickup,Moving Constant Speed,35,No,2016,FORD,F-150,38.9924065,-77.0556005,2024,6,15
240027618,Injury Crash,06/10/2024 03:15:00 PM,EAST WEST HWY,NA,"Sideswipe, Same Direction",Clear,Dry,Daylight,No Controls,NONE DETECTED,Yes,No Apparent Injury,NA,Talking/listening,MD,Passenger Car,Turning Right,35,No,2021,NISSAN,VERSA,38.9924065,-77.0556005,2024,6,15
240027619,Injury Crash,06/10/2024 03:00:00 PM,NA,NA,Front to Rear,Cloudy,Dry,Daylight,No Controls,NONE DETECTED,Yes,No Apparent Injury,Followed Too Closely,Not Distracted,MD,Sport Utility Vehicle,Slowing or Stopping,40,No,2012,FORD,EXPLORER,39.27879317,-77.31465033,2024,6,15
240027619,Injury Crash,06/10/2024 03:00:00 PM,NA,NA,Front to Rear,Cloudy,Dry,Daylight,No Controls,NONE DETECTED,No,No Apparent Injury,NA,Not Distracted,MD,Pickup,Stopped in Traffic,40,No,2018,FORD,F-150,39.27879317,-77.31465033,2024,6,15
240027619,Injury Crash,06/10/2024 03:00:00 PM,NA,NA,Front to Rear,Cloudy,Dry,Daylight,No Controls,NONE DETECTED,No,Possible Minor Injury,NA,Not Distracted,MD,Sport Utility Vehicle,Stopped in Traffic,40,No,2017,LEXUS,RX,39.27879317,-77.31465033,2024,6,15
240027610,Injury Crash,06/10/2024 02:21:00 PM,TALBOT AVE,NA,Front to Rear,Clear,Dry,Daylight,Stop Sign,NONE DETECTED,No,Possible Minor Injury,NA,Not Distracted,DC,Sport Utility Vehicle,Stopped in Traffic,25,No,2021,JEEP,COMPASS,39.0048331,-77.05017043,2024,6,14
240027610,Injury Crash,06/10/2024 02:21:00 PM,TALBOT AVE,NA,Front to Rear,Clear,Dry,Daylight,Stop Sign,NONE DETECTED,Yes,No Apparent Injury,Followed Too Closely,Not Distracted,MD,Other Trucks,Accelerating,25,No,2023,FREIGHTLINER,114SD,39.0048331,-77.05017043,2024,6,14
240027575,Property Damage Crash,06/10/2024 11:45:00 AM,CONNECTICUT AVE,NA,"Sideswipe, Same Direction",Clear,Dry,Daylight,No Controls,NONE DETECTED,No,No Apparent Injury,NA,NA,NA,Passenger Car,Changing Lanes,35,No,2017,AUDI,A4,38.9900872,-77.07705947,2024,6,11
240027575,Property Damage Crash,06/10/2024 11:45:00 AM,CONNECTICUT AVE,NA,"Sideswipe, Same Direction",Clear,Dry,Daylight,No Controls,NONE DETECTED,No,No Apparent Injury,NA,Not Distracted,MD,Passenger Car,Moving Constant Speed,35,No,2013,VOLVO,XC60,38.9900872,-77.07705947,2024,6,11
240027571,Property Damage Crash,06/10/2024 11:40:00 AM,NA,NA,Front to Rear,Clear,NA,Daylight,NA,NONE DETECTED,Yes,No Apparent Injury,"Operated Motor Vehicle in Inattentive, Careless, Negligent, or Erratic Manner",Unknown,MD,Passenger Car,Backing,0,No,2012,HYUNDAI,ELANTRA,39.05370398,-76.97048592,2024,6,11
240027567,Injury Crash,06/10/2024 11:31:00 AM,COLUMBIA PIKE (SB/L),NA,Single Vehicle,Clear,Dry,Daylight,No Controls,NONE DETECTED,Yes,Possible Minor Injury,Ran Off Roadway,Not Distracted,FL,Sport Utility Vehicle,Accelerating,40,No,2017,JEEP,WRANGLER,39.07301508,-76.95594797,2024,6,11
240027569,Property Damage Crash,06/10/2024 11:22:00 AM,WILD OLIVE DR,NA,Front to Rear,Clear,Dry,Daylight,No Controls,NONE DETECTED,No,No Apparent Injury,Improper Backing,Unknown,MD,Pickup,Backing,25,No,2012,FORD,F-550,39.054034,-77.17347,2024,6,11
240027566,Property Damage Crash,06/10/2024 11:09:00 AM,NA,NA,Front to Rear,Clear,Dry,Daylight,No Controls,NONE DETECTED,No,No Apparent Injury,NA,Not Distracted,MD,Pickup,Moving Constant Speed,35,No,2007,FORD,F-150,39.09680833,-77.205585,2024,6,11
240027566,Property Damage Crash,06/10/2024 11:09:00 AM,NA,NA,Front to Rear,Clear,Dry,Daylight,No Controls,NONE DETECTED,No,No Apparent Injury,NA,Not Distracted,MD,Van - Cargo,Moving Constant Speed,35,No,2019,NISSAN,VAN,39.09680833,-77.205585,2024,6,11
240027566,Property Damage Crash,06/10/2024 11:09:00 AM,NA,NA,Front to Rear,Clear,Dry,Daylight,No Controls,NONE DETECTED,No,No Apparent Injury,NA,Not Distracted,MD,Pickup,Moving Constant Speed,35,No,2018,FORD,F-150,39.09680833,-77.205585,2024,6,11
240027557,Property Damage Crash,06/10/2024 10:47:00 AM,LOXFORD TERR,NA,"Sideswipe, Same Direction",Clear,Dry,Daylight,No Controls,NONE DETECTED,Yes,No Apparent Injury,Over-Correcting/Over-Steering,Not Distracted,MD,Pickup,Moving Constant Speed,25,No,2013,FORD,F-450,39.03567374,-77.01722033,2024,6,10
240027561,Property Damage Crash,06/10/2024 10:20:00 AM,BROOKS AVE,NA,Other,Clear,Dry,Daylight,No Controls,NONE DETECTED,No,NA,NA,NA,NA,NA,NA,15,No,0,NA,NA,39.1439966,-77.19769176,2024,6,10
240027534,Injury Crash,06/10/2024 08:58:00 AM,GEORGIA AVE (SB/L),NA,Front to Rear,Clear,Dry,Daylight,No Controls,NONE DETECTED,No,No Apparent Injury,NA,Not Distracted,MD,Passenger Car,Stopped in Traffic,35,No,2016,HONDA,ACCORD,39.0214461,-77.04525731,2024,6,8
240027534,Injury Crash,06/10/2024 08:58:00 AM,GEORGIA AVE (SB/L),NA,Front to Rear,Clear,Dry,Daylight,No Controls,NONE DETECTED,Yes,Possible Minor Injury,NA,Not Distracted,MD,Passenger Car,Slowing or Stopping,30,No,2024,NISSAN,SENTRA,39.0214461,-77.04525731,2024,6,8
240027532,Injury Crash,06/10/2024 08:54:00 AM,UNIVERSITY BLVD W (WB/L),NA,Rear To Side,Clear,Dry,Daylight,Stop Sign,NONE DETECTED,No,No Apparent Injury,NA,"Other Action (looking away from task, etc.)",MD,Passenger Car,Accelerating,25,No,2023,HONDA,CR-V,39.03291666,-77.07371159,2024,6,8
240027532,Injury Crash,06/10/2024 08:54:00 AM,UNIVERSITY BLVD W (WB/L),NA,Rear To Side,Clear,Dry,Daylight,No Controls,NONE DETECTED,No,Possible Minor Injury,NA,Not Distracted,MD,Passenger Car,Moving Constant Speed,35,No,2019,JEEP,CHEROKEE,39.03291666,-77.07371159,2024,6,8
240027536,Injury Crash,06/10/2024 08:51:00 AM,W DEER PARK RD,NA,"Sideswipe, Same Direction",Clear,Dry,Daylight,Traffic Control Signal,NONE DETECTED,Yes,Possible Minor Injury,"Failed to Keep in Proper Lane, Improper Turn",Unknown,MD,Sport Utility Vehicle,Changing Lanes,40,No,2020,KIA,SORENTO,39.13493667,-77.20569667,2024,6,8
240027536,Injury Crash,06/10/2024 08:51:00 AM,W DEER PARK RD,NA,"Sideswipe, Same Direction",Clear,Dry,Daylight,Traffic Control Signal,NONE DETECTED,No,Possible Minor Injury,NA,Unknown,MD,Sport Utility Vehicle,Changing Lanes,40,No,2019,KIA,SPORTAGE,39.13493667,-77.20569667,2024,6,8
240027524,Property Damage Crash,06/10/2024 07:40:00 AM,BRIGGS CHANEY RD (WB/L),NA,"Sideswipe, Same Direction",Clear,Dry,Daylight,Traffic Control Signal,NONE DETECTED,Yes,No Apparent Injury,"Improper Passing, Operated Motor Vehicle in Inattentive, Careless, Negligent, or Erratic Manner",Not Distracted,MD,Passenger Car,Accelerating,40,No,2013,HONDA,CIVIC,39.08459176,-76.95169348,2024,6,7
240027524,Property Damage Crash,06/10/2024 07:40:00 AM,BRIGGS CHANEY RD (WB/L),NA,"Sideswipe, Same Direction",Clear,Dry,Daylight,No Controls,NONE DETECTED,No,No Apparent Injury,NA,Not Distracted,MD,Passenger Car,Moving Constant Speed,40,No,2011,HONDA,CIVIC,39.08459176,-76.95169348,2024,6,7
240027521,Injury Crash,06/10/2024 07:00:00 AM,WHITES FERRY RD,NA,"Sideswipe, Opposite Direction",Clear,Dry,Daylight,No Controls,NONE DETECTED,Yes,No Apparent Injury,"Failed to Keep in Proper Lane, Followed Too Closely, Swerved or Avoided Due to Wind, Slippery Surface, Motor Vehicle, Object, Non-Motorist in Roadway, etc, Too Fast For Conditions, Wrong Side",Not Distracted,MD,Passenger Car,Changing Lanes,40,No,1999,TOYOTA,CAMRY,39.12401355,-77.36587845,2024,6,7
240027521,Injury Crash,06/10/2024 07:00:00 AM,WHITES FERRY RD,NA,"Sideswipe, Opposite Direction",Clear,Dry,Daylight,No Controls,NONE DETECTED,No,Possible Minor Injury,NA,Not Distracted,MD,Sport Utility Vehicle,Moving Constant Speed,40,No,2015,FORD,EXPEDITION,39.12401355,-77.36587845,2024,6,7
240027510,Property Damage Crash,06/10/2024 05:05:00 AM,MOONEY DR,NA,Single Vehicle,Clear,Dry,Medium,No Controls,NONE DETECTED,No,NA,NA,NA,NA,Unknown,Turning Right,35,No,0,NA,NA,39.16257546,-77.16559133,2024,6,5
240027507,Property Damage Crash,06/10/2024 01:20:00 AM,NA,NA,Angle,Clear,NA,Medium,NA,NONE DETECTED,No,NA,NA,NA,NA,Passenger Car,Parked,0,No,2023,CHEVROLET,TRAVERSE,39.03923735,-77.05129692,2024,6,1