Local Case Number,ACRS Report Type,Crash Date/Time,Road Name,Related Non-Motorist,Collision Type,Weather,Surface Condition,Light,Traffic Control,Driver Substance Abuse,Driver At Fault,Injury Severity,Circumstance,Driver Distracted By,Drivers License State,Vehicle Body Type,Vehicle Movement,Speed Limit,Driverless Vehicle,Vehicle Year,Vehicle Make,Vehicle Model,Latitude,Longitude,Year,Month,Hour
240027507,Property Damage Crash,06/10/2024 01:20:00 AM,NA,NA,Angle,Clear,NA,Medium,NA,NONE DETECTED,Yes,No Apparent Injury,Improper Backing,Not Distracted,NA,Passenger Car,Backing,0,No,2010,HONDA,CIVIC,39.03923735,-77.05129692,2024,6,1
240027504,Property Damage Crash,06/09/2024 10:58:00 PM,LAYHILL RD,NA,Single Vehicle,Clear,Dry,Medium,Other,NONE DETECTED,No,NA,NA,NA,NA,Passenger Car,Negotiating a Curve,40,No,2015,HYUNDAI,ELANTRA,39.11457667,-77.03688,2024,6,22
240028349,Property Damage Crash,06/09/2024 10:50:00 PM,NA,NA,Single Vehicle,Clear,Dry,Dark,Other,NONE DETECTED,Yes,No Apparent Injury,"Swerved or Avoided Due to Wind, Slippery Surface, Motor Vehicle, Object, Non-Motorist in Roadway, etc",Not Distracted,MD,Passenger Car,Leaving Traffic Lane,40,No,2016,FORD,TAURUS,39.11345753,-77.03712338,2024,6,22
240027497,Property Damage Crash,06/09/2024 10:12:00 PM,AVERY RD,NA,Single Vehicle,Clear,Dry,Dark,No Controls,NONE DETECTED,No,NA,NA,NA,NA,Pickup,NA,25,No,2022,CHEVROLET,SILVERADO,39.09687505,-77.12479999,2024,6,22
240027495,Property Damage Crash,06/09/2024 09:51:00 PM,FEATHERWOOD ST,NA,Front to Rear,Clear,Dry,Medium,No Controls,ALCOHOL PRESENT,Yes,No Apparent Injury,NA,Unknown,MD,Passenger Car,Accelerating,15,No,2008,HONDA,ACCORD,39.05780299,-76.97167751,2024,6,21
240027492,Property Damage Crash,06/09/2024 09:46:00 PM,SPENCERVILLE RD,NA,Single Vehicle,Clear,Dry,Medium,No Controls,NONE DETECTED,No,No Apparent Injury,"Swerved or Avoided Due to Wind, Slippery Surface, Motor Vehicle, Object, Non-Motorist in Roadway, etc",Not Distracted,MD,Sport Utility Vehicle,Leaving Traffic Lane,30,No,2002,CHEVROLET,TRAILBLAZER,39.10782617,-76.94485697,2024,6,21
240027607,Property Damage Crash,06/09/2024 08:41:00 PM,NA,NA,Rear To Rear,Clear,NA,Daylight,NA,NONE DETECTED,No,NA,NA,NA,NA,Passenger Car,Backing,0,No,2012,HONDA,CIVIC,39.24021015,-77.26958053,2024,6,20
240027487,Property Damage Crash,06/09/2024 08:19:00 PM,BRIGGS CHANEY RD (WB/L),NA,Front to Rear,Clear,Dry,Medium,No Controls,NONE DETECTED,Yes,No Apparent Injury,NA,Not Distracted,MD,Passenger Car,Moving Constant Speed,30,No,2007,HONDA,CIVIC,39.08384536,-76.94947718,2024,6,20
240027486,Property Damage Crash,06/09/2024 08:17:00 PM,NA,NA,Rear To Side,Clear,Dry,Daylight,Traffic Control Signal,NONE DETECTED,No,No Apparent Injury,NA,Not Distracted,MD,Passenger Car,Moving Constant Speed,40,No,2017,TOYOTA,RAV4,39.2156866,-77.25285313,2024,6,20
240027486,Property Damage Crash,06/09/2024 08:17:00 PM,NA,NA,Rear To Side,Clear,Dry,Daylight,Traffic Control Signal,NONE DETECTED,Yes,No Apparent Injury,Failed to Yield Right-of-Way,Unknown,MD,Passenger Car,Turning Left,40,No,2020,HONDA,ACCORD,39.2156866,-77.25285313,2024,6,20
240027485,Injury Crash,06/09/2024 08:15:00 PM,NA,NA,Single Vehicle,Clear,NA,Daylight,NA,DRUG AND ALCOHOL CONTRIBUTED,No,Possible Minor Injury,"Operated Motor Vehicle in Inattentive, Careless, Negligent, or Erratic Manner, Operated Motor Vehicle in Reckless or Aggressive Manner",Not Distracted,MD,Passenger Car,Moving Constant Speed,0,No,2013,NISSAN,SENTRA,39.13956204,-77.19851228,2024,6,20
240027480,Property Damage Crash,06/09/2024 07:30:00 PM,GEORGIA AVE (SB/L),NA,"Sideswipe, Same Direction",Clear,Dry,Daylight,No Controls,NONE DETECTED,No,No Apparent Injury,NA,Not Distracted,MD,Passenger Car,Moving Constant Speed,35,No,2019,LEXUS,ES,39.05263954,-77.0511317,2024,6,19
240027480,Property Damage Crash,06/09/2024 07:30:00 PM,GEORGIA AVE (SB/L),NA,"Sideswipe, Same Direction",Clear,Dry,Daylight,No Controls,NONE DETECTED,Yes,No Apparent Injury,"Failed to Keep in Proper Lane, Followed Too Closely, Operated Motor Vehicle in Inattentive, Careless, Negligent, or Erratic Manner, Over-Correcting/Over-Steering, Swerved or Avoided Due to Wind, Slippery Surface, Motor Vehicle, Object, Non-Motorist in Roadway, etc, Too Fast For Conditions",Unknown,NA,Passenger Car,Changing Lanes,35,No,2021,CHEVROLET,SILVERADO,39.05263954,-77.0511317,2024,6,19
240027476,Property Damage Crash,06/09/2024 06:58:00 PM,BELLEVUE DR,NA,Angle,Clear,Dry,Daylight,Traffic Control Signal,NONE DETECTED,No,No Apparent Injury,NA,Not Distracted,MD,Passenger Car,Moving Constant Speed,35,No,2013,NISSAN,MAXIMA,39.0129809,-77.09857266,2024,6,18
240027476,Property Damage Crash,06/09/2024 06:58:00 PM,BELLEVUE DR,NA,Angle,Clear,Dry,Daylight,Traffic Control Signal,NONE DETECTED,No,No Apparent Injury,Failed to Yield Right-of-Way,Unknown,MD,Passenger Car,Making U-Turn,35,No,2010,TOYOTA,CAMRY,39.0129809,-77.09857266,2024,6,18
240027472,Injury Crash,06/09/2024 06:49:00 PM,PROSPERITY DR,NA,Angle,Clear,Dry,Daylight,Traffic Control Signal,NONE DETECTED,Yes,No Apparent Injury,NA,Unknown,MD,Passenger Car,Moving Constant Speed,40,No,2011,TOYOTA,VENZA,39.06193347,-76.96058065,2024,6,18
240027472,Injury Crash,06/09/2024 06:49:00 PM,PROSPERITY DR,NA,Angle,Clear,Dry,Daylight,Traffic Control Signal,NONE DETECTED,No,Possible Minor Injury,NA,Not Distracted,MD,Passenger Car,Accelerating,40,No,2018,CHEVROLET,COLORADO,39.06193347,-76.96058065,2024,6,18
240027467,Injury Crash,06/09/2024 06:00:00 PM,SANDY SPRING RD,NA,Rear To Side,Clear,Dry,Daylight,Traffic Control Signal,NONE DETECTED,Yes,Possible Minor Injury,NA,"Other Action (looking away from task, etc.)",MD,Sport Utility Vehicle,Moving Constant Speed,45,No,2003,HONDA,CR-V,39.1062158,-76.91878434,2024,6,18
240027467,Injury Crash,06/09/2024 06:00:00 PM,SANDY SPRING RD,NA,Rear To Side,Clear,Dry,Daylight,Traffic Control Signal,NONE DETECTED,No,Possible Minor Injury,NA,Not Distracted,MD,Sport Utility Vehicle,Turning Left,45,No,2024,BMW,I4,39.1062158,-76.91878434,2024,6,18
240027463,Property Damage Crash,06/09/2024 05:41:00 PM,NA,NA,"Sideswipe, Same Direction",Clear,NA,Daylight,NA,NONE DETECTED,No,NA,NA,NA,NA,NA,Slowing or Stopping,0,No,0,NA,NA,39.05210454,-77.11157278,2024,6,17
240027462,Property Damage Crash,06/09/2024 05:25:00 PM,COLESVILLE RD (WB/L),NA,Front to Rear,Clear,Dry,Daylight,No Controls,NONE DETECTED,No,No Apparent Injury,NA,Not Distracted,MD,Passenger Car,Moving Constant Speed,30,No,2021,TOYOTA,CAMRY,38.9951743,-77.02981004,2024,6,17
240027462,Property Damage Crash,06/09/2024 05:25:00 PM,COLESVILLE RD (WB/L),NA,Front to Rear,Clear,Dry,Daylight,Traffic Control Signal,ALCOHOL PRESENT,Yes,No Apparent Injury,NA,Unknown,DC,Sport Utility Vehicle,NA,30,No,2006,TOYOTA,UNKNOWN,38.9951743,-77.02981004,2024,6,17
240027479,Property Damage Crash,06/09/2024 05:25:00 PM,NA,NA,Other,Clear,NA,Daylight,NA,NONE DETECTED,No,No Apparent Injury,NA,Unknown,NA,Sport Utility Vehicle,Moving Constant Speed,0,No,2020,FORD,EXPLORER,39.06162109,-77.04884543,2024,6,17
24001099,Property Damage Crash,06/09/2024 04:47:00 PM,NA,NA,"Sideswipe, Opposite Direction",Clear,NA,Daylight,NA,NONE DETECTED,No,No Apparent Injury,NA,Unknown,MD,Sport Utility Vehicle,Slowing or Stopping,0,No,2019,MAZDA,CX-9,38.98696627,-77.06221061,2024,6,16
240027457,Property Damage Crash,06/09/2024 04:40:00 PM,GEORGIA AVE (SB/L),NA,Front to Rear,Clear,Dry,Daylight,Traffic Control Signal,NONE DETECTED,No,No Apparent Injury,NA,Not Distracted,MD,Passenger Car,Stopped in Traffic,40,No,2004,LEXUS,ES,39.12654222,-77.0724253,2024,6,16
240027457,Property Damage Crash,06/09/2024 04:40:00 PM,GEORGIA AVE (SB/L),NA,Front to Rear,Clear,Dry,Daylight,Traffic Control Signal,NONE DETECTED,No,No Apparent Injury,NA,Not Distracted,MD,Sport Utility Vehicle,Stopped in Traffic,40,No,2006,HONDA,PILOT,39.12654222,-77.0724253,2024,6,16
240027457,Property Damage Crash,06/09/2024 04:40:00 PM,GEORGIA AVE (SB/L),NA,Front to Rear,Clear,Dry,Daylight,Traffic Control Signal,NONE DETECTED,No,NA,NA,NA,NA,Sport Utility Vehicle,Moving Constant Speed,40,No,2009,ACURA,TL,39.12654222,-77.0724253,2024,6,16
240027454,Injury Crash,06/09/2024 04:25:00 PM,GOSHEN RD,NA,Angle,Clear,Dry,Daylight,Traffic Control Signal,NONE DETECTED,No,Possible Minor Injury,NA,Not Distracted,MD,Passenger Car,Moving Constant Speed,35,No,2021,CHEVROLET,TRAX,39.18772861,-77.18676606,2024,6,16
240027454,Injury Crash,06/09/2024 04:25:00 PM,GOSHEN RD,NA,Angle,Clear,Dry,Daylight,Traffic Control Signal,NONE DETECTED,Yes,Possible Minor Injury,Failed to Yield Right-of-Way,Not Distracted,MD,Sport Utility Vehicle,Slowing or Stopping,35,No,2021,FORD,EXPLORER,39.18772861,-77.18676606,2024,6,16
240027423,Property Damage Crash,06/09/2024 01:30:00 PM,NA,NA,Rear To Rear,Cloudy,NA,Daylight,NA,NONE DETECTED,Yes,No Apparent Injury,Improper Backing,Not Distracted,MD,Passenger Car,Backing,0,No,2015,MAZDA,CX-3,39.10337987,-77.06808226,2024,6,13
240027419,Injury Crash,06/09/2024 01:20:00 PM,RANDOLPH RD,NA,Front to Rear,Cloudy,Dry,Daylight,Traffic Control Signal,NONE DETECTED,Yes,No Apparent Injury,Too Fast For Conditions,Not Distracted,MD,Passenger Car,Moving Constant Speed,35,No,2010,NISSAN,SENTRA,39.05728982,-77.07482609,2024,6,13
240027419,Injury Crash,06/09/2024 01:20:00 PM,RANDOLPH RD,NA,Front to Rear,Cloudy,Dry,Daylight,Traffic Control Signal,NONE DETECTED,No,Possible Minor Injury,NA,Not Distracted,MD,Passenger Car,Slowing or Stopping,35,No,2019,HONDA,ACCORD,39.05728982,-77.07482609,2024,6,13
24001098,Property Damage Crash,06/09/2024 12:55:00 PM,SLIGO CREEK PKWY,NA,Single Vehicle,Clear,Dry,Daylight,No Controls,NONE DETECTED,No,No Apparent Injury,NA,Not Distracted,MD,Pickup,Moving Constant Speed,25,No,2008,FORD,F-150,39.01105807,-77.0277374,2024,6,12
240027418,Property Damage Crash,06/09/2024 12:39:00 PM,EDWARDS FERRY RD,NA,Front to Front,Clear,Dry,Daylight,No Controls,NONE DETECTED,No,No Apparent Injury,NA,Not Distracted,MD,Van - Cargo,Moving Constant Speed,30,No,2018,DODGE,RAM VAN,39.14921254,-77.45387212,2024,6,12
240027418,Property Damage Crash,06/09/2024 12:39:00 PM,EDWARDS FERRY RD,NA,Front to Front,Clear,Dry,Daylight,No Controls,NONE DETECTED,No,No Apparent Injury,NA,Not Distracted,MD,"Farm Equipment (Tractor, combine harvester, etc.)",Moving Constant Speed,30,No,1111,UNKNOWN,UNKNOWN,39.14921254,-77.45387212,2024,6,12
240027408,Injury Crash,06/09/2024 12:14:00 PM,NEW HAMPSHIRE AVE,NA,"Sideswipe, Same Direction",Clear,Dry,Daylight,No Controls,NONE DETECTED,No,Possible Minor Injury,NA,Not Distracted,MD,Passenger Car,Moving Constant Speed,35,No,2010,LEXUS,ES,39.02349967,-76.9784785,2024,6,12
240027408,Injury Crash,06/09/2024 12:14:00 PM,NEW HAMPSHIRE AVE,NA,"Sideswipe, Same Direction",Clear,Dry,Daylight,No Controls,NONE DETECTED,No,No Apparent Injury,NA,Not Distracted,MD,Passenger Car,Changing Lanes,35,No,2013,HONDA,CIVIC,39.02349967,-76.9784785,2024,6,12
240027410,Injury Crash,06/09/2024 11:52:00 AM,NA,NA,Angle,Cloudy,Dry,Daylight,No Controls,NONE DETECTED,No,No Apparent Injury,NA,Not Distracted,MD,Passenger Car,Moving Constant Speed,35,No,2005,ACURA,TSX,39.07641867,-77.13832892,2024,6,11
240027410,Injury Crash,06/09/2024 11:52:00 AM,NA,NA,Angle,Cloudy,Dry,Daylight,No Controls,NONE DETECTED,Yes,Possible Minor Injury,NA,Unknown,MD,Passenger Car,Turning Left,35,No,2014,NISSAN,ALTIMA,39.07641867,-77.13832892,2024,6,11
240027398,Property Damage Crash,06/09/2024 11:00:00 AM,FREDERICK RD (SB/L),NA,Front to Rear,Clear,Dry,Daylight,Traffic Control Signal,NONE DETECTED,No,No Apparent Injury,NA,Not Distracted,MD,Sport Utility Vehicle,Stopped in Traffic,35,No,2015,GMC,TERRAIN,39.11916398,-77.17202231,2024,6,11
240027399,Property Damage Crash,06/09/2024 11:00:00 AM,VEIRS MILL RD (WB/L),NA,Front to Rear,Clear,Dry,Daylight,No Controls,NONE DETECTED,Yes,No Apparent Injury,NA,Not Distracted,MD,Sport Utility Vehicle,Slowing or Stopping,35,No,2001,FORD,ESCAPE,39.05419733,-77.07880533,2024,6,11
240027398,Property Damage Crash,06/09/2024 11:00:00 AM,FREDERICK RD (SB/L),NA,Front to Rear,Clear,Dry,Daylight,Traffic Control Signal,NONE DETECTED,No,No Apparent Injury,NA,Not Distracted,MD,Sport Utility Vehicle,Stopped in Traffic,35,No,2020,TOYOTA,RAV4,39.11916398,-77.17202231,2024,6,11
240027398,Property Damage Crash,06/09/2024 11:00:00 AM,FREDERICK RD (SB/L),NA,Front to Rear,Clear,Dry,Daylight,Traffic Control Signal,NONE DETECTED,Yes,No Apparent Injury,Followed Too Closely,Not Distracted,MD,Sport Utility Vehicle,Slowing or Stopping,35,No,2016,HONDA,CR-V,39.11916398,-77.17202231,2024,6,11
240027399,Property Damage Crash,06/09/2024 11:00:00 AM,VEIRS MILL RD (WB/L),NA,Front to Rear,Clear,Dry,Daylight,No Controls,NONE DETECTED,No,No Apparent Injury,NA,Not Distracted,MD,Sport Utility Vehicle,Slowing or Stopping,35,No,2019,SUBARU,CROSSTREK,39.05419733,-77.07880533,2024,6,11
240027394,Property Damage Crash,06/09/2024 09:41:00 AM,WISCONSIN AVE (SB/L),NA,Angle,Cloudy,Dry,Daylight,Traffic Control Signal,NONE DETECTED,No,No Apparent Injury,NA,Not Distracted,MD,Passenger Car,Moving Constant Speed,25,No,2003,PONTIAC,VIBE,38.99265367,-77.0961165,2024,6,9
240027394,Property Damage Crash,06/09/2024 09:41:00 AM,WISCONSIN AVE (SB/L),NA,Angle,Cloudy,Dry,Daylight,Traffic Control Signal,NONE DETECTED,Yes,No Apparent Injury,"Failed to Yield Right-of-Way, Improper Turn",Not Distracted,MD,Passenger Car,Turning Left,25,No,2022,AUDI,E-TRON,38.99265367,-77.0961165,2024,6,9
240027385,Property Damage Crash,06/09/2024 07:10:00 AM,NA,NA,Angle,Clear,NA,Daylight,NA,NONE DETECTED,No,No Apparent Injury,NA,Unknown,MD,Passenger Car,Accelerating,0,No,2011,TOYOTA,CAMRY,39.02380971,-76.96917479,2024,6,7
240027369,Injury Crash,06/09/2024 03:38:00 AM,PHEASANT RUN DR (WB/L),NA,Single Vehicle,Clear,Dry,Medium,Stop Sign,NONE DETECTED,No,Possible Minor Injury,"Operated Motor Vehicle in Inattentive, Careless, Negligent, or Erratic Manner, Ran Off Roadway, Ran Stop Sign",Unknown,MD,Sport Utility Vehicle,NA,25,No,2016,FORD,ESCAPE,39.14461139,-77.23831576,2024,6,3
240027367,Property Damage Crash,06/09/2024 03:22:00 AM,E JEFFERSON ST,NA,Other,Clear,Dry,Dark,Other,NONE DETECTED,Yes,No Apparent Injury,Other Improper Action,Not Distracted,MD,Passenger Car,Moving Constant Speed,30,No,2002,HONDA,ACCORD,39.06018402,-77.1271757,2024,6,3
240027366,Property Damage Crash,06/09/2024 02:38:00 AM,RAMP 4 FR IS 270 NB TO WATKINS MILL RD,NA,Single Vehicle,Clear,Dry,Medium,Flashing Traffic Control Signal,NONE DETECTED,No,No Apparent Injury,"Failed to Keep in Proper Lane, Improper Turn",Unknown,NA,Passenger Car,NA,35,No,2014,INFINITI,Q50,39.15673909,-77.22467699,2024,6,2
240027359,Injury Crash,06/09/2024 12:43:00 AM,STORY DR,NA,Front to Front,Clear,Dry,Medium,No Controls,ALCOHOL PRESENT,No,Possible Minor Injury,NA,Not Distracted,MD,Passenger Car,Moving Constant Speed,30,No,2014,CHEVROLET,CAMARO,39.11763317,-77.21245233,2024,6,0
240027354,Injury Crash,06/09/2024 12:03:00 AM,GEORGIA AVE (SB/L),Cyclist (Electric),Single Vehicle,Clear,Dry,Medium,No Controls,NONE DETECTED,No,No Apparent Injury,NA,Not Distracted,FL,Sport Utility Vehicle,Turning Left,35,No,2008,TOYOTA,4-RUNNER,39.06657696,-77.05971898,2024,6,0
240027355,Property Damage Crash,06/08/2024 11:55:00 PM,WESTLAKE TERR,NA,"Sideswipe, Opposite Direction",Clear,Dry,Dark,No Controls,NONE DETECTED,No,No Apparent Injury,NA,Not Distracted,VA,Station Wagon,Stopped in Traffic,20,No,2019,VOLKSWAGEN,TIGUAN,39.02645878,-77.15220861,2024,6,23
240027355,Property Damage Crash,06/08/2024 11:55:00 PM,WESTLAKE TERR,NA,"Sideswipe, Opposite Direction",Clear,Dry,Dark,No Controls,NONE DETECTED,No,NA,NA,NA,NA,Passenger Car,Accelerating,20,No,2008,TOYOTA,COROLLA,39.02645878,-77.15220861,2024,6,23
240027349,Injury Crash,06/08/2024 11:30:00 PM,NORBECK RD,NA,Single Vehicle,Clear,Dry,Medium,No Controls,NONE DETECTED,No,Possible Minor Injury,NA,Not Distracted,MD,Motorcycle - 2 Wheeled,Moving Constant Speed,35,No,2016,HARLEY DAVIDSON,XL883N / IRON 883,39.09875733,-77.102005,2024,6,23
240027345,Injury Crash,06/08/2024 09:55:00 PM,DR BIRD RD,NA,Angle,Clear,Dry,Medium,Traffic Control Signal,NONE DETECTED,No,Possible Minor Injury,NA,Not Distracted,MD,Passenger Car,Moving Constant Speed,40,No,2015,FORD,FUSION,39.14414345,-77.04349736,2024,6,21
240027345,Injury Crash,06/08/2024 09:55:00 PM,DR BIRD RD,NA,Angle,Clear,Dry,Medium,Traffic Control Signal,NONE DETECTED,Yes,Possible Minor Injury,Ran Red Light,Unknown,MD,Passenger Car,Turning Left,40,No,2000,TOYOTA,RAV4,39.14414345,-77.04349736,2024,6,21
240027347,Injury Crash,06/08/2024 09:48:00 PM,NA,NA,Front to Front,Clear,Dry,Dark,No Controls,NONE DETECTED,No,Suspected Serious Injury,NA,Unknown,MD,Passenger Car,Moving Constant Speed,30,No,2010,TOYOTA,COROLLA,39.21372138,-77.04652438,2024,6,21
240027347,Injury Crash,06/08/2024 09:48:00 PM,NA,NA,Front to Front,Clear,Dry,Dark,No Controls,DRUG AND ALCOHOL CONTRIBUTED,Yes,Suspected Serious Injury,"Operated Motor Vehicle in Inattentive, Careless, Negligent, or Erratic Manner, Operated Motor Vehicle in Reckless or Aggressive Manner, Over-Correcting/Over-Steering, Ran Off Roadway, Wrong Side",Unknown,MD,Sport Utility Vehicle,NA,30,No,2005,JEEP,GRAND CHEROKEE,39.21372138,-77.04652438,2024,6,21
240027344,Injury Crash,06/08/2024 09:45:00 PM,CHERRY HILL RD,NA,Front to Rear,Clear,Dry,Medium,No Controls,NONE DETECTED,No,No Apparent Injury,NA,Not Distracted,MD,Sport Utility Vehicle,Moving Constant Speed,35,No,2019,MERCEDES-BENZ,UNKNOWN,39.06019812,-76.95655388,2024,6,21
240027344,Injury Crash,06/08/2024 09:45:00 PM,CHERRY HILL RD,NA,Front to Rear,Clear,Dry,Medium,No Controls,NONE DETECTED,Yes,Possible Minor Injury,NA,Not Distracted,MD,Motorcycle - 2 Wheeled,Accelerating,35,No,2007,SUZUKI,GSX-R750,39.06019812,-76.95655388,2024,6,21
240027332,Property Damage Crash,06/08/2024 08:18:00 PM,CLUB VIEW DR,NA,"Sideswipe, Same Direction",Clear,Dry,Medium,No Controls,ALCOHOL PRESENT,No,No Apparent Injury,"Failed to Keep in Proper Lane, Improper Passing, Operated Motor Vehicle in Inattentive, Careless, Negligent, or Erratic Manner, Too Fast For Conditions",Unknown,MD,Passenger Car,Moving Constant Speed,25,No,2020,TOYOTA,COROLLA,39.2528014,-77.20186618,2024,6,20
240027323,Property Damage Crash,06/08/2024 07:09:00 PM,RAMP 4 FR MD 650 NB TO IS 495 EB,NA,Front to Rear,Clear,Dry,Daylight,No Controls,NONE DETECTED,Yes,No Apparent Injury,NA,Not Distracted,MD,Passenger Car,Slowing or Stopping,40,No,2024,TOYOTA,CAMRY,39.01632233,-76.97731677,2024,6,19
240027323,Property Damage Crash,06/08/2024 07:09:00 PM,RAMP 4 FR MD 650 NB TO IS 495 EB,NA,Front to Rear,Clear,Dry,Daylight,No Controls,NONE DETECTED,No,No Apparent Injury,NA,Not Distracted,MD,Sport Utility Vehicle,Slowing or Stopping,40,No,2007,FORD,EDGE,39.01632233,-76.97731677,2024,6,19
240027322,Injury Crash,06/08/2024 06:55:00 PM,QUEENSGUARD RD,NA,Front to Rear,Clear,Dry,Daylight,No Controls,NONE DETECTED,Yes,Possible Minor Injury,"Failed to Keep in Proper Lane, Ran Off Roadway",Unknown,MD,Passenger Car,Accelerating,25,No,2018,NISSAN,PATHFINDER,39.08728933,-77.04245817,2024,6,18
240027295,Property Damage Crash,06/08/2024 04:20:00 PM,KENTUCKY AVE,NA,"Sideswipe, Opposite Direction",Clear,Dry,Daylight,No Controls,NONE DETECTED,No,No Apparent Injury,NA,Not Distracted,MD,Passenger Car,Moving Constant Speed,25,No,2023,CADILLAC,CT5,38.9891995,-77.08908033,2024,6,16
240027295,Property Damage Crash,06/08/2024 04:20:00 PM,KENTUCKY AVE,NA,"Sideswipe, Opposite Direction",Clear,Dry,Daylight,No Controls,NONE DETECTED,No,No Apparent Injury,NA,Not Distracted,MD,Van - Cargo,Moving Constant Speed,25,No,2019,DODGE,RAM VAN,38.9891995,-77.08908033,2024,6,16
240027284,Property Damage Crash,06/08/2024 03:57:00 PM,GEORGIA AVE,NA,"Sideswipe, Same Direction",Clear,Dry,Daylight,No Controls,NONE DETECTED,No,No Apparent Injury,NA,Unknown,MD,Passenger Car,Moving Constant Speed,35,No,2019,VOLKSWAGEN,TIGUAN,38.98679703,-77.02675739,2024,6,15
240027284,Property Damage Crash,06/08/2024 03:57:00 PM,GEORGIA AVE,NA,"Sideswipe, Same Direction",Clear,Dry,Daylight,No Controls,NONE DETECTED,No,No Apparent Injury,NA,Unknown,DC,Passenger Car,Moving Constant Speed,35,No,2020,ACURA,TLX,38.98679703,-77.02675739,2024,6,15
240027272,Property Damage Crash,06/08/2024 01:29:00 PM,NORBECK RD (WB/L),NA,Angle,Clear,Dry,Daylight,Traffic Control Signal,NONE DETECTED,Yes,No Apparent Injury,NA,Not Distracted,MD,Passenger Car,Turning Right,35,No,2014,HYUNDAI,ELANTRA,39.09948177,-77.09978889,2024,6,13
240027272,Property Damage Crash,06/08/2024 01:29:00 PM,NORBECK RD (WB/L),NA,Angle,Clear,Dry,Daylight,Traffic Control Signal,NONE DETECTED,No,No Apparent Injury,NA,Not Distracted,MD,Passenger Car,Turning Left,35,No,2018,NISSAN,ALTIMA,39.09948177,-77.09978889,2024,6,13
240027266,Property Damage Crash,06/08/2024 01:00:00 PM,FRANKFORT DR,NA,Angle,Clear,Dry,Daylight,Stop Sign,NONE DETECTED,Yes,No Apparent Injury,NA,Unknown,NA,Passenger Car,Turning Right,25,No,2013,HONDA,CIVIC,39.07955187,-77.08413493,2024,6,13
240027266,Property Damage Crash,06/08/2024 01:00:00 PM,FRANKFORT DR,NA,Angle,Clear,Dry,Daylight,Stop Sign,NONE DETECTED,No,No Apparent Injury,NA,Not Distracted,MD,Passenger Car,Stopped in Traffic,25,No,2017,CHEVROLET,SILVERADO,39.07955187,-77.08413493,2024,6,13
240027257,Property Damage Crash,06/08/2024 11:22:00 AM,MAPLE AVE,NA,Front to Rear,Clear,Dry,Daylight,Stop Sign,NONE DETECTED,No,No Apparent Injury,NA,Not Distracted,MD,Passenger Car,Slowing or Stopping,25,No,2004,PONTIAC,GRAND AM,38.98351176,-77.0064841,2024,6,11
240027257,Property Damage Crash,06/08/2024 11:22:00 AM,MAPLE AVE,NA,Front to Rear,Clear,Dry,Daylight,Stop Sign,NONE DETECTED,No,NA,NA,NA,NA,Passenger Car,Moving Constant Speed,25,No,2001,TOYOTA,4-RUNNER,38.98351176,-77.0064841,2024,6,11
240027261,Property Damage Crash,06/08/2024 11:17:00 AM,NA,NA,"Sideswipe, Opposite Direction",Clear,NA,Daylight,NA,NONE DETECTED,No,No Apparent Injury,Improper Backing,Unknown,NA,Sport Utility Vehicle,Backing,0,No,0,NA,NA,39.04548844,-77.11325236,2024,6,11
240027251,Property Damage Crash,06/08/2024 10:39:00 AM,NA,NA,"Sideswipe, Same Direction",Clear,Dry,Daylight,No Controls,NONE DETECTED,No,No Apparent Injury,NA,Not Distracted,MD,Sport Utility Vehicle,Moving Constant Speed,40,No,2017,LEXUS,RX,39.11276833,-77.27271333,2024,6,10
240027251,Property Damage Crash,06/08/2024 10:39:00 AM,NA,NA,"Sideswipe, Same Direction",Clear,Dry,Daylight,No Controls,NONE DETECTED,Yes,No Apparent Injury,NA,Unknown,MD,Sport Utility Vehicle,Entering Traffic Lane,40,No,2019,MERCEDES-BENZ,GLS-CLASS,39.11276833,-77.27271333,2024,6,10