Local Case Number,ACRS Report Type,Crash Date/Time,Road Name,Related Non-Motorist,Collision Type,Weather,Surface Condition,Light,Traffic Control,Driver Substance Abuse,Driver At Fault,Injury Severity,Circumstance,Driver Distracted By,Drivers License State,Vehicle Body Type,Vehicle Movement,Speed Limit,Driverless Vehicle,Vehicle Year,Vehicle Make,Vehicle Model,Latitude,Longitude,Year,Month,Hour
240027247,Injury Crash,06/08/2024 09:50:00 AM,SHADY GROVE RD (SB/L),NA,Angle,Clear,Dry,Daylight,Traffic Control Signal,NONE DETECTED,Yes,Possible Minor Injury,NA,Unknown,MD,Passenger Car,Turning Left,45,No,2019,HYUNDAI,TUCSON,39.13712268,-77.15469951,2024,6,9
240027247,Injury Crash,06/08/2024 09:50:00 AM,SHADY GROVE RD (SB/L),NA,Angle,Clear,Dry,Daylight,Traffic Control Signal,NONE DETECTED,No,Possible Minor Injury,NA,Not Distracted,MD,Passenger Car,Moving Constant Speed,45,No,2019,TOYOTA,HIGHLANDER,39.13712268,-77.15469951,2024,6,9
240027246,Property Damage Crash,06/08/2024 09:45:00 AM,GEORGIA AVE (SB/L),NA,"Sideswipe, Same Direction",Clear,Dry,Daylight,No Controls,NONE DETECTED,No,No Apparent Injury,NA,Not Distracted,MD,Passenger Car,Moving Constant Speed,35,No,2015,DODGE,DART,38.9909644,-77.02672648,2024,6,9
240027246,Property Damage Crash,06/08/2024 09:45:00 AM,GEORGIA AVE (SB/L),NA,"Sideswipe, Same Direction",Clear,Dry,Daylight,No Controls,NONE DETECTED,No,No Apparent Injury,"Failed to Yield Right-of-Way, Improper Turn",Not Distracted,MD,Passenger Car,Changing Lanes,35,No,2008,HONDA,ACCORD,38.9909644,-77.02672648,2024,6,9
240027241,Injury Crash,06/08/2024 09:05:00 AM,NA,NA,Rear To Side,Clear,Dry,Daylight,Stop Sign,NONE DETECTED,Yes,Possible Minor Injury,Failed to Yield Right-of-Way,Unknown,MD,Passenger Car,Accelerating,25,No,2012,HONDA,FIT,39.14065081,-77.20201733,2024,6,9
240027241,Injury Crash,06/08/2024 09:05:00 AM,NA,NA,Rear To Side,Clear,Dry,Daylight,No Controls,NONE DETECTED,No,No Apparent Injury,NA,Not Distracted,MD,Passenger Car,Moving Constant Speed,25,No,2006,INFINITI,QX56,39.14065081,-77.20201733,2024,6,9
240027238,Property Damage Crash,06/08/2024 08:27:00 AM,BONIFANT ST,NA,Rear To Side,Clear,Dry,Daylight,Stop Sign,NONE DETECTED,No,No Apparent Injury,NA,Not Distracted,DC,Passenger Car,Accelerating,25,No,2015,TOYOTA,COROLLA,38.9978765,-77.01727583,2024,6,8
240027238,Property Damage Crash,06/08/2024 08:27:00 AM,BONIFANT ST,NA,Rear To Side,Clear,Dry,Daylight,No Controls,NONE DETECTED,No,No Apparent Injury,NA,Not Distracted,MD,Passenger Car,Stopped in Traffic,25,No,2012,TOYOTA,PRIUS,38.9978765,-77.01727583,2024,6,8
240027238,Property Damage Crash,06/08/2024 08:27:00 AM,BONIFANT ST,NA,Rear To Side,Clear,Dry,Daylight,No Controls,NONE DETECTED,No,No Apparent Injury,NA,Not Distracted,MD,Passenger Car,Stopped in Traffic,25,No,2018,BMW,UNKNOWN,38.9978765,-77.01727583,2024,6,8
240027238,Property Damage Crash,06/08/2024 08:27:00 AM,BONIFANT ST,NA,Rear To Side,Clear,Dry,Daylight,No Controls,NONE DETECTED,No,No Apparent Injury,NA,Not Distracted,MD,Passenger Car,Moving Constant Speed,25,No,2023,CHEVROLET,SILVERADO,38.9978765,-77.01727583,2024,6,8
240027239,Property Damage Crash,06/08/2024 06:44:00 AM,GEORGIA AVE (SB/L),NA,Unknown,Clear,Dry,Daylight,Traffic Control Signal,NONE DETECTED,No,No Apparent Injury,NA,NA,NA,Passenger Car,NA,45,No,0,NA,NA,39.11528147,-77.07541621,2024,6,6
240027239,Property Damage Crash,06/08/2024 06:44:00 AM,GEORGIA AVE (SB/L),NA,Unknown,Clear,Dry,Daylight,Traffic Control Signal,NONE DETECTED,Yes,No Apparent Injury,NA,Unknown,DC,Passenger Car,NA,45,No,2024,AUDI,A3,39.11528147,-77.07541621,2024,6,6
240027230,Property Damage Crash,06/08/2024 03:28:00 AM,MIDDLEBROOK RD,NA,Front to Rear,Clear,Dry,Medium,Traffic Control Signal,NONE DETECTED,No,No Apparent Injury,NA,Not Distracted,MD,Passenger Car,Moving Constant Speed,40,No,2010,JEEP,COMPASS,39.18114,-77.23836,2024,6,3
240027230,Property Damage Crash,06/08/2024 03:28:00 AM,MIDDLEBROOK RD,NA,Front to Rear,Clear,Dry,Medium,Traffic Control Signal,ALCOHOL PRESENT,Yes,No Apparent Injury,Followed Too Closely,Unknown,MD,Passenger Car,Changing Lanes,40,No,2019,CHRYSLER,300,39.18114,-77.23836,2024,6,3
240027227,Fatal Crash,06/08/2024 01:03:00 AM,FDA BLVD,NA,Single Vehicle,Clear,Dry,Dark,Traffic Control Signal,NONE DETECTED,No,Fatal Injury,NA,Unknown,MD,Motorcycle - 2 Wheeled,Slowing or Stopping,35,No,2007,YAMAHA,YZF-R6,39.04659,-76.95201,2024,6,1
240027214,Property Damage Crash,06/07/2024 10:27:00 PM,NA,NA,Single Vehicle,Clear,Dry,Medium,No Controls,NONE DETECTED,No,NA,NA,NA,NA,Passenger Car,NA,35,No,2023,NISSAN,ALTIMA,39.09035793,-77.05458516,2024,6,22
240027197,Injury Crash,06/07/2024 08:30:00 PM,BILTMORE DR,NA,Front to Front,Clear,Dry,Medium,No Controls,NONE DETECTED,No,Possible Minor Injury,NA,Not Distracted,MD,Passenger Car,Moving Constant Speed,35,No,2017,TOYOTA,VAN,39.01119102,-77.00436379,2024,6,20
240027197,Injury Crash,06/07/2024 08:30:00 PM,BILTMORE DR,NA,Front to Front,Clear,Dry,Medium,No Controls,NONE DETECTED,Yes,No Apparent Injury,Other Improper Action,"Other Action (looking away from task, etc.)",MD,Passenger Car,Moving Constant Speed,35,No,2018,TOYOTA,PRIUS,39.01119102,-77.00436379,2024,6,20
240027192,Injury Crash,06/07/2024 08:10:00 PM,CRYSTAL ROCK DR,NA,Angle,Clear,Dry,Medium,No Controls,NONE DETECTED,No,Possible Minor Injury,NA,Not Distracted,MD,Passenger Car,Moving Constant Speed,45,No,2015,ACURA,TLX,39.1902415,-77.26668917,2024,6,20
240027192,Injury Crash,06/07/2024 08:10:00 PM,CRYSTAL ROCK DR,NA,Angle,Clear,Dry,Medium,Stop Sign,NONE DETECTED,No,No Apparent Injury,NA,Unknown,US,Passenger Car,Turning Right,25,No,2017,NISSAN,ROGUE,39.1902415,-77.26668917,2024,6,20
240027178,Property Damage Crash,06/07/2024 06:24:00 PM,GRANT AVE,Scooter (electric),Single Vehicle,Clear,Dry,Daylight,No Controls,NONE DETECTED,No,No Apparent Injury,Other Improper Action,Not Distracted,DC,Passenger Car,Turning Left,15,No,2024,MINI,COOPER,38.97809118,-77.00623602,2024,6,18
240027172,Injury Crash,06/07/2024 06:08:00 PM,HERMITAGE AVE,NA,Other,Clear,Dry,Daylight,No Controls,NONE DETECTED,No,Possible Minor Injury,NA,Not Distracted,MD,Passenger Car,Moving Constant Speed,25,No,2023,LEXUS,RX,39.04686126,-77.05126064,2024,6,18
240027172,Injury Crash,06/07/2024 06:08:00 PM,HERMITAGE AVE,NA,Other,Clear,Dry,Daylight,Stop Sign,NONE DETECTED,Yes,No Apparent Injury,Failed to Yield Right-of-Way,Unknown,MD,Passenger Car,Moving Constant Speed,25,No,2013,HONDA,ACCORD,39.04686126,-77.05126064,2024,6,18
240027176,Property Damage Crash,06/07/2024 06:06:00 PM,BRADLEY BLVD,NA,"Sideswipe, Same Direction",Clear,Dry,Daylight,Traffic Control Signal,NONE DETECTED,Yes,No Apparent Injury,NA,Unknown,MD,Passenger Car,Moving Constant Speed,35,No,2016,TOYOTA,HIGHLANDER,38.97772276,-77.10056987,2024,6,18
240027173,Property Damage Crash,06/07/2024 06:00:00 PM,NA,NA,Front to Rear,Clear,Dry,Daylight,No Controls,NONE DETECTED,No,No Apparent Injury,NA,Not Distracted,MD,Passenger Car,Slowing or Stopping,40,No,2019,SUBARU,CROSSTREK,39.21777314,-77.25481687,2024,6,18
240027173,Property Damage Crash,06/07/2024 06:00:00 PM,NA,NA,Front to Rear,Clear,Dry,Daylight,No Controls,NONE DETECTED,No,No Apparent Injury,NA,Not Distracted,MD,Passenger Car,Slowing or Stopping,40,No,2013,HONDA,ACCORD,39.21777314,-77.25481687,2024,6,18
240027171,Property Damage Crash,06/07/2024 05:41:00 PM,HUNGERFORD DR (SB/L),NA,Other,Clear,Dry,Daylight,No Controls,NONE DETECTED,No,No Apparent Injury,NA,Not Distracted,MD,Passenger Car,Moving Constant Speed,35,No,2020,NISSAN,SENTRA,39.0902802,-77.15241065,2024,6,17
240027171,Property Damage Crash,06/07/2024 05:41:00 PM,HUNGERFORD DR (SB/L),NA,Other,Clear,Dry,Daylight,Yield Sign,NONE DETECTED,No,No Apparent Injury,Failed to Yield Right-of-Way,Not Distracted,MD,Passenger Car,Making U-Turn,35,No,2020,TOYOTA,CAMRY,39.0902802,-77.15241065,2024,6,17
240027165,Injury Crash,06/07/2024 05:00:00 PM,GREAT SENECA HWY (SB/L),NA,Front to Rear,Clear,Dry,Daylight,Traffic Control Signal,NONE DETECTED,No,No Apparent Injury,NA,Unknown,MD,Passenger Car,Moving Constant Speed,50,No,2004,HONDA,ACCORD,39.12841817,-77.2376075,2024,6,17
240027163,Property Damage Crash,06/07/2024 05:00:00 PM,DEMOCRACY BLVD,NA,Front to Rear,Clear,Dry,Daylight,No Controls,NONE DETECTED,No,No Apparent Injury,NA,Unknown,MD,Passenger Car,Slowing or Stopping,35,No,2022,JEEP,GRAND CHEROKEE,39.02277143,-77.15921303,2024,6,17
240027163,Property Damage Crash,06/07/2024 05:00:00 PM,DEMOCRACY BLVD,NA,Front to Rear,Clear,Dry,Daylight,No Controls,NONE DETECTED,No,No Apparent Injury,NA,Not Distracted,MD,Passenger Car,Slowing or Stopping,35,No,2016,CHEVROLET,SPARK,39.02277143,-77.15921303,2024,6,17
240027163,Property Damage Crash,06/07/2024 05:00:00 PM,DEMOCRACY BLVD,NA,Front to Rear,Clear,Dry,Daylight,No Controls,NONE DETECTED,No,No Apparent Injury,NA,Not Distracted,VA,Passenger Car,Slowing or Stopping,35,No,2021,CHEVROLET,CAMARO,39.02277143,-77.15921303,2024,6,17
240027163,Property Damage Crash,06/07/2024 05:00:00 PM,DEMOCRACY BLVD,NA,Front to Rear,Clear,Dry,Daylight,No Controls,NONE DETECTED,Yes,No Apparent Injury,Failed to Keep in Proper Lane,"Other Action (looking away from task, etc.)",MD,Passenger Car,Changing Lanes,35,No,2018,JEEP,WRANGLER,39.02277143,-77.15921303,2024,6,17
240027165,Injury Crash,06/07/2024 05:00:00 PM,GREAT SENECA HWY (SB/L),NA,Front to Rear,Clear,Dry,Daylight,Traffic Control Signal,NONE DETECTED,No,Possible Minor Injury,NA,Not Distracted,MD,Passenger Car,Stopped in Traffic,50,No,2013,TOYOTA,PRIUS,39.12841817,-77.2376075,2024,6,17
240027160,Property Damage Crash,06/07/2024 04:52:00 PM,QUAIL VALLEY BLVD,NA,"Sideswipe, Opposite Direction",Clear,Dry,Daylight,No Controls,NONE DETECTED,Yes,No Apparent Injury,Other Improper Action,Not Distracted,MD,Passenger Car,Moving Constant Speed,30,No,2020,TOYOTA,COROLLA,39.160585,-77.188115,2024,6,16
240027175,Injury Crash,06/07/2024 04:40:00 PM,NA,NA,Rear To Side,Clear,Dry,Daylight,No Controls,NONE DETECTED,Yes,Possible Minor Injury,NA,Not Distracted,MD,Passenger Car,Making U-Turn,25,No,2015,NISSAN,SENTRA,39.11078311,-76.93359535,2024,6,16
240027175,Injury Crash,06/07/2024 04:40:00 PM,NA,NA,Rear To Side,Clear,Dry,Daylight,No Controls,NONE DETECTED,No,Possible Minor Injury,NA,Not Distracted,MD,Passenger Car,Moving Constant Speed,25,No,2019,HONDA,CIVIC,39.11078311,-76.93359535,2024,6,16
240027154,Property Damage Crash,06/07/2024 04:29:00 PM,16TH ST (SB/L),NA,"Sideswipe, Opposite Direction",Clear,Dry,Daylight,No Controls,NONE DETECTED,No,No Apparent Injury,NA,Unknown,MD,Bus - School,Parked,30,No,2024,THOMAS BUILT,HDX,38.99941325,-77.04002615,2024,6,16
240027154,Property Damage Crash,06/07/2024 04:29:00 PM,16TH ST (SB/L),NA,"Sideswipe, Opposite Direction",Clear,Dry,Daylight,No Controls,NONE DETECTED,No,No Apparent Injury,NA,Unknown,MD,Truck Tractor,Moving Constant Speed,30,No,2022,PETERBILT,579,38.99941325,-77.04002615,2024,6,16
240027154,Property Damage Crash,06/07/2024 04:29:00 PM,16TH ST (SB/L),NA,"Sideswipe, Opposite Direction",Clear,Dry,Daylight,No Controls,NONE DETECTED,Yes,No Apparent Injury,Failed to Yield Right-of-Way,Unknown,MD,Passenger Car,Changing Lanes,30,No,2024,NISSAN,VERSA,38.99941325,-77.04002615,2024,6,16
240027149,Property Damage Crash,06/07/2024 04:20:00 PM,RANDOLPH RD,NA,Front to Rear,Clear,Dry,Daylight,No Controls,NONE DETECTED,Yes,No Apparent Injury,Followed Too Closely,"Other Action (looking away from task, etc.)",US,Passenger Car,Slowing or Stopping,35,No,2017,FORD,TAURUS,39.0581506,-77.05491838,2024,6,16
240027149,Property Damage Crash,06/07/2024 04:20:00 PM,RANDOLPH RD,NA,Front to Rear,Clear,Dry,Daylight,No Controls,NONE DETECTED,No,No Apparent Injury,NA,Not Distracted,MD,Passenger Car,Slowing or Stopping,35,No,2021,VOLKSWAGEN,JETTA,39.0581506,-77.05491838,2024,6,16
240027151,Property Damage Crash,06/07/2024 04:15:00 PM,NA,NA,Front to Rear,Clear,Dry,Daylight,No Controls,NONE DETECTED,No,No Apparent Injury,NA,Not Distracted,MD,Passenger Car,Slowing or Stopping,50,No,2017,TOYOTA,HIGHLANDER,39.13340179,-77.24538283,2024,6,16
240027151,Property Damage Crash,06/07/2024 04:15:00 PM,NA,NA,Front to Rear,Clear,Dry,Daylight,No Controls,NONE DETECTED,Yes,No Apparent Injury,"Followed Too Closely, Too Fast For Conditions",Unknown,MD,Passenger Car,Moving Constant Speed,50,No,2019,NISSAN,SENTRA,39.13340179,-77.24538283,2024,6,16
240027151,Property Damage Crash,06/07/2024 04:15:00 PM,NA,NA,Front to Rear,Clear,Dry,Daylight,No Controls,NONE DETECTED,No,No Apparent Injury,NA,Not Distracted,MD,Passenger Car,Slowing or Stopping,50,No,2015,MERCEDES-BENZ,CLA-CLASS,39.13340179,-77.24538283,2024,6,16
240027151,Property Damage Crash,06/07/2024 04:15:00 PM,NA,NA,Front to Rear,Clear,Dry,Daylight,No Controls,NONE DETECTED,No,No Apparent Injury,NA,Not Distracted,MD,Passenger Car,Slowing or Stopping,50,No,2019,HONDA,HR-V,39.13340179,-77.24538283,2024,6,16
240027144,Property Damage Crash,06/07/2024 03:52:00 PM,UNDERWOOD ST,NA,Front to Rear,Clear,Dry,Daylight,No Controls,NONE DETECTED,No,No Apparent Injury,NA,Not Distracted,MD,Passenger Car,Moving Constant Speed,35,No,2003,HONDA,PILOT,38.98287929,-77.07716933,2024,6,15
240027144,Property Damage Crash,06/07/2024 03:52:00 PM,UNDERWOOD ST,NA,Front to Rear,Clear,Dry,Daylight,No Controls,NONE DETECTED,Yes,No Apparent Injury,Failed to Yield Right-of-Way,Unknown,MD,Passenger Car,Turning Left,35,No,2021,VOLKSWAGEN,PASSAT,38.98287929,-77.07716933,2024,6,15
240027145,Property Damage Crash,06/07/2024 03:43:00 PM,RIDGE RD (SB/L),NA,Front to Rear,Cloudy,Dry,Daylight,No Controls,NONE DETECTED,No,No Apparent Injury,NA,Not Distracted,MD,Sport Utility Vehicle,Slowing or Stopping,40,No,2016,MITSUBISHI,OUTLANDER,39.26257333,-77.22083167,2024,6,15
240027145,Property Damage Crash,06/07/2024 03:43:00 PM,RIDGE RD (SB/L),NA,Front to Rear,Cloudy,Dry,Daylight,No Controls,NONE DETECTED,Yes,No Apparent Injury,Too Fast For Conditions,"Other Action (looking away from task, etc.)",MD,Sport Utility Vehicle,Slowing or Stopping,40,No,2002,TOYOTA,4-RUNNER,39.26257333,-77.22083167,2024,6,15
240027145,Property Damage Crash,06/07/2024 03:43:00 PM,RIDGE RD (SB/L),NA,Front to Rear,Cloudy,Dry,Daylight,No Controls,NONE DETECTED,No,No Apparent Injury,NA,Not Distracted,MD,Passenger Car,Slowing or Stopping,40,No,2015,CHEVROLET,MALIBU,39.26257333,-77.22083167,2024,6,15
240027146,Property Damage Crash,06/07/2024 03:36:00 PM,COLESVILLE RD,NA,"Sideswipe, Same Direction",Clear,Dry,Daylight,No Controls,NONE DETECTED,No,No Apparent Injury,NA,Not Distracted,MD,Pickup,Changing Lanes,35,No,2020,FORD,F-150,39.01219232,-77.01682529,2024,6,15
240027146,Property Damage Crash,06/07/2024 03:36:00 PM,COLESVILLE RD,NA,"Sideswipe, Same Direction",Clear,Dry,Daylight,No Controls,NONE DETECTED,No,No Apparent Injury,NA,Not Distracted,MD,Passenger Car,Changing Lanes,35,No,2023,HYUNDAI,ELANTRA,39.01219232,-77.01682529,2024,6,15
240027136,Property Damage Crash,06/07/2024 03:00:00 PM,NA,NA,Rear To Side,Clear,NA,Daylight,NA,NONE DETECTED,Yes,No Apparent Injury,Improper Backing,Unknown,MD,Passenger Car,Backing,0,No,2016,HONDA,CIVIC,39.02114226,-77.0150971,2024,6,15
240027136,Property Damage Crash,06/07/2024 03:00:00 PM,NA,NA,Rear To Side,Clear,NA,Daylight,NA,NONE DETECTED,No,No Apparent Injury,NA,Not Distracted,MD,Van - Passenger (&lt;9 Seats),Moving Constant Speed,0,No,2017,FORD,UNKNOWN,39.02114226,-77.0150971,2024,6,15
240027122,Property Damage Crash,06/07/2024 01:31:00 PM,NA,NA,"Sideswipe, Opposite Direction",Clear,Dry,Daylight,No Controls,NONE DETECTED,No,No Apparent Injury,NA,NA,NA,Pickup,Moving Constant Speed,35,No,2003,DODGE,UNKNOWN,38.99279703,-77.06603637,2024,6,13
240027122,Property Damage Crash,06/07/2024 01:31:00 PM,NA,NA,"Sideswipe, Opposite Direction",Clear,Dry,Daylight,No Controls,NONE DETECTED,No,No Apparent Injury,NA,Not Distracted,MD,Pickup,Stopped in Traffic,35,No,2004,FORD,F-250,38.99279703,-77.06603637,2024,6,13
240027120,Injury Crash,06/07/2024 12:59:00 PM,RIDGE RD,NA,Single Vehicle,Clear,Dry,Daylight,No Controls,NONE DETECTED,Yes,Possible Minor Injury,NA,Not Distracted,MD,Passenger Car,Slowing or Stopping,35,No,2018,DODGE,JOURNEY,39.27133048,-77.21643974,2024,6,12
240027107,Property Damage Crash,06/07/2024 12:37:00 PM,NA,NA,Single Vehicle,Clear,NA,Daylight,NA,NONE DETECTED,Yes,No Apparent Injury,Ran Off Roadway,Unknown,MD,Passenger Car,Slowing or Stopping,0,No,2024,TOYOTA,RAV4,39.15820298,-77.20596966,2024,6,12
240027121,Property Damage Crash,06/07/2024 12:08:00 PM,NA,NA,Angle,Clear,NA,Daylight,NA,NONE DETECTED,No,NA,NA,NA,NA,Passenger Car,Turning Left,0,No,2009,LEXUS,ES,38.98500892,-77.08819638,2024,6,12
240027101,Property Damage Crash,06/07/2024 11:30:00 AM,NA,NA,Front to Rear,Clear,NA,Daylight,NA,NONE DETECTED,No,No Apparent Injury,"Operated Motor Vehicle in Inattentive, Careless, Negligent, or Erratic Manner",Not Distracted,MD,Bus - School,Backing,0,No,2022,THOMAS BUILT,SCHOOL BUS,39.05395511,-76.96493287,2024,6,11
240027092,Property Damage Crash,06/07/2024 11:19:00 AM,LEWIS AVE,NA,"Sideswipe, Same Direction",Clear,Dry,Daylight,No Controls,NONE DETECTED,No,NA,NA,NA,NA,Passenger Car,NA,25,No,2013,TOYOTA,HIGHLANDER,39.06823922,-77.12642115,2024,6,11
240027084,Property Damage Crash,06/07/2024 10:29:00 AM,MORAY RD,NA,Front to Rear,Clear,Dry,Daylight,No Controls,NONE DETECTED,No,No Apparent Injury,NA,Unknown,MD,Passenger Car,Backing,25,No,2018,FORD,F-150,39.06816371,-77.07931472,2024,6,10
240027079,Injury Crash,06/07/2024 10:18:00 AM,GERMANTOWN RD,NA,"Sideswipe, Opposite Direction",Clear,Dry,Daylight,No Controls,NONE DETECTED,No,Suspected Serious Injury,NA,Not Distracted,MD,Other Trucks,Moving Constant Speed,40,No,2021,ISUZU,4000 SERIES MEDIUM DUTY,39.18753443,-77.25240234,2024,6,10
240027079,Injury Crash,06/07/2024 10:18:00 AM,GERMANTOWN RD,NA,"Sideswipe, Opposite Direction",Clear,Dry,Daylight,No Controls,NONE DETECTED,Yes,Suspected Serious Injury,"Over-Correcting/Over-Steering, Swerved or Avoided Due to Wind, Slippery Surface, Motor Vehicle, Object, Non-Motorist in Roadway, etc",Not Distracted,MD,Passenger Car,Moving Constant Speed,40,No,2009,TOYOTA,COROLLA,39.18753443,-77.25240234,2024,6,10
240027078,Injury Crash,06/07/2024 10:10:00 AM,SHADY GROVE RD,Occupant Of a Non-Motor Vehicle Transportation Device,Single Vehicle,Clear,Dry,Daylight,No Controls,NONE DETECTED,Yes,No Apparent Injury,"Swerved or Avoided Due to Wind, Slippery Surface, Motor Vehicle, Object, Non-Motorist in Roadway, etc",Unknown,MD,Passenger Car,Moving Constant Speed,40,No,2011,HONDA,ACCORD,39.12839914,-77.16881396,2024,6,10
240027093,Property Damage Crash,06/07/2024 10:05:00 AM,BRINK RD,NA,"Sideswipe, Same Direction",Clear,Dry,Daylight,Stop Sign,NONE DETECTED,No,NA,NA,NA,NA,Sport Utility Vehicle,Turning Left,35,No,2004,MITSUBISHI,TRUCK,39.20695549,-77.21808814,2024,6,10
240027093,Property Damage Crash,06/07/2024 10:05:00 AM,BRINK RD,NA,"Sideswipe, Same Direction",Clear,Dry,Daylight,Stop Sign,NONE DETECTED,No,No Apparent Injury,NA,Not Distracted,MD,Passenger Car,Turning Left,35,No,2004,BMW,S 1000 RR,39.20695549,-77.21808814,2024,6,10
240027071,Property Damage Crash,06/07/2024 09:37:00 AM,NA,NA,Single Vehicle,Clear,NA,Daylight,NA,NONE DETECTED,Yes,No Apparent Injury,NA,Unknown,MD,Passenger Car,Slowing or Stopping,0,No,2013,CHEVROLET,MALIBU,39.04613461,-77.10336883,2024,6,9
240027068,Property Damage Crash,06/07/2024 09:05:00 AM,NA,NA,"Sideswipe, Opposite Direction",Clear,Dry,Daylight,"Person (including flagger, law enforcement, crossing guard, etc.",NONE DETECTED,Yes,No Apparent Injury,Improper Turn,Unknown,MD,Sport Utility Vehicle,Turning Left,30,No,2024,MERCEDES-BENZ,GLC-CLASS,39.00321933,-77.13513,2024,6,9
240027068,Property Damage Crash,06/07/2024 09:05:00 AM,NA,NA,"Sideswipe, Opposite Direction",Clear,Dry,Daylight,"Person (including flagger, law enforcement, crossing guard, etc.",NONE DETECTED,No,No Apparent Injury,NA,Not Distracted,MD,Sport Utility Vehicle,Slowing or Stopping,30,No,2015,INFINITI,QX30,39.00321933,-77.13513,2024,6,9
240027065,Property Damage Crash,06/07/2024 08:36:00 AM,OLD GEORGETOWN RD (SB/L),NA,Front to Rear,Clear,Dry,Daylight,No Controls,NONE DETECTED,Yes,No Apparent Injury,Too Fast For Conditions,Not Distracted,DC,Other,Moving Constant Speed,35,No,2020,FREIGHTLINER,EM2 106,39.01109667,-77.11586467,2024,6,8
240027065,Property Damage Crash,06/07/2024 08:36:00 AM,OLD GEORGETOWN RD (SB/L),NA,Front to Rear,Clear,Dry,Daylight,No Controls,NONE DETECTED,No,No Apparent Injury,NA,Not Distracted,MD,Sport Utility Vehicle,Stopped in Traffic,30,No,2016,ACURA,RDX,39.01109667,-77.11586467,2024,6,8
240027066,Property Damage Crash,06/07/2024 08:00:00 AM,RIDING STABLE RD,NA,Angle,Clear,Dry,Daylight,Stop Sign,NONE DETECTED,No,No Apparent Injury,Failed to Yield Right-of-Way,Not Distracted,MD,Passenger Car,Turning Left,30,No,2009,HONDA,CR-V,39.10532314,-76.91075256,2024,6,8
240027066,Property Damage Crash,06/07/2024 08:00:00 AM,RIDING STABLE RD,NA,Angle,Clear,Dry,Daylight,No Controls,NONE DETECTED,No,No Apparent Injury,NA,Not Distracted,MD,Passenger Car,Slowing or Stopping,40,No,2006,TOYOTA,COROLLA,39.10532314,-76.91075256,2024,6,8
240027061,Property Damage Crash,06/07/2024 07:28:00 AM,OXBRIDGE DR,NA,Angle,Clear,Dry,Daylight,No Controls,NONE DETECTED,No,No Apparent Injury,Failed to Yield Right-of-Way,Not Distracted,MD,Passenger Car,Turning Left,40,No,2015,TOYOTA,RAV4,39.19002266,-77.24153085,2024,6,7
240027061,Property Damage Crash,06/07/2024 07:28:00 AM,OXBRIDGE DR,NA,Angle,Clear,Dry,Daylight,No Controls,NONE DETECTED,No,No Apparent Injury,NA,Not Distracted,MD,Pickup,Moving Constant Speed,40,No,2013,FORD,F-350,39.19002266,-77.24153085,2024,6,7
240027052,Injury Crash,06/07/2024 05:37:00 AM,TAMARACK RD,Pedestrian,Single Vehicle,Clear,Wet,Medium,Traffic Control Signal,NONE DETECTED,Yes,No Apparent Injury,Failed to Yield Right-of-Way,Not Distracted,MD,Passenger Car,Turning Left,35,No,2018,TOYOTA,HIGHLANDER,39.0677689,-76.98574508,2024,6,5
240027205,Property Damage Crash,06/07/2024 02:00:00 AM,VEIRS MILL RD,NA,Front to Rear,Clear,Dry,Medium,No Controls,NONE DETECTED,No,No Apparent Injury,Other Improper Action,Not Distracted,MD,Pickup,Slowing or Stopping,40,No,2008,TOYOTA,UNKNOWN,39.07868139,-77.13193896,2024,6,2
240027205,Property Damage Crash,06/07/2024 02:00:00 AM,VEIRS MILL RD,NA,Front to Rear,Clear,Dry,Medium,No Controls,NONE DETECTED,Yes,No Apparent Injury,"Followed Too Closely, Operated Motor Vehicle in Inattentive, Careless, Negligent, or Erratic Manner, Too Fast For Conditions",Unknown,MD,Passenger Car,Accelerating,40,No,2022,HONDA,ACCORD,39.07868139,-77.13193896,2024,6,2