Local Case Number,ACRS Report Type,Crash Date/Time,Road Name,Related Non-Motorist,Collision Type,Weather,Surface Condition,Light,Traffic Control,Driver Substance Abuse,Driver At Fault,Injury Severity,Circumstance,Driver Distracted By,Drivers License State,Vehicle Body Type,Vehicle Movement,Speed Limit,Driverless Vehicle,Vehicle Year,Vehicle Make,Vehicle Model,Latitude,Longitude,Year,Month,Hour
240027030,Property Damage Crash,06/06/2024 09:47:00 PM,CONNECTICUT AVE (SB/L),NA,Front to Rear,Rain,Wet,Medium,Traffic Control Signal,NONE DETECTED,No,No Apparent Injury,"Swerved or Avoided Due to Wind, Slippery Surface, Motor Vehicle, Object, Non-Motorist in Roadway, etc",Not Distracted,DC,Sport Utility Vehicle,Slowing or Stopping,35,No,2019,LEXUS,RX,39.038855,-77.075795,2024,6,21
240027030,Property Damage Crash,06/06/2024 09:47:00 PM,CONNECTICUT AVE (SB/L),NA,Front to Rear,Rain,Wet,Medium,Traffic Control Signal,NONE DETECTED,Yes,No Apparent Injury,Too Fast For Conditions,Not Distracted,MD,Van - Passenger (&lt;9 Seats),Moving Constant Speed,35,No,2005,TOYOTA,SIENNA,39.038855,-77.075795,2024,6,21
240027023,Injury Crash,06/06/2024 09:07:00 PM,NA,Pedestrian,Single Vehicle,Clear,NA,Medium,NA,NONE DETECTED,Yes,No Apparent Injury,Failed to Yield Right-of-Way,"Other Action (looking away from task, etc.)",VA,Passenger Car,Turning Left,0,No,2023,CHEVROLET,MALIBU,39.19832197,-77.25103668,2024,6,21
240027033,Property Damage Crash,06/06/2024 09:05:00 PM,CONNECTICUT AVE (SB/L),NA,"Sideswipe, Same Direction",Clear,Dry,Medium,No Controls,NONE DETECTED,No,No Apparent Injury,NA,Unknown,NA,Pickup,NA,35,No,2012,RAM,1500,39.0305661,-77.07563846,2024,6,21
240027033,Property Damage Crash,06/06/2024 09:05:00 PM,CONNECTICUT AVE (SB/L),NA,"Sideswipe, Same Direction",Clear,Dry,Medium,No Controls,NONE DETECTED,No,No Apparent Injury,NA,Unknown,MD,Passenger Car,NA,35,No,2018,AUDI,A6,39.0305661,-77.07563846,2024,6,21
240027014,Property Damage Crash,06/06/2024 08:00:00 PM,FREDERICK RD (SB/L),NA,Front to Rear,Clear,Dry,Daylight,No Controls,NONE DETECTED,No,No Apparent Injury,NA,Not Distracted,MD,Passenger Car,Stopped in Traffic,45,No,2015,HONDA,CIVIC,39.17177118,-77.23613457,2024,6,20
240027014,Property Damage Crash,06/06/2024 08:00:00 PM,FREDERICK RD (SB/L),NA,Front to Rear,Clear,Dry,Daylight,Traffic Control Signal,NONE DETECTED,Yes,No Apparent Injury,Too Fast For Conditions,Unknown,MD,Passenger Car,Slowing or Stopping,45,No,2015,MERCEDES-BENZ,C-CLASS,39.17177118,-77.23613457,2024,6,20
240027017,Property Damage Crash,06/06/2024 06:57:00 PM,NA,NA,Front to Rear,Clear,Dry,Daylight,No Controls,NONE DETECTED,No,NA,NA,NA,NA,Sport Utility Vehicle,Moving Constant Speed,30,No,2018,HONDA,CR-V,39.14891722,-77.02204798,2024,6,18
240027017,Property Damage Crash,06/06/2024 06:57:00 PM,NA,NA,Front to Rear,Clear,Dry,Daylight,No Controls,NONE DETECTED,No,No Apparent Injury,NA,Not Distracted,MD,Passenger Car,Accelerating,30,No,2016,MAZDA,MAZDA3,39.14891722,-77.02204798,2024,6,18
240026987,Property Damage Crash,06/06/2024 06:20:00 PM,WATKINS MILL RD,NA,"Sideswipe, Same Direction",Clear,Dry,Daylight,No Controls,NONE DETECTED,No,No Apparent Injury,"Followed Too Closely, Other Improper Action","Other Action (looking away from task, etc.)",MD,Sport Utility Vehicle,Moving Constant Speed,35,No,2021,BMW,X7,39.1868625,-77.2143965,2024,6,18
240026987,Property Damage Crash,06/06/2024 06:20:00 PM,WATKINS MILL RD,NA,"Sideswipe, Same Direction",Clear,Dry,Daylight,No Controls,NONE DETECTED,No,No Apparent Injury,NA,Not Distracted,MD,Sport Utility Vehicle,Slowing or Stopping,35,No,2019,TOYOTA,RAV4,39.1868625,-77.2143965,2024,6,18
240027004,Property Damage Crash,06/06/2024 06:09:00 PM,BOU AVE,NA,Front to Rear,Rain,Wet,Daylight,No Controls,NONE DETECTED,No,No Apparent Injury,NA,Not Distracted,MD,Passenger Car,Stopped in Traffic,30,No,2014,HONDA,ACCORD,39.05447048,-77.11203881,2024,6,18
240027004,Property Damage Crash,06/06/2024 06:09:00 PM,BOU AVE,NA,Front to Rear,Rain,Wet,Daylight,No Controls,ALCOHOL PRESENT,No,No Apparent Injury,NA,Unknown,NA,Passenger Car,Moving Constant Speed,30,No,2006,KIA,OPTIMA,39.05447048,-77.11203881,2024,6,18
240026980,Property Damage Crash,06/06/2024 05:43:00 PM,MONTROSE PKWY,NA,Other,Cloudy,Wet,Daylight,No Controls,NONE DETECTED,No,No Apparent Injury,NA,Unknown,MD,Passenger Car,Moving Constant Speed,30,No,2015,LEXUS,ES,39.05086249,-77.12891636,2024,6,17
240026980,Property Damage Crash,06/06/2024 05:43:00 PM,MONTROSE PKWY,NA,Other,Cloudy,Wet,Daylight,No Controls,NONE DETECTED,No,No Apparent Injury,"Followed Too Closely, Too Fast For Conditions",Unknown,MD,Sport Utility Vehicle,Changing Lanes,30,No,2021,HYUNDAI,TUCSON,39.05086249,-77.12891636,2024,6,17
240026982,Property Damage Crash,06/06/2024 05:40:00 PM,PARKLAWN DR,NA,Front to Rear,Rain,Wet,Daylight,Traffic Control Signal,NONE DETECTED,Yes,No Apparent Injury,Ran Red Light,Unknown,MD,Passenger Car,Moving Constant Speed,35,No,2019,DODGE,CHARGER,39.05361614,-77.10675912,2024,6,17
240026982,Property Damage Crash,06/06/2024 05:40:00 PM,PARKLAWN DR,NA,Front to Rear,Rain,Wet,Daylight,Traffic Control Signal,NONE DETECTED,No,No Apparent Injury,NA,Not Distracted,MD,Passenger Car,Moving Constant Speed,35,No,2003,BUICK,ENCLAVE,39.05361614,-77.10675912,2024,6,17
240026984,Property Damage Crash,06/06/2024 05:35:00 PM,ROCKVILLE PIKE,NA,Angle,Rain,Wet,Daylight,No Controls,NONE DETECTED,No,No Apparent Injury,NA,Unknown,MD,Passenger Car,Moving Constant Speed,35,No,2016,CHEVROLET,CRUZE,39.07674173,-77.13880953,2024,6,17
240026984,Property Damage Crash,06/06/2024 05:35:00 PM,ROCKVILLE PIKE,NA,Angle,Rain,Wet,Daylight,No Controls,NONE DETECTED,Yes,No Apparent Injury,NA,Unknown,MD,Passenger Car,Changing Lanes,35,No,2007,MERCEDES-BENZ,E-CLASS,39.07674173,-77.13880953,2024,6,17
240026983,Injury Crash,06/06/2024 05:33:00 PM,NEBEL ST,NA,Angle,Rain,Wet,Daylight,Traffic Control Signal,NONE DETECTED,No,No Apparent Injury,NA,Not Distracted,MD,Pickup,Moving Constant Speed,35,No,2014,FORD,E-250,39.05320012,-77.11088185,2024,6,17
240026983,Injury Crash,06/06/2024 05:33:00 PM,NEBEL ST,NA,Angle,Rain,Wet,Daylight,Traffic Control Signal,NONE DETECTED,Yes,No Apparent Injury,"Disregarded Other Traffic Sign, Failed to Yield Right-of-Way, Ran Red Light, Too Fast For Conditions","Other Action (looking away from task, etc.)",MD,Passenger Car,Moving Constant Speed,35,No,2019,DODGE,CHALLENGER,39.05320012,-77.11088185,2024,6,17
240026983,Injury Crash,06/06/2024 05:33:00 PM,NEBEL ST,NA,Angle,Rain,Wet,Daylight,Traffic Control Signal,NONE DETECTED,No,No Apparent Injury,NA,Not Distracted,MD,Passenger Car,Moving Constant Speed,35,No,2018,HYUNDAI,SONATA,39.05320012,-77.11088185,2024,6,17
240026983,Injury Crash,06/06/2024 05:33:00 PM,NEBEL ST,NA,Angle,Rain,Wet,Daylight,Traffic Control Signal,NONE DETECTED,No,Possible Minor Injury,NA,Not Distracted,MD,Pickup,Moving Constant Speed,35,No,2016,TOYOTA,COROLLA,39.05320012,-77.11088185,2024,6,17
240026977,Property Damage Crash,06/06/2024 05:30:00 PM,MONTGOMERY VILLAGE AVE (SB/L),NA,Front to Rear,Clear,Wet,Daylight,Pedestrian Crossing Sign,NONE DETECTED,No,No Apparent Injury,NA,Not Distracted,MD,Passenger Car,Stopped in Traffic,35,No,2022,LEXUS,UX,39.16803522,-77.2049859,2024,6,17
240026977,Property Damage Crash,06/06/2024 05:30:00 PM,MONTGOMERY VILLAGE AVE (SB/L),NA,Front to Rear,Clear,Wet,Daylight,Pedestrian Crossing Sign,NONE DETECTED,No,No Apparent Injury,Too Fast For Conditions,Unknown,MD,Sport Utility Vehicle,Moving Constant Speed,35,No,2017,INFINITI,QX50,39.16803522,-77.2049859,2024,6,17
240026970,Property Damage Crash,06/06/2024 04:45:00 PM,CENTERWAY RD (WB/L),NA,Angle,Clear,Wet,Daylight,Traffic Control Signal,NONE DETECTED,No,No Apparent Injury,Ran Red Light,Unknown,MD,Passenger Car,Moving Constant Speed,35,No,2015,HONDA,CIVIC,39.17250412,-77.20143208,2024,6,16
240026970,Property Damage Crash,06/06/2024 04:45:00 PM,CENTERWAY RD (WB/L),NA,Angle,Clear,Wet,Daylight,Traffic Control Signal,NONE DETECTED,No,No Apparent Injury,NA,Not Distracted,MD,Passenger Car,Turning Left,35,No,2009,HONDA,CIVIC,39.17250412,-77.20143208,2024,6,16
240026971,Injury Crash,06/06/2024 04:43:00 PM,MANNAKEE ST,NA,"Sideswipe, Same Direction",Rain,Wet,Daylight,No Controls,NONE DETECTED,No,Possible Minor Injury,NA,Not Distracted,MD,Sport Utility Vehicle,Moving Constant Speed,25,No,2019,SUBARU,CROSSTREK,39.09032267,-77.16626633,2024,6,16
240026968,Property Damage Crash,06/06/2024 04:36:00 PM,TWINBROOK PKWY,NA,Front to Rear,Clear,Wet,Daylight,No Controls,NONE DETECTED,No,No Apparent Injury,NA,Not Distracted,MD,Passenger Car,Stopped in Traffic,30,No,2023,TOYOTA,CAMRY,39.07813137,-77.11233058,2024,6,16
240026968,Property Damage Crash,06/06/2024 04:36:00 PM,TWINBROOK PKWY,NA,Front to Rear,Clear,Wet,Daylight,No Controls,NONE DETECTED,Yes,No Apparent Injury,NA,Not Distracted,MD,Sport Utility Vehicle,Moving Constant Speed,30,No,2009,HONDA,CR-V,39.07813137,-77.11233058,2024,6,16
240026949,Property Damage Crash,06/06/2024 03:30:00 PM,GERMANTOWN RD (SB/L),NA,Front to Rear,Rain,Wet,Daylight,Traffic Control Signal,NONE DETECTED,No,No Apparent Injury,NA,Not Distracted,MD,Passenger Car,Slowing or Stopping,40,No,2007,INFINITI,M35,39.18128796,-77.26209188,2024,6,15
240026949,Property Damage Crash,06/06/2024 03:30:00 PM,GERMANTOWN RD (SB/L),NA,Front to Rear,Rain,Wet,Daylight,Traffic Control Signal,NONE DETECTED,Yes,No Apparent Injury,"Swerved or Avoided Due to Wind, Slippery Surface, Motor Vehicle, Object, Non-Motorist in Roadway, etc",Not Distracted,MD,Passenger Car,Accelerating,40,No,2016,FORD,TAURUS,39.18128796,-77.26209188,2024,6,15
240026944,Property Damage Crash,06/06/2024 02:46:00 PM,RIVER RD (WB/L),NA,Other,Cloudy,Dry,Daylight,No Controls,NONE DETECTED,No,No Apparent Injury,NA,Not Distracted,MD,Other,Stopped in Traffic,35,No,2019,CHEVROLET,EXPRESS,38.98530317,-77.14113,2024,6,14
240026944,Property Damage Crash,06/06/2024 02:46:00 PM,RIVER RD (WB/L),NA,Other,Cloudy,Dry,Daylight,No Controls,NONE DETECTED,Yes,No Apparent Injury,Followed Too Closely,Unknown,MD,Van - Passenger (&lt;9 Seats),Moving Constant Speed,35,No,2013,HONDA,ODYSSEY,38.98530317,-77.14113,2024,6,14
240026920,Property Damage Crash,06/06/2024 12:07:00 PM,HENDERSON AVE,NA,"Sideswipe, Same Direction",Clear,Dry,Daylight,No Controls,NONE DETECTED,Yes,No Apparent Injury,"Failed to Keep in Proper Lane, Over-Correcting/Over-Steering",Not Distracted,MD,Sport Utility Vehicle,Moving Constant Speed,25,No,2010,HONDA,CR-V,39.05152061,-77.05433855,2024,6,12
240026910,Injury Crash,06/06/2024 11:15:00 AM,GREAT SENECA HWY,NA,Front to Rear,Clear,Dry,Daylight,No Controls,NONE DETECTED,No,Possible Minor Injury,NA,Not Distracted,MD,Passenger Car,Moving Constant Speed,50,No,2017,HYUNDAI,ELANTRA,39.109898,-77.21668267,2024,6,11
240026910,Injury Crash,06/06/2024 11:15:00 AM,GREAT SENECA HWY,NA,Front to Rear,Clear,Dry,Daylight,No Controls,NONE DETECTED,No,Possible Minor Injury,NA,Not Distracted,MD,Station Wagon,Slowing or Stopping,50,No,2007,VOLVO,740 SERIES,39.109898,-77.21668267,2024,6,11
240026908,Property Damage Crash,06/06/2024 11:07:00 AM,ASPEN HILL RD,NA,Angle,Cloudy,Dry,Daylight,Traffic Control Signal,NONE DETECTED,No,No Apparent Injury,NA,Not Distracted,MD,Passenger Car,Entering Traffic Lane,30,No,2010,HONDA,ACCORD,39.08022591,-77.08039213,2024,6,11
240026908,Property Damage Crash,06/06/2024 11:07:00 AM,ASPEN HILL RD,NA,Angle,Cloudy,Dry,Daylight,Traffic Control Signal,NONE DETECTED,Yes,No Apparent Injury,NA,Not Distracted,MD,Passenger Car,Moving Constant Speed,35,No,2007,HONDA,ACCORD,39.08022591,-77.08039213,2024,6,11
24001080,Property Damage Crash,06/06/2024 10:10:00 AM,NA,NA,Front to Rear,Cloudy,NA,Daylight,NA,NONE DETECTED,No,NA,NA,NA,NA,Sport Utility Vehicle,NA,0,No,0,NA,NA,39.21335194,-77.28062253,2024,6,10
240026900,Injury Crash,06/06/2024 09:45:00 AM,BLACKWELL RD,NA,Angle,Clear,Dry,Daylight,Traffic Control Signal,NONE DETECTED,No,No Apparent Injury,NA,Not Distracted,MD,Sport Utility Vehicle,Turning Right,25,No,2021,TOYOTA,UNKNOWN,39.100913,-77.19176867,2024,6,9
240026900,Injury Crash,06/06/2024 09:45:00 AM,BLACKWELL RD,NA,Angle,Clear,Dry,Daylight,Traffic Control Signal,NONE DETECTED,Yes,No Apparent Injury,Failed to Yield Right-of-Way,Unknown,MD,Sport Utility Vehicle,Turning Left,30,No,2009,LEXUS,RX,39.100913,-77.19176867,2024,6,9
240026900,Injury Crash,06/06/2024 09:45:00 AM,BLACKWELL RD,NA,Angle,Clear,Dry,Daylight,Traffic Control Signal,NONE DETECTED,No,Possible Minor Injury,NA,Not Distracted,MD,Sport Utility Vehicle,Moving Constant Speed,30,No,2014,BMW,X3,39.100913,-77.19176867,2024,6,9
240026896,Injury Crash,06/06/2024 09:38:00 AM,NA,Scooter (non-Electric),Single Vehicle,Clear,Dry,Daylight,Stop Sign,NONE DETECTED,No,NA,NA,NA,NA,Passenger Car,Turning Right,25,No,0,NA,NA,39.09035726,-77.05366061,2024,6,9
240026887,Property Damage Crash,06/06/2024 08:15:00 AM,ROCKVILLE PIKE,NA,Angle,Clear,Dry,Daylight,Traffic Control Signal,NONE DETECTED,No,No Apparent Injury,NA,Not Distracted,MD,Passenger Car,Moving Constant Speed,35,No,2024,TOYOTA,CAMRY,39.00466667,-77.097185,2024,6,8
240026887,Property Damage Crash,06/06/2024 08:15:00 AM,ROCKVILLE PIKE,NA,Angle,Clear,Dry,Daylight,Lane Use Control Signal,NONE DETECTED,Yes,No Apparent Injury,NA,Not Distracted,FL,Sport Utility Vehicle,Turning Left,35,No,2021,NISSAN,PATHFINDER,39.00466667,-77.097185,2024,6,8
240026879,Injury Crash,06/06/2024 05:22:00 AM,NA,Pedestrian,Unknown,Clear,NA,Dark,NA,NONE DETECTED,No,No Apparent Injury,Failed to Yield Right-of-Way,Not Distracted,MD,Passenger Car,Entering Traffic Lane,0,No,2017,MAZDA,CX-5,38.97583083,-76.99340711,2024,6,5
240026860,Property Damage Crash,06/05/2024 09:00:00 PM,GEORGIA AVE,NA,Front to Rear,Clear,Dry,Medium,Traffic Control Signal,NONE DETECTED,No,No Apparent Injury,NA,Not Distracted,MD,Passenger Car,Stopped in Traffic,25,No,2018,TOYOTA,CAMRY,39.04305018,-77.05229339,2024,6,21
240026860,Property Damage Crash,06/05/2024 09:00:00 PM,GEORGIA AVE,NA,Front to Rear,Clear,Dry,Medium,Traffic Control Signal,NONE DETECTED,No,No Apparent Injury,NA,Unknown,MD,Passenger Car,Moving Constant Speed,25,No,1995,TOYOTA,CAMRY,39.04305018,-77.05229339,2024,6,21
240026855,Property Damage Crash,06/05/2024 08:30:00 PM,HUTTON ST,NA,Single Vehicle,Cloudy,"Mud, Dirt, Gravel",Daylight,No Controls,NONE DETECTED,No,No Apparent Injury,NA,Not Distracted,MD,Sport Utility Vehicle,NA,20,No,2016,CHEVROLET,TAHOE,39.13888408,-77.18697605,2024,6,20
240026843,Property Damage Crash,06/05/2024 08:00:00 PM,MACARTHUR BLVD,NA,Single Vehicle,Rain,Wet,Medium,No Controls,NONE DETECTED,No,No Apparent Injury,"Failed to Keep in Proper Lane, Too Fast For Conditions",Not Distracted,MD,Sport Utility Vehicle,Moving Constant Speed,35,No,2003,TOYOTA,4-RUNNER,38.9907094,-77.22651343,2024,6,20
240026845,Injury Crash,06/05/2024 07:40:00 PM,WISCONSIN AVE,NA,Front to Rear,Cloudy,Dry,Daylight,Traffic Control Signal,NONE DETECTED,Yes,No Apparent Injury,NA,Not Distracted,MD,Passenger Car,Moving Constant Speed,25,No,2018,DODGE,CHARGER,38.99046686,-77.09548317,2024,6,19
240026845,Injury Crash,06/05/2024 07:40:00 PM,WISCONSIN AVE,NA,Front to Rear,Cloudy,Dry,Daylight,Traffic Control Signal,NONE DETECTED,No,Possible Minor Injury,NA,Not Distracted,MD,Passenger Car,Slowing or Stopping,25,No,2008,TOYOTA,PRIUS,38.99046686,-77.09548317,2024,6,19
240026831,Injury Crash,06/05/2024 06:20:00 PM,CLOVERLEAF CENTER DR (EB/L),NA,Front to Rear,Rain,Wet,Daylight,Stop Sign,NONE DETECTED,Yes,No Apparent Injury,NA,Not Distracted,MD,Passenger Car,Moving Constant Speed,45,No,2024,CHEVROLET,TRAX,39.19014674,-77.26647196,2024,6,18
240026831,Injury Crash,06/05/2024 06:20:00 PM,CLOVERLEAF CENTER DR (EB/L),NA,Front to Rear,Rain,Wet,Daylight,No Controls,NONE DETECTED,No,No Apparent Injury,NA,Not Distracted,MD,Passenger Car,Moving Constant Speed,45,No,2011,TOYOTA,CAMRY,39.19014674,-77.26647196,2024,6,18
240027994,Property Damage Crash,06/05/2024 05:51:00 PM,LEWIS DR,NA,Single Vehicle,Cloudy,Wet,Daylight,Traffic Control Signal,NONE DETECTED,Yes,No Apparent Injury,"Disregard Officer Directions, Disregarded Other Road Markings, Disregarded Other Traffic Sign, Failed to Keep in Proper Lane, Failed to Yield Right-of-Way, Followed Too Closely, Improper Passing, Improper Turn, Operated Motor Vehicle in Inattentive, Careless, Negligent, or Erratic Manner, Operated Motor Vehicle in Reckless or Aggressive Manner, Other Improper Action, Too Fast For Conditions, Wrong Side, Wrong Way",Not Distracted,MD,Passenger Car,Accelerating,30,No,2012,BMW,550I,39.28844159,-77.20606967,2024,6,17
240026828,Property Damage Crash,06/05/2024 05:19:00 PM,NA,NA,Other,Cloudy,NA,Daylight,NA,NONE DETECTED,No,No Apparent Injury,NA,Not Distracted,NV,Passenger Car,Moving Constant Speed,0,No,2022,CHEVROLET,SPARK,39.02294495,-77.14877446,2024,6,17
240026828,Property Damage Crash,06/05/2024 05:19:00 PM,NA,NA,Other,Cloudy,NA,Daylight,NA,NONE DETECTED,Yes,No Apparent Injury,Failed to Yield Right-of-Way,Unknown,OH,Passenger Car,Entering Traffic Lane,0,No,2021,PORSCHE,TAYCAN,39.02294495,-77.14877446,2024,6,17
240026821,Property Damage Crash,06/05/2024 05:10:00 PM,NA,NA,"Sideswipe, Same Direction",Rain,Wet,Daylight,Traffic Control Signal,NONE DETECTED,No,No Apparent Injury,NA,Not Distracted,MD,Bus - Transit,Slowing or Stopping,35,No,2013,NEW FLYER,TRANSIT BUS,38.9870385,-77.02659217,2024,6,17
240026821,Property Damage Crash,06/05/2024 05:10:00 PM,NA,NA,"Sideswipe, Same Direction",Rain,Wet,Daylight,Traffic Control Signal,NONE DETECTED,Yes,No Apparent Injury,Failed to Yield Right-of-Way,Unknown,MD,Passenger Car,Changing Lanes,35,No,2013,TOYOTA,PRIUS,38.9870385,-77.02659217,2024,6,17
240026826,Property Damage Crash,06/05/2024 04:49:00 PM,ROCKVILLE PIKE,NA,"Sideswipe, Same Direction",Rain,Wet,Daylight,No Controls,NONE DETECTED,No,No Apparent Injury,NA,Not Distracted,FL,Sport Utility Vehicle,Changing Lanes,40,No,2021,MERCEDES-BENZ,AMG GT,39.04098867,-77.1097926,2024,6,16
240026826,Property Damage Crash,06/05/2024 04:49:00 PM,ROCKVILLE PIKE,NA,"Sideswipe, Same Direction",Rain,Wet,Daylight,No Controls,NONE DETECTED,No,No Apparent Injury,NA,Not Distracted,MD,Sport Utility Vehicle,Moving Constant Speed,40,No,2015,LEXUS,CT,39.04098867,-77.1097926,2024,6,16
240026811,Property Damage Crash,06/05/2024 04:15:00 PM,NA,Pedestrian,Single Vehicle,Rain,NA,Daylight,NA,NONE DETECTED,No,No Apparent Injury,NA,Unknown,MD,Passenger Car,Turning Left,0,No,2021,FORD,ESCAPE,39.10186971,-77.07568447,2024,6,16
240026807,Injury Crash,06/05/2024 04:07:00 PM,SHAKESPEARE BLVD,NA,Front to Front,Rain,Wet,Daylight,Traffic Control Signal,NONE DETECTED,Yes,No Apparent Injury,Failed to Yield Right-of-Way,Unknown,MD,Sport Utility Vehicle,Turning Left,40,No,2015,HONDA,CR-V,39.19832787,-77.24499171,2024,6,16
240026807,Injury Crash,06/05/2024 04:07:00 PM,SHAKESPEARE BLVD,NA,Front to Front,Rain,Wet,Daylight,Traffic Control Signal,NONE DETECTED,No,Possible Minor Injury,NA,Not Distracted,MD,Passenger Car,Moving Constant Speed,40,No,1999,TOYOTA,CAMRY,39.19832787,-77.24499171,2024,6,16
240026809,Property Damage Crash,06/05/2024 03:47:00 PM,E JEFFERSON ST (SB/L),NA,Front to Rear,Rain,Wet,Daylight,Traffic Control Signal,NONE DETECTED,No,No Apparent Injury,NA,Not Distracted,MD,Sport Utility Vehicle,Slowing or Stopping,25,No,2016,INFINITI,QX60,39.05284791,-77.12627732,2024,6,15
240026809,Property Damage Crash,06/05/2024 03:47:00 PM,E JEFFERSON ST (SB/L),NA,Front to Rear,Rain,Wet,Daylight,Traffic Control Signal,NONE DETECTED,No,No Apparent Injury,"Followed Too Closely, Too Fast For Conditions",Unknown,VA,Passenger Car,Moving Constant Speed,25,No,2004,MITSUBISHI,LANCER,39.05284791,-77.12627732,2024,6,15
240026806,Property Damage Crash,06/05/2024 03:44:00 PM,OLD GEORGETOWN RD (SB/L),NA,Angle,Cloudy,Wet,Daylight,Traffic Control Signal,NONE DETECTED,No,No Apparent Injury,NA,Not Distracted,MD,Passenger Car,Moving Constant Speed,35,No,2020,NISSAN,SENTRA,39.0250467,-77.12555691,2024,6,15
240026806,Property Damage Crash,06/05/2024 03:44:00 PM,OLD GEORGETOWN RD (SB/L),NA,Angle,Cloudy,Wet,Daylight,Traffic Control Signal,NONE DETECTED,Yes,No Apparent Injury,NA,Not Distracted,MD,Sport Utility Vehicle,Entering Traffic Lane,35,No,2025,TOYOTA,RAV4,39.0250467,-77.12555691,2024,6,15
240026802,Injury Crash,06/05/2024 03:36:00 PM,OAKVIEW DR,Pedestrian,Single Vehicle,Rain,Wet,Daylight,Traffic Control Signal,NONE DETECTED,No,No Apparent Injury,Disregarded Other Road Markings,Unknown,NA,Pickup,Turning Right,30,No,2005,FORD,F-350,39.01534218,-76.97805876,2024,6,15
240026795,Property Damage Crash,06/05/2024 03:00:00 PM,DOMER AVE,NA,Other,Rain,Wet,Daylight,Stop Sign,NONE DETECTED,Yes,No Apparent Injury,"Disregarded Other Traffic Sign, Failed to Yield Right-of-Way",Unknown,MD,Pickup,Accelerating,25,No,2006,FORD,F-150,38.99693678,-76.99946682,2024,6,15
240026795,Property Damage Crash,06/05/2024 03:00:00 PM,DOMER AVE,NA,Other,Rain,Wet,Daylight,No Controls,NONE DETECTED,No,No Apparent Injury,NA,Not Distracted,NY,Passenger Car,Moving Constant Speed,25,No,2022,TOYOTA,COROLLA,38.99693678,-76.99946682,2024,6,15
240026788,Injury Crash,06/05/2024 02:44:00 PM,DARNESTOWN RD,NA,Front to Rear,Rain,Wet,Daylight,No Controls,NONE DETECTED,No,Possible Minor Injury,NA,Unknown,MD,Sport Utility Vehicle,Moving Constant Speed,30,No,2005,LEXUS,RX,39.11685731,-77.24968288,2024,6,14
240026788,Injury Crash,06/05/2024 02:44:00 PM,DARNESTOWN RD,NA,Front to Rear,Rain,Wet,Daylight,No Controls,NONE DETECTED,No,No Apparent Injury,NA,Not Distracted,MD,Sport Utility Vehicle,Slowing or Stopping,30,No,2008,ACURA,MDX,39.11685731,-77.24968288,2024,6,14
240026788,Injury Crash,06/05/2024 02:44:00 PM,DARNESTOWN RD,NA,Front to Rear,Rain,Wet,Daylight,No Controls,NONE DETECTED,No,Possible Minor Injury,NA,Not Distracted,MD,Passenger Car,Slowing or Stopping,30,No,2014,CHRYSLER,200,39.11685731,-77.24968288,2024,6,14
240026793,Property Damage Crash,06/05/2024 02:30:00 PM,NA,NA,"Sideswipe, Same Direction",Clear,Wet,Daylight,No Controls,NONE DETECTED,No,No Apparent Injury,NA,Not Distracted,MD,Sport Utility Vehicle,Turning Right,5,No,2002,BUICK,RENDEZVOUS,39.18296172,-77.21573388,2024,6,14
240026793,Property Damage Crash,06/05/2024 02:30:00 PM,NA,NA,"Sideswipe, Same Direction",Clear,Wet,Daylight,No Controls,NONE DETECTED,No,No Apparent Injury,NA,Not Distracted,MD,Bus - School,Parked,5,No,2020,THOMAS BUILT,SCHOOL BUS,39.18296172,-77.21573388,2024,6,14