Local Case Number,ACRS Report Type,Crash Date/Time,Road Name,Related Non-Motorist,Collision Type,Weather,Surface Condition,Light,Traffic Control,Driver Substance Abuse,Driver At Fault,Injury Severity,Circumstance,Driver Distracted By,Drivers License State,Vehicle Body Type,Vehicle Movement,Speed Limit,Driverless Vehicle,Vehicle Year,Vehicle Make,Vehicle Model,Latitude,Longitude,Year,Month,Hour
240026786,Injury Crash,06/05/2024 02:13:00 PM,NA,NA,Single Vehicle,Clear,NA,Daylight,NA,NONE DETECTED,Yes,Possible Minor Injury,NA,Unknown,MD,Passenger Car,NA,0,No,2014,CHEVROLET,MALIBU,39.05175889,-77.11469292,2024,6,14
240026755,Property Damage Crash,06/05/2024 12:05:00 PM,VEIRS MILL RD,NA,Front to Rear,Clear,Dry,Daylight,Traffic Control Signal,NONE DETECTED,Yes,No Apparent Injury,"Followed Too Closely, Operated Motor Vehicle in Inattentive, Careless, Negligent, or Erratic Manner, Other Improper Action",Unknown,MD,Passenger Car,Accelerating,30,No,2006,LEXUS,RX,39.03598538,-77.05003407,2024,6,12
240026755,Property Damage Crash,06/05/2024 12:05:00 PM,VEIRS MILL RD,NA,Front to Rear,Clear,Dry,Daylight,Traffic Control Signal,NONE DETECTED,No,No Apparent Injury,NA,Not Distracted,MD,Passenger Car,Stopped in Traffic,30,No,2011,HONDA,ACCORD,39.03598538,-77.05003407,2024,6,12
240026744,Property Damage Crash,06/05/2024 11:24:00 AM,BALTIMORE RD,NA,"Sideswipe, Opposite Direction",Clear,Dry,Daylight,No Controls,NONE DETECTED,No,No Apparent Injury,NA,Not Distracted,MD,Pickup,Moving Constant Speed,25,No,2020,FORD,F-350,39.08327528,-77.14256504,2024,6,11
240026744,Property Damage Crash,06/05/2024 11:24:00 AM,BALTIMORE RD,NA,"Sideswipe, Opposite Direction",Clear,Dry,Daylight,No Controls,NONE DETECTED,No,No Apparent Injury,NA,Not Distracted,MD,Pickup,Moving Constant Speed,25,No,2016,TOYOTA,TUNDRA,39.08327528,-77.14256504,2024,6,11
240026740,Injury Crash,06/05/2024 11:20:00 AM,EMORY LA,NA,"Sideswipe, Opposite Direction",Clear,Dry,Daylight,Traffic Control Signal,NONE DETECTED,Yes,No Apparent Injury,Ran Red Light,Not Distracted,MD,Passenger Car,Accelerating,40,No,2017,FORD,TRANSIT,39.12608921,-77.07231001,2024,6,11
240026740,Injury Crash,06/05/2024 11:20:00 AM,EMORY LA,NA,"Sideswipe, Opposite Direction",Clear,Dry,Daylight,Traffic Control Signal,NONE DETECTED,No,Possible Minor Injury,NA,Not Distracted,MD,Passenger Car,Turning Left,40,No,2018,SUBARU,FORESTER,39.12608921,-77.07231001,2024,6,11
240026720,Property Damage Crash,06/05/2024 10:01:00 AM,NORWOOD RD,NA,Front to Rear,Cloudy,Dry,Daylight,No Controls,NONE DETECTED,Yes,No Apparent Injury,NA,"Other Action (looking away from task, etc.)",MD,Passenger Car,Moving Constant Speed,40,No,2019,GMC,ACADIA,39.13003926,-77.02932252,2024,6,10
240026720,Property Damage Crash,06/05/2024 10:01:00 AM,NORWOOD RD,NA,Front to Rear,Cloudy,Dry,Daylight,No Controls,NONE DETECTED,No,No Apparent Injury,NA,Not Distracted,MD,Van - Passenger (&lt;9 Seats),Slowing or Stopping,40,No,2003,CHEVROLET,3500,39.13003926,-77.02932252,2024,6,10
240026709,Property Damage Crash,06/05/2024 08:36:00 AM,CRABB AVE,NA,"Sideswipe, Same Direction",Clear,Dry,Daylight,No Controls,NONE DETECTED,Yes,No Apparent Injury,NA,Not Distracted,MD,Passenger Car,Moving Constant Speed,25,No,2014,NISSAN,VERSA,39.08959639,-77.13910908,2024,6,8
240026709,Property Damage Crash,06/05/2024 08:36:00 AM,CRABB AVE,NA,"Sideswipe, Same Direction",Clear,Dry,Daylight,No Controls,NONE DETECTED,No,No Apparent Injury,NA,Not Distracted,MD,Other,Parked,25,No,2019,PETERBILT,UNKNOWN,39.08959639,-77.13910908,2024,6,8
240026702,Injury Crash,06/05/2024 07:25:00 AM,STONINGTON RD,NA,Single Vehicle,Cloudy,Dry,Daylight,No Controls,NONE DETECTED,Yes,Possible Minor Injury,NA,Not Distracted,MD,Passenger Car,Moving Constant Speed,25,No,2019,JEEP,WRANGLER,39.05233667,-77.02083333,2024,6,7
240026244,Injury Crash,06/05/2024 06:57:00 AM,FLOWER HILL WAY,Scooter (electric),Single Vehicle,Clear,Dry,Daylight,No Controls,NONE DETECTED,Yes,No Apparent Injury,NA,Unknown,MD,Passenger Car,Accelerating,25,No,2020,KIA,SOUL,39.16329101,-77.17414479,2024,6,6
240026697,Property Damage Crash,06/05/2024 06:54:00 AM,LANSDOWNE WAY,NA,Other,Cloudy,Dry,Daylight,No Controls,NONE DETECTED,Yes,No Apparent Injury,Other Improper Action,Not Distracted,MD,Bus - School,Stopped in Traffic,25,No,2019,THO,BUS,39.01216834,-77.04493383,2024,6,6
240026696,Property Damage Crash,06/05/2024 06:50:00 AM,ASHTON RD,NA,Single Vehicle,Clear,Dry,Daylight,No Controls,NONE DETECTED,Yes,No Apparent Injury,Over-Correcting/Over-Steering,Not Distracted,DC,Single-Unit Truck,Moving Constant Speed,35,No,2021,ISUZU,NPR-XD,39.15288602,-77.00459664,2024,6,6
240026690,Injury Crash,06/05/2024 05:13:00 AM,NA,Pedestrian,Single Vehicle,Clear,Dry,Medium,Pedestrian Crossing,NONE DETECTED,No,NA,NA,NA,NA,Passenger Car,Moving Constant Speed,30,No,0,NA,NA,38.99282056,-77.03154602,2024,6,5
240026692,Property Damage Crash,06/05/2024 05:10:00 AM,GOOSE CREEK RD,NA,Single Vehicle,Clear,Dry,Daylight,No Controls,NONE DETECTED,No,No Apparent Injury,"Improper Turn, Too Fast For Conditions",Unknown,NA,Passenger Car,Turning Left,25,No,2014,HYUNDAI,ELANTRA,39.14563182,-77.08680295,2024,6,5
240026693,Property Damage Crash,06/05/2024 05:09:00 AM,STAFFORD RD,NA,Other,Clear,Dry,Daylight,No Controls,NONE DETECTED,No,No Apparent Injury,"Improper Turn, Too Fast For Conditions",Unknown,NA,Passenger Car,Turning Left,25,No,2014,HYUNDAI,ELANTRA,39.14631895,-77.08477506,2024,6,5
240026684,Injury Crash,06/05/2024 01:57:00 AM,S FREDERICK RD,NA,Rear To Side,Clear,Dry,Medium,Traffic Control Signal,NONE DETECTED,No,Suspected Serious Injury,Too Fast For Conditions,Not Distracted,NA,Motorcycle - 2 Wheeled,Moving Constant Speed,35,No,2003,HONDA,VFR800,39.13591015,-77.19230062,2024,6,1
240026684,Injury Crash,06/05/2024 01:57:00 AM,S FREDERICK RD,NA,Rear To Side,Clear,Dry,Medium,Traffic Control Signal,NONE DETECTED,No,Suspected Serious Injury,Failed to Yield Right-of-Way,Unknown,MD,Passenger Car,Turning Left,30,No,2018,TOYOTA,COROLLA,39.13591015,-77.19230062,2024,6,1
240026683,Property Damage Crash,06/05/2024 01:19:00 AM,NA,NA,Rear To Rear,Clear,NA,Medium,NA,NONE DETECTED,Yes,No Apparent Injury,Over-Correcting/Over-Steering,Not Distracted,MD,Passenger Car,Backing,0,No,2012,DODGE,CHARGER,38.99156996,-77.09796323,2024,6,1
240026675,Property Damage Crash,06/05/2024 12:07:00 AM,WATKINS MILL RD,NA,Single Vehicle,Clear,Dry,Medium,No Controls,NONE DETECTED,Yes,No Apparent Injury,"Operated Motor Vehicle in Inattentive, Careless, Negligent, or Erratic Manner, Ran Off Roadway","Other Action (looking away from task, etc.)",MD,Sport Utility Vehicle,Moving Constant Speed,35,No,2021,TOYOTA,RAV4,39.15940436,-77.21884728,2024,6,0
240026676,Property Damage Crash,06/04/2024 11:45:00 PM,TIVOLI LAKE BLVD,NA,"Sideswipe, Same Direction",Clear,Dry,Medium,No Controls,ALCOHOL PRESENT,Yes,No Apparent Injury,Failed to Keep in Proper Lane,Not Distracted,MD,Van - Passenger (&lt;9 Seats),Moving Constant Speed,25,No,2003,FORD,WINDSTAR,39.06988694,-77.03459911,2024,6,23
240026664,Injury Crash,06/04/2024 10:30:00 PM,NA,NA,Other,Clear,Dry,Medium,No Controls,NONE DETECTED,No,Possible Minor Injury,NA,Not Distracted,MD,Sport Utility Vehicle,Moving Constant Speed,35,No,2015,JEEP,WRANGLER,39.14086083,-77.21496617,2024,6,22
240026664,Injury Crash,06/04/2024 10:30:00 PM,NA,NA,Other,Clear,Dry,Medium,No Controls,ALCOHOL PRESENT,Yes,Possible Minor Injury,Improper Turn,Not Distracted,MD,Passenger Car,Making U-Turn,35,No,2013,HONDA,ACCORD,39.14086083,-77.21496617,2024,6,22
240026657,Property Damage Crash,06/04/2024 10:29:00 PM,INDUSTRIAL PKWY,NA,Front to Rear,Clear,Dry,Medium,Traffic Control Signal,NONE DETECTED,No,No Apparent Injury,NA,Not Distracted,MD,Other,Stopped in Traffic,45,No,2020,SLINGSHOT,SLINGSHOT,39.05614613,-76.97125663,2024,6,22
240026657,Property Damage Crash,06/04/2024 10:29:00 PM,INDUSTRIAL PKWY,NA,Front to Rear,Clear,Dry,Medium,Traffic Control Signal,NONE DETECTED,Yes,No Apparent Injury,NA,Unknown,MD,Passenger Car,Accelerating,45,No,2013,NISSAN,ROGUE,39.05614613,-76.97125663,2024,6,22
240026631,Property Damage Crash,06/04/2024 07:52:00 PM,LOCKWOOD DR,NA,Front to Rear,Clear,Dry,Daylight,No Controls,NONE DETECTED,No,NA,NA,NA,NA,Passenger Car,Moving Constant Speed,30,No,2016,TOYOTA,CAMRY,39.04124689,-76.98597169,2024,6,19
240026631,Property Damage Crash,06/04/2024 07:52:00 PM,LOCKWOOD DR,NA,Front to Rear,Clear,Dry,Daylight,No Controls,NONE DETECTED,No,No Apparent Injury,NA,Not Distracted,MD,Van - Passenger (&lt;9 Seats),Moving Constant Speed,30,No,2009,HONDA,ODYSSEY,39.04124689,-76.98597169,2024,6,19
240026629,Injury Crash,06/04/2024 07:38:00 PM,WELLER RD,NA,Angle,Clear,Dry,Daylight,Stop Sign,NONE DETECTED,No,No Apparent Injury,NA,Not Distracted,NA,Sport Utility Vehicle,Entering Traffic Lane,35,No,2013,FORD,ESCAPE,39.06659533,-77.0595425,2024,6,19
240026629,Injury Crash,06/04/2024 07:38:00 PM,WELLER RD,NA,Angle,Clear,Dry,Daylight,No Controls,NONE DETECTED,No,Possible Minor Injury,NA,Not Distracted,MD,Passenger Car,Moving Constant Speed,35,No,2009,MERCEDES-BENZ,C-CLASS,39.06659533,-77.0595425,2024,6,19
240026627,Injury Crash,06/04/2024 07:30:00 PM,CHASE AVE,Pedestrian,Single Vehicle,Clear,Dry,Daylight,No Controls,NONE DETECTED,No,No Apparent Injury,NA,Not Distracted,DC,Passenger Car,Moving Constant Speed,25,No,2006,BMW,325XI,38.9897745,-77.0934855,2024,6,19
24002614,Property Damage Crash,06/04/2024 06:40:00 PM,FIRST ST (WB/L),NA,"Sideswipe, Opposite Direction",Clear,Dry,Daylight,Traffic Control Signal,NONE DETECTED,No,No Apparent Injury,Other Improper Action,Not Distracted,MD,Passenger Car,Accelerating,40,No,2019,HYUNDAI,SD,39.08019003,-77.1378323,2024,6,18
24002614,Property Damage Crash,06/04/2024 06:40:00 PM,FIRST ST (WB/L),NA,"Sideswipe, Opposite Direction",Clear,Dry,Daylight,Traffic Control Signal,NONE DETECTED,No,No Apparent Injury,"Failed to Keep in Proper Lane, Failed to Yield Right-of-Way",Not Distracted,MD,Passenger Car,Changing Lanes,40,No,2008,HONDA,SD,39.08019003,-77.1378323,2024,6,18
240026609,Injury Crash,06/04/2024 06:22:00 PM,NA,NA,Front to Front,Clear,Dry,Daylight,No Controls,NONE DETECTED,No,Possible Minor Injury,NA,Not Distracted,MD,Passenger Car,Moving Constant Speed,25,No,2016,VOLKSWAGEN,GTI,39.11006633,-76.93441433,2024,6,18
240026609,Injury Crash,06/04/2024 06:22:00 PM,NA,NA,Front to Front,Clear,Dry,Daylight,No Controls,NONE DETECTED,Yes,Possible Minor Injury,NA,Not Distracted,MD,Sport Utility Vehicle,Turning Left,25,No,2017,CHEVROLET,EQUINOX,39.11006633,-76.93441433,2024,6,18
240026636,Injury Crash,06/04/2024 06:00:00 PM,NA,Pedestrian,Single Vehicle,Cloudy,NA,Daylight,NA,NONE DETECTED,No,NA,NA,NA,NA,Passenger Car,Accelerating,0,No,2012,MAZDA,MAZDA3,39.05757651,-77.11733708,2024,6,18
240026589,Property Damage Crash,06/04/2024 05:27:00 PM,RANDOLPH RD (WB/L),NA,Front to Rear,Clear,Dry,Daylight,No Controls,NONE DETECTED,No,No Apparent Injury,NA,Not Distracted,MD,Passenger Car,Slowing or Stopping,40,No,2008,HONDA,ACCORD,39.0624115,-77.04229017,2024,6,17
240026589,Property Damage Crash,06/04/2024 05:27:00 PM,RANDOLPH RD (WB/L),NA,Front to Rear,Clear,Dry,Daylight,No Controls,NONE DETECTED,Yes,No Apparent Injury,Followed Too Closely,Unknown,MD,Pickup,Slowing or Stopping,40,No,2011,FORD,RANGER,39.0624115,-77.04229017,2024,6,17
240026584,Property Damage Crash,06/04/2024 04:50:00 PM,ROCKVILLE PIKE,NA,"Sideswipe, Opposite Direction",Cloudy,Dry,Daylight,Flashing Traffic Control Signal,NONE DETECTED,No,NA,NA,NA,NA,Passenger Car,Turning Left,40,No,2005,LEXUS,LS,39.07700712,-77.13920647,2024,6,16
240026584,Property Damage Crash,06/04/2024 04:50:00 PM,ROCKVILLE PIKE,NA,"Sideswipe, Opposite Direction",Cloudy,Dry,Daylight,Flashing Traffic Control Signal,NONE DETECTED,No,No Apparent Injury,NA,Not Distracted,MD,Passenger Car,Turning Left,40,No,2017,HONDA,ACCORD,39.07700712,-77.13920647,2024,6,16
240026583,Property Damage Crash,06/04/2024 04:40:00 PM,NA,NA,"Sideswipe, Same Direction",Clear,Dry,Daylight,No Controls,NONE DETECTED,Yes,No Apparent Injury,"Failed to Keep in Proper Lane, Improper Turn",Not Distracted,DC,Passenger Car,Changing Lanes,35,No,2020,LEXUS,NX,39.00593402,-77.02370945,2024,6,16
240026583,Property Damage Crash,06/04/2024 04:40:00 PM,NA,NA,"Sideswipe, Same Direction",Clear,Dry,Daylight,No Controls,NONE DETECTED,No,No Apparent Injury,NA,Not Distracted,MD,Passenger Car,Moving Constant Speed,35,No,2016,TOYOTA,PRIUS,39.00593402,-77.02370945,2024,6,16
240026585,Property Damage Crash,06/04/2024 04:32:00 PM,ROSS RD,NA,Front to Rear,Clear,Dry,Daylight,Stop Sign,NONE DETECTED,No,NA,NA,NA,NA,Sport Utility Vehicle,Turning Left,25,No,2017,TOYOTA,RAV4,38.99550883,-77.05407424,2024,6,16
240026585,Property Damage Crash,06/04/2024 04:32:00 PM,ROSS RD,NA,Front to Rear,Clear,Dry,Daylight,Pedestrian Crossing Sign,NONE DETECTED,No,No Apparent Injury,NA,Not Distracted,VA,Passenger Car,Moving Constant Speed,25,No,2024,TOYOTA,COROLLA,38.99550883,-77.05407424,2024,6,16
240025861,Property Damage Crash,06/04/2024 04:23:00 PM,GEORGIA AVE (SB/L),NA,Front to Rear,Clear,Dry,Daylight,Traffic Control Signal,NONE DETECTED,No,No Apparent Injury,NA,Not Distracted,MD,Sport Utility Vehicle,Stopped in Traffic,35,No,2012,JEEP,LIBERTY,39.0807151,-77.07532121,2024,6,16
240025861,Property Damage Crash,06/04/2024 04:23:00 PM,GEORGIA AVE (SB/L),NA,Front to Rear,Clear,Dry,Daylight,Traffic Control Signal,NONE DETECTED,No,No Apparent Injury,NA,NA,NA,Passenger Car,Moving Constant Speed,35,No,2001,ACURA,TL,39.0807151,-77.07532121,2024,6,16
240026577,Injury Crash,06/04/2024 04:20:00 PM,SANDY SPRING RD (WB/L),NA,Other,Clear,Dry,Daylight,No Controls,NONE DETECTED,No,Possible Minor Injury,NA,Not Distracted,MD,Passenger Car,Moving Constant Speed,35,No,2012,HONDA,CIVIC,39.105691,-76.91090767,2024,6,16
240026577,Injury Crash,06/04/2024 04:20:00 PM,SANDY SPRING RD (WB/L),NA,Other,Clear,Dry,Daylight,No Controls,NONE DETECTED,Yes,No Apparent Injury,NA,Not Distracted,MD,Passenger Car,Turning Left,35,No,2010,TOYOTA,COROLLA,39.105691,-76.91090767,2024,6,16
240026578,Property Damage Crash,06/04/2024 04:00:00 PM,S FREDERICK RD,NA,Front to Rear,Clear,Dry,Daylight,No Controls,NONE DETECTED,No,No Apparent Injury,NA,Not Distracted,MD,Passenger Car,Moving Constant Speed,35,No,2007,HONDA,FIT,39.1298885,-77.18682129,2024,6,16
240026578,Property Damage Crash,06/04/2024 04:00:00 PM,S FREDERICK RD,NA,Front to Rear,Clear,Dry,Daylight,No Controls,NONE DETECTED,Yes,No Apparent Injury,NA,Unknown,MD,Passenger Car,Moving Constant Speed,35,No,2016,MERCEDES-BENZ,CLA-CLASS,39.1298885,-77.18682129,2024,6,16
240026570,Property Damage Crash,06/04/2024 03:45:00 PM,NA,NA,Other,Clear,NA,Daylight,NA,NONE DETECTED,Yes,No Apparent Injury,Other Improper Action,Unknown,NA,Van - Passenger (&lt;9 Seats),Backing,0,No,2024,TOYOTA,SIENNA,39.116813,-77.19911317,2024,6,15
240026863,Property Damage Crash,06/04/2024 03:38:00 PM,NA,NA,"Sideswipe, Same Direction",Cloudy,NA,Daylight,NA,NONE DETECTED,No,No Apparent Injury,"Failed to Keep in Proper Lane, Followed Too Closely, Operated Motor Vehicle in Inattentive, Careless, Negligent, or Erratic Manner, Other Improper Action",Unknown,MD,Sport Utility Vehicle,Turning Right,0,No,2018,CHEVROLET,TRAVERSE,39.09488089,-77.11095048,2024,6,15
240026557,Property Damage Crash,06/04/2024 02:25:00 PM,FENTON ST,NA,"Sideswipe, Same Direction",Clear,Dry,Daylight,No Controls,NONE DETECTED,No,No Apparent Injury,NA,Not Distracted,DC,Bus - Transit,Stopped in Traffic,35,No,2016,NEW FLYER,TRANSIT BUS,38.99660939,-77.02510506,2024,6,14
240026557,Property Damage Crash,06/04/2024 02:25:00 PM,FENTON ST,NA,"Sideswipe, Same Direction",Clear,Dry,Daylight,No Controls,NONE DETECTED,Yes,No Apparent Injury,Improper Passing,Not Distracted,DC,Bus - Transit,Changing Lanes,25,No,2009,GILLIG,LOW FLOOR BUS,38.99660939,-77.02510506,2024,6,14
240026528,Injury Crash,06/04/2024 12:35:00 PM,WATERS LANDING DR,NA,Front to Rear,Clear,Dry,Daylight,No Controls,NONE DETECTED,Yes,Possible Minor Injury,Over-Correcting/Over-Steering,Unknown,MD,Sport Utility Vehicle,Moving Constant Speed,25,No,2017,HONDA,CR-V,39.19290172,-77.27618119,2024,6,12
240026518,Property Damage Crash,06/04/2024 12:19:00 PM,LAYHILL RD (SB/L),NA,Angle,Clear,Dry,Daylight,Traffic Control Signal,NONE DETECTED,No,No Apparent Injury,NA,Not Distracted,MD,Passenger Car,Moving Constant Speed,35,No,2020,MAZDA,CX-5,39.09068254,-77.04500311,2024,6,12
240026518,Property Damage Crash,06/04/2024 12:19:00 PM,LAYHILL RD (SB/L),NA,Angle,Clear,Dry,Daylight,Traffic Control Signal,NONE DETECTED,Yes,No Apparent Injury,"Failed to Yield Right-of-Way, Followed Too Closely, Improper Turn",Not Distracted,MD,Passenger Car,Turning Left,35,No,2007,TOYOTA,COROLLA,39.09068254,-77.04500311,2024,6,12
240026527,Injury Crash,06/04/2024 12:05:00 PM,BEALLSVILLE RD,NA,Angle,Clear,Dry,Daylight,No Controls,NONE DETECTED,No,No Apparent Injury,NA,Not Distracted,PA,Single-Unit Truck,Moving Constant Speed,40,No,2018,INTERNATIONAL,UNKNOWN,39.15417242,-77.4177703,2024,6,12
240026527,Injury Crash,06/04/2024 12:05:00 PM,BEALLSVILLE RD,NA,Angle,Clear,Dry,Daylight,Stop Sign,NONE DETECTED,No,Possible Minor Injury,Failed to Yield Right-of-Way,Unknown,MD,Sport Utility Vehicle,Turning Left,35,No,2018,JEEP,WRANGLER,39.15417242,-77.4177703,2024,6,12
240026498,Property Damage Crash,06/04/2024 11:13:00 AM,NA,NA,Single Vehicle,Clear,NA,Daylight,NA,NONE DETECTED,Yes,No Apparent Injury,NA,Unknown,MD,Passenger Car,Slowing or Stopping,0,No,2022,HYUNDAI,KONA,39.14368495,-77.20296559,2024,6,11
240026494,Injury Crash,06/04/2024 10:58:00 AM,LEWIS DR,NA,Angle,Clear,Dry,Daylight,No Controls,NONE DETECTED,No,Possible Minor Injury,NA,Not Distracted,MD,Passenger Car,Moving Constant Speed,40,No,2005,MERCEDES-BENZ,C-CLASS,39.29000086,-77.20558201,2024,6,10
240026494,Injury Crash,06/04/2024 10:58:00 AM,LEWIS DR,NA,Angle,Clear,Dry,Daylight,Stop Sign,NONE DETECTED,Yes,No Apparent Injury,NA,Not Distracted,MD,Passenger Car,Turning Left,40,No,2015,GMC,TERRAIN,39.29000086,-77.20558201,2024,6,10
240026491,Injury Crash,06/04/2024 10:50:00 AM,UNIVERSITY BLVD W,NA,Angle,Clear,Dry,Daylight,Traffic Control Signal,NONE DETECTED,No,No Apparent Injury,NA,Not Distracted,MD,Passenger Car,Turning Left,25,No,2009,HONDA,CIVIC,39.0365865,-77.03058217,2024,6,10
240026491,Injury Crash,06/04/2024 10:50:00 AM,UNIVERSITY BLVD W,NA,Angle,Clear,Dry,Daylight,Traffic Control Signal,NONE DETECTED,Yes,Possible Minor Injury,Ran Red Light,Unknown,MD,Passenger Car,Accelerating,35,No,2018,VOLKSWAGEN,GOLF,39.0365865,-77.03058217,2024,6,10
240026485,Property Damage Crash,06/04/2024 09:28:00 AM,NA,NA,Front to Rear,Clear,Dry,Daylight,No Controls,NONE DETECTED,No,No Apparent Injury,NA,Not Distracted,MD,Sport Utility Vehicle,Slowing or Stopping,35,No,2016,BMW,X3,39.05666713,-77.17894354,2024,6,9
240026485,Property Damage Crash,06/04/2024 09:28:00 AM,NA,NA,Front to Rear,Clear,Dry,Daylight,No Controls,NONE DETECTED,No,No Apparent Injury,NA,Not Distracted,MD,Passenger Car,Slowing or Stopping,35,No,2019,TESLA,MODEL S,39.05666713,-77.17894354,2024,6,9
240026485,Property Damage Crash,06/04/2024 09:28:00 AM,NA,NA,Front to Rear,Clear,Dry,Daylight,No Controls,NONE DETECTED,No,No Apparent Injury,NA,Not Distracted,MD,Passenger Car,Slowing or Stopping,35,No,2015,MERCEDES-BENZ,300,39.05666713,-77.17894354,2024,6,9
240026468,Injury Crash,06/04/2024 08:48:00 AM,RIPLEY ST,Pedestrian,Single Vehicle,Clear,Dry,Daylight,No Controls,NONE DETECTED,No,No Apparent Injury,NA,Not Distracted,MD,Passenger Car,Entering Traffic Lane,30,No,2017,CHEVROLET,CAMARO,38.99249509,-77.02663011,2024,6,8
240026471,Injury Crash,06/04/2024 08:43:00 AM,COLESVILLE RD,NA,Angle,Clear,Dry,Daylight,Lane Use Control Signal,NONE DETECTED,Yes,No Apparent Injury,Too Fast For Conditions,Not Distracted,DC,Passenger Car,Turning Left,35,No,2020,TOYOTA,COROLLA,39.00287024,-77.02442403,2024,6,8
240026471,Injury Crash,06/04/2024 08:43:00 AM,COLESVILLE RD,NA,Angle,Clear,Dry,Daylight,Lane Use Control Signal,NONE DETECTED,Yes,Possible Minor Injury,Too Fast For Conditions,Not Distracted,NC,Passenger Car,Moving Constant Speed,35,No,2002,ACURA,TL,39.00287024,-77.02442403,2024,6,8
240026463,Injury Crash,06/04/2024 08:20:00 AM,MIDDLEBROOK RD,NA,Angle,Clear,Dry,Daylight,No Controls,NONE DETECTED,Yes,No Apparent Injury,Failed to Yield Right-of-Way,Not Distracted,MD,Passenger Car,Moving Constant Speed,40,No,2015,TOYOTA,RAV4,39.17943506,-77.24019168,2024,6,8
240026463,Injury Crash,06/04/2024 08:20:00 AM,MIDDLEBROOK RD,NA,Angle,Clear,Dry,Daylight,No Controls,NONE DETECTED,No,Possible Minor Injury,NA,Not Distracted,MD,Passenger Car,Moving Constant Speed,40,No,2018,HONDA,ACCORD,39.17943506,-77.24019168,2024,6,8
240026466,Property Damage Crash,06/04/2024 08:10:00 AM,NA,NA,Single Vehicle,Clear,Dry,Daylight,No Controls,NONE DETECTED,No,No Apparent Injury,Over-Correcting/Over-Steering,Unknown,MD,Single-Unit Truck,Moving Constant Speed,40,No,2013,INTERNATIONAL,4300,39.16642782,-77.3898467,2024,6,8
240026455,Injury Crash,06/04/2024 06:39:00 AM,GEORGIA AVE,Pedestrian,Single Vehicle,Clear,Dry,Daylight,Traffic Control Signal,NONE DETECTED,Yes,No Apparent Injury,NA,"Other Action (looking away from task, etc.)",MD,Sport Utility Vehicle,Turning Right,45,No,2018,LEXUS,NX,39.10939844,-77.07577749,2024,6,6
240026448,Property Damage Crash,06/04/2024 05:00:00 AM,NA,NA,Rear To Side,Clear,Dry,Medium,Traffic Control Signal,NONE DETECTED,No,No Apparent Injury,NA,Not Distracted,MD,Sport Utility Vehicle,Moving Constant Speed,40,No,2003,CHEVROLET,TAHOE,39.02220789,-76.97754417,2024,6,5
240026448,Property Damage Crash,06/04/2024 05:00:00 AM,NA,NA,Rear To Side,Clear,Dry,Medium,Traffic Control Signal,NONE DETECTED,No,No Apparent Injury,NA,Not Distracted,DC,Bus - Transit,Turning Left,40,No,2020,NEW FLYER,TRANSIT BUS,39.02220789,-76.97754417,2024,6,5
240026438,Property Damage Crash,06/03/2024 11:54:00 PM,COLUMBIA PIKE (SB/L),NA,Front to Rear,Clear,Dry,Medium,No Controls,NONE DETECTED,Yes,No Apparent Injury,NA,Not Distracted,MD,Passenger Car,Moving Constant Speed,55,No,2008,VOLVO,S40,39.100525,-76.9354825,2024,6,23
240026438,Property Damage Crash,06/03/2024 11:54:00 PM,COLUMBIA PIKE (SB/L),NA,Front to Rear,Clear,Dry,Medium,No Controls,NONE DETECTED,No,No Apparent Injury,NA,Not Distracted,MD,Passenger Car,Moving Constant Speed,55,No,2009,HYUNDAI,ELANTRA,39.100525,-76.9354825,2024,6,23