Local Case Number,ACRS Report Type,Crash Date/Time,Road Name,Related Non-Motorist,Collision Type,Weather,Surface Condition,Light,Traffic Control,Driver Substance Abuse,Driver At Fault,Injury Severity,Circumstance,Driver Distracted By,Drivers License State,Vehicle Body Type,Vehicle Movement,Speed Limit,Driverless Vehicle,Vehicle Year,Vehicle Make,Vehicle Model,Latitude,Longitude,Year,Month,Hour
240025957,Injury Crash,06/01/2024 06:15:00 AM,RANDOLPH RD (WB/L),NA,Angle,Clear,Dry,Daylight,Traffic Control Signal,NONE DETECTED,No,Possible Minor Injury,NA,Not Distracted,MD,Passenger Car,Moving Constant Speed,35,No,2007,HONDA,ACCORD,39.07582126,-77.00200823,2024,6,6
240025957,Injury Crash,06/01/2024 06:15:00 AM,RANDOLPH RD (WB/L),NA,Angle,Clear,Dry,Daylight,Traffic Control Signal,ALCOHOL PRESENT,Yes,No Apparent Injury,"Disregarded Other Traffic Sign, Operated Motor Vehicle in Inattentive, Careless, Negligent, or Erratic Manner, Operated Motor Vehicle in Reckless or Aggressive Manner, Other Improper Action, Over-Correcting/Over-Steering, Ran Red Light","Other Action (looking away from task, etc.)",MD,Passenger Car,Accelerating,35,No,2017,HONDA,CIVIC,39.07582126,-77.00200823,2024,6,6
240025945,Injury Crash,06/01/2024 02:16:00 AM,E RANDOLPH RD (WB/L),NA,Angle,Clear,Dry,Medium,Flashing Traffic Control Signal,NONE DETECTED,No,No Apparent Injury,NA,Not Distracted,MD,Van - Passenger (&lt;9 Seats),Moving Constant Speed,35,No,2018,HONDA,ODYSSEY,39.0633865,-76.96588433,2024,6,2
240025945,Injury Crash,06/01/2024 02:16:00 AM,E RANDOLPH RD (WB/L),NA,Angle,Clear,Dry,Medium,Flashing Traffic Control Signal,NONE DETECTED,Yes,Possible Minor Injury,NA,Unknown,MD,Sport Utility Vehicle,Moving Constant Speed,35,No,2013,TOYOTA,RAV4,39.0633865,-76.96588433,2024,6,2
240025941,Injury Crash,06/01/2024 01:31:00 AM,MONTGOMERY VILLAGE AVE,NA,Front to Rear,Clear,Dry,Medium,Traffic Control Signal,NONE DETECTED,No,No Apparent Injury,NA,Not Distracted,MD,Passenger Car,Stopped in Traffic,35,No,2022,SUBARU,CROSSTREK,39.15436882,-77.20939703,2024,6,1
240025941,Injury Crash,06/01/2024 01:31:00 AM,MONTGOMERY VILLAGE AVE,NA,Front to Rear,Clear,Dry,Medium,Traffic Control Signal,NONE DETECTED,No,No Apparent Injury,NA,Not Distracted,MD,Passenger Car,Stopped in Traffic,35,No,2019,TOYOTA,RAV4,39.15436882,-77.20939703,2024,6,1
240025941,Injury Crash,06/01/2024 01:31:00 AM,MONTGOMERY VILLAGE AVE,NA,Front to Rear,Clear,Dry,Medium,Traffic Control Signal,DRUG PRESENT,No,Possible Minor Injury,"Failed to Keep in Proper Lane, Over-Correcting/Over-Steering, Too Fast For Conditions",Unknown,MD,Passenger Car,Moving Constant Speed,35,No,2019,FORD,MUSTANG,39.15436882,-77.20939703,2024,6,1
240025943,Property Damage Crash,06/01/2024 01:00:00 AM,QUINCE ORCHARD BLVD,NA,"Sideswipe, Same Direction",Clear,Dry,Medium,No Controls,NONE DETECTED,Yes,No Apparent Injury,"Failed to Keep in Proper Lane, Operated Motor Vehicle in Inattentive, Careless, Negligent, or Erratic Manner, Ran Off Roadway, Too Fast For Conditions",Unknown,NA,Passenger Car,Moving Constant Speed,25,No,2008,TOYOTA,COROLLA,39.13988834,-77.22871508,2024,6,1
240025944,Fatal Crash,06/01/2024 12:03:00 AM,UNIVERSITY BLVD W,NA,Angle,Clear,Dry,Dark,Stop Sign,NONE DETECTED,No,No Apparent Injury,NA,Not Distracted,MD,Passenger Car,Turning Left,25,No,2023,TESLA,MODEL 3,39.02771712,-77.02053995,2024,6,0
240025944,Fatal Crash,06/01/2024 12:03:00 AM,UNIVERSITY BLVD W,NA,Angle,Clear,Dry,Dark,No Controls,ALCOHOL PRESENT,No,Fatal Injury,NA,Unknown,MD,Motorcycle - 2 Wheeled,Slowing or Stopping,35,No,2019,KAWASAKI,NINJA ZX-6R,39.02771712,-77.02053995,2024,6,0
240025930,Property Damage Crash,05/31/2024 10:33:00 PM,GEORGIA AVE (SB/L),NA,Single Vehicle,Clear,Dry,Medium,No Controls,NONE DETECTED,No,No Apparent Injury,Other Improper Action,Not Distracted,MD,Passenger Car,Accelerating,5,No,2008,MERCEDES-BENZ,C-CLASS,39.15161894,-77.06672732,2024,5,22
240025931,Injury Crash,05/31/2024 10:19:00 PM,NA,NA,Single Vehicle,Clear,Dry,Dark,No Controls,NONE DETECTED,Yes,Possible Minor Injury,Over-Correcting/Over-Steering,Not Distracted,MD,Passenger Car,Moving Constant Speed,30,No,2023,SUBARU,WRX,39.27651257,-77.31281378,2024,5,22
240025924,Property Damage Crash,05/31/2024 09:00:00 PM,NEW HAMPSHIRE AVE,NA,Front to Front,Clear,Dry,Medium,No Controls,NONE DETECTED,No,No Apparent Injury,NA,Not Distracted,MD,Passenger Car,Moving Constant Speed,35,No,2016,TOYOTA,COROLLA,39.11023669,-76.99623057,2024,5,21
240025924,Property Damage Crash,05/31/2024 09:00:00 PM,NEW HAMPSHIRE AVE,NA,Front to Front,Clear,Dry,Medium,Stop Sign,ALCOHOL PRESENT,Yes,No Apparent Injury,"Failed to Yield Right-of-Way, Other Improper Action",Not Distracted,MD,Passenger Car,Turning Left,15,No,2010,HONDA,ODYSSEY,39.11023669,-76.99623057,2024,5,21
240025914,Property Damage Crash,05/31/2024 08:00:00 PM,NA,NA,Angle,Clear,Dry,Daylight,No Controls,ALCOHOL PRESENT,No,No Apparent Injury,NA,Not Distracted,MD,Passenger Car,Turning Left,15,No,2013,HYUNDAI,ELANTRA,39.14620273,-77.20429344,2024,5,20
240025914,Property Damage Crash,05/31/2024 08:00:00 PM,NA,NA,Angle,Clear,Dry,Daylight,No Controls,NONE DETECTED,No,No Apparent Injury,NA,Not Distracted,MD,Sport Utility Vehicle,Overtaking/Passing,15,No,2023,MAZDA,CX-5,39.14620273,-77.20429344,2024,5,20
240025898,Property Damage Crash,05/31/2024 06:15:00 PM,NEW HAMPSHIRE AVE (SB/L),NA,"Sideswipe, Same Direction",Clear,Dry,Daylight,No Controls,NONE DETECTED,No,No Apparent Injury,NA,Not Distracted,MD,Passenger Car,Moving Constant Speed,40,No,2012,INFINITI,G37,39.04478688,-76.99226221,2024,5,18
240025898,Property Damage Crash,05/31/2024 06:15:00 PM,NEW HAMPSHIRE AVE (SB/L),NA,"Sideswipe, Same Direction",Clear,Dry,Daylight,No Controls,NONE DETECTED,Yes,No Apparent Injury,NA,Unknown,DC,Passenger Car,Changing Lanes,40,No,2011,HONDA,CR-V,39.04478688,-76.99226221,2024,5,18
240025899,Property Damage Crash,05/31/2024 05:59:00 PM,VEIRS MILL RD (WB/L),NA,"Sideswipe, Same Direction",Clear,Dry,Daylight,No Controls,NONE DETECTED,No,No Apparent Injury,NA,Not Distracted,MD,Bus - Transit,Moving Constant Speed,25,No,2013,GILLIG,CITY TRANSIT BUS,39.03908033,-77.05370333,2024,5,17
240025899,Property Damage Crash,05/31/2024 05:59:00 PM,VEIRS MILL RD (WB/L),NA,"Sideswipe, Same Direction",Clear,Dry,Daylight,No Controls,NONE DETECTED,No,NA,NA,NA,NA,NA,Changing Lanes,25,No,0,NA,NA,39.03908033,-77.05370333,2024,5,17
240025894,Property Damage Crash,05/31/2024 05:41:00 PM,NA,NA,Front to Rear,Clear,Dry,Daylight,No Controls,NONE DETECTED,Yes,No Apparent Injury,NA,Unknown,MD,Passenger Car,Slowing or Stopping,20,No,2005,NISSAN,ALTIMA,39.00418683,-77.00606555,2024,5,17
240025894,Property Damage Crash,05/31/2024 05:41:00 PM,NA,NA,Front to Rear,Clear,Dry,Daylight,No Controls,NONE DETECTED,No,No Apparent Injury,NA,Not Distracted,MD,Passenger Car,Slowing or Stopping,20,No,2020,JEEP,CHEROKEE,39.00418683,-77.00606555,2024,5,17
240025890,Property Damage Crash,05/31/2024 05:11:00 PM,BROADWAY AVE,Cyclist (non-electric),Single Vehicle,Clear,Dry,Daylight,Pedestrian Crossing Sign,NONE DETECTED,No,No Apparent Injury,NA,Not Distracted,MD,Passenger Car,Moving Constant Speed,25,No,2022,TESLA,MODEL 3,39.21944333,-77.2862065,2024,5,17
240025886,Property Damage Crash,05/31/2024 05:07:00 PM,EAST WEST HWY,NA,"Sideswipe, Same Direction",Clear,Dry,Daylight,No Controls,NONE DETECTED,No,No Apparent Injury,NA,Not Distracted,MD,Pickup,Stopped in Traffic,35,No,2018,TOYOTA,TUNDRA,38.98823439,-77.02796412,2024,5,17
240025886,Property Damage Crash,05/31/2024 05:07:00 PM,EAST WEST HWY,NA,"Sideswipe, Same Direction",Clear,Dry,Daylight,No Controls,NONE DETECTED,No,No Apparent Injury,NA,Not Distracted,DC,Sport Utility Vehicle,Moving Constant Speed,35,No,1991,GMC,UNKNOWN,38.98823439,-77.02796412,2024,5,17
240025891,Property Damage Crash,05/31/2024 05:02:00 PM,NA,NA,Single Vehicle,Clear,NA,Daylight,NA,NONE DETECTED,Yes,No Apparent Injury,"Operated Motor Vehicle in Inattentive, Careless, Negligent, or Erratic Manner, Other Improper Action",Unknown,MD,Passenger Car,Accelerating,0,No,2019,CHEVROLET,BOLT EV,38.978085,-77.07978,2024,5,17
240025875,Property Damage Crash,05/31/2024 04:15:00 PM,NA,NA,Single Vehicle,Clear,Dry,Daylight,No Controls,NONE DETECTED,No,No Apparent Injury,NA,Not Distracted,MD,Bus - School,Making U-Turn,25,No,2024,"T.H.S. PRODUCTS, INC",UNKNOWN,39.0906861,-76.95748086,2024,5,16
240025868,Injury Crash,05/31/2024 04:00:00 PM,MUDDY BRANCH RD,NA,Front to Rear,Clear,Dry,Daylight,Traffic Control Signal,NONE DETECTED,No,Possible Minor Injury,NA,Not Distracted,MD,Passenger Car,Slowing or Stopping,40,No,2008,TOYOTA,RAV4,39.139155,-77.205285,2024,5,16
240025863,Property Damage Crash,05/31/2024 04:00:00 PM,PENNFIELD CIR,NA,Single Vehicle,Clear,Dry,Daylight,No Controls,NONE DETECTED,No,No Apparent Injury,NA,Not Distracted,MD,Van - Passenger (&lt;9 Seats),Accelerating,15,No,2013,BUSH TRAILER,UNKNOWN,39.10103967,-77.07594083,2024,5,16
240025868,Injury Crash,05/31/2024 04:00:00 PM,MUDDY BRANCH RD,NA,Front to Rear,Clear,Dry,Daylight,Traffic Control Signal,NONE DETECTED,Yes,No Apparent Injury,NA,Unknown,MD,Passenger Car,Slowing or Stopping,40,No,2018,RAM,1500,39.139155,-77.205285,2024,5,16
240025918,Injury Crash,05/31/2024 03:25:00 PM,ANDREW ST,NA,Angle,Clear,Dry,Daylight,Stop Sign,NONE DETECTED,No,Possible Minor Injury,NA,Not Distracted,MD,Passenger Car,Moving Constant Speed,45,No,2013,CHEVROLET,VOLT,39.05015367,-77.07164163,2024,5,15
240025918,Injury Crash,05/31/2024 03:25:00 PM,ANDREW ST,NA,Angle,Clear,Dry,Daylight,Stop Sign,NONE DETECTED,No,NA,NA,NA,NA,Passenger Car,Turning Right,45,No,2017,NISSAN,ROGUE,39.05015367,-77.07164163,2024,5,15
240025852,Property Damage Crash,05/31/2024 03:05:00 PM,CLUB HOUSE RD,NA,Angle,Clear,Dry,Daylight,Traffic Control Signal,NONE DETECTED,Yes,No Apparent Injury,NA,Unknown,MD,Passenger Car,Moving Constant Speed,30,No,2020,TOYOTA,COROLLA,39.17257762,-77.20149995,2024,5,15
240025852,Property Damage Crash,05/31/2024 03:05:00 PM,CLUB HOUSE RD,NA,Angle,Clear,Dry,Daylight,Traffic Control Signal,NONE DETECTED,No,No Apparent Injury,NA,Not Distracted,MD,Passenger Car,Turning Left,30,No,2013,HONDA,ODYSSEY,39.17257762,-77.20149995,2024,5,15
240025855,Property Damage Crash,05/31/2024 03:00:00 PM,SLIGO AVE,NA,Rear To Side,Clear,Dry,Daylight,No Controls,NONE DETECTED,Yes,No Apparent Injury,Improper Backing,Unknown,MD,Passenger Car,Backing,30,No,2013,HONDA,CIVIC,38.99022591,-77.0243162,2024,5,15
240025855,Property Damage Crash,05/31/2024 03:00:00 PM,SLIGO AVE,NA,Rear To Side,Clear,Dry,Daylight,No Controls,NONE DETECTED,No,No Apparent Injury,NA,Not Distracted,MD,Bus - School,Stopped in Traffic,30,No,2013,THOMAS BUILT,SCHOOL BUS,38.99022591,-77.0243162,2024,5,15
240025853,Property Damage Crash,05/31/2024 02:38:00 PM,COLUMBIA PIKE,NA,Front to Rear,Clear,Dry,Daylight,No Controls,NONE DETECTED,No,No Apparent Injury,NA,Not Distracted,MD,Sport Utility Vehicle,Changing Lanes,50,No,2010,HONDA,ELEMENT,39.09866522,-76.93598038,2024,5,14
240025853,Property Damage Crash,05/31/2024 02:38:00 PM,COLUMBIA PIKE,NA,Front to Rear,Clear,Dry,Daylight,No Controls,NONE DETECTED,No,No Apparent Injury,NA,Not Distracted,MD,Van - Cargo,Slowing or Stopping,50,No,2016,FORD,TRANSIT CONNECT,39.09866522,-76.93598038,2024,5,14
240025853,Property Damage Crash,05/31/2024 02:38:00 PM,COLUMBIA PIKE,NA,Front to Rear,Clear,Dry,Daylight,No Controls,NONE DETECTED,No,No Apparent Injury,NA,Not Distracted,MD,Sport Utility Vehicle,Changing Lanes,50,No,2015,CADILLAC,SRX,39.09866522,-76.93598038,2024,5,14
240025818,Property Damage Crash,05/31/2024 12:25:00 PM,RUSSELL AVE,NA,"Sideswipe, Opposite Direction",Clear,Dry,Daylight,Traffic Control Signal,NONE DETECTED,Yes,No Apparent Injury,Ran Red Light,Not Distracted,MD,Passenger Car,Moving Constant Speed,35,No,2020,LEXUS,RX,39.157854,-77.21330067,2024,5,12
240025818,Property Damage Crash,05/31/2024 12:25:00 PM,RUSSELL AVE,NA,"Sideswipe, Opposite Direction",Clear,Dry,Daylight,Traffic Control Signal,NONE DETECTED,No,No Apparent Injury,NA,Not Distracted,MD,Sport Utility Vehicle,Moving Constant Speed,35,No,2016,TOYOTA,RAV4,39.157854,-77.21330067,2024,5,12
240025822,Property Damage Crash,05/31/2024 12:16:00 PM,FREDERICK RD,NA,"Sideswipe, Same Direction",Clear,Dry,Daylight,No Controls,NONE DETECTED,Yes,No Apparent Injury,NA,Not Distracted,MD,Passenger Car,Entering Traffic Lane,35,No,2018,SUBARU,BRZ,39.14608403,-77.20414903,2024,5,12
240025822,Property Damage Crash,05/31/2024 12:16:00 PM,FREDERICK RD,NA,"Sideswipe, Same Direction",Clear,Dry,Daylight,No Controls,NONE DETECTED,No,No Apparent Injury,NA,Not Distracted,MD,Bus - School,Overtaking/Passing,35,No,2021,THOMAS BUILT,SCHOOL BUS,39.14608403,-77.20414903,2024,5,12
240025812,Injury Crash,05/31/2024 11:57:00 AM,ASPEN HILL RD,"Other Pedestrian (person in a building, skater, personal conveyance, etc.)",Single Vehicle,Clear,Dry,Daylight,No Controls,NONE DETECTED,Yes,Possible Minor Injury,Improper Turn,"Other Action (looking away from task, etc.)",MD,Passenger Car,Turning Left,30,No,2018,AUDI,A4,39.08023358,-77.08100069,2024,5,11
240025809,Property Damage Crash,05/31/2024 11:30:00 AM,RANDOLPH RD (WB/L),NA,Single Vehicle,Clear,Dry,Daylight,No Controls,NONE DETECTED,Yes,No Apparent Injury,NA,Unknown,MD,Passenger Car,Moving Constant Speed,35,No,2017,KIA,OPTIMA,39.06529179,-77.03737071,2024,5,11
240025802,Injury Crash,05/31/2024 11:14:00 AM,WOODFIELD RD,NA,Front to Rear,Clear,Dry,Daylight,Traffic Control Signal,NONE DETECTED,No,NA,NA,NA,NA,NA,NA,40,No,0,NA,NA,39.26005541,-77.20266835,2024,5,11
240025802,Injury Crash,05/31/2024 11:14:00 AM,WOODFIELD RD,NA,Front to Rear,Clear,Dry,Daylight,Traffic Control Signal,NONE DETECTED,No,Possible Minor Injury,NA,Not Distracted,MD,Passenger Car,Stopped in Traffic,40,No,2018,BMW,540IA,39.26005541,-77.20266835,2024,5,11
240025799,Property Damage Crash,05/31/2024 10:30:00 AM,COLESVILLE RD,NA,Front to Front,Clear,Dry,Daylight,Traffic Control Signal,NONE DETECTED,No,No Apparent Injury,NA,Not Distracted,MD,Single-Unit Truck,Moving Constant Speed,25,No,2019,FORD,F-350,38.99764827,-77.02684248,2024,5,10
240025799,Property Damage Crash,05/31/2024 10:30:00 AM,COLESVILLE RD,NA,Front to Front,Clear,Dry,Daylight,Traffic Control Signal,NONE DETECTED,No,No Apparent Injury,Failed to Yield Right-of-Way,Not Distracted,MD,Passenger Car,Turning Left,25,No,2015,TOYOTA,COROLLA,38.99764827,-77.02684248,2024,5,10
240025789,Injury Crash,05/31/2024 10:05:00 AM,FIELDCREST RD,NA,Angle,Clear,Dry,Daylight,Traffic Control Signal,NONE DETECTED,Yes,No Apparent Injury,"Failed to Yield Right-of-Way, Ran Red Light","Other Action (looking away from task, etc.)",MD,Passenger Car,Moving Constant Speed,45,No,2011,TOYOTA,TUNDRA,39.18524513,-77.15058264,2024,5,10
240025789,Injury Crash,05/31/2024 10:05:00 AM,FIELDCREST RD,NA,Angle,Clear,Dry,Daylight,Traffic Control Signal,NONE DETECTED,No,Suspected Serious Injury,NA,Not Distracted,MD,Passenger Car,Moving Constant Speed,50,No,2018,KIA,CADENZA,39.18524513,-77.15058264,2024,5,10
240025785,Property Damage Crash,05/31/2024 10:04:00 AM,FREDERICK RD,NA,Other,Clear,Dry,Daylight,Traffic Control Signal,NONE DETECTED,Yes,No Apparent Injury,Failed to Keep in Proper Lane,Not Distracted,MD,Passenger Car,Turning Left,40,No,2008,TOYOTA,RAV4,39.12268384,-77.17766652,2024,5,10
240025785,Property Damage Crash,05/31/2024 10:04:00 AM,FREDERICK RD,NA,Other,Clear,Dry,Daylight,Traffic Control Signal,NONE DETECTED,No,No Apparent Injury,NA,Not Distracted,MD,Passenger Car,Moving Constant Speed,40,No,2021,TESLA,MODEL Y,39.12268384,-77.17766652,2024,5,10
240025776,Property Damage Crash,05/31/2024 09:23:00 AM,EAST WEST HWY,NA,Angle,Clear,Dry,Daylight,Traffic Control Signal,NONE DETECTED,No,No Apparent Injury,NA,Not Distracted,FL,Passenger Car,Moving Constant Speed,35,No,2021,MERCEDES-BENZ,GLE-CLASS,38.99444726,-77.0364003,2024,5,9
240025776,Property Damage Crash,05/31/2024 09:23:00 AM,EAST WEST HWY,NA,Angle,Clear,Dry,Daylight,Traffic Control Signal,NONE DETECTED,No,No Apparent Injury,NA,Not Distracted,VA,Passenger Car,Turning Left,35,No,2020,HYUNDAI,IONIQ,38.99444726,-77.0364003,2024,5,9
240025769,Property Damage Crash,05/31/2024 08:51:00 AM,ROLLING FORK DR (EB/L),NA,Angle,Clear,Dry,Daylight,No Controls,NONE DETECTED,No,No Apparent Injury,NA,Not Distracted,MD,Passenger Car,Moving Constant Speed,30,No,2014,JEEP,GRAND CHEROKEE,39.25049901,-77.19472427,2024,5,8
240025769,Property Damage Crash,05/31/2024 08:51:00 AM,ROLLING FORK DR (EB/L),NA,Angle,Clear,Dry,Daylight,Stop Sign,NONE DETECTED,Yes,No Apparent Injury,Failed to Yield Right-of-Way,Not Distracted,MD,Passenger Car,Turning Left,25,No,2004,HONDA,ACCORD,39.25049901,-77.19472427,2024,5,8
240025824,Property Damage Crash,05/31/2024 08:00:00 AM,NA,NA,"Sideswipe, Same Direction",Clear,NA,Daylight,NA,NONE DETECTED,Yes,No Apparent Injury,NA,Not Distracted,MD,Sport Utility Vehicle,NA,0,No,2023,KIA,SPORTAGE,39.17376318,-77.20864049,2024,5,8
240025824,Property Damage Crash,05/31/2024 08:00:00 AM,NA,NA,"Sideswipe, Same Direction",Clear,NA,Daylight,NA,NONE DETECTED,No,No Apparent Injury,NA,Not Distracted,MD,Passenger Car,Parked,0,No,2014,VOLKSWAGEN,JETTA GLI,39.17376318,-77.20864049,2024,5,8
240025748,Property Damage Crash,05/31/2024 06:30:00 AM,LUANNE DR,NA,Front to Front,Clear,Dry,Daylight,No Controls,NONE DETECTED,Yes,No Apparent Injury,NA,Unknown,MD,Pickup,Turning Right,30,No,2017,CHEVROLET,SILVERADO HD,39.11751954,-77.1855306,2024,5,6
240025748,Property Damage Crash,05/31/2024 06:30:00 AM,LUANNE DR,NA,Front to Front,Clear,Dry,Daylight,No Controls,NONE DETECTED,No,No Apparent Injury,NA,Not Distracted,MD,Van - Passenger (&lt;9 Seats),Moving Constant Speed,30,No,2011,DODGE,CARAVAN,39.11751954,-77.1855306,2024,5,6
240025720,Property Damage Crash,05/30/2024 09:52:00 PM,ORCHARD RIDGE DR (NB/L),NA,Angle,Clear,Dry,Medium,Traffic Control Signal,NONE DETECTED,Yes,No Apparent Injury,"Disregarded Other Road Markings, Operated Motor Vehicle in Inattentive, Careless, Negligent, or Erratic Manner, Operated Motor Vehicle in Reckless or Aggressive Manner, Ran Off Roadway, Too Fast For Conditions",Unknown,MD,Sport Utility Vehicle,Moving Constant Speed,50,No,2024,HONDA,HR-V,39.12367384,-77.23134523,2024,5,21
240025720,Property Damage Crash,05/30/2024 09:52:00 PM,ORCHARD RIDGE DR (NB/L),NA,Angle,Clear,Dry,Medium,Traffic Control Signal,NONE DETECTED,No,No Apparent Injury,NA,Unknown,MD,Sport Utility Vehicle,Moving Constant Speed,50,No,2024,CHEVROLET,EQUINOX,39.12367384,-77.23134523,2024,5,21
240025717,Property Damage Crash,05/30/2024 08:28:00 PM,UNIVERSITY BLVD W,NA,Front to Rear,Clear,Dry,Medium,No Controls,NONE DETECTED,No,No Apparent Injury,NA,Not Distracted,MD,Sport Utility Vehicle,Stopped in Traffic,35,No,2021,NISSAN,MURANO,39.03606854,-77.03665722,2024,5,20
240025717,Property Damage Crash,05/30/2024 08:28:00 PM,UNIVERSITY BLVD W,NA,Front to Rear,Clear,Dry,Medium,No Controls,NONE DETECTED,No,NA,NA,NA,NA,Passenger Car,Slowing or Stopping,35,No,2004,HONDA,CIVIC,39.03606854,-77.03665722,2024,5,20
240025705,Property Damage Crash,05/30/2024 08:04:00 PM,NA,NA,"Sideswipe, Same Direction",Clear,NA,Medium,NA,NONE DETECTED,No,No Apparent Injury,NA,NA,NA,Passenger Car,Turning Right,0,No,2024,BMW,X3,39.05013389,-77.11641654,2024,5,20
240025702,Property Damage Crash,05/30/2024 08:02:00 PM,ORCHARD DR,NA,Other,Clear,Dry,Daylight,No Controls,NONE DETECTED,No,No Apparent Injury,NA,Talking/listening,MD,Passenger Car,Making U-Turn,15,No,2021,TOYOTA,RAV4,39.11839499,-77.24964378,2024,5,20
240025704,Injury Crash,05/30/2024 08:00:00 PM,RANDOLPH RD (WB/L),NA,Front to Rear,Clear,Dry,Medium,No Controls,NONE DETECTED,No,Possible Minor Injury,NA,Not Distracted,MD,Passenger Car,Slowing or Stopping,35,No,2024,HONDA,CIVIC,39.05333407,-77.11086255,2024,5,20
240025704,Injury Crash,05/30/2024 08:00:00 PM,RANDOLPH RD (WB/L),NA,Front to Rear,Clear,Dry,Medium,No Controls,NONE DETECTED,Yes,No Apparent Injury,NA,Not Distracted,MD,Pickup,Moving Constant Speed,35,No,2016,FORD,F-250,39.05333407,-77.11086255,2024,5,20
240025697,Injury Crash,05/30/2024 07:21:00 PM,EAST WEST HWY,Pedestrian,"Sideswipe, Same Direction",Clear,Dry,Daylight,No Controls,NONE DETECTED,No,NA,NA,NA,NA,NA,Changing Lanes,35,No,0,NA,NA,38.98797057,-77.08202809,2024,5,19
240025697,Injury Crash,05/30/2024 07:21:00 PM,EAST WEST HWY,Pedestrian,"Sideswipe, Same Direction",Clear,Dry,Daylight,No Controls,NONE DETECTED,No,No Apparent Injury,NA,Unknown,MD,Van - Passenger (&lt;9 Seats),Moving Constant Speed,35,No,2014,HONDA,ODYSSEY,38.98797057,-77.08202809,2024,5,19
240025969,Property Damage Crash,05/30/2024 07:00:00 PM,NA,NA,Other,Clear,NA,Daylight,NA,NONE DETECTED,No,NA,NA,NA,NA,Passenger Car,Backing,0,No,2010,TOYOTA,COROLLA,39.00269021,-77.19005169,2024,5,19
240025667,Injury Crash,05/30/2024 04:52:00 PM,NA,NA,Front to Rear,Clear,Dry,Daylight,No Controls,NONE DETECTED,Yes,Possible Minor Injury,NA,Not Distracted,MD,Passenger Car,Moving Constant Speed,30,No,2018,HYUNDAI,ELANTRA,39.04571337,-77.10449419,2024,5,16
240025667,Injury Crash,05/30/2024 04:52:00 PM,NA,NA,Front to Rear,Clear,Dry,Daylight,No Controls,NONE DETECTED,No,No Apparent Injury,NA,Not Distracted,MD,Bus - School,Slowing or Stopping,30,No,2013,THOMAS BUILT,SCHOOL BUS,39.04571337,-77.10449419,2024,5,16
240025667,Injury Crash,05/30/2024 04:52:00 PM,NA,NA,Front to Rear,Clear,Dry,Daylight,No Controls,NONE DETECTED,No,No Apparent Injury,NA,Not Distracted,MD,Passenger Car,Turning Left,30,No,2024,HYUNDAI,KONA ELECTRIC,39.04571337,-77.10449419,2024,5,16
240025689,Property Damage Crash,05/30/2024 04:48:00 PM,WEXFORD DR (WB/L),NA,Single Vehicle,Clear,Dry,Daylight,Yield Sign,NONE DETECTED,No,NA,NA,NA,NA,Sport Utility Vehicle,Negotiating a Curve,25,No,2020,NISSAN,ARMADA,39.03663982,-77.08201131,2024,5,16
240025663,Property Damage Crash,05/30/2024 04:46:00 PM,STARKEY TERR,NA,Single Vehicle,Clear,Dry,Daylight,No Controls,NONE DETECTED,Yes,No Apparent Injury,NA,Unknown,MD,Bus - School,Negotiating a Curve,25,No,2013,THOMAS BUILT,SCHOOL BUS,39.16719212,-77.05562221,2024,5,16
240025656,Injury Crash,05/30/2024 04:04:00 PM,NA,NA,Angle,Clear,Dry,Daylight,No Controls,NONE DETECTED,No,No Apparent Injury,NA,Not Distracted,OH,Passenger Car,Turning Right,25,No,2023,KIA,SPORTAGE,39.02463794,-77.0498829,2024,5,16