Local Case Number,ACRS Report Type,Crash Date/Time,Road Name,Related Non-Motorist,Collision Type,Weather,Surface Condition,Light,Traffic Control,Driver Substance Abuse,Driver At Fault,Injury Severity,Circumstance,Driver Distracted By,Drivers License State,Vehicle Body Type,Vehicle Movement,Speed Limit,Driverless Vehicle,Vehicle Year,Vehicle Make,Vehicle Model,Latitude,Longitude,Year,Month,Hour
240024860,Injury Crash,05/25/2024 10:16:00 PM,CHURCHILL RIDGE CIR,NA,"Sideswipe, Opposite Direction",Rain,Wet,Medium,No Controls,NONE DETECTED,No,No Apparent Injury,NA,Not Distracted,MD,Passenger Car,Moving Constant Speed,30,No,2016,HYUNDAI,SONATA,39.18726687,-77.26651632,2024,5,22
240024860,Injury Crash,05/25/2024 10:16:00 PM,CHURCHILL RIDGE CIR,NA,"Sideswipe, Opposite Direction",Rain,Wet,Medium,Stop Sign,NONE DETECTED,Yes,No Apparent Injury,Improper Turn,Not Distracted,MD,Passenger Car,Making U-Turn,30,No,2011,CHEVROLET,EQUINOX,39.18726687,-77.26651632,2024,5,22
240024975,Property Damage Crash,05/25/2024 09:19:00 PM,NA,NA,Front to Rear,Clear,NA,Medium,NA,NONE DETECTED,No,No Apparent Injury,NA,Not Distracted,MD,Passenger Car,Parked,0,No,2008,HONDA,ACCORD,39.15851275,-77.20252113,2024,5,21
240024975,Property Damage Crash,05/25/2024 09:19:00 PM,NA,NA,Front to Rear,Clear,NA,Medium,NA,NONE DETECTED,Yes,No Apparent Injury,NA,NA,NA,Pickup,Moving Constant Speed,0,No,2008,CHEVROLET,SILVERADO,39.15851275,-77.20252113,2024,5,21
240024847,Property Damage Crash,05/25/2024 08:01:00 PM,NA,Cyclist (Electric),Single Vehicle,Rain,Wet,Dark,Pedestrian Crossing Sign,NONE DETECTED,Yes,No Apparent Injury,NA,Not Distracted,MD,Passenger Car,Turning Right,25,No,2023,TOYOTA,HIGHLANDER,39.20659944,-77.24652014,2024,5,20
240024846,Injury Crash,05/25/2024 07:49:00 PM,LONGDRAFT CT,NA,Angle,Cloudy,Dry,Medium,No Controls,NONE DETECTED,No,Possible Minor Injury,NA,Unknown,MD,Passenger Car,Moving Constant Speed,30,No,2017,NISSAN,SENTRA,39.13770111,-77.24293683,2024,5,19
240024846,Injury Crash,05/25/2024 07:49:00 PM,LONGDRAFT CT,NA,Angle,Cloudy,Dry,Medium,No Controls,NONE DETECTED,Yes,No Apparent Injury,"Failed to Yield Right-of-Way, Improper Turn, Other Improper Action",Unknown,MD,Passenger Car,Making U-Turn,30,No,2008,SUBARU,IMPREZA,39.13770111,-77.24293683,2024,5,19
240024845,Property Damage Crash,05/25/2024 07:48:00 PM,COLUMBIA PIKE (SB/L),NA,Front to Rear,Clear,Dry,Medium,Traffic Control Signal,NONE DETECTED,No,No Apparent Injury,NA,Unknown,MD,Passenger Car,Slowing or Stopping,50,No,2022,TOYOTA,CAMRY,39.09572196,-76.93826468,2024,5,19
240024845,Property Damage Crash,05/25/2024 07:48:00 PM,COLUMBIA PIKE (SB/L),NA,Front to Rear,Clear,Dry,Medium,Traffic Control Signal,NONE DETECTED,No,No Apparent Injury,NA,Not Distracted,MD,Sport Utility Vehicle,Stopped in Traffic,50,No,2023,KIA,SPORTAGE,39.09572196,-76.93826468,2024,5,19
240025103,Property Damage Crash,05/25/2024 07:10:00 PM,NA,NA,"Sideswipe, Same Direction",Clear,Dry,Daylight,No Controls,NONE DETECTED,No,NA,Operated Motor Vehicle in Reckless or Aggressive Manner,Unknown,NA,Passenger Car,Moving Constant Speed,35,No,0,NA,NA,39.17056267,-77.2622175,2024,5,19
240025103,Property Damage Crash,05/25/2024 07:10:00 PM,NA,NA,"Sideswipe, Same Direction",Clear,Dry,Daylight,No Controls,NONE DETECTED,No,No Apparent Injury,NA,Not Distracted,MD,Passenger Car,Turning Left,35,No,2016,MAZDA,MAZDA3,39.17056267,-77.2622175,2024,5,19
240024833,Property Damage Crash,05/25/2024 06:51:00 PM,NA,NA,Front to Rear,Clear,NA,Daylight,NA,NONE DETECTED,No,No Apparent Injury,"Improper Backing, Other Improper Action",Unknown,NA,Van - Passenger (&lt;9 Seats),Backing,0,No,2006,TOYOTA,SIENNA,39.12166333,-77.17711562,2024,5,18
240024815,Property Damage Crash,05/25/2024 04:04:00 PM,SHADY GROVE RD (SB/L),NA,"Sideswipe, Same Direction",Clear,Dry,Daylight,No Controls,NONE DETECTED,No,No Apparent Injury,NA,Not Distracted,MD,Bus - Transit,Moving Constant Speed,35,No,2017,GILLIG,CITY TRANSIT BUS,39.14079332,-77.15230267,2024,5,16
240024815,Property Damage Crash,05/25/2024 04:04:00 PM,SHADY GROVE RD (SB/L),NA,"Sideswipe, Same Direction",Clear,Dry,Daylight,Yield Sign,NONE DETECTED,No,No Apparent Injury,Failed to Yield Right-of-Way,Not Distracted,MD,Passenger Car,Entering Traffic Lane,35,No,2012,HONDA,ODYSSEY,39.14079332,-77.15230267,2024,5,16
240024807,Property Damage Crash,05/25/2024 04:00:00 PM,SHOREFIELD RD,NA,Angle,Clear,Dry,Daylight,Traffic Control Signal,NONE DETECTED,No,No Apparent Injury,NA,Unknown,NA,Passenger Car,Entering Traffic Lane,35,No,0,NA,NA,39.0531475,-77.05006567,2024,5,16
240024807,Property Damage Crash,05/25/2024 04:00:00 PM,SHOREFIELD RD,NA,Angle,Clear,Dry,Daylight,Traffic Control Signal,NONE DETECTED,No,No Apparent Injury,NA,Not Distracted,DC,Passenger Car,Moving Constant Speed,35,No,2015,HONDA,ACCORD,39.0531475,-77.05006567,2024,5,16
240024803,Injury Crash,05/25/2024 03:51:00 PM,CHAPMAN AVE,NA,Front to Front,Clear,Dry,Daylight,No Controls,NONE DETECTED,No,Possible Minor Injury,NA,Not Distracted,MD,Passenger Car,Moving Constant Speed,25,No,2017,TOYOTA,COROLLA,39.05809795,-77.11841593,2024,5,15
240024803,Injury Crash,05/25/2024 03:51:00 PM,CHAPMAN AVE,NA,Front to Front,Clear,Dry,Daylight,No Controls,NONE DETECTED,Yes,Possible Minor Injury,NA,Unknown,MD,Van - Passenger (&lt;9 Seats),Entering Traffic Lane,25,No,2015,TOYOTA,SIENNA,39.05809795,-77.11841593,2024,5,15
240024798,Injury Crash,05/25/2024 03:33:00 PM,NA,Pedestrian,Single Vehicle,Clear,NA,Daylight,NA,NONE DETECTED,No,No Apparent Injury,NA,"Other Action (looking away from task, etc.)",MD,Passenger Car,Backing,0,No,2010,LINCOLN,MKS,39.02865661,-77.07665438,2024,5,15
240024801,Property Damage Crash,05/25/2024 03:31:00 PM,FREDERICK RD,NA,Single Vehicle,Clear,Dry,Daylight,Traffic Control Signal,ALCOHOL PRESENT,No,No Apparent Injury,"Operated Motor Vehicle in Inattentive, Careless, Negligent, or Erratic Manner, Operated Motor Vehicle in Reckless or Aggressive Manner, Other Improper Action","Other Action (looking away from task, etc.)",MD,Station Wagon,Moving Constant Speed,35,No,2023,FORD,BRONCO,39.12275786,-77.17766815,2024,5,15
240024779,Property Damage Crash,05/25/2024 12:29:00 PM,RANDOLPH RD (WB/L),NA,Front to Rear,Clear,Dry,Daylight,No Controls,NONE DETECTED,No,No Apparent Injury,NA,Not Distracted,MD,Sport Utility Vehicle,Moving Constant Speed,35,No,2010,HONDA,CR-V,39.05950808,-77.06155725,2024,5,12
240024779,Property Damage Crash,05/25/2024 12:29:00 PM,RANDOLPH RD (WB/L),NA,Front to Rear,Clear,Dry,Daylight,Traffic Control Signal,NONE DETECTED,Yes,No Apparent Injury,"Followed Too Closely, Operated Motor Vehicle in Inattentive, Careless, Negligent, or Erratic Manner",Unknown,MD,Passenger Car,Moving Constant Speed,35,No,2007,TOYOTA,COROLLA,39.05950808,-77.06155725,2024,5,12
240024736,Property Damage Crash,05/25/2024 06:45:00 AM,CLOPPER RD,NA,Single Vehicle,Clear,Dry,Daylight,No Controls,NONE DETECTED,Yes,No Apparent Injury,Too Fast For Conditions,Not Distracted,MD,Passenger Car,Moving Constant Speed,45,No,2024,HYUNDAI,ELANTRA,39.1501495,-77.24448333,2024,5,6
240024719,Property Damage Crash,05/24/2024 10:48:00 PM,MONTROSE RD (WB/L),NA,Single Vehicle,Clear,Dry,Medium,Pedestrian Crossing Sign,NONE DETECTED,No,No Apparent Injury,Over-Correcting/Over-Steering,Not Distracted,MD,Passenger Car,Negotiating a Curve,30,No,2008,MERCEDES-BENZ,S-CLASS,39.0532472,-77.13607114,2024,5,22
240024709,Injury Crash,05/24/2024 09:19:00 PM,RANDOLPH RD (WB/L),NA,Angle,Clear,Dry,Medium,No Controls,NONE DETECTED,No,NA,NA,NA,NA,Pickup,Turning Left,40,No,0,NA,NA,39.0755378,-77.00384581,2024,5,21
240024709,Injury Crash,05/24/2024 09:19:00 PM,RANDOLPH RD (WB/L),NA,Angle,Clear,Dry,Medium,No Controls,NONE DETECTED,No,Possible Minor Injury,NA,Not Distracted,MD,Motorcycle - 2 Wheeled,Moving Constant Speed,40,No,2014,BMW,S 1000 RR,39.0755378,-77.00384581,2024,5,21
240024701,Property Damage Crash,05/24/2024 08:50:00 PM,BRADSHAW DR,NA,Front to Front,Clear,Dry,Dark,No Controls,NONE DETECTED,Yes,No Apparent Injury,NA,Not Distracted,MD,Sport Utility Vehicle,Turning Left,25,No,2020,HONDA,PILOT,39.08958236,-76.95892554,2024,5,20
240024705,Injury Crash,05/24/2024 08:35:00 PM,HOWARD CHAPEL RD,NA,Single Vehicle,Clear,Dry,Dark,No Controls,NONE DETECTED,No,Possible Minor Injury,NA,Not Distracted,MD,Passenger Car,Moving Constant Speed,35,No,2016,TOYOTA,CAMRY,39.24736217,-77.06639017,2024,5,20
240024698,Property Damage Crash,05/24/2024 08:17:00 PM,UNDERWOOD ST,NA,Other,Clear,Dry,Medium,No Controls,NONE DETECTED,No,No Apparent Injury,NA,Unknown,MD,Sport Utility Vehicle,Backing,25,No,2023,LAND ROVER,DEFENDER,38.98316118,-77.07381977,2024,5,20
240024698,Property Damage Crash,05/24/2024 08:17:00 PM,UNDERWOOD ST,NA,Other,Clear,Dry,Medium,No Controls,NONE DETECTED,No,No Apparent Injury,NA,Not Distracted,NY,Sport Utility Vehicle,Parked,35,No,2022,DODGE,DURANGO,38.98316118,-77.07381977,2024,5,20
240024687,Property Damage Crash,05/24/2024 07:03:00 PM,E RANDOLPH RD (WB/L),NA,"Sideswipe, Same Direction",Clear,Dry,Daylight,No Controls,NONE DETECTED,No,NA,NA,NA,NA,Sport Utility Vehicle,Overtaking/Passing,35,No,2014,JEEP,GRAND CHEROKEE,39.06583148,-76.98049616,2024,5,19
240024687,Property Damage Crash,05/24/2024 07:03:00 PM,E RANDOLPH RD (WB/L),NA,"Sideswipe, Same Direction",Clear,Dry,Daylight,No Controls,NONE DETECTED,No,No Apparent Injury,NA,Not Distracted,MD,Passenger Car,Moving Constant Speed,35,No,2008,BMW,328I,39.06583148,-76.98049616,2024,5,19
240024680,Property Damage Crash,05/24/2024 06:05:00 PM,FAIRCHILD DR,NA,"Sideswipe, Opposite Direction",Clear,Dry,Daylight,No Controls,NONE DETECTED,No,No Apparent Injury,NA,Not Distracted,MD,Passenger Car,Stopped in Traffic,25,No,2023,NISSAN,ROGUE,39.19220638,-77.26528623,2024,5,18
240024680,Property Damage Crash,05/24/2024 06:05:00 PM,FAIRCHILD DR,NA,"Sideswipe, Opposite Direction",Clear,Dry,Daylight,No Controls,ALCOHOL PRESENT,Yes,No Apparent Injury,Improper Turn,Not Distracted,MD,Pickup,Turning Right,25,No,2015,CHEVROLET,COLORADO,39.19220638,-77.26528623,2024,5,18
240024678,Property Damage Crash,05/24/2024 06:00:00 PM,NA,NA,Angle,Clear,NA,Daylight,NA,NONE DETECTED,Yes,No Apparent Injury,NA,Unknown,MD,Passenger Car,Backing,0,No,2004,HONDA,ACCORD,39.12588644,-77.25945326,2024,5,18
240024665,Property Damage Crash,05/24/2024 04:50:00 PM,NA,NA,"Sideswipe, Opposite Direction",Clear,NA,Daylight,NA,NONE DETECTED,No,No Apparent Injury,NA,Not Distracted,MD,Van - Passenger (&lt;9 Seats),Backing,0,No,2023,CHEVROLET,EXPRESS,39.17911173,-77.26944902,2024,5,16
240024666,Property Damage Crash,05/24/2024 04:42:00 PM,NA,NA,Angle,Clear,Dry,Daylight,No Controls,NONE DETECTED,No,No Apparent Injury,NA,Not Distracted,MD,Sport Utility Vehicle,Stopped in Traffic,30,No,2022,KIA,SORENTO,39.2876665,-77.201381,2024,5,16
240024666,Property Damage Crash,05/24/2024 04:42:00 PM,NA,NA,Angle,Clear,Dry,Daylight,No Controls,NONE DETECTED,No,No Apparent Injury,NA,Not Distracted,MD,Passenger Car,Moving Constant Speed,30,No,2024,HYUNDAI,SONATA,39.2876665,-77.201381,2024,5,16
240024666,Property Damage Crash,05/24/2024 04:42:00 PM,NA,NA,Angle,Clear,Dry,Daylight,No Controls,NONE DETECTED,No,No Apparent Injury,Ran Red Light,Not Distracted,MD,Passenger Car,Moving Constant Speed,30,No,2011,NISSAN,VERSA,39.2876665,-77.201381,2024,5,16
240024692,Property Damage Crash,05/24/2024 04:30:00 PM,NA,NA,Rear To Side,Clear,NA,Daylight,NA,NONE DETECTED,No,No Apparent Injury,NA,Not Distracted,MD,Passenger Car,Moving Constant Speed,0,No,2024,HONDA,RIDGELINE,39.07864321,-77.07968559,2024,5,16
240024692,Property Damage Crash,05/24/2024 04:30:00 PM,NA,NA,Rear To Side,Clear,NA,Daylight,NA,NONE DETECTED,No,NA,NA,NA,NA,Passenger Car,Accelerating,0,No,2023,NISSAN,ALTIMA,39.07864321,-77.07968559,2024,5,16
240024668,Injury Crash,05/24/2024 04:23:00 PM,NA,NA,Front to Rear,Clear,Dry,Daylight,No Controls,NONE DETECTED,No,Possible Minor Injury,NA,Not Distracted,MD,Passenger Car,Stopped in Traffic,40,No,2003,HONDA,CIVIC,39.22442536,-77.42633584,2024,5,16
240024668,Injury Crash,05/24/2024 04:23:00 PM,NA,NA,Front to Rear,Clear,Dry,Daylight,No Controls,NONE DETECTED,No,No Apparent Injury,NA,Not Distracted,MD,Passenger Car,Stopped in Traffic,40,No,2011,LEXUS,RX,39.22442536,-77.42633584,2024,5,16
240024668,Injury Crash,05/24/2024 04:23:00 PM,NA,NA,Front to Rear,Clear,Dry,Daylight,No Controls,NONE DETECTED,Yes,No Apparent Injury,NA,Unknown,VA,Sport Utility Vehicle,Slowing or Stopping,40,No,2019,MAZDA,CX-5,39.22442536,-77.42633584,2024,5,16
240024658,Property Damage Crash,05/24/2024 04:16:00 PM,FREDERICK RD,NA,"Sideswipe, Same Direction",Clear,Dry,Daylight,No Controls,NONE DETECTED,No,No Apparent Injury,NA,Not Distracted,MD,Passenger Car,Turning Right,30,No,2016,FORD,FOCUS,39.1432297,-77.200655,2024,5,16
240024658,Property Damage Crash,05/24/2024 04:16:00 PM,FREDERICK RD,NA,"Sideswipe, Same Direction",Clear,Dry,Daylight,No Controls,NONE DETECTED,No,No Apparent Injury,NA,Not Distracted,MD,Bus - Transit,Accelerating,30,No,2014,GILLIG,CITY TRANSIT BUS,39.1432297,-77.200655,2024,5,16
240024663,Property Damage Crash,05/24/2024 04:10:00 PM,NA,NA,Front to Rear,Clear,NA,Daylight,NA,NONE DETECTED,No,No Apparent Injury,NA,Not Distracted,MD,Sport Utility Vehicle,Parked,0,No,2017,FORD,EXPLORER,38.99757059,-77.02541365,2024,5,16
240024663,Property Damage Crash,05/24/2024 04:10:00 PM,NA,NA,Front to Rear,Clear,NA,Daylight,NA,NONE DETECTED,Yes,NA,NA,NA,NA,Passenger Car,NA,0,No,2016,BMW,UNKNOWN,38.99757059,-77.02541365,2024,5,16
240024656,Property Damage Crash,05/24/2024 03:58:00 PM,SOUTHLAWN LA,NA,Front to Rear,Clear,Dry,Daylight,No Controls,NONE DETECTED,No,No Apparent Injury,NA,Unknown,NA,Other,Moving Constant Speed,15,No,2017,PETERBILT,389,39.09863296,-77.13620629,2024,5,15
240024656,Property Damage Crash,05/24/2024 03:58:00 PM,SOUTHLAWN LA,NA,Front to Rear,Clear,Dry,Daylight,No Controls,NONE DETECTED,No,No Apparent Injury,NA,Not Distracted,MD,Pickup,Parked,15,No,2005,FORD,F-250,39.09863296,-77.13620629,2024,5,15
240024650,Property Damage Crash,05/24/2024 03:53:00 PM,RIVER RD,NA,Rear To Side,Clear,Dry,Daylight,Traffic Control Signal,NONE DETECTED,No,No Apparent Injury,NA,Not Distracted,MD,Passenger Car,Stopped in Traffic,30,No,2023,BMW,M4,38.97310522,-77.1222977,2024,5,15
240024650,Property Damage Crash,05/24/2024 03:53:00 PM,RIVER RD,NA,Rear To Side,Clear,Dry,Daylight,Traffic Control Signal,NONE DETECTED,Yes,No Apparent Injury,Failed to Yield Right-of-Way,Not Distracted,VA,Passenger Car,Turning Left,35,No,2012,NISSAN,PATHFINDER,38.97310522,-77.1222977,2024,5,15
240024650,Property Damage Crash,05/24/2024 03:53:00 PM,RIVER RD,NA,Rear To Side,Clear,Dry,Daylight,Traffic Control Signal,NONE DETECTED,No,No Apparent Injury,NA,Not Distracted,MD,Pickup,Moving Constant Speed,35,No,2015,GMC,SILVERADO MEDIUM DUTY (GM515),38.97310522,-77.1222977,2024,5,15
240024641,Injury Crash,05/24/2024 03:45:00 PM,NA,Scooter (electric),Single Vehicle,Clear,Dry,Daylight,Pedestrian Crossing Sign,NONE DETECTED,No,No Apparent Injury,Failed to Yield Right-of-Way,Unknown,MD,Passenger Car,Turning Left,15,No,2020,TOYOTA,C-HR,38.98323571,-77.01546145,2024,5,15
240024640,Injury Crash,05/24/2024 03:41:00 PM,NEWCUT RD,Pedestrian,Single Vehicle,Clear,Dry,Daylight,No Controls,NONE DETECTED,No,No Apparent Injury,NA,Not Distracted,MD,Passenger Car,Moving Constant Speed,30,No,2024,LEXUS,RX,39.22681996,-77.25171045,2024,5,15
240024634,Injury Crash,05/24/2024 03:16:00 PM,KEY WEST AVE (WB/L),NA,Single Vehicle,Clear,Dry,Daylight,Traffic Control Signal,NONE DETECTED,Yes,Possible Minor Injury,"Disregarded Other Road Markings, Ran Off Roadway",Unknown,MD,Passenger Car,Moving Constant Speed,40,No,2024,TOYOTA,COROLLA,39.1052121,-77.20128419,2024,5,15
240024636,Property Damage Crash,05/24/2024 03:15:00 PM,RANDOLPH RD,NA,Front to Rear,Clear,Dry,Daylight,No Controls,NONE DETECTED,Yes,No Apparent Injury,NA,Unknown,MD,Pickup,Slowing or Stopping,30,No,2012,DODGE,RAM,39.0574969,-77.05189928,2024,5,15
240024636,Property Damage Crash,05/24/2024 03:15:00 PM,RANDOLPH RD,NA,Front to Rear,Clear,Dry,Daylight,No Controls,NONE DETECTED,No,No Apparent Injury,NA,Not Distracted,MD,Passenger Car,Slowing or Stopping,30,No,2021,FORD,EXPLORER,39.0574969,-77.05189928,2024,5,15
240024636,Property Damage Crash,05/24/2024 03:15:00 PM,RANDOLPH RD,NA,Front to Rear,Clear,Dry,Daylight,No Controls,NONE DETECTED,Yes,No Apparent Injury,Followed Too Closely,Unknown,MD,Passenger Car,Slowing or Stopping,30,No,2022,HONDA,CIVIC,39.0574969,-77.05189928,2024,5,15
240024623,Injury Crash,05/24/2024 02:41:00 PM,BANK ST,NA,Other,Clear,Dry,Daylight,No Controls,NONE DETECTED,No,No Apparent Injury,NA,Not Distracted,MD,Passenger Car,Turning Right,15,No,2011,DODGE,GRAND CARAVAN,39.14037327,-77.222843,2024,5,14
240024623,Injury Crash,05/24/2024 02:41:00 PM,BANK ST,NA,Other,Clear,Dry,Daylight,No Controls,NONE DETECTED,No,Possible Minor Injury,NA,Not Distracted,MD,Passenger Car,Stopped in Traffic,15,No,2012,TOYOTA,SIENNA,39.14037327,-77.222843,2024,5,14
240024612,Injury Crash,05/24/2024 01:48:00 PM,COLESVILLE RD (WB/L),NA,"Sideswipe, Same Direction",Clear,Dry,Daylight,No Controls,NONE DETECTED,No,No Apparent Injury,NA,Not Distracted,MD,Bus - Transit,Accelerating,30,No,2014,NABI,BRT,38.99593088,-77.02821678,2024,5,13
240024612,Injury Crash,05/24/2024 01:48:00 PM,COLESVILLE RD (WB/L),NA,"Sideswipe, Same Direction",Clear,Dry,Daylight,No Controls,NONE DETECTED,Yes,No Apparent Injury,Other Improper Action,"Other Action (looking away from task, etc.)",MD,Passenger Car,Changing Lanes,30,No,2007,HONDA,CR-V,38.99593088,-77.02821678,2024,5,13
240024708,Property Damage Crash,05/24/2024 01:30:00 PM,NA,NA,Angle,Clear,Dry,Daylight,No Controls,NONE DETECTED,No,No Apparent Injury,NA,Not Distracted,MD,Passenger Car,Moving Constant Speed,30,No,2023,KIA,TELLURIDE,39.19232787,-77.15220439,2024,5,13
240024708,Property Damage Crash,05/24/2024 01:30:00 PM,NA,NA,Angle,Clear,Dry,Daylight,No Controls,NONE DETECTED,No,No Apparent Injury,Improper Passing,Not Distracted,NA,Passenger Car,Overtaking/Passing,30,No,2019,FORD,TRANSIT,39.19232787,-77.15220439,2024,5,13
240024605,Injury Crash,05/24/2024 01:19:00 PM,CONNECTICUT AVE (SB/L),NA,Front to Rear,Clear,Dry,Daylight,Traffic Control Signal,NONE DETECTED,Yes,Possible Minor Injury,NA,Unknown,MD,Van - Cargo,Slowing or Stopping,30,No,2015,RAM,PROMASTER 1500,39.029702639999996,-77.07600467,2024,5,13
240024605,Injury Crash,05/24/2024 01:19:00 PM,CONNECTICUT AVE (SB/L),NA,Front to Rear,Clear,Dry,Daylight,Traffic Control Signal,NONE DETECTED,No,No Apparent Injury,NA,Not Distracted,MD,Sport Utility Vehicle,Slowing or Stopping,30,No,2016,HONDA,CR-V,39.029702639999996,-77.07600467,2024,5,13
240024604,Injury Crash,05/24/2024 01:03:00 PM,LAYTONSVILLE RD,NA,"Sideswipe, Same Direction",Clear,Dry,Daylight,No Controls,NONE DETECTED,Yes,No Apparent Injury,"Operated Motor Vehicle in Inattentive, Careless, Negligent, or Erratic Manner","Other Action (looking away from task, etc.)",MD,Passenger Car,Moving Constant Speed,50,No,2016,RAM,1500,39.24635964,-77.14374599,2024,5,13
240024604,Injury Crash,05/24/2024 01:03:00 PM,LAYTONSVILLE RD,NA,"Sideswipe, Same Direction",Clear,Dry,Daylight,No Controls,NONE DETECTED,No,Possible Minor Injury,NA,Not Distracted,MD,Passenger Car,Turning Left,50,No,2022,HONDA,PILOT,39.24635964,-77.14374599,2024,5,13
240024599,Property Damage Crash,05/24/2024 12:00:00 PM,NA,NA,Single Vehicle,Clear,Dry,Daylight,No Controls,NONE DETECTED,Yes,No Apparent Injury,Ran Off Roadway,Not Distracted,MD,Passenger Car,Moving Constant Speed,30,No,2012,TOYOTA,CAMRY,39.106844,-76.9934675,2024,5,12
240024592,Property Damage Crash,05/24/2024 11:59:00 AM,THOMPSON DAIRY WAY,NA,Rear To Side,Cloudy,Dry,Daylight,Traffic Control Signal,NONE DETECTED,Yes,No Apparent Injury,NA,Not Distracted,MD,Other Trucks,Turning Right,30,No,2019,SEAGRAVE,LADDER,39.11265862,-77.1713826,2024,5,11
240024592,Property Damage Crash,05/24/2024 11:59:00 AM,THOMPSON DAIRY WAY,NA,Rear To Side,Cloudy,Dry,Daylight,Traffic Control Signal,NONE DETECTED,No,No Apparent Injury,NA,Not Distracted,MD,Passenger Car,Stopped in Traffic,30,No,2021,TOYOTA,CAMRY,39.11265862,-77.1713826,2024,5,11
240024589,Injury Crash,05/24/2024 11:54:00 AM,NA,Pedestrian,Single Vehicle,Cloudy,Dry,Daylight,Pedestrian Crossing,NONE DETECTED,No,No Apparent Injury,Failed to Yield Right-of-Way,Not Distracted,MD,Passenger Car,Turning Left,35,No,2001,LEXUS,ES,39.14751986,-77.23289754,2024,5,11
240024579,Injury Crash,05/24/2024 11:01:00 AM,GEORGIA AVE,NA,Single Vehicle,Cloudy,Dry,Daylight,No Controls,NONE DETECTED,No,Possible Minor Injury,Too Fast For Conditions,Unknown,MD,Sport Utility Vehicle,Moving Constant Speed,30,No,2021,KIA,SPORTAGE,39.21792667,-77.061015,2024,5,11
240024576,Injury Crash,05/24/2024 10:45:00 AM,HAMPTON HOLLOW DR,NA,Single Vehicle,Clear,Dry,Daylight,No Controls,NONE DETECTED,Yes,Possible Minor Injury,NA,Not Distracted,MD,Passenger Car,Moving Constant Speed,20,No,2012,HONDA,CR-V,39.07518317,-76.939809,2024,5,10
240024564,Property Damage Crash,05/24/2024 09:00:00 AM,BROOKS AVE,NA,"Sideswipe, Same Direction",Cloudy,Dry,Daylight,No Controls,NONE DETECTED,Yes,No Apparent Injury,NA,Not Distracted,MD,Pickup,Moving Constant Speed,25,No,2023,FORD,F-350,39.144147,-77.19464567,2024,5,9
240024557,Injury Crash,05/24/2024 08:51:00 AM,COLUMBIA PIKE,Cyclist (non-electric),Single Vehicle,Clear,Dry,Daylight,No Controls,NONE DETECTED,Yes,No Apparent Injury,Failed to Yield Right-of-Way,Not Distracted,MD,Passenger Car,Turning Right,40,No,2004,HONDA,PILOT,39.03178688,-77.00401095,2024,5,8
240024553,Injury Crash,05/24/2024 08:22:00 AM,ROCKVILLE PIKE,NA,Front to Rear,Clear,Dry,Daylight,Traffic Control Signal,NONE DETECTED,Yes,No Apparent Injury,NA,"Other Action (looking away from task, etc.)",MD,Pickup,Slowing or Stopping,30,No,2017,CHEVROLET,COLORADO,39.04482272,-77.11150308,2024,5,8
240024553,Injury Crash,05/24/2024 08:22:00 AM,ROCKVILLE PIKE,NA,Front to Rear,Clear,Dry,Daylight,Traffic Control Signal,NONE DETECTED,No,Possible Minor Injury,NA,Not Distracted,MD,Sport Utility Vehicle,Stopped in Traffic,30,No,2012,LEXUS,RX,39.04482272,-77.11150308,2024,5,8
240024551,Injury Crash,05/24/2024 07:47:00 AM,COLESVILLE RD (SB/L),NA,Front to Rear,Clear,Dry,Daylight,No Controls,NONE DETECTED,No,Possible Minor Injury,NA,Not Distracted,MD,Passenger Car,Slowing or Stopping,40,No,2012,HONDA,ACCORD,39.02564538,-77.01100601,2024,5,7