Local Case Number,ACRS Report Type,Crash Date/Time,Road Name,Related Non-Motorist,Collision Type,Weather,Surface Condition,Light,Traffic Control,Driver Substance Abuse,Driver At Fault,Injury Severity,Circumstance,Driver Distracted By,Drivers License State,Vehicle Body Type,Vehicle Movement,Speed Limit,Driverless Vehicle,Vehicle Year,Vehicle Make,Vehicle Model,Latitude,Longitude,Year,Month,Hour
240024551,Injury Crash,05/24/2024 07:47:00 AM,COLESVILLE RD (SB/L),NA,Front to Rear,Clear,Dry,Daylight,No Controls,NONE DETECTED,Yes,No Apparent Injury,Other Improper Action,Not Distracted,MD,Sport Utility Vehicle,Moving Constant Speed,40,No,2017,VOLKSWAGEN,TOUAREG,39.02564538,-77.01100601,2024,5,7
240024562,Injury Crash,05/24/2024 07:42:00 AM,NA,Cyclist (non-electric),Single Vehicle,Clear,NA,Daylight,NA,NONE DETECTED,No,No Apparent Injury,NA,Not Distracted,MD,Sport Utility Vehicle,Turning Right,0,No,2015,SUBARU,FORESTER,39.02668311,-77.12765288,2024,5,7
240024549,Injury Crash,05/24/2024 07:26:00 AM,COLUMBIA PIKE (SB/L),NA,Front to Rear,Clear,Dry,Daylight,No Controls,NONE DETECTED,Yes,No Apparent Injury,"Followed Too Closely, Too Fast For Conditions",Not Distracted,MD,Passenger Car,Moving Constant Speed,50,No,2020,AUDI,A3,39.05349668,-76.97603562,2024,5,7
240024549,Injury Crash,05/24/2024 07:26:00 AM,COLUMBIA PIKE (SB/L),NA,Front to Rear,Clear,Dry,Daylight,No Controls,NONE DETECTED,No,Possible Minor Injury,NA,Not Distracted,MD,Passenger Car,Moving Constant Speed,50,No,2023,HONDA,CR-V,39.05349668,-76.97603562,2024,5,7
240024548,Property Damage Crash,05/24/2024 07:10:00 AM,BLAINE DR,NA,"Sideswipe, Same Direction",Clear,Dry,Daylight,Stop Sign,NONE DETECTED,No,No Apparent Injury,Improper Passing,Not Distracted,MD,Bus - School,Turning Right,25,No,2014,THML,THML,38.99097283,-77.05793633,2024,5,7
240024546,Property Damage Crash,05/24/2024 06:56:00 AM,LAYTONSVILLE RD,NA,Single Vehicle,Cloudy,Wet,Daylight,No Controls,NONE DETECTED,Yes,No Apparent Injury,"Failed to Keep in Proper Lane, Over-Correcting/Over-Steering, Ran Off Roadway",Not Distracted,MD,Passenger Car,Moving Constant Speed,50,No,2008,HONDA,CIVIC,39.2436808,-77.14392443,2024,5,6
240024545,Injury Crash,05/24/2024 06:34:00 AM,OLD GEORGETOWN RD (SB/L),NA,Front to Rear,Clear,Dry,Daylight,No Controls,NONE DETECTED,Yes,Possible Minor Injury,Failed to Yield Right-of-Way,Not Distracted,NA,Van - Passenger (&lt;9 Seats),Changing Lanes,35,No,2019,DODGE,CARAVAN,39.01450617,-77.1184655,2024,5,6
240024545,Injury Crash,05/24/2024 06:34:00 AM,OLD GEORGETOWN RD (SB/L),NA,Front to Rear,Clear,Dry,Daylight,No Controls,NONE DETECTED,No,Possible Minor Injury,NA,Not Distracted,MD,Passenger Car,Moving Constant Speed,35,No,2020,NISSAN,SENTRA,39.01450617,-77.1184655,2024,5,6
240024543,Property Damage Crash,05/24/2024 05:05:00 AM,STRINGTOWN RD,NA,Angle,Cloudy,Dry,Dark,Flashing Traffic Control Signal,NONE DETECTED,No,No Apparent Injury,NA,Not Distracted,MD,Passenger Car,Moving Constant Speed,35,No,2017,NISSAN,ALTIMA,39.23472463,-77.28128112,2024,5,5
240024543,Property Damage Crash,05/24/2024 05:05:00 AM,STRINGTOWN RD,NA,Angle,Cloudy,Dry,Dark,Flashing Traffic Control Signal,NONE DETECTED,Yes,No Apparent Injury,Failed to Yield Right-of-Way,Not Distracted,MD,Sport Utility Vehicle,Turning Left,35,No,2017,LINCOLN,MKC,39.23472463,-77.28128112,2024,5,5
240024537,Injury Crash,05/23/2024 11:03:00 PM,GUE RD,NA,Single Vehicle,Clear,Wet,Dark,No Controls,NONE DETECTED,Yes,Suspected Serious Injury,NA,Unknown,MD,Passenger Car,Moving Constant Speed,25,No,2012,TOYOTA,CAMRY,39.30244036,-77.17789142,2024,5,23
240024506,Property Damage Crash,05/23/2024 06:58:00 PM,STRINGTOWN RD,NA,Rear To Side,Rain,Wet,Daylight,Traffic Control Signal,NONE DETECTED,No,No Apparent Injury,NA,Not Distracted,MD,Sport Utility Vehicle,Moving Constant Speed,40,No,2020,ALFA ROMEO,STELVIO,39.234665,-77.281355,2024,5,18
240024506,Property Damage Crash,05/23/2024 06:58:00 PM,STRINGTOWN RD,NA,Rear To Side,Rain,Wet,Daylight,Traffic Control Signal,NONE DETECTED,Yes,No Apparent Injury,NA,Not Distracted,MD,Sport Utility Vehicle,Turning Left,40,No,2020,BUICK,ENCLAVE,39.234665,-77.281355,2024,5,18
240024511,Property Damage Crash,05/23/2024 06:38:00 PM,BRADLEY LA,NA,Single Vehicle,Clear,Dry,Daylight,No Controls,NONE DETECTED,No,No Apparent Injury,Other Improper Action,Unknown,NA,Station Wagon,Accelerating,25,No,0,NA,NA,38.9767203,-77.0726934,2024,5,18
240024499,Property Damage Crash,05/23/2024 06:16:00 PM,NA,NA,"Sideswipe, Same Direction",Clear,NA,Daylight,NA,NONE DETECTED,No,No Apparent Injury,NA,Not Distracted,MD,Passenger Car,Parked,0,No,2023,TOYOTA,HIGHLANDER,39.23782037,-77.27628016,2024,5,18
240024499,Property Damage Crash,05/23/2024 06:16:00 PM,NA,NA,"Sideswipe, Same Direction",Clear,NA,Daylight,NA,NONE DETECTED,Yes,No Apparent Injury,Over-Correcting/Over-Steering,Unknown,NA,Pickup,Slowing or Stopping,0,No,2006,FORD,F-150,39.23782037,-77.27628016,2024,5,18
240024500,Property Damage Crash,05/23/2024 06:13:00 PM,EAST WEST HWY (WB/L),NA,Front to Rear,Clear,Dry,Daylight,Traffic Control Signal,NONE DETECTED,No,NA,NA,NA,NA,Sport Utility Vehicle,Accelerating,35,No,2024,JEEP,WRANGLER,38.99459376,-77.03609486,2024,5,18
240024500,Property Damage Crash,05/23/2024 06:13:00 PM,EAST WEST HWY (WB/L),NA,Front to Rear,Clear,Dry,Daylight,Traffic Control Signal,NONE DETECTED,No,No Apparent Injury,NA,Not Distracted,MD,Station Wagon,Slowing or Stopping,35,No,2019,VOLKSWAGEN,GOLF ALLTRACK,38.99459376,-77.03609486,2024,5,18
240024492,Property Damage Crash,05/23/2024 05:50:00 PM,NEWBRIDGE DR,NA,Front to Rear,Clear,Dry,Daylight,Stop Sign,NONE DETECTED,No,No Apparent Injury,NA,Not Distracted,MD,Passenger Car,Stopped in Traffic,25,No,2014,AUDI,A4,39.00998343,-77.19635848,2024,5,17
240024492,Property Damage Crash,05/23/2024 05:50:00 PM,NEWBRIDGE DR,NA,Front to Rear,Clear,Dry,Daylight,Stop Sign,NONE DETECTED,No,No Apparent Injury,NA,Not Distracted,NA,Passenger Car,Backing,25,No,2012,HONDA,ACCORD,39.00998343,-77.19635848,2024,5,17
240024489,Injury Crash,05/23/2024 05:45:00 PM,RIPPLING BROOK DR,Cyclist (non-electric),Single Vehicle,Clear,Dry,Daylight,No Controls,NONE DETECTED,No,No Apparent Injury,NA,Not Distracted,MD,Sport Utility Vehicle,Stopped in Traffic,15,No,2016,TOYOTA,HIGHLANDER,39.08119582,-77.05585881,2024,5,17
240024486,Property Damage Crash,05/23/2024 05:01:00 PM,NA,NA,Other,Clear,Dry,Daylight,Traffic Control Signal,NONE DETECTED,No,No Apparent Injury,Other Improper Action,Not Distracted,MD,Passenger Car,Moving Constant Speed,25,No,2017,JEEP,CHEROKEE,38.99574194,-77.00585908,2024,5,17
240024486,Property Damage Crash,05/23/2024 05:01:00 PM,NA,NA,Other,Clear,Dry,Daylight,Traffic Control Signal,NONE DETECTED,No,No Apparent Injury,Other Improper Action,Not Distracted,MD,Passenger Car,Moving Constant Speed,30,No,2016,HYUNDAI,SONATA,38.99574194,-77.00585908,2024,5,17
240024478,Injury Crash,05/23/2024 04:40:00 PM,GEORGIA AVE,NA,Front to Rear,Clear,Dry,Daylight,Traffic Control Signal,NONE DETECTED,No,No Apparent Injury,NA,Not Distracted,MD,Pickup,Moving Constant Speed,45,No,2016,FORD,F-150,39.10867647,-77.07621005,2024,5,16
240024478,Injury Crash,05/23/2024 04:40:00 PM,GEORGIA AVE,NA,Front to Rear,Clear,Dry,Daylight,Traffic Control Signal,NONE DETECTED,Yes,Possible Minor Injury,"Failed to Yield Right-of-Way, Improper Passing",Unknown,MD,Sport Utility Vehicle,Changing Lanes,45,No,2015,ACURA,MDX,39.10867647,-77.07621005,2024,5,16
240024475,Property Damage Crash,05/23/2024 04:19:00 PM,STANFORD ST,NA,Rear To Side,Clear,Dry,Daylight,No Controls,NONE DETECTED,No,No Apparent Injury,NA,Not Distracted,MD,Bus - School,Parked,25,No,2023,FREIGHTLINER,SBFD,38.97904608,-77.086046,2024,5,16
240024475,Property Damage Crash,05/23/2024 04:19:00 PM,STANFORD ST,NA,Rear To Side,Clear,Dry,Daylight,No Controls,NONE DETECTED,Yes,No Apparent Injury,NA,Not Distracted,MD,Pickup,Backing,25,No,2021,TOYOTA,TACOMA,38.97904608,-77.086046,2024,5,16
240024470,Property Damage Crash,05/23/2024 04:06:00 PM,NA,NA,Single Vehicle,Clear,NA,Daylight,NA,NONE DETECTED,No,No Apparent Injury,NA,Not Distracted,MD,Bus - School,Accelerating,0,No,2016,THOMAS BUILT,UNKNOWN,39.20678131,-77.14075717,2024,5,16
240024468,Injury Crash,05/23/2024 04:02:00 PM,WOODMONT AVE,Pedestrian,Single Vehicle,Clear,Dry,Daylight,Pedestrian Crossing,NONE DETECTED,No,NA,NA,NA,NA,Sport Utility Vehicle,NA,30,No,0,NA,NA,38.99524152,-77.09669791,2024,5,16
240024467,Injury Crash,05/23/2024 03:55:00 PM,CRYSTAL ROCK DR,NA,Angle,Clear,Dry,Daylight,No Controls,NONE DETECTED,Yes,Possible Minor Injury,"Failed to Yield Right-of-Way, Improper Turn","Other Action (looking away from task, etc.)",MD,Station Wagon,Turning Left,40,No,2021,SUBARU,CROSSTREK,39.19023152,-77.26653857,2024,5,15
240024467,Injury Crash,05/23/2024 03:55:00 PM,CRYSTAL ROCK DR,NA,Angle,Clear,Dry,Daylight,No Controls,NONE DETECTED,No,Possible Minor Injury,NA,Not Distracted,WV,Sport Utility Vehicle,Moving Constant Speed,40,No,2019,GMC,ACADIA,39.19023152,-77.26653857,2024,5,15
240024457,Injury Crash,05/23/2024 03:30:00 PM,SNOUFFERS SCHOOL RD,NA,Rear To Side,Clear,Dry,Daylight,Traffic Control Signal,NONE DETECTED,Yes,Possible Minor Injury,NA,Not Distracted,MD,Passenger Car,Turning Left,40,No,2010,CADILLAC,DTS,39.18296451,-77.18215192,2024,5,15
240024457,Injury Crash,05/23/2024 03:30:00 PM,SNOUFFERS SCHOOL RD,NA,Rear To Side,Clear,Dry,Daylight,Traffic Control Signal,NONE DETECTED,No,Possible Minor Injury,NA,Not Distracted,MD,Passenger Car,Moving Constant Speed,40,No,2008,HONDA,ODYSSEY,39.18296451,-77.18215192,2024,5,15
240024035,Injury Crash,05/23/2024 03:21:00 PM,NA,Pedestrian,Single Vehicle,Clear,NA,Daylight,NA,NONE DETECTED,No,NA,NA,NA,NA,NA,Entering Traffic Lane,0,No,0,NA,NA,39.07463562,-77.00210476,2024,5,15
240024452,Property Damage Crash,05/23/2024 03:00:00 PM,QUINCE ORCHARD RD,NA,Front to Rear,Clear,Dry,Daylight,Traffic Control Signal,NONE DETECTED,Yes,No Apparent Injury,Followed Too Closely,Unknown,MD,Passenger Car,Slowing or Stopping,40,No,2016,HONDA,CIVIC,39.14011919,-77.22178427,2024,5,15
240024452,Property Damage Crash,05/23/2024 03:00:00 PM,QUINCE ORCHARD RD,NA,Front to Rear,Clear,Dry,Daylight,Traffic Control Signal,NONE DETECTED,No,No Apparent Injury,Other Improper Action,Not Distracted,MD,Van - Passenger (&lt;9 Seats),Stopped in Traffic,40,No,2014,CHEVROLET,EXPRESS,39.14011919,-77.22178427,2024,5,15
240024463,Property Damage Crash,05/23/2024 02:53:00 PM,PINEY BRANCH RD,NA,Other,Clear,Dry,Daylight,Traffic Control Signal,NONE DETECTED,Yes,No Apparent Injury,NA,Not Distracted,MD,Other,Turning Left,25,No,2022,FORD,F-550,38.99372323,-77.00903022,2024,5,14
240024463,Property Damage Crash,05/23/2024 02:53:00 PM,PINEY BRANCH RD,NA,Other,Clear,Dry,Daylight,Traffic Control Signal,NONE DETECTED,No,No Apparent Injury,NA,Not Distracted,MD,Passenger Car,Moving Constant Speed,25,No,2022,TESLA,MODEL S,38.99372323,-77.00903022,2024,5,14
240024440,Injury Crash,05/23/2024 02:30:00 PM,GEORGIA AVE,NA,Angle,Clear,Dry,Daylight,No Controls,NONE DETECTED,Yes,No Apparent Injury,Failed to Yield Right-of-Way,Not Distracted,MD,Sport Utility Vehicle,Entering Traffic Lane,30,No,2015,AUDI,Q3,38.98687317,-77.02666633,2024,5,14
240024440,Injury Crash,05/23/2024 02:30:00 PM,GEORGIA AVE,NA,Angle,Clear,Dry,Daylight,No Controls,NONE DETECTED,No,Possible Minor Injury,NA,Not Distracted,DC,Sport Utility Vehicle,Changing Lanes,30,No,2023,JEEP,GRAND CHEROKEE,38.98687317,-77.02666633,2024,5,14
240024425,Property Damage Crash,05/23/2024 01:43:00 PM,FIRSTFIELD RD (EB/L),NA,Angle,Clear,Dry,Daylight,Stop Sign,NONE DETECTED,No,No Apparent Injury,NA,Unknown,MD,Passenger Car,Turning Left,25,No,2010,TOYOTA,CAMRY,39.14187067,-77.22445333,2024,5,13
240024425,Property Damage Crash,05/23/2024 01:43:00 PM,FIRSTFIELD RD (EB/L),NA,Angle,Clear,Dry,Daylight,No Controls,NONE DETECTED,No,No Apparent Injury,NA,Not Distracted,MD,Passenger Car,Moving Constant Speed,30,No,2008,HONDA,PILOT,39.14187067,-77.22445333,2024,5,13
240024209,Injury Crash,05/23/2024 12:06:00 PM,RIDGE RD (SB/L),NA,Front to Rear,Cloudy,Wet,Daylight,No Controls,NONE DETECTED,No,Possible Minor Injury,NA,Not Distracted,MD,Passenger Car,Turning Left,35,No,2014,TOYOTA,PRIUS,39.28016417,-77.21190768,2024,5,12
240024209,Injury Crash,05/23/2024 12:06:00 PM,RIDGE RD (SB/L),NA,Front to Rear,Cloudy,Wet,Daylight,No Controls,NONE DETECTED,Yes,No Apparent Injury,Followed Too Closely,Unknown,MD,Passenger Car,Slowing or Stopping,35,No,2004,FORD,F-250,39.28016417,-77.21190768,2024,5,12
240024395,Property Damage Crash,05/23/2024 11:34:00 AM,COLUMBIA PIKE (SB/L),NA,Front to Rear,Cloudy,Dry,Daylight,Traffic Control Signal,NONE DETECTED,No,No Apparent Injury,NA,Not Distracted,MD,Passenger Car,Stopped in Traffic,50,No,2023,NISSAN,ROGUE,39.09605408,-76.93780624,2024,5,11
240024395,Property Damage Crash,05/23/2024 11:34:00 AM,COLUMBIA PIKE (SB/L),NA,Front to Rear,Cloudy,Dry,Daylight,Traffic Control Signal,NONE DETECTED,Yes,No Apparent Injury,Over-Correcting/Over-Steering,Not Distracted,MD,Passenger Car,Slowing or Stopping,50,No,2021,NISSAN,SENTRA,39.09605408,-76.93780624,2024,5,11
240024380,Property Damage Crash,05/23/2024 10:45:00 AM,SPRING AVE,NA,Other,Rain,Wet,Daylight,No Controls,NONE DETECTED,No,No Apparent Injury,NA,Not Distracted,MD,Pickup,Backing,25,No,2004,CHEVROLET,SILVERADO HD,39.09325112,-77.14973797,2024,5,10
240024380,Property Damage Crash,05/23/2024 10:45:00 AM,SPRING AVE,NA,Other,Rain,Wet,Daylight,No Controls,NONE DETECTED,No,No Apparent Injury,NA,Not Distracted,MD,Van - Cargo,Parked,25,No,2018,FORD,E-150,39.09325112,-77.14973797,2024,5,10
240024375,Property Damage Crash,05/23/2024 10:14:00 AM,SERPENTINE WAY,NA,Front to Rear,Rain,Wet,Daylight,Traffic Control Signal,NONE DETECTED,No,No Apparent Injury,NA,Not Distracted,MD,Bus - School,Slowing or Stopping,35,No,2021,FREIGHTLINER,B2 BUS CHASSIS,39.06430665,-76.96890863,2024,5,10
240024375,Property Damage Crash,05/23/2024 10:14:00 AM,SERPENTINE WAY,NA,Front to Rear,Rain,Wet,Daylight,Traffic Control Signal,NONE DETECTED,Yes,No Apparent Injury,Over-Correcting/Over-Steering,Not Distracted,MD,Pickup,Moving Constant Speed,35,No,2014,CHEVROLET,SILVERADO EV,39.06430665,-76.96890863,2024,5,10
240024375,Property Damage Crash,05/23/2024 10:14:00 AM,SERPENTINE WAY,NA,Front to Rear,Rain,Wet,Daylight,Traffic Control Signal,NONE DETECTED,No,No Apparent Injury,NA,Not Distracted,MD,Passenger Car,Slowing or Stopping,35,No,2019,HYUNDAI,IONIQ,39.06430665,-76.96890863,2024,5,10
240024371,Injury Crash,05/23/2024 10:11:00 AM,TWINBROOK PKWY,NA,"Sideswipe, Same Direction",Rain,Wet,Daylight,No Controls,NONE DETECTED,No,Possible Minor Injury,NA,Not Distracted,MD,Passenger Car,Moving Constant Speed,35,No,2008,NISSAN,ALTIMA,39.07216667,-77.113085,2024,5,10
240024371,Injury Crash,05/23/2024 10:11:00 AM,TWINBROOK PKWY,NA,"Sideswipe, Same Direction",Rain,Wet,Daylight,No Controls,NONE DETECTED,Yes,No Apparent Injury,NA,"Other Action (looking away from task, etc.)",MD,Passenger Car,Changing Lanes,35,No,1999,TOYOTA,RAV4,39.07216667,-77.113085,2024,5,10
240024361,Property Damage Crash,05/23/2024 09:30:00 AM,BRINK RD,NA,Front to Rear,Rain,Wet,Daylight,Stop Sign,NONE DETECTED,No,No Apparent Injury,NA,Not Distracted,MD,Passenger Car,Moving Constant Speed,35,No,2020,HONDA,ACCORD,39.20116723,-77.20385432,2024,5,9
240024361,Property Damage Crash,05/23/2024 09:30:00 AM,BRINK RD,NA,Front to Rear,Rain,Wet,Daylight,Stop Sign,NONE DETECTED,Yes,No Apparent Injury,Followed Too Closely,Not Distracted,MD,Passenger Car,Moving Constant Speed,35,No,2017,HYUNDAI,IONIQ,39.20116723,-77.20385432,2024,5,9
240024348,Injury Crash,05/23/2024 07:35:00 AM,LOCKWOOD DR (SB/L),NA,Front to Rear,Clear,Dry,Daylight,Traffic Control Signal,NONE DETECTED,Yes,No Apparent Injury,Other Improper Action,Not Distracted,MD,Passenger Car,Changing Lanes,30,No,2015,CHRYSLER,200,39.0400894,-76.98999519,2024,5,7
240024348,Injury Crash,05/23/2024 07:35:00 AM,LOCKWOOD DR (SB/L),NA,Front to Rear,Clear,Dry,Daylight,Traffic Control Signal,NONE DETECTED,No,No Apparent Injury,NA,Not Distracted,MX-MEX,Passenger Car,Slowing or Stopping,30,No,2022,VOLKSWAGEN,TIGUAN,39.0400894,-76.98999519,2024,5,7
240024343,Injury Crash,05/23/2024 07:04:00 AM,FELLOWSHIP CIR,Wheelchair (electric),Single Vehicle,Cloudy,Dry,Daylight,Stop Sign,NONE DETECTED,Yes,No Apparent Injury,NA,Unknown,MD,Passenger Car,Moving Constant Speed,20,No,2020,FORD,ESCAPE,39.14847788,-77.19880316,2024,5,7
240024340,Injury Crash,05/23/2024 06:09:00 AM,UNIVERSITY BLVD E (WB/L),NA,Single Vehicle,Clear,Dry,Daylight,No Controls,NONE DETECTED,Yes,Possible Minor Injury,Over-Correcting/Over-Steering,Not Distracted,MD,Pickup,Moving Constant Speed,30,No,2020,TOYOTA,TACOMA,38.99743254,-76.99359041,2024,5,6
240024328,Property Damage Crash,05/22/2024 11:31:00 PM,WISCONSIN AVE,NA,Front to Rear,Clear,Dry,Medium,Traffic Control Signal,ALCOHOL PRESENT,Yes,No Apparent Injury,"Failed to Keep in Proper Lane, Failed to Yield Right-of-Way, Followed Too Closely, Improper Passing, Operated Motor Vehicle in Inattentive, Careless, Negligent, or Erratic Manner, Operated Motor Vehicle in Reckless or Aggressive Manner, Too Fast For Conditions",Unknown,MD,Passenger Car,Moving Constant Speed,25,No,2017,HONDA,ACCORD,38.97834852,-77.09111006,2024,5,23
240024328,Property Damage Crash,05/22/2024 11:31:00 PM,WISCONSIN AVE,NA,Front to Rear,Clear,Dry,Medium,Traffic Control Signal,NONE DETECTED,No,No Apparent Injury,NA,Not Distracted,MD,Passenger Car,Moving Constant Speed,25,No,2022,TOYOTA,COROLLA,38.97834852,-77.09111006,2024,5,23
240024311,Property Damage Crash,05/22/2024 09:11:00 PM,LONDON LA,NA,Front to Rear,Clear,Dry,Medium,No Controls,NONE DETECTED,No,NA,NA,NA,NA,Passenger Car,Moving Constant Speed,25,No,2008,ACURA,TL,39.09090583,-77.08086667,2024,5,21
240024306,Property Damage Crash,05/22/2024 09:00:00 PM,GEORGIA AVE (SB/L),NA,"Sideswipe, Same Direction",Clear,Dry,Medium,Traffic Control Signal,NONE DETECTED,No,No Apparent Injury,NA,Unknown,MD,Pickup,Turning Left,35,No,2005,FORD,F-150,39.08065804,-77.07534613,2024,5,21
240024306,Property Damage Crash,05/22/2024 09:00:00 PM,GEORGIA AVE (SB/L),NA,"Sideswipe, Same Direction",Clear,Dry,Medium,Traffic Control Signal,NONE DETECTED,No,No Apparent Injury,NA,Not Distracted,MD,Sport Utility Vehicle,Turning Left,35,No,2019,ACURA,MDX,39.08065804,-77.07534613,2024,5,21
240024297,Property Damage Crash,05/22/2024 07:25:00 PM,HOLTON LA,NA,Front to Front,Clear,Dry,Daylight,No Controls,NONE DETECTED,No,No Apparent Injury,NA,Unknown,MD,Passenger Car,Accelerating,10,No,2017,NISSAN,ROGUE,38.98583115,-76.98729935,2024,5,19
240024297,Property Damage Crash,05/22/2024 07:25:00 PM,HOLTON LA,NA,Front to Front,Clear,Dry,Daylight,No Controls,NONE DETECTED,No,No Apparent Injury,Failed to Yield Right-of-Way,Not Distracted,MD,Passenger Car,Accelerating,10,No,2019,HONDA,CIVIC,38.98583115,-76.98729935,2024,5,19
240024296,Property Damage Crash,05/22/2024 07:22:00 PM,MONTGOMERY VILLAGE AVE,NA,Rear To Side,Clear,Dry,Daylight,Traffic Control Signal,NONE DETECTED,No,No Apparent Injury,NA,Unknown,MD,Passenger Car,Turning Left,35,No,2005,TOYOTA,AVALON,39.15429518,-77.20921884,2024,5,19
240024296,Property Damage Crash,05/22/2024 07:22:00 PM,MONTGOMERY VILLAGE AVE,NA,Rear To Side,Clear,Dry,Daylight,Traffic Control Signal,NONE DETECTED,No,No Apparent Injury,NA,Not Distracted,MD,Sport Utility Vehicle,Moving Constant Speed,35,No,2020,CHEVROLET,TRAVERSE,39.15429518,-77.20921884,2024,5,19
240024280,Property Damage Crash,05/22/2024 06:09:00 PM,COMMERCE LA,NA,Front to Rear,Clear,Dry,Daylight,No Controls,NONE DETECTED,No,No Apparent Injury,NA,Not Distracted,VA,Bus - Transit,Turning Right,35,No,2013,NEW FLYER,TRANSIT BUS,38.98594693,-77.09465363,2024,5,18
240024276,Property Damage Crash,05/22/2024 05:45:00 PM,E RANDOLPH RD (WB/L),NA,"Sideswipe, Opposite Direction",Clear,Dry,Daylight,No Controls,NONE DETECTED,No,No Apparent Injury,NA,Not Distracted,MD,Passenger Car,Moving Constant Speed,35,No,2013,HONDA,PILOT,39.07055517,-76.987868,2024,5,17
240024276,Property Damage Crash,05/22/2024 05:45:00 PM,E RANDOLPH RD (WB/L),NA,"Sideswipe, Opposite Direction",Clear,Dry,Daylight,No Controls,NONE DETECTED,No,No Apparent Injury,NA,Not Distracted,MD,Passenger Car,Moving Constant Speed,35,No,2022,TOYOTA,HIGHLANDER,39.07055517,-76.987868,2024,5,17
240024276,Property Damage Crash,05/22/2024 05:45:00 PM,E RANDOLPH RD (WB/L),NA,"Sideswipe, Opposite Direction",Clear,Dry,Daylight,No Controls,NONE DETECTED,Yes,No Apparent Injury,NA,Not Distracted,MD,Passenger Car,Moving Constant Speed,35,No,2018,HONDA,CR-V,39.07055517,-76.987868,2024,5,17
240024275,Property Damage Crash,05/22/2024 05:40:00 PM,PEONY DR,NA,Rear To Side,Clear,Dry,Daylight,No Controls,NONE DETECTED,No,No Apparent Injury,NA,Unknown,MD,Passenger Car,Turning Left,30,No,2006,HONDA,CIVIC,39.13662933,-77.19266183,2024,5,17
240024275,Property Damage Crash,05/22/2024 05:40:00 PM,PEONY DR,NA,Rear To Side,Clear,Dry,Daylight,No Controls,NONE DETECTED,No,No Apparent Injury,NA,Unknown,MD,Passenger Car,Moving Constant Speed,30,No,2015,HONDA,CIVIC,39.13662933,-77.19266183,2024,5,17
240024274,Injury Crash,05/22/2024 05:28:00 PM,S ADAMS ST,NA,Angle,Clear,Dry,Daylight,No Controls,NONE DETECTED,No,Possible Minor Injury,NA,Not Distracted,MD,Sport Utility Vehicle,Moving Constant Speed,30,No,2020,VOLKSWAGEN,TIGUAN,39.08313126,-77.15472183,2024,5,17
240024274,Injury Crash,05/22/2024 05:28:00 PM,S ADAMS ST,NA,Angle,Clear,Dry,Daylight,Stop Sign,NONE DETECTED,No,No Apparent Injury,NA,Unknown,OK,Sport Utility Vehicle,Turning Left,30,No,2023,AUDI,Q5,39.08313126,-77.15472183,2024,5,17
240024273,Injury Crash,05/22/2024 05:21:00 PM,E GUDE DR (WB/L),NA,Front to Rear,Clear,Dry,Daylight,No Controls,NONE DETECTED,No,No Apparent Injury,NA,Not Distracted,NA,Sport Utility Vehicle,Stopped in Traffic,40,No,2003,TOYOTA,4-RUNNER,39.1066435,-77.15539917,2024,5,17
240024273,Injury Crash,05/22/2024 05:21:00 PM,E GUDE DR (WB/L),NA,Front to Rear,Clear,Dry,Daylight,No Controls,NONE DETECTED,Yes,No Apparent Injury,Too Fast For Conditions,Not Distracted,MD,Pickup,Slowing or Stopping,40,No,2015,TOYOTA,TACOMA,39.1066435,-77.15539917,2024,5,17
240024273,Injury Crash,05/22/2024 05:21:00 PM,E GUDE DR (WB/L),NA,Front to Rear,Clear,Dry,Daylight,No Controls,NONE DETECTED,No,Possible Minor Injury,NA,Not Distracted,MD,Passenger Car,Slowing or Stopping,40,No,2012,HONDA,CIVIC,39.1066435,-77.15539917,2024,5,17