Local Case Number,ACRS Report Type,Crash Date/Time,Road Name,Related Non-Motorist,Collision Type,Weather,Surface Condition,Light,Traffic Control,Driver Substance Abuse,Driver At Fault,Injury Severity,Circumstance,Driver Distracted By,Drivers License State,Vehicle Body Type,Vehicle Movement,Speed Limit,Driverless Vehicle,Vehicle Year,Vehicle Make,Vehicle Model,Latitude,Longitude,Year,Month,Hour
240024357,Property Damage Crash,05/22/2024 04:54:00 PM,NA,NA,Front to Rear,Clear,NA,Daylight,NA,NONE DETECTED,No,NA,NA,NA,NA,Pickup,Slowing or Stopping,0,No,2001,FORD,F-150,38.98489494,-76.98725579,2024,5,16
240024283,Property Damage Crash,05/22/2024 04:30:00 PM,OLNEY LAYTONSVILLE RD,NA,"Sideswipe, Opposite Direction",Clear,Dry,Daylight,No Controls,NONE DETECTED,No,NA,NA,NA,NA,Van - Passenger (&lt;9 Seats),Turning Left,50,No,2013,TOYOTA,SIENNA,39.18275783,-77.11004,2024,5,16
240024263,Property Damage Crash,05/22/2024 04:30:00 PM,W MONTGOMERY AVE,NA,Front to Rear,Clear,Dry,Daylight,No Controls,NONE DETECTED,No,No Apparent Injury,NA,Not Distracted,MD,Passenger Car,Stopped in Traffic,30,No,2013,TOYOTA,CAMRY,39.08565587,-77.17188474,2024,5,16
240024263,Property Damage Crash,05/22/2024 04:30:00 PM,W MONTGOMERY AVE,NA,Front to Rear,Clear,Dry,Daylight,No Controls,NONE DETECTED,No,No Apparent Injury,NA,Unknown,NA,Passenger Car,Moving Constant Speed,30,No,2008,TOYOTA,PRIUS,39.08565587,-77.17188474,2024,5,16
240024283,Property Damage Crash,05/22/2024 04:30:00 PM,OLNEY LAYTONSVILLE RD,NA,"Sideswipe, Opposite Direction",Clear,Dry,Daylight,No Controls,NONE DETECTED,No,No Apparent Injury,NA,Not Distracted,MD,Sport Utility Vehicle,Moving Constant Speed,50,No,2019,CHEVROLET,BLAZER,39.18275783,-77.11004,2024,5,16
240024257,Property Damage Crash,05/22/2024 04:15:00 PM,MUNCASTER MILL RD (WB/L),NA,Front to Rear,Clear,Dry,Daylight,Traffic Control Signal,NONE DETECTED,No,No Apparent Injury,NA,Not Distracted,MD,Passenger Car,Slowing or Stopping,35,No,2010,TOYOTA,CAMRY,39.15848857,-77.15969132,2024,5,16
240024257,Property Damage Crash,05/22/2024 04:15:00 PM,MUNCASTER MILL RD (WB/L),NA,Front to Rear,Clear,Dry,Daylight,Traffic Control Signal,NONE DETECTED,Yes,No Apparent Injury,Followed Too Closely,Not Distracted,MD,Passenger Car,Slowing or Stopping,35,No,2018,FORD,TAURUS,39.15848857,-77.15969132,2024,5,16
240024254,Property Damage Crash,05/22/2024 04:12:00 PM,NA,NA,Front to Rear,Clear,Dry,Daylight,Traffic Control Signal,NONE DETECTED,Yes,No Apparent Injury,Other Improper Action,Not Distracted,MD,Passenger Car,Stopped in Traffic,35,No,2010,TOYOTA,SIENNA,39.18295088,-77.18223666,2024,5,16
240024254,Property Damage Crash,05/22/2024 04:12:00 PM,NA,NA,Front to Rear,Clear,Dry,Daylight,Traffic Control Signal,NONE DETECTED,No,No Apparent Injury,NA,Not Distracted,MD,Passenger Car,Stopped in Traffic,35,No,2021,CHEVROLET,SPARK,39.18295088,-77.18223666,2024,5,16
240024254,Property Damage Crash,05/22/2024 04:12:00 PM,NA,NA,Front to Rear,Clear,Dry,Daylight,Traffic Control Signal,NONE DETECTED,No,No Apparent Injury,NA,Not Distracted,MD,Sport Utility Vehicle,Stopped in Traffic,35,No,2015,AUDI,Q7,39.18295088,-77.18223666,2024,5,16
240024246,Injury Crash,05/22/2024 03:30:00 PM,WOODFIELD RD,NA,Front to Rear,Cloudy,Dry,Daylight,Traffic Control Signal,NONE DETECTED,No,Possible Minor Injury,NA,Not Distracted,MD,Passenger Car,Stopped in Traffic,50,No,2016,VOLKSWAGEN,JETTA,39.16912296,-77.15415591,2024,5,15
240024246,Injury Crash,05/22/2024 03:30:00 PM,WOODFIELD RD,NA,Front to Rear,Cloudy,Dry,Daylight,Traffic Control Signal,NONE DETECTED,Yes,No Apparent Injury,NA,"Other Action (looking away from task, etc.)",MD,Other Trucks,Accelerating,50,No,2018,FORD,TRANSIT,39.16912296,-77.15415591,2024,5,15
240024241,Property Damage Crash,05/22/2024 03:08:00 PM,NA,NA,Front to Rear,Clear,Dry,Daylight,Yield Sign,NONE DETECTED,Yes,No Apparent Injury,NA,Not Distracted,MD,Passenger Car,Moving Constant Speed,30,No,2015,TOYOTA,CAMRY,39.08169334,-77.14563758,2024,5,15
240024241,Property Damage Crash,05/22/2024 03:08:00 PM,NA,NA,Front to Rear,Clear,Dry,Daylight,Yield Sign,NONE DETECTED,No,No Apparent Injury,NA,Not Distracted,MD,Sport Utility Vehicle,Stopped in Traffic,30,No,2012,HONDA,PILOT,39.08169334,-77.14563758,2024,5,15
240024229,Injury Crash,05/22/2024 01:55:00 PM,MUNCASTER MILL RD,NA,Angle,Cloudy,Dry,Daylight,No Controls,NONE DETECTED,No,Possible Minor Injury,NA,Not Distracted,MD,Passenger Car,Moving Constant Speed,35,No,2016,HONDA,HR-V,39.14609481,-77.14511543,2024,5,13
240024229,Injury Crash,05/22/2024 01:55:00 PM,MUNCASTER MILL RD,NA,Angle,Cloudy,Dry,Daylight,No Controls,NONE DETECTED,Yes,No Apparent Injury,Failed to Yield Right-of-Way,Not Distracted,MD,Passenger Car,Turning Left,35,No,2020,NISSAN,ALTIMA,39.14609481,-77.14511543,2024,5,13
240024221,Property Damage Crash,05/22/2024 01:22:00 PM,ROCKVILLE PIKE,NA,Front to Rear,Clear,Dry,Daylight,No Controls,NONE DETECTED,Yes,No Apparent Injury,Followed Too Closely,Not Distracted,MD,Passenger Car,Slowing or Stopping,35,No,2017,HONDA,ODYSSEY,39.05820133,-77.12062083,2024,5,13
240024221,Property Damage Crash,05/22/2024 01:22:00 PM,ROCKVILLE PIKE,NA,Front to Rear,Clear,Dry,Daylight,No Controls,NONE DETECTED,No,No Apparent Injury,NA,Not Distracted,MD,Van - Cargo,Slowing or Stopping,35,No,2024,FORD,E-350,39.05820133,-77.12062083,2024,5,13
240024207,Property Damage Crash,05/22/2024 12:01:00 PM,TWELVE OAKS DR (NB/L),NA,"Sideswipe, Opposite Direction",Clear,Dry,Daylight,No Controls,NONE DETECTED,No,No Apparent Injury,Other Improper Action,Unknown,MD,Passenger Car,NA,5,No,1999,TOYOTA,COROLLA,39.14482172,-77.22870671,2024,5,12
240024197,Injury Crash,05/22/2024 11:29:00 AM,NA,NA,Angle,Clear,Dry,Daylight,Traffic Control Signal,NONE DETECTED,No,Possible Minor Injury,NA,Not Distracted,MD,Passenger Car,Moving Constant Speed,35,No,2007,HONDA,CR-V,39.18991433,-77.18529217,2024,5,11
240024197,Injury Crash,05/22/2024 11:29:00 AM,NA,NA,Angle,Clear,Dry,Daylight,Traffic Control Signal,NONE DETECTED,Yes,No Apparent Injury,NA,Unknown,MD,Passenger Car,Turning Left,35,No,2001,NISSAN,PATHFINDER,39.18991433,-77.18529217,2024,5,11
240024195,Injury Crash,05/22/2024 11:22:00 AM,CLOPPER RD,Pedestrian,Single Vehicle,Clear,Dry,Daylight,No Controls,NONE DETECTED,Yes,No Apparent Injury,"Over-Correcting/Over-Steering, Swerved or Avoided Due to Wind, Slippery Surface, Motor Vehicle, Object, Non-Motorist in Roadway, etc",Unknown,MD,Sport Utility Vehicle,Moving Constant Speed,30,No,2001,NISSAN,PATHFINDER,39.1616434,-77.28091018,2024,5,11
240024163,Injury Crash,05/22/2024 09:00:00 AM,NA,NA,Front to Rear,Clear,Dry,Daylight,No Controls,NONE DETECTED,No,No Apparent Injury,NA,Not Distracted,MD,Pickup,Stopped in Traffic,35,No,2016,CHEVROLET,SILVERADO,39.02080639,-77.20800064,2024,5,9
240024163,Injury Crash,05/22/2024 09:00:00 AM,NA,NA,Front to Rear,Clear,Dry,Daylight,No Controls,NONE DETECTED,No,Possible Minor Injury,"Operated Motor Vehicle in Inattentive, Careless, Negligent, or Erratic Manner",Not Distracted,MD,Sport Utility Vehicle,Moving Constant Speed,35,No,2017,FORD,EXPLORER,39.02080639,-77.20800064,2024,5,9
240024157,Injury Crash,05/22/2024 08:40:00 AM,RIVER RD (WB/L),NA,Front to Rear,Clear,Dry,Daylight,No Controls,NONE DETECTED,Yes,Possible Minor Injury,NA,"Other Action (looking away from task, etc.)",DC,Passenger Car,Moving Constant Speed,35,No,2008,ACURA,TSX,38.99052163,-77.15385977,2024,5,8
240024157,Injury Crash,05/22/2024 08:40:00 AM,RIVER RD (WB/L),NA,Front to Rear,Clear,Dry,Daylight,No Controls,NONE DETECTED,No,No Apparent Injury,NA,Not Distracted,DC,Pickup,Stopped in Traffic,35,No,2022,FORD,MAVERICK,38.99052163,-77.15385977,2024,5,8
240024157,Injury Crash,05/22/2024 08:40:00 AM,RIVER RD (WB/L),NA,Front to Rear,Clear,Dry,Daylight,No Controls,NONE DETECTED,No,No Apparent Injury,NA,Not Distracted,IL,Passenger Car,Stopped in Traffic,35,No,2022,HONDA,HR-V,38.99052163,-77.15385977,2024,5,8
240024158,Property Damage Crash,05/22/2024 08:30:00 AM,CHELTENHAM DR,NA,Angle,Clear,Dry,Daylight,Traffic Control Signal,NONE DETECTED,Yes,No Apparent Injury,Failed to Yield Right-of-Way,Not Distracted,DC,Passenger Car,Turning Left,25,No,2012,TOYOTA,RAV4,38.98823957,-77.09512919,2024,5,8
240024158,Property Damage Crash,05/22/2024 08:30:00 AM,CHELTENHAM DR,NA,Angle,Clear,Dry,Daylight,Traffic Control Signal,NONE DETECTED,No,No Apparent Injury,NA,Not Distracted,MD,Passenger Car,Moving Constant Speed,25,No,2022,SUBARU,IMPREZA,38.98823957,-77.09512919,2024,5,8
240024150,Property Damage Crash,05/22/2024 07:56:00 AM,KENT OAKS WAY,NA,"Sideswipe, Same Direction",Clear,Dry,Daylight,No Controls,NONE DETECTED,Yes,No Apparent Injury,NA,Not Distracted,MD,Single-Unit Truck,Changing Lanes,40,No,2007,CHEVROLET,W4,39.1137671,-77.24285656,2024,5,7
240024150,Property Damage Crash,05/22/2024 07:56:00 AM,KENT OAKS WAY,NA,"Sideswipe, Same Direction",Clear,Dry,Daylight,No Controls,NONE DETECTED,No,No Apparent Injury,NA,Not Distracted,MD,Sport Utility Vehicle,Accelerating,40,No,2024,FORD,EDGE,39.1137671,-77.24285656,2024,5,7
240024175,Property Damage Crash,05/22/2024 07:40:00 AM,BLANDFORD ST,Scooter (electric),Single Vehicle,Clear,Dry,Daylight,Stop Sign,NONE DETECTED,No,No Apparent Injury,NA,Not Distracted,MD,Passenger Car,Moving Constant Speed,25,No,2012,HONDA,CIVIC,39.07865633,-77.1500469,2024,5,7
240024153,Property Damage Crash,05/22/2024 07:30:00 AM,PINEY BRANCH RD (SB/L),NA,"Sideswipe, Same Direction",Clear,Dry,Daylight,No Controls,NONE DETECTED,No,No Apparent Injury,NA,Not Distracted,NA,Passenger Car,Changing Lanes,35,No,2006,TOYOTA,COROLLA,38.99974647,-76.99528665,2024,5,7
240024153,Property Damage Crash,05/22/2024 07:30:00 AM,PINEY BRANCH RD (SB/L),NA,"Sideswipe, Same Direction",Clear,Dry,Daylight,No Controls,NONE DETECTED,No,No Apparent Injury,NA,Not Distracted,MD,Passenger Car,Moving Constant Speed,35,No,2014,FORD,F-150,38.99974647,-76.99528665,2024,5,7
240024134,Injury Crash,05/22/2024 04:52:00 AM,CHELTENHAM DR,NA,Front to Front,Clear,Dry,Medium,Flashing Traffic Control Signal,NONE DETECTED,No,Suspected Serious Injury,NA,Not Distracted,MD,Passenger Car,Moving Constant Speed,25,No,2006,TOYOTA,COROLLA,38.98833604,-77.09515301,2024,5,4
240024134,Injury Crash,05/22/2024 04:52:00 AM,CHELTENHAM DR,NA,Front to Front,Clear,Dry,Medium,Flashing Traffic Control Signal,NONE DETECTED,Yes,Possible Minor Injury,Failed to Yield Right-of-Way,Not Distracted,MD,Sport Utility Vehicle,Turning Left,25,No,2011,ACURA,MD,38.98833604,-77.09515301,2024,5,4
240024142,Injury Crash,05/22/2024 04:30:00 AM,JERUSALEM RD,NA,Single Vehicle,Clear,Dry,Dark,No Controls,ALCOHOL PRESENT,No,Possible Minor Injury,Ran Off Roadway,Unknown,MD,Pickup,Negotiating a Curve,35,No,2021,CHEVROLET,COLORADO,39.155145,-77.40978333,2024,5,4
240024129,Property Damage Crash,05/22/2024 12:28:00 AM,NEW HAMPSHIRE AVE,NA,"Sideswipe, Same Direction",Clear,Dry,Medium,No Controls,NONE DETECTED,Yes,No Apparent Injury,Failed to Yield Right-of-Way,Unknown,NA,Sport Utility Vehicle,Changing Lanes,40,No,2017,LEXUS,RX,39.05292476,-76.99394283,2024,5,0
240024129,Property Damage Crash,05/22/2024 12:28:00 AM,NEW HAMPSHIRE AVE,NA,"Sideswipe, Same Direction",Clear,Dry,Medium,No Controls,NONE DETECTED,No,No Apparent Injury,NA,Not Distracted,MD,Sport Utility Vehicle,Moving Constant Speed,40,No,2017,TOYOTA,RAV4,39.05292476,-76.99394283,2024,5,0
240024124,Injury Crash,05/21/2024 10:48:00 PM,SAYBROOKE OAKS BLVD,NA,Rear To Side,Clear,Dry,Medium,Traffic Control Signal,NONE DETECTED,No,Possible Minor Injury,NA,Unknown,MD,Passenger Car,Turning Left,50,No,2019,TOYOTA,RAV4,39.15081483,-77.17464217,2024,5,22
240024124,Injury Crash,05/21/2024 10:48:00 PM,SAYBROOKE OAKS BLVD,NA,Rear To Side,Clear,Dry,Medium,Traffic Control Signal,NONE DETECTED,No,Possible Minor Injury,NA,Unknown,MD,Passenger Car,Moving Constant Speed,50,No,2021,NISSAN,MURANO,39.15081483,-77.17464217,2024,5,22
240026022,Property Damage Crash,05/21/2024 10:00:00 PM,NA,NA,"Sideswipe, Same Direction",Clear,NA,Dark,NA,NONE DETECTED,Yes,No Apparent Injury,"Improper Backing, Other Improper Action, Over-Correcting/Over-Steering",Unknown,NA,Sport Utility Vehicle,Backing,0,No,2011,ACURA,UNKNOWN,39.16023502,-77.26837905,2024,5,22
240024115,Property Damage Crash,05/21/2024 09:51:00 PM,FALLS RD,NA,Front to Rear,Clear,Dry,Medium,Traffic Control Signal,NONE DETECTED,No,No Apparent Injury,NA,Not Distracted,US,Sport Utility Vehicle,Slowing or Stopping,35,No,2017,CHEVROLET,SUBURBAN,39.01782074,-77.20917077,2024,5,21
240024115,Property Damage Crash,05/21/2024 09:51:00 PM,FALLS RD,NA,Front to Rear,Clear,Dry,Medium,Traffic Control Signal,NONE DETECTED,Yes,No Apparent Injury,Other Improper Action,Not Distracted,MD,Passenger Car,Accelerating,35,No,2021,LINCOLN,AVIATOR,39.01782074,-77.20917077,2024,5,21
240024110,Injury Crash,05/21/2024 09:20:00 PM,ARCOLA AVE,NA,Front to Front,Clear,Dry,Dark,Stop Sign,NONE DETECTED,No,No Apparent Injury,NA,Not Distracted,MD,Passenger Car,Moving Constant Speed,30,No,2019,TOYOTA,RAV4,39.0471652,-77.05316531,2024,5,21
240024110,Injury Crash,05/21/2024 09:20:00 PM,ARCOLA AVE,NA,Front to Front,Clear,Dry,Dark,No Controls,NONE DETECTED,No,Possible Minor Injury,NA,Not Distracted,MD,Passenger Car,Moving Constant Speed,30,No,2009,HONDA,CR-V,39.0471652,-77.05316531,2024,5,21
240024109,Property Damage Crash,05/21/2024 08:55:00 PM,NEW HAMPSHIRE AVE (SB/L),NA,Front to Rear,Clear,Dry,Medium,Traffic Control Signal,NONE DETECTED,No,NA,NA,NA,NA,NA,Moving Constant Speed,45,No,0,NA,NA,39.01582763,-76.97774225,2024,5,20
240024109,Property Damage Crash,05/21/2024 08:55:00 PM,NEW HAMPSHIRE AVE (SB/L),NA,Front to Rear,Clear,Dry,Medium,Traffic Control Signal,NONE DETECTED,No,No Apparent Injury,NA,Not Distracted,DC,Passenger Car,Slowing or Stopping,45,No,1995,MERCEDES-BENZ,UNKNOWN,39.01582763,-76.97774225,2024,5,20
240024098,Property Damage Crash,05/21/2024 08:19:00 PM,RIDGE RD,NA,"Sideswipe, Same Direction",Clear,Dry,Medium,No Controls,NONE DETECTED,Yes,No Apparent Injury,NA,"Manually Operating (dialing, playing game, etc.)",MD,Passenger Car,Moving Constant Speed,40,No,2010,TOYOTA,COROLLA,39.20117167,-77.25552333,2024,5,20
240024106,Property Damage Crash,05/21/2024 07:21:00 PM,GEORGIA AVE,NA,Front to Rear,Clear,Dry,Daylight,Traffic Control Signal,NONE DETECTED,No,No Apparent Injury,Followed Too Closely,Unknown,NA,Passenger Car,Moving Constant Speed,30,No,2021,TOYOTA,RAV4,39.03632827,-77.04994425,2024,5,19
240024106,Property Damage Crash,05/21/2024 07:21:00 PM,GEORGIA AVE,NA,Front to Rear,Clear,Dry,Daylight,Traffic Control Signal,NONE DETECTED,No,No Apparent Injury,NA,Not Distracted,MD,Passenger Car,Stopped in Traffic,30,No,2006,TOYOTA,CAMRY,39.03632827,-77.04994425,2024,5,19
240024077,Injury Crash,05/21/2024 06:05:00 PM,RIFFLE FORD RD,NA,Single Vehicle,Clear,Dry,Daylight,No Controls,NONE DETECTED,No,Possible Minor Injury,"Failed to Keep in Proper Lane, Ran Off Roadway","Other Action (looking away from task, etc.)",MD,Passenger Car,Moving Constant Speed,30,No,2021,JEEP,GRAND CHEROKEE,39.1445255,-77.28830433,2024,5,18
240024066,Property Damage Crash,05/21/2024 05:10:00 PM,DARNESTOWN RD,NA,"Sideswipe, Same Direction",Clear,Dry,Daylight,Traffic Control Signal,NONE DETECTED,No,No Apparent Injury,NA,Not Distracted,MD,Truck Tractor,Stopped in Traffic,40,No,2014,MAC,MAC,39.10271084,-77.221182,2024,5,17
240024066,Property Damage Crash,05/21/2024 05:10:00 PM,DARNESTOWN RD,NA,"Sideswipe, Same Direction",Clear,Dry,Daylight,Traffic Control Signal,NONE DETECTED,Yes,No Apparent Injury,Failed to Keep in Proper Lane,Unknown,MD,Bus - School,Accelerating,40,No,2020,THOMAS BUILT,SCHOOL BUS,39.10271084,-77.221182,2024,5,17
240024064,Property Damage Crash,05/21/2024 04:56:00 PM,RIVER RD,NA,Front to Rear,Clear,Dry,Daylight,Traffic Control Signal,NONE DETECTED,No,No Apparent Injury,NA,Not Distracted,DC,Passenger Car,Slowing or Stopping,35,No,2019,VOLVO,S60,38.98988167,-77.15196333,2024,5,16
240024064,Property Damage Crash,05/21/2024 04:56:00 PM,RIVER RD,NA,Front to Rear,Clear,Dry,Daylight,Traffic Control Signal,NONE DETECTED,Yes,No Apparent Injury,NA,Unknown,DC,Passenger Car,Moving Constant Speed,35,No,2011,BMW,550I,38.98988167,-77.15196333,2024,5,16
240024064,Property Damage Crash,05/21/2024 04:56:00 PM,RIVER RD,NA,Front to Rear,Clear,Dry,Daylight,Traffic Control Signal,NONE DETECTED,No,No Apparent Injury,NA,Not Distracted,MD,Sport Utility Vehicle,Slowing or Stopping,35,No,2020,MITSUBISHI,OUTLANDER SPORT,38.98988167,-77.15196333,2024,5,16
240024072,Property Damage Crash,05/21/2024 04:40:00 PM,MONTGOMERY AVE,NA,"Sideswipe, Same Direction",Clear,Dry,Daylight,Yield Sign,NONE DETECTED,No,No Apparent Injury,NA,Not Distracted,MD,Sport Utility Vehicle,Moving Constant Speed,35,No,2011,TOYOTA,HIGHLANDER,38.98576613,-77.0867746,2024,5,16
240024072,Property Damage Crash,05/21/2024 04:40:00 PM,MONTGOMERY AVE,NA,"Sideswipe, Same Direction",Clear,Dry,Daylight,Yield Sign,NONE DETECTED,Yes,NA,NA,NA,NA,Passenger Car,Changing Lanes,35,No,2019,HONDA,CIVIC,38.98576613,-77.0867746,2024,5,16
240024049,Property Damage Crash,05/21/2024 04:17:00 PM,UNIVERSITY BLVD W,NA,Front to Rear,Clear,Dry,Daylight,Traffic Control Signal,NONE DETECTED,No,No Apparent Injury,NA,Not Distracted,MD,Passenger Car,Stopped in Traffic,35,No,2020,HONDA,CR-V,39.02692001,-77.02054269,2024,5,16
240024049,Property Damage Crash,05/21/2024 04:17:00 PM,UNIVERSITY BLVD W,NA,Front to Rear,Clear,Dry,Daylight,Traffic Control Signal,NONE DETECTED,No,No Apparent Injury,NA,Not Distracted,MD,Passenger Car,Stopped in Traffic,35,No,2016,INFINITI,UNKNOWN,39.02692001,-77.02054269,2024,5,16
240024049,Property Damage Crash,05/21/2024 04:17:00 PM,UNIVERSITY BLVD W,NA,Front to Rear,Clear,Dry,Daylight,Traffic Control Signal,NONE DETECTED,No,No Apparent Injury,NA,Unknown,MD,Passenger Car,Slowing or Stopping,35,No,2000,LEXUS,ES,39.02692001,-77.02054269,2024,5,16
240024041,Injury Crash,05/21/2024 03:29:00 PM,ROCKVILLE PIKE,NA,Front to Rear,Clear,Dry,Daylight,Traffic Control Signal,NONE DETECTED,No,No Apparent Injury,NA,Unknown,MD,Sport Utility Vehicle,Stopped in Traffic,35,No,2023,RIVIAN,R1S,39.01313667,-77.09867333,2024,5,15
240024041,Injury Crash,05/21/2024 03:29:00 PM,ROCKVILLE PIKE,NA,Front to Rear,Clear,Dry,Daylight,Traffic Control Signal,NONE DETECTED,No,Possible Minor Injury,NA,Unknown,MD,Sport Utility Vehicle,Slowing or Stopping,35,No,2020,CHEVROLET,SUBURBAN,39.01313667,-77.09867333,2024,5,15
240024041,Injury Crash,05/21/2024 03:29:00 PM,ROCKVILLE PIKE,NA,Front to Rear,Clear,Dry,Daylight,Traffic Control Signal,NONE DETECTED,No,Possible Minor Injury,NA,Unknown,MD,Sport Utility Vehicle,Stopped in Traffic,35,No,2021,FORD,TRANSIT CONNECT,39.01313667,-77.09867333,2024,5,15
240024036,Property Damage Crash,05/21/2024 03:04:00 PM,FULKS FARM RD,NA,Single Vehicle,Clear,Dry,Daylight,No Controls,NONE DETECTED,No,No Apparent Injury,NA,Not Distracted,MD,Bus - School,Moving Constant Speed,35,No,2014,THOMAS BUILT,SCHOOL BUS,39.191252,-77.17916733,2024,5,15
240024032,Injury Crash,05/21/2024 02:55:00 PM,ATHERTON DR,NA,Angle,Clear,Dry,Daylight,No Controls,NONE DETECTED,No,Possible Minor Injury,NA,Not Distracted,MD,Passenger Car,Slowing or Stopping,35,No,2019,CHEVROLET,CAMARO,39.06713668,-77.07493855,2024,5,14
240024032,Injury Crash,05/21/2024 02:55:00 PM,ATHERTON DR,NA,Angle,Clear,Dry,Daylight,No Controls,NONE DETECTED,Yes,Possible Minor Injury,Failed to Yield Right-of-Way,Not Distracted,MD,Passenger Car,Turning Left,35,No,2010,LINCOLN,MKZ,39.06713668,-77.07493855,2024,5,14
240024012,Property Damage Crash,05/21/2024 01:21:00 PM,ROLLINS AVE,NA,Single Vehicle,Clear,Dry,Daylight,Stop Sign,NONE DETECTED,Yes,No Apparent Injury,NA,Unknown,MD,Sport Utility Vehicle,Turning Right,25,No,2022,MERCEDES-BENZ,GLC-CLASS,39.05782761,-77.11797544,2024,5,13
240023963,Injury Crash,05/21/2024 01:00:00 PM,CRYSTAL ROCK DR (SB/L),Wheelchair (non-electric),Single Vehicle,Clear,Dry,Daylight,Traffic Control Signal,NONE DETECTED,Yes,No Apparent Injury,Failed to Yield Right-of-Way,Unknown,MD,Sport Utility Vehicle,Turning Left,35,No,2014,NISSAN,ROGUE,39.18282868,-77.26368294,2024,5,13
240024000,Property Damage Crash,05/21/2024 12:36:00 PM,NA,NA,Rear To Side,Clear,NA,Daylight,NA,NONE DETECTED,Yes,No Apparent Injury,NA,Not Distracted,MD,Passenger Car,Backing,0,No,2016,KIA,SPORTAGE,39.07382585,-77.00196771,2024,5,12
240024000,Property Damage Crash,05/21/2024 12:36:00 PM,NA,NA,Rear To Side,Clear,NA,Daylight,NA,NONE DETECTED,No,No Apparent Injury,NA,Not Distracted,MD,Bus - School,Parked,0,No,2019,THOMAS BUILT,SCHOOL BUS,39.07382585,-77.00196771,2024,5,12
240023993,Injury Crash,05/21/2024 12:26:00 PM,INDUSTRIAL PKWY,NA,Front to Front,Clear,Dry,Daylight,No Controls,NONE DETECTED,No,Possible Minor Injury,NA,Not Distracted,MD,Passenger Car,Moving Constant Speed,30,No,2013,HONDA,CIVIC,39.05441558,-76.96954733,2024,5,12
240023993,Injury Crash,05/21/2024 12:26:00 PM,INDUSTRIAL PKWY,NA,Front to Front,Clear,Dry,Daylight,No Controls,NONE DETECTED,Yes,Possible Minor Injury,"Swerved or Avoided Due to Wind, Slippery Surface, Motor Vehicle, Object, Non-Motorist in Roadway, etc",Not Distracted,MD,Passenger Car,Moving Constant Speed,30,No,2018,CHEVROLET,MALIBU,39.05441558,-76.96954733,2024,5,12
240023959,Property Damage Crash,05/21/2024 10:50:00 AM,WATERSIDE DR,NA,Other,Clear,Dry,Daylight,No Controls,NONE DETECTED,No,No Apparent Injury,NA,Not Distracted,MD,Passenger Car,Moving Constant Speed,35,No,2005,TOYOTA,PRIUS,39.18590973,-77.27686346,2024,5,10
240023959,Property Damage Crash,05/21/2024 10:50:00 AM,WATERSIDE DR,NA,Other,Clear,Dry,Daylight,Stop Sign,NONE DETECTED,Yes,No Apparent Injury,Failed to Yield Right-of-Way,Not Distracted,MD,Sport Utility Vehicle,Accelerating,35,No,2020,TOYOTA,HIGHLANDER,39.18590973,-77.27686346,2024,5,10
240023951,Injury Crash,05/21/2024 10:45:00 AM,MANNAKEE ST,Cyclist (non-electric),Single Vehicle,Clear,Dry,Daylight,Stop Sign,NONE DETECTED,Yes,No Apparent Injury,Failed to Yield Right-of-Way,Unknown,MD,Passenger Car,Accelerating,25,No,2011,TOYOTA,PRIUS,39.08687261,-77.16732394,2024,5,10
240023935,Property Damage Crash,05/21/2024 10:00:00 AM,GRAND PRE RD,NA,Front to Rear,Clear,Dry,Daylight,Pedestrian Crossing,NONE DETECTED,Yes,No Apparent Injury,NA,Unknown,MD,Passenger Car,Moving Constant Speed,35,No,2017,NISSAN,ALTIMA,39.08691212,-77.07384938,2024,5,10