Local Case Number,ACRS Report Type,Crash Date/Time,Road Name,Related Non-Motorist,Collision Type,Weather,Surface Condition,Light,Traffic Control,Driver Substance Abuse,Driver At Fault,Injury Severity,Circumstance,Driver Distracted By,Drivers License State,Vehicle Body Type,Vehicle Movement,Speed Limit,Driverless Vehicle,Vehicle Year,Vehicle Make,Vehicle Model,Latitude,Longitude,Year,Month,Hour
240023935,Property Damage Crash,05/21/2024 10:00:00 AM,GRAND PRE RD,NA,Front to Rear,Clear,Dry,Daylight,Pedestrian Crossing,NONE DETECTED,No,No Apparent Injury,NA,Not Distracted,MD,Passenger Car,Slowing or Stopping,35,No,2008,TOYOTA,RAV4,39.08691212,-77.07384938,2024,5,10
240023935,Property Damage Crash,05/21/2024 10:00:00 AM,GRAND PRE RD,NA,Front to Rear,Clear,Dry,Daylight,Pedestrian Crossing,NONE DETECTED,No,No Apparent Injury,NA,Not Distracted,MD,Passenger Car,Slowing or Stopping,35,No,2017,TOYOTA,HIGHLANDER,39.08691212,-77.07384938,2024,5,10
240024210,Property Damage Crash,05/21/2024 09:55:00 AM,NA,NA,Rear To Rear,Clear,NA,Daylight,NA,NONE DETECTED,No,No Apparent Injury,Improper Backing,Unknown,NA,Sport Utility Vehicle,Backing,0,No,2014,FORD,EXPLORER,39.02340125,-77.12837724,2024,5,9
240023918,Property Damage Crash,05/21/2024 08:45:00 AM,PERRY PKWY,NA,Rear To Side,Clear,Dry,Daylight,Traffic Control Signal,NONE DETECTED,Yes,No Apparent Injury,Ran Red Light,Not Distracted,MD,Passenger Car,Moving Constant Speed,35,No,2011,TOYOTA,SIENNA,39.15003554,-77.20908233,2024,5,8
240023924,Property Damage Crash,05/21/2024 08:45:00 AM,ROSEDALE AVE,NA,"Sideswipe, Same Direction",Clear,Dry,Daylight,No Controls,NONE DETECTED,Yes,No Apparent Injury,NA,Not Distracted,MD,Bus - School,Moving Constant Speed,25,No,2014,THOMAS BUILT,SCHOOL BUS,38.99280833,-77.090193,2024,5,8
240023918,Property Damage Crash,05/21/2024 08:45:00 AM,PERRY PKWY,NA,Rear To Side,Clear,Dry,Daylight,No Controls,NONE DETECTED,No,No Apparent Injury,NA,Not Distracted,MD,Passenger Car,Accelerating,35,No,2014,BMW,328I,39.15003554,-77.20908233,2024,5,8
240023923,Injury Crash,05/21/2024 08:39:00 AM,NA,NA,Front to Rear,Clear,Dry,Daylight,Traffic Control Signal,NONE DETECTED,No,No Apparent Injury,NA,Not Distracted,MD,Bus - School,Turning Right,30,No,2019,THOMAS BUILT,SCHOOL BUS,39.14353279,-77.22387872,2024,5,8
240023923,Injury Crash,05/21/2024 08:39:00 AM,NA,NA,Front to Rear,Clear,Dry,Daylight,Traffic Control Signal,NONE DETECTED,Yes,Possible Minor Injury,Followed Too Closely,Unknown,MD,Passenger Car,Turning Right,30,No,2016,HONDA,ACCORD,39.14353279,-77.22387872,2024,5,8
240023920,Injury Crash,05/21/2024 08:25:00 AM,FALLS RD,NA,Single Vehicle,Clear,Dry,Daylight,No Controls,NONE DETECTED,Yes,Possible Minor Injury,"Failed to Keep in Proper Lane, Ran Off Roadway",Unknown,MD,Passenger Car,Moving Constant Speed,30,No,2018,TOYOTA,CAMRY,39.03951644,-77.1928632,2024,5,8
240023921,Injury Crash,05/21/2024 08:22:00 AM,NA,NA,Other,Clear,Dry,Daylight,Stop Sign,NONE DETECTED,No,No Apparent Injury,NA,Not Distracted,MD,Passenger Car,Moving Constant Speed,50,No,2017,FORD,F-450,39.26933317,-77.15230283,2024,5,8
240023921,Injury Crash,05/21/2024 08:22:00 AM,NA,NA,Other,Clear,Dry,Daylight,Stop Sign,NONE DETECTED,Yes,Possible Minor Injury,Failed to Yield Right-of-Way,Not Distracted,MD,Passenger Car,Turning Left,40,No,2013,HYUNDAI,GENESIS,39.26933317,-77.15230283,2024,5,8
240023909,Injury Crash,05/21/2024 08:10:00 AM,GEORGIA AVE (SB/L),Pedestrian,"Sideswipe, Same Direction",Clear,Dry,Daylight,No Controls,NONE DETECTED,Yes,No Apparent Injury,Failed to Yield Right-of-Way,Not Distracted,NA,Passenger Car,Changing Lanes,35,No,2014,CHEVROLET,CRUZE,39.03920585,-77.05110082,2024,5,8
240023909,Injury Crash,05/21/2024 08:10:00 AM,GEORGIA AVE (SB/L),Pedestrian,"Sideswipe, Same Direction",Clear,Dry,Daylight,No Controls,NONE DETECTED,No,No Apparent Injury,NA,Not Distracted,MD,Van - Passenger (&lt;9 Seats),Moving Constant Speed,35,No,2006,CHEVROLET,EXPRESS,39.03920585,-77.05110082,2024,5,8
240023901,Property Damage Crash,05/21/2024 07:23:00 AM,FALLS RD,NA,Other,Clear,Dry,Daylight,No Controls,NONE DETECTED,No,No Apparent Injury,NA,Not Distracted,MD,Sport Utility Vehicle,Stopped in Traffic,30,No,2024,VOLVO,XC90,39.020098,-77.2082145,2024,5,7
240023901,Property Damage Crash,05/21/2024 07:23:00 AM,FALLS RD,NA,Other,Clear,Dry,Daylight,No Controls,NONE DETECTED,Yes,No Apparent Injury,"Followed Too Closely, Too Fast For Conditions",Unknown,MD,Sport Utility Vehicle,Moving Constant Speed,30,No,2015,AUDI,Q7,39.020098,-77.2082145,2024,5,7
240023901,Property Damage Crash,05/21/2024 07:23:00 AM,FALLS RD,NA,Other,Clear,Dry,Daylight,No Controls,NONE DETECTED,No,No Apparent Injury,NA,Not Distracted,MD,Passenger Car,Slowing or Stopping,30,No,2021,SUBARU,WRX,39.020098,-77.2082145,2024,5,7
240023891,Injury Crash,05/21/2024 07:00:00 AM,NA,NA,Single Vehicle,Clear,NA,Daylight,NA,NONE DETECTED,No,Possible Minor Injury,Ran Off Roadway,Unknown,MD,Passenger Car,NA,0,No,2013,TOYOTA,AVALON,39.14891855,-77.19651081,2024,5,7
240023875,Property Damage Crash,05/20/2024 11:00:00 PM,NEW HAMPSHIRE AVE (SB/L),NA,Front to Rear,Clear,Dry,Dark,Traffic Control Signal,NONE DETECTED,No,No Apparent Injury,NA,Not Distracted,MD,Passenger Car,Stopped in Traffic,40,No,2021,MAZDA,CX-50,39.01191829,-76.97894826,2024,5,23
240023875,Property Damage Crash,05/20/2024 11:00:00 PM,NEW HAMPSHIRE AVE (SB/L),NA,Front to Rear,Clear,Dry,Dark,Traffic Control Signal,ALCOHOL PRESENT,Yes,No Apparent Injury,"Operated Motor Vehicle in Inattentive, Careless, Negligent, or Erratic Manner",Unknown,MD,Passenger Car,Moving Constant Speed,40,No,2010,VOLKSWAGEN,JETTA,39.01191829,-76.97894826,2024,5,23
240023869,Property Damage Crash,05/20/2024 10:00:00 PM,IS 270 LOCAL LANES (NB),NA,"Sideswipe, Same Direction",Clear,Dry,Medium,No Controls,NONE DETECTED,No,No Apparent Injury,NA,Not Distracted,WV,Sport Utility Vehicle,Moving Constant Speed,55,No,2016,CHEVROLET,TAHOE,39.14624379,-77.21482049,2024,5,22
240023869,Property Damage Crash,05/20/2024 10:00:00 PM,IS 270 LOCAL LANES (NB),NA,"Sideswipe, Same Direction",Clear,Dry,Medium,No Controls,NONE DETECTED,No,NA,NA,Unknown,NA,Sport Utility Vehicle,Changing Lanes,55,No,0,NA,NA,39.14624379,-77.21482049,2024,5,22
240023859,Property Damage Crash,05/20/2024 08:00:00 PM,HADLEY FARMS DR,NA,Angle,Clear,Dry,Daylight,Traffic Control Signal,NONE DETECTED,No,No Apparent Injury,NA,Not Distracted,MD,Passenger Car,Moving Constant Speed,35,No,2003,AUDI,A4,39.17998506,-77.15053427,2024,5,20
240023859,Property Damage Crash,05/20/2024 08:00:00 PM,HADLEY FARMS DR,NA,Angle,Clear,Dry,Daylight,Traffic Control Signal,NONE DETECTED,Yes,No Apparent Injury,Failed to Yield Right-of-Way,Not Distracted,CO,Pickup,Turning Left,35,No,2022,FORD,F-250,39.17998506,-77.15053427,2024,5,20
240023854,Property Damage Crash,05/20/2024 07:47:00 PM,ROCKVILLE PIKE (SB/L),NA,"Sideswipe, Opposite Direction",Clear,Dry,Medium,Traffic Control Signal,NONE DETECTED,No,No Apparent Injury,NA,Not Distracted,MD,Passenger Car,Moving Constant Speed,35,No,2016,FORD,FUSION,39.04955049,-77.11441973,2024,5,19
240023854,Property Damage Crash,05/20/2024 07:47:00 PM,ROCKVILLE PIKE (SB/L),NA,"Sideswipe, Opposite Direction",Clear,Dry,Medium,Traffic Control Signal,NONE DETECTED,No,No Apparent Injury,NA,Not Distracted,MD,Sport Utility Vehicle,Accelerating,35,No,2016,LEXUS,RX,39.04955049,-77.11441973,2024,5,19
240023848,Property Damage Crash,05/20/2024 06:30:00 PM,VEIRS MILL RD (WB/L),NA,Front to Rear,Clear,Dry,Daylight,No Controls,NONE DETECTED,No,No Apparent Injury,NA,Not Distracted,MD,Passenger Car,Moving Constant Speed,40,No,2022,TOYOTA,CAMRY,39.07522571,-77.11628469,2024,5,18
240023848,Property Damage Crash,05/20/2024 06:30:00 PM,VEIRS MILL RD (WB/L),NA,Front to Rear,Clear,Dry,Daylight,No Controls,NONE DETECTED,No,No Apparent Injury,Followed Too Closely,Not Distracted,MD,Passenger Car,Entering Traffic Lane,40,No,2012,FORD,F-SUPER DUTY,39.07522571,-77.11628469,2024,5,18
240023846,Property Damage Crash,05/20/2024 06:14:00 PM,NA,NA,Angle,Clear,Dry,Daylight,No Controls,NONE DETECTED,No,No Apparent Injury,NA,Not Distracted,MD,Passenger Car,Moving Constant Speed,35,No,2020,BMW,X3,38.96597954,-77.10539907,2024,5,18
240023846,Property Damage Crash,05/20/2024 06:14:00 PM,NA,NA,Angle,Clear,Dry,Daylight,No Controls,NONE DETECTED,No,No Apparent Injury,Other Improper Action,Unknown,NA,Pickup,Entering Traffic Lane,35,No,2019,FORD,UNKNOWN,38.96597954,-77.10539907,2024,5,18
240024087,Property Damage Crash,05/20/2024 05:44:00 PM,CHERRY HILL RD,NA,Front to Rear,Clear,Dry,Daylight,Traffic Control Signal,NONE DETECTED,No,No Apparent Injury,NA,NA,NA,Passenger Car,Stopped in Traffic,25,No,2017,HYUNDAI,TUCSON,39.05608462,-76.95428138,2024,5,17
240024087,Property Damage Crash,05/20/2024 05:44:00 PM,CHERRY HILL RD,NA,Front to Rear,Clear,Dry,Daylight,Traffic Control Signal,NONE DETECTED,No,No Apparent Injury,NA,Not Distracted,MD,Passenger Car,Stopped in Traffic,25,No,2019,JEEP,GRAND CHEROKEE,39.05608462,-76.95428138,2024,5,17
240023838,Property Damage Crash,05/20/2024 05:40:00 PM,GREENCASTLE RD,NA,Front to Rear,Clear,Dry,Daylight,Lane Use Control Signal,NONE DETECTED,No,NA,NA,NA,NA,Sport Utility Vehicle,Slowing or Stopping,55,No,2014,GMC,TERRAIN,39.09549368,-76.93796841,2024,5,17
240023838,Property Damage Crash,05/20/2024 05:40:00 PM,GREENCASTLE RD,NA,Front to Rear,Clear,Dry,Daylight,Lane Use Control Signal,NONE DETECTED,No,No Apparent Injury,NA,Not Distracted,MD,Passenger Car,Stopped in Traffic,55,No,2023,MINI,COOPER,39.09549368,-76.93796841,2024,5,17
240023835,Injury Crash,05/20/2024 05:29:00 PM,LEIGHTON AVE,NA,Front to Rear,Clear,Dry,Daylight,No Controls,NONE DETECTED,No,No Apparent Injury,NA,Not Distracted,MD,Pickup,Accelerating,35,No,2023,RAM,4500,39.01066267,-77.01755983,2024,5,17
240023835,Injury Crash,05/20/2024 05:29:00 PM,LEIGHTON AVE,NA,Front to Rear,Clear,Dry,Daylight,No Controls,NONE DETECTED,No,No Apparent Injury,NA,Not Distracted,MD,Passenger Car,Stopped in Traffic,35,No,2008,HONDA,ACCORD,39.01066267,-77.01755983,2024,5,17
240023835,Injury Crash,05/20/2024 05:29:00 PM,LEIGHTON AVE,NA,Front to Rear,Clear,Dry,Daylight,No Controls,NONE DETECTED,No,No Apparent Injury,NA,Not Distracted,DC,Passenger Car,Slowing or Stopping,35,No,2010,TOYOTA,PRIUS,39.01066267,-77.01755983,2024,5,17
240023835,Injury Crash,05/20/2024 05:29:00 PM,LEIGHTON AVE,NA,Front to Rear,Clear,Dry,Daylight,No Controls,NONE DETECTED,Yes,Possible Minor Injury,NA,Unknown,PA,Passenger Car,Changing Lanes,35,No,2001,TOYOTA,COROLLA,39.01066267,-77.01755983,2024,5,17
240023835,Injury Crash,05/20/2024 05:29:00 PM,LEIGHTON AVE,NA,Front to Rear,Clear,Dry,Daylight,No Controls,NONE DETECTED,No,No Apparent Injury,NA,Unknown,MD,Passenger Car,Turning Left,35,No,2023,TOYOTA,RAV4,39.01066267,-77.01755983,2024,5,17
240023836,Property Damage Crash,05/20/2024 05:00:00 PM,POWDER MILL RD (WB/L),NA,"Sideswipe, Same Direction",Clear,Dry,Daylight,Stop Sign,NONE DETECTED,No,No Apparent Injury,NA,NA,NA,Pickup,Turning Left,35,No,2010,TOYOTA,TUNDRA,39.02260232,-76.97669786,2024,5,17
240023836,Property Damage Crash,05/20/2024 05:00:00 PM,POWDER MILL RD (WB/L),NA,"Sideswipe, Same Direction",Clear,Dry,Daylight,Stop Sign,NONE DETECTED,No,No Apparent Injury,NA,Not Distracted,VA,Passenger Car,Moving Constant Speed,35,No,2007,ACURA,TL,39.02260232,-76.97669786,2024,5,17
240023823,Property Damage Crash,05/20/2024 04:30:00 PM,COLLIER CIR,NA,Front to Rear,Clear,Dry,Daylight,No Controls,NONE DETECTED,Yes,No Apparent Injury,"Operated Motor Vehicle in Inattentive, Careless, Negligent, or Erratic Manner",Not Distracted,MD,Sport Utility Vehicle,Moving Constant Speed,25,No,2015,JEEP,JEEP,39.14286365,-77.40087197,2024,5,16
240023816,Property Damage Crash,05/20/2024 04:13:00 PM,HOLTON LA,NA,Front to Rear,Clear,Dry,Daylight,Traffic Control Signal,NONE DETECTED,No,No Apparent Injury,NA,Not Distracted,FL,Sport Utility Vehicle,Accelerating,35,No,2003,TOYOTA,4-RUNNER,38.98587894,-76.98802636,2024,5,16
240023816,Property Damage Crash,05/20/2024 04:13:00 PM,HOLTON LA,NA,Front to Rear,Clear,Dry,Daylight,Traffic Control Signal,NONE DETECTED,No,No Apparent Injury,NA,Not Distracted,DC,Van - Passenger (&lt;9 Seats),Slowing or Stopping,35,No,2010,CHRYSLER,TOWN AND COUNTRY,38.98587894,-76.98802636,2024,5,16
240023811,Property Damage Crash,05/20/2024 04:00:00 PM,HENDERSON AVE,NA,Rear To Side,Clear,Dry,Daylight,Stop Sign,NONE DETECTED,No,No Apparent Injury,NA,Not Distracted,MD,Passenger Car,Moving Constant Speed,25,No,2014,TOYOTA,CAMRY,39.05477046,-77.06239878,2024,5,16
240023811,Property Damage Crash,05/20/2024 04:00:00 PM,HENDERSON AVE,NA,Rear To Side,Clear,Dry,Daylight,Stop Sign,NONE DETECTED,Yes,No Apparent Injury,Ran Stop Sign,Unknown,MD,Passenger Car,Moving Constant Speed,25,No,2002,GRUMMAN,UNKNOWN,39.05477046,-77.06239878,2024,5,16
240023812,Property Damage Crash,05/20/2024 03:55:00 PM,RIDGE RD (NB/L),NA,"Sideswipe, Same Direction",Clear,Dry,Daylight,No Controls,NONE DETECTED,No,No Apparent Injury,NA,Not Distracted,MD,Van - Passenger (&lt;9 Seats),Moving Constant Speed,40,No,2015,HONDA,ODYSSEY,39.201235,-77.254865,2024,5,15
240023812,Property Damage Crash,05/20/2024 03:55:00 PM,RIDGE RD (NB/L),NA,"Sideswipe, Same Direction",Clear,Dry,Daylight,No Controls,NONE DETECTED,Yes,No Apparent Injury,Other Improper Action,Unknown,NA,Sport Utility Vehicle,Changing Lanes,40,No,2008,HONDA,CR-V,39.201235,-77.254865,2024,5,15
240023806,Injury Crash,05/20/2024 03:28:00 PM,COLUMBIA PIKE,NA,Front to Rear,Clear,Dry,Daylight,No Controls,NONE DETECTED,Yes,Possible Minor Injury,NA,Not Distracted,MD,Sport Utility Vehicle,Moving Constant Speed,55,No,2013,FORD,EDGE,39.08659074,-76.94510216,2024,5,15
240023806,Injury Crash,05/20/2024 03:28:00 PM,COLUMBIA PIKE,NA,Front to Rear,Clear,Dry,Daylight,No Controls,NONE DETECTED,No,No Apparent Injury,NA,Not Distracted,MD,Passenger Car,Moving Constant Speed,55,No,2016,BMW,228I,39.08659074,-76.94510216,2024,5,15
240023784,Injury Crash,05/20/2024 01:47:00 PM,NA,NA,Angle,Clear,Dry,Daylight,No Controls,NONE DETECTED,No,No Apparent Injury,NA,Not Distracted,MD,Passenger Car,Moving Constant Speed,25,No,2010,HONDA,CR-V,39.03643124,-76.99604778,2024,5,13
240023784,Injury Crash,05/20/2024 01:47:00 PM,NA,NA,Angle,Clear,Dry,Daylight,Stop Sign,NONE DETECTED,No,No Apparent Injury,Failed to Yield Right-of-Way,Not Distracted,MD,Passenger Car,Accelerating,25,No,2022,TOYOTA,CAMRY,39.03643124,-76.99604778,2024,5,13
240023796,Property Damage Crash,05/20/2024 01:43:00 PM,RAMP 3 FR CHERRY HILL RD WB TO RAMP 2,NA,"Sideswipe, Same Direction",Clear,Dry,Daylight,No Controls,NONE DETECTED,No,NA,NA,NA,NA,Passenger Car,Accelerating,40,No,2010,HONDA,ACCORD,39.06249502,-76.96266274,2024,5,13
240023796,Property Damage Crash,05/20/2024 01:43:00 PM,RAMP 3 FR CHERRY HILL RD WB TO RAMP 2,NA,"Sideswipe, Same Direction",Clear,Dry,Daylight,No Controls,NONE DETECTED,No,No Apparent Injury,NA,Not Distracted,MD,Passenger Car,Moving Constant Speed,40,No,2023,HONDA,CIVIC,39.06249502,-76.96266274,2024,5,13
240023788,Property Damage Crash,05/20/2024 01:42:00 PM,EAST WEST HWY,NA,Front to Rear,Clear,Dry,Daylight,No Controls,NONE DETECTED,No,No Apparent Injury,NA,Not Distracted,MD,Passenger Car,Turning Left,35,No,2024,BMW,X7,38.98784384,-77.07962492,2024,5,13
240023788,Property Damage Crash,05/20/2024 01:42:00 PM,EAST WEST HWY,NA,Front to Rear,Clear,Dry,Daylight,No Controls,NONE DETECTED,Yes,No Apparent Injury,"Failed to Yield Right-of-Way, Other Improper Action",Not Distracted,MD,Pickup,Entering Traffic Lane,35,No,2014,FORD,F-250,38.98784384,-77.07962492,2024,5,13
240023783,Property Damage Crash,05/20/2024 01:26:00 PM,NEW HAMPSHIRE AVE SER RD,NA,"Sideswipe, Same Direction",Clear,Dry,Daylight,No Controls,NONE DETECTED,Yes,No Apparent Injury,NA,Unknown,MD,Passenger Car,Changing Lanes,35,No,2017,TOYOTA,COROLLA,39.03221061,-76.98513651,2024,5,13
240023783,Property Damage Crash,05/20/2024 01:26:00 PM,NEW HAMPSHIRE AVE SER RD,NA,"Sideswipe, Same Direction",Clear,Dry,Daylight,No Controls,NONE DETECTED,No,No Apparent Injury,NA,Not Distracted,MD,Bus - Transit,Stopped in Traffic,35,No,2019,NEW FLYER,XCELSIOR,39.03221061,-76.98513651,2024,5,13
240023783,Property Damage Crash,05/20/2024 01:26:00 PM,NEW HAMPSHIRE AVE SER RD,NA,"Sideswipe, Same Direction",Clear,Dry,Daylight,No Controls,NONE DETECTED,No,No Apparent Injury,NA,Not Distracted,MD,Sport Utility Vehicle,Moving Constant Speed,35,No,2020,JEEP,CHEROKEE,39.03221061,-76.98513651,2024,5,13
240023777,Property Damage Crash,05/20/2024 12:31:00 PM,W DIAMOND AVE (WB/L),NA,Front to Rear,Clear,Dry,Daylight,Traffic Control Signal,NONE DETECTED,No,No Apparent Injury,NA,Not Distracted,MD,Passenger Car,Stopped in Traffic,35,No,2007,HONDA,ACCORD,39.14249906,-77.22042325,2024,5,12
240023777,Property Damage Crash,05/20/2024 12:31:00 PM,W DIAMOND AVE (WB/L),NA,Front to Rear,Clear,Dry,Daylight,Traffic Control Signal,NONE DETECTED,No,No Apparent Injury,"Operated Motor Vehicle in Inattentive, Careless, Negligent, or Erratic Manner","Other Action (looking away from task, etc.)",MD,Sport Utility Vehicle,Accelerating,35,No,2021,FORD,EXPLORER,39.14249906,-77.22042325,2024,5,12
240023763,Injury Crash,05/20/2024 11:30:00 AM,PARK AVE,NA,Front to Front,Cloudy,Dry,Daylight,No Controls,NONE DETECTED,No,Possible Minor Injury,NA,Unknown,NA,Moped Or motorized bicycle,Moving Constant Speed,25,No,2023,ZHONGXING,ZXGS-150J,39.144792,-77.19517917,2024,5,11
240023763,Injury Crash,05/20/2024 11:30:00 AM,PARK AVE,NA,Front to Front,Cloudy,Dry,Daylight,No Controls,NONE DETECTED,No,No Apparent Injury,NA,Not Distracted,MD,Sport Utility Vehicle,Turning Left,25,No,2008,MITSUBISHI,OUTLANDER,39.144792,-77.19517917,2024,5,11
240023748,Injury Crash,05/20/2024 11:03:00 AM,NA,NA,Front to Front,Clear,Dry,Daylight,No Controls,NONE DETECTED,No,No Apparent Injury,NA,Not Distracted,PA,Pickup,Moving Constant Speed,50,No,2015,CHEVROLET,3500,39.2320785,-77.14239,2024,5,11
240023748,Injury Crash,05/20/2024 11:03:00 AM,NA,NA,Front to Front,Clear,Dry,Daylight,No Controls,NONE DETECTED,No,Possible Minor Injury,NA,Not Distracted,MD,Sport Utility Vehicle,Moving Constant Speed,50,No,2017,JEEP,PATRIOT,39.2320785,-77.14239,2024,5,11
240023749,Property Damage Crash,05/20/2024 11:00:00 AM,CENTRAL AVE,NA,Rear To Side,Clear,Dry,Daylight,No Controls,NONE DETECTED,No,No Apparent Injury,NA,Not Distracted,MD,Passenger Car,Moving Constant Speed,35,No,2008,SUBARU,FORESTER,39.1301495,-77.18715067,2024,5,11
240023749,Property Damage Crash,05/20/2024 11:00:00 AM,CENTRAL AVE,NA,Rear To Side,Clear,Dry,Daylight,No Controls,NONE DETECTED,No,No Apparent Injury,NA,Not Distracted,MD,Sport Utility Vehicle,Making U-Turn,35,No,2016,TOYOTA,RAV4,39.1301495,-77.18715067,2024,5,11
240023738,Property Damage Crash,05/20/2024 10:04:00 AM,IS 270 LOCAL LANES (SB),NA,"Sideswipe, Same Direction",Clear,Dry,Daylight,No Controls,NONE DETECTED,Yes,No Apparent Injury,NA,Not Distracted,MD,Sport Utility Vehicle,Moving Constant Speed,55,No,2023,MAZDA,CX-9,39.10486077,-77.1822685,2024,5,10
240023738,Property Damage Crash,05/20/2024 10:04:00 AM,IS 270 LOCAL LANES (SB),NA,"Sideswipe, Same Direction",Clear,Dry,Daylight,No Controls,NONE DETECTED,No,No Apparent Injury,NA,Not Distracted,MD,Passenger Car,Moving Constant Speed,55,No,2015,VOLKSWAGEN,JETTA,39.10486077,-77.1822685,2024,5,10
240023725,Property Damage Crash,05/20/2024 09:00:00 AM,NA,NA,Rear To Rear,Cloudy,NA,Daylight,NA,NONE DETECTED,No,No Apparent Injury,Improper Backing,NA,NA,Passenger Car,Backing,0,No,2016,HONDA,ACCORD,39.02381,-77.124185,2024,5,9
240023725,Property Damage Crash,05/20/2024 09:00:00 AM,NA,NA,Rear To Rear,Cloudy,NA,Daylight,NA,NONE DETECTED,No,No Apparent Injury,NA,Not Distracted,MD,Sport Utility Vehicle,Backing,0,No,2022,BMW,X5,39.02381,-77.124185,2024,5,9
240023721,Property Damage Crash,05/20/2024 08:33:00 AM,NA,NA,Other,Cloudy,NA,Daylight,NA,NONE DETECTED,Yes,No Apparent Injury,NA,Not Distracted,MD,Bus - School,Moving Constant Speed,0,No,2021,FREIGHTLINER,B2 BUS CHASSIS,39.08929266,-77.06777824,2024,5,8
240023723,Property Damage Crash,05/20/2024 08:32:00 AM,NA,NA,"Sideswipe, Opposite Direction",Cloudy,Dry,Daylight,No Controls,NONE DETECTED,Yes,No Apparent Injury,NA,"Other Action (looking away from task, etc.)",MD,Pickup,Moving Constant Speed,25,No,2007,TOYOTA,TACOMA,39.02917889,-77.17096679,2024,5,8
240023723,Property Damage Crash,05/20/2024 08:32:00 AM,NA,NA,"Sideswipe, Opposite Direction",Cloudy,Dry,Daylight,No Controls,NONE DETECTED,No,No Apparent Injury,NA,Not Distracted,MD,Sport Utility Vehicle,Moving Constant Speed,25,No,2016,GMC,YUKON,39.02917889,-77.17096679,2024,5,8
240023719,Injury Crash,05/20/2024 08:15:00 AM,TWIN LAKES DR,NA,Front to Front,Cloudy,Dry,Daylight,Traffic Control Signal,NONE DETECTED,No,No Apparent Injury,NA,Not Distracted,MD,Passenger Car,Moving Constant Speed,35,No,2016,TOYOTA,COROLLA,39.12899936,-77.23043853,2024,5,8
240023719,Injury Crash,05/20/2024 08:15:00 AM,TWIN LAKES DR,NA,Front to Front,Cloudy,Dry,Daylight,Traffic Control Signal,NONE DETECTED,Yes,Possible Minor Injury,Failed to Yield Right-of-Way,Unknown,MD,Passenger Car,Turning Left,35,No,2022,TESLA,MODEL 3,39.12899936,-77.23043853,2024,5,8
240023711,Property Damage Crash,05/20/2024 07:45:00 AM,GEORGIA AVE (SB/L),NA,Front to Rear,Cloudy,Dry,Daylight,Traffic Control Signal,NONE DETECTED,No,No Apparent Injury,NA,NA,NA,Passenger Car,Moving Constant Speed,30,No,0,NA,NA,38.99050436,-77.02665942,2024,5,7
240023711,Property Damage Crash,05/20/2024 07:45:00 AM,GEORGIA AVE (SB/L),NA,Front to Rear,Cloudy,Dry,Daylight,Traffic Control Signal,NONE DETECTED,No,No Apparent Injury,NA,Not Distracted,MD,Sport Utility Vehicle,Slowing or Stopping,30,No,2020,TOYOTA,RAV4,38.99050436,-77.02665942,2024,5,7
240023710,Injury Crash,05/20/2024 07:09:00 AM,FENTON ST,NA,Front to Front,Clear,Dry,Daylight,Traffic Control Signal,NONE DETECTED,No,Possible Minor Injury,NA,Not Distracted,MD,Passenger Car,Accelerating,30,No,2010,HONDA,CR-V,38.98786638,-77.02365835,2024,5,7
240023710,Injury Crash,05/20/2024 07:09:00 AM,FENTON ST,NA,Front to Front,Clear,Dry,Daylight,Traffic Control Signal,NONE DETECTED,Yes,No Apparent Injury,NA,Unknown,MD,Bus - School,Moving Constant Speed,30,No,2014,THOMAS BUILT,SCHOOL BUS,38.98786638,-77.02365835,2024,5,7
240023692,Property Damage Crash,05/19/2024 11:06:00 PM,GEORGIA AVE (SB/L),NA,Other,Clear,Dry,Medium,No Controls,NONE DETECTED,No,No Apparent Injury,NA,Not Distracted,MD,Bus - Transit,Accelerating,30,No,2016,NEW FLYER,UNKNOWN,38.99626017,-77.02864439,2024,5,23