Local Case Number,ACRS Report Type,Crash Date/Time,Road Name,Related Non-Motorist,Collision Type,Weather,Surface Condition,Light,Traffic Control,Driver Substance Abuse,Driver At Fault,Injury Severity,Circumstance,Driver Distracted By,Drivers License State,Vehicle Body Type,Vehicle Movement,Speed Limit,Driverless Vehicle,Vehicle Year,Vehicle Make,Vehicle Model,Latitude,Longitude,Year,Month,Hour
240023692,Property Damage Crash,05/19/2024 11:06:00 PM,GEORGIA AVE (SB/L),NA,Other,Clear,Dry,Medium,No Controls,NONE DETECTED,Yes,No Apparent Injury,NA,Not Distracted,MD,Passenger Car,Turning Right,30,No,2019,SUBARU,FORESTER,38.99626017,-77.02864439,2024,5,23
240023689,Injury Crash,05/19/2024 10:49:00 PM,STEDWICK RD,NA,"Sideswipe, Same Direction",Clear,Dry,Medium,No Controls,NONE DETECTED,Yes,Possible Minor Injury,"Failed to Keep in Proper Lane, Operated Motor Vehicle in Inattentive, Careless, Negligent, or Erratic Manner",Not Distracted,MD,Sport Utility Vehicle,Accelerating,25,No,2019,CHEVROLET,TRAVERSE,39.17077629,-77.21335747,2024,5,22
240023627,Property Damage Crash,05/19/2024 09:52:00 PM,NA,NA,Front to Front,Clear,NA,Dark,NA,NONE DETECTED,Yes,No Apparent Injury,NA,Not Distracted,MD,Sport Utility Vehicle,NA,0,No,2016,BMW,X4,39.08284131,-76.94552639,2024,5,21
240023678,Property Damage Crash,05/19/2024 09:00:00 PM,NA,NA,Angle,Clear,Dry,Medium,Traffic Control Signal,NONE DETECTED,No,No Apparent Injury,NA,Not Distracted,MD,Passenger Car,Turning Left,35,No,2023,TESLA,MODEL Y,39.01814161,-77.20893696,2024,5,21
240023678,Property Damage Crash,05/19/2024 09:00:00 PM,NA,NA,Angle,Clear,Dry,Medium,Traffic Control Signal,NONE DETECTED,No,No Apparent Injury,NA,Not Distracted,MD,Sport Utility Vehicle,Moving Constant Speed,35,No,2022,TOYOTA,HIGHLANDER,39.01814161,-77.20893696,2024,5,21
240023687,Property Damage Crash,05/19/2024 08:42:00 PM,CONNECTICUT AVE (SB/L),NA,Front to Rear,Clear,Dry,Dark,Traffic Control Signal,NONE DETECTED,No,NA,NA,NA,NA,Passenger Car,Slowing or Stopping,35,No,2019,HONDA,ACCORD,39.05731207,-77.07359519,2024,5,20
240023687,Property Damage Crash,05/19/2024 08:42:00 PM,CONNECTICUT AVE (SB/L),NA,Front to Rear,Clear,Dry,Dark,Traffic Control Signal,NONE DETECTED,No,No Apparent Injury,NA,Not Distracted,MD,Passenger Car,Stopped in Traffic,35,No,2013,CHEVROLET,CAMARO,39.05731207,-77.07359519,2024,5,20
240023675,Fatal Crash,05/19/2024 08:14:00 PM,UNIVERSITY BLVD E (WB/L),NA,Angle,Cloudy,Dry,Medium,Traffic Control Signal,NONE DETECTED,No,No Apparent Injury,NA,Not Distracted,MD,Passenger Car,Moving Constant Speed,35,No,2018,AUDI,Q5,39.00623052,-76.99749008,2024,5,20
240023675,Fatal Crash,05/19/2024 08:14:00 PM,UNIVERSITY BLVD E (WB/L),NA,Angle,Cloudy,Dry,Medium,Traffic Control Signal,NONE DETECTED,No,Fatal Injury,NA,Unknown,MD,Passenger Car,Accelerating,35,No,2013,HONDA,CR-V,39.00623052,-76.99749008,2024,5,20
240023673,Property Damage Crash,05/19/2024 08:14:00 PM,BEL PRE RD,NA,Front to Rear,Clear,Dry,Daylight,Traffic Control Signal,NONE DETECTED,No,No Apparent Injury,NA,Not Distracted,MD,Passenger Car,Slowing or Stopping,35,No,2012,HONDA,CIVIC,39.09056576,-77.05900657,2024,5,20
240023673,Property Damage Crash,05/19/2024 08:14:00 PM,BEL PRE RD,NA,Front to Rear,Clear,Dry,Daylight,Traffic Control Signal,ALCOHOL PRESENT,Yes,No Apparent Injury,NA,Unknown,MD,Passenger Car,Moving Constant Speed,35,No,2019,TOYOTA,COROLLA,39.09056576,-77.05900657,2024,5,20
240023670,Property Damage Crash,05/19/2024 08:14:00 PM,NA,NA,Front to Rear,Clear,NA,Daylight,NA,NONE DETECTED,No,NA,NA,NA,NA,Passenger Car,Slowing or Stopping,0,No,2009,TOYOTA,COROLLA,39.08473899,-77.07700306,2024,5,20
240023673,Property Damage Crash,05/19/2024 08:14:00 PM,BEL PRE RD,NA,Front to Rear,Clear,Dry,Daylight,Traffic Control Signal,NONE DETECTED,No,No Apparent Injury,NA,Not Distracted,MD,Passenger Car,Slowing or Stopping,35,No,2016,LEXUS,GS,39.09056576,-77.05900657,2024,5,20
240023666,Injury Crash,05/19/2024 06:35:00 PM,ROCKVILLE PIKE (SB/L),Cyclist (Electric),Single Vehicle,Clear,Dry,Daylight,No Controls,NONE DETECTED,No,No Apparent Injury,NA,Unknown,MD,Passenger Car,Turning Right,15,No,2020,TOYOTA,COROLLA,39.05809084,-77.12092011,2024,5,18
240023663,Property Damage Crash,05/19/2024 06:14:00 PM,NA,NA,Front to Rear,Clear,NA,Daylight,NA,NONE DETECTED,No,No Apparent Injury,NA,Not Distracted,MD,Sport Utility Vehicle,Slowing or Stopping,0,No,2018,CHEVROLET,TRAVERSE,39.15659259,-77.20353201,2024,5,18
240023663,Property Damage Crash,05/19/2024 06:14:00 PM,NA,NA,Front to Rear,Clear,NA,Daylight,NA,NONE DETECTED,No,No Apparent Injury,NA,Not Distracted,XX,Passenger Car,Stopped in Traffic,0,No,2003,MERCEDES-BENZ,C-CLASS,39.15659259,-77.20353201,2024,5,18
240023646,Injury Crash,05/19/2024 04:07:00 PM,OBSERVATION DR,NA,Front to Rear,Clear,Dry,Daylight,Traffic Control Signal,NONE DETECTED,Yes,No Apparent Injury,Too Fast For Conditions,Not Distracted,MD,Passenger Car,Moving Constant Speed,40,No,2003,AUDI,A4,39.19071794,-77.24759731,2024,5,16
240023646,Injury Crash,05/19/2024 04:07:00 PM,OBSERVATION DR,NA,Front to Rear,Clear,Dry,Daylight,Traffic Control Signal,NONE DETECTED,No,Possible Minor Injury,NA,Not Distracted,MD,Passenger Car,Stopped in Traffic,40,No,2010,TOYOTA,COROLLA,39.19071794,-77.24759731,2024,5,16
240023637,Property Damage Crash,05/19/2024 03:19:00 PM,LOCKWOOD DR (SB/L),NA,Front to Rear,Clear,Dry,Daylight,No Controls,NONE DETECTED,No,NA,NA,NA,NA,Passenger Car,Backing,35,No,2013,NISSAN,SENTRA,39.03999534,-76.99005047,2024,5,15
240023637,Property Damage Crash,05/19/2024 03:19:00 PM,LOCKWOOD DR (SB/L),NA,Front to Rear,Clear,Dry,Daylight,No Controls,NONE DETECTED,No,No Apparent Injury,NA,Not Distracted,MD,Passenger Car,Stopped in Traffic,35,No,2011,HONDA,CR-V,39.03999534,-76.99005047,2024,5,15
240023626,Property Damage Crash,05/19/2024 01:50:00 PM,JOHNS HOPKINS DR,NA,Angle,Cloudy,Dry,Daylight,Stop Sign,NONE DETECTED,Yes,No Apparent Injury,Failed to Yield Right-of-Way,Unknown,MD,Passenger Car,Turning Left,25,No,2021,TOYOTA,SIENNA,39.10151333,-77.2106675,2024,5,13
240023626,Property Damage Crash,05/19/2024 01:50:00 PM,JOHNS HOPKINS DR,NA,Angle,Cloudy,Dry,Daylight,No Controls,NONE DETECTED,No,No Apparent Injury,NA,Not Distracted,MD,Passenger Car,Moving Constant Speed,40,No,2019,NISSAN,VERSA,39.10151333,-77.2106675,2024,5,13
240023620,Property Damage Crash,05/19/2024 01:10:00 PM,RAMP 4 FR MD 650 NB TO IS 495 EB,NA,Front to Rear,Cloudy,Dry,Daylight,No Controls,NONE DETECTED,No,No Apparent Injury,NA,Not Distracted,MD,Passenger Car,Slowing or Stopping,40,No,2022,HYUNDAI,ELANTRA,39.016074,-76.97745466,2024,5,13
240023620,Property Damage Crash,05/19/2024 01:10:00 PM,RAMP 4 FR MD 650 NB TO IS 495 EB,NA,Front to Rear,Cloudy,Dry,Daylight,No Controls,NONE DETECTED,Yes,No Apparent Injury,NA,Unknown,MD,Passenger Car,Moving Constant Speed,40,No,2017,HONDA,CIVIC,39.016074,-76.97745466,2024,5,13
240023620,Property Damage Crash,05/19/2024 01:10:00 PM,RAMP 4 FR MD 650 NB TO IS 495 EB,NA,Front to Rear,Cloudy,Dry,Daylight,No Controls,NONE DETECTED,No,No Apparent Injury,NA,Not Distracted,MD,Sport Utility Vehicle,Stopped in Traffic,40,No,2009,NISSAN,ROGUE,39.016074,-76.97745466,2024,5,13
240023615,Injury Crash,05/19/2024 12:45:00 PM,MONTGOMERY VILLAGE AVE,NA,Front to Rear,Cloudy,Dry,Daylight,No Controls,NONE DETECTED,No,Possible Minor Injury,NA,Not Distracted,MD,Sport Utility Vehicle,Slowing or Stopping,35,No,2005,ACURA,MDX,39.15618233,-77.206739,2024,5,12
240023615,Injury Crash,05/19/2024 12:45:00 PM,MONTGOMERY VILLAGE AVE,NA,Front to Rear,Cloudy,Dry,Daylight,No Controls,NONE DETECTED,No,No Apparent Injury,NA,Not Distracted,MD,Sport Utility Vehicle,Slowing or Stopping,35,No,2021,MAZDA,CX-5,39.15618233,-77.206739,2024,5,12
240023615,Injury Crash,05/19/2024 12:45:00 PM,MONTGOMERY VILLAGE AVE,NA,Front to Rear,Cloudy,Dry,Daylight,No Controls,NONE DETECTED,Yes,No Apparent Injury,Followed Too Closely,"Other Action (looking away from task, etc.)",MD,Sport Utility Vehicle,Moving Constant Speed,35,No,2006,NISSAN,PATHFINDER,39.15618233,-77.206739,2024,5,12
240023641,Property Damage Crash,05/19/2024 12:23:00 PM,NA,NA,"Sideswipe, Same Direction",Clear,NA,Daylight,NA,NONE DETECTED,No,NA,NA,NA,NA,Passenger Car,Backing,0,No,2016,KIA,FORTE,39.09236311,-77.04595725,2024,5,12
240023612,Property Damage Crash,05/19/2024 12:15:00 PM,GEORGIA AVE (SB/L),NA,Front to Rear,Clear,Dry,Daylight,No Controls,NONE DETECTED,No,No Apparent Injury,NA,Not Distracted,MD,Passenger Car,Moving Constant Speed,30,No,2014,MERCEDES-BENZ,CLS-CLASS,38.99779331,-77.030061130000007,2024,5,12
240023612,Property Damage Crash,05/19/2024 12:15:00 PM,GEORGIA AVE (SB/L),NA,Front to Rear,Clear,Dry,Daylight,No Controls,NONE DETECTED,No,No Apparent Injury,NA,Not Distracted,MD,Passenger Car,Slowing or Stopping,30,No,2022,TOYOTA,CAMRY,38.99779331,-77.030061130000007,2024,5,12
240023612,Property Damage Crash,05/19/2024 12:15:00 PM,GEORGIA AVE (SB/L),NA,Front to Rear,Clear,Dry,Daylight,No Controls,NONE DETECTED,No,No Apparent Injury,NA,Not Distracted,MD,Passenger Car,Slowing or Stopping,30,No,2017,TOYOTA,HIGHLANDER,38.99779331,-77.030061130000007,2024,5,12
240023616,Property Damage Crash,05/19/2024 12:00:00 PM,NA,NA,Front to Rear,Clear,NA,Daylight,NA,NONE DETECTED,No,No Apparent Injury,NA,Not Distracted,MD,Passenger Car,Moving Constant Speed,0,No,2024,HONDA,HR-V,39.06050833,-77.04918667,2024,5,12
240023621,Property Damage Crash,05/19/2024 12:00:00 PM,KENWOOD STATION SC ENT,NA,Angle,Clear,Dry,Daylight,No Controls,NONE DETECTED,No,NA,NA,NA,NA,NA,NA,25,No,0,NA,NA,38.96614171,-77.10451144,2024,5,12
240023616,Property Damage Crash,05/19/2024 12:00:00 PM,NA,NA,Front to Rear,Clear,NA,Daylight,NA,NONE DETECTED,Yes,No Apparent Injury,Failed to Yield Right-of-Way,Unknown,MD,Passenger Car,Backing,0,No,2011,TOYOTA,CAMRY,39.06050833,-77.04918667,2024,5,12
240023608,Property Damage Crash,05/19/2024 11:18:00 AM,UNIVERSITY BLVD E (WB/L),NA,"Sideswipe, Same Direction",Clear,Dry,Daylight,No Controls,NONE DETECTED,No,No Apparent Injury,NA,Not Distracted,MD,Passenger Car,Changing Lanes,35,No,2005,MERCEDES-BENZ,ML-CLASS,39.01268715,-77.00291573,2024,5,11
240023608,Property Damage Crash,05/19/2024 11:18:00 AM,UNIVERSITY BLVD E (WB/L),NA,"Sideswipe, Same Direction",Clear,Dry,Daylight,No Controls,NONE DETECTED,No,No Apparent Injury,NA,Not Distracted,MD,Passenger Car,Moving Constant Speed,35,No,2015,KIA,OPTIMA,39.01268715,-77.00291573,2024,5,11
240023606,Property Damage Crash,05/19/2024 11:00:00 AM,UNIVERSITY BLVD W (WB/L),NA,Front to Rear,Cloudy,Dry,Daylight,Traffic Control Signal,NONE DETECTED,No,No Apparent Injury,NA,Not Distracted,MD,Passenger Car,Stopped in Traffic,35,No,2001,TOYOTA,CAMRY,39.03997641,-77.04298269,2024,5,11
240023606,Property Damage Crash,05/19/2024 11:00:00 AM,UNIVERSITY BLVD W (WB/L),NA,Front to Rear,Cloudy,Dry,Daylight,Pedestrian Crossing,NONE DETECTED,No,No Apparent Injury,NA,Not Distracted,MD,Sport Utility Vehicle,Slowing or Stopping,35,No,2023,NISSAN,PATHFINDER,39.03997641,-77.04298269,2024,5,11
240023603,Property Damage Crash,05/19/2024 10:41:00 AM,PARKLAWN DR,Cyclist (non-electric),Single Vehicle,Clear,Dry,Daylight,Stop Sign,NONE DETECTED,Yes,No Apparent Injury,NA,Unknown,MD,Sport Utility Vehicle,Entering Traffic Lane,5,No,2014,FORD,ESCAPE,39.05091012,-77.10540351,2024,5,10
240023593,Injury Crash,05/19/2024 08:20:00 AM,TECH RD,NA,Angle,Cloudy,Dry,Daylight,Traffic Control Signal,NONE DETECTED,No,No Apparent Injury,NA,Not Distracted,VA,Pickup,Moving Constant Speed,50,No,2010,FORD,F-150,39.05785051,-76.96842175,2024,5,8
240023593,Injury Crash,05/19/2024 08:20:00 AM,TECH RD,NA,Angle,Cloudy,Dry,Daylight,Traffic Control Signal,DRUG AND ALCOHOL CONTRIBUTED,Yes,Suspected Serious Injury,NA,Unknown,MD,Sport Utility Vehicle,Turning Left,50,No,2010,CHEVROLET,TAHOE,39.05785051,-76.96842175,2024,5,8
240023584,Injury Crash,05/19/2024 04:52:00 AM,FENTON ST,NA,Other,Clear,Dry,Medium,Flashing Traffic Control Signal,NONE DETECTED,No,No Apparent Injury,NA,Not Distracted,DC,Passenger Car,Moving Constant Speed,30,No,2023,HONDA,HR-V,38.99015626,-77.0239237,2024,5,4
240023584,Injury Crash,05/19/2024 04:52:00 AM,FENTON ST,NA,Other,Clear,Dry,Medium,Flashing Traffic Control Signal,NONE DETECTED,Yes,Possible Minor Injury,NA,Not Distracted,MD,Passenger Car,Moving Constant Speed,30,No,2012,HYUNDAI,SONATA,38.99015626,-77.0239237,2024,5,4
240023581,Injury Crash,05/19/2024 03:30:00 AM,NA,NA,Front to Rear,Clear,Dry,Dark,Traffic Control Signal,ALCOHOL PRESENT,Yes,No Apparent Injury,Other Improper Action,Not Distracted,NA,Passenger Car,Slowing or Stopping,30,No,2003,MAZDA,PROTEGE,38.99944448,-76.99520044,2024,5,3
240023581,Injury Crash,05/19/2024 03:30:00 AM,NA,NA,Front to Rear,Clear,Dry,Dark,Traffic Control Signal,NONE DETECTED,No,No Apparent Injury,NA,Not Distracted,MD,Passenger Car,Stopped in Traffic,30,No,2014,HONDA,ACCORD,38.99944448,-76.99520044,2024,5,3
240023578,Property Damage Crash,05/19/2024 03:00:00 AM,CLARKSBURG RD,NA,Single Vehicle,Clear,Wet,Dark,No Controls,NONE DETECTED,Yes,No Apparent Injury,NA,Unknown,MD,Pickup,Moving Constant Speed,40,No,2009,CHEVROLET,SILVERADO,39.32483,-77.22791167,2024,5,3
240023571,Property Damage Crash,05/19/2024 12:15:00 AM,NEW HAMPSHIRE AVE (SB/L),NA,Single Vehicle,Clear,Dry,Medium,Traffic Control Signal,ALCOHOL PRESENT,Yes,No Apparent Injury,NA,Unknown,MD,Sport Utility Vehicle,Moving Constant Speed,35,No,2016,KIA,SORENTO,39.01529147,-76.97797926,2024,5,0
240023568,Property Damage Crash,05/19/2024 12:10:00 AM,COLIE DR,NA,Front to Rear,Clear,Wet,Medium,No Controls,NONE DETECTED,No,No Apparent Injury,NA,Not Distracted,MD,Passenger Car,Accelerating,30,No,2016,CHEVROLET,CAMARO,39.05966667,-77.08551333,2024,5,0
240023565,Property Damage Crash,05/18/2024 11:14:00 PM,NELSON ST,NA,Single Vehicle,Clear,Dry,Medium,No Controls,NONE DETECTED,No,No Apparent Injury,NA,Not Distracted,MD,Sport Utility Vehicle,Moving Constant Speed,25,No,2018,JEEP,CHEROKEE,39.09501283,-77.16954977,2024,5,23
240023564,Property Damage Crash,05/18/2024 10:41:00 PM,NA,NA,Single Vehicle,Cloudy,NA,Medium,NA,NONE DETECTED,No,No Apparent Injury,Other Improper Action,Not Distracted,MD,Sport Utility Vehicle,Turning Left,0,No,2017,FORD,EXPLORER,39.14006885,-77.19399844,2024,5,22
240023555,Property Damage Crash,05/18/2024 10:10:00 PM,GIRARD ST,NA,Single Vehicle,Cloudy,Dry,Medium,No Controls,ALCOHOL PRESENT,Yes,No Apparent Injury,"Operated Motor Vehicle in Inattentive, Careless, Negligent, or Erratic Manner, Operated Motor Vehicle in Reckless or Aggressive Manner, Swerved or Avoided Due to Wind, Slippery Surface, Motor Vehicle, Object, Non-Motorist in Roadway, etc, Too Fast For Conditions",Unknown,MD,Passenger Car,Negotiating a Curve,25,No,2014,DODGE,CHALLENGER,39.1426153,-77.18283561,2024,5,22
240023560,Property Damage Crash,05/18/2024 09:20:00 PM,LAMBERTON DR,NA,Rear To Side,Clear,Dry,Medium,No Controls,NONE DETECTED,No,No Apparent Injury,NA,Not Distracted,MD,Passenger Car,Turning Left,25,No,2011,LEXUS,RX,39.04225192,-77.02728132,2024,5,21
240023560,Property Damage Crash,05/18/2024 09:20:00 PM,LAMBERTON DR,NA,Rear To Side,Clear,Dry,Medium,No Controls,NONE DETECTED,No,NA,NA,NA,NA,Passenger Car,Overtaking/Passing,25,No,2023,TOYOTA,COROLLA CROSS,39.04225192,-77.02728132,2024,5,21
240023541,Property Damage Crash,05/18/2024 07:32:00 PM,E DIAMOND AVE,NA,Front to Rear,Cloudy,Dry,Medium,No Controls,NONE DETECTED,No,No Apparent Injury,NA,Not Distracted,MD,Passenger Car,Turning Left,30,No,2011,CHEVROLET,CRUZE,39.14166067,-77.19846467,2024,5,19
240023541,Property Damage Crash,05/18/2024 07:32:00 PM,E DIAMOND AVE,NA,Front to Rear,Cloudy,Dry,Medium,No Controls,NONE DETECTED,No,No Apparent Injury,Too Fast For Conditions,Not Distracted,MD,Passenger Car,Moving Constant Speed,30,No,2016,HONDA,ACCORD,39.14166067,-77.19846467,2024,5,19
240023540,Property Damage Crash,05/18/2024 07:21:00 PM,WATKINS MILL RD,NA,"Sideswipe, Same Direction",Cloudy,Wet,Daylight,No Controls,NONE DETECTED,No,No Apparent Injury,NA,Unknown,MD,Sport Utility Vehicle,Moving Constant Speed,35,No,2004,FORD,EXPLORER,39.18204244,-77.21037847,2024,5,19
240023531,Property Damage Crash,05/18/2024 06:15:00 PM,NA,NA,Single Vehicle,Rain,Wet,Daylight,No Controls,NONE DETECTED,No,No Apparent Injury,NA,Not Distracted,MD,Passenger Car,Moving Constant Speed,35,No,2002,ACURA,RSX,39.18979833,-77.22072667,2024,5,18
240023527,Property Damage Crash,05/18/2024 05:37:00 PM,WILLARD AVE,NA,Rear To Side,Rain,Wet,Daylight,No Controls,NONE DETECTED,No,No Apparent Injury,NA,Not Distracted,MD,Passenger Car,Moving Constant Speed,25,No,2020,KIA,SORENTO,38.96234833,-77.090185,2024,5,17
240023527,Property Damage Crash,05/18/2024 05:37:00 PM,WILLARD AVE,NA,Rear To Side,Rain,Wet,Daylight,No Controls,NONE DETECTED,Yes,No Apparent Injury,NA,Unknown,NY,Passenger Car,Turning Left,25,No,2023,CADILLAC,ESCALADE,38.96234833,-77.090185,2024,5,17
240023520,Property Damage Crash,05/18/2024 05:06:00 PM,RAMP 2 FR IS 495 WB TO MD 97 NB,NA,Single Vehicle,Rain,Wet,Daylight,No Controls,NONE DETECTED,No,No Apparent Injury,NA,Not Distracted,MD,Other,Slowing or Stopping,30,No,2015,FREIGHTLINER,EM2 106,39.01351595,-77.03954298,2024,5,17
240023522,Property Damage Crash,05/18/2024 05:04:00 PM,NA,NA,"Sideswipe, Same Direction",Rain,Wet,Daylight,Traffic Control Signal,NONE DETECTED,Yes,No Apparent Injury,Failed to Keep in Proper Lane,Not Distracted,MD,Bus - Transit,Turning Left,35,No,2023,NEW FLYER,XCELSIOR,39.02652523,-77.14398594,2024,5,17
240023522,Property Damage Crash,05/18/2024 05:04:00 PM,NA,NA,"Sideswipe, Same Direction",Rain,Wet,Daylight,Traffic Control Signal,NONE DETECTED,Yes,No Apparent Injury,NA,Not Distracted,MD,Passenger Car,Stopped in Traffic,35,No,2024,TOYOTA,CAMRY,39.02652523,-77.14398594,2024,5,17
240023503,Injury Crash,05/18/2024 02:30:00 PM,WHITES FERRY RD,NA,Front to Rear,Rain,Wet,Daylight,Stop Sign,NONE DETECTED,No,Possible Minor Injury,NA,Not Distracted,MD,Passenger Car,Turning Right,30,No,2021,NISSAN,ALTIMA,39.12828373,-77.34661625,2024,5,14
240023503,Injury Crash,05/18/2024 02:30:00 PM,WHITES FERRY RD,NA,Front to Rear,Rain,Wet,Daylight,Stop Sign,NONE DETECTED,Yes,No Apparent Injury,Followed Too Closely,Not Distracted,MD,Sport Utility Vehicle,Moving Constant Speed,30,No,2011,HONDA,CR-V,39.12828373,-77.34661625,2024,5,14
240023499,Injury Crash,05/18/2024 02:21:00 PM,NA,NA,Front to Rear,Cloudy,Wet,Daylight,No Controls,NONE DETECTED,No,No Apparent Injury,NA,Not Distracted,FL,Pickup,Stopped in Traffic,35,No,2022,GMC,SIERRA,39.043975,-77.16005167,2024,5,14
240023499,Injury Crash,05/18/2024 02:21:00 PM,NA,NA,Front to Rear,Cloudy,Wet,Daylight,No Controls,NONE DETECTED,Yes,Possible Minor Injury,NA,Unknown,MD,Passenger Car,Slowing or Stopping,35,No,2013,MERCEDES-BENZ,CL-CLASS,39.043975,-77.16005167,2024,5,14
240023494,Property Damage Crash,05/18/2024 01:37:00 PM,PARKER FARM WAY (SB/L),NA,Angle,Cloudy,Wet,Daylight,Traffic Control Signal,NONE DETECTED,Yes,No Apparent Injury,NA,Not Distracted,NA,Passenger Car,Moving Constant Speed,35,No,2011,HONDA,CIVIC,39.09051833,-77.047585,2024,5,13
240023494,Property Damage Crash,05/18/2024 01:37:00 PM,PARKER FARM WAY (SB/L),NA,Angle,Cloudy,Wet,Daylight,Traffic Control Signal,NONE DETECTED,No,No Apparent Injury,NA,Not Distracted,NA,Passenger Car,Stopped in Traffic,35,No,2016,FORD,F-150,39.09051833,-77.047585,2024,5,13
240023494,Property Damage Crash,05/18/2024 01:37:00 PM,PARKER FARM WAY (SB/L),NA,Angle,Cloudy,Wet,Daylight,Traffic Control Signal,NONE DETECTED,No,No Apparent Injury,NA,Not Distracted,NJ,Passenger Car,Accelerating,35,No,2023,TOYOTA,CAMRY,39.09051833,-77.047585,2024,5,13
240023492,Property Damage Crash,05/18/2024 01:30:00 PM,NA,NA,Front to Rear,Cloudy,Wet,Daylight,No Controls,NONE DETECTED,Yes,No Apparent Injury,"Followed Too Closely, Too Fast For Conditions",Unknown,MD,Sport Utility Vehicle,Moving Constant Speed,45,No,2009,NISSAN,ROGUE,39.15133404,-77.28876487,2024,5,13
240023492,Property Damage Crash,05/18/2024 01:30:00 PM,NA,NA,Front to Rear,Cloudy,Wet,Daylight,No Controls,NONE DETECTED,No,No Apparent Injury,NA,Not Distracted,MD,Passenger Car,Slowing or Stopping,45,No,2019,TOYOTA,CAMRY,39.15133404,-77.28876487,2024,5,13
240023481,Property Damage Crash,05/18/2024 11:34:00 AM,UNIVERSITY BLVD W,NA,Front to Rear,Cloudy,Wet,Daylight,Traffic Control Signal,NONE DETECTED,No,No Apparent Injury,NA,Not Distracted,MD,Sport Utility Vehicle,Stopped in Traffic,35,No,2020,AUDI,Q7,39.03648473,-77.03064191,2024,5,11
240023481,Property Damage Crash,05/18/2024 11:34:00 AM,UNIVERSITY BLVD W,NA,Front to Rear,Cloudy,Wet,Daylight,Traffic Control Signal,ALCOHOL PRESENT,Yes,No Apparent Injury,NA,Not Distracted,MD,Passenger Car,Moving Constant Speed,35,No,2009,HONDA,CIVIC,39.03648473,-77.03064191,2024,5,11
240023468,Property Damage Crash,05/18/2024 11:00:00 AM,NA,NA,Other,Rain,NA,Daylight,NA,NONE DETECTED,No,No Apparent Injury,Improper Turn,Unknown,NA,Other,Negotiating a Curve,0,No,2012,FORD,UNKNOWN,39.18233569,-77.26130878,2024,5,11
240023472,Property Damage Crash,05/18/2024 11:00:00 AM,BLUERIDGE AVE,NA,Angle,Cloudy,Wet,Daylight,Stop Sign,NONE DETECTED,No,No Apparent Injury,NA,Not Distracted,MD,Sport Utility Vehicle,NA,30,No,2007,HONDA,PILOT,39.04308037,-77.05005445,2024,5,11
240023471,Injury Crash,05/18/2024 11:00:00 AM,AIRPARK RD (SB/L),NA,Single Vehicle,Rain,Wet,Daylight,No Controls,NONE DETECTED,Yes,Possible Minor Injury,Too Fast For Conditions,Unknown,MD,Passenger Car,Negotiating a Curve,40,No,2007,NISSAN,PATHFINDER,39.153565,-77.14160833,2024,5,11
240023472,Property Damage Crash,05/18/2024 11:00:00 AM,BLUERIDGE AVE,NA,Angle,Cloudy,Wet,Daylight,Stop Sign,NONE DETECTED,No,No Apparent Injury,NA,Not Distracted,MD,Other Trucks,Turning Left,30,No,2008,PIERCE MANUFACTURING,RESCUE,39.04308037,-77.05005445,2024,5,11
240023470,Injury Crash,05/18/2024 10:22:00 AM,UNIVERSITY BLVD W,NA,"Sideswipe, Opposite Direction",Rain,Wet,Daylight,No Controls,NONE DETECTED,No,No Apparent Injury,NA,Unknown,MD,Passenger Car,Moving Constant Speed,35,No,2012,HYUNDAI,ACCENT,39.03196333,-77.02277633,2024,5,10
240023470,Injury Crash,05/18/2024 10:22:00 AM,UNIVERSITY BLVD W,NA,"Sideswipe, Opposite Direction",Rain,Wet,Daylight,No Controls,NONE DETECTED,Yes,Possible Minor Injury,NA,Unknown,VA,Passenger Car,Turning Left,35,No,2014,LEXUS,LS,39.03196333,-77.02277633,2024,5,10
240023460,Property Damage Crash,05/18/2024 09:44:00 AM,LOCKWOOD DR,NA,Front to Rear,Rain,Wet,Daylight,No Controls,NONE DETECTED,No,No Apparent Injury,NA,Not Distracted,MD,Sport Utility Vehicle,Slowing or Stopping,30,No,2015,MERCEDES-BENZ,GL-CLASS,39.04000027,-76.98985751,2024,5,9