Local Case Number,ACRS Report Type,Crash Date/Time,Road Name,Related Non-Motorist,Collision Type,Weather,Surface Condition,Light,Traffic Control,Driver Substance Abuse,Driver At Fault,Injury Severity,Circumstance,Driver Distracted By,Drivers License State,Vehicle Body Type,Vehicle Movement,Speed Limit,Driverless Vehicle,Vehicle Year,Vehicle Make,Vehicle Model,Latitude,Longitude,Year,Month,Hour
240023460,Property Damage Crash,05/18/2024 09:44:00 AM,LOCKWOOD DR,NA,Front to Rear,Rain,Wet,Daylight,No Controls,NONE DETECTED,Yes,No Apparent Injury,Other Improper Action,Unknown,MD,Passenger Car,Moving Constant Speed,30,No,2021,NISSAN,MAXIMA,39.04000027,-76.98985751,2024,5,9
240023450,Injury Crash,05/18/2024 07:35:00 AM,SHADOW OAK DR,NA,Single Vehicle,Rain,Wet,Daylight,No Controls,NONE DETECTED,Yes,Possible Minor Injury,Too Fast For Conditions,Unknown,MD,Passenger Car,Moving Constant Speed,25,No,2008,HONDA,ACCORD,39.18650373,-77.20283048,2024,5,7
240023446,Property Damage Crash,05/18/2024 05:00:00 AM,INDEPENDENCE ST,NA,Angle,Rain,Wet,Medium,Flashing Traffic Control Signal,NONE DETECTED,No,No Apparent Injury,NA,Not Distracted,MD,Passenger Car,Moving Constant Speed,35,No,2016,TOYOTA,CAMRY,39.07646185,-77.08005118,2024,5,5
240023446,Property Damage Crash,05/18/2024 05:00:00 AM,INDEPENDENCE ST,NA,Angle,Rain,Wet,Medium,Flashing Traffic Control Signal,NONE DETECTED,No,No Apparent Injury,NA,Not Distracted,MD,Van - Cargo,Entering Traffic Lane,25,No,2003,GMC,SAVANA,39.07646185,-77.08005118,2024,5,5
240023445,Injury Crash,05/18/2024 04:57:00 AM,NA,Pedestrian,Single Vehicle,Rain,NA,Medium,NA,NONE DETECTED,Yes,No Apparent Injury,Improper Turn,Not Distracted,DC,Passenger Car,Turning Left,0,No,2006,HONDA,ACCORD,38.99615843,-77.02775953,2024,5,4
240023426,Injury Crash,05/17/2024 11:03:00 PM,RAMP 8 FR MD 97 SB TO IS 495 WB,NA,Angle,Clear,Dry,Medium,No Controls,NONE DETECTED,Yes,No Apparent Injury,Failed to Yield Right-of-Way,Not Distracted,MD,Passenger Car,Changing Lanes,30,No,2019,AUDI,SQ5,39.01466604,-77.04264177,2024,5,23
240023426,Injury Crash,05/17/2024 11:03:00 PM,RAMP 8 FR MD 97 SB TO IS 495 WB,NA,Angle,Clear,Dry,Medium,No Controls,NONE DETECTED,No,Possible Minor Injury,NA,Not Distracted,MD,Passenger Car,Moving Constant Speed,30,No,2016,HONDA,ACCORD,39.01466604,-77.04264177,2024,5,23
240023424,Property Damage Crash,05/17/2024 10:50:00 PM,MONROE ST,NA,Other,Clear,Dry,Medium,Traffic Control Signal,NONE DETECTED,No,No Apparent Injury,NA,Unknown,VA,Passenger Car,Moving Constant Speed,25,No,2013,NISSAN,PATHFINDER,39.08067467,-77.14996641,2024,5,22
240023424,Property Damage Crash,05/17/2024 10:50:00 PM,MONROE ST,NA,Other,Clear,Dry,Medium,Traffic Control Signal,NONE DETECTED,Yes,No Apparent Injury,NA,Unknown,MD,Passenger Car,Moving Constant Speed,25,No,2018,FORD,MUSTANG,39.08067467,-77.14996641,2024,5,22
240023415,Injury Crash,05/17/2024 09:48:00 PM,GEORGIA AVE (SB/L),NA,Front to Rear,Clear,Dry,Medium,No Controls,NONE DETECTED,Yes,No Apparent Injury,NA,Not Distracted,MD,Passenger Car,Moving Constant Speed,35,No,2018,INFINITI,Q50,39.01170312,-77.04132743,2024,5,21
240023415,Injury Crash,05/17/2024 09:48:00 PM,GEORGIA AVE (SB/L),NA,Front to Rear,Clear,Dry,Medium,No Controls,NONE DETECTED,No,Possible Minor Injury,NA,Not Distracted,MD,Passenger Car,Moving Constant Speed,35,No,2018,NISSAN,MURANO,39.01170312,-77.04132743,2024,5,21
240023407,Property Damage Crash,05/17/2024 08:45:00 PM,FENTON ST,NA,Single Vehicle,Cloudy,Dry,Medium,No Controls,NONE DETECTED,No,No Apparent Injury,NA,Not Distracted,MD,Sport Utility Vehicle,Slowing or Stopping,25,No,2007,DODGE,DURANGO,38.99621317,-77.0248905,2024,5,20
240023400,Property Damage Crash,05/17/2024 08:35:00 PM,NA,NA,"Sideswipe, Opposite Direction",Clear,NA,Daylight,NA,NONE DETECTED,No,NA,NA,NA,NA,Unknown,NA,0,No,0,NA,NA,39.1159081,-77.20769249,2024,5,20
240023395,Injury Crash,05/17/2024 07:35:00 PM,VEIRS MILL RD,NA,Other,Clear,Dry,Daylight,No Controls,NONE DETECTED,No,No Apparent Injury,NA,Not Distracted,PA,Passenger Car,Entering Traffic Lane,5,No,2017,TOYOTA,PRIUS,39.03921117,-77.05426317,2024,5,19
240023395,Injury Crash,05/17/2024 07:35:00 PM,VEIRS MILL RD,NA,Other,Clear,Dry,Daylight,No Controls,NONE DETECTED,Yes,Possible Minor Injury,NA,Not Distracted,MD,Passenger Car,Moving Constant Speed,25,No,2023,TOYOTA,CAMRY,39.03921117,-77.05426317,2024,5,19
240023392,Injury Crash,05/17/2024 07:05:00 PM,DENNIS AVE,NA,Single Vehicle,Cloudy,Dry,Daylight,No Controls,NONE DETECTED,No,Possible Minor Injury,Other Improper Action,Not Distracted,MD,Motorcycle - 3 Wheeled,Turning Left,30,No,2020,HARLEY DAVIDSON,STREET GLIDE TRIKE,39.02531425,-77.04561736,2024,5,19
240023385,Injury Crash,05/17/2024 06:29:00 PM,NA,NA,Rear To Side,Cloudy,NA,Daylight,NA,NONE DETECTED,No,No Apparent Injury,NA,Not Distracted,US,Passenger Car,Parked,0,No,2020,TOYOTA,COROLLA,39.00319671,-77.01211335,2024,5,18
240023385,Injury Crash,05/17/2024 06:29:00 PM,NA,NA,Rear To Side,Cloudy,NA,Daylight,NA,NONE DETECTED,Yes,No Apparent Injury,Improper Backing,Not Distracted,MD,Pickup,Backing,0,No,2000,NISSAN,FRONTIER,39.00319671,-77.01211335,2024,5,18
240023371,Property Damage Crash,05/17/2024 05:25:00 PM,CARROLL LA,NA,Angle,Clear,Dry,Daylight,Stop Sign,NONE DETECTED,Yes,No Apparent Injury,NA,Not Distracted,DC,Sport Utility Vehicle,Turning Left,30,No,2024,SUBARU,UNKNOWN,38.99080375,-77.01640769,2024,5,17
240023371,Property Damage Crash,05/17/2024 05:25:00 PM,CARROLL LA,NA,Angle,Clear,Dry,Daylight,No Controls,NONE DETECTED,No,No Apparent Injury,NA,Not Distracted,MD,Sport Utility Vehicle,Moving Constant Speed,30,No,2016,JEEP,PATRIOT,38.99080375,-77.01640769,2024,5,17
240023379,Property Damage Crash,05/17/2024 05:17:00 PM,LOCKWOOD DR,NA,"Sideswipe, Same Direction",Cloudy,Wet,Daylight,No Controls,NONE DETECTED,No,NA,NA,Not Distracted,NA,Passenger Car,Overtaking/Passing,35,No,2016,HONDA,ACCORD,39.03335411,-77.00178869,2024,5,17
240023379,Property Damage Crash,05/17/2024 05:17:00 PM,LOCKWOOD DR,NA,"Sideswipe, Same Direction",Cloudy,Wet,Daylight,No Controls,NONE DETECTED,No,No Apparent Injury,NA,Not Distracted,MD,Bus - Transit,Accelerating,35,No,2013,ZZKNOWN,UNKNOWN,39.03335411,-77.00178869,2024,5,17
240023349,Property Damage Crash,05/17/2024 03:28:00 PM,GEORGIA AVE,NA,Front to Rear,Clear,Wet,Daylight,Traffic Control Signal,NONE DETECTED,No,No Apparent Injury,NA,Not Distracted,MD,Passenger Car,Stopped in Traffic,30,No,2015,FORD,ESCAPE,39.14837095,-77.06667733,2024,5,15
240023349,Property Damage Crash,05/17/2024 03:28:00 PM,GEORGIA AVE,NA,Front to Rear,Clear,Wet,Daylight,Traffic Control Signal,NONE DETECTED,No,No Apparent Injury,NA,"Other Action (looking away from task, etc.)",MD,Passenger Car,Moving Constant Speed,30,No,2023,TESLA,MODEL 3,39.14837095,-77.06667733,2024,5,15
240023354,Property Damage Crash,05/17/2024 03:15:00 PM,HATHERLEIGH DR,NA,"Sideswipe, Same Direction",Cloudy,Dry,Daylight,No Controls,NONE DETECTED,No,No Apparent Injury,NA,Not Distracted,MD,Bus - School,Moving Constant Speed,25,No,2015,FRIESEN WELDING,FRIESEN WELDING,39.02497053,-77.11702205,2024,5,15
240023342,Property Damage Crash,05/17/2024 02:55:00 PM,NA,NA,"Sideswipe, Same Direction",Clear,NA,Daylight,NA,NONE DETECTED,Yes,No Apparent Injury,NA,Unknown,MD,Sport Utility Vehicle,Moving Constant Speed,0,No,2015,SUBARU,FORESTER,39.05618965,-76.96590004,2024,5,14
240023342,Property Damage Crash,05/17/2024 02:55:00 PM,NA,NA,"Sideswipe, Same Direction",Clear,NA,Daylight,NA,NONE DETECTED,No,No Apparent Injury,NA,Not Distracted,MD,Sport Utility Vehicle,Turning Right,0,No,2012,SUBARU,OUTBACK,39.05618965,-76.96590004,2024,5,14
240023344,Property Damage Crash,05/17/2024 02:50:00 PM,LINTON ST,NA,"Sideswipe, Opposite Direction",Cloudy,Dry,Daylight,No Controls,NONE DETECTED,Yes,No Apparent Injury,NA,Not Distracted,MD,Bus - School,Moving Constant Speed,25,No,2015,THOMAS BUILT,SCHOOL BUS,39.00382591,-76.9933713,2024,5,14
240023344,Property Damage Crash,05/17/2024 02:50:00 PM,LINTON ST,NA,"Sideswipe, Opposite Direction",Cloudy,Dry,Daylight,No Controls,NONE DETECTED,No,No Apparent Injury,NA,Not Distracted,MD,Other Trucks,Parked,25,No,2017,FORD,UNKNOWN,39.00382591,-76.9933713,2024,5,14
240023340,Injury Crash,05/17/2024 02:40:00 PM,EAST WEST HWY (WB/L),Pedestrian,Single Vehicle,Cloudy,Dry,Daylight,Traffic Control Signal,NONE DETECTED,No,No Apparent Injury,NA,Unknown,MD,Passenger Car,Turning Left,35,No,2023,HONDA,ACCORD,38.99488732,-77.04560998,2024,5,14
240028267,Property Damage Crash,05/17/2024 01:48:00 PM,THAYER AVE,NA,"Sideswipe, Same Direction",Clear,Dry,Daylight,No Controls,NONE DETECTED,No,No Apparent Injury,NA,Not Distracted,MD,Sport Utility Vehicle,Parked,30,No,2023,HONDA,HONDA UTILITY VEHICLE,38.99300865,-77.02595932,2024,5,13
240028267,Property Damage Crash,05/17/2024 01:48:00 PM,THAYER AVE,NA,"Sideswipe, Same Direction",Clear,Dry,Daylight,No Controls,NONE DETECTED,Yes,No Apparent Injury,NA,Unknown,MD,Sport Utility Vehicle,Leaving Traffic Lane,30,No,2022,AUDI,Q5,38.99300865,-77.02595932,2024,5,13
240023315,Property Damage Crash,05/17/2024 01:12:00 PM,SHAKESPEARE BLVD (WB/L),NA,Angle,Cloudy,Dry,Daylight,Traffic Control Signal,NONE DETECTED,No,No Apparent Injury,NA,Not Distracted,MD,Passenger Car,Stopped in Traffic,30,No,2024,MAZDA,CX-30,39.19779941,-77.25399914,2024,5,13
240023315,Property Damage Crash,05/17/2024 01:12:00 PM,SHAKESPEARE BLVD (WB/L),NA,Angle,Cloudy,Dry,Daylight,Traffic Control Signal,NONE DETECTED,Yes,No Apparent Injury,Failed to Yield Right-of-Way,Not Distracted,MD,Passenger Car,Turning Left,35,No,2002,SUBARU,FORESTER,39.19779941,-77.25399914,2024,5,13
240023315,Property Damage Crash,05/17/2024 01:12:00 PM,SHAKESPEARE BLVD (WB/L),NA,Angle,Cloudy,Dry,Daylight,Traffic Control Signal,NONE DETECTED,No,No Apparent Injury,NA,Not Distracted,MD,Sport Utility Vehicle,Moving Constant Speed,35,No,2018,TOYOTA,HIGHLANDER,39.19779941,-77.25399914,2024,5,13
240023304,Property Damage Crash,05/17/2024 11:59:00 AM,DEBORAH DR,NA,Rear To Rear,Cloudy,Dry,Daylight,No Controls,NONE DETECTED,Yes,No Apparent Injury,Improper Backing,Unknown,MD,Single-Unit Truck,Backing,25,No,2020,HINO,INCOMPLETE VEHICLE,39.0440955,-77.16475797,2024,5,11
240023306,Property Damage Crash,05/17/2024 11:50:00 AM,NA,NA,Other,Clear,NA,Daylight,NA,NONE DETECTED,No,NA,NA,NA,NA,Pickup,Backing,0,No,2022,JEEP,GLADIATOR,39.22954002,-77.25009883,2024,5,11
240023289,Injury Crash,05/17/2024 11:48:00 AM,NA,NA,"Sideswipe, Same Direction",Clear,Dry,Daylight,No Controls,NONE DETECTED,No,Possible Minor Injury,NA,Unknown,DC,Passenger Car,Moving Constant Speed,35,No,2017,MERCEDES-BENZ,260,39.00078017,-77.02549,2024,5,11
240023289,Injury Crash,05/17/2024 11:48:00 AM,NA,NA,"Sideswipe, Same Direction",Clear,Dry,Daylight,No Controls,NONE DETECTED,Yes,No Apparent Injury,Failed to Yield Right-of-Way,Not Distracted,MD,Pickup,Changing Lanes,35,No,2002,FORD,RANGER,39.00078017,-77.02549,2024,5,11
240023289,Injury Crash,05/17/2024 11:48:00 AM,NA,NA,"Sideswipe, Same Direction",Clear,Dry,Daylight,No Controls,NONE DETECTED,No,No Apparent Injury,NA,Unknown,MD,Sport Utility Vehicle,Moving Constant Speed,35,No,2013,CHEVROLET,EQUINOX,39.00078017,-77.02549,2024,5,11
240023269,Property Damage Crash,05/17/2024 10:30:00 AM,NA,NA,Single Vehicle,Cloudy,Dry,Daylight,No Controls,NONE DETECTED,Yes,No Apparent Injury,NA,Not Distracted,MD,Station Wagon,Slowing or Stopping,30,No,2020,DODGE,RAM VAN,39.15301437,-77.05667252,2024,5,10
240023256,Injury Crash,05/17/2024 09:11:00 AM,VEIRS MILL RD,NA,Single Vehicle,Clear,Dry,Daylight,No Controls,NONE DETECTED,No,No Apparent Injury,NA,Unknown,MD,Passenger Car,Moving Constant Speed,35,No,2016,HONDA,CIVIC,39.042147,-77.05915267,2024,5,9
240023254,Property Damage Crash,05/17/2024 08:50:00 AM,VEIRS MILL RD (WB/L),NA,Front to Rear,Clear,Dry,Daylight,Traffic Control Signal,NONE DETECTED,No,No Apparent Injury,NA,Not Distracted,MD,Passenger Car,Accelerating,35,No,2013,TOYOTA,CAMRY,39.05275815,-77.07638345,2024,5,8
240023254,Property Damage Crash,05/17/2024 08:50:00 AM,VEIRS MILL RD (WB/L),NA,Front to Rear,Clear,Dry,Daylight,Traffic Control Signal,NONE DETECTED,Yes,No Apparent Injury,NA,Unknown,MD,Passenger Car,Moving Constant Speed,35,No,2024,MAZDA,CX-5,39.05275815,-77.07638345,2024,5,8
240023253,Property Damage Crash,05/17/2024 08:38:00 AM,AMHERST AVE,Cyclist (non-electric),Single Vehicle,Clear,Dry,Daylight,Stop Sign,NONE DETECTED,No,No Apparent Injury,NA,Unknown,NA,Passenger Car,Turning Right,25,No,2018,TOYOTA,COROLLA,39.0364911,-77.04837087,2024,5,8
240023242,Injury Crash,05/17/2024 05:56:00 AM,CONNECTICUT AVE,NA,Single Vehicle,Clear,Dry,Medium,No Controls,NONE DETECTED,Yes,Possible Minor Injury,NA,Not Distracted,MD,Motorcycle - 2 Wheeled,Moving Constant Speed,30,No,2013,TRIUMPH,BONNEVILLE,39.02511333,-77.07623167,2024,5,5
240023243,Property Damage Crash,05/17/2024 05:48:00 AM,MATENY RD (NB/L),NA,"Sideswipe, Same Direction",Clear,Dry,Dark,No Controls,NONE DETECTED,Yes,No Apparent Injury,"Operated Motor Vehicle in Inattentive, Careless, Negligent, or Erratic Manner, Operated Motor Vehicle in Reckless or Aggressive Manner, Too Fast For Conditions",Unknown,SC,Sport Utility Vehicle,Accelerating,30,No,2017,JEEP,RENEGADE,39.1640203,-77.27204051,2024,5,5
240023235,Property Damage Crash,05/17/2024 12:20:00 AM,RAMP 5 FR IS 270 SB TO IS 370 EB,NA,Single Vehicle,Clear,Dry,Medium,No Controls,NONE DETECTED,No,No Apparent Injury,NA,Not Distracted,MD,Passenger Car,Moving Constant Speed,55,No,2018,FORD,TAURUS,39.11939914,-77.19507741,2024,5,0
240023229,Injury Crash,05/16/2024 11:40:00 PM,NA,NA,Single Vehicle,Clear,Dry,Dark,No Controls,NONE DETECTED,No,Possible Minor Injury,Too Fast For Conditions,Unknown,MD,Sport Utility Vehicle,NA,35,No,2023,SUBARU,ASCENT,38.99149633,-77.22771683,2024,5,23
240023226,Property Damage Crash,05/16/2024 11:18:00 PM,OLNEY LAYTONSVILLE RD,NA,Single Vehicle,Clear,Dry,Dark,No Controls,NONE DETECTED,No,No Apparent Injury,"Swerved or Avoided Due to Wind, Slippery Surface, Motor Vehicle, Object, Non-Motorist in Roadway, etc",Not Distracted,MD,Sport Utility Vehicle,Moving Constant Speed,50,No,2021,MERCEDES-BENZ,GLC-CLASS,39.1741896,-77.09808775,2024,5,23
240023224,Property Damage Crash,05/16/2024 11:16:00 PM,GERMANTOWN RD (SB/L),NA,Front to Rear,Clear,Dry,Medium,No Controls,NONE DETECTED,No,No Apparent Injury,NA,Not Distracted,MD,Passenger Car,Moving Constant Speed,40,No,2012,TOYOTA,CAMRY,39.18200916,-77.26042839,2024,5,23
240023224,Property Damage Crash,05/16/2024 11:16:00 PM,GERMANTOWN RD (SB/L),NA,Front to Rear,Clear,Dry,Medium,No Controls,NONE DETECTED,No,No Apparent Injury,Followed Too Closely,Unknown,MD,Bus - Transit,Changing Lanes,40,No,2017,GILLIG,CITY TRANSIT BUS,39.18200916,-77.26042839,2024,5,23
240023218,Property Damage Crash,05/16/2024 10:04:00 PM,GERMANTOWN RD,NA,"Sideswipe, Same Direction",Clear,Dry,Medium,Traffic Control Signal,NONE DETECTED,Yes,No Apparent Injury,NA,Not Distracted,MD,Passenger Car,Moving Constant Speed,40,No,2016,DODGE,DURANGO,39.18113829,-77.26207991,2024,5,22
240023218,Property Damage Crash,05/16/2024 10:04:00 PM,GERMANTOWN RD,NA,"Sideswipe, Same Direction",Clear,Dry,Medium,Traffic Control Signal,NONE DETECTED,No,No Apparent Injury,NA,Not Distracted,MD,Passenger Car,Accelerating,40,No,2023,ACURA,RDX,39.18113829,-77.26207991,2024,5,22
240023210,Property Damage Crash,05/16/2024 08:16:00 PM,HATHAWAY DR,NA,"Sideswipe, Same Direction",Clear,Dry,Daylight,No Controls,NONE DETECTED,Yes,No Apparent Injury,Failed to Keep in Proper Lane,"Manually Operating (dialing, playing game, etc.)",MD,Passenger Car,Moving Constant Speed,25,No,2014,HYUNDAI,SANTA FE SPORT,39.07160076,-77.05493663,2024,5,20
240023201,Property Damage Crash,05/16/2024 07:00:00 PM,NA,NA,Front to Rear,Clear,NA,Daylight,NA,NONE DETECTED,Yes,No Apparent Injury,NA,Unknown,MD,Passenger Car,Backing,0,No,2005,TOYOTA,CAMRY,39.17961333,-77.20137167,2024,5,19
240023190,Property Damage Crash,05/16/2024 06:21:00 PM,NA,NA,"Sideswipe, Opposite Direction",Clear,NA,Daylight,NA,NONE DETECTED,No,NA,NA,NA,NA,Other Trucks,Parked,0,No,2007,HINO,UNKNOWN,39.16089268,-77.28071269,2024,5,18
240023190,Property Damage Crash,05/16/2024 06:21:00 PM,NA,NA,"Sideswipe, Opposite Direction",Clear,NA,Daylight,NA,NONE DETECTED,No,No Apparent Injury,NA,Unknown,MD,Bus - Transit,NA,0,No,2020,GILLIG,LOW FLOOR BUS,39.16089268,-77.28071269,2024,5,18
240023189,Property Damage Crash,05/16/2024 06:04:00 PM,WISTERIA DR,NA,"Sideswipe, Same Direction",Clear,Dry,Daylight,No Controls,NONE DETECTED,No,No Apparent Injury,NA,Not Distracted,MD,Passenger Car,Moving Constant Speed,30,No,2020,MERCEDES-BENZ,A-CLASS,39.17867085,-77.27314437,2024,5,18
240023189,Property Damage Crash,05/16/2024 06:04:00 PM,WISTERIA DR,NA,"Sideswipe, Same Direction",Clear,Dry,Daylight,No Controls,NONE DETECTED,Yes,No Apparent Injury,NA,Not Distracted,MD,Passenger Car,Turning Right,30,No,2008,HONDA,CR-V,39.17867085,-77.27314437,2024,5,18
240023179,Property Damage Crash,05/16/2024 05:49:00 PM,NA,NA,Rear To Rear,Clear,NA,Daylight,NA,NONE DETECTED,Yes,No Apparent Injury,NA,Not Distracted,MD,Sport Utility Vehicle,Backing,0,No,2012,LEXUS,UNKNOWN,39.05694358,-76.96704004,2024,5,17
240023179,Property Damage Crash,05/16/2024 05:49:00 PM,NA,NA,Rear To Rear,Clear,NA,Daylight,NA,NONE DETECTED,No,No Apparent Injury,NA,Not Distracted,PA,Passenger Car,Slowing or Stopping,0,No,2023,HYUNDAI,SONATA,39.05694358,-76.96704004,2024,5,17
240023157,Injury Crash,05/16/2024 03:22:00 PM,GEORGIA AVE (SB/L),NA,"Sideswipe, Same Direction",Clear,Dry,Daylight,No Controls,NONE DETECTED,Yes,No Apparent Injury,Improper Passing,Not Distracted,MD,Passenger Car,Overtaking/Passing,35,No,2016,JEEP,RENEGADE,39.05559918,-77.05017291,2024,5,15
240023157,Injury Crash,05/16/2024 03:22:00 PM,GEORGIA AVE (SB/L),NA,"Sideswipe, Same Direction",Clear,Dry,Daylight,No Controls,NONE DETECTED,No,No Apparent Injury,NA,Not Distracted,MD,Bus - Transit,Accelerating,35,No,2013,NEW FLYER,TRANSIT BUS,39.05559918,-77.05017291,2024,5,15
240023151,Injury Crash,05/16/2024 03:00:00 PM,16TH ST,NA,Angle,Clear,Dry,Daylight,Traffic Control Signal,NONE DETECTED,No,Possible Minor Injury,NA,Not Distracted,MD,Passenger Car,Moving Constant Speed,35,No,2016,TOYOTA,CAMRY,38.99455633,-77.03637083,2024,5,15
240023151,Injury Crash,05/16/2024 03:00:00 PM,16TH ST,NA,Angle,Clear,Dry,Daylight,Traffic Control Signal,NONE DETECTED,Yes,Possible Minor Injury,"Failed to Yield Right-of-Way, Improper Turn, Operated Motor Vehicle in Inattentive, Careless, Negligent, or Erratic Manner",Not Distracted,MD,Sport Utility Vehicle,Turning Left,35,No,2023,TOYOTA,HIGHLANDER,38.99455633,-77.03637083,2024,5,15
240023164,Property Damage Crash,05/16/2024 02:20:00 PM,NA,NA,"Sideswipe, Same Direction",Clear,Dry,Daylight,Traffic Control Signal,NONE DETECTED,No,NA,NA,NA,NA,Passenger Car,Changing Lanes,35,No,2016,VOLKSWAGEN,UNKNOWN,39.00653889,-77.09745836,2024,5,14
240023164,Property Damage Crash,05/16/2024 02:20:00 PM,NA,NA,"Sideswipe, Same Direction",Clear,Dry,Daylight,Traffic Control Signal,NONE DETECTED,No,No Apparent Injury,NA,Not Distracted,MD,Sport Utility Vehicle,Moving Constant Speed,35,No,2010,INFINITI,EX35,39.00653889,-77.09745836,2024,5,14
240023154,Property Damage Crash,05/16/2024 12:30:00 PM,BOARDWALK PL,NA,Unknown,Clear,Dry,Daylight,No Controls,NONE DETECTED,No,NA,NA,NA,NA,Unknown,NA,25,No,0,NA,NA,39.11719428,-77.19900968,2024,5,12
240023118,Property Damage Crash,05/16/2024 12:11:00 PM,WOODFIELD RD,NA,Single Vehicle,Clear,Dry,Daylight,No Controls,NONE DETECTED,Yes,No Apparent Injury,Over-Correcting/Over-Steering,Not Distracted,MD,Other Trucks,Moving Constant Speed,45,No,2002,FORD,F-450,39.19174553,-77.15224671,2024,5,12
240023116,Property Damage Crash,05/16/2024 12:07:00 PM,MARYLAND AVE,NA,"Sideswipe, Same Direction",Clear,Dry,Daylight,No Controls,NONE DETECTED,Yes,No Apparent Injury,NA,Not Distracted,MI,Sport Utility Vehicle,Turning Right,25,No,2022,TOYOTA,HIGHLANDER,39.08482052,-77.15092153,2024,5,12
240023116,Property Damage Crash,05/16/2024 12:07:00 PM,MARYLAND AVE,NA,"Sideswipe, Same Direction",Clear,Dry,Daylight,No Controls,NONE DETECTED,No,No Apparent Injury,NA,Not Distracted,MD,Passenger Car,Parked,25,No,2021,TOYOTA,CAMRY,39.08482052,-77.15092153,2024,5,12
240023104,Injury Crash,05/16/2024 11:05:00 AM,BEECH AVE,NA,Angle,Clear,Dry,Daylight,Traffic Control Signal,NONE DETECTED,Yes,Possible Minor Injury,Failed to Yield Right-of-Way,Not Distracted,MD,Van - Cargo,Turning Left,35,No,2000,FORD,UNKNOWN,39.01019833,-77.11460167,2024,5,11
240023104,Injury Crash,05/16/2024 11:05:00 AM,BEECH AVE,NA,Angle,Clear,Dry,Daylight,Traffic Control Signal,NONE DETECTED,No,No Apparent Injury,NA,Not Distracted,MD,Passenger Car,Moving Constant Speed,35,No,2009,TOYOTA,COROLLA,39.01019833,-77.11460167,2024,5,11
240023103,Property Damage Crash,05/16/2024 10:35:00 AM,NA,NA,"Sideswipe, Same Direction",Clear,NA,Daylight,NA,NONE DETECTED,Yes,No Apparent Injury,Improper Turn,Not Distracted,MD,Bus - School,Turning Right,0,No,2012,THOMAS BUILT,SCHOOL BUS,39.05347446,-76.96514818,2024,5,10
240023103,Property Damage Crash,05/16/2024 10:35:00 AM,NA,NA,"Sideswipe, Same Direction",Clear,NA,Daylight,NA,NONE DETECTED,No,No Apparent Injury,NA,Not Distracted,MD,Passenger Car,Parked,0,No,2021,TOYOTA,RAV4,39.05347446,-76.96514818,2024,5,10
240023093,Property Damage Crash,05/16/2024 10:25:00 AM,NEW HAMPSHIRE AVE (SB/L),NA,"Sideswipe, Same Direction",Clear,Dry,Daylight,No Controls,NONE DETECTED,Yes,No Apparent Injury,NA,Not Distracted,MD,Passenger Car,Moving Constant Speed,35,No,2011,BMW,335,39.02165819,-76.97552218,2024,5,10
240023093,Property Damage Crash,05/16/2024 10:25:00 AM,NEW HAMPSHIRE AVE (SB/L),NA,"Sideswipe, Same Direction",Clear,Dry,Daylight,No Controls,NONE DETECTED,No,No Apparent Injury,NA,Not Distracted,MD,Passenger Car,Moving Constant Speed,35,No,2023,DODGE,SPRINTER,39.02165819,-76.97552218,2024,5,10
240023096,Property Damage Crash,05/16/2024 10:24:00 AM,CAPITAL BELTWAY,NA,Front to Rear,Clear,Dry,Daylight,No Controls,NONE DETECTED,Yes,No Apparent Injury,"Operated Motor Vehicle in Inattentive, Careless, Negligent, or Erratic Manner",Not Distracted,DC,Passenger Car,Moving Constant Speed,55,No,2000,TOYOTA,CAMRY,39.02115015,-76.97976834,2024,5,10