Local Case Number,ACRS Report Type,Crash Date/Time,Road Name,Related Non-Motorist,Collision Type,Weather,Surface Condition,Light,Traffic Control,Driver Substance Abuse,Driver At Fault,Injury Severity,Circumstance,Driver Distracted By,Drivers License State,Vehicle Body Type,Vehicle Movement,Speed Limit,Driverless Vehicle,Vehicle Year,Vehicle Make,Vehicle Model,Latitude,Longitude,Year,Month,Hour
240022829,Injury Crash,05/14/2024 09:43:00 PM,NA,NA,Front to Rear,Rain,Wet,Dark,No Controls,NONE DETECTED,Yes,Possible Minor Injury,NA,Unknown,MD,Passenger Car,Moving Constant Speed,30,No,2008,AUDI,Q7,39.07655717,-77.08672733,2024,5,21
240022831,Injury Crash,05/14/2024 09:29:00 PM,ROCKVILLE PIKE,NA,Rear To Side,Rain,Wet,Medium,Flashing Traffic Control Signal,NONE DETECTED,Yes,No Apparent Injury,"Failed to Yield Right-of-Way, Other Improper Action","Manually Operating (dialing, playing game, etc.)",MD,Passenger Car,Moving Constant Speed,40,No,2016,FORD,FOCUS,39.0495565,-77.11414717,2024,5,21
240022831,Injury Crash,05/14/2024 09:29:00 PM,ROCKVILLE PIKE,NA,Rear To Side,Rain,Wet,Medium,Traffic Control Signal,NONE DETECTED,No,Possible Minor Injury,NA,Not Distracted,MD,Passenger Car,Parked,40,No,2019,DODGE,CHARGER,39.0495565,-77.11414717,2024,5,21
240022827,Injury Crash,05/14/2024 08:56:00 PM,OLD GEORGETOWN RD (SB/L),Pedestrian,Other,Rain,Wet,Dark,Traffic Control Signal,NONE DETECTED,No,No Apparent Injury,NA,Not Distracted,MD,Passenger Car,Moving Constant Speed,35,No,2016,PORSCHE,CAYMAN,39.04952927,-77.11431887,2024,5,20
240022827,Injury Crash,05/14/2024 08:56:00 PM,OLD GEORGETOWN RD (SB/L),Pedestrian,Other,Rain,Wet,Dark,Traffic Control Signal,NONE DETECTED,Yes,No Apparent Injury,Improper Turn,Not Distracted,MD,Passenger Car,Turning Left,35,No,2018,HONDA,CIVIC,39.04952927,-77.11431887,2024,5,20
240022824,Injury Crash,05/14/2024 08:24:00 PM,EISENHOWER MEMORIAL HWY,NA,Front to Rear,Rain,Wet,Medium,No Controls,NONE DETECTED,No,No Apparent Injury,NA,Not Distracted,MD,Passenger Car,Stopped in Traffic,55,No,2022,KIA,FORTE,39.15725694,-77.22646742,2024,5,20
240022824,Injury Crash,05/14/2024 08:24:00 PM,EISENHOWER MEMORIAL HWY,NA,Front to Rear,Rain,Wet,Medium,No Controls,NONE DETECTED,No,No Apparent Injury,Too Fast For Conditions,Not Distracted,VA,Passenger Car,Slowing or Stopping,55,No,2008,ACURA,MDX,39.15725694,-77.22646742,2024,5,20
240022820,Property Damage Crash,05/14/2024 08:05:00 PM,NA,NA,Angle,Rain,Wet,Medium,Traffic Control Signal,NONE DETECTED,No,No Apparent Injury,NA,Not Distracted,MD,Other Trucks,Moving Constant Speed,35,No,2014,FREIGHTLINER,NGE (956) PLATFORM TRUCK COE,39.0892632,-77.15184985,2024,5,20
240022820,Property Damage Crash,05/14/2024 08:05:00 PM,NA,NA,Angle,Rain,Wet,Medium,Traffic Control Signal,NONE DETECTED,No,No Apparent Injury,NA,Unknown,MD,Sport Utility Vehicle,Turning Left,35,No,2018,FORD,ESCAPE,39.0892632,-77.15184985,2024,5,20
240022815,Property Damage Crash,05/14/2024 07:27:00 PM,VEIRS MILL RD,NA,Angle,Rain,Wet,Daylight,No Controls,NONE DETECTED,No,No Apparent Injury,NA,Not Distracted,MD,Passenger Car,Moving Constant Speed,35,No,2022,TOYOTA,CAMRY,39.07434655,-77.1141938,2024,5,19
240022815,Property Damage Crash,05/14/2024 07:27:00 PM,VEIRS MILL RD,NA,Angle,Rain,Wet,Daylight,No Controls,NONE DETECTED,No,No Apparent Injury,NA,Not Distracted,MD,Passenger Car,Turning Left,25,No,2024,HONDA,ACCORD,39.07434655,-77.1141938,2024,5,19
240022797,Property Damage Crash,05/14/2024 06:07:00 PM,NA,NA,Front to Rear,Rain,Wet,Daylight,Pedestrian Crossing Sign,NONE DETECTED,No,No Apparent Injury,NA,Not Distracted,MD,Passenger Car,Slowing or Stopping,40,No,2010,LEXUS,LS,39.22522333,-77.2625,2024,5,18
240022797,Property Damage Crash,05/14/2024 06:07:00 PM,NA,NA,Front to Rear,Rain,Wet,Daylight,Pedestrian Crossing Sign,NONE DETECTED,No,No Apparent Injury,NA,Not Distracted,MD,Passenger Car,Slowing or Stopping,40,No,2017,TOYOTA,RAV4,39.22522333,-77.2625,2024,5,18
240022789,Injury Crash,05/14/2024 05:17:00 PM,RAMP 5 FR IS 270 SB TO IS 370 EB,NA,Single Vehicle,Rain,Wet,Daylight,No Controls,NONE DETECTED,Yes,Possible Minor Injury,Too Fast For Conditions,Unknown,MD,Passenger Car,Moving Constant Speed,40,No,2014,HONDA,ACCORD CROSSTOUR,39.12087321,-77.19892929,2024,5,17
240022786,Property Damage Crash,05/14/2024 05:00:00 PM,MONTGOMERY VILLAGE AVE,NA,Front to Rear,Rain,Wet,Daylight,No Controls,NONE DETECTED,Yes,No Apparent Injury,Followed Too Closely,Unknown,MD,Passenger Car,Slowing or Stopping,35,No,2013,HYUNDAI,ELANTRA,39.17913477,-77.20109575,2024,5,17
240022786,Property Damage Crash,05/14/2024 05:00:00 PM,MONTGOMERY VILLAGE AVE,NA,Front to Rear,Rain,Wet,Daylight,No Controls,NONE DETECTED,No,No Apparent Injury,NA,Not Distracted,MD,Passenger Car,Slowing or Stopping,35,No,2011,CHEVROLET,EQUINOX,39.17913477,-77.20109575,2024,5,17
240022795,Property Damage Crash,05/14/2024 05:00:00 PM,NA,NA,"Sideswipe, Same Direction",Rain,Wet,Daylight,Traffic Control Signal,NONE DETECTED,No,No Apparent Injury,NA,Not Distracted,MD,Passenger Car,Moving Constant Speed,25,No,2018,MERCEDES-BENZ,CL-CLASS,38.99928242,-76.99515234,2024,5,17
240022795,Property Damage Crash,05/14/2024 05:00:00 PM,NA,NA,"Sideswipe, Same Direction",Rain,Wet,Daylight,Traffic Control Signal,NONE DETECTED,Yes,No Apparent Injury,NA,Not Distracted,MD,Bus - Transit,Changing Lanes,25,No,2011,GILLIG,CITY TRANSIT BUS,38.99928242,-76.99515234,2024,5,17
240022786,Property Damage Crash,05/14/2024 05:00:00 PM,MONTGOMERY VILLAGE AVE,NA,Front to Rear,Rain,Wet,Daylight,No Controls,NONE DETECTED,Yes,No Apparent Injury,Followed Too Closely,Not Distracted,MD,Passenger Car,Slowing or Stopping,35,No,2007,HYUNDAI,SANTA FE,39.17913477,-77.20109575,2024,5,17
240022782,Injury Crash,05/14/2024 04:35:00 PM,NO NAME,NA,"Sideswipe, Same Direction",Rain,Wet,Daylight,No Controls,NONE DETECTED,No,No Apparent Injury,NA,Not Distracted,MD,Sport Utility Vehicle,Moving Constant Speed,55,No,2003,CHEVROLET,SUBURBAN,39.03119003,-77.1417291,2024,5,16
240022782,Injury Crash,05/14/2024 04:35:00 PM,NO NAME,NA,"Sideswipe, Same Direction",Rain,Wet,Daylight,No Controls,NONE DETECTED,No,No Apparent Injury,NA,Unknown,MD,Sport Utility Vehicle,Entering Traffic Lane,55,No,2024,TOYOTA,RAV4,39.03119003,-77.1417291,2024,5,16
240022781,Property Damage Crash,05/14/2024 04:31:00 PM,E RANDOLPH RD (WB/L),NA,Front to Rear,Rain,Wet,Daylight,Pedestrian Crossing,NONE DETECTED,No,No Apparent Injury,NA,Not Distracted,MD,Passenger Car,Slowing or Stopping,35,No,2016,TOYOTA,COROLLA,39.06577263,-76.97289952,2024,5,16
240022781,Property Damage Crash,05/14/2024 04:31:00 PM,E RANDOLPH RD (WB/L),NA,Front to Rear,Rain,Wet,Daylight,Pedestrian Crossing,NONE DETECTED,Yes,No Apparent Injury,NA,Not Distracted,NA,Passenger Car,Moving Constant Speed,35,No,2005,TOYOTA,COROLLA,39.06577263,-76.97289952,2024,5,16
240022781,Property Damage Crash,05/14/2024 04:31:00 PM,E RANDOLPH RD (WB/L),NA,Front to Rear,Rain,Wet,Daylight,Pedestrian Crossing,NONE DETECTED,No,No Apparent Injury,NA,Not Distracted,MD,Passenger Car,Slowing or Stopping,35,No,2017,TOYOTA,HIGHLANDER,39.06577263,-76.97289952,2024,5,16
240022765,Property Damage Crash,05/14/2024 03:03:00 PM,ROYALTON RD,NA,Single Vehicle,Cloudy,Wet,Daylight,No Controls,NONE DETECTED,Yes,No Apparent Injury,"Swerved or Avoided Due to Wind, Slippery Surface, Motor Vehicle, Object, Non-Motorist in Roadway, etc, Wrong Side",Unknown,MD,Passenger Car,Moving Constant Speed,35,No,2017,HYUNDAI,ELANTRA,39.02494817,-77.01913633,2024,5,15
240022766,Property Damage Crash,05/14/2024 03:00:00 PM,BLUEBELL LA,NA,Angle,Rain,Wet,Daylight,No Controls,NONE DETECTED,Yes,No Apparent Injury,Failed to Yield Right-of-Way,Unknown,MD,Passenger Car,Accelerating,25,No,2019,HONDA,PILOT,39.15183296,-77.10063777,2024,5,15
240022766,Property Damage Crash,05/14/2024 03:00:00 PM,BLUEBELL LA,NA,Angle,Rain,Wet,Daylight,No Controls,NONE DETECTED,No,No Apparent Injury,NA,Not Distracted,MD,Passenger Car,Moving Constant Speed,40,No,2002,NISSAN,ALTIMA,39.15183296,-77.10063777,2024,5,15
240022760,Property Damage Crash,05/14/2024 02:37:00 PM,RAMP 1 FR IS 270 NB TO SHADY GROVE RD WB,NA,"Sideswipe, Opposite Direction",Rain,Wet,Daylight,Traffic Control Signal,NONE DETECTED,No,No Apparent Injury,NA,Not Distracted,MD,Passenger Car,Stopped in Traffic,35,No,2022,LEXUS,UNKNOWN,39.11185305,-77.18705627,2024,5,14
240022760,Property Damage Crash,05/14/2024 02:37:00 PM,RAMP 1 FR IS 270 NB TO SHADY GROVE RD WB,NA,"Sideswipe, Opposite Direction",Rain,Wet,Daylight,Traffic Control Signal,NONE DETECTED,No,No Apparent Injury,Too Fast For Conditions,Not Distracted,VA,Passenger Car,Slowing or Stopping,35,No,2017,KIA,SEDONA,39.11185305,-77.18705627,2024,5,14
240022760,Property Damage Crash,05/14/2024 02:37:00 PM,RAMP 1 FR IS 270 NB TO SHADY GROVE RD WB,NA,"Sideswipe, Opposite Direction",Rain,Wet,Daylight,Traffic Control Signal,NONE DETECTED,No,No Apparent Injury,NA,Not Distracted,MD,Passenger Car,Turning Left,15,No,2024,TOYOTA,UNKNOWN,39.11185305,-77.18705627,2024,5,14
240022757,Property Damage Crash,05/14/2024 02:32:00 PM,GAITHER RD,NA,Angle,Rain,Wet,Daylight,No Controls,NONE DETECTED,Yes,No Apparent Injury,NA,Not Distracted,MD,Passenger Car,Turning Left,30,No,2022,TOYOTA,PRIUS,39.11683703,-77.18197614,2024,5,14
240022757,Property Damage Crash,05/14/2024 02:32:00 PM,GAITHER RD,NA,Angle,Rain,Wet,Daylight,No Controls,NONE DETECTED,No,No Apparent Injury,NA,Not Distracted,MD,Passenger Car,Moving Constant Speed,30,No,2021,TOYOTA,CAMRY,39.11683703,-77.18197614,2024,5,14
240022759,Property Damage Crash,05/14/2024 02:15:00 PM,PERRY AVE,NA,Angle,Rain,Wet,Daylight,Traffic Control Signal,NONE DETECTED,No,No Apparent Injury,NA,Not Distracted,MD,Passenger Car,Accelerating,40,No,2018,CHEVROLET,VOLT,39.03286709,-77.07501046,2024,5,14
240022759,Property Damage Crash,05/14/2024 02:15:00 PM,PERRY AVE,NA,Angle,Rain,Wet,Daylight,Traffic Control Signal,NONE DETECTED,Yes,No Apparent Injury,NA,Unknown,MD,Passenger Car,Moving Constant Speed,40,No,2017,HONDA,CIVIC,39.03286709,-77.07501046,2024,5,14
240022750,Injury Crash,05/14/2024 02:00:00 PM,COLUMBIA PIKE (SB/L),NA,Front to Rear,Rain,Wet,Daylight,No Controls,NONE DETECTED,Yes,No Apparent Injury,NA,Not Distracted,VA,Passenger Car,Moving Constant Speed,50,No,1997,CHEVROLET,S-10 PICKUP,39.05971267,-76.96590683,2024,5,14
240022750,Injury Crash,05/14/2024 02:00:00 PM,COLUMBIA PIKE (SB/L),NA,Front to Rear,Rain,Wet,Daylight,No Controls,NONE DETECTED,No,Possible Minor Injury,NA,Not Distracted,MD,Passenger Car,Slowing or Stopping,50,No,2005,LEXUS,ES,39.05971267,-76.96590683,2024,5,14
240022771,Property Damage Crash,05/14/2024 01:56:00 PM,NA,NA,Angle,Rain,NA,Daylight,NA,NONE DETECTED,Yes,No Apparent Injury,Improper Backing,Unknown,MD,Sport Utility Vehicle,Backing,0,No,2018,JEEP,COMPASS,39.05488087,-77.11771579,2024,5,13
220022764,Property Damage Crash,05/14/2024 01:39:00 PM,NA,NA,Front to Rear,Rain,NA,Daylight,NA,NONE DETECTED,No,No Apparent Injury,NA,Not Distracted,MD,Other Trucks,Turning Right,0,No,2016,PIERCE MANUFACTURING,TRUCK,39.0818105,-76.94422239,2024,5,13
220022764,Property Damage Crash,05/14/2024 01:39:00 PM,NA,NA,Front to Rear,Rain,NA,Daylight,NA,NONE DETECTED,No,No Apparent Injury,NA,Not Distracted,MD,Sport Utility Vehicle,Parked,0,No,2016,FORD,WINDSTAR,39.0818105,-76.94422239,2024,5,13
240022751,Property Damage Crash,05/14/2024 01:32:00 PM,MARTINS LA,NA,Angle,Rain,Wet,Daylight,Traffic Control Signal,NONE DETECTED,No,No Apparent Injury,NA,Not Distracted,MD,Passenger Car,Moving Constant Speed,30,No,2014,TOYOTA,COROLLA,39.0908205,-77.15363995,2024,5,13
240022751,Property Damage Crash,05/14/2024 01:32:00 PM,MARTINS LA,NA,Angle,Rain,Wet,Daylight,Traffic Control Signal,NONE DETECTED,No,No Apparent Injury,NA,Not Distracted,MD,Passenger Car,Moving Constant Speed,30,No,2010,MERCEDES-BENZ,350,39.0908205,-77.15363995,2024,5,13
240022790,Property Damage Crash,05/14/2024 12:56:00 PM,MARTZ ST,NA,Single Vehicle,Clear,Dry,Daylight,No Controls,NONE DETECTED,No,NA,NA,NA,NA,Passenger Car,Making U-Turn,0,No,0,NA,NA,39.24238222,-77.2774976,2024,5,12
240022732,Injury Crash,05/14/2024 12:14:00 PM,GEORGIA AVE,NA,"Sideswipe, Same Direction",Cloudy,Dry,Daylight,No Controls,NONE DETECTED,No,No Apparent Injury,NA,Not Distracted,MD,Other,NA,35,No,2018,MACK,UNKNOWN,39.01780883,-77.04352483,2024,5,12
240022732,Injury Crash,05/14/2024 12:14:00 PM,GEORGIA AVE,NA,"Sideswipe, Same Direction",Cloudy,Dry,Daylight,No Controls,NONE DETECTED,No,Possible Minor Injury,NA,Not Distracted,VA,Passenger Car,NA,35,No,2015,HONDA,CIVIC,39.01780883,-77.04352483,2024,5,12
240022720,Property Damage Crash,05/14/2024 11:11:00 AM,LEWIS AVE,NA,"Sideswipe, Same Direction",Clear,Dry,Daylight,No Controls,NONE DETECTED,Yes,No Apparent Injury,NA,Not Distracted,MD,Sport Utility Vehicle,Moving Constant Speed,25,No,2015,HONDA,CR-V,39.06727986,-77.12536142,2024,5,11
240022717,Property Damage Crash,05/14/2024 10:57:00 AM,RAMP 11 FR SHADY GROVE RD SB TO RAMP 4,NA,"Sideswipe, Same Direction",Clear,Dry,Daylight,No Controls,NONE DETECTED,No,No Apparent Injury,NA,Not Distracted,MD,Bus - Transit,Moving Constant Speed,40,No,2019,GILLIG,CITY TRANSIT BUS,39.1325046,-77.16516307,2024,5,10
240022717,Property Damage Crash,05/14/2024 10:57:00 AM,RAMP 11 FR SHADY GROVE RD SB TO RAMP 4,NA,"Sideswipe, Same Direction",Clear,Dry,Daylight,No Controls,NONE DETECTED,Yes,No Apparent Injury,NA,Not Distracted,MD,Passenger Car,Changing Lanes,40,No,2011,ACURA,TL,39.1325046,-77.16516307,2024,5,10
240022710,Property Damage Crash,05/14/2024 08:53:00 AM,EISENHOWER MEMORIAL HWY,NA,Other,Rain,Wet,Daylight,No Controls,NONE DETECTED,No,No Apparent Injury,NA,Not Distracted,MD,Sport Utility Vehicle,Moving Constant Speed,55,No,2023,HYUNDAI,SANTA FE,39.03954767,-77.146139,2024,5,8
240022710,Property Damage Crash,05/14/2024 08:53:00 AM,EISENHOWER MEMORIAL HWY,NA,Other,Rain,Wet,Daylight,No Controls,NONE DETECTED,No,No Apparent Injury,NA,Not Distracted,MD,Sport Utility Vehicle,Changing Lanes,55,No,2015,JEEP,CHEROKEE,39.03954767,-77.146139,2024,5,8
240022710,Property Damage Crash,05/14/2024 08:53:00 AM,EISENHOWER MEMORIAL HWY,NA,Other,Rain,Wet,Daylight,No Controls,NONE DETECTED,Yes,No Apparent Injury,"Failed to Keep in Proper Lane, Operated Motor Vehicle in Inattentive, Careless, Negligent, or Erratic Manner, Operated Motor Vehicle in Reckless or Aggressive Manner, Over-Correcting/Over-Steering, Too Fast For Conditions",Unknown,MD,Passenger Car,Changing Lanes,55,No,2018,TOYOTA,CAMRY,39.03954767,-77.146139,2024,5,8
240022692,Injury Crash,05/14/2024 08:31:00 AM,RIDGE RD (SB/L),NA,Front to Rear,Cloudy,Dry,Daylight,No Controls,NONE DETECTED,No,Possible Minor Injury,NA,Not Distracted,MD,Passenger Car,Moving Constant Speed,40,No,2020,TOYOTA,COROLLA,39.24424085,-77.23467002,2024,5,8
240022692,Injury Crash,05/14/2024 08:31:00 AM,RIDGE RD (SB/L),NA,Front to Rear,Cloudy,Dry,Daylight,No Controls,NONE DETECTED,Yes,Possible Minor Injury,"Followed Too Closely, Too Fast For Conditions","Other Action (looking away from task, etc.)",MD,Van - Cargo,Moving Constant Speed,40,No,2023,FORD,TRANSIT,39.24424085,-77.23467002,2024,5,8
240022691,Injury Crash,05/14/2024 08:22:00 AM,SHADY GROVE RD,NA,Angle,Clear,Dry,Daylight,Traffic Control Signal,NONE DETECTED,Yes,Possible Minor Injury,Ran Red Light,Unknown,MD,Passenger Car,Moving Constant Speed,40,No,2016,TOYOTA,RAV4,39.10500033,-77.19029433,2024,5,8
240022691,Injury Crash,05/14/2024 08:22:00 AM,SHADY GROVE RD,NA,Angle,Clear,Dry,Daylight,Traffic Control Signal,NONE DETECTED,No,Possible Minor Injury,NA,Not Distracted,DE,Passenger Car,Moving Constant Speed,35,No,2022,AUDI,Q5,39.10500033,-77.19029433,2024,5,8
240022681,Property Damage Crash,05/14/2024 07:25:00 AM,COLUMBIA PIKE (SB/L),NA,Single Vehicle,Clear,Dry,Daylight,No Controls,NONE DETECTED,No,No Apparent Injury,NA,Not Distracted,MD,Passenger Car,Slowing or Stopping,50,No,2022,KIA,SOUL,39.04898155,-76.98307332,2024,5,7
240022677,Property Damage Crash,05/14/2024 04:15:00 AM,SOUTHLAWN LA,NA,Single Vehicle,Clear,Dry,Medium,No Controls,NONE DETECTED,No,No Apparent Injury,Other Improper Action,"Other Action (looking away from task, etc.)",MD,Other,Negotiating a Curve,5,No,2008,FORD,F-550,39.10261496,-77.13572096,2024,5,4
240022661,Property Damage Crash,05/14/2024 12:33:00 AM,NA,NA,Rear To Rear,Clear,NA,Medium,NA,NONE DETECTED,No,No Apparent Injury,NA,"Other Action (looking away from task, etc.)",MD,Other Trucks,Backing,0,No,2019,FORD,UNKNOWN,39.12096599,-77.17659325,2024,5,0
240022658,Property Damage Crash,05/13/2024 11:37:00 PM,BALTIMORE RD,Cyclist (non-electric),Single Vehicle,Clear,Dry,Medium,Traffic Control Signal,NONE DETECTED,No,No Apparent Injury,NA,Unknown,MD,Sport Utility Vehicle,Turning Left,25,No,2016,TOYOTA,RAV4,39.08469698,-77.13610065,2024,5,23
240022651,Injury Crash,05/13/2024 10:30:00 PM,ODENDHAL AVE (EB/L),NA,Other,Clear,Dry,Medium,Traffic Control Signal,NONE DETECTED,No,Possible Minor Injury,NA,Not Distracted,MD,Pickup,Moving Constant Speed,30,No,1994,FORD,RANGER,39.14852707,-77.20672489,2024,5,22
240022651,Injury Crash,05/13/2024 10:30:00 PM,ODENDHAL AVE (EB/L),NA,Other,Clear,Dry,Medium,Traffic Control Signal,NONE DETECTED,No,Possible Minor Injury,NA,Not Distracted,NY,Passenger Car,Turning Left,30,No,2020,TOYOTA,COROLLA,39.14852707,-77.20672489,2024,5,22
240022641,Property Damage Crash,05/13/2024 08:30:00 PM,NEW HAMPSHIRE AVE,NA,Front to Rear,Clear,Dry,Medium,No Controls,NONE DETECTED,Yes,No Apparent Injury,NA,Unknown,MD,Sport Utility Vehicle,Turning Left,40,No,2019,MERCEDES-BENZ,M-CLASS,39.04103867,-76.99100633,2024,5,20
240022641,Property Damage Crash,05/13/2024 08:30:00 PM,NEW HAMPSHIRE AVE,NA,Front to Rear,Clear,Dry,Medium,No Controls,NONE DETECTED,No,No Apparent Injury,NA,Not Distracted,MD,Sport Utility Vehicle,Moving Constant Speed,40,No,2022,TOYOTA,RAV4,39.04103867,-76.99100633,2024,5,20
240022625,Injury Crash,05/13/2024 05:49:00 PM,SCHAEFFER RD,NA,Front to Rear,Clear,Dry,Daylight,No Controls,NONE DETECTED,No,Possible Minor Injury,NA,Unknown,MD,Motorcycle - 2 Wheeled,Accelerating,35,No,2013,SUZUKI,GSX,39.15613581,-77.29262936,2024,5,17
240022625,Injury Crash,05/13/2024 05:49:00 PM,SCHAEFFER RD,NA,Front to Rear,Clear,Dry,Daylight,No Controls,NONE DETECTED,No,No Apparent Injury,NA,Not Distracted,MD,Passenger Car,Slowing or Stopping,35,No,2009,ACURA,MDX,39.15613581,-77.29262936,2024,5,17
240022619,Property Damage Crash,05/13/2024 05:29:00 PM,COLESVILLE RD,NA,Front to Rear,Clear,Dry,Daylight,No Controls,NONE DETECTED,No,No Apparent Injury,NA,Not Distracted,MD,Pickup,Stopped in Traffic,35,No,2019,TOYOTA,TACOMA,39.0111693,-77.01715224,2024,5,17
240022619,Property Damage Crash,05/13/2024 05:29:00 PM,COLESVILLE RD,NA,Front to Rear,Clear,Dry,Daylight,No Controls,NONE DETECTED,Yes,No Apparent Injury,NA,Not Distracted,VA,Passenger Car,Slowing or Stopping,35,No,2012,NISSAN,ALTIMA,39.0111693,-77.01715224,2024,5,17
240022616,Property Damage Crash,05/13/2024 05:16:00 PM,NA,NA,Single Vehicle,Clear,NA,Daylight,NA,NONE DETECTED,No,No Apparent Injury,Other Improper Action,Not Distracted,MD,Passenger Car,Moving Constant Speed,0,No,2018,KIA,FORTE,39.12014182,-77.16392166,2024,5,17
240022610,Injury Crash,05/13/2024 04:47:00 PM,BEL PRE RD (EB/L),NA,Angle,Clear,Dry,Daylight,Traffic Control Signal,NONE DETECTED,No,Possible Minor Injury,NA,Not Distracted,MD,Passenger Car,Moving Constant Speed,35,No,2016,KIA,SORENTO,39.09060545,-77.04492522,2024,5,16
240022610,Injury Crash,05/13/2024 04:47:00 PM,BEL PRE RD (EB/L),NA,Angle,Clear,Dry,Daylight,Traffic Control Signal,NONE DETECTED,Yes,Possible Minor Injury,Failed to Yield Right-of-Way,Unknown,MD,Pickup,Turning Left,35,No,2008,FORD,F-250,39.09060545,-77.04492522,2024,5,16
240022607,Injury Crash,05/13/2024 04:30:00 PM,FRANKLIN AVE,NA,Single Vehicle,Clear,Dry,Daylight,No Controls,NONE DETECTED,Yes,Suspected Serious Injury,NA,Unknown,MD,Passenger Car,Moving Constant Speed,35,No,2020,GMC,YUKON,39.01001913,-77.00446315,2024,5,16
240022602,Property Damage Crash,05/13/2024 04:10:00 PM,ROCKVILLE PIKE,NA,Other,Clear,Dry,Daylight,No Controls,NONE DETECTED,No,No Apparent Injury,NA,Unknown,MD,Sport Utility Vehicle,Turning Left,35,No,2013,AUDI,Q7,39.0766725,-77.13863433,2024,5,16
240022602,Property Damage Crash,05/13/2024 04:10:00 PM,ROCKVILLE PIKE,NA,Other,Clear,Dry,Daylight,No Controls,NONE DETECTED,No,No Apparent Injury,NA,Not Distracted,MD,Sport Utility Vehicle,Moving Constant Speed,35,No,2018,TESLA,MODEL X,39.0766725,-77.13863433,2024,5,16
240022597,Property Damage Crash,05/13/2024 03:56:00 PM,SHOP CTR CUT THRU CUT,NA,"Sideswipe, Opposite Direction",Clear,Dry,Daylight,No Controls,NONE DETECTED,Yes,No Apparent Injury,NA,"Other Action (looking away from task, etc.)",MD,Other Trucks,Moving Constant Speed,10,No,2023,RAM,4500,39.08148867,-76.94570833,2024,5,15
240022597,Property Damage Crash,05/13/2024 03:56:00 PM,SHOP CTR CUT THRU CUT,NA,"Sideswipe, Opposite Direction",Clear,Dry,Daylight,No Controls,NONE DETECTED,No,No Apparent Injury,NA,Not Distracted,MD,Passenger Car,Parked,10,No,2011,DODGE,CHARGER,39.08148867,-76.94570833,2024,5,15
240022601,Property Damage Crash,05/13/2024 03:52:00 PM,GEORGIA AVE (SB/L),NA,"Sideswipe, Same Direction",Clear,Dry,Daylight,Traffic Control Signal,NONE DETECTED,No,No Apparent Injury,NA,Unknown,DC,Passenger Car,Changing Lanes,25,No,2014,JEEP,WRANGLER,39.03861488,-77.05347078,2024,5,15
240022601,Property Damage Crash,05/13/2024 03:52:00 PM,GEORGIA AVE (SB/L),NA,"Sideswipe, Same Direction",Clear,Dry,Daylight,Traffic Control Signal,NONE DETECTED,No,No Apparent Injury,NA,Unknown,MD,Passenger Car,Changing Lanes,25,No,2004,HONDA,ACCORD,39.03861488,-77.05347078,2024,5,15
240022598,Injury Crash,05/13/2024 03:40:00 PM,OLD BUCKLODGE LA,Cyclist (non-electric),Single Vehicle,Clear,Dry,Daylight,No Controls,NONE DETECTED,No,NA,NA,NA,NA,NA,Moving Constant Speed,35,No,0,NA,NA,39.17655502,-77.33912817,2024,5,15
240022588,Property Damage Crash,05/13/2024 03:25:00 PM,VEIRS MILL RD,NA,Front to Rear,Clear,Dry,Daylight,No Controls,NONE DETECTED,No,No Apparent Injury,NA,Not Distracted,MD,Passenger Car,Turning Right,30,No,2016,VOLKSWAGEN,GOLF,39.08086233,-77.14369945,2024,5,15
240022588,Property Damage Crash,05/13/2024 03:25:00 PM,VEIRS MILL RD,NA,Front to Rear,Clear,Dry,Daylight,No Controls,NONE DETECTED,No,No Apparent Injury,Followed Too Closely,Not Distracted,MD,Passenger Car,Slowing or Stopping,30,No,2017,DODGE,DURANGO,39.08086233,-77.14369945,2024,5,15