Local Case Number,ACRS Report Type,Crash Date/Time,Road Name,Related Non-Motorist,Collision Type,Weather,Surface Condition,Light,Traffic Control,Driver Substance Abuse,Driver At Fault,Injury Severity,Circumstance,Driver Distracted By,Drivers License State,Vehicle Body Type,Vehicle Movement,Speed Limit,Driverless Vehicle,Vehicle Year,Vehicle Make,Vehicle Model,Latitude,Longitude,Year,Month,Hour
240022587,Property Damage Crash,05/13/2024 03:15:00 PM,GEORGIA AVE,NA,Front to Rear,Clear,Dry,Daylight,Traffic Control Signal,NONE DETECTED,No,No Apparent Injury,NA,Unknown,MD,Pickup,Moving Constant Speed,25,No,2004,DODGE,DAKOTA,39.03790733,-77.0504855,2024,5,15
240022587,Property Damage Crash,05/13/2024 03:15:00 PM,GEORGIA AVE,NA,Front to Rear,Clear,Dry,Daylight,Traffic Control Signal,NONE DETECTED,Yes,No Apparent Injury,Followed Too Closely,Unknown,MD,Pickup,Moving Constant Speed,25,No,2001,FORD,RANGER,39.03790733,-77.0504855,2024,5,15
240022584,Injury Crash,05/13/2024 02:55:00 PM,CAPITAL BELTWAY (WB/L),NA,"Sideswipe, Same Direction",Clear,Dry,Daylight,No Controls,NONE DETECTED,No,No Apparent Injury,NA,Not Distracted,MD,Sport Utility Vehicle,Moving Constant Speed,55,No,2018,MITSUBISHI,OUTLANDER SPORT,39.01398333,-77.09438867,2024,5,14
240022584,Injury Crash,05/13/2024 02:55:00 PM,CAPITAL BELTWAY (WB/L),NA,"Sideswipe, Same Direction",Clear,Dry,Daylight,No Controls,NONE DETECTED,No,Possible Minor Injury,"Failed to Keep in Proper Lane, Failed to Yield Right-of-Way, Followed Too Closely, Swerved or Avoided Due to Wind, Slippery Surface, Motor Vehicle, Object, Non-Motorist in Roadway, etc",Unknown,IL,Sport Utility Vehicle,Slowing or Stopping,55,No,2012,VOLVO,XC90,39.01398333,-77.09438867,2024,5,14
240022589,Property Damage Crash,05/13/2024 02:55:00 PM,CONNECTICUT AVE,NA,"Sideswipe, Same Direction",Clear,Dry,Daylight,Traffic Control Signal,NONE DETECTED,Yes,No Apparent Injury,"Followed Too Closely, Over-Correcting/Over-Steering","Other Action (looking away from task, etc.)",MD,Passenger Car,Slowing or Stopping,40,No,2017,TOYOTA,TACOMA,39.05209382,-77.06278401,2024,5,14
240022589,Property Damage Crash,05/13/2024 02:55:00 PM,CONNECTICUT AVE,NA,"Sideswipe, Same Direction",Clear,Dry,Daylight,Traffic Control Signal,NONE DETECTED,No,No Apparent Injury,NA,Not Distracted,MD,Bus - School,Slowing or Stopping,40,No,2024,FREIGHTLINER,B2 106 ELECTRIC CONVENTIONAL CHASSIS,39.05209382,-77.06278401,2024,5,14
240022577,Property Damage Crash,05/13/2024 02:25:00 PM,FAITH LA,NA,Front to Front,Clear,Dry,Daylight,No Controls,NONE DETECTED,No,No Apparent Injury,NA,Not Distracted,MD,Passenger Car,Turning Left,30,No,2022,CHEVROLET,CORVETTE,39.29894,-77.199425,2024,5,14
240022577,Property Damage Crash,05/13/2024 02:25:00 PM,FAITH LA,NA,Front to Front,Clear,Dry,Daylight,Stop Sign,NONE DETECTED,No,No Apparent Injury,NA,Not Distracted,MD,Passenger Car,Turning Left,25,No,2019,SUBARU,LEGACY,39.29894,-77.199425,2024,5,14
240022570,Injury Crash,05/13/2024 02:14:00 PM,WATKINS MILL RD,NA,Front to Front,Clear,Dry,Daylight,Traffic Control Signal,NONE DETECTED,No,Possible Minor Injury,NA,Not Distracted,MD,Passenger Car,Moving Constant Speed,35,No,2008,MAZDA,CX-3,39.18430653,-77.21090688,2024,5,14
240022570,Injury Crash,05/13/2024 02:14:00 PM,WATKINS MILL RD,NA,Front to Front,Clear,Dry,Daylight,Traffic Control Signal,NONE DETECTED,No,No Apparent Injury,NA,Unknown,MD,Van - Passenger (&lt;9 Seats),Turning Left,35,No,2005,CHRYSLER,TOWN AND COUNTRY,39.18430653,-77.21090688,2024,5,14
240022560,Injury Crash,05/13/2024 01:28:00 PM,ROCK SPRING DR (SB/L),NA,Other,Clear,Dry,Daylight,Traffic Control Signal,NONE DETECTED,No,Possible Minor Injury,NA,Unknown,MD,Sport Utility Vehicle,Moving Constant Speed,30,No,2011,SUBARU,FORESTER,39.02697229,-77.12612935,2024,5,13
240022560,Injury Crash,05/13/2024 01:28:00 PM,ROCK SPRING DR (SB/L),NA,Other,Clear,Dry,Daylight,Traffic Control Signal,NONE DETECTED,No,No Apparent Injury,NA,Unknown,VA,Passenger Car,Moving Constant Speed,35,No,2006,HONDA,CIVIC,39.02697229,-77.12612935,2024,5,13
240022724,Property Damage Crash,05/13/2024 01:00:00 PM,ROCKVILLE PIKE,NA,Front to Rear,Clear,Dry,Daylight,No Controls,NONE DETECTED,No,NA,NA,NA,NA,Passenger Car,Slowing or Stopping,40,No,2020,NISSAN,KICKS,39.074462,-77.13566192,2024,5,13
240022724,Property Damage Crash,05/13/2024 01:00:00 PM,ROCKVILLE PIKE,NA,Front to Rear,Clear,Dry,Daylight,No Controls,NONE DETECTED,No,No Apparent Injury,NA,Not Distracted,MD,Passenger Car,Slowing or Stopping,40,No,2014,MERCEDES-BENZ,GLK-CLASS,39.074462,-77.13566192,2024,5,13
240022549,Injury Crash,05/13/2024 12:37:00 PM,RIPPLING BROOK DR,NA,Angle,Clear,Dry,Daylight,Stop Sign,NONE DETECTED,Yes,Possible Minor Injury,NA,Unknown,MD,Passenger Car,Turning Left,25,No,2020,MERCEDES-BENZ,METRIS,39.09035445,-77.05364833,2024,5,12
240022549,Injury Crash,05/13/2024 12:37:00 PM,RIPPLING BROOK DR,NA,Angle,Clear,Dry,Daylight,No Controls,NONE DETECTED,No,Possible Minor Injury,NA,Not Distracted,MD,Passenger Car,Moving Constant Speed,25,No,2014,CHEVROLET,CRUZE,39.09035445,-77.05364833,2024,5,12
240022533,Property Damage Crash,05/13/2024 12:15:00 PM,NA,NA,Single Vehicle,Clear,NA,Daylight,NA,NONE DETECTED,No,No Apparent Injury,NA,Not Distracted,MD,Single-Unit Truck,Moving Constant Speed,0,No,2004,FORD,F-450,39.11496138,-77.23531014,2024,5,12
240022539,Injury Crash,05/13/2024 12:03:00 PM,GERMANTOWN RD (SB/L),NA,Angle,Clear,Dry,Daylight,Traffic Control Signal,NONE DETECTED,Yes,No Apparent Injury,Failed to Yield Right-of-Way,Not Distracted,MD,Single-Unit Truck,Slowing or Stopping,40,No,2021,PIERCE MANUFACTURING,AERIAL,39.16273167,-77.283032,2024,5,12
240022539,Injury Crash,05/13/2024 12:03:00 PM,GERMANTOWN RD (SB/L),NA,Angle,Clear,Dry,Daylight,Traffic Control Signal,NONE DETECTED,Yes,Possible Minor Injury,Failed to Yield Right-of-Way,Not Distracted,MD,Sport Utility Vehicle,Moving Constant Speed,30,No,2018,JEEP,COMPASS,39.16273167,-77.283032,2024,5,12
240022680,Property Damage Crash,05/13/2024 12:00:00 PM,HILLMEAD RD,NA,Rear To Rear,Clear,Dry,Daylight,No Controls,NONE DETECTED,Yes,No Apparent Injury,NA,Not Distracted,MD,Other Trucks,Backing,25,No,2022,FORD,F-650,39.00138604,-77.13169122,2024,5,12
240022530,Injury Crash,05/13/2024 11:59:00 AM,KENTLANDS BLVD (NB/L),NA,Other,Clear,Dry,Daylight,Stop Sign,NONE DETECTED,No,Possible Minor Injury,NA,Not Distracted,MD,Passenger Car,Moving Constant Speed,25,No,2008,TOYOTA,CAMRY,39.12400049,-77.23999153,2024,5,11
240022530,Injury Crash,05/13/2024 11:59:00 AM,KENTLANDS BLVD (NB/L),NA,Other,Clear,Dry,Daylight,Stop Sign,NONE DETECTED,No,Possible Minor Injury,NA,Not Distracted,MD,Passenger Car,Moving Constant Speed,25,No,2012,TOYOTA,RAV4,39.12400049,-77.23999153,2024,5,11
240022531,Property Damage Crash,05/13/2024 11:45:00 AM,WISCONSIN AVE,NA,Other,Clear,Dry,Daylight,Traffic Control Signal,NONE DETECTED,No,No Apparent Injury,Other Improper Action,Not Distracted,NA,Bus - Transit,Parked,25,No,2016,GILLIG,CITY TRANSIT BUS,38.97837667,-77.09137667,2024,5,11
240022531,Property Damage Crash,05/13/2024 11:45:00 AM,WISCONSIN AVE,NA,Other,Clear,Dry,Daylight,Traffic Control Signal,NONE DETECTED,No,NA,NA,NA,NA,Single-Unit Truck,Accelerating,25,No,0,NA,NA,38.97837667,-77.09137667,2024,5,11
240022529,Property Damage Crash,05/13/2024 11:31:00 AM,NA,NA,Front to Rear,Clear,NA,Daylight,NA,NONE DETECTED,Yes,No Apparent Injury,NA,Not Distracted,MD,Sport Utility Vehicle,Backing,0,No,2017,JEEP,WRANGLER,39.09900874,-77.13961333,2024,5,11
240022523,Injury Crash,05/13/2024 11:25:00 AM,FREDERICK RD (SB/L),NA,Front to Rear,Clear,Dry,Daylight,Yield Sign,NONE DETECTED,No,No Apparent Injury,NA,Not Distracted,MD,Pickup,Accelerating,35,No,2019,RAM,3500,39.1539015,-77.21398334,2024,5,11
240022523,Injury Crash,05/13/2024 11:25:00 AM,FREDERICK RD (SB/L),NA,Front to Rear,Clear,Dry,Daylight,Yield Sign,NONE DETECTED,No,Possible Minor Injury,NA,Not Distracted,MD,Sport Utility Vehicle,Slowing or Stopping,35,No,2018,NISSAN,ROGUE,39.1539015,-77.21398334,2024,5,11
240022526,Property Damage Crash,05/13/2024 09:27:00 AM,KENILWORTH AVE,NA,"Sideswipe, Same Direction",Clear,Dry,Daylight,No Controls,NONE DETECTED,Yes,No Apparent Injury,NA,Not Distracted,MD,Bus - Transit,Turning Right,25,No,2016,INTERNATIONAL,UNKNOWN,39.03364458,-77.09492419,2024,5,9
240022526,Property Damage Crash,05/13/2024 09:27:00 AM,KENILWORTH AVE,NA,"Sideswipe, Same Direction",Clear,Dry,Daylight,No Controls,NONE DETECTED,No,No Apparent Injury,NA,Not Distracted,MD,Sport Utility Vehicle,Parked,25,No,2022,HONDA,"CRYENCO, INC.",39.03364458,-77.09492419,2024,5,9
240022504,Property Damage Crash,05/13/2024 09:20:00 AM,PARKING LOT CUT THRU CUT,NA,"Sideswipe, Same Direction",Clear,Dry,Daylight,No Controls,NONE DETECTED,Yes,No Apparent Injury,NA,Unknown,MD,Passenger Car,Turning Right,5,No,2021,MAZDA,CX-30,39.02422029,-77.1241401,2024,5,9
240022500,Property Damage Crash,05/13/2024 08:20:00 AM,COLUMBIA PIKE (SB/L),NA,Front to Rear,Clear,Dry,Daylight,Intersection Ahead Warning Sign,NONE DETECTED,Yes,No Apparent Injury,NA,Unknown,MD,Passenger Car,Moving Constant Speed,50,No,2009,BMW,X5,39.105564,-76.93264933,2024,5,8
240022500,Property Damage Crash,05/13/2024 08:20:00 AM,COLUMBIA PIKE (SB/L),NA,Front to Rear,Clear,Dry,Daylight,No Controls,NONE DETECTED,No,No Apparent Injury,NA,Not Distracted,MD,Passenger Car,Stopped in Traffic,50,No,2023,VOLVO,S60,39.105564,-76.93264933,2024,5,8
240022500,Property Damage Crash,05/13/2024 08:20:00 AM,COLUMBIA PIKE (SB/L),NA,Front to Rear,Clear,Dry,Daylight,No Controls,NONE DETECTED,No,No Apparent Injury,NA,Not Distracted,MD,Passenger Car,Stopped in Traffic,50,No,2009,HONDA,CIVIC,39.105564,-76.93264933,2024,5,8
240022488,Injury Crash,05/13/2024 04:33:00 AM,MANOR RD,NA,Front to Rear,Clear,Dry,Medium,No Controls,NONE DETECTED,Yes,Possible Minor Injury,"Over-Correcting/Over-Steering, Swerved or Avoided Due to Wind, Slippery Surface, Motor Vehicle, Object, Non-Motorist in Roadway, etc",Not Distracted,MD,Passenger Car,Moving Constant Speed,25,No,2020,HONDA,CIVIC,38.99727,-77.07340667,2024,5,4
240022480,Property Damage Crash,05/12/2024 11:50:00 PM,NA,NA,Front to Rear,Clear,Dry,Medium,No Controls,NONE DETECTED,No,NA,"Failed to Keep in Proper Lane, Ran Off Roadway",Unknown,NA,Sport Utility Vehicle,Moving Constant Speed,30,No,2021,KIA,SPORTAGE,39.00925333,-77.09216167,2024,5,23
240022471,Property Damage Crash,05/12/2024 10:58:00 PM,GEORGIA AVE,NA,"Sideswipe, Same Direction",Clear,Dry,Medium,No Controls,NONE DETECTED,Yes,No Apparent Injury,Failed to Keep in Proper Lane,Not Distracted,MD,Passenger Car,Changing Lanes,30,No,2016,TOYOTA,COROLLA,38.99738211,-77.02943631,2024,5,22
240022471,Property Damage Crash,05/12/2024 10:58:00 PM,GEORGIA AVE,NA,"Sideswipe, Same Direction",Clear,Dry,Medium,No Controls,NONE DETECTED,No,No Apparent Injury,NA,Not Distracted,MD,Bus - Transit,Moving Constant Speed,30,No,2021,NEW FLYER,TRANSIT BUS,38.99738211,-77.02943631,2024,5,22
240022467,Injury Crash,05/12/2024 10:47:00 PM,GEORGIA AVE (SB/L),NA,Front to Rear,Clear,Dry,Medium,No Controls,NONE DETECTED,No,No Apparent Injury,NA,Not Distracted,MD,Sport Utility Vehicle,Moving Constant Speed,35,No,2003,TOYOTA,4-RUNNER,39.05277667,-77.05106467,2024,5,22
240022467,Injury Crash,05/12/2024 10:47:00 PM,GEORGIA AVE (SB/L),NA,Front to Rear,Clear,Dry,Medium,No Controls,NONE DETECTED,No,Possible Minor Injury,NA,Unknown,MD,Passenger Car,Accelerating,35,No,2013,HONDA,CIVIC,39.05277667,-77.05106467,2024,5,22
240022460,Property Damage Crash,05/12/2024 09:53:00 PM,STANLEY AVE,NA,"Sideswipe, Opposite Direction",Clear,Dry,Medium,No Controls,ALCOHOL PRESENT,No,No Apparent Injury,Other Improper Action,Unknown,MD,Sport Utility Vehicle,Moving Constant Speed,25,No,2006,ACURA,MDX,39.06822887,-77.12502679,2024,5,21
240022455,Injury Crash,05/12/2024 08:55:00 PM,CRYSTAL ROCK DR,NA,Angle,Cloudy,Dry,Medium,Stop Sign,NONE DETECTED,No,Possible Minor Injury,NA,"Other Action (looking away from task, etc.)",MD,Passenger Car,Entering Traffic Lane,25,No,2012,TOYOTA,RAV4,39.19026567,-77.2667675,2024,5,20
240022455,Injury Crash,05/12/2024 08:55:00 PM,CRYSTAL ROCK DR,NA,Angle,Cloudy,Dry,Medium,No Controls,NONE DETECTED,No,No Apparent Injury,NA,Not Distracted,NC,Passenger Car,Moving Constant Speed,45,No,2019,FORD,FUSION,39.19026567,-77.2667675,2024,5,20
240022453,Injury Crash,05/12/2024 08:42:00 PM,NA,NA,Front to Front,Clear,Dry,Medium,Traffic Control Signal,NONE DETECTED,No,No Apparent Injury,NA,Not Distracted,MD,Passenger Car,Moving Constant Speed,35,No,2016,TOYOTA,COROLLA,39.18437306,-77.21094979,2024,5,20
240022453,Injury Crash,05/12/2024 08:42:00 PM,NA,NA,Front to Front,Clear,Dry,Medium,Traffic Control Signal,NONE DETECTED,No,No Apparent Injury,NA,Unknown,MD,Passenger Car,Turning Left,35,No,2015,SUBARU,BRZ,39.18437306,-77.21094979,2024,5,20
240022445,Injury Crash,05/12/2024 07:46:00 PM,CLARIDGE RD,NA,Other,Clear,Dry,Medium,No Controls,NONE DETECTED,No,Possible Minor Injury,NA,Not Distracted,MD,Passenger Car,Moving Constant Speed,30,No,2017,MERCEDES-BENZ,C-CLASS,39.05104369,-77.0667286,2024,5,19
240022445,Injury Crash,05/12/2024 07:46:00 PM,CLARIDGE RD,NA,Other,Clear,Dry,Medium,No Controls,NONE DETECTED,Yes,No Apparent Injury,Failed to Yield Right-of-Way,Not Distracted,MD,Passenger Car,Entering Traffic Lane,30,No,2005,HONDA,CIVIC,39.05104369,-77.0667286,2024,5,19
240022443,Property Damage Crash,05/12/2024 07:25:00 PM,NA,NA,Single Vehicle,Clear,Dry,Daylight,No Controls,NONE DETECTED,No,No Apparent Injury,NA,Not Distracted,MD,Passenger Car,Moving Constant Speed,35,No,2020,HONDA,CR-V,39.01951842,-77.20836844,2024,5,19
240022437,Property Damage Crash,05/12/2024 06:30:00 PM,FREDERICK RD,NA,Front to Rear,Cloudy,Dry,Daylight,Traffic Control Signal,NONE DETECTED,Yes,No Apparent Injury,Followed Too Closely,Unknown,MD,Passenger Car,Accelerating,35,No,2008,TOYOTA,COROLLA,39.15240614,-77.21173296,2024,5,18
240022437,Property Damage Crash,05/12/2024 06:30:00 PM,FREDERICK RD,NA,Front to Rear,Cloudy,Dry,Daylight,Traffic Control Signal,NONE DETECTED,No,No Apparent Injury,NA,Not Distracted,MD,Passenger Car,Slowing or Stopping,35,No,2012,FIAT,500,39.15240614,-77.21173296,2024,5,18
240022439,Property Damage Crash,05/12/2024 05:56:00 PM,ZION RD,NA,Front to Front,Clear,Dry,Daylight,No Controls,NONE DETECTED,No,No Apparent Injury,NA,Not Distracted,MD,Passenger Car,Moving Constant Speed,40,No,2018,CHEVROLET,TRAVERSE,39.20891869,-77.09253104,2024,5,17
240022439,Property Damage Crash,05/12/2024 05:56:00 PM,ZION RD,NA,Front to Front,Clear,Dry,Daylight,No Controls,NONE DETECTED,Yes,No Apparent Injury,Other Improper Action,Not Distracted,MD,Passenger Car,Entering Traffic Lane,35,No,2011,TOYOTA,COROLLA,39.20891869,-77.09253104,2024,5,17
240022430,Property Damage Crash,05/12/2024 05:52:00 PM,MIDDLEBROOK RD,NA,Other,Clear,Dry,Daylight,Traffic Control Signal,NONE DETECTED,No,No Apparent Injury,NA,Not Distracted,MD,Passenger Car,Slowing or Stopping,40,No,2020,LEXUS,UNKNOWN,39.17934077,-77.26802706,2024,5,17
240022430,Property Damage Crash,05/12/2024 05:52:00 PM,MIDDLEBROOK RD,NA,Other,Clear,Dry,Daylight,Traffic Control Signal,NONE DETECTED,No,No Apparent Injury,NA,Not Distracted,MD,Passenger Car,Backing,40,No,2013,FORD,TAURUS,39.17934077,-77.26802706,2024,5,17
240022431,Property Damage Crash,05/12/2024 04:43:00 PM,BENNION RD,NA,Rear To Side,Clear,Dry,Daylight,No Controls,NONE DETECTED,No,No Apparent Injury,NA,Not Distracted,MD,Passenger Car,Moving Constant Speed,20,No,2011,BMW,328I,39.05175333,-77.08934083,2024,5,16
240022431,Property Damage Crash,05/12/2024 04:43:00 PM,BENNION RD,NA,Rear To Side,Clear,Dry,Daylight,No Controls,NONE DETECTED,Yes,No Apparent Injury,"Failed to Yield Right-of-Way, Improper Turn, Operated Motor Vehicle in Inattentive, Careless, Negligent, or Erratic Manner",Not Distracted,MD,Sport Utility Vehicle,Making U-Turn,20,No,2000,CHEVROLET,TAHOE,39.05175333,-77.08934083,2024,5,16
240022413,Property Damage Crash,05/12/2024 03:37:00 PM,E RANDOLPH RD (WB/L),NA,Front to Rear,Cloudy,Dry,Daylight,Curve Ahead Warning Sign,NONE DETECTED,No,No Apparent Injury,NA,Not Distracted,MD,Sport Utility Vehicle,Slowing or Stopping,35,No,2023,TESLA,MODEL Y,39.06572098,-76.97350376,2024,5,15
240022413,Property Damage Crash,05/12/2024 03:37:00 PM,E RANDOLPH RD (WB/L),NA,Front to Rear,Cloudy,Dry,Daylight,Curve Ahead Warning Sign,NONE DETECTED,Yes,No Apparent Injury,NA,Not Distracted,MD,Pickup,Moving Constant Speed,35,No,2003,DODGE,DAKOTA,39.06572098,-76.97350376,2024,5,15
240022413,Property Damage Crash,05/12/2024 03:37:00 PM,E RANDOLPH RD (WB/L),NA,Front to Rear,Cloudy,Dry,Daylight,Curve Ahead Warning Sign,NONE DETECTED,No,No Apparent Injury,NA,Not Distracted,MD,Passenger Car,NA,35,No,2022,VOLVO,UNKNOWN,39.06572098,-76.97350376,2024,5,15
240022411,Property Damage Crash,05/12/2024 03:18:00 PM,ENNALLS AVE,NA,Other,Clear,Dry,Daylight,No Controls,NONE DETECTED,No,No Apparent Injury,NA,Not Distracted,MD,Passenger Car,Moving Constant Speed,25,No,2024,TOYOTA,TUNDRA,39.04096789,-77.05149799,2024,5,15
240022411,Property Damage Crash,05/12/2024 03:18:00 PM,ENNALLS AVE,NA,Other,Clear,Dry,Daylight,Stop Sign,NONE DETECTED,No,No Apparent Injury,NA,Not Distracted,MD,Passenger Car,Turning Left,25,No,2014,FORD,FOCUS,39.04096789,-77.05149799,2024,5,15
240022409,Property Damage Crash,05/12/2024 02:33:00 PM,NA,NA,Front to Front,Clear,Dry,Daylight,No Controls,NONE DETECTED,Yes,No Apparent Injury,Over-Correcting/Over-Steering,Not Distracted,MD,Passenger Car,Moving Constant Speed,25,No,2005,TOYOTA,SIENNA,38.99865817,-77.0036435,2024,5,14
240022395,Injury Crash,05/12/2024 01:15:00 PM,S FREDERICK RD (SB/L),NA,"Sideswipe, Same Direction",Cloudy,Dry,Daylight,No Controls,NONE DETECTED,Yes,Possible Minor Injury,Other Improper Action,Unknown,MD,Van - Passenger (&lt;9 Seats),Changing Lanes,35,No,2015,DODGE,CARAVAN,39.14052217,-77.19763867,2024,5,13
240022395,Injury Crash,05/12/2024 01:15:00 PM,S FREDERICK RD (SB/L),NA,"Sideswipe, Same Direction",Cloudy,Dry,Daylight,No Controls,NONE DETECTED,No,No Apparent Injury,NA,Not Distracted,MD,Passenger Car,Moving Constant Speed,30,No,2006,HONDA,ACCORD,39.14052217,-77.19763867,2024,5,13
240022391,Property Damage Crash,05/12/2024 12:35:00 PM,CROCUS DR,NA,Front to Front,Cloudy,Dry,Daylight,No Controls,NONE DETECTED,No,NA,NA,NA,NA,Passenger Car,Moving Constant Speed,25,No,2016,HYUNDAI,ELANTRA,39.09595791,-77.17343145,2024,5,12
240022379,Injury Crash,05/12/2024 11:15:00 AM,NEW HAMPSHIRE AVE (SB/L),NA,Front to Rear,Clear,Dry,Daylight,No Controls,NONE DETECTED,Yes,Suspected Serious Injury,Failed to Yield Right-of-Way,Unknown,MD,Passenger Car,Accelerating,45,No,2013,TOYOTA,COROLLA,39.08034539,-77.00133431,2024,5,11
240022379,Injury Crash,05/12/2024 11:15:00 AM,NEW HAMPSHIRE AVE (SB/L),NA,Front to Rear,Clear,Dry,Daylight,No Controls,NONE DETECTED,No,Possible Minor Injury,Too Fast For Conditions,Unknown,MD,Passenger Car,Moving Constant Speed,45,No,2015,FORD,MUSTANG,39.08034539,-77.00133431,2024,5,11
240022374,Injury Crash,05/12/2024 09:00:00 AM,16TH ST (SB/L),NA,Front to Rear,Clear,Wet,Daylight,Traffic Control Signal,NONE DETECTED,Yes,No Apparent Injury,Followed Too Closely,Not Distracted,MD,Passenger Car,Slowing or Stopping,35,No,2006,TOYOTA,CAMRY,38.9927879,-77.03638065,2024,5,9
240022370,Property Damage Crash,05/12/2024 09:00:00 AM,16TH ST (SB/L),NA,Front to Rear,Clear,Wet,Daylight,Traffic Control Signal,NONE DETECTED,No,No Apparent Injury,NA,Not Distracted,MD,Passenger Car,Slowing or Stopping,35,No,2020,CHEVROLET,EXPRESS,38.99277018,-77.03641418,2024,5,9
240022370,Property Damage Crash,05/12/2024 09:00:00 AM,16TH ST (SB/L),NA,Front to Rear,Clear,Wet,Daylight,Traffic Control Signal,NONE DETECTED,Yes,No Apparent Injury,Followed Too Closely,Not Distracted,MD,Passenger Car,Slowing or Stopping,35,No,2016,HYUNDAI,SONATA,38.99277018,-77.03641418,2024,5,9
240022374,Injury Crash,05/12/2024 09:00:00 AM,16TH ST (SB/L),NA,Front to Rear,Clear,Wet,Daylight,Traffic Control Signal,NONE DETECTED,No,No Apparent Injury,NA,Not Distracted,MD,Passenger Car,Stopped in Traffic,35,No,2016,HYUNDAI,SONATA,38.9927879,-77.03638065,2024,5,9
240022366,Property Damage Crash,05/12/2024 08:54:00 AM,COLUMBIA PIKE,NA,Single Vehicle,Clear,Wet,Daylight,Traffic Control Signal,NONE DETECTED,No,No Apparent Injury,NA,Not Distracted,MD,Passenger Car,Moving Constant Speed,40,No,2010,FORD,FUSION,39.03617295,-76.99989227,2024,5,8
240022368,Property Damage Crash,05/12/2024 08:30:00 AM,GERMANTOWN RD,NA,Single Vehicle,Clear,Wet,Daylight,Traffic Control Signal,NONE DETECTED,Yes,No Apparent Injury,"Swerved or Avoided Due to Wind, Slippery Surface, Motor Vehicle, Object, Non-Motorist in Roadway, etc",Not Distracted,MD,Sport Utility Vehicle,Moving Constant Speed,45,No,2019,KIA,SORENTO,39.18160425,-77.261142,2024,5,8
240022362,Property Damage Crash,05/12/2024 07:19:00 AM,NA,NA,Angle,Cloudy,Wet,Daylight,No Controls,NONE DETECTED,Yes,No Apparent Injury,"Improper Passing, Improper Turn",Not Distracted,MD,Passenger Car,Turning Right,35,No,2017,NISSAN,SENTRA,39.16314008,-77.28303501,2024,5,7
240022362,Property Damage Crash,05/12/2024 07:19:00 AM,NA,NA,Angle,Cloudy,Wet,Daylight,No Controls,NONE DETECTED,No,No Apparent Injury,NA,Not Distracted,MD,Passenger Car,Turning Right,35,No,2007,ACURA,TL,39.16314008,-77.28303501,2024,5,7
240022354,Property Damage Crash,05/12/2024 05:40:00 AM,RIVER RD,NA,Single Vehicle,Rain,Wet,Medium,No Controls,NONE DETECTED,Yes,No Apparent Injury,Too Fast For Conditions,Not Distracted,MD,Passenger Car,Moving Constant Speed,35,No,2020,HONDA,ACCORD,38.97002359,-77.11306626,2024,5,5
240022351,Injury Crash,05/12/2024 04:28:00 AM,FIRSTFIELD RD (EB/L),NA,Angle,Rain,Wet,Medium,Flashing Traffic Control Signal,NONE DETECTED,No,Possible Minor Injury,NA,Not Distracted,MD,Sport Utility Vehicle,Moving Constant Speed,35,No,2023,CHEVROLET,SUBURBAN,39.143662,-77.22387667,2024,5,4
240022351,Injury Crash,05/12/2024 04:28:00 AM,FIRSTFIELD RD (EB/L),NA,Angle,Rain,Wet,Medium,Flashing Traffic Control Signal,NONE DETECTED,No,No Apparent Injury,"Failed to Yield Right-of-Way, Ran Red Light",Not Distracted,NJ,Passenger Car,Moving Constant Speed,25,No,2020,KIA,OPTIMA,39.143662,-77.22387667,2024,5,4
240022348,Property Damage Crash,05/12/2024 03:50:00 AM,ELKIN ST,NA,"Sideswipe, Same Direction",Clear,Wet,Medium,No Controls,ALCOHOL PRESENT,No,No Apparent Injury,NA,Not Distracted,MD,Passenger Car,Moving Constant Speed,30,No,2010,TOYOTA,CAMRY,39.04530176,-77.04723429,2024,5,3