Local Case Number,ACRS Report Type,Crash Date/Time,Road Name,Related Non-Motorist,Collision Type,Weather,Surface Condition,Light,Traffic Control,Driver Substance Abuse,Driver At Fault,Injury Severity,Circumstance,Driver Distracted By,Drivers License State,Vehicle Body Type,Vehicle Movement,Speed Limit,Driverless Vehicle,Vehicle Year,Vehicle Make,Vehicle Model,Latitude,Longitude,Year,Month,Hour
240022346,Property Damage Crash,05/12/2024 03:18:00 AM,NA,NA,Rear To Side,Cloudy,NA,Medium,NA,NONE DETECTED,No,No Apparent Injury,Failed to Yield Right-of-Way,Unknown,MD,Passenger Car,Backing,0,No,2014,TOYOTA,CAMRY,38.9868999,-76.98762842,2024,5,3
240022346,Property Damage Crash,05/12/2024 03:18:00 AM,NA,NA,Rear To Side,Cloudy,NA,Medium,NA,NONE DETECTED,No,No Apparent Injury,NA,Not Distracted,MD,Passenger Car,Stopped in Traffic,0,No,2021,ACURA,RDX,38.9868999,-76.98762842,2024,5,3
240022344,Property Damage Crash,05/12/2024 03:00:00 AM,NA,NA,Single Vehicle,Rain,Wet,Medium,No Controls,NONE DETECTED,Yes,No Apparent Injury,Failed to Keep in Proper Lane,Unknown,MD,Passenger Car,Moving Constant Speed,30,No,2020,NISSAN,ROGUE,39.08120013,-77.11374347,2024,5,3
240022361,Injury Crash,05/12/2024 02:59:00 AM,CAPITAL BELTWAY (WB/L),NA,Front to Rear,Rain,Wet,Medium,No Controls,NONE DETECTED,No,Possible Minor Injury,NA,Not Distracted,VA,Passenger Car,Parked,55,No,2019,DODGE,DURANGO,39.01371556,-77.05152266,2024,5,2
240022361,Injury Crash,05/12/2024 02:59:00 AM,CAPITAL BELTWAY (WB/L),NA,Front to Rear,Rain,Wet,Medium,No Controls,NONE DETECTED,No,No Apparent Injury,NA,Unknown,DC,Passenger Car,Parked,55,No,2013,DODGE,AVENGER,39.01371556,-77.05152266,2024,5,2
240022361,Injury Crash,05/12/2024 02:59:00 AM,CAPITAL BELTWAY (WB/L),NA,Front to Rear,Rain,Wet,Medium,No Controls,NONE DETECTED,Yes,Suspected Serious Injury,NA,Unknown,MD,Passenger Car,Moving Constant Speed,55,No,2014,MAZDA,MAZDA3,39.01371556,-77.05152266,2024,5,2
240022347,Injury Crash,05/12/2024 02:40:00 AM,CAPITAL BELTWAY (WB/L),NA,"Sideswipe, Same Direction",Clear,Wet,Medium,No Controls,NONE DETECTED,No,Possible Minor Injury,NA,Not Distracted,DC,Passenger Car,Moving Constant Speed,55,No,2013,DODGE,AVENGER,39.0137005,-77.04923,2024,5,2
240022347,Injury Crash,05/12/2024 02:40:00 AM,CAPITAL BELTWAY (WB/L),NA,"Sideswipe, Same Direction",Clear,Wet,Medium,No Controls,NONE DETECTED,No,Possible Minor Injury,NA,Unknown,MD,Passenger Car,Moving Constant Speed,55,No,2017,HONDA,ACCORD,39.0137005,-77.04923,2024,5,2
240022338,Property Damage Crash,05/12/2024 01:19:00 AM,RIVER RD (WB/L),NA,Angle,Rain,Wet,Medium,Flashing Traffic Control Signal,NONE DETECTED,No,No Apparent Injury,NA,Not Distracted,MD,Passenger Car,Accelerating,35,No,2009,TOYOTA,CAMRY,38.97318333,-77.12183833,2024,5,1
240022338,Property Damage Crash,05/12/2024 01:19:00 AM,RIVER RD (WB/L),NA,Angle,Rain,Wet,Medium,Flashing Traffic Control Signal,ALCOHOL PRESENT,No,No Apparent Injury,Other Improper Action,Not Distracted,VA,Passenger Car,Moving Constant Speed,35,No,2020,LINCOLN,CONTINENTAL,38.97318333,-77.12183833,2024,5,1
240022336,Property Damage Crash,05/12/2024 01:10:00 AM,NEW HAMPSHIRE AVE (SB/L),NA,Single Vehicle,Cloudy,Wet,Medium,No Controls,NONE DETECTED,No,No Apparent Injury,"Ran Off Roadway, Too Fast For Conditions",Unknown,MD,Station Wagon,Moving Constant Speed,45,No,2018,MAZDA,MAZDA3,39.0920786,-77.00054972,2024,5,1
240022341,Property Damage Crash,05/12/2024 01:00:00 AM,UNIVERSITY BLVD E (WB/L),NA,"Sideswipe, Same Direction",Rain,Wet,Medium,No Controls,NONE DETECTED,No,No Apparent Injury,NA,NA,NA,Passenger Car,Moving Constant Speed,35,No,0,NA,NA,39.00877033,-76.9988195,2024,5,1
240022341,Property Damage Crash,05/12/2024 01:00:00 AM,UNIVERSITY BLVD E (WB/L),NA,"Sideswipe, Same Direction",Rain,Wet,Medium,No Controls,NONE DETECTED,No,No Apparent Injury,Over-Correcting/Over-Steering,Not Distracted,MD,Passenger Car,Moving Constant Speed,35,No,2019,TOYOTA,COROLLA,39.00877033,-76.9988195,2024,5,1
240022330,Property Damage Crash,05/12/2024 12:25:00 AM,NEW HAMPSHIRE AVE,NA,"Sideswipe, Same Direction",Rain,Wet,Medium,No Controls,NONE DETECTED,No,No Apparent Injury,NA,Unknown,MD,Passenger Car,Moving Constant Speed,35,No,2020,TOYOTA,CAMRY,38.98758897,-76.98781995,2024,5,0
240022330,Property Damage Crash,05/12/2024 12:25:00 AM,NEW HAMPSHIRE AVE,NA,"Sideswipe, Same Direction",Rain,Wet,Medium,No Controls,NONE DETECTED,No,No Apparent Injury,NA,Unknown,MD,Passenger Car,Moving Constant Speed,35,No,2022,TESLA,MODEL 3,38.98758897,-76.98781995,2024,5,0
240022330,Property Damage Crash,05/12/2024 12:25:00 AM,NEW HAMPSHIRE AVE,NA,"Sideswipe, Same Direction",Rain,Wet,Medium,No Controls,NONE DETECTED,No,No Apparent Injury,NA,Unknown,MD,Sport Utility Vehicle,Moving Constant Speed,35,No,2020,TOYOTA,RAV4,38.98758897,-76.98781995,2024,5,0
240022332,Property Damage Crash,05/12/2024 12:24:00 AM,NA,NA,Front to Rear,Rain,"Water (standing, moving)",Medium,No Controls,ALCOHOL PRESENT,Yes,No Apparent Injury,"Followed Too Closely, Too Fast For Conditions",Not Distracted,MD,Passenger Car,Slowing or Stopping,35,No,2002,HONDA,CIVIC,39.00615933,-77.0974692,2024,5,0
240022332,Property Damage Crash,05/12/2024 12:24:00 AM,NA,NA,Front to Rear,Rain,"Water (standing, moving)",Medium,No Controls,NONE DETECTED,No,No Apparent Injury,NA,Not Distracted,MD,Passenger Car,Slowing or Stopping,35,No,2020,LEXUS,NX,39.00615933,-77.0974692,2024,5,0
240022322,Property Damage Crash,05/11/2024 09:21:00 PM,WITHAN DR,NA,Rear To Side,Rain,Wet,Medium,Pedestrian Crossing Sign,NONE DETECTED,Yes,No Apparent Injury,NA,Not Distracted,DC,Sport Utility Vehicle,Moving Constant Speed,35,No,2010,HONDA,CR-V,39.06572363,-76.97353559,2024,5,21
240022322,Property Damage Crash,05/11/2024 09:21:00 PM,WITHAN DR,NA,Rear To Side,Rain,Wet,Medium,Pedestrian Crossing Sign,NONE DETECTED,No,No Apparent Injury,NA,Not Distracted,MD,Pickup,Turning Left,35,No,2012,DODGE,RAM,39.06572363,-76.97353559,2024,5,21
240022317,Property Damage Crash,05/11/2024 09:19:00 PM,SHEFFIELD MANOR DR,NA,Other,Clear,Wet,Medium,No Controls,NONE DETECTED,Yes,NA,NA,NA,NA,Passenger Car,Accelerating,5,No,2013,HYUNDAI,SONATA,39.07724189,-76.93464212,2024,5,21
240022309,Property Damage Crash,05/11/2024 08:30:00 PM,HEMPSTONE AVE,NA,Angle,Clear,Wet,Medium,No Controls,ALCOHOL PRESENT,Yes,No Apparent Injury,"Operated Motor Vehicle in Inattentive, Careless, Negligent, or Erratic Manner, Operated Motor Vehicle in Reckless or Aggressive Manner, Ran Off Roadway, Too Fast For Conditions, Wrong Side",Unknown,MD,Passenger Car,Moving Constant Speed,25,No,2023,TESLA,MODEL 3,39.14141578,-77.40513132,2024,5,20
240022310,Property Damage Crash,05/11/2024 08:21:00 PM,E DIAMOND AVE,NA,Front to Rear,Clear,Wet,Medium,No Controls,NONE DETECTED,No,No Apparent Injury,Other Improper Action,Not Distracted,MD,Passenger Car,Moving Constant Speed,25,No,2020,TOYOTA,COROLLA,39.14191537,-77.19617548,2024,5,20
240022310,Property Damage Crash,05/11/2024 08:21:00 PM,E DIAMOND AVE,NA,Front to Rear,Clear,Wet,Medium,No Controls,ALCOHOL PRESENT,No,No Apparent Injury,NA,Unknown,MD,Sport Utility Vehicle,Turning Right,25,No,2017,JEEP,CHEROKEE,39.14191537,-77.19617548,2024,5,20
240022298,Property Damage Crash,05/11/2024 07:40:00 PM,BROADWOOD DR (NB/L),NA,Front to Rear,Clear,Wet,Daylight,Traffic Control Signal,NONE DETECTED,No,No Apparent Injury,NA,Not Distracted,MD,Passenger Car,Stopped in Traffic,40,No,2016,HONDA,CIVIC,39.07713791,-77.12356718,2024,5,19
240022298,Property Damage Crash,05/11/2024 07:40:00 PM,BROADWOOD DR (NB/L),NA,Front to Rear,Clear,Wet,Daylight,Traffic Control Signal,NONE DETECTED,Yes,No Apparent Injury,NA,Unknown,MD,Passenger Car,Slowing or Stopping,40,No,2010,HONDA,CIVIC,39.07713791,-77.12356718,2024,5,19
240022298,Property Damage Crash,05/11/2024 07:40:00 PM,BROADWOOD DR (NB/L),NA,Front to Rear,Clear,Wet,Daylight,Traffic Control Signal,NONE DETECTED,No,No Apparent Injury,NA,Not Distracted,MD,Passenger Car,Stopped in Traffic,40,No,2009,HONDA,CR-V,39.07713791,-77.12356718,2024,5,19
240022296,Property Damage Crash,05/11/2024 06:32:00 PM,WOODFIELD RD EXT,NA,Rear To Side,Rain,Wet,Daylight,Stop Sign,NONE DETECTED,Yes,No Apparent Injury,Failed to Yield Right-of-Way,Unknown,MD,Passenger Car,Entering Traffic Lane,35,No,2022,VOLKSWAGEN,JETTA,39.28979867,-77.20103623,2024,5,18
240022296,Property Damage Crash,05/11/2024 06:32:00 PM,WOODFIELD RD EXT,NA,Rear To Side,Rain,Wet,Daylight,No Controls,NONE DETECTED,No,No Apparent Injury,NA,Not Distracted,MD,Sport Utility Vehicle,Moving Constant Speed,35,No,2020,LEXUS,RX,39.28979867,-77.20103623,2024,5,18
240022292,Property Damage Crash,05/11/2024 06:30:00 PM,NA,Cyclist (non-electric),Single Vehicle,Rain,Wet,Daylight,Stop Sign,NONE DETECTED,No,No Apparent Injury,NA,Not Distracted,MD,Passenger Car,Stopped in Traffic,15,No,2023,MERCEDES-BENZ,GL-CLASS,39.14292619,-77.22252403,2024,5,18
240022284,Property Damage Crash,05/11/2024 06:08:00 PM,NA,NA,Other,Clear,Dry,Daylight,No Controls,NONE DETECTED,No,No Apparent Injury,NA,Not Distracted,MD,Sport Utility Vehicle,Parked,0,No,2014,FORD,EXPLORER,38.97514256,-77.0107544,2024,5,18
240022284,Property Damage Crash,05/11/2024 06:08:00 PM,NA,NA,Other,Clear,Dry,Daylight,No Controls,NONE DETECTED,No,No Apparent Injury,Improper Backing,Not Distracted,MD,Passenger Car,Backing,5,No,2012,HONDA,FIT,38.97514256,-77.0107544,2024,5,18
240022288,Injury Crash,05/11/2024 06:04:00 PM,GLENPARK DR,NA,Single Vehicle,Rain,Wet,Daylight,No Controls,NONE DETECTED,No,Possible Minor Injury,NA,Not Distracted,MD,Sport Utility Vehicle,Moving Constant Speed,35,No,2017,BMW,X3,39.03646197,-77.03823403,2024,5,18
240022288,Injury Crash,05/11/2024 06:04:00 PM,GLENPARK DR,NA,Single Vehicle,Rain,Wet,Daylight,No Controls,NONE DETECTED,No,Possible Minor Injury,Too Fast For Conditions,Unknown,NA,Sport Utility Vehicle,Moving Constant Speed,35,No,2017,CHEVROLET,EQUINOX,39.03646197,-77.03823403,2024,5,18
240022288,Injury Crash,05/11/2024 06:04:00 PM,GLENPARK DR,NA,Single Vehicle,Rain,Wet,Daylight,No Controls,NONE DETECTED,No,No Apparent Injury,NA,Not Distracted,MD,Bus - Transit,Moving Constant Speed,35,No,2002,BLUE BIRD,COMMERCIAL BUS,39.03646197,-77.03823403,2024,5,18
240022271,Injury Crash,05/11/2024 05:20:00 PM,FREDERICK RD,NA,Angle,Rain,Wet,Daylight,Stop Sign,NONE DETECTED,No,No Apparent Injury,NA,"Other Action (looking away from task, etc.)",MD,Passenger Car,Entering Traffic Lane,40,No,2017,TOYOTA,COROLLA,39.214996,-77.251416,2024,5,17
240022271,Injury Crash,05/11/2024 05:20:00 PM,FREDERICK RD,NA,Angle,Rain,Wet,Daylight,No Controls,NONE DETECTED,No,No Apparent Injury,NA,Not Distracted,MD,Passenger Car,Moving Constant Speed,40,No,2006,HONDA,ACCORD,39.214996,-77.251416,2024,5,17
240022272,Injury Crash,05/11/2024 05:10:00 PM,COLUMBIA PIKE,NA,Front to Front,Clear,Dry,Daylight,No Controls,NONE DETECTED,No,Possible Minor Injury,NA,Not Distracted,MD,Passenger Car,Moving Constant Speed,50,No,2015,LEXUS,RX,39.04952312,-76.98204983,2024,5,17
240022272,Injury Crash,05/11/2024 05:10:00 PM,COLUMBIA PIKE,NA,Front to Front,Clear,Dry,Daylight,No Controls,ALCOHOL PRESENT,Yes,Possible Minor Injury,NA,Unknown,MD,Passenger Car,Moving Constant Speed,50,No,2015,TOYOTA,TACOMA,39.04952312,-76.98204983,2024,5,17
240022272,Injury Crash,05/11/2024 05:10:00 PM,COLUMBIA PIKE,NA,Front to Front,Clear,Dry,Daylight,No Controls,NONE DETECTED,No,Possible Minor Injury,NA,Not Distracted,MD,Passenger Car,Moving Constant Speed,50,No,2023,MAZDA,CX-5,39.04952312,-76.98204983,2024,5,17
240022272,Injury Crash,05/11/2024 05:10:00 PM,COLUMBIA PIKE,NA,Front to Front,Clear,Dry,Daylight,No Controls,NONE DETECTED,No,No Apparent Injury,NA,Not Distracted,MD,Passenger Car,Moving Constant Speed,50,No,2014,HYUNDAI,ELANTRA,39.04952312,-76.98204983,2024,5,17
240022266,Injury Crash,05/11/2024 04:57:00 PM,SHADY GROVE RD,NA,Angle,Clear,Dry,Daylight,Traffic Control Signal,NONE DETECTED,No,Possible Minor Injury,NA,Not Distracted,MD,Passenger Car,Turning Left,30,No,2007,TOYOTA,COROLLA,39.11186655,-77.18704572,2024,5,16
240022266,Injury Crash,05/11/2024 04:57:00 PM,SHADY GROVE RD,NA,Angle,Clear,Dry,Daylight,Traffic Control Signal,NONE DETECTED,No,No Apparent Injury,NA,Not Distracted,MD,Passenger Car,Turning Left,30,No,2019,SUBARU,FORESTER,39.11186655,-77.18704572,2024,5,16
240022266,Injury Crash,05/11/2024 04:57:00 PM,SHADY GROVE RD,NA,Angle,Clear,Dry,Daylight,Traffic Control Signal,NONE DETECTED,No,No Apparent Injury,Ran Red Light,Unknown,MA,Passenger Car,Moving Constant Speed,40,No,2024,JEEP,WRANGLER,39.11186655,-77.18704572,2024,5,16
240022267,Injury Crash,05/11/2024 04:29:00 PM,NA,NA,Other,Clear,NA,Daylight,NA,NONE DETECTED,No,Possible Minor Injury,NA,Not Distracted,MD,Passenger Car,Moving Constant Speed,0,No,2019,VOLKSWAGEN,JETTA,39.06481425,-77.12607184,2024,5,16
240022267,Injury Crash,05/11/2024 04:29:00 PM,NA,NA,Other,Clear,NA,Daylight,NA,NONE DETECTED,No,No Apparent Injury,NA,Unknown,MD,Sport Utility Vehicle,Moving Constant Speed,0,No,2020,HYUNDAI,SANTA FE,39.06481425,-77.12607184,2024,5,16
240022263,Property Damage Crash,05/11/2024 04:14:00 PM,UNIVERSITY BLVD W,NA,"Sideswipe, Same Direction",Clear,Dry,Daylight,Traffic Control Signal,NONE DETECTED,No,No Apparent Injury,Failed to Yield Right-of-Way,Not Distracted,MD,Passenger Car,Leaving Traffic Lane,35,No,2020,TOYOTA,RAV4,39.03980373,-77.05567983,2024,5,16
240022263,Property Damage Crash,05/11/2024 04:14:00 PM,UNIVERSITY BLVD W,NA,"Sideswipe, Same Direction",Clear,Dry,Daylight,Traffic Control Signal,NONE DETECTED,No,NA,NA,NA,NA,Passenger Car,Accelerating,35,No,2015,HONDA,PILOT,39.03980373,-77.05567983,2024,5,16
240022259,Injury Crash,05/11/2024 03:36:00 PM,RAMP 8 FR RAMP 5 TO SHADY GROVE RD WB,NA,Rear To Side,Clear,Dry,Daylight,Traffic Control Signal,NONE DETECTED,No,Possible Minor Injury,NA,Not Distracted,MD,Passenger Car,Stopped in Traffic,45,No,2023,KIA,EV6,39.12962354,-77.16380156,2024,5,15
240022259,Injury Crash,05/11/2024 03:36:00 PM,RAMP 8 FR RAMP 5 TO SHADY GROVE RD WB,NA,Rear To Side,Clear,Dry,Daylight,Traffic Control Signal,NONE DETECTED,No,No Apparent Injury,NA,Not Distracted,MD,Passenger Car,Turning Left,55,No,2019,HONDA,FIT,39.12962354,-77.16380156,2024,5,15
240022259,Injury Crash,05/11/2024 03:36:00 PM,RAMP 8 FR RAMP 5 TO SHADY GROVE RD WB,NA,Rear To Side,Clear,Dry,Daylight,Traffic Control Signal,NONE DETECTED,No,No Apparent Injury,NA,Not Distracted,MD,Passenger Car,Turning Left,25,No,2013,HYUNDAI,ELANTRA,39.12962354,-77.16380156,2024,5,15
240022259,Injury Crash,05/11/2024 03:36:00 PM,RAMP 8 FR RAMP 5 TO SHADY GROVE RD WB,NA,Rear To Side,Clear,Dry,Daylight,Traffic Control Signal,NONE DETECTED,No,Possible Minor Injury,"Operated Motor Vehicle in Inattentive, Careless, Negligent, or Erratic Manner, Other Improper Action, Too Fast For Conditions",Unknown,MD,Pickup,Moving Constant Speed,35,No,2002,FORD,F-150,39.12962354,-77.16380156,2024,5,15
240022260,Injury Crash,05/11/2024 03:30:00 PM,RIVER RD,Cyclist (non-electric),Single Vehicle,Clear,Dry,Daylight,No Controls,NONE DETECTED,No,NA,NA,NA,NA,Unknown,NA,50,No,0,NA,NA,39.06425862,-77.30019961,2024,5,15
240022250,Property Damage Crash,05/11/2024 02:40:00 PM,UNIVERSITY BLVD E,NA,Front to Rear,Clear,Dry,Daylight,No Controls,NONE DETECTED,Yes,No Apparent Injury,NA,Not Distracted,NA,Passenger Car,Moving Constant Speed,30,No,2001,SUBARU,GT,38.99334133,-76.99397011,2024,5,14
240022250,Property Damage Crash,05/11/2024 02:40:00 PM,UNIVERSITY BLVD E,NA,Front to Rear,Clear,Dry,Daylight,No Controls,NONE DETECTED,No,No Apparent Injury,NA,Not Distracted,MD,Passenger Car,Moving Constant Speed,30,No,2011,ACURA,TSX,38.99334133,-76.99397011,2024,5,14
240022253,Property Damage Crash,05/11/2024 02:20:00 PM,SNOUFFERS SCHOOL RD,NA,Front to Front,Clear,Dry,Daylight,Traffic Control Signal,NONE DETECTED,No,No Apparent Injury,NA,Unknown,MD,Passenger Car,Turning Left,35,No,2016,KIA,OPTIMA,39.18769889,-77.18673767,2024,5,14
240022253,Property Damage Crash,05/11/2024 02:20:00 PM,SNOUFFERS SCHOOL RD,NA,Front to Front,Clear,Dry,Daylight,Traffic Control Signal,NONE DETECTED,No,No Apparent Injury,NA,Unknown,MD,Sport Utility Vehicle,Moving Constant Speed,35,No,2019,VOLKSWAGEN,TIGUAN,39.18769889,-77.18673767,2024,5,14
240022247,Property Damage Crash,05/11/2024 02:15:00 PM,NA,NA,Front to Rear,Clear,Dry,Daylight,No Controls,NONE DETECTED,Yes,No Apparent Injury,Followed Too Closely,Not Distracted,MD,Passenger Car,Moving Constant Speed,35,No,2014,TOYOTA,CAMRY,39.13991333,-77.13389833,2024,5,14
240022247,Property Damage Crash,05/11/2024 02:15:00 PM,NA,NA,Front to Rear,Clear,Dry,Daylight,No Controls,NONE DETECTED,No,No Apparent Injury,NA,Not Distracted,MD,Passenger Car,Slowing or Stopping,35,No,2020,CHEVROLET,SPARK,39.13991333,-77.13389833,2024,5,14
240022323,Property Damage Crash,05/11/2024 01:58:00 PM,NA,NA,Rear To Side,Clear,NA,Daylight,NA,NONE DETECTED,No,NA,NA,NA,NA,Passenger Car,Backing,0,No,2014,VOLVO,S80,38.96209758,-77.08794599,2024,5,13
240022237,Property Damage Crash,05/11/2024 01:15:00 PM,EISENHOWER MEMORIAL HWY,NA,Front to Rear,Clear,Dry,Daylight,No Controls,NONE DETECTED,No,No Apparent Injury,NA,Not Distracted,MD,Sport Utility Vehicle,Slowing or Stopping,55,No,2022,NISSAN,ROGUE SPORT,39.16179021,-77.23432348,2024,5,13
240022237,Property Damage Crash,05/11/2024 01:15:00 PM,EISENHOWER MEMORIAL HWY,NA,Front to Rear,Clear,Dry,Daylight,No Controls,NONE DETECTED,Yes,No Apparent Injury,NA,Unknown,CA,Passenger Car,Slowing or Stopping,55,No,2016,MERCEDES-BENZ,CLA-CLASS,39.16179021,-77.23432348,2024,5,13
240022254,Injury Crash,05/11/2024 12:37:00 PM,RIVER RD (WB/L),NA,Front to Rear,Clear,Dry,Daylight,Traffic Control Signal,NONE DETECTED,Yes,Possible Minor Injury,NA,Not Distracted,GA,Passenger Car,Moving Constant Speed,35,No,2013,BMW,328I,38.989224,-77.14949076,2024,5,12
240022254,Injury Crash,05/11/2024 12:37:00 PM,RIVER RD (WB/L),NA,Front to Rear,Clear,Dry,Daylight,Traffic Control Signal,NONE DETECTED,Yes,No Apparent Injury,NA,Unknown,MD,Single-Unit Truck,Slowing or Stopping,35,No,2004,FREIGHTLINER,UNKNOWN,38.989224,-77.14949076,2024,5,12
240022254,Injury Crash,05/11/2024 12:37:00 PM,RIVER RD (WB/L),NA,Front to Rear,Clear,Dry,Daylight,Traffic Control Signal,NONE DETECTED,No,No Apparent Injury,NA,Not Distracted,XX,Sport Utility Vehicle,Stopped in Traffic,35,No,2023,NISSAN,ROGUE,38.989224,-77.14949076,2024,5,12
240022228,Property Damage Crash,05/11/2024 10:48:00 AM,WARING STATION RD,NA,Angle,Clear,Dry,Daylight,Stop Sign,NONE DETECTED,Yes,No Apparent Injury,Failed to Yield Right-of-Way,Not Distracted,MD,Van - Passenger (&lt;9 Seats),Turning Right,15,No,2008,TOYOTA,SIENNA,39.17331322,-77.2536068,2024,5,10
240022228,Property Damage Crash,05/11/2024 10:48:00 AM,WARING STATION RD,NA,Angle,Clear,Dry,Daylight,No Controls,NONE DETECTED,No,No Apparent Injury,NA,Not Distracted,MD,Passenger Car,Moving Constant Speed,35,No,2018,TOYOTA,C-HR,39.17331322,-77.2536068,2024,5,10
240022222,Injury Crash,05/11/2024 10:36:00 AM,NA,NA,Single Vehicle,Clear,Dry,Daylight,No Controls,NONE DETECTED,No,Possible Minor Injury,NA,Unknown,MD,Passenger Car,Accelerating,35,No,2010,TOYOTA,CAMRY,39.09004724,-77.21352315,2024,5,10
24000865,Property Damage Crash,05/11/2024 10:30:00 AM,CAMPING RIDGE RD,NA,Front to Rear,Clear,Dry,Daylight,No Controls,NONE DETECTED,No,No Apparent Injury,NA,Unknown,MD,Sport Utility Vehicle,Backing,25,No,2018,HONDA,CR-V,39.25617494,-77.2880624,2024,5,10
24000865,Property Damage Crash,05/11/2024 10:30:00 AM,CAMPING RIDGE RD,NA,Front to Rear,Clear,Dry,Daylight,No Controls,NONE DETECTED,No,No Apparent Injury,NA,Not Distracted,MD,Sport Utility Vehicle,Stopped in Traffic,25,No,2015,SUBARU,OUTBACK,39.25617494,-77.2880624,2024,5,10
240022214,Property Damage Crash,05/11/2024 09:30:00 AM,BEECH TREE RD,Cyclist (non-electric),Single Vehicle,Clear,Dry,Daylight,Traffic Control Signal,NONE DETECTED,Yes,No Apparent Injury,Failed to Yield Right-of-Way,Not Distracted,MD,Passenger Car,Turning Left,35,No,2005,HONDA,CR-V,38.98625838,-77.14324522,2024,5,9
240021073,Property Damage Crash,05/11/2024 08:03:00 AM,CHIMNEY HOUSE CT,NA,"Sideswipe, Same Direction",Rain,Wet,Daylight,No Controls,ALCOHOL PRESENT,Yes,No Apparent Injury,Other Improper Action,Unknown,MD,Passenger Car,Moving Constant Speed,25,No,2010,MERCEDES-BENZ,E-CLASS,39.2698947,-77.20618792,2024,5,8
240022198,Property Damage Crash,05/11/2024 05:09:00 AM,NA,NA,Rear To Side,Clear,Dry,Daylight,Flashing Traffic Control Signal,NONE DETECTED,No,No Apparent Injury,NA,Not Distracted,MD,Other,Moving Constant Speed,35,No,2019,CHEVROLET,UNKNOWN,39.012016,-77.15997333,2024,5,5
240022198,Property Damage Crash,05/11/2024 05:09:00 AM,NA,NA,Rear To Side,Clear,Dry,Daylight,Flashing Traffic Control Signal,NONE DETECTED,No,No Apparent Injury,NA,Not Distracted,MD,Passenger Car,Moving Constant Speed,35,No,2020,MERCEDES-BENZ,S-CLASS,39.012016,-77.15997333,2024,5,5
240022195,Property Damage Crash,05/11/2024 03:07:00 AM,PARK AVE,NA,"Sideswipe, Same Direction",Clear,Dry,Medium,No Controls,NONE DETECTED,No,No Apparent Injury,NA,NA,NA,Passenger Car,Moving Constant Speed,15,No,0,NA,NA,39.14374749,-77.19500257,2024,5,3
240022193,Property Damage Crash,05/11/2024 02:50:00 AM,OLNEY SANDY SPRING RD (WB/L),NA,Front to Rear,Cloudy,Dry,Medium,No Controls,NONE DETECTED,No,NA,NA,NA,NA,Passenger Car,Overtaking/Passing,35,No,0,NA,NA,39.15031256,-77.06018754,2024,5,2
240022193,Property Damage Crash,05/11/2024 02:50:00 AM,OLNEY SANDY SPRING RD (WB/L),NA,Front to Rear,Cloudy,Dry,Medium,No Controls,NONE DETECTED,No,No Apparent Injury,NA,Not Distracted,MD,Sport Utility Vehicle,Moving Constant Speed,35,No,2011,JEEP,COMPASS,39.15031256,-77.06018754,2024,5,2
240022190,Property Damage Crash,05/11/2024 12:45:00 AM,INTERCOUNTY CONNECTOR (WB/L),NA,Single Vehicle,Clear,Dry,Medium,No Controls,NONE DETECTED,No,No Apparent Injury,NA,Not Distracted,MD,Passenger Car,Moving Constant Speed,55,No,2018,FORD,TAURUS,39.11590428,-77.06431765,2024,5,0
240022188,Injury Crash,05/11/2024 12:30:00 AM,NA,NA,Other,Rain,Wet,Medium,Lane Use Control Signal,NONE DETECTED,No,No Apparent Injury,NA,Not Distracted,MD,Passenger Car,Moving Constant Speed,35,No,2013,FORD,F-150,38.99666041,-77.02752859,2024,5,0
240022188,Injury Crash,05/11/2024 12:30:00 AM,NA,NA,Other,Rain,Wet,Medium,Lane Use Control Signal,NONE DETECTED,Yes,Possible Minor Injury,NA,Not Distracted,MD,Passenger Car,Making U-Turn,35,No,2021,GENESIS,G70,38.99666041,-77.02752859,2024,5,0