Local Case Number,ACRS Report Type,Crash Date/Time,Road Name,Related Non-Motorist,Collision Type,Weather,Surface Condition,Light,Traffic Control,Driver Substance Abuse,Driver At Fault,Injury Severity,Circumstance,Driver Distracted By,Drivers License State,Vehicle Body Type,Vehicle Movement,Speed Limit,Driverless Vehicle,Vehicle Year,Vehicle Make,Vehicle Model,Latitude,Longitude,Year,Month,Hour
240021968,Injury Crash,05/09/2024 08:47:00 PM,NA,NA,"Sideswipe, Opposite Direction",Clear,Dry,Dark,No Controls,NONE DETECTED,Yes,No Apparent Injury,NA,Unknown,MD,Passenger Car,Moving Constant Speed,45,No,2020,FORD,MUSTANG,39.15640308,-77.26590726,2024,5,20
240021968,Injury Crash,05/09/2024 08:47:00 PM,NA,NA,"Sideswipe, Opposite Direction",Clear,Dry,Dark,No Controls,NONE DETECTED,No,Possible Minor Injury,NA,Unknown,MD,Passenger Car,Moving Constant Speed,45,No,2006,TOYOTA,PRIUS,39.15640308,-77.26590726,2024,5,20
240021966,Property Damage Crash,05/09/2024 07:50:00 PM,SCOTT DR,NA,Single Vehicle,Clear,Dry,Daylight,No Controls,NONE DETECTED,No,No Apparent Injury,NA,Not Distracted,VA,Passenger Car,NA,25,No,2019,HYUNDAI,SANTA FE,39.07338225,-77.18552635,2024,5,19
240021954,Property Damage Crash,05/09/2024 06:50:00 PM,GLENALLAN AVE,NA,Front to Rear,Cloudy,Dry,Daylight,Traffic Control Signal,NONE DETECTED,No,No Apparent Injury,NA,Not Distracted,MD,Pickup,Slowing or Stopping,35,No,2017,GMC,SIERRA,39.06064494,-77.04500099,2024,5,18
240021954,Property Damage Crash,05/09/2024 06:50:00 PM,GLENALLAN AVE,NA,Front to Rear,Cloudy,Dry,Daylight,Traffic Control Signal,NONE DETECTED,Yes,No Apparent Injury,Followed Too Closely,Not Distracted,VA,Pickup,Slowing or Stopping,35,No,2002,FORD,RANGER,39.06064494,-77.04500099,2024,5,18
240021923,Property Damage Crash,05/09/2024 04:55:00 PM,QUINCE ORCHARD RD (SB/L),NA,Front to Rear,Cloudy,Dry,Daylight,Yield Sign,NONE DETECTED,Yes,No Apparent Injury,NA,Unknown,MD,Passenger Car,Moving Constant Speed,35,No,2016,FORD,TAURUS,39.142515,-77.22084679,2024,5,16
240021923,Property Damage Crash,05/09/2024 04:55:00 PM,QUINCE ORCHARD RD (SB/L),NA,Front to Rear,Cloudy,Dry,Daylight,Yield Sign,NONE DETECTED,No,No Apparent Injury,NA,Not Distracted,VA,Passenger Car,Moving Constant Speed,35,No,2022,TESLA,MODEL Y,39.142515,-77.22084679,2024,5,16
240021928,Property Damage Crash,05/09/2024 04:25:00 PM,10TH AVE,NA,"Sideswipe, Opposite Direction",Clear,Dry,Daylight,No Controls,NONE DETECTED,Yes,No Apparent Injury,NA,Not Distracted,MD,Bus - School,Moving Constant Speed,25,No,2019,FREIGHTLINER,B2 BUS CHASSIS,38.99557508,-76.99136216,2024,5,16
240021904,Property Damage Crash,05/09/2024 03:00:00 PM,BRIGHT MEADOW DR,NA,"Sideswipe, Same Direction",Clear,Dry,Daylight,No Controls,NONE DETECTED,No,No Apparent Injury,NA,Not Distracted,MD,Bus - School,Stopped in Traffic,25,No,2014,THOMAS BUILT,UNKNOWN,39.1159726,-77.23215322,2024,5,15
240021904,Property Damage Crash,05/09/2024 03:00:00 PM,BRIGHT MEADOW DR,NA,"Sideswipe, Same Direction",Clear,Dry,Daylight,No Controls,NONE DETECTED,Yes,No Apparent Injury,Failed to Keep in Proper Lane,Unknown,MD,Passenger Car,Overtaking/Passing,25,No,2010,LEXUS,ES,39.1159726,-77.23215322,2024,5,15
240021909,Property Damage Crash,05/09/2024 02:58:00 PM,CLARIDGE RD,NA,"Sideswipe, Same Direction",Clear,Dry,Daylight,No Controls,NONE DETECTED,Yes,No Apparent Injury,Other Improper Action,Not Distracted,MD,Bus - Transit,Negotiating a Curve,25,No,2013,GILLIG,CITY TRANSIT BUS,39.05359304,-77.06380381,2024,5,14
240021891,Property Damage Crash,05/09/2024 02:19:00 PM,NA,NA,"Sideswipe, Same Direction",Clear,NA,Daylight,NA,DRUG AND ALCOHOL CONTRIBUTED,Yes,No Apparent Injury,NA,Unknown,GA,Sport Utility Vehicle,Moving Constant Speed,0,No,2018,NISSAN,ROGUE,39.104173,-77.07531177,2024,5,14
240021883,Property Damage Crash,05/09/2024 01:46:00 PM,NA,NA,Angle,Clear,NA,Daylight,NA,NONE DETECTED,No,NA,NA,NA,NA,Passenger Car,Accelerating,0,No,2012,FORD,ESCAPE,39.05304521,-77.10712841,2024,5,13
240021888,Property Damage Crash,05/09/2024 01:38:00 PM,MONTGOMERY VILLAGE AVE (SB/L),NA,"Sideswipe, Same Direction",Cloudy,Dry,Daylight,"Person (including flagger, law enforcement, crossing guard, etc.",NONE DETECTED,No,NA,NA,NA,NA,Passenger Car,Changing Lanes,35,No,2004,HONDA,CIVIC,39.17279891,-77.20375004,2024,5,13
240021888,Property Damage Crash,05/09/2024 01:38:00 PM,MONTGOMERY VILLAGE AVE (SB/L),NA,"Sideswipe, Same Direction",Cloudy,Dry,Daylight,"Person (including flagger, law enforcement, crossing guard, etc.",NONE DETECTED,No,No Apparent Injury,NA,Not Distracted,MD,Passenger Car,Slowing or Stopping,35,No,1998,TOYOTA,COROLLA,39.17279891,-77.20375004,2024,5,13
240021890,Property Damage Crash,05/09/2024 01:19:00 PM,NA,NA,Front to Front,Clear,NA,Daylight,NA,NONE DETECTED,No,NA,NA,NA,NA,Other,Backing,0,No,2021,RAM,UNKNOWN,39.13979523,-77.03631097,2024,5,13
240021945,Injury Crash,05/09/2024 12:00:00 PM,NA,Pedestrian,Single Vehicle,Cloudy,NA,Daylight,NA,NONE DETECTED,No,No Apparent Injury,NA,NA,NA,Truck Tractor,Backing,0,No,0,NA,NA,39.14057149,-77.19994739,2024,5,12
240021833,Injury Crash,05/09/2024 09:40:00 AM,ROCKVILLE PIKE (SB/L),NA,"Sideswipe, Same Direction",Cloudy,Dry,Daylight,Other,NONE DETECTED,No,Possible Minor Injury,"Improper Passing, Improper Turn",Not Distracted,MD,Passenger Car,Changing Lanes,35,No,2016,ACURA,TL,39.08030223,-77.1441654,2024,5,9
240021833,Injury Crash,05/09/2024 09:40:00 AM,ROCKVILLE PIKE (SB/L),NA,"Sideswipe, Same Direction",Cloudy,Dry,Daylight,No Controls,NONE DETECTED,No,Possible Minor Injury,NA,Not Distracted,MD,Passenger Car,Moving Constant Speed,35,No,2013,KIA,OPTIMA,39.08030223,-77.1441654,2024,5,9
240021822,Property Damage Crash,05/09/2024 08:06:00 AM,ARLINGTON RD,NA,Angle,Cloudy,Dry,Daylight,No Controls,NONE DETECTED,No,No Apparent Injury,NA,Not Distracted,MD,Passenger Car,Turning Left,25,No,2018,AUDI,A4,38.98268118,-77.0984987,2024,5,8
240021822,Property Damage Crash,05/09/2024 08:06:00 AM,ARLINGTON RD,NA,Angle,Cloudy,Dry,Daylight,Stop Sign,NONE DETECTED,Yes,No Apparent Injury,NA,Not Distracted,VA,Passenger Car,Accelerating,25,No,2024,FORD,MUSTANG,38.98268118,-77.0984987,2024,5,8
240021823,Property Damage Crash,05/09/2024 08:00:00 AM,NA,NA,Other,Cloudy,Dry,Daylight,No Controls,NONE DETECTED,No,No Apparent Injury,NA,Not Distracted,MD,Passenger Car,Stopped in Traffic,25,No,2015,HONDA,ACCORD,39.06512833,-77.071745,2024,5,8
240021823,Property Damage Crash,05/09/2024 08:00:00 AM,NA,NA,Other,Cloudy,Dry,Daylight,No Controls,NONE DETECTED,Yes,No Apparent Injury,NA,Not Distracted,MD,Bus - School,Turning Right,25,No,2013,THOMAS BUILT,SCHOOL BUS,39.06512833,-77.071745,2024,5,8
240021816,Injury Crash,05/09/2024 06:10:00 AM,ROLLINS AVE,NA,Other,Cloudy,Dry,Daylight,Traffic Control Signal,NONE DETECTED,No,Possible Minor Injury,NA,Not Distracted,VA,Passenger Car,Accelerating,25,No,2016,NISSAN,FRONTIER,39.05885106,-77.12151499,2024,5,6
240021816,Injury Crash,05/09/2024 06:10:00 AM,ROLLINS AVE,NA,Other,Cloudy,Dry,Daylight,Traffic Control Signal,NONE DETECTED,No,No Apparent Injury,NA,Not Distracted,MD,Passenger Car,Moving Constant Speed,35,No,2021,LEXUS,RX,39.05885106,-77.12151499,2024,5,6
240021809,Property Damage Crash,05/09/2024 02:55:00 AM,UNIVERSITY BLVD W (WB/L),NA,Angle,Clear,Dry,Medium,Flashing Traffic Control Signal,NONE DETECTED,Yes,No Apparent Injury,Failed to Yield Right-of-Way,Unknown,IL,Sport Utility Vehicle,Moving Constant Speed,35,No,2020,NISSAN,ROGUE SPORT,39.03728587,-77.03868409,2024,5,2
240021809,Property Damage Crash,05/09/2024 02:55:00 AM,UNIVERSITY BLVD W (WB/L),NA,Angle,Clear,Dry,Medium,Flashing Traffic Control Signal,NONE DETECTED,No,No Apparent Injury,NA,Not Distracted,MD,Van - Passenger (&lt;9 Seats),Moving Constant Speed,35,No,2014,DODGE,JOURNEY,39.03728587,-77.03868409,2024,5,2
240021801,Property Damage Crash,05/08/2024 10:58:00 PM,MICHELSON RD,NA,"Sideswipe, Same Direction",Clear,Dry,Medium,Traffic Control Signal,NONE DETECTED,No,NA,NA,NA,NA,Pickup,Changing Lanes,45,No,2014,TOYOTA,TUNDRA,39.03682291,-76.98910189,2024,5,22
240021801,Property Damage Crash,05/08/2024 10:58:00 PM,MICHELSON RD,NA,"Sideswipe, Same Direction",Clear,Dry,Medium,Traffic Control Signal,NONE DETECTED,No,No Apparent Injury,NA,Not Distracted,MD,Passenger Car,Stopped in Traffic,45,No,2016,TOYOTA,CAMRY,39.03682291,-76.98910189,2024,5,22
240021798,Property Damage Crash,05/08/2024 10:23:00 PM,S FREDERICK RD (SB/L),NA,Front to Rear,Clear,Dry,Dark,Traffic Control Signal,NONE DETECTED,No,NA,NA,NA,NA,Passenger Car,Moving Constant Speed,30,No,2013,DODGE,CHARGER,39.13597137,-77.19237229,2024,5,22
240021798,Property Damage Crash,05/08/2024 10:23:00 PM,S FREDERICK RD (SB/L),NA,Front to Rear,Clear,Dry,Dark,Traffic Control Signal,NONE DETECTED,No,No Apparent Injury,NA,Not Distracted,MD,Passenger Car,Stopped in Traffic,30,No,2023,TOYOTA,COROLLA,39.13597137,-77.19237229,2024,5,22
240021770,Injury Crash,05/08/2024 07:10:00 PM,SENECA MEADOWS PKWY,NA,Rear To Side,Clear,Dry,Daylight,Traffic Control Signal,NONE DETECTED,No,Possible Minor Injury,NA,Not Distracted,MD,Sport Utility Vehicle,Moving Constant Speed,30,No,2015,TOYOTA,RAV4,39.188475,-77.25168333,2024,5,19
240021770,Injury Crash,05/08/2024 07:10:00 PM,SENECA MEADOWS PKWY,NA,Rear To Side,Clear,Dry,Daylight,Traffic Control Signal,NONE DETECTED,Yes,No Apparent Injury,NA,Not Distracted,MD,Sport Utility Vehicle,Turning Left,30,No,2018,HONDA,CR-V,39.188475,-77.25168333,2024,5,19
240021755,Property Damage Crash,05/08/2024 05:50:00 PM,NA,NA,Single Vehicle,Clear,NA,Daylight,NA,NONE DETECTED,Yes,No Apparent Injury,Improper Backing,Not Distracted,NA,Passenger Car,Backing,0,No,2024,TOYOTA,CAMRY,39.10564682,-77.08978435,2024,5,17
240021733,Property Damage Crash,05/08/2024 04:50:00 PM,DALE DR,NA,"Sideswipe, Same Direction",Clear,Dry,Daylight,No Controls,NONE DETECTED,Yes,No Apparent Injury,NA,Not Distracted,MD,Pickup,Accelerating,35,No,2021,FORD,F-350,39.005167,-77.02270217,2024,5,16
240021733,Property Damage Crash,05/08/2024 04:50:00 PM,DALE DR,NA,"Sideswipe, Same Direction",Clear,Dry,Daylight,No Controls,NONE DETECTED,No,No Apparent Injury,NA,Not Distracted,MD,Bus - Transit,Accelerating,35,No,2016,GILLIG,CITY TRANSIT BUS,39.005167,-77.02270217,2024,5,16
240021732,Property Damage Crash,05/08/2024 04:44:00 PM,RANDOLPH RD (WB/L),NA,Rear To Side,Clear,Dry,Daylight,No Controls,NONE DETECTED,Yes,No Apparent Injury,NA,Not Distracted,NA,Passenger Car,Turning Right,5,No,2016,TOYOTA,RAV4,39.0534542,-77.10765581,2024,5,16
240021732,Property Damage Crash,05/08/2024 04:44:00 PM,RANDOLPH RD (WB/L),NA,Rear To Side,Clear,Dry,Daylight,No Controls,NONE DETECTED,No,No Apparent Injury,NA,Not Distracted,MD,Passenger Car,Moving Constant Speed,35,No,2018,AUDI,A6,39.0534542,-77.10765581,2024,5,16
240021736,Property Damage Crash,05/08/2024 04:30:00 PM,11TH AVE,NA,Angle,Clear,Dry,Daylight,Stop Sign,NONE DETECTED,Yes,No Apparent Injury,NA,Not Distracted,DC,Bus - Transit,Turning Right,25,No,2016,GILLIG,CITY TRANSIT BUS,38.99696537,-76.99045777,2024,5,16
240021727,Property Damage Crash,05/08/2024 04:30:00 PM,NA,NA,"Sideswipe, Same Direction",Clear,NA,Daylight,NA,NONE DETECTED,Yes,No Apparent Injury,NA,Not Distracted,MD,Bus - School,Accelerating,0,No,2024,THOMAS BUILT,SCHOOL BUS,38.98371313,-77.00446384,2024,5,16
240021737,Property Damage Crash,05/08/2024 04:28:00 PM,NA,NA,Front to Front,Clear,NA,Daylight,NA,NONE DETECTED,Yes,No Apparent Injury,NA,Not Distracted,PA,Passenger Car,Accelerating,0,No,2024,LEXUS,NX,39.03058778,-77.11296393,2024,5,16
240021723,Property Damage Crash,05/08/2024 04:27:00 PM,NORBECK RD,NA,Front to Front,Clear,Dry,Daylight,Traffic Control Signal,NONE DETECTED,Yes,No Apparent Injury,NA,Not Distracted,MD,Passenger Car,Turning Left,35,No,2010,TOYOTA,COROLLA,39.09605983,-77.10975283,2024,5,16
240021723,Property Damage Crash,05/08/2024 04:27:00 PM,NORBECK RD,NA,Front to Front,Clear,Dry,Daylight,Traffic Control Signal,NONE DETECTED,No,No Apparent Injury,NA,Not Distracted,MD,Passenger Car,Moving Constant Speed,35,No,2008,TOYOTA,RAV4,39.09605983,-77.10975283,2024,5,16
240021751,Property Damage Crash,05/08/2024 03:30:00 PM,NA,NA,Angle,Clear,NA,Daylight,NA,NONE DETECTED,Yes,No Apparent Injury,NA,Not Distracted,DC,Van - Cargo,Turning Right,0,No,2020,DODGE,SPRINTER,38.99833397,-77.00419406,2024,5,15
240021751,Property Damage Crash,05/08/2024 03:30:00 PM,NA,NA,Angle,Clear,NA,Daylight,NA,NONE DETECTED,No,No Apparent Injury,NA,Not Distracted,MD,Passenger Car,Parked,0,No,2021,TOYOTA,COROLLA,38.99833397,-77.00419406,2024,5,15
240021707,Property Damage Crash,05/08/2024 03:30:00 PM,NA,NA,"Sideswipe, Same Direction",Clear,NA,Daylight,NA,NONE DETECTED,No,NA,NA,NA,NA,Passenger Car,Moving Constant Speed,0,No,2005,TOYOTA,SIENNA,38.98595483,-77.02721133,2024,5,15
240021707,Property Damage Crash,05/08/2024 03:30:00 PM,NA,NA,"Sideswipe, Same Direction",Clear,NA,Daylight,NA,NONE DETECTED,No,No Apparent Injury,NA,Not Distracted,MD,Passenger Car,Parked,0,No,2017,HONDA,CR-V,38.98595483,-77.02721133,2024,5,15
240021709,Property Damage Crash,05/08/2024 03:23:00 PM,NA,NA,Front to Rear,Clear,Dry,Daylight,No Controls,NONE DETECTED,No,No Apparent Injury,NA,Not Distracted,MD,Van - Cargo,Slowing or Stopping,45,No,2017,FORD,UNKNOWN,39.10897326,-76.92326844,2024,5,15
240021709,Property Damage Crash,05/08/2024 03:23:00 PM,NA,NA,Front to Rear,Clear,Dry,Daylight,No Controls,NONE DETECTED,No,No Apparent Injury,NA,Not Distracted,MD,Passenger Car,Moving Constant Speed,45,No,2008,INFINITI,G35,39.10897326,-76.92326844,2024,5,15
240021743,Property Damage Crash,05/08/2024 03:10:00 PM,NA,NA,Front to Rear,Clear,NA,Daylight,NA,NONE DETECTED,No,NA,NA,NA,NA,Sport Utility Vehicle,Accelerating,0,No,2023,NISSAN,ROGUE,38.97959481,-77.09880669,2024,5,15
240021754,Property Damage Crash,05/08/2024 03:10:00 PM,NA,NA,Other,Clear,NA,Daylight,NA,NONE DETECTED,No,NA,NA,NA,NA,Sport Utility Vehicle,Moving Constant Speed,0,No,2015,JEEP,LIBERTY,39.17690994,-77.26529167,2024,5,15
240021717,Property Damage Crash,05/08/2024 03:02:00 PM,NA,NA,"Sideswipe, Same Direction",Clear,Dry,Daylight,No Controls,NONE DETECTED,Yes,No Apparent Injury,Other Improper Action,Not Distracted,MD,Sport Utility Vehicle,Changing Lanes,30,No,2018,TOYOTA,RAV4,39.06443828,-77.1159003,2024,5,15
240021717,Property Damage Crash,05/08/2024 03:02:00 PM,NA,NA,"Sideswipe, Same Direction",Clear,Dry,Daylight,No Controls,NONE DETECTED,No,No Apparent Injury,NA,Not Distracted,MD,Bus - School,Moving Constant Speed,30,No,2014,THOMAS BUILT,SCHOOL BUS,39.06443828,-77.1159003,2024,5,15
240021694,Property Damage Crash,05/08/2024 02:12:00 PM,WASHINGTONIAN BLVD,NA,Single Vehicle,Clear,Dry,Daylight,No Controls,NONE DETECTED,No,No Apparent Injury,Ran Off Roadway,Unknown,MD,Passenger Car,Moving Constant Speed,25,No,2023,TESLA,MODEL Y,39.11331936,-77.19265638,2024,5,14
240021693,Injury Crash,05/08/2024 02:02:00 PM,GLENMONT SHOPPING CTR CUT THRU CUT,NA,Angle,Clear,Dry,Daylight,No Controls,NONE DETECTED,No,Possible Minor Injury,NA,Not Distracted,MD,Passenger Car,Moving Constant Speed,35,No,2022,KIA,K5,39.05936884,-77.05051089,2024,5,14
240021693,Injury Crash,05/08/2024 02:02:00 PM,GLENMONT SHOPPING CTR CUT THRU CUT,NA,Angle,Clear,Dry,Daylight,No Controls,NONE DETECTED,Yes,No Apparent Injury,NA,Unknown,MD,Van - Passenger (&lt;9 Seats),Entering Traffic Lane,35,No,2018,CHRYSLER,PACIFICA,39.05936884,-77.05051089,2024,5,14
2400212674,Injury Crash,05/08/2024 12:24:00 PM,NA,Pedestrian,Single Vehicle,Clear,NA,Daylight,NA,NONE DETECTED,No,No Apparent Injury,Other Improper Action,Unknown,NA,Passenger Car,Backing,0,No,0,NA,NA,39.12543775,-77.23810775,2024,5,12
240021671,Property Damage Crash,05/08/2024 12:23:00 PM,CONNECTICUT AVE (SB/L),NA,Angle,Clear,Dry,Daylight,Traffic Control Signal,NONE DETECTED,No,No Apparent Injury,NA,Not Distracted,MD,Passenger Car,Moving Constant Speed,35,No,2017,HONDA,ACCORD,39.0918355,-77.0704795,2024,5,12
240021671,Property Damage Crash,05/08/2024 12:23:00 PM,CONNECTICUT AVE (SB/L),NA,Angle,Clear,Dry,Daylight,Traffic Control Signal,NONE DETECTED,No,No Apparent Injury,NA,Not Distracted,MD,Passenger Car,Turning Left,35,No,2007,HONDA,CIVIC,39.0918355,-77.0704795,2024,5,12
240021721,Property Damage Crash,05/08/2024 12:00:00 PM,NA,NA,Other,Clear,NA,Daylight,NA,NONE DETECTED,No,NA,NA,NA,NA,Sport Utility Vehicle,Backing,0,No,2014,FORD,EDGE,39.28963446,-77.20214777,2024,5,12
24000842,Property Damage Crash,05/08/2024 11:45:00 AM,GEORGIA AVE,NA,"Sideswipe, Same Direction",Clear,Dry,Daylight,No Controls,NONE DETECTED,No,NA,NA,NA,NA,Single-Unit Truck,Overtaking/Passing,35,No,0,NA,NA,39.03001224,-77.04759073,2024,5,11
24000842,Property Damage Crash,05/08/2024 11:45:00 AM,GEORGIA AVE,NA,"Sideswipe, Same Direction",Clear,Dry,Daylight,No Controls,NONE DETECTED,No,No Apparent Injury,NA,Not Distracted,MD,Pickup,Stopped in Traffic,35,No,2016,FORD,F-350,39.03001224,-77.04759073,2024,5,11
240021636,Property Damage Crash,05/08/2024 09:51:00 AM,LOCBURY DR,NA,"Sideswipe, Same Direction",Clear,Dry,Daylight,No Controls,NONE DETECTED,Yes,No Apparent Injury,"Operated Motor Vehicle in Inattentive, Careless, Negligent, or Erratic Manner, Other Improper Action",Unknown,MD,Sport Utility Vehicle,Moving Constant Speed,30,No,2023,HYUNDAI,SANTA FE,39.18373733,-77.268336,2024,5,9
240021633,Property Damage Crash,05/08/2024 09:45:00 AM,EGGERT DR,NA,Angle,Clear,Dry,Daylight,No Controls,NONE DETECTED,No,No Apparent Injury,NA,Not Distracted,MD,Van - Passenger (&lt;9 Seats),Moving Constant Speed,30,No,2017,TOYOTA,SIENNA,38.97899,-77.17872167,2024,5,9
240021633,Property Damage Crash,05/08/2024 09:45:00 AM,EGGERT DR,NA,Angle,Clear,Dry,Daylight,No Controls,NONE DETECTED,Yes,No Apparent Injury,Failed to Yield Right-of-Way,Not Distracted,MD,Sport Utility Vehicle,Turning Left,30,No,2013,CHEVROLET,TRAVERSE,38.97899,-77.17872167,2024,5,9
240021879,Property Damage Crash,05/08/2024 09:00:00 AM,UNIVERSITY BLVD E,NA,"Sideswipe, Same Direction",Clear,Dry,Daylight,No Controls,NONE DETECTED,No,NA,NA,NA,NA,Passenger Car,Changing Lanes,40,No,2019,TOYOTA,TACOMA,38.99301773,-77.00457778,2024,5,9
240021879,Property Damage Crash,05/08/2024 09:00:00 AM,UNIVERSITY BLVD E,NA,"Sideswipe, Same Direction",Clear,Dry,Daylight,No Controls,NONE DETECTED,No,No Apparent Injury,NA,Not Distracted,MD,Passenger Car,Moving Constant Speed,40,No,2015,TOYOTA,RAV4,38.99301773,-77.00457778,2024,5,9
240021614,Property Damage Crash,05/08/2024 08:07:00 AM,FERRARA AVE,NA,"Sideswipe, Same Direction",Clear,Dry,Daylight,Traffic Control Signal,NONE DETECTED,No,No Apparent Injury,NA,Not Distracted,NA,Passenger Car,Turning Right,15,No,2024,TOYOTA,CAMRY,39.05297803,-77.07694634,2024,5,8
240021614,Property Damage Crash,05/08/2024 08:07:00 AM,FERRARA AVE,NA,"Sideswipe, Same Direction",Clear,Dry,Daylight,Traffic Control Signal,NONE DETECTED,No,No Apparent Injury,NA,Not Distracted,MD,Bus - Transit,Moving Constant Speed,35,No,2013,NEW FLYER,XCELSIOR,39.05297803,-77.07694634,2024,5,8
240021608,Fatal Crash,05/08/2024 05:37:00 AM,NORBECK RD (WB/L),Pedestrian,Single Vehicle,Clear,Dry,Medium,Traffic Control Signal,NONE DETECTED,Yes,No Apparent Injury,"Operated Motor Vehicle in Inattentive, Careless, Negligent, or Erratic Manner, Other Improper Action",Unknown,MD,Passenger Car,NA,40,No,2007,BMW,328I,39.10906085,-77.08024981,2024,5,5
240021622,Property Damage Crash,05/08/2024 05:36:00 AM,MUNCASTER MILL RD (WB/L),NA,Single Vehicle,Clear,Dry,Medium,Traffic Control Signal,NONE DETECTED,No,No Apparent Injury,"Failed to Keep in Proper Lane, Wrong Side",Unknown,MD,Van - Passenger (&lt;9 Seats),NA,35,No,2015,FORD,TRANSIT,39.10907156,-77.0801457,2024,5,5
240021594,Fatal Crash,05/08/2024 12:44:00 AM,BRIGGS CHANEY RD,NA,Rear To Side,Clear,Dry,Medium,Flashing Traffic Control Signal,NONE DETECTED,Yes,Possible Minor Injury,NA,Unknown,VA,Passenger Car,Turning Right,35,No,2006,HONDA,ACCORD,39.07428492,-76.93988219,2024,5,0
240021594,Fatal Crash,05/08/2024 12:44:00 AM,BRIGGS CHANEY RD,NA,Rear To Side,Clear,Dry,Medium,Flashing Traffic Control Signal,NONE DETECTED,No,Possible Minor Injury,NA,Not Distracted,MD,Passenger Car,Moving Constant Speed,35,No,2023,VOLKSWAGEN,ID.4,39.07428492,-76.93988219,2024,5,0
240021587,Injury Crash,05/07/2024 11:15:00 PM,UNIVERSITY BLVD W,NA,Angle,Clear,Dry,Medium,Traffic Control Signal,NONE DETECTED,No,Possible Minor Injury,NA,Not Distracted,MD,Passenger Car,Moving Constant Speed,40,No,2017,SUBARU,CROSSTREK,39.01975741,-77.0133749,2024,5,23
240021587,Injury Crash,05/07/2024 11:15:00 PM,UNIVERSITY BLVD W,NA,Angle,Clear,Dry,Medium,Traffic Control Signal,NONE DETECTED,Yes,No Apparent Injury,Ran Red Light,Unknown,VA,Passenger Car,Moving Constant Speed,40,No,2012,FORD,TAURUS,39.01975741,-77.0133749,2024,5,23
240021584,Property Damage Crash,05/07/2024 10:33:00 PM,NA,NA,Single Vehicle,Clear,Dry,Medium,No Controls,NONE DETECTED,No,No Apparent Injury,Operated Motor Vehicle in Reckless or Aggressive Manner,Talking/listening,MD,Passenger Car,Accelerating,25,No,2008,ACURA,TL,39.08974582,-76.94721244,2024,5,22
240021581,Property Damage Crash,05/07/2024 10:13:00 PM,GREAT SENECA HWY,NA,Front to Rear,Cloudy,Dry,Medium,No Controls,ALCOHOL PRESENT,No,No Apparent Injury,"Failed to Keep in Proper Lane, Over-Correcting/Over-Steering, Too Fast For Conditions",Not Distracted,MD,Passenger Car,Moving Constant Speed,55,No,2007,MERCEDES-BENZ,E-CLASS,39.14010113,-77.2695256,2024,5,22
240021575,Property Damage Crash,05/07/2024 09:21:00 PM,JONES MILL RD,NA,Front to Front,Clear,Dry,Medium,Yield Sign,NONE DETECTED,No,No Apparent Injury,NA,Not Distracted,DC,Station Wagon,Entering Traffic Lane,35,No,2015,VOLKSWAGEN,JETTA SPORTWAGEN,38.9932471,-77.06348501,2024,5,21
240021575,Property Damage Crash,05/07/2024 09:21:00 PM,JONES MILL RD,NA,Front to Front,Clear,Dry,Medium,Traffic Control Signal,NONE DETECTED,No,NA,NA,NA,NA,Unknown,Moving Constant Speed,35,No,0,NA,NA,38.9932471,-77.06348501,2024,5,21
240021573,Property Damage Crash,05/07/2024 09:20:00 PM,NA,NA,Other,Clear,NA,Medium,NA,NONE DETECTED,No,No Apparent Injury,Other Improper Action,Unknown,MD,Passenger Car,Backing,0,No,2023,TOYOTA,4-RUNNER,39.04178219,-77.04898466,2024,5,21
240021573,Property Damage Crash,05/07/2024 09:20:00 PM,NA,NA,Other,Clear,NA,Medium,NA,NONE DETECTED,Yes,No Apparent Injury,Other Improper Action,Unknown,NA,Passenger Car,Backing,0,No,2005,TOYOTA,CAMRY,39.04178219,-77.04898466,2024,5,21
240021570,Property Damage Crash,05/07/2024 08:30:00 PM,BOWIE MILL RD,NA,Single Vehicle,Clear,Dry,Medium,Traffic Control Signal,NONE DETECTED,Yes,No Apparent Injury,NA,Not Distracted,MD,Passenger Car,Turning Left,40,No,2022,HONDA,INSIGHT,39.13408,-77.12224833,2024,5,20