Local Case Number,ACRS Report Type,Crash Date/Time,Road Name,Related Non-Motorist,Collision Type,Weather,Surface Condition,Light,Traffic Control,Driver Substance Abuse,Driver At Fault,Injury Severity,Circumstance,Driver Distracted By,Drivers License State,Vehicle Body Type,Vehicle Movement,Speed Limit,Driverless Vehicle,Vehicle Year,Vehicle Make,Vehicle Model,Latitude,Longitude,Year,Month,Hour
240021540,Property Damage Crash,05/07/2024 05:27:00 PM,NA,NA,Angle,Clear,NA,Daylight,NA,NONE DETECTED,No,No Apparent Injury,Other Improper Action,Unknown,MD,Passenger Car,Accelerating,0,No,2012,HONDA,CIVIC,39.03963049,-77.05489808,2024,5,17
240021540,Property Damage Crash,05/07/2024 05:27:00 PM,NA,NA,Angle,Clear,NA,Daylight,NA,NONE DETECTED,No,No Apparent Injury,NA,Not Distracted,MD,Passenger Car,Moving Constant Speed,0,No,2013,SUBARU,CROSSTREK,39.03963049,-77.05489808,2024,5,17
240021535,Property Damage Crash,05/07/2024 05:00:00 PM,STRATHMORE AVE,NA,Front to Rear,Clear,Dry,Daylight,No Controls,NONE DETECTED,Yes,No Apparent Injury,"Operated Motor Vehicle in Inattentive, Careless, Negligent, or Erratic Manner","Other Action (looking away from task, etc.)",MD,Sport Utility Vehicle,Slowing or Stopping,30,No,2021,JEEP,WRANGLER,39.03470434,-77.10484708,2024,5,17
240021535,Property Damage Crash,05/07/2024 05:00:00 PM,STRATHMORE AVE,NA,Front to Rear,Clear,Dry,Daylight,No Controls,NONE DETECTED,No,No Apparent Injury,NA,Not Distracted,MD,Passenger Car,Slowing or Stopping,30,No,2018,MAZDA,MX-3,39.03470434,-77.10484708,2024,5,17
240021535,Property Damage Crash,05/07/2024 05:00:00 PM,STRATHMORE AVE,NA,Front to Rear,Clear,Dry,Daylight,No Controls,NONE DETECTED,No,No Apparent Injury,"Operated Motor Vehicle in Inattentive, Careless, Negligent, or Erratic Manner",Not Distracted,MD,Passenger Car,Slowing or Stopping,30,No,2009,HYUNDAI,GENESIS,39.03470434,-77.10484708,2024,5,17
240021533,Injury Crash,05/07/2024 04:53:00 PM,OLD GEORGETOWN RD,NA,Angle,Clear,Dry,Daylight,No Controls,NONE DETECTED,No,No Apparent Injury,NA,Unknown,MD,Sport Utility Vehicle,Slowing or Stopping,30,No,2018,TOYOTA,RAV4,39.008779,-77.11328367,2024,5,16
240021533,Injury Crash,05/07/2024 04:53:00 PM,OLD GEORGETOWN RD,NA,Angle,Clear,Dry,Daylight,No Controls,NONE DETECTED,No,No Apparent Injury,NA,Unknown,MD,Sport Utility Vehicle,Turning Left,30,No,2016,HONDA,CR-V,39.008779,-77.11328367,2024,5,16
240021525,Property Damage Crash,05/07/2024 04:42:00 PM,GREAT SENECA HWY,NA,Front to Rear,Clear,Dry,Daylight,Traffic Control Signal,NONE DETECTED,No,No Apparent Injury,NA,Unknown,MD,Passenger Car,Slowing or Stopping,45,No,2015,SUBARU,OUTBACK,39.14766592,-77.27567069,2024,5,16
240021525,Property Damage Crash,05/07/2024 04:42:00 PM,GREAT SENECA HWY,NA,Front to Rear,Clear,Dry,Daylight,Traffic Control Signal,NONE DETECTED,Yes,No Apparent Injury,NA,Unknown,MD,Sport Utility Vehicle,Slowing or Stopping,45,No,2007,RANGE,UNKNOWN,39.14766592,-77.27567069,2024,5,16
240021522,Injury Crash,05/07/2024 04:17:00 PM,CONNECTICUT AVE (SB/L),NA,Front to Rear,Cloudy,Dry,Daylight,Flashing Traffic Control Signal,NONE DETECTED,No,No Apparent Injury,NA,Not Distracted,MD,Passenger Car,Stopped in Traffic,35,No,2022,HONDA,ACCORD,39.00476168,-77.07783629,2024,5,16
240021522,Injury Crash,05/07/2024 04:17:00 PM,CONNECTICUT AVE (SB/L),NA,Front to Rear,Cloudy,Dry,Daylight,Flashing Traffic Control Signal,NONE DETECTED,Yes,No Apparent Injury,"Followed Too Closely, Operated Motor Vehicle in Inattentive, Careless, Negligent, or Erratic Manner","Other Action (looking away from task, etc.)",MD,Passenger Car,Slowing or Stopping,35,No,2017,TOYOTA,CAMRY,39.00476168,-77.07783629,2024,5,16
240021526,Injury Crash,05/07/2024 04:16:00 PM,COLUMBIA PIKE (SB/L),NA,Front to Rear,Clear,Dry,Daylight,No Controls,NONE DETECTED,Yes,Possible Minor Injury,NA,Unknown,VA,Passenger Car,Accelerating,50,No,2008,CHRYSLER,PACIFICA,39.13149569,-76.91948261,2024,5,16
240021526,Injury Crash,05/07/2024 04:16:00 PM,COLUMBIA PIKE (SB/L),NA,Front to Rear,Clear,Dry,Daylight,No Controls,NONE DETECTED,No,No Apparent Injury,NA,Not Distracted,MD,Passenger Car,Moving Constant Speed,50,No,2011,TOYOTA,COROLLA,39.13149569,-76.91948261,2024,5,16
240021524,Property Damage Crash,05/07/2024 04:09:00 PM,EDSON LA,NA,Rear To Side,Clear,Dry,Daylight,Traffic Control Signal,NONE DETECTED,No,No Apparent Injury,NA,Not Distracted,MD,Passenger Car,Turning Left,35,No,2002,HONDA,ACCORD,39.04006418,-77.12221078,2024,5,16
240021524,Property Damage Crash,05/07/2024 04:09:00 PM,EDSON LA,NA,Rear To Side,Clear,Dry,Daylight,Traffic Control Signal,NONE DETECTED,No,No Apparent Injury,NA,Not Distracted,MD,Passenger Car,Moving Constant Speed,35,No,2009,TOYOTA,COROLLA,39.04006418,-77.12221078,2024,5,16
240021515,Injury Crash,05/07/2024 04:05:00 PM,FENTON ST,Pedestrian,Single Vehicle,Clear,Dry,Daylight,No Controls,NONE DETECTED,No,No Apparent Injury,NA,"Other Action (looking away from task, etc.)",MD,Passenger Car,Leaving Traffic Lane,35,No,2011,BMW,X3,38.99536046,-77.02441446,2024,5,16
240021512,Injury Crash,05/07/2024 03:45:00 PM,NA,NA,Angle,Clear,Dry,Daylight,No Controls,NONE DETECTED,No,No Apparent Injury,NA,Not Distracted,MD,Sport Utility Vehicle,Stopped in Traffic,30,No,2021,TOYOTA,HIGHLANDER,39.01586387,-77.20569902,2024,5,15
240021512,Injury Crash,05/07/2024 03:45:00 PM,NA,NA,Angle,Clear,Dry,Daylight,No Controls,NONE DETECTED,No,Possible Minor Injury,NA,Not Distracted,MD,Sport Utility Vehicle,Moving Constant Speed,30,No,2020,MERCEDES-BENZ,GLC-CLASS,39.01586387,-77.20569902,2024,5,15
240021512,Injury Crash,05/07/2024 03:45:00 PM,NA,NA,Angle,Clear,Dry,Daylight,Stop Sign,NONE DETECTED,No,No Apparent Injury,Failed to Yield Right-of-Way,Not Distracted,MD,Sport Utility Vehicle,Turning Left,30,No,2023,BMW,X7,39.01586387,-77.20569902,2024,5,15
240021502,Property Damage Crash,05/07/2024 02:49:00 PM,NEW HAMPSHIRE AVE (SB/L),NA,Front to Rear,Clear,Dry,Daylight,No Controls,NONE DETECTED,Yes,No Apparent Injury,NA,"Manually Operating (dialing, playing game, etc.)",MD,Passenger Car,Moving Constant Speed,40,No,2020,TOYOTA,CAMRY,39.05912617,-76.99785333,2024,5,14
240021502,Property Damage Crash,05/07/2024 02:49:00 PM,NEW HAMPSHIRE AVE (SB/L),NA,Front to Rear,Clear,Dry,Daylight,No Controls,NONE DETECTED,No,No Apparent Injury,NA,Not Distracted,MD,Bus - School,Stopped in Traffic,40,No,2018,THOMAS BUILT,SCHOOL BUS,39.05912617,-76.99785333,2024,5,14
240021490,Injury Crash,05/07/2024 01:42:00 PM,FREDERICK RD,NA,Angle,Rain,Wet,Daylight,Traffic Control Signal,NONE DETECTED,Yes,No Apparent Injury,Failed to Yield Right-of-Way,Not Distracted,MD,Passenger Car,Turning Left,35,No,2020,FORD,MUSTANG,39.23753144,-77.27786593,2024,5,13
240021490,Injury Crash,05/07/2024 01:42:00 PM,FREDERICK RD,NA,Angle,Rain,Wet,Daylight,Traffic Control Signal,NONE DETECTED,No,Possible Minor Injury,NA,Not Distracted,MD,Passenger Car,Moving Constant Speed,40,No,2017,TOYOTA,SIENNA,39.23753144,-77.27786593,2024,5,13
240021492,Property Damage Crash,05/07/2024 01:40:00 PM,INDUSTRIAL PKWY,NA,Angle,Clear,Dry,Daylight,Traffic Control Signal,NONE DETECTED,No,No Apparent Injury,NA,"Other Action (looking away from task, etc.)",MD,Passenger Car,Moving Constant Speed,50,No,2016,TOYOTA,COROLLA,39.05625917,-76.97131017,2024,5,13
240021492,Property Damage Crash,05/07/2024 01:40:00 PM,INDUSTRIAL PKWY,NA,Angle,Clear,Dry,Daylight,Traffic Control Signal,NONE DETECTED,No,No Apparent Injury,NA,Not Distracted,MD,Passenger Car,Turning Right,35,No,2017,TOYOTA,COROLLA,39.05625917,-76.97131017,2024,5,13
240021475,Injury Crash,05/07/2024 12:39:00 PM,WATKINS MILL RD,NA,Single Vehicle,Rain,Wet,Daylight,No Controls,NONE DETECTED,Yes,Possible Minor Injury,Over-Correcting/Over-Steering,Not Distracted,MD,Passenger Car,Moving Constant Speed,35,No,2009,TOYOTA,CARGO VAN,39.18992758,-77.22047364,2024,5,12
240021463,Property Damage Crash,05/07/2024 12:20:00 PM,NA,NA,"Sideswipe, Opposite Direction",Clear,NA,Daylight,NA,NONE DETECTED,Yes,No Apparent Injury,Improper Passing,Not Distracted,MD,Single-Unit Truck,Moving Constant Speed,0,No,2014,SPARTAN,UNKNOWN,39.13656321,-77.20660365,2024,5,12
240021463,Property Damage Crash,05/07/2024 12:20:00 PM,NA,NA,"Sideswipe, Opposite Direction",Clear,NA,Daylight,NA,NONE DETECTED,No,No Apparent Injury,NA,Not Distracted,MD,Passenger Car,Moving Constant Speed,0,No,2012,LEXUS,UNKNOWN,39.13656321,-77.20660365,2024,5,12
240021465,Property Damage Crash,05/07/2024 12:16:00 PM,BEL PRE RD,NA,Angle,Cloudy,Dry,Daylight,No Controls,NONE DETECTED,No,No Apparent Injury,NA,Not Distracted,MD,Passenger Car,Leaving Traffic Lane,35,No,2019,HONDA,CIVIC,39.09054946,-77.04674734,2024,5,12
240021465,Property Damage Crash,05/07/2024 12:16:00 PM,BEL PRE RD,NA,Angle,Cloudy,Dry,Daylight,No Controls,NONE DETECTED,Yes,No Apparent Injury,NA,Not Distracted,MD,Sport Utility Vehicle,Entering Traffic Lane,35,No,2016,TOYOTA,RAV4,39.09054946,-77.04674734,2024,5,12
240021447,Injury Crash,05/07/2024 09:00:00 AM,CASHELL RD,NA,Single Vehicle,Rain,Wet,Daylight,No Controls,NONE DETECTED,Yes,Possible Minor Injury,Too Fast For Conditions,Not Distracted,MD,Passenger Car,Turning Left,30,No,2012,HONDA,PILOT,39.13828083,-77.08792223,2024,5,9
240021418,Injury Crash,05/07/2024 07:55:00 AM,S FREDERICK RD,NA,Front to Front,Cloudy,Wet,Daylight,No Controls,NONE DETECTED,Yes,No Apparent Injury,Failed to Yield Right-of-Way,Unknown,MD,Pickup,Turning Left,35,No,2003,FORD,F-250,39.13683383,-77.19278367,2024,5,7
240021418,Injury Crash,05/07/2024 07:55:00 AM,S FREDERICK RD,NA,Front to Front,Cloudy,Wet,Daylight,No Controls,NONE DETECTED,No,Possible Minor Injury,NA,Not Distracted,MD,Station Wagon,Moving Constant Speed,35,No,1998,SUBARU,OUTBACK,39.13683383,-77.19278367,2024,5,7
24000829,Property Damage Crash,05/07/2024 07:50:00 AM,CORRIGAN SQ ACCESS RD,NA,"Sideswipe, Same Direction",Rain,Wet,Daylight,No Controls,NONE DETECTED,No,No Apparent Injury,NA,Unknown,MD,Pickup,Changing Lanes,35,No,1997,FORD,F-150,39.16934317,-77.17600373,2024,5,7
24000829,Property Damage Crash,05/07/2024 07:50:00 AM,CORRIGAN SQ ACCESS RD,NA,"Sideswipe, Same Direction",Rain,Wet,Daylight,No Controls,NONE DETECTED,No,No Apparent Injury,NA,Not Distracted,MD,Pickup,Stopped in Traffic,35,No,2010,FORD,F-150,39.16934317,-77.17600373,2024,5,7
240021415,Property Damage Crash,05/07/2024 07:25:00 AM,NA,NA,Front to Rear,Rain,NA,Daylight,NA,NONE DETECTED,Yes,No Apparent Injury,"Operated Motor Vehicle in Inattentive, Careless, Negligent, or Erratic Manner, Other Improper Action",Not Distracted,MD,Bus - School,Backing,0,No,2018,FREIGHTLINER,B2 BUS CHASSIS,39.22573667,-77.265255,2024,5,7
240021415,Property Damage Crash,05/07/2024 07:25:00 AM,NA,NA,Front to Rear,Rain,NA,Daylight,NA,NONE DETECTED,No,No Apparent Injury,NA,Not Distracted,MD,Bus - School,Parked,0,No,2022,FREIGHTLINER,B2 BUS CHASSIS,39.22573667,-77.265255,2024,5,7
240021407,Property Damage Crash,05/07/2024 05:50:00 AM,EAST WEST HWY,NA,Angle,Cloudy,Wet,Medium,Traffic Control Signal,NONE DETECTED,No,No Apparent Injury,NA,Not Distracted,DC,Bus - Transit,Accelerating,35,No,2016,NEW FLYER,TRANSIT BUS,38.9953144,-77.03830302,2024,5,5
240021407,Property Damage Crash,05/07/2024 05:50:00 AM,EAST WEST HWY,NA,Angle,Cloudy,Wet,Medium,Traffic Control Signal,NONE DETECTED,Yes,No Apparent Injury,Improper Turn,Not Distracted,MD,Passenger Car,Turning Right,35,No,2004,LEXUS,ES,38.9953144,-77.03830302,2024,5,5
240021401,Property Damage Crash,05/07/2024 01:19:00 AM,VEIRS MILL RD,NA,Single Vehicle,Cloudy,Wet,Medium,No Controls,NONE DETECTED,Yes,No Apparent Injury,NA,"Other Action (looking away from task, etc.)",MD,Passenger Car,Moving Constant Speed,30,No,2012,TOYOTA,SIENNA,39.08097555,-77.14368335,2024,5,1
240021399,Property Damage Crash,05/07/2024 01:06:00 AM,W DIAMOND AVE (WB/L),NA,Front to Rear,Clear,Dry,Medium,Traffic Control Signal,NONE DETECTED,No,No Apparent Injury,NA,Not Distracted,MD,Pickup,Slowing or Stopping,30,No,2010,CHEVROLET,COLORADO,39.14263326,-77.22045243,2024,5,1
240021399,Property Damage Crash,05/07/2024 01:06:00 AM,W DIAMOND AVE (WB/L),NA,Front to Rear,Clear,Dry,Medium,Traffic Control Signal,NONE DETECTED,No,No Apparent Injury,Followed Too Closely,Unknown,MD,Passenger Car,Slowing or Stopping,30,No,2019,LINCOLN,MKZ,39.14263326,-77.22045243,2024,5,1
240021393,Property Damage Crash,05/06/2024 10:28:00 PM,NA,NA,Rear To Side,Clear,NA,Medium,NA,ALCOHOL PRESENT,Yes,No Apparent Injury,Improper Backing,Unknown,MD,Sport Utility Vehicle,Backing,0,No,2020,TOYOTA,HIGHLANDER,39.17901757,-77.26113433,2024,5,22
240021393,Property Damage Crash,05/06/2024 10:28:00 PM,NA,NA,Rear To Side,Clear,NA,Medium,NA,NONE DETECTED,No,No Apparent Injury,NA,Not Distracted,MD,Passenger Car,Stopped in Traffic,0,No,2016,VOLKSWAGEN,JETTA,39.17901757,-77.26113433,2024,5,22
240021392,Property Damage Crash,05/06/2024 10:27:00 PM,CRYSTAL ROCK DR,NA,"Sideswipe, Same Direction",Cloudy,Dry,Medium,No Controls,ALCOHOL PRESENT,No,No Apparent Injury,NA,Unknown,MD,Sport Utility Vehicle,Moving Constant Speed,30,No,2020,TOYOTA,HIGHLANDER,39.17749248,-77.26169287,2024,5,22
240021367,Injury Crash,05/06/2024 08:14:00 PM,SNOUFFERS SCHOOL RD,NA,Single Vehicle,Clear,Dry,Medium,No Controls,NONE DETECTED,No,No Apparent Injury,NA,Not Distracted,MD,Motorcycle - 2 Wheeled,Moving Constant Speed,40,No,2000,HARLEY DAVIDSON,SPORTSTER 883,39.16682306,-77.17175057,2024,5,20
240021367,Injury Crash,05/06/2024 08:14:00 PM,SNOUFFERS SCHOOL RD,NA,Single Vehicle,Clear,Dry,Medium,No Controls,NONE DETECTED,No,No Apparent Injury,NA,Not Distracted,TX,Passenger Car,Turning Left,40,No,2021,SUBARU,FORESTER,39.16682306,-77.17175057,2024,5,20
240021334,Property Damage Crash,05/06/2024 05:10:00 PM,NA,NA,Front to Rear,Clear,Dry,Daylight,Traffic Control Signal,NONE DETECTED,Yes,No Apparent Injury,NA,Not Distracted,MD,Sport Utility Vehicle,Moving Constant Speed,25,No,2012,ACURA,MDX,39.06811235,-77.06117964,2024,5,17
240021334,Property Damage Crash,05/06/2024 05:10:00 PM,NA,NA,Front to Rear,Clear,Dry,Daylight,Traffic Control Signal,NONE DETECTED,No,No Apparent Injury,NA,Not Distracted,MD,Sport Utility Vehicle,Accelerating,25,No,2018,TOYOTA,HIGHLANDER,39.06811235,-77.06117964,2024,5,17
240021329,Property Damage Crash,05/06/2024 04:55:00 PM,GEORGIA AVE (SB/L),NA,Angle,Cloudy,Dry,Daylight,No Controls,NONE DETECTED,No,No Apparent Injury,NA,Not Distracted,MD,Passenger Car,Turning Left,35,No,2010,MAZDA,CX-3,39.08495113,-77.078595000000007,2024,5,16
240021329,Property Damage Crash,05/06/2024 04:55:00 PM,GEORGIA AVE (SB/L),NA,Angle,Cloudy,Dry,Daylight,No Controls,NONE DETECTED,No,No Apparent Injury,NA,Not Distracted,MD,Van - Passenger (&lt;9 Seats),Moving Constant Speed,35,No,2010,CHRYSLER,TOWN AND COUNTRY,39.08495113,-77.078595000000007,2024,5,16
240021320,Property Damage Crash,05/06/2024 04:30:00 PM,W DIAMOND AVE,NA,Front to Rear,Cloudy,Dry,Daylight,Traffic Control Signal,NONE DETECTED,No,No Apparent Injury,Followed Too Closely,Unknown,MD,Pickup,Slowing or Stopping,35,No,2003,FORD,F-150,39.14190567,-77.21857517,2024,5,16
240021320,Property Damage Crash,05/06/2024 04:30:00 PM,W DIAMOND AVE,NA,Front to Rear,Cloudy,Dry,Daylight,Traffic Control Signal,NONE DETECTED,No,No Apparent Injury,NA,Not Distracted,DE,Sport Utility Vehicle,Stopped in Traffic,35,No,2023,RIVIAN,R1S,39.14190567,-77.21857517,2024,5,16
240021344,Property Damage Crash,05/06/2024 04:10:00 PM,NA,NA,Front to Rear,Clear,Dry,Daylight,Traffic Control Signal,NONE DETECTED,No,No Apparent Injury,NA,Not Distracted,MD,Passenger Car,Turning Left,35,No,2018,TOYOTA,PRIUS,39.0965776,-77.20349099,2024,5,16
240021317,Injury Crash,05/06/2024 04:10:00 PM,COLUMBIA PIKE (SB/L),NA,Front to Rear,Clear,Dry,Daylight,Traffic Control Signal,NONE DETECTED,Yes,No Apparent Injury,Followed Too Closely,Not Distracted,MD,Passenger Car,Slowing or Stopping,55,No,2014,LEXUS,RX,39.10434438,-76.93329316,2024,5,16
240021344,Property Damage Crash,05/06/2024 04:10:00 PM,NA,NA,Front to Rear,Clear,Dry,Daylight,Traffic Control Signal,NONE DETECTED,Yes,No Apparent Injury,Followed Too Closely,Unknown,MD,Passenger Car,Turning Left,35,No,2016,SUBARU,LEGACY,39.0965776,-77.20349099,2024,5,16
240021317,Injury Crash,05/06/2024 04:10:00 PM,COLUMBIA PIKE (SB/L),NA,Front to Rear,Clear,Dry,Daylight,Traffic Control Signal,NONE DETECTED,No,Possible Minor Injury,NA,Not Distracted,MD,Passenger Car,Stopped in Traffic,55,No,2020,MAZDA,CX-9,39.10434438,-76.93329316,2024,5,16
240021307,Injury Crash,05/06/2024 04:07:00 PM,FATHER HURLEY BLVD (NB/L),NA,Angle,Cloudy,Dry,Daylight,Traffic Control Signal,NONE DETECTED,No,Possible Minor Injury,NA,Not Distracted,MD,Passenger Car,Moving Constant Speed,45,No,2015,FORD,EXPLORER,39.1933745,-77.2701515,2024,5,16
240021307,Injury Crash,05/06/2024 04:07:00 PM,FATHER HURLEY BLVD (NB/L),NA,Angle,Cloudy,Dry,Daylight,Traffic Control Signal,NONE DETECTED,No,No Apparent Injury,NA,"Other Action (looking away from task, etc.)",MD,Passenger Car,Moving Constant Speed,45,No,2010,TOYOTA,COROLLA,39.1933745,-77.2701515,2024,5,16
240021303,Injury Crash,05/06/2024 03:49:00 PM,WOODSON AVE,Pedestrian,Single Vehicle,Cloudy,Dry,Daylight,No Controls,NONE DETECTED,No,No Apparent Injury,NA,Not Distracted,MD,Passenger Car,Moving Constant Speed,25,No,2023,ACURA,MDX,39.04118444,-77.07513197,2024,5,15
240021299,Property Damage Crash,05/06/2024 03:41:00 PM,LOCKWOOD DR,NA,Angle,Clear,Dry,Daylight,Traffic Control Signal,NONE DETECTED,No,No Apparent Injury,NA,Unknown,MD,Passenger Car,Accelerating,30,No,2018,TOYOTA,COROLLA,39.03974053,-76.99053762,2024,5,15
240021299,Property Damage Crash,05/06/2024 03:41:00 PM,LOCKWOOD DR,NA,Angle,Clear,Dry,Daylight,Traffic Control Signal,NONE DETECTED,Yes,No Apparent Injury,NA,Unknown,MD,Passenger Car,Moving Constant Speed,40,No,2008,ACURA,TL,39.03974053,-76.99053762,2024,5,15
240021292,Injury Crash,05/06/2024 03:24:00 PM,CHERRY HILL RD (NB/L),NA,Front to Rear,Clear,Dry,Daylight,Traffic Control Signal,NONE DETECTED,No,Possible Minor Injury,NA,Not Distracted,MD,Pickup,Stopped in Traffic,40,No,2017,CHEVROLET,SILVERADO,39.06247596,-76.96201833,2024,5,15
240021292,Injury Crash,05/06/2024 03:24:00 PM,CHERRY HILL RD (NB/L),NA,Front to Rear,Clear,Dry,Daylight,Traffic Control Signal,NONE DETECTED,Yes,No Apparent Injury,NA,Not Distracted,MD,Passenger Car,Moving Constant Speed,40,No,2009,NISSAN,SENTRA,39.06247596,-76.96201833,2024,5,15
240021290,Injury Crash,05/06/2024 03:20:00 PM,MINK HOLLOW RD,NA,Single Vehicle,Clear,Dry,Daylight,No Controls,NONE DETECTED,Yes,Suspected Serious Injury,NA,Not Distracted,MD,Passenger Car,Moving Constant Speed,30,No,2002,MERCURY,SABLE,39.16609833,-76.9988,2024,5,15
240021283,Property Damage Crash,05/06/2024 03:03:00 PM,FIRST ST (WB/L),NA,Front to Rear,Clear,Dry,Daylight,No Controls,NONE DETECTED,No,No Apparent Injury,Followed Too Closely,"Other Action (looking away from task, etc.)",MD,Van - Passenger (&lt;9 Seats),Moving Constant Speed,25,No,2015,HONDA,ODYSSEY,39.08137538,-77.13744428,2024,5,15
240021283,Property Damage Crash,05/06/2024 03:03:00 PM,FIRST ST (WB/L),NA,Front to Rear,Clear,Dry,Daylight,No Controls,NONE DETECTED,No,No Apparent Injury,NA,Not Distracted,VA,Pickup,Stopped in Traffic,25,No,2014,RAM,3500,39.08137538,-77.13744428,2024,5,15
240021259,Property Damage Crash,05/06/2024 12:30:00 PM,LAYTONSVILLE RD,NA,Single Vehicle,Cloudy,Dry,Daylight,Yield Sign,NONE DETECTED,Yes,No Apparent Injury,Too Fast For Conditions,Not Distracted,MD,Passenger Car,Entering Traffic Lane,30,No,2006,LEXUS,RX,39.20539,-77.14111167,2024,5,12
240021222,Injury Crash,05/06/2024 10:25:00 AM,DAHILL RD,Pedestrian,Single Vehicle,Cloudy,Dry,Daylight,No Controls,NONE DETECTED,No,No Apparent Injury,NA,Not Distracted,MD,Sport Utility Vehicle,Accelerating,25,No,2005,LINCOLN,NAVIGATOR,39.04790141,-77.08255989,2024,5,10
240021209,Property Damage Crash,05/06/2024 09:16:00 AM,PRINCE PHILIP DR,NA,Front to Rear,Cloudy,Dry,Daylight,Traffic Control Signal,NONE DETECTED,No,No Apparent Injury,NA,Not Distracted,MD,Passenger Car,Accelerating,30,No,2015,NISSAN,ALTIMA,39.14980191,-77.05787512,2024,5,9
240021209,Property Damage Crash,05/06/2024 09:16:00 AM,PRINCE PHILIP DR,NA,Front to Rear,Cloudy,Dry,Daylight,Traffic Control Signal,NONE DETECTED,Yes,No Apparent Injury,NA,Not Distracted,MD,Passenger Car,Turning Right,30,No,2008,VOLKSWAGEN,JETTA,39.14980191,-77.05787512,2024,5,9
240021203,Property Damage Crash,05/06/2024 08:28:00 AM,NA,NA,Other,Rain,NA,Daylight,NA,NONE DETECTED,Yes,No Apparent Injury,NA,Unknown,NA,Passenger Car,NA,0,No,2019,HYUNDAI,ELANTRA,39.08532889,-77.11922986,2024,5,8
240021196,Property Damage Crash,05/06/2024 07:15:00 AM,ALLISTON HOLLOW WAY,NA,Angle,Cloudy,Dry,Daylight,Traffic Control Signal,NONE DETECTED,No,No Apparent Injury,NA,Not Distracted,PA,Passenger Car,Turning Left,40,No,2013,HONDA,CIVIC,39.17671304,-77.17902986,2024,5,7
240021196,Property Damage Crash,05/06/2024 07:15:00 AM,ALLISTON HOLLOW WAY,NA,Angle,Cloudy,Dry,Daylight,Traffic Control Signal,NONE DETECTED,No,No Apparent Injury,NA,Not Distracted,NA,Passenger Car,Accelerating,40,No,2017,HONDA,ACCORD,39.17671304,-77.17902986,2024,5,7
240020258,Injury Crash,05/06/2024 06:50:00 AM,CAMDEN ST,Pedestrian,Single Vehicle,Clear,Dry,Daylight,Stop Sign,NONE DETECTED,No,No Apparent Injury,NA,Not Distracted,MD,Sport Utility Vehicle,Turning Right,25,No,2010,HONDA,CR-V,39.05820469,-77.06888661,2024,5,6
240021197,Property Damage Crash,05/06/2024 06:40:00 AM,HILLTOP RD,NA,Single Vehicle,Cloudy,Dry,Daylight,Stop Sign,NONE DETECTED,No,No Apparent Injury,"Swerved or Avoided Due to Wind, Slippery Surface, Motor Vehicle, Object, Non-Motorist in Roadway, etc",Not Distracted,MD,Sport Utility Vehicle,Accelerating,25,No,2024,MERCEDES-BENZ,GLA-CLASS,38.9854351,-77.00374223,2024,5,6
240021187,Property Damage Crash,05/06/2024 02:23:00 AM,ROCKVILLE PIKE,NA,Single Vehicle,Clear,Wet,Medium,No Controls,NONE DETECTED,No,NA,NA,NA,NA,Passenger Car,NA,45,No,2014,CHRYSLER,300,39.02922486,-77.10427719,2024,5,2
240021186,Property Damage Crash,05/06/2024 02:09:00 AM,WOODFIELD RD,NA,"Sideswipe, Opposite Direction",Cloudy,Wet,Dark,No Controls,NONE DETECTED,Yes,No Apparent Injury,NA,Unknown,NY,Passenger Car,Moving Constant Speed,30,No,2014,TOYOTA,CAMRY,39.27881,-77.20349167,2024,5,2
240021181,Property Damage Crash,05/06/2024 12:39:00 AM,NA,NA,Single Vehicle,Clear,Dry,Medium,No Controls,NONE DETECTED,Yes,No Apparent Injury,Over-Correcting/Over-Steering,Not Distracted,MD,Passenger Car,Moving Constant Speed,40,No,2021,AUDI,A4,39.19057583,-77.225061,2024,5,0