Local Case Number,ACRS Report Type,Crash Date/Time,Road Name,Related Non-Motorist,Collision Type,Weather,Surface Condition,Light,Traffic Control,Driver Substance Abuse,Driver At Fault,Injury Severity,Circumstance,Driver Distracted By,Drivers License State,Vehicle Body Type,Vehicle Movement,Speed Limit,Driverless Vehicle,Vehicle Year,Vehicle Make,Vehicle Model,Latitude,Longitude,Year,Month,Hour
240021182,Property Damage Crash,05/06/2024 12:39:00 AM,NA,NA,Single Vehicle,Clear,Dry,Medium,No Controls,NONE DETECTED,Yes,No Apparent Injury,"Swerved or Avoided Due to Wind, Slippery Surface, Motor Vehicle, Object, Non-Motorist in Roadway, etc",Not Distracted,DC,Passenger Car,Moving Constant Speed,40,No,2017,FORD,FUSION,39.190601,-77.22506033,2024,5,0
240021177,Property Damage Crash,05/05/2024 11:57:00 PM,GEORGIA AVE,NA,Single Vehicle,Rain,Wet,Medium,No Controls,NONE DETECTED,No,No Apparent Injury,NA,Not Distracted,VA,Passenger Car,Moving Constant Speed,30,No,2018,GMC,YUKON XL,38.98619094,-77.02676148,2024,5,23
240021178,Injury Crash,05/05/2024 11:51:00 PM,CONNECTICUT AVE,NA,Front to Rear,Rain,Wet,Medium,No Controls,NONE DETECTED,Yes,No Apparent Injury,"Disregard Officer Directions, Operated Motor Vehicle in Inattentive, Careless, Negligent, or Erratic Manner, Too Fast For Conditions",Not Distracted,MD,Passenger Car,Slowing or Stopping,30,No,2021,TOYOTA,RAV4,38.98311717,-77.07708867,2024,5,23
240021178,Injury Crash,05/05/2024 11:51:00 PM,CONNECTICUT AVE,NA,Front to Rear,Rain,Wet,Medium,No Controls,NONE DETECTED,No,Possible Minor Injury,NA,Not Distracted,MD,Passenger Car,Parked,30,No,2018,FORD,TAURUS,38.98311717,-77.07708867,2024,5,23
240021055,Injury Crash,05/05/2024 11:37:00 PM,NA,NA,Other,Rain,Wet,Medium,Traffic Control Signal,NONE DETECTED,No,No Apparent Injury,NA,Not Distracted,MD,Passenger Car,Moving Constant Speed,45,No,2005,HONDA,ACCORD,39.0677727,-76.95921779,2024,5,23
240021055,Injury Crash,05/05/2024 11:37:00 PM,NA,NA,Other,Rain,Wet,Medium,Flashing Traffic Control Signal,NONE DETECTED,No,No Apparent Injury,NA,Not Distracted,MD,Passenger Car,Moving Constant Speed,35,No,2008,BMW,535D,39.0677727,-76.95921779,2024,5,23
240021055,Injury Crash,05/05/2024 11:37:00 PM,NA,NA,Other,Rain,Wet,Medium,Flashing Traffic Control Signal,NONE DETECTED,Yes,Possible Minor Injury,NA,Not Distracted,MD,Passenger Car,Accelerating,30,No,2007,TOYOTA,RAV4,39.0677727,-76.95921779,2024,5,23
240021175,Property Damage Crash,05/05/2024 11:18:00 PM,WASHINGTONIAN BLVD (SB/L),NA,Angle,Clear,Dry,Medium,Traffic Control Signal,NONE DETECTED,No,No Apparent Injury,NA,Not Distracted,MD,Passenger Car,Accelerating,25,No,2006,TOYOTA,PRIUS,39.11805917,-77.20652845,2024,5,23
240021175,Property Damage Crash,05/05/2024 11:18:00 PM,WASHINGTONIAN BLVD (SB/L),NA,Angle,Clear,Dry,Medium,Traffic Control Signal,ALCOHOL PRESENT,Yes,No Apparent Injury,"Failed to Yield Right-of-Way, Operated Motor Vehicle in Inattentive, Careless, Negligent, or Erratic Manner, Other Improper Action",Unknown,MD,Passenger Car,Turning Left,25,No,2020,HONDA,INSIGHT,39.11805917,-77.20652845,2024,5,23
240021172,Property Damage Crash,05/05/2024 11:17:00 PM,WINDING WOODS WAY,NA,Single Vehicle,Clear,Dry,Medium,Yield Sign,NONE DETECTED,Yes,No Apparent Injury,Failed to Keep in Proper Lane,Unknown,MD,Passenger Car,Moving Constant Speed,40,No,2018,HONDA,CIVIC,39.2260061,-77.24706613,2024,5,23
240021164,Property Damage Crash,05/05/2024 08:50:00 PM,FRANKFORT DR,NA,Rear To Side,Rain,Wet,Dark,No Controls,NONE DETECTED,No,No Apparent Injury,NA,Unknown,MD,Passenger Car,Moving Constant Speed,25,No,2020,TOYOTA,CAMRY,39.0805875,-77.08447217,2024,5,20
240021161,Property Damage Crash,05/05/2024 08:42:00 PM,GEORGIA AVE (SB/L),NA,Front to Rear,Rain,Wet,Medium,Traffic Control Signal,NONE DETECTED,No,No Apparent Injury,NA,Not Distracted,MD,Passenger Car,Stopped in Traffic,25,No,2021,TOYOTA,CAMRY,39.03643062,-77.05014886,2024,5,20
240021161,Property Damage Crash,05/05/2024 08:42:00 PM,GEORGIA AVE (SB/L),NA,Front to Rear,Rain,Wet,Medium,Traffic Control Signal,NONE DETECTED,Yes,No Apparent Injury,NA,Not Distracted,NA,Passenger Car,Moving Constant Speed,25,No,2009,TOYOTA,CAMRY,39.03643062,-77.05014886,2024,5,20
240021160,Property Damage Crash,05/05/2024 08:25:00 PM,QUINCE ORCHARD RD,NA,Front to Rear,Clear,Dry,Medium,Traffic Control Signal,NONE DETECTED,Yes,No Apparent Injury,"Operated Motor Vehicle in Inattentive, Careless, Negligent, or Erratic Manner",Unknown,MD,Sport Utility Vehicle,NA,35,No,2022,TOYOTA,RAV4,39.15019045,-77.21464135,2024,5,20
240021160,Property Damage Crash,05/05/2024 08:25:00 PM,QUINCE ORCHARD RD,NA,Front to Rear,Clear,Dry,Medium,Traffic Control Signal,NONE DETECTED,No,No Apparent Injury,NA,Unknown,VA,Passenger Car,Slowing or Stopping,35,No,2022,TESLA,MODEL 3,39.15019045,-77.21464135,2024,5,20
240021147,Property Damage Crash,05/05/2024 06:20:00 PM,NEW HAMPSHIRE AVE,NA,Single Vehicle,Cloudy,Wet,Daylight,No Controls,NONE DETECTED,No,NA,NA,NA,NA,Passenger Car,Accelerating,40,No,2007,MAZDA,MAZDA3,39.02853237,-76.98306187,2024,5,18
240021143,Injury Crash,05/05/2024 05:44:00 PM,RESEARCH BLVD (SB/L),NA,Single Vehicle,Clear,Dry,Daylight,Traffic Control Signal,NONE DETECTED,Yes,Suspected Serious Injury,Too Fast For Conditions,Not Distracted,MD,Passenger Car,Moving Constant Speed,30,No,2023,HONDA,PILOT,39.10487712,-77.19001022,2024,5,17
240021131,Property Damage Crash,05/05/2024 04:43:00 PM,RAMP 3 FR IS 495 EB TO US 29 NB,NA,"Sideswipe, Opposite Direction",Cloudy,Wet,Daylight,No Controls,NONE DETECTED,No,No Apparent Injury,Wrong Way,Not Distracted,VA,Other Trucks,Moving Constant Speed,35,No,2018,PIERCE MANUFACTURING,TRUCK,39.01544264,-77.01646624,2024,5,16
240021131,Property Damage Crash,05/05/2024 04:43:00 PM,RAMP 3 FR IS 495 EB TO US 29 NB,NA,"Sideswipe, Opposite Direction",Cloudy,Wet,Daylight,No Controls,NONE DETECTED,No,No Apparent Injury,NA,Not Distracted,MD,Passenger Car,Moving Constant Speed,35,No,2005,LEXUS,RX,39.01544264,-77.01646624,2024,5,16
240021124,Property Damage Crash,05/05/2024 03:43:00 PM,MATENY RD (NB/L),NA,"Sideswipe, Same Direction",Clear,Dry,Daylight,No Controls,NONE DETECTED,No,No Apparent Injury,NA,Not Distracted,MD,Passenger Car,Parked,35,No,2020,TOYOTA,YARIS,39.1474823,-77.27088008,2024,5,15
240021124,Property Damage Crash,05/05/2024 03:43:00 PM,MATENY RD (NB/L),NA,"Sideswipe, Same Direction",Clear,Dry,Daylight,No Controls,NONE DETECTED,No,No Apparent Injury,NA,Unknown,MD,Passenger Car,Moving Constant Speed,35,No,2016,TOYOTA,SCION IA,39.1474823,-77.27088008,2024,5,15
240021117,Injury Crash,05/05/2024 02:55:00 PM,CENTURY BLVD (SB/L),NA,Angle,Cloudy,Wet,Daylight,No Controls,NONE DETECTED,No,Possible Minor Injury,NA,Not Distracted,MD,Passenger Car,Moving Constant Speed,30,No,2015,JEEP,RENEGADE,39.192317,-77.26560267,2024,5,14
240021117,Injury Crash,05/05/2024 02:55:00 PM,CENTURY BLVD (SB/L),NA,Angle,Cloudy,Wet,Daylight,Stop Sign,NONE DETECTED,No,Possible Minor Injury,NA,"Other Action (looking away from task, etc.)",MD,Passenger Car,Moving Constant Speed,30,No,2011,TOYOTA,CAMRY,39.192317,-77.26560267,2024,5,14
240021115,Injury Crash,05/05/2024 02:27:00 PM,GEORGIA AVE,NA,Front to Rear,Cloudy,Wet,Daylight,No Controls,NONE DETECTED,No,No Apparent Injury,NA,Not Distracted,MD,Passenger Car,Slowing or Stopping,35,No,2000,SUBARU,LEGACY,39.05628002,-77.04982648,2024,5,14
240021115,Injury Crash,05/05/2024 02:27:00 PM,GEORGIA AVE,NA,Front to Rear,Cloudy,Wet,Daylight,No Controls,NONE DETECTED,No,Possible Minor Injury,NA,Not Distracted,MD,Passenger Car,Stopped in Traffic,35,No,2013,FORD,EXPLORER,39.05628002,-77.04982648,2024,5,14
240021116,Property Damage Crash,05/05/2024 02:21:00 PM,GOOD HOPE DR,NA,Front to Rear,Rain,Wet,Daylight,No Controls,NONE DETECTED,No,No Apparent Injury,NA,Not Distracted,MD,Passenger Car,Stopped in Traffic,30,No,2012,LINCOLN,MKZ,39.093925,-76.99272167,2024,5,14
240021116,Property Damage Crash,05/05/2024 02:21:00 PM,GOOD HOPE DR,NA,Front to Rear,Rain,Wet,Daylight,No Controls,NONE DETECTED,No,No Apparent Injury,NA,Not Distracted,MD,Passenger Car,Stopped in Traffic,30,No,2009,TOYOTA,COROLLA,39.093925,-76.99272167,2024,5,14
240021116,Property Damage Crash,05/05/2024 02:21:00 PM,GOOD HOPE DR,NA,Front to Rear,Rain,Wet,Daylight,No Controls,NONE DETECTED,Yes,No Apparent Injury,NA,Unknown,MD,Passenger Car,Slowing or Stopping,30,No,2006,NISSAN,MAXIMA,39.093925,-76.99272167,2024,5,14
240021107,Property Damage Crash,05/05/2024 01:21:00 PM,NA,NA,Front to Rear,Cloudy,NA,Daylight,NA,NONE DETECTED,No,No Apparent Injury,NA,Not Distracted,MD,Passenger Car,Slowing or Stopping,0,No,2018,TOYOTA,CAMRY,39.09356898,-77.15309264,2024,5,13
240021107,Property Damage Crash,05/05/2024 01:21:00 PM,NA,NA,Front to Rear,Cloudy,NA,Daylight,NA,NONE DETECTED,No,No Apparent Injury,NA,Unknown,MD,Sport Utility Vehicle,NA,0,No,2010,HONDA,CR-V,39.09356898,-77.15309264,2024,5,13
240021104,Property Damage Crash,05/05/2024 01:10:00 PM,NA,NA,Angle,Clear,Wet,Daylight,Traffic Control Signal,NONE DETECTED,No,No Apparent Injury,Failed to Yield Right-of-Way,Not Distracted,MD,Passenger Car,Turning Left,35,No,2015,TOYOTA,RAV4,39.08916936,-77.15162806,2024,5,13
240021104,Property Damage Crash,05/05/2024 01:10:00 PM,NA,NA,Angle,Clear,Wet,Daylight,Traffic Control Signal,NONE DETECTED,No,No Apparent Injury,NA,Not Distracted,MD,Passenger Car,Moving Constant Speed,35,No,2012,FORD,TAURUS,39.08916936,-77.15162806,2024,5,13
240021097,Injury Crash,05/05/2024 12:39:00 PM,CLOVERLEAF CENTER DR (EB/L),NA,Angle,Rain,Wet,Daylight,No Controls,NONE DETECTED,No,Possible Minor Injury,NA,Not Distracted,MD,Passenger Car,Moving Constant Speed,40,No,2015,HONDA,CIVIC,39.19022592,-77.26656479,2024,5,12
240021097,Injury Crash,05/05/2024 12:39:00 PM,CLOVERLEAF CENTER DR (EB/L),NA,Angle,Rain,Wet,Daylight,Stop Sign,NONE DETECTED,Yes,Possible Minor Injury,Failed to Yield Right-of-Way,Not Distracted,MD,Passenger Car,Turning Right,25,No,2021,TESLA,MODEL 3,39.19022592,-77.26656479,2024,5,12
240021096,Property Damage Crash,05/05/2024 12:30:00 PM,ADELPHI RD (WB/L),NA,Front to Rear,Rain,Wet,Daylight,No Controls,NONE DETECTED,No,NA,NA,NA,NA,Passenger Car,Moving Constant Speed,30,No,2009,HONDA,ELEMENT,39.01130642,-76.97784065,2024,5,12
240021096,Property Damage Crash,05/05/2024 12:30:00 PM,ADELPHI RD (WB/L),NA,Front to Rear,Rain,Wet,Daylight,No Controls,NONE DETECTED,No,No Apparent Injury,NA,Not Distracted,MD,Passenger Car,Moving Constant Speed,30,No,2007,TOYOTA,CAMRY,39.01130642,-76.97784065,2024,5,12
240021109,Property Damage Crash,05/05/2024 12:00:00 PM,FLORAL ST,NA,Front to Front,Cloudy,Wet,Daylight,No Controls,NONE DETECTED,No,No Apparent Injury,NA,Not Distracted,MD,Sport Utility Vehicle,Moving Constant Speed,25,No,2008,HONDA,PILOT,39.05516492,-77.06884288,2024,5,12
240021109,Property Damage Crash,05/05/2024 12:00:00 PM,FLORAL ST,NA,Front to Front,Cloudy,Wet,Daylight,No Controls,NONE DETECTED,Yes,No Apparent Injury,Too Fast For Conditions,Unknown,MD,Passenger Car,Moving Constant Speed,25,No,2023,MAZDA,UNKNOWN,39.05516492,-77.06884288,2024,5,12
240021092,Injury Crash,05/05/2024 11:18:00 AM,CHESTER ST,NA,Front to Rear,Rain,Wet,Daylight,No Controls,NONE DETECTED,Yes,No Apparent Injury,Followed Too Closely,Unknown,MD,Van - Cargo,Moving Constant Speed,30,No,2014,CHEVROLET,EXPRESS,38.98995817,-76.993636,2024,5,11
240021092,Injury Crash,05/05/2024 11:18:00 AM,CHESTER ST,NA,Front to Rear,Rain,Wet,Daylight,No Controls,NONE DETECTED,No,Possible Minor Injury,NA,Not Distracted,MD,Passenger Car,Stopped in Traffic,30,No,2020,JEEP,GLADIATOR,38.98995817,-76.993636,2024,5,11
240021085,Property Damage Crash,05/05/2024 10:47:00 AM,SENECA MEADOWS PKWY (SB/L),NA,Single Vehicle,Rain,Wet,Daylight,No Controls,NONE DETECTED,Yes,No Apparent Injury,"Failed to Keep in Proper Lane, Operated Motor Vehicle in Inattentive, Careless, Negligent, or Erratic Manner, Over-Correcting/Over-Steering, Ran Off Roadway, Too Fast For Conditions",Not Distracted,MD,Passenger Car,Negotiating a Curve,30,No,2022,AUDI,E-TRON GT,39.19497117,-77.2598645,2024,5,10
240021082,Property Damage Crash,05/05/2024 10:09:00 AM,RANDOLPH RD,NA,Front to Rear,Rain,Wet,Daylight,No Controls,NONE DETECTED,No,No Apparent Injury,NA,Not Distracted,SC,Passenger Car,Moving Constant Speed,40,No,2024,MAZDA,MAZDA3,39.05320551,-77.08918744,2024,5,10
240021082,Property Damage Crash,05/05/2024 10:09:00 AM,RANDOLPH RD,NA,Front to Rear,Rain,Wet,Daylight,No Controls,ALCOHOL PRESENT,Yes,No Apparent Injury,"Other Improper Action, Too Fast For Conditions",Not Distracted,MD,Passenger Car,Moving Constant Speed,35,No,2021,TOYOTA,CAMRY,39.05320551,-77.08918744,2024,5,10
240021077,Property Damage Crash,05/05/2024 09:52:00 AM,NORBECK RD,NA,Angle,Rain,Wet,Daylight,Traffic Control Signal,NONE DETECTED,No,No Apparent Injury,NA,Not Distracted,MD,Pickup,Moving Constant Speed,35,No,2010,FORD,F-150,39.09933958,-77.09971357,2024,5,9
240021077,Property Damage Crash,05/05/2024 09:52:00 AM,NORBECK RD,NA,Angle,Rain,Wet,Daylight,Traffic Control Signal,NONE DETECTED,Yes,No Apparent Injury,Failed to Yield Right-of-Way,Not Distracted,MD,Passenger Car,Turning Right,35,No,2015,HONDA,FIT,39.09933958,-77.09971357,2024,5,9
240021071,Property Damage Crash,05/05/2024 09:00:00 AM,COLESVILLE RD,NA,"Sideswipe, Same Direction",Rain,Wet,Daylight,No Controls,NONE DETECTED,No,No Apparent Injury,NA,Not Distracted,MD,Bus - Transit,Moving Constant Speed,40,No,2020,GILLIG,CITY TRANSIT BUS,39.02030981,-77.01270984,2024,5,9
240021071,Property Damage Crash,05/05/2024 09:00:00 AM,COLESVILLE RD,NA,"Sideswipe, Same Direction",Rain,Wet,Daylight,No Controls,NONE DETECTED,No,No Apparent Injury,NA,Not Distracted,MD,Passenger Car,Moving Constant Speed,40,No,2015,LEXUS,UNKNOWN,39.02030981,-77.01270984,2024,5,9
240021070,Injury Crash,05/05/2024 08:40:00 AM,WOODFIELD RD (SB/L),NA,Rear To Side,Rain,Wet,Daylight,Traffic Control Signal,NONE DETECTED,No,Possible Minor Injury,NA,Not Distracted,MD,Passenger Car,Moving Constant Speed,35,No,2023,MAZDA,CX-5,39.18001915,-77.15063201,2024,5,8
240021070,Injury Crash,05/05/2024 08:40:00 AM,WOODFIELD RD (SB/L),NA,Rear To Side,Rain,Wet,Daylight,Traffic Control Signal,NONE DETECTED,Yes,No Apparent Injury,Failed to Yield Right-of-Way,Unknown,MD,Passenger Car,Making U-Turn,35,No,2006,VOLVO,XC70,39.18001915,-77.15063201,2024,5,8
240021061,Injury Crash,05/05/2024 05:45:00 AM,EISENHOWER MEMORIAL HWY,NA,Single Vehicle,Rain,Wet,Medium,No Controls,NONE DETECTED,No,Possible Minor Injury,NA,Not Distracted,MD,Passenger Car,Moving Constant Speed,55,No,2021,HONDA,ACCORD,39.07928536,-77.17023586,2024,5,5
240021050,Property Damage Crash,05/05/2024 02:56:00 AM,NA,NA,Angle,Rain,Wet,Medium,Flashing Traffic Control Signal,NONE DETECTED,Yes,No Apparent Injury,Failed to Yield Right-of-Way,Not Distracted,MD,Passenger Car,Moving Constant Speed,30,No,2016,HONDA,CIVIC,39.14933003,-77.01226347,2024,5,2
240021050,Property Damage Crash,05/05/2024 02:56:00 AM,NA,NA,Angle,Rain,Wet,Medium,Flashing Traffic Control Signal,NONE DETECTED,No,No Apparent Injury,NA,Not Distracted,MD,Passenger Car,Moving Constant Speed,30,No,2016,LEXUS,CT,39.14933003,-77.01226347,2024,5,2
240021051,Property Damage Crash,05/05/2024 02:11:00 AM,STABLE LA,NA,Front to Front,Rain,Wet,Medium,No Controls,NONE DETECTED,No,NA,NA,NA,NA,Passenger Car,Moving Constant Speed,25,No,2010,TOYOTA,COROLLA,38.98037005,-77.21715668,2024,5,2
240021037,Injury Crash,05/05/2024 01:15:00 AM,RAMP 7 FR IS 495 WB TO US 29 SB,NA,Single Vehicle,Rain,Wet,Medium,No Controls,NONE DETECTED,Yes,Possible Minor Injury,Too Fast For Conditions,Not Distracted,NY,Passenger Car,Moving Constant Speed,30,No,2014,HONDA,ACCORD,39.0162655,-77.01750917,2024,5,1
240021042,Property Damage Crash,05/05/2024 01:04:00 AM,NA,NA,Single Vehicle,Rain,Wet,Medium,No Controls,NONE DETECTED,No,No Apparent Injury,Other Improper Action,Unknown,NA,Passenger Car,NA,25,No,2003,BMW,325I,38.97943262,-77.00901617,2024,5,1
240021034,Property Damage Crash,05/05/2024 12:43:00 AM,RIVER RD (WB/L),NA,Angle,Rain,Wet,Medium,Flashing Traffic Control Signal,NONE DETECTED,No,No Apparent Injury,Too Fast For Conditions,Unknown,MD,Passenger Car,Moving Constant Speed,35,No,2016,AUDI,A4,38.97556508,-77.12619394,2024,5,0
240021034,Property Damage Crash,05/05/2024 12:43:00 AM,RIVER RD (WB/L),NA,Angle,Rain,Wet,Medium,Flashing Traffic Control Signal,NONE DETECTED,Yes,No Apparent Injury,Over-Correcting/Over-Steering,Unknown,MD,Sport Utility Vehicle,Making U-Turn,35,No,2013,HONDA,CR-V,38.97556508,-77.12619394,2024,5,0
240021035,Property Damage Crash,05/05/2024 12:30:00 AM,BRIGHTON DAM RD,NA,Single Vehicle,Rain,Wet,Dark,No Controls,NONE DETECTED,No,No Apparent Injury,"Operated Motor Vehicle in Inattentive, Careless, Negligent, or Erratic Manner, Ran Off Roadway, Too Fast For Conditions",Not Distracted,NY,Van - Passenger (&lt;9 Seats),Moving Constant Speed,35,No,2018,MERCEDES-BENZ,METRIS,39.19184189,-77.02048266,2024,5,0
240021027,Property Damage Crash,05/04/2024 11:16:00 PM,NA,NA,Front to Front,Rain,Wet,Medium,Traffic Control Signal,NONE DETECTED,No,No Apparent Injury,NA,Unknown,MD,Passenger Car,Turning Left,35,No,2018,SUBARU,IMPREZA,39.14366151,-77.22377716,2024,5,23
240021027,Property Damage Crash,05/04/2024 11:16:00 PM,NA,NA,Front to Front,Rain,Wet,Medium,Traffic Control Signal,NONE DETECTED,No,No Apparent Injury,NA,Unknown,MD,Sport Utility Vehicle,Moving Constant Speed,35,No,2012,KIA,SORENTO,39.14366151,-77.22377716,2024,5,23
240021020,Injury Crash,05/04/2024 10:25:00 PM,FREDERICK RD,NA,Angle,Clear,Wet,Medium,No Controls,DRUG AND ALCOHOL CONTRIBUTED,No,No Apparent Injury,"Failed to Keep in Proper Lane, Operated Motor Vehicle in Inattentive, Careless, Negligent, or Erratic Manner, Operated Motor Vehicle in Reckless or Aggressive Manner, Other Improper Action, Ran Off Roadway, Too Fast For Conditions",Unknown,MD,Sport Utility Vehicle,Moving Constant Speed,35,No,2021,FORD,BRONCO,39.12684957,-77.1838813,2024,5,22
240021020,Injury Crash,05/04/2024 10:25:00 PM,FREDERICK RD,NA,Angle,Clear,Wet,Medium,No Controls,NONE DETECTED,No,Possible Minor Injury,NA,Not Distracted,MD,Sport Utility Vehicle,Entering Traffic Lane,35,No,2018,TOYOTA,RAV4,39.12684957,-77.1838813,2024,5,22
240021014,Property Damage Crash,05/04/2024 10:25:00 PM,NA,NA,"Sideswipe, Opposite Direction",Rain,NA,Medium,NA,NONE DETECTED,No,No Apparent Injury,NA,Not Distracted,MD,Passenger Car,Parked,0,No,0,NA,NA,39.03087055,-77.00468547,2024,5,22
240021014,Property Damage Crash,05/04/2024 10:25:00 PM,NA,NA,"Sideswipe, Opposite Direction",Rain,NA,Medium,NA,NONE DETECTED,No,NA,NA,NA,NA,Passenger Car,Overtaking/Passing,0,No,2014,DODGE,CHARGER,39.03087055,-77.00468547,2024,5,22
240021016,Property Damage Crash,05/04/2024 10:17:00 PM,NA,NA,Front to Rear,Rain,Wet,Dark,No Controls,NONE DETECTED,No,No Apparent Injury,NA,Not Distracted,MD,Passenger Car,Stopped in Traffic,35,No,2022,ACURA,ILX,39.16845776,-77.21001712,2024,5,22
240021016,Property Damage Crash,05/04/2024 10:17:00 PM,NA,NA,Front to Rear,Rain,Wet,Dark,No Controls,NONE DETECTED,No,No Apparent Injury,NA,Unknown,MD,Passenger Car,Moving Constant Speed,35,No,2012,TOYOTA,SCION FR-S,39.16845776,-77.21001712,2024,5,22
240021016,Property Damage Crash,05/04/2024 10:17:00 PM,NA,NA,Front to Rear,Rain,Wet,Dark,No Controls,NONE DETECTED,No,No Apparent Injury,NA,Not Distracted,MD,Passenger Car,Stopped in Traffic,35,No,2011,TOYOTA,COROLLA,39.16845776,-77.21001712,2024,5,22
240021021,Property Damage Crash,05/04/2024 10:04:00 PM,ARTHUR AVE,NA,Front to Rear,Rain,Wet,Medium,No Controls,NONE DETECTED,No,No Apparent Injury,NA,Unknown,MD,Sport Utility Vehicle,Moving Constant Speed,30,No,2017,TOYOTA,RAV4,39.01878383,-77.04825867,2024,5,22
240021013,Property Damage Crash,05/04/2024 09:54:00 PM,EDSON LA,NA,Front to Rear,Rain,Wet,Medium,Traffic Control Signal,NONE DETECTED,No,No Apparent Injury,"Followed Too Closely, Too Fast For Conditions",Unknown,MD,Passenger Car,NA,40,No,1999,TOYOTA,CAMRY,39.04048,-77.109836670000007,2024,5,21
240021013,Property Damage Crash,05/04/2024 09:54:00 PM,EDSON LA,NA,Front to Rear,Rain,Wet,Medium,Traffic Control Signal,NONE DETECTED,No,No Apparent Injury,NA,Not Distracted,MD,Passenger Car,Slowing or Stopping,40,No,2023,ACURA,MDX,39.04048,-77.109836670000007,2024,5,21
240021011,Injury Crash,05/04/2024 09:49:00 PM,NA,NA,Single Vehicle,Rain,NA,Medium,NA,NONE DETECTED,Yes,Possible Minor Injury,"Improper Turn, Ran Off Roadway",Unknown,MD,Passenger Car,Turning Left,0,No,2022,MAZDA,CX-9,39.07385469,-77.13695211,2024,5,21
240021002,Property Damage Crash,05/04/2024 09:12:00 PM,CRYSTAL ROCK DR,NA,Front to Rear,Rain,Wet,Medium,Traffic Control Signal,NONE DETECTED,No,No Apparent Injury,NA,Not Distracted,MD,Passenger Car,Slowing or Stopping,35,No,2023,TOYOTA,CAMRY,39.18284662,-77.26347945,2024,5,21
240021002,Property Damage Crash,05/04/2024 09:12:00 PM,CRYSTAL ROCK DR,NA,Front to Rear,Rain,Wet,Medium,Traffic Control Signal,NONE DETECTED,No,No Apparent Injury,NA,Not Distracted,MD,Passenger Car,Stopped in Traffic,35,No,2003,LEXUS,GS,39.18284662,-77.26347945,2024,5,21
240021002,Property Damage Crash,05/04/2024 09:12:00 PM,CRYSTAL ROCK DR,NA,Front to Rear,Rain,Wet,Medium,Traffic Control Signal,ALCOHOL PRESENT,Yes,No Apparent Injury,Followed Too Closely,Unknown,MD,Passenger Car,Moving Constant Speed,35,No,2018,BMW,430I,39.18284662,-77.26347945,2024,5,21
240021005,Property Damage Crash,05/04/2024 09:08:00 PM,PRICHARD RD,NA,"Sideswipe, Same Direction",Rain,Wet,Dark,No Controls,NONE DETECTED,Yes,No Apparent Injury,NA,Unknown,MD,Passenger Car,Moving Constant Speed,25,No,2018,HONDA,ACCORD,39.03655748,-77.04504184,2024,5,21
240021001,Property Damage Crash,05/04/2024 08:41:00 PM,NA,NA,Angle,Rain,Wet,Dark,Traffic Control Signal,NONE DETECTED,No,No Apparent Injury,NA,Not Distracted,MD,Passenger Car,Moving Constant Speed,25,No,2022,JEEP,COMPASS,38.98354408,-77.09607096,2024,5,20
240021001,Property Damage Crash,05/04/2024 08:41:00 PM,NA,NA,Angle,Rain,Wet,Dark,Traffic Control Signal,NONE DETECTED,No,NA,NA,NA,NA,Passenger Car,Changing Lanes,25,No,2016,LEXUS,RX,38.98354408,-77.09607096,2024,5,20
240020998,Property Damage Crash,05/04/2024 08:30:00 PM,NEW HAMPSHIRE AVE,NA,Front to Rear,Rain,Wet,Medium,No Controls,NONE DETECTED,Yes,No Apparent Injury,Too Fast For Conditions,Unknown,NY,Passenger Car,Moving Constant Speed,45,No,2019,NISSAN,ARMADA,39.0145104,-76.97795427,2024,5,20