Local Case Number,ACRS Report Type,Crash Date/Time,Road Name,Related Non-Motorist,Collision Type,Weather,Surface Condition,Light,Traffic Control,Driver Substance Abuse,Driver At Fault,Injury Severity,Circumstance,Driver Distracted By,Drivers License State,Vehicle Body Type,Vehicle Movement,Speed Limit,Driverless Vehicle,Vehicle Year,Vehicle Make,Vehicle Model,Latitude,Longitude,Year,Month,Hour
240020998,Property Damage Crash,05/04/2024 08:30:00 PM,NEW HAMPSHIRE AVE,NA,Front to Rear,Rain,Wet,Medium,No Controls,NONE DETECTED,No,No Apparent Injury,NA,Not Distracted,MD,Passenger Car,Slowing or Stopping,45,No,2021,TOYOTA,RAV4,39.0145104,-76.97795427,2024,5,20
240020995,Injury Crash,05/04/2024 07:55:00 PM,RANDOLPH RD,NA,Other,Cloudy,Wet,Medium,No Controls,NONE DETECTED,No,Possible Minor Injury,NA,Not Distracted,MD,Sport Utility Vehicle,Moving Constant Speed,35,No,2018,TOYOTA,HIGHLANDER,39.05440758,-77.08604913,2024,5,19
240020995,Injury Crash,05/04/2024 07:55:00 PM,RANDOLPH RD,NA,Other,Cloudy,Wet,Medium,No Controls,ALCOHOL PRESENT,No,Possible Minor Injury,NA,Not Distracted,MD,Sport Utility Vehicle,Moving Constant Speed,35,No,2023,JEEP,GRAND CHEROKEE,39.05440758,-77.08604913,2024,5,19
240020995,Injury Crash,05/04/2024 07:55:00 PM,RANDOLPH RD,NA,Other,Cloudy,Wet,Medium,No Controls,NONE DETECTED,No,Possible Minor Injury,NA,Not Distracted,MD,Pickup,Moving Constant Speed,35,No,2021,CHEVROLET,SILVERADO,39.05440758,-77.08604913,2024,5,19
240020986,Property Damage Crash,05/04/2024 05:40:00 PM,ENNALLS AVE,NA,Front to Rear,Rain,Wet,Daylight,No Controls,NONE DETECTED,No,No Apparent Injury,NA,Not Distracted,MD,Other Trucks,Backing,25,No,2008,PIERCE MANUFACTURING,TRUCK,39.04082934,-77.052202,2024,5,17
240020971,Injury Crash,05/04/2024 05:02:00 PM,ROCKVILLE PIKE (SB/L),NA,Front to Rear,Rain,Wet,Daylight,Traffic Control Signal,NONE DETECTED,No,No Apparent Injury,NA,Not Distracted,TX,Sport Utility Vehicle,Moving Constant Speed,35,No,2024,HONDA,CR-V,39.01295567,-77.09863398,2024,5,17
240020971,Injury Crash,05/04/2024 05:02:00 PM,ROCKVILLE PIKE (SB/L),NA,Front to Rear,Rain,Wet,Daylight,Traffic Control Signal,NONE DETECTED,Yes,Possible Minor Injury,NA,"Other Action (looking away from task, etc.)",VA,Sport Utility Vehicle,Moving Constant Speed,35,No,2004,HYUNDAI,SANTA FE,39.01295567,-77.09863398,2024,5,17
240020966,Property Damage Crash,05/04/2024 04:08:00 PM,REEDIE DR,NA,Front to Rear,Rain,Wet,Daylight,Traffic Control Signal,NONE DETECTED,No,No Apparent Injury,NA,Not Distracted,MD,Bus - Transit,Moving Constant Speed,25,No,2013,NEW FLYER,TRANSIT BUS,39.03817971,-77.05246108,2024,5,16
240020966,Property Damage Crash,05/04/2024 04:08:00 PM,REEDIE DR,NA,Front to Rear,Rain,Wet,Daylight,Traffic Control Signal,NONE DETECTED,Yes,No Apparent Injury,NA,Not Distracted,MD,Passenger Car,Turning Right,25,No,2022,TOYOTA,COROLLA,39.03817971,-77.05246108,2024,5,16
240020965,Injury Crash,05/04/2024 04:00:00 PM,BEALLSVILLE RD,NA,Single Vehicle,Rain,Wet,Daylight,No Controls,NONE DETECTED,Yes,Possible Minor Injury,Too Fast For Conditions,Not Distracted,MD,Passenger Car,Moving Constant Speed,40,No,1999,ACURA,INTEGRA,39.19798583,-77.39535913,2024,5,16
240020962,Property Damage Crash,05/04/2024 03:56:00 PM,RANDOLPH RD (WB/L),NA,Single Vehicle,Rain,Wet,Daylight,No Controls,NONE DETECTED,No,No Apparent Injury,NA,Not Distracted,MD,Passenger Car,Moving Constant Speed,40,No,2010,FORD,FUSION,39.07320746,-77.00843075,2024,5,15
240020955,Property Damage Crash,05/04/2024 03:07:00 PM,COLUMBIA PIKE,NA,Front to Rear,Cloudy,Dry,Daylight,No Controls,NONE DETECTED,No,No Apparent Injury,NA,Not Distracted,MD,Passenger Car,Moving Constant Speed,50,No,2023,TESLA,MODEL 3,39.06971151,-76.9579207,2024,5,15
240020955,Property Damage Crash,05/04/2024 03:07:00 PM,COLUMBIA PIKE,NA,Front to Rear,Cloudy,Dry,Daylight,No Controls,NONE DETECTED,No,No Apparent Injury,NA,NA,NA,NA,NA,50,No,0,NA,NA,39.06971151,-76.9579207,2024,5,15
240020958,Property Damage Crash,05/04/2024 03:02:00 PM,ODENDHAL AVE,NA,Front to Rear,Rain,Wet,Daylight,No Controls,NONE DETECTED,No,No Apparent Injury,NA,Not Distracted,MD,Bus - Transit,Slowing or Stopping,30,No,2017,GILLIG,CITY TRANSIT BUS,39.15088344,-77.20353833,2024,5,15
240020958,Property Damage Crash,05/04/2024 03:02:00 PM,ODENDHAL AVE,NA,Front to Rear,Rain,Wet,Daylight,No Controls,NONE DETECTED,Yes,No Apparent Injury,NA,Not Distracted,MD,Passenger Car,Moving Constant Speed,30,No,2006,NISSAN,SENTRA,39.15088344,-77.20353833,2024,5,15
240020953,Injury Crash,05/04/2024 02:50:00 PM,COLUMBIA PIKE (SB/L),NA,Front to Rear,Rain,Wet,Daylight,Traffic Control Signal,NONE DETECTED,No,No Apparent Injury,NA,Not Distracted,MD,Passenger Car,Slowing or Stopping,50,No,2015,CADILLAC,CT4,39.09782967,-76.93680667,2024,5,14
240020953,Injury Crash,05/04/2024 02:50:00 PM,COLUMBIA PIKE (SB/L),NA,Front to Rear,Rain,Wet,Daylight,Traffic Control Signal,NONE DETECTED,No,No Apparent Injury,NA,Not Distracted,MD,Passenger Car,Slowing or Stopping,50,No,2022,HONDA,ACCORD,39.09782967,-76.93680667,2024,5,14
240020953,Injury Crash,05/04/2024 02:50:00 PM,COLUMBIA PIKE (SB/L),NA,Front to Rear,Rain,Wet,Daylight,Traffic Control Signal,NONE DETECTED,Yes,Possible Minor Injury,NA,Unknown,NY,Passenger Car,Slowing or Stopping,50,No,2024,HYUNDAI,VENUE,39.09782967,-76.93680667,2024,5,14
240020952,Injury Crash,05/04/2024 02:47:00 PM,GRANDVIEW AVE,Cyclist (non-electric),Single Vehicle,Rain,Wet,Daylight,Traffic Control Signal,NONE DETECTED,Yes,No Apparent Injury,Failed to Yield Right-of-Way,Unknown,MD,Passenger Car,Turning Right,25,No,2003,FORD,MUSTANG,39.04116014,-77.05310545,2024,5,14
240020945,Property Damage Crash,05/04/2024 01:45:00 PM,FREDERICK RD (SB/L),NA,Angle,Rain,Wet,Daylight,Traffic Control Signal,NONE DETECTED,No,No Apparent Injury,NA,Not Distracted,MD,Passenger Car,Moving Constant Speed,35,No,2009,TOYOTA,CAMRY,39.15238367,-77.2121135,2024,5,13
240020945,Property Damage Crash,05/04/2024 01:45:00 PM,FREDERICK RD (SB/L),NA,Angle,Rain,Wet,Daylight,Traffic Control Signal,NONE DETECTED,No,No Apparent Injury,NA,Not Distracted,MD,Passenger Car,Moving Constant Speed,35,No,2010,HONDA,ACCORD,39.15238367,-77.2121135,2024,5,13
240020945,Property Damage Crash,05/04/2024 01:45:00 PM,FREDERICK RD (SB/L),NA,Angle,Rain,Wet,Daylight,Traffic Control Signal,NONE DETECTED,Yes,No Apparent Injury,"Ran Red Light, Too Fast For Conditions",Unknown,MD,Passenger Car,Moving Constant Speed,35,No,2005,TOYOTA,CAMRY,39.15238367,-77.2121135,2024,5,13
240020944,Property Damage Crash,05/04/2024 01:30:00 PM,VEIRS MILL RD (WB/L),NA,Angle,Rain,Wet,Daylight,Traffic Control Signal,NONE DETECTED,No,No Apparent Injury,Ran Red Light,Unknown,DE,Passenger Car,Moving Constant Speed,35,No,2016,TOYOTA,PRIUS,39.081465,-77.145568,2024,5,13
240020944,Property Damage Crash,05/04/2024 01:30:00 PM,VEIRS MILL RD (WB/L),NA,Angle,Rain,Wet,Daylight,Traffic Control Signal,NONE DETECTED,No,No Apparent Injury,NA,Not Distracted,MD,Passenger Car,Accelerating,35,No,2014,LEXUS,ES,39.081465,-77.145568,2024,5,13
240020944,Property Damage Crash,05/04/2024 01:30:00 PM,VEIRS MILL RD (WB/L),NA,Angle,Rain,Wet,Daylight,Traffic Control Signal,NONE DETECTED,No,No Apparent Injury,NA,Not Distracted,MD,Passenger Car,Accelerating,35,No,2017,MASERATI,GHIBLI,39.081465,-77.145568,2024,5,13
240020942,Property Damage Crash,05/04/2024 12:54:00 PM,NA,NA,Other,Rain,NA,Daylight,NA,NONE DETECTED,No,No Apparent Injury,NA,"Other Action (looking away from task, etc.)",MD,Passenger Car,Moving Constant Speed,0,No,2024,MITSUBISHI,MIRAGE,38.98831084,-76.98730373,2024,5,12
240020942,Property Damage Crash,05/04/2024 12:54:00 PM,NA,NA,Other,Rain,NA,Daylight,NA,NONE DETECTED,No,No Apparent Injury,NA,NA,NA,Passenger Car,Backing,0,No,2023,NISSAN,ROGUE,38.98831084,-76.98730373,2024,5,12
240020934,Property Damage Crash,05/04/2024 12:15:00 PM,RANDOLPH RD (WB/L),NA,Front to Rear,Rain,Wet,Daylight,Traffic Control Signal,NONE DETECTED,Yes,No Apparent Injury,Other Improper Action,"Other Action (looking away from task, etc.)",MD,Passenger Car,Backing,45,No,2013,DODGE,CHARGER,39.0666835,-77.029212,2024,5,12
240020934,Property Damage Crash,05/04/2024 12:15:00 PM,RANDOLPH RD (WB/L),NA,Front to Rear,Rain,Wet,Daylight,Traffic Control Signal,NONE DETECTED,No,No Apparent Injury,NA,Not Distracted,MD,Passenger Car,Moving Constant Speed,45,No,2024,HYUNDAI,ELANTRA,39.0666835,-77.029212,2024,5,12
240020933,Injury Crash,05/04/2024 11:59:00 AM,SHAKESPEARE BLVD (WB/L),Pedestrian,Single Vehicle,Rain,Wet,Daylight,Pedestrian Crossing,NONE DETECTED,Yes,No Apparent Injury,Failed to Yield Right-of-Way,Unknown,MD,Passenger Car,Moving Constant Speed,30,No,2003,HONDA,ELEMENT,39.19739283,-77.25253783,2024,5,11
240021140,Property Damage Crash,05/04/2024 11:52:00 AM,NA,NA,Front to Front,Clear,NA,Daylight,NA,NONE DETECTED,Yes,No Apparent Injury,NA,Unknown,MD,Passenger Car,Slowing or Stopping,0,No,2022,TOYOTA,RAV4,39.15119143,-77.20854808,2024,5,11
240020927,Property Damage Crash,05/04/2024 10:53:00 AM,OLD GEORGETOWN RD,NA,Single Vehicle,Rain,Wet,Daylight,Traffic Control Signal,NONE DETECTED,Yes,No Apparent Injury,"Failed to Keep in Proper Lane, Improper Turn, Operated Motor Vehicle in Inattentive, Careless, Negligent, or Erratic Manner, Over-Correcting/Over-Steering",Not Distracted,MD,Passenger Car,Moving Constant Speed,35,No,2015,BMW,325I,39.00018391,-77.10944989,2024,5,10
24000921,Property Damage Crash,05/04/2024 10:30:00 AM,SLIGO CREEK PKWY,NA,Single Vehicle,Rain,Wet,Daylight,No Controls,NONE DETECTED,No,No Apparent Injury,Improper Backing,Not Distracted,MD,Pickup,Backing,25,No,2015,FORD,F-350,39.02658722,-77.02889237,2024,5,10
240020924,Property Damage Crash,05/04/2024 10:15:00 AM,NA,NA,Single Vehicle,Rain,NA,Daylight,NA,NONE DETECTED,No,No Apparent Injury,NA,NA,NA,Truck Tractor,Backing,0,No,0,NA,NA,38.99898274,-77.00196829,2024,5,10
240020920,Injury Crash,05/04/2024 08:30:00 AM,NA,Pedestrian,Unknown,Rain,Wet,Daylight,Pedestrian Crossing Sign,NONE DETECTED,Yes,No Apparent Injury,Failed to Yield Right-of-Way,Unknown,MD,Van - Passenger (&lt;9 Seats),Accelerating,30,No,2017,HONDA,ODYSSEY,39.09084317,-77.11507983,2024,5,8
240020911,Injury Crash,05/04/2024 06:38:00 AM,SANDY SPRING RD,NA,Front to Rear,Rain,Wet,Medium,Traffic Control Signal,NONE DETECTED,No,Possible Minor Injury,NA,Not Distracted,MD,Passenger Car,Turning Left,45,No,2004,LEXUS,ES,39.10632066,-76.91876936,2024,5,6
240020911,Injury Crash,05/04/2024 06:38:00 AM,SANDY SPRING RD,NA,Front to Rear,Rain,Wet,Medium,Traffic Control Signal,NONE DETECTED,Yes,Possible Minor Injury,Failed to Keep in Proper Lane,Unknown,MD,Sport Utility Vehicle,Moving Constant Speed,45,No,2009,INFINITI,FX35,39.10632066,-76.91876936,2024,5,6
240020910,Injury Crash,05/04/2024 05:53:00 AM,CONNECTICUT AVE,NA,Angle,Rain,Wet,Medium,Traffic Control Signal,NONE DETECTED,Yes,No Apparent Injury,NA,Unknown,MD,Sport Utility Vehicle,Moving Constant Speed,35,No,2023,TOYOTA,VENZA,39.00638306,-77.07874492,2024,5,5
240020910,Injury Crash,05/04/2024 05:53:00 AM,CONNECTICUT AVE,NA,Angle,Rain,Wet,Medium,Traffic Control Signal,NONE DETECTED,No,Possible Minor Injury,NA,Not Distracted,MD,Passenger Car,Turning Left,25,No,2024,MAZDA,MAZDA3,39.00638306,-77.07874492,2024,5,5
240020913,Property Damage Crash,05/04/2024 05:44:00 AM,PERRY PKWY,NA,Single Vehicle,Rain,Wet,Medium,No Controls,NONE DETECTED,No,NA,NA,NA,NA,Passenger Car,Negotiating a Curve,30,No,2006,HONDA,ACCORD,39.14725831,-77.21413734,2024,5,5
240020906,Property Damage Crash,05/04/2024 02:30:00 AM,DALE DR,NA,Single Vehicle,Rain,Wet,Medium,No Controls,NONE DETECTED,No,No Apparent Injury,NA,"Other Action (looking away from task, etc.)",MD,Passenger Car,Moving Constant Speed,25,No,2018,NISSAN,SENTRA,39.008395,-77.03064817,2024,5,2
240020982,Property Damage Crash,05/04/2024 12:30:00 AM,DILSTON RD,NA,"Sideswipe, Same Direction",Clear,Dry,Dark,No Controls,NONE DETECTED,No,NA,NA,NA,NA,NA,Moving Constant Speed,25,No,0,NA,NA,39.01582395,-76.98491264,2024,5,0
240020891,Property Damage Crash,05/04/2024 12:07:00 AM,CROSSOVER,NA,Front to Rear,Clear,Dry,Medium,Traffic Control Signal,NONE DETECTED,No,No Apparent Injury,NA,Not Distracted,MD,Passenger Car,Making U-Turn,45,No,2011,ACURA,MDX,39.20023533,-77.24531467,2024,5,0
240020891,Property Damage Crash,05/04/2024 12:07:00 AM,CROSSOVER,NA,Front to Rear,Clear,Dry,Medium,Traffic Control Signal,NONE DETECTED,Yes,No Apparent Injury,Followed Too Closely,Unknown,MD,Passenger Car,Moving Constant Speed,45,No,2014,HONDA,ACCORD,39.20023533,-77.24531467,2024,5,0
240020894,Property Damage Crash,05/03/2024 11:59:00 PM,CONNECTICUT AVE,NA,Single Vehicle,Clear,Dry,Medium,No Controls,ALCOHOL PRESENT,Yes,No Apparent Injury,Other Improper Action,Not Distracted,MD,Passenger Car,Turning Right,35,No,2024,TOYOTA,CAMRY,38.98917499,-77.07707193,2024,5,23
240020884,Property Damage Crash,05/03/2024 11:00:00 PM,OLDE TOWNE AVE,NA,"Sideswipe, Same Direction",Clear,Dry,Medium,No Controls,NONE DETECTED,No,No Apparent Injury,NA,Unknown,MD,Passenger Car,Changing Lanes,30,No,2005,CHEVROLET,SILVERADO,39.14077055,-77.19558402,2024,5,23
240020884,Property Damage Crash,05/03/2024 11:00:00 PM,OLDE TOWNE AVE,NA,"Sideswipe, Same Direction",Clear,Dry,Medium,No Controls,NONE DETECTED,No,No Apparent Injury,NA,Not Distracted,MD,Passenger Car,Parked,30,No,2019,HONDA,CIVIC,39.14077055,-77.19558402,2024,5,23
240020879,Property Damage Crash,05/03/2024 09:52:00 PM,WATKINS POND BLVD,NA,Front to Rear,Clear,Dry,Medium,Traffic Control Signal,DRUG AND ALCOHOL CONTRIBUTED,Yes,No Apparent Injury,NA,Unknown,MD,Sport Utility Vehicle,Moving Constant Speed,40,No,2015,MERCEDES-BENZ,UNKNOWN,39.11235922,-77.16199387,2024,5,21
240020879,Property Damage Crash,05/03/2024 09:52:00 PM,WATKINS POND BLVD,NA,Front to Rear,Clear,Dry,Medium,Traffic Control Signal,NONE DETECTED,No,No Apparent Injury,NA,Not Distracted,MD,Passenger Car,Slowing or Stopping,40,No,2021,NISSAN,ALTIMA,39.11235922,-77.16199387,2024,5,21
240020879,Property Damage Crash,05/03/2024 09:52:00 PM,WATKINS POND BLVD,NA,Front to Rear,Clear,Dry,Medium,Traffic Control Signal,NONE DETECTED,No,No Apparent Injury,NA,Not Distracted,MD,Pickup,Slowing or Stopping,40,No,1997,CHEVROLET,C/K PICKUP,39.11235922,-77.16199387,2024,5,21
240020876,Property Damage Crash,05/03/2024 09:17:00 PM,GEORGIA AVE,NA,Single Vehicle,Clear,Dry,Dark,No Controls,DRUG AND ALCOHOL CONTRIBUTED,No,No Apparent Injury,"Disregarded Other Road Markings, Improper Turn, Operated Motor Vehicle in Inattentive, Careless, Negligent, or Erratic Manner, Operated Motor Vehicle in Reckless or Aggressive Manner, Ran Off Roadway, Too Fast For Conditions",Not Distracted,MD,Passenger Car,Negotiating a Curve,40,No,2014,DODGE,CARAVAN,39.21058264,-77.06265802,2024,5,21
240020871,Injury Crash,05/03/2024 09:13:00 PM,EAST WEST HWY (WB/L),NA,Front to Rear,Clear,Dry,Medium,No Controls,NONE DETECTED,No,No Apparent Injury,Followed Too Closely,Not Distracted,NJ,Sport Utility Vehicle,Slowing or Stopping,30,No,2012,JEEP,PATRIOT,38.97541463,-76.99355834,2024,5,21
240020871,Injury Crash,05/03/2024 09:13:00 PM,EAST WEST HWY (WB/L),NA,Front to Rear,Clear,Dry,Medium,No Controls,NONE DETECTED,No,No Apparent Injury,NA,Not Distracted,MD,Passenger Car,Slowing or Stopping,30,No,2017,MERCEDES-BENZ,C-CLASS,38.97541463,-76.99355834,2024,5,21
240020861,Property Damage Crash,05/03/2024 07:54:00 PM,NA,NA,"Sideswipe, Same Direction",Clear,NA,Medium,NA,ALCOHOL PRESENT,No,No Apparent Injury,Other Improper Action,Unknown,MD,Sport Utility Vehicle,Accelerating,0,No,2022,MERCEDES-BENZ,GLE-CLASS,39.16001918,-77.2206534,2024,5,19
240020849,Property Damage Crash,05/03/2024 07:14:00 PM,NA,Pedestrian,Single Vehicle,Clear,Dry,Daylight,Traffic Control Signal,NONE DETECTED,Yes,No Apparent Injury,NA,Not Distracted,NY,Passenger Car,Turning Right,35,No,2012,TOYOTA,PRIUS,38.98746491,-77.09876544,2024,5,19
240020848,Property Damage Crash,05/03/2024 06:52:00 PM,TURTLE ROCK TERR,NA,Rear To Side,Clear,Dry,Daylight,No Controls,NONE DETECTED,Yes,No Apparent Injury,NA,Unknown,MD,Passenger Car,Turning Left,25,No,2021,HONDA,CR-V,39.23094877,-77.25949509,2024,5,18
240020848,Property Damage Crash,05/03/2024 06:52:00 PM,TURTLE ROCK TERR,NA,Rear To Side,Clear,Dry,Daylight,No Controls,NONE DETECTED,No,No Apparent Injury,NA,Not Distracted,MD,Passenger Car,Moving Constant Speed,25,No,2007,CHEVROLET,CORVETTE,39.23094877,-77.25949509,2024,5,18
240020843,Property Damage Crash,05/03/2024 06:11:00 PM,VEIRS MILL RD (WB/L),NA,Front to Rear,Clear,Dry,Daylight,No Controls,NONE DETECTED,Yes,No Apparent Injury,NA,Unknown,MD,Passenger Car,NA,45,No,2017,HONDA,ACCORD,39.06117242,-77.09092455,2024,5,18
240020843,Property Damage Crash,05/03/2024 06:11:00 PM,VEIRS MILL RD (WB/L),NA,Front to Rear,Clear,Dry,Daylight,No Controls,NONE DETECTED,No,No Apparent Injury,NA,Not Distracted,MD,Unknown,Slowing or Stopping,45,No,2002,FORD,F-550,39.06117242,-77.09092455,2024,5,18
240020830,Property Damage Crash,05/03/2024 05:00:00 PM,RIDGEMONT AVE (EB/L),NA,Angle,Clear,Dry,Daylight,Traffic Control Signal,NONE DETECTED,Yes,No Apparent Injury,Improper Turn,Not Distracted,MD,Sport Utility Vehicle,Making U-Turn,40,No,2015,NISSAN,ROGUE,39.11916711,-77.17184201,2024,5,17
240020830,Property Damage Crash,05/03/2024 05:00:00 PM,RIDGEMONT AVE (EB/L),NA,Angle,Clear,Dry,Daylight,Traffic Control Signal,NONE DETECTED,No,No Apparent Injury,NA,Not Distracted,MD,Station Wagon,Moving Constant Speed,40,No,2024,TOYOTA,COROLLA,39.11916711,-77.17184201,2024,5,17
240020833,Property Damage Crash,05/03/2024 04:52:00 PM,NA,NA,Angle,Clear,Dry,Daylight,No Controls,NONE DETECTED,No,No Apparent Injury,Failed to Yield Right-of-Way,Not Distracted,MD,Sport Utility Vehicle,Turning Left,30,No,2021,HYUNDAI,PALISADE,39.0184658,-77.20868874,2024,5,16
240020833,Property Damage Crash,05/03/2024 04:52:00 PM,NA,NA,Angle,Clear,Dry,Daylight,No Controls,NONE DETECTED,No,No Apparent Injury,NA,Not Distracted,MD,Sport Utility Vehicle,Moving Constant Speed,30,No,2015,MERCEDES-BENZ,350,39.0184658,-77.20868874,2024,5,16
240020827,Property Damage Crash,05/03/2024 04:50:00 PM,NA,NA,Rear To Side,Clear,NA,Daylight,NA,NONE DETECTED,No,No Apparent Injury,NA,Not Distracted,MD,Bus - School,Parked,0,No,2018,FREIGHTLINER,B2 BUS CHASSIS,39.22717981,-77.2715704,2024,5,16
240020813,Injury Crash,05/03/2024 03:50:00 PM,LEWISBERRY DR,NA,Front to Rear,Clear,Dry,Daylight,No Controls,NONE DETECTED,Yes,Possible Minor Injury,NA,Not Distracted,MD,Passenger Car,Moving Constant Speed,35,No,2015,TOYOTA,SIENNA,39.18301179,-77.18220162,2024,5,15
240020813,Injury Crash,05/03/2024 03:50:00 PM,LEWISBERRY DR,NA,Front to Rear,Clear,Dry,Daylight,No Controls,NONE DETECTED,No,Possible Minor Injury,NA,Not Distracted,MD,Sport Utility Vehicle,Slowing or Stopping,35,No,1997,HONDA,CR-V,39.18301179,-77.18220162,2024,5,15
240020808,Injury Crash,05/03/2024 03:38:00 PM,SOUTHLAWN LA,NA,Single Vehicle,Clear,Dry,Daylight,Traffic Control Signal,NONE DETECTED,Yes,Possible Minor Injury,"Operated Motor Vehicle in Reckless or Aggressive Manner, Over-Correcting/Over-Steering",Not Distracted,MD,Sport Utility Vehicle,Turning Left,35,No,2019,NISSAN,MURANO,39.09776217,-77.13636945,2024,5,15
240020789,Property Damage Crash,05/03/2024 02:42:00 PM,FARNELL DR,NA,Single Vehicle,Clear,Dry,Daylight,No Controls,ALCOHOL PRESENT,Yes,No Apparent Injury,NA,Unknown,DC,Pickup,NA,15,No,1983,FORD,F-150,39.06077932,-77.06325287,2024,5,14
240020783,Injury Crash,05/03/2024 02:35:00 PM,MACARTHUR BLVD,NA,Angle,Cloudy,Dry,Daylight,No Controls,NONE DETECTED,No,Possible Minor Injury,NA,Not Distracted,MD,Passenger Car,Moving Constant Speed,30,No,2012,HONDA,CIVIC,38.96859784,-77.13857145,2024,5,14
240020783,Injury Crash,05/03/2024 02:35:00 PM,MACARTHUR BLVD,NA,Angle,Cloudy,Dry,Daylight,Yield Sign,NONE DETECTED,Yes,No Apparent Injury,Failed to Yield Right-of-Way,Not Distracted,DC,Passenger Car,Moving Constant Speed,30,No,2017,TOYOTA,PRIUS,38.96859784,-77.13857145,2024,5,14
240020785,Injury Crash,05/03/2024 02:17:00 PM,OLD GEORGETOWN RD,NA,Rear To Side,Clear,Dry,Daylight,Traffic Control Signal,NONE DETECTED,Yes,Possible Minor Injury,NA,Not Distracted,MD,Passenger Car,Moving Constant Speed,40,No,1998,TOYOTA,CAMRY,39.04952856,-77.1142086,2024,5,14
240020785,Injury Crash,05/03/2024 02:17:00 PM,OLD GEORGETOWN RD,NA,Rear To Side,Clear,Dry,Daylight,Traffic Control Signal,NONE DETECTED,No,Possible Minor Injury,NA,Not Distracted,MD,Passenger Car,Moving Constant Speed,40,No,2014,CADILLAC,CTS,39.04952856,-77.1142086,2024,5,14
240020771,Injury Crash,05/03/2024 02:07:00 PM,NA,NA,Single Vehicle,Clear,NA,Daylight,NA,NONE DETECTED,Yes,Suspected Serious Injury,Ran Off Roadway,Unknown,MD,Passenger Car,Negotiating a Curve,0,No,2009,TOYOTA,CAMRY,39.10135528,-77.07605661,2024,5,14
240020777,Property Damage Crash,05/03/2024 02:00:00 PM,COLESVILLE RD (SB/L),NA,Rear To Side,Clear,Dry,Daylight,No Controls,NONE DETECTED,No,No Apparent Injury,NA,Not Distracted,MD,Passenger Car,Moving Constant Speed,40,No,2024,MINI,COOPER,39.02392109,-77.01123668,2024,5,14
240020784,Property Damage Crash,05/03/2024 02:00:00 PM,WASHINGTON AVE,NA,Angle,Clear,Dry,Daylight,Stop Sign,NONE DETECTED,Yes,No Apparent Injury,Failed to Yield Right-of-Way,Unknown,MD,Sport Utility Vehicle,Turning Left,30,No,2024,HONDA,CR-V,39.06158789,-77.11509068,2024,5,14
240020787,Property Damage Crash,05/03/2024 02:00:00 PM,MONTGOMERY VILLAGE AVE,NA,"Sideswipe, Same Direction",Clear,Dry,Daylight,Traffic Control Signal,NONE DETECTED,Yes,No Apparent Injury,NA,Not Distracted,MD,Passenger Car,Moving Constant Speed,35,No,2018,DODGE,DURANGO,39.17300767,-77.20352383,2024,5,14
240020777,Property Damage Crash,05/03/2024 02:00:00 PM,COLESVILLE RD (SB/L),NA,Rear To Side,Clear,Dry,Daylight,Stop Sign,NONE DETECTED,Yes,No Apparent Injury,"Failed to Yield Right-of-Way, Operated Motor Vehicle in Inattentive, Careless, Negligent, or Erratic Manner",Not Distracted,MD,Pickup,Moving Constant Speed,25,No,2016,RAM,1500,39.02392109,-77.01123668,2024,5,14
240020787,Property Damage Crash,05/03/2024 02:00:00 PM,MONTGOMERY VILLAGE AVE,NA,"Sideswipe, Same Direction",Clear,Dry,Daylight,Traffic Control Signal,NONE DETECTED,Yes,No Apparent Injury,NA,Not Distracted,MD,Other,Turning Right,35,No,2018,FORD,TRANSIT,39.17300767,-77.20352383,2024,5,14
240020784,Property Damage Crash,05/03/2024 02:00:00 PM,WASHINGTON AVE,NA,Angle,Clear,Dry,Daylight,No Controls,NONE DETECTED,No,No Apparent Injury,NA,Not Distracted,MD,Passenger Car,Moving Constant Speed,30,No,2022,FORD,TRANSIT CONNECT,39.06158789,-77.11509068,2024,5,14