Local Case Number,ACRS Report Type,Crash Date/Time,Road Name,Related Non-Motorist,Collision Type,Weather,Surface Condition,Light,Traffic Control,Driver Substance Abuse,Driver At Fault,Injury Severity,Circumstance,Driver Distracted By,Drivers License State,Vehicle Body Type,Vehicle Movement,Speed Limit,Driverless Vehicle,Vehicle Year,Vehicle Make,Vehicle Model,Latitude,Longitude,Year,Month,Hour
240020769,Property Damage Crash,05/03/2024 01:52:00 PM,RIVER RD,NA,Front to Rear,Clear,Dry,Daylight,No Controls,NONE DETECTED,No,No Apparent Injury,NA,Not Distracted,MD,Passenger Car,Slowing or Stopping,35,No,2010,LEXUS,ES,38.9878,-77.146845,2024,5,13
240020769,Property Damage Crash,05/03/2024 01:52:00 PM,RIVER RD,NA,Front to Rear,Clear,Dry,Daylight,No Controls,NONE DETECTED,Yes,No Apparent Injury,NA,Unknown,MD,Passenger Car,Slowing or Stopping,35,No,2019,TOYOTA,CAMRY,38.9878,-77.146845,2024,5,13
240020759,Property Damage Crash,05/03/2024 01:30:00 PM,NEW HAMPSHIRE AVE (SB/L),NA,Front to Rear,Clear,Dry,Daylight,No Controls,NONE DETECTED,No,No Apparent Injury,NA,Not Distracted,MD,Passenger Car,Moving Constant Speed,40,No,2013,NISSAN,ALTIMA,39.01140804,-76.97879351,2024,5,13
240020759,Property Damage Crash,05/03/2024 01:30:00 PM,NEW HAMPSHIRE AVE (SB/L),NA,Front to Rear,Clear,Dry,Daylight,No Controls,NONE DETECTED,No,No Apparent Injury,NA,Not Distracted,NA,Passenger Car,Moving Constant Speed,40,No,2010,MAZDA,MAZDA3,39.01140804,-76.97879351,2024,5,13
240020759,Property Damage Crash,05/03/2024 01:30:00 PM,NEW HAMPSHIRE AVE (SB/L),NA,Front to Rear,Clear,Dry,Daylight,No Controls,NONE DETECTED,Yes,No Apparent Injury,NA,Not Distracted,MD,Passenger Car,Moving Constant Speed,40,No,2013,MERCEDES-BENZ,SPRINTER,39.01140804,-76.97879351,2024,5,13
240020764,Property Damage Crash,05/03/2024 01:10:00 PM,NA,NA,Front to Rear,Clear,NA,Daylight,NA,NONE DETECTED,No,No Apparent Injury,NA,Not Distracted,MD,Passenger Car,Parked,0,No,2020,HONDA,CIVIC,39.14893637,-77.20983146,2024,5,13
240020764,Property Damage Crash,05/03/2024 01:10:00 PM,NA,NA,Front to Rear,Clear,NA,Daylight,NA,NONE DETECTED,No,No Apparent Injury,NA,Unknown,NA,Passenger Car,NA,0,No,2009,CHEVROLET,IMPALA LIMITED,39.14893637,-77.20983146,2024,5,13
240020758,Property Damage Crash,05/03/2024 01:06:00 PM,NA,NA,Angle,Clear,Dry,Daylight,No Controls,NONE DETECTED,No,No Apparent Injury,NA,Not Distracted,MD,Passenger Car,Moving Constant Speed,30,No,2018,LEXUS,IS,39.00098246,-77.12121039,2024,5,13
240020758,Property Damage Crash,05/03/2024 01:06:00 PM,NA,NA,Angle,Clear,Dry,Daylight,No Controls,NONE DETECTED,No,No Apparent Injury,Failed to Yield Right-of-Way,Not Distracted,MD,Sport Utility Vehicle,Accelerating,30,No,2023,NISSAN,PATHFINDER,39.00098246,-77.12121039,2024,5,13
240020756,Injury Crash,05/03/2024 01:03:00 PM,TWINBROOK PKWY (NB/L),NA,Angle,Clear,Dry,Daylight,No Controls,NONE DETECTED,No,Possible Minor Injury,NA,Not Distracted,MD,Passenger Car,Moving Constant Speed,25,No,2007,HONDA,CR-V,39.05868388,-77.11974783,2024,5,13
240020756,Injury Crash,05/03/2024 01:03:00 PM,TWINBROOK PKWY (NB/L),NA,Angle,Clear,Dry,Daylight,No Controls,NONE DETECTED,Yes,Possible Minor Injury,NA,Not Distracted,MD,Passenger Car,Turning Left,25,No,2013,HONDA,FIT,39.05868388,-77.11974783,2024,5,13
240020798,Injury Crash,05/03/2024 12:07:00 PM,CROWN PARK AVE,NA,"Sideswipe, Same Direction",Clear,Dry,Daylight,Stop Sign,NONE DETECTED,No,No Apparent Injury,NA,Not Distracted,MD,Bus - Other Type,Turning Left,25,No,2008,THOMAS BUILT,UNKNOWN,39.11446245,-77.20580802,2024,5,12
240020743,Injury Crash,05/03/2024 11:56:00 AM,CAPITAL BELTWAY (WB/L),NA,Rear To Rear,Cloudy,Dry,Daylight,No Controls,NONE DETECTED,Yes,No Apparent Injury,Followed Too Closely,Unknown,MD,Pickup,Slowing or Stopping,55,No,2024,GMC,SIERRA,39.00855727,-77.0876301,2024,5,11
240020743,Injury Crash,05/03/2024 11:56:00 AM,CAPITAL BELTWAY (WB/L),NA,Rear To Rear,Cloudy,Dry,Daylight,No Controls,NONE DETECTED,No,Possible Minor Injury,NA,Not Distracted,MD,Passenger Car,Slowing or Stopping,55,No,2002,CHRYSLER,PACIFICA,39.00855727,-77.0876301,2024,5,11
240020742,Property Damage Crash,05/03/2024 11:50:00 AM,BUREAU DR,NA,Angle,Clear,Dry,Daylight,Stop Sign,NONE DETECTED,No,No Apparent Injury,NA,Not Distracted,MD,Other Trucks,Making U-Turn,25,No,2020,CHEVROLET,5500HD,39.1430909,-77.216995,2024,5,11
240020742,Property Damage Crash,05/03/2024 11:50:00 AM,BUREAU DR,NA,Angle,Clear,Dry,Daylight,Stop Sign,NONE DETECTED,Yes,No Apparent Injury,NA,"Other Action (looking away from task, etc.)",MD,Passenger Car,Turning Right,25,No,2010,HYUNDAI,ACCENT,39.1430909,-77.216995,2024,5,11
240020729,Injury Crash,05/03/2024 10:50:00 AM,BUREAU DR (SB/L),NA,Rear To Side,Clear,Dry,Daylight,Traffic Control Signal,NONE DETECTED,No,Possible Minor Injury,NA,Not Distracted,MD,Passenger Car,Moving Constant Speed,35,No,2017,LEXUS,ES,39.14168018,-77.21772491,2024,5,10
240020729,Injury Crash,05/03/2024 10:50:00 AM,BUREAU DR (SB/L),NA,Rear To Side,Clear,Dry,Daylight,Traffic Control Signal,NONE DETECTED,Yes,Possible Minor Injury,Failed to Yield Right-of-Way,Not Distracted,NC,Passenger Car,Turning Left,35,No,2009,DODGE,CARAVAN/GRAND CARAVAN,39.14168018,-77.21772491,2024,5,10
240020716,Property Damage Crash,05/03/2024 10:00:00 AM,BOWIE MILL RD,NA,Rear To Side,Clear,Dry,Daylight,Stop Sign,NONE DETECTED,Yes,No Apparent Injury,NA,Unknown,MD,Passenger Car,Moving Constant Speed,35,No,2018,FORD,EXPLORER,39.14636301,-77.11741033,2024,5,10
240020716,Property Damage Crash,05/03/2024 10:00:00 AM,BOWIE MILL RD,NA,Rear To Side,Clear,Dry,Daylight,Stop Sign,NONE DETECTED,No,No Apparent Injury,NA,Not Distracted,MD,Truck Tractor,Backing,35,No,2007,INTERNATIONAL,UNKNOWN,39.14636301,-77.11741033,2024,5,10
240020718,Property Damage Crash,05/03/2024 08:39:00 AM,NA,NA,"Sideswipe, Same Direction",Clear,NA,Daylight,NA,NONE DETECTED,Yes,No Apparent Injury,NA,Not Distracted,MD,Sport Utility Vehicle,Moving Constant Speed,0,No,2017,LAND ROVER,DISCOVERY SPORT,38.98867703,-77.13022712,2024,5,8
240020718,Property Damage Crash,05/03/2024 08:39:00 AM,NA,NA,"Sideswipe, Same Direction",Clear,NA,Daylight,NA,NONE DETECTED,No,No Apparent Injury,NA,Not Distracted,MD,Van - Passenger (&lt;9 Seats),Stopped in Traffic,0,No,2023,HONDA,ODYSSEY,38.98867703,-77.13022712,2024,5,8
240020693,Property Damage Crash,05/03/2024 08:00:00 AM,NA,NA,Front to Rear,Clear,Dry,Daylight,Traffic Control Signal,NONE DETECTED,No,No Apparent Injury,NA,Not Distracted,MD,Passenger Car,Accelerating,45,No,2019,GMC,ACADIA,39.199205,-77.24531167,2024,5,8
240020693,Property Damage Crash,05/03/2024 08:00:00 AM,NA,NA,Front to Rear,Clear,Dry,Daylight,Traffic Control Signal,NONE DETECTED,Yes,No Apparent Injury,Followed Too Closely,Not Distracted,FL,Passenger Car,Moving Constant Speed,45,No,2019,VOLKSWAGEN,JETTA,39.199205,-77.24531167,2024,5,8
240020684,Property Damage Crash,05/03/2024 07:35:00 AM,QUINCE ORCHARD BLVD,NA,Single Vehicle,Clear,Dry,Daylight,No Controls,NONE DETECTED,Yes,No Apparent Injury,NA,Unknown,MD,Passenger Car,Changing Lanes,25,No,2008,TOYOTA,YARIS,39.13405806,-77.22840751,2024,5,7
240020681,Injury Crash,05/03/2024 07:33:00 AM,NA,Cyclist (non-electric),Single Vehicle,Clear,NA,Daylight,NA,NONE DETECTED,No,No Apparent Injury,NA,Not Distracted,MD,Passenger Car,Slowing or Stopping,0,No,2013,JAGUAR,XJS,38.98813199,-77.08070527,2024,5,7
240020680,Property Damage Crash,05/03/2024 07:07:00 AM,COLESVILLE MANOR DR,NA,Front to Rear,Clear,Dry,Daylight,No Controls,NONE DETECTED,No,No Apparent Injury,NA,Not Distracted,MD,Passenger Car,Slowing or Stopping,45,No,2005,NISSAN,FRONTIER,39.0855246,-76.99955048,2024,5,7
240020680,Property Damage Crash,05/03/2024 07:07:00 AM,COLESVILLE MANOR DR,NA,Front to Rear,Clear,Dry,Daylight,No Controls,NONE DETECTED,Yes,No Apparent Injury,"Followed Too Closely, Operated Motor Vehicle in Inattentive, Careless, Negligent, or Erratic Manner, Operated Motor Vehicle in Reckless or Aggressive Manner",Unknown,NA,Passenger Car,Accelerating,45,No,2017,CHEVROLET,EXPRESS,39.0855246,-76.99955048,2024,5,7
240020672,Injury Crash,05/03/2024 05:05:00 AM,NA,NA,Rear To Side,Clear,Dry,Medium,Flashing Traffic Control Signal,NONE DETECTED,Yes,Possible Minor Injury,Other Improper Action,Not Distracted,MD,Motorcycle - 2 Wheeled,Slowing or Stopping,30,No,2021,HARLEY DAVIDSON,CVO ROAD GLIDE,39.15655683,-77.26669367,2024,5,5
240020672,Injury Crash,05/03/2024 05:05:00 AM,NA,NA,Rear To Side,Clear,Dry,Medium,Flashing Traffic Control Signal,NONE DETECTED,No,No Apparent Injury,NA,Not Distracted,MD,Passenger Car,Moving Constant Speed,30,No,2007,TOYOTA,CAMRY,39.15655683,-77.26669367,2024,5,5
240020669,Property Damage Crash,05/03/2024 04:07:00 AM,NEW HAMPSHIRE AVE (SB/L),NA,Single Vehicle,Clear,Dry,Medium,No Controls,NONE DETECTED,No,No Apparent Injury,NA,Unknown,MD,Passenger Car,Moving Constant Speed,35,No,2013,DODGE,CHALLENGER,38.96856468,-77.00048549,2024,5,4
240020639,Injury Crash,05/02/2024 10:00:00 PM,MONTGOMERY VILLAGE AVE (SB/L),NA,Rear To Side,Clear,Dry,Medium,Traffic Control Signal,NONE DETECTED,Yes,No Apparent Injury,NA,Not Distracted,MD,Passenger Car,Turning Left,35,No,2004,HONDA,ACCORD,39.15804,-77.20455,2024,5,22
240020639,Injury Crash,05/02/2024 10:00:00 PM,MONTGOMERY VILLAGE AVE (SB/L),NA,Rear To Side,Clear,Dry,Medium,Traffic Control Signal,NONE DETECTED,No,Possible Minor Injury,NA,Not Distracted,MD,Passenger Car,Moving Constant Speed,35,No,1995,HONDA,ACCORD,39.15804,-77.20455,2024,5,22
240020636,Property Damage Crash,05/02/2024 09:46:00 PM,RIDGE RD (SB/L),NA,Single Vehicle,Clear,Dry,Medium,Traffic Control Signal,NONE DETECTED,Yes,No Apparent Injury,Ran Off Roadway,Not Distracted,MD,Passenger Car,Changing Lanes,45,No,2021,NISSAN,VERSA,39.215426,-77.23893883,2024,5,21
240020637,Property Damage Crash,05/02/2024 08:57:00 PM,LOWANDER LA,NA,Front to Rear,Clear,Dry,Medium,No Controls,ALCOHOL PRESENT,Yes,No Apparent Injury,NA,Not Distracted,MD,Pickup,Slowing or Stopping,30,No,2014,FORD,F-150,39.00972833,-76.998112,2024,5,20
240020637,Property Damage Crash,05/02/2024 08:57:00 PM,LOWANDER LA,NA,Front to Rear,Clear,Dry,Medium,No Controls,NONE DETECTED,No,No Apparent Injury,NA,Not Distracted,MD,Passenger Car,Parked,30,No,2021,TOYOTA,CAMRY,39.00972833,-76.998112,2024,5,20
240020633,Property Damage Crash,05/02/2024 08:55:00 PM,VEIRS MILL RD,NA,Front to Rear,Clear,Other,Medium,No Controls,NONE DETECTED,No,No Apparent Injury,NA,Not Distracted,MD,Passenger Car,Moving Constant Speed,40,No,2017,MITSUBISHI,MIRAGE,39.07828356,-77.13018895,2024,5,20
240020633,Property Damage Crash,05/02/2024 08:55:00 PM,VEIRS MILL RD,NA,Front to Rear,Clear,Other,Medium,No Controls,NONE DETECTED,No,No Apparent Injury,NA,Not Distracted,MD,Passenger Car,Moving Constant Speed,40,No,2003,VOLKSWAGEN,JETTA,39.07828356,-77.13018895,2024,5,20
240020634,Property Damage Crash,05/02/2024 08:36:00 PM,GAIL ST,NA,Angle,Clear,Dry,Medium,No Controls,NONE DETECTED,No,No Apparent Injury,NA,Not Distracted,DC,Bus - Transit,Accelerating,35,No,2023,NEW FLYER,TRANSIT BUS,39.04936784,-77.07069258,2024,5,20
240020634,Property Damage Crash,05/02/2024 08:36:00 PM,GAIL ST,NA,Angle,Clear,Dry,Medium,No Controls,NONE DETECTED,No,No Apparent Injury,Improper Turn,Not Distracted,MD,Pickup,Turning Right,35,No,2007,CHEVROLET,SILVERADO,39.04936784,-77.07069258,2024,5,20
240020619,Injury Crash,05/02/2024 07:38:00 PM,UNIVERSITY BLVD,Pedestrian,Single Vehicle,Clear,Dry,Daylight,No Controls,NONE DETECTED,No,Possible Minor Injury,Failed to Yield Right-of-Way,Not Distracted,MD,Passenger Car,Turning Left,15,No,2015,HONDA,ACCORD,38.98956538,-76.98858805,2024,5,19
240020617,Property Damage Crash,05/02/2024 06:40:00 PM,NA,NA,Front to Front,Clear,NA,Daylight,NA,NONE DETECTED,No,NA,NA,NA,NA,Passenger Car,Turning Left,0,No,2013,HYUNDAI,ACCENT,39.20015667,-77.25391333,2024,5,18
240020607,Property Damage Crash,05/02/2024 06:08:00 PM,GLENMONT SHOPPING CTR CUT THRU CUT,NA,Single Vehicle,Clear,Dry,Daylight,No Controls,NONE DETECTED,No,No Apparent Injury,Other Improper Action,Unknown,MD,Passenger Car,Turning Right,15,No,2015,HONDA,CIVIC,39.05933038,-77.05009534,2024,5,18
240020603,Property Damage Crash,05/02/2024 05:59:00 PM,NA,NA,Single Vehicle,Clear,NA,Daylight,NA,NONE DETECTED,No,No Apparent Injury,NA,Not Distracted,NA,Sport Utility Vehicle,Accelerating,0,No,2022,BMW,X5,39.04628914,-77.1867638,2024,5,17
240020594,Property Damage Crash,05/02/2024 05:45:00 PM,REDLAND RD,NA,Angle,Clear,Dry,Daylight,Traffic Control Signal,NONE DETECTED,Yes,No Apparent Injury,Failed to Yield Right-of-Way,Not Distracted,MD,Passenger Car,Turning Left,35,No,2017,VOLKSWAGEN,PASSAT,39.11998017,-77.16003517,2024,5,17
240020594,Property Damage Crash,05/02/2024 05:45:00 PM,REDLAND RD,NA,Angle,Clear,Dry,Daylight,Traffic Control Signal,NONE DETECTED,No,No Apparent Injury,NA,Not Distracted,VA,Passenger Car,Moving Constant Speed,35,No,2010,HONDA,CIVIC,39.11998017,-77.16003517,2024,5,17
240020612,Property Damage Crash,05/02/2024 05:39:00 PM,NA,NA,Other,Clear,NA,Daylight,NA,NONE DETECTED,No,No Apparent Injury,NA,Not Distracted,MD,Passenger Car,Parked,0,No,2018,SUBARU,WRX,39.07470736,-77.11582974,2024,5,17
240020593,Injury Crash,05/02/2024 05:38:00 PM,CRYSTAL ROCK DR,NA,Rear To Side,Clear,Dry,Daylight,Stop Sign,NONE DETECTED,Yes,Possible Minor Injury,NA,Unknown,NA,Passenger Car,Accelerating,35,No,2021,CHEVROLET,CAMARO,39.19014688,-77.26657418,2024,5,17
240020593,Injury Crash,05/02/2024 05:38:00 PM,CRYSTAL ROCK DR,NA,Rear To Side,Clear,Dry,Daylight,No Controls,NONE DETECTED,No,Suspected Serious Injury,NA,Not Distracted,MD,Passenger Car,Moving Constant Speed,35,No,2014,NISSAN,SENTRA,39.19014688,-77.26657418,2024,5,17
240020585,Injury Crash,05/02/2024 04:37:00 PM,NA,NA,Single Vehicle,Clear,Dry,Daylight,No Controls,NONE DETECTED,No,No Apparent Injury,NA,Not Distracted,MD,Passenger Car,Moving Constant Speed,35,No,2012,VOLKSWAGEN,ROUTAN,38.95879656,-77.13106326,2024,5,16
240020580,Property Damage Crash,05/02/2024 04:26:00 PM,COLUMBIA PIKE (SB/L),NA,"Sideswipe, Same Direction",Clear,Dry,Daylight,Traffic Control Signal,NONE DETECTED,Yes,No Apparent Injury,"Failed to Keep in Proper Lane, Operated Motor Vehicle in Inattentive, Careless, Negligent, or Erratic Manner",Unknown,MD,Passenger Car,Changing Lanes,50,No,2020,HYUNDAI,ELANTRA,39.06785986,-76.95948648,2024,5,16
240020580,Property Damage Crash,05/02/2024 04:26:00 PM,COLUMBIA PIKE (SB/L),NA,"Sideswipe, Same Direction",Clear,Dry,Daylight,Traffic Control Signal,NONE DETECTED,No,No Apparent Injury,NA,Not Distracted,MD,Passenger Car,Moving Constant Speed,50,No,2015,HYUNDAI,SONATA,39.06785986,-76.95948648,2024,5,16
240020615,Injury Crash,05/02/2024 04:00:00 PM,KING FARM BLVD,Pedestrian,Single Vehicle,Clear,Dry,Daylight,Traffic Control Signal,NONE DETECTED,Yes,No Apparent Injury,"Failed to Yield Right-of-Way, Other Improper Action",Unknown,MD,Passenger Car,NA,25,No,2019,HYUNDAI,UNKNOWN,39.11709539,-77.16900101,2024,5,16
240020576,Property Damage Crash,05/02/2024 03:33:00 PM,RIDGEMONT AVE (EB/L),NA,Single Vehicle,Clear,Dry,Daylight,No Controls,NONE DETECTED,No,No Apparent Injury,NA,Not Distracted,MD,Bus - School,Moving Constant Speed,25,No,2015,FREIGHTLINER,B2 BUS CHASSIS,39.11853326,-77.1723903,2024,5,15
240020562,Property Damage Crash,05/02/2024 03:22:00 PM,NA,NA,Front to Rear,Clear,NA,Daylight,NA,NONE DETECTED,No,No Apparent Injury,Other Improper Action,Unknown,MD,Passenger Car,Slowing or Stopping,0,No,2016,FORD,INTERCEPTOR,39.0657424,-77.15971898,2024,5,15
240020732,Property Damage Crash,05/02/2024 02:59:00 PM,HOSKINSON RD,NA,Single Vehicle,Clear,Dry,Daylight,No Controls,NONE DETECTED,No,No Apparent Injury,NA,NA,NA,Sport Utility Vehicle,Backing,25,No,2009,TOYOTA,4-RUNNER,39.14209147,-77.41178448,2024,5,14
240020556,Property Damage Crash,05/02/2024 02:45:00 PM,DARNESTOWN RD,NA,"Sideswipe, Opposite Direction",Clear,Dry,Daylight,No Controls,NONE DETECTED,No,No Apparent Injury,NA,Not Distracted,MD,Passenger Car,Turning Left,30,No,2023,MERCEDES-BENZ,CLA-CLASS,39.11373877,-77.26757568,2024,5,14
240020556,Property Damage Crash,05/02/2024 02:45:00 PM,DARNESTOWN RD,NA,"Sideswipe, Opposite Direction",Clear,Dry,Daylight,No Controls,NONE DETECTED,No,No Apparent Injury,NA,Not Distracted,MD,Passenger Car,Moving Constant Speed,40,No,2007,HONDA,CIVIC,39.11373877,-77.26757568,2024,5,14
240020546,Property Damage Crash,05/02/2024 01:57:00 PM,CARTER MILL WAY,NA,Front to Rear,Clear,Dry,Daylight,No Controls,NONE DETECTED,Yes,No Apparent Injury,NA,Unknown,MD,Passenger Car,Moving Constant Speed,35,No,2021,VOLKSWAGEN,JETTA,39.17432142,-77.0428494,2024,5,13
240020546,Property Damage Crash,05/02/2024 01:57:00 PM,CARTER MILL WAY,NA,Front to Rear,Clear,Dry,Daylight,No Controls,NONE DETECTED,No,No Apparent Injury,NA,Not Distracted,MD,Passenger Car,Stopped in Traffic,35,No,2023,TESLA,MODEL Y,39.17432142,-77.0428494,2024,5,13
240020546,Property Damage Crash,05/02/2024 01:57:00 PM,CARTER MILL WAY,NA,Front to Rear,Clear,Dry,Daylight,No Controls,NONE DETECTED,No,No Apparent Injury,NA,Not Distracted,MD,Passenger Car,Stopped in Traffic,35,No,2008,HONDA,CR-V,39.17432142,-77.0428494,2024,5,13
240020533,Property Damage Crash,05/02/2024 12:10:00 PM,NA,NA,Angle,Clear,Dry,Daylight,No Controls,NONE DETECTED,No,No Apparent Injury,NA,Not Distracted,MD,Passenger Car,Accelerating,35,No,2014,ACURA,RDX,39.01848116,-77.20876008,2024,5,12
240020533,Property Damage Crash,05/02/2024 12:10:00 PM,NA,NA,Angle,Clear,Dry,Daylight,No Controls,NONE DETECTED,No,No Apparent Injury,Failed to Yield Right-of-Way,Unknown,MD,Pickup,Entering Traffic Lane,35,No,2021,NISSAN,FRONTIER,39.01848116,-77.20876008,2024,5,12
240020518,Property Damage Crash,05/02/2024 11:45:00 AM,NA,NA,Rear To Side,Clear,NA,Daylight,NA,NONE DETECTED,Yes,No Apparent Injury,"Improper Backing, Operated Motor Vehicle in Inattentive, Careless, Negligent, or Erratic Manner",Not Distracted,MD,Passenger Car,Backing,0,No,2009,HYUNDAI,ELANTRA,39.05916263,-76.96193751,2024,5,11
240020518,Property Damage Crash,05/02/2024 11:45:00 AM,NA,NA,Rear To Side,Clear,NA,Daylight,NA,NONE DETECTED,No,No Apparent Injury,NA,Not Distracted,MD,Passenger Car,Moving Constant Speed,0,No,2016,FORD,INTERCEPTOR,39.05916263,-76.96193751,2024,5,11
240020513,Property Damage Crash,05/02/2024 11:40:00 AM,PICCARD DR (SB/L),NA,Angle,Clear,Dry,Daylight,Traffic Control Signal,NONE DETECTED,No,No Apparent Injury,NA,Not Distracted,MD,Other,Moving Constant Speed,30,No,2012,FORD,TRANSIT,39.11516011,-77.17835232,2024,5,11
240020513,Property Damage Crash,05/02/2024 11:40:00 AM,PICCARD DR (SB/L),NA,Angle,Clear,Dry,Daylight,Traffic Control Signal,NONE DETECTED,Yes,No Apparent Injury,Failed to Yield Right-of-Way,Not Distracted,MD,Passenger Car,Turning Left,30,No,2015,HONDA,CR-V,39.11516011,-77.17835232,2024,5,11
240020511,Injury Crash,05/02/2024 11:29:00 AM,CLOVERLEAF CENTER DR (EB/L),NA,"Sideswipe, Opposite Direction",Clear,Dry,Daylight,Stop Sign,NONE DETECTED,Yes,No Apparent Injury,Failed to Yield Right-of-Way,Unknown,MD,Passenger Car,Entering Traffic Lane,35,No,2021,MAZDA,CX-5,39.19008333,-77.26657167,2024,5,11
240020511,Injury Crash,05/02/2024 11:29:00 AM,CLOVERLEAF CENTER DR (EB/L),NA,"Sideswipe, Opposite Direction",Clear,Dry,Daylight,No Controls,NONE DETECTED,No,No Apparent Injury,NA,Not Distracted,MD,Passenger Car,Moving Constant Speed,35,No,2013,TOYOTA,CAMRY,39.19008333,-77.26657167,2024,5,11
240020511,Injury Crash,05/02/2024 11:29:00 AM,CLOVERLEAF CENTER DR (EB/L),NA,"Sideswipe, Opposite Direction",Clear,Dry,Daylight,No Controls,NONE DETECTED,No,Possible Minor Injury,NA,Not Distracted,MD,Passenger Car,Moving Constant Speed,35,No,2006,CHEVROLET,IMPALA,39.19008333,-77.26657167,2024,5,11
240020502,Injury Crash,05/02/2024 10:56:00 AM,NORBECK RD,NA,Single Vehicle,Clear,Dry,Daylight,No Controls,NONE DETECTED,No,Possible Minor Injury,NA,Not Distracted,MD,Motorcycle - 2 Wheeled,Moving Constant Speed,35,No,2016,HARLEY DAVIDSON,SPORTSTER,39.09928717,-77.100298,2024,5,10
240020498,Injury Crash,05/02/2024 10:48:00 AM,CONNECTICUT AVE (SB/L),NA,Angle,Clear,Dry,Daylight,No Controls,NONE DETECTED,No,Possible Minor Injury,NA,Not Distracted,MD,Passenger Car,Moving Constant Speed,45,No,2023,TOYOTA,HIGHLANDER,39.067105,-77.074915,2024,5,10
240020498,Injury Crash,05/02/2024 10:48:00 AM,CONNECTICUT AVE (SB/L),NA,Angle,Clear,Dry,Daylight,No Controls,NONE DETECTED,Yes,No Apparent Injury,NA,Unknown,MD,Passenger Car,Turning Left,45,No,2011,TOYOTA,CAMRY,39.067105,-77.074915,2024,5,10
240020501,Property Damage Crash,05/02/2024 10:35:00 AM,CRYSTAL ROCK DR,NA,Front to Rear,Clear,Dry,Daylight,No Controls,NONE DETECTED,No,No Apparent Injury,NA,Not Distracted,MD,Passenger Car,Making U-Turn,25,No,2014,SUBARU,LEGACY,39.18018337,-77.26167654,2024,5,10
240020501,Property Damage Crash,05/02/2024 10:35:00 AM,CRYSTAL ROCK DR,NA,Front to Rear,Clear,Dry,Daylight,No Controls,NONE DETECTED,Yes,NA,NA,NA,NA,NA,Moving Constant Speed,25,No,0,NA,NA,39.18018337,-77.26167654,2024,5,10
240020500,Injury Crash,05/02/2024 09:47:00 AM,LAYTONSVILLE RD,NA,Single Vehicle,Clear,Dry,Daylight,No Controls,NONE DETECTED,Yes,Possible Minor Injury,"Swerved or Avoided Due to Wind, Slippery Surface, Motor Vehicle, Object, Non-Motorist in Roadway, etc",Not Distracted,MD,Pickup,Moving Constant Speed,40,No,2017,NISSAN,SV,39.24634128,-77.14383696,2024,5,9
240020491,Property Damage Crash,05/02/2024 09:42:00 AM,ROCKVILLE PIKE (SB/L),NA,"Sideswipe, Same Direction",Clear,Dry,Daylight,No Controls,NONE DETECTED,No,No Apparent Injury,NA,Not Distracted,MD,Passenger Car,Changing Lanes,40,No,2014,NABI,UNKNOWN,39.02769259,-77.10374447,2024,5,9
240020491,Property Damage Crash,05/02/2024 09:42:00 AM,ROCKVILLE PIKE (SB/L),NA,"Sideswipe, Same Direction",Clear,Dry,Daylight,No Controls,NONE DETECTED,No,No Apparent Injury,NA,Not Distracted,MD,Passenger Car,Changing Lanes,40,No,2018,TOYOTA,COROLLA,39.02769259,-77.10374447,2024,5,9
240020491,Property Damage Crash,05/02/2024 09:42:00 AM,ROCKVILLE PIKE (SB/L),NA,"Sideswipe, Same Direction",Clear,Dry,Daylight,No Controls,NONE DETECTED,No,No Apparent Injury,NA,Not Distracted,MD,Passenger Car,Moving Constant Speed,40,No,2019,HONDA,CIVIC,39.02769259,-77.10374447,2024,5,9
240020485,Property Damage Crash,05/02/2024 09:40:00 AM,NA,NA,Other,Clear,NA,Daylight,NA,NONE DETECTED,Yes,No Apparent Injury,Other Improper Action,Not Distracted,MD,Bus - School,Stopped in Traffic,0,No,2019,THOMAS BUILT,SCHOOL BUS,39.15553442,-77.19746037,2024,5,9