Local Case Number,ACRS Report Type,Crash Date/Time,Road Name,Related Non-Motorist,Collision Type,Weather,Surface Condition,Light,Traffic Control,Driver Substance Abuse,Driver At Fault,Injury Severity,Circumstance,Driver Distracted By,Drivers License State,Vehicle Body Type,Vehicle Movement,Speed Limit,Driverless Vehicle,Vehicle Year,Vehicle Make,Vehicle Model,Latitude,Longitude,Year,Month,Hour
240020485,Property Damage Crash,05/02/2024 09:40:00 AM,NA,NA,Other,Clear,NA,Daylight,NA,NONE DETECTED,No,No Apparent Injury,NA,Not Distracted,MD,Passenger Car,Parked,0,No,2024,HONDA,CIVIC,39.15553442,-77.19746037,2024,5,9
240020479,Injury Crash,05/02/2024 08:49:00 AM,WANEGARDEN DR,NA,Front to Front,Clear,Dry,Daylight,No Controls,NONE DETECTED,No,Suspected Serious Injury,NA,Not Distracted,MD,Sport Utility Vehicle,Moving Constant Speed,25,No,2022,NISSAN,PATHFINDER,39.18509311,-77.28337943,2024,5,8
240020479,Injury Crash,05/02/2024 08:49:00 AM,WANEGARDEN DR,NA,Front to Front,Clear,Dry,Daylight,No Controls,NONE DETECTED,Yes,Possible Minor Injury,Wrong Side,"Other Action (looking away from task, etc.)",MD,Sport Utility Vehicle,Moving Constant Speed,25,No,2006,BMW,X5,39.18509311,-77.28337943,2024,5,8
240020474,Property Damage Crash,05/02/2024 08:29:00 AM,NA,NA,Angle,Clear,Dry,Daylight,Traffic Control Signal,NONE DETECTED,No,No Apparent Injury,NA,Not Distracted,MD,Passenger Car,Moving Constant Speed,40,No,2014,TOYOTA,COROLLA,39.14476433,-77.04710082,2024,5,8
240020474,Property Damage Crash,05/02/2024 08:29:00 AM,NA,NA,Angle,Clear,Dry,Daylight,Traffic Control Signal,NONE DETECTED,Yes,No Apparent Injury,Improper Turn,Not Distracted,MD,Passenger Car,Turning Right,40,No,2023,HONDA,PILOT,39.14476433,-77.04710082,2024,5,8
240020470,Injury Crash,05/02/2024 08:05:00 AM,NA,NA,Front to Front,Clear,Dry,Daylight,Traffic Control Signal,NONE DETECTED,Yes,No Apparent Injury,Disregarded Other Road Markings,Not Distracted,MD,Sport Utility Vehicle,Moving Constant Speed,40,No,2014,ACURA,MDX,39.22819088,-77.26614263,2024,5,8
240020470,Injury Crash,05/02/2024 08:05:00 AM,NA,NA,Front to Front,Clear,Dry,Daylight,Traffic Control Signal,NONE DETECTED,No,Suspected Serious Injury,NA,Not Distracted,MD,Passenger Car,Turning Left,40,No,2016,NISSAN,VERSA,39.22819088,-77.26614263,2024,5,8
240020478,Property Damage Crash,05/02/2024 07:30:00 AM,COLESVILLE RD (SB/L),NA,Front to Rear,Clear,Dry,Daylight,Traffic Control Signal,NONE DETECTED,No,No Apparent Injury,NA,Not Distracted,MD,Passenger Car,Stopped in Traffic,40,No,2016,CHEVROLET,IMPALA,39.01769877,-77.01533939,2024,5,7
240020478,Property Damage Crash,05/02/2024 07:30:00 AM,COLESVILLE RD (SB/L),NA,Front to Rear,Clear,Dry,Daylight,Traffic Control Signal,NONE DETECTED,No,No Apparent Injury,NA,Not Distracted,MD,Passenger Car,Slowing or Stopping,40,No,2020,HONDA,CIVIC,39.01769877,-77.01533939,2024,5,7
240020478,Property Damage Crash,05/02/2024 07:30:00 AM,COLESVILLE RD (SB/L),NA,Front to Rear,Clear,Dry,Daylight,Traffic Control Signal,NONE DETECTED,No,No Apparent Injury,NA,Unknown,MD,Passenger Car,Slowing or Stopping,40,No,2012,TOYOTA,COROLLA,39.01769877,-77.01533939,2024,5,7
240020449,Property Damage Crash,05/02/2024 02:01:00 AM,MATENY RD,NA,Single Vehicle,Clear,Dry,Medium,Stop Sign,ALCOHOL PRESENT,No,No Apparent Injury,NA,Unknown,MD,Sport Utility Vehicle,Moving Constant Speed,30,No,2017,MITSUBISHI,OUTLANDER SPORT,39.1519434,-77.26857712,2024,5,2
240020446,Injury Crash,05/02/2024 01:34:00 AM,NO NAME,NA,Front to Rear,Clear,Dry,Dark,No Controls,NONE DETECTED,Yes,Possible Minor Injury,NA,Unknown,MD,Passenger Car,Moving Constant Speed,60,No,2010,HONDA,ACCORD,39.127215,-77.17409167,2024,5,1
240020446,Injury Crash,05/02/2024 01:34:00 AM,NO NAME,NA,Front to Rear,Clear,Dry,Dark,No Controls,NONE DETECTED,No,Possible Minor Injury,NA,Not Distracted,MD,Bus - Transit,Moving Constant Speed,60,No,2019,GILLIG,CITY TRANSIT BUS,39.127215,-77.17409167,2024,5,1
240020445,Injury Crash,05/02/2024 12:45:00 AM,BALTIMORE RD,NA,Single Vehicle,Clear,Dry,Medium,No Controls,NONE DETECTED,No,Possible Minor Injury,"Swerved or Avoided Due to Wind, Slippery Surface, Motor Vehicle, Object, Non-Motorist in Roadway, etc",Not Distracted,MD,Passenger Car,Moving Constant Speed,35,No,2021,ACURA,TLX,39.09085187,-77.11494767,2024,5,0
240020437,Property Damage Crash,05/01/2024 11:57:00 PM,GILBERT PL,NA,Front to Rear,Clear,Dry,Medium,No Controls,NONE DETECTED,No,No Apparent Injury,NA,NA,NA,Passenger Car,NA,15,No,2016,TOYOTA,RAV4,38.99836409,-76.99609023,2024,5,23
240020434,Property Damage Crash,05/01/2024 11:13:00 PM,FATHER HURLEY BLVD (NB/L),NA,Single Vehicle,Clear,Dry,Medium,Traffic Control Signal,ALCOHOL PRESENT,No,No Apparent Injury,"Failed to Keep in Proper Lane, Over-Correcting/Over-Steering, Ran Off Roadway",Unknown,MD,Passenger Car,Turning Right,35,No,1998,BUICK,LESABRE,39.16722554,-77.28079871,2024,5,23
240020426,Property Damage Crash,05/01/2024 10:09:00 PM,GLENALLAN AVE,NA,Single Vehicle,Clear,Dry,Dark,No Controls,NONE DETECTED,No,No Apparent Injury,NA,Unknown,MD,Passenger Car,Moving Constant Speed,25,No,2013,CHEVROLET,TAHOE,39.05898704,-77.04143171,2024,5,22
240020424,Injury Crash,05/01/2024 09:44:00 PM,NA,NA,Angle,Cloudy,Dry,Medium,No Controls,NONE DETECTED,No,No Apparent Injury,NA,Not Distracted,MD,Sport Utility Vehicle,Turning Left,35,No,2013,JEEP,GRAND CHEROKEE,39.08365562,-76.95162306,2024,5,21
240020424,Injury Crash,05/01/2024 09:44:00 PM,NA,NA,Angle,Cloudy,Dry,Medium,No Controls,NONE DETECTED,No,Possible Minor Injury,NA,Not Distracted,MD,Sport Utility Vehicle,Moving Constant Speed,35,No,2016,CHEVROLET,TRAVERSE,39.08365562,-76.95162306,2024,5,21
240020422,Injury Crash,05/01/2024 09:40:00 PM,ROCKVILLE PIKE (SB/L),NA,Angle,Clear,Dry,Medium,Traffic Control Signal,NONE DETECTED,Yes,No Apparent Injury,NA,"Manually Operating (dialing, playing game, etc.)",MD,Passenger Car,Moving Constant Speed,30,No,2015,HYUNDAI,SONATA,39.08154478,-77.14592,2024,5,21
240020422,Injury Crash,05/01/2024 09:40:00 PM,ROCKVILLE PIKE (SB/L),NA,Angle,Clear,Dry,Medium,Traffic Control Signal,NONE DETECTED,No,Possible Minor Injury,NA,Not Distracted,MD,Passenger Car,Moving Constant Speed,30,No,2013,SUBARU,CROSSTREK,39.08154478,-77.14592,2024,5,21
240020414,Property Damage Crash,05/01/2024 07:47:00 PM,RANDOLPH RD,NA,"Sideswipe, Same Direction",Clear,Dry,Medium,Traffic Control Signal,NONE DETECTED,No,No Apparent Injury,"Followed Too Closely, Operated Motor Vehicle in Inattentive, Careless, Negligent, or Erratic Manner, Other Improper Action","Other Action (looking away from task, etc.)",MD,All-Terrain Vehicle/All-Terrain Cycle (ATV/ATC),Slowing or Stopping,40,No,2010,HONDA,CIVIC,39.07477997,-77.00513263,2024,5,19
240020414,Property Damage Crash,05/01/2024 07:47:00 PM,RANDOLPH RD,NA,"Sideswipe, Same Direction",Clear,Dry,Medium,Traffic Control Signal,NONE DETECTED,No,No Apparent Injury,NA,Not Distracted,MD,Sport Utility Vehicle,Stopped in Traffic,40,No,2015,LAND ROVER,RANGE ROVER SPORT,39.07477997,-77.00513263,2024,5,19
240020405,Injury Crash,05/01/2024 07:17:00 PM,RESEARCH BLVD,NA,Single Vehicle,Clear,Dry,Daylight,No Controls,NONE DETECTED,Yes,Possible Minor Injury,Other Improper Action,Not Distracted,MD,Passenger Car,NA,35,No,2012,TOYOTA,CAMRY,39.09542742,-77.18086956,2024,5,19
240020398,Property Damage Crash,05/01/2024 06:42:00 PM,DARNESTOWN RD,NA,Front to Rear,Clear,Dry,Daylight,Traffic Control Signal,NONE DETECTED,No,NA,NA,NA,NA,Passenger Car,Making U-Turn,40,No,1900,UNKNOWN,UNKNOWN,39.09351576,-77.19745198,2024,5,18
240020398,Property Damage Crash,05/01/2024 06:42:00 PM,DARNESTOWN RD,NA,Front to Rear,Clear,Dry,Daylight,Traffic Control Signal,NONE DETECTED,No,No Apparent Injury,NA,Not Distracted,MD,Motorcycle - 2 Wheeled,Moving Constant Speed,40,No,2016,BMW,S 1000 RR,39.09351576,-77.19745198,2024,5,18
240020392,Property Damage Crash,05/01/2024 06:30:00 PM,MONTGOMERY VILLAGE AVE,NA,Front to Front,Clear,Dry,Daylight,Traffic Control Signal,NONE DETECTED,Yes,No Apparent Injury,NA,Not Distracted,MD,Passenger Car,Turning Left,35,No,2023,HYUNDAI,TUCSON,39.15443267,-77.20936883,2024,5,18
240020392,Property Damage Crash,05/01/2024 06:30:00 PM,MONTGOMERY VILLAGE AVE,NA,Front to Front,Clear,Dry,Daylight,Traffic Control Signal,NONE DETECTED,Yes,No Apparent Injury,NA,Not Distracted,MD,Passenger Car,Accelerating,35,No,2023,MAZDA,CX-5,39.15443267,-77.20936883,2024,5,18
240020384,Property Damage Crash,05/01/2024 06:04:00 PM,RICHTER FARM RD (EB/L),NA,Single Vehicle,Clear,Dry,Daylight,No Controls,NONE DETECTED,No,No Apparent Injury,"Failed to Keep in Proper Lane, Improper Turn, Operated Motor Vehicle in Inattentive, Careless, Negligent, or Erratic Manner, Ran Off Roadway",Unknown,VA,Sport Utility Vehicle,Turning Right,35,No,2021,ACURA,RDX,39.16990983,-77.29685233,2024,5,18
240020382,Property Damage Crash,05/01/2024 05:35:00 PM,CENTER DR,NA,Front to Rear,Clear,Dry,Daylight,Traffic Control Signal,NONE DETECTED,No,NA,NA,NA,NA,Sport Utility Vehicle,Changing Lanes,35,No,2017,JEEP,WRANGLER,38.99695211,-77.09670501,2024,5,17
240020382,Property Damage Crash,05/01/2024 05:35:00 PM,CENTER DR,NA,Front to Rear,Clear,Dry,Daylight,Traffic Control Signal,NONE DETECTED,No,No Apparent Injury,NA,Not Distracted,MD,Bus - Transit,Stopped in Traffic,35,No,2007,GILLIG,LOW FLOOR BUS,38.99695211,-77.09670501,2024,5,17
240020372,Property Damage Crash,05/01/2024 05:25:00 PM,GEORGIA AVE,NA,"Sideswipe, Same Direction",Clear,Dry,Daylight,No Controls,NONE DETECTED,Yes,No Apparent Injury,NA,Talking/listening,MD,Passenger Car,Changing Lanes,35,No,2018,TOYOTA,COROLLA,38.99499461,-77.02697001,2024,5,17
240020372,Property Damage Crash,05/01/2024 05:25:00 PM,GEORGIA AVE,NA,"Sideswipe, Same Direction",Clear,Dry,Daylight,No Controls,NONE DETECTED,No,No Apparent Injury,NA,Not Distracted,DC,Passenger Car,Moving Constant Speed,35,No,2015,HONDA,CR-V,38.99499461,-77.02697001,2024,5,17
240020371,Injury Crash,05/01/2024 05:17:00 PM,CRYSTAL ROCK DR (SB/L),Pedestrian,Single Vehicle,Clear,Dry,Daylight,Traffic Control Signal,NONE DETECTED,Yes,No Apparent Injury,Failed to Yield Right-of-Way,Unknown,MD,Sport Utility Vehicle,Turning Left,35,No,2017,MERCEDES-BENZ,GLE-CLASS,39.18265403,-77.26327362,2024,5,17
240020369,Injury Crash,05/01/2024 05:02:00 PM,GEORGIAN WAY,NA,Rear To Side,Clear,Dry,Daylight,No Controls,NONE DETECTED,Yes,Possible Minor Injury,Other Improper Action,Not Distracted,NA,NA,Moving Constant Speed,25,No,0,NA,NA,39.05437695,-77.05034546,2024,5,17
240020369,Injury Crash,05/01/2024 05:02:00 PM,GEORGIAN WAY,NA,Rear To Side,Clear,Dry,Daylight,No Controls,NONE DETECTED,Yes,No Apparent Injury,Failed to Yield Right-of-Way,Not Distracted,MD,Passenger Car,Turning Left,25,No,1995,LEXUS,SC,39.05437695,-77.05034546,2024,5,17
240020361,Property Damage Crash,05/01/2024 04:20:00 PM,RANDOLPH RD (WB/L),NA,Angle,Clear,Dry,Daylight,No Controls,NONE DETECTED,No,No Apparent Injury,NA,Not Distracted,MD,Passenger Car,Moving Constant Speed,40,No,2022,BMW,X3,39.07322203,-77.00834258,2024,5,16
240020361,Property Damage Crash,05/01/2024 04:20:00 PM,RANDOLPH RD (WB/L),NA,Angle,Clear,Dry,Daylight,No Controls,NONE DETECTED,Yes,No Apparent Injury,NA,Not Distracted,MD,Passenger Car,Turning Left,40,No,2016,HONDA,CR-V,39.07322203,-77.00834258,2024,5,16
240020357,Property Damage Crash,05/01/2024 04:11:00 PM,MORNINGWOOD DR,NA,Front to Rear,Clear,Dry,Daylight,Traffic Control Signal,NONE DETECTED,No,No Apparent Injury,NA,"Other Action (looking away from task, etc.)",MD,Sport Utility Vehicle,Slowing or Stopping,30,No,2019,FORD,EDGE,39.1503768,-77.0670522,2024,5,16
240020357,Property Damage Crash,05/01/2024 04:11:00 PM,MORNINGWOOD DR,NA,Front to Rear,Clear,Dry,Daylight,Traffic Control Signal,NONE DETECTED,No,No Apparent Injury,NA,Not Distracted,MD,Bus - School,Stopped in Traffic,30,No,2022,FREIGHTLINER,SBFD,39.1503768,-77.0670522,2024,5,16
240020347,Injury Crash,05/01/2024 03:40:00 PM,NA,NA,Front to Rear,Clear,NA,Daylight,NA,NONE DETECTED,Yes,No Apparent Injury,Followed Too Closely,Unknown,MD,Sport Utility Vehicle,Slowing or Stopping,0,No,2013,HONDA,CR-V,39.17989646,-77.26918281,2024,5,15
240020347,Injury Crash,05/01/2024 03:40:00 PM,NA,NA,Front to Rear,Clear,NA,Daylight,NA,NONE DETECTED,No,Possible Minor Injury,NA,Not Distracted,MD,Passenger Car,Stopped in Traffic,0,No,2000,TOYOTA,CAMRY,39.17989646,-77.26918281,2024,5,15
240020348,Property Damage Crash,05/01/2024 03:25:00 PM,WIGHTMAN RD,NA,Single Vehicle,Clear,Dry,Daylight,No Controls,NONE DETECTED,No,No Apparent Injury,NA,Not Distracted,MD,Pickup,Moving Constant Speed,35,No,2006,FORD,F-150,39.19631824,-77.19690556,2024,5,15
240020342,Property Damage Crash,05/01/2024 03:09:00 PM,BRICK HAVEN WAY,NA,"Sideswipe, Same Direction",Clear,Dry,Daylight,No Controls,NONE DETECTED,No,No Apparent Injury,NA,Not Distracted,MD,Passenger Car,Stopped in Traffic,25,No,2021,TOYOTA,CAMRY,39.22196029,-77.26517601,2024,5,15
240020342,Property Damage Crash,05/01/2024 03:09:00 PM,BRICK HAVEN WAY,NA,"Sideswipe, Same Direction",Clear,Dry,Daylight,No Controls,NONE DETECTED,Yes,No Apparent Injury,Improper Passing,Unknown,MD,Bus - Transit,Overtaking/Passing,25,No,2015,FORD,TRANSIT,39.22196029,-77.26517601,2024,5,15
240020338,Property Damage Crash,05/01/2024 02:55:00 PM,DEMOCRACY BLVD (EB/L),NA,Front to Rear,Clear,Dry,Daylight,Traffic Control Signal,NONE DETECTED,No,No Apparent Injury,NA,Not Distracted,MD,Sport Utility Vehicle,Stopped in Traffic,35,No,2015,MAZDA,CX-5,39.02270578,-77.13261848,2024,5,14
240020338,Property Damage Crash,05/01/2024 02:55:00 PM,DEMOCRACY BLVD (EB/L),NA,Front to Rear,Clear,Dry,Daylight,Traffic Control Signal,NONE DETECTED,No,No Apparent Injury,NA,Unknown,MD,Van - Passenger (&lt;9 Seats),Moving Constant Speed,35,No,2020,TOYOTA,SIENNA,39.02270578,-77.13261848,2024,5,14
240020363,Property Damage Crash,05/01/2024 02:52:00 PM,NEWPORT MILL RD,NA,Angle,Clear,Dry,Daylight,Stop Sign,NONE DETECTED,Yes,No Apparent Injury,Failed to Yield Right-of-Way,Not Distracted,MD,Pickup,Turning Left,30,No,2002,TOYOTA,TUNDRA,39.0349117,-77.07255134,2024,5,14
240020363,Property Damage Crash,05/01/2024 02:52:00 PM,NEWPORT MILL RD,NA,Angle,Clear,Dry,Daylight,No Controls,NONE DETECTED,No,No Apparent Injury,NA,Not Distracted,MD,Van - Passenger (&lt;9 Seats),Moving Constant Speed,30,No,2007,CHRYSLER,TOWN AND COUNTRY,39.0349117,-77.07255134,2024,5,14
240020334,Injury Crash,05/01/2024 02:45:00 PM,SHERWOOD FOREST DR,NA,Angle,Clear,Dry,Daylight,Stop Sign,NONE DETECTED,No,Possible Minor Injury,NA,"Other Action (looking away from task, etc.)",MD,All-Terrain Vehicle/All-Terrain Cycle (ATV/ATC),Entering Traffic Lane,20,No,2019,NISSAN,ALTIMA,39.07323716,-77.00833862,2024,5,14
240020334,Injury Crash,05/01/2024 02:45:00 PM,SHERWOOD FOREST DR,NA,Angle,Clear,Dry,Daylight,No Controls,NONE DETECTED,No,No Apparent Injury,NA,Not Distracted,MD,All-Terrain Vehicle/All-Terrain Cycle (ATV/ATC),Moving Constant Speed,40,No,2006,HONDA,PILOT,39.07323716,-77.00833862,2024,5,14
240020331,Property Damage Crash,05/01/2024 02:27:00 PM,W MONTGOMERY AVE (WB/L),NA,Front to Rear,Clear,Dry,Daylight,No Controls,NONE DETECTED,No,No Apparent Injury,NA,Not Distracted,DC,Bus - School,Stopped in Traffic,40,No,2021,FORD,E-350,39.08866739,-77.17732692,2024,5,14
240020331,Property Damage Crash,05/01/2024 02:27:00 PM,W MONTGOMERY AVE (WB/L),NA,Front to Rear,Clear,Dry,Daylight,No Controls,NONE DETECTED,Yes,No Apparent Injury,NA,Not Distracted,MD,Bus - School,Accelerating,40,No,2015,FREIGHTLINER,UNKNOWN,39.08866739,-77.17732692,2024,5,14
240020321,Property Damage Crash,05/01/2024 01:43:00 PM,WELLER RD,NA,Angle,Clear,Dry,Daylight,Stop Sign,NONE DETECTED,No,No Apparent Injury,NA,Unknown,MD,Passenger Car,Entering Traffic Lane,25,No,2006,HONDA,CIVIC,39.065235,-77.06471833,2024,5,13
240020321,Property Damage Crash,05/01/2024 01:43:00 PM,WELLER RD,NA,Angle,Clear,Dry,Daylight,Stop Sign,NONE DETECTED,Yes,No Apparent Injury,NA,Unknown,MD,Passenger Car,Entering Traffic Lane,25,No,2027,FORD,UNKNOWN,39.065235,-77.06471833,2024,5,13
240020327,Property Damage Crash,05/01/2024 01:38:00 PM,OLD GEORGETOWN RD (SB/L),NA,"Sideswipe, Opposite Direction",Clear,Dry,Daylight,Stop Sign,NONE DETECTED,No,No Apparent Injury,NA,Not Distracted,MD,Passenger Car,Turning Left,25,No,2016,TOYOTA,COROLLA,39.04987303,-77.11112889,2024,5,13
240020327,Property Damage Crash,05/01/2024 01:38:00 PM,OLD GEORGETOWN RD (SB/L),NA,"Sideswipe, Opposite Direction",Clear,Dry,Daylight,Stop Sign,NONE DETECTED,No,No Apparent Injury,Improper Turn,Unknown,NA,Passenger Car,Turning Left,25,No,2023,NISSAN,MAXIMA,39.04987303,-77.11112889,2024,5,13
240020315,Property Damage Crash,05/01/2024 01:01:00 PM,FREDERICK RD,NA,Angle,Clear,Dry,Daylight,Traffic Control Signal,NONE DETECTED,Yes,No Apparent Injury,Ran Red Light,"Other Action (looking away from task, etc.)",MD,Passenger Car,Turning Left,40,No,2022,TOYOTA,CAMRY,39.17841238,-77.23849811,2024,5,13
240020315,Property Damage Crash,05/01/2024 01:01:00 PM,FREDERICK RD,NA,Angle,Clear,Dry,Daylight,Traffic Control Signal,NONE DETECTED,No,No Apparent Injury,NA,Not Distracted,MD,Van - Passenger (&lt;9 Seats),Turning Left,40,No,2023,HONDA,ODYSSEY,39.17841238,-77.23849811,2024,5,13
240020314,Property Damage Crash,05/01/2024 12:30:00 PM,CONNECTICUT AVE,NA,Angle,Clear,Dry,Daylight,Traffic Control Signal,NONE DETECTED,No,No Apparent Injury,NA,Not Distracted,MD,Pickup,Moving Constant Speed,35,No,2022,CHEVROLET,SILVERADO,39.09189853,-77.0703973,2024,5,12
240020314,Property Damage Crash,05/01/2024 12:30:00 PM,CONNECTICUT AVE,NA,Angle,Clear,Dry,Daylight,Lane Use Control Signal,NONE DETECTED,No,No Apparent Injury,NA,Not Distracted,MD,Passenger Car,Turning Left,35,No,2002,TOYOTA,YARIS,39.09189853,-77.0703973,2024,5,12
240020289,Injury Crash,05/01/2024 10:46:00 AM,EAST WEST HWY,NA,Angle,Clear,Dry,Daylight,Traffic Control Signal,NONE DETECTED,No,Possible Minor Injury,NA,Not Distracted,DC,Passenger Car,Moving Constant Speed,35,No,2015,LEXUS,NX,38.99444618,-77.03629545,2024,5,10
240020289,Injury Crash,05/01/2024 10:46:00 AM,EAST WEST HWY,NA,Angle,Clear,Dry,Daylight,Traffic Control Signal,NONE DETECTED,Yes,Possible Minor Injury,Failed to Yield Right-of-Way,Not Distracted,DC,Passenger Car,Turning Left,35,No,2010,HYUNDAI,SANTA FE,38.99444618,-77.03629545,2024,5,10
240020287,Injury Crash,05/01/2024 10:45:00 AM,WISCONSIN AVE,NA,Front to Rear,Clear,Dry,Daylight,No Controls,NONE DETECTED,No,No Apparent Injury,NA,Not Distracted,MD,Passenger Car,Slowing or Stopping,30,No,2022,BMW,X3,38.96482058,-77.0876307,2024,5,10
240020287,Injury Crash,05/01/2024 10:45:00 AM,WISCONSIN AVE,NA,Front to Rear,Clear,Dry,Daylight,No Controls,NONE DETECTED,No,No Apparent Injury,NA,Not Distracted,MD,Pickup,Slowing or Stopping,30,No,2020,FORD,F-350,38.96482058,-77.0876307,2024,5,10
240015675,Property Damage Crash,05/01/2024 09:00:00 AM,NA,NA,"Sideswipe, Same Direction",Clear,NA,Daylight,NA,NONE DETECTED,No,No Apparent Injury,"Improper Backing, Operated Motor Vehicle in Inattentive, Careless, Negligent, or Erratic Manner",Unknown,MD,Passenger Car,Backing,0,No,2018,SUBARU,IMPREZA,39.05600463,-76.96735624,2024,5,9
240020274,Injury Crash,05/01/2024 09:00:00 AM,MISSION DR,NA,Front to Front,Clear,Dry,Daylight,No Controls,NONE DETECTED,No,Possible Minor Injury,NA,Unknown,MD,Van - Passenger (&lt;9 Seats),Moving Constant Speed,35,No,2017,HONDA,ODYSSEY,39.1084545,-77.2180128,2024,5,9
240020274,Injury Crash,05/01/2024 09:00:00 AM,MISSION DR,NA,Front to Front,Clear,Dry,Daylight,No Controls,NONE DETECTED,No,No Apparent Injury,NA,Unknown,MD,Sport Utility Vehicle,Turning Left,25,No,2017,JEEP,GRAND CHEROKEE,39.1084545,-77.2180128,2024,5,9
240020271,Property Damage Crash,05/01/2024 08:58:00 AM,MANCHESTER RD,NA,"Sideswipe, Same Direction",Clear,Dry,Daylight,No Controls,NONE DETECTED,No,No Apparent Injury,NA,Not Distracted,DC,Passenger Car,Parked,30,No,2018,TOYOTA,CAMRY,38.99847039,-77.00728619,2024,5,8
240020271,Property Damage Crash,05/01/2024 08:58:00 AM,MANCHESTER RD,NA,"Sideswipe, Same Direction",Clear,Dry,Daylight,No Controls,NONE DETECTED,Yes,No Apparent Injury,NA,Not Distracted,MD,Bus - Transit,Slowing or Stopping,30,No,2013,GILLIG,LOW FLOOR BUS,38.99847039,-77.00728619,2024,5,8
240020269,Property Damage Crash,05/01/2024 08:54:00 AM,MONROE ST,NA,"Sideswipe, Same Direction",Clear,Dry,Daylight,Stop Sign,NONE DETECTED,Yes,No Apparent Injury,NA,Not Distracted,GA,Passenger Car,Overtaking/Passing,25,No,2023,HONDA,CR-V,39.08375788,-77.14899807,2024,5,8
240020269,Property Damage Crash,05/01/2024 08:54:00 AM,MONROE ST,NA,"Sideswipe, Same Direction",Clear,Dry,Daylight,Stop Sign,NONE DETECTED,No,No Apparent Injury,NA,Not Distracted,MD,Passenger Car,Backing,25,No,2019,TOYOTA,HIGHLANDER,39.08375788,-77.14899807,2024,5,8
240020266,Property Damage Crash,05/01/2024 08:01:00 AM,GEORGIA AVE (SB/L),NA,Other,Clear,Dry,Daylight,No Controls,NONE DETECTED,Yes,No Apparent Injury,Failed to Yield Right-of-Way,Not Distracted,MD,Passenger Car,Turning Left,45,No,2006,HONDA,CR-V,39.11165738,-77.07578077,2024,5,8
240020266,Property Damage Crash,05/01/2024 08:01:00 AM,GEORGIA AVE (SB/L),NA,Other,Clear,Dry,Daylight,"Other Pavement Marking (excluding edgelines, centerlines, or lane lines)",NONE DETECTED,No,No Apparent Injury,NA,Not Distracted,MD,Passenger Car,Moving Constant Speed,45,No,2020,TESLA,MODEL 3,39.11165738,-77.07578077,2024,5,8
240020262,Property Damage Crash,05/01/2024 07:20:00 AM,MUNCASTER MILL RD,NA,Front to Rear,Clear,Dry,Daylight,Traffic Control Signal,NONE DETECTED,Yes,No Apparent Injury,NA,Not Distracted,NA,Passenger Car,Moving Constant Speed,35,No,2005,HONDA,ACCORD,39.14885867,-77.14723717,2024,5,7
240020262,Property Damage Crash,05/01/2024 07:20:00 AM,MUNCASTER MILL RD,NA,Front to Rear,Clear,Dry,Daylight,Traffic Control Signal,NONE DETECTED,No,No Apparent Injury,NA,Not Distracted,MD,Passenger Car,Stopped in Traffic,35,No,2008,KIA,SPECTRA,39.14885867,-77.14723717,2024,5,7
240020257,Property Damage Crash,05/01/2024 07:00:00 AM,LOCKSLEY LA,NA,Front to Rear,Clear,Dry,Daylight,Traffic Control Signal,NONE DETECTED,No,No Apparent Injury,NA,Not Distracted,MD,Sport Utility Vehicle,Accelerating,40,No,2019,CHEVROLET,TRAX,39.07148538,-77.01127264,2024,5,7
240020257,Property Damage Crash,05/01/2024 07:00:00 AM,LOCKSLEY LA,NA,Front to Rear,Clear,Dry,Daylight,Traffic Control Signal,NONE DETECTED,Yes,No Apparent Injury,NA,Not Distracted,MD,Passenger Car,Making U-Turn,40,No,2019,TOYOTA,TACOMA,39.07148538,-77.01127264,2024,5,7