Local Case Number,ACRS Report Type,Crash Date/Time,Road Name,Related Non-Motorist,Collision Type,Weather,Surface Condition,Light,Traffic Control,Driver Substance Abuse,Driver At Fault,Injury Severity,Circumstance,Driver Distracted By,Drivers License State,Vehicle Body Type,Vehicle Movement,Speed Limit,Driverless Vehicle,Vehicle Year,Vehicle Make,Vehicle Model,Latitude,Longitude,Year,Month,Hour
240020019,Property Damage Crash,04/29/2024 05:33:00 PM,WATKINS MILL RD,NA,Front to Rear,Clear,Dry,Daylight,Pedestrian Crossing Sign,NONE DETECTED,No,No Apparent Injury,NA,Not Distracted,NA,Passenger Car,Slowing or Stopping,35,No,0,NA,NA,39.186885,-77.21454167,2024,4,17
240020028,Property Damage Crash,04/29/2024 05:33:00 PM,NO NAME,NA,"Sideswipe, Same Direction",Clear,Dry,Daylight,Traffic Control Signal,NONE DETECTED,No,No Apparent Injury,NA,Not Distracted,MD,Bus - Transit,Moving Constant Speed,35,No,2009,GILLIG,LOW FLOOR BUS,38.9955,-77.03840833,2024,4,17
240020015,Injury Crash,04/29/2024 05:27:00 PM,SHADY GROVE RD,NA,Front to Rear,Clear,Dry,Daylight,No Controls,NONE DETECTED,No,Possible Minor Injury,NA,Not Distracted,MD,Passenger Car,Stopped in Traffic,40,No,2019,TOYOTA,RAV4,39.12794167,-77.1704,2024,4,17
240020015,Injury Crash,04/29/2024 05:27:00 PM,SHADY GROVE RD,NA,Front to Rear,Clear,Dry,Daylight,No Controls,NONE DETECTED,No,No Apparent Injury,NA,Not Distracted,MD,Passenger Car,Stopped in Traffic,40,No,2020,TOYOTA,TACOMA,39.12794167,-77.1704,2024,4,17
240020015,Injury Crash,04/29/2024 05:27:00 PM,SHADY GROVE RD,NA,Front to Rear,Clear,Dry,Daylight,No Controls,NONE DETECTED,No,No Apparent Injury,NA,Not Distracted,MD,Passenger Car,Slowing or Stopping,40,No,2007,TOYOTA,CAMRY,39.12794167,-77.1704,2024,4,17
240020014,Injury Crash,04/29/2024 05:25:00 PM,NA,NA,Front to Rear,Clear,Dry,Daylight,No Controls,NONE DETECTED,No,Possible Minor Injury,NA,Not Distracted,MD,Sport Utility Vehicle,Stopped in Traffic,35,No,2009,LEXUS,RX,39.18396,-77.18772167,2024,4,17
240020013,Property Damage Crash,04/29/2024 05:25:00 PM,DEMOCRACY BLVD,NA,Front to Rear,Clear,Dry,Daylight,Pedestrian Crossing Sign,NONE DETECTED,No,No Apparent Injury,NA,Not Distracted,MD,Passenger Car,Turning Left,35,No,2005,TOYOTA,PRIUS,39.0232408,-77.13068057,2024,4,17
240020014,Injury Crash,04/29/2024 05:25:00 PM,NA,NA,Front to Rear,Clear,Dry,Daylight,No Controls,NONE DETECTED,No,No Apparent Injury,NA,Unknown,MD,Passenger Car,Moving Constant Speed,35,No,2015,VOLKSWAGEN,PASSAT,39.18396,-77.18772167,2024,4,17
240020014,Injury Crash,04/29/2024 05:25:00 PM,NA,NA,Front to Rear,Clear,Dry,Daylight,No Controls,NONE DETECTED,No,No Apparent Injury,NA,Not Distracted,MD,Pickup,Stopped in Traffic,35,No,2020,FORD,F-150,39.18396,-77.18772167,2024,4,17
240020013,Property Damage Crash,04/29/2024 05:25:00 PM,DEMOCRACY BLVD,NA,Front to Rear,Clear,Dry,Daylight,Pedestrian Crossing Sign,NONE DETECTED,No,No Apparent Injury,NA,Not Distracted,MD,Passenger Car,Accelerating,35,No,2015,DODGE,DURANGO,39.0232408,-77.13068057,2024,4,17
240020008,Injury Crash,04/29/2024 04:50:00 PM,NA,NA,Angle,Cloudy,Dry,Daylight,Stop Sign,NONE DETECTED,Yes,No Apparent Injury,Failed to Yield Right-of-Way,Not Distracted,DC,Sport Utility Vehicle,Turning Right,35,No,2021,TOYOTA,RAV4,38.96348414,-77.10173234,2024,4,16
240020008,Injury Crash,04/29/2024 04:50:00 PM,NA,NA,Angle,Cloudy,Dry,Daylight,No Controls,NONE DETECTED,No,Possible Minor Injury,NA,Not Distracted,VA,Motorcycle - 2 Wheeled,Moving Constant Speed,35,No,2023,BMW,R 1250 GS,38.96348414,-77.10173234,2024,4,16
240020006,Property Damage Crash,04/29/2024 04:42:00 PM,JULEP CT,NA,Rear To Rear,Clear,Dry,Daylight,No Controls,NONE DETECTED,Yes,No Apparent Injury,NA,Not Distracted,MD,Bus - School,Backing,30,No,2015,THOMAS BUILT,SAF-T-LINER ER,39.0238915,-77.03358917,2024,4,16
240020040,Property Damage Crash,04/29/2024 04:40:00 PM,AUTOMOBILE BLVD (NB/L),NA,Front to Front,Clear,Dry,Daylight,No Controls,NONE DETECTED,No,No Apparent Injury,NA,Not Distracted,MD,Pickup,Accelerating,30,No,2023,CHEVROLET,SILVERADO,39.08080767,-76.94689767,2024,4,16
240020040,Property Damage Crash,04/29/2024 04:40:00 PM,AUTOMOBILE BLVD (NB/L),NA,Front to Front,Clear,Dry,Daylight,No Controls,NONE DETECTED,Yes,No Apparent Injury,NA,Not Distracted,MD,Passenger Car,Turning Right,30,No,2008,ACURA,TSX,39.08080767,-76.94689767,2024,4,16
240019991,Property Damage Crash,04/29/2024 03:53:00 PM,FATHER HURLEY BLVD,NA,"Sideswipe, Same Direction",Clear,Dry,Daylight,No Controls,NONE DETECTED,No,No Apparent Injury,NA,Not Distracted,MD,Bus - Transit,Parked,35,No,2013,GILLIG,CITY TRANSIT BUS,39.18247312,-77.27469003,2024,4,15
240019991,Property Damage Crash,04/29/2024 03:53:00 PM,FATHER HURLEY BLVD,NA,"Sideswipe, Same Direction",Clear,Dry,Daylight,No Controls,NONE DETECTED,No,No Apparent Injury,NA,Unknown,MD,Sport Utility Vehicle,Overtaking/Passing,35,No,2008,LEXUS,RX,39.18247312,-77.27469003,2024,4,15
240019981,Property Damage Crash,04/29/2024 03:10:00 PM,NORTH KINDLY CT,NA,Single Vehicle,Clear,Dry,Daylight,No Controls,NONE DETECTED,Yes,No Apparent Injury,NA,Not Distracted,MD,Bus - School,Moving Constant Speed,15,No,2017,THOMAS BUILT,SCHOOL BUS,39.17009016,-77.20998038,2024,4,15
240019979,Property Damage Crash,04/29/2024 03:04:00 PM,ASPEN HILL RD,NA,"Sideswipe, Same Direction",Clear,Dry,Daylight,No Controls,NONE DETECTED,No,NA,NA,NA,NA,Unknown,Moving Constant Speed,30,No,2014,GMC,SAVANA,39.0712394,-77.10073034,2024,4,15
240019979,Property Damage Crash,04/29/2024 03:04:00 PM,ASPEN HILL RD,NA,"Sideswipe, Same Direction",Clear,Dry,Daylight,No Controls,NONE DETECTED,No,No Apparent Injury,NA,Not Distracted,MD,Bus - School,Slowing or Stopping,30,No,2022,THOMAS BUILT,SCHOOL BUS,39.0712394,-77.10073034,2024,4,15
240019978,Injury Crash,04/29/2024 03:03:00 PM,AVERY RD,NA,Single Vehicle,Clear,Dry,Daylight,No Controls,DRUG AND ALCOHOL CONTRIBUTED,No,Possible Minor Injury,Ran Off Roadway,Unknown,MD,Pickup,Moving Constant Speed,35,No,2019,FORD,F-250,39.11967882,-77.11876204,2024,4,15
240019975,Property Damage Crash,04/29/2024 02:22:00 PM,RANDOLPH RD (WB/L),NA,Front to Rear,Clear,Dry,Daylight,No Controls,NONE DETECTED,No,No Apparent Injury,NA,Not Distracted,MD,Passenger Car,Changing Lanes,35,No,2012,HONDA,CIVIC,39.05364167,-77.105285,2024,4,14
240019975,Property Damage Crash,04/29/2024 02:22:00 PM,RANDOLPH RD (WB/L),NA,Front to Rear,Clear,Dry,Daylight,No Controls,NONE DETECTED,No,No Apparent Injury,NA,Not Distracted,MD,Sport Utility Vehicle,Slowing or Stopping,35,No,2021,KIA,SELTOS,39.05364167,-77.105285,2024,4,14
240019975,Property Damage Crash,04/29/2024 02:22:00 PM,RANDOLPH RD (WB/L),NA,Front to Rear,Clear,Dry,Daylight,No Controls,NONE DETECTED,No,No Apparent Injury,NA,Unknown,MD,Station Wagon,Changing Lanes,35,No,2014,TOYOTA,SIENNA,39.05364167,-77.105285,2024,4,14
240019972,Property Damage Crash,04/29/2024 02:11:00 PM,N CAMPUS DR,NA,"Sideswipe, Same Direction",Clear,Dry,Daylight,No Controls,NONE DETECTED,No,No Apparent Injury,NA,Not Distracted,MD,Passenger Car,Turning Left,15,No,2020,SUBARU,ASCENT,39.09742223,-77.16114103,2024,4,14
240019972,Property Damage Crash,04/29/2024 02:11:00 PM,N CAMPUS DR,NA,"Sideswipe, Same Direction",Clear,Dry,Daylight,No Controls,NONE DETECTED,Yes,No Apparent Injury,NA,Not Distracted,MD,Passenger Car,Overtaking/Passing,15,No,2021,VOLKSWAGEN,JETTA,39.09742223,-77.16114103,2024,4,14
240019965,Property Damage Crash,04/29/2024 01:32:00 PM,NA,NA,Front to Front,Clear,NA,Daylight,NA,NONE DETECTED,No,No Apparent Injury,NA,Unknown,MD,Sport Utility Vehicle,Moving Constant Speed,0,No,2016,CADILLAC,SRX,39.06136401,-77.04946827,2024,4,13
240019965,Property Damage Crash,04/29/2024 01:32:00 PM,NA,NA,Front to Front,Clear,NA,Daylight,NA,NONE DETECTED,No,No Apparent Injury,NA,Unknown,MD,Sport Utility Vehicle,Moving Constant Speed,0,No,2011,HONDA,CR-V,39.06136401,-77.04946827,2024,4,13
240019944,Property Damage Crash,04/29/2024 12:56:00 PM,TRIANGLE LA,NA,Front to Front,Clear,Dry,Daylight,No Controls,NONE DETECTED,Yes,No Apparent Injury,NA,Unknown,MD,Passenger Car,Slowing or Stopping,10,No,2006,HONDA,CIVIC,39.03972102,-77.05213191,2024,4,12
240019934,Injury Crash,04/29/2024 12:07:00 PM,NA,NA,Angle,Clear,Dry,Daylight,Stop Sign,NONE DETECTED,No,No Apparent Injury,Failed to Yield Right-of-Way,Unknown,NA,Passenger Car,Turning Left,25,No,0,NA,NA,39.08035317,-77.07769583,2024,4,12
240019934,Injury Crash,04/29/2024 12:07:00 PM,NA,NA,Angle,Clear,Dry,Daylight,No Controls,NONE DETECTED,No,No Apparent Injury,NA,Not Distracted,MD,Sport Utility Vehicle,Stopped in Traffic,30,No,2018,TOYOTA,HIGHLANDER,39.08035317,-77.07769583,2024,4,12
240019934,Injury Crash,04/29/2024 12:07:00 PM,NA,NA,Angle,Clear,Dry,Daylight,No Controls,NONE DETECTED,No,Possible Minor Injury,NA,Not Distracted,MD,Sport Utility Vehicle,Moving Constant Speed,30,No,2020,JEEP,RENEGADE,39.08035317,-77.07769583,2024,4,12
240019918,Injury Crash,04/29/2024 10:16:00 AM,NEW HAMPSHIRE AVE,NA,Front to Rear,Clear,Dry,Daylight,No Controls,NONE DETECTED,No,Possible Minor Injury,NA,Not Distracted,MD,Sport Utility Vehicle,Moving Constant Speed,35,No,2014,GMC,YUKON,39.01435892,-76.97789512,2024,4,10
240019918,Injury Crash,04/29/2024 10:16:00 AM,NEW HAMPSHIRE AVE,NA,Front to Rear,Clear,Dry,Daylight,No Controls,NONE DETECTED,Yes,No Apparent Injury,"Operated Motor Vehicle in Inattentive, Careless, Negligent, or Erratic Manner","Other Action (looking away from task, etc.)",MD,Van - Passenger (&lt;9 Seats),Moving Constant Speed,35,No,2014,CHEVROLET,EXPRESS,39.01435892,-76.97789512,2024,4,10
240019902,Property Damage Crash,04/29/2024 09:12:00 AM,BURNING BUSH LA,"Other Pedestrian (person in a building, skater, personal conveyance, etc.)",Single Vehicle,Clear,Dry,Daylight,No Controls,NONE DETECTED,No,No Apparent Injury,Improper Backing,Not Distracted,MD,Bus - School,Backing,25,No,2016,THOMAS BUILT,SCHOOL BUS,39.089868,-77.05889183,2024,4,9
240019906,Property Damage Crash,04/29/2024 09:00:00 AM,NA,NA,Other,Clear,NA,Daylight,NA,NONE DETECTED,No,No Apparent Injury,NA,Not Distracted,MD,Bus - School,Parked,0,No,2018,THOMAS BUILT,SCHOOL BUS,39.16928746,-77.1752236,2024,4,9
240019906,Property Damage Crash,04/29/2024 09:00:00 AM,NA,NA,Other,Clear,NA,Daylight,NA,NONE DETECTED,Yes,No Apparent Injury,NA,Not Distracted,MD,Passenger Car,Turning Left,0,No,2009,CHEVROLET,MALIBU,39.16928746,-77.1752236,2024,4,9
240019940,Property Damage Crash,04/29/2024 07:45:00 AM,CLOPPER RD,NA,Front to Rear,Clear,Dry,Daylight,Traffic Control Signal,NONE DETECTED,No,No Apparent Injury,NA,Unknown,MD,Pickup,Slowing or Stopping,35,No,2023,FORD,F-350,39.14266111,-77.2215445,2024,4,7
240019940,Property Damage Crash,04/29/2024 07:45:00 AM,CLOPPER RD,NA,Front to Rear,Clear,Dry,Daylight,Traffic Control Signal,NONE DETECTED,No,No Apparent Injury,NA,Not Distracted,MD,Sport Utility Vehicle,Slowing or Stopping,35,No,2018,KIA,SORENTO,39.14266111,-77.2215445,2024,4,7
240019891,Injury Crash,04/29/2024 07:44:00 AM,NA,Pedestrian,Single Vehicle,Clear,Dry,Daylight,Traffic Control Signal,NONE DETECTED,Yes,No Apparent Injury,Failed to Yield Right-of-Way,Not Distracted,MD,Pickup,Turning Left,35,No,2020,CHEVROLET,SILVERADO,39.09047817,-77.04794717,2024,4,7
240019890,Property Damage Crash,04/29/2024 07:28:00 AM,FREDERICK RD,NA,Front to Front,Clear,Dry,Daylight,Traffic Control Signal,NONE DETECTED,No,No Apparent Injury,NA,Not Distracted,MD,Passenger Car,Turning Left,40,No,2019,NISSAN,VERSA,39.12254647,-77.17747424,2024,4,7
240019890,Property Damage Crash,04/29/2024 07:28:00 AM,FREDERICK RD,NA,Front to Front,Clear,Dry,Daylight,Traffic Control Signal,NONE DETECTED,No,No Apparent Injury,Ran Red Light,Not Distracted,MD,Passenger Car,Turning Left,40,No,2000,LEXUS,ES,39.12254647,-77.17747424,2024,4,7
240019881,Property Damage Crash,04/29/2024 03:19:00 AM,RIDGE RD (SB/L),NA,Single Vehicle,Clear,Dry,Medium,No Controls,NONE DETECTED,Yes,No Apparent Injury,NA,Unknown,MD,Passenger Car,Moving Constant Speed,40,No,2023,TOYOTA,COROLLA,39.26171833,-77.22204,2024,4,3
240019878,Property Damage Crash,04/29/2024 02:00:00 AM,UNIVERSITY BLVD E (WB/L),NA,Front to Rear,Clear,Dry,Medium,Flashing Traffic Control Signal,NONE DETECTED,No,No Apparent Injury,NA,Not Distracted,MD,Passenger Car,Moving Constant Speed,35,No,2022,TOYOTA,RAV4,39.01235674,-77.00261375,2024,4,2
240019878,Property Damage Crash,04/29/2024 02:00:00 AM,UNIVERSITY BLVD E (WB/L),NA,Front to Rear,Clear,Dry,Medium,Flashing Traffic Control Signal,NONE DETECTED,No,No Apparent Injury,"Followed Too Closely, Other Improper Action, Too Fast For Conditions",Unknown,NA,Passenger Car,Moving Constant Speed,35,No,2014,KIA,SORENTO,39.01235674,-77.00261375,2024,4,2
240019875,Property Damage Crash,04/29/2024 12:48:00 AM,PARK AVE,NA,Angle,Clear,Dry,Medium,No Controls,NONE DETECTED,Yes,No Apparent Injury,"Operated Motor Vehicle in Inattentive, Careless, Negligent, or Erratic Manner, Other Improper Action, Over-Correcting/Over-Steering",Unknown,MD,Sport Utility Vehicle,NA,25,No,2018,HONDA,CR-V,39.1456921,-77.19481071,2024,4,0
240019871,Property Damage Crash,04/28/2024 11:23:00 PM,NEW HAMPSHIRE AVE (SB/L),NA,Single Vehicle,Clear,Dry,Medium,No Controls,NONE DETECTED,No,No Apparent Injury,Ran Off Roadway,Not Distracted,MD,Passenger Car,Moving Constant Speed,35,No,2018,TOYOTA,CAMRY,38.97645503,-76.99347295,2024,4,23
240019869,Property Damage Crash,04/28/2024 10:40:00 PM,PERRY PKWY (SB/L),NA,Single Vehicle,Clear,Dry,Dark,No Controls,ALCOHOL PRESENT,No,No Apparent Injury,"Failed to Keep in Proper Lane, Operated Motor Vehicle in Inattentive, Careless, Negligent, or Erratic Manner, Operated Motor Vehicle in Reckless or Aggressive Manner, Other Improper Action, Too Fast For Conditions, Wrong Side, Wrong Way",Unknown,NA,Moped Or motorized bicycle,Moving Constant Speed,35,No,2024,UNKNOWN,UNKNOWN,39.14710837,-77.21400858,2024,4,22
240019862,Injury Crash,04/28/2024 10:00:00 PM,COLUMBIA PIKE (SB/L),NA,Rear To Side,Clear,Dry,Medium,Traffic Control Signal,NONE DETECTED,No,Possible Minor Injury,NA,Not Distracted,MD,Passenger Car,Moving Constant Speed,45,No,2009,HONDA,ACCORD,39.03938067,-76.9979075,2024,4,22
240019862,Injury Crash,04/28/2024 10:00:00 PM,COLUMBIA PIKE (SB/L),NA,Rear To Side,Clear,Dry,Medium,Traffic Control Signal,NONE DETECTED,Yes,Possible Minor Injury,Failed to Yield Right-of-Way,Not Distracted,IL,Passenger Car,Turning Left,45,No,2021,TOYOTA,CAMRY,39.03938067,-76.9979075,2024,4,22
240019858,Property Damage Crash,04/28/2024 08:49:00 PM,NA,NA,Front to Rear,Clear,Dry,Medium,Stop Sign,ALCOHOL PRESENT,Yes,No Apparent Injury,"Ran Off Roadway, Ran Stop Sign, Too Fast For Conditions",Unknown,MD,Sport Utility Vehicle,Moving Constant Speed,35,No,2016,TOYOTA,HIGHLANDER,39.28621253,-77.19661298,2024,4,20
240019854,Property Damage Crash,04/28/2024 08:01:00 PM,NA,NA,Front to Rear,Clear,NA,Medium,NA,DRUG AND ALCOHOL CONTRIBUTED,No,No Apparent Injury,Ran Off Roadway,Unknown,MD,Passenger Car,Accelerating,0,No,2012,TOYOTA,CAMRY,39.12556939,-77.20819573,2024,4,20
240019846,Property Damage Crash,04/28/2024 08:00:00 PM,GRIFFIN CIR,NA,Single Vehicle,Clear,Dry,Medium,Traffic Control Signal,NONE DETECTED,No,No Apparent Injury,Other Improper Action,Unknown,MD,Passenger Car,Moving Constant Speed,40,No,2017,KIA,OPTIMA,39.23133808,-77.26968793,2024,4,20
240019832,Property Damage Crash,04/28/2024 06:41:00 PM,UNIVERSITY BLVD W (WB/L),NA,Angle,Clear,Dry,Daylight,No Controls,NONE DETECTED,Yes,No Apparent Injury,Failed to Yield Right-of-Way,Not Distracted,MD,Passenger Car,Entering Traffic Lane,25,No,2002,TOYOTA,CAMRY SOLARA,39.04120333,-77.04743667,2024,4,18
240019832,Property Damage Crash,04/28/2024 06:41:00 PM,UNIVERSITY BLVD W (WB/L),NA,Angle,Clear,Dry,Daylight,No Controls,NONE DETECTED,No,No Apparent Injury,NA,Not Distracted,MD,Sport Utility Vehicle,Moving Constant Speed,25,No,2017,JEEP,GRAND CHEROKEE,39.04120333,-77.04743667,2024,4,18
240019830,Property Damage Crash,04/28/2024 05:36:00 PM,RIDGE RD (SB/L),NA,Single Vehicle,Clear,Dry,Daylight,Traffic Control Signal,NONE DETECTED,No,No Apparent Injury,"Operated Motor Vehicle in Inattentive, Careless, Negligent, or Erratic Manner, Operated Motor Vehicle in Reckless or Aggressive Manner, Ran Off Roadway, Too Fast For Conditions",Not Distracted,VA,Sport Utility Vehicle,Turning Left,30,No,2023,DODGE,DURANGO,39.25321574,-77.22964628,2024,4,17
240019831,Property Damage Crash,04/28/2024 05:30:00 PM,HARDING DR,NA,Front to Rear,Clear,Dry,Daylight,No Controls,NONE DETECTED,No,NA,NA,NA,NA,Passenger Car,Moving Constant Speed,25,No,2012,NISSAN,ALTIMA,39.02194389,-77.01829961,2024,4,17
240019831,Property Damage Crash,04/28/2024 05:30:00 PM,HARDING DR,NA,Front to Rear,Clear,Dry,Daylight,No Controls,NONE DETECTED,No,No Apparent Injury,NA,Not Distracted,MD,Pickup,Parked,25,No,2009,FORD,F-150,39.02194389,-77.01829961,2024,4,17
240019826,Property Damage Crash,04/28/2024 04:45:00 PM,WATKINS MILL RD,NA,"Sideswipe, Same Direction",Clear,Dry,Daylight,No Controls,NONE DETECTED,No,NA,NA,NA,NA,NA,Overtaking/Passing,35,No,0,NA,NA,39.17491929,-77.20863612,2024,4,16
240019826,Property Damage Crash,04/28/2024 04:45:00 PM,WATKINS MILL RD,NA,"Sideswipe, Same Direction",Clear,Dry,Daylight,No Controls,NONE DETECTED,No,No Apparent Injury,NA,Not Distracted,PA,Sport Utility Vehicle,Moving Constant Speed,35,No,2007,JEEP,LIBERTY,39.17491929,-77.20863612,2024,4,16
240019817,Property Damage Crash,04/28/2024 04:15:00 PM,UNIVERSITY BLVD W (WB/L),NA,"Sideswipe, Same Direction",Clear,Dry,Daylight,Stop Sign,NONE DETECTED,No,No Apparent Injury,NA,Not Distracted,VA,Passenger Car,Turning Right,25,No,2018,VOLKSWAGEN,TIGUAN,39.02092043,-77.01355254,2024,4,16
240019817,Property Damage Crash,04/28/2024 04:15:00 PM,UNIVERSITY BLVD W (WB/L),NA,"Sideswipe, Same Direction",Clear,Dry,Daylight,Stop Sign,NONE DETECTED,No,NA,NA,NA,NA,Passenger Car,Overtaking/Passing,25,No,2016,FORD,MUSTANG,39.02092043,-77.01355254,2024,4,16
240019811,Property Damage Crash,04/28/2024 03:21:00 PM,HIPSLEY MILL RD,NA,Angle,Clear,Dry,Daylight,Stop Sign,NONE DETECTED,Yes,No Apparent Injury,NA,Unknown,MD,Passenger Car,Entering Traffic Lane,25,No,2016,VOLKSWAGEN,PASSAT,39.25250922,-77.13850563,2024,4,15
240019811,Property Damage Crash,04/28/2024 03:21:00 PM,HIPSLEY MILL RD,NA,Angle,Clear,Dry,Daylight,No Controls,NONE DETECTED,No,No Apparent Injury,NA,Unknown,MD,Passenger Car,Moving Constant Speed,40,No,2010,HONDA,ACCORD,39.25250922,-77.13850563,2024,4,15
240019806,Property Damage Crash,04/28/2024 03:11:00 PM,VEIRS MILL RD (WB/L),NA,"Sideswipe, Same Direction",Clear,Dry,Daylight,No Controls,NONE DETECTED,No,No Apparent Injury,NA,Not Distracted,MD,Passenger Car,Slowing or Stopping,35,No,2019,FORD,TRANSIT,39.0780868,-77.12799572,2024,4,15
240019806,Property Damage Crash,04/28/2024 03:11:00 PM,VEIRS MILL RD (WB/L),NA,"Sideswipe, Same Direction",Clear,Dry,Daylight,No Controls,NONE DETECTED,No,No Apparent Injury,NA,Not Distracted,MD,Other,Overtaking/Passing,35,No,2020,FREIGHTLINER,M2,39.0780868,-77.12799572,2024,4,15
240019802,Injury Crash,04/28/2024 02:56:00 PM,MONTGOMERY AVE,NA,Angle,Clear,Dry,Daylight,Traffic Control Signal,NONE DETECTED,Yes,No Apparent Injury,NA,Not Distracted,PA,Passenger Car,Changing Lanes,25,No,2014,MERCEDES-BENZ,ML-CLASS,38.9839505,-77.092291,2024,4,14
240019802,Injury Crash,04/28/2024 02:56:00 PM,MONTGOMERY AVE,NA,Angle,Clear,Dry,Daylight,Traffic Control Signal,NONE DETECTED,No,Suspected Serious Injury,NA,Not Distracted,MD,Motorcycle - 2 Wheeled,Moving Constant Speed,25,No,2009,HONDA,SHADOW,38.9839505,-77.092291,2024,4,14
240019800,Injury Crash,04/28/2024 02:21:00 PM,COLLINGWOOD TERR,NA,"Sideswipe, Opposite Direction",Clear,Dry,Daylight,No Controls,NONE DETECTED,Yes,Possible Minor Injury,NA,"Other Action (looking away from task, etc.)",MD,Sport Utility Vehicle,Moving Constant Speed,15,No,2019,TOYOTA,RAV4,39.07736679,-76.97882653,2024,4,14
240019798,Injury Crash,04/28/2024 02:16:00 PM,CENTURY BLVD,Pedestrian,Single Vehicle,Clear,Dry,Daylight,No Controls,NONE DETECTED,No,No Apparent Injury,NA,Not Distracted,MD,Passenger Car,Moving Constant Speed,20,No,2019,DODGE,CHARGER,39.18273844,-77.26399388,2024,4,14
240019794,Injury Crash,04/28/2024 02:00:00 PM,LANDY LA,Scooter (electric),Single Vehicle,Clear,Dry,Daylight,Pedestrian Crossing Sign,NONE DETECTED,Yes,No Apparent Injury,NA,Not Distracted,DC,Passenger Car,Moving Constant Speed,35,No,2016,KIA,SORENTO,38.964664139999996,-77.10328567,2024,4,14
240019797,Property Damage Crash,04/28/2024 02:00:00 PM,COLUMBIA PIKE,NA,Single Vehicle,Clear,Dry,Daylight,No Controls,NONE DETECTED,Yes,No Apparent Injury,Over-Correcting/Over-Steering,Not Distracted,MD,Passenger Car,Moving Constant Speed,40,No,2007,HONDA,CIVIC,39.12647464,-76.92303908,2024,4,14
240019793,Injury Crash,04/28/2024 01:44:00 PM,OLD GEORGETOWN RD (SB/L),NA,Front to Front,Clear,Dry,Daylight,Traffic Control Signal,NONE DETECTED,No,Possible Minor Injury,NA,Not Distracted,MD,Passenger Car,Moving Constant Speed,35,No,2023,HONDA,ACCORD,39.00013733,-77.10962039,2024,4,13
240019793,Injury Crash,04/28/2024 01:44:00 PM,OLD GEORGETOWN RD (SB/L),NA,Front to Front,Clear,Dry,Daylight,Traffic Control Signal,NONE DETECTED,No,No Apparent Injury,NA,Not Distracted,MD,Passenger Car,Turning Left,35,No,2017,LAND ROVER,RANGE ROVER EVOQUE,39.00013733,-77.10962039,2024,4,13
240019795,Injury Crash,04/28/2024 01:38:00 PM,NA,NA,Rear To Side,Clear,Dry,Daylight,No Controls,NONE DETECTED,Yes,No Apparent Injury,"Improper Passing, Operated Motor Vehicle in Inattentive, Careless, Negligent, or Erratic Manner, Wrong Side",Unknown,MD,Bus - Mini,Overtaking/Passing,50,No,2010,FORD,E-350,39.24635691,-77.14380947,2024,4,13
240019795,Injury Crash,04/28/2024 01:38:00 PM,NA,NA,Rear To Side,Clear,Dry,Daylight,No Controls,NONE DETECTED,No,Suspected Serious Injury,NA,Not Distracted,MD,Passenger Car,Turning Left,50,No,2009,HONDA,CIVIC,39.24635691,-77.14380947,2024,4,13
240019799,Property Damage Crash,04/28/2024 01:36:00 PM,GEORGIA AVE (SB/L),NA,Angle,Clear,Dry,Daylight,No Controls,NONE DETECTED,No,No Apparent Injury,NA,Not Distracted,VA,Passenger Car,Moving Constant Speed,30,No,2016,TESLA,MODEL X,39.01097173,-77.04110471,2024,4,13
240019799,Property Damage Crash,04/28/2024 01:36:00 PM,GEORGIA AVE (SB/L),NA,Angle,Clear,Dry,Daylight,Stop Sign,NONE DETECTED,Yes,No Apparent Injury,Failed to Yield Right-of-Way,Not Distracted,MD,Passenger Car,Turning Left,30,No,2018,SUBARU,CROSSTREK,39.01097173,-77.04110471,2024,4,13