Local Case Number,ACRS Report Type,Crash Date/Time,Road Name,Related Non-Motorist,Collision Type,Weather,Surface Condition,Light,Traffic Control,Driver Substance Abuse,Driver At Fault,Injury Severity,Circumstance,Driver Distracted By,Drivers License State,Vehicle Body Type,Vehicle Movement,Speed Limit,Driverless Vehicle,Vehicle Year,Vehicle Make,Vehicle Model,Latitude,Longitude,Year,Month,Hour
240020181,Property Damage Crash,04/28/2024 01:31:00 PM,NA,NA,Front to Rear,Clear,NA,Daylight,NA,NONE DETECTED,No,No Apparent Injury,NA,Not Distracted,DC,Sport Utility Vehicle,Stopped in Traffic,0,No,2022,ACURA,MDX,39.15629041,-77.16458888,2024,4,13
240020181,Property Damage Crash,04/28/2024 01:31:00 PM,NA,NA,Front to Rear,Clear,NA,Daylight,NA,NONE DETECTED,No,NA,NA,NA,NA,Passenger Car,Backing,0,No,2014,CHRYSLER,300,39.15629041,-77.16458888,2024,4,13
240019789,Property Damage Crash,04/28/2024 01:04:00 PM,SANDY SPRING RD,NA,Front to Rear,Clear,Dry,Daylight,No Controls,NONE DETECTED,Yes,No Apparent Injury,Too Fast For Conditions,Not Distracted,MD,Passenger Car,Moving Constant Speed,35,No,2021,TOYOTA,COROLLA,39.10510781,-76.91017664,2024,4,13
240019789,Property Damage Crash,04/28/2024 01:04:00 PM,SANDY SPRING RD,NA,Front to Rear,Clear,Dry,Daylight,No Controls,NONE DETECTED,No,No Apparent Injury,NA,Not Distracted,MD,Passenger Car,Accelerating,35,No,2022,LEXUS,GX,39.10510781,-76.91017664,2024,4,13
240019784,Injury Crash,04/28/2024 12:42:00 PM,NA,NA,Other,Clear,Dry,Daylight,Traffic Control Signal,NONE DETECTED,No,Possible Minor Injury,NA,Not Distracted,MD,Passenger Car,Turning Left,40,No,2022,TOYOTA,COROLLA,39.04652838,-76.98691222,2024,4,12
240019784,Injury Crash,04/28/2024 12:42:00 PM,NA,NA,Other,Clear,Dry,Daylight,Traffic Control Signal,NONE DETECTED,Yes,Possible Minor Injury,"Disregarded Other Road Markings, Disregarded Other Traffic Sign, Failed to Keep in Proper Lane, Failed to Yield Right-of-Way, Improper Passing, Ran Red Light",Not Distracted,MD,Motorcycle - 2 Wheeled,Changing Lanes,40,No,2013,SUZUKI,GSX750F/GSX750FT,39.04652838,-76.98691222,2024,4,12
240019756,Property Damage Crash,04/28/2024 09:31:00 AM,GEORGIA AVE (SB/L),NA,Front to Rear,Clear,Dry,Daylight,No Controls,NONE DETECTED,No,No Apparent Injury,NA,Not Distracted,MD,Passenger Car,Slowing or Stopping,40,No,2008,ACURA,TSX,39.135425,-77.06963333,2024,4,9
240019756,Property Damage Crash,04/28/2024 09:31:00 AM,GEORGIA AVE (SB/L),NA,Front to Rear,Clear,Dry,Daylight,No Controls,NONE DETECTED,Yes,No Apparent Injury,"Followed Too Closely, Operated Motor Vehicle in Inattentive, Careless, Negligent, or Erratic Manner","Other Action (looking away from task, etc.)",MD,Passenger Car,Moving Constant Speed,40,No,2010,HONDA,ACCORD,39.135425,-77.06963333,2024,4,9
240019749,Property Damage Crash,04/28/2024 08:06:00 AM,11TH AVE,NA,"Sideswipe, Opposite Direction",Clear,Dry,Daylight,No Controls,NONE DETECTED,No,No Apparent Injury,NA,NA,NA,Pickup,Negotiating a Curve,25,No,2003,FORD,F-150,39.00061467,-76.98501367,2024,4,8
240019814,Property Damage Crash,04/28/2024 08:00:00 AM,GRENOBLE DR,NA,"Sideswipe, Same Direction",Clear,Dry,Daylight,No Controls,NONE DETECTED,No,No Apparent Injury,NA,NA,NA,Pickup,Moving Constant Speed,25,No,2001,CHEVROLET,SILVERADO,39.07247633,-77.09077002,2024,4,8
240019734,Property Damage Crash,04/28/2024 04:00:00 AM,MIDCOUNTY HWY (NB/L),NA,Angle,Clear,Dry,Medium,Flashing Traffic Control Signal,NONE DETECTED,No,No Apparent Injury,Other Improper Action,Unknown,VA,Sport Utility Vehicle,Turning Left,35,No,2022,FORD,BRONCO,39.15068401,-77.17431093,2024,4,4
240019734,Property Damage Crash,04/28/2024 04:00:00 AM,MIDCOUNTY HWY (NB/L),NA,Angle,Clear,Dry,Medium,Flashing Traffic Control Signal,NONE DETECTED,No,No Apparent Injury,NA,Not Distracted,MD,Passenger Car,Moving Constant Speed,45,No,2014,TOYOTA,CAMRY,39.15068401,-77.17431093,2024,4,4
240019735,Property Damage Crash,04/28/2024 03:08:00 AM,CLARKSBURG RD,NA,Single Vehicle,Clear,Dry,Dark,No Controls,NONE DETECTED,No,No Apparent Injury,NA,Unknown,NA,Passenger Car,Negotiating a Curve,35,No,2013,KIA,SPORTAGE,39.26218315,-77.2814887,2024,4,3
240019728,Property Damage Crash,04/28/2024 01:58:00 AM,GEORGIA AVE,NA,Single Vehicle,Clear,Dry,Medium,No Controls,NONE DETECTED,No,No Apparent Injury,Ran Off Roadway,Unknown,MD,Passenger Car,Moving Constant Speed,35,No,2006,MITSUBISHI,ECLIPSE,39.06725415,-77.06001701,2024,4,1
240019724,Injury Crash,04/27/2024 11:39:00 PM,RAMP 5 FR IS 270 SB TO IS 370 EB,NA,Front to Rear,Clear,Dry,Dark,No Controls,NONE DETECTED,No,No Apparent Injury,"Failed to Yield Right-of-Way, Followed Too Closely, Too Fast For Conditions",Unknown,NA,Passenger Car,Moving Constant Speed,55,No,2021,TOYOTA,COROLLA,39.12421586,-77.20104362,2024,4,23
240019724,Injury Crash,04/27/2024 11:39:00 PM,RAMP 5 FR IS 270 SB TO IS 370 EB,NA,Front to Rear,Clear,Dry,Dark,No Controls,NONE DETECTED,No,Possible Minor Injury,Other Improper Action,Unknown,MD,Passenger Car,Slowing or Stopping,55,No,2021,TOYOTA,CAMRY,39.12421586,-77.20104362,2024,4,23
240019712,Injury Crash,04/27/2024 08:04:00 PM,STONEGATE DR,NA,Angle,Clear,Dry,Medium,No Controls,NONE DETECTED,No,Possible Minor Injury,NA,Not Distracted,MD,Pickup,Moving Constant Speed,45,No,2013,CHEVROLET,SILVERADO,39.0998085,-77.00385783,2024,4,20
240019712,Injury Crash,04/27/2024 08:04:00 PM,STONEGATE DR,NA,Angle,Clear,Dry,Medium,Stop Sign,NONE DETECTED,Yes,Possible Minor Injury,Failed to Yield Right-of-Way,Unknown,MD,Sport Utility Vehicle,Turning Left,25,No,2005,JEEP,UNKNOWN,39.0998085,-77.00385783,2024,4,20
240019704,Property Damage Crash,04/27/2024 05:55:00 PM,NA,NA,Front to Rear,Cloudy,NA,Daylight,NA,NONE DETECTED,Yes,No Apparent Injury,Improper Backing,Unknown,MD,Sport Utility Vehicle,Backing,0,No,2008,TOYOTA,HIGHLANDER,39.19265793,-77.24313144,2024,4,17
240019704,Property Damage Crash,04/27/2024 05:55:00 PM,NA,NA,Front to Rear,Cloudy,NA,Daylight,NA,NONE DETECTED,No,No Apparent Injury,NA,Not Distracted,MD,Passenger Car,Stopped in Traffic,0,No,2020,TOYOTA,CAMRY,39.19265793,-77.24313144,2024,4,17
240019696,Property Damage Crash,04/27/2024 05:30:00 PM,BOWIE MILL RD,NA,"Sideswipe, Same Direction",Cloudy,Wet,Daylight,No Controls,NONE DETECTED,No,No Apparent Injury,NA,Not Distracted,DC,Passenger Car,Moving Constant Speed,30,No,2005,SUBARU,OUTBACK,39.15344977,-77.09658873,2024,4,17
240019696,Property Damage Crash,04/27/2024 05:30:00 PM,BOWIE MILL RD,NA,"Sideswipe, Same Direction",Cloudy,Wet,Daylight,No Controls,NONE DETECTED,Yes,No Apparent Injury,NA,Not Distracted,MD,Other,Entering Traffic Lane,30,No,2024,FORD,UNKNOWN,39.15344977,-77.09658873,2024,4,17
240019694,Injury Crash,04/27/2024 04:55:00 PM,RANDOLPH RD (WB/L),NA,Front to Rear,Clear,Wet,Daylight,Other Warning Sign,NONE DETECTED,No,No Apparent Injury,NA,Not Distracted,MD,Passenger Car,Slowing or Stopping,35,No,2018,TOYOTA,COROLLA,39.05849597,-77.07098463,2024,4,16
240019694,Injury Crash,04/27/2024 04:55:00 PM,RANDOLPH RD (WB/L),NA,Front to Rear,Clear,Wet,Daylight,No Controls,NONE DETECTED,No,Possible Minor Injury,NA,Not Distracted,MD,Passenger Car,Stopped in Traffic,35,No,2024,BMW,X5,39.05849597,-77.07098463,2024,4,16
240019691,Injury Crash,04/27/2024 04:37:00 PM,BROADBIRCH DR,NA,Front to Front,Cloudy,Wet,Daylight,No Controls,NONE DETECTED,No,Possible Minor Injury,NA,Not Distracted,MD,Sport Utility Vehicle,Moving Constant Speed,35,No,2023,HONDA,CR-V,39.05572553,-76.95858048,2024,4,16
240019691,Injury Crash,04/27/2024 04:37:00 PM,BROADBIRCH DR,NA,Front to Front,Cloudy,Wet,Daylight,No Controls,NONE DETECTED,Yes,No Apparent Injury,NA,Not Distracted,MD,Sport Utility Vehicle,Moving Constant Speed,35,No,2006,NISSAN,MURANO,39.05572553,-76.95858048,2024,4,16
240019690,Property Damage Crash,04/27/2024 04:30:00 PM,PERRY PKWY,NA,Single Vehicle,Cloudy,Wet,Daylight,No Controls,NONE DETECTED,No,No Apparent Injury,Too Fast For Conditions,Unknown,MD,Sport Utility Vehicle,Negotiating a Curve,35,No,2020,TOYOTA,RAV4,39.14350705,-77.21236101,2024,4,16
240019689,Property Damage Crash,04/27/2024 04:05:00 PM,OAKLAND HILLS BLVD,NA,Other,Cloudy,Dry,Daylight,No Controls,NONE DETECTED,No,NA,NA,NA,NA,Passenger Car,Backing,20,No,2019,HYUNDAI,ELANTRA,39.20075767,-77.2736665,2024,4,16
240019689,Property Damage Crash,04/27/2024 04:05:00 PM,OAKLAND HILLS BLVD,NA,Other,Cloudy,Dry,Daylight,No Controls,NONE DETECTED,No,No Apparent Injury,NA,Not Distracted,MD,Passenger Car,Moving Constant Speed,20,No,2021,HYUNDAI,TUCSON,39.20075767,-77.2736665,2024,4,16
240019688,Property Damage Crash,04/27/2024 03:45:00 PM,NA,NA,Other,Clear,NA,Daylight,NA,NONE DETECTED,No,NA,NA,NA,NA,Passenger Car,Backing,0,No,2003,BMW,X5,39.11527518,-77.20720876,2024,4,15
240019683,Injury Crash,04/27/2024 03:42:00 PM,WELLER RD,NA,Front to Front,Clear,Wet,Daylight,Traffic Control Signal,NONE DETECTED,No,Possible Minor Injury,NA,Not Distracted,MD,Sport Utility Vehicle,Accelerating,30,No,2016,NISSAN,PATHFINDER,39.06322705,-77.07355483,2024,4,15
240019683,Injury Crash,04/27/2024 03:42:00 PM,WELLER RD,NA,Front to Front,Clear,Wet,Daylight,Traffic Control Signal,NONE DETECTED,Yes,No Apparent Injury,NA,Unknown,MD,Sport Utility Vehicle,NA,45,No,2018,TOYOTA,RAV4,39.06322705,-77.07355483,2024,4,15
240019679,Property Damage Crash,04/27/2024 03:10:00 PM,GEORGIA AVE,NA,Front to Rear,Rain,Wet,Daylight,No Controls,NONE DETECTED,No,No Apparent Injury,NA,Not Distracted,MD,Passenger Car,Turning Left,35,No,2009,HONDA,CR-V,39.05067521,-77.05161057,2024,4,15
240019679,Property Damage Crash,04/27/2024 03:10:00 PM,GEORGIA AVE,NA,Front to Rear,Rain,Wet,Daylight,No Controls,NONE DETECTED,No,NA,NA,NA,NA,Passenger Car,Moving Constant Speed,35,No,2019,CHEVROLET,EQUINOX,39.05067521,-77.05161057,2024,4,15
240019676,Property Damage Crash,04/27/2024 03:09:00 PM,NA,NA,Angle,Rain,NA,Daylight,NA,NONE DETECTED,Yes,No Apparent Injury,NA,Not Distracted,MD,Passenger Car,Turning Left,0,No,2015,BMW,528XI,39.2022739,-77.24691776,2024,4,15
240019676,Property Damage Crash,04/27/2024 03:09:00 PM,NA,NA,Angle,Rain,NA,Daylight,NA,NONE DETECTED,No,No Apparent Injury,NA,Not Distracted,MD,Van - Passenger (&lt;9 Seats),Moving Constant Speed,0,No,2019,HONDA,ODYSSEY,39.2022739,-77.24691776,2024,4,15
240019675,Injury Crash,04/27/2024 02:15:00 PM,FIRSTFIELD RD,NA,Single Vehicle,Rain,Wet,Daylight,No Controls,DRUG PRESENT,No,Possible Minor Injury,NA,Unknown,MD,Passenger Car,Backing,15,No,2016,HONDA,ACCORD,39.14463166,-77.22270126,2024,4,14
240019672,Property Damage Crash,04/27/2024 02:08:00 PM,ROCK SPRING DR,NA,Single Vehicle,Rain,Wet,Daylight,No Controls,NONE DETECTED,Yes,No Apparent Injury,Too Fast For Conditions,Unknown,MD,Sport Utility Vehicle,Turning Left,30,No,2023,MERCEDES-BENZ,GLB-CLASS,39.02687171,-77.13203761,2024,4,14
240019667,Property Damage Crash,04/27/2024 01:54:00 PM,RANDOLPH RD,NA,Front to Rear,Rain,Wet,Daylight,Traffic Control Signal,NONE DETECTED,Yes,No Apparent Injury,NA,Unknown,MD,Passenger Car,Slowing or Stopping,35,No,2011,INFINITI,M37,39.06240364,-77.04186251,2024,4,13
240019667,Property Damage Crash,04/27/2024 01:54:00 PM,RANDOLPH RD,NA,Front to Rear,Rain,Wet,Daylight,Traffic Control Signal,NONE DETECTED,No,No Apparent Injury,NA,Not Distracted,MD,Passenger Car,Stopped in Traffic,35,No,2024,LEXUS,TX,39.06240364,-77.04186251,2024,4,13
240019666,Injury Crash,04/27/2024 01:32:00 PM,FREDERICK RD,NA,Angle,Rain,Wet,Daylight,Stop Sign,NONE DETECTED,No,No Apparent Injury,NA,Not Distracted,MD,Van - Passenger (&lt;9 Seats),Stopped in Traffic,40,No,2003,HONDA,ODYSSEY,39.17544867,-77.23796933,2024,4,13
240019666,Injury Crash,04/27/2024 01:32:00 PM,FREDERICK RD,NA,Angle,Rain,Wet,Daylight,Stop Sign,NONE DETECTED,Yes,No Apparent Injury,Failed to Yield Right-of-Way,Unknown,MD,Passenger Car,Turning Left,40,No,2006,VOLVO,V70,39.17544867,-77.23796933,2024,4,13
240019666,Injury Crash,04/27/2024 01:32:00 PM,FREDERICK RD,NA,Angle,Rain,Wet,Daylight,Stop Sign,NONE DETECTED,No,No Apparent Injury,NA,Not Distracted,MD,Passenger Car,Moving Constant Speed,40,No,2021,HYUNDAI,ACCENT,39.17544867,-77.23796933,2024,4,13
240019652,Property Damage Crash,04/27/2024 11:35:00 AM,NA,NA,Unknown,Clear,NA,Daylight,NA,NONE DETECTED,No,NA,NA,NA,NA,Pickup,NA,0,No,2019,RAM,1500,39.02026659,-77.01206213,2024,4,11
240019648,Injury Crash,04/27/2024 11:00:00 AM,COMUS RD,NA,Angle,Cloudy,Dry,Daylight,No Controls,NONE DETECTED,No,Possible Minor Injury,NA,Not Distracted,MD,Passenger Car,Moving Constant Speed,35,No,1992,MAZDA,CX-3,39.24694395,-77.34995555,2024,4,11
240019648,Injury Crash,04/27/2024 11:00:00 AM,COMUS RD,NA,Angle,Cloudy,Dry,Daylight,Stop Sign,NONE DETECTED,Yes,Possible Minor Injury,NA,Not Distracted,AZ,Passenger Car,Turning Right,35,No,2018,HONDA,ACCORD,39.24694395,-77.34995555,2024,4,11
240019637,Injury Crash,04/27/2024 09:00:00 AM,CONNECTICUT AVE (SB/L),NA,Single Vehicle,Cloudy,Dry,Daylight,No Controls,NONE DETECTED,No,Possible Minor Injury,NA,Not Distracted,MD,Sport Utility Vehicle,Moving Constant Speed,35,No,2017,HONDA,HR-V,39.06849376,-77.07540075,2024,4,9
240019625,Injury Crash,04/27/2024 01:45:00 AM,CABIN JOHN PKWY (SB/L),NA,Single Vehicle,Clear,Dry,Dark,No Controls,NONE DETECTED,No,Possible Minor Injury,"Over-Correcting/Over-Steering, Too Fast For Conditions",Not Distracted,MD,Motorcycle - 2 Wheeled,Negotiating a Curve,35,No,2014,HONDA,CB500,38.97228883,-77.14867133,2024,4,1
240019621,Property Damage Crash,04/27/2024 12:11:00 AM,WEST SIDE DR (NB/L),NA,"Sideswipe, Same Direction",Clear,Dry,Medium,No Controls,ALCOHOL PRESENT,Yes,No Apparent Injury,"Failed to Keep in Proper Lane, Operated Motor Vehicle in Inattentive, Careless, Negligent, or Erratic Manner",Not Distracted,NA,Passenger Car,Negotiating a Curve,25,No,2011,HYUNDAI,SONATA,39.12696914,-77.20571876,2024,4,0
240019616,Injury Crash,04/26/2024 11:31:00 PM,COBBLER PL,Pedestrian,Single Vehicle,Clear,Dry,Medium,Pedestrian Crossing,NONE DETECTED,Yes,No Apparent Injury,"Improper Backing, Operated Motor Vehicle in Inattentive, Careless, Negligent, or Erratic Manner, Ran Stop Sign",Unknown,MD,Passenger Car,Backing,25,No,2022,TESLA,MODEL 3,39.13149749,-77.19052225,2024,4,23
240019612,Property Damage Crash,04/26/2024 11:27:00 PM,WASHINGTON GROVE LA (SB/L),NA,Rear To Side,Clear,Dry,Medium,Traffic Control Signal,NONE DETECTED,No,No Apparent Injury,NA,Not Distracted,MD,Sport Utility Vehicle,Moving Constant Speed,45,No,2019,NISSAN,PATHFINDER,39.147305,-77.16947,2024,4,23
240019612,Property Damage Crash,04/26/2024 11:27:00 PM,WASHINGTON GROVE LA (SB/L),NA,Rear To Side,Clear,Dry,Medium,Traffic Control Signal,NONE DETECTED,Yes,No Apparent Injury,Failed to Yield Right-of-Way,Not Distracted,MD,Sport Utility Vehicle,Turning Left,30,No,2024,TOYOTA,COROLLA CROSS,39.147305,-77.16947,2024,4,23
240019609,Injury Crash,04/26/2024 10:54:00 PM,POTOMAC VALLEY SC ENT,NA,Angle,Clear,Dry,Medium,Traffic Control Signal,NONE DETECTED,No,Possible Minor Injury,NA,Not Distracted,MD,Pickup,Moving Constant Speed,40,No,2018,FORD,F-150,39.11737467,-77.25122267,2024,4,22
240019609,Injury Crash,04/26/2024 10:54:00 PM,POTOMAC VALLEY SC ENT,NA,Angle,Clear,Dry,Medium,Traffic Control Signal,NONE DETECTED,Yes,No Apparent Injury,Failed to Yield Right-of-Way,Not Distracted,OH,Passenger Car,Turning Left,40,No,2011,LEXUS,RX,39.11737467,-77.25122267,2024,4,22
240019594,Injury Crash,04/26/2024 08:04:00 PM,CRYSTAL ROCK DR,NA,Front to Front,Clear,Dry,Medium,Traffic Control Signal,NONE DETECTED,Yes,Suspected Serious Injury,"Operated Motor Vehicle in Inattentive, Careless, Negligent, or Erratic Manner, Operated Motor Vehicle in Reckless or Aggressive Manner, Ran Red Light",Unknown,MD,Motorcycle - 2 Wheeled,Accelerating,35,No,2003,HONDA,CBR600,39.17679267,-77.26430567,2024,4,20
240019594,Injury Crash,04/26/2024 08:04:00 PM,CRYSTAL ROCK DR,NA,Front to Front,Clear,Dry,Medium,Traffic Control Signal,NONE DETECTED,No,No Apparent Injury,NA,Not Distracted,MD,Sport Utility Vehicle,Turning Left,35,No,2017,GMC,ACADIA,39.17679267,-77.26430567,2024,4,20
240019580,Property Damage Crash,04/26/2024 06:12:00 PM,OLD GEORGETOWN RD,NA,Angle,Clear,Dry,Daylight,Traffic Control Signal,NONE DETECTED,Yes,No Apparent Injury,NA,Not Distracted,GA,Passenger Car,Moving Constant Speed,40,No,2015,TOYOTA,COROLLA,39.04953765,-77.11423512,2024,4,18
240019580,Property Damage Crash,04/26/2024 06:12:00 PM,OLD GEORGETOWN RD,NA,Angle,Clear,Dry,Daylight,Traffic Control Signal,NONE DETECTED,No,No Apparent Injury,NA,Not Distracted,MD,Passenger Car,Moving Constant Speed,40,No,2007,HONDA,CIVIC,39.04953765,-77.11423512,2024,4,18
240019570,Injury Crash,04/26/2024 05:40:00 PM,FREDERICK RD (SB/L),NA,Single Vehicle,Clear,Dry,Daylight,Traffic Control Signal,NONE DETECTED,Yes,Possible Minor Injury,Improper Turn,Not Distracted,NA,Sport Utility Vehicle,Accelerating,40,No,2020,JEEP,WRANGLER,39.11702367,-77.16878967,2024,4,17
240019572,Property Damage Crash,04/26/2024 05:39:00 PM,LEATHERWOOD TERR,NA,"Sideswipe, Opposite Direction",Clear,Dry,Daylight,No Controls,NONE DETECTED,No,No Apparent Injury,NA,Not Distracted,MD,Passenger Car,Moving Constant Speed,15,No,2017,NISSAN,ROGUE,39.09784767,-76.92091733,2024,4,17
240019572,Property Damage Crash,04/26/2024 05:39:00 PM,LEATHERWOOD TERR,NA,"Sideswipe, Opposite Direction",Clear,Dry,Daylight,No Controls,NONE DETECTED,Yes,No Apparent Injury,NA,Unknown,NA,Passenger Car,Making U-Turn,10,No,1998,TOYOTA,CAMRY,39.09784767,-76.92091733,2024,4,17
240019581,Property Damage Crash,04/26/2024 04:16:00 PM,RAMP 2 FR RANDOLPH RD WB TO MD 97 NB,"Other Pedestrian (person in a building, skater, personal conveyance, etc.), Pedestrian",Single Vehicle,Clear,Dry,Daylight,Pedestrian Crossing,NONE DETECTED,Yes,No Apparent Injury,NA,Not Distracted,MD,Passenger Car,Moving Constant Speed,35,No,2019,HONDA,CR-V,39.05840249,-77.04991186,2024,4,16
240019561,Property Damage Crash,04/26/2024 04:15:00 PM,SHAKESPEARE DR,NA,"Sideswipe, Same Direction",Clear,Dry,Daylight,No Controls,NONE DETECTED,Yes,No Apparent Injury,NA,Not Distracted,MD,Van - Passenger (&lt;9 Seats),Accelerating,25,No,2022,MERCEDES-BENZ,A-CLASS,39.200353,-77.24110334,2024,4,16
240019561,Property Damage Crash,04/26/2024 04:15:00 PM,SHAKESPEARE DR,NA,"Sideswipe, Same Direction",Clear,Dry,Daylight,No Controls,NONE DETECTED,No,No Apparent Injury,NA,Not Distracted,MD,Sport Utility Vehicle,Moving Constant Speed,25,No,2016,HONDA,PILOT,39.200353,-77.24110334,2024,4,16
240019554,Injury Crash,04/26/2024 03:40:00 PM,RAMP 4 FR MD 650 NB TO IS 495 EB,NA,Front to Rear,Clear,Dry,Daylight,Pedestrian Crossing Sign,NONE DETECTED,No,NA,NA,NA,NA,Sport Utility Vehicle,Moving Constant Speed,35,No,0,NA,NA,39.01600885,-76.97747299,2024,4,15
240019554,Injury Crash,04/26/2024 03:40:00 PM,RAMP 4 FR MD 650 NB TO IS 495 EB,NA,Front to Rear,Clear,Dry,Daylight,Pedestrian Crossing Sign,NONE DETECTED,No,No Apparent Injury,NA,Not Distracted,MD,Passenger Car,Slowing or Stopping,35,No,2013,HONDA,FIT,39.01600885,-76.97747299,2024,4,15
240019547,Property Damage Crash,04/26/2024 03:39:00 PM,CARROLL AVE,NA,Angle,Clear,Dry,Daylight,No Controls,NONE DETECTED,No,No Apparent Injury,NA,Not Distracted,MD,Passenger Car,Turning Right,25,No,2011,AUDI,UNKNOWN,38.98243814,-77.00110464,2024,4,15
240019547,Property Damage Crash,04/26/2024 03:39:00 PM,CARROLL AVE,NA,Angle,Clear,Dry,Daylight,No Controls,NONE DETECTED,No,No Apparent Injury,NA,Not Distracted,MD,Pickup,Moving Constant Speed,25,No,2021,TOYOTA,TACOMA,38.98243814,-77.00110464,2024,4,15
240019542,Property Damage Crash,04/26/2024 03:22:00 PM,OLD STAGE RD,NA,"Sideswipe, Same Direction",Clear,Dry,Daylight,"Person (including flagger, law enforcement, crossing guard, etc.",NONE DETECTED,No,No Apparent Injury,NA,Not Distracted,MD,Single-Unit Truck,Parked,20,No,2018,PETERBILT,UNKNOWN,39.04581564,-77.13894403,2024,4,15
240019542,Property Damage Crash,04/26/2024 03:22:00 PM,OLD STAGE RD,NA,"Sideswipe, Same Direction",Clear,Dry,Daylight,"Person (including flagger, law enforcement, crossing guard, etc.",NONE DETECTED,Yes,No Apparent Injury,Improper Passing,Unknown,MD,Bus - School,Moving Constant Speed,20,No,2015,THOMAS BUILT,SCHOOL BUS,39.04581564,-77.13894403,2024,4,15
240019552,Property Damage Crash,04/26/2024 03:05:00 PM,BRIGHT MEADOW DR,NA,Front to Rear,Clear,Dry,Daylight,No Controls,ALCOHOL PRESENT,No,No Apparent Injury,NA,Not Distracted,MD,Bus - School,Turning Right,10,No,2022,THOMAS BUILT,SCHOOL BUS,39.11589551,-77.23192054,2024,4,15
240019611,Property Damage Crash,04/26/2024 03:00:00 PM,NA,NA,Front to Rear,Clear,Dry,Daylight,Traffic Control Signal,NONE DETECTED,No,NA,NA,NA,NA,Passenger Car,Backing,30,No,2024,MAZDA,CX-30,39.05337133,-77.10588438,2024,4,15
240019611,Property Damage Crash,04/26/2024 03:00:00 PM,NA,NA,Front to Rear,Clear,Dry,Daylight,Traffic Control Signal,NONE DETECTED,No,No Apparent Injury,NA,Not Distracted,MD,Passenger Car,Stopped in Traffic,30,No,2021,NISSAN,VERSA,39.05337133,-77.10588438,2024,4,15
240019533,Property Damage Crash,04/26/2024 03:00:00 PM,GOLDEN MEADOW DR,NA,"Sideswipe, Opposite Direction",Clear,Dry,Daylight,No Controls,NONE DETECTED,No,No Apparent Injury,NA,NA,NA,Passenger Car,Moving Constant Speed,25,No,2017,CHEVROLET,BOLT EV,39.17803411,-77.23180304,2024,4,15
240019533,Property Damage Crash,04/26/2024 03:00:00 PM,GOLDEN MEADOW DR,NA,"Sideswipe, Opposite Direction",Clear,Dry,Daylight,No Controls,NONE DETECTED,No,No Apparent Injury,NA,Not Distracted,MD,Passenger Car,Moving Constant Speed,25,No,2012,CHRYSLER,200,39.17803411,-77.23180304,2024,4,15
240019537,Property Damage Crash,04/26/2024 02:49:00 PM,NA,NA,Other,Clear,Dry,Daylight,No Controls,NONE DETECTED,No,No Apparent Injury,NA,Not Distracted,MD,Passenger Car,Moving Constant Speed,25,No,1999,FORD,RANGER,39.03946685,-77.07020499,2024,4,14
240019537,Property Damage Crash,04/26/2024 02:49:00 PM,NA,NA,Other,Clear,Dry,Daylight,Stop Sign,NONE DETECTED,Yes,No Apparent Injury,Failed to Yield Right-of-Way,Not Distracted,MD,Bus - School,Moving Constant Speed,25,No,2016,THOMAS BUILT,SCHOOL BUS,39.03946685,-77.07020499,2024,4,14
240019529,Property Damage Crash,04/26/2024 02:39:00 PM,BAUGHMAN DR,NA,Rear To Side,Clear,Dry,Daylight,No Controls,NONE DETECTED,Yes,No Apparent Injury,NA,Not Distracted,MD,Passenger Car,Turning Left,40,No,2016,LEXUS,ES,39.102601,-77.0402775,2024,4,14
240019529,Property Damage Crash,04/26/2024 02:39:00 PM,BAUGHMAN DR,NA,Rear To Side,Clear,Dry,Daylight,No Controls,NONE DETECTED,No,No Apparent Injury,NA,Not Distracted,MD,Sport Utility Vehicle,Moving Constant Speed,40,No,2022,JEEP,WRANGLER,39.102601,-77.0402775,2024,4,14