Local Case Number,ACRS Report Type,Crash Date/Time,Road Name,Related Non-Motorist,Collision Type,Weather,Surface Condition,Light,Traffic Control,Driver Substance Abuse,Driver At Fault,Injury Severity,Circumstance,Driver Distracted By,Drivers License State,Vehicle Body Type,Vehicle Movement,Speed Limit,Driverless Vehicle,Vehicle Year,Vehicle Make,Vehicle Model,Latitude,Longitude,Year,Month,Hour
24000750,Property Damage Crash,04/26/2024 02:30:00 PM,BEACH DR,NA,Front to Front,Clear,Dry,Daylight,No Controls,NONE DETECTED,No,No Apparent Injury,NA,Not Distracted,MD,Passenger Car,Moving Constant Speed,25,No,2019,CHEVROLET,CAMARO,39.02396933,-77.10013,2024,4,14
24000750,Property Damage Crash,04/26/2024 02:30:00 PM,BEACH DR,NA,Front to Front,Clear,Dry,Daylight,No Controls,NONE DETECTED,No,No Apparent Injury,NA,Not Distracted,MD,Passenger Car,Moving Constant Speed,25,No,2018,TOYOTA,CAMRY,39.02396933,-77.10013,2024,4,14
240019521,Property Damage Crash,04/26/2024 02:03:00 PM,FATHER HURLEY BLVD,NA,Front to Rear,Clear,Dry,Daylight,Traffic Control Signal,NONE DETECTED,No,NA,NA,NA,NA,Passenger Car,Moving Constant Speed,35,No,2015,MITSUBISHI,UNKNOWN,39.19362928,-77.27000138,2024,4,14
240019521,Property Damage Crash,04/26/2024 02:03:00 PM,FATHER HURLEY BLVD,NA,Front to Rear,Clear,Dry,Daylight,Traffic Control Signal,NONE DETECTED,No,No Apparent Injury,NA,Not Distracted,MD,Passenger Car,Slowing or Stopping,35,No,2011,HONDA,ACCORD,39.19362928,-77.27000138,2024,4,14
240019522,Property Damage Crash,04/26/2024 02:00:00 PM,NA,NA,Single Vehicle,Clear,Dry,Daylight,No Controls,NONE DETECTED,Yes,No Apparent Injury,Other Improper Action,Unknown,MD,Passenger Car,Turning Right,25,No,2017,FORD,FOCUS,39.05563158,-76.99390841,2024,4,14
240019514,Property Damage Crash,04/26/2024 01:40:00 PM,E GUDE DR,NA,"Sideswipe, Same Direction",Clear,Dry,Daylight,Traffic Control Signal,NONE DETECTED,No,NA,NA,NA,NA,NA,Turning Left,40,No,0,NA,NA,39.0954796,-77.13369204,2024,4,13
240019514,Property Damage Crash,04/26/2024 01:40:00 PM,E GUDE DR,NA,"Sideswipe, Same Direction",Clear,Dry,Daylight,Traffic Control Signal,NONE DETECTED,No,No Apparent Injury,NA,Not Distracted,MD,Passenger Car,Turning Left,40,No,2022,SUBARU,IMPREZA,39.0954796,-77.13369204,2024,4,13
240019307,Injury Crash,04/26/2024 12:33:00 PM,NA,Pedestrian,Single Vehicle,Clear,NA,Daylight,NA,NONE DETECTED,No,No Apparent Injury,NA,NA,NA,Passenger Car,Moving Constant Speed,0,No,2024,TOYOTA,RAV4,39.23439452,-77.28096699,2024,4,12
240019486,Injury Crash,04/26/2024 12:06:00 PM,FREDERICK RD,NA,Front to Rear,Clear,Dry,Daylight,No Controls,NONE DETECTED,Yes,Possible Minor Injury,"Followed Too Closely, Operated Motor Vehicle in Inattentive, Careless, Negligent, or Erratic Manner, Too Fast For Conditions",Unknown,MD,Passenger Car,Moving Constant Speed,40,No,2010,HONDA,ACCORD,39.1867682,-77.24009356,2024,4,12
240019486,Injury Crash,04/26/2024 12:06:00 PM,FREDERICK RD,NA,Front to Rear,Clear,Dry,Daylight,No Controls,NONE DETECTED,No,No Apparent Injury,NA,Not Distracted,MD,Passenger Car,Slowing or Stopping,40,No,2005,TOYOTA,CAMRY,39.1867682,-77.24009356,2024,4,12
240019474,Property Damage Crash,04/26/2024 11:40:00 AM,NEW HAMPSHIRE AVE (SB/L),NA,Front to Rear,Clear,Dry,Daylight,No Controls,NONE DETECTED,No,No Apparent Injury,NA,Not Distracted,MD,Van - Passenger (&lt;9 Seats),Stopped in Traffic,35,No,2018,FORD,TRANSIT,39.02783345,-76.98265772,2024,4,11
240019474,Property Damage Crash,04/26/2024 11:40:00 AM,NEW HAMPSHIRE AVE (SB/L),NA,Front to Rear,Clear,Dry,Daylight,No Controls,NONE DETECTED,Yes,No Apparent Injury,NA,Not Distracted,MD,Van - Passenger (&lt;9 Seats),Slowing or Stopping,35,No,2017,CHEVROLET,EXPRESS,39.02783345,-76.98265772,2024,4,11
240019450,Injury Crash,04/26/2024 09:04:00 AM,PLUMMER DR (EB/L),NA,Rear To Side,Clear,Dry,Daylight,Traffic Control Signal,NONE DETECTED,Yes,No Apparent Injury,NA,Unknown,MD,Sport Utility Vehicle,Moving Constant Speed,45,No,2018,DODGE,DURANGO,39.17161871,-77.23607261,2024,4,9
240019450,Injury Crash,04/26/2024 09:04:00 AM,PLUMMER DR (EB/L),NA,Rear To Side,Clear,Dry,Daylight,Traffic Control Signal,NONE DETECTED,No,No Apparent Injury,NA,Not Distracted,MD,Sport Utility Vehicle,Turning Left,25,No,2022,VOLKSWAGEN,TIGUAN,39.17161871,-77.23607261,2024,4,9
240019067,Property Damage Crash,04/26/2024 08:48:00 AM,CHERRY HILL RD,NA,Single Vehicle,Clear,Dry,Daylight,No Controls,NONE DETECTED,Yes,No Apparent Injury,Ran Off Roadway,Unknown,MD,Passenger Car,Leaving Traffic Lane,40,No,2012,MAZDA,MAZDA3,39.06091383,-76.95721883,2024,4,8
240019438,Property Damage Crash,04/26/2024 08:00:00 AM,NA,NA,Other,Clear,NA,Daylight,NA,NONE DETECTED,No,No Apparent Injury,NA,NA,NA,Passenger Car,Parked,0,No,0,NA,NA,39.16309011,-77.2048394,2024,4,8
240019438,Property Damage Crash,04/26/2024 08:00:00 AM,NA,NA,Other,Clear,NA,Daylight,NA,NONE DETECTED,Yes,No Apparent Injury,Other Improper Action,Not Distracted,MD,Bus - School,Stopped in Traffic,0,No,2012,THOMAS BUILT,SCHOOL BUS,39.16309011,-77.2048394,2024,4,8
240019436,Property Damage Crash,04/26/2024 07:50:00 AM,KENTLANDS BLVD,NA,"Sideswipe, Same Direction",Clear,Dry,Daylight,No Controls,NONE DETECTED,No,No Apparent Injury,NA,Not Distracted,MD,Pickup,Slowing or Stopping,25,No,2022,FORD,F-550,39.12348562,-77.23185918,2024,4,7
240019436,Property Damage Crash,04/26/2024 07:50:00 AM,KENTLANDS BLVD,NA,"Sideswipe, Same Direction",Clear,Dry,Daylight,No Controls,NONE DETECTED,No,No Apparent Injury,Failed to Keep in Proper Lane,Not Distracted,MD,Bus - School,Slowing or Stopping,25,No,2018,THOMAS BUILT,SCHOOL BUS,39.12348562,-77.23185918,2024,4,7
240019475,Property Damage Crash,04/26/2024 07:39:00 AM,MIDCOUNTY HWY (NB/L),NA,"Sideswipe, Same Direction",Clear,Dry,Daylight,Traffic Control Signal,NONE DETECTED,No,No Apparent Injury,NA,NA,NA,Other Trucks,Moving Constant Speed,55,No,0,NA,NA,39.14121908,-77.15218597,2024,4,7
240019475,Property Damage Crash,04/26/2024 07:39:00 AM,MIDCOUNTY HWY (NB/L),NA,"Sideswipe, Same Direction",Clear,Dry,Daylight,Traffic Control Signal,NONE DETECTED,No,No Apparent Injury,NA,Not Distracted,MD,Sport Utility Vehicle,Moving Constant Speed,55,No,2018,MERCEDES-BENZ,300,39.14121908,-77.15218597,2024,4,7
240019429,Property Damage Crash,04/26/2024 07:23:00 AM,NA,NA,Angle,Clear,Dry,Daylight,No Controls,NONE DETECTED,Yes,No Apparent Injury,Failed to Yield Right-of-Way,Not Distracted,MD,Bus - School,Accelerating,5,No,2018,THOMAS BUILT,SCHOOL BUS,39.15820356,-77.27339137,2024,4,7
240019429,Property Damage Crash,04/26/2024 07:23:00 AM,NA,NA,Angle,Clear,Dry,Daylight,No Controls,NONE DETECTED,No,No Apparent Injury,NA,Not Distracted,MD,Sport Utility Vehicle,Moving Constant Speed,35,No,2020,CHEVROLET,TAHOE,39.15820356,-77.27339137,2024,4,7
240019423,Property Damage Crash,04/26/2024 06:15:00 AM,CONNECTICUT AVE (SB/L),NA,Front to Rear,Clear,Dry,Daylight,Traffic Control Signal,NONE DETECTED,No,No Apparent Injury,NA,Not Distracted,MD,Passenger Car,Moving Constant Speed,30,No,2015,MITSUBISHI,OUTLANDER,39.02754175,-77.07668262,2024,4,6
240019423,Property Damage Crash,04/26/2024 06:15:00 AM,CONNECTICUT AVE (SB/L),NA,Front to Rear,Clear,Dry,Daylight,Traffic Control Signal,NONE DETECTED,No,No Apparent Injury,NA,Not Distracted,VA,Passenger Car,Slowing or Stopping,30,No,2017,FORD,TAURUS,39.02754175,-77.07668262,2024,4,6
240019422,Property Damage Crash,04/26/2024 05:18:00 AM,NA,NA,Rear To Side,Clear,NA,Medium,NA,NONE DETECTED,No,No Apparent Injury,NA,Not Distracted,MD,Passenger Car,Moving Constant Speed,0,No,2017,TOYOTA,SIENNA,39.00656327,-76.98076777,2024,4,5
240019422,Property Damage Crash,04/26/2024 05:18:00 AM,NA,NA,Rear To Side,Clear,NA,Medium,NA,NONE DETECTED,No,No Apparent Injury,NA,Unknown,MD,Passenger Car,Backing,0,No,2002,HONDA,ACCORD,39.00656327,-76.98076777,2024,4,5
240019417,Property Damage Crash,04/26/2024 02:22:00 AM,LANGLEY DR,NA,Single Vehicle,Clear,Dry,Dark,No Controls,NONE DETECTED,Yes,No Apparent Injury,NA,Unknown,MD,Passenger Car,Moving Constant Speed,35,No,2003,HONDA,ACCORD,39.00152619,-76.99572921,2024,4,2
240019416,Injury Crash,04/26/2024 01:50:00 AM,KINGS VALLEY RD,NA,Single Vehicle,Clear,Dry,Dark,No Controls,NONE DETECTED,Yes,No Apparent Injury,"Operated Motor Vehicle in Inattentive, Careless, Negligent, or Erratic Manner, Operated Motor Vehicle in Reckless or Aggressive Manner, Over-Correcting/Over-Steering, Ran Off Roadway, Too Fast For Conditions",Not Distracted,MD,Passenger Car,Moving Constant Speed,40,No,2007,CHRYSLER,300,39.25955801,-77.23446335,2024,4,1
240019415,Fatal Crash,04/25/2024 10:30:00 PM,RIVER RD,NA,Single Vehicle,Clear,Dry,Dark,Stop Sign,NONE DETECTED,Yes,Fatal Injury,Ran Stop Sign,Unknown,MD,Van - Passenger (&lt;9 Seats),Moving Constant Speed,50,No,2011,HONDA,ELEMENT,39.0788595,-77.32760932,2024,4,22
240019397,Injury Crash,04/25/2024 09:40:00 PM,BURNT MILLS AVE,NA,Angle,Clear,Dry,Dark,Traffic Control Signal,NONE DETECTED,No,No Apparent Injury,NA,Not Distracted,MD,Passenger Car,Moving Constant Speed,40,No,2014,NISSAN,SENTRA,39.0362995,-77.000324,2024,4,21
240019397,Injury Crash,04/25/2024 09:40:00 PM,BURNT MILLS AVE,NA,Angle,Clear,Dry,Dark,Traffic Control Signal,NONE DETECTED,Yes,Possible Minor Injury,NA,Not Distracted,MD,Sport Utility Vehicle,Turning Left,40,No,2024,TOYOTA,RAV4,39.0362995,-77.000324,2024,4,21
240019394,Property Damage Crash,04/25/2024 09:18:00 PM,RAMP 1 FR RAMP 4 TO SHADY GROVE RD WB,NA,Angle,Clear,Dry,Dark,Traffic Control Signal,NONE DETECTED,No,No Apparent Injury,NA,Not Distracted,MD,Sport Utility Vehicle,Turning Left,45,No,2005,MERCURY,MARINER,39.13101421,-77.16105655,2024,4,21
240019394,Property Damage Crash,04/25/2024 09:18:00 PM,RAMP 1 FR RAMP 4 TO SHADY GROVE RD WB,NA,Angle,Clear,Dry,Dark,Traffic Control Signal,NONE DETECTED,Yes,No Apparent Injury,NA,Not Distracted,MD,Passenger Car,Moving Constant Speed,45,No,2015,TOYOTA,RAV4,39.13101421,-77.16105655,2024,4,21
240019395,Property Damage Crash,04/25/2024 09:00:00 PM,FLOWER HILL WAY,NA,Unknown,Clear,Dry,Medium,No Controls,NONE DETECTED,Yes,No Apparent Injury,NA,Not Distracted,MD,Passenger Car,Moving Constant Speed,25,No,2022,KIA,SOUL,39.15730324,-77.16990357,2024,4,21
240019400,Property Damage Crash,04/25/2024 08:52:00 PM,MOUNTAIN LAUREL LA,NA,Single Vehicle,Clear,Dry,Medium,No Controls,ALCOHOL PRESENT,No,No Apparent Injury,NA,Not Distracted,MD,Passenger Car,Moving Constant Speed,30,No,2022,NISSAN,SENTRA,39.15797503,-77.16628226,2024,4,20
240019392,Property Damage Crash,04/25/2024 08:51:00 PM,UNIVERSITY BLVD E (WB/L),NA,Single Vehicle,Clear,Dry,Medium,No Controls,ALCOHOL PRESENT,Yes,No Apparent Injury,NA,Not Distracted,MD,Passenger Car,Changing Lanes,35,No,2019,TOYOTA,HIGHLANDER,38.99344277,-76.9920334,2024,4,20
240019382,Property Damage Crash,04/25/2024 07:30:00 PM,E RANDOLPH RD,NA,Front to Front,Clear,Dry,Daylight,Traffic Control Signal,NONE DETECTED,No,No Apparent Injury,Other Improper Action,Not Distracted,MD,Passenger Car,Turning Left,40,No,2014,CHEVROLET,SILVERADO,39.07564733,-77.00182967,2024,4,19
240019382,Property Damage Crash,04/25/2024 07:30:00 PM,E RANDOLPH RD,NA,Front to Front,Clear,Dry,Daylight,Traffic Control Signal,NONE DETECTED,No,No Apparent Injury,NA,Not Distracted,MD,Passenger Car,Moving Constant Speed,40,No,2005,NISSAN,MAXIMA,39.07564733,-77.00182967,2024,4,19
240019377,Property Damage Crash,04/25/2024 06:59:00 PM,GEORGIA AVE,NA,Front to Rear,Clear,Dry,Daylight,Traffic Control Signal,NONE DETECTED,No,No Apparent Injury,NA,Not Distracted,MD,Sport Utility Vehicle,Slowing or Stopping,30,No,2018,ACURA,MDX,39.15326366,-77.06678756,2024,4,18
240019377,Property Damage Crash,04/25/2024 06:59:00 PM,GEORGIA AVE,NA,Front to Rear,Clear,Dry,Daylight,Traffic Control Signal,ALCOHOL PRESENT,Yes,No Apparent Injury,"Followed Too Closely, Operated Motor Vehicle in Inattentive, Careless, Negligent, or Erratic Manner, Other Improper Action",Unknown,MD,Passenger Car,Accelerating,30,No,2016,HYUNDAI,ELANTRA,39.15326366,-77.06678756,2024,4,18
240019344,Property Damage Crash,04/25/2024 04:15:00 PM,FIELDCREST RD,NA,Angle,Clear,Dry,Daylight,Traffic Control Signal,NONE DETECTED,No,No Apparent Injury,NA,Unknown,MD,Sport Utility Vehicle,Turning Left,40,No,2019,NISSAN,KICKS,39.18527289,-77.15068044,2024,4,16
240019344,Property Damage Crash,04/25/2024 04:15:00 PM,FIELDCREST RD,NA,Angle,Clear,Dry,Daylight,Traffic Control Signal,NONE DETECTED,No,No Apparent Injury,NA,Not Distracted,MD,Passenger Car,Moving Constant Speed,40,No,2024,TOYOTA,PRIUS PRIME,39.18527289,-77.15068044,2024,4,16
240019387,Injury Crash,04/25/2024 04:10:00 PM,NA,Pedestrian,Single Vehicle,Clear,NA,Daylight,NA,NONE DETECTED,Yes,No Apparent Injury,Failed to Yield Right-of-Way,Not Distracted,MD,Passenger Car,Turning Right,0,No,2015,HONDA,ACCORD,39.11173904,-77.16126246,2024,4,16
240019343,Property Damage Crash,04/25/2024 04:00:00 PM,NA,NA,Other,Clear,Dry,Daylight,No Controls,NONE DETECTED,Yes,No Apparent Injury,NA,"Other Action (looking away from task, etc.)",MD,Sport Utility Vehicle,Turning Left,30,No,2016,TOYOTA,COROLLA,39.11379165,-77.26759407,2024,4,16
240019343,Property Damage Crash,04/25/2024 04:00:00 PM,NA,NA,Other,Clear,Dry,Daylight,No Controls,NONE DETECTED,No,No Apparent Injury,NA,Not Distracted,MD,Sport Utility Vehicle,Moving Constant Speed,30,No,2014,NISSAN,VERSA,39.11379165,-77.26759407,2024,4,16
240019328,Injury Crash,04/25/2024 02:43:00 PM,MONTGOMERY VILLAGE AVE (SB/L),Pedestrian,Single Vehicle,Clear,Dry,Daylight,Traffic Control Signal,NONE DETECTED,Yes,No Apparent Injury,NA,Unknown,MD,Passenger Car,Accelerating,25,No,2018,CHEVROLET,CRUZE,39.18686188,-77.19853501,2024,4,14
240019321,Property Damage Crash,04/25/2024 02:29:00 PM,LAYHILL RD (SB/L),NA,"Sideswipe, Same Direction",Clear,Dry,Daylight,No Controls,NONE DETECTED,No,No Apparent Injury,NA,Not Distracted,MD,Pickup,Moving Constant Speed,40,No,2006,LINCOLN,MARK LT,39.07236474,-77.04552916,2024,4,14
240019321,Property Damage Crash,04/25/2024 02:29:00 PM,LAYHILL RD (SB/L),NA,"Sideswipe, Same Direction",Clear,Dry,Daylight,No Controls,NONE DETECTED,No,NA,NA,NA,NA,Passenger Car,Moving Constant Speed,40,No,2022,TOYOTA,COROLLA,39.07236474,-77.04552916,2024,4,14
240019317,Injury Crash,04/25/2024 02:04:00 PM,CONNECTICUT AVE,NA,Angle,Cloudy,Dry,Daylight,Traffic Control Signal,NONE DETECTED,Yes,Possible Minor Injury,Ran Red Light,Not Distracted,MD,Passenger Car,Moving Constant Speed,30,No,2021,KIA,FORTE,38.97670802,-77.07707886,2024,4,14
240019317,Injury Crash,04/25/2024 02:04:00 PM,CONNECTICUT AVE,NA,Angle,Cloudy,Dry,Daylight,Traffic Control Signal,NONE DETECTED,No,No Apparent Injury,NA,Not Distracted,MD,Passenger Car,Accelerating,30,No,2012,BMW,X3,38.97670802,-77.07707886,2024,4,14
240019288,Property Damage Crash,04/25/2024 11:37:00 AM,NA,NA,Rear To Side,Clear,Dry,Daylight,Traffic Control Signal,NONE DETECTED,Yes,No Apparent Injury,NA,Unknown,MD,Passenger Car,Turning Left,35,No,2015,HONDA,CR-V,39.12104396,-77.15872833,2024,4,11
240019288,Property Damage Crash,04/25/2024 11:37:00 AM,NA,NA,Rear To Side,Clear,Dry,Daylight,Traffic Control Signal,NONE DETECTED,Yes,No Apparent Injury,NA,Unknown,NA,Passenger Car,Moving Constant Speed,40,No,2002,MERCEDES-BENZ,E-CLASS,39.12104396,-77.15872833,2024,4,11
240019293,Property Damage Crash,04/25/2024 11:30:00 AM,ROCKVILLE PIKE,NA,Front to Rear,Clear,Dry,Daylight,No Controls,NONE DETECTED,No,No Apparent Injury,NA,Not Distracted,MD,Sport Utility Vehicle,Slowing or Stopping,40,No,2019,NISSAN,ROGUE,39.0729825,-77.1339465,2024,4,11
240019293,Property Damage Crash,04/25/2024 11:30:00 AM,ROCKVILLE PIKE,NA,Front to Rear,Clear,Dry,Daylight,No Controls,NONE DETECTED,No,No Apparent Injury,NA,Not Distracted,MD,Passenger Car,Moving Constant Speed,40,No,2006,HONDA,ACCORD,39.0729825,-77.1339465,2024,4,11
240019266,Property Damage Crash,04/25/2024 09:44:00 AM,GATEWAY CENTER DR (NB/L),NA,Front to Rear,Clear,Dry,Daylight,Traffic Control Signal,NONE DETECTED,No,No Apparent Injury,NA,Not Distracted,MD,Bus - School,Turning Left,30,No,2022,THOMAS BUILT,SCHOOL BUS,39.23439452,-77.28096699,2024,4,9
240019266,Property Damage Crash,04/25/2024 09:44:00 AM,GATEWAY CENTER DR (NB/L),NA,Front to Rear,Clear,Dry,Daylight,Traffic Control Signal,NONE DETECTED,Yes,No Apparent Injury,NA,Not Distracted,MD,Passenger Car,Turning Left,30,No,2015,HONDA,CIVIC,39.23439452,-77.28096699,2024,4,9
240019261,Property Damage Crash,04/25/2024 09:22:00 AM,OVERLOOK PARK DR,NA,"Sideswipe, Same Direction",Cloudy,Dry,Daylight,"Person (including flagger, law enforcement, crossing guard, etc.",NONE DETECTED,Yes,No Apparent Injury,Other Improper Action,Not Distracted,MD,Bus - School,Turning Right,35,No,2022,FREIGHTLINER,B2 BUS CHASSIS,39.24446627,-77.2783282,2024,4,9
240019259,Injury Crash,04/25/2024 09:15:00 AM,PIER POINT PL,NA,Angle,Cloudy,Dry,Daylight,Traffic Control Signal,NONE DETECTED,No,Possible Minor Injury,NA,Not Distracted,MD,Sport Utility Vehicle,Moving Constant Speed,50,No,2022,HYUNDAI,TUCSON,39.15960238,-77.19840043,2024,4,9
240019259,Injury Crash,04/25/2024 09:15:00 AM,PIER POINT PL,NA,Angle,Cloudy,Dry,Daylight,Traffic Control Signal,NONE DETECTED,Yes,Possible Minor Injury,NA,Not Distracted,MD,Passenger Car,Turning Left,50,No,2007,HONDA,FIT,39.15960238,-77.19840043,2024,4,9
240019255,Property Damage Crash,04/25/2024 08:30:00 AM,RESEARCH BLVD,NA,Single Vehicle,Clear,Dry,Daylight,No Controls,NONE DETECTED,No,No Apparent Injury,NA,Unknown,MD,Van - Passenger (&lt;9 Seats),Moving Constant Speed,10,No,2018,DODGE,UNKNOWN,39.09150007,-77.17863762,2024,4,8
240019250,Property Damage Crash,04/25/2024 08:15:00 AM,RAMP 1 FR IS 270 NB TO MD 117 WB,NA,Angle,Cloudy,Dry,Daylight,Traffic Control Signal,NONE DETECTED,Yes,No Apparent Injury,NA,Not Distracted,MD,Passenger Car,Turning Right,35,No,2016,TOYOTA,COROLLA,39.14051183,-77.21077192,2024,4,8
240019254,Property Damage Crash,04/25/2024 08:15:00 AM,NA,NA,Single Vehicle,Clear,NA,Daylight,NA,NONE DETECTED,No,No Apparent Injury,NA,Not Distracted,MD,Other Trucks,Slowing or Stopping,0,No,2018,K & W LOAD STAR,UNKNOWN,39.04169986,-77.04851978,2024,4,8
240019250,Property Damage Crash,04/25/2024 08:15:00 AM,RAMP 1 FR IS 270 NB TO MD 117 WB,NA,Angle,Cloudy,Dry,Daylight,Traffic Control Signal,NONE DETECTED,No,No Apparent Injury,NA,Not Distracted,MD,Passenger Car,Moving Constant Speed,35,No,2022,NISSAN,ALTIMA,39.14051183,-77.21077192,2024,4,8
240019241,Property Damage Crash,04/25/2024 07:20:00 AM,CONNECTICUT AVE (SB/L),NA,"Sideswipe, Same Direction",Clear,Dry,Daylight,No Controls,NONE DETECTED,No,No Apparent Injury,NA,Not Distracted,MD,Passenger Car,Moving Constant Speed,35,No,2023,ACURA,INTEGRA,39.06943393,-77.07570818,2024,4,7
240019231,Property Damage Crash,04/25/2024 02:59:00 AM,N HORNERS LA,NA,Angle,Clear,Dry,Medium,No Controls,NONE DETECTED,No,NA,NA,NA,NA,Passenger Car,NA,35,No,2020,KIA,SPORTAGE,39.09521803,-77.14424117,2024,4,2
240019231,Property Damage Crash,04/25/2024 02:59:00 AM,N HORNERS LA,NA,Angle,Clear,Dry,Medium,No Controls,NONE DETECTED,No,NA,NA,NA,NA,Passenger Car,NA,35,No,2021,TOYOTA,CAMRY,39.09521803,-77.14424117,2024,4,2
240019219,Property Damage Crash,04/24/2024 10:11:00 PM,CENTERWAY RD,NA,"Sideswipe, Same Direction",Clear,Dry,Medium,No Controls,NONE DETECTED,No,No Apparent Injury,NA,NA,MD,All-Terrain Vehicle/All-Terrain Cycle (ATV/ATC),Leaving Traffic Lane,35,No,2009,MAZDA,UNKNOWN,39.17009333,-77.18688036,2024,4,22
240019220,Property Damage Crash,04/24/2024 10:10:00 PM,SUFFIELD DR,NA,Other,Clear,Dry,Dark,Stop Sign,NONE DETECTED,No,No Apparent Injury,NA,Not Distracted,MD,Passenger Car,Turning Right,25,No,2009,HONDA,CIVIC,39.11235275,-77.21635296,2024,4,22
240019220,Property Damage Crash,04/24/2024 10:10:00 PM,SUFFIELD DR,NA,Other,Clear,Dry,Dark,No Controls,NONE DETECTED,No,No Apparent Injury,NA,Not Distracted,MD,Passenger Car,Moving Constant Speed,45,No,2005,FORD,ESCAPE,39.11235275,-77.21635296,2024,4,22
240019214,Injury Crash,04/24/2024 09:02:00 PM,GEORGIA AVE,NA,Other,Clear,Dry,Medium,No Controls,NONE DETECTED,Yes,Possible Minor Injury,NA,Unknown,MD,Passenger Car,Turning Left,35,No,2009,HONDA,CIVIC,39.05455897,-77.05012675,2024,4,21
240019214,Injury Crash,04/24/2024 09:02:00 PM,GEORGIA AVE,NA,Other,Clear,Dry,Medium,No Controls,NONE DETECTED,No,Possible Minor Injury,NA,Not Distracted,NA,Passenger Car,Moving Constant Speed,35,No,2013,SUBARU,FORESTER,39.05455897,-77.05012675,2024,4,21
240019215,Property Damage Crash,04/24/2024 08:46:00 PM,DALEWOOD DR (EB/L),NA,"Sideswipe, Same Direction",Clear,Dry,Medium,No Controls,ALCOHOL PRESENT,Yes,No Apparent Injury,"Failed to Keep in Proper Lane, Operated Motor Vehicle in Inattentive, Careless, Negligent, or Erratic Manner, Operated Motor Vehicle in Reckless or Aggressive Manner",Not Distracted,NA,Passenger Car,Moving Constant Speed,25,No,2011,HONDA,PILOT,39.0565545,-77.06994818,2024,4,20
240019209,Property Damage Crash,04/24/2024 08:32:00 PM,AMHERST AVE,Pedestrian,Single Vehicle,Clear,Dry,Medium,Traffic Control Signal,NONE DETECTED,Yes,No Apparent Injury,Disregarded Other Traffic Sign,Unknown,MD,Sport Utility Vehicle,Turning Left,35,No,2012,HONDA,CR-V,39.04110667,-77.04817333,2024,4,20
240019211,Property Damage Crash,04/24/2024 08:27:00 PM,LAUDERDALE DR,NA,Rear To Side,Clear,Dry,Medium,Traffic Control Signal,NONE DETECTED,No,No Apparent Injury,NA,Not Distracted,MD,Passenger Car,Moving Constant Speed,40,No,2015,NISSAN,ROGUE,39.05364833,-77.10417333,2024,4,20
240019211,Property Damage Crash,04/24/2024 08:27:00 PM,LAUDERDALE DR,NA,Rear To Side,Clear,Dry,Medium,Traffic Control Signal,NONE DETECTED,Yes,No Apparent Injury,Failed to Yield Right-of-Way,Not Distracted,TX,Pickup,Turning Left,40,No,2014,GMC,SIERRA,39.05364833,-77.10417333,2024,4,20
240019202,Property Damage Crash,04/24/2024 07:39:00 PM,MIDDLEBROOK RD (WB/L),NA,"Sideswipe, Same Direction",Clear,Dry,Medium,Traffic Control Signal,NONE DETECTED,No,NA,NA,NA,NA,Passenger Car,Moving Constant Speed,40,No,2021,CHEVROLET,MALIBU,39.17498323,-77.26026726,2024,4,19
240019202,Property Damage Crash,04/24/2024 07:39:00 PM,MIDDLEBROOK RD (WB/L),NA,"Sideswipe, Same Direction",Clear,Dry,Medium,Traffic Control Signal,NONE DETECTED,No,No Apparent Injury,NA,Not Distracted,MD,Passenger Car,NA,40,No,2018,TOYOTA,COROLLA,39.17498323,-77.26026726,2024,4,19
240019199,Injury Crash,04/24/2024 07:25:00 PM,DIVISION ST,Cyclist (non-electric),Single Vehicle,Clear,Dry,Daylight,Stop Sign,NONE DETECTED,No,No Apparent Injury,NA,Not Distracted,MD,Passenger Car,Turning Right,20,No,2008,HONDA,ACCORD,38.98705937,-77.00000987,2024,4,19