Local Case Number,ACRS Report Type,Crash Date/Time,Road Name,Related Non-Motorist,Collision Type,Weather,Surface Condition,Light,Traffic Control,Driver Substance Abuse,Driver At Fault,Injury Severity,Circumstance,Driver Distracted By,Drivers License State,Vehicle Body Type,Vehicle Movement,Speed Limit,Driverless Vehicle,Vehicle Year,Vehicle Make,Vehicle Model,Latitude,Longitude,Year,Month,Hour
240019193,Property Damage Crash,04/24/2024 06:28:00 PM,RAMP 5 FR IS 270 SB TO SHADY GROVE RD,NA,Angle,Clear,Dry,Daylight,Traffic Control Signal,NONE DETECTED,No,No Apparent Injury,NA,Not Distracted,FL,Passenger Car,Accelerating,25,No,2003,TOYOTA,CAMRY,39.10947947,-77.18829294,2024,4,18
240019193,Property Damage Crash,04/24/2024 06:28:00 PM,RAMP 5 FR IS 270 SB TO SHADY GROVE RD,NA,Angle,Clear,Dry,Daylight,Traffic Control Signal,NONE DETECTED,Yes,No Apparent Injury,"Failed to Yield Right-of-Way, Ran Red Light","Other Action (looking away from task, etc.)",MD,Passenger Car,Moving Constant Speed,40,No,2012,HYUNDAI,ELANTRA,39.10947947,-77.18829294,2024,4,18
240019190,Injury Crash,04/24/2024 06:05:00 PM,VEIRS MILL RD (WB/L),NA,Front to Rear,Clear,Dry,Daylight,Traffic Control Signal,NONE DETECTED,No,Possible Minor Injury,NA,Not Distracted,MD,Passenger Car,Slowing or Stopping,35,No,2022,TOYOTA,COROLLA,39.05145333,-77.07437618,2024,4,18
240019190,Injury Crash,04/24/2024 06:05:00 PM,VEIRS MILL RD (WB/L),NA,Front to Rear,Clear,Dry,Daylight,Traffic Control Signal,NONE DETECTED,Yes,No Apparent Injury,"Operated Motor Vehicle in Inattentive, Careless, Negligent, or Erratic Manner",Not Distracted,NA,Van - Passenger (&lt;9 Seats),Slowing or Stopping,35,No,2012,TOYOTA,SIENNA,39.05145333,-77.07437618,2024,4,18
240019185,Property Damage Crash,04/24/2024 04:57:00 PM,OLD GEORGETOWN RD,NA,Front to Rear,Clear,Dry,Daylight,No Controls,NONE DETECTED,Yes,No Apparent Injury,NA,"Other Action (looking away from task, etc.)",MD,Passenger Car,Moving Constant Speed,35,No,2017,HONDA,CIVIC,39.03549078,-77.12444892,2024,4,16
240019185,Property Damage Crash,04/24/2024 04:57:00 PM,OLD GEORGETOWN RD,NA,Front to Rear,Clear,Dry,Daylight,No Controls,NONE DETECTED,No,No Apparent Injury,NA,Not Distracted,MD,Passenger Car,Slowing or Stopping,35,No,2008,CHRYSLER,TOWN AND COUNTRY,39.03549078,-77.12444892,2024,4,16
240019175,Injury Crash,04/24/2024 04:23:00 PM,RIDGE RD (SB/L),NA,Front to Rear,Cloudy,Dry,Daylight,No Controls,NONE DETECTED,Yes,No Apparent Injury,Failed to Yield Right-of-Way,Not Distracted,MD,Pickup,Making U-Turn,40,No,2017,TOYOTA,TACOMA,39.25471683,-77.22750569,2024,4,16
240019175,Injury Crash,04/24/2024 04:23:00 PM,RIDGE RD (SB/L),NA,Front to Rear,Cloudy,Dry,Daylight,No Controls,NONE DETECTED,No,Possible Minor Injury,NA,Not Distracted,MD,Sport Utility Vehicle,Leaving Traffic Lane,40,No,2021,NISSAN,KICKS,39.25471683,-77.22750569,2024,4,16
240019174,Injury Crash,04/24/2024 04:18:00 PM,OLD GEORGETOWN RD (SB/L),NA,Angle,Clear,Dry,Daylight,Traffic Control Signal,NONE DETECTED,No,Suspected Serious Injury,NA,Not Distracted,MD,Sport Utility Vehicle,Turning Left,35,No,2021,TOYOTA,RAV4,39.03024083,-77.1266645,2024,4,16
240019174,Injury Crash,04/24/2024 04:18:00 PM,OLD GEORGETOWN RD (SB/L),NA,Angle,Clear,Dry,Daylight,Traffic Control Signal,NONE DETECTED,No,No Apparent Injury,NA,"Other Action (looking away from task, etc.)",VA,Passenger Car,Moving Constant Speed,35,No,2017,AUDI,A4,39.03024083,-77.1266645,2024,4,16
240019167,Injury Crash,04/24/2024 03:51:00 PM,RANDOLPH RD,NA,Front to Rear,Clear,Dry,Daylight,Traffic Control Signal,NONE DETECTED,Yes,Possible Minor Injury,Improper Turn,Unknown,MD,Passenger Car,Slowing or Stopping,45,No,2014,BMW,X3,39.06242073,-77.04179932,2024,4,15
240019167,Injury Crash,04/24/2024 03:51:00 PM,RANDOLPH RD,NA,Front to Rear,Clear,Dry,Daylight,Traffic Control Signal,NONE DETECTED,No,No Apparent Injury,NA,Not Distracted,MD,Passenger Car,Slowing or Stopping,45,No,2017,FORD,F-150,39.06242073,-77.04179932,2024,4,15
240019163,Property Damage Crash,04/24/2024 03:35:00 PM,TILDENWOOD DR,NA,Angle,Clear,Dry,Daylight,Traffic Control Signal,NONE DETECTED,No,No Apparent Injury,NA,Not Distracted,MD,Van - Passenger (&lt;9 Seats),Turning Left,35,No,2021,TOYOTA,SIENNA,39.05388347,-77.13810654,2024,4,15
240019163,Property Damage Crash,04/24/2024 03:35:00 PM,TILDENWOOD DR,NA,Angle,Clear,Dry,Daylight,Traffic Control Signal,NONE DETECTED,No,No Apparent Injury,NA,Unknown,MD,Sport Utility Vehicle,Moving Constant Speed,35,No,2021,TOYOTA,HIGHLANDER,39.05388347,-77.13810654,2024,4,15
240019154,Property Damage Crash,04/24/2024 02:47:00 PM,RIVER RD (WB/L),NA,Front to Rear,Clear,Dry,Daylight,Traffic Control Signal,NONE DETECTED,No,No Apparent Injury,NA,Not Distracted,MD,Bus - School,Stopped in Traffic,45,No,2014,THOMAS BUILT,SCHOOL BUS,38.98893472,-77.14904023,2024,4,14
240019154,Property Damage Crash,04/24/2024 02:47:00 PM,RIVER RD (WB/L),NA,Front to Rear,Clear,Dry,Daylight,Traffic Control Signal,NONE DETECTED,No,No Apparent Injury,Followed Too Closely,"Other Action (looking away from task, etc.)",MD,Passenger Car,Slowing or Stopping,45,No,2013,TOYOTA,COROLLA,38.98893472,-77.14904023,2024,4,14
240019128,Property Damage Crash,04/24/2024 01:29:00 PM,W MONTGOMERY AVE (WB/L),NA,Front to Rear,Clear,Dry,Daylight,Yield Sign,NONE DETECTED,No,No Apparent Injury,NA,Not Distracted,MD,Passenger Car,Entering Traffic Lane,40,No,2017,ACURA,RDX,39.10038908,-77.18526462,2024,4,13
240019128,Property Damage Crash,04/24/2024 01:29:00 PM,W MONTGOMERY AVE (WB/L),NA,Front to Rear,Clear,Dry,Daylight,Yield Sign,NONE DETECTED,Yes,No Apparent Injury,NA,Unknown,MD,Passenger Car,Entering Traffic Lane,40,No,2005,TOYOTA,CAMRY,39.10038908,-77.18526462,2024,4,13
240019127,Injury Crash,04/24/2024 01:10:00 PM,NA,NA,Single Vehicle,Clear,NA,Daylight,NA,NONE DETECTED,Yes,Possible Minor Injury,NA,Unknown,MD,Passenger Car,Moving Constant Speed,0,No,2023,NISSAN,SENTRA,39.1453962,-77.14542681,2024,4,13
240019122,Property Damage Crash,04/24/2024 12:59:00 PM,GEORGIA AVE (SB/L),NA,Front to Rear,Clear,Dry,Daylight,No Controls,NONE DETECTED,No,No Apparent Injury,NA,Not Distracted,MD,Other Trucks,Parked,35,No,2019,PIERCE MANUFACTURING,TRUCK,38.99338,-77.02679105,2024,4,12
240019122,Property Damage Crash,04/24/2024 12:59:00 PM,GEORGIA AVE (SB/L),NA,Front to Rear,Clear,Dry,Daylight,No Controls,NONE DETECTED,No,No Apparent Injury,NA,Unknown,NA,Passenger Car,Changing Lanes,35,No,1996,TOYOTA,CAMRY,38.99338,-77.02679105,2024,4,12
240019286,Property Damage Crash,04/24/2024 12:55:00 PM,ROCKVILLE PIKE (SB/L),NA,Other,Clear,Dry,Daylight,No Controls,NONE DETECTED,No,No Apparent Injury,NA,Not Distracted,MD,Sport Utility Vehicle,Backing,10,No,2017,INFINITI,QX60,39.07567483,-77.13757351,2024,4,12
240019130,Property Damage Crash,04/24/2024 12:50:00 PM,NA,NA,Angle,Clear,NA,Daylight,NA,NONE DETECTED,No,No Apparent Injury,"Improper Passing, Operated Motor Vehicle in Reckless or Aggressive Manner",Not Distracted,MD,Passenger Car,Accelerating,0,No,2017,NISSAN,ROGUE,39.03922295,-76.99457597,2024,4,12
240019130,Property Damage Crash,04/24/2024 12:50:00 PM,NA,NA,Angle,Clear,NA,Daylight,NA,NONE DETECTED,No,No Apparent Injury,NA,Not Distracted,MD,Passenger Car,Turning Right,0,No,2015,TOYOTA,HIGHLANDER,39.03922295,-76.99457597,2024,4,12
240019110,Property Damage Crash,04/24/2024 11:45:00 AM,NA,NA,Angle,Clear,Dry,Daylight,No Controls,NONE DETECTED,No,No Apparent Injury,NA,Not Distracted,MD,Sport Utility Vehicle,Moving Constant Speed,30,No,2022,VOLVO,XC60,39.11603161,-77.16571557,2024,4,11
240019110,Property Damage Crash,04/24/2024 11:45:00 AM,NA,NA,Angle,Clear,Dry,Daylight,No Controls,NONE DETECTED,No,No Apparent Injury,NA,Not Distracted,MD,Van - Cargo,Turning Right,30,No,2005,FREIGHTLINER,UNKNOWN,39.11603161,-77.16571557,2024,4,11
24000737,Injury Crash,04/24/2024 11:37:00 AM,NA,NA,Single Vehicle,Clear,Dry,Daylight,Stop Sign,NONE DETECTED,No,Possible Minor Injury,Other Improper Action,Not Distracted,MD,Moped Or motorized bicycle,NA,25,No,2018,UNKNOWN,UNKNOWN,39.15137872,-77.30315216,2024,4,11
240019073,Property Damage Crash,04/24/2024 09:25:00 AM,RANDOLPH RD (WB/L),NA,Front to Rear,Clear,Dry,Daylight,No Controls,NONE DETECTED,No,No Apparent Injury,NA,Not Distracted,MD,Sport Utility Vehicle,Slowing or Stopping,35,No,2017,NISSAN,ROGUE,39.053755,-77.10131,2024,4,9
240019073,Property Damage Crash,04/24/2024 09:25:00 AM,RANDOLPH RD (WB/L),NA,Front to Rear,Clear,Dry,Daylight,No Controls,NONE DETECTED,Yes,No Apparent Injury,Followed Too Closely,Not Distracted,MD,Bus - Transit,Slowing or Stopping,35,No,2012,GILLIG,CITY SUBURBAN BUS,39.053755,-77.10131,2024,4,9
240019071,Injury Crash,04/24/2024 09:15:00 AM,APPLE RIDGE RD,NA,Angle,Clear,Dry,Daylight,No Controls,NONE DETECTED,No,No Apparent Injury,NA,Not Distracted,MD,Sport Utility Vehicle,Parked,35,No,2008,NISSAN,ARMADA,39.18712895,-77.19935054,2024,4,9
240019071,Injury Crash,04/24/2024 09:15:00 AM,APPLE RIDGE RD,NA,Angle,Clear,Dry,Daylight,No Controls,NONE DETECTED,Yes,Possible Minor Injury,NA,Unknown,MD,Passenger Car,Negotiating a Curve,35,No,2016,ACURA,RDX,39.18712895,-77.19935054,2024,4,9
240019072,Injury Crash,04/24/2024 09:00:00 AM,ANNAPOLIS ROCK RD,NA,Front to Rear,Clear,Dry,Daylight,No Controls,NONE DETECTED,No,No Apparent Injury,NA,Not Distracted,MD,Pickup,Turning Left,50,No,2018,FORD,F-250,39.26933197,-77.15238093,2024,4,9
240019070,Property Damage Crash,04/24/2024 09:00:00 AM,ROLLINS AVE,NA,Front to Rear,Clear,Dry,Daylight,No Controls,NONE DETECTED,No,No Apparent Injury,"Operated Motor Vehicle in Inattentive, Careless, Negligent, or Erratic Manner",Not Distracted,MD,Passenger Car,Slowing or Stopping,35,No,2023,HYUNDAI,UNKNOWN,39.0587485,-77.12228783,2024,4,9
240019070,Property Damage Crash,04/24/2024 09:00:00 AM,ROLLINS AVE,NA,Front to Rear,Clear,Dry,Daylight,No Controls,NONE DETECTED,No,No Apparent Injury,NA,Not Distracted,MD,Bus - School,Stopped in Traffic,35,No,2020,THOMAS BUILT,SCHOOL BUS,39.0587485,-77.12228783,2024,4,9
240019072,Injury Crash,04/24/2024 09:00:00 AM,ANNAPOLIS ROCK RD,NA,Front to Rear,Clear,Dry,Daylight,No Controls,NONE DETECTED,Yes,Possible Minor Injury,Too Fast For Conditions,Unknown,MD,Passenger Car,Moving Constant Speed,50,No,2013,CHEVROLET,CORVETTE,39.26933197,-77.15238093,2024,4,9
240019066,Property Damage Crash,04/24/2024 08:22:00 AM,NA,NA,"Sideswipe, Same Direction",Cloudy,Dry,Daylight,No Controls,NONE DETECTED,No,No Apparent Injury,NA,Not Distracted,MD,Passenger Car,Moving Constant Speed,35,No,2008,HONDA,ODYSSEY,39.14538397,-77.14358865,2024,4,8
240019066,Property Damage Crash,04/24/2024 08:22:00 AM,NA,NA,"Sideswipe, Same Direction",Cloudy,Dry,Daylight,No Controls,NONE DETECTED,No,NA,NA,NA,NA,Pickup,Changing Lanes,35,No,2002,FORD,F-150,39.14538397,-77.14358865,2024,4,8
240019053,Property Damage Crash,04/24/2024 02:36:00 AM,WOODFIELD RD (SB/L),NA,Rear To Rear,Clear,Dry,Medium,Traffic Control Signal,NONE DETECTED,Yes,No Apparent Injury,Followed Too Closely,Unknown,MD,Passenger Car,Moving Constant Speed,45,No,2009,TOYOTA,CAMRY,39.15941367,-77.16025283,2024,4,2
240019053,Property Damage Crash,04/24/2024 02:36:00 AM,WOODFIELD RD (SB/L),NA,Rear To Rear,Clear,Dry,Medium,Traffic Control Signal,NONE DETECTED,No,No Apparent Injury,NA,Not Distracted,MD,Passenger Car,Stopped in Traffic,45,No,2020,TESLA,SD,39.15941367,-77.16025283,2024,4,2
240019051,Property Damage Crash,04/24/2024 12:33:00 AM,DICKERSON RD,NA,Single Vehicle,Clear,Dry,Dark,No Controls,NONE DETECTED,No,No Apparent Injury,NA,Not Distracted,MD,Passenger Car,Moving Constant Speed,40,No,2018,JEEP,WRANGLER JK,39.22038368,-77.42862373,2024,4,0
240019048,Property Damage Crash,04/23/2024 11:17:00 PM,NA,NA,Rear To Side,Clear,NA,Medium,NA,NONE DETECTED,No,No Apparent Injury,NA,Unknown,MD,Van - Passenger (&lt;9 Seats),Backing,0,No,2021,RAM,PROMASTER 1500,39.09841185,-77.19715862,2024,4,23
240019040,Property Damage Crash,04/23/2024 10:12:00 PM,DENNIS AVE (EB/L),NA,Rear To Side,Clear,Dry,Dark,Stop Sign,NONE DETECTED,No,No Apparent Injury,NA,Not Distracted,MD,Passenger Car,Accelerating,35,No,2019,TOYOTA,CAMRY,39.02382178,-77.02980298,2024,4,22
240019040,Property Damage Crash,04/23/2024 10:12:00 PM,DENNIS AVE (EB/L),NA,Rear To Side,Clear,Dry,Dark,Stop Sign,NONE DETECTED,No,No Apparent Injury,NA,Not Distracted,MD,Passenger Car,Accelerating,35,No,2016,NISSAN,SENTRA,39.02382178,-77.02980298,2024,4,22
240019039,Property Damage Crash,04/23/2024 09:55:00 PM,SPENCERVILLE RD,NA,Single Vehicle,Clear,Dry,Medium,No Controls,NONE DETECTED,Yes,No Apparent Injury,Ran Off Roadway,Unknown,NA,Sport Utility Vehicle,Moving Constant Speed,40,No,2016,JEEP,CHEROKEE,39.11692893,-76.96862572,2024,4,21
240019026,Property Damage Crash,04/23/2024 08:10:00 PM,ADRIAN ST,NA,Other,Clear,Dry,Medium,No Controls,NONE DETECTED,Yes,No Apparent Injury,NA,Unknown,MD,Pickup,Moving Constant Speed,25,No,2009,TOYOTA,TACOMA,39.06725783,-77.10050217,2024,4,20
240019027,Property Damage Crash,04/23/2024 07:27:00 PM,ELKIN ST,NA,Single Vehicle,Clear,Dry,Daylight,No Controls,NONE DETECTED,Yes,No Apparent Injury,"Over-Correcting/Over-Steering, Ran Off Roadway",Not Distracted,MD,Passenger Car,Turning Right,25,No,2015,HONDA,CROSSTOUR,39.04447133,-77.04904763,2024,4,19
240019000,Property Damage Crash,04/23/2024 05:25:00 PM,RAMP 4 FR MD 97 NB TO RANDOLPH RD EB,NA,"Sideswipe, Same Direction",Clear,Dry,Daylight,Traffic Control Signal,NONE DETECTED,No,No Apparent Injury,NA,Not Distracted,MD,Passenger Car,Moving Constant Speed,35,No,2022,TOYOTA,CAMRY,39.05818833,-77.04928333,2024,4,17
240019000,Property Damage Crash,04/23/2024 05:25:00 PM,RAMP 4 FR MD 97 NB TO RANDOLPH RD EB,NA,"Sideswipe, Same Direction",Clear,Dry,Daylight,Traffic Control Signal,NONE DETECTED,Yes,No Apparent Injury,Other Improper Action,Unknown,MD,Bus - Transit,Changing Lanes,35,No,2016,GILLIG,CITY TRANSIT BUS,39.05818833,-77.04928333,2024,4,17
240018994,Injury Crash,04/23/2024 04:48:00 PM,NA,Pedestrian,Rear To Side,Clear,NA,Daylight,NA,NONE DETECTED,Yes,No Apparent Injury,"Improper Backing, Other Improper Action",Unknown,NA,Sport Utility Vehicle,Backing,0,No,2016,FORD,EXPLORER,39.1837859,-77.265646,2024,4,16
240018990,Injury Crash,04/23/2024 04:30:00 PM,CASTLE BLVD,NA,Front to Front,Clear,Dry,Daylight,No Controls,NONE DETECTED,Yes,Possible Minor Injury,"Failed to Yield Right-of-Way, Improper Turn",Not Distracted,MD,Sport Utility Vehicle,Turning Left,30,No,2024,HONDA,HR-V,39.08624483,-76.94015133,2024,4,16
240018990,Injury Crash,04/23/2024 04:30:00 PM,CASTLE BLVD,NA,Front to Front,Clear,Dry,Daylight,No Controls,NONE DETECTED,No,No Apparent Injury,NA,Not Distracted,MD,Pickup,Moving Constant Speed,30,No,2019,CHEVROLET,SILVERADO,39.08624483,-76.94015133,2024,4,16
240018987,Property Damage Crash,04/23/2024 04:01:00 PM,NORBECK BLVD,NA,Front to Rear,Clear,Dry,Daylight,Traffic Control Signal,NONE DETECTED,No,NA,NA,NA,NA,Passenger Car,Moving Constant Speed,35,No,2015,SUBARU,XV CROSSTREK,39.11245196,-77.07026359,2024,4,16
240018987,Property Damage Crash,04/23/2024 04:01:00 PM,NORBECK BLVD,NA,Front to Rear,Clear,Dry,Daylight,Traffic Control Signal,NONE DETECTED,No,No Apparent Injury,NA,Not Distracted,MD,Passenger Car,Stopped in Traffic,35,No,2019,HONDA,ACCORD,39.11245196,-77.07026359,2024,4,16
240018973,Property Damage Crash,04/23/2024 03:51:00 PM,E NOLCREST DR,NA,"Sideswipe, Opposite Direction",Clear,Dry,Daylight,Stop Sign,NONE DETECTED,No,No Apparent Injury,NA,Not Distracted,MD,Passenger Car,Stopped in Traffic,25,No,2016,HONDA,CIVIC,39.03276878,-76.98703235,2024,4,15
240018973,Property Damage Crash,04/23/2024 03:51:00 PM,E NOLCREST DR,NA,"Sideswipe, Opposite Direction",Clear,Dry,Daylight,No Controls,NONE DETECTED,Yes,No Apparent Injury,NA,Not Distracted,MD,Bus - School,Negotiating a Curve,25,No,2024,THOMAS BUILT,SCHOOL BUS,39.03276878,-76.98703235,2024,4,15
240018979,Property Damage Crash,04/23/2024 03:47:00 PM,FOUNDERS MILL DR,NA,Front to Rear,Clear,Dry,Daylight,No Controls,NONE DETECTED,No,No Apparent Injury,NA,Not Distracted,MD,Passenger Car,Turning Right,25,No,2017,FORD,FUSION,39.13930215,-77.14962752,2024,4,15
240018979,Property Damage Crash,04/23/2024 03:47:00 PM,FOUNDERS MILL DR,NA,Front to Rear,Clear,Dry,Daylight,No Controls,NONE DETECTED,Yes,No Apparent Injury,NA,Unknown,MD,Other,Backing,25,No,2000,FORD,UNKNOWN,39.13930215,-77.14962752,2024,4,15
240018974,Property Damage Crash,04/23/2024 03:30:00 PM,KIVA RD,NA,Front to Rear,Clear,Dry,Daylight,No Controls,NONE DETECTED,Yes,No Apparent Injury,NA,Not Distracted,MD,Bus - School,Turning Left,25,No,2022,THOMAS BUILT,SCHOOL BUS,39.09752817,-76.97915467,2024,4,15
240018965,Injury Crash,04/23/2024 02:17:00 PM,LAKE FOREST BLVD,NA,Angle,Clear,Dry,Daylight,Traffic Control Signal,NONE DETECTED,No,Possible Minor Injury,NA,Not Distracted,MD,Passenger Car,Moving Constant Speed,35,No,2013,HONDA,CIVIC,39.15010333,-77.20887833,2024,4,14
240018965,Injury Crash,04/23/2024 02:17:00 PM,LAKE FOREST BLVD,NA,Angle,Clear,Dry,Daylight,Traffic Control Signal,NONE DETECTED,Yes,Possible Minor Injury,NA,Unknown,MD,Passenger Car,Moving Constant Speed,35,No,2013,TOYOTA,CAMRY,39.15010333,-77.20887833,2024,4,14
240018962,Property Damage Crash,04/23/2024 02:00:00 PM,KENTLANDS BLVD,NA,Single Vehicle,Clear,Dry,Daylight,No Controls,NONE DETECTED,No,No Apparent Injury,Ran Off Roadway,"Other Action (looking away from task, etc.)",MD,Van - Passenger (&lt;9 Seats),Negotiating a Curve,30,No,2012,TOYOTA,SIENNA,39.12452209,-77.24188925,2024,4,14
240018963,Property Damage Crash,04/23/2024 01:30:00 PM,GEORGIA AVE (SB/L),Pedestrian,Single Vehicle,Clear,Dry,Daylight,Traffic Control Signal,NONE DETECTED,No,No Apparent Injury,NA,Unknown,NA,Passenger Car,Turning Right,35,No,0,NA,NA,38.99593661,-77.02821263,2024,4,13
240018949,Property Damage Crash,04/23/2024 12:32:00 PM,BOWIE MILL RD,NA,Angle,Clear,Dry,Daylight,No Controls,NONE DETECTED,Yes,No Apparent Injury,Failed to Yield Right-of-Way,Not Distracted,MD,Passenger Car,Turning Left,35,No,2015,FORD,F-150,39.14329995,-77.11924609,2024,4,12
240018949,Property Damage Crash,04/23/2024 12:32:00 PM,BOWIE MILL RD,NA,Angle,Clear,Dry,Daylight,No Controls,NONE DETECTED,No,No Apparent Injury,NA,Not Distracted,MD,Passenger Car,Moving Constant Speed,35,No,2008,MERCEDES-BENZ,S-CLASS,39.14329995,-77.11924609,2024,4,12
240018929,Injury Crash,04/23/2024 11:59:00 AM,NORBECK RD,NA,Front to Rear,Clear,Dry,Daylight,Traffic Control Signal,NONE DETECTED,No,No Apparent Injury,NA,Not Distracted,MD,Pickup,Stopped in Traffic,40,No,2018,FORD,F-150,39.09501143,-77.11300775,2024,4,11
240018929,Injury Crash,04/23/2024 11:59:00 AM,NORBECK RD,NA,Front to Rear,Clear,Dry,Daylight,Traffic Control Signal,NONE DETECTED,No,No Apparent Injury,NA,Not Distracted,MD,Sport Utility Vehicle,Stopped in Traffic,40,No,2019,MAZDA,CX-5,39.09501143,-77.11300775,2024,4,11
240018929,Injury Crash,04/23/2024 11:59:00 AM,NORBECK RD,NA,Front to Rear,Clear,Dry,Daylight,Traffic Control Signal,NONE DETECTED,No,Possible Minor Injury,NA,Unknown,MD,Passenger Car,Slowing or Stopping,40,No,2008,LEXUS,RX,39.09501143,-77.11300775,2024,4,11
240018916,Injury Crash,04/23/2024 10:56:00 AM,NICHOLSON LA,NA,Single Vehicle,Clear,Dry,Daylight,Traffic Control Signal,NONE DETECTED,No,Possible Minor Injury,NA,Not Distracted,MD,Passenger Car,Moving Constant Speed,25,No,2019,KIA,NIRO,39.04464419,-77.1134943,2024,4,10
240018924,Property Damage Crash,04/23/2024 10:50:00 AM,SHADY GROVE RD,NA,Single Vehicle,Clear,Dry,Daylight,Traffic Control Signal,NONE DETECTED,Yes,No Apparent Injury,Improper Turn,"Other Action (looking away from task, etc.)",MD,Sport Utility Vehicle,Turning Right,40,No,2020,CHEVROLET,TAHOE,39.13362315,-77.15811825,2024,4,10
240018915,Injury Crash,04/23/2024 10:50:00 AM,WOOTTON PKWY,NA,Angle,Clear,Dry,Daylight,No Controls,NONE DETECTED,No,Possible Minor Injury,NA,Not Distracted,MD,Passenger Car,Moving Constant Speed,30,No,2013,NISSAN,ALTIMA,39.07568645,-77.14026317,2024,4,10
240018915,Injury Crash,04/23/2024 10:50:00 AM,WOOTTON PKWY,NA,Angle,Clear,Dry,Daylight,Stop Sign,NONE DETECTED,Yes,Possible Minor Injury,NA,Not Distracted,MD,Passenger Car,Turning Left,20,No,2019,MERCEDES-BENZ,GLC-CLASS,39.07568645,-77.14026317,2024,4,10
240018911,Property Damage Crash,04/23/2024 10:06:00 AM,RANDOLPH RD (WB/L),NA,Angle,Clear,Dry,Daylight,Traffic Control Signal,NONE DETECTED,No,No Apparent Injury,NA,Not Distracted,MD,Sport Utility Vehicle,Accelerating,25,No,2009,NISSAN,ROGUE,39.05751449,-77.07789171,2024,4,10
240018911,Property Damage Crash,04/23/2024 10:06:00 AM,RANDOLPH RD (WB/L),NA,Angle,Clear,Dry,Daylight,Traffic Control Signal,NONE DETECTED,Yes,No Apparent Injury,"Failed to Yield Right-of-Way, Ran Red Light",Unknown,MD,Sport Utility Vehicle,Moving Constant Speed,35,No,2013,TOYOTA,RAV4,39.05751449,-77.07789171,2024,4,10
240018912,Property Damage Crash,04/23/2024 09:58:00 AM,WISCONSIN AVE (SB/L),NA,Front to Rear,Clear,Dry,Daylight,No Controls,NONE DETECTED,No,No Apparent Injury,NA,Not Distracted,MD,Single-Unit Truck,Stopped in Traffic,30,No,2022,ISUZU,NPR,38.97681,-77.09061,2024,4,9
240018912,Property Damage Crash,04/23/2024 09:58:00 AM,WISCONSIN AVE (SB/L),NA,Front to Rear,Clear,Dry,Daylight,No Controls,NONE DETECTED,Yes,No Apparent Injury,"Followed Too Closely, Improper Passing, Too Fast For Conditions",Not Distracted,MD,Passenger Car,Changing Lanes,30,No,2007,TOYOTA,COROLLA,38.97681,-77.09061,2024,4,9
240018890,Property Damage Crash,04/23/2024 07:30:00 AM,MILLS RD,NA,Other,Clear,Dry,Daylight,No Controls,NONE DETECTED,No,No Apparent Injury,NA,Not Distracted,MD,All-Terrain Vehicle/All-Terrain Cycle (ATV/ATC),Moving Constant Speed,25,No,2024,THOMAS BUILT,SCHOOL BUS,39.13755595,-77.200811,2024,4,7
240018888,Injury Crash,04/23/2024 07:20:00 AM,OLD COLUMBIA PIKE (SB/L),NA,Angle,Clear,Dry,Daylight,Traffic Control Signal,NONE DETECTED,No,Possible Minor Injury,NA,Not Distracted,MD,Sport Utility Vehicle,Accelerating,40,No,2022,NISSAN,MURANO,39.11136564,-76.93223968,2024,4,7
240018888,Injury Crash,04/23/2024 07:20:00 AM,OLD COLUMBIA PIKE (SB/L),NA,Angle,Clear,Dry,Daylight,Traffic Control Signal,NONE DETECTED,Yes,No Apparent Injury,Ran Red Light,Unknown,MD,Pickup,Moving Constant Speed,40,No,2019,FORD,F-350,39.11136564,-76.93223968,2024,4,7
240018884,Injury Crash,04/23/2024 07:15:00 AM,MONTROSE RD (WB/L),NA,Other,Clear,Dry,Daylight,Traffic Control Signal,NONE DETECTED,No,No Apparent Injury,"Failed to Yield Right-of-Way, Ran Red Light",Unknown,VA,Truck Tractor,Moving Constant Speed,35,No,2023,KENWORTH,T880,39.05560181,-77.14943992,2024,4,7