Local Case Number,ACRS Report Type,Crash Date/Time,Road Name,Related Non-Motorist,Collision Type,Weather,Surface Condition,Light,Traffic Control,Driver Substance Abuse,Driver At Fault,Injury Severity,Circumstance,Driver Distracted By,Drivers License State,Vehicle Body Type,Vehicle Movement,Speed Limit,Driverless Vehicle,Vehicle Year,Vehicle Make,Vehicle Model,Latitude,Longitude,Year,Month,Hour
240018884,Injury Crash,04/23/2024 07:15:00 AM,MONTROSE RD (WB/L),NA,Other,Clear,Dry,Daylight,Traffic Control Signal,NONE DETECTED,No,Suspected Serious Injury,NA,Not Distracted,MD,Passenger Car,Turning Left,35,No,2018,MAZDA,MX-5,39.05560181,-77.14943992,2024,4,7
240018885,Property Damage Crash,04/23/2024 06:57:00 AM,WASHINGTON GROVE LA,NA,Front to Rear,Clear,Dry,Daylight,No Controls,NONE DETECTED,No,No Apparent Injury,Failed To Stop For School Bus,Not Distracted,MD,Passenger Car,Moving Constant Speed,35,No,2009,TOYOTA,CAMRY,39.14809,-77.16828167,2024,4,6
240018885,Property Damage Crash,04/23/2024 06:57:00 AM,WASHINGTON GROVE LA,NA,Front to Rear,Clear,Dry,Daylight,No Controls,NONE DETECTED,No,No Apparent Injury,NA,Not Distracted,MD,Sport Utility Vehicle,Stopped in Traffic,35,No,2024,VOLKSWAGEN,TIGUAN,39.14809,-77.16828167,2024,4,6
240018864,Property Damage Crash,04/22/2024 11:11:00 PM,NA,NA,Front to Rear,Clear,NA,Medium,NA,ALCOHOL PRESENT,Yes,No Apparent Injury,Improper Backing,"Other Action (looking away from task, etc.)",MD,Pickup,Backing,0,No,2019,GMC,SIERRA,39.19247121,-77.24340521,2024,4,23
240018854,Injury Crash,04/22/2024 09:15:00 PM,GREAT SENECA HWY,NA,Front to Rear,Clear,Dry,Medium,Traffic Control Signal,NONE DETECTED,No,Suspected Serious Injury,NA,Not Distracted,MD,Passenger Car,Stopped in Traffic,50,No,2012,TOYOTA,HIGHLANDER,39.10286818,-77.20590079,2024,4,21
240018854,Injury Crash,04/22/2024 09:15:00 PM,GREAT SENECA HWY,NA,Front to Rear,Clear,Dry,Medium,Traffic Control Signal,NONE DETECTED,No,No Apparent Injury,NA,Not Distracted,XX,Passenger Car,Stopped in Traffic,50,No,2015,HYUNDAI,SONATA,39.10286818,-77.20590079,2024,4,21
240018854,Injury Crash,04/22/2024 09:15:00 PM,GREAT SENECA HWY,NA,Front to Rear,Clear,Dry,Medium,Traffic Control Signal,NONE DETECTED,No,Suspected Serious Injury,NA,Not Distracted,MD,Passenger Car,Stopped in Traffic,50,No,2000,TOYOTA,CAMRY,39.10286818,-77.20590079,2024,4,21
240018854,Injury Crash,04/22/2024 09:15:00 PM,GREAT SENECA HWY,NA,Front to Rear,Clear,Dry,Medium,Traffic Control Signal,NONE DETECTED,No,NA,NA,NA,NA,Pickup,Moving Constant Speed,50,No,2022,GMC,SIERRA,39.10286818,-77.20590079,2024,4,21
240019925,Property Damage Crash,04/22/2024 08:58:00 PM,NA,NA,Rear To Side,Clear,NA,Medium,NA,NONE DETECTED,No,No Apparent Injury,Improper Backing,Not Distracted,MD,Passenger Car,Backing,0,No,2016,FORD,TAURUS,39.17746095,-77.17676952,2024,4,20
240018842,Property Damage Crash,04/22/2024 07:44:00 PM,MIDCOUNTY HWY (SB/L),NA,Angle,Clear,Dry,Medium,Traffic Control Signal,NONE DETECTED,No,No Apparent Injury,NA,Not Distracted,MD,Sport Utility Vehicle,Accelerating,35,No,2017,NISSAN,PATHFINDER,39.16014334,-77.20197373,2024,4,19
240018842,Property Damage Crash,04/22/2024 07:44:00 PM,MIDCOUNTY HWY (SB/L),NA,Angle,Clear,Dry,Medium,Traffic Control Signal,NONE DETECTED,No,No Apparent Injury,Ran Red Light,"Other Action (looking away from task, etc.)",MD,Passenger Car,Moving Constant Speed,35,No,2008,HYUNDAI,TUCSON,39.16014334,-77.20197373,2024,4,19
240018831,Property Damage Crash,04/22/2024 06:49:00 PM,BONIFANT RD,NA,Angle,Clear,Dry,Daylight,Traffic Control Signal,NONE DETECTED,No,No Apparent Injury,NA,Not Distracted,MD,Passenger Car,Moving Constant Speed,35,No,2013,TOYOTA,SIENNA,39.09072,-77.04469333,2024,4,18
240018831,Property Damage Crash,04/22/2024 06:49:00 PM,BONIFANT RD,NA,Angle,Clear,Dry,Daylight,Traffic Control Signal,NONE DETECTED,Yes,No Apparent Injury,Improper Turn,Not Distracted,MD,Passenger Car,Turning Left,35,No,2020,MERCEDES-BENZ,GLA-CLASS,39.09072,-77.04469333,2024,4,18
240018830,Injury Crash,04/22/2024 06:15:00 PM,MIDCOUNTY HWY (NB/L),Cyclist (non-electric),Single Vehicle,Clear,Dry,Daylight,Traffic Control Signal,NONE DETECTED,Yes,No Apparent Injury,Failed to Yield Right-of-Way,Not Distracted,MD,Passenger Car,Turning Right,45,No,2021,TOYOTA,CAMRY,39.1475622,-77.16905125,2024,4,18
240018822,Property Damage Crash,04/22/2024 05:30:00 PM,TWINBROOK PKWY (NB/L),NA,Angle,Clear,Dry,Daylight,Traffic Control Signal,NONE DETECTED,No,No Apparent Injury,NA,Not Distracted,MD,Pickup,Moving Constant Speed,35,No,2023,FORD,F-250,39.0628345,-77.116302,2024,4,17
240018822,Property Damage Crash,04/22/2024 05:30:00 PM,TWINBROOK PKWY (NB/L),NA,Angle,Clear,Dry,Daylight,Traffic Control Signal,NONE DETECTED,Yes,No Apparent Injury,Failed to Yield Right-of-Way,Not Distracted,MD,Passenger Car,Turning Left,35,No,2010,TOYOTA,PRIUS,39.0628345,-77.116302,2024,4,17
240018820,Property Damage Crash,04/22/2024 05:23:00 PM,SHOREFIELD RD,NA,Single Vehicle,Clear,Dry,Daylight,No Controls,NONE DETECTED,Yes,No Apparent Injury,NA,Unknown,MD,Passenger Car,Accelerating,25,No,2011,TOYOTA,HIGHLANDER,39.05313894,-77.04525372,2024,4,17
240018821,Property Damage Crash,04/22/2024 05:11:00 PM,SHOP CTR CUT THRU CUT,NA,"Sideswipe, Same Direction",Clear,Dry,Daylight,Traffic Control Signal,NONE DETECTED,No,No Apparent Injury,NA,Not Distracted,MD,Passenger Car,Turning Left,15,No,2016,TOYOTA,COROLLA,39.04001823,-77.15730147,2024,4,17
240018821,Property Damage Crash,04/22/2024 05:11:00 PM,SHOP CTR CUT THRU CUT,NA,"Sideswipe, Same Direction",Clear,Dry,Daylight,Traffic Control Signal,NONE DETECTED,No,No Apparent Injury,NA,Not Distracted,MD,Passenger Car,Turning Right,15,No,2012,HONDA,CIVIC SI,39.04001823,-77.15730147,2024,4,17
240018810,Injury Crash,04/22/2024 04:41:00 PM,WOOTTON PKWY,NA,Angle,Clear,Dry,Daylight,No Controls,NONE DETECTED,No,Possible Minor Injury,NA,Not Distracted,VA,Passenger Car,Moving Constant Speed,30,No,2024,HONDA,ACCORD,39.07567204,-77.14026662,2024,4,16
240018810,Injury Crash,04/22/2024 04:41:00 PM,WOOTTON PKWY,NA,Angle,Clear,Dry,Daylight,Stop Sign,NONE DETECTED,Yes,Possible Minor Injury,NA,Not Distracted,MD,Passenger Car,Turning Left,30,No,2022,MAZDA,CX-9,39.07567204,-77.14026662,2024,4,16
240018815,Property Damage Crash,04/22/2024 04:39:00 PM,VEIRS MILL RD,NA,Front to Rear,Clear,Dry,Daylight,Traffic Control Signal,NONE DETECTED,No,No Apparent Injury,NA,Not Distracted,MD,Passenger Car,Slowing or Stopping,40,No,1999,HONDA,ACCORD,39.05234367,-77.07608367,2024,4,16
240018815,Property Damage Crash,04/22/2024 04:39:00 PM,VEIRS MILL RD,NA,Front to Rear,Clear,Dry,Daylight,Traffic Control Signal,NONE DETECTED,No,No Apparent Injury,NA,Not Distracted,MD,Passenger Car,Slowing or Stopping,40,No,2024,TOYOTA,CAMRY,39.05234367,-77.07608367,2024,4,16
240018815,Property Damage Crash,04/22/2024 04:39:00 PM,VEIRS MILL RD,NA,Front to Rear,Clear,Dry,Daylight,Traffic Control Signal,NONE DETECTED,Yes,No Apparent Injury,"Followed Too Closely, Too Fast For Conditions",Not Distracted,MD,Passenger Car,Slowing or Stopping,40,No,2011,TOYOTA,COROLLA,39.05234367,-77.07608367,2024,4,16
240018813,Property Damage Crash,04/22/2024 04:20:00 PM,LANARK WAY,NA,"Sideswipe, Same Direction",Clear,Dry,Daylight,No Controls,NONE DETECTED,Yes,No Apparent Injury,Followed Too Closely,Not Distracted,MD,Passenger Car,Changing Lanes,40,No,2017,CHEVROLET,EXPRESS,39.0184525,-77.01430883,2024,4,16
240018813,Property Damage Crash,04/22/2024 04:20:00 PM,LANARK WAY,NA,"Sideswipe, Same Direction",Clear,Dry,Daylight,No Controls,NONE DETECTED,No,No Apparent Injury,NA,Not Distracted,MD,Bus - Transit,Slowing or Stopping,40,No,2020,NOVABUS,UNKNOWN,39.0184525,-77.01430883,2024,4,16
240018804,Injury Crash,04/22/2024 04:13:00 PM,NEW HAMPSHIRE AVE,NA,Front to Rear,Clear,Dry,Daylight,Traffic Control Signal,NONE DETECTED,No,Possible Minor Injury,NA,Not Distracted,MD,Passenger Car,Stopped in Traffic,40,No,2016,MAZDA,CX-5,39.00718333,-76.98021483,2024,4,16
240018804,Injury Crash,04/22/2024 04:13:00 PM,NEW HAMPSHIRE AVE,NA,Front to Rear,Clear,Dry,Daylight,Traffic Control Signal,NONE DETECTED,No,No Apparent Injury,NA,Not Distracted,MD,Passenger Car,Slowing or Stopping,40,No,2017,NISSAN,ALTIMA,39.00718333,-76.98021483,2024,4,16
240018798,Injury Crash,04/22/2024 04:05:00 PM,BELVEDERE PL,NA,Other,Clear,Dry,Daylight,Stop Sign,NONE DETECTED,Yes,Possible Minor Injury,NA,Not Distracted,MD,Passenger Car,Accelerating,25,No,2014,TOYOTA,CAMRY,39.01532017,-77.04741017,2024,4,16
240018798,Injury Crash,04/22/2024 04:05:00 PM,BELVEDERE PL,NA,Other,Clear,Dry,Daylight,No Controls,NONE DETECTED,No,Possible Minor Injury,NA,Not Distracted,MD,Passenger Car,Moving Constant Speed,30,No,2016,TOYOTA,COROLLA,39.01532017,-77.04741017,2024,4,16
240018814,Property Damage Crash,04/22/2024 02:41:00 PM,SEVEN LOCKS RD,NA,Single Vehicle,Clear,Dry,Daylight,No Controls,NONE DETECTED,No,No Apparent Injury,"Failed to Keep in Proper Lane, Ran Off Roadway",Unknown,MD,Passenger Car,Moving Constant Speed,35,No,2022,TOYOTA,CAMRY,39.01949208,-77.16132062,2024,4,14
240018774,Property Damage Crash,04/22/2024 02:15:00 PM,KING FARM BLVD,NA,Single Vehicle,Clear,Dry,Daylight,No Controls,NONE DETECTED,Yes,No Apparent Injury,NA,Not Distracted,MD,Passenger Car,Accelerating,5,No,2018,TOYOTA,HIGHLANDER,39.11481465,-77.17136248,2024,4,14
240018771,Property Damage Crash,04/22/2024 02:11:00 PM,GEORGIA AVE,NA,Front to Rear,Clear,Dry,Daylight,No Controls,NONE DETECTED,No,No Apparent Injury,NA,Not Distracted,MD,Sport Utility Vehicle,Moving Constant Speed,30,No,2019,TOYOTA,RAV4,39.15027654,-77.06665811,2024,4,14
240018771,Property Damage Crash,04/22/2024 02:11:00 PM,GEORGIA AVE,NA,Front to Rear,Clear,Dry,Daylight,No Controls,NONE DETECTED,Yes,No Apparent Injury,NA,Not Distracted,MD,Sport Utility Vehicle,Changing Lanes,30,No,2012,HONDA,PILOT,39.15027654,-77.06665811,2024,4,14
240018765,Property Damage Crash,04/22/2024 01:14:00 PM,ROCKVILLE PIKE (SB/L),NA,"Sideswipe, Same Direction",Clear,Dry,Daylight,Traffic Control Signal,NONE DETECTED,No,No Apparent Injury,NA,Not Distracted,MD,Sport Utility Vehicle,Moving Constant Speed,35,No,2021,TOYOTA,HIGHLANDER,39.044485,-77.11168667,2024,4,13
240018765,Property Damage Crash,04/22/2024 01:14:00 PM,ROCKVILLE PIKE (SB/L),NA,"Sideswipe, Same Direction",Clear,Dry,Daylight,Traffic Control Signal,NONE DETECTED,No,No Apparent Injury,NA,Not Distracted,MD,Single-Unit Truck,Moving Constant Speed,35,No,2019,FORD,F7000,39.044485,-77.11168667,2024,4,13
240018765,Property Damage Crash,04/22/2024 01:14:00 PM,ROCKVILLE PIKE (SB/L),NA,"Sideswipe, Same Direction",Clear,Dry,Daylight,Traffic Control Signal,NONE DETECTED,Yes,No Apparent Injury,NA,Not Distracted,AR,Passenger Car,Changing Lanes,35,No,2007,HONDA,ACCORD,39.044485,-77.11168667,2024,4,13
240018752,Property Damage Crash,04/22/2024 01:00:00 PM,LANGDRUM LA,NA,Front to Front,Clear,Dry,Daylight,Stop Sign,NONE DETECTED,No,No Apparent Injury,NA,Not Distracted,MD,Passenger Car,Entering Traffic Lane,35,No,2024,TOYOTA,COROLLA,38.97137082,-77.08955276,2024,4,13
240018752,Property Damage Crash,04/22/2024 01:00:00 PM,LANGDRUM LA,NA,Front to Front,Clear,Dry,Daylight,Stop Sign,NONE DETECTED,No,No Apparent Injury,NA,Not Distracted,DC,Passenger Car,Moving Constant Speed,35,No,2018,FORD,ESCAPE,38.97137082,-77.08955276,2024,4,13
240018755,Injury Crash,04/22/2024 12:52:00 PM,FREDERICK RD (SB/L),NA,Front to Rear,Clear,Dry,Daylight,Traffic Control Signal,NONE DETECTED,No,Possible Minor Injury,NA,Not Distracted,MD,Passenger Car,Slowing or Stopping,40,No,2017,CHEVROLET,BOLT EV,39.109516,-77.16024013,2024,4,12
240018755,Injury Crash,04/22/2024 12:52:00 PM,FREDERICK RD (SB/L),NA,Front to Rear,Clear,Dry,Daylight,Traffic Control Signal,NONE DETECTED,No,No Apparent Injury,NA,Unknown,MD,Passenger Car,Moving Constant Speed,40,No,2013,CHEVROLET,EQUINOX,39.109516,-77.16024013,2024,4,12
240018749,Property Damage Crash,04/22/2024 12:30:00 PM,NEW HAMPSHIRE AVE,NA,Front to Rear,Clear,Dry,Daylight,No Controls,NONE DETECTED,No,No Apparent Injury,NA,Not Distracted,MD,Passenger Car,Moving Constant Speed,35,No,2010,TOYOTA,PRIUS,39.02161703,-76.9769597,2024,4,12
240018749,Property Damage Crash,04/22/2024 12:30:00 PM,NEW HAMPSHIRE AVE,NA,Front to Rear,Clear,Dry,Daylight,No Controls,NONE DETECTED,Yes,No Apparent Injury,Followed Too Closely,Unknown,MD,Van - Passenger (&lt;9 Seats),Moving Constant Speed,35,No,2018,FORD,TRANSIT CONNECT,39.02161703,-76.9769597,2024,4,12
240018743,Property Damage Crash,04/22/2024 12:00:00 PM,NA,NA,Front to Rear,Clear,Dry,Daylight,Traffic Control Signal,NONE DETECTED,Yes,No Apparent Injury,NA,Not Distracted,MD,Passenger Car,Moving Constant Speed,35,No,2019,TOYOTA,SIENNA,38.99298922,-77.10764643,2024,4,12
240018743,Property Damage Crash,04/22/2024 12:00:00 PM,NA,NA,Front to Rear,Clear,Dry,Daylight,Traffic Control Signal,NONE DETECTED,No,No Apparent Injury,NA,Not Distracted,DC,Sport Utility Vehicle,Stopped in Traffic,35,No,2022,MERCEDES-BENZ,SPRINTER,38.99298922,-77.10764643,2024,4,12
240018740,Property Damage Crash,04/22/2024 11:51:00 AM,GERMANTOWN RD,NA,Front to Rear,Clear,Dry,Daylight,Traffic Control Signal,NONE DETECTED,No,No Apparent Injury,NA,Not Distracted,MD,Van - Passenger (&lt;9 Seats),Accelerating,40,No,2015,NISSAN,VAN,39.15399188,-77.28745793,2024,4,11
240018740,Property Damage Crash,04/22/2024 11:51:00 AM,GERMANTOWN RD,NA,Front to Rear,Clear,Dry,Daylight,Traffic Control Signal,NONE DETECTED,Yes,No Apparent Injury,"Operated Motor Vehicle in Inattentive, Careless, Negligent, or Erratic Manner",Unknown,MD,Passenger Car,Accelerating,40,No,2009,ACURA,MDX,39.15399188,-77.28745793,2024,4,11
240018742,Property Damage Crash,04/22/2024 11:38:00 AM,ROCKVILLE PIKE (SB/L),NA,Angle,Clear,Dry,Daylight,Traffic Control Signal,NONE DETECTED,No,No Apparent Injury,NA,Not Distracted,MD,Other,Moving Constant Speed,35,No,2013,FORD,TRANSIT CONNECT,39.04964642,-77.11422138,2024,4,11
240018742,Property Damage Crash,04/22/2024 11:38:00 AM,ROCKVILLE PIKE (SB/L),NA,Angle,Clear,Dry,Daylight,Traffic Control Signal,NONE DETECTED,Yes,No Apparent Injury,NA,Not Distracted,MD,Passenger Car,Making U-Turn,35,No,2023,TESLA,MODEL 3,39.04964642,-77.11422138,2024,4,11
240018709,Property Damage Crash,04/22/2024 09:20:00 AM,COLUMBIA PIKE,NA,Front to Rear,Clear,Dry,Daylight,Traffic Control Signal,NONE DETECTED,No,No Apparent Injury,NA,Not Distracted,MD,Pickup,Stopped in Traffic,40,No,2018,FORD,F-150,39.05785601,-76.96841133,2024,4,9
240018709,Property Damage Crash,04/22/2024 09:20:00 AM,COLUMBIA PIKE,NA,Front to Rear,Clear,Dry,Daylight,Traffic Control Signal,NONE DETECTED,Yes,No Apparent Injury,Too Fast For Conditions,Not Distracted,MD,Van - Passenger (&lt;9 Seats),Moving Constant Speed,40,No,2022,CHRYSLER,TOWN AND COUNTRY,39.05785601,-76.96841133,2024,4,9
240018699,Injury Crash,04/22/2024 08:39:00 AM,QUEEN MARY DR,NA,Angle,Clear,Dry,Daylight,Stop Sign,NONE DETECTED,Yes,No Apparent Injury,NA,Not Distracted,MD,Passenger Car,Entering Traffic Lane,30,No,2016,CHEVROLET,SILVERADO,39.148428,-77.06712093,2024,4,8
240018699,Injury Crash,04/22/2024 08:39:00 AM,QUEEN MARY DR,NA,Angle,Clear,Dry,Daylight,No Controls,NONE DETECTED,No,Possible Minor Injury,NA,Not Distracted,MD,Passenger Car,Moving Constant Speed,30,No,2001,TOYOTA,CAMRY,39.148428,-77.06712093,2024,4,8
240018700,Property Damage Crash,04/22/2024 08:21:00 AM,RIVER RD (WB/L),NA,Other,Clear,Dry,Daylight,Traffic Control Signal,NONE DETECTED,No,No Apparent Injury,NA,Not Distracted,MD,Van - Passenger (&lt;9 Seats),Moving Constant Speed,30,No,2022,HONDA,ODYSSEY,39.01728286,-77.20776242,2024,4,8
240018700,Property Damage Crash,04/22/2024 08:21:00 AM,RIVER RD (WB/L),NA,Other,Clear,Dry,Daylight,Traffic Control Signal,NONE DETECTED,Yes,No Apparent Injury,"Failed to Yield Right-of-Way, Ran Red Light",Unknown,MD,Passenger Car,Moving Constant Speed,30,No,2019,HYUNDAI,ELANTRA,39.01728286,-77.20776242,2024,4,8
240018691,Property Damage Crash,04/22/2024 07:06:00 AM,SHADOW OAK DR,NA,Angle,Clear,Dry,Daylight,No Controls,NONE DETECTED,No,No Apparent Injury,NA,Not Distracted,MD,Passenger Car,Moving Constant Speed,35,No,2021,TOYOTA,RAV4,39.18850667,-77.20315333,2024,4,7
240018691,Property Damage Crash,04/22/2024 07:06:00 AM,SHADOW OAK DR,NA,Angle,Clear,Dry,Daylight,No Controls,NONE DETECTED,Yes,No Apparent Injury,Failed to Yield Right-of-Way,Unknown,MD,Passenger Car,Turning Right,5,No,2020,TOYOTA,COROLLA,39.18850667,-77.20315333,2024,4,7
240018688,Property Damage Crash,04/22/2024 06:25:00 AM,SENECA RD,NA,Single Vehicle,Clear,Dry,Daylight,No Controls,NONE DETECTED,No,No Apparent Injury,NA,Not Distracted,MD,Sport Utility Vehicle,Moving Constant Speed,35,No,2016,CHEVROLET,TAHOE,39.08172682,-77.31672452,2024,4,6
240018686,Injury Crash,04/22/2024 06:24:00 AM,N SUMMIT AVE,NA,"Sideswipe, Opposite Direction",Clear,Dry,Daylight,Stop Sign,NONE DETECTED,No,Possible Minor Injury,Failed to Yield Right-of-Way,Not Distracted,AK,Passenger Car,Turning Left,25,No,2008,KIA,UNKNOWN,39.1431305,-77.19321233,2024,4,6
240018686,Injury Crash,04/22/2024 06:24:00 AM,N SUMMIT AVE,NA,"Sideswipe, Opposite Direction",Clear,Dry,Daylight,No Controls,NONE DETECTED,No,Possible Minor Injury,NA,Not Distracted,MD,Passenger Car,Moving Constant Speed,25,No,2004,FORD,UNKNOWN,39.1431305,-77.19321233,2024,4,6
240018664,Property Damage Crash,04/21/2024 08:43:00 PM,EAST WEST HWY,NA,Front to Rear,Clear,Dry,Medium,No Controls,NONE DETECTED,No,No Apparent Injury,NA,Not Distracted,MD,Passenger Car,Slowing or Stopping,35,No,2020,TOYOTA,COROLLA,38.9944,-77.03595667,2024,4,20
240018664,Property Damage Crash,04/21/2024 08:43:00 PM,EAST WEST HWY,NA,Front to Rear,Clear,Dry,Medium,No Controls,NONE DETECTED,Yes,No Apparent Injury,Followed Too Closely,Unknown,MD,Passenger Car,Slowing or Stopping,35,No,2007,DODGE,CALIBER,38.9944,-77.03595667,2024,4,20
240018661,Property Damage Crash,04/21/2024 08:30:00 PM,COLESVILLE RD (SB/L),NA,Front to Rear,Clear,Dry,Medium,Traffic Control Signal,NONE DETECTED,Yes,No Apparent Injury,"Failed to Yield Right-of-Way, Operated Motor Vehicle in Inattentive, Careless, Negligent, or Erratic Manner, Other Improper Action",Not Distracted,MD,Passenger Car,Changing Lanes,40,No,2019,KIA,NIRO,39.01347712,-77.01676976,2024,4,20
240018661,Property Damage Crash,04/21/2024 08:30:00 PM,COLESVILLE RD (SB/L),NA,Front to Rear,Clear,Dry,Medium,Traffic Control Signal,NONE DETECTED,No,No Apparent Injury,NA,Not Distracted,DC,Passenger Car,Moving Constant Speed,40,No,2022,TOYOTA,COROLLA,39.01347712,-77.01676976,2024,4,20
240018657,Property Damage Crash,04/21/2024 08:02:00 PM,ROCKVILLE PIKE (SB/L),NA,Front to Rear,Clear,Dry,Medium,Traffic Control Signal,NONE DETECTED,Yes,No Apparent Injury,Followed Too Closely,Not Distracted,MD,Passenger Car,Slowing or Stopping,35,No,2022,TOYOTA,RAV4,39.08040068,-77.1442024,2024,4,20
240018657,Property Damage Crash,04/21/2024 08:02:00 PM,ROCKVILLE PIKE (SB/L),NA,Front to Rear,Clear,Dry,Medium,Traffic Control Signal,NONE DETECTED,No,No Apparent Injury,NA,Not Distracted,MD,Bus - Transit,Parked,35,No,2017,GILLIG,CITY SUBURBAN BUS,39.08040068,-77.1442024,2024,4,20
240018653,Property Damage Crash,04/21/2024 06:53:00 PM,NA,NA,"Sideswipe, Opposite Direction",Clear,Dry,Daylight,No Controls,NONE DETECTED,No,No Apparent Injury,NA,Not Distracted,NA,Sport Utility Vehicle,Parked,25,No,2016,JEEP,GRAND CHEROKEE,39.10533874,-76.98984545,2024,4,18
240018653,Property Damage Crash,04/21/2024 06:53:00 PM,NA,NA,"Sideswipe, Opposite Direction",Clear,Dry,Daylight,No Controls,NONE DETECTED,No,NA,NA,NA,NA,Passenger Car,Turning Left,25,No,2013,HYUNDAI,SONATA,39.10533874,-76.98984545,2024,4,18
240018646,Property Damage Crash,04/21/2024 06:30:00 PM,N STONESTREET AVE,NA,Front to Rear,Clear,Dry,Daylight,No Controls,NONE DETECTED,No,NA,NA,NA,NA,Passenger Car,Accelerating,25,No,2013,HYUNDAI,SONATA,39.09375309,-77.1504108,2024,4,18
240018644,Property Damage Crash,04/21/2024 06:28:00 PM,VEIRS MILL RD (WB/L),NA,"Sideswipe, Same Direction",Clear,Dry,Daylight,No Controls,NONE DETECTED,No,No Apparent Injury,NA,Not Distracted,MD,Passenger Car,Slowing or Stopping,35,No,2019,ACURA,TLX,39.04118167,-77.05715667,2024,4,18
240018644,Property Damage Crash,04/21/2024 06:28:00 PM,VEIRS MILL RD (WB/L),NA,"Sideswipe, Same Direction",Clear,Dry,Daylight,No Controls,NONE DETECTED,Yes,No Apparent Injury,Failed to Yield Right-of-Way,Not Distracted,MD,Passenger Car,Changing Lanes,35,No,2015,FORD,FOCUS,39.04118167,-77.05715667,2024,4,18
240018624,Injury Crash,04/21/2024 03:00:00 PM,ROCKLEDGE DR,NA,Angle,Clear,Dry,Daylight,No Controls,NONE DETECTED,No,No Apparent Injury,NA,Not Distracted,MD,Passenger Car,Moving Constant Speed,25,No,2018,HONDA,PILOT,39.02691186,-77.13230861,2024,4,15
240018624,Injury Crash,04/21/2024 03:00:00 PM,ROCKLEDGE DR,NA,Angle,Clear,Dry,Daylight,Traffic Control Signal,NONE DETECTED,No,No Apparent Injury,NA,Unknown,MD,Passenger Car,Moving Constant Speed,25,No,2024,SUBARU,FORESTER,39.02691186,-77.13230861,2024,4,15
240018607,Property Damage Crash,04/21/2024 12:50:00 PM,CHESTNUT ST,NA,Front to Rear,Cloudy,Dry,Daylight,Traffic Control Signal,NONE DETECTED,No,No Apparent Injury,NA,Not Distracted,MD,Passenger Car,Slowing or Stopping,25,No,2017,HONDA,CIVIC,39.14269183,-77.20277717,2024,4,12
240018607,Property Damage Crash,04/21/2024 12:50:00 PM,CHESTNUT ST,NA,Front to Rear,Cloudy,Dry,Daylight,Traffic Control Signal,NONE DETECTED,Yes,No Apparent Injury,NA,Unknown,MD,Passenger Car,Moving Constant Speed,25,No,2023,SUBARU,UNKNOWN,39.14269183,-77.20277717,2024,4,12
240018605,Property Damage Crash,04/21/2024 11:59:00 AM,GERMANTOWN RD (SB/L),NA,Front to Rear,Cloudy,Dry,Daylight,No Controls,NONE DETECTED,Yes,No Apparent Injury,"Operated Motor Vehicle in Inattentive, Careless, Negligent, or Erratic Manner",Not Distracted,MD,Passenger Car,Moving Constant Speed,35,No,2014,FORD,FIESTA,39.176663,-77.27063484,2024,4,11
240018605,Property Damage Crash,04/21/2024 11:59:00 AM,GERMANTOWN RD (SB/L),NA,Front to Rear,Cloudy,Dry,Daylight,No Controls,NONE DETECTED,No,No Apparent Injury,NA,Not Distracted,MD,Passenger Car,Slowing or Stopping,35,No,2023,RIVIAN,R1S,39.176663,-77.27063484,2024,4,11
240018601,Injury Crash,04/21/2024 11:10:00 AM,NA,NA,Rear To Rear,Cloudy,Dry,Daylight,Stop Sign,NONE DETECTED,No,Possible Minor Injury,NA,Not Distracted,MD,Passenger Car,Moving Constant Speed,35,No,2012,HYUNDAI,SONATA,39.1406882,-77.20204179,2024,4,11