Local Case Number,ACRS Report Type,Crash Date/Time,Road Name,Related Non-Motorist,Collision Type,Weather,Surface Condition,Light,Traffic Control,Driver Substance Abuse,Driver At Fault,Injury Severity,Circumstance,Driver Distracted By,Drivers License State,Vehicle Body Type,Vehicle Movement,Speed Limit,Driverless Vehicle,Vehicle Year,Vehicle Make,Vehicle Model,Latitude,Longitude,Year,Month,Hour
240018601,Injury Crash,04/21/2024 11:10:00 AM,NA,NA,Rear To Rear,Cloudy,Dry,Daylight,Stop Sign,NONE DETECTED,Yes,No Apparent Injury,Failed to Yield Right-of-Way,Unknown,NA,Passenger Car,Turning Left,35,No,2016,HONDA,CIVIC,39.1406882,-77.20204179,2024,4,11
240018579,Property Damage Crash,04/21/2024 05:27:00 AM,PINEY BRANCH RD,NA,Angle,Clear,Dry,Medium,Traffic Control Signal,NONE DETECTED,No,No Apparent Injury,NA,Not Distracted,MD,Other Trucks,Moving Constant Speed,30,No,2004,FORD,UNKNOWN,38.99960606,-76.99525799,2024,4,5
240018579,Property Damage Crash,04/21/2024 05:27:00 AM,PINEY BRANCH RD,NA,Angle,Clear,Dry,Medium,Traffic Control Signal,NONE DETECTED,Yes,No Apparent Injury,NA,Unknown,MD,Passenger Car,Moving Constant Speed,30,No,2015,ACURA,TLX,38.99960606,-76.99525799,2024,4,5
240018572,Property Damage Crash,04/21/2024 03:24:00 AM,BUCCANEER RD,NA,Other,Clear,Dry,Dark,Stop Sign,NONE DETECTED,No,No Apparent Injury,NA,Unknown,MD,Passenger Car,NA,25,No,2019,LEXUS,RX,39.0697225,-76.99534883,2024,4,3
240018567,Property Damage Crash,04/21/2024 03:01:00 AM,WELLER RD,NA,Front to Rear,Clear,Dry,Dark,No Controls,NONE DETECTED,No,NA,NA,Unknown,NA,Passenger Car,Moving Constant Speed,25,No,2004,TOYOTA,COROLLA,39.06252091,-77.07642033,2024,4,3
240018558,Property Damage Crash,04/21/2024 01:07:00 AM,CAMERON ST,NA,"Sideswipe, Opposite Direction",Clear,Dry,Medium,No Controls,NONE DETECTED,No,No Apparent Injury,NA,Unknown,NA,Passenger Car,Leaving Traffic Lane,25,No,2024,CHEVROLET,UNKNOWN,38.99627658,-77.03143549,2024,4,1
240018550,Injury Crash,04/21/2024 12:33:00 AM,GUILFORD RUN LA,NA,"Sideswipe, Opposite Direction",Clear,Dry,Medium,No Controls,NONE DETECTED,No,Possible Minor Injury,NA,Unknown,MD,Passenger Car,Moving Constant Speed,25,No,2017,NISSAN,VERSA,39.07638094,-76.93908449,2024,4,0
240018550,Injury Crash,04/21/2024 12:33:00 AM,GUILFORD RUN LA,NA,"Sideswipe, Opposite Direction",Clear,Dry,Medium,No Controls,NONE DETECTED,Yes,Possible Minor Injury,NA,Unknown,MD,Passenger Car,Moving Constant Speed,25,No,2012,TOYOTA,CAMRY,39.07638094,-76.93908449,2024,4,0
240018533,Property Damage Crash,04/20/2024 09:40:00 PM,STATION19 DR,NA,"Sideswipe, Same Direction",Clear,Dry,Medium,No Controls,NONE DETECTED,No,No Apparent Injury,NA,Not Distracted,PA,Other Trucks,Parked,5,No,2019,PIERCE MANUFACTURING,TRUCK,39.00894736,-77.04179204,2024,4,21
240018533,Property Damage Crash,04/20/2024 09:40:00 PM,STATION19 DR,NA,"Sideswipe, Same Direction",Clear,Dry,Medium,No Controls,NONE DETECTED,No,No Apparent Injury,Other Improper Action,Unknown,PA,Other Trucks,Turning Right,5,No,2007,PIERCE MANUFACTURING,AERIAL,39.00894736,-77.04179204,2024,4,21
240018532,Property Damage Crash,04/20/2024 09:30:00 PM,NA,NA,Front to Rear,Clear,Dry,Medium,Lane Use Control Signal,NONE DETECTED,No,No Apparent Injury,NA,Not Distracted,MD,Passenger Car,Stopped in Traffic,35,No,2019,TOYOTA,RAV4,39.00235939,-77.02470154,2024,4,21
240018532,Property Damage Crash,04/20/2024 09:30:00 PM,NA,NA,Front to Rear,Clear,Dry,Medium,Lane Use Control Signal,NONE DETECTED,Yes,No Apparent Injury,NA,"Other Action (looking away from task, etc.)",MD,Passenger Car,Moving Constant Speed,35,No,2011,HONDA,CR-V,39.00235939,-77.02470154,2024,4,21
240018536,Property Damage Crash,04/20/2024 09:30:00 PM,CHANDLEE MILL RD,NA,Single Vehicle,Clear,Dry,Medium,No Controls,NONE DETECTED,No,No Apparent Injury,Ran Off Roadway,Unknown,MD,Sport Utility Vehicle,NA,35,No,2001,CHEVROLET,TAHOE,39.16575076,-77.02956049,2024,4,21
240018530,Property Damage Crash,04/20/2024 09:00:00 PM,WATERSHED CT,NA,"Sideswipe, Same Direction",Clear,Dry,Dark,No Controls,NONE DETECTED,No,No Apparent Injury,"Improper Passing, Operated Motor Vehicle in Inattentive, Careless, Negligent, or Erratic Manner",Unknown,NA,Van - Cargo,Negotiating a Curve,15,No,2023,CHEVROLET,EXPRESS,39.1549323,-77.17710586,2024,4,21
240018527,Property Damage Crash,04/20/2024 08:28:00 PM,WHITES FERRY RD,NA,"Sideswipe, Opposite Direction",Clear,Dry,Dark,No Controls,NONE DETECTED,No,No Apparent Injury,NA,Not Distracted,MD,Passenger Car,Negotiating a Curve,30,No,2013,TESLA,MODEL S,39.13225998,-77.38534985,2024,4,20
240018527,Property Damage Crash,04/20/2024 08:28:00 PM,WHITES FERRY RD,NA,"Sideswipe, Opposite Direction",Clear,Dry,Dark,No Controls,NONE DETECTED,No,No Apparent Injury,"Failed to Keep in Proper Lane, Other Improper Action, Too Fast For Conditions",Unknown,NA,Passenger Car,Negotiating a Curve,30,No,2018,HONDA,ACCORD,39.13225998,-77.38534985,2024,4,20
240018535,Property Damage Crash,04/20/2024 08:15:00 PM,NA,NA,Unknown,Clear,NA,Medium,NA,NONE DETECTED,No,NA,NA,Unknown,NA,Unknown,NA,0,No,0,NA,NA,39.01705785,-77.10832686,2024,4,20
240018524,Injury Crash,04/20/2024 08:12:00 PM,S FREDERICK RD,Pedestrian,Single Vehicle,Clear,Dry,Medium,No Controls,NONE DETECTED,No,No Apparent Injury,Other Improper Action,Unknown,NA,Pickup,Moving Constant Speed,35,No,0,NA,NA,39.13543574,-77.1918265,2024,4,20
240018523,Injury Crash,04/20/2024 08:07:00 PM,E MIDDLE LA,NA,Front to Front,Clear,Dry,Daylight,Traffic Control Signal,NONE DETECTED,No,No Apparent Injury,"Failed to Keep in Proper Lane, Failed to Yield Right-of-Way, Improper Turn, Other Improper Action",Unknown,NA,Passenger Car,Turning Left,25,No,0,NA,NA,39.08513327,-77.14825163,2024,4,20
240018523,Injury Crash,04/20/2024 08:07:00 PM,E MIDDLE LA,NA,Front to Front,Clear,Dry,Daylight,Traffic Control Signal,NONE DETECTED,No,Possible Minor Injury,NA,Not Distracted,MD,Sport Utility Vehicle,Moving Constant Speed,25,No,2019,NISSAN,ROGUE,39.08513327,-77.14825163,2024,4,20
24001819,Property Damage Crash,04/20/2024 05:55:00 PM,RIVER RD,NA,Front to Rear,Clear,Dry,Daylight,Traffic Control Signal,NONE DETECTED,No,No Apparent Injury,NA,Unknown,MD,Passenger Car,Slowing or Stopping,35,No,2018,CHEVROLET,CRUZE,38.97550397,-77.12579627,2024,4,17
24001819,Property Damage Crash,04/20/2024 05:55:00 PM,RIVER RD,NA,Front to Rear,Clear,Dry,Daylight,Traffic Control Signal,NONE DETECTED,No,NA,NA,NA,NA,Passenger Car,Moving Constant Speed,35,No,2010,HYUNDAI,ELANTRA,38.97550397,-77.12579627,2024,4,17
240018506,Property Damage Crash,04/20/2024 04:59:00 PM,CONNECTICUT AVE,NA,Angle,Clear,Dry,Daylight,No Controls,NONE DETECTED,No,No Apparent Injury,NA,Unknown,MD,Passenger Car,Accelerating,35,No,2014,NISSAN,ALTIMA,39.02827372,-77.07627515,2024,4,16
240018506,Property Damage Crash,04/20/2024 04:59:00 PM,CONNECTICUT AVE,NA,Angle,Clear,Dry,Daylight,No Controls,NONE DETECTED,No,No Apparent Injury,NA,Not Distracted,MD,Sport Utility Vehicle,Turning Left,35,No,2024,HONDA,CR-V,39.02827372,-77.07627515,2024,4,16
240018504,Property Damage Crash,04/20/2024 04:40:00 PM,FENTON ST,NA,"Sideswipe, Same Direction",Clear,Dry,Daylight,Traffic Control Signal,NONE DETECTED,Yes,No Apparent Injury,"Swerved or Avoided Due to Wind, Slippery Surface, Motor Vehicle, Object, Non-Motorist in Roadway, etc",Not Distracted,MD,Pickup,Moving Constant Speed,20,No,2013,FORD,E-350,38.99531791,-77.02429914,2024,4,16
240018504,Property Damage Crash,04/20/2024 04:40:00 PM,FENTON ST,NA,"Sideswipe, Same Direction",Clear,Dry,Daylight,Traffic Control Signal,NONE DETECTED,No,No Apparent Injury,NA,Not Distracted,DC,Bus - Transit,Stopped in Traffic,20,No,2012,GILLIG,CITY TRANSIT BUS,38.99531791,-77.02429914,2024,4,16
240018495,Property Damage Crash,04/20/2024 04:21:00 PM,NA,NA,Other,Clear,NA,Daylight,NA,NONE DETECTED,Yes,No Apparent Injury,NA,Unknown,NA,Passenger Car,NA,0,No,2014,FORD,FUSION,39.08594965,-76.93757379,2024,4,16
240018493,Property Damage Crash,04/20/2024 03:59:00 PM,MONTGOMERY VILLAGE AVE (SB/L),NA,Angle,Clear,Dry,Daylight,No Controls,NONE DETECTED,No,No Apparent Injury,NA,Not Distracted,MD,Bus - Transit,Stopped in Traffic,35,No,2021,GILLIG,CITY TRANSIT BUS,39.15410547,-77.21011623,2024,4,15
240018493,Property Damage Crash,04/20/2024 03:59:00 PM,MONTGOMERY VILLAGE AVE (SB/L),NA,Angle,Clear,Dry,Daylight,No Controls,NONE DETECTED,No,No Apparent Injury,NA,NA,NA,Pickup,Changing Lanes,35,No,2012,FORD,F-150,39.15410547,-77.21011623,2024,4,15
240018483,Injury Crash,04/20/2024 03:30:00 PM,NA,NA,"Sideswipe, Same Direction",Clear,Dry,Daylight,No Controls,NONE DETECTED,Yes,No Apparent Injury,NA,Unknown,MD,Passenger Car,Accelerating,35,No,2022,SUBARU,FORESTER,39.14695345,-77.20490463,2024,4,15
240018483,Injury Crash,04/20/2024 03:30:00 PM,NA,NA,"Sideswipe, Same Direction",Clear,Dry,Daylight,No Controls,NONE DETECTED,No,No Apparent Injury,NA,Not Distracted,MD,Passenger Car,Stopped in Traffic,35,No,2023,HONDA,ACCORD,39.14695345,-77.20490463,2024,4,15
240018479,Property Damage Crash,04/20/2024 03:00:00 PM,RIVER RD,NA,Front to Rear,Clear,Dry,Daylight,No Controls,NONE DETECTED,No,No Apparent Injury,NA,Not Distracted,MD,Pickup,Slowing or Stopping,40,No,2021,TOYOTA,TUNDRA,38.99425154,-77.16482958,2024,4,15
240018479,Property Damage Crash,04/20/2024 03:00:00 PM,RIVER RD,NA,Front to Rear,Clear,Dry,Daylight,No Controls,NONE DETECTED,No,No Apparent Injury,Followed Too Closely,Not Distracted,MD,Passenger Car,Slowing or Stopping,40,No,2017,TOYOTA,COROLLA,38.99425154,-77.16482958,2024,4,15
240018485,Property Damage Crash,04/20/2024 03:00:00 PM,LOST KNIFE RD (NB/L),Cyclist (non-electric),Single Vehicle,Clear,Dry,Daylight,Stop Sign,NONE DETECTED,No,No Apparent Injury,NA,Not Distracted,MD,Passenger Car,Accelerating,15,No,2020,TOYOTA,COROLLA,39.153895,-77.19978,2024,4,15
240018474,Injury Crash,04/20/2024 02:24:00 PM,LIVINGSTON ST,NA,Front to Front,Clear,Dry,Daylight,Stop Sign,NONE DETECTED,No,Suspected Serious Injury,NA,Not Distracted,MD,Passenger Car,Moving Constant Speed,30,No,2013,DODGE,JOURNEY,39.05752557,-77.05625227,2024,4,14
240018474,Injury Crash,04/20/2024 02:24:00 PM,LIVINGSTON ST,NA,Front to Front,Clear,Dry,Daylight,Stop Sign,NONE DETECTED,No,Suspected Serious Injury,NA,Not Distracted,CA,Passenger Car,Moving Constant Speed,30,No,2024,AUDI,Q7,39.05752557,-77.05625227,2024,4,14
240018470,Property Damage Crash,04/20/2024 01:27:00 PM,NA,NA,Rear To Side,Clear,NA,Daylight,NA,NONE DETECTED,Yes,No Apparent Injury,Improper Backing,Not Distracted,MD,Passenger Car,Backing,0,No,2008,KIA,OPTIMA,39.15297385,-77.27192971,2024,4,13
240018467,Injury Crash,04/20/2024 01:07:00 PM,NORBECK RD,NA,Front to Rear,Clear,Dry,Daylight,Traffic Control Signal,NONE DETECTED,Yes,No Apparent Injury,NA,Not Distracted,MD,Passenger Car,Slowing or Stopping,40,No,2007,TOYOTA,SIENNA,39.11245632,-77.05935088,2024,4,13
240018467,Injury Crash,04/20/2024 01:07:00 PM,NORBECK RD,NA,Front to Rear,Clear,Dry,Daylight,Traffic Control Signal,NONE DETECTED,No,Possible Minor Injury,NA,Not Distracted,MD,Passenger Car,Stopped in Traffic,40,No,2009,KIA,RIO,39.11245632,-77.05935088,2024,4,13
240018457,Injury Crash,04/20/2024 12:40:00 PM,GEORGIA AVE,NA,Angle,Clear,Dry,Daylight,No Controls,NONE DETECTED,No,Possible Minor Injury,NA,Not Distracted,MD,Passenger Car,Moving Constant Speed,35,No,2007,TOYOTA,CAMRY,38.98667432,-77.02652917,2024,4,12
240018457,Injury Crash,04/20/2024 12:40:00 PM,GEORGIA AVE,NA,Angle,Clear,Dry,Daylight,No Controls,NONE DETECTED,Yes,No Apparent Injury,NA,Not Distracted,MD,Passenger Car,Turning Left,35,No,2003,FORD,F-150,38.98667432,-77.02652917,2024,4,12
240018459,Injury Crash,04/20/2024 12:20:00 PM,SPARTAN RD,NA,"Sideswipe, Opposite Direction",Clear,Dry,Daylight,Stop Sign,NONE DETECTED,Yes,No Apparent Injury,NA,"Other Action (looking away from task, etc.)",MD,Passenger Car,Moving Constant Speed,35,No,2019,MAZDA,CX-5,39.15605372,-77.05852875,2024,4,12
240018459,Injury Crash,04/20/2024 12:20:00 PM,SPARTAN RD,NA,"Sideswipe, Opposite Direction",Clear,Dry,Daylight,Stop Sign,NONE DETECTED,No,Possible Minor Injury,NA,Not Distracted,MD,Passenger Car,Turning Left,35,No,2019,LEXUS,ES,39.15605372,-77.05852875,2024,4,12
240018449,Injury Crash,04/20/2024 11:46:00 AM,NA,NA,Front to Rear,Clear,Dry,Daylight,No Controls,NONE DETECTED,No,No Apparent Injury,NA,Not Distracted,MD,Passenger Car,Slowing or Stopping,30,No,2013,LEXUS,RX,39.06356466,-77.17607313,2024,4,11
240018449,Injury Crash,04/20/2024 11:46:00 AM,NA,NA,Front to Rear,Clear,Dry,Daylight,No Controls,NONE DETECTED,No,Suspected Serious Injury,NA,Not Distracted,MD,Motorcycle - 2 Wheeled,Slowing or Stopping,30,No,2020,HARLEY DAVIDSON,XL1200CX / ROADSTER,39.06356466,-77.17607313,2024,4,11
240018445,Injury Crash,04/20/2024 11:05:00 AM,CONNECTICUT AVE (SB/L),NA,Front to Rear,Clear,Dry,Daylight,No Controls,NONE DETECTED,Yes,Possible Minor Injury,NA,Unknown,MD,Passenger Car,Moving Constant Speed,35,No,2017,TOYOTA,CAMRY,39.01402833,-77.07953333,2024,4,11
240018445,Injury Crash,04/20/2024 11:05:00 AM,CONNECTICUT AVE (SB/L),NA,Front to Rear,Clear,Dry,Daylight,No Controls,NONE DETECTED,No,No Apparent Injury,NA,Not Distracted,MD,Passenger Car,Slowing or Stopping,35,No,2014,FORD,FOCUS,39.01402833,-77.07953333,2024,4,11
240018423,Property Damage Crash,04/20/2024 04:50:00 AM,WHITES FERRY RD,NA,Single Vehicle,Rain,Wet,Dark,Curve Ahead Warning Sign,NONE DETECTED,No,No Apparent Injury,"Ran Off Roadway, Too Fast For Conditions",Not Distracted,MD,Sport Utility Vehicle,Moving Constant Speed,30,No,2017,HONDA,HR-V,39.13252054,-77.38598116,2024,4,4
240018418,Property Damage Crash,04/20/2024 04:18:00 AM,PINEY MEETINGHOUSE RD,NA,Single Vehicle,Rain,Wet,Dark,No Controls,NONE DETECTED,Yes,No Apparent Injury,Too Fast For Conditions,Not Distracted,VA,Sport Utility Vehicle,Moving Constant Speed,30,No,2006,HONDA,PILOT,39.06310687,-77.23007193,2024,4,4
240018415,Property Damage Crash,04/20/2024 03:24:00 AM,RAMP 3 FR RP 6 (FR MD200 EB) TO US 29 NB,NA,Front to Rear,Rain,Wet,Dark,No Controls,NONE DETECTED,No,No Apparent Injury,NA,Not Distracted,MD,Passenger Car,Moving Constant Speed,50,No,2004,TOYOTA,UNKNOWN,39.08050933,-76.95005117,2024,4,3
240018415,Property Damage Crash,04/20/2024 03:24:00 AM,RAMP 3 FR RP 6 (FR MD200 EB) TO US 29 NB,NA,Front to Rear,Rain,Wet,Dark,No Controls,NONE DETECTED,Yes,No Apparent Injury,NA,Unknown,MD,Passenger Car,Changing Lanes,50,No,2023,NISSAN,SENTRA,39.08050933,-76.95005117,2024,4,3
240018413,Property Damage Crash,04/20/2024 02:52:00 AM,GEORGIA AVE (SB/L),NA,Single Vehicle,Rain,Wet,Medium,Traffic Control Signal,ALCOHOL PRESENT,Yes,No Apparent Injury,"Operated Motor Vehicle in Inattentive, Careless, Negligent, or Erratic Manner, Ran Off Roadway, Ran Red Light",Not Distracted,DC,Passenger Car,Moving Constant Speed,30,No,2017,HYUNDAI,ELANTRA,39.01394095,-77.04220372,2024,4,2
240018412,Injury Crash,04/20/2024 02:22:00 AM,CRYSTAL ROCK DR,NA,"Sideswipe, Same Direction",Rain,Wet,Medium,No Controls,ALCOHOL PRESENT,Yes,No Apparent Injury,Failed to Keep in Proper Lane,Unknown,VA,Passenger Car,Moving Constant Speed,30,No,2005,LAND ROVER,LR3,39.19659367,-77.27308433,2024,4,2
240018409,Fatal Crash,04/20/2024 01:09:00 AM,SECOND AVE (NB/L),Pedestrian,Single Vehicle,Clear,Dry,Medium,Other,NONE DETECTED,No,No Apparent Injury,NA,Unknown,MD,Bus - Transit,Accelerating,30,No,2009,GILLIG,CITY TRANSIT BUS,38.99498073,-77.03051657,2024,4,1
240018405,Property Damage Crash,04/19/2024 11:37:00 PM,NA,NA,Single Vehicle,Rain,Wet,Medium,Traffic Control Signal,NONE DETECTED,No,No Apparent Injury,Too Fast For Conditions,Unknown,MD,Sport Utility Vehicle,Turning Right,45,No,2020,BMW,X2,39.20515667,-77.24333,2024,4,23
240018403,Injury Crash,04/19/2024 11:16:00 PM,NA,NA,Single Vehicle,Rain,Wet,Medium,"Other Pavement Marking (excluding edgelines, centerlines, or lane lines)",NONE DETECTED,No,Possible Minor Injury,"Disregarded Other Road Markings, Operated Motor Vehicle in Reckless or Aggressive Manner, Other Improper Action",Not Distracted,MD,Sport Utility Vehicle,Accelerating,55,No,2016,HONDA,CR-V,39.10506391,-77.18238077,2024,4,23
240018401,Property Damage Crash,04/19/2024 10:59:00 PM,NA,NA,Rear To Rear,Rain,NA,Medium,NA,NONE DETECTED,No,NA,NA,NA,NA,Pickup,Backing,0,No,2017,RAM,1500,39.12554751,-77.23753079,2024,4,22
240018398,Property Damage Crash,04/19/2024 10:40:00 PM,NA,NA,Front to Front,Clear,Dry,Medium,Traffic Control Signal,NONE DETECTED,No,No Apparent Injury,NA,Not Distracted,MD,Passenger Car,Moving Constant Speed,45,No,2015,MINI,COOPER,39.04645183,-76.9871025,2024,4,22
240018398,Property Damage Crash,04/19/2024 10:40:00 PM,NA,NA,Front to Front,Clear,Dry,Medium,Traffic Control Signal,ALCOHOL PRESENT,Yes,No Apparent Injury,NA,Unknown,MD,Passenger Car,Turning Left,45,No,2023,CHEVROLET,MALIBU,39.04645183,-76.9871025,2024,4,22
240018400,Property Damage Crash,04/19/2024 10:39:00 PM,MIDCOUNTY HWY (SB/L),NA,Front to Rear,Clear,Wet,Dark,No Controls,NONE DETECTED,No,No Apparent Injury,Followed Too Closely,Not Distracted,MD,Passenger Car,Moving Constant Speed,50,No,1994,SUBARU,UNKNOWN,39.15525644,-77.18125026,2024,4,22
240018400,Property Damage Crash,04/19/2024 10:39:00 PM,MIDCOUNTY HWY (SB/L),NA,Front to Rear,Clear,Wet,Dark,No Controls,NONE DETECTED,No,No Apparent Injury,"Operated Motor Vehicle in Inattentive, Careless, Negligent, or Erratic Manner",Talking/listening,MD,Passenger Car,Slowing or Stopping,50,No,2010,CHEVROLET,IMPALA,39.15525644,-77.18125026,2024,4,22
240018396,Property Damage Crash,04/19/2024 10:07:00 PM,BRIARS RD,NA,Rear To Side,Clear,Dry,Medium,No Controls,ALCOHOL PRESENT,No,No Apparent Injury,NA,Not Distracted,MD,Sport Utility Vehicle,Moving Constant Speed,25,No,2019,HONDA,CR-V,39.16380196,-77.0804302,2024,4,22
240018396,Property Damage Crash,04/19/2024 10:07:00 PM,BRIARS RD,NA,Rear To Side,Clear,Dry,Medium,Stop Sign,NONE DETECTED,No,No Apparent Injury,"Failed to Yield Right-of-Way, Ran Stop Sign",Not Distracted,MD,Pickup,Accelerating,25,No,2013,FORD,F-150,39.16380196,-77.0804302,2024,4,22
240018393,Injury Crash,04/19/2024 10:06:00 PM,HAWKESBURY LA,NA,Front to Rear,Clear,Dry,Medium,Traffic Control Signal,NONE DETECTED,No,Possible Minor Injury,NA,Not Distracted,MD,Passenger Car,Slowing or Stopping,40,No,2013,KIA,UNKNOWN,39.06611252,-77.02246457,2024,4,22
240018393,Injury Crash,04/19/2024 10:06:00 PM,HAWKESBURY LA,NA,Front to Rear,Clear,Dry,Medium,Traffic Control Signal,NONE DETECTED,No,No Apparent Injury,NA,Not Distracted,MD,Passenger Car,Slowing or Stopping,40,No,2014,HONDA,UNKNOWN,39.06611252,-77.02246457,2024,4,22
240018393,Injury Crash,04/19/2024 10:06:00 PM,HAWKESBURY LA,NA,Front to Rear,Clear,Dry,Medium,Traffic Control Signal,NONE DETECTED,No,No Apparent Injury,NA,Not Distracted,MD,Passenger Car,Slowing or Stopping,40,No,2015,TOYOTA,4S,39.06611252,-77.02246457,2024,4,22
240018393,Injury Crash,04/19/2024 10:06:00 PM,HAWKESBURY LA,NA,Front to Rear,Clear,Dry,Medium,Traffic Control Signal,NONE DETECTED,Yes,No Apparent Injury,NA,Not Distracted,MD,Passenger Car,Slowing or Stopping,40,No,2005,TOYOTA,UNKNOWN,39.06611252,-77.02246457,2024,4,22
240018386,Injury Crash,04/19/2024 09:24:00 PM,TWINBROOK PKWY,NA,Angle,Clear,Dry,Medium,Traffic Control Signal,NONE DETECTED,Yes,Possible Minor Injury,NA,Unknown,MD,Passenger Car,Moving Constant Speed,35,No,2017,HYUNDAI,SONATA,39.06372333,-77.11616167,2024,4,21
240018386,Injury Crash,04/19/2024 09:24:00 PM,TWINBROOK PKWY,NA,Angle,Clear,Dry,Medium,Traffic Control Signal,NONE DETECTED,No,Possible Minor Injury,NA,Not Distracted,MD,Passenger Car,Turning Left,25,No,2011,FORD,ESCAPE,39.06372333,-77.11616167,2024,4,21
240018385,Property Damage Crash,04/19/2024 09:10:00 PM,NA,NA,Single Vehicle,Clear,NA,Dark,NA,NONE DETECTED,Yes,No Apparent Injury,Other Improper Action,Not Distracted,MD,Passenger Car,Making U-Turn,0,No,2021,DODGE,CHARGER,39.07371742,-77.16036123,2024,4,21
240018383,Property Damage Crash,04/19/2024 09:01:00 PM,NA,NA,Front to Rear,Clear,NA,Medium,NA,NONE DETECTED,No,No Apparent Injury,Other Improper Action,Unknown,MD,Sport Utility Vehicle,Moving Constant Speed,0,No,2011,HYUNDAI,SANTA FE,39.1167529,-77.25110123,2024,4,21
240018383,Property Damage Crash,04/19/2024 09:01:00 PM,NA,NA,Front to Rear,Clear,NA,Medium,NA,NONE DETECTED,No,No Apparent Injury,NA,Not Distracted,MD,Sport Utility Vehicle,Slowing or Stopping,0,No,2021,FORD,EXPLORER,39.1167529,-77.25110123,2024,4,21
240018382,Property Damage Crash,04/19/2024 08:45:00 PM,NEW HAMPSHIRE AVE (SB/L),NA,Front to Rear,Clear,Dry,Medium,Traffic Control Signal,NONE DETECTED,Yes,No Apparent Injury,"Followed Too Closely, Operated Motor Vehicle in Inattentive, Careless, Negligent, or Erratic Manner, Too Fast For Conditions",Not Distracted,NA,Passenger Car,Moving Constant Speed,45,No,2007,SUBARU,IMPREZA,39.015867,-76.97779176,2024,4,20
240018382,Property Damage Crash,04/19/2024 08:45:00 PM,NEW HAMPSHIRE AVE (SB/L),NA,Front to Rear,Clear,Dry,Medium,Traffic Control Signal,NONE DETECTED,No,No Apparent Injury,NA,Not Distracted,NC,Passenger Car,Moving Constant Speed,45,No,2013,CHRYSLER,300,39.015867,-76.97779176,2024,4,20
240018380,Property Damage Crash,04/19/2024 08:20:00 PM,BETHESDA AVE,NA,Front to Rear,Clear,Dry,Medium,Traffic Control Signal,NONE DETECTED,No,NA,NA,NA,NA,NA,Moving Constant Speed,25,No,0,NA,NA,38.98099508,-77.09522558,2024,4,20
240018380,Property Damage Crash,04/19/2024 08:20:00 PM,BETHESDA AVE,NA,Front to Rear,Clear,Dry,Medium,Traffic Control Signal,NONE DETECTED,No,No Apparent Injury,NA,Not Distracted,DC,Passenger Car,Moving Constant Speed,25,No,2018,HONDA,CR-V,38.98099508,-77.09522558,2024,4,20
240018370,Property Damage Crash,04/19/2024 06:46:00 PM,NA,NA,Rear To Side,Clear,NA,Daylight,NA,NONE DETECTED,No,NA,NA,NA,NA,Single-Unit Truck,Backing,0,No,2005,FREIGHTLINER,FREIGHTLINER,39.00055327,-76.99457096,2024,4,18
240018364,Injury Crash,04/19/2024 06:00:00 PM,DAMASCUS RD,NA,Angle,Rain,Wet,Daylight,Stop Sign,NONE DETECTED,No,No Apparent Injury,NA,Not Distracted,MD,Passenger Car,Accelerating,25,No,2017,SUBARU,WRX,39.252444,-77.13939667,2024,4,18
240018364,Injury Crash,04/19/2024 06:00:00 PM,DAMASCUS RD,NA,Angle,Rain,Wet,Daylight,No Controls,NONE DETECTED,No,Possible Minor Injury,NA,Not Distracted,MD,Passenger Car,Moving Constant Speed,40,No,2024,CHEVROLET,MALIBU,39.252444,-77.13939667,2024,4,18
240018377,Property Damage Crash,04/19/2024 05:59:00 PM,NA,NA,Single Vehicle,Cloudy,NA,Daylight,NA,NONE DETECTED,No,No Apparent Injury,NA,Not Distracted,MD,Bus - Cross Country,Backing,0,No,2020,MCI TRAILERS,UNKNOWN,39.03129872,-77.10238229,2024,4,17