Local Case Number,ACRS Report Type,Crash Date/Time,Road Name,Related Non-Motorist,Collision Type,Weather,Surface Condition,Light,Traffic Control,Driver Substance Abuse,Driver At Fault,Injury Severity,Circumstance,Driver Distracted By,Drivers License State,Vehicle Body Type,Vehicle Movement,Speed Limit,Driverless Vehicle,Vehicle Year,Vehicle Make,Vehicle Model,Latitude,Longitude,Year,Month,Hour
240017595,Property Damage Crash,04/15/2024 06:33:00 PM,GEORGIA AVE,NA,Front to Rear,Clear,Dry,Daylight,Traffic Control Signal,NONE DETECTED,No,NA,NA,NA,NA,Other Trucks,Making U-Turn,35,No,0,NA,NA,39.10947854,-77.07592426,2024,4,18
240017595,Property Damage Crash,04/15/2024 06:33:00 PM,GEORGIA AVE,NA,Front to Rear,Clear,Dry,Daylight,Traffic Control Signal,NONE DETECTED,No,No Apparent Injury,NA,Not Distracted,MD,Sport Utility Vehicle,Accelerating,35,No,2016,JEEP,LIBERTY,39.10947854,-77.07592426,2024,4,18
240017579,Injury Crash,04/15/2024 05:20:00 PM,NA,NA,Rear To Side,Cloudy,Dry,Daylight,Traffic Control Signal,NONE DETECTED,Yes,Possible Minor Injury,"Failed to Yield Right-of-Way, Operated Motor Vehicle in Inattentive, Careless, Negligent, or Erratic Manner, Ran Red Light",Talking/listening,NA,Passenger Car,Moving Constant Speed,40,No,2016,HONDA,CIVIC,39.19070333,-77.24776833,2024,4,17
240017580,Property Damage Crash,04/15/2024 05:20:00 PM,UNIVERSITY BLVD E (WB/L),NA,Front to Rear,Clear,Dry,Daylight,No Controls,NONE DETECTED,No,No Apparent Injury,NA,Not Distracted,MD,Passenger Car,Stopped in Traffic,35,No,2015,KIA,OPTIMA,38.99722119,-76.99356111,2024,4,17
240017580,Property Damage Crash,04/15/2024 05:20:00 PM,UNIVERSITY BLVD E (WB/L),NA,Front to Rear,Clear,Dry,Daylight,No Controls,NONE DETECTED,No,No Apparent Injury,"Followed Too Closely, Operated Motor Vehicle in Inattentive, Careless, Negligent, or Erratic Manner",Unknown,NA,Passenger Car,Moving Constant Speed,35,No,2015,RAM,1500,38.99722119,-76.99356111,2024,4,17
240017579,Injury Crash,04/15/2024 05:20:00 PM,NA,NA,Rear To Side,Cloudy,Dry,Daylight,Traffic Control Signal,NONE DETECTED,No,No Apparent Injury,NA,Not Distracted,MD,Passenger Car,Accelerating,35,No,2016,HYUNDAI,SONATA,39.19070333,-77.24776833,2024,4,17
240017571,Property Damage Crash,04/15/2024 05:07:00 PM,FATHER HURLEY BLVD,NA,Front to Rear,Clear,Dry,Daylight,Traffic Control Signal,NONE DETECTED,No,No Apparent Injury,NA,Not Distracted,MD,Pickup,Moving Constant Speed,40,No,2010,FORD,F-150,39.19673633,-77.2654695,2024,4,17
240017571,Property Damage Crash,04/15/2024 05:07:00 PM,FATHER HURLEY BLVD,NA,Front to Rear,Clear,Dry,Daylight,Traffic Control Signal,NONE DETECTED,No,No Apparent Injury,NA,Not Distracted,MD,Passenger Car,Moving Constant Speed,40,No,2016,AUDI,S7,39.19673633,-77.2654695,2024,4,17
240017590,Property Damage Crash,04/15/2024 04:30:00 PM,CAPITAL BELTWAY (WB/L),NA,Front to Rear,Clear,Dry,Daylight,No Controls,NONE DETECTED,No,No Apparent Injury,NA,Not Distracted,MD,Passenger Car,Slowing or Stopping,55,No,2008,LEXUS,ES,39.01361728,-77.04039393,2024,4,16
240017590,Property Damage Crash,04/15/2024 04:30:00 PM,CAPITAL BELTWAY (WB/L),NA,Front to Rear,Clear,Dry,Daylight,No Controls,NONE DETECTED,No,No Apparent Injury,NA,Unknown,MD,Passenger Car,Moving Constant Speed,55,No,2019,HYUNDAI,IONIQ,39.01361728,-77.04039393,2024,4,16
240017553,Property Damage Crash,04/15/2024 03:30:00 PM,NA,NA,Front to Rear,Clear,NA,Daylight,NA,NONE DETECTED,Yes,No Apparent Injury,NA,Unknown,MD,Bus - School,Moving Constant Speed,0,No,2019,FORD,E-350,39.17268798,-77.24238431,2024,4,15
240017553,Property Damage Crash,04/15/2024 03:30:00 PM,NA,NA,Front to Rear,Clear,NA,Daylight,NA,NONE DETECTED,No,No Apparent Injury,NA,Not Distracted,MD,Bus - School,Parked,0,No,2019,THOMAS BUILT,SCHOOL BUS,39.17268798,-77.24238431,2024,4,15
240017761,Injury Crash,04/15/2024 03:18:00 PM,ETHAN ALLEN AVE,NA,Angle,Clear,Dry,Daylight,Stop Sign,NONE DETECTED,No,Possible Minor Injury,NA,Not Distracted,MD,Passenger Car,Stopped in Traffic,25,No,2017,HONDA,ACCORD,38.97624428,-76.99678188,2024,4,15
240017761,Injury Crash,04/15/2024 03:18:00 PM,ETHAN ALLEN AVE,NA,Angle,Clear,Dry,Daylight,Stop Sign,NONE DETECTED,No,No Apparent Injury,NA,Unknown,DC,Passenger Car,Moving Constant Speed,25,No,2009,BMW,328I,38.97624428,-76.99678188,2024,4,15
240017564,Property Damage Crash,04/15/2024 03:15:00 PM,GREENLY ST,NA,Angle,Clear,Dry,Daylight,No Controls,NONE DETECTED,No,No Apparent Injury,NA,Not Distracted,MD,Sport Utility Vehicle,Moving Constant Speed,35,No,2005,JEEP,LIBERTY,39.06090783,-77.07314433,2024,4,15
240017564,Property Damage Crash,04/15/2024 03:15:00 PM,GREENLY ST,NA,Angle,Clear,Dry,Daylight,No Controls,NONE DETECTED,Yes,No Apparent Injury,"Failed to Yield Right-of-Way, Other Improper Action",Not Distracted,VT,Passenger Car,Entering Traffic Lane,35,No,2018,VOLKSWAGEN,GOLF,39.06090783,-77.07314433,2024,4,15
240017550,Injury Crash,04/15/2024 03:10:00 PM,NA,NA,"Sideswipe, Same Direction",Clear,Dry,Daylight,No Controls,NONE DETECTED,No,Possible Minor Injury,NA,Not Distracted,MD,Passenger Car,Moving Constant Speed,40,No,2012,TOYOTA,SCION TC,39.06297541,-77.12490191,2024,4,15
240017550,Injury Crash,04/15/2024 03:10:00 PM,NA,NA,"Sideswipe, Same Direction",Clear,Dry,Daylight,No Controls,NONE DETECTED,No,No Apparent Injury,NA,Not Distracted,MD,Passenger Car,Moving Constant Speed,40,No,2008,MERCEDES-BENZ,ML-CLASS,39.06297541,-77.12490191,2024,4,15
240017550,Injury Crash,04/15/2024 03:10:00 PM,NA,NA,"Sideswipe, Same Direction",Clear,Dry,Daylight,No Controls,NONE DETECTED,No,No Apparent Injury,NA,Not Distracted,GA,Passenger Car,Moving Constant Speed,40,No,2006,HONDA,ACCORD,39.06297541,-77.12490191,2024,4,15
240017550,Injury Crash,04/15/2024 03:10:00 PM,NA,NA,"Sideswipe, Same Direction",Clear,Dry,Daylight,No Controls,NONE DETECTED,No,No Apparent Injury,NA,Not Distracted,MD,Passenger Car,Moving Constant Speed,40,No,2012,HONDA,CR-V,39.06297541,-77.12490191,2024,4,15
240017550,Injury Crash,04/15/2024 03:10:00 PM,NA,NA,"Sideswipe, Same Direction",Clear,Dry,Daylight,No Controls,NONE DETECTED,No,NA,"Operated Motor Vehicle in Inattentive, Careless, Negligent, or Erratic Manner",Unknown,NA,Passenger Car,Accelerating,40,No,0,NA,NA,39.06297541,-77.12490191,2024,4,15
240017540,Property Damage Crash,04/15/2024 02:54:00 PM,CORDELL AVE,NA,"Sideswipe, Opposite Direction",Rain,Wet,Daylight,No Controls,NONE DETECTED,No,No Apparent Injury,NA,Not Distracted,MD,Passenger Car,Moving Constant Speed,25,No,2018,FORD,TAURUS,38.98792499,-77.09949826,2024,4,14
240017540,Property Damage Crash,04/15/2024 02:54:00 PM,CORDELL AVE,NA,"Sideswipe, Opposite Direction",Rain,Wet,Daylight,Stop Sign,NONE DETECTED,No,No Apparent Injury,NA,Not Distracted,SC,Sport Utility Vehicle,Turning Left,25,No,2018,VOLKSWAGEN,ATLAS,38.98792499,-77.09949826,2024,4,14
240017529,Injury Crash,04/15/2024 12:30:00 PM,COLUMBIA BLVD,Pedestrian,Unknown,Clear,Dry,Daylight,Traffic Control Signal,NONE DETECTED,No,NA,NA,NA,NA,NA,Turning Right,30,No,0,NA,NA,39.00871503,-77.04023594,2024,4,12
240017503,Injury Crash,04/15/2024 12:21:00 PM,W MONTGOMERY AVE,Cyclist (non-electric),Single Vehicle,Clear,Dry,Daylight,Stop Sign,NONE DETECTED,Yes,No Apparent Injury,NA,"Other Action (looking away from task, etc.)",MD,Passenger Car,Turning Right,25,No,2011,HONDA,CR-V,39.08558825,-77.16762163,2024,4,12
240017513,Property Damage Crash,04/15/2024 12:20:00 PM,COLESVILLE RD (SB/L),NA,Angle,Clear,Dry,Daylight,Traffic Control Signal,NONE DETECTED,No,No Apparent Injury,NA,Not Distracted,MD,Passenger Car,Moving Constant Speed,40,No,2017,TOYOTA,RAV4,39.01981533,-77.01336738,2024,4,12
240017513,Property Damage Crash,04/15/2024 12:20:00 PM,COLESVILLE RD (SB/L),NA,Angle,Clear,Dry,Daylight,Traffic Control Signal,NONE DETECTED,Yes,No Apparent Injury,Failed to Yield Right-of-Way,Not Distracted,DC,Passenger Car,Moving Constant Speed,40,No,2014,FORD,EXPLORER,39.01981533,-77.01336738,2024,4,12
240017496,Injury Crash,04/15/2024 11:59:00 AM,APPLE RIDGE RD,NA,Angle,Cloudy,Dry,Daylight,Traffic Control Signal,NONE DETECTED,No,No Apparent Injury,NA,Unknown,NA,Passenger Car,Turning Left,35,No,2012,HYUNDAI,ELANTRA,39.18433168,-77.21096707,2024,4,11
240017496,Injury Crash,04/15/2024 11:59:00 AM,APPLE RIDGE RD,NA,Angle,Cloudy,Dry,Daylight,Traffic Control Signal,NONE DETECTED,No,Possible Minor Injury,NA,Not Distracted,MD,Passenger Car,Moving Constant Speed,35,No,2019,VOLKSWAGEN,TIGUAN,39.18433168,-77.21096707,2024,4,11
240017500,Property Damage Crash,04/15/2024 11:42:00 AM,RANDOLPH RD,NA,"Sideswipe, Same Direction",Cloudy,Dry,Daylight,Traffic Control Signal,NONE DETECTED,No,NA,NA,NA,NA,NA,Changing Lanes,30,No,0,NA,NA,39.05593079,-77.08278286,2024,4,11
240017500,Property Damage Crash,04/15/2024 11:42:00 AM,RANDOLPH RD,NA,"Sideswipe, Same Direction",Cloudy,Dry,Daylight,Traffic Control Signal,NONE DETECTED,No,No Apparent Injury,NA,Not Distracted,MD,Bus - Transit,Accelerating,30,No,2009,GILLIG,CITY TRANSIT BUS,39.05593079,-77.08278286,2024,4,11
240017532,Property Damage Crash,04/15/2024 11:35:00 AM,NA,NA,Front to Rear,Clear,NA,Daylight,NA,NONE DETECTED,No,No Apparent Injury,Failed to Yield Right-of-Way,Unknown,NA,Passenger Car,Backing,0,No,2014,TOYOTA,AVALON,39.06093589,-77.1571466,2024,4,11
240017532,Property Damage Crash,04/15/2024 11:35:00 AM,NA,NA,Front to Rear,Clear,NA,Daylight,NA,NONE DETECTED,No,No Apparent Injury,NA,Not Distracted,MD,Passenger Car,Moving Constant Speed,0,No,2023,VOLKSWAGEN,TIGUAN,39.06093589,-77.1571466,2024,4,11
240017480,Injury Crash,04/15/2024 10:42:00 AM,NA,NA,Front to Rear,Clear,Dry,Daylight,Traffic Control Signal,NONE DETECTED,No,No Apparent Injury,NA,Not Distracted,MD,Passenger Car,Moving Constant Speed,25,No,2010,NISSAN,CUBE,39.04025877,-77.05596633,2024,4,10
240017480,Injury Crash,04/15/2024 10:42:00 AM,NA,NA,Front to Rear,Clear,Dry,Daylight,Traffic Control Signal,NONE DETECTED,No,Possible Minor Injury,"Failed to Keep in Proper Lane, Failed to Yield Right-of-Way",Unknown,MD,Passenger Car,Turning Right,25,No,2013,FORD,FIESTA,39.04025877,-77.05596633,2024,4,10
240017469,Injury Crash,04/15/2024 10:15:00 AM,PARTNERSHIP RD,NA,"Sideswipe, Opposite Direction",Clear,Dry,Daylight,No Controls,NONE DETECTED,No,Possible Minor Injury,NA,Unknown,VA,Other,NA,40,No,2019,FORD,UNKNOWN,39.08667046,-77.35914284,2024,4,10
240017469,Injury Crash,04/15/2024 10:15:00 AM,PARTNERSHIP RD,NA,"Sideswipe, Opposite Direction",Clear,Dry,Daylight,No Controls,NONE DETECTED,No,Possible Minor Injury,NA,Unknown,VA,Passenger Car,NA,40,No,2016,CADILLAC,UNKNOWN,39.08667046,-77.35914284,2024,4,10
240017472,Property Damage Crash,04/15/2024 10:12:00 AM,FREDERICK RD,NA,Angle,Clear,Dry,Daylight,No Controls,NONE DETECTED,Yes,No Apparent Injury,NA,Not Distracted,MD,Passenger Car,Entering Traffic Lane,40,No,2014,NISSAN,ALTIMA,39.11791291,-77.16987133,2024,4,10
240017472,Property Damage Crash,04/15/2024 10:12:00 AM,FREDERICK RD,NA,Angle,Clear,Dry,Daylight,No Controls,NONE DETECTED,No,No Apparent Injury,NA,Not Distracted,MD,"Construction Equipment (backhoe, bulldozer, etc.)",Moving Constant Speed,40,No,2019,PETERBILT,579,39.11791291,-77.16987133,2024,4,10
240017459,Property Damage Crash,04/15/2024 09:30:00 AM,NA,NA,Single Vehicle,Clear,NA,Daylight,NA,NONE DETECTED,Yes,No Apparent Injury,Improper Backing,Unknown,MD,Bus - School,Backing,0,No,2015,FREIGHTLINER,B2 BUS CHASSIS,39.18128807,-77.27571265,2024,4,9
240017463,Property Damage Crash,04/15/2024 09:19:00 AM,WAYNE AVE,NA,Single Vehicle,Clear,Dry,Daylight,No Controls,NONE DETECTED,Yes,No Apparent Injury,Failed to Keep in Proper Lane,Not Distracted,MD,Bus - School,Moving Constant Speed,30,No,2016,THOMAS BUILT,SCHOOL BUS,38.99936696,-77.01728382,2024,4,9
240017457,Injury Crash,04/15/2024 09:00:00 AM,SHOP CTR CUT THRU CUT,NA,Front to Front,Clear,Dry,Daylight,Stop Sign,NONE DETECTED,Yes,No Apparent Injury,Ran Stop Sign,"Manually Operating (dialing, playing game, etc.)",MD,Passenger Car,Moving Constant Speed,30,No,2006,FORD,TAURUS,39.12332733,-77.23651517,2024,4,9
240017457,Injury Crash,04/15/2024 09:00:00 AM,SHOP CTR CUT THRU CUT,NA,Front to Front,Clear,Dry,Daylight,Stop Sign,NONE DETECTED,No,Possible Minor Injury,NA,Not Distracted,MD,Passenger Car,Turning Left,30,No,2021,NISSAN,VERSA,39.12332733,-77.23651517,2024,4,9
240017452,Property Damage Crash,04/15/2024 08:41:00 AM,EISENHOWER MEMORIAL HWY (SB/L),NA,Front to Rear,Clear,Dry,Daylight,No Controls,NONE DETECTED,No,No Apparent Injury,NA,Not Distracted,MD,Passenger Car,Slowing or Stopping,55,No,2023,HONDA,ACCORD,39.02339833,-77.10739,2024,4,8
240017452,Property Damage Crash,04/15/2024 08:41:00 AM,EISENHOWER MEMORIAL HWY (SB/L),NA,Front to Rear,Clear,Dry,Daylight,No Controls,NONE DETECTED,No,No Apparent Injury,NA,Not Distracted,MD,Passenger Car,Slowing or Stopping,55,No,2016,HONDA,CIVIC,39.02339833,-77.10739,2024,4,8
240017453,Property Damage Crash,04/15/2024 08:07:00 AM,ELLIS ST,NA,Other,Clear,Dry,Daylight,No Controls,NONE DETECTED,Yes,No Apparent Injury,Improper Passing,Not Distracted,MD,Bus - School,Turning Right,25,No,2013,THOMAS BUILT,SCHOOL BUS,39.01478757,-77.04748069,2024,4,8
240017442,Property Damage Crash,04/15/2024 07:52:00 AM,BALTIMORE RD,NA,Single Vehicle,Clear,Dry,Daylight,No Controls,NONE DETECTED,Yes,No Apparent Injury,"Swerved or Avoided Due to Wind, Slippery Surface, Motor Vehicle, Object, Non-Motorist in Roadway, etc",Not Distracted,MD,Bus - School,Moving Constant Speed,25,No,2017,THOMAS BUILT,SCHOOL BUS,39.09013579,-77.11514469,2024,4,7
240017435,Injury Crash,04/15/2024 06:15:00 AM,OAKMONT AVE,NA,Angle,Clear,Dry,Medium,No Controls,NONE DETECTED,No,Possible Minor Injury,NA,Not Distracted,MD,Passenger Car,Moving Constant Speed,35,No,2002,HONDA,CIVIC,39.12868408,-77.17432578,2024,4,6
240017435,Injury Crash,04/15/2024 06:15:00 AM,OAKMONT AVE,NA,Angle,Clear,Dry,Medium,No Controls,NONE DETECTED,Yes,No Apparent Injury,NA,Not Distracted,WV,Pickup,Entering Traffic Lane,35,No,2004,FORD,F-350,39.12868408,-77.17432578,2024,4,6
240017434,Injury Crash,04/15/2024 06:04:00 AM,CALVERTON BLVD,NA,Front to Rear,Clear,Dry,Daylight,Traffic Control Signal,NONE DETECTED,No,Possible Minor Injury,NA,Not Distracted,MD,Passenger Car,Slowing or Stopping,30,No,2012,NISSAN,ROGUE,39.05626139,-76.95364194,2024,4,6
240017434,Injury Crash,04/15/2024 06:04:00 AM,CALVERTON BLVD,NA,Front to Rear,Clear,Dry,Daylight,Traffic Control Signal,NONE DETECTED,Yes,No Apparent Injury,Followed Too Closely,Unknown,MD,Pickup,Slowing or Stopping,30,No,2020,DODGE,RAM,39.05626139,-76.95364194,2024,4,6
240017426,Property Damage Crash,04/15/2024 02:19:00 AM,AIRPARK RD (SB/L),NA,Single Vehicle,Clear,Dry,Medium,No Controls,NONE DETECTED,No,NA,Other Improper Action,Unknown,NA,Passenger Car,NA,45,No,2009,HYUNDAI,SONATA,39.16094919,-77.14519597,2024,4,2
240017243,Property Damage Crash,04/15/2024 12:16:00 AM,ARBOR HILL DR,NA,Rear To Side,Clear,Dry,Dark,No Controls,NONE DETECTED,No,NA,NA,NA,NA,Passenger Car,Backing,35,No,2014,FORD,UNKNOWN,39.01661992,-76.98684472,2024,4,0
240017416,Property Damage Crash,04/14/2024 11:25:00 PM,NA,NA,"Sideswipe, Opposite Direction",Clear,NA,Medium,NA,NONE DETECTED,Yes,No Apparent Injury,Improper Turn,Not Distracted,MD,Passenger Car,Turning Right,0,No,2017,FORD,TAURUS,38.99190067,-77.09807817,2024,4,23
240017417,Property Damage Crash,04/14/2024 11:13:00 PM,NA,NA,Front to Rear,Clear,Dry,Dark,Traffic Control Signal,NONE DETECTED,No,NA,NA,NA,NA,Passenger Car,Accelerating,25,No,2014,ACURA,TL,39.03863968,-76.9928493,2024,4,23
240017417,Property Damage Crash,04/14/2024 11:13:00 PM,NA,NA,Front to Rear,Clear,Dry,Dark,Traffic Control Signal,NONE DETECTED,No,No Apparent Injury,NA,Not Distracted,NC,Passenger Car,Stopped in Traffic,25,No,2023,TOYOTA,RAV4,39.03863968,-76.9928493,2024,4,23
240017456,Property Damage Crash,04/14/2024 11:00:00 PM,SCHINDLER DR,NA,Front to Rear,Clear,Dry,Dark,Traffic Control Signal,NONE DETECTED,No,No Apparent Injury,NA,Not Distracted,MD,Passenger Car,Stopped in Traffic,40,No,2011,TOYOTA,HIGHLANDER,39.03350997,-76.98629563,2024,4,23
240017456,Property Damage Crash,04/14/2024 11:00:00 PM,SCHINDLER DR,NA,Front to Rear,Clear,Dry,Dark,Traffic Control Signal,NONE DETECTED,No,No Apparent Injury,NA,NA,NA,Passenger Car,Slowing or Stopping,40,No,2018,HONDA,ACCORD,39.03350997,-76.98629563,2024,4,23
240017413,Property Damage Crash,04/14/2024 10:22:00 PM,W WATKINS MILL RD,NA,Angle,Clear,Dry,Medium,Traffic Control Signal,NONE DETECTED,Yes,No Apparent Injury,NA,Not Distracted,MD,Passenger Car,Turning Left,40,No,2018,KIA,SOUL,39.156790290000004,-77.22438384,2024,4,22
240017413,Property Damage Crash,04/14/2024 10:22:00 PM,W WATKINS MILL RD,NA,Angle,Clear,Dry,Medium,Traffic Control Signal,NONE DETECTED,No,No Apparent Injury,NA,Not Distracted,MD,Passenger Car,Turning Right,40,No,2005,BMW,328I,39.156790290000004,-77.22438384,2024,4,22
240017405,Injury Crash,04/14/2024 08:41:00 PM,DALE DR,NA,Front to Rear,Clear,Dry,Medium,Traffic Control Signal,ALCOHOL PRESENT,Yes,No Apparent Injury,Too Fast For Conditions,Not Distracted,NA,Passenger Car,Slowing or Stopping,30,No,1000,ACURA,TL,38.99381467,-77.0092075,2024,4,20
240017405,Injury Crash,04/14/2024 08:41:00 PM,DALE DR,NA,Front to Rear,Clear,Dry,Medium,Traffic Control Signal,NONE DETECTED,No,No Apparent Injury,NA,Not Distracted,MD,Passenger Car,Stopped in Traffic,30,No,2012,TOYOTA,4-RUNNER,38.99381467,-77.0092075,2024,4,20
240017403,Property Damage Crash,04/14/2024 08:30:00 PM,MARINELLI RD,NA,Angle,Clear,Dry,Medium,Traffic Control Signal,NONE DETECTED,No,No Apparent Injury,NA,Not Distracted,MD,Other Trucks,Slowing or Stopping,30,No,2018,FORD,COMMERCIAL CHASSIS,39.04736741,-77.11218262,2024,4,20
240017397,Injury Crash,04/14/2024 07:42:00 PM,NA,NA,Front to Rear,Clear,Dry,Medium,No Controls,NONE DETECTED,No,Possible Minor Injury,NA,Not Distracted,MD,Passenger Car,Slowing or Stopping,40,No,2020,HYUNDAI,SANTA FE,39.15544927,-77.26119241,2024,4,19
240017397,Injury Crash,04/14/2024 07:42:00 PM,NA,NA,Front to Rear,Clear,Dry,Medium,No Controls,NONE DETECTED,No,No Apparent Injury,NA,Unknown,MD,Passenger Car,Slowing or Stopping,40,No,2006,HONDA,CR-V,39.15544927,-77.26119241,2024,4,19
240017390,Property Damage Crash,04/14/2024 06:22:00 PM,NA,NA,"Sideswipe, Same Direction",Clear,Dry,Daylight,Traffic Control Signal,NONE DETECTED,No,No Apparent Injury,NA,Not Distracted,VA,Passenger Car,Moving Constant Speed,50,No,2012,HONDA,ACCORD,39.15795219,-77.19196643,2024,4,18
240017390,Property Damage Crash,04/14/2024 06:22:00 PM,NA,NA,"Sideswipe, Same Direction",Clear,Dry,Daylight,Traffic Control Signal,NONE DETECTED,Yes,No Apparent Injury,"Failed to Keep in Proper Lane, Improper Turn, Operated Motor Vehicle in Inattentive, Careless, Negligent, or Erratic Manner",Unknown,NA,Passenger Car,Changing Lanes,50,No,2015,CHEVROLET,MALIBU,39.15795219,-77.19196643,2024,4,18
240017384,Property Damage Crash,04/14/2024 05:20:00 PM,VEIRS MILL RD (WB/L),NA,"Sideswipe, Same Direction",Clear,Dry,Daylight,No Controls,NONE DETECTED,No,No Apparent Injury,NA,Unknown,MD,Passenger Car,Changing Lanes,35,No,2016,TOYOTA,PRIUS,39.03684978,-77.05081978,2024,4,17
240017384,Property Damage Crash,04/14/2024 05:20:00 PM,VEIRS MILL RD (WB/L),NA,"Sideswipe, Same Direction",Clear,Dry,Daylight,No Controls,NONE DETECTED,No,No Apparent Injury,NA,Not Distracted,MD,Passenger Car,Turning Left,35,No,2016,RAM,2500,39.03684978,-77.05081978,2024,4,17
240017382,Property Damage Crash,04/14/2024 05:11:00 PM,HENDERSON AVE,NA,"Sideswipe, Same Direction",Clear,Dry,Daylight,No Controls,ALCOHOL PRESENT,No,No Apparent Injury,Other Improper Action,Not Distracted,MD,Passenger Car,Moving Constant Speed,20,No,2002,HONDA,CIVIC,39.051685,-77.05501167,2024,4,17
240017379,Injury Crash,04/14/2024 04:30:00 PM,STONEY BOTTOM RD,NA,Other,Clear,Dry,Daylight,No Controls,NONE DETECTED,No,No Apparent Injury,NA,Not Distracted,MD,Van - Passenger (&lt;9 Seats),Turning Right,25,No,2019,MERCEDES-BENZ,SPRINTER,39.17012483,-77.25494988,2024,4,16
240017379,Injury Crash,04/14/2024 04:30:00 PM,STONEY BOTTOM RD,NA,Other,Clear,Dry,Daylight,No Controls,NONE DETECTED,Yes,No Apparent Injury,NA,Not Distracted,MD,Passenger Car,Overtaking/Passing,25,No,2021,HYUNDAI,ACCENT,39.17012483,-77.25494988,2024,4,16
240017373,Property Damage Crash,04/14/2024 04:24:00 PM,QUINCE ORCHARD RD (SB/L),NA,Other,Clear,Dry,Daylight,No Controls,NONE DETECTED,Yes,No Apparent Injury,NA,Not Distracted,MD,Passenger Car,Making U-Turn,35,No,2010,TOYOTA,PRIUS,39.14396734,-77.22120373,2024,4,16
240017373,Property Damage Crash,04/14/2024 04:24:00 PM,QUINCE ORCHARD RD (SB/L),NA,Other,Clear,Dry,Daylight,No Controls,NONE DETECTED,No,No Apparent Injury,NA,Not Distracted,MD,Passenger Car,Moving Constant Speed,35,No,2022,KIA,NIRO,39.14396734,-77.22120373,2024,4,16
240017353,Injury Crash,04/14/2024 01:48:00 PM,BONIFANT RD,NA,Single Vehicle,Clear,Dry,Daylight,No Controls,NONE DETECTED,Yes,Possible Minor Injury,Ran Off Roadway,Unknown,MD,Passenger Car,Moving Constant Speed,35,No,2006,SATURN,ION,39.09425717,-77.02072733,2024,4,13
240017346,Property Damage Crash,04/14/2024 01:29:00 PM,TAFT ST,NA,Angle,Clear,Dry,Daylight,Traffic Control Signal,NONE DETECTED,No,No Apparent Injury,NA,Not Distracted,MD,Passenger Car,Turning Left,40,No,2017,FORD,FUSION,39.09416854,-77.13256083,2024,4,13
240017346,Property Damage Crash,04/14/2024 01:29:00 PM,TAFT ST,NA,Angle,Clear,Dry,Daylight,Traffic Control Signal,NONE DETECTED,Yes,No Apparent Injury,NA,"Manually Operating (dialing, playing game, etc.)",MD,Passenger Car,Slowing or Stopping,40,No,2022,VOLKSWAGEN,GTI,39.09416854,-77.13256083,2024,4,13
240017348,Injury Crash,04/14/2024 01:17:00 PM,NA,NA,Front to Rear,Clear,Dry,Daylight,No Controls,NONE DETECTED,No,NA,NA,NA,NA,Passenger Car,Turning Left,35,No,2020,SUBARU,WRX,39.07963837,-77.07377395,2024,4,13
240017348,Injury Crash,04/14/2024 01:17:00 PM,NA,NA,Front to Rear,Clear,Dry,Daylight,No Controls,NONE DETECTED,No,No Apparent Injury,NA,Not Distracted,MD,Passenger Car,Stopped in Traffic,35,No,2007,TOYOTA,YARIS,39.07963837,-77.07377395,2024,4,13
240017352,Property Damage Crash,04/14/2024 01:12:00 PM,NA,NA,Other,Clear,NA,Daylight,NA,NONE DETECTED,No,NA,NA,NA,NA,Passenger Car,NA,0,No,2016,HYUNDAI,ELANTRA,39.08874406,-77.15014005,2024,4,13
240017335,Property Damage Crash,04/14/2024 12:45:00 PM,GERMANTOWN RD,NA,Angle,Clear,Dry,Daylight,Traffic Control Signal,NONE DETECTED,No,No Apparent Injury,NA,Not Distracted,MD,Passenger Car,Moving Constant Speed,45,No,2024,HYUNDAI,ELANTRA,39.18100613,-77.26214161,2024,4,12