Local Case Number,ACRS Report Type,Crash Date/Time,Road Name,Related Non-Motorist,Collision Type,Weather,Surface Condition,Light,Traffic Control,Driver Substance Abuse,Driver At Fault,Injury Severity,Circumstance,Driver Distracted By,Drivers License State,Vehicle Body Type,Vehicle Movement,Speed Limit,Driverless Vehicle,Vehicle Year,Vehicle Make,Vehicle Model,Latitude,Longitude,Year,Month,Hour
240017335,Property Damage Crash,04/14/2024 12:45:00 PM,GERMANTOWN RD,NA,Angle,Clear,Dry,Daylight,Traffic Control Signal,NONE DETECTED,Yes,No Apparent Injury,Ran Red Light,"Other Action (looking away from task, etc.)",PA,Passenger Car,Moving Constant Speed,45,No,2016,VOLKSWAGEN,TIGUAN 4MOTION,39.18100613,-77.26214161,2024,4,12
240017332,Property Damage Crash,04/14/2024 12:10:00 PM,OLNEY LAYTONSVILLE RD,NA,Front to Rear,Clear,Dry,Daylight,Traffic Control Signal,NONE DETECTED,No,No Apparent Injury,NA,Not Distracted,DC,Other Trucks,Moving Constant Speed,50,No,2020,FORD,F-550,39.18389087,-77.112258979999993,2024,4,12
240017332,Property Damage Crash,04/14/2024 12:10:00 PM,OLNEY LAYTONSVILLE RD,NA,Front to Rear,Clear,Dry,Daylight,Traffic Control Signal,NONE DETECTED,Yes,No Apparent Injury,Followed Too Closely,NA,MD,Passenger Car,Moving Constant Speed,50,No,2018,FORD,EXPLORER,39.18389087,-77.112258979999993,2024,4,12
240017290,Property Damage Crash,04/14/2024 07:12:00 AM,NA,NA,Single Vehicle,Clear,Dry,Daylight,No Controls,NONE DETECTED,No,No Apparent Injury,NA,Not Distracted,MD,Passenger Car,Turning Left,35,No,2014,DODGE,CHARGER,38.99474,-77.03762333,2024,4,7
240017297,Property Damage Crash,04/14/2024 07:10:00 AM,CONNECTICUT AVE,NA,Single Vehicle,Clear,Dry,Medium,No Controls,NONE DETECTED,Yes,No Apparent Injury,"Failed to Keep in Proper Lane, Operated Motor Vehicle in Reckless or Aggressive Manner, Ran Off Roadway, Too Fast For Conditions",Unknown,NA,Sport Utility Vehicle,Moving Constant Speed,35,No,2010,HYUNDAI,SANTA FE,39.00993411,-77.08083544,2024,4,7
240017295,Property Damage Crash,04/14/2024 07:00:00 AM,NA,NA,Front to Rear,Clear,Dry,Daylight,No Controls,NONE DETECTED,Yes,No Apparent Injury,NA,Unknown,MD,Passenger Car,Backing,35,No,2019,VOLKSWAGEN,TIGUAN,39.05307096,-77.11138729,2024,4,7
240017291,Property Damage Crash,04/14/2024 06:51:00 AM,NA,NA,"Sideswipe, Opposite Direction",Clear,Dry,Daylight,Other,NONE DETECTED,No,No Apparent Injury,NA,Unknown,MD,Passenger Car,Negotiating a Curve,40,No,2004,FORD,EXPLORER SPORT TRAC,39.13621117,-77.12569483,2024,4,6
240017291,Property Damage Crash,04/14/2024 06:51:00 AM,NA,NA,"Sideswipe, Opposite Direction",Clear,Dry,Daylight,Other,NONE DETECTED,No,No Apparent Injury,NA,Unknown,MD,Passenger Car,Negotiating a Curve,40,No,2013,HYUNDAI,ELANTRA,39.13621117,-77.12569483,2024,4,6
240017351,Property Damage Crash,04/14/2024 06:45:00 AM,NEBEL ST,NA,Angle,Clear,Dry,Daylight,No Controls,NONE DETECTED,No,No Apparent Injury,NA,Not Distracted,MD,Passenger Car,Stopped in Traffic,25,No,2014,DODGE,CHARGER,39.05269581,-77.11073385,2024,4,6
240017351,Property Damage Crash,04/14/2024 06:45:00 AM,NEBEL ST,NA,Angle,Clear,Dry,Daylight,No Controls,NONE DETECTED,Yes,No Apparent Injury,NA,Unknown,MD,Sport Utility Vehicle,Accelerating,25,No,2019,VOLKSWAGEN,TIGUAN,39.05269581,-77.11073385,2024,4,6
240017289,Injury Crash,04/14/2024 06:13:00 AM,BAUER DR,NA,Angle,Clear,Dry,Medium,No Controls,NONE DETECTED,No,Possible Minor Injury,"Swerved or Avoided Due to Wind, Slippery Surface, Motor Vehicle, Object, Non-Motorist in Roadway, etc",Not Distracted,MD,Passenger Car,Moving Constant Speed,30,No,2019,HONDA,ACCORD,39.09197333,-77.108815,2024,4,6
240017287,Injury Crash,04/14/2024 05:35:00 AM,PLEASANT RIDGE DR,NA,Single Vehicle,Clear,Dry,Medium,No Controls,NONE DETECTED,Yes,Possible Minor Injury,"Failed to Keep in Proper Lane, Over-Correcting/Over-Steering, Ran Off Roadway","Other Action (looking away from task, etc.)",MD,Passenger Car,Accelerating,20,No,2015,HYUNDAI,SONATA,39.19075785,-77.19142415,2024,4,5
240017285,Property Damage Crash,04/14/2024 04:47:00 AM,MCKNEW RD,NA,Rear To Side,Clear,Dry,Medium,Flashing Traffic Control Signal,NONE DETECTED,No,No Apparent Injury,NA,Unknown,MD,Passenger Car,Moving Constant Speed,50,No,2000,BMW,UNKNOWN,39.10634167,-76.91869067,2024,4,4
240017285,Property Damage Crash,04/14/2024 04:47:00 AM,MCKNEW RD,NA,Rear To Side,Clear,Dry,Medium,Flashing Traffic Control Signal,NONE DETECTED,No,No Apparent Injury,NA,Not Distracted,MD,Pickup,Making U-Turn,50,No,2017,CHEVROLET,SILVERADO,39.10634167,-76.91869067,2024,4,4
240017283,Property Damage Crash,04/14/2024 04:38:00 AM,NA,NA,Single Vehicle,Clear,Dry,Medium,No Controls,NONE DETECTED,No,No Apparent Injury,"Failed to Keep in Proper Lane, Ran Off Roadway, Too Fast For Conditions, Wrong Way",Unknown,NA,Passenger Car,NA,35,No,2015,HYUNDAI,SONATA,39.15495972,-77.16809593,2024,4,4
240017277,Property Damage Crash,04/14/2024 03:41:00 AM,NORBECK RD (WB/L),NA,Other,Clear,Dry,Medium,"Person (including flagger, law enforcement, crossing guard, etc.",NONE DETECTED,No,No Apparent Injury,NA,Not Distracted,MD,Passenger Car,Parked,35,No,2014,DODGE,CHARGER,39.09773505,-77.10506646,2024,4,3
240017277,Property Damage Crash,04/14/2024 03:41:00 AM,NORBECK RD (WB/L),NA,Other,Clear,Dry,Medium,"Person (including flagger, law enforcement, crossing guard, etc.",ALCOHOL PRESENT,No,No Apparent Injury,Disregard Officer Directions,Not Distracted,MD,Passenger Car,Slowing or Stopping,35,No,2020,HONDA,CIVIC,39.09773505,-77.10506646,2024,4,3
240017268,Injury Crash,04/14/2024 02:29:00 AM,RIDGE RD (SB/L),NA,Single Vehicle,Clear,Dry,Medium,No Controls,NONE DETECTED,Yes,Possible Minor Injury,"Operated Motor Vehicle in Inattentive, Careless, Negligent, or Erratic Manner, Over-Correcting/Over-Steering, Ran Off Roadway, Too Fast For Conditions",Not Distracted,NA,Passenger Car,Moving Constant Speed,40,No,2008,TOYOTA,CAMRY,39.26317133,-77.22004767,2024,4,2
240017267,Property Damage Crash,04/14/2024 02:25:00 AM,E RANDOLPH RD,NA,Single Vehicle,Clear,Dry,Dark,No Controls,NONE DETECTED,No,No Apparent Injury,"Over-Correcting/Over-Steering, Swerved or Avoided Due to Wind, Slippery Surface, Motor Vehicle, Object, Non-Motorist in Roadway, etc",Not Distracted,MD,Sport Utility Vehicle,Changing Lanes,35,No,2001,FORD,EXPEDITION,39.07506281,-76.99690278,2024,4,2
240017270,Injury Crash,04/14/2024 02:11:00 AM,NORBECK RD (WB/L),NA,Front to Rear,Clear,Dry,Dark,No Controls,NONE DETECTED,No,Possible Minor Injury,NA,Not Distracted,MD,Passenger Car,Moving Constant Speed,45,No,2020,KIA,FORTE,39.09657402,-77.10763722,2024,4,2
240017270,Injury Crash,04/14/2024 02:11:00 AM,NORBECK RD (WB/L),NA,Front to Rear,Clear,Dry,Dark,No Controls,NONE DETECTED,No,No Apparent Injury,NA,Unknown,MD,Passenger Car,Moving Constant Speed,45,No,2022,HONDA,ACCORD,39.09657402,-77.10763722,2024,4,2
240017247,Injury Crash,04/13/2024 08:40:00 PM,GREAT SENECA HWY (SB/L),NA,"Sideswipe, Same Direction",Clear,Dry,Medium,Traffic Control Signal,NONE DETECTED,No,No Apparent Injury,Failed to Yield Right-of-Way,Unknown,MD,Sport Utility Vehicle,Turning Right,45,No,2017,TOYOTA,HIGHLANDER,39.14696317,-77.275381,2024,4,20
240017247,Injury Crash,04/13/2024 08:40:00 PM,GREAT SENECA HWY (SB/L),NA,"Sideswipe, Same Direction",Clear,Dry,Medium,Traffic Control Signal,NONE DETECTED,No,No Apparent Injury,NA,Not Distracted,MD,Passenger Car,Accelerating,45,No,2019,HONDA,CIVIC,39.14696317,-77.275381,2024,4,20
240017240,Property Damage Crash,04/13/2024 08:04:00 PM,GREAT SENECA HWY (SB/L),NA,Front to Rear,Clear,Dry,Medium,Traffic Control Signal,ALCOHOL PRESENT,No,No Apparent Injury,NA,Unknown,MD,All-Terrain Vehicle/All-Terrain Cycle (ATV/ATC),Negotiating a Curve,40,No,2017,SUBARU,OUTBACK,39.15916357,-77.27555894,2024,4,20
240017240,Property Damage Crash,04/13/2024 08:04:00 PM,GREAT SENECA HWY (SB/L),NA,Front to Rear,Clear,Dry,Medium,No Controls,NONE DETECTED,No,No Apparent Injury,NA,Not Distracted,MD,Passenger Car,Stopped in Traffic,40,No,2013,LEXUS,ES,39.15916357,-77.27555894,2024,4,20
240017244,Property Damage Crash,04/13/2024 07:59:00 PM,COLESVILLE RD (WB/L),NA,Other,Clear,Dry,Medium,Traffic Control Signal,NONE DETECTED,No,No Apparent Injury,NA,Not Distracted,MD,Sport Utility Vehicle,Accelerating,30,No,2014,FORD,EDGE,38.9924615,-77.03615241,2024,4,19
240017244,Property Damage Crash,04/13/2024 07:59:00 PM,COLESVILLE RD (WB/L),NA,Other,Clear,Dry,Medium,Traffic Control Signal,NONE DETECTED,Yes,No Apparent Injury,"Failed to Yield Right-of-Way, Operated Motor Vehicle in Inattentive, Careless, Negligent, or Erratic Manner, Operated Motor Vehicle in Reckless or Aggressive Manner, Ran Off Roadway, Ran Red Light",Unknown,MD,Passenger Car,Moving Constant Speed,30,No,1999,HONDA,PRELUDE,38.9924615,-77.03615241,2024,4,19
240017224,Property Damage Crash,04/13/2024 05:37:00 PM,NA,NA,Single Vehicle,Clear,NA,Daylight,NA,NONE DETECTED,Yes,No Apparent Injury,"Improper Backing, Other Improper Action",Not Distracted,MD,Autocycle,Backing,0,No,2016,INTERNATIONAL,UNKNOWN,39.04683627,-77.05141604,2024,4,17
240017218,Injury Crash,04/13/2024 05:03:00 PM,NA,NA,Front to Front,Clear,NA,Daylight,NA,NONE DETECTED,Yes,Possible Minor Injury,NA,"Other Action (looking away from task, etc.)",MD,Passenger Car,Moving Constant Speed,0,No,2009,NISSAN,ALTIMA,39.05013495,-76.9737132,2024,4,17
240017212,Property Damage Crash,04/13/2024 04:19:00 PM,ARCOLA AVE,NA,"Sideswipe, Same Direction",Clear,Dry,Daylight,No Controls,NONE DETECTED,No,No Apparent Injury,NA,Not Distracted,MD,Passenger Car,Moving Constant Speed,25,No,2008,TOYOTA,COROLLA,39.04697772,-77.03711279,2024,4,16
240017212,Property Damage Crash,04/13/2024 04:19:00 PM,ARCOLA AVE,NA,"Sideswipe, Same Direction",Clear,Dry,Daylight,No Controls,NONE DETECTED,No,No Apparent Injury,Improper Passing,Unknown,MD,Passenger Car,Overtaking/Passing,25,No,2021,INFINITI,Q50,39.04697772,-77.03711279,2024,4,16
240017211,Injury Crash,04/13/2024 04:17:00 PM,NA,NA,Rear To Rear,Clear,NA,Daylight,NA,NONE DETECTED,No,No Apparent Injury,NA,Unknown,MD,Passenger Car,Backing,0,No,2015,CHEVROLET,MALIBU,39.09148521,-77.04709597,2024,4,16
240017211,Injury Crash,04/13/2024 04:17:00 PM,NA,NA,Rear To Rear,Clear,NA,Daylight,NA,NONE DETECTED,No,Possible Minor Injury,NA,Unknown,MD,Passenger Car,Backing,0,No,2008,TOYOTA,CAMRY,39.09148521,-77.04709597,2024,4,16
240017207,Property Damage Crash,04/13/2024 03:51:00 PM,BEECH TREE RD,NA,Angle,Clear,Dry,Daylight,Traffic Control Signal,NONE DETECTED,Yes,No Apparent Injury,NA,Not Distracted,MD,Passenger Car,Turning Left,35,No,2013,AUDI,S4,38.98636167,-77.14326333,2024,4,15
240017207,Property Damage Crash,04/13/2024 03:51:00 PM,BEECH TREE RD,NA,Angle,Clear,Dry,Daylight,Traffic Control Signal,NONE DETECTED,No,No Apparent Injury,NA,Not Distracted,DC,Sport Utility Vehicle,Moving Constant Speed,35,No,2016,KIA,SORENTO,38.98636167,-77.14326333,2024,4,15
240017201,Property Damage Crash,04/13/2024 03:00:00 PM,COLESVILLE RD,NA,Front to Rear,Clear,Dry,Daylight,Traffic Control Signal,NONE DETECTED,No,No Apparent Injury,NA,Not Distracted,MD,Sport Utility Vehicle,Slowing or Stopping,35,No,2023,GENESIS,GV70,38.9975495,-77.02700741,2024,4,15
240017197,Injury Crash,04/13/2024 03:00:00 PM,GEORGIA AVE,NA,Front to Rear,Clear,Dry,Daylight,No Controls,NONE DETECTED,Yes,No Apparent Injury,NA,Not Distracted,MD,Pickup,Slowing or Stopping,40,No,2006,CHEVROLET,SILVERADO,39.13189,-77.07046167,2024,4,15
240017197,Injury Crash,04/13/2024 03:00:00 PM,GEORGIA AVE,NA,Front to Rear,Clear,Dry,Daylight,No Controls,NONE DETECTED,No,Possible Minor Injury,NA,Not Distracted,MD,Passenger Car,Slowing or Stopping,40,No,2023,JEEP,CHEROKEE,39.13189,-77.07046167,2024,4,15
240017201,Property Damage Crash,04/13/2024 03:00:00 PM,COLESVILLE RD,NA,Front to Rear,Clear,Dry,Daylight,Traffic Control Signal,NONE DETECTED,Yes,No Apparent Injury,"Operated Motor Vehicle in Inattentive, Careless, Negligent, or Erratic Manner",Not Distracted,VA,Passenger Car,Moving Constant Speed,35,No,2012,FORD,FOCUS,38.9975495,-77.02700741,2024,4,15
240017180,Injury Crash,04/13/2024 12:49:00 PM,BRIGGS CHANEY RD (WB/L),NA,"Sideswipe, Opposite Direction",Clear,Dry,Daylight,Stop Sign,NONE DETECTED,No,Possible Minor Injury,NA,Not Distracted,MD,Passenger Car,Moving Constant Speed,35,No,2014,KIA,OPTIMA,39.07603117,-76.941327,2024,4,12
240017180,Injury Crash,04/13/2024 12:49:00 PM,BRIGGS CHANEY RD (WB/L),NA,"Sideswipe, Opposite Direction",Clear,Dry,Daylight,Stop Sign,NONE DETECTED,Yes,No Apparent Injury,Failed to Yield Right-of-Way,Not Distracted,MD,Passenger Car,Turning Left,35,No,2021,TOYOTA,COROLLA,39.07603117,-76.941327,2024,4,12
240017174,Property Damage Crash,04/13/2024 10:30:00 AM,NA,NA,Front to Rear,Clear,NA,Daylight,NA,NONE DETECTED,No,No Apparent Injury,NA,NA,NA,Van - Cargo,Backing,0,No,0,NA,NA,39.0845303,-77.08019366,2024,4,10
24000647,Property Damage Crash,04/13/2024 10:24:00 AM,NA,NA,Single Vehicle,Clear,NA,Daylight,NA,NONE DETECTED,No,No Apparent Injury,NA,Unknown,MD,Passenger Car,Accelerating,0,No,2013,HONDA,CR-V,39.05859244,-77.03874464,2024,4,10
240017161,Property Damage Crash,04/13/2024 08:04:00 AM,COLESVILLE RD,NA,"Sideswipe, Opposite Direction",Clear,Dry,Daylight,Traffic Control Signal,NONE DETECTED,Yes,No Apparent Injury,NA,Not Distracted,MD,Passenger Car,Moving Constant Speed,30,No,2017,MERCEDES-BENZ,300,38.99761972,-77.0270187,2024,4,8
240017161,Property Damage Crash,04/13/2024 08:04:00 AM,COLESVILLE RD,NA,"Sideswipe, Opposite Direction",Clear,Dry,Daylight,Traffic Control Signal,NONE DETECTED,No,No Apparent Injury,NA,Not Distracted,MD,Bus - Transit,Moving Constant Speed,30,No,2020,NOVABUS,CLASSIC,38.99761972,-77.0270187,2024,4,8
240017155,Property Damage Crash,04/13/2024 06:55:00 AM,NEW HAMPSHIRE AVE,NA,Single Vehicle,Clear,Dry,Daylight,No Controls,NONE DETECTED,No,NA,"Operated Motor Vehicle in Inattentive, Careless, Negligent, or Erratic Manner, Ran Off Roadway, Too Fast For Conditions",NA,NA,Passenger Car,NA,40,No,2015,HYUNDAI,SONATA,39.02838236,-76.98292686,2024,4,6
240017150,Property Damage Crash,04/13/2024 05:50:00 AM,EISENHOWER MEMORIAL HWY (SB/L),NA,Single Vehicle,Cloudy,Dry,Medium,No Controls,NONE DETECTED,No,No Apparent Injury,NA,Not Distracted,MD,Sport Utility Vehicle,Moving Constant Speed,55,No,2017,FORD,EXPLORER,39.2094407,-77.275371,2024,4,5
240017144,Injury Crash,04/13/2024 02:30:00 AM,DEMOCRACY BLVD (EB/L),NA,Single Vehicle,Clear,Dry,Dark,No Controls,NONE DETECTED,No,Possible Minor Injury,"Failed to Keep in Proper Lane, Operated Motor Vehicle in Inattentive, Careless, Negligent, or Erratic Manner, Ran Off Roadway, Wrong Side",Unknown,MD,Sport Utility Vehicle,Moving Constant Speed,45,No,2021,TOYOTA,RAV4,39.02555699,-77.19276591,2024,4,2
240017140,Injury Crash,04/13/2024 02:07:00 AM,OAKMONT AVE,NA,Front to Rear,Windy,Dry,Medium,Flashing Traffic Control Signal,NONE DETECTED,Yes,No Apparent Injury,"Operated Motor Vehicle in Inattentive, Careless, Negligent, or Erratic Manner",Unknown,MD,Sport Utility Vehicle,Moving Constant Speed,40,No,2011,CHEVROLET,TRAVERSE,39.1266056,-77.17364964,2024,4,2
240017140,Injury Crash,04/13/2024 02:07:00 AM,OAKMONT AVE,NA,Front to Rear,Windy,Dry,Medium,Flashing Traffic Control Signal,NONE DETECTED,Yes,Possible Minor Injury,Other Improper Action,Not Distracted,MD,Passenger Car,Slowing or Stopping,40,No,2018,HYUNDAI,ELANTRA,39.1266056,-77.17364964,2024,4,2
240017138,Injury Crash,04/13/2024 01:58:00 AM,GELDING LA,NA,Other,Clear,Dry,Medium,No Controls,ALCOHOL PRESENT,No,Possible Minor Injury,"Failed to Keep in Proper Lane, Other Improper Action",Not Distracted,MD,Passenger Car,Moving Constant Speed,25,No,2015,FORD,FIESTA,39.15635189,-77.07806062,2024,4,1
240017137,Property Damage Crash,04/13/2024 01:28:00 AM,POOKS HILL RD,NA,Single Vehicle,Clear,Dry,Medium,No Controls,ALCOHOL PRESENT,Yes,No Apparent Injury,"Operated Motor Vehicle in Inattentive, Careless, Negligent, or Erratic Manner, Ran Off Roadway",Unknown,MD,Sport Utility Vehicle,Negotiating a Curve,25,No,2021,LEXUS,NX,39.01606103,-77.10163051,2024,4,1
240017132,Injury Crash,04/13/2024 01:25:00 AM,CRYSTAL ROCK DR (SB/L),NA,Front to Rear,Clear,Dry,Medium,Flashing Traffic Control Signal,NONE DETECTED,Yes,No Apparent Injury,NA,Unknown,MD,Passenger Car,Accelerating,40,No,2012,HONDA,CIVIC,39.18120089,-77.26246791,2024,4,1
240017132,Injury Crash,04/13/2024 01:25:00 AM,CRYSTAL ROCK DR (SB/L),NA,Front to Rear,Clear,Dry,Medium,Traffic Control Signal,NONE DETECTED,No,No Apparent Injury,NA,Not Distracted,MD,Passenger Car,Accelerating,40,No,2016,NISSAN,SENTRA,39.18120089,-77.26246791,2024,4,1
240017122,Property Damage Crash,04/12/2024 11:25:00 PM,OLD HUNDRED RD,NA,Single Vehicle,Clear,Dry,Dark,No Controls,NONE DETECTED,Yes,No Apparent Injury,"Swerved or Avoided Due to Wind, Slippery Surface, Motor Vehicle, Object, Non-Motorist in Roadway, etc",Not Distracted,MD,Sport Utility Vehicle,Moving Constant Speed,35,No,2015,TOYOTA,RAV4,39.27746033,-77.3294385,2024,4,23
240017130,Injury Crash,04/12/2024 11:20:00 PM,VEIRS MILL RD (WB/L),NA,Rear To Side,Clear,Dry,Medium,Traffic Control Signal,NONE DETECTED,No,Suspected Serious Injury,Ran Red Light,Unknown,MD,Motorcycle - 2 Wheeled,Accelerating,25,No,2016,KAWASAKI,NINJA 300,39.03614749,-77.04995065,2024,4,23
240017130,Injury Crash,04/12/2024 11:20:00 PM,VEIRS MILL RD (WB/L),NA,Rear To Side,Clear,Dry,Medium,Traffic Control Signal,NONE DETECTED,No,No Apparent Injury,NA,Not Distracted,MD,Passenger Car,Turning Left,25,No,2003,HONDA,CIVIC,39.03614749,-77.04995065,2024,4,23
240017120,Property Damage Crash,04/12/2024 11:20:00 PM,MONTGOMERY LA,NA,"Sideswipe, Same Direction",Clear,Dry,Medium,Traffic Control Signal,NONE DETECTED,No,No Apparent Injury,NA,Not Distracted,MD,Passenger Car,Turning Right,25,No,2020,NISSAN,ALTIMA,38.9836341,-77.093841,2024,4,23
240017120,Property Damage Crash,04/12/2024 11:20:00 PM,MONTGOMERY LA,NA,"Sideswipe, Same Direction",Clear,Dry,Medium,Traffic Control Signal,NONE DETECTED,No,No Apparent Injury,Improper Turn,Not Distracted,MD,Bus - Transit,Turning Right,25,No,2020,GILLIG,CITY TRANSIT BUS,38.9836341,-77.093841,2024,4,23
240017116,Property Damage Crash,04/12/2024 10:18:00 PM,NEW HAMPSHIRE AVE,NA,Front to Rear,Clear,Dry,Medium,No Controls,NONE DETECTED,No,No Apparent Injury,NA,Unknown,MD,Passenger Car,NA,40,No,2012,NISSAN,ROGUE,39.01715053,-76.97712757,2024,4,22
240017116,Property Damage Crash,04/12/2024 10:18:00 PM,NEW HAMPSHIRE AVE,NA,Front to Rear,Clear,Dry,Medium,No Controls,NONE DETECTED,No,No Apparent Injury,NA,Not Distracted,MD,Passenger Car,Moving Constant Speed,40,No,2023,TOYOTA,HIGHLANDER,39.01715053,-76.97712757,2024,4,22
240017170,Property Damage Crash,04/12/2024 10:00:00 PM,JONES BRIDGE RD,NA,Single Vehicle,Clear,Dry,Dark,No Controls,NONE DETECTED,No,NA,NA,NA,NA,Passenger Car,Moving Constant Speed,30,No,2018,LEXUS,NX,38.99846163,-77.06690394,2024,4,22
240017107,Injury Crash,04/12/2024 09:35:00 PM,NA,NA,Front to Front,Clear,Dry,Medium,Traffic Control Signal,NONE DETECTED,No,No Apparent Injury,NA,Not Distracted,MD,Passenger Car,Moving Constant Speed,35,No,2012,HYUNDAI,ELANTRA,38.98739033,-77.02664617,2024,4,21
240017107,Injury Crash,04/12/2024 09:35:00 PM,NA,NA,Front to Front,Clear,Dry,Medium,Traffic Control Signal,NONE DETECTED,Yes,Possible Minor Injury,Failed to Yield Right-of-Way,Unknown,NA,Moped Or motorized bicycle,Turning Left,35,No,2023,UNKNOWN,UNKNOWN,38.98739033,-77.02664617,2024,4,21
240017098,Property Damage Crash,04/12/2024 08:48:00 PM,ROCKVILLE PIKE (SB/L),NA,"Sideswipe, Same Direction",Clear,Dry,Medium,No Controls,NONE DETECTED,No,No Apparent Injury,NA,Unknown,MD,Passenger Car,Changing Lanes,40,No,2020,BMW,X3,39.06260611,-77.12502358,2024,4,20
240017098,Property Damage Crash,04/12/2024 08:48:00 PM,ROCKVILLE PIKE (SB/L),NA,"Sideswipe, Same Direction",Clear,Dry,Medium,No Controls,NONE DETECTED,No,No Apparent Injury,NA,Not Distracted,MD,Bus - Transit,Moving Constant Speed,40,No,2017,GILLIG,CITY TRANSIT BUS,39.06260611,-77.12502358,2024,4,20
240017093,Property Damage Crash,04/12/2024 08:39:00 PM,GERMANTOWN RD,NA,Front to Rear,Clear,Dry,Medium,Flashing Traffic Control Signal,NONE DETECTED,No,No Apparent Injury,Followed Too Closely,Unknown,MD,Passenger Car,Slowing or Stopping,40,No,2015,AUDI,Q5,39.18097775,-77.2624477,2024,4,20
240017093,Property Damage Crash,04/12/2024 08:39:00 PM,GERMANTOWN RD,NA,Front to Rear,Clear,Dry,Medium,Flashing Traffic Control Signal,NONE DETECTED,No,No Apparent Injury,NA,Not Distracted,MD,Passenger Car,Slowing or Stopping,40,No,2016,HONDA,CR-V,39.18097775,-77.2624477,2024,4,20
240017091,Property Damage Crash,04/12/2024 08:22:00 PM,NA,NA,Front to Rear,Clear,Dry,Medium,Traffic Control Signal,ALCOHOL PRESENT,No,No Apparent Injury,NA,Unknown,MD,Passenger Car,Turning Left,35,No,2022,TOYOTA,COROLLA,39.06438124,-77.1260289,2024,4,20
240017091,Property Damage Crash,04/12/2024 08:22:00 PM,NA,NA,Front to Rear,Clear,Dry,Medium,Traffic Control Signal,NONE DETECTED,No,No Apparent Injury,NA,Unknown,VA,Passenger Car,Stopped in Traffic,35,No,2011,FORD,ESCAPE,39.06438124,-77.1260289,2024,4,20
240017090,Injury Crash,04/12/2024 08:15:00 PM,16TH ST (SB/L),Pedestrian,Single Vehicle,Clear,Dry,Medium,Traffic Control Signal,NONE DETECTED,Yes,NA,NA,NA,NA,NA,NA,35,No,0,NA,NA,38.996082,-77.03619031,2024,4,20
240017082,Property Damage Crash,04/12/2024 07:08:00 PM,NEW HAMPSHIRE AVE (SB/L),NA,Angle,Clear,Dry,Daylight,Traffic Control Signal,NONE DETECTED,No,No Apparent Injury,NA,Not Distracted,MD,Sport Utility Vehicle,Moving Constant Speed,40,No,2023,TOYOTA,RAV4,39.03988451,-76.99078462,2024,4,19
240017082,Property Damage Crash,04/12/2024 07:08:00 PM,NEW HAMPSHIRE AVE (SB/L),NA,Angle,Clear,Dry,Daylight,Traffic Control Signal,NONE DETECTED,No,No Apparent Injury,NA,Not Distracted,MD,Sport Utility Vehicle,Changing Lanes,40,No,2024,HYUNDAI,KONA,39.03988451,-76.99078462,2024,4,19
240017074,Property Damage Crash,04/12/2024 06:32:00 PM,TEACHERS WAY,NA,Rear To Side,Clear,Dry,Daylight,Stop Sign,NONE DETECTED,No,No Apparent Injury,NA,Not Distracted,MD,Passenger Car,Turning Left,25,No,2009,NISSAN,ALTIMA,39.14310184,-77.18958444,2024,4,18
240017074,Property Damage Crash,04/12/2024 06:32:00 PM,TEACHERS WAY,NA,Rear To Side,Clear,Dry,Daylight,No Controls,NONE DETECTED,No,No Apparent Injury,NA,Not Distracted,MD,Passenger Car,Moving Constant Speed,25,No,2017,FORD,FUSION,39.14310184,-77.18958444,2024,4,18