Local Case Number,ACRS Report Type,Crash Date/Time,Road Name,Related Non-Motorist,Collision Type,Weather,Surface Condition,Light,Traffic Control,Driver Substance Abuse,Driver At Fault,Injury Severity,Circumstance,Driver Distracted By,Drivers License State,Vehicle Body Type,Vehicle Movement,Speed Limit,Driverless Vehicle,Vehicle Year,Vehicle Make,Vehicle Model,Latitude,Longitude,Year,Month,Hour
240017051,Injury Crash,04/12/2024 04:45:00 PM,CALVERTON BLVD,NA,Front to Front,Clear,Dry,Daylight,No Controls,NONE DETECTED,No,No Apparent Injury,NA,Not Distracted,MD,Passenger Car,Moving Constant Speed,40,No,2020,JEEP,GRAND CHEROKEE,39.05724967,-76.948415,2024,4,16
240017051,Injury Crash,04/12/2024 04:45:00 PM,CALVERTON BLVD,NA,Front to Front,Clear,Dry,Daylight,No Controls,NONE DETECTED,Yes,Possible Minor Injury,NA,Not Distracted,MD,Passenger Car,Turning Left,40,No,2011,TOYOTA,AVALON,39.05724967,-76.948415,2024,4,16
240017060,Property Damage Crash,04/12/2024 04:30:00 PM,CHEVY CHASE LAKE DR,NA,"Sideswipe, Same Direction",Clear,Dry,Daylight,No Controls,NONE DETECTED,No,NA,NA,NA,NA,Passenger Car,Moving Constant Speed,35,No,2015,HONDA,CIVIC,38.99394291,-77.07703489,2024,4,16
240017060,Property Damage Crash,04/12/2024 04:30:00 PM,CHEVY CHASE LAKE DR,NA,"Sideswipe, Same Direction",Clear,Dry,Daylight,No Controls,NONE DETECTED,No,No Apparent Injury,NA,Not Distracted,MD,Passenger Car,Moving Constant Speed,35,No,2015,HONDA,ACCORD,38.99394291,-77.07703489,2024,4,16
240017048,Property Damage Crash,04/12/2024 04:00:00 PM,NA,NA,"Sideswipe, Same Direction",Clear,NA,Daylight,NA,NONE DETECTED,Yes,No Apparent Injury,NA,Not Distracted,MD,Pickup,Accelerating,0,No,2021,FORD,F-250,38.9749675,-77.16250157,2024,4,16
240017043,Property Damage Crash,04/12/2024 03:58:00 PM,WISCONSIN AVE,NA,Other,Clear,Dry,Daylight,No Controls,NONE DETECTED,No,NA,NA,NA,NA,Sport Utility Vehicle,Turning Right,35,No,2014,TOYOTA,FJ CRUISER,38.962665,-77.086545,2024,4,15
240017039,Property Damage Crash,04/12/2024 03:56:00 PM,CONNECTICUT AVE,NA,Front to Rear,Clear,Dry,Daylight,No Controls,NONE DETECTED,No,No Apparent Injury,NA,Not Distracted,MD,Passenger Car,Slowing or Stopping,35,No,2017,HONDA,CR-V,39.08678388,-77.07378708,2024,4,15
240017039,Property Damage Crash,04/12/2024 03:56:00 PM,CONNECTICUT AVE,NA,Front to Rear,Clear,Dry,Daylight,No Controls,NONE DETECTED,No,No Apparent Injury,NA,Unknown,MD,Passenger Car,Moving Constant Speed,35,No,2017,HONDA,CR-V,39.08678388,-77.07378708,2024,4,15
240020870,Property Damage Crash,04/12/2024 03:50:00 PM,PARKLAND DR,NA,Angle,Clear,Dry,Daylight,No Controls,NONE DETECTED,Yes,No Apparent Injury,Other Improper Action,Unknown,VA,Sport Utility Vehicle,Overtaking/Passing,25,No,2016,CADILLAC,ESCALADE,39.0687542,-77.0886634,2024,4,15
240020870,Property Damage Crash,04/12/2024 03:50:00 PM,PARKLAND DR,NA,Angle,Clear,Dry,Daylight,No Controls,NONE DETECTED,No,No Apparent Injury,NA,Not Distracted,MD,Sport Utility Vehicle,Stopped in Traffic,25,No,1999,CHEVROLET,SUBURBAN,39.0687542,-77.0886634,2024,4,15
240017238,Injury Crash,04/12/2024 03:30:00 PM,NA,Pedestrian,Single Vehicle,Clear,Dry,Daylight,Pedestrian Crossing,NONE DETECTED,No,No Apparent Injury,NA,NA,NA,Sport Utility Vehicle,Moving Constant Speed,25,No,0,NA,NA,38.98790066,-77.09950347,2024,4,15
240017032,Injury Crash,04/12/2024 02:44:00 PM,FREDERICK RD (SB/L),NA,Front to Rear,Clear,Dry,Daylight,Traffic Control Signal,NONE DETECTED,No,Possible Minor Injury,NA,Not Distracted,MD,Passenger Car,Accelerating,40,No,2018,TOYOTA,CAMRY,39.20244011,-77.24552054,2024,4,14
240017032,Injury Crash,04/12/2024 02:44:00 PM,FREDERICK RD (SB/L),NA,Front to Rear,Clear,Dry,Daylight,Traffic Control Signal,NONE DETECTED,Yes,No Apparent Injury,NA,Not Distracted,MD,Pickup,Moving Constant Speed,40,No,2019,FORD,F-150,39.20244011,-77.24552054,2024,4,14
240017030,Property Damage Crash,04/12/2024 02:35:00 PM,BRIGGS CHANEY RD (WB/L),NA,Rear To Side,Clear,Dry,Daylight,Traffic Control Signal,NONE DETECTED,Yes,No Apparent Injury,Failed to Yield Right-of-Way,Unknown,MD,Passenger Car,Making U-Turn,35,No,2017,MERCEDES-BENZ,C-CLASS,39.077242,-76.94262737,2024,4,14
240017030,Property Damage Crash,04/12/2024 02:35:00 PM,BRIGGS CHANEY RD (WB/L),NA,Rear To Side,Clear,Dry,Daylight,Traffic Control Signal,NONE DETECTED,No,No Apparent Injury,NA,Not Distracted,MD,Passenger Car,Moving Constant Speed,35,No,2019,JEEP,COMPASS,39.077242,-76.94262737,2024,4,14
240017071,Injury Crash,04/12/2024 02:25:00 PM,UNIVERSITY BLVD W (WB/L),NA,Angle,Clear,Dry,Daylight,No Controls,NONE DETECTED,No,Possible Minor Injury,NA,Not Distracted,MD,Passenger Car,Moving Constant Speed,35,No,2021,TOYOTA,HIGHLANDER,39.02194767,-77.0150175,2024,4,14
240017071,Injury Crash,04/12/2024 02:25:00 PM,UNIVERSITY BLVD W (WB/L),NA,Angle,Clear,Dry,Daylight,No Controls,NONE DETECTED,Yes,Possible Minor Injury,"Failed to Yield Right-of-Way, Too Fast For Conditions",Unknown,MD,Passenger Car,Turning Left,35,No,2013,HONDA,CIVIC,39.02194767,-77.0150175,2024,4,14
240017006,Injury Crash,04/12/2024 12:40:00 PM,GEORGIA AVE,NA,"Sideswipe, Same Direction",Clear,Dry,Daylight,No Controls,NONE DETECTED,No,No Apparent Injury,NA,Unknown,MD,Sport Utility Vehicle,Moving Constant Speed,35,No,2008,ACURA,TSX,39.009753859999996,-77.0406481,2024,4,12
240017006,Injury Crash,04/12/2024 12:40:00 PM,GEORGIA AVE,NA,"Sideswipe, Same Direction",Clear,Dry,Daylight,No Controls,NONE DETECTED,Yes,Possible Minor Injury,"Followed Too Closely, Wrong Side",Unknown,MD,Sport Utility Vehicle,Changing Lanes,35,No,2013,ACURA,MDX,39.009753859999996,-77.0406481,2024,4,12
240017017,Property Damage Crash,04/12/2024 12:30:00 PM,NA,NA,Angle,Clear,NA,Daylight,NA,NONE DETECTED,No,No Apparent Injury,NA,Not Distracted,VA,Pickup,Slowing or Stopping,0,No,1999,FORD,E-250,39.11770519,-77.18396841,2024,4,12
240017017,Property Damage Crash,04/12/2024 12:30:00 PM,NA,NA,Angle,Clear,NA,Daylight,NA,NONE DETECTED,Yes,No Apparent Injury,NA,Unknown,NA,Passenger Car,Accelerating,0,No,2015,NISSAN,MURANO,39.11770519,-77.18396841,2024,4,12
240016998,Property Damage Crash,04/12/2024 11:30:00 AM,NA,NA,Single Vehicle,Clear,NA,Daylight,NA,NONE DETECTED,No,No Apparent Injury,NA,Unknown,MD,Bus - School,Slowing or Stopping,0,No,2018,THOMAS BUILT,SCHOOL BUS,39.14552722,-77.14494223,2024,4,11
240016992,Property Damage Crash,04/12/2024 10:52:00 AM,FREDERICK RD (SB/L),NA,"Sideswipe, Same Direction",Clear,Dry,Daylight,No Controls,NONE DETECTED,No,No Apparent Injury,Improper Passing,Not Distracted,MD,Passenger Car,Moving Constant Speed,30,No,2021,BMW,X3,39.19398833,-77.24366833,2024,4,10
240016986,Property Damage Crash,04/12/2024 10:50:00 AM,UNIVERSITY BLVD E (WB/L),NA,Front to Rear,Rain,Wet,Daylight,Traffic Control Signal,NONE DETECTED,No,No Apparent Injury,NA,Not Distracted,MD,Passenger Car,Stopped in Traffic,40,No,2017,HONDA,CIVIC,39.02023722,-77.01255288,2024,4,10
240016986,Property Damage Crash,04/12/2024 10:50:00 AM,UNIVERSITY BLVD E (WB/L),NA,Front to Rear,Rain,Wet,Daylight,Traffic Control Signal,NONE DETECTED,Yes,No Apparent Injury,Followed Too Closely,Not Distracted,DC,Pickup,Moving Constant Speed,40,No,1999,NISSAN,PICKUP,39.02023722,-77.01255288,2024,4,10
240016990,Property Damage Crash,04/12/2024 10:46:00 AM,NA,NA,Single Vehicle,Cloudy,NA,Daylight,NA,NONE DETECTED,No,No Apparent Injury,Other Improper Action,Not Distracted,MD,Bus - School,Moving Constant Speed,0,No,2020,THOMAS BUILT,SCHOOL BUS,39.13586531,-77.19338055,2024,4,10
240016977,Injury Crash,04/12/2024 10:30:00 AM,DARNESTOWN RD,NA,Front to Front,Clear,Dry,Daylight,Traffic Control Signal,NONE DETECTED,No,Possible Minor Injury,NA,Not Distracted,MD,Passenger Car,Turning Left,35,No,2019,TOYOTA,CAMRY,39.10054624,-77.21341515,2024,4,10
240016977,Injury Crash,04/12/2024 10:30:00 AM,DARNESTOWN RD,NA,Front to Front,Clear,Dry,Daylight,Traffic Control Signal,NONE DETECTED,Yes,No Apparent Injury,NA,Not Distracted,MD,Sport Utility Vehicle,Moving Constant Speed,35,No,2019,CHEVROLET,TAHOE,39.10054624,-77.21341515,2024,4,10
240016966,Injury Crash,04/12/2024 08:51:00 AM,NEW HAMPSHIRE AVE (SB/L),NA,Front to Rear,Rain,Wet,Daylight,No Controls,NONE DETECTED,No,No Apparent Injury,NA,Not Distracted,MD,Bus - School,Moving Constant Speed,35,No,2016,THOMAS BUILT,SCHOOL BUS,39.01681316,-76.97742016,2024,4,8
240016966,Injury Crash,04/12/2024 08:51:00 AM,NEW HAMPSHIRE AVE (SB/L),NA,Front to Rear,Rain,Wet,Daylight,No Controls,NONE DETECTED,No,No Apparent Injury,NA,Not Distracted,CA,Pickup,Moving Constant Speed,35,No,2007,GMC,UNKNOWN,39.01681316,-76.97742016,2024,4,8
240016966,Injury Crash,04/12/2024 08:51:00 AM,NEW HAMPSHIRE AVE (SB/L),NA,Front to Rear,Rain,Wet,Daylight,No Controls,NONE DETECTED,Yes,Possible Minor Injury,"Failed to Yield Right-of-Way, Improper Passing, Operated Motor Vehicle in Inattentive, Careless, Negligent, or Erratic Manner",Not Distracted,MD,Passenger Car,Changing Lanes,35,No,2014,FORD,FOCUS,39.01681316,-76.97742016,2024,4,8
240016963,Property Damage Crash,04/12/2024 08:39:00 AM,MATENY RD (NB/L),NA,Single Vehicle,Rain,Wet,Daylight,No Controls,NONE DETECTED,Yes,No Apparent Injury,Over-Correcting/Over-Steering,Unknown,MD,Passenger Car,Moving Constant Speed,30,No,2009,HYUNDAI,SONATA,39.14622932,-77.27421793,2024,4,8
240016968,Property Damage Crash,04/12/2024 08:37:00 AM,BRIGHTON DAM RD,NA,Front to Front,Cloudy,Dry,Daylight,No Controls,NONE DETECTED,No,No Apparent Injury,NA,Not Distracted,MD,Bus - School,Stopped in Traffic,40,No,2017,THOMAS BUILT,SCHOOL BUS,39.19276935,-77.02653896,2024,4,8
240016968,Property Damage Crash,04/12/2024 08:37:00 AM,BRIGHTON DAM RD,NA,Front to Front,Cloudy,Dry,Daylight,Traffic Control Signal,NONE DETECTED,No,NA,NA,NA,NA,Truck Tractor,Turning Left,40,No,0,NA,NA,39.19276935,-77.02653896,2024,4,8
240016954,Property Damage Crash,04/12/2024 07:11:00 AM,NA,NA,Angle,Rain,Wet,Daylight,No Controls,NONE DETECTED,Yes,No Apparent Injury,Failed to Yield Right-of-Way,Unknown,MD,Passenger Car,Turning Left,40,No,2018,MINI,COOPER,39.09953167,-77.21217,2024,4,7
240016954,Property Damage Crash,04/12/2024 07:11:00 AM,NA,NA,Angle,Rain,Wet,Daylight,No Controls,NONE DETECTED,No,No Apparent Injury,NA,Not Distracted,MD,Passenger Car,Moving Constant Speed,40,No,2015,HONDA,ACCORD,39.09953167,-77.21217,2024,4,7
240016954,Property Damage Crash,04/12/2024 07:11:00 AM,NA,NA,Angle,Rain,Wet,Daylight,No Controls,NONE DETECTED,No,No Apparent Injury,NA,Not Distracted,FL,Passenger Car,Stopped in Traffic,10,No,2014,MAZDA,MAZDA6,39.09953167,-77.21217,2024,4,7
240016953,Injury Crash,04/12/2024 07:08:00 AM,GRACEFIELD RD,NA,Angle,Rain,Wet,Daylight,No Controls,NONE DETECTED,Yes,Possible Minor Injury,"Followed Too Closely, Other Improper Action",Not Distracted,MD,Passenger Car,Moving Constant Speed,15,No,2008,SMART,SMART,39.05921854,-76.95292488,2024,4,7
240016953,Injury Crash,04/12/2024 07:08:00 AM,GRACEFIELD RD,NA,Angle,Rain,Wet,Daylight,No Controls,NONE DETECTED,No,No Apparent Injury,NA,Not Distracted,MD,Passenger Car,Moving Constant Speed,10,No,2020,HONDA,ACCORD,39.05921854,-76.95292488,2024,4,7
240016951,Injury Crash,04/12/2024 05:58:00 AM,VEIRS MILL RD (WB/L),NA,Front to Rear,Cloudy,Wet,Medium,No Controls,NONE DETECTED,Yes,Possible Minor Injury,"Over-Correcting/Over-Steering, Swerved or Avoided Due to Wind, Slippery Surface, Motor Vehicle, Object, Non-Motorist in Roadway, etc, Too Fast For Conditions",Unknown,MD,Passenger Car,Slowing or Stopping,45,No,2001,TOYOTA,CAMRY,39.06133316,-77.09144534,2024,4,5
240016951,Injury Crash,04/12/2024 05:58:00 AM,VEIRS MILL RD (WB/L),NA,Front to Rear,Cloudy,Wet,Medium,No Controls,NONE DETECTED,No,No Apparent Injury,NA,Not Distracted,MD,Sport Utility Vehicle,Stopped in Traffic,45,No,2014,HONDA,PILOT,39.06133316,-77.09144534,2024,4,5
240016951,Injury Crash,04/12/2024 05:58:00 AM,VEIRS MILL RD (WB/L),NA,Front to Rear,Cloudy,Wet,Medium,No Controls,NONE DETECTED,No,No Apparent Injury,NA,Not Distracted,MD,Other Trucks,Stopped in Traffic,45,No,2017,TOYOTA,TUNDRA,39.06133316,-77.09144534,2024,4,5
240016946,Property Damage Crash,04/12/2024 02:05:00 AM,NA,NA,Other,Clear,NA,Medium,NA,NONE DETECTED,Yes,No Apparent Injury,"Failed to Yield Right-of-Way, Improper Backing",Not Distracted,MD,Passenger Car,Backing,0,No,2007,HYUNDAI,TIBURON,39.06988116,-77.11366521,2024,4,2
240016938,Property Damage Crash,04/11/2024 11:39:00 PM,CRYSTAL ROCK DR (SB/L),NA,Single Vehicle,Rain,Wet,Medium,Traffic Control Signal,DRUG PRESENT,Yes,No Apparent Injury,"Failed to Keep in Proper Lane, Ran Off Roadway, Too Fast For Conditions",Unknown,MD,Passenger Car,Turning Right,25,No,2021,NISSAN,SENTRA,39.180905,-77.26223167,2024,4,23
240016938,Property Damage Crash,04/11/2024 11:39:00 PM,CRYSTAL ROCK DR (SB/L),NA,Single Vehicle,Rain,Wet,Medium,Traffic Control Signal,NONE DETECTED,No,No Apparent Injury,NA,Not Distracted,GA,Sport Utility Vehicle,Stopped in Traffic,25,No,2024,FORD,EXPLORER,39.180905,-77.26223167,2024,4,23
240016937,Property Damage Crash,04/11/2024 10:07:00 PM,FORSTON DR,NA,Angle,Clear,Wet,Medium,Stop Sign,NONE DETECTED,No,No Apparent Injury,NA,Unknown,MD,Passenger Car,Accelerating,40,No,2020,TOYOTA,COROLLA,38.99474908,-76.99289963,2024,4,22
240016937,Property Damage Crash,04/11/2024 10:07:00 PM,FORSTON DR,NA,Angle,Clear,Wet,Medium,Traffic Control Signal,NONE DETECTED,No,No Apparent Injury,NA,Not Distracted,MD,Passenger Car,Slowing or Stopping,40,No,2020,HONDA,CR-V,38.99474908,-76.99289963,2024,4,22
240016930,Property Damage Crash,04/11/2024 08:23:00 PM,ADELPHI RD (WB/L),NA,Front to Front,Rain,Wet,Dark,Traffic Control Signal,NONE DETECTED,No,No Apparent Injury,NA,Unknown,NA,Pickup,Turning Left,45,No,2004,NISSAN,FRONTIER,39.01142941,-76.97897889,2024,4,20
240016930,Property Damage Crash,04/11/2024 08:23:00 PM,ADELPHI RD (WB/L),NA,Front to Front,Rain,Wet,Dark,Traffic Control Signal,NONE DETECTED,No,No Apparent Injury,NA,Unknown,NA,Passenger Car,Moving Constant Speed,45,No,2013,HYUNDAI,SONATA,39.01142941,-76.97897889,2024,4,20
240016918,Property Damage Crash,04/11/2024 08:12:00 PM,GEORGIA AVE (SB/L),NA,"Sideswipe, Same Direction",Rain,Wet,Medium,Flashing Traffic Control Signal,NONE DETECTED,Yes,No Apparent Injury,NA,Unknown,MD,Passenger Car,Changing Lanes,35,No,2019,KIA,OPTIMA,39.055735,-77.05001333,2024,4,20
240016918,Property Damage Crash,04/11/2024 08:12:00 PM,GEORGIA AVE (SB/L),NA,"Sideswipe, Same Direction",Rain,Wet,Medium,Flashing Traffic Control Signal,NONE DETECTED,No,No Apparent Injury,NA,Not Distracted,MD,Sport Utility Vehicle,Moving Constant Speed,35,No,2018,KIA,SPORTAGE,39.055735,-77.05001333,2024,4,20
240016909,Property Damage Crash,04/11/2024 07:16:00 PM,DEMOCRACY BLVD (EB/L),NA,Angle,Rain,Wet,Medium,Traffic Control Signal,NONE DETECTED,No,No Apparent Injury,Ran Red Light,Unknown,VA,Sport Utility Vehicle,Slowing or Stopping,35,No,2017,JAGUAR,F-PACE,39.02294917,-77.1321395,2024,4,19
240016909,Property Damage Crash,04/11/2024 07:16:00 PM,DEMOCRACY BLVD (EB/L),NA,Angle,Rain,Wet,Medium,Traffic Control Signal,NONE DETECTED,No,No Apparent Injury,NA,Not Distracted,MD,Passenger Car,Turning Left,35,No,2016,VOLKSWAGEN,PASSAT,39.02294917,-77.1321395,2024,4,19
240016908,Injury Crash,04/11/2024 07:00:00 PM,GEORGIA AVE,NA,Front to Rear,Rain,Wet,Daylight,No Controls,NONE DETECTED,No,Possible Minor Injury,NA,Not Distracted,MD,Passenger Car,Moving Constant Speed,25,No,2011,NISSAN,ROGUE,39.04710146,-77.0520031,2024,4,19
240016908,Injury Crash,04/11/2024 07:00:00 PM,GEORGIA AVE,NA,Front to Rear,Rain,Wet,Daylight,Traffic Control Signal,ALCOHOL PRESENT,Yes,No Apparent Injury,"Disregarded Other Traffic Sign, Failed to Keep in Proper Lane, Followed Too Closely, Operated Motor Vehicle in Inattentive, Careless, Negligent, or Erratic Manner, Operated Motor Vehicle in Reckless or Aggressive Manner, Too Fast For Conditions","Other Action (looking away from task, etc.)",MD,Passenger Car,Moving Constant Speed,35,No,2007,HONDA,ACCORD,39.04710146,-77.0520031,2024,4,19
240016905,Injury Crash,04/11/2024 06:35:00 PM,PARKER AVE,NA,Angle,Rain,Wet,Daylight,Stop Sign,ALCOHOL PRESENT,Yes,No Apparent Injury,"Failed to Yield Right-of-Way, Operated Motor Vehicle in Reckless or Aggressive Manner, Ran Stop Sign, Too Fast For Conditions",Unknown,MD,Passenger Car,Moving Constant Speed,25,No,2007,HONDA,ACCORD,39.0495688,-77.05302935,2024,4,18
240016905,Injury Crash,04/11/2024 06:35:00 PM,PARKER AVE,NA,Angle,Rain,Wet,Daylight,No Controls,NONE DETECTED,No,Possible Minor Injury,NA,Not Distracted,MD,Passenger Car,Moving Constant Speed,25,No,2017,NISSAN,SENTRA,39.0495688,-77.05302935,2024,4,18
240016900,Property Damage Crash,04/11/2024 06:30:00 PM,NA,NA,"Sideswipe, Opposite Direction",Clear,Dry,Daylight,No Controls,NONE DETECTED,No,No Apparent Injury,NA,Unknown,MD,Passenger Car,Making U-Turn,35,No,2017,HYUNDAI,SONATA,38.99720133,-77.02738067,2024,4,18
240016900,Property Damage Crash,04/11/2024 06:30:00 PM,NA,NA,"Sideswipe, Opposite Direction",Clear,Dry,Daylight,No Controls,NONE DETECTED,No,No Apparent Injury,NA,Not Distracted,MD,Passenger Car,Moving Constant Speed,35,No,2005,CHEVROLET,TAHOE,38.99720133,-77.02738067,2024,4,18
240016903,Property Damage Crash,04/11/2024 05:45:00 PM,NA,NA,Other,Rain,NA,Daylight,NA,NONE DETECTED,Yes,No Apparent Injury,Improper Backing,Not Distracted,MD,Sport Utility Vehicle,Backing,0,No,2013,HONDA,PILOT,39.1266129,-77.17289556,2024,4,17
240016903,Property Damage Crash,04/11/2024 05:45:00 PM,NA,NA,Other,Rain,NA,Daylight,NA,NONE DETECTED,No,No Apparent Injury,NA,Not Distracted,MD,Passenger Car,Slowing or Stopping,0,No,2020,NISSAN,ALTIMA,39.1266129,-77.17289556,2024,4,17
240016890,Injury Crash,04/11/2024 05:35:00 PM,FALLS RD,NA,Front to Rear,Rain,Wet,Daylight,No Controls,NONE DETECTED,No,No Apparent Injury,NA,Not Distracted,DC,Sport Utility Vehicle,Slowing or Stopping,35,No,2014,JEEP,CHEROKEE,39.02330749,-77.20708869,2024,4,17
240016890,Injury Crash,04/11/2024 05:35:00 PM,FALLS RD,NA,Front to Rear,Rain,Wet,Daylight,No Controls,NONE DETECTED,No,Possible Minor Injury,NA,Not Distracted,MD,Sport Utility Vehicle,Slowing or Stopping,35,No,2020,CHRYSLER,VOYAGER,39.02330749,-77.20708869,2024,4,17
240016890,Injury Crash,04/11/2024 05:35:00 PM,FALLS RD,NA,Front to Rear,Rain,Wet,Daylight,No Controls,NONE DETECTED,No,No Apparent Injury,NA,Not Distracted,MD,Station Wagon,Slowing or Stopping,35,No,2014,SUBARU,OUTBACK,39.02330749,-77.20708869,2024,4,17
240016892,Injury Crash,04/11/2024 05:33:00 PM,RAMP 4 FR MD 97 NB TO RANDOLPH RD EB,NA,Front to Rear,Rain,Wet,Daylight,No Controls,NONE DETECTED,Yes,Possible Minor Injury,NA,Not Distracted,MD,Passenger Car,Slowing or Stopping,35,No,2016,HONDA,CIVIC,39.05931,-77.0471,2024,4,17
240016892,Injury Crash,04/11/2024 05:33:00 PM,RAMP 4 FR MD 97 NB TO RANDOLPH RD EB,NA,Front to Rear,Rain,Wet,Daylight,No Controls,NONE DETECTED,No,No Apparent Injury,NA,Not Distracted,MD,Sport Utility Vehicle,Slowing or Stopping,35,No,2013,HONDA,PILOT,39.05931,-77.0471,2024,4,17
240016886,Injury Crash,04/11/2024 05:27:00 PM,BOURDEAUX PLACE,NA,Single Vehicle,Rain,Wet,Daylight,Stop Sign,NONE DETECTED,Yes,No Apparent Injury,NA,Not Distracted,MD,Sport Utility Vehicle,Turning Left,25,No,2011,TOYOTA,RAV4,39.208171,-77.1750785,2024,4,17
240016886,Injury Crash,04/11/2024 05:27:00 PM,BOURDEAUX PLACE,NA,Single Vehicle,Rain,Wet,Daylight,No Controls,NONE DETECTED,No,Suspected Serious Injury,"Swerved or Avoided Due to Wind, Slippery Surface, Motor Vehicle, Object, Non-Motorist in Roadway, etc",Not Distracted,MD,Passenger Car,Moving Constant Speed,35,No,2016,CHEVROLET,CRUZE,39.208171,-77.1750785,2024,4,17
240016884,Property Damage Crash,04/11/2024 04:47:00 PM,NA,NA,"Sideswipe, Same Direction",Rain,NA,Daylight,NA,NONE DETECTED,Yes,No Apparent Injury,"Over-Correcting/Over-Steering, Too Fast For Conditions","Other Action (looking away from task, etc.)",MD,Other Trucks,Slowing or Stopping,0,No,2000,FORD,EXPLORER,39.07418946,-77.26538393,2024,4,16
240016876,Property Damage Crash,04/11/2024 04:27:00 PM,NORBECK RD,NA,Angle,Rain,Wet,Daylight,Traffic Control Signal,NONE DETECTED,No,No Apparent Injury,NA,Not Distracted,MD,Passenger Car,Stopped in Traffic,25,No,2016,SUBARU,OUTBACK,39.09515833,-77.11242833,2024,4,16
240016876,Property Damage Crash,04/11/2024 04:27:00 PM,NORBECK RD,NA,Angle,Rain,Wet,Daylight,Traffic Control Signal,NONE DETECTED,No,No Apparent Injury,NA,Not Distracted,MD,Passenger Car,Moving Constant Speed,35,No,2018,HONDA,CIVIC,39.09515833,-77.11242833,2024,4,16
240016876,Property Damage Crash,04/11/2024 04:27:00 PM,NORBECK RD,NA,Angle,Rain,Wet,Daylight,Traffic Control Signal,NONE DETECTED,No,No Apparent Injury,NA,Unknown,VA,Passenger Car,Turning Left,35,No,2007,ACURA,RDX,39.09515833,-77.11242833,2024,4,16
24000634,Property Damage Crash,04/11/2024 04:20:00 PM,NA,NA,Front to Rear,Rain,Wet,Daylight,No Controls,NONE DETECTED,No,No Apparent Injury,NA,Not Distracted,MD,Passenger Car,Moving Constant Speed,25,No,2022,BMW,X5,38.96132639,-77.10338556,2024,4,16
24000634,Property Damage Crash,04/11/2024 04:20:00 PM,NA,NA,Front to Rear,Rain,Wet,Daylight,No Controls,NONE DETECTED,No,No Apparent Injury,NA,Not Distracted,MD,Passenger Car,Moving Constant Speed,25,No,2012,HONDA,CIVIC,38.96132639,-77.10338556,2024,4,16
24000634,Property Damage Crash,04/11/2024 04:20:00 PM,NA,NA,Front to Rear,Rain,Wet,Daylight,No Controls,NONE DETECTED,No,No Apparent Injury,NA,Not Distracted,MD,Passenger Car,Stopped in Traffic,25,No,2024,BENTLEY,BENTAYGA,38.96132639,-77.10338556,2024,4,16
240016867,Injury Crash,04/11/2024 03:45:00 PM,NORBECK RD (WB/L),NA,Front to Rear,Cloudy,Wet,Daylight,No Controls,NONE DETECTED,No,No Apparent Injury,NA,Not Distracted,MD,Passenger Car,Accelerating,35,No,2015,VOLKSWAGEN,GTI,39.12118449,-76.9889124,2024,4,15
240016867,Injury Crash,04/11/2024 03:45:00 PM,NORBECK RD (WB/L),NA,Front to Rear,Cloudy,Wet,Daylight,No Controls,NONE DETECTED,No,Possible Minor Injury,NA,Not Distracted,MD,Passenger Car,Slowing or Stopping,35,No,2004,CHEVROLET,UNKNOWN,39.12118449,-76.9889124,2024,4,15
240016860,Property Damage Crash,04/11/2024 03:30:00 PM,NA,NA,Rear To Side,Clear,NA,Daylight,NA,NONE DETECTED,No,No Apparent Injury,NA,Not Distracted,MD,Bus - School,Parked,0,No,2020,THOMAS BUILT,SCHOOL BUS,39.03893388,-77.07698661,2024,4,15
240016860,Property Damage Crash,04/11/2024 03:30:00 PM,NA,NA,Rear To Side,Clear,NA,Daylight,NA,NONE DETECTED,No,No Apparent Injury,NA,Not Distracted,MD,Passenger Car,Backing,0,No,2013,TOYOTA,RAV4,39.03893388,-77.07698661,2024,4,15