Local Case Number,ACRS Report Type,Crash Date/Time,Road Name,Related Non-Motorist,Collision Type,Weather,Surface Condition,Light,Traffic Control,Driver Substance Abuse,Driver At Fault,Injury Severity,Circumstance,Driver Distracted By,Drivers License State,Vehicle Body Type,Vehicle Movement,Speed Limit,Driverless Vehicle,Vehicle Year,Vehicle Make,Vehicle Model,Latitude,Longitude,Year,Month,Hour
240016858,Property Damage Crash,04/11/2024 03:15:00 PM,BOYSENBERRY DR,NA,Angle,Clear,Dry,Daylight,No Controls,NONE DETECTED,No,No Apparent Injury,NA,Not Distracted,MD,Passenger Car,Moving Constant Speed,15,No,2012,FORD,FOCUS,39.16072283,-77.205638,2024,4,15
240016882,Property Damage Crash,04/11/2024 03:15:00 PM,MANOR RD,NA,Front to Rear,Clear,Dry,Daylight,No Controls,NONE DETECTED,No,NA,NA,NA,NA,Passenger Car,Backing,25,No,2004,BMW,525I,38.99653497,-77.07548324,2024,4,15
240016882,Property Damage Crash,04/11/2024 03:15:00 PM,MANOR RD,NA,Front to Rear,Clear,Dry,Daylight,No Controls,NONE DETECTED,No,No Apparent Injury,NA,Not Distracted,MD,Passenger Car,Parked,25,No,2015,FORD,FOCUS,38.99653497,-77.07548324,2024,4,15
240016858,Property Damage Crash,04/11/2024 03:15:00 PM,BOYSENBERRY DR,NA,Angle,Clear,Dry,Daylight,No Controls,NONE DETECTED,Yes,No Apparent Injury,NA,Not Distracted,MD,Sport Utility Vehicle,Accelerating,15,No,2015,NISSAN,MURANO,39.16072283,-77.205638,2024,4,15
240016845,Property Damage Crash,04/11/2024 01:54:00 PM,NA,NA,Angle,Clear,NA,Daylight,NA,NONE DETECTED,Yes,No Apparent Injury,Failed to Yield Right-of-Way,Not Distracted,MD,Sport Utility Vehicle,Slowing or Stopping,0,No,2010,HONDA,CR-V,39.19841769,-77.25096758,2024,4,13
240016845,Property Damage Crash,04/11/2024 01:54:00 PM,NA,NA,Angle,Clear,NA,Daylight,NA,NONE DETECTED,No,No Apparent Injury,NA,Not Distracted,MD,Passenger Car,Moving Constant Speed,0,No,2023,TOYOTA,COROLLA,39.19841769,-77.25096758,2024,4,13
240016842,Injury Crash,04/11/2024 01:46:00 PM,RUDYARD DR,Unknown Type Of Non-Motorist,Single Vehicle,Clear,Dry,Daylight,No Controls,NONE DETECTED,Yes,No Apparent Injury,Other Improper Action,Not Distracted,MD,Sport Utility Vehicle,NA,0,No,2019,TOYOTA,RAV4,39.02810683,-77.1210385,2024,4,13
240016834,Property Damage Crash,04/11/2024 01:00:00 PM,NA,NA,Front to Rear,Rain,Wet,Daylight,Traffic Control Signal,NONE DETECTED,No,No Apparent Injury,NA,Not Distracted,NA,Passenger Car,Slowing or Stopping,35,No,1998,TOYOTA,CAMRY,39.06065877,-77.04498014,2024,4,13
240016834,Property Damage Crash,04/11/2024 01:00:00 PM,NA,NA,Front to Rear,Rain,Wet,Daylight,Traffic Control Signal,NONE DETECTED,Yes,No Apparent Injury,"Swerved or Avoided Due to Wind, Slippery Surface, Motor Vehicle, Object, Non-Motorist in Roadway, etc, Too Fast For Conditions",Not Distracted,MD,Passenger Car,Slowing or Stopping,35,No,2013,TOYOTA,AVALON,39.06065877,-77.04498014,2024,4,13
240016806,Property Damage Crash,04/11/2024 10:03:00 AM,NA,NA,Rear To Rear,Cloudy,NA,Daylight,NA,NONE DETECTED,Yes,No Apparent Injury,Improper Backing,Not Distracted,MD,Sport Utility Vehicle,Backing,0,No,2013,KIA,SPORTAGE,39.22526573,-77.27099504,2024,4,10
240016801,Property Damage Crash,04/11/2024 09:55:00 AM,NA,NA,"Sideswipe, Same Direction",Clear,NA,Daylight,NA,NONE DETECTED,No,No Apparent Injury,NA,Not Distracted,MD,Passenger Car,Parked,0,No,2013,DODGE,GRAND CARAVAN,39.03303968,-77.00366548,2024,4,9
240016801,Property Damage Crash,04/11/2024 09:55:00 AM,NA,NA,"Sideswipe, Same Direction",Clear,NA,Daylight,NA,NONE DETECTED,No,No Apparent Injury,NA,NA,NA,Passenger Car,Negotiating a Curve,0,No,2016,TOYOTA,HIGHLANDER,39.03303968,-77.00366548,2024,4,9
240016795,Injury Crash,04/11/2024 08:50:00 AM,WOODFIELD RD (SB/L),NA,Angle,Cloudy,Dry,Daylight,Traffic Control Signal,NONE DETECTED,No,Possible Minor Injury,NA,Not Distracted,MD,Passenger Car,Moving Constant Speed,35,No,2023,TOYOTA,COROLLA,39.17998778,-77.15064126,2024,4,8
240016795,Injury Crash,04/11/2024 08:50:00 AM,WOODFIELD RD (SB/L),NA,Angle,Cloudy,Dry,Daylight,Traffic Control Signal,NONE DETECTED,No,Possible Minor Injury,NA,Unknown,MD,Passenger Car,Turning Left,35,No,2020,TOYOTA,COROLLA,39.17998778,-77.15064126,2024,4,8
240016792,Property Damage Crash,04/11/2024 07:55:00 AM,COLUMBIA PIKE,NA,Front to Rear,Clear,Dry,Daylight,No Controls,NONE DETECTED,Yes,No Apparent Injury,Followed Too Closely,Unknown,MD,Passenger Car,Slowing or Stopping,55,No,2013,FORD,FOCUS,39.12600203,-76.92329923,2024,4,7
240016792,Property Damage Crash,04/11/2024 07:55:00 AM,COLUMBIA PIKE,NA,Front to Rear,Clear,Dry,Daylight,No Controls,NONE DETECTED,No,No Apparent Injury,NA,Not Distracted,MD,Sport Utility Vehicle,Slowing or Stopping,55,No,2023,HYUNDAI,KONA,39.12600203,-76.92329923,2024,4,7
240016792,Property Damage Crash,04/11/2024 07:55:00 AM,COLUMBIA PIKE,NA,Front to Rear,Clear,Dry,Daylight,No Controls,NONE DETECTED,No,No Apparent Injury,NA,Not Distracted,MD,Sport Utility Vehicle,Slowing or Stopping,55,No,2018,MASERATI,LEVANTE,39.12600203,-76.92329923,2024,4,7
240016790,Injury Crash,04/11/2024 07:34:00 AM,BEL PRE RD,NA,Angle,Clear,Dry,Daylight,Traffic Control Signal,NONE DETECTED,Yes,No Apparent Injury,NA,Unknown,MD,Passenger Car,Moving Constant Speed,35,No,2012,TOYOTA,RAV4,39.09051067,-77.04783533,2024,4,7
240016790,Injury Crash,04/11/2024 07:34:00 AM,BEL PRE RD,NA,Angle,Clear,Dry,Daylight,Traffic Control Signal,NONE DETECTED,No,Suspected Serious Injury,NA,Not Distracted,MD,Passenger Car,Turning Left,35,No,2007,HONDA,ACCORD,39.09051067,-77.04783533,2024,4,7
240016785,Injury Crash,04/11/2024 06:27:00 AM,RAMP 7 FR MD 109 WB TO RAMP 6 (TO IS270),NA,Angle,Cloudy,Dry,Medium,No Controls,NONE DETECTED,Yes,Possible Minor Injury,Failed to Yield Right-of-Way,Not Distracted,VA,Passenger Car,Turning Left,35,No,2020,TOYOTA,COROLLA,39.27742912,-77.32482136,2024,4,6
240016785,Injury Crash,04/11/2024 06:27:00 AM,RAMP 7 FR MD 109 WB TO RAMP 6 (TO IS270),NA,Angle,Cloudy,Dry,Medium,No Controls,NONE DETECTED,No,Possible Minor Injury,NA,Not Distracted,MD,Sport Utility Vehicle,Moving Constant Speed,35,No,2021,LEXUS,NX,39.27742912,-77.32482136,2024,4,6
240016783,Property Damage Crash,04/11/2024 01:41:00 AM,BRAMBLE BUSH DR,NA,Single Vehicle,Clear,Dry,Dark,No Controls,NONE DETECTED,No,NA,Ran Off Roadway,NA,NA,Passenger Car,NA,35,No,2009,MITSUBISHI,LANCER,39.18097722,-77.18894925,2024,4,1
240016776,Property Damage Crash,04/10/2024 11:56:00 PM,NEW HAMPSHIRE AVE (SB/L),NA,Front to Rear,Clear,Dry,Medium,No Controls,NONE DETECTED,Yes,No Apparent Injury,"Failed to Keep in Proper Lane, Followed Too Closely, Over-Correcting/Over-Steering","Other Action (looking away from task, etc.)",MD,Passenger Car,Leaving Traffic Lane,35,No,2014,NISSAN,SENTRA,39.06106059,-76.99834525,2024,4,23
240016776,Property Damage Crash,04/10/2024 11:56:00 PM,NEW HAMPSHIRE AVE (SB/L),NA,Front to Rear,Clear,Dry,Medium,No Controls,NONE DETECTED,No,No Apparent Injury,NA,Not Distracted,MD,Sport Utility Vehicle,Moving Constant Speed,35,No,2022,TOYOTA,RAV4,39.06106059,-76.99834525,2024,4,23
240016763,Property Damage Crash,04/10/2024 09:25:00 PM,DILSTON RD,NA,"Sideswipe, Opposite Direction",Clear,Dry,Medium,No Controls,NONE DETECTED,No,No Apparent Injury,NA,Not Distracted,NA,Van - Passenger (&lt;9 Seats),Moving Constant Speed,25,No,2006,HONDA,ODYSSEY,39.01160418,-76.97986283,2024,4,21
240016763,Property Damage Crash,04/10/2024 09:25:00 PM,DILSTON RD,NA,"Sideswipe, Opposite Direction",Clear,Dry,Medium,Stop Sign,NONE DETECTED,Yes,No Apparent Injury,"Disregarded Other Traffic Sign, Failed to Yield Right-of-Way",Not Distracted,MD,Pickup,Turning Left,25,No,2019,TOYOTA,TUNDRA,39.01160418,-76.97986283,2024,4,21
240016751,Property Damage Crash,04/10/2024 08:42:00 PM,HUGGINS DR,NA,Other,Clear,Dry,Medium,No Controls,NONE DETECTED,Yes,No Apparent Injury,NA,Unknown,MD,Passenger Car,Moving Constant Speed,35,No,2011,TOYOTA,4-RUNNER,39.04681386,-77.0677042,2024,4,20
240016751,Property Damage Crash,04/10/2024 08:42:00 PM,HUGGINS DR,NA,Other,Clear,Dry,Medium,No Controls,NONE DETECTED,No,No Apparent Injury,NA,Not Distracted,MD,Passenger Car,Moving Constant Speed,35,No,2009,ACURA,TL,39.04681386,-77.0677042,2024,4,20
240016751,Property Damage Crash,04/10/2024 08:42:00 PM,HUGGINS DR,NA,Other,Clear,Dry,Medium,No Controls,NONE DETECTED,Yes,No Apparent Injury,NA,Unknown,MD,Passenger Car,Moving Constant Speed,35,No,2016,CADILLAC,ESCALADE,39.04681386,-77.0677042,2024,4,20
240016736,Property Damage Crash,04/10/2024 06:51:00 PM,SHADY GROVE RD,NA,"Sideswipe, Opposite Direction",Clear,Dry,Daylight,Traffic Control Signal,NONE DETECTED,No,No Apparent Injury,NA,Unknown,MD,Passenger Car,Moving Constant Speed,40,No,2014,BMW,M235I,39.0930829,-77.196468049999993,2024,4,18
240016736,Property Damage Crash,04/10/2024 06:51:00 PM,SHADY GROVE RD,NA,"Sideswipe, Opposite Direction",Clear,Dry,Daylight,Traffic Control Signal,NONE DETECTED,No,No Apparent Injury,NA,Unknown,MD,Passenger Car,Turning Left,40,No,2013,TOYOTA,AVALON,39.0930829,-77.196468049999993,2024,4,18
240016744,Property Damage Crash,04/10/2024 06:29:00 PM,RAMP 2 FR MD 198 WB TO US 29 NB,NA,Front to Rear,Clear,Dry,Daylight,No Controls,NONE DETECTED,No,No Apparent Injury,NA,Not Distracted,PA,Van - Passenger (&lt;9 Seats),Slowing or Stopping,35,No,2022,HONDA,ODYSSEY,39.11182319,-76.92832762,2024,4,18
240016744,Property Damage Crash,04/10/2024 06:29:00 PM,RAMP 2 FR MD 198 WB TO US 29 NB,NA,Front to Rear,Clear,Dry,Daylight,No Controls,DRUG PRESENT,Yes,No Apparent Injury,NA,Not Distracted,MD,Passenger Car,Slowing or Stopping,35,No,2009,HONDA,ACCORD,39.11182319,-76.92832762,2024,4,18
240016734,Property Damage Crash,04/10/2024 06:08:00 PM,CONNECTICUT AVE,NA,"Sideswipe, Same Direction",Cloudy,Dry,Daylight,No Controls,NONE DETECTED,No,No Apparent Injury,"Failed to Keep in Proper Lane, Other Improper Action",Unknown,DE,Passenger Car,Changing Lanes,35,No,2023,KIA,SOUL,39.02946816,-77.07588952,2024,4,18
240016734,Property Damage Crash,04/10/2024 06:08:00 PM,CONNECTICUT AVE,NA,"Sideswipe, Same Direction",Cloudy,Dry,Daylight,No Controls,NONE DETECTED,No,No Apparent Injury,NA,Not Distracted,MD,Pickup,Moving Constant Speed,35,No,2018,FORD,F-550,39.02946816,-77.07588952,2024,4,18
240016719,Property Damage Crash,04/10/2024 05:10:00 PM,CONNECTICUT AVE,NA,Front to Rear,Clear,Dry,Daylight,Traffic Control Signal,NONE DETECTED,No,NA,NA,NA,NA,Passenger Car,Accelerating,35,No,2023,KIA,SOUL,38.98539676,-77.07710159,2024,4,17
240016719,Property Damage Crash,04/10/2024 05:10:00 PM,CONNECTICUT AVE,NA,Front to Rear,Clear,Dry,Daylight,Traffic Control Signal,NONE DETECTED,No,No Apparent Injury,NA,Not Distracted,MD,Passenger Car,Stopped in Traffic,35,No,2019,HONDA,CR-V,38.98539676,-77.07710159,2024,4,17
240016715,Injury Crash,04/10/2024 04:45:00 PM,MONTGOMERY VILLAGE AVE,NA,Front to Rear,Clear,Dry,Daylight,Traffic Control Signal,NONE DETECTED,No,No Apparent Injury,NA,Not Distracted,MD,Passenger Car,Slowing or Stopping,35,No,2024,CHEVROLET,SILVERADO,39.15684233,-77.2058205,2024,4,16
240016715,Injury Crash,04/10/2024 04:45:00 PM,MONTGOMERY VILLAGE AVE,NA,Front to Rear,Clear,Dry,Daylight,Traffic Control Signal,NONE DETECTED,No,No Apparent Injury,NA,Not Distracted,MD,Passenger Car,Slowing or Stopping,35,No,2023,MINI,COOPER,39.15684233,-77.2058205,2024,4,16
240016715,Injury Crash,04/10/2024 04:45:00 PM,MONTGOMERY VILLAGE AVE,NA,Front to Rear,Clear,Dry,Daylight,Traffic Control Signal,NONE DETECTED,No,No Apparent Injury,NA,Not Distracted,MD,Passenger Car,Slowing or Stopping,35,No,2005,HONDA,CR-V,39.15684233,-77.2058205,2024,4,16
240016715,Injury Crash,04/10/2024 04:45:00 PM,MONTGOMERY VILLAGE AVE,NA,Front to Rear,Clear,Dry,Daylight,Traffic Control Signal,NONE DETECTED,Yes,Possible Minor Injury,NA,Not Distracted,MD,Passenger Car,Moving Constant Speed,35,No,2012,HONDA,PILOT,39.15684233,-77.2058205,2024,4,16
240016712,Injury Crash,04/10/2024 04:40:00 PM,COLESVILLE RD,NA,Other,Clear,Dry,Daylight,No Controls,NONE DETECTED,No,No Apparent Injury,NA,Not Distracted,MD,Passenger Car,Moving Constant Speed,35,No,2021,VOLKSWAGEN,TIGUAN,39.00665936,-77.02148981,2024,4,16
240016712,Injury Crash,04/10/2024 04:40:00 PM,COLESVILLE RD,NA,Other,Clear,Dry,Daylight,No Controls,NONE DETECTED,No,No Apparent Injury,NA,Not Distracted,MD,Passenger Car,Moving Constant Speed,35,No,2024,TOYOTA,COROLLA,39.00665936,-77.02148981,2024,4,16
240016712,Injury Crash,04/10/2024 04:40:00 PM,COLESVILLE RD,NA,Other,Clear,Dry,Daylight,No Controls,NONE DETECTED,Yes,Possible Minor Injury,"Operated Motor Vehicle in Inattentive, Careless, Negligent, or Erratic Manner",Unknown,MD,Motorcycle - 2 Wheeled,Changing Lanes,35,No,1980,HONDA,UNKNOWN,39.00665936,-77.02148981,2024,4,16
240016706,Injury Crash,04/10/2024 03:59:00 PM,NA,NA,Front to Rear,Clear,NA,Daylight,NA,NONE DETECTED,No,No Apparent Injury,Failed to Yield Right-of-Way,Unknown,MD,Passenger Car,Backing,0,No,2014,LEXUS,ES,39.02590263,-77.15054286,2024,4,15
240016706,Injury Crash,04/10/2024 03:59:00 PM,NA,NA,Front to Rear,Clear,NA,Daylight,NA,NONE DETECTED,No,Possible Minor Injury,NA,Not Distracted,MD,Passenger Car,Moving Constant Speed,0,No,2017,TOYOTA,COROLLA,39.02590263,-77.15054286,2024,4,15
24000622,Property Damage Crash,04/10/2024 03:10:00 PM,RANDOLPH RD,NA,Front to Rear,Clear,Dry,Daylight,No Controls,NONE DETECTED,No,No Apparent Injury,NA,Not Distracted,NA,Sport Utility Vehicle,Slowing or Stopping,35,No,2011,NISSAN,ROGUE,39.05811187,-77.05469278,2024,4,15
24000622,Property Damage Crash,04/10/2024 03:10:00 PM,RANDOLPH RD,NA,Front to Rear,Clear,Dry,Daylight,No Controls,NONE DETECTED,No,No Apparent Injury,Other Improper Action,"Other Action (looking away from task, etc.)",MD,Passenger Car,Moving Constant Speed,35,No,2006,HONDA,CIVIC,39.05811187,-77.05469278,2024,4,15
24000622,Property Damage Crash,04/10/2024 03:10:00 PM,RANDOLPH RD,NA,Front to Rear,Clear,Dry,Daylight,No Controls,NONE DETECTED,No,No Apparent Injury,NA,Not Distracted,MD,Sport Utility Vehicle,Slowing or Stopping,35,No,2023,TOYOTA,RAV4,39.05811187,-77.05469278,2024,4,15
240016698,Property Damage Crash,04/10/2024 02:35:00 PM,RANDOLPH RD,NA,Front to Rear,Clear,Dry,Daylight,No Controls,NONE DETECTED,No,No Apparent Injury,NA,Not Distracted,MD,Sport Utility Vehicle,Slowing or Stopping,40,No,2011,HONDA,CR-V,39.07466576,-77.00533106,2024,4,14
240016698,Property Damage Crash,04/10/2024 02:35:00 PM,RANDOLPH RD,NA,Front to Rear,Clear,Dry,Daylight,No Controls,NONE DETECTED,No,No Apparent Injury,NA,Not Distracted,DE,Sport Utility Vehicle,Slowing or Stopping,40,No,2020,TOYOTA,LAND CRUISER,39.07466576,-77.00533106,2024,4,14
240016698,Property Damage Crash,04/10/2024 02:35:00 PM,RANDOLPH RD,NA,Front to Rear,Clear,Dry,Daylight,No Controls,NONE DETECTED,Yes,No Apparent Injury,NA,Not Distracted,WI,Sport Utility Vehicle,Slowing or Stopping,40,No,2018,HYUNDAI,SANTA FE,39.07466576,-77.00533106,2024,4,14
240016709,Property Damage Crash,04/10/2024 01:15:00 PM,RIVER RD,NA,"Sideswipe, Same Direction",Clear,Dry,Daylight,No Controls,NONE DETECTED,No,No Apparent Injury,Other Improper Action,Unknown,MD,Unknown,Overtaking/Passing,35,No,2014,CHEVROLET,EXPRESS,39.01496994,-77.20444016,2024,4,13
240016709,Property Damage Crash,04/10/2024 01:15:00 PM,RIVER RD,NA,"Sideswipe, Same Direction",Clear,Dry,Daylight,No Controls,NONE DETECTED,No,No Apparent Injury,NA,Not Distracted,MD,Other,Parked,35,No,2000,FORD,UNKNOWN,39.01496994,-77.20444016,2024,4,13
240016678,Property Damage Crash,04/10/2024 01:14:00 PM,OLD GEORGETOWN RD (SB/L),NA,Angle,Clear,Dry,Daylight,Traffic Control Signal,NONE DETECTED,No,No Apparent Injury,NA,Not Distracted,VA,Passenger Car,Turning Left,35,No,2010,HONDA,ODYSSEY,39.02691655,-77.12636295,2024,4,13
240016678,Property Damage Crash,04/10/2024 01:14:00 PM,OLD GEORGETOWN RD (SB/L),NA,Angle,Clear,Dry,Daylight,Traffic Control Signal,NONE DETECTED,Yes,No Apparent Injury,Ran Red Light,"Other Action (looking away from task, etc.)",MD,Passenger Car,Moving Constant Speed,35,No,2016,VOLKSWAGEN,PASSAT,39.02691655,-77.12636295,2024,4,13
240016679,Injury Crash,04/10/2024 01:00:00 PM,KNOWLES AVE,"Other Pedestrian (person in a building, skater, personal conveyance, etc.)",Single Vehicle,Clear,Dry,Daylight,Traffic Control Signal,NONE DETECTED,No,No Apparent Injury,NA,Not Distracted,MD,Passenger Car,Turning Left,25,No,2023,FORD,TRANSIT,39.03098125,-77.08612198,2024,4,13
240016674,Property Damage Crash,04/10/2024 12:55:00 PM,VEIRS MILL RD (WB/L),NA,"Sideswipe, Same Direction",Cloudy,Dry,Daylight,No Controls,NONE DETECTED,Yes,No Apparent Injury,Failed to Yield Right-of-Way,Unknown,NA,Passenger Car,Changing Lanes,35,No,1998,CHEVROLET,GEO PRIZM,39.05685399,-77.08353589,2024,4,12
240016674,Property Damage Crash,04/10/2024 12:55:00 PM,VEIRS MILL RD (WB/L),NA,"Sideswipe, Same Direction",Cloudy,Dry,Daylight,No Controls,NONE DETECTED,No,No Apparent Injury,NA,Not Distracted,MD,Sport Utility Vehicle,Moving Constant Speed,35,No,2016,JEEP,WRANGLER,39.05685399,-77.08353589,2024,4,12
240016676,Property Damage Crash,04/10/2024 12:50:00 PM,BRINK RD (WB/L),NA,Single Vehicle,Cloudy,Dry,Daylight,Stop Sign,NONE DETECTED,Yes,No Apparent Injury,Over-Correcting/Over-Steering,Not Distracted,MD,Bus - School,Turning Left,35,No,2014,THOMAS BUILT,SCHOOL BUS,39.20359236,-77.18757775,2024,4,12
240016495,Injury Crash,04/10/2024 12:00:00 PM,COLUMBIA PIKE,NA,Front to Rear,Clear,Dry,Daylight,Traffic Control Signal,NONE DETECTED,No,No Apparent Injury,NA,Not Distracted,MD,Passenger Car,Turning Right,35,No,2018,HONDA,ACCORD,39.03114129,-77.00465967,2024,4,12
240016495,Injury Crash,04/10/2024 12:00:00 PM,COLUMBIA PIKE,NA,Front to Rear,Clear,Dry,Daylight,Traffic Control Signal,NONE DETECTED,Yes,Possible Minor Injury,"Improper Backing, Operated Motor Vehicle in Inattentive, Careless, Negligent, or Erratic Manner",Unknown,MD,Sport Utility Vehicle,Moving Constant Speed,35,No,2004,TOYOTA,4-RUNNER,39.03114129,-77.00465967,2024,4,12
240016495,Injury Crash,04/10/2024 12:00:00 PM,COLUMBIA PIKE,NA,Front to Rear,Clear,Dry,Daylight,Traffic Control Signal,NONE DETECTED,No,No Apparent Injury,NA,Not Distracted,MD,Passenger Car,Stopped in Traffic,15,No,2006,TOYOTA,AVALON,39.03114129,-77.00465967,2024,4,12
240016653,Property Damage Crash,04/10/2024 11:03:00 AM,BRADLEY BLVD,NA,"Sideswipe, Same Direction",Clear,Dry,Daylight,No Controls,NONE DETECTED,Yes,No Apparent Injury,Failed to Keep in Proper Lane,Not Distracted,DC,Passenger Car,Moving Constant Speed,25,No,2020,LEXUS,LX,38.97781,-77.09249833,2024,4,11
240016652,Property Damage Crash,04/10/2024 11:00:00 AM,RANDOLPH RD (WB/L),NA,Front to Rear,Clear,Dry,Daylight,No Controls,NONE DETECTED,No,No Apparent Injury,NA,Not Distracted,MD,Sport Utility Vehicle,Stopped in Traffic,35,No,2022,HONDA,CR-V,39.05327138,-77.11212912,2024,4,11
240016652,Property Damage Crash,04/10/2024 11:00:00 AM,RANDOLPH RD (WB/L),NA,Front to Rear,Clear,Dry,Daylight,No Controls,NONE DETECTED,Yes,No Apparent Injury,Followed Too Closely,Unknown,MD,Passenger Car,Accelerating,35,No,2011,LEXUS,IS,39.05327138,-77.11212912,2024,4,11
240016651,Property Damage Crash,04/10/2024 10:39:00 AM,NA,NA,Angle,Rain,Wet,Daylight,Traffic Control Signal,NONE DETECTED,No,No Apparent Injury,Too Fast For Conditions,Not Distracted,MD,Van - Cargo,Moving Constant Speed,35,No,1994,DODGE,UNKNOWN,39.17729049,-77.26314943,2024,4,10
240016651,Property Damage Crash,04/10/2024 10:39:00 AM,NA,NA,Angle,Rain,Wet,Daylight,Traffic Control Signal,NONE DETECTED,Yes,No Apparent Injury,Ran Red Light,Not Distracted,MD,Passenger Car,Slowing or Stopping,35,No,2018,HYUNDAI,TUCSON,39.17729049,-77.26314943,2024,4,10
240016646,Property Damage Crash,04/10/2024 09:48:00 AM,COLESVILLE RD,NA,"Sideswipe, Same Direction",Clear,Dry,Daylight,Traffic Control Signal,NONE DETECTED,No,No Apparent Injury,NA,Not Distracted,MD,Bus - Transit,Turning Right,35,No,2022,GILLIG,CITY TRANSIT BUS,39.01903274,-77.01286791,2024,4,9
240016646,Property Damage Crash,04/10/2024 09:48:00 AM,COLESVILLE RD,NA,"Sideswipe, Same Direction",Clear,Dry,Daylight,Traffic Control Signal,NONE DETECTED,No,No Apparent Injury,NA,Not Distracted,WV,Other Trucks,Turning Right,35,No,2022,CHEVROLET,EXPRESS,39.01903274,-77.01286791,2024,4,9
240016632,Property Damage Crash,04/10/2024 07:55:00 AM,WASHINGTON GROVE LA,NA,Rear To Side,Clear,Dry,Daylight,Stop Sign,NONE DETECTED,Yes,No Apparent Injury,Failed to Yield Right-of-Way,Unknown,MD,Passenger Car,Turning Left,35,No,2018,SUBARU,IMPREZA,39.14397243,-77.17336499,2024,4,7
240016632,Property Damage Crash,04/10/2024 07:55:00 AM,WASHINGTON GROVE LA,NA,Rear To Side,Clear,Dry,Daylight,Stop Sign,NONE DETECTED,No,No Apparent Injury,NA,Not Distracted,MD,Passenger Car,Moving Constant Speed,35,No,2014,NISSAN,MURANO,39.14397243,-77.17336499,2024,4,7
240016629,Injury Crash,04/10/2024 07:22:00 AM,SHADY GROVE RD,NA,Rear To Side,Clear,Dry,Daylight,Traffic Control Signal,NONE DETECTED,No,Possible Minor Injury,NA,Not Distracted,MD,Sport Utility Vehicle,Accelerating,40,No,2006,MERCEDES-BENZ,350,39.10333,-77.19047833,2024,4,7
240016629,Injury Crash,04/10/2024 07:22:00 AM,SHADY GROVE RD,NA,Rear To Side,Clear,Dry,Daylight,Traffic Control Signal,NONE DETECTED,Yes,Possible Minor Injury,NA,"Other Action (looking away from task, etc.)",MD,Sport Utility Vehicle,Moving Constant Speed,40,No,2011,NISSAN,ROGUE,39.10333,-77.19047833,2024,4,7
240016753,Property Damage Crash,04/10/2024 06:55:00 AM,NEW HAMPSHIRE AVE (SB/L),NA,"Sideswipe, Same Direction",Clear,Dry,Daylight,Traffic Control Signal,NONE DETECTED,No,No Apparent Injury,Failed to Yield Right-of-Way,Unknown,NA,Sport Utility Vehicle,Changing Lanes,35,No,2021,TOYOTA,HIGHLANDER,38.97547956,-76.99422995,2024,4,6
240016753,Property Damage Crash,04/10/2024 06:55:00 AM,NEW HAMPSHIRE AVE (SB/L),NA,"Sideswipe, Same Direction",Clear,Dry,Daylight,Traffic Control Signal,NONE DETECTED,No,No Apparent Injury,NA,Not Distracted,MD,Passenger Car,Moving Constant Speed,35,No,2011,SUBARU,LEGACY,38.97547956,-76.99422995,2024,4,6
240016626,Property Damage Crash,04/10/2024 06:45:00 AM,LOST KNIFE RD (NB/L),NA,"Sideswipe, Opposite Direction",Clear,Dry,Daylight,Traffic Control Signal,NONE DETECTED,Yes,No Apparent Injury,Failed to Yield Right-of-Way,Unknown,MD,Pickup,Moving Constant Speed,35,No,2008,TOYOTA,TUNDRA,39.15803745,-77.20419559,2024,4,6
240016626,Property Damage Crash,04/10/2024 06:45:00 AM,LOST KNIFE RD (NB/L),NA,"Sideswipe, Opposite Direction",Clear,Dry,Daylight,Traffic Control Signal,NONE DETECTED,No,No Apparent Injury,NA,Not Distracted,MD,Pickup,Turning Left,40,No,2012,FORD,'34,39.15803745,-77.20419559,2024,4,6