Local Case Number,ACRS Report Type,Crash Date/Time,Road Name,Related Non-Motorist,Collision Type,Weather,Surface Condition,Light,Traffic Control,Driver Substance Abuse,Driver At Fault,Injury Severity,Circumstance,Driver Distracted By,Drivers License State,Vehicle Body Type,Vehicle Movement,Speed Limit,Driverless Vehicle,Vehicle Year,Vehicle Make,Vehicle Model,Latitude,Longitude,Year,Month,Hour
240016619,Injury Crash,04/10/2024 02:42:00 AM,CONNECTICUT AVE,NA,Front to Rear,Clear,Dry,Medium,Traffic Control Signal,NONE DETECTED,No,Possible Minor Injury,NA,Not Distracted,MD,Passenger Car,Stopped in Traffic,30,No,2023,AUDI,Q5,38.98775972,-77.07720854,2024,4,2
240016619,Injury Crash,04/10/2024 02:42:00 AM,CONNECTICUT AVE,NA,Front to Rear,Clear,Dry,Medium,Traffic Control Signal,NONE DETECTED,No,No Apparent Injury,"Operated Motor Vehicle in Inattentive, Careless, Negligent, or Erratic Manner, Other Improper Action","Other Action (looking away from task, etc.)",MD,Sport Utility Vehicle,Moving Constant Speed,30,No,2005,JEEP,LIBERTY,38.98775972,-77.07720854,2024,4,2
240016608,Property Damage Crash,04/09/2024 09:53:00 PM,JONES LA,NA,Other,Clear,Dry,Medium,Stop Sign,NONE DETECTED,No,NA,NA,NA,NA,Passenger Car,Moving Constant Speed,25,No,0,NA,NA,39.11369525,-77.26775267,2024,4,21
240016607,Injury Crash,04/09/2024 09:46:00 PM,LINDELL ST,NA,Angle,Clear,Dry,Medium,Traffic Control Signal,NONE DETECTED,Yes,No Apparent Injury,NA,Unknown,MD,Pickup,Turning Left,35,No,2011,FORD,F-SUPER DUTY,39.05916983,-77.06195398,2024,4,21
240016607,Injury Crash,04/09/2024 09:46:00 PM,LINDELL ST,NA,Angle,Clear,Dry,Medium,Traffic Control Signal,NONE DETECTED,No,Possible Minor Injury,NA,Not Distracted,MD,Passenger Car,Moving Constant Speed,30,No,2010,NISSAN,VERSA,39.05916983,-77.06195398,2024,4,21
240016604,Injury Crash,04/09/2024 09:17:00 PM,MATTHEW HENSON TRL,NA,Front to Rear,Clear,Dry,Medium,Traffic Control Signal,DRUG AND ALCOHOL CONTRIBUTED,Yes,No Apparent Injury,"Followed Too Closely, Other Improper Action",Unknown,MD,Sport Utility Vehicle,Moving Constant Speed,30,No,2017,CHEVROLET,EQUINOX,39.07768407,-77.07057819,2024,4,21
240016604,Injury Crash,04/09/2024 09:17:00 PM,MATTHEW HENSON TRL,NA,Front to Rear,Clear,Dry,Medium,Traffic Control Signal,NONE DETECTED,No,Possible Minor Injury,NA,Not Distracted,MD,Passenger Car,Stopped in Traffic,30,No,2021,KIA,FORTE,39.07768407,-77.07057819,2024,4,21
240016595,Injury Crash,04/09/2024 07:57:00 PM,TOWNE RD,NA,"Sideswipe, Opposite Direction",Clear,Dry,Medium,Traffic Control Signal,NONE DETECTED,No,Possible Minor Injury,NA,Not Distracted,MD,Passenger Car,Accelerating,40,No,2021,TOYOTA,COROLLA,39.0519,-77.11867333,2024,4,19
240016595,Injury Crash,04/09/2024 07:57:00 PM,TOWNE RD,NA,"Sideswipe, Opposite Direction",Clear,Dry,Medium,Traffic Control Signal,NONE DETECTED,No,No Apparent Injury,NA,Not Distracted,US,Sport Utility Vehicle,Moving Constant Speed,30,No,2023,HYUNDAI,TUCSON,39.0519,-77.11867333,2024,4,19
240016593,Property Damage Crash,04/09/2024 07:43:00 PM,FENTON ST,NA,"Sideswipe, Same Direction",Clear,Dry,Medium,Other,NONE DETECTED,Yes,No Apparent Injury,NA,Not Distracted,DC,Passenger Car,Entering Traffic Lane,25,No,2013,TOYOTA,SIENNA,38.99655861,-77.02507816,2024,4,19
240016593,Property Damage Crash,04/09/2024 07:43:00 PM,FENTON ST,NA,"Sideswipe, Same Direction",Clear,Dry,Medium,Other,NONE DETECTED,No,No Apparent Injury,NA,Not Distracted,MD,Passenger Car,Moving Constant Speed,25,No,2016,TOYOTA,HIGHLANDER,38.99655861,-77.02507816,2024,4,19
240016591,Property Damage Crash,04/09/2024 07:39:00 PM,TWINBROOK PKWY,NA,"Sideswipe, Same Direction",Clear,Dry,Medium,No Controls,NONE DETECTED,No,No Apparent Injury,NA,Unknown,MD,Passenger Car,Accelerating,35,No,2022,KIA,K5,39.07893534,-77.11266221,2024,4,19
240016613,Injury Crash,04/09/2024 06:00:00 PM,GEORGIA AVE (SB/L),NA,"Sideswipe, Same Direction",Clear,Dry,Daylight,Lane Use Control Signal,NONE DETECTED,No,Possible Minor Injury,NA,Not Distracted,MD,Sport Utility Vehicle,Stopped in Traffic,35,No,2020,TOYOTA,HIGHLANDER,39.03198569,-77.04839036,2024,4,18
240016613,Injury Crash,04/09/2024 06:00:00 PM,GEORGIA AVE (SB/L),NA,"Sideswipe, Same Direction",Clear,Dry,Daylight,Lane Use Control Signal,NONE DETECTED,No,No Apparent Injury,NA,Unknown,NA,Passenger Car,Accelerating,35,No,2003,TOYOTA,COROLLA,39.03198569,-77.04839036,2024,4,18
240016574,Property Damage Crash,04/09/2024 05:00:00 PM,VEIRS MILL RD,NA,Front to Rear,Clear,Dry,Daylight,Traffic Control Signal,NONE DETECTED,No,No Apparent Injury,NA,Not Distracted,DC,Passenger Car,Accelerating,30,No,2011,TOYOTA,HIGHLANDER,39.03688269,-77.05117912,2024,4,17
240016560,Injury Crash,04/09/2024 05:00:00 PM,MONTGOMERY VILLAGE AVE,Cyclist (non-electric),Single Vehicle,Clear,Dry,Daylight,Traffic Control Signal,NONE DETECTED,No,No Apparent Injury,NA,Not Distracted,MD,Passenger Car,Moving Constant Speed,35,No,2024,TESLA,MODEL Y,39.18790352,-77.19726271,2024,4,17
240016574,Property Damage Crash,04/09/2024 05:00:00 PM,VEIRS MILL RD,NA,Front to Rear,Clear,Dry,Daylight,Traffic Control Signal,NONE DETECTED,No,NA,"Disregard Officer Directions, Disregarded Other Road Markings, Disregarded Other Traffic Sign, Failed to Keep in Proper Lane, Other Improper Action",NA,NA,Passenger Car,Changing Lanes,30,No,2003,TOYOTA,COROLLA,39.03688269,-77.05117912,2024,4,17
240016553,Property Damage Crash,04/09/2024 03:50:00 PM,MEDWAY ST,NA,"Sideswipe, Same Direction",Clear,Dry,Daylight,No Controls,NONE DETECTED,Yes,No Apparent Injury,Improper Passing,Not Distracted,MD,Bus - Transit,Overtaking/Passing,25,No,2014,GILLIG,CITY TRANSIT BUS,39.05248227,-77.06352931,2024,4,15
240016553,Property Damage Crash,04/09/2024 03:50:00 PM,MEDWAY ST,NA,"Sideswipe, Same Direction",Clear,Dry,Daylight,No Controls,NONE DETECTED,No,No Apparent Injury,NA,Not Distracted,MD,Sport Utility Vehicle,Parked,25,No,2022,TOYOTA,HIGHLANDER,39.05248227,-77.06352931,2024,4,15
240016541,Property Damage Crash,04/09/2024 03:11:00 PM,NA,NA,Rear To Side,Clear,Dry,Daylight,No Controls,NONE DETECTED,No,No Apparent Injury,NA,Not Distracted,MD,Passenger Car,Backing,25,No,2014,TOYOTA,PRIUS,39.04528938,-76.9825712,2024,4,15
240016541,Property Damage Crash,04/09/2024 03:11:00 PM,NA,NA,Rear To Side,Clear,Dry,Daylight,No Controls,NONE DETECTED,No,NA,NA,NA,NA,Passenger Car,Turning Right,25,No,2013,FORD,ESCAPE,39.04528938,-76.9825712,2024,4,15
240016529,Property Damage Crash,04/09/2024 02:43:00 PM,GEORGIA AVE,NA,Angle,Clear,Dry,Daylight,Reduce Speed Ahead Warning Sign,NONE DETECTED,Yes,No Apparent Injury,NA,Unknown,MD,Passenger Car,Moving Constant Speed,25,No,2007,CHEVROLET,COBALT,39.03640667,-77.04992333,2024,4,14
240016529,Property Damage Crash,04/09/2024 02:43:00 PM,GEORGIA AVE,NA,Angle,Clear,Dry,Daylight,Reduce Speed Ahead Warning Sign,NONE DETECTED,No,No Apparent Injury,NA,Not Distracted,VA,Pickup,Entering Traffic Lane,25,No,2008,FORD,F-350,39.03640667,-77.04992333,2024,4,14
240016521,Injury Crash,04/09/2024 02:17:00 PM,EISENHOWER MEMORIAL HWY (SB/L),NA,Angle,Clear,Dry,Daylight,Traffic Control Signal,NONE DETECTED,Yes,No Apparent Injury,NA,Not Distracted,VA,Passenger Car,Moving Constant Speed,35,No,2019,NISSAN,MAXIMA,39.07379357,-77.16470942,2024,4,14
240016521,Injury Crash,04/09/2024 02:17:00 PM,EISENHOWER MEMORIAL HWY (SB/L),NA,Angle,Clear,Dry,Daylight,Traffic Control Signal,NONE DETECTED,No,Suspected Serious Injury,NA,Not Distracted,MD,Pickup,Turning Left,25,No,1994,CHEVROLET,SILVERADO,39.07379357,-77.16470942,2024,4,14
240016519,Property Damage Crash,04/09/2024 01:42:00 PM,SHADY GROVE RD,NA,"Sideswipe, Same Direction",Clear,Dry,Daylight,No Controls,NONE DETECTED,No,No Apparent Injury,NA,Not Distracted,MD,Bus - Transit,Stopped in Traffic,40,No,2014,GILLIG,CITY TRANSIT BUS,39.11932467,-77.182028,2024,4,13
240016519,Property Damage Crash,04/09/2024 01:42:00 PM,SHADY GROVE RD,NA,"Sideswipe, Same Direction",Clear,Dry,Daylight,No Controls,NONE DETECTED,No,NA,NA,NA,NA,Unknown,Changing Lanes,40,No,0,NA,NA,39.11932467,-77.182028,2024,4,13
240016524,Property Damage Crash,04/09/2024 01:30:00 PM,NA,NA,Other,Cloudy,NA,Daylight,NA,NONE DETECTED,No,No Apparent Injury,Improper Backing,Not Distracted,MD,Passenger Car,Backing,0,No,2011,FORD,FUSION,39.05586656,-77.08395773,2024,4,13
240016530,Property Damage Crash,04/09/2024 01:27:00 PM,CHANNING DR,NA,"Sideswipe, Same Direction",Clear,Dry,Daylight,Stop Sign,NONE DETECTED,No,No Apparent Injury,NA,Not Distracted,MD,Passenger Car,Slowing or Stopping,25,No,2014,HONDA,ACCORD,39.04517133,-77.04060833,2024,4,13
240016530,Property Damage Crash,04/09/2024 01:27:00 PM,CHANNING DR,NA,"Sideswipe, Same Direction",Clear,Dry,Daylight,Stop Sign,NONE DETECTED,Yes,No Apparent Injury,"Improper Passing, Operated Motor Vehicle in Inattentive, Careless, Negligent, or Erratic Manner",Not Distracted,MD,Bus - School,Slowing or Stopping,25,No,2023,THOMAS BUILT,SCHOOL BUS,39.04517133,-77.04060833,2024,4,13
240016502,Injury Crash,04/09/2024 12:25:00 PM,CRABBS BRANCH WAY,NA,"Sideswipe, Opposite Direction",Clear,Dry,Daylight,Traffic Control Signal,NONE DETECTED,No,Possible Minor Injury,NA,Unknown,MD,Passenger Car,Moving Constant Speed,40,No,2022,LEXUS,RX,39.10644042,-77.15235055,2024,4,12
240016502,Injury Crash,04/09/2024 12:25:00 PM,CRABBS BRANCH WAY,NA,"Sideswipe, Opposite Direction",Clear,Dry,Daylight,Traffic Control Signal,NONE DETECTED,No,No Apparent Injury,NA,Unknown,MD,Passenger Car,Turning Left,40,No,2018,FORD,ESCAPE,39.10644042,-77.15235055,2024,4,12
240016490,Injury Crash,04/09/2024 10:52:00 AM,NORBECK BLVD,NA,Rear To Side,Cloudy,Dry,Daylight,Traffic Control Signal,NONE DETECTED,No,No Apparent Injury,Failed to Yield Right-of-Way,Not Distracted,MD,Sport Utility Vehicle,Turning Left,40,No,2021,CHEVROLET,TRAVERSE,39.11248204,-77.07010524,2024,4,10
240016490,Injury Crash,04/09/2024 10:52:00 AM,NORBECK BLVD,NA,Rear To Side,Cloudy,Dry,Daylight,Traffic Control Signal,NONE DETECTED,No,No Apparent Injury,NA,Not Distracted,MD,Sport Utility Vehicle,Slowing or Stopping,25,No,2015,LEXUS,RX,39.11248204,-77.07010524,2024,4,10
240016490,Injury Crash,04/09/2024 10:52:00 AM,NORBECK BLVD,NA,Rear To Side,Cloudy,Dry,Daylight,Traffic Control Signal,NONE DETECTED,No,Possible Minor Injury,NA,Not Distracted,MD,Pickup,Moving Constant Speed,40,No,2003,TOYOTA,TACOMA,39.11248204,-77.07010524,2024,4,10
240016458,Property Damage Crash,04/09/2024 09:24:00 AM,GEORGIA AVE (SB/L),NA,"Sideswipe, Same Direction",Cloudy,Dry,Daylight,Traffic Control Signal,NONE DETECTED,No,No Apparent Injury,NA,Not Distracted,MD,Bus - School,Turning Left,35,No,2021,THOMAS BUILT,SCHOOL BUS,39.06301323,-77.0547865,2024,4,9
240016458,Property Damage Crash,04/09/2024 09:24:00 AM,GEORGIA AVE (SB/L),NA,"Sideswipe, Same Direction",Cloudy,Dry,Daylight,Traffic Control Signal,NONE DETECTED,No,No Apparent Injury,NA,Not Distracted,MD,Bus - School,Slowing or Stopping,35,No,2016,THOMAS BUILT,SCHOOL BUS,39.06301323,-77.0547865,2024,4,9
240016455,Injury Crash,04/09/2024 09:12:00 AM,PARAMOUNT PARK DR (NB/L),Cyclist (non-electric),Single Vehicle,Clear,Dry,Daylight,Yield Sign,NONE DETECTED,Yes,No Apparent Injury,"Operated Motor Vehicle in Inattentive, Careless, Negligent, or Erratic Manner","Other Action (looking away from task, etc.)",MD,Passenger Car,Turning Right,15,No,2012,HONDA,CR-V,39.16031938,-77.22104135,2024,4,9
240016449,Property Damage Crash,04/09/2024 08:25:00 AM,FREDERICK RD (SB/L),NA,Front to Rear,Clear,Dry,Daylight,No Controls,NONE DETECTED,No,No Apparent Injury,NA,Not Distracted,MD,Passenger Car,Slowing or Stopping,40,No,2017,HONDA,CR-V,39.15748202,-77.21791238,2024,4,8
240016449,Property Damage Crash,04/09/2024 08:25:00 AM,FREDERICK RD (SB/L),NA,Front to Rear,Clear,Dry,Daylight,No Controls,NONE DETECTED,No,No Apparent Injury,Followed Too Closely,Not Distracted,MD,Passenger Car,Slowing or Stopping,40,No,2002,TOYOTA,CAMRY,39.15748202,-77.21791238,2024,4,8
240016456,Property Damage Crash,04/09/2024 08:25:00 AM,COLUMBIA PIKE (SB/L),NA,Front to Rear,Clear,Dry,Daylight,No Controls,NONE DETECTED,No,No Apparent Injury,NA,Not Distracted,MD,Passenger Car,Moving Constant Speed,50,No,2018,VOLKSWAGEN,JETTA,39.06780666,-76.95957882,2024,4,8
240016456,Property Damage Crash,04/09/2024 08:25:00 AM,COLUMBIA PIKE (SB/L),NA,Front to Rear,Clear,Dry,Daylight,No Controls,NONE DETECTED,No,No Apparent Injury,NA,Unknown,MD,Passenger Car,Slowing or Stopping,50,No,2016,MAZDA,CX-5,39.06780666,-76.95957882,2024,4,8
240016456,Property Damage Crash,04/09/2024 08:25:00 AM,COLUMBIA PIKE (SB/L),NA,Front to Rear,Clear,Dry,Daylight,No Controls,NONE DETECTED,No,No Apparent Injury,NA,Not Distracted,MD,Passenger Car,Slowing or Stopping,50,No,2018,JEEP,RENEGADE,39.06780666,-76.95957882,2024,4,8
240016440,Property Damage Crash,04/09/2024 06:40:00 AM,ROCKVILLE PIKE (SB/L),NA,"Sideswipe, Same Direction",Clear,Dry,Daylight,Traffic Control Signal,NONE DETECTED,No,No Apparent Injury,NA,Not Distracted,PA,Sport Utility Vehicle,Slowing or Stopping,35,No,2020,FORD,EXPEDITION MAX,39.01608114,-77.10091154,2024,4,6
240016440,Property Damage Crash,04/09/2024 06:40:00 AM,ROCKVILLE PIKE (SB/L),NA,"Sideswipe, Same Direction",Clear,Dry,Daylight,Traffic Control Signal,NONE DETECTED,Yes,No Apparent Injury,"Failed to Keep in Proper Lane, Followed Too Closely, Other Improper Action",Unknown,VA,Passenger Car,Changing Lanes,35,No,2021,VOLKSWAGEN,ARTEON,39.01608114,-77.10091154,2024,4,6
240016436,Property Damage Crash,04/09/2024 06:30:00 AM,NEW HAMPSHIRE AVE,NA,Front to Rear,Clear,Dry,Daylight,No Controls,NONE DETECTED,No,No Apparent Injury,NA,Not Distracted,MD,Passenger Car,Stopped in Traffic,40,No,2013,TOYOTA,SIENNA,39.0537947,-76.99437862,2024,4,6
240016436,Property Damage Crash,04/09/2024 06:30:00 AM,NEW HAMPSHIRE AVE,NA,Front to Rear,Clear,Dry,Daylight,No Controls,NONE DETECTED,No,No Apparent Injury,"Followed Too Closely, Operated Motor Vehicle in Inattentive, Careless, Negligent, or Erratic Manner, Too Fast For Conditions",NA,NA,Passenger Car,Overtaking/Passing,40,No,2005,HONDA,ACCORD,39.0537947,-76.99437862,2024,4,6
240016434,Injury Crash,04/09/2024 05:45:00 AM,NEW HAMPSHIRE AVE (SB/L),NA,"Sideswipe, Same Direction",Clear,Dry,Medium,No Controls,NONE DETECTED,Yes,No Apparent Injury,NA,Not Distracted,MD,Sport Utility Vehicle,Changing Lanes,35,No,2022,FORD,ESCAPE,39.02221318,-76.97776982,2024,4,5
240016434,Injury Crash,04/09/2024 05:45:00 AM,NEW HAMPSHIRE AVE (SB/L),NA,"Sideswipe, Same Direction",Clear,Dry,Medium,No Controls,NONE DETECTED,No,No Apparent Injury,NA,Not Distracted,MD,Sport Utility Vehicle,Moving Constant Speed,35,No,2013,HONDA,CR-V,39.02221318,-76.97776982,2024,4,5
240016414,Property Damage Crash,04/08/2024 07:48:00 PM,NA,NA,Other,Clear,Dry,Medium,Traffic Control Signal,NONE DETECTED,No,No Apparent Injury,NA,Not Distracted,MD,Passenger Car,Moving Constant Speed,35,No,2011,MERCEDES-BENZ,E-CLASS,38.99374564,-77.05190194,2024,4,19
240016414,Property Damage Crash,04/08/2024 07:48:00 PM,NA,NA,Other,Clear,Dry,Medium,Traffic Control Signal,ALCOHOL PRESENT,Yes,No Apparent Injury,"Operated Motor Vehicle in Inattentive, Careless, Negligent, or Erratic Manner, Operated Motor Vehicle in Reckless or Aggressive Manner, Ran Red Light",Unknown,MD,Pickup,Moving Constant Speed,35,No,2008,FORD,F-150,38.99374564,-77.05190194,2024,4,19
240016409,Property Damage Crash,04/08/2024 07:23:00 PM,CHERRY HILL RD,NA,Front to Front,Clear,Dry,Medium,No Controls,NONE DETECTED,No,No Apparent Injury,NA,Not Distracted,MD,All-Terrain Vehicle/All-Terrain Cycle (ATV/ATC),Moving Constant Speed,35,No,2020,INFINITI,QX50,39.04972155,-76.95248369,2024,4,19
240016409,Property Damage Crash,04/08/2024 07:23:00 PM,CHERRY HILL RD,NA,Front to Front,Clear,Dry,Medium,No Controls,NONE DETECTED,No,NA,NA,NA,NA,All-Terrain Vehicle/All-Terrain Cycle (ATV/ATC),Moving Constant Speed,35,No,0,NA,NA,39.04972155,-76.95248369,2024,4,19
240016407,Property Damage Crash,04/08/2024 07:00:00 PM,VEIRS MILL RD (WB/L),NA,Angle,Clear,Dry,Daylight,Traffic Control Signal,NONE DETECTED,No,No Apparent Injury,NA,Not Distracted,MD,Passenger Car,Stopped in Traffic,35,No,2012,NISSAN,ALTIMA,39.03777746,-77.05198112,2024,4,19
240016407,Property Damage Crash,04/08/2024 07:00:00 PM,VEIRS MILL RD (WB/L),NA,Angle,Clear,Dry,Daylight,Traffic Control Signal,NONE DETECTED,No,No Apparent Injury,Failed to Keep in Proper Lane,Not Distracted,MD,Bus - Transit,Turning Right,35,No,2019,GILLIG,CITY TRANSIT BUS,39.03777746,-77.05198112,2024,4,19
240016406,Injury Crash,04/08/2024 04:27:00 PM,NA,NA,Front to Rear,Clear,Dry,Daylight,No Controls,NONE DETECTED,Yes,No Apparent Injury,NA,Unknown,MD,Passenger Car,Moving Constant Speed,25,No,2019,CHEVROLET,TRAX,39.01450883,-77.10660533,2024,4,16
240016387,Injury Crash,04/08/2024 04:04:00 PM,NA,NA,Front to Rear,Clear,NA,Daylight,NA,NONE DETECTED,No,Possible Minor Injury,NA,Not Distracted,MD,Passenger Car,Parked,0,No,2012,TOYOTA,PRIUS,39.01545262,-77.03447561,2024,4,16
240016387,Injury Crash,04/08/2024 04:04:00 PM,NA,NA,Front to Rear,Clear,NA,Daylight,NA,NONE DETECTED,Yes,No Apparent Injury,NA,Not Distracted,NA,Passenger Car,Accelerating,0,No,2019,CADILLAC,XTS,39.01545262,-77.03447561,2024,4,16
240016381,Injury Crash,04/08/2024 04:02:00 PM,NA,NA,Angle,Clear,Dry,Daylight,No Controls,NONE DETECTED,No,No Apparent Injury,NA,Unknown,MD,Sport Utility Vehicle,Moving Constant Speed,45,No,2021,VOLKSWAGEN,ATLAS,39.11378023,-77.21604919,2024,4,16
240016381,Injury Crash,04/08/2024 04:02:00 PM,NA,NA,Angle,Clear,Dry,Daylight,No Controls,NONE DETECTED,Yes,Possible Minor Injury,Failed to Yield Right-of-Way,Unknown,MD,Passenger Car,Turning Left,20,No,2020,TOYOTA,COROLLA,39.11378023,-77.21604919,2024,4,16
240016379,Property Damage Crash,04/08/2024 03:46:00 PM,GLENBROOK RD,NA,Angle,Clear,Dry,Daylight,Stop Sign,NONE DETECTED,Yes,No Apparent Injury,NA,Unknown,VA,Passenger Car,Accelerating,25,No,2018,ACURA,ILX,38.98716405,-77.10693363,2024,4,15
240016379,Property Damage Crash,04/08/2024 03:46:00 PM,GLENBROOK RD,NA,Angle,Clear,Dry,Daylight,No Controls,NONE DETECTED,No,No Apparent Injury,NA,Not Distracted,MD,Passenger Car,Moving Constant Speed,25,No,2023,GMC,TERRAIN,38.98716405,-77.10693363,2024,4,15
240016372,Injury Crash,04/08/2024 03:34:00 PM,JACKSON RD,NA,Angle,Clear,Dry,Daylight,Stop Sign,NONE DETECTED,No,No Apparent Injury,NA,Not Distracted,MD,Passenger Car,Turning Left,25,No,2015,JEEP,GRAND CHEROKEE,39.05538852,-76.99433563,2024,4,15
240016372,Injury Crash,04/08/2024 03:34:00 PM,JACKSON RD,NA,Angle,Clear,Dry,Daylight,No Controls,NONE DETECTED,No,No Apparent Injury,NA,Not Distracted,MD,Passenger Car,Moving Constant Speed,25,No,2008,TOYOTA,TACOMA,39.05538852,-76.99433563,2024,4,15
24001644,Property Damage Crash,04/08/2024 03:20:00 PM,NA,NA,Other,Clear,NA,Daylight,NA,NONE DETECTED,No,No Apparent Injury,NA,Not Distracted,MD,Passenger Car,Backing,0,No,2017,FORD,TAURUS,39.22795393,-77.26700409,2024,4,15
240016375,Injury Crash,04/08/2024 02:51:00 PM,ROCKVILLE PIKE (SB/L),Cyclist (non-electric),Single Vehicle,Clear,Dry,Daylight,No Controls,NONE DETECTED,Yes,No Apparent Injury,NA,Unknown,MD,Passenger Car,Turning Right,35,No,2008,HONDA,CR-V,39.0661019,-77.1276435,2024,4,14
240016366,Injury Crash,04/08/2024 02:45:00 PM,WISTERIA DR,NA,Front to Front,Clear,Dry,Daylight,Stop Sign,NONE DETECTED,No,No Apparent Injury,Failed to Yield Right-of-Way,Not Distracted,MD,Passenger Car,Turning Left,0,No,2018,BMW,530I,39.1775539,-77.27116412,2024,4,14
240016366,Injury Crash,04/08/2024 02:45:00 PM,WISTERIA DR,NA,Front to Front,Clear,Dry,Daylight,"Other Pavement Marking (excluding edgelines, centerlines, or lane lines)",NONE DETECTED,No,Possible Minor Injury,NA,Not Distracted,MD,Sport Utility Vehicle,Moving Constant Speed,30,No,2013,ACURA,RDX,39.1775539,-77.27116412,2024,4,14
240016363,Property Damage Crash,04/08/2024 02:21:00 PM,VEIRS MILL RD,NA,Front to Rear,Clear,Dry,Daylight,Traffic Control Signal,NONE DETECTED,Yes,No Apparent Injury,NA,Not Distracted,MD,Passenger Car,NA,40,No,2013,NISSAN,ALTIMA,39.07730443,-77.12511702,2024,4,14
240016363,Property Damage Crash,04/08/2024 02:21:00 PM,VEIRS MILL RD,NA,Front to Rear,Clear,Dry,Daylight,Traffic Control Signal,NONE DETECTED,No,No Apparent Injury,NA,Not Distracted,MD,Passenger Car,NA,40,No,2024,SUBARU,OUTBACK,39.07730443,-77.12511702,2024,4,14
240016353,Property Damage Crash,04/08/2024 01:48:00 PM,RIDGE ST,NA,Front to Rear,Clear,Dry,Daylight,No Controls,NONE DETECTED,No,No Apparent Injury,NA,"Other Action (looking away from task, etc.)",MD,Passenger Car,Slowing or Stopping,15,No,2007,LEXUS,LX,38.977899,-77.08949167,2024,4,13
240016340,Property Damage Crash,04/08/2024 12:20:00 PM,W DIAMOND AVE,NA,Front to Rear,Clear,Dry,Daylight,Stop Sign,NONE DETECTED,No,NA,NA,NA,NA,NA,Accelerating,25,No,0,NA,NA,39.14097476,-77.20097822,2024,4,12
240016340,Property Damage Crash,04/08/2024 12:20:00 PM,W DIAMOND AVE,NA,Front to Rear,Clear,Dry,Daylight,Stop Sign,NONE DETECTED,No,No Apparent Injury,NA,Not Distracted,MD,Passenger Car,Stopped in Traffic,25,No,2013,HONDA,FIT,39.14097476,-77.20097822,2024,4,12
240016340,Property Damage Crash,04/08/2024 12:20:00 PM,W DIAMOND AVE,NA,Front to Rear,Clear,Dry,Daylight,Stop Sign,NONE DETECTED,No,No Apparent Injury,NA,Not Distracted,MD,Sport Utility Vehicle,Stopped in Traffic,25,No,2022,TOYOTA,HIGHLANDER,39.14097476,-77.20097822,2024,4,12
240016335,Property Damage Crash,04/08/2024 11:42:00 AM,E GUDE DR,NA,Front to Rear,Clear,Dry,Daylight,No Controls,NONE DETECTED,No,NA,NA,NA,NA,NA,Slowing or Stopping,40,No,0,NA,NA,39.10289133,-77.14240097,2024,4,11
240016335,Property Damage Crash,04/08/2024 11:42:00 AM,E GUDE DR,NA,Front to Rear,Clear,Dry,Daylight,No Controls,NONE DETECTED,No,No Apparent Injury,NA,Unknown,MD,Bus - School,Slowing or Stopping,40,No,2014,THOMAS BUILT,SCHOOL BUS,39.10289133,-77.14240097,2024,4,11
240016319,Property Damage Crash,04/08/2024 10:45:00 AM,OLD GEORGETOWN RD,NA,Front to Rear,Clear,Dry,Daylight,No Controls,NONE DETECTED,No,No Apparent Injury,NA,Not Distracted,MD,Passenger Car,Slowing or Stopping,35,No,2021,TOYOTA,CAMRY,39.03699417,-77.12364517,2024,4,10
240016319,Property Damage Crash,04/08/2024 10:45:00 AM,OLD GEORGETOWN RD,NA,Front to Rear,Clear,Dry,Daylight,No Controls,NONE DETECTED,No,No Apparent Injury,"Followed Too Closely, Improper Passing",Not Distracted,MD,Passenger Car,Changing Lanes,35,No,2006,TOYOTA,COROLLA,39.03699417,-77.12364517,2024,4,10