Local Case Number,ACRS Report Type,Crash Date/Time,Road Name,Related Non-Motorist,Collision Type,Weather,Surface Condition,Light,Traffic Control,Driver Substance Abuse,Driver At Fault,Injury Severity,Circumstance,Driver Distracted By,Drivers License State,Vehicle Body Type,Vehicle Movement,Speed Limit,Driverless Vehicle,Vehicle Year,Vehicle Make,Vehicle Model,Latitude,Longitude,Year,Month,Hour
240016310,Property Damage Crash,04/08/2024 10:00:00 AM,RIDGE RD (SB/L),NA,Angle,Clear,Dry,Daylight,Traffic Control Signal,NONE DETECTED,Yes,No Apparent Injury,NA,Talking/listening,MD,Passenger Car,Moving Constant Speed,40,No,2023,CHRYSLER,PACIFICA,39.2162392,-77.23900982,2024,4,10
240016310,Property Damage Crash,04/08/2024 10:00:00 AM,RIDGE RD (SB/L),NA,Angle,Clear,Dry,Daylight,Traffic Control Signal,NONE DETECTED,No,No Apparent Injury,NA,Not Distracted,NA,Passenger Car,Turning Left,40,No,2006,HONDA,ACCORD,39.2162392,-77.23900982,2024,4,10
240016294,Property Damage Crash,04/08/2024 08:30:00 AM,QUINCE ORCHARD RD,NA,Angle,Clear,Dry,Daylight,Traffic Control Signal,NONE DETECTED,No,No Apparent Injury,NA,Not Distracted,MD,Passenger Car,Moving Constant Speed,30,No,2020,HONDA,CIVIC,39.14782317,-77.21790767,2024,4,8
240016294,Property Damage Crash,04/08/2024 08:30:00 AM,QUINCE ORCHARD RD,NA,Angle,Clear,Dry,Daylight,Traffic Control Signal,NONE DETECTED,Yes,No Apparent Injury,Failed to Yield Right-of-Way,Unknown,MD,Pickup,Turning Left,30,No,2003,FORD,F-250,39.14782317,-77.21790767,2024,4,8
240016294,Property Damage Crash,04/08/2024 08:30:00 AM,QUINCE ORCHARD RD,NA,Angle,Clear,Dry,Daylight,Traffic Control Signal,NONE DETECTED,No,No Apparent Injury,NA,Not Distracted,MD,Passenger Car,Stopped in Traffic,25,No,2010,CHEVROLET,EXPRESS,39.14782317,-77.21790767,2024,4,8
240016299,Property Damage Crash,04/08/2024 08:12:00 AM,NA,NA,Single Vehicle,Clear,NA,Daylight,NA,NONE DETECTED,Yes,No Apparent Injury,Failed to Keep in Proper Lane,Not Distracted,MD,Passenger Car,Negotiating a Curve,0,No,2006,FORD,MUSTANG,39.067024,-77.03672551,2024,4,8
240016292,Property Damage Crash,04/08/2024 08:10:00 AM,CONNECTICUT AVE (SB/L),NA,Front to Rear,Clear,Dry,Daylight,No Controls,NONE DETECTED,No,No Apparent Injury,NA,Not Distracted,PA,Other Trucks,Changing Lanes,35,No,2018,PETERBILT,389,39.00290032,-77.07747324,2024,4,8
240016292,Property Damage Crash,04/08/2024 08:10:00 AM,CONNECTICUT AVE (SB/L),NA,Front to Rear,Clear,Dry,Daylight,No Controls,NONE DETECTED,No,No Apparent Injury,NA,Not Distracted,MD,Passenger Car,NA,35,No,2014,NISSAN,PATHFINDER,39.00290032,-77.07747324,2024,4,8
240016291,Property Damage Crash,04/08/2024 07:52:00 AM,CATTAIL RD,NA,Angle,Clear,Dry,Daylight,No Controls,NONE DETECTED,No,No Apparent Injury,NA,Not Distracted,MD,Passenger Car,Moving Constant Speed,35,No,2005,NISSAN,MAXIMA,39.15495672,-77.38982734,2024,4,7
240016291,Property Damage Crash,04/08/2024 07:52:00 AM,CATTAIL RD,NA,Angle,Clear,Dry,Daylight,Stop Sign,NONE DETECTED,No,No Apparent Injury,NA,Unknown,MD,Passenger Car,Turning Left,35,No,2015,TOYOTA,CAMRY,39.15495672,-77.38982734,2024,4,7
240016285,Property Damage Crash,04/08/2024 07:10:00 AM,SPRING TREE DR,NA,Angle,Clear,Dry,Daylight,Traffic Control Signal,NONE DETECTED,No,No Apparent Injury,NA,Unknown,MD,Passenger Car,Making U-Turn,40,No,2018,VOLKSWAGEN,ATLAS,39.06594491,-77.02259598,2024,4,7
240016287,Property Damage Crash,04/08/2024 07:10:00 AM,REEDIE DR,NA,Single Vehicle,Clear,Dry,Daylight,No Controls,NONE DETECTED,No,No Apparent Injury,Other Improper Action,"Manually Operating (dialing, playing game, etc.)",MD,Bus - School,Stopped in Traffic,25,No,2022,FREIGHTLINER,B2 BUS CHASSIS,39.04046605,-77.04284899,2024,4,7
240016285,Property Damage Crash,04/08/2024 07:10:00 AM,SPRING TREE DR,NA,Angle,Clear,Dry,Daylight,Traffic Control Signal,NONE DETECTED,No,No Apparent Injury,NA,Not Distracted,MD,Passenger Car,Moving Constant Speed,40,No,2000,FORD,F-350,39.06594491,-77.02259598,2024,4,7
240016280,Property Damage Crash,04/08/2024 06:20:00 AM,OLNEY LAYTONSVILLE RD,NA,Single Vehicle,Clear,Dry,Daylight,No Controls,NONE DETECTED,Yes,No Apparent Injury,NA,Not Distracted,MD,Passenger Car,NA,40,No,2013,CHEVROLET,EXPRESS,39.16761681,-77.08640227,2024,4,6
240016131,Injury Crash,04/08/2024 01:57:00 AM,NA,NA,Angle,Clear,Dry,Medium,Flashing Traffic Control Signal,NONE DETECTED,No,NA,Failed to Yield Right-of-Way,NA,NA,Pickup,Moving Constant Speed,35,No,2012,TOYOTA,TUNDRA,39.13603893,-76.99486745,2024,4,1
240016131,Injury Crash,04/08/2024 01:57:00 AM,NA,NA,Angle,Clear,Dry,Medium,No Controls,NONE DETECTED,No,No Apparent Injury,NA,Not Distracted,MD,Passenger Car,Moving Constant Speed,45,No,2007,TOYOTA,PRIUS,39.13603893,-76.99486745,2024,4,1
240016272,Injury Crash,04/08/2024 12:50:00 AM,COLUMBIA PIKE,NA,Single Vehicle,Clear,Dry,Medium,No Controls,NONE DETECTED,No,Possible Minor Injury,NA,Not Distracted,MD,Passenger Car,Moving Constant Speed,55,No,2010,KIA,FORTE,39.12342454,-76.92496218,2024,4,0
240016275,Fatal Crash,04/08/2024 12:02:00 AM,VEIRS MILL RD (WB/L),"Other Pedestrian (person in a building, skater, personal conveyance, etc.)",Single Vehicle,Clear,Dry,Medium,Pedestrian Crossing Sign,NONE DETECTED,Yes,No Apparent Injury,Too Fast For Conditions,Unknown,MD,Passenger Car,Moving Constant Speed,35,No,2009,ACURA,TL,39.0438054,-77.06244142,2024,4,0
240016269,Property Damage Crash,04/07/2024 11:40:00 PM,NA,NA,Angle,Clear,NA,Medium,NA,NONE DETECTED,No,No Apparent Injury,NA,Not Distracted,MD,Passenger Car,Parked,0,No,2022,CHEVROLET,SUBURBAN,39.07443195,-77.11453416,2024,4,23
240016269,Property Damage Crash,04/07/2024 11:40:00 PM,NA,NA,Angle,Clear,NA,Medium,NA,NONE DETECTED,Yes,No Apparent Injury,NA,Unknown,MD,Passenger Car,Backing,0,No,2009,TOYOTA,SCION TC,39.07443195,-77.11453416,2024,4,23
240016263,Injury Crash,04/07/2024 11:07:00 PM,COLUMBIA PIKE (SB/L),NA,Front to Rear,Clear,Dry,Medium,Traffic Control Signal,NONE DETECTED,No,No Apparent Injury,NA,Not Distracted,MD,Passenger Car,Stopped in Traffic,55,No,2023,LINCOLN,UNKNOWN,39.09606259,-76.93769291,2024,4,23
240016263,Injury Crash,04/07/2024 11:07:00 PM,COLUMBIA PIKE (SB/L),NA,Front to Rear,Clear,Dry,Medium,Traffic Control Signal,NONE DETECTED,Yes,No Apparent Injury,NA,"Other Action (looking away from task, etc.)",MD,Pickup,Moving Constant Speed,55,No,2019,FORD,F-150,39.09606259,-76.93769291,2024,4,23
240016263,Injury Crash,04/07/2024 11:07:00 PM,COLUMBIA PIKE (SB/L),NA,Front to Rear,Clear,Dry,Medium,Traffic Control Signal,NONE DETECTED,No,Possible Minor Injury,NA,Not Distracted,MD,Passenger Car,Stopped in Traffic,55,No,2005,MINI,COOPER,39.09606259,-76.93769291,2024,4,23
240016261,Property Damage Crash,04/07/2024 10:08:00 PM,NA,NA,Single Vehicle,Clear,Dry,Medium,No Controls,NONE DETECTED,Yes,No Apparent Injury,"Failed to Keep in Proper Lane, Wrong Side",Unknown,MD,Pickup,Moving Constant Speed,25,No,2015,CHEVROLET,COLORADO,39.16815833,-77.289835,2024,4,22
240016259,Property Damage Crash,04/07/2024 10:05:00 PM,NA,NA,Angle,Clear,Dry,Medium,Traffic Control Signal,NONE DETECTED,No,No Apparent Injury,Improper Turn,Not Distracted,MD,Sport Utility Vehicle,Turning Right,35,No,2021,FORD,TRANSIT,38.98740185,-77.02675283,2024,4,22
240016259,Property Damage Crash,04/07/2024 10:05:00 PM,NA,NA,Angle,Clear,Dry,Medium,Traffic Control Signal,NONE DETECTED,No,No Apparent Injury,NA,Not Distracted,MD,Bus - Transit,Slowing or Stopping,35,No,2016,NEW FLYER,TRANSIT BUS,38.98740185,-77.02675283,2024,4,22
240016254,Property Damage Crash,04/07/2024 09:36:00 PM,NA,NA,Single Vehicle,Clear,Dry,Medium,No Controls,NONE DETECTED,No,No Apparent Injury,NA,Talking/listening,MD,Passenger Car,Negotiating a Curve,20,No,2018,MAZDA,CX-5,39.11562866,-77.23762825,2024,4,21
240016240,Property Damage Crash,04/07/2024 07:22:00 PM,HEWITT AVE,NA,Front to Rear,Clear,Dry,Medium,Traffic Control Signal,NONE DETECTED,Yes,No Apparent Injury,"Operated Motor Vehicle in Inattentive, Careless, Negligent, or Erratic Manner",Unknown,MD,Sport Utility Vehicle,Slowing or Stopping,35,No,2016,HONDA,CR-V,39.07742962,-77.0709247,2024,4,19
240016240,Property Damage Crash,04/07/2024 07:22:00 PM,HEWITT AVE,NA,Front to Rear,Clear,Dry,Medium,Traffic Control Signal,NONE DETECTED,No,No Apparent Injury,NA,Not Distracted,MD,Passenger Car,Stopped in Traffic,35,No,2006,HONDA,CIVIC,39.07742962,-77.0709247,2024,4,19
240016240,Property Damage Crash,04/07/2024 07:22:00 PM,HEWITT AVE,NA,Front to Rear,Clear,Dry,Medium,Traffic Control Signal,NONE DETECTED,No,No Apparent Injury,NA,Not Distracted,MD,Sport Utility Vehicle,Stopped in Traffic,35,No,2023,TOYOTA,HIGHLANDER,39.07742962,-77.0709247,2024,4,19
240016232,Property Damage Crash,04/07/2024 06:05:00 PM,COLESVILLE RD,NA,Front to Rear,Clear,Dry,Daylight,Traffic Control Signal,NONE DETECTED,No,NA,NA,NA,NA,Passenger Car,Slowing or Stopping,35,No,2013,BMW,X1,38.9933228,-77.03246822,2024,4,18
240016232,Property Damage Crash,04/07/2024 06:05:00 PM,COLESVILLE RD,NA,Front to Rear,Clear,Dry,Daylight,Traffic Control Signal,NONE DETECTED,No,No Apparent Injury,NA,Not Distracted,MD,Motorcycle - 2 Wheeled,Stopped in Traffic,35,No,2016,INDIAN MOTORCYCLE,ROADMASTER,38.9933228,-77.03246822,2024,4,18
240016205,Injury Crash,04/07/2024 03:15:00 PM,NA,NA,Angle,Clear,Dry,Daylight,Traffic Control Signal,NONE DETECTED,No,No Apparent Injury,Failed to Yield Right-of-Way,Unknown,MD,Passenger Car,Turning Left,40,No,2011,VOLKSWAGEN,GTI,39.11528967,-77.21584183,2024,4,15
240016205,Injury Crash,04/07/2024 03:15:00 PM,NA,NA,Angle,Clear,Dry,Daylight,Traffic Control Signal,NONE DETECTED,No,No Apparent Injury,NA,Not Distracted,MD,Passenger Car,Moving Constant Speed,40,No,2022,TOYOTA,RAV4,39.11528967,-77.21584183,2024,4,15
240016207,Property Damage Crash,04/07/2024 02:53:00 PM,MEMORY LA,NA,Angle,Clear,Dry,Daylight,No Controls,NONE DETECTED,Yes,No Apparent Injury,Improper Backing,"Other Action (looking away from task, etc.)",MD,Sport Utility Vehicle,Backing,15,No,2021,HYUNDAI,SANTA FE,39.0670345,-76.94504607,2024,4,14
240016185,Injury Crash,04/07/2024 12:30:00 PM,EAST WEST HWY (WB/L),NA,Angle,Clear,Dry,Daylight,Traffic Control Signal,NONE DETECTED,No,Possible Minor Injury,NA,Not Distracted,MD,Passenger Car,Moving Constant Speed,30,No,2004,TOYOTA,CAMRY,38.99447545,-77.03635452,2024,4,12
240016185,Injury Crash,04/07/2024 12:30:00 PM,EAST WEST HWY (WB/L),NA,Angle,Clear,Dry,Daylight,Traffic Control Signal,NONE DETECTED,Yes,No Apparent Injury,Failed to Yield Right-of-Way,Not Distracted,MD,Sport Utility Vehicle,Turning Left,30,No,2017,ACURA,MDX,38.99447545,-77.03635452,2024,4,12
240016185,Injury Crash,04/07/2024 12:30:00 PM,EAST WEST HWY (WB/L),NA,Angle,Clear,Dry,Daylight,Traffic Control Signal,NONE DETECTED,No,No Apparent Injury,NA,Not Distracted,DC,Passenger Car,Stopped in Traffic,30,No,2014,VOLKSWAGEN,TIGUAN,38.99447545,-77.03635452,2024,4,12
240016181,Injury Crash,04/07/2024 12:12:00 PM,NA,NA,Angle,Clear,Dry,Daylight,Traffic Control Signal,NONE DETECTED,No,No Apparent Injury,NA,Not Distracted,MD,Pickup,Turning Right,25,No,2010,CHEVROLET,SILVERADO,39.05393394,-77.13805763,2024,4,12
240016181,Injury Crash,04/07/2024 12:12:00 PM,NA,NA,Angle,Clear,Dry,Daylight,Traffic Control Signal,NONE DETECTED,Yes,Possible Minor Injury,"Failed to Yield Right-of-Way, Ran Red Light",Not Distracted,VA,Passenger Car,Moving Constant Speed,35,No,2017,HONDA,ACCORD,39.05393394,-77.13805763,2024,4,12
240016177,Injury Crash,04/07/2024 12:00:00 PM,NO NAME,Pedestrian,Single Vehicle,Clear,Dry,Daylight,Stop Sign,NONE DETECTED,No,No Apparent Injury,NA,Not Distracted,MD,Passenger Car,Moving Constant Speed,25,No,2021,TOYOTA,RAV4,39.12142939,-77.23319732,2024,4,12
240016184,Injury Crash,04/07/2024 11:34:00 AM,DEMOCRACY BLVD (EB/L),NA,Rear To Side,Clear,Dry,Daylight,Traffic Control Signal,NONE DETECTED,No,No Apparent Injury,NA,Not Distracted,DC,Bus - Transit,Moving Constant Speed,35,No,2016,GILLIG,CITY TRANSIT BUS,39.02270078,-77.13234087,2024,4,11
240016183,Property Damage Crash,04/07/2024 11:34:00 AM,DEMOCRACY BLVD (EB/L),NA,"Sideswipe, Same Direction",Clear,Dry,Daylight,Traffic Control Signal,NONE DETECTED,No,No Apparent Injury,NA,Not Distracted,MD,Passenger Car,Moving Constant Speed,35,No,2023,TESLA,MODEL Y,39.02199377,-77.13472968,2024,4,11
240016183,Property Damage Crash,04/07/2024 11:34:00 AM,DEMOCRACY BLVD (EB/L),NA,"Sideswipe, Same Direction",Clear,Dry,Daylight,Traffic Control Signal,NONE DETECTED,Yes,No Apparent Injury,"Failed to Keep in Proper Lane, Failed to Yield Right-of-Way, Improper Turn",Not Distracted,DC,Bus - Transit,Turning Right,35,No,2016,GILLIG,CITY TRANSIT BUS,39.02199377,-77.13472968,2024,4,11
240016184,Injury Crash,04/07/2024 11:34:00 AM,DEMOCRACY BLVD (EB/L),NA,Rear To Side,Clear,Dry,Daylight,Traffic Control Signal,NONE DETECTED,Yes,No Apparent Injury,"Failed to Keep in Proper Lane, Failed to Yield Right-of-Way, Other Improper Action",Not Distracted,MD,Passenger Car,Changing Lanes,35,No,2023,TESLA,MODEL Y,39.02270078,-77.13234087,2024,4,11
240016201,Property Damage Crash,04/07/2024 11:30:00 AM,NA,NA,"Sideswipe, Same Direction",Clear,NA,Daylight,NA,NONE DETECTED,Yes,No Apparent Injury,NA,Not Distracted,MD,Pickup,NA,0,No,2022,TOYOTA,TUNDRA,39.16115916,-77.16322178,2024,4,11
240016168,Property Damage Crash,04/07/2024 11:20:00 AM,RUSSELL AVE,NA,"Sideswipe, Same Direction",Clear,Dry,Daylight,No Controls,NONE DETECTED,No,No Apparent Injury,NA,Not Distracted,MD,Passenger Car,Moving Constant Speed,35,No,2007,HONDA,ODYSSEY,39.15519246,-77.21017761,2024,4,11
240016168,Property Damage Crash,04/07/2024 11:20:00 AM,RUSSELL AVE,NA,"Sideswipe, Same Direction",Clear,Dry,Daylight,No Controls,NONE DETECTED,No,No Apparent Injury,Failed to Keep in Proper Lane,Not Distracted,MD,Passenger Car,Changing Lanes,35,No,2014,CHRYSLER,UNKNOWN,39.15519246,-77.21017761,2024,4,11
240016152,Property Damage Crash,04/07/2024 09:30:00 AM,CONNECTICUT AVE,NA,Single Vehicle,Clear,Dry,Daylight,No Controls,NONE DETECTED,Yes,No Apparent Injury,"Failed to Keep in Proper Lane, Ran Off Roadway",Not Distracted,DC,Passenger Car,Negotiating a Curve,30,No,2015,TOYOTA,PRIUS,38.98762711,-77.07708655,2024,4,9
240016138,Property Damage Crash,04/07/2024 04:11:00 AM,OXBRIDGE DR,NA,Single Vehicle,Clear,Dry,Medium,No Controls,ALCOHOL PRESENT,No,No Apparent Injury,"Operated Motor Vehicle in Inattentive, Careless, Negligent, or Erratic Manner, Ran Off Roadway",Unknown,NA,Pickup,Accelerating,25,No,2019,FORD,F-150,39.1896534,-77.24227022,2024,4,4
240016127,Injury Crash,04/07/2024 12:55:00 AM,COLUMBIA PIKE (SB/L),NA,Front to Front,Clear,Dry,Medium,No Controls,ALCOHOL PRESENT,No,Suspected Serious Injury,NA,Unknown,MD,Passenger Car,Moving Constant Speed,55,No,2023,TESLA,MODEL Y,39.12494317,-76.92434374,2024,4,0
240016127,Injury Crash,04/07/2024 12:55:00 AM,COLUMBIA PIKE (SB/L),NA,Front to Front,Clear,Dry,Medium,No Controls,NONE DETECTED,No,Suspected Serious Injury,NA,Not Distracted,MD,Passenger Car,Moving Constant Speed,55,No,2018,AUDI,S5,39.12494317,-76.92434374,2024,4,0
240016119,Property Damage Crash,04/06/2024 11:28:00 PM,LAYHILL RD (SB/L),NA,Front to Rear,Clear,Dry,Medium,Traffic Control Signal,NONE DETECTED,No,No Apparent Injury,NA,NA,NA,Sport Utility Vehicle,Turning Right,40,No,1999,NISSAN,PATHFINDER,39.09064115,-77.04491778,2024,4,23
240016119,Property Damage Crash,04/06/2024 11:28:00 PM,LAYHILL RD (SB/L),NA,Front to Rear,Clear,Dry,Medium,Traffic Control Signal,NONE DETECTED,No,No Apparent Injury,NA,Not Distracted,MD,Sport Utility Vehicle,Stopped in Traffic,40,No,2005,TOYOTA,4-RUNNER,39.09064115,-77.04491778,2024,4,23
240016110,Property Damage Crash,04/06/2024 10:27:00 PM,SWAN STREAM DR,NA,"Sideswipe, Same Direction",Clear,Dry,Medium,No Controls,NONE DETECTED,No,No Apparent Injury,NA,NA,MD,Passenger Car,Moving Constant Speed,20,No,2006,BMW,325I,39.15548017,-77.15935783,2024,4,22
240016106,Property Damage Crash,04/06/2024 09:00:00 PM,UNIVERSITY BLVD E,NA,Single Vehicle,Clear,Dry,Medium,Traffic Control Signal,NONE DETECTED,No,No Apparent Injury,NA,Not Distracted,MD,Other Trucks,Entering Traffic Lane,0,No,2021,PIERCE MANUFACTURING,UNKNOWN,39.01762272,-77.00698116,2024,4,21
240016102,Injury Crash,04/06/2024 08:26:00 PM,RUSSELL AVE (SB/L),NA,Angle,Clear,Dry,Medium,Stop Sign,NONE DETECTED,No,Possible Minor Injury,Failed to Yield Right-of-Way,Not Distracted,MD,Passenger Car,Turning Left,35,No,2023,TESLA,MODEL Y,39.15992983,-77.21630067,2024,4,20
240016102,Injury Crash,04/06/2024 08:26:00 PM,RUSSELL AVE (SB/L),NA,Angle,Clear,Dry,Medium,No Controls,NONE DETECTED,No,Possible Minor Injury,NA,Not Distracted,MD,Sport Utility Vehicle,Moving Constant Speed,35,No,2004,ACURA,MDX,39.15992983,-77.21630067,2024,4,20
240016096,Injury Crash,04/06/2024 08:01:00 PM,GEORGIA AVE (SB/L),NA,Front to Front,Clear,Dry,Medium,No Controls,NONE DETECTED,No,No Apparent Injury,NA,Not Distracted,MD,Passenger Car,Moving Constant Speed,30,No,2016,FREIGHTLINER,CST112,39.052765,-77.05118833,2024,4,20
240016096,Injury Crash,04/06/2024 08:01:00 PM,GEORGIA AVE (SB/L),NA,Front to Front,Clear,Dry,Medium,No Controls,NONE DETECTED,No,Suspected Serious Injury,NA,Not Distracted,MD,Motorcycle - 2 Wheeled,Moving Constant Speed,30,No,2013,DUCATI,MULTISTRADA,39.052765,-77.05118833,2024,4,20
240016095,Injury Crash,04/06/2024 07:57:00 PM,NEW HAMPSHIRE AVE,NA,Single Vehicle,Clear,Dry,Medium,Other Signal,NONE DETECTED,No,No Apparent Injury,Other Improper Action,Unknown,MD,Passenger Car,Accelerating,35,No,2002,FORD,F-150,38.97684435,-76.99238416,2024,4,19
240016095,Injury Crash,04/06/2024 07:57:00 PM,NEW HAMPSHIRE AVE,NA,Single Vehicle,Clear,Dry,Medium,Other Signal,NONE DETECTED,No,No Apparent Injury,Other Improper Action,Unknown,MD,Passenger Car,Making U-Turn,35,No,2024,CHEVROLET,EQUINOX,38.97684435,-76.99238416,2024,4,19
240016093,Property Damage Crash,04/06/2024 07:25:00 PM,COLESVILLE RD,NA,Single Vehicle,Clear,Dry,Daylight,No Controls,NONE DETECTED,Yes,No Apparent Injury,"Failed to Keep in Proper Lane, Operated Motor Vehicle in Inattentive, Careless, Negligent, or Erratic Manner",Unknown,NA,Passenger Car,Moving Constant Speed,35,No,2009,HONDA,CIVIC,39.01755326,-77.01518615,2024,4,19
240016086,Property Damage Crash,04/06/2024 06:15:00 PM,NA,NA,Single Vehicle,Clear,Dry,Daylight,No Controls,NONE DETECTED,No,No Apparent Injury,Other Improper Action,"Other Action (looking away from task, etc.)",MD,Van - Passenger (&lt;9 Seats),Moving Constant Speed,35,No,2014,HONDA,ODYSSEY,39.11295333,-77.090044,2024,4,18
240016082,Property Damage Crash,04/06/2024 05:36:00 PM,NA,NA,Rear To Side,Clear,Dry,Daylight,Traffic Control Signal,NONE DETECTED,Yes,No Apparent Injury,"Improper Backing, Operated Motor Vehicle in Inattentive, Careless, Negligent, or Erratic Manner",Unknown,MD,Passenger Car,Backing,40,No,2012,HONDA,ACCORD,39.10856705,-77.21181392,2024,4,17
240016082,Property Damage Crash,04/06/2024 05:36:00 PM,NA,NA,Rear To Side,Clear,Dry,Daylight,Traffic Control Signal,NONE DETECTED,No,No Apparent Injury,NA,Not Distracted,MD,Sport Utility Vehicle,Stopped in Traffic,40,No,2023,TESLA,MODEL Y,39.10856705,-77.21181392,2024,4,17
240016076,Property Damage Crash,04/06/2024 05:09:00 PM,RETAIL PL,NA,Other,Clear,Dry,Daylight,No Controls,NONE DETECTED,No,No Apparent Injury,NA,Not Distracted,MD,Passenger Car,Turning Left,25,No,2018,HONDA,ACCORD,39.17030833,-77.20526,2024,4,17
240016076,Property Damage Crash,04/06/2024 05:09:00 PM,RETAIL PL,NA,Other,Clear,Dry,Daylight,Stop Sign,NONE DETECTED,Yes,No Apparent Injury,Failed to Yield Right-of-Way,Unknown,MD,Passenger Car,Turning Left,15,No,2018,NISSAN,ROGUE,39.17030833,-77.20526,2024,4,17
240016073,Injury Crash,04/06/2024 04:00:00 PM,TRAMS WAY,NA,Angle,Clear,Dry,Daylight,Stop Sign,NONE DETECTED,Yes,No Apparent Injury,NA,Not Distracted,MD,Passenger Car,Turning Left,35,No,2007,TOYOTA,COROLLA,39.17735683,-77.18944484,2024,4,16
240016073,Injury Crash,04/06/2024 04:00:00 PM,TRAMS WAY,NA,Angle,Clear,Dry,Daylight,No Controls,NONE DETECTED,No,Possible Minor Injury,NA,Not Distracted,MD,Passenger Car,Moving Constant Speed,35,No,2003,MERCEDES-BENZ,C-CLASS,39.17735683,-77.18944484,2024,4,16
240016072,Injury Crash,04/06/2024 02:56:00 PM,SMOKETREE RD,NA,Single Vehicle,Clear,Dry,Daylight,No Controls,DRUG AND ALCOHOL CONTRIBUTED,Yes,Possible Minor Injury,NA,Unknown,MD,Passenger Car,NA,15,No,2017,MERCEDES-BENZ,C-CLASS,39.05280505,-77.16479884,2024,4,14
240016063,Property Damage Crash,04/06/2024 02:29:00 PM,FENTON ST,NA,Front to Rear,Clear,Dry,Daylight,No Controls,NONE DETECTED,No,No Apparent Injury,NA,Not Distracted,MD,Bus - Transit,Stopped in Traffic,25,No,2016,GILLIG,LOW FLOOR BUS,38.99717431,-77.02577293,2024,4,14
240016063,Property Damage Crash,04/06/2024 02:29:00 PM,FENTON ST,NA,Front to Rear,Clear,Dry,Daylight,No Controls,NONE DETECTED,No,No Apparent Injury,Improper Backing,Unknown,NA,Passenger Car,Backing,25,No,2015,HYUNDAI,SONATA,38.99717431,-77.02577293,2024,4,14
240016061,Property Damage Crash,04/06/2024 01:46:00 PM,PINEY BRANCH RD,NA,Front to Rear,Clear,Dry,Daylight,Traffic Control Signal,NONE DETECTED,No,No Apparent Injury,NA,Not Distracted,MD,Bus - Transit,Slowing or Stopping,35,No,2011,GILLIG,SHUTTLE BUS,38.99934957,-76.99588477,2024,4,13
240016061,Property Damage Crash,04/06/2024 01:46:00 PM,PINEY BRANCH RD,NA,Front to Rear,Clear,Dry,Daylight,Traffic Control Signal,NONE DETECTED,No,No Apparent Injury,NA,Not Distracted,MD,Passenger Car,Moving Constant Speed,35,No,2014,HONDA,ACCORD,38.99934957,-76.99588477,2024,4,13
240016061,Property Damage Crash,04/06/2024 01:46:00 PM,PINEY BRANCH RD,NA,Front to Rear,Clear,Dry,Daylight,Traffic Control Signal,NONE DETECTED,Yes,No Apparent Injury,"Operated Motor Vehicle in Inattentive, Careless, Negligent, or Erratic Manner",Not Distracted,MD,Other Trucks,Moving Constant Speed,35,No,2022,KWIK LOAD,UNKNOWN,38.99934957,-76.99588477,2024,4,13
240016054,Property Damage Crash,04/06/2024 12:40:00 PM,W MONTGOMERY AVE (WB/L),NA,Front to Rear,Clear,Dry,Daylight,Traffic Control Signal,NONE DETECTED,No,No Apparent Injury,NA,Not Distracted,MD,Sport Utility Vehicle,Slowing or Stopping,40,No,2012,AUDI,Q5,39.09921367,-77.18411267,2024,4,12
240016054,Property Damage Crash,04/06/2024 12:40:00 PM,W MONTGOMERY AVE (WB/L),NA,Front to Rear,Clear,Dry,Daylight,Traffic Control Signal,NONE DETECTED,No,No Apparent Injury,NA,Not Distracted,MD,Van - Cargo,Slowing or Stopping,40,No,2020,MERCEDES-BENZ,SPRINTER,39.09921367,-77.18411267,2024,4,12
240016048,Injury Crash,04/06/2024 12:23:00 PM,GREAT SENECA HWY,Cyclist (non-electric),Single Vehicle,Cloudy,Dry,Daylight,Pedestrian Crossing,NONE DETECTED,No,No Apparent Injury,NA,Not Distracted,MD,Sport Utility Vehicle,Accelerating,35,No,2015,HONDA,CR-V,39.17502518,-77.26104048,2024,4,12