Local Case Number,ACRS Report Type,Crash Date/Time,Road Name,Related Non-Motorist,Collision Type,Weather,Surface Condition,Light,Traffic Control,Driver Substance Abuse,Driver At Fault,Injury Severity,Circumstance,Driver Distracted By,Drivers License State,Vehicle Body Type,Vehicle Movement,Speed Limit,Driverless Vehicle,Vehicle Year,Vehicle Make,Vehicle Model,Latitude,Longitude,Year,Month,Hour
240016049,Injury Crash,04/06/2024 12:20:00 PM,ROCKVILLE PIKE,Pedestrian,Single Vehicle,Clear,Dry,Daylight,No Controls,NONE DETECTED,No,No Apparent Injury,Failed to Yield Right-of-Way,Unknown,MD,Passenger Car,Turning Right,0,No,2017,CHEVROLET,TRAX,39.06473867,-77.1262035,2024,4,12
240016041,Injury Crash,04/06/2024 11:00:00 AM,NA,NA,"Sideswipe, Opposite Direction",Cloudy,Dry,Daylight,No Controls,NONE DETECTED,Yes,No Apparent Injury,"Failed to Keep in Proper Lane, Improper Passing",Not Distracted,MD,Pickup,Overtaking/Passing,40,No,2004,DODGE,RAM,39.10700874,-76.94341851,2024,4,11
240016041,Injury Crash,04/06/2024 11:00:00 AM,NA,NA,"Sideswipe, Opposite Direction",Cloudy,Dry,Daylight,No Controls,NONE DETECTED,No,Possible Minor Injury,NA,Not Distracted,MD,Passenger Car,Moving Constant Speed,40,No,2019,TOYOTA,RAV4,39.10700874,-76.94341851,2024,4,11
240016041,Injury Crash,04/06/2024 11:00:00 AM,NA,NA,"Sideswipe, Opposite Direction",Cloudy,Dry,Daylight,No Controls,NONE DETECTED,No,No Apparent Injury,NA,Not Distracted,MD,Single-Unit Truck,Moving Constant Speed,40,No,2005,BCT,BOX CANYON,39.10700874,-76.94341851,2024,4,11
240016029,Property Damage Crash,04/06/2024 09:20:00 AM,NEW HAMPSHIRE AVE,NA,Front to Rear,Clear,Dry,Daylight,No Controls,NONE DETECTED,Yes,No Apparent Injury,Followed Too Closely,Unknown,NJ,Passenger Car,Moving Constant Speed,35,No,2012,VOLKSWAGEN,GOLF,39.015926,-76.977515,2024,4,9
240016029,Property Damage Crash,04/06/2024 09:20:00 AM,NEW HAMPSHIRE AVE,NA,Front to Rear,Clear,Dry,Daylight,No Controls,NONE DETECTED,No,No Apparent Injury,NA,Not Distracted,MD,Sport Utility Vehicle,Moving Constant Speed,35,No,2023,ACURA,MDX,39.015926,-76.977515,2024,4,9
240016018,Property Damage Crash,04/06/2024 06:14:00 AM,NA,NA,Angle,Clear,Dry,Daylight,Traffic Control Signal,NONE DETECTED,Yes,No Apparent Injury,Failed to Yield Right-of-Way,Unknown,MD,Sport Utility Vehicle,Turning Right,30,No,2020,TOYOTA,HIGHLANDER,39.15890267,-77.27521,2024,4,6
240016018,Property Damage Crash,04/06/2024 06:14:00 AM,NA,NA,Angle,Clear,Dry,Daylight,Traffic Control Signal,NONE DETECTED,No,No Apparent Injury,NA,Not Distracted,NJ,Passenger Car,Moving Constant Speed,30,No,2016,FORD,FUSION,39.15890267,-77.27521,2024,4,6
240016017,Injury Crash,04/06/2024 05:58:00 AM,NEW HAMPSHIRE AVE,NA,Rear To Side,Clear,Dry,Medium,Traffic Control Signal,NONE DETECTED,No,NA,"Failed to Yield Right-of-Way, Ran Red Light",Unknown,NA,Passenger Car,Turning Right,35,No,0,NA,NA,39.02229508,-76.97738208,2024,4,5
240016017,Injury Crash,04/06/2024 05:58:00 AM,NEW HAMPSHIRE AVE,NA,Rear To Side,Clear,Dry,Medium,Traffic Control Signal,NONE DETECTED,No,Possible Minor Injury,NA,Not Distracted,MD,Passenger Car,Moving Constant Speed,35,No,2017,TOYOTA,CAMRY,39.02229508,-76.97738208,2024,4,5
240016014,Property Damage Crash,04/06/2024 03:30:00 AM,MOTOR CITY DR,NA,Front to Rear,Clear,Dry,Medium,No Controls,NONE DETECTED,No,No Apparent Injury,Followed Too Closely,Not Distracted,MD,Passenger Car,Slowing or Stopping,25,No,2014,DODGE,CHARGER,39.02654914,-77.14398587,2024,4,3
240016009,Injury Crash,04/06/2024 01:30:00 AM,CRYSTAL ROCK DR,NA,Rear To Side,Clear,Dry,Medium,Flashing Traffic Control Signal,ALCOHOL PRESENT,No,Possible Minor Injury,Disregarded Other Traffic Sign,Unknown,VA,Sport Utility Vehicle,Moving Constant Speed,40,No,2001,LINCOLN,NAVIGATOR,39.18088183,-77.26208801,2024,4,1
240016009,Injury Crash,04/06/2024 01:30:00 AM,CRYSTAL ROCK DR,NA,Rear To Side,Clear,Dry,Medium,Flashing Traffic Control Signal,NONE DETECTED,No,Possible Minor Injury,NA,Not Distracted,MD,Passenger Car,Moving Constant Speed,40,No,2020,HYUNDAI,ACCENT,39.18088183,-77.26208801,2024,4,1
240016002,Property Damage Crash,04/05/2024 10:53:00 PM,NA,NA,Front to Front,Clear,Dry,Medium,Traffic Control Signal,NONE DETECTED,No,No Apparent Injury,NA,Not Distracted,MD,Passenger Car,Slowing or Stopping,30,No,2009,HONDA,CIVIC,39.15629173,-77.16549349,2024,4,22
240016002,Property Damage Crash,04/05/2024 10:53:00 PM,NA,NA,Front to Front,Clear,Dry,Medium,Traffic Control Signal,NONE DETECTED,No,No Apparent Injury,"Failed to Keep in Proper Lane, Operated Motor Vehicle in Inattentive, Careless, Negligent, or Erratic Manner, Operated Motor Vehicle in Reckless or Aggressive Manner, Wrong Side",Unknown,NA,Passenger Car,Moving Constant Speed,30,No,2011,DODGE,AVENGER,39.15629173,-77.16549349,2024,4,22
240016002,Property Damage Crash,04/05/2024 10:53:00 PM,NA,NA,Front to Front,Clear,Dry,Medium,Traffic Control Signal,NONE DETECTED,No,No Apparent Injury,NA,Not Distracted,MD,Passenger Car,Stopped in Traffic,30,No,2018,FORD,ESCAPE,39.15629173,-77.16549349,2024,4,22
240016003,Fatal Crash,04/05/2024 10:12:00 PM,RANDOLPH RD (WB/L),Pedestrian,Single Vehicle,Clear,Dry,Dark,No Controls,NONE DETECTED,Yes,Possible Minor Injury,NA,Unknown,MD,Passenger Car,Leaving Traffic Lane,40,No,2023,HONDA,ODYSSEY,39.07065997,-77.0127855,2024,4,22
240016003,Fatal Crash,04/05/2024 10:12:00 PM,RANDOLPH RD (WB/L),Pedestrian,Single Vehicle,Clear,Dry,Dark,No Controls,NONE DETECTED,Yes,No Apparent Injury,NA,Unknown,MD,Passenger Car,NA,40,No,2009,ACURA,TL,39.07065997,-77.0127855,2024,4,22
240015985,Property Damage Crash,04/05/2024 08:04:00 PM,MONTROSE RD (WB/L),NA,Front to Rear,Clear,Dry,Medium,Pedestrian Crossing Sign,NONE DETECTED,No,No Apparent Injury,NA,Not Distracted,MD,Van - Passenger (&lt;9 Seats),Stopped in Traffic,35,No,2010,HONDA,ODYSSEY,39.05312833,-77.12993833,2024,4,20
240015985,Property Damage Crash,04/05/2024 08:04:00 PM,MONTROSE RD (WB/L),NA,Front to Rear,Clear,Dry,Medium,Pedestrian Crossing Sign,NONE DETECTED,Yes,No Apparent Injury,Followed Too Closely,Unknown,MD,Passenger Car,Slowing or Stopping,35,No,2014,MERCEDES-BENZ,CLA-CLASS,39.05312833,-77.12993833,2024,4,20
240015966,Property Damage Crash,04/05/2024 05:14:00 PM,ENNALLS AVE,NA,"Sideswipe, Opposite Direction",Clear,Dry,Daylight,No Controls,NONE DETECTED,No,No Apparent Injury,NA,Not Distracted,MD,Passenger Car,Moving Constant Speed,25,No,2009,FORD,FOCUS,39.04082158,-77.05214087,2024,4,17
240015966,Property Damage Crash,04/05/2024 05:14:00 PM,ENNALLS AVE,NA,"Sideswipe, Opposite Direction",Clear,Dry,Daylight,No Controls,NONE DETECTED,No,NA,NA,NA,NA,Passenger Car,Accelerating,25,No,2021,LEXUS,LX,39.04082158,-77.05214087,2024,4,17
240015964,Property Damage Crash,04/05/2024 04:57:00 PM,NA,NA,Other,Cloudy,NA,Daylight,NA,NONE DETECTED,No,No Apparent Injury,NA,Not Distracted,MD,Bus - School,Parked,0,No,2015,FREIGHTLINER,B2 BUS CHASSIS,39.29109465,-77.20249304,2024,4,16
240015964,Property Damage Crash,04/05/2024 04:57:00 PM,NA,NA,Other,Cloudy,NA,Daylight,NA,NONE DETECTED,Yes,No Apparent Injury,Improper Backing,Unknown,MD,Sport Utility Vehicle,Backing,0,No,2005,HONDA,CR-V,39.29109465,-77.20249304,2024,4,16
240015962,Property Damage Crash,04/05/2024 04:54:00 PM,CLARKSBURG RD,NA,Single Vehicle,Clear,Dry,Daylight,No Controls,NONE DETECTED,No,No Apparent Injury,Ran Off Roadway,Unknown,MD,Sport Utility Vehicle,NA,25,No,2011,FORD,EXPLORER,39.24785886,-77.27683427,2024,4,16
240015967,Property Damage Crash,04/05/2024 04:27:00 PM,NA,NA,Angle,Clear,NA,Daylight,NA,NONE DETECTED,No,No Apparent Injury,Improper Turn,Not Distracted,MD,Other Trucks,Making U-Turn,0,No,2019,SEAGRAVE,LADDER,39.1073566,-77.18281191,2024,4,16
240015954,Property Damage Crash,04/05/2024 04:16:00 PM,MERRIMAC DR,NA,Other,Clear,Dry,Daylight,No Controls,NONE DETECTED,No,No Apparent Injury,NA,Not Distracted,MD,Passenger Car,Moving Constant Speed,30,No,2018,HONDA,CIVIC,38.99252969,-76.99147282,2024,4,16
240015954,Property Damage Crash,04/05/2024 04:16:00 PM,MERRIMAC DR,NA,Other,Clear,Dry,Daylight,No Controls,NONE DETECTED,No,NA,NA,NA,NA,Passenger Car,Accelerating,30,No,2015,NISSAN,SENTRA,38.99252969,-76.99147282,2024,4,16
240014904,Injury Crash,04/05/2024 03:52:00 PM,WASHINGTONIAN BLVD,NA,Front to Rear,Clear,Dry,Daylight,No Controls,NONE DETECTED,No,Possible Minor Injury,NA,Not Distracted,MD,Bus - Transit,Slowing or Stopping,20,No,2017,GILLIG,CITY TRANSIT BUS,39.11642253,-77.1991862,2024,4,15
240014904,Injury Crash,04/05/2024 03:52:00 PM,WASHINGTONIAN BLVD,NA,Front to Rear,Clear,Dry,Daylight,No Controls,NONE DETECTED,No,NA,NA,NA,NA,NA,NA,20,No,0,NA,NA,39.11642253,-77.1991862,2024,4,15
240015941,Injury Crash,04/05/2024 03:04:00 PM,NA,NA,Front to Front,Clear,NA,Daylight,NA,NONE DETECTED,No,Possible Minor Injury,NA,Not Distracted,MD,Passenger Car,Parked,0,No,2019,TOYOTA,UNKNOWN,39.06584567,-77.15970067,2024,4,15
240015941,Injury Crash,04/05/2024 03:04:00 PM,NA,NA,Front to Front,Clear,NA,Daylight,NA,NONE DETECTED,Yes,No Apparent Injury,"Failed to Keep in Proper Lane, Over-Correcting/Over-Steering",Unknown,MD,Passenger Car,NA,0,No,2023,TOYOTA,UNKNOWN,39.06584567,-77.15970067,2024,4,15
240015925,Property Damage Crash,04/05/2024 02:00:00 PM,NA,NA,Angle,Cloudy,Dry,Daylight,Traffic Control Signal,NONE DETECTED,No,No Apparent Injury,NA,Not Distracted,MD,Passenger Car,Stopped in Traffic,35,No,2019,TOYOTA,HIGHLANDER,39.1475472,-77.23312848,2024,4,14
240015925,Property Damage Crash,04/05/2024 02:00:00 PM,NA,NA,Angle,Cloudy,Dry,Daylight,Traffic Control Signal,NONE DETECTED,No,No Apparent Injury,NA,Not Distracted,MD,Passenger Car,Moving Constant Speed,35,No,2018,FORD,FOCUS,39.1475472,-77.23312848,2024,4,14
240015925,Property Damage Crash,04/05/2024 02:00:00 PM,NA,NA,Angle,Cloudy,Dry,Daylight,Traffic Control Signal,NONE DETECTED,No,No Apparent Injury,"Failed to Yield Right-of-Way, Improper Turn",Not Distracted,MD,Passenger Car,Turning Left,35,No,2016,HYUNDAI,SONATA,39.1475472,-77.23312848,2024,4,14
240015928,Property Damage Crash,04/05/2024 01:53:00 PM,NA,NA,Angle,Clear,Dry,Daylight,No Controls,NONE DETECTED,No,No Apparent Injury,NA,Unknown,MD,Passenger Car,Backing,30,No,2018,MERCEDES-BENZ,UNKNOWN,39.04151151,-77.16966196,2024,4,13
240015928,Property Damage Crash,04/05/2024 01:53:00 PM,NA,NA,Angle,Clear,Dry,Daylight,No Controls,NONE DETECTED,No,No Apparent Injury,NA,Unknown,MD,Passenger Car,NA,30,No,2010,MERCEDES-BENZ,UNKNOWN,39.04151151,-77.16966196,2024,4,13
240015910,Injury Crash,04/05/2024 01:00:00 PM,GREAT SENECA HWY (SB/L),NA,Rear To Side,Clear,Dry,Daylight,Traffic Control Signal,NONE DETECTED,No,No Apparent Injury,NA,Unknown,OR,Passenger Car,Moving Constant Speed,50,No,2018,CHEVROLET,EQUINOX,39.1206574,-77.22526271,2024,4,13
240015910,Injury Crash,04/05/2024 01:00:00 PM,GREAT SENECA HWY (SB/L),NA,Rear To Side,Clear,Dry,Daylight,Traffic Control Signal,NONE DETECTED,No,Possible Minor Injury,NA,Not Distracted,MD,Passenger Car,Moving Constant Speed,50,No,2019,LEXUS,RX,39.1206574,-77.22526271,2024,4,13
240015906,Property Damage Crash,04/05/2024 12:30:00 PM,ROYAL DOMINION DR,NA,Single Vehicle,Clear,Dry,Daylight,No Controls,NONE DETECTED,Yes,No Apparent Injury,NA,Not Distracted,MD,Passenger Car,Turning Left,35,No,2023,TOYOTA,GR86,38.9890187,-77.14954842,2024,4,12
240015899,Property Damage Crash,04/05/2024 12:30:00 PM,NA,NA,"Sideswipe, Opposite Direction",Cloudy,NA,Daylight,NA,NONE DETECTED,No,NA,NA,NA,NA,Passenger Car,Backing,0,No,2021,VOLKSWAGEN,JETTA,39.05644822,-76.96555765,2024,4,12
240015881,Property Damage Crash,04/05/2024 10:43:00 AM,FERNDALE ST,NA,Rear To Side,Cloudy,Dry,Daylight,No Controls,NONE DETECTED,No,No Apparent Injury,Improper Backing,Unknown,NA,Other,Moving Constant Speed,25,No,0,NA,NA,39.02656667,-77.06553333,2024,4,10
240015862,Property Damage Crash,04/05/2024 09:13:00 AM,WISCONSIN AVE (SB/L),NA,"Sideswipe, Same Direction",Clear,Dry,Daylight,Traffic Control Signal,NONE DETECTED,No,No Apparent Injury,NA,Not Distracted,MD,Bus - Transit,Turning Right,25,No,2019,NEW FLYER,TRANSIT BUS,38.99281712,-77.09611505,2024,4,9
240015862,Property Damage Crash,04/05/2024 09:13:00 AM,WISCONSIN AVE (SB/L),NA,"Sideswipe, Same Direction",Clear,Dry,Daylight,Traffic Control Signal,NONE DETECTED,No,No Apparent Injury,NA,NA,NA,Pickup,Moving Constant Speed,25,No,0,NA,NA,38.99281712,-77.09611505,2024,4,9
240015857,Injury Crash,04/05/2024 08:52:00 AM,CONNECTICUT AVE (SB/L),NA,Angle,Clear,Dry,Daylight,Stop Sign,NONE DETECTED,No,Possible Minor Injury,NA,Not Distracted,DC,Passenger Car,Moving Constant Speed,30,No,2012,HYUNDAI,TUCSON,38.98556167,-77.07716667,2024,4,8
240015857,Injury Crash,04/05/2024 08:52:00 AM,CONNECTICUT AVE (SB/L),NA,Angle,Clear,Dry,Daylight,Stop Sign,NONE DETECTED,Yes,No Apparent Injury,Failed to Yield Right-of-Way,Unknown,MD,Other,Moving Constant Speed,30,No,2011,ISUZU,UNKNOWN,38.98556167,-77.07716667,2024,4,8
240015853,Injury Crash,04/05/2024 08:30:00 AM,NA,NA,Angle,Cloudy,Dry,Daylight,"Person (including flagger, law enforcement, crossing guard, etc.",NONE DETECTED,No,Possible Minor Injury,Failed to Yield Right-of-Way,Not Distracted,MD,Passenger Car,Moving Constant Speed,35,No,2016,TOYOTA,CAMRY,39.13958451,-77.13287429,2024,4,8
240015853,Injury Crash,04/05/2024 08:30:00 AM,NA,NA,Angle,Cloudy,Dry,Daylight,"Person (including flagger, law enforcement, crossing guard, etc.",NONE DETECTED,Yes,No Apparent Injury,NA,Not Distracted,MD,Bus - School,Turning Left,35,No,2020,THOMAS BUILT,SCHOOL BUS,39.13958451,-77.13287429,2024,4,8
240015850,Property Damage Crash,04/05/2024 08:15:00 AM,NEW HAMPSHIRE AVE,NA,"Sideswipe, Same Direction",Clear,Dry,Daylight,No Controls,NONE DETECTED,Yes,No Apparent Injury,Other Improper Action,Not Distracted,MD,Passenger Car,Changing Lanes,40,No,2019,HONDA,CIVIC,39.037623,-76.98963067,2024,4,8
240015850,Property Damage Crash,04/05/2024 08:15:00 AM,NEW HAMPSHIRE AVE,NA,"Sideswipe, Same Direction",Clear,Dry,Daylight,No Controls,NONE DETECTED,No,No Apparent Injury,NA,Not Distracted,MD,Pickup,Moving Constant Speed,40,No,2007,FORD,F-150,39.037623,-76.98963067,2024,4,8
240015851,Property Damage Crash,04/05/2024 07:55:00 AM,SOUTH DR,NA,"Sideswipe, Same Direction",Clear,Dry,Daylight,No Controls,NONE DETECTED,No,No Apparent Injury,NA,Not Distracted,VA,Bus - Mini,Parked,15,No,2018,FORD,UNKNOWN,38.9995945,-77.09801917,2024,4,7
240015851,Property Damage Crash,04/05/2024 07:55:00 AM,SOUTH DR,NA,"Sideswipe, Same Direction",Clear,Dry,Daylight,No Controls,NONE DETECTED,Yes,No Apparent Injury,NA,Not Distracted,MD,Bus - Transit,Overtaking/Passing,15,No,2022,NEW FLYER,TRANSIT BUS,38.9995945,-77.09801917,2024,4,7
240015842,Property Damage Crash,04/05/2024 07:15:00 AM,NA,NA,Angle,Clear,NA,Medium,NA,NONE DETECTED,No,NA,NA,NA,NA,Passenger Car,Parked,0,No,2017,FORD,EDGE,39.2255451,-77.27168364,2024,4,7
240015842,Property Damage Crash,04/05/2024 07:15:00 AM,NA,NA,Angle,Clear,NA,Medium,NA,NONE DETECTED,Yes,No Apparent Injury,NA,Not Distracted,MD,Bus - School,Backing,0,No,2016,THOMAS BUILT,SCHOOL BUS,39.2255451,-77.27168364,2024,4,7
240015841,Property Damage Crash,04/05/2024 06:45:00 AM,GEORGIA AVE (SB/L),NA,Single Vehicle,Clear,Dry,Daylight,Traffic Control Signal,NONE DETECTED,No,No Apparent Injury,Followed Too Closely,Unknown,MD,Bus - Transit,Turning Right,35,No,2022,NEW FLYER,548,39.04135795,-77.05195075,2024,4,6
240015841,Property Damage Crash,04/05/2024 06:45:00 AM,GEORGIA AVE (SB/L),NA,Single Vehicle,Clear,Dry,Daylight,Traffic Control Signal,NONE DETECTED,No,No Apparent Injury,NA,Unknown,NA,Unknown,Turning Right,35,No,0,NA,NA,39.04135795,-77.05195075,2024,4,6
240015827,Property Damage Crash,04/05/2024 01:18:00 AM,NA,NA,Single Vehicle,Clear,Wet,Medium,No Controls,ALCOHOL PRESENT,Yes,No Apparent Injury,Too Fast For Conditions,Unknown,MD,Passenger Car,Negotiating a Curve,35,No,2004,JEEP,GRAND CHEROKEE,39.1845413,-77.31298602,2024,4,1
240015821,Property Damage Crash,04/04/2024 11:30:00 PM,NA,NA,Angle,Clear,Dry,Medium,No Controls,ALCOHOL PRESENT,Yes,No Apparent Injury,Failed to Yield Right-of-Way,Not Distracted,VA,Sport Utility Vehicle,Turning Left,35,No,2008,JEEP,LIBERTY,39.10984787,-76.99656845,2024,4,23
240015821,Property Damage Crash,04/04/2024 11:30:00 PM,NA,NA,Angle,Clear,Dry,Medium,No Controls,ALCOHOL PRESENT,No,No Apparent Injury,NA,Not Distracted,MD,Passenger Car,Moving Constant Speed,35,No,2006,CADILLAC,STS,39.10984787,-76.99656845,2024,4,23
240015806,Injury Crash,04/04/2024 09:44:00 PM,GERMANTOWN RD (SB/L),NA,Front to Rear,Clear,Dry,Medium,Traffic Control Signal,NONE DETECTED,No,Possible Minor Injury,NA,Not Distracted,MD,Sport Utility Vehicle,Slowing or Stopping,45,No,2018,TOYOTA,RAV4,39.19208959,-77.24269564,2024,4,21
240015806,Injury Crash,04/04/2024 09:44:00 PM,GERMANTOWN RD (SB/L),NA,Front to Rear,Clear,Dry,Medium,Traffic Control Signal,NONE DETECTED,Yes,No Apparent Injury,"Operated Motor Vehicle in Inattentive, Careless, Negligent, or Erratic Manner","Other Action (looking away from task, etc.)",MD,Passenger Car,Moving Constant Speed,45,No,2012,HONDA,CIVIC,39.19208959,-77.24269564,2024,4,21
240015807,Property Damage Crash,04/04/2024 09:43:00 PM,NA,NA,Single Vehicle,Clear,NA,Dark,NA,NONE DETECTED,No,No Apparent Injury,NA,Not Distracted,NA,Passenger Car,Accelerating,0,No,2021,TOYOTA,CAMRY,39.04276065,-76.98758479,2024,4,21
240015798,Property Damage Crash,04/04/2024 07:55:00 PM,OLD RANDOLPH RD,NA,Front to Rear,Clear,Wet,Medium,No Controls,NONE DETECTED,No,No Apparent Injury,NA,Not Distracted,NV,Sport Utility Vehicle,Moving Constant Speed,35,No,2012,BMW,X5,39.06504347,-77.0371636,2024,4,19
240015798,Property Damage Crash,04/04/2024 07:55:00 PM,OLD RANDOLPH RD,NA,Front to Rear,Clear,Wet,Medium,No Controls,NONE DETECTED,Yes,No Apparent Injury,Other Improper Action,Not Distracted,MD,Passenger Car,NA,35,No,2013,VOLKSWAGEN,PASSAT,39.06504347,-77.0371636,2024,4,19
240015786,Property Damage Crash,04/04/2024 06:49:00 PM,NO NAME (WB/L),NA,Single Vehicle,Clear,Wet,Daylight,Yield Sign,NONE DETECTED,No,No Apparent Injury,"Failed to Keep in Proper Lane, Improper Passing, Improper Turn, Ran Off Roadway, Too Fast For Conditions",Unknown,MD,Passenger Car,Moving Constant Speed,25,No,2010,HONDA,ACCORD,39.02206294,-77.10215336,2024,4,18
240015730,Property Damage Crash,04/04/2024 06:39:00 PM,NA,NA,Rear To Rear,Clear,NA,Daylight,NA,NONE DETECTED,No,No Apparent Injury,NA,Not Distracted,MD,Sport Utility Vehicle,Parked,0,No,2016,TOYOTA,HIGHLANDER,39.07980598,-77.07959095,2024,4,18
240016583,Property Damage Crash,04/04/2024 06:39:00 PM,INDEPENDENCE ST,NA,"Sideswipe, Same Direction",Clear,Dry,Daylight,No Controls,DRUG PRESENT,Yes,No Apparent Injury,NA,Not Distracted,NA,Van - Passenger (&lt;9 Seats),Moving Constant Speed,25,No,2014,CHEVROLET,EXPRESS,39.07380507,-77.0895634,2024,4,18
240015730,Property Damage Crash,04/04/2024 06:39:00 PM,NA,NA,Rear To Rear,Clear,NA,Daylight,NA,NONE DETECTED,No,NA,NA,NA,NA,Van - Passenger (&lt;9 Seats),Backing,0,No,2014,CHEVROLET,EXPRESS,39.07980598,-77.07959095,2024,4,18
240015422,Injury Crash,04/04/2024 06:37:00 PM,COLESVILLE RD,NA,Front to Front,Clear,Dry,Daylight,Lane Use Control Signal,ALCOHOL PRESENT,Yes,Possible Minor Injury,NA,Unknown,MD,Passenger Car,Moving Constant Speed,35,No,2018,JEEP,WRANGLER,39.00671985,-77.02141221,2024,4,18
240015422,Injury Crash,04/04/2024 06:37:00 PM,COLESVILLE RD,NA,Front to Front,Clear,Dry,Daylight,Lane Use Control Signal,ALCOHOL PRESENT,No,Possible Minor Injury,NA,Not Distracted,MD,Passenger Car,Stopped in Traffic,35,No,2018,HYUNDAI,SANTA FE,39.00671985,-77.02141221,2024,4,18
240015777,Property Damage Crash,04/04/2024 06:18:00 PM,FREDERICK RD (SB/L),NA,Rear To Side,Cloudy,Wet,Daylight,Stop Sign,NONE DETECTED,Yes,No Apparent Injury,Failed to Yield Right-of-Way,Not Distracted,MD,Passenger Car,Turning Left,25,No,2017,HYUNDAI,SONATA,39.18996934,-77.24166369,2024,4,18
240015777,Property Damage Crash,04/04/2024 06:18:00 PM,FREDERICK RD (SB/L),NA,Rear To Side,Cloudy,Wet,Daylight,No Controls,NONE DETECTED,No,No Apparent Injury,NA,Not Distracted,MD,Sport Utility Vehicle,Moving Constant Speed,45,No,2024,HONDA,CR-V,39.18996934,-77.24166369,2024,4,18
240015772,Property Damage Crash,04/04/2024 05:59:00 PM,NA,NA,Front to Rear,Clear,Wet,Daylight,Yield Sign,NONE DETECTED,No,No Apparent Injury,NA,Not Distracted,MD,Passenger Car,Slowing or Stopping,30,No,2019,VOLKSWAGEN,JETTA,39.215575,-77.25278167,2024,4,17
240015772,Property Damage Crash,04/04/2024 05:59:00 PM,NA,NA,Front to Rear,Clear,Wet,Daylight,Yield Sign,NONE DETECTED,Yes,No Apparent Injury,Too Fast For Conditions,Unknown,MD,Passenger Car,Moving Constant Speed,30,No,2022,TOYOTA,CAMRY,39.215575,-77.25278167,2024,4,17
240015772,Property Damage Crash,04/04/2024 05:59:00 PM,NA,NA,Front to Rear,Clear,Wet,Daylight,Yield Sign,NONE DETECTED,No,No Apparent Injury,NA,Not Distracted,MD,Sport Utility Vehicle,Slowing or Stopping,30,No,2016,LINCOLN,NAVIGATOR,39.215575,-77.25278167,2024,4,17
240015770,Property Damage Crash,04/04/2024 05:51:00 PM,SHADYGROVE METRO LOT LOT,NA,"Sideswipe, Same Direction",Clear,Wet,Daylight,No Controls,NONE DETECTED,No,No Apparent Injury,NA,Not Distracted,MD,Bus - Transit,Stopped in Traffic,10,No,2015,UNKNOWN,UNKNOWN,39.12028167,-77.16309667,2024,4,17
240015770,Property Damage Crash,04/04/2024 05:51:00 PM,SHADYGROVE METRO LOT LOT,NA,"Sideswipe, Same Direction",Clear,Wet,Daylight,No Controls,NONE DETECTED,No,No Apparent Injury,NA,Not Distracted,WV,Bus - Transit,Moving Constant Speed,10,No,2020,GILLIG,LOW FLOOR BUS,39.12028167,-77.16309667,2024,4,17
240015776,Property Damage Crash,04/04/2024 05:35:00 PM,SEMINARY RD,NA,Front to Front,Clear,Dry,Daylight,Stop Sign,NONE DETECTED,Yes,No Apparent Injury,NA,Not Distracted,MD,Sport Utility Vehicle,Moving Constant Speed,30,No,2019,MAZDA,CX-5,39.01063497,-77.04832718,2024,4,17
240015776,Property Damage Crash,04/04/2024 05:35:00 PM,SEMINARY RD,NA,Front to Front,Clear,Dry,Daylight,Stop Sign,NONE DETECTED,Yes,No Apparent Injury,NA,Not Distracted,MD,Sport Utility Vehicle,Stopped in Traffic,30,No,2003,FORD,ESCAPE,39.01063497,-77.04832718,2024,4,17
240015766,Property Damage Crash,04/04/2024 05:13:00 PM,ARCTIC AVE,NA,Rear To Side,Clear,Dry,Daylight,No Controls,NONE DETECTED,No,No Apparent Injury,NA,Not Distracted,MD,Sport Utility Vehicle,Moving Constant Speed,25,No,2020,VOLVO,XC40,39.08515483,-77.09493883,2024,4,17