Local Case Number,ACRS Report Type,Crash Date/Time,Road Name,Related Non-Motorist,Collision Type,Weather,Surface Condition,Light,Traffic Control,Driver Substance Abuse,Driver At Fault,Injury Severity,Circumstance,Driver Distracted By,Drivers License State,Vehicle Body Type,Vehicle Movement,Speed Limit,Driverless Vehicle,Vehicle Year,Vehicle Make,Vehicle Model,Latitude,Longitude,Year,Month,Hour
240015766,Property Damage Crash,04/04/2024 05:13:00 PM,ARCTIC AVE,NA,Rear To Side,Clear,Dry,Daylight,No Controls,NONE DETECTED,Yes,No Apparent Injury,NA,Not Distracted,MD,Passenger Car,Backing,25,No,2023,TOYOTA,CAMRY,39.08515483,-77.09493883,2024,4,17
240015759,Property Damage Crash,04/04/2024 05:00:00 PM,DEMOCRACY BLVD,NA,"Sideswipe, Opposite Direction",Clear,Dry,Daylight,Traffic Control Signal,NONE DETECTED,No,No Apparent Injury,Failed to Yield Right-of-Way,Not Distracted,NC,Passenger Car,Turning Left,45,No,2014,TOYOTA,PRIUS,39.0233847,-77.16238071,2024,4,17
240015759,Property Damage Crash,04/04/2024 05:00:00 PM,DEMOCRACY BLVD,NA,"Sideswipe, Opposite Direction",Clear,Dry,Daylight,Traffic Control Signal,NONE DETECTED,No,No Apparent Injury,NA,Not Distracted,MD,Sport Utility Vehicle,Moving Constant Speed,45,No,2016,TOYOTA,PRIUS,39.0233847,-77.16238071,2024,4,17
240015760,Property Damage Crash,04/04/2024 04:51:00 PM,WESTLAKE TERR,NA,Single Vehicle,Clear,Wet,Daylight,No Controls,NONE DETECTED,Yes,No Apparent Injury,NA,Not Distracted,NA,Pickup,Moving Constant Speed,35,No,2008,NISSAN,FRONTIER,39.026385,-77.14231333,2024,4,16
240015778,Property Damage Crash,04/04/2024 04:34:00 PM,CABIN JOHN PKWY (SB/L),NA,"Sideswipe, Same Direction",Clear,Dry,Daylight,No Controls,NONE DETECTED,No,No Apparent Injury,NA,Not Distracted,MD,Passenger Car,Slowing or Stopping,30,No,2021,LEXUS,NX,38.97908784,-77.15322671,2024,4,16
240015778,Property Damage Crash,04/04/2024 04:34:00 PM,CABIN JOHN PKWY (SB/L),NA,"Sideswipe, Same Direction",Clear,Dry,Daylight,No Controls,NONE DETECTED,No,No Apparent Injury,NA,"Other Action (looking away from task, etc.)",MD,Passenger Car,Changing Lanes,30,No,2014,ACURA,MDX,38.97908784,-77.15322671,2024,4,16
240015778,Property Damage Crash,04/04/2024 04:34:00 PM,CABIN JOHN PKWY (SB/L),NA,"Sideswipe, Same Direction",Clear,Dry,Daylight,No Controls,NONE DETECTED,No,No Apparent Injury,NA,Not Distracted,MD,Pickup,Moving Constant Speed,30,No,2019,FORD,F-250,38.97908784,-77.15322671,2024,4,16
240015741,Injury Crash,04/04/2024 04:16:00 PM,MT VERNON PL,NA,Front to Rear,Cloudy,Wet,Daylight,No Controls,NONE DETECTED,No,No Apparent Injury,NA,Unknown,MD,Passenger Car,Moving Constant Speed,35,No,2022,HONDA,ACCORD,39.07882551,-77.14199798,2024,4,16
240015741,Injury Crash,04/04/2024 04:16:00 PM,MT VERNON PL,NA,Front to Rear,Cloudy,Wet,Daylight,No Controls,NONE DETECTED,Yes,Possible Minor Injury,Failed to Yield Right-of-Way,Unknown,MD,Passenger Car,Making U-Turn,35,No,2018,PORSCHE,MACAN,39.07882551,-77.14199798,2024,4,16
240015768,Property Damage Crash,04/04/2024 04:15:00 PM,MONTROSE PKWY,NA,Front to Rear,Rain,Wet,Daylight,No Controls,NONE DETECTED,No,No Apparent Injury,NA,Unknown,NA,Passenger Car,Changing Lanes,35,No,2008,JEEP,LIBERTY,39.05051287,-77.12559376,2024,4,16
240015768,Property Damage Crash,04/04/2024 04:15:00 PM,MONTROSE PKWY,NA,Front to Rear,Rain,Wet,Daylight,No Controls,NONE DETECTED,No,No Apparent Injury,NA,Not Distracted,MD,Passenger Car,Moving Constant Speed,35,No,2008,TOYOTA,PRIUS,39.05051287,-77.12559376,2024,4,16
240015740,Injury Crash,04/04/2024 04:13:00 PM,MONTROSE RD,NA,Front to Rear,Rain,Wet,Daylight,No Controls,NONE DETECTED,No,No Apparent Injury,NA,Not Distracted,MD,Passenger Car,Slowing or Stopping,35,No,2008,JEEP,LIBERTY,39.05357131,-77.13726984,2024,4,16
240015740,Injury Crash,04/04/2024 04:13:00 PM,MONTROSE RD,NA,Front to Rear,Rain,Wet,Daylight,No Controls,NONE DETECTED,Yes,No Apparent Injury,Followed Too Closely,Unknown,MD,Passenger Car,Slowing or Stopping,35,No,2008,TOYOTA,PRIUS,39.05357131,-77.13726984,2024,4,16
240015771,Property Damage Crash,04/04/2024 04:00:00 PM,REPUBLIC RD,NA,"Sideswipe, Opposite Direction",Clear,Dry,Daylight,No Controls,NONE DETECTED,No,No Apparent Injury,Other Improper Action,"Other Action (looking away from task, etc.)",MD,Other Trucks,Moving Constant Speed,25,No,2002,FORD,UNKNOWN,39.03105567,-77.03909227,2024,4,16
240015734,Property Damage Crash,04/04/2024 04:00:00 PM,NA,NA,"Sideswipe, Same Direction",Cloudy,NA,Daylight,NA,NONE DETECTED,No,No Apparent Injury,NA,Not Distracted,MD,Passenger Car,Parked,0,No,2004,TOYOTA,CAMRY,38.96615992,-77.1047047,2024,4,16
240015734,Property Damage Crash,04/04/2024 04:00:00 PM,NA,NA,"Sideswipe, Same Direction",Cloudy,NA,Daylight,NA,NONE DETECTED,Yes,No Apparent Injury,Other Improper Action,Unknown,DC,Sport Utility Vehicle,Slowing or Stopping,0,No,2022,SUBARU,CROSSTREK,38.96615992,-77.1047047,2024,4,16
240015733,Property Damage Crash,04/04/2024 03:45:00 PM,WHITES FERRY RD,NA,Single Vehicle,Rain,Wet,Daylight,No Controls,NONE DETECTED,No,No Apparent Injury,NA,Unknown,MD,Bus - School,Moving Constant Speed,40,No,2023,FREIGHTLINER,B2 106 ELECTRIC CONVENTIONAL CHASSIS,39.12789728,-77.35057793,2024,4,15
240015542,Property Damage Crash,04/04/2024 03:08:00 PM,NA,NA,"Sideswipe, Same Direction",Clear,Dry,Daylight,Traffic Control Signal,NONE DETECTED,No,No Apparent Injury,NA,Not Distracted,MD,Passenger Car,Moving Constant Speed,30,No,2023,BENTLEY,BENTAYGA,38.99042325,-77.10363494,2024,4,15
240015542,Property Damage Crash,04/04/2024 03:08:00 PM,NA,NA,"Sideswipe, Same Direction",Clear,Dry,Daylight,Traffic Control Signal,NONE DETECTED,Yes,No Apparent Injury,Improper Turn,Unknown,US,Passenger Car,Turning Right,30,No,2013,BMW,528E,38.99042325,-77.10363494,2024,4,15
240015722,Property Damage Crash,04/04/2024 03:00:00 PM,ROCKVILLE PIKE (SB/L),NA,"Sideswipe, Same Direction",Rain,Wet,Daylight,No Controls,NONE DETECTED,No,No Apparent Injury,NA,Unknown,MD,Bus - Transit,Moving Constant Speed,35,No,2015,PETERBILT,UNKNOWN,39.04471325,-77.11171644,2024,4,15
240015722,Property Damage Crash,04/04/2024 03:00:00 PM,ROCKVILLE PIKE (SB/L),NA,"Sideswipe, Same Direction",Rain,Wet,Daylight,No Controls,NONE DETECTED,No,No Apparent Injury,NA,Not Distracted,MD,Other,Moving Constant Speed,35,No,2013,GILLIG,LOW FLOOR BUS,39.04471325,-77.11171644,2024,4,15
240015724,Property Damage Crash,04/04/2024 02:30:00 PM,CLARKSBURG RD,NA,Single Vehicle,Rain,Wet,Daylight,No Controls,NONE DETECTED,No,No Apparent Injury,NA,Not Distracted,PA,Pickup,Moving Constant Speed,40,No,2015,DODGE,RAM,39.28976947,-77.26645855,2024,4,14
240015706,Property Damage Crash,04/04/2024 02:10:00 PM,MARCLIFF RD,NA,"Sideswipe, Same Direction",Cloudy,Wet,Daylight,No Controls,NONE DETECTED,No,No Apparent Injury,Other Improper Action,Not Distracted,MD,Pickup,Overtaking/Passing,30,No,2022,CHEVROLET,SILVERADO,39.03972333,-77.13184833,2024,4,14
240015706,Property Damage Crash,04/04/2024 02:10:00 PM,MARCLIFF RD,NA,"Sideswipe, Same Direction",Cloudy,Wet,Daylight,No Controls,NONE DETECTED,No,No Apparent Injury,NA,Not Distracted,MD,Other,Overtaking/Passing,30,No,2023,RAM,2500,39.03972333,-77.13184833,2024,4,14
240015702,Property Damage Crash,04/04/2024 01:17:00 PM,EDISON PARK DR,NA,Single Vehicle,Cloudy,Dry,Daylight,No Controls,NONE DETECTED,No,No Apparent Injury,Failed to Keep in Proper Lane,Not Distracted,MD,Passenger Car,Negotiating a Curve,15,No,2014,DODGE,CHARGER,39.11031289,-77.23624925,2024,4,13
240015695,Property Damage Crash,04/04/2024 12:30:00 PM,ROLLINS AVE,NA,"Sideswipe, Same Direction",Cloudy,Dry,Daylight,No Controls,NONE DETECTED,No,No Apparent Injury,NA,Not Distracted,MD,Passenger Car,Turning Left,35,No,2020,TOYOTA,CAMRY,39.05772555,-77.11814578,2024,4,12
240015695,Property Damage Crash,04/04/2024 12:30:00 PM,ROLLINS AVE,NA,"Sideswipe, Same Direction",Cloudy,Dry,Daylight,No Controls,NONE DETECTED,Yes,No Apparent Injury,Disregarded Other Road Markings,Unknown,MD,Passenger Car,Moving Constant Speed,35,No,2023,INFINITI,Q50,39.05772555,-77.11814578,2024,4,12
240015689,Property Damage Crash,04/04/2024 12:11:00 PM,NA,NA,"Sideswipe, Same Direction",Clear,NA,Daylight,NA,NONE DETECTED,No,NA,NA,NA,NA,Passenger Car,Backing,0,No,2014,CHEVROLET,EXPRESS,39.03963337,-77.05209559,2024,4,12
240015686,Property Damage Crash,04/04/2024 11:52:00 AM,MASON DR,NA,Rear To Rear,Clear,Dry,Daylight,No Controls,NONE DETECTED,Yes,No Apparent Injury,NA,Not Distracted,DE,Other,Backing,5,No,2018,HINO,UNKNOWN,39.09422942,-77.14317944,2024,4,11
240015685,Injury Crash,04/04/2024 11:42:00 AM,NA,NA,Front to Front,Cloudy,Dry,Daylight,No Controls,NONE DETECTED,Yes,Suspected Serious Injury,Improper Turn,Unknown,MD,Passenger Car,Turning Left,30,No,2012,HYUNDAI,ELANTRA,39.05251483,-77.10655125,2024,4,11
240015685,Injury Crash,04/04/2024 11:42:00 AM,NA,NA,Front to Front,Cloudy,Dry,Daylight,No Controls,NONE DETECTED,No,No Apparent Injury,NA,Not Distracted,MD,Passenger Car,Moving Constant Speed,30,No,2009,HONDA,CIVIC,39.05251483,-77.10655125,2024,4,11
240015683,Injury Crash,04/04/2024 11:37:00 AM,COLESVILLE RD,NA,Angle,Clear,Dry,Daylight,Yield Sign,NONE DETECTED,Yes,Possible Minor Injury,NA,Unknown,MD,Passenger Car,Entering Traffic Lane,40,No,2014,TOYOTA,PRIUS,39.01351727,-77.01659655,2024,4,11
240015683,Injury Crash,04/04/2024 11:37:00 AM,COLESVILLE RD,NA,Angle,Clear,Dry,Daylight,Yield Sign,NONE DETECTED,No,No Apparent Injury,NA,Not Distracted,MD,Other Trucks,Changing Lanes,40,No,2022,FREIGHTLINER,EM2 106,39.01351727,-77.01659655,2024,4,11
240015667,Property Damage Crash,04/04/2024 09:45:00 AM,DEMOCRACY BLVD,NA,Front to Front,Clear,Dry,Daylight,Traffic Control Signal,NONE DETECTED,No,No Apparent Injury,NA,Not Distracted,US,Passenger Car,Moving Constant Speed,35,No,2022,TOYOTA,COROLLA,39.0216294,-77.14118147,2024,4,9
240015667,Property Damage Crash,04/04/2024 09:45:00 AM,DEMOCRACY BLVD,NA,Front to Front,Clear,Dry,Daylight,Traffic Control Signal,NONE DETECTED,No,No Apparent Injury,NA,Not Distracted,VA,Passenger Car,Turning Left,35,No,2009,HONDA,CIVIC,39.0216294,-77.14118147,2024,4,9
240015664,Property Damage Crash,04/04/2024 09:21:00 AM,NA,NA,"Sideswipe, Same Direction",Clear,NA,Daylight,NA,NONE DETECTED,Yes,No Apparent Injury,NA,Not Distracted,MD,Bus - School,Backing,0,No,2015,THOMAS BUILT,SCHOOL BUS,39.17744095,-77.18901979,2024,4,9
240015656,Property Damage Crash,04/04/2024 08:59:00 AM,NICHOLSON LA,NA,"Sideswipe, Same Direction",Clear,Dry,Daylight,Traffic Control Signal,NONE DETECTED,Yes,No Apparent Injury,NA,Not Distracted,MD,Passenger Car,Changing Lanes,30,No,2020,KIA,FORTE,39.044915,-77.11756,2024,4,8
240015656,Property Damage Crash,04/04/2024 08:59:00 AM,NICHOLSON LA,NA,"Sideswipe, Same Direction",Clear,Dry,Daylight,Traffic Control Signal,NONE DETECTED,No,No Apparent Injury,NA,Not Distracted,FL,Sport Utility Vehicle,Stopped in Traffic,30,No,2021,MERCEDES-BENZ,GLS-CLASS,39.044915,-77.11756,2024,4,8
240015659,Injury Crash,04/04/2024 08:45:00 AM,ROCKVILLE PIKE,NA,Front to Rear,Clear,Wet,Daylight,No Controls,NONE DETECTED,No,No Apparent Injury,NA,Unknown,MD,Passenger Car,Moving Constant Speed,35,No,2015,MAZDA,MX-3,39.00995515,-77.09729689,2024,4,8
240015659,Injury Crash,04/04/2024 08:45:00 AM,ROCKVILLE PIKE,NA,Front to Rear,Clear,Wet,Daylight,No Controls,NONE DETECTED,No,Possible Minor Injury,NA,Not Distracted,MD,Passenger Car,Stopped in Traffic,35,No,2024,TOYOTA,CAMRY,39.00995515,-77.09729689,2024,4,8
240015658,Injury Crash,04/04/2024 08:18:00 AM,GREENSPAN LA,NA,Front to Rear,Clear,Dry,Daylight,No Controls,NONE DETECTED,No,Possible Minor Injury,NA,Not Distracted,MD,Passenger Car,Slowing or Stopping,25,No,2015,HYUNDAI,SONATA,39.09090859,-77.10839839,2024,4,8
240015658,Injury Crash,04/04/2024 08:18:00 AM,GREENSPAN LA,NA,Front to Rear,Clear,Dry,Daylight,No Controls,NONE DETECTED,Yes,No Apparent Injury,Followed Too Closely,Unknown,MD,Passenger Car,Slowing or Stopping,25,No,2023,DODGE,CHARGER,39.09090859,-77.10839839,2024,4,8
2400096069,Injury Crash,04/04/2024 08:05:00 AM,DIAMONDBACK DR,NA,Front to Rear,Clear,Wet,Daylight,No Controls,NONE DETECTED,Yes,Possible Minor Injury,NA,"Other Action (looking away from task, etc.)",MD,Pickup,Accelerating,30,No,2004,GMC,SIERRA,39.11516114,-77.21468876,2024,4,8
2400096069,Injury Crash,04/04/2024 08:05:00 AM,DIAMONDBACK DR,NA,Front to Rear,Clear,Wet,Daylight,No Controls,NONE DETECTED,No,Possible Minor Injury,NA,Not Distracted,MD,Bus - Transit,Slowing or Stopping,30,No,2021,GILLIG,CITY TRANSIT BUS,39.11516114,-77.21468876,2024,4,8
240015648,Property Damage Crash,04/04/2024 08:00:00 AM,BRIGGS CHANEY RD (WB/L),NA,Front to Front,Clear,Dry,Daylight,No Controls,NONE DETECTED,No,No Apparent Injury,NA,Not Distracted,MD,Passenger Car,Moving Constant Speed,40,No,2016,CHEVROLET,CRUZE,39.07621983,-76.941453,2024,4,8
240015648,Property Damage Crash,04/04/2024 08:00:00 AM,BRIGGS CHANEY RD (WB/L),NA,Front to Front,Clear,Dry,Daylight,No Controls,NONE DETECTED,Yes,No Apparent Injury,NA,Not Distracted,MD,Passenger Car,Turning Left,40,No,2016,TOYOTA,AVALON,39.07621983,-76.941453,2024,4,8
240015646,Injury Crash,04/04/2024 07:54:00 AM,HEWITT AVE,NA,Front to Front,Clear,Dry,Daylight,Traffic Control Signal,NONE DETECTED,Yes,No Apparent Injury,NA,Not Distracted,MD,Passenger Car,Turning Left,30,No,2019,DODGE,CHARGER,39.07738954,-77.07088921,2024,4,7
240015646,Injury Crash,04/04/2024 07:54:00 AM,HEWITT AVE,NA,Front to Front,Clear,Dry,Daylight,Traffic Control Signal,NONE DETECTED,No,Possible Minor Injury,Failed to Yield Right-of-Way,Not Distracted,NA,Passenger Car,Moving Constant Speed,35,No,2006,TOYOTA,COROLLA,39.07738954,-77.07088921,2024,4,7
240015645,Injury Crash,04/04/2024 07:49:00 AM,RIDGE RD (SB/L),Pedestrian,Single Vehicle,Clear,Wet,Daylight,Traffic Control Signal,NONE DETECTED,Yes,No Apparent Injury,NA,Not Distracted,MD,Passenger Car,Turning Left,30,No,2023,HONDA,ODYSSEY,39.27546833,-77.21441833,2024,4,7
240015650,Injury Crash,04/04/2024 07:45:00 AM,WELLER RD,NA,Other,Cloudy,Dry,Daylight,Stop Sign,NONE DETECTED,No,No Apparent Injury,NA,Unknown,MD,Passenger Car,Accelerating,25,No,2005,HONDA,ODYSSEY,39.06445183,-77.06807933,2024,4,7
240015650,Injury Crash,04/04/2024 07:45:00 AM,WELLER RD,NA,Other,Cloudy,Dry,Daylight,No Controls,NONE DETECTED,No,Possible Minor Injury,NA,Not Distracted,MD,Passenger Car,Moving Constant Speed,25,No,2022,ACURA,TLX,39.06445183,-77.06807933,2024,4,7
240017617,Property Damage Crash,04/04/2024 07:00:00 AM,NA,NA,Angle,Clear,NA,Daylight,NA,NONE DETECTED,Yes,No Apparent Injury,NA,Unknown,MD,Passenger Car,Moving Constant Speed,0,No,2011,TOYOTA,SIENNA,39.2257404,-77.26662619,2024,4,7
240015640,Property Damage Crash,04/04/2024 06:15:00 AM,NA,NA,Angle,Clear,NA,Daylight,NA,NONE DETECTED,No,No Apparent Injury,NA,Not Distracted,MD,Passenger Car,Moving Constant Speed,0,No,2022,TOYOTA,RAV4,39.0564868,-76.96692306,2024,4,6
240015640,Property Damage Crash,04/04/2024 06:15:00 AM,NA,NA,Angle,Clear,NA,Daylight,NA,NONE DETECTED,No,No Apparent Injury,"Improper Turn, Other Improper Action",Not Distracted,NA,Pickup,Turning Right,0,No,2008,FORD,F-250,39.0564868,-76.96692306,2024,4,6
240015638,Property Damage Crash,04/04/2024 05:00:00 AM,CAPITAL BELTWAY,NA,Front to Rear,Clear,Dry,Medium,No Controls,NONE DETECTED,No,No Apparent Injury,NA,Not Distracted,VA,Passenger Car,NA,55,No,2009,ACURA,TSX,39.01317088,-77.03836621,2024,4,5
240015638,Property Damage Crash,04/04/2024 05:00:00 AM,CAPITAL BELTWAY,NA,Front to Rear,Clear,Dry,Medium,No Controls,NONE DETECTED,No,No Apparent Injury,NA,Unknown,VA,Van - Cargo,Moving Constant Speed,55,No,2013,MERCEDES-BENZ,SPRINTER,39.01317088,-77.03836621,2024,4,5
240015634,Property Damage Crash,04/04/2024 04:22:00 AM,SPENCERVILLE RD,NA,Single Vehicle,Rain,Wet,Medium,No Controls,NONE DETECTED,Yes,No Apparent Injury,"Ran Off Roadway, Too Fast For Conditions",Unknown,MD,Sport Utility Vehicle,Moving Constant Speed,35,No,2011,TOYOTA,RAV4,39.11630795,-76.96530331,2024,4,4
240015621,Injury Crash,04/04/2024 12:39:00 AM,NEW HAMPSHIRE AVE (SB/L),NA,Front to Front,Rain,Wet,Medium,No Controls,NONE DETECTED,No,NA,NA,NA,NA,Passenger Car,Moving Constant Speed,45,No,0,NA,NA,39.09086751,-77.00004526,2024,4,0
240015621,Injury Crash,04/04/2024 12:39:00 AM,NEW HAMPSHIRE AVE (SB/L),NA,Front to Front,Rain,Wet,Medium,No Controls,NONE DETECTED,No,Possible Minor Injury,NA,Not Distracted,MD,Sport Utility Vehicle,Moving Constant Speed,45,No,2023,MAZDA,CX-50,39.09086751,-77.00004526,2024,4,0
240015624,Property Damage Crash,04/04/2024 12:18:00 AM,NA,NA,"Sideswipe, Opposite Direction",Clear,Wet,Medium,No Controls,NONE DETECTED,No,No Apparent Injury,NA,Not Distracted,MD,Passenger Car,Negotiating a Curve,40,No,2021,TOYOTA,COROLLA,39.179869,-77.3020645,2024,4,0
240015624,Property Damage Crash,04/04/2024 12:18:00 AM,NA,NA,"Sideswipe, Opposite Direction",Clear,Wet,Medium,No Controls,ALCOHOL PRESENT,Yes,No Apparent Injury,Wrong Side,Not Distracted,OH,Passenger Car,Negotiating a Curve,40,No,2024,NISSAN,ROGUE,39.179869,-77.3020645,2024,4,0
240015615,Property Damage Crash,04/03/2024 11:05:00 PM,OLNEY LAYTONSVILLE RD,NA,Single Vehicle,Rain,Wet,Medium,Flashing Traffic Control Signal,NONE DETECTED,Yes,No Apparent Injury,NA,Not Distracted,DC,Passenger Car,Turning Left,50,No,2021,NISSAN,VERSA,39.1892133,-77.12079342,2024,4,23
240015599,Property Damage Crash,04/03/2024 07:40:00 PM,PINEY BRANCH RD (SB/L),NA,"Sideswipe, Same Direction",Rain,Wet,Medium,No Controls,NONE DETECTED,Yes,No Apparent Injury,NA,Not Distracted,MD,Passenger Car,Accelerating,30,No,2016,GILLIG,CITY TRANSIT BUS,38.99944619,-76.99598142,2024,4,19
240015599,Property Damage Crash,04/03/2024 07:40:00 PM,PINEY BRANCH RD (SB/L),NA,"Sideswipe, Same Direction",Rain,Wet,Medium,No Controls,NONE DETECTED,Yes,No Apparent Injury,NA,Not Distracted,MD,Passenger Car,Overtaking/Passing,30,No,2014,HONDA,CR-V,38.99944619,-76.99598142,2024,4,19
240015590,Property Damage Crash,04/03/2024 07:00:00 PM,SUMMERSONG LA,NA,Angle,Rain,Wet,Daylight,No Controls,NONE DETECTED,No,No Apparent Injury,NA,Not Distracted,MD,Passenger Car,Making U-Turn,25,No,2007,TOYOTA,YARIS,39.19272039,-77.27710968,2024,4,19
240015590,Property Damage Crash,04/03/2024 07:00:00 PM,SUMMERSONG LA,NA,Angle,Rain,Wet,Daylight,No Controls,NONE DETECTED,Yes,No Apparent Injury,Improper Passing,Not Distracted,MD,Sport Utility Vehicle,Overtaking/Passing,25,No,2019,HONDA,CR-V,39.19272039,-77.27710968,2024,4,19
240015587,Property Damage Crash,04/03/2024 06:00:00 PM,SOUTHLAWN LA,NA,Front to Front,Rain,Wet,Daylight,No Controls,NONE DETECTED,No,No Apparent Injury,NA,Not Distracted,MD,Passenger Car,Moving Constant Speed,30,No,2020,CHEVROLET,SPARK,39.09833392,-77.13631624,2024,4,18
240015586,Injury Crash,04/03/2024 06:00:00 PM,NA,NA,Other,Rain,Wet,Daylight,No Controls,NONE DETECTED,No,No Apparent Injury,NA,NA,NA,Passenger Car,Turning Right,25,No,2020,TOYOTA,PRIUS C,38.97887578,-77.09874256,2024,4,18
240015586,Injury Crash,04/03/2024 06:00:00 PM,NA,NA,Other,Rain,Wet,Daylight,No Controls,NONE DETECTED,No,Possible Minor Injury,NA,Not Distracted,DC,Passenger Car,Moving Constant Speed,25,No,2014,NISSAN,VERSA,38.97887578,-77.09874256,2024,4,18
240015587,Property Damage Crash,04/03/2024 06:00:00 PM,SOUTHLAWN LA,NA,Front to Front,Rain,Wet,Daylight,Stop Sign,NONE DETECTED,No,No Apparent Injury,Ran Stop Sign,Unknown,NA,Passenger Car,Entering Traffic Lane,30,No,2019,FORD,TRANSIT,39.09833392,-77.13631624,2024,4,18
240015579,Property Damage Crash,04/03/2024 05:59:00 PM,SUNDOWN RD,NA,Single Vehicle,Rain,Wet,Daylight,No Controls,NONE DETECTED,No,No Apparent Injury,NA,Unknown,MD,Sport Utility Vehicle,Slowing or Stopping,30,No,2004,LEXUS,GX,39.21229183,-77.14135983,2024,4,17
240015565,Property Damage Crash,04/03/2024 04:48:00 PM,PROSPERITY DR,NA,Other,Rain,Wet,Daylight,No Controls,NONE DETECTED,Yes,No Apparent Injury,NA,Not Distracted,MD,Passenger Car,Turning Left,25,No,2021,TOYOTA,RAV4,39.06104599,-76.96120321,2024,4,16
240015565,Property Damage Crash,04/03/2024 04:48:00 PM,PROSPERITY DR,NA,Other,Rain,Wet,Daylight,No Controls,NONE DETECTED,No,No Apparent Injury,NA,Not Distracted,MD,Passenger Car,Slowing or Stopping,25,No,2007,MAZDA,MAZDA3,39.06104599,-76.96120321,2024,4,16
240015563,Injury Crash,04/03/2024 04:15:00 PM,PARKLAWN DR,NA,Angle,Rain,Wet,Daylight,No Controls,NONE DETECTED,No,No Apparent Injury,NA,Not Distracted,MD,Bus - Transit,Moving Constant Speed,30,No,2022,GILLIG,CITY TRANSIT BUS,39.06151144,-77.11508614,2024,4,16
240015563,Injury Crash,04/03/2024 04:15:00 PM,PARKLAWN DR,NA,Angle,Rain,Wet,Daylight,Stop Sign,NONE DETECTED,No,No Apparent Injury,Failed to Yield Right-of-Way,Unknown,MD,Pickup,Turning Left,30,No,2014,NISSAN,PICKUP,39.06151144,-77.11508614,2024,4,16
240015557,Property Damage Crash,04/03/2024 04:11:00 PM,COLUMBIA PIKE,NA,Angle,Rain,Wet,Daylight,No Controls,NONE DETECTED,No,No Apparent Injury,NA,Not Distracted,MD,Passenger Car,Moving Constant Speed,45,No,2014,LEXUS,RX,39.03746833,-76.99919714,2024,4,16
240015557,Property Damage Crash,04/03/2024 04:11:00 PM,COLUMBIA PIKE,NA,Angle,Rain,Wet,Daylight,No Controls,NONE DETECTED,No,No Apparent Injury,"Failed to Yield Right-of-Way, Improper Turn",Unknown,MD,Passenger Car,Turning Left,45,No,2014,ACURA,RDX,39.03746833,-76.99919714,2024,4,16
240015554,Property Damage Crash,04/03/2024 03:33:00 PM,OLD GEORGETOWN RD,NA,Other,Rain,Wet,Daylight,No Controls,NONE DETECTED,No,No Apparent Injury,NA,Unknown,DC,Bus - Transit,Moving Constant Speed,30,No,2016,GILLIG,LOW FLOOR BUS,38.98831535,-77.10018642,2024,4,15
240015554,Property Damage Crash,04/03/2024 03:33:00 PM,OLD GEORGETOWN RD,NA,Other,Rain,Wet,Daylight,No Controls,NONE DETECTED,No,No Apparent Injury,NA,Unknown,MD,Passenger Car,Moving Constant Speed,30,No,2008,MERCEDES-BENZ,E-CLASS,38.98831535,-77.10018642,2024,4,15
240015531,Injury Crash,04/03/2024 02:00:00 PM,NO NAME (WB/L),NA,Angle,Rain,Wet,Daylight,No Controls,NONE DETECTED,No,No Apparent Injury,Too Fast For Conditions,Not Distracted,MD,Passenger Car,Negotiating a Curve,55,No,2009,HONDA,CIVIC,39.12095514,-77.18531465,2024,4,14
240015531,Injury Crash,04/03/2024 02:00:00 PM,NO NAME (WB/L),NA,Angle,Rain,Wet,Daylight,No Controls,NONE DETECTED,No,Possible Minor Injury,NA,Not Distracted,MD,Passenger Car,Negotiating a Curve,55,No,2013,TOYOTA,PRIUS,39.12095514,-77.18531465,2024,4,14
240015530,Property Damage Crash,04/03/2024 01:04:00 PM,BARN RIDGE DR,NA,Single Vehicle,Rain,Wet,Daylight,No Controls,NONE DETECTED,No,No Apparent Injury,NA,Not Distracted,XX,Passenger Car,Moving Constant Speed,40,No,2023,CHRYSLER,VOYAGER,39.11986414,-77.04371325,2024,4,13