Local Case Number,ACRS Report Type,Crash Date/Time,Road Name,Related Non-Motorist,Collision Type,Weather,Surface Condition,Light,Traffic Control,Driver Substance Abuse,Driver At Fault,Injury Severity,Circumstance,Driver Distracted By,Drivers License State,Vehicle Body Type,Vehicle Movement,Speed Limit,Driverless Vehicle,Vehicle Year,Vehicle Make,Vehicle Model,Latitude,Longitude,Year,Month,Hour
240015522,Injury Crash,04/03/2024 01:00:00 PM,NA,NA,Front to Rear,Rain,Wet,Daylight,Traffic Control Signal,NONE DETECTED,No,Possible Minor Injury,NA,Not Distracted,MD,Passenger Car,Slowing or Stopping,40,No,2015,TOYOTA,COROLLA,39.23141011,-77.23703298,2024,4,13
240015522,Injury Crash,04/03/2024 01:00:00 PM,NA,NA,Front to Rear,Rain,Wet,Daylight,Traffic Control Signal,NONE DETECTED,Yes,No Apparent Injury,"Followed Too Closely, Too Fast For Conditions",Not Distracted,MD,Other,Slowing or Stopping,40,No,2016,RAM,CARGO VAN,39.23141011,-77.23703298,2024,4,13
240015508,Injury Crash,04/03/2024 12:17:00 PM,HOLTON LA,Pedestrian,Single Vehicle,Rain,Wet,Daylight,No Controls,NONE DETECTED,Yes,No Apparent Injury,NA,Unknown,MD,Sport Utility Vehicle,Turning Left,25,No,2017,TOYOTA,RAV4,38.98579474,-76.98682494,2024,4,12
240015499,Property Damage Crash,04/03/2024 11:15:00 AM,LOCKWOOD DR,NA,"Sideswipe, Same Direction",Rain,Wet,Daylight,No Controls,NONE DETECTED,No,No Apparent Injury,NA,Unknown,NA,Passenger Car,Moving Constant Speed,25,No,2010,FORD,FUSION,39.03872067,-76.99239108,2024,4,11
240015499,Property Damage Crash,04/03/2024 11:15:00 AM,LOCKWOOD DR,NA,"Sideswipe, Same Direction",Rain,Wet,Daylight,No Controls,NONE DETECTED,No,No Apparent Injury,NA,Not Distracted,MD,Passenger Car,Overtaking/Passing,25,No,2013,FORD,FOCUS,39.03872067,-76.99239108,2024,4,11
240015488,Property Damage Crash,04/03/2024 09:58:00 AM,GERMANTOWN RD (SB/L),NA,Angle,Rain,Wet,Daylight,Traffic Control Signal,NONE DETECTED,No,No Apparent Injury,NA,Not Distracted,MD,Passenger Car,Moving Constant Speed,40,No,2019,ACURA,TLX,39.1883478,-77.25195784,2024,4,9
240015488,Property Damage Crash,04/03/2024 09:58:00 AM,GERMANTOWN RD (SB/L),NA,Angle,Rain,Wet,Daylight,Traffic Control Signal,NONE DETECTED,Yes,No Apparent Injury,Failed to Yield Right-of-Way,Unknown,MD,Passenger Car,Turning Left,40,No,2017,TOYOTA,COROLLA,39.1883478,-77.25195784,2024,4,9
240015496,Property Damage Crash,04/03/2024 09:45:00 AM,NA,NA,"Sideswipe, Same Direction",Rain,Wet,Daylight,No Controls,NONE DETECTED,Yes,No Apparent Injury,Too Fast For Conditions,Unknown,MD,Passenger Car,Moving Constant Speed,35,No,2016,HONDA,ACCORD,39.11272083,-77.19690299,2024,4,9
240015478,Injury Crash,04/03/2024 09:20:00 AM,NA,NA,Other,Rain,Wet,Daylight,Traffic Control Signal,NONE DETECTED,No,Possible Minor Injury,NA,Not Distracted,MD,Sport Utility Vehicle,Moving Constant Speed,35,No,2023,HONDA,CR-V,39.023083,-77.16234683,2024,4,9
240015478,Injury Crash,04/03/2024 09:20:00 AM,NA,NA,Other,Rain,Wet,Daylight,Traffic Control Signal,NONE DETECTED,Yes,Possible Minor Injury,Failed to Yield Right-of-Way,Not Distracted,MD,Sport Utility Vehicle,Turning Left,35,No,2015,MERCEDES-BENZ,GLK-CLASS,39.023083,-77.16234683,2024,4,9
240015482,Property Damage Crash,04/03/2024 08:54:00 AM,COLUMBIA PIKE (SB/L),NA,Front to Rear,Rain,Wet,Daylight,Traffic Control Signal,NONE DETECTED,Yes,No Apparent Injury,NA,Unknown,NA,Passenger Car,Accelerating,40,No,2017,TOYOTA,COROLLA,39.04086152,-76.99610233,2024,4,8
240015482,Property Damage Crash,04/03/2024 08:54:00 AM,COLUMBIA PIKE (SB/L),NA,Front to Rear,Rain,Wet,Daylight,Traffic Control Signal,NONE DETECTED,No,No Apparent Injury,NA,Not Distracted,AK,Van - Passenger (&lt;9 Seats),Stopped in Traffic,40,No,2019,NISSAN,NV200,39.04086152,-76.99610233,2024,4,8
240015476,Property Damage Crash,04/03/2024 08:45:00 AM,NEW HAMPSHIRE AVE (SB/L),NA,Angle,Rain,Wet,Daylight,Traffic Control Signal,NONE DETECTED,No,No Apparent Injury,NA,Not Distracted,DC,Pickup,Accelerating,30,No,2018,TOYOTA,TACOMA,38.97533203,-76.99431561,2024,4,8
240015471,Property Damage Crash,04/03/2024 08:45:00 AM,NEW HAMPSHIRE AVE,NA,Angle,Rain,Wet,Daylight,Stop Sign,NONE DETECTED,No,No Apparent Injury,NA,Not Distracted,MD,Passenger Car,Turning Right,25,No,2023,HONDA,CR-V,39.04828425,-76.99290428,2024,4,8
240015471,Property Damage Crash,04/03/2024 08:45:00 AM,NEW HAMPSHIRE AVE,NA,Angle,Rain,Wet,Daylight,No Controls,NONE DETECTED,No,No Apparent Injury,NA,Not Distracted,MD,Passenger Car,Moving Constant Speed,40,No,2011,MERCEDES-BENZ,GL-CLASS,39.04828425,-76.99290428,2024,4,8
240015476,Property Damage Crash,04/03/2024 08:45:00 AM,NEW HAMPSHIRE AVE (SB/L),NA,Angle,Rain,Wet,Daylight,Traffic Control Signal,NONE DETECTED,No,No Apparent Injury,NA,Unknown,MD,Pickup,Moving Constant Speed,35,No,2007,FORD,RANGER,38.97533203,-76.99431561,2024,4,8
240015467,Injury Crash,04/03/2024 08:38:00 AM,NA,NA,Front to Rear,Rain,Wet,Daylight,No Controls,NONE DETECTED,No,No Apparent Injury,NA,Not Distracted,MD,Passenger Car,Stopped in Traffic,40,No,2008,LEXUS,ES,39.21939167,-77.25695833,2024,4,8
240015467,Injury Crash,04/03/2024 08:38:00 AM,NA,NA,Front to Rear,Rain,Wet,Daylight,No Controls,NONE DETECTED,Yes,Possible Minor Injury,"Followed Too Closely, Too Fast For Conditions",Not Distracted,MD,Passenger Car,Slowing or Stopping,40,No,2010,MAZDA,CX-3,39.21939167,-77.25695833,2024,4,8
240015474,Injury Crash,04/03/2024 08:30:00 AM,OLD GEORGETOWN RD (SB/L),NA,Front to Rear,Rain,Wet,Daylight,Traffic Control Signal,NONE DETECTED,No,NA,NA,NA,NA,NA,Moving Constant Speed,35,No,0,NA,NA,39.01009977,-77.11473935,2024,4,8
240015474,Injury Crash,04/03/2024 08:30:00 AM,OLD GEORGETOWN RD (SB/L),NA,Front to Rear,Rain,Wet,Daylight,Traffic Control Signal,NONE DETECTED,No,Possible Minor Injury,NA,Not Distracted,MD,Passenger Car,Slowing or Stopping,35,No,2007,HYUNDAI,SONATA,39.01009977,-77.11473935,2024,4,8
240015498,Property Damage Crash,04/03/2024 08:30:00 AM,NA,NA,Other,Rain,NA,Daylight,NA,NONE DETECTED,No,NA,NA,NA,NA,Passenger Car,Backing,0,No,2023,FORD,EXPLORER,39.04059962,-76.98823143,2024,4,8
240015466,Property Damage Crash,04/03/2024 08:04:00 AM,AUTOMOBILE BLVD,NA,"Sideswipe, Same Direction",Rain,Wet,Daylight,No Controls,NONE DETECTED,No,No Apparent Injury,Too Fast For Conditions,Unknown,MD,Pickup,Moving Constant Speed,25,No,2001,DODGE,RAM,39.07886375,-76.94881971,2024,4,8
240015463,Property Damage Crash,04/03/2024 07:19:00 AM,COLESVILLE RD (WB/L),NA,"Sideswipe, Opposite Direction",Rain,Wet,Daylight,Traffic Control Signal,NONE DETECTED,No,No Apparent Injury,NA,Not Distracted,MD,Other Trucks,Slowing or Stopping,25,No,2016,FREIGHTLINER,NGE (956) PLATFORM TRUCK COE,38.99484221,-77.03022263,2024,4,7
240015463,Property Damage Crash,04/03/2024 07:19:00 AM,COLESVILLE RD (WB/L),NA,"Sideswipe, Opposite Direction",Rain,Wet,Daylight,Traffic Control Signal,NONE DETECTED,Yes,No Apparent Injury,Failed to Yield Right-of-Way,Not Distracted,MD,Passenger Car,Moving Constant Speed,35,No,2023,BMW,330I,38.99484221,-77.03022263,2024,4,7
240015502,Property Damage Crash,04/02/2024 11:10:00 PM,NA,NA,"Sideswipe, Same Direction",Rain,NA,Dark,NA,NONE DETECTED,No,No Apparent Injury,NA,NA,NA,Passenger Car,Accelerating,0,No,2022,MERCEDES-BENZ,S-CLASS,38.98423166,-77.09441822,2024,4,23
240015441,Property Damage Crash,04/02/2024 09:13:00 PM,JUDSON RD,NA,Angle,Rain,Wet,Dark,Stop Sign,NONE DETECTED,Yes,No Apparent Injury,Failed to Yield Right-of-Way,Not Distracted,MD,Sport Utility Vehicle,Turning Right,25,No,2015,NISSAN,ROGUE,39.04876011,-77.05933663,2024,4,21
240015441,Property Damage Crash,04/02/2024 09:13:00 PM,JUDSON RD,NA,Angle,Rain,Wet,Dark,No Controls,NONE DETECTED,No,No Apparent Injury,NA,Not Distracted,MD,Sport Utility Vehicle,Moving Constant Speed,25,No,2022,TOYOTA,RAV4,39.04876011,-77.05933663,2024,4,21
240015436,Property Damage Crash,04/02/2024 08:42:00 PM,NA,NA,"Sideswipe, Opposite Direction",Rain,NA,Medium,NA,NONE DETECTED,No,No Apparent Injury,NA,Not Distracted,MD,Passenger Car,Slowing or Stopping,0,No,2022,KIA,SELTOS,39.14932794,-77.06559367,2024,4,20
240015436,Property Damage Crash,04/02/2024 08:42:00 PM,NA,NA,"Sideswipe, Opposite Direction",Rain,NA,Medium,NA,NONE DETECTED,Yes,No Apparent Injury,"Failed to Yield Right-of-Way, Improper Turn",Unknown,MD,Passenger Car,Moving Constant Speed,0,No,2014,TOYOTA,UNKNOWN,39.14932794,-77.06559367,2024,4,20
240015433,Property Damage Crash,04/02/2024 08:20:00 PM,NA,NA,Other,Rain,NA,Medium,NA,NONE DETECTED,No,No Apparent Injury,Improper Backing,Not Distracted,MD,Pickup,Backing,0,No,2015,FORD,F-150,38.99990585,-76.99520754,2024,4,20
240015433,Property Damage Crash,04/02/2024 08:20:00 PM,NA,NA,Other,Rain,NA,Medium,NA,NONE DETECTED,No,No Apparent Injury,NA,Not Distracted,MD,Pickup,Parked,0,No,2023,CHEVROLET,SILVERADO,38.99990585,-76.99520754,2024,4,20
240015429,Injury Crash,04/02/2024 07:37:00 PM,BONIFANT RD,NA,Front to Front,Rain,Wet,Medium,Traffic Control Signal,NONE DETECTED,No,Possible Minor Injury,NA,Not Distracted,MD,Passenger Car,Moving Constant Speed,35,No,2012,HONDA,CR-V,39.0907635,-77.0447575,2024,4,19
240015431,Property Damage Crash,04/02/2024 07:37:00 PM,LAYHILL RD (SB/L),NA,Front to Rear,Rain,Wet,Medium,Traffic Control Signal,NONE DETECTED,Yes,No Apparent Injury,"Improper Passing, Operated Motor Vehicle in Inattentive, Careless, Negligent, or Erratic Manner","Other Action (looking away from task, etc.)",MD,Bus - Transit,Changing Lanes,35,No,2020,GILLIG,LOW FLOOR BUS,39.09059868,-77.04491584,2024,4,19
240015429,Injury Crash,04/02/2024 07:37:00 PM,BONIFANT RD,NA,Front to Front,Rain,Wet,Medium,Traffic Control Signal,NONE DETECTED,Yes,No Apparent Injury,NA,Unknown,VA,Passenger Car,Turning Left,35,No,2009,TOYOTA,SIENNA,39.0907635,-77.0447575,2024,4,19
240015431,Property Damage Crash,04/02/2024 07:37:00 PM,LAYHILL RD (SB/L),NA,Front to Rear,Rain,Wet,Medium,Traffic Control Signal,NONE DETECTED,No,No Apparent Injury,NA,Not Distracted,MD,Passenger Car,Accelerating,35,No,2022,TOYOTA,RAV4,39.09059868,-77.04491584,2024,4,19
240015403,Property Damage Crash,04/02/2024 05:30:00 PM,CAPITAL BELTWAY (WB/L),NA,"Sideswipe, Same Direction",Rain,Wet,Daylight,No Controls,NONE DETECTED,No,No Apparent Injury,NA,Not Distracted,MD,Passenger Car,Changing Lanes,55,No,2012,FORD,TAURUS,39.01731557,-76.99566647,2024,4,17
240015403,Property Damage Crash,04/02/2024 05:30:00 PM,CAPITAL BELTWAY (WB/L),NA,"Sideswipe, Same Direction",Rain,Wet,Daylight,No Controls,NONE DETECTED,Yes,No Apparent Injury,NA,Not Distracted,NA,Passenger Car,Changing Lanes,55,No,2015,TOYOTA,CAMRY,39.01731557,-76.99566647,2024,4,17
240015937,Property Damage Crash,04/02/2024 04:10:00 PM,NA,NA,Single Vehicle,Clear,NA,Daylight,NA,NONE DETECTED,Yes,No Apparent Injury,"Operated Motor Vehicle in Inattentive, Careless, Negligent, or Erratic Manner",Unknown,MD,Sport Utility Vehicle,NA,0,No,2021,MAZDA,UNKNOWN,39.10280402,-77.29158499,2024,4,16
240015385,Property Damage Crash,04/02/2024 04:10:00 PM,ARCOLA AVE,NA,Rear To Side,Rain,Wet,Daylight,Traffic Control Signal,NONE DETECTED,No,No Apparent Injury,NA,Not Distracted,MD,Passenger Car,Moving Constant Speed,30,No,2009,TOYOTA,PRIUS,39.04711821,-77.05059331,2024,4,16
240015385,Property Damage Crash,04/02/2024 04:10:00 PM,ARCOLA AVE,NA,Rear To Side,Rain,Wet,Daylight,Stop Sign,NONE DETECTED,Yes,No Apparent Injury,NA,Unknown,MD,Passenger Car,Turning Left,30,No,2002,MERCURY,SABLE,39.04711821,-77.05059331,2024,4,16
240015388,Property Damage Crash,04/02/2024 03:46:00 PM,DOMER AVE,NA,"Sideswipe, Same Direction",Rain,Wet,Daylight,No Controls,NONE DETECTED,Yes,No Apparent Injury,NA,Not Distracted,MD,Bus - School,Moving Constant Speed,30,No,2015,GILLIG,SCHOOL BUS,38.99655287,-77.0027084,2024,4,15
240015380,Property Damage Crash,04/02/2024 03:39:00 PM,NA,NA,Front to Rear,Cloudy,Wet,Daylight,No Controls,NONE DETECTED,No,No Apparent Injury,NA,Not Distracted,MD,Passenger Car,Moving Constant Speed,30,No,2023,VOLKSWAGEN,TAOS,39.12009867,-76.98550867,2024,4,15
240015380,Property Damage Crash,04/02/2024 03:39:00 PM,NA,NA,Front to Rear,Cloudy,Wet,Daylight,No Controls,NONE DETECTED,No,No Apparent Injury,NA,Not Distracted,MD,Passenger Car,Moving Constant Speed,30,No,2014,HONDA,CR-V,39.12009867,-76.98550867,2024,4,15
240015363,Property Damage Crash,04/02/2024 02:35:00 PM,BROADBIRCH DR,NA,Angle,Rain,Wet,Daylight,No Controls,NONE DETECTED,No,No Apparent Injury,NA,Not Distracted,MD,Passenger Car,Moving Constant Speed,30,No,2022,HYUNDAI,PALISADE,39.05555735,-76.96142118,2024,4,14
240015363,Property Damage Crash,04/02/2024 02:35:00 PM,BROADBIRCH DR,NA,Angle,Rain,Wet,Daylight,No Controls,NONE DETECTED,No,No Apparent Injury,"Disregarded Other Road Markings, Failed to Yield Right-of-Way, Improper Turn",Not Distracted,MD,Passenger Car,Turning Left,15,No,2017,TOYOTA,CAMRY,39.05555735,-76.96142118,2024,4,14
240015352,Property Damage Crash,04/02/2024 01:22:00 PM,ASPEN HILL RD,NA,"Sideswipe, Same Direction",Rain,Wet,Daylight,No Controls,NONE DETECTED,No,No Apparent Injury,Failed to Keep in Proper Lane,Unknown,NA,Passenger Car,Turning Left,25,No,2018,JEEP,CHEROKEE,39.06936128,-77.10459252,2024,4,13
240015352,Property Damage Crash,04/02/2024 01:22:00 PM,ASPEN HILL RD,NA,"Sideswipe, Same Direction",Rain,Wet,Daylight,No Controls,NONE DETECTED,No,No Apparent Injury,NA,Not Distracted,MD,Passenger Car,Turning Left,25,No,2015,TOYOTA,CAMRY,39.06936128,-77.10459252,2024,4,13
240015342,Property Damage Crash,04/02/2024 01:20:00 PM,RAMP 1 FR IS 270 NB TO MD 118 WB,NA,Single Vehicle,Rain,Wet,Daylight,No Controls,NONE DETECTED,Yes,No Apparent Injury,Too Fast For Conditions,Unknown,MD,Passenger Car,Negotiating a Curve,15,No,2001,TOYOTA,COROLLA,39.18562306,-77.25538426,2024,4,13
240015330,Property Damage Crash,04/02/2024 12:24:00 PM,SILVER SPRING AVE,NA,"Sideswipe, Same Direction",Rain,Wet,Daylight,No Controls,NONE DETECTED,Yes,No Apparent Injury,Other Improper Action,Not Distracted,MD,Sport Utility Vehicle,Leaving Traffic Lane,25,No,2023,FORD,EXPLORER,38.99163876,-77.02495588,2024,4,12
240015330,Property Damage Crash,04/02/2024 12:24:00 PM,SILVER SPRING AVE,NA,"Sideswipe, Same Direction",Rain,Wet,Daylight,No Controls,NONE DETECTED,No,No Apparent Injury,NA,Not Distracted,MD,Pickup,Parked,25,No,2014,TOYOTA,TACOMA,38.99163876,-77.02495588,2024,4,12
240013935,Property Damage Crash,04/02/2024 10:17:00 AM,GERMANTOWN RD,NA,Front to Rear,Clear,Dry,Daylight,Traffic Control Signal,NONE DETECTED,No,No Apparent Injury,NA,NA,NA,Passenger Car,Accelerating,45,No,2018,HYUNDAI,SONATA,39.17707041,-77.27001389,2024,4,10
240013935,Property Damage Crash,04/02/2024 10:17:00 AM,GERMANTOWN RD,NA,Front to Rear,Clear,Dry,Daylight,Traffic Control Signal,NONE DETECTED,No,No Apparent Injury,NA,Not Distracted,MD,Passenger Car,Turning Right,45,No,2023,TESLA,MODEL S,39.17707041,-77.27001389,2024,4,10
240015310,Property Damage Crash,04/02/2024 10:10:00 AM,KENTLANDS BLVD,NA,"Sideswipe, Same Direction",Cloudy,Wet,Daylight,No Controls,NONE DETECTED,Yes,No Apparent Injury,Failed to Keep in Proper Lane,Unknown,MD,Passenger Car,Changing Lanes,30,No,2019,HONDA,ACCORD,39.12314317,-77.23691717,2024,4,10
240015310,Property Damage Crash,04/02/2024 10:10:00 AM,KENTLANDS BLVD,NA,"Sideswipe, Same Direction",Cloudy,Wet,Daylight,No Controls,NONE DETECTED,No,No Apparent Injury,NA,Not Distracted,MD,Bus - Transit,Stopped in Traffic,30,No,2013,GILLIG,CITY TRANSIT BUS,39.12314317,-77.23691717,2024,4,10
240015303,Injury Crash,04/02/2024 09:48:00 AM,HUNGERFORD DR (SB/L),NA,"Sideswipe, Same Direction",Rain,Wet,Daylight,No Controls,NONE DETECTED,No,Possible Minor Injury,"Failed to Keep in Proper Lane, Failed to Yield Right-of-Way",Not Distracted,MD,Pickup,Changing Lanes,40,No,2021,FORD,F-150,39.09232899,-77.15347508,2024,4,9
240015303,Injury Crash,04/02/2024 09:48:00 AM,HUNGERFORD DR (SB/L),NA,"Sideswipe, Same Direction",Rain,Wet,Daylight,No Controls,NONE DETECTED,No,Possible Minor Injury,NA,Not Distracted,MD,Passenger Car,Moving Constant Speed,40,No,2022,HONDA,CIVIC,39.09232899,-77.15347508,2024,4,9
240015293,Property Damage Crash,04/02/2024 08:39:00 AM,CLOPPER RD,NA,Angle,Cloudy,Wet,Daylight,No Controls,NONE DETECTED,Yes,No Apparent Injury,Failed to Yield Right-of-Way,Not Distracted,MD,Passenger Car,Turning Left,35,No,2023,HONDA,CIVIC,39.18045121,-77.302872,2024,4,8
240015293,Property Damage Crash,04/02/2024 08:39:00 AM,CLOPPER RD,NA,Angle,Cloudy,Wet,Daylight,No Controls,NONE DETECTED,No,No Apparent Injury,NA,Not Distracted,MD,Passenger Car,Moving Constant Speed,35,No,2024,LEXUS,LS,39.18045121,-77.302872,2024,4,8
240015289,Property Damage Crash,04/02/2024 08:20:00 AM,BLUHILL RD,NA,Front to Rear,Rain,Wet,Daylight,No Controls,NONE DETECTED,No,No Apparent Injury,NA,Not Distracted,MD,Passenger Car,Negotiating a Curve,30,No,2007,HONDA,CIVIC,39.05598333,-77.06641517,2024,4,8
24000577,Property Damage Crash,04/02/2024 07:54:00 AM,BEACH DR,NA,Single Vehicle,Cloudy,Wet,Daylight,No Controls,NONE DETECTED,No,NA,NA,NA,NA,Passenger Car,Negotiating a Curve,25,No,2014,MERCEDES-BENZ,SLK-CLASS,39.01320602,-77.09222844,2024,4,7
240015283,Property Damage Crash,04/02/2024 07:17:00 AM,COLESVILLE RD,NA,"Sideswipe, Same Direction",Rain,Wet,Daylight,No Controls,NONE DETECTED,No,No Apparent Injury,NA,Not Distracted,MD,Bus - School,Moving Constant Speed,35,No,2012,THOMAS BUILT,SCHOOL BUS,39.02384643,-77.01097537,2024,4,7
240015283,Property Damage Crash,04/02/2024 07:17:00 AM,COLESVILLE RD,NA,"Sideswipe, Same Direction",Rain,Wet,Daylight,No Controls,NONE DETECTED,No,No Apparent Injury,NA,Not Distracted,MD,Bus - Other Type,Changing Lanes,35,No,2019,VAN HOOL,COACH,39.02384643,-77.01097537,2024,4,7
240015282,Injury Crash,04/02/2024 07:09:00 AM,NA,NA,Front to Rear,Rain,Wet,Daylight,No Controls,NONE DETECTED,No,No Apparent Injury,Too Fast For Conditions,Not Distracted,MD,Passenger Car,Slowing or Stopping,45,No,2022,TOYOTA,HIGHLANDER,39.03960584,-77.25258371,2024,4,7
240015282,Injury Crash,04/02/2024 07:09:00 AM,NA,NA,Front to Rear,Rain,Wet,Daylight,No Controls,NONE DETECTED,No,Possible Minor Injury,NA,Not Distracted,MD,Passenger Car,Moving Constant Speed,45,No,2019,VOLKSWAGEN,JETTA,39.03960584,-77.25258371,2024,4,7
240015282,Injury Crash,04/02/2024 07:09:00 AM,NA,NA,Front to Rear,Rain,Wet,Daylight,No Controls,NONE DETECTED,No,Possible Minor Injury,NA,Not Distracted,MD,Passenger Car,Turning Left,45,No,2007,HONDA,FIT,39.03960584,-77.25258371,2024,4,7
240015279,Injury Crash,04/02/2024 06:21:00 AM,WELLER RD,NA,Front to Rear,Rain,Wet,Medium,No Controls,NONE DETECTED,No,Possible Minor Injury,NA,Not Distracted,MD,Passenger Car,Slowing or Stopping,35,No,2004,CHEVROLET,SILVERADO,39.06687789,-77.05959596,2024,4,6
240015279,Injury Crash,04/02/2024 06:21:00 AM,WELLER RD,NA,Front to Rear,Rain,Wet,Medium,No Controls,NONE DETECTED,Yes,No Apparent Injury,NA,Not Distracted,MD,Passenger Car,Moving Constant Speed,35,No,2009,DODGE,RAM,39.06687789,-77.05959596,2024,4,6
240015278,Property Damage Crash,04/02/2024 05:36:00 AM,YEATMAN PKWY,NA,Front to Rear,Rain,Wet,Dark,Stop Sign,NONE DETECTED,Yes,No Apparent Injury,Failed to Yield Right-of-Way,Unknown,MD,Passenger Car,Turning Left,30,No,2018,INFINITI,Q50,39.0490039,-77.02498753,2024,4,5
240015278,Property Damage Crash,04/02/2024 05:36:00 AM,YEATMAN PKWY,NA,Front to Rear,Rain,Wet,Dark,No Controls,NONE DETECTED,No,No Apparent Injury,NA,Unknown,MD,Passenger Car,Moving Constant Speed,30,No,2008,MERCEDES-BENZ,E-CLASS,39.0490039,-77.02498753,2024,4,5
240015266,Property Damage Crash,04/01/2024 10:23:00 PM,BEALLSVILLE RD,NA,Single Vehicle,Cloudy,Wet,Dark,No Controls,NONE DETECTED,No,No Apparent Injury,NA,Not Distracted,VA,Sport Utility Vehicle,Moving Constant Speed,40,No,2017,CADILLAC,XT5,39.16823546,-77.41726464,2024,4,22
240015255,Property Damage Crash,04/01/2024 09:20:00 PM,UNIVERSITY BLVD W,NA,Single Vehicle,Clear,Dry,Medium,No Controls,NONE DETECTED,No,No Apparent Injury,"Failed to Keep in Proper Lane, Ran Off Roadway",Unknown,NA,Pickup,Moving Constant Speed,40,No,2004,TOYOTA,TUNDRA,39.02300463,-77.01655074,2024,4,21
240015252,Property Damage Crash,04/01/2024 09:16:00 PM,CLAGETT DR,NA,Front to Rear,Clear,Dry,Dark,No Controls,NONE DETECTED,No,No Apparent Injury,NA,"Other Action (looking away from task, etc.)",MD,Passenger Car,Accelerating,25,No,2022,MAZDA,CX-5,39.07847983,-77.1277947,2024,4,21
240015253,Property Damage Crash,04/01/2024 09:07:00 PM,FENTON ST,NA,Other,Clear,Dry,Medium,Traffic Control Signal,NONE DETECTED,Yes,No Apparent Injury,NA,Not Distracted,NJ,Other Trucks,Turning Left,30,No,2008,UNKNOWN,UNKNOWN,38.9916133,-77.02404562,2024,4,21
240015253,Property Damage Crash,04/01/2024 09:07:00 PM,FENTON ST,NA,Other,Clear,Dry,Medium,Traffic Control Signal,NONE DETECTED,No,No Apparent Injury,NA,Not Distracted,MD,Passenger Car,Stopped in Traffic,30,No,2023,TOYOTA,HIGHLANDER,38.9916133,-77.02404562,2024,4,21
240015249,Injury Crash,04/01/2024 08:40:00 PM,UNIVERSITY BLVD E,NA,Front to Rear,Rain,Wet,Medium,Traffic Control Signal,NONE DETECTED,No,Possible Minor Injury,NA,Not Distracted,MD,Passenger Car,Slowing or Stopping,35,No,2021,TOYOTA,CAMRY,38.99998189,-76.99572657,2024,4,20
240015249,Injury Crash,04/01/2024 08:40:00 PM,UNIVERSITY BLVD E,NA,Front to Rear,Rain,Wet,Medium,Traffic Control Signal,NONE DETECTED,No,No Apparent Injury,NA,Not Distracted,MD,Passenger Car,Slowing or Stopping,35,No,2018,RAM,UNKNOWN,38.99998189,-76.99572657,2024,4,20
240013883,Property Damage Crash,04/01/2024 08:20:00 PM,GEORGIA AVE,NA,Front to Rear,Clear,Dry,Medium,No Controls,NONE DETECTED,No,No Apparent Injury,NA,Not Distracted,MD,Passenger Car,Moving Constant Speed,35,No,2015,TOYOTA,COROLLA,39.0607438,-77.05166782,2024,4,20
240013883,Property Damage Crash,04/01/2024 08:20:00 PM,GEORGIA AVE,NA,Front to Rear,Clear,Dry,Medium,No Controls,NONE DETECTED,No,NA,NA,NA,NA,Passenger Car,Moving Constant Speed,35,No,2014,TOYOTA,TACOMA,39.0607438,-77.05166782,2024,4,20
240015246,Injury Crash,04/01/2024 08:12:00 PM,EMORY LA,NA,Single Vehicle,Rain,Wet,Dark,No Controls,NONE DETECTED,No,Possible Minor Injury,NA,Not Distracted,MD,Passenger Car,Moving Constant Speed,35,No,2010,HONDA,FIT,39.12259705,-77.09328067,2024,4,20
240015250,Injury Crash,04/01/2024 07:59:00 PM,PLUMMER DR,NA,Front to Front,Clear,Dry,Medium,No Controls,ALCOHOL PRESENT,Yes,No Apparent Injury,NA,Not Distracted,MD,Passenger Car,Moving Constant Speed,30,No,2009,HONDA,CIVIC,39.17244454,-77.2347111,2024,4,19