Local Case Number,ACRS Report Type,Crash Date/Time,Road Name,Related Non-Motorist,Collision Type,Weather,Surface Condition,Light,Traffic Control,Driver Substance Abuse,Driver At Fault,Injury Severity,Circumstance,Driver Distracted By,Drivers License State,Vehicle Body Type,Vehicle Movement,Speed Limit,Driverless Vehicle,Vehicle Year,Vehicle Make,Vehicle Model,Latitude,Longitude,Year,Month,Hour
240015250,Injury Crash,04/01/2024 07:59:00 PM,PLUMMER DR,NA,Front to Front,Clear,Dry,Medium,No Controls,NONE DETECTED,No,Possible Minor Injury,NA,Not Distracted,MD,Sport Utility Vehicle,Slowing or Stopping,30,No,2017,BMW,X5,39.17244454,-77.2347111,2024,4,19
240015245,Property Damage Crash,04/01/2024 07:57:00 PM,OLD GEORGETOWN RD (SB/L),NA,Angle,Clear,Dry,Medium,Traffic Control Signal,NONE DETECTED,No,No Apparent Injury,NA,Unknown,MD,Passenger Car,Turning Left,35,No,2022,POLESTAR,PS2,39.0164665,-77.11966683,2024,4,19
240015245,Property Damage Crash,04/01/2024 07:57:00 PM,OLD GEORGETOWN RD (SB/L),NA,Angle,Clear,Dry,Medium,Traffic Control Signal,NONE DETECTED,No,No Apparent Injury,NA,Not Distracted,MD,Passenger Car,Moving Constant Speed,35,No,1998,MERCEDES-BENZ,C-CLASS,39.0164665,-77.11966683,2024,4,19
240015239,Injury Crash,04/01/2024 07:03:00 PM,NA,NA,Front to Rear,Clear,Dry,Medium,Traffic Control Signal,NONE DETECTED,No,No Apparent Injury,NA,Not Distracted,MD,Passenger Car,Stopped in Traffic,35,No,2017,TOYOTA,COROLLA,39.0354346,-77.19446834,2024,4,19
240015239,Injury Crash,04/01/2024 07:03:00 PM,NA,NA,Front to Rear,Clear,Dry,Medium,Traffic Control Signal,NONE DETECTED,Yes,Possible Minor Injury,"Operated Motor Vehicle in Inattentive, Careless, Negligent, or Erratic Manner, Other Improper Action",Not Distracted,MD,Passenger Car,Moving Constant Speed,35,No,2015,TOYOTA,PRIUS,39.0354346,-77.19446834,2024,4,19
240015232,Property Damage Crash,04/01/2024 06:12:00 PM,OLD GEORGETOWN RD,NA,Angle,Clear,Dry,Daylight,Traffic Control Signal,NONE DETECTED,No,No Apparent Injury,NA,Not Distracted,MD,Sport Utility Vehicle,Entering Traffic Lane,35,No,2016,SUBARU,OUTBACK,38.98721017,-77.09832467,2024,4,18
240015232,Property Damage Crash,04/01/2024 06:12:00 PM,OLD GEORGETOWN RD,NA,Angle,Clear,Dry,Daylight,Traffic Control Signal,NONE DETECTED,No,No Apparent Injury,NA,Not Distracted,MD,Van - Passenger (&lt;9 Seats),Stopped in Traffic,35,No,2011,TOYOTA,SIENNA,38.98721017,-77.09832467,2024,4,18
240015231,Property Damage Crash,04/01/2024 06:11:00 PM,OLD GEORGETOWN RD (SB/L),NA,Front to Rear,Cloudy,Dry,Daylight,Traffic Control Signal,NONE DETECTED,No,No Apparent Injury,Followed Too Closely,Unknown,MD,Passenger Car,Slowing or Stopping,35,No,2018,MAZDA,MX-5,39.00287144,-77.10998484,2024,4,18
240015231,Property Damage Crash,04/01/2024 06:11:00 PM,OLD GEORGETOWN RD (SB/L),NA,Front to Rear,Cloudy,Dry,Daylight,Traffic Control Signal,NONE DETECTED,No,No Apparent Injury,NA,Not Distracted,MD,Sport Utility Vehicle,Stopped in Traffic,35,No,2006,BMW,X3,39.00287144,-77.10998484,2024,4,18
240015231,Property Damage Crash,04/01/2024 06:11:00 PM,OLD GEORGETOWN RD (SB/L),NA,Front to Rear,Cloudy,Dry,Daylight,Traffic Control Signal,NONE DETECTED,No,No Apparent Injury,NA,Not Distracted,MD,Sport Utility Vehicle,Slowing or Stopping,35,No,2011,SUBARU,FORESTER,39.00287144,-77.10998484,2024,4,18
240015234,Property Damage Crash,04/01/2024 05:40:00 PM,RAMP 10 FR US 29 SB TO FAIRLAND RD WB,NA,Front to Rear,Clear,Dry,Daylight,Yield Sign,NONE DETECTED,No,No Apparent Injury,NA,Unknown,MS,Passenger Car,Slowing or Stopping,30,No,2018,HONDA,ACCORD,39.0746582,-76.95645975,2024,4,17
240015234,Property Damage Crash,04/01/2024 05:40:00 PM,RAMP 10 FR US 29 SB TO FAIRLAND RD WB,NA,Front to Rear,Clear,Dry,Daylight,Yield Sign,NONE DETECTED,No,No Apparent Injury,NA,Not Distracted,MD,Passenger Car,Slowing or Stopping,30,No,2022,TOYOTA,TACOMA,39.0746582,-76.95645975,2024,4,17
240015221,Property Damage Crash,04/01/2024 05:05:00 PM,MUDDY BRANCH RD (SB/L),NA,Front to Rear,Clear,Dry,Daylight,Traffic Control Signal,NONE DETECTED,No,No Apparent Injury,NA,Not Distracted,MD,Passenger Car,Slowing or Stopping,40,No,2022,HONDA,CR-V,39.13694217,-77.20565617,2024,4,17
240015221,Property Damage Crash,04/01/2024 05:05:00 PM,MUDDY BRANCH RD (SB/L),NA,Front to Rear,Clear,Dry,Daylight,Traffic Control Signal,NONE DETECTED,No,No Apparent Injury,NA,Not Distracted,MD,Passenger Car,Slowing or Stopping,40,No,2015,NISSAN,NISSAN Z,39.13694217,-77.20565617,2024,4,17
240015221,Property Damage Crash,04/01/2024 05:05:00 PM,MUDDY BRANCH RD (SB/L),NA,Front to Rear,Clear,Dry,Daylight,Traffic Control Signal,NONE DETECTED,Yes,No Apparent Injury,NA,Unknown,MD,Passenger Car,Moving Constant Speed,40,No,2011,MAZDA,MAZDA3,39.13694217,-77.20565617,2024,4,17
240015215,Property Damage Crash,04/01/2024 04:55:00 PM,GLENMONT CIR #1,NA,Rear To Side,Cloudy,Other,Daylight,Other,NONE DETECTED,No,No Apparent Injury,NA,Unknown,MD,Passenger Car,Moving Constant Speed,15,No,2015,TOYOTA,CAMRY,39.05872333,-77.04735833,2024,4,16
240015215,Property Damage Crash,04/01/2024 04:55:00 PM,GLENMONT CIR #1,NA,Rear To Side,Cloudy,Other,Daylight,Other Signal,NONE DETECTED,Yes,No Apparent Injury,Failed to Yield Right-of-Way,Not Distracted,MD,Passenger Car,Accelerating,15,No,2012,DODGE,CHARGER,39.05872333,-77.04735833,2024,4,16
240015208,Injury Crash,04/01/2024 04:08:00 PM,NA,NA,Rear To Side,Clear,Dry,Daylight,No Controls,ALCOHOL PRESENT,Yes,Possible Minor Injury,NA,Not Distracted,MD,Passenger Car,Backing,35,No,1990,MAZDA,MX-5,39.09808275,-77.09857802,2024,4,16
240015207,Injury Crash,04/01/2024 04:01:00 PM,MASSACHUSETTS AVE (WB/L),NA,Single Vehicle,Clear,Wet,Daylight,No Controls,NONE DETECTED,No,Possible Minor Injury,"Failed to Keep in Proper Lane, Operated Motor Vehicle in Inattentive, Careless, Negligent, or Erratic Manner, Other Improper Action, Ran Off Roadway",Talking/listening,MD,Passenger Car,Moving Constant Speed,35,No,2015,NISSAN,ALTIMA,38.9538653,-77.10353995,2024,4,16
240015206,Property Damage Crash,04/01/2024 03:51:00 PM,NA,NA,"Sideswipe, Opposite Direction",Cloudy,Dry,Daylight,No Controls,NONE DETECTED,No,No Apparent Injury,NA,Unknown,MD,Sport Utility Vehicle,Negotiating a Curve,35,No,2007,HONDA,CR-V,39.08752659,-76.96211878,2024,4,15
240015206,Property Damage Crash,04/01/2024 03:51:00 PM,NA,NA,"Sideswipe, Opposite Direction",Cloudy,Dry,Daylight,No Controls,NONE DETECTED,Yes,No Apparent Injury,NA,Not Distracted,MD,Sport Utility Vehicle,Negotiating a Curve,35,No,2010,MERCEDES-BENZ,GLK-CLASS,39.08752659,-76.96211878,2024,4,15
240015204,Property Damage Crash,04/01/2024 03:25:00 PM,BRIGGS CHANEY RD,NA,Angle,Cloudy,Dry,Daylight,Traffic Control Signal,NONE DETECTED,No,No Apparent Injury,NA,"Other Action (looking away from task, etc.)",MD,All-Terrain Vehicle/All-Terrain Cycle (ATV/ATC),Turning Left,35,No,2001,TOYOTA,CAMRY,39.084308,-76.95121417,2024,4,15
240015204,Property Damage Crash,04/01/2024 03:25:00 PM,BRIGGS CHANEY RD,NA,Angle,Cloudy,Dry,Daylight,Traffic Control Signal,NONE DETECTED,No,No Apparent Injury,NA,Not Distracted,MD,All-Terrain Vehicle/All-Terrain Cycle (ATV/ATC),Moving Constant Speed,35,No,2019,DODGE,CHARGER,39.084308,-76.95121417,2024,4,15
240015192,Property Damage Crash,04/01/2024 03:08:00 PM,CLARKSBURG RD,NA,Single Vehicle,Rain,Wet,Daylight,Curve Ahead Warning Sign,NONE DETECTED,No,No Apparent Injury,Too Fast For Conditions,Unknown,MD,Passenger Car,Moving Constant Speed,35,No,1999,TOYOTA,4-RUNNER,39.26289646,-77.28181935,2024,4,15
240015181,Injury Crash,04/01/2024 01:44:00 PM,PINNACLE DR,Pedestrian,Single Vehicle,Clear,Wet,Daylight,Stop Sign,NONE DETECTED,Yes,No Apparent Injury,Failed to Yield Right-of-Way,Unknown,MD,Passenger Car,Turning Left,30,No,2018,AUDI,A5,39.182118,-77.26520344,2024,4,13
240015176,Injury Crash,04/01/2024 01:19:00 PM,E GUDE DR (WB/L),NA,Front to Rear,Rain,Wet,Daylight,No Controls,NONE DETECTED,Yes,No Apparent Injury,NA,Not Distracted,MD,Passenger Car,Moving Constant Speed,40,No,1996,TOYOTA,TERCEL,39.10663833,-77.156745,2024,4,13
240015176,Injury Crash,04/01/2024 01:19:00 PM,E GUDE DR (WB/L),NA,Front to Rear,Rain,Wet,Daylight,No Controls,NONE DETECTED,No,Possible Minor Injury,NA,Not Distracted,MD,Passenger Car,Moving Constant Speed,40,No,2017,HONDA,ACCORD,39.10663833,-77.156745,2024,4,13
240015168,Injury Crash,04/01/2024 01:00:00 PM,NA,Pedestrian,Single Vehicle,Rain,Wet,Daylight,Traffic Control Signal,NONE DETECTED,Yes,No Apparent Injury,NA,Not Distracted,MD,Passenger Car,Turning Left,35,No,2002,CHEVROLET,SUBURBAN,39.08032107,-77.08031318,2024,4,13
240015165,Property Damage Crash,04/01/2024 12:07:00 PM,LOWANDER LA,NA,"Sideswipe, Same Direction",Rain,Wet,Daylight,No Controls,NONE DETECTED,No,No Apparent Injury,Over-Correcting/Over-Steering,Not Distracted,MD,Other,Overtaking/Passing,25,No,2016,FREIGHTLINER,M2,39.01121267,-76.9938125,2024,4,12
240015161,Property Damage Crash,04/01/2024 12:05:00 PM,NORBECK RD,NA,Front to Rear,Rain,Wet,Daylight,No Controls,NONE DETECTED,No,No Apparent Injury,NA,Not Distracted,MD,Sport Utility Vehicle,Moving Constant Speed,40,No,2018,TOYOTA,HIGHLANDER,39.09432223,-77.11619994,2024,4,12
240015161,Property Damage Crash,04/01/2024 12:05:00 PM,NORBECK RD,NA,Front to Rear,Rain,Wet,Daylight,No Controls,NONE DETECTED,No,No Apparent Injury,NA,"Other Action (looking away from task, etc.)",MD,Passenger Car,Accelerating,40,No,2020,CHEVROLET,TRAX,39.09432223,-77.11619994,2024,4,12
240015154,Injury Crash,04/01/2024 11:30:00 AM,OAKVIEW DR,NA,Other,Rain,Wet,Daylight,Stop Sign,NONE DETECTED,Yes,No Apparent Injury,NA,Not Distracted,NA,Passenger Car,Moving Constant Speed,20,No,2013,HYUNDAI,SONATA,39.01521368,-76.97693146,2024,4,11
240015154,Injury Crash,04/01/2024 11:30:00 AM,OAKVIEW DR,NA,Other,Rain,Wet,Daylight,Stop Sign,NONE DETECTED,No,Possible Minor Injury,Failed to Yield Right-of-Way,Not Distracted,MD,Passenger Car,Accelerating,20,No,2015,TOYOTA,CAMRY,39.01521368,-76.97693146,2024,4,11
240015147,Property Damage Crash,04/01/2024 10:50:00 AM,WASHINGTON GROVE LA,NA,"Sideswipe, Same Direction",Rain,Wet,Daylight,No Controls,NONE DETECTED,No,No Apparent Injury,NA,Not Distracted,MD,Bus - Transit,Stopped in Traffic,35,No,2017,GILLIG,CITY SUBURBAN BUS,39.148045,-77.16845333,2024,4,10
240015147,Property Damage Crash,04/01/2024 10:50:00 AM,WASHINGTON GROVE LA,NA,"Sideswipe, Same Direction",Rain,Wet,Daylight,No Controls,NONE DETECTED,Yes,No Apparent Injury,Improper Passing,Not Distracted,MD,Single-Unit Truck,Overtaking/Passing,35,No,2004,FORD,E-350,39.148045,-77.16845333,2024,4,10
240015136,Injury Crash,04/01/2024 09:26:00 AM,BLACKWELL RD,NA,Angle,Cloudy,Wet,Daylight,Traffic Control Signal,NONE DETECTED,No,No Apparent Injury,NA,Not Distracted,MD,Passenger Car,Moving Constant Speed,35,No,2015,TESLA,MODEL S,39.10099333,-77.19163,2024,4,9
240015136,Injury Crash,04/01/2024 09:26:00 AM,BLACKWELL RD,NA,Angle,Cloudy,Wet,Daylight,Traffic Control Signal,NONE DETECTED,Yes,Possible Minor Injury,Failed to Yield Right-of-Way,Unknown,MD,Sport Utility Vehicle,Turning Left,35,No,2006,TOYOTA,HIGHLANDER,39.10099333,-77.19163,2024,4,9
240015130,Injury Crash,04/01/2024 08:37:00 AM,SNOWDEN FARM PKW (WB/L)Y,NA,Single Vehicle,Rain,Wet,Daylight,No Controls,NONE DETECTED,Yes,Possible Minor Injury,"Ran Off Roadway, Too Fast For Conditions",Not Distracted,MD,Passenger Car,Moving Constant Speed,40,No,2010,TOYOTA,COROLLA,39.23056467,-77.25386133,2024,4,8
240015128,Property Damage Crash,04/01/2024 08:02:00 AM,NEW HAMPSHIRE AVE,NA,Front to Rear,Rain,Wet,Daylight,Traffic Control Signal,NONE DETECTED,No,No Apparent Injury,NA,Not Distracted,CO,Sport Utility Vehicle,Stopped in Traffic,30,No,2023,ACURA,MDX,39.12118153,-76.98875845,2024,4,8
240015128,Property Damage Crash,04/01/2024 08:02:00 AM,NEW HAMPSHIRE AVE,NA,Front to Rear,Rain,Wet,Daylight,Traffic Control Signal,NONE DETECTED,Yes,No Apparent Injury,NA,Not Distracted,MD,Sport Utility Vehicle,Slowing or Stopping,30,No,2023,HYUNDAI,SANTA FE SPORT,39.12118153,-76.98875845,2024,4,8
240015112,Property Damage Crash,04/01/2024 01:13:00 AM,E RANDOLPH RD (WB/L),NA,Rear To Side,Clear,Dry,Medium,Flashing Traffic Control Signal,NONE DETECTED,Yes,No Apparent Injury,NA,Unknown,MD,Passenger Car,Moving Constant Speed,40,No,2015,AUDI,A6,39.06352733,-76.966088,2024,4,1
240015112,Property Damage Crash,04/01/2024 01:13:00 AM,E RANDOLPH RD (WB/L),NA,Rear To Side,Clear,Dry,Medium,Flashing Traffic Control Signal,NONE DETECTED,No,NA,NA,NA,NA,Passenger Car,Moving Constant Speed,40,No,2014,BMW,335XI,39.06352733,-76.966088,2024,4,1
240015104,Property Damage Crash,03/31/2024 11:29:00 PM,NA,NA,Single Vehicle,Clear,Dry,Medium,Traffic Control Signal,NONE DETECTED,No,No Apparent Injury,NA,Not Distracted,MD,Passenger Car,Slowing or Stopping,35,No,2004,VOLVO,S60 CROSS COUNTRY,39.10020859,-77.18244964,2024,3,23
240015103,Property Damage Crash,03/31/2024 10:50:00 PM,NA,NA,Single Vehicle,Clear,NA,Dark,NA,NONE DETECTED,No,No Apparent Injury,NA,Not Distracted,MD,Sport Utility Vehicle,Accelerating,0,No,2023,FORD,EXPLORER,39.1736634,-77.17817569,2024,3,22
240015099,Injury Crash,03/31/2024 09:30:00 PM,NA,NA,Front to Rear,Clear,Dry,Medium,Traffic Control Signal,NONE DETECTED,No,No Apparent Injury,NA,Not Distracted,MD,Passenger Car,Stopped in Traffic,35,No,2018,TOYOTA,COROLLA,39.14987768,-77.20861083,2024,3,21
240015099,Injury Crash,03/31/2024 09:30:00 PM,NA,NA,Front to Rear,Clear,Dry,Medium,Traffic Control Signal,NONE DETECTED,No,No Apparent Injury,NA,"Other Action (looking away from task, etc.)",MD,Passenger Car,Moving Constant Speed,35,No,2014,SUBARU,XV CROSSTREK,39.14987768,-77.20861083,2024,3,21
240015097,Injury Crash,03/31/2024 09:25:00 PM,N270-W DIAMOND EAST RAMP,NA,Angle,Clear,Dry,Medium,Traffic Control Signal,NONE DETECTED,No,No Apparent Injury,"Failed to Yield Right-of-Way, Operated Motor Vehicle in Inattentive, Careless, Negligent, or Erratic Manner",Not Distracted,NA,Passenger Car,Turning Left,35,No,2012,HONDA,CIVIC,39.14050941,-77.21071249,2024,3,21
240015097,Injury Crash,03/31/2024 09:25:00 PM,N270-W DIAMOND EAST RAMP,NA,Angle,Clear,Dry,Medium,Traffic Control Signal,NONE DETECTED,No,Possible Minor Injury,NA,Not Distracted,MD,Pickup,Moving Constant Speed,35,No,2010,FORD,F-150,39.14050941,-77.21071249,2024,3,21
240015095,Property Damage Crash,03/31/2024 09:15:00 PM,NEW HAMPSHIRE AVE (SB/L),NA,Front to Front,Clear,Dry,Dark,No Controls,NONE DETECTED,No,No Apparent Injury,NA,Not Distracted,MD,Other Trucks,Moving Constant Speed,45,No,2021,RAM,1500,39.03846141,-76.99008626,2024,3,21
240015095,Property Damage Crash,03/31/2024 09:15:00 PM,NEW HAMPSHIRE AVE (SB/L),NA,Front to Front,Clear,Dry,Dark,No Controls,NONE DETECTED,Yes,No Apparent Injury,NA,Unknown,MD,Passenger Car,Making U-Turn,45,No,2017,HYUNDAI,SANTA FE,39.03846141,-76.99008626,2024,3,21
240015094,Injury Crash,03/31/2024 09:14:00 PM,VEIRS MILL RD (WB/L),NA,Front to Rear,Clear,Dry,Dark,Traffic Control Signal,NONE DETECTED,No,No Apparent Injury,"Operated Motor Vehicle in Inattentive, Careless, Negligent, or Erratic Manner",Unknown,MD,Passenger Car,Moving Constant Speed,35,No,2006,HONDA,CIVIC,39.052744,-77.07629683,2024,3,21
240015094,Injury Crash,03/31/2024 09:14:00 PM,VEIRS MILL RD (WB/L),NA,Front to Rear,Clear,Dry,Dark,Traffic Control Signal,NONE DETECTED,No,Possible Minor Injury,NA,Not Distracted,DC,Passenger Car,Parked,35,No,2004,BUICK,LESABRE,39.052744,-77.07629683,2024,3,21
240015088,Injury Crash,03/31/2024 08:00:00 PM,FIELDS RD (EB/L),NA,Front to Rear,Clear,Dry,Medium,Traffic Control Signal,NONE DETECTED,No,Possible Minor Injury,NA,Not Distracted,MD,Passenger Car,Slowing or Stopping,30,No,2019,HONDA,FIT,39.11593814,-77.20452481,2024,3,20
240015088,Injury Crash,03/31/2024 08:00:00 PM,FIELDS RD (EB/L),NA,Front to Rear,Clear,Dry,Medium,Traffic Control Signal,NONE DETECTED,No,No Apparent Injury,NA,Not Distracted,MD,Passenger Car,Slowing or Stopping,30,No,2013,TOYOTA,HIGHLANDER,39.11593814,-77.20452481,2024,3,20
240015087,Injury Crash,03/31/2024 07:40:00 PM,NA,Pedestrian,Unknown,Clear,NA,Medium,NA,NONE DETECTED,Yes,No Apparent Injury,NA,Not Distracted,MD,Passenger Car,Backing,0,No,2004,BMW,X5,39.08628478,-77.15330416,2024,3,19
240015085,Property Damage Crash,03/31/2024 07:13:00 PM,BATCHELLORS FOREST RD,NA,Single Vehicle,Clear,Dry,Medium,No Controls,NONE DETECTED,No,No Apparent Injury,"Over-Correcting/Over-Steering, Swerved or Avoided Due to Wind, Slippery Surface, Motor Vehicle, Object, Non-Motorist in Roadway, etc",Not Distracted,MD,Passenger Car,Moving Constant Speed,25,No,2022,TOYOTA,COROLLA,39.12311333,-77.05998833,2024,3,19
240015078,Injury Crash,03/31/2024 06:36:00 PM,ROCKVILLE PIKE,NA,"Sideswipe, Same Direction",Clear,Dry,Daylight,No Controls,NONE DETECTED,No,Possible Minor Injury,NA,Not Distracted,MD,Van - Cargo,Moving Constant Speed,35,No,2018,RAM,PROMASTER 2500,39.011935,-77.09793833,2024,3,18
240015078,Injury Crash,03/31/2024 06:36:00 PM,ROCKVILLE PIKE,NA,"Sideswipe, Same Direction",Clear,Dry,Daylight,Stop Sign,NONE DETECTED,Yes,No Apparent Injury,Improper Turn,Unknown,MD,Passenger Car,Turning Left,35,No,2016,ACURA,ILX,39.011935,-77.09793833,2024,3,18
240015075,Property Damage Crash,03/31/2024 06:31:00 PM,NA,NA,Other,Clear,Dry,Daylight,Traffic Control Signal,NONE DETECTED,Yes,No Apparent Injury,NA,Not Distracted,MD,Passenger Car,Turning Left,35,No,2015,NISSAN,VERSA,39.00515337,-77.02284204,2024,3,18
240015075,Property Damage Crash,03/31/2024 06:31:00 PM,NA,NA,Other,Clear,Dry,Daylight,Traffic Control Signal,NONE DETECTED,No,No Apparent Injury,NA,Not Distracted,MD,Passenger Car,Moving Constant Speed,35,No,2023,CHRYSLER,300,39.00515337,-77.02284204,2024,3,18
240015077,Injury Crash,03/31/2024 06:21:00 PM,AMHERST AVE,NA,Single Vehicle,Clear,Dry,Daylight,No Controls,ALCOHOL PRESENT,No,No Apparent Injury,NA,Unknown,MD,Passenger Car,Moving Constant Speed,35,No,2015,CHEVROLET,TAHOE,39.04181333,-77.04808667,2024,3,18
240015065,Injury Crash,03/31/2024 05:04:00 PM,VEIRS MILL RD (WB/L),NA,Single Vehicle,Clear,Dry,Daylight,No Controls,NONE DETECTED,No,Possible Minor Injury,Other Improper Action,Not Distracted,MD,Motorcycle - 2 Wheeled,Moving Constant Speed,35,No,2015,HARLEY DAVIDSON,50TH ANNIVERSARY SPORTSTER,39.04634446,-77.06693896,2024,3,17
240015060,Property Damage Crash,03/31/2024 03:42:00 PM,MIDDLEBROOK RD (WB/L),NA,Rear To Side,Clear,Dry,Daylight,Pedestrian Crossing Sign,NONE DETECTED,No,No Apparent Injury,NA,Not Distracted,MD,Passenger Car,Moving Constant Speed,35,No,2011,MERCEDES-BENZ,C-CLASS,39.18142715,-77.26941102,2024,3,15
240015060,Property Damage Crash,03/31/2024 03:42:00 PM,MIDDLEBROOK RD (WB/L),NA,Rear To Side,Clear,Dry,Daylight,Stop Sign,NONE DETECTED,Yes,No Apparent Injury,NA,Unknown,MD,Passenger Car,Moving Constant Speed,35,No,2013,TOYOTA,COROLLA,39.18142715,-77.26941102,2024,3,15
240015052,Property Damage Crash,03/31/2024 02:21:00 PM,GRUENTHER AVE,NA,"Sideswipe, Same Direction",Clear,Dry,Daylight,No Controls,NONE DETECTED,No,NA,NA,NA,NA,Van - Passenger (&lt;9 Seats),Moving Constant Speed,30,No,2012,TOYOTA,SIENNA,39.08136148,-77.11770469,2024,3,14
240015038,Injury Crash,03/31/2024 11:35:00 AM,SHADY GROVE RD,NA,Rear To Side,Clear,Dry,Daylight,Traffic Control Signal,NONE DETECTED,Yes,No Apparent Injury,NA,Talking/listening,MD,Passenger Car,Turning Left,40,No,2016,HYUNDAI,SONATA,39.12261922,-77.17754065,2024,3,11
240015038,Injury Crash,03/31/2024 11:35:00 AM,SHADY GROVE RD,NA,Rear To Side,Clear,Dry,Daylight,Traffic Control Signal,NONE DETECTED,No,Possible Minor Injury,NA,Not Distracted,MD,Passenger Car,Moving Constant Speed,40,No,2012,HONDA,ODYSSEY,39.12261922,-77.17754065,2024,3,11
240015037,Property Damage Crash,03/31/2024 11:15:00 AM,NA,NA,Rear To Side,Clear,NA,Daylight,NA,NONE DETECTED,Yes,No Apparent Injury,NA,Unknown,NA,Passenger Car,Backing,0,No,2007,INFINITI,G35,38.98720517,-76.98757367,2024,3,11
240015031,Property Damage Crash,03/31/2024 10:22:00 AM,GEORGIA AVE (SB/L),NA,"Sideswipe, Opposite Direction",Clear,Dry,Daylight,Traffic Control Signal,NONE DETECTED,No,No Apparent Injury,NA,Not Distracted,MD,Pickup,Slowing or Stopping,35,No,2023,TOYOTA,TACOMA,38.99957218,-77.03205112,2024,3,10
240015031,Property Damage Crash,03/31/2024 10:22:00 AM,GEORGIA AVE (SB/L),NA,"Sideswipe, Opposite Direction",Clear,Dry,Daylight,Traffic Control Signal,NONE DETECTED,Yes,No Apparent Injury,NA,Not Distracted,PA,Other Trucks,Moving Constant Speed,35,No,2022,PIERCE MANUFACTURING,AERIAL,38.99957218,-77.03205112,2024,3,10
240015029,Property Damage Crash,03/31/2024 10:00:00 AM,NORBECK RD (WB/L),NA,Front to Rear,Clear,Dry,Daylight,Traffic Control Signal,NONE DETECTED,No,No Apparent Injury,NA,Not Distracted,MD,Passenger Car,Turning Right,35,No,2019,HYUNDAI,IONIQ,39.10969154,-77.07617255,2024,3,10
240015029,Property Damage Crash,03/31/2024 10:00:00 AM,NORBECK RD (WB/L),NA,Front to Rear,Clear,Dry,Daylight,Traffic Control Signal,NONE DETECTED,Yes,No Apparent Injury,NA,"Other Action (looking away from task, etc.)",MD,Passenger Car,Turning Right,35,No,2014,CHEVROLET,CRUZE,39.10969154,-77.07617255,2024,3,10
240015010,Property Damage Crash,03/31/2024 05:00:00 AM,ASPEN HILL RD,NA,"Sideswipe, Same Direction",Clear,Dry,Dark,No Controls,NONE DETECTED,No,No Apparent Injury,NA,NA,NA,Passenger Car,NA,35,No,2015,NISSAN,SENTRA,39.07082334,-77.1017312,2024,3,5
240015007,Property Damage Crash,03/31/2024 04:50:00 AM,RAMP 7 FR RANDOLPH RD WB TO MD 97 SB,NA,Front to Rear,Clear,Wet,Medium,Traffic Control Signal,NONE DETECTED,No,No Apparent Injury,NA,Not Distracted,MD,Sport Utility Vehicle,Stopped in Traffic,35,No,2023,TOYOTA,HIGHLANDER,39.05838324,-77.04961229,2024,3,4
240015007,Property Damage Crash,03/31/2024 04:50:00 AM,RAMP 7 FR RANDOLPH RD WB TO MD 97 SB,NA,Front to Rear,Clear,Wet,Medium,Traffic Control Signal,ALCOHOL PRESENT,No,No Apparent Injury,"Operated Motor Vehicle in Inattentive, Careless, Negligent, or Erratic Manner, Other Improper Action",Not Distracted,MD,Passenger Car,Stopped in Traffic,35,No,2023,TOYOTA,CAMRY,39.05838324,-77.04961229,2024,3,4
240014999,Property Damage Crash,03/31/2024 03:13:00 AM,RIDGECREST DR,NA,Front to Rear,Rain,Wet,Medium,No Controls,NONE DETECTED,Yes,No Apparent Injury,NA,Not Distracted,MD,Passenger Car,Moving Constant Speed,30,No,2009,HONDA,CIVIC,39.17295437,-77.25717,2024,3,3
240014996,Injury Crash,03/31/2024 02:27:00 AM,NA,NA,Front to Rear,Cloudy,Wet,Dark,No Controls,NONE DETECTED,No,Possible Minor Injury,NA,Not Distracted,VA,Passenger Car,Moving Constant Speed,40,No,2018,LAMBORGHINI,AVENTADOR,39.19361533,-77.30590817,2024,3,2