Local Case Number,ACRS Report Type,Crash Date/Time,Road Name,Related Non-Motorist,Collision Type,Weather,Surface Condition,Light,Traffic Control,Driver Substance Abuse,Driver At Fault,Injury Severity,Circumstance,Driver Distracted By,Drivers License State,Vehicle Body Type,Vehicle Movement,Speed Limit,Driverless Vehicle,Vehicle Year,Vehicle Make,Vehicle Model,Latitude,Longitude,Year,Month,Hour
240014710,Property Damage Crash,03/28/2024 08:36:00 PM,NEW HAMPSHIRE AVE,NA,Front to Rear,Clear,Dry,Medium,No Controls,NONE DETECTED,Yes,No Apparent Injury,NA,Unknown,MD,Passenger Car,Moving Constant Speed,35,No,2017,HYUNDAI,ELANTRA,39.01504338,-76.977829,2024,3,20
240014710,Property Damage Crash,03/28/2024 08:36:00 PM,NEW HAMPSHIRE AVE,NA,Front to Rear,Clear,Dry,Medium,No Controls,NONE DETECTED,No,No Apparent Injury,NA,Not Distracted,MD,Passenger Car,Stopped in Traffic,35,No,2011,HONDA,CIVIC,39.01504338,-76.977829,2024,3,20
240014705,Property Damage Crash,03/28/2024 08:32:00 PM,PLUMMER DR,NA,Single Vehicle,Clear,Dry,Medium,Traffic Control Signal,NONE DETECTED,Yes,No Apparent Injury,NA,Not Distracted,MD,Passenger Car,Moving Constant Speed,40,No,2022,SUBARU,FORESTER,39.17162276,-77.23606715,2024,3,20
240014695,Injury Crash,03/28/2024 07:45:00 PM,METRORAIL TRACK B2 RAIL,Scooter (electric),Single Vehicle,Clear,Dry,Medium,Traffic Control Signal,NONE DETECTED,Yes,No Apparent Injury,Disregarded Other Traffic Sign,"Other Action (looking away from task, etc.)",MD,Passenger Car,Turning Right,40,No,2017,CHRYSLER,PACIFICA,39.01558822,-77.04274834,2024,3,19
240014682,Injury Crash,03/28/2024 06:00:00 PM,FIRST ST SPUR,NA,Angle,Clear,Dry,Daylight,Stop Sign,NONE DETECTED,No,Possible Minor Injury,NA,Not Distracted,MD,Passenger Car,Moving Constant Speed,45,No,2002,PONTIAC,TRANS SPORT,39.08702301,-77.13519239,2024,3,18
240014682,Injury Crash,03/28/2024 06:00:00 PM,FIRST ST SPUR,NA,Angle,Clear,Dry,Daylight,Stop Sign,NONE DETECTED,Yes,Possible Minor Injury,NA,Not Distracted,MD,Pickup,Entering Traffic Lane,45,No,2018,CHEVROLET,COLORADO,39.08702301,-77.13519239,2024,3,18
240014676,Injury Crash,03/28/2024 05:44:00 PM,W WATKINS MILL RD,NA,Angle,Cloudy,Dry,Daylight,Traffic Control Signal,NONE DETECTED,Yes,Possible Minor Injury,Other Improper Action,Not Distracted,MD,Sport Utility Vehicle,Accelerating,35,No,2022,FORD,EXPLORER,39.15664484,-77.22456146,2024,3,17
240014676,Injury Crash,03/28/2024 05:44:00 PM,W WATKINS MILL RD,NA,Angle,Cloudy,Dry,Daylight,Traffic Control Signal,NONE DETECTED,Yes,Possible Minor Injury,Failed to Yield Right-of-Way,Not Distracted,MD,Passenger Car,Moving Constant Speed,35,No,2023,TESLA,MODEL 3,39.15664484,-77.22456146,2024,3,17
240014675,Injury Crash,03/28/2024 05:39:00 PM,RANDOLPH RD,NA,Front to Rear,Clear,Dry,Daylight,No Controls,NONE DETECTED,No,No Apparent Injury,NA,Not Distracted,MD,Passenger Car,Slowing or Stopping,30,No,2019,TOYOTA,HIGHLANDER,39.07314626,-77.00805292,2024,3,17
240014675,Injury Crash,03/28/2024 05:39:00 PM,RANDOLPH RD,NA,Front to Rear,Clear,Dry,Daylight,No Controls,NONE DETECTED,Yes,Possible Minor Injury,Followed Too Closely,Unknown,MD,Passenger Car,Moving Constant Speed,30,No,1991,HONDA,ACCORD,39.07314626,-77.00805292,2024,3,17
240014657,Property Damage Crash,03/28/2024 04:59:00 PM,BELL BLUFF RD,NA,Rear To Side,Clear,Dry,Daylight,No Controls,NONE DETECTED,No,No Apparent Injury,Failed to Yield Right-of-Way,Not Distracted,MD,Passenger Car,Entering Traffic Lane,25,No,2017,HONDA,CIVIC,39.19903509,-77.2023812,2024,3,16
240014657,Property Damage Crash,03/28/2024 04:59:00 PM,BELL BLUFF RD,NA,Rear To Side,Clear,Dry,Daylight,No Controls,NONE DETECTED,No,No Apparent Injury,NA,Not Distracted,MD,Sport Utility Vehicle,Moving Constant Speed,35,No,2020,TOYOTA,RAV4,39.19903509,-77.2023812,2024,3,16
240014661,Injury Crash,03/28/2024 04:35:00 PM,RANDOLPH RD,Pedestrian,Single Vehicle,Clear,Dry,Daylight,Traffic Control Signal,NONE DETECTED,Yes,No Apparent Injury,Failed to Yield Right-of-Way,Not Distracted,MD,Passenger Car,Turning Right,35,No,2017,TOYOTA,CAMRY,39.05601333,-77.08259032,2024,3,16
240014668,Property Damage Crash,03/28/2024 04:27:00 PM,NA,NA,Single Vehicle,Cloudy,NA,Daylight,NA,NONE DETECTED,No,No Apparent Injury,Other Improper Action,Not Distracted,MD,Other Trucks,Negotiating a Curve,0,No,2008,SPARTAN,UNKNOWN,39.03229434,-77.20244589,2024,3,16
240014644,Property Damage Crash,03/28/2024 03:14:00 PM,PARKLAWN DR,NA,"Sideswipe, Same Direction",Cloudy,Dry,Daylight,No Controls,NONE DETECTED,No,No Apparent Injury,NA,Not Distracted,MD,Pickup,Making U-Turn,35,No,2023,FORD,F-150,39.05085301,-77.10517322,2024,3,15
240014644,Property Damage Crash,03/28/2024 03:14:00 PM,PARKLAWN DR,NA,"Sideswipe, Same Direction",Cloudy,Dry,Daylight,No Controls,NONE DETECTED,No,No Apparent Injury,NA,Not Distracted,MD,Passenger Car,Moving Constant Speed,35,No,2007,MAZDA,MX-5,39.05085301,-77.10517322,2024,3,15
240014643,Property Damage Crash,03/28/2024 02:55:00 PM,MONTGOMERY VILLAGE AVE,NA,Front to Rear,Clear,Dry,Daylight,Traffic Control Signal,NONE DETECTED,Yes,No Apparent Injury,Other Improper Action,Unknown,MD,Passenger Car,Accelerating,35,No,2004,MERCEDES-BENZ,C-CLASS,39.15419044,-77.21002553,2024,3,14
240014637,Property Damage Crash,03/28/2024 02:46:00 PM,NA,NA,Other,Clear,Dry,Daylight,No Controls,NONE DETECTED,No,No Apparent Injury,NA,Not Distracted,MD,Other Trucks,Moving Constant Speed,25,No,2024,PENSKE,UNKNOWN,39.07361617,-77.13696117,2024,3,14
240014637,Property Damage Crash,03/28/2024 02:46:00 PM,NA,NA,Other,Clear,Dry,Daylight,No Controls,NONE DETECTED,No,No Apparent Injury,NA,Unknown,MD,Passenger Car,Moving Constant Speed,25,No,2017,TOYOTA,RAV4,39.07361617,-77.13696117,2024,3,14
240014631,Property Damage Crash,03/28/2024 02:16:00 PM,GRAND PARK AVE,NA,"Sideswipe, Opposite Direction",Cloudy,Dry,Daylight,Traffic Control Signal,NONE DETECTED,No,No Apparent Injury,NA,Not Distracted,MD,Sport Utility Vehicle,Turning Left,35,No,2013,LEXUS,RX,39.04905833,-77.11699667,2024,3,14
240014631,Property Damage Crash,03/28/2024 02:16:00 PM,GRAND PARK AVE,NA,"Sideswipe, Opposite Direction",Cloudy,Dry,Daylight,Traffic Control Signal,NONE DETECTED,No,No Apparent Injury,NA,Not Distracted,MD,Passenger Car,Moving Constant Speed,35,No,1998,TOYOTA,CAMRY,39.04905833,-77.11699667,2024,3,14
240014621,Injury Crash,03/28/2024 01:35:00 PM,NA,NA,Single Vehicle,Clear,Dry,Daylight,No Controls,NONE DETECTED,Yes,Possible Minor Injury,NA,Not Distracted,MD,Sport Utility Vehicle,Moving Constant Speed,35,No,2024,BMW,X5,39.03120183,-77.161417,2024,3,13
240014615,Property Damage Crash,03/28/2024 12:23:00 PM,COLUMBIA PIKE,NA,Front to Rear,Cloudy,Wet,Daylight,Traffic Control Signal,NONE DETECTED,No,NA,NA,NA,NA,Passenger Car,Slowing or Stopping,40,No,0,NA,NA,39.03745182,-76.99915063,2024,3,12
240014615,Property Damage Crash,03/28/2024 12:23:00 PM,COLUMBIA PIKE,NA,Front to Rear,Cloudy,Wet,Daylight,Traffic Control Signal,NONE DETECTED,No,No Apparent Injury,NA,Not Distracted,MD,Passenger Car,Stopped in Traffic,40,No,2022,HONDA,CIVIC,39.03745182,-76.99915063,2024,3,12
240014604,Injury Crash,03/28/2024 11:40:00 AM,FREDERICK RD,NA,Angle,Cloudy,Dry,Daylight,Traffic Control Signal,NONE DETECTED,No,No Apparent Injury,NA,Not Distracted,MD,Passenger Car,Moving Constant Speed,35,No,2018,HONDA,RIDGELINE,39.155945,-77.215905,2024,3,11
240014604,Injury Crash,03/28/2024 11:40:00 AM,FREDERICK RD,NA,Angle,Cloudy,Dry,Daylight,Traffic Control Signal,NONE DETECTED,Yes,Possible Minor Injury,Failed to Yield Right-of-Way,Not Distracted,MD,Passenger Car,Turning Left,35,No,2018,HONDA,PILOT,39.155945,-77.215905,2024,3,11
240014599,Property Damage Crash,03/28/2024 11:18:00 AM,NA,NA,Single Vehicle,Cloudy,Dry,Daylight,No Controls,NONE DETECTED,Yes,No Apparent Injury,NA,Not Distracted,MD,Passenger Car,Moving Constant Speed,35,No,2017,DODGE,CARAVAN,39.156915,-77.15737667,2024,3,11
240014579,Injury Crash,03/28/2024 09:01:00 AM,NA,NA,Angle,Rain,Wet,Daylight,Traffic Control Signal,NONE DETECTED,No,No Apparent Injury,NA,"Other Action (looking away from task, etc.)",MD,Passenger Car,Moving Constant Speed,55,No,2008,LEXUS,ES,39.10434961,-76.93328565,2024,3,9
240014579,Injury Crash,03/28/2024 09:01:00 AM,NA,NA,Angle,Rain,Wet,Daylight,Traffic Control Signal,NONE DETECTED,No,Possible Minor Injury,NA,Not Distracted,MD,Sport Utility Vehicle,Moving Constant Speed,35,No,2018,MAZDA,CX-5,39.10434961,-76.93328565,2024,3,9
240014567,Property Damage Crash,03/28/2024 07:21:00 AM,RAMP 2 FR CHERRY HILL RD WB TO US 29 NB,NA,Single Vehicle,Cloudy,Wet,Medium,No Controls,NONE DETECTED,No,No Apparent Injury,NA,Not Distracted,MD,Pickup,Accelerating,25,No,2003,FORD,RANGER,39.062739,-76.96219983,2024,3,7
240014562,Property Damage Crash,03/28/2024 06:28:00 AM,CONNECTICUT AVE SERVICE RD,NA,Front to Rear,Clear,Wet,Medium,No Controls,NONE DETECTED,Yes,No Apparent Injury,NA,Not Distracted,MD,Pickup,Changing Lanes,35,No,2004,FORD,F-150,39.06292187,-77.07357767,2024,3,6
240014562,Property Damage Crash,03/28/2024 06:28:00 AM,CONNECTICUT AVE SERVICE RD,NA,Front to Rear,Clear,Wet,Medium,No Controls,NONE DETECTED,No,No Apparent Injury,NA,Not Distracted,MD,Passenger Car,Moving Constant Speed,35,No,2024,TOYOTA,CAMRY,39.06292187,-77.07357767,2024,3,6
240014564,Property Damage Crash,03/28/2024 06:25:00 AM,WOODFIELD RD EXT,NA,Front to Front,Rain,Wet,Medium,Traffic Control Signal,NONE DETECTED,Yes,No Apparent Injury,NA,Not Distracted,MD,Passenger Car,Moving Constant Speed,30,No,2003,TOYOTA,CAMRY,39.2876213,-77.2017422,2024,3,6
240014564,Property Damage Crash,03/28/2024 06:25:00 AM,WOODFIELD RD EXT,NA,Front to Front,Rain,Wet,Medium,Traffic Control Signal,NONE DETECTED,Yes,No Apparent Injury,NA,Not Distracted,MD,Passenger Car,Turning Right,30,No,2014,HONDA,CIVIC,39.2876213,-77.2017422,2024,3,6
240014560,Injury Crash,03/28/2024 05:36:00 AM,RESEARCH BLVD (SB/L),NA,Angle,Clear,Dry,Medium,Flashing Traffic Control Signal,NONE DETECTED,No,No Apparent Injury,NA,Not Distracted,MD,Passenger Car,Moving Constant Speed,40,No,2017,HYUNDAI,GENESIS,39.10492981,-77.19026095,2024,3,5
240014560,Injury Crash,03/28/2024 05:36:00 AM,RESEARCH BLVD (SB/L),NA,Angle,Clear,Dry,Medium,Flashing Traffic Control Signal,NONE DETECTED,Yes,Possible Minor Injury,Failed to Yield Right-of-Way,Unknown,MD,Passenger Car,Accelerating,35,No,2016,HONDA,CIVIC,39.10492981,-77.19026095,2024,3,5
240014549,Property Damage Crash,03/27/2024 11:27:00 PM,GRUENTHER AVE,NA,"Sideswipe, Same Direction",Rain,Wet,Medium,No Controls,NONE DETECTED,No,NA,Other Improper Action,Unknown,NA,Pickup,Accelerating,25,No,1999,FORD,F-350,39.07712485,-77.1143523,2024,3,23
240014549,Property Damage Crash,03/27/2024 11:27:00 PM,GRUENTHER AVE,NA,"Sideswipe, Same Direction",Rain,Wet,Medium,No Controls,NONE DETECTED,No,No Apparent Injury,NA,Not Distracted,MD,Passenger Car,Parked,25,No,2010,CHEVROLET,TAHOE,39.07712485,-77.1143523,2024,3,23
240014544,Property Damage Crash,03/27/2024 10:35:00 PM,CHEVY CHASE LAKE DR,NA,Front to Rear,Rain,Wet,Medium,No Controls,NONE DETECTED,Yes,No Apparent Injury,NA,Not Distracted,DC,Passenger Car,Moving Constant Speed,25,No,2022,LEXUS,ES,38.99393784,-77.07673741,2024,3,22
240014544,Property Damage Crash,03/27/2024 10:35:00 PM,CHEVY CHASE LAKE DR,NA,Front to Rear,Rain,Wet,Medium,No Controls,NONE DETECTED,No,No Apparent Injury,NA,Not Distracted,MD,Passenger Car,Stopped in Traffic,25,No,2018,LINCOLN,CONTINENTAL,38.99393784,-77.07673741,2024,3,22
240014540,Property Damage Crash,03/27/2024 10:24:00 PM,KEMPTOWN RD,NA,Single Vehicle,Cloudy,Wet,Medium,No Controls,NONE DETECTED,Yes,No Apparent Injury,NA,Not Distracted,MD,Sport Utility Vehicle,Moving Constant Speed,40,No,2013,ACURA,MDX,39.31785167,-77.19841167,2024,3,22
240014542,Property Damage Crash,03/27/2024 10:15:00 PM,NEW HAMPSHIRE AVE,NA,Single Vehicle,Clear,Wet,Medium,Traffic Control Signal,NONE DETECTED,Yes,No Apparent Injury,Too Fast For Conditions,Not Distracted,MD,Passenger Car,Turning Left,35,No,2010,TOYOTA,CAMRY,39.01136707,-76.97879211,2024,3,22
240014535,Property Damage Crash,03/27/2024 09:47:00 PM,W MONTGOMERY AVE,NA,Front to Front,Rain,Wet,Medium,Traffic Control Signal,NONE DETECTED,Yes,No Apparent Injury,"Disregarded Other Road Markings, Disregarded Other Traffic Sign, Improper Passing, Other Improper Action",Unknown,MD,Passenger Car,Overtaking/Passing,25,No,2018,NISSAN,VERSA,39.09976771,-77.18472333,2024,3,21
240014535,Property Damage Crash,03/27/2024 09:47:00 PM,W MONTGOMERY AVE,NA,Front to Front,Rain,Wet,Medium,Traffic Control Signal,NONE DETECTED,No,No Apparent Injury,NA,Not Distracted,MD,Sport Utility Vehicle,Turning Left,35,No,2018,CHRYSLER,PACIFICA,39.09976771,-77.18472333,2024,3,21
240014529,Injury Crash,03/27/2024 08:42:00 PM,OLNEY LAYTONSVILLE RD,NA,Single Vehicle,Rain,Wet,Dark,No Controls,NONE DETECTED,Yes,Possible Minor Injury,"Failed to Keep in Proper Lane, Ran Off Roadway",Unknown,MD,Sport Utility Vehicle,Moving Constant Speed,40,No,2014,TOYOTA,4-RUNNER,39.19425737,-77.12487051,2024,3,20
240014536,Property Damage Crash,03/27/2024 08:31:00 PM,CENTURY BLVD,NA,Rear To Side,Rain,Wet,Medium,Stop Sign,NONE DETECTED,Yes,No Apparent Injury,Failed to Yield Right-of-Way,Not Distracted,MD,Sport Utility Vehicle,Turning Right,30,No,2020,NISSAN,PATHFINDER,39.1824885,-77.26443875,2024,3,20
240014536,Property Damage Crash,03/27/2024 08:31:00 PM,CENTURY BLVD,NA,Rear To Side,Rain,Wet,Medium,Stop Sign,NONE DETECTED,No,No Apparent Injury,NA,Not Distracted,MD,Sport Utility Vehicle,Moving Constant Speed,30,No,2020,VOLKSWAGEN,TIGUAN,39.1824885,-77.26443875,2024,3,20
240014522,Property Damage Crash,03/27/2024 07:45:00 PM,VEIRS MILL RD,NA,Single Vehicle,Clear,Wet,Dark,No Controls,NONE DETECTED,No,No Apparent Injury,NA,Not Distracted,MD,Passenger Car,Moving Constant Speed,45,No,2019,TOYOTA,HIGHLANDER,39.06841517,-77.103796,2024,3,19
240014519,Property Damage Crash,03/27/2024 06:10:00 PM,NA,NA,Angle,Rain,NA,Daylight,NA,NONE DETECTED,No,No Apparent Injury,"Operated Motor Vehicle in Inattentive, Careless, Negligent, or Erratic Manner, Other Improper Action",Unknown,MD,Pickup,Moving Constant Speed,0,No,2020,FORD,F-150,39.05699833,-77.12008667,2024,3,18
240014508,Injury Crash,03/27/2024 06:02:00 PM,NORBECK RD,NA,Single Vehicle,Rain,Wet,Daylight,No Controls,NONE DETECTED,No,Possible Minor Injury,"Disregarded Other Road Markings, Other Improper Action, Ran Off Roadway, Wrong Side, Wrong Way",Unknown,MD,Passenger Car,Changing Lanes,35,No,2000,TOYOTA,COROLLA,39.08787075,-77.13381858,2024,3,18
240014516,Property Damage Crash,03/27/2024 05:45:00 PM,RANDOLPH RD,NA,Front to Rear,Clear,Dry,Daylight,Traffic Control Signal,NONE DETECTED,No,No Apparent Injury,"Followed Too Closely, Operated Motor Vehicle in Inattentive, Careless, Negligent, or Erratic Manner",Unknown,MD,Passenger Car,Moving Constant Speed,40,No,2001,JEEP,UNKNOWN,39.05603472,-77.08260521,2024,3,17
240014516,Property Damage Crash,03/27/2024 05:45:00 PM,RANDOLPH RD,NA,Front to Rear,Clear,Dry,Daylight,Traffic Control Signal,NONE DETECTED,No,No Apparent Injury,NA,Not Distracted,MD,Passenger Car,Stopped in Traffic,40,No,2016,CHRYSLER,300,39.05603472,-77.08260521,2024,3,17
240014499,Injury Crash,03/27/2024 05:10:00 PM,RAMP 3 FR WESTLAKE TERR TO IS 270Y NB,NA,Angle,Rain,Wet,Daylight,Traffic Control Signal,NONE DETECTED,Yes,No Apparent Injury,Failed to Yield Right-of-Way,Not Distracted,MD,Passenger Car,Turning Left,35,No,2019,TOYOTA,COROLLA,39.02651361,-77.14174766,2024,3,17
240014499,Injury Crash,03/27/2024 05:10:00 PM,RAMP 3 FR WESTLAKE TERR TO IS 270Y NB,NA,Angle,Rain,Wet,Daylight,Traffic Control Signal,NONE DETECTED,No,Possible Minor Injury,NA,Not Distracted,MD,Sport Utility Vehicle,Moving Constant Speed,35,No,2009,HYUNDAI,SANTA FE,39.02651361,-77.14174766,2024,3,17
240014494,Property Damage Crash,03/27/2024 04:40:00 PM,ODENDHAL AVE,NA,Front to Rear,Rain,Wet,Daylight,Lane Use Control Signal,NONE DETECTED,No,No Apparent Injury,NA,Unknown,NA,Passenger Car,Moving Constant Speed,30,No,2003,CHEVROLET,TAHOE,39.15262667,-77.19238716,2024,3,16
240014494,Property Damage Crash,03/27/2024 04:40:00 PM,ODENDHAL AVE,NA,Front to Rear,Rain,Wet,Daylight,Traffic Control Signal,NONE DETECTED,No,No Apparent Injury,NA,Not Distracted,MD,Sport Utility Vehicle,Stopped in Traffic,30,No,2018,MERCEDES-BENZ,300,39.15262667,-77.19238716,2024,3,16
240014492,Injury Crash,03/27/2024 04:33:00 PM,REDLAND BLVD,NA,Angle,Rain,Wet,Daylight,Traffic Control Signal,NONE DETECTED,No,Possible Minor Injury,Ran Red Light,Not Distracted,MD,Sport Utility Vehicle,Slowing or Stopping,30,No,2020,DODGE,JOURNEY,39.11066183,-77.17456306,2024,3,16
240014492,Injury Crash,03/27/2024 04:33:00 PM,REDLAND BLVD,NA,Angle,Rain,Wet,Daylight,Traffic Control Signal,NONE DETECTED,No,Possible Minor Injury,NA,Not Distracted,MD,Passenger Car,Moving Constant Speed,30,No,2016,TOYOTA,SIENNA,39.11066183,-77.17456306,2024,3,16
240014489,Injury Crash,03/27/2024 04:24:00 PM,DRUMM AVE,NA,"Sideswipe, Opposite Direction",Rain,Wet,Daylight,No Controls,NONE DETECTED,No,Possible Minor Injury,"Failed to Keep in Proper Lane, Other Improper Action, Wrong Side",Unknown,MD,Passenger Car,Moving Constant Speed,25,No,2013,TOYOTA,CAMRY,39.02587617,-77.06394683,2024,3,16
240014483,Property Damage Crash,03/27/2024 04:12:00 PM,WOODFIELD RD,NA,Single Vehicle,Rain,Wet,Daylight,No Controls,NONE DETECTED,No,No Apparent Injury,NA,Not Distracted,MD,Other,Backing,40,No,2020,FREIGHTLINER,M2,39.26926582,-77.20492092,2024,3,16
240014480,Injury Crash,03/27/2024 03:54:00 PM,OLD GEORGETOWN RD,NA,Angle,Rain,Wet,Daylight,Traffic Control Signal,NONE DETECTED,No,Possible Minor Injury,NA,Not Distracted,MD,Passenger Car,Moving Constant Speed,35,No,2021,TOYOTA,RAV4,39.03027,-77.12634167,2024,3,15
240014480,Injury Crash,03/27/2024 03:54:00 PM,OLD GEORGETOWN RD,NA,Angle,Rain,Wet,Daylight,Traffic Control Signal,NONE DETECTED,No,No Apparent Injury,NA,Not Distracted,XX,Passenger Car,Turning Left,35,No,2023,HONDA,ODYSSEY,39.03027,-77.12634167,2024,3,15
240014514,Property Damage Crash,03/27/2024 03:47:00 PM,NA,NA,Angle,Rain,NA,Daylight,NA,NONE DETECTED,No,NA,NA,NA,NA,Passenger Car,Turning Left,0,No,2023,TOYOTA,COROLLA CROSS,39.02386673,-77.12396591,2024,3,15
240014468,Property Damage Crash,03/27/2024 02:57:00 PM,COLESVILLE RD,NA,Other,Rain,Wet,Daylight,No Controls,NONE DETECTED,No,No Apparent Injury,NA,Not Distracted,MD,Passenger Car,Moving Constant Speed,40,No,2015,FORD,FUSION,39.02165467,-77.0118195,2024,3,14
240014468,Property Damage Crash,03/27/2024 02:57:00 PM,COLESVILLE RD,NA,Other,Rain,Wet,Daylight,No Controls,NONE DETECTED,Yes,No Apparent Injury,NA,Not Distracted,MD,Sport Utility Vehicle,Turning Left,40,No,2019,BMW,X4,39.02165467,-77.0118195,2024,3,14
240014454,Injury Crash,03/27/2024 01:21:00 PM,MONTGOMERY VILLAGE AVE,NA,Rear To Side,Rain,Wet,Daylight,Traffic Control Signal,NONE DETECTED,No,Possible Minor Injury,NA,Not Distracted,MD,Passenger Car,Moving Constant Speed,30,No,2019,HONDA,FIT,39.15802242,-77.20421719,2024,3,13
240014454,Injury Crash,03/27/2024 01:21:00 PM,MONTGOMERY VILLAGE AVE,NA,Rear To Side,Rain,Wet,Daylight,Traffic Control Signal,NONE DETECTED,Yes,No Apparent Injury,NA,Unknown,MD,Passenger Car,Moving Constant Speed,30,No,2022,JEEP,GRAND CHEROKEE,39.15802242,-77.20421719,2024,3,13
240014457,Injury Crash,03/27/2024 01:18:00 PM,NA,NA,Rear To Side,Rain,NA,Daylight,NA,NONE DETECTED,No,No Apparent Injury,NA,Unknown,MD,Sport Utility Vehicle,Backing,0,No,2021,TOYOTA,RAV4,39.02499591,-77.04559946,2024,3,13
240014457,Injury Crash,03/27/2024 01:18:00 PM,NA,NA,Rear To Side,Rain,NA,Daylight,NA,NONE DETECTED,Yes,Possible Minor Injury,Failed to Yield Right-of-Way,Unknown,MD,Sport Utility Vehicle,Moving Constant Speed,0,No,2016,JEEP,CHEROKEE,39.02499591,-77.04559946,2024,3,13
240014444,Property Damage Crash,03/27/2024 12:00:00 PM,NA,NA,Angle,Rain,Wet,Daylight,No Controls,NONE DETECTED,No,No Apparent Injury,Failed to Yield Right-of-Way,Not Distracted,MD,Sport Utility Vehicle,Turning Left,5,No,2024,TOYOTA,RAV4,39.08246239,-76.94367569,2024,3,12
240014444,Property Damage Crash,03/27/2024 12:00:00 PM,NA,NA,Angle,Rain,Wet,Daylight,No Controls,NONE DETECTED,No,No Apparent Injury,NA,Not Distracted,MD,Sport Utility Vehicle,Moving Constant Speed,30,No,2018,GMC,ACADIA,39.08246239,-76.94367569,2024,3,12
24000545,Property Damage Crash,03/27/2024 11:00:00 AM,CONNECTICUT AVE,NA,"Sideswipe, Same Direction",Rain,Wet,Daylight,No Controls,NONE DETECTED,No,No Apparent Injury,"Operated Motor Vehicle in Inattentive, Careless, Negligent, or Erratic Manner",Unknown,MD,Single-Unit Truck,Changing Lanes,35,No,2012,FORD,F-SUPER DUTY,39.08045925,-77.08028669,2024,3,11
24000545,Property Damage Crash,03/27/2024 11:00:00 AM,CONNECTICUT AVE,NA,"Sideswipe, Same Direction",Rain,Wet,Daylight,No Controls,NONE DETECTED,No,NA,NA,NA,NA,Single-Unit Truck,Moving Constant Speed,35,No,0,NA,NA,39.08045925,-77.08028669,2024,3,11
240014412,Property Damage Crash,03/27/2024 09:31:00 AM,GEORGIA AVE,NA,Front to Front,Rain,Wet,Daylight,Traffic Control Signal,NONE DETECTED,Yes,No Apparent Injury,Failed to Yield Right-of-Way,Not Distracted,MD,Passenger Car,Turning Left,35,No,2008,TOYOTA,UNKNOWN,39.09321857,-77.07951511,2024,3,9
240014412,Property Damage Crash,03/27/2024 09:31:00 AM,GEORGIA AVE,NA,Front to Front,Rain,Wet,Daylight,Traffic Control Signal,NONE DETECTED,No,No Apparent Injury,NA,Not Distracted,MD,Passenger Car,Moving Constant Speed,35,No,2014,TOYOTA,CAMRY,39.09321857,-77.07951511,2024,3,9
240014413,Property Damage Crash,03/27/2024 09:24:00 AM,KAISER PERMANENTE ENT,NA,Front to Rear,Rain,Wet,Daylight,Traffic Control Signal,NONE DETECTED,No,No Apparent Injury,NA,Not Distracted,MD,Sport Utility Vehicle,Stopped in Traffic,40,No,2023,KIA,SPORTAGE,39.05086822,-77.12831316,2024,3,9
240014413,Property Damage Crash,03/27/2024 09:24:00 AM,KAISER PERMANENTE ENT,NA,Front to Rear,Rain,Wet,Daylight,Traffic Control Signal,NONE DETECTED,Yes,No Apparent Injury,NA,Unknown,MD,Passenger Car,Moving Constant Speed,40,No,2018,TOYOTA,COROLLA,39.05086822,-77.12831316,2024,3,9
240014410,Property Damage Crash,03/27/2024 09:22:00 AM,COLESVILLE RD,NA,Front to Rear,Rain,Wet,Daylight,Traffic Control Signal,NONE DETECTED,No,No Apparent Injury,NA,Not Distracted,DC,Passenger Car,Slowing or Stopping,35,No,2017,TOYOTA,COROLLA,38.99758529,-77.02702397,2024,3,9