Local Case Number,ACRS Report Type,Crash Date/Time,Road Name,Related Non-Motorist,Collision Type,Weather,Surface Condition,Light,Traffic Control,Driver Substance Abuse,Driver At Fault,Injury Severity,Circumstance,Driver Distracted By,Drivers License State,Vehicle Body Type,Vehicle Movement,Speed Limit,Driverless Vehicle,Vehicle Year,Vehicle Make,Vehicle Model,Latitude,Longitude,Year,Month,Hour
240014410,Property Damage Crash,03/27/2024 09:22:00 AM,COLESVILLE RD,NA,Front to Rear,Rain,Wet,Daylight,Traffic Control Signal,NONE DETECTED,Yes,No Apparent Injury,NA,"Other Action (looking away from task, etc.)",MD,Bus - Transit,Moving Constant Speed,35,No,2012,GILLIG,CITY TRANSIT BUS,38.99758529,-77.02702397,2024,3,9
240014406,Property Damage Crash,03/27/2024 09:00:00 AM,FREDERICK RD (SB/L),NA,Front to Rear,Rain,Wet,Daylight,Traffic Control Signal,NONE DETECTED,No,No Apparent Injury,NA,Not Distracted,MD,Passenger Car,Slowing or Stopping,35,No,2021,HYUNDAI,ELANTRA,39.11708493,-77.16870904,2024,3,9
240014406,Property Damage Crash,03/27/2024 09:00:00 AM,FREDERICK RD (SB/L),NA,Front to Rear,Rain,Wet,Daylight,Traffic Control Signal,NONE DETECTED,No,No Apparent Injury,NA,Not Distracted,MD,Passenger Car,Slowing or Stopping,35,No,2010,TOYOTA,COROLLA,39.11708493,-77.16870904,2024,3,9
240014402,Property Damage Crash,03/27/2024 08:22:00 AM,SHADY GROVE RD (SB/L),NA,"Sideswipe, Same Direction",Rain,Wet,Daylight,Traffic Control Signal,NONE DETECTED,No,No Apparent Injury,NA,Unknown,MD,Single-Unit Truck,Changing Lanes,40,No,2023,ISUZU,4000 SERIES MEDIUM DUTY,39.12278536,-77.17754457,2024,3,8
240014402,Property Damage Crash,03/27/2024 08:22:00 AM,SHADY GROVE RD (SB/L),NA,"Sideswipe, Same Direction",Rain,Wet,Daylight,Traffic Control Signal,NONE DETECTED,No,No Apparent Injury,NA,Not Distracted,DC,Single-Unit Truck,Stopped in Traffic,40,No,2008,STL INDUSTRIAL,STL INDUSTRIAL,39.12278536,-77.17754457,2024,3,8
240014398,Injury Crash,03/27/2024 07:53:00 AM,CONNECTICUT AVE (SB/L),NA,Front to Rear,Rain,Wet,Daylight,Yield Sign,NONE DETECTED,No,No Apparent Injury,NA,Not Distracted,MD,Sport Utility Vehicle,Accelerating,35,No,2018,HONDA,CR-V,39.04995194,-77.07533028,2024,3,7
240014398,Injury Crash,03/27/2024 07:53:00 AM,CONNECTICUT AVE (SB/L),NA,Front to Rear,Rain,Wet,Daylight,Yield Sign,NONE DETECTED,No,No Apparent Injury,NA,Not Distracted,MD,Passenger Car,Slowing or Stopping,35,No,2019,TOYOTA,RAV4,39.04995194,-77.07533028,2024,3,7
240014398,Injury Crash,03/27/2024 07:53:00 AM,CONNECTICUT AVE (SB/L),NA,Front to Rear,Rain,Wet,Daylight,Yield Sign,NONE DETECTED,No,Possible Minor Injury,NA,Not Distracted,MD,Passenger Car,Slowing or Stopping,35,No,2013,FORD,FIESTA,39.04995194,-77.07533028,2024,3,7
240014391,Property Damage Crash,03/27/2024 04:00:00 AM,S WESTLAND DR,NA,Other,Clear,Dry,Medium,Traffic Control Signal,NONE DETECTED,No,No Apparent Injury,NA,Not Distracted,MD,Passenger Car,Moving Constant Speed,35,No,1996,NISSAN,ALTIMA,39.12597584,-77.18286284,2024,3,4
240014391,Property Damage Crash,03/27/2024 04:00:00 AM,S WESTLAND DR,NA,Other,Clear,Dry,Medium,Traffic Control Signal,NONE DETECTED,No,No Apparent Injury,NA,Not Distracted,NA,Passenger Car,Moving Constant Speed,35,No,2008,GMC,CANYON,39.12597584,-77.18286284,2024,3,4
240014389,Property Damage Crash,03/27/2024 01:51:00 AM,UNIVERSITY BLVD W (WB/L),NA,Angle,Clear,Dry,Medium,Traffic Control Signal,NONE DETECTED,No,No Apparent Injury,NA,Not Distracted,MD,Bus - Transit,Moving Constant Speed,30,No,2019,NEW FLYER,TRANSIT BUS,39.04006225,-77.0555967,2024,3,1
240014389,Property Damage Crash,03/27/2024 01:51:00 AM,UNIVERSITY BLVD W (WB/L),NA,Angle,Clear,Dry,Medium,Traffic Control Signal,NONE DETECTED,Yes,No Apparent Injury,NA,Unknown,MD,Passenger Car,Moving Constant Speed,30,No,2019,TOYOTA,C-HR,39.04006225,-77.0555967,2024,3,1
240014382,Injury Crash,03/26/2024 10:45:00 PM,NA,Pedestrian,Single Vehicle,Cloudy,Dry,Medium,Pedestrian Crossing,NONE DETECTED,No,NA,Other Improper Action,Unknown,NA,Passenger Car,NA,10,No,2017,HONDA,ACCORD,39.08921605,-77.07181031,2024,3,22
240014377,Property Damage Crash,03/26/2024 10:00:00 PM,CAPITAL BELTWAY,NA,"Sideswipe, Same Direction",Clear,Dry,Medium,Other Warning Sign,NONE DETECTED,No,No Apparent Injury,NA,Not Distracted,VA,Passenger Car,Changing Lanes,55,No,2017,HONDA,CIVIC,39.00876614,-77.15186152,2024,3,22
240014377,Property Damage Crash,03/26/2024 10:00:00 PM,CAPITAL BELTWAY,NA,"Sideswipe, Same Direction",Clear,Dry,Medium,Other Warning Sign,NONE DETECTED,Yes,No Apparent Injury,"Disregarded Other Road Markings, Disregarded Other Traffic Sign, Failed to Keep in Proper Lane, Failed to Yield Right-of-Way, Operated Motor Vehicle in Inattentive, Careless, Negligent, or Erratic Manner, Operated Motor Vehicle in Reckless or Aggressive Manner, Other Improper Action",Unknown,OH,Truck Tractor,Changing Lanes,55,No,2021,FREIGHTLINER,RA CASCADIA 126� SLEEPER CAB,39.00876614,-77.15186152,2024,3,22
240014369,Injury Crash,03/26/2024 09:35:00 PM,STEWART LA,NA,Front to Rear,Rain,Other,Medium,Traffic Control Signal,NONE DETECTED,No,No Apparent Injury,NA,Not Distracted,MD,Van - Passenger (&lt;9 Seats),Slowing or Stopping,50,No,2018,MERCEDES-BENZ,SPRINTER,39.04645376,-76.98687233,2024,3,21
240014369,Injury Crash,03/26/2024 09:35:00 PM,STEWART LA,NA,Front to Rear,Rain,Other,Medium,Traffic Control Signal,NONE DETECTED,No,No Apparent Injury,NA,Not Distracted,MD,Sport Utility Vehicle,Slowing or Stopping,50,No,2011,LEXUS,RX,39.04645376,-76.98687233,2024,3,21
240014369,Injury Crash,03/26/2024 09:35:00 PM,STEWART LA,NA,Front to Rear,Rain,Other,Medium,Traffic Control Signal,NONE DETECTED,Yes,Possible Minor Injury,NA,Unknown,MD,Sport Utility Vehicle,Slowing or Stopping,50,No,2020,TOYOTA,HIGHLANDER,39.04645376,-76.98687233,2024,3,21
240014332,Injury Crash,03/26/2024 04:59:00 PM,NA,NA,Front to Front,Clear,Dry,Daylight,Traffic Control Signal,NONE DETECTED,No,No Apparent Injury,NA,Not Distracted,MD,Sport Utility Vehicle,Moving Constant Speed,40,No,2020,LINCOLN,AVIATOR,39.192135,-77.23333833,2024,3,16
240014332,Injury Crash,03/26/2024 04:59:00 PM,NA,NA,Front to Front,Clear,Dry,Daylight,Traffic Control Signal,NONE DETECTED,Yes,Possible Minor Injury,Failed to Yield Right-of-Way,Unknown,MD,Passenger Car,Turning Left,40,No,2021,TOYOTA,COROLLA,39.192135,-77.23333833,2024,3,16
240017371,Property Damage Crash,03/26/2024 04:04:00 PM,DETRICK AVE,NA,Angle,Clear,Dry,Daylight,Stop Sign,NONE DETECTED,No,No Apparent Injury,NA,Not Distracted,MD,Passenger Car,Turning Left,25,No,2016,HONDA,ACCORD,39.02761401,-77.07805639,2024,3,16
240017371,Property Damage Crash,03/26/2024 04:04:00 PM,DETRICK AVE,NA,Angle,Clear,Dry,Daylight,No Controls,NONE DETECTED,No,No Apparent Injury,"Failed to Keep in Proper Lane, Failed to Yield Right-of-Way, Improper Passing, Wrong Side",Unknown,MD,Sport Utility Vehicle,Overtaking/Passing,25,No,2017,FORD,EXPLORER,39.02761401,-77.07805639,2024,3,16
240014301,Property Damage Crash,03/26/2024 02:30:00 PM,NA,NA,Single Vehicle,Clear,NA,Daylight,NA,NONE DETECTED,Yes,No Apparent Injury,NA,Unknown,MD,Single-Unit Truck,Moving Constant Speed,0,No,2017,FREIGHTLINER,M2,38.96342522,-77.10195088,2024,3,14
240014294,Property Damage Crash,03/26/2024 02:00:00 PM,MARYLAND AVE,NA,Single Vehicle,Clear,Dry,Daylight,No Controls,NONE DETECTED,Yes,No Apparent Injury,NA,Not Distracted,MD,Van - Passenger (&lt;9 Seats),Turning Left,5,No,2020,FORD,TRANSIT,39.08342609,-77.15083415,2024,3,14
240014289,Property Damage Crash,03/26/2024 01:40:00 PM,QUINCE ORCHARD RD,NA,Front to Front,Clear,Dry,Daylight,Traffic Control Signal,NONE DETECTED,Yes,No Apparent Injury,NA,Not Distracted,MD,Pickup,Turning Left,35,No,2016,TOYOTA,TUNDRA,39.14517375,-77.21998667,2024,3,13
240014289,Property Damage Crash,03/26/2024 01:40:00 PM,QUINCE ORCHARD RD,NA,Front to Front,Clear,Dry,Daylight,Traffic Control Signal,NONE DETECTED,No,No Apparent Injury,NA,Not Distracted,MD,Passenger Car,Moving Constant Speed,35,No,2007,HONDA,CIVIC,39.14517375,-77.21998667,2024,3,13
240014262,Property Damage Crash,03/26/2024 11:00:00 AM,NA,NA,Front to Rear,Clear,Dry,Daylight,Traffic Control Signal,NONE DETECTED,Yes,No Apparent Injury,Followed Too Closely,"Other Action (looking away from task, etc.)",MD,Sport Utility Vehicle,Turning Right,30,No,2022,FORD,EXPLORER,39.15606166,-77.21613625,2024,3,11
240014262,Property Damage Crash,03/26/2024 11:00:00 AM,NA,NA,Front to Rear,Clear,Dry,Daylight,Traffic Control Signal,NONE DETECTED,No,No Apparent Injury,NA,Not Distracted,MD,Passenger Car,Turning Right,30,No,2021,TOYOTA,CAMRY,39.15606166,-77.21613625,2024,3,11
240014246,Property Damage Crash,03/26/2024 09:26:00 AM,NA,NA,Angle,Clear,Dry,Daylight,Traffic Control Signal,NONE DETECTED,Yes,No Apparent Injury,Ran Red Light,Unknown,DC,Van - Passenger (&lt;9 Seats),Turning Left,20,No,2018,DODGE,RAM VAN,39.0191595,-77.210736,2024,3,9
240014246,Property Damage Crash,03/26/2024 09:26:00 AM,NA,NA,Angle,Clear,Dry,Daylight,Traffic Control Signal,NONE DETECTED,No,No Apparent Injury,NA,Not Distracted,MD,Pickup,Moving Constant Speed,35,No,2021,FORD,F-350,39.0191595,-77.210736,2024,3,9
240014239,Injury Crash,03/26/2024 09:05:00 AM,NA,NA,Other,Clear,Dry,Daylight,Flashing Traffic Control Signal,NONE DETECTED,No,Possible Minor Injury,NA,Not Distracted,MD,Station Wagon,Moving Constant Speed,35,No,2023,SUBARU,CROSSTREK,39.03847576,-77.1230215,2024,3,9
240014239,Injury Crash,03/26/2024 09:05:00 AM,NA,NA,Other,Clear,Dry,Daylight,Flashing Traffic Control Signal,NONE DETECTED,No,No Apparent Injury,Failed to Yield Right-of-Way,Not Distracted,VA,Pickup,Turning Left,35,No,2007,FORD,F-150,39.03847576,-77.1230215,2024,3,9
240014233,Property Damage Crash,03/26/2024 08:30:00 AM,NA,NA,Angle,Clear,Dry,Daylight,No Controls,NONE DETECTED,No,No Apparent Injury,NA,Not Distracted,MD,Other,Moving Constant Speed,30,No,2018,MACK,UNKNOWN,38.963423,-77.12086682,2024,3,8
240014233,Property Damage Crash,03/26/2024 08:30:00 AM,NA,NA,Angle,Clear,Dry,Daylight,No Controls,NONE DETECTED,Yes,No Apparent Injury,NA,Unknown,MD,Passenger Car,Making U-Turn,30,No,2023,HONDA,PILOT,38.963423,-77.12086682,2024,3,8
240024231,Injury Crash,03/26/2024 07:45:00 AM,COLUMBIA PIKE,NA,Front to Rear,Clear,Dry,Daylight,No Controls,NONE DETECTED,No,No Apparent Injury,"Operated Motor Vehicle in Inattentive, Careless, Negligent, or Erratic Manner",Unknown,MD,Passenger Car,Slowing or Stopping,50,No,2013,VOLKSWAGEN,GOLF,39.1005488,-76.9350497,2024,3,7
240024231,Injury Crash,03/26/2024 07:45:00 AM,COLUMBIA PIKE,NA,Front to Rear,Clear,Dry,Daylight,No Controls,NONE DETECTED,No,No Apparent Injury,NA,Not Distracted,MD,Passenger Car,Slowing or Stopping,50,No,2007,TOYOTA,CAMRY,39.1005488,-76.9350497,2024,3,7
240024231,Injury Crash,03/26/2024 07:45:00 AM,COLUMBIA PIKE,NA,Front to Rear,Clear,Dry,Daylight,No Controls,NONE DETECTED,No,No Apparent Injury,NA,Not Distracted,MD,Passenger Car,Slowing or Stopping,50,No,2020,HONDA,FIT,39.1005488,-76.9350497,2024,3,7
240024231,Injury Crash,03/26/2024 07:45:00 AM,COLUMBIA PIKE,NA,Front to Rear,Clear,Dry,Daylight,No Controls,NONE DETECTED,No,NA,NA,NA,NA,NA,Slowing or Stopping,50,No,0,NA,NA,39.1005488,-76.9350497,2024,3,7
240024231,Injury Crash,03/26/2024 07:45:00 AM,COLUMBIA PIKE,NA,Front to Rear,Clear,Dry,Daylight,No Controls,NONE DETECTED,No,NA,NA,NA,NA,NA,NA,50,No,0,NA,NA,39.1005488,-76.9350497,2024,3,7
240024231,Injury Crash,03/26/2024 07:45:00 AM,COLUMBIA PIKE,NA,Front to Rear,Clear,Dry,Daylight,No Controls,NONE DETECTED,No,No Apparent Injury,NA,Not Distracted,MD,Passenger Car,Slowing or Stopping,50,No,2017,RAM,PROMASTER 1500,39.1005488,-76.9350497,2024,3,7
240024231,Injury Crash,03/26/2024 07:45:00 AM,COLUMBIA PIKE,NA,Front to Rear,Clear,Dry,Daylight,No Controls,NONE DETECTED,No,No Apparent Injury,NA,Not Distracted,MD,Passenger Car,Stopped in Traffic,50,No,2017,VOLKSWAGEN,GOLF,39.1005488,-76.9350497,2024,3,7
240024231,Injury Crash,03/26/2024 07:45:00 AM,COLUMBIA PIKE,NA,Front to Rear,Clear,Dry,Daylight,No Controls,NONE DETECTED,No,No Apparent Injury,NA,Not Distracted,MD,Passenger Car,Slowing or Stopping,50,No,2019,HONDA,CIVIC,39.1005488,-76.9350497,2024,3,7
240024231,Injury Crash,03/26/2024 07:45:00 AM,COLUMBIA PIKE,NA,Front to Rear,Clear,Dry,Daylight,No Controls,NONE DETECTED,No,No Apparent Injury,NA,Not Distracted,MD,Passenger Car,Slowing or Stopping,50,No,2014,TOYOTA,SIENNA,39.1005488,-76.9350497,2024,3,7
240014226,Property Damage Crash,03/26/2024 07:33:00 AM,THAYER AVE,NA,Front to Rear,Clear,Dry,Daylight,No Controls,NONE DETECTED,No,No Apparent Injury,NA,Not Distracted,DC,Passenger Car,Changing Lanes,30,No,2010,NISSAN,ALTIMA,38.99288833,-77.02666899,2024,3,7
240014226,Property Damage Crash,03/26/2024 07:33:00 AM,THAYER AVE,NA,Front to Rear,Clear,Dry,Daylight,No Controls,NONE DETECTED,No,No Apparent Injury,NA,Not Distracted,MD,Passenger Car,Moving Constant Speed,30,No,2017,HONDA,HR-V,38.99288833,-77.02666899,2024,3,7
240014225,Property Damage Crash,03/26/2024 07:03:00 AM,LIBERTY MILL RD,NA,Angle,Clear,Dry,Daylight,Stop Sign,NONE DETECTED,Yes,No Apparent Injury,Failed to Yield Right-of-Way,Not Distracted,MD,Passenger Car,Turning Left,25,No,2020,HONDA,ACCORD,39.16223495,-77.2816893,2024,3,7
240014225,Property Damage Crash,03/26/2024 07:03:00 AM,LIBERTY MILL RD,NA,Angle,Clear,Dry,Daylight,No Controls,NONE DETECTED,No,No Apparent Injury,NA,Not Distracted,MD,Passenger Car,Moving Constant Speed,35,No,2022,LEXUS,RX,39.16223495,-77.2816893,2024,3,7
240014221,Injury Crash,03/26/2024 05:41:00 AM,RAMP 1 FR MD 650 NB TO RAMP 8 (TO US 29),NA,Angle,Clear,Dry,Medium,No Controls,NONE DETECTED,No,No Apparent Injury,NA,Not Distracted,MD,Pickup,Entering Traffic Lane,40,No,2020,FORD,F-250,39.04439673,-76.99206914,2024,3,5
240014221,Injury Crash,03/26/2024 05:41:00 AM,RAMP 1 FR MD 650 NB TO RAMP 8 (TO US 29),NA,Angle,Clear,Dry,Medium,No Controls,NONE DETECTED,No,Possible Minor Injury,NA,Not Distracted,MD,Passenger Car,Moving Constant Speed,40,No,2015,TOYOTA,COROLLA,39.04439673,-76.99206914,2024,3,5
240014220,Injury Crash,03/26/2024 05:17:00 AM,NA,NA,Other,Clear,Dry,Medium,Traffic Control Signal,NONE DETECTED,No,Possible Minor Injury,NA,Not Distracted,MD,Passenger Car,Moving Constant Speed,40,No,2017,CHEVROLET,MALIBU,39.13659286,-77.20580188,2024,3,5
240014220,Injury Crash,03/26/2024 05:17:00 AM,NA,NA,Other,Clear,Dry,Medium,Traffic Control Signal,NONE DETECTED,Yes,No Apparent Injury,NA,Unknown,MD,Passenger Car,Moving Constant Speed,40,No,2024,HONDA,CR-V,39.13659286,-77.20580188,2024,3,5
240014218,Property Damage Crash,03/26/2024 04:33:00 AM,RIDING STABLE RD,NA,Single Vehicle,Clear,Dry,Dark,No Controls,NONE DETECTED,No,NA,NA,NA,NA,Sport Utility Vehicle,NA,25,No,2020,HYUNDAI,PALISADE,39.10845423,-76.91071754,2024,3,4
240014209,Property Damage Crash,03/26/2024 12:42:00 AM,CENTERWAY RD,NA,Rear To Side,Clear,Dry,Medium,Flashing Traffic Control Signal,NONE DETECTED,Yes,No Apparent Injury,Failed to Yield Right-of-Way,Unknown,MD,Sport Utility Vehicle,Accelerating,35,No,2015,TOYOTA,SIENNA,39.17254604,-77.20356343,2024,3,0
240014209,Property Damage Crash,03/26/2024 12:42:00 AM,CENTERWAY RD,NA,Rear To Side,Clear,Dry,Medium,Flashing Traffic Control Signal,NONE DETECTED,No,No Apparent Injury,NA,Not Distracted,MD,Passenger Car,Moving Constant Speed,35,No,2020,TOYOTA,COROLLA,39.17254604,-77.20356343,2024,3,0
240014208,Property Damage Crash,03/25/2024 11:33:00 PM,GRANDVIEW AVE,NA,Other,Clear,Dry,Medium,No Controls,NONE DETECTED,No,NA,NA,NA,NA,Passenger Car,NA,25,No,2017,LEXUS,IS,39.05580034,-77.05163132,2024,3,23
240014171,Injury Crash,03/25/2024 06:26:00 PM,RIVER RD (WB/L),NA,Front to Rear,Clear,Dry,Daylight,Traffic Control Signal,NONE DETECTED,No,No Apparent Injury,NA,Not Distracted,DC,Passenger Car,Stopped in Traffic,35,No,2022,HONDA,CIVIC,38.9834959,-77.13755014,2024,3,18
240014171,Injury Crash,03/25/2024 06:26:00 PM,RIVER RD (WB/L),NA,Front to Rear,Clear,Dry,Daylight,Traffic Control Signal,NONE DETECTED,No,No Apparent Injury,NA,Not Distracted,MD,Sport Utility Vehicle,Stopped in Traffic,35,No,2023,INFINITI,QX60,38.9834959,-77.13755014,2024,3,18
240014171,Injury Crash,03/25/2024 06:26:00 PM,RIVER RD (WB/L),NA,Front to Rear,Clear,Dry,Daylight,Traffic Control Signal,NONE DETECTED,No,Possible Minor Injury,"Other Improper Action, Too Fast For Conditions",Unknown,MD,Passenger Car,Moving Constant Speed,35,No,2006,HONDA,CR-V,38.9834959,-77.13755014,2024,3,18
240014178,Property Damage Crash,03/25/2024 06:15:00 PM,ROCKVILLE PIKE (SB/L),NA,Angle,Clear,Dry,Daylight,No Controls,NONE DETECTED,Yes,No Apparent Injury,NA,"Other Action (looking away from task, etc.)",MD,Passenger Car,Turning Left,40,No,2017,HONDA,CIVIC SI,39.07112232,-77.1325278,2024,3,18
240014178,Property Damage Crash,03/25/2024 06:15:00 PM,ROCKVILLE PIKE (SB/L),NA,Angle,Clear,Dry,Daylight,No Controls,NONE DETECTED,No,No Apparent Injury,NA,Not Distracted,CO,Passenger Car,Moving Constant Speed,40,No,2008,KIA,SPECTRA,39.07112232,-77.1325278,2024,3,18
240014470,Property Damage Crash,03/25/2024 05:48:00 PM,GREENCASTLE RD,NA,Front to Rear,Clear,Dry,Daylight,No Controls,NONE DETECTED,No,NA,NA,NA,NA,Sport Utility Vehicle,Moving Constant Speed,35,No,2024,LAND ROVER,RANGE ROVER,39.07794504,-76.92950384,2024,3,17
240014470,Property Damage Crash,03/25/2024 05:48:00 PM,GREENCASTLE RD,NA,Front to Rear,Clear,Dry,Daylight,No Controls,NONE DETECTED,No,No Apparent Injury,NA,Not Distracted,MD,Passenger Car,Moving Constant Speed,35,No,2008,HYUNDAI,SONATA,39.07794504,-76.92950384,2024,3,17
240014165,Property Damage Crash,03/25/2024 05:42:00 PM,BALTIMORE RD,NA,Front to Rear,Clear,Dry,Daylight,Pedestrian Crossing Sign,NONE DETECTED,No,No Apparent Injury,NA,Not Distracted,NC,Passenger Car,Slowing or Stopping,25,No,2008,LINCOLN,CONTINENTAL,39.09079483,-77.11499467,2024,3,17
240014165,Property Damage Crash,03/25/2024 05:42:00 PM,BALTIMORE RD,NA,Front to Rear,Clear,Dry,Daylight,Pedestrian Crossing Sign,NONE DETECTED,Yes,No Apparent Injury,NA,Unknown,MD,Passenger Car,Slowing or Stopping,25,No,2012,TOYOTA,SIENNA,39.09079483,-77.11499467,2024,3,17
240014156,Injury Crash,03/25/2024 05:07:00 PM,RAMP 7 FR RAMP 2 (FR IS 495) TO MD 97 SB,NA,Rear To Side,Clear,Dry,Daylight,Traffic Control Signal,NONE DETECTED,No,Possible Minor Injury,NA,Not Distracted,MD,Passenger Car,Turning Left,30,No,2019,HONDA,HR-V,39.01397354,-77.04203871,2024,3,17
240014156,Injury Crash,03/25/2024 05:07:00 PM,RAMP 7 FR RAMP 2 (FR IS 495) TO MD 97 SB,NA,Rear To Side,Clear,Dry,Daylight,Traffic Control Signal,NONE DETECTED,Yes,No Apparent Injury,NA,Not Distracted,MD,Passenger Car,Entering Traffic Lane,30,No,2023,TESLA,MODEL 3,39.01397354,-77.04203871,2024,3,17
240014159,Property Damage Crash,03/25/2024 04:58:00 PM,FREDERICK RD (SB/L),NA,"Sideswipe, Same Direction",Clear,Dry,Daylight,No Controls,NONE DETECTED,Yes,No Apparent Injury,NA,Not Distracted,MD,Passenger Car,Overtaking/Passing,45,No,2023,HONDA,CR-V,39.17720551,-77.23863114,2024,3,16
240014159,Property Damage Crash,03/25/2024 04:58:00 PM,FREDERICK RD (SB/L),NA,"Sideswipe, Same Direction",Clear,Dry,Daylight,No Controls,NONE DETECTED,No,No Apparent Injury,NA,Not Distracted,MD,Bus - Transit,Slowing or Stopping,45,No,2018,GILLIG,LOW FLOOR BUS,39.17720551,-77.23863114,2024,3,16
240014148,Property Damage Crash,03/25/2024 04:25:00 PM,CANTERFIELD WAY,NA,Angle,Clear,Dry,Daylight,No Controls,NONE DETECTED,No,No Apparent Injury,NA,Unknown,MD,Passenger Car,Moving Constant Speed,40,No,2014,KIA,OPTIMA,39.2199294,-77.25757031,2024,3,16
240014148,Property Damage Crash,03/25/2024 04:25:00 PM,CANTERFIELD WAY,NA,Angle,Clear,Dry,Daylight,Stop Sign,NONE DETECTED,Yes,No Apparent Injury,NA,Unknown,MD,Passenger Car,Turning Left,40,No,2017,SUBARU,OUTBACK,39.2199294,-77.25757031,2024,3,16
240014153,Property Damage Crash,03/25/2024 04:23:00 PM,SHADY GROVE RD,NA,"Sideswipe, Same Direction",Clear,Dry,Daylight,Traffic Control Signal,NONE DETECTED,No,No Apparent Injury,NA,Not Distracted,PA,Other,Moving Constant Speed,40,No,2016,FREIGHTLINER,XC CHASSIS,39.10372333,-77.19041333,2024,3,16
240014153,Property Damage Crash,03/25/2024 04:23:00 PM,SHADY GROVE RD,NA,"Sideswipe, Same Direction",Clear,Dry,Daylight,Traffic Control Signal,NONE DETECTED,Yes,No Apparent Injury,NA,Not Distracted,WV,Pickup,Moving Constant Speed,40,No,2016,CHEVROLET,SILVERADO,39.10372333,-77.19041333,2024,3,16
240014140,Injury Crash,03/25/2024 04:19:00 PM,NA,NA,Single Vehicle,Clear,Dry,Daylight,Stop Sign,NONE DETECTED,No,Possible Minor Injury,"Failed to Keep in Proper Lane, Failed to Yield Right-of-Way, Operated Motor Vehicle in Inattentive, Careless, Negligent, or Erratic Manner, Operated Motor Vehicle in Reckless or Aggressive Manner, Ran Off Roadway, Too Fast For Conditions",Unknown,MD,Passenger Car,Moving Constant Speed,30,No,2023,LEXUS,ES,39.03512225,-77.18514782,2024,3,16
240014167,Property Damage Crash,03/25/2024 03:45:00 PM,NA,NA,Rear To Rear,Clear,NA,Daylight,NA,NONE DETECTED,Yes,No Apparent Injury,Too Fast For Conditions,Unknown,MD,Passenger Car,Moving Constant Speed,0,No,2021,BMW,330XI,39.02529254,-77.07125401,2024,3,15
240014130,Injury Crash,03/25/2024 03:38:00 PM,E MIDDLE LA (WB/L),NA,"Sideswipe, Same Direction",Clear,Dry,Daylight,No Controls,NONE DETECTED,No,Possible Minor Injury,NA,Not Distracted,OH,Passenger Car,Moving Constant Speed,25,No,2012,HONDA,ACCORD,39.0851078,-77.15205587,2024,3,15
240014130,Injury Crash,03/25/2024 03:38:00 PM,E MIDDLE LA (WB/L),NA,"Sideswipe, Same Direction",Clear,Dry,Daylight,No Controls,NONE DETECTED,Yes,No Apparent Injury,NA,Not Distracted,MD,Truck Tractor,Making U-Turn,25,No,2014,FREIGHTLINER,CASCADIA,39.0851078,-77.15205587,2024,3,15
240014133,Injury Crash,03/25/2024 03:31:00 PM,W DIAMOND AVE (WB/L),NA,Front to Rear,Clear,Dry,Daylight,Traffic Control Signal,NONE DETECTED,Yes,No Apparent Injury,Followed Too Closely,Not Distracted,MD,Passenger Car,Moving Constant Speed,35,No,2015,MERCEDES-BENZ,ML-CLASS,39.14064667,-77.20917,2024,3,15
240014133,Injury Crash,03/25/2024 03:31:00 PM,W DIAMOND AVE (WB/L),NA,Front to Rear,Clear,Dry,Daylight,Traffic Control Signal,NONE DETECTED,No,Possible Minor Injury,NA,Not Distracted,MD,Passenger Car,Slowing or Stopping,35,No,2023,JEEP,GRAND CHEROKEE,39.14064667,-77.20917,2024,3,15
240014129,Property Damage Crash,03/25/2024 03:14:00 PM,RAMP 4 FR IS 270 NB TO MD 121 EB,NA,Front to Rear,Clear,Dry,Daylight,No Controls,NONE DETECTED,No,No Apparent Injury,NA,Not Distracted,MD,Pickup,Slowing or Stopping,55,No,2016,FORD,F-150,39.22903282,-77.28301051,2024,3,15