Local Case Number,ACRS Report Type,Crash Date/Time,Road Name,Related Non-Motorist,Collision Type,Weather,Surface Condition,Light,Traffic Control,Driver Substance Abuse,Driver At Fault,Injury Severity,Circumstance,Driver Distracted By,Drivers License State,Vehicle Body Type,Vehicle Movement,Speed Limit,Driverless Vehicle,Vehicle Year,Vehicle Make,Vehicle Model,Latitude,Longitude,Year,Month,Hour
240014129,Property Damage Crash,03/25/2024 03:14:00 PM,RAMP 4 FR IS 270 NB TO MD 121 EB,NA,Front to Rear,Clear,Dry,Daylight,No Controls,NONE DETECTED,No,No Apparent Injury,NA,Not Distracted,MD,Sport Utility Vehicle,Stopped in Traffic,55,No,2014,FORD,ESCAPE,39.22903282,-77.28301051,2024,3,15
240014129,Property Damage Crash,03/25/2024 03:14:00 PM,RAMP 4 FR IS 270 NB TO MD 121 EB,NA,Front to Rear,Clear,Dry,Daylight,No Controls,NONE DETECTED,Yes,No Apparent Injury,Followed Too Closely,Not Distracted,MD,Van - Passenger (&lt;9 Seats),Slowing or Stopping,55,No,2023,FORD,TRANSIT,39.22903282,-77.28301051,2024,3,15
240014111,Injury Crash,03/25/2024 01:50:00 PM,ORCHARD RIDGE DR (NB/L),NA,"Sideswipe, Opposite Direction",Clear,Dry,Daylight,Traffic Control Signal,NONE DETECTED,No,Possible Minor Injury,NA,Not Distracted,MD,Passenger Car,Accelerating,25,No,2024,TOYOTA,CAMRY,39.12357717,-77.23137917,2024,3,13
240014111,Injury Crash,03/25/2024 01:50:00 PM,ORCHARD RIDGE DR (NB/L),NA,"Sideswipe, Opposite Direction",Clear,Dry,Daylight,Traffic Control Signal,NONE DETECTED,Yes,Possible Minor Injury,NA,"Other Action (looking away from task, etc.)",MD,Passenger Car,Turning Left,25,No,2017,TOYOTA,SIENNA,39.12357717,-77.23137917,2024,3,13
240014465,Property Damage Crash,03/25/2024 01:30:00 PM,NA,NA,Other,Clear,NA,Daylight,NA,NONE DETECTED,No,NA,NA,NA,NA,Passenger Car,NA,0,No,2000,HONDA,CIVIC,39.09187562,-77.21028302,2024,3,13
240014078,Property Damage Crash,03/25/2024 11:26:00 AM,BOARDWALK PL,NA,Single Vehicle,Clear,Dry,Daylight,No Controls,NONE DETECTED,Yes,No Apparent Injury,NA,Not Distracted,VA,Other Trucks,Backing,15,No,2019,FORD,F-450,39.11651533,-77.19799817,2024,3,11
240014043,Property Damage Crash,03/25/2024 08:07:00 AM,ARGOSY DR,NA,Rear To Side,Clear,Dry,Daylight,No Controls,NONE DETECTED,No,No Apparent Injury,NA,Not Distracted,VA,Passenger Car,Moving Constant Speed,40,No,2015,FORD,FOCUS,39.10333587,-77.2239896,2024,3,8
240014043,Property Damage Crash,03/25/2024 08:07:00 AM,ARGOSY DR,NA,Rear To Side,Clear,Dry,Daylight,No Controls,NONE DETECTED,Yes,No Apparent Injury,Failed to Yield Right-of-Way,Not Distracted,MD,Sport Utility Vehicle,Turning Left,40,No,2022,KIA,TELLURIDE,39.10333587,-77.2239896,2024,3,8
240014040,Property Damage Crash,03/25/2024 07:50:00 AM,W MONTGOMERY AVE,NA,Front to Rear,Clear,Dry,Daylight,Traffic Control Signal,NONE DETECTED,No,No Apparent Injury,NA,Not Distracted,MD,Sport Utility Vehicle,Slowing or Stopping,35,No,2018,HONDA,PILOT,39.08562692,-77.17085022,2024,3,7
240014040,Property Damage Crash,03/25/2024 07:50:00 AM,W MONTGOMERY AVE,NA,Front to Rear,Clear,Dry,Daylight,Traffic Control Signal,NONE DETECTED,Yes,No Apparent Injury,Followed Too Closely,Unknown,MD,Passenger Car,Slowing or Stopping,35,No,2017,SUBARU,IMPREZA,39.08562692,-77.17085022,2024,3,7
240014046,Property Damage Crash,03/25/2024 07:40:00 AM,ROTHBURY DR,NA,Front to Rear,Clear,Dry,Daylight,No Controls,NONE DETECTED,Yes,No Apparent Injury,NA,Unknown,MD,Sport Utility Vehicle,NA,25,No,2021,TOYOTA,HIGHLANDER,39.18563545,-77.19104837,2024,3,7
240014032,Injury Crash,03/25/2024 06:41:00 AM,EAST WEST HWY,NA,Angle,Clear,Dry,Medium,No Controls,NONE DETECTED,Yes,No Apparent Injury,NA,Not Distracted,MD,Passenger Car,Making U-Turn,30,No,2015,TOYOTA,RAV4,38.99018634,-77.02941764,2024,3,6
240014032,Injury Crash,03/25/2024 06:41:00 AM,EAST WEST HWY,NA,Angle,Clear,Dry,Medium,No Controls,NONE DETECTED,No,Suspected Serious Injury,NA,Not Distracted,MD,Passenger Car,Moving Constant Speed,30,No,2019,TOYOTA,HIGHLANDER,38.99018634,-77.02941764,2024,3,6
240014027,Property Damage Crash,03/25/2024 01:38:00 AM,BOU AVE,NA,Angle,Clear,Dry,Medium,Flashing Traffic Control Signal,NONE DETECTED,No,No Apparent Injury,NA,Not Distracted,MD,Sport Utility Vehicle,Moving Constant Speed,40,No,2016,TOYOTA,RAV4,39.05626245,-77.11938495,2024,3,1
240014027,Property Damage Crash,03/25/2024 01:38:00 AM,BOU AVE,NA,Angle,Clear,Dry,Medium,Flashing Traffic Control Signal,NONE DETECTED,Yes,No Apparent Injury,"Failed to Yield Right-of-Way, Other Improper Action",Unknown,IL,Passenger Car,Moving Constant Speed,25,No,2021,TOYOTA,PRIUS,39.05626245,-77.11938495,2024,3,1
240014023,Property Damage Crash,03/25/2024 01:14:00 AM,DAMASCUS RD,NA,Single Vehicle,Clear,Dry,Dark,No Controls,NONE DETECTED,No,No Apparent Injury,NA,Not Distracted,MD,Passenger Car,Moving Constant Speed,40,No,2014,DODGE,CHARGER,39.26925258,-77.15260741,2024,3,1
240014022,Property Damage Crash,03/25/2024 01:01:00 AM,NEW HAMPSHIRE AVE,NA,Single Vehicle,Clear,Dry,Dark,No Controls,NONE DETECTED,No,No Apparent Injury,"Failed to Keep in Proper Lane, Other Improper Action",Not Distracted,MD,Passenger Car,Moving Constant Speed,45,No,2013,HONDA,CIVIC,39.10140423,-77.00402586,2024,3,1
240014018,Property Damage Crash,03/24/2024 11:04:00 PM,TULSA LA,NA,Single Vehicle,Clear,Dry,Medium,No Controls,ALCOHOL PRESENT,No,No Apparent Injury,Ran Off Roadway,Not Distracted,MD,Passenger Car,Moving Constant Speed,25,No,2010,VOLKSWAGEN,PASSAT,39.01110389,-77.12763863,2024,3,23
240014207,Property Damage Crash,03/24/2024 11:00:00 PM,TULSA LA,NA,Single Vehicle,Clear,Dry,Medium,No Controls,NONE DETECTED,No,No Apparent Injury,NA,Not Distracted,MD,Passenger Car,Turning Left,25,No,2014,DODGE,CHARGER,39.01089751,-77.12797163,2024,3,23
240014019,Property Damage Crash,03/24/2024 11:00:00 PM,NA,NA,Rear To Side,Clear,NA,Medium,NA,NONE DETECTED,No,NA,NA,NA,NA,Passenger Car,Backing,0,No,2021,HYUNDAI,ELANTRA,39.04019619,-77.0541982,2024,3,23
240014012,Property Damage Crash,03/24/2024 09:17:00 PM,GEORGIA AVE,NA,"Sideswipe, Same Direction",Clear,Dry,Medium,No Controls,ALCOHOL PRESENT,Yes,No Apparent Injury,"Failed to Keep in Proper Lane, Other Improper Action",Unknown,MD,Pickup,Moving Constant Speed,35,No,2008,CHEVROLET,SILVERADO,39.0721681,-77.06428532,2024,3,21
240014012,Property Damage Crash,03/24/2024 09:17:00 PM,GEORGIA AVE,NA,"Sideswipe, Same Direction",Clear,Dry,Medium,No Controls,NONE DETECTED,No,No Apparent Injury,NA,Not Distracted,MD,Passenger Car,Moving Constant Speed,35,No,2022,TOYOTA,RAV4,39.0721681,-77.06428532,2024,3,21
240014009,Property Damage Crash,03/24/2024 09:03:00 PM,LAYHILL RD (SB/L),NA,Single Vehicle,Clear,Dry,Medium,Traffic Control Signal,ALCOHOL PRESENT,Yes,No Apparent Injury,NA,Unknown,MD,Passenger Car,Turning Left,35,No,2022,HONDA,CR-V,39.06014247,-77.05111052,2024,3,21
240014011,Property Damage Crash,03/24/2024 08:56:00 PM,NEW HAMPSHIRE AVE,NA,"Sideswipe, Same Direction",Clear,Dry,Medium,No Controls,NONE DETECTED,No,No Apparent Injury,NA,Not Distracted,MD,Pickup,Moving Constant Speed,35,No,2022,GMC,SIERRA,39.01559767,-76.97765396,2024,3,20
240014011,Property Damage Crash,03/24/2024 08:56:00 PM,NEW HAMPSHIRE AVE,NA,"Sideswipe, Same Direction",Clear,Dry,Medium,No Controls,NONE DETECTED,No,NA,NA,Unknown,NA,Passenger Car,Moving Constant Speed,35,No,2013,TOYOTA,COROLLA,39.01559767,-76.97765396,2024,3,20
240014007,Injury Crash,03/24/2024 08:25:00 PM,COLUMBIA PIKE,NA,Rear To Rear,Clear,Dry,Dark,Traffic Control Signal,NONE DETECTED,No,Possible Minor Injury,NA,Not Distracted,MD,Passenger Car,Stopped in Traffic,55,No,2012,CHRYSLER,TOWN AND COUNTRY,39.092718669999996,-76.93992618,2024,3,20
240014007,Injury Crash,03/24/2024 08:25:00 PM,COLUMBIA PIKE,NA,Rear To Rear,Clear,Dry,Dark,Traffic Control Signal,NONE DETECTED,No,No Apparent Injury,NA,Not Distracted,MD,Passenger Car,Stopped in Traffic,55,No,2022,LEXUS,RX,39.092718669999996,-76.93992618,2024,3,20
240014007,Injury Crash,03/24/2024 08:25:00 PM,COLUMBIA PIKE,NA,Rear To Rear,Clear,Dry,Dark,Traffic Control Signal,ALCOHOL PRESENT,Yes,No Apparent Injury,NA,Unknown,MD,Passenger Car,Moving Constant Speed,55,No,2011,SUBARU,OUTBACK,39.092718669999996,-76.93992618,2024,3,20
240014004,Property Damage Crash,03/24/2024 08:24:00 PM,COLUMBIA PIKE (SB/L),NA,Front to Rear,Clear,Dry,Medium,Traffic Control Signal,NONE DETECTED,No,No Apparent Injury,NA,Not Distracted,MD,Passenger Car,Moving Constant Speed,45,No,2023,TESLA,MODEL S,39.10439642,-76.93319921,2024,3,20
240014004,Property Damage Crash,03/24/2024 08:24:00 PM,COLUMBIA PIKE (SB/L),NA,Front to Rear,Clear,Dry,Medium,Traffic Control Signal,NONE DETECTED,Yes,No Apparent Injury,Other Improper Action,Unknown,FL,Passenger Car,Moving Constant Speed,45,No,2015,HYUNDAI,SONATA,39.10439642,-76.93319921,2024,3,20
240014006,Property Damage Crash,03/24/2024 08:22:00 PM,OAKVIEW DR,NA,Front to Rear,Clear,Dry,Medium,Traffic Control Signal,ALCOHOL PRESENT,Yes,No Apparent Injury,NA,Unknown,MD,Passenger Car,Moving Constant Speed,40,No,1999,HONDA,ACCORD,39.01535104,-76.97776002,2024,3,20
240014006,Property Damage Crash,03/24/2024 08:22:00 PM,OAKVIEW DR,NA,Front to Rear,Clear,Dry,Medium,Traffic Control Signal,NONE DETECTED,No,No Apparent Injury,NA,Not Distracted,MD,Passenger Car,Stopped in Traffic,40,No,2015,HYUNDAI,ELANTRA,39.01535104,-76.97776002,2024,3,20
240013997,Injury Crash,03/24/2024 07:14:00 PM,ARDENNES AVE,NA,Angle,Clear,Dry,Daylight,No Controls,NONE DETECTED,No,Possible Minor Injury,NA,Unknown,MD,Passenger Car,Entering Traffic Lane,25,No,2021,LEXUS,NX,39.07611479,-77.12012327,2024,3,19
240013997,Injury Crash,03/24/2024 07:14:00 PM,ARDENNES AVE,NA,Angle,Clear,Dry,Daylight,No Controls,NONE DETECTED,No,Possible Minor Injury,NA,Not Distracted,DC,Passenger Car,Moving Constant Speed,45,No,2021,HYUNDAI,ACCENT,39.07611479,-77.12012327,2024,3,19
240014059,Property Damage Crash,03/24/2024 06:30:00 PM,NA,NA,Front to Rear,Clear,NA,Daylight,NA,NONE DETECTED,No,No Apparent Injury,Improper Backing,Unknown,NA,Sport Utility Vehicle,Backing,0,No,2003,TOYOTA,RAV4,39.14177837,-77.22287758,2024,3,18
240013994,Injury Crash,03/24/2024 06:24:00 PM,GEORGIA AVE,NA,Front to Rear,Clear,Dry,Daylight,No Controls,NONE DETECTED,Yes,No Apparent Injury,NA,Not Distracted,MD,Passenger Car,Slowing or Stopping,30,No,2004,TOYOTA,HIGHLANDER,39.02042734,-77.04378872,2024,3,18
240013994,Injury Crash,03/24/2024 06:24:00 PM,GEORGIA AVE,NA,Front to Rear,Clear,Dry,Daylight,No Controls,NONE DETECTED,No,No Apparent Injury,NA,Not Distracted,MD,Passenger Car,Stopped in Traffic,30,No,2020,TOYOTA,CAMRY,39.02042734,-77.04378872,2024,3,18
240013986,Property Damage Crash,03/24/2024 05:39:00 PM,LIVINGSTON ST,NA,"Sideswipe, Same Direction",Clear,Dry,Daylight,No Controls,ALCOHOL PRESENT,No,No Apparent Injury,"Operated Motor Vehicle in Inattentive, Careless, Negligent, or Erratic Manner, Operated Motor Vehicle in Reckless or Aggressive Manner, Ran Off Roadway",Unknown,MD,Passenger Car,Moving Constant Speed,25,No,2021,TOYOTA,CAMRY,39.05439692,-77.05972662,2024,3,17
240013979,Injury Crash,03/24/2024 04:00:00 PM,16TH ST (SB/L),NA,Front to Rear,Clear,Dry,Daylight,Traffic Control Signal,NONE DETECTED,No,No Apparent Injury,NA,Not Distracted,DC,Passenger Car,Stopped in Traffic,35,No,2015,SUBARU,WRX,39.00347008,-77.04021335,2024,3,16
240013979,Injury Crash,03/24/2024 04:00:00 PM,16TH ST (SB/L),NA,Front to Rear,Clear,Dry,Daylight,Traffic Control Signal,ALCOHOL PRESENT,Yes,No Apparent Injury,"Followed Too Closely, Operated Motor Vehicle in Inattentive, Careless, Negligent, or Erratic Manner, Too Fast For Conditions",Unknown,MD,Passenger Car,Slowing or Stopping,35,No,2001,MERCURY,GS,39.00347008,-77.04021335,2024,3,16
240013977,Property Damage Crash,03/24/2024 03:40:00 PM,NA,NA,Front to Front,Clear,NA,Daylight,NA,ALCOHOL PRESENT,No,No Apparent Injury,NA,Not Distracted,MD,Passenger Car,Moving Constant Speed,0,No,2008,TOYOTA,SCION TC,39.12195533,-77.21111588,2024,3,15
240013972,Property Damage Crash,03/24/2024 03:16:00 PM,E RANDOLPH RD,NA,"Sideswipe, Same Direction",Clear,Dry,Daylight,No Controls,NONE DETECTED,Yes,No Apparent Injury,NA,Not Distracted,MD,Sport Utility Vehicle,Changing Lanes,35,No,2023,TOYOTA,HIGHLANDER,39.06637693,-76.9832582,2024,3,15
240013972,Property Damage Crash,03/24/2024 03:16:00 PM,E RANDOLPH RD,NA,"Sideswipe, Same Direction",Clear,Dry,Daylight,No Controls,NONE DETECTED,No,No Apparent Injury,NA,Not Distracted,VA,Bus - Transit,Moving Constant Speed,35,No,2020,GILLIG,SHUTTLE BUS,39.06637693,-76.9832582,2024,3,15
240013963,Injury Crash,03/24/2024 02:50:00 PM,ARORA HILLS DR,NA,Angle,Clear,Dry,Daylight,Stop Sign,NONE DETECTED,Yes,Possible Minor Injury,NA,Unknown,MD,Passenger Car,Accelerating,25,No,2006,CHEVROLET,MALIBU,39.23553072,-77.24729309,2024,3,14
240013963,Injury Crash,03/24/2024 02:50:00 PM,ARORA HILLS DR,NA,Angle,Clear,Dry,Daylight,Traffic Control Signal,NONE DETECTED,No,No Apparent Injury,NA,Unknown,MA,Van - Passenger (&lt;9 Seats),Moving Constant Speed,30,No,2018,FORD,TRANSIT CONNECT,39.23553072,-77.24729309,2024,3,14
240013966,Injury Crash,03/24/2024 02:44:00 PM,RAMP 1 FR RAMP 4 TO SHADY GROVE RD WB,NA,Front to Front,Clear,Dry,Daylight,Traffic Control Signal,NONE DETECTED,No,No Apparent Injury,NA,Not Distracted,MD,Passenger Car,Accelerating,40,No,2022,TESLA,MODEL 3,39.13093667,-77.16090167,2024,3,14
240013966,Injury Crash,03/24/2024 02:44:00 PM,RAMP 1 FR RAMP 4 TO SHADY GROVE RD WB,NA,Front to Front,Clear,Dry,Daylight,Traffic Control Signal,NONE DETECTED,Yes,Possible Minor Injury,Disregarded Other Traffic Sign,Not Distracted,MD,Passenger Car,Moving Constant Speed,35,No,2015,HONDA,ODYSSEY,39.13093667,-77.16090167,2024,3,14
240013962,Property Damage Crash,03/24/2024 02:32:00 PM,NA,NA,"Sideswipe, Same Direction",Clear,NA,Daylight,NA,NONE DETECTED,No,No Apparent Injury,NA,Unknown,DC,Passenger Car,Backing,0,No,2017,DODGE,UNKNOWN,38.99095934,-76.99050081,2024,3,14
240013962,Property Damage Crash,03/24/2024 02:32:00 PM,NA,NA,"Sideswipe, Same Direction",Clear,NA,Daylight,NA,NONE DETECTED,No,No Apparent Injury,NA,Not Distracted,MD,Passenger Car,Parked,0,No,2017,TOYOTA,COROLLA,38.99095934,-76.99050081,2024,3,14
240013954,Property Damage Crash,03/24/2024 12:37:00 PM,UNIVERSITY BLVD W (WB/L),NA,Other,Clear,Dry,Daylight,Lane Use Control Signal,NONE DETECTED,No,No Apparent Injury,NA,Unknown,MD,Passenger Car,Accelerating,25,No,2017,MERCEDES-BENZ,GLA-CLASS,39.04141004,-77.04816612,2024,3,12
240013954,Property Damage Crash,03/24/2024 12:37:00 PM,UNIVERSITY BLVD W (WB/L),NA,Other,Clear,Dry,Daylight,Traffic Control Signal,NONE DETECTED,No,No Apparent Injury,NA,Not Distracted,MD,Passenger Car,Moving Constant Speed,25,No,2022,TOYOTA,PRIUS,39.04141004,-77.04816612,2024,3,12
240013944,Property Damage Crash,03/24/2024 12:15:00 PM,MCCOMAS AVE,NA,Front to Front,Clear,Dry,Daylight,No Controls,NONE DETECTED,No,No Apparent Injury,NA,NA,NA,NA,Moving Constant Speed,25,No,0,NA,NA,39.03303579,-77.06637317,2024,3,12
240013929,Property Damage Crash,03/24/2024 10:09:00 AM,NA,NA,Single Vehicle,Clear,NA,Daylight,NA,NONE DETECTED,No,No Apparent Injury,Other Improper Action,Not Distracted,MD,Pickup,Backing,0,No,2020,RAM,1500,39.14885573,-77.22331833,2024,3,10
240013931,Property Damage Crash,03/24/2024 09:56:00 AM,WISTERIA DR,NA,Angle,Clear,Dry,Daylight,No Controls,NONE DETECTED,Yes,No Apparent Injury,Failed to Yield Right-of-Way,Not Distracted,MD,Passenger Car,Turning Left,30,No,2019,VOLKSWAGEN,JETTA,39.17757936,-77.27125651,2024,3,9
240013931,Property Damage Crash,03/24/2024 09:56:00 AM,WISTERIA DR,NA,Angle,Clear,Dry,Daylight,No Controls,NONE DETECTED,No,No Apparent Injury,NA,Not Distracted,MD,Passenger Car,Moving Constant Speed,30,No,2010,TOYOTA,RAV4,39.17757936,-77.27125651,2024,3,9
240013930,Injury Crash,03/24/2024 09:53:00 AM,ONEILL DR,NA,Rear To Side,Clear,Dry,Daylight,Traffic Control Signal,NONE DETECTED,Yes,Possible Minor Injury,NA,Unknown,MD,Passenger Car,NA,35,No,2012,TOYOTA,CAMRY,39.12418005,-77.179934,2024,3,9
240013930,Injury Crash,03/24/2024 09:53:00 AM,ONEILL DR,NA,Rear To Side,Clear,Dry,Daylight,Traffic Control Signal,NONE DETECTED,No,No Apparent Injury,NA,Unknown,MD,Pickup,Accelerating,35,No,2001,DODGE,DAKOTA,39.12418005,-77.179934,2024,3,9
240013927,Injury Crash,03/24/2024 08:20:00 AM,NA,Pedestrian,Single Vehicle,Clear,NA,Daylight,NA,NONE DETECTED,Yes,No Apparent Injury,NA,Not Distracted,MD,Passenger Car,Accelerating,0,No,2018,FORD,EXPLORER,39.04886125,-77.06794056,2024,3,8
240013924,Property Damage Crash,03/24/2024 05:45:00 AM,NA,NA,Single Vehicle,Clear,NA,Medium,NA,NONE DETECTED,Yes,No Apparent Injury,Other Improper Action,Not Distracted,MD,Passenger Car,Accelerating,0,No,2007,TOYOTA,PRIUS,39.05295667,-76.95398717,2024,3,5
240013925,Property Damage Crash,03/24/2024 05:30:00 AM,QUEBEC ST,NA,Single Vehicle,Clear,Dry,Medium,No Controls,NONE DETECTED,No,No Apparent Injury,Other Improper Action,Unknown,NA,Passenger Car,Negotiating a Curve,25,No,2019,HONDA,ACCORD,39.00007461,-76.98905907,2024,3,5
240013916,Property Damage Crash,03/24/2024 02:56:00 AM,WILSON LA (WB/L),NA,Single Vehicle,Clear,Dry,Dark,Intersection Ahead Warning Sign,NONE DETECTED,No,No Apparent Injury,NA,Unknown,MD,Passenger Car,Slowing or Stopping,35,No,2021,NISSAN,SENTRA,38.98366254,-77.13793337,2024,3,2
240013914,Property Damage Crash,03/24/2024 02:45:00 AM,COLESVILLE RD,NA,Angle,Clear,Dry,Medium,Flashing Traffic Control Signal,ALCOHOL PRESENT,Yes,No Apparent Injury,"Operated Motor Vehicle in Inattentive, Careless, Negligent, or Erratic Manner, Ran Red Light",Unknown,NY,Station Wagon,Moving Constant Speed,30,No,2023,MAZDA,CX-30,38.9976618,-77.0270076,2024,3,2
240013914,Property Damage Crash,03/24/2024 02:45:00 AM,COLESVILLE RD,NA,Angle,Clear,Dry,Medium,Flashing Traffic Control Signal,NONE DETECTED,No,No Apparent Injury,NA,Not Distracted,MD,Sport Utility Vehicle,Moving Constant Speed,30,No,2016,HONDA,CR-V,38.9976618,-77.0270076,2024,3,2
240013910,Property Damage Crash,03/24/2024 02:15:00 AM,NA,NA,Front to Rear,Clear,Dry,Medium,No Controls,ALCOHOL PRESENT,Yes,No Apparent Injury,NA,Unknown,NA,Passenger Car,Slowing or Stopping,0,No,2010,HONDA,ODYSSEY,39.099976,-77.0507515,2024,3,2
240013908,Property Damage Crash,03/24/2024 02:07:00 AM,NA,NA,Single Vehicle,Clear,Dry,Medium,Traffic Control Signal,NONE DETECTED,Yes,No Apparent Injury,NA,Not Distracted,MD,Passenger Car,Turning Right,40,No,2010,LEXUS,ES,39.16306259,-77.28310929,2024,3,2
240013903,Property Damage Crash,03/23/2024 11:55:00 PM,OMEGA DR (SB/L),NA,Angle,Clear,Dry,Medium,Traffic Control Signal,NONE DETECTED,No,NA,NA,NA,NA,Passenger Car,Turning Left,30,No,2007,SATURN,VUE,39.10714767,-77.1951278,2024,3,23
240013903,Property Damage Crash,03/23/2024 11:55:00 PM,OMEGA DR (SB/L),NA,Angle,Clear,Dry,Medium,Traffic Control Signal,NONE DETECTED,No,No Apparent Injury,NA,Not Distracted,MD,Passenger Car,Moving Constant Speed,35,No,2013,TOYOTA,PRIUS,39.10714767,-77.1951278,2024,3,23
240013901,Property Damage Crash,03/23/2024 11:18:00 PM,SHAKESPEARE BLVD,NA,Single Vehicle,Clear,Dry,Medium,Other,ALCOHOL PRESENT,Yes,No Apparent Injury,NA,Not Distracted,MA,Passenger Car,NA,30,No,2011,MERCEDES-BENZ,E-CLASS,39.19284092,-77.23856855,2024,3,23
240013890,Property Damage Crash,03/23/2024 09:45:00 PM,BEL PRE RD (EB/L),NA,Front to Front,Clear,Dry,Medium,Traffic Control Signal,NONE DETECTED,No,No Apparent Injury,NA,Not Distracted,DC,Passenger Car,Moving Constant Speed,25,No,2018,CHEVROLET,TRAX,39.09188893,-77.07042022,2024,3,21
240013890,Property Damage Crash,03/23/2024 09:45:00 PM,BEL PRE RD (EB/L),NA,Front to Front,Clear,Dry,Medium,Traffic Control Signal,NONE DETECTED,Yes,No Apparent Injury,Failed to Yield Right-of-Way,"Other Action (looking away from task, etc.)",NA,Passenger Car,Turning Left,25,No,2003,MAZDA,MAZDA6,39.09188893,-77.07042022,2024,3,21
240013886,Property Damage Crash,03/23/2024 09:24:00 PM,NA,NA,Rear To Rear,Clear,NA,Medium,NA,NONE DETECTED,No,No Apparent Injury,"Operated Motor Vehicle in Inattentive, Careless, Negligent, or Erratic Manner",Unknown,MD,Sport Utility Vehicle,Accelerating,0,No,2020,JEEP,WRANGLER,39.01751625,-77.21054152,2024,3,21
240013884,Property Damage Crash,03/23/2024 08:28:00 PM,CONNECTICUT AVE,NA,Front to Rear,Clear,Dry,Dark,No Controls,NONE DETECTED,Yes,No Apparent Injury,NA,Not Distracted,MD,Sport Utility Vehicle,Moving Constant Speed,35,No,2010,JEEP,PATRIOT,39.06898419,-77.07548387,2024,3,20
240013884,Property Damage Crash,03/23/2024 08:28:00 PM,CONNECTICUT AVE,NA,Front to Rear,Clear,Dry,Dark,No Controls,NONE DETECTED,No,No Apparent Injury,NA,Not Distracted,MD,Sport Utility Vehicle,Turning Right,35,No,2023,GMC,YUKON XL,39.06898419,-77.07548387,2024,3,20
240013876,Injury Crash,03/23/2024 06:24:00 PM,NA,NA,Front to Rear,Clear,NA,Daylight,NA,DRUG PRESENT,Yes,Possible Minor Injury,NA,Unknown,MD,Passenger Car,Accelerating,0,No,2000,TOYOTA,CAMRY SOLARA,38.98849943,-76.98810083,2024,3,18
240013873,Property Damage Crash,03/23/2024 05:32:00 PM,ROCKVILLE PIKE (SB/L),NA,Angle,Cloudy,Dry,Daylight,Traffic Control Signal,NONE DETECTED,No,No Apparent Injury,NA,Not Distracted,MD,Passenger Car,Turning Left,40,No,2015,HONDA,CIVIC,39.04953083,-77.11437407,2024,3,17
240013873,Property Damage Crash,03/23/2024 05:32:00 PM,ROCKVILLE PIKE (SB/L),NA,Angle,Cloudy,Dry,Daylight,Traffic Control Signal,NONE DETECTED,Yes,No Apparent Injury,NA,Unknown,PA,Passenger Car,Moving Constant Speed,40,No,2023,TOYOTA,RAV4,39.04953083,-77.11437407,2024,3,17
240013866,Property Damage Crash,03/23/2024 05:03:00 PM,EDWARDS FERRY RD,NA,Front to Rear,Windy,Dry,Daylight,No Controls,NONE DETECTED,Yes,No Apparent Injury,Improper Backing,Not Distracted,MD,Pickup,Backing,30,No,2017,FORD,F-550,39.11230707,-77.46261835,2024,3,17
240013866,Property Damage Crash,03/23/2024 05:03:00 PM,EDWARDS FERRY RD,NA,Front to Rear,Windy,Dry,Daylight,No Controls,NONE DETECTED,No,No Apparent Injury,NA,Not Distracted,MD,Sport Utility Vehicle,Stopped in Traffic,30,No,2024,AUDI,Q5,39.11230707,-77.46261835,2024,3,17
240013859,Property Damage Crash,03/23/2024 03:42:00 PM,AIRCRAFT DR,NA,Front to Rear,Cloudy,Dry,Daylight,Traffic Control Signal,NONE DETECTED,No,No Apparent Injury,NA,Not Distracted,MD,Passenger Car,Stopped in Traffic,45,No,2018,LEXUS,NX,39.18214204,-77.26024147,2024,3,15
240013859,Property Damage Crash,03/23/2024 03:42:00 PM,AIRCRAFT DR,NA,Front to Rear,Cloudy,Dry,Daylight,Traffic Control Signal,NONE DETECTED,Yes,No Apparent Injury,"Operated Motor Vehicle in Inattentive, Careless, Negligent, or Erratic Manner","Other Action (looking away from task, etc.)",MD,Bus - Transit,Moving Constant Speed,45,No,2019,GILLIG,LOW FLOOR BUS,39.18214204,-77.26024147,2024,3,15