Local Case Number,ACRS Report Type,Crash Date/Time,Road Name,Related Non-Motorist,Collision Type,Weather,Surface Condition,Light,Traffic Control,Driver Substance Abuse,Driver At Fault,Injury Severity,Circumstance,Driver Distracted By,Drivers License State,Vehicle Body Type,Vehicle Movement,Speed Limit,Driverless Vehicle,Vehicle Year,Vehicle Make,Vehicle Model,Latitude,Longitude,Year,Month,Hour
240013858,Property Damage Crash,03/23/2024 03:36:00 PM,NA,NA,Other,Clear,Dry,Daylight,Traffic Control Signal,NONE DETECTED,No,No Apparent Injury,NA,Not Distracted,VA,Passenger Car,Accelerating,35,No,2015,LEXUS,ES,38.99749638,-77.02700162,2024,3,15
240013852,Property Damage Crash,03/23/2024 03:36:00 PM,CROSSOVER,NA,Angle,Cloudy,Dry,Daylight,Traffic Control Signal,NONE DETECTED,No,No Apparent Injury,NA,Not Distracted,MD,Passenger Car,Moving Constant Speed,45,No,2008,VOLKSWAGEN,JETTA,39.20057097,-77.24528241,2024,3,15
240013852,Property Damage Crash,03/23/2024 03:36:00 PM,CROSSOVER,NA,Angle,Cloudy,Dry,Daylight,Traffic Control Signal,NONE DETECTED,Yes,No Apparent Injury,NA,Unknown,MD,Passenger Car,Turning Left,45,No,2007,TOYOTA,RAV4,39.20057097,-77.24528241,2024,3,15
240013858,Property Damage Crash,03/23/2024 03:36:00 PM,NA,NA,Other,Clear,Dry,Daylight,Traffic Control Signal,NONE DETECTED,Yes,No Apparent Injury,NA,Not Distracted,MD,Bus - Transit,Accelerating,35,No,2016,GILLIG,CITY TRANSIT BUS,38.99749638,-77.02700162,2024,3,15
240013857,Property Damage Crash,03/23/2024 03:20:00 PM,RIVER RD,NA,Front to Rear,Clear,Dry,Daylight,No Controls,NONE DETECTED,No,No Apparent Injury,Other Improper Action,"Other Action (looking away from task, etc.)",MD,Passenger Car,Moving Constant Speed,40,No,2018,HONDA,CIVIC,38.99414654,-77.16432796,2024,3,15
240013857,Property Damage Crash,03/23/2024 03:20:00 PM,RIVER RD,NA,Front to Rear,Clear,Dry,Daylight,No Controls,NONE DETECTED,No,No Apparent Injury,NA,Not Distracted,MD,Sport Utility Vehicle,Slowing or Stopping,40,No,2018,ACURA,MDX,38.99414654,-77.16432796,2024,3,15
240013832,Property Damage Crash,03/23/2024 01:10:00 PM,CASHELL RD,NA,Single Vehicle,Cloudy,Wet,Daylight,Traffic Control Signal,NONE DETECTED,Yes,No Apparent Injury,NA,Not Distracted,MD,Passenger Car,Moving Constant Speed,35,No,2020,NISSAN,ROGUE,39.15481856,-77.09489532,2024,3,13
240013821,Property Damage Crash,03/23/2024 11:22:00 AM,MONTGOMERY VILLAGE AVE,NA,Front to Rear,Rain,Wet,Daylight,No Controls,NONE DETECTED,No,No Apparent Injury,NA,Not Distracted,MD,Pickup,Slowing or Stopping,35,No,2011,TOYOTA,TUNDRA,39.153015,-77.21126167,2024,3,11
240013821,Property Damage Crash,03/23/2024 11:22:00 AM,MONTGOMERY VILLAGE AVE,NA,Front to Rear,Rain,Wet,Daylight,No Controls,NONE DETECTED,Yes,No Apparent Injury,"Followed Too Closely, Too Fast For Conditions",Not Distracted,MD,Passenger Car,Slowing or Stopping,35,No,2005,TOYOTA,COROLLA,39.153015,-77.21126167,2024,3,11
240013819,Property Damage Crash,03/23/2024 11:00:00 AM,NA,NA,"Sideswipe, Same Direction",Rain,NA,Daylight,NA,NONE DETECTED,No,No Apparent Injury,NA,Not Distracted,MD,Passenger Car,Parked,0,No,2018,TOYOTA,COROLLA,39.15637853,-77.20215726,2024,3,11
240013819,Property Damage Crash,03/23/2024 11:00:00 AM,NA,NA,"Sideswipe, Same Direction",Rain,NA,Daylight,NA,NONE DETECTED,No,No Apparent Injury,Improper Backing,Unknown,MD,Passenger Car,Backing,0,No,2013,FORD,EXPLORER,39.15637853,-77.20215726,2024,3,11
240013817,Injury Crash,03/23/2024 10:31:00 AM,HENSLOWE DR,Cyclist (non-electric),Single Vehicle,Rain,Wet,Daylight,Traffic Control Signal,NONE DETECTED,No,No Apparent Injury,Failed to Yield Right-of-Way,Not Distracted,MD,Passenger Car,Turning Right,15,No,2016,TOYOTA,CAMRY,39.06675831,-77.1647899,2024,3,10
240013812,Property Damage Crash,03/23/2024 09:00:00 AM,OLNEY SANDY SPRING RD,NA,Front to Rear,Rain,Wet,Daylight,School Zone Sign,NONE DETECTED,No,No Apparent Injury,NA,Not Distracted,MD,Passenger Car,Stopped in Traffic,35,No,2022,MERCEDES-BENZ,GLC-CLASS,39.1441175,-77.04505578,2024,3,9
240013812,Property Damage Crash,03/23/2024 09:00:00 AM,OLNEY SANDY SPRING RD,NA,Front to Rear,Rain,Wet,Daylight,School Zone Sign,NONE DETECTED,Yes,No Apparent Injury,NA,Not Distracted,MD,Passenger Car,Slowing or Stopping,35,No,2017,HONDA,ACCORD,39.1441175,-77.04505578,2024,3,9
240013810,Injury Crash,03/23/2024 08:09:00 AM,CAMERON ST,Pedestrian,Single Vehicle,Rain,Wet,Daylight,Traffic Control Signal,NONE DETECTED,Yes,No Apparent Injury,NA,Not Distracted,MD,Passenger Car,Accelerating,30,No,2017,TOYOTA,COROLLA,38.99760114,-77.02967876,2024,3,8
240013809,Injury Crash,03/23/2024 07:50:00 AM,METRORAIL TRACK B2 RAIL,NA,Front to Rear,Rain,Wet,Daylight,Traffic Control Signal,NONE DETECTED,Yes,No Apparent Injury,NA,Not Distracted,DC,Passenger Car,Moving Constant Speed,35,No,2010,MITSUBISHI,OUTLANDER,39.0130077,-77.04195259,2024,3,7
240013809,Injury Crash,03/23/2024 07:50:00 AM,METRORAIL TRACK B2 RAIL,NA,Front to Rear,Rain,Wet,Daylight,Traffic Control Signal,NONE DETECTED,No,Possible Minor Injury,NA,Not Distracted,MD,Passenger Car,Stopped in Traffic,35,No,2019,TOYOTA,RAV4,39.0130077,-77.04195259,2024,3,7
240013806,Injury Crash,03/23/2024 06:25:00 AM,NEW HAMPSHIRE AVE (SB/L),NA,Front to Front,Rain,Wet,Dark,Traffic Control Signal,NONE DETECTED,No,Possible Minor Injury,NA,Not Distracted,MD,Sport Utility Vehicle,Moving Constant Speed,40,No,2022,CADILLAC,XT6,39.07572626,-77.00198774,2024,3,6
240013806,Injury Crash,03/23/2024 06:25:00 AM,NEW HAMPSHIRE AVE (SB/L),NA,Front to Front,Rain,Wet,Dark,Traffic Control Signal,NONE DETECTED,No,Possible Minor Injury,NA,Not Distracted,MD,Passenger Car,Negotiating a Curve,40,No,2017,TOYOTA,CAMRY,39.07572626,-77.00198774,2024,3,6
240013803,Property Damage Crash,03/23/2024 04:26:00 AM,COLUMBIA PIKE (SB/L),NA,Single Vehicle,Rain,Wet,Medium,No Controls,NONE DETECTED,No,No Apparent Injury,Too Fast For Conditions,Unknown,MD,Passenger Car,Changing Lanes,50,No,2011,MERCEDES-BENZ,GL-CLASS,39.06515335,-76.96132298,2024,3,4
240013847,Property Damage Crash,03/23/2024 04:00:00 AM,NA,NA,Single Vehicle,Rain,Wet,Dark,Pedestrian Crossing Sign,NONE DETECTED,No,No Apparent Injury,NA,Unknown,MD,Passenger Car,NA,30,No,2019,KIA,OPTIMA,39.07108884,-76.95384666,2024,3,4
240013801,Property Damage Crash,03/23/2024 03:55:00 AM,OAKVIEW DR,NA,Rear To Side,Rain,Wet,Dark,Traffic Control Signal,NONE DETECTED,No,No Apparent Injury,NA,Not Distracted,MD,Passenger Car,Moving Constant Speed,45,No,2015,HONDA,CR-V,39.01534733,-76.97772433,2024,3,3
240013801,Property Damage Crash,03/23/2024 03:55:00 AM,OAKVIEW DR,NA,Rear To Side,Rain,Wet,Dark,Traffic Control Signal,NONE DETECTED,Yes,No Apparent Injury,"Failed to Yield Right-of-Way, Other Improper Action",Not Distracted,MD,Passenger Car,Turning Left,45,No,2022,TOYOTA,HIGHLANDER,39.01534733,-76.97772433,2024,3,3
240013802,Property Damage Crash,03/23/2024 03:55:00 AM,NA,NA,Single Vehicle,Rain,Wet,Medium,Traffic Control Signal,NONE DETECTED,No,NA,NA,Unknown,NA,Passenger Car,NA,35,No,2013,HYUNDAI,ELANTRA,39.09032181,-77.1293921,2024,3,3
240013841,Property Damage Crash,03/23/2024 02:00:00 AM,HOWARD AVE,NA,"Sideswipe, Same Direction",Clear,Dry,Dark,No Controls,NONE DETECTED,No,NA,NA,NA,NA,NA,NA,15,No,0,NA,NA,39.0905878,-77.14637368,2024,3,2
240013797,Injury Crash,03/23/2024 01:48:00 AM,BATTERY LA,NA,Single Vehicle,Rain,Wet,Medium,Other,NONE DETECTED,Yes,Possible Minor Injury,"Disregarded Other Road Markings, Failed to Keep in Proper Lane, Other Improper Action, Ran Off Roadway, Too Fast For Conditions",Unknown,VA,Passenger Car,Negotiating a Curve,25,No,2009,TOYOTA,CAMRY,38.99182407,-77.1020761,2024,3,1
240013795,Property Damage Crash,03/22/2024 11:13:00 PM,KENNETT ST,NA,Single Vehicle,Rain,Wet,Medium,No Controls,NONE DETECTED,Yes,No Apparent Injury,Ran Off Roadway,Unknown,VA,Sport Utility Vehicle,Turning Left,25,No,2017,DODGE,JOURNEY,38.98767837,-77.02784827,2024,3,23
240013787,Injury Crash,03/22/2024 09:56:00 PM,NA,NA,Front to Front,Rain,Wet,Dark,Traffic Control Signal,NONE DETECTED,No,No Apparent Injury,NA,Not Distracted,MD,Passenger Car,Slowing or Stopping,30,No,2010,TOYOTA,4S,38.972781,-77.14844783,2024,3,21
240013787,Injury Crash,03/22/2024 09:56:00 PM,NA,NA,Front to Front,Rain,Wet,Dark,Traffic Control Signal,NONE DETECTED,Yes,Possible Minor Injury,NA,Not Distracted,MD,Passenger Car,Moving Constant Speed,30,No,2009,HONDA,CR-V,38.972781,-77.14844783,2024,3,21
240013771,Injury Crash,03/22/2024 07:44:00 PM,MONTROSE RD (WB/L),NA,Front to Front,Clear,Dry,Medium,Traffic Control Signal,NONE DETECTED,No,No Apparent Injury,NA,Unknown,MD,Passenger Car,Moving Constant Speed,40,No,2009,SUBARU,FORESTER,39.05718995,-77.1615353,2024,3,19
240013771,Injury Crash,03/22/2024 07:44:00 PM,MONTROSE RD (WB/L),NA,Front to Front,Clear,Dry,Medium,Traffic Control Signal,ALCOHOL PRESENT,Yes,Possible Minor Injury,Failed to Yield Right-of-Way,Unknown,MD,Passenger Car,Turning Left,40,No,2023,TESLA,MODEL 3,39.05718995,-77.1615353,2024,3,19
240013781,Property Damage Crash,03/22/2024 07:30:00 PM,NA,NA,"Sideswipe, Same Direction",Clear,NA,Medium,NA,NONE DETECTED,Yes,No Apparent Injury,NA,Not Distracted,MD,Sport Utility Vehicle,Backing,0,No,2020,JEEP,CHEROKEE,39.15253947,-77.06173021,2024,3,19
240013756,Injury Crash,03/22/2024 06:12:00 PM,E GUDE DR (WB/L),NA,Front to Front,Clear,Dry,Daylight,Traffic Control Signal,NONE DETECTED,No,Possible Minor Injury,NA,Not Distracted,MD,Sport Utility Vehicle,Turning Left,40,No,2018,HONDA,CR-V,39.1065118,-77.15226286,2024,3,18
240013756,Injury Crash,03/22/2024 06:12:00 PM,E GUDE DR (WB/L),NA,Front to Front,Clear,Dry,Daylight,Traffic Control Signal,NONE DETECTED,No,Possible Minor Injury,NA,Not Distracted,MD,Passenger Car,Moving Constant Speed,40,No,2019,HONDA,ACCORD,39.1065118,-77.15226286,2024,3,18
240013716,Property Damage Crash,03/22/2024 03:30:00 PM,NA,NA,"Sideswipe, Same Direction",Clear,NA,Daylight,NA,NONE DETECTED,No,No Apparent Injury,NA,Not Distracted,MD,Bus - School,Accelerating,0,No,2017,GILLIG,SCHOOL BUS,39.02730609,-76.99162552,2024,3,15
240013716,Property Damage Crash,03/22/2024 03:30:00 PM,NA,NA,"Sideswipe, Same Direction",Clear,NA,Daylight,NA,NONE DETECTED,Yes,No Apparent Injury,NA,Not Distracted,MD,Bus - School,Accelerating,0,No,2024,GILLIG,SCHOOL BUS,39.02730609,-76.99162552,2024,3,15
240013723,Injury Crash,03/22/2024 03:10:00 PM,ROCKLEDGE DR (SB/L),Pedestrian,Single Vehicle,Clear,Dry,Daylight,No Controls,NONE DETECTED,No,No Apparent Injury,NA,Not Distracted,MD,Passenger Car,Slowing or Stopping,35,No,2016,LEXUS,CT,39.02365833,-77.13244333,2024,3,15
240013729,Property Damage Crash,03/22/2024 03:01:00 PM,EAST WEST HWY,NA,"Sideswipe, Opposite Direction",Clear,Dry,Daylight,No Controls,NONE DETECTED,No,No Apparent Injury,NA,Not Distracted,DC,Passenger Car,Changing Lanes,30,No,2019,NISSAN,SENTRA,38.99086083,-77.02979883,2024,3,15
240013729,Property Damage Crash,03/22/2024 03:01:00 PM,EAST WEST HWY,NA,"Sideswipe, Opposite Direction",Clear,Dry,Daylight,No Controls,NONE DETECTED,No,No Apparent Injury,NA,Not Distracted,DC,Sport Utility Vehicle,Moving Constant Speed,30,No,2018,TOYOTA,RAV4,38.99086083,-77.02979883,2024,3,15
240013718,Injury Crash,03/22/2024 02:55:00 PM,PINEY MEETINGHOUSE RD,NA,Angle,Cloudy,Dry,Daylight,Traffic Control Signal,NONE DETECTED,No,No Apparent Injury,Too Fast For Conditions,Not Distracted,MD,Sport Utility Vehicle,Slowing or Stopping,30,No,1997,TOYOTA,4-RUNNER,39.0864645,-77.21830673,2024,3,14
240013718,Injury Crash,03/22/2024 02:55:00 PM,PINEY MEETINGHOUSE RD,NA,Angle,Cloudy,Dry,Daylight,Traffic Control Signal,NONE DETECTED,No,Possible Minor Injury,NA,Not Distracted,MD,Bus - School,Turning Left,25,No,2021,THOMAS BUILT,SCHOOL BUS,39.0864645,-77.21830673,2024,3,14
240013746,Property Damage Crash,03/22/2024 02:00:00 PM,NA,NA,Rear To Rear,Clear,NA,Daylight,NA,NONE DETECTED,Yes,No Apparent Injury,"Improper Backing, Other Improper Action",Unknown,DE,Van - Passenger (&lt;9 Seats),Backing,0,No,2014,TOYOTA,SIENNA,39.04726136,-77.11409556,2024,3,14
240013695,Injury Crash,03/22/2024 01:37:00 PM,NA,NA,Front to Front,Clear,Dry,Daylight,Traffic Control Signal,NONE DETECTED,Yes,Possible Minor Injury,NA,Not Distracted,MD,Passenger Car,Turning Left,25,No,2012,FORD,ESCAPE,39.15198658,-77.0642647,2024,3,13
240013695,Injury Crash,03/22/2024 01:37:00 PM,NA,NA,Front to Front,Clear,Dry,Daylight,Traffic Control Signal,NONE DETECTED,No,Possible Minor Injury,NA,Not Distracted,MD,Pickup,Moving Constant Speed,30,No,2014,FORD,F-350,39.15198658,-77.0642647,2024,3,13
240013697,Injury Crash,03/22/2024 01:34:00 PM,RIDGE RD (NB/L),NA,Front to Rear,Clear,Dry,Daylight,Traffic Control Signal,NONE DETECTED,No,No Apparent Injury,Other Improper Action,Not Distracted,MD,Passenger Car,Stopped in Traffic,45,No,2005,HONDA,ACCORD,39.20169716,-77.2534833,2024,3,13
240013697,Injury Crash,03/22/2024 01:34:00 PM,RIDGE RD (NB/L),NA,Front to Rear,Clear,Dry,Daylight,Traffic Control Signal,NONE DETECTED,Yes,No Apparent Injury,NA,Not Distracted,MD,Passenger Car,Moving Constant Speed,45,No,2016,HYUNDAI,SONATA,39.20169716,-77.2534833,2024,3,13
240013700,Property Damage Crash,03/22/2024 01:04:00 PM,NEW HAMPSHIRE AVE,NA,Single Vehicle,Clear,Dry,Daylight,No Controls,NONE DETECTED,No,No Apparent Injury,"Swerved or Avoided Due to Wind, Slippery Surface, Motor Vehicle, Object, Non-Motorist in Roadway, etc",Not Distracted,MD,Passenger Car,Moving Constant Speed,35,No,2010,HONDA,CIVIC,39.02529084,-76.98012275,2024,3,13
240013687,Property Damage Crash,03/22/2024 12:17:00 PM,CLOVERHILL DR,NA,"Sideswipe, Opposite Direction",Clear,Dry,Daylight,No Controls,NONE DETECTED,Yes,No Apparent Injury,Other Improper Action,Not Distracted,MD,Other Trucks,Moving Constant Speed,25,No,2014,FORD,F-550,39.04174293,-77.01563636,2024,3,12
240013687,Property Damage Crash,03/22/2024 12:17:00 PM,CLOVERHILL DR,NA,"Sideswipe, Opposite Direction",Clear,Dry,Daylight,No Controls,NONE DETECTED,No,No Apparent Injury,NA,Not Distracted,MD,Pickup,Parked,25,No,2013,FORD,F-150,39.04174293,-77.01563636,2024,3,12
240013663,Injury Crash,03/22/2024 11:36:00 AM,BOU AVE,NA,Other,Cloudy,Dry,Daylight,Traffic Control Signal,NONE DETECTED,No,No Apparent Injury,NA,Not Distracted,MD,Sport Utility Vehicle,Turning Left,35,No,2005,TOYOTA,HIGHLANDER,39.05636167,-77.1189,2024,3,11
240013663,Injury Crash,03/22/2024 11:36:00 AM,BOU AVE,NA,Other,Cloudy,Dry,Daylight,Traffic Control Signal,NONE DETECTED,No,No Apparent Injury,NA,Not Distracted,MD,Sport Utility Vehicle,Stopped in Traffic,35,No,2022,CHEVROLET,BOLT EUV,39.05636167,-77.1189,2024,3,11
240013663,Injury Crash,03/22/2024 11:36:00 AM,BOU AVE,NA,Other,Cloudy,Dry,Daylight,Traffic Control Signal,NONE DETECTED,Yes,Possible Minor Injury,Ran Red Light,Unknown,MD,Passenger Car,Moving Constant Speed,35,No,2007,HONDA,ACCORD,39.05636167,-77.1189,2024,3,11
240013661,Property Damage Crash,03/22/2024 11:35:00 AM,VEIRS MILL RD (WB/L),NA,Front to Rear,Clear,Dry,Daylight,No Controls,NONE DETECTED,Yes,No Apparent Injury,Followed Too Closely,Not Distracted,MD,Passenger Car,Slowing or Stopping,35,No,2013,HONDA,CIVIC,39.05437667,-77.07934333,2024,3,11
240013661,Property Damage Crash,03/22/2024 11:35:00 AM,VEIRS MILL RD (WB/L),NA,Front to Rear,Clear,Dry,Daylight,No Controls,NONE DETECTED,No,No Apparent Injury,NA,Not Distracted,MD,Passenger Car,Slowing or Stopping,35,No,2017,NISSAN,ALTIMA,39.05437667,-77.07934333,2024,3,11
240013654,Property Damage Crash,03/22/2024 10:16:00 AM,RIVER RD,NA,Single Vehicle,Clear,"Mud, Dirt, Gravel",Daylight,No Controls,NONE DETECTED,No,No Apparent Injury,"Ran Off Roadway, Too Fast For Conditions",Not Distracted,MD,Passenger Car,Negotiating a Curve,25,No,2017,HONDA,CIVIC,39.15146336,-77.50733412,2024,3,10
240013645,Injury Crash,03/22/2024 09:40:00 AM,NA,Pedestrian,Single Vehicle,Clear,Dry,Daylight,No Controls,NONE DETECTED,No,No Apparent Injury,"Improper Backing, Too Fast For Conditions",Not Distracted,MD,Passenger Car,Backing,25,No,2009,HONDA,CIVIC,39.10970043,-77.17074205,2024,3,9
240013642,Property Damage Crash,03/22/2024 09:39:00 AM,ARDENNES AVE,NA,Front to Rear,Clear,Dry,Daylight,Stop Sign,NONE DETECTED,No,No Apparent Injury,NA,Unknown,MD,Passenger Car,Slowing or Stopping,15,No,2019,HONDA,HR-V,39.07201785,-77.12005104,2024,3,9
240013642,Property Damage Crash,03/22/2024 09:39:00 AM,ARDENNES AVE,NA,Front to Rear,Clear,Dry,Daylight,Stop Sign,NONE DETECTED,No,No Apparent Injury,NA,Unknown,MD,Other,Moving Constant Speed,15,No,2022,JOHN DEERE,JOHN DEERE UTILITY VEHICLE,39.07201785,-77.12005104,2024,3,9
240013641,Property Damage Crash,03/22/2024 09:23:00 AM,COLUMBIA PIKE,NA,Front to Rear,Clear,Dry,Daylight,No Controls,NONE DETECTED,No,No Apparent Injury,NA,Not Distracted,VA,Passenger Car,Slowing or Stopping,40,No,2015,HYUNDAI,SANTA FE SPORT,39.03285078,-77.00309769,2024,3,9
240013641,Property Damage Crash,03/22/2024 09:23:00 AM,COLUMBIA PIKE,NA,Front to Rear,Clear,Dry,Daylight,No Controls,NONE DETECTED,No,No Apparent Injury,NA,Not Distracted,MD,Pickup,Slowing or Stopping,40,No,2016,TOYOTA,TUNDRA,39.03285078,-77.00309769,2024,3,9
240013641,Property Damage Crash,03/22/2024 09:23:00 AM,COLUMBIA PIKE,NA,Front to Rear,Clear,Dry,Daylight,No Controls,NONE DETECTED,No,No Apparent Injury,Followed Too Closely,Not Distracted,VA,Passenger Car,Moving Constant Speed,40,No,2010,MAZDA,CX-9,39.03285078,-77.00309769,2024,3,9
240013640,Injury Crash,03/22/2024 09:03:00 AM,RAMP 2 FR IS 495 WB TO MD 97 NB,NA,Front to Rear,Clear,Dry,Daylight,No Controls,NONE DETECTED,Yes,No Apparent Injury,Followed Too Closely,Not Distracted,MD,Passenger Car,Accelerating,25,No,2007,ACURA,MDX,39.01402262,-77.04115132,2024,3,9
240013640,Injury Crash,03/22/2024 09:03:00 AM,RAMP 2 FR IS 495 WB TO MD 97 NB,NA,Front to Rear,Clear,Dry,Daylight,No Controls,NONE DETECTED,No,Possible Minor Injury,NA,Unknown,MD,Sport Utility Vehicle,Stopped in Traffic,25,No,2018,HONDA,CR-V,39.01402262,-77.04115132,2024,3,9
240013638,Property Damage Crash,03/22/2024 08:50:00 AM,NEEDWOOD RD,NA,"Sideswipe, Same Direction",Clear,Dry,Daylight,No Controls,NONE DETECTED,No,No Apparent Injury,NA,Not Distracted,MD,Passenger Car,Moving Constant Speed,35,No,2012,NISSAN,ALTIMA,39.12392667,-77.15441167,2024,3,8
240013638,Property Damage Crash,03/22/2024 08:50:00 AM,NEEDWOOD RD,NA,"Sideswipe, Same Direction",Clear,Dry,Daylight,No Controls,NONE DETECTED,Yes,No Apparent Injury,Failed to Keep in Proper Lane,Unknown,MD,Other Trucks,Changing Lanes,35,No,2019,FREIGHTLINER,114SD,39.12392667,-77.15441167,2024,3,8
240013630,Property Damage Crash,03/22/2024 08:00:00 AM,CENTURY BLVD,NA,Front to Rear,Clear,Dry,Daylight,Traffic Control Signal,NONE DETECTED,No,No Apparent Injury,NA,Not Distracted,MD,Passenger Car,Stopped in Traffic,15,No,2012,TOYOTA,COROLLA,39.18034627,-77.26838671,2024,3,8
240013630,Property Damage Crash,03/22/2024 08:00:00 AM,CENTURY BLVD,NA,Front to Rear,Clear,Dry,Daylight,Traffic Control Signal,NONE DETECTED,Yes,No Apparent Injury,"Operated Motor Vehicle in Inattentive, Careless, Negligent, or Erratic Manner, Other Improper Action",Unknown,MD,Other,Accelerating,15,No,2018,KENWORTH,T400,39.18034627,-77.26838671,2024,3,8
240013628,Injury Crash,03/22/2024 07:18:00 AM,TUCKERMAN LA,Pedestrian,Single Vehicle,Clear,Dry,Medium,Pedestrian Crossing,NONE DETECTED,Yes,No Apparent Injury,Failed to Yield Right-of-Way,Unknown,MD,Passenger Car,Turning Left,30,No,2022,LEXUS,UX,39.0290638,-77.10818382,2024,3,7
240013627,Property Damage Crash,03/22/2024 07:03:00 AM,PARKLAWN DR,NA,Angle,Clear,Dry,Daylight,Traffic Control Signal,NONE DETECTED,No,No Apparent Injury,Disregarded Other Traffic Sign,Not Distracted,MD,Passenger Car,Moving Constant Speed,35,No,2016,TOYOTA,COROLLA,39.05362283,-77.10675233,2024,3,7
240013627,Property Damage Crash,03/22/2024 07:03:00 AM,PARKLAWN DR,NA,Angle,Clear,Dry,Daylight,Traffic Control Signal,NONE DETECTED,No,No Apparent Injury,NA,Not Distracted,MD,Passenger Car,Moving Constant Speed,35,No,2021,TOYOTA,COROLLA,39.05362283,-77.10675233,2024,3,7
240013625,Property Damage Crash,03/22/2024 06:13:00 AM,NA,NA,Front to Rear,Clear,Dry,Medium,No Controls,NONE DETECTED,No,No Apparent Injury,NA,Not Distracted,MD,Pickup,Slowing or Stopping,40,No,2016,CHEVROLET,SILVERADO HD,39.11966789,-77.0430049,2024,3,6
240013625,Property Damage Crash,03/22/2024 06:13:00 AM,NA,NA,Front to Rear,Clear,Dry,Medium,No Controls,NONE DETECTED,No,No Apparent Injury,NA,Not Distracted,VA,Pickup,Slowing or Stopping,40,No,2000,FORD,F-150,39.11966789,-77.0430049,2024,3,6
240013625,Property Damage Crash,03/22/2024 06:13:00 AM,NA,NA,Front to Rear,Clear,Dry,Medium,No Controls,NONE DETECTED,Yes,No Apparent Injury,NA,Not Distracted,MD,Sport Utility Vehicle,Slowing or Stopping,40,No,2010,HONDA,PILOT,39.11966789,-77.0430049,2024,3,6
250012521,Injury Crash,03/21/2024 11:58:00 PM,BICKERSTAFF WAY,NA,Single Vehicle,Clear,Dry,Medium,Traffic Control Signal,ALCOHOL PRESENT,Yes,Possible Minor Injury,NA,Not Distracted,MD,Passenger Car,Moving Constant Speed,35,No,2015,KIA,OPTIMA,39.11504973,-77.21178237,2024,3,23
240013601,Property Damage Crash,03/21/2024 08:41:00 PM,NA,NA,"Sideswipe, Opposite Direction",Clear,Dry,Medium,No Controls,NONE DETECTED,No,No Apparent Injury,NA,Not Distracted,MD,Passenger Car,Moving Constant Speed,35,No,2023,TOYOTA,CAMRY,38.98793797,-77.02411856,2024,3,20
240013601,Property Damage Crash,03/21/2024 08:41:00 PM,NA,NA,"Sideswipe, Opposite Direction",Clear,Dry,Medium,No Controls,NONE DETECTED,No,NA,"Failed to Keep in Proper Lane, Other Improper Action",Unknown,NA,Sport Utility Vehicle,Moving Constant Speed,35,No,2019,SUBARU,CROSSTREK,38.98793797,-77.02411856,2024,3,20
240013594,Property Damage Crash,03/21/2024 07:16:00 PM,ODENDHAL AVE (EB/L),NA,Front to Rear,Clear,Dry,Medium,Traffic Control Signal,NONE DETECTED,No,No Apparent Injury,NA,Not Distracted,MD,Passenger Car,Accelerating,30,No,2015,BMW,328I,39.15237199,-77.1924068,2024,3,19
240013594,Property Damage Crash,03/21/2024 07:16:00 PM,ODENDHAL AVE (EB/L),NA,Front to Rear,Clear,Dry,Medium,Traffic Control Signal,NONE DETECTED,Yes,No Apparent Injury,Other Improper Action,Unknown,NA,Passenger Car,Backing,30,No,2017,NISSAN,SENTRA,39.15237199,-77.1924068,2024,3,19
240013589,Injury Crash,03/21/2024 06:47:00 PM,NA,NA,Front to Rear,Clear,Dry,Daylight,Traffic Control Signal,ALCOHOL PRESENT,Yes,Possible Minor Injury,NA,Not Distracted,MD,Passenger Car,Moving Constant Speed,40,No,2008,BMW,328I,39.11252817,-77.06422417,2024,3,18