Local Case Number,ACRS Report Type,Crash Date/Time,Road Name,Related Non-Motorist,Collision Type,Weather,Surface Condition,Light,Traffic Control,Driver Substance Abuse,Driver At Fault,Injury Severity,Circumstance,Driver Distracted By,Drivers License State,Vehicle Body Type,Vehicle Movement,Speed Limit,Driverless Vehicle,Vehicle Year,Vehicle Make,Vehicle Model,Latitude,Longitude,Year,Month,Hour
240013589,Injury Crash,03/21/2024 06:47:00 PM,NA,NA,Front to Rear,Clear,Dry,Daylight,Traffic Control Signal,NONE DETECTED,No,Possible Minor Injury,NA,Not Distracted,MD,Passenger Car,Stopped in Traffic,40,No,2016,ACURA,ILX,39.11252817,-77.06422417,2024,3,18
240013589,Injury Crash,03/21/2024 06:47:00 PM,NA,NA,Front to Rear,Clear,Dry,Daylight,Traffic Control Signal,NONE DETECTED,No,No Apparent Injury,NA,Not Distracted,MD,Passenger Car,Stopped in Traffic,40,No,2019,LEXUS,IS,39.11252817,-77.06422417,2024,3,18
240013587,Injury Crash,03/21/2024 06:45:00 PM,WOODFIELD RD,NA,Rear To Side,Clear,Dry,Daylight,Traffic Control Signal,NONE DETECTED,Yes,Possible Minor Injury,Ran Red Light,Unknown,MD,Sport Utility Vehicle,Moving Constant Speed,45,No,2019,ACURA,RDX,39.18527327,-77.15067986,2024,3,18
240013587,Injury Crash,03/21/2024 06:45:00 PM,WOODFIELD RD,NA,Rear To Side,Clear,Dry,Daylight,Traffic Control Signal,NONE DETECTED,No,Possible Minor Injury,NA,Not Distracted,MD,Sport Utility Vehicle,Accelerating,50,No,1999,HONDA,CR-V,39.18527327,-77.15067986,2024,3,18
240013582,Property Damage Crash,03/21/2024 06:00:00 PM,DENNIS AVE,NA,Rear To Rear,Clear,Dry,Daylight,Traffic Control Signal,NONE DETECTED,Yes,NA,NA,NA,NA,Sport Utility Vehicle,NA,40,No,2015,VOLVO,XC40,39.02595751,-77.02011606,2024,3,18
240013582,Property Damage Crash,03/21/2024 06:00:00 PM,DENNIS AVE,NA,Rear To Rear,Clear,Dry,Daylight,Traffic Control Signal,NONE DETECTED,No,No Apparent Injury,NA,Not Distracted,MD,Passenger Car,Moving Constant Speed,40,No,2015,NISSAN,ALTIMA,39.02595751,-77.02011606,2024,3,18
240013577,Property Damage Crash,03/21/2024 05:12:00 PM,UNIVERSITY BLVD E,NA,"Sideswipe, Same Direction",Clear,Dry,Daylight,Flashing Traffic Control Signal,NONE DETECTED,Yes,No Apparent Injury,NA,Not Distracted,MD,Passenger Car,Changing Lanes,30,No,2017,CHEVROLET,COLORADO,38.99975196,-76.99552824,2024,3,17
240013577,Property Damage Crash,03/21/2024 05:12:00 PM,UNIVERSITY BLVD E,NA,"Sideswipe, Same Direction",Clear,Dry,Daylight,Traffic Control Signal,NONE DETECTED,No,No Apparent Injury,NA,Not Distracted,MD,Passenger Car,Moving Constant Speed,30,No,2014,DODGE,JOURNEY,38.99975196,-76.99552824,2024,3,17
240013576,Property Damage Crash,03/21/2024 05:01:00 PM,NA,NA,Other,Clear,Dry,Daylight,No Controls,NONE DETECTED,No,No Apparent Injury,NA,Not Distracted,MD,Bus - School,Backing,5,No,2023,FREIGHTLINER,B2 106 ELECTRIC CONVENTIONAL CHASSIS,39.12748535,-77.16647538,2024,3,17
240013576,Property Damage Crash,03/21/2024 05:01:00 PM,NA,NA,Other,Clear,Dry,Daylight,No Controls,NONE DETECTED,No,No Apparent Injury,NA,Not Distracted,MD,Passenger Car,Stopped in Traffic,5,No,2015,TOYOTA,RAV4,39.12748535,-77.16647538,2024,3,17
240013617,Property Damage Crash,03/21/2024 05:00:00 PM,OAKMONT AVE,NA,"Sideswipe, Same Direction",Clear,Dry,Daylight,Traffic Control Signal,NONE DETECTED,No,No Apparent Injury,NA,Not Distracted,MD,Sport Utility Vehicle,Leaving Traffic Lane,35,No,2014,MITSUBISHI,OUTLANDER SPORT,39.12667003,-77.17338277,2024,3,17
240013617,Property Damage Crash,03/21/2024 05:00:00 PM,OAKMONT AVE,NA,"Sideswipe, Same Direction",Clear,Dry,Daylight,Traffic Control Signal,NONE DETECTED,No,No Apparent Injury,"Disregarded Other Traffic Sign, Failed to Yield Right-of-Way, Improper Turn",Not Distracted,CA,Passenger Car,Turning Right,35,No,2024,TOYOTA,CAMRY,39.12667003,-77.17338277,2024,3,17
240013573,Property Damage Crash,03/21/2024 05:00:00 PM,KENDALL ST,NA,"Sideswipe, Same Direction",Clear,Dry,Daylight,No Controls,NONE DETECTED,Yes,No Apparent Injury,NA,Not Distracted,MD,Bus - School,Moving Constant Speed,25,No,2014,THOMAS BUILT,SAF-T-LINER ER,39.05537717,-77.0618335,2024,3,17
240013566,Injury Crash,03/21/2024 04:56:00 PM,W MONTGOMERY AVE (WB/L),NA,Front to Rear,Clear,Dry,Daylight,Traffic Control Signal,NONE DETECTED,No,No Apparent Injury,NA,Not Distracted,MD,Sport Utility Vehicle,Slowing or Stopping,40,No,2022,MERCEDES-BENZ,GLE-CLASS,39.10281861,-77.18924464,2024,3,16
240013566,Injury Crash,03/21/2024 04:56:00 PM,W MONTGOMERY AVE (WB/L),NA,Front to Rear,Clear,Dry,Daylight,Traffic Control Signal,NONE DETECTED,No,No Apparent Injury,NA,Not Distracted,MD,Passenger Car,Slowing or Stopping,40,No,2015,BMW,328CI,39.10281861,-77.18924464,2024,3,16
240013566,Injury Crash,03/21/2024 04:56:00 PM,W MONTGOMERY AVE (WB/L),NA,Front to Rear,Clear,Dry,Daylight,Traffic Control Signal,NONE DETECTED,No,Possible Minor Injury,"Followed Too Closely, Too Fast For Conditions",Not Distracted,MD,Sport Utility Vehicle,Moving Constant Speed,40,No,2014,TOYOTA,RAV4,39.10281861,-77.18924464,2024,3,16
240013567,Property Damage Crash,03/21/2024 04:46:00 PM,NA,NA,Other,Clear,NA,Daylight,NA,NONE DETECTED,No,No Apparent Injury,Improper Backing,Unknown,MD,Passenger Car,Backing,0,No,2022,CHEVROLET,MALIBU,38.96585162,-77.08742002,2024,3,16
240013553,Injury Crash,03/21/2024 04:30:00 PM,S FREDERICK RD,NA,Front to Rear,Clear,Dry,Daylight,No Controls,NONE DETECTED,Yes,No Apparent Injury,NA,Unknown,MD,Passenger Car,Moving Constant Speed,35,No,2003,TOYOTA,AVALON,39.13589063,-77.19212729,2024,3,16
240013553,Injury Crash,03/21/2024 04:30:00 PM,S FREDERICK RD,NA,Front to Rear,Clear,Dry,Daylight,Traffic Control Signal,NONE DETECTED,No,Possible Minor Injury,NA,Not Distracted,MD,Passenger Car,Stopped in Traffic,35,No,2011,NISSAN,ALTIMA,39.13589063,-77.19212729,2024,3,16
240013553,Injury Crash,03/21/2024 04:30:00 PM,S FREDERICK RD,NA,Front to Rear,Clear,Dry,Daylight,Traffic Control Signal,NONE DETECTED,No,No Apparent Injury,NA,Not Distracted,NA,Passenger Car,Stopped in Traffic,35,No,2007,HONDA,ODYSSEY,39.13589063,-77.19212729,2024,3,16
240013554,Injury Crash,03/21/2024 04:20:00 PM,FREDERICK RD,NA,Front to Rear,Clear,Dry,Daylight,No Controls,NONE DETECTED,Yes,No Apparent Injury,"Followed Too Closely, Other Improper Action","Manually Operating (dialing, playing game, etc.)",MD,Passenger Car,Slowing or Stopping,40,No,2015,FORD,MUSTANG,39.23229246,-77.27081515,2024,3,16
240013554,Injury Crash,03/21/2024 04:20:00 PM,FREDERICK RD,NA,Front to Rear,Clear,Dry,Daylight,No Controls,NONE DETECTED,No,No Apparent Injury,NA,Not Distracted,MD,Sport Utility Vehicle,Stopped in Traffic,40,No,2009,HONDA,PILOT,39.23229246,-77.27081515,2024,3,16
240013551,Property Damage Crash,03/21/2024 04:20:00 PM,RAMP 1 FR RAMP 4 (FR IS270) TO RIDGE RD,NA,Other,Clear,Dry,Daylight,No Controls,NONE DETECTED,No,No Apparent Injury,NA,Not Distracted,MD,Passenger Car,Slowing or Stopping,40,No,2014,TOYOTA,HIGHLANDER,39.199025,-77.2610665,2024,3,16
240013551,Property Damage Crash,03/21/2024 04:20:00 PM,RAMP 1 FR RAMP 4 (FR IS270) TO RIDGE RD,NA,Other,Clear,Dry,Daylight,No Controls,NONE DETECTED,No,No Apparent Injury,Too Fast For Conditions,Not Distracted,MD,Passenger Car,Slowing or Stopping,40,No,2023,HONDA,CIVIC,39.199025,-77.2610665,2024,3,16
240013554,Injury Crash,03/21/2024 04:20:00 PM,FREDERICK RD,NA,Front to Rear,Clear,Dry,Daylight,No Controls,NONE DETECTED,No,Possible Minor Injury,NA,Not Distracted,MD,Sport Utility Vehicle,Stopped in Traffic,40,No,2008,HONDA,PILOT,39.23229246,-77.27081515,2024,3,16
240013551,Property Damage Crash,03/21/2024 04:20:00 PM,RAMP 1 FR RAMP 4 (FR IS270) TO RIDGE RD,NA,Other,Clear,Dry,Daylight,No Controls,NONE DETECTED,No,No Apparent Injury,Too Fast For Conditions,Not Distracted,MD,Passenger Car,Slowing or Stopping,40,No,2011,NISSAN,VERSA,39.199025,-77.2610665,2024,3,16
240013547,Property Damage Crash,03/21/2024 03:36:00 PM,NEW HAMPSHIRE AVE SER RD,NA,Front to Rear,Clear,Dry,Daylight,No Controls,NONE DETECTED,No,No Apparent Injury,NA,Not Distracted,MD,Passenger Car,Stopped in Traffic,40,No,2019,TOYOTA,CAMRY,39.011827,-76.97871367,2024,3,15
240013547,Property Damage Crash,03/21/2024 03:36:00 PM,NEW HAMPSHIRE AVE SER RD,NA,Front to Rear,Clear,Dry,Daylight,No Controls,NONE DETECTED,Yes,No Apparent Injury,Followed Too Closely,Not Distracted,MD,Sport Utility Vehicle,Slowing or Stopping,40,No,2011,HONDA,PILOT,39.011827,-76.97871367,2024,3,15
240013547,Property Damage Crash,03/21/2024 03:36:00 PM,NEW HAMPSHIRE AVE SER RD,NA,Front to Rear,Clear,Dry,Daylight,No Controls,NONE DETECTED,No,No Apparent Injury,NA,Not Distracted,MD,Sport Utility Vehicle,Stopped in Traffic,40,No,2021,CHEVROLET,TRAX,39.011827,-76.97871367,2024,3,15
240013563,Property Damage Crash,03/21/2024 03:35:00 PM,RANDOLPH RD,NA,"Sideswipe, Same Direction",Clear,Dry,Daylight,No Controls,NONE DETECTED,No,No Apparent Injury,NA,Not Distracted,MD,Bus - School,Moving Constant Speed,35,No,2014,THOMAS BUILT,SCHOOL BUS,39.05744375,-77.07968403,2024,3,15
240013563,Property Damage Crash,03/21/2024 03:35:00 PM,RANDOLPH RD,NA,"Sideswipe, Same Direction",Clear,Dry,Daylight,No Controls,NONE DETECTED,Yes,NA,NA,NA,NA,NA,Moving Constant Speed,35,No,0,NA,NA,39.05744375,-77.07968403,2024,3,15
240013544,Property Damage Crash,03/21/2024 03:32:00 PM,RIDGE RD,NA,"Sideswipe, Same Direction",Clear,Dry,Daylight,No Controls,NONE DETECTED,No,NA,NA,NA,NA,NA,Moving Constant Speed,40,No,0,NA,NA,39.217745,-77.23860977,2024,3,15
240013545,Property Damage Crash,03/21/2024 03:32:00 PM,HOOD ST,NA,"Sideswipe, Opposite Direction",Clear,Dry,Daylight,Stop Sign,NONE DETECTED,Yes,No Apparent Injury,NA,Not Distracted,MD,Bus - School,Overtaking/Passing,25,No,2018,THOMAS BUILT,SCHOOL BUS,38.9940654,-76.99538015,2024,3,15
240013545,Property Damage Crash,03/21/2024 03:32:00 PM,HOOD ST,NA,"Sideswipe, Opposite Direction",Clear,Dry,Daylight,No Controls,NONE DETECTED,No,No Apparent Injury,NA,Not Distracted,MD,Passenger Car,Stopped in Traffic,25,No,2014,HONDA,ACCORD,38.9940654,-76.99538015,2024,3,15
240013544,Property Damage Crash,03/21/2024 03:32:00 PM,RIDGE RD,NA,"Sideswipe, Same Direction",Clear,Dry,Daylight,No Controls,NONE DETECTED,Yes,No Apparent Injury,"Failed to Keep in Proper Lane, Failed to Yield Right-of-Way, Operated Motor Vehicle in Reckless or Aggressive Manner",Unknown,MD,Passenger Car,Overtaking/Passing,40,No,2012,TOYOTA,CAMRY,39.217745,-77.23860977,2024,3,15
240013532,Property Damage Crash,03/21/2024 03:02:00 PM,GREENTREE RD,NA,"Sideswipe, Same Direction",Clear,Dry,Daylight,No Controls,NONE DETECTED,Yes,No Apparent Injury,Failed to Yield Right-of-Way,Unknown,MD,Passenger Car,Entering Traffic Lane,25,No,2009,HONDA,ACCORD,39.001264,-77.11691267,2024,3,15
240013532,Property Damage Crash,03/21/2024 03:02:00 PM,GREENTREE RD,NA,"Sideswipe, Same Direction",Clear,Dry,Daylight,No Controls,NONE DETECTED,No,No Apparent Injury,NA,Not Distracted,MD,Bus - Transit,Moving Constant Speed,25,No,2013,GILLIG,CITY TRANSIT BUS,39.001264,-77.11691267,2024,3,15
240013524,Property Damage Crash,03/21/2024 02:21:00 PM,RANDOLPH RD,NA,"Sideswipe, Same Direction",Clear,Dry,Daylight,No Controls,NONE DETECTED,Yes,No Apparent Injury,NA,Not Distracted,MD,Bus - School,Turning Left,15,No,2023,FREIGHTLINER,EF FRONT ENGINE BUS CHASSIS,39.06590097,-77.03450185,2024,3,14
240013524,Property Damage Crash,03/21/2024 02:21:00 PM,RANDOLPH RD,NA,"Sideswipe, Same Direction",Clear,Dry,Daylight,No Controls,NONE DETECTED,Yes,No Apparent Injury,NA,Not Distracted,MD,Passenger Car,Negotiating a Curve,15,No,2004,BMW,330XI,39.06590097,-77.03450185,2024,3,14
240013521,Property Damage Crash,03/21/2024 02:18:00 PM,NEALE AVE,NA,Front to Rear,Clear,Dry,Daylight,No Controls,NONE DETECTED,Yes,No Apparent Injury,NA,Unknown,MD,Passenger Car,Backing,25,No,2023,TESLA,MODEL S,39.03582349,-77.00377411,2024,3,14
240013521,Property Damage Crash,03/21/2024 02:18:00 PM,NEALE AVE,NA,Front to Rear,Clear,Dry,Daylight,No Controls,NONE DETECTED,No,No Apparent Injury,NA,Not Distracted,MD,Passenger Car,Moving Constant Speed,25,No,2007,CHEVROLET,TAHOE,39.03582349,-77.00377411,2024,3,14
240013518,Property Damage Crash,03/21/2024 01:50:00 PM,OMEGA DR,NA,Front to Rear,Clear,Dry,Daylight,Traffic Control Signal,NONE DETECTED,No,No Apparent Injury,NA,Not Distracted,MD,Passenger Car,Moving Constant Speed,35,No,2007,TOYOTA,COROLLA,39.11161245,-77.19282962,2024,3,13
240013518,Property Damage Crash,03/21/2024 01:50:00 PM,OMEGA DR,NA,Front to Rear,Clear,Dry,Daylight,Traffic Control Signal,NONE DETECTED,No,No Apparent Injury,NA,Unknown,MD,Passenger Car,Turning Left,35,No,2024,CHEVROLET,TRAX,39.11161245,-77.19282962,2024,3,13
240013506,Injury Crash,03/21/2024 12:43:00 PM,FIRSTFIELD RD (EB/L),NA,"Sideswipe, Opposite Direction",Clear,Dry,Daylight,No Controls,NONE DETECTED,No,Suspected Serious Injury,NA,Not Distracted,MD,Passenger Car,Moving Constant Speed,25,No,2014,HONDA,CIVIC,39.14489136,-77.21876354,2024,3,12
240013506,Injury Crash,03/21/2024 12:43:00 PM,FIRSTFIELD RD (EB/L),NA,"Sideswipe, Opposite Direction",Clear,Dry,Daylight,No Controls,NONE DETECTED,No,No Apparent Injury,Failed to Yield Right-of-Way,Not Distracted,MD,Passenger Car,Turning Left,25,No,2012,GMC,TERRAIN,39.14489136,-77.21876354,2024,3,12
240013495,Property Damage Crash,03/21/2024 12:10:00 PM,SHADY GROVE RD,NA,Angle,Clear,Dry,Daylight,Traffic Control Signal,NONE DETECTED,No,No Apparent Injury,NA,Not Distracted,MD,Passenger Car,Turning Left,30,No,2012,LEXUS,ES,39.11910967,-77.18220217,2024,3,12
240013495,Property Damage Crash,03/21/2024 12:10:00 PM,SHADY GROVE RD,NA,Angle,Clear,Dry,Daylight,Traffic Control Signal,NONE DETECTED,No,No Apparent Injury,NA,Unknown,MD,Passenger Car,Moving Constant Speed,35,No,2019,HONDA,CIVIC,39.11910967,-77.18220217,2024,3,12
240013490,Property Damage Crash,03/21/2024 11:50:00 AM,BURDETTE RD,NA,Front to Front,Clear,Dry,Daylight,Traffic Control Signal,NONE DETECTED,No,No Apparent Injury,NA,Not Distracted,MD,Passenger Car,Moving Constant Speed,35,No,2019,SUBARU,OUTBACK,38.9903635,-77.15265733,2024,3,11
240013490,Property Damage Crash,03/21/2024 11:50:00 AM,BURDETTE RD,NA,Front to Front,Clear,Dry,Daylight,Traffic Control Signal,NONE DETECTED,No,No Apparent Injury,NA,Not Distracted,MD,Passenger Car,Turning Left,35,No,2016,ACURA,MDX,38.9903635,-77.15265733,2024,3,11
240013470,Property Damage Crash,03/21/2024 09:56:00 AM,W GUDE DR (WB/L),NA,"Sideswipe, Same Direction",Clear,Dry,Daylight,No Controls,NONE DETECTED,No,No Apparent Injury,"Followed Too Closely, Improper Passing, Other Improper Action",Not Distracted,NA,Passenger Car,Moving Constant Speed,40,No,2020,NISSAN,ALTIMA,39.10144589,-77.17837074,2024,3,9
240013470,Property Damage Crash,03/21/2024 09:56:00 AM,W GUDE DR (WB/L),NA,"Sideswipe, Same Direction",Clear,Dry,Daylight,No Controls,NONE DETECTED,No,No Apparent Injury,Other Improper Action,Not Distracted,MD,Sport Utility Vehicle,Moving Constant Speed,40,No,2013,HYUNDAI,SANTA FE,39.10144589,-77.17837074,2024,3,9
240013459,Injury Crash,03/21/2024 09:30:00 AM,COLUMBIA PIKE,NA,Front to Rear,Clear,Dry,Daylight,No Controls,NONE DETECTED,No,Possible Minor Injury,NA,Not Distracted,MD,Single-Unit Truck,Parked,45,No,2000,KENWORTH,C5 SERIES,39.07028042,-76.95756393,2024,3,9
240013459,Injury Crash,03/21/2024 09:30:00 AM,COLUMBIA PIKE,NA,Front to Rear,Clear,Dry,Daylight,No Controls,NONE DETECTED,Yes,Possible Minor Injury,NA,Not Distracted,MD,Passenger Car,Moving Constant Speed,45,No,2012,NISSAN,MURANO,39.07028042,-76.95756393,2024,3,9
240013461,Injury Crash,03/21/2024 09:25:00 AM,CRABBS BRANCH WAY,NA,Angle,Clear,Dry,Daylight,Traffic Control Signal,NONE DETECTED,No,Possible Minor Injury,Failed to Yield Right-of-Way,Not Distracted,MD,Passenger Car,Turning Left,40,No,2017,LEXUS,ES,39.106565,-77.15251667,2024,3,9
240013461,Injury Crash,03/21/2024 09:25:00 AM,CRABBS BRANCH WAY,NA,Angle,Clear,Dry,Daylight,Traffic Control Signal,NONE DETECTED,No,Possible Minor Injury,NA,Not Distracted,MD,Sport Utility Vehicle,Moving Constant Speed,40,No,2019,MERCEDES-BENZ,E-CLASS,39.106565,-77.15251667,2024,3,9
240013460,Property Damage Crash,03/21/2024 09:13:00 AM,W EDMONSTON DR,NA,"Sideswipe, Same Direction",Clear,Dry,Daylight,No Controls,NONE DETECTED,No,No Apparent Injury,NA,Not Distracted,MD,Bus - Transit,Parked,25,No,2019,FORD,TRANSIT,39.07120277,-77.14525281,2024,3,9
240013460,Property Damage Crash,03/21/2024 09:13:00 AM,W EDMONSTON DR,NA,"Sideswipe, Same Direction",Clear,Dry,Daylight,No Controls,NONE DETECTED,Yes,No Apparent Injury,NA,Not Distracted,MD,Passenger Car,Moving Constant Speed,25,No,2012,NISSAN,ROGUE,39.07120277,-77.14525281,2024,3,9
240013458,Injury Crash,03/21/2024 09:13:00 AM,ROCKLEDGE DR (SB/L),NA,Front to Rear,Clear,Dry,Daylight,Pedestrian Crossing Sign,NONE DETECTED,Yes,Possible Minor Injury,"Followed Too Closely, Too Fast For Conditions","Other Action (looking away from task, etc.)",MD,Passenger Car,Moving Constant Speed,30,No,2017,HYUNDAI,ELANTRA,39.0301205,-77.1351815,2024,3,9
240013458,Injury Crash,03/21/2024 09:13:00 AM,ROCKLEDGE DR (SB/L),NA,Front to Rear,Clear,Dry,Daylight,Pedestrian Crossing Sign,NONE DETECTED,No,Possible Minor Injury,NA,Not Distracted,MD,Sport Utility Vehicle,Moving Constant Speed,30,No,2012,INFINITI,FX35,39.0301205,-77.1351815,2024,3,9
240013454,Property Damage Crash,03/21/2024 08:44:00 AM,WAYNE AVE (WB/L),NA,"Sideswipe, Same Direction",Clear,Dry,Daylight,Traffic Control Signal,NONE DETECTED,Yes,No Apparent Injury,NA,Not Distracted,MD,Passenger Car,Making U-Turn,25,No,2019,HONDA,CR-V,38.99453518,-77.02914792,2024,3,8
240013454,Property Damage Crash,03/21/2024 08:44:00 AM,WAYNE AVE (WB/L),NA,"Sideswipe, Same Direction",Clear,Dry,Daylight,Traffic Control Signal,NONE DETECTED,No,No Apparent Injury,NA,Not Distracted,MD,Bus - Transit,Turning Left,25,No,2014,NABI,UNKNOWN,38.99453518,-77.02914792,2024,3,8
240013447,Property Damage Crash,03/21/2024 08:16:00 AM,SHADY GROVE RD,NA,Front to Rear,Clear,Dry,Daylight,Traffic Control Signal,NONE DETECTED,No,No Apparent Injury,Other Improper Action,Not Distracted,TX,Pickup,Stopped in Traffic,45,No,2023,CHEVROLET,SILVERADO,39.13084687,-77.16125377,2024,3,8
240013447,Property Damage Crash,03/21/2024 08:16:00 AM,SHADY GROVE RD,NA,Front to Rear,Clear,Dry,Daylight,Traffic Control Signal,NONE DETECTED,No,No Apparent Injury,NA,Not Distracted,MD,Bus - School,Stopped in Traffic,45,No,2014,THOMAS BUILT,SCHOOL BUS,39.13084687,-77.16125377,2024,3,8
240013444,Property Damage Crash,03/21/2024 08:04:00 AM,MONTROSE PKWY,NA,Angle,Clear,Dry,Daylight,Traffic Control Signal,NONE DETECTED,Yes,No Apparent Injury,Failed to Yield Right-of-Way,Unknown,MD,Passenger Car,Turning Left,40,No,2002,SUBARU,WRX,39.050799,-77.12601933,2024,3,8
240013444,Property Damage Crash,03/21/2024 08:04:00 AM,MONTROSE PKWY,NA,Angle,Clear,Dry,Daylight,Traffic Control Signal,NONE DETECTED,No,No Apparent Injury,NA,Unknown,MD,Passenger Car,Moving Constant Speed,40,No,2017,HONDA,CIVIC,39.050799,-77.12601933,2024,3,8
240013445,Property Damage Crash,03/21/2024 08:00:00 AM,NA,NA,Front to Rear,Clear,Dry,Daylight,Yield Sign,NONE DETECTED,No,No Apparent Injury,Followed Too Closely,Not Distracted,MD,Passenger Car,Moving Constant Speed,40,No,2024,KIA,FORTE,39.18077079,-77.23859505,2024,3,8
240013445,Property Damage Crash,03/21/2024 08:00:00 AM,NA,NA,Front to Rear,Clear,Dry,Daylight,Yield Sign,NONE DETECTED,No,No Apparent Injury,NA,Not Distracted,MD,Passenger Car,Stopped in Traffic,40,No,2014,SUBARU,CROSSTREK,39.18077079,-77.23859505,2024,3,8
240013443,Injury Crash,03/21/2024 07:45:00 AM,ENNALLS AVE (EB/L),Pedestrian,Single Vehicle,Clear,Dry,Daylight,Stop Sign,NONE DETECTED,No,No Apparent Injury,NA,Not Distracted,MD,Pickup,Accelerating,25,No,2008,CHEVROLET,SILVERADO,39.039995,-77.052830169999993,2024,3,7
240013431,Property Damage Crash,03/20/2024 10:55:00 PM,GREAT SENECA HWY (SB/L),NA,Single Vehicle,Clear,Dry,Medium,No Controls,NONE DETECTED,Yes,No Apparent Injury,"Swerved or Avoided Due to Wind, Slippery Surface, Motor Vehicle, Object, Non-Motorist in Roadway, etc",Not Distracted,MD,Passenger Car,Moving Constant Speed,45,No,2019,TOYOTA,CAMRY,39.141524,-77.27089,2024,3,22
240013413,Property Damage Crash,03/20/2024 08:20:00 PM,SADDLE RIVER DR,NA,"Sideswipe, Opposite Direction",Clear,Dry,Medium,No Controls,NONE DETECTED,No,No Apparent Injury,NA,"Other Action (looking away from task, etc.)",MD,Passenger Car,Moving Constant Speed,25,No,2018,TOYOTA,CAMRY,39.0868936,-77.24080209,2024,3,20
240013408,Injury Crash,03/20/2024 08:07:00 PM,NA,NA,Angle,Clear,Dry,Medium,Traffic Control Signal,NONE DETECTED,Yes,Possible Minor Injury,Disregarded Other Traffic Sign,Unknown,MD,Passenger Car,Making U-Turn,35,No,2023,TOYOTA,CAMRY,39.09136361,-77.06281504,2024,3,20
240013408,Injury Crash,03/20/2024 08:07:00 PM,NA,NA,Angle,Clear,Dry,Medium,Traffic Control Signal,NONE DETECTED,No,Possible Minor Injury,NA,Not Distracted,MD,Passenger Car,Moving Constant Speed,35,No,2016,FORD,FIESTA,39.09136361,-77.06281504,2024,3,20
240013407,Property Damage Crash,03/20/2024 07:39:00 PM,SHERATON ST,NA,Single Vehicle,Clear,Dry,Dark,No Controls,NONE DETECTED,No,NA,NA,NA,NA,Passenger Car,Negotiating a Curve,35,No,1986,CHEVROLET,CORVETTE,39.05932369,-77.05057452,2024,3,19
240013393,Property Damage Crash,03/20/2024 06:50:00 PM,EDMONSTON DR (SB/L),NA,Angle,Clear,Dry,Daylight,Traffic Control Signal,NONE DETECTED,Yes,No Apparent Injury,Failed to Yield Right-of-Way,Unknown,MD,Passenger Car,Entering Traffic Lane,35,No,2006,HONDA,ACCORD,39.07450047,-77.13561683,2024,3,18
240013393,Property Damage Crash,03/20/2024 06:50:00 PM,EDMONSTON DR (SB/L),NA,Angle,Clear,Dry,Daylight,Traffic Control Signal,NONE DETECTED,No,No Apparent Injury,NA,Not Distracted,US,Other Trucks,Accelerating,35,No,2016,FREIGHTLINER,FREIGHTLINER,39.07450047,-77.13561683,2024,3,18
240013367,Property Damage Crash,03/20/2024 05:20:00 PM,UNIVERSITY BLVD W,NA,Angle,Clear,Dry,Daylight,Traffic Control Signal,NONE DETECTED,No,No Apparent Injury,"Failed to Keep in Proper Lane, Improper Turn","Other Action (looking away from task, etc.)",MD,Sport Utility Vehicle,Turning Right,25,No,2015,TOYOTA,RAV4,39.04112509,-77.04848882,2024,3,17
240013367,Property Damage Crash,03/20/2024 05:20:00 PM,UNIVERSITY BLVD W,NA,Angle,Clear,Dry,Daylight,Traffic Control Signal,NONE DETECTED,No,No Apparent Injury,NA,Not Distracted,MD,Sport Utility Vehicle,Accelerating,25,No,2013,LEXUS,RX,39.04112509,-77.04848882,2024,3,17