Local Case Number,ACRS Report Type,Crash Date/Time,Road Name,Related Non-Motorist,Collision Type,Weather,Surface Condition,Light,Traffic Control,Driver Substance Abuse,Driver At Fault,Injury Severity,Circumstance,Driver Distracted By,Drivers License State,Vehicle Body Type,Vehicle Movement,Speed Limit,Driverless Vehicle,Vehicle Year,Vehicle Make,Vehicle Model,Latitude,Longitude,Year,Month,Hour
240013369,Property Damage Crash,03/20/2024 05:15:00 PM,AVERY RD,NA,Front to Rear,Clear,Dry,Daylight,Lane Use Control Signal,NONE DETECTED,Yes,No Apparent Injury,NA,Unknown,MD,Passenger Car,Slowing or Stopping,50,No,2001,HONDA,ACCORD,39.09299974,-77.12274887,2024,3,17
240013369,Property Damage Crash,03/20/2024 05:15:00 PM,AVERY RD,NA,Front to Rear,Clear,Dry,Daylight,Lane Use Control Signal,NONE DETECTED,No,No Apparent Injury,NA,Not Distracted,MD,Pickup,Slowing or Stopping,50,No,2017,RAM,1500,39.09299974,-77.12274887,2024,3,17
240013432,Property Damage Crash,03/20/2024 04:00:00 PM,SLIGO AVE,NA,Front to Rear,Clear,Dry,Daylight,Traffic Control Signal,NONE DETECTED,No,No Apparent Injury,Followed Too Closely,Unknown,NA,Unknown,Slowing or Stopping,25,No,0,NA,NA,38.99113488,-77.01041711,2024,3,16
240013432,Property Damage Crash,03/20/2024 04:00:00 PM,SLIGO AVE,NA,Front to Rear,Clear,Dry,Daylight,Traffic Control Signal,NONE DETECTED,No,No Apparent Injury,NA,Not Distracted,MD,Sport Utility Vehicle,Stopped in Traffic,25,No,2021,TOYOTA,RAV4,38.99113488,-77.01041711,2024,3,16
240013350,Injury Crash,03/20/2024 03:43:00 PM,COLESVILLE RD,NA,"Sideswipe, Same Direction",Clear,Dry,Daylight,Lane Use Control Signal,NONE DETECTED,No,No Apparent Injury,NA,Not Distracted,MD,Passenger Car,Moving Constant Speed,35,No,2022,VOLKSWAGEN,JETTA,39.0011345,-77.025252,2024,3,15
240013350,Injury Crash,03/20/2024 03:43:00 PM,COLESVILLE RD,NA,"Sideswipe, Same Direction",Clear,Dry,Daylight,Lane Use Control Signal,NONE DETECTED,No,Possible Minor Injury,NA,Not Distracted,MD,Sport Utility Vehicle,Moving Constant Speed,35,No,2019,TOYOTA,HIGHLANDER,39.0011345,-77.025252,2024,3,15
240013350,Injury Crash,03/20/2024 03:43:00 PM,COLESVILLE RD,NA,"Sideswipe, Same Direction",Clear,Dry,Daylight,Lane Use Control Signal,NONE DETECTED,Yes,NA,Failed to Keep in Proper Lane,NA,NA,Unknown,Changing Lanes,35,No,0,NA,NA,39.0011345,-77.025252,2024,3,15
240013345,Injury Crash,03/20/2024 03:40:00 PM,NA,NA,Front to Front,Clear,Dry,Daylight,No Controls,NONE DETECTED,No,Possible Minor Injury,NA,Unknown,VA,Passenger Car,Turning Left,35,No,2013,TOYOTA,PRIUS,39.14064772,-77.21424258,2024,3,15
240013345,Injury Crash,03/20/2024 03:40:00 PM,NA,NA,Front to Front,Clear,Dry,Daylight,No Controls,NONE DETECTED,No,Possible Minor Injury,NA,Not Distracted,MD,Passenger Car,Moving Constant Speed,35,No,2002,LEXUS,LS,39.14064772,-77.21424258,2024,3,15
240013337,Property Damage Crash,03/20/2024 03:15:00 PM,NA,NA,Single Vehicle,Clear,NA,Daylight,NA,NONE DETECTED,Yes,No Apparent Injury,NA,Not Distracted,MD,Sport Utility Vehicle,Accelerating,0,No,2019,BMW,X3,39.21902857,-76.66499799,2024,3,15
240013331,Property Damage Crash,03/20/2024 02:49:00 PM,FIRST ST (WB/L),NA,Front to Rear,Clear,Dry,Daylight,Traffic Control Signal,NONE DETECTED,No,No Apparent Injury,NA,Not Distracted,MD,Passenger Car,Stopped in Traffic,40,No,2016,TOYOTA,CAMRY,39.08052758,-77.13772205,2024,3,14
240013331,Property Damage Crash,03/20/2024 02:49:00 PM,FIRST ST (WB/L),NA,Front to Rear,Clear,Dry,Daylight,Traffic Control Signal,ALCOHOL PRESENT,Yes,No Apparent Injury,NA,Not Distracted,MD,Passenger Car,NA,40,No,2006,FORD,ESCAPE,39.08052758,-77.13772205,2024,3,14
240013333,Property Damage Crash,03/20/2024 02:45:00 PM,NA,NA,Rear To Rear,Clear,NA,Daylight,NA,NONE DETECTED,No,NA,NA,NA,NA,Sport Utility Vehicle,Backing,0,No,2010,LEXUS,RX,39.22897144,-77.28896493,2024,3,14
240013409,Property Damage Crash,03/20/2024 02:40:00 PM,DEMOCRACY BLVD (EB/L),NA,Rear To Side,Clear,Dry,Daylight,No Controls,NONE DETECTED,No,No Apparent Injury,Improper Backing,Unknown,NA,Passenger Car,Backing,0,No,2014,TOYOTA,CAMRY,39.02474316,-77.12534507,2024,3,14
240013387,Property Damage Crash,03/20/2024 02:30:00 PM,NA,NA,Front to Rear,Clear,NA,Daylight,NA,NONE DETECTED,Yes,No Apparent Injury,Improper Backing,Not Distracted,DC,Passenger Car,Backing,0,No,2008,CADILLAC,UNKNOWN,39.12200339,-77.17752254,2024,3,14
240013324,Property Damage Crash,03/20/2024 01:56:00 PM,NA,NA,Rear To Rear,Clear,NA,Daylight,NA,NONE DETECTED,No,NA,NA,NA,NA,Sport Utility Vehicle,Backing,0,No,2014,SUBARU,OUTBACK,39.08622368,-77.07449958,2024,3,13
240013324,Property Damage Crash,03/20/2024 01:56:00 PM,NA,NA,Rear To Rear,Clear,NA,Daylight,NA,NONE DETECTED,No,No Apparent Injury,NA,Not Distracted,MD,Sport Utility Vehicle,Stopped in Traffic,0,No,2016,TOYOTA,RAV4,39.08622368,-77.07449958,2024,3,13
240013309,Property Damage Crash,03/20/2024 01:08:00 PM,NA,NA,Front to Rear,Clear,Dry,Daylight,Traffic Control Signal,ALCOHOL PRESENT,Yes,No Apparent Injury,NA,Not Distracted,MD,Passenger Car,Moving Constant Speed,25,No,2014,NISSAN,SENTRA,39.04710293,-77.05194731,2024,3,13
240013309,Property Damage Crash,03/20/2024 01:08:00 PM,NA,NA,Front to Rear,Clear,Dry,Daylight,Traffic Control Signal,NONE DETECTED,No,No Apparent Injury,NA,Not Distracted,MD,Sport Utility Vehicle,Stopped in Traffic,25,No,2017,TOYOTA,RAV4,39.04710293,-77.05194731,2024,3,13
240013308,Property Damage Crash,03/20/2024 12:35:00 PM,NA,NA,Rear To Rear,Clear,NA,Daylight,NA,NONE DETECTED,No,No Apparent Injury,NA,Not Distracted,MD,Passenger Car,Parked,0,No,2010,CADILLAC,CTS,39.04006591,-77.0532112,2024,3,12
240013308,Property Damage Crash,03/20/2024 12:35:00 PM,NA,NA,Rear To Rear,Clear,NA,Daylight,NA,NONE DETECTED,No,NA,NA,NA,NA,Passenger Car,Backing,0,No,2014,HONDA,ACCORD,39.04006591,-77.0532112,2024,3,12
240013295,Property Damage Crash,03/20/2024 11:32:00 AM,BALTIMORE RD,NA,"Sideswipe, Opposite Direction",Clear,Dry,Daylight,No Controls,NONE DETECTED,No,No Apparent Injury,NA,Not Distracted,MD,Passenger Car,Moving Constant Speed,25,No,2015,SUBARU,FORESTER,39.08636325,-77.11674884,2024,3,11
240013295,Property Damage Crash,03/20/2024 11:32:00 AM,BALTIMORE RD,NA,"Sideswipe, Opposite Direction",Clear,Dry,Daylight,No Controls,NONE DETECTED,Yes,No Apparent Injury,NA,Not Distracted,MD,Passenger Car,Accelerating,25,No,2015,NISSAN,SENTRA,39.08636325,-77.11674884,2024,3,11
240013286,Property Damage Crash,03/20/2024 11:00:00 AM,W MONTGOMERY AVE (EB/L),NA,Angle,Clear,Dry,Daylight,No Controls,NONE DETECTED,No,No Apparent Injury,NA,Not Distracted,MD,Single-Unit Truck,Moving Constant Speed,35,No,2020,FREIGHTLINER,M2,39.0842365,-77.15646616,2024,3,11
240013286,Property Damage Crash,03/20/2024 11:00:00 AM,W MONTGOMERY AVE (EB/L),NA,Angle,Clear,Dry,Daylight,Stop Sign,NONE DETECTED,Yes,No Apparent Injury,NA,Not Distracted,DC,Sport Utility Vehicle,Entering Traffic Lane,5,No,2020,NISSAN,LEAF,39.0842365,-77.15646616,2024,3,11
240013273,Injury Crash,03/20/2024 09:20:00 AM,GREAT SENECA HWY,NA,Front to Front,Clear,Dry,Daylight,No Controls,NONE DETECTED,Yes,No Apparent Injury,Failed to Yield Right-of-Way,Unknown,MD,Passenger Car,Turning Left,35,No,2015,CHEVROLET,CRUZE,39.105873,-77.2078845,2024,3,9
240013273,Injury Crash,03/20/2024 09:20:00 AM,GREAT SENECA HWY,NA,Front to Front,Clear,Dry,Daylight,No Controls,NONE DETECTED,No,Possible Minor Injury,NA,Not Distracted,MD,Passenger Car,Moving Constant Speed,35,No,2016,HONDA,CIVIC,39.105873,-77.2078845,2024,3,9
240013265,Property Damage Crash,03/20/2024 08:57:00 AM,NA,NA,"Sideswipe, Same Direction",Cloudy,Dry,Daylight,Other Warning Sign,NONE DETECTED,No,NA,Failed to Keep in Proper Lane,Unknown,NA,Unknown,Changing Lanes,35,No,0,NA,NA,39.08432909,-77.07836137,2024,3,8
240013265,Property Damage Crash,03/20/2024 08:57:00 AM,NA,NA,"Sideswipe, Same Direction",Cloudy,Dry,Daylight,Other Warning Sign,NONE DETECTED,No,No Apparent Injury,NA,Not Distracted,MD,Pickup,Moving Constant Speed,35,No,2016,FORD,F-150,39.08432909,-77.07836137,2024,3,8
240013266,Injury Crash,03/20/2024 08:46:00 AM,SKYLARK RD,NA,"Sideswipe, Same Direction",Cloudy,Dry,Daylight,No Controls,NONE DETECTED,Yes,No Apparent Injury,Failed to Yield Right-of-Way,Not Distracted,MD,Sport Utility Vehicle,Entering Traffic Lane,35,No,2011,JEEP,CHEROKEE,39.234,-77.24343833,2024,3,8
240013266,Injury Crash,03/20/2024 08:46:00 AM,SKYLARK RD,NA,"Sideswipe, Same Direction",Cloudy,Dry,Daylight,No Controls,NONE DETECTED,No,No Apparent Injury,NA,Not Distracted,MD,Other,Moving Constant Speed,35,No,2018,TESLA,MODEL X,39.234,-77.24343833,2024,3,8
240013263,Property Damage Crash,03/20/2024 07:29:00 AM,RAMP 3 FR US 29 EB TO MD 650 NB,NA,"Sideswipe, Same Direction",Clear,Dry,Daylight,Yield Sign,NONE DETECTED,No,No Apparent Injury,NA,Not Distracted,MD,Bus - Transit,Moving Constant Speed,40,No,2010,NEW FLYER,TRANSIT BUS,39.04281063,-76.99168696,2024,3,7
240013263,Property Damage Crash,03/20/2024 07:29:00 AM,RAMP 3 FR US 29 EB TO MD 650 NB,NA,"Sideswipe, Same Direction",Clear,Dry,Daylight,Yield Sign,NONE DETECTED,No,No Apparent Injury,NA,Unknown,MD,Pickup,Entering Traffic Lane,40,No,2016,CHEVROLET,3500,39.04281063,-76.99168696,2024,3,7
240013261,Property Damage Crash,03/20/2024 07:15:00 AM,MIDCOUNTY HWY (SB/L),NA,Front to Rear,Clear,Dry,Daylight,No Controls,NONE DETECTED,No,No Apparent Injury,NA,Not Distracted,MD,Passenger Car,Moving Constant Speed,35,No,2018,BMW,330I,39.15817855,-77.19273492,2024,3,7
240013261,Property Damage Crash,03/20/2024 07:15:00 AM,MIDCOUNTY HWY (SB/L),NA,Front to Rear,Clear,Dry,Daylight,No Controls,NONE DETECTED,Yes,No Apparent Injury,Too Fast For Conditions,Unknown,NA,Passenger Car,Moving Constant Speed,35,No,2007,HONDA,CIVIC,39.15817855,-77.19273492,2024,3,7
240013258,Property Damage Crash,03/20/2024 05:37:00 AM,NEW HAMPSHIRE AVE (SB/L),NA,"Sideswipe, Same Direction",Cloudy,Dry,Medium,No Controls,NONE DETECTED,Yes,No Apparent Injury,NA,Not Distracted,MD,Passenger Car,Moving Constant Speed,40,No,2014,TOYOTA,PRIUS,39.03228617,-76.98508719,2024,3,5
240013258,Property Damage Crash,03/20/2024 05:37:00 AM,NEW HAMPSHIRE AVE (SB/L),NA,"Sideswipe, Same Direction",Cloudy,Dry,Medium,No Controls,NONE DETECTED,No,No Apparent Injury,NA,Not Distracted,DC,Other Trucks,Moving Constant Speed,40,No,1991,PETERBILT,379,39.03228617,-76.98508719,2024,3,5
240013251,Property Damage Crash,03/20/2024 03:10:00 AM,NA,NA,Rear To Side,Clear,Dry,Medium,No Controls,NONE DETECTED,Yes,No Apparent Injury,Other Improper Action,Unknown,MD,Passenger Car,Backing,25,No,2019,DODGE,CHARGER,39.10040467,-77.04861083,2024,3,3
240013246,Property Damage Crash,03/20/2024 12:59:00 AM,STONEYBROOK DR,NA,Single Vehicle,Clear,Dry,Dark,Stop Sign,NONE DETECTED,Yes,No Apparent Injury,"Failed to Keep in Proper Lane, Ran Off Roadway",Unknown,MD,Sport Utility Vehicle,Turning Right,25,No,2014,AUDI,Q5,39.02103889,-77.0619402,2024,3,0
240013243,Property Damage Crash,03/19/2024 11:50:00 PM,NA,NA,Single Vehicle,Clear,Dry,Medium,No Controls,ALCOHOL PRESENT,Yes,No Apparent Injury,"Operated Motor Vehicle in Reckless or Aggressive Manner, Other Improper Action, Ran Off Roadway, Too Fast For Conditions",Not Distracted,VA,Passenger Car,Moving Constant Speed,35,No,2017,MASERATI,UNKNOWN,38.99252668,-77.19426205,2024,3,23
240013234,Property Damage Crash,03/19/2024 09:16:00 PM,SHADY GROVE RD,NA,Front to Front,Clear,Dry,Medium,Traffic Control Signal,NONE DETECTED,No,No Apparent Injury,NA,Not Distracted,MD,Sport Utility Vehicle,Turning Left,45,No,2011,MERCEDES-BENZ,GL-CLASS,39.13104167,-77.16120699,2024,3,21
240013234,Property Damage Crash,03/19/2024 09:16:00 PM,SHADY GROVE RD,NA,Front to Front,Clear,Dry,Medium,Traffic Control Signal,NONE DETECTED,No,No Apparent Injury,NA,Not Distracted,MD,Passenger Car,Moving Constant Speed,45,No,2010,HONDA,INSIGHT,39.13104167,-77.16120699,2024,3,21
240013228,Property Damage Crash,03/19/2024 08:41:00 PM,WISCONSIN AVE,NA,"Sideswipe, Same Direction",Clear,Dry,Medium,No Controls,NONE DETECTED,No,No Apparent Injury,NA,Not Distracted,MD,Bus - Transit,Parked,30,No,2013,GILLIG,LOW FLOOR BUS,38.96113598,-77.08580464,2024,3,20
240013228,Property Damage Crash,03/19/2024 08:41:00 PM,WISCONSIN AVE,NA,"Sideswipe, Same Direction",Clear,Dry,Medium,No Controls,NONE DETECTED,Yes,No Apparent Injury,NA,Unknown,VA,Bus - Transit,Leaving Traffic Lane,30,No,2019,"NEWFAB, INC.",UNKNOWN,38.96113598,-77.08580464,2024,3,20
240013231,Property Damage Crash,03/19/2024 08:30:00 PM,VEIRS MILL RD,NA,Front to Rear,Clear,Dry,Dark,No Controls,NONE DETECTED,No,No Apparent Injury,NA,NA,NA,Pickup,Slowing or Stopping,35,No,2011,GMC,SIERRA,39.07383,-77.11277167,2024,3,20
240013231,Property Damage Crash,03/19/2024 08:30:00 PM,VEIRS MILL RD,NA,Front to Rear,Clear,Dry,Dark,No Controls,NONE DETECTED,No,No Apparent Injury,NA,Not Distracted,MD,Passenger Car,Slowing or Stopping,35,No,2015,NISSAN,ALTIMA,39.07383,-77.11277167,2024,3,20
240013223,Property Damage Crash,03/19/2024 07:45:00 PM,MONTGOMERY VILLAGE AVE,NA,Other,Clear,Dry,Medium,Traffic Control Signal,NONE DETECTED,Yes,No Apparent Injury,NA,Unknown,MD,Passenger Car,Turning Left,35,No,2007,LEXUS,ES,39.15442901,-77.20927207,2024,3,19
240013223,Property Damage Crash,03/19/2024 07:45:00 PM,MONTGOMERY VILLAGE AVE,NA,Other,Clear,Dry,Medium,Traffic Control Signal,NONE DETECTED,No,No Apparent Injury,NA,Not Distracted,MD,Motorcycle - 2 Wheeled,Moving Constant Speed,35,No,2015,YAMAHA,YZF-R3,39.15442901,-77.20927207,2024,3,19
240013217,Injury Crash,03/19/2024 07:09:00 PM,FATHER HURLEY BLVD,NA,Other,Clear,Dry,Daylight,No Controls,NONE DETECTED,No,Possible Minor Injury,NA,Not Distracted,MD,Passenger Car,Accelerating,35,No,2017,HYUNDAI,SONATA,39.17336646,-77.28372342,2024,3,19
240013217,Injury Crash,03/19/2024 07:09:00 PM,FATHER HURLEY BLVD,NA,Other,Clear,Dry,Daylight,No Controls,NONE DETECTED,No,Possible Minor Injury,NA,Unknown,MD,Passenger Car,Accelerating,35,No,2016,TOYOTA,COROLLA,39.17336646,-77.28372342,2024,3,19
240013233,Injury Crash,03/19/2024 06:06:00 PM,ASPEN HILL RD,NA,"Sideswipe, Same Direction",Clear,Dry,Daylight,Stop Sign,NONE DETECTED,No,Possible Minor Injury,NA,Not Distracted,MD,Other,Moving Constant Speed,30,No,1234,UNKNOWN,UNKNOWN,39.08027854,-77.07897374,2024,3,18
240013233,Injury Crash,03/19/2024 06:06:00 PM,ASPEN HILL RD,NA,"Sideswipe, Same Direction",Clear,Dry,Daylight,Stop Sign,NONE DETECTED,No,NA,NA,NA,NA,Passenger Car,Accelerating,30,No,2016,CHEVROLET,TRAVERSE,39.08027854,-77.07897374,2024,3,18
240013209,Property Damage Crash,03/19/2024 05:53:00 PM,WOODSIDE PKWY,NA,"Sideswipe, Same Direction",Clear,Dry,Daylight,No Controls,NONE DETECTED,Yes,No Apparent Injury,NA,Not Distracted,MD,Bus - Transit,Changing Lanes,35,No,2014,GILLIG,CITY TRANSIT BUS,39.002823480000004,-77.02439922,2024,3,17
240013209,Property Damage Crash,03/19/2024 05:53:00 PM,WOODSIDE PKWY,NA,"Sideswipe, Same Direction",Clear,Dry,Daylight,No Controls,NONE DETECTED,No,No Apparent Injury,NA,Not Distracted,MD,Pickup,Moving Constant Speed,35,No,2019,FORD,F-150,39.002823480000004,-77.02439922,2024,3,17
240013206,Property Damage Crash,03/19/2024 05:50:00 PM,NA,NA,"Sideswipe, Opposite Direction",Clear,NA,Daylight,NA,NONE DETECTED,No,NA,NA,NA,NA,Passenger Car,Moving Constant Speed,0,No,2024,MAZDA,UNKNOWN,39.00006475,-77.00260711,2024,3,17
240013204,Injury Crash,03/19/2024 05:42:00 PM,LAMBERTON DR,Pedestrian,Single Vehicle,Cloudy,Dry,Daylight,No Controls,NONE DETECTED,No,No Apparent Injury,NA,Not Distracted,MD,Sport Utility Vehicle,Moving Constant Speed,25,No,2021,HONDA,CR-V,39.04367467,-77.0246244,2024,3,17
240013208,Property Damage Crash,03/19/2024 05:00:00 PM,RIVER RD,NA,Front to Rear,Clear,Dry,Daylight,No Controls,NONE DETECTED,No,No Apparent Injury,NA,Not Distracted,MD,Sport Utility Vehicle,Stopped in Traffic,30,No,2017,FORD,ESCAPE,39.01590987,-77.20538871,2024,3,17
240013208,Property Damage Crash,03/19/2024 05:00:00 PM,RIVER RD,NA,Front to Rear,Clear,Dry,Daylight,No Controls,NONE DETECTED,No,No Apparent Injury,"Followed Too Closely, Other Improper Action",Unknown,MD,Sport Utility Vehicle,Moving Constant Speed,30,No,2010,TOYOTA,HIGHLANDER,39.01590987,-77.20538871,2024,3,17
240013208,Property Damage Crash,03/19/2024 05:00:00 PM,RIVER RD,NA,Front to Rear,Clear,Dry,Daylight,No Controls,NONE DETECTED,No,No Apparent Injury,NA,Not Distracted,MD,Sport Utility Vehicle,Stopped in Traffic,30,No,2014,MERCEDES-BENZ,G-CLASS,39.01590987,-77.20538871,2024,3,17
240013190,Injury Crash,03/19/2024 04:32:00 PM,EAST AVE,Pedestrian,Single Vehicle,Clear,Dry,Daylight,Stop Sign,NONE DETECTED,Yes,No Apparent Injury,NA,Not Distracted,DC,Passenger Car,Turning Left,35,No,2020,JEEP,GRAND CHEROKEE,38.9772305,-77.086782,2024,3,16
240013185,Property Damage Crash,03/19/2024 04:14:00 PM,NA,NA,Rear To Side,Clear,NA,Daylight,NA,NONE DETECTED,No,NA,NA,NA,NA,Passenger Car,Backing,0,No,2017,TOYOTA,UNKNOWN,39.02550909,-77.14530442,2024,3,16
240013183,Property Damage Crash,03/19/2024 04:00:00 PM,ROCKVILLE PIKE,NA,Front to Rear,Clear,Dry,Daylight,No Controls,NONE DETECTED,No,No Apparent Injury,NA,Not Distracted,MD,Passenger Car,Slowing or Stopping,40,No,2021,KIA,SELTOS,39.07112962,-77.13210024,2024,3,16
240013183,Property Damage Crash,03/19/2024 04:00:00 PM,ROCKVILLE PIKE,NA,Front to Rear,Clear,Dry,Daylight,No Controls,NONE DETECTED,No,No Apparent Injury,Followed Too Closely,Unknown,MD,Passenger Car,Changing Lanes,40,No,2021,HONDA,HR-V,39.07112962,-77.13210024,2024,3,16
240013180,Injury Crash,03/19/2024 04:00:00 PM,FIRST ST,NA,Unknown,Clear,Dry,Daylight,No Controls,NONE DETECTED,Yes,Possible Minor Injury,"Ran Off Roadway, Too Fast For Conditions",Unknown,MD,Passenger Car,Moving Constant Speed,40,No,2020,HYUNDAI,ELANTRA,39.0835617,-77.13686588,2024,3,16
240013182,Property Damage Crash,03/19/2024 03:54:00 PM,GEORGIA AVE,NA,Front to Rear,Clear,Dry,Daylight,No Controls,NONE DETECTED,Yes,No Apparent Injury,NA,Not Distracted,MD,Passenger Car,Turning Right,35,No,2016,HONDA,HR-V,39.1546438,-77.06682305,2024,3,15
240013182,Property Damage Crash,03/19/2024 03:54:00 PM,GEORGIA AVE,NA,Front to Rear,Clear,Dry,Daylight,No Controls,NONE DETECTED,No,No Apparent Injury,NA,Not Distracted,MD,Bus - Transit,Slowing or Stopping,35,No,2013,GILLIG,LOW FLOOR BUS,39.1546438,-77.06682305,2024,3,15
240013198,Property Damage Crash,03/19/2024 03:45:00 PM,GLEN RD,NA,"Sideswipe, Same Direction",Clear,Dry,Daylight,No Controls,NONE DETECTED,No,No Apparent Injury,NA,Not Distracted,MD,Passenger Car,Overtaking/Passing,25,No,2018,TOYOTA,RAV4,39.04663785,-77.20674072,2024,3,15
240013198,Property Damage Crash,03/19/2024 03:45:00 PM,GLEN RD,NA,"Sideswipe, Same Direction",Clear,Dry,Daylight,No Controls,NONE DETECTED,No,No Apparent Injury,NA,Not Distracted,NY,Sport Utility Vehicle,Stopped in Traffic,25,No,2022,CHEVROLET,SUBURBAN,39.04663785,-77.20674072,2024,3,15
240013188,Property Damage Crash,03/19/2024 03:42:00 PM,GEORGIA AVE,NA,"Sideswipe, Same Direction",Clear,Dry,Daylight,No Controls,NONE DETECTED,No,No Apparent Injury,NA,Not Distracted,MD,Bus - School,Moving Constant Speed,30,No,2022,UNKNOWN,UNKNOWN,39.01507519,-77.04240427,2024,3,15
240013188,Property Damage Crash,03/19/2024 03:42:00 PM,GEORGIA AVE,NA,"Sideswipe, Same Direction",Clear,Dry,Daylight,No Controls,NONE DETECTED,No,NA,NA,NA,NA,NA,Moving Constant Speed,30,No,0,NA,NA,39.01507519,-77.04240427,2024,3,15
240013176,Property Damage Crash,03/19/2024 03:17:00 PM,LAKELANDS DR,NA,Single Vehicle,Clear,Dry,Daylight,No Controls,NONE DETECTED,Yes,No Apparent Injury,NA,Not Distracted,MD,Bus - School,Turning Right,25,No,2018,THOMAS BUILT,SCHOOL BUS,39.11602709,-77.22950588,2024,3,15
240013178,Property Damage Crash,03/19/2024 03:15:00 PM,FREDERICK RD,NA,"Sideswipe, Same Direction",Clear,Dry,Daylight,Traffic Control Signal,NONE DETECTED,No,No Apparent Injury,NA,Not Distracted,MD,Bus - School,Stopped in Traffic,25,No,2022,FREIGHTLINER,B2 BUS CHASSIS,39.11244891,-77.16170367,2024,3,15
240013178,Property Damage Crash,03/19/2024 03:15:00 PM,FREDERICK RD,NA,"Sideswipe, Same Direction",Clear,Dry,Daylight,Traffic Control Signal,NONE DETECTED,No,No Apparent Injury,NA,Not Distracted,MD,Van - Passenger (&lt;9 Seats),Moving Constant Speed,25,No,2013,FORD,E-150,39.11244891,-77.16170367,2024,3,15
240013163,Property Damage Crash,03/19/2024 02:37:00 PM,ROCKVILLE PIKE,NA,"Sideswipe, Same Direction",Clear,Dry,Daylight,Traffic Control Signal,NONE DETECTED,No,No Apparent Injury,NA,Not Distracted,MD,Passenger Car,Moving Constant Speed,35,No,2013,VOLVO,S60,39.01275855,-77.09844524,2024,3,14
240013163,Property Damage Crash,03/19/2024 02:37:00 PM,ROCKVILLE PIKE,NA,"Sideswipe, Same Direction",Clear,Dry,Daylight,Traffic Control Signal,NONE DETECTED,Yes,No Apparent Injury,Failed to Yield Right-of-Way,Unknown,SC,Passenger Car,Changing Lanes,35,No,2013,TOYOTA,CAMRY,39.01275855,-77.09844524,2024,3,14
240014252,Property Damage Crash,03/19/2024 02:30:00 PM,HARVEST SCENE CT,NA,Front to Rear,Clear,Dry,Daylight,No Controls,NONE DETECTED,No,No Apparent Injury,Other Improper Action,Not Distracted,MD,Sport Utility Vehicle,Backing,10,No,2023,FORD,EXPLORER,39.163653,-77.30826258,2024,3,14
240013153,Injury Crash,03/19/2024 01:53:00 PM,ARLINGTON RD,NA,Angle,Clear,Dry,Daylight,No Controls,NONE DETECTED,Yes,Possible Minor Injury,NA,Unknown,DC,Passenger Car,Moving Constant Speed,10,No,2016,SUBARU,CROSSTREK,38.97898074,-77.09872902,2024,3,13
240013153,Injury Crash,03/19/2024 01:53:00 PM,ARLINGTON RD,NA,Angle,Clear,Dry,Daylight,No Controls,NONE DETECTED,No,No Apparent Injury,NA,Not Distracted,MD,Passenger Car,Moving Constant Speed,10,No,2023,SUBARU,OUTBACK,38.97898074,-77.09872902,2024,3,13
240013232,Property Damage Crash,03/19/2024 01:50:00 PM,COLESVILLE RD,NA,Other,Clear,Dry,Daylight,No Controls,NONE DETECTED,No,NA,NA,NA,NA,Passenger Car,Backing,5,No,2023,FORD,ESCAPE,39.02153234,-77.01173534,2024,3,13
240013162,Property Damage Crash,03/19/2024 01:31:00 PM,DALEWOOD DR,NA,Other,Clear,Dry,Daylight,No Controls,NONE DETECTED,No,No Apparent Injury,NA,Not Distracted,MD,Bus - School,Parked,5,No,2017,THOMAS BUILT,SCHOOL BUS,39.06213201,-77.06711076,2024,3,13
240013162,Property Damage Crash,03/19/2024 01:31:00 PM,DALEWOOD DR,NA,Other,Clear,Dry,Daylight,No Controls,NONE DETECTED,No,No Apparent Injury,NA,Unknown,MD,Pickup,Backing,5,No,2016,FORD,F-SUPER DUTY,39.06213201,-77.06711076,2024,3,13
240013149,Property Damage Crash,03/19/2024 01:30:00 PM,WELLER RD,NA,Angle,Clear,Dry,Daylight,No Controls,NONE DETECTED,No,No Apparent Injury,NA,Not Distracted,MD,Passenger Car,Moving Constant Speed,35,No,2008,TOYOTA,COROLLA,39.06679104,-77.05961508,2024,3,13