Local Case Number,ACRS Report Type,Crash Date/Time,Road Name,Related Non-Motorist,Collision Type,Weather,Surface Condition,Light,Traffic Control,Driver Substance Abuse,Driver At Fault,Injury Severity,Circumstance,Driver Distracted By,Drivers License State,Vehicle Body Type,Vehicle Movement,Speed Limit,Driverless Vehicle,Vehicle Year,Vehicle Make,Vehicle Model,Latitude,Longitude,Year,Month,Hour
240012861,Property Damage Crash,03/18/2024 04:59:00 AM,E GUDE DR,NA,Single Vehicle,Clear,Dry,Medium,Traffic Control Signal,NONE DETECTED,No,NA,NA,NA,NA,Passenger Car,NA,40,No,2010,FORD,FOCUS,39.09410262,-77.13257968,2024,3,4
240012860,Property Damage Crash,03/18/2024 04:35:00 AM,GREAT SENECA HWY (SB/L),NA,Single Vehicle,Clear,Dry,Medium,No Controls,NONE DETECTED,No,No Apparent Injury,"Operated Motor Vehicle in Inattentive, Careless, Negligent, or Erratic Manner, Ran Off Roadway",Not Distracted,MD,Sport Utility Vehicle,Moving Constant Speed,50,No,2014,DODGE,DURANGO,39.1196071,-77.22425057,2024,3,4
240012857,Property Damage Crash,03/18/2024 03:30:00 AM,CASTLE BLVD,NA,Single Vehicle,Clear,Dry,Medium,No Controls,NONE DETECTED,No,No Apparent Injury,"Swerved or Avoided Due to Wind, Slippery Surface, Motor Vehicle, Object, Non-Motorist in Roadway, etc",Unknown,MD,Passenger Car,Moving Constant Speed,25,No,2022,TOYOTA,HIGHLANDER,39.082091,-76.94433417,2024,3,3
240012845,Injury Crash,03/17/2024 09:50:00 PM,LONGDRAFT RD,NA,Angle,Clear,Dry,Dark,No Controls,NONE DETECTED,No,No Apparent Injury,NA,Not Distracted,MD,Passenger Car,Turning Left,25,No,2024,TOYOTA,SIENNA,39.14460904,-77.23818673,2024,3,21
240012845,Injury Crash,03/17/2024 09:50:00 PM,LONGDRAFT RD,NA,Angle,Clear,Dry,Dark,No Controls,NONE DETECTED,No,No Apparent Injury,NA,Not Distracted,MD,Passenger Car,Moving Constant Speed,30,No,2013,ACURA,MDX,39.14460904,-77.23818673,2024,3,21
240012837,Injury Crash,03/17/2024 07:56:00 PM,OAKVIEW DR,NA,Front to Front,Clear,Dry,Medium,Traffic Control Signal,NONE DETECTED,No,No Apparent Injury,NA,Not Distracted,MD,Passenger Car,Stopped in Traffic,25,No,2014,HONDA,CIVIC,39.01534008,-76.97799542,2024,3,19
240012837,Injury Crash,03/17/2024 07:56:00 PM,OAKVIEW DR,NA,Front to Front,Clear,Dry,Medium,Traffic Control Signal,NONE DETECTED,Yes,NA,NA,NA,NA,NA,Turning Right,25,No,0,NA,NA,39.01534008,-76.97799542,2024,3,19
240012834,Property Damage Crash,03/17/2024 07:27:00 PM,CHERRY HILL RD,NA,Single Vehicle,Clear,Dry,Medium,No Controls,ALCOHOL PRESENT,No,No Apparent Injury,Too Fast For Conditions,"Other Action (looking away from task, etc.)",MD,Passenger Car,Moving Constant Speed,30,No,2013,HONDA,ACCORD,39.05192733,-76.95302683,2024,3,19
240012833,Injury Crash,03/17/2024 07:00:00 PM,GREENSIDE TERR,NA,Angle,Clear,Wet,Dark,Stop Sign,NONE DETECTED,Yes,Suspected Serious Injury,Failed to Yield Right-of-Way,Unknown,MD,Sport Utility Vehicle,Turning Left,35,No,2015,TOYOTA,RAV4,39.1808346,-77.20015246,2024,3,19
240012833,Injury Crash,03/17/2024 07:00:00 PM,GREENSIDE TERR,NA,Angle,Clear,Wet,Dark,No Controls,NONE DETECTED,No,Suspected Serious Injury,NA,Not Distracted,NA,Passenger Car,Moving Constant Speed,35,No,2023,NISSAN,VERSA,39.1808346,-77.20015246,2024,3,19
240012828,Property Damage Crash,03/17/2024 06:12:00 PM,FLOWER AVE,NA,"Sideswipe, Same Direction",Clear,Dry,Daylight,No Controls,NONE DETECTED,No,NA,Other Improper Action,Unknown,NA,Passenger Car,Accelerating,25,No,2020,CHRYSLER,VOYAGER,38.99510908,-77.00254661,2024,3,18
240012821,Property Damage Crash,03/17/2024 04:45:00 PM,PARK VISTA DR,NA,Single Vehicle,Clear,Dry,Daylight,No Controls,ALCOHOL PRESENT,Yes,No Apparent Injury,NA,Unknown,CA,Passenger Car,Turning Right,25,No,2011,TOYOTA,CAMRY,39.1015425,-77.04089612,2024,3,16
240012807,Property Damage Crash,03/17/2024 02:49:00 PM,WISCONSIN AVE (SB/L),NA,Single Vehicle,Clear,Dry,Daylight,No Controls,NONE DETECTED,No,No Apparent Injury,NA,Not Distracted,DC,Passenger Car,Moving Constant Speed,35,No,2015,LEXUS,RX,38.96417078,-77.08746844,2024,3,14
240012805,Property Damage Crash,03/17/2024 02:42:00 PM,BOOTH ST,NA,Front to Rear,Clear,Dry,Daylight,No Controls,NONE DETECTED,No,No Apparent Injury,NA,Not Distracted,MD,Passenger Car,Moving Constant Speed,35,No,2004,GMC,ENVOY,39.12699819,-77.24045212,2024,3,14
240012805,Property Damage Crash,03/17/2024 02:42:00 PM,BOOTH ST,NA,Front to Rear,Clear,Dry,Daylight,Stop Sign,NONE DETECTED,No,No Apparent Injury,Failed to Yield Right-of-Way,Not Distracted,MD,Passenger Car,Turning Left,25,No,2024,SUBARU,CROSSTREK,39.12699819,-77.24045212,2024,3,14
240012912,Property Damage Crash,03/17/2024 02:26:00 PM,MONTGOMERY VILLAGE AVE,NA,Rear To Rear,Clear,Dry,Daylight,No Controls,NONE DETECTED,No,No Apparent Injury,NA,Not Distracted,MD,Passenger Car,Parked,5,No,2015,BMW,135I,39.17637527,-77.20346321,2024,3,14
240012912,Property Damage Crash,03/17/2024 02:26:00 PM,MONTGOMERY VILLAGE AVE,NA,Rear To Rear,Clear,Dry,Daylight,No Controls,NONE DETECTED,Yes,No Apparent Injury,Improper Backing,Not Distracted,MD,Passenger Car,Backing,5,No,2004,ACURA,CK250S-29,39.17637527,-77.20346321,2024,3,14
240012802,Injury Crash,03/17/2024 01:40:00 PM,DEERHEAD CT,Cyclist (non-electric),Single Vehicle,Clear,Dry,Daylight,Stop Sign,NONE DETECTED,No,No Apparent Injury,NA,Not Distracted,MD,Passenger Car,Moving Constant Speed,35,No,2009,NISSAN,VERSA,39.06750575,-76.99758036,2024,3,13
240012776,Property Damage Crash,03/17/2024 11:17:00 AM,COLESVILLE RD (SB/L),NA,Front to Rear,Cloudy,Dry,Daylight,No Controls,NONE DETECTED,No,No Apparent Injury,NA,Not Distracted,MD,Pickup,Slowing or Stopping,40,No,2009,TOYOTA,VENZA,39.01781675,-77.01525668,2024,3,11
240012779,Property Damage Crash,03/17/2024 11:17:00 AM,COLESVILLE RD (SB/L),NA,Front to Rear,Cloudy,Dry,Daylight,No Controls,NONE DETECTED,No,No Apparent Injury,NA,Not Distracted,MD,Pickup,Slowing or Stopping,40,No,2006,NISSAN,FRONTIER,39.01828356,-77.01469878,2024,3,11
240012779,Property Damage Crash,03/17/2024 11:17:00 AM,COLESVILLE RD (SB/L),NA,Front to Rear,Cloudy,Dry,Daylight,No Controls,NONE DETECTED,Yes,No Apparent Injury,NA,Not Distracted,MD,Van - Passenger (&lt;9 Seats),Moving Constant Speed,40,No,2011,CHEVROLET,EXPRESS,39.01828356,-77.01469878,2024,3,11
240012776,Property Damage Crash,03/17/2024 11:17:00 AM,COLESVILLE RD (SB/L),NA,Front to Rear,Cloudy,Dry,Daylight,No Controls,NONE DETECTED,Yes,No Apparent Injury,NA,Not Distracted,MD,Sport Utility Vehicle,Moving Constant Speed,40,No,2020,BMW,X1,39.01781675,-77.01525668,2024,3,11
240012773,Property Damage Crash,03/17/2024 11:00:00 AM,GEORGIA AVE (SB/L),NA,Front to Front,Cloudy,Dry,Daylight,Traffic Control Signal,NONE DETECTED,No,No Apparent Injury,NA,Not Distracted,MD,Passenger Car,Stopped in Traffic,45,No,2019,INFINITI,QX50,39.01564092,-77.04291193,2024,3,11
240012773,Property Damage Crash,03/17/2024 11:00:00 AM,GEORGIA AVE (SB/L),NA,Front to Front,Cloudy,Dry,Daylight,Traffic Control Signal,NONE DETECTED,No,No Apparent Injury,Failed to Yield Right-of-Way,Not Distracted,MD,Passenger Car,Turning Left,45,No,2012,TOYOTA,CAMRY,39.01564092,-77.04291193,2024,3,11
240012773,Property Damage Crash,03/17/2024 11:00:00 AM,GEORGIA AVE (SB/L),NA,Front to Front,Cloudy,Dry,Daylight,Traffic Control Signal,NONE DETECTED,No,No Apparent Injury,NA,Not Distracted,MD,Passenger Car,Moving Constant Speed,45,No,2017,LEXUS,RX,39.01564092,-77.04291193,2024,3,11
240012761,Property Damage Crash,03/17/2024 09:56:00 AM,NA,NA,Other,Cloudy,NA,Daylight,NA,NONE DETECTED,No,No Apparent Injury,Improper Backing,Unknown,MD,Passenger Car,Backing,0,No,2010,TOYOTA,CAMRY,39.15838936,-77.07334683,2024,3,9
240012744,Property Damage Crash,03/17/2024 04:38:00 AM,OLD GEORGETOWN RD (SB/L),NA,Single Vehicle,Clear,Dry,Medium,Pedestrian Crossing,NONE DETECTED,No,No Apparent Injury,NA,Not Distracted,MD,Passenger Car,Moving Constant Speed,35,No,2014,CHEVROLET,CAMARO,39.01382983,-77.11788983,2024,3,4
240012740,Property Damage Crash,03/17/2024 03:57:00 AM,CASTLE BLVD,NA,Front to Rear,Clear,Dry,Medium,No Controls,NONE DETECTED,No,NA,"Failed to Keep in Proper Lane, Improper Passing, Operated Motor Vehicle in Inattentive, Careless, Negligent, or Erratic Manner, Operated Motor Vehicle in Reckless or Aggressive Manner, Too Fast For Conditions",Unknown,NA,Passenger Car,NA,25,No,2009,HYUNDAI,GENESIS,39.0852045,-76.94042432,2024,3,3
240012735,Property Damage Crash,03/17/2024 03:13:00 AM,WAYFARER RD,NA,Single Vehicle,Clear,Dry,Dark,Curve Ahead Warning Sign,NONE DETECTED,Yes,No Apparent Injury,NA,Not Distracted,MD,Station Wagon,Negotiating a Curve,25,No,2004,TOYOTA,COROLLA MATRIX,39.19540335,-77.22426662,2024,3,3
240012730,Property Damage Crash,03/17/2024 01:50:00 AM,NA,NA,Rear To Side,Clear,NA,Medium,NA,ALCOHOL PRESENT,No,No Apparent Injury,NA,Unknown,NA,Passenger Car,Backing,0,No,2009,MAZDA,CX-5,38.98814133,-77.09869593,2024,3,1
240012727,Property Damage Crash,03/17/2024 01:48:00 AM,NA,NA,Single Vehicle,Clear,Dry,Medium,Yield Sign,DRUG PRESENT,Yes,No Apparent Injury,"Operated Motor Vehicle in Reckless or Aggressive Manner, Other Improper Action, Too Fast For Conditions",Not Distracted,MD,Passenger Car,Turning Right,40,No,2018,NISSAN,ALTIMA,39.16301766,-77.2833634,2024,3,1
240012726,Injury Crash,03/17/2024 01:16:00 AM,UNIVERSITY BLVD,NA,Other,Clear,Dry,Medium,Traffic Control Signal,NONE DETECTED,Yes,No Apparent Injury,NA,Unknown,MD,Passenger Car,NA,35,No,2008,CADILLAC,CTS,38.9889716,-76.98784196,2024,3,1
240012726,Injury Crash,03/17/2024 01:16:00 AM,UNIVERSITY BLVD,NA,Other,Clear,Dry,Medium,Traffic Control Signal,NONE DETECTED,No,Possible Minor Injury,NA,Not Distracted,DC,Passenger Car,Stopped in Traffic,35,No,2021,MAZDA,CX-30,38.9889716,-76.98784196,2024,3,1
240012721,Injury Crash,03/16/2024 10:38:00 PM,NA,NA,Angle,Clear,Dry,Medium,No Controls,NONE DETECTED,No,No Apparent Injury,Failed to Yield Right-of-Way,Unknown,MD,Passenger Car,Negotiating a Curve,35,No,2004,INFINITI,G35,39.16830629,-77.2101605,2024,3,22
240012721,Injury Crash,03/16/2024 10:38:00 PM,NA,NA,Angle,Clear,Dry,Medium,No Controls,NONE DETECTED,No,Possible Minor Injury,NA,Not Distracted,MD,Passenger Car,Moving Constant Speed,35,No,2024,HONDA,CIVIC,39.16830629,-77.2101605,2024,3,22
240013259,Property Damage Crash,03/16/2024 10:01:00 PM,CONNECTICUT AVE (SB/L),NA,Front to Rear,Clear,Dry,Medium,Traffic Control Signal,NONE DETECTED,No,No Apparent Injury,NA,Unknown,MD,Sport Utility Vehicle,Slowing or Stopping,35,No,2007,JEEP,CHEROKEE,39.05163822,-77.07489417,2024,3,22
240013259,Property Damage Crash,03/16/2024 10:01:00 PM,CONNECTICUT AVE (SB/L),NA,Front to Rear,Clear,Dry,Medium,Traffic Control Signal,NONE DETECTED,No,No Apparent Injury,NA,Not Distracted,MD,Sport Utility Vehicle,Stopped in Traffic,35,No,2019,LEXUS,GX,39.05163822,-77.07489417,2024,3,22
240012717,Property Damage Crash,03/16/2024 09:49:00 PM,NA,NA,Single Vehicle,Clear,Dry,Medium,Stop Sign,NONE DETECTED,No,No Apparent Injury,Over-Correcting/Over-Steering,Not Distracted,MD,Passenger Car,NA,25,No,2021,CHRYSLER,300,39.09520591,-77.16791966,2024,3,21
240012709,Property Damage Crash,03/16/2024 07:52:00 PM,SHAKESPEARE BLVD,NA,Front to Rear,Clear,Dry,Medium,Flashing Traffic Control Signal,NONE DETECTED,No,No Apparent Injury,NA,Not Distracted,MD,Passenger Car,Slowing or Stopping,30,No,2020,HYUNDAI,UNKNOWN,39.19807052,-77.24582878,2024,3,19
240012709,Property Damage Crash,03/16/2024 07:52:00 PM,SHAKESPEARE BLVD,NA,Front to Rear,Clear,Dry,Medium,Flashing Traffic Control Signal,NONE DETECTED,Yes,No Apparent Injury,Followed Too Closely,Unknown,NA,Van - Passenger (&lt;9 Seats),Moving Constant Speed,30,No,2008,HONDA,ODYSSEY,39.19807052,-77.24582878,2024,3,19
240012705,Property Damage Crash,03/16/2024 07:30:00 PM,NA,NA,Front to Rear,Clear,Dry,Dark,No Controls,NONE DETECTED,No,No Apparent Injury,NA,Not Distracted,MD,Passenger Car,Moving Constant Speed,35,No,2009,MITSUBISHI,LANCER,39.17922058,-77.2093038,2024,3,19
240012705,Property Damage Crash,03/16/2024 07:30:00 PM,NA,NA,Front to Rear,Clear,Dry,Dark,No Controls,ALCOHOL PRESENT,Yes,No Apparent Injury,"Followed Too Closely, Too Fast For Conditions",Not Distracted,MD,Recreational Off-Highway Vehicles (ROV),Moving Constant Speed,35,No,2022,SUZUKI,DR-Z50,39.17922058,-77.2093038,2024,3,19
240012676,Property Damage Crash,03/16/2024 02:45:00 PM,AUTOMOBILE BLVD,NA,Front to Rear,Clear,Dry,Daylight,Traffic Control Signal,NONE DETECTED,No,No Apparent Injury,NA,Not Distracted,MD,Passenger Car,Stopped in Traffic,35,No,2013,HONDA,ACCORD,39.0811794,-76.9465218,2024,3,14
240012676,Property Damage Crash,03/16/2024 02:45:00 PM,AUTOMOBILE BLVD,NA,Front to Rear,Clear,Dry,Daylight,Traffic Control Signal,NONE DETECTED,Yes,No Apparent Injury,NA,Unknown,DC,Passenger Car,Moving Constant Speed,35,No,2020,MITSUBISHI,MIRAGE,39.0811794,-76.9465218,2024,3,14
240012671,Injury Crash,03/16/2024 02:15:00 PM,WOOD LA,NA,Angle,Clear,Dry,Daylight,Stop Sign,NONE DETECTED,Yes,Possible Minor Injury,"Failed to Yield Right-of-Way, Operated Motor Vehicle in Inattentive, Careless, Negligent, or Erratic Manner",Not Distracted,MD,Sport Utility Vehicle,Turning Right,10,No,2012,HONDA,CR-V,39.0858292,-77.15297124,2024,3,14
240012671,Injury Crash,03/16/2024 02:15:00 PM,WOOD LA,NA,Angle,Clear,Dry,Daylight,No Controls,NONE DETECTED,No,No Apparent Injury,NA,Not Distracted,MD,Bus - Transit,Moving Constant Speed,35,No,2014,GILLIG,CITY TRANSIT BUS,39.0858292,-77.15297124,2024,3,14
240012622,Property Damage Crash,03/16/2024 08:50:00 AM,W MONTGOMERY AVE,NA,"Sideswipe, Same Direction",Cloudy,Dry,Daylight,Yield Sign,NONE DETECTED,No,No Apparent Injury,Failed to Yield Right-of-Way,Not Distracted,MD,Passenger Car,Overtaking/Passing,30,No,1999,HONDA,PRELUDE,39.08565981,-77.1698666,2024,3,8
240012622,Property Damage Crash,03/16/2024 08:50:00 AM,W MONTGOMERY AVE,NA,"Sideswipe, Same Direction",Cloudy,Dry,Daylight,Yield Sign,NONE DETECTED,Yes,No Apparent Injury,Improper Passing,Unknown,OH,Passenger Car,Accelerating,30,No,2013,FORD,TAURUS,39.08565981,-77.1698666,2024,3,8
240012625,Injury Crash,03/16/2024 08:40:00 AM,RAMP 7 FR SHADY GROVE RD WB TO RAMP 6,NA,Angle,Clear,Dry,Daylight,Traffic Control Signal,NONE DETECTED,Yes,Possible Minor Injury,Disregarded Other Traffic Sign,Unknown,VA,Sport Utility Vehicle,Moving Constant Speed,45,No,2018,NISSAN,ROGUE,39.12975167,-77.16389333,2024,3,8
240012625,Injury Crash,03/16/2024 08:40:00 AM,RAMP 7 FR SHADY GROVE RD WB TO RAMP 6,NA,Angle,Clear,Dry,Daylight,Traffic Control Signal,NONE DETECTED,No,Possible Minor Injury,NA,Not Distracted,MD,Passenger Car,Turning Left,45,No,2015,ACURA,TLX,39.12975167,-77.16389333,2024,3,8
240012613,Injury Crash,03/16/2024 07:00:00 AM,GEORGIA AVE (SB/L),NA,Front to Rear,Clear,Dry,Daylight,Traffic Control Signal,NONE DETECTED,No,Possible Minor Injury,NA,Not Distracted,MD,Sport Utility Vehicle,Moving Constant Speed,25,No,2021,TOYOTA,RAV4,39.03019312,-77.04780215,2024,3,7
240012613,Injury Crash,03/16/2024 07:00:00 AM,GEORGIA AVE (SB/L),NA,Front to Rear,Clear,Dry,Daylight,Traffic Control Signal,NONE DETECTED,No,Possible Minor Injury,NA,Unknown,DC,Sport Utility Vehicle,Moving Constant Speed,25,No,2013,NISSAN,ROGUE,39.03019312,-77.04780215,2024,3,7
240012609,Property Damage Crash,03/16/2024 05:28:00 AM,ZION RD,NA,Single Vehicle,Clear,Dry,Dark,No Controls,ALCOHOL PRESENT,Yes,No Apparent Injury,"Failed to Keep in Proper Lane, Ran Off Roadway, Too Fast For Conditions",Unknown,MD,Passenger Car,NA,30,No,2017,CHRYSLER,200,39.2136769,-77.09042095,2024,3,5
240012607,Injury Crash,03/16/2024 05:26:00 AM,ENNALLS AVE,NA,Angle,Clear,Dry,Medium,Stop Sign,NONE DETECTED,Yes,Possible Minor Injury,Failed to Yield Right-of-Way,Unknown,MD,Passenger Car,Entering Traffic Lane,35,No,2018,BMW,X5,39.03938224,-77.05424042,2024,3,5
240012607,Injury Crash,03/16/2024 05:26:00 AM,ENNALLS AVE,NA,Angle,Clear,Dry,Medium,No Controls,NONE DETECTED,No,Possible Minor Injury,NA,Not Distracted,CA,Passenger Car,Moving Constant Speed,25,No,2010,HYUNDAI,SANTA FE,39.03938224,-77.05424042,2024,3,5
240012604,Property Damage Crash,03/16/2024 04:30:00 AM,WOODFIELD RD,NA,Single Vehicle,Clear,Dry,Medium,No Controls,ALCOHOL PRESENT,Yes,No Apparent Injury,"Operated Motor Vehicle in Inattentive, Careless, Negligent, or Erratic Manner, Other Improper Action, Over-Correcting/Over-Steering, Ran Off Roadway",Not Distracted,MD,Passenger Car,Moving Constant Speed,35,No,2005,ACURA,TL,39.2657022,-77.20491183,2024,3,4
240012605,Property Damage Crash,03/16/2024 04:27:00 AM,RICHTER FARM RD (EB/L),NA,Rear To Side,Clear,Dry,Medium,Flashing Traffic Control Signal,NONE DETECTED,No,No Apparent Injury,NA,Not Distracted,MD,Sport Utility Vehicle,Moving Constant Speed,45,No,2023,KIA,SOUL,39.14859636,-77.27652006,2024,3,4
240012605,Property Damage Crash,03/16/2024 04:27:00 AM,RICHTER FARM RD (EB/L),NA,Rear To Side,Clear,Dry,Medium,Flashing Traffic Control Signal,NONE DETECTED,Yes,No Apparent Injury,"Failed to Yield Right-of-Way, Operated Motor Vehicle in Inattentive, Careless, Negligent, or Erratic Manner, Ran Red Light",Not Distracted,MD,Passenger Car,Moving Constant Speed,35,No,2017,HONDA,CIVIC,39.14859636,-77.27652006,2024,3,4
240012592,Property Damage Crash,03/16/2024 02:30:00 AM,SLIGO AVE,NA,"Sideswipe, Same Direction",Clear,Dry,Medium,No Controls,NONE DETECTED,No,No Apparent Injury,NA,NA,NA,Unknown,Moving Constant Speed,25,No,0,NA,NA,38.99020227,-77.02319555,2024,3,2
240012589,Injury Crash,03/16/2024 01:07:00 AM,NA,NA,Rear To Side,Clear,Dry,Medium,Flashing Traffic Control Signal,NONE DETECTED,No,Possible Minor Injury,NA,Not Distracted,MD,Passenger Car,Moving Constant Speed,45,No,2010,FORD,FUSION,39.15648374,-77.26656171,2024,3,1
240012589,Injury Crash,03/16/2024 01:07:00 AM,NA,NA,Rear To Side,Clear,Dry,Medium,Flashing Traffic Control Signal,NONE DETECTED,Yes,No Apparent Injury,Failed to Yield Right-of-Way,Not Distracted,MD,Passenger Car,Accelerating,35,No,2011,TOYOTA,RAV4,39.15648374,-77.26656171,2024,3,1
240012584,Injury Crash,03/15/2024 11:25:00 PM,FREDERICK RD (SB/L),Pedestrian,Single Vehicle,Clear,Dry,Dark,No Controls,NONE DETECTED,No,No Apparent Injury,NA,Unknown,MD,Passenger Car,Moving Constant Speed,40,No,2018,FORD,TAURUS,39.15761033,-77.21803062,2024,3,23
240012576,Property Damage Crash,03/15/2024 09:24:00 PM,NA,NA,Front to Rear,Rain,Wet,Medium,Other Signal,NONE DETECTED,No,No Apparent Injury,NA,Not Distracted,MD,Passenger Car,Stopped in Traffic,35,No,2023,TESLA,MODEL Y,38.99132167,-77.01030067,2024,3,21
240012576,Property Damage Crash,03/15/2024 09:24:00 PM,NA,NA,Front to Rear,Rain,Wet,Medium,Other Signal,NONE DETECTED,Yes,No Apparent Injury,Followed Too Closely,Unknown,NA,Passenger Car,Slowing or Stopping,35,No,2009,TOYOTA,COROLLA,38.99132167,-77.01030067,2024,3,21
240012575,Property Damage Crash,03/15/2024 08:45:00 PM,NA,NA,"Sideswipe, Same Direction",Rain,NA,Medium,NA,NONE DETECTED,No,No Apparent Injury,NA,Not Distracted,MD,Passenger Car,Turning Right,0,No,2020,JEEP,RENEGADE,39.04747906,-77.10223739,2024,3,20
240012575,Property Damage Crash,03/15/2024 08:45:00 PM,NA,NA,"Sideswipe, Same Direction",Rain,NA,Medium,NA,NONE DETECTED,No,No Apparent Injury,NA,Not Distracted,MD,Passenger Car,Turning Right,0,No,2024,TOYOTA,COROLLA,39.04747906,-77.10223739,2024,3,20
240012572,Property Damage Crash,03/15/2024 08:08:00 PM,ARMISTEAD RD,NA,Single Vehicle,Clear,Dry,Medium,No Controls,ALCOHOL PRESENT,Yes,No Apparent Injury,NA,Unknown,MD,Passenger Car,Parked,25,No,2006,ACURA,UNKNOWN,39.0137687,-76.9818557,2024,3,20
240012555,Injury Crash,03/15/2024 07:36:00 PM,GERMANTOWN RD,NA,Front to Rear,Rain,Wet,Medium,Stop Sign,NONE DETECTED,No,Possible Minor Injury,NA,Not Distracted,MD,Passenger Car,Moving Constant Speed,45,No,2022,TOYOTA,HIGHLANDER,39.18117463,-77.26194608,2024,3,19
240012555,Injury Crash,03/15/2024 07:36:00 PM,GERMANTOWN RD,NA,Front to Rear,Rain,Wet,Medium,Traffic Control Signal,NONE DETECTED,No,No Apparent Injury,NA,Unknown,MD,Passenger Car,Leaving Traffic Lane,45,No,2019,BMW,330XI,39.18117463,-77.26194608,2024,3,19
240012569,Property Damage Crash,03/15/2024 07:30:00 PM,RAMP 2 FR IS 495 WB TO MD 185 NB,NA,"Sideswipe, Same Direction",Clear,Dry,Dark,No Controls,NONE DETECTED,No,NA,NA,NA,NA,Passenger Car,Changing Lanes,35,No,2020,VOLVO,UNKNOWN,39.00637575,-77.07243576,2024,3,19
240012569,Property Damage Crash,03/15/2024 07:30:00 PM,RAMP 2 FR IS 495 WB TO MD 185 NB,NA,"Sideswipe, Same Direction",Clear,Dry,Dark,No Controls,NONE DETECTED,No,No Apparent Injury,NA,Not Distracted,MD,Passenger Car,Moving Constant Speed,35,No,2014,MERCEDES-BENZ,UNKNOWN,39.00637575,-77.07243576,2024,3,19
240012546,Injury Crash,03/15/2024 06:35:00 PM,NA,NA,"Sideswipe, Opposite Direction",Cloudy,Dry,Daylight,No Controls,NONE DETECTED,No,Possible Minor Injury,NA,Unknown,NA,Motorcycle - 2 Wheeled,Turning Left,35,No,2022,QIPAI,KPR,39.07551691,-77.117055,2024,3,18
240012546,Injury Crash,03/15/2024 06:35:00 PM,NA,NA,"Sideswipe, Opposite Direction",Cloudy,Dry,Daylight,No Controls,NONE DETECTED,No,No Apparent Injury,NA,Not Distracted,MD,Passenger Car,Turning Left,35,No,2014,TOYOTA,CAMRY,39.07551691,-77.117055,2024,3,18
240012540,Property Damage Crash,03/15/2024 06:00:00 PM,FATHER HURLEY BLVD (NB/L),NA,Front to Rear,Clear,Dry,Daylight,No Controls,NONE DETECTED,No,No Apparent Injury,NA,Not Distracted,MD,Passenger Car,Slowing or Stopping,30,No,2021,JEEP,WRANGLER,39.19587183,-77.2663816,2024,3,18
240012540,Property Damage Crash,03/15/2024 06:00:00 PM,FATHER HURLEY BLVD (NB/L),NA,Front to Rear,Clear,Dry,Daylight,No Controls,NONE DETECTED,No,No Apparent Injury,NA,Unknown,MD,All-Terrain Vehicle/All-Terrain Cycle (ATV/ATC),Moving Constant Speed,30,No,2009,BMW,328I,39.19587183,-77.2663816,2024,3,18
240012539,Property Damage Crash,03/15/2024 05:50:00 PM,BRADLEY BLVD,NA,Front to Rear,Cloudy,Wet,Daylight,Traffic Control Signal,NONE DETECTED,No,No Apparent Injury,NA,Not Distracted,MD,Sport Utility Vehicle,Stopped in Traffic,35,No,2017,TOYOTA,RAV4,39.00203135,-77.18084118,2024,3,17
240012539,Property Damage Crash,03/15/2024 05:50:00 PM,BRADLEY BLVD,NA,Front to Rear,Cloudy,Wet,Daylight,Traffic Control Signal,NONE DETECTED,Yes,No Apparent Injury,"Followed Too Closely, Other Improper Action",Unknown,VA,Passenger Car,Accelerating,35,No,2014,TOYOTA,CAMRY,39.00203135,-77.18084118,2024,3,17
240012532,Property Damage Crash,03/15/2024 05:14:00 PM,NEW HAMPSHIRE AVE (SB/L),NA,"Sideswipe, Same Direction",Clear,Wet,Daylight,No Controls,NONE DETECTED,No,No Apparent Injury,NA,Not Distracted,NA,Passenger Car,Changing Lanes,40,No,2011,HONDA,UNKNOWN,39.03812744,-76.98999207,2024,3,17