Local Case Number,ACRS Report Type,Crash Date/Time,Road Name,Related Non-Motorist,Collision Type,Weather,Surface Condition,Light,Traffic Control,Driver Substance Abuse,Driver At Fault,Injury Severity,Circumstance,Driver Distracted By,Drivers License State,Vehicle Body Type,Vehicle Movement,Speed Limit,Driverless Vehicle,Vehicle Year,Vehicle Make,Vehicle Model,Latitude,Longitude,Year,Month,Hour
240012299,Injury Crash,03/14/2024 04:00:00 PM,NA,NA,Angle,Clear,NA,Daylight,NA,NONE DETECTED,Yes,Possible Minor Injury,Other Improper Action,Not Distracted,MD,Passenger Car,Moving Constant Speed,0,No,2012,FORD,FOCUS,39.07704777,-77.00203808,2024,3,16
240012307,Property Damage Crash,03/14/2024 03:56:00 PM,NA,NA,Front to Rear,Clear,Dry,Daylight,No Controls,NONE DETECTED,Yes,No Apparent Injury,NA,Not Distracted,NA,Passenger Car,Slowing or Stopping,40,No,2015,HONDA,CIVIC,39.15358,-77.28763833,2024,3,15
240012307,Property Damage Crash,03/14/2024 03:56:00 PM,NA,NA,Front to Rear,Clear,Dry,Daylight,No Controls,NONE DETECTED,No,No Apparent Injury,NA,Not Distracted,MD,Passenger Car,Slowing or Stopping,40,No,2008,BMW,135I,39.15358,-77.28763833,2024,3,15
240012281,Property Damage Crash,03/14/2024 03:45:00 PM,FIRSTFIELD RD,NA,Front to Rear,Clear,Dry,Daylight,No Controls,NONE DETECTED,No,No Apparent Injury,NA,Unknown,NA,Sport Utility Vehicle,Backing,25,No,2014,GMC,ACADIA,39.14485648,-77.21889923,2024,3,15
240012281,Property Damage Crash,03/14/2024 03:45:00 PM,FIRSTFIELD RD,NA,Front to Rear,Clear,Dry,Daylight,No Controls,NONE DETECTED,No,No Apparent Injury,NA,Not Distracted,MD,Van - Passenger (&lt;9 Seats),Stopped in Traffic,20,No,2018,RAM,CARGO VAN,39.14485648,-77.21889923,2024,3,15
240012289,Injury Crash,03/14/2024 03:27:00 PM,WISCONSIN AVE,NA,Front to Rear,Clear,Dry,Daylight,Traffic Control Signal,NONE DETECTED,No,No Apparent Injury,NA,"Other Action (looking away from task, etc.)",MD,Bus - Other Type,Slowing or Stopping,30,No,1992,FORD,UNKNOWN,38.96190715,-77.08612762,2024,3,15
240012289,Injury Crash,03/14/2024 03:27:00 PM,WISCONSIN AVE,NA,Front to Rear,Clear,Dry,Daylight,Traffic Control Signal,NONE DETECTED,No,Possible Minor Injury,NA,Not Distracted,DC,Passenger Car,Turning Right,30,No,2006,LAND ROVER,LR3,38.96190715,-77.08612762,2024,3,15
240012279,Property Damage Crash,03/14/2024 02:38:00 PM,NA,NA,Rear To Rear,Clear,NA,Daylight,NA,NONE DETECTED,No,No Apparent Injury,NA,Not Distracted,MD,Passenger Car,Backing,0,No,2020,HONDA,CIVIC,39.09181129,-77.15263267,2024,3,14
240012279,Property Damage Crash,03/14/2024 02:38:00 PM,NA,NA,Rear To Rear,Clear,NA,Daylight,NA,NONE DETECTED,No,No Apparent Injury,NA,Not Distracted,MD,Passenger Car,Parked,0,No,2022,TOYOTA,CAMRY,39.09181129,-77.15263267,2024,3,14
240012277,Injury Crash,03/14/2024 02:34:00 PM,NA,Pedestrian,Single Vehicle,Clear,Dry,Daylight,No Controls,NONE DETECTED,No,No Apparent Injury,"Failed to Yield Right-of-Way, Too Fast For Conditions",Not Distracted,MD,Passenger Car,Turning Right,25,No,2018,FORD,UNKNOWN,39.14769554,-77.20609231,2024,3,14
240012258,Property Damage Crash,03/14/2024 01:30:00 PM,GREAT SENECA HWY,NA,Front to Rear,Clear,Dry,Daylight,Traffic Control Signal,NONE DETECTED,No,No Apparent Injury,NA,Not Distracted,MD,Other,Moving Constant Speed,35,No,2018,KENWORTH,T400,39.15851966,-77.27542282,2024,3,13
240012258,Property Damage Crash,03/14/2024 01:30:00 PM,GREAT SENECA HWY,NA,Front to Rear,Clear,Dry,Daylight,Traffic Control Signal,NONE DETECTED,Yes,No Apparent Injury,Other Improper Action,Unknown,MD,Passenger Car,Overtaking/Passing,35,No,2016,HYUNDAI,ELANTRA,39.15851966,-77.27542282,2024,3,13
240012257,Injury Crash,03/14/2024 01:20:00 PM,RUSSELL AVE (SB/L),NA,Front to Front,Clear,Dry,Daylight,Traffic Control Signal,NONE DETECTED,Yes,Possible Minor Injury,Failed to Yield Right-of-Way,Unknown,MD,Passenger Car,Turning Left,35,No,2013,BUICK,ENCLAVE,39.157565,-77.213585,2024,3,13
240012257,Injury Crash,03/14/2024 01:20:00 PM,RUSSELL AVE (SB/L),NA,Front to Front,Clear,Dry,Daylight,Traffic Control Signal,NONE DETECTED,No,No Apparent Injury,NA,Not Distracted,MD,Passenger Car,Moving Constant Speed,35,No,2020,HONDA,ACCORD,39.157565,-77.213585,2024,3,13
240012251,Property Damage Crash,03/14/2024 01:09:00 PM,OLD GEORGETOWN RD (SB/L),NA,"Sideswipe, Same Direction",Clear,Dry,Daylight,No Controls,NONE DETECTED,No,NA,NA,NA,NA,Passenger Car,Overtaking/Passing,30,No,0,NA,NA,39.04914081,-77.11738683,2024,3,13
240012251,Property Damage Crash,03/14/2024 01:09:00 PM,OLD GEORGETOWN RD (SB/L),NA,"Sideswipe, Same Direction",Clear,Dry,Daylight,No Controls,NONE DETECTED,No,No Apparent Injury,NA,Not Distracted,MD,Bus - School,Overtaking/Passing,30,No,2024,THOMAS BUILT,ER TRANSIT (ENGINE REAR),39.04914081,-77.11738683,2024,3,13
240012246,Property Damage Crash,03/14/2024 12:23:00 PM,CSX TRACK 2 RAIL,NA,Front to Rear,Clear,Dry,Daylight,No Controls,NONE DETECTED,No,No Apparent Injury,NA,"Other Action (looking away from task, etc.)",MD,Passenger Car,Slowing or Stopping,35,No,2018,CHRYSLER,PACIFICA,39.07605434,-77.13603103,2024,3,12
240012246,Property Damage Crash,03/14/2024 12:23:00 PM,CSX TRACK 2 RAIL,NA,Front to Rear,Clear,Dry,Daylight,No Controls,NONE DETECTED,No,No Apparent Injury,NA,Not Distracted,MD,Passenger Car,Slowing or Stopping,35,No,2024,NISSAN,KICKS,39.07605434,-77.13603103,2024,3,12
240012241,Injury Crash,03/14/2024 11:52:00 AM,NA,NA,Other,Clear,Dry,Daylight,No Controls,NONE DETECTED,No,No Apparent Injury,NA,Not Distracted,MD,Passenger Car,Stopped in Traffic,30,No,2020,NISSAN,ALTIMA,39.03578283,-77.13046666,2024,3,11
240012241,Injury Crash,03/14/2024 11:52:00 AM,NA,NA,Other,Clear,Dry,Daylight,No Controls,NONE DETECTED,No,No Apparent Injury,NA,Not Distracted,MD,Sport Utility Vehicle,Stopped in Traffic,30,No,2018,HONDA,PILOT,39.03578283,-77.13046666,2024,3,11
240012241,Injury Crash,03/14/2024 11:52:00 AM,NA,NA,Other,Clear,Dry,Daylight,No Controls,NONE DETECTED,Yes,No Apparent Injury,Too Fast For Conditions,Unknown,MD,Bus - School,Moving Constant Speed,30,No,2013,THOMAS BUILT,SCHOOL BUS,39.03578283,-77.13046666,2024,3,11
240012229,Injury Crash,03/14/2024 11:13:00 AM,ORCHARD CIR (SB/L),NA,Single Vehicle,Clear,Dry,Daylight,No Controls,NONE DETECTED,Yes,Possible Minor Injury,NA,Unknown,MD,Sport Utility Vehicle,Leaving Traffic Lane,10,No,2011,HONDA,CR-V,39.05088779,-76.94734438,2024,3,11
240012232,Property Damage Crash,03/14/2024 09:40:00 AM,BREADY RD,NA,"Sideswipe, Same Direction",Clear,Dry,Daylight,No Controls,NONE DETECTED,No,No Apparent Injury,NA,Not Distracted,MD,Passenger Car,Moving Constant Speed,35,No,2013,INFINITI,JX35,39.15186591,-77.10050944,2024,3,9
240012232,Property Damage Crash,03/14/2024 09:40:00 AM,BREADY RD,NA,"Sideswipe, Same Direction",Clear,Dry,Daylight,No Controls,NONE DETECTED,Yes,NA,NA,NA,NA,Pickup,Overtaking/Passing,35,No,2016,DODGE,UNKNOWN,39.15186591,-77.10050944,2024,3,9
240012205,Property Damage Crash,03/14/2024 08:53:00 AM,DWIGHT CT,NA,Single Vehicle,Clear,Dry,Daylight,No Controls,NONE DETECTED,Yes,No Apparent Injury,NA,Not Distracted,MD,Bus - School,Backing,25,No,2021,THOMAS BUILT,SCHOOL BUS,39.00317927,-77.15685348,2024,3,8
240012341,Property Damage Crash,03/14/2024 08:15:00 AM,NA,NA,Angle,Clear,NA,Daylight,NA,NONE DETECTED,No,NA,NA,NA,NA,Passenger Car,Accelerating,0,No,2022,CHEVROLET,MALIBU,39.08975023,-77.0667677,2024,3,8
240012341,Property Damage Crash,03/14/2024 08:15:00 AM,NA,NA,Angle,Clear,NA,Daylight,NA,NONE DETECTED,No,No Apparent Injury,NA,Not Distracted,MD,Passenger Car,Moving Constant Speed,0,No,2012,TOYOTA,YARIS,39.08975023,-77.0667677,2024,3,8
240012198,Injury Crash,03/14/2024 07:52:00 AM,NEW HAMPSHIRE AVE,NA,Front to Rear,Clear,Dry,Daylight,No Controls,NONE DETECTED,No,Possible Minor Injury,NA,Not Distracted,MD,Van - Passenger (&lt;9 Seats),Moving Constant Speed,35,No,2017,FORD,TRANSIT,39.01561095,-76.97762397,2024,3,7
240012198,Injury Crash,03/14/2024 07:52:00 AM,NEW HAMPSHIRE AVE,NA,Front to Rear,Clear,Dry,Daylight,No Controls,NONE DETECTED,Yes,No Apparent Injury,"Followed Too Closely, Operated Motor Vehicle in Inattentive, Careless, Negligent, or Erratic Manner",Not Distracted,MD,Passenger Car,Moving Constant Speed,35,No,2010,TOYOTA,COROLLA,39.01561095,-76.97762397,2024,3,7
240012195,Property Damage Crash,03/14/2024 07:35:00 AM,COLESVILLE RD (WB/L),NA,"Sideswipe, Same Direction",Clear,Dry,Daylight,Traffic Control Signal,NONE DETECTED,No,No Apparent Injury,NA,Not Distracted,MD,Single-Unit Truck,Moving Constant Speed,30,No,2023,INTERNATIONAL,MV607,38.99461917,-77.03082967,2024,3,7
240012195,Property Damage Crash,03/14/2024 07:35:00 AM,COLESVILLE RD (WB/L),NA,"Sideswipe, Same Direction",Clear,Dry,Daylight,Traffic Control Signal,NONE DETECTED,Yes,No Apparent Injury,Failed to Yield Right-of-Way,Unknown,MD,Passenger Car,Changing Lanes,30,No,2017,HYUNDAI,TUCSON,38.99461917,-77.03082967,2024,3,7
240012199,Property Damage Crash,03/14/2024 07:31:00 AM,E FRANKLIN AVE,NA,Angle,Clear,Dry,Daylight,Traffic Control Signal,NONE DETECTED,No,No Apparent Injury,NA,Not Distracted,MD,Passenger Car,Moving Constant Speed,30,No,2017,NISSAN,PATHFINDER,39.01215626,-77.00254876,2024,3,7
240012199,Property Damage Crash,03/14/2024 07:31:00 AM,E FRANKLIN AVE,NA,Angle,Clear,Dry,Daylight,Traffic Control Signal,NONE DETECTED,Yes,No Apparent Injury,Failed to Yield Right-of-Way,Not Distracted,MD,Bus - School,Turning Left,30,No,2018,THOMAS BUILT,SCHOOL BUS,39.01215626,-77.00254876,2024,3,7
240012194,Property Damage Crash,03/14/2024 06:35:00 AM,OBSERVATION DR,NA,Rear To Side,Clear,Dry,Medium,Traffic Control Signal,NONE DETECTED,No,No Apparent Injury,NA,Not Distracted,MD,Passenger Car,Stopped in Traffic,40,No,2022,FORD,MUSTANG,39.17842718,-77.24189553,2024,3,6
240012194,Property Damage Crash,03/14/2024 06:35:00 AM,OBSERVATION DR,NA,Rear To Side,Clear,Dry,Medium,Traffic Control Signal,NONE DETECTED,Yes,No Apparent Injury,Failed to Yield Right-of-Way,Not Distracted,MD,Passenger Car,Turning Left,40,No,2011,ACURA,TL,39.17842718,-77.24189553,2024,3,6
240012194,Property Damage Crash,03/14/2024 06:35:00 AM,OBSERVATION DR,NA,Rear To Side,Clear,Dry,Medium,Traffic Control Signal,NONE DETECTED,No,No Apparent Injury,NA,Not Distracted,MD,Passenger Car,Accelerating,40,No,2015,TOYOTA,COROLLA,39.17842718,-77.24189553,2024,3,6
240012193,Injury Crash,03/14/2024 06:12:00 AM,OLD GEORGETOWN RD,NA,Front to Rear,Clear,Dry,Dark,Traffic Control Signal,NONE DETECTED,No,No Apparent Injury,NA,Not Distracted,MD,Other Trucks,Moving Constant Speed,35,No,2013,FORD,F-250,39.00248378,-77.10977742,2024,3,6
240012193,Injury Crash,03/14/2024 06:12:00 AM,OLD GEORGETOWN RD,NA,Front to Rear,Clear,Dry,Dark,Traffic Control Signal,NONE DETECTED,Yes,No Apparent Injury,NA,Not Distracted,MD,Other Trucks,Stopped in Traffic,35,No,1998,PETERBILT,379,39.00248378,-77.10977742,2024,3,6
240012193,Injury Crash,03/14/2024 06:12:00 AM,OLD GEORGETOWN RD,NA,Front to Rear,Clear,Dry,Dark,Traffic Control Signal,NONE DETECTED,Yes,Possible Minor Injury,"Other Improper Action, Swerved or Avoided Due to Wind, Slippery Surface, Motor Vehicle, Object, Non-Motorist in Roadway, etc",Not Distracted,DC,Single-Unit Truck,Moving Constant Speed,35,No,2016,FORD,TRANSIT,39.00248378,-77.10977742,2024,3,6
240012189,Property Damage Crash,03/14/2024 02:18:00 AM,UNIVERSITY BLVD W,NA,Single Vehicle,Clear,Dry,Medium,No Controls,ALCOHOL PRESENT,Yes,No Apparent Injury,NA,Unknown,MD,Passenger Car,NA,35,No,2007,HONDA,ACCORD,39.03533649,-77.02550409,2024,3,2
240012184,Property Damage Crash,03/14/2024 12:31:00 AM,WEISMAN RD,NA,"Sideswipe, Same Direction",Clear,Dry,Medium,No Controls,NONE DETECTED,No,No Apparent Injury,"Failed to Keep in Proper Lane, Other Improper Action, Too Fast For Conditions","Manually Operating (dialing, playing game, etc.)",MD,Passenger Car,Moving Constant Speed,25,No,2008,LEXUS,IS,39.05556917,-77.05903971,2024,3,0
240012180,Property Damage Crash,03/13/2024 10:49:00 PM,NA,NA,Single Vehicle,Clear,NA,Dark,NA,ALCOHOL PRESENT,No,No Apparent Injury,NA,Unknown,MD,Passenger Car,Moving Constant Speed,0,No,2019,FORD,ESCAPE,39.14471423,-77.19204704,2024,3,22
240012179,Injury Crash,03/13/2024 10:34:00 PM,INDIGO RD,NA,Front to Front,Clear,Dry,Medium,No Controls,NONE DETECTED,No,Possible Minor Injury,Other Improper Action,Not Distracted,MD,Passenger Car,Moving Constant Speed,25,No,2009,CHEVROLET,EXPRESS,39.05035682,-77.07871813,2024,3,22
240012179,Injury Crash,03/13/2024 10:34:00 PM,INDIGO RD,NA,Front to Front,Clear,Dry,Medium,No Controls,NONE DETECTED,No,No Apparent Injury,NA,Not Distracted,MD,Sport Utility Vehicle,Slowing or Stopping,25,No,2021,JEEP,WRANGLER,39.05035682,-77.07871813,2024,3,22
240012171,Injury Crash,03/13/2024 10:18:00 PM,OAKVIEW DR,Pedestrian,Single Vehicle,Clear,Dry,Medium,Traffic Control Signal,NONE DETECTED,Yes,No Apparent Injury,Failed to Yield Right-of-Way,Not Distracted,MD,Passenger Car,Accelerating,35,No,2009,NISSAN,ALTIMA,39.01530819,-76.97797122,2024,3,22
240012172,Property Damage Crash,03/13/2024 10:17:00 PM,MONROE ST,NA,Other,Clear,Dry,Medium,Flashing Traffic Control Signal,NONE DETECTED,No,No Apparent Injury,NA,Not Distracted,MD,Passenger Car,Moving Constant Speed,25,No,1992,EAGLE,UNKNOWN,39.08200688,-77.14916145,2024,3,22
240012172,Property Damage Crash,03/13/2024 10:17:00 PM,MONROE ST,NA,Other,Clear,Dry,Medium,No Controls,NONE DETECTED,No,No Apparent Injury,NA,Not Distracted,MD,Passenger Car,Moving Constant Speed,25,No,2010,TOYOTA,CAMRY,39.08200688,-77.14916145,2024,3,22
240012138,Property Damage Crash,03/13/2024 05:16:00 PM,NA,NA,Front to Rear,Clear,Dry,Daylight,No Controls,NONE DETECTED,Yes,No Apparent Injury,NA,Not Distracted,NJ,Passenger Car,Slowing or Stopping,30,No,2015,FORD,FUSION,39.07360083,-77.0951185,2024,3,17
240012138,Property Damage Crash,03/13/2024 05:16:00 PM,NA,NA,Front to Rear,Clear,Dry,Daylight,No Controls,NONE DETECTED,No,No Apparent Injury,NA,Not Distracted,FL,Passenger Car,Slowing or Stopping,30,No,2013,MERCEDES-BENZ,E-CLASS,39.07360083,-77.0951185,2024,3,17
240012129,Injury Crash,03/13/2024 04:30:00 PM,AVONDALE ST,NA,Other,Clear,Dry,Daylight,No Controls,NONE DETECTED,No,No Apparent Injury,NA,Not Distracted,DC,Sport Utility Vehicle,Making U-Turn,25,No,2022,BMW,X5,38.98616271,-77.09404,2024,3,16
240012129,Injury Crash,03/13/2024 04:30:00 PM,AVONDALE ST,NA,Other,Clear,Dry,Daylight,No Controls,NONE DETECTED,Yes,Possible Minor Injury,Failed to Yield Right-of-Way,Unknown,MD,Sport Utility Vehicle,Moving Constant Speed,25,No,2022,HYUNDAI,VENUE,38.98616271,-77.09404,2024,3,16
240012124,Property Damage Crash,03/13/2024 04:22:00 PM,E JEFFERSON ST (WB/L),NA,"Sideswipe, Same Direction",Clear,Dry,Daylight,No Controls,NONE DETECTED,Yes,No Apparent Injury,NA,Not Distracted,MD,Bus - School,Moving Constant Speed,30,No,2013,THOMAS BUILT,SCHOOL BUS,39.08193798,-77.14903529,2024,3,16
240012124,Property Damage Crash,03/13/2024 04:22:00 PM,E JEFFERSON ST (WB/L),NA,"Sideswipe, Same Direction",Clear,Dry,Daylight,No Controls,NONE DETECTED,No,No Apparent Injury,NA,Not Distracted,MD,Pickup,Moving Constant Speed,30,No,2015,CHEVROLET,3500,39.08193798,-77.14903529,2024,3,16
240012126,Property Damage Crash,03/13/2024 04:14:00 PM,OLD GEORGETOWN RD (SB/L),NA,Front to Rear,Clear,Dry,Daylight,No Controls,NONE DETECTED,No,No Apparent Injury,NA,Not Distracted,MD,Passenger Car,Slowing or Stopping,35,No,2008,TOYOTA,COROLLA MATRIX,39.041095,-77.12201833,2024,3,16
240012126,Property Damage Crash,03/13/2024 04:14:00 PM,OLD GEORGETOWN RD (SB/L),NA,Front to Rear,Clear,Dry,Daylight,No Controls,NONE DETECTED,No,No Apparent Injury,NA,Not Distracted,MD,Passenger Car,Moving Constant Speed,35,No,2003,TOYOTA,COROLLA,39.041095,-77.12201833,2024,3,16
240012126,Property Damage Crash,03/13/2024 04:14:00 PM,OLD GEORGETOWN RD (SB/L),NA,Front to Rear,Clear,Dry,Daylight,No Controls,NONE DETECTED,No,No Apparent Injury,NA,Not Distracted,MD,Passenger Car,Moving Constant Speed,35,No,2021,TOYOTA,COROLLA,39.041095,-77.12201833,2024,3,16
240012123,Injury Crash,03/13/2024 04:13:00 PM,GEORGIA AVE (SB/L),NA,Angle,Cloudy,Dry,Daylight,Traffic Control Signal,NONE DETECTED,Yes,Possible Minor Injury,NA,Not Distracted,MD,Passenger Car,Turning Left,45,No,2015,BMW,650I,39.13051099,-77.07108619,2024,3,16
240012123,Injury Crash,03/13/2024 04:13:00 PM,GEORGIA AVE (SB/L),NA,Angle,Cloudy,Dry,Daylight,Traffic Control Signal,NONE DETECTED,No,No Apparent Injury,NA,Not Distracted,MD,Pickup,Moving Constant Speed,45,No,2020,CHEVROLET,SILVERADO,39.13051099,-77.07108619,2024,3,16
240012125,Property Damage Crash,03/13/2024 03:39:00 PM,BEL PRE RD,NA,Front to Rear,Clear,Dry,Daylight,No Controls,NONE DETECTED,No,No Apparent Injury,"Followed Too Closely, Too Fast For Conditions",Unknown,NA,Passenger Car,Slowing or Stopping,35,No,2017,FORD,ESCAPE,39.09131985,-77.06731411,2024,3,15
240012125,Property Damage Crash,03/13/2024 03:39:00 PM,BEL PRE RD,NA,Front to Rear,Clear,Dry,Daylight,No Controls,NONE DETECTED,No,No Apparent Injury,NA,Not Distracted,MD,Passenger Car,Moving Constant Speed,35,No,2018,FORD,ESCAPE,39.09131985,-77.06731411,2024,3,15
240012115,Property Damage Crash,03/13/2024 03:05:00 PM,AIRCRAFT DR,NA,Angle,Clear,Dry,Daylight,Traffic Control Signal,NONE DETECTED,No,No Apparent Injury,NA,Not Distracted,MD,Passenger Car,Slowing or Stopping,40,No,2019,DODGE,CHARGER,39.18209484,-77.26022287,2024,3,15
240012115,Property Damage Crash,03/13/2024 03:05:00 PM,AIRCRAFT DR,NA,Angle,Clear,Dry,Daylight,Other,NONE DETECTED,Yes,No Apparent Injury,"Failed to Yield Right-of-Way, Other Improper Action",Not Distracted,MD,Passenger Car,Moving Constant Speed,40,No,2017,HONDA,CIVIC,39.18209484,-77.26022287,2024,3,15
240012133,Property Damage Crash,03/13/2024 03:00:00 PM,NA,NA,Other,Clear,NA,Daylight,NA,NONE DETECTED,No,NA,NA,NA,NA,Unknown,Moving Constant Speed,0,No,2024,BUICK,ENCLAVE,39.12532832,-77.20429566,2024,3,15
240011915,Injury Crash,03/13/2024 02:21:00 PM,NA,Pedestrian,Single Vehicle,Clear,Dry,Daylight,Traffic Control Signal,NONE DETECTED,Yes,No Apparent Injury,Failed to Yield Right-of-Way,Unknown,MD,Van - Passenger (&lt;9 Seats),Turning Left,25,No,2020,TOYOTA,SIENNA,38.9872766,-77.02675594,2024,3,14
240012071,Property Damage Crash,03/13/2024 11:15:00 AM,GRAND PRE RD,NA,Rear To Side,Clear,Dry,Daylight,No Controls,NONE DETECTED,Yes,No Apparent Injury,Improper Backing,Unknown,MD,Other Trucks,Backing,25,No,2015,FORD,F-550,39.09128649,-77.07638384,2024,3,11
240012053,Property Damage Crash,03/13/2024 09:03:00 AM,MONTROSE RD,NA,Front to Rear,Clear,Dry,Daylight,Traffic Control Signal,NONE DETECTED,No,No Apparent Injury,NA,Not Distracted,MD,Passenger Car,Stopped in Traffic,45,No,2017,FORD,TAURUS,39.05597101,-77.17865236,2024,3,9
240012053,Property Damage Crash,03/13/2024 09:03:00 AM,MONTROSE RD,NA,Front to Rear,Clear,Dry,Daylight,Traffic Control Signal,NONE DETECTED,Yes,No Apparent Injury,Followed Too Closely,Unknown,MD,Passenger Car,NA,45,No,2023,KIA,SOUL,39.05597101,-77.17865236,2024,3,9
240012052,Property Damage Crash,03/13/2024 09:00:00 AM,ASPEN HILL RD,NA,"Sideswipe, Same Direction",Clear,Dry,Daylight,Traffic Control Signal,NONE DETECTED,No,No Apparent Injury,NA,Not Distracted,MD,Bus - School,Slowing or Stopping,35,No,2018,THOMAS BUILT,SCHOOL BUS,39.08020954,-77.08094225,2024,3,9
240012052,Property Damage Crash,03/13/2024 09:00:00 AM,ASPEN HILL RD,NA,"Sideswipe, Same Direction",Clear,Dry,Daylight,Traffic Control Signal,NONE DETECTED,No,No Apparent Injury,NA,Not Distracted,MD,Bus - School,Slowing or Stopping,35,No,2014,THOMAS BUILT,SCHOOL BUS,39.08020954,-77.08094225,2024,3,9
240012050,Property Damage Crash,03/13/2024 08:50:00 AM,CONNECTICUT AVE (SB/L),NA,Front to Rear,Clear,Dry,Daylight,Traffic Control Signal,NONE DETECTED,No,No Apparent Injury,NA,Not Distracted,MD,Sport Utility Vehicle,Stopped in Traffic,35,No,2011,HYUNDAI,SANTA FE,39.0296703,-77.07598815,2024,3,8
240012050,Property Damage Crash,03/13/2024 08:50:00 AM,CONNECTICUT AVE (SB/L),NA,Front to Rear,Clear,Dry,Daylight,Traffic Control Signal,NONE DETECTED,Yes,No Apparent Injury,NA,"Other Action (looking away from task, etc.)",MD,Passenger Car,Moving Constant Speed,35,No,2013,TOYOTA,PRIUS,39.0296703,-77.07598815,2024,3,8
240012036,Injury Crash,03/13/2024 06:45:00 AM,NA,NA,Front to Rear,Clear,Dry,Medium,Traffic Control Signal,NONE DETECTED,No,Possible Minor Injury,NA,Not Distracted,MD,Passenger Car,Stopped in Traffic,35,No,2021,TOYOTA,CAMRY,39.16250676,-77.16569976,2024,3,6
240012036,Injury Crash,03/13/2024 06:45:00 AM,NA,NA,Front to Rear,Clear,Dry,Medium,Traffic Control Signal,NONE DETECTED,Yes,No Apparent Injury,"Followed Too Closely, Operated Motor Vehicle in Inattentive, Careless, Negligent, or Erratic Manner",Not Distracted,MD,Single-Unit Truck,Slowing or Stopping,35,No,2011,MACK,600,39.16250676,-77.16569976,2024,3,6
240012038,Injury Crash,03/13/2024 06:34:00 AM,CONNECTICUT AVE (SB/L),NA,Other,Clear,Dry,Medium,Traffic Control Signal,NONE DETECTED,No,Possible Minor Injury,NA,Not Distracted,MD,Sport Utility Vehicle,Slowing or Stopping,35,No,2005,TOYOTA,4-RUNNER,39.00610917,-77.07860103,2024,3,6
240012038,Injury Crash,03/13/2024 06:34:00 AM,CONNECTICUT AVE (SB/L),NA,Other,Clear,Dry,Medium,Traffic Control Signal,NONE DETECTED,Yes,No Apparent Injury,NA,Not Distracted,MD,Passenger Car,Slowing or Stopping,35,No,2006,SUBARU,FORESTER,39.00610917,-77.07860103,2024,3,6
240012038,Injury Crash,03/13/2024 06:34:00 AM,CONNECTICUT AVE (SB/L),NA,Other,Clear,Dry,Medium,Traffic Control Signal,NONE DETECTED,No,No Apparent Injury,NA,Not Distracted,MD,Pickup,Slowing or Stopping,35,No,2017,TOYOTA,TACOMA,39.00610917,-77.07860103,2024,3,6
240012038,Injury Crash,03/13/2024 06:34:00 AM,CONNECTICUT AVE (SB/L),NA,Other,Clear,Dry,Medium,Traffic Control Signal,NONE DETECTED,No,No Apparent Injury,NA,Not Distracted,MD,Passenger Car,Accelerating,35,No,2006,ACURA,TL,39.00610917,-77.07860103,2024,3,6
240012031,Property Damage Crash,03/13/2024 05:11:00 AM,GEORGIA AVE (SB/L),NA,Angle,Clear,Dry,Medium,Flashing Traffic Control Signal,NONE DETECTED,No,No Apparent Injury,NA,Not Distracted,MD,Passenger Car,Moving Constant Speed,30,No,2022,TOYOTA,COROLLA,39.15918371,-77.06428481,2024,3,5
240012031,Property Damage Crash,03/13/2024 05:11:00 AM,GEORGIA AVE (SB/L),NA,Angle,Clear,Dry,Medium,Flashing Traffic Control Signal,NONE DETECTED,No,No Apparent Injury,Failed to Yield Right-of-Way,Not Distracted,MD,Passenger Car,Accelerating,25,No,2016,FIAT,500X,39.15918371,-77.06428481,2024,3,5
240012028,Property Damage Crash,03/13/2024 02:57:00 AM,GOLD KETTLE DR,NA,Angle,Clear,Dry,Medium,No Controls,NONE DETECTED,No,No Apparent Injury,NA,Not Distracted,MD,Passenger Car,Moving Constant Speed,15,No,2012,HONDA,PILOT,39.11658124,-77.21582372,2024,3,2