Local Case Number,ACRS Report Type,Crash Date/Time,Road Name,Related Non-Motorist,Collision Type,Weather,Surface Condition,Light,Traffic Control,Driver Substance Abuse,Driver At Fault,Injury Severity,Circumstance,Driver Distracted By,Drivers License State,Vehicle Body Type,Vehicle Movement,Speed Limit,Driverless Vehicle,Vehicle Year,Vehicle Make,Vehicle Model,Latitude,Longitude,Year,Month,Hour
240011784,Property Damage Crash,03/11/2024 06:22:00 PM,WOODFIELD RD EXT,NA,Angle,Clear,Dry,Daylight,No Controls,NONE DETECTED,No,No Apparent Injury,NA,Not Distracted,MD,Van - Passenger (&lt;9 Seats),Moving Constant Speed,35,No,2019,HONDA,ODYSSEY,39.29867383,-77.19953389,2024,3,18
240011784,Property Damage Crash,03/11/2024 06:22:00 PM,WOODFIELD RD EXT,NA,Angle,Clear,Dry,Daylight,Stop Sign,NONE DETECTED,Yes,No Apparent Injury,"Failed to Yield Right-of-Way, Improper Turn",Not Distracted,MD,Passenger Car,Entering Traffic Lane,35,No,2011,FORD,ESCAPE,39.29867383,-77.19953389,2024,3,18
240011773,Injury Crash,03/11/2024 05:34:00 PM,EAST WEST HWY,NA,Other,Clear,Dry,Daylight,No Controls,NONE DETECTED,No,Possible Minor Injury,NA,Not Distracted,PA,Passenger Car,Moving Constant Speed,35,No,2009,VOLVO,C70,38.98837249,-77.07494545,2024,3,17
240011773,Injury Crash,03/11/2024 05:34:00 PM,EAST WEST HWY,NA,Other,Clear,Dry,Daylight,Stop Sign,NONE DETECTED,Yes,No Apparent Injury,"Failed to Yield Right-of-Way, Operated Motor Vehicle in Inattentive, Careless, Negligent, or Erratic Manner, Other Improper Action",Unknown,MD,Sport Utility Vehicle,Accelerating,35,No,2020,CHEVROLET,EQUINOX,38.98837249,-77.07494545,2024,3,17
240011771,Injury Crash,03/11/2024 05:20:00 PM,OBSERVATION DR,NA,Front to Rear,Clear,Dry,Daylight,Traffic Control Signal,NONE DETECTED,No,Possible Minor Injury,NA,Not Distracted,MD,Passenger Car,Stopped in Traffic,30,No,2007,TOYOTA,COROLLA,39.17851989,-77.24201125,2024,3,17
240011771,Injury Crash,03/11/2024 05:20:00 PM,OBSERVATION DR,NA,Front to Rear,Clear,Dry,Daylight,Traffic Control Signal,NONE DETECTED,Yes,Possible Minor Injury,NA,Unknown,MD,Passenger Car,Slowing or Stopping,30,No,2019,HYUNDAI,ELANTRA,39.17851989,-77.24201125,2024,3,17
240011764,Property Damage Crash,03/11/2024 04:54:00 PM,CEDAR LA,NA,"Sideswipe, Same Direction",Clear,Dry,Daylight,Traffic Control Signal,NONE DETECTED,No,No Apparent Injury,NA,Unknown,MD,Pickup,Moving Constant Speed,35,No,2018,TOYOTA,TACOMA,39.00642089,-77.09764346,2024,3,16
240011764,Property Damage Crash,03/11/2024 04:54:00 PM,CEDAR LA,NA,"Sideswipe, Same Direction",Clear,Dry,Daylight,Traffic Control Signal,NONE DETECTED,No,No Apparent Injury,NA,Unknown,MD,Bus - Transit,Moving Constant Speed,35,No,2016,GILLIG,CITY TRANSIT BUS,39.00642089,-77.09764346,2024,3,16
240011762,Property Damage Crash,03/11/2024 04:29:00 PM,DARNESTOWN RD,NA,"Sideswipe, Same Direction",Clear,Dry,Daylight,No Controls,NONE DETECTED,No,No Apparent Injury,NA,Not Distracted,MD,Bus - School,Moving Constant Speed,40,No,2014,THOMAS BUILT,SCHOOL BUS,39.11096773,-77.23931074,2024,3,16
240011762,Property Damage Crash,03/11/2024 04:29:00 PM,DARNESTOWN RD,NA,"Sideswipe, Same Direction",Clear,Dry,Daylight,No Controls,NONE DETECTED,Yes,No Apparent Injury,Improper Passing,Not Distracted,MD,Passenger Car,Overtaking/Passing,40,No,2010,MERCEDES-BENZ,E-CLASS,39.11096773,-77.23931074,2024,3,16
240011770,Property Damage Crash,03/11/2024 04:27:00 PM,CONNECTICUT AVE,NA,Front to Rear,Clear,Dry,Daylight,Traffic Control Signal,NONE DETECTED,No,No Apparent Injury,NA,Not Distracted,NC,Passenger Car,Slowing or Stopping,35,No,2023,BMW,330I,38.99865424,-77.07692327,2024,3,16
240011770,Property Damage Crash,03/11/2024 04:27:00 PM,CONNECTICUT AVE,NA,Front to Rear,Clear,Dry,Daylight,Traffic Control Signal,NONE DETECTED,No,No Apparent Injury,NA,Not Distracted,VA,Passenger Car,Slowing or Stopping,35,No,2008,VOLKSWAGEN,BEETLE,38.99865424,-77.07692327,2024,3,16
240011756,Property Damage Crash,03/11/2024 04:16:00 PM,FAROE PL,NA,Angle,Clear,Dry,Daylight,No Controls,NONE DETECTED,No,No Apparent Injury,NA,Not Distracted,MD,Passenger Car,Stopped in Traffic,30,No,2013,TOYOTA,RAV4,39.06888731,-77.0892427,2024,3,16
240011756,Property Damage Crash,03/11/2024 04:16:00 PM,FAROE PL,NA,Angle,Clear,Dry,Daylight,No Controls,NONE DETECTED,No,No Apparent Injury,NA,Not Distracted,MD,Bus - School,Turning Left,30,No,2021,THOMAS BUILT,SCHOOL BUS,39.06888731,-77.0892427,2024,3,16
240011754,Property Damage Crash,03/11/2024 04:14:00 PM,BEL PRE RD,NA,"Sideswipe, Same Direction",Clear,Dry,Daylight,No Controls,NONE DETECTED,No,No Apparent Injury,NA,Not Distracted,NA,Passenger Car,Turning Left,35,No,2011,HONDA,PILOT,39.09051705,-77.04861654,2024,3,16
240011754,Property Damage Crash,03/11/2024 04:14:00 PM,BEL PRE RD,NA,"Sideswipe, Same Direction",Clear,Dry,Daylight,No Controls,NONE DETECTED,No,No Apparent Injury,NA,Not Distracted,MD,Passenger Car,Overtaking/Passing,35,No,2013,CHRYSLER,200,39.09051705,-77.04861654,2024,3,16
240011752,Property Damage Crash,03/11/2024 04:10:00 PM,UNIVERSITY BLVD E,NA,Front to Rear,Clear,Dry,Daylight,No Controls,NONE DETECTED,No,No Apparent Injury,Followed Too Closely,Unknown,NA,Passenger Car,Moving Constant Speed,35,No,2000,HONDA,CR-V,39.01623104,-77.00573712,2024,3,16
240011752,Property Damage Crash,03/11/2024 04:10:00 PM,UNIVERSITY BLVD E,NA,Front to Rear,Clear,Dry,Daylight,No Controls,NONE DETECTED,No,No Apparent Injury,NA,Not Distracted,MD,Passenger Car,Moving Constant Speed,35,No,2012,TOYOTA,PRIUS,39.01623104,-77.00573712,2024,3,16
240011751,Injury Crash,03/11/2024 03:42:00 PM,NA,Pedestrian,Single Vehicle,Clear,Dry,Daylight,No Controls,NONE DETECTED,No,No Apparent Injury,NA,NA,NA,Passenger Car,Backing,15,No,0,NA,NA,39.1325029,-77.17078989,2024,3,15
240011749,Property Damage Crash,03/11/2024 03:40:00 PM,ROCKVILLE PIKE,NA,"Sideswipe, Same Direction",Clear,Dry,Daylight,No Controls,NONE DETECTED,Yes,No Apparent Injury,Failed to Yield Right-of-Way,Not Distracted,MD,Passenger Car,Changing Lanes,40,No,2001,HONDA,PRELUDE,39.05651953,-77.11931768,2024,3,15
240011749,Property Damage Crash,03/11/2024 03:40:00 PM,ROCKVILLE PIKE,NA,"Sideswipe, Same Direction",Clear,Dry,Daylight,No Controls,NONE DETECTED,No,No Apparent Injury,NA,Not Distracted,VA,Pickup,Moving Constant Speed,40,No,2013,TOYOTA,TACOMA,39.05651953,-77.11931768,2024,3,15
240011744,Property Damage Crash,03/11/2024 03:30:00 PM,DEAN RD,NA,Front to Rear,Clear,Dry,Daylight,No Controls,NONE DETECTED,No,No Apparent Injury,NA,Not Distracted,NJ,Passenger Car,Moving Constant Speed,30,No,2009,HONDA,CIVIC,39.06213374,-77.06709879,2024,3,15
240011744,Property Damage Crash,03/11/2024 03:30:00 PM,DEAN RD,NA,Front to Rear,Clear,Dry,Daylight,No Controls,NONE DETECTED,Yes,No Apparent Injury,Failed to Yield Right-of-Way,Not Distracted,MD,Passenger Car,Turning Left,30,No,2011,TOYOTA,COROLLA,39.06213374,-77.06709879,2024,3,15
240011741,Property Damage Crash,03/11/2024 03:22:00 PM,RODNEY RD,NA,"Sideswipe, Same Direction",Clear,Dry,Daylight,Traffic Control Signal,NONE DETECTED,No,No Apparent Injury,NA,Not Distracted,MD,Passenger Car,Moving Constant Speed,35,No,2020,HONDA,FIT,39.02861799,-76.98321051,2024,3,15
240011741,Property Damage Crash,03/11/2024 03:22:00 PM,RODNEY RD,NA,"Sideswipe, Same Direction",Clear,Dry,Daylight,Traffic Control Signal,NONE DETECTED,No,No Apparent Injury,NA,Not Distracted,MD,Bus - School,Moving Constant Speed,35,No,2019,UNKNOWN,UNKNOWN,39.02861799,-76.98321051,2024,3,15
240011740,Injury Crash,03/11/2024 02:41:00 PM,NA,NA,Front to Rear,Clear,Dry,Daylight,No Controls,NONE DETECTED,No,Possible Minor Injury,NA,Not Distracted,MD,Passenger Car,Slowing or Stopping,35,No,2014,DODGE,CHARGER,39.08942651,-76.94779881,2024,3,14
240011740,Injury Crash,03/11/2024 02:41:00 PM,NA,NA,Front to Rear,Clear,Dry,Daylight,No Controls,NONE DETECTED,Yes,Possible Minor Injury,Followed Too Closely,"Other Action (looking away from task, etc.)",MD,Passenger Car,Moving Constant Speed,35,No,2015,FORD,INTERCEPTOR,39.08942651,-76.94779881,2024,3,14
240011742,Fatal Crash,03/11/2024 02:34:00 PM,LAYHILL RD (SB/L),NA,Angle,Clear,Dry,Daylight,Traffic Control Signal,NONE DETECTED,Yes,Possible Minor Injury,"Operated Motor Vehicle in Inattentive, Careless, Negligent, or Erratic Manner",Unknown,VA,Passenger Car,Accelerating,40,No,2019,TESLA,MODEL Y,39.09058936,-77.04491314,2024,3,14
240011742,Fatal Crash,03/11/2024 02:34:00 PM,LAYHILL RD (SB/L),NA,Angle,Clear,Dry,Daylight,Traffic Control Signal,NONE DETECTED,No,Fatal Injury,NA,Unknown,MD,Passenger Car,Turning Left,40,No,2013,SUBARU,OUTBACK,39.09058936,-77.04491314,2024,3,14
240011727,Property Damage Crash,03/11/2024 02:13:00 PM,VEIRS MILL RD (WB/L),NA,Front to Front,Clear,Dry,Daylight,Traffic Control Signal,NONE DETECTED,No,No Apparent Injury,NA,Not Distracted,MD,Passenger Car,Turning Left,25,No,2018,HONDA,ACCORD,39.04833613,-77.06942467,2024,3,14
240011727,Property Damage Crash,03/11/2024 02:13:00 PM,VEIRS MILL RD (WB/L),NA,Front to Front,Clear,Dry,Daylight,Traffic Control Signal,NONE DETECTED,Yes,No Apparent Injury,Ran Red Light,Not Distracted,NJ,Passenger Car,Moving Constant Speed,35,No,2009,NISSAN,MAXIMA,39.04833613,-77.06942467,2024,3,14
240011723,Injury Crash,03/11/2024 02:04:00 PM,THAYER AVE,Cyclist (non-electric),Single Vehicle,Clear,Dry,Daylight,No Controls,NONE DETECTED,Yes,No Apparent Injury,Failed to Yield Right-of-Way,Not Distracted,MD,Passenger Car,Making U-Turn,30,No,2023,TESLA,MODEL 3,38.99298247,-77.02617465,2024,3,14
240011722,Property Damage Crash,03/11/2024 01:30:00 PM,THOMPSON AVE,NA,"Sideswipe, Same Direction",Clear,Dry,Daylight,No Controls,NONE DETECTED,Yes,No Apparent Injury,Other Improper Action,Not Distracted,MD,Passenger Car,NA,20,No,2014,HONDA,CIVIC,39.0603678,-77.1195136,2024,3,13
240011715,Injury Crash,03/11/2024 01:14:00 PM,NA,NA,"Sideswipe, Same Direction",Clear,Dry,Daylight,Traffic Control Signal,NONE DETECTED,No,No Apparent Injury,NA,Not Distracted,MD,Passenger Car,Turning Left,30,No,2004,DODGE,RAM,39.048872,-77.10200038,2024,3,13
240011715,Injury Crash,03/11/2024 01:14:00 PM,NA,NA,"Sideswipe, Same Direction",Clear,Dry,Daylight,Traffic Control Signal,NONE DETECTED,Yes,Possible Minor Injury,NA,Not Distracted,MD,Passenger Car,Turning Left,30,No,2005,CHEVROLET,MONTE CARLO,39.048872,-77.10200038,2024,3,13
240011718,Property Damage Crash,03/11/2024 12:15:00 PM,NA,NA,"Sideswipe, Opposite Direction",Clear,NA,Daylight,NA,NONE DETECTED,No,NA,NA,NA,NA,Van - Passenger (&lt;9 Seats),Accelerating,0,No,2017,FORD,VAN,39.01521886,-77.03541675,2024,3,12
240011718,Property Damage Crash,03/11/2024 12:15:00 PM,NA,NA,"Sideswipe, Opposite Direction",Clear,NA,Daylight,NA,NONE DETECTED,No,No Apparent Injury,NA,Not Distracted,MD,Passenger Car,Accelerating,0,No,2006,HONDA,CIVIC,39.01521886,-77.03541675,2024,3,12
240011685,Property Damage Crash,03/11/2024 12:00:00 PM,FREDERICK RD,NA,Angle,Clear,Dry,Daylight,No Controls,NONE DETECTED,No,No Apparent Injury,NA,Not Distracted,MD,Sport Utility Vehicle,Moving Constant Speed,40,No,2023,FORD,EXPLORER,39.11440815,-77.16405757,2024,3,12
240011685,Property Damage Crash,03/11/2024 12:00:00 PM,FREDERICK RD,NA,Angle,Clear,Dry,Daylight,No Controls,NONE DETECTED,No,No Apparent Injury,"Failed to Keep in Proper Lane, Failed to Yield Right-of-Way",Unknown,MD,Sport Utility Vehicle,Changing Lanes,40,No,2023,TOYOTA,RAV4,39.11440815,-77.16405757,2024,3,12
240011701,Injury Crash,03/11/2024 11:45:00 AM,ORCHARD RIDGE DR (NB/L),NA,Front to Rear,Clear,Dry,Daylight,Traffic Control Signal,NONE DETECTED,No,Possible Minor Injury,NA,Not Distracted,MD,Passenger Car,Slowing or Stopping,40,No,2020,NISSAN,ROGUE,39.12365617,-77.23133722,2024,3,11
240011701,Injury Crash,03/11/2024 11:45:00 AM,ORCHARD RIDGE DR (NB/L),NA,Front to Rear,Clear,Dry,Daylight,Traffic Control Signal,NONE DETECTED,No,Possible Minor Injury,NA,Not Distracted,MD,Passenger Car,Slowing or Stopping,40,No,2017,HONDA,CIVIC,39.12365617,-77.23133722,2024,3,11
240011681,Property Damage Crash,03/11/2024 11:38:00 AM,CADDINGTON AVE,NA,Other,Clear,Dry,Daylight,No Controls,NONE DETECTED,No,No Apparent Injury,NA,Not Distracted,MD,Passenger Car,Entering Traffic Lane,25,No,2015,FORD,FUSION,39.03466608,-77.01933137,2024,3,11
240011681,Property Damage Crash,03/11/2024 11:38:00 AM,CADDINGTON AVE,NA,Other,Clear,Dry,Daylight,No Controls,NONE DETECTED,No,No Apparent Injury,NA,Not Distracted,MD,Passenger Car,Overtaking/Passing,25,No,2015,MERCEDES-BENZ,C-CLASS,39.03466608,-77.01933137,2024,3,11
24000424,Property Damage Crash,03/11/2024 11:09:00 AM,FALLS RD,NA,Front to Rear,Clear,Dry,Daylight,Traffic Control Signal,NONE DETECTED,No,No Apparent Injury,NA,"Other Action (looking away from task, etc.)",MD,Single-Unit Truck,Stopped in Traffic,35,No,2018,FORD,F-550,39.04600169,-77.19152963,2024,3,11
24000424,Property Damage Crash,03/11/2024 11:09:00 AM,FALLS RD,NA,Front to Rear,Clear,Dry,Daylight,Traffic Control Signal,NONE DETECTED,No,No Apparent Injury,NA,Not Distracted,MD,Passenger Car,Stopped in Traffic,35,No,2023,AUDI,A6,39.04600169,-77.19152963,2024,3,11
240011674,Property Damage Crash,03/11/2024 10:40:00 AM,OLD COLUMBIA PIKE,NA,Other,Clear,Dry,Daylight,No Controls,NONE DETECTED,No,No Apparent Injury,NA,Not Distracted,MD,Passenger Car,Moving Constant Speed,40,No,2016,TOYOTA,HIGHLANDER,39.0681865,-76.96227949,2024,3,10
240011674,Property Damage Crash,03/11/2024 10:40:00 AM,OLD COLUMBIA PIKE,NA,Other,Clear,Dry,Daylight,Stop Sign,NONE DETECTED,No,No Apparent Injury,Failed to Yield Right-of-Way,Not Distracted,MD,Passenger Car,Accelerating,30,No,2013,FORD,FUSION,39.0681865,-76.96227949,2024,3,10
240011653,Injury Crash,03/11/2024 09:16:00 AM,CHERRY HILL RD,NA,Angle,Clear,Dry,Daylight,Traffic Control Signal,NONE DETECTED,Yes,No Apparent Injury,Failed to Yield Right-of-Way,Unknown,MD,Passenger Car,Turning Left,40,No,2003,ACURA,TL,39.06194985,-76.96066282,2024,3,9
240011653,Injury Crash,03/11/2024 09:16:00 AM,CHERRY HILL RD,NA,Angle,Clear,Dry,Daylight,Traffic Control Signal,NONE DETECTED,No,Possible Minor Injury,NA,Not Distracted,MD,Sport Utility Vehicle,Moving Constant Speed,40,No,2015,ACURA,MDX,39.06194985,-76.96066282,2024,3,9
240011652,Property Damage Crash,03/11/2024 09:07:00 AM,NA,NA,Angle,Clear,Dry,Daylight,Traffic Control Signal,NONE DETECTED,No,No Apparent Injury,NA,Not Distracted,MD,Passenger Car,Moving Constant Speed,35,No,2018,JEEP,GRAND CHEROKEE,39.05355175,-77.10679337,2024,3,9
240011652,Property Damage Crash,03/11/2024 09:07:00 AM,NA,NA,Angle,Clear,Dry,Daylight,Traffic Control Signal,NONE DETECTED,Yes,No Apparent Injury,NA,Not Distracted,MD,Passenger Car,Turning Right,35,No,2023,HYUNDAI,ELANTRA,39.05355175,-77.10679337,2024,3,9
240011654,Injury Crash,03/11/2024 09:05:00 AM,NA,NA,Angle,Clear,NA,Daylight,NA,NONE DETECTED,No,Possible Minor Injury,NA,Not Distracted,MD,Passenger Car,Moving Constant Speed,0,No,2016,NISSAN,ROGUE,39.03994158,-76.99060309,2024,3,9
240011654,Injury Crash,03/11/2024 09:05:00 AM,NA,NA,Angle,Clear,NA,Daylight,NA,NONE DETECTED,No,No Apparent Injury,Failed to Yield Right-of-Way,Not Distracted,MD,Passenger Car,Turning Left,0,No,2015,TOYOTA,CAMRY,39.03994158,-76.99060309,2024,3,9
240011649,Property Damage Crash,03/11/2024 08:50:00 AM,CONNECTICUT AVE,NA,"Sideswipe, Same Direction",Clear,Dry,Daylight,Traffic Control Signal,NONE DETECTED,No,No Apparent Injury,NA,Not Distracted,MD,Bus - Transit,Turning Right,30,No,2010,NEW FLYER,LOW FLOOR BUS,38.99985958,-77.07673671,2024,3,8
240011649,Property Damage Crash,03/11/2024 08:50:00 AM,CONNECTICUT AVE,NA,"Sideswipe, Same Direction",Clear,Dry,Daylight,Traffic Control Signal,NONE DETECTED,No,No Apparent Injury,Failed to Keep in Proper Lane,Not Distracted,MD,"Construction Equipment (backhoe, bulldozer, etc.)",Turning Right,30,No,2019,SURE-TRAC,SURE-TRAC TRAILERS,38.99985958,-77.07673671,2024,3,8
240011641,Injury Crash,03/11/2024 07:45:00 AM,GERMANTOWN RD,NA,Front to Rear,Clear,Dry,Daylight,Traffic Control Signal,NONE DETECTED,No,Possible Minor Injury,NA,"Other Action (looking away from task, etc.)",MD,Passenger Car,Slowing or Stopping,45,No,2019,TOYOTA,C-HR,39.19201333,-77.24285333,2024,3,7
240011641,Injury Crash,03/11/2024 07:45:00 AM,GERMANTOWN RD,NA,Front to Rear,Clear,Dry,Daylight,Traffic Control Signal,NONE DETECTED,Yes,No Apparent Injury,NA,Not Distracted,MD,Sport Utility Vehicle,Turning Right,45,No,2005,HONDA,CR-V,39.19201333,-77.24285333,2024,3,7
240011639,Injury Crash,03/11/2024 07:19:00 AM,NANCY PL,NA,Front to Front,Clear,Dry,Daylight,No Controls,NONE DETECTED,Yes,Possible Minor Injury,NA,Not Distracted,MD,Passenger Car,Moving Constant Speed,25,No,2013,HONDA,CIVIC,39.12234527,-77.18177271,2024,3,7
240011639,Injury Crash,03/11/2024 07:19:00 AM,NANCY PL,NA,Front to Front,Clear,Dry,Daylight,No Controls,NONE DETECTED,No,Possible Minor Injury,NA,Not Distracted,MD,Passenger Car,Moving Constant Speed,25,No,2019,NISSAN,ROGUE,39.12234527,-77.18177271,2024,3,7
240011633,Injury Crash,03/11/2024 06:43:00 AM,NEW HAMPSHIRE AVE,Pedestrian,Single Vehicle,Clear,Dry,Daylight,Traffic Control Signal,NONE DETECTED,Yes,No Apparent Injury,Failed to Yield Right-of-Way,"Other Action (looking away from task, etc.)",MD,Sport Utility Vehicle,Turning Left,45,No,2016,FORD,EXPLORER,39.01535671,-76.97775138,2024,3,6
240011627,Injury Crash,03/11/2024 02:09:00 AM,NA,NA,Single Vehicle,Clear,Dry,Medium,Flashing Traffic Control Signal,NONE DETECTED,Yes,Suspected Serious Injury,Failed to Keep in Proper Lane,Unknown,MD,Passenger Car,Moving Constant Speed,30,No,2014,CHEVROLET,MALIBU,39.14932186,-77.01220573,2024,3,2
240011625,Property Damage Crash,03/11/2024 01:42:00 AM,CLOPPER RD,NA,Single Vehicle,Clear,Dry,Dark,No Controls,NONE DETECTED,No,No Apparent Injury,NA,Not Distracted,MD,Passenger Car,Moving Constant Speed,35,No,2012,TOYOTA,COROLLA,39.15709933,-77.26793583,2024,3,1
240011614,Property Damage Crash,03/10/2024 11:00:00 PM,NA,NA,Front to Rear,Clear,NA,Dark,NA,NONE DETECTED,No,NA,NA,NA,NA,Passenger Car,Moving Constant Speed,0,No,2015,FORD,F-150,39.12579318,-77.20693363,2024,3,23
240011615,Injury Crash,03/10/2024 10:47:00 PM,CHESTNUT ST,NA,Rear To Side,Clear,Dry,Medium,Traffic Control Signal,NONE DETECTED,No,No Apparent Injury,NA,Not Distracted,MD,Passenger Car,Moving Constant Speed,35,No,2014,HONDA,CIVIC,39.14395046,-77.20163365,2024,3,22
240011615,Injury Crash,03/10/2024 10:47:00 PM,CHESTNUT ST,NA,Rear To Side,Clear,Dry,Medium,Traffic Control Signal,NONE DETECTED,Yes,Possible Minor Injury,Failed to Yield Right-of-Way,Unknown,NA,Moped Or motorized bicycle,Turning Left,35,No,1900,KYMCO,TOMOS/KYMCO PRODUCTS,39.14395046,-77.20163365,2024,3,22
240011606,Injury Crash,03/10/2024 08:40:00 PM,COLUMBIA PIKE (SB/L),NA,Angle,Clear,Dry,Medium,Flashing Traffic Control Signal,NONE DETECTED,No,Suspected Serious Injury,NA,Not Distracted,MD,Passenger Car,Turning Left,40,No,2020,HONDA,CIVIC,39.03630445,-77.00024238,2024,3,20
240011606,Injury Crash,03/10/2024 08:40:00 PM,COLUMBIA PIKE (SB/L),NA,Angle,Clear,Dry,Medium,Traffic Control Signal,ALCOHOL PRESENT,Yes,No Apparent Injury,NA,Unknown,DC,Passenger Car,Moving Constant Speed,40,No,2005,MITSUBISHI,GALANT,39.03630445,-77.00024238,2024,3,20
240011604,Property Damage Crash,03/10/2024 08:31:00 PM,SHADY GROVE RD (SB/L),NA,Single Vehicle,Clear,Dry,Medium,No Controls,NONE DETECTED,No,No Apparent Injury,"Operated Motor Vehicle in Inattentive, Careless, Negligent, or Erratic Manner, Ran Off Roadway",Unknown,GA,Passenger Car,NA,40,No,2014,CHEVROLET,MALIBU,39.09229426,-77.20713845,2024,3,20
240011596,Property Damage Crash,03/10/2024 06:46:00 PM,NA,NA,Angle,Clear,Dry,Daylight,No Controls,NONE DETECTED,No,No Apparent Injury,NA,Not Distracted,MD,Passenger Car,Moving Constant Speed,35,No,2011,HONDA,CIVIC,39.116405,-77.15685667,2024,3,18
240011596,Property Damage Crash,03/10/2024 06:46:00 PM,NA,NA,Angle,Clear,Dry,Daylight,No Controls,NONE DETECTED,Yes,No Apparent Injury,Failed to Yield Right-of-Way,Not Distracted,MD,Passenger Car,Accelerating,35,No,2015,TOYOTA,HIGHLANDER,39.116405,-77.15685667,2024,3,18
240011592,Injury Crash,03/10/2024 05:58:00 PM,NEW HAMPSHIRE AVE (SB/L),NA,Front to Rear,Clear,Dry,Daylight,Flashing Traffic Control Signal,NONE DETECTED,No,Possible Minor Injury,NA,Not Distracted,MD,Passenger Car,Stopped in Traffic,40,No,2016,CHEVROLET,CRUZE,39.02971634,-76.98367447,2024,3,17
240011592,Injury Crash,03/10/2024 05:58:00 PM,NEW HAMPSHIRE AVE (SB/L),NA,Front to Rear,Clear,Dry,Daylight,Flashing Traffic Control Signal,NONE DETECTED,Yes,NA,NA,NA,NA,Passenger Car,Moving Constant Speed,40,No,2020,KIA,UNKNOWN,39.02971634,-76.98367447,2024,3,17
240011588,Property Damage Crash,03/10/2024 05:32:00 PM,NA,NA,Angle,Cloudy,Dry,Daylight,No Controls,NONE DETECTED,No,No Apparent Injury,NA,Not Distracted,MD,Passenger Car,Backing,25,No,2016,SUBARU,BRZ,39.18137604,-77.216115,2024,3,17
240011588,Property Damage Crash,03/10/2024 05:32:00 PM,NA,NA,Angle,Cloudy,Dry,Daylight,No Controls,NONE DETECTED,Yes,No Apparent Injury,NA,Unknown,MD,Passenger Car,Moving Constant Speed,25,No,2004,HONDA,ACCORD,39.18137604,-77.216115,2024,3,17
240011580,Property Damage Crash,03/10/2024 04:54:00 PM,LAYHILL RD,NA,"Sideswipe, Same Direction",Clear,Dry,Daylight,No Controls,NONE DETECTED,Yes,No Apparent Injury,NA,Not Distracted,MD,Passenger Car,Moving Constant Speed,35,No,2007,DODGE,CHARGER,39.06213509,-77.05053398,2024,3,16
240011580,Property Damage Crash,03/10/2024 04:54:00 PM,LAYHILL RD,NA,"Sideswipe, Same Direction",Clear,Dry,Daylight,No Controls,NONE DETECTED,No,No Apparent Injury,NA,Not Distracted,MD,Passenger Car,Moving Constant Speed,35,No,2022,LEXUS,ES,39.06213509,-77.05053398,2024,3,16
240011573,Property Damage Crash,03/10/2024 04:01:00 PM,NA,NA,"Sideswipe, Same Direction",Windy,NA,Daylight,NA,NONE DETECTED,No,NA,NA,NA,NA,Passenger Car,NA,0,No,2003,FORD,TAURUS,39.10367236,-77.16183126,2024,3,16
240011567,Property Damage Crash,03/10/2024 02:48:00 PM,NA,NA,Front to Rear,Clear,NA,Daylight,NA,NONE DETECTED,No,NA,NA,NA,NA,Pickup,Backing,0,No,2016,CHEVROLET,COLORADO,39.08005161,-77.07345707,2024,3,14
240011559,Property Damage Crash,03/10/2024 02:32:00 PM,GEORGIA AVE,NA,Front to Rear,Clear,Dry,Daylight,Traffic Control Signal,NONE DETECTED,Yes,No Apparent Injury,Followed Too Closely,Not Distracted,MD,Sport Utility Vehicle,Slowing or Stopping,30,No,2021,FORD,INTERCEPTOR,39.00639854,-77.0389141,2024,3,14
240011559,Property Damage Crash,03/10/2024 02:32:00 PM,GEORGIA AVE,NA,Front to Rear,Clear,Dry,Daylight,Traffic Control Signal,NONE DETECTED,No,No Apparent Injury,NA,Not Distracted,MD,Passenger Car,Slowing or Stopping,30,No,2013,DODGE,CHARGER,39.00639854,-77.0389141,2024,3,14