Local Case Number,ACRS Report Type,Crash Date/Time,Road Name,Related Non-Motorist,Collision Type,Weather,Surface Condition,Light,Traffic Control,Driver Substance Abuse,Driver At Fault,Injury Severity,Circumstance,Driver Distracted By,Drivers License State,Vehicle Body Type,Vehicle Movement,Speed Limit,Driverless Vehicle,Vehicle Year,Vehicle Make,Vehicle Model,Latitude,Longitude,Year,Month,Hour
240011558,Property Damage Crash,03/10/2024 02:02:00 PM,GOSHEN RD,NA,"Sideswipe, Same Direction",Clear,Dry,Daylight,Traffic Control Signal,NONE DETECTED,No,No Apparent Injury,NA,Not Distracted,MD,Passenger Car,Moving Constant Speed,35,No,2013,TOYOTA,HIGHLANDER,39.16013009,-77.19205092,2024,3,14
240011558,Property Damage Crash,03/10/2024 02:02:00 PM,GOSHEN RD,NA,"Sideswipe, Same Direction",Clear,Dry,Daylight,Traffic Control Signal,NONE DETECTED,Yes,No Apparent Injury,NA,Unknown,NA,Passenger Car,Overtaking/Passing,35,No,2006,NISSAN,ALTIMA,39.16013009,-77.19205092,2024,3,14
240011555,Property Damage Crash,03/10/2024 01:25:00 PM,COLUMBIA PIKE,NA,Front to Rear,Clear,Dry,Daylight,No Controls,NONE DETECTED,No,No Apparent Injury,NA,Not Distracted,MD,Passenger Car,Moving Constant Speed,50,No,2023,HYUNDAI,ELANTRA,39.12804125,-76.92179859,2024,3,13
240011555,Property Damage Crash,03/10/2024 01:25:00 PM,COLUMBIA PIKE,NA,Front to Rear,Clear,Dry,Daylight,No Controls,NONE DETECTED,No,No Apparent Injury,NA,NA,NA,Passenger Car,Overtaking/Passing,50,No,2007,TOYOTA,HIGHLANDER,39.12804125,-76.92179859,2024,3,13
240011551,Injury Crash,03/10/2024 01:17:00 PM,WILLIAMS LA,NA,Angle,Cloudy,Dry,Daylight,Stop Sign,NONE DETECTED,Yes,Suspected Serious Injury,NA,Not Distracted,NA,Moped Or motorized bicycle,Turning Left,30,No,2023,UNKNOWN,UNKNOWN,38.98379224,-77.07710281,2024,3,13
240011551,Injury Crash,03/10/2024 01:17:00 PM,WILLIAMS LA,NA,Angle,Cloudy,Dry,Daylight,No Controls,NONE DETECTED,No,No Apparent Injury,NA,Not Distracted,MD,Passenger Car,Moving Constant Speed,30,No,2020,KIA,SOUL,38.98379224,-77.07710281,2024,3,13
240011552,Injury Crash,03/10/2024 01:01:00 PM,NEW HAMPSHIRE AVE (SB/L),NA,Front to Front,Clear,Dry,Daylight,Traffic Control Signal,NONE DETECTED,No,No Apparent Injury,NA,Not Distracted,MD,Passenger Car,Moving Constant Speed,35,No,2019,HONDA,ACCORD,38.98758005,-76.98797901,2024,3,13
240011552,Injury Crash,03/10/2024 01:01:00 PM,NEW HAMPSHIRE AVE (SB/L),NA,Front to Front,Clear,Dry,Daylight,Traffic Control Signal,NONE DETECTED,No,No Apparent Injury,NA,Unknown,NA,Passenger Car,Turning Left,35,No,2011,HYUNDAI,SONATA,38.98758005,-76.98797901,2024,3,13
240011533,Property Damage Crash,03/10/2024 10:19:00 AM,NA,NA,Rear To Rear,Clear,NA,Daylight,NA,NONE DETECTED,No,NA,NA,NA,NA,Passenger Car,Backing,0,No,0,NA,NA,39.18307374,-77.21578167,2024,3,10
240011525,Property Damage Crash,03/10/2024 08:37:00 AM,OLD BALTIMORE RD,NA,Angle,Cloudy,Dry,Daylight,No Controls,NONE DETECTED,Yes,No Apparent Injury,NA,Not Distracted,VA,Passenger Car,Moving Constant Speed,35,No,2013,ACURA,TSX,39.13724405,-77.0644452,2024,3,8
240011520,Property Damage Crash,03/10/2024 08:04:00 AM,UNIVERSITY BLVD E,NA,"Sideswipe, Same Direction",Clear,Dry,Daylight,No Controls,NONE DETECTED,Yes,No Apparent Injury,NA,Not Distracted,MD,Bus - Transit,Changing Lanes,35,No,2021,NEW FLYER,LOW FLOOR BUS,39.00010102,-76.9955478,2024,3,8
240011520,Property Damage Crash,03/10/2024 08:04:00 AM,UNIVERSITY BLVD E,NA,"Sideswipe, Same Direction",Clear,Dry,Daylight,No Controls,NONE DETECTED,Yes,No Apparent Injury,NA,Not Distracted,TX,Passenger Car,Moving Constant Speed,35,No,2018,MAZDA,MAZDA6,39.00010102,-76.9955478,2024,3,8
240011516,Injury Crash,03/10/2024 05:59:00 AM,RAMP 8 FR MD 650 SB TO IS 495 WB,NA,Angle,Clear,Wet,Dark,No Controls,NONE DETECTED,No,Possible Minor Injury,NA,Not Distracted,MD,Passenger Car,Negotiating a Curve,25,No,2007,DODGE,CARAVAN,39.0203095,-76.9777388,2024,3,5
240011516,Injury Crash,03/10/2024 05:59:00 AM,RAMP 8 FR MD 650 SB TO IS 495 WB,NA,Angle,Clear,Wet,Dark,No Controls,ALCOHOL PRESENT,No,NA,"Disregarded Other Road Markings, Failed to Keep in Proper Lane, Operated Motor Vehicle in Inattentive, Careless, Negligent, or Erratic Manner, Operated Motor Vehicle in Reckless or Aggressive Manner, Other Improper Action, Ran Off Roadway, Too Fast For Conditions",Unknown,NA,Passenger Car,Negotiating a Curve,25,No,2010,HONDA,ACCORD,39.0203095,-76.9777388,2024,3,5
240011513,Property Damage Crash,03/10/2024 05:29:00 AM,RIDGE RD (NB/L),NA,Rear To Side,Clear,Wet,Medium,Flashing Traffic Control Signal,NONE DETECTED,No,No Apparent Injury,Failed to Yield Right-of-Way,Not Distracted,MD,Passenger Car,Accelerating,40,No,2018,HONDA,CIVIC,39.19889911,-77.26064102,2024,3,5
240011513,Property Damage Crash,03/10/2024 05:29:00 AM,RIDGE RD (NB/L),NA,Rear To Side,Clear,Wet,Medium,Flashing Traffic Control Signal,NONE DETECTED,No,No Apparent Injury,NA,Not Distracted,MD,Passenger Car,Moving Constant Speed,40,No,2006,CADILLAC,CTS,39.19889911,-77.26064102,2024,3,5
240011496,Property Damage Crash,03/09/2024 10:50:00 PM,CONNECTICUT AVE,NA,"Sideswipe, Same Direction",Clear,Wet,Medium,Lane Use Control Signal,NONE DETECTED,No,No Apparent Injury,NA,Not Distracted,VA,Passenger Car,Moving Constant Speed,30,No,2010,HYUNDAI,TUCSON,38.99945781,-77.076968,2024,3,22
240011496,Property Damage Crash,03/09/2024 10:50:00 PM,CONNECTICUT AVE,NA,"Sideswipe, Same Direction",Clear,Wet,Medium,No Controls,NONE DETECTED,No,No Apparent Injury,NA,Not Distracted,DC,Passenger Car,Moving Constant Speed,35,No,2014,HONDA,PILOT,38.99945781,-77.076968,2024,3,22
240011490,Property Damage Crash,03/09/2024 10:09:00 PM,CROSS COUNTRY LA,NA,Front to Rear,Rain,Wet,Dark,No Controls,ALCOHOL PRESENT,Yes,No Apparent Injury,NA,Not Distracted,MD,Passenger Car,Moving Constant Speed,25,No,2016,HONDA,ACCORD,39.16223817,-77.18215315,2024,3,22
240011486,Property Damage Crash,03/09/2024 09:10:00 PM,NA,NA,Rear To Side,Clear,NA,Medium,NA,ALCOHOL PRESENT,Yes,No Apparent Injury,NA,Unknown,DC,Passenger Car,Backing,0,No,2016,VOLVO,V60,38.98553312,-77.02755971,2024,3,21
240011478,Property Damage Crash,03/09/2024 07:55:00 PM,GEORGIA AVE (SB/L),NA,Front to Rear,Rain,Wet,Medium,Traffic Control Signal,NONE DETECTED,No,No Apparent Injury,NA,Not Distracted,MD,Passenger Car,Stopped in Traffic,35,No,2021,DODGE,CHARGER,39.01568652,-77.04271498,2024,3,19
240011478,Property Damage Crash,03/09/2024 07:55:00 PM,GEORGIA AVE (SB/L),NA,Front to Rear,Rain,Wet,Medium,Traffic Control Signal,NONE DETECTED,Yes,NA,NA,NA,NA,Passenger Car,NA,35,No,2016,TOYOTA,CAMRY,39.01568652,-77.04271498,2024,3,19
240011476,Property Damage Crash,03/09/2024 07:50:00 PM,SCARLET SAGE DR,Pedestrian,Single Vehicle,Rain,Wet,Dark,No Controls,NONE DETECTED,No,No Apparent Injury,NA,Not Distracted,MD,Passenger Car,Turning Left,15,No,2012,CHEVROLET,IMPALA,39.10359182,-76.92336952,2024,3,19
240011497,Property Damage Crash,03/09/2024 07:00:00 PM,NA,NA,Front to Rear,Rain,NA,Medium,NA,NONE DETECTED,No,No Apparent Injury,Improper Backing,Unknown,NA,Passenger Car,Backing,0,No,2020,TOYOTA,C-HR,38.99666326,-77.02364509,2024,3,19
240011497,Property Damage Crash,03/09/2024 07:00:00 PM,NA,NA,Front to Rear,Rain,NA,Medium,NA,NONE DETECTED,No,No Apparent Injury,NA,Not Distracted,MD,Passenger Car,Moving Constant Speed,0,No,1998,TOYOTA,COROLLA,38.99666326,-77.02364509,2024,3,19
240011470,Property Damage Crash,03/09/2024 06:50:00 PM,MATENY RD,NA,Angle,Rain,Wet,Dark,Traffic Control Signal,NONE DETECTED,No,No Apparent Injury,NA,Not Distracted,VA,Passenger Car,Accelerating,35,No,2022,HONDA,HR-V,39.15655288,-77.26664009,2024,3,18
240011470,Property Damage Crash,03/09/2024 06:50:00 PM,MATENY RD,NA,Angle,Rain,Wet,Dark,Traffic Control Signal,NONE DETECTED,Yes,No Apparent Injury,Failed to Yield Right-of-Way,Not Distracted,MD,Sport Utility Vehicle,Turning Left,35,No,2013,JEEP,COMPASS,39.15655288,-77.26664009,2024,3,18
240011468,Property Damage Crash,03/09/2024 06:47:00 PM,MONTGOMERY VILLAGE AVE,NA,Other,Rain,Wet,Medium,Traffic Control Signal,NONE DETECTED,No,No Apparent Injury,NA,Not Distracted,MD,Passenger Car,Turning Left,35,No,2014,TOYOTA,SIENNA,39.15434098,-77.209379,2024,3,18
240011468,Property Damage Crash,03/09/2024 06:47:00 PM,MONTGOMERY VILLAGE AVE,NA,Other,Rain,Wet,Medium,Traffic Control Signal,NONE DETECTED,No,No Apparent Injury,Failed to Yield Right-of-Way,Unknown,NA,Passenger Car,Moving Constant Speed,35,No,2002,AUDI,A4,39.15434098,-77.209379,2024,3,18
240011467,Property Damage Crash,03/09/2024 06:42:00 PM,NA,NA,Other,Rain,Wet,Medium,Other,NONE DETECTED,No,No Apparent Injury,NA,Unknown,MD,Passenger Car,Moving Constant Speed,35,No,2011,BMW,X5,39.06685463,-77.16157177,2024,3,18
240011467,Property Damage Crash,03/09/2024 06:42:00 PM,NA,NA,Other,Rain,Wet,Medium,Other,NONE DETECTED,Yes,No Apparent Injury,NA,Unknown,MD,Passenger Car,Moving Constant Speed,35,No,2021,JEEP,UT,39.06685463,-77.16157177,2024,3,18
240011459,Injury Crash,03/09/2024 05:37:00 PM,LAYHILL RD,NA,Front to Front,Rain,Wet,Medium,No Controls,NONE DETECTED,No,No Apparent Injury,"Failed to Keep in Proper Lane, Too Fast For Conditions, Wrong Side",Unknown,MD,Passenger Car,Moving Constant Speed,40,No,2017,NISSAN,PATHFINDER,39.10629067,-77.0381155,2024,3,17
240011459,Injury Crash,03/09/2024 05:37:00 PM,LAYHILL RD,NA,Front to Front,Rain,Wet,Medium,No Controls,NONE DETECTED,No,Possible Minor Injury,NA,Not Distracted,MD,Passenger Car,Moving Constant Speed,40,No,2022,TOYOTA,RAV4,39.10629067,-77.0381155,2024,3,17
240011459,Injury Crash,03/09/2024 05:37:00 PM,LAYHILL RD,NA,Front to Front,Rain,Wet,Medium,No Controls,NONE DETECTED,No,No Apparent Injury,NA,Not Distracted,MD,Passenger Car,Slowing or Stopping,40,No,2021,JEEP,GLADIATOR,39.10629067,-77.0381155,2024,3,17
240011453,Property Damage Crash,03/09/2024 05:05:00 PM,RIDGE RD (SB/L),NA,Front to Front,Rain,Wet,Daylight,Traffic Control Signal,NONE DETECTED,No,No Apparent Injury,NA,Not Distracted,MD,Passenger Car,Turning Left,40,No,2014,MERCEDES-BENZ,CLA-CLASS,39.20573437,-77.24311833,2024,3,17
240011453,Property Damage Crash,03/09/2024 05:05:00 PM,RIDGE RD (SB/L),NA,Front to Front,Rain,Wet,Daylight,Traffic Control Signal,NONE DETECTED,No,NA,NA,NA,NA,Pickup,Moving Constant Speed,40,No,2019,FORD,UNKNOWN,39.20573437,-77.24311833,2024,3,17
240011453,Property Damage Crash,03/09/2024 05:05:00 PM,RIDGE RD (SB/L),NA,Front to Front,Rain,Wet,Daylight,Traffic Control Signal,NONE DETECTED,No,No Apparent Injury,NA,Not Distracted,MD,Passenger Car,Turning Left,40,No,2001,TOYOTA,CAMRY,39.20573437,-77.24311833,2024,3,17
240011451,Property Damage Crash,03/09/2024 04:59:00 PM,COLESVILLE RD,NA,Angle,Rain,Wet,Daylight,Other,NONE DETECTED,No,No Apparent Injury,NA,Not Distracted,MD,Passenger Car,Parked,25,No,2016,HONDA,CIVIC,39.00771037,-77.02004366,2024,3,16
240011451,Property Damage Crash,03/09/2024 04:59:00 PM,COLESVILLE RD,NA,Angle,Rain,Wet,Daylight,Other,NONE DETECTED,No,No Apparent Injury,NA,NA,NA,Unknown,Moving Constant Speed,35,No,0,NA,NA,39.00771037,-77.02004366,2024,3,16
240011451,Property Damage Crash,03/09/2024 04:59:00 PM,COLESVILLE RD,NA,Angle,Rain,Wet,Daylight,Other Signal,NONE DETECTED,Yes,No Apparent Injury,NA,Unknown,MD,Sport Utility Vehicle,Turning Left,35,No,2019,NISSAN,KICKS,39.00771037,-77.02004366,2024,3,16
240011449,Property Damage Crash,03/09/2024 04:00:00 PM,S FREDERICK RD (SB/L),NA,Rear To Side,Rain,Wet,Daylight,Traffic Control Signal,NONE DETECTED,Yes,No Apparent Injury,Failed to Yield Right-of-Way,Unknown,NA,Pickup,Turning Left,35,No,2008,TOYOTA,TUNDRA,39.13214873,-77.18896343,2024,3,16
240011449,Property Damage Crash,03/09/2024 04:00:00 PM,S FREDERICK RD (SB/L),NA,Rear To Side,Rain,Wet,Daylight,Traffic Control Signal,NONE DETECTED,No,No Apparent Injury,NA,Unknown,VA,Passenger Car,Moving Constant Speed,35,No,2019,DODGE,JOURNEY,39.13214873,-77.18896343,2024,3,16
240011443,Property Damage Crash,03/09/2024 03:25:00 PM,COLUMBIA PIKE (SB/L),NA,Single Vehicle,Rain,Wet,Daylight,No Controls,NONE DETECTED,Yes,No Apparent Injury,NA,Not Distracted,MD,Sport Utility Vehicle,Moving Constant Speed,50,No,2017,HONDA,CR-V,39.12904167,-76.92133267,2024,3,15
240011434,Property Damage Crash,03/09/2024 02:35:00 PM,NA,NA,Single Vehicle,Rain,Wet,Daylight,Traffic Control Signal,NONE DETECTED,Yes,No Apparent Injury,Too Fast For Conditions,Unknown,MD,Passenger Car,Moving Constant Speed,35,No,2012,CHEVROLET,IMPALA,38.99326422,-77.06375399,2024,3,14
240011433,Property Damage Crash,03/09/2024 02:25:00 PM,PINEY BRANCH RD,NA,Angle,Rain,Wet,Daylight,Stop Sign,NONE DETECTED,No,No Apparent Injury,Disregarded Other Traffic Sign,Unknown,NA,Passenger Car,Moving Constant Speed,30,No,2003,TOYOTA,CAMRY,38.98800377,-77.01227315,2024,3,14
240011433,Property Damage Crash,03/09/2024 02:25:00 PM,PINEY BRANCH RD,NA,Angle,Rain,Wet,Daylight,No Controls,NONE DETECTED,No,No Apparent Injury,NA,Not Distracted,MD,Sport Utility Vehicle,Moving Constant Speed,30,No,2020,HONDA,CR-V,38.98800377,-77.01227315,2024,3,14
240011430,Property Damage Crash,03/09/2024 02:20:00 PM,NA,NA,Front to Rear,Rain,Wet,Daylight,No Controls,NONE DETECTED,No,No Apparent Injury,NA,Not Distracted,MD,Bus - Transit,Moving Constant Speed,35,No,2014,GILLIG,SHUTTLE BUS,39.15793372,-77.20472265,2024,3,14
240011430,Property Damage Crash,03/09/2024 02:20:00 PM,NA,NA,Front to Rear,Rain,Wet,Daylight,Yield Sign,NONE DETECTED,Yes,No Apparent Injury,NA,Unknown,MD,Passenger Car,Turning Right,35,No,2011,TOYOTA,CAMRY,39.15793372,-77.20472265,2024,3,14
240011426,Injury Crash,03/09/2024 01:51:00 PM,CLARIDGE RD,NA,Other,Rain,Wet,Daylight,Traffic Control Signal,NONE DETECTED,No,No Apparent Injury,NA,Not Distracted,MD,Sport Utility Vehicle,Turning Left,25,No,2008,TOYOTA,RAV4,39.0486127,-77.06915036,2024,3,13
240011426,Injury Crash,03/09/2024 01:51:00 PM,CLARIDGE RD,NA,Other,Rain,Wet,Daylight,Traffic Control Signal,NONE DETECTED,No,Possible Minor Injury,NA,Not Distracted,MD,Sport Utility Vehicle,Moving Constant Speed,35,No,2017,LEXUS,RX,39.0486127,-77.06915036,2024,3,13
240011428,Injury Crash,03/09/2024 01:46:00 PM,CAPITAL BELTWAY (WB/L),NA,Front to Rear,Rain,Wet,Daylight,No Controls,NONE DETECTED,No,Possible Minor Injury,NA,Not Distracted,MD,Passenger Car,Moving Constant Speed,55,No,2015,HONDA,ACCORD,39.0177685,-76.9941335,2024,3,13
240011428,Injury Crash,03/09/2024 01:46:00 PM,CAPITAL BELTWAY (WB/L),NA,Front to Rear,Rain,Wet,Daylight,No Controls,NONE DETECTED,Yes,No Apparent Injury,Too Fast For Conditions,Unknown,PA,Passenger Car,Moving Constant Speed,55,No,2017,JEEP,WRANGLER,39.0177685,-76.9941335,2024,3,13
240011428,Injury Crash,03/09/2024 01:46:00 PM,CAPITAL BELTWAY (WB/L),NA,Front to Rear,Rain,Wet,Daylight,No Controls,NONE DETECTED,No,No Apparent Injury,NA,Not Distracted,NY,Passenger Car,Moving Constant Speed,55,No,2018,TOYOTA,4-RUNNER,39.0177685,-76.9941335,2024,3,13
240011424,Property Damage Crash,03/09/2024 01:21:00 PM,ELTON RD,NA,Angle,Rain,Wet,Daylight,Traffic Control Signal,NONE DETECTED,No,No Apparent Injury,NA,Not Distracted,MD,Passenger Car,Turning Right,35,No,2023,HYUNDAI,ELANTRA,39.0203617,-76.97658875,2024,3,13
240011424,Property Damage Crash,03/09/2024 01:21:00 PM,ELTON RD,NA,Angle,Rain,Wet,Daylight,Traffic Control Signal,NONE DETECTED,No,No Apparent Injury,"Failed to Yield Right-of-Way, Other Improper Action, Too Fast For Conditions",Unknown,MD,Passenger Car,Moving Constant Speed,35,No,2006,TOYOTA,COROLLA,39.0203617,-76.97658875,2024,3,13
240011411,Property Damage Crash,03/09/2024 11:28:00 AM,13TH ST,NA,Other,Rain,Wet,Daylight,Traffic Control Signal,NONE DETECTED,Yes,No Apparent Injury,Other Improper Action,Unknown,DC,Sport Utility Vehicle,Moving Constant Speed,35,No,2020,JEEP,GRAND CHEROKEE,38.98748224,-77.02675484,2024,3,11
240011411,Property Damage Crash,03/09/2024 11:28:00 AM,13TH ST,NA,Other,Rain,Wet,Daylight,Traffic Control Signal,NONE DETECTED,No,No Apparent Injury,Other Improper Action,Not Distracted,PA,Other Trucks,Changing Lanes,35,No,2019,PIERCE MANUFACTURING,TRUCK,38.98748224,-77.02675484,2024,3,11
240011404,Injury Crash,03/09/2024 10:40:00 AM,NA,NA,Front to Rear,Rain,NA,Daylight,NA,NONE DETECTED,No,Possible Minor Injury,"Improper Backing, Operated Motor Vehicle in Inattentive, Careless, Negligent, or Erratic Manner, Other Improper Action",Unknown,MD,Passenger Car,Backing,0,No,2016,CHRYSLER,TOWN AND COUNTRY,39.03782099,-76.99034244,2024,3,10
240011409,Property Damage Crash,03/09/2024 10:40:00 AM,NA,NA,Front to Rear,Rain,NA,Daylight,NA,NONE DETECTED,No,No Apparent Injury,NA,Unknown,MD,Passenger Car,Backing,0,No,2004,FORD,F-150,39.02676633,-77.0726218,2024,3,10
240011409,Property Damage Crash,03/09/2024 10:40:00 AM,NA,NA,Front to Rear,Rain,NA,Daylight,NA,NONE DETECTED,No,No Apparent Injury,NA,Not Distracted,MD,Passenger Car,Parked,0,No,2013,TOYOTA,COROLLA,39.02676633,-77.0726218,2024,3,10
240011386,Injury Crash,03/09/2024 07:39:00 AM,HEURICH RD,NA,Front to Rear,Rain,Wet,Daylight,Traffic Control Signal,NONE DETECTED,No,No Apparent Injury,NA,Not Distracted,MD,Pickup,Stopped in Traffic,30,No,2017,RAM,1500,39.06227609,-77.04190985,2024,3,7
240011386,Injury Crash,03/09/2024 07:39:00 AM,HEURICH RD,NA,Front to Rear,Rain,Wet,Daylight,Traffic Control Signal,NONE DETECTED,No,Possible Minor Injury,NA,Unknown,MD,Passenger Car,Moving Constant Speed,30,No,2004,HYUNDAI,ACCENT,39.06227609,-77.04190985,2024,3,7
240011378,Property Damage Crash,03/09/2024 05:35:00 AM,NEEDWOOD RD,NA,Single Vehicle,Clear,Dry,Dark,No Controls,NONE DETECTED,No,NA,NA,NA,NA,Passenger Car,NA,25,No,2015,KIA,OPTIMA,39.12571652,-77.15891749,2024,3,5
240011370,Property Damage Crash,03/09/2024 01:38:00 AM,BEL PRE RD,NA,Single Vehicle,Clear,Dry,Medium,Pedestrian Crossing Sign,NONE DETECTED,Yes,No Apparent Injury,"Failed to Keep in Proper Lane, Operated Motor Vehicle in Inattentive, Careless, Negligent, or Erratic Manner",Not Distracted,MD,Passenger Car,Changing Lanes,35,No,2017,NISSAN,ROGUE,39.09052777,-77.05066884,2024,3,1
240011367,Fatal Crash,03/09/2024 12:19:00 AM,CONNECTICUT AVE,NA,"Sideswipe, Same Direction",Clear,Dry,Medium,No Controls,NONE DETECTED,Yes,Possible Minor Injury,"Operated Motor Vehicle in Reckless or Aggressive Manner, Too Fast For Conditions",Not Distracted,MD,Passenger Car,Accelerating,30,No,2012,MERCEDES-BENZ,SLK-CLASS,38.97494005,-77.07707704,2024,3,0
240011367,Fatal Crash,03/09/2024 12:19:00 AM,CONNECTICUT AVE,NA,"Sideswipe, Same Direction",Clear,Dry,Medium,No Controls,NONE DETECTED,Yes,Fatal Injury,"Improper Passing, Operated Motor Vehicle in Reckless or Aggressive Manner, Too Fast For Conditions",Not Distracted,DC,Pickup,Changing Lanes,30,No,2023,RAM,1500,38.97494005,-77.07707704,2024,3,0
240011359,Injury Crash,03/08/2024 11:42:00 PM,GEORGIA AVE (SB/L),NA,Single Vehicle,Clear,Dry,Dark,No Controls,DRUG AND ALCOHOL CONTRIBUTED,Yes,Possible Minor Injury,"Failed to Keep in Proper Lane, Operated Motor Vehicle in Inattentive, Careless, Negligent, or Erratic Manner, Operated Motor Vehicle in Reckless or Aggressive Manner, Other Improper Action, Ran Off Roadway, Wrong Side, Wrong Way",Not Distracted,MD,Passenger Car,Moving Constant Speed,30,No,2011,CHEVROLET,TAHOE,39.0055822,-77.038658,2024,3,23
240011348,Property Damage Crash,03/08/2024 09:15:00 PM,LOCKWOOD DR,NA,"Sideswipe, Same Direction",Clear,Dry,Medium,No Controls,NONE DETECTED,No,No Apparent Injury,NA,Not Distracted,MD,Passenger Car,Moving Constant Speed,25,No,2011,CHEVROLET,TAHOE,39.04011517,-76.98974079,2024,3,21
240011348,Property Damage Crash,03/08/2024 09:15:00 PM,LOCKWOOD DR,NA,"Sideswipe, Same Direction",Clear,Dry,Medium,No Controls,NONE DETECTED,Yes,No Apparent Injury,NA,Not Distracted,MD,Passenger Car,Moving Constant Speed,25,No,2009,INFINITI,G37,39.04011517,-76.98974079,2024,3,21
240011349,Injury Crash,03/08/2024 08:45:00 PM,DARNESTOWN RD,NA,Rear To Side,Clear,Dry,Medium,No Controls,NONE DETECTED,No,No Apparent Injury,NA,Unknown,MD,Passenger Car,Turning Left,30,No,2016,MINI,COOPER,39.09907066,-77.21112881,2024,3,20
240011349,Injury Crash,03/08/2024 08:45:00 PM,DARNESTOWN RD,NA,Rear To Side,Clear,Dry,Medium,No Controls,NONE DETECTED,No,Possible Minor Injury,NA,Not Distracted,MD,Sport Utility Vehicle,Moving Constant Speed,40,No,2011,GMC,TERRAIN,39.09907066,-77.21112881,2024,3,20
240011343,Property Damage Crash,03/08/2024 08:32:00 PM,DAWSON AVE,NA,Front to Front,Clear,Dry,Medium,No Controls,ALCOHOL PRESENT,No,No Apparent Injury,"Failed to Keep in Proper Lane, Wrong Side",Not Distracted,MD,Passenger Car,Moving Constant Speed,25,No,2013,HONDA,CIVIC SI,39.04554731,-77.05355754,2024,3,20
240011383,Property Damage Crash,03/08/2024 08:30:00 PM,STABLEVIEW CT,NA,Single Vehicle,Cloudy,Dry,Dark,No Controls,NONE DETECTED,No,NA,NA,NA,NA,Pickup,Moving Constant Speed,25,No,2016,RAM,1500,39.21210038,-77.17773542,2024,3,20
240011337,Injury Crash,03/08/2024 08:12:00 PM,ROCKVILLE PIKE,Pedestrian,Unknown,Clear,Dry,Medium,Flashing Traffic Control Signal,NONE DETECTED,No,No Apparent Injury,Failed to Yield Right-of-Way,Unknown,NA,Passenger Car,Turning Right,35,No,0,NA,NA,39.08355692,-77.14678104,2024,3,20
240011340,Property Damage Crash,03/08/2024 08:11:00 PM,CAPITAL BELTWAY,NA,Front to Rear,Clear,Dry,Medium,No Controls,NONE DETECTED,Yes,No Apparent Injury,NA,Unknown,MD,Passenger Car,Accelerating,50,No,2014,NISSAN,FRONTIER,39.01969052,-76.98077222,2024,3,20
240011340,Property Damage Crash,03/08/2024 08:11:00 PM,CAPITAL BELTWAY,NA,Front to Rear,Clear,Dry,Medium,No Controls,NONE DETECTED,No,No Apparent Injury,NA,Unknown,VA,Passenger Car,Changing Lanes,50,No,2017,FORD,EDGE,39.01969052,-76.98077222,2024,3,20
240011330,Property Damage Crash,03/08/2024 07:35:00 PM,NA,NA,Single Vehicle,Clear,NA,Medium,NA,NONE DETECTED,No,No Apparent Injury,Improper Backing,Not Distracted,MD,Pickup,Backing,0,No,2017,NISSAN,TITAN,39.03963669,-77.05217846,2024,3,19
240011325,Property Damage Crash,03/08/2024 06:22:00 PM,MONTGOMERY VILLAGE AVE,NA,Front to Rear,Clear,Dry,Medium,No Controls,NONE DETECTED,No,No Apparent Injury,NA,Not Distracted,MD,Sport Utility Vehicle,Slowing or Stopping,35,No,2019,TOYOTA,C-HR,39.1585208,-77.20351595,2024,3,18
240011325,Property Damage Crash,03/08/2024 06:22:00 PM,MONTGOMERY VILLAGE AVE,NA,Front to Rear,Clear,Dry,Medium,No Controls,NONE DETECTED,No,No Apparent Injury,Followed Too Closely,Unknown,MD,Passenger Car,Moving Constant Speed,35,No,2016,FORD,FUSION,39.1585208,-77.20351595,2024,3,18