Local Case Number,ACRS Report Type,Crash Date/Time,Road Name,Related Non-Motorist,Collision Type,Weather,Surface Condition,Light,Traffic Control,Driver Substance Abuse,Driver At Fault,Injury Severity,Circumstance,Driver Distracted By,Drivers License State,Vehicle Body Type,Vehicle Movement,Speed Limit,Driverless Vehicle,Vehicle Year,Vehicle Make,Vehicle Model,Latitude,Longitude,Year,Month,Hour
240011329,Injury Crash,03/08/2024 05:37:00 PM,BROADBIRCH DR,NA,Angle,Clear,Dry,Medium,No Controls,NONE DETECTED,No,Possible Minor Injury,NA,Not Distracted,MD,Passenger Car,Moving Constant Speed,30,No,2018,HYUNDAI,ELANTRA,39.0556289,-76.95598475,2024,3,17
240011329,Injury Crash,03/08/2024 05:37:00 PM,BROADBIRCH DR,NA,Angle,Clear,Dry,Medium,No Controls,NONE DETECTED,Yes,No Apparent Injury,NA,Unknown,MD,Passenger Car,Entering Traffic Lane,30,No,2014,KIA,SORENTO,39.0556289,-76.95598475,2024,3,17
240011314,Property Damage Crash,03/08/2024 05:33:00 PM,NA,NA,Angle,Clear,Dry,Daylight,No Controls,NONE DETECTED,No,No Apparent Injury,NA,Not Distracted,MD,Passenger Car,Moving Constant Speed,30,No,2017,FORD,FOCUS,38.99083996,-77.02669832,2024,3,17
240011314,Property Damage Crash,03/08/2024 05:33:00 PM,NA,NA,Angle,Clear,Dry,Daylight,No Controls,NONE DETECTED,Yes,No Apparent Injury,NA,Unknown,MD,Passenger Car,Making U-Turn,30,No,2019,TOYOTA,C-HR,38.99083996,-77.02669832,2024,3,17
240011315,Property Damage Crash,03/08/2024 04:51:00 PM,NA,NA,Rear To Rear,Clear,NA,Daylight,NA,NONE DETECTED,No,No Apparent Injury,NA,Not Distracted,VA,Other,Parked,0,No,2005,GMC,SAVANA,39.00412161,-76.98964341,2024,3,16
240011315,Property Damage Crash,03/08/2024 04:51:00 PM,NA,NA,Rear To Rear,Clear,NA,Daylight,NA,NONE DETECTED,Yes,No Apparent Injury,Improper Turn,Not Distracted,MD,Bus - School,Turning Right,0,No,2020,THOMAS BUILT,SCHOOL BUS,39.00412161,-76.98964341,2024,3,16
240011296,Property Damage Crash,03/08/2024 04:00:00 PM,NA,NA,Front to Rear,Clear,Dry,Daylight,No Controls,NONE DETECTED,No,No Apparent Injury,NA,Not Distracted,MD,Sport Utility Vehicle,Stopped in Traffic,40,No,2022,TOYOTA,4-RUNNER,39.22003667,-77.25761333,2024,3,16
240011296,Property Damage Crash,03/08/2024 04:00:00 PM,NA,NA,Front to Rear,Clear,Dry,Daylight,No Controls,NONE DETECTED,No,No Apparent Injury,NA,"Other Action (looking away from task, etc.)",MD,Passenger Car,Accelerating,40,No,2014,DODGE,CHARGER,39.22003667,-77.25761333,2024,3,16
240011297,Injury Crash,03/08/2024 03:45:00 PM,EAST VILLAGE AVE,NA,Single Vehicle,Clear,Dry,Daylight,No Controls,ALCOHOL PRESENT,Yes,Possible Minor Injury,"Operated Motor Vehicle in Reckless or Aggressive Manner, Ran Off Roadway, Too Fast For Conditions",Not Distracted,MD,Sport Utility Vehicle,Moving Constant Speed,35,No,2023,MAZDA,CX-5,39.18801455,-77.16620469,2024,3,15
240011286,Property Damage Crash,03/08/2024 03:35:00 PM,RANDOLPH RD (WB/L),NA,Angle,Clear,Dry,Daylight,Other Signal,NONE DETECTED,No,No Apparent Injury,NA,Not Distracted,MD,Passenger Car,Moving Constant Speed,40,No,2011,MAZDA,MAZDA3,39.06658899,-77.0198294,2024,3,15
240011286,Property Damage Crash,03/08/2024 03:35:00 PM,RANDOLPH RD (WB/L),NA,Angle,Clear,Dry,Daylight,Other Signal,NONE DETECTED,Yes,No Apparent Injury,Failed to Yield Right-of-Way,Not Distracted,MD,Passenger Car,Moving Constant Speed,40,No,2006,TOYOTA,RAV4,39.06658899,-77.0198294,2024,3,15
240011279,Property Damage Crash,03/08/2024 02:25:00 PM,N WASHINGTON ST,NA,Front to Rear,Clear,Dry,Daylight,Traffic Control Signal,NONE DETECTED,No,NA,NA,NA,NA,NA,NA,25,No,0,NA,NA,39.08409938,-77.15303086,2024,3,14
240011279,Property Damage Crash,03/08/2024 02:25:00 PM,N WASHINGTON ST,NA,Front to Rear,Clear,Dry,Daylight,Traffic Control Signal,NONE DETECTED,No,No Apparent Injury,NA,Unknown,MD,Bus - Transit,Slowing or Stopping,20,No,2014,GILLIG,CITY TRANSIT BUS,39.08409938,-77.15303086,2024,3,14
240011281,Property Damage Crash,03/08/2024 02:24:00 PM,S WASHINGTON ST,NA,"Sideswipe, Opposite Direction",Clear,Dry,Daylight,Traffic Control Signal,NONE DETECTED,No,No Apparent Injury,NA,Not Distracted,US,Bus - Transit,Turning Left,25,No,2023,GILLIG,UNKNOWN,39.08412936,-77.15287216,2024,3,14
240011281,Property Damage Crash,03/08/2024 02:24:00 PM,S WASHINGTON ST,NA,"Sideswipe, Opposite Direction",Clear,Dry,Daylight,Traffic Control Signal,NONE DETECTED,No,No Apparent Injury,NA,Not Distracted,MD,Bus - Transit,Stopped in Traffic,25,No,2019,GILLIG,CITY TRANSIT BUS,39.08412936,-77.15287216,2024,3,14
240011262,Property Damage Crash,03/08/2024 01:05:00 PM,COLESVILLE RD,NA,"Sideswipe, Same Direction",Clear,Dry,Daylight,No Controls,NONE DETECTED,Yes,No Apparent Injury,Improper Passing,Not Distracted,MD,Pickup,Overtaking/Passing,35,No,2012,TOYOTA,TACOMA,39.01861631,-77.01433921,2024,3,13
240011262,Property Damage Crash,03/08/2024 01:05:00 PM,COLESVILLE RD,NA,"Sideswipe, Same Direction",Clear,Dry,Daylight,No Controls,NONE DETECTED,No,No Apparent Injury,NA,Not Distracted,MD,Bus - Transit,Stopped in Traffic,35,No,2013,NEW FLYER,TRANSIT BUS,39.01861631,-77.01433921,2024,3,13
240011259,Injury Crash,03/08/2024 12:59:00 PM,RIDGE RD,NA,Front to Rear,Clear,Dry,Daylight,No Controls,NONE DETECTED,Yes,Possible Minor Injury,"Followed Too Closely, Operated Motor Vehicle in Inattentive, Careless, Negligent, or Erratic Manner, Too Fast For Conditions","Other Action (looking away from task, etc.)",MD,Passenger Car,Moving Constant Speed,40,No,2014,TOYOTA,SIENNA,39.27050809,-77.21672902,2024,3,12
240011259,Injury Crash,03/08/2024 12:59:00 PM,RIDGE RD,NA,Front to Rear,Clear,Dry,Daylight,No Controls,NONE DETECTED,No,No Apparent Injury,NA,Not Distracted,MD,Passenger Car,Stopped in Traffic,40,No,2019,TOYOTA,HIGHLANDER,39.27050809,-77.21672902,2024,3,12
240011268,Property Damage Crash,03/08/2024 12:56:00 PM,NA,NA,Front to Front,Clear,NA,Daylight,NA,NONE DETECTED,No,NA,NA,NA,NA,Passenger Car,NA,0,No,0,NA,NA,39.1147613,-77.18650303,2024,3,12
240011268,Property Damage Crash,03/08/2024 12:56:00 PM,NA,NA,Front to Front,Clear,NA,Daylight,NA,NONE DETECTED,No,No Apparent Injury,NA,Not Distracted,MD,Passenger Car,Turning Left,0,No,2021,DODGE,CHARGER,39.1147613,-77.18650303,2024,3,12
240011273,Property Damage Crash,03/08/2024 11:30:00 AM,REDDICK DR,NA,Front to Front,Clear,Dry,Daylight,No Controls,NONE DETECTED,No,No Apparent Injury,NA,Not Distracted,MD,Passenger Car,Slowing or Stopping,25,No,2018,NISSAN,VERSA,39.02016087,-77.02845176,2024,3,11
240011237,Property Damage Crash,03/08/2024 11:30:00 AM,RESEARCH BLVD,NA,"Sideswipe, Same Direction",Clear,Dry,Daylight,No Controls,NONE DETECTED,No,No Apparent Injury,NA,Not Distracted,MD,Sport Utility Vehicle,Moving Constant Speed,30,No,2023,TOYOTA,HIGHLANDER,39.09387259,-77.1797128,2024,3,11
240011273,Property Damage Crash,03/08/2024 11:30:00 AM,REDDICK DR,NA,Front to Front,Clear,Dry,Daylight,No Controls,NONE DETECTED,No,NA,NA,NA,NA,Passenger Car,Moving Constant Speed,25,No,2005,TOYOTA,COROLLA,39.02016087,-77.02845176,2024,3,11
240011237,Property Damage Crash,03/08/2024 11:30:00 AM,RESEARCH BLVD,NA,"Sideswipe, Same Direction",Clear,Dry,Daylight,No Controls,NONE DETECTED,No,No Apparent Injury,NA,Not Distracted,MD,Sport Utility Vehicle,Moving Constant Speed,30,No,2024,AUDI,Q5,39.09387259,-77.1797128,2024,3,11
240011233,Property Damage Crash,03/08/2024 11:00:00 AM,AMHERST AVE,NA,"Sideswipe, Opposite Direction",Clear,Dry,Daylight,No Controls,NONE DETECTED,Yes,No Apparent Injury,Disregarded Other Road Markings,Not Distracted,MD,Other Trucks,Moving Constant Speed,25,No,2016,FORD,F-350,39.04465483,-77.04779233,2024,3,11
240011233,Property Damage Crash,03/08/2024 11:00:00 AM,AMHERST AVE,NA,"Sideswipe, Opposite Direction",Clear,Dry,Daylight,No Controls,NONE DETECTED,Yes,No Apparent Injury,Disregarded Other Road Markings,Not Distracted,DC,Other,Moving Constant Speed,25,No,2000,FORD,MASTER,39.04465483,-77.04779233,2024,3,11
240011220,Property Damage Crash,03/08/2024 10:26:00 AM,ROCKVILLE PIKE (SB/L),NA,Front to Rear,Clear,Dry,Daylight,Traffic Control Signal,NONE DETECTED,No,No Apparent Injury,NA,"Manually Operating (dialing, playing game, etc.)",MD,Pickup,Moving Constant Speed,35,No,2018,NISSAN,NV,39.05977673,-77.12229526,2024,3,10
240011220,Property Damage Crash,03/08/2024 10:26:00 AM,ROCKVILLE PIKE (SB/L),NA,Front to Rear,Clear,Dry,Daylight,Traffic Control Signal,NONE DETECTED,No,No Apparent Injury,NA,Not Distracted,MD,Passenger Car,Slowing or Stopping,35,No,2018,TOYOTA,RAV4,39.05977673,-77.12229526,2024,3,10
240011220,Property Damage Crash,03/08/2024 10:26:00 AM,ROCKVILLE PIKE (SB/L),NA,Front to Rear,Clear,Dry,Daylight,Traffic Control Signal,NONE DETECTED,No,No Apparent Injury,NA,Not Distracted,MD,Passenger Car,Slowing or Stopping,35,No,2019,MAZDA,CX-5,39.05977673,-77.12229526,2024,3,10
240011210,Injury Crash,03/08/2024 10:00:00 AM,CLOPPER RD,NA,Angle,Clear,Dry,Daylight,Traffic Control Signal,NONE DETECTED,Yes,No Apparent Injury,Failed to Yield Right-of-Way,Not Distracted,MD,Passenger Car,Turning Left,35,No,2009,DODGE,CALIBER,39.1627579,-77.28309047,2024,3,10
240011210,Injury Crash,03/08/2024 10:00:00 AM,CLOPPER RD,NA,Angle,Clear,Dry,Daylight,Traffic Control Signal,NONE DETECTED,No,Possible Minor Injury,NA,Not Distracted,MD,Passenger Car,Turning Left,35,No,2004,PONTIAC,VIBE,39.1627579,-77.28309047,2024,3,10
240013054,Property Damage Crash,03/08/2024 09:20:00 AM,NA,NA,Single Vehicle,Clear,NA,Daylight,NA,NONE DETECTED,No,No Apparent Injury,Other Improper Action,Not Distracted,MD,Bus - Mini,Accelerating,0,No,2016,FORD,E-350,39.07824727,-77.21744386,2024,3,9
240011204,Property Damage Crash,03/08/2024 08:50:00 AM,SHADY GROVE RD (SB/L),NA,"Sideswipe, Same Direction",Clear,Dry,Daylight,No Controls,NONE DETECTED,No,No Apparent Injury,NA,Not Distracted,MD,Pickup,Stopped in Traffic,45,No,2008,CHEVROLET,SILVERADO,39.14831333,-77.14752833,2024,3,8
240011204,Property Damage Crash,03/08/2024 08:50:00 AM,SHADY GROVE RD (SB/L),NA,"Sideswipe, Same Direction",Clear,Dry,Daylight,No Controls,NONE DETECTED,No,No Apparent Injury,Failed to Keep in Proper Lane,Not Distracted,MD,Passenger Car,Changing Lanes,45,No,2014,HYUNDAI,ELANTRA,39.14831333,-77.14752833,2024,3,8
240011197,Injury Crash,03/08/2024 08:12:00 AM,WATKINS RD,NA,"Sideswipe, Opposite Direction",Clear,Dry,Daylight,No Controls,NONE DETECTED,Yes,Possible Minor Injury,"Failed to Keep in Proper Lane, Swerved or Avoided Due to Wind, Slippery Surface, Motor Vehicle, Object, Non-Motorist in Roadway, etc, Wrong Side",Not Distracted,MD,Passenger Car,Overtaking/Passing,30,No,2011,HONDA,ODYSSEY,39.21875643,-77.23257713,2024,3,8
240011197,Injury Crash,03/08/2024 08:12:00 AM,WATKINS RD,NA,"Sideswipe, Opposite Direction",Clear,Dry,Daylight,No Controls,NONE DETECTED,Yes,No Apparent Injury,"Disregarded Other Road Markings, Failed to Keep in Proper Lane, Swerved or Avoided Due to Wind, Slippery Surface, Motor Vehicle, Object, Non-Motorist in Roadway, etc, Wrong Side",Not Distracted,MD,Passenger Car,Turning Left,30,No,2014,VOLKSWAGEN,GTI,39.21875643,-77.23257713,2024,3,8
240011196,Injury Crash,03/08/2024 08:00:00 AM,STEDWICK RD,Pedestrian,Single Vehicle,Clear,Dry,Daylight,Pedestrian Crossing,NONE DETECTED,No,No Apparent Injury,NA,Not Distracted,MD,Passenger Car,Turning Left,25,No,2019,HONDA,UNKNOWN,39.17055719,-77.20888961,2024,3,8
240011187,Property Damage Crash,03/08/2024 06:30:00 AM,NA,NA,Single Vehicle,Clear,NA,Daylight,NA,NONE DETECTED,No,NA,Ran Off Roadway,Unknown,NA,Passenger Car,NA,0,No,2022,ACURA,ILX,39.17140184,-77.19713408,2024,3,6
240011186,Property Damage Crash,03/08/2024 06:27:00 AM,SCENERY DR,NA,Single Vehicle,Clear,Dry,Medium,No Controls,NONE DETECTED,Yes,No Apparent Injury,Ran Off Roadway,Not Distracted,MD,Passenger Car,Moving Constant Speed,35,No,2015,NISSAN,ALTIMA,39.18305983,-77.23185583,2024,3,6
240011183,Property Damage Crash,03/08/2024 04:05:00 AM,CHERRY HILL RD,NA,Angle,Clear,Dry,Medium,Traffic Control Signal,NONE DETECTED,Yes,No Apparent Injury,Failed to Yield Right-of-Way,Not Distracted,MD,Passenger Car,Entering Traffic Lane,35,No,2021,NISSAN,VERSA,39.05608633,-76.954176,2024,3,4
240011183,Property Damage Crash,03/08/2024 04:05:00 AM,CHERRY HILL RD,NA,Angle,Clear,Dry,Medium,Traffic Control Signal,NONE DETECTED,No,No Apparent Injury,NA,Not Distracted,XX,Passenger Car,Moving Constant Speed,35,No,2008,NISSAN,SENTRA,39.05608633,-76.954176,2024,3,4
240011177,Property Damage Crash,03/08/2024 01:09:00 AM,WISTERIA DR,NA,Single Vehicle,Clear,Dry,Dark,No Controls,NONE DETECTED,Yes,No Apparent Injury,NA,Not Distracted,MD,Passenger Car,Turning Right,25,No,2017,FORD,TAURUS,39.17754551,-77.27121048,2024,3,1
240011157,Property Damage Crash,03/07/2024 09:31:00 PM,COUNTY CT,NA,Angle,Clear,Dry,Dark,No Controls,NONE DETECTED,Yes,No Apparent Injury,"Improper Turn, Operated Motor Vehicle in Inattentive, Careless, Negligent, or Erratic Manner",Unknown,MD,Passenger Car,Turning Left,5,No,2010,ACURA,TSX,39.1179397,-77.21293759,2024,3,21
240011161,Property Damage Crash,03/07/2024 08:47:00 PM,ELMCROFT CT,NA,"Sideswipe, Same Direction",Clear,Dry,Medium,No Controls,NONE DETECTED,No,No Apparent Injury,NA,Not Distracted,MD,Other Trucks,Moving Constant Speed,30,No,2007,PIERCE MANUFACTURING,PIERCE MFG,39.11572846,-77.167592869999993,2024,3,20
240011148,Property Damage Crash,03/07/2024 08:40:00 PM,COLUMBIA PIKE (SB/L),NA,Other,Clear,Dry,Medium,Traffic Control Signal,NONE DETECTED,No,No Apparent Injury,NA,Not Distracted,MD,Passenger Car,Turning Left,50,No,2015,HYUNDAI,SONATA,39.09559924,-76.93800793,2024,3,20
240011148,Property Damage Crash,03/07/2024 08:40:00 PM,COLUMBIA PIKE (SB/L),NA,Other,Clear,Dry,Medium,Traffic Control Signal,NONE DETECTED,No,NA,NA,NA,NA,NA,NA,50,No,0,NA,NA,39.09559924,-76.93800793,2024,3,20
240011146,Injury Crash,03/07/2024 08:29:00 PM,NA,Cyclist (non-electric),Single Vehicle,Clear,Dry,Medium,Traffic Control Signal,NONE DETECTED,No,No Apparent Injury,"Failed to Yield Right-of-Way, Other Improper Action",Not Distracted,DC,Passenger Car,Turning Right,30,No,2012,MERCEDES-BENZ,E-CLASS,38.96456566,-77.13610046,2024,3,20
240011128,Property Damage Crash,03/07/2024 05:28:00 PM,BRINK RD,NA,"Sideswipe, Opposite Direction",Clear,Dry,Daylight,No Controls,NONE DETECTED,Yes,No Apparent Injury,Wrong Side,Not Distracted,MD,Sport Utility Vehicle,Moving Constant Speed,30,No,2023,HONDA,CR-V,39.21196493,-77.14402958,2024,3,17
240011128,Property Damage Crash,03/07/2024 05:28:00 PM,BRINK RD,NA,"Sideswipe, Opposite Direction",Clear,Dry,Daylight,No Controls,NONE DETECTED,No,No Apparent Injury,NA,Not Distracted,MD,Pickup,Moving Constant Speed,30,No,2003,FORD,F-250,39.21196493,-77.14402958,2024,3,17
240011121,Property Damage Crash,03/07/2024 04:45:00 PM,GEORGIA AVE,NA,"Sideswipe, Same Direction",Clear,NA,Daylight,No Controls,NONE DETECTED,No,NA,Other Improper Action,Unknown,NA,Passenger Car,Moving Constant Speed,35,No,2023,TOYOTA,RAV4,39.01875562,-77.04373383,2024,3,16
240011121,Property Damage Crash,03/07/2024 04:45:00 PM,GEORGIA AVE,NA,"Sideswipe, Same Direction",Clear,NA,Daylight,No Controls,NONE DETECTED,No,No Apparent Injury,NA,Not Distracted,MD,Passenger Car,Moving Constant Speed,35,No,2019,FORD,FESTIVA,39.01875562,-77.04373383,2024,3,16
240011109,Property Damage Crash,03/07/2024 04:06:00 PM,MAIN ST,NA,Front to Front,Clear,Dry,Daylight,No Controls,NONE DETECTED,No,No Apparent Injury,NA,Unknown,MD,Passenger Car,Negotiating a Curve,25,No,2016,CHEVROLET,SUBURBAN,39.11499433,-77.23778731,2024,3,16
240011109,Property Damage Crash,03/07/2024 04:06:00 PM,MAIN ST,NA,Front to Front,Clear,Dry,Daylight,No Controls,NONE DETECTED,No,No Apparent Injury,NA,Not Distracted,MD,Passenger Car,Negotiating a Curve,25,No,2018,JEEP,WRANGLER,39.11499433,-77.23778731,2024,3,16
240011098,Injury Crash,03/07/2024 03:02:00 PM,STRINGTOWN RD,NA,Angle,Cloudy,Dry,Daylight,Traffic Control Signal,NONE DETECTED,Yes,No Apparent Injury,Failed to Yield Right-of-Way,Not Distracted,MD,Sport Utility Vehicle,Turning Left,40,No,2011,ACURA,MDX,39.23748021,-77.27784192,2024,3,15
240011098,Injury Crash,03/07/2024 03:02:00 PM,STRINGTOWN RD,NA,Angle,Cloudy,Dry,Daylight,Traffic Control Signal,NONE DETECTED,No,Possible Minor Injury,NA,Not Distracted,MD,Sport Utility Vehicle,Moving Constant Speed,35,No,2023,HYUNDAI,SANTA FE,39.23748021,-77.27784192,2024,3,15
240011094,Property Damage Crash,03/07/2024 02:24:00 PM,BONIFANT RD,NA,"Sideswipe, Same Direction",Cloudy,Dry,Daylight,No Controls,NONE DETECTED,No,No Apparent Injury,NA,Not Distracted,MD,Passenger Car,Turning Left,35,No,2018,VOLVO,S60,39.09508345,-77.00430971,2024,3,14
240011094,Property Damage Crash,03/07/2024 02:24:00 PM,BONIFANT RD,NA,"Sideswipe, Same Direction",Cloudy,Dry,Daylight,No Controls,NONE DETECTED,Yes,No Apparent Injury,NA,Not Distracted,MD,Station Wagon,Overtaking/Passing,35,No,2017,SUBARU,OUTBACK,39.09508345,-77.00430971,2024,3,14
240011082,Property Damage Crash,03/07/2024 01:45:00 PM,ROCKVILLE PIKE (SB/L),NA,Angle,Clear,Dry,Daylight,No Controls,NONE DETECTED,No,No Apparent Injury,NA,Not Distracted,MD,Passenger Car,Moving Constant Speed,35,No,2012,TOYOTA,HIGHLANDER,39.04668977,-77.11262835,2024,3,13
240011082,Property Damage Crash,03/07/2024 01:45:00 PM,ROCKVILLE PIKE (SB/L),NA,Angle,Clear,Dry,Daylight,No Controls,NONE DETECTED,Yes,No Apparent Injury,NA,"Other Action (looking away from task, etc.)",MD,Passenger Car,Turning Left,35,No,2010,NISSAN,ROGUE,39.04668977,-77.11262835,2024,3,13
240011084,Injury Crash,03/07/2024 01:41:00 PM,OLD GEORGETOWN RD (SB/L),NA,Other,Clear,Dry,Daylight,Stop Sign,NONE DETECTED,Yes,Suspected Serious Injury,NA,Unknown,MD,Passenger Car,Negotiating a Curve,25,No,2016,TOYOTA,COROLLA,39.05024215,-77.10890623,2024,3,13
240011071,Property Damage Crash,03/07/2024 01:02:00 PM,NA,NA,Single Vehicle,Clear,NA,Daylight,NA,NONE DETECTED,No,No Apparent Injury,NA,Not Distracted,MD,Passenger Car,Accelerating,0,No,2000,PONTIAC,MONTANA/ SV6,39.29057834,-77.20536008,2024,3,13
240011066,Property Damage Crash,03/07/2024 12:42:00 PM,ROCKVILLE PIKE (SB/L),NA,Angle,Clear,Dry,Daylight,No Controls,NONE DETECTED,Yes,No Apparent Injury,NA,"Other Action (looking away from task, etc.)",WI,Passenger Car,Moving Constant Speed,35,No,2021,SUBARU,OUTBACK,39.04818433,-77.11377809,2024,3,12
240011066,Property Damage Crash,03/07/2024 12:42:00 PM,ROCKVILLE PIKE (SB/L),NA,Angle,Clear,Dry,Daylight,Yield Sign,NONE DETECTED,Yes,No Apparent Injury,NA,"Other Action (looking away from task, etc.)",MD,Passenger Car,Turning Left,35,No,2013,NISSAN,ALTIMA,39.04818433,-77.11377809,2024,3,12
240011067,Injury Crash,03/07/2024 12:28:00 PM,IDEAL DR,Pedestrian,Angle,Clear,Dry,Daylight,No Controls,NONE DETECTED,No,Possible Minor Injury,NA,Unknown,NA,Passenger Car,Accelerating,5,No,2015,HONDA,CIVIC,39.07059356,-77.04769143,2024,3,12
240011062,Injury Crash,03/07/2024 12:17:00 PM,CHELTENHAM DR,NA,Angle,Clear,Dry,Daylight,Traffic Control Signal,NONE DETECTED,No,Suspected Serious Injury,NA,Not Distracted,MD,Passenger Car,Moving Constant Speed,25,No,2008,FORD,FUSION,38.98830009,-77.09498096,2024,3,12
240011062,Injury Crash,03/07/2024 12:17:00 PM,CHELTENHAM DR,NA,Angle,Clear,Dry,Daylight,Traffic Control Signal,NONE DETECTED,Yes,Possible Minor Injury,"Failed to Yield Right-of-Way, Operated Motor Vehicle in Inattentive, Careless, Negligent, or Erratic Manner",Unknown,MD,Pickup,Turning Left,25,No,2020,FORD,F-150,38.98830009,-77.09498096,2024,3,12
240011065,Property Damage Crash,03/07/2024 12:09:00 PM,WOODGLEN DR,NA,Front to Rear,Clear,Dry,Daylight,Stop Sign,NONE DETECTED,Yes,No Apparent Injury,NA,Not Distracted,MD,Passenger Car,Moving Constant Speed,35,No,2002,LEXUS,ES,39.04025554,-77.1130948,2024,3,12
240011065,Property Damage Crash,03/07/2024 12:09:00 PM,WOODGLEN DR,NA,Front to Rear,Clear,Dry,Daylight,Stop Sign,NONE DETECTED,No,No Apparent Injury,NA,Not Distracted,US,Sport Utility Vehicle,Stopped in Traffic,35,No,2021,CHEVROLET,SUBURBAN,39.04025554,-77.1130948,2024,3,12
240011039,Property Damage Crash,03/07/2024 10:05:00 AM,CRYSTAL ROCK DR (SB/L),NA,Angle,Clear,Dry,Daylight,Traffic Control Signal,NONE DETECTED,Yes,No Apparent Injury,"Failed to Keep in Proper Lane, Improper Turn",Unknown,MD,Passenger Car,Turning Right,35,No,2021,FORD,ECOSPORT,39.193545,-77.27031857,2024,3,10
240011039,Property Damage Crash,03/07/2024 10:05:00 AM,CRYSTAL ROCK DR (SB/L),NA,Angle,Clear,Dry,Daylight,Traffic Control Signal,NONE DETECTED,No,No Apparent Injury,NA,Not Distracted,MD,Station Wagon,Moving Constant Speed,35,No,2017,SUBARU,OUTBACK,39.193545,-77.27031857,2024,3,10
240011037,Property Damage Crash,03/07/2024 09:27:00 AM,VEIRS MILL RD (WB/L),NA,Angle,Cloudy,Dry,Daylight,No Controls,NONE DETECTED,Yes,No Apparent Injury,Failed to Yield Right-of-Way,Unknown,MD,Passenger Car,Entering Traffic Lane,35,No,2014,TOYOTA,COROLLA,39.05596672,-77.08207141,2024,3,9
240011037,Property Damage Crash,03/07/2024 09:27:00 AM,VEIRS MILL RD (WB/L),NA,Angle,Cloudy,Dry,Daylight,No Controls,NONE DETECTED,No,No Apparent Injury,NA,Not Distracted,MD,Sport Utility Vehicle,Moving Constant Speed,35,No,2014,HONDA,CR-V,39.05596672,-77.08207141,2024,3,9
240011023,Property Damage Crash,03/07/2024 08:41:00 AM,NA,NA,"Sideswipe, Same Direction",Cloudy,Wet,Daylight,Traffic Control Signal,NONE DETECTED,No,No Apparent Injury,NA,Not Distracted,MD,Passenger Car,Turning Left,30,No,2019,HYUNDAI,ELANTRA,38.99382408,-77.05193932,2024,3,8
240011023,Property Damage Crash,03/07/2024 08:41:00 AM,NA,NA,"Sideswipe, Same Direction",Cloudy,Wet,Daylight,Traffic Control Signal,NONE DETECTED,Yes,No Apparent Injury,"Failed to Yield Right-of-Way, Improper Turn",Not Distracted,MD,Passenger Car,Turning Left,30,No,2021,FORD,EXPLORER,38.99382408,-77.05193932,2024,3,8
240011022,Property Damage Crash,03/07/2024 08:34:00 AM,RIVER RD,NA,Front to Rear,Cloudy,Wet,Daylight,Traffic Control Signal,NONE DETECTED,Yes,No Apparent Injury,NA,Unknown,MD,Sport Utility Vehicle,Slowing or Stopping,35,No,2019,CHEVROLET,TRAVERSE,38.98037916,-77.13371484,2024,3,8
240011022,Property Damage Crash,03/07/2024 08:34:00 AM,RIVER RD,NA,Front to Rear,Cloudy,Wet,Daylight,Traffic Control Signal,NONE DETECTED,No,No Apparent Injury,NA,Not Distracted,DC,Passenger Car,Slowing or Stopping,35,No,2023,TESLA,MODEL 3,38.98037916,-77.13371484,2024,3,8
240011022,Property Damage Crash,03/07/2024 08:34:00 AM,RIVER RD,NA,Front to Rear,Cloudy,Wet,Daylight,Traffic Control Signal,NONE DETECTED,No,No Apparent Injury,NA,Not Distracted,DC,Sport Utility Vehicle,Slowing or Stopping,35,No,2015,HONDA,CR-V,38.98037916,-77.13371484,2024,3,8