Local Case Number,ACRS Report Type,Crash Date/Time,Road Name,Related Non-Motorist,Collision Type,Weather,Surface Condition,Light,Traffic Control,Driver Substance Abuse,Driver At Fault,Injury Severity,Circumstance,Driver Distracted By,Drivers License State,Vehicle Body Type,Vehicle Movement,Speed Limit,Driverless Vehicle,Vehicle Year,Vehicle Make,Vehicle Model,Latitude,Longitude,Year,Month,Hour
240010746,Injury Crash,03/05/2024 04:12:00 PM,GUNNERS BRANCH RD,NA,Angle,Clear,Dry,Daylight,No Controls,NONE DETECTED,Yes,No Apparent Injury,Failed to Yield Right-of-Way,Unknown,MD,Passenger Car,Turning Left,25,No,2017,TOYOTA,HIGHLANDER,39.17792667,-77.24001333,2024,3,16
240010746,Injury Crash,03/05/2024 04:12:00 PM,GUNNERS BRANCH RD,NA,Angle,Clear,Dry,Daylight,No Controls,NONE DETECTED,No,Possible Minor Injury,NA,Not Distracted,MD,Passenger Car,Moving Constant Speed,25,No,2019,HONDA,ACCORD,39.17792667,-77.24001333,2024,3,16
240010473,Injury Crash,03/05/2024 04:10:00 PM,COLUMBIA PIKE,NA,"Sideswipe, Opposite Direction",Cloudy,Dry,Daylight,Traffic Control Signal,NONE DETECTED,No,Possible Minor Injury,NA,Not Distracted,MD,Passenger Car,Turning Left,50,No,2016,HONDA,CR-V,39.07321667,-76.95585917,2024,3,16
240010473,Injury Crash,03/05/2024 04:10:00 PM,COLUMBIA PIKE,NA,"Sideswipe, Opposite Direction",Cloudy,Dry,Daylight,Flashing Traffic Control Signal,NONE DETECTED,Yes,Possible Minor Injury,NA,Unknown,MD,Passenger Car,Moving Constant Speed,50,No,2011,NISSAN,ALTIMA,39.07321667,-76.95585917,2024,3,16
240010473,Injury Crash,03/05/2024 04:10:00 PM,COLUMBIA PIKE,NA,"Sideswipe, Opposite Direction",Cloudy,Dry,Daylight,Traffic Control Signal,NONE DETECTED,No,Possible Minor Injury,NA,Not Distracted,MD,Passenger Car,Turning Left,50,No,2023,MERCEDES-BENZ,GLC-CLASS,39.07321667,-76.95585917,2024,3,16
240010744,Injury Crash,03/05/2024 03:35:00 PM,DUFIEF DR,NA,Front to Rear,Cloudy,Dry,Daylight,Stop Sign,NONE DETECTED,No,No Apparent Injury,NA,Not Distracted,MD,Passenger Car,Turning Right,25,No,2019,VOLVO,XC60,39.10642134,-77.233614,2024,3,15
240010731,Property Damage Crash,03/05/2024 03:35:00 PM,COLESVILLE RD,NA,"Sideswipe, Same Direction",Clear,Dry,Daylight,Traffic Control Signal,NONE DETECTED,Yes,No Apparent Injury,NA,Not Distracted,MD,Passenger Car,Moving Constant Speed,35,No,2014,HONDA,ACCORD,39.00769998,-77.02009298,2024,3,15
240010744,Injury Crash,03/05/2024 03:35:00 PM,DUFIEF DR,NA,Front to Rear,Cloudy,Dry,Daylight,Stop Sign,NONE DETECTED,Yes,No Apparent Injury,Followed Too Closely,Not Distracted,MD,Bus - School,Turning Right,25,No,2015,THOMAS BUILT,SCHOOL BUS,39.10642134,-77.233614,2024,3,15
240010731,Property Damage Crash,03/05/2024 03:35:00 PM,COLESVILLE RD,NA,"Sideswipe, Same Direction",Clear,Dry,Daylight,Traffic Control Signal,NONE DETECTED,No,No Apparent Injury,NA,Not Distracted,MD,Passenger Car,Turning Left,35,No,2003,TOYOTA,COROLLA,39.00769998,-77.02009298,2024,3,15
240010733,Injury Crash,03/05/2024 02:59:00 PM,MONTGOMERY VILLAGE AVE,NA,"Sideswipe, Same Direction",Clear,Dry,Daylight,No Controls,NONE DETECTED,No,No Apparent Injury,NA,Not Distracted,MD,Sport Utility Vehicle,Slowing or Stopping,35,No,2023,TOYOTA,RAV4,39.161025,-77.20156333,2024,3,14
240010733,Injury Crash,03/05/2024 02:59:00 PM,MONTGOMERY VILLAGE AVE,NA,"Sideswipe, Same Direction",Clear,Dry,Daylight,No Controls,NONE DETECTED,No,Possible Minor Injury,"Failed to Yield Right-of-Way, Other Improper Action",Not Distracted,MD,Pickup,Changing Lanes,35,No,2008,CHEVROLET,COLORADO,39.161025,-77.20156333,2024,3,14
240010734,Property Damage Crash,03/05/2024 02:53:00 PM,NA,NA,"Sideswipe, Same Direction",Cloudy,NA,Daylight,NA,NONE DETECTED,No,NA,NA,NA,NA,Passenger Car,Moving Constant Speed,0,No,2011,TOYOTA,COROLLA,39.07126512,-77.10100254,2024,3,14
240010734,Property Damage Crash,03/05/2024 02:53:00 PM,NA,NA,"Sideswipe, Same Direction",Cloudy,NA,Daylight,NA,NONE DETECTED,No,No Apparent Injury,NA,Not Distracted,MD,Bus - School,Parked,0,No,2013,FORD,ECOSPORT,39.07126512,-77.10100254,2024,3,14
240010728,Injury Crash,03/05/2024 02:50:00 PM,RANDOLPH RD,NA,Front to Rear,Clear,Wet,Daylight,No Controls,NONE DETECTED,Yes,No Apparent Injury,Other Improper Action,Not Distracted,MD,Passenger Car,Moving Constant Speed,35,No,2003,MAZDA,MAZDA6,39.06283817,-77.0411625,2024,3,14
240010728,Injury Crash,03/05/2024 02:50:00 PM,RANDOLPH RD,NA,Front to Rear,Clear,Wet,Daylight,No Controls,NONE DETECTED,No,Possible Minor Injury,NA,Not Distracted,MD,Passenger Car,Slowing or Stopping,35,No,2007,LEXUS,IS,39.06283817,-77.0411625,2024,3,14
240010728,Injury Crash,03/05/2024 02:50:00 PM,RANDOLPH RD,NA,Front to Rear,Clear,Wet,Daylight,No Controls,NONE DETECTED,No,No Apparent Injury,NA,Not Distracted,MD,Passenger Car,Slowing or Stopping,35,No,2020,RAM,2500,39.06283817,-77.0411625,2024,3,14
240010785,Property Damage Crash,03/05/2024 02:19:00 PM,MONTGOMERY AVE,NA,"Sideswipe, Same Direction",Clear,Dry,Daylight,No Controls,NONE DETECTED,No,No Apparent Injury,NA,Not Distracted,NJ,Passenger Car,Parked,25,No,2014,HONDA,CR-V,38.98379533,-77.0928801,2024,3,14
240010785,Property Damage Crash,03/05/2024 02:19:00 PM,MONTGOMERY AVE,NA,"Sideswipe, Same Direction",Clear,Dry,Daylight,No Controls,NONE DETECTED,No,NA,NA,NA,NA,Pickup,Accelerating,25,No,2016,CHEVROLET,1500,38.98379533,-77.0928801,2024,3,14
240010719,Property Damage Crash,03/05/2024 01:56:00 PM,LOFSTRAND LA,NA,Other,Cloudy,Wet,Daylight,No Controls,NONE DETECTED,No,No Apparent Injury,NA,Unknown,MD,Other,Moving Constant Speed,25,No,2020,NISSAN,NV,39.0967545,-77.1380215,2024,3,13
240010719,Property Damage Crash,03/05/2024 01:56:00 PM,LOFSTRAND LA,NA,Other,Cloudy,Wet,Daylight,No Controls,NONE DETECTED,No,No Apparent Injury,NA,Unknown,MD,Passenger Car,Moving Constant Speed,25,No,2016,TOYOTA,RAV4,39.0967545,-77.1380215,2024,3,13
240010706,Property Damage Crash,03/05/2024 01:20:00 PM,QUINCE ORCHARD RD,NA,Front to Rear,Cloudy,Wet,Daylight,No Controls,NONE DETECTED,Yes,No Apparent Injury,Too Fast For Conditions,Unknown,MD,Sport Utility Vehicle,Slowing or Stopping,30,No,2016,TOYOTA,HIGHLANDER,39.14269341,-77.22089008,2024,3,13
240010706,Property Damage Crash,03/05/2024 01:20:00 PM,QUINCE ORCHARD RD,NA,Front to Rear,Cloudy,Wet,Daylight,No Controls,NONE DETECTED,No,No Apparent Injury,NA,Not Distracted,MD,Sport Utility Vehicle,Slowing or Stopping,30,No,2017,FORD,ESCAPE,39.14269341,-77.22089008,2024,3,13
240010690,Property Damage Crash,03/05/2024 12:30:00 PM,SAM EIG HWY,NA,Single Vehicle,Rain,Wet,Daylight,Traffic Control Signal,NONE DETECTED,Yes,No Apparent Injury,NA,Not Distracted,MD,Passenger Car,Moving Constant Speed,35,No,2014,HYUNDAI,SONATA,39.11632349,-77.20809255,2024,3,12
240010678,Property Damage Crash,03/05/2024 11:33:00 AM,RAMP 5 FR IS 270 SB TO SHADY GROVE RD,NA,Single Vehicle,Rain,Wet,Daylight,No Controls,NONE DETECTED,No,No Apparent Injury,Too Fast For Conditions,Not Distracted,MD,Passenger Car,Negotiating a Curve,55,No,2006,TOYOTA,CAMRY,39.11148665,-77.18989402,2024,3,11
240010674,Property Damage Crash,03/05/2024 11:00:00 AM,SAM EIG HWY,NA,Single Vehicle,Rain,Wet,Daylight,Traffic Control Signal,NONE DETECTED,Yes,No Apparent Injury,Too Fast For Conditions,Unknown,MD,Sport Utility Vehicle,Negotiating a Curve,40,No,2024,TOYOTA,COROLLA CROSS,39.10879067,-77.2121115,2024,3,11
240010670,Property Damage Crash,03/05/2024 10:30:00 AM,ROCKVILLE PIKE,NA,Single Vehicle,Rain,Wet,Daylight,No Controls,NONE DETECTED,No,No Apparent Injury,Ran Off Roadway,Unknown,MD,Passenger Car,Accelerating,45,No,2020,HONDA,ACCORD,39.02822195,-77.10378368,2024,3,10
240010741,Property Damage Crash,03/05/2024 10:00:00 AM,REGENTS PARK DR,NA,Front to Front,Rain,Wet,Daylight,No Controls,NONE DETECTED,Yes,No Apparent Injury,NA,Unknown,MD,Sport Utility Vehicle,Moving Constant Speed,15,No,2010,GMC,ACADIA,39.18887031,-77.24268081,2024,3,10
240010741,Property Damage Crash,03/05/2024 10:00:00 AM,REGENTS PARK DR,NA,Front to Front,Rain,Wet,Daylight,No Controls,NONE DETECTED,Yes,No Apparent Injury,NA,Unknown,MD,Sport Utility Vehicle,Moving Constant Speed,15,No,2023,TOYOTA,RAV4,39.18887031,-77.24268081,2024,3,10
240010654,Injury Crash,03/05/2024 09:06:00 AM,TURKEY FOOT RD,NA,Angle,Rain,Wet,Daylight,No Controls,NONE DETECTED,No,Possible Minor Injury,NA,Not Distracted,MD,Passenger Car,Moving Constant Speed,35,No,2022,BMW,430I,39.10407404,-77.28505661,2024,3,9
240010654,Injury Crash,03/05/2024 09:06:00 AM,TURKEY FOOT RD,NA,Angle,Rain,Wet,Daylight,Stop Sign,NONE DETECTED,No,No Apparent Injury,Failed to Yield Right-of-Way,Unknown,MD,Sport Utility Vehicle,Turning Left,35,No,2014,LAND ROVER,RANGE ROVER,39.10407404,-77.28505661,2024,3,9
240010652,Property Damage Crash,03/05/2024 08:58:00 AM,MONTROSE RD,NA,Front to Rear,Rain,Wet,Daylight,Traffic Control Signal,NONE DETECTED,No,No Apparent Injury,NA,Not Distracted,MD,Passenger Car,Stopped in Traffic,40,No,2006,SUBARU,FORESTER,39.05552595,-77.14950913,2024,3,8
240010652,Property Damage Crash,03/05/2024 08:58:00 AM,MONTROSE RD,NA,Front to Rear,Rain,Wet,Daylight,Traffic Control Signal,NONE DETECTED,Yes,No Apparent Injury,NA,NA,MD,Passenger Car,Moving Constant Speed,40,No,2006,LEXUS,IS,39.05552595,-77.14950913,2024,3,8
240010648,Injury Crash,03/05/2024 08:51:00 AM,DEVON RD,NA,Front to Front,Rain,Wet,Daylight,Traffic Control Signal,NONE DETECTED,Yes,Possible Minor Injury,Failed to Yield Right-of-Way,Unknown,MD,Passenger Car,Turning Left,30,No,2016,KIA,SORENTO,38.99369882,-77.00901045,2024,3,8
240010648,Injury Crash,03/05/2024 08:51:00 AM,DEVON RD,NA,Front to Front,Rain,Wet,Daylight,Traffic Control Signal,NONE DETECTED,No,No Apparent Injury,NA,Not Distracted,MD,Passenger Car,Moving Constant Speed,30,No,2014,FORD,MUSTANG,38.99369882,-77.00901045,2024,3,8
240010647,Property Damage Crash,03/05/2024 08:03:00 AM,MEADOW LA,NA,Rear To Side,Rain,Wet,Daylight,No Controls,NONE DETECTED,Yes,No Apparent Injury,NA,Not Distracted,MD,Sport Utility Vehicle,Backing,25,No,2018,MERCEDES-BENZ,GLE-CLASS,38.97902183,-77.078595000000007,2024,3,8
240010640,Property Damage Crash,03/05/2024 07:45:00 AM,NA,NA,"Sideswipe, Opposite Direction",Rain,NA,Daylight,NA,NONE DETECTED,No,No Apparent Injury,NA,Not Distracted,MD,Passenger Car,Turning Left,0,No,2019,DODGE,CHARGER,39.15878798,-77.20241721,2024,3,7
240010640,Property Damage Crash,03/05/2024 07:45:00 AM,NA,NA,"Sideswipe, Opposite Direction",Rain,NA,Daylight,NA,NONE DETECTED,Yes,No Apparent Injury,"Failed to Keep in Proper Lane, Improper Turn",Unknown,MD,Passenger Car,Turning Right,0,No,2022,CHEVROLET,TRAILBLAZER,39.15878798,-77.20241721,2024,3,7
240010638,Injury Crash,03/05/2024 07:35:00 AM,NA,NA,Angle,Rain,Wet,Daylight,Traffic Control Signal,NONE DETECTED,No,No Apparent Injury,NA,Not Distracted,MD,Sport Utility Vehicle,Turning Left,40,No,2021,BMW,X5,39.11745577,-77.25106228,2024,3,7
240010638,Injury Crash,03/05/2024 07:35:00 AM,NA,NA,Angle,Rain,Wet,Daylight,Traffic Control Signal,NONE DETECTED,No,Suspected Serious Injury,NA,Not Distracted,MD,Sport Utility Vehicle,Moving Constant Speed,40,No,2017,KIA,SPORTAGE,39.11745577,-77.25106228,2024,3,7
240010632,Property Damage Crash,03/05/2024 07:07:00 AM,COMUS RD,NA,Single Vehicle,Rain,Wet,Medium,No Controls,NONE DETECTED,No,NA,NA,NA,NA,Sport Utility Vehicle,NA,30,No,2018,MAZDA,CX-5,39.24561044,-77.34439244,2024,3,7
240010633,Injury Crash,03/05/2024 07:05:00 AM,COLUMBIA PIKE,NA,Rear To Side,Rain,Wet,Daylight,Traffic Control Signal,NONE DETECTED,Yes,No Apparent Injury,Failed to Yield Right-of-Way,Not Distracted,MD,Passenger Car,Turning Left,40,No,2021,HONDA,ACCORD,39.03941738,-76.9978601,2024,3,7
240010633,Injury Crash,03/05/2024 07:05:00 AM,COLUMBIA PIKE,NA,Rear To Side,Rain,Wet,Daylight,Traffic Control Signal,NONE DETECTED,No,No Apparent Injury,NA,Not Distracted,MD,Sport Utility Vehicle,Turning Right,40,No,2023,HYUNDAI,PALISADE,39.03941738,-76.9978601,2024,3,7
240010633,Injury Crash,03/05/2024 07:05:00 AM,COLUMBIA PIKE,NA,Rear To Side,Rain,Wet,Daylight,Traffic Control Signal,NONE DETECTED,No,Possible Minor Injury,NA,Not Distracted,MD,Sport Utility Vehicle,Moving Constant Speed,40,No,2007,ACURA,MDX,39.03941738,-76.9978601,2024,3,7
240010607,Property Damage Crash,03/04/2024 10:14:00 PM,COLUMBIA PIKE (SB/L),NA,Front to Rear,Cloudy,Wet,Medium,Traffic Control Signal,ALCOHOL PRESENT,Yes,No Apparent Injury,NA,Not Distracted,MD,Sport Utility Vehicle,Moving Constant Speed,45,No,2015,CHEVROLET,SUBURBAN,39.07341043,-76.95497777,2024,3,22
240010607,Property Damage Crash,03/04/2024 10:14:00 PM,COLUMBIA PIKE (SB/L),NA,Front to Rear,Cloudy,Wet,Medium,Traffic Control Signal,NONE DETECTED,No,No Apparent Injury,NA,Not Distracted,MD,Bus - Transit,Stopped in Traffic,45,No,2020,UNKNOWN,UNKNOWN,39.07341043,-76.95497777,2024,3,22
240010602,Injury Crash,03/04/2024 09:10:00 PM,AMHERST AVE,Pedestrian,Single Vehicle,Clear,Dry,Dark,Traffic Control Signal,NONE DETECTED,No,No Apparent Injury,Other Improper Action,"Other Action (looking away from task, etc.)",MD,Passenger Car,Turning Right,35,No,2022,CHEVROLET,MALIBU,39.0414744,-77.04813343,2024,3,21
240010593,Injury Crash,03/04/2024 07:55:00 PM,GEORGIA AVE,NA,Angle,Clear,Dry,Medium,Traffic Control Signal,NONE DETECTED,No,Possible Minor Injury,Improper Turn,Unknown,MD,Passenger Car,Turning Left,25,No,2018,ACURA,TLX,39.04311274,-77.05198792,2024,3,19
240010593,Injury Crash,03/04/2024 07:55:00 PM,GEORGIA AVE,NA,Angle,Clear,Dry,Medium,Traffic Control Signal,NONE DETECTED,No,No Apparent Injury,NA,Not Distracted,DC,Passenger Car,Moving Constant Speed,25,No,2012,HONDA,ACCORD,39.04311274,-77.05198792,2024,3,19
240010581,Property Damage Crash,03/04/2024 07:12:00 PM,HEWITT AVE,NA,Rear To Side,Clear,Dry,Medium,No Controls,NONE DETECTED,No,No Apparent Injury,NA,Unknown,MD,Passenger Car,Moving Constant Speed,35,No,2017,JEEP,CHEROKEE,39.0799053,-77.06333267,2024,3,19
240010581,Property Damage Crash,03/04/2024 07:12:00 PM,HEWITT AVE,NA,Rear To Side,Clear,Dry,Medium,No Controls,NONE DETECTED,No,No Apparent Injury,NA,Not Distracted,MD,Passenger Car,Turning Left,35,No,2022,TOYOTA,CAMRY,39.0799053,-77.06333267,2024,3,19
240010568,Injury Crash,03/04/2024 06:25:00 PM,VEIRS MILL RD,NA,Front to Rear,Clear,Dry,Medium,No Controls,NONE DETECTED,No,No Apparent Injury,NA,Not Distracted,MD,Passenger Car,Stopped in Traffic,35,No,2024,ACURA,INTEGRA,39.04125312,-77.05806299,2024,3,18
240010568,Injury Crash,03/04/2024 06:25:00 PM,VEIRS MILL RD,NA,Front to Rear,Clear,Dry,Medium,No Controls,NONE DETECTED,Yes,No Apparent Injury,NA,"Other Action (looking away from task, etc.)",MD,Sport Utility Vehicle,Moving Constant Speed,35,No,2004,LEXUS,RX,39.04125312,-77.05806299,2024,3,18
240010568,Injury Crash,03/04/2024 06:25:00 PM,VEIRS MILL RD,NA,Front to Rear,Clear,Dry,Medium,No Controls,NONE DETECTED,No,No Apparent Injury,NA,Not Distracted,MD,Sport Utility Vehicle,Stopped in Traffic,35,No,2018,TOYOTA,RAV4,39.04125312,-77.05806299,2024,3,18
240010570,Property Damage Crash,03/04/2024 06:00:00 PM,MONTGOMERY VILLAGE AVE (SB/L),NA,Angle,Clear,Dry,Medium,No Controls,NONE DETECTED,No,No Apparent Injury,NA,Not Distracted,MD,Bus - Transit,Stopped in Traffic,35,No,2017,GILLIG,CITY TRANSIT BUS,39.165743,-77.20492683,2024,3,18
240010570,Property Damage Crash,03/04/2024 06:00:00 PM,MONTGOMERY VILLAGE AVE (SB/L),NA,Angle,Clear,Dry,Medium,No Controls,NONE DETECTED,Yes,No Apparent Injury,NA,Not Distracted,MD,Passenger Car,Overtaking/Passing,35,No,2017,TOYOTA,COROLLA,39.165743,-77.20492683,2024,3,18
240010564,Injury Crash,03/04/2024 05:50:00 PM,NORWOOD RD,NA,Front to Rear,Clear,Dry,Daylight,Traffic Control Signal,NONE DETECTED,No,Possible Minor Injury,NA,Not Distracted,MD,Passenger Car,Slowing or Stopping,30,No,2011,HONDA,ODYSSEY,39.12539092,-77.02750444,2024,3,17
240010564,Injury Crash,03/04/2024 05:50:00 PM,NORWOOD RD,NA,Front to Rear,Clear,Dry,Daylight,Traffic Control Signal,NONE DETECTED,No,No Apparent Injury,NA,Not Distracted,MD,Passenger Car,Accelerating,30,No,2012,TOYOTA,RAV4,39.12539092,-77.02750444,2024,3,17
240010558,Property Damage Crash,03/04/2024 05:00:00 PM,ROCKVILLE PIKE,NA,"Sideswipe, Opposite Direction",Clear,Dry,Daylight,Traffic Control Signal,NONE DETECTED,Yes,No Apparent Injury,"Ran Off Roadway, Wrong Side",Unknown,MD,Sport Utility Vehicle,Accelerating,35,No,2024,BMW,X6,39.04483985,-77.11162785,2024,3,17
240010558,Property Damage Crash,03/04/2024 05:00:00 PM,ROCKVILLE PIKE,NA,"Sideswipe, Opposite Direction",Clear,Dry,Daylight,Traffic Control Signal,NONE DETECTED,No,No Apparent Injury,NA,Not Distracted,MD,Van - Passenger (&lt;9 Seats),Stopped in Traffic,35,No,2022,CHRYSLER,PACIFICA,39.04483985,-77.11162785,2024,3,17
240010559,Property Damage Crash,03/04/2024 04:54:00 PM,SPENCERVILLE RD,NA,Single Vehicle,Clear,Dry,Daylight,No Controls,NONE DETECTED,No,No Apparent Injury,NA,Not Distracted,MD,Passenger Car,Moving Constant Speed,35,No,2016,VOLVO,S60,39.11385417,-76.95810417,2024,3,16
240010554,Injury Crash,03/04/2024 04:53:00 PM,SHAKESPEARE DR,NA,Angle,Cloudy,Dry,Daylight,No Controls,NONE DETECTED,Yes,No Apparent Injury,Failed to Yield Right-of-Way,Not Distracted,MD,Passenger Car,Turning Left,30,No,2020,TOYOTA,COROLLA,39.19822493,-77.24231127,2024,3,16
240010554,Injury Crash,03/04/2024 04:53:00 PM,SHAKESPEARE DR,NA,Angle,Cloudy,Dry,Daylight,No Controls,NONE DETECTED,No,Possible Minor Injury,NA,Not Distracted,CA,Other,Moving Constant Speed,30,No,2000,DODGE,RAM VAN,39.19822493,-77.24231127,2024,3,16
240010549,Injury Crash,03/04/2024 04:27:00 PM,EAST WEST HWY (WB/L),NA,Front to Rear,Clear,Dry,Daylight,Traffic Control Signal,ALCOHOL PRESENT,Yes,No Apparent Injury,"Failed to Keep in Proper Lane, Improper Passing, Operated Motor Vehicle in Inattentive, Careless, Negligent, or Erratic Manner, Other Improper Action",Unknown,MD,Passenger Car,Overtaking/Passing,35,No,2006,ACURA,TL,38.99415058,-77.05153939,2024,3,16
240010549,Injury Crash,03/04/2024 04:27:00 PM,EAST WEST HWY (WB/L),NA,Front to Rear,Clear,Dry,Daylight,Traffic Control Signal,NONE DETECTED,No,No Apparent Injury,NA,Not Distracted,MD,Passenger Car,Moving Constant Speed,35,No,2005,TOYOTA,CAMRY,38.99415058,-77.05153939,2024,3,16
240010537,Property Damage Crash,03/04/2024 02:50:00 PM,UNIVERSITY BLVD W (WB/L),NA,"Sideswipe, Same Direction",Clear,Dry,Daylight,Traffic Control Signal,NONE DETECTED,No,No Apparent Injury,NA,Not Distracted,MD,Passenger Car,Turning Right,40,No,2017,KIA,SORENTO,39.02048577,-77.01278879,2024,3,14
240010537,Property Damage Crash,03/04/2024 02:50:00 PM,UNIVERSITY BLVD W (WB/L),NA,"Sideswipe, Same Direction",Clear,Dry,Daylight,Traffic Control Signal,NONE DETECTED,No,NA,NA,NA,NA,Station Wagon,Turning Right,40,No,2000,SAAB,UNKNOWN,39.02048577,-77.01278879,2024,3,14
240010524,Injury Crash,03/04/2024 02:20:00 PM,MIDDLEBROOK RD (WB/L),NA,"Sideswipe, Same Direction",Cloudy,Dry,Daylight,No Controls,NONE DETECTED,Yes,Possible Minor Injury,"Failed to Yield Right-of-Way, Other Improper Action",Not Distracted,MD,Passenger Car,Changing Lanes,40,No,2015,TOYOTA,PRIUS C,39.17539994,-77.25421797,2024,3,14
240010524,Injury Crash,03/04/2024 02:20:00 PM,MIDDLEBROOK RD (WB/L),NA,"Sideswipe, Same Direction",Cloudy,Dry,Daylight,No Controls,NONE DETECTED,No,No Apparent Injury,NA,Not Distracted,MD,Passenger Car,Moving Constant Speed,40,No,2019,DODGE,CHARGER,39.17539994,-77.25421797,2024,3,14
240010518,Property Damage Crash,03/04/2024 01:45:00 PM,NA,NA,Front to Rear,Clear,Dry,Daylight,Lane Use Control Signal,NONE DETECTED,Yes,No Apparent Injury,NA,Not Distracted,MD,Passenger Car,Slowing or Stopping,45,No,2013,TOYOTA,COROLLA,39.14092067,-77.15218433,2024,3,13
240010518,Property Damage Crash,03/04/2024 01:45:00 PM,NA,NA,Front to Rear,Clear,Dry,Daylight,Lane Use Control Signal,NONE DETECTED,No,No Apparent Injury,NA,Not Distracted,MD,Passenger Car,Slowing or Stopping,45,No,2009,HYUNDAI,ELANTRA GT,39.14092067,-77.15218433,2024,3,13
240010521,Property Damage Crash,03/04/2024 01:00:00 PM,NA,NA,Single Vehicle,Clear,NA,Daylight,NA,NONE DETECTED,No,No Apparent Injury,NA,Not Distracted,MD,Passenger Car,Accelerating,0,No,2012,HONDA,CR-V,39.11347115,-77.17209533,2024,3,13
240010489,Injury Crash,03/04/2024 11:49:00 AM,NORWOOD RD,NA,Front to Front,Clear,Dry,Daylight,Traffic Control Signal,NONE DETECTED,Yes,Possible Minor Injury,NA,Unknown,MD,Passenger Car,Turning Right,40,No,2020,HONDA,CR-V,39.10623718,-77.00150801,2024,3,11
240010489,Injury Crash,03/04/2024 11:49:00 AM,NORWOOD RD,NA,Front to Front,Clear,Dry,Daylight,Lane Use Control Signal,NONE DETECTED,No,No Apparent Injury,NA,Not Distracted,MD,Passenger Car,Stopped in Traffic,30,No,2021,TOYOTA,C-HR,39.10623718,-77.00150801,2024,3,11
240010499,Property Damage Crash,03/04/2024 11:37:00 AM,NA,NA,Front to Rear,Clear,NA,Daylight,NA,NONE DETECTED,Yes,No Apparent Injury,Improper Backing,Talking/listening,MD,Passenger Car,Backing,0,No,2008,HONDA,CIVIC,39.28891813,-77.20182635,2024,3,11
240010482,Property Damage Crash,03/04/2024 11:31:00 AM,SPARTAN RD,NA,Rear To Side,Clear,Dry,Daylight,Traffic Control Signal,NONE DETECTED,No,No Apparent Injury,NA,Not Distracted,MD,Passenger Car,Accelerating,30,No,2017,TOYOTA,CAMRY,39.15095792,-77.06210257,2024,3,11
240010482,Property Damage Crash,03/04/2024 11:31:00 AM,SPARTAN RD,NA,Rear To Side,Clear,Dry,Daylight,Traffic Control Signal,NONE DETECTED,Yes,No Apparent Injury,NA,Unknown,MD,Passenger Car,Moving Constant Speed,30,No,2008,BMW,325I,39.15095792,-77.06210257,2024,3,11
240010495,Property Damage Crash,03/04/2024 11:30:00 AM,JONES BRIDGE RD,NA,Other,Cloudy,Dry,Daylight,Traffic Control Signal,NONE DETECTED,No,No Apparent Injury,NA,Not Distracted,NA,"Construction Equipment (backhoe, bulldozer, etc.)",Backing,30,No,2017,ZZKNOWN,UNKNOWN,38.99977783,-77.07746983,2024,3,11
240010495,Property Damage Crash,03/04/2024 11:30:00 AM,JONES BRIDGE RD,NA,Other,Cloudy,Dry,Daylight,Traffic Control Signal,NONE DETECTED,No,No Apparent Injury,NA,Not Distracted,MD,Passenger Car,Stopped in Traffic,30,No,2015,MERCEDES-BENZ,GLA-CLASS,38.99977783,-77.07746983,2024,3,11
240010466,Property Damage Crash,03/04/2024 10:03:00 AM,RAMP 3 FR MD 118 EB TO RAMP 2 (TO IS270),NA,Rear To Side,Clear,Dry,Daylight,Traffic Control Signal,NONE DETECTED,Yes,No Apparent Injury,Ran Red Light,Unknown,NA,Sport Utility Vehicle,Turning Left,45,No,2016,JEEP,CHEROKEE,39.18651447,-77.25330404,2024,3,10
240010466,Property Damage Crash,03/04/2024 10:03:00 AM,RAMP 3 FR MD 118 EB TO RAMP 2 (TO IS270),NA,Rear To Side,Clear,Dry,Daylight,Traffic Control Signal,NONE DETECTED,No,No Apparent Injury,NA,Not Distracted,MD,Sport Utility Vehicle,Accelerating,45,No,2017,SUBARU,FORESTER,39.18651447,-77.25330404,2024,3,10