Local Case Number,ACRS Report Type,Crash Date/Time,Road Name,Related Non-Motorist,Collision Type,Weather,Surface Condition,Light,Traffic Control,Driver Substance Abuse,Driver At Fault,Injury Severity,Circumstance,Driver Distracted By,Drivers License State,Vehicle Body Type,Vehicle Movement,Speed Limit,Driverless Vehicle,Vehicle Year,Vehicle Make,Vehicle Model,Latitude,Longitude,Year,Month,Hour
240010464,Injury Crash,03/04/2024 09:58:00 AM,NA,NA,Front to Rear,Clear,Dry,Daylight,Traffic Control Signal,NONE DETECTED,Yes,No Apparent Injury,Other Improper Action,Unknown,MD,Passenger Car,Turning Right,45,No,2019,JEEP,CHEROKEE,39.09354465,-77.07927209,2024,3,9
240010464,Injury Crash,03/04/2024 09:58:00 AM,NA,NA,Front to Rear,Clear,Dry,Daylight,Traffic Control Signal,NONE DETECTED,No,Possible Minor Injury,NA,Not Distracted,MD,Passenger Car,Slowing or Stopping,45,No,2010,HYUNDAI,ACCENT,39.09354465,-77.07927209,2024,3,9
240010461,Injury Crash,03/04/2024 09:43:00 AM,GOLDENROD LA,NA,"Sideswipe, Same Direction",Clear,Dry,Daylight,No Controls,NONE DETECTED,Yes,Possible Minor Injury,"Failed to Keep in Proper Lane, Failed to Yield Right-of-Way, Improper Turn, Operated Motor Vehicle in Inattentive, Careless, Negligent, or Erratic Manner, Other Improper Action","Other Action (looking away from task, etc.)",MD,Passenger Car,Making U-Turn,30,No,2019,TOYOTA,CAMRY,39.18828917,-77.25123633,2024,3,9
240010461,Injury Crash,03/04/2024 09:43:00 AM,GOLDENROD LA,NA,"Sideswipe, Same Direction",Clear,Dry,Daylight,No Controls,NONE DETECTED,No,No Apparent Injury,NA,Not Distracted,MD,Sport Utility Vehicle,Moving Constant Speed,30,No,2023,MITSUBISHI,OUTLANDER SPORT,39.18828917,-77.25123633,2024,3,9
240010455,Property Damage Crash,03/04/2024 08:59:00 AM,MONTGOMERY VILLAGE AVE,NA,Front to Rear,Clear,Dry,Daylight,No Controls,NONE DETECTED,No,No Apparent Injury,NA,Not Distracted,MD,Passenger Car,Stopped in Traffic,35,No,2018,FORD,ESCORT,39.15544667,-77.20769667,2024,3,8
240010455,Property Damage Crash,03/04/2024 08:59:00 AM,MONTGOMERY VILLAGE AVE,NA,Front to Rear,Clear,Dry,Daylight,No Controls,NONE DETECTED,Yes,No Apparent Injury,NA,NA,MD,Passenger Car,Moving Constant Speed,30,No,2020,HONDA,ODYSSEY,39.15544667,-77.20769667,2024,3,8
240010452,Injury Crash,03/04/2024 08:55:00 AM,GOLDENROD LA,NA,Angle,Clear,Dry,Daylight,Traffic Control Signal,NONE DETECTED,No,Possible Minor Injury,NA,Not Distracted,MD,Sport Utility Vehicle,Moving Constant Speed,45,No,2008,NISSAN,ROGUE,39.18860333,-77.251463330000007,2024,3,8
240010452,Injury Crash,03/04/2024 08:55:00 AM,GOLDENROD LA,NA,Angle,Clear,Dry,Daylight,Traffic Control Signal,NONE DETECTED,Yes,No Apparent Injury,Failed to Yield Right-of-Way,Not Distracted,MD,Passenger Car,Turning Left,45,No,2006,MERCEDES-BENZ,E-CLASS,39.18860333,-77.251463330000007,2024,3,8
240010447,Property Damage Crash,03/04/2024 07:50:00 AM,TREETOP DR,NA,Angle,Clear,Dry,Daylight,Stop Sign,NONE DETECTED,No,No Apparent Injury,NA,Not Distracted,MD,Passenger Car,Accelerating,35,No,2021,TESLA,MODEL 3,39.05886552,-76.96939337,2024,3,7
240010447,Property Damage Crash,03/04/2024 07:50:00 AM,TREETOP DR,NA,Angle,Clear,Dry,Daylight,Stop Sign,NONE DETECTED,No,No Apparent Injury,Failed to Yield Right-of-Way,Not Distracted,MD,Passenger Car,Turning Left,35,No,2015,LEXUS,RX,39.05886552,-76.96939337,2024,3,7
240010001,Property Damage Crash,03/04/2024 06:15:00 AM,NA,NA,Single Vehicle,Clear,Dry,Daylight,Other Signal,ALCOHOL PRESENT,Yes,No Apparent Injury,NA,Unknown,MD,Passenger Car,Entering Traffic Lane,35,No,2010,TOYOTA,SCION TC,39.06814131,-77.0610665,2024,3,6
240010436,Injury Crash,03/04/2024 05:33:00 AM,NA,NA,Rear To Side,Clear,Dry,Medium,Flashing Traffic Control Signal,NONE DETECTED,No,Possible Minor Injury,Failed to Yield Right-of-Way,Not Distracted,MD,Passenger Car,Turning Left,30,No,2005,ACURA,MDX,39.0122749,-77.0909495,2024,3,5
240010436,Injury Crash,03/04/2024 05:33:00 AM,NA,NA,Rear To Side,Clear,Dry,Medium,Flashing Traffic Control Signal,NONE DETECTED,No,Possible Minor Injury,NA,Not Distracted,MD,Sport Utility Vehicle,Slowing or Stopping,30,No,2023,CADILLAC,ESCALADE,39.0122749,-77.0909495,2024,3,5
240010434,Injury Crash,03/04/2024 04:36:00 AM,NA,NA,Rear To Side,Clear,Dry,Medium,Flashing Traffic Control Signal,NONE DETECTED,No,Possible Minor Injury,NA,Not Distracted,MD,Passenger Car,Moving Constant Speed,35,No,2020,HONDA,FIT,39.05351562,-77.1067913,2024,3,4
240010434,Injury Crash,03/04/2024 04:36:00 AM,NA,NA,Rear To Side,Clear,Dry,Medium,Traffic Control Signal,NONE DETECTED,No,No Apparent Injury,"Failed to Yield Right-of-Way, Ran Red Light",Not Distracted,MD,Sport Utility Vehicle,Turning Left,35,No,2022,TOYOTA,HIGHLANDER,39.05351562,-77.1067913,2024,3,4
240010433,Injury Crash,03/04/2024 04:14:00 AM,NA,NA,Single Vehicle,Clear,NA,Medium,NA,DRUG AND ALCOHOL CONTRIBUTED,Yes,Possible Minor Injury,Ran Off Roadway,Unknown,MD,Passenger Car,NA,0,No,2017,SUBARU,UNKNOWN,39.11486519,-77.18605511,2024,3,4
240010431,Property Damage Crash,03/04/2024 02:30:00 AM,GEORGIA AVE,NA,"Sideswipe, Same Direction",Clear,Dry,Medium,No Controls,NONE DETECTED,No,NA,NA,NA,NA,Unknown,NA,35,No,0,NA,NA,38.99256848,-77.02656555,2024,3,2
240010425,Property Damage Crash,03/04/2024 12:23:00 AM,GERMANTOWN RD,NA,Single Vehicle,Clear,Dry,Medium,No Controls,NONE DETECTED,Yes,No Apparent Injury,Wrong Side,Unknown,MD,Passenger Car,Moving Constant Speed,40,No,2011,CHEVROLET,CRUZE,39.18164,-77.260825,2024,3,0
240010487,Property Damage Crash,03/03/2024 10:15:00 PM,NA,NA,Front to Rear,Clear,NA,Dark,NA,NONE DETECTED,No,No Apparent Injury,Improper Backing,Unknown,NA,Sport Utility Vehicle,Backing,0,No,2017,TOYOTA,RAV4,39.16226492,-77.27551125,2024,3,22
240010409,Injury Crash,03/03/2024 08:39:00 PM,FAIRLAND RD,NA,Angle,Clear,Dry,Medium,Traffic Control Signal,NONE DETECTED,No,Possible Minor Injury,NA,Unknown,MD,Passenger Car,Moving Constant Speed,40,No,2005,TOYOTA,PRIUS,39.07546425,-76.99391185,2024,3,20
240010409,Injury Crash,03/03/2024 08:39:00 PM,FAIRLAND RD,NA,Angle,Clear,Dry,Medium,Traffic Control Signal,NONE DETECTED,No,No Apparent Injury,NA,Not Distracted,MD,Passenger Car,Turning Left,40,No,2016,VOLKSWAGEN,JETTA,39.07546425,-76.99391185,2024,3,20
240010417,Property Damage Crash,03/03/2024 08:18:00 PM,NO NAME,NA,Single Vehicle,Clear,Dry,Medium,No Controls,NONE DETECTED,Yes,No Apparent Injury,NA,Not Distracted,MD,Passenger Car,Slowing or Stopping,55,No,2017,FORD,TAURUS,39.12838592,-77.17296981,2024,3,20
240010405,Property Damage Crash,03/03/2024 07:35:00 PM,RAMP 7 FR SHADY GROVE RD WB TO IS 270 SB,NA,Single Vehicle,Clear,Dry,Dark,No Controls,NONE DETECTED,Yes,No Apparent Injury,NA,Unknown,MD,Passenger Car,Negotiating a Curve,25,No,2018,HONDA,CR-V,39.11002866,-77.18896659,2024,3,19
240010392,Property Damage Crash,03/03/2024 06:06:00 PM,WATERS LANDING DR,NA,Rear To Side,Clear,Dry,Daylight,Traffic Control Signal,NONE DETECTED,Yes,No Apparent Injury,"Operated Motor Vehicle in Inattentive, Careless, Negligent, or Erratic Manner, Ran Red Light","Other Action (looking away from task, etc.)",MD,Passenger Car,Accelerating,35,No,2018,KIA,SORENTO,39.19162737,-77.27187959,2024,3,18
240010392,Property Damage Crash,03/03/2024 06:06:00 PM,WATERS LANDING DR,NA,Rear To Side,Clear,Dry,Daylight,Traffic Control Signal,NONE DETECTED,No,No Apparent Injury,NA,Not Distracted,MD,Passenger Car,Moving Constant Speed,30,No,2017,NISSAN,ROGUE,39.19162737,-77.27187959,2024,3,18
240010384,Property Damage Crash,03/03/2024 05:27:00 PM,QUINCE ORCHARD RD (SB/L),NA,Angle,Clear,Dry,Daylight,No Controls,NONE DETECTED,No,No Apparent Injury,NA,Not Distracted,MD,Passenger Car,Entering Traffic Lane,35,No,2011,FORD,EDGE,39.1485462,-77.21754486,2024,3,17
240010384,Property Damage Crash,03/03/2024 05:27:00 PM,QUINCE ORCHARD RD (SB/L),NA,Angle,Clear,Dry,Daylight,No Controls,NONE DETECTED,No,No Apparent Injury,NA,Not Distracted,MD,Passenger Car,Moving Constant Speed,35,No,2019,SUBARU,ASCENT,39.1485462,-77.21754486,2024,3,17
240010386,Property Damage Crash,03/03/2024 05:15:00 PM,CONNECTICUT AVE,NA,Front to Rear,Clear,Dry,Daylight,No Controls,NONE DETECTED,No,No Apparent Injury,NA,Not Distracted,MD,Passenger Car,Slowing or Stopping,35,No,2014,ACURA,TSX,38.99571866,-77.07705479,2024,3,17
240010386,Property Damage Crash,03/03/2024 05:15:00 PM,CONNECTICUT AVE,NA,Front to Rear,Clear,Dry,Daylight,No Controls,ALCOHOL PRESENT,Yes,No Apparent Injury,Too Fast For Conditions,Unknown,PA,Passenger Car,Moving Constant Speed,35,No,2018,NISSAN,MAXIMA,38.99571866,-77.07705479,2024,3,17
240010289,Property Damage Crash,03/03/2024 04:14:00 PM,NA,NA,Rear To Side,Clear,NA,Daylight,NA,NONE DETECTED,Yes,No Apparent Injury,NA,Unknown,MD,Passenger Car,Backing,0,No,2004,MAZDA,MAZDA3,39.18822548,-77.24109726,2024,3,16
240010289,Property Damage Crash,03/03/2024 04:14:00 PM,NA,NA,Rear To Side,Clear,NA,Daylight,NA,NONE DETECTED,No,No Apparent Injury,NA,Not Distracted,MD,Sport Utility Vehicle,Parked,0,No,2016,HONDA,HR-V,39.18822548,-77.24109726,2024,3,16
240010377,Injury Crash,03/03/2024 04:00:00 PM,FREDERICK RD,NA,Angle,Clear,Dry,Daylight,Traffic Control Signal,NONE DETECTED,Yes,Possible Minor Injury,NA,Not Distracted,MD,Van - Passenger (&lt;9 Seats),Turning Left,40,No,2016,HONDA,ODYSSEY,39.17836667,-77.23830333,2024,3,16
240010377,Injury Crash,03/03/2024 04:00:00 PM,FREDERICK RD,NA,Angle,Clear,Dry,Daylight,Traffic Control Signal,NONE DETECTED,No,No Apparent Injury,NA,Not Distracted,MD,Passenger Car,Moving Constant Speed,40,No,2018,INFINITI,Q50,39.17836667,-77.23830333,2024,3,16
240010359,Injury Crash,03/03/2024 01:55:00 PM,TRAVILAH RD,NA,Single Vehicle,Clear,Dry,Daylight,No Controls,NONE DETECTED,No,Possible Minor Injury,NA,Not Distracted,MD,Motorcycle - 2 Wheeled,Moving Constant Speed,30,No,2010,HONDA,CBR1000,39.08400617,-77.22913017,2024,3,13
240010357,Property Damage Crash,03/03/2024 01:35:00 PM,NA,NA,Front to Front,Clear,NA,Daylight,NA,ALCOHOL PRESENT,No,No Apparent Injury,"Improper Turn, Operated Motor Vehicle in Inattentive, Careless, Negligent, or Erratic Manner, Other Improper Action",Unknown,MD,Pickup,Turning Right,0,No,2018,RAM,1500,39.14229759,-77.20040925,2024,3,13
240010357,Property Damage Crash,03/03/2024 01:35:00 PM,NA,NA,Front to Front,Clear,NA,Daylight,NA,NONE DETECTED,No,No Apparent Injury,NA,Not Distracted,MD,Sport Utility Vehicle,Moving Constant Speed,0,No,2008,LEXUS,GX,39.14229759,-77.20040925,2024,3,13
240010354,Property Damage Crash,03/03/2024 12:54:00 PM,NA,NA,Other,Clear,NA,Daylight,NA,NONE DETECTED,No,NA,NA,NA,NA,Passenger Car,NA,0,No,2015,VOLKSWAGEN,TIGUAN,39.0798726,-77.0804168,2024,3,12
240010360,Injury Crash,03/03/2024 12:47:00 PM,MERWOOD DR (WB/L),NA,Angle,Clear,Dry,Daylight,Traffic Control Signal,NONE DETECTED,No,No Apparent Injury,NA,Unknown,MD,Passenger Car,Turning Left,25,No,2011,HONDA,CIVIC,38.98335851,-76.98846828,2024,3,12
240010360,Injury Crash,03/03/2024 12:47:00 PM,MERWOOD DR (WB/L),NA,Angle,Clear,Dry,Daylight,Traffic Control Signal,NONE DETECTED,No,Possible Minor Injury,NA,Not Distracted,MD,Passenger Car,Moving Constant Speed,35,No,2023,CHEVROLET,MALIBU,38.98335851,-76.98846828,2024,3,12
240010352,Injury Crash,03/03/2024 12:20:00 PM,NEW HAMPSHIRE AVE,NA,Front to Front,Clear,Dry,Daylight,Traffic Control Signal,NONE DETECTED,No,No Apparent Injury,NA,Not Distracted,VA,Passenger Car,Moving Constant Speed,35,No,2004,MERCEDES-BENZ,E-CLASS,38.98576514,-76.98791588,2024,3,12
240010352,Injury Crash,03/03/2024 12:20:00 PM,NEW HAMPSHIRE AVE,NA,Front to Front,Clear,Dry,Daylight,Traffic Control Signal,NONE DETECTED,No,No Apparent Injury,NA,Not Distracted,MD,Passenger Car,Turning Left,35,No,2019,CHEVROLET,TAHOE,38.98576514,-76.98791588,2024,3,12
240010329,Property Damage Crash,03/03/2024 09:45:00 AM,OLD CHESTER RD,NA,Rear To Side,Clear,Dry,Daylight,No Controls,NONE DETECTED,Yes,No Apparent Injury,NA,Not Distracted,MD,Passenger Car,Backing,25,No,2023,KIA,RIO,38.985095,-77.11790667,2024,3,9
240010329,Property Damage Crash,03/03/2024 09:45:00 AM,OLD CHESTER RD,NA,Rear To Side,Clear,Dry,Daylight,No Controls,NONE DETECTED,No,NA,NA,NA,NA,Passenger Car,Parked,25,No,2019,DODGE,CHARGER,38.985095,-77.11790667,2024,3,9
240010314,Property Damage Crash,03/03/2024 05:41:00 AM,NORWOOD RD,NA,Angle,Clear,Dry,Dark,Traffic Control Signal,NONE DETECTED,No,No Apparent Injury,NA,Not Distracted,MD,Passenger Car,Moving Constant Speed,40,No,2019,NISSAN,ALTIMA,39.11896513,-77.02133177,2024,3,5
240010314,Property Damage Crash,03/03/2024 05:41:00 AM,NORWOOD RD,NA,Angle,Clear,Dry,Dark,Traffic Control Signal,NONE DETECTED,No,No Apparent Injury,NA,Not Distracted,MD,Pickup,Moving Constant Speed,45,No,2003,TOYOTA,TACOMA,39.11896513,-77.02133177,2024,3,5
240010313,Property Damage Crash,03/03/2024 05:25:00 AM,HUDSON AVE,NA,Front to Front,Clear,Dry,Medium,No Controls,NONE DETECTED,No,No Apparent Injury,Disregarded Other Road Markings,Unknown,NA,Passenger Car,NA,15,No,2004,NISSAN,ARMADA,38.9922045,-77.00383407,2024,3,5
240010310,Property Damage Crash,03/03/2024 02:46:00 AM,GEORGIA AVE,NA,"Sideswipe, Same Direction",Clear,Dry,Medium,Stop Sign,NONE DETECTED,No,No Apparent Injury,NA,Not Distracted,MD,Passenger Car,Moving Constant Speed,30,No,2013,TOYOTA,COROLLA,39.0223498,-77.04496954,2024,3,2
240010310,Property Damage Crash,03/03/2024 02:46:00 AM,GEORGIA AVE,NA,"Sideswipe, Same Direction",Clear,Dry,Medium,Stop Sign,ALCOHOL PRESENT,Yes,No Apparent Injury,NA,Talking/listening,MD,Sport Utility Vehicle,Entering Traffic Lane,30,No,2012,FORD,ESCAPE,39.0223498,-77.04496954,2024,3,2
240010312,Property Damage Crash,03/03/2024 02:00:00 AM,NA,NA,Single Vehicle,Clear,NA,Medium,NA,NONE DETECTED,Yes,No Apparent Injury,NA,Not Distracted,MD,Passenger Car,Turning Right,0,No,2019,DODGE,CHARGER,39.03737879,-77.05251872,2024,3,2
240010285,Property Damage Crash,03/02/2024 11:30:00 PM,NA,NA,Single Vehicle,Rain,Wet,Medium,Traffic Control Signal,ALCOHOL PRESENT,Yes,No Apparent Injury,"Operated Motor Vehicle in Inattentive, Careless, Negligent, or Erratic Manner, Ran Off Roadway, Too Fast For Conditions",Unknown,MD,Passenger Car,Turning Right,40,No,2014,AUDI,A4,39.19273321,-77.02638027,2024,3,23
240010292,Property Damage Crash,03/02/2024 11:27:00 PM,SNOWDEN FARM PKWY,NA,Single Vehicle,Clear,Wet,Medium,Other,NONE DETECTED,Yes,No Apparent Injury,NA,Unknown,MD,Passenger Car,Negotiating a Curve,40,No,2019,NISSAN,SENTRA,39.22970622,-77.25283167,2024,3,23
240010291,Property Damage Crash,03/02/2024 11:13:00 PM,GREAT SENECA HWY (SB/L),NA,"Sideswipe, Same Direction",Clear,Dry,Medium,Traffic Control Signal,NONE DETECTED,No,No Apparent Injury,NA,Not Distracted,MD,Passenger Car,Accelerating,50,No,2013,HONDA,CR-V,39.12860796,-77.23786801,2024,3,23
240010291,Property Damage Crash,03/02/2024 11:13:00 PM,GREAT SENECA HWY (SB/L),NA,"Sideswipe, Same Direction",Clear,Dry,Medium,Traffic Control Signal,ALCOHOL PRESENT,Yes,No Apparent Injury,NA,Unknown,MD,Passenger Car,Accelerating,50,No,2015,MERCEDES-BENZ,GLA-CLASS,39.12860796,-77.23786801,2024,3,23
240010283,Property Damage Crash,03/02/2024 10:30:00 PM,RENMARK CT,NA,"Sideswipe, Same Direction",Clear,Wet,Medium,No Controls,ALCOHOL PRESENT,Yes,No Apparent Injury,"Operated Motor Vehicle in Inattentive, Careless, Negligent, or Erratic Manner, Operated Motor Vehicle in Reckless or Aggressive Manner",Not Distracted,MD,Passenger Car,Moving Constant Speed,15,No,2010,HONDA,ACCORD,39.13578903,-77.24273154,2024,3,22
240010280,Property Damage Crash,03/02/2024 10:30:00 PM,NEW HAMPSHIRE AVE,NA,Front to Rear,Clear,Dry,Medium,No Controls,NONE DETECTED,No,No Apparent Injury,NA,Unknown,NA,Passenger Car,Moving Constant Speed,35,No,0,NA,NA,39.01425306,-76.97806386,2024,3,22
240010283,Property Damage Crash,03/02/2024 10:30:00 PM,RENMARK CT,NA,"Sideswipe, Same Direction",Clear,Wet,Medium,No Controls,NONE DETECTED,No,No Apparent Injury,NA,Not Distracted,MD,Passenger Car,Moving Constant Speed,15,No,2017,MAZDA,TRIBUTE,39.13578903,-77.24273154,2024,3,22
240010280,Property Damage Crash,03/02/2024 10:30:00 PM,NEW HAMPSHIRE AVE,NA,Front to Rear,Clear,Dry,Medium,No Controls,NONE DETECTED,No,No Apparent Injury,NA,Not Distracted,MD,Passenger Car,Stopped in Traffic,35,No,2017,TOYOTA,COROLLA,39.01425306,-76.97806386,2024,3,22
240010279,Injury Crash,03/02/2024 10:20:00 PM,VEIRS MILL RD,NA,"Sideswipe, Opposite Direction",Clear,Dry,Medium,Traffic Control Signal,ALCOHOL PRESENT,Yes,No Apparent Injury,NA,"Other Action (looking away from task, etc.)",MD,Passenger Car,Moving Constant Speed,35,No,2011,CHEVROLET,CAMARO,39.0561879,-77.0827591,2024,3,22
240010279,Injury Crash,03/02/2024 10:20:00 PM,VEIRS MILL RD,NA,"Sideswipe, Opposite Direction",Clear,Dry,Medium,Traffic Control Signal,NONE DETECTED,No,No Apparent Injury,NA,Not Distracted,MD,Passenger Car,Stopped in Traffic,35,No,2023,DODGE,CHARGER,39.0561879,-77.0827591,2024,3,22
240010279,Injury Crash,03/02/2024 10:20:00 PM,VEIRS MILL RD,NA,"Sideswipe, Opposite Direction",Clear,Dry,Medium,Traffic Control Signal,NONE DETECTED,No,Possible Minor Injury,NA,Not Distracted,NA,Passenger Car,Stopped in Traffic,35,No,2017,FORD,EXPLORER,39.0561879,-77.0827591,2024,3,22
240010272,Property Damage Crash,03/02/2024 08:36:00 PM,ASTER BLVD,NA,Front to Rear,Clear,Dry,Medium,No Controls,NONE DETECTED,No,No Apparent Injury,NA,Not Distracted,MD,Passenger Car,Moving Constant Speed,25,No,2016,TOYOTA,COROLLA,39.09510855,-77.17085818,2024,3,20
240010258,Property Damage Crash,03/02/2024 07:10:00 PM,UNIVERSITY BLVD,NA,Front to Rear,Clear,Dry,Medium,No Controls,NONE DETECTED,No,No Apparent Injury,Other Improper Action,Unknown,NA,Other Trucks,Backing,15,No,2012,TOYOTA,TUNDRA,38.98944989,-76.98838106,2024,3,19
240010258,Property Damage Crash,03/02/2024 07:10:00 PM,UNIVERSITY BLVD,NA,Front to Rear,Clear,Dry,Medium,No Controls,NONE DETECTED,No,No Apparent Injury,NA,Not Distracted,MD,Passenger Car,Stopped in Traffic,15,No,2017,NISSAN,ROGUE,38.98944989,-76.98838106,2024,3,19
240010319,Property Damage Crash,03/02/2024 07:00:00 PM,NA,NA,"Sideswipe, Same Direction",Clear,NA,Medium,NA,NONE DETECTED,Yes,No Apparent Injury,NA,Unknown,MD,Sport Utility Vehicle,Negotiating a Curve,0,No,2010,NISSAN,ARMADA,38.99901656,-77.1099624,2024,3,19
240010265,Injury Crash,03/02/2024 05:30:00 PM,LITTLE FALLS PKWY,NA,Front to Rear,Clear,Dry,Daylight,Traffic Control Signal,NONE DETECTED,No,NA,NA,NA,NA,NA,Accelerating,35,No,0,NA,NA,38.95751146,-77.10791864,2024,3,17
240010265,Injury Crash,03/02/2024 05:30:00 PM,LITTLE FALLS PKWY,NA,Front to Rear,Clear,Dry,Daylight,Traffic Control Signal,NONE DETECTED,No,No Apparent Injury,NA,Not Distracted,MD,Passenger Car,Stopped in Traffic,35,No,2016,AUDI,Q5,38.95751146,-77.10791864,2024,3,17
240010236,Injury Crash,03/02/2024 04:21:00 PM,CHRISTOPHER AVE,NA,Angle,Clear,Dry,Daylight,No Controls,NONE DETECTED,Yes,Possible Minor Injury,Failed to Yield Right-of-Way,Not Distracted,MD,Sport Utility Vehicle,Entering Traffic Lane,30,No,2019,TOYOTA,RAV4,39.15662243,-77.21474424,2024,3,16
240010236,Injury Crash,03/02/2024 04:21:00 PM,CHRISTOPHER AVE,NA,Angle,Clear,Dry,Daylight,No Controls,NONE DETECTED,No,No Apparent Injury,NA,Not Distracted,MD,Passenger Car,Moving Constant Speed,30,No,2005,SUBARU,OUTBACK,39.15662243,-77.21474424,2024,3,16
240010228,Property Damage Crash,03/02/2024 03:02:00 PM,HARRINGTON RD,NA,Single Vehicle,Cloudy,Wet,Daylight,No Controls,NONE DETECTED,Yes,No Apparent Injury,NA,Not Distracted,MD,Van - Cargo,NA,25,No,2021,RAM,CARGO VAN,39.0713941,-77.15008911,2024,3,15
240010208,Property Damage Crash,03/02/2024 12:39:00 PM,NA,NA,Front to Rear,Rain,Wet,Daylight,Traffic Control Signal,NONE DETECTED,No,No Apparent Injury,NA,Not Distracted,MD,Passenger Car,Turning Right,40,No,2016,HONDA,ACCORD,39.07140419,-77.13992573,2024,3,12
240010208,Property Damage Crash,03/02/2024 12:39:00 PM,NA,NA,Front to Rear,Rain,Wet,Daylight,Traffic Control Signal,NONE DETECTED,Yes,No Apparent Injury,NA,Not Distracted,MD,Passenger Car,Slowing or Stopping,40,No,2015,JEEP,RENEGADE,39.07140419,-77.13992573,2024,3,12
240010204,Injury Crash,03/02/2024 12:15:00 PM,NA,Pedestrian,Single Vehicle,Rain,NA,Daylight,NA,NONE DETECTED,No,No Apparent Injury,NA,Not Distracted,MD,Sport Utility Vehicle,Moving Constant Speed,0,No,2004,HONDA,PILOT,39.08761108,-77.07762369,2024,3,12
240011320,Property Damage Crash,03/02/2024 12:00:00 PM,NA,NA,Front to Rear,Clear,NA,Daylight,NA,NONE DETECTED,No,NA,NA,Unknown,NA,Passenger Car,Backing,0,No,2011,DODGE,RAM,39.15332408,-77.21149413,2024,3,12
240010197,Property Damage Crash,03/02/2024 10:22:00 AM,RIVER RD,NA,Front to Rear,Rain,Wet,Daylight,Traffic Control Signal,NONE DETECTED,No,No Apparent Injury,NA,Not Distracted,MD,Passenger Car,Moving Constant Speed,35,No,2014,VOLKSWAGEN,JETTA,38.96650214,-77.10595517,2024,3,10
240010197,Property Damage Crash,03/02/2024 10:22:00 AM,RIVER RD,NA,Front to Rear,Rain,Wet,Daylight,Traffic Control Signal,NONE DETECTED,No,No Apparent Injury,NA,Not Distracted,MD,Van - Passenger (&lt;9 Seats),Moving Constant Speed,35,No,2011,TOYOTA,SIENNA,38.96650214,-77.10595517,2024,3,10
240010197,Property Damage Crash,03/02/2024 10:22:00 AM,RIVER RD,NA,Front to Rear,Rain,Wet,Daylight,Traffic Control Signal,NONE DETECTED,No,No Apparent Injury,NA,Not Distracted,MD,Passenger Car,Moving Constant Speed,35,No,2021,BMW,740I,38.96650214,-77.10595517,2024,3,10
240010197,Property Damage Crash,03/02/2024 10:22:00 AM,RIVER RD,NA,Front to Rear,Rain,Wet,Daylight,Traffic Control Signal,NONE DETECTED,No,No Apparent Injury,NA,Not Distracted,MD,Passenger Car,Moving Constant Speed,35,No,2016,AUDI,Q5,38.96650214,-77.10595517,2024,3,10
240010197,Property Damage Crash,03/02/2024 10:22:00 AM,RIVER RD,NA,Front to Rear,Rain,Wet,Daylight,Traffic Control Signal,NONE DETECTED,No,No Apparent Injury,NA,Not Distracted,MD,Passenger Car,Moving Constant Speed,35,No,2023,TOYOTA,HIGHLANDER,38.96650214,-77.10595517,2024,3,10
240010192,Property Damage Crash,03/02/2024 09:46:00 AM,EISENHOWER MEMORIAL HWY (SB/L),NA,"Sideswipe, Same Direction",Rain,Wet,Daylight,No Controls,NONE DETECTED,No,No Apparent Injury,NA,Not Distracted,MD,Passenger Car,Moving Constant Speed,55,No,2005,LEXUS,ES,39.19222217,-77.25997167,2024,3,9
240010192,Property Damage Crash,03/02/2024 09:46:00 AM,EISENHOWER MEMORIAL HWY (SB/L),NA,"Sideswipe, Same Direction",Rain,Wet,Daylight,No Controls,NONE DETECTED,No,No Apparent Injury,NA,Not Distracted,MD,Passenger Car,Moving Constant Speed,55,No,2003,BMW,M3,39.19222217,-77.25997167,2024,3,9