Local Case Number,ACRS Report Type,Crash Date/Time,Road Name,Related Non-Motorist,Collision Type,Weather,Surface Condition,Light,Traffic Control,Driver Substance Abuse,Driver At Fault,Injury Severity,Circumstance,Driver Distracted By,Drivers License State,Vehicle Body Type,Vehicle Movement,Speed Limit,Driverless Vehicle,Vehicle Year,Vehicle Make,Vehicle Model,Latitude,Longitude,Year,Month,Hour
240010192,Property Damage Crash,03/02/2024 09:46:00 AM,EISENHOWER MEMORIAL HWY (SB/L),NA,"Sideswipe, Same Direction",Rain,Wet,Daylight,No Controls,NONE DETECTED,No,No Apparent Injury,"Followed Too Closely, Improper Passing, Too Fast For Conditions",Unknown,NA,Unknown,Moving Constant Speed,55,No,0,NA,NA,39.19222217,-77.25997167,2024,3,9
240010191,Injury Crash,03/02/2024 09:46:00 AM,EISENHOWER MEMORIAL HWY (SB/L),NA,Front to Rear,Rain,Wet,Daylight,No Controls,NONE DETECTED,No,No Apparent Injury,NA,Not Distracted,MD,Passenger Car,Slowing or Stopping,55,No,2003,TOYOTA,CAMRY,39.19206805,-77.25991316,2024,3,9
240010191,Injury Crash,03/02/2024 09:46:00 AM,EISENHOWER MEMORIAL HWY (SB/L),NA,Front to Rear,Rain,Wet,Daylight,No Controls,NONE DETECTED,No,Possible Minor Injury,NA,Not Distracted,MD,Sport Utility Vehicle,Slowing or Stopping,55,No,2014,HONDA,CR-V,39.19206805,-77.25991316,2024,3,9
240010191,Injury Crash,03/02/2024 09:46:00 AM,EISENHOWER MEMORIAL HWY (SB/L),NA,Front to Rear,Rain,Wet,Daylight,No Controls,NONE DETECTED,Yes,Possible Minor Injury,"Followed Too Closely, Too Fast For Conditions",Not Distracted,MD,Passenger Car,Slowing or Stopping,55,No,2009,HONDA,CIVIC,39.19206805,-77.25991316,2024,3,9
240010189,Property Damage Crash,03/02/2024 09:30:00 AM,CABIN JOHN PKWY,NA,"Sideswipe, Same Direction",Rain,Wet,Daylight,No Controls,NONE DETECTED,No,No Apparent Injury,NA,Not Distracted,DC,Passenger Car,Moving Constant Speed,35,No,2019,TESLA,MODEL X,38.9728279,-77.14861435,2024,3,9
240010189,Property Damage Crash,03/02/2024 09:30:00 AM,CABIN JOHN PKWY,NA,"Sideswipe, Same Direction",Rain,Wet,Daylight,No Controls,NONE DETECTED,Yes,No Apparent Injury,Too Fast For Conditions,Not Distracted,MD,Passenger Car,Moving Constant Speed,35,No,2021,HONDA,CR-V,38.9728279,-77.14861435,2024,3,9
240010188,Injury Crash,03/02/2024 09:25:00 AM,COMPRINT CT,NA,Rear To Side,Rain,Wet,Daylight,Traffic Control Signal,NONE DETECTED,No,Possible Minor Injury,NA,Not Distracted,MD,Passenger Car,Moving Constant Speed,40,No,2014,NISSAN,MAXIMA,39.119132,-77.18210667,2024,3,9
240010188,Injury Crash,03/02/2024 09:25:00 AM,COMPRINT CT,NA,Rear To Side,Rain,Wet,Daylight,Traffic Control Signal,NONE DETECTED,Yes,No Apparent Injury,NA,Not Distracted,MD,Passenger Car,Moving Constant Speed,40,No,2015,HONDA,CR-V,39.119132,-77.18210667,2024,3,9
240010186,Property Damage Crash,03/02/2024 09:12:00 AM,COLESVILLE RD,NA,Single Vehicle,Rain,Wet,Daylight,No Controls,NONE DETECTED,Yes,No Apparent Injury,NA,Unknown,MD,Passenger Car,Accelerating,35,No,2007,INFINITI,G35,39.0267665,-77.0104075,2024,3,9
240010187,Property Damage Crash,03/02/2024 08:59:00 AM,RIDGE RD,NA,Front to Rear,Cloudy,Wet,Daylight,Traffic Control Signal,NONE DETECTED,No,No Apparent Injury,NA,Not Distracted,MD,Passenger Car,Slowing or Stopping,40,No,2012,HONDA,CIVIC,39.23143679,-77.23701879,2024,3,8
240010187,Property Damage Crash,03/02/2024 08:59:00 AM,RIDGE RD,NA,Front to Rear,Cloudy,Wet,Daylight,Traffic Control Signal,NONE DETECTED,Yes,No Apparent Injury,"Followed Too Closely, Other Improper Action",NA,MD,Passenger Car,Slowing or Stopping,40,No,2014,KIA,CADENZA,39.23143679,-77.23701879,2024,3,8
240010180,Property Damage Crash,03/02/2024 06:43:00 AM,16TH ST,NA,"Sideswipe, Same Direction",Rain,Wet,Medium,No Controls,NONE DETECTED,No,No Apparent Injury,NA,Not Distracted,DC,Passenger Car,Moving Constant Speed,35,No,2022,HONDA,ACCORD,38.99428333,-77.03625167,2024,3,6
240010180,Property Damage Crash,03/02/2024 06:43:00 AM,16TH ST,NA,"Sideswipe, Same Direction",Rain,Wet,Medium,No Controls,NONE DETECTED,Yes,No Apparent Injury,"Failed to Keep in Proper Lane, Operated Motor Vehicle in Inattentive, Careless, Negligent, or Erratic Manner",Not Distracted,MD,Passenger Car,Leaving Traffic Lane,35,No,2021,MAZDA,CX-3,38.99428333,-77.03625167,2024,3,6
240010175,Property Damage Crash,03/02/2024 04:50:00 AM,HENDERSON CORNER RD,NA,"Sideswipe, Same Direction",Rain,Wet,Medium,Flashing Traffic Control Signal,NONE DETECTED,No,No Apparent Injury,Ran Red Light,Unknown,MD,Sport Utility Vehicle,Turning Left,45,No,2021,KIA,SPORTAGE,39.20242738,-77.24568819,2024,3,4
240010175,Property Damage Crash,03/02/2024 04:50:00 AM,HENDERSON CORNER RD,NA,"Sideswipe, Same Direction",Rain,Wet,Medium,Flashing Traffic Control Signal,NONE DETECTED,No,No Apparent Injury,NA,Not Distracted,MD,Passenger Car,Moving Constant Speed,45,No,2013,HYUNDAI,ELANTRA GT,39.20242738,-77.24568819,2024,3,4
240010168,Property Damage Crash,03/02/2024 02:02:00 AM,BEL PRE RD (EB/L),NA,Single Vehicle,Rain,Wet,Medium,No Controls,NONE DETECTED,Yes,No Apparent Injury,Other Improper Action,"Other Action (looking away from task, etc.)",MD,Passenger Car,Accelerating,35,No,2021,VOLKSWAGEN,JETTA,39.0913806,-77.06901735,2024,3,2
240010169,Injury Crash,03/02/2024 02:00:00 AM,GEORGIA AVE,NA,Angle,Rain,Wet,Medium,Flashing Traffic Control Signal,NONE DETECTED,No,No Apparent Injury,"Failed to Yield Right-of-Way, Operated Motor Vehicle in Inattentive, Careless, Negligent, or Erratic Manner",Unknown,NA,Passenger Car,Moving Constant Speed,35,No,1996,HONDA,CIVIC,39.07761372,-77.07068012,2024,3,2
240010169,Injury Crash,03/02/2024 02:00:00 AM,GEORGIA AVE,NA,Angle,Rain,Wet,Medium,Flashing Traffic Control Signal,NONE DETECTED,No,No Apparent Injury,NA,Not Distracted,MD,Passenger Car,Moving Constant Speed,35,No,2020,RANGE,UNKNOWN,39.07761372,-77.07068012,2024,3,2
240010157,Injury Crash,03/01/2024 10:30:00 PM,ROCKVILLE PIKE,NA,Single Vehicle,Rain,Wet,Medium,Traffic Control Signal,NONE DETECTED,No,Possible Minor Injury,Other Improper Action,Unknown,MD,Passenger Car,Turning Left,40,No,2009,PONTIAC,VIBE,39.03476587,-77.106711,2024,3,22
240010153,Property Damage Crash,03/01/2024 09:46:00 PM,GOSHEN RD,NA,Front to Rear,Rain,Wet,Medium,Traffic Control Signal,NONE DETECTED,No,No Apparent Injury,NA,Not Distracted,MD,Passenger Car,Stopped in Traffic,25,No,2022,SUBARU,FORESTER,39.1522682,-77.19236701,2024,3,21
240010153,Property Damage Crash,03/01/2024 09:46:00 PM,GOSHEN RD,NA,Front to Rear,Rain,Wet,Medium,Traffic Control Signal,NONE DETECTED,No,No Apparent Injury,"Followed Too Closely, Operated Motor Vehicle in Inattentive, Careless, Negligent, or Erratic Manner, Too Fast For Conditions",Not Distracted,MD,Passenger Car,Slowing or Stopping,25,No,2008,CHEVROLET,EXPRESS,39.1522682,-77.19236701,2024,3,21
240010149,Property Damage Crash,03/01/2024 09:17:00 PM,GEORGIA AVE,NA,Front to Rear,Clear,Dry,Medium,No Controls,NONE DETECTED,No,NA,NA,NA,NA,Passenger Car,Moving Constant Speed,35,No,2017,HONDA,CIVIC,39.07273908,-77.06491986,2024,3,21
240010149,Property Damage Crash,03/01/2024 09:17:00 PM,GEORGIA AVE,NA,Front to Rear,Clear,Dry,Medium,No Controls,NONE DETECTED,No,No Apparent Injury,NA,Not Distracted,MD,Pickup,Moving Constant Speed,35,No,2017,FORD,F-150,39.07273908,-77.06491986,2024,3,21
240010151,Property Damage Crash,03/01/2024 08:07:00 PM,ORCHARD RIDGE DR,NA,Other,Rain,Wet,Dark,Traffic Control Signal,NONE DETECTED,No,No Apparent Injury,NA,Not Distracted,MD,Passenger Car,Moving Constant Speed,30,No,2005,TOYOTA,SIENNA,39.12411199,-77.2321689,2024,3,20
240010151,Property Damage Crash,03/01/2024 08:07:00 PM,ORCHARD RIDGE DR,NA,Other,Rain,Wet,Dark,Traffic Control Signal,NONE DETECTED,No,NA,NA,NA,NA,NA,Turning Left,25,No,0,NA,NA,39.12411199,-77.2321689,2024,3,20
240010146,Injury Crash,03/01/2024 08:05:00 PM,NA,Pedestrian,Single Vehicle,Rain,NA,Medium,NA,NONE DETECTED,No,No Apparent Injury,NA,Unknown,NA,Passenger Car,Backing,0,No,0,NA,NA,39.14671797,-77.20447312,2024,3,20
240010136,Property Damage Crash,03/01/2024 07:13:00 PM,DOMER AVE,NA,"Sideswipe, Opposite Direction",Rain,Wet,Medium,Stop Sign,NONE DETECTED,No,No Apparent Injury,NA,Not Distracted,MD,Passenger Car,Slowing or Stopping,15,No,2013,NISSAN,ALTIMA,38.99671158,-77.00194911,2024,3,19
240010136,Property Damage Crash,03/01/2024 07:13:00 PM,DOMER AVE,NA,"Sideswipe, Opposite Direction",Rain,Wet,Medium,Stop Sign,NONE DETECTED,No,No Apparent Injury,"Improper Turn, Operated Motor Vehicle in Inattentive, Careless, Negligent, or Erratic Manner",Unknown,NA,Sport Utility Vehicle,Turning Left,15,No,2015,CHEVROLET,SUBURBAN,38.99671158,-77.00194911,2024,3,19
240010133,Property Damage Crash,03/01/2024 06:48:00 PM,UNIVERSITY BLVD E (WB/L),NA,Front to Rear,Cloudy,Dry,Medium,No Controls,NONE DETECTED,No,No Apparent Injury,NA,Not Distracted,MD,Pickup,Moving Constant Speed,35,No,2018,FORD,F-150,39.01301867,-77.00349545,2024,3,18
240010133,Property Damage Crash,03/01/2024 06:48:00 PM,UNIVERSITY BLVD E (WB/L),NA,Front to Rear,Cloudy,Dry,Medium,No Controls,ALCOHOL PRESENT,Yes,No Apparent Injury,Failed to Keep in Proper Lane,Not Distracted,MD,Passenger Car,Moving Constant Speed,35,No,2006,TOYOTA,COROLLA,39.01301867,-77.00349545,2024,3,18
240010132,Property Damage Crash,03/01/2024 06:22:00 PM,FAIRLAND RD,NA,Front to Rear,Clear,Dry,Medium,No Controls,NONE DETECTED,No,No Apparent Injury,NA,Not Distracted,MD,Passenger Car,Slowing or Stopping,35,No,2015,HONDA,PILOT,39.07775183,-76.9610995,2024,3,18
240010132,Property Damage Crash,03/01/2024 06:22:00 PM,FAIRLAND RD,NA,Front to Rear,Clear,Dry,Medium,No Controls,NONE DETECTED,Yes,No Apparent Injury,"Followed Too Closely, Too Fast For Conditions",Not Distracted,MD,Passenger Car,Moving Constant Speed,35,No,2014,KIA,FORTE,39.07775183,-76.9610995,2024,3,18
240010131,Property Damage Crash,03/01/2024 05:57:00 PM,BRINK RD (WB/L),NA,Front to Rear,Cloudy,Dry,Medium,No Controls,NONE DETECTED,Yes,No Apparent Injury,Followed Too Closely,Unknown,MD,Pickup,Slowing or Stopping,35,No,2007,FORD,F-150,39.20401,-77.207045,2024,3,17
240010131,Property Damage Crash,03/01/2024 05:57:00 PM,BRINK RD (WB/L),NA,Front to Rear,Cloudy,Dry,Medium,No Controls,NONE DETECTED,No,No Apparent Injury,NA,Not Distracted,MD,Passenger Car,Stopped in Traffic,35,No,2023,TESLA,MODEL S,39.20401,-77.207045,2024,3,17
240010129,Property Damage Crash,03/01/2024 05:32:00 PM,WATKINS MILL RD,NA,Angle,Clear,Dry,Medium,Stop Sign,NONE DETECTED,Yes,No Apparent Injury,NA,Unknown,DC,Sport Utility Vehicle,Turning Left,25,No,2024,VOLKSWAGEN,TAOS,39.15993804,-77.2160657,2024,3,17
240010129,Property Damage Crash,03/01/2024 05:32:00 PM,WATKINS MILL RD,NA,Angle,Clear,Dry,Medium,No Controls,NONE DETECTED,No,No Apparent Injury,NA,Unknown,MD,Sport Utility Vehicle,Moving Constant Speed,35,No,2005,ISUZU,ASCENDER,39.15993804,-77.2160657,2024,3,17
240010122,Property Damage Crash,03/01/2024 05:00:00 PM,WOODFIELD RD,NA,Rear To Side,Cloudy,Dry,Daylight,Traffic Control Signal,NONE DETECTED,No,No Apparent Injury,NA,Not Distracted,MD,Sport Utility Vehicle,Moving Constant Speed,45,No,2019,BMW,X7,39.185246480000004,-77.15070897,2024,3,17
240010122,Property Damage Crash,03/01/2024 05:00:00 PM,WOODFIELD RD,NA,Rear To Side,Cloudy,Dry,Daylight,Traffic Control Signal,NONE DETECTED,Yes,No Apparent Injury,Failed to Yield Right-of-Way,Unknown,MD,Sport Utility Vehicle,Turning Left,45,No,2014,JEEP,WRANGLER,39.185246480000004,-77.15070897,2024,3,17
240010116,Property Damage Crash,03/01/2024 04:51:00 PM,GAITHER RD,NA,Single Vehicle,Clear,Dry,Daylight,No Controls,NONE DETECTED,No,No Apparent Injury,NA,Not Distracted,MD,Sport Utility Vehicle,Turning Left,30,No,2015,BMW,X3,39.11021964,-77.1744771,2024,3,16
240010115,Injury Crash,03/01/2024 04:35:00 PM,NA,NA,Front to Front,Clear,Dry,Daylight,Traffic Control Signal,NONE DETECTED,No,Possible Minor Injury,NA,Not Distracted,MD,Passenger Car,Moving Constant Speed,25,No,2014,JEEP,GRAND CHEROKEE,38.97808917,-77.09876005,2024,3,16
240010115,Injury Crash,03/01/2024 04:35:00 PM,NA,NA,Front to Front,Clear,Dry,Daylight,Traffic Control Signal,NONE DETECTED,No,Possible Minor Injury,NA,Not Distracted,MD,Passenger Car,Turning Left,25,No,2014,HONDA,CIVIC,38.97808917,-77.09876005,2024,3,16
240010109,Injury Crash,03/01/2024 04:27:00 PM,MAPLE AVE,NA,Angle,Cloudy,Dry,Daylight,No Controls,NONE DETECTED,No,No Apparent Injury,NA,Not Distracted,MD,Passenger Car,Moving Constant Speed,25,No,2012,HONDA,CR-V,39.08141287,-77.13422223,2024,3,16
240010109,Injury Crash,03/01/2024 04:27:00 PM,MAPLE AVE,NA,Angle,Cloudy,Dry,Daylight,Stop Sign,NONE DETECTED,Yes,No Apparent Injury,Failed to Yield Right-of-Way,Not Distracted,MD,Passenger Car,Accelerating,25,No,2016,AUDI,A4,39.08141287,-77.13422223,2024,3,16
240010120,Property Damage Crash,03/01/2024 04:25:00 PM,QUINCE ORCHARD RD,NA,Single Vehicle,Clear,Dry,Daylight,No Controls,NONE DETECTED,No,No Apparent Injury,Ran Off Roadway,Unknown,VA,Other Trucks,Negotiating a Curve,30,No,2007,GMC,C5,39.0919435,-77.24905967,2024,3,16
240010108,Property Damage Crash,03/01/2024 04:08:00 PM,AMARANTH DR,NA,"Sideswipe, Same Direction",Cloudy,Dry,Daylight,No Controls,NONE DETECTED,No,No Apparent Injury,NA,Not Distracted,MD,Passenger Car,Moving Constant Speed,50,No,2004,TOYOTA,SIENNA,39.17487322,-77.25261483,2024,3,16
240010108,Property Damage Crash,03/01/2024 04:08:00 PM,AMARANTH DR,NA,"Sideswipe, Same Direction",Cloudy,Dry,Daylight,Stop Sign,NONE DETECTED,No,No Apparent Injury,NA,Unknown,MD,Passenger Car,Entering Traffic Lane,50,No,2022,TOYOTA,HIGHLANDER,39.17487322,-77.25261483,2024,3,16
240010107,Injury Crash,03/01/2024 03:50:00 PM,FREDERICK RD,NA,Angle,Clear,Dry,Daylight,Stop Sign,NONE DETECTED,Yes,Suspected Serious Injury,Failed to Yield Right-of-Way,Not Distracted,MD,Passenger Car,Turning Left,30,No,2004,TOYOTA,4-RUNNER,39.2445077,-77.28739156,2024,3,15
240010107,Injury Crash,03/01/2024 03:50:00 PM,FREDERICK RD,NA,Angle,Clear,Dry,Daylight,No Controls,NONE DETECTED,No,No Apparent Injury,NA,Not Distracted,MD,Single-Unit Truck,Moving Constant Speed,30,No,1999,FREIGHTLINER,S-LINE,39.2445077,-77.28739156,2024,3,15
240010082,Property Damage Crash,03/01/2024 02:10:00 PM,GOLDSBORO RD,NA,Front to Rear,Clear,Dry,Daylight,No Controls,NONE DETECTED,No,No Apparent Injury,NA,Not Distracted,MD,Bus - School,Stopped in Traffic,35,No,2024,FREIGHTLINER,B2 BUS CHASSIS,38.97409578,-77.12040908,2024,3,14
240010082,Property Damage Crash,03/01/2024 02:10:00 PM,GOLDSBORO RD,NA,Front to Rear,Clear,Dry,Daylight,No Controls,NONE DETECTED,Yes,No Apparent Injury,"Improper Passing, Wrong Side",Unknown,MD,Passenger Car,Overtaking/Passing,35,No,2021,BMW,X5,38.97409578,-77.12040908,2024,3,14
240010064,Injury Crash,03/01/2024 01:12:00 PM,EAST WEST HWY,NA,Front to Rear,Clear,Dry,Daylight,Traffic Control Signal,NONE DETECTED,Yes,No Apparent Injury,Followed Too Closely,Not Distracted,DC,Sport Utility Vehicle,Slowing or Stopping,35,No,2015,NISSAN,PATHFINDER,38.99347156,-77.03235305,2024,3,13
240010064,Injury Crash,03/01/2024 01:12:00 PM,EAST WEST HWY,NA,Front to Rear,Clear,Dry,Daylight,Traffic Control Signal,NONE DETECTED,No,Possible Minor Injury,NA,Not Distracted,DE,Sport Utility Vehicle,Stopped in Traffic,35,No,2015,NISSAN,JUKE,38.99347156,-77.03235305,2024,3,13
240010064,Injury Crash,03/01/2024 01:12:00 PM,EAST WEST HWY,NA,Front to Rear,Clear,Dry,Daylight,Traffic Control Signal,NONE DETECTED,No,No Apparent Injury,NA,Not Distracted,MD,Pickup,Slowing or Stopping,35,No,2002,FORD,RANGER,38.99347156,-77.03235305,2024,3,13
240010067,Injury Crash,03/01/2024 01:12:00 PM,CONNECTICUT AVE,NA,Front to Rear,Clear,Dry,Daylight,Traffic Control Signal,NONE DETECTED,No,No Apparent Injury,NA,"Other Action (looking away from task, etc.)",MD,Bus - Transit,Slowing or Stopping,35,No,2009,GILLIG,CITY TRANSIT BUS,39.05728134,-77.07338729,2024,3,13
240010067,Injury Crash,03/01/2024 01:12:00 PM,CONNECTICUT AVE,NA,Front to Rear,Clear,Dry,Daylight,Traffic Control Signal,NONE DETECTED,No,No Apparent Injury,NA,Not Distracted,GA,Pickup,Stopped in Traffic,35,No,2020,CHEVROLET,SILVERADO,39.05728134,-77.07338729,2024,3,13
240010059,Injury Crash,03/01/2024 01:00:00 PM,NA,NA,Single Vehicle,Clear,NA,Daylight,NA,NONE DETECTED,Yes,Possible Minor Injury,Ran Off Roadway,Unknown,MD,Passenger Car,Slowing or Stopping,0,No,2011,MERCEDES-BENZ,300,39.15620325,-77.22175635,2024,3,13
240010060,Property Damage Crash,03/01/2024 12:50:00 PM,MONTROSE PKWY,NA,"Sideswipe, Same Direction",Clear,Dry,Daylight,No Controls,NONE DETECTED,No,No Apparent Injury,Failed to Keep in Proper Lane,Unknown,MD,Other,Moving Constant Speed,30,No,2020,FREIGHTLINER,M2,39.05181418,-77.11860356,2024,3,12
240010060,Property Damage Crash,03/01/2024 12:50:00 PM,MONTROSE PKWY,NA,"Sideswipe, Same Direction",Clear,Dry,Daylight,No Controls,NONE DETECTED,No,No Apparent Injury,NA,Not Distracted,MD,Bus - School,Moving Constant Speed,30,No,2013,THOMAS BUILT,SCHOOL BUS,39.05181418,-77.11860356,2024,3,12
240010056,Property Damage Crash,03/01/2024 12:34:00 PM,NA,NA,"Sideswipe, Same Direction",Clear,Dry,Daylight,Traffic Control Signal,NONE DETECTED,No,No Apparent Injury,NA,Not Distracted,VA,Passenger Car,Moving Constant Speed,40,No,2011,FORD,TAURUS,39.0549734,-77.11801783,2024,3,12
240010056,Property Damage Crash,03/01/2024 12:34:00 PM,NA,NA,"Sideswipe, Same Direction",Clear,Dry,Daylight,Traffic Control Signal,NONE DETECTED,No,No Apparent Injury,NA,Not Distracted,MD,Bus - Transit,Accelerating,40,No,2014,GILLIG,CITY TRANSIT BUS,39.0549734,-77.11801783,2024,3,12
240010037,Injury Crash,03/01/2024 12:00:00 PM,OLD GEORGETOWN RD (SB/L),NA,"Sideswipe, Opposite Direction",Clear,Dry,Daylight,Traffic Control Signal,NONE DETECTED,No,No Apparent Injury,NA,Not Distracted,VA,Passenger Car,Accelerating,35,No,2023,TESLA,MODEL Y,39.01520925,-77.11893636,2024,3,12
240010037,Injury Crash,03/01/2024 12:00:00 PM,OLD GEORGETOWN RD (SB/L),NA,"Sideswipe, Opposite Direction",Clear,Dry,Daylight,Traffic Control Signal,NONE DETECTED,No,Possible Minor Injury,NA,Not Distracted,MD,Passenger Car,Moving Constant Speed,35,No,2016,ACURA,RDX,39.01520925,-77.11893636,2024,3,12
240010040,Property Damage Crash,03/01/2024 11:08:00 AM,GEORGIA AVE (SB/L),NA,Angle,Clear,Dry,Daylight,Traffic Control Signal,NONE DETECTED,No,No Apparent Injury,NA,Not Distracted,MD,Passenger Car,Moving Constant Speed,25,No,2016,SUBARU,OUTBACK,39.01566943,-77.04277342,2024,3,11
240010040,Property Damage Crash,03/01/2024 11:08:00 AM,GEORGIA AVE (SB/L),NA,Angle,Clear,Dry,Daylight,Traffic Control Signal,NONE DETECTED,Yes,No Apparent Injury,"Disregarded Other Traffic Sign, Failed to Yield Right-of-Way",Unknown,MD,Passenger Car,Moving Constant Speed,30,No,2017,SUBARU,IMPREZA,39.01566943,-77.04277342,2024,3,11
240010028,Property Damage Crash,03/01/2024 10:30:00 AM,WATCHWATER CT,NA,Rear To Side,Clear,Dry,Daylight,No Controls,NONE DETECTED,No,No Apparent Injury,Other Improper Action,Not Distracted,MD,Passenger Car,Parked,5,No,2011,LAND ROVER,LR4,39.07733425,-77.15544523,2024,3,10
240010028,Property Damage Crash,03/01/2024 10:30:00 AM,WATCHWATER CT,NA,Rear To Side,Clear,Dry,Daylight,No Controls,NONE DETECTED,Yes,No Apparent Injury,NA,Not Distracted,MD,Other,Backing,5,No,2007,"1/OFF KUSTOMS, LLC","1/OFF KUSTOMS, LLC",39.07733425,-77.15544523,2024,3,10
240010022,Property Damage Crash,03/01/2024 10:10:00 AM,FREDERICK RD (SB/L),NA,Front to Rear,Clear,Dry,Daylight,Traffic Control Signal,NONE DETECTED,Yes,No Apparent Injury,"Followed Too Closely, Too Fast For Conditions",Unknown,MD,Sport Utility Vehicle,Moving Constant Speed,40,No,2006,HONDA,PILOT,39.15943026,-77.21949686,2024,3,10
240010022,Property Damage Crash,03/01/2024 10:10:00 AM,FREDERICK RD (SB/L),NA,Front to Rear,Clear,Dry,Daylight,Traffic Control Signal,NONE DETECTED,No,No Apparent Injury,NA,Not Distracted,MD,Truck Tractor,Slowing or Stopping,40,No,2012,INTERNATIONAL,UNKNOWN,39.15943026,-77.21949686,2024,3,10
240010012,Property Damage Crash,03/01/2024 09:00:00 AM,MARYLAND AVE,NA,Single Vehicle,Clear,Dry,Daylight,No Controls,NONE DETECTED,Yes,No Apparent Injury,"Operated Motor Vehicle in Inattentive, Careless, Negligent, or Erratic Manner",Not Distracted,MD,Van - Passenger (&lt;9 Seats),Turning Right,5,No,2015,FORD,E-150,39.08328788,-77.15097872,2024,3,9
240010005,Injury Crash,03/01/2024 08:01:00 AM,COLESVILLE RD,NA,"Sideswipe, Same Direction",Clear,Dry,Daylight,Traffic Control Signal,NONE DETECTED,No,Possible Minor Injury,NA,Not Distracted,MD,Passenger Car,Slowing or Stopping,40,No,2016,VOLVO,S60,39.01971823,-77.01319613,2024,3,8
240010005,Injury Crash,03/01/2024 08:01:00 AM,COLESVILLE RD,NA,"Sideswipe, Same Direction",Clear,Dry,Daylight,Traffic Control Signal,NONE DETECTED,No,No Apparent Injury,NA,Not Distracted,MD,Passenger Car,Slowing or Stopping,40,No,2014,TOYOTA,SIENNA,39.01971823,-77.01319613,2024,3,8
240010005,Injury Crash,03/01/2024 08:01:00 AM,COLESVILLE RD,NA,"Sideswipe, Same Direction",Clear,Dry,Daylight,Traffic Control Signal,NONE DETECTED,No,No Apparent Injury,"Followed Too Closely, Swerved or Avoided Due to Wind, Slippery Surface, Motor Vehicle, Object, Non-Motorist in Roadway, etc",Not Distracted,MD,Passenger Car,Slowing or Stopping,40,No,2022,SUBARU,FORESTER,39.01971823,-77.01319613,2024,3,8
240010015,Property Damage Crash,03/01/2024 07:40:00 AM,NA,Pedestrian,Single Vehicle,Clear,NA,Daylight,NA,NONE DETECTED,No,No Apparent Injury,NA,Not Distracted,MD,Passenger Car,NA,0,No,2018,NISSAN,ALTIMA,39.07626056,-77.18332196,2024,3,7
240009989,Injury Crash,03/01/2024 01:29:00 AM,BONIFANT ST,Pedestrian,Single Vehicle,Clear,Dry,Medium,Flashing Traffic Control Signal,NONE DETECTED,No,NA,NA,NA,NA,NA,NA,35,No,0,NA,NA,38.9944221,-77.02414245,2024,3,1
240009987,Injury Crash,03/01/2024 12:47:00 AM,CONNECTICUT AVE,NA,Single Vehicle,Clear,Dry,Medium,Flashing Traffic Control Signal,NONE DETECTED,Yes,Possible Minor Injury,Improper Turn,Not Distracted,MD,Sport Utility Vehicle,Turning Right,35,No,2022,MAZDA,CX-30,39.09190913,-77.07033529,2024,3,0
240009976,Property Damage Crash,02/29/2024 09:06:00 PM,NA,NA,Rear To Rear,Clear,NA,Medium,NA,NONE DETECTED,No,No Apparent Injury,NA,Not Distracted,MD,Passenger Car,Backing,0,No,2020,ACURA,MDX,39.15691892,-77.16734857,2024,2,21
240009973,Property Damage Crash,02/29/2024 07:50:00 PM,ROCKVILLE PIKE (SB/L),NA,"Sideswipe, Same Direction",Clear,Dry,Medium,Traffic Control Signal,NONE DETECTED,No,No Apparent Injury,NA,Not Distracted,MD,Passenger Car,Moving Constant Speed,35,No,2020,ALFA ROMEO,GIULIA (952),39.01569356,-77.10050238,2024,2,19