Local Case Number,ACRS Report Type,Crash Date/Time,Road Name,Related Non-Motorist,Collision Type,Weather,Surface Condition,Light,Traffic Control,Driver Substance Abuse,Driver At Fault,Injury Severity,Circumstance,Driver Distracted By,Drivers License State,Vehicle Body Type,Vehicle Movement,Speed Limit,Driverless Vehicle,Vehicle Year,Vehicle Make,Vehicle Model,Latitude,Longitude,Year,Month,Hour
240009973,Property Damage Crash,02/29/2024 07:50:00 PM,ROCKVILLE PIKE (SB/L),NA,"Sideswipe, Same Direction",Clear,Dry,Medium,Traffic Control Signal,NONE DETECTED,No,NA,"Failed to Keep in Proper Lane, Improper Passing",Unknown,NA,Pickup,Changing Lanes,35,No,2019,FORD,F-650,39.01569356,-77.10050238,2024,2,19
240009967,Property Damage Crash,02/29/2024 07:47:00 PM,ROCKVILLE PIKE,NA,"Sideswipe, Same Direction",Clear,Dry,Dark,No Controls,NONE DETECTED,No,No Apparent Injury,NA,Not Distracted,MD,Bus - Transit,Moving Constant Speed,40,No,2017,GILLIG,CITY TRANSIT BUS,39.04212667,-77.11036833,2024,2,19
240009967,Property Damage Crash,02/29/2024 07:47:00 PM,ROCKVILLE PIKE,NA,"Sideswipe, Same Direction",Clear,Dry,Dark,No Controls,NONE DETECTED,No,No Apparent Injury,NA,Not Distracted,MD,Single-Unit Truck,Moving Constant Speed,40,No,2012,INTERNATIONAL,MA035,39.04212667,-77.11036833,2024,2,19
240009963,Property Damage Crash,02/29/2024 07:42:00 PM,VEIRS MILL RD (WB/L),NA,Rear To Side,Clear,Dry,Medium,Traffic Control Signal,NONE DETECTED,No,No Apparent Injury,NA,Not Distracted,MD,Sport Utility Vehicle,Moving Constant Speed,35,No,2018,HONDA,CR-V,39.05728524,-77.08428063,2024,2,19
240009963,Property Damage Crash,02/29/2024 07:42:00 PM,VEIRS MILL RD (WB/L),NA,Rear To Side,Clear,Dry,Medium,Traffic Control Signal,NONE DETECTED,No,No Apparent Injury,NA,Not Distracted,MD,Station Wagon,Moving Constant Speed,35,No,2006,HONDA,ODYSSEY,39.05728524,-77.08428063,2024,2,19
240009962,Property Damage Crash,02/29/2024 07:03:00 PM,FREDERICK RD (SB/L),NA,Angle,Clear,Dry,Dark,Traffic Control Signal,ALCOHOL PRESENT,No,No Apparent Injury,NA,Not Distracted,NA,Passenger Car,Moving Constant Speed,40,No,2004,NISSAN,SENTRA,39.17830677,-77.23875574,2024,2,19
240009962,Property Damage Crash,02/29/2024 07:03:00 PM,FREDERICK RD (SB/L),NA,Angle,Clear,Dry,Dark,Traffic Control Signal,NONE DETECTED,No,No Apparent Injury,NA,Unknown,NA,Passenger Car,Turning Left,40,No,2017,TOYOTA,COROLLA,39.17830677,-77.23875574,2024,2,19
240009957,Property Damage Crash,02/29/2024 06:40:00 PM,SHOP CTR CUT THRU CUT,NA,Front to Rear,Clear,Dry,Medium,Traffic Control Signal,NONE DETECTED,Yes,No Apparent Injury,NA,Unknown,MD,Passenger Car,Turning Left,25,No,2017,NISSAN,MAXIMA,39.08144317,-76.945891,2024,2,18
240009957,Property Damage Crash,02/29/2024 06:40:00 PM,SHOP CTR CUT THRU CUT,NA,Front to Rear,Clear,Dry,Medium,No Controls,NONE DETECTED,No,No Apparent Injury,NA,Not Distracted,MD,Passenger Car,Moving Constant Speed,25,No,2010,MERCEDES-BENZ,300,39.08144317,-76.945891,2024,2,18
240009949,Injury Crash,02/29/2024 05:35:00 PM,NA,NA,Front to Rear,Clear,Dry,Daylight,Traffic Control Signal,NONE DETECTED,No,Possible Minor Injury,NA,Not Distracted,MD,Passenger Car,Moving Constant Speed,35,No,2016,CHRYSLER,200,39.16124452,-77.222722,2024,2,17
240009949,Injury Crash,02/29/2024 05:35:00 PM,NA,NA,Front to Rear,Clear,Dry,Daylight,Traffic Control Signal,NONE DETECTED,No,No Apparent Injury,NA,Not Distracted,MD,Passenger Car,Turning Left,35,No,2014,HONDA,CR-V,39.16124452,-77.222722,2024,2,17
240009942,Property Damage Crash,02/29/2024 05:05:00 PM,REDLAND BLVD (EB/L),NA,Front to Rear,Clear,Dry,Daylight,No Controls,NONE DETECTED,No,No Apparent Injury,NA,Not Distracted,MD,Passenger Car,Stopped in Traffic,30,No,2023,CHEVROLET,BOLT EUV,39.11132627,-77.17258106,2024,2,17
240009942,Property Damage Crash,02/29/2024 05:05:00 PM,REDLAND BLVD (EB/L),NA,Front to Rear,Clear,Dry,Daylight,No Controls,NONE DETECTED,Yes,No Apparent Injury,NA,Not Distracted,VA,Passenger Car,Moving Constant Speed,30,No,2009,TOYOTA,COROLLA,39.11132627,-77.17258106,2024,2,17
240009932,Injury Crash,02/29/2024 04:38:00 PM,FLEMING AVE,NA,Front to Front,Clear,Dry,Daylight,No Controls,NONE DETECTED,No,Possible Minor Injury,NA,Not Distracted,MD,Passenger Car,Moving Constant Speed,25,No,2004,HONDA,CIVIC,39.02388496,-77.11178648,2024,2,16
240009930,Property Damage Crash,02/29/2024 04:02:00 PM,FERNWOOD RD,NA,Front to Rear,Clear,Dry,Daylight,No Controls,NONE DETECTED,Yes,No Apparent Injury,Followed Too Closely,Unknown,VA,Passenger Car,Slowing or Stopping,35,No,2015,VOLKSWAGEN,PASSAT,39.00705235,-77.13336567,2024,2,16
240009930,Property Damage Crash,02/29/2024 04:02:00 PM,FERNWOOD RD,NA,Front to Rear,Clear,Dry,Daylight,No Controls,NONE DETECTED,No,No Apparent Injury,NA,Not Distracted,MD,Passenger Car,Stopped in Traffic,35,No,2014,TOYOTA,CAMRY,39.00705235,-77.13336567,2024,2,16
240009930,Property Damage Crash,02/29/2024 04:02:00 PM,FERNWOOD RD,NA,Front to Rear,Clear,Dry,Daylight,No Controls,NONE DETECTED,No,No Apparent Injury,NA,Not Distracted,MD,Passenger Car,Stopped in Traffic,35,No,2018,HONDA,ACCORD,39.00705235,-77.13336567,2024,2,16
240009924,Injury Crash,02/29/2024 03:58:00 PM,NA,NA,Other,Clear,Dry,Daylight,Traffic Control Signal,NONE DETECTED,No,No Apparent Injury,NA,Not Distracted,MD,Passenger Car,Moving Constant Speed,35,No,2020,TOYOTA,RAV4,38.99240676,-77.03630892,2024,2,15
240009924,Injury Crash,02/29/2024 03:58:00 PM,NA,NA,Other,Clear,Dry,Daylight,Traffic Control Signal,NONE DETECTED,No,No Apparent Injury,NA,Not Distracted,MD,Passenger Car,Moving Constant Speed,35,No,2014,DODGE,CHARGER,38.99240676,-77.03630892,2024,2,15
240009916,Injury Crash,02/29/2024 03:30:00 PM,NA,NA,Front to Rear,Clear,Dry,Daylight,No Controls,NONE DETECTED,No,No Apparent Injury,NA,Not Distracted,MD,Passenger Car,Slowing or Stopping,35,No,2023,HONDA,PASSPORT,38.98947757,-77.07005459,2024,2,15
240009916,Injury Crash,02/29/2024 03:30:00 PM,NA,NA,Front to Rear,Clear,Dry,Daylight,No Controls,NONE DETECTED,No,Possible Minor Injury,NA,Not Distracted,MD,Passenger Car,Slowing or Stopping,35,No,2016,TOYOTA,COROLLA,38.98947757,-77.07005459,2024,2,15
240009925,Fatal Crash,02/29/2024 03:03:00 PM,CENTERWAY RD,NA,Angle,Clear,Dry,Daylight,Traffic Control Signal,NONE DETECTED,No,Possible Minor Injury,NA,Unknown,MD,Sport Utility Vehicle,Turning Left,40,No,2018,ACURA,MDX,39.16999533,-77.17671614,2024,2,15
240009925,Fatal Crash,02/29/2024 03:03:00 PM,CENTERWAY RD,NA,Angle,Clear,Dry,Daylight,Traffic Control Signal,NONE DETECTED,No,Fatal Injury,Operated Motor Vehicle in Reckless or Aggressive Manner,Unknown,MD,Motorcycle - 2 Wheeled,NA,40,No,2014,SUZUKI,GSX-R750L,39.16999533,-77.17671614,2024,2,15
240009908,Injury Crash,02/29/2024 03:02:00 PM,SEMINARY RD,NA,Angle,Clear,Dry,Daylight,Stop Sign,NONE DETECTED,Yes,No Apparent Injury,Failed to Yield Right-of-Way,Not Distracted,MD,Passenger Car,Turning Left,30,No,2012,HONDA,ACCORD,39.01062994,-77.04838955,2024,2,15
240009908,Injury Crash,02/29/2024 03:02:00 PM,SEMINARY RD,NA,Angle,Clear,Dry,Daylight,No Controls,NONE DETECTED,No,No Apparent Injury,NA,Not Distracted,MD,Passenger Car,Slowing or Stopping,30,No,2015,HYUNDAI,SONATA,39.01062994,-77.04838955,2024,2,15
240011143,Property Damage Crash,02/29/2024 03:00:00 PM,CLARKSBURG SQUARE RD,NA,Rear To Side,Clear,Dry,Daylight,Stop Sign,NONE DETECTED,No,No Apparent Injury,NA,Not Distracted,MD,Passenger Car,Turning Left,35,No,2023,LEXUS,RX,39.24363543,-77.27448676,2024,2,15
240011143,Property Damage Crash,02/29/2024 03:00:00 PM,CLARKSBURG SQUARE RD,NA,Rear To Side,Clear,Dry,Daylight,Stop Sign,NONE DETECTED,No,NA,NA,NA,NA,Passenger Car,Overtaking/Passing,35,No,0,NA,NA,39.24363543,-77.27448676,2024,2,15
240009897,Property Damage Crash,02/29/2024 01:59:00 PM,WAYNE AVE,NA,Front to Rear,Clear,Dry,Daylight,No Controls,NONE DETECTED,No,No Apparent Injury,NA,Not Distracted,VA,Other,Parked,30,No,2018,RAM,PROMASTER 2500,38.99557117,-77.024525,2024,2,13
240009897,Property Damage Crash,02/29/2024 01:59:00 PM,WAYNE AVE,NA,Front to Rear,Clear,Dry,Daylight,No Controls,NONE DETECTED,Yes,No Apparent Injury,Other Improper Action,Not Distracted,MD,Passenger Car,Slowing or Stopping,30,No,2014,TOYOTA,CAMRY,38.99557117,-77.024525,2024,2,13
240009871,Property Damage Crash,02/29/2024 11:45:00 AM,NA,NA,"Sideswipe, Opposite Direction",Clear,Dry,Daylight,No Controls,NONE DETECTED,Yes,No Apparent Injury,Failed to Yield Right-of-Way,Not Distracted,MD,Passenger Car,Turning Left,35,No,2017,TOYOTA,YARIS IA,39.09365391,-77.07617168,2024,2,11
240009871,Property Damage Crash,02/29/2024 11:45:00 AM,NA,NA,"Sideswipe, Opposite Direction",Clear,Dry,Daylight,No Controls,NONE DETECTED,No,No Apparent Injury,NA,Not Distracted,MD,Passenger Car,Moving Constant Speed,35,No,2017,HONDA,CIVIC,39.09365391,-77.07617168,2024,2,11
240009864,Injury Crash,02/29/2024 11:30:00 AM,TURKEY BRANCH PKWY,NA,Angle,Clear,Dry,Daylight,Stop Sign,NONE DETECTED,Yes,No Apparent Injury,NA,Not Distracted,MD,Passenger Car,Accelerating,25,No,2002,ACURA,MDX,39.07581717,-77.08174417,2024,2,11
240009865,Property Damage Crash,02/29/2024 11:30:00 AM,E MIDDLE LA (WB/L),NA,"Sideswipe, Same Direction",Clear,Dry,Daylight,No Controls,NONE DETECTED,No,No Apparent Injury,NA,Not Distracted,MD,Other,Moving Constant Speed,25,No,2020,FREIGHTLINER,UNKNOWN,39.08517238,-77.14954491,2024,2,11
240009864,Injury Crash,02/29/2024 11:30:00 AM,TURKEY BRANCH PKWY,NA,Angle,Clear,Dry,Daylight,No Controls,NONE DETECTED,No,Possible Minor Injury,NA,Not Distracted,MD,Passenger Car,Moving Constant Speed,25,No,2018,TOYOTA,CAMRY,39.07581717,-77.08174417,2024,2,11
240009859,Property Damage Crash,02/29/2024 10:23:00 AM,FAIRVIEW RD,NA,Other,Clear,Dry,Daylight,No Controls,ALCOHOL PRESENT,Yes,No Apparent Injury,NA,Not Distracted,MD,Sport Utility Vehicle,Moving Constant Speed,25,No,2016,HONDA,CR-V,39.00165945,-77.02809318,2024,2,10
240009859,Property Damage Crash,02/29/2024 10:23:00 AM,FAIRVIEW RD,NA,Other,Clear,Dry,Daylight,No Controls,NONE DETECTED,No,No Apparent Injury,NA,Not Distracted,MD,Sport Utility Vehicle,Entering Traffic Lane,5,No,2013,BMW,X5,39.00165945,-77.02809318,2024,2,10
240009847,Property Damage Crash,02/29/2024 09:57:00 AM,STEWART LA,NA,Angle,Clear,Dry,Daylight,Stop Sign,NONE DETECTED,No,No Apparent Injury,NA,Not Distracted,MD,Passenger Car,Turning Left,30,No,2024,HONDA,CR-V,39.0462834,-76.98659755,2024,2,9
240009847,Property Damage Crash,02/29/2024 09:57:00 AM,STEWART LA,NA,Angle,Clear,Dry,Daylight,Stop Sign,NONE DETECTED,Yes,No Apparent Injury,"Failed to Yield Right-of-Way, Improper Passing",Not Distracted,MD,Passenger Car,Overtaking/Passing,30,No,2019,NISSAN,CUBE,39.0462834,-76.98659755,2024,2,9
240009840,Property Damage Crash,02/29/2024 09:20:00 AM,NA,NA,"Sideswipe, Same Direction",Clear,NA,Daylight,NA,NONE DETECTED,Yes,No Apparent Injury,NA,Unknown,MD,Bus - School,Turning Left,0,No,2014,FREIGHTLINER,B2 BUS CHASSIS,39.17858801,-77.26392705,2024,2,9
240009838,Property Damage Crash,02/29/2024 08:50:00 AM,MONTGOMERY VILLAGE AVE (SB/L),NA,"Sideswipe, Same Direction",Clear,Dry,Daylight,No Controls,NONE DETECTED,No,No Apparent Injury,Failed to Yield Right-of-Way,Not Distracted,MD,Passenger Car,Changing Lanes,35,No,2018,KIA,UNKNOWN,39.170942,-77.20409892,2024,2,8
240009838,Property Damage Crash,02/29/2024 08:50:00 AM,MONTGOMERY VILLAGE AVE (SB/L),NA,"Sideswipe, Same Direction",Clear,Dry,Daylight,No Controls,NONE DETECTED,No,No Apparent Injury,NA,Not Distracted,MD,Bus - School,Moving Constant Speed,35,No,2018,THOMAS BUILT,SCHOOL BUS,39.170942,-77.20409892,2024,2,8
240009835,Injury Crash,02/29/2024 08:10:00 AM,NA,NA,Front to Front,Clear,Dry,Daylight,No Controls,NONE DETECTED,No,No Apparent Injury,NA,Not Distracted,MD,Passenger Car,Moving Constant Speed,30,No,2022,HONDA,CR-V,39.19632174,-77.15346571,2024,2,8
240009835,Injury Crash,02/29/2024 08:10:00 AM,NA,NA,Front to Front,Clear,Dry,Daylight,No Controls,NONE DETECTED,Yes,No Apparent Injury,Failed to Keep in Proper Lane,"Other Action (looking away from task, etc.)",VA,Passenger Car,Moving Constant Speed,30,No,2006,FORD,E-250,39.19632174,-77.15346571,2024,2,8
240009835,Injury Crash,02/29/2024 08:10:00 AM,NA,NA,Front to Front,Clear,Dry,Daylight,No Controls,NONE DETECTED,No,Possible Minor Injury,NA,Not Distracted,MD,Passenger Car,Moving Constant Speed,30,No,2022,SUBARU,OUTBACK,39.19632174,-77.15346571,2024,2,8
240009833,Injury Crash,02/29/2024 08:03:00 AM,DENNIS AVE,Pedestrian,Single Vehicle,Clear,Dry,Daylight,No Controls,NONE DETECTED,No,No Apparent Injury,NA,"Other Action (looking away from task, etc.)",MD,Sport Utility Vehicle,Moving Constant Speed,25,No,2023,HONDA,CR-V,39.02604876,-77.03444774,2024,2,8
240009822,Injury Crash,02/29/2024 03:54:00 AM,BROADBIRCH DR,NA,Angle,Clear,Dry,Dark,Flashing Traffic Control Signal,NONE DETECTED,No,Possible Minor Injury,NA,Not Distracted,MD,Passenger Car,Moving Constant Speed,40,No,2019,NISSAN,SENTRA,39.05609911,-76.95426298,2024,2,3
240009822,Injury Crash,02/29/2024 03:54:00 AM,BROADBIRCH DR,NA,Angle,Clear,Dry,Dark,Flashing Traffic Control Signal,NONE DETECTED,Yes,Possible Minor Injury,Failed to Yield Right-of-Way,Unknown,MD,Passenger Car,Accelerating,30,No,2008,FORD,TAURUS X,39.05609911,-76.95426298,2024,2,3
240009819,Property Damage Crash,02/29/2024 03:09:00 AM,E RANDOLPH RD,NA,Single Vehicle,Clear,Dry,Medium,No Controls,NONE DETECTED,No,NA,NA,NA,NA,Passenger Car,NA,40,No,2012,HYUNDAI,ELANTRA,39.06537657,-76.97940982,2024,2,3
240009816,Property Damage Crash,02/29/2024 12:34:00 AM,MANAKEE ST,NA,Front to Rear,Clear,Dry,Medium,No Controls,ALCOHOL PRESENT,Yes,No Apparent Injury,"Failed to Keep in Proper Lane, Operated Motor Vehicle in Inattentive, Careless, Negligent, or Erratic Manner, Operated Motor Vehicle in Reckless or Aggressive Manner",Not Distracted,MD,Passenger Car,Moving Constant Speed,25,No,2016,TOYOTA,COROLLA,39.02488667,-77.06769667,2024,2,0
240009810,Property Damage Crash,02/28/2024 09:31:00 PM,NA,NA,Other,Clear,NA,Medium,NA,NONE DETECTED,Yes,No Apparent Injury,NA,Unknown,MD,Passenger Car,Backing,0,No,2009,HONDA,ACCORD,39.15890032,-77.20676811,2024,2,21
240009810,Property Damage Crash,02/28/2024 09:31:00 PM,NA,NA,Other,Clear,NA,Medium,NA,NONE DETECTED,No,No Apparent Injury,NA,Not Distracted,MD,Passenger Car,Parked,0,No,2018,FORD,EXPLORER,39.15890032,-77.20676811,2024,2,21
240009808,Property Damage Crash,02/28/2024 08:27:00 PM,TWINBROOK PKWY,NA,Single Vehicle,Clear,Dry,Medium,No Controls,NONE DETECTED,Yes,No Apparent Injury,NA,Unknown,MD,Passenger Car,NA,35,No,2011,TOYOTA,CAMRY,39.06946545,-77.11417553,2024,2,20
240009800,Injury Crash,02/28/2024 07:55:00 PM,COLESVILLE RD (SB/L),NA,"Sideswipe, Same Direction",Clear,Dry,Medium,No Controls,NONE DETECTED,No,No Apparent Injury,NA,Not Distracted,MD,Passenger Car,Moving Constant Speed,40,No,2010,LEXUS,ES,39.02414494,-77.01121165,2024,2,19
240009800,Injury Crash,02/28/2024 07:55:00 PM,COLESVILLE RD (SB/L),NA,"Sideswipe, Same Direction",Clear,Dry,Medium,No Controls,NONE DETECTED,No,Possible Minor Injury,NA,Not Distracted,MD,Passenger Car,Turning Left,40,No,2020,HONDA,CIVIC,39.02414494,-77.01121165,2024,2,19
240009795,Injury Crash,02/28/2024 07:17:00 PM,NA,NA,Front to Rear,Rain,Wet,Medium,Traffic Control Signal,NONE DETECTED,No,No Apparent Injury,NA,Not Distracted,MD,Van - Passenger (&lt;9 Seats),Moving Constant Speed,55,No,2013,FORD,UNKNOWN,39.10419854,-76.93300128,2024,2,19
240009795,Injury Crash,02/28/2024 07:17:00 PM,NA,NA,Front to Rear,Rain,Wet,Medium,Traffic Control Signal,NONE DETECTED,Yes,Possible Minor Injury,NA,Not Distracted,CA,Sport Utility Vehicle,Slowing or Stopping,55,No,2013,MERCEDES-BENZ,GL-CLASS,39.10419854,-76.93300128,2024,2,19
240009793,Property Damage Crash,02/28/2024 07:10:00 PM,NA,NA,Angle,Rain,Wet,Medium,Traffic Control Signal,NONE DETECTED,No,No Apparent Injury,NA,Not Distracted,MD,Sport Utility Vehicle,Moving Constant Speed,35,No,2018,HONDA,CR-V,39.07852567,-77.13018342,2024,2,19
240009793,Property Damage Crash,02/28/2024 07:10:00 PM,NA,NA,Angle,Rain,Wet,Medium,Traffic Control Signal,NONE DETECTED,No,No Apparent Injury,NA,Not Distracted,MD,Sport Utility Vehicle,Turning Left,35,No,2015,MAZDA,CX-5,39.07852567,-77.13018342,2024,2,19
240009792,Property Damage Crash,02/28/2024 06:57:00 PM,RIVER RD (WB/L),NA,Rear To Side,Rain,Wet,Medium,Traffic Control Signal,NONE DETECTED,No,No Apparent Injury,NA,Not Distracted,MD,Passenger Car,Moving Constant Speed,35,No,2009,TOYOTA,PRIUS,38.98364195,-77.13768411,2024,2,18
240009791,Property Damage Crash,02/28/2024 06:57:00 PM,CLARIDGE RD,NA,Single Vehicle,Rain,Wet,Medium,No Controls,NONE DETECTED,No,No Apparent Injury,Other Improper Action,Unknown,MD,Passenger Car,NA,30,No,2003,CHEVROLET,SILVERADO,39.04861188,-77.06910976,2024,2,18
240009792,Property Damage Crash,02/28/2024 06:57:00 PM,RIVER RD (WB/L),NA,Rear To Side,Rain,Wet,Medium,Traffic Control Signal,NONE DETECTED,Yes,No Apparent Injury,Failed to Yield Right-of-Way,"Other Action (looking away from task, etc.)",MD,Passenger Car,Turning Left,35,No,2007,VOLKSWAGEN,JETTA,38.98364195,-77.13768411,2024,2,18
240009784,Property Damage Crash,02/28/2024 06:20:00 PM,NA,NA,Single Vehicle,Clear,NA,Medium,NA,NONE DETECTED,No,No Apparent Injury,NA,Not Distracted,MD,Passenger Car,Turning Right,0,No,2019,CHEVROLET,TAHOE,39.03734194,-77.05235758,2024,2,18
240009783,Property Damage Crash,02/28/2024 06:03:00 PM,NA,NA,"Sideswipe, Same Direction",Rain,NA,Medium,NA,NONE DETECTED,No,NA,NA,NA,NA,Passenger Car,NA,0,No,2015,HYUNDAI,ELANTRA,39.06075114,-77.0513593,2024,2,18
240009783,Property Damage Crash,02/28/2024 06:03:00 PM,NA,NA,"Sideswipe, Same Direction",Rain,NA,Medium,NA,NONE DETECTED,No,No Apparent Injury,NA,Not Distracted,MD,Pickup,Parked,0,No,2023,DODGE,RAM,39.06075114,-77.0513593,2024,2,18
240009780,Property Damage Crash,02/28/2024 05:12:00 PM,COLUMBIA PIKE (SB/L),NA,Other,Clear,NA,Daylight,No Controls,NONE DETECTED,No,NA,NA,Unknown,NA,Passenger Car,Moving Constant Speed,40,No,2021,ACURA,TLX,39.03156888,-77.00452356,2024,2,17
240009780,Property Damage Crash,02/28/2024 05:12:00 PM,COLUMBIA PIKE (SB/L),NA,Other,Clear,NA,Daylight,No Controls,NONE DETECTED,No,No Apparent Injury,NA,Not Distracted,MD,Passenger Car,Moving Constant Speed,40,No,2022,KIA,FORTE,39.03156888,-77.00452356,2024,2,17
240009762,Property Damage Crash,02/28/2024 03:26:00 PM,DINO DR,NA,Rear To Side,Rain,Wet,Daylight,No Controls,NONE DETECTED,No,No Apparent Injury,NA,Not Distracted,MD,Other,Parked,15,No,2018,FORD,TRANSIT,39.10872667,-76.92499,2024,2,15
240009762,Property Damage Crash,02/28/2024 03:26:00 PM,DINO DR,NA,Rear To Side,Rain,Wet,Daylight,No Controls,NONE DETECTED,No,No Apparent Injury,NA,Not Distracted,MD,Passenger Car,Backing,15,No,2011,TOYOTA,CAMRY,39.10872667,-76.92499,2024,2,15
240009755,Property Damage Crash,02/28/2024 02:36:00 PM,UNIVERSITY BLVD E,NA,Front to Rear,Rain,Wet,Daylight,Traffic Control Signal,NONE DETECTED,No,No Apparent Injury,NA,Not Distracted,MD,Passenger Car,Slowing or Stopping,35,No,2014,FORD,FUSION,39.01905201,-77.01120358,2024,2,14
240009755,Property Damage Crash,02/28/2024 02:36:00 PM,UNIVERSITY BLVD E,NA,Front to Rear,Rain,Wet,Daylight,Traffic Control Signal,NONE DETECTED,No,No Apparent Injury,NA,Not Distracted,MD,Passenger Car,Stopped in Traffic,35,No,2003,TOYOTA,RAV4,39.01905201,-77.01120358,2024,2,14
240009755,Property Damage Crash,02/28/2024 02:36:00 PM,UNIVERSITY BLVD E,NA,Front to Rear,Rain,Wet,Daylight,Traffic Control Signal,NONE DETECTED,No,No Apparent Injury,NA,Unknown,NA,Passenger Car,Moving Constant Speed,35,No,2006,HONDA,CR-V,39.01905201,-77.01120358,2024,2,14
240009756,Property Damage Crash,02/28/2024 01:59:00 PM,NA,NA,Rear To Side,Rain,NA,Daylight,NA,NONE DETECTED,No,No Apparent Injury,NA,Not Distracted,MD,Bus - School,Parked,0,No,2024,THOMAS BUILT,SCHOOL BUS,39.18306982,-77.21578366,2024,2,13
240009756,Property Damage Crash,02/28/2024 01:59:00 PM,NA,NA,Rear To Side,Rain,NA,Daylight,NA,NONE DETECTED,No,No Apparent Injury,NA,Not Distracted,MD,Passenger Car,Backing,0,No,2010,HONDA,CIVIC,39.18306982,-77.21578366,2024,2,13
240009718,Property Damage Crash,02/28/2024 12:28:00 PM,NO NAME (SB/L),NA,"Sideswipe, Same Direction",Cloudy,Dry,Daylight,No Controls,ALCOHOL PRESENT,Yes,No Apparent Injury,"Disregarded Other Road Markings, Failed to Keep in Proper Lane, Operated Motor Vehicle in Inattentive, Careless, Negligent, or Erratic Manner, Operated Motor Vehicle in Reckless or Aggressive Manner, Other Improper Action",Unknown,NA,Passenger Car,Accelerating,55,No,2015,TOYOTA,COROLLA,39.02588652,-77.14185302,2024,2,12
240009718,Property Damage Crash,02/28/2024 12:28:00 PM,NO NAME (SB/L),NA,"Sideswipe, Same Direction",Cloudy,Dry,Daylight,No Controls,NONE DETECTED,No,No Apparent Injury,NA,Not Distracted,SC,Passenger Car,Moving Constant Speed,55,No,2022,DODGE,CHALLENGER,39.02588652,-77.14185302,2024,2,12
240009713,Property Damage Crash,02/28/2024 12:19:00 PM,NA,NA,Single Vehicle,Clear,NA,Daylight,NA,NONE DETECTED,No,No Apparent Injury,NA,Not Distracted,MD,Van - Cargo,Moving Constant Speed,0,No,2008,FORD,E-150,39.06588913,-77.15924588,2024,2,12
240009700,Property Damage Crash,02/28/2024 11:15:00 AM,RAMP 4 FR MD 355 NB TO MONTROSE PKWY,NA,"Sideswipe, Same Direction",Rain,Wet,Daylight,No Controls,NONE DETECTED,Yes,No Apparent Injury,NA,Unknown,MD,Passenger Car,Turning Right,20,No,2014,TOYOTA,PRIUS,39.05292711,-77.11551168,2024,2,11
240009700,Property Damage Crash,02/28/2024 11:15:00 AM,RAMP 4 FR MD 355 NB TO MONTROSE PKWY,NA,"Sideswipe, Same Direction",Rain,Wet,Daylight,No Controls,NONE DETECTED,No,No Apparent Injury,NA,Not Distracted,MD,Passenger Car,Turning Right,20,No,2020,HYUNDAI,ELANTRA,39.05292711,-77.11551168,2024,2,11
240009693,Injury Crash,02/28/2024 11:02:00 AM,NA,NA,Single Vehicle,Rain,Wet,Daylight,No Controls,NONE DETECTED,Yes,Possible Minor Injury,"Failed to Keep in Proper Lane, Ran Off Roadway",Unknown,MD,Passenger Car,Accelerating,30,No,2011,TOYOTA,AVALON,39.08274249,-76.93061618,2024,2,11
240009692,Property Damage Crash,02/28/2024 10:32:00 AM,BEL PRE RD,NA,Front to Rear,Rain,Wet,Daylight,Traffic Control Signal,NONE DETECTED,Yes,No Apparent Injury,Followed Too Closely,Unknown,MD,Pickup,Slowing or Stopping,45,No,2019,RAM,1500,39.09317096,-77.07971219,2024,2,10
240009692,Property Damage Crash,02/28/2024 10:32:00 AM,BEL PRE RD,NA,Front to Rear,Rain,Wet,Daylight,Traffic Control Signal,NONE DETECTED,No,No Apparent Injury,NA,Not Distracted,MD,Pickup,Stopped in Traffic,45,No,2018,FORD,F-150,39.09317096,-77.07971219,2024,2,10