Local Case Number,ACRS Report Type,Crash Date/Time,Road Name,Related Non-Motorist,Collision Type,Weather,Surface Condition,Light,Traffic Control,Driver Substance Abuse,Driver At Fault,Injury Severity,Circumstance,Driver Distracted By,Drivers License State,Vehicle Body Type,Vehicle Movement,Speed Limit,Driverless Vehicle,Vehicle Year,Vehicle Make,Vehicle Model,Latitude,Longitude,Year,Month,Hour
240009358,Injury Crash,02/26/2024 01:59:00 PM,SENECA MEADOWS PKWY,NA,Angle,Clear,Dry,Daylight,Traffic Control Signal,NONE DETECTED,No,No Apparent Injury,NA,Not Distracted,MD,Passenger Car,Moving Constant Speed,35,No,2024,HONDA,CIVIC,39.19774121,-77.2542648,2024,2,13
240009358,Injury Crash,02/26/2024 01:59:00 PM,SENECA MEADOWS PKWY,NA,Angle,Clear,Dry,Daylight,Traffic Control Signal,NONE DETECTED,Yes,Possible Minor Injury,Failed to Yield Right-of-Way,Unknown,MD,Passenger Car,Turning Left,35,No,2003,HONDA,ACCORD,39.19774121,-77.2542648,2024,2,13
240011540,Property Damage Crash,02/26/2024 12:33:00 PM,DECEMBER WAY,NA,Other,Clear,Dry,Daylight,No Controls,NONE DETECTED,No,No Apparent Injury,Failed to Yield Right-of-Way,Not Distracted,MD,Passenger Car,Turning Right,25,No,2021,TOYOTA,RAV4,39.04267087,-76.97959215,2024,2,12
240011540,Property Damage Crash,02/26/2024 12:33:00 PM,DECEMBER WAY,NA,Other,Clear,Dry,Daylight,No Controls,NONE DETECTED,No,No Apparent Injury,NA,Not Distracted,MD,Passenger Car,Moving Constant Speed,25,No,2012,VOLVO,S60,39.04267087,-76.97959215,2024,2,12
240009531,Injury Crash,02/26/2024 12:04:00 PM,NA,Pedestrian,Single Vehicle,Clear,NA,Daylight,NA,NONE DETECTED,Yes,Possible Minor Injury,NA,Unknown,MD,Passenger Car,Slowing or Stopping,0,No,2006,MAZDA,UNKNOWN,39.14830061,-77.01966318,2024,2,12
240009308,Property Damage Crash,02/26/2024 10:54:00 AM,NEW HAMPSHIRE AVE (SB/L),NA,Front to Rear,Clear,Dry,Daylight,No Controls,NONE DETECTED,No,No Apparent Injury,NA,Not Distracted,MD,Station Wagon,Slowing or Stopping,40,No,2004,SUBARU,FORESTER,39.04518358,-76.99235972,2024,2,10
240009308,Property Damage Crash,02/26/2024 10:54:00 AM,NEW HAMPSHIRE AVE (SB/L),NA,Front to Rear,Clear,Dry,Daylight,No Controls,NONE DETECTED,No,No Apparent Injury,NA,Not Distracted,MD,Sport Utility Vehicle,Stopped in Traffic,40,No,2021,MAZDA,CX-5,39.04518358,-76.99235972,2024,2,10
240009297,Injury Crash,02/26/2024 09:43:00 AM,KING FARM BLVD,Pedestrian,Single Vehicle,Clear,Dry,Daylight,Pedestrian Crossing,NONE DETECTED,No,NA,NA,NA,NA,NA,Turning Left,35,No,0,NA,NA,39.11710704,-77.16889101,2024,2,9
240009295,Injury Crash,02/26/2024 09:35:00 AM,OLD COLUMBIA PIKE,NA,Angle,Clear,Dry,Daylight,No Controls,NONE DETECTED,Yes,No Apparent Injury,Failed to Yield Right-of-Way,Unknown,MD,Pickup,Turning Left,35,No,1995,CHEVROLET,C/K PICKUP,39.11082502,-76.93340085,2024,2,9
240009295,Injury Crash,02/26/2024 09:35:00 AM,OLD COLUMBIA PIKE,NA,Angle,Clear,Dry,Daylight,No Controls,NONE DETECTED,No,Possible Minor Injury,NA,Not Distracted,MD,Passenger Car,Moving Constant Speed,35,No,2014,HYUNDAI,SONATA,39.11082502,-76.93340085,2024,2,9
240009284,Property Damage Crash,02/26/2024 08:04:00 AM,NA,NA,Angle,Clear,Dry,Daylight,Traffic Control Signal,NONE DETECTED,Yes,No Apparent Injury,NA,Not Distracted,MD,Passenger Car,Turning Left,25,No,2018,HYUNDAI,TUCSON,38.98006,-77.09223468,2024,2,8
240009284,Property Damage Crash,02/26/2024 08:04:00 AM,NA,NA,Angle,Clear,Dry,Daylight,Traffic Control Signal,NONE DETECTED,No,No Apparent Injury,NA,Not Distracted,MD,Passenger Car,Moving Constant Speed,25,No,2004,TOYOTA,CAMRY,38.98006,-77.09223468,2024,2,8
240009285,Injury Crash,02/26/2024 07:58:00 AM,COLUMBIA PIKE (SB/L),NA,Front to Rear,Clear,Dry,Daylight,Traffic Control Signal,NONE DETECTED,No,Possible Minor Injury,NA,Not Distracted,MD,Passenger Car,Slowing or Stopping,35,No,2021,NISSAN,VERSA,39.09564939,-76.93812148,2024,2,7
240009285,Injury Crash,02/26/2024 07:58:00 AM,COLUMBIA PIKE (SB/L),NA,Front to Rear,Clear,Dry,Daylight,Traffic Control Signal,NONE DETECTED,Yes,No Apparent Injury,Other Improper Action,Unknown,MD,Sport Utility Vehicle,Moving Constant Speed,35,No,2015,NISSAN,MURANO,39.09564939,-76.93812148,2024,2,7
240009283,Property Damage Crash,02/26/2024 07:57:00 AM,GEORGIA AVE,NA,Front to Rear,Clear,Dry,Daylight,Traffic Control Signal,NONE DETECTED,No,No Apparent Injury,NA,Unknown,NA,Passenger Car,Stopped in Traffic,35,No,0,NA,NA,39.01553085,-77.04260199,2024,2,7
240009283,Property Damage Crash,02/26/2024 07:57:00 AM,GEORGIA AVE,NA,Front to Rear,Clear,Dry,Daylight,Traffic Control Signal,NONE DETECTED,No,No Apparent Injury,NA,Not Distracted,MD,Sport Utility Vehicle,Stopped in Traffic,35,No,2022,ACURA,MDX,39.01553085,-77.04260199,2024,2,7
240009280,Property Damage Crash,02/26/2024 07:40:00 AM,SHADY GROVE RD (SB/L),NA,Rear To Side,Clear,Dry,Daylight,Flashing Traffic Control Signal,NONE DETECTED,Yes,No Apparent Injury,NA,Not Distracted,MD,Passenger Car,Turning Left,45,No,2023,HONDA,ACCORD,39.11188558,-77.1873174,2024,2,7
240009280,Property Damage Crash,02/26/2024 07:40:00 AM,SHADY GROVE RD (SB/L),NA,Rear To Side,Clear,Dry,Daylight,Flashing Traffic Control Signal,NONE DETECTED,No,No Apparent Injury,NA,Not Distracted,VA,Passenger Car,Accelerating,45,No,2014,TOYOTA,PRIUS,39.11188558,-77.1873174,2024,2,7
240009168,Property Damage Crash,02/26/2024 06:50:00 AM,NA,NA,Single Vehicle,Clear,Dry,Medium,No Controls,ALCOHOL PRESENT,No,No Apparent Injury,NA,Not Distracted,NA,Sport Utility Vehicle,Moving Constant Speed,35,No,2002,HONDA,CR-V,39.1149506,-77.05291745,2024,2,6
240009278,Property Damage Crash,02/26/2024 05:53:00 AM,DAIRYMAID DR,NA,"Sideswipe, Same Direction",Clear,Dry,Medium,No Controls,NONE DETECTED,Yes,No Apparent Injury,Over-Correcting/Over-Steering,"Other Action (looking away from task, etc.)",MD,Passenger Car,Moving Constant Speed,30,No,2017,SUBARU,OUTBACK,39.15280508,-77.26856531,2024,2,5
240009373,Injury Crash,02/26/2024 05:38:00 AM,PLEASANT RIDGE DR (SB/L),NA,Single Vehicle,Clear,Dry,Medium,No Controls,ALCOHOL PRESENT,No,Possible Minor Injury,"Failed to Keep in Proper Lane, Improper Turn, Operated Motor Vehicle in Inattentive, Careless, Negligent, or Erratic Manner, Operated Motor Vehicle in Reckless or Aggressive Manner, Other Improper Action, Over-Correcting/Over-Steering, Ran Off Roadway, Too Fast For Conditions, Wrong Side, Wrong Way",Unknown,MD,Passenger Car,NA,30,No,2019,CHEVROLET,CRUZE,39.19077434,-77.19084717,2024,2,5
240009274,Injury Crash,02/26/2024 03:21:00 AM,KAYSON ST,NA,Front to Rear,Cloudy,Wet,Medium,No Controls,NONE DETECTED,Yes,No Apparent Injury,NA,"Other Action (looking away from task, etc.)",MD,Passenger Car,Moving Constant Speed,35,No,2016,HYUNDAI,ELANTRA,39.07082917,-77.06306633,2024,2,3
240009274,Injury Crash,02/26/2024 03:21:00 AM,KAYSON ST,NA,Front to Rear,Cloudy,Wet,Medium,No Controls,NONE DETECTED,No,Possible Minor Injury,NA,Not Distracted,MD,Passenger Car,Parked,35,No,2017,CHEVROLET,CRUZE,39.07082917,-77.06306633,2024,2,3
240009270,Property Damage Crash,02/26/2024 02:14:00 AM,RAMSDELL CT,NA,"Sideswipe, Same Direction",Clear,Dry,Medium,No Controls,ALCOHOL PRESENT,No,No Apparent Injury,"Failed to Keep in Proper Lane, Operated Motor Vehicle in Inattentive, Careless, Negligent, or Erratic Manner",Unknown,MD,Passenger Car,Moving Constant Speed,25,No,2020,KIA,OPTIMA,39.14922233,-77.23780617,2024,2,2
240009261,Injury Crash,02/25/2024 11:58:00 PM,CHERRY HILL RD,Pedestrian,Single Vehicle,Clear,Dry,Medium,No Controls,NONE DETECTED,No,No Apparent Injury,NA,Not Distracted,MD,Passenger Car,Moving Constant Speed,40,No,2018,CHEVROLET,IMPALA,39.04950426,-76.95247673,2024,2,23
240009256,Injury Crash,02/25/2024 10:51:00 PM,VEIRS MILL RD (WB/L),NA,Rear To Side,Clear,Dry,Medium,Traffic Control Signal,NONE DETECTED,No,No Apparent Injury,NA,Not Distracted,MD,Sport Utility Vehicle,Moving Constant Speed,30,No,2018,HYUNDAI,TUCSON,39.04061291,-77.05627643,2024,2,22
240009256,Injury Crash,02/25/2024 10:51:00 PM,VEIRS MILL RD (WB/L),NA,Rear To Side,Clear,Dry,Medium,Traffic Control Signal,NONE DETECTED,Yes,No Apparent Injury,Ran Red Light,Unknown,MD,Passenger Car,Moving Constant Speed,30,No,2017,HONDA,ACCORD,39.04061291,-77.05627643,2024,2,22
240009253,Property Damage Crash,02/25/2024 10:19:00 PM,LINCOLN AVE,NA,"Sideswipe, Same Direction",Clear,Dry,Medium,No Controls,NONE DETECTED,No,No Apparent Injury,NA,"Other Action (looking away from task, etc.)",MD,Sport Utility Vehicle,Accelerating,25,No,2013,TOYOTA,HIGHLANDER,39.09259173,-77.14403054,2024,2,22
240009252,Property Damage Crash,02/25/2024 09:43:00 PM,SAM EIG HWY (SB/L),NA,Single Vehicle,Clear,Dry,Medium,Traffic Control Signal,ALCOHOL PRESENT,Yes,No Apparent Injury,"Failed to Keep in Proper Lane, Operated Motor Vehicle in Inattentive, Careless, Negligent, or Erratic Manner, Ran Off Roadway",Not Distracted,MD,Sport Utility Vehicle,Moving Constant Speed,45,No,2007,HONDA,CR-V,39.10912916,-77.21215826,2024,2,21
240009249,Property Damage Crash,02/25/2024 08:50:00 PM,WHISPERING OAKS WAY,NA,Other,Clear,Dry,Medium,No Controls,NONE DETECTED,Yes,No Apparent Injury,NA,Not Distracted,MD,Passenger Car,Negotiating a Curve,25,No,2009,ACURA,RDX,39.15587986,-77.16756953,2024,2,20
240009243,Property Damage Crash,02/25/2024 07:33:00 PM,NA,NA,Front to Rear,Clear,Dry,Medium,Traffic Control Signal,NONE DETECTED,No,No Apparent Injury,NA,Not Distracted,MD,Bus - Transit,Stopped in Traffic,30,No,2016,GILLIG,CITY TRANSIT BUS,39.1531682,-77.1989386,2024,2,19
240009243,Property Damage Crash,02/25/2024 07:33:00 PM,NA,NA,Front to Rear,Clear,Dry,Medium,Traffic Control Signal,NONE DETECTED,Yes,No Apparent Injury,"Followed Too Closely, Improper Passing",Not Distracted,MD,Passenger Car,Moving Constant Speed,30,No,2010,NISSAN,ALTIMA,39.1531682,-77.1989386,2024,2,19
240009241,Injury Crash,02/25/2024 07:14:00 PM,CLOPPER RD,NA,Angle,Clear,Dry,Medium,Traffic Control Signal,NONE DETECTED,Yes,Possible Minor Injury,Failed to Yield Right-of-Way,Not Distracted,MD,Passenger Car,Turning Left,30,No,2014,HONDA,CIVIC,39.1565745,-77.26649583,2024,2,19
240009241,Injury Crash,02/25/2024 07:14:00 PM,CLOPPER RD,NA,Angle,Clear,Dry,Medium,Traffic Control Signal,NONE DETECTED,No,Possible Minor Injury,NA,Not Distracted,MD,Passenger Car,Moving Constant Speed,30,No,2016,DODGE,DART,39.1565745,-77.26649583,2024,2,19
240009240,Injury Crash,02/25/2024 07:01:00 PM,E SCHUYLER RD,NA,Angle,Clear,Dry,Medium,No Controls,NONE DETECTED,No,No Apparent Injury,NA,Not Distracted,MD,Passenger Car,Moving Constant Speed,35,No,1998,HONDA,ACCORD,39.00807297,-76.99848641,2024,2,19
240009240,Injury Crash,02/25/2024 07:01:00 PM,E SCHUYLER RD,NA,Angle,Clear,Dry,Medium,Stop Sign,NONE DETECTED,Yes,No Apparent Injury,Failed to Yield Right-of-Way,Not Distracted,MD,Passenger Car,Turning Left,25,No,2012,NISSAN,ALTIMA,39.00807297,-76.99848641,2024,2,19
240009234,Injury Crash,02/25/2024 05:36:00 PM,DUNNEL LA,NA,Angle,Clear,Dry,Daylight,No Controls,NONE DETECTED,No,Possible Minor Injury,NA,Not Distracted,MD,Passenger Car,Moving Constant Speed,35,No,2014,HONDA,ACCORD,39.01257408,-77.08002276,2024,2,17
240009234,Injury Crash,02/25/2024 05:36:00 PM,DUNNEL LA,NA,Angle,Clear,Dry,Daylight,No Controls,NONE DETECTED,Yes,No Apparent Injury,Failed to Yield Right-of-Way,Not Distracted,MD,Passenger Car,Turning Left,35,No,2021,SUBARU,FORESTER,39.01257408,-77.08002276,2024,2,17
240009234,Injury Crash,02/25/2024 05:36:00 PM,DUNNEL LA,NA,Angle,Clear,Dry,Daylight,No Controls,NONE DETECTED,No,No Apparent Injury,NA,Not Distracted,MD,Passenger Car,Moving Constant Speed,35,No,2016,LEXUS,GS,39.01257408,-77.08002276,2024,2,17
240009232,Injury Crash,02/25/2024 05:19:00 PM,CLIFFTOP DR,NA,Angle,Clear,Dry,Daylight,No Controls,NONE DETECTED,No,Possible Minor Injury,NA,Not Distracted,MD,Passenger Car,Moving Constant Speed,40,No,2014,JEEP,WRANGLER,39.12173676,-77.215952,2024,2,17
240009232,Injury Crash,02/25/2024 05:19:00 PM,CLIFFTOP DR,NA,Angle,Clear,Dry,Daylight,No Controls,NONE DETECTED,Yes,Possible Minor Injury,Failed to Yield Right-of-Way,Unknown,MD,Passenger Car,Entering Traffic Lane,40,No,2020,HONDA,ACCORD,39.12173676,-77.215952,2024,2,17
240009227,Injury Crash,02/25/2024 04:57:00 PM,GREAT SENECA HWY (SB/L),NA,Single Vehicle,Clear,Dry,Daylight,No Controls,NONE DETECTED,Yes,Suspected Serious Injury,NA,Unknown,MD,Passenger Car,Moving Constant Speed,50,No,2015,NISSAN,SENTRA,39.13002034,-77.23943996,2024,2,16
240009224,Property Damage Crash,02/25/2024 04:48:00 PM,ROLLINS AVE,NA,Angle,Clear,Dry,Daylight,No Controls,NONE DETECTED,No,No Apparent Injury,NA,Not Distracted,DC,Passenger Car,Moving Constant Speed,40,No,2013,SUBARU,BRZ,39.05878795,-77.12142395,2024,2,16
240009224,Property Damage Crash,02/25/2024 04:48:00 PM,ROLLINS AVE,NA,Angle,Clear,Dry,Daylight,No Controls,NONE DETECTED,Yes,No Apparent Injury,Failed to Keep in Proper Lane,Unknown,AL,Passenger Car,Turning Right,40,No,2016,HONDA,CR-V,39.05878795,-77.12142395,2024,2,16
240009208,Injury Crash,02/25/2024 02:53:00 PM,NA,Cyclist (non-electric),Single Vehicle,Clear,Dry,Daylight,Stop Sign,NONE DETECTED,Yes,No Apparent Injury,NA,Unknown,MD,Other,Turning Right,30,No,2023,FORD,TRANSIT,39.065096,-76.93851683,2024,2,14
240009210,Injury Crash,02/25/2024 02:23:00 PM,NA,NA,Single Vehicle,Clear,NA,Daylight,NA,NONE DETECTED,Yes,Possible Minor Injury,NA,Unknown,VA,Passenger Car,Turning Left,0,No,2023,HYUNDAI,ELANTRA,39.04137619,-77.15807461,2024,2,14
240009205,Property Damage Crash,02/25/2024 01:58:00 PM,NA,NA,Other,Clear,NA,Daylight,NA,NONE DETECTED,No,NA,NA,NA,NA,Passenger Car,Backing,0,No,1993,TOYOTA,SD,38.97503593,-77.16245078,2024,2,13
240009199,Property Damage Crash,02/25/2024 01:15:00 PM,MASSACHUSETTS AVE,NA,"Sideswipe, Same Direction",Clear,Dry,Daylight,"Other Pavement Marking (excluding edgelines, centerlines, or lane lines)",NONE DETECTED,No,No Apparent Injury,NA,Not Distracted,MD,Passenger Car,Entering Traffic Lane,30,No,2012,VOLVO,S60,38.96193717,-77.118912,2024,2,13
240009199,Property Damage Crash,02/25/2024 01:15:00 PM,MASSACHUSETTS AVE,NA,"Sideswipe, Same Direction",Clear,Dry,Daylight,No Controls,NONE DETECTED,No,No Apparent Injury,NA,Not Distracted,MD,Bus - Transit,Moving Constant Speed,30,No,2009,GILLIG,CITY TRANSIT BUS,38.96193717,-77.118912,2024,2,13
240009192,Property Damage Crash,02/25/2024 11:57:00 AM,UNIVERSITY BLVD E,NA,"Sideswipe, Same Direction",Clear,Dry,Daylight,Traffic Control Signal,NONE DETECTED,No,No Apparent Injury,NA,NA,NA,Sport Utility Vehicle,Changing Lanes,35,No,2020,HONDA,CR-V,38.9927701,-76.99170621,2024,2,11
240009192,Property Damage Crash,02/25/2024 11:57:00 AM,UNIVERSITY BLVD E,NA,"Sideswipe, Same Direction",Clear,Dry,Daylight,Traffic Control Signal,NONE DETECTED,No,No Apparent Injury,NA,Not Distracted,MD,Passenger Car,Moving Constant Speed,35,No,2019,HYUNDAI,SONATA,38.9927701,-76.99170621,2024,2,11
240009172,Property Damage Crash,02/25/2024 07:05:00 AM,JEFFRY ST,NA,"Sideswipe, Same Direction",Clear,Dry,Daylight,No Controls,NONE DETECTED,No,NA,NA,NA,NA,NA,Moving Constant Speed,25,No,0,NA,NA,39.06618732,-77.07351588,2024,2,7
240009167,Injury Crash,02/25/2024 06:20:00 AM,NEW HAMPSHIRE AVE (SB/L),NA,Front to Rear,Clear,Dry,Daylight,Traffic Control Signal,NONE DETECTED,No,Possible Minor Injury,NA,Not Distracted,MD,Passenger Car,Stopped in Traffic,40,No,2021,KIA,SPORTAGE,39.03976369,-76.99085742,2024,2,6
240009167,Injury Crash,02/25/2024 06:20:00 AM,NEW HAMPSHIRE AVE (SB/L),NA,Front to Rear,Clear,Dry,Daylight,Traffic Control Signal,ALCOHOL PRESENT,No,Possible Minor Injury,"Failed to Keep in Proper Lane, Operated Motor Vehicle in Inattentive, Careless, Negligent, or Erratic Manner, Operated Motor Vehicle in Reckless or Aggressive Manner, Other Improper Action, Too Fast For Conditions",Unknown,NA,Passenger Car,Moving Constant Speed,40,No,2009,MAZDA,MAZDA6,39.03976369,-76.99085742,2024,2,6
240009167,Injury Crash,02/25/2024 06:20:00 AM,NEW HAMPSHIRE AVE (SB/L),NA,Front to Rear,Clear,Dry,Daylight,Traffic Control Signal,NONE DETECTED,No,No Apparent Injury,NA,Not Distracted,MD,Sport Utility Vehicle,Accelerating,40,No,2014,INFINITI,QX60,39.03976369,-76.99085742,2024,2,6
240009167,Injury Crash,02/25/2024 06:20:00 AM,NEW HAMPSHIRE AVE (SB/L),NA,Front to Rear,Clear,Dry,Daylight,Traffic Control Signal,NONE DETECTED,No,Possible Minor Injury,NA,Not Distracted,MD,Passenger Car,Stopped in Traffic,40,No,2023,HYUNDAI,ELANTRA N,39.03976369,-76.99085742,2024,2,6
240009165,Property Damage Crash,02/25/2024 05:11:00 AM,OLD GEORGETOWN RD,NA,Single Vehicle,Clear,Dry,Medium,No Controls,ALCOHOL PRESENT,Yes,No Apparent Injury,"Failed to Keep in Proper Lane, Operated Motor Vehicle in Inattentive, Careless, Negligent, or Erratic Manner, Ran Off Roadway",Not Distracted,MD,Sport Utility Vehicle,Moving Constant Speed,40,No,2012,ACURA,MDX,39.02722047,-77.12621642,2024,2,5
240009163,Property Damage Crash,02/25/2024 03:58:00 AM,LOCKWOOD DR,NA,Angle,Clear,Dry,Medium,No Controls,NONE DETECTED,No,No Apparent Injury,NA,Not Distracted,VA,Passenger Car,Moving Constant Speed,50,No,2024,HONDA,CIVIC,39.03297571,-77.00302884,2024,2,3
240009163,Property Damage Crash,02/25/2024 03:58:00 AM,LOCKWOOD DR,NA,Angle,Clear,Dry,Medium,No Controls,NONE DETECTED,Yes,No Apparent Injury,NA,Not Distracted,MD,Sport Utility Vehicle,Accelerating,50,No,2024,BMW,X5,39.03297571,-77.00302884,2024,2,3
240009161,Property Damage Crash,02/25/2024 03:28:00 AM,E RANDOLPH RD (WB/L),NA,Angle,Clear,Dry,Medium,Traffic Control Signal,NONE DETECTED,No,No Apparent Injury,NA,NA,NA,Sport Utility Vehicle,Moving Constant Speed,40,No,0,NA,NA,39.06348605,-76.96584122,2024,2,3
240009161,Property Damage Crash,02/25/2024 03:28:00 AM,E RANDOLPH RD (WB/L),NA,Angle,Clear,Dry,Medium,Traffic Control Signal,NONE DETECTED,No,No Apparent Injury,NA,Not Distracted,MD,Passenger Car,Moving Constant Speed,40,No,2018,LEXUS,ES,39.06348605,-76.96584122,2024,2,3
240009170,Property Damage Crash,02/25/2024 03:00:00 AM,NA,NA,"Sideswipe, Opposite Direction",Clear,NA,Medium,NA,NONE DETECTED,No,NA,NA,NA,NA,Unknown,Turning Right,0,No,0,NA,NA,39.0027941,-76.98755482,2024,2,3
240009157,Property Damage Crash,02/25/2024 02:45:00 AM,LOST KNIFE RD,NA,Rear To Side,Clear,Dry,Medium,Flashing Traffic Control Signal,NONE DETECTED,Yes,No Apparent Injury,Failed to Yield Right-of-Way,Unknown,MD,Passenger Car,Accelerating,30,No,2021,TOYOTA,RAV4,39.15805667,-77.20428167,2024,2,2
240009157,Property Damage Crash,02/25/2024 02:45:00 AM,LOST KNIFE RD,NA,Rear To Side,Clear,Dry,Medium,Flashing Traffic Control Signal,NONE DETECTED,No,No Apparent Injury,NA,Not Distracted,MD,Passenger Car,Moving Constant Speed,30,No,2020,NISSAN,SENTRA,39.15805667,-77.20428167,2024,2,2
24009158,Property Damage Crash,02/25/2024 02:00:00 AM,S SUMMIT AVE,NA,Single Vehicle,Clear,Dry,Medium,Traffic Control Signal,ALCOHOL PRESENT,No,No Apparent Injury,NA,Unknown,MA,Passenger Car,NA,30,No,2009,INFINITI,FX35,39.13813914,-77.19412848,2024,2,2
240009151,Injury Crash,02/25/2024 01:39:00 AM,BLUERIDGE AVE,NA,Angle,Clear,Dry,Medium,Flashing Traffic Control Signal,ALCOHOL PRESENT,Yes,No Apparent Injury,NA,Unknown,MD,Passenger Car,Moving Constant Speed,30,No,2019,HONDA,CIVIC,39.04316318,-77.0521237,2024,2,1
240009151,Injury Crash,02/25/2024 01:39:00 AM,BLUERIDGE AVE,NA,Angle,Clear,Dry,Medium,Flashing Traffic Control Signal,NONE DETECTED,No,Possible Minor Injury,NA,Not Distracted,MD,Sport Utility Vehicle,Moving Constant Speed,30,No,2018,CHRYSLER,PACIFICA,39.04316318,-77.0521237,2024,2,1
240009122,Property Damage Crash,02/24/2024 08:48:00 PM,ROCKVILLE PIKE,NA,Other,Rain,Wet,Medium,Flashing Traffic Control Signal,NONE DETECTED,No,No Apparent Injury,NA,Not Distracted,VA,Passenger Car,Turning Left,35,No,2014,TOYOTA,PRIUS,39.0835091,-77.14674318,2024,2,20
240009122,Property Damage Crash,02/24/2024 08:48:00 PM,ROCKVILLE PIKE,NA,Other,Rain,Wet,Medium,Flashing Traffic Control Signal,NONE DETECTED,No,No Apparent Injury,NA,Not Distracted,MD,Pickup,Accelerating,35,No,2004,CADILLAC,ESCALADE,39.0835091,-77.14674318,2024,2,20
240009120,Property Damage Crash,02/24/2024 08:30:00 PM,MARKET ST,NA,"Sideswipe, Same Direction",Clear,Dry,Medium,No Controls,NONE DETECTED,No,No Apparent Injury,NA,Not Distracted,DC,Passenger Car,Backing,15,No,2013,JEEP,GRAND CHEROKEE,39.12242133,-77.23491528,2024,2,20
240009120,Property Damage Crash,02/24/2024 08:30:00 PM,MARKET ST,NA,"Sideswipe, Same Direction",Clear,Dry,Medium,No Controls,ALCOHOL PRESENT,No,No Apparent Injury,NA,Unknown,MD,Passenger Car,Overtaking/Passing,15,No,2019,MAZDA,CX-5,39.12242133,-77.23491528,2024,2,20
240009112,Property Damage Crash,02/24/2024 07:32:00 PM,OMEGA DR (SB/L),NA,Front to Rear,Clear,Dry,Medium,No Controls,NONE DETECTED,Yes,No Apparent Injury,Too Fast For Conditions,Unknown,MD,Passenger Car,Moving Constant Speed,35,No,2021,SUBARU,FORESTER,39.11027051,-77.19189096,2024,2,19
240009112,Property Damage Crash,02/24/2024 07:32:00 PM,OMEGA DR (SB/L),NA,Front to Rear,Clear,Dry,Medium,No Controls,NONE DETECTED,No,No Apparent Injury,NA,Not Distracted,MD,Passenger Car,Moving Constant Speed,35,No,2019,HONDA,CIVIC,39.11027051,-77.19189096,2024,2,19
240009111,Property Damage Crash,02/24/2024 07:06:00 PM,WOODMONT AVE,NA,Angle,Clear,Dry,Medium,No Controls,NONE DETECTED,Yes,No Apparent Injury,Failed to Yield Right-of-Way,Not Distracted,MD,Passenger Car,Changing Lanes,35,No,2023,TESLA,MODEL 3,38.9942425,-77.097502,2024,2,19
240009111,Property Damage Crash,02/24/2024 07:06:00 PM,WOODMONT AVE,NA,Angle,Clear,Dry,Medium,No Controls,NONE DETECTED,No,No Apparent Injury,NA,Not Distracted,MD,Passenger Car,Accelerating,35,No,2015,TOYOTA,COROLLA,38.9942425,-77.097502,2024,2,19
24000,Injury Crash,02/24/2024 06:58:00 PM,NA,NA,Front to Rear,Clear,Dry,Medium,Other,NONE DETECTED,Yes,No Apparent Injury,NA,Unknown,MD,Passenger Car,Moving Constant Speed,30,No,1992,HONDA,CIVIC,39.15452058,-77.20894901,2024,2,18
24000,Injury Crash,02/24/2024 06:58:00 PM,NA,NA,Front to Rear,Clear,Dry,Medium,Other,NONE DETECTED,No,Possible Minor Injury,NA,Not Distracted,MD,Passenger Car,Slowing or Stopping,30,No,2015,BMW,328I,39.15452058,-77.20894901,2024,2,18
240009105,Property Damage Crash,02/24/2024 06:40:00 PM,HUNGERFORD DR (SB/L),NA,"Sideswipe, Same Direction",Rain,Wet,Medium,No Controls,NONE DETECTED,No,No Apparent Injury,NA,Not Distracted,XX,Passenger Car,Entering Traffic Lane,35,No,2024,MAZDA,CX-3,39.092689,-77.15351293,2024,2,18