Local Case Number,ACRS Report Type,Crash Date/Time,Road Name,Related Non-Motorist,Collision Type,Weather,Surface Condition,Light,Traffic Control,Driver Substance Abuse,Driver At Fault,Injury Severity,Circumstance,Driver Distracted By,Drivers License State,Vehicle Body Type,Vehicle Movement,Speed Limit,Driverless Vehicle,Vehicle Year,Vehicle Make,Vehicle Model,Latitude,Longitude,Year,Month,Hour
240008628,Property Damage Crash,02/22/2024 08:55:00 AM,RANDOLPH RD,NA,Front to Rear,Clear,Dry,Daylight,Other Signal,NONE DETECTED,No,No Apparent Injury,NA,Not Distracted,MD,Sport Utility Vehicle,Stopped in Traffic,40,No,2005,GMC,YUKON,39.07119422,-77.01200067,2024,2,8
240008628,Property Damage Crash,02/22/2024 08:55:00 AM,RANDOLPH RD,NA,Front to Rear,Clear,Dry,Daylight,Other Signal,NONE DETECTED,No,No Apparent Injury,NA,Not Distracted,MD,Single-Unit Truck,Stopped in Traffic,40,No,2024,FREIGHTLINER,CONVENTIONAL,39.07119422,-77.01200067,2024,2,8
240008627,Property Damage Crash,02/22/2024 08:51:00 AM,NA,NA,Single Vehicle,Clear,Dry,Daylight,No Controls,NONE DETECTED,Yes,No Apparent Injury,Other Improper Action,"Other Action (looking away from task, etc.)",MD,Passenger Car,Moving Constant Speed,35,No,2009,HONDA,FIT,39.19942817,-77.15668833,2024,2,8
240008625,Property Damage Crash,02/22/2024 08:48:00 AM,MUNCASTER MILL RD,NA,Front to Rear,Cloudy,Dry,Daylight,No Controls,NONE DETECTED,No,No Apparent Injury,NA,Not Distracted,MD,Sport Utility Vehicle,Stopped in Traffic,35,No,2018,JEEP,COMPASS,39.153175,-77.153085,2024,2,8
240008625,Property Damage Crash,02/22/2024 08:48:00 AM,MUNCASTER MILL RD,NA,Front to Rear,Cloudy,Dry,Daylight,No Controls,NONE DETECTED,No,No Apparent Injury,NA,Not Distracted,MD,Passenger Car,Stopped in Traffic,35,No,2020,KIA,SOUL,39.153175,-77.153085,2024,2,8
240008625,Property Damage Crash,02/22/2024 08:48:00 AM,MUNCASTER MILL RD,NA,Front to Rear,Cloudy,Dry,Daylight,No Controls,NONE DETECTED,Yes,No Apparent Injury,"Followed Too Closely, Swerved or Avoided Due to Wind, Slippery Surface, Motor Vehicle, Object, Non-Motorist in Roadway, etc",Not Distracted,MD,Sport Utility Vehicle,Moving Constant Speed,35,No,2014,HONDA,PILOT,39.153175,-77.153085,2024,2,8
240008623,Property Damage Crash,02/22/2024 08:39:00 AM,W DIAMOND AVE,NA,Single Vehicle,Clear,Dry,Daylight,No Controls,NONE DETECTED,No,No Apparent Injury,NA,Not Distracted,MD,Passenger Car,Moving Constant Speed,35,No,2017,INFINITI,QX80,39.14235613,-77.22031716,2024,2,8
240009339,Property Damage Crash,02/22/2024 08:37:00 AM,CONNECTICUT AVE,NA,Other,Clear,Dry,Daylight,No Controls,NONE DETECTED,No,No Apparent Injury,NA,Not Distracted,MD,Passenger Car,Moving Constant Speed,45,No,2017,TOYOTA,COROLLA,39.04748578,-77.07566724,2024,2,8
240009339,Property Damage Crash,02/22/2024 08:37:00 AM,CONNECTICUT AVE,NA,Other,Clear,Dry,Daylight,No Controls,NONE DETECTED,No,NA,NA,NA,NA,Passenger Car,Changing Lanes,45,No,2018,MAZDA,MAZDA6,39.04748578,-77.07566724,2024,2,8
240008622,Injury Crash,02/22/2024 08:37:00 AM,SPARTAN RD (WB/L),NA,"Sideswipe, Same Direction",Cloudy,Dry,Daylight,Traffic Control Signal,NONE DETECTED,Yes,No Apparent Injury,NA,Not Distracted,MD,Bus - School,Turning Left,30,No,2016,THOMAS BUILT,SCHOOL BUS,39.15095738,-77.06199159,2024,2,8
240008622,Injury Crash,02/22/2024 08:37:00 AM,SPARTAN RD (WB/L),NA,"Sideswipe, Same Direction",Cloudy,Dry,Daylight,Traffic Control Signal,NONE DETECTED,No,No Apparent Injury,NA,Not Distracted,MD,Single-Unit Truck,Stopped in Traffic,30,No,2019,FREIGHTLINER,FREIGHTLINER,39.15095738,-77.06199159,2024,2,8
240008619,Property Damage Crash,02/22/2024 08:00:00 AM,BLUFF POINT LA,NA,"Sideswipe, Same Direction",Clear,Dry,Daylight,No Controls,NONE DETECTED,No,NA,NA,NA,NA,Passenger Car,Moving Constant Speed,25,No,2013,BMW,328I,39.081394,-77.059953,2024,2,8
240008614,Property Damage Crash,02/22/2024 07:30:00 AM,CELEBRATION WAY,NA,Angle,Cloudy,Dry,Daylight,No Controls,NONE DETECTED,No,No Apparent Injury,NA,Not Distracted,MD,Passenger Car,Moving Constant Speed,35,No,2009,TOYOTA,COROLLA,39.18117029,-77.26965533,2024,2,7
240008614,Property Damage Crash,02/22/2024 07:30:00 AM,CELEBRATION WAY,NA,Angle,Cloudy,Dry,Daylight,Stop Sign,NONE DETECTED,Yes,No Apparent Injury,Failed to Yield Right-of-Way,Unknown,MD,Passenger Car,Accelerating,25,No,2022,TESLA,MODEL X,39.18117029,-77.26965533,2024,2,7
240008883,Property Damage Crash,02/22/2024 07:30:00 AM,NA,NA,Front to Rear,Rain,Wet,Medium,No Controls,NONE DETECTED,Yes,No Apparent Injury,Improper Backing,Unknown,MD,Passenger Car,Backing,15,No,2020,TOYOTA,COROLLA,39.13789595,-77.20517763,2024,2,7
240008611,Injury Crash,02/22/2024 05:52:00 AM,AVERY RD,NA,Single Vehicle,Cloudy,Dry,Dark,No Controls,NONE DETECTED,No,Possible Minor Injury,NA,Not Distracted,MD,Sport Utility Vehicle,Moving Constant Speed,30,No,2016,JEEP,RENEGADE,39.11105446,-77.12174364,2024,2,5
240008798,Property Damage Crash,02/22/2024 12:18:00 AM,WOLF DR,NA,Rear To Rear,Cloudy,Wet,Dark,No Controls,NONE DETECTED,No,No Apparent Injury,Other Improper Action,Not Distracted,MD,Passenger Car,Moving Constant Speed,25,No,2014,HONDA,CIVIC,39.07370682,-77.00404732,2024,2,0
240008595,Property Damage Crash,02/21/2024 10:30:00 PM,NA,NA,Rear To Rear,Clear,NA,Medium,NA,NONE DETECTED,No,NA,NA,NA,NA,Passenger Car,Parked,0,No,2021,TOYOTA,SIENNA,39.05749958,-77.04916857,2024,2,22
240008595,Property Damage Crash,02/21/2024 10:30:00 PM,NA,NA,Rear To Rear,Clear,NA,Medium,NA,NONE DETECTED,No,NA,NA,NA,NA,Passenger Car,Backing,0,No,2018,NISSAN,ALTIMA,39.05749958,-77.04916857,2024,2,22
240008592,Injury Crash,02/21/2024 09:57:00 PM,NEW HAMPSHIRE AVE (SB/L),NA,Angle,Clear,Dry,Medium,Stop Sign,NONE DETECTED,Yes,No Apparent Injury,Failed to Yield Right-of-Way,Not Distracted,MD,Passenger Car,Turning Left,25,No,2020,CHEVROLET,MALIBU,39.09989639,-77.00376903,2024,2,21
240008592,Injury Crash,02/21/2024 09:57:00 PM,NEW HAMPSHIRE AVE (SB/L),NA,Angle,Clear,Dry,Medium,No Controls,NONE DETECTED,No,Possible Minor Injury,NA,Not Distracted,MD,Sport Utility Vehicle,Moving Constant Speed,45,No,2008,LEXUS,RX,39.09989639,-77.00376903,2024,2,21
240008567,Property Damage Crash,02/21/2024 07:09:00 PM,NA,NA,Front to Front,Clear,Dry,Medium,No Controls,NONE DETECTED,No,No Apparent Injury,NA,Not Distracted,MD,Van - Passenger (&lt;9 Seats),Accelerating,35,No,2014,HONDA,ODYSSEY,39.18242667,-77.210415,2024,2,19
240008567,Property Damage Crash,02/21/2024 07:09:00 PM,NA,NA,Front to Front,Clear,Dry,Medium,No Controls,NONE DETECTED,No,No Apparent Injury,"Failed to Keep in Proper Lane, Improper Passing, Swerved or Avoided Due to Wind, Slippery Surface, Motor Vehicle, Object, Non-Motorist in Roadway, etc",Not Distracted,MD,Passenger Car,Overtaking/Passing,35,No,2022,TOYOTA,CAMRY,39.18242667,-77.210415,2024,2,19
240008564,Injury Crash,02/21/2024 06:38:00 PM,GOOD HOPE RD,NA,Angle,Clear,Dry,Medium,No Controls,NONE DETECTED,No,Possible Minor Injury,Failed to Yield Right-of-Way,Not Distracted,MD,Passenger Car,Turning Left,30,No,2018,TOYOTA,CAMRY,39.1146425,-76.9782016,2024,2,18
240008564,Injury Crash,02/21/2024 06:38:00 PM,GOOD HOPE RD,NA,Angle,Clear,Dry,Medium,No Controls,NONE DETECTED,No,Possible Minor Injury,NA,Not Distracted,MD,Passenger Car,Moving Constant Speed,30,No,2006,VOLVO,S80,39.1146425,-76.9782016,2024,2,18
240008560,Property Damage Crash,02/21/2024 06:30:00 PM,GOSHEN RD,NA,Front to Rear,Clear,Dry,Dark,No Controls,NONE DETECTED,No,No Apparent Injury,Followed Too Closely,Unknown,MD,Passenger Car,Slowing or Stopping,35,No,2015,AUDI,A4,39.16067667,-77.19206333,2024,2,18
240008560,Property Damage Crash,02/21/2024 06:30:00 PM,GOSHEN RD,NA,Front to Rear,Clear,Dry,Dark,No Controls,NONE DETECTED,No,No Apparent Injury,NA,Not Distracted,SC,Sport Utility Vehicle,Slowing or Stopping,35,No,2019,NISSAN,ROGUE,39.16067667,-77.19206333,2024,2,18
240008563,Property Damage Crash,02/21/2024 06:30:00 PM,GEORGIA AVE,NA,Other,Clear,Dry,Medium,Traffic Control Signal,NONE DETECTED,No,NA,NA,NA,NA,Van - Passenger (&lt;9 Seats),Moving Constant Speed,30,No,2018,FORD,TRANSIT,38.99432115,-77.02678907,2024,2,18
240008563,Property Damage Crash,02/21/2024 06:30:00 PM,GEORGIA AVE,NA,Other,Clear,Dry,Medium,Traffic Control Signal,NONE DETECTED,No,No Apparent Injury,NA,Not Distracted,MD,Passenger Car,Slowing or Stopping,30,No,2017,HONDA,CIVIC,38.99432115,-77.02678907,2024,2,18
240008548,Property Damage Crash,02/21/2024 04:26:00 PM,WARREN ST,NA,"Sideswipe, Opposite Direction",Clear,Dry,Daylight,No Controls,NONE DETECTED,No,No Apparent Injury,NA,Unknown,NA,Pickup,Turning Right,15,No,0,NA,NA,39.00766412,-77.04915792,2024,2,16
240008539,Property Damage Crash,02/21/2024 04:14:00 PM,MIDCOUNTY HWY (NB/L),NA,Front to Rear,Clear,Dry,Daylight,No Controls,NONE DETECTED,No,No Apparent Injury,NA,Not Distracted,MD,Passenger Car,Slowing or Stopping,45,No,2007,TOYOTA,RAV4,39.141555,-77.15336833,2024,2,16
240008539,Property Damage Crash,02/21/2024 04:14:00 PM,MIDCOUNTY HWY (NB/L),NA,Front to Rear,Clear,Dry,Daylight,No Controls,NONE DETECTED,No,No Apparent Injury,NA,Unknown,NA,Passenger Car,Moving Constant Speed,45,No,2020,HONDA,INSIGHT,39.141555,-77.15336833,2024,2,16
240008533,Property Damage Crash,02/21/2024 03:58:00 PM,ROCKVILLE PIKE (SB/L),NA,"Sideswipe, Same Direction",Clear,Dry,Daylight,Traffic Control Signal,NONE DETECTED,No,No Apparent Injury,Failed to Keep in Proper Lane,Not Distracted,MD,Passenger Car,Backing,35,No,2013,HONDA,PILOT,39.052225,-77.11607,2024,2,15
240008533,Property Damage Crash,02/21/2024 03:58:00 PM,ROCKVILLE PIKE (SB/L),NA,"Sideswipe, Same Direction",Clear,Dry,Daylight,Traffic Control Signal,NONE DETECTED,No,No Apparent Injury,NA,Not Distracted,MD,Bus - Transit,Stopped in Traffic,35,No,2020,GILLIG,CITY TRANSIT BUS,39.052225,-77.11607,2024,2,15
240008523,Property Damage Crash,02/21/2024 03:10:00 PM,E MIDDLE LA,NA,Angle,Clear,Dry,Daylight,Traffic Control Signal,NONE DETECTED,No,No Apparent Injury,NA,Not Distracted,MD,Passenger Car,Moving Constant Speed,40,No,2019,HONDA,CR-V,39.08522229,-77.1482843,2024,2,15
240008523,Property Damage Crash,02/21/2024 03:10:00 PM,E MIDDLE LA,NA,Angle,Clear,Dry,Daylight,Traffic Control Signal,NONE DETECTED,Yes,No Apparent Injury,Ran Red Light,Unknown,MD,Passenger Car,Moving Constant Speed,35,No,2010,JEEP,WRANGLER,39.08522229,-77.1482843,2024,2,15
240008516,Injury Crash,02/21/2024 02:50:00 PM,FREDERICK RD (SB/L),NA,Unknown,Clear,Dry,Daylight,Traffic Control Signal,NONE DETECTED,No,Possible Minor Injury,NA,Not Distracted,MD,Passenger Car,Moving Constant Speed,35,No,2014,ACURA,TLX,39.15258259,-77.21224724,2024,2,14
240008516,Injury Crash,02/21/2024 02:50:00 PM,FREDERICK RD (SB/L),NA,Unknown,Clear,Dry,Daylight,Traffic Control Signal,NONE DETECTED,No,Possible Minor Injury,NA,Not Distracted,MD,Passenger Car,Moving Constant Speed,35,No,2006,BUICK,LACROSSE,39.15258259,-77.21224724,2024,2,14
240008516,Injury Crash,02/21/2024 02:50:00 PM,FREDERICK RD (SB/L),NA,Unknown,Clear,Dry,Daylight,Traffic Control Signal,NONE DETECTED,No,Possible Minor Injury,NA,Not Distracted,MD,Passenger Car,Moving Constant Speed,35,No,2014,TOYOTA,COROLLA,39.15258259,-77.21224724,2024,2,14
240008517,Property Damage Crash,02/21/2024 02:41:00 PM,DRUMM AVE,NA,Angle,Clear,Dry,Daylight,No Controls,NONE DETECTED,No,No Apparent Injury,NA,Not Distracted,MD,Van - Passenger (&lt;9 Seats),Moving Constant Speed,35,No,2019,HONDA,ODYSSEY,39.036658,-77.061583,2024,2,14
240008517,Property Damage Crash,02/21/2024 02:41:00 PM,DRUMM AVE,NA,Angle,Clear,Dry,Daylight,Stop Sign,NONE DETECTED,No,No Apparent Injury,Failed to Yield Right-of-Way,Unknown,MD,Sport Utility Vehicle,Moving Constant Speed,25,No,2021,JEEP,COMPASS,39.036658,-77.061583,2024,2,14
240008508,Injury Crash,02/21/2024 02:05:00 PM,NA,NA,Angle,Clear,NA,Daylight,NA,NONE DETECTED,Yes,Possible Minor Injury,"Disregarded Other Road Markings, Failed to Keep in Proper Lane, Other Improper Action",Unknown,MD,Passenger Car,Moving Constant Speed,0,No,1996,TOYOTA,CAMRY,39.03800021,-77.05477466,2024,2,14
240008508,Injury Crash,02/21/2024 02:05:00 PM,NA,NA,Angle,Clear,NA,Daylight,NA,NONE DETECTED,No,Possible Minor Injury,NA,Unknown,MD,Passenger Car,Moving Constant Speed,0,No,2023,NISSAN,VERSA,39.03800021,-77.05477466,2024,2,14
240008503,Property Damage Crash,02/21/2024 12:58:00 PM,RIVER RD (WB/L),NA,Angle,Clear,Dry,Daylight,Traffic Control Signal,NONE DETECTED,No,No Apparent Injury,NA,Not Distracted,MD,Sport Utility Vehicle,Moving Constant Speed,30,No,2019,BMW,X5,39.01747603,-77.20745721,2024,2,12
240008503,Property Damage Crash,02/21/2024 12:58:00 PM,RIVER RD (WB/L),NA,Angle,Clear,Dry,Daylight,Traffic Control Signal,NONE DETECTED,Yes,No Apparent Injury,NA,Unknown,MD,Sport Utility Vehicle,Turning Left,30,No,2017,LAND ROVER,RANGE ROVER,39.01747603,-77.20745721,2024,2,12
240008489,Property Damage Crash,02/21/2024 12:50:00 PM,MIDCOUNTY HWY,NA,Single Vehicle,Clear,Dry,Daylight,Traffic Control Signal,NONE DETECTED,Yes,No Apparent Injury,Improper Turn,Unknown,MD,Sport Utility Vehicle,Turning Right,30,No,2022,CHEVROLET,BLAZER,39.15070454,-77.17463642,2024,2,12
240007982,Property Damage Crash,02/21/2024 12:16:00 PM,HICKERSON DR,NA,Other,Clear,Dry,Daylight,No Controls,NONE DETECTED,No,No Apparent Injury,NA,Not Distracted,MD,Passenger Car,Moving Constant Speed,25,No,2022,TOYOTA,CAMRY,39.0422569,-77.05184545,2024,2,12
240007982,Property Damage Crash,02/21/2024 12:16:00 PM,HICKERSON DR,NA,Other,Clear,Dry,Daylight,No Controls,NONE DETECTED,No,No Apparent Injury,NA,Unknown,MD,Passenger Car,Turning Left,25,No,2008,ACURA,TL,39.0422569,-77.05184545,2024,2,12
240008476,Injury Crash,02/21/2024 11:14:00 AM,NA,NA,"Sideswipe, Opposite Direction",Clear,Dry,Daylight,Traffic Control Signal,NONE DETECTED,Yes,No Apparent Injury,NA,Not Distracted,MD,Passenger Car,Moving Constant Speed,40,No,2022,TESLA,MODEL 3,39.06687966,-77.153819,2024,2,11
240008476,Injury Crash,02/21/2024 11:14:00 AM,NA,NA,"Sideswipe, Opposite Direction",Clear,Dry,Daylight,Traffic Control Signal,NONE DETECTED,No,No Apparent Injury,NA,Not Distracted,MD,Passenger Car,Moving Constant Speed,40,No,2007,PONTIAC,VIBE,39.06687966,-77.153819,2024,2,11
240008473,Property Damage Crash,02/21/2024 11:00:00 AM,RAMP 9 FR IS 370 EB TO SHADY GROVE RD SB,NA,Single Vehicle,Clear,Dry,Daylight,No Controls,NONE DETECTED,No,No Apparent Injury,NA,Not Distracted,MD,Van - Passenger (&lt;9 Seats),Moving Constant Speed,55,No,2017,FORD,F-350,39.13053087,-77.16995747,2024,2,11
240008468,Property Damage Crash,02/21/2024 10:30:00 AM,W EDMONSTON DR,NA,Angle,Clear,Dry,Daylight,No Controls,NONE DETECTED,No,No Apparent Injury,NA,Not Distracted,MD,Passenger Car,Slowing or Stopping,25,No,2023,HONDA,ODYSSEY,39.07321938,-77.137207,2024,2,10
240008468,Property Damage Crash,02/21/2024 10:30:00 AM,W EDMONSTON DR,NA,Angle,Clear,Dry,Daylight,No Controls,NONE DETECTED,No,No Apparent Injury,NA,Not Distracted,MD,Passenger Car,Entering Traffic Lane,25,No,2019,CHRYSLER,PACIFICA,39.07321938,-77.137207,2024,2,10
240008468,Property Damage Crash,02/21/2024 10:30:00 AM,W EDMONSTON DR,NA,Angle,Clear,Dry,Daylight,No Controls,NONE DETECTED,Yes,No Apparent Injury,Failed to Yield Right-of-Way,Not Distracted,MD,Passenger Car,Entering Traffic Lane,25,No,2013,FORD,FOCUS,39.07321938,-77.137207,2024,2,10
240008463,Property Damage Crash,02/21/2024 10:15:00 AM,NEWPORT MILL RD,NA,"Sideswipe, Opposite Direction",Clear,Dry,Daylight,Stop Sign,NONE DETECTED,No,No Apparent Injury,NA,Not Distracted,MD,Pickup,Turning Left,25,No,2006,CHEVROLET,COLORADO,39.04442533,-77.065966,2024,2,10
240008463,Property Damage Crash,02/21/2024 10:15:00 AM,NEWPORT MILL RD,NA,"Sideswipe, Opposite Direction",Clear,Dry,Daylight,No Controls,NONE DETECTED,No,No Apparent Injury,NA,Not Distracted,MD,Other Trucks,Moving Constant Speed,25,No,2021,FREIGHTLINER,S-LINE,39.04442533,-77.065966,2024,2,10
240008464,Property Damage Crash,02/21/2024 09:21:00 AM,RAMP 1 FR MD 355 NB TO IS 270 WB,NA,"Sideswipe, Same Direction",Clear,Dry,Daylight,No Controls,NONE DETECTED,No,No Apparent Injury,NA,Not Distracted,MD,Sport Utility Vehicle,Moving Constant Speed,35,No,2009,MERCEDES-BENZ,ML-CLASS,39.01930753,-77.10292001,2024,2,9
240008464,Property Damage Crash,02/21/2024 09:21:00 AM,RAMP 1 FR MD 355 NB TO IS 270 WB,NA,"Sideswipe, Same Direction",Clear,Dry,Daylight,No Controls,NONE DETECTED,Yes,No Apparent Injury,NA,Not Distracted,MD,Pickup,Changing Lanes,35,No,2002,FORD,F-250,39.01930753,-77.10292001,2024,2,9
240008464,Property Damage Crash,02/21/2024 09:21:00 AM,RAMP 1 FR MD 355 NB TO IS 270 WB,NA,"Sideswipe, Same Direction",Clear,Dry,Daylight,No Controls,NONE DETECTED,No,No Apparent Injury,NA,Not Distracted,MD,Passenger Car,Moving Constant Speed,35,No,2017,HONDA,CIVIC,39.01930753,-77.10292001,2024,2,9
240008450,Injury Crash,02/21/2024 08:41:00 AM,CONNECTICUT AVE (SB/L),NA,Front to Rear,Clear,Dry,Daylight,No Controls,NONE DETECTED,Yes,No Apparent Injury,"Failed to Keep in Proper Lane, Followed Too Closely, Operated Motor Vehicle in Inattentive, Careless, Negligent, or Erratic Manner, Too Fast For Conditions",Unknown,MD,Passenger Car,Moving Constant Speed,30,No,2016,HONDA,CR-V,38.98482038,-77.07720994,2024,2,8
240008450,Injury Crash,02/21/2024 08:41:00 AM,CONNECTICUT AVE (SB/L),NA,Front to Rear,Clear,Dry,Daylight,No Controls,NONE DETECTED,No,Possible Minor Injury,NA,Not Distracted,MD,Passenger Car,Slowing or Stopping,30,No,2009,TOYOTA,COROLLA,38.98482038,-77.07720994,2024,2,8
240008450,Injury Crash,02/21/2024 08:41:00 AM,CONNECTICUT AVE (SB/L),NA,Front to Rear,Clear,Dry,Daylight,No Controls,NONE DETECTED,No,No Apparent Injury,NA,Not Distracted,MD,Passenger Car,Slowing or Stopping,30,No,2020,CHEVROLET,EQUINOX,38.98482038,-77.07720994,2024,2,8
240008450,Injury Crash,02/21/2024 08:41:00 AM,CONNECTICUT AVE (SB/L),NA,Front to Rear,Clear,Dry,Daylight,No Controls,NONE DETECTED,No,Possible Minor Injury,NA,Not Distracted,MD,Passenger Car,Slowing or Stopping,30,No,2018,NISSAN,ALTIMA,38.98482038,-77.07720994,2024,2,8
240008450,Injury Crash,02/21/2024 08:41:00 AM,CONNECTICUT AVE (SB/L),NA,Front to Rear,Clear,Dry,Daylight,No Controls,NONE DETECTED,No,No Apparent Injury,NA,Not Distracted,MD,Other,Slowing or Stopping,30,No,2021,FORD,TRANSIT,38.98482038,-77.07720994,2024,2,8
240008441,Injury Crash,02/21/2024 08:23:00 AM,NA,NA,Other,Clear,Dry,Daylight,Traffic Control Signal,NONE DETECTED,No,No Apparent Injury,Failed to Yield Right-of-Way,Unknown,MD,Passenger Car,Turning Left,35,No,2019,ACURA,MDX,39.09312403,-77.19660492,2024,2,8
240008441,Injury Crash,02/21/2024 08:23:00 AM,NA,NA,Other,Clear,Dry,Daylight,Traffic Control Signal,NONE DETECTED,No,Possible Minor Injury,NA,Not Distracted,MD,Passenger Car,Accelerating,35,No,2020,SUBARU,FORESTER,39.09312403,-77.19660492,2024,2,8
240008440,Injury Crash,02/21/2024 08:12:00 AM,DARNESTOWN RD,NA,Front to Rear,Clear,Dry,Daylight,No Controls,NONE DETECTED,No,No Apparent Injury,Followed Too Closely,Unknown,MD,Passenger Car,Moving Constant Speed,40,No,2016,VOLKSWAGEN,JETTA,39.10328196,-77.22525774,2024,2,8
240008440,Injury Crash,02/21/2024 08:12:00 AM,DARNESTOWN RD,NA,Front to Rear,Clear,Dry,Daylight,No Controls,NONE DETECTED,No,Possible Minor Injury,NA,Not Distracted,MD,Passenger Car,Slowing or Stopping,40,No,2023,TOYOTA,RAV4,39.10328196,-77.22525774,2024,2,8
240008446,Property Damage Crash,02/21/2024 08:01:00 AM,RIVER RD,NA,Front to Rear,Clear,Dry,Daylight,No Controls,NONE DETECTED,No,No Apparent Injury,NA,Not Distracted,MD,Passenger Car,Slowing or Stopping,35,No,2017,TOYOTA,CAMRY,38.98645019,-77.14396942,2024,2,8
240008446,Property Damage Crash,02/21/2024 08:01:00 AM,RIVER RD,NA,Front to Rear,Clear,Dry,Daylight,No Controls,NONE DETECTED,Yes,No Apparent Injury,Followed Too Closely,Not Distracted,VA,Passenger Car,Moving Constant Speed,35,No,2007,MAZDA,CX-3,38.98645019,-77.14396942,2024,2,8
240008436,Property Damage Crash,02/21/2024 07:44:00 AM,NA,NA,Front to Rear,Clear,Dry,Daylight,No Controls,NONE DETECTED,No,No Apparent Injury,NA,Not Distracted,MD,Passenger Car,Moving Constant Speed,25,No,2019,MERCEDES-BENZ,GLC-CLASS,38.99140667,-77.09659667,2024,2,7
240008436,Property Damage Crash,02/21/2024 07:44:00 AM,NA,NA,Front to Rear,Clear,Dry,Daylight,Stop Sign,NONE DETECTED,Yes,No Apparent Injury,Failed to Yield Right-of-Way,Unknown,MD,Passenger Car,Turning Left,25,No,2018,BMW,230I,38.99140667,-77.09659667,2024,2,7
240008435,Property Damage Crash,02/21/2024 07:24:00 AM,NEW HAMPSHIRE AVE,NA,Angle,Clear,Dry,Daylight,No Controls,NONE DETECTED,No,No Apparent Injury,NA,Not Distracted,MD,Single-Unit Truck,Moving Constant Speed,35,No,2020,KENWORTH,T800,39.01576697,-76.97767671,2024,2,7
240008435,Property Damage Crash,02/21/2024 07:24:00 AM,NEW HAMPSHIRE AVE,NA,Angle,Clear,Dry,Daylight,No Controls,NONE DETECTED,Yes,No Apparent Injury,Failed to Yield Right-of-Way,Not Distracted,MD,Passenger Car,Changing Lanes,35,No,2009,TOYOTA,COROLLA,39.01576697,-76.97767671,2024,2,7
240008505,Injury Crash,02/21/2024 07:15:00 AM,GERMANTOWN RD,NA,Single Vehicle,Clear,Ice/Frost,Medium,Traffic Control Signal,NONE DETECTED,No,Possible Minor Injury,NA,Not Distracted,MD,Motorcycle - 2 Wheeled,Turning Left,35,No,2019,HARLEY DAVIDSON,FLHTC W/FAIRING (POLICE),39.18199253,-77.2601278,2024,2,7
240008571,Property Damage Crash,02/21/2024 07:00:00 AM,HARGO ST,NA,Front to Rear,Clear,Dry,Daylight,No Controls,NONE DETECTED,No,NA,NA,NA,NA,Passenger Car,Backing,25,No,2021,KIA,SPORTAGE,39.061795,-77.072025,2024,2,7
240008571,Property Damage Crash,02/21/2024 07:00:00 AM,HARGO ST,NA,Front to Rear,Clear,Dry,Daylight,No Controls,NONE DETECTED,No,No Apparent Injury,NA,Not Distracted,MD,Passenger Car,Stopped in Traffic,25,No,2019,JAGUAR,F-PACE,39.061795,-77.072025,2024,2,7
240008432,Property Damage Crash,02/21/2024 06:20:00 AM,WOODFIELD RD (SB/L),NA,"Sideswipe, Same Direction",Clear,Dry,Medium,No Controls,NONE DETECTED,No,NA,NA,NA,NA,Sport Utility Vehicle,Overtaking/Passing,35,No,2023,DODGE,DURANGO,39.28760212,-77.20174004,2024,2,6
240008432,Property Damage Crash,02/21/2024 06:20:00 AM,WOODFIELD RD (SB/L),NA,"Sideswipe, Same Direction",Clear,Dry,Medium,No Controls,NONE DETECTED,No,No Apparent Injury,NA,Not Distracted,MD,Sport Utility Vehicle,Changing Lanes,35,No,2021,CHEVROLET,TRAVERSE,39.28760212,-77.20174004,2024,2,6
240008424,Property Damage Crash,02/21/2024 01:20:00 AM,NA,NA,Single Vehicle,Clear,Dry,Dark,No Controls,NONE DETECTED,No,No Apparent Injury,Ran Off Roadway,Not Distracted,MD,Sport Utility Vehicle,Moving Constant Speed,50,No,2019,TOYOTA,HIGHLANDER,39.12308919,-77.32412008,2024,2,1