Local Case Number,ACRS Report Type,Crash Date/Time,Road Name,Related Non-Motorist,Collision Type,Weather,Surface Condition,Light,Traffic Control,Driver Substance Abuse,Driver At Fault,Injury Severity,Circumstance,Driver Distracted By,Drivers License State,Vehicle Body Type,Vehicle Movement,Speed Limit,Driverless Vehicle,Vehicle Year,Vehicle Make,Vehicle Model,Latitude,Longitude,Year,Month,Hour
240008423,Injury Crash,02/21/2024 12:49:00 AM,ROCKVILLE PIKE,NA,Angle,Clear,Dry,Medium,Flashing Traffic Control Signal,NONE DETECTED,No,Possible Minor Injury,"Failed to Yield Right-of-Way, Other Improper Action",Not Distracted,MD,Passenger Car,Turning Left,40,No,2011,NISSAN,MAXIMA,39.05624005,-77.11901448,2024,2,0
240008423,Injury Crash,02/21/2024 12:49:00 AM,ROCKVILLE PIKE,NA,Angle,Clear,Dry,Medium,Flashing Traffic Control Signal,NONE DETECTED,No,Possible Minor Injury,NA,Not Distracted,MD,Sport Utility Vehicle,Moving Constant Speed,40,No,2015,LEXUS,RX,39.05624005,-77.11901448,2024,2,0
240008417,Injury Crash,02/20/2024 10:03:00 PM,CONNECTICUT AVE,NA,Front to Rear,Clear,Dry,Medium,Traffic Control Signal,NONE DETECTED,No,No Apparent Injury,NA,Unknown,MD,Station Wagon,Stopped in Traffic,35,No,2014,TOYOTA,RAV4,39.08362787,-77.07805353,2024,2,22
240008417,Injury Crash,02/20/2024 10:03:00 PM,CONNECTICUT AVE,NA,Front to Rear,Clear,Dry,Medium,Traffic Control Signal,NONE DETECTED,Yes,No Apparent Injury,NA,Unknown,MD,Station Wagon,Accelerating,35,No,2020,HONDA,CR-V,39.08362787,-77.07805353,2024,2,22
240008407,Injury Crash,02/20/2024 08:37:00 PM,FATHER HURLEY BLVD (NB/L),NA,Angle,Clear,Dry,Medium,Traffic Control Signal,NONE DETECTED,No,No Apparent Injury,NA,Not Distracted,MD,Passenger Car,Moving Constant Speed,45,No,2021,KIA,SORENTO,39.18398573,-77.27351915,2024,2,20
240008407,Injury Crash,02/20/2024 08:37:00 PM,FATHER HURLEY BLVD (NB/L),NA,Angle,Clear,Dry,Medium,Traffic Control Signal,NONE DETECTED,Yes,Possible Minor Injury,NA,Unknown,MD,Passenger Car,Turning Left,45,No,2014,JEEP,GRAND CHEROKEE,39.18398573,-77.27351915,2024,2,20
240008396,Property Damage Crash,02/20/2024 06:54:00 PM,13TH ST,NA,Other,Clear,Dry,Medium,Traffic Control Signal,NONE DETECTED,No,No Apparent Injury,NA,Not Distracted,DC,Passenger Car,Stopped in Traffic,30,No,2018,FORD,F-150,38.98748179,-77.02665438,2024,2,18
240008396,Property Damage Crash,02/20/2024 06:54:00 PM,13TH ST,NA,Other,Clear,Dry,Medium,Traffic Control Signal,NONE DETECTED,Yes,No Apparent Injury,NA,Not Distracted,MD,Passenger Car,Accelerating,30,No,2022,TOYOTA,COROLLA,38.98748179,-77.02665438,2024,2,18
240008396,Property Damage Crash,02/20/2024 06:54:00 PM,13TH ST,NA,Other,Clear,Dry,Medium,Traffic Control Signal,NONE DETECTED,No,No Apparent Injury,NA,NA,NA,Passenger Car,Moving Constant Speed,30,No,0,NA,NA,38.98748179,-77.02665438,2024,2,18
240008398,Property Damage Crash,02/20/2024 06:32:00 PM,GRAND PARK AVE,NA,Front to Rear,Clear,Dry,Medium,No Controls,NONE DETECTED,No,NA,NA,NA,NA,Sport Utility Vehicle,Slowing or Stopping,25,No,2021,JEEP,WRANGLER,39.04944409,-77.11697214,2024,2,18
240008398,Property Damage Crash,02/20/2024 06:32:00 PM,GRAND PARK AVE,NA,Front to Rear,Clear,Dry,Medium,No Controls,NONE DETECTED,No,No Apparent Injury,NA,Not Distracted,MD,Passenger Car,Slowing or Stopping,25,No,2019,ACURA,ILX,39.04944409,-77.11697214,2024,2,18
240008384,Injury Crash,02/20/2024 05:37:00 PM,TUCKERMAN LA (EB/L),NA,Rear To Side,Clear,Dry,Daylight,Traffic Control Signal,NONE DETECTED,No,No Apparent Injury,NA,Not Distracted,SC,Sport Utility Vehicle,Moving Constant Speed,35,No,2023,KIA,SPORTAGE,39.04066527,-77.15902692,2024,2,17
240008384,Injury Crash,02/20/2024 05:37:00 PM,TUCKERMAN LA (EB/L),NA,Rear To Side,Clear,Dry,Daylight,Traffic Control Signal,NONE DETECTED,Yes,Possible Minor Injury,Failed to Yield Right-of-Way,Not Distracted,MD,Passenger Car,Turning Left,35,No,2013,VOLKSWAGEN,PASSAT,39.04066527,-77.15902692,2024,2,17
240008379,Property Damage Crash,02/20/2024 05:14:00 PM,PINEY BRANCH RD,NA,"Sideswipe, Same Direction",Clear,Dry,Daylight,No Controls,NONE DETECTED,No,No Apparent Injury,Improper Passing,Not Distracted,MD,Van - Cargo,Parked,0,No,2023,FREIGHTLINER,SPRINTER,38.97864167,-77.01808597,2024,2,17
240008379,Property Damage Crash,02/20/2024 05:14:00 PM,PINEY BRANCH RD,NA,"Sideswipe, Same Direction",Clear,Dry,Daylight,No Controls,NONE DETECTED,Yes,No Apparent Injury,NA,Not Distracted,MD,Bus - Transit,Overtaking/Passing,35,No,2009,GILLIG,CITY TRANSIT BUS,38.97864167,-77.01808597,2024,2,17
240008357,Injury Crash,02/20/2024 03:30:00 PM,BRIGGS CHANEY RD,Pedestrian,Unknown,Clear,Dry,Daylight,Traffic Control Signal,NONE DETECTED,Yes,Possible Minor Injury,NA,Unknown,MD,Passenger Car,Turning Left,35,No,2019,HONDA,ODYSSEY,39.07707533,-76.94250183,2024,2,15
240008350,Property Damage Crash,02/20/2024 03:05:00 PM,GEORGIA AVE (SB/L),NA,Front to Rear,Clear,Dry,Daylight,No Controls,NONE DETECTED,No,No Apparent Injury,NA,Not Distracted,DE,Sport Utility Vehicle,Slowing or Stopping,40,No,2022,FORD,EXPLORER,39.12830564,-77.07171124,2024,2,15
240008350,Property Damage Crash,02/20/2024 03:05:00 PM,GEORGIA AVE (SB/L),NA,Front to Rear,Clear,Dry,Daylight,No Controls,NONE DETECTED,Yes,No Apparent Injury,"Operated Motor Vehicle in Inattentive, Careless, Negligent, or Erratic Manner","Other Action (looking away from task, etc.)",MD,Station Wagon,Slowing or Stopping,40,No,2013,SUBARU,OUTBACK,39.12830564,-77.07171124,2024,2,15
240008354,Property Damage Crash,02/20/2024 02:58:00 PM,WISTERIA DR,NA,Angle,Clear,Dry,Daylight,No Controls,NONE DETECTED,No,No Apparent Injury,NA,Unknown,MD,Passenger Car,Turning Left,25,No,2020,TOYOTA,CAMRY,39.18192991,-77.27691197,2024,2,14
240008354,Property Damage Crash,02/20/2024 02:58:00 PM,WISTERIA DR,NA,Angle,Clear,Dry,Daylight,No Controls,NONE DETECTED,No,No Apparent Injury,NA,Not Distracted,MD,Passenger Car,Moving Constant Speed,25,No,2013,TOYOTA,PRIUS C,39.18192991,-77.27691197,2024,2,14
240008353,Property Damage Crash,02/20/2024 02:50:00 PM,NA,NA,Front to Rear,Clear,NA,Daylight,No Controls,NONE DETECTED,Yes,No Apparent Injury,NA,"Other Action (looking away from task, etc.)",MD,Bus - School,Backing,5,No,2015,THOMAS BUILT,SCHOOL BUS,39.05797901,-77.0045336,2024,2,14
240008353,Property Damage Crash,02/20/2024 02:50:00 PM,NA,NA,Front to Rear,Clear,NA,Daylight,NA,NONE DETECTED,No,No Apparent Injury,NA,Not Distracted,MD,Bus - School,Parked,0,No,2012,THOMAS BUILT,SCHOOL BUS,39.05797901,-77.0045336,2024,2,14
240008365,Property Damage Crash,02/20/2024 02:10:00 PM,NA,NA,Front to Front,Clear,NA,Daylight,NA,NONE DETECTED,No,No Apparent Injury,"Failed to Keep in Proper Lane, Operated Motor Vehicle in Inattentive, Careless, Negligent, or Erratic Manner",Not Distracted,MD,Passenger Car,Moving Constant Speed,0,No,2015,TOYOTA,PRIUS,39.09610035,-77.2071487,2024,2,14
240008317,Property Damage Crash,02/20/2024 12:30:00 PM,GOSHEN RD,NA,Front to Rear,Clear,Dry,Daylight,Traffic Control Signal,NONE DETECTED,No,No Apparent Injury,NA,Not Distracted,MD,Passenger Car,Stopped in Traffic,40,No,2022,MAZDA,CX-5,39.16967901,-77.19054007,2024,2,12
240008317,Property Damage Crash,02/20/2024 12:30:00 PM,GOSHEN RD,NA,Front to Rear,Clear,Dry,Daylight,Traffic Control Signal,NONE DETECTED,No,No Apparent Injury,NA,Not Distracted,MD,Passenger Car,Moving Constant Speed,40,No,2020,TOYOTA,4-RUNNER,39.16967901,-77.19054007,2024,2,12
240008317,Property Damage Crash,02/20/2024 12:30:00 PM,GOSHEN RD,NA,Front to Rear,Clear,Dry,Daylight,Traffic Control Signal,NONE DETECTED,Yes,No Apparent Injury,NA,Not Distracted,MD,Passenger Car,Moving Constant Speed,35,No,2013,TOYOTA,SIENNA,39.16967901,-77.19054007,2024,2,12
240008317,Property Damage Crash,02/20/2024 12:30:00 PM,GOSHEN RD,NA,Front to Rear,Clear,Dry,Daylight,Traffic Control Signal,NONE DETECTED,No,No Apparent Injury,NA,Not Distracted,MD,Passenger Car,Slowing or Stopping,40,No,2020,NISSAN,SENTRA,39.16967901,-77.19054007,2024,2,12
240008315,Property Damage Crash,02/20/2024 12:22:00 PM,UNIVERSITY BLVD W,NA,"Sideswipe, Same Direction",Clear,Dry,Daylight,No Controls,NONE DETECTED,Yes,No Apparent Injury,NA,Not Distracted,MD,Passenger Car,Changing Lanes,35,No,2007,NISSAN,ALTIMA,39.02050896,-77.0141756,2024,2,12
240008315,Property Damage Crash,02/20/2024 12:22:00 PM,UNIVERSITY BLVD W,NA,"Sideswipe, Same Direction",Clear,Dry,Daylight,No Controls,NONE DETECTED,No,No Apparent Injury,NA,Not Distracted,NA,Pickup,NA,35,No,2021,CHEVROLET,SILVERADO,39.02050896,-77.0141756,2024,2,12
240008300,Property Damage Crash,02/20/2024 11:15:00 AM,WISCONSIN AVE (SB/L),NA,Front to Rear,Clear,Dry,Daylight,No Controls,NONE DETECTED,No,No Apparent Injury,NA,Not Distracted,MS,Sport Utility Vehicle,Slowing or Stopping,35,No,2019,ACURA,MDX,38.9650235,-77.08792914,2024,2,11
240008300,Property Damage Crash,02/20/2024 11:15:00 AM,WISCONSIN AVE (SB/L),NA,Front to Rear,Clear,Dry,Daylight,No Controls,NONE DETECTED,Yes,No Apparent Injury,NA,Not Distracted,MD,Van - Passenger (&lt;9 Seats),Slowing or Stopping,35,No,2023,RAM,1500,38.9650235,-77.08792914,2024,2,11
240008300,Property Damage Crash,02/20/2024 11:15:00 AM,WISCONSIN AVE (SB/L),NA,Front to Rear,Clear,Dry,Daylight,No Controls,NONE DETECTED,No,No Apparent Injury,NA,Not Distracted,MD,Passenger Car,Slowing or Stopping,35,No,2011,BMW,328I,38.9650235,-77.08792914,2024,2,11
24000304,Property Damage Crash,02/20/2024 11:05:00 AM,UNIVERSITY BLVD W (WB/L),NA,Front to Rear,Clear,Dry,Daylight,Traffic Control Signal,NONE DETECTED,No,No Apparent Injury,NA,Unknown,MD,Passenger Car,Accelerating,35,No,2017,TOYOTA,PRIUS,39.02040044,-77.01280226,2024,2,11
24000304,Property Damage Crash,02/20/2024 11:05:00 AM,UNIVERSITY BLVD W (WB/L),NA,Front to Rear,Clear,Dry,Daylight,Traffic Control Signal,NONE DETECTED,No,No Apparent Injury,NA,Unknown,MD,Sport Utility Vehicle,Changing Lanes,35,No,2020,FORD,EXPLORER,39.02040044,-77.01280226,2024,2,11
240009470,Property Damage Crash,02/20/2024 10:40:00 AM,ARCHDALE RD,NA,Other,Clear,Dry,Daylight,No Controls,NONE DETECTED,No,No Apparent Injury,NA,Not Distracted,MD,Sport Utility Vehicle,Parked,0,No,2011,GMC,TERRAIN,39.17252804,-77.24292192,2024,2,10
240009470,Property Damage Crash,02/20/2024 10:40:00 AM,ARCHDALE RD,NA,Other,Clear,Dry,Daylight,No Controls,NONE DETECTED,No,No Apparent Injury,Improper Backing,Not Distracted,MD,Passenger Car,Backing,5,No,2014,CHEVROLET,MALIBU,39.17252804,-77.24292192,2024,2,10
240008267,Property Damage Crash,02/20/2024 09:32:00 AM,FIRST ST (WB/L),NA,Front to Rear,Clear,Dry,Daylight,No Controls,NONE DETECTED,No,No Apparent Injury,NA,Not Distracted,MD,Passenger Car,Slowing or Stopping,40,No,2013,TOYOTA,CAMRY,39.08233149,-77.13713031,2024,2,9
240008267,Property Damage Crash,02/20/2024 09:32:00 AM,FIRST ST (WB/L),NA,Front to Rear,Clear,Dry,Daylight,No Controls,NONE DETECTED,Yes,No Apparent Injury,NA,Not Distracted,MD,Passenger Car,Slowing or Stopping,40,No,2017,HYUNDAI,ELANTRA,39.08233149,-77.13713031,2024,2,9
240008260,Injury Crash,02/20/2024 08:55:00 AM,UNIVERSITY BLVD W (WB/L),NA,Single Vehicle,Clear,Dry,Daylight,No Controls,NONE DETECTED,Yes,Possible Minor Injury,NA,Not Distracted,MD,Pickup,Accelerating,35,No,2017,FORD,F-150,39.02164463,-77.01485773,2024,2,8
240008259,Property Damage Crash,02/20/2024 08:30:00 AM,ASHTON RD,NA,Front to Rear,Clear,Dry,Daylight,No Controls,NONE DETECTED,No,No Apparent Injury,NA,Not Distracted,MD,Passenger Car,Slowing or Stopping,35,No,2023,VOLKSWAGEN,TIGUAN,39.15921232,-76.9911541,2024,2,8
240008259,Property Damage Crash,02/20/2024 08:30:00 AM,ASHTON RD,NA,Front to Rear,Clear,Dry,Daylight,No Controls,NONE DETECTED,Yes,No Apparent Injury,NA,Not Distracted,MD,Passenger Car,Slowing or Stopping,35,No,2016,CHEVROLET,SILVERADO,39.15921232,-76.9911541,2024,2,8
240008259,Property Damage Crash,02/20/2024 08:30:00 AM,ASHTON RD,NA,Front to Rear,Clear,Dry,Daylight,No Controls,NONE DETECTED,Yes,No Apparent Injury,NA,Unknown,MD,Passenger Car,Slowing or Stopping,35,No,2023,HONDA,CIVIC,39.15921232,-76.9911541,2024,2,8
240008252,Injury Crash,02/20/2024 07:52:00 AM,NORBECK RD (WB/L),NA,Single Vehicle,Clear,Dry,Daylight,Traffic Control Signal,NONE DETECTED,Yes,Possible Minor Injury,"Over-Correcting/Over-Steering, Swerved or Avoided Due to Wind, Slippery Surface, Motor Vehicle, Object, Non-Motorist in Roadway, etc",Not Distracted,MD,Motorcycle - 2 Wheeled,Changing Lanes,40,No,2023,KAWASAKI,NINJA 650,39.10929868,-77.07933762,2024,2,7
240008248,Injury Crash,02/20/2024 07:30:00 AM,QUINCE ORCHARD RD,NA,Front to Rear,Clear,Dry,Daylight,Traffic Control Signal,NONE DETECTED,No,Possible Minor Injury,NA,Unknown,MD,Passenger Car,Slowing or Stopping,35,No,2007,TOYOTA,YARIS,39.14290972,-77.220819,2024,2,7
240008248,Injury Crash,02/20/2024 07:30:00 AM,QUINCE ORCHARD RD,NA,Front to Rear,Clear,Dry,Daylight,Traffic Control Signal,NONE DETECTED,No,No Apparent Injury,NA,Unknown,MD,Passenger Car,Moving Constant Speed,35,No,2015,VOLKSWAGEN,PASSAT,39.14290972,-77.220819,2024,2,7
240008247,Property Damage Crash,02/20/2024 07:18:00 AM,NEEDWOOD RD,NA,"Sideswipe, Same Direction",Clear,Dry,Daylight,Traffic Control Signal,NONE DETECTED,No,No Apparent Injury,NA,Not Distracted,MD,Bus - School,Accelerating,30,No,2020,THOMAS BUILT,SCHOOL BUS,39.12415768,-77.1548125,2024,2,7
240008247,Property Damage Crash,02/20/2024 07:18:00 AM,NEEDWOOD RD,NA,"Sideswipe, Same Direction",Clear,Dry,Daylight,Traffic Control Signal,NONE DETECTED,No,No Apparent Injury,Failed to Keep in Proper Lane,Unknown,MD,Passenger Car,Negotiating a Curve,30,No,2017,MAZDA,MAZDA6,39.12415768,-77.1548125,2024,2,7
240008243,Property Damage Crash,02/20/2024 06:55:00 AM,SHOREFIELD RD,NA,"Sideswipe, Same Direction",Clear,Dry,Daylight,No Controls,NONE DETECTED,No,No Apparent Injury,Disregarded Other Road Markings,Not Distracted,MD,Passenger Car,Stopped in Traffic,25,No,2014,NISSAN,VERSA,39.05292215,-77.04494445,2024,2,6
240008243,Property Damage Crash,02/20/2024 06:55:00 AM,SHOREFIELD RD,NA,"Sideswipe, Same Direction",Clear,Dry,Daylight,No Controls,NONE DETECTED,Yes,No Apparent Injury,NA,Not Distracted,MD,Bus - School,Moving Constant Speed,25,No,2022,THOMAS BUILT,SCHOOL BUS,39.05292215,-77.04494445,2024,2,6
240008255,Property Damage Crash,02/20/2024 02:30:00 AM,NA,NA,Front to Rear,Clear,Dry,Dark,No Controls,ALCOHOL PRESENT,Yes,No Apparent Injury,"Failed to Keep in Proper Lane, Operated Motor Vehicle in Inattentive, Careless, Negligent, or Erratic Manner, Ran Off Roadway, Too Fast For Conditions",Unknown,MD,Sport Utility Vehicle,NA,20,No,2012,MITSUBISHI,OUTLANDER,39.17597049,-77.24203998,2024,2,2
240008233,Injury Crash,02/20/2024 12:14:00 AM,NA,Pedestrian,Single Vehicle,Clear,NA,Medium,NA,NONE DETECTED,No,No Apparent Injury,NA,Not Distracted,MD,Other,Backing,0,No,2021,RAM,4500,39.08240035,-76.94295242,2024,2,0
240008214,Property Damage Crash,02/19/2024 08:11:00 PM,VEIRS MILL RD (WB/L),NA,"Sideswipe, Same Direction",Clear,Dry,Medium,No Controls,NONE DETECTED,No,No Apparent Injury,NA,Not Distracted,MD,Pickup,Moving Constant Speed,35,No,2018,RAM,1500,39.05306674,-77.07687919,2024,2,20
240008215,Injury Crash,02/19/2024 08:11:00 PM,HAVARD ST,NA,Rear To Side,Clear,Dry,Dark,No Controls,NONE DETECTED,No,No Apparent Injury,NA,Not Distracted,MD,Passenger Car,Moving Constant Speed,35,No,2013,FORD,MUSTANG,39.05836067,-77.08618117,2024,2,20
240008214,Property Damage Crash,02/19/2024 08:11:00 PM,VEIRS MILL RD (WB/L),NA,"Sideswipe, Same Direction",Clear,Dry,Medium,No Controls,NONE DETECTED,No,No Apparent Injury,NA,Unknown,NA,Passenger Car,Changing Lanes,35,No,2020,HONDA,CIVIC,39.05306674,-77.07687919,2024,2,20
240008215,Injury Crash,02/19/2024 08:11:00 PM,HAVARD ST,NA,Rear To Side,Clear,Dry,Dark,No Controls,NONE DETECTED,Yes,No Apparent Injury,"Failed to Keep in Proper Lane, Improper Turn, Operated Motor Vehicle in Inattentive, Careless, Negligent, or Erratic Manner, Other Improper Action",Not Distracted,NA,Passenger Car,Turning Right,35,No,2020,HONDA,CIVIC,39.05836067,-77.08618117,2024,2,20
240008178,Property Damage Crash,02/19/2024 04:25:00 PM,DALE DR,NA,Single Vehicle,Clear,Dry,Daylight,No Controls,NONE DETECTED,No,No Apparent Injury,NA,"Other Action (looking away from task, etc.)",MD,Sport Utility Vehicle,Moving Constant Speed,25,No,2023,CHEVROLET,VOLT,38.99645571,-77.01405433,2024,2,16
240008174,Property Damage Crash,02/19/2024 04:13:00 PM,NA,Cyclist (Electric),Single Vehicle,Clear,Dry,Daylight,No Controls,NONE DETECTED,Yes,No Apparent Injury,NA,Not Distracted,VA,Passenger Car,Turning Right,25,No,2023,HYUNDAI,ELANTRA,39.09016879,-77.1537381,2024,2,16
240008177,Property Damage Crash,02/19/2024 04:01:00 PM,NA,NA,"Sideswipe, Opposite Direction",Clear,Dry,Daylight,No Controls,NONE DETECTED,No,No Apparent Injury,NA,Not Distracted,MD,Van - Cargo,Moving Constant Speed,40,No,2011,FORD,E-350,39.18922359,-77.34083751,2024,2,16
240008177,Property Damage Crash,02/19/2024 04:01:00 PM,NA,NA,"Sideswipe, Opposite Direction",Clear,Dry,Daylight,No Controls,NONE DETECTED,No,No Apparent Injury,NA,Not Distracted,MD,Pickup,Moving Constant Speed,40,No,2017,RAM,3500,39.18922359,-77.34083751,2024,2,16
240008172,Injury Crash,02/19/2024 03:56:00 PM,NA,Pedestrian,Single Vehicle,Clear,Dry,Daylight,No Controls,NONE DETECTED,Yes,No Apparent Injury,"Failed to Yield Right-of-Way, Operated Motor Vehicle in Inattentive, Careless, Negligent, or Erratic Manner","Other Action (looking away from task, etc.)",MD,Sport Utility Vehicle,Turning Right,5,No,2020,MERCEDES-BENZ,GLA-CLASS,39.05483341,-77.11595507,2024,2,15
240008181,Property Damage Crash,02/19/2024 03:51:00 PM,RANDOLPH RD,NA,"Sideswipe, Same Direction",Clear,Dry,Daylight,No Controls,NONE DETECTED,No,No Apparent Injury,NA,Unknown,MD,Sport Utility Vehicle,NA,35,No,2016,MERCEDES-BENZ,GLE-CLASS,39.05355867,-77.10717833,2024,2,15
240008181,Property Damage Crash,02/19/2024 03:51:00 PM,RANDOLPH RD,NA,"Sideswipe, Same Direction",Clear,Dry,Daylight,No Controls,NONE DETECTED,No,No Apparent Injury,NA,Unknown,MD,Passenger Car,NA,35,No,2007,CHEVROLET,MALIBU,39.05355867,-77.10717833,2024,2,15
240008157,Injury Crash,02/19/2024 02:46:00 PM,SHADY GROVE RD (SB/L),NA,Front to Rear,Clear,Dry,Daylight,Traffic Control Signal,NONE DETECTED,Yes,No Apparent Injury,"Disregarded Other Road Markings, Followed Too Closely, Too Fast For Conditions",Not Distracted,MD,Passenger Car,Slowing or Stopping,40,No,2015,NISSAN,ALTIMA,39.10788419,-77.1895265,2024,2,14
240008157,Injury Crash,02/19/2024 02:46:00 PM,SHADY GROVE RD (SB/L),NA,Front to Rear,Clear,Dry,Daylight,Traffic Control Signal,NONE DETECTED,No,No Apparent Injury,NA,Not Distracted,MD,Passenger Car,Slowing or Stopping,40,No,2016,NISSAN,ALTIMA,39.10788419,-77.1895265,2024,2,14
240008138,Injury Crash,02/19/2024 01:26:00 PM,BRIGHTON DAM RD,NA,Single Vehicle,Clear,Dry,Daylight,No Controls,DRUG PRESENT,No,Suspected Serious Injury,"Failed to Keep in Proper Lane, Ran Off Roadway",Unknown,MD,Passenger Car,Moving Constant Speed,30,No,2003,CHEVROLET,TRAILBLAZER,39.1908107,-77.00856564,2024,2,13
240008136,Property Damage Crash,02/19/2024 12:58:00 PM,NA,NA,Front to Front,Clear,NA,Daylight,NA,NONE DETECTED,No,NA,NA,NA,NA,Passenger Car,Turning Left,0,No,2016,MERCEDES-BENZ,C-CLASS,39.1053925,-77.19344613,2024,2,12
240008123,Property Damage Crash,02/19/2024 11:29:00 AM,GERMANTOWN RD (SB/L),NA,Angle,Clear,Dry,Daylight,Traffic Control Signal,NONE DETECTED,No,No Apparent Injury,NA,Not Distracted,MD,Passenger Car,Moving Constant Speed,30,No,2013,FORD,FUSION,39.16288321,-77.28309531,2024,2,11
240008123,Property Damage Crash,02/19/2024 11:29:00 AM,GERMANTOWN RD (SB/L),NA,Angle,Clear,Dry,Daylight,Traffic Control Signal,NONE DETECTED,Yes,No Apparent Injury,Failed to Yield Right-of-Way,Unknown,MD,Passenger Car,Turning Left,30,No,2012,TOYOTA,CAMRY,39.16288321,-77.28309531,2024,2,11
240008116,Property Damage Crash,02/19/2024 11:00:00 AM,NA,NA,Angle,Clear,Dry,Daylight,Stop Sign,NONE DETECTED,No,No Apparent Injury,NA,Unknown,MD,Passenger Car,Turning Left,35,No,2011,TOYOTA,CAMRY,39.1762007,-77.18956705,2024,2,11
240008116,Property Damage Crash,02/19/2024 11:00:00 AM,NA,NA,Angle,Clear,Dry,Daylight,No Controls,NONE DETECTED,No,No Apparent Injury,NA,Not Distracted,MD,Bus - Transit,Entering Traffic Lane,35,No,2016,GILLIG,CITY TRANSIT BUS,39.1762007,-77.18956705,2024,2,11
240008110,Injury Crash,02/19/2024 10:35:00 AM,AUBURN AVE,NA,Front to Rear,Clear,Dry,Daylight,Traffic Control Signal,NONE DETECTED,No,Possible Minor Injury,NA,Not Distracted,MD,Pickup,Moving Constant Speed,35,No,2007,CHEVROLET,AVALANCHE,38.9758221,-76.99380724,2024,2,10
240008110,Injury Crash,02/19/2024 10:35:00 AM,AUBURN AVE,NA,Front to Rear,Clear,Dry,Daylight,Traffic Control Signal,NONE DETECTED,No,Possible Minor Injury,NA,Unknown,MD,Passenger Car,Moving Constant Speed,35,No,2023,TOYOTA,CAMRY,38.9758221,-76.99380724,2024,2,10
240008086,Property Damage Crash,02/19/2024 06:58:00 AM,GLENBROOK RD,NA,"Sideswipe, Opposite Direction",Clear,Dry,Daylight,No Controls,NONE DETECTED,No,No Apparent Injury,NA,Not Distracted,MD,Passenger Car,Stopped in Traffic,25,No,2019,NISSAN,370Z,38.9897947,-77.10111402,2024,2,6
240008086,Property Damage Crash,02/19/2024 06:58:00 AM,GLENBROOK RD,NA,"Sideswipe, Opposite Direction",Clear,Dry,Daylight,No Controls,NONE DETECTED,Yes,No Apparent Injury,Improper Backing,Unknown,VA,Pickup,Backing,25,No,2017,FORD,F-150,38.9897947,-77.10111402,2024,2,6
240008082,Property Damage Crash,02/19/2024 06:00:00 AM,BEL PRE RD,NA,Angle,Clear,Dry,Dark,Traffic Control Signal,NONE DETECTED,No,No Apparent Injury,NA,Not Distracted,MD,Passenger Car,Moving Constant Speed,35,No,2016,TOYOTA,COROLLA,39.0932475,-77.07948983,2024,2,6
240008082,Property Damage Crash,02/19/2024 06:00:00 AM,BEL PRE RD,NA,Angle,Clear,Dry,Dark,Traffic Control Signal,NONE DETECTED,Yes,No Apparent Injury,NA,Unknown,MD,Passenger Car,Turning Left,35,No,2018,HONDA,ACCORD,39.0932475,-77.07948983,2024,2,6
240008059,Injury Crash,02/18/2024 10:08:00 PM,EAST WEST HWY (WB/L),NA,Angle,Clear,Dry,Medium,Traffic Control Signal,NONE DETECTED,Yes,Possible Minor Injury,NA,Unknown,MD,Sport Utility Vehicle,Turning Left,35,No,2017,TOYOTA,HIGHLANDER,38.99462339,-77.03626351,2024,2,22
240008059,Injury Crash,02/18/2024 10:08:00 PM,EAST WEST HWY (WB/L),NA,Angle,Clear,Dry,Medium,Traffic Control Signal,NONE DETECTED,No,Possible Minor Injury,NA,Not Distracted,DE,Sport Utility Vehicle,Moving Constant Speed,35,No,2021,CHEVROLET,TRAILBLAZER,38.99462339,-77.03626351,2024,2,22