Local Case Number,ACRS Report Type,Crash Date/Time,Road Name,Related Non-Motorist,Collision Type,Weather,Surface Condition,Light,Traffic Control,Driver Substance Abuse,Driver At Fault,Injury Severity,Circumstance,Driver Distracted By,Drivers License State,Vehicle Body Type,Vehicle Movement,Speed Limit,Driverless Vehicle,Vehicle Year,Vehicle Make,Vehicle Model,Latitude,Longitude,Year,Month,Hour
240008059,Injury Crash,02/18/2024 10:08:00 PM,EAST WEST HWY (WB/L),NA,Angle,Clear,Dry,Medium,Traffic Control Signal,NONE DETECTED,No,No Apparent Injury,NA,Not Distracted,MD,Passenger Car,Moving Constant Speed,35,No,2018,ALFA ROMEO,GIULIA (952),38.99462339,-77.03626351,2024,2,22
240008053,Injury Crash,02/18/2024 08:57:00 PM,NA,NA,Front to Front,Clear,Dry,Medium,No Controls,ALCOHOL PRESENT,Yes,No Apparent Injury,"Failed to Keep in Proper Lane, Operated Motor Vehicle in Inattentive, Careless, Negligent, or Erratic Manner, Other Improper Action, Wrong Side","Other Action (looking away from task, etc.)",MD,Passenger Car,Moving Constant Speed,35,No,2004,NISSAN,XTERRA,39.16910396,-77.20942667,2024,2,20
240008053,Injury Crash,02/18/2024 08:57:00 PM,NA,NA,Front to Front,Clear,Dry,Medium,No Controls,NONE DETECTED,No,Possible Minor Injury,NA,Not Distracted,MD,Passenger Car,Moving Constant Speed,35,No,2017,FORD,TAURUS,39.16910396,-77.20942667,2024,2,20
240008039,Injury Crash,02/18/2024 06:44:00 PM,CHERRY HILL RD,NA,Other,Clear,Dry,Medium,No Controls,NONE DETECTED,No,No Apparent Injury,NA,Not Distracted,MD,Passenger Car,Moving Constant Speed,40,No,2022,TOYOTA,RAV4,39.05540033,-76.954027,2024,2,18
240008039,Injury Crash,02/18/2024 06:44:00 PM,CHERRY HILL RD,NA,Other,Clear,Dry,Medium,No Controls,NONE DETECTED,No,Suspected Serious Injury,NA,Not Distracted,MD,Passenger Car,Moving Constant Speed,40,No,2018,FORD,EDGE,39.05540033,-76.954027,2024,2,18
240008039,Injury Crash,02/18/2024 06:44:00 PM,CHERRY HILL RD,NA,Other,Clear,Dry,Medium,No Controls,DRUG AND ALCOHOL CONTRIBUTED,Yes,Possible Minor Injury,NA,Unknown,MD,Other Trucks,Entering Traffic Lane,40,No,2003,FORD,F-350,39.05540033,-76.954027,2024,2,18
240008039,Injury Crash,02/18/2024 06:44:00 PM,CHERRY HILL RD,NA,Other,Clear,Dry,Medium,No Controls,NONE DETECTED,No,No Apparent Injury,NA,Not Distracted,MD,Passenger Car,Moving Constant Speed,40,No,2022,TESLA,MODEL Y,39.05540033,-76.954027,2024,2,18
240008039,Injury Crash,02/18/2024 06:44:00 PM,CHERRY HILL RD,NA,Other,Clear,Dry,Medium,No Controls,NONE DETECTED,No,No Apparent Injury,NA,Not Distracted,MD,Passenger Car,Moving Constant Speed,40,No,2023,TOYOTA,RAV4,39.05540033,-76.954027,2024,2,18
240008028,Property Damage Crash,02/18/2024 05:44:00 PM,NA,NA,Angle,Clear,Dry,Medium,No Controls,NONE DETECTED,No,No Apparent Injury,NA,Not Distracted,MD,Passenger Car,Making U-Turn,30,No,2017,TOYOTA,PRIUS,38.98182588,-77.01593006,2024,2,17
240008028,Property Damage Crash,02/18/2024 05:44:00 PM,NA,NA,Angle,Clear,Dry,Medium,No Controls,NONE DETECTED,No,NA,NA,NA,NA,Passenger Car,Moving Constant Speed,30,No,0,NA,NA,38.98182588,-77.01593006,2024,2,17
240008013,Injury Crash,02/18/2024 03:25:00 PM,GEORGIA AVE,NA,Front to Rear,Clear,Dry,Daylight,No Controls,NONE DETECTED,Yes,No Apparent Injury,NA,Not Distracted,DC,Passenger Car,Moving Constant Speed,45,No,2014,TOYOTA,CAMRY,39.06111454,-77.05199784,2024,2,15
240008013,Injury Crash,02/18/2024 03:25:00 PM,GEORGIA AVE,NA,Front to Rear,Clear,Dry,Daylight,No Controls,NONE DETECTED,No,Suspected Serious Injury,NA,Not Distracted,MD,Motorcycle - 2 Wheeled,Slowing or Stopping,45,No,2020,HARLEY DAVIDSON,XL883N / IRON 883,39.06111454,-77.05199784,2024,2,15
240008012,Injury Crash,02/18/2024 02:44:00 PM,ZION RD,NA,Front to Front,Clear,Dry,Daylight,No Controls,NONE DETECTED,No,Possible Minor Injury,NA,Not Distracted,MD,Passenger Car,Moving Constant Speed,40,No,2019,HYUNDAI,ELANTRA,39.20088917,-77.09843267,2024,2,14
240008012,Injury Crash,02/18/2024 02:44:00 PM,ZION RD,NA,Front to Front,Clear,Dry,Daylight,No Controls,NONE DETECTED,Yes,No Apparent Injury,Failed to Yield Right-of-Way,Not Distracted,MD,Passenger Car,Turning Left,40,No,2011,HONDA,ACCORD,39.20088917,-77.09843267,2024,2,14
240008004,Property Damage Crash,02/18/2024 02:30:00 PM,QUINCE ORCHARD RD,NA,Front to Rear,Clear,Dry,Daylight,No Controls,NONE DETECTED,No,No Apparent Injury,NA,Not Distracted,MD,Passenger Car,Slowing or Stopping,40,No,2018,CHRYSLER,PACIFICA,39.1402385,-77.22165367,2024,2,14
240008004,Property Damage Crash,02/18/2024 02:30:00 PM,QUINCE ORCHARD RD,NA,Front to Rear,Clear,Dry,Daylight,No Controls,NONE DETECTED,No,No Apparent Injury,"Followed Too Closely, Too Fast For Conditions",Not Distracted,MD,Passenger Car,Slowing or Stopping,40,No,2017,MERCEDES-BENZ,C-CLASS,39.1402385,-77.22165367,2024,2,14
240008003,Property Damage Crash,02/18/2024 02:01:00 PM,PINNACLE DR,NA,Angle,Clear,Dry,Daylight,No Controls,NONE DETECTED,Yes,No Apparent Injury,Failed to Yield Right-of-Way,Not Distracted,CO,Sport Utility Vehicle,Entering Traffic Lane,20,No,2013,FORD,EDGE,39.18116965,-77.26412675,2024,2,14
240008003,Property Damage Crash,02/18/2024 02:01:00 PM,PINNACLE DR,NA,Angle,Clear,Dry,Daylight,No Controls,NONE DETECTED,No,No Apparent Injury,NA,Not Distracted,MD,Sport Utility Vehicle,Moving Constant Speed,20,No,2012,NISSAN,MURANO,39.18116965,-77.26412675,2024,2,14
240008002,Property Damage Crash,02/18/2024 01:30:00 PM,NA,NA,Front to Rear,Clear,Dry,Daylight,No Controls,NONE DETECTED,No,No Apparent Injury,NA,Not Distracted,MD,Passenger Car,Moving Constant Speed,40,No,2021,AUDI,A4,39.11058645,-76.93383396,2024,2,13
240008002,Property Damage Crash,02/18/2024 01:30:00 PM,NA,NA,Front to Rear,Clear,Dry,Daylight,No Controls,NONE DETECTED,No,NA,NA,NA,NA,Passenger Car,Entering Traffic Lane,40,No,2019,TOYOTA,CAMRY,39.11058645,-76.93383396,2024,2,13
240007992,Property Damage Crash,02/18/2024 12:57:00 PM,ARCTIC AVE,NA,Front to Rear,Clear,Dry,Daylight,No Controls,NONE DETECTED,Yes,No Apparent Injury,Other Improper Action,Not Distracted,MD,Passenger Car,Entering Traffic Lane,25,No,2019,CHEVROLET,TRAVERSE,39.07606947,-77.09926484,2024,2,12
240007992,Property Damage Crash,02/18/2024 12:57:00 PM,ARCTIC AVE,NA,Front to Rear,Clear,Dry,Daylight,No Controls,NONE DETECTED,No,No Apparent Injury,NA,Not Distracted,MD,Passenger Car,Overtaking/Passing,25,No,2020,MAZDA,CX-30,39.07606947,-77.09926484,2024,2,12
240007990,Property Damage Crash,02/18/2024 11:58:00 AM,RAMP 5 FR RAMP 11 (FR IS495) TO MD 190,NA,Single Vehicle,Clear,Dry,Daylight,No Controls,DRUG PRESENT,Yes,No Apparent Injury,NA,Unknown,MD,Sport Utility Vehicle,Moving Constant Speed,35,No,2020,MITSUBISHI,OUTLANDER,38.99008925,-77.15840679,2024,2,11
240007977,Property Damage Crash,02/18/2024 11:26:00 AM,CONNECTICUT AVE,NA,Front to Rear,Clear,Dry,Daylight,Traffic Control Signal,NONE DETECTED,No,No Apparent Injury,NA,Not Distracted,MD,Passenger Car,Turning Right,35,No,2020,JEEP,GRAND CHEROKEE,39.08375354,-77.07763129,2024,2,11
240007977,Property Damage Crash,02/18/2024 11:26:00 AM,CONNECTICUT AVE,NA,Front to Rear,Clear,Dry,Daylight,Traffic Control Signal,NONE DETECTED,Yes,No Apparent Injury,NA,Unknown,MD,Passenger Car,Turning Left,35,No,2018,RAM,PROMASTER 2500,39.08375354,-77.07763129,2024,2,11
240007969,Injury Crash,02/18/2024 11:01:00 AM,AVERY RD,NA,Angle,Clear,Dry,Daylight,Stop Sign,NONE DETECTED,Yes,No Apparent Injury,NA,Not Distracted,MD,Passenger Car,Accelerating,25,No,2019,VOLKSWAGEN,JETTA GLI,39.10670358,-77.12092386,2024,2,11
240007969,Injury Crash,02/18/2024 11:01:00 AM,AVERY RD,NA,Angle,Clear,Dry,Daylight,No Controls,NONE DETECTED,No,Possible Minor Injury,NA,Not Distracted,DC,Passenger Car,Moving Constant Speed,30,No,2003,ACURA,TLX,39.10670358,-77.12092386,2024,2,11
240007953,Property Damage Crash,02/18/2024 08:50:00 AM,CASTLE BLVD,NA,Front to Rear,Clear,Dry,Daylight,No Controls,NONE DETECTED,Yes,No Apparent Injury,Ran Off Roadway,"Other Action (looking away from task, etc.)",MD,Passenger Car,Moving Constant Speed,30,No,2014,HONDA,ACCORD,39.08358933,-76.94176117,2024,2,8
240007943,Injury Crash,02/18/2024 07:04:00 AM,LEAFY AVE,NA,Front to Front,Clear,Dry,Daylight,Stop Sign,NONE DETECTED,No,No Apparent Injury,NA,Not Distracted,MD,Passenger Car,Turning Right,25,No,2013,HYUNDAI,ELANTRA,39.02134201,-77.05814679,2024,2,7
240007943,Injury Crash,02/18/2024 07:04:00 AM,LEAFY AVE,NA,Front to Front,Clear,Dry,Daylight,No Controls,NONE DETECTED,No,Possible Minor Injury,NA,Not Distracted,MD,Passenger Car,Stopped in Traffic,25,No,2015,NISSAN,VERSA,39.02134201,-77.05814679,2024,2,7
240007940,Injury Crash,02/18/2024 04:41:00 AM,OLD BRIDGE RD (NB/L),NA,Single Vehicle,Clear,Dry,Medium,Stop Sign,NONE DETECTED,No,Possible Minor Injury,"Operated Motor Vehicle in Inattentive, Careless, Negligent, or Erratic Manner",Not Distracted,WV,Passenger Car,Moving Constant Speed,25,No,2015,FORD,FOCUS,39.05417366,-77.14542564,2024,2,4
240007938,Injury Crash,02/18/2024 03:55:00 AM,QUINCE ORCHARD BLVD,NA,"Sideswipe, Opposite Direction",Clear,Dry,Medium,No Controls,ALCOHOL PRESENT,No,Possible Minor Injury,Wrong Side,Not Distracted,MD,Passenger Car,Moving Constant Speed,25,No,2008,NISSAN,VERSA,39.14175973,-77.22693445,2024,2,3
240007936,Property Damage Crash,02/18/2024 03:36:00 AM,GEORGIA AVE,NA,"Sideswipe, Same Direction",Clear,Dry,Medium,No Controls,NONE DETECTED,No,No Apparent Injury,NA,Not Distracted,MD,Sport Utility Vehicle,Moving Constant Speed,30,No,2016,TOYOTA,HIGHLANDER,38.99645424,-77.02846489,2024,2,3
240007936,Property Damage Crash,02/18/2024 03:36:00 AM,GEORGIA AVE,NA,"Sideswipe, Same Direction",Clear,Dry,Medium,No Controls,NONE DETECTED,Yes,No Apparent Injury,Failed to Keep in Proper Lane,Unknown,WA,Passenger Car,Moving Constant Speed,30,No,2015,CHEVROLET,CRUZE,38.99645424,-77.02846489,2024,2,3
240007939,Injury Crash,02/18/2024 03:35:00 AM,GEORGIA AVE,NA,Front to Rear,Clear,Dry,Medium,Traffic Control Signal,NONE DETECTED,No,Possible Minor Injury,NA,Not Distracted,MD,Sport Utility Vehicle,Stopped in Traffic,35,No,2018,TOYOTA,RAV4,39.01202995,-77.04144699,2024,2,3
240007939,Injury Crash,02/18/2024 03:35:00 AM,GEORGIA AVE,NA,Front to Rear,Clear,Dry,Medium,Traffic Control Signal,NONE DETECTED,Yes,No Apparent Injury,"Failed to Yield Right-of-Way, Other Improper Action, Ran Red Light",Unknown,WA,Passenger Car,Moving Constant Speed,35,No,2015,CHEVROLET,CRUZE,39.01202995,-77.04144699,2024,2,3
240007934,Property Damage Crash,02/18/2024 03:34:00 AM,RIDGE RD (NB/L),NA,Single Vehicle,Clear,Dry,Medium,No Controls,ALCOHOL PRESENT,Yes,No Apparent Injury,Ran Off Roadway,Not Distracted,MD,Sport Utility Vehicle,Moving Constant Speed,35,No,2015,JEEP,CHEROKEE,39.20354675,-77.24992,2024,2,3
240007935,Property Damage Crash,02/18/2024 03:26:00 AM,RIDGE RD,NA,Single Vehicle,Clear,Dry,Medium,Flashing Traffic Control Signal,NONE DETECTED,Yes,No Apparent Injury,Ran Off Roadway,Unknown,NA,Passenger Car,NA,45,No,2023,FORD,BRONCO SPORT,39.20183,-77.253521,2024,2,3
240007927,Property Damage Crash,02/18/2024 01:50:00 AM,FREDERICK RD,NA,Single Vehicle,Clear,Dry,Medium,Traffic Control Signal,NONE DETECTED,Yes,No Apparent Injury,Ran Off Roadway,Unknown,NA,Passenger Car,NA,30,No,2008,CHEVROLET,IMPALA,39.18120729,-77.23827871,2024,2,1
240007920,Property Damage Crash,02/18/2024 12:22:00 AM,CENTERWAY RD,NA,Front to Rear,Clear,Dry,Medium,No Controls,ALCOHOL PRESENT,Yes,No Apparent Injury,"Failed to Keep in Proper Lane, Other Improper Action",Unknown,MD,Passenger Car,Moving Constant Speed,35,No,2005,HONDA,ACCORD,39.16997333,-77.18601333,2024,2,0
240007918,Property Damage Crash,02/18/2024 12:15:00 AM,ROTHBURY DR,NA,Rear To Side,Clear,Dry,Medium,No Controls,NONE DETECTED,No,No Apparent Injury,NA,Not Distracted,MD,Passenger Car,Moving Constant Speed,30,No,2019,NISSAN,ROGUE,39.18538819,-77.1886649,2024,2,0
240007918,Property Damage Crash,02/18/2024 12:15:00 AM,ROTHBURY DR,NA,Rear To Side,Clear,Dry,Medium,Stop Sign,NONE DETECTED,No,NA,NA,NA,NA,NA,Entering Traffic Lane,30,No,0,NA,NA,39.18538819,-77.1886649,2024,2,0
240007917,Property Damage Crash,02/17/2024 11:31:00 PM,VEIRS MILL RD,NA,"Sideswipe, Same Direction",Clear,Dry,Medium,No Controls,NONE DETECTED,Yes,No Apparent Injury,"Failed to Keep in Proper Lane, Operated Motor Vehicle in Inattentive, Careless, Negligent, or Erratic Manner, Over-Correcting/Over-Steering",Not Distracted,MD,Passenger Car,Moving Constant Speed,35,No,2022,TOYOTA,COROLLA,39.05933597,-77.08819977,2024,2,23
240007917,Property Damage Crash,02/17/2024 11:31:00 PM,VEIRS MILL RD,NA,"Sideswipe, Same Direction",Clear,Dry,Medium,No Controls,NONE DETECTED,No,No Apparent Injury,NA,Not Distracted,MD,Passenger Car,Moving Constant Speed,35,No,2020,NISSAN,SENTRA,39.05933597,-77.08819977,2024,2,23
24000283,Property Damage Crash,02/17/2024 11:30:00 PM,BARNESVILLE RD,NA,Single Vehicle,Clear,Dry,Dark,No Controls,NONE DETECTED,No,No Apparent Injury,NA,Not Distracted,MD,Sport Utility Vehicle,Slowing or Stopping,40,No,2018,FORD,EXPLORER,39.220523,-77.3655008,2024,2,23
240007912,Injury Crash,02/17/2024 10:29:00 PM,GOSHEN RD,NA,Front to Front,Clear,Dry,Medium,Traffic Control Signal,NONE DETECTED,Yes,No Apparent Injury,Failed to Yield Right-of-Way,Unknown,MD,Passenger Car,Turning Left,35,No,2011,NISSAN,VERSA,39.16017833,-77.19198,2024,2,22
240007912,Injury Crash,02/17/2024 10:29:00 PM,GOSHEN RD,NA,Front to Front,Clear,Dry,Medium,Traffic Control Signal,NONE DETECTED,No,Possible Minor Injury,NA,Not Distracted,MD,Passenger Car,Moving Constant Speed,35,No,2017,HONDA,CIVIC,39.16017833,-77.19198,2024,2,22
240007909,Injury Crash,02/17/2024 09:37:00 PM,NA,NA,Front to Rear,Clear,Dry,Medium,No Controls,NONE DETECTED,Yes,No Apparent Injury,"Operated Motor Vehicle in Inattentive, Careless, Negligent, or Erratic Manner, Other Improper Action",Unknown,DC,Passenger Car,Moving Constant Speed,35,No,2015,AUDI,A6,38.95935029,-77.09543322,2024,2,21
240007909,Injury Crash,02/17/2024 09:37:00 PM,NA,NA,Front to Rear,Clear,Dry,Medium,No Controls,NONE DETECTED,No,Possible Minor Injury,NA,Not Distracted,MD,Sport Utility Vehicle,Stopped in Traffic,35,No,2012,HONDA,CROSSTOUR,38.95935029,-77.09543322,2024,2,21
240007887,Property Damage Crash,02/17/2024 07:40:00 PM,CONNECTICUT AVE SERVICE RD,NA,"Sideswipe, Same Direction",Clear,Dry,Dark,No Controls,ALCOHOL PRESENT,Yes,No Apparent Injury,NA,Unknown,MD,Passenger Car,Moving Constant Speed,30,No,1999,TOYOTA,HIGHLANDER,39.06686559,-77.07443586,2024,2,19
240007891,Property Damage Crash,02/17/2024 07:19:00 PM,WHITES FORD WAY,NA,Front to Front,Clear,Dry,Medium,Traffic Control Signal,NONE DETECTED,Yes,No Apparent Injury,Failed to Yield Right-of-Way,Unknown,MD,Sport Utility Vehicle,Turning Left,45,No,2020,LEXUS,RX,39.05648667,-77.16772833,2024,2,19
240007891,Property Damage Crash,02/17/2024 07:19:00 PM,WHITES FORD WAY,NA,Front to Front,Clear,Dry,Medium,Traffic Control Signal,NONE DETECTED,No,No Apparent Injury,NA,Not Distracted,MD,Sport Utility Vehicle,Moving Constant Speed,45,No,2018,TOYOTA,C-HR,39.05648667,-77.16772833,2024,2,19
240007886,Property Damage Crash,02/17/2024 06:38:00 PM,BRIGGS CHANEY RD (WB/L),NA,Angle,Clear,Dry,Medium,Yield Sign,NONE DETECTED,No,No Apparent Injury,NA,Unknown,NA,Sport Utility Vehicle,Moving Constant Speed,35,No,1995,CHEVROLET,TAHOE,39.08171528,-76.94672665,2024,2,18
240007886,Property Damage Crash,02/17/2024 06:38:00 PM,BRIGGS CHANEY RD (WB/L),NA,Angle,Clear,Dry,Medium,Yield Sign,NONE DETECTED,No,No Apparent Injury,NA,Not Distracted,MD,Sport Utility Vehicle,Entering Traffic Lane,35,No,2019,CHEVROLET,EQUINOX,39.08171528,-76.94672665,2024,2,18
240007867,Injury Crash,02/17/2024 03:51:00 PM,NA,NA,Front to Rear,Clear,Dry,Daylight,Yield Sign,NONE DETECTED,No,Possible Minor Injury,NA,Not Distracted,OH,Passenger Car,Stopped in Traffic,35,No,2016,ACURA,MDX,39.08173052,-77.14573769,2024,2,15
240007867,Injury Crash,02/17/2024 03:51:00 PM,NA,NA,Front to Rear,Clear,Dry,Daylight,Yield Sign,NONE DETECTED,Yes,No Apparent Injury,NA,"Other Action (looking away from task, etc.)",MD,Passenger Car,Accelerating,35,No,2024,MITSUBISHI,MIRAGE,39.08173052,-77.14573769,2024,2,15
240007862,Property Damage Crash,02/17/2024 03:15:00 PM,SHADY GROVE RD (SB/L),NA,Front to Rear,Clear,Dry,Daylight,Traffic Control Signal,NONE DETECTED,No,No Apparent Injury,NA,Not Distracted,MD,Passenger Car,Slowing or Stopping,45,No,2022,MAZDA,MAZDA3,39.13838307,-77.1535667,2024,2,15
240007862,Property Damage Crash,02/17/2024 03:15:00 PM,SHADY GROVE RD (SB/L),NA,Front to Rear,Clear,Dry,Daylight,Traffic Control Signal,NONE DETECTED,Yes,No Apparent Injury,NA,Not Distracted,MD,Passenger Car,Slowing or Stopping,45,No,2011,GMC,YUKON,39.13838307,-77.1535667,2024,2,15
240007858,Property Damage Crash,02/17/2024 02:35:00 PM,NORWOOD RD,NA,Rear To Side,Clear,Dry,Daylight,Traffic Control Signal,NONE DETECTED,Yes,No Apparent Injury,Ran Red Light,Not Distracted,VA,Passenger Car,Moving Constant Speed,40,No,2017,ACURA,TLX,39.1060916,-77.00140106,2024,2,14
240007858,Property Damage Crash,02/17/2024 02:35:00 PM,NORWOOD RD,NA,Rear To Side,Clear,Dry,Daylight,Traffic Control Signal,NONE DETECTED,No,No Apparent Injury,NA,Not Distracted,MD,Passenger Car,Making U-Turn,40,No,1999,TOYOTA,CAMRY,39.1060916,-77.00140106,2024,2,14
240007847,Property Damage Crash,02/17/2024 01:55:00 PM,GERMANTOWN RD,NA,Angle,Cloudy,Dry,Daylight,Traffic Control Signal,NONE DETECTED,No,No Apparent Injury,NA,Not Distracted,MD,Sport Utility Vehicle,Moving Constant Speed,40,No,2019,SUBARU,OUTBACK,39.18105258,-77.26224522,2024,2,13
240007847,Property Damage Crash,02/17/2024 01:55:00 PM,GERMANTOWN RD,NA,Angle,Cloudy,Dry,Daylight,Traffic Control Signal,NONE DETECTED,Yes,No Apparent Injury,Failed to Yield Right-of-Way,Unknown,MD,Pickup,Turning Left,40,No,2024,TOYOTA,TUNDRA,39.18105258,-77.26224522,2024,2,13
240007851,Injury Crash,02/17/2024 01:40:00 PM,NA,NA,Angle,Clear,Dry,Daylight,Stop Sign,NONE DETECTED,Yes,No Apparent Injury,NA,Not Distracted,MD,Passenger Car,Turning Left,35,No,2024,TOYOTA,COROLLA,39.154925,-77.15494167,2024,2,13
240007851,Injury Crash,02/17/2024 01:40:00 PM,NA,NA,Angle,Clear,Dry,Daylight,No Controls,NONE DETECTED,No,Possible Minor Injury,NA,Not Distracted,MD,Passenger Car,Moving Constant Speed,35,No,2021,NISSAN,VERSA,39.154925,-77.15494167,2024,2,13
240007837,Property Damage Crash,02/17/2024 11:51:00 AM,LINCOLN ST,NA,Front to Rear,Clear,Dry,Daylight,No Controls,NONE DETECTED,No,No Apparent Injury,NA,NA,NA,Passenger Car,NA,15,No,2000,TOYOTA,HIGHLANDER,39.0911422,-77.1395494,2024,2,11
240007818,Injury Crash,02/17/2024 09:57:00 AM,GEORGIA AVE (SB/L),NA,"Sideswipe, Same Direction",Clear,Dry,Daylight,Stop Sign,NONE DETECTED,No,No Apparent Injury,NA,Not Distracted,MD,Passenger Car,Turning Left,25,No,2011,CHEVROLET,CAMARO,39.02242307,-77.04494821,2024,2,9
240007818,Injury Crash,02/17/2024 09:57:00 AM,GEORGIA AVE (SB/L),NA,"Sideswipe, Same Direction",Clear,Dry,Daylight,No Controls,NONE DETECTED,No,Possible Minor Injury,NA,Not Distracted,MD,Passenger Car,Moving Constant Speed,35,No,2011,NISSAN,ALTIMA,39.02242307,-77.04494821,2024,2,9
240007815,Property Damage Crash,02/17/2024 09:11:00 AM,THORNAPPLE ST,NA,Angle,Clear,Wet,Daylight,Stop Sign,NONE DETECTED,No,No Apparent Injury,NA,Not Distracted,VA,Passenger Car,Stopped in Traffic,20,No,2017,NISSAN,ROGUE,38.98098717,-77.084296,2024,2,9
240007815,Property Damage Crash,02/17/2024 09:11:00 AM,THORNAPPLE ST,NA,Angle,Clear,Wet,Daylight,Stop Sign,NONE DETECTED,Yes,No Apparent Injury,"Failed to Keep in Proper Lane, Operated Motor Vehicle in Inattentive, Careless, Negligent, or Erratic Manner","Other Action (looking away from task, etc.)",MD,Passenger Car,Turning Left,20,No,2017,MERCEDES-BENZ,GLC-CLASS,38.98098717,-77.084296,2024,2,9
240007811,Injury Crash,02/17/2024 08:38:00 AM,MIDDLEBROOK RD,NA,Angle,Cloudy,Wet,Daylight,Traffic Control Signal,NONE DETECTED,Yes,Possible Minor Injury,Other Improper Action,Not Distracted,NY,Passenger Car,Moving Constant Speed,20,No,2012,TOYOTA,COROLLA,39.18019192,-77.268646,2024,2,8
240007811,Injury Crash,02/17/2024 08:38:00 AM,MIDDLEBROOK RD,NA,Angle,Cloudy,Wet,Daylight,Traffic Control Signal,NONE DETECTED,Yes,Possible Minor Injury,Other Improper Action,Not Distracted,MD,Passenger Car,Moving Constant Speed,35,No,2020,HYUNDAI,IONIQ,39.18019192,-77.268646,2024,2,8
240007810,Property Damage Crash,02/17/2024 08:35:00 AM,WOODBURN RD,NA,Unknown,Snow,Wet,Daylight,No Controls,NONE DETECTED,Yes,No Apparent Injury,NA,Unknown,MD,Passenger Car,Backing,25,No,2022,DODGE,CHARGER,39.0865376,-77.13312346,2024,2,8
240007802,Property Damage Crash,02/17/2024 06:38:00 AM,NORBECK RD,NA,Single Vehicle,Snow,Wet,Dark,No Controls,NONE DETECTED,No,NA,NA,NA,NA,Passenger Car,NA,50,No,2013,HYUNDAI,ELANTRA,39.09478281,-77.11388313,2024,2,6
240007795,Property Damage Crash,02/17/2024 03:24:00 AM,SLIGO CREEK PKWY,NA,Single Vehicle,Snow,Wet,Dark,No Controls,NONE DETECTED,No,No Apparent Injury,NA,Unknown,MD,Passenger Car,Moving Constant Speed,30,No,2020,KIA,OPTIMA,39.01157833,-77.02880033,2024,2,3
240007797,Property Damage Crash,02/17/2024 02:46:00 AM,OLNEY LAYTONSVILLE RD,NA,Single Vehicle,Snow,Snow,Dark,No Controls,NONE DETECTED,Yes,No Apparent Injury,Too Fast For Conditions,Unknown,MD,Passenger Car,Moving Constant Speed,50,No,2014,FORD,FUSION,39.18022667,-77.10434333,2024,2,2
240007791,Property Damage Crash,02/17/2024 01:51:00 AM,NA,NA,Front to Front,Snow,NA,Medium,NA,NONE DETECTED,No,No Apparent Injury,NA,Not Distracted,MD,All-Terrain Vehicle/All-Terrain Cycle (ATV/ATC),Parked,0,No,2023,TOYOTA,HIGHLANDER,39.12032264,-77.17881447,2024,2,1
240007791,Property Damage Crash,02/17/2024 01:51:00 AM,NA,NA,Front to Front,Snow,NA,Medium,NA,NONE DETECTED,No,NA,NA,NA,NA,NA,Moving Constant Speed,0,No,0,NA,NA,39.12032264,-77.17881447,2024,2,1
240007786,Injury Crash,02/17/2024 12:48:00 AM,CLARKSBURG RD,NA,Single Vehicle,Snow,Snow,Dark,No Controls,NONE DETECTED,Yes,Possible Minor Injury,NA,Not Distracted,MD,Passenger Car,Moving Constant Speed,35,No,2022,TESLA,MODEL 3,39.25630772,-77.27558315,2024,2,0
240007782,Property Damage Crash,02/16/2024 11:24:00 PM,ELLSWORTH DR,NA,Angle,Clear,Dry,Medium,No Controls,NONE DETECTED,Yes,No Apparent Injury,NA,Not Distracted,MD,Passenger Car,Entering Traffic Lane,25,No,2017,TOYOTA,COROLLA,38.99772293,-77.02483555,2024,2,23
240007782,Property Damage Crash,02/16/2024 11:24:00 PM,ELLSWORTH DR,NA,Angle,Clear,Dry,Medium,No Controls,NONE DETECTED,No,No Apparent Injury,NA,Not Distracted,DC,Sport Utility Vehicle,Moving Constant Speed,25,No,2018,TOYOTA,RAV4,38.99772293,-77.02483555,2024,2,23