Local Case Number,ACRS Report Type,Crash Date/Time,Road Name,Related Non-Motorist,Collision Type,Weather,Surface Condition,Light,Traffic Control,Driver Substance Abuse,Driver At Fault,Injury Severity,Circumstance,Driver Distracted By,Drivers License State,Vehicle Body Type,Vehicle Movement,Speed Limit,Driverless Vehicle,Vehicle Year,Vehicle Make,Vehicle Model,Latitude,Longitude,Year,Month,Hour
240007760,Property Damage Crash,02/16/2024 08:00:00 PM,UNIVERSITY BLVD E (WB/L),NA,"Sideswipe, Same Direction",Clear,Dry,Medium,No Controls,NONE DETECTED,No,No Apparent Injury,NA,Not Distracted,MD,Sport Utility Vehicle,Moving Constant Speed,40,No,2016,TOYOTA,RAV4,39.01365332,-77.00368524,2024,2,20
240007760,Property Damage Crash,02/16/2024 08:00:00 PM,UNIVERSITY BLVD E (WB/L),NA,"Sideswipe, Same Direction",Clear,Dry,Medium,No Controls,NONE DETECTED,Yes,No Apparent Injury,NA,Not Distracted,MD,Passenger Car,Turning Left,40,No,2024,TOYOTA,CAMRY,39.01365332,-77.00368524,2024,2,20
240007749,Property Damage Crash,02/16/2024 07:33:00 PM,PINEY BRANCH RD,NA,Unknown,Clear,Dry,Medium,No Controls,NONE DETECTED,No,No Apparent Injury,NA,Not Distracted,MD,Bus - Transit,Moving Constant Speed,30,No,2009,GILLIG,CITY TRANSIT BUS,38.99623914,-77.00550327,2024,2,19
240007749,Property Damage Crash,02/16/2024 07:33:00 PM,PINEY BRANCH RD,NA,Unknown,Clear,Dry,Medium,No Controls,NONE DETECTED,No,No Apparent Injury,NA,Not Distracted,MD,Passenger Car,Moving Constant Speed,30,No,2011,HONDA,CR-V,38.99623914,-77.00550327,2024,2,19
240007748,Property Damage Crash,02/16/2024 07:26:00 PM,VICTORY FARM DR,NA,Other,Clear,Dry,Medium,Yield Sign,NONE DETECTED,No,No Apparent Injury,Other Improper Action,Not Distracted,MD,Passenger Car,Moving Constant Speed,25,No,2012,FORD,TAURUS,39.14634997,-77.18498607,2024,2,19
240007748,Property Damage Crash,02/16/2024 07:26:00 PM,VICTORY FARM DR,NA,Other,Clear,Dry,Medium,Yield Sign,NONE DETECTED,No,No Apparent Injury,Other Improper Action,Not Distracted,MD,Bus - Transit,Moving Constant Speed,25,No,2017,GILLIG,CITY TRANSIT BUS,39.14634997,-77.18498607,2024,2,19
240007737,Injury Crash,02/16/2024 06:49:00 PM,COLUMBIA PIKE,NA,Other,Clear,Dry,Medium,No Controls,NONE DETECTED,Yes,Possible Minor Injury,NA,Unknown,MD,Other Trucks,Entering Traffic Lane,40,No,2017,FORD,UNKNOWN,39.03107892,-77.0047776,2024,2,18
240007737,Injury Crash,02/16/2024 06:49:00 PM,COLUMBIA PIKE,NA,Other,Clear,Dry,Medium,No Controls,NONE DETECTED,No,No Apparent Injury,NA,Not Distracted,MD,Passenger Car,Stopped in Traffic,40,No,2005,GMC,ENVOY,39.03107892,-77.0047776,2024,2,18
240007737,Injury Crash,02/16/2024 06:49:00 PM,COLUMBIA PIKE,NA,Other,Clear,Dry,Medium,No Controls,NONE DETECTED,No,No Apparent Injury,NA,Not Distracted,MD,Passenger Car,Stopped in Traffic,40,No,2014,TOYOTA,COROLLA,39.03107892,-77.0047776,2024,2,18
240007737,Injury Crash,02/16/2024 06:49:00 PM,COLUMBIA PIKE,NA,Other,Clear,Dry,Medium,No Controls,NONE DETECTED,No,No Apparent Injury,NA,Not Distracted,MD,Passenger Car,Stopped in Traffic,40,No,2013,ACURA,UNKNOWN,39.03107892,-77.0047776,2024,2,18
240007737,Injury Crash,02/16/2024 06:49:00 PM,COLUMBIA PIKE,NA,Other,Clear,Dry,Medium,No Controls,NONE DETECTED,No,No Apparent Injury,NA,Not Distracted,MD,Passenger Car,Stopped in Traffic,40,No,2016,SUBARU,LEGACY,39.03107892,-77.0047776,2024,2,18
240007733,Property Damage Crash,02/16/2024 06:34:00 PM,COLUMBIA PIKE,NA,Front to Rear,Clear,Dry,Medium,No Controls,NONE DETECTED,No,No Apparent Injury,NA,Not Distracted,MD,Passenger Car,Moving Constant Speed,40,No,2023,LEXUS,UNKNOWN,39.05786293,-76.96838968,2024,2,18
240007733,Property Damage Crash,02/16/2024 06:34:00 PM,COLUMBIA PIKE,NA,Front to Rear,Clear,Dry,Medium,Flashing Traffic Control Signal,NONE DETECTED,No,No Apparent Injury,NA,Not Distracted,MD,Passenger Car,Stopped in Traffic,40,No,2015,MERCEDES-BENZ,UNKNOWN,39.05786293,-76.96838968,2024,2,18
240007733,Property Damage Crash,02/16/2024 06:34:00 PM,COLUMBIA PIKE,NA,Front to Rear,Clear,Dry,Medium,No Controls,NONE DETECTED,Yes,No Apparent Injury,NA,Unknown,US,Other Trucks,Moving Constant Speed,40,No,2017,FORD,UNKNOWN,39.05786293,-76.96838968,2024,2,18
240007733,Property Damage Crash,02/16/2024 06:34:00 PM,COLUMBIA PIKE,NA,Front to Rear,Clear,Dry,Medium,Flashing Traffic Control Signal,NONE DETECTED,No,No Apparent Injury,NA,Not Distracted,MD,Passenger Car,Stopped in Traffic,40,No,2023,HYUNDAI,UNKNOWN,39.05786293,-76.96838968,2024,2,18
240007755,Property Damage Crash,02/16/2024 06:30:00 PM,TECH RD,NA,Front to Rear,Clear,Dry,Medium,No Controls,NONE DETECTED,Yes,No Apparent Injury,"Operated Motor Vehicle in Inattentive, Careless, Negligent, or Erratic Manner, Operated Motor Vehicle in Reckless or Aggressive Manner",Unknown,NA,Pickup,Moving Constant Speed,30,No,2017,FORD,UNKNOWN,39.05847475,-76.96892919,2024,2,18
240007736,Property Damage Crash,02/16/2024 06:30:00 PM,COLUMBIA PIKE (SB/L),NA,"Sideswipe, Same Direction",Clear,Dry,Medium,No Controls,NONE DETECTED,Yes,No Apparent Injury,NA,"Other Action (looking away from task, etc.)",NA,Other Trucks,Moving Constant Speed,35,No,2017,FORD,F-550,39.03832767,-76.9988125,2024,2,18
240007732,Property Damage Crash,02/16/2024 06:30:00 PM,CHERRY HILL RD,NA,"Sideswipe, Same Direction",Clear,Dry,Medium,Traffic Control Signal,NONE DETECTED,Yes,No Apparent Injury,"Disregarded Other Road Markings, Disregarded Other Traffic Sign, Failed to Keep in Proper Lane, Improper Turn",Unknown,NA,Pickup,Turning Right,30,No,2017,FORD,F-450,39.06199867,-76.96064653,2024,2,18
240007736,Property Damage Crash,02/16/2024 06:30:00 PM,COLUMBIA PIKE (SB/L),NA,"Sideswipe, Same Direction",Clear,Dry,Medium,No Controls,NONE DETECTED,No,No Apparent Injury,NA,Not Distracted,MD,Passenger Car,Moving Constant Speed,35,No,2008,BMW,535I,39.03832767,-76.9988125,2024,2,18
240007732,Property Damage Crash,02/16/2024 06:30:00 PM,CHERRY HILL RD,NA,"Sideswipe, Same Direction",Clear,Dry,Medium,Traffic Control Signal,NONE DETECTED,No,No Apparent Injury,NA,Not Distracted,MD,Passenger Car,Turning Right,30,No,2010,MERCEDES-BENZ,CLK-CLASS,39.06199867,-76.96064653,2024,2,18
240007755,Property Damage Crash,02/16/2024 06:30:00 PM,TECH RD,NA,Front to Rear,Clear,Dry,Medium,No Controls,NONE DETECTED,No,No Apparent Injury,NA,Not Distracted,MD,Passenger Car,Stopped in Traffic,30,No,2012,FORD,FUSION,39.05847475,-76.96892919,2024,2,18
240007751,Injury Crash,02/16/2024 06:11:00 PM,UNIVERSITY BLVD E,NA,Front to Rear,Clear,Dry,Medium,No Controls,NONE DETECTED,Yes,No Apparent Injury,NA,Not Distracted,MD,Sport Utility Vehicle,Accelerating,35,No,2016,LAND ROVER,RANGE ROVER EVOQUE,39.014131,-77.00427283,2024,2,18
240007751,Injury Crash,02/16/2024 06:11:00 PM,UNIVERSITY BLVD E,NA,Front to Rear,Clear,Dry,Medium,No Controls,NONE DETECTED,No,Possible Minor Injury,NA,Not Distracted,MD,Sport Utility Vehicle,Entering Traffic Lane,35,No,2021,MAZDA,CX-5,39.014131,-77.00427283,2024,2,18
240007735,Injury Crash,02/16/2024 06:08:00 PM,NA,NA,Front to Front,Clear,Dry,Medium,Intersection Ahead Warning Sign,NONE DETECTED,No,No Apparent Injury,NA,Unknown,MD,Passenger Car,Moving Constant Speed,40,No,2010,MERCEDES-BENZ,ML-CLASS,39.06156077,-77.17698754,2024,2,18
240007735,Injury Crash,02/16/2024 06:08:00 PM,NA,NA,Front to Front,Clear,Dry,Medium,Intersection Ahead Warning Sign,NONE DETECTED,No,Suspected Serious Injury,NA,Unknown,MD,Passenger Car,Moving Constant Speed,40,No,2022,TOYOTA,COROLLA,39.06156077,-77.17698754,2024,2,18
240007730,Property Damage Crash,02/16/2024 06:03:00 PM,E RANDOLPH RD,NA,Angle,Clear,Dry,Medium,Traffic Control Signal,NONE DETECTED,No,No Apparent Injury,NA,Not Distracted,MD,Passenger Car,Moving Constant Speed,40,No,2022,HONDA,HONDA UTILITY VEHICLE,39.0635155,-76.96586533,2024,2,18
240007730,Property Damage Crash,02/16/2024 06:03:00 PM,E RANDOLPH RD,NA,Angle,Clear,Dry,Medium,Traffic Control Signal,NONE DETECTED,Yes,No Apparent Injury,Failed to Yield Right-of-Way,Not Distracted,MD,Passenger Car,Turning Left,40,No,2001,TOYOTA,COROLLA,39.0635155,-76.96586533,2024,2,18
240007367,Injury Crash,02/16/2024 06:00:00 PM,DAMASCUS RD,NA,Angle,Clear,Dry,Dark,Stop Sign,NONE DETECTED,No,Possible Minor Injury,NA,Not Distracted,MD,Passenger Car,Moving Constant Speed,30,No,2013,BMW,328,39.2263619,-77.06963231,2024,2,18
240007367,Injury Crash,02/16/2024 06:00:00 PM,DAMASCUS RD,NA,Angle,Clear,Dry,Dark,Stop Sign,NONE DETECTED,No,No Apparent Injury,NA,Not Distracted,MD,Passenger Car,Stopped in Traffic,30,No,2022,HONDA,ACCORD,39.2263619,-77.06963231,2024,2,18
240007367,Injury Crash,02/16/2024 06:00:00 PM,DAMASCUS RD,NA,Angle,Clear,Dry,Dark,Stop Sign,NONE DETECTED,Yes,No Apparent Injury,Failed to Yield Right-of-Way,Not Distracted,MD,Passenger Car,Turning Left,30,No,2023,MINI,COOPER,39.2263619,-77.06963231,2024,2,18
240007734,Property Damage Crash,02/16/2024 05:57:00 PM,FALLSGROVE BLVD (WB/L),NA,Other,Clear,Dry,Medium,Traffic Control Signal,NONE DETECTED,No,No Apparent Injury,NA,Not Distracted,MD,Passenger Car,Moving Constant Speed,35,No,2013,FORD,MUSTANG,39.0970034,-77.19463312,2024,2,17
240007734,Property Damage Crash,02/16/2024 05:57:00 PM,FALLSGROVE BLVD (WB/L),NA,Other,Clear,Dry,Medium,Traffic Control Signal,NONE DETECTED,No,No Apparent Injury,Failed to Yield Right-of-Way,Not Distracted,MD,Passenger Car,Making U-Turn,35,No,2019,JEEP,WRANGLER,39.0970034,-77.19463312,2024,2,17
240007724,Property Damage Crash,02/16/2024 05:10:00 PM,SANDY SPRING RD,NA,Other,Clear,Dry,Medium,Traffic Control Signal,NONE DETECTED,Yes,No Apparent Injury,Ran Red Light,Unknown,MD,Sport Utility Vehicle,Moving Constant Speed,30,No,2007,DODGE,CARAVAN,39.11149842,-76.92860237,2024,2,17
240007724,Property Damage Crash,02/16/2024 05:10:00 PM,SANDY SPRING RD,NA,Other,Clear,Dry,Medium,Traffic Control Signal,NONE DETECTED,No,No Apparent Injury,NA,Not Distracted,MD,Sport Utility Vehicle,Turning Left,30,No,2016,TOYOTA,RAV4,39.11149842,-76.92860237,2024,2,17
240007713,Injury Crash,02/16/2024 04:35:00 PM,N WASHINGTON ST,NA,Angle,Clear,Dry,Daylight,No Controls,NONE DETECTED,Yes,No Apparent Injury,Failed to Yield Right-of-Way,Not Distracted,MD,Passenger Car,Moving Constant Speed,25,No,2001,HONDA,CR-V,39.08585645,-77.15299408,2024,2,16
240007713,Injury Crash,02/16/2024 04:35:00 PM,N WASHINGTON ST,NA,Angle,Clear,Dry,Daylight,No Controls,NONE DETECTED,No,Possible Minor Injury,NA,Not Distracted,MD,Passenger Car,Moving Constant Speed,25,No,2014,FORD,ESCAPE,39.08585645,-77.15299408,2024,2,16
240007725,Property Damage Crash,02/16/2024 03:00:00 PM,THIRTEENTH AVE,NA,Single Vehicle,Clear,Dry,Daylight,No Controls,NONE DETECTED,No,No Apparent Injury,NA,NA,NA,Unknown,NA,35,No,0,NA,NA,38.98076425,-76.98847759,2024,2,15
240007689,Property Damage Crash,02/16/2024 02:23:00 PM,NA,NA,Rear To Side,Clear,NA,Daylight,NA,NONE DETECTED,No,No Apparent Injury,NA,Not Distracted,NA,Passenger Car,Backing,0,No,2006,KIA,OPTIMA,39.04671528,-77.09808718,2024,2,14
240007676,Property Damage Crash,02/16/2024 01:45:00 PM,SHADY GROVE RD,NA,"Sideswipe, Same Direction",Clear,Dry,Daylight,Traffic Control Signal,NONE DETECTED,No,No Apparent Injury,Improper Turn,Unknown,MD,Pickup,Turning Left,40,No,2007,TOYOTA,TUNDRA,39.12258662,-77.1774324,2024,2,13
240007676,Property Damage Crash,02/16/2024 01:45:00 PM,SHADY GROVE RD,NA,"Sideswipe, Same Direction",Clear,Dry,Daylight,Traffic Control Signal,NONE DETECTED,No,No Apparent Injury,Improper Turn,Not Distracted,MD,Sport Utility Vehicle,Turning Left,40,No,2024,HONDA,CR-V,39.12258662,-77.1774324,2024,2,13
240007669,Injury Crash,02/16/2024 01:08:00 PM,CONNECTICUT AVE,NA,Front to Rear,Clear,Dry,Daylight,No Controls,NONE DETECTED,Yes,No Apparent Injury,"Followed Too Closely, Operated Motor Vehicle in Inattentive, Careless, Negligent, or Erratic Manner","Other Action (looking away from task, etc.)",MD,Sport Utility Vehicle,Moving Constant Speed,35,No,2020,HONDA,ODYSSEY,38.99729,-77.076995,2024,2,13
240007669,Injury Crash,02/16/2024 01:08:00 PM,CONNECTICUT AVE,NA,Front to Rear,Clear,Dry,Daylight,No Controls,NONE DETECTED,No,No Apparent Injury,NA,Not Distracted,MD,Passenger Car,Moving Constant Speed,35,No,2021,HONDA,PILOT,38.99729,-77.076995,2024,2,13
240007662,Injury Crash,02/16/2024 12:50:00 PM,GREENCASTLE RD,NA,Front to Rear,Clear,Dry,Daylight,No Controls,NONE DETECTED,No,Possible Minor Injury,NA,Not Distracted,MD,Passenger Car,Slowing or Stopping,40,No,2020,DODGE,CHARGER,39.08751328,-76.93098264,2024,2,12
240007662,Injury Crash,02/16/2024 12:50:00 PM,GREENCASTLE RD,NA,Front to Rear,Clear,Dry,Daylight,No Controls,NONE DETECTED,Yes,No Apparent Injury,Followed Too Closely,Not Distracted,MD,Passenger Car,Slowing or Stopping,40,No,2014,HONDA,CR-V,39.08751328,-76.93098264,2024,2,12
240007660,Injury Crash,02/16/2024 12:38:00 PM,RANDOLPH RD (WB/L),NA,Front to Rear,Clear,Dry,Daylight,No Controls,NONE DETECTED,No,No Apparent Injury,Followed Too Closely,Unknown,MD,Passenger Car,Moving Constant Speed,35,No,1987,BMW,325I,39.05394833,-77.096185,2024,2,12
240007660,Injury Crash,02/16/2024 12:38:00 PM,RANDOLPH RD (WB/L),NA,Front to Rear,Clear,Dry,Daylight,No Controls,NONE DETECTED,No,Possible Minor Injury,NA,Not Distracted,MD,Sport Utility Vehicle,Turning Right,35,No,2016,ACURA,RDX,39.05394833,-77.096185,2024,2,12
240007657,Property Damage Crash,02/16/2024 11:58:00 AM,OLD COLUMBIA PIKE (WB/L),NA,Front to Front,Clear,Dry,Daylight,No Controls,NONE DETECTED,Yes,No Apparent Injury,Failed to Yield Right-of-Way,Unknown,VA,Sport Utility Vehicle,Accelerating,40,No,2007,JEEP,GRAND CHEROKEE,39.11087701,-76.93343808,2024,2,11
240007657,Property Damage Crash,02/16/2024 11:58:00 AM,OLD COLUMBIA PIKE (WB/L),NA,Front to Front,Clear,Dry,Daylight,No Controls,NONE DETECTED,Yes,No Apparent Injury,Failed to Yield Right-of-Way,Not Distracted,MD,Passenger Car,Stopped in Traffic,40,No,2003,HONDA,ACCORD,39.11087701,-76.93343808,2024,2,11
240007707,Property Damage Crash,02/16/2024 11:40:00 AM,NA,NA,Rear To Side,Clear,NA,Daylight,NA,NONE DETECTED,Yes,No Apparent Injury,Improper Backing,Unknown,MD,Passenger Car,Backing,0,No,2015,HONDA,ACCORD,39.05864164,-77.04728992,2024,2,11
240007707,Property Damage Crash,02/16/2024 11:40:00 AM,NA,NA,Rear To Side,Clear,NA,Daylight,NA,NONE DETECTED,No,No Apparent Injury,NA,Not Distracted,MD,Passenger Car,Parked,0,No,2017,FORD,FUSION,39.05864164,-77.04728992,2024,2,11
240007650,Injury Crash,02/16/2024 11:30:00 AM,ROCKVILLE PIKE (SB/L),NA,Front to Rear,Clear,Dry,Daylight,Traffic Control Signal,NONE DETECTED,No,Possible Minor Injury,NA,Not Distracted,MD,Passenger Car,Stopped in Traffic,35,No,2022,KIA,SOUL,39.06690475,-77.12833011,2024,2,11
240007650,Injury Crash,02/16/2024 11:30:00 AM,ROCKVILLE PIKE (SB/L),NA,Front to Rear,Clear,Dry,Daylight,Traffic Control Signal,NONE DETECTED,Yes,No Apparent Injury,NA,Not Distracted,MD,Passenger Car,Changing Lanes,35,No,2004,TOYOTA,CAMRY,39.06690475,-77.12833011,2024,2,11
240007643,Property Damage Crash,02/16/2024 10:55:00 AM,UNIVERSITY BLVD W,NA,Other,Clear,Dry,Daylight,No Controls,NONE DETECTED,No,No Apparent Injury,NA,Not Distracted,MD,Passenger Car,Moving Constant Speed,30,No,2015,NISSAN,ALTIMA,39.02166067,-77.01535433,2024,2,10
240007643,Property Damage Crash,02/16/2024 10:55:00 AM,UNIVERSITY BLVD W,NA,Other,Clear,Dry,Daylight,Stop Sign,NONE DETECTED,Yes,No Apparent Injury,Failed to Yield Right-of-Way,Unknown,MD,Passenger Car,Entering Traffic Lane,30,No,2018,SUBARU,CROSSTREK,39.02166067,-77.01535433,2024,2,10
240007640,Injury Crash,02/16/2024 10:50:00 AM,EMORY LA,NA,Front to Rear,Clear,Dry,Daylight,Lane Use Control Signal,NONE DETECTED,No,Possible Minor Injury,NA,Unknown,MD,Passenger Car,Moving Constant Speed,45,No,2010,TOYOTA,COROLLA,39.12608066,-77.07219898,2024,2,10
240007640,Injury Crash,02/16/2024 10:50:00 AM,EMORY LA,NA,Front to Rear,Clear,Dry,Daylight,Lane Use Control Signal,NONE DETECTED,No,No Apparent Injury,NA,Not Distracted,MD,Passenger Car,Stopped in Traffic,45,No,2018,FORD,E-350,39.12608066,-77.07219898,2024,2,10
240007640,Injury Crash,02/16/2024 10:50:00 AM,EMORY LA,NA,Front to Rear,Clear,Dry,Daylight,Lane Use Control Signal,NONE DETECTED,No,No Apparent Injury,NA,Not Distracted,MD,Passenger Car,Stopped in Traffic,45,No,2012,TOYOTA,CAMRY,39.12608066,-77.07219898,2024,2,10
240007640,Injury Crash,02/16/2024 10:50:00 AM,EMORY LA,NA,Front to Rear,Clear,Dry,Daylight,Flashing Traffic Control Signal,NONE DETECTED,No,No Apparent Injury,NA,Not Distracted,MD,Passenger Car,Stopped in Traffic,45,No,2021,FORD,TRANSIT,39.12608066,-77.07219898,2024,2,10
240007634,Property Damage Crash,02/16/2024 10:20:00 AM,CONNECTICUT AVE,NA,Angle,Clear,Dry,Daylight,Stop Sign,NONE DETECTED,No,No Apparent Injury,NA,Not Distracted,MD,Passenger Car,Moving Constant Speed,35,No,2020,NISSAN,ALTIMA,39.07820867,-77.08079883,2024,2,10
240007634,Property Damage Crash,02/16/2024 10:20:00 AM,CONNECTICUT AVE,NA,Angle,Clear,Dry,Daylight,Stop Sign,NONE DETECTED,Yes,No Apparent Injury,NA,Unknown,MD,Passenger Car,Turning Left,35,No,2011,HONDA,CIVIC,39.07820867,-77.08079883,2024,2,10
240007612,Property Damage Crash,02/16/2024 08:10:00 AM,SHAKESPEARE BLVD,NA,Angle,Clear,Dry,Daylight,Traffic Control Signal,NONE DETECTED,Yes,No Apparent Injury,"Failed to Yield Right-of-Way, Improper Turn",Unknown,MD,Sport Utility Vehicle,Making U-Turn,45,No,2011,TOYOTA,RAV4,39.19817612,-77.24495791,2024,2,8
240007612,Property Damage Crash,02/16/2024 08:10:00 AM,SHAKESPEARE BLVD,NA,Angle,Clear,Dry,Daylight,Traffic Control Signal,NONE DETECTED,No,No Apparent Injury,NA,Not Distracted,MD,Passenger Car,Moving Constant Speed,45,No,2013,HYUNDAI,VELOSTER,39.19817612,-77.24495791,2024,2,8
240007606,Property Damage Crash,02/16/2024 07:54:00 AM,BRIXTON LA,NA,"Sideswipe, Same Direction",Clear,Dry,Daylight,No Controls,NONE DETECTED,Yes,No Apparent Injury,NA,Not Distracted,MD,Bus - School,Moving Constant Speed,20,No,2016,THOMAS BUILT,SCHOOL BUS,39.0165035,-77.13619833,2024,2,7
240007605,Property Damage Crash,02/16/2024 07:28:00 AM,DARNESTOWN RD,NA,Front to Rear,Clear,Dry,Daylight,No Controls,NONE DETECTED,Yes,No Apparent Injury,Too Fast For Conditions,Not Distracted,MD,Passenger Car,Moving Constant Speed,40,No,2023,BMW,X5,39.10244167,-77.22033667,2024,2,7
240007605,Property Damage Crash,02/16/2024 07:28:00 AM,DARNESTOWN RD,NA,Front to Rear,Clear,Dry,Daylight,No Controls,NONE DETECTED,No,No Apparent Injury,NA,Not Distracted,MD,Bus - Transit,Slowing or Stopping,40,No,2017,GILLIG,CITY TRANSIT BUS,39.10244167,-77.22033667,2024,2,7
240007602,Property Damage Crash,02/16/2024 07:25:00 AM,MEDWAY ST,NA,"Sideswipe, Opposite Direction",Clear,Dry,Daylight,No Controls,NONE DETECTED,No,No Apparent Injury,NA,Not Distracted,MD,Bus - School,Moving Constant Speed,25,No,2015,THOMAS BUILT,SCHOOL BUS,39.053134,-77.065521,2024,2,7
240007602,Property Damage Crash,02/16/2024 07:25:00 AM,MEDWAY ST,NA,"Sideswipe, Opposite Direction",Clear,Dry,Daylight,No Controls,NONE DETECTED,No,No Apparent Injury,NA,Not Distracted,MD,Bus - Other Type,Stopped in Traffic,25,No,2020,GILLIG,CITY TRANSIT BUS,39.053134,-77.065521,2024,2,7
240007581,Injury Crash,02/15/2024 10:45:00 PM,S FREDERICK RD,NA,Front to Rear,Clear,Dry,Medium,No Controls,ALCOHOL PRESENT,No,Possible Minor Injury,"Failed to Keep in Proper Lane, Followed Too Closely, Operated Motor Vehicle in Inattentive, Careless, Negligent, or Erratic Manner, Operated Motor Vehicle in Reckless or Aggressive Manner, Ran Off Roadway, Too Fast For Conditions",Unknown,DE,Other Trucks,Moving Constant Speed,35,No,2008,FORD,F-450,39.12863292,-77.18560703,2024,2,22
240007581,Injury Crash,02/15/2024 10:45:00 PM,S FREDERICK RD,NA,Front to Rear,Clear,Dry,Medium,No Controls,NONE DETECTED,No,No Apparent Injury,NA,Not Distracted,MD,Passenger Car,Moving Constant Speed,35,No,2019,KIA,SD,39.12863292,-77.18560703,2024,2,22
240007568,Property Damage Crash,02/15/2024 07:20:00 PM,GEORGIA AVE,NA,Angle,Clear,Dry,Medium,Traffic Control Signal,NONE DETECTED,No,No Apparent Injury,NA,Not Distracted,MD,Passenger Car,Moving Constant Speed,30,No,2018,MAZDA,CX-9,38.9945863,-77.02685447,2024,2,19
240007568,Property Damage Crash,02/15/2024 07:20:00 PM,GEORGIA AVE,NA,Angle,Clear,Dry,Medium,Traffic Control Signal,NONE DETECTED,Yes,No Apparent Injury,NA,Not Distracted,DE,Passenger Car,Turning Left,30,No,2024,HONDA,CIVIC,38.9945863,-77.02685447,2024,2,19
240007550,Injury Crash,02/15/2024 06:51:00 PM,NA,Cyclist (non-electric),Single Vehicle,Clear,Dry,Dark,No Controls,NONE DETECTED,Yes,No Apparent Injury,"Operated Motor Vehicle in Inattentive, Careless, Negligent, or Erratic Manner",Not Distracted,MD,Passenger Car,Moving Constant Speed,35,No,2000,TOYOTA,CAMRY,39.01542819,-77.04747522,2024,2,18
240007547,Property Damage Crash,02/15/2024 06:20:00 PM,LAYHILL RD,NA,Single Vehicle,Clear,Dry,Medium,No Controls,NONE DETECTED,No,No Apparent Injury,"Failed to Keep in Proper Lane, Over-Correcting/Over-Steering",Not Distracted,PA,Other,Moving Constant Speed,40,No,2020,FREIGHTLINER,FREIGHTLINER,39.11751087,-77.03624145,2024,2,18
240007544,Property Damage Crash,02/15/2024 05:26:00 PM,TAMARACK RD,NA,"Sideswipe, Same Direction",Clear,Dry,Daylight,No Controls,NONE DETECTED,No,No Apparent Injury,NA,Not Distracted,MD,Bus - School,Moving Constant Speed,30,No,2015,THOMAS BUILT,SCHOOL BUS,39.07760132,-76.97982608,2024,2,17
240007529,Injury Crash,02/15/2024 04:18:00 PM,CONNECTICUT AVE,NA,Front to Front,Clear,Dry,Daylight,Traffic Control Signal,NONE DETECTED,No,No Apparent Injury,Failed to Yield Right-of-Way,Not Distracted,MD,Passenger Car,Turning Left,35,No,1999,HONDA,ACCORD,39.05735749,-77.07338739,2024,2,16
240007529,Injury Crash,02/15/2024 04:18:00 PM,CONNECTICUT AVE,NA,Front to Front,Clear,Dry,Daylight,Traffic Control Signal,NONE DETECTED,No,No Apparent Injury,NA,Not Distracted,MD,Passenger Car,Moving Constant Speed,35,No,2018,HYUNDAI,SONATA,39.05735749,-77.07338739,2024,2,16
240007519,Injury Crash,02/15/2024 03:40:00 PM,TRAVILAH RD,NA,Angle,Clear,Dry,Daylight,Stop Sign,NONE DETECTED,No,No Apparent Injury,NA,Not Distracted,MD,Passenger Car,Accelerating,35,No,2023,FORD,F-150,39.0687643,-77.26325708,2024,2,15
240007519,Injury Crash,02/15/2024 03:40:00 PM,TRAVILAH RD,NA,Angle,Clear,Dry,Daylight,Stop Sign,NONE DETECTED,No,Possible Minor Injury,NA,Not Distracted,MD,Passenger Car,Accelerating,35,No,2014,HONDA,PILOT,39.0687643,-77.26325708,2024,2,15
240007537,Property Damage Crash,02/15/2024 02:00:00 PM,NA,NA,Other,Clear,NA,Daylight,No Controls,NONE DETECTED,No,NA,NA,NA,NA,NA,Backing,5,No,0,NA,NA,39.11526007,-77.20701316,2024,2,14