Local Case Number,ACRS Report Type,Crash Date/Time,Road Name,Related Non-Motorist,Collision Type,Weather,Surface Condition,Light,Traffic Control,Driver Substance Abuse,Driver At Fault,Injury Severity,Circumstance,Driver Distracted By,Drivers License State,Vehicle Body Type,Vehicle Movement,Speed Limit,Driverless Vehicle,Vehicle Year,Vehicle Make,Vehicle Model,Latitude,Longitude,Year,Month,Hour
240007149,Property Damage Crash,02/13/2024 11:50:00 AM,RAMP 1 FR RP 4 EB TO DEMOCRACY BLVD,NA,Other,Cloudy,Wet,Daylight,Traffic Control Signal,NONE DETECTED,No,No Apparent Injury,NA,Not Distracted,MD,Passenger Car,Turning Left,35,No,2021,TOYOTA,TACOMA,39.02163683,-77.14123847,2024,2,11
240007149,Property Damage Crash,02/13/2024 11:50:00 AM,RAMP 1 FR RP 4 EB TO DEMOCRACY BLVD,NA,Other,Cloudy,Wet,Daylight,Traffic Control Signal,NONE DETECTED,No,No Apparent Injury,NA,Unknown,MD,Passenger Car,Moving Constant Speed,35,No,2019,VOLVO,XC60,39.02163683,-77.14123847,2024,2,11
240007132,Injury Crash,02/13/2024 10:45:00 AM,ELLINGTON BLVD,Pedestrian,Single Vehicle,Rain,Wet,Daylight,No Controls,NONE DETECTED,No,No Apparent Injury,Too Fast For Conditions,Not Distracted,FL,Passenger Car,Slowing or Stopping,0,No,2017,HONDA,HONDA UTILITY VEHICLE,39.11489385,-77.20476717,2024,2,10
240007142,Injury Crash,02/13/2024 09:15:00 AM,PEARL ST,Pedestrian,Single Vehicle,Snow,Slush,Daylight,Traffic Control Signal,NONE DETECTED,Yes,No Apparent Injury,"Operated Motor Vehicle in Inattentive, Careless, Negligent, or Erratic Manner",Not Distracted,MD,Sport Utility Vehicle,Turning Left,25,No,2016,JEEP,UNKNOWN,38.98499677,-77.09115335,2024,2,9
240007111,Property Damage Crash,02/13/2024 08:31:00 AM,BAUER DR,NA,Front to Front,Snow,Wet,Daylight,No Controls,NONE DETECTED,Yes,No Apparent Injury,"Failed to Keep in Proper Lane, Operated Motor Vehicle in Inattentive, Careless, Negligent, or Erratic Manner","Other Action (looking away from task, etc.)",NJ,Sport Utility Vehicle,Moving Constant Speed,30,No,2021,HONDA,PASSPORT,39.0901985,-77.10665383,2024,2,8
240007103,Property Damage Crash,02/13/2024 07:38:00 AM,ROTHGEB DR,NA,Front to Rear,Rain,Slush,Daylight,Traffic Control Signal,NONE DETECTED,Yes,No Apparent Injury,Too Fast For Conditions,Not Distracted,DC,Passenger Car,Slowing or Stopping,35,No,2019,AUDI,A4,39.09572606,-77.13402331,2024,2,7
240007103,Property Damage Crash,02/13/2024 07:38:00 AM,ROTHGEB DR,NA,Front to Rear,Rain,Slush,Daylight,Traffic Control Signal,NONE DETECTED,No,No Apparent Injury,NA,Not Distracted,MD,Passenger Car,Slowing or Stopping,35,No,2019,JEEP,CHEROKEE,39.09572606,-77.13402331,2024,2,7
240007105,Property Damage Crash,02/13/2024 07:12:00 AM,NA,NA,Single Vehicle,Snow,NA,Medium,NA,NONE DETECTED,Yes,No Apparent Injury,Other Improper Action,Not Distracted,MD,Passenger Car,Accelerating,0,No,2019,TOYOTA,HIGHLANDER,39.13761343,-77.20641801,2024,2,7
240007101,Injury Crash,02/13/2024 06:42:00 AM,WMATA ENT,Pedestrian,Single Vehicle,Rain,Wet,Daylight,Pedestrian Crossing Sign,NONE DETECTED,Yes,No Apparent Injury,"Improper Turn, Other Improper Action",Unknown,MD,Bus - Transit,Turning Left,30,No,2011,GILLIG,CITY TRANSIT BUS,38.99420124,-77.03096797,2024,2,6
240007096,Property Damage Crash,02/13/2024 04:57:00 AM,NA,NA,Angle,Rain,Wet,Medium,Flashing Traffic Control Signal,NONE DETECTED,No,No Apparent Injury,NA,Not Distracted,MD,Passenger Car,Accelerating,45,No,2017,BUICK,LACROSSE,39.05721335,-77.1614221,2024,2,4
240007096,Property Damage Crash,02/13/2024 04:57:00 AM,NA,NA,Angle,Rain,Wet,Medium,Flashing Traffic Control Signal,NONE DETECTED,No,No Apparent Injury,NA,Not Distracted,MD,Passenger Car,Accelerating,45,No,2013,NISSAN,SENTRA,39.05721335,-77.1614221,2024,2,4
240007083,Property Damage Crash,02/12/2024 08:52:00 PM,NA,NA,"Sideswipe, Same Direction",Rain,Wet,Medium,Traffic Control Signal,NONE DETECTED,No,No Apparent Injury,NA,Not Distracted,MD,Passenger Car,Turning Right,25,No,2020,VOLVO,UNKNOWN,39.0562676,-77.1189462,2024,2,20
240007083,Property Damage Crash,02/12/2024 08:52:00 PM,NA,NA,"Sideswipe, Same Direction",Rain,Wet,Medium,Flashing Traffic Control Signal,NONE DETECTED,No,No Apparent Injury,NA,Not Distracted,DC,Passenger Car,Turning Right,25,No,2017,INFINITI,QX30,39.0562676,-77.1189462,2024,2,20
240007082,Property Damage Crash,02/12/2024 08:45:00 PM,NA,NA,"Sideswipe, Same Direction",Rain,Wet,Dark,No Controls,NONE DETECTED,Yes,No Apparent Injury,Operated Motor Vehicle in Reckless or Aggressive Manner,Not Distracted,MD,Other Trucks,Accelerating,25,No,1990,FORD,F-150,39.17843671,-77.23157441,2024,2,20
240007076,Injury Crash,02/12/2024 08:36:00 PM,MUSGROVE RD,Pedestrian,Single Vehicle,Rain,Wet,Medium,Lane Use Control Signal,NONE DETECTED,No,No Apparent Injury,NA,Not Distracted,DC,Passenger Car,Turning Left,55,No,2004,DODGE,NEON,39.06768364,-76.95952942,2024,2,20
240007211,Property Damage Crash,02/12/2024 08:10:00 PM,NA,NA,Front to Rear,Clear,NA,Dark,NA,NONE DETECTED,No,NA,NA,NA,NA,Passenger Car,Backing,0,No,2014,JEEP,PATRIOT,39.05245184,-77.11120867,2024,2,20
240007070,Injury Crash,02/12/2024 07:33:00 PM,PHILADELPHIA AVE,Pedestrian,Single Vehicle,Rain,Wet,Medium,No Controls,NONE DETECTED,No,No Apparent Injury,Failed to Yield Right-of-Way,Unknown,DC,Passenger Car,Turning Left,15,No,2015,MERCEDES-BENZ,300,38.98333776,-77.01572177,2024,2,19
240007066,Injury Crash,02/12/2024 07:33:00 PM,NA,Pedestrian,Single Vehicle,Rain,NA,Medium,No Controls,NONE DETECTED,No,No Apparent Injury,Other Improper Action,Unknown,MD,Sport Utility Vehicle,Moving Constant Speed,10,No,2021,TOYOTA,CAMRY,38.99614787,-77.02767684,2024,2,19
240007065,Injury Crash,02/12/2024 07:15:00 PM,SEVEN LOCKS RD,NA,Front to Front,Rain,Wet,Medium,Traffic Control Signal,NONE DETECTED,Yes,Possible Minor Injury,NA,Unknown,MD,Passenger Car,Turning Left,35,No,2014,TOYOTA,CAMRY SOLARA,39.04068985,-77.15900148,2024,2,19
240007065,Injury Crash,02/12/2024 07:15:00 PM,SEVEN LOCKS RD,NA,Front to Front,Rain,Wet,Medium,Traffic Control Signal,NONE DETECTED,Yes,Possible Minor Injury,NA,Unknown,VA,Passenger Car,Moving Constant Speed,35,No,2016,NISSAN,ALTIMA,39.04068985,-77.15900148,2024,2,19
240007064,Property Damage Crash,02/12/2024 07:00:00 PM,RIPPLING BROOK DR,NA,Single Vehicle,Rain,Wet,Dark,No Controls,NONE DETECTED,No,No Apparent Injury,NA,Unknown,MD,Passenger Car,Leaving Traffic Lane,20,No,2000,TOYOTA,CAMRY,39.08522053,-77.0552317,2024,2,19
240007048,Property Damage Crash,02/12/2024 05:40:00 PM,NA,NA,Front to Rear,Rain,Wet,Medium,Traffic Control Signal,NONE DETECTED,No,No Apparent Injury,Failed to Yield Right-of-Way,Not Distracted,MD,Passenger Car,Changing Lanes,35,No,2020,JEEP,CHEROKEE,39.00644105,-77.0976755,2024,2,17
240007048,Property Damage Crash,02/12/2024 05:40:00 PM,NA,NA,Front to Rear,Rain,Wet,Medium,Traffic Control Signal,NONE DETECTED,No,No Apparent Injury,NA,Not Distracted,MD,Passenger Car,Moving Constant Speed,35,No,2023,JEEP,GLADIATOR,39.00644105,-77.0976755,2024,2,17
240007050,Property Damage Crash,02/12/2024 03:48:00 PM,SHADY GROVE RD,NA,"Sideswipe, Same Direction",Cloudy,Wet,Daylight,No Controls,NONE DETECTED,No,No Apparent Injury,NA,Not Distracted,MD,Pickup,Slowing or Stopping,45,No,2024,GMC,C/K PICKUP,39.13481909,-77.15683975,2024,2,15
240007050,Property Damage Crash,02/12/2024 03:48:00 PM,SHADY GROVE RD,NA,"Sideswipe, Same Direction",Cloudy,Wet,Daylight,No Controls,NONE DETECTED,No,No Apparent Injury,NA,Not Distracted,MD,Other Trucks,Changing Lanes,45,No,2017,FREIGHTLINER,FREIGHTLINER,39.13481909,-77.15683975,2024,2,15
240007028,Property Damage Crash,02/12/2024 03:46:00 PM,UNIVERSITY BLVD W,NA,"Sideswipe, Same Direction",Clear,Dry,Daylight,Traffic Control Signal,NONE DETECTED,No,No Apparent Injury,NA,Not Distracted,MD,Passenger Car,Stopped in Traffic,20,No,2021,BMW,X3,39.0374874,-77.05961288,2024,2,15
240007028,Property Damage Crash,02/12/2024 03:46:00 PM,UNIVERSITY BLVD W,NA,"Sideswipe, Same Direction",Clear,Dry,Daylight,Traffic Control Signal,NONE DETECTED,No,No Apparent Injury,NA,Not Distracted,MD,Passenger Car,Turning Right,20,No,2009,HONDA,FIT,39.0374874,-77.05961288,2024,2,15
240007024,Injury Crash,02/12/2024 03:32:00 PM,CLARKSBURG RD,NA,Angle,Rain,Wet,Daylight,Traffic Control Signal,NONE DETECTED,No,No Apparent Injury,NA,Not Distracted,MD,Passenger Car,Moving Constant Speed,40,No,2024,HONDA,ACCORD,39.2328061,-77.28374149,2024,2,15
240007024,Injury Crash,02/12/2024 03:32:00 PM,CLARKSBURG RD,NA,Angle,Rain,Wet,Daylight,Traffic Control Signal,NONE DETECTED,Yes,Possible Minor Injury,Failed to Yield Right-of-Way,Not Distracted,MD,Sport Utility Vehicle,Turning Left,40,No,2017,JEEP,RENEGADE,39.2328061,-77.28374149,2024,2,15
240007013,Property Damage Crash,02/12/2024 03:00:00 PM,NA,NA,Single Vehicle,Cloudy,Wet,Daylight,No Controls,NONE DETECTED,Yes,No Apparent Injury,NA,Not Distracted,MD,Passenger Car,Moving Constant Speed,35,No,2009,TOYOTA,TACOMA,39.188507,-77.21787417,2024,2,15
240007004,Property Damage Crash,02/12/2024 02:30:00 PM,NA,NA,Front to Rear,Cloudy,Dry,Daylight,Traffic Control Signal,NONE DETECTED,No,No Apparent Injury,NA,Not Distracted,MD,Passenger Car,Stopped in Traffic,35,No,2016,FORD,FUSION,39.16900367,-77.19080683,2024,2,14
240007004,Property Damage Crash,02/12/2024 02:30:00 PM,NA,NA,Front to Rear,Cloudy,Dry,Daylight,Traffic Control Signal,NONE DETECTED,No,No Apparent Injury,NA,Not Distracted,MD,Passenger Car,Stopped in Traffic,35,No,2012,VOLKSWAGEN,GOLF,39.16900367,-77.19080683,2024,2,14
240007004,Property Damage Crash,02/12/2024 02:30:00 PM,NA,NA,Front to Rear,Cloudy,Dry,Daylight,Traffic Control Signal,NONE DETECTED,Yes,No Apparent Injury,NA,Not Distracted,NY,Passenger Car,Slowing or Stopping,35,No,2011,BUICK,LACROSSE,39.16900367,-77.19080683,2024,2,14
240007002,Property Damage Crash,02/12/2024 02:07:00 PM,NA,NA,Other,Clear,NA,Daylight,NA,NONE DETECTED,Yes,No Apparent Injury,NA,Not Distracted,US,Passenger Car,NA,0,No,2017,VOLKSWAGEN,JETTA,39.05589111,-77.11746263,2024,2,14
240007003,Injury Crash,02/12/2024 01:51:00 PM,MUNCASTER RD,NA,Angle,Clear,Dry,Daylight,Stop Sign,NONE DETECTED,No,Possible Minor Injury,NA,Not Distracted,MD,Passenger Car,Moving Constant Speed,35,No,2013,HONDA,CIVIC,39.18122493,-77.1148746,2024,2,13
240007003,Injury Crash,02/12/2024 01:51:00 PM,MUNCASTER RD,NA,Angle,Clear,Dry,Daylight,Stop Sign,NONE DETECTED,No,Possible Minor Injury,NA,Unknown,MD,Passenger Car,Turning Left,35,No,2010,MAZDA,MAZDA3,39.18122493,-77.1148746,2024,2,13
240006996,Injury Crash,02/12/2024 01:50:00 PM,AIRCRAFT DR,NA,"Sideswipe, Same Direction",Clear,Dry,Daylight,Traffic Control Signal,NONE DETECTED,No,No Apparent Injury,NA,Not Distracted,MD,Bus - Transit,Moving Constant Speed,30,No,2014,GILLIG,LOW FLOOR BUS,39.18281068,-77.26082011,2024,2,13
240006996,Injury Crash,02/12/2024 01:50:00 PM,AIRCRAFT DR,NA,"Sideswipe, Same Direction",Clear,Dry,Daylight,Traffic Control Signal,NONE DETECTED,Yes,No Apparent Injury,"Failed to Keep in Proper Lane, Other Improper Action","Other Action (looking away from task, etc.)",MD,Passenger Car,Changing Lanes,30,No,2019,HYUNDAI,ELANTRA,39.18281068,-77.26082011,2024,2,13
240006984,Property Damage Crash,02/12/2024 01:22:00 PM,GEORGIA AVE,NA,"Sideswipe, Same Direction",Cloudy,Dry,Daylight,No Controls,NONE DETECTED,No,No Apparent Injury,NA,Unknown,DC,Truck Tractor,Changing Lanes,30,No,2017,FREIGHTLINER,UNKNOWN,38.9911325,-77.02648383,2024,2,13
240006984,Property Damage Crash,02/12/2024 01:22:00 PM,GEORGIA AVE,NA,"Sideswipe, Same Direction",Cloudy,Dry,Daylight,No Controls,NONE DETECTED,No,No Apparent Injury,NA,Not Distracted,DC,Passenger Car,Moving Constant Speed,30,No,2016,TOYOTA,COROLLA,38.9911325,-77.02648383,2024,2,13
240006967,Property Damage Crash,02/12/2024 12:06:00 PM,NA,NA,"Sideswipe, Same Direction",Cloudy,Dry,Daylight,Traffic Control Signal,NONE DETECTED,Yes,No Apparent Injury,"Failed to Keep in Proper Lane, Operated Motor Vehicle in Inattentive, Careless, Negligent, or Erratic Manner",Unknown,VA,Passenger Car,Changing Lanes,25,No,2006,GMC,ENVOY,38.98760667,-77.09889117,2024,2,12
240006967,Property Damage Crash,02/12/2024 12:06:00 PM,NA,NA,"Sideswipe, Same Direction",Cloudy,Dry,Daylight,Traffic Control Signal,NONE DETECTED,No,No Apparent Injury,NA,Not Distracted,MD,Bus - Transit,Moving Constant Speed,25,No,2012,GILLIG,LOW FLOOR BUS,38.98760667,-77.09889117,2024,2,12
240006949,Injury Crash,02/12/2024 10:47:00 AM,ROCKVILLE PIKE (SB/L),NA,Front to Rear,Cloudy,Dry,Daylight,No Controls,NONE DETECTED,Yes,No Apparent Injury,Followed Too Closely,Not Distracted,MD,Passenger Car,Slowing or Stopping,35,No,2024,AUDI,A4,39.00021833,-77.097055,2024,2,10
240006949,Injury Crash,02/12/2024 10:47:00 AM,ROCKVILLE PIKE (SB/L),NA,Front to Rear,Cloudy,Dry,Daylight,No Controls,NONE DETECTED,No,Possible Minor Injury,NA,Not Distracted,MD,Sport Utility Vehicle,Stopped in Traffic,35,No,2015,CHEVROLET,TAHOE,39.00021833,-77.097055,2024,2,10
240006947,Property Damage Crash,02/12/2024 10:11:00 AM,NICHOLSON LA,NA,"Sideswipe, Same Direction",Cloudy,Dry,Daylight,No Controls,NONE DETECTED,No,No Apparent Injury,NA,Not Distracted,VA,Passenger Car,Turning Right,30,No,2015,ACURA,MDX,39.044909,-77.10927467,2024,2,10
240006947,Property Damage Crash,02/12/2024 10:11:00 AM,NICHOLSON LA,NA,"Sideswipe, Same Direction",Cloudy,Dry,Daylight,No Controls,NONE DETECTED,No,No Apparent Injury,NA,Not Distracted,MD,Passenger Car,Moving Constant Speed,30,No,2022,FORD,MUSTANG,39.044909,-77.10927467,2024,2,10
240006941,Property Damage Crash,02/12/2024 09:45:00 AM,LAYHILL RD (SB/L),NA,Angle,Cloudy,Dry,Daylight,Traffic Control Signal,NONE DETECTED,No,No Apparent Injury,NA,Unknown,MD,Passenger Car,Moving Constant Speed,35,No,2020,HONDA,CIVIC,39.09053915,-77.04490454,2024,2,9
240006941,Property Damage Crash,02/12/2024 09:45:00 AM,LAYHILL RD (SB/L),NA,Angle,Cloudy,Dry,Daylight,Traffic Control Signal,NONE DETECTED,Yes,No Apparent Injury,NA,Unknown,MD,Passenger Car,Turning Right,35,No,2006,HONDA,CIVIC,39.09053915,-77.04490454,2024,2,9
240006941,Property Damage Crash,02/12/2024 09:45:00 AM,LAYHILL RD (SB/L),NA,Angle,Cloudy,Dry,Daylight,Traffic Control Signal,NONE DETECTED,No,No Apparent Injury,NA,Not Distracted,MD,Passenger Car,Moving Constant Speed,35,No,2016,JEEP,WRANGLER,39.09053915,-77.04490454,2024,2,9
240006930,Property Damage Crash,02/12/2024 08:45:00 AM,POOKS HILL RD (EB/L),NA,Angle,Cloudy,Wet,Daylight,Traffic Control Signal,NONE DETECTED,No,No Apparent Injury,NA,Not Distracted,MD,Passenger Car,Stopped in Traffic,30,No,2012,MAZDA,MAZDA3,39.01483159,-77.09991939,2024,2,8
240006930,Property Damage Crash,02/12/2024 08:45:00 AM,POOKS HILL RD (EB/L),NA,Angle,Cloudy,Wet,Daylight,Traffic Control Signal,NONE DETECTED,No,No Apparent Injury,NA,Not Distracted,MD,Station Wagon,Stopped in Traffic,25,No,2018,SUBARU,OUTBACK,39.01483159,-77.09991939,2024,2,8
240006930,Property Damage Crash,02/12/2024 08:45:00 AM,POOKS HILL RD (EB/L),NA,Angle,Cloudy,Wet,Daylight,Traffic Control Signal,NONE DETECTED,No,No Apparent Injury,NA,Not Distracted,MD,Bus - School,Stopped in Traffic,30,No,2021,THOMAS BUILT,SCHOOL BUS,39.01483159,-77.09991939,2024,2,8
240006930,Property Damage Crash,02/12/2024 08:45:00 AM,POOKS HILL RD (EB/L),NA,Angle,Cloudy,Wet,Daylight,Traffic Control Signal,NONE DETECTED,Yes,No Apparent Injury,Too Fast For Conditions,Unknown,MD,Sport Utility Vehicle,Turning Right,35,No,2023,TESLA,MODEL Y,39.01483159,-77.09991939,2024,2,8
240006919,Property Damage Crash,02/12/2024 07:39:00 AM,SHORE HARBOUR DR,NA,Single Vehicle,Cloudy,Wet,Daylight,No Controls,NONE DETECTED,No,NA,NA,NA,NA,Single-Unit Truck,Moving Constant Speed,0,No,2020,FREIGHTLINER,M2,39.18917667,-77.28422333,2024,2,7
240006929,Property Damage Crash,02/12/2024 07:20:00 AM,MONTGOMERY VILLAGE AVE (SB/L),NA,"Sideswipe, Same Direction",Clear,Dry,Daylight,No Controls,NONE DETECTED,No,No Apparent Injury,NA,Not Distracted,MD,Passenger Car,Moving Constant Speed,35,No,2017,SUBARU,WRX,39.17037966,-77.20426313,2024,2,7
240006929,Property Damage Crash,02/12/2024 07:20:00 AM,MONTGOMERY VILLAGE AVE (SB/L),NA,"Sideswipe, Same Direction",Clear,Dry,Daylight,No Controls,NONE DETECTED,No,NA,NA,NA,NA,Passenger Car,Changing Lanes,35,No,2012,DODGE,CHARGER,39.17037966,-77.20426313,2024,2,7
240006976,Property Damage Crash,02/12/2024 06:30:00 AM,NA,NA,"Sideswipe, Same Direction",Clear,NA,Medium,NA,NONE DETECTED,No,No Apparent Injury,NA,Unknown,MD,Passenger Car,Backing,0,No,2017,HYUNDAI,ELANTRA,38.99941747,-77.00754712,2024,2,6
240006904,Property Damage Crash,02/12/2024 02:15:00 AM,NA,NA,Single Vehicle,Clear,Wet,Medium,No Controls,NONE DETECTED,No,No Apparent Injury,Too Fast For Conditions,Not Distracted,MD,Passenger Car,Moving Constant Speed,35,No,2012,JEEP,CHEROKEE,39.00093911,-77.02552133,2024,2,2
240006898,Injury Crash,02/12/2024 12:04:00 AM,CONNECTICUT AVE (SB/L),NA,Front to Rear,Clear,Dry,Medium,Traffic Control Signal,NONE DETECTED,No,Possible Minor Injury,NA,Not Distracted,VA,Sport Utility Vehicle,Stopped in Traffic,35,No,2012,JEEP,LIBERTY,39.05181228,-77.07485583,2024,2,0
240006898,Injury Crash,02/12/2024 12:04:00 AM,CONNECTICUT AVE (SB/L),NA,Front to Rear,Clear,Dry,Medium,Traffic Control Signal,ALCOHOL PRESENT,Yes,Possible Minor Injury,Ran Red Light,Unknown,MD,Passenger Car,Moving Constant Speed,35,No,2017,HONDA,CIVIC,39.05181228,-77.07485583,2024,2,0
240006882,Property Damage Crash,02/11/2024 08:01:00 PM,NA,NA,Other,Clear,NA,Medium,NA,ALCOHOL PRESENT,Yes,No Apparent Injury,NA,Unknown,TX,Passenger Car,NA,0,No,2021,CHRYSLER,300,39.11512939,-77.19699521,2024,2,20
240006879,Injury Crash,02/11/2024 07:56:00 PM,HUNGERFORD DR (SB/L),NA,Front to Front,Clear,Dry,Medium,Traffic Control Signal,NONE DETECTED,No,Possible Minor Injury,NA,Unknown,MD,Passenger Car,Accelerating,35,No,2014,TOYOTA,PRIUS,39.0904769,-77.1526656,2024,2,19
240006879,Injury Crash,02/11/2024 07:56:00 PM,HUNGERFORD DR (SB/L),NA,Front to Front,Clear,Dry,Medium,Traffic Control Signal,NONE DETECTED,No,Possible Minor Injury,NA,Not Distracted,MD,Passenger Car,Moving Constant Speed,35,No,2019,VOLKSWAGEN,JETTA,39.0904769,-77.1526656,2024,2,19
240006877,Property Damage Crash,02/11/2024 07:00:00 PM,BRINK RD,NA,Front to Front,Clear,Dry,Dark,No Controls,ALCOHOL PRESENT,Yes,No Apparent Injury,"Improper Passing, Operated Motor Vehicle in Inattentive, Careless, Negligent, or Erratic Manner, Operated Motor Vehicle in Reckless or Aggressive Manner, Too Fast For Conditions, Wrong Way",Unknown,MD,Passenger Car,Overtaking/Passing,40,No,2010,MAZDA,MAZDA3,39.20765481,-77.22392349,2024,2,19
240006877,Property Damage Crash,02/11/2024 07:00:00 PM,BRINK RD,NA,Front to Front,Clear,Dry,Dark,No Controls,NONE DETECTED,No,No Apparent Injury,NA,Not Distracted,NY,Passenger Car,Moving Constant Speed,40,No,2022,TOYOTA,CAMRY,39.20765481,-77.22392349,2024,2,19
240006877,Property Damage Crash,02/11/2024 07:00:00 PM,BRINK RD,NA,Front to Front,Clear,Dry,Dark,No Controls,NONE DETECTED,No,No Apparent Injury,NA,Not Distracted,VA,Passenger Car,Moving Constant Speed,40,No,2002,LINCOLN,TOWN CAR,39.20765481,-77.22392349,2024,2,19
240006876,Property Damage Crash,02/11/2024 06:45:00 PM,NA,NA,Front to Rear,Cloudy,Dry,Medium,Traffic Control Signal,NONE DETECTED,No,No Apparent Injury,NA,Not Distracted,MD,Station Wagon,Slowing or Stopping,35,No,2022,MAZDA,CX-5,39.05391739,-77.10678276,2024,2,18
240006876,Property Damage Crash,02/11/2024 06:45:00 PM,NA,NA,Front to Rear,Cloudy,Dry,Medium,Traffic Control Signal,NONE DETECTED,No,No Apparent Injury,Followed Too Closely,"Other Action (looking away from task, etc.)",MD,Van - Passenger (&lt;9 Seats),Moving Constant Speed,35,No,2017,CHEVROLET,EXPRESS,39.05391739,-77.10678276,2024,2,18
240006873,Property Damage Crash,02/11/2024 06:17:00 PM,NA,NA,Front to Rear,Clear,Dry,Medium,Traffic Control Signal,ALCOHOL PRESENT,No,No Apparent Injury,Other Improper Action,Unknown,MD,Passenger Car,Moving Constant Speed,35,No,2018,VOLKSWAGEN,ATLAS,39.15933098,-77.21888249,2024,2,18
240006873,Property Damage Crash,02/11/2024 06:17:00 PM,NA,NA,Front to Rear,Clear,Dry,Medium,Traffic Control Signal,NONE DETECTED,No,No Apparent Injury,NA,Not Distracted,MD,Passenger Car,Moving Constant Speed,35,No,2014,CADILLAC,CTS,39.15933098,-77.21888249,2024,2,18
240006872,Property Damage Crash,02/11/2024 06:11:00 PM,VEIRS MILL RD (WB/L),NA,Angle,Clear,Dry,Medium,No Controls,NONE DETECTED,No,No Apparent Injury,NA,Not Distracted,MD,Passenger Car,Entering Traffic Lane,40,No,2015,MAZDA,CX-5,39.07555866,-77.11717521,2024,2,18
240006867,Property Damage Crash,02/11/2024 05:00:00 PM,WHEATON HILL DR,NA,Single Vehicle,Clear,Dry,Daylight,No Controls,NONE DETECTED,Yes,No Apparent Injury,"Disregard Officer Directions, Operated Motor Vehicle in Inattentive, Careless, Negligent, or Erratic Manner, Operated Motor Vehicle in Reckless or Aggressive Manner, Ran Off Roadway, Too Fast For Conditions","Other Action (looking away from task, etc.)",NA,Passenger Car,Moving Constant Speed,25,No,2019,KIA,SOUL,39.04215757,-77.05499868,2024,2,17
240006840,Injury Crash,02/11/2024 02:08:00 PM,CLOPPER RD,NA,Front to Front,Rain,Wet,Daylight,No Controls,NONE DETECTED,Yes,Possible Minor Injury,"Over-Correcting/Over-Steering, Ran Off Roadway, Too Fast For Conditions",Not Distracted,MD,Sport Utility Vehicle,Negotiating a Curve,35,No,2004,CHEVROLET,TAHOE,39.17883667,-77.30138167,2024,2,14
240006840,Injury Crash,02/11/2024 02:08:00 PM,CLOPPER RD,NA,Front to Front,Rain,Wet,Daylight,No Controls,NONE DETECTED,No,No Apparent Injury,NA,Not Distracted,MD,Passenger Car,Backing,35,No,2017,HONDA,ACCORD,39.17883667,-77.30138167,2024,2,14
240006839,Property Damage Crash,02/11/2024 01:59:00 PM,GEORGIA AVE,NA,Front to Rear,Cloudy,Wet,Daylight,No Controls,NONE DETECTED,Yes,No Apparent Injury,Too Fast For Conditions,Unknown,MD,Pickup,Moving Constant Speed,35,No,2003,CHEVROLET,SILVERADO,39.09378817,-77.079369,2024,2,13
240006839,Property Damage Crash,02/11/2024 01:59:00 PM,GEORGIA AVE,NA,Front to Rear,Cloudy,Wet,Daylight,No Controls,NONE DETECTED,No,No Apparent Injury,NA,Not Distracted,MD,Passenger Car,Slowing or Stopping,35,No,2010,HONDA,CIVIC,39.09378817,-77.079369,2024,2,13
240006839,Property Damage Crash,02/11/2024 01:59:00 PM,GEORGIA AVE,NA,Front to Rear,Cloudy,Wet,Daylight,No Controls,NONE DETECTED,No,No Apparent Injury,NA,Not Distracted,MD,Passenger Car,Parked,35,No,2017,CHEVROLET,CRUZE,39.09378817,-77.079369,2024,2,13