Local Case Number,ACRS Report Type,Crash Date/Time,Road Name,Related Non-Motorist,Collision Type,Weather,Surface Condition,Light,Traffic Control,Driver Substance Abuse,Driver At Fault,Injury Severity,Circumstance,Driver Distracted By,Drivers License State,Vehicle Body Type,Vehicle Movement,Speed Limit,Driverless Vehicle,Vehicle Year,Vehicle Make,Vehicle Model,Latitude,Longitude,Year,Month,Hour
240006229,Injury Crash,02/07/2024 09:18:00 PM,BRINK RD (WB/L),NA,Front to Front,Clear,Dry,Dark,No Controls,ALCOHOL PRESENT,Yes,No Apparent Injury,NA,Unknown,MD,Pickup,Moving Constant Speed,35,No,2014,FORD,F-150,39.20768167,-77.22488833,2024,2,21
240006229,Injury Crash,02/07/2024 09:18:00 PM,BRINK RD (WB/L),NA,Front to Front,Clear,Dry,Dark,No Controls,NONE DETECTED,No,Possible Minor Injury,NA,Not Distracted,MD,Van - Passenger (&lt;9 Seats),Moving Constant Speed,35,No,2011,TOYOTA,SIENNA,39.20768167,-77.22488833,2024,2,21
240006219,Property Damage Crash,02/07/2024 08:14:00 PM,NA,NA,Front to Front,Clear,Dry,Medium,Traffic Control Signal,NONE DETECTED,No,No Apparent Injury,Failed to Yield Right-of-Way,Not Distracted,MD,Passenger Car,Turning Left,35,No,2018,LEXUS,ES,39.01937791,-77.21108425,2024,2,20
240006219,Property Damage Crash,02/07/2024 08:14:00 PM,NA,NA,Front to Front,Clear,Dry,Medium,Traffic Control Signal,NONE DETECTED,No,No Apparent Injury,NA,Not Distracted,US,Passenger Car,Moving Constant Speed,35,No,2010,TOYOTA,PRIUS,39.01937791,-77.21108425,2024,2,20
240006241,Property Damage Crash,02/07/2024 07:41:00 PM,MUNCASTER MILL RD,NA,Front to Rear,Clear,Dry,Medium,Traffic Control Signal,NONE DETECTED,No,NA,NA,NA,NA,Sport Utility Vehicle,Changing Lanes,40,No,2010,LEXUS,RX,39.13263367,-77.12139815,2024,2,19
240006241,Property Damage Crash,02/07/2024 07:41:00 PM,MUNCASTER MILL RD,NA,Front to Rear,Clear,Dry,Medium,Traffic Control Signal,NONE DETECTED,No,No Apparent Injury,NA,Not Distracted,MD,Van - Passenger (&lt;9 Seats),Stopped in Traffic,40,No,2019,HONDA,ODYSSEY,39.13263367,-77.12139815,2024,2,19
240006204,Property Damage Crash,02/07/2024 06:31:00 PM,NEW HAMPSHIRE AVE (SB/L),NA,Front to Rear,Clear,Dry,Medium,No Controls,NONE DETECTED,No,No Apparent Injury,NA,Not Distracted,MD,Passenger Car,Stopped in Traffic,35,No,2016,NISSAN,MURANO,38.97578425,-76.99383209,2024,2,18
240006204,Property Damage Crash,02/07/2024 06:31:00 PM,NEW HAMPSHIRE AVE (SB/L),NA,Front to Rear,Clear,Dry,Medium,No Controls,NONE DETECTED,No,No Apparent Injury,"Operated Motor Vehicle in Inattentive, Careless, Negligent, or Erratic Manner","Other Action (looking away from task, etc.)",DC,Passenger Car,Accelerating,35,No,2009,SATURN,AURA,38.97578425,-76.99383209,2024,2,18
240006199,Property Damage Crash,02/07/2024 05:45:00 PM,MONTGOMERY AVE,NA,Single Vehicle,Clear,Dry,Dark,No Controls,NONE DETECTED,No,No Apparent Injury,NA,Not Distracted,MD,Passenger Car,Moving Constant Speed,25,No,2015,CHRYSLER,200,38.98492453,-77.0870945,2024,2,17
240006198,Property Damage Crash,02/07/2024 05:31:00 PM,FREDERICK RD,NA,"Sideswipe, Same Direction",Clear,Dry,Medium,No Controls,NONE DETECTED,No,No Apparent Injury,NA,Not Distracted,MD,Bus - Transit,Entering Traffic Lane,45,No,2014,GILLIG,CITY TRANSIT BUS,39.18217833,-77.238215,2024,2,17
240006198,Property Damage Crash,02/07/2024 05:31:00 PM,FREDERICK RD,NA,"Sideswipe, Same Direction",Clear,Dry,Medium,No Controls,NONE DETECTED,Yes,No Apparent Injury,NA,Talking/listening,MD,Passenger Car,Turning Right,45,No,2012,HYUNDAI,ELANTRA,39.18217833,-77.238215,2024,2,17
240006191,Injury Crash,02/07/2024 05:20:00 PM,GRACEFIELD RD,NA,Angle,Cloudy,Dry,Daylight,Stop Sign,NONE DETECTED,Yes,No Apparent Injury,NA,Unknown,MD,Passenger Car,Moving Constant Speed,25,No,2017,TOYOTA,COROLLA,39.05692533,-76.95116583,2024,2,17
240006191,Injury Crash,02/07/2024 05:20:00 PM,GRACEFIELD RD,NA,Angle,Cloudy,Dry,Daylight,No Controls,NONE DETECTED,Yes,Possible Minor Injury,NA,Unknown,MD,Pickup,Moving Constant Speed,35,No,2002,CHEVROLET,SILVERADO,39.05692533,-76.95116583,2024,2,17
240006192,Property Damage Crash,02/07/2024 05:14:00 PM,DIAMONDBACK DR (WB/L),NA,Rear To Side,Clear,Dry,Medium,Traffic Control Signal,NONE DETECTED,Yes,No Apparent Injury,Failed to Yield Right-of-Way,Unknown,MD,Passenger Car,Turning Left,25,No,2010,TOYOTA,COROLLA,39.11536248,-77.21316397,2024,2,17
240006192,Property Damage Crash,02/07/2024 05:14:00 PM,DIAMONDBACK DR (WB/L),NA,Rear To Side,Clear,Dry,Medium,Traffic Control Signal,NONE DETECTED,No,No Apparent Injury,NA,Not Distracted,MD,Passenger Car,Moving Constant Speed,25,No,2017,HONDA,ACCORD,39.11536248,-77.21316397,2024,2,17
240006193,Injury Crash,02/07/2024 05:09:00 PM,GEORGIA AVE,NA,Front to Rear,Clear,Dry,Daylight,Traffic Control Signal,NONE DETECTED,Yes,No Apparent Injury,Followed Too Closely,"Other Action (looking away from task, etc.)",MD,Passenger Car,Accelerating,35,No,2016,TOYOTA,COROLLA,39.0525455,-77.05100383,2024,2,17
240006193,Injury Crash,02/07/2024 05:09:00 PM,GEORGIA AVE,NA,Front to Rear,Clear,Dry,Daylight,Traffic Control Signal,NONE DETECTED,No,Possible Minor Injury,NA,Not Distracted,MD,Passenger Car,Stopped in Traffic,35,No,2014,FORD,FUSION,39.0525455,-77.05100383,2024,2,17
240006190,Property Damage Crash,02/07/2024 04:34:00 PM,NA,NA,Front to Rear,Clear,NA,Daylight,No Controls,NONE DETECTED,No,NA,Over-Correcting/Over-Steering,Unknown,NA,Passenger Car,Turning Left,10,No,2005,TOYOTA,HIGHLANDER,39.14571605,-77.14521492,2024,2,16
240006174,Injury Crash,02/07/2024 03:59:00 PM,NA,NA,Angle,Clear,Dry,Daylight,Traffic Control Signal,NONE DETECTED,No,No Apparent Injury,NA,Not Distracted,MD,Passenger Car,Moving Constant Speed,35,No,2005,MERCEDES-BENZ,560,39.1597975,-77.07728233,2024,2,15
240006174,Injury Crash,02/07/2024 03:59:00 PM,NA,NA,Angle,Clear,Dry,Daylight,Traffic Control Signal,NONE DETECTED,Yes,Possible Minor Injury,Failed to Yield Right-of-Way,Not Distracted,MD,Sport Utility Vehicle,Turning Left,35,No,2013,NISSAN,ROGUE SELECT,39.1597975,-77.07728233,2024,2,15
240006178,Property Damage Crash,02/07/2024 03:45:00 PM,NA,NA,"Sideswipe, Same Direction",Clear,NA,Daylight,NA,NONE DETECTED,No,No Apparent Injury,NA,Not Distracted,MD,Bus - School,Negotiating a Curve,0,No,2019,THOMAS BUILT,SCHOOL BUS,39.09160408,-76.98726058,2024,2,15
240006178,Property Damage Crash,02/07/2024 03:45:00 PM,NA,NA,"Sideswipe, Same Direction",Clear,NA,Daylight,NA,NONE DETECTED,No,No Apparent Injury,NA,Not Distracted,MD,Bus - Other Type,Parked,0,No,2018,THOMAS BUILT,SCHOOL BUS,39.09160408,-76.98726058,2024,2,15
240006171,Property Damage Crash,02/07/2024 03:37:00 PM,RAMP 1 FR RAMP 4 (FR IS270) TO RIDGE RD,NA,Front to Front,Clear,Dry,Daylight,Traffic Control Signal,NONE DETECTED,Yes,No Apparent Injury,Ran Red Light,Unknown,TX,Passenger Car,Moving Constant Speed,40,No,2010,MAZDA,MAZDA3,39.19886296,-77.26055885,2024,2,15
240006171,Property Damage Crash,02/07/2024 03:37:00 PM,RAMP 1 FR RAMP 4 (FR IS270) TO RIDGE RD,NA,Front to Front,Clear,Dry,Daylight,Traffic Control Signal,NONE DETECTED,No,No Apparent Injury,NA,Not Distracted,MD,Passenger Car,Turning Left,40,No,2019,HONDA,CR-V,39.19886296,-77.26055885,2024,2,15
240006175,Property Damage Crash,02/07/2024 03:36:00 PM,GREAT SENECA HWY (SB/L),NA,Front to Rear,Clear,Other,Daylight,No Controls,NONE DETECTED,No,No Apparent Injury,NA,Not Distracted,MD,Passenger Car,Moving Constant Speed,50,No,2016,CHRYSLER,300,39.13055563,-77.24006928,2024,2,15
240006175,Property Damage Crash,02/07/2024 03:36:00 PM,GREAT SENECA HWY (SB/L),NA,Front to Rear,Clear,Other,Daylight,No Controls,NONE DETECTED,No,No Apparent Injury,NA,Not Distracted,MD,Passenger Car,Moving Constant Speed,50,No,2018,KIA,NIRO,39.13055563,-77.24006928,2024,2,15
240006175,Property Damage Crash,02/07/2024 03:36:00 PM,GREAT SENECA HWY (SB/L),NA,Front to Rear,Clear,Other,Daylight,Stop Sign,NONE DETECTED,No,No Apparent Injury,Failed to Yield Right-of-Way,Not Distracted,MD,Sport Utility Vehicle,Accelerating,50,No,2013,FORD,EDGE,39.13055563,-77.24006928,2024,2,15
240006169,Property Damage Crash,02/07/2024 03:19:00 PM,BRADMOOR DR (SB/L),NA,"Sideswipe, Same Direction",Clear,Dry,Daylight,No Controls,NONE DETECTED,No,No Apparent Injury,NA,Not Distracted,MD,Bus - School,Parked,20,No,2017,THOMAS BUILT,SCHOOL BUS,39.00283167,-77.123025,2024,2,15
240006169,Property Damage Crash,02/07/2024 03:19:00 PM,BRADMOOR DR (SB/L),NA,"Sideswipe, Same Direction",Clear,Dry,Daylight,No Controls,NONE DETECTED,No,No Apparent Injury,Improper Passing,Not Distracted,MD,Pickup,Moving Constant Speed,20,No,2020,RAM,5500,39.00283167,-77.123025,2024,2,15
240006164,Property Damage Crash,02/07/2024 03:03:00 PM,RANDOLPH RD,NA,Front to Rear,Clear,Dry,Daylight,Pedestrian Crossing,NONE DETECTED,No,No Apparent Injury,NA,Not Distracted,MD,Passenger Car,Slowing or Stopping,35,No,2018,AUDI,A4,39.05900296,-77.06516868,2024,2,15
240006164,Property Damage Crash,02/07/2024 03:03:00 PM,RANDOLPH RD,NA,Front to Rear,Clear,Dry,Daylight,Pedestrian Crossing,NONE DETECTED,Yes,No Apparent Injury,NA,Not Distracted,MD,Van - Passenger (&lt;9 Seats),Slowing or Stopping,35,No,2017,CHEVROLET,EXPRESS,39.05900296,-77.06516868,2024,2,15
240006159,Property Damage Crash,02/07/2024 02:47:00 PM,EAST WEST HWY,NA,Angle,Clear,Dry,Daylight,No Controls,NONE DETECTED,No,No Apparent Injury,NA,Not Distracted,MD,Van - Cargo,Moving Constant Speed,35,No,2004,CHEVROLET,EXPRESS,38.99574565,-77.03903299,2024,2,14
240006159,Property Damage Crash,02/07/2024 02:47:00 PM,EAST WEST HWY,NA,Angle,Clear,Dry,Daylight,No Controls,NONE DETECTED,No,No Apparent Injury,"Failed to Keep in Proper Lane, Improper Passing, Too Fast For Conditions",Unknown,MD,Passenger Car,Changing Lanes,35,No,2015,HONDA,ACCORD,38.99574565,-77.03903299,2024,2,14
240006159,Property Damage Crash,02/07/2024 02:47:00 PM,EAST WEST HWY,NA,Angle,Clear,Dry,Daylight,No Controls,NONE DETECTED,No,No Apparent Injury,NA,Not Distracted,MD,Passenger Car,Moving Constant Speed,35,No,2024,HONDA,ACCORD,38.99574565,-77.03903299,2024,2,14
240006153,Injury Crash,02/07/2024 02:30:00 PM,GALWAY CT,NA,Angle,Clear,Dry,Daylight,No Controls,NONE DETECTED,No,Possible Minor Injury,NA,"Other Action (looking away from task, etc.)",MD,Van - Passenger (&lt;9 Seats),Moving Constant Speed,25,No,2023,DODGE,RAM,39.06190446,-76.9453537,2024,2,14
240006151,Property Damage Crash,02/07/2024 02:20:00 PM,NA,NA,Front to Rear,Clear,Dry,Daylight,Traffic Control Signal,NONE DETECTED,No,No Apparent Injury,NA,Not Distracted,MD,Bus - Transit,Stopped in Traffic,35,No,2017,GILLIG,SHUTTLE BUS,39.01498907,-77.09960186,2024,2,14
240006151,Property Damage Crash,02/07/2024 02:20:00 PM,NA,NA,Front to Rear,Clear,Dry,Daylight,Traffic Control Signal,NONE DETECTED,No,No Apparent Injury,"Operated Motor Vehicle in Inattentive, Careless, Negligent, or Erratic Manner",Unknown,MD,Passenger Car,Moving Constant Speed,35,No,2020,FORD,TRANSIT,39.01498907,-77.09960186,2024,2,14
240006158,Property Damage Crash,02/07/2024 02:13:00 PM,NA,NA,Single Vehicle,Clear,NA,Daylight,No Controls,NONE DETECTED,No,No Apparent Injury,NA,"Other Action (looking away from task, etc.)",MD,Passenger Car,Moving Constant Speed,0,No,2022,VOLVO,XC90,39.05361428,-77.13909909,2024,2,14
240006085,Property Damage Crash,02/07/2024 01:14:00 PM,ELLINGTON BLVD,NA,"Sideswipe, Same Direction",Clear,Dry,Daylight,Stop Sign,NONE DETECTED,No,No Apparent Injury,Improper Turn,Unknown,NA,Passenger Car,Leaving Traffic Lane,25,No,2007,HONDA,CR-V,39.11518199,-77.20472902,2024,2,13
240006121,Injury Crash,02/07/2024 11:49:00 AM,NA,NA,Rear To Side,Clear,Dry,Daylight,Traffic Control Signal,NONE DETECTED,No,No Apparent Injury,NA,Not Distracted,VA,Passenger Car,Moving Constant Speed,35,No,2021,MAZDA,MAZDA3,39.03123064,-77.00461776,2024,2,11
240006121,Injury Crash,02/07/2024 11:49:00 AM,NA,NA,Rear To Side,Clear,Dry,Daylight,Traffic Control Signal,NONE DETECTED,No,Possible Minor Injury,NA,Not Distracted,MD,Passenger Car,Moving Constant Speed,35,No,2016,HYUNDAI,TUCSON,39.03123064,-77.00461776,2024,2,11
240006121,Injury Crash,02/07/2024 11:49:00 AM,NA,NA,Rear To Side,Clear,Dry,Daylight,Traffic Control Signal,NONE DETECTED,No,Possible Minor Injury,Failed to Yield Right-of-Way,Not Distracted,TX,Passenger Car,Turning Left,35,No,2007,TOYOTA,AVALON,39.03123064,-77.00461776,2024,2,11
240006120,Property Damage Crash,02/07/2024 11:40:00 AM,PARK CUT THRU CUT,NA,Other,Clear,Dry,Daylight,No Controls,NONE DETECTED,Yes,No Apparent Injury,NA,Not Distracted,MD,Van - Cargo,Backing,15,No,2020,CHEVROLET,4500,39.11543795,-77.10597161,2024,2,11
240006120,Property Damage Crash,02/07/2024 11:40:00 AM,PARK CUT THRU CUT,NA,Other,Clear,Dry,Daylight,No Controls,NONE DETECTED,No,No Apparent Injury,NA,Not Distracted,MD,Bus - School,Parked,15,No,2021,THOMAS BUILT,SCHOOL BUS,39.11543795,-77.10597161,2024,2,11
240006095,Property Damage Crash,02/07/2024 09:35:00 AM,TIVOLI LAKE BLVD,NA,"Sideswipe, Opposite Direction",Clear,Dry,Daylight,Traffic Control Signal,NONE DETECTED,Yes,No Apparent Injury,NA,Not Distracted,MD,Passenger Car,Turning Left,25,No,2009,FORD,FOCUS,39.0659139,-77.0345054,2024,2,9
240006095,Property Damage Crash,02/07/2024 09:35:00 AM,TIVOLI LAKE BLVD,NA,"Sideswipe, Opposite Direction",Clear,Dry,Daylight,Traffic Control Signal,NONE DETECTED,No,No Apparent Injury,NA,Not Distracted,MD,Passenger Car,Moving Constant Speed,25,No,2000,NISSAN,MAXIMA,39.0659139,-77.0345054,2024,2,9
240006093,Injury Crash,02/07/2024 09:30:00 AM,WOODMONT AVE,Pedestrian,Single Vehicle,Clear,Dry,Daylight,Traffic Control Signal,NONE DETECTED,No,No Apparent Injury,NA,Not Distracted,MD,Passenger Car,Moving Constant Speed,25,No,2018,JAGUAR,XJ,38.98099904,-77.0953276,2024,2,9
240006332,Property Damage Crash,02/07/2024 09:15:00 AM,NA,NA,Front to Front,Clear,NA,Daylight,No Controls,NONE DETECTED,No,No Apparent Injury,NA,NA,NA,Van - Passenger (&lt;9 Seats),Moving Constant Speed,5,No,0,NA,NA,38.99835652,-77.00419952,2024,2,9
240006092,Property Damage Crash,02/07/2024 09:00:00 AM,NA,NA,"Sideswipe, Same Direction",Clear,Dry,Daylight,No Controls,NONE DETECTED,No,No Apparent Injury,NA,Not Distracted,MD,Passenger Car,Moving Constant Speed,30,No,2008,FORD,MUSTANG,39.14108173,-77.21638387,2024,2,9
240006078,Property Damage Crash,02/07/2024 08:30:00 AM,EISENHOWER MEMORIAL HWY (SB/L),NA,Front to Rear,Clear,Dry,Daylight,No Controls,NONE DETECTED,No,No Apparent Injury,NA,Not Distracted,MD,Sport Utility Vehicle,Moving Constant Speed,55,No,2019,FORD,ESCAPE,39.13383162,-77.20868414,2024,2,8
240006078,Property Damage Crash,02/07/2024 08:30:00 AM,EISENHOWER MEMORIAL HWY (SB/L),NA,Front to Rear,Clear,Dry,Daylight,No Controls,NONE DETECTED,Yes,No Apparent Injury,Followed Too Closely,Unknown,MD,Passenger Car,Moving Constant Speed,55,No,2009,HONDA,CIVIC,39.13383162,-77.20868414,2024,2,8
240006072,Injury Crash,02/07/2024 07:58:00 AM,DEMOCRACY BLVD,NA,Front to Rear,Clear,Dry,Daylight,Traffic Control Signal,NONE DETECTED,No,No Apparent Injury,NA,Not Distracted,MD,Passenger Car,Stopped in Traffic,35,No,2003,BUICK,REGAL,39.0221975,-77.13448983,2024,2,7
240006072,Injury Crash,02/07/2024 07:58:00 AM,DEMOCRACY BLVD,NA,Front to Rear,Clear,Dry,Daylight,Traffic Control Signal,NONE DETECTED,No,Possible Minor Injury,"Followed Too Closely, Operated Motor Vehicle in Inattentive, Careless, Negligent, or Erratic Manner",Unknown,US,Passenger Car,Moving Constant Speed,35,No,2022,HONDA,HR-V,39.0221975,-77.13448983,2024,2,7
240006066,Injury Crash,02/07/2024 06:50:00 AM,ARLINGTON RD,Pedestrian,Single Vehicle,Clear,Dry,Daylight,Traffic Control Signal,NONE DETECTED,No,No Apparent Injury,Failed to Yield Right-of-Way,Unknown,MD,Sport Utility Vehicle,Moving Constant Speed,30,No,2023,VOLVO,XC40,38.97798609,-77.09864215,2024,2,6
240006063,Property Damage Crash,02/07/2024 06:45:00 AM,NA,NA,"Sideswipe, Same Direction",Clear,Dry,Daylight,Traffic Control Signal,NONE DETECTED,No,No Apparent Injury,NA,Not Distracted,MD,Passenger Car,Accelerating,40,No,2020,NISSAN,ALTIMA,39.00531799,-77.02283568,2024,2,6
240006063,Property Damage Crash,02/07/2024 06:45:00 AM,NA,NA,"Sideswipe, Same Direction",Clear,Dry,Daylight,Traffic Control Signal,NONE DETECTED,No,No Apparent Injury,NA,Not Distracted,DC,Van - Passenger (&lt;9 Seats),Changing Lanes,40,No,2018,FORD,TRANSIT,39.00531799,-77.02283568,2024,2,6
240006059,Injury Crash,02/07/2024 05:28:00 AM,SHADY GROVE RD (SB/L),NA,Front to Rear,Clear,Dry,Medium,Traffic Control Signal,NONE DETECTED,No,Possible Minor Injury,NA,Not Distracted,MD,Passenger Car,Stopped in Traffic,45,No,2017,FORD,ESCAPE,39.14082526,-77.15211106,2024,2,5
240006059,Injury Crash,02/07/2024 05:28:00 AM,SHADY GROVE RD (SB/L),NA,Front to Rear,Clear,Dry,Medium,Traffic Control Signal,NONE DETECTED,No,NA,NA,NA,NA,Passenger Car,Turning Right,45,No,0,NA,NA,39.14082526,-77.15211106,2024,2,5
240006058,Property Damage Crash,02/07/2024 04:33:00 AM,HAMPTON POINT DR,NA,Angle,Clear,Dry,Medium,No Controls,ALCOHOL PRESENT,Yes,No Apparent Injury,NA,Not Distracted,MD,Pickup,Moving Constant Speed,0,No,2011,CHEVROLET,SILVERADO,39.0773507,-76.94084255,2024,2,4
240006038,Property Damage Crash,02/06/2024 09:46:00 PM,NA,NA,"Sideswipe, Same Direction",Clear,NA,Medium,No Controls,NONE DETECTED,No,No Apparent Injury,NA,Not Distracted,MD,Other Trucks,Accelerating,5,No,2023,CHEVROLET,TAHOE,39.03892514,-77.05126303,2024,2,21
240006038,Property Damage Crash,02/06/2024 09:46:00 PM,NA,NA,"Sideswipe, Same Direction",Clear,NA,Medium,No Controls,NONE DETECTED,No,No Apparent Injury,NA,Not Distracted,MD,Passenger Car,Parked,5,No,2022,HONDA,ACCORD,39.03892514,-77.05126303,2024,2,21
240006035,Property Damage Crash,02/06/2024 08:30:00 PM,CADDINGTON AVE,NA,Front to Rear,Clear,Dry,Medium,No Controls,NONE DETECTED,Yes,No Apparent Injury,NA,Unknown,MD,Van - Cargo,Moving Constant Speed,25,No,2014,FORD,E-350,39.0335435,-77.02343567,2024,2,20
240006035,Property Damage Crash,02/06/2024 08:30:00 PM,CADDINGTON AVE,NA,Front to Rear,Clear,Dry,Medium,No Controls,NONE DETECTED,No,No Apparent Injury,NA,Not Distracted,MD,Passenger Car,Slowing or Stopping,25,No,2020,TOYOTA,CAMRY,39.0335435,-77.02343567,2024,2,20
240006030,Injury Crash,02/06/2024 08:20:00 PM,OLNEY LAYTONSVILLE RD (WB/L),NA,Front to Rear,Clear,Dry,Medium,Traffic Control Signal,NONE DETECTED,No,No Apparent Injury,Followed Too Closely,Unknown,MD,Passenger Car,Moving Constant Speed,30,No,2017,DODGE,CHALLENGER,39.15333284,-77.06691143,2024,2,20
240006030,Injury Crash,02/06/2024 08:20:00 PM,OLNEY LAYTONSVILLE RD (WB/L),NA,Front to Rear,Clear,Dry,Medium,Traffic Control Signal,NONE DETECTED,No,Possible Minor Injury,NA,Not Distracted,MD,Sport Utility Vehicle,Slowing or Stopping,30,No,2017,HYUNDAI,SANTA FE,39.15333284,-77.06691143,2024,2,20
240006008,Injury Crash,02/06/2024 06:10:00 PM,NA,Pedestrian,Front to Rear,Clear,Dry,Medium,No Controls,NONE DETECTED,No,No Apparent Injury,NA,Not Distracted,MD,Passenger Car,Parked,25,No,2012,HONDA,ODYSSEY,39.07846387,-77.11221092,2024,2,18
240006008,Injury Crash,02/06/2024 06:10:00 PM,NA,Pedestrian,Front to Rear,Clear,Dry,Medium,No Controls,NONE DETECTED,No,No Apparent Injury,"Swerved or Avoided Due to Wind, Slippery Surface, Motor Vehicle, Object, Non-Motorist in Roadway, etc",Not Distracted,MD,Sport Utility Vehicle,Moving Constant Speed,25,No,2016,HONDA,CR-V,39.07846387,-77.11221092,2024,2,18
240006006,Property Damage Crash,02/06/2024 06:10:00 PM,EASTRIDGE AVE,NA,Front to Front,Clear,Dry,Medium,No Controls,NONE DETECTED,No,No Apparent Injury,NA,Not Distracted,MD,Sport Utility Vehicle,Moving Constant Speed,25,No,2019,FORD,EXPLORER,38.99325833,-77.00313667,2024,2,18
240006006,Property Damage Crash,02/06/2024 06:10:00 PM,EASTRIDGE AVE,NA,Front to Front,Clear,Dry,Medium,No Controls,NONE DETECTED,Yes,No Apparent Injury,"Failed to Keep in Proper Lane, Wrong Side",Unknown,MD,Passenger Car,Moving Constant Speed,25,No,2018,HYUNDAI,ELANTRA,38.99325833,-77.00313667,2024,2,18
240006007,Property Damage Crash,02/06/2024 06:00:00 PM,COLUMBIA PIKE (SB/L),NA,Front to Rear,Clear,Dry,Medium,Traffic Control Signal,NONE DETECTED,Yes,No Apparent Injury,NA,Unknown,MD,Passenger Car,Changing Lanes,45,No,2015,TOYOTA,COROLLA,39.04158267,-76.99474583,2024,2,18
240006007,Property Damage Crash,02/06/2024 06:00:00 PM,COLUMBIA PIKE (SB/L),NA,Front to Rear,Clear,Dry,Medium,Traffic Control Signal,NONE DETECTED,No,No Apparent Injury,NA,Not Distracted,VA,Sport Utility Vehicle,Stopped in Traffic,45,No,2013,GMC,ACADIA,39.04158267,-76.99474583,2024,2,18
240005987,Property Damage Crash,02/06/2024 04:19:00 PM,GLENMONT SHOPPING CTR CUT THRU CUT,NA,"Sideswipe, Same Direction",Clear,Dry,Daylight,No Controls,NONE DETECTED,No,No Apparent Injury,NA,Not Distracted,MD,Passenger Car,Accelerating,30,No,2009,HONDA,ACCORD,39.05920684,-77.04830733,2024,2,16
240005987,Property Damage Crash,02/06/2024 04:19:00 PM,GLENMONT SHOPPING CTR CUT THRU CUT,NA,"Sideswipe, Same Direction",Clear,Dry,Daylight,Traffic Control Signal,NONE DETECTED,No,No Apparent Injury,Improper Turn,Not Distracted,MD,Low Speed Vehicle,Turning Left,35,No,1900,GRUMMAN,UNKNOWN,39.05920684,-77.04830733,2024,2,16
240005981,Property Damage Crash,02/06/2024 04:07:00 PM,GEORGIA AVE (SB/L),NA,Front to Rear,Clear,Dry,Daylight,No Controls,NONE DETECTED,No,No Apparent Injury,NA,Unknown,DC,Passenger Car,NA,30,No,2023,HYUNDAI,SONATA,39.02423367,-77.04581167,2024,2,16
240005981,Property Damage Crash,02/06/2024 04:07:00 PM,GEORGIA AVE (SB/L),NA,Front to Rear,Clear,Dry,Daylight,No Controls,NONE DETECTED,Yes,No Apparent Injury,NA,Unknown,DC,Passenger Car,NA,30,No,2005,CHRYSLER,300C,39.02423367,-77.04581167,2024,2,16
240005980,Property Damage Crash,02/06/2024 03:45:00 PM,SLADE SCHOOL RD,NA,Front to Rear,Clear,Dry,Daylight,No Controls,NONE DETECTED,No,No Apparent Injury,NA,Not Distracted,MD,Passenger Car,Slowing or Stopping,30,No,2010,FORD,UNKNOWN,39.14626766,-77.04030269,2024,2,15
240005980,Property Damage Crash,02/06/2024 03:45:00 PM,SLADE SCHOOL RD,NA,Front to Rear,Clear,Dry,Daylight,No Controls,NONE DETECTED,No,No Apparent Injury,NA,Not Distracted,MD,Passenger Car,Moving Constant Speed,30,No,2018,HONDA,UNKNOWN,39.14626766,-77.04030269,2024,2,15
240005980,Property Damage Crash,02/06/2024 03:45:00 PM,SLADE SCHOOL RD,NA,Front to Rear,Clear,Dry,Daylight,No Controls,NONE DETECTED,No,No Apparent Injury,NA,Not Distracted,MD,Passenger Car,Slowing or Stopping,30,No,2011,FORD,UNKNOWN,39.14626766,-77.04030269,2024,2,15