Local Case Number,ACRS Report Type,Crash Date/Time,Road Name,Related Non-Motorist,Collision Type,Weather,Surface Condition,Light,Traffic Control,Driver Substance Abuse,Driver At Fault,Injury Severity,Circumstance,Driver Distracted By,Drivers License State,Vehicle Body Type,Vehicle Movement,Speed Limit,Driverless Vehicle,Vehicle Year,Vehicle Make,Vehicle Model,Latitude,Longitude,Year,Month,Hour
240005978,Property Damage Crash,02/06/2024 03:28:00 PM,NA,NA,Rear To Side,Clear,Dry,Daylight,Traffic Control Signal,NONE DETECTED,No,No Apparent Injury,"Disregarded Other Traffic Sign, Failed to Keep in Proper Lane",Not Distracted,MD,Passenger Car,Making U-Turn,35,No,2021,NISSAN,ALTIMA,39.18958317,-77.18558255,2024,2,15
240005978,Property Damage Crash,02/06/2024 03:28:00 PM,NA,NA,Rear To Side,Clear,Dry,Daylight,Traffic Control Signal,NONE DETECTED,No,No Apparent Injury,NA,Not Distracted,MD,Passenger Car,Moving Constant Speed,35,No,2010,FORD,FUSION,39.18958317,-77.18558255,2024,2,15
240006493,Property Damage Crash,02/06/2024 03:00:00 PM,NA,NA,"Sideswipe, Same Direction",Clear,Dry,Daylight,Traffic Control Signal,NONE DETECTED,No,No Apparent Injury,Improper Passing,Unknown,NA,Passenger Car,Moving Constant Speed,30,No,2019,DODGE,RAM,38.98762495,-77.07709273,2024,2,15
240006493,Property Damage Crash,02/06/2024 03:00:00 PM,NA,NA,"Sideswipe, Same Direction",Clear,Dry,Daylight,Traffic Control Signal,NONE DETECTED,No,No Apparent Injury,NA,Not Distracted,MD,Passenger Car,Moving Constant Speed,30,No,2012,CHEVROLET,EXPRESS,38.98762495,-77.07709273,2024,2,15
240005967,Property Damage Crash,02/06/2024 02:30:00 PM,NA,NA,Other,Clear,NA,Daylight,NA,NONE DETECTED,Yes,No Apparent Injury,Improper Turn,Not Distracted,MD,Bus - School,Turning Right,0,No,2024,THOMAS BUILT,SCHOOL BUS,39.12667832,-77.16367257,2024,2,14
240005959,Injury Crash,02/06/2024 02:17:00 PM,CRYSTAL ROCK DR,NA,Other,Clear,Dry,Daylight,Traffic Control Signal,NONE DETECTED,No,No Apparent Injury,NA,Not Distracted,MD,Passenger Car,Accelerating,25,No,2018,TOYOTA,RAV4,39.18117353,-77.26226656,2024,2,14
240005959,Injury Crash,02/06/2024 02:17:00 PM,CRYSTAL ROCK DR,NA,Other,Clear,Dry,Daylight,Traffic Control Signal,NONE DETECTED,Yes,Possible Minor Injury,NA,Unknown,MD,Passenger Car,Moving Constant Speed,40,No,2016,CHEVROLET,SPARK,39.18117353,-77.26226656,2024,2,14
240005959,Injury Crash,02/06/2024 02:17:00 PM,CRYSTAL ROCK DR,NA,Other,Clear,Dry,Daylight,Traffic Control Signal,NONE DETECTED,No,No Apparent Injury,NA,Not Distracted,NA,Passenger Car,Accelerating,25,No,2008,TOYOTA,CAMRY,39.18117353,-77.26226656,2024,2,14
240005931,Property Damage Crash,02/06/2024 12:45:00 PM,RAMP 1 FR IS 270 NB TO SHADY GROVE RD WB,NA,Front to Front,Clear,Dry,Daylight,Traffic Control Signal,NONE DETECTED,No,No Apparent Injury,Ran Red Light,Unknown,NA,Passenger Car,Moving Constant Speed,35,No,2007,HYUNDAI,ELANTRA,39.11184723,-77.18701903,2024,2,12
240005931,Property Damage Crash,02/06/2024 12:45:00 PM,RAMP 1 FR IS 270 NB TO SHADY GROVE RD WB,NA,Front to Front,Clear,Dry,Daylight,Traffic Control Signal,NONE DETECTED,No,No Apparent Injury,NA,Not Distracted,MD,Passenger Car,Turning Left,35,No,2017,VOLVO,S40,39.11184723,-77.18701903,2024,2,12
240005912,Injury Crash,02/06/2024 11:30:00 AM,BLUERIDGE AVE,NA,Front to Rear,Clear,Dry,Daylight,No Controls,NONE DETECTED,Yes,No Apparent Injury,Failed to Keep in Proper Lane,"Other Action (looking away from task, etc.)",MD,Van - Cargo,Accelerating,35,No,2012,MERCEDES-BENZ,UNKNOWN,39.04311975,-77.05052355,2024,2,11
240005912,Injury Crash,02/06/2024 11:30:00 AM,BLUERIDGE AVE,NA,Front to Rear,Clear,Dry,Daylight,No Controls,NONE DETECTED,No,Possible Minor Injury,NA,Not Distracted,MD,Van - Cargo,Parked,35,No,2022,MERCEDES-BENZ,METRIS,39.04311975,-77.05052355,2024,2,11
24000206,Property Damage Crash,02/06/2024 10:37:00 AM,NA,NA,Front to Rear,Clear,NA,Daylight,NA,NONE DETECTED,No,No Apparent Injury,"Operated Motor Vehicle in Inattentive, Careless, Negligent, or Erratic Manner","Other Action (looking away from task, etc.)",MD,Passenger Car,Backing,0,No,2012,FORD,FUSION,39.04195592,-77.08799744,2024,2,10
240005897,Property Damage Crash,02/06/2024 10:27:00 AM,GEORGIA AVE (SB/L),NA,Front to Front,Clear,Dry,Daylight,Lane Use Control Signal,NONE DETECTED,Yes,No Apparent Injury,NA,"Other Action (looking away from task, etc.)",DE,Sport Utility Vehicle,Moving Constant Speed,30,No,2014,MERCEDES-BENZ,GL-CLASS,39.01570055,-77.04273447,2024,2,10
240005897,Property Damage Crash,02/06/2024 10:27:00 AM,GEORGIA AVE (SB/L),NA,Front to Front,Clear,Dry,Daylight,Traffic Control Signal,NONE DETECTED,No,No Apparent Injury,NA,Unknown,MD,Passenger Car,Moving Constant Speed,30,No,2020,SUBARU,FORESTER,39.01570055,-77.04273447,2024,2,10
240005896,Injury Crash,02/06/2024 09:38:00 AM,GEORGIA AVE (SB/L),NA,Front to Front,Clear,Dry,Daylight,Traffic Control Signal,NONE DETECTED,Yes,Possible Minor Injury,Failed to Yield Right-of-Way,Not Distracted,MD,Passenger Car,Turning Left,30,No,2016,TOYOTA,CAMRY,39.01567479,-77.04274309,2024,2,9
240005896,Injury Crash,02/06/2024 09:38:00 AM,GEORGIA AVE (SB/L),NA,Front to Front,Clear,Dry,Daylight,Traffic Control Signal,NONE DETECTED,No,Possible Minor Injury,Too Fast For Conditions,Not Distracted,MD,Passenger Car,Moving Constant Speed,30,No,2008,FORD,MUSTANG,39.01567479,-77.04274309,2024,2,9
240005891,Property Damage Crash,02/06/2024 09:14:00 AM,EMERALD GREEN DR,NA,Rear To Side,Clear,Dry,Daylight,No Controls,NONE DETECTED,No,No Apparent Injury,NA,Not Distracted,MD,Bus - School,Stopped in Traffic,25,No,2024,THOMAS BUILT,SCHOOL BUS,39.22238157,-77.24662878,2024,2,9
240005891,Property Damage Crash,02/06/2024 09:14:00 AM,EMERALD GREEN DR,NA,Rear To Side,Clear,Dry,Daylight,No Controls,NONE DETECTED,Yes,No Apparent Injury,Improper Backing,"Other Action (looking away from task, etc.)",MD,Passenger Car,Backing,25,No,2023,SUBARU,CROSSTREK,39.22238157,-77.24662878,2024,2,9
240005878,Property Damage Crash,02/06/2024 08:00:00 AM,OLD GEORGETOWN RD (SB/L),NA,Front to Rear,Clear,Dry,Daylight,No Controls,NONE DETECTED,No,No Apparent Injury,NA,Not Distracted,MD,Passenger Car,Stopped in Traffic,35,No,2013,FORD,FUSION,39.02007467,-77.121957,2024,2,8
240005878,Property Damage Crash,02/06/2024 08:00:00 AM,OLD GEORGETOWN RD (SB/L),NA,Front to Rear,Clear,Dry,Daylight,No Controls,NONE DETECTED,No,No Apparent Injury,"Operated Motor Vehicle in Inattentive, Careless, Negligent, or Erratic Manner","Other Action (looking away from task, etc.)",MD,Sport Utility Vehicle,Moving Constant Speed,35,No,2017,VOLVO,XC60,39.02007467,-77.121957,2024,2,8
240005875,Injury Crash,02/06/2024 07:45:00 AM,RANDOLPH RD (WB/L),NA,Front to Rear,Clear,Dry,Daylight,No Controls,NONE DETECTED,No,Possible Minor Injury,NA,Not Distracted,MD,Passenger Car,Slowing or Stopping,45,No,2019,HONDA,ACCORD,39.06626167,-77.02646867,2024,2,7
240005875,Injury Crash,02/06/2024 07:45:00 AM,RANDOLPH RD (WB/L),NA,Front to Rear,Clear,Dry,Daylight,No Controls,NONE DETECTED,No,No Apparent Injury,NA,Not Distracted,MD,Passenger Car,Slowing or Stopping,45,No,2022,TOYOTA,RAV4,39.06626167,-77.02646867,2024,2,7
240005875,Injury Crash,02/06/2024 07:45:00 AM,RANDOLPH RD (WB/L),NA,Front to Rear,Clear,Dry,Daylight,No Controls,NONE DETECTED,Yes,No Apparent Injury,NA,Not Distracted,MD,Passenger Car,Moving Constant Speed,45,No,2017,SUBARU,OUTBACK,39.06626167,-77.02646867,2024,2,7
240005879,Property Damage Crash,02/06/2024 07:36:00 AM,NA,NA,"Sideswipe, Same Direction",Clear,NA,Daylight,NA,NONE DETECTED,No,No Apparent Injury,NA,Not Distracted,MD,Bus - School,Parked,0,No,2021,THOMAS BUILT,SCHOOL BUS,39.17357593,-77.26462117,2024,2,7
240005879,Property Damage Crash,02/06/2024 07:36:00 AM,NA,NA,"Sideswipe, Same Direction",Clear,NA,Daylight,NA,NONE DETECTED,Yes,No Apparent Injury,Over-Correcting/Over-Steering,Not Distracted,MD,Bus - School,Moving Constant Speed,0,No,2017,THOMAS BUILT,SCHOOL BUS,39.17357593,-77.26462117,2024,2,7
240005674,Injury Crash,02/06/2024 06:50:00 AM,NORVALE RD,NA,Front to Rear,Clear,Dry,Medium,Traffic Control Signal,NONE DETECTED,No,Possible Minor Injury,NA,Not Distracted,MD,Passenger Car,Accelerating,40,No,2021,CHEVROLET,EXPRESS,39.0953717,-77.04447963,2024,2,6
240005674,Injury Crash,02/06/2024 06:50:00 AM,NORVALE RD,NA,Front to Rear,Clear,Dry,Medium,Traffic Control Signal,NONE DETECTED,Yes,Possible Minor Injury,"Followed Too Closely, Operated Motor Vehicle in Inattentive, Careless, Negligent, or Erratic Manner",Unknown,MD,Passenger Car,Moving Constant Speed,40,No,2009,HONDA,CR-V,39.0953717,-77.04447963,2024,2,6
240005674,Injury Crash,02/06/2024 06:50:00 AM,NORVALE RD,NA,Front to Rear,Clear,Dry,Medium,Traffic Control Signal,NONE DETECTED,No,No Apparent Injury,NA,Not Distracted,MD,Passenger Car,Accelerating,40,No,2023,HONDA,CIVIC,39.0953717,-77.04447963,2024,2,6
240005869,Property Damage Crash,02/05/2024 11:45:00 PM,WEYMOUTH ST,NA,Single Vehicle,Clear,Dry,Medium,No Controls,ALCOHOL PRESENT,Yes,No Apparent Injury,"Failed to Keep in Proper Lane, Ran Off Roadway",Unknown,MD,Pickup,NA,25,No,2024,CHEVROLET,SILVERADO LD,39.03005668,-77.09612791,2024,2,23
240005830,Injury Crash,02/05/2024 06:24:00 PM,ASPEN HILL RD,NA,Front to Front,Clear,Dry,Medium,No Controls,NONE DETECTED,No,Possible Minor Injury,NA,Not Distracted,MD,Passenger Car,Moving Constant Speed,35,No,2018,AUDI,A3,39.08024263,-77.08025113,2024,2,18
240005830,Injury Crash,02/05/2024 06:24:00 PM,ASPEN HILL RD,NA,Front to Front,Clear,Dry,Medium,No Controls,NONE DETECTED,No,No Apparent Injury,NA,Not Distracted,MD,Passenger Car,Entering Traffic Lane,35,No,2010,HYUNDAI,SANTA FE SPORT,39.08024263,-77.08025113,2024,2,18
240005824,Property Damage Crash,02/05/2024 06:03:00 PM,W DIAMOND AVE (WB/L),NA,Single Vehicle,Clear,Dry,Medium,Traffic Control Signal,NONE DETECTED,Yes,No Apparent Injury,Too Fast For Conditions,Not Distracted,MD,Passenger Car,Turning Left,35,No,2011,FORD,ESCORT,39.14256988,-77.22062811,2024,2,18
240005821,Property Damage Crash,02/05/2024 05:47:00 PM,COLESVILLE RD,NA,"Sideswipe, Same Direction",Clear,Dry,Medium,Lane Use Control Signal,NONE DETECTED,No,No Apparent Injury,NA,Not Distracted,MD,Passenger Car,Stopped in Traffic,35,No,2018,FORD,EXPLORER,39.00404779,-77.02370706,2024,2,17
240005821,Property Damage Crash,02/05/2024 05:47:00 PM,COLESVILLE RD,NA,"Sideswipe, Same Direction",Clear,Dry,Medium,Lane Use Control Signal,NONE DETECTED,Yes,No Apparent Injury,Failed to Yield Right-of-Way,Unknown,MD,Passenger Car,Changing Lanes,35,No,2015,AUDI,Q3,39.00404779,-77.02370706,2024,2,17
240005821,Property Damage Crash,02/05/2024 05:47:00 PM,COLESVILLE RD,NA,"Sideswipe, Same Direction",Clear,Dry,Medium,Lane Use Control Signal,NONE DETECTED,No,No Apparent Injury,NA,Not Distracted,MD,Passenger Car,Overtaking/Passing,35,No,2018,AUDI,Q3,39.00404779,-77.02370706,2024,2,17
240005819,Property Damage Crash,02/05/2024 05:25:00 PM,RANDOLPH RD,NA,Front to Front,Clear,Dry,Daylight,Flashing Traffic Control Signal,NONE DETECTED,No,No Apparent Injury,NA,Not Distracted,MD,Passenger Car,Moving Constant Speed,40,No,2007,HONDA,ACCORD,39.074761,-77.005083,2024,2,17
240005819,Property Damage Crash,02/05/2024 05:25:00 PM,RANDOLPH RD,NA,Front to Front,Clear,Dry,Daylight,No Controls,NONE DETECTED,Yes,No Apparent Injury,NA,Not Distracted,MD,Sport Utility Vehicle,Making U-Turn,40,No,2021,AUDI,Q5,39.074761,-77.005083,2024,2,17
240005819,Property Damage Crash,02/05/2024 05:25:00 PM,RANDOLPH RD,NA,Front to Front,Clear,Dry,Daylight,No Controls,NONE DETECTED,No,No Apparent Injury,NA,Not Distracted,MD,Sport Utility Vehicle,Moving Constant Speed,40,No,2003,HONDA,PILOT,39.074761,-77.005083,2024,2,17
240005805,Property Damage Crash,02/05/2024 04:05:00 PM,SHADY SPRING DR,NA,"Sideswipe, Same Direction",Clear,Dry,Daylight,No Controls,NONE DETECTED,No,No Apparent Injury,NA,Not Distracted,MD,Bus - School,Turning Right,25,No,2014,THOMAS BUILT,SCHOOL BUS,39.14827915,-77.16667862,2024,2,16
240005800,Injury Crash,02/05/2024 03:50:00 PM,NA,NA,"Sideswipe, Same Direction",Clear,NA,Daylight,NA,NONE DETECTED,No,No Apparent Injury,NA,Not Distracted,MD,Bus - Transit,Parked,0,No,2013,GILLIG,CITY TRANSIT BUS,38.99409019,-77.03029054,2024,2,15
240005800,Injury Crash,02/05/2024 03:50:00 PM,NA,NA,"Sideswipe, Same Direction",Clear,NA,Daylight,NA,NONE DETECTED,Yes,No Apparent Injury,NA,Not Distracted,MD,Bus - Transit,Turning Right,0,No,2023,NEW FLYER,TRANSIT BUS,38.99409019,-77.03029054,2024,2,15
240005795,Injury Crash,02/05/2024 03:45:00 PM,MONTERREY DR,NA,Front to Rear,Clear,Dry,Daylight,Traffic Control Signal,NONE DETECTED,No,No Apparent Injury,NA,Not Distracted,MD,Passenger Car,Moving Constant Speed,35,No,2015,HONDA,ACCORD,39.044145,-77.06317833,2024,2,15
240005795,Injury Crash,02/05/2024 03:45:00 PM,MONTERREY DR,NA,Front to Rear,Clear,Dry,Daylight,Traffic Control Signal,NONE DETECTED,No,Possible Minor Injury,NA,Not Distracted,MD,Passenger Car,Slowing or Stopping,35,No,2018,TOYOTA,C-HR,39.044145,-77.06317833,2024,2,15
240005793,Injury Crash,02/05/2024 03:40:00 PM,CLOVERLEAF CENTER DR,NA,Front to Front,Clear,Dry,Daylight,No Controls,NONE DETECTED,No,Possible Minor Injury,NA,Not Distracted,MD,Passenger Car,Accelerating,40,No,2022,SUBARU,FORESTER,39.19023475,-77.26664361,2024,2,15
240005793,Injury Crash,02/05/2024 03:40:00 PM,CLOVERLEAF CENTER DR,NA,Front to Front,Clear,Dry,Daylight,Stop Sign,NONE DETECTED,Yes,No Apparent Injury,NA,Unknown,MD,Passenger Car,Moving Constant Speed,40,No,2008,HYUNDAI,SANTA FE,39.19023475,-77.26664361,2024,2,15
240005798,Property Damage Crash,02/05/2024 03:25:00 PM,LINDELL ST,NA,Other,Clear,Dry,Daylight,Traffic Control Signal,NONE DETECTED,No,No Apparent Injury,NA,Not Distracted,MD,Bus - Transit,Accelerating,35,No,2010,NEW FLYER,TRANSIT BUS,39.05938001,-77.06209697,2024,2,15
240005798,Property Damage Crash,02/05/2024 03:25:00 PM,LINDELL ST,NA,Other,Clear,Dry,Daylight,Traffic Control Signal,NONE DETECTED,No,NA,NA,NA,NA,NA,Turning Right,35,No,0,NA,NA,39.05938001,-77.06209697,2024,2,15
240006024,Property Damage Crash,02/05/2024 03:00:00 PM,SWEEPSTAKES RD,NA,Single Vehicle,Clear,Dry,Daylight,No Controls,NONE DETECTED,Yes,No Apparent Injury,"Failed to Keep in Proper Lane, Followed Too Closely, Operated Motor Vehicle in Inattentive, Careless, Negligent, or Erratic Manner, Ran Off Roadway, Wrong Side",Unknown,MD,Sport Utility Vehicle,NA,25,No,2016,KIA,SOUL,39.25962043,-77.20710398,2024,2,15
240005787,Property Damage Crash,02/05/2024 03:00:00 PM,NEW HAMPSHIRE AVE,NA,Front to Rear,Clear,Dry,Daylight,No Controls,NONE DETECTED,No,No Apparent Injury,Failed To Stop For School Bus,Unknown,DC,Sport Utility Vehicle,Slowing or Stopping,40,No,2015,TOYOTA,RAV4,39.04823387,-76.99281141,2024,2,15
240005787,Property Damage Crash,02/05/2024 03:00:00 PM,NEW HAMPSHIRE AVE,NA,Front to Rear,Clear,Dry,Daylight,No Controls,NONE DETECTED,No,No Apparent Injury,NA,Not Distracted,MD,Sport Utility Vehicle,Stopped in Traffic,40,No,2020,TOYOTA,RAV4,39.04823387,-76.99281141,2024,2,15
240005776,Injury Crash,02/05/2024 01:50:00 PM,GERMANTOWN RD,NA,Front to Front,Clear,Dry,Daylight,Traffic Control Signal,NONE DETECTED,Yes,Possible Minor Injury,Ran Red Light,Not Distracted,MD,Passenger Car,Moving Constant Speed,45,No,2016,NISSAN,ALTIMA,39.19068172,-77.24771739,2024,2,13
240005776,Injury Crash,02/05/2024 01:50:00 PM,GERMANTOWN RD,NA,Front to Front,Clear,Dry,Daylight,No Controls,NONE DETECTED,Yes,No Apparent Injury,Ran Red Light,Not Distracted,MD,Passenger Car,Moving Constant Speed,45,No,2015,HYUNDAI,ELANTRA,39.19068172,-77.24771739,2024,2,13
240005767,Property Damage Crash,02/05/2024 01:24:00 PM,NA,NA,Other,Clear,NA,Daylight,NA,NONE DETECTED,Yes,No Apparent Injury,NA,Unknown,MD,Bus - School,Slowing or Stopping,0,No,2024,FREIGHTLINER,B2 BUS CHASSIS,39.07675192,-77.18220416,2024,2,13
240005772,Property Damage Crash,02/05/2024 01:21:00 PM,LEAMAN FARM RD,NA,Single Vehicle,Clear,Dry,Daylight,No Controls,NONE DETECTED,Yes,No Apparent Injury,"Operated Motor Vehicle in Inattentive, Careless, Negligent, or Erratic Manner, Ran Off Roadway",Not Distracted,MD,Passenger Car,Moving Constant Speed,25,No,2015,MAZDA,MAZDA3,39.16509896,-77.29341562,2024,2,13
240005780,Property Damage Crash,02/05/2024 01:05:00 PM,NA,NA,Single Vehicle,Clear,Dry,Daylight,Stop Sign,NONE DETECTED,No,No Apparent Injury,NA,Not Distracted,MD,Bus - Transit,Slowing or Stopping,10,No,2012,NEW FLYER,LOW FLOOR BUS,39.10097593,-77.07554873,2024,2,13
240005790,Property Damage Crash,02/05/2024 01:00:00 PM,E JEFFERSON ST,NA,Single Vehicle,Clear,Dry,Daylight,No Controls,NONE DETECTED,No,No Apparent Injury,NA,Not Distracted,MD,Passenger Car,Backing,10,No,2012,VOLVO,UNKNOWN,39.08192199,-77.14967179,2024,2,13
240005764,Injury Crash,02/05/2024 12:50:00 PM,WOODMONT AVE,NA,"Sideswipe, Same Direction",Clear,Dry,Daylight,Traffic Control Signal,NONE DETECTED,No,No Apparent Injury,NA,Not Distracted,MD,Sport Utility Vehicle,Moving Constant Speed,25,No,2021,JEEP,COMPASS,38.99276848,-77.09709347,2024,2,12
240005764,Injury Crash,02/05/2024 12:50:00 PM,WOODMONT AVE,NA,"Sideswipe, Same Direction",Clear,Dry,Daylight,Traffic Control Signal,NONE DETECTED,No,Possible Minor Injury,NA,Unknown,MD,Passenger Car,Changing Lanes,25,No,2015,HONDA,CROSSTOUR,38.99276848,-77.09709347,2024,2,12
240005740,Property Damage Crash,02/05/2024 10:41:00 AM,NICHOLSON LA,NA,"Sideswipe, Same Direction",Clear,Dry,Daylight,No Controls,NONE DETECTED,No,No Apparent Injury,NA,Not Distracted,MD,Pickup,Moving Constant Speed,25,No,2017,FORD,TRANSIT,39.05016263,-77.1083226,2024,2,10
240005740,Property Damage Crash,02/05/2024 10:41:00 AM,NICHOLSON LA,NA,"Sideswipe, Same Direction",Clear,Dry,Daylight,No Controls,NONE DETECTED,No,No Apparent Injury,NA,Unknown,NA,Van - Cargo,Moving Constant Speed,25,No,2023,UNKNOWN,UNKNOWN,39.05016263,-77.1083226,2024,2,10
240005718,Injury Crash,02/05/2024 09:55:00 AM,VEIRS MILL RD (WB/L),NA,Front to Rear,Clear,Dry,Daylight,No Controls,NONE DETECTED,No,No Apparent Injury,NA,Not Distracted,MD,Passenger Car,Slowing or Stopping,30,No,2008,TOYOTA,RAV4,39.08056957,-77.1412982,2024,2,9
240005718,Injury Crash,02/05/2024 09:55:00 AM,VEIRS MILL RD (WB/L),NA,Front to Rear,Clear,Dry,Daylight,No Controls,NONE DETECTED,Yes,Possible Minor Injury,NA,Not Distracted,MD,Passenger Car,Changing Lanes,30,No,2001,HONDA,ACCORD,39.08056957,-77.1412982,2024,2,9
240005718,Injury Crash,02/05/2024 09:55:00 AM,VEIRS MILL RD (WB/L),NA,Front to Rear,Clear,Dry,Daylight,No Controls,NONE DETECTED,No,No Apparent Injury,NA,Not Distracted,MD,Passenger Car,Slowing or Stopping,30,No,2023,TOYOTA,HIGHLANDER,39.08056957,-77.1412982,2024,2,9
240005720,Injury Crash,02/05/2024 09:50:00 AM,COLUMBIA PIKE,NA,Other,Clear,Dry,Daylight,No Controls,NONE DETECTED,No,Possible Minor Injury,NA,Not Distracted,MD,Sport Utility Vehicle,Moving Constant Speed,50,No,2007,HONDA,PILOT,39.05006692,-76.98122427,2024,2,9
240005720,Injury Crash,02/05/2024 09:50:00 AM,COLUMBIA PIKE,NA,Other,Clear,Dry,Daylight,No Controls,NONE DETECTED,No,No Apparent Injury,NA,Not Distracted,OK,Sport Utility Vehicle,Moving Constant Speed,50,No,2009,HONDA,PILOT,39.05006692,-76.98122427,2024,2,9
240005720,Injury Crash,02/05/2024 09:50:00 AM,COLUMBIA PIKE,NA,Other,Clear,Dry,Daylight,No Controls,NONE DETECTED,No,No Apparent Injury,NA,Not Distracted,MD,Passenger Car,Moving Constant Speed,50,No,2006,LINCOLN,TOWN CAR,39.05006692,-76.98122427,2024,2,9
240005720,Injury Crash,02/05/2024 09:50:00 AM,COLUMBIA PIKE,NA,Other,Clear,Dry,Daylight,No Controls,NONE DETECTED,No,No Apparent Injury,Failed to Yield Right-of-Way,Unknown,NA,Sport Utility Vehicle,Changing Lanes,50,No,0,NA,NA,39.05006692,-76.98122427,2024,2,9
240005703,Injury Crash,02/05/2024 08:06:00 AM,DEMOCRACY BLVD,NA,Front to Rear,Clear,Dry,Daylight,Traffic Control Signal,NONE DETECTED,Yes,No Apparent Injury,"Failed to Yield Right-of-Way, Improper Turn",Unknown,MD,Passenger Car,Making U-Turn,35,No,2011,HYUNDAI,SONATA,39.02291718,-77.13227339,2024,2,8
240005703,Injury Crash,02/05/2024 08:06:00 AM,DEMOCRACY BLVD,NA,Front to Rear,Clear,Dry,Daylight,Traffic Control Signal,NONE DETECTED,No,No Apparent Injury,NA,Not Distracted,MD,Bus - Transit,Moving Constant Speed,35,No,2021,NEW FLYER,TRANSIT BUS,39.02291718,-77.13227339,2024,2,8
240005701,Injury Crash,02/05/2024 07:30:00 AM,CRYSTAL ROCK DR (SB/L),NA,Angle,Clear,Dry,Daylight,Traffic Control Signal,NONE DETECTED,Yes,Possible Minor Injury,"Failed to Yield Right-of-Way, Ran Red Light",Unknown,MD,Sport Utility Vehicle,Moving Constant Speed,35,No,2016,NISSAN,ROGUE,39.18290711,-77.26372839,2024,2,7
240005701,Injury Crash,02/05/2024 07:30:00 AM,CRYSTAL ROCK DR (SB/L),NA,Angle,Clear,Dry,Daylight,Traffic Control Signal,NONE DETECTED,Yes,Possible Minor Injury,"Failed to Yield Right-of-Way, Ran Red Light",Unknown,MD,Station Wagon,Moving Constant Speed,20,No,2013,HONDA,CROSSTOUR,39.18290711,-77.26372839,2024,2,7
240005699,Property Damage Crash,02/05/2024 07:08:00 AM,OLNEY LAYTONSVILLE RD (WB/L),NA,Single Vehicle,Clear,Dry,Daylight,No Controls,NONE DETECTED,No,No Apparent Injury,Over-Correcting/Over-Steering,Not Distracted,MD,Passenger Car,Moving Constant Speed,40,No,2013,VOLKSWAGEN,CC,39.16364724,-77.08209583,2024,2,7
240005675,Property Damage Crash,02/04/2024 08:56:00 PM,S FREDERICK RD,NA,"Sideswipe, Same Direction",Clear,Dry,Medium,Traffic Control Signal,ALCOHOL PRESENT,No,No Apparent Injury,"Failed to Keep in Proper Lane, Operated Motor Vehicle in Inattentive, Careless, Negligent, or Erratic Manner",Unknown,NA,Passenger Car,Moving Constant Speed,35,No,2016,FORD,ESCAPE,39.13775714,-77.19418088,2024,2,20
240005675,Property Damage Crash,02/04/2024 08:56:00 PM,S FREDERICK RD,NA,"Sideswipe, Same Direction",Clear,Dry,Medium,Flashing Traffic Control Signal,NONE DETECTED,No,No Apparent Injury,NA,Not Distracted,MD,Passenger Car,Stopped in Traffic,35,No,2022,LEXUS,UNKNOWN,39.13775714,-77.19418088,2024,2,20
240008175,Property Damage Crash,02/04/2024 08:00:00 PM,NA,NA,Other,Clear,NA,Medium,NA,NONE DETECTED,No,NA,NA,NA,NA,Sport Utility Vehicle,Backing,0,No,2020,CHEVROLET,EQUINOX,38.9867827,-77.0953567,2024,2,20
240005678,Property Damage Crash,02/04/2024 07:56:00 PM,NEW HAMPSHIRE AVE,NA,Single Vehicle,Clear,Dry,Medium,No Controls,ALCOHOL PRESENT,Yes,No Apparent Injury,NA,Unknown,MD,Sport Utility Vehicle,Moving Constant Speed,15,No,2015,JEEP,PATRIOT,39.07468838,-77.00213896,2024,2,19
240005667,Property Damage Crash,02/04/2024 07:27:00 PM,WOODFIELD RD,NA,"Sideswipe, Same Direction",Clear,Dry,Medium,Traffic Control Signal,NONE DETECTED,No,No Apparent Injury,NA,Not Distracted,MD,Passenger Car,Entering Traffic Lane,35,No,2008,TOYOTA,COROLLA,39.15908515,-77.16011599,2024,2,19