Local Case Number,ACRS Report Type,Crash Date/Time,Road Name,Related Non-Motorist,Collision Type,Weather,Surface Condition,Light,Traffic Control,Driver Substance Abuse,Driver At Fault,Injury Severity,Circumstance,Driver Distracted By,Drivers License State,Vehicle Body Type,Vehicle Movement,Speed Limit,Driverless Vehicle,Vehicle Year,Vehicle Make,Vehicle Model,Latitude,Longitude,Year,Month,Hour
240005667,Property Damage Crash,02/04/2024 07:27:00 PM,WOODFIELD RD,NA,"Sideswipe, Same Direction",Clear,Dry,Medium,Traffic Control Signal,NONE DETECTED,No,NA,Improper Passing,Unknown,NA,Passenger Car,Accelerating,35,No,2009,JEEP,GRAND CHEROKEE,39.15908515,-77.16011599,2024,2,19
240005662,Injury Crash,02/04/2024 07:10:00 PM,CONNECTICUT AVE,NA,Front to Rear,Clear,Dry,Medium,No Controls,NONE DETECTED,No,No Apparent Injury,"Followed Too Closely, Too Fast For Conditions",Unknown,MD,Sport Utility Vehicle,Slowing or Stopping,35,No,2010,FORD,ESCAPE,38.998975,-77.07694917,2024,2,19
240005662,Injury Crash,02/04/2024 07:10:00 PM,CONNECTICUT AVE,NA,Front to Rear,Clear,Dry,Medium,No Controls,NONE DETECTED,No,Possible Minor Injury,NA,Not Distracted,MD,Sport Utility Vehicle,Slowing or Stopping,35,No,2005,LEXUS,RX,38.998975,-77.07694917,2024,2,19
240005656,Property Damage Crash,02/04/2024 06:45:00 PM,DECOVERLY DR,NA,Single Vehicle,Clear,Dry,Dark,No Controls,NONE DETECTED,Yes,No Apparent Injury,NA,Unknown,MD,Sport Utility Vehicle,NA,30,No,2014,MAZDA,CX-5,39.10682518,-77.20535138,2024,2,18
240005661,Property Damage Crash,02/04/2024 05:56:00 PM,COLUMBIA PIKE,NA,Front to Rear,Clear,Dry,Daylight,No Controls,NONE DETECTED,No,No Apparent Injury,NA,Not Distracted,MD,Passenger Car,Accelerating,55,No,2002,VOLKSWAGEN,PASSAT,39.09593519,-76.93756174,2024,2,17
240005654,Property Damage Crash,02/04/2024 05:31:00 PM,NA,NA,Rear To Side,Clear,NA,Medium,No Controls,NONE DETECTED,No,No Apparent Injury,NA,Not Distracted,MD,Passenger Car,Moving Constant Speed,10,No,2013,FIAT,500,38.99803003,-77.02493206,2024,2,17
240005654,Property Damage Crash,02/04/2024 05:31:00 PM,NA,NA,Rear To Side,Clear,NA,Medium,No Controls,NONE DETECTED,No,NA,NA,NA,NA,Passenger Car,Backing,10,No,2007,UNKNOWN,UNKNOWN,38.99803003,-77.02493206,2024,2,17
240005644,Injury Crash,02/04/2024 05:29:00 PM,NA,NA,Single Vehicle,Clear,NA,Medium,NA,NONE DETECTED,No,No Apparent Injury,NA,Not Distracted,MD,Passenger Car,Backing,0,No,2018,HONDA,CLARITY,39.04385552,-77.11310575,2024,2,17
240005619,Injury Crash,02/04/2024 02:10:00 PM,NA,NA,Angle,Clear,NA,Daylight,NA,NONE DETECTED,No,Possible Minor Injury,NA,Not Distracted,MD,Passenger Car,Moving Constant Speed,0,No,2014,HONDA,ACCORD,39.20016919,-77.24651637,2024,2,14
240005619,Injury Crash,02/04/2024 02:10:00 PM,NA,NA,Angle,Clear,NA,Daylight,NA,NONE DETECTED,Yes,No Apparent Injury,NA,Not Distracted,MD,Passenger Car,Accelerating,0,No,2018,NISSAN,LEAF,39.20016919,-77.24651637,2024,2,14
240005622,Property Damage Crash,02/04/2024 02:00:00 PM,MUDDY BRANCH RD,NA,Front to Rear,Clear,Dry,Daylight,No Controls,NONE DETECTED,Yes,No Apparent Injury,NA,Unknown,MD,Passenger Car,Moving Constant Speed,35,No,2007,HONDA,ACCORD CROSSTOUR,39.13806712,-77.20536875,2024,2,14
240005622,Property Damage Crash,02/04/2024 02:00:00 PM,MUDDY BRANCH RD,NA,Front to Rear,Clear,Dry,Daylight,No Controls,NONE DETECTED,No,No Apparent Injury,NA,Unknown,MD,Passenger Car,Moving Constant Speed,35,No,2010,TOYOTA,COROLLA,39.13806712,-77.20536875,2024,2,14
240006496,Property Damage Crash,02/04/2024 12:23:00 PM,RANDOLPH RD (WB/L),NA,Front to Rear,Clear,Dry,Daylight,No Controls,NONE DETECTED,Yes,No Apparent Injury,Followed Too Closely,Unknown,MD,Passenger Car,NA,35,No,2011,CADILLAC,DTS,39.05357378,-77.09097227,2024,2,12
240006496,Property Damage Crash,02/04/2024 12:23:00 PM,RANDOLPH RD (WB/L),NA,Front to Rear,Clear,Dry,Daylight,No Controls,NONE DETECTED,No,No Apparent Injury,NA,Not Distracted,MD,Passenger Car,Moving Constant Speed,35,No,2022,HYUNDAI,IONIQ 5,39.05357378,-77.09097227,2024,2,12
240006356,Property Damage Crash,02/04/2024 11:10:00 AM,NA,NA,Rear To Rear,Clear,NA,Daylight,NA,NONE DETECTED,No,No Apparent Injury,Improper Backing,Unknown,NA,Pickup,Backing,0,No,2006,RAM,1500,39.28106841,-77.21028489,2024,2,11
240005581,Property Damage Crash,02/04/2024 07:12:00 AM,STRINGTOWN RD (NB/L),NA,"Sideswipe, Same Direction",Clear,Dry,Daylight,No Controls,NONE DETECTED,No,NA,NA,NA,NA,Sport Utility Vehicle,Changing Lanes,40,No,2021,TOYOTA,HIGHLANDER,39.23324503,-77.28294373,2024,2,7
240005581,Property Damage Crash,02/04/2024 07:12:00 AM,STRINGTOWN RD (NB/L),NA,"Sideswipe, Same Direction",Clear,Dry,Daylight,No Controls,NONE DETECTED,No,No Apparent Injury,NA,Not Distracted,MD,Passenger Car,Changing Lanes,40,No,2011,TOYOTA,SCION TC,39.23324503,-77.28294373,2024,2,7
240005573,Property Damage Crash,02/04/2024 02:28:00 AM,GERMANTOWN RD (SB/L),NA,Rear To Side,Clear,Dry,Medium,Flashing Traffic Control Signal,NONE DETECTED,No,No Apparent Injury,NA,Not Distracted,MD,Pickup,Moving Constant Speed,45,No,2023,RAM,1500,39.18205125,-77.26021503,2024,2,2
240005573,Property Damage Crash,02/04/2024 02:28:00 AM,GERMANTOWN RD (SB/L),NA,Rear To Side,Clear,Dry,Medium,Flashing Traffic Control Signal,NONE DETECTED,Yes,No Apparent Injury,Ran Red Light,Not Distracted,MD,Sport Utility Vehicle,Moving Constant Speed,25,No,2019,DODGE,JOURNEY,39.18205125,-77.26021503,2024,2,2
220005564,Property Damage Crash,02/03/2024 09:20:00 PM,W MONTGOMERY AVE,NA,Angle,Clear,Dry,Dark,Traffic Control Signal,NONE DETECTED,No,No Apparent Injury,NA,Not Distracted,MD,Passenger Car,Moving Constant Speed,30,No,2010,TOYOTA,CAMRY,39.0848363,-77.16249615,2024,2,21
220005564,Property Damage Crash,02/03/2024 09:20:00 PM,W MONTGOMERY AVE,NA,Angle,Clear,Dry,Dark,Traffic Control Signal,NONE DETECTED,No,NA,Disregarded Other Traffic Sign,Unknown,NA,Passenger Car,Turning Right,30,No,2014,HYUNDAI,SONATA,39.0848363,-77.16249615,2024,2,21
240005545,Injury Crash,02/03/2024 08:38:00 PM,CONNECTICUT AVE,Pedestrian,Single Vehicle,Clear,Dry,Medium,No Controls,NONE DETECTED,No,No Apparent Injury,NA,Not Distracted,MD,Bus - Transit,Slowing or Stopping,35,No,2013,GILLIG,LOW FLOOR BUS,39.02926367,-77.075944,2024,2,20
240005411,Property Damage Crash,02/03/2024 07:56:00 PM,NEW HAMPSHIRE AVE,NA,Front to Rear,Clear,Dry,Medium,No Controls,ALCOHOL PRESENT,Yes,No Apparent Injury,"Failed to Keep in Proper Lane, Operated Motor Vehicle in Inattentive, Careless, Negligent, or Erratic Manner",Unknown,MD,Sport Utility Vehicle,Moving Constant Speed,40,No,2015,JEEP,PATRIOT,39.070508770000004,-77.0032454,2024,2,19
240005411,Property Damage Crash,02/03/2024 07:56:00 PM,NEW HAMPSHIRE AVE,NA,Front to Rear,Clear,Dry,Medium,No Controls,NONE DETECTED,No,No Apparent Injury,NA,Not Distracted,MD,Sport Utility Vehicle,Moving Constant Speed,40,No,2024,LEXUS,UX,39.070508770000004,-77.0032454,2024,2,19
240005548,Property Damage Crash,02/03/2024 07:56:00 PM,OLD COLUMBIA PIKE,NA,Front to Rear,Clear,Dry,Medium,No Controls,NONE DETECTED,Yes,No Apparent Injury,NA,Not Distracted,MD,Passenger Car,Slowing or Stopping,25,No,2010,TOYOTA,PRIUS,39.1104565,-76.93405267,2024,2,19
240005548,Property Damage Crash,02/03/2024 07:56:00 PM,OLD COLUMBIA PIKE,NA,Front to Rear,Clear,Dry,Medium,No Controls,NONE DETECTED,No,No Apparent Injury,NA,Not Distracted,MD,Passenger Car,Slowing or Stopping,25,No,2008,HONDA,CIVIC,39.1104565,-76.93405267,2024,2,19
240005542,Injury Crash,02/03/2024 07:54:00 PM,NA,NA,Single Vehicle,Clear,Dry,Dark,No Controls,NONE DETECTED,No,Possible Minor Injury,Ran Off Roadway,Unknown,MD,Passenger Car,Moving Constant Speed,35,No,2020,RAM,PROMASTER CITY,39.25141655,-77.19606764,2024,2,19
240005538,Property Damage Crash,02/03/2024 07:22:00 PM,BAYFIELD ST,NA,Other,Cloudy,Dry,Medium,No Controls,ALCOHOL PRESENT,Yes,No Apparent Injury,"Failed to Keep in Proper Lane, Operated Motor Vehicle in Inattentive, Careless, Negligent, or Erratic Manner, Operated Motor Vehicle in Reckless or Aggressive Manner, Other Improper Action, Too Fast For Conditions",Unknown,NA,Passenger Car,Moving Constant Speed,0,No,2011,ACURA,MDX,38.99586783,-76.99582,2024,2,19
240005538,Property Damage Crash,02/03/2024 07:22:00 PM,BAYFIELD ST,NA,Other,Cloudy,Dry,Medium,No Controls,NONE DETECTED,No,No Apparent Injury,NA,Not Distracted,MD,Passenger Car,Stopped in Traffic,0,No,2010,ACURA,TSX,38.99586783,-76.99582,2024,2,19
240005526,Property Damage Crash,02/03/2024 05:35:00 PM,REEDIE DR,NA,Front to Rear,Clear,Dry,Medium,Flashing Traffic Control Signal,NONE DETECTED,No,No Apparent Injury,NA,Not Distracted,MD,Passenger Car,Stopped in Traffic,25,No,2023,HYUNDAI,TUCSON,39.03814984,-77.05246036,2024,2,17
240005526,Property Damage Crash,02/03/2024 05:35:00 PM,REEDIE DR,NA,Front to Rear,Clear,Dry,Medium,Traffic Control Signal,NONE DETECTED,Yes,No Apparent Injury,NA,Unknown,MD,Passenger Car,Accelerating,25,No,2010,TOYOTA,COROLLA,39.03814984,-77.05246036,2024,2,17
240005510,Property Damage Crash,02/03/2024 02:55:00 PM,GERMANTOWN RD,NA,Front to Rear,Clear,Dry,Daylight,Flashing Traffic Control Signal,NONE DETECTED,No,No Apparent Injury,NA,Not Distracted,MD,Sport Utility Vehicle,Stopped in Traffic,40,No,2020,HONDA,CR-V,39.16158583,-77.28333967,2024,2,14
240005510,Property Damage Crash,02/03/2024 02:55:00 PM,GERMANTOWN RD,NA,Front to Rear,Clear,Dry,Daylight,Flashing Traffic Control Signal,NONE DETECTED,Yes,No Apparent Injury,NA,Not Distracted,MD,Sport Utility Vehicle,Moving Constant Speed,40,No,2015,ACURA,RDX,39.16158583,-77.28333967,2024,2,14
240005507,Property Damage Crash,02/03/2024 02:05:00 PM,NA,NA,Angle,Clear,NA,Daylight,NA,NONE DETECTED,Yes,No Apparent Injury,Failed to Yield Right-of-Way,Unknown,MD,Pickup,Accelerating,0,No,2012,FORD,F-150,39.18105741,-77.27014055,2024,2,14
240005507,Property Damage Crash,02/03/2024 02:05:00 PM,NA,NA,Angle,Clear,NA,Daylight,NA,NONE DETECTED,No,No Apparent Injury,Failed to Yield Right-of-Way,Not Distracted,MD,Passenger Car,Moving Constant Speed,0,No,2013,TOYOTA,COROLLA,39.18105741,-77.27014055,2024,2,14
240005502,Property Damage Crash,02/03/2024 02:00:00 PM,MIDCOUNTY HWY (SB/L),NA,Angle,Clear,Dry,Daylight,Traffic Control Signal,NONE DETECTED,No,No Apparent Injury,"Disregarded Other Traffic Sign, Improper Turn, Other Improper Action",Not Distracted,MD,Sport Utility Vehicle,Entering Traffic Lane,35,No,2016,HONDA,CR-V,39.16026067,-77.20190608,2024,2,14
240005502,Property Damage Crash,02/03/2024 02:00:00 PM,MIDCOUNTY HWY (SB/L),NA,Angle,Clear,Dry,Daylight,Traffic Control Signal,NONE DETECTED,No,No Apparent Injury,NA,Not Distracted,MD,Passenger Car,Moving Constant Speed,35,No,2009,BMW,325I,39.16026067,-77.20190608,2024,2,14
240005503,Injury Crash,02/03/2024 01:57:00 PM,PARKWOOD DR,NA,Angle,Clear,Dry,Daylight,Stop Sign,NONE DETECTED,No,No Apparent Injury,NA,Not Distracted,MD,Passenger Car,Moving Constant Speed,25,No,2002,TOYOTA,CAMRY,39.03041491,-77.08546809,2024,2,13
240005503,Injury Crash,02/03/2024 01:57:00 PM,PARKWOOD DR,NA,Angle,Clear,Dry,Daylight,Stop Sign,NONE DETECTED,Yes,Possible Minor Injury,NA,Not Distracted,MD,Passenger Car,Turning Left,25,No,2016,SUBARU,FORESTER,39.03041491,-77.08546809,2024,2,13
240005499,Property Damage Crash,02/03/2024 01:50:00 PM,NA,NA,Angle,Clear,Dry,Daylight,No Controls,NONE DETECTED,No,No Apparent Injury,NA,Not Distracted,MD,Pickup,Moving Constant Speed,45,No,2000,FORD,F-350,39.10980564,-76.99665228,2024,2,13
240005499,Property Damage Crash,02/03/2024 01:50:00 PM,NA,NA,Angle,Clear,Dry,Daylight,No Controls,NONE DETECTED,Yes,No Apparent Injury,Other Improper Action,Not Distracted,MD,Sport Utility Vehicle,Accelerating,25,No,2020,HONDA,CR-V,39.10980564,-76.99665228,2024,2,13
240005493,Property Damage Crash,02/03/2024 12:30:00 PM,BOURNEFIELD WAY,NA,Front to Rear,Clear,Dry,Daylight,Stop Sign,NONE DETECTED,No,No Apparent Injury,NA,Unknown,MD,Pickup,Slowing or Stopping,30,No,2005,CHEVROLET,COLORADO,39.05559562,-76.96179024,2024,2,12
240005493,Property Damage Crash,02/03/2024 12:30:00 PM,BOURNEFIELD WAY,NA,Front to Rear,Clear,Dry,Daylight,Stop Sign,NONE DETECTED,No,No Apparent Injury,NA,Not Distracted,MD,Passenger Car,Slowing or Stopping,30,No,2011,TOYOTA,CAMRY,39.05559562,-76.96179024,2024,2,12
240005489,Property Damage Crash,02/03/2024 11:58:00 AM,LAYHILL RD (SB/L),NA,Front to Rear,Clear,Dry,Daylight,Traffic Control Signal,NONE DETECTED,No,No Apparent Injury,NA,Not Distracted,MD,Passenger Car,Slowing or Stopping,35,No,2012,VOLKSWAGEN,BEETLE,39.096215,-77.04419833,2024,2,11
240005489,Property Damage Crash,02/03/2024 11:58:00 AM,LAYHILL RD (SB/L),NA,Front to Rear,Clear,Dry,Daylight,Traffic Control Signal,NONE DETECTED,No,No Apparent Injury,NA,Not Distracted,MD,Sport Utility Vehicle,Stopped in Traffic,35,No,2012,TOYOTA,HIGHLANDER,39.096215,-77.04419833,2024,2,11
240005492,Property Damage Crash,02/03/2024 11:42:00 AM,SHADYGROVE METRO LOT LOT,NA,Other,Clear,Dry,Daylight,Other Warning Sign,NONE DETECTED,No,No Apparent Injury,NA,Not Distracted,MD,Bus - Transit,Stopped in Traffic,0,No,2019,GILLIG,CITY TRANSIT BUS,39.12122667,-77.16224667,2024,2,11
240005492,Property Damage Crash,02/03/2024 11:42:00 AM,SHADYGROVE METRO LOT LOT,NA,Other,Clear,Dry,Daylight,Other Warning Sign,NONE DETECTED,No,No Apparent Injury,Improper Backing,Not Distracted,XX,Sport Utility Vehicle,Backing,0,No,2013,CHEVROLET,TAHOE,39.12122667,-77.16224667,2024,2,11
240005481,Property Damage Crash,02/03/2024 11:15:00 AM,GERMANTOWN RD,NA,"Sideswipe, Same Direction",Clear,Dry,Daylight,No Controls,NONE DETECTED,No,No Apparent Injury,NA,Not Distracted,MD,Passenger Car,Overtaking/Passing,40,No,2012,SUBARU,LEGACY,39.17982237,-77.26506931,2024,2,11
240005481,Property Damage Crash,02/03/2024 11:15:00 AM,GERMANTOWN RD,NA,"Sideswipe, Same Direction",Clear,Dry,Daylight,No Controls,NONE DETECTED,No,No Apparent Injury,NA,NA,NA,Bus - Transit,Accelerating,40,No,0,NA,NA,39.17982237,-77.26506931,2024,2,11
240005474,Injury Crash,02/03/2024 10:31:00 AM,GREAT SENECA HWY,Pedestrian,Single Vehicle,Clear,Dry,Daylight,Pedestrian Crossing Sign,NONE DETECTED,Yes,No Apparent Injury,"Operated Motor Vehicle in Inattentive, Careless, Negligent, or Erratic Manner",Unknown,MD,Passenger Car,Moving Constant Speed,45,No,2018,KIA,OPTIMA,39.14623737,-77.274678840000007,2024,2,10
240005465,Injury Crash,02/03/2024 07:59:00 AM,DAMASCUS RD,NA,Front to Rear,Clear,Dry,Daylight,No Controls,NONE DETECTED,Yes,Possible Minor Injury,Too Fast For Conditions,Not Distracted,MD,Passenger Car,Moving Constant Speed,30,No,2022,HYUNDAI,SANTA FE,39.22793343,-77.07944155,2024,2,7
240005465,Injury Crash,02/03/2024 07:59:00 AM,DAMASCUS RD,NA,Front to Rear,Clear,Dry,Daylight,No Controls,NONE DETECTED,No,No Apparent Injury,NA,Not Distracted,MD,Other Trucks,Stopped in Traffic,30,No,2021,MACK,MD,39.22793343,-77.07944155,2024,2,7
240005457,Injury Crash,02/03/2024 06:55:00 AM,GREAT SENECA HWY,NA,Angle,Clear,Dry,Medium,Traffic Control Signal,NONE DETECTED,Yes,Possible Minor Injury,Other Improper Action,Not Distracted,MD,Passenger Car,Moving Constant Speed,35,No,2016,FORD,FUSION,39.17481833,-77.26114,2024,2,6
240005457,Injury Crash,02/03/2024 06:55:00 AM,GREAT SENECA HWY,NA,Angle,Clear,Dry,Medium,Traffic Control Signal,NONE DETECTED,Yes,No Apparent Injury,Other Improper Action,Not Distracted,MD,Passenger Car,Turning Left,35,No,2019,SUBARU,CROSSTREK,39.17481833,-77.26114,2024,2,6
240005445,Property Damage Crash,02/03/2024 02:46:00 AM,NA,NA,Single Vehicle,Clear,Dry,Medium,No Controls,NONE DETECTED,No,NA,NA,NA,NA,Passenger Car,Moving Constant Speed,40,No,2021,TESLA,MODEL 3,39.23025563,-77.25226275,2024,2,2
240005443,Property Damage Crash,02/03/2024 02:00:00 AM,RUATAN ST,NA,"Sideswipe, Opposite Direction",Clear,Dry,Medium,No Controls,NONE DETECTED,Yes,No Apparent Injury,Other Improper Action,Unknown,VA,Passenger Car,Moving Constant Speed,25,No,2022,NISSAN,ALTIMA,38.99947314,-76.98861385,2024,2,2
240005442,Property Damage Crash,02/03/2024 01:00:00 AM,NA,NA,Single Vehicle,Clear,NA,Medium,NA,NONE DETECTED,No,No Apparent Injury,"Operated Motor Vehicle in Inattentive, Careless, Negligent, or Erratic Manner",Not Distracted,NA,Passenger Car,Moving Constant Speed,0,No,2016,HYUNDAI,TUCSON,39.18478079,-77.18923683,2024,2,1
240005441,Property Damage Crash,02/03/2024 12:36:00 AM,ST JOHNSBURY LA,NA,"Sideswipe, Same Direction",Clear,Dry,Medium,No Controls,NONE DETECTED,Yes,No Apparent Injury,NA,Unknown,MD,Passenger Car,Moving Constant Speed,15,No,2011,HONDA,CIVIC,39.174205,-77.23819833,2024,2,0
240005437,Property Damage Crash,02/02/2024 11:54:00 PM,NA,NA,Single Vehicle,Clear,Dry,Dark,No Controls,NONE DETECTED,No,No Apparent Injury,"Failed to Keep in Proper Lane, Ran Off Roadway",Unknown,MD,Sport Utility Vehicle,Negotiating a Curve,35,No,2018,HYUNDAI,SANTA FE,39.16300667,-77.36240167,2024,2,23
240005434,Injury Crash,02/02/2024 11:41:00 PM,W EDMONSTON DR,Cyclist (non-electric),Single Vehicle,Clear,Dry,Medium,Traffic Control Signal,NONE DETECTED,Yes,No Apparent Injury,"Failed to Yield Right-of-Way, Operated Motor Vehicle in Inattentive, Careless, Negligent, or Erratic Manner",Unknown,MD,Passenger Car,Turning Right,35,No,2017,KIA,SPORTAGE,39.07451754,-77.13566528,2024,2,23
240005414,Injury Crash,02/02/2024 08:32:00 PM,OLNEY SANDY SPRING RD (WB/L),Pedestrian,Single Vehicle,Clear,Dry,Medium,No Controls,NONE DETECTED,No,No Apparent Injury,NA,Not Distracted,MD,Passenger Car,Moving Constant Speed,35,No,2011,CHEVROLET,SILVERADO,39.15296583,-77.0662905,2024,2,20
240005403,Property Damage Crash,02/02/2024 07:14:00 PM,NA,NA,Angle,Clear,Dry,Medium,No Controls,NONE DETECTED,No,No Apparent Injury,NA,Not Distracted,MD,Passenger Car,Moving Constant Speed,30,No,2020,VOLVO,XC90,39.14486499,-77.20274419,2024,2,19
240005403,Property Damage Crash,02/02/2024 07:14:00 PM,NA,NA,Angle,Clear,Dry,Medium,Stop Sign,NONE DETECTED,No,No Apparent Injury,NA,Not Distracted,MD,Passenger Car,Turning Left,30,No,2020,KIA,SPORTAGE,39.14486499,-77.20274419,2024,2,19
240005404,Property Damage Crash,02/02/2024 07:10:00 PM,COLUMBIA PIKE (SB/L),NA,Front to Rear,Clear,Dry,Medium,Traffic Control Signal,NONE DETECTED,No,NA,NA,NA,NA,Pickup,Stopped in Traffic,55,No,2017,FORD,F-150,39.09573885,-76.93799423,2024,2,19
240005404,Property Damage Crash,02/02/2024 07:10:00 PM,COLUMBIA PIKE (SB/L),NA,Front to Rear,Clear,Dry,Medium,Traffic Control Signal,NONE DETECTED,No,No Apparent Injury,NA,Not Distracted,MD,Passenger Car,Stopped in Traffic,55,No,2021,VOLKSWAGEN,TIGUAN,39.09573885,-76.93799423,2024,2,19
240005402,Property Damage Crash,02/02/2024 06:51:00 PM,NA,NA,Front to Rear,Clear,Dry,Medium,Traffic Control Signal,NONE DETECTED,No,No Apparent Injury,NA,Not Distracted,MD,Passenger Car,Turning Left,30,No,2005,HONDA,ACCORD,38.99811694,-77.00346098,2024,2,18
240005402,Property Damage Crash,02/02/2024 06:51:00 PM,NA,NA,Front to Rear,Clear,Dry,Medium,Traffic Control Signal,NONE DETECTED,No,No Apparent Injury,NA,NA,NA,Passenger Car,Moving Constant Speed,30,No,0,NA,NA,38.99811694,-77.00346098,2024,2,18
240005399,Property Damage Crash,02/02/2024 06:33:00 PM,FREDERICK RD,NA,Front to Front,Clear,Dry,Medium,Traffic Control Signal,NONE DETECTED,No,No Apparent Injury,Failed to Yield Right-of-Way,Unknown,MD,Sport Utility Vehicle,Turning Left,40,No,2024,TOYOTA,RAV4,39.22323524,-77.26063031,2024,2,18
240005399,Property Damage Crash,02/02/2024 06:33:00 PM,FREDERICK RD,NA,Front to Front,Clear,Dry,Medium,Traffic Control Signal,NONE DETECTED,No,No Apparent Injury,NA,Unknown,MD,Passenger Car,Moving Constant Speed,40,No,2013,FORD,FOCUS,39.22323524,-77.26063031,2024,2,18
240005391,Property Damage Crash,02/02/2024 06:06:00 PM,NA,NA,Unknown,Clear,NA,Medium,NA,NONE DETECTED,No,NA,NA,Unknown,NA,Passenger Car,NA,0,No,2016,BMW,328I,39.04189308,-76.98805007,2024,2,18
240005389,Property Damage Crash,02/02/2024 06:01:00 PM,NA,NA,Angle,Clear,NA,Medium,NA,NONE DETECTED,No,No Apparent Injury,NA,Not Distracted,MD,Passenger Car,Moving Constant Speed,0,No,2019,HONDA,ACCORD,39.03870062,-77.05494331,2024,2,18
240005389,Property Damage Crash,02/02/2024 06:01:00 PM,NA,NA,Angle,Clear,NA,Medium,NA,NONE DETECTED,Yes,No Apparent Injury,Failed to Yield Right-of-Way,Not Distracted,MD,Sport Utility Vehicle,Turning Left,0,No,2021,FORD,EDGE,39.03870062,-77.05494331,2024,2,18
240005387,Property Damage Crash,02/02/2024 05:43:00 PM,NA,NA,Angle,Clear,NA,Daylight,NA,NONE DETECTED,No,No Apparent Injury,NA,Not Distracted,MD,Passenger Car,Moving Constant Speed,0,No,2010,MITSUBISHI,ENDEAVOR,39.07907312,-77.07156457,2024,2,17
240005387,Property Damage Crash,02/02/2024 05:43:00 PM,NA,NA,Angle,Clear,NA,Daylight,NA,NONE DETECTED,Yes,No Apparent Injury,NA,Not Distracted,NA,Passenger Car,Backing,0,No,2017,HONDA,CIVIC,39.07907312,-77.07156457,2024,2,17
240005384,Property Damage Crash,02/02/2024 05:07:00 PM,NA,NA,Single Vehicle,Clear,NA,Daylight,NA,NONE DETECTED,Yes,No Apparent Injury,Too Fast For Conditions,Not Distracted,MD,Passenger Car,Accelerating,0,No,2007,HONDA,ACCORD,39.0251218,-77.04138797,2024,2,17
240005368,Injury Crash,02/02/2024 04:30:00 PM,N SUMMIT AVE,NA,Angle,Clear,Dry,Daylight,No Controls,NONE DETECTED,No,No Apparent Injury,NA,Not Distracted,VA,Passenger Car,Stopped in Traffic,25,No,2015,LEXUS,RX,39.14364063,-77.19300432,2024,2,16
240005368,Injury Crash,02/02/2024 04:30:00 PM,N SUMMIT AVE,NA,Angle,Clear,Dry,Daylight,No Controls,NONE DETECTED,No,Possible Minor Injury,NA,Not Distracted,MD,Passenger Car,Moving Constant Speed,25,No,2020,HONDA,CIVIC,39.14364063,-77.19300432,2024,2,16
240005368,Injury Crash,02/02/2024 04:30:00 PM,N SUMMIT AVE,NA,Angle,Clear,Dry,Daylight,No Controls,NONE DETECTED,Yes,No Apparent Injury,NA,Not Distracted,MD,Passenger Car,Accelerating,15,No,2012,TOYOTA,CAMRY,39.14364063,-77.19300432,2024,2,16
240005396,Property Damage Crash,02/02/2024 04:19:00 PM,GEORGIA AVE (SB/L),NA,"Sideswipe, Same Direction",Clear,Dry,Daylight,Traffic Control Signal,NONE DETECTED,Yes,No Apparent Injury,"Failed to Yield Right-of-Way, Other Improper Action",Not Distracted,MD,Passenger Car,Changing Lanes,30,No,2003,BUICK,LESABRE,38.99463557,-77.02695359,2024,2,16
240005396,Property Damage Crash,02/02/2024 04:19:00 PM,GEORGIA AVE (SB/L),NA,"Sideswipe, Same Direction",Clear,Dry,Daylight,Traffic Control Signal,NONE DETECTED,No,No Apparent Injury,NA,Not Distracted,MD,Bus - School,Moving Constant Speed,30,No,2015,THOMAS BUILT,SCHOOL BUS,38.99463557,-77.02695359,2024,2,16