Local Case Number,ACRS Report Type,Crash Date/Time,Road Name,Related Non-Motorist,Collision Type,Weather,Surface Condition,Light,Traffic Control,Driver Substance Abuse,Driver At Fault,Injury Severity,Circumstance,Driver Distracted By,Drivers License State,Vehicle Body Type,Vehicle Movement,Speed Limit,Driverless Vehicle,Vehicle Year,Vehicle Make,Vehicle Model,Latitude,Longitude,Year,Month,Hour
240005377,Property Damage Crash,02/02/2024 03:51:00 PM,DEMOCRACY BLVD,NA,Single Vehicle,Cloudy,Dry,Daylight,Traffic Control Signal,NONE DETECTED,No,No Apparent Injury,NA,Not Distracted,MD,Passenger Car,Turning Left,35,No,2018,VOLKSWAGEN,PASSAT,39.02204662,-77.13502384,2024,2,15
240005373,Property Damage Crash,02/02/2024 03:50:00 PM,BURDETTE RD,NA,Front to Rear,Clear,Dry,Daylight,Traffic Control Signal,NONE DETECTED,No,No Apparent Injury,NA,Not Distracted,VA,Single-Unit Truck,Changing Lanes,35,No,2022,FORD,UNKNOWN,38.99016004,-77.15282726,2024,2,15
240005373,Property Damage Crash,02/02/2024 03:50:00 PM,BURDETTE RD,NA,Front to Rear,Clear,Dry,Daylight,Traffic Control Signal,NONE DETECTED,No,No Apparent Injury,NA,NA,NA,Sport Utility Vehicle,Changing Lanes,35,No,2015,CHEVROLET,TRAVERSE,38.99016004,-77.15282726,2024,2,15
240005364,Property Damage Crash,02/02/2024 03:45:00 PM,PARK MILL DR,NA,"Sideswipe, Same Direction",Clear,Dry,Daylight,No Controls,NONE DETECTED,Yes,No Apparent Injury,Improper Passing,Not Distracted,MD,Passenger Car,Overtaking/Passing,25,No,2022,KIA,VAN,39.1469835,-77.152899,2024,2,15
240005364,Property Damage Crash,02/02/2024 03:45:00 PM,PARK MILL DR,NA,"Sideswipe, Same Direction",Clear,Dry,Daylight,No Controls,NONE DETECTED,No,No Apparent Injury,NA,Not Distracted,MD,Bus - School,Moving Constant Speed,25,No,2024,THOMAS BUILT,SCHOOL BUS,39.1469835,-77.152899,2024,2,15
240005353,Property Damage Crash,02/02/2024 02:52:00 PM,GEORGIA AVE,NA,Front to Rear,Clear,Dry,Daylight,No Controls,NONE DETECTED,No,No Apparent Injury,NA,Not Distracted,MD,Passenger Car,Moving Constant Speed,30,No,2015,NISSAN,QUEST,39.02307689,-77.04682178,2024,2,14
240005353,Property Damage Crash,02/02/2024 02:52:00 PM,GEORGIA AVE,NA,Front to Rear,Clear,Dry,Daylight,No Controls,NONE DETECTED,Yes,No Apparent Injury,NA,Unknown,MD,Passenger Car,Moving Constant Speed,30,No,2008,NISSAN,ALTIMA,39.02307689,-77.04682178,2024,2,14
240005352,Injury Crash,02/02/2024 02:45:00 PM,NEW HAMPSHIRE AVE (SB/L),Pedestrian,Single Vehicle,Clear,Dry,Daylight,Traffic Control Signal,NONE DETECTED,No,No Apparent Injury,NA,Not Distracted,MD,Passenger Car,Accelerating,35,No,2020,FORD,LOW CAB FORWARD,39.0206038,-76.97690901,2024,2,14
240005340,Property Damage Crash,02/02/2024 01:13:00 PM,FREDERICK RD,NA,"Sideswipe, Same Direction",Clear,Dry,Daylight,No Controls,NONE DETECTED,No,No Apparent Injury,NA,Not Distracted,MD,Passenger Car,Moving Constant Speed,40,No,2017,DODGE,DURANGO,39.11150521,-77.16129495,2024,2,13
240005340,Property Damage Crash,02/02/2024 01:13:00 PM,FREDERICK RD,NA,"Sideswipe, Same Direction",Clear,Dry,Daylight,No Controls,NONE DETECTED,No,No Apparent Injury,NA,Unknown,NA,Passenger Car,Changing Lanes,40,No,2023,TOYOTA,CAMRY,39.11150521,-77.16129495,2024,2,13
240005333,Injury Crash,02/02/2024 12:39:00 PM,ROCKING HORSE RD,NA,Other,Clear,Dry,Daylight,Traffic Control Signal,NONE DETECTED,No,No Apparent Injury,NA,Not Distracted,MD,Pickup,Turning Left,35,No,2016,DODGE,RAM,39.05381835,-77.09413009,2024,2,12
240005333,Injury Crash,02/02/2024 12:39:00 PM,ROCKING HORSE RD,NA,Other,Clear,Dry,Daylight,Traffic Control Signal,NONE DETECTED,No,Possible Minor Injury,NA,Not Distracted,MD,Pickup,Moving Constant Speed,40,No,1997,FORD,RANGER,39.05381835,-77.09413009,2024,2,12
240005328,Property Damage Crash,02/02/2024 12:17:00 PM,CONNECTICUT AVE (SB/L),NA,"Sideswipe, Same Direction",Clear,Dry,Daylight,No Controls,NONE DETECTED,No,No Apparent Injury,NA,Not Distracted,MD,Pickup,Moving Constant Speed,35,No,2003,DODGE,RAM,39.00400056,-77.07757309,2024,2,12
240005328,Property Damage Crash,02/02/2024 12:17:00 PM,CONNECTICUT AVE (SB/L),NA,"Sideswipe, Same Direction",Clear,Dry,Daylight,No Controls,NONE DETECTED,No,No Apparent Injury,Failed to Keep in Proper Lane,Unknown,MD,Passenger Car,Changing Lanes,35,No,2021,KIA,FORTE,39.00400056,-77.07757309,2024,2,12
240005302,Property Damage Crash,02/02/2024 10:08:00 AM,SHADY GROVE RD,NA,"Sideswipe, Same Direction",Clear,Dry,Daylight,Traffic Control Signal,NONE DETECTED,No,No Apparent Injury,NA,Not Distracted,MD,Other Trucks,Turning Left,40,No,2014,MACK,UNKNOWN,39.12243055,-77.17747403,2024,2,10
240005302,Property Damage Crash,02/02/2024 10:08:00 AM,SHADY GROVE RD,NA,"Sideswipe, Same Direction",Clear,Dry,Daylight,Traffic Control Signal,NONE DETECTED,No,No Apparent Injury,NA,Not Distracted,MD,Passenger Car,Turning Left,40,No,2006,VOLVO,S80,39.12243055,-77.17747403,2024,2,10
24000487,Property Damage Crash,02/02/2024 10:06:00 AM,BEACH DR,NA,"Sideswipe, Opposite Direction",Clear,Dry,Daylight,Intersection Ahead Warning Sign,NONE DETECTED,No,No Apparent Injury,NA,Unknown,GA,Passenger Car,Turning Left,25,No,2017,DODGE,CARAVAN,39.0124139,-77.09086246,2024,2,10
24000487,Property Damage Crash,02/02/2024 10:06:00 AM,BEACH DR,NA,"Sideswipe, Opposite Direction",Clear,Dry,Daylight,Intersection Ahead Warning Sign,NONE DETECTED,No,No Apparent Injury,NA,Unknown,MD,Other,Moving Constant Speed,25,No,2022,TOYOTA,RAV4,39.0124139,-77.09086246,2024,2,10
240005290,Property Damage Crash,02/02/2024 08:45:00 AM,WISCONSIN AVE (SB/L),NA,"Sideswipe, Same Direction",Clear,Dry,Daylight,Traffic Control Signal,NONE DETECTED,No,No Apparent Injury,NA,Not Distracted,MD,Other Trucks,Slowing or Stopping,35,No,2022,FREIGHTLINER,CASCADIA,38.96716529,-77.08887409,2024,2,8
240005290,Property Damage Crash,02/02/2024 08:45:00 AM,WISCONSIN AVE (SB/L),NA,"Sideswipe, Same Direction",Clear,Dry,Daylight,Traffic Control Signal,NONE DETECTED,No,No Apparent Injury,NA,Not Distracted,MD,Bus - Other Type,Stopped in Traffic,35,No,2022,GILLIG,UNKNOWN,38.96716529,-77.08887409,2024,2,8
240005289,Property Damage Crash,02/02/2024 08:30:00 AM,CLOPPER RD (WB/L),NA,"Sideswipe, Same Direction",Cloudy,Dry,Daylight,Traffic Control Signal,NONE DETECTED,Yes,No Apparent Injury,Failed to Keep in Proper Lane,Not Distracted,MD,Bus - School,Turning Left,35,No,2018,THOMAS BUILT,SCHOOL BUS,39.14360055,-77.22353182,2024,2,8
240005289,Property Damage Crash,02/02/2024 08:30:00 AM,CLOPPER RD (WB/L),NA,"Sideswipe, Same Direction",Cloudy,Dry,Daylight,Traffic Control Signal,NONE DETECTED,No,No Apparent Injury,NA,Not Distracted,MD,Bus - Transit,Stopped in Traffic,35,No,2019,GILLIG,SHUTTLE BUS,39.14360055,-77.22353182,2024,2,8
240005275,Property Damage Crash,02/02/2024 07:10:00 AM,PRINCE PHILIP DR,NA,"Sideswipe, Opposite Direction",Cloudy,Wet,Medium,Stop Sign,NONE DETECTED,No,No Apparent Injury,NA,Not Distracted,MD,Passenger Car,Accelerating,35,No,2000,TOYOTA,CAMRY,39.15608333,-77.05867857,2024,2,7
240005275,Property Damage Crash,02/02/2024 07:10:00 AM,PRINCE PHILIP DR,NA,"Sideswipe, Opposite Direction",Cloudy,Wet,Medium,Stop Sign,NONE DETECTED,No,No Apparent Injury,NA,Not Distracted,MD,Bus - Transit,Moving Constant Speed,35,No,2019,FORD,TRANSIT,39.15608333,-77.05867857,2024,2,7
240005270,Property Damage Crash,02/02/2024 06:56:00 AM,PINEY BRANCH RD,NA,"Sideswipe, Same Direction",Cloudy,Wet,Medium,No Controls,NONE DETECTED,No,No Apparent Injury,NA,Not Distracted,MD,Bus - Transit,Accelerating,35,No,2012,GILLIG,CITY TRANSIT BUS,38.99976542,-76.99247131,2024,2,6
240005270,Property Damage Crash,02/02/2024 06:56:00 AM,PINEY BRANCH RD,NA,"Sideswipe, Same Direction",Cloudy,Wet,Medium,No Controls,NONE DETECTED,Yes,No Apparent Injury,NA,Not Distracted,MD,Single-Unit Truck,Changing Lanes,35,No,2018,MACK,LR,38.99976542,-76.99247131,2024,2,6
240005100,Injury Crash,02/02/2024 12:10:00 AM,GRIDLEY RD,NA,Other,Clear,Dry,Medium,Flashing Traffic Control Signal,NONE DETECTED,No,No Apparent Injury,NA,Unknown,MD,Passenger Car,Accelerating,35,No,2016,HYUNDAI,ELANTRA,39.05712211,-77.08442211,2024,2,0
240005100,Injury Crash,02/02/2024 12:10:00 AM,GRIDLEY RD,NA,Other,Clear,Dry,Medium,Flashing Traffic Control Signal,NONE DETECTED,No,Possible Minor Injury,NA,Not Distracted,MD,Passenger Car,Moving Constant Speed,35,No,2011,TOYOTA,CAMRY,39.05712211,-77.08442211,2024,2,0
240005258,Property Damage Crash,02/01/2024 10:48:00 PM,GEORGIA AVE,NA,Front to Rear,Clear,Dry,Medium,No Controls,NONE DETECTED,No,No Apparent Injury,NA,Not Distracted,MD,Passenger Car,NA,35,No,2011,BMW,UNKNOWN,39.05672827,-77.04997242,2024,2,22
240005258,Property Damage Crash,02/01/2024 10:48:00 PM,GEORGIA AVE,NA,Front to Rear,Clear,Dry,Medium,No Controls,NONE DETECTED,No,No Apparent Injury,NA,Unknown,MD,Passenger Car,Changing Lanes,35,No,2016,LEXUS,UNKNOWN,39.05672827,-77.04997242,2024,2,22
240005251,Property Damage Crash,02/01/2024 08:43:00 PM,UNIVERSITY BLVD E,NA,Front to Rear,Clear,Dry,Medium,Traffic Control Signal,NONE DETECTED,Yes,No Apparent Injury,NA,Unknown,MD,Passenger Car,Slowing or Stopping,35,No,2020,CHEVROLET,EQUINOX,39.00029731,-76.99562678,2024,2,20
240005251,Property Damage Crash,02/01/2024 08:43:00 PM,UNIVERSITY BLVD E,NA,Front to Rear,Clear,Dry,Medium,Traffic Control Signal,NONE DETECTED,No,No Apparent Injury,NA,Not Distracted,MD,Passenger Car,Slowing or Stopping,35,No,2020,TOYOTA,RAV4,39.00029731,-76.99562678,2024,2,20
240005251,Property Damage Crash,02/01/2024 08:43:00 PM,UNIVERSITY BLVD E,NA,Front to Rear,Clear,Dry,Medium,Traffic Control Signal,NONE DETECTED,No,No Apparent Injury,NA,Not Distracted,MD,Passenger Car,Slowing or Stopping,35,No,2012,HONDA,CR-V,39.00029731,-76.99562678,2024,2,20
240005227,Property Damage Crash,02/01/2024 06:24:00 PM,NEW HAMPSHIRE AVE (SB/L),NA,"Sideswipe, Same Direction",Clear,Dry,Medium,No Controls,NONE DETECTED,No,NA,NA,NA,NA,Passenger Car,Changing Lanes,40,No,2014,HONDA,ACCORD,39.02050327,-76.97668575,2024,2,18
240005227,Property Damage Crash,02/01/2024 06:24:00 PM,NEW HAMPSHIRE AVE (SB/L),NA,"Sideswipe, Same Direction",Clear,Dry,Medium,No Controls,NONE DETECTED,No,No Apparent Injury,NA,Not Distracted,MD,Passenger Car,Moving Constant Speed,40,No,2015,HONDA,CIVIC,39.02050327,-76.97668575,2024,2,18
240005230,Injury Crash,02/01/2024 06:18:00 PM,NA,NA,Front to Rear,Clear,Dry,Medium,No Controls,NONE DETECTED,Yes,No Apparent Injury,NA,"Other Action (looking away from task, etc.)",MD,Passenger Car,Moving Constant Speed,40,No,2013,TOYOTA,COROLLA,39.24455127,-77.18715364,2024,2,18
240005230,Injury Crash,02/01/2024 06:18:00 PM,NA,NA,Front to Rear,Clear,Dry,Medium,No Controls,NONE DETECTED,No,Possible Minor Injury,NA,Not Distracted,MD,Passenger Car,Moving Constant Speed,40,No,2008,HONDA,CIVIC,39.24455127,-77.18715364,2024,2,18
240005231,Property Damage Crash,02/01/2024 06:13:00 PM,ROCKVILLE PIKE,NA,"Sideswipe, Same Direction",Clear,Dry,Medium,Flashing Traffic Control Signal,NONE DETECTED,No,No Apparent Injury,NA,Not Distracted,MD,Passenger Car,Moving Constant Speed,25,No,2010,TOYOTA,PRIUS,39.08033611,-77.14407783,2024,2,18
240005231,Property Damage Crash,02/01/2024 06:13:00 PM,ROCKVILLE PIKE,NA,"Sideswipe, Same Direction",Clear,Dry,Medium,Flashing Traffic Control Signal,NONE DETECTED,No,No Apparent Injury,NA,Not Distracted,MD,Bus - School,Moving Constant Speed,25,No,2021,THMS,UNKNOWN,39.08033611,-77.14407783,2024,2,18
240005226,Property Damage Crash,02/01/2024 06:05:00 PM,WATSON RD,NA,Angle,Clear,Dry,Medium,Stop Sign,NONE DETECTED,Yes,No Apparent Injury,Failed to Yield Right-of-Way,Unknown,MD,Passenger Car,Accelerating,20,No,2012,TOYOTA,RAV4,39.00626633,-77.02489567,2024,2,18
240005226,Property Damage Crash,02/01/2024 06:05:00 PM,WATSON RD,NA,Angle,Clear,Dry,Medium,No Controls,NONE DETECTED,No,No Apparent Injury,NA,Not Distracted,MD,Passenger Car,Moving Constant Speed,30,No,2021,TOYOTA,HIGHLANDER,39.00626633,-77.02489567,2024,2,18
240005235,Property Damage Crash,02/01/2024 06:03:00 PM,FRANKLIN AVE,NA,Rear To Side,Clear,Dry,Medium,Stop Sign,NONE DETECTED,Yes,No Apparent Injury,Failed to Yield Right-of-Way,Not Distracted,UM,Passenger Car,Entering Traffic Lane,15,No,2014,KIA,OPTIMA,39.0085857,-77.01807495,2024,2,18
240005235,Property Damage Crash,02/01/2024 06:03:00 PM,FRANKLIN AVE,NA,Rear To Side,Clear,Dry,Medium,No Controls,NONE DETECTED,No,No Apparent Injury,NA,Not Distracted,MD,Passenger Car,Moving Constant Speed,30,No,2014,BMW,UNKNOWN,39.0085857,-77.01807495,2024,2,18
240005220,Injury Crash,02/01/2024 05:01:00 PM,NA,NA,"Sideswipe, Same Direction",Clear,Dry,Medium,Traffic Control Signal,NONE DETECTED,No,NA,NA,NA,NA,Passenger Car,Turning Left,25,No,2022,NISSAN,ALTIMA,39.04700513,-77.05210965,2024,2,17
240005220,Injury Crash,02/01/2024 05:01:00 PM,NA,NA,"Sideswipe, Same Direction",Clear,Dry,Medium,Traffic Control Signal,NONE DETECTED,No,No Apparent Injury,NA,Not Distracted,MD,Passenger Car,Stopped in Traffic,25,No,2005,HYUNDAI,ELANTRA,39.04700513,-77.05210965,2024,2,17
240005215,Property Damage Crash,02/01/2024 04:18:00 PM,MUNCASTER MILL RD,NA,Other,Clear,Dry,Daylight,No Controls,NONE DETECTED,No,No Apparent Injury,NA,Not Distracted,MD,Bus - School,Moving Constant Speed,30,No,2018,THOMAS BUILT,SCHOOL BUS,39.14621962,-77.14525019,2024,2,16
240005215,Property Damage Crash,02/01/2024 04:18:00 PM,MUNCASTER MILL RD,NA,Other,Clear,Dry,Daylight,No Controls,NONE DETECTED,Yes,No Apparent Injury,Failed to Yield Right-of-Way,Unknown,MD,Passenger Car,Turning Left,30,No,2022,TOYOTA,COROLLA,39.14621962,-77.14525019,2024,2,16
240005212,Property Damage Crash,02/01/2024 03:44:00 PM,HARNESS TRAIL,NA,Angle,Clear,Dry,Daylight,No Controls,NONE DETECTED,Yes,No Apparent Injury,NA,"Other Action (looking away from task, etc.)",MD,Van - Passenger (&lt;9 Seats),Moving Constant Speed,25,No,2020,HONDA,ODYSSEY,39.0351762,-77.18390957,2024,2,15
240005211,Injury Crash,02/01/2024 03:40:00 PM,LOCKWOOD DR,NA,"Sideswipe, Same Direction",Clear,Dry,Daylight,No Controls,NONE DETECTED,Yes,No Apparent Injury,Improper Passing,Not Distracted,MD,Sport Utility Vehicle,Overtaking/Passing,30,No,2014,HONDA,PILOT,39.03651292,-76.99599681,2024,2,15
240005211,Injury Crash,02/01/2024 03:40:00 PM,LOCKWOOD DR,NA,"Sideswipe, Same Direction",Clear,Dry,Daylight,No Controls,NONE DETECTED,No,Possible Minor Injury,NA,Not Distracted,MD,Bus - Transit,Slowing or Stopping,30,No,2008,GILLIG,CITY TRANSIT BUS,39.03651292,-76.99599681,2024,2,15
240005279,Property Damage Crash,02/01/2024 03:15:00 PM,NA,NA,Single Vehicle,Clear,NA,Daylight,NA,NONE DETECTED,Yes,No Apparent Injury,Improper Backing,Not Distracted,MD,Passenger Car,Backing,0,No,2015,FORD,TAURUS,39.06936853,-77.1685254,2024,2,15
240005188,Property Damage Crash,02/01/2024 01:54:00 PM,NORWOOD RD,NA,Front to Rear,Clear,Dry,Daylight,No Controls,NONE DETECTED,No,No Apparent Injury,Followed Too Closely,Not Distracted,MD,Passenger Car,Slowing or Stopping,40,No,2016,CHEVROLET,CRUZE,39.12102317,-77.0242405,2024,2,13
240005188,Property Damage Crash,02/01/2024 01:54:00 PM,NORWOOD RD,NA,Front to Rear,Clear,Dry,Daylight,No Controls,NONE DETECTED,No,No Apparent Injury,NA,Not Distracted,MD,Passenger Car,Slowing or Stopping,40,No,2005,TOYOTA,CAMRY,39.12102317,-77.0242405,2024,2,13
240005178,Property Damage Crash,02/01/2024 12:47:00 PM,NORBECK RD,NA,Front to Rear,Clear,Dry,Daylight,Traffic Control Signal,NONE DETECTED,Yes,No Apparent Injury,"Swerved or Avoided Due to Wind, Slippery Surface, Motor Vehicle, Object, Non-Motorist in Roadway, etc",Not Distracted,MD,Sport Utility Vehicle,Changing Lanes,40,No,2020,LAND ROVER,RANGE ROVER SPORT,39.09923833,-77.09998833,2024,2,12
240005178,Property Damage Crash,02/01/2024 12:47:00 PM,NORBECK RD,NA,Front to Rear,Clear,Dry,Daylight,Traffic Control Signal,NONE DETECTED,No,No Apparent Injury,NA,Not Distracted,MD,Sport Utility Vehicle,Turning Right,40,No,2019,CHEVROLET,EQUINOX,39.09923833,-77.09998833,2024,2,12
240005184,Injury Crash,02/01/2024 11:50:00 AM,QUINCE ORCHARD HS ENT,Pedestrian,Single Vehicle,Clear,Dry,Daylight,"Person (including flagger, law enforcement, crossing guard, etc.",NONE DETECTED,Yes,No Apparent Injury,Other Improper Action,Talking/listening,MD,Sport Utility Vehicle,Turning Right,15,No,2023,ACURA,MDX,39.11757882,-77.25384597,2024,2,11
240005163,Injury Crash,02/01/2024 11:35:00 AM,NA,NA,Rear To Side,Clear,NA,Daylight,No Controls,NONE DETECTED,Yes,Possible Minor Injury,"Failed to Yield Right-of-Way, Other Improper Action",Not Distracted,MD,Passenger Car,Accelerating,15,No,2021,MAZDA,MAZDA6,39.18669343,-77.18830652,2024,2,11
240005163,Injury Crash,02/01/2024 11:35:00 AM,NA,NA,Rear To Side,Clear,NA,Daylight,NA,NONE DETECTED,No,No Apparent Injury,NA,Not Distracted,MD,Passenger Car,Moving Constant Speed,15,No,2021,SUBARU,FORESTER,39.18669343,-77.18830652,2024,2,11
240005160,Injury Crash,02/01/2024 11:34:00 AM,ODENDHAL AVE (EB/L),NA,Front to Rear,Clear,Dry,Daylight,Traffic Control Signal,NONE DETECTED,No,Possible Minor Injury,NA,Not Distracted,MD,Passenger Car,Stopped in Traffic,25,No,2015,TOYOTA,UNKNOWN,39.15251566,-77.19239581,2024,2,11
240005160,Injury Crash,02/01/2024 11:34:00 AM,ODENDHAL AVE (EB/L),NA,Front to Rear,Clear,Dry,Daylight,Traffic Control Signal,NONE DETECTED,No,Possible Minor Injury,NA,Not Distracted,MD,Passenger Car,Slowing or Stopping,25,No,2010,MAZDA,UNKNOWN,39.15251566,-77.19239581,2024,2,11
240005161,Property Damage Crash,02/01/2024 11:33:00 AM,ROCKVILLE PIKE,NA,Angle,Clear,Dry,Daylight,No Controls,NONE DETECTED,No,No Apparent Injury,NA,Not Distracted,MD,Passenger Car,Moving Constant Speed,40,No,2009,TOYOTA,CAMRY,39.05520033,-77.11815067,2024,2,11
240005161,Property Damage Crash,02/01/2024 11:33:00 AM,ROCKVILLE PIKE,NA,Angle,Clear,Dry,Daylight,No Controls,NONE DETECTED,Yes,No Apparent Injury,Failed to Keep in Proper Lane,Not Distracted,MD,Passenger Car,Changing Lanes,40,No,2017,HYUNDAI,ELANTRA,39.05520033,-77.11815067,2024,2,11
240005134,Property Damage Crash,02/01/2024 08:50:00 AM,GEORGIA AVE (SB/L),NA,"Sideswipe, Same Direction",Clear,Dry,Daylight,No Controls,NONE DETECTED,No,No Apparent Injury,NA,Not Distracted,MD,Passenger Car,Turning Right,40,No,2018,LEXUS,RC,39.13112945,-77.07088007,2024,2,8
240005134,Property Damage Crash,02/01/2024 08:50:00 AM,GEORGIA AVE (SB/L),NA,"Sideswipe, Same Direction",Clear,Dry,Daylight,Traffic Control Signal,NONE DETECTED,No,No Apparent Injury,NA,Not Distracted,MD,Sport Utility Vehicle,Stopped in Traffic,40,No,2013,CHEVROLET,EQUINOX,39.13112945,-77.07088007,2024,2,8
240005134,Property Damage Crash,02/01/2024 08:50:00 AM,GEORGIA AVE (SB/L),NA,"Sideswipe, Same Direction",Clear,Dry,Daylight,No Controls,NONE DETECTED,No,No Apparent Injury,NA,Not Distracted,MD,Van - Passenger (&lt;9 Seats),Slowing or Stopping,40,No,2016,HONDA,ODYSSEY,39.13112945,-77.07088007,2024,2,8
240005130,Property Damage Crash,02/01/2024 08:45:00 AM,EMORY GROVE RD,NA,Front to Front,Clear,Dry,Daylight,Traffic Control Signal,NONE DETECTED,No,No Apparent Injury,NA,Not Distracted,MD,Passenger Car,Turning Left,35,No,2021,SUBARU,FORESTER,39.15215749,-77.17251654,2024,2,8
240005130,Property Damage Crash,02/01/2024 08:45:00 AM,EMORY GROVE RD,NA,Front to Front,Clear,Dry,Daylight,Traffic Control Signal,NONE DETECTED,No,No Apparent Injury,Ran Red Light,Unknown,MD,Van - Cargo,Slowing or Stopping,45,No,2018,RAM,PROMASTER 1500,39.15215749,-77.17251654,2024,2,8
240005135,Property Damage Crash,02/01/2024 08:40:00 AM,NA,NA,Rear To Side,Clear,NA,Daylight,NA,NONE DETECTED,Yes,No Apparent Injury,Improper Backing,Unknown,MD,Bus - School,Backing,0,No,2022,THOMAS BUILT,SCHOOL BUS,39.1327454,-77.3949439,2024,2,8
240005141,Property Damage Crash,02/01/2024 08:26:00 AM,SWEET MEADOW LA,NA,Rear To Side,Clear,Dry,Daylight,No Controls,NONE DETECTED,Yes,No Apparent Injury,NA,Not Distracted,TX,Passenger Car,Backing,25,No,2012,NISSAN,ALTIMA,39.18962172,-77.13475274,2024,2,8
240005123,Property Damage Crash,02/01/2024 08:15:00 AM,AIRPARK RD (SB/L),NA,Front to Rear,Clear,Dry,Daylight,Traffic Control Signal,NONE DETECTED,No,No Apparent Injury,Disregarded Other Traffic Sign,Unknown,MD,Passenger Car,Slowing or Stopping,50,No,2017,BMW,X3,39.16083097,-77.14503113,2024,2,8
240005123,Property Damage Crash,02/01/2024 08:15:00 AM,AIRPARK RD (SB/L),NA,Front to Rear,Clear,Dry,Daylight,Traffic Control Signal,NONE DETECTED,No,No Apparent Injury,NA,Not Distracted,MD,Passenger Car,Slowing or Stopping,50,No,2020,HONDA,CIVIC,39.16083097,-77.14503113,2024,2,8
240005127,Property Damage Crash,02/01/2024 07:53:00 AM,NA,NA,Front to Rear,Clear,Dry,Daylight,No Controls,NONE DETECTED,Yes,No Apparent Injury,"Operated Motor Vehicle in Inattentive, Careless, Negligent, or Erratic Manner","Other Action (looking away from task, etc.)",MD,Passenger Car,Moving Constant Speed,35,No,2010,TOYOTA,PRIUS,39.1864186,-77.11755136,2024,2,7
240005127,Property Damage Crash,02/01/2024 07:53:00 AM,NA,NA,Front to Rear,Clear,Dry,Daylight,No Controls,NONE DETECTED,No,No Apparent Injury,NA,Not Distracted,MD,Passenger Car,Slowing or Stopping,35,No,2018,TOYOTA,PRIUS,39.1864186,-77.11755136,2024,2,7
240005127,Property Damage Crash,02/01/2024 07:53:00 AM,NA,NA,Front to Rear,Clear,Dry,Daylight,No Controls,NONE DETECTED,No,No Apparent Injury,NA,Not Distracted,MD,Passenger Car,Slowing or Stopping,35,No,2016,FORD,ESCAPE,39.1864186,-77.11755136,2024,2,7
240005122,Property Damage Crash,02/01/2024 07:45:00 AM,NA,NA,Front to Rear,Clear,Dry,Daylight,No Controls,NONE DETECTED,No,No Apparent Injury,NA,Not Distracted,MD,Passenger Car,Moving Constant Speed,35,No,2020,FORD,ESCAPE,39.06367068,-77.17591405,2024,2,7
240005122,Property Damage Crash,02/01/2024 07:45:00 AM,NA,NA,Front to Rear,Clear,Dry,Daylight,No Controls,NONE DETECTED,No,No Apparent Injury,Followed Too Closely,Not Distracted,MD,Passenger Car,Moving Constant Speed,35,No,2017,NISSAN,LEAF,39.06367068,-77.17591405,2024,2,7
240005284,Property Damage Crash,02/01/2024 07:30:00 AM,EISENHOWER MEMORIAL HWY (SB/L),NA,"Sideswipe, Same Direction",Clear,Dry,Daylight,No Controls,NONE DETECTED,No,No Apparent Injury,"Swerved or Avoided Due to Wind, Slippery Surface, Motor Vehicle, Object, Non-Motorist in Roadway, etc",Not Distracted,MD,Passenger Car,Leaving Traffic Lane,55,No,2004,CADILLAC,SRX,39.1730923,-77.24576976,2024,2,7
240005284,Property Damage Crash,02/01/2024 07:30:00 AM,EISENHOWER MEMORIAL HWY (SB/L),NA,"Sideswipe, Same Direction",Clear,Dry,Daylight,No Controls,NONE DETECTED,No,No Apparent Injury,NA,Not Distracted,MD,Motorcycle - 2 Wheeled,Moving Constant Speed,55,No,2019,HARLEY DAVIDSON,FLHTP / POLICE ELECTRA GLIDE,39.1730923,-77.24576976,2024,2,7