Local Case Number,ACRS Report Type,Crash Date/Time,Road Name,Related Non-Motorist,Collision Type,Weather,Surface Condition,Light,Traffic Control,Driver Substance Abuse,Driver At Fault,Injury Severity,Circumstance,Driver Distracted By,Drivers License State,Vehicle Body Type,Vehicle Movement,Speed Limit,Driverless Vehicle,Vehicle Year,Vehicle Make,Vehicle Model,Latitude,Longitude,Year,Month,Hour
240005117,Property Damage Crash,02/01/2024 06:50:00 AM,FREDERICK RD (SB/L),NA,Single Vehicle,Clear,Dry,Medium,Traffic Control Signal,NONE DETECTED,No,No Apparent Injury,Other Improper Action,Not Distracted,MD,Passenger Car,Moving Constant Speed,35,No,2005,VOLVO,S60,39.15267382,-77.21238833,2024,2,6
240005116,Property Damage Crash,02/01/2024 06:19:00 AM,GEORGIA AVE,NA,Angle,Clear,Dry,Medium,Traffic Control Signal,NONE DETECTED,No,No Apparent Injury,NA,Not Distracted,MD,Passenger Car,Moving Constant Speed,30,No,2015,BUICK,LACROSSE,39.0602988,-77.05114931,2024,2,6
240005116,Property Damage Crash,02/01/2024 06:19:00 AM,GEORGIA AVE,NA,Angle,Clear,Dry,Medium,Traffic Control Signal,NONE DETECTED,Yes,No Apparent Injury,Ran Red Light,Not Distracted,DC,Passenger Car,Moving Constant Speed,35,No,2009,HONDA,CIVIC,39.0602988,-77.05114931,2024,2,6
240005114,Property Damage Crash,02/01/2024 05:03:00 AM,RIDGE RD,NA,Single Vehicle,Clear,Ice/Frost,Medium,No Controls,NONE DETECTED,No,No Apparent Injury,"Swerved or Avoided Due to Wind, Slippery Surface, Motor Vehicle, Object, Non-Motorist in Roadway, etc",Not Distracted,MD,Van - Cargo,Moving Constant Speed,40,No,2019,FORD,E-350,39.29733597,-77.20356904,2024,2,5
240005104,Property Damage Crash,02/01/2024 12:15:00 AM,WEST SIDE DR,NA,Front to Front,Clear,Dry,Dark,No Controls,ALCOHOL PRESENT,No,No Apparent Injury,"Operated Motor Vehicle in Inattentive, Careless, Negligent, or Erratic Manner, Other Improper Action",Not Distracted,MD,Passenger Car,Accelerating,5,No,2013,HYUNDAI,TUCSON,39.12447665,-77.20316437,2024,2,0
240005099,Property Damage Crash,02/01/2024 12:01:00 AM,BROOKE GROVE RD,NA,Other,Clear,Dry,Medium,No Controls,NONE DETECTED,No,No Apparent Injury,Followed Too Closely,Unknown,NA,Passenger Car,NA,25,No,2017,HYUNDAI,ELANTRA,39.15823785,-77.04854669,2024,2,0
240005099,Property Damage Crash,02/01/2024 12:01:00 AM,BROOKE GROVE RD,NA,Other,Clear,Dry,Medium,No Controls,NONE DETECTED,No,No Apparent Injury,NA,Unknown,NA,Passenger Car,NA,25,No,2015,NISSAN,ALTIMA,39.15823785,-77.04854669,2024,2,0
240005093,Injury Crash,01/31/2024 10:44:00 PM,CHERRY HILL RD (NB/L),NA,Front to Rear,Clear,Dry,Medium,Traffic Control Signal,NONE DETECTED,No,Possible Minor Injury,NA,Not Distracted,MD,Passenger Car,Slowing or Stopping,40,No,2009,NISSAN,ALTIMA,39.06263106,-76.96251877,2024,1,22
240005093,Injury Crash,01/31/2024 10:44:00 PM,CHERRY HILL RD (NB/L),NA,Front to Rear,Clear,Dry,Medium,Traffic Control Signal,NONE DETECTED,No,NA,NA,NA,NA,NA,Moving Constant Speed,40,No,0,NA,NA,39.06263106,-76.96251877,2024,1,22
240005089,Injury Crash,01/31/2024 10:20:00 PM,NA,NA,Angle,Clear,Dry,Medium,Traffic Control Signal,NONE DETECTED,No,Possible Minor Injury,"Operated Motor Vehicle in Inattentive, Careless, Negligent, or Erratic Manner",Not Distracted,MD,Passenger Car,Turning Left,50,No,2009,TOYOTA,COROLLA,39.15807369,-77.19203368,2024,1,22
240005089,Injury Crash,01/31/2024 10:20:00 PM,NA,NA,Angle,Clear,Dry,Medium,Traffic Control Signal,NONE DETECTED,No,No Apparent Injury,"Operated Motor Vehicle in Inattentive, Careless, Negligent, or Erratic Manner",Not Distracted,MD,Passenger Car,Turning Left,50,No,2021,SUBARU,CROSSTREK,39.15807369,-77.19203368,2024,1,22
240005088,Property Damage Crash,01/31/2024 09:57:00 PM,WISTERIA DR,NA,Angle,Clear,Dry,Medium,Traffic Control Signal,NONE DETECTED,No,No Apparent Injury,Failed to Yield Right-of-Way,Unknown,NA,Passenger Car,Turning Left,30,No,0,NA,NA,39.17101249,-77.26274771,2024,1,21
240005088,Property Damage Crash,01/31/2024 09:57:00 PM,WISTERIA DR,NA,Angle,Clear,Dry,Medium,Traffic Control Signal,NONE DETECTED,No,No Apparent Injury,NA,Not Distracted,MD,Passenger Car,Turning Left,30,No,2023,KIA,RIO,39.17101249,-77.26274771,2024,1,21
240005076,Property Damage Crash,01/31/2024 07:48:00 PM,NA,NA,Angle,Clear,Dry,Dark,No Controls,NONE DETECTED,No,No Apparent Injury,NA,Not Distracted,MD,Passenger Car,Moving Constant Speed,35,No,2015,SUBARU,LEGACY,39.1430144,-77.14417219,2024,1,19
240005076,Property Damage Crash,01/31/2024 07:48:00 PM,NA,NA,Angle,Clear,Dry,Dark,No Controls,NONE DETECTED,Yes,No Apparent Injury,Failed to Yield Right-of-Way,Not Distracted,MD,Other Trucks,Entering Traffic Lane,35,No,2000,FORD,EXPLORER,39.1430144,-77.14417219,2024,1,19
240005047,Injury Crash,01/31/2024 07:39:00 PM,N STONESTREET AVE,Pedestrian,Single Vehicle,Clear,Dry,Medium,Flashing Traffic Control Signal,NONE DETECTED,No,No Apparent Injury,NA,Not Distracted,MD,Sport Utility Vehicle,Moving Constant Speed,25,No,2020,FORD,EXPLORER,39.0855119,-77.1466818,2024,1,19
240005066,Property Damage Crash,01/31/2024 06:06:00 PM,HIGHLAND DR,NA,Other,Clear,Dry,Medium,Stop Sign,NONE DETECTED,Yes,No Apparent Injury,Failed to Yield Right-of-Way,Unknown,MD,Passenger Car,Accelerating,25,No,2013,NISSAN,ALTIMA,39.00418269,-77.03700454,2024,1,18
240005066,Property Damage Crash,01/31/2024 06:06:00 PM,HIGHLAND DR,NA,Other,Clear,Dry,Medium,No Controls,NONE DETECTED,No,No Apparent Injury,NA,Not Distracted,MD,Passenger Car,Moving Constant Speed,35,No,2014,NISSAN,ROGUE,39.00418269,-77.03700454,2024,1,18
240005062,Property Damage Crash,01/31/2024 06:03:00 PM,NEW HAMPSHIRE AVE (SB/L),NA,"Sideswipe, Same Direction",Clear,Dry,Medium,No Controls,NONE DETECTED,No,No Apparent Injury,NA,Not Distracted,MD,Passenger Car,Slowing or Stopping,40,No,2007,ACURA,TL,39.0073242,-76.98007601,2024,1,18
240005062,Property Damage Crash,01/31/2024 06:03:00 PM,NEW HAMPSHIRE AVE (SB/L),NA,"Sideswipe, Same Direction",Clear,Dry,Medium,No Controls,NONE DETECTED,No,NA,NA,NA,NA,Passenger Car,Changing Lanes,40,No,2015,DODGE,DURANGO,39.0073242,-76.98007601,2024,1,18
240005054,Property Damage Crash,01/31/2024 05:51:00 PM,WINTERGATE DR,NA,Single Vehicle,Clear,Dry,Medium,No Controls,NONE DETECTED,No,NA,NA,NA,NA,Passenger Car,Moving Constant Speed,35,No,2004,CHEVROLET,IMPALA,39.1104835,-77.05740283,2024,1,17
240005056,Property Damage Crash,01/31/2024 05:39:00 PM,FLOWER AVE,NA,"Sideswipe, Same Direction",Clear,NA,Medium,No Controls,NONE DETECTED,No,No Apparent Injury,Improper Passing,Unknown,NA,Passenger Car,Changing Lanes,30,No,2015,INFINITI,UNKNOWN,39.00348625,-77.00567484,2024,1,17
240005056,Property Damage Crash,01/31/2024 05:39:00 PM,FLOWER AVE,NA,"Sideswipe, Same Direction",Clear,NA,Medium,No Controls,NONE DETECTED,No,No Apparent Injury,NA,Not Distracted,DC,Passenger Car,Moving Constant Speed,30,No,2015,BMW,328I,39.00348625,-77.00567484,2024,1,17
240005040,Injury Crash,01/31/2024 04:50:00 PM,GREENCASTLE RD,NA,Single Vehicle,Cloudy,Dry,Daylight,Traffic Control Signal,NONE DETECTED,Yes,Possible Minor Injury,Improper Turn,Not Distracted,MD,Passenger Car,Turning Right,55,No,2014,KIA,FORTE,39.09566882,-76.93824826,2024,1,16
240005035,Property Damage Crash,01/31/2024 03:57:00 PM,NA,NA,Single Vehicle,Cloudy,NA,Daylight,NA,NONE DETECTED,No,NA,NA,NA,NA,Passenger Car,Accelerating,0,No,2021,FORD,F-150,39.08229053,-77.15070822,2024,1,15
240005030,Property Damage Crash,01/31/2024 03:50:00 PM,NA,NA,"Sideswipe, Same Direction",Cloudy,Dry,Daylight,Traffic Control Signal,NONE DETECTED,No,No Apparent Injury,Improper Turn,Not Distracted,MD,Bus - School,Turning Right,35,No,2015,THOMAS BUILT,SCHOOL BUS,39.13200352,-77.18894543,2024,1,15
240005030,Property Damage Crash,01/31/2024 03:50:00 PM,NA,NA,"Sideswipe, Same Direction",Cloudy,Dry,Daylight,Traffic Control Signal,NONE DETECTED,No,No Apparent Injury,NA,Not Distracted,MD,Passenger Car,Turning Right,35,No,2007,ACURA,TL,39.13200352,-77.18894543,2024,1,15
240005017,Property Damage Crash,01/31/2024 02:49:00 PM,NA,NA,Front to Front,Clear,Dry,Daylight,Traffic Control Signal,NONE DETECTED,Yes,No Apparent Injury,Failed to Yield Right-of-Way,Not Distracted,MD,Passenger Car,Turning Left,30,No,2012,HONDA,ACCORD,38.99764242,-77.02697799,2024,1,14
240005017,Property Damage Crash,01/31/2024 02:49:00 PM,NA,NA,Front to Front,Clear,Dry,Daylight,Traffic Control Signal,NONE DETECTED,No,No Apparent Injury,NA,Not Distracted,MD,Passenger Car,Moving Constant Speed,30,No,2020,NISSAN,ALTIMA,38.99764242,-77.02697799,2024,1,14
240005009,Injury Crash,01/31/2024 02:37:00 PM,BURLING RD,NA,Front to Rear,Cloudy,Dry,Daylight,No Controls,NONE DETECTED,No,No Apparent Injury,NA,Not Distracted,MD,Sport Utility Vehicle,Stopped in Traffic,25,No,2022,CADILLAC,ESCALADE,38.9800955,-77.1112255,2024,1,14
240005009,Injury Crash,01/31/2024 02:37:00 PM,BURLING RD,NA,Front to Rear,Cloudy,Dry,Daylight,No Controls,NONE DETECTED,Yes,Possible Minor Injury,Followed Too Closely,Not Distracted,MD,Passenger Car,Slowing or Stopping,25,No,2010,HYUNDAI,ACCENT,38.9800955,-77.1112255,2024,1,14
240005006,Injury Crash,01/31/2024 02:30:00 PM,BRIARDALE RD,NA,Single Vehicle,Clear,Other,Daylight,Traffic Control Signal,NONE DETECTED,Yes,Possible Minor Injury,NA,Not Distracted,MD,Passenger Car,Turning Left,25,No,2003,HONDA,ACCORD,39.13374328,-77.15836751,2024,1,14
240004992,Property Damage Crash,01/31/2024 01:00:00 PM,NA,NA,Front to Rear,Clear,NA,Daylight,No Controls,NONE DETECTED,No,No Apparent Injury,NA,Unknown,MD,Passenger Car,Accelerating,15,No,2023,TESLA,MODEL X,39.13490763,-77.02790072,2024,1,13
240004992,Property Damage Crash,01/31/2024 01:00:00 PM,NA,NA,Front to Rear,Clear,NA,Daylight,No Controls,NONE DETECTED,No,No Apparent Injury,NA,Not Distracted,MD,Bus - School,Parked,15,No,1996,INTERNATIONAL,3800,39.13490763,-77.02790072,2024,1,13
240006409,Property Damage Crash,01/31/2024 12:00:00 PM,NA,NA,Unknown,Clear,NA,Daylight,NA,NONE DETECTED,No,NA,NA,NA,NA,Unknown,NA,0,No,0,NA,NA,39.034196970000004,-77.04847857,2024,1,12
240004949,Property Damage Crash,01/31/2024 10:04:00 AM,COLUMBIA PIKE (SB/L),NA,Front to Rear,Clear,Dry,Daylight,No Controls,NONE DETECTED,No,No Apparent Injury,NA,Not Distracted,MD,Passenger Car,Slowing or Stopping,50,No,2022,FORD,F-250,39.10209104,-76.93449792,2024,1,10
240004949,Property Damage Crash,01/31/2024 10:04:00 AM,COLUMBIA PIKE (SB/L),NA,Front to Rear,Clear,Dry,Daylight,No Controls,NONE DETECTED,Yes,No Apparent Injury,Followed Too Closely,Not Distracted,NA,Passenger Car,Slowing or Stopping,50,No,2000,MITSUBISHI,MONTERO,39.10209104,-76.93449792,2024,1,10
240004950,Property Damage Crash,01/31/2024 09:22:00 AM,DUNLOP ST,NA,Front to Rear,Cloudy,Dry,Daylight,Traffic Control Signal,NONE DETECTED,No,No Apparent Injury,Followed Too Closely,Not Distracted,NA,Passenger Car,Slowing or Stopping,35,No,2009,HONDA,FIT,38.99044106,-77.07719422,2024,1,9
240004950,Property Damage Crash,01/31/2024 09:22:00 AM,DUNLOP ST,NA,Front to Rear,Cloudy,Dry,Daylight,Traffic Control Signal,NONE DETECTED,No,No Apparent Injury,NA,Not Distracted,MD,Passenger Car,Stopped in Traffic,35,No,2001,NISSAN,ALTIMA,38.99044106,-77.07719422,2024,1,9
240004942,Injury Crash,01/31/2024 09:13:00 AM,NA,NA,Front to Front,Rain,Wet,Daylight,Flashing Traffic Control Signal,NONE DETECTED,No,Possible Minor Injury,NA,Not Distracted,MD,Passenger Car,Moving Constant Speed,40,No,2007,FORD,FUSION,39.17854858,-77.24182424,2024,1,9
240004942,Injury Crash,01/31/2024 09:13:00 AM,NA,NA,Front to Front,Rain,Wet,Daylight,Flashing Traffic Control Signal,NONE DETECTED,Yes,No Apparent Injury,Failed to Yield Right-of-Way,Not Distracted,MD,Passenger Car,Turning Left,40,No,2018,NISSAN,MURANO,39.17854858,-77.24182424,2024,1,9
240004928,Injury Crash,01/31/2024 08:05:00 AM,NA,NA,Single Vehicle,Rain,Wet,Daylight,Traffic Control Signal,NONE DETECTED,Yes,Possible Minor Injury,NA,Not Distracted,MD,Passenger Car,Turning Right,35,No,2017,HONDA,PILOT,39.106735,-77.15887319,2024,1,8
240004925,Injury Crash,01/31/2024 07:46:00 AM,WOOTTON PKWY,NA,Angle,Rain,Wet,Daylight,Traffic Control Signal,NONE DETECTED,No,Possible Minor Injury,"Failed to Yield Right-of-Way, Improper Turn",Not Distracted,MD,Sport Utility Vehicle,Turning Left,30,No,2023,VOLVO,XC60,39.06664273,-77.16490348,2024,1,7
240004925,Injury Crash,01/31/2024 07:46:00 AM,WOOTTON PKWY,NA,Angle,Rain,Wet,Daylight,Traffic Control Signal,NONE DETECTED,No,Possible Minor Injury,NA,Not Distracted,MD,Van - Passenger (&lt;9 Seats),Moving Constant Speed,30,No,2007,CHRYSLER,TOWN AND COUNTRY,39.06664273,-77.16490348,2024,1,7
240004927,Injury Crash,01/31/2024 07:44:00 AM,GREAT SENECA HWY (SB/L),NA,Angle,Cloudy,Wet,Daylight,Traffic Control Signal,NONE DETECTED,Yes,Possible Minor Injury,"Failed to Yield Right-of-Way, Improper Turn",Not Distracted,MD,Pickup,Turning Left,45,No,2004,TOYOTA,TACOMA,39.14608131,-77.27460571,2024,1,7
240004927,Injury Crash,01/31/2024 07:44:00 AM,GREAT SENECA HWY (SB/L),NA,Angle,Cloudy,Wet,Daylight,Traffic Control Signal,NONE DETECTED,No,Possible Minor Injury,NA,Not Distracted,MD,Passenger Car,Moving Constant Speed,45,No,2015,NISSAN,ALTIMA,39.14608131,-77.27460571,2024,1,7
240004910,Property Damage Crash,01/31/2024 05:32:00 AM,FIRSTFIELD RD,NA,"Sideswipe, Opposite Direction",Clear,Dry,Medium,Traffic Control Signal,NONE DETECTED,No,No Apparent Injury,NA,Not Distracted,PA,Passenger Car,Moving Constant Speed,35,No,2019,VOLKSWAGEN,JETTA,39.1451498,-77.22005664,2024,1,5
240004910,Property Damage Crash,01/31/2024 05:32:00 AM,FIRSTFIELD RD,NA,"Sideswipe, Opposite Direction",Clear,Dry,Medium,Traffic Control Signal,NONE DETECTED,No,No Apparent Injury,NA,Not Distracted,MD,Passenger Car,Slowing or Stopping,35,No,2012,TOYOTA,CAMRY,39.1451498,-77.22005664,2024,1,5
240004908,Property Damage Crash,01/31/2024 04:08:00 AM,SHADY GROVE RD (SB/L),NA,"Sideswipe, Same Direction",Clear,Dry,Medium,Flashing Traffic Control Signal,NONE DETECTED,No,No Apparent Injury,NA,Not Distracted,MD,Truck Tractor,Moving Constant Speed,40,No,2020,FREIGHTLINER,CASCADIA,39.12675413,-77.17370681,2024,1,4
240004908,Property Damage Crash,01/31/2024 04:08:00 AM,SHADY GROVE RD (SB/L),NA,"Sideswipe, Same Direction",Clear,Dry,Medium,Flashing Traffic Control Signal,NONE DETECTED,No,No Apparent Injury,"Operated Motor Vehicle in Inattentive, Careless, Negligent, or Erratic Manner",Unknown,MD,Passenger Car,Slowing or Stopping,40,No,2021,NISSAN,FRONTIER,39.12675413,-77.17370681,2024,1,4
240004900,Property Damage Crash,01/31/2024 01:10:00 AM,NEW HAMPSHIRE AVE,NA,Single Vehicle,Clear,Dry,Medium,No Controls,NONE DETECTED,No,No Apparent Injury,NA,Not Distracted,MD,Other,Moving Constant Speed,45,No,2003,PIERCE MANUFACTURING,TRUCK,39.0940375,-77.00124441,2024,1,1
240004901,Injury Crash,01/31/2024 01:01:00 AM,NA,NA,Front to Front,Clear,Dry,Medium,No Controls,NONE DETECTED,No,Possible Minor Injury,NA,Not Distracted,MD,Sport Utility Vehicle,Negotiating a Curve,40,No,2014,TOYOTA,HIGHLANDER,39.10913138,-77.00602633,2024,1,1
240004901,Injury Crash,01/31/2024 01:01:00 AM,NA,NA,Front to Front,Clear,Dry,Medium,No Controls,NONE DETECTED,Yes,No Apparent Injury,Failed to Keep in Proper Lane,Not Distracted,DE,Sport Utility Vehicle,Negotiating a Curve,40,No,2016,CHEVROLET,TAHOE,39.10913138,-77.00602633,2024,1,1
240004401,Property Damage Crash,01/31/2024 12:42:00 AM,NA,NA,Rear To Side,Rain,NA,Medium,NA,NONE DETECTED,No,No Apparent Injury,Improper Backing,Unknown,NA,Passenger Car,Backing,0,No,2013,HYUNDAI,ACCENT,39.08828288,-77.07687839,2024,1,0
240004899,Property Damage Crash,01/31/2024 12:40:00 AM,OLD COLUMBIA PIKE (SB/L),NA,Angle,Clear,Dry,Medium,Flashing Traffic Control Signal,NONE DETECTED,Yes,No Apparent Injury,NA,Unknown,MD,Passenger Car,Accelerating,45,No,2017,HONDA,ACCORD,39.11118533,-76.9321105,2024,1,0
240004899,Property Damage Crash,01/31/2024 12:40:00 AM,OLD COLUMBIA PIKE (SB/L),NA,Angle,Clear,Dry,Medium,Flashing Traffic Control Signal,NONE DETECTED,No,No Apparent Injury,NA,Not Distracted,MD,Passenger Car,Moving Constant Speed,25,No,2009,AUDI,A4,39.11118533,-76.9321105,2024,1,0
240004890,Property Damage Crash,01/30/2024 10:20:00 PM,ROCKVILLE PIKE (SB/L),NA,Front to Rear,Clear,Dry,Medium,Lane Use Control Signal,NONE DETECTED,No,No Apparent Injury,NA,Unknown,MD,Passenger Car,Moving Constant Speed,35,No,2013,TOYOTA,CAMRY,39.04477691,-77.11184132,2024,1,22
240004890,Property Damage Crash,01/30/2024 10:20:00 PM,ROCKVILLE PIKE (SB/L),NA,Front to Rear,Clear,Dry,Medium,Lane Use Control Signal,NONE DETECTED,No,No Apparent Injury,NA,Unknown,MD,Passenger Car,Moving Constant Speed,35,No,2022,TOYOTA,COROLLA,39.04477691,-77.11184132,2024,1,22
240004878,Property Damage Crash,01/30/2024 07:17:00 PM,NA,NA,Rear To Side,Clear,Dry,Medium,No Controls,NONE DETECTED,No,No Apparent Injury,NA,Unknown,MD,Passenger Car,Turning Left,35,No,2015,CHEVROLET,COLORADO,39.09052882,-77.04838972,2024,1,19
240004878,Property Damage Crash,01/30/2024 07:17:00 PM,NA,NA,Rear To Side,Clear,Dry,Medium,No Controls,NONE DETECTED,No,No Apparent Injury,NA,Not Distracted,MD,Passenger Car,Stopped in Traffic,35,No,2021,LEXUS,UNKNOWN,39.09052882,-77.04838972,2024,1,19
240004878,Property Damage Crash,01/30/2024 07:17:00 PM,NA,NA,Rear To Side,Clear,Dry,Medium,No Controls,NONE DETECTED,No,No Apparent Injury,NA,Not Distracted,MD,Passenger Car,Moving Constant Speed,35,No,2003,DODGE,RAM,39.09052882,-77.04838972,2024,1,19
240004866,Property Damage Crash,01/30/2024 06:30:00 PM,CASTLE BLVD,NA,Front to Front,Clear,Dry,Medium,No Controls,NONE DETECTED,No,No Apparent Injury,NA,Not Distracted,MD,Passenger Car,Turning Left,25,No,2021,NISSAN,SENTRA,39.07877405,-76.92214921,2024,1,18
240004866,Property Damage Crash,01/30/2024 06:30:00 PM,CASTLE BLVD,NA,Front to Front,Clear,Dry,Medium,No Controls,NONE DETECTED,No,NA,NA,NA,NA,Passenger Car,Changing Lanes,25,No,2022,TESLA,MODEL S,39.07877405,-76.92214921,2024,1,18
240004859,Injury Crash,01/30/2024 05:59:00 PM,OLD GEORGETOWN RD,NA,Front to Rear,Cloudy,Dry,Medium,No Controls,NONE DETECTED,No,No Apparent Injury,NA,Not Distracted,MD,Sport Utility Vehicle,Slowing or Stopping,35,No,2018,LEXUS,GX,39.04274256,-77.12175547,2024,1,17
240004859,Injury Crash,01/30/2024 05:59:00 PM,OLD GEORGETOWN RD,NA,Front to Rear,Cloudy,Dry,Medium,No Controls,NONE DETECTED,No,No Apparent Injury,NA,Not Distracted,MD,Passenger Car,Stopped in Traffic,35,No,2017,MAZDA,MAZDA3,39.04274256,-77.12175547,2024,1,17
240004859,Injury Crash,01/30/2024 05:59:00 PM,OLD GEORGETOWN RD,NA,Front to Rear,Cloudy,Dry,Medium,No Controls,NONE DETECTED,Yes,No Apparent Injury,Followed Too Closely,Not Distracted,MD,Bus - Transit,Slowing or Stopping,35,No,2009,GILLIG,LOW FLOOR BUS,39.04274256,-77.12175547,2024,1,17
240004859,Injury Crash,01/30/2024 05:59:00 PM,OLD GEORGETOWN RD,NA,Front to Rear,Cloudy,Dry,Medium,No Controls,NONE DETECTED,No,No Apparent Injury,NA,Not Distracted,MD,Sport Utility Vehicle,Slowing or Stopping,35,No,2019,HONDA,CR-V,39.04274256,-77.12175547,2024,1,17
240004850,Injury Crash,01/30/2024 05:05:00 PM,EAST WEST HWY,NA,Front to Rear,Clear,Dry,Medium,Stop Sign,NONE DETECTED,No,Possible Minor Injury,NA,Not Distracted,MD,Passenger Car,Stopped in Traffic,35,No,2020,CHEVROLET,BOLT EV,38.98935693,-77.0701156,2024,1,17
240004850,Injury Crash,01/30/2024 05:05:00 PM,EAST WEST HWY,NA,Front to Rear,Clear,Dry,Medium,Stop Sign,NONE DETECTED,No,No Apparent Injury,Other Improper Action,Unknown,MD,Van - Cargo,Accelerating,35,No,2017,RAM,CARGO VAN,38.98935693,-77.0701156,2024,1,17
240004849,Property Damage Crash,01/30/2024 04:52:00 PM,COLESVILLE RD,NA,Angle,Clear,Dry,Daylight,No Controls,NONE DETECTED,Yes,No Apparent Injury,NA,Unknown,MD,Passenger Car,Turning Left,35,No,2022,TOYOTA,COROLLA,39.00176889,-77.02507473,2024,1,16
240004849,Property Damage Crash,01/30/2024 04:52:00 PM,COLESVILLE RD,NA,Angle,Clear,Dry,Daylight,No Controls,NONE DETECTED,No,No Apparent Injury,NA,Not Distracted,MD,Passenger Car,Moving Constant Speed,35,No,2015,CADILLAC,XTS,39.00176889,-77.02507473,2024,1,16
240004839,Injury Crash,01/30/2024 04:05:00 PM,MUNCASTER MILL RD,NA,Front to Rear,Clear,Dry,Daylight,No Controls,NONE DETECTED,Yes,Possible Minor Injury,Failed To Stop For School Bus,Unknown,MD,Passenger Car,Moving Constant Speed,40,No,2018,SUBARU,CROSSTREK,39.12627856,-77.11604131,2024,1,16
240004839,Injury Crash,01/30/2024 04:05:00 PM,MUNCASTER MILL RD,NA,Front to Rear,Clear,Dry,Daylight,No Controls,NONE DETECTED,No,No Apparent Injury,NA,Not Distracted,MD,Van - Passenger (&lt;9 Seats),Stopped in Traffic,40,No,2019,FORD,TRANSIT CONNECT,39.12627856,-77.11604131,2024,1,16
240004837,Property Damage Crash,01/30/2024 03:00:00 PM,RAMP 3 FR MD 189 EB TO IS 270 NB,NA,"Sideswipe, Same Direction",Clear,Dry,Daylight,Yield Sign,NONE DETECTED,No,No Apparent Injury,NA,Unknown,MD,Passenger Car,Accelerating,55,No,2023,TOYOTA,PRIUS,39.07554794,-77.16605275,2024,1,15
240004837,Property Damage Crash,01/30/2024 03:00:00 PM,RAMP 3 FR MD 189 EB TO IS 270 NB,NA,"Sideswipe, Same Direction",Clear,Dry,Daylight,Yield Sign,NONE DETECTED,No,No Apparent Injury,NA,NA,NA,Passenger Car,NA,55,No,2010,HONDA,FIT,39.07554794,-77.16605275,2024,1,15
240004832,Property Damage Crash,01/30/2024 02:59:00 PM,NA,NA,"Sideswipe, Opposite Direction",Clear,NA,Daylight,NA,NONE DETECTED,Yes,No Apparent Injury,NA,Unknown,MD,Van - Passenger (&lt;9 Seats),Moving Constant Speed,0,No,2020,NISSAN,UNKNOWN,39.07568038,-77.18806682,2024,1,14
240004832,Property Damage Crash,01/30/2024 02:59:00 PM,NA,NA,"Sideswipe, Opposite Direction",Clear,NA,Daylight,NA,NONE DETECTED,No,No Apparent Injury,NA,Not Distracted,MD,Bus - School,Parked,0,No,2012,THOMAS BUILT,SCHOOL BUS,39.07568038,-77.18806682,2024,1,14
240004824,Property Damage Crash,01/30/2024 01:34:00 PM,BANNOCKBURN DR,NA,Rear To Side,Cloudy,Dry,Daylight,Stop Sign,NONE DETECTED,Yes,No Apparent Injury,Failed to Yield Right-of-Way,Not Distracted,MD,Passenger Car,Accelerating,25,No,2020,HONDA,CIVIC,38.97634833,-77.13498933,2024,1,13
240004824,Property Damage Crash,01/30/2024 01:34:00 PM,BANNOCKBURN DR,NA,Rear To Side,Cloudy,Dry,Daylight,No Controls,NONE DETECTED,No,No Apparent Injury,NA,Not Distracted,MD,Passenger Car,Moving Constant Speed,25,No,2009,CHEVROLET,IMPALA,38.97634833,-77.13498933,2024,1,13
240004783,Property Damage Crash,01/30/2024 11:17:00 AM,WELLER RD,NA,"Sideswipe, Same Direction",Cloudy,Dry,Daylight,No Controls,NONE DETECTED,No,No Apparent Injury,NA,Not Distracted,MD,Sport Utility Vehicle,Stopped in Traffic,25,No,2006,SUBARU,FORESTER,39.06342073,-77.07305918,2024,1,11