Local Case Number,ACRS Report Type,Crash Date/Time,Road Name,Related Non-Motorist,Collision Type,Weather,Surface Condition,Light,Traffic Control,Driver Substance Abuse,Driver At Fault,Injury Severity,Circumstance,Driver Distracted By,Drivers License State,Vehicle Body Type,Vehicle Movement,Speed Limit,Driverless Vehicle,Vehicle Year,Vehicle Make,Vehicle Model,Latitude,Longitude,Year,Month,Hour
240003818,Injury Crash,01/24/2024 08:54:00 PM,ROCKVILLE PIKE (SB/L),NA,Front to Rear,Clear,Wet,Dark,Traffic Control Signal,NONE DETECTED,No,Possible Minor Injury,NA,Not Distracted,VA,Passenger Car,Stopped in Traffic,35,No,2017,HYUNDAI,SONATA,39.05168306,-77.11580265,2024,1,20
240003813,Injury Crash,01/24/2024 08:40:00 PM,RANDOLPH RD (WB/L),Pedestrian,Single Vehicle,Cloudy,Wet,Medium,Traffic Control Signal,NONE DETECTED,Yes,No Apparent Injury,NA,Not Distracted,MD,Passenger Car,Slowing or Stopping,35,No,2009,NISSAN,ALTIMA,39.05627232,-77.08254668,2024,1,20
240003811,Property Damage Crash,01/24/2024 08:36:00 PM,NA,NA,Single Vehicle,Clear,NA,Medium,No Controls,NONE DETECTED,Yes,No Apparent Injury,NA,Not Distracted,VA,Truck Tractor,Making U-Turn,5,No,2024,INTERNATIONAL,UNKNOWN,39.06149905,-77.12413328,2024,1,20
240003840,Property Damage Crash,01/24/2024 08:20:00 PM,NEW HAMPSHIRE AVE,NA,Angle,Clear,Wet,Medium,No Controls,NONE DETECTED,No,NA,NA,NA,NA,Passenger Car,Changing Lanes,45,No,2021,VOLKSWAGEN,PASSAT,39.01582563,-76.97758538,2024,1,20
240003840,Property Damage Crash,01/24/2024 08:20:00 PM,NEW HAMPSHIRE AVE,NA,Angle,Clear,Wet,Medium,No Controls,NONE DETECTED,No,No Apparent Injury,NA,Not Distracted,MD,Passenger Car,Moving Constant Speed,45,No,2008,HONDA,CIVIC,39.01582563,-76.97758538,2024,1,20
240003810,Property Damage Crash,01/24/2024 08:15:00 PM,DEAN RD,NA,Rear To Side,Clear,Dry,Medium,No Controls,NONE DETECTED,No,No Apparent Injury,NA,Unknown,MD,Passenger Car,Moving Constant Speed,25,No,2009,CHEVROLET,TRAX,39.06263515,-77.06904152,2024,1,20
240003810,Property Damage Crash,01/24/2024 08:15:00 PM,DEAN RD,NA,Rear To Side,Clear,Dry,Medium,Stop Sign,NONE DETECTED,Yes,No Apparent Injury,NA,Not Distracted,MD,Passenger Car,Moving Constant Speed,25,No,2007,INFINITI,FX45,39.06263515,-77.06904152,2024,1,20
240003804,Property Damage Crash,01/24/2024 06:48:00 PM,WHEATON PLZ RING RD CUT,NA,Other,Clear,Wet,Medium,Stop Sign,NONE DETECTED,No,No Apparent Injury,NA,Unknown,MD,Passenger Car,Moving Constant Speed,25,No,2016,HONDA,CIVIC,39.03829771,-77.05687209,2024,1,18
240003804,Property Damage Crash,01/24/2024 06:48:00 PM,WHEATON PLZ RING RD CUT,NA,Other,Clear,Wet,Medium,Stop Sign,NONE DETECTED,No,No Apparent Injury,NA,Unknown,MD,Passenger Car,Turning Left,25,No,2015,FORD,ESCAPE,39.03829771,-77.05687209,2024,1,18
240003787,Injury Crash,01/24/2024 06:15:00 PM,DAIRYMAID DR,NA,Other,Clear,Wet,Medium,No Controls,NONE DETECTED,No,Possible Minor Injury,NA,Not Distracted,MD,Sport Utility Vehicle,Moving Constant Speed,25,No,2016,NISSAN,UNKNOWN,39.15535333,-77.271655,2024,1,18
240003787,Injury Crash,01/24/2024 06:15:00 PM,DAIRYMAID DR,NA,Other,Clear,Wet,Medium,No Controls,NONE DETECTED,No,Possible Minor Injury,NA,Not Distracted,MD,Passenger Car,Negotiating a Curve,25,No,2011,DODGE,UNKNOWN,39.15535333,-77.271655,2024,1,18
240003795,Property Damage Crash,01/24/2024 06:00:00 PM,EAST WEST HWY,NA,"Sideswipe, Same Direction",Clear,Wet,Dark,No Controls,NONE DETECTED,No,No Apparent Injury,NA,Not Distracted,MD,Bus - Transit,Moving Constant Speed,35,No,2019,NEW FLYER,TRANSIT BUS,38.99321627,-77.06447386,2024,1,18
240003795,Property Damage Crash,01/24/2024 06:00:00 PM,EAST WEST HWY,NA,"Sideswipe, Same Direction",Clear,Wet,Dark,No Controls,NONE DETECTED,No,No Apparent Injury,Failed to Keep in Proper Lane,Unknown,MD,Passenger Car,Moving Constant Speed,35,No,2020,TOYOTA,CAMRY,38.99321627,-77.06447386,2024,1,18
240003797,Injury Crash,01/24/2024 05:59:00 PM,NA,NA,Angle,Clear,Wet,Medium,Traffic Control Signal,NONE DETECTED,No,No Apparent Injury,NA,Not Distracted,MD,Passenger Car,Slowing or Stopping,45,No,2023,TOYOTA,CAMRY,39.15654044,-77.26662689,2024,1,17
240003797,Injury Crash,01/24/2024 05:59:00 PM,NA,NA,Angle,Clear,Wet,Medium,Traffic Control Signal,NONE DETECTED,No,Possible Minor Injury,NA,Not Distracted,MD,Passenger Car,Accelerating,30,No,2011,HONDA,ODYSSEY,39.15654044,-77.26662689,2024,1,17
240003775,Property Damage Crash,01/24/2024 04:19:00 PM,WOLF DR,NA,Front to Rear,Cloudy,Wet,Daylight,Lane Use Control Signal,NONE DETECTED,No,No Apparent Injury,NA,Not Distracted,MD,Passenger Car,Stopped in Traffic,40,No,2016,TOYOTA,CAMRY,39.07313334,-77.00261043,2024,1,16
240003775,Property Damage Crash,01/24/2024 04:19:00 PM,WOLF DR,NA,Front to Rear,Cloudy,Wet,Daylight,Lane Use Control Signal,NONE DETECTED,No,No Apparent Injury,NA,Unknown,MD,Passenger Car,Slowing or Stopping,40,No,2010,MITSUBISHI,LANCER,39.07313334,-77.00261043,2024,1,16
240003757,Property Damage Crash,01/24/2024 02:50:00 PM,HENDERSON AVE,NA,Angle,Clear,Wet,Daylight,No Controls,NONE DETECTED,No,No Apparent Injury,NA,Not Distracted,MD,Passenger Car,Slowing or Stopping,35,No,2005,TOYOTA,PRIUS,39.0507,-77.05161667,2024,1,14
240003757,Property Damage Crash,01/24/2024 02:50:00 PM,HENDERSON AVE,NA,Angle,Clear,Wet,Daylight,No Controls,NONE DETECTED,Yes,No Apparent Injury,Failed to Yield Right-of-Way,Not Distracted,MD,Passenger Car,Turning Left,35,No,2023,SUBARU,OUTBACK,39.0507,-77.05161667,2024,1,14
240003718,Property Damage Crash,01/24/2024 12:14:00 PM,WOOTTON PKWY,NA,Angle,Clear,Wet,Daylight,Stop Sign,NONE DETECTED,Yes,No Apparent Injury,NA,Unknown,MD,Passenger Car,Turning Left,25,No,2016,HONDA,CIVIC,39.07577616,-77.14024303,2024,1,12
240003718,Property Damage Crash,01/24/2024 12:14:00 PM,WOOTTON PKWY,NA,Angle,Clear,Wet,Daylight,No Controls,NONE DETECTED,No,No Apparent Injury,NA,Not Distracted,MD,Van - Passenger (&lt;9 Seats),Moving Constant Speed,30,No,2009,HONDA,ODYSSEY,39.07577616,-77.14024303,2024,1,12
240003741,Property Damage Crash,01/24/2024 12:04:00 PM,ADRIAN ST,NA,Angle,Cloudy,Dry,Daylight,No Controls,NONE DETECTED,Yes,No Apparent Injury,Failed to Yield Right-of-Way,Not Distracted,MD,Pickup,Turning Left,35,No,2002,CHEVROLET,S-10 PICKUP,39.06206613,-77.09151937,2024,1,12
240003741,Property Damage Crash,01/24/2024 12:04:00 PM,ADRIAN ST,NA,Angle,Cloudy,Dry,Daylight,No Controls,NONE DETECTED,No,No Apparent Injury,NA,Not Distracted,MD,Sport Utility Vehicle,Moving Constant Speed,35,No,2023,LEXUS,RX,39.06206613,-77.09151937,2024,1,12
240003711,Property Damage Crash,01/24/2024 11:53:00 AM,NA,NA,Front to Rear,Cloudy,Wet,Daylight,No Controls,NONE DETECTED,No,No Apparent Injury,NA,Not Distracted,MD,Sport Utility Vehicle,Stopped in Traffic,30,No,2011,SUBARU,FORESTER,38.98624517,-77.08595317,2024,1,11
240003711,Property Damage Crash,01/24/2024 11:53:00 AM,NA,NA,Front to Rear,Cloudy,Wet,Daylight,No Controls,NONE DETECTED,Yes,No Apparent Injury,Too Fast For Conditions,Not Distracted,MD,Passenger Car,Slowing or Stopping,30,No,2016,FORD,TAURUS,38.98624517,-77.08595317,2024,1,11
240003691,Property Damage Crash,01/24/2024 09:21:00 AM,LOCUST GROVE RD,NA,"Sideswipe, Same Direction",Clear,Wet,Daylight,No Controls,NONE DETECTED,Yes,No Apparent Injury,NA,Not Distracted,MD,Bus - School,Moving Constant Speed,30,No,2024,THOMAS BUILT,SCHOOL BUS,39.01145426,-77.04230547,2024,1,9
240003675,Property Damage Crash,01/24/2024 08:43:00 AM,GEORGIA AVE,NA,"Sideswipe, Same Direction",Cloudy,Dry,Daylight,Traffic Control Signal,NONE DETECTED,Yes,No Apparent Injury,NA,Not Distracted,MD,Bus - Transit,Changing Lanes,35,No,2013,NEW FLYER,TRANSIT BUS,39.04703334,-77.0520026,2024,1,8
240003675,Property Damage Crash,01/24/2024 08:43:00 AM,GEORGIA AVE,NA,"Sideswipe, Same Direction",Cloudy,Dry,Daylight,Traffic Control Signal,NONE DETECTED,No,No Apparent Injury,NA,Not Distracted,MD,Passenger Car,Stopped in Traffic,35,No,2019,VOLKSWAGEN,JETTA,39.04703334,-77.0520026,2024,1,8
24000126,Property Damage Crash,01/24/2024 08:30:00 AM,EDNOR RD,NA,Single Vehicle,Cloudy,Wet,Daylight,No Controls,NONE DETECTED,No,No Apparent Injury,NA,Not Distracted,MD,Sport Utility Vehicle,Moving Constant Speed,40,No,2018,CHEVROLET,TAHOE,39.13770815,-76.98044285,2024,1,8
240003672,Injury Crash,01/24/2024 08:20:00 AM,EMORY GROVE RD,NA,Angle,Cloudy,Wet,Daylight,Stop Sign,NONE DETECTED,Yes,Possible Minor Injury,Failed to Yield Right-of-Way,Not Distracted,MD,Passenger Car,Turning Left,35,No,2016,TOYOTA,RAV4,39.15573615,-77.17649521,2024,1,8
240003670,Property Damage Crash,01/24/2024 08:20:00 AM,STALEYBRIDGE RD,NA,Front to Rear,Clear,Dry,Daylight,No Controls,NONE DETECTED,Yes,No Apparent Injury,Improper Backing,Not Distracted,MD,Other Trucks,Backing,25,No,2007,MACK,UNKNOWN,39.16807667,-77.24106667,2024,1,8
240003670,Property Damage Crash,01/24/2024 08:20:00 AM,STALEYBRIDGE RD,NA,Front to Rear,Clear,Dry,Daylight,No Controls,NONE DETECTED,No,No Apparent Injury,NA,Not Distracted,MD,Bus - School,Stopped in Traffic,25,No,2015,FREIGHTLINER,S2 106 BUS CHASSIS,39.16807667,-77.24106667,2024,1,8
240003672,Injury Crash,01/24/2024 08:20:00 AM,EMORY GROVE RD,NA,Angle,Cloudy,Wet,Daylight,No Controls,NONE DETECTED,No,No Apparent Injury,NA,Not Distracted,MD,Passenger Car,Moving Constant Speed,35,No,2006,ACURA,MDX,39.15573615,-77.17649521,2024,1,8
240003674,Property Damage Crash,01/24/2024 08:15:00 AM,NA,NA,Other,Clear,NA,Daylight,NA,NONE DETECTED,No,No Apparent Injury,NA,Not Distracted,MD,Passenger Car,Turning Left,0,No,2020,TOYOTA,COROLLA,39.05538252,-76.95468113,2024,1,8
240003663,Injury Crash,01/24/2024 07:54:00 AM,RANWORTH DR,NA,Angle,Cloudy,Wet,Daylight,Stop Sign,NONE DETECTED,Yes,No Apparent Injury,"Failed to Yield Right-of-Way, Ran Stop Sign, Too Fast For Conditions",Not Distracted,VA,Passenger Car,Slowing or Stopping,30,No,2022,TOYOTA,HIGHLANDER,39.17394844,-77.29452518,2024,1,7
240003663,Injury Crash,01/24/2024 07:54:00 AM,RANWORTH DR,NA,Angle,Cloudy,Wet,Daylight,Stop Sign,NONE DETECTED,No,Possible Minor Injury,NA,Not Distracted,MD,Passenger Car,Turning Left,25,No,2020,FORD,EXPLORER,39.17394844,-77.29452518,2024,1,7
240003659,Injury Crash,01/24/2024 07:10:00 AM,TAFT CT,NA,Rear To Side,Cloudy,Dry,Daylight,Traffic Control Signal,NONE DETECTED,Yes,Possible Minor Injury,Failed to Yield Right-of-Way,Unknown,MD,Sport Utility Vehicle,Turning Left,40,No,2016,MAZDA,CX-5,39.09439583,-77.132487,2024,1,7
240003659,Injury Crash,01/24/2024 07:10:00 AM,TAFT CT,NA,Rear To Side,Cloudy,Dry,Daylight,Traffic Control Signal,NONE DETECTED,No,Possible Minor Injury,NA,Unknown,MD,Sport Utility Vehicle,Accelerating,40,No,2024,MAZDA,CX-90,39.09439583,-77.132487,2024,1,7
240003658,Property Damage Crash,01/24/2024 07:09:00 AM,RANDOLPH RD (WB/L),NA,Front to Rear,Cloudy,Dry,Medium,No Controls,NONE DETECTED,No,No Apparent Injury,NA,Not Distracted,MD,Passenger Car,Moving Constant Speed,45,No,2008,HONDA,CIVIC,39.07024127,-77.01353602,2024,1,7
240003658,Property Damage Crash,01/24/2024 07:09:00 AM,RANDOLPH RD (WB/L),NA,Front to Rear,Cloudy,Dry,Medium,No Controls,NONE DETECTED,No,No Apparent Injury,NA,Not Distracted,MD,Passenger Car,Moving Constant Speed,45,No,2013,LEXUS,ES,39.07024127,-77.01353602,2024,1,7
240003655,Injury Crash,01/24/2024 06:31:00 AM,EAST VILLAGE AVE,NA,Front to Front,Cloudy,Dry,Medium,No Controls,NONE DETECTED,No,Possible Minor Injury,NA,Not Distracted,MD,Pickup,Moving Constant Speed,45,No,2022,TOYOTA,TACOMA,39.19179897,-77.15228246,2024,1,6
240003655,Injury Crash,01/24/2024 06:31:00 AM,EAST VILLAGE AVE,NA,Front to Front,Cloudy,Dry,Medium,No Controls,NONE DETECTED,Yes,Suspected Serious Injury,"Swerved or Avoided Due to Wind, Slippery Surface, Motor Vehicle, Object, Non-Motorist in Roadway, etc",Not Distracted,MD,Passenger Car,Overtaking/Passing,45,No,2014,DODGE,CHARGER,39.19179897,-77.15228246,2024,1,6
240003654,Injury Crash,01/24/2024 06:25:00 AM,CRABBS BRANCH WAY,Pedestrian,Single Vehicle,Rain,Wet,Medium,No Controls,NONE DETECTED,No,No Apparent Injury,Other Improper Action,"Other Action (looking away from task, etc.)",MD,Passenger Car,Moving Constant Speed,35,No,2018,FORD,FOFO,39.11931225,-77.15678466,2024,1,6
240003693,Property Damage Crash,01/24/2024 06:00:00 AM,EDNOR RD,NA,"Sideswipe, Opposite Direction",Clear,Dry,Dark,No Controls,NONE DETECTED,No,NA,NA,Unknown,NA,Passenger Car,Negotiating a Curve,35,No,0,NA,NA,39.1385833,-76.98323516,2024,1,6
240003693,Property Damage Crash,01/24/2024 06:00:00 AM,EDNOR RD,NA,"Sideswipe, Opposite Direction",Clear,Dry,Dark,No Controls,NONE DETECTED,No,No Apparent Injury,NA,Not Distracted,MD,Passenger Car,Negotiating a Curve,35,No,2020,CHEVROLET,COLORADO,39.1385833,-76.98323516,2024,1,6
240003678,Property Damage Crash,01/24/2024 05:35:00 AM,OLNEY LAYTONSVILLE RD,NA,Single Vehicle,Clear,Dry,Dark,Stop Sign,NONE DETECTED,No,No Apparent Injury,NA,Not Distracted,MD,Passenger Car,Moving Constant Speed,45,No,2016,HYUNDAI,AZERA,39.19649838,-77.13012488,2024,1,5
240003637,Property Damage Crash,01/23/2024 10:44:00 PM,N HORNERS LA,NA,"Sideswipe, Same Direction",Clear,Dry,Medium,No Controls,NONE DETECTED,No,No Apparent Injury,NA,Not Distracted,MD,Single-Unit Truck,Moving Constant Speed,25,No,2008,INTERNATIONAL,UNKNOWN,39.08947863,-77.14327245,2024,1,22
240003622,Property Damage Crash,01/23/2024 08:30:00 PM,NA,NA,Rear To Side,Clear,NA,Medium,NA,NONE DETECTED,Yes,No Apparent Injury,Improper Backing,Not Distracted,MD,Sport Utility Vehicle,Backing,0,No,2019,HONDA,PILOT,39.14022709,-77.1951905,2024,1,20
24000122,Property Damage Crash,01/23/2024 07:35:00 PM,BEACH DR,NA,Front to Rear,Clear,Dry,Dark,No Controls,NONE DETECTED,No,No Apparent Injury,Followed Too Closely,Not Distracted,MD,Passenger Car,Turning Left,25,No,2018,NISSAN,UNKNOWN,39.03587142,-77.08468922,2024,1,19
24000122,Property Damage Crash,01/23/2024 07:35:00 PM,BEACH DR,NA,Front to Rear,Clear,Dry,Dark,No Controls,NONE DETECTED,No,No Apparent Injury,Followed Too Closely,Not Distracted,MD,Passenger Car,Slowing or Stopping,25,No,2010,HONDA,CIVIC,39.03587142,-77.08468922,2024,1,19
240003612,Property Damage Crash,01/23/2024 07:00:00 PM,MUDDY BRANCH RD (SB/L),NA,"Sideswipe, Same Direction",Clear,Dry,Medium,Traffic Control Signal,NONE DETECTED,Yes,No Apparent Injury,Improper Passing,Unknown,MD,Passenger Car,Accelerating,40,No,2019,HONDA,FIT,39.11038102,-77.21739256,2024,1,19
240003612,Property Damage Crash,01/23/2024 07:00:00 PM,MUDDY BRANCH RD (SB/L),NA,"Sideswipe, Same Direction",Clear,Dry,Medium,Traffic Control Signal,NONE DETECTED,Yes,No Apparent Injury,"Failed to Yield Right-of-Way, Followed Too Closely",Unknown,MD,Passenger Car,Accelerating,40,No,2006,HONDA,PILOT,39.11038102,-77.21739256,2024,1,19
240003607,Injury Crash,01/23/2024 06:57:00 PM,E RANDOLPH RD (WB/L),NA,Rear To Side,Clear,Dry,Medium,Traffic Control Signal,NONE DETECTED,No,No Apparent Injury,NA,Not Distracted,MD,Passenger Car,Moving Constant Speed,35,No,2012,FORD,FUSION,39.075612,-76.99397617,2024,1,18
240003607,Injury Crash,01/23/2024 06:57:00 PM,E RANDOLPH RD (WB/L),NA,Rear To Side,Clear,Dry,Medium,Traffic Control Signal,NONE DETECTED,No,Possible Minor Injury,NA,Not Distracted,MD,Passenger Car,Turning Left,35,No,2011,HYUNDAI,VERACRUZ,39.075612,-76.99397617,2024,1,18
240003608,Property Damage Crash,01/23/2024 06:54:00 PM,RAMP 5 FR RAMP 8 TO FATHER HURLEY BLVD,NA,Front to Rear,Cloudy,Dry,Medium,Traffic Control Signal,NONE DETECTED,No,No Apparent Injury,NA,Not Distracted,MD,Pickup,Stopped in Traffic,40,No,2019,RAM,1500,39.19667285,-77.2653957,2024,1,18
240003608,Property Damage Crash,01/23/2024 06:54:00 PM,RAMP 5 FR RAMP 8 TO FATHER HURLEY BLVD,NA,Front to Rear,Cloudy,Dry,Medium,Traffic Control Signal,NONE DETECTED,Yes,No Apparent Injury,Followed Too Closely,Not Distracted,MD,Sport Utility Vehicle,Slowing or Stopping,40,No,2013,TOYOTA,RAV4,39.19667285,-77.2653957,2024,1,18
240003603,Injury Crash,01/23/2024 06:36:00 PM,MONROE PL,NA,Angle,Clear,Dry,Medium,No Controls,NONE DETECTED,No,No Apparent Injury,NA,Not Distracted,MD,Passenger Car,Turning Left,25,No,2015,MAZDA,323,39.08353648,-77.14799735,2024,1,18
240003603,Injury Crash,01/23/2024 06:36:00 PM,MONROE PL,NA,Angle,Clear,Dry,Medium,No Controls,NONE DETECTED,No,Possible Minor Injury,Improper Passing,Not Distracted,MD,Sport Utility Vehicle,Overtaking/Passing,25,No,2003,TOYOTA,SIENNA,39.08353648,-77.14799735,2024,1,18
240003606,Property Damage Crash,01/23/2024 06:23:00 PM,ROCKVILLE PIKE,NA,Front to Rear,Clear,Dry,Medium,Traffic Control Signal,NONE DETECTED,No,No Apparent Injury,NA,Not Distracted,VA,Passenger Car,Moving Constant Speed,40,No,2022,HYUNDAI,ELANTRA,39.01503671,-77.09963336,2024,1,18
240003606,Property Damage Crash,01/23/2024 06:23:00 PM,ROCKVILLE PIKE,NA,Front to Rear,Clear,Dry,Medium,Traffic Control Signal,NONE DETECTED,No,No Apparent Injury,NA,Not Distracted,VA,Sport Utility Vehicle,Moving Constant Speed,40,No,2022,HONDA,CR-V,39.01503671,-77.09963336,2024,1,18
240003592,Injury Crash,01/23/2024 05:10:00 PM,GEORGIA AVE,NA,Front to Rear,Clear,Dry,Daylight,No Controls,NONE DETECTED,Yes,Possible Minor Injury,"Operated Motor Vehicle in Inattentive, Careless, Negligent, or Erratic Manner",Not Distracted,MD,Passenger Car,Moving Constant Speed,45,No,2001,LEXUS,RX,39.12330552,-77.07323168,2024,1,17
240003592,Injury Crash,01/23/2024 05:10:00 PM,GEORGIA AVE,NA,Front to Rear,Clear,Dry,Daylight,No Controls,NONE DETECTED,No,No Apparent Injury,NA,Not Distracted,MD,Sport Utility Vehicle,Moving Constant Speed,45,No,2021,TOYOTA,UT,39.12330552,-77.07323168,2024,1,17
240003592,Injury Crash,01/23/2024 05:10:00 PM,GEORGIA AVE,NA,Front to Rear,Clear,Dry,Daylight,No Controls,NONE DETECTED,No,No Apparent Injury,NA,Not Distracted,MD,Sport Utility Vehicle,Moving Constant Speed,45,No,2022,NISSAN,ALTIMA,39.12330552,-77.07323168,2024,1,17
240003588,Injury Crash,01/23/2024 05:10:00 PM,COLUMBIA PIKE,NA,Front to Rear,Clear,Dry,Medium,No Controls,NONE DETECTED,Yes,No Apparent Injury,NA,Not Distracted,MD,Passenger Car,Slowing or Stopping,50,No,2016,TOYOTA,RAV4,39.12826133,-76.92167167,2024,1,17
240003588,Injury Crash,01/23/2024 05:10:00 PM,COLUMBIA PIKE,NA,Front to Rear,Clear,Dry,Medium,No Controls,NONE DETECTED,No,Possible Minor Injury,NA,Not Distracted,MD,Passenger Car,Slowing or Stopping,50,No,2016,FORD,FUSION,39.12826133,-76.92167167,2024,1,17
40003593,Injury Crash,01/23/2024 05:08:00 PM,NA,NA,Front to Rear,Clear,NA,Medium,NA,NONE DETECTED,No,No Apparent Injury,NA,Unknown,MD,Passenger Car,Slowing or Stopping,5,No,2019,SUBARU,LEGACY,39.12600896,-77.18203462,2024,1,17
40003593,Injury Crash,01/23/2024 05:08:00 PM,NA,NA,Front to Rear,Clear,NA,Medium,NA,NONE DETECTED,No,Possible Minor Injury,NA,Unknown,MD,Passenger Car,Slowing or Stopping,0,No,2023,TOYOTA,CAMRY,39.12600896,-77.18203462,2024,1,17
40003593,Injury Crash,01/23/2024 05:08:00 PM,NA,NA,Front to Rear,Clear,NA,Medium,NA,NONE DETECTED,No,No Apparent Injury,NA,Unknown,MD,Passenger Car,Accelerating,0,No,2024,KIA,SELTOS,39.12600896,-77.18203462,2024,1,17
240003590,Property Damage Crash,01/23/2024 05:00:00 PM,NA,NA,"Sideswipe, Opposite Direction",Clear,NA,Daylight,NA,NONE DETECTED,No,No Apparent Injury,NA,Not Distracted,MD,Bus - Transit,Moving Constant Speed,0,No,2017,GILLIG,CITY TRANSIT BUS,39.15237129,-77.20053135,2024,1,17
240003590,Property Damage Crash,01/23/2024 05:00:00 PM,NA,NA,"Sideswipe, Opposite Direction",Clear,NA,Daylight,NA,NONE DETECTED,No,No Apparent Injury,Other Improper Action,Not Distracted,MD,Passenger Car,Moving Constant Speed,0,No,2022,NISSAN,SENTRA,39.15237129,-77.20053135,2024,1,17
240003586,Property Damage Crash,01/23/2024 04:55:00 PM,LAYHILL RD (SB/L),NA,Angle,Clear,Dry,Daylight,No Controls,NONE DETECTED,No,No Apparent Injury,NA,Unknown,MD,Passenger Car,Moving Constant Speed,40,No,2020,HYUNDAI,SONATA,39.091102,-77.045107,2024,1,16
240003586,Property Damage Crash,01/23/2024 04:55:00 PM,LAYHILL RD (SB/L),NA,Angle,Clear,Dry,Daylight,No Controls,NONE DETECTED,Yes,No Apparent Injury,NA,Unknown,MD,Passenger Car,Turning Left,40,No,2008,CHEVROLET,CAPRICE,39.091102,-77.045107,2024,1,16
240003580,Property Damage Crash,01/23/2024 04:37:00 PM,WATSON RD,NA,Rear To Side,Clear,Dry,Daylight,Stop Sign,NONE DETECTED,Yes,No Apparent Injury,Failed to Yield Right-of-Way,Not Distracted,MD,Passenger Car,Moving Constant Speed,20,No,2014,TOYOTA,PRIUS,39.00609459,-77.02496592,2024,1,16
240003580,Property Damage Crash,01/23/2024 04:37:00 PM,WATSON RD,NA,Rear To Side,Clear,Dry,Daylight,No Controls,NONE DETECTED,No,No Apparent Injury,NA,Not Distracted,MD,Passenger Car,Moving Constant Speed,35,No,2019,TOYOTA,PRIUS,39.00609459,-77.02496592,2024,1,16
240003582,Property Damage Crash,01/23/2024 04:17:00 PM,NA,NA,Front to Rear,Clear,Dry,Daylight,Lane Use Control Signal,NONE DETECTED,No,No Apparent Injury,NA,Not Distracted,MD,Bus - Transit,Stopped in Traffic,35,No,2021,NEW FLYER,TRANSIT BUS,39.08301686,-76.94845121,2024,1,16
240003582,Property Damage Crash,01/23/2024 04:17:00 PM,NA,NA,Front to Rear,Clear,Dry,Daylight,Lane Use Control Signal,NONE DETECTED,No,No Apparent Injury,NA,Not Distracted,MD,Sport Utility Vehicle,Slowing or Stopping,35,No,2003,MERCEDES-BENZ,ML-CLASS,39.08301686,-76.94845121,2024,1,16
240003569,Injury Crash,01/23/2024 03:47:00 PM,NA,NA,Front to Rear,Clear,Dry,Daylight,No Controls,NONE DETECTED,No,No Apparent Injury,NA,Not Distracted,MD,Passenger Car,Slowing or Stopping,40,No,2019,CHEVROLET,TRAX,39.10425104,-77.19249833,2024,1,15
240003569,Injury Crash,01/23/2024 03:47:00 PM,NA,NA,Front to Rear,Clear,Dry,Daylight,No Controls,NONE DETECTED,Yes,Possible Minor Injury,Followed Too Closely,Not Distracted,MD,Passenger Car,Slowing or Stopping,40,No,2014,DODGE,CHARGER,39.10425104,-77.19249833,2024,1,15
240003563,Injury Crash,01/23/2024 03:34:00 PM,FREDERICK RD,NA,"Sideswipe, Same Direction",Clear,Dry,Daylight,No Controls,NONE DETECTED,Yes,No Apparent Injury,Failed to Yield Right-of-Way,Not Distracted,NH,Snowmobile,Entering Traffic Lane,30,No,2007,NISSAN,QUEST,39.15588658,-77.21592566,2024,1,15
240003563,Injury Crash,01/23/2024 03:34:00 PM,FREDERICK RD,NA,"Sideswipe, Same Direction",Clear,Dry,Daylight,No Controls,NONE DETECTED,No,Possible Minor Injury,NA,Not Distracted,MD,Passenger Car,Moving Constant Speed,40,No,2020,HONDA,CIVIC,39.15588658,-77.21592566,2024,1,15
240003561,Injury Crash,01/23/2024 03:27:00 PM,FALLS RD,NA,Front to Rear,Clear,Dry,Daylight,No Controls,NONE DETECTED,Yes,Possible Minor Injury,"Operated Motor Vehicle in Inattentive, Careless, Negligent, or Erratic Manner",Unknown,MD,Van - Passenger (&lt;9 Seats),Moving Constant Speed,35,No,2019,DODGE,CARAVAN,39.07080087,-77.16824181,2024,1,15