Local Case Number,ACRS Report Type,Crash Date/Time,Road Name,Related Non-Motorist,Collision Type,Weather,Surface Condition,Light,Traffic Control,Driver Substance Abuse,Driver At Fault,Injury Severity,Circumstance,Driver Distracted By,Drivers License State,Vehicle Body Type,Vehicle Movement,Speed Limit,Driverless Vehicle,Vehicle Year,Vehicle Make,Vehicle Model,Latitude,Longitude,Year,Month,Hour
240003041,Property Damage Crash,01/20/2024 12:35:00 AM,PARK VISTA DR,NA,Front to Rear,Snow,Snow,Medium,No Controls,NONE DETECTED,Yes,No Apparent Injury,"Failed to Keep in Proper Lane, Ran Off Roadway, Too Fast For Conditions",Unknown,NY,Passenger Car,Moving Constant Speed,30,No,2007,LEXUS,IS,39.10121852,-77.04269864,2024,1,0
240003037,Property Damage Crash,01/19/2024 11:59:00 PM,SOUTHAMPTON DR (NB/L),NA,Front to Rear,Clear,Slush,Medium,No Controls,NONE DETECTED,No,No Apparent Injury,NA,Unknown,MD,Passenger Car,NA,25,No,2022,TOYOTA,CAMRY,39.00587511,-76.98238239,2024,1,23
240003037,Property Damage Crash,01/19/2024 11:59:00 PM,SOUTHAMPTON DR (NB/L),NA,Front to Rear,Clear,Slush,Medium,No Controls,NONE DETECTED,No,No Apparent Injury,NA,Unknown,MD,Passenger Car,NA,25,No,2011,TOYOTA,CAMRY,39.00587511,-76.98238239,2024,1,23
240003034,Property Damage Crash,01/19/2024 09:09:00 PM,DEWEY RD,NA,Front to Front,Snow,Snow,Medium,No Controls,NONE DETECTED,No,No Apparent Injury,NA,Not Distracted,MD,Passenger Car,Moving Constant Speed,30,No,2004,ACURA,TL,39.04628492,-77.08781,2024,1,21
240003034,Property Damage Crash,01/19/2024 09:09:00 PM,DEWEY RD,NA,Front to Front,Snow,Snow,Medium,No Controls,ALCOHOL PRESENT,Yes,No Apparent Injury,"Failed to Keep in Proper Lane, Other Improper Action",Not Distracted,NA,Passenger Car,Moving Constant Speed,30,No,2013,CADILLAC,SRX,39.04628492,-77.08781,2024,1,21
NA,Property Damage Crash,01/19/2024 07:05:00 PM,SPRING ST,NA,Other,Snow,Snow,Medium,No Controls,NONE DETECTED,No,No Apparent Injury,NA,Not Distracted,MD,Passenger Car,Accelerating,25,No,2013,CHEVROLET,CRUZE,39.00047243,-77.03070838,2024,1,19
NA,Property Damage Crash,01/19/2024 07:05:00 PM,SPRING ST,NA,Other,Snow,Snow,Medium,No Controls,NONE DETECTED,No,No Apparent Injury,NA,Not Distracted,MD,Pickup,Parked,25,No,2017,FORD,F-250,39.00047243,-77.03070838,2024,1,19
240003020,Property Damage Crash,01/19/2024 07:05:00 PM,WHEATON LA,NA,"Sideswipe, Opposite Direction",Snow,Snow,Medium,No Controls,NONE DETECTED,No,No Apparent Injury,Failed to Keep in Proper Lane,Not Distracted,MD,Other Trucks,Moving Constant Speed,25,No,2014,MACK,UNKNOWN,39.0337937,-77.0351461,2024,1,19
240003014,Injury Crash,01/19/2024 06:15:00 PM,GERMANTOWN RD,NA,Single Vehicle,Snow,Wet,Medium,Stop Sign,NONE DETECTED,Yes,Possible Minor Injury,NA,Not Distracted,MD,Passenger Car,Slowing or Stopping,40,No,2023,MERCEDES-BENZ,E-CLASS,39.19292437,-77.2386035,2024,1,18
240003430,Property Damage Crash,01/19/2024 05:20:00 PM,HALPINE RD,NA,Other,Clear,Dry,Medium,Traffic Control Signal,NONE DETECTED,No,No Apparent Injury,NA,Unknown,MD,Passenger Car,Turning Right,25,No,2007,HONDA,ACCORD,39.06097352,-77.1259411,2024,1,17
240003430,Property Damage Crash,01/19/2024 05:20:00 PM,HALPINE RD,NA,Other,Clear,Dry,Medium,Traffic Control Signal,NONE DETECTED,No,No Apparent Injury,NA,NA,NA,Pickup,Turning Left,25,No,2022,CHEVROLET,SILVERADO,39.06097352,-77.1259411,2024,1,17
240003003,Injury Crash,01/19/2024 05:05:00 PM,JERUSALEM RD,NA,Single Vehicle,Snow,Ice/Frost,Medium,No Controls,NONE DETECTED,Yes,Possible Minor Injury,"Swerved or Avoided Due to Wind, Slippery Surface, Motor Vehicle, Object, Non-Motorist in Roadway, etc",Not Distracted,MD,Sport Utility Vehicle,Moving Constant Speed,30,No,2017,FORD,ESCAPE,39.155175,-77.41028083,2024,1,17
260002250,Property Damage Crash,01/19/2024 04:10:00 PM,NA,NA,Angle,Clear,NA,Daylight,NA,NONE DETECTED,No,NA,NA,NA,NA,Passenger Car,Backing,0,No,2010,VOLKSWAGEN,ROUTAN,38.998558,-77.00400185,2024,1,16
240002996,Property Damage Crash,01/19/2024 03:30:00 PM,HAVENPARK DR,NA,"Sideswipe, Opposite Direction",Cloudy,Snow,Daylight,No Controls,NONE DETECTED,Yes,No Apparent Injury,NA,Not Distracted,MD,Other Trucks,Backing,25,No,2017,MACK,GU (GRANITE),39.0359376,-77.03912844,2024,1,15
240002990,Property Damage Crash,01/19/2024 02:57:00 PM,PRINCEVILLE CT,NA,Front to Rear,Snow,Snow,Daylight,No Controls,NONE DETECTED,No,No Apparent Injury,NA,Unknown,DC,Other Trucks,Negotiating a Curve,15,No,2017,MACK,UNKNOWN,39.07046305,-77.02089941,2024,1,14
240002966,Property Damage Crash,01/19/2024 12:31:00 PM,NA,NA,Rear To Rear,Snow,NA,Daylight,NA,NONE DETECTED,No,No Apparent Injury,NA,Not Distracted,MD,Passenger Car,Parked,0,No,2018,FORD,TAURUS,39.14971591,-77.23255602,2024,1,12
240002966,Property Damage Crash,01/19/2024 12:31:00 PM,NA,NA,Rear To Rear,Snow,NA,Daylight,NA,NONE DETECTED,Yes,No Apparent Injury,"Improper Backing, Other Improper Action",Unknown,MD,Passenger Car,Backing,0,No,2017,MAZDA,CX-5,39.14971591,-77.23255602,2024,1,12
240002963,Property Damage Crash,01/19/2024 12:04:00 PM,NA,NA,Other,Snow,NA,Daylight,NA,NONE DETECTED,Yes,No Apparent Injury,NA,Not Distracted,MD,Passenger Car,Moving Constant Speed,0,No,2022,SUBARU,FORESTER,38.99947218,-76.99094267,2024,1,12
240002984,Property Damage Crash,01/19/2024 11:48:00 AM,COACHLAMP CT,NA,Front to Rear,Snow,Snow,Daylight,No Controls,NONE DETECTED,No,No Apparent Injury,NA,Not Distracted,MD,Other Trucks,Moving Constant Speed,15,No,2017,MACK,UNKNOWN,39.07474904,-77.04268202,2024,1,11
240002953,Property Damage Crash,01/19/2024 10:44:00 AM,CAMDEN CT,NA,"Sideswipe, Same Direction",Snow,Snow,Daylight,No Controls,NONE DETECTED,No,No Apparent Injury,NA,Not Distracted,MD,Single-Unit Truck,Moving Constant Speed,25,No,2017,FREIGHTLINER,108SD,39.08101942,-77.1773486,2024,1,10
240002952,Property Damage Crash,01/19/2024 10:34:00 AM,NA,NA,Angle,Snow,Ice/Frost,Daylight,No Controls,NONE DETECTED,No,No Apparent Injury,Failed to Yield Right-of-Way,Unknown,NA,Unknown,Moving Constant Speed,30,No,0,NA,NA,39.17839493,-77.27883783,2024,1,10
240002952,Property Damage Crash,01/19/2024 10:34:00 AM,NA,NA,Angle,Snow,Ice/Frost,Daylight,No Controls,NONE DETECTED,No,No Apparent Injury,NA,Not Distracted,MD,Bus - Transit,Moving Constant Speed,30,No,2014,GILLIG,CITY TRANSIT BUS,39.17839493,-77.27883783,2024,1,10
240002947,Property Damage Crash,01/19/2024 10:02:00 AM,JACKSON AVE,NA,Single Vehicle,Snow,Snow,Daylight,Stop Sign,NONE DETECTED,No,No Apparent Injury,Other Improper Action,Unknown,MD,Sport Utility Vehicle,Moving Constant Speed,20,No,2003,ACURA,MDX,38.98409139,-76.99544124,2024,1,10
240002945,Injury Crash,01/19/2024 09:55:00 AM,CLOPPER RD,NA,Angle,Snow,Snow,Daylight,Traffic Control Signal,NONE DETECTED,Yes,No Apparent Injury,Ran Red Light,Not Distracted,MD,Passenger Car,Moving Constant Speed,40,No,2022,MERCEDES-BENZ,220,39.16272442,-77.28312305,2024,1,9
240002945,Injury Crash,01/19/2024 09:55:00 AM,CLOPPER RD,NA,Angle,Snow,Snow,Daylight,Traffic Control Signal,NONE DETECTED,No,Possible Minor Injury,NA,Not Distracted,MD,Sport Utility Vehicle,Moving Constant Speed,40,No,2018,HYUNDAI,SANTA FE,39.16272442,-77.28312305,2024,1,9
240002951,Injury Crash,01/19/2024 09:12:00 AM,WOOTTON PKWY,NA,Front to Rear,Snow,Snow,Daylight,Traffic Control Signal,NONE DETECTED,Yes,No Apparent Injury,"Swerved or Avoided Due to Wind, Slippery Surface, Motor Vehicle, Object, Non-Motorist in Roadway, etc",Unknown,MD,Passenger Car,Slowing or Stopping,35,No,2022,HONDA,ACCORD,39.06993836,-77.16982858,2024,1,9
240002951,Injury Crash,01/19/2024 09:12:00 AM,WOOTTON PKWY,NA,Front to Rear,Snow,Snow,Daylight,Traffic Control Signal,NONE DETECTED,No,Possible Minor Injury,NA,Not Distracted,MD,Passenger Car,Slowing or Stopping,35,No,2017,TOYOTA,TACOMA,39.06993836,-77.16982858,2024,1,9
240002951,Injury Crash,01/19/2024 09:12:00 AM,WOOTTON PKWY,NA,Front to Rear,Snow,Snow,Daylight,Traffic Control Signal,NONE DETECTED,Yes,No Apparent Injury,NA,Unknown,DC,Passenger Car,Moving Constant Speed,35,No,2016,FORD,ESCAPE,39.06993836,-77.16982858,2024,1,9
240003337,Property Damage Crash,01/19/2024 09:00:00 AM,NA,NA,Single Vehicle,Snow,NA,Daylight,NA,NONE DETECTED,Yes,No Apparent Injury,Too Fast For Conditions,Not Distracted,MD,Passenger Car,Turning Right,0,No,2017,FORD,INTERCEPTOR,39.1498206,-77.2341679,2024,1,9
240002939,Injury Crash,01/19/2024 08:36:00 AM,EAST WEST HWY,NA,Single Vehicle,Snow,Snow,Daylight,Traffic Control Signal,NONE DETECTED,Yes,Possible Minor Injury,"Ran Off Roadway, Too Fast For Conditions",Not Distracted,NY,Passenger Car,Changing Lanes,35,No,2023,MAZDA,CX-30,38.99315617,-77.06342127,2024,1,8
240002932,Injury Crash,01/19/2024 07:30:00 AM,WOODFIELD RD (SB/L),NA,Front to Rear,Snow,Snow,Daylight,No Controls,NONE DETECTED,No,No Apparent Injury,NA,Unknown,MD,Truck Tractor,Moving Constant Speed,35,No,2008,INTERNATIONAL,WORKSTAR,39.16017978,-77.1595173,2024,1,7
240002932,Injury Crash,01/19/2024 07:30:00 AM,WOODFIELD RD (SB/L),NA,Front to Rear,Snow,Snow,Daylight,No Controls,NONE DETECTED,No,Possible Minor Injury,NA,Not Distracted,MD,Passenger Car,Moving Constant Speed,35,No,2021,VOLKSWAGEN,ATLAS,39.16017978,-77.1595173,2024,1,7
240002928,Property Damage Crash,01/19/2024 07:10:00 AM,GEORGIA AVE (SB/L),NA,Angle,Snow,Snow,Daylight,Traffic Control Signal,NONE DETECTED,Yes,No Apparent Injury,Too Fast For Conditions,Unknown,NA,Van - Cargo,Slowing or Stopping,35,No,2018,FORD,E-350,39.062901,-77.05473,2024,1,7
240002928,Property Damage Crash,01/19/2024 07:10:00 AM,GEORGIA AVE (SB/L),NA,Angle,Snow,Snow,Daylight,Traffic Control Signal,NONE DETECTED,No,No Apparent Injury,NA,Not Distracted,MD,Passenger Car,Turning Left,35,No,2009,HONDA,ACCORD,39.062901,-77.05473,2024,1,7
240002929,Injury Crash,01/19/2024 06:59:00 AM,GEORGIA AVE,NA,Front to Rear,Snow,Snow,Daylight,No Controls,NONE DETECTED,No,Possible Minor Injury,NA,Not Distracted,MD,Passenger Car,NA,35,No,2023,TOYOTA,COROLLA,39.08748047,-77.07938377,2024,1,6
240002929,Injury Crash,01/19/2024 06:59:00 AM,GEORGIA AVE,NA,Front to Rear,Snow,Snow,Daylight,No Controls,NONE DETECTED,No,No Apparent Injury,NA,NA,NA,Pickup,NA,35,No,2018,CHEVROLET,SILVERADO,39.08748047,-77.07938377,2024,1,6
24000098,Property Damage Crash,01/19/2024 05:55:00 AM,S FREDERICK RD,NA,"Sideswipe, Same Direction",Snow,Ice/Frost,Medium,Traffic Control Signal,NONE DETECTED,No,No Apparent Injury,NA,Not Distracted,MD,Pickup,Stopped in Traffic,30,No,2014,FORD,F-250,39.13796567,-77.19407238,2024,1,5
24000098,Property Damage Crash,01/19/2024 05:55:00 AM,S FREDERICK RD,NA,"Sideswipe, Same Direction",Snow,Ice/Frost,Medium,Traffic Control Signal,NONE DETECTED,No,No Apparent Injury,Failed to Keep in Proper Lane,Unknown,MD,Passenger Car,Overtaking/Passing,30,No,2001,TOYOTA,4S,39.13796567,-77.19407238,2024,1,5
240002925,Injury Crash,01/19/2024 05:43:00 AM,BRINK RD,NA,Front to Front,Snow,Snow,Dark,No Controls,NONE DETECTED,Yes,No Apparent Injury,NA,Not Distracted,MD,Passenger Car,Negotiating a Curve,35,No,2007,BMW,328XI,39.20866333,-77.23109,2024,1,5
240002925,Injury Crash,01/19/2024 05:43:00 AM,BRINK RD,NA,Front to Front,Snow,Snow,Dark,No Controls,NONE DETECTED,No,Possible Minor Injury,NA,Not Distracted,MD,Sport Utility Vehicle,Moving Constant Speed,35,No,2019,VOLKSWAGEN,ATLAS,39.20866333,-77.23109,2024,1,5
240002923,Property Damage Crash,01/19/2024 04:51:00 AM,NA,NA,Front to Front,Snow,Snow,Dark,No Controls,NONE DETECTED,No,No Apparent Injury,NA,Not Distracted,MD,Single-Unit Truck,Negotiating a Curve,35,No,2002,STERLING TRUCK,A9500 SERIES,39.21870761,-77.05696399,2024,1,4
240002923,Property Damage Crash,01/19/2024 04:51:00 AM,NA,NA,Front to Front,Snow,Snow,Dark,No Controls,NONE DETECTED,Yes,No Apparent Injury,Failed to Keep in Proper Lane,Not Distracted,VA,Pickup,Moving Constant Speed,35,No,2019,FORD,TRUCK,39.21870761,-77.05696399,2024,1,4
240002917,Injury Crash,01/18/2024 11:00:00 PM,GEORGIA AVE (SB/L),NA,Front to Rear,Clear,Dry,Medium,Traffic Control Signal,NONE DETECTED,No,Possible Minor Injury,NA,Not Distracted,MD,Passenger Car,Stopped in Traffic,35,No,2013,KIA,SORENTO,39.00947042,-77.04073384,2024,1,23
240002917,Injury Crash,01/18/2024 11:00:00 PM,GEORGIA AVE (SB/L),NA,Front to Rear,Clear,Dry,Medium,Traffic Control Signal,ALCOHOL PRESENT,Yes,No Apparent Injury,NA,"Manually Operating (dialing, playing game, etc.)",MD,Passenger Car,Moving Constant Speed,35,No,2022,CHEVROLET,MALIBU,39.00947042,-77.04073384,2024,1,23
240002910,Property Damage Crash,01/18/2024 10:50:00 PM,GRACE CHURCH RD,NA,"Sideswipe, Same Direction",Clear,Dry,Medium,No Controls,NONE DETECTED,No,No Apparent Injury,NA,Not Distracted,MD,Passenger Car,Changing Lanes,35,No,2009,HONDA,FIT,39.00518108,-77.03787733,2024,1,22
240002910,Property Damage Crash,01/18/2024 10:50:00 PM,GRACE CHURCH RD,NA,"Sideswipe, Same Direction",Clear,Dry,Medium,No Controls,NONE DETECTED,No,No Apparent Injury,NA,Not Distracted,MD,Passenger Car,Moving Constant Speed,35,No,2013,FORD,FOCUS,39.00518108,-77.03787733,2024,1,22
240002912,Injury Crash,01/18/2024 10:30:00 PM,COLUMBIA PIKE (SB/L),Occupant of Motor Vehicle Not in Transport,"Sideswipe, Same Direction",Clear,Dry,Medium,No Controls,NONE DETECTED,Yes,No Apparent Injury,"Failed to Keep in Proper Lane, Operated Motor Vehicle in Inattentive, Careless, Negligent, or Erratic Manner",Unknown,MD,Passenger Car,Moving Constant Speed,55,No,2016,KIA,SORENTO,39.12681134,-76.92309001,2024,1,22
240002902,Property Damage Crash,01/18/2024 10:07:00 PM,COLUMBIA PIKE,NA,Single Vehicle,Clear,Wet,Medium,No Controls,NONE DETECTED,No,No Apparent Injury,NA,Not Distracted,MD,Passenger Car,Moving Constant Speed,40,No,2018,FORD,INTERCEPTOR,39.03039756,-77.00540753,2024,1,22
240002893,Injury Crash,01/18/2024 08:30:00 PM,ROCKVILLE PIKE (SB/L),NA,Other,Clear,Dry,Medium,Traffic Control Signal,NONE DETECTED,Yes,No Apparent Injury,NA,Unknown,MD,Passenger Car,Changing Lanes,45,No,2015,LEXUS,RX,39.06434503,-77.12624244,2024,1,20
240002893,Injury Crash,01/18/2024 08:30:00 PM,ROCKVILLE PIKE (SB/L),NA,Other,Clear,Dry,Medium,Traffic Control Signal,NONE DETECTED,No,Possible Minor Injury,NA,Unknown,MD,Passenger Car,Stopped in Traffic,40,No,2024,TOYOTA,RAV4,39.06434503,-77.12624244,2024,1,20
240002893,Injury Crash,01/18/2024 08:30:00 PM,ROCKVILLE PIKE (SB/L),NA,Other,Clear,Dry,Medium,Traffic Control Signal,NONE DETECTED,No,Possible Minor Injury,NA,Unknown,MD,Passenger Car,Stopped in Traffic,40,No,2017,HYUNDAI,TUCSON,39.06434503,-77.12624244,2024,1,20
240002893,Injury Crash,01/18/2024 08:30:00 PM,ROCKVILLE PIKE (SB/L),NA,Other,Clear,Dry,Medium,Traffic Control Signal,NONE DETECTED,No,No Apparent Injury,NA,Unknown,MD,Passenger Car,Moving Constant Speed,45,No,2008,TOYOTA,RAV4,39.06434503,-77.12624244,2024,1,20
240002883,Injury Crash,01/18/2024 07:37:00 PM,OAKVIEW DR,NA,Front to Rear,Cloudy,Dry,Medium,Traffic Control Signal,NONE DETECTED,Yes,No Apparent Injury,Followed Too Closely,Not Distracted,MD,Passenger Car,Accelerating,25,No,2015,HONDA,CIVIC,39.0153716,-76.97822134,2024,1,19
240002883,Injury Crash,01/18/2024 07:37:00 PM,OAKVIEW DR,NA,Front to Rear,Cloudy,Dry,Medium,Traffic Control Signal,NONE DETECTED,No,No Apparent Injury,NA,Not Distracted,MD,Passenger Car,Stopped in Traffic,25,No,2014,HONDA,ACCORD,39.0153716,-76.97822134,2024,1,19
240002883,Injury Crash,01/18/2024 07:37:00 PM,OAKVIEW DR,NA,Front to Rear,Cloudy,Dry,Medium,Traffic Control Signal,NONE DETECTED,No,No Apparent Injury,NA,Not Distracted,MD,Passenger Car,Accelerating,25,No,2008,ACURA,TSX,39.0153716,-76.97822134,2024,1,19
240002880,Injury Crash,01/18/2024 07:04:00 PM,GROSVENOR LA,NA,Rear To Side,Clear,Dry,Medium,Traffic Control Signal,NONE DETECTED,No,Possible Minor Injury,NA,Unknown,MD,Passenger Car,Moving Constant Speed,45,No,2004,HONDA,ACCORD,39.02247364,-77.10301568,2024,1,19
240002880,Injury Crash,01/18/2024 07:04:00 PM,GROSVENOR LA,NA,Rear To Side,Clear,Dry,Medium,Traffic Control Signal,NONE DETECTED,No,Possible Minor Injury,NA,Unknown,DC,Passenger Car,Accelerating,35,No,2007,HONDA,ACCORD,39.02247364,-77.10301568,2024,1,19
240002871,Property Damage Crash,01/18/2024 06:25:00 PM,RITCHIE AVE,NA,Rear To Side,Clear,Dry,Medium,Stop Sign,NONE DETECTED,Yes,No Apparent Injury,Ran Stop Sign,Unknown,DC,Passenger Car,Moving Constant Speed,35,No,2013,FORD,TAURUS,38.98813519,-77.01231575,2024,1,18
240002871,Property Damage Crash,01/18/2024 06:25:00 PM,RITCHIE AVE,NA,Rear To Side,Clear,Dry,Medium,Stop Sign,NONE DETECTED,Yes,No Apparent Injury,Ran Stop Sign,Unknown,MD,Sport Utility Vehicle,Moving Constant Speed,35,No,2021,NISSAN,MURANO,38.98813519,-77.01231575,2024,1,18
240002866,Injury Crash,01/18/2024 06:14:00 PM,NA,NA,Front to Front,Clear,Wet,Medium,No Controls,NONE DETECTED,No,No Apparent Injury,NA,Not Distracted,MD,Passenger Car,Moving Constant Speed,25,No,2015,MINI,COUNTRYMAN,38.97661443,-77.00855691,2024,1,18
240002866,Injury Crash,01/18/2024 06:14:00 PM,NA,NA,Front to Front,Clear,Wet,Medium,No Controls,NONE DETECTED,Yes,Possible Minor Injury,"Failed to Keep in Proper Lane, Over-Correcting/Over-Steering, Too Fast For Conditions",Unknown,MD,Passenger Car,Moving Constant Speed,25,No,2005,PORSCHE,UNKNOWN,38.97661443,-77.00855691,2024,1,18
240002860,Property Damage Crash,01/18/2024 05:54:00 PM,NA,NA,Front to Rear,Clear,Ice/Frost,Medium,Traffic Control Signal,NONE DETECTED,No,No Apparent Injury,NA,"Other Action (looking away from task, etc.)",MD,Passenger Car,Slowing or Stopping,25,No,1992,CHEVROLET,S-10 BLAZER,39.10809117,-76.936787,2024,1,17
240002860,Property Damage Crash,01/18/2024 05:54:00 PM,NA,NA,Front to Rear,Clear,Ice/Frost,Medium,Traffic Control Signal,NONE DETECTED,No,No Apparent Injury,NA,Not Distracted,MD,Passenger Car,Slowing or Stopping,25,No,2013,NISSAN,MURANO,39.10809117,-76.936787,2024,1,17
240002859,Injury Crash,01/18/2024 05:11:00 PM,SHADY GROVE RD (SB/L),NA,"Sideswipe, Same Direction",Clear,Dry,Medium,No Controls,NONE DETECTED,No,No Apparent Injury,NA,Not Distracted,MD,Sport Utility Vehicle,NA,55,No,2014,BUICK,UNKNOWN,39.111165,-77.18757667,2024,1,17
240002859,Injury Crash,01/18/2024 05:11:00 PM,SHADY GROVE RD (SB/L),NA,"Sideswipe, Same Direction",Clear,Dry,Medium,No Controls,NONE DETECTED,No,Possible Minor Injury,NA,Not Distracted,MD,Passenger Car,NA,55,No,2023,NISSAN,UNKNOWN,39.111165,-77.18757667,2024,1,17
240002854,Property Damage Crash,01/18/2024 04:46:00 PM,E JEFFERSON ST,NA,Angle,Clear,Dry,Daylight,No Controls,NONE DETECTED,No,No Apparent Injury,NA,Not Distracted,MD,Passenger Car,Moving Constant Speed,25,No,2023,NISSAN,ALTIMA,39.05783842,-77.12633162,2024,1,16
240002854,Property Damage Crash,01/18/2024 04:46:00 PM,E JEFFERSON ST,NA,Angle,Clear,Dry,Daylight,No Controls,NONE DETECTED,Yes,No Apparent Injury,Failed to Yield Right-of-Way,Unknown,MD,Passenger Car,Turning Left,25,No,2017,TOYOTA,PRIUS V,39.05783842,-77.12633162,2024,1,16
240002854,Property Damage Crash,01/18/2024 04:46:00 PM,E JEFFERSON ST,NA,Angle,Clear,Dry,Daylight,No Controls,NONE DETECTED,No,No Apparent Injury,NA,Not Distracted,MD,Passenger Car,Stopped in Traffic,0,No,2014,NISSAN,ROGUE,39.05783842,-77.12633162,2024,1,16
240002849,Property Damage Crash,01/18/2024 04:20:00 PM,KING FARM BLVD,NA,Single Vehicle,Cloudy,Dry,Daylight,No Controls,NONE DETECTED,No,No Apparent Injury,Other Improper Action,Not Distracted,MD,Bus - School,NA,30,No,2022,FREIGHTLINER,C.O.E.,39.11060999,-77.18221444,2024,1,16
240002841,Property Damage Crash,01/18/2024 04:01:00 PM,GEORGIA AVE,NA,Angle,Clear,Dry,Daylight,Traffic Control Signal,NONE DETECTED,No,No Apparent Injury,NA,Not Distracted,MD,Passenger Car,Moving Constant Speed,35,No,2017,VOLKSWAGEN,PASSAT,39.05256031,-77.05101466,2024,1,16
240002841,Property Damage Crash,01/18/2024 04:01:00 PM,GEORGIA AVE,NA,Angle,Clear,Dry,Daylight,Stop Sign,NONE DETECTED,Yes,No Apparent Injury,Other Improper Action,Not Distracted,MD,Passenger Car,Accelerating,25,No,2021,NISSAN,ROGUE,39.05256031,-77.05101466,2024,1,16
240002842,Property Damage Crash,01/18/2024 03:55:00 PM,NA,NA,Single Vehicle,Clear,NA,Daylight,NA,NONE DETECTED,No,No Apparent Injury,Ran Off Roadway,Unknown,MD,Passenger Car,Accelerating,0,No,2002,HONDA,ACCORD,39.0073491,-76.98355363,2024,1,15
240002837,Property Damage Crash,01/18/2024 03:30:00 PM,PARK MILL DR,NA,Front to Rear,Clear,Dry,Daylight,No Controls,NONE DETECTED,Yes,No Apparent Injury,Improper Passing,Not Distracted,MD,Sport Utility Vehicle,Changing Lanes,25,No,2021,HONDA,CR-V,39.14683967,-77.1525545,2024,1,15
240002837,Property Damage Crash,01/18/2024 03:30:00 PM,PARK MILL DR,NA,Front to Rear,Clear,Dry,Daylight,No Controls,NONE DETECTED,No,No Apparent Injury,NA,Not Distracted,MD,Bus - School,Stopped in Traffic,25,No,2024,THOMAS BUILT,SCHOOL BUS,39.14683967,-77.1525545,2024,1,15
240002830,Property Damage Crash,01/18/2024 03:15:00 PM,WATKINS MILL RD (SB/L),NA,Rear To Side,Cloudy,Dry,Daylight,No Controls,NONE DETECTED,No,No Apparent Injury,NA,Not Distracted,MD,Passenger Car,Moving Constant Speed,35,No,2022,TOYOTA,COROLLA,39.16030475,-77.21552695,2024,1,15
240002830,Property Damage Crash,01/18/2024 03:15:00 PM,WATKINS MILL RD (SB/L),NA,Rear To Side,Cloudy,Dry,Daylight,No Controls,NONE DETECTED,No,No Apparent Injury,NA,Not Distracted,MD,Passenger Car,Turning Left,35,No,2012,KIA,OPTIMA,39.16030475,-77.21552695,2024,1,15
240002821,Property Damage Crash,01/18/2024 01:57:00 PM,MIDDLEBROOK RD,NA,Angle,Cloudy,Dry,Daylight,No Controls,NONE DETECTED,Yes,No Apparent Injury,Failed to Yield Right-of-Way,Not Distracted,MD,Passenger Car,Turning Left,35,No,2013,TOYOTA,CAMRY,39.18133295,-77.26959504,2024,1,13
240002821,Property Damage Crash,01/18/2024 01:57:00 PM,MIDDLEBROOK RD,NA,Angle,Cloudy,Dry,Daylight,No Controls,NONE DETECTED,No,No Apparent Injury,NA,Not Distracted,MD,Sport Utility Vehicle,Moving Constant Speed,35,No,2015,NISSAN,ROGUE,39.18133295,-77.26959504,2024,1,13
230002820,Property Damage Crash,01/18/2024 01:39:00 PM,ROCKVILLE PIKE (SB/L),NA,Angle,Cloudy,Dry,Daylight,No Controls,NONE DETECTED,No,No Apparent Injury,NA,Not Distracted,MD,Sport Utility Vehicle,Stopped in Traffic,35,No,2023,MERCEDES-BENZ,EQB-CLASS,39.04602217,-77.1125065,2024,1,13
230002820,Property Damage Crash,01/18/2024 01:39:00 PM,ROCKVILLE PIKE (SB/L),NA,Angle,Cloudy,Dry,Daylight,No Controls,NONE DETECTED,No,No Apparent Injury,NA,Not Distracted,MD,Van - Passenger (&lt;9 Seats),Entering Traffic Lane,35,No,2020,CHRYSLER,PACIFICA,39.04602217,-77.1125065,2024,1,13