Local Case Number,ACRS Report Type,Crash Date/Time,Road Name,Related Non-Motorist,Collision Type,Weather,Surface Condition,Light,Traffic Control,Driver Substance Abuse,Driver At Fault,Injury Severity,Circumstance,Driver Distracted By,Drivers License State,Vehicle Body Type,Vehicle Movement,Speed Limit,Driverless Vehicle,Vehicle Year,Vehicle Make,Vehicle Model,Latitude,Longitude,Year,Month,Hour
230002820,Property Damage Crash,01/18/2024 01:39:00 PM,ROCKVILLE PIKE (SB/L),NA,Angle,Cloudy,Dry,Daylight,No Controls,NONE DETECTED,No,No Apparent Injury,NA,Not Distracted,NA,Passenger Car,Moving Constant Speed,35,No,2008,TOYOTA,PRIUS,39.04602217,-77.1125065,2024,1,13
240002811,Injury Crash,01/18/2024 01:24:00 PM,S FREDERICK RD (SB/L),NA,Angle,Cloudy,Dry,Daylight,Stop Sign,NONE DETECTED,Yes,Possible Minor Injury,Failed to Yield Right-of-Way,Not Distracted,MD,Van - Passenger (&lt;9 Seats),Moving Constant Speed,30,No,2021,CHEVROLET,EXPRESS,39.13973125,-77.19643884,2024,1,13
240002811,Injury Crash,01/18/2024 01:24:00 PM,S FREDERICK RD (SB/L),NA,Angle,Cloudy,Dry,Daylight,No Controls,NONE DETECTED,No,Possible Minor Injury,NA,Not Distracted,MD,Passenger Car,Moving Constant Speed,30,No,2021,VOLKSWAGEN,TIGUAN,39.13973125,-77.19643884,2024,1,13
240002813,Injury Crash,01/18/2024 01:24:00 PM,NA,NA,"Sideswipe, Same Direction",Cloudy,Dry,Daylight,Traffic Control Signal,NONE DETECTED,No,Possible Minor Injury,NA,Not Distracted,MD,Passenger Car,Moving Constant Speed,15,No,2023,HONDA,ACCORD,39.20227391,-77.24596923,2024,1,13
240002813,Injury Crash,01/18/2024 01:24:00 PM,NA,NA,"Sideswipe, Same Direction",Cloudy,Dry,Daylight,Traffic Control Signal,NONE DETECTED,Yes,No Apparent Injury,Improper Passing,Not Distracted,MD,Bus - School,Changing Lanes,15,No,2019,THOMAS BUILT,SCHOOL BUS,39.20227391,-77.24596923,2024,1,13
240002643,Property Damage Crash,01/18/2024 12:15:00 PM,MASSACHUSETTS AVE,NA,Front to Rear,Clear,Sand,Daylight,No Controls,NONE DETECTED,No,No Apparent Injury,NA,Not Distracted,AZ,Passenger Car,Moving Constant Speed,35,No,2014,BMW,X1,38.95573138,-77.10575668,2024,1,12
240002643,Property Damage Crash,01/18/2024 12:15:00 PM,MASSACHUSETTS AVE,NA,Front to Rear,Clear,Sand,Daylight,No Controls,NONE DETECTED,No,NA,NA,NA,NA,Pickup,Moving Constant Speed,35,No,1999,FORD,F-150,38.95573138,-77.10575668,2024,1,12
240002773,Property Damage Crash,01/18/2024 11:31:00 AM,COLUMBIA PIKE,NA,Front to Rear,Clear,Dry,Daylight,Traffic Control Signal,NONE DETECTED,Yes,No Apparent Injury,"Disregarded Other Traffic Sign, Other Improper Action","Other Action (looking away from task, etc.)",MD,Passenger Car,Accelerating,35,No,2017,FORD,TAURUS,39.0310325,-77.00470217,2024,1,11
240002773,Property Damage Crash,01/18/2024 11:31:00 AM,COLUMBIA PIKE,NA,Front to Rear,Clear,Dry,Daylight,Traffic Control Signal,NONE DETECTED,No,No Apparent Injury,NA,Not Distracted,MD,Passenger Car,Stopped in Traffic,35,No,2018,TOYOTA,4-RUNNER,39.0310325,-77.00470217,2024,1,11
240002772,Injury Crash,01/18/2024 11:22:00 AM,COLESVILLE RD,NA,Angle,Cloudy,Dry,Daylight,Traffic Control Signal,NONE DETECTED,No,Possible Minor Injury,Ran Red Light,Talking/listening,MD,Passenger Car,Moving Constant Speed,35,No,2022,HONDA,PILOT,39.01330641,-77.01660354,2024,1,11
240002772,Injury Crash,01/18/2024 11:22:00 AM,COLESVILLE RD,NA,Angle,Cloudy,Dry,Daylight,Traffic Control Signal,NONE DETECTED,No,No Apparent Injury,NA,Not Distracted,MD,Passenger Car,Accelerating,25,No,2013,TOYOTA,COROLLA,39.01330641,-77.01660354,2024,1,11
240002787,Property Damage Crash,01/18/2024 11:10:00 AM,NA,NA,"Sideswipe, Same Direction",Cloudy,Other,Daylight,No Controls,NONE DETECTED,No,No Apparent Injury,NA,Not Distracted,DC,Bus - Transit,Moving Constant Speed,35,No,2020,GILLIG,CITY TRANSIT BUS,38.96351828,-77.12117836,2024,1,11
240002787,Property Damage Crash,01/18/2024 11:10:00 AM,NA,NA,"Sideswipe, Same Direction",Cloudy,Other,Daylight,No Controls,NONE DETECTED,No,No Apparent Injury,Failed to Keep in Proper Lane,Not Distracted,MD,Single-Unit Truck,Moving Constant Speed,35,No,2019,FREIGHTLINER,UNKNOWN,38.96351828,-77.12117836,2024,1,11
240002797,Property Damage Crash,01/18/2024 10:30:00 AM,NA,NA,"Sideswipe, Same Direction",Clear,NA,Daylight,NA,NONE DETECTED,No,No Apparent Injury,NA,Not Distracted,MD,Station Wagon,Parked,0,No,2014,TOYOTA,SIENNA,39.04668063,-77.09849205,2024,1,10
240002797,Property Damage Crash,01/18/2024 10:30:00 AM,NA,NA,"Sideswipe, Same Direction",Clear,NA,Daylight,NA,NONE DETECTED,No,NA,NA,NA,NA,Passenger Car,Turning Left,0,No,2013,KIA,SOUL,39.04668063,-77.09849205,2024,1,10
240002769,Property Damage Crash,01/18/2024 09:10:00 AM,BALTIMORE RD,NA,"Sideswipe, Opposite Direction",Clear,Dry,Daylight,No Controls,NONE DETECTED,No,No Apparent Injury,NA,Not Distracted,MD,Bus - School,Moving Constant Speed,30,No,0,NA,NA,39.09108628,-77.11488274,2024,1,9
240002769,Property Damage Crash,01/18/2024 09:10:00 AM,BALTIMORE RD,NA,"Sideswipe, Opposite Direction",Clear,Dry,Daylight,No Controls,NONE DETECTED,No,NA,NA,NA,NA,NA,Moving Constant Speed,30,No,0,NA,NA,39.09108628,-77.11488274,2024,1,9
240002755,Property Damage Crash,01/18/2024 08:56:00 AM,WAYNE AVE,NA,Front to Rear,Clear,Dry,Daylight,No Controls,NONE DETECTED,No,No Apparent Injury,NA,Not Distracted,MD,Passenger Car,Stopped in Traffic,25,No,2023,HYUNDAI,VENUE,38.99457872,-77.02697211,2024,1,8
240002745,Property Damage Crash,01/18/2024 07:54:00 AM,EISENHOWER MEMORIAL HWY,NA,Front to Rear,Clear,Dry,Daylight,No Controls,NONE DETECTED,Yes,No Apparent Injury,Followed Too Closely,Not Distracted,MD,Sport Utility Vehicle,Slowing or Stopping,55,No,2017,FORD,EXPLORER,39.28149417,-77.32530983,2024,1,7
240002745,Property Damage Crash,01/18/2024 07:54:00 AM,EISENHOWER MEMORIAL HWY,NA,Front to Rear,Clear,Dry,Daylight,No Controls,NONE DETECTED,No,No Apparent Injury,NA,Not Distracted,MD,Sport Utility Vehicle,Slowing or Stopping,55,No,2012,JEEP,LIBERTY,39.28149417,-77.32530983,2024,1,7
240002745,Property Damage Crash,01/18/2024 07:54:00 AM,EISENHOWER MEMORIAL HWY,NA,Front to Rear,Clear,Dry,Daylight,No Controls,NONE DETECTED,No,No Apparent Injury,NA,Not Distracted,WV,Pickup,Slowing or Stopping,55,No,2023,DODGE,RAM,39.28149417,-77.32530983,2024,1,7
240002744,Property Damage Crash,01/18/2024 07:30:00 AM,NOYES DR,NA,Single Vehicle,Clear,Ice/Frost,Daylight,No Controls,NONE DETECTED,No,No Apparent Injury,"Swerved or Avoided Due to Wind, Slippery Surface, Motor Vehicle, Object, Non-Motorist in Roadway, etc",Not Distracted,MD,Bus - School,Moving Constant Speed,20,No,2023,THOMAS BUILT,SCHOOL BUS,39.00336333,-77.03226667,2024,1,7
240002743,Property Damage Crash,01/18/2024 07:21:00 AM,NA,NA,Front to Front,Clear,Dry,Daylight,Traffic Control Signal,NONE DETECTED,No,No Apparent Injury,NA,Not Distracted,MD,Passenger Car,Slowing or Stopping,30,No,2012,TOYOTA,CAMRY,39.22136189,-77.05970941,2024,1,7
240002743,Property Damage Crash,01/18/2024 07:21:00 AM,NA,NA,Front to Front,Clear,Dry,Daylight,Traffic Control Signal,NONE DETECTED,Yes,No Apparent Injury,Ran Red Light,Not Distracted,MD,Passenger Car,Moving Constant Speed,30,No,2020,TOYOTA,TACOMA,39.22136189,-77.05970941,2024,1,7
240002739,Property Damage Crash,01/18/2024 06:36:00 AM,SANDY SPRING RD,NA,Angle,Clear,Dry,Medium,Traffic Control Signal,NONE DETECTED,No,No Apparent Injury,NA,Not Distracted,MD,Passenger Car,Moving Constant Speed,25,No,2015,HONDA,ACCORD,39.1116109,-76.92885207,2024,1,6
240002739,Property Damage Crash,01/18/2024 06:36:00 AM,SANDY SPRING RD,NA,Angle,Clear,Dry,Medium,Traffic Control Signal,NONE DETECTED,No,No Apparent Injury,NA,Unknown,NC,Passenger Car,Moving Constant Speed,50,No,2007,MAZDA,CX-5,39.1116109,-76.92885207,2024,1,6
240002735,Property Damage Crash,01/18/2024 06:02:00 AM,NA,NA,"Sideswipe, Same Direction",Clear,Dry,Medium,Traffic Control Signal,NONE DETECTED,No,No Apparent Injury,NA,Not Distracted,MD,Bus - Transit,Moving Constant Speed,35,No,2009,GILLIG,CITY TRANSIT BUS,39.02221024,-76.97736533,2024,1,6
240002735,Property Damage Crash,01/18/2024 06:02:00 AM,NA,NA,"Sideswipe, Same Direction",Clear,Dry,Medium,Traffic Control Signal,NONE DETECTED,No,No Apparent Injury,Failed to Keep in Proper Lane,Unknown,MD,Passenger Car,Changing Lanes,35,No,2017,TOYOTA,COROLLA,39.02221024,-76.97736533,2024,1,6
240002707,Injury Crash,01/17/2024 07:45:00 PM,SPRING ST (EB/L),NA,Front to Rear,Clear,Dry,Medium,No Controls,NONE DETECTED,No,No Apparent Injury,Other Improper Action,"Other Action (looking away from task, etc.)",MD,Sport Utility Vehicle,Accelerating,35,No,2008,HONDA,CR-V,38.99675269,-77.03601754,2024,1,19
240002707,Injury Crash,01/17/2024 07:45:00 PM,SPRING ST (EB/L),NA,Front to Rear,Clear,Dry,Medium,No Controls,NONE DETECTED,No,Possible Minor Injury,NA,Not Distracted,MD,Passenger Car,Stopped in Traffic,35,No,2016,TOYOTA,AVALON,38.99675269,-77.03601754,2024,1,19
240002703,Property Damage Crash,01/17/2024 07:30:00 PM,GEORGIA AVE,NA,Rear To Rear,Clear,Snow,Medium,No Controls,NONE DETECTED,Yes,No Apparent Injury,"Other Improper Action, Too Fast For Conditions",Not Distracted,VA,Passenger Car,Accelerating,35,No,2022,TESLA,MODEL 3,38.99889433,-77.03107767,2024,1,19
240002703,Property Damage Crash,01/17/2024 07:30:00 PM,GEORGIA AVE,NA,Rear To Rear,Clear,Snow,Medium,No Controls,NONE DETECTED,No,NA,NA,NA,NA,Sport Utility Vehicle,Parked,35,No,2019,BMW,X3,38.99889433,-77.03107767,2024,1,19
240002703,Property Damage Crash,01/17/2024 07:30:00 PM,GEORGIA AVE,NA,Rear To Rear,Clear,Snow,Medium,No Controls,NONE DETECTED,No,NA,NA,NA,NA,Sport Utility Vehicle,Parked,35,No,2007,LEXUS,RX,38.99889433,-77.03107767,2024,1,19
240002703,Property Damage Crash,01/17/2024 07:30:00 PM,GEORGIA AVE,NA,Rear To Rear,Clear,Snow,Medium,No Controls,NONE DETECTED,No,NA,NA,NA,NA,Sport Utility Vehicle,Parked,35,No,2016,CADILLAC,SRX,38.99889433,-77.03107767,2024,1,19
240002696,Property Damage Crash,01/17/2024 06:46:00 PM,RANDOLPH RD (WB/L),NA,Rear To Side,Clear,Dry,Medium,Stop Sign,NONE DETECTED,No,No Apparent Injury,NA,Not Distracted,MD,Passenger Car,Turning Left,25,No,2017,VOLKSWAGEN,PASSAT,39.07310333,-77.00850167,2024,1,18
240002696,Property Damage Crash,01/17/2024 06:46:00 PM,RANDOLPH RD (WB/L),NA,Rear To Side,Clear,Dry,Medium,No Controls,NONE DETECTED,No,No Apparent Injury,NA,Not Distracted,MD,Sport Utility Vehicle,Moving Constant Speed,40,No,2018,TOYOTA,RAV4,39.07310333,-77.00850167,2024,1,18
240002693,Property Damage Crash,01/17/2024 06:07:00 PM,QUEENSTOWN LA,NA,Front to Front,Clear,Dry,Medium,Traffic Control Signal,NONE DETECTED,Yes,No Apparent Injury,"Failed to Yield Right-of-Way, Improper Turn, Ran Off Roadway",Unknown,MD,Passenger Car,Turning Left,45,No,2013,TOYOTA,CAMRY,39.15339221,-77.27824719,2024,1,18
240002693,Property Damage Crash,01/17/2024 06:07:00 PM,QUEENSTOWN LA,NA,Front to Front,Clear,Dry,Medium,Traffic Control Signal,NONE DETECTED,No,No Apparent Injury,NA,Not Distracted,MD,Passenger Car,Moving Constant Speed,45,No,2015,HONDA,CIVIC,39.15339221,-77.27824719,2024,1,18
240002689,Property Damage Crash,01/17/2024 05:18:00 PM,RAMP 4 FR MD 650 NB TO IS 495 EB,NA,Single Vehicle,Clear,Ice/Frost,Medium,No Controls,NONE DETECTED,No,No Apparent Injury,NA,Unknown,MD,Passenger Car,Moving Constant Speed,30,No,2017,CADILLAC,XT5,39.01697787,-76.97606126,2024,1,17
240002684,Property Damage Crash,01/17/2024 04:45:00 PM,FREDERICK RD (SB/L),NA,Front to Rear,Clear,Dry,Medium,Traffic Control Signal,NONE DETECTED,No,No Apparent Injury,Followed Too Closely,Not Distracted,MD,Passenger Car,Slowing or Stopping,40,No,2009,HONDA,ACCORD,39.11235858,-77.16201411,2024,1,16
240002684,Property Damage Crash,01/17/2024 04:45:00 PM,FREDERICK RD (SB/L),NA,Front to Rear,Clear,Dry,Medium,Traffic Control Signal,NONE DETECTED,No,No Apparent Injury,NA,Not Distracted,MD,Sport Utility Vehicle,Slowing or Stopping,40,No,2018,SUBARU,FORESTER,39.11235858,-77.16201411,2024,1,16
240002690,Property Damage Crash,01/17/2024 03:55:00 PM,BRANDERMILL DR,NA,Front to Front,Clear,Slush,Daylight,Stop Sign,NONE DETECTED,No,No Apparent Injury,NA,Not Distracted,MD,Passenger Car,Slowing or Stopping,30,No,2015,HONDA,ACCORD,39.18832844,-77.23896753,2024,1,15
240002690,Property Damage Crash,01/17/2024 03:55:00 PM,BRANDERMILL DR,NA,Front to Front,Clear,Slush,Daylight,Stop Sign,NONE DETECTED,Yes,No Apparent Injury,Failed to Keep in Proper Lane,Not Distracted,MD,Pickup,Moving Constant Speed,30,No,2003,GMC,SIERRA,39.18832844,-77.23896753,2024,1,15
240002676,Property Damage Crash,01/17/2024 03:52:00 PM,GEORGIA AVE (SB/L),NA,Angle,Clear,Dry,Daylight,Stop Sign,NONE DETECTED,Yes,No Apparent Injury,Failed to Yield Right-of-Way,Not Distracted,MD,Passenger Car,Turning Left,25,No,2023,TOYOTA,RAV4,39.1513464,-77.06679303,2024,1,15
240002676,Property Damage Crash,01/17/2024 03:52:00 PM,GEORGIA AVE (SB/L),NA,Angle,Clear,Dry,Daylight,No Controls,NONE DETECTED,No,No Apparent Injury,NA,Not Distracted,MD,Passenger Car,Moving Constant Speed,30,No,2018,KIA,SOUL,39.1513464,-77.06679303,2024,1,15
240002667,Property Damage Crash,01/17/2024 02:36:00 PM,NA,NA,"Sideswipe, Same Direction",Clear,NA,Daylight,NA,NONE DETECTED,No,No Apparent Injury,NA,Not Distracted,MD,Passenger Car,Parked,0,No,2019,DODGE,CHARGER,39.15295278,-77.06241132,2024,1,14
240002667,Property Damage Crash,01/17/2024 02:36:00 PM,NA,NA,"Sideswipe, Same Direction",Clear,NA,Daylight,NA,NONE DETECTED,Yes,No Apparent Injury,Too Fast For Conditions,Unknown,MD,Passenger Car,Slowing or Stopping,0,No,2010,TOYOTA,RAV4,39.15295278,-77.06241132,2024,1,14
240002663,Property Damage Crash,01/17/2024 02:03:00 PM,GEORGIA AVE (SB/L),NA,"Sideswipe, Same Direction",Clear,Dry,Daylight,No Controls,NONE DETECTED,Yes,No Apparent Injury,Failed to Yield Right-of-Way,"Other Action (looking away from task, etc.)",MD,Sport Utility Vehicle,Changing Lanes,35,No,2021,TOYOTA,RAV4,39.04390685,-77.05224197,2024,1,14
240002663,Property Damage Crash,01/17/2024 02:03:00 PM,GEORGIA AVE (SB/L),NA,"Sideswipe, Same Direction",Clear,Dry,Daylight,No Controls,NONE DETECTED,No,No Apparent Injury,NA,Not Distracted,DC,Truck Tractor,Moving Constant Speed,35,No,2017,INTERNATIONAL,HX620,39.04390685,-77.05224197,2024,1,14
240002661,Property Damage Crash,01/17/2024 02:00:00 PM,NA,NA,Other,Clear,NA,Daylight,NA,NONE DETECTED,No,No Apparent Injury,NA,Not Distracted,MD,Passenger Car,Parked,0,No,2017,HONDA,CIVIC,39.04117763,-76.98948424,2024,1,14
240002661,Property Damage Crash,01/17/2024 02:00:00 PM,NA,NA,Other,Clear,NA,Daylight,NA,NONE DETECTED,No,No Apparent Injury,Other Improper Action,Not Distracted,MD,Passenger Car,Turning Left,0,No,2014,HONDA,CIVIC,39.04117763,-76.98948424,2024,1,14
240002656,Property Damage Crash,01/17/2024 01:45:00 PM,NA,NA,Other,Clear,NA,Daylight,NA,NONE DETECTED,No,No Apparent Injury,NA,Not Distracted,MD,Passenger Car,Backing,0,No,2015,NISSAN,ALTIMA,39.08436594,-76.95195758,2024,1,13
240002656,Property Damage Crash,01/17/2024 01:45:00 PM,NA,NA,Other,Clear,NA,Daylight,NA,NONE DETECTED,No,NA,NA,NA,NA,Pickup,Turning Left,0,No,1999,DODGE,RAM,39.08436594,-76.95195758,2024,1,13
240002649,Property Damage Crash,01/17/2024 01:27:00 PM,NA,NA,Front to Front,Clear,Dry,Daylight,Traffic Control Signal,NONE DETECTED,No,No Apparent Injury,NA,Not Distracted,MD,Passenger Car,Moving Constant Speed,30,No,2018,VOLKSWAGEN,GOLF,39.0456474,-77.10462637,2024,1,13
240002649,Property Damage Crash,01/17/2024 01:27:00 PM,NA,NA,Front to Front,Clear,Dry,Daylight,Traffic Control Signal,NONE DETECTED,No,No Apparent Injury,NA,Not Distracted,MD,Pickup,Stopped in Traffic,30,No,2000,CHEVROLET,C/K PICKUP,39.0456474,-77.10462637,2024,1,13
240002647,Injury Crash,01/17/2024 01:14:00 PM,NA,Pedestrian,Single Vehicle,Clear,NA,Daylight,No Controls,NONE DETECTED,Yes,Possible Minor Injury,NA,Not Distracted,MD,Sport Utility Vehicle,Accelerating,5,No,2015,JEEP,GRAND CHEROKEE,39.20158825,-77.24670089,2024,1,13
240002644,Property Damage Crash,01/17/2024 01:00:00 PM,CONNECTICUT AVE,NA,Front to Rear,Clear,Ice/Frost,Daylight,No Controls,NONE DETECTED,No,No Apparent Injury,"Followed Too Closely, Too Fast For Conditions",Not Distracted,MD,Passenger Car,Slowing or Stopping,35,No,2022,TOYOTA,TACOMA,39.0021163,-77.07707199,2024,1,13
240002644,Property Damage Crash,01/17/2024 01:00:00 PM,CONNECTICUT AVE,NA,Front to Rear,Clear,Ice/Frost,Daylight,No Controls,NONE DETECTED,No,No Apparent Injury,NA,Not Distracted,MD,Passenger Car,Slowing or Stopping,35,No,2014,HYUNDAI,ELANTRA,39.0021163,-77.07707199,2024,1,13
240002651,Property Damage Crash,01/17/2024 11:41:00 AM,NA,NA,Rear To Side,Clear,NA,Daylight,NA,NONE DETECTED,No,No Apparent Injury,Improper Backing,Unknown,NA,Sport Utility Vehicle,Backing,0,No,2017,LEXUS,GX,39.0356445,-77.05612045,2024,1,11
240002651,Property Damage Crash,01/17/2024 11:41:00 AM,NA,NA,Rear To Side,Clear,NA,Daylight,NA,NONE DETECTED,No,No Apparent Injury,NA,Not Distracted,MD,Passenger Car,Stopped in Traffic,0,No,2023,TOYOTA,CAMRY,39.0356445,-77.05612045,2024,1,11
240002632,Property Damage Crash,01/17/2024 11:31:00 AM,NO NAME (WB/L),NA,Other,Clear,Dry,Daylight,No Controls,NONE DETECTED,No,No Apparent Injury,NA,Not Distracted,MD,Sport Utility Vehicle,Slowing or Stopping,55,No,2016,BMW,X1,39.13004002,-77.17091535,2024,1,11
240002632,Property Damage Crash,01/17/2024 11:31:00 AM,NO NAME (WB/L),NA,Other,Clear,Dry,Daylight,No Controls,NONE DETECTED,No,No Apparent Injury,Followed Too Closely,Not Distracted,VA,Single-Unit Truck,Slowing or Stopping,55,No,2022,CHEVROLET,5500HD,39.13004002,-77.17091535,2024,1,11
240002606,Injury Crash,01/17/2024 09:20:00 AM,PLUM ORCHARD DR,Pedestrian,Single Vehicle,Clear,Snow,Daylight,Traffic Control Signal,NONE DETECTED,No,NA,NA,NA,NA,Passenger Car,Moving Constant Speed,40,No,0,NA,NA,39.05261194,-76.953173,2024,1,9
240002608,Property Damage Crash,01/17/2024 09:15:00 AM,NA,NA,Angle,Clear,Ice/Frost,Daylight,Traffic Control Signal,NONE DETECTED,Yes,No Apparent Injury,Too Fast For Conditions,Not Distracted,MD,Passenger Car,Accelerating,35,No,2013,HONDA,CIVIC,39.09055833,-77.04800667,2024,1,9
240002608,Property Damage Crash,01/17/2024 09:15:00 AM,NA,NA,Angle,Clear,Ice/Frost,Daylight,Traffic Control Signal,NONE DETECTED,Yes,No Apparent Injury,Failed to Yield Right-of-Way,Not Distracted,DC,Passenger Car,Turning Right,35,No,2023,CHRYSLER,300C,39.09055833,-77.04800667,2024,1,9
240002610,Property Damage Crash,01/17/2024 09:13:00 AM,COPLEY PL,NA,Front to Rear,Clear,Ice/Frost,Daylight,Yield Sign,NONE DETECTED,No,No Apparent Injury,NA,Not Distracted,MD,Passenger Car,Turning Left,25,No,2019,AUDI,A4,39.1136802,-77.2084372,2024,1,9
240002610,Property Damage Crash,01/17/2024 09:13:00 AM,COPLEY PL,NA,Front to Rear,Clear,Ice/Frost,Daylight,No Controls,NONE DETECTED,No,NA,Followed Too Closely,NA,NA,Passenger Car,Slowing or Stopping,25,No,2000,CHEVROLET,CAMARO,39.1136802,-77.2084372,2024,1,9
240002599,Property Damage Crash,01/17/2024 08:36:00 AM,PARKLAND DR,NA,Rear To Side,Clear,Ice/Frost,Daylight,Stop Sign,NONE DETECTED,No,No Apparent Injury,Failed to Yield Right-of-Way,"Other Action (looking away from task, etc.)",MD,Passenger Car,Accelerating,25,No,2012,HONDA,CIVIC,39.06874932,-77.08861886,2024,1,8
240002599,Property Damage Crash,01/17/2024 08:36:00 AM,PARKLAND DR,NA,Rear To Side,Clear,Ice/Frost,Daylight,Stop Sign,NONE DETECTED,No,No Apparent Injury,NA,Not Distracted,MD,Passenger Car,Turning Left,25,No,2009,HONDA,C125 (SUPER CUB),39.06874932,-77.08861886,2024,1,8
240002597,Property Damage Crash,01/17/2024 06:19:00 AM,CRESCENT ST,NA,Single Vehicle,Snow,Slush,Medium,No Controls,NONE DETECTED,No,No Apparent Injury,NA,Not Distracted,MD,Single-Unit Truck,Negotiating a Curve,15,No,2019,MACK,TD,38.9540651,-77.0958034,2024,1,6
240002573,Property Damage Crash,01/16/2024 08:35:00 PM,GOODHILL RD,NA,"Sideswipe, Opposite Direction",Clear,Ice/Frost,Dark,Stop Sign,NONE DETECTED,No,No Apparent Injury,NA,Not Distracted,MD,Bus - Transit,Slowing or Stopping,25,No,2013,GILLIG,LOW FLOOR BUS,39.05674041,-77.06952735,2024,1,20
240002570,Property Damage Crash,01/16/2024 07:37:00 PM,NA,NA,"Sideswipe, Same Direction",Cloudy,NA,Medium,NA,ALCOHOL PRESENT,No,No Apparent Injury,"Disregard Officer Directions, Operated Motor Vehicle in Reckless or Aggressive Manner, Other Improper Action",Not Distracted,MD,Van - Passenger (&lt;9 Seats),Accelerating,0,No,2004,HONDA,ODYSSEY,39.05599924,-76.96536342,2024,1,19
240002569,Property Damage Crash,01/16/2024 07:17:00 PM,NEW HAMPSHIRE AVE,NA,Single Vehicle,Snow,Slush,Dark,No Controls,NONE DETECTED,Yes,No Apparent Injury,NA,Not Distracted,MD,Sport Utility Vehicle,Negotiating a Curve,40,No,2020,LINCOLN,AVIATOR,39.17471402,-77.02294101,2024,1,19
240002558,Injury Crash,01/16/2024 06:20:00 PM,COLUMBIA PIKE,NA,Rear To Side,Cloudy,Ice/Frost,Medium,Lane Use Control Signal,NONE DETECTED,No,No Apparent Injury,NA,Not Distracted,MD,Sport Utility Vehicle,Accelerating,50,No,2020,MERCEDES-BENZ,GLE-CLASS,39.09553234,-76.9378471,2024,1,18
240002558,Injury Crash,01/16/2024 06:20:00 PM,COLUMBIA PIKE,NA,Rear To Side,Cloudy,Ice/Frost,Medium,Lane Use Control Signal,NONE DETECTED,No,Possible Minor Injury,NA,Not Distracted,MD,Passenger Car,Moving Constant Speed,25,No,2015,HONDA,CIVIC,39.09553234,-76.9378471,2024,1,18
240002554,Property Damage Crash,01/16/2024 05:30:00 PM,NA,NA,Front to Front,Snow,NA,Medium,NA,NONE DETECTED,No,No Apparent Injury,NA,NA,NA,Passenger Car,Accelerating,0,No,2017,HONDA,CR-V,38.9859345,-77.0272188,2024,1,17
240002555,Property Damage Crash,01/16/2024 05:08:00 PM,GIRARD ST,NA,Single Vehicle,Cloudy,Slush,Medium,Traffic Control Signal,ALCOHOL PRESENT,Yes,No Apparent Injury,"Operated Motor Vehicle in Inattentive, Careless, Negligent, or Erratic Manner, Other Improper Action","Other Action (looking away from task, etc.)",NA,Passenger Car,Moving Constant Speed,25,No,2019,TOYOTA,CAMRY,39.1507081,-77.19262168,2024,1,17
240002544,Property Damage Crash,01/16/2024 05:00:00 PM,FIRSTFIELD RD (EB/L),NA,"Sideswipe, Same Direction",Clear,Wet,Daylight,Traffic Control Signal,NONE DETECTED,No,No Apparent Injury,NA,Not Distracted,MD,Sport Utility Vehicle,Moving Constant Speed,35,No,2023,NISSAN,PATHFINDER,39.14374195,-77.22386935,2024,1,17
240002544,Property Damage Crash,01/16/2024 05:00:00 PM,FIRSTFIELD RD (EB/L),NA,"Sideswipe, Same Direction",Clear,Wet,Daylight,Traffic Control Signal,NONE DETECTED,Yes,NA,NA,NA,NA,Passenger Car,Turning Right,35,No,2008,TOYOTA,COROLLA,39.14374195,-77.22386935,2024,1,17
240002553,Property Damage Crash,01/16/2024 04:50:00 PM,NA,NA,Front to Rear,Clear,NA,Daylight,NA,NONE DETECTED,Yes,No Apparent Injury,"Operated Motor Vehicle in Inattentive, Careless, Negligent, or Erratic Manner, Other Improper Action",Unknown,MD,Passenger Car,Moving Constant Speed,0,No,2008,NISSAN,ALTIMA,39.13770451,-77.22883459,2024,1,16