Local Case Number,ACRS Report Type,Crash Date/Time,Road Name,Related Non-Motorist,Collision Type,Weather,Surface Condition,Light,Traffic Control,Driver Substance Abuse,Driver At Fault,Injury Severity,Circumstance,Driver Distracted By,Drivers License State,Vehicle Body Type,Vehicle Movement,Speed Limit,Driverless Vehicle,Vehicle Year,Vehicle Make,Vehicle Model,Latitude,Longitude,Year,Month,Hour
240002543,Property Damage Crash,01/16/2024 04:40:00 PM,FIRSTFIELD RD (EB/L),NA,Front to Front,Clear,Wet,Daylight,No Controls,NONE DETECTED,No,No Apparent Injury,NA,Not Distracted,MD,Passenger Car,Moving Constant Speed,5,No,2023,KIA,SOUL,39.14499195,-77.22281799,2024,1,16
240002543,Property Damage Crash,01/16/2024 04:40:00 PM,FIRSTFIELD RD (EB/L),NA,Front to Front,Clear,Wet,Daylight,No Controls,NONE DETECTED,No,NA,NA,NA,NA,Passenger Car,Moving Constant Speed,5,No,2008,TOYOTA,COROLLA,39.14499195,-77.22281799,2024,1,16
240002522,Property Damage Crash,01/16/2024 03:03:00 PM,VANDALIA DR,NA,"Sideswipe, Same Direction",Snow,Slush,Daylight,No Controls,NONE DETECTED,Yes,No Apparent Injury,Other Improper Action,Unknown,MD,Other,Moving Constant Speed,25,No,2021,KENWORTH,T4 SERIES,39.0721835,-77.08241467,2024,1,15
240002526,Property Damage Crash,01/16/2024 02:44:00 PM,MORNINGWOOD DR,NA,"Sideswipe, Same Direction",Clear,Snow,Daylight,No Controls,NONE DETECTED,No,No Apparent Injury,NA,Not Distracted,MD,Sport Utility Vehicle,Moving Constant Speed,30,No,2018,VOLVO,XC90,39.15143375,-77.06941597,2024,1,14
240002526,Property Damage Crash,01/16/2024 02:44:00 PM,MORNINGWOOD DR,NA,"Sideswipe, Same Direction",Clear,Snow,Daylight,No Controls,NONE DETECTED,No,No Apparent Injury,"Failed to Keep in Proper Lane, Failed to Yield Right-of-Way, Wrong Side",Unknown,MD,Other,Turning Left,30,No,2019,FORD,TRANSIT CONNECT,39.15143375,-77.06941597,2024,1,14
240002525,Property Damage Crash,01/16/2024 02:29:00 PM,WOODWELL RD,NA,Single Vehicle,Snow,Snow,Daylight,No Controls,NONE DETECTED,Yes,No Apparent Injury,NA,Not Distracted,MD,Other Trucks,Backing,25,No,2022,FREIGHTLINER,M2,39.08805266,-77.03256171,2024,1,14
240002518,Property Damage Crash,01/16/2024 02:21:00 PM,TECH RD,NA,Other,Cloudy,Wet,Daylight,No Controls,NONE DETECTED,No,No Apparent Injury,NA,Not Distracted,MD,Bus - Transit,Moving Constant Speed,30,No,2009,GILLIG,LOW FLOOR BUS,39.05691306,-76.9676562,2024,1,14
240002518,Property Damage Crash,01/16/2024 02:21:00 PM,TECH RD,NA,Other,Cloudy,Wet,Daylight,No Controls,NONE DETECTED,Yes,No Apparent Injury,"Failed to Yield Right-of-Way, Improper Turn",Not Distracted,VA,Sport Utility Vehicle,Turning Right,30,No,2021,HONDA,CR-V,39.05691306,-76.9676562,2024,1,14
240002513,Property Damage Crash,01/16/2024 02:09:00 PM,S FREDERICK RD,NA,Front to Front,Snow,Slush,Daylight,No Controls,NONE DETECTED,Yes,No Apparent Injury,Failed to Yield Right-of-Way,Unknown,MD,Passenger Car,Accelerating,30,No,2022,HONDA,CR-V,39.13983104,-77.19627337,2024,1,14
240002513,Property Damage Crash,01/16/2024 02:09:00 PM,S FREDERICK RD,NA,Front to Front,Snow,Slush,Daylight,Stop Sign,NONE DETECTED,No,No Apparent Injury,Other Improper Action,Not Distracted,MD,Passenger Car,Moving Constant Speed,30,No,2012,VOLKSWAGEN,PASSAT,39.13983104,-77.19627337,2024,1,14
240002512,Property Damage Crash,01/16/2024 01:47:00 PM,E GUDE DR,NA,Front to Rear,Snow,Snow,Daylight,Traffic Control Signal,NONE DETECTED,No,No Apparent Injury,NA,Not Distracted,MD,Sport Utility Vehicle,Stopped in Traffic,35,No,2015,TOYOTA,RAV4,39.10638549,-77.15817247,2024,1,13
240002512,Property Damage Crash,01/16/2024 01:47:00 PM,E GUDE DR,NA,Front to Rear,Snow,Snow,Daylight,Traffic Control Signal,NONE DETECTED,No,No Apparent Injury,NA,"Other Action (looking away from task, etc.)",MD,Bus - Transit,Stopped in Traffic,35,No,2017,GILLIG,BUS,39.10638549,-77.15817247,2024,1,13
240002504,Property Damage Crash,01/16/2024 12:37:00 PM,GEORGIA AVE,NA,Angle,Snow,Snow,Daylight,No Controls,NONE DETECTED,No,No Apparent Injury,NA,Not Distracted,DC,Passenger Car,Moving Constant Speed,35,No,2016,HYUNDAI,GENESIS,38.98674739,-77.02658109,2024,1,12
240002506,Property Damage Crash,01/16/2024 12:37:00 PM,NA,NA,Angle,Cloudy,NA,Daylight,NA,NONE DETECTED,No,NA,NA,NA,NA,Passenger Car,Turning Right,0,No,2003,KIA,VAN,39.12510106,-77.23828463,2024,1,12
240002504,Property Damage Crash,01/16/2024 12:37:00 PM,GEORGIA AVE,NA,Angle,Snow,Snow,Daylight,No Controls,NONE DETECTED,No,No Apparent Injury,NA,Not Distracted,MD,Passenger Car,Making U-Turn,35,No,2022,TOYOTA,HIGHLANDER,38.98674739,-77.02658109,2024,1,12
240002489,Property Damage Crash,01/16/2024 11:11:00 AM,MIDDLEBROOK RD,NA,Rear To Side,Snow,Wet,Daylight,Traffic Control Signal,NONE DETECTED,No,No Apparent Injury,"Failed to Yield Right-of-Way, Too Fast For Conditions",Unknown,MD,Sport Utility Vehicle,Turning Left,35,No,2020,NISSAN,KICKS,39.183715050000004,-77.27364329,2024,1,11
240002489,Property Damage Crash,01/16/2024 11:11:00 AM,MIDDLEBROOK RD,NA,Rear To Side,Snow,Wet,Daylight,Traffic Control Signal,NONE DETECTED,No,No Apparent Injury,NA,Not Distracted,MD,Pickup,Moving Constant Speed,35,No,2013,TOYOTA,PICK-UP,39.183715050000004,-77.27364329,2024,1,11
240002485,Property Damage Crash,01/16/2024 10:32:00 AM,NOYES DR,NA,Angle,Clear,Snow,Daylight,No Controls,NONE DETECTED,No,NA,NA,NA,NA,Pickup,Leaving Traffic Lane,35,No,2015,DODGE,RAM,39.00238625,-77.03505727,2024,1,10
240002485,Property Damage Crash,01/16/2024 10:32:00 AM,NOYES DR,NA,Angle,Clear,Snow,Daylight,No Controls,NONE DETECTED,No,No Apparent Injury,NA,Not Distracted,MD,Passenger Car,Moving Constant Speed,35,No,2023,TOYOTA,PRIUS,39.00238625,-77.03505727,2024,1,10
240002472,Injury Crash,01/16/2024 09:30:00 AM,UNIVERSITY BLVD W (WB/L),NA,Single Vehicle,Rain,Snow,Daylight,No Controls,NONE DETECTED,No,Possible Minor Injury,Too Fast For Conditions,Not Distracted,MD,Passenger Car,Slowing or Stopping,35,No,2008,HONDA,CIVIC,39.03904,-77.04185667,2024,1,9
240002468,Property Damage Crash,01/16/2024 09:14:00 AM,WALTON RD,NA,"Sideswipe, Same Direction",Cloudy,Snow,Daylight,No Controls,NONE DETECTED,No,No Apparent Injury,Failed to Keep in Proper Lane,Not Distracted,MD,Other Trucks,Moving Constant Speed,25,No,2021,KENWORTH,T7 SERIES,39.00942833,-77.12051833,2024,1,9
240002454,Property Damage Crash,01/16/2024 02:11:00 AM,NA,NA,Front to Rear,Snow,Snow,Medium,Traffic Control Signal,NONE DETECTED,No,No Apparent Injury,NA,Not Distracted,MD,Passenger Car,Accelerating,30,No,2018,FORD,TAURUS,38.99514625,-77.09656481,2024,1,2
240002454,Property Damage Crash,01/16/2024 02:11:00 AM,NA,NA,Front to Rear,Snow,Snow,Medium,Traffic Control Signal,NONE DETECTED,Yes,No Apparent Injury,"Swerved or Avoided Due to Wind, Slippery Surface, Motor Vehicle, Object, Non-Motorist in Roadway, etc",Not Distracted,MD,Passenger Car,Slowing or Stopping,30,No,2016,FORD,TAURUS,38.99514625,-77.09656481,2024,1,2
24000083,Injury Crash,01/15/2024 11:00:00 PM,LITTLE FALLS TRAIL TR,NA,Single Vehicle,Snow,Slush,Medium,Traffic Control Signal,NONE DETECTED,No,Possible Minor Injury,Too Fast For Conditions,Not Distracted,NA,Passenger Car,Turning Right,25,No,2008,NISSAN,ALTIMA,38.95752514,-77.10793861,2024,1,23
240002437,Property Damage Crash,01/15/2024 09:00:00 PM,SLIGO CREEK PKWY,NA,Single Vehicle,Snow,Snow,Dark,No Controls,NONE DETECTED,Yes,No Apparent Injury,Too Fast For Conditions,Not Distracted,MD,Passenger Car,Negotiating a Curve,30,No,2016,FORD,INTERCEPTOR,38.99182976,-77.00593511,2024,1,21
240002652,Property Damage Crash,01/15/2024 08:35:00 PM,NA,NA,Single Vehicle,Snow,NA,Medium,NA,NONE DETECTED,No,NA,NA,NA,NA,Passenger Car,NA,0,No,2010,FORD,FUSION,39.05857219,-77.11968832,2024,1,20
240002433,Property Damage Crash,01/15/2024 08:21:00 PM,MERRIMAC DR,NA,Front to Rear,Snow,Snow,Medium,Stop Sign,NONE DETECTED,No,No Apparent Injury,Too Fast For Conditions,Not Distracted,MD,Sport Utility Vehicle,Slowing or Stopping,25,No,2020,FORD,EXPLORER,38.99248265,-76.99232553,2024,1,20
240002433,Property Damage Crash,01/15/2024 08:21:00 PM,MERRIMAC DR,NA,Front to Rear,Snow,Snow,Medium,Stop Sign,NONE DETECTED,No,No Apparent Injury,NA,Not Distracted,MD,Sport Utility Vehicle,Stopped in Traffic,25,No,2017,FORD,EXPLORER,38.99248265,-76.99232553,2024,1,20
240002430,Property Damage Crash,01/15/2024 07:15:00 PM,CARMICHAEL AVE,NA,Single Vehicle,Snow,Ice/Frost,Medium,No Controls,NONE DETECTED,No,No Apparent Injury,"Swerved or Avoided Due to Wind, Slippery Surface, Motor Vehicle, Object, Non-Motorist in Roadway, etc",Not Distracted,PA,Other Trucks,Negotiating a Curve,25,No,2007,PIERCE MANUFACTURING,TRUCK,38.97783011,-77.14928006,2024,1,19
240002428,Property Damage Crash,01/15/2024 06:35:00 PM,SLIGO AVE,NA,Front to Rear,Snow,Snow,Medium,Traffic Control Signal,NONE DETECTED,No,No Apparent Injury,NA,Not Distracted,MD,Passenger Car,Moving Constant Speed,25,No,2016,VOLKSWAGEN,UNKNOWN,38.99142167,-77.011325,2024,1,18
240002428,Property Damage Crash,01/15/2024 06:35:00 PM,SLIGO AVE,NA,Front to Rear,Snow,Snow,Medium,Traffic Control Signal,NONE DETECTED,No,No Apparent Injury,NA,Not Distracted,MD,Bus - Transit,Stopped in Traffic,25,No,2020,GILLIG,CITY TRANSIT BUS,38.99142167,-77.011325,2024,1,18
240002431,Injury Crash,01/15/2024 06:35:00 PM,PARK VALLEY RD,NA,"Sideswipe, Same Direction",Snow,Snow,Dark,No Controls,NONE DETECTED,No,NA,Other Improper Action,Not Distracted,NA,Passenger Car,Parked,15,No,2021,HONDA,CR125,38.9897918,-77.00705698,2024,1,18
240002431,Injury Crash,01/15/2024 06:35:00 PM,PARK VALLEY RD,NA,"Sideswipe, Same Direction",Snow,Snow,Dark,No Controls,NONE DETECTED,No,NA,NA,NA,NA,Passenger Car,Parked,15,No,2007,ACURA,TL,38.9897918,-77.00705698,2024,1,18
240002431,Injury Crash,01/15/2024 06:35:00 PM,PARK VALLEY RD,NA,"Sideswipe, Same Direction",Snow,Snow,Dark,No Controls,NONE DETECTED,Yes,Possible Minor Injury,"Swerved or Avoided Due to Wind, Slippery Surface, Motor Vehicle, Object, Non-Motorist in Roadway, etc",Unknown,MD,Sport Utility Vehicle,Moving Constant Speed,15,No,2015,RAM,UNKNOWN,38.9897918,-77.00705698,2024,1,18
240002426,Injury Crash,01/15/2024 06:15:00 PM,NA,NA,Rear To Rear,Snow,Snow,Medium,No Controls,NONE DETECTED,No,Possible Minor Injury,Other Improper Action,Not Distracted,MD,Passenger Car,Parked,25,No,2009,ACURA,TL,39.00891528,-77.03875747,2024,1,18
240002426,Injury Crash,01/15/2024 06:15:00 PM,NA,NA,Rear To Rear,Snow,Snow,Medium,No Controls,NONE DETECTED,Yes,No Apparent Injury,"Improper Turn, Over-Correcting/Over-Steering, Too Fast For Conditions",Unknown,MD,Passenger Car,Turning Left,25,No,2020,TOYOTA,CAMRY,39.00891528,-77.03875747,2024,1,18
240002422,Property Damage Crash,01/15/2024 05:46:00 PM,NA,NA,Front to Rear,Snow,Snow,Medium,Traffic Control Signal,NONE DETECTED,No,No Apparent Injury,Too Fast For Conditions,Not Distracted,MD,Passenger Car,Slowing or Stopping,40,No,2013,VOLKSWAGEN,PASSAT,39.10254167,-77.21987167,2024,1,17
240002422,Property Damage Crash,01/15/2024 05:46:00 PM,NA,NA,Front to Rear,Snow,Snow,Medium,Traffic Control Signal,NONE DETECTED,No,No Apparent Injury,NA,Not Distracted,MD,Passenger Car,Stopped in Traffic,40,No,2023,TESLA,MODEL S,39.10254167,-77.21987167,2024,1,17
240002422,Property Damage Crash,01/15/2024 05:46:00 PM,NA,NA,Front to Rear,Snow,Snow,Medium,Traffic Control Signal,NONE DETECTED,No,No Apparent Injury,NA,Not Distracted,MD,Passenger Car,Stopped in Traffic,40,No,2015,ACURA,TLX,39.10254167,-77.21987167,2024,1,17
240002421,Injury Crash,01/15/2024 05:42:00 PM,MARYLAND AVE,NA,"Sideswipe, Same Direction",Snow,Slush,Medium,No Controls,NONE DETECTED,No,No Apparent Injury,NA,Unknown,NA,Unknown,NA,25,No,0,NA,NA,39.08223091,-77.15199109,2024,1,17
240002421,Injury Crash,01/15/2024 05:42:00 PM,MARYLAND AVE,NA,"Sideswipe, Same Direction",Snow,Slush,Medium,Stop Sign,NONE DETECTED,Yes,Possible Minor Injury,NA,Not Distracted,DC,Passenger Car,Entering Traffic Lane,25,No,2023,KIA,FORTE,39.08223091,-77.15199109,2024,1,17
240002418,Injury Crash,01/15/2024 04:46:00 PM,NA,NA,"Sideswipe, Opposite Direction",Snow,Wet,Medium,Traffic Control Signal,NONE DETECTED,No,No Apparent Injury,NA,Not Distracted,MD,Passenger Car,Turning Left,35,No,2012,GMC,YUKON,39.15628892,-77.16548067,2024,1,16
240002418,Injury Crash,01/15/2024 04:46:00 PM,NA,NA,"Sideswipe, Opposite Direction",Snow,Wet,Medium,Traffic Control Signal,NONE DETECTED,No,No Apparent Injury,NA,Not Distracted,MD,Passenger Car,Stopped in Traffic,35,No,2012,HONDA,ACCORD,39.15628892,-77.16548067,2024,1,16
240002418,Injury Crash,01/15/2024 04:46:00 PM,NA,NA,"Sideswipe, Opposite Direction",Snow,Wet,Medium,Traffic Control Signal,NONE DETECTED,No,Possible Minor Injury,Ran Red Light,Not Distracted,MD,Passenger Car,Moving Constant Speed,35,No,2008,NISSAN,ALTIMA,39.15628892,-77.16548067,2024,1,16
240002411,Property Damage Crash,01/15/2024 04:09:00 PM,NA,NA,Angle,Snow,Snow,Daylight,Traffic Control Signal,NONE DETECTED,No,No Apparent Injury,NA,Not Distracted,MD,Van - Passenger (&lt;9 Seats),Accelerating,35,No,2011,TOYOTA,VAN,39.05710786,-77.16135202,2024,1,16
240002411,Property Damage Crash,01/15/2024 04:09:00 PM,NA,NA,Angle,Snow,Snow,Daylight,Traffic Control Signal,NONE DETECTED,No,No Apparent Injury,"Ran Red Light, Too Fast For Conditions",Not Distracted,MD,Other Trucks,Slowing or Stopping,35,No,2008,INTECH TRAILERS,ST,39.05710786,-77.16135202,2024,1,16
240002409,Property Damage Crash,01/15/2024 04:03:00 PM,EDNOR RD,NA,Rear To Side,Snow,Snow,Daylight,No Controls,NONE DETECTED,No,No Apparent Injury,Too Fast For Conditions,Not Distracted,MD,Passenger Car,Slowing or Stopping,35,No,2009,HONDA,CIVIC,39.12696917,-77.02078495,2024,1,16
240002409,Property Damage Crash,01/15/2024 04:03:00 PM,EDNOR RD,NA,Rear To Side,Snow,Snow,Daylight,No Controls,NONE DETECTED,No,No Apparent Injury,NA,Not Distracted,MD,Sport Utility Vehicle,Moving Constant Speed,35,No,2020,LEXUS,UX,39.12696917,-77.02078495,2024,1,16
240002403,Injury Crash,01/15/2024 04:02:00 PM,POTOMAC VALLEY RD,NA,Single Vehicle,Rain,Ice/Frost,Daylight,No Controls,NONE DETECTED,No,Possible Minor Injury,NA,Not Distracted,MD,Passenger Car,Negotiating a Curve,30,No,2007,TOYOTA,CAMRY,39.07426024,-77.1609903,2024,1,16
240002407,Property Damage Crash,01/15/2024 03:57:00 PM,UNIVERSITY BLVD E (WB/L),NA,Other,Snow,Snow,Daylight,Traffic Control Signal,NONE DETECTED,No,No Apparent Injury,"Swerved or Avoided Due to Wind, Slippery Surface, Motor Vehicle, Object, Non-Motorist in Roadway, etc, Too Fast For Conditions",Not Distracted,MD,Passenger Car,Slowing or Stopping,35,No,2014,KIA,FORTE,39.01564537,-77.00518003,2024,1,15
240002407,Property Damage Crash,01/15/2024 03:57:00 PM,UNIVERSITY BLVD E (WB/L),NA,Other,Snow,Snow,Daylight,Traffic Control Signal,NONE DETECTED,No,No Apparent Injury,NA,Not Distracted,MD,Bus - Transit,Stopped in Traffic,35,No,2021,NEW FLYER,TRANSIT BUS,39.01564537,-77.00518003,2024,1,15
240002401,Property Damage Crash,01/15/2024 03:44:00 PM,EMORY GROVE RD,NA,Single Vehicle,Snow,Snow,Daylight,No Controls,NONE DETECTED,No,No Apparent Injury,NA,Not Distracted,MD,Passenger Car,Moving Constant Speed,35,No,2009,ACURA,TSX,39.156105,-77.17803333,2024,1,15
240002405,Injury Crash,01/15/2024 03:41:00 PM,NA,NA,Other,Snow,Slush,Daylight,Pedestrian Crossing,NONE DETECTED,No,No Apparent Injury,"Other Improper Action, Too Fast For Conditions",Unknown,MD,Passenger Car,Changing Lanes,35,No,2023,CADILLAC,CTS,39.06933367,-77.11407298,2024,1,15
240002405,Injury Crash,01/15/2024 03:41:00 PM,NA,NA,Other,Snow,Slush,Daylight,Pedestrian Crossing,NONE DETECTED,No,Possible Minor Injury,NA,Not Distracted,MD,Passenger Car,Slowing or Stopping,35,No,2009,HONDA,CR-V,39.06933367,-77.11407298,2024,1,15
240002405,Injury Crash,01/15/2024 03:41:00 PM,NA,NA,Other,Snow,Slush,Daylight,Pedestrian Crossing,NONE DETECTED,No,No Apparent Injury,NA,Not Distracted,MD,Passenger Car,Slowing or Stopping,35,No,2007,TOYOTA,PRIUS,39.06933367,-77.11407298,2024,1,15
240002396,Property Damage Crash,01/15/2024 03:30:00 PM,GREAT SENECA HWY (SB/L),NA,Single Vehicle,Snow,Slush,Daylight,Traffic Control Signal,NONE DETECTED,No,No Apparent Injury,Too Fast For Conditions,Unknown,MD,Sport Utility Vehicle,Slowing or Stopping,45,No,2014,ACURA,MDX,39.13305139,-77.24487623,2024,1,15
240002393,Property Damage Crash,01/15/2024 03:15:00 PM,MONTROSE PKWY,NA,Single Vehicle,Snow,Snow,Daylight,No Controls,NONE DETECTED,No,No Apparent Injury,"Swerved or Avoided Due to Wind, Slippery Surface, Motor Vehicle, Object, Non-Motorist in Roadway, etc, Too Fast For Conditions",Unknown,NA,Passenger Car,Negotiating a Curve,35,No,2017,HONDA,ACCORD,39.05149319,-77.13456128,2024,1,15
240002390,Injury Crash,01/15/2024 02:47:00 PM,NA,NA,Other,Snow,Wet,Daylight,Traffic Control Signal,NONE DETECTED,No,No Apparent Injury,Other Improper Action,Unknown,MD,Sport Utility Vehicle,Moving Constant Speed,25,No,2023,VOLVO,XC60,38.98474358,-77.09672852,2024,1,14
240002390,Injury Crash,01/15/2024 02:47:00 PM,NA,NA,Other,Snow,Wet,Daylight,Traffic Control Signal,NONE DETECTED,No,Possible Minor Injury,Other Improper Action,Unknown,MD,Passenger Car,Moving Constant Speed,25,No,2013,BMW,320I,38.98474358,-77.09672852,2024,1,14
240002378,Property Damage Crash,01/15/2024 01:10:00 PM,GEORGIA AVE (SB/L),NA,Angle,Snow,Wet,Daylight,No Controls,NONE DETECTED,No,No Apparent Injury,NA,Not Distracted,DC,Pickup,Moving Constant Speed,35,No,2012,FORD,F-250,39.01065853,-77.04094651,2024,1,13
240002378,Property Damage Crash,01/15/2024 01:10:00 PM,GEORGIA AVE (SB/L),NA,Angle,Snow,Wet,Daylight,No Controls,NONE DETECTED,Yes,No Apparent Injury,Failed to Yield Right-of-Way,Not Distracted,MD,Passenger Car,Turning Left,35,No,2016,HONDA,ACCORD,39.01065853,-77.04094651,2024,1,13
240002376,Injury Crash,01/15/2024 01:00:00 PM,GEORGIA AVE (SB/L),NA,Rear To Rear,Snow,Snow,Daylight,No Controls,NONE DETECTED,No,No Apparent Injury,"Swerved or Avoided Due to Wind, Slippery Surface, Motor Vehicle, Object, Non-Motorist in Roadway, etc",Not Distracted,MD,Passenger Car,Negotiating a Curve,40,No,2007,JEEP,LIBERTY,39.1985015,-77.066078,2024,1,13
240002376,Injury Crash,01/15/2024 01:00:00 PM,GEORGIA AVE (SB/L),NA,Rear To Rear,Snow,Snow,Daylight,No Controls,NONE DETECTED,Yes,Possible Minor Injury,Ran Off Roadway,Not Distracted,MD,Passenger Car,Negotiating a Curve,40,No,2013,CHEVROLET,CRUZE,39.1985015,-77.066078,2024,1,13
24002350,Property Damage Crash,01/15/2024 10:05:00 AM,NA,NA,Single Vehicle,Snow,NA,Daylight,NA,NONE DETECTED,No,No Apparent Injury,Too Fast For Conditions,Not Distracted,MD,Sport Utility Vehicle,Slowing or Stopping,0,No,2020,LEXUS,NX,39.03331198,-77.20988809,2024,1,10
240002345,Property Damage Crash,01/15/2024 10:00:00 AM,RIO BLVD,NA,Single Vehicle,Snow,Ice/Frost,Daylight,No Controls,NONE DETECTED,Yes,No Apparent Injury,Too Fast For Conditions,Unknown,MD,Passenger Car,Moving Constant Speed,30,No,2023,HYUNDAI,TUCSON,39.11618683,-77.20299533,2024,1,10
240002339,Injury Crash,01/15/2024 09:37:00 AM,BRADLEY LA,NA,Front to Rear,Snow,Ice/Frost,Daylight,No Controls,NONE DETECTED,Yes,No Apparent Injury,Too Fast For Conditions,Not Distracted,MD,Sport Utility Vehicle,Moving Constant Speed,25,No,2019,LEXUS,UX,38.97669333,-77.07663833,2024,1,9
240002339,Injury Crash,01/15/2024 09:37:00 AM,BRADLEY LA,NA,Front to Rear,Snow,Ice/Frost,Daylight,No Controls,NONE DETECTED,No,Possible Minor Injury,NA,Not Distracted,MD,Sport Utility Vehicle,Stopped in Traffic,25,No,2023,VOLKSWAGEN,ATLAS CROSS SPORT,38.97669333,-77.07663833,2024,1,9
240002343,Property Damage Crash,01/15/2024 09:13:00 AM,SUTHERLAND RD,NA,Front to Rear,Snow,Ice/Frost,Daylight,No Controls,NONE DETECTED,Yes,No Apparent Injury,"Operated Motor Vehicle in Inattentive, Careless, Negligent, or Erratic Manner",Not Distracted,MD,Passenger Car,Moving Constant Speed,25,No,2013,VOLKSWAGEN,PASSAT,39.02568,-77.01232963,2024,1,9
240002343,Property Damage Crash,01/15/2024 09:13:00 AM,SUTHERLAND RD,NA,Front to Rear,Snow,Ice/Frost,Daylight,No Controls,NONE DETECTED,No,No Apparent Injury,NA,Not Distracted,PA,Sport Utility Vehicle,Stopped in Traffic,25,No,2008,HONDA,PILOT,39.02568,-77.01232963,2024,1,9
240009045,Property Damage Crash,01/15/2024 09:08:00 AM,BALTIMORE RD,NA,Front to Rear,Snow,Snow,Daylight,No Controls,NONE DETECTED,No,No Apparent Injury,"Swerved or Avoided Due to Wind, Slippery Surface, Motor Vehicle, Object, Non-Motorist in Roadway, etc",Not Distracted,MD,Pickup,Moving Constant Speed,30,No,2000,FORD,RANGER,39.08463748,-77.13738198,2024,1,9
240002388,Property Damage Crash,01/15/2024 09:00:00 AM,NA,NA,Single Vehicle,Snow,Snow,Daylight,No Controls,NONE DETECTED,No,No Apparent Injury,NA,Unknown,MD,Sport Utility Vehicle,Negotiating a Curve,25,No,2018,NISSAN,ROGUE,39.07529622,-77.15304648,2024,1,9
240002327,Property Damage Crash,01/15/2024 07:50:00 AM,WABASH AVE,NA,"Sideswipe, Opposite Direction",Snow,Snow,Daylight,No Controls,NONE DETECTED,Yes,No Apparent Injury,Too Fast For Conditions,Not Distracted,MD,Passenger Car,Moving Constant Speed,25,No,2001,CHEVROLET,EXPRESS,38.99398667,-77.00215483,2024,1,7
240002058,Property Damage Crash,01/15/2024 07:42:00 AM,NA,NA,Other,Clear,Dry,Daylight,No Controls,NONE DETECTED,No,No Apparent Injury,NA,Not Distracted,VA,Pickup,Backing,30,No,2018,FORD,F-350,38.9932412,-77.02934215,2024,1,7
240002325,Injury Crash,01/15/2024 07:19:00 AM,EAST WEST HWY,NA,Front to Rear,Snow,Slush,Daylight,Flashing Traffic Control Signal,NONE DETECTED,No,Possible Minor Injury,NA,Not Distracted,DC,Passenger Car,Slowing or Stopping,35,No,2020,TOYOTA,HIGHLANDER,38.99261681,-77.06085124,2024,1,7
240002325,Injury Crash,01/15/2024 07:19:00 AM,EAST WEST HWY,NA,Front to Rear,Snow,Slush,Daylight,Flashing Traffic Control Signal,NONE DETECTED,No,No Apparent Injury,NA,Not Distracted,MD,Passenger Car,Slowing or Stopping,35,No,2022,TOYOTA,CAMRY,38.99261681,-77.06085124,2024,1,7
240002324,Property Damage Crash,01/15/2024 07:15:00 AM,NA,NA,"Sideswipe, Same Direction",Snow,NA,Medium,NA,NONE DETECTED,Yes,No Apparent Injury,Improper Turn,Not Distracted,MD,Single-Unit Truck,Turning Right,0,No,2020,FORD,UNKNOWN,39.17099583,-77.15591322,2024,1,7
240002321,Property Damage Crash,01/15/2024 07:00:00 AM,W EDMONSTON DR,NA,Front to Front,Snow,Ice/Frost,Daylight,No Controls,NONE DETECTED,No,No Apparent Injury,NA,Not Distracted,MD,Bus - Transit,Stopped in Traffic,25,No,2020,GILLIG,CITY SUBURBAN BUS,39.07122903,-77.14465515,2024,1,7