Local Case Number,ACRS Report Type,Crash Date/Time,Road Name,Related Non-Motorist,Collision Type,Weather,Surface Condition,Light,Traffic Control,Driver Substance Abuse,Driver At Fault,Injury Severity,Circumstance,Driver Distracted By,Drivers License State,Vehicle Body Type,Vehicle Movement,Speed Limit,Driverless Vehicle,Vehicle Year,Vehicle Make,Vehicle Model,Latitude,Longitude,Year,Month,Hour
240002321,Property Damage Crash,01/15/2024 07:00:00 AM,W EDMONSTON DR,NA,Front to Front,Snow,Ice/Frost,Daylight,No Controls,NONE DETECTED,No,No Apparent Injury,NA,Not Distracted,MD,Passenger Car,Overtaking/Passing,25,No,2019,TOYOTA,CAMRY,39.07122903,-77.14465515,2024,1,7
240002321,Property Damage Crash,01/15/2024 07:00:00 AM,W EDMONSTON DR,NA,Front to Front,Snow,Ice/Frost,Daylight,No Controls,NONE DETECTED,No,No Apparent Injury,NA,Not Distracted,MD,Sport Utility Vehicle,Slowing or Stopping,25,No,2015,TOYOTA,RAV4,39.07122903,-77.14465515,2024,1,7
240002321,Property Damage Crash,01/15/2024 07:00:00 AM,W EDMONSTON DR,NA,Front to Front,Snow,Ice/Frost,Daylight,No Controls,NONE DETECTED,No,No Apparent Injury,NA,Not Distracted,MD,Sport Utility Vehicle,Slowing or Stopping,25,No,2020,FORD,ESCAPE,39.07122903,-77.14465515,2024,1,7
240002317,Injury Crash,01/15/2024 06:37:00 AM,TOWER OAKS BLVD,NA,Angle,Snow,Ice/Frost,Medium,No Controls,NONE DETECTED,No,Possible Minor Injury,NA,Not Distracted,VA,Passenger Car,Moving Constant Speed,40,No,2012,TOYOTA,CAMRY,39.05883448,-77.1526684,2024,1,6
240002317,Injury Crash,01/15/2024 06:37:00 AM,TOWER OAKS BLVD,NA,Angle,Snow,Ice/Frost,Medium,Traffic Control Signal,NONE DETECTED,Yes,No Apparent Injury,"Over-Correcting/Over-Steering, Ran Off Roadway, Swerved or Avoided Due to Wind, Slippery Surface, Motor Vehicle, Object, Non-Motorist in Roadway, etc, Too Fast For Conditions",Not Distracted,MD,Passenger Car,Slowing or Stopping,35,No,2018,TOYOTA,HIGHLANDER,39.05883448,-77.1526684,2024,1,6
240002315,Property Damage Crash,01/15/2024 06:36:00 AM,NA,NA,Single Vehicle,Snow,NA,Medium,Stop Sign,NONE DETECTED,Yes,No Apparent Injury,Too Fast For Conditions,Not Distracted,MD,Sport Utility Vehicle,Negotiating a Curve,5,No,2016,FORD,EXPLORER,39.1849673,-77.26355873,2024,1,6
240002320,Property Damage Crash,01/15/2024 06:33:00 AM,UNIVERSITY BLVD E (WB/L),NA,"Sideswipe, Same Direction",Snow,Wet,Medium,No Controls,NONE DETECTED,No,No Apparent Injury,"Over-Correcting/Over-Steering, Swerved or Avoided Due to Wind, Slippery Surface, Motor Vehicle, Object, Non-Motorist in Roadway, etc",Unknown,MD,Passenger Car,Changing Lanes,35,No,2006,TOYOTA,4-RUNNER,39.00152615,-76.99543205,2024,1,6
240002320,Property Damage Crash,01/15/2024 06:33:00 AM,UNIVERSITY BLVD E (WB/L),NA,"Sideswipe, Same Direction",Snow,Wet,Medium,No Controls,NONE DETECTED,No,No Apparent Injury,"Swerved or Avoided Due to Wind, Slippery Surface, Motor Vehicle, Object, Non-Motorist in Roadway, etc, Too Fast For Conditions",Unknown,NA,Unknown,NA,35,No,0,NA,NA,39.00152615,-76.99543205,2024,1,6
240002320,Property Damage Crash,01/15/2024 06:33:00 AM,UNIVERSITY BLVD E (WB/L),NA,"Sideswipe, Same Direction",Snow,Wet,Medium,No Controls,NONE DETECTED,No,No Apparent Injury,NA,Not Distracted,MD,Bus - Transit,Moving Constant Speed,35,No,2021,NEW FLYER,TRANSIT BUS,39.00152615,-76.99543205,2024,1,6
240002319,Property Damage Crash,01/15/2024 06:21:00 AM,RIVER RD,NA,Front to Rear,Snow,Snow,Dark,No Controls,NONE DETECTED,No,No Apparent Injury,NA,Not Distracted,MD,Passenger Car,Moving Constant Speed,35,No,2015,CHEVROLET,CAVALIER,38.9743319,-77.12404597,2024,1,6
240002319,Property Damage Crash,01/15/2024 06:21:00 AM,RIVER RD,NA,Front to Rear,Snow,Snow,Dark,No Controls,NONE DETECTED,No,No Apparent Injury,NA,Not Distracted,MD,Passenger Car,Moving Constant Speed,35,No,2017,CHEVROLET,SPARK,38.9743319,-77.12404597,2024,1,6
240002318,Injury Crash,01/15/2024 06:17:00 AM,BRAEBURN PKWY,NA,Front to Rear,Snow,Ice/Frost,Dark,No Controls,NONE DETECTED,Yes,No Apparent Injury,"Other Improper Action, Too Fast For Conditions",Not Distracted,MD,Passenger Car,Moving Constant Speed,35,No,2019,LEXUS,NX,38.98024001,-77.13354015,2024,1,6
240002318,Injury Crash,01/15/2024 06:17:00 AM,BRAEBURN PKWY,NA,Front to Rear,Snow,Ice/Frost,Dark,No Controls,NONE DETECTED,No,Possible Minor Injury,NA,Not Distracted,MD,Passenger Car,Slowing or Stopping,35,No,2018,JEEP,CHEROKEE,38.98024001,-77.13354015,2024,1,6
240002316,Property Damage Crash,01/15/2024 06:15:00 AM,PICCARD DR (SB/L),NA,Single Vehicle,Snow,Snow,Medium,No Controls,NONE DETECTED,No,No Apparent Injury,NA,Not Distracted,MD,Passenger Car,Moving Constant Speed,30,No,2021,TOYOTA,COROLLA,39.10860066,-77.18168383,2024,1,6
240002316,Property Damage Crash,01/15/2024 06:15:00 AM,PICCARD DR (SB/L),NA,Single Vehicle,Snow,Snow,Medium,No Controls,NONE DETECTED,No,No Apparent Injury,NA,Not Distracted,MD,Passenger Car,Moving Constant Speed,30,No,2019,NISSAN,ALTIMA,39.10860066,-77.18168383,2024,1,6
240002313,Property Damage Crash,01/15/2024 06:10:00 AM,NA,NA,Single Vehicle,Snow,Ice/Frost,Medium,No Controls,NONE DETECTED,Yes,No Apparent Injury,"Swerved or Avoided Due to Wind, Slippery Surface, Motor Vehicle, Object, Non-Motorist in Roadway, etc",Not Distracted,MD,Other,Changing Lanes,25,No,2016,FORD,TAURUS,39.11478968,-77.2379355,2024,1,6
240002312,Injury Crash,01/15/2024 06:09:00 AM,RAMP 5 FR IS 270 SB TO MD 28 EB,NA,Front to Rear,Snow,Ice/Frost,Medium,Traffic Control Signal,NONE DETECTED,No,No Apparent Injury,Too Fast For Conditions,Not Distracted,MD,Passenger Car,Slowing or Stopping,20,No,2004,INFINITI,G35,39.08763744,-77.17623408,2024,1,6
240002312,Injury Crash,01/15/2024 06:09:00 AM,RAMP 5 FR IS 270 SB TO MD 28 EB,NA,Front to Rear,Snow,Ice/Frost,Medium,Traffic Control Signal,NONE DETECTED,No,Possible Minor Injury,NA,Not Distracted,MD,Passenger Car,Slowing or Stopping,20,No,2020,TOYOTA,COROLLA,39.08763744,-77.17623408,2024,1,6
240002314,Property Damage Crash,01/15/2024 05:58:00 AM,KEY WEST AVE (WB/L),NA,Single Vehicle,Snow,Snow,Medium,Traffic Control Signal,NONE DETECTED,Yes,No Apparent Injury,"Swerved or Avoided Due to Wind, Slippery Surface, Motor Vehicle, Object, Non-Motorist in Roadway, etc, Too Fast For Conditions",Not Distracted,MD,Passenger Car,Turning Right,35,No,2016,TOYOTA,COROLLA,39.10560892,-77.19628017,2024,1,5
230002311,Property Damage Crash,01/15/2024 05:45:00 AM,W EDMONSTON DR (NB/L),NA,Single Vehicle,Snow,Ice/Frost,Medium,Lane Use Control Signal,NONE DETECTED,No,No Apparent Injury,Too Fast For Conditions,Unknown,MD,Passenger Car,Turning Right,40,No,2012,FORD,FOCUS,39.07268192,-77.13836843,2024,1,5
240002310,Injury Crash,01/15/2024 05:43:00 AM,NORBECK RD,NA,Rear To Side,Snow,Ice/Frost,Dark,Traffic Control Signal,NONE DETECTED,No,No Apparent Injury,NA,Not Distracted,MD,Passenger Car,Moving Constant Speed,40,No,2020,HONDA,CIVIC,39.11892303,-77.02112643,2024,1,5
240002310,Injury Crash,01/15/2024 05:43:00 AM,NORBECK RD,NA,Rear To Side,Snow,Ice/Frost,Dark,Traffic Control Signal,NONE DETECTED,Yes,No Apparent Injury,Too Fast For Conditions,Not Distracted,MD,Passenger Car,Slowing or Stopping,40,No,2012,CHEVROLET,CRUZE,39.11892303,-77.02112643,2024,1,5
240002328,Property Damage Crash,01/15/2024 05:30:00 AM,WARFIELD RD,NA,Single Vehicle,Snow,Ice/Frost,Dark,No Controls,NONE DETECTED,Yes,No Apparent Injury,NA,Not Distracted,MD,Passenger Car,Negotiating a Curve,30,No,2017,FORD,TAURUS,39.19751614,-77.14414429,2024,1,5
240002309,Property Damage Crash,01/15/2024 05:24:00 AM,ASHLEY DR,NA,Single Vehicle,Snow,Snow,Medium,No Controls,NONE DETECTED,Yes,No Apparent Injury,"Over-Correcting/Over-Steering, Too Fast For Conditions",Not Distracted,MD,Passenger Car,Negotiating a Curve,25,No,2017,TOYOTA,COROLLA,39.04099577,-77.09478902,2024,1,5
240002308,Property Damage Crash,01/15/2024 05:20:00 AM,QUINCE ORCHARD BLVD (EB/L),NA,Single Vehicle,Snow,Snow,Medium,Stop Sign,NONE DETECTED,Yes,No Apparent Injury,NA,Not Distracted,MD,Passenger Car,Moving Constant Speed,30,No,2017,BMW,X5,39.1348783,-77.22561295,2024,1,5
240002306,Injury Crash,01/15/2024 04:45:00 AM,NA,NA,Rear To Side,Snow,Snow,Medium,No Controls,NONE DETECTED,No,Possible Minor Injury,NA,Not Distracted,MD,Sport Utility Vehicle,Moving Constant Speed,40,No,2015,BMW,X1,39.10103988,-77.21596663,2024,1,4
240002306,Injury Crash,01/15/2024 04:45:00 AM,NA,NA,Rear To Side,Snow,Snow,Medium,Stop Sign,NONE DETECTED,Yes,No Apparent Injury,Failed to Yield Right-of-Way,Unknown,MD,Van - Passenger (&lt;9 Seats),Moving Constant Speed,40,No,2008,DODGE,CARAVAN,39.10103988,-77.21596663,2024,1,4
240002307,Property Damage Crash,01/15/2024 04:33:00 AM,WOODFIELD RD,NA,Single Vehicle,Snow,Snow,Medium,No Controls,NONE DETECTED,Yes,No Apparent Injury,Ran Off Roadway,Not Distracted,MD,Sport Utility Vehicle,Moving Constant Speed,45,No,2021,HYUNDAI,PALISADE,39.19487333,-77.15311667,2024,1,4
240002289,Property Damage Crash,01/14/2024 10:19:00 PM,NA,NA,Other,Clear,NA,Medium,NA,NONE DETECTED,No,NA,NA,NA,NA,Passenger Car,NA,0,No,2006,HONDA,ACCORD,39.05693237,-77.1065568,2024,1,22
240002288,Property Damage Crash,01/14/2024 10:16:00 PM,INSLEY ST,NA,"Sideswipe, Same Direction",Clear,Dry,Medium,No Controls,NONE DETECTED,No,No Apparent Injury,"Other Improper Action, Too Fast For Conditions",Unknown,MD,Passenger Car,Moving Constant Speed,25,No,2015,NISSAN,SENTRA,39.02824666,-77.05403148,2024,1,22
240002286,Property Damage Crash,01/14/2024 09:40:00 PM,AVERY RD,NA,Single Vehicle,Clear,Ice/Frost,Dark,No Controls,NONE DETECTED,No,No Apparent Injury,"Over-Correcting/Over-Steering, Ran Off Roadway, Swerved or Avoided Due to Wind, Slippery Surface, Motor Vehicle, Object, Non-Motorist in Roadway, etc",Not Distracted,MD,Pickup,Accelerating,25,No,2019,RAM,2500,39.09926949,-77.12529592,2024,1,21
240002282,Property Damage Crash,01/14/2024 09:29:00 PM,DALEWOOD DR,NA,Front to Rear,Clear,Dry,Medium,No Controls,NONE DETECTED,No,No Apparent Injury,NA,Unknown,DC,Passenger Car,Backing,25,No,2013,NISSAN,ALTIMA,39.05313677,-77.0728447,2024,1,21
240002280,Property Damage Crash,01/14/2024 08:41:00 PM,NA,NA,Angle,Clear,NA,Medium,NA,NONE DETECTED,No,No Apparent Injury,NA,Not Distracted,MD,Passenger Car,Accelerating,0,No,2021,NISSAN,SENTRA,39.04916865,-76.98016829,2024,1,20
240002280,Property Damage Crash,01/14/2024 08:41:00 PM,NA,NA,Angle,Clear,NA,Medium,NA,NONE DETECTED,No,No Apparent Injury,NA,Not Distracted,MD,Sport Utility Vehicle,Moving Constant Speed,0,No,2012,LINCOLN,NAVIGATOR,39.04916865,-76.98016829,2024,1,20
240002276,Property Damage Crash,01/14/2024 08:26:00 PM,ROCKVILLE PIKE (SB/L),NA,Front to Rear,Clear,Dry,Dark,Traffic Control Signal,ALCOHOL PRESENT,Yes,No Apparent Injury,"Operated Motor Vehicle in Inattentive, Careless, Negligent, or Erratic Manner, Other Improper Action",Unknown,NY,Passenger Car,Slowing or Stopping,35,No,2014,FORD,FOCUS,39.01667082,-77.10137967,2024,1,20
240002276,Property Damage Crash,01/14/2024 08:26:00 PM,ROCKVILLE PIKE (SB/L),NA,Front to Rear,Clear,Dry,Dark,Traffic Control Signal,NONE DETECTED,No,No Apparent Injury,NA,Not Distracted,MD,Passenger Car,Stopped in Traffic,35,No,2003,TOYOTA,CAMRY,39.01667082,-77.10137967,2024,1,20
240002271,Injury Crash,01/14/2024 06:46:00 PM,NA,Pedestrian,Single Vehicle,Clear,Dry,Medium,Pedestrian Crossing,NONE DETECTED,No,No Apparent Injury,NA,Not Distracted,MD,Passenger Car,Moving Constant Speed,40,No,1997,HONDA,ACCORD,39.13670597,-77.2057709,2024,1,18
240002263,Property Damage Crash,01/14/2024 05:14:00 PM,BURNT MILLS AVE,NA,Front to Front,Clear,Dry,Daylight,Traffic Control Signal,NONE DETECTED,No,No Apparent Injury,NA,Not Distracted,MD,Sport Utility Vehicle,Turning Left,40,No,2011,FORD,EXPLORER,39.036304,-77.00030583,2024,1,17
240002263,Property Damage Crash,01/14/2024 05:14:00 PM,BURNT MILLS AVE,NA,Front to Front,Clear,Dry,Daylight,Traffic Control Signal,NONE DETECTED,No,No Apparent Injury,NA,Not Distracted,MD,Sport Utility Vehicle,Stopped in Traffic,25,No,2021,SUBARU,CROSSTREK,39.036304,-77.00030583,2024,1,17
240002263,Property Damage Crash,01/14/2024 05:14:00 PM,BURNT MILLS AVE,NA,Front to Front,Clear,Dry,Daylight,Traffic Control Signal,NONE DETECTED,No,No Apparent Injury,NA,Not Distracted,MD,Sport Utility Vehicle,Moving Constant Speed,40,No,2023,VOLKSWAGEN,TIGUAN,39.036304,-77.00030583,2024,1,17
240002261,Property Damage Crash,01/14/2024 05:00:00 PM,RIDGE RD (SB/L),NA,Single Vehicle,Rain,Ice/Frost,Medium,No Controls,NONE DETECTED,No,No Apparent Injury,NA,Not Distracted,AK,Pickup,Negotiating a Curve,30,No,2008,TOYOTA,TACOMA,39.29705522,-77.20374535,2024,1,17
240002255,Property Damage Crash,01/14/2024 04:09:00 PM,ATHERTON DR,NA,"Sideswipe, Opposite Direction",Clear,Dry,Daylight,No Controls,NONE DETECTED,No,No Apparent Injury,NA,Not Distracted,MD,Passenger Car,Slowing or Stopping,15,No,2014,HYUNDAI,ACCENT,39.0670845,-77.07507783,2024,1,16
240002255,Property Damage Crash,01/14/2024 04:09:00 PM,ATHERTON DR,NA,"Sideswipe, Opposite Direction",Clear,Dry,Daylight,No Controls,NONE DETECTED,No,No Apparent Injury,NA,Unknown,MD,Passenger Car,Turning Right,15,No,2009,TOYOTA,CAMRY,39.0670845,-77.07507783,2024,1,16
240002256,Property Damage Crash,01/14/2024 03:53:00 PM,CEDAR ST,NA,"Sideswipe, Same Direction",Clear,Dry,Daylight,No Controls,NONE DETECTED,Yes,No Apparent Injury,"Failed to Keep in Proper Lane, Improper Turn, Operated Motor Vehicle in Inattentive, Careless, Negligent, or Erratic Manner",Unknown,NA,Passenger Car,Turning Right,20,No,2015,TOYOTA,CAMRY,38.99447558,-77.01756922,2024,1,15
240002253,Property Damage Crash,01/14/2024 03:44:00 PM,ANNAPOLIS ROCK RD,NA,Rear To Side,Clear,Dry,Daylight,Stop Sign,NONE DETECTED,Yes,No Apparent Injury,Ran Stop Sign,Not Distracted,MD,Passenger Car,Slowing or Stopping,35,No,2016,LINCOLN,MKZ,39.26922833,-77.15239833,2024,1,15
240002253,Property Damage Crash,01/14/2024 03:44:00 PM,ANNAPOLIS ROCK RD,NA,Rear To Side,Clear,Dry,Daylight,No Controls,NONE DETECTED,No,No Apparent Injury,NA,Not Distracted,PA,Pickup,Moving Constant Speed,50,No,2022,FORD,F-350,39.26922833,-77.15239833,2024,1,15
240002655,Property Damage Crash,01/14/2024 03:40:00 PM,SUMMER OAK DR,NA,"Sideswipe, Same Direction",Cloudy,Dry,Daylight,No Controls,NONE DETECTED,No,NA,NA,NA,NA,Passenger Car,Moving Constant Speed,25,No,2020,FORD,RANGER,39.16488248,-77.24426136,2024,1,15
240002245,Injury Crash,01/14/2024 02:25:00 PM,NA,NA,Front to Rear,Clear,Dry,Daylight,Traffic Control Signal,NONE DETECTED,No,No Apparent Injury,"Followed Too Closely, Too Fast For Conditions",Unknown,NA,Passenger Car,Moving Constant Speed,30,No,2015,JEEP,CHEROKEE,39.14614574,-77.20388149,2024,1,14
240002245,Injury Crash,01/14/2024 02:25:00 PM,NA,NA,Front to Rear,Clear,Dry,Daylight,Traffic Control Signal,NONE DETECTED,No,Possible Minor Injury,NA,Not Distracted,MD,Passenger Car,Stopped in Traffic,30,No,2022,TOYOTA,COROLLA CROSS,39.14614574,-77.20388149,2024,1,14
240002244,Injury Crash,01/14/2024 02:00:00 PM,NA,NA,Angle,Clear,Dry,Daylight,Stop Sign,NONE DETECTED,No,No Apparent Injury,NA,Not Distracted,MD,Bus - Transit,Accelerating,25,No,2013,NEW FLYER,XCELSIOR,39.1009298,-77.0743848,2024,1,14
240002244,Injury Crash,01/14/2024 02:00:00 PM,NA,NA,Angle,Clear,Dry,Daylight,Stop Sign,NONE DETECTED,No,Possible Minor Injury,NA,Unknown,MD,Passenger Car,Accelerating,25,No,2009,MERCEDES-BENZ,350,39.1009298,-77.0743848,2024,1,14
240002233,Property Damage Crash,01/14/2024 12:39:00 PM,GALT AVE,NA,"Sideswipe, Same Direction",Snow,Dry,Daylight,No Controls,ALCOHOL PRESENT,Yes,No Apparent Injury,NA,Unknown,MD,Sport Utility Vehicle,Turning Right,25,No,2016,CHEVROLET,SILVERADO,39.04176773,-77.05809765,2024,1,12
240002228,Property Damage Crash,01/14/2024 12:01:00 PM,NA,Unknown Type Of Non-Motorist,Single Vehicle,Clear,NA,Daylight,NA,NONE DETECTED,No,No Apparent Injury,Other Improper Action,Not Distracted,MD,Passenger Car,Accelerating,0,No,2024,VOLVO,XC40,38.9657486,-77.104895,2024,1,12
240002224,Property Damage Crash,01/14/2024 11:46:00 AM,NA,NA,Front to Rear,Snow,Wet,Daylight,No Controls,NONE DETECTED,No,No Apparent Injury,NA,"Other Action (looking away from task, etc.)",DC,Passenger Car,Stopped in Traffic,30,No,2017,FORD,FOCUS,38.97904107,-77.0986937,2024,1,11
240002224,Property Damage Crash,01/14/2024 11:46:00 AM,NA,NA,Front to Rear,Snow,Wet,Daylight,No Controls,NONE DETECTED,No,No Apparent Injury,NA,Not Distracted,MI,Passenger Car,Stopped in Traffic,30,No,2015,LEXUS,RX,38.97904107,-77.0986937,2024,1,11
240002212,Property Damage Crash,01/14/2024 10:30:00 AM,NA,NA,Front to Rear,Cloudy,NA,Daylight,NA,NONE DETECTED,No,No Apparent Injury,NA,Unknown,NA,Sport Utility Vehicle,NA,0,No,2003,GMC,YUKON,39.17785808,-77.27011306,2024,1,10
240002208,Property Damage Crash,01/14/2024 09:57:00 AM,W EDMONSTON DR,NA,"Sideswipe, Opposite Direction",Clear,Dry,Daylight,Traffic Control Signal,NONE DETECTED,No,No Apparent Injury,NA,Not Distracted,MD,Passenger Car,Turning Left,45,No,2010,TOYOTA,COROLLA,39.07444238,-77.13581303,2024,1,9
240002208,Property Damage Crash,01/14/2024 09:57:00 AM,W EDMONSTON DR,NA,"Sideswipe, Opposite Direction",Clear,Dry,Daylight,Traffic Control Signal,NONE DETECTED,No,No Apparent Injury,NA,Not Distracted,MD,Passenger Car,Accelerating,45,No,2009,BMW,335I,39.07444238,-77.13581303,2024,1,9
240002209,Property Damage Crash,01/14/2024 09:53:00 AM,GEORGIA AVE,NA,Front to Rear,Clear,Dry,Daylight,No Controls,NONE DETECTED,No,No Apparent Injury,NA,Not Distracted,MD,Passenger Car,Stopped in Traffic,30,No,2005,JEEP,GRAND CHEROKEE,39.0301931,-77.04769084,2024,1,9
240002209,Property Damage Crash,01/14/2024 09:53:00 AM,GEORGIA AVE,NA,Front to Rear,Clear,Dry,Daylight,No Controls,NONE DETECTED,No,No Apparent Injury,NA,Not Distracted,MD,Passenger Car,Stopped in Traffic,30,No,2017,HONDA,C125 (SUPER CUB),39.0301931,-77.04769084,2024,1,9
240002209,Property Damage Crash,01/14/2024 09:53:00 AM,GEORGIA AVE,NA,Front to Rear,Clear,Dry,Daylight,No Controls,NONE DETECTED,No,No Apparent Injury,"Followed Too Closely, Too Fast For Conditions","Other Action (looking away from task, etc.)",NY,Pickup,Moving Constant Speed,30,No,2017,FORD,F-250,39.0301931,-77.04769084,2024,1,9
240002188,Property Damage Crash,01/14/2024 02:01:00 AM,NA,NA,Single Vehicle,Clear,NA,Medium,NA,NONE DETECTED,No,NA,NA,NA,NA,Passenger Car,NA,0,No,2013,HYUNDAI,ELANTRA,39.16542729,-77.2105083,2024,1,2
240002174,Property Damage Crash,01/13/2024 11:54:00 PM,MONTGOMERY AVE,NA,Angle,Clear,Dry,Medium,Traffic Control Signal,NONE DETECTED,No,No Apparent Injury,NA,Not Distracted,VA,Passenger Car,Moving Constant Speed,25,No,2012,VOLKSWAGEN,PASSAT,38.98385979,-77.0925855,2024,1,23
240002174,Property Damage Crash,01/13/2024 11:54:00 PM,MONTGOMERY AVE,NA,Angle,Clear,Dry,Medium,Traffic Control Signal,NONE DETECTED,No,No Apparent Injury,NA,Not Distracted,VA,Sport Utility Vehicle,Moving Constant Speed,25,No,2023,CHEVROLET,VOLT,38.98385979,-77.0925855,2024,1,23
240002173,Property Damage Crash,01/13/2024 11:48:00 PM,WATERFORD RD,NA,"Sideswipe, Same Direction",Clear,Dry,Medium,No Controls,ALCOHOL PRESENT,No,No Apparent Injury,NA,Not Distracted,MD,Passenger Car,Moving Constant Speed,15,No,2013,HYUNDAI,SONATA,39.0168135,-77.00363333,2024,1,23
240002167,Property Damage Crash,01/13/2024 10:30:00 PM,ALLEY #1,NA,"Sideswipe, Same Direction",Clear,Dry,Medium,No Controls,ALCOHOL PRESENT,Yes,No Apparent Injury,NA,Unknown,MD,Passenger Car,Moving Constant Speed,15,No,2014,HONDA,CR-V,39.14344812,-77.19504667,2024,1,22
240002171,Property Damage Crash,01/13/2024 10:27:00 PM,CHERRY HILL RD,NA,Front to Front,Clear,Dry,Dark,No Controls,NONE DETECTED,Yes,No Apparent Injury,"Failed to Keep in Proper Lane, Improper Turn",Unknown,MD,All-Terrain Vehicle/All-Terrain Cycle (ATV/ATC),Entering Traffic Lane,0,No,2002,FORD,EXPLORER,39.0498424,-76.95246072,2024,1,22
240002171,Property Damage Crash,01/13/2024 10:27:00 PM,CHERRY HILL RD,NA,Front to Front,Clear,Dry,Dark,No Controls,NONE DETECTED,No,No Apparent Injury,NA,Not Distracted,MD,Passenger Car,Slowing or Stopping,35,No,2016,NISSAN,VERSA,39.0498424,-76.95246072,2024,1,22
240002165,Injury Crash,01/13/2024 10:03:00 PM,MONTGOMERY VILLAGE AVE,NA,Front to Front,Clear,Dry,Medium,Traffic Control Signal,NONE DETECTED,No,No Apparent Injury,NA,Not Distracted,NA,Passenger Car,Moving Constant Speed,35,No,2017,VOLKSWAGEN,GOLF,39.15257804,-77.2118877,2024,1,22
240002165,Injury Crash,01/13/2024 10:03:00 PM,MONTGOMERY VILLAGE AVE,NA,Front to Front,Clear,Dry,Medium,Traffic Control Signal,NONE DETECTED,Yes,No Apparent Injury,Failed to Yield Right-of-Way,Not Distracted,MD,Passenger Car,Turning Left,35,No,2006,BMW,UT,39.15257804,-77.2118877,2024,1,22
240002170,Injury Crash,01/13/2024 09:55:00 PM,VEIRS MILL RD,NA,Front to Rear,Clear,Dry,Medium,Pedestrian Crossing Sign,NONE DETECTED,No,Possible Minor Injury,NA,Not Distracted,MD,Sport Utility Vehicle,Stopped in Traffic,45,No,2010,HONDA,CR-V,39.06093536,-77.09111856,2024,1,21
240002170,Injury Crash,01/13/2024 09:55:00 PM,VEIRS MILL RD,NA,Front to Rear,Clear,Dry,Medium,Intersection Ahead Warning Sign,NONE DETECTED,No,Possible Minor Injury,NA,Not Distracted,MD,Sport Utility Vehicle,Stopped in Traffic,45,No,2022,FORD,BRONCO,39.06093536,-77.09111856,2024,1,21
240002170,Injury Crash,01/13/2024 09:55:00 PM,VEIRS MILL RD,NA,Front to Rear,Clear,Dry,Medium,Pedestrian Crossing Sign,NONE DETECTED,No,Possible Minor Injury,NA,Not Distracted,MD,Passenger Car,Stopped in Traffic,45,No,2015,NISSAN,VERSA,39.06093536,-77.09111856,2024,1,21
240002170,Injury Crash,01/13/2024 09:55:00 PM,VEIRS MILL RD,NA,Front to Rear,Clear,Dry,Medium,Pedestrian Crossing Sign,NONE DETECTED,No,No Apparent Injury,NA,Not Distracted,MD,Sport Utility Vehicle,Stopped in Traffic,45,No,2016,HYUNDAI,SANTA FE,39.06093536,-77.09111856,2024,1,21
240002170,Injury Crash,01/13/2024 09:55:00 PM,VEIRS MILL RD,NA,Front to Rear,Clear,Dry,Medium,Pedestrian Crossing Sign,NONE DETECTED,No,Possible Minor Injury,NA,Unknown,MD,Sport Utility Vehicle,Moving Constant Speed,45,No,2007,ACURA,RDX,39.06093536,-77.09111856,2024,1,21
240002170,Injury Crash,01/13/2024 09:55:00 PM,VEIRS MILL RD,NA,Front to Rear,Clear,Dry,Medium,Pedestrian Crossing Sign,NONE DETECTED,No,Possible Minor Injury,NA,Unknown,MD,Sport Utility Vehicle,Stopped in Traffic,45,No,2019,TOYOTA,HIGHLANDER,39.06093536,-77.09111856,2024,1,21
240002170,Injury Crash,01/13/2024 09:55:00 PM,VEIRS MILL RD,NA,Front to Rear,Clear,Dry,Medium,Pedestrian Crossing Sign,NONE DETECTED,No,Possible Minor Injury,NA,Not Distracted,MD,Passenger Car,Stopped in Traffic,45,No,2006,ACURA,TSX,39.06093536,-77.09111856,2024,1,21