Local Case Number,ACRS Report Type,Crash Date/Time,Road Name,Related Non-Motorist,Collision Type,Weather,Surface Condition,Light,Traffic Control,Driver Substance Abuse,Driver At Fault,Injury Severity,Circumstance,Driver Distracted By,Drivers License State,Vehicle Body Type,Vehicle Movement,Speed Limit,Driverless Vehicle,Vehicle Year,Vehicle Make,Vehicle Model,Latitude,Longitude,Year,Month,Hour
240002164,Property Damage Crash,01/13/2024 09:28:00 PM,FAIRLAND RD,NA,Angle,Clear,Dry,Medium,Traffic Control Signal,NONE DETECTED,No,No Apparent Injury,Failed to Yield Right-of-Way,Unknown,MD,Passenger Car,Turning Left,40,No,2020,KIA,SOUL,39.07560125,-76.99398576,2024,1,21
240002164,Property Damage Crash,01/13/2024 09:28:00 PM,FAIRLAND RD,NA,Angle,Clear,Dry,Medium,Traffic Control Signal,NONE DETECTED,No,No Apparent Injury,NA,Not Distracted,MD,Passenger Car,Moving Constant Speed,40,No,2013,HONDA,ACCORD,39.07560125,-76.99398576,2024,1,21
240002161,Property Damage Crash,01/13/2024 09:00:00 PM,GERMANTOWN RD (SB/L),NA,Front to Rear,Rain,Ice/Frost,Medium,Traffic Control Signal,NONE DETECTED,No,No Apparent Injury,NA,Not Distracted,MD,Passenger Car,Slowing or Stopping,45,No,2018,HONDA,DEL SOL,39.18335889,-77.25709576,2024,1,21
240002161,Property Damage Crash,01/13/2024 09:00:00 PM,GERMANTOWN RD (SB/L),NA,Front to Rear,Rain,Ice/Frost,Medium,Traffic Control Signal,NONE DETECTED,No,No Apparent Injury,NA,Not Distracted,MD,Passenger Car,Slowing or Stopping,45,No,2016,HYUNDAI,GENESIS,39.18335889,-77.25709576,2024,1,21
240002154,Injury Crash,01/13/2024 08:07:00 PM,VEIRS MILL RD (WB/L),NA,Angle,Clear,Dry,Medium,No Controls,NONE DETECTED,No,Possible Minor Injury,NA,Not Distracted,MD,Passenger Car,Moving Constant Speed,35,No,2013,HONDA,ACCORD,39.03943167,-77.054203330000007,2024,1,20
240002154,Injury Crash,01/13/2024 08:07:00 PM,VEIRS MILL RD (WB/L),NA,Angle,Clear,Dry,Medium,Stop Sign,NONE DETECTED,Yes,No Apparent Injury,Failed to Yield Right-of-Way,Unknown,MD,Passenger Car,Accelerating,35,No,2015,TOYOTA,CAMRY,39.03943167,-77.054203330000007,2024,1,20
240002159,Property Damage Crash,01/13/2024 07:45:00 PM,NA,NA,"Sideswipe, Opposite Direction",Clear,NA,Medium,NA,NONE DETECTED,No,NA,NA,NA,NA,Unknown,NA,0,No,2024,JEEP,UNKNOWN,39.07590341,-77.13681285,2024,1,19
240002155,Property Damage Crash,01/13/2024 07:36:00 PM,NA,NA,"Sideswipe, Same Direction",Clear,NA,Medium,NA,NONE DETECTED,No,No Apparent Injury,Too Fast For Conditions,Unknown,NA,Unknown,NA,0,No,0,NA,NA,39.14800186,-77.27657628,2024,1,19
240002151,Property Damage Crash,01/13/2024 07:19:00 PM,NA,NA,Front to Rear,Clear,Dry,Dark,Traffic Control Signal,NONE DETECTED,No,No Apparent Injury,NA,Not Distracted,MD,Passenger Car,Slowing or Stopping,35,No,2023,CHEVROLET,TRAILBLAZER,39.15284616,-77.19243845,2024,1,19
240002151,Property Damage Crash,01/13/2024 07:19:00 PM,NA,NA,Front to Rear,Clear,Dry,Dark,No Controls,NONE DETECTED,No,No Apparent Injury,Other Improper Action,Not Distracted,MD,Passenger Car,Entering Traffic Lane,35,No,2018,KIA,OPTIMA,39.15284616,-77.19243845,2024,1,19
240002150,Property Damage Crash,01/13/2024 07:05:00 PM,VEIRS MILL RD (WB/L),NA,Other,Clear,Dry,Medium,No Controls,NONE DETECTED,No,No Apparent Injury,NA,Not Distracted,MD,Passenger Car,Moving Constant Speed,35,No,2021,VOLKSWAGEN,JETTA,39.05105493,-77.07362258,2024,1,19
240002150,Property Damage Crash,01/13/2024 07:05:00 PM,VEIRS MILL RD (WB/L),NA,Other,Clear,Dry,Medium,No Controls,NONE DETECTED,No,No Apparent Injury,NA,Unknown,MD,Passenger Car,Turning Right,25,No,2019,HYUNDAI,TUCSON,39.05105493,-77.07362258,2024,1,19
240002139,Injury Crash,01/13/2024 06:15:00 PM,GEORGIA AVE (SB/L),NA,"Sideswipe, Opposite Direction",Clear,Dry,Medium,Traffic Control Signal,NONE DETECTED,No,No Apparent Injury,NA,Not Distracted,MD,Sport Utility Vehicle,Stopped in Traffic,25,No,2018,HONDA,PILOT,39.08754224,-77.07954934,2024,1,18
240002139,Injury Crash,01/13/2024 06:15:00 PM,GEORGIA AVE (SB/L),NA,"Sideswipe, Opposite Direction",Clear,Dry,Medium,Traffic Control Signal,NONE DETECTED,No,Possible Minor Injury,NA,Not Distracted,MD,Passenger Car,Stopped in Traffic,25,No,2019,HYUNDAI,ELANTRA,39.08754224,-77.07954934,2024,1,18
240002139,Injury Crash,01/13/2024 06:15:00 PM,GEORGIA AVE (SB/L),NA,"Sideswipe, Opposite Direction",Clear,Dry,Medium,Traffic Control Signal,NONE DETECTED,No,Possible Minor Injury,NA,Not Distracted,MD,Passenger Car,Turning Left,35,No,2014,MERCEDES-BENZ,A-CLASS,39.08754224,-77.07954934,2024,1,18
240002139,Injury Crash,01/13/2024 06:15:00 PM,GEORGIA AVE (SB/L),NA,"Sideswipe, Opposite Direction",Clear,Dry,Medium,Traffic Control Signal,NONE DETECTED,No,No Apparent Injury,NA,Not Distracted,MD,Pickup,Moving Constant Speed,35,No,2001,TOYOTA,TACOMA,39.08754224,-77.07954934,2024,1,18
240002138,Injury Crash,01/13/2024 05:56:00 PM,MONROE PL,NA,Front to Rear,Clear,Dry,Medium,No Controls,NONE DETECTED,No,Possible Minor Injury,NA,Not Distracted,MD,Passenger Car,Turning Left,20,No,2019,HONDA,FIT,39.08356155,-77.14762833,2024,1,17
240002138,Injury Crash,01/13/2024 05:56:00 PM,MONROE PL,NA,Front to Rear,Clear,Dry,Medium,No Controls,NONE DETECTED,No,No Apparent Injury,NA,Unknown,MD,Van - Cargo,Moving Constant Speed,20,No,2018,RAM,PROMASTER 2500,39.08356155,-77.14762833,2024,1,17
240002135,Injury Crash,01/13/2024 05:34:00 PM,RAMP 1 FR IS 270 NB TO SHADY GROVE RD WB,NA,Front to Front,Clear,Dry,Medium,No Controls,NONE DETECTED,No,No Apparent Injury,"Failed to Yield Right-of-Way, Operated Motor Vehicle in Inattentive, Careless, Negligent, or Erratic Manner, Ran Red Light, Too Fast For Conditions",Unknown,MD,Passenger Car,Moving Constant Speed,35,No,2021,HONDA,ACCORD,39.11184716,-77.18703075,2024,1,17
240002135,Injury Crash,01/13/2024 05:34:00 PM,RAMP 1 FR IS 270 NB TO SHADY GROVE RD WB,NA,Front to Front,Clear,Dry,Medium,Traffic Control Signal,NONE DETECTED,No,Possible Minor Injury,NA,Not Distracted,NC,Passenger Car,Accelerating,25,No,2013,TOYOTA,AVALON,39.11184716,-77.18703075,2024,1,17
240002117,Property Damage Crash,01/13/2024 03:20:00 PM,ORCHARD RIDGE DR,NA,Front to Front,Clear,Dry,Daylight,Traffic Control Signal,NONE DETECTED,No,No Apparent Injury,NA,Not Distracted,MD,Passenger Car,Accelerating,25,No,2021,HONDA,CR-V,39.12374445,-77.23160897,2024,1,15
240002117,Property Damage Crash,01/13/2024 03:20:00 PM,ORCHARD RIDGE DR,NA,Front to Front,Clear,Dry,Daylight,Traffic Control Signal,NONE DETECTED,No,No Apparent Injury,Failed to Yield Right-of-Way,Not Distracted,MD,Passenger Car,Turning Left,25,No,2020,TESLA,MODEL 3,39.12374445,-77.23160897,2024,1,15
240002109,Property Damage Crash,01/13/2024 02:25:00 PM,NA,NA,Front to Front,Clear,NA,Daylight,NA,NONE DETECTED,No,No Apparent Injury,NA,Not Distracted,MD,Passenger Car,Slowing or Stopping,0,No,2022,TESLA,MODEL 3,39.09868613,-77.13848722,2024,1,14
240002094,Property Damage Crash,01/13/2024 12:04:00 PM,DEMOCRACY BLVD,NA,Angle,Clear,Dry,Daylight,Traffic Control Signal,NONE DETECTED,No,No Apparent Injury,NA,"Other Action (looking away from task, etc.)",NA,Pickup,Turning Left,35,No,2000,CHEVROLET,SILVERADO,39.02328222,-77.16206746,2024,1,12
240002094,Property Damage Crash,01/13/2024 12:04:00 PM,DEMOCRACY BLVD,NA,Angle,Clear,Dry,Daylight,Traffic Control Signal,NONE DETECTED,No,No Apparent Injury,NA,Not Distracted,MD,Passenger Car,Stopped in Traffic,35,No,2017,TOYOTA,HIGHLANDER,39.02328222,-77.16206746,2024,1,12
240002089,Property Damage Crash,01/13/2024 11:51:00 AM,NOTLEY RD,NA,Rear To Side,Clear,Dry,Daylight,Stop Sign,NONE DETECTED,No,No Apparent Injury,"Failed to Yield Right-of-Way, Improper Turn",Not Distracted,MD,Passenger Car,Turning Left,30,No,2022,CHEVROLET,EQUINOX,39.08046979,-77.0013813,2024,1,11
240002089,Property Damage Crash,01/13/2024 11:51:00 AM,NOTLEY RD,NA,Rear To Side,Clear,Dry,Daylight,No Controls,NONE DETECTED,No,No Apparent Injury,NA,Not Distracted,NY,Passenger Car,Moving Constant Speed,45,No,2011,TOYOTA,SIENNA,39.08046979,-77.0013813,2024,1,11
240002086,Property Damage Crash,01/13/2024 10:46:00 AM,HEWITT AVE,NA,Single Vehicle,Clear,Wet,Daylight,No Controls,NONE DETECTED,No,No Apparent Injury,NA,NA,NA,Passenger Car,Negotiating a Curve,25,No,2013,HYUNDAI,SONATA,39.08108457,-77.05778113,2024,1,10
240002067,Injury Crash,01/13/2024 09:50:00 AM,RIDGE RD,NA,Angle,Rain,Wet,Daylight,Traffic Control Signal,NONE DETECTED,No,No Apparent Injury,NA,Not Distracted,MD,Sport Utility Vehicle,Moving Constant Speed,45,No,2018,TOYOTA,HIGHLANDER,39.20463955,-77.24602985,2024,1,9
240002067,Injury Crash,01/13/2024 09:50:00 AM,RIDGE RD,NA,Angle,Rain,Wet,Daylight,Traffic Control Signal,NONE DETECTED,Yes,Possible Minor Injury,Ran Red Light,Unknown,MD,Van - Cargo,Moving Constant Speed,45,No,2019,FORD,TRANSIT CONNECT,39.20463955,-77.24602985,2024,1,9
240002075,Property Damage Crash,01/13/2024 09:30:00 AM,NA,NA,"Sideswipe, Opposite Direction",Clear,NA,Daylight,No Controls,NONE DETECTED,No,No Apparent Injury,NA,Not Distracted,MD,Passenger Car,Parked,10,No,2023,HONDA,CIVIC,39.11540818,-77.19798427,2024,1,9
240002075,Property Damage Crash,01/13/2024 09:30:00 AM,NA,NA,"Sideswipe, Opposite Direction",Clear,NA,Daylight,No Controls,NONE DETECTED,No,No Apparent Injury,NA,NA,NA,Passenger Car,Moving Constant Speed,5,No,2003,FORD,EXPLORER,39.11540818,-77.19798427,2024,1,9
240002061,Property Damage Crash,01/13/2024 09:02:00 AM,DEMOCRACY BLVD,NA,Single Vehicle,Cloudy,Wet,Daylight,No Controls,NONE DETECTED,Yes,No Apparent Injury,Too Fast For Conditions,Not Distracted,MD,Pickup,Negotiating a Curve,30,No,2006,FORD,F-150,39.0219435,-77.1454945,2024,1,9
240002060,Property Damage Crash,01/13/2024 08:57:00 AM,RAMP 5 FR IS 270 SB TO IS 370 EB,NA,Single Vehicle,Cloudy,Wet,Daylight,No Controls,NONE DETECTED,Yes,No Apparent Injury,Too Fast For Conditions,Not Distracted,MD,Passenger Car,Negotiating a Curve,40,No,2006,HONDA,CIVIC,39.12083283,-77.194203,2024,1,8
240002054,Property Damage Crash,01/13/2024 06:35:00 AM,RANDOLPH RD (WB/L),NA,"Sideswipe, Opposite Direction",Rain,Wet,Medium,No Controls,NONE DETECTED,No,No Apparent Injury,Too Fast For Conditions,Not Distracted,MD,Passenger Car,Moving Constant Speed,35,No,2006,MITSUBISHI,GALANT,39.05743166,-77.07626681,2024,1,6
240002054,Property Damage Crash,01/13/2024 06:35:00 AM,RANDOLPH RD (WB/L),NA,"Sideswipe, Opposite Direction",Rain,Wet,Medium,No Controls,NONE DETECTED,No,No Apparent Injury,NA,Not Distracted,MD,Pickup,Moving Constant Speed,35,No,2015,TOYOTA,TACOMA,39.05743166,-77.07626681,2024,1,6
240002044,Property Damage Crash,01/13/2024 04:52:00 AM,RAMP 6 FR MD 198 EB TO US 29 SB,NA,Single Vehicle,Rain,Wet,Medium,No Controls,ALCOHOL PRESENT,Yes,No Apparent Injury,Ran Off Roadway,Unknown,VA,Passenger Car,NA,55,No,2007,CHEVROLET,COBALT,39.10831678,-76.9312885,2024,1,4
240002045,Property Damage Crash,01/13/2024 04:46:00 AM,CABIN JOHN PKWY (SB/L),NA,Single Vehicle,Rain,Wet,Dark,No Controls,NONE DETECTED,No,No Apparent Injury,Too Fast For Conditions,Not Distracted,MI,Pickup,Moving Constant Speed,35,No,2023,JEEP,GLADIATOR,38.9702198,-77.1455851,2024,1,4
240002041,Property Damage Crash,01/13/2024 04:19:00 AM,UNIVERSITY BLVD W (WB/L),NA,Single Vehicle,Clear,Wet,Medium,No Controls,NONE DETECTED,No,No Apparent Injury,Other Improper Action,Not Distracted,MD,Passenger Car,Moving Constant Speed,30,No,2017,CHEVROLET,CAMARO,39.04171191,-77.05063639,2024,1,4
240002033,Property Damage Crash,01/13/2024 01:45:00 AM,GEORGIA AVE,NA,"Sideswipe, Same Direction",Rain,Wet,Medium,Flashing Traffic Control Signal,NONE DETECTED,No,No Apparent Injury,NA,Not Distracted,MD,Passenger Car,Moving Constant Speed,35,No,2017,TOYOTA,COROLLA,39.06634177,-77.05900715,2024,1,1
240002033,Property Damage Crash,01/13/2024 01:45:00 AM,GEORGIA AVE,NA,"Sideswipe, Same Direction",Rain,Wet,Medium,Flashing Traffic Control Signal,NONE DETECTED,No,NA,NA,NA,NA,Sport Utility Vehicle,Overtaking/Passing,35,No,2022,NISSAN,PATHFINDER,39.06634177,-77.05900715,2024,1,1
240002027,Property Damage Crash,01/13/2024 12:56:00 AM,NA,NA,Angle,Clear,NA,Medium,NA,ALCOHOL PRESENT,No,No Apparent Injury,"Failed to Keep in Proper Lane, Operated Motor Vehicle in Inattentive, Careless, Negligent, or Erratic Manner, Operated Motor Vehicle in Reckless or Aggressive Manner",Unknown,MD,Passenger Car,Accelerating,0,No,2023,KIA,SORENTO,39.11514028,-77.19703717,2024,1,0
240002026,Property Damage Crash,01/13/2024 12:04:00 AM,VEIRS DR,NA,Unknown,Rain,Wet,Dark,No Controls,ALCOHOL PRESENT,No,No Apparent Injury,"Operated Motor Vehicle in Inattentive, Careless, Negligent, or Erratic Manner",Unknown,MD,Passenger Car,Turning Left,25,No,2018,ALFA ROMEO,GIULIA (952),39.07750778,-77.19689133,2024,1,0
240002021,Property Damage Crash,01/12/2024 10:31:00 PM,NA,NA,Rear To Side,Rain,NA,Medium,No Controls,NONE DETECTED,No,No Apparent Injury,NA,Not Distracted,VA,Single-Unit Truck,Parked,10,No,2023,INTERNATIONAL,1452-SC,39.02044269,-77.01325954,2024,1,22
240002021,Property Damage Crash,01/12/2024 10:31:00 PM,NA,NA,Rear To Side,Rain,NA,Medium,No Controls,NONE DETECTED,Yes,No Apparent Injury,NA,Unknown,MD,Passenger Car,Backing,10,No,2017,CHEVROLET,SILVERADO,39.02044269,-77.01325954,2024,1,22
240002018,Injury Crash,01/12/2024 09:50:00 PM,NA,Pedestrian,Single Vehicle,Rain,NA,Medium,NA,NONE DETECTED,No,No Apparent Injury,Failed to Yield Right-of-Way,Unknown,MD,Passenger Car,Turning Right,0,No,2014,MERCEDES-BENZ,GL-CLASS,39.11708795,-77.20066521,2024,1,21
240002011,Injury Crash,01/12/2024 08:40:00 PM,PHILMONT DR,Pedestrian,Single Vehicle,Rain,Wet,Medium,No Controls,NONE DETECTED,No,No Apparent Injury,NA,Not Distracted,MD,Passenger Car,Slowing or Stopping,15,No,2013,HONDA,CR-V,39.1237536,-77.21372062,2024,1,20
240002053,Property Damage Crash,01/12/2024 08:28:00 PM,NA,NA,"Sideswipe, Same Direction",Rain,NA,Medium,NA,NONE DETECTED,No,No Apparent Injury,"Operated Motor Vehicle in Inattentive, Careless, Negligent, or Erratic Manner",Unknown,NA,Passenger Car,Turning Right,0,No,2005,CHEVROLET,EXPRESS,38.99759963,-76.99727215,2024,1,20
240002006,Property Damage Crash,01/12/2024 07:16:00 PM,CRESTMOOR DR,NA,Rear To Side,Rain,Wet,Medium,No Controls,NONE DETECTED,No,No Apparent Injury,NA,Not Distracted,MD,Passenger Car,Changing Lanes,35,No,2016,MINI,COOPER,39.02791989,-77.00908122,2024,1,19
240002006,Property Damage Crash,01/12/2024 07:16:00 PM,CRESTMOOR DR,NA,Rear To Side,Rain,Wet,Medium,No Controls,NONE DETECTED,No,No Apparent Injury,NA,Not Distracted,MD,Passenger Car,Moving Constant Speed,35,No,2017,TOYOTA,COROLLA,39.02791989,-77.00908122,2024,1,19
240002000,Injury Crash,01/12/2024 06:46:00 PM,SPRING ST,NA,Other,Rain,Wet,Medium,Traffic Control Signal,NONE DETECTED,Yes,No Apparent Injury,Failed to Yield Right-of-Way,Unknown,MD,Other Trucks,Accelerating,35,No,2016,FRACO PRODUCTS LTD,UNKNOWN,38.99951321,-77.03185316,2024,1,18
240002000,Injury Crash,01/12/2024 06:46:00 PM,SPRING ST,NA,Other,Rain,Wet,Medium,Traffic Control Signal,NONE DETECTED,No,Possible Minor Injury,NA,Not Distracted,MD,Passenger Car,Moving Constant Speed,30,No,2018,TESLA,MODEL 3,38.99951321,-77.03185316,2024,1,18
240001999,Property Damage Crash,01/12/2024 06:12:00 PM,COLESVILLE RD (SB/L),NA,Front to Rear,Clear,Dry,Medium,No Controls,NONE DETECTED,No,NA,NA,NA,NA,Passenger Car,Moving Constant Speed,35,No,2011,TOYOTA,RAV4,39.02116564,-77.01214528,2024,1,18
240001999,Property Damage Crash,01/12/2024 06:12:00 PM,COLESVILLE RD (SB/L),NA,Front to Rear,Clear,Dry,Medium,No Controls,NONE DETECTED,No,No Apparent Injury,NA,Not Distracted,MD,Passenger Car,Moving Constant Speed,35,No,2017,AUDI,Q3,39.02116564,-77.01214528,2024,1,18
240002362,Property Damage Crash,01/12/2024 06:01:00 PM,NA,NA,Front to Rear,Clear,NA,Dark,Traffic Control Signal,NONE DETECTED,No,No Apparent Injury,NA,Unknown,MD,Passenger Car,Changing Lanes,35,No,2018,HONDA,CR-V,39.03703619,-77.14816343,2024,1,18
240002362,Property Damage Crash,01/12/2024 06:01:00 PM,NA,NA,Front to Rear,Clear,NA,Dark,Traffic Control Signal,NONE DETECTED,No,No Apparent Injury,NA,Not Distracted,MD,Passenger Car,Stopped in Traffic,35,No,2020,JEEP,UNKNOWN,39.03703619,-77.14816343,2024,1,18
240001994,Injury Crash,01/12/2024 06:00:00 PM,CONNECTICUT AVE,Pedestrian,Single Vehicle,Cloudy,Dry,Dark,Traffic Control Signal,NONE DETECTED,No,No Apparent Injury,NA,Not Distracted,MD,Passenger Car,Turning Right,35,No,2014,SUBARU,FORESTER,39.02959455,-77.07579703,2024,1,18
240001987,Injury Crash,01/12/2024 05:41:00 PM,NA,Pedestrian,Single Vehicle,Clear,NA,Medium,NA,NONE DETECTED,No,No Apparent Injury,NA,Unknown,MD,Passenger Car,Backing,0,No,2021,BMW,330I,39.07701012,-77.00368684,2024,1,17
240001985,Property Damage Crash,01/12/2024 05:02:00 PM,RIDGE RD,NA,Rear To Rear,Clear,Dry,Medium,Traffic Control Signal,NONE DETECTED,No,No Apparent Injury,Followed Too Closely,Unknown,MD,Passenger Car,Moving Constant Speed,40,No,2005,BMW,X5,39.20202664,-77.25324218,2024,1,17
240001985,Property Damage Crash,01/12/2024 05:02:00 PM,RIDGE RD,NA,Rear To Rear,Clear,Dry,Medium,Traffic Control Signal,NONE DETECTED,Yes,No Apparent Injury,Followed Too Closely,Unknown,MD,Passenger Car,Moving Constant Speed,40,No,2021,CHEVROLET,EQUINOX,39.20202664,-77.25324218,2024,1,17
240001985,Property Damage Crash,01/12/2024 05:02:00 PM,RIDGE RD,NA,Rear To Rear,Clear,Dry,Medium,Traffic Control Signal,NONE DETECTED,No,No Apparent Injury,Other Improper Action,Not Distracted,MD,Passenger Car,Slowing or Stopping,40,No,2013,HYUNDAI,SONATA,39.20202664,-77.25324218,2024,1,17
240002013,Property Damage Crash,01/12/2024 05:00:00 PM,UNIVERSITY BLVD E (WB/L),NA,"Sideswipe, Same Direction",Clear,Dry,Medium,Traffic Control Signal,NONE DETECTED,No,No Apparent Injury,NA,Not Distracted,MD,Passenger Car,Turning Right,35,No,2020,ACURA,ILX,39.02011163,-77.01231263,2024,1,17
240002013,Property Damage Crash,01/12/2024 05:00:00 PM,UNIVERSITY BLVD E (WB/L),NA,"Sideswipe, Same Direction",Clear,Dry,Medium,Traffic Control Signal,NONE DETECTED,No,No Apparent Injury,NA,NA,NA,Passenger Car,Turning Right,35,No,2015,NISSAN,ALTIMA,39.02011163,-77.01231263,2024,1,17
240002740,Property Damage Crash,01/12/2024 04:52:00 PM,NA,NA,Front to Rear,Clear,Dry,Daylight,Yield Sign,NONE DETECTED,No,No Apparent Injury,NA,Unknown,MD,Passenger Car,Moving Constant Speed,25,No,1999,MERCEDES-BENZ,E-CLASS,39.08003536,-77.13821523,2024,1,16
240002740,Property Damage Crash,01/12/2024 04:52:00 PM,NA,NA,Front to Rear,Clear,Dry,Daylight,Yield Sign,NONE DETECTED,No,No Apparent Injury,NA,Unknown,MD,Passenger Car,Slowing or Stopping,25,No,2013,FORD,FUSION,39.08003536,-77.13821523,2024,1,16
240001975,Property Damage Crash,01/12/2024 04:32:00 PM,GEORGIA AVE (SB/L),NA,Front to Rear,Clear,Dry,Daylight,No Controls,NONE DETECTED,No,No Apparent Injury,NA,Not Distracted,MD,Sport Utility Vehicle,Slowing or Stopping,40,No,2017,TOYOTA,4-RUNNER,39.1367501,-77.06930597,2024,1,16
240001975,Property Damage Crash,01/12/2024 04:32:00 PM,GEORGIA AVE (SB/L),NA,Front to Rear,Clear,Dry,Daylight,No Controls,NONE DETECTED,No,No Apparent Injury,Followed Too Closely,Unknown,MD,Passenger Car,Moving Constant Speed,40,No,2013,CHEVROLET,MALIBU,39.1367501,-77.06930597,2024,1,16
240001968,Property Damage Crash,01/12/2024 03:46:00 PM,E GUDE DR,NA,Front to Rear,Clear,Dry,Daylight,No Controls,NONE DETECTED,No,No Apparent Injury,"Operated Motor Vehicle in Inattentive, Careless, Negligent, or Erratic Manner",Not Distracted,MD,Passenger Car,Moving Constant Speed,40,No,2015,CHEVROLET,CITY EXPRESS,39.09148192,-77.13041491,2024,1,15
240001968,Property Damage Crash,01/12/2024 03:46:00 PM,E GUDE DR,NA,Front to Rear,Clear,Dry,Daylight,No Controls,NONE DETECTED,No,No Apparent Injury,NA,Not Distracted,MD,Passenger Car,Making U-Turn,40,No,2023,NISSAN,PATHFINDER,39.09148192,-77.13041491,2024,1,15
240001960,Property Damage Crash,01/12/2024 03:45:00 PM,SHAKESPEARE BLVD (WB/L),NA,Other,Clear,Dry,Daylight,No Controls,NONE DETECTED,No,No Apparent Injury,NA,Not Distracted,MD,Bus - Transit,Accelerating,25,No,2013,GILLIG,BUS,39.19824465,-77.24599339,2024,1,15
240001960,Property Damage Crash,01/12/2024 03:45:00 PM,SHAKESPEARE BLVD (WB/L),NA,Other,Clear,Dry,Daylight,No Controls,NONE DETECTED,No,No Apparent Injury,Improper Turn,Unknown,MD,Sport Utility Vehicle,Changing Lanes,25,No,2009,CHEVROLET,SUBURBAN,39.19824465,-77.24599339,2024,1,15
240002366,Property Damage Crash,01/12/2024 03:22:00 PM,ASHLEY DR,NA,"Sideswipe, Same Direction",Clear,Dry,Daylight,No Controls,NONE DETECTED,No,No Apparent Injury,NA,Unknown,MD,Bus - School,Accelerating,20,No,2022,FREIGHTLINER,B2 BUS CHASSIS,39.04699231,-77.09269384,2024,1,15
240001953,Property Damage Crash,01/12/2024 02:41:00 PM,NA,NA,"Sideswipe, Same Direction",Clear,NA,Daylight,NA,NONE DETECTED,No,No Apparent Injury,NA,NA,NA,Bus - Other Type,Turning Left,0,No,0,NA,NA,39.05795248,-77.00399713,2024,1,14
240001953,Property Damage Crash,01/12/2024 02:41:00 PM,NA,NA,"Sideswipe, Same Direction",Clear,NA,Daylight,NA,NONE DETECTED,No,No Apparent Injury,NA,Not Distracted,MD,Bus - School,Parked,0,No,2024,THOMAS BUILT,SCHOOL BUS,39.05795248,-77.00399713,2024,1,14
240001953,Property Damage Crash,01/12/2024 02:41:00 PM,NA,NA,"Sideswipe, Same Direction",Clear,NA,Daylight,NA,NONE DETECTED,No,No Apparent Injury,NA,Not Distracted,MD,Bus - School,Parked,0,No,2017,THOMAS BUILT,SCHOOL BUS,39.05795248,-77.00399713,2024,1,14
240001927,Property Damage Crash,01/12/2024 01:28:00 PM,E GUDE DR (WB/L),NA,Other,Cloudy,Dry,Daylight,Traffic Control Signal,NONE DETECTED,No,No Apparent Injury,NA,Not Distracted,MD,Pickup,Turning Right,35,No,2010,NISSAN,FRONTIER,39.09782233,-77.13650932,2024,1,13
240001927,Property Damage Crash,01/12/2024 01:28:00 PM,E GUDE DR (WB/L),NA,Other,Cloudy,Dry,Daylight,Traffic Control Signal,NONE DETECTED,Yes,No Apparent Injury,Improper Turn,Not Distracted,VA,Truck Tractor,Turning Right,35,No,2015,VOLVO TRUCK,VNL,39.09782233,-77.13650932,2024,1,13
240011307,Injury Crash,01/12/2024 01:05:00 PM,RIDGE RD,NA,Front to Rear,Clear,Dry,Daylight,No Controls,NONE DETECTED,Yes,No Apparent Injury,"Operated Motor Vehicle in Inattentive, Careless, Negligent, or Erratic Manner","Other Action (looking away from task, etc.)",MD,Passenger Car,Moving Constant Speed,40,No,2008,HONDA,CR-V,39.2460479,-77.2342357,2024,1,13
240011307,Injury Crash,01/12/2024 01:05:00 PM,RIDGE RD,NA,Front to Rear,Clear,Dry,Daylight,No Controls,NONE DETECTED,No,Possible Minor Injury,NA,Not Distracted,MD,Passenger Car,Turning Left,40,No,2017,HONDA,CIVIC,39.2460479,-77.2342357,2024,1,13