Local Case Number,ACRS Report Type,Crash Date/Time,Road Name,Related Non-Motorist,Collision Type,Weather,Surface Condition,Light,Traffic Control,Driver Substance Abuse,Driver At Fault,Injury Severity,Circumstance,Driver Distracted By,Drivers License State,Vehicle Body Type,Vehicle Movement,Speed Limit,Driverless Vehicle,Vehicle Year,Vehicle Make,Vehicle Model,Latitude,Longitude,Year,Month,Hour
240001932,Property Damage Crash,01/12/2024 01:00:00 PM,SAM EIG HWY (SB/L),NA,Single Vehicle,Clear,Dry,Daylight,Flashing Traffic Control Signal,NONE DETECTED,No,No Apparent Injury,NA,Not Distracted,MD,Passenger Car,Moving Constant Speed,25,No,2006,CADILLAC,CT5,39.11785919,-77.20622973,2024,1,13
240001887,Injury Crash,01/12/2024 10:55:00 AM,NEW HAMPSHIRE AVE (SB/L),NA,Front to Rear,Clear,Dry,Daylight,Traffic Control Signal,NONE DETECTED,No,No Apparent Injury,NA,Not Distracted,FL,Sport Utility Vehicle,Stopped in Traffic,35,No,2017,SUBARU,OUTBACK,39.01662967,-76.97738883,2024,1,10
240001887,Injury Crash,01/12/2024 10:55:00 AM,NEW HAMPSHIRE AVE (SB/L),NA,Front to Rear,Clear,Dry,Daylight,Traffic Control Signal,NONE DETECTED,No,No Apparent Injury,NA,Not Distracted,MD,Sport Utility Vehicle,Slowing or Stopping,35,No,2012,HONDA,PIERCE MFG,39.01662967,-76.97738883,2024,1,10
240001887,Injury Crash,01/12/2024 10:55:00 AM,NEW HAMPSHIRE AVE (SB/L),NA,Front to Rear,Clear,Dry,Daylight,Traffic Control Signal,NONE DETECTED,No,Possible Minor Injury,NA,Not Distracted,MD,Sport Utility Vehicle,Slowing or Stopping,35,No,2016,JEEP,RENEGADE,39.01662967,-76.97738883,2024,1,10
240001883,Injury Crash,01/12/2024 10:44:00 AM,RANDOLPH RD,NA,"Sideswipe, Same Direction",Clear,Dry,Daylight,No Controls,NONE DETECTED,No,Possible Minor Injury,NA,Unknown,MD,Passenger Car,Moving Constant Speed,35,No,2016,HONDA,CIVIC,39.05927631,-77.06222951,2024,1,10
240001883,Injury Crash,01/12/2024 10:44:00 AM,RANDOLPH RD,NA,"Sideswipe, Same Direction",Clear,Dry,Daylight,No Controls,NONE DETECTED,No,Possible Minor Injury,"Failed to Keep in Proper Lane, Other Improper Action",Unknown,MD,Passenger Car,Changing Lanes,35,No,2022,HONDA,ACCORD,39.05927631,-77.06222951,2024,1,10
240001877,Injury Crash,01/12/2024 09:40:00 AM,E GUDE DR,NA,Front to Front,Clear,Dry,Daylight,Traffic Control Signal,NONE DETECTED,Yes,Possible Minor Injury,Failed to Yield Right-of-Way,Not Distracted,MD,Passenger Car,Turning Left,40,No,2009,NISSAN,SENTRA,39.10556576,-77.14480918,2024,1,9
240001878,Property Damage Crash,01/12/2024 09:40:00 AM,RANDOLPH RD,NA,Front to Rear,Clear,Dry,Daylight,Traffic Control Signal,NONE DETECTED,Yes,No Apparent Injury,Followed Too Closely,Not Distracted,MD,Passenger Car,Slowing or Stopping,35,No,2003,SAAB,Q3,39.05724216,-77.07417499,2024,1,9
240001877,Injury Crash,01/12/2024 09:40:00 AM,E GUDE DR,NA,Front to Front,Clear,Dry,Daylight,Traffic Control Signal,NONE DETECTED,No,No Apparent Injury,NA,Not Distracted,MD,Passenger Car,Moving Constant Speed,40,No,2010,HONDA,INSIGHT,39.10556576,-77.14480918,2024,1,9
240001878,Property Damage Crash,01/12/2024 09:40:00 AM,RANDOLPH RD,NA,Front to Rear,Clear,Dry,Daylight,Traffic Control Signal,NONE DETECTED,No,No Apparent Injury,NA,Not Distracted,MD,Sport Utility Vehicle,Stopped in Traffic,35,No,2023,HYUNDAI,SONATA,39.05724216,-77.07417499,2024,1,9
240001875,Injury Crash,01/12/2024 09:19:00 AM,NA,NA,Single Vehicle,Clear,Dry,Daylight,No Controls,NONE DETECTED,Yes,No Apparent Injury,NA,Unknown,MD,Bus - School,Moving Constant Speed,30,No,2019,THOMSEN,UNKNOWN,39.06854635,-77.11416761,2024,1,9
240001867,Property Damage Crash,01/12/2024 09:13:00 AM,COLUMBIA PIKE,NA,"Sideswipe, Same Direction",Clear,Dry,Daylight,Traffic Control Signal,NONE DETECTED,No,No Apparent Injury,NA,Not Distracted,MD,Van - Cargo,Turning Left,35,No,2020,NISSAN,NV,39.07333423,-76.95572113,2024,1,9
240001867,Property Damage Crash,01/12/2024 09:13:00 AM,COLUMBIA PIKE,NA,"Sideswipe, Same Direction",Clear,Dry,Daylight,Traffic Control Signal,NONE DETECTED,Yes,No Apparent Injury,"Failed to Keep in Proper Lane, Failed to Yield Right-of-Way, Improper Turn",Unknown,MD,Pickup,Turning Left,35,No,2006,TOYOTA,TUNDRA,39.07333423,-76.95572113,2024,1,9
240001862,Injury Crash,01/12/2024 08:50:00 AM,RAMP 3 FR MD 109 EB TO RAMP 2 (TO IS270),NA,Front to Front,Clear,Dry,Daylight,No Controls,NONE DETECTED,No,No Apparent Injury,NA,Not Distracted,MD,Passenger Car,Turning Left,25,No,2018,TOYOTA,RAV4,39.27850047,-77.32220362,2024,1,8
240001862,Injury Crash,01/12/2024 08:50:00 AM,RAMP 3 FR MD 109 EB TO RAMP 2 (TO IS270),NA,Front to Front,Clear,Dry,Daylight,No Controls,NONE DETECTED,No,Suspected Serious Injury,Improper Turn,Not Distracted,MD,Passenger Car,Moving Constant Speed,25,No,2016,TOYOTA,CAMRY,39.27850047,-77.32220362,2024,1,8
240001864,Property Damage Crash,01/12/2024 08:49:00 AM,UNIVERSITY BLVD E (WB/L),NA,Front to Rear,Clear,Dry,Daylight,No Controls,NONE DETECTED,No,No Apparent Injury,Other Improper Action,Unknown,MD,Passenger Car,Moving Constant Speed,35,No,2006,PONTIAC,VIBE,39.00151602,-76.99551523,2024,1,8
240001864,Property Damage Crash,01/12/2024 08:49:00 AM,UNIVERSITY BLVD E (WB/L),NA,Front to Rear,Clear,Dry,Daylight,No Controls,NONE DETECTED,No,No Apparent Injury,NA,Not Distracted,MD,Sport Utility Vehicle,Slowing or Stopping,35,No,2015,HONDA,CR-V,39.00151602,-76.99551523,2024,1,8
240001860,Property Damage Crash,01/12/2024 08:42:00 AM,NA,NA,Front to Front,Clear,NA,Daylight,NA,NONE DETECTED,No,No Apparent Injury,Failed to Keep in Proper Lane,Not Distracted,MD,Passenger Car,Turning Left,0,No,2012,GMC,S15 UTILITY,39.1545114,-77.2191897,2024,1,8
240001860,Property Damage Crash,01/12/2024 08:42:00 AM,NA,NA,Front to Front,Clear,NA,Daylight,NA,NONE DETECTED,No,No Apparent Injury,NA,Not Distracted,MD,Passenger Car,Turning Right,0,No,2023,TOYOTA,RAV4,39.1545114,-77.2191897,2024,1,8
240001859,Property Damage Crash,01/12/2024 08:40:00 AM,BRADLEY BLVD,NA,Front to Rear,Clear,Ice/Frost,Daylight,No Controls,NONE DETECTED,No,No Apparent Injury,Too Fast For Conditions,Not Distracted,MD,Sport Utility Vehicle,Negotiating a Curve,35,No,2022,VOLVO,XC90,38.99332881,-77.12163282,2024,1,8
240001859,Property Damage Crash,01/12/2024 08:40:00 AM,BRADLEY BLVD,NA,Front to Rear,Clear,Ice/Frost,Daylight,No Controls,NONE DETECTED,No,NA,NA,NA,NA,Passenger Car,Parked,35,No,1997,TOYOTA,COROLLA,38.99332881,-77.12163282,2024,1,8
240001859,Property Damage Crash,01/12/2024 08:40:00 AM,BRADLEY BLVD,NA,Front to Rear,Clear,Ice/Frost,Daylight,No Controls,NONE DETECTED,No,No Apparent Injury,Too Fast For Conditions,Not Distracted,MD,Sport Utility Vehicle,Moving Constant Speed,35,No,2019,AUDI,Q5,38.99332881,-77.12163282,2024,1,8
240001857,Property Damage Crash,01/12/2024 08:10:00 AM,W WATKINS MILL RD (SB/L),NA,Angle,Clear,Dry,Daylight,Traffic Control Signal,NONE DETECTED,No,No Apparent Injury,NA,Not Distracted,MD,Passenger Car,Turning Left,30,No,2014,MAZDA,CX-3,39.15679681,-77.22482031,2024,1,8
240001857,Property Damage Crash,01/12/2024 08:10:00 AM,W WATKINS MILL RD (SB/L),NA,Angle,Clear,Dry,Daylight,Traffic Control Signal,NONE DETECTED,Yes,No Apparent Injury,Too Fast For Conditions,Not Distracted,MD,Sport Utility Vehicle,Moving Constant Speed,30,No,2011,TOYOTA,HIGHLANDER,39.15679681,-77.22482031,2024,1,8
240001853,Property Damage Crash,01/12/2024 07:09:00 AM,NA,NA,Single Vehicle,Clear,Dry,Daylight,No Controls,NONE DETECTED,No,No Apparent Injury,Ran Off Roadway,Not Distracted,MD,Passenger Car,Moving Constant Speed,35,No,2000,GMC,JIMMY,39.27833938,-77.20376546,2024,1,7
240001853,Property Damage Crash,01/12/2024 07:09:00 AM,NA,NA,Single Vehicle,Clear,Dry,Daylight,No Controls,NONE DETECTED,No,No Apparent Injury,NA,Not Distracted,MD,Passenger Car,Turning Left,40,No,2018,CHEVROLET,CRUZE,39.27833938,-77.20376546,2024,1,7
240001850,Injury Crash,01/12/2024 06:42:00 AM,DARNESTOWN RD,NA,Single Vehicle,Clear,Ice/Frost,Dark,No Controls,NONE DETECTED,Yes,Possible Minor Injury,Too Fast For Conditions,Unknown,MD,Single-Unit Truck,Negotiating a Curve,50,No,2020,PETERBILT,367,39.12871043,-77.34395001,2024,1,6
240001847,Injury Crash,01/12/2024 05:35:00 AM,SENECA CREEK TRL,NA,Single Vehicle,Clear,Dry,Dark,No Controls,NONE DETECTED,Yes,Possible Minor Injury,"Failed to Keep in Proper Lane, Ran Off Roadway",Unknown,MD,Passenger Car,NA,25,No,2018,HYUNDAI,ELANTRA,39.15844397,-77.23949532,2024,1,5
240001823,Property Damage Crash,01/11/2024 09:25:00 PM,OMEGA DR,NA,Front to Rear,Clear,Dry,Medium,Traffic Control Signal,ALCOHOL PRESENT,Yes,No Apparent Injury,"Operated Motor Vehicle in Inattentive, Careless, Negligent, or Erratic Manner",Talking/listening,MD,Sport Utility Vehicle,Moving Constant Speed,35,No,2020,HONDA,CR-V,39.10550342,-77.19640476,2024,1,21
240001823,Property Damage Crash,01/11/2024 09:25:00 PM,OMEGA DR,NA,Front to Rear,Clear,Dry,Medium,Traffic Control Signal,NONE DETECTED,No,No Apparent Injury,NA,Not Distracted,DE,Passenger Car,Making U-Turn,35,No,2020,NISSAN,ALTIMA,39.10550342,-77.19640476,2024,1,21
240001824,Property Damage Crash,01/11/2024 09:13:00 PM,TUCKERMAN LA (EB/L),NA,Front to Rear,Clear,Dry,Medium,Traffic Control Signal,NONE DETECTED,No,No Apparent Injury,NA,Not Distracted,DC,Sport Utility Vehicle,Slowing or Stopping,35,No,2021,JEEP,GRAND CHEROKEE,39.0243042,-77.10318101,2024,1,21
240001824,Property Damage Crash,01/11/2024 09:13:00 PM,TUCKERMAN LA (EB/L),NA,Front to Rear,Clear,Dry,Medium,Traffic Control Signal,NONE DETECTED,No,No Apparent Injury,NA,Not Distracted,MD,Passenger Car,Slowing or Stopping,35,No,2019,FORD,UNKNOWN,39.0243042,-77.10318101,2024,1,21
240001824,Property Damage Crash,01/11/2024 09:13:00 PM,TUCKERMAN LA (EB/L),NA,Front to Rear,Clear,Dry,Medium,Traffic Control Signal,NONE DETECTED,No,No Apparent Injury,"Followed Too Closely, Operated Motor Vehicle in Inattentive, Careless, Negligent, or Erratic Manner","Other Action (looking away from task, etc.)",MD,Pickup,Moving Constant Speed,35,No,2016,FORD,UNKNOWN,39.0243042,-77.10318101,2024,1,21
240002564,Property Damage Crash,01/11/2024 08:32:00 PM,RANDOLPH RD (WB/L),NA,"Sideswipe, Same Direction",Clear,Dry,Medium,Lane Use Control Signal,ALCOHOL PRESENT,Yes,No Apparent Injury,NA,Unknown,DC,Passenger Car,Moving Constant Speed,35,No,2005,GMC,SAVANA,39.05722856,-77.07366942,2024,1,20
240002563,Injury Crash,01/11/2024 08:32:00 PM,RANDOLPH RD,NA,Front to Front,Clear,Dry,Medium,Lane Use Control Signal,NONE DETECTED,No,Possible Minor Injury,NA,Not Distracted,MD,Passenger Car,Moving Constant Speed,35,No,2018,HONDA,CIVIC,39.05712859,-77.07339047,2024,1,20
240002564,Property Damage Crash,01/11/2024 08:32:00 PM,RANDOLPH RD (WB/L),NA,"Sideswipe, Same Direction",Clear,Dry,Medium,Lane Use Control Signal,NONE DETECTED,No,No Apparent Injury,NA,Not Distracted,MD,Passenger Car,Moving Constant Speed,35,No,2023,BMW,430I,39.05722856,-77.07366942,2024,1,20
240001816,Property Damage Crash,01/11/2024 08:32:00 PM,CONNECTICUT AVE,NA,Other,Clear,Dry,Medium,Lane Use Control Signal,ALCOHOL PRESENT,Yes,No Apparent Injury,NA,Unknown,DC,Van - Passenger (&lt;9 Seats),Moving Constant Speed,35,No,2005,GMC,SAVANA,39.05712963,-77.07339047,2024,1,20
240001816,Property Damage Crash,01/11/2024 08:32:00 PM,CONNECTICUT AVE,NA,Other,Clear,Dry,Medium,Lane Use Control Signal,NONE DETECTED,No,No Apparent Injury,NA,Not Distracted,MD,Passenger Car,Moving Constant Speed,35,No,2019,LEXUS,ES,39.05712963,-77.07339047,2024,1,20
240002563,Injury Crash,01/11/2024 08:32:00 PM,RANDOLPH RD,NA,Front to Front,Clear,Dry,Medium,Lane Use Control Signal,ALCOHOL PRESENT,Yes,No Apparent Injury,NA,Unknown,DC,Passenger Car,Moving Constant Speed,35,No,2005,GMC,SAVANA,39.05712859,-77.07339047,2024,1,20
240001811,Injury Crash,01/11/2024 07:36:00 PM,FIRST ST (SB/L),NA,"Sideswipe, Same Direction",Clear,Dry,Medium,Traffic Control Signal,NONE DETECTED,No,No Apparent Injury,NA,Not Distracted,MD,Bus - Transit,Accelerating,35,No,2013,NEW FLYER,TRANSIT BUS,39.0797481,-77.13797693,2024,1,19
240001811,Injury Crash,01/11/2024 07:36:00 PM,FIRST ST (SB/L),NA,"Sideswipe, Same Direction",Clear,Dry,Medium,Traffic Control Signal,NONE DETECTED,Yes,No Apparent Injury,NA,Not Distracted,VA,Passenger Car,Overtaking/Passing,30,No,2012,HYUNDAI,ELANTRA,39.0797481,-77.13797693,2024,1,19
240001806,Property Damage Crash,01/11/2024 07:01:00 PM,FLOWER AVE,NA,"Sideswipe, Same Direction",Clear,Dry,Medium,No Controls,NONE DETECTED,No,No Apparent Injury,NA,Not Distracted,MD,Bus - Transit,Slowing or Stopping,30,No,2009,GILLIG,CITY TRANSIT BUS,38.99835106,-77.00361028,2024,1,19
240001806,Property Damage Crash,01/11/2024 07:01:00 PM,FLOWER AVE,NA,"Sideswipe, Same Direction",Clear,Dry,Medium,No Controls,NONE DETECTED,No,No Apparent Injury,NA,Not Distracted,MD,Bus - Transit,Overtaking/Passing,30,No,2005,GILLIG,SHUTTLE BUS,38.99835106,-77.00361028,2024,1,19
240001803,Property Damage Crash,01/11/2024 06:47:00 PM,WISTERIA DR,NA,Front to Front,Clear,Dry,Medium,Stop Sign,NONE DETECTED,Yes,No Apparent Injury,"Failed to Yield Right-of-Way, Improper Turn",Unknown,MD,Passenger Car,Turning Left,35,No,2004,TOYOTA,PRIUS,39.17754648,-77.27129335,2024,1,18
240001803,Property Damage Crash,01/11/2024 06:47:00 PM,WISTERIA DR,NA,Front to Front,Clear,Dry,Medium,No Controls,NONE DETECTED,No,No Apparent Injury,NA,Not Distracted,MD,Passenger Car,Moving Constant Speed,35,No,2018,TESLA,MODEL 3,39.17754648,-77.27129335,2024,1,18
240001795,Property Damage Crash,01/11/2024 05:39:00 PM,INTERCOUNTY CONNECTOR,NA,Front to Rear,Clear,Dry,Daylight,No Controls,NONE DETECTED,No,No Apparent Injury,NA,Not Distracted,MD,Passenger Car,Moving Constant Speed,60,No,2017,CHEVROLET,CRUZE,39.08129004,-76.95924801,2024,1,17
240001795,Property Damage Crash,01/11/2024 05:39:00 PM,INTERCOUNTY CONNECTOR,NA,Front to Rear,Clear,Dry,Daylight,No Controls,NONE DETECTED,No,NA,NA,NA,NA,Passenger Car,Accelerating,60,No,2007,HONDA,FIT,39.08129004,-76.95924801,2024,1,17
240001789,Property Damage Crash,01/11/2024 05:37:00 PM,CHERRY HILL RD,NA,Front to Rear,Clear,Dry,Medium,No Controls,ALCOHOL PRESENT,No,No Apparent Injury,NA,"Other Action (looking away from task, etc.)",MD,All-Terrain Vehicle/All-Terrain Cycle (ATV/ATC),Slowing or Stopping,30,No,2013,HONDA,CIVIC,39.0469845,-76.95199117,2024,1,17
240001789,Property Damage Crash,01/11/2024 05:37:00 PM,CHERRY HILL RD,NA,Front to Rear,Clear,Dry,Medium,No Controls,NONE DETECTED,No,No Apparent Injury,NA,Not Distracted,MD,All-Terrain Vehicle/All-Terrain Cycle (ATV/ATC),Moving Constant Speed,30,No,2006,FORD,EXPLORER,39.0469845,-76.95199117,2024,1,17
240001789,Property Damage Crash,01/11/2024 05:37:00 PM,CHERRY HILL RD,NA,Front to Rear,Clear,Dry,Medium,No Controls,NONE DETECTED,No,No Apparent Injury,NA,Not Distracted,MD,All-Terrain Vehicle/All-Terrain Cycle (ATV/ATC),Stopped in Traffic,30,No,2004,HONDA,CR-V,39.0469845,-76.95199117,2024,1,17
240001789,Property Damage Crash,01/11/2024 05:37:00 PM,CHERRY HILL RD,NA,Front to Rear,Clear,Dry,Medium,No Controls,NONE DETECTED,No,No Apparent Injury,NA,Not Distracted,FL,All-Terrain Vehicle/All-Terrain Cycle (ATV/ATC),Moving Constant Speed,30,No,2005,HONDA,ELEMENT,39.0469845,-76.95199117,2024,1,17
240001791,Property Damage Crash,01/11/2024 05:31:00 PM,NA,NA,Angle,Clear,Dry,Dark,No Controls,NONE DETECTED,No,No Apparent Injury,NA,Not Distracted,MD,Sport Utility Vehicle,Moving Constant Speed,40,No,1999,TOYOTA,4-RUNNER,39.28826458,-77.22160842,2024,1,17
240001791,Property Damage Crash,01/11/2024 05:31:00 PM,NA,NA,Angle,Clear,Dry,Dark,Stop Sign,NONE DETECTED,Yes,No Apparent Injury,Failed to Yield Right-of-Way,Not Distracted,MD,Sport Utility Vehicle,Turning Left,30,No,2022,MERCEDES-BENZ,GLC-CLASS,39.28826458,-77.22160842,2024,1,17
240001777,Property Damage Crash,01/11/2024 04:50:00 PM,NA,NA,"Sideswipe, Same Direction",Clear,NA,Daylight,NA,NONE DETECTED,No,No Apparent Injury,NA,Not Distracted,MD,Bus - School,Stopped in Traffic,0,No,2016,THOMAS BUILT,SCHOOL BUS,39.0880959,-76.94907006,2024,1,16
240001777,Property Damage Crash,01/11/2024 04:50:00 PM,NA,NA,"Sideswipe, Same Direction",Clear,NA,Daylight,NA,NONE DETECTED,No,No Apparent Injury,Other Improper Action,Not Distracted,MD,Passenger Car,Moving Constant Speed,0,No,2016,TOYOTA,HIGHLANDER,39.0880959,-76.94907006,2024,1,16
240001772,Injury Crash,01/11/2024 04:20:00 PM,WISCONSIN AVE (SB/L),NA,Front to Rear,Clear,Dry,Daylight,Pedestrian Crossing,NONE DETECTED,No,Possible Minor Injury,NA,Not Distracted,MD,Pickup,Stopped in Traffic,25,No,2018,RAM,2500,38.98961318,-77.09541399,2024,1,16
240001772,Injury Crash,01/11/2024 04:20:00 PM,WISCONSIN AVE (SB/L),NA,Front to Rear,Clear,Dry,Daylight,Pedestrian Crossing,NONE DETECTED,No,No Apparent Injury,Too Fast For Conditions,Not Distracted,MD,Passenger Car,Changing Lanes,25,No,2020,CHRYSLER,300,38.98961318,-77.09541399,2024,1,16
240001766,Property Damage Crash,01/11/2024 04:00:00 PM,WAYNE AVE,NA,"Sideswipe, Same Direction",Clear,Dry,Daylight,No Controls,NONE DETECTED,No,No Apparent Injury,NA,Not Distracted,MD,Bus - Transit,Parked,30,No,2020,NEW FLYER,TRANSIT BUS,38.99448632,-77.02642414,2024,1,16
240001766,Property Damage Crash,01/11/2024 04:00:00 PM,WAYNE AVE,NA,"Sideswipe, Same Direction",Clear,Dry,Daylight,No Controls,NONE DETECTED,Yes,No Apparent Injury,Improper Passing,Not Distracted,MD,Bus - Transit,Entering Traffic Lane,30,No,2023,NEW FLYER,TRANSIT BUS,38.99448632,-77.02642414,2024,1,16
240001765,Property Damage Crash,01/11/2024 03:41:00 PM,LOFSTRAND LA,NA,"Sideswipe, Same Direction",Clear,Dry,Daylight,No Controls,NONE DETECTED,No,No Apparent Injury,Other Improper Action,Not Distracted,MD,Passenger Car,Parked,0,No,2015,GILLIG,CITY TRANSIT BUS,39.09394169,-77.14117361,2024,1,15
240001765,Property Damage Crash,01/11/2024 03:41:00 PM,LOFSTRAND LA,NA,"Sideswipe, Same Direction",Clear,Dry,Daylight,No Controls,NONE DETECTED,No,No Apparent Injury,NA,Not Distracted,MD,Bus - Transit,Turning Right,25,No,2017,GILLIG,BUS,39.09394169,-77.14117361,2024,1,15
240001758,Injury Crash,01/11/2024 03:00:00 PM,CLOPPER RD (WB/L),NA,"Sideswipe, Same Direction",Clear,Dry,Daylight,Traffic Control Signal,NONE DETECTED,No,No Apparent Injury,Failed to Keep in Proper Lane,Not Distracted,MD,Bus - School,Changing Lanes,35,No,2014,FREIGHTLINER,B2 BUS CHASSIS,39.14353576,-77.2234436,2024,1,15
240001758,Injury Crash,01/11/2024 03:00:00 PM,CLOPPER RD (WB/L),NA,"Sideswipe, Same Direction",Clear,Dry,Daylight,Traffic Control Signal,NONE DETECTED,No,Possible Minor Injury,NA,Not Distracted,MD,Passenger Car,Moving Constant Speed,35,No,2022,HONDA,PILOT,39.14353576,-77.2234436,2024,1,15
240001757,Injury Crash,01/11/2024 02:45:00 PM,RANDOLPH RD,NA,"Sideswipe, Same Direction",Clear,Dry,Daylight,No Controls,NONE DETECTED,No,Suspected Serious Injury,Failed to Keep in Proper Lane,Unknown,MD,Motorcycle - 2 Wheeled,Changing Lanes,40,No,2009,HONDA,REBEL,39.06603635,-77.02494347,2024,1,14
240001757,Injury Crash,01/11/2024 02:45:00 PM,RANDOLPH RD,NA,"Sideswipe, Same Direction",Clear,Dry,Daylight,No Controls,NONE DETECTED,No,No Apparent Injury,NA,Not Distracted,MD,Sport Utility Vehicle,Moving Constant Speed,40,No,2007,TOYOTA,RAV4,39.06603635,-77.02494347,2024,1,14
240001733,Property Damage Crash,01/11/2024 01:33:00 PM,TUPELO DR,NA,Other,Clear,Dry,Daylight,Traffic Control Signal,NONE DETECTED,Yes,No Apparent Injury,NA,Not Distracted,MD,Other,Moving Constant Speed,45,No,2022,MACK,COWL-CHASSIS,39.13811406,-77.1536974,2024,1,13
240001733,Property Damage Crash,01/11/2024 01:33:00 PM,TUPELO DR,NA,Other,Clear,Dry,Daylight,Traffic Control Signal,NONE DETECTED,No,No Apparent Injury,NA,Not Distracted,MD,Other Trucks,Stopped in Traffic,45,No,2021,FORD,B800,39.13811406,-77.1536974,2024,1,13
240001727,Property Damage Crash,01/11/2024 12:31:00 PM,CONNECTICUT AVE (SB/L),NA,Rear To Side,Clear,Dry,Daylight,Traffic Control Signal,NONE DETECTED,No,NA,NA,NA,NA,Sport Utility Vehicle,Moving Constant Speed,35,No,2019,TOYOTA,RAV4,39.0802377,-77.08048975,2024,1,12
240001727,Property Damage Crash,01/11/2024 12:31:00 PM,CONNECTICUT AVE (SB/L),NA,Rear To Side,Clear,Dry,Daylight,Traffic Control Signal,NONE DETECTED,No,No Apparent Injury,NA,Not Distracted,MD,Passenger Car,Turning Left,35,No,2022,TOYOTA,CAMRY,39.0802377,-77.08048975,2024,1,12
240001711,Injury Crash,01/11/2024 11:36:00 AM,GERMANTOWN RD,NA,"Sideswipe, Same Direction",Clear,Dry,Daylight,No Controls,NONE DETECTED,No,Possible Minor Injury,NA,Not Distracted,NE,Passenger Car,Moving Constant Speed,40,No,2016,TOYOTA,SCION IM,39.17444333,-77.27326733,2024,1,11
240001711,Injury Crash,01/11/2024 11:36:00 AM,GERMANTOWN RD,NA,"Sideswipe, Same Direction",Clear,Dry,Daylight,No Controls,NONE DETECTED,Yes,No Apparent Injury,Other Improper Action,Unknown,MD,Passenger Car,Changing Lanes,40,No,2016,HYUNDAI,SANTA FE,39.17444333,-77.27326733,2024,1,11
240001698,Injury Crash,01/11/2024 11:00:00 AM,RAMP 4 FR IS 270 NB TO WATKINS MILL RD,NA,Angle,Clear,Dry,Daylight,Traffic Control Signal,NONE DETECTED,No,Possible Minor Injury,NA,Not Distracted,MD,Pickup,Turning Left,30,No,2008,CHEVROLET,AVALANCHE,39.15664706,-77.22458427,2024,1,11
240001698,Injury Crash,01/11/2024 11:00:00 AM,RAMP 4 FR IS 270 NB TO WATKINS MILL RD,NA,Angle,Clear,Dry,Daylight,Traffic Control Signal,NONE DETECTED,No,Possible Minor Injury,NA,Not Distracted,MD,Passenger Car,Moving Constant Speed,30,No,2023,HYUNDAI,SONATA,39.15664706,-77.22458427,2024,1,11
240001686,Injury Crash,01/11/2024 09:53:00 AM,FIRST ST (WB/L),NA,Front to Rear,Clear,Dry,Daylight,No Controls,NONE DETECTED,No,No Apparent Injury,NA,Not Distracted,MD,Passenger Car,Stopped in Traffic,30,No,2019,TOYOTA,HIGHLANDER,39.08470005,-77.13623581,2024,1,9
240001686,Injury Crash,01/11/2024 09:53:00 AM,FIRST ST (WB/L),NA,Front to Rear,Clear,Dry,Daylight,No Controls,NONE DETECTED,No,No Apparent Injury,NA,Unknown,MD,Passenger Car,Moving Constant Speed,30,No,2017,TOYOTA,PRIUS,39.08470005,-77.13623581,2024,1,9
240001763,Property Damage Crash,01/11/2024 09:33:00 AM,NA,NA,"Sideswipe, Same Direction",Clear,Dry,Daylight,No Controls,NONE DETECTED,No,No Apparent Injury,NA,Not Distracted,MD,Passenger Car,Moving Constant Speed,25,No,2021,HONDA,ACCORD,39.10728476,-76.93900032,2024,1,9
240001763,Property Damage Crash,01/11/2024 09:33:00 AM,NA,NA,"Sideswipe, Same Direction",Clear,Dry,Daylight,No Controls,NONE DETECTED,No,No Apparent Injury,NA,Unknown,NA,Pickup,Entering Traffic Lane,25,No,2021,TOYOTA,TACOMA,39.10728476,-76.93900032,2024,1,9