Local Case Number,ACRS Report Type,Crash Date/Time,Road Name,Related Non-Motorist,Collision Type,Weather,Surface Condition,Light,Traffic Control,Driver Substance Abuse,Driver At Fault,Injury Severity,Circumstance,Driver Distracted By,Drivers License State,Vehicle Body Type,Vehicle Movement,Speed Limit,Driverless Vehicle,Vehicle Year,Vehicle Make,Vehicle Model,Latitude,Longitude,Year,Month,Hour
240001339,Property Damage Crash,01/09/2024 12:30:00 PM,WATKINS MILL RD,NA,Front to Rear,Rain,Wet,Daylight,No Controls,NONE DETECTED,No,No Apparent Injury,NA,Not Distracted,MD,Passenger Car,Stopped in Traffic,35,No,2023,TOYOTA,TACOMA,39.17624901,-77.20989711,2024,1,12
240001317,Injury Crash,01/09/2024 11:00:00 AM,NEW HAMPSHIRE AVE,NA,Other,Rain,Wet,Daylight,Traffic Control Signal,NONE DETECTED,Yes,No Apparent Injury,Ran Red Light,Unknown,MD,Other,Moving Constant Speed,30,No,2011,TOYOTA,SIENNA,39.07589985,-77.00176689,2024,1,11
240001317,Injury Crash,01/09/2024 11:00:00 AM,NEW HAMPSHIRE AVE,NA,Other,Rain,Wet,Daylight,Traffic Control Signal,NONE DETECTED,No,Possible Minor Injury,NA,Not Distracted,MD,Passenger Car,Turning Left,35,No,2010,LEXUS,HS,39.07589985,-77.00176689,2024,1,11
240001315,Property Damage Crash,01/09/2024 10:20:00 AM,BONIFANT RD,NA,Other,Rain,Wet,Daylight,No Controls,NONE DETECTED,No,No Apparent Injury,"Disregarded Other Road Markings, Failed to Keep in Proper Lane, Improper Turn",Not Distracted,MD,Passenger Car,Slowing or Stopping,35,No,2004,TOYOTA,CAMRY,39.09114165,-77.0433323,2024,1,10
240001315,Property Damage Crash,01/09/2024 10:20:00 AM,BONIFANT RD,NA,Other,Rain,Wet,Daylight,No Controls,NONE DETECTED,No,No Apparent Injury,NA,Unknown,MD,Passenger Car,Moving Constant Speed,35,No,2011,MITSUBISHI,ENDEAVOR,39.09114165,-77.0433323,2024,1,10
240001307,Injury Crash,01/09/2024 09:48:00 AM,PARKLAWN DR (WB/L),NA,Other,Rain,Wet,Daylight,No Controls,NONE DETECTED,No,Possible Minor Injury,NA,Not Distracted,NC,Passenger Car,Moving Constant Speed,30,No,2023,MERCEDES-BENZ,GLC-CLASS,39.06028919,-77.11138027,2024,1,9
240001307,Injury Crash,01/09/2024 09:48:00 AM,PARKLAWN DR (WB/L),NA,Other,Rain,Wet,Daylight,No Controls,NONE DETECTED,No,No Apparent Injury,NA,Not Distracted,MD,Passenger Car,Entering Traffic Lane,30,No,2005,FORD,E-250,39.06028919,-77.11138027,2024,1,9
240001305,Property Damage Crash,01/09/2024 09:30:00 AM,NA,NA,Single Vehicle,Rain,NA,Daylight,NA,NONE DETECTED,No,No Apparent Injury,NA,Unknown,MD,Bus - School,Backing,0,No,2022,THOMAS BUILT,UNKNOWN,39.0765471,-77.16322621,2024,1,9
240001291,Property Damage Crash,01/09/2024 08:32:00 AM,RIVER RD,NA,Front to Front,Rain,Wet,Daylight,No Controls,NONE DETECTED,No,No Apparent Injury,NA,Not Distracted,VA,Sport Utility Vehicle,Stopped in Traffic,35,No,2022,VOLVO,XC60,38.98805137,-77.14709831,2024,1,8
240001291,Property Damage Crash,01/09/2024 08:32:00 AM,RIVER RD,NA,Front to Front,Rain,Wet,Daylight,No Controls,NONE DETECTED,No,No Apparent Injury,NA,Not Distracted,MD,Passenger Car,Stopped in Traffic,35,No,2014,CHEVROLET,SONIC,38.98805137,-77.14709831,2024,1,8
240001291,Property Damage Crash,01/09/2024 08:32:00 AM,RIVER RD,NA,Front to Front,Rain,Wet,Daylight,No Controls,NONE DETECTED,No,No Apparent Injury,"Followed Too Closely, Too Fast For Conditions",Not Distracted,VA,Pickup,Slowing or Stopping,35,No,2017,CHEVROLET,SILVERADO,38.98805137,-77.14709831,2024,1,8
240001285,Injury Crash,01/09/2024 07:56:00 AM,BLUERIDGE AVE,NA,Angle,Rain,Wet,Medium,Traffic Control Signal,NONE DETECTED,No,Possible Minor Injury,NA,Not Distracted,MD,All-Terrain Vehicle/All-Terrain Cycle (ATV/ATC),Accelerating,15,No,2008,HONDA,FIT,39.04308743,-77.05212771,2024,1,7
240001285,Injury Crash,01/09/2024 07:56:00 AM,BLUERIDGE AVE,NA,Angle,Rain,Wet,Medium,Traffic Control Signal,NONE DETECTED,No,No Apparent Injury,Ran Red Light,Not Distracted,MD,All-Terrain Vehicle/All-Terrain Cycle (ATV/ATC),Accelerating,25,No,2020,DODGE,DURANGO,39.04308743,-77.05212771,2024,1,7
240001287,Injury Crash,01/09/2024 07:51:00 AM,SHADY GROVE RD (SB/L),NA,Front to Front,Rain,Wet,Daylight,Traffic Control Signal,NONE DETECTED,No,Possible Minor Injury,NA,Not Distracted,MD,Passenger Car,Moving Constant Speed,45,No,2018,NISSAN,VERSA,39.1076754,-77.18956033,2024,1,7
240001287,Injury Crash,01/09/2024 07:51:00 AM,SHADY GROVE RD (SB/L),NA,Front to Front,Rain,Wet,Daylight,Traffic Control Signal,NONE DETECTED,Yes,No Apparent Injury,Failed to Yield Right-of-Way,Not Distracted,MD,Passenger Car,Turning Left,45,No,2019,DODGE,CHARGER,39.1076754,-77.18956033,2024,1,7
240001279,Injury Crash,01/09/2024 07:32:00 AM,NA,NA,Front to Rear,Rain,Wet,Daylight,No Controls,NONE DETECTED,No,No Apparent Injury,Followed Too Closely,Unknown,MD,Passenger Car,Moving Constant Speed,25,No,2009,ACURA,TSX,38.99504178,-77.02510483,2024,1,7
240001279,Injury Crash,01/09/2024 07:32:00 AM,NA,NA,Front to Rear,Rain,Wet,Daylight,No Controls,NONE DETECTED,No,Possible Minor Injury,NA,Not Distracted,MD,Sport Utility Vehicle,Slowing or Stopping,25,No,2018,GMC,TERRAIN,38.99504178,-77.02510483,2024,1,7
240001282,Injury Crash,01/09/2024 07:26:00 AM,BENTLEY PARK DR,NA,Angle,Rain,Wet,Daylight,No Controls,NONE DETECTED,No,No Apparent Injury,NA,Not Distracted,MD,Bus - School,Slowing or Stopping,25,No,2024,FREIGHTLINER,B2 BUS CHASSIS,39.09193271,-76.91840084,2024,1,7
240001282,Injury Crash,01/09/2024 07:26:00 AM,BENTLEY PARK DR,NA,Angle,Rain,Wet,Daylight,No Controls,NONE DETECTED,No,No Apparent Injury,Improper Passing,Unknown,MD,Sport Utility Vehicle,Overtaking/Passing,25,No,2018,MERCEDES-BENZ,300,39.09193271,-76.91840084,2024,1,7
240001276,Property Damage Crash,01/09/2024 07:00:00 AM,NA,NA,"Sideswipe, Same Direction",Clear,Dry,Medium,No Controls,NONE DETECTED,No,No Apparent Injury,NA,Not Distracted,MD,Sport Utility Vehicle,Moving Constant Speed,35,No,2016,HONDA,PILOT,39.07572313,-76.99477736,2024,1,7
240001276,Property Damage Crash,01/09/2024 07:00:00 AM,NA,NA,"Sideswipe, Same Direction",Clear,Dry,Medium,No Controls,NONE DETECTED,No,NA,NA,NA,NA,Passenger Car,Changing Lanes,35,No,2003,BMW,530IA,39.07572313,-76.99477736,2024,1,7
240001274,Property Damage Crash,01/09/2024 06:49:00 AM,UNIVERSITY BLVD W,NA,Front to Rear,Clear,Dry,Medium,Traffic Control Signal,NONE DETECTED,No,No Apparent Injury,Followed Too Closely,Not Distracted,MD,Sport Utility Vehicle,Changing Lanes,35,No,2014,FORD,EXPLORER,39.01990519,-77.01351026,2024,1,6
240001274,Property Damage Crash,01/09/2024 06:49:00 AM,UNIVERSITY BLVD W,NA,Front to Rear,Clear,Dry,Medium,Traffic Control Signal,NONE DETECTED,No,No Apparent Injury,NA,Not Distracted,MD,Sport Utility Vehicle,Slowing or Stopping,35,No,2014,NISSAN,PATHFINDER,39.01990519,-77.01351026,2024,1,6
240001277,Property Damage Crash,01/09/2024 06:30:00 AM,UNIVERSITY BLVD W,NA,Front to Rear,Cloudy,Wet,Medium,Traffic Control Signal,NONE DETECTED,Yes,No Apparent Injury,"Operated Motor Vehicle in Inattentive, Careless, Negligent, or Erratic Manner",Not Distracted,MD,Passenger Car,Slowing or Stopping,30,No,2015,SUBARU,LEGACY,39.01985151,-77.01338617,2024,1,6
240001273,Property Damage Crash,01/09/2024 06:30:00 AM,OLD HUNDRED RD,NA,Front to Rear,Cloudy,Wet,Medium,Traffic Control Signal,NONE DETECTED,No,No Apparent Injury,NA,Not Distracted,MD,Passenger Car,Stopped in Traffic,30,No,2019,CHEVROLET,CAMARO,39.28086256,-77.31501271,2024,1,6
240001273,Property Damage Crash,01/09/2024 06:30:00 AM,OLD HUNDRED RD,NA,Front to Rear,Cloudy,Wet,Medium,Traffic Control Signal,NONE DETECTED,Yes,No Apparent Injury,"Swerved or Avoided Due to Wind, Slippery Surface, Motor Vehicle, Object, Non-Motorist in Roadway, etc","Other Action (looking away from task, etc.)",MD,Passenger Car,Slowing or Stopping,30,No,2017,CADILLAC,ATS,39.28086256,-77.31501271,2024,1,6
250001038,Property Damage Crash,01/08/2024 11:45:00 PM,MUNCASTER MILL RD,NA,"Sideswipe, Same Direction",Clear,Dry,Medium,Traffic Control Signal,NONE DETECTED,No,No Apparent Injury,NA,Not Distracted,MD,Passenger Car,Moving Constant Speed,40,No,2022,NISSAN,ALTIMA,39.13374612,-77.12221471,2024,1,23
250001038,Property Damage Crash,01/08/2024 11:45:00 PM,MUNCASTER MILL RD,NA,"Sideswipe, Same Direction",Clear,Dry,Medium,Traffic Control Signal,NONE DETECTED,No,No Apparent Injury,Improper Passing,Unknown,MD,Passenger Car,Overtaking/Passing,40,No,2006,KIA,RIO,39.13374612,-77.12221471,2024,1,23
240001336,Property Damage Crash,01/08/2024 09:00:00 PM,NA,NA,Single Vehicle,Clear,NA,Medium,NA,NONE DETECTED,No,No Apparent Injury,Improper Backing,Not Distracted,MD,Passenger Car,Backing,0,No,2004,BMW,525I,39.04708333,-77.10988498,2024,1,21
240001227,Injury Crash,01/08/2024 06:25:00 PM,REDLAND BLVD,NA,Angle,Clear,Dry,Medium,Traffic Control Signal,NONE DETECTED,No,No Apparent Injury,Failed to Yield Right-of-Way,Not Distracted,MD,Passenger Car,Turning Left,40,No,2008,HONDA,ACCORD,39.1156806,-77.1661691,2024,1,18
240001227,Injury Crash,01/08/2024 06:25:00 PM,REDLAND BLVD,NA,Angle,Clear,Dry,Medium,Traffic Control Signal,NONE DETECTED,No,Possible Minor Injury,NA,Not Distracted,FL,Passenger Car,Moving Constant Speed,40,No,2018,KIA,OPTIMA,39.1156806,-77.1661691,2024,1,18
240001221,Property Damage Crash,01/08/2024 05:38:00 PM,BRADLEY LA,NA,Front to Rear,Clear,Dry,Daylight,Traffic Control Signal,NONE DETECTED,No,No Apparent Injury,NA,Unknown,NA,Passenger Car,Moving Constant Speed,30,No,2004,CHRYSLER,156,38.97671614,-77.07726972,2024,1,17
240001221,Property Damage Crash,01/08/2024 05:38:00 PM,BRADLEY LA,NA,Front to Rear,Clear,Dry,Daylight,Traffic Control Signal,NONE DETECTED,No,No Apparent Injury,NA,Not Distracted,MD,Passenger Car,Stopped in Traffic,30,No,2016,VOLVO,XC60,38.97671614,-77.07726972,2024,1,17
240001312,Property Damage Crash,01/08/2024 04:53:00 PM,LAKE LANDING RD,NA,"Sideswipe, Opposite Direction",Clear,Dry,Daylight,No Controls,NONE DETECTED,No,No Apparent Injury,NA,NA,NA,Bus - School,Moving Constant Speed,15,No,2015,THML,UNKNOWN,39.16546236,-77.20636107,2024,1,16
240001207,Injury Crash,01/08/2024 04:47:00 PM,NA,NA,Rear To Side,Clear,NA,Daylight,NA,NONE DETECTED,No,No Apparent Injury,NA,Not Distracted,MD,Sport Utility Vehicle,Moving Constant Speed,0,No,1996,TOYOTA,4-RUNNER,39.20029382,-77.24653185,2024,1,16
240001207,Injury Crash,01/08/2024 04:47:00 PM,NA,NA,Rear To Side,Clear,NA,Daylight,NA,NONE DETECTED,No,No Apparent Injury,Failed to Yield Right-of-Way,Unknown,MD,Passenger Car,Accelerating,0,No,2018,SUBARU,IMPREZA,39.20029382,-77.24653185,2024,1,16
240001214,Property Damage Crash,01/08/2024 04:27:00 PM,NORTHAMPTON DR (SB/L),NA,"Sideswipe, Same Direction",Clear,Dry,Daylight,No Controls,NONE DETECTED,No,NA,NA,NA,NA,Passenger Car,Moving Constant Speed,25,No,0,NA,NA,39.00717277,-76.9822338,2024,1,16
240001214,Property Damage Crash,01/08/2024 04:27:00 PM,NORTHAMPTON DR (SB/L),NA,"Sideswipe, Same Direction",Clear,Dry,Daylight,No Controls,NONE DETECTED,No,No Apparent Injury,NA,Not Distracted,MD,Other Trucks,Stopped in Traffic,25,No,2019,PETERBILT,520,39.00717277,-76.9822338,2024,1,16
240001202,Injury Crash,01/08/2024 04:20:00 PM,CONNECTICUT AVE,NA,Front to Rear,Clear,Dry,Daylight,No Controls,NONE DETECTED,No,Possible Minor Injury,NA,Not Distracted,MD,Passenger Car,Slowing or Stopping,40,No,2018,MERCEDES-BENZ,CLA-CLASS,39.0354854,-77.07498513,2024,1,16
240001202,Injury Crash,01/08/2024 04:20:00 PM,CONNECTICUT AVE,NA,Front to Rear,Clear,Dry,Daylight,No Controls,NONE DETECTED,No,Possible Minor Injury,NA,Not Distracted,MD,Passenger Car,Slowing or Stopping,40,No,2016,HONDA,CIVIC,39.0354854,-77.07498513,2024,1,16
240001200,Property Damage Crash,01/08/2024 04:10:00 PM,CEDAR SPRING ST,NA,"Sideswipe, Same Direction",Clear,Dry,Daylight,No Controls,NONE DETECTED,No,No Apparent Injury,NA,Not Distracted,MD,Passenger Car,Parked,15,No,2023,THOMAS BUILT,SCHOOL BUS,39.15264777,-77.19039888,2024,1,16
240001196,Property Damage Crash,01/08/2024 04:10:00 PM,NA,NA,Angle,Clear,Dry,Daylight,No Controls,NONE DETECTED,No,No Apparent Injury,NA,Not Distracted,MD,Passenger Car,Moving Constant Speed,30,No,2013,HONDA,ACCORD,39.15031283,-77.01235417,2024,1,16
240001196,Property Damage Crash,01/08/2024 04:10:00 PM,NA,NA,Angle,Clear,Dry,Daylight,Stop Sign,NONE DETECTED,No,No Apparent Injury,Failed to Yield Right-of-Way,Not Distracted,MD,Passenger Car,Entering Traffic Lane,30,No,2012,NISSAN,VERSA,39.15031283,-77.01235417,2024,1,16
240001200,Property Damage Crash,01/08/2024 04:10:00 PM,CEDAR SPRING ST,NA,"Sideswipe, Same Direction",Clear,Dry,Daylight,No Controls,NONE DETECTED,No,No Apparent Injury,Improper Passing,Unknown,MD,Passenger Car,Overtaking/Passing,15,No,2019,HONDA,ODYSSEY,39.15264777,-77.19039888,2024,1,16
240001199,Property Damage Crash,01/08/2024 03:57:00 PM,CONNECTICUT AVE,NA,Front to Rear,Clear,Dry,Daylight,No Controls,NONE DETECTED,No,No Apparent Injury,NA,Not Distracted,MD,Pickup,Slowing or Stopping,35,No,2024,NISSAN,TITAN,39.002745,-77.07714217,2024,1,15
240001199,Property Damage Crash,01/08/2024 03:57:00 PM,CONNECTICUT AVE,NA,Front to Rear,Clear,Dry,Daylight,No Controls,NONE DETECTED,No,No Apparent Injury,"Followed Too Closely, Too Fast For Conditions",Unknown,IN,Passenger Car,Moving Constant Speed,35,No,2002,MAZDA,MPV,39.002745,-77.07714217,2024,1,15
240001190,Property Damage Crash,01/08/2024 03:11:00 PM,SENECA RD,NA,Front to Rear,Clear,Dry,Daylight,No Controls,NONE DETECTED,No,No Apparent Injury,NA,Not Distracted,MD,Bus - School,Parked,35,No,2017,THOMAS BUILT,SCHOOL BUS,39.08889368,-77.30246782,2024,1,15
240001190,Property Damage Crash,01/08/2024 03:11:00 PM,SENECA RD,NA,Front to Rear,Clear,Dry,Daylight,No Controls,NONE DETECTED,No,No Apparent Injury,"Followed Too Closely, Too Fast For Conditions","Other Action (looking away from task, etc.)",MD,Pickup,Moving Constant Speed,35,No,2006,GMC,SILVERADO MEDIUM DUTY (GM51P),39.08889368,-77.30246782,2024,1,15
240001186,Property Damage Crash,01/08/2024 03:01:00 PM,W MONTGOMERY AVE,NA,"Sideswipe, Same Direction",Clear,Dry,Daylight,No Controls,NONE DETECTED,No,No Apparent Injury,NA,Not Distracted,VA,Passenger Car,Accelerating,45,No,2022,CHEVROLET,EQUINOX,39.0909649,-77.17939966,2024,1,15
240001186,Property Damage Crash,01/08/2024 03:01:00 PM,W MONTGOMERY AVE,NA,"Sideswipe, Same Direction",Clear,Dry,Daylight,No Controls,NONE DETECTED,No,NA,NA,NA,NA,Passenger Car,Entering Traffic Lane,45,No,2015,ACURA,TLX,39.0909649,-77.17939966,2024,1,15
240001183,Property Damage Crash,01/08/2024 03:00:00 PM,NA,NA,Unknown,Clear,NA,Daylight,NA,NONE DETECTED,No,No Apparent Injury,"Improper Backing, Operated Motor Vehicle in Inattentive, Careless, Negligent, or Erratic Manner",Unknown,NA,Passenger Car,Backing,0,No,2011,HONDA,ODYSSEY,39.09175734,-77.04764664,2024,1,15
240001177,Property Damage Crash,01/08/2024 02:09:00 PM,GRANDIN AVE,NA,Rear To Rear,Clear,Dry,Daylight,No Controls,NONE DETECTED,No,NA,NA,Unknown,NA,Passenger Car,Moving Constant Speed,25,No,2007,TOYOTA,CAMRY,39.0810385,-77.13776767,2024,1,14
240001177,Property Damage Crash,01/08/2024 02:09:00 PM,GRANDIN AVE,NA,Rear To Rear,Clear,Dry,Daylight,No Controls,NONE DETECTED,No,No Apparent Injury,NA,Not Distracted,MD,Passenger Car,Slowing or Stopping,25,No,2021,NISSAN,ROGUE,39.0810385,-77.13776767,2024,1,14
240001177,Property Damage Crash,01/08/2024 02:09:00 PM,GRANDIN AVE,NA,Rear To Rear,Clear,Dry,Daylight,No Controls,NONE DETECTED,No,No Apparent Injury,NA,Unknown,MD,Passenger Car,Slowing or Stopping,25,No,2006,HONDA,CIVIC,39.0810385,-77.13776767,2024,1,14
240001203,Property Damage Crash,01/08/2024 02:00:00 PM,SHADY GROVE RD,NA,"Sideswipe, Same Direction",Clear,Dry,Daylight,Other Warning Sign,NONE DETECTED,No,No Apparent Injury,NA,Not Distracted,MD,Passenger Car,Slowing or Stopping,45,No,2014,TOYOTA,CAMRY,39.11899146,-77.18232731,2024,1,14
240001203,Property Damage Crash,01/08/2024 02:00:00 PM,SHADY GROVE RD,NA,"Sideswipe, Same Direction",Clear,Dry,Daylight,Other Warning Sign,NONE DETECTED,No,No Apparent Injury,Other Improper Action,Unknown,NA,Other,Slowing or Stopping,45,No,2004,FORD,F-350,39.11899146,-77.18232731,2024,1,14
240001175,Property Damage Crash,01/08/2024 01:50:00 PM,NA,NA,"Sideswipe, Same Direction",Clear,NA,Daylight,NA,NONE DETECTED,No,No Apparent Injury,Other Improper Action,Not Distracted,MD,Passenger Car,NA,0,No,2010,HONDA,ODYSSEY,39.09160372,-77.04736495,2024,1,13
240001171,Property Damage Crash,01/08/2024 01:32:00 PM,NA,NA,Front to Rear,Cloudy,NA,Daylight,NA,NONE DETECTED,No,No Apparent Injury,Too Fast For Conditions,Unknown,NA,Passenger Car,Moving Constant Speed,0,No,2010,HONDA,ODYSSEY,39.05717599,-77.0834834,2024,1,13
240001138,Injury Crash,01/08/2024 11:51:00 AM,BRINK RD,NA,Angle,Clear,Dry,Daylight,Stop Sign,NONE DETECTED,No,Possible Minor Injury,"Failed to Yield Right-of-Way, Over-Correcting/Over-Steering",Unknown,MD,Sport Utility Vehicle,Turning Right,35,No,2022,VOLKSWAGEN,TAOS,39.20123683,-77.20377417,2024,1,11
240001138,Injury Crash,01/08/2024 11:51:00 AM,BRINK RD,NA,Angle,Clear,Dry,Daylight,Stop Sign,NONE DETECTED,No,No Apparent Injury,NA,Not Distracted,MD,Passenger Car,Turning Left,35,No,2016,NISSAN,SENTRA,39.20123683,-77.20377417,2024,1,11
240001118,Property Damage Crash,01/08/2024 09:34:00 AM,NA,NA,Front to Front,Clear,NA,Daylight,NA,NONE DETECTED,No,No Apparent Injury,Other Improper Action,Not Distracted,MD,Sport Utility Vehicle,Turning Left,0,No,2021,FORD,EXPLORER,39.0559647,-77.1181038,2024,1,9
240001120,Property Damage Crash,01/08/2024 09:19:00 AM,NA,NA,Other,Clear,NA,Daylight,NA,NONE DETECTED,No,No Apparent Injury,Improper Backing,Unknown,MD,Bus - School,Backing,0,No,2014,THOMAS BUILT,SCHOOL BUS,39.1267062,-77.1653368,2024,1,9
240001120,Property Damage Crash,01/08/2024 09:19:00 AM,NA,NA,Other,Clear,NA,Daylight,NA,NONE DETECTED,No,No Apparent Injury,NA,Not Distracted,MD,Passenger Car,Parked,0,No,2022,TOYOTA,COROLLA,39.1267062,-77.1653368,2024,1,9
240001105,Injury Crash,01/08/2024 07:41:00 AM,BRIGGS CHANEY RD,NA,Angle,Clear,Dry,Daylight,Stop Sign,NONE DETECTED,Yes,No Apparent Injury,Failed to Yield Right-of-Way,Not Distracted,MD,Passenger Car,Moving Constant Speed,40,No,2001,MERCEDES-BENZ,350,39.07591883,-76.94120235,2024,1,7
240001105,Injury Crash,01/08/2024 07:41:00 AM,BRIGGS CHANEY RD,NA,Angle,Clear,Dry,Daylight,Stop Sign,NONE DETECTED,No,Possible Minor Injury,NA,Not Distracted,MD,Passenger Car,Moving Constant Speed,40,No,2013,HONDA,FIT,39.07591883,-76.94120235,2024,1,7
240001103,Property Damage Crash,01/08/2024 07:37:00 AM,NA,NA,Front to Rear,Clear,NA,Daylight,NA,NONE DETECTED,No,No Apparent Injury,Improper Backing,Unknown,MD,Passenger Car,Backing,0,No,2016,BUICK,ENCLAVE,39.14012934,-77.19555037,2024,1,7
240001102,Property Damage Crash,01/08/2024 07:35:00 AM,S SUMMIT AVE,NA,Angle,Cloudy,Dry,Daylight,No Controls,NONE DETECTED,Yes,No Apparent Injury,NA,Not Distracted,MD,Passenger Car,Changing Lanes,25,No,2021,HONDA,CIVIC,39.14088099,-77.19361755,2024,1,7
240001102,Property Damage Crash,01/08/2024 07:35:00 AM,S SUMMIT AVE,NA,Angle,Cloudy,Dry,Daylight,No Controls,NONE DETECTED,No,No Apparent Injury,NA,Unknown,MD,Passenger Car,Accelerating,25,No,2016,BUICK,ENCLAVE,39.14088099,-77.19361755,2024,1,7
240001094,Property Damage Crash,01/08/2024 05:00:00 AM,GARLAND AVE,NA,Single Vehicle,Clear,Dry,Medium,No Controls,NONE DETECTED,No,No Apparent Injury,Other Improper Action,Unknown,MD,Van - Passenger (&lt;9 Seats),Moving Constant Speed,30,No,2006,FORD,E-350,38.99622667,-76.99887667,2024,1,5
240001092,Property Damage Crash,01/08/2024 04:50:00 AM,GOODHILL RD,NA,Other,Clear,Dry,Medium,No Controls,NONE DETECTED,No,No Apparent Injury,NA,Not Distracted,MD,Passenger Car,Slowing or Stopping,30,No,2019,HYUNDAI,ELANTRA,39.06660932,-77.07153703,2024,1,4
240001088,Property Damage Crash,01/08/2024 01:47:00 AM,SPURRIER AVE,NA,Front to Rear,Clear,Dry,Medium,No Controls,NONE DETECTED,No,No Apparent Injury,"Failed to Keep in Proper Lane, Wrong Side","Other Action (looking away from task, etc.)",MD,Sport Utility Vehicle,Moving Constant Speed,30,No,2015,JEEP,UT,39.14031117,-77.4162775,2024,1,1
240001082,Injury Crash,01/07/2024 11:11:00 PM,HUNGERFORD DR (SB/L),NA,Front to Rear,Clear,Dry,Medium,Traffic Control Signal,NONE DETECTED,Yes,Possible Minor Injury,"Operated Motor Vehicle in Inattentive, Careless, Negligent, or Erratic Manner",Unknown,MD,Passenger Car,Moving Constant Speed,40,No,2015,TOYOTA,PRIUS,39.10650299,-77.15855709,2024,1,23
240001082,Injury Crash,01/07/2024 11:11:00 PM,HUNGERFORD DR (SB/L),NA,Front to Rear,Clear,Dry,Medium,Traffic Control Signal,NONE DETECTED,No,Possible Minor Injury,NA,Not Distracted,MD,Passenger Car,Stopped in Traffic,40,No,2003,TOYOTA,SIENNA,39.10650299,-77.15855709,2024,1,23
240001079,Injury Crash,01/07/2024 10:44:00 PM,COLESVILLE RD (SB/L),NA,Front to Front,Clear,Dry,Medium,No Controls,NONE DETECTED,No,Possible Minor Injury,NA,Not Distracted,MD,Passenger Car,Moving Constant Speed,40,No,2022,TOYOTA,SIENNA,39.02665533,-77.0106785,2024,1,22
240001079,Injury Crash,01/07/2024 10:44:00 PM,COLESVILLE RD (SB/L),NA,Front to Front,Clear,Dry,Medium,No Controls,NONE DETECTED,No,Possible Minor Injury,Wrong Way,Unknown,MD,Passenger Car,Moving Constant Speed,40,No,2024,HONDA,CIVIC,39.02665533,-77.0106785,2024,1,22
240001074,Property Damage Crash,01/07/2024 09:31:00 PM,CLARKSBURG RD,NA,Front to Rear,Clear,Dry,Dark,No Controls,NONE DETECTED,Yes,No Apparent Injury,Other Improper Action,Not Distracted,MD,Sport Utility Vehicle,Moving Constant Speed,40,No,2020,LAND ROVER,RANGE ROVER,39.2292595,-77.2875625,2024,1,21
240001074,Property Damage Crash,01/07/2024 09:31:00 PM,CLARKSBURG RD,NA,Front to Rear,Clear,Dry,Dark,No Controls,NONE DETECTED,No,No Apparent Injury,NA,Not Distracted,PA,Pickup,Slowing or Stopping,40,No,2017,RAM,3500,39.2292595,-77.2875625,2024,1,21
240001071,Property Damage Crash,01/07/2024 09:12:00 PM,CLOPPER RD,NA,"Sideswipe, Same Direction",Cloudy,Dry,Dark,"Other Pavement Marking (excluding edgelines, centerlines, or lane lines)",NONE DETECTED,No,No Apparent Injury,NA,Not Distracted,MD,Bus - Transit,Accelerating,35,No,2017,GILLIG,CITY SUBURBAN BUS,39.14856563,-77.23914781,2024,1,21
240001071,Property Damage Crash,01/07/2024 09:12:00 PM,CLOPPER RD,NA,"Sideswipe, Same Direction",Cloudy,Dry,Dark,"Other Pavement Marking (excluding edgelines, centerlines, or lane lines)",NONE DETECTED,No,No Apparent Injury,Other Improper Action,Unknown,MD,Sport Utility Vehicle,Accelerating,35,No,2018,JEEP,LATITUDE,39.14856563,-77.23914781,2024,1,21