Local Case Number,ACRS Report Type,Crash Date/Time,Road Name,Related Non-Motorist,Collision Type,Weather,Surface Condition,Light,Traffic Control,Driver Substance Abuse,Driver At Fault,Injury Severity,Circumstance,Driver Distracted By,Drivers License State,Vehicle Body Type,Vehicle Movement,Speed Limit,Driverless Vehicle,Vehicle Year,Vehicle Make,Vehicle Model,Latitude,Longitude,Year,Month,Hour
240000769,Injury Crash,01/05/2024 02:22:00 PM,NA,NA,Angle,Clear,Dry,Daylight,Stop Sign,NONE DETECTED,No,Possible Minor Injury,Failed to Yield Right-of-Way,Unknown,XX,Passenger Car,Accelerating,30,No,2018,HONDA,CIVIC,39.019786,-77.13439763,2024,1,14
240000769,Injury Crash,01/05/2024 02:22:00 PM,NA,NA,Angle,Clear,Dry,Daylight,No Controls,NONE DETECTED,No,Possible Minor Injury,NA,Not Distracted,MD,Sport Utility Vehicle,Moving Constant Speed,30,No,2015,HONDA,CR-V,39.019786,-77.13439763,2024,1,14
240000762,Injury Crash,01/05/2024 01:38:00 PM,BRIGGS CHANEY RD,NA,Other,Clear,Dry,Daylight,Traffic Control Signal,NONE DETECTED,Yes,No Apparent Injury,Ran Red Light,Unknown,MD,Passenger Car,Moving Constant Speed,35,No,2020,NISSAN,PATHFINDER,39.08274769,-76.94808098,2024,1,13
240000762,Injury Crash,01/05/2024 01:38:00 PM,BRIGGS CHANEY RD,NA,Other,Clear,Dry,Daylight,Traffic Control Signal,NONE DETECTED,No,Possible Minor Injury,NA,Not Distracted,MD,Passenger Car,Turning Left,35,No,2017,TOYOTA,CAMRY,39.08274769,-76.94808098,2024,1,13
240000762,Injury Crash,01/05/2024 01:38:00 PM,BRIGGS CHANEY RD,NA,Other,Clear,Dry,Daylight,Traffic Control Signal,NONE DETECTED,No,No Apparent Injury,NA,Not Distracted,MD,Other Trucks,Entering Traffic Lane,35,No,2011,PRECISION,UNKNOWN,39.08274769,-76.94808098,2024,1,13
240000747,Property Damage Crash,01/05/2024 12:42:00 PM,BEALL AVE,NA,"Sideswipe, Same Direction",Clear,Dry,Daylight,No Controls,NONE DETECTED,No,No Apparent Injury,NA,Not Distracted,VA,Other Trucks,Overtaking/Passing,25,No,2016,ISUZU,UNKNOWN,39.08852301,-77.17033906,2024,1,12
240000747,Property Damage Crash,01/05/2024 12:42:00 PM,BEALL AVE,NA,"Sideswipe, Same Direction",Clear,Dry,Daylight,No Controls,NONE DETECTED,No,No Apparent Injury,NA,Not Distracted,MD,Other Trucks,Parked,25,No,2018,PETERBILT,UNKNOWN,39.08852301,-77.17033906,2024,1,12
240000742,Property Damage Crash,01/05/2024 12:37:00 PM,RAMP 1 FR MD 355 NB TO IS 370 WB,NA,Front to Rear,Clear,Dry,Daylight,No Controls,NONE DETECTED,No,No Apparent Injury,NA,Not Distracted,DC,Passenger Car,Stopped in Traffic,45,No,2008,HYUNDAI,SONATA,39.1238629,-77.17917896,2024,1,12
240000742,Property Damage Crash,01/05/2024 12:37:00 PM,RAMP 1 FR MD 355 NB TO IS 370 WB,NA,Front to Rear,Clear,Dry,Daylight,No Controls,NONE DETECTED,No,No Apparent Injury,NA,Not Distracted,MD,Passenger Car,Slowing or Stopping,45,No,2007,TOYOTA,PRIUS,39.1238629,-77.17917896,2024,1,12
240000742,Property Damage Crash,01/05/2024 12:37:00 PM,RAMP 1 FR MD 355 NB TO IS 370 WB,NA,Front to Rear,Clear,Dry,Daylight,No Controls,NONE DETECTED,Yes,No Apparent Injury,Followed Too Closely,Unknown,MD,Passenger Car,Slowing or Stopping,45,No,2019,TOYOTA,RAV4,39.1238629,-77.17917896,2024,1,12
240000746,Property Damage Crash,01/05/2024 12:31:00 PM,LEAMAN FARM RD,NA,"Sideswipe, Opposite Direction",Clear,Dry,Daylight,Stop Sign,NONE DETECTED,No,No Apparent Injury,Other Improper Action,Not Distracted,MD,Passenger Car,Moving Constant Speed,45,No,2012,HYUNDAI,SANTA FE,39.1649023,-77.2945257,2024,1,12
240000746,Property Damage Crash,01/05/2024 12:31:00 PM,LEAMAN FARM RD,NA,"Sideswipe, Opposite Direction",Clear,Dry,Daylight,Stop Sign,NONE DETECTED,Yes,No Apparent Injury,Other Improper Action,Not Distracted,MD,Passenger Car,Moving Constant Speed,45,No,2005,MERCEDES-BENZ,SL-CLASS,39.1649023,-77.2945257,2024,1,12
240000739,Property Damage Crash,01/05/2024 12:05:00 PM,VEIRS MILL RD,NA,Front to Rear,Clear,Dry,Daylight,No Controls,NONE DETECTED,Yes,No Apparent Injury,Followed Too Closely,Unknown,MD,Passenger Car,Slowing or Stopping,35,No,2014,HONDA,ACCORD,39.04953107,-77.07087265,2024,1,12
240000739,Property Damage Crash,01/05/2024 12:05:00 PM,VEIRS MILL RD,NA,Front to Rear,Clear,Dry,Daylight,No Controls,NONE DETECTED,No,No Apparent Injury,NA,Not Distracted,MD,Passenger Car,Stopped in Traffic,35,No,2015,AUDI,Q7,39.04953107,-77.07087265,2024,1,12
240000739,Property Damage Crash,01/05/2024 12:05:00 PM,VEIRS MILL RD,NA,Front to Rear,Clear,Dry,Daylight,No Controls,NONE DETECTED,No,No Apparent Injury,NA,Not Distracted,MD,Passenger Car,Stopped in Traffic,35,No,2010,HONDA,CIVIC,39.04953107,-77.07087265,2024,1,12
240000735,Injury Crash,01/05/2024 11:53:00 AM,HUNGERFORD DR,NA,Front to Rear,Clear,Dry,Daylight,Traffic Control Signal,NONE DETECTED,No,Possible Minor Injury,NA,Not Distracted,MD,Passenger Car,Stopped in Traffic,40,No,2021,MERCEDES-BENZ,300,39.10633017,-77.15804467,2024,1,11
240000735,Injury Crash,01/05/2024 11:53:00 AM,HUNGERFORD DR,NA,Front to Rear,Clear,Dry,Daylight,Traffic Control Signal,NONE DETECTED,No,No Apparent Injury,Followed Too Closely,Not Distracted,MD,Passenger Car,Slowing or Stopping,40,No,2015,TOYOTA,COROLLA,39.10633017,-77.15804467,2024,1,11
240000730,Injury Crash,01/05/2024 11:45:00 AM,LANDON LA,NA,Front to Rear,Clear,Dry,Daylight,No Controls,NONE DETECTED,No,Possible Minor Injury,"Operated Motor Vehicle in Inattentive, Careless, Negligent, or Erratic Manner","Other Action (looking away from task, etc.)",MD,Passenger Car,Moving Constant Speed,25,No,2019,MERCEDES-BENZ,GLC-CLASS,38.98596226,-77.12351343,2024,1,11
240000726,Injury Crash,01/05/2024 11:10:00 AM,NA,NA,Front to Rear,Clear,Dry,Daylight,Traffic Control Signal,NONE DETECTED,Yes,No Apparent Injury,"Followed Too Closely, Other Improper Action",Not Distracted,XX,Passenger Car,Accelerating,40,No,2015,DODGE,CARAVAN,39.163095,-77.28282,2024,1,11
240000726,Injury Crash,01/05/2024 11:10:00 AM,NA,NA,Front to Rear,Clear,Dry,Daylight,Traffic Control Signal,NONE DETECTED,No,No Apparent Injury,NA,Not Distracted,MD,Passenger Car,Stopped in Traffic,40,No,2004,CHEVROLET,MALIBU,39.163095,-77.28282,2024,1,11
240000725,Property Damage Crash,01/05/2024 11:00:00 AM,GREAT SENECA HWY (SB/L),NA,Other,Clear,Dry,Daylight,Traffic Control Signal,NONE DETECTED,No,No Apparent Injury,NA,Not Distracted,MD,Passenger Car,Moving Constant Speed,55,No,2014,NISSAN,SENTRA,39.1206222,-77.22532165,2024,1,11
240000725,Property Damage Crash,01/05/2024 11:00:00 AM,GREAT SENECA HWY (SB/L),NA,Other,Clear,Dry,Daylight,Traffic Control Signal,NONE DETECTED,No,No Apparent Injury,NA,Not Distracted,VA,Sport Utility Vehicle,Turning Right,55,No,2021,LEXUS,UNKNOWN,39.1206222,-77.22532165,2024,1,11
240000725,Property Damage Crash,01/05/2024 11:00:00 AM,GREAT SENECA HWY (SB/L),NA,Other,Clear,Dry,Daylight,Traffic Control Signal,NONE DETECTED,No,No Apparent Injury,Failed to Yield Right-of-Way,Unknown,MD,Passenger Car,Turning Left,55,No,2022,TOYOTA,COROLLA,39.1206222,-77.22532165,2024,1,11
240000714,Property Damage Crash,01/05/2024 10:08:00 AM,GLENMONT SHOPPING CTR CUT THRU CUT,NA,Angle,Clear,Dry,Daylight,No Controls,NONE DETECTED,No,No Apparent Injury,NA,Not Distracted,MD,Passenger Car,Moving Constant Speed,45,No,2016,TOYOTA,COROLLA,39.05942771,-77.05026985,2024,1,10
240000714,Property Damage Crash,01/05/2024 10:08:00 AM,GLENMONT SHOPPING CTR CUT THRU CUT,NA,Angle,Clear,Dry,Daylight,No Controls,NONE DETECTED,No,No Apparent Injury,Failed to Yield Right-of-Way,Not Distracted,MD,Passenger Car,Turning Left,45,No,2016,NISSAN,SENTRA,39.05942771,-77.05026985,2024,1,10
240000715,Injury Crash,01/05/2024 10:00:00 AM,BOU AVE,NA,Other,Clear,Dry,Daylight,Traffic Control Signal,NONE DETECTED,No,Possible Minor Injury,NA,Not Distracted,MD,Passenger Car,Moving Constant Speed,40,No,1995,TOYOTA,AVALON,39.05621906,-77.11906533,2024,1,10
240000715,Injury Crash,01/05/2024 10:00:00 AM,BOU AVE,NA,Other,Clear,Dry,Daylight,Traffic Control Signal,NONE DETECTED,Yes,Possible Minor Injury,NA,Not Distracted,MD,Passenger Car,Turning Left,40,No,2019,HONDA,PILOT,39.05621906,-77.11906533,2024,1,10
24000028,Property Damage Crash,01/05/2024 09:23:00 AM,SLIGO CREEK PKWY,NA,Other,Clear,Dry,Daylight,Traffic Control Signal,NONE DETECTED,No,No Apparent Injury,NA,Not Distracted,MD,Passenger Car,Stopped in Traffic,25,No,2006,PONTIAC,VIBE,38.99594913,-77.00618212,2024,1,9
24000028,Property Damage Crash,01/05/2024 09:23:00 AM,SLIGO CREEK PKWY,NA,Other,Clear,Dry,Daylight,Traffic Control Signal,NONE DETECTED,No,No Apparent Injury,NA,Unknown,MD,Pickup,Backing,25,No,2017,FORD,F-350,38.99594913,-77.00618212,2024,1,9
240000702,Property Damage Crash,01/05/2024 08:00:00 AM,NA,NA,Front to Rear,Clear,NA,Daylight,No Controls,NONE DETECTED,No,No Apparent Injury,NA,Not Distracted,MD,Passenger Car,Stopped in Traffic,0,No,2021,CHEVROLET,TRAX,39.14692349,-77.22692323,2024,1,8
240001507,Property Damage Crash,01/05/2024 08:00:00 AM,NA,NA,Other,Clear,NA,Daylight,No Controls,NONE DETECTED,No,No Apparent Injury,NA,Not Distracted,MD,Pickup,Turning Left,10,No,2021,CHEVROLET,COLORADO,39.11391303,-77.23746165,2024,1,8
240000702,Property Damage Crash,01/05/2024 08:00:00 AM,NA,NA,Front to Rear,Clear,NA,Daylight,No Controls,NONE DETECTED,No,No Apparent Injury,Improper Turn,Unknown,MD,Passenger Car,Turning Right,0,No,2014,NISSAN,SENTRA,39.14692349,-77.22692323,2024,1,8
240001333,Property Damage Crash,01/05/2024 07:50:00 AM,DALEWOOD DR,NA,"Sideswipe, Opposite Direction",Clear,Dry,Medium,Traffic Control Signal,NONE DETECTED,No,NA,NA,NA,NA,Passenger Car,Accelerating,25,No,2007,HONDA,ACCORD,39.05916082,-77.0691315,2024,1,7
240001333,Property Damage Crash,01/05/2024 07:50:00 AM,DALEWOOD DR,NA,"Sideswipe, Opposite Direction",Clear,Dry,Medium,Traffic Control Signal,NONE DETECTED,No,No Apparent Injury,NA,Not Distracted,MD,Sport Utility Vehicle,Turning Left,25,No,2021,TOYOTA,RAV4,39.05916082,-77.0691315,2024,1,7
240000692,Injury Crash,01/05/2024 12:30:00 AM,RIDGE RD,NA,Single Vehicle,Clear,Dry,Dark,No Controls,NONE DETECTED,No,Possible Minor Injury,NA,Unknown,MD,Passenger Car,NA,40,No,2015,FORD,FOCUS,39.32944398,-77.19126572,2024,1,0
240000683,Property Damage Crash,01/04/2024 10:22:00 PM,BETHESDA CHURCH RD,NA,Single Vehicle,Clear,Dry,Medium,No Controls,NONE DETECTED,No,No Apparent Injury,"Failed to Keep in Proper Lane, Operated Motor Vehicle in Inattentive, Careless, Negligent, or Erratic Manner, Over-Correcting/Over-Steering, Too Fast For Conditions",Not Distracted,MD,Passenger Car,Moving Constant Speed,35,No,2010,NISSAN,SENTRA,39.29682712,-77.22703728,2024,1,22
240000681,Injury Crash,01/04/2024 10:09:00 PM,SANDY SPRING RD,NA,Rear To Side,Clear,Dry,Medium,Traffic Control Signal,NONE DETECTED,No,Possible Minor Injury,NA,Not Distracted,NA,Passenger Car,Accelerating,35,No,2016,HONDA,CIVIC,39.111149760000004,-76.9323978,2024,1,22
240000681,Injury Crash,01/04/2024 10:09:00 PM,SANDY SPRING RD,NA,Rear To Side,Clear,Dry,Medium,Traffic Control Signal,NONE DETECTED,No,No Apparent Injury,"Disregarded Other Traffic Sign, Failed to Yield Right-of-Way",Not Distracted,CA,Passenger Car,Turning Left,35,No,2007,HYUNDAI,ENTOURAGE,39.111149760000004,-76.9323978,2024,1,22
240000675,Injury Crash,01/04/2024 09:09:00 PM,NA,NA,Other,Clear,Dry,Medium,No Controls,NONE DETECTED,No,Possible Minor Injury,NA,Unknown,MD,Passenger Car,Moving Constant Speed,30,No,2020,HONDA,ODYSSEY,39.04679791,-77.03268726,2024,1,21
240000675,Injury Crash,01/04/2024 09:09:00 PM,NA,NA,Other,Clear,Dry,Medium,No Controls,NONE DETECTED,No,No Apparent Injury,NA,Unknown,MD,Passenger Car,Moving Constant Speed,30,No,2020,HONDA,ACCORD,39.04679791,-77.03268726,2024,1,21
240000680,Property Damage Crash,01/04/2024 08:53:00 PM,NA,NA,Single Vehicle,Clear,NA,Medium,Traffic Control Signal,NONE DETECTED,No,No Apparent Injury,Too Fast For Conditions,Unknown,NA,Passenger Car,Negotiating a Curve,40,No,2023,KIA,K5,39.05604592,-76.95409853,2024,1,20
240000674,Property Damage Crash,01/04/2024 08:31:00 PM,NA,NA,Other,Clear,Dry,Medium,Traffic Control Signal,NONE DETECTED,Yes,No Apparent Injury,NA,Unknown,MD,Sport Utility Vehicle,Turning Left,45,No,2007,TOYOTA,HIGHLANDER,39.06421735,-77.12613087,2024,1,20
240000674,Property Damage Crash,01/04/2024 08:31:00 PM,NA,NA,Other,Clear,Dry,Medium,Traffic Control Signal,NONE DETECTED,No,No Apparent Injury,NA,Unknown,MD,Passenger Car,Moving Constant Speed,40,No,2016,AUDI,A4,39.06421735,-77.12613087,2024,1,20
240000645,Property Damage Crash,01/04/2024 04:55:00 PM,NA,NA,Front to Rear,Clear,Other,Daylight,No Controls,NONE DETECTED,No,No Apparent Injury,NA,Not Distracted,MD,Pickup,Stopped in Traffic,35,No,2011,FORD,F-350,38.96458112,-77.10338197,2024,1,16
240000645,Property Damage Crash,01/04/2024 04:55:00 PM,NA,NA,Front to Rear,Clear,Other,Daylight,No Controls,NONE DETECTED,No,No Apparent Injury,"Followed Too Closely, Other Improper Action",Unknown,MD,Passenger Car,Slowing or Stopping,35,No,2014,FORD,FUSION,38.96458112,-77.10338197,2024,1,16
240000643,Property Damage Crash,01/04/2024 04:41:00 PM,NA,NA,Front to Front,Clear,Dry,Daylight,No Controls,NONE DETECTED,No,NA,NA,NA,NA,NA,Moving Constant Speed,25,No,0,NA,NA,39.08141283,-76.9415915,2024,1,16
240000643,Property Damage Crash,01/04/2024 04:41:00 PM,NA,NA,Front to Front,Clear,Dry,Daylight,No Controls,NONE DETECTED,No,No Apparent Injury,NA,Not Distracted,MD,Bus - Transit,Slowing or Stopping,25,No,2013,NEW FLYER,TRANSIT BUS,39.08141283,-76.9415915,2024,1,16
240000641,Property Damage Crash,01/04/2024 04:17:00 PM,MASSACHUSETTS AVE,NA,Front to Rear,Clear,Dry,Daylight,Traffic Control Signal,NONE DETECTED,No,No Apparent Injury,NA,Not Distracted,MD,Passenger Car,Slowing or Stopping,35,No,2020,HONDA,UNKNOWN,38.96353795,-77.12117888,2024,1,16
240000641,Property Damage Crash,01/04/2024 04:17:00 PM,MASSACHUSETTS AVE,NA,Front to Rear,Clear,Dry,Daylight,Traffic Control Signal,NONE DETECTED,Yes,No Apparent Injury,"Operated Motor Vehicle in Inattentive, Careless, Negligent, or Erratic Manner, Other Improper Action",Unknown,MD,Passenger Car,Moving Constant Speed,35,No,2015,TOYOTA,CAMRY,38.96353795,-77.12117888,2024,1,16
240000632,Injury Crash,01/04/2024 03:50:00 PM,NEW HAMPSHIRE AVE,NA,Front to Rear,Clear,Dry,Daylight,No Controls,NONE DETECTED,No,No Apparent Injury,"Improper Passing, Other Improper Action",Not Distracted,NA,Passenger Car,Changing Lanes,35,No,1998,DODGE,DAKOTA,39.01594795,-76.97755645,2024,1,15
240000632,Injury Crash,01/04/2024 03:50:00 PM,NEW HAMPSHIRE AVE,NA,Front to Rear,Clear,Dry,Daylight,No Controls,NONE DETECTED,No,Possible Minor Injury,NA,Not Distracted,MD,Passenger Car,Moving Constant Speed,35,No,2016,TOYOTA,COROLLA,39.01594795,-76.97755645,2024,1,15
240000627,Property Damage Crash,01/04/2024 03:44:00 PM,NA,NA,Front to Front,Clear,Dry,Daylight,Traffic Control Signal,NONE DETECTED,No,No Apparent Injury,NA,Not Distracted,MD,Passenger Car,Turning Left,35,No,2013,TOYOTA,HIGHLANDER,39.09059736,-77.05903865,2024,1,15
240000627,Property Damage Crash,01/04/2024 03:44:00 PM,NA,NA,Front to Front,Clear,Dry,Daylight,Traffic Control Signal,NONE DETECTED,No,No Apparent Injury,NA,Not Distracted,MD,Passenger Car,Moving Constant Speed,35,No,1999,TOYOTA,COROLLA,39.09059736,-77.05903865,2024,1,15
240000625,Property Damage Crash,01/04/2024 03:30:00 PM,COLESVILLE RD,NA,Rear To Side,Clear,Dry,Daylight,No Controls,NONE DETECTED,No,No Apparent Injury,Other Improper Action,Not Distracted,MD,Passenger Car,Moving Constant Speed,35,No,2016,BMW,X5,39.0040579,-77.02374223,2024,1,15
240000625,Property Damage Crash,01/04/2024 03:30:00 PM,COLESVILLE RD,NA,Rear To Side,Clear,Dry,Daylight,No Controls,NONE DETECTED,No,No Apparent Injury,Failed to Yield Right-of-Way,Not Distracted,MD,Passenger Car,Entering Traffic Lane,35,No,2007,NISS,ALTIMA,39.0040579,-77.02374223,2024,1,15
240000601,Injury Crash,01/04/2024 01:38:00 PM,W WATKINS MILL RD,NA,Rear To Side,Cloudy,Dry,Daylight,No Controls,NONE DETECTED,No,Possible Minor Injury,NA,Not Distracted,MD,Passenger Car,Moving Constant Speed,35,No,2013,HYUNDAI,ACCENT,39.14940883,-77.2324555,2024,1,13
240000601,Injury Crash,01/04/2024 01:38:00 PM,W WATKINS MILL RD,NA,Rear To Side,Cloudy,Dry,Daylight,Stop Sign,NONE DETECTED,No,No Apparent Injury,Failed to Yield Right-of-Way,Not Distracted,MD,Passenger Car,Entering Traffic Lane,35,No,2016,AUDI,A7,39.14940883,-77.2324555,2024,1,13
240000673,Injury Crash,01/04/2024 01:20:00 PM,NA,Pedestrian,Single Vehicle,Clear,NA,Daylight,NA,NONE DETECTED,No,NA,NA,NA,NA,Passenger Car,Moving Constant Speed,0,No,2019,BMW,X3,39.19833361,-77.25116728,2024,1,13
240000596,Property Damage Crash,01/04/2024 01:00:00 PM,NA,NA,"Sideswipe, Same Direction",Clear,Dry,Daylight,No Controls,NONE DETECTED,No,No Apparent Injury,NA,Not Distracted,MD,Passenger Car,Moving Constant Speed,35,No,2020,HONDA,ACCORD CROSSTOUR,39.17530445,-77.25399404,2024,1,13
240000596,Property Damage Crash,01/04/2024 01:00:00 PM,NA,NA,"Sideswipe, Same Direction",Clear,Dry,Daylight,No Controls,NONE DETECTED,No,NA,NA,NA,NA,Passenger Car,Changing Lanes,35,No,2000,TOYOTA,AVALON,39.17530445,-77.25399404,2024,1,13
230000564,Injury Crash,01/04/2024 10:44:00 AM,UNIVERSITY BLVD W,NA,Single Vehicle,Cloudy,Dry,Daylight,No Controls,NONE DETECTED,No,Possible Minor Injury,"Failed to Keep in Proper Lane, Other Improper Action, Ran Off Roadway",Not Distracted,MD,Pickup,Moving Constant Speed,35,No,2006,TOYOTA,TACOMA,39.03472978,-77.07041408,2024,1,10
240000558,Injury Crash,01/04/2024 10:26:00 AM,CROFTON HILL LA,NA,Front to Rear,Clear,Dry,Daylight,No Controls,NONE DETECTED,No,Possible Minor Injury,NA,Unknown,MD,Passenger Car,Accelerating,40,No,2020,LAND ROVER,UNKNOWN,39.09082176,-77.17936655,2024,1,10
240000558,Injury Crash,01/04/2024 10:26:00 AM,CROFTON HILL LA,NA,Front to Rear,Clear,Dry,Daylight,No Controls,NONE DETECTED,No,No Apparent Injury,NA,Unknown,MD,Pickup,Moving Constant Speed,40,No,2019,RAM,1500,39.09082176,-77.17936655,2024,1,10
240000578,Property Damage Crash,01/04/2024 10:00:00 AM,GEORGIA AVE (SB/L),NA,Single Vehicle,Clear,Dry,Daylight,No Controls,NONE DETECTED,No,No Apparent Injury,NA,Not Distracted,MD,Passenger Car,Slowing or Stopping,50,No,2018,FORD,TAURUS,39.22910672,-77.05769267,2024,1,10
240000529,Property Damage Crash,01/04/2024 08:08:00 AM,FREDERICK RD (SB/L),NA,Front to Rear,Clear,Dry,Daylight,No Controls,NONE DETECTED,Yes,No Apparent Injury,Followed Too Closely,Not Distracted,FL,Passenger Car,Moving Constant Speed,40,No,2017,NISSAN,ALTIMA,39.12164134,-77.17664163,2024,1,8
240000529,Property Damage Crash,01/04/2024 08:08:00 AM,FREDERICK RD (SB/L),NA,Front to Rear,Clear,Dry,Daylight,No Controls,NONE DETECTED,No,No Apparent Injury,NA,Not Distracted,MD,Passenger Car,Slowing or Stopping,40,No,2008,HONDA,ACCORD,39.12164134,-77.17664163,2024,1,8
240000526,Injury Crash,01/04/2024 07:40:00 AM,FREDERICK RD,NA,Rear To Side,Clear,Dry,Daylight,Traffic Control Signal,NONE DETECTED,Yes,No Apparent Injury,"Failed to Yield Right-of-Way, Improper Turn","Other Action (looking away from task, etc.)",MD,Passenger Car,Turning Left,40,No,2020,HYUNDAI,UT,39.16135118,-77.2225301,2024,1,7
240000526,Injury Crash,01/04/2024 07:40:00 AM,FREDERICK RD,NA,Rear To Side,Clear,Dry,Daylight,Traffic Control Signal,NONE DETECTED,No,Possible Minor Injury,NA,Not Distracted,MD,Passenger Car,Moving Constant Speed,40,No,2007,SUBARU,SD,39.16135118,-77.2225301,2024,1,7
240000520,Property Damage Crash,01/04/2024 06:30:00 AM,W GUDE DR,NA,Angle,Clear,Dry,Daylight,Traffic Control Signal,NONE DETECTED,No,No Apparent Injury,NA,Not Distracted,VA,Passenger Car,Turning Left,40,No,2003,TOYOTA,CAMRY,39.09974603,-77.18454954,2024,1,6
240000520,Property Damage Crash,01/04/2024 06:30:00 AM,W GUDE DR,NA,Angle,Clear,Dry,Daylight,Traffic Control Signal,NONE DETECTED,Yes,No Apparent Injury,Ran Red Light,Not Distracted,MD,Van - Cargo,Moving Constant Speed,40,No,2017,CHEVROLET,3500,39.09974603,-77.18454954,2024,1,6
240000521,Injury Crash,01/04/2024 06:20:00 AM,CONNECTICUT AVE (SB/L),NA,Angle,Clear,Dry,Medium,Lane Use Control Signal,NONE DETECTED,No,Possible Minor Injury,Too Fast For Conditions,Not Distracted,MD,Passenger Car,Moving Constant Speed,30,No,2001,CHEVROLET,SILVERADO,39.00800482,-77.08029162,2024,1,6
240000521,Injury Crash,01/04/2024 06:20:00 AM,CONNECTICUT AVE (SB/L),NA,Angle,Clear,Dry,Medium,Lane Use Control Signal,NONE DETECTED,No,No Apparent Injury,Failed to Yield Right-of-Way,Not Distracted,MD,Passenger Car,Turning Left,30,No,2016,MAZDA,CX-5,39.00800482,-77.08029162,2024,1,6
240000519,Injury Crash,01/04/2024 05:32:00 AM,MIDCOUNTY HWY,NA,"Sideswipe, Opposite Direction",Clear,Dry,Medium,Traffic Control Signal,NONE DETECTED,No,Possible Minor Injury,NA,Not Distracted,NA,Passenger Car,Moving Constant Speed,50,No,2013,HONDA,FIT,39.15077876,-77.17461494,2024,1,5
240000519,Injury Crash,01/04/2024 05:32:00 AM,MIDCOUNTY HWY,NA,"Sideswipe, Opposite Direction",Clear,Dry,Medium,Traffic Control Signal,NONE DETECTED,No,No Apparent Injury,NA,Not Distracted,WV,Passenger Car,Moving Constant Speed,35,No,2000,BUICK,CENTURY,39.15077876,-77.17461494,2024,1,5
240000507,Injury Crash,01/03/2024 11:00:00 PM,GILBERT ST,NA,Single Vehicle,Clear,Dry,Medium,No Controls,NONE DETECTED,No,No Apparent Injury,"Ran Off Roadway, Too Fast For Conditions",Unknown,NA,Passenger Car,NA,35,No,2014,BMW,328I,38.99820081,-76.99472171,2024,1,23
240000782,Property Damage Crash,01/03/2024 09:34:00 PM,NA,NA,Front to Rear,Clear,NA,Medium,NA,NONE DETECTED,No,No Apparent Injury,NA,NA,NA,Passenger Car,Moving Constant Speed,0,No,2003,TOYOTA,COROLLA,39.09198221,-77.07775626,2024,1,21
240000496,Injury Crash,01/03/2024 09:30:00 PM,LANARK WAY,NA,Front to Rear,Clear,Dry,Medium,Traffic Control Signal,NONE DETECTED,No,No Apparent Injury,Followed Too Closely,Unknown,MD,Pickup,Moving Constant Speed,45,No,2005,FORD,F-150,39.01862021,-77.01444371,2024,1,21
240000496,Injury Crash,01/03/2024 09:30:00 PM,LANARK WAY,NA,Front to Rear,Clear,Dry,Medium,Traffic Control Signal,NONE DETECTED,No,Possible Minor Injury,NA,Not Distracted,MD,Sport Utility Vehicle,Accelerating,45,No,2021,TOYOTA,RAV4,39.01862021,-77.01444371,2024,1,21
240000476,Injury Crash,01/03/2024 06:51:00 PM,MUNCASTER RD,Pedestrian,Single Vehicle,Clear,Dry,Medium,No Controls,NONE DETECTED,No,No Apparent Injury,NA,Not Distracted,MD,Passenger Car,Slowing or Stopping,30,No,2009,HONDA,ACCORD,39.15561847,-77.13066812,2024,1,18