Local Case Number,ACRS Report Type,Crash Date/Time,Road Name,Related Non-Motorist,Collision Type,Weather,Surface Condition,Light,Traffic Control,Driver Substance Abuse,Driver At Fault,Injury Severity,Circumstance,Driver Distracted By,Drivers License State,Vehicle Body Type,Vehicle Movement,Speed Limit,Driverless Vehicle,Vehicle Year,Vehicle Make,Vehicle Model,Latitude,Longitude,Year,Month,Hour
240000466,Property Damage Crash,01/03/2024 06:16:00 PM,ROCKVILLE PIKE,NA,Front to Front,Clear,Dry,Medium,Traffic Control Signal,NONE DETECTED,No,No Apparent Injury,Ran Red Light,Unknown,MA,Sport Utility Vehicle,Accelerating,35,No,2022,MERCEDES-BENZ,GLE-CLASS,38.99692333,-77.0963765,2024,1,18
240000466,Property Damage Crash,01/03/2024 06:16:00 PM,ROCKVILLE PIKE,NA,Front to Front,Clear,Dry,Medium,Traffic Control Signal,NONE DETECTED,No,No Apparent Injury,NA,Not Distracted,MD,Sport Utility Vehicle,Turning Left,35,No,2019,NISSAN,ARMADA,38.99692333,-77.0963765,2024,1,18
240000467,Injury Crash,01/03/2024 06:14:00 PM,HENDERSON AVE,Pedestrian,Single Vehicle,Clear,Dry,Medium,Pedestrian Crossing,NONE DETECTED,No,No Apparent Injury,Failed to Yield Right-of-Way,Unknown,NA,Passenger Car,Slowing or Stopping,35,No,0,NA,NA,39.05070153,-77.05166649,2024,1,18
240000464,Property Damage Crash,01/03/2024 06:00:00 PM,NA,NA,Front to Rear,Clear,NA,Medium,NA,NONE DETECTED,No,No Apparent Injury,NA,Unknown,MD,Passenger Car,NA,0,No,2017,JEEP,WRANGLER,39.06297556,-77.16078332,2024,1,18
240000464,Property Damage Crash,01/03/2024 06:00:00 PM,NA,NA,Front to Rear,Clear,NA,Medium,NA,NONE DETECTED,No,No Apparent Injury,NA,Not Distracted,MD,Passenger Car,Backing,0,No,2022,HONDA,CIVIC,39.06297556,-77.16078332,2024,1,18
240000439,Property Damage Crash,01/03/2024 04:38:00 PM,NA,NA,"Sideswipe, Same Direction",Clear,NA,Daylight,No Controls,NONE DETECTED,No,No Apparent Injury,NA,NA,NA,Sport Utility Vehicle,Backing,0,No,2016,NISSAN,ROGUE,39.09446122,-77.15348187,2024,1,16
240000450,Property Damage Crash,01/03/2024 04:28:00 PM,OLD BALTIMORE RD,NA,Single Vehicle,Clear,Dry,Daylight,No Controls,NONE DETECTED,No,No Apparent Injury,"Failed to Keep in Proper Lane, Ran Off Roadway",Unknown,MD,Sport Utility Vehicle,Moving Constant Speed,30,No,2007,GMC,ENVOY,39.138944,-77.06183917,2024,1,16
240000438,Property Damage Crash,01/03/2024 02:55:00 PM,NA,NA,OPPOSITE DIRECTION SIDESWIPE,Cloudy,NA,Daylight,NO CONTROLS,NONE DETECTED,Yes,No Apparent Injury,N/A,LOOKED BUT DID NOT SEE,MD,PASSENGER CAR,MOVING CONSTANT SPEED,0,No,2017,LEXUS,SUV,39.16500483,-77.24931,2024,1,14
240000438,Property Damage Crash,01/03/2024 02:55:00 PM,NA,NA,OPPOSITE DIRECTION SIDESWIPE,Cloudy,NA,Daylight,NO CONTROLS,NONE DETECTED,Yes,No Apparent Injury,N/A,LOOKED BUT DID NOT SEE,MD,SCHOOL BUS,MOVING CONSTANT SPEED,0,No,2015,FRHT,BU,39.16500483,-77.24931,2024,1,14
240000425,Property Damage Crash,01/03/2024 02:20:00 PM,NA,NA,Front to Rear,Clear,NA,Daylight,NA,NONE DETECTED,No,No Apparent Injury,Other Improper Action,Not Distracted,MD,Passenger Car,Accelerating,0,No,2008,NISSAN,ROGUE,39.04151268,-76.98891328,2024,1,14
240000395,Property Damage Crash,01/03/2024 12:56:00 PM,NA,NA,Front to Rear,Clear,NA,Daylight,NA,NONE DETECTED,Yes,No Apparent Injury,"Operated Motor Vehicle in Inattentive, Careless, Negligent, or Erratic Manner",Unknown,MD,Bus - School,Moving Constant Speed,0,No,2018,THOMAS BUILT,SCHOOL BUS,39.08089221,-76.94199541,2024,1,12
240000385,Property Damage Crash,01/03/2024 12:48:00 PM,NA,NA,Front to Rear,Clear,Dry,Daylight,Traffic Control Signal,NONE DETECTED,No,No Apparent Injury,NA,Unknown,DC,Sport Utility Vehicle,Accelerating,35,No,2017,JEEP,GRAND CHEROKEE,38.98739767,-77.02648173,2024,1,12
240000385,Property Damage Crash,01/03/2024 12:48:00 PM,NA,NA,Front to Rear,Clear,Dry,Daylight,Traffic Control Signal,NONE DETECTED,No,No Apparent Injury,NA,Not Distracted,MD,Sport Utility Vehicle,Stopped in Traffic,35,No,2021,HYUNDAI,PALISADE,38.98739767,-77.02648173,2024,1,12
240000387,Property Damage Crash,01/03/2024 12:45:00 PM,FIRST ST,NA,Front to Rear,Clear,Dry,Daylight,No Controls,NONE DETECTED,No,No Apparent Injury,Followed Too Closely,"Other Action (looking away from task, etc.)",MD,Passenger Car,Moving Constant Speed,40,No,2016,TOYOTA,PRIUS,39.08189923,-77.1370804,2024,1,12
240000387,Property Damage Crash,01/03/2024 12:45:00 PM,FIRST ST,NA,Front to Rear,Clear,Dry,Daylight,No Controls,NONE DETECTED,No,No Apparent Injury,Followed Too Closely,Not Distracted,MD,Passenger Car,Stopped in Traffic,40,No,2019,HONDA,CR-V,39.08189923,-77.1370804,2024,1,12
240000387,Property Damage Crash,01/03/2024 12:45:00 PM,FIRST ST,NA,Front to Rear,Clear,Dry,Daylight,No Controls,NONE DETECTED,No,No Apparent Injury,Followed Too Closely,Not Distracted,MD,Station Wagon,Stopped in Traffic,40,No,2012,SUBARU,OUTBACK,39.08189923,-77.1370804,2024,1,12
240000381,Property Damage Crash,01/03/2024 12:17:00 PM,SHADYSIDE WAY,NA,Angle,Clear,Dry,Daylight,No Controls,NONE DETECTED,No,No Apparent Injury,NA,Not Distracted,DC,Passenger Car,Moving Constant Speed,35,No,2014,HYUNDAI,EQUUS,39.19532903,-77.27203307,2024,1,12
240000381,Property Damage Crash,01/03/2024 12:17:00 PM,SHADYSIDE WAY,NA,Angle,Clear,Dry,Daylight,No Controls,NONE DETECTED,No,No Apparent Injury,"Failed to Yield Right-of-Way, Improper Turn",Unknown,NA,Passenger Car,Turning Right,35,No,0,NA,NA,39.19532903,-77.27203307,2024,1,12
240000378,Property Damage Crash,01/03/2024 12:04:00 PM,CLAGETT DR,NA,Other,Clear,Dry,Daylight,No Controls,NONE DETECTED,No,No Apparent Injury,NA,Unknown,MD,Passenger Car,Moving Constant Speed,25,No,2023,HYUNDAI,SONATA,39.07815164,-77.12816299,2024,1,12
240000378,Property Damage Crash,01/03/2024 12:04:00 PM,CLAGETT DR,NA,Other,Clear,Dry,Daylight,No Controls,NONE DETECTED,No,No Apparent Injury,NA,Unknown,MD,Other,Moving Constant Speed,25,No,9000,OSHKOSH,OSHKOSH,39.07815164,-77.12816299,2024,1,12
240000380,Injury Crash,01/03/2024 11:53:00 AM,FREDERICK RD,NA,Front to Front,Clear,Dry,Daylight,Traffic Control Signal,NONE DETECTED,No,Possible Minor Injury,NA,Not Distracted,MD,Passenger Car,Turning Left,40,No,2000,FORD,RANGER,39.11923212,-77.17182966,2024,1,11
240000380,Injury Crash,01/03/2024 11:53:00 AM,FREDERICK RD,NA,Front to Front,Clear,Dry,Daylight,Traffic Control Signal,NONE DETECTED,No,Possible Minor Injury,NA,Not Distracted,MD,Passenger Car,Moving Constant Speed,40,No,2002,DODGE,INTREPID,39.11923212,-77.17182966,2024,1,11
240000368,Property Damage Crash,01/03/2024 11:34:00 AM,NA,NA,Single Vehicle,Clear,Dry,Daylight,No Controls,NONE DETECTED,No,No Apparent Injury,NA,NA,NA,Pickup,NA,40,No,2006,GMC,SIERRA,39.14321717,-77.00098304,2024,1,11
240000360,Injury Crash,01/03/2024 10:35:00 AM,KEMP MILL RD,NA,Front to Front,Clear,Dry,Daylight,Stop Sign,NONE DETECTED,Yes,No Apparent Injury,Failed to Yield Right-of-Way,Not Distracted,MD,Passenger Car,Turning Left,35,No,2011,HONDA,ACCORD,39.0643591,-77.02902955,2024,1,10
240000360,Injury Crash,01/03/2024 10:35:00 AM,KEMP MILL RD,NA,Front to Front,Clear,Dry,Daylight,Stop Sign,NONE DETECTED,No,Possible Minor Injury,NA,Not Distracted,MD,Passenger Car,Moving Constant Speed,35,No,2021,HONDA,HR-V,39.0643591,-77.02902955,2024,1,10
240000337,Property Damage Crash,01/03/2024 08:05:00 AM,FREDERICK RD (SB/L),NA,Other,Clear,Dry,Daylight,Traffic Control Signal,NONE DETECTED,Yes,No Apparent Injury,NA,Unknown,MD,Pickup,Moving Constant Speed,35,No,1998,FORD,TRANSIT,39.11556099,-77.16623981,2024,1,8
240000337,Property Damage Crash,01/03/2024 08:05:00 AM,FREDERICK RD (SB/L),NA,Other,Clear,Dry,Daylight,Traffic Control Signal,NONE DETECTED,No,No Apparent Injury,NA,Not Distracted,MD,Bus - Mini,Moving Constant Speed,25,No,2011,280 TRAILERS,UNKNOWN,39.11556099,-77.16623981,2024,1,8
240000339,Property Damage Crash,01/03/2024 08:02:00 AM,EDNOR RD,NA,Single Vehicle,Clear,Dry,Daylight,No Controls,NONE DETECTED,No,No Apparent Injury,NA,Not Distracted,MD,Passenger Car,Moving Constant Speed,35,No,2022,HONDA,CIVIC,39.14489731,-76.9647073,2024,1,8
240000345,Property Damage Crash,01/03/2024 07:50:00 AM,GLENSIDE DR,NA,"Sideswipe, Opposite Direction",Clear,Dry,Daylight,Traffic Control Signal,NONE DETECTED,No,No Apparent Injury,NA,Not Distracted,MD,Passenger Car,Turning Left,25,No,2014,TOYOTA,SIENNA,38.98153176,-76.98937978,2024,1,7
240000345,Property Damage Crash,01/03/2024 07:50:00 AM,GLENSIDE DR,NA,"Sideswipe, Opposite Direction",Clear,Dry,Daylight,Traffic Control Signal,NONE DETECTED,No,No Apparent Injury,Ran Red Light,Unknown,NA,Passenger Car,Moving Constant Speed,30,No,2021,MITSUBISHI,MIRAGE,38.98153176,-76.98937978,2024,1,7
240000330,Property Damage Crash,01/03/2024 06:50:00 AM,RIDGE RD (SB/L),NA,Single Vehicle,Clear,Dry,Medium,No Controls,NONE DETECTED,No,No Apparent Injury,NA,Not Distracted,MD,Passenger Car,Moving Constant Speed,40,No,2012,HYUNDAI,TUCSON,39.27174493,-77.21625363,2024,1,6
240000323,Injury Crash,01/03/2024 05:42:00 AM,RAMP 3 FR SHADY GROVE RD WB TO MD200A NB,NA,Front to Front,Clear,Dry,Medium,Traffic Control Signal,NONE DETECTED,No,Possible Minor Injury,NA,Not Distracted,MD,Passenger Car,Turning Left,40,No,2022,HONDA,CR-V,39.13101919,-77.16121245,2024,1,5
240000323,Injury Crash,01/03/2024 05:42:00 AM,RAMP 3 FR SHADY GROVE RD WB TO MD200A NB,NA,Front to Front,Clear,Dry,Medium,Traffic Control Signal,NONE DETECTED,No,No Apparent Injury,NA,Not Distracted,MD,Passenger Car,Moving Constant Speed,40,No,2013,FORD,F-150,39.13101919,-77.16121245,2024,1,5
240000321,Property Damage Crash,01/03/2024 04:40:00 AM,DARNESTOWN RD,NA,Single Vehicle,Clear,Dry,Medium,No Controls,NONE DETECTED,No,No Apparent Injury,Ran Off Roadway,Not Distracted,MD,Passenger Car,Negotiating a Curve,35,No,2013,NISSAN,SENTRA,39.10030257,-77.21420764,2024,1,4
240000296,Injury Crash,01/02/2024 08:20:00 PM,WATKINS MILL RD,NA,Rear To Side,Clear,Dry,Dark,No Controls,NONE DETECTED,No,No Apparent Injury,NA,Not Distracted,MD,Passenger Car,Moving Constant Speed,35,No,2017,HONDA,CIVIC,39.175006,-77.20868867,2024,1,20
240000296,Injury Crash,01/02/2024 08:20:00 PM,WATKINS MILL RD,NA,Rear To Side,Clear,Dry,Dark,No Controls,NONE DETECTED,No,No Apparent Injury,Failed to Yield Right-of-Way,Unknown,MD,Passenger Car,Entering Traffic Lane,35,No,2020,TOYOTA,CAMRY,39.175006,-77.20868867,2024,1,20
240000294,Injury Crash,01/02/2024 07:51:00 PM,NA,NA,Front to Rear,Clear,Dry,Medium,Traffic Control Signal,NONE DETECTED,No,Possible Minor Injury,"Followed Too Closely, Operated Motor Vehicle in Inattentive, Careless, Negligent, or Erratic Manner",NA,MD,Passenger Car,Moving Constant Speed,45,No,2000,HONDA,ACCORD,39.1541885,-77.25411067,2024,1,19
240000294,Injury Crash,01/02/2024 07:51:00 PM,NA,NA,Front to Rear,Clear,Dry,Medium,Traffic Control Signal,NONE DETECTED,No,Possible Minor Injury,NA,Not Distracted,MD,Passenger Car,Stopped in Traffic,45,No,2008,ACURA,TL,39.1541885,-77.25411067,2024,1,19
240000291,Property Damage Crash,01/02/2024 07:34:00 PM,OLNEY SANDY SPRING RD (WB/L),NA,Front to Rear,Clear,Dry,Medium,Traffic Control Signal,NONE DETECTED,No,No Apparent Injury,Failed to Yield Right-of-Way,Not Distracted,MD,Sport Utility Vehicle,Turning Left,30,No,2021,SUBARU,FORESTER,39.15321981,-77.06675419,2024,1,19
240000291,Property Damage Crash,01/02/2024 07:34:00 PM,OLNEY SANDY SPRING RD (WB/L),NA,Front to Rear,Clear,Dry,Medium,Traffic Control Signal,NONE DETECTED,No,No Apparent Injury,NA,Not Distracted,MD,Sport Utility Vehicle,Moving Constant Speed,30,No,2018,ACURA,MDX,39.15321981,-77.06675419,2024,1,19
240000282,Injury Crash,01/02/2024 07:00:00 PM,NA,NA,Front to Front,Clear,Dry,Medium,Traffic Control Signal,NONE DETECTED,No,No Apparent Injury,NA,Not Distracted,MD,Passenger Car,Leaving Traffic Lane,35,No,2021,VOLKSWAGEN,UNKNOWN,39.05951056,-77.06171312,2024,1,19
240000282,Injury Crash,01/02/2024 07:00:00 PM,NA,NA,Front to Front,Clear,Dry,Medium,Traffic Control Signal,NONE DETECTED,Yes,No Apparent Injury,Followed Too Closely,"Other Action (looking away from task, etc.)",MD,Passenger Car,Moving Constant Speed,35,No,2017,HONDA,HR-V,39.05951056,-77.06171312,2024,1,19
240000282,Injury Crash,01/02/2024 07:00:00 PM,NA,NA,Front to Front,Clear,Dry,Medium,Traffic Control Signal,NONE DETECTED,No,Possible Minor Injury,NA,Not Distracted,MD,Passenger Car,Stopped in Traffic,35,No,2019,TOYOTA,RAV4,39.05951056,-77.06171312,2024,1,19
240000281,Injury Crash,01/02/2024 06:09:00 PM,MATENY RD (NB/L),NA,"Sideswipe, Opposite Direction",Clear,Dry,Medium,Traffic Control Signal,NONE DETECTED,No,Possible Minor Injury,Failed to Yield Right-of-Way,Not Distracted,MD,Passenger Car,Turning Left,45,No,2006,CHRYSLER,PT CRUISER,39.14613355,-77.27463901,2024,1,18
240000281,Injury Crash,01/02/2024 06:09:00 PM,MATENY RD (NB/L),NA,"Sideswipe, Opposite Direction",Clear,Dry,Medium,Traffic Control Signal,NONE DETECTED,No,Possible Minor Injury,NA,Not Distracted,MD,Sport Utility Vehicle,Moving Constant Speed,45,No,2018,AUDI,UNKNOWN,39.14613355,-77.27463901,2024,1,18
240000419,Property Damage Crash,01/02/2024 06:00:00 PM,GREENCASTLE RIDGE TERR,NA,"Sideswipe, Same Direction",Clear,Dry,Medium,No Controls,NONE DETECTED,No,NA,NA,NA,NA,Other,NA,20,No,2017,DODGE,CARAVAN,39.07866514,-76.93023627,2024,1,18
240000264,Injury Crash,01/02/2024 04:54:00 PM,FREDERICK RD,NA,Rear To Side,Clear,Dry,Daylight,No Controls,NONE DETECTED,No,Possible Minor Injury,Failed to Yield Right-of-Way,Not Distracted,MD,Passenger Car,Turning Left,30,No,2007,NISSAN,ALTIMA,39.14341008,-77.20095782,2024,1,16
240000264,Injury Crash,01/02/2024 04:54:00 PM,FREDERICK RD,NA,Rear To Side,Clear,Dry,Daylight,No Controls,NONE DETECTED,No,Possible Minor Injury,"Ran Off Roadway, Swerved or Avoided Due to Wind, Slippery Surface, Motor Vehicle, Object, Non-Motorist in Roadway, etc, Too Fast For Conditions",Not Distracted,MD,Passenger Car,Moving Constant Speed,30,No,2005,TOYOTA,COROLLA MATRIX,39.14341008,-77.20095782,2024,1,16
240000253,Injury Crash,01/02/2024 04:15:00 PM,RIVER RD,NA,Angle,Clear,Dry,Daylight,Traffic Control Signal,NONE DETECTED,No,Suspected Serious Injury,"Disregarded Other Traffic Sign, Failed to Yield Right-of-Way, Operated Motor Vehicle in Inattentive, Careless, Negligent, or Erratic Manner",Unknown,DC,Passenger Car,Moving Constant Speed,45,No,2008,TOYOTA,PRIUS,38.96290434,-77.10091434,2024,1,16
240000253,Injury Crash,01/02/2024 04:15:00 PM,RIVER RD,NA,Angle,Clear,Dry,Daylight,Traffic Control Signal,NONE DETECTED,No,No Apparent Injury,NA,Not Distracted,MD,Passenger Car,Moving Constant Speed,35,No,2022,AUDI,A6,38.96290434,-77.10091434,2024,1,16
240000251,Property Damage Crash,01/02/2024 04:10:00 PM,GREENCASTLE RD (NB/L),NA,Front to Rear,Clear,Dry,Daylight,Traffic Control Signal,NONE DETECTED,No,No Apparent Injury,NA,Not Distracted,DC,Passenger Car,Turning Right,55,No,2021,TESLA,MODEL Y,39.09575359,-76.93819458,2024,1,16
240000251,Property Damage Crash,01/02/2024 04:10:00 PM,GREENCASTLE RD (NB/L),NA,Front to Rear,Clear,Dry,Daylight,Lane Use Control Signal,NONE DETECTED,No,No Apparent Injury,Failed to Yield Right-of-Way,"Other Action (looking away from task, etc.)",MD,Passenger Car,Turning Left,55,No,2011,FORD,E-450,39.09575359,-76.93819458,2024,1,16
240000242,Injury Crash,01/02/2024 03:03:00 PM,NA,Scooter (electric),Single Vehicle,Clear,Dry,Daylight,Pedestrian Crossing Sign,NONE DETECTED,No,No Apparent Injury,NA,Not Distracted,MD,Passenger Car,Moving Constant Speed,30,No,2020,JEEP,WRANGLER,38.98472511,-77.02662959,2024,1,15
240000239,Property Damage Crash,01/02/2024 02:30:00 PM,NA,NA,"Sideswipe, Opposite Direction",Cloudy,NA,Daylight,NA,NONE DETECTED,No,NA,NA,NA,NA,Passenger Car,Accelerating,0,No,2010,NISSAN,MAXIMA,38.99893025,-77.00426192,2024,1,14
240000235,Injury Crash,01/02/2024 02:15:00 PM,FREDERICK AVE #2,NA,Front to Rear,Clear,Dry,Daylight,Traffic Control Signal,NONE DETECTED,No,No Apparent Injury,Other Improper Action,Unknown,MD,Sport Utility Vehicle,Moving Constant Speed,30,No,2014,NISSAN,PATHFINDER,39.0941238,-77.15328677,2024,1,14
240000235,Injury Crash,01/02/2024 02:15:00 PM,FREDERICK AVE #2,NA,Front to Rear,Clear,Dry,Daylight,Traffic Control Signal,NONE DETECTED,No,No Apparent Injury,NA,Unknown,DC,Passenger Car,Stopped in Traffic,30,No,2020,DODGE,CHARGER,39.0941238,-77.15328677,2024,1,14
240000233,Injury Crash,01/02/2024 01:30:00 PM,GEORGIA AVE,NA,Front to Rear,Clear,Dry,Daylight,No Controls,NONE DETECTED,No,Possible Minor Injury,NA,Not Distracted,MD,Sport Utility Vehicle,Turning Right,35,No,2021,SUBARU,FORESTER,39.085075,-77.07826167,2024,1,13
240000233,Injury Crash,01/02/2024 01:30:00 PM,GEORGIA AVE,NA,Front to Rear,Clear,Dry,Daylight,No Controls,NONE DETECTED,No,No Apparent Injury,NA,Talking/listening,NA,Passenger Car,Moving Constant Speed,35,No,2013,AUDI,Q5,39.085075,-77.07826167,2024,1,13
240000220,Injury Crash,01/02/2024 01:10:00 PM,CONNECTICUT AVE,NA,Other,Clear,Dry,Daylight,No Controls,NONE DETECTED,No,Possible Minor Injury,NA,Unknown,MD,Passenger Car,Accelerating,15,No,2010,HONDA,ACCORD,39.08009329,-77.0804751,2024,1,13
240000237,Property Damage Crash,01/02/2024 01:05:00 PM,NA,NA,Front to Rear,Clear,NA,Daylight,NA,NONE DETECTED,No,NA,NA,NA,NA,Passenger Car,Moving Constant Speed,0,No,2011,NISSAN,ROGUE,39.03840979,-77.05725194,2024,1,13
240000237,Property Damage Crash,01/02/2024 01:05:00 PM,NA,NA,Front to Rear,Clear,NA,Daylight,NA,NONE DETECTED,No,No Apparent Injury,NA,Not Distracted,MD,Passenger Car,Parked,0,No,2015,CHRYSLER,200,39.03840979,-77.05725194,2024,1,13
240000230,Property Damage Crash,01/02/2024 12:55:00 PM,SELFRIDGE RD,NA,Front to Rear,Clear,Dry,Daylight,Traffic Control Signal,NONE DETECTED,No,No Apparent Injury,NA,Not Distracted,MD,Passenger Car,Turning Right,35,No,2020,MAZDA,CX-5,39.0555855,-77.08376667,2024,1,12
240000230,Property Damage Crash,01/02/2024 12:55:00 PM,SELFRIDGE RD,NA,Front to Rear,Clear,Dry,Daylight,Traffic Control Signal,NONE DETECTED,No,No Apparent Injury,NA,Not Distracted,MD,Passenger Car,Moving Constant Speed,35,No,2012,CHRYSLER,TOWN AND COUNTRY,39.0555855,-77.08376667,2024,1,12
240000222,Property Damage Crash,01/02/2024 12:45:00 PM,WISCONSIN AVE (SB/L),NA,"Sideswipe, Same Direction",Clear,Dry,Daylight,No Controls,NONE DETECTED,No,No Apparent Injury,NA,Not Distracted,MD,Passenger Car,Moving Constant Speed,30,No,2017,RAM,1500,38.9648612,-77.08792094,2024,1,12
240000222,Property Damage Crash,01/02/2024 12:45:00 PM,WISCONSIN AVE (SB/L),NA,"Sideswipe, Same Direction",Clear,Dry,Daylight,No Controls,NONE DETECTED,No,No Apparent Injury,NA,Not Distracted,MD,Other,Slowing or Stopping,30,No,2018,DODGE,RAM,38.9648612,-77.08792094,2024,1,12
240000210,Property Damage Crash,01/02/2024 12:15:00 PM,NA,NA,"Sideswipe, Same Direction",Clear,Dry,Daylight,Traffic Control Signal,NONE DETECTED,No,No Apparent Injury,NA,Not Distracted,MD,Pickup,Stopped in Traffic,35,No,2017,FORD,F-250,39.04702886,-77.05199891,2024,1,12
240000210,Property Damage Crash,01/02/2024 12:15:00 PM,NA,NA,"Sideswipe, Same Direction",Clear,Dry,Daylight,Traffic Control Signal,NONE DETECTED,Yes,No Apparent Injury,NA,Not Distracted,MD,Other Trucks,Overtaking/Passing,35,No,2012,PIERCE MANUFACTURING,SABER,39.04702886,-77.05199891,2024,1,12
240000203,Property Damage Crash,01/02/2024 12:08:00 PM,NA,NA,Unknown,Clear,NA,Daylight,No Controls,NONE DETECTED,No,NA,NA,NA,NA,Unknown,NA,15,No,0,NA,NA,39.08997582,-77.06903164,2024,1,12
240000188,Property Damage Crash,01/02/2024 10:10:00 AM,NA,NA,Single Vehicle,Clear,Dry,Daylight,No Controls,NONE DETECTED,No,No Apparent Injury,"Failed to Keep in Proper Lane, Over-Correcting/Over-Steering, Ran Off Roadway, Too Fast For Conditions","Other Action (looking away from task, etc.)",MD,Passenger Car,Moving Constant Speed,40,No,2021,HYUNDAI,TUCSON,39.18087817,-77.02743867,2024,1,10
240000188,Property Damage Crash,01/02/2024 10:10:00 AM,NA,NA,Single Vehicle,Clear,Dry,Daylight,No Controls,NONE DETECTED,No,No Apparent Injury,NA,Not Distracted,MD,Passenger Car,Moving Constant Speed,40,No,2014,JEEP,CHEROKEE,39.18087817,-77.02743867,2024,1,10
240000169,Injury Crash,01/02/2024 09:17:00 AM,NA,NA,Single Vehicle,Clear,NA,Daylight,NA,NONE DETECTED,No,Possible Minor Injury,"Operated Motor Vehicle in Inattentive, Careless, Negligent, or Erratic Manner",Unknown,MD,Other,Moving Constant Speed,0,No,2006,ZZKNOWN,UNKNOWN,39.15582796,-77.19999347,2024,1,9
240000172,Property Damage Crash,01/02/2024 09:11:00 AM,RIDGE RD,NA,Front to Rear,Cloudy,Dry,Daylight,Stop Sign,NONE DETECTED,No,No Apparent Injury,NA,Unknown,MD,Passenger Car,Turning Left,30,No,2008,TOYOTA,PRIUS,39.28566054,-77.2091069,2024,1,9
240000172,Property Damage Crash,01/02/2024 09:11:00 AM,RIDGE RD,NA,Front to Rear,Cloudy,Dry,Daylight,No Controls,NONE DETECTED,No,No Apparent Injury,NA,Not Distracted,PA,Pickup,Moving Constant Speed,30,No,2012,CHEVROLET,SILVERADO,39.28566054,-77.2091069,2024,1,9
240000165,Property Damage Crash,01/02/2024 08:25:00 AM,CONNECTICUT AVE (SB/L),NA,"Sideswipe, Same Direction",Clear,Dry,Daylight,No Controls,NONE DETECTED,No,No Apparent Injury,Failed to Yield Right-of-Way,Unknown,MD,Passenger Car,Changing Lanes,35,No,2022,TOYOTA,UNKNOWN,39.01274516,-77.08030436,2024,1,8
240000165,Property Damage Crash,01/02/2024 08:25:00 AM,CONNECTICUT AVE (SB/L),NA,"Sideswipe, Same Direction",Clear,Dry,Daylight,No Controls,NONE DETECTED,No,No Apparent Injury,NA,Not Distracted,MD,Passenger Car,Moving Constant Speed,35,No,2016,TOYOTA,PRIUS,39.01274516,-77.08030436,2024,1,8
240000164,Property Damage Crash,01/02/2024 08:16:00 AM,METRORAIL TRACK B2 RAIL,NA,Other,Clear,Dry,Medium,Traffic Control Signal,NONE DETECTED,No,NA,Disregarded Other Traffic Sign,Unknown,NA,Pickup,Accelerating,35,No,2010,FORD,F-150,39.00868904,-77.04026383,2024,1,8
240000164,Property Damage Crash,01/02/2024 08:16:00 AM,METRORAIL TRACK B2 RAIL,NA,Other,Clear,Dry,Medium,Traffic Control Signal,NONE DETECTED,No,No Apparent Injury,NA,Not Distracted,MD,Passenger Car,Moving Constant Speed,35,No,2011,ACURA,RDX,39.00868904,-77.04026383,2024,1,8
240000278,Injury Crash,01/02/2024 07:10:00 AM,TUCKERMAN LA,Pedestrian,Single Vehicle,Clear,Dry,Daylight,Traffic Control Signal,NONE DETECTED,Yes,No Apparent Injury,Failed to Yield Right-of-Way,Not Distracted,FL,Passenger Car,Turning Right,45,No,2007,FORD,MUSTANG,39.03064752,-77.10527832,2024,1,7
240000154,Property Damage Crash,01/02/2024 07:00:00 AM,NA,NA,Single Vehicle,Clear,Dry,Medium,No Controls,NONE DETECTED,No,No Apparent Injury,NA,Not Distracted,MD,Passenger Car,Moving Constant Speed,35,No,2013,LEXUS,RX,39.14907653,-77.24074659,2024,1,7