Local Case Number,ACRS Report Type,Crash Date/Time,Road Name,Related Non-Motorist,Collision Type,Weather,Surface Condition,Light,Traffic Control,Driver Substance Abuse,Driver At Fault,Injury Severity,Circumstance,Driver Distracted By,Drivers License State,Vehicle Body Type,Vehicle Movement,Speed Limit,Driverless Vehicle,Vehicle Year,Vehicle Make,Vehicle Model,Latitude,Longitude,Year,Month,Hour
240000153,Property Damage Crash,01/02/2024 06:09:00 AM,NEW HAMPSHIRE AVE (SB/L),NA,"Sideswipe, Same Direction",Clear,Dry,Medium,Traffic Control Signal,NONE DETECTED,No,No Apparent Injury,NA,Not Distracted,MD,Passenger Car,Moving Constant Speed,35,No,2010,TOYOTA,COROLLA,39.01539876,-76.977925870000007,2024,1,6
240000153,Property Damage Crash,01/02/2024 06:09:00 AM,NEW HAMPSHIRE AVE (SB/L),NA,"Sideswipe, Same Direction",Clear,Dry,Medium,Traffic Control Signal,NONE DETECTED,No,No Apparent Injury,"Disregard Officer Directions, Failed to Yield Right-of-Way, Improper Passing, Operated Motor Vehicle in Inattentive, Careless, Negligent, or Erratic Manner, Operated Motor Vehicle in Reckless or Aggressive Manner, Other Improper Action, Too Fast For Conditions","Other Action (looking away from task, etc.)",NA,Passenger Car,Turning Right,35,No,2018,HYUNDAI,SONATA,39.01539876,-76.977925870000007,2024,1,6
240000152,Property Damage Crash,01/02/2024 05:25:00 AM,QUINCE ORCHARD RD (SB/L),NA,Rear To Side,Clear,Dry,Medium,Flashing Traffic Control Signal,NONE DETECTED,Yes,No Apparent Injury,Failed to Yield Right-of-Way,Not Distracted,MD,Passenger Car,Accelerating,35,No,2023,NISSAN,ROGUE,39.14808927,-77.21837817,2024,1,5
240000152,Property Damage Crash,01/02/2024 05:25:00 AM,QUINCE ORCHARD RD (SB/L),NA,Rear To Side,Clear,Dry,Medium,Flashing Traffic Control Signal,NONE DETECTED,No,No Apparent Injury,NA,Not Distracted,MD,Passenger Car,Moving Constant Speed,35,No,2003,FORD,RANGER,39.14808927,-77.21837817,2024,1,5
240000150,Property Damage Crash,01/02/2024 04:49:00 AM,PARKVIEW AVE,NA,Rear To Side,Clear,Dry,Medium,Flashing Traffic Control Signal,NONE DETECTED,Yes,No Apparent Injury,Failed to Yield Right-of-Way,Not Distracted,MD,Passenger Car,Turning Left,35,No,2002,TOYOTA,COROLLA,39.15559516,-77.22735472,2024,1,4
240000150,Property Damage Crash,01/02/2024 04:49:00 AM,PARKVIEW AVE,NA,Rear To Side,Clear,Dry,Medium,Flashing Traffic Control Signal,NONE DETECTED,No,No Apparent Injury,NA,Not Distracted,MD,Passenger Car,Moving Constant Speed,35,No,2014,DODGE,CHARGER,39.15559516,-77.22735472,2024,1,4
240000943,Property Damage Crash,01/02/2024 01:30:00 AM,BURNT CREST LA,NA,"Sideswipe, Same Direction",Clear,Dry,Medium,No Controls,NONE DETECTED,No,No Apparent Injury,NA,NA,NA,Unknown,NA,25,No,0,NA,NA,39.02569757,-76.99232912,2024,1,1
240000144,Property Damage Crash,01/02/2024 01:30:00 AM,BURNT CREST LA,NA,"Sideswipe, Same Direction",Clear,Dry,Dark,No Controls,NONE DETECTED,No,NA,NA,NA,NA,Passenger Car,Parked,35,No,2016,TOYOTA,HIGHLANDER,39.02563338,-76.99239913,2024,1,1
240000144,Property Damage Crash,01/02/2024 01:30:00 AM,BURNT CREST LA,NA,"Sideswipe, Same Direction",Clear,Dry,Dark,No Controls,NONE DETECTED,No,No Apparent Injury,NA,Unknown,NA,NA,NA,35,No,0,NA,NA,39.02563338,-76.99239913,2024,1,1
240000140,Property Damage Crash,01/02/2024 12:45:00 AM,NA,NA,"Sideswipe, Opposite Direction",Clear,NA,Medium,No Controls,NONE DETECTED,Yes,No Apparent Injury,Other Improper Action,Not Distracted,MD,Passenger Car,Turning Right,0,No,2015,TOYOTA,RAV4,39.17923308,-77.26416793,2024,1,0
230000138,Injury Crash,01/01/2024 11:22:00 PM,WOODFIELD RD,NA,Single Vehicle,Clear,Dry,Medium,No Controls,NONE DETECTED,Yes,No Apparent Injury,Ran Off Roadway,Unknown,MD,Passenger Car,Moving Constant Speed,40,No,2017,FORD,MUSTANG,39.27357565,-77.20438469,2024,1,23
240000132,Injury Crash,01/01/2024 10:35:00 PM,GERMANTOWN RD,NA,Angle,Clear,Dry,Medium,Lane Use Control Signal,NONE DETECTED,Yes,No Apparent Injury,"Operated Motor Vehicle in Inattentive, Careless, Negligent, or Erratic Manner",Not Distracted,MD,Passenger Car,Moving Constant Speed,45,No,2013,HYUNDAI,ELANTRA,39.19212686,-77.24248665,2024,1,22
240000132,Injury Crash,01/01/2024 10:35:00 PM,GERMANTOWN RD,NA,Angle,Clear,Dry,Medium,Traffic Control Signal,NONE DETECTED,No,Possible Minor Injury,NA,Not Distracted,MD,Passenger Car,Moving Constant Speed,45,No,2013,NISSAN,SENTRA,39.19212686,-77.24248665,2024,1,22
240000125,Property Damage Crash,01/01/2024 09:00:00 PM,NA,NA,Single Vehicle,Rain,Wet,Medium,No Controls,ALCOHOL PRESENT,No,No Apparent Injury,"Over-Correcting/Over-Steering, Ran Off Roadway",Not Distracted,MD,Passenger Car,Moving Constant Speed,35,No,2006,MERCEDES-BENZ,SLK-CLASS,39.1489852,-77.01225449,2024,1,21
240000118,Property Damage Crash,01/01/2024 07:02:00 PM,PERRYWOOD DR (SB/L),NA,Single Vehicle,Rain,Wet,Medium,Other Signal,NONE DETECTED,No,No Apparent Injury,"Disregarded Other Road Markings, Disregarded Other Traffic Sign, Failed to Keep in Proper Lane, Ran Off Roadway",Unknown,MD,Sport Utility Vehicle,Moving Constant Speed,30,No,2002,TOYOTA,RAV4,39.09590148,-76.94581475,2024,1,19
240000116,Injury Crash,01/01/2024 06:40:00 PM,LAYHILL RD,NA,Front to Rear,Rain,Wet,Medium,No Controls,NONE DETECTED,Yes,No Apparent Injury,"Followed Too Closely, Other Improper Action",Not Distracted,MD,Sport Utility Vehicle,Slowing or Stopping,40,No,2019,LAND ROVER,DISCOVERY,39.07001017,-77.04536356,2024,1,18
240000116,Injury Crash,01/01/2024 06:40:00 PM,LAYHILL RD,NA,Front to Rear,Rain,Wet,Medium,No Controls,NONE DETECTED,No,Possible Minor Injury,NA,Not Distracted,MD,Sport Utility Vehicle,Slowing or Stopping,40,No,2020,BMW,X3,39.07001017,-77.04536356,2024,1,18
240000105,Injury Crash,01/01/2024 05:32:00 PM,NA,NA,Front to Rear,Rain,Wet,Medium,Traffic Control Signal,NONE DETECTED,No,No Apparent Injury,NA,Not Distracted,AZ,Passenger Car,Slowing or Stopping,40,No,2000,FORD,UNKNOWN,39.02224222,-76.97728778,2024,1,17
240000105,Injury Crash,01/01/2024 05:32:00 PM,NA,NA,Front to Rear,Rain,Wet,Medium,Traffic Control Signal,NONE DETECTED,No,Possible Minor Injury,NA,Not Distracted,MD,Passenger Car,Slowing or Stopping,40,No,2023,HONDA,HR-V,39.02224222,-76.97728778,2024,1,17
240000092,Property Damage Crash,01/01/2024 04:30:00 PM,FENTON ST,NA,Angle,Rain,Wet,Daylight,Traffic Control Signal,NONE DETECTED,No,No Apparent Injury,"Failed to Yield Right-of-Way, Other Improper Action",Unknown,MD,Sport Utility Vehicle,Turning Left,40,No,2020,TOYOTA,RAV4,38.99739011,-77.02685783,2024,1,16
240000092,Property Damage Crash,01/01/2024 04:30:00 PM,FENTON ST,NA,Angle,Rain,Wet,Daylight,Traffic Control Signal,NONE DETECTED,No,No Apparent Injury,NA,Not Distracted,MD,Sport Utility Vehicle,Moving Constant Speed,40,No,2023,TOYOTA,SIENNA,38.99739011,-77.02685783,2024,1,16
240000076,Property Damage Crash,01/01/2024 02:38:00 PM,CRYSTAL ROCK DR,NA,Angle,Cloudy,Wet,Daylight,No Controls,NONE DETECTED,No,No Apparent Injury,NA,Not Distracted,MD,Sport Utility Vehicle,Moving Constant Speed,35,No,2012,LAND ROVER,LR2,39.19015286,-77.26657608,2024,1,14
240000076,Property Damage Crash,01/01/2024 02:38:00 PM,CRYSTAL ROCK DR,NA,Angle,Cloudy,Wet,Daylight,Stop Sign,NONE DETECTED,No,No Apparent Injury,Failed to Yield Right-of-Way,Unknown,MD,Sport Utility Vehicle,Turning Left,25,No,2023,TOYOTA,RAV4,39.19015286,-77.26657608,2024,1,14
240000067,Property Damage Crash,01/01/2024 01:19:00 PM,AMHERST AVE,NA,Single Vehicle,Clear,Dry,Daylight,No Controls,NONE DETECTED,No,No Apparent Injury,Ran Off Roadway,Not Distracted,MD,Passenger Car,Slowing or Stopping,5,No,1986,VOLVO,240 SERIES,39.03305912,-77.04699264,2024,1,13
240001538,Property Damage Crash,01/01/2024 11:16:00 AM,FIRSTFIELD RD (EB/L),NA,Single Vehicle,Clear,Dry,Daylight,Traffic Control Signal,NONE DETECTED,No,NA,NA,NA,NA,Van - Cargo,Turning Left,40,No,2002,FORD,E-250,39.14370129,-77.22383036,2024,1,11
240000047,Property Damage Crash,01/01/2024 09:17:00 AM,NA,NA,Single Vehicle,Clear,NA,Daylight,NA,NONE DETECTED,No,NA,"Disregarded Other Traffic Sign, Operated Motor Vehicle in Inattentive, Careless, Negligent, or Erratic Manner, Operated Motor Vehicle in Reckless or Aggressive Manner, Ran Off Roadway",Unknown,NA,Sport Utility Vehicle,NA,0,No,2014,KIA,SOUL,39.16302938,-77.20126957,2024,1,9
240000042,Property Damage Crash,01/01/2024 09:02:00 AM,NA,NA,Unknown,Clear,NA,Daylight,NA,NONE DETECTED,No,No Apparent Injury,NA,Unknown,MD,Pickup,NA,0,No,2006,CHEVROLET,SILVERADO,39.15664618,-77.20168904,2024,1,9
240000034,Injury Crash,01/01/2024 07:25:00 AM,KERWIN RD,NA,Single Vehicle,Clear,Dry,Daylight,Other Warning Sign,ALCOHOL PRESENT,No,Possible Minor Injury,Other Improper Action,Unknown,NA,Pickup,NA,35,No,2005,FORD,RANGER,39.02774233,-77.0207255,2024,1,7
240000031,Injury Crash,01/01/2024 06:23:00 AM,RANDOLPH RD,Pedestrian,Single Vehicle,Clear,Wet,Dark,No Controls,NONE DETECTED,No,NA,Other Improper Action,NA,NA,Unknown,Moving Constant Speed,35,No,0,NA,NA,39.05392942,-77.09529695,2024,1,6
240000030,Property Damage Crash,01/01/2024 06:04:00 AM,E RANDOLPH RD (WB/L),NA,Rear To Side,Clear,Wet,Medium,No Controls,NONE DETECTED,No,No Apparent Injury,NA,Not Distracted,MD,Passenger Car,Moving Constant Speed,40,No,2022,TOYOTA,CAMRY,39.0662994,-76.98300666,2024,1,6
240000030,Property Damage Crash,01/01/2024 06:04:00 AM,E RANDOLPH RD (WB/L),NA,Rear To Side,Clear,Wet,Medium,Stop Sign,NONE DETECTED,Yes,No Apparent Injury,Failed to Yield Right-of-Way,Not Distracted,MD,Pickup,Moving Constant Speed,40,No,2022,NISSAN,FRONTIER,39.0662994,-76.98300666,2024,1,6
240000025,Property Damage Crash,01/01/2024 05:21:00 AM,SHADY GROVE RD (SB/L),NA,Single Vehicle,Clear,Wet,Medium,Traffic Control Signal,NONE DETECTED,Yes,No Apparent Injury,Too Fast For Conditions,Not Distracted,MD,Passenger Car,Turning Right,35,No,2019,HONDA,CIVIC,39.10505552,-77.19054346,2024,1,5
240000020,Property Damage Crash,01/01/2024 03:36:00 AM,GERMANTOWN RD (SB/L),NA,Single Vehicle,Clear,Wet,Medium,No Controls,ALCOHOL PRESENT,Yes,No Apparent Injury,Other Improper Action,Not Distracted,MD,Passenger Car,Moving Constant Speed,40,No,2011,HONDA,ACCORD,39.172475,-77.276235,2024,1,3
240000006,Property Damage Crash,01/01/2024 01:14:00 AM,CRYSTAL ROCK DR,NA,"Sideswipe, Same Direction",Clear,Dry,Medium,No Controls,ALCOHOL PRESENT,Yes,No Apparent Injury,"Operated Motor Vehicle in Inattentive, Careless, Negligent, or Erratic Manner",Not Distracted,TX,Passenger Car,Moving Constant Speed,30,No,2015,NISSAN,VERSA NOTE,39.17726449,-77.26256862,2024,1,1
240000005,Property Damage Crash,01/01/2024 12:30:00 AM,WATKINS MILL RD,NA,"Sideswipe, Same Direction",Clear,Dry,Dark,No Controls,NONE DETECTED,No,No Apparent Injury,NA,Not Distracted,MD,Passenger Car,Moving Constant Speed,30,No,2020,JEEP,RENEGADE,39.15941637,-77.21889659,2024,1,0
240000005,Property Damage Crash,01/01/2024 12:30:00 AM,WATKINS MILL RD,NA,"Sideswipe, Same Direction",Clear,Dry,Dark,No Controls,ALCOHOL PRESENT,Yes,No Apparent Injury,NA,Not Distracted,NA,Passenger Car,Overtaking/Passing,30,No,2015,NISSAN,ALTIMA,39.15941637,-77.21889659,2024,1,0
230074436,Property Damage Crash,12/31/2023 10:15:00 PM,NEEDWOOD RD,NA,SINGLE VEHICLE,Clear,DRY,Dark,NO CONTROLS,NONE DETECTED,Yes,No Apparent Injury,N/A,UNKNOWN,MD,PASSENGER CAR,SKIDDING,35,No,1995,FORD,GT     CV,39.12393557,-77.13479125,2023,12,22
230074431,Property Damage Crash,12/31/2023 10:00:00 PM,LAYHILL RD,NA,HEAD ON LEFT TURN,Clear,N/A,Medium,TRAFFIC SIGNAL,NONE DETECTED,Yes,No Apparent Injury,N/A,UNKNOWN,XX,PASSENGER CAR,MAKING LEFT TURN,40,No,2015,HONDA,ACCORD,39.09060018,-77.04483779,2023,12,22
230074431,Property Damage Crash,12/31/2023 10:00:00 PM,LAYHILL RD,NA,HEAD ON LEFT TURN,Clear,N/A,Medium,TRAFFIC SIGNAL,NONE DETECTED,No,No Apparent Injury,N/A,NOT DISTRACTED,MD,PASSENGER CAR,MOVING CONSTANT SPEED,40,No,2013,BMW,328,39.09060018,-77.04483779,2023,12,22
230074415,Property Damage Crash,12/31/2023 05:26:00 PM,WATKINS MILL RD,NA,STRAIGHT MOVEMENT ANGLE,Clear,DRY,Medium,TRAFFIC SIGNAL,NONE DETECTED,No,No Apparent Injury,N/A,NOT DISTRACTED,MD,PASSENGER CAR,MOVING CONSTANT SPEED,35,No,2021,HOND,CIVIC,39.17416033,-77.20836817,2023,12,17
230074415,Property Damage Crash,12/31/2023 05:26:00 PM,WATKINS MILL RD,NA,STRAIGHT MOVEMENT ANGLE,Clear,DRY,Medium,TRAFFIC SIGNAL,NONE DETECTED,Yes,No Apparent Injury,N/A,NOT DISTRACTED,MD,PASSENGER CAR,MAKING LEFT TURN,35,No,2015,FORD,FUSION,39.17416033,-77.20836817,2023,12,17
230074413,Injury Crash,12/31/2023 05:25:00 PM,MONROE ST,PEDESTRIAN,OTHER,Clear,DRY,Medium,TRAFFIC SIGNAL,NONE DETECTED,Yes,No Apparent Injury,N/A,NOT DISTRACTED,MD,(SPORT) UTILITY VEHICLE,MAKING LEFT TURN,30,No,2017,TOYT,UT,39.08181926,-77.14892365,2023,12,17
230074410,Property Damage Crash,12/31/2023 04:28:00 PM,BUCKLODGE RD,NA,SINGLE VEHICLE,Clear,DRY,Medium,NO CONTROLS,NONE DETECTED,Yes,No Apparent Injury,N/A,UNKNOWN,MD,PASSENGER CAR,UNKNOWN,40,No,2015,INFINITI,Q40,39.16308617,-77.36235933,2023,12,16
230074399,Injury Crash,12/31/2023 03:22:00 PM,NA,PEDESTRIAN,SINGLE VEHICLE,Clear,NA,Daylight,NO CONTROLS,NONE DETECTED,Yes,No Apparent Injury,N/A,NOT DISTRACTED,MD,PASSENGER CAR,ACCELERATING,15,No,2007,HOND,2S,39.07448784,-77.15264647,2023,12,15
240000218,Property Damage Crash,12/31/2023 03:18:00 PM,NA,NA,OTHER,Clear,NA,Daylight,NO CONTROLS,NONE DETECTED,Yes,No Apparent Injury,N/A,LOOKED BUT DID NOT SEE,MD,PASSENGER CAR,PARKING,25,No,2021,VOLK,ATLAS,39.04982018,-77.11716189,2023,12,15
240000590,Injury Crash,12/31/2023 01:00:00 PM,NA,PEDESTRIAN,SINGLE VEHICLE,Clear,NA,Daylight,TRAFFIC SIGNAL,NONE DETECTED,Yes,No Apparent Injury,N/A,UNKNOWN,NA,NA,MOVING CONSTANT SPEED,5,No,0,UNKNOWN,UNKNOWN,39.14832345,-77.20689024,2023,12,13
230074377,Injury Crash,12/31/2023 12:10:00 PM,PERRY PKWY,NA,STRAIGHT MOVEMENT ANGLE,Cloudy,DRY,Daylight,NO CONTROLS,NONE DETECTED,Unknown,No Apparent Injury,N/A,UNKNOWN,MD,PASSENGER CAR,UNKNOWN,30,No,2017,TOYT,RAV4,39.1436653,-77.21158373,2023,12,12
230074377,Injury Crash,12/31/2023 12:10:00 PM,PERRY PKWY,NA,STRAIGHT MOVEMENT ANGLE,Cloudy,DRY,Daylight,NO CONTROLS,NONE DETECTED,Unknown,No Apparent Injury,N/A,UNKNOWN,MD,PASSENGER CAR,UNKNOWN,30,No,2018,CHEV,SUBURBAN,39.1436653,-77.21158373,2023,12,12
230074374,Property Damage Crash,12/31/2023 11:34:00 AM,LAYHILL RD,NA,SAME DIR REAR END,Clear,DRY,Daylight,TRAFFIC SIGNAL,NONE DETECTED,Yes,No Apparent Injury,N/A,NOT DISTRACTED,MD,TRANSIT BUS,SLOWING OR STOPPING,40,No,2019,GILG,BU,39.09025888,-77.04476321,2023,12,11
230074374,Property Damage Crash,12/31/2023 11:34:00 AM,LAYHILL RD,NA,SAME DIR REAR END,Clear,DRY,Daylight,TRAFFIC SIGNAL,NONE DETECTED,No,No Apparent Injury,N/A,NOT DISTRACTED,MD,PASSENGER CAR,STOPPED IN TRAFFIC LANE,40,No,2015,TOYT,HB,39.09025888,-77.04476321,2023,12,11
230074367,Injury Crash,12/31/2023 11:16:00 AM,NORWOOD RD,NA,SINGLE VEHICLE,Clear,DRY,Daylight,N/A,NONE DETECTED,Yes,Possible Minor Injury,N/A,UNKNOWN,MD,PASSENGER CAR,MOVING CONSTANT SPEED,40,No,2002,HONDA,ACCORD,39.13385617,-77.03096291,2023,12,11
230074366,Injury Crash,12/31/2023 11:00:00 AM,MONTGOMERY VILLAGE AVE,NA,SAME DIR REAR END,Clear,DRY,Daylight,YIELD SIGN,NONE DETECTED,No,Possible Minor Injury,N/A,NOT DISTRACTED,MD,PASSENGER CAR,STARTING FROM LANE,30,No,2004,TOYOTA,COROLLA,39.158415,-77.20471833,2023,12,11
230074366,Injury Crash,12/31/2023 11:00:00 AM,MONTGOMERY VILLAGE AVE,NA,SAME DIR REAR END,Clear,DRY,Daylight,YIELD SIGN,NONE DETECTED,Yes,No Apparent Injury,N/A,LOOKED BUT DID NOT SEE,MD,PASSENGER CAR,STARTING FROM LANE,30,No,2011,TOYOTA,SIENNA,39.158415,-77.20471833,2023,12,11
230074362,Property Damage Crash,12/31/2023 10:31:00 AM,ROCKVILLE PIKE,NA,SAME DIR REAR END,Clear,DRY,Daylight,TRAFFIC SIGNAL,NONE DETECTED,Yes,No Apparent Injury,N/A,UNKNOWN,ON,VAN,MOVING CONSTANT SPEED,35,No,2012,CHRISLER,TOWN & COUNTRY,39.012775,-77.098515,2023,12,10
230074362,Property Damage Crash,12/31/2023 10:31:00 AM,ROCKVILLE PIKE,NA,SAME DIR REAR END,Clear,DRY,Daylight,TRAFFIC SIGNAL,NONE DETECTED,No,No Apparent Injury,N/A,NOT DISTRACTED,MD,(SPORT) UTILITY VEHICLE,STOPPED IN TRAFFIC LANE,35,No,2016,ACUR,TK,39.012775,-77.098515,2023,12,10
230074361,Property Damage Crash,12/31/2023 10:12:00 AM,GEORGIA AVE,NA,OTHER,Clear,DRY,Daylight,TRAFFIC SIGNAL,NONE DETECTED,Unknown,No Apparent Injury,"BACKUP DUE TO REGULAR CONGESTION, N/A",LOOKED BUT DID NOT SEE,MD,AMBULANCE/EMERGENCY,PASSING,30,No,2019,FRHT,AMBULANCE,39.05624667,-76.96643167,2023,12,10
230074361,Property Damage Crash,12/31/2023 10:12:00 AM,GEORGIA AVE,NA,OTHER,Clear,DRY,Daylight,TRAFFIC SIGNAL,NONE DETECTED,No,No Apparent Injury,"BACKUP DUE TO REGULAR CONGESTION, N/A",LOOKED BUT DID NOT SEE,DC,PASSENGER CAR,SLOWING OR STOPPING,30,No,2022,LAND ROVER,DEFENDER,39.05624667,-76.96643167,2023,12,10
230074355,Property Damage Crash,12/31/2023 09:55:00 AM,TWINBROOK PKWY,NA,SINGLE VEHICLE,Cloudy,DRY,Daylight,TRAFFIC SIGNAL,NONE DETECTED,Yes,No Apparent Injury,N/A,UNKNOWN,MD,PASSENGER CAR,MAKING LEFT TURN,25,No,2023,SUBA,SD,39.058828,-77.1195175,2023,12,9
230074353,Injury Crash,12/31/2023 09:30:00 AM,COLESVILLE RD,NA,SINGLE VEHICLE,Clear,DRY,Daylight,NO CONTROLS,NONE DETECTED,Yes,Possible Minor Injury,N/A,UNKNOWN,MD,PASSENGER CAR,MOVING CONSTANT SPEED,40,No,2023,HOND,SD,39.0245115,-77.01112183,2023,12,9
230074349,Property Damage Crash,12/31/2023 07:17:00 AM,CLOPPER RD,NA,SINGLE VEHICLE,Clear,DRY,Medium,NO CONTROLS,NONE DETECTED,Yes,No Apparent Injury,"ANIMAL, N/A",NOT DISTRACTED,MD,(SPORT) UTILITY VEHICLE,MOVING CONSTANT SPEED,45,No,2009,SUBARU,FORESTER,39.154675,-77.258025,2023,12,7
230074348,Property Damage Crash,12/31/2023 06:50:00 AM,HERMITAGE AVE,NA,OPPOSITE DIRECTION SIDESWIPE,Clear,DRY,Dark,NO CONTROLS,NONE DETECTED,Yes,No Apparent Injury,N/A,UNKNOWN,NA,NA,MOVING CONSTANT SPEED,25,No,0,UNKNOWN,UNKNOWN,39.0483615,-77.04780967,2023,12,6
230074345,Property Damage Crash,12/31/2023 03:22:00 AM,VEIRS MILL RD,NA,HEAD ON LEFT TURN,Clear,DRY,Medium,TRAFFIC SIGNAL,NONE DETECTED,Yes,No Apparent Injury,N/A,UNKNOWN,MD,PASSENGER CAR,STARTING FROM PARKED,35,No,2001,TOYOTA,AVALON,39.08155455,-77.14556997,2023,12,3
230074345,Property Damage Crash,12/31/2023 03:22:00 AM,VEIRS MILL RD,NA,HEAD ON LEFT TURN,Clear,DRY,Medium,TRAFFIC SIGNAL,NONE DETECTED,No,No Apparent Injury,N/A,NOT DISTRACTED,MD,PASSENGER CAR,SLOWING OR STOPPING,35,No,2024,TOYOTA,CAMRY,39.08155455,-77.14556997,2023,12,3
230074336,Injury Crash,12/31/2023 12:19:00 AM,FATHER HURLEY BLVD,NA,STRAIGHT MOVEMENT ANGLE,Clear,DRY,Medium,TRAFFIC SIGNAL,NONE DETECTED,Yes,No Apparent Injury,N/A,UNKNOWN,MD,PASSENGER CAR,MOVING CONSTANT SPEED,35,No,2016,HYUNDAI,SONATA,39.181262,-77.27619183,2023,12,0
230074336,Injury Crash,12/31/2023 12:19:00 AM,FATHER HURLEY BLVD,NA,STRAIGHT MOVEMENT ANGLE,Clear,DRY,Medium,TRAFFIC SIGNAL,NONE DETECTED,No,Possible Minor Injury,N/A,NOT DISTRACTED,MD,PASSENGER CAR,MAKING LEFT TURN,35,No,2016,HONDA,CIVIC,39.181262,-77.27619183,2023,12,0
230074329,Property Damage Crash,12/30/2023 10:05:00 PM,SWAN STREAM DR,NA,HEAD ON,Clear,N/A,Dark,NO CONTROLS,NONE DETECTED,Yes,No Apparent Injury,N/A,UNKNOWN,NA,PASSENGER CAR,UNKNOWN,25,No,2004,FORD,ESCAPE,39.15557367,-77.1594305,2023,12,22
230074331,Property Damage Crash,12/30/2023 09:58:00 PM,NA,NA,SAME DIR REAR END,Clear,NA,Medium,NO CONTROLS,NONE DETECTED,Yes,No Apparent Injury,N/A,OTHER DISTRACTION,NC,PASSENGER CAR,SLOWING OR STOPPING,0,No,2000,HONDA,CIVIC,38.99372068,-77.03023445,2023,12,21
230074331,Property Damage Crash,12/30/2023 09:58:00 PM,NA,NA,SAME DIR REAR END,Clear,NA,Medium,NO CONTROLS,NONE DETECTED,No,No Apparent Injury,N/A,NOT DISTRACTED,MD,PASSENGER CAR,PARKED,0,No,2016,FORD,EXPLORER,38.99372068,-77.03023445,2023,12,21
230074318,Property Damage Crash,12/30/2023 07:40:00 PM,BUCKNELL DR,NA,SAME DIRECTION SIDESWIPE,Clear,DRY,Medium,NO CONTROLS,NONE DETECTED,Yes,No Apparent Injury,N/A,UNKNOWN,MD,PASSENGER CAR,MOVING CONSTANT SPEED,25,No,2014,TOYOTA,RAV4,39.03485667,-77.04550833,2023,12,19
230074314,Property Damage Crash,12/30/2023 07:10:00 PM,BETHESDA AVE,NA,N/A,Clear,DRY,Medium,N/A,NONE DETECTED,Yes,No Apparent Injury,N/A,LOOKED BUT DID NOT SEE,DC,AMBULANCE/NON EMERGENCY,BACKING,0,No,2015,FRHT,AMBULANCE,38.98122667,-77.09657333,2023,12,19
230074312,Property Damage Crash,12/30/2023 07:05:00 PM,ZION RD,NA,SINGLE VEHICLE,Cloudy,DRY,Dark,NO CONTROLS,NONE DETECTED,Yes,No Apparent Injury,N/A,UNKNOWN,MD,PICKUP TRUCK,NEGOTIATING A CURVE,30,No,2006,TOYOTA,TACOMA,39.211375,-77.09199333,2023,12,19
230074307,Property Damage Crash,12/30/2023 06:21:00 PM,QUINCE ORCHARD RD,NA,HEAD ON LEFT TURN,Clear,DRY,Medium,TRAFFIC SIGNAL,NONE DETECTED,No,No Apparent Injury,N/A,NOT DISTRACTED,MD,PASSENGER CAR,MOVING CONSTANT SPEED,35,No,2015,DODGE,VAN,39.1290378,-77.23065298,2023,12,18
230074307,Property Damage Crash,12/30/2023 06:21:00 PM,QUINCE ORCHARD RD,NA,HEAD ON LEFT TURN,Clear,DRY,Medium,TRAFFIC SIGNAL,NONE DETECTED,Yes,No Apparent Injury,N/A,LOOKED BUT DID NOT SEE,MD,PASSENGER CAR,MAKING LEFT TURN,35,No,2015,NISSAN,VERSA,39.1290378,-77.23065298,2023,12,18
230074313,Injury Crash,12/30/2023 05:15:00 PM,MOORLAND LA,PEDESTRIAN,SINGLE VEHICLE,Clear,DRY,Medium,TRAFFIC SIGNAL,NONE DETECTED,Yes,No Apparent Injury,N/A,LOOKED BUT DID NOT SEE,FL,PASSENGER CAR,RIGHT TURN ON RED,25,No,2018,CADILLAC,XT5,38.98591833,-77.09852,2023,12,17
230074284,Property Damage Crash,12/30/2023 02:45:00 PM,NEW HAMPSHIRE AVE,NA,SAME DIR REAR END,Clear,DRY,Daylight,TRAFFIC SIGNAL,NONE DETECTED,Yes,No Apparent Injury,N/A,UNKNOWN,NA,PASSENGER CAR,MOVING CONSTANT SPEED,35,No,2011,TOYOTA,CAMRY,39.011152,-76.97880383,2023,12,14
230074284,Property Damage Crash,12/30/2023 02:45:00 PM,NEW HAMPSHIRE AVE,NA,SAME DIR REAR END,Clear,DRY,Daylight,TRAFFIC SIGNAL,NONE DETECTED,No,No Apparent Injury,N/A,NOT DISTRACTED,DC,(SPORT) UTILITY VEHICLE,MOVING CONSTANT SPEED,35,No,2012,TOYOTA,RAV4,39.011152,-76.97880383,2023,12,14
230074283,Property Damage Crash,12/30/2023 02:14:00 PM,E JEFFERSON ST,NA,SAME DIR REAR END,Clear,DRY,Daylight,NO CONTROLS,NONE DETECTED,Yes,No Apparent Injury,N/A,UNKNOWN,MD,PASSENGER CAR,MOVING CONSTANT SPEED,20,No,2012,HONDA,ODYSSEY,39.059453,-77.12661433,2023,12,14
230074268,Injury Crash,12/30/2023 11:43:00 AM,STEWARTOWN RD,NA,HEAD ON LEFT TURN,Clear,DRY,Daylight,N/A,NONE DETECTED,No,Possible Minor Injury,N/A,NOT DISTRACTED,MD,PASSENGER CAR,MOVING CONSTANT SPEED,30,No,2011,NISSAN,SENTRA,39.17848917,-77.19946766,2023,12,11
230074268,Injury Crash,12/30/2023 11:43:00 AM,STEWARTOWN RD,NA,HEAD ON LEFT TURN,Clear,DRY,Daylight,N/A,NONE DETECTED,Yes,Possible Minor Injury,N/A,LOOKED BUT DID NOT SEE,MD,PASSENGER CAR,MAKING LEFT TURN,25,No,2016,TOYOTA,CAMRY,39.17848917,-77.19946766,2023,12,11