Local Case Number,ACRS Report Type,Crash Date/Time,Road Name,Related Non-Motorist,Collision Type,Weather,Surface Condition,Light,Traffic Control,Driver Substance Abuse,Driver At Fault,Injury Severity,Circumstance,Driver Distracted By,Drivers License State,Vehicle Body Type,Vehicle Movement,Speed Limit,Driverless Vehicle,Vehicle Year,Vehicle Make,Vehicle Model,Latitude,Longitude,Year,Month,Hour
230073680,Property Damage Crash,12/26/2023 01:35:00 PM,SHADY GROVE RD,NA,SAME DIR REAR END,Cloudy,WET,Daylight,TRAFFIC SIGNAL,NONE DETECTED,Yes,No Apparent Injury,"RAIN, SNOW, WET",LOOKED BUT DID NOT SEE,MD,POLICE VEHICLE/NON EMERGENCY,STARTING FROM LANE,40,No,2017,FORD,EXPLORER,39.11387173,-77.18614695,2023,12,13
230073674,Injury Crash,12/26/2023 01:15:00 PM,VEIRS MILL RD,NA,SAME DIR REAR END,Rain,WET,Daylight,YIELD SIGN,NONE DETECTED,No,Possible Minor Injury,N/A,NOT DISTRACTED,MD,PASSENGER CAR,STOPPED IN TRAFFIC LANE,35,No,2012,TOYOTA,COROLLA,39.05589817,-77.05029233,2023,12,13
230073673,Property Damage Crash,12/26/2023 01:15:00 PM,FREDERICK RD,NA,SAME DIR REAR END,Rain,WET,Daylight,TRAFFIC SIGNAL,NONE DETECTED,Yes,No Apparent Injury,"SLEET, HAIL, FREEZ. RAIN, WET",EATING OR DRINKING,MA,PASSENGER CAR,ACCELERATING,35,No,2022,CHRYSLER,PACIFICA,39.19297218,-77.24308637,2023,12,13
230073674,Injury Crash,12/26/2023 01:15:00 PM,VEIRS MILL RD,NA,SAME DIR REAR END,Rain,WET,Daylight,YIELD SIGN,NONE DETECTED,Yes,No Apparent Injury,N/A,DISTRACTED BY OUTSIDE PERSON OBJECT OR EVENT,MD,(SPORT) UTILITY VEHICLE,ACCELERATING,35,No,2023,TOYOTA,RAV4,39.05589817,-77.05029233,2023,12,13
230073673,Property Damage Crash,12/26/2023 01:15:00 PM,FREDERICK RD,NA,SAME DIR REAR END,Rain,WET,Daylight,TRAFFIC SIGNAL,NONE DETECTED,No,No Apparent Injury,"SLEET, HAIL, FREEZ. RAIN, WET",NOT DISTRACTED,WV,POLICE VEHICLE/NON EMERGENCY,STOPPED IN TRAFFIC LANE,35,No,2016,FORD,TAURUS,39.19297218,-77.24308637,2023,12,13
230073666,Property Damage Crash,12/26/2023 12:34:00 PM,FREDERICK RD,NA,SAME DIR REAR END,Rain,WET,Daylight,NO CONTROLS,NONE DETECTED,Yes,No Apparent Injury,"N/A, WET",NOT DISTRACTED,MD,PASSENGER CAR,MOVING CONSTANT SPEED,30,No,2019,FORD,TK,39.23599,-77.27550667,2023,12,12
230073666,Property Damage Crash,12/26/2023 12:34:00 PM,FREDERICK RD,NA,SAME DIR REAR END,Rain,WET,Daylight,NO CONTROLS,NONE DETECTED,No,No Apparent Injury,"N/A, WET",NOT DISTRACTED,MD,PASSENGER CAR,SLOWING OR STOPPING,30,No,2021,TOYT,SD,39.23599,-77.27550667,2023,12,12
230073666,Property Damage Crash,12/26/2023 12:34:00 PM,FREDERICK RD,NA,SAME DIR REAR END,Rain,WET,Daylight,NO CONTROLS,NONE DETECTED,No,No Apparent Injury,"N/A, WET",NOT DISTRACTED,VA,PASSENGER CAR,MOVING CONSTANT SPEED,30,No,2023,VOLVO,S90,39.23599,-77.27550667,2023,12,12
230073692,Fatal Crash,12/26/2023 12:19:00 PM,FREDERICK RD,NA,HEAD ON,Rain,WET,Daylight,NO CONTROLS,NONE DETECTED,No,Suspected Serious Injury,"RAIN, SNOW, WET",NOT DISTRACTED,MD,VAN,MOVING CONSTANT SPEED,40,No,2021,FORD,TRANSIT,39.16709689,-77.22929941,2023,12,12
230073692,Fatal Crash,12/26/2023 12:19:00 PM,FREDERICK RD,NA,HEAD ON,Rain,WET,Daylight,NO CONTROLS,DRUG PRESENT,Yes,Fatal Injury,"RAIN, SNOW, WET",UNKNOWN,MD,PASSENGER CAR,MOVING CONSTANT SPEED,40,No,2007,HONDA,CIVIC,39.16709689,-77.22929941,2023,12,12
230073642,Property Damage Crash,12/26/2023 10:29:00 AM,NA,NA,OPPOSITE DIRECTION SIDESWIPE,Rain,NA,Daylight,N/A,NONE DETECTED,Yes,No Apparent Injury,"RAIN, SNOW, WET",UNKNOWN,XX,PASSENGER CAR,MAKING LEFT TURN,15,No,2008,NISSAN,ROGUE,39.17221583,-77.20609183,2023,12,10
230073642,Property Damage Crash,12/26/2023 10:29:00 AM,NA,NA,OPPOSITE DIRECTION SIDESWIPE,Rain,NA,Daylight,N/A,NONE DETECTED,Yes,No Apparent Injury,"RAIN, SNOW, WET",UNKNOWN,MD,PASSENGER CAR,MAKING RIGHT TURN,15,No,2023,HONDA,SD,39.17221583,-77.20609183,2023,12,10
230073638,Injury Crash,12/26/2023 09:56:00 AM,MIDDLEBROOK RD,NA,STRAIGHT MOVEMENT ANGLE,Rain,WET,Daylight,TRAFFIC SIGNAL,NONE DETECTED,Yes,No Apparent Injury,"RAIN, SNOW, WET",LOOKED BUT DID NOT SEE,MD,PASSENGER CAR,MOVING CONSTANT SPEED,35,No,2021,HOND,HB,39.18428767,-77.27351433,2023,12,9
230073638,Injury Crash,12/26/2023 09:56:00 AM,MIDDLEBROOK RD,NA,STRAIGHT MOVEMENT ANGLE,Rain,WET,Daylight,TRAFFIC SIGNAL,NONE DETECTED,No,Possible Minor Injury,"RAIN, SNOW, WET",NOT DISTRACTED,MD,PASSENGER CAR,MOVING CONSTANT SPEED,35,No,2016,NISSAN,ROGUE,39.18428767,-77.27351433,2023,12,9
230073654,Property Damage Crash,12/26/2023 09:35:00 AM,RAMP 1 FR RP 4 EB TO DEMOCRACY BLVD,NA,SINGLE VEHICLE,Rain,WET,Daylight,NO CONTROLS,NONE DETECTED,Yes,No Apparent Injury,"SLEET, HAIL, FREEZ. RAIN, WET",INATTENTIVE OR LOST IN THOUGHT,XX,PASSENGER CAR,MOVING CONSTANT SPEED,55,No,2014,DODGE,RAM,38.98357167,-77.18078667,2023,12,9
230073636,Property Damage Crash,12/26/2023 09:29:00 AM,OLD GEORGETOWN RD,NA,STRAIGHT MOVEMENT ANGLE,Rain,WET,Daylight,STOP SIGN,NONE DETECTED,Yes,No Apparent Injury,"RAIN, SNOW, WET",LOOKED BUT DID NOT SEE,MD,PASSENGER CAR,ACCELERATING,25,No,2023,LAND ROVER,EVOQUE,38.98855967,-77.10050133,2023,12,9
230073636,Property Damage Crash,12/26/2023 09:29:00 AM,OLD GEORGETOWN RD,NA,STRAIGHT MOVEMENT ANGLE,Rain,WET,Daylight,STOP SIGN,NONE DETECTED,No,No Apparent Injury,"RAIN, SNOW, WET",NOT DISTRACTED,MD,PASSENGER CAR,MOVING CONSTANT SPEED,25,No,2017,FORD,EDGE,38.98855967,-77.10050133,2023,12,9
230073624,Property Damage Crash,12/26/2023 07:24:00 AM,RIVER RD,NA,HEAD ON,Cloudy,WET,Medium,NO CONTROLS,NONE DETECTED,No,No Apparent Injury,"RAIN, SNOW, WET",NOT DISTRACTED,MD,TRUCK TRACTOR,BACKING,50,No,2020,KENW,DUMP TRUCK,39.06889833,-77.30745833,2023,12,7
230073624,Property Damage Crash,12/26/2023 07:24:00 AM,RIVER RD,NA,HEAD ON,Cloudy,WET,Medium,NO CONTROLS,NONE DETECTED,Yes,No Apparent Injury,"RAIN, SNOW, WET",NOT DISTRACTED,MD,PASSENGER CAR,MOVING CONSTANT SPEED,50,No,2011,HONDA,CRV,39.06889833,-77.30745833,2023,12,7
230073614,Property Damage Crash,12/26/2023 02:50:00 AM,GERMANTOWN RD,NA,SINGLE VEHICLE,Clear,DRY,Medium,N/A,NONE DETECTED,Yes,No Apparent Injury,"ANIMAL, N/A",NOT DISTRACTED,MD,PASSENGER CAR,MOVING CONSTANT SPEED,40,No,2017,TOYOTA,CAMRY,39.15402167,-77.28741167,2023,12,2
230073612,Property Damage Crash,12/26/2023 02:00:00 AM,QUINCE ORCHARD RD,NA,STRAIGHT MOVEMENT ANGLE,Clear,DRY,Medium,FLASHING TRAFFIC SIGNAL,NONE DETECTED,Yes,No Apparent Injury,N/A,LOOKED BUT DID NOT SEE,DC,PASSENGER CAR,MOVING CONSTANT SPEED,25,No,2008,HONDA,CIVIC,39.14508752,-77.21999296,2023,12,2
230073612,Property Damage Crash,12/26/2023 02:00:00 AM,QUINCE ORCHARD RD,NA,STRAIGHT MOVEMENT ANGLE,Clear,DRY,Medium,FLASHING TRAFFIC SIGNAL,NONE DETECTED,No,No Apparent Injury,N/A,NOT DISTRACTED,MD,PASSENGER CAR,MOVING CONSTANT SPEED,30,No,2015,HOND,UT,39.14508752,-77.21999296,2023,12,2
230073606,Injury Crash,12/26/2023 12:20:00 AM,EISENHOWER MEMORIAL HWY,NA,SAME DIR REAR END,Clear,DRY,Medium,NO CONTROLS,NONE DETECTED,No,Possible Minor Injury,N/A,NOT DISTRACTED,MD,PASSENGER CAR,MOVING CONSTANT SPEED,55,No,2015,NISSAN,ALTIMA,39.05173667,-77.15275167,2023,12,0
230073606,Injury Crash,12/26/2023 12:20:00 AM,EISENHOWER MEMORIAL HWY,NA,SAME DIR REAR END,Clear,DRY,Medium,NO CONTROLS,ALCOHOL PRESENT,Yes,Possible Minor Injury,N/A,UNKNOWN,MD,PASSENGER CAR,MOVING CONSTANT SPEED,55,No,2008,CHRYSLER,PACIFICA,39.05173667,-77.15275167,2023,12,0
230073599,Injury Crash,12/25/2023 11:32:00 PM,ROCKVILLE PIKE,NA,HEAD ON LEFT TURN,Clear,DRY,Medium,TRAFFIC SIGNAL,NONE DETECTED,Yes,Possible Minor Injury,N/A,UNKNOWN,CA,PASSENGER CAR,MAKING LEFT TURN,35,No,2018,MERCEDES BENZ,E300,39.05884912,-77.12128391,2023,12,23
230073599,Injury Crash,12/25/2023 11:32:00 PM,ROCKVILLE PIKE,NA,HEAD ON LEFT TURN,Clear,DRY,Medium,TRAFFIC SIGNAL,NONE DETECTED,No,No Apparent Injury,N/A,UNKNOWN,MD,PASSENGER CAR,MOVING CONSTANT SPEED,35,No,2013,NISSAN,SENTRA,39.05884912,-77.12128391,2023,12,23
230073596,Property Damage Crash,12/25/2023 09:57:00 PM,MAY ST,NA,HEAD ON,Clear,DRY,Medium,NO CONTROLS,NONE DETECTED,Yes,No Apparent Injury,N/A,UNKNOWN,MD,PASSENGER CAR,MOVING CONSTANT SPEED,25,No,2012,HONDA,CIVIC,39.07256842,-77.07151357,2023,12,21
230073589,Injury Crash,12/25/2023 09:27:00 PM,GUNNERS BRANCH RD,PEDESTRIAN,SINGLE VEHICLE,Clear,DRY,Medium,NO CONTROLS,NONE DETECTED,Yes,No Apparent Injury,N/A,NOT DISTRACTED,MD,PICKUP TRUCK,MAKING LEFT TURN,10,No,2018,CHEVY,SILVERADO,39.17799305,-77.24060511,2023,12,21
23007358,Property Damage Crash,12/25/2023 08:16:00 PM,UNIVERSITY BLVD E,NA,SAME DIR BOTH LEFT TURN,Clear,DRY,Medium,N/A,NONE DETECTED,Yes,No Apparent Injury,N/A,UNKNOWN,NA,PASSENGER CAR,MOVING CONSTANT SPEED,40,No,1997,DODGE,RAM,39.00595913,-76.99723239,2023,12,20
23007358,Property Damage Crash,12/25/2023 08:16:00 PM,UNIVERSITY BLVD E,NA,SAME DIR BOTH LEFT TURN,Clear,DRY,Medium,N/A,NONE DETECTED,No,No Apparent Injury,N/A,NOT DISTRACTED,MD,PASSENGER CAR,MOVING CONSTANT SPEED,40,No,2003,CHEVY,TRUCK,39.00595913,-76.99723239,2023,12,20
230073573,Injury Crash,12/25/2023 06:26:00 PM,COLUMBIA PIKE,NA,SAME DIR REAR END,Clear,DRY,Medium,TRAFFIC SIGNAL,NONE DETECTED,No,No Apparent Injury,N/A,NOT DISTRACTED,MD,PICKUP TRUCK,STOPPED IN TRAFFIC LANE,55,No,2015,FORD,TK,39.0724857,-76.95610047,2023,12,18
230073573,Injury Crash,12/25/2023 06:26:00 PM,COLUMBIA PIKE,NA,SAME DIR REAR END,Clear,DRY,Medium,TRAFFIC SIGNAL,NONE DETECTED,No,No Apparent Injury,N/A,NOT DISTRACTED,MD,PASSENGER CAR,SLOWING OR STOPPING,55,No,2022,TOYOTA,HIGHLANDER,39.0724857,-76.95610047,2023,12,18
230073573,Injury Crash,12/25/2023 06:26:00 PM,COLUMBIA PIKE,NA,SAME DIR REAR END,Clear,DRY,Medium,TRAFFIC SIGNAL,NONE DETECTED,No,No Apparent Injury,N/A,NOT DISTRACTED,MD,PASSENGER CAR,STOPPED IN TRAFFIC LANE,55,No,2018,FORD,FUSION,39.0724857,-76.95610047,2023,12,18
230073573,Injury Crash,12/25/2023 06:26:00 PM,COLUMBIA PIKE,NA,SAME DIR REAR END,Clear,DRY,Medium,TRAFFIC SIGNAL,NONE DETECTED,Yes,No Apparent Injury,N/A,LOOKED BUT DID NOT SEE,MD,PASSENGER CAR,MOVING CONSTANT SPEED,55,No,2015,MERC,T300,39.0724857,-76.95610047,2023,12,18
230073573,Injury Crash,12/25/2023 06:26:00 PM,COLUMBIA PIKE,NA,SAME DIR REAR END,Clear,DRY,Medium,TRAFFIC SIGNAL,NONE DETECTED,No,No Apparent Injury,N/A,NOT DISTRACTED,MD,PASSENGER CAR,STOPPED IN TRAFFIC LANE,55,No,2018,HONDA,CIVIC,39.0724857,-76.95610047,2023,12,18
230073568,Injury Crash,12/25/2023 05:40:00 PM,RANDOLPH RD,NA,HEAD ON LEFT TURN,Clear,DRY,Medium,TRAFFIC SIGNAL,NONE DETECTED,No,Possible Minor Injury,N/A,NOT DISTRACTED,MD,PASSENGER CAR,MOVING CONSTANT SPEED,35,No,2016,LEXS,LS460,39.053945,-77.09394,2023,12,17
230073568,Injury Crash,12/25/2023 05:40:00 PM,RANDOLPH RD,NA,HEAD ON LEFT TURN,Clear,DRY,Medium,TRAFFIC SIGNAL,NONE DETECTED,Yes,No Apparent Injury,N/A,LOOKED BUT DID NOT SEE,MD,PASSENGER CAR,MAKING LEFT TURN,35,No,2004,TOYT,CAMRY,39.053945,-77.09394,2023,12,17
230073563,Property Damage Crash,12/25/2023 05:05:00 PM,ARORA HILLS DR,NA,HEAD ON LEFT TURN,Clear,DRY,Medium,STOP SIGN,NONE DETECTED,Yes,No Apparent Injury,N/A,UNKNOWN,NA,PASSENGER CAR,MAKING LEFT TURN,25,No,2018,TOYOTA,CAMRY,39.23166833,-77.24892167,2023,12,17
230073560,Property Damage Crash,12/25/2023 04:23:00 PM,BELLE CHASE DR,NA,SINGLE VEHICLE,Cloudy,DRY,Daylight,NO CONTROLS,NONE DETECTED,Yes,No Apparent Injury,N/A,UNKNOWN,MD,PASSENGER CAR,ACCELERATING,25,No,2015,LEXUS,ES300,39.190035,-77.13542167,2023,12,16
230073559,Injury Crash,12/25/2023 04:00:00 PM,CALVERTON BLVD,NA,STRAIGHT MOVEMENT ANGLE,Clear,DRY,Daylight,STOP SIGN,NONE DETECTED,Yes,Possible Minor Injury,N/A,LOOKED BUT DID NOT SEE,MD,PASSENGER CAR,ACCELERATING,30,No,2022,TESLA,MODEL 3,39.05698683,-76.9510205,2023,12,16
230073559,Injury Crash,12/25/2023 04:00:00 PM,CALVERTON BLVD,NA,STRAIGHT MOVEMENT ANGLE,Clear,DRY,Daylight,STOP SIGN,NONE DETECTED,No,No Apparent Injury,N/A,NOT DISTRACTED,MD,PASSENGER CAR,MOVING CONSTANT SPEED,30,No,2020,CHEV,SD,39.05698683,-76.9510205,2023,12,16
230073548,Property Damage Crash,12/25/2023 02:00:00 PM,WOODFIELD RD,NA,STRAIGHT MOVEMENT ANGLE,Clear,DRY,Daylight,TRAFFIC SIGNAL,NONE DETECTED,No,No Apparent Injury,N/A,NOT DISTRACTED,MD,PASSENGER CAR,MOVING CONSTANT SPEED,40,No,2018,HYUN,ELANTRA,39.15209133,-77.172805,2023,12,14
230073548,Property Damage Crash,12/25/2023 02:00:00 PM,WOODFIELD RD,NA,STRAIGHT MOVEMENT ANGLE,Clear,DRY,Daylight,TRAFFIC SIGNAL,NONE DETECTED,Yes,No Apparent Injury,N/A,LOOKED BUT DID NOT SEE,MD,PASSENGER CAR,RIGHT TURN ON RED,40,No,2019,KIA,SORENTO,39.15209133,-77.172805,2023,12,14
230073545,Injury Crash,12/25/2023 01:44:00 PM,W DIAMOND AVE,NA,HEAD ON LEFT TURN,Clear,DRY,Daylight,NO CONTROLS,NONE DETECTED,Yes,Possible Minor Injury,N/A,LOOKED BUT DID NOT SEE,MD,POLICE VEHICLE/EMERGENCY,MAKING LEFT TURN,35,No,2008,MERZ,SD,39.14065667,-77.21444783,2023,12,13
230073545,Injury Crash,12/25/2023 01:44:00 PM,W DIAMOND AVE,NA,HEAD ON LEFT TURN,Clear,DRY,Daylight,NO CONTROLS,NONE DETECTED,No,No Apparent Injury,N/A,NOT DISTRACTED,MD,PASSENGER CAR,MOVING CONSTANT SPEED,35,No,2019,NISS,SD,39.14065667,-77.21444783,2023,12,13
230073543,Property Damage Crash,12/25/2023 01:30:00 PM,LOCKWOOD DR,NA,OPPOSITE DIRECTION SIDESWIPE,Clear,DRY,Daylight,STOP SIGN,NONE DETECTED,No,No Apparent Injury,N/A,NOT DISTRACTED,WV,TRANSIT BUS,MOVING CONSTANT SPEED,35,No,2008,GILLIG,BUS,39.03630967,-76.99631283,2023,12,13
230073543,Property Damage Crash,12/25/2023 01:30:00 PM,LOCKWOOD DR,NA,OPPOSITE DIRECTION SIDESWIPE,Clear,DRY,Daylight,STOP SIGN,NONE DETECTED,Yes,No Apparent Injury,N/A,NOT DISTRACTED,MD,PASSENGER CAR,MAKING RIGHT TURN,35,No,2023,TOYOTA,COROLLA,39.03630967,-76.99631283,2023,12,13
230073522,Property Damage Crash,12/25/2023 08:32:00 AM,SPENCERVILLE RD,NA,SINGLE VEHICLE,Clear,DRY,Daylight,NO CONTROLS,NONE DETECTED,Yes,No Apparent Injury,N/A,NOT DISTRACTED,MD,(SPORT) UTILITY VEHICLE,MOVING CONSTANT SPEED,40,No,2011,JEEP,WRANGLER,39.1072455,-76.94382367,2023,12,8
230073512,Injury Crash,12/25/2023 03:21:00 AM,CHERRY HILL RD,NA,STRAIGHT MOVEMENT ANGLE,Clear,DRY,Medium,FLASHING TRAFFIC SIGNAL,NONE DETECTED,Yes,Possible Minor Injury,N/A,NOT DISTRACTED,MD,PASSENGER CAR,MOVING CONSTANT SPEED,30,No,2017,HYUNDAI,ELANTRA,39.05595333,-76.95456133,2023,12,3
230073512,Injury Crash,12/25/2023 03:21:00 AM,CHERRY HILL RD,NA,STRAIGHT MOVEMENT ANGLE,Clear,DRY,Medium,FLASHING TRAFFIC SIGNAL,NONE DETECTED,No,No Apparent Injury,N/A,NOT DISTRACTED,MD,PASSENGER CAR,MOVING CONSTANT SPEED,30,No,2018,HYUNDAI,ELANTRA,39.05595333,-76.95456133,2023,12,3
230073509,Property Damage Crash,12/25/2023 02:26:00 AM,GEORGIA AVE,NA,STRAIGHT MOVEMENT ANGLE,Clear,DRY,Medium,TRAFFIC SIGNAL,NONE DETECTED,Yes,No Apparent Injury,N/A,NOT DISTRACTED,MD,PASSENGER CAR,MOVING CONSTANT SPEED,25,No,2020,CHEVROLET,TRAX,39.043401,-77.051949,2023,12,2
230073508,Injury Crash,12/25/2023 02:23:00 AM,GEORGIA AVE,NA,STRAIGHT MOVEMENT ANGLE,Clear,DRY,Medium,TRAFFIC SIGNAL,NONE DETECTED,No,Possible Minor Injury,N/A,NOT DISTRACTED,MD,PASSENGER CAR,MOVING CONSTANT SPEED,25,No,2019,HONDA,CIVIC,39.04351783,-77.0519805,2023,12,2
230073508,Injury Crash,12/25/2023 02:23:00 AM,GEORGIA AVE,NA,STRAIGHT MOVEMENT ANGLE,Clear,DRY,Medium,TRAFFIC SIGNAL,NONE DETECTED,Yes,Possible Minor Injury,N/A,UNKNOWN,MD,PASSENGER CAR,MAKING LEFT TURN,25,No,2005,HYUN,UT,39.04351783,-77.0519805,2023,12,2
230073511,Property Damage Crash,12/25/2023 02:00:00 AM,NA,NA,OTHER,Clear,NA,Medium,NO CONTROLS,NONE DETECTED,Yes,No Apparent Injury,N/A,NOT DISTRACTED,MD,PASSENGER CAR,SLOWING OR STOPPING,15,No,2008,HONDA,ACCORD,39.06329833,-77.09575,2023,12,2
230073502,Property Damage Crash,12/24/2023 10:58:00 PM,E FRANKLIN AVE,NA,SAME DIR REAR END,Clear,DRY,Medium,NO CONTROLS,ALCOHOL PRESENT,Yes,No Apparent Injury,N/A,UNKNOWN,MD,PASSENGER CAR,MOVING CONSTANT SPEED,35,No,2016,HONDA,4DR,39.01344854,-77.00035612,2023,12,22
230073492,Property Damage Crash,12/24/2023 08:00:00 PM,RIDGE RD,NA,SAME DIR REAR END,Clear,DRY,Dark,NO CONTROLS,NONE DETECTED,Yes,No Apparent Injury,N/A,NOT DISTRACTED,MD,PASSENGER CAR,MOVING CONSTANT SPEED,45,No,2017,JEEP,CHEROKEE,39.25990032,-77.22342869,2023,12,20
230073492,Property Damage Crash,12/24/2023 08:00:00 PM,RIDGE RD,NA,SAME DIR REAR END,Clear,DRY,Dark,NO CONTROLS,NONE DETECTED,No,No Apparent Injury,N/A,NOT DISTRACTED,MD,PASSENGER CAR,SLOWING OR STOPPING,45,No,2023,TOYOTA,COROLLA,39.25990032,-77.22342869,2023,12,20
230073490,Property Damage Crash,12/24/2023 06:40:00 PM,BLUERIDGE AVE,NA,SAME DIRECTION SIDESWIPE,Clear,DRY,Medium,NO CONTROLS,NONE DETECTED,Yes,No Apparent Injury,N/A,NOT DISTRACTED,MD,POLICE VEHICLE/EMERGENCY,MAKING RIGHT TURN,25,No,2015,KIA,SD,39.04298167,-77.05287333,2023,12,18
230073490,Property Damage Crash,12/24/2023 06:40:00 PM,BLUERIDGE AVE,NA,SAME DIRECTION SIDESWIPE,Clear,DRY,Medium,NO CONTROLS,NONE DETECTED,Yes,No Apparent Injury,N/A,NOT DISTRACTED,MD,(SPORT) UTILITY VEHICLE,MAKING RIGHT TURN,25,No,2022,NISS,HB,39.04298167,-77.05287333,2023,12,18
230073488,Injury Crash,12/24/2023 06:31:00 PM,NA,PEDESTRIAN,OTHER,Clear,NA,Medium,NO CONTROLS,NONE DETECTED,Yes,No Apparent Injury,N/A,INATTENTIVE OR LOST IN THOUGHT,VA,PASSENGER CAR,STARTING FROM PARKED,5,No,2021,FORD,EXPLORER,39.28861683,-77.20493983,2023,12,18
230073477,Property Damage Crash,12/24/2023 04:33:00 PM,RANDOLPH RD,NA,STRAIGHT MOVEMENT ANGLE,Clear,DRY,Daylight,TRAFFIC SIGNAL,NONE DETECTED,No,No Apparent Injury,N/A,NOT DISTRACTED,MD,PASSENGER CAR,MOVING CONSTANT SPEED,35,No,2014,TOYTA,PRIUS,39.05903733,-77.0474325,2023,12,16
230073477,Property Damage Crash,12/24/2023 04:33:00 PM,RANDOLPH RD,NA,STRAIGHT MOVEMENT ANGLE,Clear,DRY,Daylight,TRAFFIC SIGNAL,NONE DETECTED,Yes,No Apparent Injury,N/A,INATTENTIVE OR LOST IN THOUGHT,MD,(SPORT) UTILITY VEHICLE,MAKING LEFT TURN,35,No,2015,FORD,EDGE,39.05903733,-77.0474325,2023,12,16
230073457,Injury Crash,12/24/2023 02:25:00 PM,NA,PEDESTRIAN,OTHER,Clear,NA,Daylight,N/A,NONE DETECTED,Yes,No Apparent Injury,N/A,INATTENTIVE OR LOST IN THOUGHT,MD,PASSENGER CAR,PARKING,15,No,2007,MERC,E550,39.05594083,-77.0839425,2023,12,14
230073453,Property Damage Crash,12/24/2023 02:13:00 PM,FLOWER AVE,NA,OTHER,Clear,DRY,Daylight,OTHER,NONE DETECTED,Yes,No Apparent Injury,"BACKUP DUE TO PRIOR CRASH, N/A",TALKING OR LISTENING TO CELLULAR PHONE,MD,PASSENGER CAR,ACCELERATING,20,No,2022,TOYOTA,COROLLA,39.0049,-77.03528833,2023,12,14
230073442,Injury Crash,12/24/2023 12:46:00 PM,SHADY GROVE RD,NA,SAME DIR REAR END,Clear,DRY,Daylight,NO CONTROLS,NONE DETECTED,Yes,No Apparent Injury,N/A,OTHER DISTRACTION,NY,PASSENGER CAR,MOVING CONSTANT SPEED,40,No,2020,CHEVROLET,SONIC,39.12192552,-77.17860098,2023,12,12
230073442,Injury Crash,12/24/2023 12:46:00 PM,SHADY GROVE RD,NA,SAME DIR REAR END,Clear,DRY,Daylight,NO CONTROLS,NONE DETECTED,No,Possible Minor Injury,N/A,NOT DISTRACTED,MD,PASSENGER CAR,STOPPED IN TRAFFIC LANE,40,No,2019,TOYT,CAMRY,39.12192552,-77.17860098,2023,12,12
230073441,Property Damage Crash,12/24/2023 11:50:00 AM,MUDDY BRANCH RD,NA,SAME DIR REAR END,Clear,WET,Daylight,FLASHING TRAFFIC SIGNAL,NONE DETECTED,No,No Apparent Injury,N/A,NOT DISTRACTED,MD,PASSENGER CAR,MOVING CONSTANT SPEED,35,No,2014,TOYT,4S,39.13657371,-77.20580096,2023,12,11
230073441,Property Damage Crash,12/24/2023 11:50:00 AM,MUDDY BRANCH RD,NA,SAME DIR REAR END,Clear,WET,Daylight,FLASHING TRAFFIC SIGNAL,NONE DETECTED,Yes,No Apparent Injury,N/A,UNKNOWN,NA,PASSENGER CAR,UNKNOWN,30,No,2009,HONDA,CIVIC,39.13657371,-77.20580096,2023,12,11
230073435,Property Damage Crash,12/24/2023 11:35:00 AM,DEMOCRACY BLVD,NA,SINGLE VEHICLE,Cloudy,WET,Daylight,NO CONTROLS,NONE DETECTED,Yes,No Apparent Injury,"N/A, WET",NOT DISTRACTED,MD,PASSENGER CAR,MAKING LEFT TURN,45,No,2007,PONTIAC,SOLISTEC,39.02332833,-77.160925,2023,12,11
230073429,Property Damage Crash,12/24/2023 10:30:00 AM,FATHER HURLEY BLVD,NA,SAME DIR REAR END,Rain,WET,Daylight,TRAFFIC SIGNAL,NONE DETECTED,No,No Apparent Injury,"RAIN, SNOW, WET",NOT DISTRACTED,MD,PASSENGER CAR,STOPPED IN TRAFFIC LANE,50,No,2004,TOYOTA,COROLLA,39.199205,-77.26045833,2023,12,10
230073429,Property Damage Crash,12/24/2023 10:30:00 AM,FATHER HURLEY BLVD,NA,SAME DIR REAR END,Rain,WET,Daylight,TRAFFIC SIGNAL,NONE DETECTED,Yes,No Apparent Injury,"RAIN, SNOW, WET",LOOKED BUT DID NOT SEE,MD,PASSENGER CAR,MOVING CONSTANT SPEED,50,No,2017,TOYOTA,TACOMA,39.199205,-77.26045833,2023,12,10
230073430,Property Damage Crash,12/24/2023 10:10:00 AM,MONTROSE RD,NA,SAME DIR REAR END,Cloudy,WET,Daylight,TRAFFIC SIGNAL,NONE DETECTED,No,No Apparent Injury,"N/A, WET",NOT DISTRACTED,MD,(SPORT) UTILITY VEHICLE,STOPPED IN TRAFFIC LANE,40,No,2022,HONDA,CRV,39.05565833,-77.14910667,2023,12,10
230073430,Property Damage Crash,12/24/2023 10:10:00 AM,MONTROSE RD,NA,SAME DIR REAR END,Cloudy,WET,Daylight,TRAFFIC SIGNAL,NONE DETECTED,Yes,No Apparent Injury,"N/A, WET",NOT DISTRACTED,MD,PASSENGER CAR,SLOWING OR STOPPING,40,No,2003,TOYOTA,COROLLA,39.05565833,-77.14910667,2023,12,10
230073428,Property Damage Crash,12/24/2023 10:00:00 AM,FATHER HURLEY BLVD,NA,SAME DIR REAR END,Rain,WET,Daylight,FLASHING TRAFFIC SIGNAL,NONE DETECTED,No,No Apparent Injury,"RAIN, SNOW, WET",NOT DISTRACTED,MD,PASSENGER CAR,SLOWING OR STOPPING,50,No,2007,MERCEDES BENZ,S550,39.19920167,-77.260585,2023,12,10
230073428,Property Damage Crash,12/24/2023 10:00:00 AM,FATHER HURLEY BLVD,NA,SAME DIR REAR END,Rain,WET,Daylight,FLASHING TRAFFIC SIGNAL,NONE DETECTED,Yes,No Apparent Injury,"RAIN, SNOW, WET",LOOKED BUT DID NOT SEE,MD,PASSENGER CAR,SKIDDING,50,No,2004,TOYOTA,COROLLA,39.19920167,-77.260585,2023,12,10
230073423,Injury Crash,12/24/2023 08:38:00 AM,OLD GEORGETOWN RD,NA,STRAIGHT MOVEMENT ANGLE,Rain,WET,Daylight,TRAFFIC SIGNAL,NONE DETECTED,No,No Apparent Injury,N/A,NOT DISTRACTED,PA,PASSENGER CAR,MOVING CONSTANT SPEED,35,No,2020,TOYOTA,COROLLA,39.03434,-77.12503667,2023,12,8
230073423,Injury Crash,12/24/2023 08:38:00 AM,OLD GEORGETOWN RD,NA,STRAIGHT MOVEMENT ANGLE,Rain,WET,Daylight,TRAFFIC SIGNAL,NONE DETECTED,Yes,Possible Minor Injury,N/A,LOOKED BUT DID NOT SEE,MD,PASSENGER CAR,MAKING LEFT TURN,35,No,2017,LINCOLN,MKZ,39.03434,-77.12503667,2023,12,8
230073421,Injury Crash,12/24/2023 07:24:00 AM,COLESVILLE RD,NA,SINGLE VEHICLE,Clear,DRY,Daylight,N/A,NONE DETECTED,Yes,Possible Minor Injury,N/A,OTHER DISTRACTION,MD,PASSENGER CAR,MOVING CONSTANT SPEED,20,No,2003,TOYOTA,CAROLLA,39.00634333,-77.05014167,2023,12,7
230073416,Injury Crash,12/24/2023 02:59:00 AM,UNIVERSITY BLVD W,NA,SINGLE VEHICLE,Clear,DRY,Medium,FLASHING TRAFFIC SIGNAL,NONE DETECTED,Yes,Possible Minor Injury,N/A,UNKNOWN,MD,PASSENGER CAR,MOVING CONSTANT SPEED,35,No,2021,ACURA,ILX,39.03475997,-77.02462485,2023,12,2