Local Case Number,ACRS Report Type,Crash Date/Time,Road Name,Related Non-Motorist,Collision Type,Weather,Surface Condition,Light,Traffic Control,Driver Substance Abuse,Driver At Fault,Injury Severity,Circumstance,Driver Distracted By,Drivers License State,Vehicle Body Type,Vehicle Movement,Speed Limit,Driverless Vehicle,Vehicle Year,Vehicle Make,Vehicle Model,Latitude,Longitude,Year,Month,Hour
230073447,Property Damage Crash,12/24/2023 01:48:00 AM,NA,NA,SAME DIR REAR END,Cloudy,NA,Medium,N/A,NONE DETECTED,Yes,No Apparent Injury,N/A,UNKNOWN,MD,PASSENGER CAR,MOVING CONSTANT SPEED,5,No,2015,HYUNDAI,ELANTRA,38.99872833,-77.000125,2023,12,1
230073406,Property Damage Crash,12/23/2023 11:35:00 PM,NA,NA,STRAIGHT MOVEMENT ANGLE,Clear,NA,Medium,NO CONTROLS,NONE DETECTED,Yes,No Apparent Injury,N/A,UNKNOWN,MD,PASSENGER CAR,BACKING,0,No,2007,TOYOTA,COROLLA,39.00036836,-76.99482146,2023,12,23
230073406,Property Damage Crash,12/23/2023 11:35:00 PM,NA,NA,STRAIGHT MOVEMENT ANGLE,Clear,NA,Medium,NO CONTROLS,NONE DETECTED,No,No Apparent Injury,N/A,NOT DISTRACTED,MD,PASSENGER CAR,MOVING CONSTANT SPEED,0,No,2018,TOYOTA,COROLLA,39.00036836,-76.99482146,2023,12,23
230073400,Property Damage Crash,12/23/2023 11:05:00 PM,MIDDLEBROOK RD,NA,SAME DIRECTION SIDESWIPE,Clear,DRY,Medium,TRAFFIC SIGNAL,NONE DETECTED,Yes,No Apparent Injury,N/A,LOOKED BUT DID NOT SEE,MD,PASSENGER CAR,CHANGING LANES,30,No,2016,HONDA,ACCORD,39.1801935,-77.26862067,2023,12,23
230073400,Property Damage Crash,12/23/2023 11:05:00 PM,MIDDLEBROOK RD,NA,SAME DIRECTION SIDESWIPE,Clear,DRY,Medium,TRAFFIC SIGNAL,NONE DETECTED,No,No Apparent Injury,N/A,NOT DISTRACTED,MD,PASSENGER CAR,MOVING CONSTANT SPEED,30,No,2018,NISSAN,PATHFINDER,39.1801935,-77.26862067,2023,12,23
230073397,Injury Crash,12/23/2023 10:25:00 PM,FALLS RD,NA,OPPOSITE DIRECTION SIDESWIPE,Clear,DRY,Dark,NO CONTROLS,NONE DETECTED,Yes,No Apparent Injury,N/A,UNKNOWN,MD,VAN,UNKNOWN,35,No,2020,FORD,TRANSIT,39.06158667,-77.17687167,2023,12,22
230073397,Injury Crash,12/23/2023 10:25:00 PM,FALLS RD,NA,OPPOSITE DIRECTION SIDESWIPE,Clear,DRY,Dark,NO CONTROLS,NONE DETECTED,No,Possible Minor Injury,N/A,NOT DISTRACTED,MD,(SPORT) UTILITY VEHICLE,MOVING CONSTANT SPEED,35,No,2013,TOYOTA,FJ CRUISER,39.06158667,-77.17687167,2023,12,22
230073396,Property Damage Crash,12/23/2023 10:11:00 PM,VEIRS MILL RD,NA,ANGLE MEETS LEFT TURN,Clear,DRY,Medium,NO CONTROLS,NONE DETECTED,Yes,No Apparent Injury,N/A,UNKNOWN,NA,PASSENGER CAR,MOVING CONSTANT SPEED,35,No,2008,FORD,TAURUS,39.07579383,-77.1182315,2023,12,22
230073396,Property Damage Crash,12/23/2023 10:11:00 PM,VEIRS MILL RD,NA,ANGLE MEETS LEFT TURN,Clear,DRY,Medium,NO CONTROLS,NONE DETECTED,Yes,No Apparent Injury,N/A,LOOKED BUT DID NOT SEE,DC,PASSENGER CAR,MAKING LEFT TURN,35,No,2021,TOYTA,WG,39.07579383,-77.1182315,2023,12,22
230073395,Property Damage Crash,12/23/2023 09:47:00 PM,RIDGE RD,NA,SAME DIR REAR END,Clear,DRY,Medium,NO CONTROLS,NONE DETECTED,Yes,No Apparent Injury,N/A,NOT DISTRACTED,MD,PICKUP TRUCK,MOVING CONSTANT SPEED,40,No,2001,DODG,DAKOTA,39.20114333,-77.25591833,2023,12,21
230073395,Property Damage Crash,12/23/2023 09:47:00 PM,RIDGE RD,NA,SAME DIR REAR END,Clear,DRY,Medium,NO CONTROLS,NONE DETECTED,No,No Apparent Injury,N/A,NOT DISTRACTED,MD,PASSENGER CAR,SLOWING OR STOPPING,40,No,2020,CHRY,PACIFICA,39.20114333,-77.25591833,2023,12,21
230073386,Injury Crash,12/23/2023 08:15:00 PM,GEORGIA AVE,NA,SAME DIR REAR END,Clear,DRY,Medium,NO CONTROLS,NONE DETECTED,Yes,No Apparent Injury,N/A,LOOKED BUT DID NOT SEE,NA,UNKNOWN,MOVING CONSTANT SPEED,35,No,0,UNKNOWN,UNKNOWN,39.03622997,-77.02747786,2023,12,20
230073386,Injury Crash,12/23/2023 08:15:00 PM,GEORGIA AVE,NA,SAME DIR REAR END,Clear,DRY,Medium,NO CONTROLS,NONE DETECTED,No,Possible Minor Injury,N/A,NOT DISTRACTED,VA,PASSENGER CAR,SLOWING OR STOPPING,35,No,2018,TOYT,CAMRY,39.03622997,-77.02747786,2023,12,20
230073382,Property Damage Crash,12/23/2023 08:10:00 PM,RANDOLPH RD,NA,ANGLE MEETS LEFT TURN,Clear,DRY,Dark,TRAFFIC SIGNAL,NONE DETECTED,Unknown,No Apparent Injury,N/A,NOT DISTRACTED,MD,PASSENGER CAR,MAKING LEFT TURN,40,No,2023,SUBARU,FORRESTER,39.05804467,-77.05770579,2023,12,20
230073382,Property Damage Crash,12/23/2023 08:10:00 PM,RANDOLPH RD,NA,ANGLE MEETS LEFT TURN,Clear,DRY,Dark,TRAFFIC SIGNAL,NONE DETECTED,Unknown,No Apparent Injury,N/A,NOT DISTRACTED,MD,(SPORT) UTILITY VEHICLE,UNKNOWN,40,No,2021,FORD,EXPEDITION,39.05804467,-77.05770579,2023,12,20
230073378,Property Damage Crash,12/23/2023 07:25:00 PM,FIRSTFIELD RD,NA,ANGLE MEETS LEFT TURN,Clear,DRY,Medium,NO CONTROLS,NONE DETECTED,Unknown,No Apparent Injury,N/A,LOOKED BUT DID NOT SEE,DC,PASSENGER CAR,MAKING LEFT TURN,35,No,2012,MERCEDES,E350,39.1419913,-77.22431373,2023,12,19
230073378,Property Damage Crash,12/23/2023 07:25:00 PM,FIRSTFIELD RD,NA,ANGLE MEETS LEFT TURN,Clear,DRY,Medium,NO CONTROLS,NONE DETECTED,Unknown,No Apparent Injury,N/A,LOOKED BUT DID NOT SEE,MD,PASSENGER CAR,CHANGING LANES,35,No,2018,NISSAN,ROGUE,39.1419913,-77.22431373,2023,12,19
230073374,Property Damage Crash,12/23/2023 06:24:00 PM,MONTGOMERY VILLAGE AVE,NA,STRAIGHT MOVEMENT ANGLE,Clear,DRY,Medium,STOP SIGN,NONE DETECTED,Yes,No Apparent Injury,N/A,LOOKED BUT DID NOT SEE,MD,PASSENGER CAR,ENTERING TRAFFIC LANE,35,No,2011,TOYT,PRIUS,39.18460333,-77.19894833,2023,12,18
230073374,Property Damage Crash,12/23/2023 06:24:00 PM,MONTGOMERY VILLAGE AVE,NA,STRAIGHT MOVEMENT ANGLE,Clear,DRY,Medium,STOP SIGN,NONE DETECTED,Yes,No Apparent Injury,N/A,NOT DISTRACTED,MD,PASSENGER CAR,MOVING CONSTANT SPEED,35,No,2021,JEEP,WRANGLER,39.18460333,-77.19894833,2023,12,18
230073367,Property Damage Crash,12/23/2023 05:52:00 PM,MATENY RD,NA,SAME DIRECTION LEFT TURN,Clear,DRY,Medium,NO CONTROLS,NONE DETECTED,Yes,No Apparent Injury,N/A,LOOKED BUT DID NOT SEE,MD,PASSENGER CAR,MOVING CONSTANT SPEED,35,No,2012,NISSAN,4DR,39.14779366,-77.27044678,2023,12,17
230073367,Property Damage Crash,12/23/2023 05:52:00 PM,MATENY RD,NA,SAME DIRECTION LEFT TURN,Clear,DRY,Medium,NO CONTROLS,NONE DETECTED,No,No Apparent Injury,N/A,NOT DISTRACTED,MD,PASSENGER CAR,MOVING CONSTANT SPEED,35,No,2020,HOND,UT,39.14779366,-77.27044678,2023,12,17
230073859,Property Damage Crash,12/23/2023 05:40:00 PM,NA,NA,SAME DIRECTION SIDESWIPE,Clear,NA,Medium,NO CONTROLS,NONE DETECTED,No,No Apparent Injury,N/A,NOT DISTRACTED,MD,PASSENGER CAR,STOPPED IN TRAFFIC LANE,20,No,2019,CHEVROLET,TRAVERSE,39.07774294,-77.08013507,2023,12,17
230073859,Property Damage Crash,12/23/2023 05:40:00 PM,NA,NA,SAME DIRECTION SIDESWIPE,Clear,NA,Medium,NO CONTROLS,NONE DETECTED,Yes,No Apparent Injury,N/A,UNKNOWN,XX,PASSENGER CAR,PASSING,20,No,2013,HONDA,ACCORD,39.07774294,-77.08013507,2023,12,17
230073360,Injury Crash,12/23/2023 05:31:00 PM,CONNECTICUT AVE,NA,SAME DIRECTION SIDESWIPE,Clear,DRY,Medium,NO CONTROLS,NONE DETECTED,No,Possible Minor Injury,N/A,NOT DISTRACTED,MD,PASSENGER CAR,MOVING CONSTANT SPEED,35,No,2017,HONDA,ACCORD,39.03378567,-77.07509433,2023,12,17
230073360,Injury Crash,12/23/2023 05:31:00 PM,CONNECTICUT AVE,NA,SAME DIRECTION SIDESWIPE,Clear,DRY,Medium,NO CONTROLS,NONE DETECTED,Yes,No Apparent Injury,N/A,UNKNOWN,MD,PASSENGER CAR,CHANGING LANES,35,No,2021,TOYT,RAV 4,39.03378567,-77.07509433,2023,12,17
230073332,Property Damage Crash,12/23/2023 02:49:00 PM,COLESVILLE RD,NA,SAME DIR REND LEFT TURN,Cloudy,DRY,Daylight,TRAFFIC SIGNAL,NONE DETECTED,No,No Apparent Injury,N/A,NOT DISTRACTED,MD,PASSENGER CAR,STOPPED IN TRAFFIC LANE,35,No,2013,TOYOTA,PRIUS,39.00512706,-77.02295105,2023,12,14
230073332,Property Damage Crash,12/23/2023 02:49:00 PM,COLESVILLE RD,NA,SAME DIR REND LEFT TURN,Cloudy,DRY,Daylight,TRAFFIC SIGNAL,NONE DETECTED,Yes,No Apparent Injury,N/A,NOT DISTRACTED,MD,PASSENGER CAR,MOVING CONSTANT SPEED,35,No,2015,BMW,X1,39.00512706,-77.02295105,2023,12,14
230073322,Property Damage Crash,12/23/2023 01:27:00 PM,ROLLINS AVE,NA,HEAD ON LEFT TURN,Clear,DRY,Daylight,N/A,NONE DETECTED,Yes,No Apparent Injury,N/A,INATTENTIVE OR LOST IN THOUGHT,MD,PASSENGER CAR,MAKING LEFT TURN,20,No,2010,TOYOTA,AVALON,39.05859172,-77.12588931,2023,12,13
230073322,Property Damage Crash,12/23/2023 01:27:00 PM,ROLLINS AVE,NA,HEAD ON LEFT TURN,Clear,DRY,Daylight,N/A,NONE DETECTED,No,No Apparent Injury,N/A,NOT DISTRACTED,MD,PASSENGER CAR,MOVING CONSTANT SPEED,25,No,2011,HYUNDAI,SONATA,39.05859172,-77.12588931,2023,12,13
230073316,Property Damage Crash,12/23/2023 01:15:00 PM,TRAVIS AVE,NA,STRAIGHT MOVEMENT ANGLE,Cloudy,DRY,Daylight,STOP SIGN,NONE DETECTED,Unknown,No Apparent Injury,N/A,NOT DISTRACTED,MD,PASSENGER CAR,STARTING FROM LANE,25,No,1999,TOYOTA,RAV4,39.16189707,-77.21745517,2023,12,13
230073316,Property Damage Crash,12/23/2023 01:15:00 PM,TRAVIS AVE,NA,STRAIGHT MOVEMENT ANGLE,Cloudy,DRY,Daylight,STOP SIGN,NONE DETECTED,Unknown,No Apparent Injury,N/A,UNKNOWN,VA,PASSENGER CAR,STARTING FROM LANE,25,No,2017,NISSAN,SENTRA,39.16189707,-77.21745517,2023,12,13
230073310,Property Damage Crash,12/23/2023 01:08:00 PM,MIDDLEBROOK RD,NA,SAME DIR REAR END,Cloudy,DRY,Daylight,TRAFFIC SIGNAL,NONE DETECTED,Yes,No Apparent Injury,N/A,UNKNOWN,MD,PASSENGER CAR,MOVING CONSTANT SPEED,40,No,2022,KIA,GT,39.175315,-77.25414167,2023,12,13
230073310,Property Damage Crash,12/23/2023 01:08:00 PM,MIDDLEBROOK RD,NA,SAME DIR REAR END,Cloudy,DRY,Daylight,TRAFFIC SIGNAL,NONE DETECTED,No,No Apparent Injury,N/A,NOT DISTRACTED,MD,PASSENGER CAR,SLOWING OR STOPPING,40,No,2017,HONDA,CRV,39.175315,-77.25414167,2023,12,13
230073311,Property Damage Crash,12/23/2023 12:00:00 PM,NA,NA,OTHER,Clear,NA,Daylight,NO CONTROLS,NONE DETECTED,Yes,No Apparent Injury,N/A,LOOKED BUT DID NOT SEE,NA,PICKUP TRUCK,PARKING,10,No,2011,FORD,F-150,38.98976978,-76.98950454,2023,12,12
230073300,Property Damage Crash,12/23/2023 11:47:00 AM,CONNECTICUT AVE,NA,SAME DIR REAR END,Cloudy,DRY,Daylight,TRAFFIC SIGNAL,NONE DETECTED,No,No Apparent Injury,N/A,NOT DISTRACTED,MD,PASSENGER CAR,STOPPED IN TRAFFIC LANE,35,No,2022,SUBARU,TOURING,39.02795167,-77.07707167,2023,12,11
230073300,Property Damage Crash,12/23/2023 11:47:00 AM,CONNECTICUT AVE,NA,SAME DIR REAR END,Cloudy,DRY,Daylight,TRAFFIC SIGNAL,NONE DETECTED,Yes,No Apparent Injury,N/A,UNKNOWN,NA,UNKNOWN,MOVING CONSTANT SPEED,35,No,0,UNKNOWN,UNKNOWN,39.02795167,-77.07707167,2023,12,11
230073302,Property Damage Crash,12/23/2023 11:43:00 AM,NA,NA,OTHER,Cloudy,NA,Daylight,NO CONTROLS,NONE DETECTED,Yes,No Apparent Injury,N/A,NOT DISTRACTED,MD,PASSENGER CAR,BACKING,15,No,2023,BMW,SUV,39.05886917,-77.15059567,2023,12,11
230073308,Property Damage Crash,12/23/2023 11:41:00 AM,NA,NA,OPPOSITE DIRECTION SIDESWIPE,Clear,NA,Daylight,NO CONTROLS,NONE DETECTED,No,No Apparent Injury,N/A,NOT DISTRACTED,MD,PICKUP TRUCK,N/A,0,No,2003,DODGE,RAM,39.0799186,-77.0718123,2023,12,11
230073308,Property Damage Crash,12/23/2023 11:41:00 AM,NA,NA,OPPOSITE DIRECTION SIDESWIPE,Clear,NA,Daylight,NO CONTROLS,ALCOHOL PRESENT,Yes,No Apparent Injury,N/A,UNKNOWN,MD,PASSENGER CAR,N/A,15,No,2012,HONDA,CRV,39.0799186,-77.0718123,2023,12,11
230073284,Property Damage Crash,12/23/2023 10:29:00 AM,NA,NA,SINGLE VEHICLE,Cloudy,NA,Daylight,N/A,NONE DETECTED,Yes,No Apparent Injury,N/A,LOOKED BUT DID NOT SEE,MD,POLICE VEHICLE/NON EMERGENCY,BACKING,10,No,2019,DODG,4S,39.0103757,-77.2359384,2023,12,10
230073285,Property Damage Crash,12/23/2023 10:14:00 AM,ROCKVILLE PIKE,NA,SAME DIRECTION LEFT TURN,Clear,DRY,Daylight,TRAFFIC SIGNAL,NONE DETECTED,No,No Apparent Injury,N/A,NOT DISTRACTED,MD,AMBULANCE/EMERGENCY,MOVING CONSTANT SPEED,35,No,2020,FREIGHT,AMBULANCE,39.01495536,-77.09999471,2023,12,10
230073285,Property Damage Crash,12/23/2023 10:14:00 AM,ROCKVILLE PIKE,NA,SAME DIRECTION LEFT TURN,Clear,DRY,Daylight,TRAFFIC SIGNAL,NONE DETECTED,Yes,No Apparent Injury,N/A,NOT DISTRACTED,MD,PASSENGER CAR,SLOWING OR STOPPING,35,No,2015,TOYOTA,CAMRY,39.01495536,-77.09999471,2023,12,10
230073281,Property Damage Crash,12/23/2023 09:50:00 AM,NA,NA,SINGLE VEHICLE,Cloudy,NA,Daylight,N/A,NONE DETECTED,Yes,No Apparent Injury,N/A,UNKNOWN,MD,PASSENGER CAR,PARKING,25,No,2010,LEXUS,RX 350,38.98586333,-76.99782833,2023,12,9
230073266,Property Damage Crash,12/23/2023 06:30:00 AM,RANDOLPH RD,NA,STRAIGHT MOVEMENT ANGLE,Clear,DRY,Dark,NO CONTROLS,NONE DETECTED,No,No Apparent Injury,N/A,NOT DISTRACTED,MD,PASSENGER CAR,MOVING CONSTANT SPEED,35,No,2019,GENS,SD,39.05819667,-77.05450667,2023,12,6
230073266,Property Damage Crash,12/23/2023 06:30:00 AM,RANDOLPH RD,NA,STRAIGHT MOVEMENT ANGLE,Clear,DRY,Dark,NO CONTROLS,NONE DETECTED,Yes,No Apparent Injury,N/A,LOOKED BUT DID NOT SEE,MD,PICKUP TRUCK,BACKING,35,No,2022,CHEV,TRK,39.05819667,-77.05450667,2023,12,6
230073258,Property Damage Crash,12/23/2023 05:00:00 AM,GLENVILLE RD,NA,HEAD ON,Clear,DRY,Dark,NO CONTROLS,ALCOHOL PRESENT,Yes,No Apparent Injury,N/A,NOT DISTRACTED,XX,PASSENGER CAR,MOVING CONSTANT SPEED,25,No,2020,HYUNDAI,4D,39.00638283,-76.99880917,2023,12,5
230073262,Property Damage Crash,12/23/2023 04:50:00 AM,ARCTIC AVE,NA,SAME DIR REAR END,Cloudy,DRY,Medium,N/A,NONE DETECTED,Yes,No Apparent Injury,N/A,NOT DISTRACTED,MD,PASSENGER CAR,PASSING,25,No,2013,BMW,320I,39.08846891,-77.0945703,2023,12,4
230073250,Injury Crash,12/23/2023 01:40:00 AM,BRADLEY BLVD,NA,STRAIGHT MOVEMENT ANGLE,Clear,DRY,Medium,TRAFFIC SIGNAL,NONE DETECTED,Yes,Possible Minor Injury,N/A,NOT DISTRACTED,MD,PASSENGER CAR,MOVING CONSTANT SPEED,25,No,2024,AUDI,Q7,38.97795483,-77.09880517,2023,12,1
230073250,Injury Crash,12/23/2023 01:40:00 AM,BRADLEY BLVD,NA,STRAIGHT MOVEMENT ANGLE,Clear,DRY,Medium,TRAFFIC SIGNAL,NONE DETECTED,No,No Apparent Injury,N/A,NOT DISTRACTED,MD,PASSENGER CAR,MOVING CONSTANT SPEED,25,No,2022,TESLA,MODEL 3,38.97795483,-77.09880517,2023,12,1
230073223,Injury Crash,12/22/2023 08:55:00 PM,GREAT SENECA HWY,NA,SAME DIR REAR END,Clear,DRY,Medium,TRAFFIC SIGNAL,NONE DETECTED,No,Possible Minor Injury,"BACKUP DUE TO REGULAR CONGESTION, N/A",NOT DISTRACTED,MD,PASSENGER CAR,STOPPED IN TRAFFIC LANE,55,No,2021,MAZD,UT,39.12309553,-77.23018403,2023,12,20
230073223,Injury Crash,12/22/2023 08:55:00 PM,GREAT SENECA HWY,NA,SAME DIR REAR END,Clear,DRY,Medium,TRAFFIC SIGNAL,NONE DETECTED,Yes,No Apparent Injury,"BACKUP DUE TO REGULAR CONGESTION, N/A",LOOKED BUT DID NOT SEE,MD,PASSENGER CAR,SLOWING OR STOPPING,50,No,2016,TOYT,CAMRY,39.12309553,-77.23018403,2023,12,20
230073226,Property Damage Crash,12/22/2023 08:31:00 PM,ASPEN HILL RD,NA,SAME DIRECTION SIDESWIPE,Clear,N/A,Medium,NO CONTROLS,NONE DETECTED,No,No Apparent Injury,N/A,NOT DISTRACTED,MD,PASSENGER CAR,MOVING CONSTANT SPEED,35,No,2006,TOYT,COROLLA,39.08028302,-77.07763848,2023,12,20
230073226,Property Damage Crash,12/22/2023 08:31:00 PM,ASPEN HILL RD,NA,SAME DIRECTION SIDESWIPE,Clear,N/A,Medium,NO CONTROLS,NONE DETECTED,Yes,No Apparent Injury,N/A,NOT DISTRACTED,MD,(SPORT) UTILITY VEHICLE,MOVING CONSTANT SPEED,35,No,2009,VOLK,TIGUAN,39.08028302,-77.07763848,2023,12,20
230073217,Property Damage Crash,12/22/2023 08:30:00 PM,MIDDLEBROOK RD,NA,STRAIGHT MOVEMENT ANGLE,Clear,DRY,Dark,NO CONTROLS,NONE DETECTED,Yes,No Apparent Injury,N/A,NOT DISTRACTED,MD,PASSENGER CAR,STARTING FROM LANE,45,No,2017,NISS,VERSA,39.1740466,-77.25382442,2023,12,20
230073217,Property Damage Crash,12/22/2023 08:30:00 PM,MIDDLEBROOK RD,NA,STRAIGHT MOVEMENT ANGLE,Clear,DRY,Dark,NO CONTROLS,NONE DETECTED,No,No Apparent Injury,N/A,NOT DISTRACTED,MD,PASSENGER CAR,MOVING CONSTANT SPEED,45,No,2017,CADI,XT6,39.1740466,-77.25382442,2023,12,20
230073341,Property Damage Crash,12/22/2023 07:30:00 PM,BALTIMORE ST,NA,SAME DIRECTION SIDESWIPE,Clear,DRY,Dark,NO CONTROLS,NONE DETECTED,Yes,No Apparent Injury,N/A,UNKNOWN,NA,NA,UNKNOWN,25,No,0,UNKNOWN,UNKNOWN,39.0242956,-77.0795846,2023,12,19
230073214,Injury Crash,12/22/2023 07:17:00 PM,GEORGIA AVE,PEDESTRIAN,STRAIGHT MOVEMENT ANGLE,Clear,DRY,Medium,N/A,NONE DETECTED,No,No Apparent Injury,N/A,UNKNOWN,NA,PICKUP TRUCK,SLOWING OR STOPPING,35,No,2022,FORD,F350,39.07969254,-77.07385365,2023,12,19
230073211,Property Damage Crash,12/22/2023 07:00:00 PM,GLENSIDE DR,NA,SAME DIRECTION SIDESWIPE,Clear,DRY,Dark,NO CONTROLS,NONE DETECTED,Yes,No Apparent Injury,N/A,UNKNOWN,MD,PASSENGER CAR,MOVING CONSTANT SPEED,25,No,2010,TOYOTA,SD,38.98501,-76.992115,2023,12,19
230073209,Injury Crash,12/22/2023 07:00:00 PM,MUDDY BRANCH RD,NA,STRAIGHT MOVEMENT ANGLE,Clear,DRY,Medium,TRAFFIC SIGNAL,NONE DETECTED,Yes,Possible Minor Injury,N/A,LOOKED BUT DID NOT SEE,MD,PASSENGER CAR,MAKING LEFT TURN,45,No,2015,HONDA,CIVIC,39.13468333,-77.20579167,2023,12,19
230073209,Injury Crash,12/22/2023 07:00:00 PM,MUDDY BRANCH RD,NA,STRAIGHT MOVEMENT ANGLE,Clear,DRY,Medium,TRAFFIC SIGNAL,NONE DETECTED,No,No Apparent Injury,N/A,NOT DISTRACTED,MD,PASSENGER CAR,STOPPED IN TRAFFIC LANE,40,No,2016,FORD,EXPLORER,39.13468333,-77.20579167,2023,12,19
230073209,Injury Crash,12/22/2023 07:00:00 PM,MUDDY BRANCH RD,NA,STRAIGHT MOVEMENT ANGLE,Clear,DRY,Medium,TRAFFIC SIGNAL,NONE DETECTED,No,No Apparent Injury,N/A,NOT DISTRACTED,MD,PASSENGER CAR,MOVING CONSTANT SPEED,40,No,2009,NISSAN,ROGUE,39.13468333,-77.20579167,2023,12,19
230073201,Property Damage Crash,12/22/2023 05:58:00 PM,NEW HAMPSHIRE AVE,NA,SAME DIR REAR END,Clear,DRY,Medium,N/A,NONE DETECTED,No,No Apparent Injury,N/A,NOT DISTRACTED,MD,PASSENGER CAR,MOVING CONSTANT SPEED,35,No,2020,CHEVY,TRUCK,38.97966367,-76.9903,2023,12,17
230073201,Property Damage Crash,12/22/2023 05:58:00 PM,NEW HAMPSHIRE AVE,NA,SAME DIR REAR END,Clear,DRY,Medium,N/A,NONE DETECTED,Yes,No Apparent Injury,N/A,UNKNOWN,DC,PASSENGER CAR,MOVING CONSTANT SPEED,35,No,2010,VOLKSWAGEN,HB,38.97966367,-76.9903,2023,12,17
230073197,Property Damage Crash,12/22/2023 05:55:00 PM,MUDDY BRANCH RD,NA,SAME DIR REAR END,Clear,DRY,Medium,TRAFFIC SIGNAL,NONE DETECTED,No,No Apparent Injury,N/A,NOT DISTRACTED,MD,PASSENGER CAR,STOPPED IN TRAFFIC LANE,35,No,2015,HYUNDAI,SUV,39.13702732,-77.20548567,2023,12,17
230073197,Property Damage Crash,12/22/2023 05:55:00 PM,MUDDY BRANCH RD,NA,SAME DIR REAR END,Clear,DRY,Medium,TRAFFIC SIGNAL,NONE DETECTED,Yes,No Apparent Injury,N/A,LOOKED BUT DID NOT SEE,MD,PASSENGER CAR,MOVING CONSTANT SPEED,35,No,2014,BUICK,LACROSSE,39.13702732,-77.20548567,2023,12,17
230073195,Property Damage Crash,12/22/2023 05:29:00 PM,VEIRS MILL RD,NA,OTHER,Clear,DRY,Medium,N/A,NONE DETECTED,Yes,No Apparent Injury,N/A,LOOKED BUT DID NOT SEE,MD,PASSENGER CAR,MOVING CONSTANT SPEED,30,No,2010,FORD,F150,39.05318167,-77.07702833,2023,12,17
230073195,Property Damage Crash,12/22/2023 05:29:00 PM,VEIRS MILL RD,NA,OTHER,Clear,DRY,Medium,N/A,NONE DETECTED,No,No Apparent Injury,N/A,NOT DISTRACTED,MD,PASSENGER CAR,MOVING CONSTANT SPEED,30,No,2012,TOYOTA,CAMERY,39.05318167,-77.07702833,2023,12,17
230073193,Property Damage Crash,12/22/2023 05:25:00 PM,W WATKINS MILL RD,NA,SAME DIRECTION SIDESWIPE,Cloudy,DRY,Medium,TRAFFIC SIGNAL,NONE DETECTED,No,No Apparent Injury,N/A,NOT DISTRACTED,MD,PASSENGER CAR,STOPPED IN TRAFFIC LANE,40,No,2016,BMW,SD,39.15485975,-77.22868792,2023,12,17
230073193,Property Damage Crash,12/22/2023 05:25:00 PM,W WATKINS MILL RD,NA,SAME DIRECTION SIDESWIPE,Cloudy,DRY,Medium,TRAFFIC SIGNAL,NONE DETECTED,Yes,No Apparent Injury,N/A,NOT DISTRACTED,MD,PASSENGER CAR,SLOWING OR STOPPING,35,No,2018,TOYT,C-HR,39.15485975,-77.22868792,2023,12,17
230073189,Property Damage Crash,12/22/2023 04:59:00 PM,BOU AVE,NA,SAME DIR REAR END,Clear,DRY,Medium,TRAFFIC SIGNAL,NONE DETECTED,Yes,No Apparent Injury,N/A,UNKNOWN,NA,PASSENGER CAR,MOVING CONSTANT SPEED,30,No,2008,NISSAN,ALTIMA,39.05707529,-77.11705904,2023,12,16
230073189,Property Damage Crash,12/22/2023 04:59:00 PM,BOU AVE,NA,SAME DIR REAR END,Clear,DRY,Medium,TRAFFIC SIGNAL,NONE DETECTED,No,No Apparent Injury,N/A,NOT DISTRACTED,MD,PASSENGER CAR,MOVING CONSTANT SPEED,30,No,2020,HYUNDAI,ELANTRA,39.05707529,-77.11705904,2023,12,16
230073187,Property Damage Crash,12/22/2023 04:30:00 PM,LOYOLA ST,NA,SAME DIRECTION SIDESWIPE,Clear,DRY,Daylight,NO CONTROLS,NONE DETECTED,Yes,No Apparent Injury,N/A,LOOKED BUT DID NOT SEE,MD,SCHOOL BUS,MOVING CONSTANT SPEED,30,No,2012,THOMAS,CONV-MSDE-C-8,39.07840923,-77.07442733,2023,12,16
230073178,Injury Crash,12/22/2023 04:12:00 PM,MONTGOMERY VILLAGE AVE,NA,SAME DIR REAR END,Clear,DRY,Daylight,NO CONTROLS,NONE DETECTED,No,No Apparent Injury,N/A,NOT DISTRACTED,MD,PASSENGER CAR,SLOWING OR STOPPING,35,No,2010,TOYT,SD,39.156076,-77.20710267,2023,12,16
230073178,Injury Crash,12/22/2023 04:12:00 PM,MONTGOMERY VILLAGE AVE,NA,SAME DIR REAR END,Clear,DRY,Daylight,NO CONTROLS,NONE DETECTED,Yes,No Apparent Injury,N/A,LOOKED BUT DID NOT SEE,MD,PASSENGER CAR,MOVING CONSTANT SPEED,35,No,2004,HONDA,PILOT,39.156076,-77.20710267,2023,12,16
230073161,Injury Crash,12/22/2023 03:28:00 PM,BROADBIRCH DR,NA,STRAIGHT MOVEMENT ANGLE,Clear,DRY,Daylight,NO CONTROLS,NONE DETECTED,No,Possible Minor Injury,N/A,NOT DISTRACTED,MD,PASSENGER CAR,MAKING LEFT TURN,35,No,2000,TOYT,4S,39.05627267,-76.96510967,2023,12,15
230073161,Injury Crash,12/22/2023 03:28:00 PM,BROADBIRCH DR,NA,STRAIGHT MOVEMENT ANGLE,Clear,DRY,Daylight,NO CONTROLS,NONE DETECTED,Yes,No Apparent Injury,N/A,NOT DISTRACTED,MD,PASSENGER CAR,MOVING CONSTANT SPEED,35,No,2005,TOYT,4S,39.05627267,-76.96510967,2023,12,15
230073160,Property Damage Crash,12/22/2023 03:00:00 PM,COLUMBIA PIKE,NA,HEAD ON LEFT TURN,Clear,DRY,Daylight,TRAFFIC SIGNAL,NONE DETECTED,No,No Apparent Injury,N/A,NOT DISTRACTED,FL,PASSENGER CAR,MOVING CONSTANT SPEED,50,No,2020,ACURA,SUV,39.04668567,-76.98631133,2023,12,15
230073160,Property Damage Crash,12/22/2023 03:00:00 PM,COLUMBIA PIKE,NA,HEAD ON LEFT TURN,Clear,DRY,Daylight,TRAFFIC SIGNAL,NONE DETECTED,Yes,No Apparent Injury,N/A,LOOKED BUT DID NOT SEE,MD,PASSENGER CAR,MAKING LEFT TURN,50,No,2012,NISSAN,SD,39.04668567,-76.98631133,2023,12,15
230073158,Property Damage Crash,12/22/2023 02:57:00 PM,RIVER RD,NA,SAME DIR REAR END,Cloudy,DRY,Daylight,NO CONTROLS,NONE DETECTED,Yes,No Apparent Injury,N/A,NOT DISTRACTED,MA,PASSENGER CAR,SLOWING OR STOPPING,35,No,2015,VOLKSWAGEN,GOLF,39.037624,-77.245688,2023,12,14
230073158,Property Damage Crash,12/22/2023 02:57:00 PM,RIVER RD,NA,SAME DIR REAR END,Cloudy,DRY,Daylight,NO CONTROLS,NONE DETECTED,No,No Apparent Injury,N/A,NOT DISTRACTED,MD,(SPORT) UTILITY VEHICLE,SLOWING OR STOPPING,35,No,2019,HONDA,CRV,39.037624,-77.245688,2023,12,14
230073144,Property Damage Crash,12/22/2023 01:45:00 PM,W WATKINS MILL RD,NA,SAME DIRECTION LEFT TURN,Clear,DRY,Daylight,NO CONTROLS,NONE DETECTED,No,No Apparent Injury,N/A,NOT DISTRACTED,MD,PASSENGER CAR,MOVING CONSTANT SPEED,35,No,2002,DODGE,4S,39.15688667,-77.22442,2023,12,13