Local Case Number,ACRS Report Type,Crash Date/Time,Road Name,Related Non-Motorist,Collision Type,Weather,Surface Condition,Light,Traffic Control,Driver Substance Abuse,Driver At Fault,Injury Severity,Circumstance,Driver Distracted By,Drivers License State,Vehicle Body Type,Vehicle Movement,Speed Limit,Driverless Vehicle,Vehicle Year,Vehicle Make,Vehicle Model,Latitude,Longitude,Year,Month,Hour
230073144,Property Damage Crash,12/22/2023 01:45:00 PM,W WATKINS MILL RD,NA,SAME DIRECTION LEFT TURN,Clear,DRY,Daylight,NO CONTROLS,NONE DETECTED,Yes,No Apparent Injury,N/A,UNKNOWN,MD,PASSENGER CAR,MOVING CONSTANT SPEED,35,No,2019,HOND,4S,39.15688667,-77.22442,2023,12,13
230073138,Property Damage Crash,12/22/2023 01:04:00 PM,SEVEN LOCKS RD,NA,HEAD ON LEFT TURN,Clear,DRY,Daylight,TRAFFIC SIGNAL,NONE DETECTED,No,No Apparent Injury,N/A,NOT DISTRACTED,DC,PASSENGER CAR,MAKING LEFT TURN,45,No,2007,JONDA,FIT,39.023185,-77.16225167,2023,12,13
230073138,Property Damage Crash,12/22/2023 01:04:00 PM,SEVEN LOCKS RD,NA,HEAD ON LEFT TURN,Clear,DRY,Daylight,TRAFFIC SIGNAL,NONE DETECTED,Yes,No Apparent Injury,N/A,UNKNOWN,MD,PASSENGER CAR,MOVING CONSTANT SPEED,45,No,2023,HYUNDAI,SONATA,39.023185,-77.16225167,2023,12,13
230073137,Injury Crash,12/22/2023 01:00:00 PM,WOODFIELD RD,NA,SAME DIR REAR END,Clear,DRY,Daylight,N/A,NONE DETECTED,No,Possible Minor Injury,N/A,UNKNOWN,MD,PASSENGER CAR,UNKNOWN,35,No,1999,HOND,UT,39.15907918,-77.16054149,2023,12,13
230073137,Injury Crash,12/22/2023 01:00:00 PM,WOODFIELD RD,NA,SAME DIR REAR END,Clear,DRY,Daylight,N/A,NONE DETECTED,Yes,No Apparent Injury,N/A,UNKNOWN,NA,PASSENGER CAR,UNKNOWN,35,No,2009,HYUN,SPORT UTILITY,39.15907918,-77.16054149,2023,12,13
230073129,Property Damage Crash,12/22/2023 12:15:00 PM,BROADBIRCH DR,NA,HEAD ON LEFT TURN,Clear,DRY,Daylight,STOP SIGN,NONE DETECTED,Yes,No Apparent Injury,N/A,LOOKED BUT DID NOT SEE,MD,PASSENGER CAR,MAKING LEFT TURN,30,No,2022,HONDA,CRV,39.05575411,-76.95602575,2023,12,12
230073129,Property Damage Crash,12/22/2023 12:15:00 PM,BROADBIRCH DR,NA,HEAD ON LEFT TURN,Clear,DRY,Daylight,STOP SIGN,NONE DETECTED,No,No Apparent Injury,N/A,NOT DISTRACTED,DE,PASSENGER CAR,MOVING CONSTANT SPEED,30,No,2020,CHEVROLET,IMPALA,39.05575411,-76.95602575,2023,12,12
230073116,Injury Crash,12/22/2023 11:29:00 AM,BEL PRE RD,NA,SAME DIRECTION SIDESWIPE,Clear,DRY,Daylight,NO CONTROLS,NONE DETECTED,Yes,Possible Minor Injury,N/A,LOOKED BUT DID NOT SEE,MD,PASSENGER CAR,MAKING U TURN,35,No,2005,TOYTA,CAMRY,39.092933,-77.07258467,2023,12,11
230073116,Injury Crash,12/22/2023 11:29:00 AM,BEL PRE RD,NA,SAME DIRECTION SIDESWIPE,Clear,DRY,Daylight,NO CONTROLS,NONE DETECTED,No,No Apparent Injury,N/A,NOT DISTRACTED,MD,(SPORT) UTILITY VEHICLE,MOVING CONSTANT SPEED,35,No,2006,TOYOTA,RAV4,39.092933,-77.07258467,2023,12,11
230073108,Property Damage Crash,12/22/2023 11:04:00 AM,GEORGIA AVE,NA,SINGLE VEHICLE,Clear,DRY,Daylight,TRAFFIC SIGNAL,NONE DETECTED,Yes,No Apparent Injury,N/A,NOT DISTRACTED,MD,PASSENGER CAR,MOVING CONSTANT SPEED,35,No,2018,TOYOTA,COROLLA,39.0384632,-77.0511065,2023,12,11
230073106,Property Damage Crash,12/22/2023 10:19:00 AM,CLARKSBURG RD,NA,SINGLE VEHICLE,Clear,DRY,Daylight,NO CONTROLS,NONE DETECTED,Yes,No Apparent Injury,N/A,UNKNOWN,MD,TRUCK TRACTOR,MOVING CONSTANT SPEED,30,No,2012,FRHT,CASCADIA 125,39.21389317,-77.297428,2023,12,10
230073103,Injury Crash,12/22/2023 10:00:00 AM,CAPITAL BELTWAY,NA,SAME DIR REAR END,Clear,DRY,Daylight,NO CONTROLS,NONE DETECTED,No,Possible Minor Injury,N/A,NOT DISTRACTED,MD,(SPORT) UTILITY VEHICLE,MOVING CONSTANT SPEED,55,No,2018,MAZDA,CX5,39.01840888,-76.99121145,2023,12,10
230073103,Injury Crash,12/22/2023 10:00:00 AM,CAPITAL BELTWAY,NA,SAME DIR REAR END,Clear,DRY,Daylight,NO CONTROLS,NONE DETECTED,Yes,No Apparent Injury,N/A,NOT DISTRACTED,MD,VAN,MOVING CONSTANT SPEED,55,No,2019,FORD,TRANSIT,39.01840888,-76.99121145,2023,12,10
230073094,Property Damage Crash,12/22/2023 09:45:00 AM,NA,NA,OTHER,Clear,NA,Daylight,N/A,NONE DETECTED,Yes,No Apparent Injury,N/A,UNKNOWN,MD,SCHOOL BUS,BACKING,0,No,2015,FRHT,BUS,39.06506207,-77.03386054,2023,12,9
230073079,Property Damage Crash,12/22/2023 08:13:00 AM,VEIRS MILL RD,NA,SAME DIRECTION SIDESWIPE,Clear,DRY,Daylight,TRAFFIC SIGNAL,NONE DETECTED,No,No Apparent Injury,N/A,NOT DISTRACTED,MD,"CARGO VAN/LIGHT TRUCK 2 AXLES (OVER 10,000LBS (4,536 KG))",MOVING CONSTANT SPEED,40,No,2005,INTERNATIONAL,24 BOX4200,39.07390205,-77.11332067,2023,12,8
230073079,Property Damage Crash,12/22/2023 08:13:00 AM,VEIRS MILL RD,NA,SAME DIRECTION SIDESWIPE,Clear,DRY,Daylight,TRAFFIC SIGNAL,NONE DETECTED,Yes,No Apparent Injury,N/A,NOT DISTRACTED,MD,PASSENGER CAR,MOVING CONSTANT SPEED,40,No,2020,RAM,PK,39.07390205,-77.11332067,2023,12,8
230073075,Property Damage Crash,12/22/2023 08:03:00 AM,FLOWER AVE,NA,SAME DIRECTION RIGHT TURN,Clear,DRY,Daylight,N/A,NONE DETECTED,Yes,No Apparent Injury,N/A,NOT DISTRACTED,MD,TRANSIT BUS,MOVING CONSTANT SPEED,35,No,2015,GILLIG,LOWFLOOR,38.9886275,-77.00103417,2023,12,8
230073072,Injury Crash,12/22/2023 07:50:00 AM,UNIVERSITY BLVD W,NA,SAME DIR REAR END,Clear,DRY,Daylight,YIELD SIGN,NONE DETECTED,Yes,No Apparent Injury,N/A,LOOKED BUT DID NOT SEE,MD,PASSENGER CAR,ACCELERATING,30,No,2015,NISSAN,FRONTIER,39.01446767,-77.03415967,2023,12,7
230073072,Injury Crash,12/22/2023 07:50:00 AM,UNIVERSITY BLVD W,NA,SAME DIR REAR END,Clear,DRY,Daylight,YIELD SIGN,NONE DETECTED,No,Possible Minor Injury,N/A,NOT DISTRACTED,MD,PASSENGER CAR,STOPPED IN TRAFFIC LANE,30,No,2016,TOYOTA,COROLLA,39.01446767,-77.03415967,2023,12,7
230073069,Injury Crash,12/22/2023 07:15:00 AM,NEW HAMPSHIRE AVE,NA,SAME DIR REAR END,Clear,DRY,Medium,TRAFFIC SIGNAL,NONE DETECTED,No,Possible Minor Injury,N/A,NOT DISTRACTED,MD,VAN,STOPPED IN TRAFFIC LANE,40,No,2010,CHRYSLER,TOWN AND COUNTRY,39.04563919,-76.99235359,2023,12,7
230073069,Injury Crash,12/22/2023 07:15:00 AM,NEW HAMPSHIRE AVE,NA,SAME DIR REAR END,Clear,DRY,Medium,TRAFFIC SIGNAL,NONE DETECTED,No,No Apparent Injury,N/A,NOT DISTRACTED,MD,PASSENGER CAR,STOPPED IN TRAFFIC LANE,40,No,2004,MERCURY,GRAND MARQUIS,39.04563919,-76.99235359,2023,12,7
230073069,Injury Crash,12/22/2023 07:15:00 AM,NEW HAMPSHIRE AVE,NA,SAME DIR REAR END,Clear,DRY,Medium,TRAFFIC SIGNAL,NONE DETECTED,Yes,No Apparent Injury,N/A,OTHER CELLULAR PHONE RELATED,MD,PASSENGER CAR,MOVING CONSTANT SPEED,40,No,2021,TOYOTA,COROLLA,39.04563919,-76.99235359,2023,12,7
230073065,Property Damage Crash,12/22/2023 05:41:00 AM,VEIRS MILL RD,NA,OTHER,Clear,DRY,Medium,TRAFFIC SIGNAL,NONE DETECTED,Yes,No Apparent Injury,N/A,NOT DISTRACTED,MD,PASSENGER CAR,MAKING LEFT TURN,40,No,2020,NISAN,UT,39.07363467,-77.11238367,2023,12,5
230073065,Property Damage Crash,12/22/2023 05:41:00 AM,VEIRS MILL RD,NA,OTHER,Clear,DRY,Medium,TRAFFIC SIGNAL,NONE DETECTED,No,No Apparent Injury,N/A,NOT DISTRACTED,MD,PASSENGER CAR,STOPPED IN TRAFFIC LANE,40,No,2015,LEXUS,4D,39.07363467,-77.11238367,2023,12,5
230073067,Injury Crash,12/22/2023 05:00:00 AM,RANDOLPH RD,NA,STRAIGHT MOVEMENT ANGLE,Clear,DRY,Medium,TRAFFIC SIGNAL,NONE DETECTED,Unknown,Possible Minor Injury,N/A,UNKNOWN,MD,PASSENGER CAR,MOVING CONSTANT SPEED,35,No,2011,NISSAN,ALTIMA,39.05351283,-77.10673399,2023,12,5
230073067,Injury Crash,12/22/2023 05:00:00 AM,RANDOLPH RD,NA,STRAIGHT MOVEMENT ANGLE,Clear,DRY,Medium,TRAFFIC SIGNAL,NONE DETECTED,Unknown,No Apparent Injury,N/A,UNKNOWN,NA,UNKNOWN,UNKNOWN,35,No,0,UNKNOWN,UNKNOWN,39.05351283,-77.10673399,2023,12,5
230073063,Property Damage Crash,12/22/2023 04:22:00 AM,PINEY BRANCH RD,NA,SINGLE VEHICLE,Clear,DRY,Medium,NO CONTROLS,NONE DETECTED,Yes,No Apparent Injury,N/A,UNKNOWN,MD,PASSENGER CAR,MOVING CONSTANT SPEED,35,No,2008,TOYOTA,PRIUS,38.99968967,-76.99196417,2023,12,4
230073057,Property Damage Crash,12/22/2023 12:30:00 AM,RIVER RD,NA,STRAIGHT MOVEMENT ANGLE,Clear,DRY,Dark,FLASHING TRAFFIC SIGNAL,NONE DETECTED,No,No Apparent Injury,N/A,NOT DISTRACTED,MD,PASSENGER CAR,MOVING CONSTANT SPEED,35,No,2021,HONDA,CR-V,38.97329833,-77.12188,2023,12,0
230073057,Property Damage Crash,12/22/2023 12:30:00 AM,RIVER RD,NA,STRAIGHT MOVEMENT ANGLE,Clear,DRY,Dark,FLASHING TRAFFIC SIGNAL,NONE DETECTED,Yes,No Apparent Injury,N/A,LOOKED BUT DID NOT SEE,MD,PASSENGER CAR,MOVING CONSTANT SPEED,35,No,2020,HONDA,PILOT,38.97329833,-77.12188,2023,12,0
230073049,Property Damage Crash,12/21/2023 09:17:00 PM,CAPITAL BELTWAY,NA,OTHER,Clear,DRY,Medium,NO CONTROLS,NONE DETECTED,Yes,No Apparent Injury,N/A,UNKNOWN,MD,(SPORT) UTILITY VEHICLE,MOVING CONSTANT SPEED,55,No,2017,FORD,ESCAPE,39.01447302,-77.06034349,2023,12,21
230073033,Property Damage Crash,12/21/2023 08:25:00 PM,PARKLAND DR,NA,SAME DIR REAR END,Clear,DRY,Medium,TRAFFIC SIGNAL,NONE DETECTED,No,No Apparent Injury,N/A,NOT DISTRACTED,MD,PASSENGER CAR,SLOWING OR STOPPING,25,No,2008,NISSAN,SENTRA,39.079096,-77.08716982,2023,12,20
230073033,Property Damage Crash,12/21/2023 08:25:00 PM,PARKLAND DR,NA,SAME DIR REAR END,Clear,DRY,Medium,TRAFFIC SIGNAL,NONE DETECTED,Yes,No Apparent Injury,N/A,UNKNOWN,MD,PASSENGER CAR,MOVING CONSTANT SPEED,25,No,2012,CADILLAC,SRX,39.079096,-77.08716982,2023,12,20
230073025,Property Damage Crash,12/21/2023 07:24:00 PM,NA,NA,OTHER,Clear,NA,Medium,NO CONTROLS,NONE DETECTED,Yes,No Apparent Injury,N/A,UNKNOWN,NA,PASSENGER CAR,BACKING,10,No,2016,TOYTA,RAV4,39.05199,-77.11165967,2023,12,19
230073025,Property Damage Crash,12/21/2023 07:24:00 PM,NA,NA,OTHER,Clear,NA,Medium,NO CONTROLS,NONE DETECTED,No,No Apparent Injury,N/A,NOT DISTRACTED,MD,PASSENGER CAR,PARKED,10,No,2014,KIA,UT,39.05199,-77.11165967,2023,12,19
230073010,Property Damage Crash,12/21/2023 06:20:00 PM,COLUMBIA PIKE,NA,SAME DIR REAR END,Clear,DRY,Dark,TRAFFIC SIGNAL,NONE DETECTED,No,No Apparent Injury,"BACKUP DUE TO REGULAR CONGESTION, N/A",NOT DISTRACTED,MD,PASSENGER CAR,STOPPED IN TRAFFIC LANE,45,No,2015,HOND,TK,39.041407,-76.99618267,2023,12,18
230073010,Property Damage Crash,12/21/2023 06:20:00 PM,COLUMBIA PIKE,NA,SAME DIR REAR END,Clear,DRY,Dark,TRAFFIC SIGNAL,NONE DETECTED,Yes,No Apparent Injury,"BACKUP DUE TO REGULAR CONGESTION, N/A",INATTENTIVE OR LOST IN THOUGHT,MD,PASSENGER CAR,CHANGING LANES,45,No,2007,NISS,4H,39.041407,-76.99618267,2023,12,18
230073007,Property Damage Crash,12/21/2023 06:15:00 PM,MUDDY BRANCH RD,NA,HEAD ON LEFT TURN,Cloudy,DRY,Medium,TRAFFIC SIGNAL,NONE DETECTED,Yes,No Apparent Injury,N/A,UNKNOWN,MD,PASSENGER CAR,MAKING LEFT TURN,40,No,2019,MNNI,HB,39.11515392,-77.21584953,2023,12,18
230073007,Property Damage Crash,12/21/2023 06:15:00 PM,MUDDY BRANCH RD,NA,HEAD ON LEFT TURN,Cloudy,DRY,Medium,TRAFFIC SIGNAL,NONE DETECTED,No,No Apparent Injury,N/A,NOT DISTRACTED,MD,PASSENGER CAR,MOVING CONSTANT SPEED,40,No,2003,HOND,CP,39.11515392,-77.21584953,2023,12,18
230073009,Property Damage Crash,12/21/2023 06:07:00 PM,CONNECTICUT AVE,NA,SAME DIR REAR END,Clear,DRY,Medium,TRAFFIC SIGNAL,NONE DETECTED,No,No Apparent Injury,N/A,NOT DISTRACTED,MD,(SPORT) UTILITY VEHICLE,STOPPED IN TRAFFIC LANE,35,No,2023,TESLA,MODEL Y,38.9992735,-77.07684383,2023,12,18
230073009,Property Damage Crash,12/21/2023 06:07:00 PM,CONNECTICUT AVE,NA,SAME DIR REAR END,Clear,DRY,Medium,TRAFFIC SIGNAL,DRUG PRESENT,Yes,No Apparent Injury,N/A,NOT DISTRACTED,MD,PASSENGER CAR,SLOWING OR STOPPING,35,No,2007,TOYOTA,COROLLA,38.9992735,-77.07684383,2023,12,18
230073000,Property Damage Crash,12/21/2023 05:31:00 PM,NA,NA,OTHER,Clear,NA,Medium,NO CONTROLS,NONE DETECTED,Yes,No Apparent Injury,N/A,OTHER DISTRACTION,XX,PASSENGER CAR,MOVING CONSTANT SPEED,15,No,2011,TOYOTA,CAMRY,39.05798108,-77.04796813,2023,12,17
230073004,Property Damage Crash,12/21/2023 05:30:00 PM,MACARTHUR BLVD,NA,STRAIGHT MOVEMENT ANGLE,Clear,DRY,Dark,NO CONTROLS,NONE DETECTED,Yes,No Apparent Injury,N/A,LOOKED BUT DID NOT SEE,XX,PASSENGER CAR,MAKING RIGHT TURN,30,No,2006,TOYOTA,PRIUS,38.95874301,-77.13068887,2023,12,17
230073004,Property Damage Crash,12/21/2023 05:30:00 PM,MACARTHUR BLVD,NA,STRAIGHT MOVEMENT ANGLE,Clear,DRY,Dark,NO CONTROLS,NONE DETECTED,No,No Apparent Injury,N/A,NOT DISTRACTED,NC,PASSENGER CAR,MOVING CONSTANT SPEED,30,No,2013,NISS,VERSA,38.95874301,-77.13068887,2023,12,17
230073021,Property Damage Crash,12/21/2023 05:15:00 PM,OLD GEORGETOWN RD,NA,SAME DIR REAR END,Clear,DRY,Dark,NO CONTROLS,NONE DETECTED,No,No Apparent Injury,N/A,UNKNOWN,MD,PASSENGER CAR,MOVING CONSTANT SPEED,35,No,2019,FORD,MUSTANG,39.03649833,-77.12401333,2023,12,17
230073021,Property Damage Crash,12/21/2023 05:15:00 PM,OLD GEORGETOWN RD,NA,SAME DIR REAR END,Clear,DRY,Dark,NO CONTROLS,NONE DETECTED,No,No Apparent Injury,N/A,NOT DISTRACTED,MD,PASSENGER CAR,SLOWING OR STOPPING,35,No,2015,NISSAN,ALTIMA,39.03649833,-77.12401333,2023,12,17
230072993,Property Damage Crash,12/21/2023 04:56:00 PM,MONTGOMERY VILLAGE AVE,NA,SAME DIR REAR END,Clear,DRY,Medium,TRAFFIC SIGNAL,NONE DETECTED,No,No Apparent Injury,N/A,NOT DISTRACTED,MD,PASSENGER CAR,SLOWING OR STOPPING,35,No,2021,BUIC,UT,39.16942167,-77.20449167,2023,12,16
230072993,Property Damage Crash,12/21/2023 04:56:00 PM,MONTGOMERY VILLAGE AVE,NA,SAME DIR REAR END,Clear,DRY,Medium,TRAFFIC SIGNAL,NONE DETECTED,Yes,No Apparent Injury,N/A,UNKNOWN,XX,PICKUP TRUCK,MOVING CONSTANT SPEED,35,No,2012,FORD,F150,39.16942167,-77.20449167,2023,12,16
230072994,Property Damage Crash,12/21/2023 04:41:00 PM,GEORGIA AVE,NA,SAME DIRECTION SIDESWIPE,Clear,DRY,Medium,NO CONTROLS,NONE DETECTED,Yes,No Apparent Injury,N/A,UNKNOWN,MD,(SPORT) UTILITY VEHICLE,CHANGING LANES,35,No,2018,MITS,OUTLANDER,39.00675167,-77.03918383,2023,12,16
230072994,Property Damage Crash,12/21/2023 04:41:00 PM,GEORGIA AVE,NA,SAME DIRECTION SIDESWIPE,Clear,DRY,Medium,NO CONTROLS,NONE DETECTED,No,No Apparent Injury,N/A,NOT DISTRACTED,MD,TRANSIT BUS,STOPPED IN TRAFFIC LANE,0,No,2023,UK,BUS,39.00675167,-77.03918383,2023,12,16
230072990,Property Damage Crash,12/21/2023 04:40:00 PM,BALTIMORE RD,NA,SINGLE VEHICLE,Cloudy,DRY,Medium,NO CONTROLS,NONE DETECTED,Yes,No Apparent Injury,N/A,UNKNOWN,MD,SCHOOL BUS,MOVING CONSTANT SPEED,30,No,2013,THOMAS,BUS,39.0912805,-77.1148065,2023,12,16
230072987,Property Damage Crash,12/21/2023 04:30:00 PM,KENTLANDS BLVD,NA,HEAD ON LEFT TURN,Cloudy,DRY,Medium,STOP SIGN,NONE DETECTED,No,No Apparent Injury,N/A,NOT DISTRACTED,MD,PASSENGER CAR,MAKING LEFT TURN,25,No,2023,VOLV,XC60,39.12547085,-77.24319878,2023,12,16
230072987,Property Damage Crash,12/21/2023 04:30:00 PM,KENTLANDS BLVD,NA,HEAD ON LEFT TURN,Cloudy,DRY,Medium,STOP SIGN,NONE DETECTED,Yes,No Apparent Injury,N/A,LOOKED BUT DID NOT SEE,NY,PASSENGER CAR,MOVING CONSTANT SPEED,25,No,2016,HONDA,ODYSSEY,39.12547085,-77.24319878,2023,12,16
230072976,Injury Crash,12/21/2023 03:34:00 PM,FISHER AVE,PEDESTRIAN,OTHER,Cloudy,DRY,Daylight,N/A,NONE DETECTED,No,No Apparent Injury,N/A,NOT DISTRACTED,MD,PASSENGER CAR,ACCELERATING,30,No,2023,CHEVROLET,TRAVERSE,39.14394667,-77.408745,2023,12,15
230072968,Property Damage Crash,12/21/2023 02:50:00 PM,MAPLEWOOD AVE,NA,OTHER,Cloudy,DRY,Daylight,N/A,NONE DETECTED,Unknown,No Apparent Injury,N/A,UNKNOWN,DC,PASSENGER CAR,PARKED,25,No,2008,ACURA,TL,38.98848833,-77.00103833,2023,12,14
230072968,Property Damage Crash,12/21/2023 02:50:00 PM,MAPLEWOOD AVE,NA,OTHER,Cloudy,DRY,Daylight,N/A,NONE DETECTED,Unknown,No Apparent Injury,N/A,UNKNOWN,MD,SCHOOL BUS,MOVING CONSTANT SPEED,25,No,2022,THMS,BU,38.98848833,-77.00103833,2023,12,14
230072950,Injury Crash,12/21/2023 01:34:00 PM,CLOPPER RD,NA,SAME DIR REAR END,Cloudy,DRY,Daylight,NO CONTROLS,NONE DETECTED,Yes,No Apparent Injury,N/A,LOOKED BUT DID NOT SEE,MD,PASSENGER CAR,MOVING CONSTANT SPEED,35,No,2015,TOYOTA,TACOMA,39.155593,-77.26109183,2023,12,13
230072950,Injury Crash,12/21/2023 01:34:00 PM,CLOPPER RD,NA,SAME DIR REAR END,Cloudy,DRY,Daylight,NO CONTROLS,NONE DETECTED,No,Possible Minor Injury,N/A,NOT DISTRACTED,MD,PASSENGER CAR,STOPPED IN TRAFFIC LANE,35,No,2016,HONDA,CIVIC,39.155593,-77.26109183,2023,12,13
230072939,Injury Crash,12/21/2023 12:24:00 PM,16TH ST,NA,HEAD ON LEFT TURN,Cloudy,DRY,Daylight,TRAFFIC SIGNAL,NONE DETECTED,Yes,No Apparent Injury,N/A,NOT DISTRACTED,MD,PICKUP TRUCK,MAKING LEFT TURN,35,No,2004,CHEV,PK,38.9949,-77.03769,2023,12,12
230072939,Injury Crash,12/21/2023 12:24:00 PM,16TH ST,NA,HEAD ON LEFT TURN,Cloudy,DRY,Daylight,TRAFFIC SIGNAL,NONE DETECTED,No,Possible Minor Injury,N/A,NOT DISTRACTED,MD,PASSENGER CAR,MOVING CONSTANT SPEED,35,No,2000,NISS,SD,38.9949,-77.03769,2023,12,12
230072935,Property Damage Crash,12/21/2023 12:15:00 PM,UNIVERSITY BLVD W,NA,SAME DIRECTION SIDESWIPE,Clear,DRY,Daylight,TRAFFIC SIGNAL,NONE DETECTED,Yes,No Apparent Injury,N/A,UNKNOWN,NA,NA,CHANGING LANES,40,No,0,UNKNOWN,UNKNOWN,39.03997454,-77.05554441,2023,12,12
230072935,Property Damage Crash,12/21/2023 12:15:00 PM,UNIVERSITY BLVD W,NA,SAME DIRECTION SIDESWIPE,Clear,DRY,Daylight,TRAFFIC SIGNAL,NONE DETECTED,No,No Apparent Injury,N/A,NOT DISTRACTED,MD,PASSENGER CAR,STOPPED IN TRAFFIC LANE,40,No,2016,NISSAN,ROGUE,39.03997454,-77.05554441,2023,12,12
230072910,Property Damage Crash,12/21/2023 09:55:00 AM,VEIRS MILL RD,NA,SINGLE VEHICLE,Cloudy,DRY,Daylight,TRAFFIC SIGNAL,NONE DETECTED,No,No Apparent Injury,"N/A, TRAFFIC CONTROL DEVICE INOPERATIVE",NOT DISTRACTED,MD,PASSENGER CAR,MOVING CONSTANT SPEED,45,No,2013,FORD,ESCAPE,39.0614457,-77.0920894,2023,12,9
230072904,Injury Crash,12/21/2023 09:27:00 AM,OLD GEORGETOWN RD,NA,SAME DIR REAR END,Cloudy,DRY,Daylight,NO CONTROLS,NONE DETECTED,Yes,Possible Minor Injury,N/A,UNKNOWN,MD,PASSENGER CAR,ACCELERATING,25,No,2014,LEXUS,ES350,39.03069833,-77.1265335,2023,12,9
230072904,Injury Crash,12/21/2023 09:27:00 AM,OLD GEORGETOWN RD,NA,SAME DIR REAR END,Cloudy,DRY,Daylight,NO CONTROLS,NONE DETECTED,No,Possible Minor Injury,N/A,LOOKED BUT DID NOT SEE,MD,"OTHER LIGHT TRUCKS (10,000LBS (4,536KG) OR LESS)",CHANGING LANES,25,No,2023,FORD,MAVERICK,39.03069833,-77.1265335,2023,12,9
230072885,Property Damage Crash,12/21/2023 08:12:00 AM,GOODHILL RD,NA,SINGLE VEHICLE,Clear,DRY,Daylight,N/A,NONE DETECTED,Yes,No Apparent Injury,N/A,LOOKED BUT DID NOT SEE,MD,SCHOOL BUS,MOVING CONSTANT SPEED,25,No,2015,FRHT,BUS,39.05454858,-77.06679807,2023,12,8
230072889,Property Damage Crash,12/21/2023 08:02:00 AM,VEIRS MILL RD,NA,SAME DIR REAR END,Clear,DRY,Daylight,N/A,NONE DETECTED,No,No Apparent Injury,"N/A, VISION OBSTRUCTION (INCL. BLINDED BY SUN)",NOT DISTRACTED,MD,PASSENGER CAR,SLOWING OR STOPPING,35,No,2017,TOYT,SD,39.05968333,-77.08885667,2023,12,8
230072889,Property Damage Crash,12/21/2023 08:02:00 AM,VEIRS MILL RD,NA,SAME DIR REAR END,Clear,DRY,Daylight,N/A,NONE DETECTED,No,No Apparent Injury,"N/A, VISION OBSTRUCTION (INCL. BLINDED BY SUN)",NOT DISTRACTED,MD,(SPORT) UTILITY VEHICLE,STOPPED IN TRAFFIC LANE,35,No,2012,TOYT,TK,39.05968333,-77.08885667,2023,12,8
230072890,Injury Crash,12/21/2023 08:02:00 AM,VEIRS MILL RD,NA,SAME DIR REAR END,Clear,DRY,Daylight,NO CONTROLS,NONE DETECTED,Yes,Possible Minor Injury,"N/A, VISION OBSTRUCTION (INCL. BLINDED BY SUN)",UNKNOWN,MD,PASSENGER CAR,MOVING CONSTANT SPEED,45,No,2012,FORD,EXLPORER,39.05961799,-77.08872437,2023,12,8
230072890,Injury Crash,12/21/2023 08:02:00 AM,VEIRS MILL RD,NA,SAME DIR REAR END,Clear,DRY,Daylight,NO CONTROLS,NONE DETECTED,No,No Apparent Injury,"N/A, VISION OBSTRUCTION (INCL. BLINDED BY SUN)",NOT DISTRACTED,MD,PASSENGER CAR,MOVING CONSTANT SPEED,45,No,2019,CHEV,CRUZ,39.05961799,-77.08872437,2023,12,8
230072889,Property Damage Crash,12/21/2023 08:02:00 AM,VEIRS MILL RD,NA,SAME DIR REAR END,Clear,DRY,Daylight,N/A,NONE DETECTED,No,No Apparent Injury,"N/A, VISION OBSTRUCTION (INCL. BLINDED BY SUN)",UNKNOWN,MD,(SPORT) UTILITY VEHICLE,MOVING CONSTANT SPEED,35,No,2022,TOYT,UT,39.05968333,-77.08885667,2023,12,8
230072878,Property Damage Crash,12/21/2023 07:45:00 AM,VALLEYWOOD DR,NA,SAME DIR REAR END,Clear,DRY,Daylight,NO CONTROLS,NONE DETECTED,Yes,No Apparent Injury,N/A,LOOKED BUT DID NOT SEE,MD,SCHOOL BUS,BACKING,25,No,2012,THOMAS,BUS,39.05454511,-77.06683725,2023,12,7
230072879,Property Damage Crash,12/21/2023 07:22:00 AM,LAYTONSVILLE RD,NA,SINGLE VEHICLE,Clear,DRY,Daylight,N/A,NONE DETECTED,Yes,No Apparent Injury,N/A,OTHER DISTRACTION,MD,PASSENGER CAR,MOVING CONSTANT SPEED,40,No,1999,CHEV,UT,39.23045967,-77.142329,2023,12,7
230072877,Property Damage Crash,12/21/2023 06:30:00 AM,NEW HAMPSHIRE AVE,NA,HEAD ON LEFT TURN,Clear,DRY,Medium,TRAFFIC SIGNAL,NONE DETECTED,No,No Apparent Injury,N/A,NOT DISTRACTED,MD,PASSENGER CAR,MOVING CONSTANT SPEED,40,No,2023,SUBU,UT,39.106148,-77.00146633,2023,12,6
230072877,Property Damage Crash,12/21/2023 06:30:00 AM,NEW HAMPSHIRE AVE,NA,HEAD ON LEFT TURN,Clear,DRY,Medium,TRAFFIC SIGNAL,NONE DETECTED,Yes,No Apparent Injury,N/A,LOOKED BUT DID NOT SEE,MD,PASSENGER CAR,MAKING LEFT TURN,40,No,2011,TOYT,RAV4,39.106148,-77.00146633,2023,12,6
230072869,Property Damage Crash,12/21/2023 12:44:00 AM,LOUIS AVE,NA,HEAD ON,Clear,DRY,Medium,NO CONTROLS,NONE DETECTED,Yes,No Apparent Injury,N/A,NOT DISTRACTED,MD,(SPORT) UTILITY VEHICLE,MOVING CONSTANT SPEED,25,No,2024,HONDA,CRV,39.00398667,-77.04642333,2023,12,0
230073039,Property Damage Crash,12/21/2023 12:00:00 AM,EDNOR RD,NA,SAME DIR REAR END,Clear,DRY,Medium,NO CONTROLS,NONE DETECTED,No,No Apparent Injury,N/A,NOT DISTRACTED,MD,PASSENGER CAR,STOPPED IN TRAFFIC LANE,35,No,2008,VOLVO,4S,39.13313448,-77.00754329,2023,12,0
230073039,Property Damage Crash,12/21/2023 12:00:00 AM,EDNOR RD,NA,SAME DIR REAR END,Clear,DRY,Medium,NO CONTROLS,NONE DETECTED,Yes,No Apparent Injury,N/A,NOT DISTRACTED,MD,PASSENGER CAR,MOVING CONSTANT SPEED,35,No,2018,HONDA,PILOT,39.13313448,-77.00754329,2023,12,0
230072862,Injury Crash,12/20/2023 10:42:00 PM,MUNCASTER RD,NA,SINGLE VEHICLE,Clear,DRY,Dark,NO CONTROLS,ALCOHOL PRESENT,Yes,Possible Minor Injury,N/A,UNKNOWN,MD,PASSENGER CAR,MOVING CONSTANT SPEED,30,No,1998,DODGE,DAKOTA,39.17623167,-77.11849667,2023,12,22
230072927,Property Damage Crash,12/20/2023 10:00:00 PM,RIVER RD,NA,SINGLE VEHICLE,Clear,DRY,Dark,STOP SIGN,NONE DETECTED,Yes,No Apparent Injury,N/A,NOT DISTRACTED,MD,PASSENGER CAR,MOVING CONSTANT SPEED,50,No,2019,MERZ,E,39.07916266,-77.32782041,2023,12,22
230072855,Injury Crash,12/20/2023 09:43:00 PM,PARKLAWN DR,NA,SINGLE VEHICLE,Clear,DRY,Medium,TRAFFIC SIGNAL,NONE DETECTED,Yes,Possible Minor Injury,N/A,UNKNOWN,MD,PASSENGER CAR,MOVING CONSTANT SPEED,35,No,2021,HONDA,CIVIC,39.056565,-77.10858683,2023,12,21
230072841,Property Damage Crash,12/20/2023 08:03:00 PM,BRIGGS CHANEY RD,NA,SAME DIR REAR END,Clear,DRY,Medium,NO CONTROLS,NONE DETECTED,No,No Apparent Injury,N/A,NOT DISTRACTED,MD,(SPORT) UTILITY VEHICLE,STOPPED IN TRAFFIC LANE,35,No,2014,FORD,EXPLORER,39.09523667,-76.96915833,2023,12,20