Local Case Number,ACRS Report Type,Crash Date/Time,Road Name,Related Non-Motorist,Collision Type,Weather,Surface Condition,Light,Traffic Control,Driver Substance Abuse,Driver At Fault,Injury Severity,Circumstance,Driver Distracted By,Drivers License State,Vehicle Body Type,Vehicle Movement,Speed Limit,Driverless Vehicle,Vehicle Year,Vehicle Make,Vehicle Model,Latitude,Longitude,Year,Month,Hour
230072841,Property Damage Crash,12/20/2023 08:03:00 PM,BRIGGS CHANEY RD,NA,SAME DIR REAR END,Clear,DRY,Medium,NO CONTROLS,NONE DETECTED,Yes,No Apparent Injury,N/A,LOOKED BUT DID NOT SEE,MD,(SPORT) UTILITY VEHICLE,MOVING CONSTANT SPEED,35,No,2023,JEEP,COMPASS,39.09523667,-76.96915833,2023,12,20
230072836,Property Damage Crash,12/20/2023 07:30:00 PM,NEW HAMPSHIRE AVE,NA,SAME DIR REAR END,Clear,DRY,Medium,NO CONTROLS,NONE DETECTED,Yes,No Apparent Injury,N/A,INATTENTIVE OR LOST IN THOUGHT,MD,POLICE VEHICLE/NON EMERGENCY,CHANGING LANES,35,No,2017,TOYOTA,PRUIS,39.023132,-76.97832033,2023,12,19
230072836,Property Damage Crash,12/20/2023 07:30:00 PM,NEW HAMPSHIRE AVE,NA,SAME DIR REAR END,Clear,DRY,Medium,NO CONTROLS,NONE DETECTED,No,No Apparent Injury,N/A,NOT DISTRACTED,MD,PASSENGER CAR,SLOWING OR STOPPING,35,No,2018,NISS,UT,39.023132,-76.97832033,2023,12,19
230072827,Property Damage Crash,12/20/2023 06:30:00 PM,LOCKWOOD DR,NA,OTHER,Clear,DRY,Medium,N/A,NONE DETECTED,Yes,No Apparent Injury,N/A,NOT DISTRACTED,DC,VAN,ACCELERATING,25,No,2013,GM,VAN,39.03909533,-76.99150167,2023,12,18
230072827,Property Damage Crash,12/20/2023 06:30:00 PM,LOCKWOOD DR,NA,OTHER,Clear,DRY,Medium,N/A,NONE DETECTED,No,No Apparent Injury,N/A,NOT DISTRACTED,MD,TRANSIT BUS,SLOWING OR STOPPING,25,No,2020,NOVB,BUS,39.03909533,-76.99150167,2023,12,18
230072820,Property Damage Crash,12/20/2023 06:00:00 PM,GOSHEN RD,NA,SAME DIR REAR END,Clear,DRY,Medium,NO CONTROLS,NONE DETECTED,Yes,No Apparent Injury,N/A,LOOKED BUT DID NOT SEE,MD,PASSENGER CAR,MOVING CONSTANT SPEED,35,No,2015,HOND,4S,39.1763235,-77.18950283,2023,12,18
230072820,Property Damage Crash,12/20/2023 06:00:00 PM,GOSHEN RD,NA,SAME DIR REAR END,Clear,DRY,Medium,NO CONTROLS,NONE DETECTED,No,No Apparent Injury,N/A,NOT DISTRACTED,MD,PASSENGER CAR,SLOWING OR STOPPING,35,No,2012,HONDA,CIVIC,39.1763235,-77.18950283,2023,12,18
230072812,Property Damage Crash,12/20/2023 05:20:00 PM,COLUMBIA PIKE,NA,STRAIGHT MOVEMENT ANGLE,Clear,DRY,Medium,TRAFFIC SIGNAL,NONE DETECTED,No,No Apparent Injury,N/A,NOT DISTRACTED,MD,PASSENGER CAR,MAKING RIGHT TURN,35,No,2020,HOND,UT,39.073349,-76.95543467,2023,12,17
230072812,Property Damage Crash,12/20/2023 05:20:00 PM,COLUMBIA PIKE,NA,STRAIGHT MOVEMENT ANGLE,Clear,DRY,Medium,TRAFFIC SIGNAL,NONE DETECTED,Yes,No Apparent Injury,N/A,LOOKED BUT DID NOT SEE,MD,PASSENGER CAR,MOVING CONSTANT SPEED,50,No,2019,INFI,UT,39.073349,-76.95543467,2023,12,17
230072812,Property Damage Crash,12/20/2023 05:20:00 PM,COLUMBIA PIKE,NA,STRAIGHT MOVEMENT ANGLE,Clear,DRY,Medium,TRAFFIC SIGNAL,NONE DETECTED,No,No Apparent Injury,N/A,NOT DISTRACTED,MD,PASSENGER CAR,ACCELERATING,35,No,2020,TOYT,UT,39.073349,-76.95543467,2023,12,17
230072805,Injury Crash,12/20/2023 04:50:00 PM,VEIRS MILL RD,NA,STRAIGHT MOVEMENT ANGLE,Clear,DRY,Medium,TRAFFIC SIGNAL,NONE DETECTED,No,Possible Minor Injury,N/A,NOT DISTRACTED,ME,PASSENGER CAR,ACCELERATING,35,No,2018,AUDI,Q5,39.04411083,-77.06304833,2023,12,16
230072805,Injury Crash,12/20/2023 04:50:00 PM,VEIRS MILL RD,NA,STRAIGHT MOVEMENT ANGLE,Clear,DRY,Medium,TRAFFIC SIGNAL,NONE DETECTED,Yes,No Apparent Injury,N/A,INATTENTIVE OR LOST IN THOUGHT,MD,PASSENGER CAR,MOVING CONSTANT SPEED,35,No,2007,HONDA,CIVIC,39.04411083,-77.06304833,2023,12,16
230072802,Property Damage Crash,12/20/2023 04:20:00 PM,RANDOLPH RD,NA,SINGLE VEHICLE,Clear,DRY,Daylight,N/A,NONE DETECTED,Yes,No Apparent Injury,"N/A, VISION OBSTRUCTION (INCL. BLINDED BY SUN)",LOOKED BUT DID NOT SEE,MD,PASSENGER CAR,MOVING CONSTANT SPEED,40,No,2009,HONDA,CRV,39.0737935,-77.00722933,2023,12,16
230072794,Injury Crash,12/20/2023 03:55:00 PM,COLUMBIA PIKE,NA,HEAD ON,Clear,DRY,Daylight,NO CONTROLS,NONE DETECTED,No,No Apparent Injury,N/A,NOT DISTRACTED,MD,PICKUP TRUCK,PARKED,55,No,2006,CHEV,PK,39.09796283,-76.936773,2023,12,15
230072794,Injury Crash,12/20/2023 03:55:00 PM,COLUMBIA PIKE,NA,HEAD ON,Clear,DRY,Daylight,NO CONTROLS,NONE DETECTED,No,No Apparent Injury,N/A,NOT DISTRACTED,MD,VAN,PARKED,55,No,2009,CHEV,CG,39.09796283,-76.936773,2023,12,15
230072794,Injury Crash,12/20/2023 03:55:00 PM,COLUMBIA PIKE,NA,HEAD ON,Clear,DRY,Daylight,NO CONTROLS,NONE DETECTED,Yes,Possible Minor Injury,N/A,INATTENTIVE OR LOST IN THOUGHT,MD,(SPORT) UTILITY VEHICLE,MOVING CONSTANT SPEED,55,No,2012,NISSAN,ROGUE,39.09796283,-76.936773,2023,12,15
230072786,Injury Crash,12/20/2023 03:21:00 PM,FREDERICK RD,NA,STRAIGHT MOVEMENT ANGLE,Clear,DRY,Daylight,TRAFFIC SIGNAL,NONE DETECTED,Yes,Possible Minor Injury,N/A,UNKNOWN,MD,PASSENGER CAR,MOVING CONSTANT SPEED,45,No,2016,TOYT,TK,39.172143,-77.23614417,2023,12,15
230072786,Injury Crash,12/20/2023 03:21:00 PM,FREDERICK RD,NA,STRAIGHT MOVEMENT ANGLE,Clear,DRY,Daylight,TRAFFIC SIGNAL,NONE DETECTED,No,Possible Minor Injury,N/A,UNKNOWN,MD,PASSENGER CAR,ACCELERATING,45,No,2017,HYUN,ELANTRA,39.172143,-77.23614417,2023,12,15
230072799,Property Damage Crash,12/20/2023 02:00:00 PM,TWINBROOK PKWY,NA,SAME DIRECTION SIDESWIPE,Clear,DRY,Daylight,TRAFFIC SIGNAL,NONE DETECTED,Unknown,No Apparent Injury,N/A,LOOKED BUT DID NOT SEE,MD,PASSENGER CAR,MAKING LEFT TURN,35,No,2011,TOYOTA,SIENNA,39.07314953,-77.11204882,2023,12,14
230072799,Property Damage Crash,12/20/2023 02:00:00 PM,TWINBROOK PKWY,NA,SAME DIRECTION SIDESWIPE,Clear,DRY,Daylight,TRAFFIC SIGNAL,NONE DETECTED,Unknown,No Apparent Injury,N/A,LOOKED BUT DID NOT SEE,MD,PASSENGER CAR,STARTING FROM LANE,35,No,2018,HONDA,CRV,39.07314953,-77.11204882,2023,12,14
230072769,Property Damage Crash,12/20/2023 01:30:00 PM,NORBECK RD,NA,SAME DIR REAR END,Clear,DRY,Daylight,N/A,NONE DETECTED,No,No Apparent Injury,N/A,UNKNOWN,MD,PICKUP TRUCK,SLOWING OR STOPPING,40,No,1996,FORD,PICK UP,39.1124097,-77.06374304,2023,12,13
230072769,Property Damage Crash,12/20/2023 01:30:00 PM,NORBECK RD,NA,SAME DIR REAR END,Clear,DRY,Daylight,N/A,NONE DETECTED,Yes,No Apparent Injury,N/A,INATTENTIVE OR LOST IN THOUGHT,MD,PASSENGER CAR,MOVING CONSTANT SPEED,40,No,2014,TOYOTA,4 DOOR,39.1124097,-77.06374304,2023,12,13
230072795,Property Damage Crash,12/20/2023 01:17:00 PM,NA,NA,OTHER,Clear,NA,Daylight,N/A,NONE DETECTED,Yes,No Apparent Injury,N/A,NOT DISTRACTED,MD,PICKUP TRUCK,OTHER,15,No,2004,TOYOTA,TUNDRA,39.18008829,-77.26954594,2023,12,13
230072751,Injury Crash,12/20/2023 01:00:00 PM,NORBECK RD,NA,STRAIGHT MOVEMENT ANGLE,Clear,DRY,Daylight,STOP SIGN,NONE DETECTED,No,No Apparent Injury,N/A,NOT DISTRACTED,MD,PASSENGER CAR,MOVING CONSTANT SPEED,45,No,2020,FORD,TK,39.08708667,-77.1353975,2023,12,13
230072751,Injury Crash,12/20/2023 01:00:00 PM,NORBECK RD,NA,STRAIGHT MOVEMENT ANGLE,Clear,DRY,Daylight,STOP SIGN,NONE DETECTED,Yes,Possible Minor Injury,N/A,UNKNOWN,MD,PASSENGER CAR,STARTING FROM LANE,45,No,2014,NISS,SD,39.08708667,-77.1353975,2023,12,13
230072746,Property Damage Crash,12/20/2023 12:21:00 PM,VEIRS MILL RD,NA,OTHER,Clear,DRY,Daylight,NO CONTROLS,NONE DETECTED,Unknown,No Apparent Injury,N/A,UNKNOWN,DC,TRANSIT BUS,STARTING FROM LANE,40,No,2023,NEW FLYER,BUS,39.07486517,-77.11483083,2023,12,12
230072746,Property Damage Crash,12/20/2023 12:21:00 PM,VEIRS MILL RD,NA,OTHER,Clear,DRY,Daylight,NO CONTROLS,NONE DETECTED,Unknown,No Apparent Injury,N/A,NOT DISTRACTED,MD,VAN,MOVING CONSTANT SPEED,40,No,2017,NISS,VN,39.07486517,-77.11483083,2023,12,12
230072739,Injury Crash,12/20/2023 12:04:00 PM,NO NAME,NA,SINGLE VEHICLE,Clear,DRY,Daylight,NO CONTROLS,NONE DETECTED,Yes,Possible Minor Injury,N/A,UNKNOWN,MD,PASSENGER CAR,CHANGING LANES,55,No,2002,JEEP,CHEROKEE,39.120645,-77.18385333,2023,12,12
230072742,Property Damage Crash,12/20/2023 12:00:00 PM,FREDERICK RD,NA,SAME DIR REAR END,Clear,DRY,Daylight,TRAFFIC SIGNAL,NONE DETECTED,Yes,No Apparent Injury,N/A,LOOKED BUT DID NOT SEE,VA,PASSENGER CAR,MOVING CONSTANT SPEED,35,No,2013,TOYOTA,SIENNA,39.14991375,-77.20866973,2023,12,12
230072742,Property Damage Crash,12/20/2023 12:00:00 PM,FREDERICK RD,NA,SAME DIR REAR END,Clear,DRY,Daylight,TRAFFIC SIGNAL,NONE DETECTED,No,No Apparent Injury,N/A,NOT DISTRACTED,MD,SCHOOL BUS,STOPPED IN TRAFFIC LANE,35,No,2018,THMS,BU,39.14991375,-77.20866973,2023,12,12
230072733,Injury Crash,12/20/2023 11:19:00 AM,KNOWLES AVE,PEDESTRIAN,OTHER,Clear,DRY,Daylight,STOP SIGN,NONE DETECTED,Yes,No Apparent Injury,N/A,ADJUSTING AUDIO AND OR CLIMATE CONTROLS,MD,PASSENGER CAR,MAKING LEFT TURN,25,No,2017,HYUNDAI,ELANTRA,39.027575,-77.077805,2023,12,11
230072724,Injury Crash,12/20/2023 10:40:00 AM,CHRISTOPHER AVE,NA,STRAIGHT MOVEMENT ANGLE,Clear,DRY,Daylight,NO CONTROLS,NONE DETECTED,Yes,Possible Minor Injury,N/A,UNKNOWN,MD,(SPORT) UTILITY VEHICLE,MAKING LEFT TURN,35,No,2019,HYUN,TK,39.15664,-77.21475333,2023,12,10
230072724,Injury Crash,12/20/2023 10:40:00 AM,CHRISTOPHER AVE,NA,STRAIGHT MOVEMENT ANGLE,Clear,DRY,Daylight,NO CONTROLS,NONE DETECTED,No,No Apparent Injury,N/A,NOT DISTRACTED,MD,PASSENGER CAR,MOVING CONSTANT SPEED,35,No,2007,LEXS,SD,39.15664,-77.21475333,2023,12,10
230072725,Injury Crash,12/20/2023 10:10:00 AM,SHADY GROVE RD,NA,STRAIGHT MOVEMENT ANGLE,Clear,DRY,Daylight,TRAFFIC SIGNAL,NONE DETECTED,Yes,Possible Minor Injury,N/A,INATTENTIVE OR LOST IN THOUGHT,VA,PASSENGER CAR,MOVING CONSTANT SPEED,40,No,2010,NISSAN,4W,39.10953311,-77.18834938,2023,12,10
230072725,Injury Crash,12/20/2023 10:10:00 AM,SHADY GROVE RD,NA,STRAIGHT MOVEMENT ANGLE,Clear,DRY,Daylight,TRAFFIC SIGNAL,NONE DETECTED,No,Possible Minor Injury,N/A,NOT DISTRACTED,MD,PASSENGER CAR,MAKING LEFT TURN,25,No,2024,HONDA,ACCORD,39.10953311,-77.18834938,2023,12,10
230072711,Property Damage Crash,12/20/2023 09:30:00 AM,NEW HAMPSHIRE AVE,NA,SINGLE VEHICLE,Clear,DRY,Daylight,NO CONTROLS,NONE DETECTED,Yes,No Apparent Injury,N/A,LOOKED BUT DID NOT SEE,VA,PASSENGER CAR,MOVING CONSTANT SPEED,40,No,2011,VOLKS,GTI,39.08460617,-76.99994483,2023,12,9
230072706,Property Damage Crash,12/20/2023 08:51:00 AM,QUINCE ORCHARD RD,NA,STRAIGHT MOVEMENT ANGLE,Clear,DRY,Daylight,STOP SIGN,NONE DETECTED,Yes,No Apparent Injury,N/A,LOOKED BUT DID NOT SEE,MD,PASSENGER CAR,MAKING LEFT TURN,40,No,2017,TOYOTA,RAV4,39.12477,-77.24711,2023,12,8
230072706,Property Damage Crash,12/20/2023 08:51:00 AM,QUINCE ORCHARD RD,NA,STRAIGHT MOVEMENT ANGLE,Clear,DRY,Daylight,STOP SIGN,NONE DETECTED,No,No Apparent Injury,N/A,NOT DISTRACTED,MD,PASSENGER CAR,MOVING CONSTANT SPEED,40,No,2006,CHEVROLET,EXPRESS,39.12477,-77.24711,2023,12,8
230072688,Property Damage Crash,12/20/2023 07:00:00 AM,SHERWOOD FOREST DR,NA,SAME DIR REAR END,Clear,DRY,Medium,NO CONTROLS,NONE DETECTED,Yes,No Apparent Injury,N/A,UNKNOWN,NA,NA,MOVING CONSTANT SPEED,35,No,0,UNKNOWN,UNKNOWN,39.04759667,-76.98537333,2023,12,7
230072688,Property Damage Crash,12/20/2023 07:00:00 AM,SHERWOOD FOREST DR,NA,SAME DIR REAR END,Clear,DRY,Medium,NO CONTROLS,NONE DETECTED,No,No Apparent Injury,N/A,NOT DISTRACTED,MD,SCHOOL BUS,STOPPED IN TRAFFIC LANE,35,No,2019,THMS,BU,39.04759667,-76.98537333,2023,12,7
230072683,Property Damage Crash,12/20/2023 05:21:00 AM,RIDGE RD,NA,SINGLE VEHICLE,Clear,ICE,Medium,NO CONTROLS,NONE DETECTED,Yes,No Apparent Injury,"ICY OR SNOW-COVERED, N/A",NOT DISTRACTED,MD,(SPORT) UTILITY VEHICLE,MOVING CONSTANT SPEED,30,No,2002,TOYOTA,4RUNNER,39.297409,-77.20366417,2023,12,5
230072678,Property Damage Crash,12/20/2023 02:07:00 AM,GEORGIA AVE,NA,SINGLE VEHICLE,Clear,DRY,Dark,NO CONTROLS,NONE DETECTED,No,No Apparent Injury,N/A,NOT DISTRACTED,MD,PASSENGER CAR,MOVING CONSTANT SPEED,50,No,2020,NISSAN,PATHFINDER,39.12400667,-77.077425,2023,12,2
230072676,Property Damage Crash,12/20/2023 01:13:00 AM,NA,NA,OTHER,Clear,NA,Medium,N/A,NONE DETECTED,Yes,No Apparent Injury,N/A,NOT DISTRACTED,NA,PASSENGER CAR,ACCELERATING,5,No,2017,HYUNDAI,ELANTRA,38.983837,-77.0069087,2023,12,1
230072664,Property Damage Crash,12/19/2023 09:53:00 PM,HIGHVIEW AVE,NA,SINGLE VEHICLE,Clear,DRY,Medium,NO CONTROLS,ALCOHOL PRESENT,Yes,No Apparent Injury,N/A,UNKNOWN,MD,PASSENGER CAR,MAKING RIGHT TURN,25,No,2007,BMW,328,39.0438679,-77.06810768,2023,12,21
230072658,Property Damage Crash,12/19/2023 09:40:00 PM,W DIAMOND AVE,NA,STRAIGHT MOVEMENT ANGLE,Clear,DRY,Medium,TRAFFIC SIGNAL,NONE DETECTED,No,No Apparent Injury,N/A,NOT DISTRACTED,MD,PASSENGER CAR,ACCELERATING,35,No,2023,TESL,UT,39.14274033,-77.22082733,2023,12,21
230072658,Property Damage Crash,12/19/2023 09:40:00 PM,W DIAMOND AVE,NA,STRAIGHT MOVEMENT ANGLE,Clear,DRY,Medium,TRAFFIC SIGNAL,NONE DETECTED,Yes,No Apparent Injury,N/A,UNKNOWN,MD,PASSENGER CAR,MOVING CONSTANT SPEED,35,No,2018,HONDA,CRV,39.14274033,-77.22082733,2023,12,21
230072658,Property Damage Crash,12/19/2023 09:40:00 PM,W DIAMOND AVE,NA,STRAIGHT MOVEMENT ANGLE,Clear,DRY,Medium,TRAFFIC SIGNAL,NONE DETECTED,No,No Apparent Injury,N/A,NOT DISTRACTED,MD,PASSENGER CAR,ACCELERATING,35,No,2015,TOYOTA,RAV4,39.14274033,-77.22082733,2023,12,21
230072658,Property Damage Crash,12/19/2023 09:40:00 PM,W DIAMOND AVE,NA,STRAIGHT MOVEMENT ANGLE,Clear,DRY,Medium,TRAFFIC SIGNAL,NONE DETECTED,No,No Apparent Injury,N/A,NOT DISTRACTED,MD,PASSENGER CAR,STOPPED IN TRAFFIC LANE,35,No,2015,TOYT,RAV4,39.14274033,-77.22082733,2023,12,21
230072658,Property Damage Crash,12/19/2023 09:40:00 PM,W DIAMOND AVE,NA,STRAIGHT MOVEMENT ANGLE,Clear,DRY,Medium,TRAFFIC SIGNAL,NONE DETECTED,No,No Apparent Injury,N/A,NOT DISTRACTED,MD,PASSENGER CAR,STOPPED IN TRAFFIC LANE,35,No,2017,HOND,CIVIC,39.14274033,-77.22082733,2023,12,21
230072650,Injury Crash,12/19/2023 08:26:00 PM,GEORGIA AVE,NA,SINGLE VEHICLE,Clear,DRY,Dark,NO CONTROLS,NONE DETECTED,No,Possible Minor Injury,"ANIMAL, N/A",NOT DISTRACTED,MD,PASSENGER CAR,MOVING CONSTANT SPEED,40,No,2018,SUBA,OUTBACK,39.18670703,-77.06403239,2023,12,20
230072648,Property Damage Crash,12/19/2023 07:50:00 PM,VEIRS MILL RD,NA,SAME DIR REAR END,Clear,DRY,Medium,TRAFFIC SIGNAL,NONE DETECTED,No,No Apparent Injury,N/A,NOT DISTRACTED,MD,PASSENGER CAR,MOVING CONSTANT SPEED,35,No,2011,HYUN,SANTA FE,39.07833854,-77.13042891,2023,12,19
230072648,Property Damage Crash,12/19/2023 07:50:00 PM,VEIRS MILL RD,NA,SAME DIR REAR END,Clear,DRY,Medium,TRAFFIC SIGNAL,NONE DETECTED,Yes,No Apparent Injury,N/A,UNKNOWN,NA,PASSENGER CAR,MOVING CONSTANT SPEED,35,No,1999,FORD,MUSTANG,39.07833854,-77.13042891,2023,12,19
230072636,Injury Crash,12/19/2023 06:25:00 PM,CONNECTICUT AVE,NA,STRAIGHT MOVEMENT ANGLE,Clear,DRY,Medium,NO CONTROLS,NONE DETECTED,Yes,No Apparent Injury,N/A,NOT DISTRACTED,MD,PASSENGER CAR,MAKING LEFT TURN,35,No,2010,HONDA,ODYSSEY,39.06904,-77.07557,2023,12,18
230072636,Injury Crash,12/19/2023 06:25:00 PM,CONNECTICUT AVE,NA,STRAIGHT MOVEMENT ANGLE,Clear,DRY,Medium,NO CONTROLS,NONE DETECTED,No,No Apparent Injury,N/A,NOT DISTRACTED,MD,PASSENGER CAR,MOVING CONSTANT SPEED,35,No,2001,CHRYSLER,TOWN AND COUNTRY,39.06904,-77.07557,2023,12,18
230072633,Property Damage Crash,12/19/2023 06:10:00 PM,MUNCASTER MILL RD,NA,SINGLE VEHICLE,Clear,DRY,Medium,NO CONTROLS,NONE DETECTED,Yes,No Apparent Injury,N/A,UNKNOWN,MD,PASSENGER CAR,MOVING CONSTANT SPEED,35,No,2014,HONDA,CIVIC,39.14090667,-77.13689833,2023,12,18
230072630,Property Damage Crash,12/19/2023 06:00:00 PM,COLESVILLE RD,NA,SAME DIR REAR END,Clear,DRY,Dark,NO CONTROLS,NONE DETECTED,Yes,No Apparent Injury,"BACKUP DUE TO PRIOR CRASH, N/A",INATTENTIVE OR LOST IN THOUGHT,DC,PASSENGER CAR,MOVING CONSTANT SPEED,35,No,2013,VOLKSWAGON,JETTA,39.017066,-77.01550683,2023,12,18
230072630,Property Damage Crash,12/19/2023 06:00:00 PM,COLESVILLE RD,NA,SAME DIR REAR END,Clear,DRY,Dark,NO CONTROLS,NONE DETECTED,No,No Apparent Injury,"BACKUP DUE TO PRIOR CRASH, N/A",NOT DISTRACTED,MD,PASSENGER CAR,SLOWING OR STOPPING,35,No,2018,HONDA,SUV,39.017066,-77.01550683,2023,12,18
230072625,Injury Crash,12/19/2023 05:30:00 PM,MEDICAL CENTER DR,NA,STRAIGHT MOVEMENT ANGLE,Clear,DRY,Medium,TRAFFIC SIGNAL,NONE DETECTED,Yes,No Apparent Injury,N/A,UNKNOWN,MD,PASSENGER CAR,MAKING LEFT TURN,45,No,2005,ACUR,4S,39.09873083,-77.2040625,2023,12,17
230072625,Injury Crash,12/19/2023 05:30:00 PM,MEDICAL CENTER DR,NA,STRAIGHT MOVEMENT ANGLE,Clear,DRY,Medium,TRAFFIC SIGNAL,NONE DETECTED,No,Possible Minor Injury,N/A,NOT DISTRACTED,MD,PASSENGER CAR,MOVING CONSTANT SPEED,45,No,2008,CHEVY,MALIBU,39.09873083,-77.2040625,2023,12,17
230072622,Injury Crash,12/19/2023 05:23:00 PM,GEORGIA AVE,NA,SAME DIR REAR END,Clear,DRY,Medium,N/A,NONE DETECTED,Yes,Possible Minor Injury,N/A,LOOKED BUT DID NOT SEE,MD,PASSENGER CAR,SLOWING OR STOPPING,30,No,2010,NISSAN,ROGUE,39.14761,-77.06709317,2023,12,17
230072622,Injury Crash,12/19/2023 05:23:00 PM,GEORGIA AVE,NA,SAME DIR REAR END,Clear,DRY,Medium,N/A,NONE DETECTED,No,No Apparent Injury,N/A,NOT DISTRACTED,MD,PASSENGER CAR,SLOWING OR STOPPING,30,No,2017,HYUNDAI,ELANTRA,39.14761,-77.06709317,2023,12,17
230072621,Injury Crash,12/19/2023 05:18:00 PM,GERMANTOWN RD,NA,STRAIGHT MOVEMENT ANGLE,Clear,DRY,Medium,TRAFFIC SIGNAL,NONE DETECTED,Unknown,No Apparent Injury,N/A,UNKNOWN,MD,PASSENGER CAR,MOVING CONSTANT SPEED,40,No,2010,TOYOTA,TK,39.16256728,-77.28275131,2023,12,17
230072621,Injury Crash,12/19/2023 05:18:00 PM,GERMANTOWN RD,NA,STRAIGHT MOVEMENT ANGLE,Clear,DRY,Medium,TRAFFIC SIGNAL,NONE DETECTED,Unknown,Possible Minor Injury,N/A,UNKNOWN,MD,PASSENGER CAR,ACCELERATING,40,No,2023,HYUN,UT,39.16256728,-77.28275131,2023,12,17
230072825,Property Damage Crash,12/19/2023 04:50:00 PM,ROCKVILLE PIKE,NA,SAME DIR REAR END,Clear,DRY,Medium,TRAFFIC SIGNAL,NONE DETECTED,Yes,No Apparent Injury,N/A,NOT DISTRACTED,DC,PASSENGER CAR,SLOWING OR STOPPING,40,No,2019,TOYOTA,CAMRY,39.00254897,-77.09710355,2023,12,16
230072825,Property Damage Crash,12/19/2023 04:50:00 PM,ROCKVILLE PIKE,NA,SAME DIR REAR END,Clear,DRY,Medium,TRAFFIC SIGNAL,NONE DETECTED,No,No Apparent Injury,N/A,NOT DISTRACTED,MD,(SPORT) UTILITY VEHICLE,STOPPED IN TRAFFIC LANE,40,No,2015,LEXUS,RC 2DR,39.00254897,-77.09710355,2023,12,16
230072609,Property Damage Crash,12/19/2023 04:30:00 PM,CLOPPER RD,NA,STRAIGHT MOVEMENT ANGLE,Cloudy,DRY,Daylight,TRAFFIC SIGNAL,NONE DETECTED,Yes,No Apparent Injury,N/A,LOOKED BUT DID NOT SEE,MD,PASSENGER CAR,MAKING LEFT TURN,40,No,2003,MAZD,SEDAN,39.1592315,-77.2752385,2023,12,16
230072609,Property Damage Crash,12/19/2023 04:30:00 PM,CLOPPER RD,NA,STRAIGHT MOVEMENT ANGLE,Cloudy,DRY,Daylight,TRAFFIC SIGNAL,NONE DETECTED,No,No Apparent Injury,N/A,NOT DISTRACTED,MD,PASSENGER CAR,MOVING CONSTANT SPEED,40,No,2016,HONDA,VAN,39.1592315,-77.2752385,2023,12,16
230072608,Property Damage Crash,12/19/2023 04:21:00 PM,RIDGE RD,NA,SAME DIR REAR END,Clear,DRY,Daylight,NO CONTROLS,NONE DETECTED,No,No Apparent Injury,N/A,NOT DISTRACTED,MD,PASSENGER CAR,MOVING CONSTANT SPEED,45,No,2015,SUBARU,OUTBACK,39.22862867,-77.23675367,2023,12,16
230072608,Property Damage Crash,12/19/2023 04:21:00 PM,RIDGE RD,NA,SAME DIR REAR END,Clear,DRY,Daylight,NO CONTROLS,NONE DETECTED,Yes,No Apparent Injury,N/A,INATTENTIVE OR LOST IN THOUGHT,MD,PASSENGER CAR,MOVING CONSTANT SPEED,45,No,2010,HONDA,CIVIC,39.22862867,-77.23675367,2023,12,16
230072599,Injury Crash,12/19/2023 04:17:00 PM,FATHER HURLEY BLVD,NA,STRAIGHT MOVEMENT ANGLE,Clear,DRY,Daylight,TRAFFIC SIGNAL,NONE DETECTED,Yes,Possible Minor Injury,N/A,LOOKED BUT DID NOT SEE,MD,PASSENGER CAR,MOVING CONSTANT SPEED,40,No,2012,CHEVROLET,IMPALA,39.19664595,-77.26549956,2023,12,16
230072599,Injury Crash,12/19/2023 04:17:00 PM,FATHER HURLEY BLVD,NA,STRAIGHT MOVEMENT ANGLE,Clear,DRY,Daylight,TRAFFIC SIGNAL,NONE DETECTED,No,No Apparent Injury,N/A,NOT DISTRACTED,MD,(SPORT) UTILITY VEHICLE,MAKING LEFT TURN,40,No,2007,FORD,EDGE,39.19664595,-77.26549956,2023,12,16
230072596,Injury Crash,12/19/2023 04:00:00 PM,GEORGIA AVE,NA,STRAIGHT MOVEMENT ANGLE,Clear,DRY,Daylight,TRAFFIC SIGNAL,NONE DETECTED,Yes,Possible Minor Injury,N/A,NOT DISTRACTED,MD,PASSENGER CAR,MAKING LEFT TURN,35,No,2006,CHEVY,MALIBU,39.10932762,-77.07573559,2023,12,16
230072596,Injury Crash,12/19/2023 04:00:00 PM,GEORGIA AVE,NA,STRAIGHT MOVEMENT ANGLE,Clear,DRY,Daylight,TRAFFIC SIGNAL,NONE DETECTED,No,No Apparent Injury,N/A,NOT DISTRACTED,MD,PASSENGER CAR,STOPPED IN TRAFFIC LANE,35,No,2017,TOYOTA,COROLLA,39.10932762,-77.07573559,2023,12,16
230072596,Injury Crash,12/19/2023 04:00:00 PM,GEORGIA AVE,NA,STRAIGHT MOVEMENT ANGLE,Clear,DRY,Daylight,TRAFFIC SIGNAL,NONE DETECTED,No,Possible Minor Injury,N/A,UNKNOWN,MD,PASSENGER CAR,MOVING CONSTANT SPEED,35,No,2014,MERCEDES,C300,39.10932762,-77.07573559,2023,12,16
230072591,Injury Crash,12/19/2023 04:00:00 PM,BEL PRE RD,NA,SAME DIRECTION LEFT TURN,Clear,DRY,Daylight,NO CONTROLS,NONE DETECTED,No,Possible Minor Injury,N/A,NOT DISTRACTED,MD,PASSENGER CAR,MOVING CONSTANT SPEED,25,No,2008,HYUNDAI,ELANTRA,39.09673717,-77.09611933,2023,12,16
230072591,Injury Crash,12/19/2023 04:00:00 PM,BEL PRE RD,NA,SAME DIRECTION LEFT TURN,Clear,DRY,Daylight,NO CONTROLS,NONE DETECTED,Yes,No Apparent Injury,N/A,LOOKED BUT DID NOT SEE,MD,PASSENGER CAR,MAKING U TURN,25,No,2020,NISSAN,ALTIMA,39.09673717,-77.09611933,2023,12,16
230072598,Property Damage Crash,12/19/2023 03:40:00 PM,EDWIN ST,OTHER,SAME DIRECTION SIDESWIPE,Clear,DRY,Daylight,NO CONTROLS,NONE DETECTED,Yes,No Apparent Injury,N/A,NOT DISTRACTED,MD,PASSENGER CAR,MOVING CONSTANT SPEED,15,No,2015,VOLK,GTI,39.053241,-77.07055383,2023,12,15
230072585,Injury Crash,12/19/2023 03:22:00 PM,BEL PRE RD,PEDESTRIAN,STRAIGHT MOVEMENT ANGLE,Clear,DRY,Daylight,NO CONTROLS,NONE DETECTED,Yes,No Apparent Injury,"N/A, VISION OBSTRUCTION (INCL. BLINDED BY SUN)",LOOKED BUT DID NOT SEE,MD,PASSENGER CAR,MOVING CONSTANT SPEED,30,No,2018,CHEVY,MALIBU,39.09041416,-77.05300905,2023,12,15
230072582,Injury Crash,12/19/2023 02:57:00 PM,LYTTONSVILLE RD,NA,OTHER,Clear,DRY,Daylight,N/A,NONE DETECTED,Yes,Possible Minor Injury,N/A,LOOKED BUT DID NOT SEE,MD,PASSENGER CAR,STARTING FROM LANE,25,No,2023,HONDA,SD,38.99899752,-77.05243932,2023,12,14
230072582,Injury Crash,12/19/2023 02:57:00 PM,LYTTONSVILLE RD,NA,OTHER,Clear,DRY,Daylight,N/A,NONE DETECTED,No,No Apparent Injury,N/A,NOT DISTRACTED,MD,SCHOOL BUS,MOVING CONSTANT SPEED,25,No,2018,FRHT,BUS,38.99899752,-77.05243932,2023,12,14
230072579,Property Damage Crash,12/19/2023 02:44:00 PM,ROCKVILLE PIKE,NA,SAME DIR REAR END,Clear,DRY,Daylight,N/A,NONE DETECTED,No,No Apparent Injury,N/A,NOT DISTRACTED,MD,TRANSIT BUS,STOPPED IN TRAFFIC LANE,40,No,2017,GILG,BU,39.07097355,-77.13209982,2023,12,14