Local Case Number,ACRS Report Type,Crash Date/Time,Road Name,Related Non-Motorist,Collision Type,Weather,Surface Condition,Light,Traffic Control,Driver Substance Abuse,Driver At Fault,Injury Severity,Circumstance,Driver Distracted By,Drivers License State,Vehicle Body Type,Vehicle Movement,Speed Limit,Driverless Vehicle,Vehicle Year,Vehicle Make,Vehicle Model,Latitude,Longitude,Year,Month,Hour
230072579,Property Damage Crash,12/19/2023 02:44:00 PM,ROCKVILLE PIKE,NA,SAME DIR REAR END,Clear,DRY,Daylight,N/A,NONE DETECTED,Yes,No Apparent Injury,N/A,UNKNOWN,MD,PASSENGER CAR,ACCELERATING,40,No,2008,TOYT,4S,39.07097355,-77.13209982,2023,12,14
230072595,Property Damage Crash,12/19/2023 02:10:00 PM,CONNECTICUT AVE,NA,SAME DIRECTION SIDESWIPE,Clear,DRY,Daylight,TRAFFIC SIGNAL,NONE DETECTED,Yes,No Apparent Injury,N/A,UNKNOWN,MD,PASSENGER CAR,MAKING RIGHT TURN,30,No,2010,HONDA,ACCORD,39.08347726,-77.07808234,2023,12,14
230072595,Property Damage Crash,12/19/2023 02:10:00 PM,CONNECTICUT AVE,NA,SAME DIRECTION SIDESWIPE,Clear,DRY,Daylight,TRAFFIC SIGNAL,NONE DETECTED,No,No Apparent Injury,N/A,NOT DISTRACTED,MD,PASSENGER CAR,MAKING LEFT TURN,30,No,2010,HONDA,INSIGHT,39.08347726,-77.07808234,2023,12,14
230072570,Property Damage Crash,12/19/2023 02:05:00 PM,AMHERST AVE,NA,SAME DIR REAR END,Clear,DRY,Daylight,STOP SIGN,NONE DETECTED,Yes,No Apparent Injury,N/A,NOT DISTRACTED,MD,OTHER,SLOWING OR STOPPING,25,No,2000,FORD,UTILIMASTER,39.04306167,-77.04786167,2023,12,14
230072570,Property Damage Crash,12/19/2023 02:05:00 PM,AMHERST AVE,NA,SAME DIR REAR END,Clear,DRY,Daylight,STOP SIGN,NONE DETECTED,No,No Apparent Injury,N/A,NOT DISTRACTED,MD,PASSENGER CAR,STOPPED IN TRAFFIC LANE,25,No,2006,LEXUS,IS230,39.04306167,-77.04786167,2023,12,14
230072561,Property Damage Crash,12/19/2023 01:00:00 PM,GEORGIA AVE,NA,SAME DIR REAR END,Clear,DRY,Daylight,NO CONTROLS,NONE DETECTED,Yes,No Apparent Injury,N/A,NOT DISTRACTED,MD,MOPED,SLOWING OR STOPPING,35,No,2023,ZHILONG,BWS,39.02338426,-77.0456033,2023,12,13
230072561,Property Damage Crash,12/19/2023 01:00:00 PM,GEORGIA AVE,NA,SAME DIR REAR END,Clear,DRY,Daylight,NO CONTROLS,NONE DETECTED,No,No Apparent Injury,N/A,NOT DISTRACTED,MD,PASSENGER CAR,SLOWING OR STOPPING,35,No,2022,TOYOTA,COROLLA,39.02338426,-77.0456033,2023,12,13
230072518,Injury Crash,12/19/2023 09:46:00 AM,WOODFIELD RD,NA,STRAIGHT MOVEMENT ANGLE,Clear,DRY,Daylight,NO CONTROLS,NONE DETECTED,Yes,No Apparent Injury,N/A,LOOKED BUT DID NOT SEE,MD,PICKUP TRUCK,MAKING LEFT TURN,35,No,2022,DODGE,RAM,39.28806492,-77.201595,2023,12,9
230072518,Injury Crash,12/19/2023 09:46:00 AM,WOODFIELD RD,NA,STRAIGHT MOVEMENT ANGLE,Clear,DRY,Daylight,NO CONTROLS,NONE DETECTED,No,Possible Minor Injury,N/A,NOT DISTRACTED,MD,PASSENGER CAR,MOVING CONSTANT SPEED,35,No,2021,KIA,SPORTAGE,39.28806492,-77.201595,2023,12,9
230072509,Property Damage Crash,12/19/2023 08:36:00 AM,NA,NA,OTHER,Clear,NA,Daylight,N/A,NONE DETECTED,Yes,No Apparent Injury,N/A,NOT DISTRACTED,MD,SCHOOL BUS,MAKING LEFT TURN,25,No,2021,FRHT,SCHOOL BUS,39.17481565,-77.19987066,2023,12,8
230072501,Property Damage Crash,12/19/2023 08:10:00 AM,MUDDY BRANCH RD,NA,HEAD ON LEFT TURN,Clear,DRY,Daylight,TRAFFIC SIGNAL,NONE DETECTED,Yes,No Apparent Injury,N/A,NOT DISTRACTED,MD,PASSENGER CAR,MAKING LEFT TURN,45,No,2022,HOND,SD,39.14020815,-77.2051766,2023,12,8
230072501,Property Damage Crash,12/19/2023 08:10:00 AM,MUDDY BRANCH RD,NA,HEAD ON LEFT TURN,Clear,DRY,Daylight,TRAFFIC SIGNAL,NONE DETECTED,No,No Apparent Injury,N/A,NOT DISTRACTED,MD,PASSENGER CAR,MOVING CONSTANT SPEED,25,No,2015,HOND,HB,39.14020815,-77.2051766,2023,12,8
230072503,Injury Crash,12/19/2023 08:08:00 AM,FALLS RD,NA,SINGLE VEHICLE,Clear,DRY,Daylight,N/A,NONE DETECTED,Yes,Possible Minor Injury,N/A,NOT DISTRACTED,MD,PASSENGER CAR,MOVING CONSTANT SPEED,30,No,2020,RAM,PROMASTER 1500,39.05140333,-77.18720833,2023,12,8
230072499,Injury Crash,12/19/2023 07:45:00 AM,RIDGE RD,NA,SAME DIR REAR END,Clear,DRY,Daylight,NO CONTROLS,NONE DETECTED,No,Possible Minor Injury,N/A,USING DEVICE OBJECT BROUGHT INTO VEHICLE,MD,(SPORT) UTILITY VEHICLE,SLOWING OR STOPPING,40,No,2012,GMC,ACCADIA,39.21301333,-77.23929833,2023,12,7
230072499,Injury Crash,12/19/2023 07:45:00 AM,RIDGE RD,NA,SAME DIR REAR END,Clear,DRY,Daylight,NO CONTROLS,NONE DETECTED,Yes,No Apparent Injury,N/A,UNKNOWN,MD,PICKUP TRUCK,MOVING CONSTANT SPEED,40,No,2016,NISSAN,FRONTIER,39.21301333,-77.23929833,2023,12,7
230072494,Property Damage Crash,12/19/2023 07:13:00 AM,NA,NA,STRAIGHT MOVEMENT ANGLE,Clear,NA,Medium,NO CONTROLS,NONE DETECTED,No,No Apparent Injury,N/A,NOT DISTRACTED,MD,(SPORT) UTILITY VEHICLE,MOVING CONSTANT SPEED,5,No,2007,LINCOLN,MKX,39.036174,-77.1456465,2023,12,7
230072494,Property Damage Crash,12/19/2023 07:13:00 AM,NA,NA,STRAIGHT MOVEMENT ANGLE,Clear,NA,Medium,NO CONTROLS,NONE DETECTED,Yes,No Apparent Injury,N/A,LOOKED BUT DID NOT SEE,MD,SCHOOL BUS,STARTING FROM PARKED,5,No,2019,THOMAS,BUS,39.036174,-77.1456465,2023,12,7
230072497,Property Damage Crash,12/19/2023 07:10:00 AM,E GUDE DR,NA,SAME DIR BOTH LEFT TURN,Clear,DRY,Medium,TRAFFIC SIGNAL,NONE DETECTED,Unknown,No Apparent Injury,N/A,NOT DISTRACTED,MD,SCHOOL BUS,MAKING LEFT TURN,40,No,2020,THMS,PUSH MSDE D12,39.10628667,-77.152135,2023,12,7
230072497,Property Damage Crash,12/19/2023 07:10:00 AM,E GUDE DR,NA,SAME DIR BOTH LEFT TURN,Clear,DRY,Medium,TRAFFIC SIGNAL,NONE DETECTED,Unknown,No Apparent Injury,N/A,NOT DISTRACTED,MD,SCHOOL BUS,MAKING LEFT TURN,40,No,2012,THOM,CONV MSDEC8,39.10628667,-77.152135,2023,12,7
230072486,Property Damage Crash,12/19/2023 02:50:00 AM,CHISWELL LA,NA,OTHER,Clear,DRY,Medium,N/A,NONE DETECTED,Yes,No Apparent Injury,N/A,UNKNOWN,MD,PASSENGER CAR,MOVING CONSTANT SPEED,25,No,2022,NISSAN,ALTIMA,39.03396983,-77.018912,2023,12,2
230072435,Property Damage Crash,12/18/2023 06:07:00 PM,RIDGE RD,NA,SAME DIR REAR END,Clear,DRY,Medium,NO CONTROLS,NONE DETECTED,No,No Apparent Injury,N/A,NOT DISTRACTED,MD,OTHER,STOPPED IN TRAFFIC LANE,40,No,2006,HINO,ST,39.23948333,-77.23523,2023,12,18
230072435,Property Damage Crash,12/18/2023 06:07:00 PM,RIDGE RD,NA,SAME DIR REAR END,Clear,DRY,Medium,NO CONTROLS,NONE DETECTED,Yes,No Apparent Injury,N/A,UNKNOWN,MD,PASSENGER CAR,MOVING CONSTANT SPEED,40,No,2012,TOYOTA,COROLLA,39.23948333,-77.23523,2023,12,18
230072440,Property Damage Crash,12/18/2023 05:40:00 PM,METROPOLITAN AVE,NA,SAME DIR REAR END,Clear,DRY,Medium,NO CONTROLS,NONE DETECTED,Yes,No Apparent Injury,N/A,NOT DISTRACTED,MD,POLICE VEHICLE/NON EMERGENCY,MOVING CONSTANT SPEED,25,No,2021,DODGE,CHARGER,39.02838883,-77.07331667,2023,12,17
230072440,Property Damage Crash,12/18/2023 05:40:00 PM,METROPOLITAN AVE,NA,SAME DIR REAR END,Clear,DRY,Medium,NO CONTROLS,NONE DETECTED,No,No Apparent Injury,N/A,NOT DISTRACTED,MD,PASSENGER CAR,STOPPED IN TRAFFIC LANE,25,No,2019,TOYOTA,RAV4,39.02838883,-77.07331667,2023,12,17
230072432,Property Damage Crash,12/18/2023 05:22:00 PM,CONNECTICUT AVE,NA,OTHER,Clear,DRY,Medium,NO CONTROLS,NONE DETECTED,Yes,No Apparent Injury,N/A,NOT DISTRACTED,MD,PASSENGER CAR,MOVING CONSTANT SPEED,30,No,1998,CHEVY,ASTRO,39.05005074,-77.07519938,2023,12,17
230072432,Property Damage Crash,12/18/2023 05:22:00 PM,CONNECTICUT AVE,NA,OTHER,Clear,DRY,Medium,NO CONTROLS,NONE DETECTED,No,No Apparent Injury,N/A,NOT DISTRACTED,MD,PASSENGER CAR,MOVING CONSTANT SPEED,30,No,2016,KIA,UT,39.05005074,-77.07519938,2023,12,17
230072418,Property Damage Crash,12/18/2023 04:28:00 PM,NICHOLSON LA,NA,SAME DIRECTION SIDESWIPE,Clear,DRY,Medium,NO CONTROLS,NONE DETECTED,Yes,No Apparent Injury,N/A,NOT DISTRACTED,MD,(SPORT) UTILITY VEHICLE,CHANGING LANES,30,No,2018,AUDI,SUV,39.04481167,-77.10817333,2023,12,16
230072418,Property Damage Crash,12/18/2023 04:28:00 PM,NICHOLSON LA,NA,SAME DIRECTION SIDESWIPE,Clear,DRY,Medium,NO CONTROLS,NONE DETECTED,Yes,No Apparent Injury,N/A,NOT DISTRACTED,MD,TRANSIT BUS,ACCELERATING,30,No,2014,NABI,TBU,39.04481167,-77.10817333,2023,12,16
230072411,Injury Crash,12/18/2023 04:07:00 PM,NEW HAMPSHIRE AVE,NA,SINGLE VEHICLE,Clear,DRY,Daylight,NO CONTROLS,NONE DETECTED,Yes,No Apparent Injury,N/A,LOOKED BUT DID NOT SEE,MD,PASSENGER CAR,ACCELERATING,30,No,2007,CHEVROLET,CORVETTE,39.1505625,-77.01206617,2023,12,16
230072406,Property Damage Crash,12/18/2023 03:34:00 PM,SEVEN LOCKS RD,NA,SAME DIR REAR END,Clear,DRY,Daylight,TRAFFIC SIGNAL,NONE DETECTED,Yes,No Apparent Injury,N/A,NOT DISTRACTED,MD,PASSENGER CAR,SLOWING OR STOPPING,35,No,2023,MERZ,GLE350,39.05953,-77.16124167,2023,12,15
230072406,Property Damage Crash,12/18/2023 03:34:00 PM,SEVEN LOCKS RD,NA,SAME DIR REAR END,Clear,DRY,Daylight,TRAFFIC SIGNAL,NONE DETECTED,No,No Apparent Injury,N/A,NOT DISTRACTED,MD,PASSENGER CAR,SLOWING OR STOPPING,35,No,2020,HONDA,CRV,39.05953,-77.16124167,2023,12,15
230072403,Property Damage Crash,12/18/2023 02:52:00 PM,WATKINS RD,NA,OTHER,Cloudy,DRY,Daylight,NO CONTROLS,NONE DETECTED,No,No Apparent Injury,N/A,NOT DISTRACTED,MD,SCHOOL BUS,ACCELERATING,35,No,2017,THOMAS,SCHOOL BUS,39.23898833,-77.20931,2023,12,14
230072404,Property Damage Crash,12/18/2023 02:35:00 PM,MAIN ST,NA,SAME DIRECTION SIDESWIPE,Clear,DRY,Daylight,NO CONTROLS,NONE DETECTED,Yes,No Apparent Injury,N/A,LOOKED BUT DID NOT SEE,MD,FIRE VEHICLE/EMERGENCY,MOVING CONSTANT SPEED,25,No,2021,PIRC,PIERCE,39.12269967,-77.2385155,2023,12,14
230072391,Property Damage Crash,12/18/2023 02:30:00 PM,NA,NA,OTHER,Clear,NA,Daylight,N/A,NONE DETECTED,Yes,No Apparent Injury,N/A,UNKNOWN,MD,AMBULANCE/EMERGENCY,BACKING,5,No,2018,FRHT,TRUCK,38.97921233,-77.10042583,2023,12,14
230072393,Property Damage Crash,12/18/2023 02:11:00 PM,ARLINGTON RD,NA,ANGLE MEETS LEFT TURN,Clear,DRY,Daylight,NO CONTROLS,NONE DETECTED,Yes,No Apparent Injury,N/A,LOOKED BUT DID NOT SEE,DC,PASSENGER CAR,MAKING LEFT TURN,30,No,2019,VOLKS,JETTA,38.97897117,-77.09878983,2023,12,14
230072393,Property Damage Crash,12/18/2023 02:11:00 PM,ARLINGTON RD,NA,ANGLE MEETS LEFT TURN,Clear,DRY,Daylight,NO CONTROLS,NONE DETECTED,No,No Apparent Injury,N/A,NOT DISTRACTED,MD,PASSENGER CAR,MOVING CONSTANT SPEED,30,No,2010,BMW,528I,38.97897117,-77.09878983,2023,12,14
230072375,Injury Crash,12/18/2023 01:20:00 PM,MUNCASTER MILL RD,NA,ANGLE MEETS LEFT TURN,Cloudy,DRY,Daylight,STOP SIGN,NONE DETECTED,Yes,No Apparent Injury,N/A,LOOKED BUT DID NOT SEE,MD,PASSENGER CAR,MAKING LEFT TURN,35,No,2005,HONDA,PILOT,39.11561833,-77.09789333,2023,12,13
230072375,Injury Crash,12/18/2023 01:20:00 PM,MUNCASTER MILL RD,NA,ANGLE MEETS LEFT TURN,Cloudy,DRY,Daylight,STOP SIGN,NONE DETECTED,No,Possible Minor Injury,N/A,NOT DISTRACTED,MD,PICKUP TRUCK,MOVING CONSTANT SPEED,35,No,2017,TOYT,TK,39.11561833,-77.09789333,2023,12,13
230072375,Injury Crash,12/18/2023 01:20:00 PM,MUNCASTER MILL RD,NA,ANGLE MEETS LEFT TURN,Cloudy,DRY,Daylight,STOP SIGN,NONE DETECTED,No,No Apparent Injury,N/A,NOT DISTRACTED,MD,PASSENGER CAR,MOVING CONSTANT SPEED,35,No,2015,NISSAN,ROGUE,39.11561833,-77.09789333,2023,12,13
230072327,Property Damage Crash,12/18/2023 09:01:00 AM,NA,NA,SAME DIRECTION RIGHT TURN,Clear,NA,Daylight,NO CONTROLS,NONE DETECTED,No,No Apparent Injury,N/A,NOT DISTRACTED,MD,SCHOOL BUS,PARKED,0,No,2024,THMS,SB,39.02265767,-77.11451517,2023,12,9
230072327,Property Damage Crash,12/18/2023 09:01:00 AM,NA,NA,SAME DIRECTION RIGHT TURN,Clear,NA,Daylight,NO CONTROLS,NONE DETECTED,Yes,No Apparent Injury,N/A,NOT DISTRACTED,MD,SCHOOL BUS,PASSING,15,No,2016,THOMAS SA,FREIGHTLINER,39.02265767,-77.11451517,2023,12,9
230072320,Property Damage Crash,12/18/2023 08:45:00 AM,GEORGIA AVE,NA,HEAD ON LEFT TURN,Cloudy,WET,Daylight,NO CONTROLS,NONE DETECTED,No,No Apparent Injury,N/A,NOT DISTRACTED,MD,PASSENGER CAR,MOVING CONSTANT SPEED,30,No,2002,HONDA,CIVIC,39.14854117,-77.066948,2023,12,8
230072320,Property Damage Crash,12/18/2023 08:45:00 AM,GEORGIA AVE,NA,HEAD ON LEFT TURN,Cloudy,WET,Daylight,NO CONTROLS,NONE DETECTED,Yes,No Apparent Injury,N/A,LOOKED BUT DID NOT SEE,MD,PASSENGER CAR,ACCELERATING,30,No,2015,BUICK,ENCLAVE,39.14854117,-77.066948,2023,12,8
230072318,Injury Crash,12/18/2023 08:27:00 AM,BRADLEY BLVD,NA,STRAIGHT MOVEMENT ANGLE,Cloudy,WET,Daylight,STOP SIGN,NONE DETECTED,Yes,No Apparent Injury,"N/A, WET",LOOKED BUT DID NOT SEE,MD,(SPORT) UTILITY VEHICLE,STARTING FROM LANE,30,No,2023,HYUN,TUCSON,39.0036485,-77.137197,2023,12,8
230072318,Injury Crash,12/18/2023 08:27:00 AM,BRADLEY BLVD,NA,STRAIGHT MOVEMENT ANGLE,Cloudy,WET,Daylight,STOP SIGN,NONE DETECTED,No,Possible Minor Injury,"N/A, WET",NOT DISTRACTED,MD,PASSENGER CAR,MOVING CONSTANT SPEED,30,No,2019,CHEV,SPARX,39.0036485,-77.137197,2023,12,8
230072312,Injury Crash,12/18/2023 07:54:00 AM,E RANDOLPH RD,NA,HEAD ON,Rain,WET,Medium,N/A,NONE DETECTED,No,No Apparent Injury,"N/A, WET",NOT DISTRACTED,MD,(SPORT) UTILITY VEHICLE,MOVING CONSTANT SPEED,35,No,2022,FORD,TRANSIT CONNECT,39.06530783,-76.97868583,2023,12,7
230072312,Injury Crash,12/18/2023 07:54:00 AM,E RANDOLPH RD,NA,HEAD ON,Rain,WET,Medium,N/A,NONE DETECTED,No,No Apparent Injury,"N/A, WET",NOT DISTRACTED,MD,(SPORT) UTILITY VEHICLE,MOVING CONSTANT SPEED,35,No,2017,HONDA,PILOT,39.06530783,-76.97868583,2023,12,7
230072312,Injury Crash,12/18/2023 07:54:00 AM,E RANDOLPH RD,NA,HEAD ON,Rain,WET,Medium,N/A,NONE DETECTED,Yes,Possible Minor Injury,"N/A, WET",NOT DISTRACTED,MD,PASSENGER CAR,MOVING CONSTANT SPEED,35,No,2009,TOYOTA,COROLLA,39.06530783,-76.97868583,2023,12,7
230072312,Injury Crash,12/18/2023 07:54:00 AM,E RANDOLPH RD,NA,HEAD ON,Rain,WET,Medium,N/A,NONE DETECTED,No,No Apparent Injury,"N/A, WET",NOT DISTRACTED,MD,(SPORT) UTILITY VEHICLE,MOVING CONSTANT SPEED,35,No,2004,TOYOTA,SEQUOIA,39.06530783,-76.97868583,2023,12,7
230072312,Injury Crash,12/18/2023 07:54:00 AM,E RANDOLPH RD,NA,HEAD ON,Rain,WET,Medium,N/A,NONE DETECTED,No,No Apparent Injury,"N/A, WET",NOT DISTRACTED,GA,PASSENGER CAR,MOVING CONSTANT SPEED,35,No,2007,INFINITI,G35,39.06530783,-76.97868583,2023,12,7
230072305,Injury Crash,12/18/2023 07:07:00 AM,COLUMBIA PIKE,NA,SAME DIR REAR END,Rain,WET,Medium,TRAFFIC SIGNAL,NONE DETECTED,Yes,No Apparent Injury,"RAIN, SNOW, WET",NOT DISTRACTED,VA,PASSENGER CAR,MOVING CONSTANT SPEED,55,No,2020,HYUNDAI,ELANTRA,39.05811881,-76.9684369,2023,12,7
230072305,Injury Crash,12/18/2023 07:07:00 AM,COLUMBIA PIKE,NA,SAME DIR REAR END,Rain,WET,Medium,TRAFFIC SIGNAL,NONE DETECTED,No,Possible Minor Injury,"RAIN, SNOW, WET",NOT DISTRACTED,MD,PASSENGER CAR,SLOWING OR STOPPING,55,No,2004,LEXUS,RX330,39.05811881,-76.9684369,2023,12,7
230072300,Injury Crash,12/18/2023 05:56:00 AM,CONNECTICUT AVE,NA,STRAIGHT MOVEMENT ANGLE,Rain,WET,Medium,TRAFFIC SIGNAL,NONE DETECTED,No,Possible Minor Injury,N/A,NOT DISTRACTED,MD,STATION WAGON,MOVING CONSTANT SPEED,35,No,2006,TOYOTA,4RUNNER,39.04705833,-77.075995,2023,12,5
230072300,Injury Crash,12/18/2023 05:56:00 AM,CONNECTICUT AVE,NA,STRAIGHT MOVEMENT ANGLE,Rain,WET,Medium,TRAFFIC SIGNAL,NONE DETECTED,Yes,No Apparent Injury,N/A,LOOKED BUT DID NOT SEE,MD,VAN,MAKING LEFT TURN,35,No,2015,FORD,F250,39.04705833,-77.075995,2023,12,5
230072298,Property Damage Crash,12/18/2023 05:37:00 AM,BRIGHTON DAM RD,NA,SAME DIRECTION SIDESWIPE,Rain,WATER(STANDING/MOVING),Dark,NO CONTROLS,NONE DETECTED,Yes,No Apparent Injury,"RAIN, SNOW, WET",NOT DISTRACTED,MD,FIRE VEHICLE/NON EMERGENCY,MOVING CONSTANT SPEED,35,No,2021,SPTN,FT,39.19365166,-77.04073894,2023,12,5
230072292,Property Damage Crash,12/18/2023 02:38:00 AM,COLESVILLE RD,NA,UNKNOWN,Rain,WET,Dark,TRAFFIC SIGNAL,NONE DETECTED,Yes,No Apparent Injury,"N/A, WET",UNKNOWN,NA,PASSENGER CAR,UNKNOWN,45,No,2011,HYUN,SONATA,39.00795067,-77.01976833,2023,12,2
230072286,Property Damage Crash,12/18/2023 01:10:00 AM,EAST WEST HWY,NA,SINGLE VEHICLE,Rain,WET,Medium,NO CONTROLS,NONE DETECTED,Yes,No Apparent Injury,"RAIN, SNOW, WET",NOT DISTRACTED,MD,PASSENGER CAR,MOVING CONSTANT SPEED,35,No,2006,TOYT,HB,38.9921865,-77.05758117,2023,12,1
230072282,Property Damage Crash,12/18/2023 12:07:00 AM,CAPITAL BELTWAY,NA,SINGLE VEHICLE,Rain,WET,Medium,NO CONTROLS,NONE DETECTED,Unknown,No Apparent Injury,"RAIN, SNOW, WET",NOT DISTRACTED,VA,PASSENGER CAR,MOVING CONSTANT SPEED,55,No,2016,HYUNDAI,ACCENT,39.01450167,-77.06043383,2023,12,0
230072279,Property Damage Crash,12/17/2023 10:48:00 PM,MUNCASTER MILL RD,NA,SINGLE VEHICLE,Rain,WET,Dark,NO CONTROLS,NONE DETECTED,Yes,No Apparent Injury,"RAIN, SNOW, WET",INATTENTIVE OR LOST IN THOUGHT,MD,PASSENGER CAR,MOVING CONSTANT SPEED,40,No,2023,HONDA,CIVIC,39.13731667,-77.12841333,2023,12,22
230072276,Property Damage Crash,12/17/2023 10:46:00 PM,EISENHOWER MEMORIAL HWY,NA,SINGLE VEHICLE,Rain,WET,Medium,NO CONTROLS,NONE DETECTED,Yes,No Apparent Injury,"RAIN, SNOW, WET",NOT DISTRACTED,MD,PASSENGER CAR,MOVING CONSTANT SPEED,55,No,2002,TOYOTA,RAV4,39.19221317,-77.26011683,2023,12,22
230072273,Property Damage Crash,12/17/2023 10:19:00 PM,CAPITAL BELTWAY,NA,SAME DIR REAR END,Rain,WET,Dark,NO CONTROLS,NONE DETECTED,Yes,No Apparent Injury,"RAIN, SNOW, WET",NOT DISTRACTED,VA,PASSENGER CAR,MOVING CONSTANT SPEED,35,No,2018,LEXUS,ES350,38.9894955,-77.15726067,2023,12,22
230072273,Property Damage Crash,12/17/2023 10:19:00 PM,CAPITAL BELTWAY,NA,SAME DIR REAR END,Rain,WET,Dark,NO CONTROLS,NONE DETECTED,Unknown,No Apparent Injury,"RAIN, SNOW, WET",UNKNOWN,NA,NA,N/A,0,Unknown,0,UNKNOWN,UNKNOWN,38.9894955,-77.15726067,2023,12,22
230072275,Property Damage Crash,12/17/2023 10:14:00 PM,OLD GEORGETOWN RD,NA,SINGLE VEHICLE,Rain,WET,Medium,TRAFFIC SIGNAL,NONE DETECTED,Yes,No Apparent Injury,"RAIN, SNOW, WET",NOT DISTRACTED,MD,PASSENGER CAR,MOVING CONSTANT SPEED,35,No,2014,TOYOTA,CAMRY,38.99181,-77.09802167,2023,12,22
230072270,Property Damage Crash,12/17/2023 10:08:00 PM,EISENHOWER MEMORIAL HWY,NA,SAME DIR REAR END,Rain,WET,Medium,NO CONTROLS,NONE DETECTED,No,No Apparent Injury,"RAIN, SNOW, WET",NOT DISTRACTED,NA,PASSENGER CAR,MOVING CONSTANT SPEED,55,No,2005,MAZDA,3,39.13923073,-77.21231765,2023,12,22
230072270,Property Damage Crash,12/17/2023 10:08:00 PM,EISENHOWER MEMORIAL HWY,NA,SAME DIR REAR END,Rain,WET,Medium,NO CONTROLS,NONE DETECTED,Yes,No Apparent Injury,"RAIN, SNOW, WET",NOT DISTRACTED,MD,PASSENGER CAR,SKIDDING,55,No,2022,MAZD,3,39.13923073,-77.21231765,2023,12,22
230072269,Property Damage Crash,12/17/2023 10:07:00 PM,OLD GEORGETOWN RD,NA,SINGLE VEHICLE,Rain,WET,Medium,TRAFFIC SIGNAL,NONE DETECTED,Yes,No Apparent Injury,"V WIPERS|W OTHER ENVIRONMENTAL, WET",LOOKED BUT DID NOT SEE,MD,PASSENGER CAR,MOVING CONSTANT SPEED,40,No,2013,MERZ,E CLASS,39.14587,-77.14686,2023,12,22
230072266,Property Damage Crash,12/17/2023 09:20:00 PM,NEW HAMPSHIRE AVE,NA,SAME DIRECTION RIGHT TURN,Rain,WET,Medium,N/A,NONE DETECTED,No,No Apparent Injury,"N/A, RAIN, SNOW",NOT DISTRACTED,DC,(SPORT) UTILITY VEHICLE,MOVING CONSTANT SPEED,35,No,2021,MAZDA,UT,39.02300164,-76.97796489,2023,12,21
230072266,Property Damage Crash,12/17/2023 09:20:00 PM,NEW HAMPSHIRE AVE,NA,SAME DIRECTION RIGHT TURN,Rain,WET,Medium,N/A,NONE DETECTED,Yes,No Apparent Injury,"N/A, RAIN, SNOW",UNKNOWN,NA,PICKUP TRUCK,CHANGING LANES,35,No,2018,FORD,TK,39.02300164,-76.97796489,2023,12,21
230072639,Property Damage Crash,12/17/2023 09:00:00 PM,TARA RD,NA,SINGLE VEHICLE,Rain,WET,Dark,NO CONTROLS,NONE DETECTED,Yes,No Apparent Injury,"RAIN, SNOW, WET",NOT DISTRACTED,MD,PASSENGER CAR,SKIDDING,25,No,2021,VOLK,ATLAS,39.03788832,-77.22738978,2023,12,21
230072263,Property Damage Crash,12/17/2023 08:52:00 PM,CLARKSBURG RD,NA,SINGLE VEHICLE,Rain,WET,Dark,NO CONTROLS,NONE DETECTED,Yes,No Apparent Injury,"SLEET, HAIL, FREEZ. RAIN, WET",NOT DISTRACTED,MD,PASSENGER CAR,NEGOTIATING A CURVE,55,No,2022,SUBARU,IMPREZA,39.23092833,-77.28293167,2023,12,20
230072430,Property Damage Crash,12/17/2023 07:00:00 PM,W DIAMOND AVE,NA,SAME DIRECTION SIDESWIPE,Clear,UNKNOWN,Medium,TRAFFIC SIGNAL,NONE DETECTED,No,No Apparent Injury,N/A,NOT DISTRACTED,MD,PASSENGER CAR,MOVING CONSTANT SPEED,35,No,2013,HYUNDAI,ELANTRA,39.14057823,-77.21079076,2023,12,19
230072430,Property Damage Crash,12/17/2023 07:00:00 PM,W DIAMOND AVE,NA,SAME DIRECTION SIDESWIPE,Clear,UNKNOWN,Medium,TRAFFIC SIGNAL,NONE DETECTED,Yes,No Apparent Injury,N/A,UNKNOWN,NA,PASSENGER CAR,MAKING RIGHT TURN,35,No,2009,CADILLAC,4D,39.14057823,-77.21079076,2023,12,19
230072252,Property Damage Crash,12/17/2023 06:41:00 PM,GREAT SENECA HWY,NA,SAME DIR REAR END,Rain,WET,Medium,NO CONTROLS,NONE DETECTED,Yes,No Apparent Injury,"RAIN, SNOW, WET",UNKNOWN,NA,NA,MOVING CONSTANT SPEED,50,No,0,UNKNOWN,UNKNOWN,39.11228226,-77.2215796,2023,12,18
230072252,Property Damage Crash,12/17/2023 06:41:00 PM,GREAT SENECA HWY,NA,SAME DIR REAR END,Rain,WET,Medium,NO CONTROLS,NONE DETECTED,No,No Apparent Injury,"RAIN, SNOW, WET",NOT DISTRACTED,MD,PASSENGER CAR,MOVING CONSTANT SPEED,50,No,2020,VOLV,SD,39.11228226,-77.2215796,2023,12,18
230072243,Injury Crash,12/17/2023 05:43:00 PM,GEORGIA AVE,PEDESTRIAN,STRAIGHT MOVEMENT ANGLE,Rain,WET,Medium,TRAFFIC SIGNAL,NONE DETECTED,Yes,No Apparent Injury,"N/A, WET",NOT DISTRACTED,MD,PASSENGER CAR,MAKING LEFT TURN,35,No,2015,TOYOTA,COROLLA,38.99589921,-77.02818753,2023,12,17
230072237,Property Damage Crash,12/17/2023 05:20:00 PM,W MONTGOMERY AVE,NA,SINGLE VEHICLE,Rain,WET,Medium,TRAFFIC SIGNAL,NONE DETECTED,Yes,No Apparent Injury,"N/A, WET",LOOKED BUT DID NOT SEE,MD,PASSENGER CAR,MOVING CONSTANT SPEED,30,No,2004,TOYT,SD,39.08931548,-77.17774091,2023,12,17
230072236,Property Damage Crash,12/17/2023 04:56:00 PM,WOOTTON PKWY,NA,OTHER,Rain,WET,Medium,NO CONTROLS,NONE DETECTED,Yes,No Apparent Injury,"N/A, WET",NOT DISTRACTED,MD,PASSENGER CAR,MAKING U TURN,35,No,2022,LEXS,UT,39.07032108,-77.17210968,2023,12,16
230072236,Property Damage Crash,12/17/2023 04:56:00 PM,WOOTTON PKWY,NA,OTHER,Rain,WET,Medium,NO CONTROLS,NONE DETECTED,No,No Apparent Injury,"N/A, WET",NOT DISTRACTED,MD,TRANSIT BUS,MOVING CONSTANT SPEED,35,No,2017,GILG,BU,39.07032108,-77.17210968,2023,12,16
230072238,Property Damage Crash,12/17/2023 04:54:00 PM,SEVEN LOCKS RD,NA,STRAIGHT MOVEMENT ANGLE,Rain,WET,Medium,STOP SIGN,NONE DETECTED,Yes,No Apparent Injury,N/A,UNKNOWN,MD,PASSENGER CAR,MAKING LEFT TURN,25,No,2006,VOLVO,S60,39.04253326,-77.15953356,2023,12,16
230072238,Property Damage Crash,12/17/2023 04:54:00 PM,SEVEN LOCKS RD,NA,STRAIGHT MOVEMENT ANGLE,Rain,WET,Medium,STOP SIGN,NONE DETECTED,No,No Apparent Injury,N/A,NOT DISTRACTED,MD,PASSENGER CAR,STOPPED IN TRAFFIC LANE,35,No,2009,SUBARU,OUTBACK,39.04253326,-77.15953356,2023,12,16
230072238,Property Damage Crash,12/17/2023 04:54:00 PM,SEVEN LOCKS RD,NA,STRAIGHT MOVEMENT ANGLE,Rain,WET,Medium,STOP SIGN,NONE DETECTED,No,No Apparent Injury,N/A,NOT DISTRACTED,MD,PASSENGER CAR,MOVING CONSTANT SPEED,35,No,2016,CHEVROLET,IMPALA,39.04253326,-77.15953356,2023,12,16