Local Case Number,ACRS Report Type,Crash Date/Time,Road Name,Related Non-Motorist,Collision Type,Weather,Surface Condition,Light,Traffic Control,Driver Substance Abuse,Driver At Fault,Injury Severity,Circumstance,Driver Distracted By,Drivers License State,Vehicle Body Type,Vehicle Movement,Speed Limit,Driverless Vehicle,Vehicle Year,Vehicle Make,Vehicle Model,Latitude,Longitude,Year,Month,Hour
230072234,Injury Crash,12/17/2023 04:49:00 PM,GEORGIA AVE,BICYCLIST,OTHER,Rain,WET,Medium,TRAFFIC SIGNAL,NONE DETECTED,Yes,No Apparent Injury,N/A,LOOKED BUT DID NOT SEE,DC,PASSENGER CAR,MAKING RIGHT TURN,35,No,2016,TOYOTA,COROLLA,38.98484527,-77.02658531,2023,12,16
230072240,Property Damage Crash,12/17/2023 04:35:00 PM,MONTROSE PKWY,NA,SAME DIR REAR END,Rain,WET,Medium,NO CONTROLS,NONE DETECTED,Yes,No Apparent Injury,"N/A, WET",NOT DISTRACTED,MD,PICKUP TRUCK,SLOWING OR STOPPING,35,No,2014,TOYT,TUNDRA,39.05079559,-77.12824749,2023,12,16
230072240,Property Damage Crash,12/17/2023 04:35:00 PM,MONTROSE PKWY,NA,SAME DIR REAR END,Rain,WET,Medium,NO CONTROLS,NONE DETECTED,No,No Apparent Injury,"N/A, WET",NOT DISTRACTED,MD,PASSENGER CAR,SLOWING OR STOPPING,35,No,2021,MERC,4S,39.05079559,-77.12824749,2023,12,16
230072240,Property Damage Crash,12/17/2023 04:35:00 PM,MONTROSE PKWY,NA,SAME DIR REAR END,Rain,WET,Medium,NO CONTROLS,NONE DETECTED,No,No Apparent Injury,"N/A, WET",NOT DISTRACTED,NJ,PASSENGER CAR,SLOWING OR STOPPING,35,No,2007,TOYT,CAMARY,39.05079559,-77.12824749,2023,12,16
230072240,Property Damage Crash,12/17/2023 04:35:00 PM,MONTROSE PKWY,NA,SAME DIR REAR END,Rain,WET,Medium,NO CONTROLS,NONE DETECTED,No,No Apparent Injury,"N/A, WET",NOT DISTRACTED,MD,PICKUP TRUCK,SLOWING OR STOPPING,35,No,1993,MAZD,PK,39.05079559,-77.12824749,2023,12,16
230072240,Property Damage Crash,12/17/2023 04:35:00 PM,MONTROSE PKWY,NA,SAME DIR REAR END,Rain,WET,Medium,NO CONTROLS,NONE DETECTED,No,No Apparent Injury,"N/A, WET",NOT DISTRACTED,MD,(SPORT) UTILITY VEHICLE,SLOWING OR STOPPING,35,No,2016,HONDA,4S,39.05079559,-77.12824749,2023,12,16
230072235,Property Damage Crash,12/17/2023 03:45:00 PM,RANDOLPH RD,NA,SAME DIRECTION SIDESWIPE,Rain,WET,Daylight,NO CONTROLS,NONE DETECTED,Yes,No Apparent Injury,"RAIN, SNOW, WET",UNKNOWN,NA,PASSENGER CAR,MOVING CONSTANT SPEED,40,No,2017,TOYOTA,COROLLA,39.05365363,-77.10201768,2023,12,15
230072235,Property Damage Crash,12/17/2023 03:45:00 PM,RANDOLPH RD,NA,SAME DIRECTION SIDESWIPE,Rain,WET,Daylight,NO CONTROLS,NONE DETECTED,No,No Apparent Injury,"RAIN, SNOW, WET",NOT DISTRACTED,MD,PASSENGER CAR,MOVING CONSTANT SPEED,40,No,2016,VOLKSWAGEN,4S,39.05365363,-77.10201768,2023,12,15
230072217,Property Damage Crash,12/17/2023 03:05:00 PM,BRIGGS CHANEY RD,NA,ANGLE MEETS LEFT TURN,Cloudy,WET,Daylight,TRAFFIC SIGNAL,NONE DETECTED,Unknown,No Apparent Injury,"N/A, WET",LOOKED BUT DID NOT SEE,MD,PASSENGER CAR,MAKING LEFT TURN,30,No,2023,TESLA,MODEL 3,39.08290083,-76.94803183,2023,12,15
230072217,Property Damage Crash,12/17/2023 03:05:00 PM,BRIGGS CHANEY RD,NA,ANGLE MEETS LEFT TURN,Cloudy,WET,Daylight,TRAFFIC SIGNAL,NONE DETECTED,Unknown,No Apparent Injury,"N/A, WET",NOT DISTRACTED,MD,PASSENGER CAR,MOVING CONSTANT SPEED,30,No,2015,TOYOTA,PRIUS,39.08290083,-76.94803183,2023,12,15
230072214,Property Damage Crash,12/17/2023 02:36:00 PM,MCKNEW RD,NA,OTHER,Rain,WET,Daylight,NO CONTROLS,NONE DETECTED,Yes,No Apparent Injury,"RAIN, SNOW, WET",NOT DISTRACTED,MD,PASSENGER CAR,SKIDDING,25,No,2005,TOYOTA,CAMRY,39.10097317,-76.92415333,2023,12,14
230072213,Injury Crash,12/17/2023 02:23:00 PM,RANDOLPH RD,NA,HEAD ON LEFT TURN,Rain,WET,Daylight,NO CONTROLS,NONE DETECTED,Yes,No Apparent Injury,N/A,NOT DISTRACTED,MD,RECREATIONAL VEHICLE,MAKING LEFT TURN,35,No,2016,ACURA,RDX,39.10663917,-77.16909783,2023,12,14
230072213,Injury Crash,12/17/2023 02:23:00 PM,RANDOLPH RD,NA,HEAD ON LEFT TURN,Rain,WET,Daylight,NO CONTROLS,NONE DETECTED,No,Possible Minor Injury,N/A,NOT DISTRACTED,MD,(SPORT) UTILITY VEHICLE,MOVING CONSTANT SPEED,35,No,2020,TOYOTA,SIENAA,39.10663917,-77.16909783,2023,12,14
230072198,Property Damage Crash,12/17/2023 12:50:00 PM,PHILADELPHIA AVE,NA,SAME DIR REAR END,Rain,WET,Daylight,TRAFFIC SIGNAL,NONE DETECTED,No,No Apparent Injury,"RAIN, SNOW, WET",NOT DISTRACTED,MD,PASSENGER CAR,MOVING CONSTANT SPEED,30,No,2016,MAZD,4S,38.98507615,-77.01902744,2023,12,12
230072198,Property Damage Crash,12/17/2023 12:50:00 PM,PHILADELPHIA AVE,NA,SAME DIR REAR END,Rain,WET,Daylight,TRAFFIC SIGNAL,NONE DETECTED,Yes,No Apparent Injury,"RAIN, SNOW, WET",UNKNOWN,NA,PASSENGER CAR,PASSING,30,No,2018,TOYOTA,RAV4,38.98507615,-77.01902744,2023,12,12
240000009,Property Damage Crash,12/17/2023 12:00:00 PM,NA,NA,SINGLE VEHICLE,Clear,NA,Dark,NO CONTROLS,NONE DETECTED,Unknown,No Apparent Injury,N/A,LOOKED BUT DID NOT SEE,MD,(SPORT) UTILITY VEHICLE,BACKING,25,No,2018,CHEVROLET,TAHOE,39.04314354,-77.11224617,2023,12,12
230072191,Injury Crash,12/17/2023 11:41:00 AM,GEORGIA AVE,NA,STRAIGHT MOVEMENT ANGLE,Cloudy,DRY,Daylight,STOP SIGN,NONE DETECTED,Yes,Possible Minor Injury,N/A,LOOKED BUT DID NOT SEE,MD,PASSENGER CAR,MAKING LEFT TURN,35,No,2018,JEEP,GRAN CHEROKEE,39.07827833,-77.07192667,2023,12,11
230072191,Injury Crash,12/17/2023 11:41:00 AM,GEORGIA AVE,NA,STRAIGHT MOVEMENT ANGLE,Cloudy,DRY,Daylight,STOP SIGN,NONE DETECTED,Yes,Possible Minor Injury,N/A,NOT DISTRACTED,MD,PASSENGER CAR,MOVING CONSTANT SPEED,35,No,2019,HONDA,HRV,39.07827833,-77.07192667,2023,12,11
230072183,Property Damage Crash,12/17/2023 11:15:00 AM,ELTON RD,NA,STRAIGHT MOVEMENT ANGLE,Cloudy,N/A,Daylight,N/A,NONE DETECTED,Yes,No Apparent Injury,N/A,LOOKED BUT DID NOT SEE,MD,(SPORT) UTILITY VEHICLE,MAKING LEFT TURN,25,No,2012,VOLK,WG,39.01982,-76.97445983,2023,12,11
230072183,Property Damage Crash,12/17/2023 11:15:00 AM,ELTON RD,NA,STRAIGHT MOVEMENT ANGLE,Cloudy,N/A,Daylight,N/A,NONE DETECTED,No,No Apparent Injury,N/A,NOT DISTRACTED,MD,(SPORT) UTILITY VEHICLE,MOVING CONSTANT SPEED,25,No,2019,HOND,UT,39.01982,-76.97445983,2023,12,11
230072145,Injury Crash,12/17/2023 04:09:00 AM,NEW HAMPSHIRE AVE,NA,SINGLE VEHICLE,Cloudy,WET,Dark,NO CONTROLS,NONE DETECTED,Yes,Suspected Serious Injury,"N/A, WET",NOT DISTRACTED,MD,PASSENGER CAR,MOVING CONSTANT SPEED,35,No,2020,TOYT,CAMRY,39.16653147,-77.01543467,2023,12,4
230072140,Property Damage Crash,12/17/2023 02:39:00 AM,ADELPHI RD,NA,SAME DIRECTION LEFT TURN,Clear,DRY,Medium,OTHER,NONE DETECTED,No,No Apparent Injury,N/A,NOT DISTRACTED,MD,PASSENGER CAR,MOVING CONSTANT SPEED,35,No,2020,HONDA,ACCORD,39.0112225,-76.977657,2023,12,2
230072140,Property Damage Crash,12/17/2023 02:39:00 AM,ADELPHI RD,NA,SAME DIRECTION LEFT TURN,Clear,DRY,Medium,OTHER,ALCOHOL PRESENT,Yes,No Apparent Injury,N/A,UNKNOWN,MD,PASSENGER CAR,STARTING FROM PARKED,35,No,2012,ACURA,MDX,39.0112225,-76.977657,2023,12,2
230072138,Property Damage Crash,12/17/2023 02:06:00 AM,COLUMBIA PIKE,NA,SINGLE VEHICLE,Clear,DRY,Medium,NO CONTROLS,NONE DETECTED,Yes,No Apparent Injury,N/A,NOT DISTRACTED,MD,PASSENGER CAR,MOVING CONSTANT SPEED,35,No,2016,HYUNDAI,SONATA,39.08421,-76.94732,2023,12,2
230072133,Property Damage Crash,12/17/2023 01:21:00 AM,FLOWER HILL WAY,NA,STRAIGHT MOVEMENT ANGLE,Cloudy,N/A,Medium,FLASHING TRAFFIC SIGNAL,NONE DETECTED,Yes,No Apparent Injury,"N/A, V WIPERS|W OTHER ENVIRONMENTAL",NOT DISTRACTED,MD,PASSENGER CAR,STARTING FROM LANE,25,No,2018,SUBA,UT,39.15631783,-77.16561717,2023,12,1
230072133,Property Damage Crash,12/17/2023 01:21:00 AM,FLOWER HILL WAY,NA,STRAIGHT MOVEMENT ANGLE,Cloudy,N/A,Medium,FLASHING TRAFFIC SIGNAL,NONE DETECTED,No,No Apparent Injury,"N/A, V WIPERS|W OTHER ENVIRONMENTAL",NOT DISTRACTED,MD,PASSENGER CAR,MOVING CONSTANT SPEED,35,No,2015,HONDA,SD,39.15631783,-77.16561717,2023,12,1
230072719,Property Damage Crash,12/17/2023 12:15:00 AM,FREDALE ST,NA,OTHER,Clear,DRY,Dark,NO CONTROLS,ALCOHOL PRESENT,Yes,No Apparent Injury,N/A,UNKNOWN,MD,PASSENGER CAR,MOVING CONSTANT SPEED,25,No,2020,TOYOTA,COROLLA,39.06157136,-77.06950871,2023,12,0
230072008,Property Damage Crash,12/16/2023 11:37:00 PM,TRAVILAH RD,NA,SAME DIR REAR END,Clear,DRY,Medium,TRAFFIC SIGNAL,NONE DETECTED,No,No Apparent Injury,N/A,NOT DISTRACTED,MD,(SPORT) UTILITY VEHICLE,STOPPED IN TRAFFIC LANE,30,No,2015,SUBARU,SW,39.096052,-77.20695033,2023,12,23
230072008,Property Damage Crash,12/16/2023 11:37:00 PM,TRAVILAH RD,NA,SAME DIR REAR END,Clear,DRY,Medium,TRAFFIC SIGNAL,NONE DETECTED,Yes,No Apparent Injury,N/A,LOOKED BUT DID NOT SEE,MD,(SPORT) UTILITY VEHICLE,SLOWING OR STOPPING,30,No,2008,TOYOTA,RAV 4,39.096052,-77.20695033,2023,12,23
230072120,Property Damage Crash,12/16/2023 11:08:00 PM,DALEWOOD DR,NA,STRAIGHT MOVEMENT ANGLE,Clear,DRY,Medium,TRAFFIC SIGNAL,NONE DETECTED,No,No Apparent Injury,N/A,NOT DISTRACTED,MD,PASSENGER CAR,MOVING CONSTANT SPEED,25,No,2020,TOYOTA,COROLLA,39.059055,-77.068795,2023,12,23
230072120,Property Damage Crash,12/16/2023 11:08:00 PM,DALEWOOD DR,NA,STRAIGHT MOVEMENT ANGLE,Clear,DRY,Medium,TRAFFIC SIGNAL,NONE DETECTED,Yes,No Apparent Injury,N/A,NOT DISTRACTED,MD,PASSENGER CAR,MAKING LEFT TURN,25,No,2010,HYUNDAI,ELANTRA,39.059055,-77.068795,2023,12,23
230072110,Property Damage Crash,12/16/2023 09:09:00 PM,LOCKWOOD DR,NA,SAME DIRECTION LEFT TURN,Clear,DRY,Medium,TRAFFIC SIGNAL,NONE DETECTED,No,No Apparent Injury,N/A,NOT DISTRACTED,PA,PASSENGER CAR,MOVING CONSTANT SPEED,35,No,2005,NISSAN,MURANO,39.03988467,-76.990933,2023,12,21
230072110,Property Damage Crash,12/16/2023 09:09:00 PM,LOCKWOOD DR,NA,SAME DIRECTION LEFT TURN,Clear,DRY,Medium,TRAFFIC SIGNAL,NONE DETECTED,Yes,No Apparent Injury,N/A,INATTENTIVE OR LOST IN THOUGHT,DC,PASSENGER CAR,MOVING CONSTANT SPEED,35,No,2023,HYUNDAI,SANTA FE,39.03988467,-76.990933,2023,12,21
230072097,Property Damage Crash,12/16/2023 06:59:00 PM,NA,NA,SINGLE VEHICLE,Clear,NA,Medium,N/A,NONE DETECTED,Yes,No Apparent Injury,N/A,UNKNOWN,MD,PASSENGER CAR,STARTING FROM PARKED,5,No,2016,TOYOTA,COROLLA,39.03097569,-77.00411259,2023,12,18
230072099,Property Damage Crash,12/16/2023 06:54:00 PM,RUATAN ST,NA,STRAIGHT MOVEMENT ANGLE,Clear,DRY,Medium,STOP SIGN,NONE DETECTED,Unknown,No Apparent Injury,N/A,NOT DISTRACTED,MD,PASSENGER CAR,MOVING CONSTANT SPEED,25,No,2016,HONDA,SEDAN,38.99999667,-76.98560167,2023,12,18
230072099,Property Damage Crash,12/16/2023 06:54:00 PM,RUATAN ST,NA,STRAIGHT MOVEMENT ANGLE,Clear,DRY,Medium,STOP SIGN,NONE DETECTED,Yes,No Apparent Injury,N/A,LOOKED BUT DID NOT SEE,MD,(SPORT) UTILITY VEHICLE,MAKING LEFT TURN,25,No,2017,TOYOTA,RAV4,38.99999667,-76.98560167,2023,12,18
230072104,Property Damage Crash,12/16/2023 06:45:00 PM,COLUMBIA PIKE,NA,SAME DIR REAR END,Clear,DRY,Medium,TRAFFIC SIGNAL,NONE DETECTED,No,No Apparent Injury,N/A,NOT DISTRACTED,MD,PASSENGER CAR,STOPPED IN TRAFFIC LANE,50,No,2016,CHRY,4S,39.10388517,-76.93324917,2023,12,18
230072104,Property Damage Crash,12/16/2023 06:45:00 PM,COLUMBIA PIKE,NA,SAME DIR REAR END,Clear,DRY,Medium,TRAFFIC SIGNAL,NONE DETECTED,Yes,No Apparent Injury,N/A,LOOKED BUT DID NOT SEE,MD,PASSENGER CAR,SLOWING OR STOPPING,50,No,2019,CHEV,TK,39.10388517,-76.93324917,2023,12,18
230072095,Property Damage Crash,12/16/2023 06:38:00 PM,LITTLE SENECA PKWY,NA,SINGLE VEHICLE,Clear,DRY,Medium,NO CONTROLS,NONE DETECTED,Yes,No Apparent Injury,N/A,INATTENTIVE OR LOST IN THOUGHT,MD,PASSENGER CAR,MOVING CONSTANT SPEED,30,No,2018,KIA,2S,39.21750333,-77.267535,2023,12,18
230072087,Injury Crash,12/16/2023 05:54:00 PM,ROCKVILLE PIKE,NA,STRAIGHT MOVEMENT ANGLE,Clear,DRY,Medium,TRAFFIC SIGNAL,NONE DETECTED,Yes,No Apparent Injury,N/A,NOT DISTRACTED,MD,PASSENGER CAR,MAKING LEFT TURN,35,No,2007,NISSAN,SUV,39.06687467,-77.12827353,2023,12,17
230072087,Injury Crash,12/16/2023 05:54:00 PM,ROCKVILLE PIKE,NA,STRAIGHT MOVEMENT ANGLE,Clear,DRY,Medium,TRAFFIC SIGNAL,NONE DETECTED,No,No Apparent Injury,N/A,NOT DISTRACTED,XX,PASSENGER CAR,MOVING CONSTANT SPEED,35,No,2009,NISSAN,SW,39.06687467,-77.12827353,2023,12,17
230072086,Property Damage Crash,12/16/2023 05:30:00 PM,FREDERICK RD,NA,STRAIGHT MOVEMENT ANGLE,Clear,DRY,Medium,TRAFFIC SIGNAL,NONE DETECTED,No,No Apparent Injury,N/A,NOT DISTRACTED,MD,(SPORT) UTILITY VEHICLE,MOVING CONSTANT SPEED,40,No,2014,JEEP,GRAND CHEROKEE,39.17552371,-77.23801416,2023,12,17
230072086,Property Damage Crash,12/16/2023 05:30:00 PM,FREDERICK RD,NA,STRAIGHT MOVEMENT ANGLE,Clear,DRY,Medium,TRAFFIC SIGNAL,NONE DETECTED,Yes,No Apparent Injury,N/A,UNKNOWN,MD,(SPORT) UTILITY VEHICLE,MAKING LEFT TURN,40,No,2016,MERCEDES,GLC,39.17552371,-77.23801416,2023,12,17
230072068,Property Damage Crash,12/16/2023 03:03:00 PM,NORBECK RD,NA,SAME DIR REAR END,Clear,DRY,Daylight,NO CONTROLS,NONE DETECTED,Yes,No Apparent Injury,"ANIMAL, N/A",UNKNOWN,MD,"OTHER LIGHT TRUCKS (10,000LBS (4,536KG) OR LESS)",MOVING CONSTANT SPEED,35,No,2019,CHEVROLET,G3500,39.12092433,-77.01462783,2023,12,15
230072068,Property Damage Crash,12/16/2023 03:03:00 PM,NORBECK RD,NA,SAME DIR REAR END,Clear,DRY,Daylight,NO CONTROLS,NONE DETECTED,No,No Apparent Injury,"ANIMAL, N/A",UNKNOWN,MD,PASSENGER CAR,SLOWING OR STOPPING,35,No,2016,HONDA,CIVIC,39.12092433,-77.01462783,2023,12,15
230072059,Injury Crash,12/16/2023 01:40:00 PM,WESTLAKE TERR,NA,OTHER,Clear,DRY,Daylight,N/A,NONE DETECTED,No,No Apparent Injury,N/A,NOT DISTRACTED,MN,PASSENGER CAR,MOVING CONSTANT SPEED,35,No,2016,FORD,FUSION,39.026697,-77.151229,2023,12,13
230072059,Injury Crash,12/16/2023 01:40:00 PM,WESTLAKE TERR,NA,OTHER,Clear,DRY,Daylight,N/A,NONE DETECTED,Yes,Possible Minor Injury,N/A,LOOKED BUT DID NOT SEE,DC,PASSENGER CAR,STARTING FROM PARKED,35,No,2008,TOYOTA,COROLLA,39.026697,-77.151229,2023,12,13
230072069,Property Damage Crash,12/16/2023 01:30:00 PM,GEORGIA AVE,NA,SAME DIR REAR END,Clear,DRY,Daylight,TRAFFIC SIGNAL,NONE DETECTED,No,No Apparent Injury,N/A,NOT DISTRACTED,MD,PASSENGER CAR,STOPPED IN TRAFFIC LANE,35,No,2015,HONDA,VN,39.103765,-77.07648281,2023,12,13
230072069,Property Damage Crash,12/16/2023 01:30:00 PM,GEORGIA AVE,NA,SAME DIR REAR END,Clear,DRY,Daylight,TRAFFIC SIGNAL,NONE DETECTED,Yes,No Apparent Injury,N/A,UNKNOWN,MD,PASSENGER CAR,SLOWING OR STOPPING,35,No,2002,CHEVROLET,VENTURE,39.103765,-77.07648281,2023,12,13
230072050,Injury Crash,12/16/2023 12:36:00 PM,GERMANTOWN RD,BICYCLIST,STRAIGHT MOVEMENT ANGLE,Clear,DRY,Daylight,TRAFFIC SIGNAL,NONE DETECTED,No,No Apparent Injury,N/A,NOT DISTRACTED,MD,PASSENGER CAR,MOVING CONSTANT SPEED,35,No,2010,TOYT,PRIUS,39.17877577,-77.26718974,2023,12,12
230072041,Property Damage Crash,12/16/2023 10:10:00 AM,COLUMBIA PIKE,NA,SAME DIRECTION RIGHT TURN,Clear,DRY,Daylight,NO CONTROLS,NONE DETECTED,No,No Apparent Injury,N/A,NOT DISTRACTED,MD,PASSENGER CAR,MOVING CONSTANT SPEED,35,No,2015,NISSAN,ROGUE,39.1041937,-76.93303341,2023,12,10
230072041,Property Damage Crash,12/16/2023 10:10:00 AM,COLUMBIA PIKE,NA,SAME DIRECTION RIGHT TURN,Clear,DRY,Daylight,NO CONTROLS,NONE DETECTED,Yes,No Apparent Injury,N/A,UNKNOWN,NA,PASSENGER CAR,CHANGING LANES,35,No,2010,HONDA,CIVIC,39.1041937,-76.93303341,2023,12,10
230072028,Property Damage Crash,12/16/2023 09:00:00 AM,MONTGOMERY VILLAGE AVE,NA,STRAIGHT MOVEMENT ANGLE,Clear,DRY,Daylight,NO CONTROLS,NONE DETECTED,Yes,No Apparent Injury,N/A,LOOKED BUT DID NOT SEE,MD,PASSENGER CAR,ACCELERATING,35,No,2016,HONDA,CIVIC,39.15470837,-77.20901088,2023,12,9
230072028,Property Damage Crash,12/16/2023 09:00:00 AM,MONTGOMERY VILLAGE AVE,NA,STRAIGHT MOVEMENT ANGLE,Clear,DRY,Daylight,NO CONTROLS,NONE DETECTED,No,No Apparent Injury,N/A,NOT DISTRACTED,MD,PASSENGER CAR,MOVING CONSTANT SPEED,35,No,2013,HYUNDAI,SONATA,39.15470837,-77.20901088,2023,12,9
230072022,Injury Crash,12/16/2023 07:02:00 AM,COLUMBIA PIKE,NA,HEAD ON LEFT TURN,Clear,DRY,Medium,TRAFFIC SIGNAL,NONE DETECTED,Yes,Possible Minor Injury,N/A,NOT DISTRACTED,MD,PASSENGER CAR,MAKING LEFT TURN,55,No,2007,TOYOTA,CAMRY,39.10410467,-76.93306567,2023,12,7
230072022,Injury Crash,12/16/2023 07:02:00 AM,COLUMBIA PIKE,NA,HEAD ON LEFT TURN,Clear,DRY,Medium,TRAFFIC SIGNAL,NONE DETECTED,No,No Apparent Injury,N/A,NOT DISTRACTED,MD,PASSENGER CAR,MOVING CONSTANT SPEED,55,No,2022,FORD,BRONCO,39.10410467,-76.93306567,2023,12,7
230072016,Property Damage Crash,12/16/2023 01:18:00 AM,CORDELL AVE,NA,HEAD ON,Clear,DRY,Medium,STOP SIGN,NONE DETECTED,No,No Apparent Injury,N/A,NOT DISTRACTED,MD,PASSENGER CAR,PARKED,25,No,2016,AUDI,Q8,38.98942982,-77.09812666,2023,12,1
230072016,Property Damage Crash,12/16/2023 01:18:00 AM,CORDELL AVE,NA,HEAD ON,Clear,DRY,Medium,STOP SIGN,ALCOHOL PRESENT,Yes,No Apparent Injury,N/A,NOT DISTRACTED,MD,PASSENGER CAR,MOVING CONSTANT SPEED,25,No,2023,TESLA,MODEL Y,38.98942982,-77.09812666,2023,12,1
230072015,Property Damage Crash,12/16/2023 01:03:00 AM,NA,NA,SINGLE VEHICLE,Clear,NA,Medium,NO CONTROLS,NONE DETECTED,Yes,No Apparent Injury,N/A,UNKNOWN,NA,PASSENGER CAR,UNKNOWN,5,No,2015,NISSAN,ALTIMA,38.99162048,-77.02681504,2023,12,1
230072013,Property Damage Crash,12/16/2023 12:49:00 AM,COLUMBIA PIKE,NA,SAME DIR REAR END,Clear,DRY,Medium,TRAFFIC SIGNAL,NONE DETECTED,No,No Apparent Injury,N/A,NOT DISTRACTED,MD,(SPORT) UTILITY VEHICLE,STOPPED IN TRAFFIC LANE,50,No,2021,CHEV,UT,39.0579425,-76.96841721,2023,12,0
230072013,Property Damage Crash,12/16/2023 12:49:00 AM,COLUMBIA PIKE,NA,SAME DIR REAR END,Clear,DRY,Medium,TRAFFIC SIGNAL,ALCOHOL PRESENT,Yes,No Apparent Injury,N/A,UNKNOWN,XX,PASSENGER CAR,UNKNOWN,50,No,2006,FORD,MUSTANG,39.0579425,-76.96841721,2023,12,0
230072003,Property Damage Crash,12/15/2023 10:58:00 PM,7300 NEW HAMPSHIRE VE,NA,STRAIGHT MOVEMENT ANGLE,Clear,DRY,Medium,TRAFFIC SIGNAL,NONE DETECTED,Yes,No Apparent Injury,N/A,UNKNOWN,XX,PASSENGER CAR,MOVING CONSTANT SPEED,35,No,2014,NISSAN,ROGUE,38.98152096,-76.98885099,2023,12,22
230072003,Property Damage Crash,12/15/2023 10:58:00 PM,7300 NEW HAMPSHIRE VE,NA,STRAIGHT MOVEMENT ANGLE,Clear,DRY,Medium,TRAFFIC SIGNAL,NONE DETECTED,No,No Apparent Injury,N/A,NOT DISTRACTED,NJ,PASSENGER CAR,MOVING CONSTANT SPEED,35,No,2007,NISSN,MAXIMA,38.98152096,-76.98885099,2023,12,22
230071996,Injury Crash,12/15/2023 09:17:00 PM,TOWER OAKS BLVD,NA,SINGLE VEHICLE,Clear,N/A,Medium,TRAFFIC SIGNAL,NONE DETECTED,Yes,Possible Minor Injury,N/A,NOT DISTRACTED,MD,PASSENGER CAR,SLOWING OR STOPPING,35,No,2018,MAZDA,CX5,39.05570211,-77.14933297,2023,12,21
230071972,Property Damage Crash,12/15/2023 07:28:00 PM,FREDERICK RD,NA,SAME DIR REAR END,Clear,DRY,Medium,N/A,NONE DETECTED,No,No Apparent Injury,N/A,NOT DISTRACTED,MD,PASSENGER CAR,STOPPED IN TRAFFIC LANE,35,No,2016,CHEVROLET,EXPRESS,39.10839,-77.15977333,2023,12,19
230071972,Property Damage Crash,12/15/2023 07:28:00 PM,FREDERICK RD,NA,SAME DIR REAR END,Clear,DRY,Medium,N/A,ALCOHOL PRESENT,Yes,No Apparent Injury,N/A,UNKNOWN,CA,PASSENGER CAR,MOVING CONSTANT SPEED,35,No,2005,FORD,EXPLORER,39.10839,-77.15977333,2023,12,19
230071973,Injury Crash,12/15/2023 06:50:00 PM,MIDDLEBROOK RD,NA,STRAIGHT MOVEMENT ANGLE,Clear,DRY,Medium,STOP SIGN,NONE DETECTED,Yes,No Apparent Injury,N/A,UNKNOWN,NA,PICKUP TRUCK,ACCELERATING,35,No,2015,TOYOTA,TACOMA,39.18158659,-77.23175512,2023,12,18
230071973,Injury Crash,12/15/2023 06:50:00 PM,MIDDLEBROOK RD,NA,STRAIGHT MOVEMENT ANGLE,Clear,DRY,Medium,STOP SIGN,NONE DETECTED,No,Possible Minor Injury,N/A,NOT DISTRACTED,MD,PASSENGER CAR,MOVING CONSTANT SPEED,35,No,2014,CHRYSLER,300,39.18158659,-77.23175512,2023,12,18
230071968,Property Damage Crash,12/15/2023 06:26:00 PM,BRADLEY BLVD,NA,STRAIGHT MOVEMENT ANGLE,Clear,DRY,Medium,TRAFFIC SIGNAL,NONE DETECTED,Yes,No Apparent Injury,N/A,NOT DISTRACTED,MD,PASSENGER CAR,MAKING LEFT TURN,35,No,2008,DODG,CG,39.003266000000004,-77.134907,2023,12,18
230071968,Property Damage Crash,12/15/2023 06:26:00 PM,BRADLEY BLVD,NA,STRAIGHT MOVEMENT ANGLE,Clear,DRY,Medium,TRAFFIC SIGNAL,NONE DETECTED,Yes,No Apparent Injury,N/A,NOT DISTRACTED,MD,PASSENGER CAR,MOVING CONSTANT SPEED,35,No,2019,VOLK,HB,39.003266000000004,-77.134907,2023,12,18
230071966,Property Damage Crash,12/15/2023 06:12:00 PM,OLD GEORGETOWN RD,NA,HEAD ON LEFT TURN,Clear,DRY,Medium,TRAFFIC SIGNAL,NONE DETECTED,Yes,No Apparent Injury,N/A,UNKNOWN,NA,NA,MAKING LEFT TURN,35,No,0,UNKNOWN,UNKNOWN,39.010088,-77.11483296,2023,12,18
230071966,Property Damage Crash,12/15/2023 06:12:00 PM,OLD GEORGETOWN RD,NA,HEAD ON LEFT TURN,Clear,DRY,Medium,TRAFFIC SIGNAL,NONE DETECTED,No,No Apparent Injury,N/A,NOT DISTRACTED,MD,TRANSIT BUS,ACCELERATING,35,No,2010,NEW FLYER,TBU,39.010088,-77.11483296,2023,12,18
230071955,Injury Crash,12/15/2023 05:26:00 PM,WISTERIA DR,BICYCLIST,OTHER,Clear,DRY,Medium,N/A,NONE DETECTED,Unknown,No Apparent Injury,N/A,UNKNOWN,MD,PASSENGER CAR,SLOWING OR STOPPING,35,No,2015,ACURA,SUV,39.17235282,-77.26425105,2023,12,17
230071957,Injury Crash,12/15/2023 05:24:00 PM,NA,PEDESTRIAN,HEAD ON,Clear,NA,Medium,NO CONTROLS,ALCOHOL PRESENT,Yes,No Apparent Injury,N/A,OTHER DISTRACTION,MD,PASSENGER CAR,STARTING FROM LANE,15,No,2022,HONDA,4S,38.99686779,-77.02382004,2023,12,17
230071960,Injury Crash,12/15/2023 05:24:00 PM,PERSHING DR,NA,HEAD ON,Clear,DRY,Medium,NO CONTROLS,ALCOHOL PRESENT,Yes,Possible Minor Injury,N/A,OTHER DISTRACTION,MD,PASSENGER CAR,MOVING CONSTANT SPEED,25,No,2022,HONDA,4S,38.99806285,-77.02302854,2023,12,17
230071957,Injury Crash,12/15/2023 05:24:00 PM,NA,PEDESTRIAN,HEAD ON,Clear,NA,Medium,NO CONTROLS,NONE DETECTED,No,No Apparent Injury,N/A,NOT DISTRACTED,DC,PASSENGER CAR,STOPPED IN TRAFFIC LANE,15,No,2006,VOLKSWAGON,SD,38.99686779,-77.02382004,2023,12,17
230071957,Injury Crash,12/15/2023 05:24:00 PM,NA,PEDESTRIAN,HEAD ON,Clear,NA,Medium,NO CONTROLS,NONE DETECTED,No,No Apparent Injury,N/A,NOT DISTRACTED,DC,PASSENGER CAR,STOPPED IN TRAFFIC LANE,15,No,2001,FORD,UT,38.99686779,-77.02382004,2023,12,17
230071952,Property Damage Crash,12/15/2023 04:47:00 PM,OLD GEORGETOWN RD,NA,SAME DIR REAR END,Clear,DRY,Medium,NO CONTROLS,NONE DETECTED,Yes,No Apparent Injury,N/A,LOOKED BUT DID NOT SEE,MD,VAN,MOVING CONSTANT SPEED,35,No,2019,CHRYSLER,PACIFICA,39.03929167,-77.12242167,2023,12,16
230071952,Property Damage Crash,12/15/2023 04:47:00 PM,OLD GEORGETOWN RD,NA,SAME DIR REAR END,Clear,DRY,Medium,NO CONTROLS,NONE DETECTED,No,No Apparent Injury,N/A,NOT DISTRACTED,MD,PASSENGER CAR,STOPPED IN TRAFFIC LANE,35,No,2012,TOYT,PRIUS,39.03929167,-77.12242167,2023,12,16
230071949,Property Damage Crash,12/15/2023 04:30:00 PM,WILSON LA,NA,SAME DIR REAR END,Clear,DRY,Daylight,NO CONTROLS,NONE DETECTED,No,No Apparent Injury,N/A,NOT DISTRACTED,VA,PICKUP TRUCK,SLOWING OR STOPPING,30,No,2018,CHEVY,SILVERADO,38.97408079,-77.14531362,2023,12,16