Local Case Number,ACRS Report Type,Crash Date/Time,Road Name,Related Non-Motorist,Collision Type,Weather,Surface Condition,Light,Traffic Control,Driver Substance Abuse,Driver At Fault,Injury Severity,Circumstance,Driver Distracted By,Drivers License State,Vehicle Body Type,Vehicle Movement,Speed Limit,Driverless Vehicle,Vehicle Year,Vehicle Make,Vehicle Model,Latitude,Longitude,Year,Month,Hour
230071949,Property Damage Crash,12/15/2023 04:30:00 PM,WILSON LA,NA,SAME DIR REAR END,Clear,DRY,Daylight,NO CONTROLS,NONE DETECTED,Yes,No Apparent Injury,N/A,LOOKED BUT DID NOT SEE,MD,TRANSIT BUS,STARTING FROM LANE,30,No,2013,OTHR,BUS,38.97408079,-77.14531362,2023,12,16
230071933,Property Damage Crash,12/15/2023 04:18:00 PM,FLOWER AVE,NA,SAME DIRECTION SIDESWIPE,Clear,DRY,Daylight,TRAFFIC SIGNAL,NONE DETECTED,No,No Apparent Injury,N/A,NOT DISTRACTED,MD,PASSENGER CAR,MOVING CONSTANT SPEED,25,No,2021,THOMAS,SCHOOL BUS,38.99805711,-77.00350675,2023,12,16
230071933,Property Damage Crash,12/15/2023 04:18:00 PM,FLOWER AVE,NA,SAME DIRECTION SIDESWIPE,Clear,DRY,Daylight,TRAFFIC SIGNAL,NONE DETECTED,Yes,No Apparent Injury,N/A,NOT DISTRACTED,MD,PASSENGER CAR,CHANGING LANES,25,No,2012,TOYOTA,PRIUS,38.99805711,-77.00350675,2023,12,16
230071941,Property Damage Crash,12/15/2023 04:15:00 PM,NA,NA,HEAD ON,Clear,NA,Daylight,NO CONTROLS,NONE DETECTED,No,No Apparent Injury,N/A,NOT DISTRACTED,MD,PASSENGER CAR,PARKED,0,No,2008,FORD,FOCUS,39.05243537,-76.95539311,2023,12,16
230071941,Property Damage Crash,12/15/2023 04:15:00 PM,NA,NA,HEAD ON,Clear,NA,Daylight,NO CONTROLS,NONE DETECTED,Yes,No Apparent Injury,N/A,LOOKED BUT DID NOT SEE,NA,PASSENGER CAR,ACCELERATING,0,No,2012,TOYOTA,CAMRY,39.05243537,-76.95539311,2023,12,16
230071940,Injury Crash,12/15/2023 04:15:00 PM,PINEY MEETINGHOUSE RD,NA,HEAD ON LEFT TURN,Clear,DRY,Daylight,TRAFFIC SIGNAL,NONE DETECTED,Yes,No Apparent Injury,N/A,NOT DISTRACTED,MD,(SPORT) UTILITY VEHICLE,MAKING LEFT TURN,40,No,2019,VOLK,TIGUAN,39.08262998,-77.21697726,2023,12,16
230071940,Injury Crash,12/15/2023 04:15:00 PM,PINEY MEETINGHOUSE RD,NA,HEAD ON LEFT TURN,Clear,DRY,Daylight,TRAFFIC SIGNAL,NONE DETECTED,No,Possible Minor Injury,N/A,NOT DISTRACTED,VA,SNOWMOBILE,MOVING CONSTANT SPEED,40,No,2020,CHEVEROLET,SUBURBAN,39.08262998,-77.21697726,2023,12,16
230071931,Property Damage Crash,12/15/2023 03:55:00 PM,VEIRS MILL RD,NA,SAME DIRECTION SIDESWIPE,Clear,DRY,Daylight,NO CONTROLS,NONE DETECTED,No,No Apparent Injury,N/A,NOT DISTRACTED,MD,(SPORT) UTILITY VEHICLE,MOVING CONSTANT SPEED,35,No,2016,FORD,ESCAPE,39.0565889,-77.08317992,2023,12,15
230071931,Property Damage Crash,12/15/2023 03:55:00 PM,VEIRS MILL RD,NA,SAME DIRECTION SIDESWIPE,Clear,DRY,Daylight,NO CONTROLS,NONE DETECTED,Yes,No Apparent Injury,N/A,NOT DISTRACTED,DC,PASSENGER CAR,MAKING RIGHT TURN,15,No,2014,HONDA,ACCORD,39.0565889,-77.08317992,2023,12,15
230071929,Property Damage Crash,12/15/2023 03:11:00 PM,EAST WEST HWY,NA,SAME DIRECTION SIDESWIPE,Clear,DRY,Daylight,NO CONTROLS,NONE DETECTED,No,No Apparent Injury,N/A,NOT DISTRACTED,MD,VAN,ACCELERATING,30,No,2023,RAM,CG,38.98827083,-77.07541503,2023,12,15
230071929,Property Damage Crash,12/15/2023 03:11:00 PM,EAST WEST HWY,NA,SAME DIRECTION SIDESWIPE,Clear,DRY,Daylight,NO CONTROLS,NONE DETECTED,Yes,No Apparent Injury,N/A,LOOKED BUT DID NOT SEE,MD,STATION WAGON,ACCELERATING,30,No,2019,HOND,HR-V,38.98827083,-77.07541503,2023,12,15
230071908,Property Damage Crash,12/15/2023 01:50:00 PM,FREDERICK RD,NA,STRAIGHT MOVEMENT ANGLE,Clear,DRY,Daylight,STOP SIGN,NONE DETECTED,Yes,No Apparent Injury,N/A,LOOKED BUT DID NOT SEE,MD,PASSENGER CAR,ACCELERATING,40,No,2005,MITSUBISHI,ECLIPSE,39.18574333,-77.23979167,2023,12,13
230071908,Property Damage Crash,12/15/2023 01:50:00 PM,FREDERICK RD,NA,STRAIGHT MOVEMENT ANGLE,Clear,DRY,Daylight,STOP SIGN,NONE DETECTED,No,No Apparent Injury,N/A,NOT DISTRACTED,MD,PASSENGER CAR,MOVING CONSTANT SPEED,40,No,2015,TOYOTA,CAMRY,39.18574333,-77.23979167,2023,12,13
230071897,Injury Crash,12/15/2023 01:15:00 PM,UNIVERSITY BLVD W,NA,SAME DIRECTION SIDESWIPE,Clear,DRY,Daylight,NO CONTROLS,NONE DETECTED,No,Possible Minor Injury,N/A,NOT DISTRACTED,MD,PASSENGER CAR,STOPPED IN TRAFFIC LANE,35,No,2015,TOYOTA,RAV4,39.03919533,-77.05413233,2023,12,13
230071897,Injury Crash,12/15/2023 01:15:00 PM,UNIVERSITY BLVD W,NA,SAME DIRECTION SIDESWIPE,Clear,DRY,Daylight,NO CONTROLS,NONE DETECTED,No,No Apparent Injury,N/A,NOT DISTRACTED,MD,PASSENGER CAR,STOPPED IN TRAFFIC LANE,35,No,2016,TOYOTA,COROLLA,39.03919533,-77.05413233,2023,12,13
230071897,Injury Crash,12/15/2023 01:15:00 PM,UNIVERSITY BLVD W,NA,SAME DIRECTION SIDESWIPE,Clear,DRY,Daylight,NO CONTROLS,NONE DETECTED,No,No Apparent Injury,N/A,NOT DISTRACTED,MD,PASSENGER CAR,STOPPED IN TRAFFIC LANE,35,No,2016,TOYOTA,COROLLA,39.03919533,-77.05413233,2023,12,13
230071897,Injury Crash,12/15/2023 01:15:00 PM,UNIVERSITY BLVD W,NA,SAME DIRECTION SIDESWIPE,Clear,DRY,Daylight,NO CONTROLS,NONE DETECTED,No,No Apparent Injury,N/A,NOT DISTRACTED,MD,PASSENGER CAR,STOPPED IN TRAFFIC LANE,35,No,2014,MAZDA,3,39.03919533,-77.05413233,2023,12,13
230071897,Injury Crash,12/15/2023 01:15:00 PM,UNIVERSITY BLVD W,NA,SAME DIRECTION SIDESWIPE,Clear,DRY,Daylight,NO CONTROLS,NONE DETECTED,Yes,No Apparent Injury,N/A,NOT DISTRACTED,MD,PASSENGER CAR,MAKING RIGHT TURN,35,No,2012,ACURA,TSX,39.03919533,-77.05413233,2023,12,13
230071894,Property Damage Crash,12/15/2023 12:50:00 PM,NA,NA,OPPOSITE DIRECTION SIDESWIPE,Clear,NA,Daylight,NO CONTROLS,NONE DETECTED,Yes,No Apparent Injury,N/A,USING DEVICE OBJECT BROUGHT INTO VEHICLE,MD,VAN,ACCELERATING,15,No,2023,FORD,CG,39.13672932,-77.07565113,2023,12,12
230071890,Property Damage Crash,12/15/2023 12:25:00 PM,NA,NA,OTHER,Clear,NA,Daylight,N/A,NONE DETECTED,Yes,No Apparent Injury,N/A,LOOKED BUT DID NOT SEE,MD,FIRE VEHICLE/EMERGENCY,PARKING,0,No,2020,EMON,FIRE TRUCK,39.1126081,-76.9352536,2023,12,12
230071890,Property Damage Crash,12/15/2023 12:25:00 PM,NA,NA,OTHER,Clear,NA,Daylight,N/A,NONE DETECTED,No,No Apparent Injury,N/A,NOT DISTRACTED,MD,PASSENGER CAR,PARKED,0,No,2013,CHEVY,VOLT,39.1126081,-76.9352536,2023,12,12
230071903,Property Damage Crash,12/15/2023 12:15:00 PM,HARDY AVE,NA,OPPOSITE DIRECTION SIDESWIPE,Clear,DRY,Daylight,NO CONTROLS,NONE DETECTED,No,No Apparent Injury,N/A,NOT DISTRACTED,MD,PASSENGER CAR,MOVING CONSTANT SPEED,25,No,2003,TOYOTA,COROLLA,39.05046167,-77.05963767,2023,12,12
230071903,Property Damage Crash,12/15/2023 12:15:00 PM,HARDY AVE,NA,OPPOSITE DIRECTION SIDESWIPE,Clear,DRY,Daylight,NO CONTROLS,NONE DETECTED,Yes,No Apparent Injury,N/A,NOT DISTRACTED,MD,VAN,MAKING LEFT TURN,25,No,1989,FORD,VAN,39.05046167,-77.05963767,2023,12,12
230071883,Injury Crash,12/15/2023 11:50:00 AM,PRICHARD RD,NA,STRAIGHT MOVEMENT ANGLE,Clear,DRY,Daylight,NO CONTROLS,NONE DETECTED,Yes,Possible Minor Injury,"N/A, VISION OBSTRUCTION (INCL. BLINDED BY SUN)",NOT DISTRACTED,DC,PICKUP TRUCK,MOVING CONSTANT SPEED,25,No,2017,CHEVY,SILVERADO,39.03644383,-77.04827933,2023,12,11
230071883,Injury Crash,12/15/2023 11:50:00 AM,PRICHARD RD,NA,STRAIGHT MOVEMENT ANGLE,Clear,DRY,Daylight,NO CONTROLS,NONE DETECTED,No,Possible Minor Injury,"N/A, VISION OBSTRUCTION (INCL. BLINDED BY SUN)",NOT DISTRACTED,MD,PASSENGER CAR,STARTING FROM LANE,25,No,2017,GENS,SD,39.03644383,-77.04827933,2023,12,11
23002364,Property Damage Crash,12/15/2023 10:52:00 AM,OLD GEORGETOWN RD,NA,SAME DIR BOTH LEFT TURN,Clear,DRY,Daylight,TRAFFIC SIGNAL,NONE DETECTED,Yes,No Apparent Injury,N/A,UNKNOWN,TX,TRUCK TRACTOR,STARTING FROM LANE,40,No,2016,FREIGHTLINER,TRACTOR,39.03014146,-77.12626069,2023,12,10
23002364,Property Damage Crash,12/15/2023 10:52:00 AM,OLD GEORGETOWN RD,NA,SAME DIR BOTH LEFT TURN,Clear,DRY,Daylight,TRAFFIC SIGNAL,NONE DETECTED,No,No Apparent Injury,N/A,NOT DISTRACTED,MD,"OTHER LIGHT TRUCKS (10,000LBS (4,536KG) OR LESS)",MAKING LEFT TURN,40,No,2017,FORD,TK,39.03014146,-77.12626069,2023,12,10
230071836,Injury Crash,12/15/2023 10:35:00 AM,CONNECTICUT AVE,NA,STRAIGHT MOVEMENT ANGLE,Clear,DRY,Daylight,STOP SIGN,NONE DETECTED,Yes,No Apparent Injury,N/A,LOOKED BUT DID NOT SEE,MD,(SPORT) UTILITY VEHICLE,ACCELERATING,25,No,2020,BMW,X5,39.01799667,-77.07803183,2023,12,10
230071836,Injury Crash,12/15/2023 10:35:00 AM,CONNECTICUT AVE,NA,STRAIGHT MOVEMENT ANGLE,Clear,DRY,Daylight,STOP SIGN,NONE DETECTED,No,Possible Minor Injury,N/A,NOT DISTRACTED,DC,PASSENGER CAR,MOVING CONSTANT SPEED,35,No,2014,TOYOTA,CAMRY,39.01799667,-77.07803183,2023,12,10
230071836,Injury Crash,12/15/2023 10:35:00 AM,CONNECTICUT AVE,NA,STRAIGHT MOVEMENT ANGLE,Clear,DRY,Daylight,STOP SIGN,NONE DETECTED,No,No Apparent Injury,N/A,NOT DISTRACTED,ME,PASSENGER CAR,STOPPED IN TRAFFIC LANE,25,No,2024,TOYOTA,COROLLA,39.01799667,-77.07803183,2023,12,10
230071857,Injury Crash,12/15/2023 10:04:00 AM,UNIVERSITY BLVD W,NA,SAME DIRECTION SIDESWIPE,Clear,DRY,Daylight,TRAFFIC SIGNAL,NONE DETECTED,No,No Apparent Injury,N/A,NOT DISTRACTED,MD,(SPORT) UTILITY VEHICLE,ACCELERATING,30,No,2012,FORD,EXPLORER,39.03990067,-77.0556785,2023,12,10
230071857,Injury Crash,12/15/2023 10:04:00 AM,UNIVERSITY BLVD W,NA,SAME DIRECTION SIDESWIPE,Clear,DRY,Daylight,TRAFFIC SIGNAL,NONE DETECTED,Yes,Possible Minor Injury,N/A,LOOKED BUT DID NOT SEE,MD,PASSENGER CAR,MAKING RIGHT TURN,30,No,2001,HONDA,ACCORD,39.03990067,-77.0556785,2023,12,10
230071856,Injury Crash,12/15/2023 09:47:00 AM,OLNEY SANDY SPRING RD,NA,STRAIGHT MOVEMENT ANGLE,Clear,DRY,Daylight,TRAFFIC SIGNAL,NONE DETECTED,No,Possible Minor Injury,N/A,NOT DISTRACTED,MD,PASSENGER CAR,MOVING CONSTANT SPEED,35,No,2019,TOYOTA,RAV 4,39.15089485,-77.06210375,2023,12,9
230071856,Injury Crash,12/15/2023 09:47:00 AM,OLNEY SANDY SPRING RD,NA,STRAIGHT MOVEMENT ANGLE,Clear,DRY,Daylight,TRAFFIC SIGNAL,NONE DETECTED,Yes,Possible Minor Injury,N/A,UNKNOWN,MD,POLICE VEHICLE/EMERGENCY,UNKNOWN,20,No,2017,FORD,INTERCEPTOR,39.15089485,-77.06210375,2023,12,9
230071848,Property Damage Crash,12/15/2023 08:47:00 AM,EAST WEST HWY (W/B COUPLET),NA,SAME DIR REAR END,Clear,DRY,Daylight,NO CONTROLS,NONE DETECTED,Yes,No Apparent Injury,N/A,LOOKED BUT DID NOT SEE,MD,PASSENGER CAR,MOVING CONSTANT SPEED,25,No,2013,MERZ,ML350,38.98554882,-77.0882731,2023,12,8
230071848,Property Damage Crash,12/15/2023 08:47:00 AM,EAST WEST HWY (W/B COUPLET),NA,SAME DIR REAR END,Clear,DRY,Daylight,NO CONTROLS,NONE DETECTED,No,No Apparent Injury,N/A,NOT DISTRACTED,MD,PASSENGER CAR,STOPPED IN TRAFFIC LANE,25,No,2018,NISS,PASSPORT,38.98554882,-77.0882731,2023,12,8
230071848,Property Damage Crash,12/15/2023 08:47:00 AM,EAST WEST HWY (W/B COUPLET),NA,SAME DIR REAR END,Clear,DRY,Daylight,NO CONTROLS,NONE DETECTED,No,No Apparent Injury,N/A,NOT DISTRACTED,MD,PASSENGER CAR,STOPPED IN TRAFFIC LANE,25,No,2018,FORD,FOCUS,38.98554882,-77.0882731,2023,12,8
230071848,Property Damage Crash,12/15/2023 08:47:00 AM,EAST WEST HWY (W/B COUPLET),NA,SAME DIR REAR END,Clear,DRY,Daylight,NO CONTROLS,NONE DETECTED,No,No Apparent Injury,N/A,NOT DISTRACTED,MD,PASSENGER CAR,STOPPED IN TRAFFIC LANE,25,No,2021,TOYT,RAV4,38.98554882,-77.0882731,2023,12,8
230071848,Property Damage Crash,12/15/2023 08:47:00 AM,EAST WEST HWY (W/B COUPLET),NA,SAME DIR REAR END,Clear,DRY,Daylight,NO CONTROLS,NONE DETECTED,No,No Apparent Injury,N/A,NOT DISTRACTED,MD,PASSENGER CAR,STOPPED IN TRAFFIC LANE,25,No,2013,TOYOTA,CAMRY,38.98554882,-77.0882731,2023,12,8
230071853,Property Damage Crash,12/15/2023 08:45:00 AM,ORCHID DR,NA,OTHER,Clear,DRY,Daylight,NO CONTROLS,NONE DETECTED,Yes,No Apparent Injury,N/A,NOT DISTRACTED,MD,PASSENGER CAR,BACKING,15,No,2015,CHEVY,EQUINOX,38.98445183,-77.12774367,2023,12,8
230071839,Property Damage Crash,12/15/2023 07:40:00 AM,GEORGIA AVE,NA,SAME DIR BOTH LEFT TURN,Clear,DRY,Daylight,TRAFFIC SIGNAL,NONE DETECTED,Yes,No Apparent Injury,N/A,NOT DISTRACTED,MD,PASSENGER CAR,MAKING LEFT TURN,35,No,2023,JEEP,UT,39.06303796,-77.05478133,2023,12,7
230071839,Property Damage Crash,12/15/2023 07:40:00 AM,GEORGIA AVE,NA,SAME DIR BOTH LEFT TURN,Clear,DRY,Daylight,TRAFFIC SIGNAL,NONE DETECTED,Yes,No Apparent Injury,N/A,NOT DISTRACTED,MD,SCHOOL BUS,MAKING LEFT TURN,35,No,2017,THOMAS,CONVENTIONAL,39.06303796,-77.05478133,2023,12,7
230071831,Property Damage Crash,12/15/2023 05:15:00 AM,PALERMO DR,NA,SAME DIR REAR END,Clear,DRY,Medium,NO CONTROLS,NONE DETECTED,Yes,No Apparent Injury,N/A,UNKNOWN,NA,PASSENGER CAR,UNKNOWN,25,No,2014,KIA,OPTIMA,39.06215483,-76.9480055,2023,12,5
230071818,Injury Crash,12/15/2023 12:36:00 AM,FATHER HURLEY BLVD,NA,STRAIGHT MOVEMENT ANGLE,Clear,DRY,Medium,FLASHING TRAFFIC SIGNAL,NONE DETECTED,No,Possible Minor Injury,N/A,NOT DISTRACTED,MD,(SPORT) UTILITY VEHICLE,STARTING FROM LANE,30,No,2021,FORD,EXPLORER,39.181564,-77.27623683,2023,12,0
230071818,Injury Crash,12/15/2023 12:36:00 AM,FATHER HURLEY BLVD,NA,STRAIGHT MOVEMENT ANGLE,Clear,DRY,Medium,FLASHING TRAFFIC SIGNAL,NONE DETECTED,Yes,No Apparent Injury,N/A,LOOKED BUT DID NOT SEE,MD,PASSENGER CAR,ACCELERATING,35,No,2010,TOYT,CAMRY,39.181564,-77.27623683,2023,12,0
230071808,Property Damage Crash,12/14/2023 09:35:00 PM,COLESVILLE RD,NA,STRAIGHT MOVEMENT ANGLE,Clear,DRY,Medium,TRAFFIC SIGNAL,NONE DETECTED,No,No Apparent Injury,N/A,NOT DISTRACTED,MD,PASSENGER CAR,MOVING CONSTANT SPEED,35,No,2021,SUBARU,FORESTER,39.01971733,-77.0134195,2023,12,21
230071808,Property Damage Crash,12/14/2023 09:35:00 PM,COLESVILLE RD,NA,STRAIGHT MOVEMENT ANGLE,Clear,DRY,Medium,TRAFFIC SIGNAL,NONE DETECTED,Yes,No Apparent Injury,N/A,INATTENTIVE OR LOST IN THOUGHT,MD,PASSENGER CAR,MOVING CONSTANT SPEED,35,No,2017,TOYOTA,CAMRY,39.01971733,-77.0134195,2023,12,21
230071804,Injury Crash,12/14/2023 09:25:00 PM,COLUMBIA PIKE,NA,SAME DIR REAR END,Clear,DRY,Medium,TRAFFIC SIGNAL,NONE DETECTED,No,Possible Minor Injury,N/A,NOT DISTRACTED,MD,PASSENGER CAR,STOPPED IN TRAFFIC LANE,50,No,2020,HONDA,FIT,39.07373667,-76.95565167,2023,12,21
230071804,Injury Crash,12/14/2023 09:25:00 PM,COLUMBIA PIKE,NA,SAME DIR REAR END,Clear,DRY,Medium,TRAFFIC SIGNAL,NONE DETECTED,Yes,No Apparent Injury,N/A,INATTENTIVE OR LOST IN THOUGHT,VA,PASSENGER CAR,MOVING CONSTANT SPEED,50,No,2015,HONDA,CIVIC,39.07373667,-76.95565167,2023,12,21
230071790,Property Damage Crash,12/14/2023 07:31:00 PM,FREDERICK RD,NA,STRAIGHT MOVEMENT ANGLE,Clear,DRY,Medium,NO CONTROLS,NONE DETECTED,Yes,No Apparent Injury,N/A,LOOKED BUT DID NOT SEE,MD,PASSENGER CAR,MOVING CONSTANT SPEED,45,No,2015,DODGE,DURANGO,39.17797967,-77.238487,2023,12,19
230071790,Property Damage Crash,12/14/2023 07:31:00 PM,FREDERICK RD,NA,STRAIGHT MOVEMENT ANGLE,Clear,DRY,Medium,NO CONTROLS,NONE DETECTED,No,No Apparent Injury,N/A,NOT DISTRACTED,MD,PASSENGER CAR,MOVING CONSTANT SPEED,45,No,2016,DODGE,DURANGO,39.17797967,-77.238487,2023,12,19
230071789,Property Damage Crash,12/14/2023 07:10:00 PM,NEW HAMPSHIRE AVE,NA,STRAIGHT MOVEMENT ANGLE,Clear,DRY,Medium,NO CONTROLS,NONE DETECTED,No,No Apparent Injury,N/A,NOT DISTRACTED,MD,PASSENGER CAR,ACCELERATING,25,No,2002,FORD,PK,39.109783,-76.99672617,2023,12,19
230071789,Property Damage Crash,12/14/2023 07:10:00 PM,NEW HAMPSHIRE AVE,NA,STRAIGHT MOVEMENT ANGLE,Clear,DRY,Medium,NO CONTROLS,NONE DETECTED,Yes,No Apparent Injury,N/A,LOOKED BUT DID NOT SEE,MD,PASSENGER CAR,MOVING CONSTANT SPEED,45,No,2022,TOYT,SD,39.109783,-76.99672617,2023,12,19
230071781,Property Damage Crash,12/14/2023 06:56:00 PM,NA,NA,OTHER,Clear,NA,Medium,N/A,NONE DETECTED,Yes,No Apparent Injury,N/A,LOOKED BUT DID NOT SEE,MD,POLICE VEHICLE/NON EMERGENCY,BACKING,0,No,2022,FORD,EXPLORER,39.15713309,-77.20291444,2023,12,18
230071783,Property Damage Crash,12/14/2023 06:34:00 PM,GEORGIA AVE,NA,STRAIGHT MOVEMENT ANGLE,Clear,DRY,Medium,TRAFFIC SIGNAL,NONE DETECTED,Yes,No Apparent Injury,N/A,UNKNOWN,MD,PASSENGER CAR,CHANGING LANES,35,No,2019,MERZ,C43,39.05296508,-77.05087464,2023,12,18
230071783,Property Damage Crash,12/14/2023 06:34:00 PM,GEORGIA AVE,NA,STRAIGHT MOVEMENT ANGLE,Clear,DRY,Medium,TRAFFIC SIGNAL,NONE DETECTED,No,No Apparent Injury,N/A,NOT DISTRACTED,MD,"CARGO VAN/LIGHT TRUCK 2 AXLES (OVER 10,000LBS (4,536 KG))",ACCELERATING,35,No,2008,FORD,TRUCK,39.05296508,-77.05087464,2023,12,18
230071778,Property Damage Crash,12/14/2023 06:30:00 PM,COLESVILLE RD,NA,SAME DIRECTION LEFT TURN,Clear,DRY,Medium,NO CONTROLS,NONE DETECTED,No,No Apparent Injury,N/A,NOT DISTRACTED,MD,PASSENGER CAR,MOVING CONSTANT SPEED,35,No,2010,TOYT,CAMRY,39.00171733,-77.025143,2023,12,18
230071778,Property Damage Crash,12/14/2023 06:30:00 PM,COLESVILLE RD,NA,SAME DIRECTION LEFT TURN,Clear,DRY,Medium,NO CONTROLS,NONE DETECTED,Yes,No Apparent Injury,N/A,LOOKED BUT DID NOT SEE,MD,PASSENGER CAR,MAKING LEFT TURN,35,No,2018,TOYT,COROLLA,39.00171733,-77.025143,2023,12,18
230071769,Property Damage Crash,12/14/2023 05:30:00 PM,WOODWELL RD,NA,SAME DIRECTION SIDESWIPE,Clear,N/A,Medium,STOP SIGN,NONE DETECTED,Yes,No Apparent Injury,N/A,LOOKED BUT DID NOT SEE,MD,PASSENGER CAR,ACCELERATING,35,No,2015,FORD,FUSION,39.08682333,-77.037102,2023,12,17
230071764,Property Damage Crash,12/14/2023 05:05:00 PM,CONNECTICUT AVE,NA,SAME DIRECTION SIDESWIPE,Clear,DRY,Medium,TRAFFIC SIGNAL,NONE DETECTED,Yes,No Apparent Injury,N/A,UNKNOWN,MD,SCHOOL BUS,MOVING CONSTANT SPEED,35,No,2015,THOMAS,SCHOOL BUS,39.00017983,-77.076875,2023,12,17
230071764,Property Damage Crash,12/14/2023 05:05:00 PM,CONNECTICUT AVE,NA,SAME DIRECTION SIDESWIPE,Clear,DRY,Medium,TRAFFIC SIGNAL,NONE DETECTED,Yes,No Apparent Injury,N/A,UNKNOWN,MD,PASSENGER CAR,MOVING CONSTANT SPEED,35,No,2004,TOYT,SCION XA,39.00017983,-77.076875,2023,12,17
230071752,Injury Crash,12/14/2023 04:31:00 PM,ROCKVILLE PIKE,NA,SAME DIR REAR END,Clear,DRY,Daylight,N/A,NONE DETECTED,Yes,No Apparent Injury,N/A,OTHER DISTRACTION,MD,PASSENGER CAR,MOVING CONSTANT SPEED,40,No,2009,FORD,UT,39.06867874,-77.12985213,2023,12,16
230071752,Injury Crash,12/14/2023 04:31:00 PM,ROCKVILLE PIKE,NA,SAME DIR REAR END,Clear,DRY,Daylight,N/A,NONE DETECTED,No,Possible Minor Injury,N/A,NOT DISTRACTED,MD,PASSENGER CAR,STOPPED IN TRAFFIC LANE,40,No,2006,DODGE,4DR,39.06867874,-77.12985213,2023,12,16
230071752,Injury Crash,12/14/2023 04:31:00 PM,ROCKVILLE PIKE,NA,SAME DIR REAR END,Clear,DRY,Daylight,N/A,NONE DETECTED,No,Possible Minor Injury,N/A,NOT DISTRACTED,MD,PASSENGER CAR,STOPPED IN TRAFFIC LANE,40,No,2023,TOYT,UT,39.06867874,-77.12985213,2023,12,16
230071773,Property Damage Crash,12/14/2023 04:30:00 PM,NA,NA,OPPOSITE DIRECTION SIDESWIPE,Clear,NA,Daylight,NO CONTROLS,NONE DETECTED,Yes,No Apparent Injury,N/A,UNKNOWN,MD,(SPORT) UTILITY VEHICLE,MAKING RIGHT TURN,0,No,2010,TOYOTA,RAV4,39.17967086,-77.23938866,2023,12,16
230071743,Property Damage Crash,12/14/2023 03:57:00 PM,DARNESTOWN RD,NA,SAME DIR REAR END,Clear,DRY,Daylight,TRAFFIC SIGNAL,NONE DETECTED,Yes,No Apparent Injury,"BACKUP DUE TO PRIOR CRASH, N/A",DISTRACTED BY OUTSIDE PERSON OBJECT OR EVENT,MD,(SPORT) UTILITY VEHICLE,STARTING FROM PARKED,40,No,2016,LEXS,LX570 TK,39.11773549,-77.26153288,2023,12,15
230071742,Injury Crash,12/14/2023 03:55:00 PM,DARNESTOWN RD,NA,SAME DIR REAR END,Clear,DRY,Daylight,NO CONTROLS,NONE DETECTED,Yes,No Apparent Injury,"BACKUP DUE TO REGULAR CONGESTION, N/A",NOT DISTRACTED,MD,PASSENGER CAR,MOVING CONSTANT SPEED,35,No,2017,LEXS,LS,39.11606333,-77.264295,2023,12,15
230071742,Injury Crash,12/14/2023 03:55:00 PM,DARNESTOWN RD,NA,SAME DIR REAR END,Clear,DRY,Daylight,NO CONTROLS,NONE DETECTED,No,Possible Minor Injury,"BACKUP DUE TO REGULAR CONGESTION, N/A",NOT DISTRACTED,MD,PASSENGER CAR,STOPPED IN TRAFFIC LANE,30,No,2014,SUBARU,OUTBACK,39.11606333,-77.264295,2023,12,15
230071742,Injury Crash,12/14/2023 03:55:00 PM,DARNESTOWN RD,NA,SAME DIR REAR END,Clear,DRY,Daylight,NO CONTROLS,NONE DETECTED,No,No Apparent Injury,"BACKUP DUE TO REGULAR CONGESTION, N/A",NOT DISTRACTED,MD,"OTHER LIGHT TRUCKS (10,000LBS (4,536KG) OR LESS)",SLOWING OR STOPPING,30,No,2022,CHEVY,CUTAWAY,39.11606333,-77.264295,2023,12,15
230071740,Property Damage Crash,12/14/2023 03:53:00 PM,JONES BRIDGE RD,NA,SAME DIR REAR END,Clear,DRY,Daylight,TRAFFIC SIGNAL,NONE DETECTED,No,No Apparent Injury,N/A,NOT DISTRACTED,MD,POLICE VEHICLE/EMERGENCY,STOPPED IN TRAFFIC LANE,25,No,2010,TOYOTA,RAV4,38.99695461,-77.0966575,2023,12,15
230071740,Property Damage Crash,12/14/2023 03:53:00 PM,JONES BRIDGE RD,NA,SAME DIR REAR END,Clear,DRY,Daylight,TRAFFIC SIGNAL,NONE DETECTED,Yes,No Apparent Injury,N/A,LOOKED BUT DID NOT SEE,MD,PASSENGER CAR,MOVING CONSTANT SPEED,25,No,2009,HONDA,ACCORD,38.99695461,-77.0966575,2023,12,15
230071737,Property Damage Crash,12/14/2023 03:30:00 PM,ROCKVILLE PIKE,NA,OTHER,Clear,DRY,Daylight,TRAFFIC SIGNAL,NONE DETECTED,Yes,No Apparent Injury,N/A,UNKNOWN,MD,TRANSIT BUS,MAKING RIGHT TURN,25,No,2019,GILG,TRANSIT BUS,39.08516,-77.14928983,2023,12,15
230071737,Property Damage Crash,12/14/2023 03:30:00 PM,ROCKVILLE PIKE,NA,OTHER,Clear,DRY,Daylight,TRAFFIC SIGNAL,NONE DETECTED,No,No Apparent Injury,N/A,UNKNOWN,MD,PASSENGER CAR,STOPPED IN TRAFFIC LANE,35,No,2013,CHEVY,SUBURBAN,39.08516,-77.14928983,2023,12,15
230071734,Property Damage Crash,12/14/2023 03:23:00 PM,SCHAEFFER RD,NA,STRAIGHT MOVEMENT ANGLE,Clear,DRY,Daylight,N/A,NONE DETECTED,Yes,No Apparent Injury,N/A,LOOKED BUT DID NOT SEE,MD,PASSENGER CAR,ACCELERATING,35,No,2020,LEXS,TK,39.15749925,-77.29150364,2023,12,15
230071734,Property Damage Crash,12/14/2023 03:23:00 PM,SCHAEFFER RD,NA,STRAIGHT MOVEMENT ANGLE,Clear,DRY,Daylight,N/A,NONE DETECTED,No,No Apparent Injury,N/A,NOT DISTRACTED,MD,PASSENGER CAR,MOVING CONSTANT SPEED,25,No,2017,TOYT,4S,39.15749925,-77.29150364,2023,12,15
230071730,Injury Crash,12/14/2023 03:15:00 PM,FREDERICK RD,NA,STRAIGHT MOVEMENT ANGLE,Clear,DRY,Daylight,TRAFFIC SIGNAL,NONE DETECTED,No,Possible Minor Injury,N/A,NOT DISTRACTED,MD,PASSENGER CAR,ACCELERATING,45,No,2010,HOND,FIT,39.198492,-77.2449585,2023,12,15
230071730,Injury Crash,12/14/2023 03:15:00 PM,FREDERICK RD,NA,STRAIGHT MOVEMENT ANGLE,Clear,DRY,Daylight,TRAFFIC SIGNAL,NONE DETECTED,Yes,No Apparent Injury,N/A,LOOKED BUT DID NOT SEE,MD,VAN,MOVING CONSTANT SPEED,45,No,2013,RAM,CARAVAN,39.198492,-77.2449585,2023,12,15
230071736,Property Damage Crash,12/14/2023 03:04:00 PM,SHAWNEE LA,NA,SAME DIRECTION SIDESWIPE,Clear,DRY,Daylight,N/A,NONE DETECTED,Yes,No Apparent Injury,N/A,UNKNOWN,NA,NA,MOVING CONSTANT SPEED,35,No,0,UNKNOWN,UNKNOWN,39.22554117,-77.2755655,2023,12,15
230071736,Property Damage Crash,12/14/2023 03:04:00 PM,SHAWNEE LA,NA,SAME DIRECTION SIDESWIPE,Clear,DRY,Daylight,N/A,NONE DETECTED,No,No Apparent Injury,N/A,NOT DISTRACTED,MD,SCHOOL BUS,SLOWING OR STOPPING,35,No,2015,THOM,BU,39.22554117,-77.2755655,2023,12,15