Local Case Number,ACRS Report Type,Crash Date/Time,Road Name,Related Non-Motorist,Collision Type,Weather,Surface Condition,Light,Traffic Control,Driver Substance Abuse,Driver At Fault,Injury Severity,Circumstance,Driver Distracted By,Drivers License State,Vehicle Body Type,Vehicle Movement,Speed Limit,Driverless Vehicle,Vehicle Year,Vehicle Make,Vehicle Model,Latitude,Longitude,Year,Month,Hour
230071744,Property Damage Crash,12/14/2023 02:30:00 PM,NA,NA,SAME DIRECTION SIDESWIPE,Cloudy,NA,Daylight,N/A,NONE DETECTED,No,No Apparent Injury,N/A,NOT DISTRACTED,MD,SCHOOL BUS,PARKED,0,No,2018,FREIGHT,THOMAS,39.044865,-77.17208817,2023,12,14
230071744,Property Damage Crash,12/14/2023 02:30:00 PM,NA,NA,SAME DIRECTION SIDESWIPE,Cloudy,NA,Daylight,N/A,NONE DETECTED,Yes,No Apparent Injury,N/A,NOT DISTRACTED,MD,(SPORT) UTILITY VEHICLE,PASSING,5,No,2003,NISSAN,PATHFINDER,39.044865,-77.17208817,2023,12,14
230071722,Property Damage Crash,12/14/2023 02:15:00 PM,MIDDLEBROOK RD,NA,STRAIGHT MOVEMENT ANGLE,Clear,DRY,Daylight,STOP SIGN,NONE DETECTED,No,No Apparent Injury,N/A,NOT DISTRACTED,MD,PASSENGER CAR,MOVING CONSTANT SPEED,35,No,1997,GMC,SONOMA,39.18282678,-77.27092036,2023,12,14
230071722,Property Damage Crash,12/14/2023 02:15:00 PM,MIDDLEBROOK RD,NA,STRAIGHT MOVEMENT ANGLE,Clear,DRY,Daylight,STOP SIGN,NONE DETECTED,Yes,No Apparent Injury,N/A,LOOKED BUT DID NOT SEE,MD,PASSENGER CAR,ENTERING TRAFFIC LANE,35,No,2013,HYUNDIA,SONATA,39.18282678,-77.27092036,2023,12,14
230071718,Property Damage Crash,12/14/2023 02:00:00 PM,VEIRS MILL RD,NA,SAME DIRECTION SIDESWIPE,Clear,DRY,Daylight,TRAFFIC SIGNAL,NONE DETECTED,No,No Apparent Injury,N/A,NOT DISTRACTED,MD,PASSENGER CAR,MOVING CONSTANT SPEED,40,No,2017,RAM,PK,39.07480264,-77.11541681,2023,12,14
230071718,Property Damage Crash,12/14/2023 02:00:00 PM,VEIRS MILL RD,NA,SAME DIRECTION SIDESWIPE,Clear,DRY,Daylight,TRAFFIC SIGNAL,NONE DETECTED,Yes,No Apparent Injury,N/A,NOT DISTRACTED,MD,PASSENGER CAR,MOVING CONSTANT SPEED,40,No,2017,TOYT,SD,39.07480264,-77.11541681,2023,12,14
230071712,Property Damage Crash,12/14/2023 01:27:00 PM,NA,NA,OTHER,Clear,NA,Daylight,N/A,NONE DETECTED,No,No Apparent Injury,N/A,NOT DISTRACTED,MD,POLICE VEHICLE/NON EMERGENCY,SLOWING OR STOPPING,15,No,2019,DODGE,CHARGER,39.17919014,-77.27073518,2023,12,13
230071712,Property Damage Crash,12/14/2023 01:27:00 PM,NA,NA,OTHER,Clear,NA,Daylight,N/A,NONE DETECTED,Yes,No Apparent Injury,N/A,LOOKED BUT DID NOT SEE,MD,PASSENGER CAR,BACKING,15,No,2014,SUBARU,CROSSTREK,39.17919014,-77.27073518,2023,12,13
230071710,Injury Crash,12/14/2023 01:20:00 PM,FREDERICK RD,NA,STRAIGHT MOVEMENT ANGLE,Clear,DRY,Daylight,TRAFFIC SIGNAL,NONE DETECTED,Yes,No Apparent Injury,N/A,UNKNOWN,MD,PASSENGER CAR,MOVING CONSTANT SPEED,30,No,2015,TOYT,MINIVAN,39.12412767,-77.1801915,2023,12,13
230071710,Injury Crash,12/14/2023 01:20:00 PM,FREDERICK RD,NA,STRAIGHT MOVEMENT ANGLE,Clear,DRY,Daylight,TRAFFIC SIGNAL,NONE DETECTED,No,Possible Minor Injury,N/A,NOT DISTRACTED,MD,PASSENGER CAR,MAKING LEFT TURN,30,No,2020,LEXU,SUV,39.12412767,-77.1801915,2023,12,13
230071702,Property Damage Crash,12/14/2023 12:07:00 PM,SNOUFFERS SCHOOL RD,NA,SAME DIRECTION SIDESWIPE,Clear,DRY,Daylight,N/A,NONE DETECTED,Yes,No Apparent Injury,N/A,LOOKED BUT DID NOT SEE,MD,PASSENGER CAR,CHANGING LANES,35,No,2007,BMW,4S,39.16385977,-77.16660446,2023,12,12
230071702,Property Damage Crash,12/14/2023 12:07:00 PM,SNOUFFERS SCHOOL RD,NA,SAME DIRECTION SIDESWIPE,Clear,DRY,Daylight,N/A,NONE DETECTED,No,No Apparent Injury,N/A,NOT DISTRACTED,MD,PASSENGER CAR,MOVING CONSTANT SPEED,35,No,2016,FORD,TRANSIT,39.16385977,-77.16660446,2023,12,12
230071703,Property Damage Crash,12/14/2023 11:50:00 AM,MIDDLEBROOK RD,NA,SAME DIRECTION LEFT TURN,Clear,DRY,Daylight,TRAFFIC SIGNAL,NONE DETECTED,No,No Apparent Injury,N/A,NOT DISTRACTED,MD,PASSENGER CAR,MAKING LEFT TURN,40,No,2002,CHEVROLET,SUBURBAN,39.17837025,-77.24183913,2023,12,11
230071703,Property Damage Crash,12/14/2023 11:50:00 AM,MIDDLEBROOK RD,NA,SAME DIRECTION LEFT TURN,Clear,DRY,Daylight,TRAFFIC SIGNAL,NONE DETECTED,Yes,No Apparent Injury,N/A,LOOKED BUT DID NOT SEE,MD,PASSENGER CAR,MAKING LEFT TURN,40,No,2016,HYUNDAI,ACCENT,39.17837025,-77.24183913,2023,12,11
230071688,Property Damage Crash,12/14/2023 11:15:00 AM,COLUMBIA PIKE,NA,SAME DIRECTION SIDESWIPE,Clear,DRY,Daylight,NO CONTROLS,NONE DETECTED,Yes,No Apparent Injury,N/A,UNKNOWN,MD,PASSENGER CAR,MOVING CONSTANT SPEED,50,No,2008,NISSAN,SENTRA,39.04759667,-76.98537333,2023,12,11
230071688,Property Damage Crash,12/14/2023 11:15:00 AM,COLUMBIA PIKE,NA,SAME DIRECTION SIDESWIPE,Clear,DRY,Daylight,NO CONTROLS,NONE DETECTED,No,No Apparent Injury,N/A,NOT DISTRACTED,MD,PASSENGER CAR,MOVING CONSTANT SPEED,50,No,2022,ACUR,UT,39.04759667,-76.98537333,2023,12,11
230071649,Injury Crash,12/14/2023 09:38:00 AM,LOCKWOOD DR,NA,STRAIGHT MOVEMENT ANGLE,Clear,DRY,Daylight,STOP SIGN,NONE DETECTED,No,Possible Minor Injury,N/A,NOT DISTRACTED,MD,PASSENGER CAR,MOVING CONSTANT SPEED,35,No,2015,SUBARU,FORESTER,39.03643333,-76.99567667,2023,12,9
230071649,Injury Crash,12/14/2023 09:38:00 AM,LOCKWOOD DR,NA,STRAIGHT MOVEMENT ANGLE,Clear,DRY,Daylight,STOP SIGN,NONE DETECTED,Yes,No Apparent Injury,N/A,LOOKED BUT DID NOT SEE,MD,PASSENGER CAR,ACCELERATING,25,No,2013,CHEV,EQUINOX,39.03643333,-76.99567667,2023,12,9
230071650,Injury Crash,12/14/2023 09:30:00 AM,FIRSTFIELD RD,NA,HEAD ON LEFT TURN,Clear,DRY,Daylight,NO CONTROLS,NONE DETECTED,No,Possible Minor Injury,N/A,NOT DISTRACTED,MD,PASSENGER CAR,MOVING CONSTANT SPEED,30,No,2017,INFI,SUV,39.14186133,-77.22459967,2023,12,9
230071650,Injury Crash,12/14/2023 09:30:00 AM,FIRSTFIELD RD,NA,HEAD ON LEFT TURN,Clear,DRY,Daylight,NO CONTROLS,NONE DETECTED,Yes,No Apparent Injury,N/A,OTHER DISTRACTION,MD,PASSENGER CAR,MAKING LEFT TURN,30,No,2011,JEEP,WRANGLER,39.14186133,-77.22459967,2023,12,9
230071645,Property Damage Crash,12/14/2023 09:06:00 AM,LEWIS AVE,NA,SAME DIR REAR END,Clear,DRY,Daylight,N/A,NONE DETECTED,Yes,No Apparent Injury,N/A,UNKNOWN,MD,PASSENGER CAR,MOVING CONSTANT SPEED,30,No,2017,FORD,SUV,39.06619018,-77.12409342,2023,12,9
230071642,Injury Crash,12/14/2023 08:50:00 AM,W DIAMOND AVE,NA,HEAD ON LEFT TURN,Clear,DRY,Daylight,STOP SIGN,NONE DETECTED,Yes,Possible Minor Injury,N/A,LOOKED BUT DID NOT SEE,MD,PASSENGER CAR,MAKING LEFT TURN,20,No,2020,CHEV,MALIBU,39.14289232,-77.21720463,2023,12,8
230071642,Injury Crash,12/14/2023 08:50:00 AM,W DIAMOND AVE,NA,HEAD ON LEFT TURN,Clear,DRY,Daylight,STOP SIGN,NONE DETECTED,No,Possible Minor Injury,N/A,NOT DISTRACTED,MD,PASSENGER CAR,MOVING CONSTANT SPEED,20,No,2018,HYUNDAI,SD,39.14289232,-77.21720463,2023,12,8
230071634,Property Damage Crash,12/14/2023 08:13:00 AM,EAST WEST HWY,NA,SAME DIR REAR END,Clear,ICE,Daylight,TRAFFIC SIGNAL,NONE DETECTED,No,No Apparent Injury,"ICY OR SNOW-COVERED, N/A",NOT DISTRACTED,MD,PASSENGER CAR,SLOWING OR STOPPING,30,No,2021,TOYOTA,HIGHLANDER,38.99283667,-77.06042,2023,12,8
230071634,Property Damage Crash,12/14/2023 08:13:00 AM,EAST WEST HWY,NA,SAME DIR REAR END,Clear,ICE,Daylight,TRAFFIC SIGNAL,NONE DETECTED,Yes,No Apparent Injury,"ICY OR SNOW-COVERED, N/A",NOT DISTRACTED,MD,POLICE VEHICLE/EMERGENCY,SLOWING OR STOPPING,30,No,2007,TOYOTA,PRIUS,38.99283667,-77.06042,2023,12,8
230071628,Property Damage Crash,12/14/2023 08:01:00 AM,RANDOLPH RD,NA,STRAIGHT MOVEMENT ANGLE,Clear,DRY,Daylight,NO CONTROLS,NONE DETECTED,No,No Apparent Injury,N/A,NOT DISTRACTED,MD,PASSENGER CAR,MOVING CONSTANT SPEED,40,No,2007,HONDA,ACCORD,39.0739226,-77.00659119,2023,12,8
230071628,Property Damage Crash,12/14/2023 08:01:00 AM,RANDOLPH RD,NA,STRAIGHT MOVEMENT ANGLE,Clear,DRY,Daylight,NO CONTROLS,NONE DETECTED,Yes,No Apparent Injury,N/A,LOOKED BUT DID NOT SEE,MD,PASSENGER CAR,MAKING LEFT TURN,40,No,2019,MERZ,E300,39.0739226,-77.00659119,2023,12,8
230071633,Property Damage Crash,12/14/2023 07:52:00 AM,FREDERICK RD,NA,SAME DIR REAR END,Clear,DRY,Daylight,TRAFFIC SIGNAL,NONE DETECTED,Yes,No Apparent Injury,N/A,NOT DISTRACTED,MD,PASSENGER CAR,MOVING CONSTANT SPEED,40,No,2020,TOYT,SD,39.10825517,-77.15963417,2023,12,7
230071633,Property Damage Crash,12/14/2023 07:52:00 AM,FREDERICK RD,NA,SAME DIR REAR END,Clear,DRY,Daylight,TRAFFIC SIGNAL,NONE DETECTED,No,No Apparent Injury,N/A,NOT DISTRACTED,MD,PASSENGER CAR,SLOWING OR STOPPING,40,No,2016,PORS,UT,39.10825517,-77.15963417,2023,12,7
230071630,Injury Crash,12/14/2023 07:50:00 AM,CONNECTICUT AVE,NA,STRAIGHT MOVEMENT ANGLE,Clear,DRY,Daylight,NO CONTROLS,NONE DETECTED,No,Possible Minor Injury,N/A,NOT DISTRACTED,MD,PASSENGER CAR,MOVING CONSTANT SPEED,35,No,1998,ACURA,INTEGRA,39.06905117,-77.07540333,2023,12,7
230071630,Injury Crash,12/14/2023 07:50:00 AM,CONNECTICUT AVE,NA,STRAIGHT MOVEMENT ANGLE,Clear,DRY,Daylight,NO CONTROLS,NONE DETECTED,Yes,No Apparent Injury,N/A,NOT DISTRACTED,MD,PASSENGER CAR,ACCELERATING,15,No,2014,JEEP,CHEROKEE,39.06905117,-77.07540333,2023,12,7
230071626,Injury Crash,12/14/2023 07:27:00 AM,SOUTHLAWN LA,NA,SAME DIRECTION SIDESWIPE,Clear,ICE,Daylight,NO CONTROLS,NONE DETECTED,No,No Apparent Injury,"ICY OR SNOW-COVERED, N/A",NOT DISTRACTED,DE,"OTHER LIGHT TRUCKS (10,000LBS (4,536KG) OR LESS)",STOPPED IN TRAFFIC LANE,40,No,2018,KENW,TR,39.098163,-77.1362795,2023,12,7
230071626,Injury Crash,12/14/2023 07:27:00 AM,SOUTHLAWN LA,NA,SAME DIRECTION SIDESWIPE,Clear,ICE,Daylight,NO CONTROLS,NONE DETECTED,Yes,Possible Minor Injury,"ICY OR SNOW-COVERED, N/A",NOT DISTRACTED,NY,PASSENGER CAR,MOVING CONSTANT SPEED,40,No,2022,TOYOTA,RAV4,39.098163,-77.1362795,2023,12,7
230071625,Property Damage Crash,12/14/2023 07:24:00 AM,NA,NA,OTHER,Clear,NA,Daylight,N/A,NONE DETECTED,Yes,No Apparent Injury,N/A,UNKNOWN,MD,OTHER,MAKING LEFT TURN,0,No,2014,MACK,TRASH TRK,39.11720067,-77.17247913,2023,12,7
230071622,Injury Crash,12/14/2023 07:22:00 AM,MIDDLEBROOK RD,NA,STRAIGHT MOVEMENT ANGLE,Clear,DRY,Daylight,STOP SIGN,NONE DETECTED,Yes,Possible Minor Injury,N/A,UNKNOWN,MD,PASSENGER CAR,MAKING LEFT TURN,40,No,2010,DODGE,CARAVAN,39.179394,-77.23993067,2023,12,7
230071622,Injury Crash,12/14/2023 07:22:00 AM,MIDDLEBROOK RD,NA,STRAIGHT MOVEMENT ANGLE,Clear,DRY,Daylight,STOP SIGN,NONE DETECTED,No,Possible Minor Injury,N/A,NOT DISTRACTED,MD,STATION WAGON,MOVING CONSTANT SPEED,40,No,2018,MERCEDEZ BENS,GLE,39.179394,-77.23993067,2023,12,7
230071621,Property Damage Crash,12/14/2023 07:05:00 AM,GEORGIA AVE,NA,SINGLE VEHICLE,Clear,DRY,Medium,NO CONTROLS,NONE DETECTED,No,No Apparent Injury,"ANIMAL, N/A",NOT DISTRACTED,MD,PASSENGER CAR,MOVING CONSTANT SPEED,40,No,2021,SUBARU,IMPREZA,39.16325233,-77.06175933,2023,12,7
230071615,Injury Crash,12/14/2023 06:15:00 AM,COLUMBIA PIKE,NA,SAME DIR REAR END,Clear,DRY,Dark,NO CONTROLS,NONE DETECTED,Yes,Possible Minor Injury,N/A,UNKNOWN,MD,POLICE VEHICLE/EMERGENCY,MOVING CONSTANT SPEED,50,No,2022,FORD,EXPLORER,39.071487,-76.95714667,2023,12,6
230071615,Injury Crash,12/14/2023 06:15:00 AM,COLUMBIA PIKE,NA,SAME DIR REAR END,Clear,DRY,Dark,NO CONTROLS,NONE DETECTED,No,No Apparent Injury,N/A,UNKNOWN,MD,(SPORT) UTILITY VEHICLE,MOVING CONSTANT SPEED,50,No,2022,TOYOTA,HIGHLANDER,39.071487,-76.95714667,2023,12,6
230071614,Property Damage Crash,12/14/2023 06:00:00 AM,COLUMBIA PIKE,NA,SAME DIR REAR END,Clear,DRY,Medium,TRAFFIC SIGNAL,NONE DETECTED,No,No Apparent Injury,N/A,NOT DISTRACTED,MD,PASSENGER CAR,STOPPED IN TRAFFIC LANE,50,No,2010,MITS,LANCER,39.06759333,-76.95857167,2023,12,6
230071614,Property Damage Crash,12/14/2023 06:00:00 AM,COLUMBIA PIKE,NA,SAME DIR REAR END,Clear,DRY,Medium,TRAFFIC SIGNAL,NONE DETECTED,Yes,No Apparent Injury,N/A,UNKNOWN,NA,UNKNOWN,MOVING CONSTANT SPEED,50,No,0,UNKNOWN,UNKNOWN,39.06759333,-76.95857167,2023,12,6
230071614,Property Damage Crash,12/14/2023 06:00:00 AM,COLUMBIA PIKE,NA,SAME DIR REAR END,Clear,DRY,Medium,TRAFFIC SIGNAL,NONE DETECTED,No,No Apparent Injury,N/A,NOT DISTRACTED,MD,PASSENGER CAR,STOPPED IN TRAFFIC LANE,50,No,2023,TOYT,UT,39.06759333,-76.95857167,2023,12,6
230071592,Property Damage Crash,12/13/2023 11:00:00 PM,SNOWDEN FARM PKWY (PROP),NA,SINGLE VEHICLE,Clear,DRY,Medium,NO CONTROLS,NONE DETECTED,Yes,No Apparent Injury,N/A,NOT DISTRACTED,MD,PASSENGER CAR,MOVING CONSTANT SPEED,40,No,2006,MAZDA,MIATA,38.99365383,-77.06043167,2023,12,23
230071594,Property Damage Crash,12/13/2023 11:00:00 PM,HUNGERFORD DR,NA,SINGLE VEHICLE,Clear,DRY,Medium,NO CONTROLS,NONE DETECTED,Yes,No Apparent Injury,N/A,NOT DISTRACTED,MD,PASSENGER CAR,MOVING CONSTANT SPEED,35,No,2023,CHEV,EQUINOX,39.09555667,-77.153365,2023,12,23
230071591,Injury Crash,12/13/2023 10:16:00 PM,ROCKVILLE PIKE,NA,SAME DIRECTION RIGHT TURN,Clear,DRY,Medium,NO CONTROLS,NONE DETECTED,No,Possible Minor Injury,N/A,NOT DISTRACTED,MD,PASSENGER CAR,MOVING CONSTANT SPEED,45,No,2021,CHEV,BLAZER,39.02583483,-77.10349333,2023,12,22
230071591,Injury Crash,12/13/2023 10:16:00 PM,ROCKVILLE PIKE,NA,SAME DIRECTION RIGHT TURN,Clear,DRY,Medium,NO CONTROLS,NONE DETECTED,Yes,No Apparent Injury,N/A,LOOKED BUT DID NOT SEE,DC,PASSENGER CAR,MAKING RIGHT TURN,45,No,2016,BMW,3201,39.02583483,-77.10349333,2023,12,22
230071589,Property Damage Crash,12/13/2023 09:30:00 PM,GLEN RD,NA,STRAIGHT MOVEMENT ANGLE,Clear,DRY,Dark,STOP SIGN,NONE DETECTED,Unknown,No Apparent Injury,N/A,NOT DISTRACTED,MD,PASSENGER CAR,STARTING FROM LANE,30,No,2014,NISSAN,ROGUE,39.04873833,-77.233165,2023,12,21
230071589,Property Damage Crash,12/13/2023 09:30:00 PM,GLEN RD,NA,STRAIGHT MOVEMENT ANGLE,Clear,DRY,Dark,STOP SIGN,NONE DETECTED,Unknown,No Apparent Injury,N/A,NOT DISTRACTED,MD,PASSENGER CAR,STARTING FROM LANE,30,No,2008,SUBA,4S,39.04873833,-77.233165,2023,12,21
230071586,Property Damage Crash,12/13/2023 08:41:00 PM,RIDGE RD,NA,SAME DIR REAR END,Clear,DRY,Medium,NO CONTROLS,NONE DETECTED,No,No Apparent Injury,N/A,NOT DISTRACTED,MD,PASSENGER CAR,ACCELERATING,40,No,2004,TOYOTA,CAMRY,39.25580167,-77.22655,2023,12,20
230071586,Property Damage Crash,12/13/2023 08:41:00 PM,RIDGE RD,NA,SAME DIR REAR END,Clear,DRY,Medium,NO CONTROLS,ALCOHOL PRESENT,Yes,No Apparent Injury,N/A,UNKNOWN,MD,PASSENGER CAR,MOVING CONSTANT SPEED,40,No,2001,LEXUS,ES300,39.25580167,-77.22655,2023,12,20
230071571,Injury Crash,12/13/2023 07:29:00 PM,DOVER RD,NA,SAME DIR REAR END,Clear,DRY,Medium,NO CONTROLS,NONE DETECTED,Yes,Possible Minor Injury,N/A,LOOKED BUT DID NOT SEE,MD,(SPORT) UTILITY VEHICLE,MOVING CONSTANT SPEED,25,No,2007,TOYOTA,RAV4,39.09845183,-77.14195217,2023,12,19
230071565,Injury Crash,12/13/2023 06:50:00 PM,FREDERICK RD,NA,HEAD ON LEFT TURN,Cloudy,DRY,Medium,TRAFFIC SIGNAL,NONE DETECTED,Yes,Possible Minor Injury,N/A,LOOKED BUT DID NOT SEE,MD,PASSENGER CAR,MAKING LEFT TURN,45,No,2017,TOYOTA,COROLLA,39.198274,-77.245238,2023,12,18
230071565,Injury Crash,12/13/2023 06:50:00 PM,FREDERICK RD,NA,HEAD ON LEFT TURN,Cloudy,DRY,Medium,TRAFFIC SIGNAL,NONE DETECTED,No,Possible Minor Injury,N/A,NOT DISTRACTED,MD,PICKUP TRUCK,MOVING CONSTANT SPEED,45,No,2017,TOYTOTA,TACOMA,39.198274,-77.245238,2023,12,18
230071552,Injury Crash,12/13/2023 05:50:00 PM,MIDCOUNTY HWY,NA,SAME DIR REAR END,Clear,DRY,Medium,TRAFFIC SIGNAL,NONE DETECTED,Yes,No Apparent Injury,N/A,NOT DISTRACTED,MD,PASSENGER CAR,SLOWING OR STOPPING,50,No,2014,CHEV,4S,39.15922,-77.197975,2023,12,17
230071552,Injury Crash,12/13/2023 05:50:00 PM,MIDCOUNTY HWY,NA,SAME DIR REAR END,Clear,DRY,Medium,TRAFFIC SIGNAL,NONE DETECTED,No,No Apparent Injury,N/A,NOT DISTRACTED,MD,PASSENGER CAR,SLOWING OR STOPPING,50,No,2016,FORD,TK,39.15922,-77.197975,2023,12,17
230071551,Injury Crash,12/13/2023 05:37:00 PM,MUDDY BRANCH RD,NA,STRAIGHT MOVEMENT ANGLE,Clear,DRY,Medium,TRAFFIC SIGNAL,NONE DETECTED,Yes,No Apparent Injury,N/A,UNKNOWN,MD,PASSENGER CAR,MAKING LEFT TURN,45,No,2016,TOYT,SD,39.13650267,-77.2054085,2023,12,17
230071551,Injury Crash,12/13/2023 05:37:00 PM,MUDDY BRANCH RD,NA,STRAIGHT MOVEMENT ANGLE,Clear,DRY,Medium,TRAFFIC SIGNAL,NONE DETECTED,No,Possible Minor Injury,N/A,NOT DISTRACTED,MD,PASSENGER CAR,MOVING CONSTANT SPEED,45,No,2010,HOND,4S,39.13650267,-77.2054085,2023,12,17
230071542,Property Damage Crash,12/13/2023 04:40:00 PM,HAWKINS CREAMERY RD,NA,STRAIGHT MOVEMENT ANGLE,Clear,DRY,Medium,STOP SIGN,NONE DETECTED,No,No Apparent Injury,N/A,NOT DISTRACTED,MD,PASSENGER CAR,MOVING CONSTANT SPEED,35,No,2014,TOYT,SCION XB,39.262826,-77.1726745,2023,12,16
230071542,Property Damage Crash,12/13/2023 04:40:00 PM,HAWKINS CREAMERY RD,NA,STRAIGHT MOVEMENT ANGLE,Clear,DRY,Medium,STOP SIGN,NONE DETECTED,Yes,No Apparent Injury,N/A,INATTENTIVE OR LOST IN THOUGHT,MD,PASSENGER CAR,ACCELERATING,35,No,2003,TOYOTA,HIGHLANDER,39.262826,-77.1726745,2023,12,16
230071538,Injury Crash,12/13/2023 04:35:00 PM,ASHTON RD,NA,HEAD ON LEFT TURN,Clear,DRY,Daylight,TRAFFIC SIGNAL,NONE DETECTED,Yes,No Apparent Injury,N/A,LOOKED BUT DID NOT SEE,XX,PASSENGER CAR,MAKING LEFT TURN,30,No,2011,ACUR,SD,39.14943833,-77.01226167,2023,12,16
230071538,Injury Crash,12/13/2023 04:35:00 PM,ASHTON RD,NA,HEAD ON LEFT TURN,Clear,DRY,Daylight,TRAFFIC SIGNAL,NONE DETECTED,No,Possible Minor Injury,N/A,NOT DISTRACTED,MD,(SPORT) UTILITY VEHICLE,MOVING CONSTANT SPEED,30,No,2009,NISS,TK,39.14943833,-77.01226167,2023,12,16
230071546,Property Damage Crash,12/13/2023 04:24:00 PM,OLD GEORGETOWN RD,NA,SAME DIRECTION SIDESWIPE,Clear,DRY,Daylight,NO CONTROLS,NONE DETECTED,No,No Apparent Injury,N/A,UNKNOWN,NA,NA,LEAVING TRAFFIC LANE,35,No,0,UNKNOWN,UNKNOWN,39.01469675,-77.1186692,2023,12,16
230071546,Property Damage Crash,12/13/2023 04:24:00 PM,OLD GEORGETOWN RD,NA,SAME DIRECTION SIDESWIPE,Clear,DRY,Daylight,NO CONTROLS,NONE DETECTED,Yes,No Apparent Injury,N/A,NOT DISTRACTED,MD,TRANSIT BUS,PASSING,35,No,2022,NFLY,BU,39.01469675,-77.1186692,2023,12,16
230071531,Property Damage Crash,12/13/2023 04:19:00 PM,NA,NA,SINGLE VEHICLE,Clear,NA,Daylight,N/A,NONE DETECTED,Yes,No Apparent Injury,N/A,UNKNOWN,MD,SCHOOL BUS,MOVING CONSTANT SPEED,10,No,2023,THOMAS FRHT,SB,39.08343599,-77.23235782,2023,12,16
230071527,Property Damage Crash,12/13/2023 03:59:00 PM,SHADY GROVE RD,NA,STRAIGHT MOVEMENT ANGLE,Clear,DRY,Daylight,TRAFFIC SIGNAL,NONE DETECTED,Unknown,No Apparent Injury,N/A,UNKNOWN,MD,PASSENGER CAR,MOVING CONSTANT SPEED,40,No,2011,TOYT,TK,39.1095325,-77.188257,2023,12,15
230071527,Property Damage Crash,12/13/2023 03:59:00 PM,SHADY GROVE RD,NA,STRAIGHT MOVEMENT ANGLE,Clear,DRY,Daylight,TRAFFIC SIGNAL,NONE DETECTED,Unknown,No Apparent Injury,N/A,UNKNOWN,MD,PASSENGER CAR,MOVING CONSTANT SPEED,40,No,2016,HOND,4S,39.1095325,-77.188257,2023,12,15
230071512,Injury Crash,12/13/2023 03:10:00 PM,DARNESTOWN RD,NA,SAME DIR REAR END,Clear,DRY,Daylight,TRAFFIC SIGNAL,NONE DETECTED,Yes,Possible Minor Injury,N/A,UNKNOWN,MD,PASSENGER CAR,MOVING CONSTANT SPEED,30,No,2006,TOYT,SOLARA PC,39.11582043,-77.24668618,2023,12,15
230071512,Injury Crash,12/13/2023 03:10:00 PM,DARNESTOWN RD,NA,SAME DIR REAR END,Clear,DRY,Daylight,TRAFFIC SIGNAL,NONE DETECTED,No,No Apparent Injury,N/A,NOT DISTRACTED,MD,PASSENGER CAR,SLOWING OR STOPPING,30,No,2016,AUDI,Q5 TK,39.11582043,-77.24668618,2023,12,15
230071512,Injury Crash,12/13/2023 03:10:00 PM,DARNESTOWN RD,NA,SAME DIR REAR END,Clear,DRY,Daylight,TRAFFIC SIGNAL,NONE DETECTED,No,No Apparent Injury,N/A,NOT DISTRACTED,MD,PASSENGER CAR,SLOWING OR STOPPING,30,No,2006,HOND,ODYSSEY PV,39.11582043,-77.24668618,2023,12,15
230071515,Property Damage Crash,12/13/2023 03:06:00 PM,WINDHAM LA,NA,OTHER,Clear,DRY,Daylight,NO CONTROLS,NONE DETECTED,No,No Apparent Injury,N/A,NOT DISTRACTED,MD,(SPORT) UTILITY VEHICLE,STOPPED IN TRAFFIC LANE,35,No,2022,HONDA,SUV,39.1842335,-77.26373167,2023,12,15
230071515,Property Damage Crash,12/13/2023 03:06:00 PM,WINDHAM LA,NA,OTHER,Clear,DRY,Daylight,NO CONTROLS,NONE DETECTED,Yes,No Apparent Injury,N/A,UNKNOWN,NA,PASSENGER CAR,SLOWING OR STOPPING,35,No,1900,HONDA,CIVIC,39.1842335,-77.26373167,2023,12,15
230071515,Property Damage Crash,12/13/2023 03:06:00 PM,WINDHAM LA,NA,OTHER,Clear,DRY,Daylight,NO CONTROLS,NONE DETECTED,No,No Apparent Injury,N/A,NOT DISTRACTED,MD,PASSENGER CAR,STOPPED IN TRAFFIC LANE,35,No,2014,BMW,428,39.1842335,-77.26373167,2023,12,15
230071507,Property Damage Crash,12/13/2023 02:35:00 PM,OLD GEORGETOWN RD,NA,SAME DIR REAR END,Clear,DRY,Daylight,N/A,NONE DETECTED,Yes,No Apparent Injury,"BACKUP DUE TO REGULAR CONGESTION, N/A",UNKNOWN,MD,"OTHER LIGHT TRUCKS (10,000LBS (4,536KG) OR LESS)",SLOWING OR STOPPING,35,No,2015,FORD,E-350,39.03553817,-77.12452917,2023,12,14
230071507,Property Damage Crash,12/13/2023 02:35:00 PM,OLD GEORGETOWN RD,NA,SAME DIR REAR END,Clear,DRY,Daylight,N/A,NONE DETECTED,No,No Apparent Injury,"BACKUP DUE TO REGULAR CONGESTION, N/A",NOT DISTRACTED,MD,(SPORT) UTILITY VEHICLE,STOPPED IN TRAFFIC LANE,35,No,2021,TESLA,MODEL Y,39.03553817,-77.12452917,2023,12,14
230071674,Property Damage Crash,12/13/2023 02:30:00 PM,NA,NA,OTHER,Clear,NA,Daylight,NO CONTROLS,NONE DETECTED,Yes,No Apparent Injury,N/A,NOT DISTRACTED,NA,PASSENGER CAR,BACKING,5,No,0,UNKNOWN,UNKNOWN,39.08685739,-76.94791347,2023,12,14
230071584,Property Damage Crash,12/13/2023 02:00:00 PM,DECOVERLY DR,NA,SAME DIR REAR END,Clear,DRY,Daylight,NO CONTROLS,NONE DETECTED,No,No Apparent Injury,N/A,NOT DISTRACTED,MD,(SPORT) UTILITY VEHICLE,STOPPED IN TRAFFIC LANE,35,No,2012,TOYOTA,RAV 4,39.10615274,-77.20810994,2023,12,14
230071584,Property Damage Crash,12/13/2023 02:00:00 PM,DECOVERLY DR,NA,SAME DIR REAR END,Clear,DRY,Daylight,NO CONTROLS,NONE DETECTED,Yes,No Apparent Injury,N/A,UNKNOWN,NA,PASSENGER CAR,MOVING CONSTANT SPEED,35,No,2016,HONDA,CIVIC,39.10615274,-77.20810994,2023,12,14
230071466,Property Damage Crash,12/13/2023 12:02:00 PM,PHILADELPHIA AVE,NA,SINGLE VEHICLE,Clear,DRY,Daylight,N/A,NONE DETECTED,Yes,No Apparent Injury,N/A,NOT DISTRACTED,MD,TRANSIT BUS,STARTING FROM PARKED,20,No,2019,WMATA,BU,38.98622467,-77.02088017,2023,12,12
230071464,Injury Crash,12/13/2023 11:44:00 AM,CHEVY CHASE LAKE DR,NA,SINGLE VEHICLE,Cloudy,DRY,Daylight,NO CONTROLS,NONE DETECTED,Yes,Possible Minor Injury,N/A,NOT DISTRACTED,MD,PASSENGER CAR,MAKING RIGHT TURN,10,No,2014,FORD,ESCAPE,38.994,-77.07591167,2023,12,11
230071467,Property Damage Crash,12/13/2023 11:36:00 AM,GEORGIA AVE,NA,SAME DIR REAR END,Cloudy,DRY,Daylight,FLASHING TRAFFIC SIGNAL,NONE DETECTED,No,No Apparent Injury,N/A,NOT DISTRACTED,MD,PASSENGER CAR,SLOWING OR STOPPING,45,No,2011,MERCEDES,C300,39.13465167,-77.06984567,2023,12,11
230071467,Property Damage Crash,12/13/2023 11:36:00 AM,GEORGIA AVE,NA,SAME DIR REAR END,Cloudy,DRY,Daylight,FLASHING TRAFFIC SIGNAL,NONE DETECTED,No,No Apparent Injury,N/A,NOT DISTRACTED,MD,PASSENGER CAR,SLOWING OR STOPPING,45,No,2021,INFINTI,Q50,39.13465167,-77.06984567,2023,12,11