Local Case Number,ACRS Report Type,Crash Date/Time,Road Name,Related Non-Motorist,Collision Type,Weather,Surface Condition,Light,Traffic Control,Driver Substance Abuse,Driver At Fault,Injury Severity,Circumstance,Driver Distracted By,Drivers License State,Vehicle Body Type,Vehicle Movement,Speed Limit,Driverless Vehicle,Vehicle Year,Vehicle Make,Vehicle Model,Latitude,Longitude,Year,Month,Hour
230071467,Property Damage Crash,12/13/2023 11:36:00 AM,GEORGIA AVE,NA,SAME DIR REAR END,Cloudy,DRY,Daylight,FLASHING TRAFFIC SIGNAL,NONE DETECTED,Yes,No Apparent Injury,N/A,NOT DISTRACTED,DE,PASSENGER CAR,MOVING CONSTANT SPEED,45,No,2019,HHONDA,ODYSSEY,39.13465167,-77.06984567,2023,12,11
230071435,Property Damage Crash,12/13/2023 09:04:00 AM,GEORGIA AVE,NA,SAME DIRECTION RIGHT TURN,Clear,DRY,Daylight,NO CONTROLS,NONE DETECTED,Yes,No Apparent Injury,N/A,UNKNOWN,DC,PASSENGER CAR,CHANGING LANES,35,No,2021,BMW,UT,39.02204,-77.04510333,2023,12,9
230071435,Property Damage Crash,12/13/2023 09:04:00 AM,GEORGIA AVE,NA,SAME DIRECTION RIGHT TURN,Clear,DRY,Daylight,NO CONTROLS,NONE DETECTED,No,No Apparent Injury,N/A,UNKNOWN,DC,TRANSIT BUS,ACCELERATING,35,No,2010,TBU,BUS,39.02204,-77.04510333,2023,12,9
230071226,Property Damage Crash,12/13/2023 08:32:00 AM,DAMASCUS RD,NA,SAME DIRECTION SIDESWIPE,Clear,DRY,Daylight,NO CONTROLS,NONE DETECTED,Yes,No Apparent Injury,N/A,NOT DISTRACTED,MD,PASSENGER CAR,SLOWING OR STOPPING,50,No,2014,GMC,ACADIA,39.28409101,-77.18061737,2023,12,8
230071226,Property Damage Crash,12/13/2023 08:32:00 AM,DAMASCUS RD,NA,SAME DIRECTION SIDESWIPE,Clear,DRY,Daylight,NO CONTROLS,NONE DETECTED,Yes,No Apparent Injury,N/A,NOT DISTRACTED,MD,"CARGO VAN/LIGHT TRUCK 2 AXLES (OVER 10,000LBS (4,536 KG))",MOVING CONSTANT SPEED,50,No,2000,FORD,F350,39.28409101,-77.18061737,2023,12,8
230071426,Injury Crash,12/13/2023 08:13:00 AM,OLNEY LAYTONSVILLE RD,NA,SAME DIR REAR END,Cloudy,DRY,Daylight,NO CONTROLS,NONE DETECTED,Yes,No Apparent Injury,N/A,UNKNOWN,NA,NA,MOVING CONSTANT SPEED,40,No,0,UNKNOWN,UNKNOWN,39.169395,-77.089404,2023,12,8
230071426,Injury Crash,12/13/2023 08:13:00 AM,OLNEY LAYTONSVILLE RD,NA,SAME DIR REAR END,Cloudy,DRY,Daylight,NO CONTROLS,NONE DETECTED,No,Possible Minor Injury,N/A,NOT DISTRACTED,MD,PASSENGER CAR,MOVING CONSTANT SPEED,40,No,2019,HONDA,CIVIC,39.169395,-77.089404,2023,12,8
230071421,Property Damage Crash,12/13/2023 08:00:00 AM,SPARTAN RD,NA,HEAD ON,Clear,DRY,Daylight,STOP SIGN,NONE DETECTED,Yes,No Apparent Injury,N/A,UNKNOWN,MD,PASSENGER CAR,ACCELERATING,30,No,2017,AUDI,Q7,39.15855667,-77.04933833,2023,12,8
230071421,Property Damage Crash,12/13/2023 08:00:00 AM,SPARTAN RD,NA,HEAD ON,Clear,DRY,Daylight,STOP SIGN,NONE DETECTED,No,No Apparent Injury,N/A,NOT DISTRACTED,MD,PASSENGER CAR,SLOWING OR STOPPING,30,No,2013,LEXUS,4S,39.15855667,-77.04933833,2023,12,8
230071412,Injury Crash,12/13/2023 07:00:00 AM,NEW HAMPSHIRE AVE,NA,SAME DIR REAR END,Clear,DRY,Medium,NO CONTROLS,NONE DETECTED,No,Possible Minor Injury,N/A,NOT DISTRACTED,MD,(SPORT) UTILITY VEHICLE,SLOWING OR STOPPING,40,No,2003,HONDA,PILOT,39.0634945,-76.99930417,2023,12,7
230071412,Injury Crash,12/13/2023 07:00:00 AM,NEW HAMPSHIRE AVE,NA,SAME DIR REAR END,Clear,DRY,Medium,NO CONTROLS,NONE DETECTED,Yes,No Apparent Injury,N/A,OTHER DISTRACTION,MD,VAN,MOVING CONSTANT SPEED,40,No,2016,NISSAN,NV3500,39.0634945,-76.99930417,2023,12,7
230071411,Injury Crash,12/13/2023 06:30:00 AM,OLD HUNDRED RD,NA,ANGLE MEETS LEFT TURN,Clear,DRY,Medium,STOP SIGN,NONE DETECTED,Yes,No Apparent Injury,N/A,NOT DISTRACTED,MD,PASSENGER CAR,MAKING LEFT TURN,40,No,2014,HONDA,ACCORD,39.27742167,-77.324995,2023,12,6
230071411,Injury Crash,12/13/2023 06:30:00 AM,OLD HUNDRED RD,NA,ANGLE MEETS LEFT TURN,Clear,DRY,Medium,STOP SIGN,NONE DETECTED,No,Possible Minor Injury,N/A,NOT DISTRACTED,MD,PASSENGER CAR,MOVING CONSTANT SPEED,40,No,2021,HONDA,CRV,39.27742167,-77.324995,2023,12,6
230071410,Property Damage Crash,12/13/2023 05:29:00 AM,GAINSBORO RD,NA,HEAD ON,Clear,DRY,Dark,NO CONTROLS,ALCOHOL PRESENT,Yes,No Apparent Injury,N/A,UNKNOWN,MD,PASSENGER CAR,UNKNOWN,10,No,2017,HONDA,4D,39.072147029999996,-77.12399113,2023,12,5
230071409,Property Damage Crash,12/13/2023 05:21:00 AM,LYTTONSVILLE RD,NA,OTHER,Clear,DRY,Medium,NO CONTROLS,NONE DETECTED,Yes,No Apparent Injury,N/A,INATTENTIVE OR LOST IN THOUGHT,MD,PASSENGER CAR,MOVING CONSTANT SPEED,25,No,2017,JEEP,WRANGLER,38.99764048,-77.0539655,2023,12,5
230071377,Property Damage Crash,12/12/2023 08:20:00 PM,ARCTIC AVE,NA,SAME DIRECTION SIDESWIPE,Clear,DRY,Dark,NO CONTROLS,NONE DETECTED,Yes,No Apparent Injury,N/A,NOT DISTRACTED,MD,PASSENGER CAR,MOVING CONSTANT SPEED,25,No,2012,KIA,SEDONA,39.08116613,-77.09663074,2023,12,20
230071377,Property Damage Crash,12/12/2023 08:20:00 PM,ARCTIC AVE,NA,SAME DIRECTION SIDESWIPE,Clear,DRY,Dark,NO CONTROLS,NONE DETECTED,No,No Apparent Injury,N/A,NOT DISTRACTED,MD,POLICE VEHICLE/NON EMERGENCY,PARKED,25,No,2020,FORD,EDGE,39.08116613,-77.09663074,2023,12,20
230071388,Property Damage Crash,12/12/2023 08:00:00 PM,NA,NA,SAME DIRECTION SIDESWIPE,Clear,NA,Medium,NO CONTROLS,NONE DETECTED,Yes,No Apparent Injury,N/A,UNKNOWN,MD,"CARGO VAN/LIGHT TRUCK 2 AXLES (OVER 10,000LBS (4,536 KG))",UNKNOWN,10,No,2018,FORD,F450,39.14889712,-77.2093624,2023,12,20
230071363,Injury Crash,12/12/2023 06:59:00 PM,CHERRY HILL RD,NA,HEAD ON LEFT TURN,Clear,DRY,Medium,TRAFFIC SIGNAL,NONE DETECTED,Unknown,Suspected Serious Injury,N/A,UNKNOWN,MD,PASSENGER CAR,MOVING CONSTANT SPEED,40,No,2013,MERCEDES,E350,39.056085,-76.9542885,2023,12,18
230071363,Injury Crash,12/12/2023 06:59:00 PM,CHERRY HILL RD,NA,HEAD ON LEFT TURN,Clear,DRY,Medium,TRAFFIC SIGNAL,NONE DETECTED,Unknown,Possible Minor Injury,N/A,UNKNOWN,MD,PASSENGER CAR,MAKING LEFT TURN,40,No,2016,TOYOTA,HIGHLANDER,39.056085,-76.9542885,2023,12,18
230071350,Injury Crash,12/12/2023 06:04:00 PM,RIDGEMONT AVE,NA,STRAIGHT MOVEMENT ANGLE,Clear,DRY,Medium,STOP SIGN,NONE DETECTED,Yes,No Apparent Injury,N/A,LOOKED BUT DID NOT SEE,MD,(SPORT) UTILITY VEHICLE,ACCELERATING,25,No,2012,AUDI,Q5,39.11676385,-77.17430978,2023,12,18
230071350,Injury Crash,12/12/2023 06:04:00 PM,RIDGEMONT AVE,NA,STRAIGHT MOVEMENT ANGLE,Clear,DRY,Medium,STOP SIGN,NONE DETECTED,No,Possible Minor Injury,N/A,NOT DISTRACTED,MD,PASSENGER CAR,MOVING CONSTANT SPEED,25,No,2018,TOYOTA,CAMRY,39.11676385,-77.17430978,2023,12,18
230071347,Property Damage Crash,12/12/2023 05:43:00 PM,W MONTGOMERY AVE,NA,OTHER,Clear,DRY,Medium,STOP SIGN,NONE DETECTED,Yes,No Apparent Injury,N/A,UNKNOWN,MD,PASSENGER CAR,STARTING FROM PARKED,35,No,2005,TOYT,SD,39.08414882,-77.15476825,2023,12,17
230071347,Property Damage Crash,12/12/2023 05:43:00 PM,W MONTGOMERY AVE,NA,OTHER,Clear,DRY,Medium,STOP SIGN,NONE DETECTED,No,No Apparent Injury,N/A,UNKNOWN,MD,PASSENGER CAR,ACCELERATING,35,No,2018,TOYT,4S,39.08414882,-77.15476825,2023,12,17
230071327,Property Damage Crash,12/12/2023 04:21:00 PM,BRINK RD,NA,SINGLE VEHICLE,Clear,DRY,Medium,NO CONTROLS,NONE DETECTED,Yes,No Apparent Injury,N/A,UNKNOWN,MD,PASSENGER CAR,MOVING CONSTANT SPEED,35,No,2018,TOYOTA,COROLLA,39.2103035,-77.15826317,2023,12,16
230071322,Injury Crash,12/12/2023 04:06:00 PM,GEORGIA AVE,NA,SAME DIRECTION RIGHT TURN,Clear,DRY,Daylight,NO CONTROLS,NONE DETECTED,No,No Apparent Injury,N/A,NOT DISTRACTED,MD,PASSENGER CAR,MOVING CONSTANT SPEED,35,No,2007,LEXS,SD,39.0107805,-77.04064767,2023,12,16
230071322,Injury Crash,12/12/2023 04:06:00 PM,GEORGIA AVE,NA,SAME DIRECTION RIGHT TURN,Clear,DRY,Daylight,NO CONTROLS,NONE DETECTED,Yes,No Apparent Injury,N/A,NOT DISTRACTED,DC,PASSENGER CAR,CHANGING LANES,35,No,2016,TOYOTA,HIGHLANDER,39.0107805,-77.04064767,2023,12,16
230071321,Property Damage Crash,12/12/2023 04:03:00 PM,UNIVERSITY BLVD W,NA,SINGLE VEHICLE,Clear,DRY,Daylight,NO CONTROLS,NONE DETECTED,Yes,No Apparent Injury,N/A,UNKNOWN,MD,PASSENGER CAR,MOVING CONSTANT SPEED,35,No,2017,LEXUS,RX,39.03534189,-77.06847291,2023,12,16
230071305,Injury Crash,12/12/2023 03:00:00 PM,NORWOOD RD,NA,HEAD ON,Clear,N/A,Daylight,NO CONTROLS,NONE DETECTED,Yes,Possible Minor Injury,N/A,UNKNOWN,MD,PASSENGER CAR,MOVING CONSTANT SPEED,40,No,2011,HYUNDAI,SONATA,39.131242,-77.02984633,2023,12,15
230071305,Injury Crash,12/12/2023 03:00:00 PM,NORWOOD RD,NA,HEAD ON,Clear,N/A,Daylight,NO CONTROLS,NONE DETECTED,No,Possible Minor Injury,N/A,NOT DISTRACTED,MD,PASSENGER CAR,MOVING CONSTANT SPEED,40,No,2016,CHEV,TK,39.131242,-77.02984633,2023,12,15
230071290,Injury Crash,12/12/2023 02:26:00 PM,OLNEY SANDY SPRING RD,NA,SINGLE VEHICLE,Clear,DRY,Daylight,NO CONTROLS,NONE DETECTED,Yes,Possible Minor Injury,N/A,NOT DISTRACTED,MD,PASSENGER CAR,MOVING CONSTANT SPEED,30,No,2021,FORD,ECOSPORT,39.15151833,-77.06367833,2023,12,14
230071275,Property Damage Crash,12/12/2023 12:50:00 PM,NA,NA,HEAD ON,Clear,NA,Daylight,NO CONTROLS,NONE DETECTED,Yes,No Apparent Injury,N/A,LOOKED BUT DID NOT SEE,MD,"CARGO VAN/LIGHT TRUCK 2 AXLES (OVER 10,000LBS (4,536 KG))",BACKING,0,No,2010,CHEVY,VN,39.05329167,-76.96215833,2023,12,12
230071275,Property Damage Crash,12/12/2023 12:50:00 PM,NA,NA,HEAD ON,Clear,NA,Daylight,NO CONTROLS,NONE DETECTED,No,No Apparent Injury,N/A,NOT DISTRACTED,MD,PASSENGER CAR,PARKED,0,No,2017,VOLKSWAGON,TIGUAN,39.05329167,-76.96215833,2023,12,12
230071259,Property Damage Crash,12/12/2023 10:49:00 AM,NORBECK RD,NA,SAME DIR REAR END,Clear,DRY,Daylight,N/A,NONE DETECTED,Yes,No Apparent Injury,N/A,NOT DISTRACTED,MD,TRUCK TRACTOR,MOVING CONSTANT SPEED,40,No,2011,INTL,PROSTAR PREMIUM,39.11236366,-77.06136726,2023,12,10
230071259,Property Damage Crash,12/12/2023 10:49:00 AM,NORBECK RD,NA,SAME DIR REAR END,Clear,DRY,Daylight,N/A,NONE DETECTED,No,No Apparent Injury,N/A,NOT DISTRACTED,MD,PASSENGER CAR,MOVING CONSTANT SPEED,40,No,2008,TOYT,HIGHLANDER,39.11236366,-77.06136726,2023,12,10
230071249,Property Damage Crash,12/12/2023 10:29:00 AM,WARING STATION RD,NA,SAME DIR REAR END,Clear,ICE,Daylight,NO CONTROLS,NONE DETECTED,Yes,No Apparent Injury,"ICY OR SNOW-COVERED, V WIPERS|W OTHER ENVIRONMENTAL",NOT DISTRACTED,MD,PICKUP TRUCK,MAKING LEFT TURN,30,No,2003,DODGE,RAM 1500,39.16944533,-77.24839667,2023,12,10
230071220,Property Damage Crash,12/12/2023 08:00:00 AM,S WASHINGTON ST,NA,STRAIGHT MOVEMENT ANGLE,Clear,DRY,Daylight,OTHER,NONE DETECTED,Yes,No Apparent Injury,N/A,NOT DISTRACTED,MD,POLICE VEHICLE/EMERGENCY,STARTING FROM LANE,35,No,2018,BMW,4S,39.0833025,-77.15284283,2023,12,8
230071220,Property Damage Crash,12/12/2023 08:00:00 AM,S WASHINGTON ST,NA,STRAIGHT MOVEMENT ANGLE,Clear,DRY,Daylight,OTHER,NONE DETECTED,No,No Apparent Injury,N/A,NOT DISTRACTED,MD,PASSENGER CAR,MOVING CONSTANT SPEED,35,No,2022,HYUN,UT,39.0833025,-77.15284283,2023,12,8
230071221,Injury Crash,12/12/2023 07:58:00 AM,AQUARIUS AVE,NA,SINGLE VEHICLE,Clear,DRY,Daylight,STOP SIGN,NONE DETECTED,Unknown,Possible Minor Injury,N/A,NOT DISTRACTED,MD,(SPORT) UTILITY VEHICLE,ACCELERATING,25,No,2015,BMW,X4,39.10005333,-77.059925,2023,12,7
230071214,Property Damage Crash,12/12/2023 07:40:00 AM,GERMANTOWN RD,NA,SINGLE VEHICLE,Clear,ICE,Daylight,NO CONTROLS,NONE DETECTED,Yes,No Apparent Injury,"ICY OR SNOW-COVERED, V WIPERS|W OTHER ENVIRONMENTAL",NOT DISTRACTED,MD,(SPORT) UTILITY VEHICLE,MOVING CONSTANT SPEED,35,No,2021,MERCEDES,GLC43,39.18352167,-77.25657,2023,12,7
230071873,Property Damage Crash,12/12/2023 06:30:00 AM,UNIVERSITY BLVD W,NA,SAME DIR REAR END,Clear,ICE,Medium,NO CONTROLS,NONE DETECTED,Yes,No Apparent Injury,"BACKUP DUE TO PRIOR CRASH, ICY OR SNOW-COVERED, N/A",DISTRACTED BY OUTSIDE PERSON OBJECT OR EVENT,MD,PASSENGER CAR,MOVING CONSTANT SPEED,35,No,2024,TOYT,CAMRY,39.02698731,-77.02024175,2023,12,6
230071873,Property Damage Crash,12/12/2023 06:30:00 AM,UNIVERSITY BLVD W,NA,SAME DIR REAR END,Clear,ICE,Medium,NO CONTROLS,NONE DETECTED,Yes,No Apparent Injury,"BACKUP DUE TO PRIOR CRASH, ICY OR SNOW-COVERED, N/A",DISTRACTED BY OUTSIDE PERSON OBJECT OR EVENT,VA,"MEDIUM/HEAVY TRUCKS 3 AXLES (OVER 10,000LBS (4,536KG))",MOVING CONSTANT SPEED,35,No,2017,MAC,COMMERCIAL TRACTOR,39.02698731,-77.02024175,2023,12,6
230071873,Property Damage Crash,12/12/2023 06:30:00 AM,UNIVERSITY BLVD W,NA,SAME DIR REAR END,Clear,ICE,Medium,NO CONTROLS,NONE DETECTED,Yes,No Apparent Injury,"BACKUP DUE TO PRIOR CRASH, ICY OR SNOW-COVERED, N/A",DISTRACTED BY OUTSIDE PERSON OBJECT OR EVENT,MD,PASSENGER CAR,MOVING CONSTANT SPEED,35,No,2000,MITS,UT,39.02698731,-77.02024175,2023,12,6
230071207,Injury Crash,12/12/2023 05:42:00 AM,FREDERICK RD,NA,OTHER,Snow,ICE,Medium,NO CONTROLS,NONE DETECTED,No,No Apparent Injury,"ICY OR SNOW-COVERED, SLEET, HAIL, FREEZ. RAIN",NOT DISTRACTED,MD,PASSENGER CAR,MOVING CONSTANT SPEED,40,No,2019,TOYOTA,COROLLA,39.11972667,-77.17294333,2023,12,5
230071207,Injury Crash,12/12/2023 05:42:00 AM,FREDERICK RD,NA,OTHER,Snow,ICE,Medium,NO CONTROLS,NONE DETECTED,Yes,No Apparent Injury,"ICY OR SNOW-COVERED, SLEET, HAIL, FREEZ. RAIN",INATTENTIVE OR LOST IN THOUGHT,MD,PASSENGER CAR,MOVING CONSTANT SPEED,40,No,2015,TOYOTA,SIENNA,39.11972667,-77.17294333,2023,12,5
230071207,Injury Crash,12/12/2023 05:42:00 AM,FREDERICK RD,NA,OTHER,Snow,ICE,Medium,NO CONTROLS,NONE DETECTED,Yes,No Apparent Injury,"ICY OR SNOW-COVERED, SLEET, HAIL, FREEZ. RAIN",UNKNOWN,MD,PASSENGER CAR,MOVING CONSTANT SPEED,40,No,2008,FORD,FOCUS,39.11972667,-77.17294333,2023,12,5
230071205,Injury Crash,12/12/2023 05:23:00 AM,ROCKVILLE PIKE,NA,STRAIGHT MOVEMENT ANGLE,Clear,DRY,Medium,TRAFFIC SIGNAL,NONE DETECTED,No,Possible Minor Injury,N/A,NOT DISTRACTED,MD,PASSENGER CAR,MOVING CONSTANT SPEED,35,No,2005,LEXUS,SUV,39.022331,-77.102963,2023,12,5
230071205,Injury Crash,12/12/2023 05:23:00 AM,ROCKVILLE PIKE,NA,STRAIGHT MOVEMENT ANGLE,Clear,DRY,Medium,TRAFFIC SIGNAL,NONE DETECTED,Yes,Possible Minor Injury,N/A,OTHER CELLULAR PHONE RELATED,MD,PASSENGER CAR,MOVING CONSTANT SPEED,35,No,2020,CHEVY,SPARK,39.022331,-77.102963,2023,12,5
230071204,Injury Crash,12/12/2023 05:00:00 AM,NEW HAMPSHIRE AVE,NA,SINGLE VEHICLE,Clear,ICE,Medium,N/A,NONE DETECTED,No,Possible Minor Injury,"ICY OR SNOW-COVERED, V WIPERS|W OTHER ENVIRONMENTAL",NOT DISTRACTED,MD,PASSENGER CAR,MOVING CONSTANT SPEED,40,No,2022,NISSAN,VERSA,39.03637867,-76.98909033,2023,12,5
230071192,Property Damage Crash,12/11/2023 11:32:00 PM,TURNMORE RD,NA,SAME DIR REAR END,Clear,DRY,Medium,NO CONTROLS,NONE DETECTED,Yes,No Apparent Injury,N/A,UNKNOWN,MD,PASSENGER CAR,NEGOTIATING A CURVE,30,No,2012,MAZDA,3,39.08312283,-77.03997933,2023,12,23
230071191,Property Damage Crash,12/11/2023 11:03:00 PM,WATKINS MILL RD,NA,OPPOSITE DIRECTION SIDESWIPE,Clear,DRY,Medium,TRAFFIC SIGNAL,NONE DETECTED,Yes,No Apparent Injury,N/A,NOT DISTRACTED,XX,PASSENGER CAR,MAKING U TURN,35,No,2016,HYUNDAI,SONATA,39.1843692,-77.2109918,2023,12,23
230071191,Property Damage Crash,12/11/2023 11:03:00 PM,WATKINS MILL RD,NA,OPPOSITE DIRECTION SIDESWIPE,Clear,DRY,Medium,TRAFFIC SIGNAL,NONE DETECTED,No,No Apparent Injury,N/A,NOT DISTRACTED,MD,PASSENGER CAR,MOVING CONSTANT SPEED,35,No,2016,HYUNDAI,SONATA,39.1843692,-77.2109918,2023,12,23
230071180,Property Damage Crash,12/11/2023 08:52:00 PM,COLUMBIA PIKE,NA,SAME DIR REAR END,Clear,DRY,Medium,TRAFFIC SIGNAL,NONE DETECTED,No,No Apparent Injury,N/A,NOT DISTRACTED,MD,PASSENGER CAR,SLOWING OR STOPPING,55,No,2012,CHEVY,CRUISE,39.07362383,-76.95564633,2023,12,20
230071180,Property Damage Crash,12/11/2023 08:52:00 PM,COLUMBIA PIKE,NA,SAME DIR REAR END,Clear,DRY,Medium,TRAFFIC SIGNAL,NONE DETECTED,Yes,No Apparent Injury,N/A,LOOKED BUT DID NOT SEE,MD,PASSENGER CAR,SLOWING OR STOPPING,55,No,2012,HONDA,CIVIC,39.07362383,-76.95564633,2023,12,20
230071182,Property Damage Crash,12/11/2023 07:24:00 PM,NA,NA,HEAD ON,Clear,NA,Medium,NO CONTROLS,NONE DETECTED,Yes,No Apparent Injury,N/A,LOOKED BUT DID NOT SEE,MD,PASSENGER CAR,MAKING RIGHT TURN,15,No,2019,HONDA,CR-V,39.141415,-77.18326383,2023,12,19
230071182,Property Damage Crash,12/11/2023 07:24:00 PM,NA,NA,HEAD ON,Clear,NA,Medium,NO CONTROLS,NONE DETECTED,No,No Apparent Injury,N/A,NOT DISTRACTED,MD,PASSENGER CAR,STOPPED IN TRAFFIC LANE,15,No,2008,BMW,328I,39.141415,-77.18326383,2023,12,19
230071170,Injury Crash,12/11/2023 07:08:00 PM,MUDDY BRANCH RD,NA,ANGLE MEETS LEFT TURN,Clear,DRY,Medium,TRAFFIC SIGNAL,NONE DETECTED,No,Suspected Serious Injury,N/A,NOT DISTRACTED,MD,PASSENGER CAR,MOVING CONSTANT SPEED,35,No,2014,TOYT,4S,39.14014077,-77.20496427,2023,12,19
230071170,Injury Crash,12/11/2023 07:08:00 PM,MUDDY BRANCH RD,NA,ANGLE MEETS LEFT TURN,Clear,DRY,Medium,TRAFFIC SIGNAL,NONE DETECTED,Yes,Possible Minor Injury,N/A,NOT DISTRACTED,MD,PASSENGER CAR,ACCELERATING,35,No,2004,TOYOTA,4S,39.14014077,-77.20496427,2023,12,19
230071165,Injury Crash,12/11/2023 06:41:00 PM,ASPEN HILL RD,NA,SAME DIR REAR END,Clear,DRY,Medium,TRAFFIC SIGNAL,NONE DETECTED,No,Possible Minor Injury,N/A,NOT DISTRACTED,MD,(SPORT) UTILITY VEHICLE,MAKING RIGHT TURN,25,No,2017,NISSAN,ROUGE,39.06936267,-77.10500967,2023,12,18
230071165,Injury Crash,12/11/2023 06:41:00 PM,ASPEN HILL RD,NA,SAME DIR REAR END,Clear,DRY,Medium,TRAFFIC SIGNAL,NONE DETECTED,Yes,No Apparent Injury,N/A,INATTENTIVE OR LOST IN THOUGHT,MD,PICKUP TRUCK,ACCELERATING,25,No,2022,HYUNDAI,SANTA CRUZ,39.06936267,-77.10500967,2023,12,18
230071167,Property Damage Crash,12/11/2023 06:30:00 PM,NORBECK RD,NA,OTHER,Clear,DRY,Dark,STOP SIGN,NONE DETECTED,Yes,No Apparent Injury,N/A,NOT DISTRACTED,MD,(SPORT) UTILITY VEHICLE,ACCELERATING,35,No,2013,CHEVROLET,EQUINOX,39.08692782,-77.13508036,2023,12,18
230071167,Property Damage Crash,12/11/2023 06:30:00 PM,NORBECK RD,NA,OTHER,Clear,DRY,Dark,STOP SIGN,NONE DETECTED,No,No Apparent Injury,N/A,NOT DISTRACTED,MD,PICKUP TRUCK,MOVING CONSTANT SPEED,35,No,2019,RAM,2500,39.08692782,-77.13508036,2023,12,18
230071167,Property Damage Crash,12/11/2023 06:30:00 PM,NORBECK RD,NA,OTHER,Clear,DRY,Dark,STOP SIGN,NONE DETECTED,No,No Apparent Injury,N/A,NOT DISTRACTED,MD,PASSENGER CAR,MOVING CONSTANT SPEED,35,No,2014,NISSAN,ALTIMA,39.08692782,-77.13508036,2023,12,18
230071164,Injury Crash,12/11/2023 06:30:00 PM,NA,NA,STRAIGHT MOVEMENT ANGLE,Cloudy,NA,Medium,NO CONTROLS,NONE DETECTED,No,Possible Minor Injury,N/A,NOT DISTRACTED,MD,PASSENGER CAR,MOVING CONSTANT SPEED,15,No,2009,HOND,ACCORD,39.20015717,-77.24660567,2023,12,18
230071167,Property Damage Crash,12/11/2023 06:30:00 PM,NORBECK RD,NA,OTHER,Clear,DRY,Dark,STOP SIGN,NONE DETECTED,No,No Apparent Injury,N/A,NOT DISTRACTED,MD,(SPORT) UTILITY VEHICLE,MOVING CONSTANT SPEED,35,No,2015,HONDA,PIOLET,39.08692782,-77.13508036,2023,12,18
230071164,Injury Crash,12/11/2023 06:30:00 PM,NA,NA,STRAIGHT MOVEMENT ANGLE,Cloudy,NA,Medium,NO CONTROLS,NONE DETECTED,Yes,Possible Minor Injury,N/A,LOOKED BUT DID NOT SEE,MD,(SPORT) UTILITY VEHICLE,MAKING LEFT TURN,15,No,2009,LEXUS,RX 350,39.20015717,-77.24660567,2023,12,18
230070965,Injury Crash,12/11/2023 05:25:00 PM,PINEY BRANCH RD,NA,SAME DIRECTION RIGHT TURN,Rain,WET,Medium,NO CONTROLS,NONE DETECTED,No,No Apparent Injury,"RAIN, SNOW, WET",NOT DISTRACTED,MD,PASSENGER CAR,MOVING CONSTANT SPEED,40,No,2016,TOYOTA,TUNDRA,39.00083006,-76.98908107,2023,12,17
230070965,Injury Crash,12/11/2023 05:25:00 PM,PINEY BRANCH RD,NA,SAME DIRECTION RIGHT TURN,Rain,WET,Medium,NO CONTROLS,NONE DETECTED,Yes,No Apparent Injury,"RAIN, SNOW, WET",INATTENTIVE OR LOST IN THOUGHT,NY,PASSENGER CAR,MOVING CONSTANT SPEED,40,No,2018,VOLKS,PASSAT,39.00083006,-76.98908107,2023,12,17
230070965,Injury Crash,12/11/2023 05:25:00 PM,PINEY BRANCH RD,NA,SAME DIRECTION RIGHT TURN,Rain,WET,Medium,NO CONTROLS,NONE DETECTED,No,Possible Minor Injury,"RAIN, SNOW, WET",NOT DISTRACTED,MD,PASSENGER CAR,MOVING CONSTANT SPEED,40,No,2012,GMC,SIERRA,39.00083006,-76.98908107,2023,12,17
230071137,Injury Crash,12/11/2023 04:31:00 PM,WISTERIA DR,NA,SAME DIR REAR END,Cloudy,DRY,Daylight,TRAFFIC SIGNAL,NONE DETECTED,Yes,No Apparent Injury,N/A,LOOKED BUT DID NOT SEE,MD,PASSENGER CAR,MAKING LEFT TURN,35,No,2011,TOYOTA,VAN,39.17104927,-77.26268328,2023,12,16
230071137,Injury Crash,12/11/2023 04:31:00 PM,WISTERIA DR,NA,SAME DIR REAR END,Cloudy,DRY,Daylight,TRAFFIC SIGNAL,NONE DETECTED,No,No Apparent Injury,N/A,NOT DISTRACTED,MD,PASSENGER CAR,STOPPED IN TRAFFIC LANE,35,No,2020,TOYT,SD,39.17104927,-77.26268328,2023,12,16
230071135,Property Damage Crash,12/11/2023 04:05:00 PM,FALLS RD,NA,SAME DIR REAR END,Clear,DRY,Daylight,TRAFFIC SIGNAL,NONE DETECTED,Yes,No Apparent Injury,N/A,NOT DISTRACTED,MD,POLICE VEHICLE/EMERGENCY,SLOWING OR STOPPING,30,No,2016,LEXS,TK,39.07585047,-77.16255338,2023,12,16
230071135,Property Damage Crash,12/11/2023 04:05:00 PM,FALLS RD,NA,SAME DIR REAR END,Clear,DRY,Daylight,TRAFFIC SIGNAL,NONE DETECTED,No,No Apparent Injury,N/A,NOT DISTRACTED,MD,PASSENGER CAR,SLOWING OR STOPPING,30,No,2012,BMW,CP,39.07585047,-77.16255338,2023,12,16
230071129,Property Damage Crash,12/11/2023 03:40:00 PM,SHADY GROVE RD,NA,SAME DIRECTION LEFT TURN,Clear,WET,Daylight,TRAFFIC SIGNAL,NONE DETECTED,Yes,No Apparent Injury,"N/A, WET",UNKNOWN,NA,PASSENGER CAR,MAKING LEFT TURN,40,No,2013,HYUN,ELANTRA,39.12048583,-77.1801563,2023,12,15
230071129,Property Damage Crash,12/11/2023 03:40:00 PM,SHADY GROVE RD,NA,SAME DIRECTION LEFT TURN,Clear,WET,Daylight,TRAFFIC SIGNAL,NONE DETECTED,No,No Apparent Injury,"N/A, WET",NOT DISTRACTED,MD,PASSENGER CAR,MAKING LEFT TURN,40,No,2002,ACURA,RSX,39.12048583,-77.1801563,2023,12,15
230071123,Property Damage Crash,12/11/2023 03:30:00 PM,HOMECREST RD,NA,SAME DIR REAR END,Clear,DRY,Daylight,TRAFFIC SIGNAL,NONE DETECTED,No,No Apparent Injury,N/A,UNKNOWN,MD,PASSENGER CAR,STOPPED IN TRAFFIC LANE,25,No,2014,HONDA,CRV,39.09170838,-77.06282288,2023,12,15
230071123,Property Damage Crash,12/11/2023 03:30:00 PM,HOMECREST RD,NA,SAME DIR REAR END,Clear,DRY,Daylight,TRAFFIC SIGNAL,NONE DETECTED,Yes,No Apparent Injury,N/A,LOOKED BUT DID NOT SEE,MD,SCHOOL BUS,SLOWING OR STOPPING,25,No,2015,THOMAS,BUS,39.09170838,-77.06282288,2023,12,15
230071148,Property Damage Crash,12/11/2023 02:33:00 PM,NA,NA,STRAIGHT MOVEMENT ANGLE,Clear,NA,Daylight,N/A,NONE DETECTED,Yes,No Apparent Injury,N/A,LOOKED BUT DID NOT SEE,NA,(SPORT) UTILITY VEHICLE,BACKING,15,No,2023,LANDROVER,SUV,39.0236765,-77.10577,2023,12,14
230071148,Property Damage Crash,12/11/2023 02:33:00 PM,NA,NA,STRAIGHT MOVEMENT ANGLE,Clear,NA,Daylight,N/A,NONE DETECTED,No,No Apparent Injury,N/A,NOT DISTRACTED,MD,(SPORT) UTILITY VEHICLE,PARKING,15,No,2018,HONDA,CRV,39.0236765,-77.10577,2023,12,14