Local Case Number,ACRS Report Type,Crash Date/Time,Road Name,Related Non-Motorist,Collision Type,Weather,Surface Condition,Light,Traffic Control,Driver Substance Abuse,Driver At Fault,Injury Severity,Circumstance,Driver Distracted By,Drivers License State,Vehicle Body Type,Vehicle Movement,Speed Limit,Driverless Vehicle,Vehicle Year,Vehicle Make,Vehicle Model,Latitude,Longitude,Year,Month,Hour
230070934,Property Damage Crash,12/10/2023 02:21:00 PM,COLUMBIA PIKE,NA,SINGLE VEHICLE,Rain,N/A,Daylight,NO CONTROLS,NONE DETECTED,Yes,No Apparent Injury,"RAIN, SNOW, WET",NOT DISTRACTED,MD,PASSENGER CAR,MOVING CONSTANT SPEED,50,No,2009,TOYOTA,COROLLA,39.08491883,-76.9476015,2023,12,14
230070922,Injury Crash,12/10/2023 01:17:00 PM,COLESVILLE RD,NA,SAME DIR REAR END,Rain,WET,Daylight,TRAFFIC SIGNAL,NONE DETECTED,Yes,No Apparent Injury,"RAIN, SNOW, WET",NOT DISTRACTED,DC,(SPORT) UTILITY VEHICLE,SLOWING OR STOPPING,35,No,2021,LEXUS,GX460,39.02604458,-77.01083227,2023,12,13
230070922,Injury Crash,12/10/2023 01:17:00 PM,COLESVILLE RD,NA,SAME DIR REAR END,Rain,WET,Daylight,TRAFFIC SIGNAL,NONE DETECTED,No,Possible Minor Injury,"RAIN, SNOW, WET",NOT DISTRACTED,MD,PASSENGER CAR,MOVING CONSTANT SPEED,35,No,2013,TOYOTA,COROLLA,39.02604458,-77.01083227,2023,12,13
230070922,Injury Crash,12/10/2023 01:17:00 PM,COLESVILLE RD,NA,SAME DIR REAR END,Rain,WET,Daylight,TRAFFIC SIGNAL,NONE DETECTED,No,No Apparent Injury,"RAIN, SNOW, WET",NOT DISTRACTED,MD,(SPORT) UTILITY VEHICLE,MOVING CONSTANT SPEED,35,No,2018,TOYOTA,RAV4,39.02604458,-77.01083227,2023,12,13
230070914,Injury Crash,12/10/2023 01:00:00 PM,E RANDOLPH RD,NA,SINGLE VEHICLE,Rain,WET,Daylight,NO CONTROLS,NONE DETECTED,Yes,Possible Minor Injury,"RAIN, SNOW, WET",INATTENTIVE OR LOST IN THOUGHT,MD,PASSENGER CAR,MOVING CONSTANT SPEED,35,No,2020,HONDA,HRV,39.06533446,-76.97827736,2023,12,13
230070923,Property Damage Crash,12/10/2023 12:55:00 PM,KNOWLES AVE,NA,SAME DIRECTION SIDESWIPE,Rain,WET,Daylight,NO CONTROLS,NONE DETECTED,No,No Apparent Injury,"BACKUP DUE TO NON-RECURRING INCIDENT, RAIN, SNOW, WET",NOT DISTRACTED,MD,VAN,STOPPED IN TRAFFIC LANE,30,No,2023,RAM,2500,39.032295,-77.08887333,2023,12,12
230070923,Property Damage Crash,12/10/2023 12:55:00 PM,KNOWLES AVE,NA,SAME DIRECTION SIDESWIPE,Rain,WET,Daylight,NO CONTROLS,NONE DETECTED,Yes,No Apparent Injury,"BACKUP DUE TO NON-RECURRING INCIDENT, RAIN, SNOW, WET",UNKNOWN,NA,NA,PASSING,30,No,0,UNKNOWN,UNKNOWN,39.032295,-77.08887333,2023,12,12
230070912,Injury Crash,12/10/2023 12:46:00 PM,RIDGE RD,NA,SAME DIR REAR END,Clear,WET,Daylight,TRAFFIC SIGNAL,NONE DETECTED,No,No Apparent Injury,"N/A, WET",NOT DISTRACTED,MD,PASSENGER CAR,MOVING CONSTANT SPEED,40,No,2015,LEXS,CP,39.20232333,-77.25242,2023,12,12
230070912,Injury Crash,12/10/2023 12:46:00 PM,RIDGE RD,NA,SAME DIR REAR END,Clear,WET,Daylight,TRAFFIC SIGNAL,NONE DETECTED,Yes,No Apparent Injury,"N/A, WET",NOT DISTRACTED,MD,PASSENGER CAR,MOVING CONSTANT SPEED,40,No,2015,TOYT,PRIUS,39.20232333,-77.25242,2023,12,12
230070908,Injury Crash,12/10/2023 11:37:00 AM,COLESVILLE RD,NA,SAME DIR REAR END,Rain,WET,Daylight,N/A,NONE DETECTED,No,Possible Minor Injury,"RAIN, SNOW, WET",NOT DISTRACTED,MD,PASSENGER CAR,SLOWING OR STOPPING,30,No,2020,GMC,ACADIA,39.00469726,-77.02326278,2023,12,11
230070908,Injury Crash,12/10/2023 11:37:00 AM,COLESVILLE RD,NA,SAME DIR REAR END,Rain,WET,Daylight,N/A,NONE DETECTED,Yes,No Apparent Injury,"RAIN, SNOW, WET",UNKNOWN,NA,NA,CHANGING LANES,30,No,0,UNKNOWN,UNKNOWN,39.00469726,-77.02326278,2023,12,11
230070905,Property Damage Crash,12/10/2023 11:30:00 AM,COLUMBIA PIKE,NA,SAME DIR REAR END,Rain,WET,Daylight,TRAFFIC SIGNAL,NONE DETECTED,No,No Apparent Injury,"RAIN, SNOW, WET",NOT DISTRACTED,NA,UNKNOWN,STOPPED IN TRAFFIC LANE,50,No,0,UNKNOWN,UNKNOWN,39.05594483,-76.971559,2023,12,11
230070905,Property Damage Crash,12/10/2023 11:30:00 AM,COLUMBIA PIKE,NA,SAME DIR REAR END,Rain,WET,Daylight,TRAFFIC SIGNAL,NONE DETECTED,Yes,No Apparent Injury,"RAIN, SNOW, WET",LOOKED BUT DID NOT SEE,MD,PASSENGER CAR,SKIDDING,50,No,2005,TOYT,COROLLA S,39.05594483,-76.971559,2023,12,11
230070897,Injury Crash,12/10/2023 10:39:00 AM,COLUMBIA PIKE,NA,SAME DIR REAR END,Rain,WET,Daylight,N/A,NONE DETECTED,No,Possible Minor Injury,"N/A, ROAD UNDER CONSTRUCTION/MAINTENANCE",NOT DISTRACTED,MD,PASSENGER CAR,SLOWING OR STOPPING,55,No,2017,FORD,4S,39.10348585,-76.93250633,2023,12,10
230070897,Injury Crash,12/10/2023 10:39:00 AM,COLUMBIA PIKE,NA,SAME DIR REAR END,Rain,WET,Daylight,N/A,NONE DETECTED,Yes,Possible Minor Injury,"N/A, ROAD UNDER CONSTRUCTION/MAINTENANCE",NOT DISTRACTED,MD,PASSENGER CAR,SLOWING OR STOPPING,55,No,2016,FORD,4S,39.10348585,-76.93250633,2023,12,10
230070897,Injury Crash,12/10/2023 10:39:00 AM,COLUMBIA PIKE,NA,SAME DIR REAR END,Rain,WET,Daylight,N/A,NONE DETECTED,No,No Apparent Injury,"N/A, ROAD UNDER CONSTRUCTION/MAINTENANCE",NOT DISTRACTED,NA,NA,SLOWING OR STOPPING,55,No,0,UNKNOWN,UNKNOWN,39.10348585,-76.93250633,2023,12,10
230070891,Property Damage Crash,12/10/2023 09:40:00 AM,VEIRS MILL RD,NA,STRAIGHT MOVEMENT ANGLE,Rain,WET,Daylight,NO CONTROLS,NONE DETECTED,Yes,No Apparent Injury,"SLEET, HAIL, FREEZ. RAIN, WET",NOT DISTRACTED,MD,PASSENGER CAR,MAKING LEFT TURN,40,No,2016,TOYT,TK,39.07613267,-77.12011403,2023,12,9
230070891,Property Damage Crash,12/10/2023 09:40:00 AM,VEIRS MILL RD,NA,STRAIGHT MOVEMENT ANGLE,Rain,WET,Daylight,NO CONTROLS,NONE DETECTED,No,No Apparent Injury,"SLEET, HAIL, FREEZ. RAIN, WET",NOT DISTRACTED,MD,PASSENGER CAR,MOVING CONSTANT SPEED,40,No,2020,FORD,SD,39.07613267,-77.12011403,2023,12,9
230070885,Property Damage Crash,12/10/2023 08:51:00 AM,SHADY GROVE RD,NA,STRAIGHT MOVEMENT ANGLE,Rain,WET,Daylight,TRAFFIC SIGNAL,NONE DETECTED,Yes,No Apparent Injury,"RAIN, SNOW, WET",BY OTHER OCCUPANTS,MD,PASSENGER CAR,MOVING CONSTANT SPEED,40,No,2014,RAM,PK,39.35410833,-77.29022667,2023,12,8
230070885,Property Damage Crash,12/10/2023 08:51:00 AM,SHADY GROVE RD,NA,STRAIGHT MOVEMENT ANGLE,Rain,WET,Daylight,TRAFFIC SIGNAL,NONE DETECTED,No,No Apparent Injury,"RAIN, SNOW, WET",NOT DISTRACTED,VA,PASSENGER CAR,MAKING LEFT TURN,25,No,2005,HUMMER,H2,39.35410833,-77.29022667,2023,12,8
230070877,Injury Crash,12/10/2023 07:50:00 AM,COLESVILLE RD,NA,STRAIGHT MOVEMENT ANGLE,Clear,WET,Daylight,TRAFFIC SIGNAL,NONE DETECTED,Yes,Possible Minor Injury,"N/A, WET",UNKNOWN,MD,PICKUP TRUCK,MOVING CONSTANT SPEED,40,No,2005,NISSAN,TITAN,39.02045868,-77.01261735,2023,12,7
230070877,Injury Crash,12/10/2023 07:50:00 AM,COLESVILLE RD,NA,STRAIGHT MOVEMENT ANGLE,Clear,WET,Daylight,TRAFFIC SIGNAL,NONE DETECTED,No,Possible Minor Injury,"N/A, WET",UNKNOWN,MD,PICKUP TRUCK,MOVING CONSTANT SPEED,40,No,2019,TOYOTA,TUNDRA,39.02045868,-77.01261735,2023,12,7
230070873,Property Damage Crash,12/10/2023 06:43:00 AM,BETHESDA CHURCH RD,NA,SINGLE VEHICLE,Rain,WET,Medium,NO CONTROLS,NONE DETECTED,No,No Apparent Injury,"RAIN, SNOW, WET",NOT DISTRACTED,MD,PASSENGER CAR,MOVING CONSTANT SPEED,30,No,2005,FORD,FOCUS,39.30294767,-77.2363855,2023,12,6
230070868,Property Damage Crash,12/10/2023 05:15:00 AM,CONNECTICUT AVE,NA,SAME DIR REAR END,Clear,DRY,Dark,NO CONTROLS,NONE DETECTED,No,No Apparent Injury,N/A,NOT DISTRACTED,XX,(SPORT) UTILITY VEHICLE,STOPPED IN TRAFFIC LANE,35,No,2017,FORD,UT,39.05121183,-77.07504117,2023,12,5
230070868,Property Damage Crash,12/10/2023 05:15:00 AM,CONNECTICUT AVE,NA,SAME DIR REAR END,Clear,DRY,Dark,NO CONTROLS,NONE DETECTED,Yes,No Apparent Injury,N/A,LOOKED BUT DID NOT SEE,MD,(SPORT) UTILITY VEHICLE,MOVING CONSTANT SPEED,35,No,2016,FORD,ESCAPE,39.05121183,-77.07504117,2023,12,5
230070869,Property Damage Crash,12/10/2023 05:15:00 AM,CONNECTICUT AVE,NA,SAME DIR REAR END,Clear,DRY,Medium,NO CONTROLS,NONE DETECTED,No,No Apparent Injury,N/A,NOT DISTRACTED,XX,PASSENGER CAR,MOVING CONSTANT SPEED,40,No,2017,FORD,UT,39.05109833,-77.075205,2023,12,5
230070869,Property Damage Crash,12/10/2023 05:15:00 AM,CONNECTICUT AVE,NA,SAME DIR REAR END,Clear,DRY,Medium,NO CONTROLS,NONE DETECTED,Yes,No Apparent Injury,N/A,UNKNOWN,NA,PASSENGER CAR,MOVING CONSTANT SPEED,40,No,2019,KIA,SPORT UTILITY,39.05109833,-77.075205,2023,12,5
230070866,Property Damage Crash,12/10/2023 04:51:00 AM,ASHTON RD,NA,SINGLE VEHICLE,Clear,DRY,Dark,NO CONTROLS,NONE DETECTED,Yes,No Apparent Injury,N/A,NOT DISTRACTED,VA,PASSENGER CAR,MOVING CONSTANT SPEED,35,No,2020,BUICK,ENCORE,39.1602225,-76.979866,2023,12,4
230070839,Property Damage Crash,12/09/2023 11:49:00 PM,RIDGE RD,NA,SINGLE VEHICLE,Clear,DRY,Medium,NO CONTROLS,NONE DETECTED,Yes,No Apparent Injury,N/A,NOT DISTRACTED,MD,(SPORT) UTILITY VEHICLE,MOVING CONSTANT SPEED,40,No,2016,TOYOTA,HIGHLANDER,39.30669383,-77.19771233,2023,12,23
230070833,Property Damage Crash,12/09/2023 10:53:00 PM,PINEY BRANCH RD,NA,SINGLE VEHICLE,Clear,DRY,Medium,TRAFFIC SIGNAL,NONE DETECTED,Yes,No Apparent Injury,N/A,LOOKED BUT DID NOT SEE,MD,PASSENGER CAR,MOVING CONSTANT SPEED,25,No,2021,DODG,SD,38.99826794,-77.00227809,2023,12,22
230070835,Injury Crash,12/09/2023 10:31:00 PM,CONNECTICUT AVE,NA,SAME DIR REAR END,Clear,DRY,Medium,NO CONTROLS,NONE DETECTED,No,Possible Minor Injury,N/A,NOT DISTRACTED,DC,PASSENGER CAR,MOVING CONSTANT SPEED,40,No,2020,BUICK,495,39.04948233,-77.07520233,2023,12,22
230070835,Injury Crash,12/09/2023 10:31:00 PM,CONNECTICUT AVE,NA,SAME DIR REAR END,Clear,DRY,Medium,NO CONTROLS,ALCOHOL PRESENT,Yes,Possible Minor Injury,N/A,NOT DISTRACTED,MD,PASSENGER CAR,MOVING CONSTANT SPEED,40,No,2012,MITSUBISHI,LANCER,39.04948233,-77.07520233,2023,12,22
230070831,Injury Crash,12/09/2023 10:30:00 PM,LONGMEAD CROSSING DR,NA,OTHER,Clear,DRY,Medium,NO CONTROLS,NONE DETECTED,Yes,Possible Minor Injury,N/A,NOT DISTRACTED,MD,(SPORT) UTILITY VEHICLE,MOVING CONSTANT SPEED,30,No,2014,LEXUS,RX 250,39.09968057,-77.04910494,2023,12,22
230070819,Injury Crash,12/09/2023 08:00:00 PM,NEW HAMPSHIRE AVE,NA,ANGLE MEETS RIGHT TURN,Clear,DRY,Medium,TRAFFIC SIGNAL,NONE DETECTED,No,No Apparent Injury,N/A,NOT DISTRACTED,MD,(SPORT) UTILITY VEHICLE,ACCELERATING,35,No,2021,HONDA,CRV,39.14930242,-77.01236466,2023,12,20
230070819,Injury Crash,12/09/2023 08:00:00 PM,NEW HAMPSHIRE AVE,NA,ANGLE MEETS RIGHT TURN,Clear,DRY,Medium,TRAFFIC SIGNAL,NONE DETECTED,Yes,No Apparent Injury,N/A,LOOKED BUT DID NOT SEE,MD,(SPORT) UTILITY VEHICLE,ACCELERATING,35,No,2008,JEEP,WRANGLER,39.14930242,-77.01236466,2023,12,20
230070902,Property Damage Crash,12/09/2023 05:33:00 PM,FREDERICK RD,NA,SAME DIR REAR END,Clear,DRY,Dark,TRAFFIC SIGNAL,NONE DETECTED,No,No Apparent Injury,N/A,NOT DISTRACTED,MD,PASSENGER CAR,STOPPED IN TRAFFIC LANE,35,No,2004,INFI,SD,39.17844926,-77.23856682,2023,12,17
230070902,Property Damage Crash,12/09/2023 05:33:00 PM,FREDERICK RD,NA,SAME DIR REAR END,Clear,DRY,Dark,TRAFFIC SIGNAL,NONE DETECTED,Yes,No Apparent Injury,N/A,INATTENTIVE OR LOST IN THOUGHT,NA,PASSENGER CAR,MOVING CONSTANT SPEED,35,No,2017,MERZ,SEDAN,39.17844926,-77.23856682,2023,12,17
230070796,Property Damage Crash,12/09/2023 04:35:00 PM,NA,NA,STRAIGHT MOVEMENT ANGLE,Clear,NA,Medium,NO CONTROLS,NONE DETECTED,Yes,No Apparent Injury,N/A,INATTENTIVE OR LOST IN THOUGHT,VA,PASSENGER CAR,STARTING FROM LANE,5,No,2019,TOYOTA,COROLLA,39.07610002,-77.13744466,2023,12,16
230070796,Property Damage Crash,12/09/2023 04:35:00 PM,NA,NA,STRAIGHT MOVEMENT ANGLE,Clear,NA,Medium,NO CONTROLS,NONE DETECTED,No,No Apparent Injury,N/A,NOT DISTRACTED,MD,PASSENGER CAR,MOVING CONSTANT SPEED,5,No,2015,TOYOTA,COROLLA,39.07610002,-77.13744466,2023,12,16
230070787,Property Damage Crash,12/09/2023 03:22:00 PM,NA,NA,HEAD ON LEFT TURN,Clear,NA,Daylight,NO CONTROLS,NONE DETECTED,No,No Apparent Injury,N/A,NOT DISTRACTED,MD,PASSENGER CAR,PARKED,0,No,2017,NISSAN,MURANO,39.05760083,-77.125331,2023,12,15
230070787,Property Damage Crash,12/09/2023 03:22:00 PM,NA,NA,HEAD ON LEFT TURN,Clear,NA,Daylight,NO CONTROLS,NONE DETECTED,Yes,No Apparent Injury,N/A,UNKNOWN,MD,PASSENGER CAR,PARKING,15,No,2011,LEXUS,RX,39.05760083,-77.125331,2023,12,15
230070784,Property Damage Crash,12/09/2023 03:07:00 PM,NA,NA,SAME DIR REND LEFT TURN,Clear,NA,Daylight,NO CONTROLS,NONE DETECTED,No,No Apparent Injury,N/A,NOT DISTRACTED,US,PASSENGER CAR,OTHER,5,No,2016,MAZDA,MAZDA 3,39.03541,-77.05616667,2023,12,15
230070784,Property Damage Crash,12/09/2023 03:07:00 PM,NA,NA,SAME DIR REND LEFT TURN,Clear,NA,Daylight,NO CONTROLS,NONE DETECTED,Yes,No Apparent Injury,N/A,UNKNOWN,NA,PASSENGER CAR,BACKING,5,No,2021,TOYOTA,CHR,39.03541,-77.05616667,2023,12,15
230070774,Injury Crash,12/09/2023 01:00:00 PM,FLOWER AVE,PEDESTRIAN,SINGLE VEHICLE,Clear,DRY,Daylight,NO CONTROLS,NONE DETECTED,Yes,No Apparent Injury,N/A,UNKNOWN,XX,AMBULANCE/EMERGENCY,MOVING CONSTANT SPEED,25,No,0,TOYOTA,UNKNOWN,38.99923466,-77.00384109,2023,12,13
230070765,Property Damage Crash,12/09/2023 12:00:00 PM,NA,NA,OTHER,Clear,NA,Daylight,N/A,NONE DETECTED,No,No Apparent Injury,N/A,NOT DISTRACTED,MD,PASSENGER CAR,SLOWING OR STOPPING,15,No,2015,SUBARU,SW,38.9967382,-77.02372682,2023,12,12
230070765,Property Damage Crash,12/09/2023 12:00:00 PM,NA,NA,OTHER,Clear,NA,Daylight,N/A,NONE DETECTED,Yes,No Apparent Injury,N/A,OTHER DISTRACTION,DC,PASSENGER CAR,BACKING,15,No,2022,TOYOTA,CAMRY,38.9967382,-77.02372682,2023,12,12
230070761,Property Damage Crash,12/09/2023 11:04:00 AM,NA,NA,STRAIGHT MOVEMENT ANGLE,Clear,NA,Daylight,N/A,NONE DETECTED,Yes,No Apparent Injury,N/A,UNKNOWN,MD,PASSENGER CAR,MAKING LEFT TURN,15,No,2015,ACURA,4S,39.12718607,-77.18301643,2023,12,11
230070748,Property Damage Crash,12/09/2023 09:19:00 AM,GEORGIA AVE,NA,SAME DIR REAR END,Clear,DRY,Daylight,TRAFFIC SIGNAL,NONE DETECTED,Yes,No Apparent Injury,N/A,NOT DISTRACTED,MD,PASSENGER CAR,MOVING CONSTANT SPEED,25,No,2016,VOLKSWAGON,JETTA,39.04156503,-77.05182525,2023,12,9
230070748,Property Damage Crash,12/09/2023 09:19:00 AM,GEORGIA AVE,NA,SAME DIR REAR END,Clear,DRY,Daylight,TRAFFIC SIGNAL,NONE DETECTED,No,No Apparent Injury,N/A,NOT DISTRACTED,MD,PICKUP TRUCK,STOPPED IN TRAFFIC LANE,25,No,2019,FORD,F250,39.04156503,-77.05182525,2023,12,9
230070726,Property Damage Crash,12/09/2023 02:24:00 AM,CAMDEN ST,NA,SAME DIRECTION SIDESWIPE,Clear,DRY,Medium,NO CONTROLS,ALCOHOL PRESENT,Yes,No Apparent Injury,N/A,NOT DISTRACTED,MD,PASSENGER CAR,MOVING CONSTANT SPEED,25,No,2014,SUBARU,4D,39.0582588,-77.0670634,2023,12,2
230070844,Property Damage Crash,12/09/2023 01:17:00 AM,UNIVERSITY BLVD E,NA,STRAIGHT MOVEMENT ANGLE,Clear,DRY,Medium,FLASHING TRAFFIC SIGNAL,NONE DETECTED,Yes,No Apparent Injury,N/A,NOT DISTRACTED,MD,PASSENGER CAR,ACCELERATING,15,No,2012,FORD,F150,38.98721426,-76.98515679,2023,12,1
230070844,Property Damage Crash,12/09/2023 01:17:00 AM,UNIVERSITY BLVD E,NA,STRAIGHT MOVEMENT ANGLE,Clear,DRY,Medium,FLASHING TRAFFIC SIGNAL,NONE DETECTED,No,No Apparent Injury,N/A,NOT DISTRACTED,MD,PASSENGER CAR,MOVING CONSTANT SPEED,35,No,2013,HONDA,CIVIC,38.98721426,-76.98515679,2023,12,1
230070723,Injury Crash,12/09/2023 01:07:00 AM,GEORGIA AVE,NA,STRAIGHT MOVEMENT ANGLE,Clear,DRY,Medium,TRAFFIC SIGNAL,ALCOHOL PRESENT,Yes,No Apparent Injury,N/A,UNKNOWN,XX,PASSENGER CAR,MOVING CONSTANT SPEED,25,No,2008,HONDA,ACCORD,39.04152876,-77.05176577,2023,12,1
230070723,Injury Crash,12/09/2023 01:07:00 AM,GEORGIA AVE,NA,STRAIGHT MOVEMENT ANGLE,Clear,DRY,Medium,TRAFFIC SIGNAL,NONE DETECTED,No,No Apparent Injury,N/A,NOT DISTRACTED,MD,PASSENGER CAR,MOVING CONSTANT SPEED,25,No,2023,TOYOTA,RAV4,39.04152876,-77.05176577,2023,12,1
23007072,Property Damage Crash,12/09/2023 01:02:00 AM,NEW HAMPSHIRE AVE,NA,SINGLE VEHICLE,Clear,DRY,Dark,NO CONTROLS,NONE DETECTED,Yes,No Apparent Injury,N/A,UNKNOWN,NA,PASSENGER CAR,UNKNOWN,30,No,2003,TOYT,SD,39.21787437,-77.0554467,2023,12,1
230070712,Property Damage Crash,12/08/2023 11:58:00 PM,NEW HAMPSHIRE AVE,NA,SAME DIR REAR END,Clear,DRY,Medium,TRAFFIC SIGNAL,NONE DETECTED,Yes,No Apparent Injury,N/A,UNKNOWN,XX,PASSENGER CAR,STOPPED IN TRAFFIC LANE,25,No,2021,GMC,PK,38.98835533,-76.98748217,2023,12,23
230070712,Property Damage Crash,12/08/2023 11:58:00 PM,NEW HAMPSHIRE AVE,NA,SAME DIR REAR END,Clear,DRY,Medium,TRAFFIC SIGNAL,NONE DETECTED,No,No Apparent Injury,N/A,NOT DISTRACTED,MD,PASSENGER CAR,STOPPED IN TRAFFIC LANE,25,No,2023,TOYT,UT,38.98835533,-76.98748217,2023,12,23
230070715,Property Damage Crash,12/08/2023 11:42:00 PM,FLEET ST,NA,OTHER,Clear,DRY,Medium,OTHER,ALCOHOL PRESENT,Yes,No Apparent Injury,N/A,TEXTING FROM A CELLULAR PHONE,MD,PASSENGER CAR,N/A,35,No,2022,AUDI,Q5,39.0803607,-77.14885821,2023,12,23
230070708,Property Damage Crash,12/08/2023 10:59:00 PM,RIDGE RD,NA,SINGLE VEHICLE,Clear,DRY,Dark,NO CONTROLS,NONE DETECTED,No,No Apparent Injury,"ANIMAL, N/A",NOT DISTRACTED,MD,PASSENGER CAR,MOVING CONSTANT SPEED,40,No,2021,KIA,FORTE,39.31103333,-77.19800167,2023,12,22
230070703,Injury Crash,12/08/2023 10:16:00 PM,MONTERREY DR,BICYCLIST,OTHER,Clear,DRY,Medium,NO CONTROLS,NONE DETECTED,Yes,No Apparent Injury,N/A,UNKNOWN,NA,NA,MOVING CONSTANT SPEED,25,No,0,UNKNOWN,UNKNOWN,39.04280469,-77.06018926,2023,12,22
230070700,Property Damage Crash,12/08/2023 09:28:00 PM,DAMASCUS RD,NA,OTHER,Clear,DRY,Medium,NO CONTROLS,ALCOHOL PRESENT,No,No Apparent Injury,N/A,INATTENTIVE OR LOST IN THOUGHT,MD,PASSENGER CAR,MOVING CONSTANT SPEED,45,No,2011,TOYOTA,TACOMA,39.22838383,-77.08030333,2023,12,21
230070699,Property Damage Crash,12/08/2023 09:28:00 PM,DAMASCUS RD,NA,OTHER,Clear,DRY,Medium,NO CONTROLS,ALCOHOL PRESENT,Yes,No Apparent Injury,N/A,INATTENTIVE OR LOST IN THOUGHT,MD,PASSENGER CAR,MOVING CONSTANT SPEED,45,No,2011,TOYOTA,TACOMA,39.228403,-77.08036233,2023,12,21
230070699,Property Damage Crash,12/08/2023 09:28:00 PM,DAMASCUS RD,NA,OTHER,Clear,DRY,Medium,NO CONTROLS,NONE DETECTED,No,No Apparent Injury,N/A,LOOKED BUT DID NOT SEE,MD,PASSENGER CAR,MOVING CONSTANT SPEED,45,No,2013,TOYOTA,SIENNA,39.228403,-77.08036233,2023,12,21
230070700,Property Damage Crash,12/08/2023 09:28:00 PM,DAMASCUS RD,NA,OTHER,Clear,DRY,Medium,NO CONTROLS,NONE DETECTED,Yes,No Apparent Injury,N/A,LOOKED BUT DID NOT SEE,MD,PASSENGER CAR,MOVING CONSTANT SPEED,45,No,2013,TOYOTA,SIENNA,39.22838383,-77.08030333,2023,12,21
230070698,Property Damage Crash,12/08/2023 09:21:00 PM,NA,NA,SINGLE VEHICLE,Clear,NA,Dark,NO CONTROLS,ALCOHOL PRESENT,Yes,No Apparent Injury,N/A,NOT DISTRACTED,MD,PASSENGER CAR,MOVING CONSTANT SPEED,15,No,2011,CHEVY,SILVERADO,39.14000544,-77.20760394,2023,12,21
230070696,Property Damage Crash,12/08/2023 09:05:00 PM,VEIRS MILL RD,NA,SAME DIRECTION SIDESWIPE,Clear,DRY,Medium,NO CONTROLS,NONE DETECTED,Yes,No Apparent Injury,N/A,UNKNOWN,NA,(SPORT) UTILITY VEHICLE,MOVING CONSTANT SPEED,40,No,2005,GMC,YUKON,39.07317207,-77.11136222,2023,12,21
230070696,Property Damage Crash,12/08/2023 09:05:00 PM,VEIRS MILL RD,NA,SAME DIRECTION SIDESWIPE,Clear,DRY,Medium,NO CONTROLS,NONE DETECTED,No,No Apparent Injury,N/A,NOT DISTRACTED,MD,PASSENGER CAR,MOVING CONSTANT SPEED,40,No,2015,SUBARU,FORESTER,39.07317207,-77.11136222,2023,12,21
230070689,Injury Crash,12/08/2023 08:12:00 PM,NA,PEDESTRIAN,SINGLE VEHICLE,Clear,NA,Medium,NO CONTROLS,NONE DETECTED,Yes,No Apparent Injury,N/A,LOOKED BUT DID NOT SEE,MD,PASSENGER CAR,MOVING CONSTANT SPEED,10,No,2021,TOYOTA,COROLLA,39.07786491,-77.07972789,2023,12,20
230070681,Property Damage Crash,12/08/2023 06:36:00 PM,VEIRS MILL RD,NA,SAME DIRECTION SIDESWIPE,Clear,DRY,Medium,NO CONTROLS,NONE DETECTED,Yes,No Apparent Injury,N/A,UNKNOWN,MD,AMBULANCE/NON EMERGENCY,CHANGING LANES,35,No,2016,FREIGHLINER,AMBULANCE,39.05260013,-77.07712985,2023,12,18
230070681,Property Damage Crash,12/08/2023 06:36:00 PM,VEIRS MILL RD,NA,SAME DIRECTION SIDESWIPE,Clear,DRY,Medium,NO CONTROLS,NONE DETECTED,No,No Apparent Injury,N/A,NOT DISTRACTED,MD,PASSENGER CAR,MOVING CONSTANT SPEED,35,No,2022,JEEP,WRANGLER,39.05260013,-77.07712985,2023,12,18
230070669,Property Damage Crash,12/08/2023 06:26:00 PM,GEORGIA AVE,NA,SAME DIRECTION SIDESWIPE,Clear,DRY,Medium,NO CONTROLS,NONE DETECTED,Yes,No Apparent Injury,N/A,NOT DISTRACTED,DC,PASSENGER CAR,CHANGING LANES,35,No,2012,CHEVROLET,CAMARO,38.99787845,-77.0302395,2023,12,18
230070669,Property Damage Crash,12/08/2023 06:26:00 PM,GEORGIA AVE,NA,SAME DIRECTION SIDESWIPE,Clear,DRY,Medium,NO CONTROLS,NONE DETECTED,No,No Apparent Injury,N/A,NOT DISTRACTED,MD,(SPORT) UTILITY VEHICLE,MOVING CONSTANT SPEED,35,No,2019,JEEP,GRAND CHEROKEE,38.99787845,-77.0302395,2023,12,18
230070679,Property Damage Crash,12/08/2023 06:16:00 PM,WOODFIELD RD,NA,HEAD ON LEFT TURN,Clear,DRY,Medium,TRAFFIC SIGNAL,NONE DETECTED,No,No Apparent Injury,N/A,NOT DISTRACTED,CT,(SPORT) UTILITY VEHICLE,MOVING CONSTANT SPEED,35,No,2024,JEEP,WAGONEER,39.15814533,-77.16189617,2023,12,18
230070679,Property Damage Crash,12/08/2023 06:16:00 PM,WOODFIELD RD,NA,HEAD ON LEFT TURN,Clear,DRY,Medium,TRAFFIC SIGNAL,NONE DETECTED,Yes,No Apparent Injury,N/A,UNKNOWN,MD,PASSENGER CAR,MAKING LEFT TURN,35,No,2009,HONDA,CRV,39.15814533,-77.16189617,2023,12,18
230070684,Injury Crash,12/08/2023 06:15:00 PM,NEW HAMPSHIRE AVE,NA,SAME DIR REAR END,Clear,DRY,Dark,TRAFFIC SIGNAL,NONE DETECTED,Yes,No Apparent Injury,N/A,UNKNOWN,MD,PICKUP TRUCK,SLOWING OR STOPPING,40,No,1993,CHEVROLET,SILVERADO 1500,39.12208556,-76.98880797,2023,12,18
230070684,Injury Crash,12/08/2023 06:15:00 PM,NEW HAMPSHIRE AVE,NA,SAME DIR REAR END,Clear,DRY,Dark,TRAFFIC SIGNAL,NONE DETECTED,No,Possible Minor Injury,N/A,NOT DISTRACTED,MD,PASSENGER CAR,SLOWING OR STOPPING,40,No,2020,NISSAN,MAXIMA,39.12208556,-76.98880797,2023,12,18
230070670,Injury Crash,12/08/2023 06:05:00 PM,UNIVERSITY BLVD E,NA,STRAIGHT MOVEMENT ANGLE,Clear,DRY,Medium,TRAFFIC SIGNAL,NONE DETECTED,No,No Apparent Injury,N/A,NOT DISTRACTED,MD,PASSENGER CAR,MAKING LEFT TURN,35,No,2015,CHEVROLET,IMPALA,39.01569666,-77.00523551,2023,12,18
230070670,Injury Crash,12/08/2023 06:05:00 PM,UNIVERSITY BLVD E,NA,STRAIGHT MOVEMENT ANGLE,Clear,DRY,Medium,TRAFFIC SIGNAL,NONE DETECTED,No,Possible Minor Injury,N/A,NOT DISTRACTED,MD,PASSENGER CAR,MAKING LEFT TURN,35,No,2020,TOYOTA,CAMRY,39.01569666,-77.00523551,2023,12,18
230070670,Injury Crash,12/08/2023 06:05:00 PM,UNIVERSITY BLVD E,NA,STRAIGHT MOVEMENT ANGLE,Clear,DRY,Medium,TRAFFIC SIGNAL,NONE DETECTED,Yes,No Apparent Injury,N/A,UNKNOWN,MD,PASSENGER CAR,MOVING CONSTANT SPEED,35,No,2013,BMW,XI,39.01569666,-77.00523551,2023,12,18
230070687,Property Damage Crash,12/08/2023 06:03:00 PM,VEIRS MILL RD,NA,SAME DIRECTION SIDESWIPE,Clear,DRY,Medium,N/A,NONE DETECTED,Yes,No Apparent Injury,N/A,UNKNOWN,MD,PASSENGER CAR,ENTERING TRAFFIC LANE,40,No,2017,HONDA,ACCORD,39.05105542,-77.07414728,2023,12,18