Local Case Number,ACRS Report Type,Crash Date/Time,Road Name,Related Non-Motorist,Collision Type,Weather,Surface Condition,Light,Traffic Control,Driver Substance Abuse,Driver At Fault,Injury Severity,Circumstance,Driver Distracted By,Drivers License State,Vehicle Body Type,Vehicle Movement,Speed Limit,Driverless Vehicle,Vehicle Year,Vehicle Make,Vehicle Model,Latitude,Longitude,Year,Month,Hour
230070687,Property Damage Crash,12/08/2023 06:03:00 PM,VEIRS MILL RD,NA,SAME DIRECTION SIDESWIPE,Clear,DRY,Medium,N/A,NONE DETECTED,No,No Apparent Injury,N/A,NOT DISTRACTED,MD,TRANSIT BUS,MOVING CONSTANT SPEED,40,No,2013,NEW FLYER,XCELSIOR,39.05105542,-77.07414728,2023,12,18
230070665,Property Damage Crash,12/08/2023 05:31:00 PM,RIDGE RD,NA,SAME DIRECTION SIDESWIPE,Clear,DRY,Dark,NO CONTROLS,NONE DETECTED,Yes,No Apparent Injury,N/A,UNKNOWN,MD,PICKUP TRUCK,MOVING CONSTANT SPEED,40,No,2022,HONDA,RIDGELINE,39.21687199,-77.23861189,2023,12,17
230070665,Property Damage Crash,12/08/2023 05:31:00 PM,RIDGE RD,NA,SAME DIRECTION SIDESWIPE,Clear,DRY,Dark,NO CONTROLS,NONE DETECTED,No,No Apparent Injury,N/A,NOT DISTRACTED,MD,(SPORT) UTILITY VEHICLE,MOVING CONSTANT SPEED,40,No,2020,HYUNDAI,SANTA FE,39.21687199,-77.23861189,2023,12,17
230070662,Injury Crash,12/08/2023 05:30:00 PM,NA,NA,STRAIGHT MOVEMENT ANGLE,Clear,NA,Medium,NO CONTROLS,NONE DETECTED,Yes,No Apparent Injury,N/A,LOOKED BUT DID NOT SEE,MD,PASSENGER CAR,MOVING CONSTANT SPEED,5,No,2013,VOLKSWAGEN,JETTA,39.12177275,-77.2365953,2023,12,17
230070662,Injury Crash,12/08/2023 05:30:00 PM,NA,NA,STRAIGHT MOVEMENT ANGLE,Clear,NA,Medium,NO CONTROLS,NONE DETECTED,No,Possible Minor Injury,N/A,NOT DISTRACTED,MD,PASSENGER CAR,MOVING CONSTANT SPEED,5,No,2019,HONDA,ACCORD,39.12177275,-77.2365953,2023,12,17
230070658,Property Damage Crash,12/08/2023 05:16:00 PM,RIDGE RD,NA,SAME DIR REAR END,Clear,DRY,Medium,NO CONTROLS,NONE DETECTED,No,No Apparent Injury,N/A,UNKNOWN,MD,STATION WAGON,SLOWING OR STOPPING,40,No,2019,SUBA,LEGACY,39.22766833,-77.23678333,2023,12,17
230070658,Property Damage Crash,12/08/2023 05:16:00 PM,RIDGE RD,NA,SAME DIR REAR END,Clear,DRY,Medium,NO CONTROLS,DRUG PRESENT,Yes,No Apparent Injury,N/A,UNKNOWN,MD,PASSENGER CAR,MOVING CONSTANT SPEED,40,No,2005,BMW,SD,39.22766833,-77.23678333,2023,12,17
230070686,Property Damage Crash,12/08/2023 05:00:00 PM,FAIRLAND RD,NA,SAME DIRECTION LEFT TURN,Clear,DRY,Medium,TRAFFIC SIGNAL,NONE DETECTED,Yes,No Apparent Injury,N/A,UNKNOWN,NA,VAN,MAKING LEFT TURN,30,No,2009,FORD,VAN,39.07321916,-76.95565292,2023,12,17
230070686,Property Damage Crash,12/08/2023 05:00:00 PM,FAIRLAND RD,NA,SAME DIRECTION LEFT TURN,Clear,DRY,Medium,TRAFFIC SIGNAL,NONE DETECTED,No,No Apparent Injury,N/A,NOT DISTRACTED,MD,PASSENGER CAR,ACCELERATING,30,No,2009,TOYT,4S,39.07321916,-76.95565292,2023,12,17
230070653,Injury Crash,12/08/2023 04:51:00 PM,FERNWOOD RD,NA,SAME DIR REAR END,Clear,DRY,Medium,NO CONTROLS,NONE DETECTED,Yes,No Apparent Injury,N/A,OTHER DISTRACTION,MD,PICKUP TRUCK,MOVING CONSTANT SPEED,25,No,2008,CHEV,PK,39.011677,-77.133194,2023,12,16
230070653,Injury Crash,12/08/2023 04:51:00 PM,FERNWOOD RD,NA,SAME DIR REAR END,Clear,DRY,Medium,NO CONTROLS,NONE DETECTED,No,Possible Minor Injury,N/A,NOT DISTRACTED,VA,PASSENGER CAR,STOPPED IN TRAFFIC LANE,25,No,2013,TOYOTA,CAMRY,39.011677,-77.133194,2023,12,16
230070663,Property Damage Crash,12/08/2023 04:45:00 PM,ST ELMO AVE,NA,SAME DIRECTION RIGHT TURN,Clear,DRY,Medium,TRAFFIC SIGNAL,NONE DETECTED,Yes,No Apparent Injury,N/A,LOOKED BUT DID NOT SEE,MD,ALL TERRAIN VEHICLE (ATV),MAKING RIGHT TURN,30,No,2022,VOLK,TIGUAN,38.98755753,-77.09872682,2023,12,16
230070663,Property Damage Crash,12/08/2023 04:45:00 PM,ST ELMO AVE,NA,SAME DIRECTION RIGHT TURN,Clear,DRY,Medium,TRAFFIC SIGNAL,NONE DETECTED,No,No Apparent Injury,N/A,NOT DISTRACTED,VA,PASSENGER CAR,MAKING RIGHT TURN,30,No,2017,FORD,F150,38.98755753,-77.09872682,2023,12,16
230070664,Property Damage Crash,12/08/2023 04:40:00 PM,GREAT ARBOR DR,NA,STRAIGHT MOVEMENT ANGLE,Clear,DRY,Daylight,STOP SIGN,NONE DETECTED,No,No Apparent Injury,N/A,NOT DISTRACTED,MD,"CARGO VAN/LIGHT TRUCK 2 AXLES (OVER 10,000LBS (4,536 KG))",STOPPED IN TRAFFIC LANE,25,No,2012,FORD,ECONOVAN,39.0263,-77.181715,2023,12,16
230070664,Property Damage Crash,12/08/2023 04:40:00 PM,GREAT ARBOR DR,NA,STRAIGHT MOVEMENT ANGLE,Clear,DRY,Daylight,STOP SIGN,NONE DETECTED,Yes,No Apparent Injury,N/A,BY OTHER OCCUPANTS,MD,SCHOOL BUS,MAKING LEFT TURN,25,No,2016,THOMAS,BUS,39.0263,-77.181715,2023,12,16
230070637,Injury Crash,12/08/2023 03:42:00 PM,SEVEN LOCKS RD,NA,SINGLE VEHICLE,Clear,DRY,Daylight,NO CONTROLS,NONE DETECTED,Yes,Possible Minor Injury,N/A,DIALING CELLULAR PHONE,MD,PASSENGER CAR,MOVING CONSTANT SPEED,35,No,2008,LEXUS,RX,39.02614225,-77.16223407,2023,12,15
230070643,Property Damage Crash,12/08/2023 03:40:00 PM,GAIL ST,NA,OTHER,Clear,N/A,Daylight,STOP SIGN,NONE DETECTED,Yes,No Apparent Injury,N/A,UNKNOWN,MD,PASSENGER CAR,BACKING,30,No,2006,CHEVROLET,EQUINOX,39.049261,-77.07095733,2023,12,15
230070643,Property Damage Crash,12/08/2023 03:40:00 PM,GAIL ST,NA,OTHER,Clear,N/A,Daylight,STOP SIGN,NONE DETECTED,No,No Apparent Injury,N/A,NOT DISTRACTED,MD,PASSENGER CAR,STOPPED IN TRAFFIC LANE,30,No,2020,KIA,RIO,39.049261,-77.07095733,2023,12,15
230070629,Injury Crash,12/08/2023 02:51:00 PM,GRUENTHER AVE,NA,SAME DIRECTION SIDESWIPE,Clear,DRY,Daylight,NO CONTROLS,ALCOHOL PRESENT,Yes,Possible Minor Injury,N/A,UNKNOWN,MD,PASSENGER CAR,MOVING CONSTANT SPEED,25,No,2014,FORD,ECONOLINE,39.07736731,-77.11418136,2023,12,14
230070626,Property Damage Crash,12/08/2023 02:50:00 PM,RIDGE RD,NA,SAME DIR REAR END,Clear,DRY,Daylight,NO CONTROLS,NONE DETECTED,Yes,No Apparent Injury,"BACKUP DUE TO REGULAR CONGESTION, N/A",NOT DISTRACTED,MD,PASSENGER CAR,SLOWING OR STOPPING,40,No,2009,HONDA,ACCORD,39.25867,-77.22446667,2023,12,14
230070626,Property Damage Crash,12/08/2023 02:50:00 PM,RIDGE RD,NA,SAME DIR REAR END,Clear,DRY,Daylight,NO CONTROLS,NONE DETECTED,No,No Apparent Injury,"BACKUP DUE TO REGULAR CONGESTION, N/A",NOT DISTRACTED,MD,(SPORT) UTILITY VEHICLE,STOPPED IN TRAFFIC LANE,40,No,2022,HONDA,HRV,39.25867,-77.22446667,2023,12,14
230070624,Property Damage Crash,12/08/2023 02:40:00 PM,GREAT SENECA HWY,NA,SAME DIR REAR END,Clear,DRY,Daylight,TRAFFIC SIGNAL,NONE DETECTED,Yes,No Apparent Injury,"N/A, VISION OBSTRUCTION (INCL. BLINDED BY SUN)",LOOKED BUT DID NOT SEE,MD,PASSENGER CAR,MOVING CONSTANT SPEED,50,No,2011,FORD,FOCUS,39.17419833,-77.26132667,2023,12,14
230070624,Property Damage Crash,12/08/2023 02:40:00 PM,GREAT SENECA HWY,NA,SAME DIR REAR END,Clear,DRY,Daylight,TRAFFIC SIGNAL,NONE DETECTED,No,No Apparent Injury,"N/A, VISION OBSTRUCTION (INCL. BLINDED BY SUN)",NOT DISTRACTED,MD,PICKUP TRUCK,SLOWING OR STOPPING,50,No,2002,FORD,SUPER DUTY,39.17419833,-77.26132667,2023,12,14
230070614,Injury Crash,12/08/2023 01:40:00 PM,GLEN RD,NA,STRAIGHT MOVEMENT ANGLE,Clear,DRY,Daylight,NO CONTROLS,NONE DETECTED,No,Possible Minor Injury,N/A,NOT DISTRACTED,MD,PASSENGER CAR,SLOWING OR STOPPING,35,No,2023,TESL,3,39.067215,-77.258595,2023,12,13
230070614,Injury Crash,12/08/2023 01:40:00 PM,GLEN RD,NA,STRAIGHT MOVEMENT ANGLE,Clear,DRY,Daylight,NO CONTROLS,NONE DETECTED,Yes,No Apparent Injury,N/A,NOT DISTRACTED,MD,PASSENGER CAR,MAKING LEFT TURN,35,No,2019,ACUR,MDX,39.067215,-77.258595,2023,12,13
230070604,Property Damage Crash,12/08/2023 01:20:00 PM,GAITHER RD,NA,STRAIGHT MOVEMENT ANGLE,Clear,DRY,Daylight,STOP SIGN,NONE DETECTED,No,No Apparent Injury,N/A,NOT DISTRACTED,MD,(SPORT) UTILITY VEHICLE,MOVING CONSTANT SPEED,30,No,2016,HYUN,SEDAN,39.11750917,-77.18522417,2023,12,13
230070604,Property Damage Crash,12/08/2023 01:20:00 PM,GAITHER RD,NA,STRAIGHT MOVEMENT ANGLE,Clear,DRY,Daylight,STOP SIGN,NONE DETECTED,Yes,No Apparent Injury,N/A,UNKNOWN,VA,PASSENGER CAR,MOVING CONSTANT SPEED,30,No,2022,LINCOLN,SUV,39.11750917,-77.18522417,2023,12,13
230070605,Property Damage Crash,12/08/2023 01:15:00 PM,BRIGGS CHANEY RD,NA,SAME DIRECTION LEFT TURN,Clear,DRY,Daylight,NO CONTROLS,NONE DETECTED,No,No Apparent Injury,N/A,NOT DISTRACTED,MD,PASSENGER CAR,MOVING CONSTANT SPEED,35,No,2022,HONDA,CRV,39.085216,-76.952927,2023,12,13
230070605,Property Damage Crash,12/08/2023 01:15:00 PM,BRIGGS CHANEY RD,NA,SAME DIRECTION LEFT TURN,Clear,DRY,Daylight,NO CONTROLS,NONE DETECTED,No,No Apparent Injury,N/A,NOT DISTRACTED,MD,PASSENGER CAR,PARKED,35,No,2021,LAND ROVER,RANGE ROVER,39.085216,-76.952927,2023,12,13
230070605,Property Damage Crash,12/08/2023 01:15:00 PM,BRIGGS CHANEY RD,NA,SAME DIRECTION LEFT TURN,Clear,DRY,Daylight,NO CONTROLS,NONE DETECTED,Yes,No Apparent Injury,N/A,LOOKED BUT DID NOT SEE,MD,PASSENGER CAR,STARTING FROM PARKED,35,No,2015,NISSAN,ALTIMA,39.085216,-76.952927,2023,12,13
230070603,Property Damage Crash,12/08/2023 01:11:00 PM,NEW HAMPSHIRE AVE,NA,SAME DIR REAR END,Clear,DRY,Daylight,NO CONTROLS,NONE DETECTED,No,No Apparent Injury,N/A,NOT DISTRACTED,MD,PASSENGER CAR,STOPPED IN TRAFFIC LANE,40,No,2018,TOYOTA,COROLLA,39.01563667,-76.97764333,2023,12,13
230070603,Property Damage Crash,12/08/2023 01:11:00 PM,NEW HAMPSHIRE AVE,NA,SAME DIR REAR END,Clear,DRY,Daylight,NO CONTROLS,NONE DETECTED,No,No Apparent Injury,N/A,NOT DISTRACTED,MD,(SPORT) UTILITY VEHICLE,STOPPED IN TRAFFIC LANE,40,No,2011,FORD,EXPLORER,39.01563667,-76.97764333,2023,12,13
230070593,Injury Crash,12/08/2023 12:31:00 PM,EAST VILLAGE AVE,NA,STRAIGHT MOVEMENT ANGLE,Clear,DRY,Daylight,STOP SIGN,NONE DETECTED,No,Possible Minor Injury,N/A,NOT DISTRACTED,MD,PASSENGER CAR,MOVING CONSTANT SPEED,30,No,2022,NISS,SD,39.18563333,-77.17058,2023,12,12
230070593,Injury Crash,12/08/2023 12:31:00 PM,EAST VILLAGE AVE,NA,STRAIGHT MOVEMENT ANGLE,Clear,DRY,Daylight,STOP SIGN,NONE DETECTED,Yes,Possible Minor Injury,N/A,NOT DISTRACTED,MD,PASSENGER CAR,MAKING LEFT TURN,30,No,2009,TOYOTA,RAV4,39.18563333,-77.17058,2023,12,12
230070594,Property Damage Crash,12/08/2023 12:28:00 PM,EISENHOWER MEMORIAL HWY,NA,SAME DIR REAR END,Clear,DRY,Daylight,NO CONTROLS,NONE DETECTED,No,No Apparent Injury,N/A,NOT DISTRACTED,MD,(SPORT) UTILITY VEHICLE,STOPPED IN TRAFFIC LANE,55,No,2017,VOLVO,XC60,39.04472083,-77.148848,2023,12,12
230070594,Property Damage Crash,12/08/2023 12:28:00 PM,EISENHOWER MEMORIAL HWY,NA,SAME DIR REAR END,Clear,DRY,Daylight,NO CONTROLS,NONE DETECTED,Yes,No Apparent Injury,N/A,UNKNOWN,MD,VAN,SLOWING OR STOPPING,55,No,2014,CHEVROLET,EXPRESS,39.04472083,-77.148848,2023,12,12
230070585,Property Damage Crash,12/08/2023 11:50:00 AM,FLOWER HILL WAY,NA,STRAIGHT MOVEMENT ANGLE,Clear,DRY,Daylight,STOP SIGN,NONE DETECTED,Yes,No Apparent Injury,N/A,LOOKED BUT DID NOT SEE,MD,PASSENGER CAR,MOVING CONSTANT SPEED,25,No,2023,LEXS,SD,39.15544217,-77.164679,2023,12,11
230070585,Property Damage Crash,12/08/2023 11:50:00 AM,FLOWER HILL WAY,NA,STRAIGHT MOVEMENT ANGLE,Clear,DRY,Daylight,STOP SIGN,NONE DETECTED,No,No Apparent Injury,N/A,NOT DISTRACTED,MD,PASSENGER CAR,MOVING CONSTANT SPEED,25,No,2021,NISS,SD,39.15544217,-77.164679,2023,12,11
230070569,Injury Crash,12/08/2023 10:30:00 AM,BONIFANT RD,NA,SAME DIR REAR END,Clear,DRY,Daylight,NO CONTROLS,NONE DETECTED,Yes,Possible Minor Injury,N/A,NOT DISTRACTED,MD,VAN,MOVING CONSTANT SPEED,40,No,2013,NISS,NV2000,39.09349945,-77.03556491,2023,12,10
230070569,Injury Crash,12/08/2023 10:30:00 AM,BONIFANT RD,NA,SAME DIR REAR END,Clear,DRY,Daylight,NO CONTROLS,NONE DETECTED,No,No Apparent Injury,N/A,NOT DISTRACTED,MD,PASSENGER CAR,SLOWING OR STOPPING,40,No,2016,SUBA,SW,39.09349945,-77.03556491,2023,12,10
230070565,Property Damage Crash,12/08/2023 10:23:00 AM,LYDIA ST,NA,OPPOSITE DIRECTION SIDESWIPE,Clear,DRY,Daylight,NO CONTROLS,NONE DETECTED,Yes,No Apparent Injury,N/A,UNKNOWN,MD,"OTHER LIGHT TRUCKS (10,000LBS (4,536KG) OR LESS)",MOVING CONSTANT SPEED,25,No,2008,MIFU,FK,39.07742139,-77.07704649,2023,12,10
230070565,Property Damage Crash,12/08/2023 10:23:00 AM,LYDIA ST,NA,OPPOSITE DIRECTION SIDESWIPE,Clear,DRY,Daylight,NO CONTROLS,NONE DETECTED,No,No Apparent Injury,N/A,NOT DISTRACTED,MD,SCHOOL BUS,STOPPED IN TRAFFIC LANE,25,No,2024,FRHT,SB,39.07742139,-77.07704649,2023,12,10
230070552,Injury Crash,12/08/2023 10:00:00 AM,FREDERICK RD,NA,STRAIGHT MOVEMENT ANGLE,Clear,DRY,Daylight,TRAFFIC SIGNAL,NONE DETECTED,Yes,Possible Minor Injury,N/A,LOOKED BUT DID NOT SEE,MD,PASSENGER CAR,MOVING CONSTANT SPEED,45,No,2023,HYUNDAI,ELANTRA,39.19829905,-77.24497688,2023,12,10
230070552,Injury Crash,12/08/2023 10:00:00 AM,FREDERICK RD,NA,STRAIGHT MOVEMENT ANGLE,Clear,DRY,Daylight,TRAFFIC SIGNAL,NONE DETECTED,No,Possible Minor Injury,N/A,NOT DISTRACTED,MD,PASSENGER CAR,MAKING LEFT TURN,45,No,2004,LEXUS,ES330,39.19829905,-77.24497688,2023,12,10
230070688,Property Damage Crash,12/08/2023 08:49:00 AM,BUBBLING SPRING TERR,NA,OTHER,Clear,DRY,Daylight,NO CONTROLS,NONE DETECTED,Yes,No Apparent Injury,N/A,LOOKED BUT DID NOT SEE,MD,PASSENGER CAR,BACKING,25,No,2013,MERZ,TK,39.1622083,-77.3098103,2023,12,8
230070542,Property Damage Crash,12/08/2023 08:40:00 AM,EISENHOWER MEMORIAL HWY,NA,SINGLE VEHICLE,Clear,DRY,Daylight,NO CONTROLS,NONE DETECTED,Unknown,No Apparent Injury,N/A,UNKNOWN,MD,PASSENGER CAR,MOVING CONSTANT SPEED,55,No,2009,HOND,CIVIC,39.12379933,-77.20052033,2023,12,8
230070345,Property Damage Crash,12/08/2023 08:30:00 AM,NA,NA,SAME DIRECTION RIGHT TURN,Clear,NA,Daylight,NO CONTROLS,NONE DETECTED,No,No Apparent Injury,N/A,NOT DISTRACTED,MD,SCHOOL BUS,PARKED,5,No,2012,THOM BU,CONV=MSDE-C-8,39.12397535,-77.06377249,2023,12,8
230070345,Property Damage Crash,12/08/2023 08:30:00 AM,NA,NA,SAME DIRECTION RIGHT TURN,Clear,NA,Daylight,NO CONTROLS,NONE DETECTED,Yes,No Apparent Injury,N/A,LOOKED BUT DID NOT SEE,MD,OTHER BUS,SLOWING OR STOPPING,5,No,2016,THOM BU,CONV-MSDE-C-8,39.12397535,-77.06377249,2023,12,8
230070535,Property Damage Crash,12/08/2023 07:20:00 AM,LONDON LA,NA,SAME DIRECTION SIDESWIPE,Clear,DRY,Daylight,N/A,NONE DETECTED,Yes,No Apparent Injury,N/A,UNKNOWN,NA,PASSENGER CAR,MOVING CONSTANT SPEED,25,No,2008,FORD,ESCAPE,39.08777,-77.08046,2023,12,7
230070516,Injury Crash,12/07/2023 11:17:00 PM,MONROE ST,PEDESTRIAN,SINGLE VEHICLE,Cloudy,DRY,Medium,STOP SIGN,NONE DETECTED,Yes,No Apparent Injury,N/A,UNKNOWN,NA,UNKNOWN,MAKING U TURN,50,No,0,UNKNOWN,UNKNOWN,39.07795461,-77.15156858,2023,12,23
230070511,Property Damage Crash,12/07/2023 09:56:00 PM,OMEGA DR,NA,SINGLE VEHICLE,Clear,DRY,Medium,NO CONTROLS,ALCOHOL PRESENT,Yes,No Apparent Injury,N/A,NOT DISTRACTED,MD,PASSENGER CAR,NEGOTIATING A CURVE,35,No,2019,BMW,430XI,39.109394,-77.19242217,2023,12,21
230070499,Property Damage Crash,12/07/2023 08:58:00 PM,MONTGOMERY VILLAGE AVE,NA,STRAIGHT MOVEMENT ANGLE,Clear,DRY,Medium,TRAFFIC SIGNAL,NONE DETECTED,No,No Apparent Injury,N/A,NOT DISTRACTED,MD,PASSENGER CAR,MAKING LEFT TURN,35,No,2015,HONDA,CIVIC,39.16139667,-77.20219167,2023,12,20
230070499,Property Damage Crash,12/07/2023 08:58:00 PM,MONTGOMERY VILLAGE AVE,NA,STRAIGHT MOVEMENT ANGLE,Clear,DRY,Medium,TRAFFIC SIGNAL,NONE DETECTED,Yes,No Apparent Injury,N/A,NOT DISTRACTED,MD,PASSENGER CAR,MOVING CONSTANT SPEED,35,No,2012,TOYT,5S,39.16139667,-77.20219167,2023,12,20
230070496,Property Damage Crash,12/07/2023 07:54:00 PM,UNIVERSITY BLVD E,NA,SAME DIRECTION SIDESWIPE,Clear,DRY,Medium,NO CONTROLS,NONE DETECTED,Yes,No Apparent Injury,N/A,UNKNOWN,NA,PASSENGER CAR,MOVING CONSTANT SPEED,35,No,2012,SUBR,OUTBACK,38.99974785,-76.99534367,2023,12,19
230070496,Property Damage Crash,12/07/2023 07:54:00 PM,UNIVERSITY BLVD E,NA,SAME DIRECTION SIDESWIPE,Clear,DRY,Medium,NO CONTROLS,NONE DETECTED,No,No Apparent Injury,N/A,NOT DISTRACTED,MD,PASSENGER CAR,MOVING CONSTANT SPEED,35,No,2014,CHEV,4S,38.99974785,-76.99534367,2023,12,19
230070478,Property Damage Crash,12/07/2023 07:26:00 PM,RIDGE RD,NA,SAME DIR REAR END,Clear,DRY,Medium,STOP SIGN,NONE DETECTED,Yes,No Apparent Injury,N/A,INATTENTIVE OR LOST IN THOUGHT,XX,PASSENGER CAR,MOVING CONSTANT SPEED,25,No,2004,TOYOTA,COROLLA,39.260493,-77.22312083,2023,12,19
230070478,Property Damage Crash,12/07/2023 07:26:00 PM,RIDGE RD,NA,SAME DIR REAR END,Clear,DRY,Medium,STOP SIGN,NONE DETECTED,No,No Apparent Injury,N/A,NOT DISTRACTED,MD,PASSENGER CAR,MOVING CONSTANT SPEED,25,No,2017,CHEVEROLET,TAHOE,39.260493,-77.22312083,2023,12,19
230070479,Injury Crash,12/07/2023 07:23:00 PM,OLD GEORGETOWN RD,NA,SAME DIR REAR END,Clear,DRY,Medium,TRAFFIC SIGNAL,NONE DETECTED,Yes,Possible Minor Injury,N/A,UNKNOWN,MD,PASSENGER CAR,CHANGING LANES,35,No,2014,LEXUS,RX350,38.99849381,-77.10921878,2023,12,19
230070479,Injury Crash,12/07/2023 07:23:00 PM,OLD GEORGETOWN RD,NA,SAME DIR REAR END,Clear,DRY,Medium,TRAFFIC SIGNAL,NONE DETECTED,No,Possible Minor Injury,N/A,NOT DISTRACTED,MD,POLICE VEHICLE/EMERGENCY,MOVING CONSTANT SPEED,35,No,2012,DODGE,CHARGER,38.99849381,-77.10921878,2023,12,19
230070481,Property Damage Crash,12/07/2023 07:17:00 PM,GRAND PARK AVE,NA,OTHER,Clear,DRY,Medium,N/A,NONE DETECTED,Yes,No Apparent Injury,N/A,NOT DISTRACTED,MD,PASSENGER CAR,BACKING,25,No,2013,HONDA,ACCORD,39.0503915,-77.117083,2023,12,19
230070470,Property Damage Crash,12/07/2023 06:53:00 PM,GEORGIA AVE,NA,SAME DIR REAR END,Clear,DRY,Medium,TRAFFIC SIGNAL,NONE DETECTED,Yes,No Apparent Injury,"BACKUP DUE TO REGULAR CONGESTION, N/A",UNKNOWN,NA,(SPORT) UTILITY VEHICLE,MOVING CONSTANT SPEED,35,No,2016,HYUNDAI,TUCSON,38.98857983,-77.02678617,2023,12,18
230070470,Property Damage Crash,12/07/2023 06:53:00 PM,GEORGIA AVE,NA,SAME DIR REAR END,Clear,DRY,Medium,TRAFFIC SIGNAL,NONE DETECTED,No,No Apparent Injury,"BACKUP DUE TO REGULAR CONGESTION, N/A",NOT DISTRACTED,MD,TRANSIT BUS,ACCELERATING,35,No,2013,METRO BUS,METRO BUS,38.98857983,-77.02678617,2023,12,18
230070467,Property Damage Crash,12/07/2023 06:24:00 PM,CLOPPER RD,NA,STRAIGHT MOVEMENT ANGLE,Clear,DRY,Medium,TRAFFIC SIGNAL,NONE DETECTED,Yes,No Apparent Injury,N/A,LOOKED BUT DID NOT SEE,MD,PASSENGER CAR,MOVING CONSTANT SPEED,35,No,2013,HOND,TK,39.14362938,-77.2237078,2023,12,18
230070467,Property Damage Crash,12/07/2023 06:24:00 PM,CLOPPER RD,NA,STRAIGHT MOVEMENT ANGLE,Clear,DRY,Medium,TRAFFIC SIGNAL,NONE DETECTED,No,No Apparent Injury,N/A,NOT DISTRACTED,MD,PASSENGER CAR,MOVING CONSTANT SPEED,35,No,2022,TESLA,SD,39.14362938,-77.2237078,2023,12,18
230070456,Injury Crash,12/07/2023 05:40:00 PM,BRIGGS CHANEY RD,PEDESTRIAN,STRAIGHT MOVEMENT ANGLE,Clear,DRY,Medium,TRAFFIC SIGNAL,NONE DETECTED,Unknown,No Apparent Injury,N/A,UNKNOWN,MD,PASSENGER CAR,MAKING RIGHT TURN,30,No,2006,TOYOTA,COROLLA,39.0823322,-76.94716118,2023,12,17
230070457,Injury Crash,12/07/2023 05:40:00 PM,SHADY GROVE RD,PEDESTRIAN,OTHER,Clear,DRY,Medium,TRAFFIC SIGNAL,NONE DETECTED,Yes,No Apparent Injury,N/A,NOT DISTRACTED,MD,PASSENGER CAR,MAKING RIGHT TURN,35,No,2018,NISSAN,ROGUE,39.13371167,-77.15808833,2023,12,17
230070455,Property Damage Crash,12/07/2023 05:28:00 PM,BAUER DR,NA,STRAIGHT MOVEMENT ANGLE,Clear,DRY,Medium,STOP SIGN,NONE DETECTED,Yes,No Apparent Injury,N/A,LOOKED BUT DID NOT SEE,PA,"CARGO VAN/LIGHT TRUCK 2 AXLES (OVER 10,000LBS (4,536 KG))",MOVING CONSTANT SPEED,25,No,2023,GMC,SAVANA,39.08924983,-77.0940915,2023,12,17
230070455,Property Damage Crash,12/07/2023 05:28:00 PM,BAUER DR,NA,STRAIGHT MOVEMENT ANGLE,Clear,DRY,Medium,STOP SIGN,NONE DETECTED,No,No Apparent Injury,N/A,NOT DISTRACTED,MD,PASSENGER CAR,MOVING CONSTANT SPEED,25,No,2019,TESLA,MODEL 3,39.08924983,-77.0940915,2023,12,17
230070442,Property Damage Crash,12/07/2023 04:26:00 PM,CONNECTICUT AVE,NA,SAME DIRECTION SIDESWIPE,Cloudy,DRY,Daylight,TRAFFIC SIGNAL,NONE DETECTED,No,No Apparent Injury,N/A,NOT DISTRACTED,NA,PASSENGER CAR,MOVING CONSTANT SPEED,40,No,2019,FORD,FIESTA,39.08371053,-77.07775709,2023,12,16
230070442,Property Damage Crash,12/07/2023 04:26:00 PM,CONNECTICUT AVE,NA,SAME DIRECTION SIDESWIPE,Cloudy,DRY,Daylight,TRAFFIC SIGNAL,NONE DETECTED,Yes,No Apparent Injury,N/A,UNKNOWN,MD,PASSENGER CAR,CHANGING LANES,40,No,2017,TOYOTA,COROLLA,39.08371053,-77.07775709,2023,12,16
230070439,Injury Crash,12/07/2023 04:19:00 PM,CONNECTICUT AVE,NA,HEAD ON LEFT TURN,Clear,DRY,Medium,TRAFFIC SIGNAL,NONE DETECTED,No,Possible Minor Injury,N/A,NOT DISTRACTED,MD,PASSENGER CAR,MOVING CONSTANT SPEED,35,No,2023,ACUR,HB,39.04742767,-77.0756865,2023,12,16
230070439,Injury Crash,12/07/2023 04:19:00 PM,CONNECTICUT AVE,NA,HEAD ON LEFT TURN,Clear,DRY,Medium,TRAFFIC SIGNAL,NONE DETECTED,Yes,No Apparent Injury,N/A,UNKNOWN,MD,PASSENGER CAR,MAKING LEFT TURN,35,No,2019,FORD,EDGE,39.04742767,-77.0756865,2023,12,16
230070446,Property Damage Crash,12/07/2023 03:50:00 PM,TOMLINSON AVE,NA,SAME DIRECTION SIDESWIPE,Clear,DRY,Daylight,NO CONTROLS,NONE DETECTED,Yes,No Apparent Injury,N/A,LOOKED BUT DID NOT SEE,MD,"MEDIUM/HEAVY TRUCKS 3 AXLES (OVER 10,000LBS (4,536KG))",BACKING,25,No,2009,STERLING,DUMP TRUCK,38.98102338,-77.167739889999993,2023,12,15
230070430,Injury Crash,12/07/2023 03:30:00 PM,NA,NA,OTHER,Clear,NA,Daylight,NO CONTROLS,NONE DETECTED,Yes,Possible Minor Injury,N/A,NOT DISTRACTED,MD,PASSENGER CAR,MOVING CONSTANT SPEED,5,No,2012,HONDA,CIVIC,39.1618754,-77.220468,2023,12,15
230070429,Property Damage Crash,12/07/2023 03:30:00 PM,NA,NA,SAME DIRECTION SIDESWIPE,Clear,NA,Daylight,N/A,NONE DETECTED,Yes,No Apparent Injury,N/A,UNKNOWN,MD,PASSENGER CAR,PARKING,15,No,1998,TOYOTA,CAMRY,39.08134667,-77.0784585,2023,12,15
230070424,Injury Crash,12/07/2023 03:08:00 PM,GREAT SENECA HWY,NA,SINGLE VEHICLE,Cloudy,DRY,Daylight,NO CONTROLS,NONE DETECTED,Yes,Suspected Serious Injury,N/A,UNKNOWN,WV,AMBULANCE/EMERGENCY,ACCELERATING,50,No,2003,ACURA,RSX,39.1198898,-77.22415327,2023,12,15
230070410,Property Damage Crash,12/07/2023 02:06:00 PM,CIDER BARRELL DR,NA,OTHER,Cloudy,DRY,Daylight,NO CONTROLS,NONE DETECTED,Yes,No Apparent Injury,N/A,DISTRACTED BY OUTSIDE PERSON OBJECT OR EVENT,MD,(SPORT) UTILITY VEHICLE,ACCELERATING,25,No,2015,NISSAN,ROGUE,39.18985283,-77.24399817,2023,12,14
230070402,Property Damage Crash,12/07/2023 12:53:00 PM,DICKERSON RD,NA,STRAIGHT MOVEMENT ANGLE,Cloudy,DRY,Daylight,STOP SIGN,NONE DETECTED,No,No Apparent Injury,N/A,NOT DISTRACTED,VA,TRUCK TRACTOR,MOVING CONSTANT SPEED,40,No,2006,FREI,TT,39.22465033,-77.426384,2023,12,12
230070402,Property Damage Crash,12/07/2023 12:53:00 PM,DICKERSON RD,NA,STRAIGHT MOVEMENT ANGLE,Cloudy,DRY,Daylight,STOP SIGN,NONE DETECTED,Yes,No Apparent Injury,N/A,UNKNOWN,MD,(SPORT) UTILITY VEHICLE,MOVING CONSTANT SPEED,30,No,2022,ACURA,MDX,39.22465033,-77.426384,2023,12,12
230070397,Property Damage Crash,12/07/2023 12:44:00 PM,STEDWICK RD,NA,ANGLE MEETS LEFT TURN,Clear,DRY,Daylight,NO CONTROLS,NONE DETECTED,Yes,No Apparent Injury,N/A,LOOKED BUT DID NOT SEE,MD,PASSENGER CAR,MAKING LEFT TURN,30,No,2022,AUDI,SUV,39.16989843,-77.20551604,2023,12,12