Local Case Number,ACRS Report Type,Crash Date/Time,Road Name,Related Non-Motorist,Collision Type,Weather,Surface Condition,Light,Traffic Control,Driver Substance Abuse,Driver At Fault,Injury Severity,Circumstance,Driver Distracted By,Drivers License State,Vehicle Body Type,Vehicle Movement,Speed Limit,Driverless Vehicle,Vehicle Year,Vehicle Make,Vehicle Model,Latitude,Longitude,Year,Month,Hour
230070397,Property Damage Crash,12/07/2023 12:44:00 PM,STEDWICK RD,NA,ANGLE MEETS LEFT TURN,Clear,DRY,Daylight,NO CONTROLS,NONE DETECTED,No,No Apparent Injury,N/A,NOT DISTRACTED,MD,PASSENGER CAR,MOVING CONSTANT SPEED,30,No,2011,HONDA,PILOT,39.16989843,-77.20551604,2023,12,12
230070388,Property Damage Crash,12/07/2023 11:55:00 AM,CONNECTICUT AVE,NA,SAME DIR REAR END,Clear,DRY,Daylight,NO CONTROLS,NONE DETECTED,Yes,No Apparent Injury,N/A,INATTENTIVE OR LOST IN THOUGHT,MD,PASSENGER CAR,SLOWING OR STOPPING,30,No,2019,FORD,SD,39.00309167,-77.07743167,2023,12,11
230070388,Property Damage Crash,12/07/2023 11:55:00 AM,CONNECTICUT AVE,NA,SAME DIR REAR END,Clear,DRY,Daylight,NO CONTROLS,NONE DETECTED,No,No Apparent Injury,N/A,NOT DISTRACTED,MD,VAN,STOPPED IN TRAFFIC LANE,30,No,2000,FORD,MAIL TRUCK,39.00309167,-77.07743167,2023,12,11
230070377,Property Damage Crash,12/07/2023 11:27:00 AM,MARYLAND AVE,NA,OTHER,Clear,DRY,Daylight,N/A,NONE DETECTED,Yes,No Apparent Injury,N/A,UNKNOWN,MD,PASSENGER CAR,BACKING,20,No,2021,TESL,SD,39.08654072,-77.15105901,2023,12,11
230070377,Property Damage Crash,12/07/2023 11:27:00 AM,MARYLAND AVE,NA,OTHER,Clear,DRY,Daylight,N/A,NONE DETECTED,No,No Apparent Injury,N/A,NOT DISTRACTED,MD,SCHOOL BUS,PARKED,0,No,2024,THMS,SB,39.08654072,-77.15105901,2023,12,11
230070386,Property Damage Crash,12/07/2023 10:50:00 AM,NA,NA,SINGLE VEHICLE,Clear,NA,Daylight,N/A,NONE DETECTED,Yes,No Apparent Injury,N/A,NOT DISTRACTED,MD,PASSENGER CAR,STARTING FROM PARKED,25,No,2019,TOYT,2S,39.11492447,-77.19589292,2023,12,10
230070371,Property Damage Crash,12/07/2023 10:45:00 AM,GEORGIA AVE,NA,SAME DIRECTION SIDESWIPE,Clear,DRY,Daylight,TRAFFIC SIGNAL,NONE DETECTED,No,No Apparent Injury,N/A,NOT DISTRACTED,MD,PASSENGER CAR,SLOWING OR STOPPING,35,No,2014,JEEP,GRAND CHEROKEE,39.029735,-77.04858167,2023,12,10
230070371,Property Damage Crash,12/07/2023 10:45:00 AM,GEORGIA AVE,NA,SAME DIRECTION SIDESWIPE,Clear,DRY,Daylight,TRAFFIC SIGNAL,NONE DETECTED,Yes,No Apparent Injury,N/A,NOT DISTRACTED,MD,"MEDIUM/HEAVY TRUCKS 3 AXLES (OVER 10,000LBS (4,536KG))",MAKING LEFT TURN,35,No,2008,STRG,DUMPTRUCK,39.029735,-77.04858167,2023,12,10
230070338,Property Damage Crash,12/07/2023 08:38:00 AM,MARSHALL AVE,NA,SINGLE VEHICLE,Clear,DRY,Daylight,NO CONTROLS,NONE DETECTED,Yes,No Apparent Injury,N/A,UNKNOWN,MD,PASSENGER CAR,MAKING RIGHT TURN,25,No,2014,THOM,BU,39.01560667,-77.01013833,2023,12,8
230070334,Injury Crash,12/07/2023 08:20:00 AM,HUNGERFORD DR,NA,OTHER,Cloudy,DRY,Daylight,TRAFFIC SIGNAL,NONE DETECTED,No,No Apparent Injury,N/A,NOT DISTRACTED,MD,(SPORT) UTILITY VEHICLE,MOVING CONSTANT SPEED,45,No,2019,GMC,TERRAIN,39.0965958,-77.15332664,2023,12,8
230070334,Injury Crash,12/07/2023 08:20:00 AM,HUNGERFORD DR,NA,OTHER,Cloudy,DRY,Daylight,TRAFFIC SIGNAL,NONE DETECTED,Yes,Possible Minor Injury,N/A,NOT DISTRACTED,MD,(SPORT) UTILITY VEHICLE,RIGHT TURN ON RED,45,No,2015,CADI,ESCALADE,39.0965958,-77.15332664,2023,12,8
230070332,Property Damage Crash,12/07/2023 08:14:00 AM,NORBECK RD,NA,SAME DIR REAR END,Cloudy,DRY,Daylight,N/A,NONE DETECTED,No,No Apparent Injury,N/A,NOT DISTRACTED,MD,VAN,SLOWING OR STOPPING,30,No,2020,FORD,TK,39.10518333,-77.08608,2023,12,8
230070332,Property Damage Crash,12/07/2023 08:14:00 AM,NORBECK RD,NA,SAME DIR REAR END,Cloudy,DRY,Daylight,N/A,NONE DETECTED,Yes,No Apparent Injury,N/A,NOT DISTRACTED,MD,PASSENGER CAR,SLOWING OR STOPPING,30,No,2012,TOYT,4S,39.10518333,-77.08608,2023,12,8
230070327,Property Damage Crash,12/07/2023 08:00:00 AM,FREDERICK RD,NA,SAME DIRECTION RIGHT TURN,Clear,DRY,Daylight,TRAFFIC SIGNAL,NONE DETECTED,No,No Apparent Injury,N/A,NOT DISTRACTED,MD,PASSENGER CAR,MOVING CONSTANT SPEED,35,No,2017,FORD,C MAX,39.15567343,-77.2155717,2023,12,8
230070327,Property Damage Crash,12/07/2023 08:00:00 AM,FREDERICK RD,NA,SAME DIRECTION RIGHT TURN,Clear,DRY,Daylight,TRAFFIC SIGNAL,NONE DETECTED,Yes,No Apparent Injury,N/A,DISTRACTED BY OUTSIDE PERSON OBJECT OR EVENT,MD,PASSENGER CAR,MAKING RIGHT TURN,35,No,2005,ACUR,4S,39.15567343,-77.2155717,2023,12,8
230070331,Property Damage Crash,12/07/2023 08:00:00 AM,BRADFORD RD,NA,SAME DIRECTION RIGHT TURN,Clear,DRY,Daylight,NO CONTROLS,NONE DETECTED,Yes,No Apparent Injury,N/A,NOT DISTRACTED,MD,SCHOOL BUS,MOVING CONSTANT SPEED,25,No,2022,FRHT,SCHOOL BUS,39.00304,-77.00636333,2023,12,8
230070323,Property Damage Crash,12/07/2023 07:24:00 AM,HAWKES RD,NA,SAME DIR REAR END,Cloudy,DRY,Medium,STOP SIGN,NONE DETECTED,Yes,No Apparent Injury,N/A,INATTENTIVE OR LOST IN THOUGHT,MD,(SPORT) UTILITY VEHICLE,STARTING FROM LANE,30,No,2022,NISSAN,ROGUE,39.24692333,-77.23430733,2023,12,7
230070323,Property Damage Crash,12/07/2023 07:24:00 AM,HAWKES RD,NA,SAME DIR REAR END,Cloudy,DRY,Medium,STOP SIGN,NONE DETECTED,No,No Apparent Injury,N/A,NOT DISTRACTED,MD,SCHOOL BUS,STOPPED IN TRAFFIC LANE,30,No,2022,THOMAS,SCHOOL BUS,39.24692333,-77.23430733,2023,12,7
230070320,Property Damage Crash,12/07/2023 06:45:00 AM,NORBECK RD,NA,HEAD ON LEFT TURN,Clear,DRY,Medium,TRAFFIC SIGNAL,NONE DETECTED,No,No Apparent Injury,N/A,NOT DISTRACTED,MD,PASSENGER CAR,MOVING CONSTANT SPEED,45,No,2013,GMC,PK,39.092823,-77.12269883,2023,12,6
230070320,Property Damage Crash,12/07/2023 06:45:00 AM,NORBECK RD,NA,HEAD ON LEFT TURN,Clear,DRY,Medium,TRAFFIC SIGNAL,NONE DETECTED,Yes,No Apparent Injury,N/A,LOOKED BUT DID NOT SEE,MD,PASSENGER CAR,MAKING LEFT TURN,45,No,2014,HOND,TK,39.092823,-77.12269883,2023,12,6
230070316,Injury Crash,12/07/2023 06:21:00 AM,GEORGIA AVE,NA,SAME DIR REAR END,Clear,DRY,Medium,TRAFFIC SIGNAL,NONE DETECTED,No,No Apparent Injury,N/A,NOT DISTRACTED,MD,PASSENGER CAR,STOPPED IN TRAFFIC LANE,35,No,2013,TOYT,SD,39.00974086,-77.04061674,2023,12,6
230070316,Injury Crash,12/07/2023 06:21:00 AM,GEORGIA AVE,NA,SAME DIR REAR END,Clear,DRY,Medium,TRAFFIC SIGNAL,NONE DETECTED,No,Possible Minor Injury,N/A,NOT DISTRACTED,MD,PASSENGER CAR,STOPPED IN TRAFFIC LANE,35,No,2006,TOYO,4S,39.00974086,-77.04061674,2023,12,6
230070316,Injury Crash,12/07/2023 06:21:00 AM,GEORGIA AVE,NA,SAME DIR REAR END,Clear,DRY,Medium,TRAFFIC SIGNAL,NONE DETECTED,Yes,No Apparent Injury,N/A,OTHER DISTRACTION,MD,PASSENGER CAR,SLOWING OR STOPPING,35,No,2008,LEXS,TK,39.00974086,-77.04061674,2023,12,6
230070315,Property Damage Crash,12/07/2023 02:56:00 AM,GEORGIA AVE,NA,N/A,Clear,DRY,Medium,N/A,NONE DETECTED,Yes,No Apparent Injury,"N/A, VISION OBSTRUCTION (INCL. BLINDED BY SUN)",LOOKED BUT DID NOT SEE,MD,PASSENGER CAR,MOVING CONSTANT SPEED,35,No,2020,KIA,NIRO,39.04452423,-77.06163367,2023,12,2
230070313,Property Damage Crash,12/07/2023 12:30:00 AM,GREENWOOD AVE,NA,N/A,Clear,DRY,Medium,NO CONTROLS,NONE DETECTED,Yes,No Apparent Injury,N/A,NOT DISTRACTED,MD,PASSENGER CAR,MOVING CONSTANT SPEED,25,No,2018,FRHT,TK,38.99412,-77.00123833,2023,12,0
230070299,Property Damage Crash,12/06/2023 09:54:00 PM,GOSHEN RD,NA,HEAD ON,Clear,DRY,Medium,TRAFFIC SIGNAL,NONE DETECTED,No,No Apparent Injury,N/A,NOT DISTRACTED,MD,PASSENGER CAR,ACCELERATING,50,No,2015,HOND,SD,39.15801333,-77.192055,2023,12,21
230070299,Property Damage Crash,12/06/2023 09:54:00 PM,GOSHEN RD,NA,HEAD ON,Clear,DRY,Medium,TRAFFIC SIGNAL,NONE DETECTED,Yes,No Apparent Injury,N/A,TALKING OR LISTENING TO CELLULAR PHONE,MD,PASSENGER CAR,ACCELERATING,50,No,2018,HOND,4S,39.15801333,-77.192055,2023,12,21
230070295,Property Damage Crash,12/06/2023 08:27:00 PM,MILLS AVE,NA,SINGLE VEHICLE,Clear,DRY,Dark,STOP SIGN,ALCOHOL PRESENT,Yes,No Apparent Injury,N/A,UNKNOWN,MD,PASSENGER CAR,UNKNOWN,25,No,2007,BMW,750,39.07935121,-77.0168046,2023,12,20
230070290,Property Damage Crash,12/06/2023 08:16:00 PM,MANNAKEE ST,NA,SAME DIRECTION SIDESWIPE,Clear,DRY,Medium,TRAFFIC SIGNAL,NONE DETECTED,No,No Apparent Injury,N/A,NOT DISTRACTED,MD,VAN,MOVING CONSTANT SPEED,45,No,2005,HONDA,PV,39.09646241,-77.15332421,2023,12,20
230070290,Property Damage Crash,12/06/2023 08:16:00 PM,MANNAKEE ST,NA,SAME DIRECTION SIDESWIPE,Clear,DRY,Medium,TRAFFIC SIGNAL,NONE DETECTED,Yes,No Apparent Injury,N/A,NOT DISTRACTED,MD,PASSENGER CAR,RIGHT TURN ON RED,45,No,2014,MAZDA,2,39.09646241,-77.15332421,2023,12,20
230070288,Property Damage Crash,12/06/2023 07:45:00 PM,NA,NA,HEAD ON,Clear,NA,Medium,N/A,NONE DETECTED,No,No Apparent Injury,N/A,UNKNOWN,MD,PASSENGER CAR,PASSING,5,No,2023,TOYT,SD,38.985317,-76.98638033,2023,12,19
230070288,Property Damage Crash,12/06/2023 07:45:00 PM,NA,NA,HEAD ON,Clear,NA,Medium,N/A,NONE DETECTED,Yes,No Apparent Injury,N/A,UNKNOWN,MD,PASSENGER CAR,PASSING,5,No,2003,FORD,F350,38.985317,-76.98638033,2023,12,19
230070277,Property Damage Crash,12/06/2023 06:42:00 PM,CONNECTICUT AVE,NA,STRAIGHT MOVEMENT ANGLE,Clear,DRY,Medium,STOP SIGN,NONE DETECTED,No,No Apparent Injury,N/A,NOT DISTRACTED,MD,PASSENGER CAR,MOVING CONSTANT SPEED,35,No,2017,AUDI,A3,39.02517017,-77.07633333,2023,12,18
230070277,Property Damage Crash,12/06/2023 06:42:00 PM,CONNECTICUT AVE,NA,STRAIGHT MOVEMENT ANGLE,Clear,DRY,Medium,STOP SIGN,NONE DETECTED,Yes,No Apparent Injury,N/A,LOOKED BUT DID NOT SEE,MD,PICKUP TRUCK,ACCELERATING,35,No,2018,FORD,F-150,39.02517017,-77.07633333,2023,12,18
230070272,Property Damage Crash,12/06/2023 06:32:00 PM,CLOPPER RD,NA,SAME DIR REAR END,Clear,DRY,Medium,NO CONTROLS,NONE DETECTED,No,No Apparent Injury,N/A,NOT DISTRACTED,MD,PASSENGER CAR,SLOWING OR STOPPING,40,No,2022,HYUN,UT,39.15608637,-77.2644614,2023,12,18
230070272,Property Damage Crash,12/06/2023 06:32:00 PM,CLOPPER RD,NA,SAME DIR REAR END,Clear,DRY,Medium,NO CONTROLS,NONE DETECTED,Yes,No Apparent Injury,N/A,OTHER ELECTRONIC DEVICE (NAVIGATIONAL PALM PILOT),MD,PASSENGER CAR,MOVING CONSTANT SPEED,40,No,2015,FORD,4S,39.15608637,-77.2644614,2023,12,18
230070260,Property Damage Crash,12/06/2023 05:53:00 PM,BEL PRE RD,NA,SAME DIRECTION SIDESWIPE,Clear,DRY,Medium,TRAFFIC SIGNAL,NONE DETECTED,Yes,No Apparent Injury,N/A,LOOKED BUT DID NOT SEE,MD,PASSENGER CAR,MAKING LEFT TURN,35,No,2018,BMW,330I,39.09012167,-77.04489,2023,12,17
230070260,Property Damage Crash,12/06/2023 05:53:00 PM,BEL PRE RD,NA,SAME DIRECTION SIDESWIPE,Clear,DRY,Medium,TRAFFIC SIGNAL,NONE DETECTED,No,No Apparent Injury,N/A,NOT DISTRACTED,MD,PASSENGER CAR,MAKING RIGHT TURN,35,No,2017,FORD,ESCAPE,39.09012167,-77.04489,2023,12,17
230070265,Property Damage Crash,12/06/2023 05:47:00 PM,PARTNERSHIP RD,NA,HEAD ON,Clear,DRY,Dark,N/A,NONE DETECTED,No,No Apparent Injury,N/A,NOT DISTRACTED,MD,(SPORT) UTILITY VEHICLE,MOVING CONSTANT SPEED,40,No,2023,NISSAN,PATHFINDER,39.10811777,-77.37942302,2023,12,17
230070265,Property Damage Crash,12/06/2023 05:47:00 PM,PARTNERSHIP RD,NA,HEAD ON,Clear,DRY,Dark,N/A,NONE DETECTED,Yes,No Apparent Injury,N/A,UNKNOWN,MD,PASSENGER CAR,MOVING CONSTANT SPEED,40,No,1999,CHEVROLET,MALIBU,39.10811777,-77.37942302,2023,12,17
230070263,Property Damage Crash,12/06/2023 05:45:00 PM,E DIAMOND AVE,NA,ANGLE MEETS LEFT TURN,Clear,DRY,Medium,UNKNOWN,NONE DETECTED,Yes,No Apparent Injury,N/A,LOOKED BUT DID NOT SEE,MD,PASSENGER CAR,MAKING LEFT TURN,25,No,2011,AUDI,A4,39.14171587,-77.19716355,2023,12,17
230070263,Property Damage Crash,12/06/2023 05:45:00 PM,E DIAMOND AVE,NA,ANGLE MEETS LEFT TURN,Clear,DRY,Medium,UNKNOWN,NONE DETECTED,No,No Apparent Injury,N/A,NOT DISTRACTED,MD,PASSENGER CAR,MOVING CONSTANT SPEED,25,No,2015,INTL,BLUE TRUCK,39.14171587,-77.19716355,2023,12,17
230070257,Property Damage Crash,12/06/2023 05:40:00 PM,GEORGIA AVE,NA,SAME DIR REAR END,Clear,N/A,Medium,NO CONTROLS,NONE DETECTED,Yes,No Apparent Injury,N/A,OTHER DISTRACTION,VA,PASSENGER CAR,MOVING CONSTANT SPEED,35,No,2001,HONDA,ACC,38.98595133,-77.02657667,2023,12,17
230070257,Property Damage Crash,12/06/2023 05:40:00 PM,GEORGIA AVE,NA,SAME DIR REAR END,Clear,N/A,Medium,NO CONTROLS,NONE DETECTED,No,No Apparent Injury,N/A,NOT DISTRACTED,MD,PICKUP TRUCK,MOVING CONSTANT SPEED,35,No,2021,RAM,ST,38.98595133,-77.02657667,2023,12,17
230070257,Property Damage Crash,12/06/2023 05:40:00 PM,GEORGIA AVE,NA,SAME DIR REAR END,Clear,N/A,Medium,NO CONTROLS,NONE DETECTED,No,No Apparent Injury,N/A,NOT DISTRACTED,MD,PASSENGER CAR,MOVING CONSTANT SPEED,35,No,2023,VOLK,SD,38.98595133,-77.02657667,2023,12,17
230070266,Property Damage Crash,12/06/2023 05:30:00 PM,GEORGIA AVE,NA,SAME DIR REAR END,Cloudy,DRY,Medium,NO CONTROLS,NONE DETECTED,Yes,No Apparent Injury,N/A,UNKNOWN,NA,AMBULANCE/EMERGENCY,SLOWING OR STOPPING,35,No,0,FORD,F150,39.02150505,-77.04492834,2023,12,17
230070266,Property Damage Crash,12/06/2023 05:30:00 PM,GEORGIA AVE,NA,SAME DIR REAR END,Cloudy,DRY,Medium,NO CONTROLS,NONE DETECTED,No,No Apparent Injury,N/A,NOT DISTRACTED,DC,PASSENGER CAR,STOPPED IN TRAFFIC LANE,35,No,2017,KIA,FORTE,39.02150505,-77.04492834,2023,12,17
230070252,Property Damage Crash,12/06/2023 04:20:00 PM,QUINCE ORCHARD RD,NA,SAME DIRECTION SIDESWIPE,Cloudy,DRY,Daylight,N/A,NONE DETECTED,Yes,No Apparent Injury,N/A,UNKNOWN,MD,(SPORT) UTILITY VEHICLE,MOVING CONSTANT SPEED,40,No,2013,TOYT,RAV4,39.12922718,-77.22858638,2023,12,16
230070252,Property Damage Crash,12/06/2023 04:20:00 PM,QUINCE ORCHARD RD,NA,SAME DIRECTION SIDESWIPE,Cloudy,DRY,Daylight,N/A,NONE DETECTED,No,No Apparent Injury,N/A,NOT DISTRACTED,MD,PASSENGER CAR,MOVING CONSTANT SPEED,40,No,2014,HOND,SD,39.12922718,-77.22858638,2023,12,16
230070233,Property Damage Crash,12/06/2023 03:24:00 PM,UNIVERSITY BLVD W,NA,SAME DIRECTION SIDESWIPE,Clear,DRY,Daylight,TRAFFIC SIGNAL,NONE DETECTED,No,No Apparent Injury,N/A,NOT DISTRACTED,MD,TRANSIT BUS,ACCELERATING,35,No,2013,TBU,BUS,39.04135,-77.05220833,2023,12,15
230070233,Property Damage Crash,12/06/2023 03:24:00 PM,UNIVERSITY BLVD W,NA,SAME DIRECTION SIDESWIPE,Clear,DRY,Daylight,TRAFFIC SIGNAL,NONE DETECTED,Yes,No Apparent Injury,N/A,OTHER DISTRACTION,NA,UNKNOWN,ACCELERATING,35,No,0,UNKNOWN,UNKNOWN,39.04135,-77.05220833,2023,12,15
230070231,Property Damage Crash,12/06/2023 03:15:00 PM,RANDOLPH RD,NA,SAME DIRECTION SIDESWIPE,Clear,DRY,Daylight,TRAFFIC SIGNAL,NONE DETECTED,No,No Apparent Injury,N/A,NOT DISTRACTED,MD,PASSENGER CAR,MOVING CONSTANT SPEED,35,No,2017,TOYOTA,CAMRY,39.05945333,-77.06213417,2023,12,15
230070231,Property Damage Crash,12/06/2023 03:15:00 PM,RANDOLPH RD,NA,SAME DIRECTION SIDESWIPE,Clear,DRY,Daylight,TRAFFIC SIGNAL,NONE DETECTED,Yes,No Apparent Injury,N/A,LOOKED BUT DID NOT SEE,XX,PASSENGER CAR,CHANGING LANES,35,No,2018,HYUNDAI,ELENTRA,39.05945333,-77.06213417,2023,12,15
230070215,Property Damage Crash,12/06/2023 01:55:00 PM,E MONTGOMERY AVE,NA,OTHER,Clear,DRY,Daylight,TRAFFIC SIGNAL,NONE DETECTED,Yes,No Apparent Injury,N/A,NOT DISTRACTED,MD,PASSENGER CAR,MAKING LEFT TURN,30,No,2012,FORD,2S,39.08198706,-77.14933747,2023,12,13
230070215,Property Damage Crash,12/06/2023 01:55:00 PM,E MONTGOMERY AVE,NA,OTHER,Clear,DRY,Daylight,TRAFFIC SIGNAL,NONE DETECTED,No,No Apparent Injury,N/A,NOT DISTRACTED,MD,PASSENGER CAR,MOVING CONSTANT SPEED,30,No,2006,PONT,TORRENT,39.08198706,-77.14933747,2023,12,13
230070217,Property Damage Crash,12/06/2023 01:45:00 PM,VEIRS MILL RD,NA,SAME DIR REAR END,Clear,DRY,Daylight,N/A,NONE DETECTED,Yes,No Apparent Injury,N/A,UNKNOWN,MD,TRANSIT BUS,MOVING CONSTANT SPEED,30,No,2013,NEW FLYER,TRANSIT BUS,39.08153561,-77.14488993,2023,12,13
230070217,Property Damage Crash,12/06/2023 01:45:00 PM,VEIRS MILL RD,NA,SAME DIR REAR END,Clear,DRY,Daylight,N/A,NONE DETECTED,No,No Apparent Injury,N/A,NOT DISTRACTED,MD,PASSENGER CAR,STOPPED IN TRAFFIC LANE,30,No,2014,HOND,4S,39.08153561,-77.14488993,2023,12,13
230070207,Injury Crash,12/06/2023 01:09:00 PM,GERMANTOWN RD,NA,HEAD ON LEFT TURN,Cloudy,DRY,Daylight,TRAFFIC SIGNAL,NONE DETECTED,Yes,Possible Minor Injury,N/A,LOOKED BUT DID NOT SEE,MD,PASSENGER CAR,MAKING U TURN,40,No,2017,HYUNDAI,SONATA,39.18201934,-77.26008444,2023,12,13
230070207,Injury Crash,12/06/2023 01:09:00 PM,GERMANTOWN RD,NA,HEAD ON LEFT TURN,Cloudy,DRY,Daylight,TRAFFIC SIGNAL,NONE DETECTED,Yes,No Apparent Injury,N/A,NOT DISTRACTED,MD,PASSENGER CAR,MOVING CONSTANT SPEED,40,No,2011,DODGE,SRT8,39.18201934,-77.26008444,2023,12,13
230070207,Injury Crash,12/06/2023 01:09:00 PM,GERMANTOWN RD,NA,HEAD ON LEFT TURN,Cloudy,DRY,Daylight,TRAFFIC SIGNAL,NONE DETECTED,No,Possible Minor Injury,N/A,NOT DISTRACTED,MD,PASSENGER CAR,MOVING CONSTANT SPEED,40,No,2012,HONDA,CIVIC,39.18201934,-77.26008444,2023,12,13
230070177,Injury Crash,12/06/2023 10:56:00 AM,ARLINGTON RD,PEDESTRIAN,STRAIGHT MOVEMENT ANGLE,Cloudy,DRY,Daylight,TRAFFIC SIGNAL,NONE DETECTED,No,Suspected Serious Injury,N/A,NOT DISTRACTED,MD,(SPORT) UTILITY VEHICLE,MOVING CONSTANT SPEED,25,No,2023,TOYOTA,BZ4X,38.98077833,-77.09855,2023,12,10
230070177,Injury Crash,12/06/2023 10:56:00 AM,ARLINGTON RD,PEDESTRIAN,STRAIGHT MOVEMENT ANGLE,Cloudy,DRY,Daylight,TRAFFIC SIGNAL,NONE DETECTED,Yes,Possible Minor Injury,N/A,UNKNOWN,MD,STATION WAGON,MAKING LEFT TURN,35,No,2013,VOLVO,XC70,38.98077833,-77.09855,2023,12,10
230070157,Property Damage Crash,12/06/2023 10:00:00 AM,OLD COLUMBIA PIKE,NA,OPPOSITE DIR BOTH LEFT TURN,Clear,DRY,Daylight,N/A,NONE DETECTED,No,No Apparent Injury,N/A,NOT DISTRACTED,MD,PASSENGER CAR,MOVING CONSTANT SPEED,35,No,2012,MITS,SD,39.06816833,-76.96228833,2023,12,10
230070157,Property Damage Crash,12/06/2023 10:00:00 AM,OLD COLUMBIA PIKE,NA,OPPOSITE DIR BOTH LEFT TURN,Clear,DRY,Daylight,N/A,NONE DETECTED,Yes,No Apparent Injury,N/A,NOT DISTRACTED,MD,PASSENGER CAR,MAKING LEFT TURN,35,No,2016,TOYOTA,CAMRY,39.06816833,-76.96228833,2023,12,10
230070140,Property Damage Crash,12/06/2023 08:50:00 AM,QUINCE ORCHARD RD,NA,STRAIGHT MOVEMENT ANGLE,Clear,DRY,Daylight,TRAFFIC SIGNAL,NONE DETECTED,Yes,No Apparent Injury,N/A,UNKNOWN,MD,PASSENGER CAR,MOVING CONSTANT SPEED,40,No,2015,HONDA,PILOT,39.1292756,-77.23375889,2023,12,8
230070140,Property Damage Crash,12/06/2023 08:50:00 AM,QUINCE ORCHARD RD,NA,STRAIGHT MOVEMENT ANGLE,Clear,DRY,Daylight,TRAFFIC SIGNAL,NONE DETECTED,No,No Apparent Injury,N/A,NOT DISTRACTED,MD,PASSENGER CAR,MAKING LEFT TURN,35,No,2016,KIA,4S,39.1292756,-77.23375889,2023,12,8
230070136,Injury Crash,12/06/2023 08:09:00 AM,OLD HUNDRED RD,NA,HEAD ON LEFT TURN,Cloudy,WET,Daylight,NO CONTROLS,NONE DETECTED,Yes,No Apparent Injury,N/A,INATTENTIVE OR LOST IN THOUGHT,MD,PASSENGER CAR,MAKING LEFT TURN,35,No,2018,SUBARU,CROSSTREK,39.27746167,-77.324731,2023,12,8
230070136,Injury Crash,12/06/2023 08:09:00 AM,OLD HUNDRED RD,NA,HEAD ON LEFT TURN,Cloudy,WET,Daylight,NO CONTROLS,NONE DETECTED,No,Possible Minor Injury,N/A,NOT DISTRACTED,MD,(SPORT) UTILITY VEHICLE,MOVING CONSTANT SPEED,35,No,2013,HONDA,PILOT,39.27746167,-77.324731,2023,12,8
230070130,Property Damage Crash,12/06/2023 07:18:00 AM,ROCKVILLE PIKE,NA,SAME DIRECTION SIDESWIPE,Cloudy,DRY,Daylight,NO CONTROLS,NONE DETECTED,No,No Apparent Injury,N/A,NOT DISTRACTED,MD,STATION WAGON,MOVING CONSTANT SPEED,35,No,2011,FORD,EXPLORER,39.02254833,-77.10271333,2023,12,7
230070130,Property Damage Crash,12/06/2023 07:18:00 AM,ROCKVILLE PIKE,NA,SAME DIRECTION SIDESWIPE,Cloudy,DRY,Daylight,NO CONTROLS,NONE DETECTED,Yes,No Apparent Injury,N/A,LOOKED BUT DID NOT SEE,MD,"CARGO VAN/LIGHT TRUCK 2 AXLES (OVER 10,000LBS (4,536 KG))",CHANGING LANES,35,No,2008,FORD,PK,39.02254833,-77.10271333,2023,12,7
230070124,Injury Crash,12/06/2023 07:04:00 AM,NORBECK RD,NA,SAME DIR REAR END,Clear,DRY,Medium,TRAFFIC SIGNAL,NONE DETECTED,Yes,No Apparent Injury,N/A,UNKNOWN,MD,PASSENGER CAR,MOVING CONSTANT SPEED,35,No,2018,FORD,TK,39.09638,-77.10927833,2023,12,7
230070124,Injury Crash,12/06/2023 07:04:00 AM,NORBECK RD,NA,SAME DIR REAR END,Clear,DRY,Medium,TRAFFIC SIGNAL,NONE DETECTED,No,Possible Minor Injury,N/A,NOT DISTRACTED,MD,(SPORT) UTILITY VEHICLE,STOPPED IN TRAFFIC LANE,35,No,2012,NISSAN,JUKE,39.09638,-77.10927833,2023,12,7
230070124,Injury Crash,12/06/2023 07:04:00 AM,NORBECK RD,NA,SAME DIR REAR END,Clear,DRY,Medium,TRAFFIC SIGNAL,NONE DETECTED,No,Possible Minor Injury,N/A,NOT DISTRACTED,MD,(SPORT) UTILITY VEHICLE,STOPPED IN TRAFFIC LANE,35,No,2023,AUDI,UT,39.09638,-77.10927833,2023,12,7
230070120,Property Damage Crash,12/06/2023 04:30:00 AM,DARNESTOWN RD,NA,SINGLE VEHICLE,Clear,WET,Dark,NO CONTROLS,NONE DETECTED,Yes,No Apparent Injury,"N/A, WET",LOOKED BUT DID NOT SEE,MD,PASSENGER CAR,MOVING CONSTANT SPEED,45,No,2018,TOYT,CAMRY,39.13837167,-77.3559,2023,12,4
230070085,Injury Crash,12/05/2023 08:46:00 PM,GERMANTOWN RD,NA,SAME DIR REAR END,Clear,WET,Medium,TRAFFIC SIGNAL,NONE DETECTED,No,Possible Minor Injury,"N/A, WET",NOT DISTRACTED,MD,PASSENGER CAR,MOVING CONSTANT SPEED,40,No,2018,INFINITY,TK,39.16728345,-77.28061902,2023,12,20
230070085,Injury Crash,12/05/2023 08:46:00 PM,GERMANTOWN RD,NA,SAME DIR REAR END,Clear,WET,Medium,TRAFFIC SIGNAL,NONE DETECTED,Yes,No Apparent Injury,"N/A, WET",UNKNOWN,NA,PASSENGER CAR,MOVING CONSTANT SPEED,40,Unknown,2017,VOLK,4DR,39.16728345,-77.28061902,2023,12,20
230070071,Injury Crash,12/05/2023 07:00:00 PM,FREDERICK RD,NA,SAME DIR REAR END,Rain,WET,Medium,TRAFFIC SIGNAL,NONE DETECTED,No,Possible Minor Injury,N/A,NOT DISTRACTED,MD,PASSENGER CAR,STOPPED IN TRAFFIC LANE,35,No,2015,TOYT,4S,39.11240207,-77.16176169,2023,12,19
230070071,Injury Crash,12/05/2023 07:00:00 PM,FREDERICK RD,NA,SAME DIR REAR END,Rain,WET,Medium,TRAFFIC SIGNAL,NONE DETECTED,Yes,No Apparent Injury,N/A,LOOKED BUT DID NOT SEE,MD,PASSENGER CAR,MOVING CONSTANT SPEED,35,No,2018,HOND,HB,39.11240207,-77.16176169,2023,12,19
230070067,Property Damage Crash,12/05/2023 06:36:00 PM,EISENHOWER MEMORIAL HWY,NA,SAME DIR REAR END,Cloudy,DRY,Medium,NO CONTROLS,NONE DETECTED,No,No Apparent Injury,N/A,NOT DISTRACTED,MD,STATION WAGON,SLOWING OR STOPPING,55,No,2021,VOLK,ID4,39.1542736,-77.22237526,2023,12,18
230070067,Property Damage Crash,12/05/2023 06:36:00 PM,EISENHOWER MEMORIAL HWY,NA,SAME DIR REAR END,Cloudy,DRY,Medium,NO CONTROLS,NONE DETECTED,Yes,No Apparent Injury,N/A,NOT DISTRACTED,MD,VAN,SLOWING OR STOPPING,55,No,2014,HOND,ODYSSEY,39.1542736,-77.22237526,2023,12,18
230070060,Injury Crash,12/05/2023 05:50:00 PM,E RANDOLPH RD,NA,SAME DIR REAR END,Clear,DRY,Medium,NO CONTROLS,NONE DETECTED,No,No Apparent Injury,N/A,NOT DISTRACTED,MD,PASSENGER CAR,STOPPED IN TRAFFIC LANE,35,No,2001,TOYOTA,COROLLA,39.07557167,-76.99846667,2023,12,17