Local Case Number,ACRS Report Type,Crash Date/Time,Road Name,Related Non-Motorist,Collision Type,Weather,Surface Condition,Light,Traffic Control,Driver Substance Abuse,Driver At Fault,Injury Severity,Circumstance,Driver Distracted By,Drivers License State,Vehicle Body Type,Vehicle Movement,Speed Limit,Driverless Vehicle,Vehicle Year,Vehicle Make,Vehicle Model,Latitude,Longitude,Year,Month,Hour
230070060,Injury Crash,12/05/2023 05:50:00 PM,E RANDOLPH RD,NA,SAME DIR REAR END,Clear,DRY,Medium,NO CONTROLS,NONE DETECTED,Yes,No Apparent Injury,N/A,INATTENTIVE OR LOST IN THOUGHT,MD,PASSENGER CAR,MOVING CONSTANT SPEED,35,No,2005,TOYOTA,CAMRY,39.07557167,-76.99846667,2023,12,17
230070047,Property Damage Crash,12/05/2023 04:15:00 PM,FALLS RD,NA,SAME DIR REAR END,Cloudy,DRY,Daylight,TRAFFIC SIGNAL,NONE DETECTED,Yes,No Apparent Injury,N/A,LOOKED BUT DID NOT SEE,MD,"CARGO VAN/LIGHT TRUCK 2 AXLES (OVER 10,000LBS (4,536 KG))",MOVING CONSTANT SPEED,35,No,2019,FORD,F250,39.05574635,-77.18028574,2023,12,16
230070047,Property Damage Crash,12/05/2023 04:15:00 PM,FALLS RD,NA,SAME DIR REAR END,Cloudy,DRY,Daylight,TRAFFIC SIGNAL,NONE DETECTED,No,No Apparent Injury,N/A,NOT DISTRACTED,MD,PASSENGER CAR,SLOWING OR STOPPING,35,No,2013,HYUNDAI,ELANTRA,39.05574635,-77.18028574,2023,12,16
230070047,Property Damage Crash,12/05/2023 04:15:00 PM,FALLS RD,NA,SAME DIR REAR END,Cloudy,DRY,Daylight,TRAFFIC SIGNAL,NONE DETECTED,No,No Apparent Injury,N/A,NOT DISTRACTED,MD,PASSENGER CAR,STOPPED IN TRAFFIC LANE,35,No,2020,TOYOTA,COROLLA,39.05574635,-77.18028574,2023,12,16
230070038,Property Damage Crash,12/05/2023 03:27:00 PM,ARCOLA AVE,NA,OTHER,Clear,DRY,Daylight,NO CONTROLS,NONE DETECTED,Yes,No Apparent Injury,N/A,INATTENTIVE OR LOST IN THOUGHT,MD,PASSENGER CAR,MOVING CONSTANT SPEED,35,No,2016,HOND,ODYSSEY,39.04714667,-77.04544167,2023,12,15
230070030,Property Damage Crash,12/05/2023 03:03:00 PM,MONTROSE RD,NA,SAME DIR REAR END,Clear,DRY,Daylight,NO CONTROLS,NONE DETECTED,No,No Apparent Injury,N/A,NOT DISTRACTED,MD,PASSENGER CAR,MOVING CONSTANT SPEED,50,No,2014,TOYT,CAMRY,39.05622167,-77.15447667,2023,12,15
230070030,Property Damage Crash,12/05/2023 03:03:00 PM,MONTROSE RD,NA,SAME DIR REAR END,Clear,DRY,Daylight,NO CONTROLS,NONE DETECTED,Yes,No Apparent Injury,N/A,NOT DISTRACTED,MD,POLICE VEHICLE/EMERGENCY,MOVING CONSTANT SPEED,50,No,2016,HOND,CIVIC,39.05622167,-77.15447667,2023,12,15
230070034,Property Damage Crash,12/05/2023 02:56:00 PM,FREDERICK RD,NA,SAME DIR REAR END,Clear,DRY,Daylight,N/A,NONE DETECTED,No,No Apparent Injury,N/A,NOT DISTRACTED,MD,PASSENGER CAR,MOVING CONSTANT SPEED,35,No,2012,CHEVROLET,WORK TRUCK,39.35249,-77.285255,2023,12,14
230070034,Property Damage Crash,12/05/2023 02:56:00 PM,FREDERICK RD,NA,SAME DIR REAR END,Clear,DRY,Daylight,N/A,NONE DETECTED,Yes,No Apparent Injury,N/A,NOT DISTRACTED,MD,PASSENGER CAR,CHANGING LANES,35,No,2006,ACURA,TSX,39.35249,-77.285255,2023,12,14
230070027,Property Damage Crash,12/05/2023 02:45:00 PM,ROCKVILLE PIKE,NA,SAME DIRECTION SIDESWIPE,Cloudy,DRY,Daylight,TRAFFIC SIGNAL,NONE DETECTED,No,No Apparent Injury,N/A,NOT DISTRACTED,MD,PASSENGER CAR,MOVING CONSTANT SPEED,35,No,2002,TOYOTA,CAMRY,39.040795,-77.109853330000007,2023,12,14
230070027,Property Damage Crash,12/05/2023 02:45:00 PM,ROCKVILLE PIKE,NA,SAME DIRECTION SIDESWIPE,Cloudy,DRY,Daylight,TRAFFIC SIGNAL,NONE DETECTED,Yes,No Apparent Injury,N/A,LOOKED BUT DID NOT SEE,MD,(SPORT) UTILITY VEHICLE,MOVING CONSTANT SPEED,35,No,2023,AUDI,Q5,39.040795,-77.109853330000007,2023,12,14
230070026,Property Damage Crash,12/05/2023 02:30:00 PM,GOSHEN RD,NA,STRAIGHT MOVEMENT ANGLE,Cloudy,DRY,Daylight,N/A,NONE DETECTED,Yes,No Apparent Injury,N/A,UNKNOWN,MD,PASSENGER CAR,MOVING CONSTANT SPEED,30,No,2013,BUICK,SUV,39.18988811,-77.18536318,2023,12,14
230070026,Property Damage Crash,12/05/2023 02:30:00 PM,GOSHEN RD,NA,STRAIGHT MOVEMENT ANGLE,Cloudy,DRY,Daylight,N/A,NONE DETECTED,No,No Apparent Injury,N/A,NOT DISTRACTED,MD,PASSENGER CAR,MAKING LEFT TURN,30,No,2018,VOLK,SUV,39.18988811,-77.18536318,2023,12,14
230070018,Property Damage Crash,12/05/2023 02:15:00 PM,NA,NA,STRAIGHT MOVEMENT ANGLE,Cloudy,NA,Daylight,NO CONTROLS,NONE DETECTED,Yes,No Apparent Injury,N/A,NOT DISTRACTED,MD,PASSENGER CAR,ACCELERATING,0,No,2016,HOND,CRV,39.10857833,-76.93583,2023,12,14
230070018,Property Damage Crash,12/05/2023 02:15:00 PM,NA,NA,STRAIGHT MOVEMENT ANGLE,Cloudy,NA,Daylight,NO CONTROLS,NONE DETECTED,No,No Apparent Injury,N/A,NOT DISTRACTED,MD,PASSENGER CAR,PARKED,0,No,2016,TOYOTA,SIENNA,39.10857833,-76.93583,2023,12,14
230070000,Injury Crash,12/05/2023 01:30:00 PM,FREDERICK RD,NA,STRAIGHT MOVEMENT ANGLE,Clear,DRY,Daylight,TRAFFIC SIGNAL,NONE DETECTED,Yes,No Apparent Injury,N/A,UNKNOWN,MD,PASSENGER CAR,MOVING CONSTANT SPEED,35,No,2016,TOYT,CAMRY,39.02245743,-77.10315295,2023,12,13
230070000,Injury Crash,12/05/2023 01:30:00 PM,FREDERICK RD,NA,STRAIGHT MOVEMENT ANGLE,Clear,DRY,Daylight,TRAFFIC SIGNAL,NONE DETECTED,No,No Apparent Injury,N/A,NOT DISTRACTED,MD,PASSENGER CAR,ACCELERATING,35,No,2016,SUBA,OUTBACK,39.02245743,-77.10315295,2023,12,13
230069989,Property Damage Crash,12/05/2023 01:01:00 PM,WINGED ELM DR,NA,OPPOSITE DIRECTION SIDESWIPE,Clear,DRY,Daylight,N/A,NONE DETECTED,No,No Apparent Injury,"N/A, V EXHAUST SYSTEM|R OTHER ROAD",NOT DISTRACTED,MD,SCHOOL BUS,STOPPED IN TRAFFIC LANE,25,No,2018,THOMAS,SCHOOL BUS,39.23384117,-77.2528525,2023,12,13
230069989,Property Damage Crash,12/05/2023 01:01:00 PM,WINGED ELM DR,NA,OPPOSITE DIRECTION SIDESWIPE,Clear,DRY,Daylight,N/A,NONE DETECTED,Yes,No Apparent Injury,"N/A, V EXHAUST SYSTEM|R OTHER ROAD",NOT DISTRACTED,MD,"CARGO VAN/LIGHT TRUCK 2 AXLES (OVER 10,000LBS (4,536 KG))",STARTING FROM LANE,25,No,2014,INTL,TK,39.23384117,-77.2528525,2023,12,13
230069975,Property Damage Crash,12/05/2023 12:27:00 PM,NA,NA,SINGLE VEHICLE,Clear,NA,Daylight,N/A,NONE DETECTED,Yes,No Apparent Injury,N/A,UNKNOWN,MD,PASSENGER CAR,MOVING CONSTANT SPEED,0,No,2016,TOYOTA,COROLLA,39.07420637,-77.13746558,2023,12,12
23006974,Property Damage Crash,12/05/2023 12:07:00 PM,EAST WEST HWY,BICYCLIST,STRAIGHT MOVEMENT ANGLE,Clear,DRY,Daylight,TRAFFIC SIGNAL,NONE DETECTED,No,No Apparent Injury,N/A,NOT DISTRACTED,MD,(SPORT) UTILITY VEHICLE,ACCELERATING,35,No,2017,ACURA,RDX,38.99388637,-77.03252315,2023,12,12
230069982,Injury Crash,12/05/2023 11:50:00 AM,MIDDLEBROOK RD,NA,STRAIGHT MOVEMENT ANGLE,Clear,DRY,Daylight,STOP SIGN,NONE DETECTED,No,Possible Minor Injury,N/A,NOT DISTRACTED,MD,(SPORT) UTILITY VEHICLE,MOVING CONSTANT SPEED,30,No,2017,PORCHE,MACAN,39.18164621,-77.23178538,2023,12,11
230069982,Injury Crash,12/05/2023 11:50:00 AM,MIDDLEBROOK RD,NA,STRAIGHT MOVEMENT ANGLE,Clear,DRY,Daylight,STOP SIGN,NONE DETECTED,Yes,Possible Minor Injury,N/A,LOOKED BUT DID NOT SEE,MD,(SPORT) UTILITY VEHICLE,ACCELERATING,30,No,2011,HYUNDAI,SANTA FE,39.18164621,-77.23178538,2023,12,11
230069969,Injury Crash,12/05/2023 11:22:00 AM,CINNABAR DR,NA,SAME DIR REAR END,Clear,DRY,Daylight,NO CONTROLS,NONE DETECTED,Yes,Possible Minor Injury,"ANIMAL, N/A",NOT DISTRACTED,MD,PASSENGER CAR,MOVING CONSTANT SPEED,30,No,2007,GMC,SIERRA,39.18650083,-77.1561995,2023,12,11
230069930,Property Damage Crash,12/05/2023 09:04:00 AM,KENT ST,NA,SAME DIR REAR END,Clear,DRY,Daylight,NO CONTROLS,NONE DETECTED,Yes,No Apparent Injury,N/A,UNKNOWN,MD,PASSENGER CAR,OTHER,25,No,2006,HONDA,ACCORD,39.01988667,-77.06457167,2023,12,9
230069933,Property Damage Crash,12/05/2023 09:00:00 AM,DUFIEF DR,NA,SAME DIRECTION SIDESWIPE,Cloudy,DRY,Daylight,STOP SIGN,NONE DETECTED,Yes,No Apparent Injury,N/A,OTHER DISTRACTION,DC,"OTHER LIGHT TRUCKS (10,000LBS (4,536KG) OR LESS)",CHANGING LANES,35,No,2019,HINO,195,39.10571667,-77.234035,2023,12,9
230069933,Property Damage Crash,12/05/2023 09:00:00 AM,DUFIEF DR,NA,SAME DIRECTION SIDESWIPE,Cloudy,DRY,Daylight,STOP SIGN,NONE DETECTED,No,No Apparent Injury,N/A,NOT DISTRACTED,MD,SCHOOL BUS,STOPPED IN TRAFFIC LANE,35,No,2012,THOM,B,39.10571667,-77.234035,2023,12,9
230069924,Injury Crash,12/05/2023 08:41:00 AM,SNOWDEN FARM PKWY,NA,STRAIGHT MOVEMENT ANGLE,Cloudy,DRY,Daylight,STOP SIGN,NONE DETECTED,Yes,No Apparent Injury,"N/A, VISION OBSTRUCTION (INCL. BLINDED BY SUN)",LOOKED BUT DID NOT SEE,MD,PICKUP TRUCK,MAKING LEFT TURN,35,No,2016,NISSAN,FRONTIER,39.23092483,-77.25472333,2023,12,8
230069924,Injury Crash,12/05/2023 08:41:00 AM,SNOWDEN FARM PKWY,NA,STRAIGHT MOVEMENT ANGLE,Cloudy,DRY,Daylight,STOP SIGN,NONE DETECTED,No,Possible Minor Injury,"N/A, VISION OBSTRUCTION (INCL. BLINDED BY SUN)",NOT DISTRACTED,MD,PASSENGER CAR,MOVING CONSTANT SPEED,35,No,2017,HONDA,ACCORD,39.23092483,-77.25472333,2023,12,8
230069915,Property Damage Crash,12/05/2023 07:54:00 AM,CLOPPER RD,NA,SAME DIR REAR END,Clear,DRY,Daylight,NO CONTROLS,NONE DETECTED,Yes,No Apparent Injury,"BACKUP DUE TO REGULAR CONGESTION, N/A",NOT DISTRACTED,MD,PASSENGER CAR,SLOWING OR STOPPING,35,No,2016,SUBARU,FORESTER,39.16331973,-77.28436783,2023,12,7
230069915,Property Damage Crash,12/05/2023 07:54:00 AM,CLOPPER RD,NA,SAME DIR REAR END,Clear,DRY,Daylight,NO CONTROLS,NONE DETECTED,No,No Apparent Injury,"BACKUP DUE TO REGULAR CONGESTION, N/A",NOT DISTRACTED,MD,PASSENGER CAR,STOPPED IN TRAFFIC LANE,35,No,2018,MAZDA,CX-5,39.16331973,-77.28436783,2023,12,7
230069910,Injury Crash,12/05/2023 06:56:00 AM,DEWEY RD,PEDESTRIAN,OTHER,Clear,DRY,Medium,TRAFFIC SIGNAL,NONE DETECTED,Yes,No Apparent Injury,N/A,LOOKED BUT DID NOT SEE,MD,(SPORT) UTILITY VEHICLE,MAKING LEFT TURN,30,No,2015,NISS,UT,39.05365,-77.08934667,2023,12,6
230069906,Property Damage Crash,12/05/2023 06:30:00 AM,COLESVILLE RD,NA,SINGLE VEHICLE,Clear,DRY,Medium,NO CONTROLS,NONE DETECTED,Yes,No Apparent Injury,N/A,NOT DISTRACTED,MD,PASSENGER CAR,MOVING CONSTANT SPEED,40,No,1990,VOLK,2S,39.01707304,-77.01604045,2023,12,6
230069896,Property Damage Crash,12/05/2023 12:00:00 AM,NA,NA,SAME DIRECTION SIDESWIPE,Clear,NA,Medium,N/A,NONE DETECTED,Yes,No Apparent Injury,N/A,NOT DISTRACTED,NA,PASSENGER CAR,STARTING FROM PARKED,5,No,2022,KIA,SPORTAGE,39.09496611,-77.13472025,2023,12,0
230069891,Property Damage Crash,12/04/2023 11:00:00 PM,NEW HAMPSHIRE AVE,NA,HEAD ON LEFT TURN,Clear,DRY,Medium,N/A,NONE DETECTED,No,No Apparent Injury,N/A,NOT DISTRACTED,MD,(SPORT) UTILITY VEHICLE,MOVING CONSTANT SPEED,35,No,2008,MERCEDES,ML 350,39.00821467,-76.97983367,2023,12,23
230069891,Property Damage Crash,12/04/2023 11:00:00 PM,NEW HAMPSHIRE AVE,NA,HEAD ON LEFT TURN,Clear,DRY,Medium,N/A,NONE DETECTED,Yes,No Apparent Injury,N/A,LOOKED BUT DID NOT SEE,MD,POLICE VEHICLE/EMERGENCY,MAKING LEFT TURN,35,No,2012,ACURA,TSX,39.00821467,-76.97983367,2023,12,23
230069880,Injury Crash,12/04/2023 09:37:00 PM,RIVER RD,NA,SINGLE VEHICLE,Clear,DRY,Dark,NO CONTROLS,NONE DETECTED,Yes,Possible Minor Injury,N/A,NOT DISTRACTED,MD,(SPORT) UTILITY VEHICLE,OTHER,20,No,2015,TOYOTA,RAV4,39.05868333,-77.29070333,2023,12,21
230069850,Injury Crash,12/04/2023 06:20:00 PM,NORBECK BLVD,NA,SINGLE VEHICLE,Clear,DRY,Medium,NO CONTROLS,NONE DETECTED,Yes,Possible Minor Injury,N/A,BY MOVING OBJECT IN VEHICLE,MD,PASSENGER CAR,MOVING CONSTANT SPEED,25,No,2014,VOLVO,T5,39.10974667,-77.06879,2023,12,18
230069844,Injury Crash,12/04/2023 05:50:00 PM,BRADLEY BLVD,NA,SAME DIR REAR END,Clear,DRY,Medium,NO CONTROLS,NONE DETECTED,Yes,No Apparent Injury,N/A,NOT DISTRACTED,MD,PASSENGER CAR,MOVING CONSTANT SPEED,35,No,2014,PORS,4H,38.97707833,-77.10495,2023,12,17
230069844,Injury Crash,12/04/2023 05:50:00 PM,BRADLEY BLVD,NA,SAME DIR REAR END,Clear,DRY,Medium,NO CONTROLS,NONE DETECTED,Yes,Possible Minor Injury,N/A,NOT DISTRACTED,MD,PASSENGER CAR,CHANGING LANES,35,No,2015,HOND,VN,38.97707833,-77.10495,2023,12,17
230069842,Injury Crash,12/04/2023 05:42:00 PM,COLUMBIA PIKE,NA,SINGLE VEHICLE,Clear,DRY,Dark,NO CONTROLS,NONE DETECTED,Yes,Possible Minor Injury,N/A,NOT DISTRACTED,MD,PASSENGER CAR,MOVING CONSTANT SPEED,55,No,2020,FORD,EXPLORER,39.12665333,-76.922781,2023,12,17
230069817,Injury Crash,12/04/2023 04:24:00 PM,SAM EIG HWY,NA,SAME DIR REAR END,Clear,DRY,Daylight,NO CONTROLS,NONE DETECTED,No,Possible Minor Injury,N/A,NOT DISTRACTED,MD,PASSENGER CAR,STOPPED IN TRAFFIC LANE,45,No,2023,TESLA,Y,39.11062167,-77.21153,2023,12,16
230069817,Injury Crash,12/04/2023 04:24:00 PM,SAM EIG HWY,NA,SAME DIR REAR END,Clear,DRY,Daylight,NO CONTROLS,NONE DETECTED,Yes,No Apparent Injury,N/A,NOT DISTRACTED,MD,PASSENGER CAR,SLOWING OR STOPPING,45,No,2017,KIA,TK,39.11062167,-77.21153,2023,12,16
230069820,Property Damage Crash,12/04/2023 03:30:00 PM,BRIGGS CHANEY RD,NA,SAME DIRECTION LEFT TURN,Clear,DRY,Daylight,NO CONTROLS,NONE DETECTED,No,No Apparent Injury,N/A,NOT DISTRACTED,MD,VAN,MOVING CONSTANT SPEED,35,No,2020,TOYT,VN,39.09072,-76.96624833,2023,12,15
230069820,Property Damage Crash,12/04/2023 03:30:00 PM,BRIGGS CHANEY RD,NA,SAME DIRECTION LEFT TURN,Clear,DRY,Daylight,NO CONTROLS,NONE DETECTED,Yes,No Apparent Injury,N/A,LOOKED BUT DID NOT SEE,MD,PASSENGER CAR,ENTERING TRAFFIC LANE,35,No,2004,TOYOTA,MATRIX,39.09072,-76.96624833,2023,12,15
230069813,Property Damage Crash,12/04/2023 03:11:00 PM,BROADMORE RD,NA,SAME DIRECTION SIDESWIPE,Cloudy,DRY,Daylight,NO CONTROLS,NONE DETECTED,Yes,No Apparent Injury,N/A,NOT DISTRACTED,MD,SCHOOL BUS,NEGOTIATING A CURVE,25,No,2020,THMS,BUS,39.0712952,-76.99017735,2023,12,15
230069801,Property Damage Crash,12/04/2023 01:48:00 PM,GEORGIA ST,NA,SAME DIRECTION SIDESWIPE,Cloudy,DRY,Daylight,NO CONTROLS,NONE DETECTED,Yes,No Apparent Injury,N/A,UNKNOWN,MD,(SPORT) UTILITY VEHICLE,MOVING CONSTANT SPEED,20,No,2017,JEEP,GRAND CHEROKEE,38.97709633,-77.07244717,2023,12,13
230069793,Property Damage Crash,12/04/2023 01:20:00 PM,E MONTGOMERY AVE,NA,SAME DIR REAR END,Clear,DRY,Daylight,N/A,NONE DETECTED,Yes,No Apparent Injury,N/A,NOT DISTRACTED,MD,PASSENGER CAR,STOPPED IN TRAFFIC LANE,15,No,2000,TOYT,4S,39.08405068,-77.15057804,2023,12,13
230069793,Property Damage Crash,12/04/2023 01:20:00 PM,E MONTGOMERY AVE,NA,SAME DIR REAR END,Clear,DRY,Daylight,N/A,NONE DETECTED,No,No Apparent Injury,N/A,NOT DISTRACTED,MD,(SPORT) UTILITY VEHICLE,BACKING,15,No,2014,FORD,ESCAPE,39.08405068,-77.15057804,2023,12,13
230069797,Property Damage Crash,12/04/2023 01:00:00 PM,NA,NA,OTHER,Clear,NA,Daylight,NO CONTROLS,NONE DETECTED,Yes,No Apparent Injury,N/A,UNKNOWN,MD,PASSENGER CAR,BACKING,0,No,2009,MOZDA,TK,39.11395257,-77.21657647,2023,12,13
230069788,Property Damage Crash,12/04/2023 01:00:00 PM,SPENCERVILLE RD,NA,N/A,Clear,DRY,Daylight,NO CONTROLS,NONE DETECTED,No,No Apparent Injury,N/A,NOT DISTRACTED,MD,PASSENGER CAR,MAKING LEFT TURN,0,No,2020,ACUR,MDX,39.1168295,-76.96823024,2023,12,13
230069788,Property Damage Crash,12/04/2023 01:00:00 PM,SPENCERVILLE RD,NA,N/A,Clear,DRY,Daylight,NO CONTROLS,NONE DETECTED,Yes,No Apparent Injury,N/A,LOOKED BUT DID NOT SEE,MD,PASSENGER CAR,MOVING CONSTANT SPEED,35,No,2009,TOYT,4S,39.1168295,-76.96823024,2023,12,13
230069797,Property Damage Crash,12/04/2023 01:00:00 PM,NA,NA,OTHER,Clear,NA,Daylight,NO CONTROLS,NONE DETECTED,No,No Apparent Injury,N/A,NOT DISTRACTED,VA,PASSENGER CAR,BACKING,0,No,2020,CHEV,MALIBU,39.11395257,-77.21657647,2023,12,13
230069788,Property Damage Crash,12/04/2023 01:00:00 PM,SPENCERVILLE RD,NA,N/A,Clear,DRY,Daylight,NO CONTROLS,NONE DETECTED,No,No Apparent Injury,N/A,NOT DISTRACTED,XX,PASSENGER CAR,SLOWING OR STOPPING,35,No,2017,HOND,SD,39.1168295,-76.96823024,2023,12,13
230069786,Property Damage Crash,12/04/2023 12:42:00 PM,16TH ST,NA,SAME DIR REAR END,Cloudy,DRY,Daylight,N/A,NONE DETECTED,No,No Apparent Injury,N/A,NOT DISTRACTED,MD,PASSENGER CAR,STOPPED IN TRAFFIC LANE,35,No,2019,HYUN,SD,38.99919333,-77.03988167,2023,12,12
230069786,Property Damage Crash,12/04/2023 12:42:00 PM,16TH ST,NA,SAME DIR REAR END,Cloudy,DRY,Daylight,N/A,NONE DETECTED,Yes,No Apparent Injury,N/A,UNKNOWN,XX,PICKUP TRUCK,MOVING CONSTANT SPEED,35,No,2023,UU,UU,38.99919333,-77.03988167,2023,12,12
230069784,Injury Crash,12/04/2023 11:58:00 AM,COLUMBIA PIKE,PEDESTRIAN,SAME DIR REAR END,Clear,DRY,Daylight,TRAFFIC SIGNAL,NONE DETECTED,Yes,Possible Minor Injury,N/A,LOOKED BUT DID NOT SEE,MD,PASSENGER CAR,SLOWING OR STOPPING,55,No,2009,VOLKSWAGEN,RABBIT,39.10491517,-76.9330545,2023,12,11
230069784,Injury Crash,12/04/2023 11:58:00 AM,COLUMBIA PIKE,PEDESTRIAN,SAME DIR REAR END,Clear,DRY,Daylight,TRAFFIC SIGNAL,NONE DETECTED,No,Possible Minor Injury,N/A,NOT DISTRACTED,MD,PASSENGER CAR,STOPPED IN TRAFFIC LANE,55,No,2011,MAZDA,CX-7,39.10491517,-76.9330545,2023,12,11
230069778,Property Damage Crash,12/04/2023 11:56:00 AM,W GUDE DR,NA,HEAD ON LEFT TURN,Clear,DRY,Daylight,TRAFFIC SIGNAL,NONE DETECTED,No,No Apparent Injury,N/A,NOT DISTRACTED,MD,PASSENGER CAR,MOVING CONSTANT SPEED,40,No,2010,NISS,4S,39.10004689,-77.18189369,2023,12,11
230069778,Property Damage Crash,12/04/2023 11:56:00 AM,W GUDE DR,NA,HEAD ON LEFT TURN,Clear,DRY,Daylight,TRAFFIC SIGNAL,NONE DETECTED,Yes,No Apparent Injury,N/A,UNKNOWN,VA,PASSENGER CAR,MAKING LEFT TURN,40,No,2023,NISSAN,ROGUE,39.10004689,-77.18189369,2023,12,11
230069773,Property Damage Crash,12/04/2023 11:42:00 AM,PARKLAND DR,NA,STRAIGHT MOVEMENT ANGLE,Clear,DRY,Daylight,NO CONTROLS,NONE DETECTED,Yes,No Apparent Injury,N/A,LOOKED BUT DID NOT SEE,MD,PASSENGER CAR,STARTING FROM LANE,25,No,2023,VOLKSWAGON,ID4,39.07272833,-77.08693583,2023,12,11
230069773,Property Damage Crash,12/04/2023 11:42:00 AM,PARKLAND DR,NA,STRAIGHT MOVEMENT ANGLE,Clear,DRY,Daylight,NO CONTROLS,NONE DETECTED,No,No Apparent Injury,N/A,LOOKED BUT DID NOT SEE,MD,PASSENGER CAR,MOVING CONSTANT SPEED,25,No,2007,NISS,4S,39.07272833,-77.08693583,2023,12,11
230069754,Property Damage Crash,12/04/2023 10:15:00 AM,E JEFFERSON ST,NA,SAME DIRECTION SIDESWIPE,Clear,DRY,Daylight,N/A,NONE DETECTED,Yes,No Apparent Injury,N/A,UNKNOWN,MD,PASSENGER CAR,MOVING CONSTANT SPEED,30,No,2006,PONTIAC,TORRENT,39.08174382,-77.14852701,2023,12,10
230069754,Property Damage Crash,12/04/2023 10:15:00 AM,E JEFFERSON ST,NA,SAME DIRECTION SIDESWIPE,Clear,DRY,Daylight,N/A,NONE DETECTED,No,No Apparent Injury,N/A,NOT DISTRACTED,MD,PASSENGER CAR,MOVING CONSTANT SPEED,30,No,2016,FORD,EXPLORER,39.08174382,-77.14852701,2023,12,10
230069744,Property Damage Crash,12/04/2023 09:45:00 AM,NEW HAMPSHIRE AVE,NA,SAME DIRECTION SIDESWIPE,Clear,DRY,Daylight,TRAFFIC SIGNAL,NONE DETECTED,Yes,No Apparent Injury,N/A,LOOKED BUT DID NOT SEE,MD,VAN,CHANGING LANES,35,No,2013,FORD,E350,39.01167536,-76.97898841,2023,12,9
230069744,Property Damage Crash,12/04/2023 09:45:00 AM,NEW HAMPSHIRE AVE,NA,SAME DIRECTION SIDESWIPE,Clear,DRY,Daylight,TRAFFIC SIGNAL,NONE DETECTED,No,No Apparent Injury,N/A,NOT DISTRACTED,MD,PICKUP TRUCK,MOVING CONSTANT SPEED,35,No,2017,TOYOTA,TUNDRA,39.01167536,-76.97898841,2023,12,9
230069743,Property Damage Crash,12/04/2023 09:30:00 AM,S FREDERICK RD,NA,SAME DIR REAR END,Clear,DRY,Daylight,TRAFFIC SIGNAL,NONE DETECTED,Yes,No Apparent Injury,N/A,NOT DISTRACTED,MD,PASSENGER CAR,MAKING RIGHT TURN,30,No,2011,VOLK,SD,39.13753023,-77.19340322,2023,12,9
230069743,Property Damage Crash,12/04/2023 09:30:00 AM,S FREDERICK RD,NA,SAME DIR REAR END,Clear,DRY,Daylight,TRAFFIC SIGNAL,NONE DETECTED,No,No Apparent Injury,N/A,LOOKED BUT DID NOT SEE,MD,VAN,MAKING RIGHT TURN,30,No,2017,FORD,CG,39.13753023,-77.19340322,2023,12,9
230069727,Property Damage Crash,12/04/2023 08:15:00 AM,NEW HAMPSHIRE AVE,NA,SAME DIRECTION LEFT TURN,Clear,DRY,Daylight,TRAFFIC SIGNAL,NONE DETECTED,No,No Apparent Injury,N/A,NOT DISTRACTED,MD,SCHOOL BUS,MOVING CONSTANT SPEED,15,No,2020,THMS,BU,39.05543767,-76.99488233,2023,12,8
230069727,Property Damage Crash,12/04/2023 08:15:00 AM,NEW HAMPSHIRE AVE,NA,SAME DIRECTION LEFT TURN,Clear,DRY,Daylight,TRAFFIC SIGNAL,NONE DETECTED,Yes,No Apparent Injury,N/A,NOT DISTRACTED,MD,(SPORT) UTILITY VEHICLE,CHANGING LANES,15,No,2017,JEEP,WRANGLER,39.05543767,-76.99488233,2023,12,8
230069724,Property Damage Crash,12/04/2023 07:49:00 AM,WISTERIA DR,NA,SAME DIR REAR END,Cloudy,DRY,Daylight,NO CONTROLS,NONE DETECTED,No,No Apparent Injury,N/A,NOT DISTRACTED,MD,PASSENGER CAR,SLOWING OR STOPPING,25,No,2018,MERCEDES,C300,39.17240231,-77.26415547,2023,12,7
230069724,Property Damage Crash,12/04/2023 07:49:00 AM,WISTERIA DR,NA,SAME DIR REAR END,Cloudy,DRY,Daylight,NO CONTROLS,NONE DETECTED,Yes,No Apparent Injury,N/A,NOT DISTRACTED,MD,OTHER,SLOWING OR STOPPING,25,No,2020,GILG,BUS,39.17240231,-77.26415547,2023,12,7
230069722,Property Damage Crash,12/04/2023 07:15:00 AM,16TH ST,NA,SAME DIR REAR END,Clear,DRY,Daylight,N/A,NONE DETECTED,Yes,No Apparent Injury,N/A,NOT DISTRACTED,MD,PASSENGER CAR,MOVING CONSTANT SPEED,35,No,2018,NISSAN,SENTRA,38.99850667,-77.039725,2023,12,7
230069722,Property Damage Crash,12/04/2023 07:15:00 AM,16TH ST,NA,SAME DIR REAR END,Clear,DRY,Daylight,N/A,NONE DETECTED,No,No Apparent Injury,N/A,NOT DISTRACTED,MD,PASSENGER CAR,MOVING CONSTANT SPEED,35,No,2022,TOYOTA,CAMRY,38.99850667,-77.039725,2023,12,7
230067185,Property Damage Crash,12/04/2023 01:09:00 AM,GEORGIA AVE,NA,SAME DIRECTION SIDESWIPE,Clear,DRY,Medium,TRAFFIC SIGNAL,ALCOHOL PRESENT,Yes,No Apparent Injury,N/A,UNKNOWN,DC,PASSENGER CAR,CHANGING LANES,35,No,2010,HONDA,CIVIC,39.05729654,-77.05001853,2023,12,1
230067185,Property Damage Crash,12/04/2023 01:09:00 AM,GEORGIA AVE,NA,SAME DIRECTION SIDESWIPE,Clear,DRY,Medium,TRAFFIC SIGNAL,NONE DETECTED,No,No Apparent Injury,N/A,NOT DISTRACTED,MD,PASSENGER CAR,MOVING CONSTANT SPEED,35,No,2021,TOYT,SD,39.05729654,-77.05001853,2023,12,1
230069702,Injury Crash,12/04/2023 12:04:00 AM,OLD COLUMBIA PIKE,NA,HEAD ON,Clear,WET,Medium,NO CONTROLS,NONE DETECTED,Unknown,Possible Minor Injury,"N/A, WET",NOT DISTRACTED,MD,PASSENGER CAR,MOVING CONSTANT SPEED,35,No,2010,NISSAN,MAXIMA,39.0724075,-76.959981,2023,12,0
230069702,Injury Crash,12/04/2023 12:04:00 AM,OLD COLUMBIA PIKE,NA,HEAD ON,Clear,WET,Medium,NO CONTROLS,ALCOHOL PRESENT,Unknown,Possible Minor Injury,"N/A, WET",UNKNOWN,XX,PASSENGER CAR,MOVING CONSTANT SPEED,35,No,2013,CHEVY,EQUINOX,39.0724075,-76.959981,2023,12,0
230069704,Property Damage Crash,12/03/2023 11:52:00 PM,DAIRYMAID DR,NA,OTHER,Cloudy,DRY,Medium,NO CONTROLS,ALCOHOL PRESENT,Yes,No Apparent Injury,N/A,NOT DISTRACTED,MD,(SPORT) UTILITY VEHICLE,OTHER,15,No,2020,JEEP,GRAND CHEROKEE,39.15552167,-77.2734775,2023,12,23
230069696,Property Damage Crash,12/03/2023 10:50:00 PM,GEORGIA AVE,NA,SAME DIRECTION SIDESWIPE,Clear,DRY,Medium,NO CONTROLS,ALCOHOL PRESENT,Yes,No Apparent Injury,N/A,OTHER CELLULAR PHONE RELATED,MD,PASSENGER CAR,MOVING CONSTANT SPEED,30,No,2011,FORD,4S,38.99927983,-77.031487,2023,12,22