Local Case Number,ACRS Report Type,Crash Date/Time,Road Name,Related Non-Motorist,Collision Type,Weather,Surface Condition,Light,Traffic Control,Driver Substance Abuse,Driver At Fault,Injury Severity,Circumstance,Driver Distracted By,Drivers License State,Vehicle Body Type,Vehicle Movement,Speed Limit,Driverless Vehicle,Vehicle Year,Vehicle Make,Vehicle Model,Latitude,Longitude,Year,Month,Hour
230069696,Property Damage Crash,12/03/2023 10:50:00 PM,GEORGIA AVE,NA,SAME DIRECTION SIDESWIPE,Clear,DRY,Medium,NO CONTROLS,NONE DETECTED,No,No Apparent Injury,N/A,NOT DISTRACTED,MD,TRANSIT BUS,MOVING CONSTANT SPEED,30,No,2022,BU,BUS,38.99927983,-77.031487,2023,12,22
230069693,Property Damage Crash,12/03/2023 10:09:00 PM,MONTROSE RD,NA,SINGLE VEHICLE,Cloudy,WET,Medium,TRAFFIC SIGNAL,NONE DETECTED,Yes,No Apparent Injury,"RAIN, SNOW, WET",NOT DISTRACTED,MD,PASSENGER CAR,MAKING RIGHT TURN,40,No,2020,BMW,330I,39.05581167,-77.15058167,2023,12,22
230069667,Property Damage Crash,12/03/2023 07:30:00 PM,PINEY MEETINGHOUSE RD,NA,SINGLE VEHICLE,Cloudy,WET,Medium,NO CONTROLS,NONE DETECTED,Yes,No Apparent Injury,"SMOG, SMOKE, WET",UNKNOWN,MD,PASSENGER CAR,UNKNOWN,30,No,2012,JEEP,CHEROKEE,39.06375333,-77.23017667,2023,12,19
230069679,Injury Crash,12/03/2023 07:14:00 PM,SHADY GROVE RD,NA,HEAD ON LEFT TURN,Rain,WET,Medium,TRAFFIC SIGNAL,NONE DETECTED,Yes,No Apparent Injury,"N/A, WET",UNKNOWN,MD,PASSENGER CAR,MOVING CONSTANT SPEED,40,No,2015,TOYOA,TACOMA,39.11751333,-77.18332333,2023,12,19
230069679,Injury Crash,12/03/2023 07:14:00 PM,SHADY GROVE RD,NA,HEAD ON LEFT TURN,Rain,WET,Medium,TRAFFIC SIGNAL,NONE DETECTED,No,Possible Minor Injury,"N/A, WET",NOT DISTRACTED,MD,PASSENGER CAR,ACCELERATING,40,No,2007,TOYOTA,HIGHLANDER,39.11751333,-77.18332333,2023,12,19
230069675,Property Damage Crash,12/03/2023 07:07:00 PM,UNIVERSITY BLVD E,NA,SAME DIR REAR END,Clear,WET,Medium,TRAFFIC SIGNAL,NONE DETECTED,No,No Apparent Injury,"N/A, WET",NOT DISTRACTED,MD,PASSENGER CAR,PARKED,5,No,2015,TOYOTA,COROLLA,38.99021417,-76.99013983,2023,12,19
230069675,Property Damage Crash,12/03/2023 07:07:00 PM,UNIVERSITY BLVD E,NA,SAME DIR REAR END,Clear,WET,Medium,TRAFFIC SIGNAL,NONE DETECTED,Yes,No Apparent Injury,"N/A, WET",UNKNOWN,XX,PASSENGER CAR,STARTING FROM PARKED,25,No,2021,FORD,UTILITY,38.99021417,-76.99013983,2023,12,19
230069675,Property Damage Crash,12/03/2023 07:07:00 PM,UNIVERSITY BLVD E,NA,SAME DIR REAR END,Clear,WET,Medium,TRAFFIC SIGNAL,NONE DETECTED,No,No Apparent Injury,"N/A, WET",NOT DISTRACTED,MA,PASSENGER CAR,STOPPED IN TRAFFIC LANE,25,No,2016,TOYOTA,COROLLA,38.99021417,-76.99013983,2023,12,19
230069675,Property Damage Crash,12/03/2023 07:07:00 PM,UNIVERSITY BLVD E,NA,SAME DIR REAR END,Clear,WET,Medium,TRAFFIC SIGNAL,NONE DETECTED,No,No Apparent Injury,"N/A, WET",NOT DISTRACTED,MD,PASSENGER CAR,STOPPED IN TRAFFIC LANE,25,No,2021,FORD,UT,38.99021417,-76.99013983,2023,12,19
230069674,Property Damage Crash,12/03/2023 07:05:00 PM,FREDERICK RD,NA,HEAD ON LEFT TURN,Cloudy,WET,Dark,TRAFFIC SIGNAL,NONE DETECTED,No,No Apparent Injury,"N/A, WET",NOT DISTRACTED,MD,PASSENGER CAR,MOVING CONSTANT SPEED,40,No,2023,TOYOTA,COROLLA,39.198321,-77.24498583,2023,12,19
230069674,Property Damage Crash,12/03/2023 07:05:00 PM,FREDERICK RD,NA,HEAD ON LEFT TURN,Cloudy,WET,Dark,TRAFFIC SIGNAL,NONE DETECTED,No,No Apparent Injury,"N/A, WET",NOT DISTRACTED,MD,PASSENGER CAR,MAKING LEFT TURN,40,No,2017,HONDA,CIVIC,39.198321,-77.24498583,2023,12,19
230069672,Property Damage Crash,12/03/2023 06:47:00 PM,ROCKVILLE PIKE,NA,SAME DIR REAR END,Clear,WET,Medium,TRAFFIC SIGNAL,NONE DETECTED,Yes,No Apparent Injury,"N/A, WET",LOOKED BUT DID NOT SEE,MD,(SPORT) UTILITY VEHICLE,ACCELERATING,35,No,2011,VOLV,XC60,39.024664,-77.10325217,2023,12,18
230069672,Property Damage Crash,12/03/2023 06:47:00 PM,ROCKVILLE PIKE,NA,SAME DIR REAR END,Clear,WET,Medium,TRAFFIC SIGNAL,NONE DETECTED,No,No Apparent Injury,"N/A, WET",NOT DISTRACTED,DC,PASSENGER CAR,SLOWING OR STOPPING,35,No,2023,HONDA,4DR,39.024664,-77.10325217,2023,12,18
230069672,Property Damage Crash,12/03/2023 06:47:00 PM,ROCKVILLE PIKE,NA,SAME DIR REAR END,Clear,WET,Medium,TRAFFIC SIGNAL,NONE DETECTED,No,No Apparent Injury,"N/A, WET",NOT DISTRACTED,MD,(SPORT) UTILITY VEHICLE,SLOWING OR STOPPING,35,No,2017,HYUN,SD,39.024664,-77.10325217,2023,12,18
230069673,Injury Crash,12/03/2023 06:39:00 PM,RIVER RD,NA,STRAIGHT MOVEMENT ANGLE,Clear,DRY,Dark,TRAFFIC SIGNAL,NONE DETECTED,Yes,Possible Minor Injury,N/A,NOT DISTRACTED,DC,PASSENGER CAR,MAKING LEFT TURN,35,No,2005,HONDA,ACCORD,38.9927365,-77.161812,2023,12,18
230069673,Injury Crash,12/03/2023 06:39:00 PM,RIVER RD,NA,STRAIGHT MOVEMENT ANGLE,Clear,DRY,Dark,TRAFFIC SIGNAL,NONE DETECTED,No,No Apparent Injury,N/A,NOT DISTRACTED,VA,(SPORT) UTILITY VEHICLE,MOVING CONSTANT SPEED,35,No,2019,TOYOTA,RAV 4,38.9927365,-77.161812,2023,12,18
230069664,Injury Crash,12/03/2023 06:11:00 PM,GERMANTOWN RD,NA,SAME DIR REAR END,Rain,WET,Dark,TRAFFIC SIGNAL,NONE DETECTED,Yes,No Apparent Injury,"RAIN, SNOW, WET",OTHER ELECTRONIC DEVICE (NAVIGATIONAL PALM PILOT),MD,(SPORT) UTILITY VEHICLE,SLOWING OR STOPPING,40,No,2017,DODG,TK,39.1836865,-77.25610883,2023,12,18
230069664,Injury Crash,12/03/2023 06:11:00 PM,GERMANTOWN RD,NA,SAME DIR REAR END,Rain,WET,Dark,TRAFFIC SIGNAL,NONE DETECTED,No,Possible Minor Injury,"RAIN, SNOW, WET",NOT DISTRACTED,MD,(SPORT) UTILITY VEHICLE,MOVING CONSTANT SPEED,40,No,2018,SUBA,UT,39.1836865,-77.25610883,2023,12,18
230069660,Property Damage Crash,12/03/2023 05:33:00 PM,CLOPPER RD,NA,SAME DIR REAR END,Cloudy,WET,Medium,NO CONTROLS,NONE DETECTED,Yes,No Apparent Injury,"N/A, WET",INATTENTIVE OR LOST IN THOUGHT,NY,PASSENGER CAR,SLOWING OR STOPPING,35,No,2013,HOND,FIT,39.149425,-77.24189333,2023,12,17
230069660,Property Damage Crash,12/03/2023 05:33:00 PM,CLOPPER RD,NA,SAME DIR REAR END,Cloudy,WET,Medium,NO CONTROLS,NONE DETECTED,No,No Apparent Injury,"N/A, WET",NOT DISTRACTED,MD,PASSENGER CAR,MOVING CONSTANT SPEED,35,No,2016,MERCEDES,CLS,39.149425,-77.24189333,2023,12,17
230069650,Property Damage Crash,12/03/2023 04:07:00 PM,CONNECTICUT AVE,NA,SAME DIR REAR END,Cloudy,WET,Daylight,NO CONTROLS,NONE DETECTED,No,No Apparent Injury,"N/A, WET",NOT DISTRACTED,MD,PASSENGER CAR,SLOWING OR STOPPING,30,No,2020,SABARU,OUTBACK,39.01828933,-77.07792867,2023,12,16
230069650,Property Damage Crash,12/03/2023 04:07:00 PM,CONNECTICUT AVE,NA,SAME DIR REAR END,Cloudy,WET,Daylight,NO CONTROLS,NONE DETECTED,Yes,No Apparent Injury,"N/A, WET",LOOKED BUT DID NOT SEE,VA,PASSENGER CAR,SLOWING OR STOPPING,30,No,2007,TOYOTA,PRIUS,39.01828933,-77.07792867,2023,12,16
230069650,Property Damage Crash,12/03/2023 04:07:00 PM,CONNECTICUT AVE,NA,SAME DIR REAR END,Cloudy,WET,Daylight,NO CONTROLS,NONE DETECTED,No,No Apparent Injury,"N/A, WET",NOT DISTRACTED,MD,(SPORT) UTILITY VEHICLE,SLOWING OR STOPPING,30,No,2023,VOLKSWAGON,ATLAS,39.01828933,-77.07792867,2023,12,16
230069646,Property Damage Crash,12/03/2023 04:03:00 PM,W MONTGOMERY AVE,NA,SINGLE VEHICLE,Rain,WET,Daylight,NO CONTROLS,NONE DETECTED,Yes,No Apparent Injury,"RAIN, SNOW, WET",NOT DISTRACTED,MD,PASSENGER CAR,SKIDDING,45,No,2014,INFI,4S,39.09393269,-77.18383924,2023,12,16
230069642,Property Damage Crash,12/03/2023 03:29:00 PM,AIRPARK RD,NA,SINGLE VEHICLE,Clear,WET,Daylight,NO CONTROLS,NONE DETECTED,Yes,No Apparent Injury,"N/A, WET",OTHER DISTRACTION,MD,PASSENGER CAR,MOVING CONSTANT SPEED,50,No,2013,HYUNDAI,ELANTRA,39.16345833,-77.14858333,2023,12,15
230069640,Property Damage Crash,12/03/2023 03:13:00 PM,FREDERICK RD,NA,SAME DIR REAR END,Cloudy,WET,Daylight,OTHER,NONE DETECTED,No,No Apparent Injury,"N/A, WET",NOT DISTRACTED,MD,PASSENGER CAR,STOPPED IN TRAFFIC LANE,40,No,2024,NISSAN,KICKS,39.19017283,-77.2415735,2023,12,15
230069640,Property Damage Crash,12/03/2023 03:13:00 PM,FREDERICK RD,NA,SAME DIR REAR END,Cloudy,WET,Daylight,OTHER,NONE DETECTED,Yes,No Apparent Injury,"N/A, WET",UNKNOWN,XX,PASSENGER CAR,MOVING CONSTANT SPEED,40,No,2017,TOYT,4S,39.19017283,-77.2415735,2023,12,15
230069644,Property Damage Crash,12/03/2023 02:57:00 PM,WISCONSIN AVE,NA,SAME DIRECTION SIDESWIPE,Cloudy,WET,Daylight,TRAFFIC SIGNAL,NONE DETECTED,No,No Apparent Injury,N/A,NOT DISTRACTED,MD,(SPORT) UTILITY VEHICLE,STOPPED IN TRAFFIC LANE,30,No,2019,JEEP,CHEROKEE,38.961545,-77.08603333,2023,12,14
230069644,Property Damage Crash,12/03/2023 02:57:00 PM,WISCONSIN AVE,NA,SAME DIRECTION SIDESWIPE,Cloudy,WET,Daylight,TRAFFIC SIGNAL,NONE DETECTED,Yes,No Apparent Injury,N/A,LOOKED BUT DID NOT SEE,MD,TRANSIT BUS,STARTING FROM LANE,30,No,2014,GILLIG,BUS,38.961545,-77.08603333,2023,12,14
230069631,Injury Crash,12/03/2023 02:13:00 PM,RANDOLPH RD,NA,STRAIGHT MOVEMENT ANGLE,Cloudy,WET,Daylight,NO CONTROLS,NONE DETECTED,Yes,Possible Minor Injury,"N/A, WET",LOOKED BUT DID NOT SEE,DC,PASSENGER CAR,MAKING LEFT TURN,35,No,2006,TOYOTA,HB,39.05823083,-77.071293,2023,12,14
230069631,Injury Crash,12/03/2023 02:13:00 PM,RANDOLPH RD,NA,STRAIGHT MOVEMENT ANGLE,Cloudy,WET,Daylight,NO CONTROLS,NONE DETECTED,No,No Apparent Injury,"N/A, WET",LOOKED BUT DID NOT SEE,MD,PASSENGER CAR,MOVING CONSTANT SPEED,35,No,2012,HOND,SD,39.05823083,-77.071293,2023,12,14
230069601,Property Damage Crash,12/03/2023 11:00:00 AM,CAPITAL BELTWAY,NA,STRAIGHT MOVEMENT ANGLE,Rain,WET,Daylight,NO CONTROLS,NONE DETECTED,Yes,No Apparent Injury,"RAIN, SNOW, WET",UNKNOWN,MD,PASSENGER CAR,SKIDDING,60,No,2020,CHEVROLET,MALIBU,39.01560748,-77.0014727,2023,12,11
230069601,Property Damage Crash,12/03/2023 11:00:00 AM,CAPITAL BELTWAY,NA,STRAIGHT MOVEMENT ANGLE,Rain,WET,Daylight,NO CONTROLS,NONE DETECTED,No,No Apparent Injury,"RAIN, SNOW, WET",NOT DISTRACTED,DC,PASSENGER CAR,MOVING CONSTANT SPEED,60,No,2014,SUBARU,OUTBACK,39.01560748,-77.0014727,2023,12,11
230069601,Property Damage Crash,12/03/2023 11:00:00 AM,CAPITAL BELTWAY,NA,STRAIGHT MOVEMENT ANGLE,Rain,WET,Daylight,NO CONTROLS,NONE DETECTED,No,No Apparent Injury,"RAIN, SNOW, WET",NOT DISTRACTED,MD,PASSENGER CAR,MOVING CONSTANT SPEED,60,No,2021,CHRYSLER,VAN,39.01560748,-77.0014727,2023,12,11
230069601,Property Damage Crash,12/03/2023 11:00:00 AM,CAPITAL BELTWAY,NA,STRAIGHT MOVEMENT ANGLE,Rain,WET,Daylight,NO CONTROLS,NONE DETECTED,No,No Apparent Injury,"RAIN, SNOW, WET",NOT DISTRACTED,MD,PASSENGER CAR,MOVING CONSTANT SPEED,60,No,2021,TOYT,UT,39.01560748,-77.0014727,2023,12,11
230069603,Property Damage Crash,12/03/2023 10:10:00 AM,SAYBROOKE OAKS BLVD,NA,SAME DIR REAR END,Cloudy,DRY,Daylight,NO CONTROLS,NONE DETECTED,Yes,No Apparent Injury,N/A,NOT DISTRACTED,MD,PASSENGER CAR,SLOWING OR STOPPING,25,No,1999,TOYT,SD,39.15006173,-77.17603742,2023,12,10
230069603,Property Damage Crash,12/03/2023 10:10:00 AM,SAYBROOKE OAKS BLVD,NA,SAME DIR REAR END,Cloudy,DRY,Daylight,NO CONTROLS,NONE DETECTED,No,No Apparent Injury,N/A,NOT DISTRACTED,NY,PASSENGER CAR,SLOWING OR STOPPING,25,No,2013,FORD,EXPLORER,39.15006173,-77.17603742,2023,12,10
230069593,Injury Crash,12/03/2023 10:05:00 AM,GEORGIA AVE,NA,SAME DIRECTION SIDESWIPE,Rain,WET,Daylight,NO CONTROLS,NONE DETECTED,Yes,No Apparent Injury,"SLEET, HAIL, FREEZ. RAIN, WET",LOOKED BUT DID NOT SEE,MD,PASSENGER CAR,CHANGING LANES,35,No,2020,SUBARU,FORESTER,39.11022667,-77.07568167,2023,12,10
230069593,Injury Crash,12/03/2023 10:05:00 AM,GEORGIA AVE,NA,SAME DIRECTION SIDESWIPE,Rain,WET,Daylight,NO CONTROLS,NONE DETECTED,Yes,Suspected Serious Injury,"SLEET, HAIL, FREEZ. RAIN, WET",LOOKED BUT DID NOT SEE,MD,PASSENGER CAR,CHANGING LANES,35,No,2010,TOYOTA,YARIS,39.11022667,-77.07568167,2023,12,10
230069590,Property Damage Crash,12/03/2023 09:30:00 AM,CONGRESSIONAL LA,NA,OTHER,Rain,WET,Daylight,N/A,NONE DETECTED,Yes,No Apparent Injury,"N/A, WET",NOT DISTRACTED,MD,PASSENGER CAR,PARKING,15,No,2018,HOND,PILOT,39.06254276,-77.13156614,2023,12,9
230069585,Injury Crash,12/03/2023 08:30:00 AM,BEACH DR,NA,SINGLE VEHICLE,Rain,WET,Daylight,STOP SIGN,NONE DETECTED,Yes,No Apparent Injury,"RAIN, SNOW, WET",NOT DISTRACTED,MD,PASSENGER CAR,SLOWING OR STOPPING,35,No,2019,SUBA,CP,39.0414135,-77.08862967,2023,12,8
230069583,Injury Crash,12/03/2023 07:03:00 AM,CAPITAL BELTWAY,NA,SINGLE VEHICLE,Rain,WET,Dark,N/A,NONE DETECTED,Unknown,Possible Minor Injury,"RAIN, SNOW, WET",NOT DISTRACTED,MD,PASSENGER CAR,MOVING CONSTANT SPEED,55,No,2009,ACURA,TL,39.01354,-77.04009833,2023,12,7
230069579,Property Damage Crash,12/03/2023 02:50:00 AM,BRADLEY BLVD,NA,SAME DIR REAR END,Rain,WET,Medium,NO CONTROLS,NONE DETECTED,No,No Apparent Injury,"SLEET, HAIL, FREEZ. RAIN, WET",NOT DISTRACTED,DC,PASSENGER CAR,STOPPED IN TRAFFIC LANE,25,No,2018,VOLKSWAGON,GOLF,38.97836333,-77.09468833,2023,12,2
230069579,Property Damage Crash,12/03/2023 02:50:00 AM,BRADLEY BLVD,NA,SAME DIR REAR END,Rain,WET,Medium,NO CONTROLS,NONE DETECTED,Yes,No Apparent Injury,"SLEET, HAIL, FREEZ. RAIN, WET",LOOKED BUT DID NOT SEE,MD,PASSENGER CAR,MOVING CONSTANT SPEED,25,No,2014,TOYOTA,CAMRY,38.97836333,-77.09468833,2023,12,2
230069574,Injury Crash,12/03/2023 01:32:00 AM,SANDY SPRING RD,NA,OTHER,Rain,WET,Medium,TRAFFIC SIGNAL,NONE DETECTED,Yes,No Apparent Injury,"N/A, WET",OTHER DISTRACTION,NA,PASSENGER CAR,UNKNOWN,35,No,2013,HYUNDAI,4DR,39.10178833,-77.134855,2023,12,1
230069574,Injury Crash,12/03/2023 01:32:00 AM,SANDY SPRING RD,NA,OTHER,Rain,WET,Medium,TRAFFIC SIGNAL,NONE DETECTED,Yes,No Apparent Injury,"N/A, WET",OTHER DISTRACTION,NA,(SPORT) UTILITY VEHICLE,UNKNOWN,35,No,2013,KIA,SUV,39.10178833,-77.134855,2023,12,1
230069570,Injury Crash,12/03/2023 12:30:00 AM,OLD GEORGETOWN RD,NA,SAME DIR REAR END,Rain,WET,Medium,FLASHING TRAFFIC SIGNAL,ALCOHOL PRESENT,Yes,Possible Minor Injury,"RAIN, SNOW, WET",OTHER DISTRACTION,MD,PASSENGER CAR,MOVING CONSTANT SPEED,35,No,1998,BMW,232,39.03450497,-77.12499148,2023,12,0
230069570,Injury Crash,12/03/2023 12:30:00 AM,OLD GEORGETOWN RD,NA,SAME DIR REAR END,Rain,WET,Medium,FLASHING TRAFFIC SIGNAL,NONE DETECTED,No,No Apparent Injury,"RAIN, SNOW, WET",NOT DISTRACTED,MD,POLICE VEHICLE/EMERGENCY,SLOWING OR STOPPING,35,No,2016,TOYT,4S,39.03450497,-77.12499148,2023,12,0
230069564,Injury Crash,12/03/2023 12:26:00 AM,PINEY BRANCH RD,NA,HEAD ON,Rain,WET,Dark,NO CONTROLS,NONE DETECTED,Yes,No Apparent Injury,"RAIN, SNOW, WET",NOT DISTRACTED,XX,PASSENGER CAR,MOVING CONSTANT SPEED,15,No,2003,CADI,UT,39.00015428,-76.99077307,2023,12,0
230069564,Injury Crash,12/03/2023 12:26:00 AM,PINEY BRANCH RD,NA,HEAD ON,Rain,WET,Dark,NO CONTROLS,NONE DETECTED,Yes,Possible Minor Injury,"RAIN, SNOW, WET",NOT DISTRACTED,MD,PASSENGER CAR,MOVING CONSTANT SPEED,15,No,2016,NISSAN,VERSA,39.00015428,-76.99077307,2023,12,0
230069567,Property Damage Crash,12/03/2023 12:18:00 AM,MIDDLEBROOK RD,NA,OTHER,Rain,WET,Medium,NO CONTROLS,NONE DETECTED,Yes,No Apparent Injury,"RAIN, SNOW, WET",UNKNOWN,CA,PASSENGER CAR,MOVING CONSTANT SPEED,15,No,2020,CHEVY,COLORADO,39.16929667,-77.2643,2023,12,0
230069568,Property Damage Crash,12/03/2023 12:06:00 AM,RIDGE RD,NA,SAME DIR REAR END,Rain,WET,Dark,N/A,NONE DETECTED,No,No Apparent Injury,"RAIN, SNOW, WET",NOT DISTRACTED,MD,POLICE VEHICLE/EMERGENCY,MOVING CONSTANT SPEED,45,No,2015,HYUNDAI,GEN,39.214598,-77.23893867,2023,12,0
230069568,Property Damage Crash,12/03/2023 12:06:00 AM,RIDGE RD,NA,SAME DIR REAR END,Rain,WET,Dark,N/A,NONE DETECTED,Yes,No Apparent Injury,"RAIN, SNOW, WET",NOT DISTRACTED,MD,PASSENGER CAR,MOVING CONSTANT SPEED,45,No,2006,TOYOTA,PRIUS,39.214598,-77.23893867,2023,12,0
230069566,Injury Crash,12/02/2023 11:55:00 PM,GREAT SENECA HWY,NA,SAME DIR REAR END,Rain,WET,Medium,TRAFFIC SIGNAL,NONE DETECTED,Yes,No Apparent Injury,"RAIN, SNOW, WET",LOOKED BUT DID NOT SEE,MD,PASSENGER CAR,SLOWING OR STOPPING,50,No,2019,NISSAN,VERSA,39.10330503,-77.2060767,2023,12,23
230069566,Injury Crash,12/02/2023 11:55:00 PM,GREAT SENECA HWY,NA,SAME DIR REAR END,Rain,WET,Medium,TRAFFIC SIGNAL,NONE DETECTED,No,Possible Minor Injury,"RAIN, SNOW, WET",NOT DISTRACTED,MD,PASSENGER CAR,STOPPED IN TRAFFIC LANE,50,No,2023,HYUN,SD,39.10330503,-77.2060767,2023,12,23
230069561,Property Damage Crash,12/02/2023 11:35:00 PM,AIRPARK RD,NA,OTHER,Cloudy,WET,Medium,NO CONTROLS,NONE DETECTED,Yes,No Apparent Injury,"RAIN, SNOW, WET",NOT DISTRACTED,MD,PASSENGER CAR,MOVING CONSTANT SPEED,50,No,2013,TOYT,SD,39.1634055,-77.14834417,2023,12,23
230069563,Property Damage Crash,12/02/2023 11:29:00 PM,ODENDHAL AVE,NA,SAME DIR REAR END,Cloudy,WET,Medium,TRAFFIC SIGNAL,ALCOHOL PRESENT,Yes,No Apparent Injury,"N/A, WET",NOT DISTRACTED,MD,PASSENGER CAR,STARTING FROM LANE,30,No,2004,HONDA,PILOT,39.15222667,-77.19904333,2023,12,23
230069563,Property Damage Crash,12/02/2023 11:29:00 PM,ODENDHAL AVE,NA,SAME DIR REAR END,Cloudy,WET,Medium,TRAFFIC SIGNAL,NONE DETECTED,No,No Apparent Injury,"N/A, WET",NOT DISTRACTED,MD,PASSENGER CAR,STOPPED IN TRAFFIC LANE,30,No,2000,FORD,4S,39.15222667,-77.19904333,2023,12,23
230069550,Injury Crash,12/02/2023 09:57:00 PM,E RANDOLPH RD,NA,OTHER,Cloudy,DRY,Medium,TRAFFIC SIGNAL,NONE DETECTED,Unknown,No Apparent Injury,N/A,NOT DISTRACTED,MD,PASSENGER CAR,STARTING FROM LANE,30,No,2018,BUIC,SD,39.06315133,-76.96591383,2023,12,21
230069550,Injury Crash,12/02/2023 09:57:00 PM,E RANDOLPH RD,NA,OTHER,Cloudy,DRY,Medium,TRAFFIC SIGNAL,ALCOHOL PRESENT,Unknown,No Apparent Injury,N/A,UNKNOWN,DC,PASSENGER CAR,UNKNOWN,30,No,2020,FORD,UT,39.06315133,-76.96591383,2023,12,21
230069550,Injury Crash,12/02/2023 09:57:00 PM,E RANDOLPH RD,NA,OTHER,Cloudy,DRY,Medium,TRAFFIC SIGNAL,NONE DETECTED,Unknown,Possible Minor Injury,N/A,UNKNOWN,VA,PASSENGER CAR,MOVING CONSTANT SPEED,30,No,2013,HYUNDAI,4S,39.06315133,-76.96591383,2023,12,21
230069529,Injury Crash,12/02/2023 07:13:00 PM,GEORGIA AVE,NA,ANGLE MEETS LEFT TURN,Clear,DRY,Medium,TRAFFIC SIGNAL,NONE DETECTED,Yes,Possible Minor Injury,N/A,BY MOVING OBJECT IN VEHICLE,MD,PASSENGER CAR,MOVING CONSTANT SPEED,45,No,2019,NISSAN,MAXIMA,39.11587,-77.07541833,2023,12,19
230069529,Injury Crash,12/02/2023 07:13:00 PM,GEORGIA AVE,NA,ANGLE MEETS LEFT TURN,Clear,DRY,Medium,TRAFFIC SIGNAL,NONE DETECTED,No,No Apparent Injury,N/A,NOT DISTRACTED,MD,PASSENGER CAR,MAKING LEFT TURN,45,No,2006,TOYT,AVALON,39.11587,-77.07541833,2023,12,19
230069522,Property Damage Crash,12/02/2023 06:30:00 PM,UNIVERSITY BLVD E,NA,SAME DIR REAR END,Cloudy,WET,Medium,NO CONTROLS,NONE DETECTED,Yes,No Apparent Injury,N/A,UNKNOWN,NA,VAN,CHANGING LANES,35,No,1999,FORD,ECONOLINE,38.99952667,-76.990805,2023,12,18
230069522,Property Damage Crash,12/02/2023 06:30:00 PM,UNIVERSITY BLVD E,NA,SAME DIR REAR END,Cloudy,WET,Medium,NO CONTROLS,NONE DETECTED,No,No Apparent Injury,N/A,NOT DISTRACTED,MD,(SPORT) UTILITY VEHICLE,SLOWING OR STOPPING,35,No,2007,JEEP,WRANGLER,38.99952667,-76.990805,2023,12,18
230069513,Injury Crash,12/02/2023 05:45:00 PM,ROCKVILLE PIKE,NA,HEAD ON LEFT TURN,Clear,DRY,Medium,NO CONTROLS,NONE DETECTED,No,Possible Minor Injury,N/A,NOT DISTRACTED,MD,PASSENGER CAR,MOVING CONSTANT SPEED,40,No,2005,HONDA,CRV,39.063156,-77.125069,2023,12,17
230069513,Injury Crash,12/02/2023 05:45:00 PM,ROCKVILLE PIKE,NA,HEAD ON LEFT TURN,Clear,DRY,Medium,NO CONTROLS,NONE DETECTED,Yes,No Apparent Injury,N/A,LOOKED BUT DID NOT SEE,MD,PASSENGER CAR,MAKING U TURN,40,No,2020,HONDA,CIVIC,39.063156,-77.125069,2023,12,17
230069514,Property Damage Crash,12/02/2023 05:30:00 PM,NORBECK RD,NA,STRAIGHT MOVEMENT ANGLE,Rain,WET,Dark,N/A,NONE DETECTED,Yes,No Apparent Injury,N/A,NOT DISTRACTED,MD,PASSENGER CAR,MOVING CONSTANT SPEED,35,No,2013,HONDA,CIVIC,39.1191985,-77.046058,2023,12,17
230069514,Property Damage Crash,12/02/2023 05:30:00 PM,NORBECK RD,NA,STRAIGHT MOVEMENT ANGLE,Rain,WET,Dark,N/A,NONE DETECTED,No,No Apparent Injury,N/A,NOT DISTRACTED,MD,PICKUP TRUCK,BACKING,35,No,2018,GMC,SIERRA,39.1191985,-77.046058,2023,12,17
230069510,Property Damage Crash,12/02/2023 05:23:00 PM,ASTON MANOR DR,NA,STRAIGHT MOVEMENT ANGLE,Cloudy,DRY,Medium,STOP SIGN,NONE DETECTED,Unknown,No Apparent Injury,N/A,UNKNOWN,MD,PASSENGER CAR,STARTING FROM LANE,25,No,2007,NISS,MAXIMA,39.078647,-76.93771383,2023,12,17
230069510,Property Damage Crash,12/02/2023 05:23:00 PM,ASTON MANOR DR,NA,STRAIGHT MOVEMENT ANGLE,Cloudy,DRY,Medium,STOP SIGN,NONE DETECTED,Unknown,No Apparent Injury,N/A,UNKNOWN,MD,POLICE VEHICLE/NON EMERGENCY,STARTING FROM LANE,25,No,2023,FORD,UT,39.078647,-76.93771383,2023,12,17
230069504,Injury Crash,12/02/2023 04:45:00 PM,NORBECK RD,NA,HEAD ON,Clear,DRY,Medium,NO CONTROLS,NONE DETECTED,No,No Apparent Injury,N/A,NOT DISTRACTED,MD,PASSENGER CAR,MOVING CONSTANT SPEED,35,No,2020,TOYOTA,FOUR RUNNER,39.1123045,-77.07163083,2023,12,16
230069504,Injury Crash,12/02/2023 04:45:00 PM,NORBECK RD,NA,HEAD ON,Clear,DRY,Medium,NO CONTROLS,NONE DETECTED,Yes,Possible Minor Injury,N/A,NOT DISTRACTED,MD,PASSENGER CAR,MOVING CONSTANT SPEED,35,No,2013,SUBARU,OUTBACK,39.1123045,-77.07163083,2023,12,16
230069499,Injury Crash,12/02/2023 03:36:00 PM,ROCKVILLE PIKE,NA,SAME DIRECTION SIDESWIPE,Clear,N/A,Medium,N/A,NONE DETECTED,No,No Apparent Injury,N/A,NOT DISTRACTED,MD,PASSENGER CAR,MOVING CONSTANT SPEED,35,No,2008,HOND,4S,39.03994167,-77.10947333,2023,12,15
230069498,Injury Crash,12/02/2023 03:36:00 PM,BRADLEY BLVD,NA,STRAIGHT MOVEMENT ANGLE,Clear,WET,Medium,TRAFFIC SIGNAL,NONE DETECTED,No,Possible Minor Injury,N/A,NOT DISTRACTED,MD,PASSENGER CAR,ACCELERATING,25,No,2016,BUIC,TK,39.00553167,-77.1406,2023,12,15
230069499,Injury Crash,12/02/2023 03:36:00 PM,ROCKVILLE PIKE,NA,SAME DIRECTION SIDESWIPE,Clear,N/A,Medium,N/A,NONE DETECTED,Yes,Possible Minor Injury,N/A,LOOKED BUT DID NOT SEE,MD,PASSENGER CAR,CHANGING LANES,35,No,2005,TOYT,4S,39.03994167,-77.10947333,2023,12,15
230069498,Injury Crash,12/02/2023 03:36:00 PM,BRADLEY BLVD,NA,STRAIGHT MOVEMENT ANGLE,Clear,WET,Medium,TRAFFIC SIGNAL,NONE DETECTED,Yes,No Apparent Injury,N/A,LOOKED BUT DID NOT SEE,MD,PASSENGER CAR,MOVING CONSTANT SPEED,35,No,2020,BMW,4S,39.00553167,-77.1406,2023,12,15
230069491,Property Damage Crash,12/02/2023 03:11:00 PM,CENTERWAY RD,NA,HEAD ON LEFT TURN,Clear,DRY,Daylight,TRAFFIC SIGNAL,NONE DETECTED,Yes,No Apparent Injury,N/A,UNKNOWN,MD,PASSENGER CAR,MAKING LEFT TURN,35,No,2019,NISSAN,ALTIMA,39.17277333,-77.204125,2023,12,15
230069491,Property Damage Crash,12/02/2023 03:11:00 PM,CENTERWAY RD,NA,HEAD ON LEFT TURN,Clear,DRY,Daylight,TRAFFIC SIGNAL,NONE DETECTED,No,No Apparent Injury,N/A,NOT DISTRACTED,MD,PASSENGER CAR,MOVING CONSTANT SPEED,35,No,2017,HONDA,CIVIC,39.17277333,-77.204125,2023,12,15
230069487,Property Damage Crash,12/02/2023 02:43:00 PM,UNIVERSITY BLVD W,NA,STRAIGHT MOVEMENT ANGLE,Clear,DRY,Daylight,STOP SIGN,NONE DETECTED,No,No Apparent Injury,N/A,NOT DISTRACTED,MD,PASSENGER CAR,MOVING CONSTANT SPEED,25,No,2015,JEEP,CHEROKEE,39.04171333,-77.05016833,2023,12,14