Local Case Number,ACRS Report Type,Crash Date/Time,Road Name,Related Non-Motorist,Collision Type,Weather,Surface Condition,Light,Traffic Control,Driver Substance Abuse,Driver At Fault,Injury Severity,Circumstance,Driver Distracted By,Drivers License State,Vehicle Body Type,Vehicle Movement,Speed Limit,Driverless Vehicle,Vehicle Year,Vehicle Make,Vehicle Model,Latitude,Longitude,Year,Month,Hour
230069487,Property Damage Crash,12/02/2023 02:43:00 PM,UNIVERSITY BLVD W,NA,STRAIGHT MOVEMENT ANGLE,Clear,DRY,Daylight,STOP SIGN,NONE DETECTED,Yes,No Apparent Injury,N/A,LOOKED BUT DID NOT SEE,FL,PASSENGER CAR,STARTING FROM LANE,10,No,2021,HOND,CIVIC,39.04171333,-77.05016833,2023,12,14
230069469,Property Damage Crash,12/02/2023 12:22:00 PM,NA,NA,OTHER,Cloudy,NA,Daylight,NO CONTROLS,NONE DETECTED,Yes,No Apparent Injury,N/A,UNKNOWN,DC,PASSENGER CAR,BACKING,15,No,2019,MERCEDEZ,E30,38.98013205,-77.09015703,2023,12,12
230069466,Property Damage Crash,12/02/2023 12:06:00 PM,NA,NA,SAME DIRECTION SIDESWIPE,Clear,NA,Daylight,N/A,NONE DETECTED,Yes,No Apparent Injury,N/A,INATTENTIVE OR LOST IN THOUGHT,NA,VAN,PARKING,15,No,2005,CHEVROLET,VAN CARGI,38.98565137,-76.98526592,2023,12,12
230069462,Property Damage Crash,12/02/2023 11:29:00 AM,MIDDLEBROOK RD,NA,SAME DIR REAR END,Clear,DRY,Daylight,NO CONTROLS,NONE DETECTED,No,No Apparent Injury,N/A,NOT DISTRACTED,MD,PASSENGER CAR,STOPPED IN TRAFFIC LANE,35,No,2021,KIA,SD,39.18428317,-77.27340483,2023,12,11
230069462,Property Damage Crash,12/02/2023 11:29:00 AM,MIDDLEBROOK RD,NA,SAME DIR REAR END,Clear,DRY,Daylight,NO CONTROLS,NONE DETECTED,Yes,No Apparent Injury,N/A,UNKNOWN,MD,(SPORT) UTILITY VEHICLE,MOVING CONSTANT SPEED,35,No,2016,MAZD,TK,39.18428317,-77.27340483,2023,12,11
230069456,Property Damage Crash,12/02/2023 10:45:00 AM,RUSSELL AVE,NA,SAME DIR REAR END,Cloudy,WET,Daylight,NO CONTROLS,NONE DETECTED,Yes,No Apparent Injury,N/A,UNKNOWN,WA,PASSENGER CAR,MOVING CONSTANT SPEED,35,No,2007,HONDA,CIVIC,39.15694946,-77.21242614,2023,12,10
230069456,Property Damage Crash,12/02/2023 10:45:00 AM,RUSSELL AVE,NA,SAME DIR REAR END,Cloudy,WET,Daylight,NO CONTROLS,NONE DETECTED,No,No Apparent Injury,N/A,NOT DISTRACTED,MD,FIRE VEHICLE/EMERGENCY,STOPPED IN TRAFFIC LANE,35,No,2017,CHEV,SUV,39.15694946,-77.21242614,2023,12,10
230069453,Injury Crash,12/02/2023 10:31:00 AM,COLUMBIA PIKE,NA,SINGLE VEHICLE,Cloudy,WET,Daylight,N/A,NONE DETECTED,Yes,Possible Minor Injury,"RAIN, SNOW, WET",NOT DISTRACTED,MD,PASSENGER CAR,MOVING CONSTANT SPEED,35,No,2007,HONDA,CIVIC,39.08491417,-76.9481845,2023,12,10
230069448,Injury Crash,12/02/2023 10:21:00 AM,NA,PEDESTRIAN,OTHER,Cloudy,NA,Daylight,N/A,NONE DETECTED,Yes,No Apparent Injury,N/A,LOOKED BUT DID NOT SEE,MD,PASSENGER CAR,STARTING FROM PARKED,5,No,2019,LEXUS,GX460,39.120346670000004,-77.06979,2023,12,10
230069450,Property Damage Crash,12/02/2023 10:11:00 AM,DARNESTOWN RD,NA,OTHER,Rain,WET,Daylight,NO CONTROLS,NONE DETECTED,No,No Apparent Injury,N/A,UNKNOWN,MD,(SPORT) UTILITY VEHICLE,MOVING CONSTANT SPEED,45,No,2016,HOND,TK,39.17951833,-77.355785,2023,12,10
230069444,Property Damage Crash,12/02/2023 09:45:00 AM,CLOPPER RD,NA,SAME DIR REAR END,Cloudy,WET,Daylight,NO CONTROLS,NONE DETECTED,No,No Apparent Injury,"N/A, WET",NOT DISTRACTED,MD,PASSENGER CAR,STOPPED IN TRAFFIC LANE,35,No,2021,KIA,UT,39.15673617,-77.26732333,2023,12,9
230069444,Property Damage Crash,12/02/2023 09:45:00 AM,CLOPPER RD,NA,SAME DIR REAR END,Cloudy,WET,Daylight,NO CONTROLS,NONE DETECTED,Yes,No Apparent Injury,"N/A, WET",UNKNOWN,MD,PASSENGER CAR,MOVING CONSTANT SPEED,35,No,2021,HONDA,ACCORD,39.15673617,-77.26732333,2023,12,9
230069440,Property Damage Crash,12/02/2023 09:02:00 AM,SOUTHAMPTON DR,NA,OTHER,Cloudy,WET,Daylight,NO CONTROLS,NONE DETECTED,Yes,No Apparent Injury,"V WIPERS|W OTHER ENVIRONMENTAL, WET",NOT DISTRACTED,NY,PASSENGER CAR,MOVING CONSTANT SPEED,25,No,2010,MAZDA,2.0L,39.00439167,-76.98225167,2023,12,9
230069411,Property Damage Crash,12/02/2023 09:00:00 AM,AIRPARK RD,NA,SINGLE VEHICLE,Cloudy,WET,Daylight,NO CONTROLS,NONE DETECTED,Yes,No Apparent Injury,"RAIN, SNOW, WET",NOT DISTRACTED,MD,PASSENGER CAR,MOVING CONSTANT SPEED,45,No,2009,TOYT,4S,39.15342197,-77.14178749,2023,12,9
230069436,Injury Crash,12/02/2023 08:45:00 AM,FREDERICK RD,NA,HEAD ON LEFT TURN,Cloudy,DRY,Daylight,TRAFFIC SIGNAL,NONE DETECTED,No,No Apparent Injury,N/A,NOT DISTRACTED,MD,(SPORT) UTILITY VEHICLE,MOVING CONSTANT SPEED,40,No,2019,LEXS,UT,39.17201667,-77.23593,2023,12,8
230069436,Injury Crash,12/02/2023 08:45:00 AM,FREDERICK RD,NA,HEAD ON LEFT TURN,Cloudy,DRY,Daylight,TRAFFIC SIGNAL,NONE DETECTED,Yes,Possible Minor Injury,N/A,NOT DISTRACTED,MD,(SPORT) UTILITY VEHICLE,MAKING LEFT TURN,40,No,2016,NISS,ROGUE,39.17201667,-77.23593,2023,12,8
230069446,Property Damage Crash,12/02/2023 08:45:00 AM,NA,NA,OTHER,Cloudy,NA,Daylight,NO CONTROLS,NONE DETECTED,Yes,No Apparent Injury,N/A,UNKNOWN,NA,PASSENGER CAR,PARKING,5,No,2015,VOLKSWAGON,TIGUAN,39.05538849,-77.11546974,2023,12,8
230069437,Property Damage Crash,12/02/2023 08:43:00 AM,COLUMBIA PIKE,NA,STRAIGHT MOVEMENT ANGLE,Cloudy,WET,Medium,TRAFFIC SIGNAL,NONE DETECTED,No,No Apparent Injury,"V WIPERS|W OTHER ENVIRONMENTAL, WET",NOT DISTRACTED,MD,PASSENGER CAR,MOVING CONSTANT SPEED,25,No,2013,NISSAN,SENTRA,39.04666767,-76.9865925,2023,12,8
230069437,Property Damage Crash,12/02/2023 08:43:00 AM,COLUMBIA PIKE,NA,STRAIGHT MOVEMENT ANGLE,Cloudy,WET,Medium,TRAFFIC SIGNAL,NONE DETECTED,Yes,No Apparent Injury,"V WIPERS|W OTHER ENVIRONMENTAL, WET",NOT DISTRACTED,MD,(SPORT) UTILITY VEHICLE,MOVING CONSTANT SPEED,50,No,2011,HONDA,PILOT,39.04666767,-76.9865925,2023,12,8
230069431,Injury Crash,12/02/2023 07:56:00 AM,GEORGIA AVE,NA,SAME DIR REAR END,Cloudy,WET,Daylight,TRAFFIC SIGNAL,NONE DETECTED,No,Possible Minor Injury,"RAIN, SNOW, WET",UNKNOWN,XX,PASSENGER CAR,SLOWING OR STOPPING,35,No,2020,TOYT,WG,39.04740367,-77.05205933,2023,12,7
230069431,Injury Crash,12/02/2023 07:56:00 AM,GEORGIA AVE,NA,SAME DIR REAR END,Cloudy,WET,Daylight,TRAFFIC SIGNAL,NONE DETECTED,Yes,No Apparent Injury,"RAIN, SNOW, WET",UNKNOWN,MD,PASSENGER CAR,MOVING CONSTANT SPEED,35,No,2010,HONDA,CIVIC,39.04740367,-77.05205933,2023,12,7
230069430,Injury Crash,12/02/2023 07:32:00 AM,LONG CORNER RD,BICYCLIST,STRAIGHT MOVEMENT ANGLE,Cloudy,WET,Daylight,STOP SIGN,NONE DETECTED,Yes,No Apparent Injury,"V WIPERS|W OTHER ENVIRONMENTAL, WET",UNKNOWN,NA,NA,SKIDDING,30,No,0,UNKNOWN,UNKNOWN,39.28980167,-77.16105667,2023,12,7
230069432,Property Damage Crash,12/02/2023 06:09:00 AM,WOODFIELD RD,NA,SINGLE VEHICLE,Cloudy,WET,Medium,STOP SIGN,NONE DETECTED,Yes,No Apparent Injury,"V WIPERS|W OTHER ENVIRONMENTAL, WET",LOOKED BUT DID NOT SEE,MD,PASSENGER CAR,SLOWING OR STOPPING,30,No,2015,HOND,4S,39.19177683,-77.1520335,2023,12,6
230069427,Property Damage Crash,12/02/2023 05:42:00 AM,COLUMBIA PIKE,NA,SAME DIR REAR END,Cloudy,WET,Medium,N/A,ALCOHOL PRESENT,Yes,No Apparent Injury,N/A,NOT DISTRACTED,MD,PASSENGER CAR,SLOWING OR STOPPING,45,No,2004,HONDA,CIVIC,39.04073667,-76.99639,2023,12,5
230069427,Property Damage Crash,12/02/2023 05:42:00 AM,COLUMBIA PIKE,NA,SAME DIR REAR END,Cloudy,WET,Medium,N/A,NONE DETECTED,No,No Apparent Injury,N/A,NOT DISTRACTED,MD,PASSENGER CAR,SLOWING OR STOPPING,45,No,2021,NISSAN,MURANO,39.04073667,-76.99639,2023,12,5
230069426,Property Damage Crash,12/02/2023 04:55:00 AM,BEACH DR,NA,SINGLE VEHICLE,Cloudy,WET,Medium,NO CONTROLS,NONE DETECTED,Yes,No Apparent Injury,"SMOG, SMOKE, WET",NOT DISTRACTED,MD,(SPORT) UTILITY VEHICLE,MAKING RIGHT TURN,25,No,2011,NISSAN,ROGUE,39.03125375,-77.08595909,2023,12,4
230069424,Property Damage Crash,12/02/2023 04:34:00 AM,AIRPARK RD,NA,SINGLE VEHICLE,Cloudy,WET,Medium,NO CONTROLS,NONE DETECTED,Yes,No Apparent Injury,"N/A, WET",NOT DISTRACTED,MD,PASSENGER CAR,MOVING CONSTANT SPEED,40,No,2018,FORD,CP,39.16250233,-77.14724233,2023,12,4
230069422,Injury Crash,12/02/2023 03:30:00 AM,ANDREW ST,NA,OTHER,Clear,DRY,Medium,NO CONTROLS,NONE DETECTED,Yes,Possible Minor Injury,N/A,UNKNOWN,MD,PASSENGER CAR,MOVING CONSTANT SPEED,25,No,2007,SCION,TC,39.05071451,-77.07085894,2023,12,3
230069416,Property Damage Crash,12/02/2023 01:11:00 AM,NORBECK RD,NA,SINGLE VEHICLE,Cloudy,N/A,Medium,NO CONTROLS,NONE DETECTED,Yes,No Apparent Injury,N/A,UNKNOWN,MD,PASSENGER CAR,MOVING CONSTANT SPEED,40,No,1996,HONDA,CIVIC,39.11977167,-77.04037167,2023,12,1
230069411,Property Damage Crash,12/02/2023 12:35:00 AM,NA,NA,OTHER,Clear,NA,Medium,NO CONTROLS,ALCOHOL PRESENT,Yes,No Apparent Injury,N/A,LOOKED BUT DID NOT SEE,MD,(SPORT) UTILITY VEHICLE,BACKING,15,No,2004,HONDA,PILOT,39.16254725,-77.22456549,2023,12,0
230069410,Property Damage Crash,12/02/2023 12:30:00 AM,COLUMBIA PIKE,NA,SINGLE VEHICLE,Cloudy,WET,Medium,NO CONTROLS,NONE DETECTED,Yes,No Apparent Injury,"N/A, WET",NOT DISTRACTED,MD,(SPORT) UTILITY VEHICLE,NEGOTIATING A CURVE,35,No,2012,TOYOTA,VENZA,39.08504167,-76.94754333,2023,12,0
230069445,Property Damage Crash,12/01/2023 10:00:00 PM,NA,NA,UNKNOWN,Rain,NA,Medium,N/A,NONE DETECTED,Yes,No Apparent Injury,N/A,UNKNOWN,XX,PASSENGER CAR,MOVING CONSTANT SPEED,5,No,2014,TOYOTA,COROLLA,39.11203602,-77.19191219,2023,12,22
230069390,Property Damage Crash,12/01/2023 08:16:00 PM,W DIAMOND AVE,NA,SAME DIR REAR END,Cloudy,WET,Medium,TRAFFIC SIGNAL,ALCOHOL PRESENT,Yes,No Apparent Injury,"N/A, WET",NOT DISTRACTED,MD,PASSENGER CAR,SLOWING OR STOPPING,35,No,2014,HONDA,ACCORD,39.14151266,-77.21730718,2023,12,20
230069390,Property Damage Crash,12/01/2023 08:16:00 PM,W DIAMOND AVE,NA,SAME DIR REAR END,Cloudy,WET,Medium,TRAFFIC SIGNAL,NONE DETECTED,No,No Apparent Injury,"N/A, WET",NOT DISTRACTED,MD,PASSENGER CAR,SLOWING OR STOPPING,35,No,2010,TOYOTA,COROLLA,39.14151266,-77.21730718,2023,12,20
230069383,Property Damage Crash,12/01/2023 08:00:00 PM,RAMP 4 FR RP 1 (FR 200A NB) TO MD 200 EB,NA,SINGLE VEHICLE,Rain,WET,Dark,NO CONTROLS,NONE DETECTED,Yes,No Apparent Injury,"RAIN, SNOW, WET",NOT DISTRACTED,MD,PASSENGER CAR,SLOWING OR STOPPING,40,No,2001,HYUN,SD,39.12047233,-77.19443017,2023,12,20
230069379,Injury Crash,12/01/2023 07:27:00 PM,MONTROSE RD,NA,SAME DIR REAR END,Rain,WET,Medium,NO CONTROLS,NONE DETECTED,No,Possible Minor Injury,"SLEET, HAIL, FREEZ. RAIN, WET",NOT DISTRACTED,MD,(SPORT) UTILITY VEHICLE,SLOWING OR STOPPING,35,No,2023,MERZ,EQS,39.05692575,-77.15775184,2023,12,19
230069379,Injury Crash,12/01/2023 07:27:00 PM,MONTROSE RD,NA,SAME DIR REAR END,Rain,WET,Medium,NO CONTROLS,NONE DETECTED,Yes,Possible Minor Injury,"SLEET, HAIL, FREEZ. RAIN, WET",LOOKED BUT DID NOT SEE,MD,PASSENGER CAR,MOVING CONSTANT SPEED,35,No,2015,VOLK,GOLF,39.05692575,-77.15775184,2023,12,19
230069381,Injury Crash,12/01/2023 07:25:00 PM,FREDERICK RD,PEDESTRIAN,OTHER,Rain,WET,Medium,TRAFFIC SIGNAL,NONE DETECTED,No,No Apparent Injury,N/A,NOT DISTRACTED,MD,PASSENGER CAR,MOVING CONSTANT SPEED,35,No,2008,GMC,ENVOY,39.1465181,-77.20470847,2023,12,19
230069376,Property Damage Crash,12/01/2023 07:06:00 PM,BRIGGS CHANEY RD,NA,STRAIGHT MOVEMENT ANGLE,Rain,WET,Medium,TRAFFIC SIGNAL,NONE DETECTED,Unknown,No Apparent Injury,"N/A, WET",UNKNOWN,MD,PASSENGER CAR,MAKING LEFT TURN,30,No,2013,TOYOTA,HIGHLANDER,39.082967,-76.94798233,2023,12,19
230069376,Property Damage Crash,12/01/2023 07:06:00 PM,BRIGGS CHANEY RD,NA,STRAIGHT MOVEMENT ANGLE,Rain,WET,Medium,TRAFFIC SIGNAL,NONE DETECTED,Unknown,No Apparent Injury,"N/A, WET",UNKNOWN,MD,PASSENGER CAR,MOVING CONSTANT SPEED,30,No,2019,MERZ,A220,39.082967,-76.94798233,2023,12,19
230069375,Injury Crash,12/01/2023 06:50:00 PM,BARNESVILLE RD,NA,STRAIGHT MOVEMENT ANGLE,Rain,WET,Medium,STOP SIGN,NONE DETECTED,No,No Apparent Injury,"N/A, WET",NOT DISTRACTED,MD,PASSENGER CAR,MOVING CONSTANT SPEED,40,No,2005,HONDA,CIVIC,39.21558767,-77.3562845,2023,12,18
230069375,Injury Crash,12/01/2023 06:50:00 PM,BARNESVILLE RD,NA,STRAIGHT MOVEMENT ANGLE,Rain,WET,Medium,STOP SIGN,NONE DETECTED,Yes,Possible Minor Injury,"N/A, WET",NOT DISTRACTED,MD,VAN,STARTING FROM LANE,40,No,2016,KIA,SEDONA,39.21558767,-77.3562845,2023,12,18
230069755,Property Damage Crash,12/01/2023 06:30:00 PM,MIDLINE RD,NA,OTHER,Clear,DRY,Medium,NO CONTROLS,NONE DETECTED,Yes,No Apparent Injury,N/A,DISTRACTED BY OUTSIDE PERSON OBJECT OR EVENT,MD,PASSENGER CAR,MAKING LEFT TURN,25,No,2011,CHEVY,G2500,39.1317057,-77.2295179,2023,12,18
230069368,Property Damage Crash,12/01/2023 06:21:00 PM,PINNACLE DR,NA,SAME DIRECTION SIDESWIPE,Rain,WET,Medium,NO CONTROLS,NONE DETECTED,Yes,No Apparent Injury,"RAIN, SNOW, WET",LOOKED BUT DID NOT SEE,MD,PASSENGER CAR,MAKING LEFT TURN,20,No,2019,TOYT,UT,39.18210787,-77.26515607,2023,12,18
230069368,Property Damage Crash,12/01/2023 06:21:00 PM,PINNACLE DR,NA,SAME DIRECTION SIDESWIPE,Rain,WET,Medium,NO CONTROLS,NONE DETECTED,No,No Apparent Injury,"RAIN, SNOW, WET",NOT DISTRACTED,MD,PASSENGER CAR,MOVING CONSTANT SPEED,20,No,2013,TOYOTA,4S,39.18210787,-77.26515607,2023,12,18
230069361,Injury Crash,12/01/2023 05:54:00 PM,FOREST GLEN RD,NA,SINGLE VEHICLE,Rain,WET,Medium,NO CONTROLS,NONE DETECTED,Yes,Possible Minor Injury,"N/A, WET",NOT DISTRACTED,MD,PASSENGER CAR,SKIDDING,30,No,2001,TOYT,4S,39.01487833,-77.0545,2023,12,17
230069389,Property Damage Crash,12/01/2023 05:50:00 PM,GLENALLAN AVE,NA,SINGLE VEHICLE,Rain,WET,Dark,N/A,NONE DETECTED,Yes,No Apparent Injury,"RAIN, SNOW, WET",LOOKED BUT DID NOT SEE,MD,POLICE VEHICLE/EMERGENCY,SLOWING OR STOPPING,30,No,2015,CHEVROLET,SUBURBAN,39.06003132,-77.03912349,2023,12,17
230069362,Property Damage Crash,12/01/2023 05:37:00 PM,NA,NA,OTHER,Clear,NA,Medium,NO CONTROLS,NONE DETECTED,Yes,No Apparent Injury,"N/A, WET",OTHER DISTRACTION,MD,PASSENGER CAR,SLOWING OR STOPPING,15,No,2018,KIA,RIO,39.05800983,-77.03784583,2023,12,17
230069360,Property Damage Crash,12/01/2023 05:31:00 PM,UNIVERSITY BLVD E,NA,SAME DIR REAR END,Rain,WET,Medium,NO CONTROLS,NONE DETECTED,Yes,No Apparent Injury,"RAIN, SNOW, WET",UNKNOWN,MD,PASSENGER CAR,MOVING CONSTANT SPEED,35,No,2014,NISSAN,370Z,39.01908217,-77.011565,2023,12,17
230069363,Property Damage Crash,12/01/2023 05:28:00 PM,MACARTHUR BLVD,NA,SINGLE VEHICLE,Rain,WET,Medium,NO CONTROLS,NONE DETECTED,Yes,No Apparent Injury,"RAIN, SNOW, WET",OTHER DISTRACTION,MD,PASSENGER CAR,MOVING CONSTANT SPEED,30,No,2015,TOYT,COROLLA,38.95471167,-77.12832667,2023,12,17
23069359,Injury Crash,12/01/2023 05:14:00 PM,NA,PEDESTRIAN,OTHER,Rain,NA,Medium,NO CONTROLS,ALCOHOL PRESENT,Yes,No Apparent Injury,"N/A, WET",LOOKED BUT DID NOT SEE,MD,PASSENGER CAR,MOVING CONSTANT SPEED,10,No,2019,NISSAN,ALTIMA,39.1269323,-77.2595165,2023,12,17
230069349,Property Damage Crash,12/01/2023 04:34:00 PM,FREDERICK RD,NA,SAME DIR REAR END,Rain,WET,Medium,NO CONTROLS,NONE DETECTED,No,No Apparent Injury,"RAIN, SNOW, WET",NOT DISTRACTED,MD,PASSENGER CAR,SLOWING OR STOPPING,35,No,2023,HOND,UT,39.12366867,-77.17937717,2023,12,16
230069349,Property Damage Crash,12/01/2023 04:34:00 PM,FREDERICK RD,NA,SAME DIR REAR END,Rain,WET,Medium,NO CONTROLS,NONE DETECTED,No,No Apparent Injury,"RAIN, SNOW, WET",NOT DISTRACTED,MD,PASSENGER CAR,SLOWING OR STOPPING,35,No,2013,NISSAN,ALTIMA,39.12366867,-77.17937717,2023,12,16
230069349,Property Damage Crash,12/01/2023 04:34:00 PM,FREDERICK RD,NA,SAME DIR REAR END,Rain,WET,Medium,NO CONTROLS,NONE DETECTED,Yes,No Apparent Injury,"RAIN, SNOW, WET",NOT DISTRACTED,MD,PASSENGER CAR,SLOWING OR STOPPING,35,No,2013,CADI,4S,39.12366867,-77.17937717,2023,12,16
230069345,Property Damage Crash,12/01/2023 04:20:00 PM,SHADY GROVE RD,NA,STRAIGHT MOVEMENT ANGLE,Rain,WET,Medium,TRAFFIC SIGNAL,NONE DETECTED,No,No Apparent Injury,"RAIN, SNOW, WET",NOT DISTRACTED,MD,PASSENGER CAR,MAKING LEFT TURN,40,No,2011,HOND,4S,39.11232167,-77.1871625,2023,12,16
230069345,Property Damage Crash,12/01/2023 04:20:00 PM,SHADY GROVE RD,NA,STRAIGHT MOVEMENT ANGLE,Rain,WET,Medium,TRAFFIC SIGNAL,NONE DETECTED,Yes,No Apparent Injury,"RAIN, SNOW, WET",NOT DISTRACTED,MD,"CARGO VAN/LIGHT TRUCK 2 AXLES (OVER 10,000LBS (4,536 KG))",SLOWING OR STOPPING,40,No,2006,FORD,TRUCK,39.11232167,-77.1871625,2023,12,16
230069347,Property Damage Crash,12/01/2023 04:18:00 PM,RIVER RD,NA,SAME DIR REND LEFT TURN,Rain,WET,Daylight,TRAFFIC SIGNAL,NONE DETECTED,Yes,No Apparent Injury,"RAIN, SNOW, WET",LOOKED BUT DID NOT SEE,MD,PASSENGER CAR,MOVING CONSTANT SPEED,35,No,2016,LEXUS,ES,38.98889918,-77.14974232,2023,12,16
230069347,Property Damage Crash,12/01/2023 04:18:00 PM,RIVER RD,NA,SAME DIR REND LEFT TURN,Rain,WET,Daylight,TRAFFIC SIGNAL,NONE DETECTED,No,No Apparent Injury,"RAIN, SNOW, WET",NOT DISTRACTED,MD,PASSENGER CAR,MAKING LEFT TURN,35,No,2016,BMW,X1,38.98889918,-77.14974232,2023,12,16
230069343,Property Damage Crash,12/01/2023 03:44:00 PM,SILO WAY,NA,OTHER,Clear,DRY,Daylight,NO CONTROLS,NONE DETECTED,Yes,No Apparent Injury,N/A,LOOKED BUT DID NOT SEE,MD,OTHER,BACKING,10,No,0,XXX,XXX,39.09446118,-76.98342275,2023,12,15
230069343,Property Damage Crash,12/01/2023 03:44:00 PM,SILO WAY,NA,OTHER,Clear,DRY,Daylight,NO CONTROLS,NONE DETECTED,No,No Apparent Injury,N/A,NOT DISTRACTED,MD,PASSENGER CAR,SLOWING OR STOPPING,10,No,2013,ACURA,ILX,39.09446118,-76.98342275,2023,12,15
230069339,Property Damage Crash,12/01/2023 03:34:00 PM,FERNHILL RD,NA,SAME DIRECTION SIDESWIPE,Rain,WET,Daylight,NO CONTROLS,NONE DETECTED,Yes,No Apparent Injury,"RAIN, SNOW, WET",LOOKED BUT DID NOT SEE,MD,SCHOOL BUS,MAKING LEFT TURN,25,No,2021,FRHT,SB,39.0478085,-77.08423667,2023,12,15
230069330,Injury Crash,12/01/2023 03:18:00 PM,GAINSBOROUGH RD,NA,HEAD ON LEFT TURN,Rain,WET,Daylight,NO CONTROLS,NONE DETECTED,Yes,No Apparent Injury,"SLEET, HAIL, FREEZ. RAIN, WET",LOOKED BUT DID NOT SEE,MD,(SPORT) UTILITY VEHICLE,MAKING LEFT TURN,25,No,2012,HONDA,CRV,39.04729427,-77.16337509,2023,12,15
230069330,Injury Crash,12/01/2023 03:18:00 PM,GAINSBOROUGH RD,NA,HEAD ON LEFT TURN,Rain,WET,Daylight,NO CONTROLS,NONE DETECTED,No,Possible Minor Injury,"SLEET, HAIL, FREEZ. RAIN, WET",NOT DISTRACTED,MD,VAN,MOVING CONSTANT SPEED,25,No,2010,HONDA,ODYSSEY,39.04729427,-77.16337509,2023,12,15
230069321,Injury Crash,12/01/2023 02:45:00 PM,BETHESDA CHURCH RD,NA,SAME DIRECTION LEFT TURN,Rain,WET,Daylight,NO CONTROLS,NONE DETECTED,Yes,No Apparent Injury,"N/A, WET",LOOKED BUT DID NOT SEE,MD,(SPORT) UTILITY VEHICLE,MAKING U TURN,30,No,2003,CHEVROLET,TAHOE,39.28328446,-77.20813873,2023,12,14
230069321,Injury Crash,12/01/2023 02:45:00 PM,BETHESDA CHURCH RD,NA,SAME DIRECTION LEFT TURN,Rain,WET,Daylight,NO CONTROLS,NONE DETECTED,No,Possible Minor Injury,"N/A, WET",NOT DISTRACTED,MD,PICKUP TRUCK,MOVING CONSTANT SPEED,30,No,2006,FORD,F150,39.28328446,-77.20813873,2023,12,14
230069325,Property Damage Crash,12/01/2023 02:34:00 PM,ARCOLA AVE,NA,SAME DIR REAR END,Rain,WET,Daylight,NO CONTROLS,ALCOHOL PRESENT,Yes,No Apparent Injury,"RAIN, SNOW, WET",UNKNOWN,MD,PASSENGER CAR,SLOWING OR STOPPING,30,No,2017,HONDA,CIVIC,39.04367483,-77.03068005,2023,12,14
230069325,Property Damage Crash,12/01/2023 02:34:00 PM,ARCOLA AVE,NA,SAME DIR REAR END,Rain,WET,Daylight,NO CONTROLS,NONE DETECTED,No,No Apparent Injury,"RAIN, SNOW, WET",NOT DISTRACTED,MD,PASSENGER CAR,STOPPED IN TRAFFIC LANE,30,No,2014,HONDA,CIVIC,39.04367483,-77.03068005,2023,12,14
230069332,Property Damage Crash,12/01/2023 02:30:00 PM,NA,NA,OTHER,Rain,NA,Daylight,N/A,NONE DETECTED,Yes,No Apparent Injury,"N/A, SLEET, HAIL, FREEZ. RAIN",NOT DISTRACTED,MD,PASSENGER CAR,BACKING,5,No,2003,MNNI,COOPER,39.1831371,-77.2157308,2023,12,14
230069332,Property Damage Crash,12/01/2023 02:30:00 PM,NA,NA,OTHER,Rain,NA,Daylight,N/A,NONE DETECTED,No,No Apparent Injury,"N/A, SLEET, HAIL, FREEZ. RAIN",NOT DISTRACTED,MD,SCHOOL BUS,STOPPED IN TRAFFIC LANE,5,No,2024,THMS,SB,39.1831371,-77.2157308,2023,12,14
230069303,Injury Crash,12/01/2023 01:35:00 PM,CLOPPER RD,NA,STRAIGHT MOVEMENT ANGLE,Rain,WET,Daylight,STOP SIGN,NONE DETECTED,No,No Apparent Injury,"N/A, RAIN, SNOW",NOT DISTRACTED,MD,PICKUP TRUCK,MOVING CONSTANT SPEED,40,No,1999,FORD,F150,39.15613314,-77.26454295,2023,12,13
230069303,Injury Crash,12/01/2023 01:35:00 PM,CLOPPER RD,NA,STRAIGHT MOVEMENT ANGLE,Rain,WET,Daylight,STOP SIGN,NONE DETECTED,Yes,Possible Minor Injury,"N/A, RAIN, SNOW",UNKNOWN,MD,PASSENGER CAR,STARTING FROM LANE,25,No,2018,HYUNDAI,SONATA,39.15613314,-77.26454295,2023,12,13
230069308,Property Damage Crash,12/01/2023 01:31:00 PM,COLUMBIA PIKE,NA,SAME DIR REAR END,Rain,WET,Daylight,STOP SIGN,NONE DETECTED,No,No Apparent Injury,"RAIN, SNOW, WET",NOT DISTRACTED,MD,PASSENGER CAR,STOPPED IN TRAFFIC LANE,15,No,2017,MAZDA,3,39.07675862,-76.95777913,2023,12,13
230069308,Property Damage Crash,12/01/2023 01:31:00 PM,COLUMBIA PIKE,NA,SAME DIR REAR END,Rain,WET,Daylight,STOP SIGN,NONE DETECTED,Yes,No Apparent Injury,"RAIN, SNOW, WET",UNKNOWN,MD,SCHOOL BUS,SLOWING OR STOPPING,15,No,2013,THOMAS,BUS,39.07675862,-76.95777913,2023,12,13
230069292,Injury Crash,12/01/2023 12:16:00 PM,COLUMBIA PIKE,NA,STRAIGHT MOVEMENT ANGLE,Cloudy,DRY,Daylight,TRAFFIC SIGNAL,NONE DETECTED,No,Possible Minor Injury,N/A,NOT DISTRACTED,MD,PASSENGER CAR,MOVING CONSTANT SPEED,55,No,2009,HONDA,ACCORD,39.10405521,-76.93308135,2023,12,12
230069292,Injury Crash,12/01/2023 12:16:00 PM,COLUMBIA PIKE,NA,STRAIGHT MOVEMENT ANGLE,Cloudy,DRY,Daylight,TRAFFIC SIGNAL,NONE DETECTED,Yes,No Apparent Injury,N/A,UNKNOWN,MD,VAN,MOVING CONSTANT SPEED,55,No,2007,TOYOTA,SIENNA,39.10405521,-76.93308135,2023,12,12
230069287,Property Damage Crash,12/01/2023 12:07:00 PM,MUNCASTER MILL RD,NA,SINGLE VEHICLE,Rain,N/A,Daylight,N/A,NONE DETECTED,Yes,No Apparent Injury,N/A,UNKNOWN,MD,PASSENGER CAR,MOVING CONSTANT SPEED,35,No,2019,HYUN,SD,39.109355,-77.08129333,2023,12,12
230069284,Property Damage Crash,12/01/2023 11:38:00 AM,TUCKERMAN LA,NA,HEAD ON LEFT TURN,Clear,DRY,Daylight,TRAFFIC SIGNAL,NONE DETECTED,Yes,No Apparent Injury,N/A,LOOKED BUT DID NOT SEE,MD,PASSENGER CAR,MAKING LEFT TURN,35,No,2012,MAZD,4S,39.04086667,-77.159195,2023,12,11
230069284,Property Damage Crash,12/01/2023 11:38:00 AM,TUCKERMAN LA,NA,HEAD ON LEFT TURN,Clear,DRY,Daylight,TRAFFIC SIGNAL,NONE DETECTED,No,No Apparent Injury,N/A,NOT DISTRACTED,MD,PASSENGER CAR,MOVING CONSTANT SPEED,35,No,2014,HOND,VN,39.04086667,-77.159195,2023,12,11
230069264,Property Damage Crash,12/01/2023 10:15:00 AM,NA,NA,SAME DIR REAR END,Cloudy,NA,Daylight,NO CONTROLS,NONE DETECTED,Yes,No Apparent Injury,N/A,NOT DISTRACTED,MD,PASSENGER CAR,ACCELERATING,5,No,2012,HONDA,PILOT,38.98672489,-76.98772022,2023,12,10
230069258,Property Damage Crash,12/01/2023 09:45:00 AM,NA,NA,SINGLE VEHICLE,Cloudy,NA,Daylight,NO CONTROLS,NONE DETECTED,Yes,No Apparent Injury,N/A,NOT DISTRACTED,MD,PICKUP TRUCK,STARTING FROM PARKED,5,No,1999,GMC,PK,39.10983358,-76.99591428,2023,12,9