Local Case Number,ACRS Report Type,Crash Date/Time,Road Name,Related Non-Motorist,Collision Type,Weather,Surface Condition,Light,Traffic Control,Driver Substance Abuse,Driver At Fault,Injury Severity,Circumstance,Driver Distracted By,Drivers License State,Vehicle Body Type,Vehicle Movement,Speed Limit,Driverless Vehicle,Vehicle Year,Vehicle Make,Vehicle Model,Latitude,Longitude,Year,Month,Hour
230069257,Injury Crash,12/01/2023 09:30:00 AM,COLUMBIA PIKE,NA,ANGLE MEETS RIGHT TURN,Clear,DRY,Daylight,NO CONTROLS,NONE DETECTED,No,Possible Minor Injury,N/A,NOT DISTRACTED,MD,PASSENGER CAR,MOVING CONSTANT SPEED,40,No,2022,ACURA,MDX,39.0566195,-76.9672425,2023,12,9
230069257,Injury Crash,12/01/2023 09:30:00 AM,COLUMBIA PIKE,NA,ANGLE MEETS RIGHT TURN,Clear,DRY,Daylight,NO CONTROLS,NONE DETECTED,Yes,Possible Minor Injury,N/A,NOT DISTRACTED,MD,PICKUP TRUCK,MAKING RIGHT TURN,30,No,2022,RAM,1500,39.0566195,-76.9672425,2023,12,9
230069250,Property Damage Crash,12/01/2023 08:40:00 AM,DENFELD AVE,NA,STRAIGHT MOVEMENT ANGLE,Clear,DRY,Daylight,N/A,NONE DETECTED,No,No Apparent Injury,N/A,NOT DISTRACTED,MD,PASSENGER CAR,MOVING CONSTANT SPEED,15,No,2020,TOYOTA,CAMRY,39.03866833,-77.07747667,2023,12,8
230069250,Property Damage Crash,12/01/2023 08:40:00 AM,DENFELD AVE,NA,STRAIGHT MOVEMENT ANGLE,Clear,DRY,Daylight,N/A,NONE DETECTED,Yes,No Apparent Injury,N/A,LOOKED BUT DID NOT SEE,MD,PASSENGER CAR,MAKING LEFT TURN,15,No,2007,HONDA,ODYSSEY,39.03866833,-77.07747667,2023,12,8
230069249,Injury Crash,12/01/2023 08:36:00 AM,GEORGIA AVE,NA,SAME DIR REAR END,Clear,DRY,Daylight,N/A,NONE DETECTED,No,Possible Minor Injury,N/A,NOT DISTRACTED,MD,PASSENGER CAR,SLOWING OR STOPPING,35,No,2008,TOYOTA,COROLLA,39.09368383,-77.07930467,2023,12,8
230069249,Injury Crash,12/01/2023 08:36:00 AM,GEORGIA AVE,NA,SAME DIR REAR END,Clear,DRY,Daylight,N/A,NONE DETECTED,Yes,No Apparent Injury,N/A,INATTENTIVE OR LOST IN THOUGHT,MD,(SPORT) UTILITY VEHICLE,MOVING CONSTANT SPEED,35,No,2009,SUBARU,FORESTER,39.09368383,-77.07930467,2023,12,8
230069249,Injury Crash,12/01/2023 08:36:00 AM,GEORGIA AVE,NA,SAME DIR REAR END,Clear,DRY,Daylight,N/A,NONE DETECTED,No,No Apparent Injury,N/A,NOT DISTRACTED,DC,VAN,STOPPED IN TRAFFIC LANE,35,No,2007,FORD,CG,39.09368383,-77.07930467,2023,12,8
230069227,Property Damage Crash,12/01/2023 02:25:00 AM,GUNNERS BRANCH RD,NA,OTHER,Clear,DRY,Medium,NO CONTROLS,NONE DETECTED,Yes,No Apparent Injury,N/A,UNKNOWN,NA,PASSENGER CAR,MOVING CONSTANT SPEED,30,No,2016,HYN,4D,39.17524962,-77.24094966,2023,12,2
230069211,Injury Crash,11/30/2023 10:55:00 PM,GEORGIA AVE,PEDESTRIAN,OTHER,Clear,DRY,Medium,TRAFFIC SIGNAL,NONE DETECTED,No,No Apparent Injury,N/A,LOOKED BUT DID NOT SEE,MD,POLICE VEHICLE/NON EMERGENCY,MAKING RIGHT TURN,25,No,2022,FORD,EXPLORER,39.04125105,-77.05169358,2023,11,22
230069195,Injury Crash,11/30/2023 07:56:00 PM,LAYHILL RD,NA,ANGLE MEETS LEFT TURN,Clear,DRY,Medium,TRAFFIC SIGNAL,NONE DETECTED,No,Possible Minor Injury,N/A,UNKNOWN,MD,PASSENGER CAR,MAKING LEFT TURN,35,No,2022,TOYOTA,COROLLA,39.09064621,-77.04472679,2023,11,19
230069195,Injury Crash,11/30/2023 07:56:00 PM,LAYHILL RD,NA,ANGLE MEETS LEFT TURN,Clear,DRY,Medium,TRAFFIC SIGNAL,NONE DETECTED,No,Possible Minor Injury,N/A,UNKNOWN,NA,NA,MOVING CONSTANT SPEED,35,No,0,UNKNOWN,UNKNOWN,39.09064621,-77.04472679,2023,11,19
230069182,Injury Crash,11/30/2023 06:13:00 PM,SHADY GROVE RD,OTHER,SAME DIRECTION SIDESWIPE,Clear,DRY,Medium,TRAFFIC SIGNAL,NONE DETECTED,Yes,No Apparent Injury,N/A,LOOKED BUT DID NOT SEE,MD,PASSENGER CAR,MOVING CONSTANT SPEED,35,No,2008,VOLK,RABBIT,39.13361819,-77.15808041,2023,11,18
230069182,Injury Crash,11/30/2023 06:13:00 PM,SHADY GROVE RD,OTHER,SAME DIRECTION SIDESWIPE,Clear,DRY,Medium,TRAFFIC SIGNAL,NONE DETECTED,No,No Apparent Injury,N/A,NOT DISTRACTED,MD,PICKUP TRUCK,MAKING RIGHT TURN,35,No,2002,TOYT,TACOMA,39.13361819,-77.15808041,2023,11,18
230069184,Property Damage Crash,11/30/2023 06:12:00 PM,GERMANTOWN RD,NA,SINGLE VEHICLE,Cloudy,DRY,Medium,TRAFFIC SIGNAL,NONE DETECTED,Yes,No Apparent Injury,N/A,NOT DISTRACTED,VA,PASSENGER CAR,MOVING CONSTANT SPEED,45,No,2008,CHEV,IMPALA,39.18821633,-77.25194183,2023,11,18
230069172,Property Damage Crash,11/30/2023 05:45:00 PM,NEW HAMPSHIRE AVE,NA,SAME DIR REAR END,Clear,DRY,Medium,NO CONTROLS,NONE DETECTED,Yes,No Apparent Injury,N/A,NOT DISTRACTED,GA,PASSENGER CAR,SLOWING OR STOPPING,40,No,2010,INFINITI,G37,39.07920333,-77.00150167,2023,11,17
230069172,Property Damage Crash,11/30/2023 05:45:00 PM,NEW HAMPSHIRE AVE,NA,SAME DIR REAR END,Clear,DRY,Medium,NO CONTROLS,NONE DETECTED,No,No Apparent Injury,N/A,NOT DISTRACTED,MD,(SPORT) UTILITY VEHICLE,SLOWING OR STOPPING,40,No,2022,HOND,CRV,39.07920333,-77.00150167,2023,11,17
230069170,Injury Crash,11/30/2023 05:18:00 PM,POPLAR AVE,NA,OTHER,Clear,DRY,Medium,N/A,NONE DETECTED,Unknown,Possible Minor Injury,N/A,UNKNOWN,MD,PASSENGER CAR,MOVING CONSTANT SPEED,35,No,2018,NISSAN,VERSA,38.97095167,-77.00097,2023,11,17
230069170,Injury Crash,11/30/2023 05:18:00 PM,POPLAR AVE,NA,OTHER,Clear,DRY,Medium,N/A,NONE DETECTED,Unknown,No Apparent Injury,N/A,UNKNOWN,MD,PASSENGER CAR,MAKING LEFT TURN,5,No,2009,HONDA,CIVIC,38.97095167,-77.00097,2023,11,17
230069168,Property Damage Crash,11/30/2023 05:04:00 PM,CHERRY HILL RD,NA,SINGLE VEHICLE,Clear,DRY,Medium,NO CONTROLS,NONE DETECTED,Yes,No Apparent Injury,N/A,LOOKED BUT DID NOT SEE,MD,SCHOOL BUS,MOVING CONSTANT SPEED,40,No,2024,THMS,221TS,39.05232833,-76.95311333,2023,11,17
230069190,Property Damage Crash,11/30/2023 04:45:00 PM,NA,NA,SAME DIR REAR END,Clear,NA,Medium,NO CONTROLS,NONE DETECTED,No,No Apparent Injury,N/A,NOT DISTRACTED,QC,PASSENGER CAR,PARKED,0,Unknown,2012,AUDI,A6,39.11819267,-77.18349983,2023,11,16
230069190,Property Damage Crash,11/30/2023 04:45:00 PM,NA,NA,SAME DIR REAR END,Clear,NA,Medium,NO CONTROLS,NONE DETECTED,Yes,No Apparent Injury,N/A,UNKNOWN,NA,UNKNOWN,PARKING,0,No,2011,CHEVY,SEDAN,39.11819267,-77.18349983,2023,11,16
230069156,Property Damage Crash,11/30/2023 04:20:00 PM,RIVER RD,NA,SAME DIR REAR END,Clear,DRY,Daylight,NO CONTROLS,NONE DETECTED,No,No Apparent Injury,N/A,NOT DISTRACTED,MD,SCHOOL BUS,SLOWING OR STOPPING,40,No,2018,THOMAS,SBCB,38.9643767,-77.1032745,2023,11,16
230069156,Property Damage Crash,11/30/2023 04:20:00 PM,RIVER RD,NA,SAME DIR REAR END,Clear,DRY,Daylight,NO CONTROLS,NONE DETECTED,Yes,No Apparent Injury,N/A,OTHER DISTRACTION,MD,PASSENGER CAR,MOVING CONSTANT SPEED,40,No,2008,TOYT,COROLLA,38.9643767,-77.1032745,2023,11,16
230069152,Injury Crash,11/30/2023 04:19:00 PM,NA,PEDESTRIAN,OTHER,Clear,NA,Daylight,N/A,NONE DETECTED,Yes,No Apparent Injury,N/A,LOOKED BUT DID NOT SEE,MD,PASSENGER CAR,BACKING,15,No,2002,TOYOTA,SIENNA,39.05606117,-77.0835027,2023,11,16
230069140,Injury Crash,11/30/2023 03:41:00 PM,BRADLEY BLVD,NA,SAME DIR REAR END,Clear,DRY,Daylight,NO CONTROLS,NONE DETECTED,Yes,No Apparent Injury,N/A,NOT DISTRACTED,MD,PASSENGER CAR,MOVING CONSTANT SPEED,35,No,2023,GENESIS,GV80,39.01193683,-77.155767,2023,11,15
230069140,Injury Crash,11/30/2023 03:41:00 PM,BRADLEY BLVD,NA,SAME DIR REAR END,Clear,DRY,Daylight,NO CONTROLS,NONE DETECTED,No,Possible Minor Injury,N/A,NOT DISTRACTED,MD,PASSENGER CAR,STOPPED IN TRAFFIC LANE,35,No,2009,INFINITI,GX90,39.01193683,-77.155767,2023,11,15
230069140,Injury Crash,11/30/2023 03:41:00 PM,BRADLEY BLVD,NA,SAME DIR REAR END,Clear,DRY,Daylight,NO CONTROLS,NONE DETECTED,No,No Apparent Injury,N/A,NOT DISTRACTED,MD,PASSENGER CAR,SLOWING OR STOPPING,35,No,2018,HONDA,ACCORD,39.01193683,-77.155767,2023,11,15
230069145,Property Damage Crash,11/30/2023 03:36:00 PM,CENTURY BLVD,NA,SAME DIRECTION RIGHT TURN,Clear,DRY,Daylight,NO CONTROLS,NONE DETECTED,No,No Apparent Injury,N/A,NOT DISTRACTED,MD,TRANSIT BUS,MOVING CONSTANT SPEED,25,No,2013,GILLG,G27E102W2,39.18339333,-77.26257567,2023,11,15
230069145,Property Damage Crash,11/30/2023 03:36:00 PM,CENTURY BLVD,NA,SAME DIRECTION RIGHT TURN,Clear,DRY,Daylight,NO CONTROLS,NONE DETECTED,Yes,No Apparent Injury,N/A,LOOKED BUT DID NOT SEE,MD,(SPORT) UTILITY VEHICLE,MAKING RIGHT TURN,25,No,2021,LEXS,UT,39.18339333,-77.26257567,2023,11,15
230069114,Injury Crash,11/30/2023 01:08:00 PM,WATKINS MILL RD,NA,HEAD ON LEFT TURN,Clear,DRY,Daylight,TRAFFIC SIGNAL,NONE DETECTED,No,No Apparent Injury,N/A,NOT DISTRACTED,MD,PASSENGER CAR,MOVING CONSTANT SPEED,35,No,2018,NISS,UT,39.15579433,-77.22705967,2023,11,13
230069114,Injury Crash,11/30/2023 01:08:00 PM,WATKINS MILL RD,NA,HEAD ON LEFT TURN,Clear,DRY,Daylight,TRAFFIC SIGNAL,NONE DETECTED,Yes,Possible Minor Injury,N/A,INATTENTIVE OR LOST IN THOUGHT,MD,PASSENGER CAR,MAKING LEFT TURN,35,No,2005,TOYT,4S,39.15579433,-77.22705967,2023,11,13
230069104,Injury Crash,11/30/2023 12:15:00 PM,WOODFIELD RD,NA,HEAD ON LEFT TURN,Clear,DRY,Daylight,TRAFFIC SIGNAL,NONE DETECTED,Yes,Possible Minor Injury,N/A,NOT DISTRACTED,MD,PASSENGER CAR,MAKING LEFT TURN,35,No,2012,NISSAN,ALTIMA,39.1588815,-77.16041683,2023,11,12
230069104,Injury Crash,11/30/2023 12:15:00 PM,WOODFIELD RD,NA,HEAD ON LEFT TURN,Clear,DRY,Daylight,TRAFFIC SIGNAL,NONE DETECTED,No,Possible Minor Injury,N/A,NOT DISTRACTED,MD,PASSENGER CAR,MOVING CONSTANT SPEED,35,No,2019,BUICK,ENCORE,39.1588815,-77.16041683,2023,11,12
230069125,Property Damage Crash,11/30/2023 12:13:00 PM,NA,NA,OTHER,Clear,NA,Daylight,N/A,NONE DETECTED,Yes,No Apparent Injury,N/A,UNKNOWN,MD,PASSENGER CAR,PARKING,5,No,2012,JEEP,TK,39.10557812,-77.18477672,2023,11,12
230068886,Property Damage Crash,11/30/2023 11:05:00 AM,CARROLL AVE,NA,OTHER,Clear,DRY,Daylight,N/A,NONE DETECTED,Yes,No Apparent Injury,N/A,UNKNOWN,NA,PASSENGER CAR,N/A,10,No,2010,HONDA,CIVIC,38.99220072,-76.99262239,2023,11,11
230069069,Property Damage Crash,11/30/2023 09:37:00 AM,BOWIE MILL RD,NA,SINGLE VEHICLE,Clear,DRY,Daylight,NO CONTROLS,NONE DETECTED,Yes,No Apparent Injury,N/A,NOT DISTRACTED,MD,POLICE VEHICLE/EMERGENCY,MOVING CONSTANT SPEED,35,No,2013,NISS,SD,39.14864674,-77.11540461,2023,11,9
230069071,Property Damage Crash,11/30/2023 09:32:00 AM,SPENCER RD,NA,SAME DIRECTION RIGHT TURN,Clear,DRY,Daylight,NO CONTROLS,NONE DETECTED,Yes,No Apparent Injury,N/A,NOT DISTRACTED,MD,SCHOOL BUS,MOVING CONSTANT SPEED,25,No,2020,THOMAS,BUS,38.99315667,-77.056,2023,11,9
230069057,Injury Crash,11/30/2023 09:20:00 AM,GAME PRESERVE RD,NA,HEAD ON LEFT TURN,Clear,DRY,Daylight,NO CONTROLS,NONE DETECTED,No,No Apparent Injury,N/A,NOT DISTRACTED,MD,PASSENGER CAR,MOVING CONSTANT SPEED,35,No,2002,TOYOTA,CAMRY,39.14971167,-77.24324667,2023,11,9
230069057,Injury Crash,11/30/2023 09:20:00 AM,GAME PRESERVE RD,NA,HEAD ON LEFT TURN,Clear,DRY,Daylight,NO CONTROLS,NONE DETECTED,Yes,Possible Minor Injury,N/A,LOOKED BUT DID NOT SEE,MD,PASSENGER CAR,MOVING CONSTANT SPEED,35,No,2012,VW,JETTA,39.14971167,-77.24324667,2023,11,9
230069055,Property Damage Crash,11/30/2023 08:32:00 AM,FIRSTFIELD RD,NA,SAME DIRECTION SIDESWIPE,Clear,DRY,Daylight,TRAFFIC SIGNAL,NONE DETECTED,No,No Apparent Injury,N/A,NOT DISTRACTED,MD,SCHOOL BUS,STARTING FROM LANE,30,No,2016,THOMAS,BU,39.14527514,-77.22080099,2023,11,8
230069055,Property Damage Crash,11/30/2023 08:32:00 AM,FIRSTFIELD RD,NA,SAME DIRECTION SIDESWIPE,Clear,DRY,Daylight,TRAFFIC SIGNAL,NONE DETECTED,Yes,No Apparent Injury,N/A,NOT DISTRACTED,MD,PASSENGER CAR,CHANGING LANES,30,No,2015,HONDA,FUIT,39.14527514,-77.22080099,2023,11,8
230069052,Injury Crash,11/30/2023 08:15:00 AM,OLD SPRING RD,NA,OPPOSITE DIRECTION SIDESWIPE,Clear,DRY,Daylight,NO CONTROLS,NONE DETECTED,Yes,Suspected Serious Injury,N/A,UNKNOWN,MD,PASSENGER CAR,MOVING CONSTANT SPEED,25,No,2023,HYUNDAI,SANTA FE,39.012175,-77.06964,2023,11,8
230069052,Injury Crash,11/30/2023 08:15:00 AM,OLD SPRING RD,NA,OPPOSITE DIRECTION SIDESWIPE,Clear,DRY,Daylight,NO CONTROLS,NONE DETECTED,No,No Apparent Injury,N/A,NOT DISTRACTED,MD,PASSENGER CAR,MOVING CONSTANT SPEED,25,No,2016,TOYOTA,4RUNNER,39.012175,-77.06964,2023,11,8
230069047,Injury Crash,11/30/2023 08:04:00 AM,GATEWAY CENTER DR,NA,HEAD ON LEFT TURN,Clear,DRY,Daylight,TRAFFIC SIGNAL,NONE DETECTED,Yes,Possible Minor Injury,N/A,UNKNOWN,MD,PASSENGER CAR,MAKING LEFT TURN,35,No,2022,TESLA,Y,39.23456844,-77.28128156,2023,11,8
230069047,Injury Crash,11/30/2023 08:04:00 AM,GATEWAY CENTER DR,NA,HEAD ON LEFT TURN,Clear,DRY,Daylight,TRAFFIC SIGNAL,NONE DETECTED,No,Possible Minor Injury,N/A,NOT DISTRACTED,NY,PASSENGER CAR,MOVING CONSTANT SPEED,35,No,2018,FORD,MUSTANG,39.23456844,-77.28128156,2023,11,8
230069043,Injury Crash,11/30/2023 07:52:00 AM,NEW HAMPSHIRE AVE,NA,HEAD ON,Clear,DRY,Daylight,N/A,NONE DETECTED,No,Suspected Serious Injury,N/A,NOT DISTRACTED,MD,PASSENGER CAR,MOVING CONSTANT SPEED,40,No,2011,HONDA,CRV,39.14830333,-77.01170667,2023,11,7
230069043,Injury Crash,11/30/2023 07:52:00 AM,NEW HAMPSHIRE AVE,NA,HEAD ON,Clear,DRY,Daylight,N/A,NONE DETECTED,Yes,Suspected Serious Injury,N/A,UNKNOWN,MD,PASSENGER CAR,MOVING CONSTANT SPEED,40,No,2003,MAZDA,PROTEGE,39.14830333,-77.01170667,2023,11,7
230069033,Injury Crash,11/30/2023 05:15:00 AM,ROCKVILLE PIKE,NA,SAME DIR REAR END,Clear,DRY,Medium,TRAFFIC SIGNAL,NONE DETECTED,Yes,No Apparent Injury,N/A,NOT DISTRACTED,NC,PASSENGER CAR,MOVING CONSTANT SPEED,35,No,2022,DODGE,VAN,39.0055565,-77.09783183,2023,11,5
230069033,Injury Crash,11/30/2023 05:15:00 AM,ROCKVILLE PIKE,NA,SAME DIR REAR END,Clear,DRY,Medium,TRAFFIC SIGNAL,NONE DETECTED,No,No Apparent Injury,N/A,NOT DISTRACTED,MD,PASSENGER CAR,SLOWING OR STOPPING,35,No,2008,TOYT,4S,39.0055565,-77.09783183,2023,11,5
230069031,Property Damage Crash,11/30/2023 04:38:00 AM,APPLE RIDGE RD,NA,HEAD ON,Clear,DRY,Dark,NO CONTROLS,NONE DETECTED,Yes,No Apparent Injury,N/A,NOT DISTRACTED,MD,PASSENGER CAR,MOVING CONSTANT SPEED,35,No,2011,TOYOTA,CAMRY,39.18495667,-77.20463167,2023,11,4
230069031,Property Damage Crash,11/30/2023 04:38:00 AM,APPLE RIDGE RD,NA,HEAD ON,Clear,DRY,Dark,NO CONTROLS,NONE DETECTED,No,No Apparent Injury,N/A,NOT DISTRACTED,MD,PASSENGER CAR,MOVING CONSTANT SPEED,35,No,2017,TOYOTA,COROLLA,39.18495667,-77.20463167,2023,11,4
230069027,Property Damage Crash,11/30/2023 03:16:00 AM,RIDGE RD,NA,SINGLE VEHICLE,Clear,DRY,Dark,NO CONTROLS,NONE DETECTED,Yes,No Apparent Injury,N/A,NO DRIVER PRESENT,NA,PASSENGER CAR,MOVING CONSTANT SPEED,45,No,2019,JEEP,GRAND CHEROKEE,39.20014333,-77.25834833,2023,11,3
230069087,Property Damage Crash,11/29/2023 07:45:00 PM,UNIVERSITY BLVD W,NA,SAME DIR REAR END,Clear,DRY,Dark,NO CONTROLS,NONE DETECTED,Yes,No Apparent Injury,N/A,UNKNOWN,NA,UNKNOWN,ACCELERATING,10,No,0,UNKNOWN,UNKNOWN,39.047785,-77.05114083,2023,11,19
230069087,Property Damage Crash,11/29/2023 07:45:00 PM,UNIVERSITY BLVD W,NA,SAME DIR REAR END,Clear,DRY,Dark,NO CONTROLS,NONE DETECTED,No,No Apparent Injury,N/A,NOT DISTRACTED,MD,PASSENGER CAR,MOVING CONSTANT SPEED,10,No,2008,BMW,535,39.047785,-77.05114083,2023,11,19
230068981,Property Damage Crash,11/29/2023 05:47:00 PM,SHADY GROVE RD,NA,HEAD ON LEFT TURN,Clear,DRY,Medium,TRAFFIC SIGNAL,NONE DETECTED,No,No Apparent Injury,N/A,NOT DISTRACTED,MD,PASSENGER CAR,MAKING LEFT TURN,35,No,2023,HYUNDAI,SONATA,39.12275833,-77.17773167,2023,11,17
230068981,Property Damage Crash,11/29/2023 05:47:00 PM,SHADY GROVE RD,NA,HEAD ON LEFT TURN,Clear,DRY,Medium,TRAFFIC SIGNAL,NONE DETECTED,Yes,No Apparent Injury,N/A,NOT DISTRACTED,MD,PASSENGER CAR,ACCELERATING,35,No,2018,HONDA,ACCORD,39.12275833,-77.17773167,2023,11,17
230069160,Property Damage Crash,11/29/2023 05:45:00 PM,NA,NA,SINGLE VEHICLE,Clear,NA,Medium,NO CONTROLS,NONE DETECTED,Yes,No Apparent Injury,N/A,LOOKED BUT DID NOT SEE,MD,PASSENGER CAR,MOVING CONSTANT SPEED,5,No,2006,HONDA,ELEMENT,38.98977651,-77.09587617,2023,11,17
230068969,Property Damage Crash,11/29/2023 04:24:00 PM,WOOTTON PKWY,NA,STRAIGHT MOVEMENT ANGLE,Clear,DRY,Medium,TRAFFIC SIGNAL,NONE DETECTED,Unknown,No Apparent Injury,N/A,UNKNOWN,MD,(SPORT) UTILITY VEHICLE,MOVING CONSTANT SPEED,35,No,2011,HYUN,UT,39.06976975,-77.1699206,2023,11,16
230068969,Property Damage Crash,11/29/2023 04:24:00 PM,WOOTTON PKWY,NA,STRAIGHT MOVEMENT ANGLE,Clear,DRY,Medium,TRAFFIC SIGNAL,NONE DETECTED,Yes,No Apparent Injury,N/A,UNKNOWN,MA,POLICE VEHICLE/EMERGENCY,MOVING CONSTANT SPEED,35,No,2016,FORD,TAURUS,39.06976975,-77.1699206,2023,11,16
230068958,Property Damage Crash,11/29/2023 04:17:00 PM,NA,NA,SINGLE VEHICLE,Clear,NA,Medium,N/A,NONE DETECTED,Yes,No Apparent Injury,N/A,LOOKED BUT DID NOT SEE,MD,SCHOOL BUS,BACKING,5,No,2015,FRHT,BU,39.09117283,-76.9568875,2023,11,16
230068953,Property Damage Crash,11/29/2023 04:05:00 PM,VEIRS MILL RD,NA,SAME DIR REAR END,Clear,DRY,Daylight,NO CONTROLS,NONE DETECTED,Yes,No Apparent Injury,N/A,BY MOVING OBJECT IN VEHICLE,MD,POLICE VEHICLE/EMERGENCY,SLOWING OR STOPPING,35,No,2014,DODGE,CHARGER,39.05705383,-77.08509917,2023,11,16
230068953,Property Damage Crash,11/29/2023 04:05:00 PM,VEIRS MILL RD,NA,SAME DIR REAR END,Clear,DRY,Daylight,NO CONTROLS,NONE DETECTED,No,No Apparent Injury,N/A,UNKNOWN,MD,PASSENGER CAR,STOPPED IN TRAFFIC LANE,35,No,2010,TOYOTA,PRIUS,39.05705383,-77.08509917,2023,11,16
230068950,Injury Crash,11/29/2023 03:48:00 PM,RANDOLPH RD,NA,SAME DIRECTION SIDESWIPE,Clear,DRY,Daylight,TRAFFIC SIGNAL,NONE DETECTED,Unknown,Possible Minor Injury,N/A,UNKNOWN,MD,PASSENGER CAR,MOVING CONSTANT SPEED,35,No,2013,INFI,PC,39.058025,-77.05491667,2023,11,15
230068950,Injury Crash,11/29/2023 03:48:00 PM,RANDOLPH RD,NA,SAME DIRECTION SIDESWIPE,Clear,DRY,Daylight,TRAFFIC SIGNAL,NONE DETECTED,Unknown,No Apparent Injury,N/A,LOOKED BUT DID NOT SEE,MD,PASSENGER CAR,MOVING CONSTANT SPEED,35,No,2003,FORD,4S,39.058025,-77.05491667,2023,11,15
230068948,Property Damage Crash,11/29/2023 03:00:00 PM,UNIVERSITY BLVD E,NA,SAME DIR REAR END,Clear,DRY,Daylight,TRAFFIC SIGNAL,NONE DETECTED,Yes,No Apparent Injury,"BACKUP DUE TO REGULAR CONGESTION, N/A",UNKNOWN,NA,PICKUP TRUCK,MOVING CONSTANT SPEED,35,No,2018,CHEVY,SILVERADO,38.99924705,-76.99518952,2023,11,15
230068933,Property Damage Crash,11/29/2023 03:00:00 PM,BRIGGS CHANEY RD,NA,SAME DIR REAR END,Clear,DRY,Daylight,TRAFFIC SIGNAL,NONE DETECTED,No,No Apparent Injury,N/A,NOT DISTRACTED,MD,PASSENGER CAR,MOVING CONSTANT SPEED,35,No,2006,TOYT,SD,39.07796467,-76.94386683,2023,11,15
230068948,Property Damage Crash,11/29/2023 03:00:00 PM,UNIVERSITY BLVD E,NA,SAME DIR REAR END,Clear,DRY,Daylight,TRAFFIC SIGNAL,NONE DETECTED,No,No Apparent Injury,"BACKUP DUE TO REGULAR CONGESTION, N/A",NOT DISTRACTED,VA,VAN,SLOWING OR STOPPING,35,No,2008,CHEVY,EXPRESS VAN,38.99924705,-76.99518952,2023,11,15
230068933,Property Damage Crash,11/29/2023 03:00:00 PM,BRIGGS CHANEY RD,NA,SAME DIR REAR END,Clear,DRY,Daylight,TRAFFIC SIGNAL,NONE DETECTED,Yes,No Apparent Injury,N/A,UNKNOWN,MD,PASSENGER CAR,CHANGING LANES,35,No,2019,FORD,TK,39.07796467,-76.94386683,2023,11,15
230068942,Property Damage Crash,11/29/2023 02:45:00 PM,NA,NA,OTHER,Clear,NA,Daylight,NO CONTROLS,NONE DETECTED,No,No Apparent Injury,N/A,NOT DISTRACTED,MD,SCHOOL BUS,PARKED,5,No,2024,FRHT,BUS,39.035877,-77.02375767,2023,11,14
230068942,Property Damage Crash,11/29/2023 02:45:00 PM,NA,NA,OTHER,Clear,NA,Daylight,NO CONTROLS,NONE DETECTED,Yes,No Apparent Injury,N/A,NOT DISTRACTED,MD,SCHOOL BUS,NEGOTIATING A CURVE,5,No,2015,THOM,BUS,39.035877,-77.02375767,2023,11,14
230068465,Injury Crash,11/29/2023 02:20:00 PM,VEIRS MILL RD,NA,OTHER,Clear,DRY,Daylight,NO CONTROLS,NONE DETECTED,No,No Apparent Injury,N/A,NOT DISTRACTED,MD,AMBULANCE/EMERGENCY,SLOWING OR STOPPING,30,No,2019,SUBARU,OUTBACK,39.09196183,-77.06923133,2023,11,14
230068465,Injury Crash,11/29/2023 02:20:00 PM,VEIRS MILL RD,NA,OTHER,Clear,DRY,Daylight,NO CONTROLS,NONE DETECTED,No,No Apparent Injury,N/A,NOT DISTRACTED,MD,VAN,SLOWING OR STOPPING,30,No,2017,DODGE,RAM,39.09196183,-77.06923133,2023,11,14
230068465,Injury Crash,11/29/2023 02:20:00 PM,VEIRS MILL RD,NA,OTHER,Clear,DRY,Daylight,NO CONTROLS,NONE DETECTED,No,Possible Minor Injury,N/A,NOT DISTRACTED,NJ,AMBULANCE/EMERGENCY,SLOWING OR STOPPING,30,No,2023,TOYOTA,CAMRY,39.09196183,-77.06923133,2023,11,14
230068465,Injury Crash,11/29/2023 02:20:00 PM,VEIRS MILL RD,NA,OTHER,Clear,DRY,Daylight,NO CONTROLS,NONE DETECTED,Yes,No Apparent Injury,N/A,OTHER DISTRACTION,MD,"MEDIUM/HEAVY TRUCKS 3 AXLES (OVER 10,000LBS (4,536KG))",SLOWING OR STOPPING,30,No,2018,MACK,TRUCK,39.09196183,-77.06923133,2023,11,14
230068928,Property Damage Crash,11/29/2023 02:07:00 PM,NA,NA,SAME DIR REAR END,Clear,NA,Daylight,NO CONTROLS,NONE DETECTED,Yes,No Apparent Injury,N/A,LOOKED BUT DID NOT SEE,MD,(SPORT) UTILITY VEHICLE,STARTING FROM PARKED,15,No,2018,TOYOTA,RAV4,39.0231217,-77.1235842,2023,11,14
230068913,Property Damage Crash,11/29/2023 01:00:00 PM,W DIAMOND AVE,NA,SAME DIR REAR END,Clear,DRY,Daylight,NO CONTROLS,NONE DETECTED,Yes,No Apparent Injury,N/A,UNKNOWN,MD,PASSENGER CAR,SLOWING OR STOPPING,30,No,2013,FORD,CMAX,39.14246117,-77.21712383,2023,11,13
230068913,Property Damage Crash,11/29/2023 01:00:00 PM,W DIAMOND AVE,NA,SAME DIR REAR END,Clear,DRY,Daylight,NO CONTROLS,NONE DETECTED,No,No Apparent Injury,N/A,NOT DISTRACTED,MD,PASSENGER CAR,STOPPED IN TRAFFIC LANE,30,No,2012,HOND,CIVIC,39.14246117,-77.21712383,2023,11,13
230068909,Property Damage Crash,11/29/2023 12:35:00 PM,CHERRY HILL RD,NA,SAME DIR REAR END,Clear,N/A,Daylight,NO CONTROLS,NONE DETECTED,Yes,No Apparent Injury,N/A,INATTENTIVE OR LOST IN THOUGHT,MD,VAN,SLOWING OR STOPPING,35,No,2013,NISS,CG,39.05778,-76.955175,2023,11,12
230068909,Property Damage Crash,11/29/2023 12:35:00 PM,CHERRY HILL RD,NA,SAME DIR REAR END,Clear,N/A,Daylight,NO CONTROLS,NONE DETECTED,No,No Apparent Injury,N/A,UNKNOWN,NA,UNKNOWN,SLOWING OR STOPPING,35,No,0,UNKNOWN,UNKNOWN,39.05778,-76.955175,2023,11,12
230068909,Property Damage Crash,11/29/2023 12:35:00 PM,CHERRY HILL RD,NA,SAME DIR REAR END,Clear,N/A,Daylight,NO CONTROLS,NONE DETECTED,No,No Apparent Injury,N/A,NOT DISTRACTED,MD,PASSENGER CAR,SLOWING OR STOPPING,35,No,2017,SUBA,SW,39.05778,-76.955175,2023,11,12
230068895,Injury Crash,11/29/2023 11:27:00 AM,PEACH TREE RD,NA,SAME DIRECTION SIDESWIPE,Clear,DRY,Daylight,NO CONTROLS,NONE DETECTED,Yes,Possible Minor Injury,N/A,UNKNOWN,MD,PASSENGER CAR,PASSING,40,No,2022,TOYOTA,COROLLA,39.21420278,-77.35838741,2023,11,11
230068895,Injury Crash,11/29/2023 11:27:00 AM,PEACH TREE RD,NA,SAME DIRECTION SIDESWIPE,Clear,DRY,Daylight,NO CONTROLS,NONE DETECTED,No,Possible Minor Injury,N/A,NOT DISTRACTED,MD,VAN,SLOWING OR STOPPING,40,No,2023,FORD,TRANSIT,39.21420278,-77.35838741,2023,11,11