Local Case Number,ACRS Report Type,Crash Date/Time,Road Name,Related Non-Motorist,Collision Type,Weather,Surface Condition,Light,Traffic Control,Driver Substance Abuse,Driver At Fault,Injury Severity,Circumstance,Driver Distracted By,Drivers License State,Vehicle Body Type,Vehicle Movement,Speed Limit,Driverless Vehicle,Vehicle Year,Vehicle Make,Vehicle Model,Latitude,Longitude,Year,Month,Hour
230068894,Property Damage Crash,11/29/2023 11:25:00 AM,OLNEY SANDY SPRING RD,NA,STRAIGHT MOVEMENT ANGLE,Clear,DRY,Daylight,FLASHING TRAFFIC SIGNAL,NONE DETECTED,No,No Apparent Injury,N/A,NOT DISTRACTED,MD,PASSENGER CAR,MOVING CONSTANT SPEED,30,No,2005,KIA,NEW SPORTAGE,39.14974674,-77.05788602,2023,11,11
230068894,Property Damage Crash,11/29/2023 11:25:00 AM,OLNEY SANDY SPRING RD,NA,STRAIGHT MOVEMENT ANGLE,Clear,DRY,Daylight,FLASHING TRAFFIC SIGNAL,NONE DETECTED,Yes,No Apparent Injury,N/A,UNKNOWN,MD,PASSENGER CAR,MAKING LEFT TURN,30,No,2020,TOYOTA,COROLLA,39.14974674,-77.05788602,2023,11,11
230054595,Injury Crash,11/29/2023 11:10:00 AM,ASPEN HILL RD,NA,SAME DIRECTION SIDESWIPE,Clear,DRY,Daylight,N/A,NONE DETECTED,Unknown,Possible Minor Injury,N/A,UNKNOWN,MD,PASSENGER CAR,ACCELERATING,30,No,2018,TOYOTA,COROLLA,39.08045963,-77.07715067,2023,11,11
230054595,Injury Crash,11/29/2023 11:10:00 AM,ASPEN HILL RD,NA,SAME DIRECTION SIDESWIPE,Clear,DRY,Daylight,N/A,NONE DETECTED,Unknown,No Apparent Injury,N/A,NOT DISTRACTED,MD,"MEDIUM/HEAVY TRUCKS 3 AXLES (OVER 10,000LBS (4,536KG))",MAKING RIGHT TURN,30,No,2006,MACK,GARBAGE TRUCK,39.08045963,-77.07715067,2023,11,11
230068885,Property Damage Crash,11/29/2023 11:09:00 AM,SENECA CROSSING DR,NA,STRAIGHT MOVEMENT ANGLE,Cloudy,DRY,Daylight,STOP SIGN,NONE DETECTED,No,No Apparent Injury,N/A,NOT DISTRACTED,MD,(SPORT) UTILITY VEHICLE,ACCELERATING,25,No,2015,TOYOTA,RAV4,39.20345,-77.24434017,2023,11,11
230068885,Property Damage Crash,11/29/2023 11:09:00 AM,SENECA CROSSING DR,NA,STRAIGHT MOVEMENT ANGLE,Cloudy,DRY,Daylight,STOP SIGN,NONE DETECTED,Yes,No Apparent Injury,N/A,INATTENTIVE OR LOST IN THOUGHT,MD,(SPORT) UTILITY VEHICLE,MOVING CONSTANT SPEED,30,No,2019,TOYOTA,HIGHANDER,39.20345,-77.24434017,2023,11,11
230068876,Injury Crash,11/29/2023 10:16:00 AM,NA,NA,OPPOSITE DIR BOTH LEFT TURN,Clear,NA,Daylight,NO CONTROLS,NONE DETECTED,No,No Apparent Injury,N/A,NOT DISTRACTED,MD,PASSENGER CAR,BACKING,0,No,2020,SUBA,SW,39.042175,-77.15858167,2023,11,10
230068876,Injury Crash,11/29/2023 10:16:00 AM,NA,NA,OPPOSITE DIR BOTH LEFT TURN,Clear,NA,Daylight,NO CONTROLS,NONE DETECTED,Yes,Possible Minor Injury,N/A,UNKNOWN,MD,PASSENGER CAR,MOVING CONSTANT SPEED,0,No,2017,MERZ,C300,39.042175,-77.15858167,2023,11,10
230068871,Property Damage Crash,11/29/2023 10:00:00 AM,GREAT SENECA HWY,NA,OTHER,Clear,DRY,Daylight,TRAFFIC SIGNAL,NONE DETECTED,No,No Apparent Injury,N/A,LOOKED BUT DID NOT SEE,MD,PASSENGER CAR,MOVING CONSTANT SPEED,50,No,2017,LEXS,4S,39.10963937,-77.21652628,2023,11,10
230068871,Property Damage Crash,11/29/2023 10:00:00 AM,GREAT SENECA HWY,NA,OTHER,Clear,DRY,Daylight,TRAFFIC SIGNAL,NONE DETECTED,Yes,No Apparent Injury,N/A,LOOKED BUT DID NOT SEE,MD,VAN,ENTERING TRAFFIC LANE,50,No,2019,FORD,TK,39.10963937,-77.21652628,2023,11,10
230068870,Injury Crash,11/29/2023 09:30:00 AM,GIRARD ST,NA,OTHER,Clear,DRY,Daylight,NO CONTROLS,NONE DETECTED,No,No Apparent Injury,N/A,NOT DISTRACTED,MD,PASSENGER CAR,MOVING CONSTANT SPEED,25,No,2018,TOYT,SIENNA,39.14615322,-77.18491693,2023,11,9
230068870,Injury Crash,11/29/2023 09:30:00 AM,GIRARD ST,NA,OTHER,Clear,DRY,Daylight,NO CONTROLS,NONE DETECTED,Yes,No Apparent Injury,N/A,UNKNOWN,NA,NA,MOVING CONSTANT SPEED,25,No,0,UNKNOWN,UNKNOWN,39.14615322,-77.18491693,2023,11,9
230068862,Property Damage Crash,11/29/2023 09:25:00 AM,FIRSTFIELD RD,NA,OTHER,Clear,DRY,Daylight,NO CONTROLS,NONE DETECTED,Yes,No Apparent Injury,N/A,LOOKED BUT DID NOT SEE,MD,PASSENGER CAR,STARTING FROM PARKED,25,No,2012,HONDA,CIVIC,39.14165028,-77.22609728,2023,11,9
230068862,Property Damage Crash,11/29/2023 09:25:00 AM,FIRSTFIELD RD,NA,OTHER,Clear,DRY,Daylight,NO CONTROLS,NONE DETECTED,No,No Apparent Injury,N/A,NOT DISTRACTED,MD,SCHOOL BUS,MOVING CONSTANT SPEED,25,No,2017,THOM,BU,39.14165028,-77.22609728,2023,11,9
230068846,Property Damage Crash,11/29/2023 09:00:00 AM,WARING STATION RD,NA,SAME DIR REAR END,Clear,DRY,Daylight,NO CONTROLS,NONE DETECTED,No,No Apparent Injury,"N/A, VISION OBSTRUCTION (INCL. BLINDED BY SUN)",NOT DISTRACTED,DC,TRANSIT BUS,SLOWING OR STOPPING,25,No,2013,GILG,TRANSIT BUS,39.16991542,-77.24956756,2023,11,9
230068846,Property Damage Crash,11/29/2023 09:00:00 AM,WARING STATION RD,NA,SAME DIR REAR END,Clear,DRY,Daylight,NO CONTROLS,NONE DETECTED,Yes,No Apparent Injury,"N/A, VISION OBSTRUCTION (INCL. BLINDED BY SUN)",UNKNOWN,MD,PASSENGER CAR,MOVING CONSTANT SPEED,25,No,2013,FORD,FUSION,39.16991542,-77.24956756,2023,11,9
230068858,Property Damage Crash,11/29/2023 08:39:00 AM,ELMCROFT BLVD,NA,SAME DIRECTION SIDESWIPE,Clear,DRY,Daylight,N/A,NONE DETECTED,Yes,No Apparent Injury,N/A,UNKNOWN,MD,SCHOOL BUS,MOVING CONSTANT SPEED,20,No,2020,THMS,BU,39.11517178,-77.16814628,2023,11,8
230068856,Property Damage Crash,11/29/2023 08:37:00 AM,RANDOLPH RD,NA,SAME DIRECTION SIDESWIPE,Cloudy,DRY,Daylight,TRAFFIC SIGNAL,NONE DETECTED,Yes,No Apparent Injury,N/A,NOT DISTRACTED,MD,SCHOOL BUS,MAKING LEFT TURN,30,No,2016,THOMAS,PUSH-MSDE D-12,39.03440533,-77.04848383,2023,11,8
230068856,Property Damage Crash,11/29/2023 08:37:00 AM,RANDOLPH RD,NA,SAME DIRECTION SIDESWIPE,Cloudy,DRY,Daylight,TRAFFIC SIGNAL,NONE DETECTED,No,No Apparent Injury,N/A,NOT DISTRACTED,MD,PASSENGER CAR,STOPPED IN TRAFFIC LANE,30,No,2016,TESLA,TK,39.03440533,-77.04848383,2023,11,8
230068848,Property Damage Crash,11/29/2023 08:27:00 AM,PHILADELPHIA AVE,NA,OTHER,Clear,DRY,Daylight,TRAFFIC SIGNAL,NONE DETECTED,Unknown,No Apparent Injury,N/A,NOT DISTRACTED,MD,SCHOOL BUS,MAKING LEFT TURN,10,No,2016,THOM,BU,38.98324728,-77.01541586,2023,11,8
230068848,Property Damage Crash,11/29/2023 08:27:00 AM,PHILADELPHIA AVE,NA,OTHER,Clear,DRY,Daylight,TRAFFIC SIGNAL,NONE DETECTED,Unknown,No Apparent Injury,N/A,NOT DISTRACTED,MD,TRANSIT BUS,STOPPED IN TRAFFIC LANE,0,No,2011,NEW,TBU,38.98324728,-77.01541586,2023,11,8
230068850,Property Damage Crash,11/29/2023 08:20:00 AM,COLUMBIA PIKE,NA,SAME DIR REAR END,Clear,DRY,Daylight,TRAFFIC SIGNAL,NONE DETECTED,No,No Apparent Injury,N/A,NOT DISTRACTED,MD,PASSENGER CAR,STOPPED IN TRAFFIC LANE,40,No,2022,MINI,COOPER,39.09612533,-76.93753983,2023,11,8
230068850,Property Damage Crash,11/29/2023 08:20:00 AM,COLUMBIA PIKE,NA,SAME DIR REAR END,Clear,DRY,Daylight,TRAFFIC SIGNAL,NONE DETECTED,No,No Apparent Injury,N/A,NOT DISTRACTED,MD,PASSENGER CAR,MOVING CONSTANT SPEED,50,No,2015,CHEVY,TRAILBLAZER,39.09612533,-76.93753983,2023,11,8
230068850,Property Damage Crash,11/29/2023 08:20:00 AM,COLUMBIA PIKE,NA,SAME DIR REAR END,Clear,DRY,Daylight,TRAFFIC SIGNAL,NONE DETECTED,No,No Apparent Injury,N/A,NOT DISTRACTED,MD,PASSENGER CAR,STOPPED IN TRAFFIC LANE,40,No,2020,CHEVY,EQUINOX,39.09612533,-76.93753983,2023,11,8
230068850,Property Damage Crash,11/29/2023 08:20:00 AM,COLUMBIA PIKE,NA,SAME DIR REAR END,Clear,DRY,Daylight,TRAFFIC SIGNAL,NONE DETECTED,Yes,No Apparent Injury,N/A,NOT DISTRACTED,MD,PASSENGER CAR,CHANGING LANES,50,No,2015,CHRYSLER,200,39.09612533,-76.93753983,2023,11,8
230068843,Property Damage Crash,11/29/2023 07:45:00 AM,RIVER RD,NA,SAME DIR REAR END,Clear,DRY,Daylight,NO CONTROLS,NONE DETECTED,Yes,No Apparent Injury,"N/A, VISION OBSTRUCTION (INCL. BLINDED BY SUN)",UNKNOWN,MD,(SPORT) UTILITY VEHICLE,SLOWING OR STOPPING,40,No,2019,PORSCHE,MACAN,38.99666667,-77.16890833,2023,11,7
230068843,Property Damage Crash,11/29/2023 07:45:00 AM,RIVER RD,NA,SAME DIR REAR END,Clear,DRY,Daylight,NO CONTROLS,NONE DETECTED,No,No Apparent Injury,"N/A, VISION OBSTRUCTION (INCL. BLINDED BY SUN)",NOT DISTRACTED,MD,PASSENGER CAR,STOPPED IN TRAFFIC LANE,40,No,2020,TESL,SD,38.99666667,-77.16890833,2023,11,7
230068844,Property Damage Crash,11/29/2023 07:42:00 AM,WOODFIELD RD,NA,SINGLE VEHICLE,Clear,DRY,Daylight,NO CONTROLS,NONE DETECTED,Yes,No Apparent Injury,N/A,NOT DISTRACTED,MD,SCHOOL BUS,STOPPED IN TRAFFIC LANE,45,No,2023,THOMAS,CONV-EV-310TS,39.20054726,-77.15804573,2023,11,7
230068838,Property Damage Crash,11/29/2023 06:32:00 AM,NA,NA,OTHER,Clear,NA,Medium,NO CONTROLS,NONE DETECTED,No,No Apparent Injury,N/A,NOT DISTRACTED,MD,PASSENGER CAR,PARKED,0,No,2014,HOND,VN,39.00025397,-76.99502837,2023,11,6
230068838,Property Damage Crash,11/29/2023 06:32:00 AM,NA,NA,OTHER,Clear,NA,Medium,NO CONTROLS,NONE DETECTED,Yes,No Apparent Injury,N/A,LOOKED BUT DID NOT SEE,MD,(SPORT) UTILITY VEHICLE,BACKING,5,No,2018,CHEVY,TRAX,39.00025397,-76.99502837,2023,11,6
230068826,Property Damage Crash,11/28/2023 11:50:00 PM,MIDCOUNTY HWY,NA,SAME DIR REAR END,Clear,DRY,Dark,NO CONTROLS,NONE DETECTED,Yes,No Apparent Injury,N/A,NOT DISTRACTED,MD,PASSENGER CAR,MOVING CONSTANT SPEED,45,No,2018,MAZDA,4D,39.1524302,-77.1767917,2023,11,23
230068826,Property Damage Crash,11/28/2023 11:50:00 PM,MIDCOUNTY HWY,NA,SAME DIR REAR END,Clear,DRY,Dark,NO CONTROLS,NONE DETECTED,No,No Apparent Injury,N/A,NOT DISTRACTED,MD,PASSENGER CAR,SLOWING OR STOPPING,45,No,2012,HONDA,CROSSTOUR,39.1524302,-77.1767917,2023,11,23
230068823,Injury Crash,11/28/2023 11:05:00 PM,CONNECTICUT AVE,NA,SAME DIRECTION SIDESWIPE,Clear,DRY,Medium,TRAFFIC SIGNAL,NONE DETECTED,No,No Apparent Injury,N/A,NOT DISTRACTED,MD,PASSENGER CAR,MOVING CONSTANT SPEED,35,No,2017,TOYT,RAV4,39.02992217,-77.07579517,2023,11,23
230068823,Injury Crash,11/28/2023 11:05:00 PM,CONNECTICUT AVE,NA,SAME DIRECTION SIDESWIPE,Clear,DRY,Medium,TRAFFIC SIGNAL,NONE DETECTED,Yes,Possible Minor Injury,N/A,UNKNOWN,MD,PASSENGER CAR,MAKING U TURN,35,No,2011,TOYT,CAMRY,39.02992217,-77.07579517,2023,11,23
230068815,Property Damage Crash,11/28/2023 08:34:00 PM,FREDERICK RD,NA,OTHER,Clear,DRY,Medium,TRAFFIC SIGNAL,NONE DETECTED,Yes,No Apparent Injury,N/A,NOT DISTRACTED,MD,PASSENGER CAR,SLOWING OR STOPPING,35,No,2023,VOLKSWAGON,JETTA,39.11725702,-77.16897331,2023,11,20
230068803,Injury Crash,11/28/2023 07:35:00 PM,UNIVERSITY BLVD E,NA,SAME DIR REAR END,Clear,ICE,Medium,NO CONTROLS,NONE DETECTED,No,No Apparent Injury,"ICY OR SNOW-COVERED, N/A",NOT DISTRACTED,MD,PASSENGER CAR,SLOWING OR STOPPING,35,No,0,CHEVY,TRUCK,39.01358832,-77.00349584,2023,11,19
230068803,Injury Crash,11/28/2023 07:35:00 PM,UNIVERSITY BLVD E,NA,SAME DIR REAR END,Clear,ICE,Medium,NO CONTROLS,NONE DETECTED,Yes,No Apparent Injury,"ICY OR SNOW-COVERED, N/A",OTHER DISTRACTION,MD,PASSENGER CAR,MOVING CONSTANT SPEED,35,No,2006,HONDA,CIVIC,39.01358832,-77.00349584,2023,11,19
230068803,Injury Crash,11/28/2023 07:35:00 PM,UNIVERSITY BLVD E,NA,SAME DIR REAR END,Clear,ICE,Medium,NO CONTROLS,NONE DETECTED,No,No Apparent Injury,"ICY OR SNOW-COVERED, N/A",NOT DISTRACTED,MD,PASSENGER CAR,SLOWING OR STOPPING,35,No,2012,HONDA,CRV,39.01358832,-77.00349584,2023,11,19
230068803,Injury Crash,11/28/2023 07:35:00 PM,UNIVERSITY BLVD E,NA,SAME DIR REAR END,Clear,ICE,Medium,NO CONTROLS,NONE DETECTED,No,No Apparent Injury,"ICY OR SNOW-COVERED, N/A",NOT DISTRACTED,MD,PASSENGER CAR,SLOWING OR STOPPING,35,No,2016,HONDA,CRVV,39.01358832,-77.00349584,2023,11,19
230068802,Property Damage Crash,11/28/2023 07:20:00 PM,UNIVERSITY BLVD E,NA,SAME DIR REAR END,Clear,ICE,Medium,NO CONTROLS,NONE DETECTED,No,No Apparent Injury,"ICY OR SNOW-COVERED, V WIPERS|W OTHER ENVIRONMENTAL",NOT DISTRACTED,DC,PASSENGER CAR,SLOWING OR STOPPING,40,No,2006,BMW,325,39.01280136,-77.00303583,2023,11,19
230068806,Injury Crash,11/28/2023 07:20:00 PM,UNIVERSITY BLVD E,NA,SAME DIR REAR END,Clear,ICE,Medium,NO CONTROLS,NONE DETECTED,Yes,No Apparent Injury,"ICY OR SNOW-COVERED, N/A",NOT DISTRACTED,VA,VAN,MOVING CONSTANT SPEED,35,No,2021,FORD,TRANSIT 250,39.01322499,-77.00333545,2023,11,19
230068806,Injury Crash,11/28/2023 07:20:00 PM,UNIVERSITY BLVD E,NA,SAME DIR REAR END,Clear,ICE,Medium,NO CONTROLS,NONE DETECTED,No,Possible Minor Injury,"ICY OR SNOW-COVERED, N/A",NOT DISTRACTED,XX,PASSENGER CAR,MOVING CONSTANT SPEED,35,No,2020,JEEP,CHEROKEE,39.01322499,-77.00333545,2023,11,19
230068802,Property Damage Crash,11/28/2023 07:20:00 PM,UNIVERSITY BLVD E,NA,SAME DIR REAR END,Clear,ICE,Medium,NO CONTROLS,NONE DETECTED,No,No Apparent Injury,"ICY OR SNOW-COVERED, V WIPERS|W OTHER ENVIRONMENTAL",NOT DISTRACTED,MD,PASSENGER CAR,SLOWING OR STOPPING,40,No,2001,HONDA,ACCORD,39.01280136,-77.00303583,2023,11,19
230068795,Injury Crash,11/28/2023 06:45:00 PM,NORBECK RD,NA,SAME DIR REAR END,Clear,DRY,Medium,N/A,NONE DETECTED,No,No Apparent Injury,N/A,NOT DISTRACTED,MD,PASSENGER CAR,SLOWING OR STOPPING,45,No,2016,KIA,OPTIMA,39.09668717,-77.10835667,2023,11,18
230068795,Injury Crash,11/28/2023 06:45:00 PM,NORBECK RD,NA,SAME DIR REAR END,Clear,DRY,Medium,N/A,NONE DETECTED,Yes,No Apparent Injury,N/A,UNKNOWN,MD,PASSENGER CAR,UNKNOWN,45,No,2023,CHRYSLER,PACIFICA,39.09668717,-77.10835667,2023,11,18
230068795,Injury Crash,11/28/2023 06:45:00 PM,NORBECK RD,NA,SAME DIR REAR END,Clear,DRY,Medium,N/A,NONE DETECTED,No,Possible Minor Injury,N/A,NOT DISTRACTED,MD,PASSENGER CAR,SLOWING OR STOPPING,45,No,2014,FORD,ESCAPE,39.09668717,-77.10835667,2023,11,18
230068795,Injury Crash,11/28/2023 06:45:00 PM,NORBECK RD,NA,SAME DIR REAR END,Clear,DRY,Medium,N/A,NONE DETECTED,No,No Apparent Injury,N/A,NOT DISTRACTED,MD,PASSENGER CAR,SLOWING OR STOPPING,45,No,2019,CHEVROLET,4S,39.09668717,-77.10835667,2023,11,18
230068792,Injury Crash,11/28/2023 06:20:00 PM,UNIVERSITY BLVD W,NA,ANGLE MEETS LEFT TURN,Clear,DRY,Medium,NO CONTROLS,NONE DETECTED,No,Possible Minor Injury,N/A,NOT DISTRACTED,VA,PASSENGER CAR,MOVING CONSTANT SPEED,35,No,2013,HONDA,ACCORD,39.02790333,-77.02056333,2023,11,18
230068792,Injury Crash,11/28/2023 06:20:00 PM,UNIVERSITY BLVD W,NA,ANGLE MEETS LEFT TURN,Clear,DRY,Medium,NO CONTROLS,NONE DETECTED,Yes,Possible Minor Injury,N/A,LOOKED BUT DID NOT SEE,MD,PASSENGER CAR,MAKING LEFT TURN,35,No,2006,TOYOTA,COROLLA,39.02790333,-77.02056333,2023,11,18
230068789,Injury Crash,11/28/2023 06:07:00 PM,ROCKVILLE PIKE,PEDESTRIAN,OTHER,Clear,DRY,Medium,TRAFFIC SIGNAL,NONE DETECTED,No,No Apparent Injury,N/A,NOT DISTRACTED,MD,(SPORT) UTILITY VEHICLE,MAKING LEFT TURN,35,No,2014,JEEP,CHEROKEE,39.00666,-77.097365,2023,11,18
230068779,Injury Crash,11/28/2023 05:30:00 PM,N STONESTREET AVE,NA,OTHER,Clear,DRY,Medium,TRAFFIC SIGNAL,NONE DETECTED,Yes,Possible Minor Injury,N/A,LOOKED BUT DID NOT SEE,MD,PASSENGER CAR,MAKING LEFT TURN,35,No,2022,TOYOTA,COROLLA,39.08551,-77.14673833,2023,11,17
230068779,Injury Crash,11/28/2023 05:30:00 PM,N STONESTREET AVE,NA,OTHER,Clear,DRY,Medium,TRAFFIC SIGNAL,NONE DETECTED,Yes,No Apparent Injury,N/A,LOOKED BUT DID NOT SEE,MD,SNOWMOBILE,ACCELERATING,35,No,2021,CHEVROLET,BLAZER,39.08551,-77.14673833,2023,11,17
230068779,Injury Crash,11/28/2023 05:30:00 PM,N STONESTREET AVE,NA,OTHER,Clear,DRY,Medium,TRAFFIC SIGNAL,NONE DETECTED,No,No Apparent Injury,N/A,NOT DISTRACTED,MD,(SPORT) UTILITY VEHICLE,STOPPED IN TRAFFIC LANE,35,No,2010,HONDA,CRV,39.08551,-77.14673833,2023,11,17
230068756,Property Damage Crash,11/28/2023 04:21:00 PM,WASHINGTON GROVE LA,NA,OTHER,Clear,DRY,Daylight,N/A,NONE DETECTED,Yes,No Apparent Injury,N/A,UNKNOWN,MD,VAN,MOVING CONSTANT SPEED,30,No,2018,FORD,TRANSIT,39.14632167,-77.17034667,2023,11,16
230068756,Property Damage Crash,11/28/2023 04:21:00 PM,WASHINGTON GROVE LA,NA,OTHER,Clear,DRY,Daylight,N/A,NONE DETECTED,No,No Apparent Injury,N/A,NOT DISTRACTED,MD,TRANSIT BUS,OTHER,30,No,2014,GILL,BUS,39.14632167,-77.17034667,2023,11,16
230068748,Injury Crash,11/28/2023 03:39:00 PM,PARHAM RD,NA,HEAD ON,Clear,DRY,Daylight,NO CONTROLS,NONE DETECTED,Yes,Possible Minor Injury,N/A,UNKNOWN,XX,PASSENGER CAR,MOVING CONSTANT SPEED,40,No,1994,TOYT,SD,39.013796,-76.97903083,2023,11,15
230068748,Injury Crash,11/28/2023 03:39:00 PM,PARHAM RD,NA,HEAD ON,Clear,DRY,Daylight,NO CONTROLS,NONE DETECTED,Yes,No Apparent Injury,N/A,LOOKED BUT DID NOT SEE,MD,PASSENGER CAR,STOPPED IN TRAFFIC LANE,40,No,2022,HOND,SD,39.013796,-76.97903083,2023,11,15
230068748,Injury Crash,11/28/2023 03:39:00 PM,PARHAM RD,NA,HEAD ON,Clear,DRY,Daylight,NO CONTROLS,NONE DETECTED,No,Possible Minor Injury,N/A,NOT DISTRACTED,MD,PASSENGER CAR,MOVING CONSTANT SPEED,15,No,2005,ACC,MDX,39.013796,-76.97903083,2023,11,15
230068811,Property Damage Crash,11/28/2023 03:30:00 PM,NEW HAMPSHIRE AVE,NA,SAME DIR REAR END,Clear,DRY,Daylight,TRAFFIC SIGNAL,NONE DETECTED,No,No Apparent Injury,N/A,NOT DISTRACTED,MD,PASSENGER CAR,STOPPED IN TRAFFIC LANE,40,No,2022,HOND,SD,39.02259335,-76.97786752,2023,11,15
230068811,Property Damage Crash,11/28/2023 03:30:00 PM,NEW HAMPSHIRE AVE,NA,SAME DIR REAR END,Clear,DRY,Daylight,TRAFFIC SIGNAL,NONE DETECTED,Yes,No Apparent Injury,N/A,UNKNOWN,XX,PASSENGER CAR,SLOWING OR STOPPING,40,No,1994,TOYT,SD,39.02259335,-76.97786752,2023,11,15
230068737,Injury Crash,11/28/2023 02:10:00 PM,SHADY GROVE RD,NA,SAME DIR REAR END,Clear,DRY,Daylight,TRAFFIC SIGNAL,NONE DETECTED,Yes,No Apparent Injury,N/A,UNKNOWN,MD,PASSENGER CAR,SLOWING OR STOPPING,30,No,2003,TOYT,SEDAN,39.109893,-77.18811167,2023,11,14
230068737,Injury Crash,11/28/2023 02:10:00 PM,SHADY GROVE RD,NA,SAME DIR REAR END,Clear,DRY,Daylight,TRAFFIC SIGNAL,NONE DETECTED,No,Possible Minor Injury,N/A,NOT DISTRACTED,MD,PASSENGER CAR,STOPPED IN TRAFFIC LANE,30,No,2021,MAZDA,SUV,39.109893,-77.18811167,2023,11,14
230078728,Injury Crash,11/28/2023 02:00:00 PM,NA,NA,OTHER,Cloudy,NA,Daylight,NO CONTROLS,NONE DETECTED,Yes,No Apparent Injury,N/A,UNKNOWN,MD,PASSENGER CAR,BACKING,0,No,2017,NISS,CG,39.14087815,-77.22991375,2023,11,14
230078728,Injury Crash,11/28/2023 02:00:00 PM,NA,NA,OTHER,Cloudy,NA,Daylight,NO CONTROLS,NONE DETECTED,No,Possible Minor Injury,N/A,NOT DISTRACTED,MD,PASSENGER CAR,SLOWING OR STOPPING,0,No,2006,HONDA,SD,39.14087815,-77.22991375,2023,11,14
230068712,Property Damage Crash,11/28/2023 01:14:00 PM,SPENCERVILLE RD,NA,STRAIGHT MOVEMENT ANGLE,Clear,DRY,Daylight,STOP SIGN,NONE DETECTED,No,No Apparent Injury,N/A,NOT DISTRACTED,MD,PASSENGER CAR,MOVING CONSTANT SPEED,25,No,2017,HYUNDAI,ACCENT,39.1107449,-76.9335761,2023,11,13
230068712,Property Damage Crash,11/28/2023 01:14:00 PM,SPENCERVILLE RD,NA,STRAIGHT MOVEMENT ANGLE,Clear,DRY,Daylight,STOP SIGN,NONE DETECTED,Yes,No Apparent Injury,N/A,LOOKED BUT DID NOT SEE,MD,PASSENGER CAR,MAKING RIGHT TURN,25,No,2012,HYUNDAI,ELANTRA,39.1107449,-76.9335761,2023,11,13
230068706,Injury Crash,11/28/2023 12:37:00 PM,GERMANTOWN RD,NA,SAME DIRECTION RIGHT TURN,Clear,DRY,Daylight,N/A,NONE DETECTED,No,Possible Minor Injury,N/A,NOT DISTRACTED,MD,AMBULANCE/EMERGENCY,MAKING LEFT TURN,45,No,2014,CHRYSLER,TOWN AND COUNTRY,39.18798667,-77.252155,2023,11,12
230068706,Injury Crash,11/28/2023 12:37:00 PM,GERMANTOWN RD,NA,SAME DIRECTION RIGHT TURN,Clear,DRY,Daylight,N/A,NONE DETECTED,Yes,No Apparent Injury,N/A,NOT DISTRACTED,MD,(SPORT) UTILITY VEHICLE,CHANGING LANES,45,No,2020,LEXUS,RX,39.18798667,-77.252155,2023,11,12
230068703,Property Damage Crash,11/28/2023 12:31:00 PM,EISENHOWER MEMORIAL HWY,NA,SINGLE VEHICLE,Cloudy,DRY,Daylight,NO CONTROLS,NONE DETECTED,Yes,No Apparent Injury,N/A,NOT DISTRACTED,DC,PASSENGER CAR,MOVING CONSTANT SPEED,55,No,2021,HONDA,HRV,39.030745,-77.12719167,2023,11,12
230068708,Property Damage Crash,11/28/2023 12:30:00 PM,WESTLAKE TERR,NA,STRAIGHT MOVEMENT ANGLE,Clear,DRY,Daylight,NO CONTROLS,NONE DETECTED,Yes,No Apparent Injury,N/A,NOT DISTRACTED,VA,PASSENGER CAR,MOVING CONSTANT SPEED,35,No,2012,FORD,E350,39.02668,-77.14565,2023,11,12
230068708,Property Damage Crash,11/28/2023 12:30:00 PM,WESTLAKE TERR,NA,STRAIGHT MOVEMENT ANGLE,Clear,DRY,Daylight,NO CONTROLS,NONE DETECTED,No,No Apparent Injury,N/A,NOT DISTRACTED,MD,PASSENGER CAR,MOVING CONSTANT SPEED,35,No,2023,MERCEDES,GLA250,39.02668,-77.14565,2023,11,12
230068677,Property Damage Crash,11/28/2023 10:42:00 AM,ROCKVILLE PIKE,BICYCLIST,STRAIGHT MOVEMENT ANGLE,Clear,DRY,Daylight,N/A,NONE DETECTED,Yes,No Apparent Injury,N/A,UNKNOWN,XX,PASSENGER CAR,MAKING RIGHT TURN,0,No,2000,TOYT,SD,39.07178998,-77.13258698,2023,11,10
230068662,Injury Crash,11/28/2023 09:15:00 AM,SHADY GROVE RD,NA,SAME DIRECTION SIDESWIPE,Clear,DRY,Daylight,N/A,NONE DETECTED,Yes,Possible Minor Injury,N/A,LOOKED BUT DID NOT SEE,MD,PASSENGER CAR,CHANGING LANES,35,No,2023,TOYT,CAMRY,39.139965,-77.15241667,2023,11,9
230068662,Injury Crash,11/28/2023 09:15:00 AM,SHADY GROVE RD,NA,SAME DIRECTION SIDESWIPE,Clear,DRY,Daylight,N/A,NONE DETECTED,No,No Apparent Injury,N/A,NOT DISTRACTED,MD,PASSENGER CAR,MOVING CONSTANT SPEED,35,No,2022,NISS,VERSA,39.139965,-77.15241667,2023,11,9
230068653,Property Damage Crash,11/28/2023 08:20:00 AM,UNIVERSITY BLVD W,NA,SAME DIRECTION RIGHT TURN,Clear,DRY,Daylight,NO CONTROLS,NONE DETECTED,No,No Apparent Injury,N/A,NOT DISTRACTED,MD,PASSENGER CAR,MOVING CONSTANT SPEED,35,No,2006,ACURA,MDX,39.02088459,-77.01353034,2023,11,8
230068653,Property Damage Crash,11/28/2023 08:20:00 AM,UNIVERSITY BLVD W,NA,SAME DIRECTION RIGHT TURN,Clear,DRY,Daylight,NO CONTROLS,NONE DETECTED,Yes,No Apparent Injury,N/A,DISTRACTED BY OUTSIDE PERSON OBJECT OR EVENT,MD,PASSENGER CAR,MAKING RIGHT TURN,35,No,2012,HONDA,CIVIC,39.02088459,-77.01353034,2023,11,8
230068650,Property Damage Crash,11/28/2023 08:15:00 AM,RANDOLPH RD,NA,SAME DIR REAR END,Clear,DRY,Daylight,NO CONTROLS,NONE DETECTED,No,No Apparent Injury,N/A,NOT DISTRACTED,MD,SCHOOL BUS,MAKING RIGHT TURN,35,No,2019,FRHT,BUS,39.05935617,-77.058608,2023,11,8
230068650,Property Damage Crash,11/28/2023 08:15:00 AM,RANDOLPH RD,NA,SAME DIR REAR END,Clear,DRY,Daylight,NO CONTROLS,NONE DETECTED,Yes,No Apparent Injury,N/A,INATTENTIVE OR LOST IN THOUGHT,MD,PASSENGER CAR,MOVING CONSTANT SPEED,35,No,2005,TOYOTA,HIGHLANDER,39.05935617,-77.058608,2023,11,8
230068649,Property Damage Crash,11/28/2023 08:12:00 AM,ROCKVILLE PIKE,NA,STRAIGHT MOVEMENT ANGLE,Cloudy,DRY,Daylight,NO CONTROLS,NONE DETECTED,Yes,No Apparent Injury,N/A,LOOKED BUT DID NOT SEE,MD,PASSENGER CAR,MAKING LEFT TURN,35,No,2010,HONDA,CIVIC,39.02604583,-77.10343083,2023,11,8
230068649,Property Damage Crash,11/28/2023 08:12:00 AM,ROCKVILLE PIKE,NA,STRAIGHT MOVEMENT ANGLE,Cloudy,DRY,Daylight,NO CONTROLS,NONE DETECTED,No,No Apparent Injury,N/A,NOT DISTRACTED,MD,(SPORT) UTILITY VEHICLE,SLOWING OR STOPPING,35,No,2013,MAZDA,CX5,39.02604583,-77.10343083,2023,11,8
230068637,Property Damage Crash,11/28/2023 07:18:00 AM,FREDERICK RD,NA,HEAD ON LEFT TURN,Clear,DRY,Medium,NO CONTROLS,NONE DETECTED,Yes,No Apparent Injury,"BACKUP DUE TO REGULAR CONGESTION, VISION OBSTRUCTION (INCL. BLINDED BY SUN)",LOOKED BUT DID NOT SEE,XX,PASSENGER CAR,MAKING LEFT TURN,45,No,2008,NISSAN,ALTIMA,39.206674,-77.24675617,2023,11,7