Local Case Number,ACRS Report Type,Crash Date/Time,Road Name,Related Non-Motorist,Collision Type,Weather,Surface Condition,Light,Traffic Control,Driver Substance Abuse,Driver At Fault,Injury Severity,Circumstance,Driver Distracted By,Drivers License State,Vehicle Body Type,Vehicle Movement,Speed Limit,Driverless Vehicle,Vehicle Year,Vehicle Make,Vehicle Model,Latitude,Longitude,Year,Month,Hour
230068637,Property Damage Crash,11/28/2023 07:18:00 AM,FREDERICK RD,NA,HEAD ON LEFT TURN,Clear,DRY,Medium,NO CONTROLS,NONE DETECTED,No,No Apparent Injury,"BACKUP DUE TO REGULAR CONGESTION, VISION OBSTRUCTION (INCL. BLINDED BY SUN)",NOT DISTRACTED,MD,(SPORT) UTILITY VEHICLE,MOVING CONSTANT SPEED,45,No,2015,SUBARU,CROSSTREK,39.206674,-77.24675617,2023,11,7
230068638,Property Damage Crash,11/28/2023 06:30:00 AM,NA,NA,OTHER,Cloudy,NA,Medium,NO CONTROLS,NONE DETECTED,No,No Apparent Injury,N/A,NOT DISTRACTED,MD,PASSENGER CAR,SLOWING OR STOPPING,25,No,2006,INFI,SEDAN,39.13763183,-77.2073,2023,11,6
230068638,Property Damage Crash,11/28/2023 06:30:00 AM,NA,NA,OTHER,Cloudy,NA,Medium,NO CONTROLS,NONE DETECTED,Yes,No Apparent Injury,N/A,UNKNOWN,NA,PASSENGER CAR,SLOWING OR STOPPING,25,No,2017,HYUN,SONATA,39.13763183,-77.2073,2023,11,6
230068614,Injury Crash,11/27/2023 09:51:00 PM,COLUMBIA PIKE,NA,HEAD ON LEFT TURN,Clear,DRY,Medium,TRAFFIC SIGNAL,NONE DETECTED,Yes,No Apparent Injury,N/A,UNKNOWN,NA,PASSENGER CAR,MOVING CONSTANT SPEED,40,No,2023,NISSAN,ALTIMA,39.03391733,-77.0023845,2023,11,21
230068614,Injury Crash,11/27/2023 09:51:00 PM,COLUMBIA PIKE,NA,HEAD ON LEFT TURN,Clear,DRY,Medium,TRAFFIC SIGNAL,NONE DETECTED,No,Possible Minor Injury,N/A,NOT DISTRACTED,MD,PASSENGER CAR,MAKING LEFT TURN,40,No,2009,HONDA,FIT,39.03391733,-77.0023845,2023,11,21
230068618,Property Damage Crash,11/27/2023 09:35:00 PM,ARBUTUS AVE,NA,HEAD ON LEFT TURN,Clear,DRY,Medium,NO CONTROLS,NONE DETECTED,Yes,No Apparent Injury,N/A,INATTENTIVE OR LOST IN THOUGHT,NY,PASSENGER CAR,MOVING CONSTANT SPEED,25,No,2008,HOND,SD,39.06897933,-77.09823983,2023,11,21
230068611,Property Damage Crash,11/27/2023 09:14:00 PM,GERMANTOWN RD,NA,SINGLE VEHICLE,Clear,DRY,Medium,N/A,NONE DETECTED,Yes,No Apparent Injury,N/A,UNKNOWN,MD,(SPORT) UTILITY VEHICLE,MAKING RIGHT TURN,40,No,2017,ACURA,RDX,39.19216667,-77.24315,2023,11,21
230068607,Property Damage Crash,11/27/2023 08:35:00 PM,NEW HAMPSHIRE AVE,NA,SAME DIRECTION SIDESWIPE,Clear,DRY,Medium,NO CONTROLS,NONE DETECTED,No,No Apparent Injury,N/A,NOT DISTRACTED,MD,PASSENGER CAR,MOVING CONSTANT SPEED,45,No,2013,DODGE,4S,39.07539934,-77.00173278,2023,11,20
230068607,Property Damage Crash,11/27/2023 08:35:00 PM,NEW HAMPSHIRE AVE,NA,SAME DIRECTION SIDESWIPE,Clear,DRY,Medium,NO CONTROLS,NONE DETECTED,Yes,No Apparent Injury,N/A,UNKNOWN,NA,PASSENGER CAR,CHANGING LANES,45,No,2019,TOYT,CHR,39.07539934,-77.00173278,2023,11,20
230068602,Property Damage Crash,11/27/2023 08:10:00 PM,UNIVERSITY BLVD E,NA,SAME DIRECTION RIGHT TURN,Clear,DRY,Medium,TRAFFIC SIGNAL,NONE DETECTED,Yes,No Apparent Injury,N/A,UNKNOWN,NA,NA,MAKING RIGHT TURN,40,No,0,UNKNOWN,UNKNOWN,39.0204629,-77.01417418,2023,11,20
230068602,Property Damage Crash,11/27/2023 08:10:00 PM,UNIVERSITY BLVD E,NA,SAME DIRECTION RIGHT TURN,Clear,DRY,Medium,TRAFFIC SIGNAL,NONE DETECTED,No,No Apparent Injury,N/A,NOT DISTRACTED,DC,TRANSIT BUS,STARTING FROM LANE,40,No,2016,TBU,BUS,39.0204629,-77.01417418,2023,11,20
230068590,Property Damage Crash,11/27/2023 06:48:00 PM,NA,NA,SINGLE VEHICLE,Clear,NA,Dark,NO CONTROLS,NONE DETECTED,Yes,No Apparent Injury,N/A,NOT DISTRACTED,MD,PASSENGER CAR,MOVING CONSTANT SPEED,25,No,2010,JEEP,WRANGLER,39.27629867,-77.21182033,2023,11,18
230068591,Property Damage Crash,11/27/2023 06:45:00 PM,DICKERSON RD,NA,SINGLE VEHICLE,Clear,DRY,Medium,N/A,NONE DETECTED,No,No Apparent Injury,"ANIMAL, N/A",NOT DISTRACTED,MD,POLICE VEHICLE/NON EMERGENCY,SLOWING OR STOPPING,30,No,2014,DODG,CHARGER,39.22016982,-77.42434208,2023,11,18
230068589,Injury Crash,11/27/2023 06:44:00 PM,GERMANTOWN RD,NA,STRAIGHT MOVEMENT ANGLE,Clear,DRY,Medium,TRAFFIC SIGNAL,NONE DETECTED,Yes,Possible Minor Injury,N/A,LOOKED BUT DID NOT SEE,MD,PASSENGER CAR,MAKING LEFT TURN,40,No,2001,HOND,4S,39.19099667,-77.247475,2023,11,18
230068589,Injury Crash,11/27/2023 06:44:00 PM,GERMANTOWN RD,NA,STRAIGHT MOVEMENT ANGLE,Clear,DRY,Medium,TRAFFIC SIGNAL,NONE DETECTED,No,No Apparent Injury,N/A,NOT DISTRACTED,MD,PASSENGER CAR,MOVING CONSTANT SPEED,40,No,2015,HOD,4S,39.19099667,-77.247475,2023,11,18
230068588,Property Damage Crash,11/27/2023 06:39:00 PM,NEW HAMPSHIRE AVE,NA,SAME DIR REAR END,Clear,DRY,Medium,N/A,NONE DETECTED,Yes,No Apparent Injury,N/A,INATTENTIVE OR LOST IN THOUGHT,MD,TRANSIT BUS,STARTING FROM LANE,35,No,2009,GILLIG,LOW FLOOR,38.986975,-76.98798,2023,11,18
230068588,Property Damage Crash,11/27/2023 06:39:00 PM,NEW HAMPSHIRE AVE,NA,SAME DIR REAR END,Clear,DRY,Medium,N/A,NONE DETECTED,No,No Apparent Injury,N/A,NOT DISTRACTED,MD,PASSENGER CAR,STARTING FROM LANE,35,No,2014,CHRYSLER,TOWN & COUNTRY,38.986975,-76.98798,2023,11,18
230068582,Property Damage Crash,11/27/2023 05:47:00 PM,COLESVILLE RD,NA,SAME DIRECTION LEFT TURN,Clear,DRY,Medium,N/A,NONE DETECTED,Yes,No Apparent Injury,N/A,UNKNOWN,NA,PICKUP TRUCK,CHANGING LANES,30,No,2020,TOYOTA,TACOMA,38.99609406,-77.02804435,2023,11,17
230068582,Property Damage Crash,11/27/2023 05:47:00 PM,COLESVILLE RD,NA,SAME DIRECTION LEFT TURN,Clear,DRY,Medium,N/A,NONE DETECTED,No,No Apparent Injury,N/A,NOT DISTRACTED,NH,PASSENGER CAR,MOVING CONSTANT SPEED,30,No,2018,SUBARU,OUTBACK,38.99609406,-77.02804435,2023,11,17
230068578,Injury Crash,11/27/2023 05:42:00 PM,NA,PEDESTRIAN,OTHER,Clear,NA,Medium,N/A,NONE DETECTED,Yes,No Apparent Injury,N/A,UNKNOWN,NA,PASSENGER CAR,MAKING LEFT TURN,15,No,2008,TOYOTA,SOLARA,38.98653167,-77.09835333,2023,11,17
230068569,Property Damage Crash,11/27/2023 05:30:00 PM,DARNESTOWN RD,NA,SAME DIR REAR END,Clear,DRY,Medium,N/A,NONE DETECTED,No,No Apparent Injury,N/A,NOT DISTRACTED,MD,PICKUP TRUCK,STOPPED IN TRAFFIC LANE,40,No,2017,FORD,F350,39.11723933,-77.25056333,2023,11,17
230068569,Property Damage Crash,11/27/2023 05:30:00 PM,DARNESTOWN RD,NA,SAME DIR REAR END,Clear,DRY,Medium,N/A,NONE DETECTED,Yes,No Apparent Injury,N/A,UNKNOWN,MD,(SPORT) UTILITY VEHICLE,SLOWING OR STOPPING,40,No,2020,CHEV,TRAX,39.11723933,-77.25056333,2023,11,17
230068573,Property Damage Crash,11/27/2023 05:22:00 PM,FENTON ST,NA,SAME DIRECTION SIDESWIPE,Clear,DRY,Medium,TRAFFIC SIGNAL,NONE DETECTED,Yes,No Apparent Injury,N/A,UNKNOWN,NA,(SPORT) UTILITY VEHICLE,ACCELERATING,30,No,2023,GMC,YUKON XL,38.9919974,-77.0239989,2023,11,17
230068573,Property Damage Crash,11/27/2023 05:22:00 PM,FENTON ST,NA,SAME DIRECTION SIDESWIPE,Clear,DRY,Medium,TRAFFIC SIGNAL,NONE DETECTED,No,No Apparent Injury,N/A,NOT DISTRACTED,MD,(SPORT) UTILITY VEHICLE,SLOWING OR STOPPING,30,No,2019,MAZDA,CX5,38.9919974,-77.0239989,2023,11,17
230067971,Injury Crash,11/27/2023 05:01:00 PM,CONNECTICUT AVE,NA,SAME DIRECTION LEFT TURN,Clear,DRY,Medium,TRAFFIC SIGNAL,NONE DETECTED,No,No Apparent Injury,N/A,NOT DISTRACTED,MD,PASSENGER CAR,MOVING CONSTANT SPEED,25,No,2013,SUBA,SD2024,39.05729954,-77.07320493,2023,11,17
230067971,Injury Crash,11/27/2023 05:01:00 PM,CONNECTICUT AVE,NA,SAME DIRECTION LEFT TURN,Clear,DRY,Medium,TRAFFIC SIGNAL,NONE DETECTED,Yes,Possible Minor Injury,N/A,NOT DISTRACTED,MD,PASSENGER CAR,MAKING LEFT TURN,25,No,2011,BUICK,ENCLAVE,39.05729954,-77.07320493,2023,11,17
230068564,Property Damage Crash,11/27/2023 04:55:00 PM,CLAY ST,NA,OTHER,Clear,DRY,Medium,N/A,NONE DETECTED,Yes,No Apparent Injury,N/A,LOOKED BUT DID NOT SEE,MD,OTHER,MAKING LEFT TURN,15,No,2013,THMS,BUS,39.05741307,-77.06796019,2023,11,16
230068554,Property Damage Crash,11/27/2023 03:38:00 PM,NA,NA,OTHER,Clear,NA,Daylight,NO CONTROLS,NONE DETECTED,No,No Apparent Injury,N/A,NOT DISTRACTED,MD,"OTHER LIGHT TRUCKS (10,000LBS (4,536KG) OR LESS)",PARKED,0,No,2017,FORD,TK,39.16100167,-77.159435,2023,11,15
230068545,Property Damage Crash,11/27/2023 03:38:00 PM,N SUMMIT AVE,NA,SAME DIR REAR END,Clear,DRY,Daylight,N/A,NONE DETECTED,No,No Apparent Injury,N/A,NOT DISTRACTED,MD,PASSENGER CAR,STOPPED IN TRAFFIC LANE,35,No,2010,SUBA,WG,39.14327833,-77.19304,2023,11,15
230068545,Property Damage Crash,11/27/2023 03:38:00 PM,N SUMMIT AVE,NA,SAME DIR REAR END,Clear,DRY,Daylight,N/A,NONE DETECTED,Yes,No Apparent Injury,N/A,UNKNOWN,MD,PASSENGER CAR,SLOWING OR STOPPING,35,No,2011,TOYOTA,COROLLA,39.14327833,-77.19304,2023,11,15
230068554,Property Damage Crash,11/27/2023 03:38:00 PM,NA,NA,OTHER,Clear,NA,Daylight,NO CONTROLS,NONE DETECTED,Yes,No Apparent Injury,N/A,UNKNOWN,NA,NA,BACKING,0,No,0,UNKNOWN,UNKNOWN,39.16100167,-77.159435,2023,11,15
230068608,Property Damage Crash,11/27/2023 03:00:00 PM,MASSACHUSETTS AVE,NA,SAME DIRECTION LEFT TURN,Clear,N/A,Daylight,N/A,NONE DETECTED,Yes,No Apparent Injury,N/A,UNKNOWN,NA,PASSENGER CAR,CHANGING LANES,35,No,2013,NISSAN,ROGUE,38.95894785,-77.11138304,2023,11,15
230068608,Property Damage Crash,11/27/2023 03:00:00 PM,MASSACHUSETTS AVE,NA,SAME DIRECTION LEFT TURN,Clear,N/A,Daylight,N/A,NONE DETECTED,No,No Apparent Injury,N/A,NOT DISTRACTED,MD,PASSENGER CAR,MOVING CONSTANT SPEED,35,No,2023,TOYOTA,COROLLA,38.95894785,-77.11138304,2023,11,15
230068522,Property Damage Crash,11/27/2023 01:50:00 PM,ST LAWRENCE DR,NA,HEAD ON,Clear,DRY,Daylight,NO CONTROLS,NONE DETECTED,Yes,No Apparent Injury,N/A,UNKNOWN,MD,"CARGO VAN/LIGHT TRUCK 2 AXLES (OVER 10,000LBS (4,536 KG))",MOVING CONSTANT SPEED,20,No,2014,MACK,ST,39.02250521,-77.00118838,2023,11,13
230068517,Property Damage Crash,11/27/2023 12:44:00 PM,PORTER RD,NA,OTHER,Clear,DRY,Daylight,NO CONTROLS,NONE DETECTED,Yes,No Apparent Injury,N/A,NOT DISTRACTED,MD,SCHOOL BUS,BACKING,25,No,2014,THOM,BU,39.000205,-77.04456667,2023,11,12
230068497,Injury Crash,11/27/2023 11:06:00 AM,BRIGGS CHANEY RD,NA,STRAIGHT MOVEMENT ANGLE,Clear,DRY,Daylight,TRAFFIC SIGNAL,NONE DETECTED,Yes,No Apparent Injury,N/A,BY OTHER OCCUPANTS,MD,PASSENGER CAR,STARTING FROM LANE,35,No,2022,MERZ,GLC 300,39.08278549,-76.94836199,2023,11,11
230068497,Injury Crash,11/27/2023 11:06:00 AM,BRIGGS CHANEY RD,NA,STRAIGHT MOVEMENT ANGLE,Clear,DRY,Daylight,TRAFFIC SIGNAL,NONE DETECTED,No,Suspected Serious Injury,N/A,NOT DISTRACTED,MD,PASSENGER CAR,MAKING LEFT TURN,35,No,2017,TOYOTA,CAMRY,39.08278549,-76.94836199,2023,11,11
230068791,Property Damage Crash,11/27/2023 10:47:00 AM,MONTROSE AVE,NA,STRAIGHT MOVEMENT ANGLE,Clear,DRY,Daylight,NO CONTROLS,NONE DETECTED,Yes,No Apparent Injury,N/A,NOT DISTRACTED,MD,PASSENGER CAR,MAKING LEFT TURN,25,No,2012,TOYOTA,PRUS,39.03013699,-77.09487731,2023,11,10
230068482,Property Damage Crash,11/27/2023 09:51:00 AM,FLEMING AVE,NA,SAME DIRECTION SIDESWIPE,Cloudy,DRY,Daylight,NO CONTROLS,NONE DETECTED,No,No Apparent Injury,N/A,NOT DISTRACTED,DC,PASSENGER CAR,MOVING CONSTANT SPEED,25,No,2015,SUBARU,FORESTER,39.02054833,-77.11181333,2023,11,9
230068482,Property Damage Crash,11/27/2023 09:51:00 AM,FLEMING AVE,NA,SAME DIRECTION SIDESWIPE,Cloudy,DRY,Daylight,NO CONTROLS,NONE DETECTED,Yes,No Apparent Injury,N/A,NOT DISTRACTED,MD,PASSENGER CAR,CHANGING LANES,25,No,2001,CHRY,SEBRING,39.02054833,-77.11181333,2023,11,9
230068474,Injury Crash,11/27/2023 09:30:00 AM,CONNECTICUT AVE,NA,SAME DIR REAR END,Clear,DRY,Daylight,NO CONTROLS,NONE DETECTED,No,Possible Minor Injury,N/A,NOT DISTRACTED,MD,PASSENGER CAR,STOPPED IN TRAFFIC LANE,30,No,2023,VOLK,UT,38.98399667,-77.077215,2023,11,9
230068476,Property Damage Crash,11/27/2023 09:30:00 AM,POPLAR RUN DR,NA,SINGLE VEHICLE,Clear,WET,Daylight,NO CONTROLS,NONE DETECTED,Yes,No Apparent Injury,"N/A, WET",NOT DISTRACTED,MD,PASSENGER CAR,MOVING CONSTANT SPEED,30,No,2007,HOND,4S,39.07769333,-77.03949167,2023,11,9
230068474,Injury Crash,11/27/2023 09:30:00 AM,CONNECTICUT AVE,NA,SAME DIR REAR END,Clear,DRY,Daylight,NO CONTROLS,NONE DETECTED,Yes,No Apparent Injury,N/A,NOT DISTRACTED,MD,PICKUP TRUCK,SLOWING OR STOPPING,30,No,2013,FORD,PK,38.98399667,-77.077215,2023,11,9
230068474,Injury Crash,11/27/2023 09:30:00 AM,CONNECTICUT AVE,NA,SAME DIR REAR END,Clear,DRY,Daylight,NO CONTROLS,NONE DETECTED,No,No Apparent Injury,N/A,NOT DISTRACTED,WA,PASSENGER CAR,STOPPED IN TRAFFIC LANE,30,No,2012,TOYT,SD,38.98399667,-77.077215,2023,11,9
230068473,Property Damage Crash,11/27/2023 09:28:00 AM,RESEARCH BLVD,NA,SAME DIR REAR END,Clear,DRY,Daylight,N/A,NONE DETECTED,No,No Apparent Injury,N/A,NOT DISTRACTED,MD,PASSENGER CAR,MAKING LEFT TURN,30,No,2020,HOND,SD,39.09150293,-77.17864587,2023,11,9
230068473,Property Damage Crash,11/27/2023 09:28:00 AM,RESEARCH BLVD,NA,SAME DIR REAR END,Clear,DRY,Daylight,N/A,NONE DETECTED,Yes,No Apparent Injury,N/A,UNKNOWN,VA,PASSENGER CAR,MOVING CONSTANT SPEED,30,No,2011,BMW,535I,39.09150293,-77.17864587,2023,11,9
230068458,Property Damage Crash,11/27/2023 07:50:00 AM,ASHLEIGH GREENE RD,NA,SAME DIR REAR END,Clear,WET,Daylight,NO CONTROLS,NONE DETECTED,Yes,No Apparent Injury,"VISION OBSTRUCTION (INCL. BLINDED BY SUN), WET",DISTRACTED BY OUTSIDE PERSON OBJECT OR EVENT,MD,PASSENGER CAR,MOVING CONSTANT SPEED,25,No,2018,NISS,UT,39.16015283,-77.29961117,2023,11,7
230068460,Property Damage Crash,11/27/2023 07:34:00 AM,CLOPPER RD,NA,SAME DIR REAR END,Clear,WET,Daylight,TRAFFIC SIGNAL,NONE DETECTED,No,No Apparent Injury,"N/A, WET",NOT DISTRACTED,MD,PASSENGER CAR,STOPPED IN TRAFFIC LANE,35,No,2019,FORD,ESCAPE,39.16543047,-77.28881941,2023,11,7
230068460,Property Damage Crash,11/27/2023 07:34:00 AM,CLOPPER RD,NA,SAME DIR REAR END,Clear,WET,Daylight,TRAFFIC SIGNAL,NONE DETECTED,No,No Apparent Injury,"N/A, WET",NOT DISTRACTED,MD,PASSENGER CAR,SLOWING OR STOPPING,35,No,2023,KIA,RIO,39.16543047,-77.28881941,2023,11,7
230068460,Property Damage Crash,11/27/2023 07:34:00 AM,CLOPPER RD,NA,SAME DIR REAR END,Clear,WET,Daylight,TRAFFIC SIGNAL,NONE DETECTED,Yes,No Apparent Injury,"N/A, WET",NOT DISTRACTED,MD,PASSENGER CAR,MOVING CONSTANT SPEED,35,No,2017,NISSAN,SENTRA,39.16543047,-77.28881941,2023,11,7
230068457,Injury Crash,11/27/2023 07:33:00 AM,GREAT SENECA HWY,NA,SAME DIR REAR END,Clear,WET,Daylight,NO CONTROLS,NONE DETECTED,No,Possible Minor Injury,"N/A, WET",NOT DISTRACTED,MD,PASSENGER CAR,STOPPED IN TRAFFIC LANE,35,No,2018,CHEVY,MALIBU,39.148978,-77.276696,2023,11,7
230068457,Injury Crash,11/27/2023 07:33:00 AM,GREAT SENECA HWY,NA,SAME DIR REAR END,Clear,WET,Daylight,NO CONTROLS,NONE DETECTED,No,No Apparent Injury,"N/A, WET",NOT DISTRACTED,VA,TRUCK TRACTOR,STOPPED IN TRAFFIC LANE,35,No,2021,INT,TR,39.148978,-77.276696,2023,11,7
230068457,Injury Crash,11/27/2023 07:33:00 AM,GREAT SENECA HWY,NA,SAME DIR REAR END,Clear,WET,Daylight,NO CONTROLS,NONE DETECTED,Yes,No Apparent Injury,"N/A, WET",LOOKED BUT DID NOT SEE,MD,PASSENGER CAR,MOVING CONSTANT SPEED,35,No,2004,AUDI,A6,39.148978,-77.276696,2023,11,7
230068453,Property Damage Crash,11/27/2023 07:20:00 AM,COLESVILLE RD,NA,SAME DIR REAR END,Clear,WET,Daylight,NO CONTROLS,NONE DETECTED,Yes,No Apparent Injury,"BACKUP DUE TO PRIOR CRASH, N/A",DISTRACTED BY OUTSIDE PERSON OBJECT OR EVENT,DC,PASSENGER CAR,SLOWING OR STOPPING,40,No,2001,TOYOTA,TACOMA,39.028095,-77.00904167,2023,11,7
230068453,Property Damage Crash,11/27/2023 07:20:00 AM,COLESVILLE RD,NA,SAME DIR REAR END,Clear,WET,Daylight,NO CONTROLS,NONE DETECTED,Yes,No Apparent Injury,"BACKUP DUE TO PRIOR CRASH, N/A",DISTRACTED BY OUTSIDE PERSON OBJECT OR EVENT,MD,PASSENGER CAR,CHANGING LANES,40,No,2009,HOND,FIT,39.028095,-77.00904167,2023,11,7
230068453,Property Damage Crash,11/27/2023 07:20:00 AM,COLESVILLE RD,NA,SAME DIR REAR END,Clear,WET,Daylight,NO CONTROLS,NONE DETECTED,No,No Apparent Injury,"BACKUP DUE TO PRIOR CRASH, N/A",DISTRACTED BY OUTSIDE PERSON OBJECT OR EVENT,MD,PASSENGER CAR,CHANGING LANES,40,No,2018,AUDI,Q3,39.028095,-77.00904167,2023,11,7
230068455,Property Damage Crash,11/27/2023 07:10:00 AM,COLESVILLE RD,NA,SAME DIRECTION SIDESWIPE,Clear,WET,Daylight,NO CONTROLS,NONE DETECTED,Yes,No Apparent Injury,"N/A, WET",NOT DISTRACTED,TX,PASSENGER CAR,CHANGING LANES,40,No,2021,JEEP,GRAND CHEROKEE,39.0279949,-77.00908668,2023,11,7
230068455,Property Damage Crash,11/27/2023 07:10:00 AM,COLESVILLE RD,NA,SAME DIRECTION SIDESWIPE,Clear,WET,Daylight,NO CONTROLS,NONE DETECTED,No,No Apparent Injury,"N/A, WET",NOT DISTRACTED,NJ,TRUCK TRACTOR,MOVING CONSTANT SPEED,40,No,2021,FREIGHTLINER,CASCADIA,39.0279949,-77.00908668,2023,11,7
230068447,Injury Crash,11/27/2023 06:50:00 AM,CONNECTICUT AVE,NA,HEAD ON LEFT TURN,Clear,DRY,Medium,TRAFFIC SIGNAL,NONE DETECTED,No,Possible Minor Injury,N/A,UNKNOWN,MD,PASSENGER CAR,MOVING CONSTANT SPEED,30,No,2020,TOYOTA,RAV4,39.02962533,-77.07601283,2023,11,6
230068447,Injury Crash,11/27/2023 06:50:00 AM,CONNECTICUT AVE,NA,HEAD ON LEFT TURN,Clear,DRY,Medium,TRAFFIC SIGNAL,NONE DETECTED,Yes,No Apparent Injury,N/A,NOT DISTRACTED,MD,PASSENGER CAR,MAKING LEFT TURN,5,No,2006,ACURA,4DR,39.02962533,-77.07601283,2023,11,6
230068444,Injury Crash,11/27/2023 06:10:00 AM,E RANDOLPH RD,NA,HEAD ON,Cloudy,WET,Medium,NO CONTROLS,NONE DETECTED,No,No Apparent Injury,"N/A, WET",NOT DISTRACTED,MD,PASSENGER CAR,MOVING CONSTANT SPEED,30,No,2017,NISSAN,MAXIMA,39.06556533,-76.97675467,2023,11,6
230068444,Injury Crash,11/27/2023 06:10:00 AM,E RANDOLPH RD,NA,HEAD ON,Cloudy,WET,Medium,NO CONTROLS,NONE DETECTED,No,Possible Minor Injury,"N/A, WET",NOT DISTRACTED,MD,PASSENGER CAR,MOVING CONSTANT SPEED,30,No,2006,VOLVO,XC70,39.06556533,-76.97675467,2023,11,6
230068444,Injury Crash,11/27/2023 06:10:00 AM,E RANDOLPH RD,NA,HEAD ON,Cloudy,WET,Medium,NO CONTROLS,NONE DETECTED,Yes,Possible Minor Injury,"N/A, WET",NOT DISTRACTED,MD,PASSENGER CAR,MOVING CONSTANT SPEED,30,No,2007,NISSAN,SENTRA,39.06556533,-76.97675467,2023,11,6
230068441,Property Damage Crash,11/27/2023 05:31:00 AM,MONTGOMERY VILLAGE AVE,NA,STRAIGHT MOVEMENT ANGLE,Clear,WET,Medium,FLASHING TRAFFIC SIGNAL,NONE DETECTED,Yes,No Apparent Injury,"N/A, WET",NOT DISTRACTED,MD,PASSENGER CAR,MOVING CONSTANT SPEED,35,No,2013,FORD,FIESTA,39.1581645,-77.2039825,2023,11,5
230068441,Property Damage Crash,11/27/2023 05:31:00 AM,MONTGOMERY VILLAGE AVE,NA,STRAIGHT MOVEMENT ANGLE,Clear,WET,Medium,FLASHING TRAFFIC SIGNAL,NONE DETECTED,No,No Apparent Injury,"N/A, WET",NOT DISTRACTED,MD,(SPORT) UTILITY VEHICLE,MOVING CONSTANT SPEED,35,No,2022,FORD,BRONCO SPORT,39.1581645,-77.2039825,2023,11,5
230068437,Property Damage Crash,11/27/2023 03:35:00 AM,MONTROSE PKWY,NA,SINGLE VEHICLE,Clear,WET,Medium,NO CONTROLS,NONE DETECTED,Yes,No Apparent Injury,"N/A, WET",NOT DISTRACTED,MD,PASSENGER CAR,MOVING CONSTANT SPEED,40,No,1995,MERZ,SD,39.05160967,-77.134469,2023,11,3
230068438,Property Damage Crash,11/27/2023 03:04:00 AM,MCDONALD CHAPEL DR,NA,SINGLE VEHICLE,Clear,WET,Medium,NO CONTROLS,ALCOHOL PRESENT,Yes,No Apparent Injury,"N/A, WET",NOT DISTRACTED,MD,PASSENGER CAR,MOVING CONSTANT SPEED,20,No,2017,CHEVY,COLORADO,39.12439,-77.25867,2023,11,3
230068434,Property Damage Crash,11/27/2023 12:54:00 AM,7000 CARROLL AVE,NA,SINGLE VEHICLE,Rain,WET,Medium,NO CONTROLS,NONE DETECTED,Yes,No Apparent Injury,"N/A, WET",UNKNOWN,XX,MOTORCYCLE,MOVING CONSTANT SPEED,25,No,2015,HONDA,CB500F,38.97531,-77.00971667,2023,11,0
230068431,Property Damage Crash,11/26/2023 11:35:00 PM,MONTROSE PKWY,NA,SINGLE VEHICLE,Clear,WET,Medium,NO CONTROLS,ALCOHOL PRESENT,Yes,No Apparent Injury,"N/A, WET",NOT DISTRACTED,MD,PASSENGER CAR,MOVING CONSTANT SPEED,40,No,2022,LEXUS,LC500,39.05158758,-77.134208,2023,11,23
230068425,Property Damage Crash,11/26/2023 11:21:00 PM,MAPLE AVE,NA,OTHER,Clear,WET,Medium,NO CONTROLS,NONE DETECTED,Yes,No Apparent Injury,N/A,UNKNOWN,MD,FIRE VEHICLE/NON EMERGENCY,MOVING CONSTANT SPEED,15,No,2019,PIRC,TK,38.97748433,-77.08454383,2023,11,23
230068408,Property Damage Crash,11/26/2023 07:43:00 PM,SNOWDEN FARM PKWY,NA,SINGLE VEHICLE,Rain,WET,Medium,NO CONTROLS,NONE DETECTED,Yes,No Apparent Injury,"RAIN, SNOW, WET",UNKNOWN,MD,PASSENGER CAR,MOVING CONSTANT SPEED,40,No,2020,CHEVROLET,TRAVERSE,39.22583667,-77.24729883,2023,11,19
230068395,Property Damage Crash,11/26/2023 06:38:00 PM,ROCKVILLE PIKE,NA,SAME DIR REAR END,Rain,WET,Medium,TRAFFIC SIGNAL,NONE DETECTED,No,No Apparent Injury,"RAIN, SNOW, WET",NOT DISTRACTED,DC,PASSENGER CAR,STOPPED IN TRAFFIC LANE,45,No,2014,HONDA,ACCORD,39.02466833,-77.103325,2023,11,18
230068395,Property Damage Crash,11/26/2023 06:38:00 PM,ROCKVILLE PIKE,NA,SAME DIR REAR END,Rain,WET,Medium,TRAFFIC SIGNAL,NONE DETECTED,Yes,No Apparent Injury,"RAIN, SNOW, WET",LOOKED BUT DID NOT SEE,MD,(SPORT) UTILITY VEHICLE,SLOWING OR STOPPING,45,No,2004,LANDROVER,DISCOVERY,39.02466833,-77.103325,2023,11,18
230068395,Property Damage Crash,11/26/2023 06:38:00 PM,ROCKVILLE PIKE,NA,SAME DIR REAR END,Rain,WET,Medium,TRAFFIC SIGNAL,NONE DETECTED,No,No Apparent Injury,"RAIN, SNOW, WET",NOT DISTRACTED,NA,UNKNOWN,STOPPED IN TRAFFIC LANE,45,No,0,UNKNOWN,UNKNOWN,39.02466833,-77.103325,2023,11,18
230068389,Property Damage Crash,11/26/2023 05:40:00 PM,N WESTLAND DR,NA,HEAD ON LEFT TURN,Rain,WET,Medium,N/A,NONE DETECTED,No,No Apparent Injury,"RAIN, SNOW, WET",NOT DISTRACTED,MD,PASSENGER CAR,MOVING CONSTANT SPEED,25,No,2020,HOND,UT,39.12829077,-77.1845121,2023,11,17
230068389,Property Damage Crash,11/26/2023 05:40:00 PM,N WESTLAND DR,NA,HEAD ON LEFT TURN,Rain,WET,Medium,N/A,NONE DETECTED,Yes,No Apparent Injury,"RAIN, SNOW, WET",NOT DISTRACTED,MD,PASSENGER CAR,MAKING LEFT TURN,25,No,2017,TOYT,SD,39.12829077,-77.1845121,2023,11,17
230068384,Injury Crash,11/26/2023 05:23:00 PM,GEORGIA AVE,NA,HEAD ON LEFT TURN,Rain,WET,Medium,TRAFFIC SIGNAL,NONE DETECTED,No,No Apparent Injury,"RAIN, SNOW, WET",NOT DISTRACTED,MD,PASSENGER CAR,STARTING FROM LANE,40,No,2015,DODGE,JOURNEY,39.10969567,-77.07590017,2023,11,17
230068384,Injury Crash,11/26/2023 05:23:00 PM,GEORGIA AVE,NA,HEAD ON LEFT TURN,Rain,WET,Medium,TRAFFIC SIGNAL,NONE DETECTED,Yes,No Apparent Injury,"RAIN, SNOW, WET",LOOKED BUT DID NOT SEE,VA,"CARGO VAN/LIGHT TRUCK 2 AXLES (OVER 10,000LBS (4,536 KG))",MAKING LEFT TURN,35,No,2010,FORD,ECONOLINE TRUCK,39.10969567,-77.07590017,2023,11,17
230068386,Property Damage Crash,11/26/2023 05:22:00 PM,SNOWDEN FARM PKWY,NA,SAME DIRECTION SIDESWIPE,Rain,WET,Medium,NO CONTROLS,NONE DETECTED,Yes,No Apparent Injury,"RAIN, SNOW, WET",UNKNOWN,MD,PASSENGER CAR,MOVING CONSTANT SPEED,40,No,2014,NISSAN,4S,39.22994657,-77.2527684,2023,11,17