Local Case Number,ACRS Report Type,Crash Date/Time,Road Name,Related Non-Motorist,Collision Type,Weather,Surface Condition,Light,Traffic Control,Driver Substance Abuse,Driver At Fault,Injury Severity,Circumstance,Driver Distracted By,Drivers License State,Vehicle Body Type,Vehicle Movement,Speed Limit,Driverless Vehicle,Vehicle Year,Vehicle Make,Vehicle Model,Latitude,Longitude,Year,Month,Hour
230067634,Injury Crash,11/21/2023 02:31:00 PM,COLUMBIA PIKE,NA,SAME DIR REAR END,Rain,WET,Daylight,TRAFFIC SIGNAL,NONE DETECTED,No,No Apparent Injury,"RAIN, SNOW, WET",NOT DISTRACTED,MD,PASSENGER CAR,STOPPED IN TRAFFIC LANE,45,No,2018,HYUNDAI,SONATA,39.0410895,-76.995773,2023,11,14
230067652,Property Damage Crash,11/21/2023 02:20:00 PM,FALLS RD,NA,SAME DIRECTION SIDESWIPE,Rain,WET,Daylight,TRAFFIC SIGNAL,NONE DETECTED,No,No Apparent Injury,N/A,NOT DISTRACTED,MD,(SPORT) UTILITY VEHICLE,MOVING CONSTANT SPEED,35,No,2021,FORD,EXPLORER,39.07030433,-77.169263,2023,11,14
230067652,Property Damage Crash,11/21/2023 02:20:00 PM,FALLS RD,NA,SAME DIRECTION SIDESWIPE,Rain,WET,Daylight,TRAFFIC SIGNAL,NONE DETECTED,Yes,No Apparent Injury,N/A,NOT DISTRACTED,MD,"CARGO VAN/LIGHT TRUCK 2 AXLES (OVER 10,000LBS (4,536 KG))",CHANGING LANES,35,No,2015,FORD,ECONOLINE,39.07030433,-77.169263,2023,11,14
230067631,Injury Crash,11/21/2023 02:15:00 PM,OMEGA DR,NA,SAME DIR REAR END,Rain,WET,Daylight,TRAFFIC SIGNAL,NONE DETECTED,Yes,Possible Minor Injury,"RAIN, SNOW, WET",UNKNOWN,MD,PASSENGER CAR,SLOWING OR STOPPING,35,No,2015,HONDA,CR-V,39.10716667,-77.19506333,2023,11,14
230067631,Injury Crash,11/21/2023 02:15:00 PM,OMEGA DR,NA,SAME DIR REAR END,Rain,WET,Daylight,TRAFFIC SIGNAL,NONE DETECTED,No,Possible Minor Injury,"RAIN, SNOW, WET",NOT DISTRACTED,MD,PASSENGER CAR,STOPPED IN TRAFFIC LANE,35,No,2005,HONDA,CR-V,39.10716667,-77.19506333,2023,11,14
230067626,Property Damage Crash,11/21/2023 01:55:00 PM,EISENHOWER MEMORIAL HWY,NA,SAME DIR REAR END,Rain,WET,Daylight,N/A,NONE DETECTED,Yes,No Apparent Injury,"RAIN, SNOW, WET",UNKNOWN,VA,POLICE VEHICLE/NON EMERGENCY,SLOWING OR STOPPING,55,No,2000,BENTLEY,ARNAGE,39.155305,-77.22376833,2023,11,13
230067626,Property Damage Crash,11/21/2023 01:55:00 PM,EISENHOWER MEMORIAL HWY,NA,SAME DIR REAR END,Rain,WET,Daylight,N/A,NONE DETECTED,No,No Apparent Injury,"RAIN, SNOW, WET",NOT DISTRACTED,MD,PASSENGER CAR,SLOWING OR STOPPING,55,No,2022,TESLA,HB,39.155305,-77.22376833,2023,11,13
230067619,Injury Crash,11/21/2023 01:22:00 PM,EISENHOWER MEMORIAL HWY,NA,SAME DIR REAR END,Rain,WET,Daylight,NO CONTROLS,NONE DETECTED,No,Possible Minor Injury,"DEBRIS OR OBSTRUCTION, RAIN, SNOW, WET",NOT DISTRACTED,MD,PASSENGER CAR,SLOWING OR STOPPING,55,No,2018,CHEVY,EQUINOX,39.03095433,-77.1281095,2023,11,13
230067619,Injury Crash,11/21/2023 01:22:00 PM,EISENHOWER MEMORIAL HWY,NA,SAME DIR REAR END,Rain,WET,Daylight,NO CONTROLS,NONE DETECTED,Yes,Possible Minor Injury,"DEBRIS OR OBSTRUCTION, RAIN, SNOW, WET",NOT DISTRACTED,MD,PASSENGER CAR,MOVING CONSTANT SPEED,55,No,2020,JEEP,RENEGADE,39.03095433,-77.1281095,2023,11,13
230067619,Injury Crash,11/21/2023 01:22:00 PM,EISENHOWER MEMORIAL HWY,NA,SAME DIR REAR END,Rain,WET,Daylight,NO CONTROLS,NONE DETECTED,No,No Apparent Injury,"DEBRIS OR OBSTRUCTION, RAIN, SNOW, WET",NOT DISTRACTED,MD,"OTHER LIGHT TRUCKS (10,000LBS (4,536KG) OR LESS)",MOVING CONSTANT SPEED,55,No,2023,FREIGHTLINER,TRUCK,39.03095433,-77.1281095,2023,11,13
230067614,Injury Crash,11/21/2023 01:05:00 PM,MONTGOMERY VILLAGE AVE,NA,SAME DIR REAR END,Rain,WET,Daylight,TRAFFIC SIGNAL,NONE DETECTED,No,Possible Minor Injury,"RAIN, SNOW, WET",NOT DISTRACTED,VA,PASSENGER CAR,SLOWING OR STOPPING,35,No,2021,MERZ,BENZ,39.1568387,-77.20573412,2023,11,13
230067614,Injury Crash,11/21/2023 01:05:00 PM,MONTGOMERY VILLAGE AVE,NA,SAME DIR REAR END,Rain,WET,Daylight,TRAFFIC SIGNAL,NONE DETECTED,Yes,No Apparent Injury,"RAIN, SNOW, WET",NOT DISTRACTED,MD,PASSENGER CAR,SLOWING OR STOPPING,35,No,2013,ACURA,TK,39.1568387,-77.20573412,2023,11,13
230067611,Injury Crash,11/21/2023 12:50:00 PM,SHADY GROVE RD,NA,STRAIGHT MOVEMENT ANGLE,Rain,WET,Daylight,TRAFFIC SIGNAL,NONE DETECTED,No,Possible Minor Injury,"N/A, RAIN, SNOW",NOT DISTRACTED,MD,PASSENGER CAR,MAKING LEFT TURN,30,No,2019,JEEP,GRAND CHEROKEE,39.11179383,-77.187093,2023,11,12
230067611,Injury Crash,11/21/2023 12:50:00 PM,SHADY GROVE RD,NA,STRAIGHT MOVEMENT ANGLE,Rain,WET,Daylight,TRAFFIC SIGNAL,NONE DETECTED,Yes,No Apparent Injury,"N/A, RAIN, SNOW",UNKNOWN,MD,"CARGO VAN/LIGHT TRUCK 2 AXLES (OVER 10,000LBS (4,536 KG))",MOVING CONSTANT SPEED,30,No,2014,FRHT,BOX TRUCK,39.11179383,-77.187093,2023,11,12
230067612,Injury Crash,11/21/2023 12:45:00 PM,SNOUFFER SCHOOL RD,NA,SAME DIR REAR END,Rain,WET,Daylight,OTHER,NONE DETECTED,Yes,No Apparent Injury,"RAIN, SNOW, WET",NOT DISTRACTED,MD,(SPORT) UTILITY VEHICLE,MOVING CONSTANT SPEED,35,No,2010,TOYT,UT,39.16435483,-77.167212,2023,11,12
230067612,Injury Crash,11/21/2023 12:45:00 PM,SNOUFFER SCHOOL RD,NA,SAME DIR REAR END,Rain,WET,Daylight,OTHER,NONE DETECTED,No,Possible Minor Injury,"RAIN, SNOW, WET",NOT DISTRACTED,MD,(SPORT) UTILITY VEHICLE,SLOWING OR STOPPING,35,No,2021,FORD,MUSTANG,39.16435483,-77.167212,2023,11,12
230067605,Property Damage Crash,11/21/2023 12:00:00 PM,NA,NA,STRAIGHT MOVEMENT ANGLE,Rain,NA,Daylight,STOP SIGN,NONE DETECTED,No,No Apparent Injury,"RAIN, SNOW, WET",NOT DISTRACTED,MD,PASSENGER CAR,STOPPED IN TRAFFIC LANE,15,No,2016,HYUN,SW,39.0594776,-77.0502388,2023,11,12
230067605,Property Damage Crash,11/21/2023 12:00:00 PM,NA,NA,STRAIGHT MOVEMENT ANGLE,Rain,NA,Daylight,STOP SIGN,NONE DETECTED,Yes,No Apparent Injury,"RAIN, SNOW, WET",NOT DISTRACTED,MD,PASSENGER CAR,SKIDDING,15,No,2010,HONDA,4S,39.0594776,-77.0502388,2023,11,12
230067577,Injury Crash,11/21/2023 10:05:00 AM,BUREAU DR,NA,SAME DIR REAR END,Rain,WET,Daylight,TRAFFIC SIGNAL,NONE DETECTED,No,Possible Minor Injury,"RAIN, SNOW, WET",NOT DISTRACTED,MD,PASSENGER CAR,STOPPED IN TRAFFIC LANE,25,No,2019,KIA,4S,39.1422018,-77.21747183,2023,11,10
230067577,Injury Crash,11/21/2023 10:05:00 AM,BUREAU DR,NA,SAME DIR REAR END,Rain,WET,Daylight,TRAFFIC SIGNAL,NONE DETECTED,No,No Apparent Injury,"RAIN, SNOW, WET",NOT DISTRACTED,MD,PASSENGER CAR,STOPPED IN TRAFFIC LANE,25,No,2014,HYUN,TK,39.1422018,-77.21747183,2023,11,10
230067577,Injury Crash,11/21/2023 10:05:00 AM,BUREAU DR,NA,SAME DIR REAR END,Rain,WET,Daylight,TRAFFIC SIGNAL,NONE DETECTED,Yes,No Apparent Injury,"RAIN, SNOW, WET",UNKNOWN,MD,PASSENGER CAR,MOVING CONSTANT SPEED,25,No,2015,AUDI,SD,39.1422018,-77.21747183,2023,11,10
230067579,Property Damage Crash,11/21/2023 10:04:00 AM,VEIRS MILL RD,NA,SAME DIR REAR END,Rain,WET,Daylight,TRAFFIC SIGNAL,NONE DETECTED,No,No Apparent Injury,"RAIN, SNOW, WET",NOT DISTRACTED,MD,PASSENGER CAR,SLOWING OR STOPPING,35,No,2023,TOYOTA,RAV4,39.06317333,-77.094555,2023,11,10
230067579,Property Damage Crash,11/21/2023 10:04:00 AM,VEIRS MILL RD,NA,SAME DIR REAR END,Rain,WET,Daylight,TRAFFIC SIGNAL,NONE DETECTED,Yes,No Apparent Injury,"RAIN, SNOW, WET",NOT DISTRACTED,MD,PASSENGER CAR,SLOWING OR STOPPING,35,No,2003,MAZDA,PROTEGE,39.06317333,-77.094555,2023,11,10
230067576,Injury Crash,11/21/2023 09:36:00 AM,RIVER RD,NA,SAME DIRECTION LEFT TURN,Rain,WET,Daylight,TRAFFIC SIGNAL,NONE DETECTED,No,No Apparent Injury,"RAIN, SNOW, WET",NOT DISTRACTED,MD,"MEDIUM/HEAVY TRUCKS 3 AXLES (OVER 10,000LBS (4,536KG))",MOVING CONSTANT SPEED,35,No,2019,CHEVY,DUMP TRUCK,38.985178,-77.14158317,2023,11,9
230067576,Injury Crash,11/21/2023 09:36:00 AM,RIVER RD,NA,SAME DIRECTION LEFT TURN,Rain,WET,Daylight,TRAFFIC SIGNAL,NONE DETECTED,Yes,Possible Minor Injury,"RAIN, SNOW, WET",LOOKED BUT DID NOT SEE,MD,PASSENGER CAR,CHANGING LANES,35,No,2006,TOYT,COROLLA,38.985178,-77.14158317,2023,11,9
230067570,Injury Crash,11/21/2023 09:15:00 AM,MEADOWBROOK LA,NA,SINGLE VEHICLE,Rain,WET,Daylight,NO CONTROLS,NONE DETECTED,Yes,No Apparent Injury,N/A,DISTRACTED BY OUTSIDE PERSON OBJECT OR EVENT,MD,"MEDIUM/HEAVY TRUCKS 3 AXLES (OVER 10,000LBS (4,536KG))",BACKING,15,No,2018,MACK,TRASH,39.03021167,-77.076175,2023,11,9
230067558,Injury Crash,11/21/2023 08:49:00 AM,EAST WEST HWY,NA,HEAD ON LEFT TURN,Rain,WET,Daylight,N/A,NONE DETECTED,Yes,No Apparent Injury,"N/A, RAIN, SNOW",LOOKED BUT DID NOT SEE,MD,PASSENGER CAR,MAKING LEFT TURN,30,No,2014,SUBA,UT,38.99234167,-77.03097167,2023,11,8
230067558,Injury Crash,11/21/2023 08:49:00 AM,EAST WEST HWY,NA,HEAD ON LEFT TURN,Rain,WET,Daylight,N/A,NONE DETECTED,No,Possible Minor Injury,"N/A, RAIN, SNOW",NOT DISTRACTED,MD,PASSENGER CAR,MOVING CONSTANT SPEED,30,No,2021,NISSAN,ALTIMA,38.99234167,-77.03097167,2023,11,8
230067560,Property Damage Crash,11/21/2023 08:40:00 AM,NORBECK RD,NA,SAME DIR REAR END,Rain,WET,Daylight,NO CONTROLS,NONE DETECTED,Yes,No Apparent Injury,"N/A, WET",NOT DISTRACTED,MD,PASSENGER CAR,MOVING CONSTANT SPEED,45,No,1998,YTOYOTA,COROLLA,39.0920285,-77.12504167,2023,11,8
230067560,Property Damage Crash,11/21/2023 08:40:00 AM,NORBECK RD,NA,SAME DIR REAR END,Rain,WET,Daylight,NO CONTROLS,NONE DETECTED,No,No Apparent Injury,"N/A, WET",NOT DISTRACTED,MD,PASSENGER CAR,STOPPED IN TRAFFIC LANE,45,No,2014,FORD,UT,39.0920285,-77.12504167,2023,11,8
230067559,Property Damage Crash,11/21/2023 08:35:00 AM,MIDDLEBROOK RD,NA,SAME DIR BOTH LEFT TURN,Rain,WET,Medium,TRAFFIC SIGNAL,NONE DETECTED,Yes,No Apparent Injury,"RAIN, SNOW, WET",NOT DISTRACTED,MD,SCHOOL BUS,MAKING LEFT TURN,50,No,2017,THOMAS,PUSHER,39.17513,-77.26139667,2023,11,8
230067559,Property Damage Crash,11/21/2023 08:35:00 AM,MIDDLEBROOK RD,NA,SAME DIR BOTH LEFT TURN,Rain,WET,Medium,TRAFFIC SIGNAL,NONE DETECTED,No,No Apparent Injury,"RAIN, SNOW, WET",NOT DISTRACTED,MD,PASSENGER CAR,MAKING LEFT TURN,50,No,2023,HYUNDAI,SONATA,39.17513,-77.26139667,2023,11,8
230067557,Property Damage Crash,11/21/2023 08:00:00 AM,BRINK RD,NA,OTHER,Rain,WET,Daylight,N/A,NONE DETECTED,No,No Apparent Injury,"SLEET, HAIL, FREEZ. RAIN, WET",NOT DISTRACTED,MD,PASSENGER CAR,MOVING CONSTANT SPEED,25,No,2018,CHRYSLER,300,39.20748433,-77.22736582,2023,11,8
230067557,Property Damage Crash,11/21/2023 08:00:00 AM,BRINK RD,NA,OTHER,Rain,WET,Daylight,N/A,NONE DETECTED,No,No Apparent Injury,"SLEET, HAIL, FREEZ. RAIN, WET",NOT DISTRACTED,MD,(SPORT) UTILITY VEHICLE,MOVING CONSTANT SPEED,25,No,2004,TOYOTA,HIGHLANDER,39.20748433,-77.22736582,2023,11,8
230067557,Property Damage Crash,11/21/2023 08:00:00 AM,BRINK RD,NA,OTHER,Rain,WET,Daylight,N/A,NONE DETECTED,Yes,No Apparent Injury,"SLEET, HAIL, FREEZ. RAIN, WET",NOT DISTRACTED,MD,OTHER,MOVING CONSTANT SPEED,25,No,2021,FORD,F450,39.20748433,-77.22736582,2023,11,8
230067551,Injury Crash,11/21/2023 07:57:00 AM,WISTERIA DR,NA,SAME DIRECTION LEFT TURN,Rain,WET,Daylight,N/A,NONE DETECTED,No,No Apparent Injury,"RAIN, SNOW, WET",NOT DISTRACTED,MD,VAN,MOVING CONSTANT SPEED,25,No,2003,GMC,2500 SAVANA,39.17998333,-77.28457833,2023,11,7
230067551,Injury Crash,11/21/2023 07:57:00 AM,WISTERIA DR,NA,SAME DIRECTION LEFT TURN,Rain,WET,Daylight,N/A,NONE DETECTED,Yes,Possible Minor Injury,"RAIN, SNOW, WET",LOOKED BUT DID NOT SEE,MD,PASSENGER CAR,MAKING U TURN,25,No,2022,MAZD,3,39.17998333,-77.28457833,2023,11,7
230067540,Property Damage Crash,11/21/2023 06:01:00 AM,MONTGOMERY VILLAGE AVE,NA,HEAD ON LEFT TURN,Clear,DRY,Medium,TRAFFIC SIGNAL,NONE DETECTED,No,No Apparent Injury,N/A,NOT DISTRACTED,MD,PASSENGER CAR,MOVING CONSTANT SPEED,35,No,2017,FORD,EXPLORER,39.15435005,-77.20935145,2023,11,6
230067540,Property Damage Crash,11/21/2023 06:01:00 AM,MONTGOMERY VILLAGE AVE,NA,HEAD ON LEFT TURN,Clear,DRY,Medium,TRAFFIC SIGNAL,NONE DETECTED,Yes,No Apparent Injury,N/A,UNKNOWN,MD,PASSENGER CAR,MAKING LEFT TURN,35,No,2002,HONDA,CIVIC,39.15435005,-77.20935145,2023,11,6
230067539,Property Damage Crash,11/21/2023 05:51:00 AM,NEW HAMPSHIRE AVE,NA,HEAD ON LEFT TURN,Clear,DRY,Medium,NO CONTROLS,NONE DETECTED,Yes,No Apparent Injury,N/A,NOT DISTRACTED,MD,PICKUP TRUCK,MAKING LEFT TURN,40,No,2015,RAM,3500,39.07708483,-77.001845,2023,11,5
230067539,Property Damage Crash,11/21/2023 05:51:00 AM,NEW HAMPSHIRE AVE,NA,HEAD ON LEFT TURN,Clear,DRY,Medium,NO CONTROLS,NONE DETECTED,No,No Apparent Injury,N/A,NOT DISTRACTED,MD,PASSENGER CAR,MOVING CONSTANT SPEED,40,No,2018,HYUNDAI,TUCSON,39.07708483,-77.001845,2023,11,5
230067531,Injury Crash,11/21/2023 12:40:00 AM,UNIVERSITY BLVD W,NA,STRAIGHT MOVEMENT ANGLE,Clear,DRY,Medium,FLASHING TRAFFIC SIGNAL,NONE DETECTED,Yes,Possible Minor Injury,N/A,NOT DISTRACTED,MD,PASSENGER CAR,ACCELERATING,25,No,2016,HONDA,CIVIC,39.04115933,-77.0531865,2023,11,0
230067531,Injury Crash,11/21/2023 12:40:00 AM,UNIVERSITY BLVD W,NA,STRAIGHT MOVEMENT ANGLE,Clear,DRY,Medium,FLASHING TRAFFIC SIGNAL,NONE DETECTED,No,Possible Minor Injury,N/A,NOT DISTRACTED,MD,VAN,MOVING CONSTANT SPEED,35,No,2005,HONDA,ODYSSEY,39.04115933,-77.0531865,2023,11,0
230067530,Injury Crash,11/21/2023 12:37:00 AM,CLOPPER RD,NA,STRAIGHT MOVEMENT ANGLE,Clear,N/A,Medium,FLASHING TRAFFIC SIGNAL,NONE DETECTED,No,No Apparent Injury,N/A,NOT DISTRACTED,MD,PASSENGER CAR,MOVING CONSTANT SPEED,35,No,2022,HOND,SD,39.14356923,-77.2236572,2023,11,0
230067530,Injury Crash,11/21/2023 12:37:00 AM,CLOPPER RD,NA,STRAIGHT MOVEMENT ANGLE,Clear,N/A,Medium,FLASHING TRAFFIC SIGNAL,NONE DETECTED,Yes,Possible Minor Injury,N/A,LOOKED BUT DID NOT SEE,MD,PASSENGER CAR,ACCELERATING,35,No,2018,HOND,SW,39.14356923,-77.2236572,2023,11,0
230067522,Property Damage Crash,11/20/2023 10:37:00 PM,CLOPPER RD,NA,HEAD ON,Clear,DRY,Medium,TRAFFIC SIGNAL,NONE DETECTED,Yes,No Apparent Injury,N/A,UNKNOWN,XX,(SPORT) UTILITY VEHICLE,MAKING LEFT TURN,30,No,2021,FORD,EDGE,39.15927133,-77.2755785,2023,11,22
230067522,Property Damage Crash,11/20/2023 10:37:00 PM,CLOPPER RD,NA,HEAD ON,Clear,DRY,Medium,TRAFFIC SIGNAL,NONE DETECTED,No,No Apparent Injury,N/A,NOT DISTRACTED,MD,PASSENGER CAR,MOVING CONSTANT SPEED,30,No,2021,TOYOTA,CAMRY,39.15927133,-77.2755785,2023,11,22
230067520,Injury Crash,11/20/2023 09:39:00 PM,NA,NA,SINGLE VEHICLE,Clear,NA,Medium,N/A,NONE DETECTED,Yes,Possible Minor Injury,N/A,UNKNOWN,MD,(SPORT) UTILITY VEHICLE,BACKING,0,No,2016,HOND,PILOT,39.06234467,-77.27525883,2023,11,21
230067512,Injury Crash,11/20/2023 08:35:00 PM,GERMANTOWN RD,NA,SINGLE VEHICLE,Clear,DRY,Dark,NO CONTROLS,NONE DETECTED,Yes,Possible Minor Injury,N/A,NOT DISTRACTED,MD,(SPORT) UTILITY VEHICLE,MOVING CONSTANT SPEED,40,No,2015,MERZ,UT,39.14444264,-77.29285022,2023,11,20
230067503,Property Damage Crash,11/20/2023 07:44:00 PM,NA,NA,STRAIGHT MOVEMENT ANGLE,Clear,NA,Medium,STOP SIGN,NONE DETECTED,No,No Apparent Injury,N/A,NOT DISTRACTED,MD,PASSENGER CAR,MOVING CONSTANT SPEED,0,No,2009,BMW,CN,39.1800035,-77.2662765,2023,11,19
230067503,Property Damage Crash,11/20/2023 07:44:00 PM,NA,NA,STRAIGHT MOVEMENT ANGLE,Clear,NA,Medium,STOP SIGN,NONE DETECTED,Yes,No Apparent Injury,N/A,UNKNOWN,NA,PASSENGER CAR,MOVING CONSTANT SPEED,0,No,2020,NISSIAN,4D,39.1800035,-77.2662765,2023,11,19
230067492,Property Damage Crash,11/20/2023 06:38:00 PM,FREDERICK RD,NA,STRAIGHT MOVEMENT ANGLE,Clear,DRY,Medium,TRAFFIC SIGNAL,NONE DETECTED,Yes,No Apparent Injury,N/A,INATTENTIVE OR LOST IN THOUGHT,MD,(SPORT) UTILITY VEHICLE,MOVING CONSTANT SPEED,40,No,2012,AUDI,Q5,39.16138733,-77.22257217,2023,11,18
230067492,Property Damage Crash,11/20/2023 06:38:00 PM,FREDERICK RD,NA,STRAIGHT MOVEMENT ANGLE,Clear,DRY,Medium,TRAFFIC SIGNAL,NONE DETECTED,No,No Apparent Injury,N/A,NOT DISTRACTED,MD,PASSENGER CAR,MAKING LEFT TURN,30,No,2024,KIA,K5,39.16138733,-77.22257217,2023,11,18
230067489,Property Damage Crash,11/20/2023 06:19:00 PM,ODENDHAL AVE,NA,STRAIGHT MOVEMENT ANGLE,Clear,DRY,Medium,NO CONTROLS,NONE DETECTED,No,No Apparent Injury,N/A,NOT DISTRACTED,MD,PASSENGER CAR,MOVING CONSTANT SPEED,30,No,2018,HYUN,4S,39.149628,-77.20523983,2023,11,18
230067489,Property Damage Crash,11/20/2023 06:19:00 PM,ODENDHAL AVE,NA,STRAIGHT MOVEMENT ANGLE,Clear,DRY,Medium,NO CONTROLS,NONE DETECTED,Yes,No Apparent Injury,N/A,LOOKED BUT DID NOT SEE,MD,PASSENGER CAR,ENTERING TRAFFIC LANE,30,No,2016,ACURA,RDX,39.149628,-77.20523983,2023,11,18
230067487,Injury Crash,11/20/2023 06:05:00 PM,MONTGOMERY VILLAGE AVE,PEDESTRIAN,OTHER,Clear,DRY,Medium,TRAFFIC SIGNAL,NONE DETECTED,Yes,No Apparent Injury,N/A,UNKNOWN,MD,PASSENGER CAR,MAKING RIGHT TURN,25,No,2022,NISSAN,ROGUE,39.16146833,-77.201725,2023,11,18
230067475,Property Damage Crash,11/20/2023 05:39:00 PM,EASTMOOR DR,NA,OPPOSITE DIRECTION SIDESWIPE,Clear,DRY,Medium,N/A,NONE DETECTED,Yes,No Apparent Injury,N/A,NOT DISTRACTED,MD,PASSENGER CAR,SLOWING OR STOPPING,20,No,2016,HONDA,CRV,39.027095,-77.00591517,2023,11,17
230067460,Property Damage Crash,11/20/2023 04:29:00 PM,ROCKVILLE PIKE,NA,HEAD ON LEFT TURN,Clear,DRY,Medium,TRAFFIC SIGNAL,NONE DETECTED,Yes,No Apparent Injury,N/A,NOT DISTRACTED,TX,PASSENGER CAR,MAKING LEFT TURN,45,No,2013,CHEV,SONIC,39.05885438,-77.12138539,2023,11,16
230067460,Property Damage Crash,11/20/2023 04:29:00 PM,ROCKVILLE PIKE,NA,HEAD ON LEFT TURN,Clear,DRY,Medium,TRAFFIC SIGNAL,NONE DETECTED,No,No Apparent Injury,N/A,NOT DISTRACTED,MD,PASSENGER CAR,MOVING CONSTANT SPEED,45,No,2013,VOLK,4S,39.05885438,-77.12138539,2023,11,16
230067494,Property Damage Crash,11/20/2023 04:00:00 PM,NA,NA,OTHER,Clear,NA,Medium,NO CONTROLS,NONE DETECTED,Yes,No Apparent Injury,N/A,UNKNOWN,NA,PASSENGER CAR,BACKING,0,No,2012,LEXUS,SPORT,39.0575457,-77.1244196,2023,11,16
230067451,Property Damage Crash,11/20/2023 03:28:00 PM,OSAGE ST,NA,STRAIGHT MOVEMENT ANGLE,Clear,DRY,Daylight,STOP SIGN,NONE DETECTED,Yes,No Apparent Injury,N/A,NOT DISTRACTED,MD,PASSENGER CAR,MOVING CONSTANT SPEED,30,No,2013,NISSAN,MAXIMA,38.99636963,-76.98985377,2023,11,15
230067451,Property Damage Crash,11/20/2023 03:28:00 PM,OSAGE ST,NA,STRAIGHT MOVEMENT ANGLE,Clear,DRY,Daylight,STOP SIGN,NONE DETECTED,No,No Apparent Injury,N/A,NOT DISTRACTED,MD,PASSENGER CAR,MOVING CONSTANT SPEED,30,No,2013,NISSAN,SENTRA,38.99636963,-76.98985377,2023,11,15
230067447,Property Damage Crash,11/20/2023 03:07:00 PM,PRINCE PHILIP DR,NA,STRAIGHT MOVEMENT ANGLE,Clear,DRY,Daylight,STOP SIGN,NONE DETECTED,Yes,No Apparent Injury,N/A,INATTENTIVE OR LOST IN THOUGHT,MD,PASSENGER CAR,MOVING CONSTANT SPEED,35,No,2008,MERCEDES,S550,39.15607067,-77.05858367,2023,11,15
230067447,Property Damage Crash,11/20/2023 03:07:00 PM,PRINCE PHILIP DR,NA,STRAIGHT MOVEMENT ANGLE,Clear,DRY,Daylight,STOP SIGN,NONE DETECTED,No,No Apparent Injury,N/A,NOT DISTRACTED,MD,VAN,STARTING FROM LANE,35,No,2018,FORD,TRANSIT,39.15607067,-77.05858367,2023,11,15
230067429,Property Damage Crash,11/20/2023 01:49:00 PM,HITCHING POST LA,NA,OTHER,Clear,DRY,Daylight,NO CONTROLS,NONE DETECTED,No,No Apparent Injury,N/A,NOT DISTRACTED,MD,PASSENGER CAR,PARKED,25,No,2009,SUBARU,UTLITY,39.05413533,-77.1435465,2023,11,13
230067429,Property Damage Crash,11/20/2023 01:49:00 PM,HITCHING POST LA,NA,OTHER,Clear,DRY,Daylight,NO CONTROLS,NONE DETECTED,Yes,No Apparent Injury,N/A,LOOKED BUT DID NOT SEE,MD,SCHOOL BUS,ACCELERATING,25,No,2017,THOMAS,BUS,39.05413533,-77.1435465,2023,11,13
230067416,Property Damage Crash,11/20/2023 01:35:00 PM,WISCONSIN AVE,NA,SAME DIRECTION SIDESWIPE,Clear,DRY,Daylight,TRAFFIC SIGNAL,NONE DETECTED,No,No Apparent Injury,N/A,NOT DISTRACTED,MD,POLICE VEHICLE/NON EMERGENCY,STOPPED IN TRAFFIC LANE,30,No,2016,FORD,INTERCEPTER,38.962117,-77.08625667,2023,11,13
230067416,Property Damage Crash,11/20/2023 01:35:00 PM,WISCONSIN AVE,NA,SAME DIRECTION SIDESWIPE,Clear,DRY,Daylight,TRAFFIC SIGNAL,NONE DETECTED,Yes,No Apparent Injury,N/A,NOT DISTRACTED,DC,VAN,MAKING RIGHT TURN,30,No,2018,FORD,TRANSIT F550,38.962117,-77.08625667,2023,11,13
230067423,Property Damage Crash,11/20/2023 01:25:00 PM,RIDGE RD,NA,STRAIGHT MOVEMENT ANGLE,Clear,DRY,Daylight,STOP SIGN,NONE DETECTED,Yes,No Apparent Injury,N/A,NOT DISTRACTED,MD,SCHOOL BUS,MAKING LEFT TURN,25,No,2019,FRHT,BUS,39.250375,-77.23285667,2023,11,13
230067423,Property Damage Crash,11/20/2023 01:25:00 PM,RIDGE RD,NA,STRAIGHT MOVEMENT ANGLE,Clear,DRY,Daylight,STOP SIGN,NONE DETECTED,No,No Apparent Injury,N/A,NOT DISTRACTED,MD,"MEDIUM/HEAVY TRUCKS 3 AXLES (OVER 10,000LBS (4,536KG))",MOVING CONSTANT SPEED,25,No,2017,PTRB,DUMP,39.250375,-77.23285667,2023,11,13
230067397,Property Damage Crash,11/20/2023 12:37:00 PM,NORWOOD RD,NA,SAME DIR REAR END,Clear,DRY,Daylight,NO CONTROLS,NONE DETECTED,No,No Apparent Injury,N/A,NOT DISTRACTED,NA,NA,SLOWING OR STOPPING,40,Unknown,0,UNKNOWN,UNKNOWN,39.10782515,-77.00397344,2023,11,12
230067397,Property Damage Crash,11/20/2023 12:37:00 PM,NORWOOD RD,NA,SAME DIR REAR END,Clear,DRY,Daylight,NO CONTROLS,NONE DETECTED,Yes,No Apparent Injury,N/A,LOOKED BUT DID NOT SEE,MD,PASSENGER CAR,MOVING CONSTANT SPEED,40,No,2016,HONDA,HRV,39.10782515,-77.00397344,2023,11,12
230067389,Property Damage Crash,11/20/2023 12:00:00 PM,LEIBIG RD,NA,OTHER,Clear,DRY,Daylight,NO CONTROLS,NONE DETECTED,Yes,No Apparent Injury,N/A,LOOKED BUT DID NOT SEE,MD,"MEDIUM/HEAVY TRUCKS 3 AXLES (OVER 10,000LBS (4,536KG))",BACKING,25,No,2011,MACK,TK,39.08328633,-77.00805033,2023,11,12
230067378,Property Damage Crash,11/20/2023 10:50:00 AM,FLEET ST,NA,SAME DIR REAR END,Clear,DRY,Daylight,TRAFFIC SIGNAL,NONE DETECTED,No,No Apparent Injury,N/A,NOT DISTRACTED,MD,POLICE VEHICLE/NON EMERGENCY,STOPPED IN TRAFFIC LANE,30,No,2017,FORD,4S,39.08125017,-77.15155817,2023,11,10
230067378,Property Damage Crash,11/20/2023 10:50:00 AM,FLEET ST,NA,SAME DIR REAR END,Clear,DRY,Daylight,TRAFFIC SIGNAL,NONE DETECTED,Yes,No Apparent Injury,N/A,NOT DISTRACTED,MD,PASSENGER CAR,SLOWING OR STOPPING,30,No,2010,HOND,4S,39.08125017,-77.15155817,2023,11,10
230067365,Injury Crash,11/20/2023 09:50:00 AM,WOODGLEN DR,MACHINE OPERATOR/RIDER,STRAIGHT MOVEMENT ANGLE,Cloudy,DRY,Daylight,NO CONTROLS,NONE DETECTED,Yes,No Apparent Injury,N/A,LOOKED BUT DID NOT SEE,MD,PASSENGER CAR,MAKING RIGHT TURN,30,No,2012,TOYT,4S,39.045225,-77.11219333,2023,11,9
230067353,Injury Crash,11/20/2023 09:20:00 AM,DIAMONDBACK DR,NA,OTHER,Clear,DRY,Daylight,NO CONTROLS,NONE DETECTED,No,No Apparent Injury,N/A,NOT DISTRACTED,MD,PASSENGER CAR,MOVING CONSTANT SPEED,30,No,2020,CHEV,UT,39.1151619,-77.21436617,2023,11,9
230067353,Injury Crash,11/20/2023 09:20:00 AM,DIAMONDBACK DR,NA,OTHER,Clear,DRY,Daylight,NO CONTROLS,NONE DETECTED,Yes,No Apparent Injury,N/A,LOOKED BUT DID NOT SEE,MD,PASSENGER CAR,MAKING U TURN,30,No,2007,TOYT,4S,39.1151619,-77.21436617,2023,11,9
230067359,Property Damage Crash,11/20/2023 09:05:00 AM,WELBECK WAY,NA,STRAIGHT MOVEMENT ANGLE,Cloudy,DRY,Daylight,NO CONTROLS,NONE DETECTED,No,No Apparent Injury,N/A,NOT DISTRACTED,MD,PICKUP TRUCK,PARKED,25,No,2011,FORD,PK,39.18595617,-77.18300017,2023,11,9