Local Case Number,ACRS Report Type,Crash Date/Time,Road Name,Related Non-Motorist,Collision Type,Weather,Surface Condition,Light,Traffic Control,Driver Substance Abuse,Driver At Fault,Injury Severity,Circumstance,Driver Distracted By,Drivers License State,Vehicle Body Type,Vehicle Movement,Speed Limit,Driverless Vehicle,Vehicle Year,Vehicle Make,Vehicle Model,Latitude,Longitude,Year,Month,Hour
230067359,Property Damage Crash,11/20/2023 09:05:00 AM,WELBECK WAY,NA,STRAIGHT MOVEMENT ANGLE,Cloudy,DRY,Daylight,NO CONTROLS,NONE DETECTED,Yes,No Apparent Injury,N/A,LOOKED BUT DID NOT SEE,MD,SCHOOL BUS,MOVING CONSTANT SPEED,25,No,2020,THMS,BU,39.18595617,-77.18300017,2023,11,9
230067482,Property Damage Crash,11/20/2023 09:00:00 AM,TUCKERMAN LA,NA,SAME DIR REAR END,Clear,DRY,Daylight,TRAFFIC SIGNAL,NONE DETECTED,Yes,No Apparent Injury,N/A,UNKNOWN,MD,PICKUP TRUCK,SLOWING OR STOPPING,35,No,2001,FORD,F250,39.03457206,-77.124973550000007,2023,11,9
230067351,Property Damage Crash,11/20/2023 09:00:00 AM,ROCKVILLE PIKE,NA,SAME DIRECTION SIDESWIPE,Clear,DRY,Daylight,TRAFFIC SIGNAL,NONE DETECTED,No,No Apparent Injury,N/A,NOT DISTRACTED,MD,SCHOOL BUS,MAKING LEFT TURN,35,No,2015,THOMAS,BUS,39.00641385,-77.09765491,2023,11,9
230067482,Property Damage Crash,11/20/2023 09:00:00 AM,TUCKERMAN LA,NA,SAME DIR REAR END,Clear,DRY,Daylight,TRAFFIC SIGNAL,NONE DETECTED,No,No Apparent Injury,N/A,NOT DISTRACTED,MD,PASSENGER CAR,SLOWING OR STOPPING,35,No,2018,LEXUS,GX,39.03457206,-77.124973550000007,2023,11,9
230067351,Property Damage Crash,11/20/2023 09:00:00 AM,ROCKVILLE PIKE,NA,SAME DIRECTION SIDESWIPE,Clear,DRY,Daylight,TRAFFIC SIGNAL,NONE DETECTED,Yes,No Apparent Injury,N/A,LOOKED BUT DID NOT SEE,MD,PASSENGER CAR,MAKING LEFT TURN,35,No,2022,TOYOTA,PRIUS,39.00641385,-77.09765491,2023,11,9
230067356,Property Damage Crash,11/20/2023 08:40:00 AM,GERMANTOWN RD,NA,SAME DIRECTION RIGHT TURN,Clear,DRY,Daylight,TRAFFIC SIGNAL,NONE DETECTED,No,No Apparent Injury,N/A,NOT DISTRACTED,MD,PASSENGER CAR,MOVING CONSTANT SPEED,35,No,2016,TOYOTA,SCION,39.17913918,-77.267695990000007,2023,11,8
230067356,Property Damage Crash,11/20/2023 08:40:00 AM,GERMANTOWN RD,NA,SAME DIRECTION RIGHT TURN,Clear,DRY,Daylight,TRAFFIC SIGNAL,NONE DETECTED,Yes,No Apparent Injury,N/A,UNKNOWN,NA,PASSENGER CAR,ACCELERATING,35,No,2006,NISSAN,SENTRA,39.17913918,-77.267695990000007,2023,11,8
230067341,Property Damage Crash,11/20/2023 07:50:00 AM,NEW HAMPSHIRE AVE,NA,STRAIGHT MOVEMENT ANGLE,Clear,DRY,Daylight,N/A,NONE DETECTED,No,No Apparent Injury,"N/A, VISION OBSTRUCTION (INCL. BLINDED BY SUN)",NOT DISTRACTED,MD,PASSENGER CAR,MOVING CONSTANT SPEED,35,No,2018,TOYT,RAV,39.04537167,-76.99235,2023,11,7
230067341,Property Damage Crash,11/20/2023 07:50:00 AM,NEW HAMPSHIRE AVE,NA,STRAIGHT MOVEMENT ANGLE,Clear,DRY,Daylight,N/A,NONE DETECTED,Yes,No Apparent Injury,"N/A, VISION OBSTRUCTION (INCL. BLINDED BY SUN)",NOT DISTRACTED,MD,POLICE VEHICLE/NON EMERGENCY,MAKING LEFT TURN,35,No,2022,FORD,INTERCEPTOR UTILITY,39.04537167,-76.99235,2023,11,7
230067340,Property Damage Crash,11/20/2023 07:48:00 AM,PINEY BRANCH RD,NA,STRAIGHT MOVEMENT ANGLE,Clear,DRY,Daylight,NO CONTROLS,NONE DETECTED,No,No Apparent Injury,N/A,NOT DISTRACTED,MD,PASSENGER CAR,MOVING CONSTANT SPEED,25,No,2015,HONDA,ACCORD,38.99974903,-76.99223411,2023,11,7
230067340,Property Damage Crash,11/20/2023 07:48:00 AM,PINEY BRANCH RD,NA,STRAIGHT MOVEMENT ANGLE,Clear,DRY,Daylight,NO CONTROLS,NONE DETECTED,Yes,No Apparent Injury,N/A,LOOKED BUT DID NOT SEE,MD,(SPORT) UTILITY VEHICLE,MAKING LEFT TURN,35,No,2021,HONDA,CRV,38.99974903,-76.99223411,2023,11,7
230067333,Injury Crash,11/20/2023 06:55:00 AM,VEIRS MILL RD,NA,SAME DIR REAR END,Clear,DRY,Daylight,NO CONTROLS,NONE DETECTED,Yes,No Apparent Injury,N/A,NOT DISTRACTED,MD,PASSENGER CAR,MOVING CONSTANT SPEED,30,No,2017,TOYT,4S,39.08089339,-77.14289696,2023,11,6
230067333,Injury Crash,11/20/2023 06:55:00 AM,VEIRS MILL RD,NA,SAME DIR REAR END,Clear,DRY,Daylight,NO CONTROLS,NONE DETECTED,No,Possible Minor Injury,N/A,NOT DISTRACTED,MD,PASSENGER CAR,MOVING CONSTANT SPEED,30,No,2007,CHRY,SD,39.08089339,-77.14289696,2023,11,6
230067316,Property Damage Crash,11/19/2023 11:10:00 PM,TUCKERMAN LA,NA,SAME DIR REAR END,Clear,DRY,Medium,STOP SIGN,NONE DETECTED,Yes,No Apparent Injury,N/A,LOOKED BUT DID NOT SEE,MD,PASSENGER CAR,SLOWING OR STOPPING,30,No,2013,BMW,528I,39.02781,-77.10154667,2023,11,23
230067316,Property Damage Crash,11/19/2023 11:10:00 PM,TUCKERMAN LA,NA,SAME DIR REAR END,Clear,DRY,Medium,STOP SIGN,NONE DETECTED,No,No Apparent Injury,N/A,NOT DISTRACTED,MD,PASSENGER CAR,STOPPED IN TRAFFIC LANE,30,No,2022,TOYOTA,RAV4,39.02781,-77.10154667,2023,11,23
230067301,Injury Crash,11/19/2023 09:01:00 PM,ETHAN ALLEN AVE,PEDESTRIAN,SINGLE VEHICLE,Clear,DRY,Medium,STOP SIGN,NONE DETECTED,Yes,No Apparent Injury,N/A,UNKNOWN,MD,PASSENGER CAR,ACCELERATING,25,No,2018,TOYOTA,UT,38.97797936,-77.00163372,2023,11,21
230067299,Property Damage Crash,11/19/2023 08:47:00 PM,SHADY GROVE RD,NA,SINGLE VEHICLE,Clear,DRY,Medium,N/A,NONE DETECTED,No,No Apparent Injury,N/A,NOT DISTRACTED,MD,PASSENGER CAR,MOVING CONSTANT SPEED,45,No,2014,TOYOTA,HIGHLANDER,39.13599667,-77.15594333,2023,11,20
230067296,Injury Crash,11/19/2023 07:53:00 PM,LAYHILL RD,NA,HEAD ON LEFT TURN,Clear,DRY,Medium,TRAFFIC SIGNAL,NONE DETECTED,Unknown,Suspected Serious Injury,N/A,UNKNOWN,MD,PASSENGER CAR,MOVING CONSTANT SPEED,40,No,2012,TOYOTA,CAMRY,39.09057183,-77.04477517,2023,11,19
230067296,Injury Crash,11/19/2023 07:53:00 PM,LAYHILL RD,NA,HEAD ON LEFT TURN,Clear,DRY,Medium,TRAFFIC SIGNAL,NONE DETECTED,Unknown,No Apparent Injury,N/A,UNKNOWN,MD,TRANSIT BUS,MAKING LEFT TURN,40,No,2016,GILL,BUS,39.09057183,-77.04477517,2023,11,19
230067196,Property Damage Crash,11/19/2023 07:08:00 PM,MACARTHUR BLVD,NA,SAME DIRECTION RIGHT TURN,Clear,DRY,Medium,NO CONTROLS,NONE DETECTED,No,No Apparent Injury,N/A,NOT DISTRACTED,MD,PASSENGER CAR,MOVING CONSTANT SPEED,45,No,2016,BMW,3,38.95831927,-77.13065671,2023,11,19
230067196,Property Damage Crash,11/19/2023 07:08:00 PM,MACARTHUR BLVD,NA,SAME DIRECTION RIGHT TURN,Clear,DRY,Medium,NO CONTROLS,NONE DETECTED,Yes,No Apparent Injury,N/A,UNKNOWN,NA,PASSENGER CAR,MOVING CONSTANT SPEED,45,No,2023,HYUNDAI,SONATA,38.95831927,-77.13065671,2023,11,19
230067287,Injury Crash,11/19/2023 06:28:00 PM,HATHAWAY DR,NA,SINGLE VEHICLE,Clear,DRY,Medium,NO CONTROLS,NONE DETECTED,Yes,No Apparent Injury,N/A,UNKNOWN,NA,PASSENGER CAR,MOVING CONSTANT SPEED,40,No,2010,MITSUBISHI,LANCER,39.07481171,-77.04596194,2023,11,18
230067286,Property Damage Crash,11/19/2023 05:55:00 PM,OLD GEORGETOWN RD,NA,HEAD ON LEFT TURN,Clear,DRY,Medium,TRAFFIC SIGNAL,NONE DETECTED,Yes,No Apparent Injury,N/A,NOT DISTRACTED,MD,(SPORT) UTILITY VEHICLE,MOVING CONSTANT SPEED,30,No,2023,KIA,SOUL,39.04911,-77.11687667,2023,11,17
230067286,Property Damage Crash,11/19/2023 05:55:00 PM,OLD GEORGETOWN RD,NA,HEAD ON LEFT TURN,Clear,DRY,Medium,TRAFFIC SIGNAL,NONE DETECTED,Yes,No Apparent Injury,N/A,LOOKED BUT DID NOT SEE,UT,(SPORT) UTILITY VEHICLE,MAKING LEFT TURN,30,No,2015,MAZDA,SUV,39.04911,-77.11687667,2023,11,17
230067282,Property Damage Crash,11/19/2023 05:50:00 PM,BRINK RD,NA,SINGLE VEHICLE,Clear,DRY,Medium,NO CONTROLS,NONE DETECTED,Yes,No Apparent Injury,N/A,NOT DISTRACTED,MD,PASSENGER CAR,MOVING CONSTANT SPEED,35,No,2021,SUBARU,WRX,39.20309767,-77.18706883,2023,11,17
230067283,Property Damage Crash,11/19/2023 05:49:00 PM,NEW HAMPSHIRE AVE,NA,SAME DIRECTION SIDESWIPE,Clear,DRY,Medium,N/A,NONE DETECTED,No,No Apparent Injury,N/A,NOT DISTRACTED,MD,(SPORT) UTILITY VEHICLE,MOVING CONSTANT SPEED,35,No,2023,TOYT,UT,38.98277167,-76.98743333,2023,11,17
230067283,Property Damage Crash,11/19/2023 05:49:00 PM,NEW HAMPSHIRE AVE,NA,SAME DIRECTION SIDESWIPE,Clear,DRY,Medium,N/A,NONE DETECTED,Yes,No Apparent Injury,N/A,UNKNOWN,NA,PASSENGER CAR,MOVING CONSTANT SPEED,35,No,2008,SUBARU,FORESTER,38.98277167,-76.98743333,2023,11,17
230067279,Property Damage Crash,11/19/2023 05:26:00 PM,DARNESTOWN RD,NA,SINGLE VEHICLE,Clear,DRY,Medium,N/A,NONE DETECTED,Yes,No Apparent Injury,"ANIMAL, N/A",NOT DISTRACTED,MD,(SPORT) UTILITY VEHICLE,MOVING CONSTANT SPEED,50,No,2020,BMW,X7,39.12281908,-77.3236836,2023,11,17
230067265,Property Damage Crash,11/19/2023 04:21:00 PM,NA,NA,N/A,Clear,NA,Daylight,N/A,NONE DETECTED,Yes,No Apparent Injury,N/A,OTHER DISTRACTION,FL,PASSENGER CAR,ACCELERATING,20,No,2018,HONDA,FIT,39.10616433,-77.06418717,2023,11,16
230067263,Property Damage Crash,11/19/2023 04:13:00 PM,SCHRIDER ST,NA,OTHER,Clear,DRY,Daylight,NO CONTROLS,NONE DETECTED,Yes,No Apparent Injury,N/A,BY MOVING OBJECT IN VEHICLE,MD,PASSENGER CAR,MOVING CONSTANT SPEED,25,No,2010,MITSUBISHI,LANCER,38.9915415,-77.01438117,2023,11,16
230067259,Injury Crash,11/19/2023 03:58:00 PM,COLUMBIA PIKE,NA,SAME DIR REAR END,Clear,DRY,Medium,TRAFFIC SIGNAL,ALCOHOL PRESENT,Yes,No Apparent Injury,N/A,LOOKED BUT DID NOT SEE,DC,VAN,MOVING CONSTANT SPEED,45,No,2019,FORD,TRANSIT,39.04542667,-76.98848817,2023,11,15
230067259,Injury Crash,11/19/2023 03:58:00 PM,COLUMBIA PIKE,NA,SAME DIR REAR END,Clear,DRY,Medium,TRAFFIC SIGNAL,NONE DETECTED,No,Possible Minor Injury,N/A,NOT DISTRACTED,MD,PASSENGER CAR,SLOWING OR STOPPING,45,No,2010,TOYOTA,HIGHLANDER,39.04542667,-76.98848817,2023,11,15
230067257,Property Damage Crash,11/19/2023 03:47:00 PM,FATHER HURLEY BLVD,BICYCLIST,OTHER,Clear,DRY,Daylight,TRAFFIC SIGNAL,NONE DETECTED,No,No Apparent Injury,N/A,NOT DISTRACTED,MD,PASSENGER CAR,MOVING CONSTANT SPEED,40,No,2019,FORD,4D,39.19332667,-77.27050823,2023,11,15
230067256,Injury Crash,11/19/2023 03:45:00 PM,KENTLANDS BLVD,NA,STRAIGHT MOVEMENT ANGLE,Clear,DRY,Daylight,STOP SIGN,NONE DETECTED,Yes,Possible Minor Injury,N/A,LOOKED BUT DID NOT SEE,MD,(SPORT) UTILITY VEHICLE,MOVING CONSTANT SPEED,30,No,2018,HOND,UT,39.12434065,-77.239934,2023,11,15
230067256,Injury Crash,11/19/2023 03:45:00 PM,KENTLANDS BLVD,NA,STRAIGHT MOVEMENT ANGLE,Clear,DRY,Daylight,STOP SIGN,NONE DETECTED,No,Possible Minor Injury,N/A,NOT DISTRACTED,MD,(SPORT) UTILITY VEHICLE,ACCELERATING,30,No,2007,TOYOTA,RAV4,39.12434065,-77.239934,2023,11,15
230067254,Injury Crash,11/19/2023 03:25:00 PM,GLENALLAN AVE,NA,SAME DIR REAR END,Clear,DRY,Daylight,NO CONTROLS,ALCOHOL PRESENT,Yes,No Apparent Injury,N/A,OTHER DISTRACTION,MD,PASSENGER CAR,MOVING CONSTANT SPEED,25,No,2008,MAZDA,MAZDA 3,39.06305167,-77.03545167,2023,11,15
230067254,Injury Crash,11/19/2023 03:25:00 PM,GLENALLAN AVE,NA,SAME DIR REAR END,Clear,DRY,Daylight,NO CONTROLS,NONE DETECTED,No,Possible Minor Injury,N/A,NOT DISTRACTED,MD,(SPORT) UTILITY VEHICLE,MOVING CONSTANT SPEED,25,No,2020,HONDA,CRV,39.06305167,-77.03545167,2023,11,15
230067311,Property Damage Crash,11/19/2023 03:24:00 PM,ARBOR VIEW RD,NA,HEAD ON,Clear,DRY,Daylight,NO CONTROLS,ALCOHOL PRESENT,Yes,No Apparent Injury,N/A,OTHER DISTRACTION,MD,PASSENGER CAR,MOVING CONSTANT SPEED,25,No,2008,MAZDA,MAZDA 3,39.06296288,-77.03505071,2023,11,15
230067312,Property Damage Crash,11/19/2023 03:20:00 PM,GARDEN GATE RD,NA,SAME DIR REAR END,Clear,DRY,Daylight,NO CONTROLS,ALCOHOL PRESENT,Yes,No Apparent Injury,N/A,OTHER DISTRACTION,MD,PASSENGER CAR,MOVING CONSTANT SPEED,25,No,2008,MAZDA,MAZDA 3,39.06331945,-77.03871963,2023,11,15
230067252,Injury Crash,11/19/2023 02:57:00 PM,NA,NA,SINGLE VEHICLE,Clear,NA,Daylight,NO CONTROLS,NONE DETECTED,Yes,Possible Minor Injury,N/A,NOT DISTRACTED,MD,PASSENGER CAR,PARKING,10,No,2013,NISSAN,ALTIMA,39.03776885,-77.05433779,2023,11,14
230067237,Property Damage Crash,11/19/2023 12:53:00 PM,RUATAN ST,NA,SAME DIRECTION RIGHT TURN,Clear,DRY,Daylight,NO CONTROLS,NONE DETECTED,Yes,No Apparent Injury,N/A,LOOKED BUT DID NOT SEE,MD,(SPORT) UTILITY VEHICLE,MOVING CONSTANT SPEED,25,No,2014,TOYOTA,RAV4,38.99939277,-76.98883171,2023,11,12
230067237,Property Damage Crash,11/19/2023 12:53:00 PM,RUATAN ST,NA,SAME DIRECTION RIGHT TURN,Clear,DRY,Daylight,NO CONTROLS,NONE DETECTED,No,No Apparent Injury,N/A,NOT DISTRACTED,GA,(SPORT) UTILITY VEHICLE,STOPPED IN TRAFFIC LANE,25,No,2017,NISSAN,ROGUE,38.99939277,-76.98883171,2023,11,12
230067245,Fatal Crash,11/19/2023 12:32:00 PM,ARCOLA AVE,NA,SINGLE VEHICLE,Clear,DRY,Daylight,N/A,DRUG PRESENT,Yes,Fatal Injury,N/A,UNKNOWN,MD,PICKUP TRUCK,SLOWING OR STOPPING,30,No,2020,GMC,SIERRA,39.03586959,-77.02549123,2023,11,12
230067234,Property Damage Crash,11/19/2023 12:20:00 PM,FALLS RD,NA,SAME DIRECTION LEFT TURN,Clear,DRY,Daylight,NO CONTROLS,NONE DETECTED,Yes,No Apparent Injury,N/A,UNKNOWN,MD,PASSENGER CAR,MAKING U TURN,35,No,2023,CHEVROLET,MALIBU,39.05002717,-77.18836883,2023,11,12
230067234,Property Damage Crash,11/19/2023 12:20:00 PM,FALLS RD,NA,SAME DIRECTION LEFT TURN,Clear,DRY,Daylight,NO CONTROLS,NONE DETECTED,No,No Apparent Injury,N/A,NOT DISTRACTED,MD,PASSENGER CAR,MOVING CONSTANT SPEED,35,No,2017,SUBARU,CROSSTREK,39.05002717,-77.18836883,2023,11,12
230067233,Property Damage Crash,11/19/2023 12:19:00 PM,RIVER RD,NA,SAME DIRECTION SIDESWIPE,Clear,DRY,Daylight,NO CONTROLS,NONE DETECTED,Yes,No Apparent Injury,N/A,NOT DISTRACTED,VA,PICKUP TRUCK,MAKING RIGHT TURN,35,No,2013,FORD,F150,38.96523333,-77.10429833,2023,11,12
230067233,Property Damage Crash,11/19/2023 12:19:00 PM,RIVER RD,NA,SAME DIRECTION SIDESWIPE,Clear,DRY,Daylight,NO CONTROLS,NONE DETECTED,No,No Apparent Injury,N/A,NOT DISTRACTED,DC,"OTHER LIGHT TRUCKS (10,000LBS (4,536KG) OR LESS)",MOVING CONSTANT SPEED,35,No,2016,FORD,F150,38.96523333,-77.10429833,2023,11,12
230067207,Property Damage Crash,11/19/2023 09:10:00 AM,MONTGOMERY VILLAGE AVE,NA,STRAIGHT MOVEMENT ANGLE,Clear,DRY,Daylight,TRAFFIC SIGNAL,NONE DETECTED,No,No Apparent Injury,N/A,NOT DISTRACTED,MD,PICKUP TRUCK,MAKING LEFT TURN,35,No,2018,CHEV,TK,39.16043006,-77.20189871,2023,11,9
230067207,Property Damage Crash,11/19/2023 09:10:00 AM,MONTGOMERY VILLAGE AVE,NA,STRAIGHT MOVEMENT ANGLE,Clear,DRY,Daylight,TRAFFIC SIGNAL,NONE DETECTED,No,No Apparent Injury,N/A,NOT DISTRACTED,MD,PICKUP TRUCK,MAKING RIGHT TURN,35,No,2005,FORD,TK,39.16043006,-77.20189871,2023,11,9
230067207,Property Damage Crash,11/19/2023 09:10:00 AM,MONTGOMERY VILLAGE AVE,NA,STRAIGHT MOVEMENT ANGLE,Clear,DRY,Daylight,TRAFFIC SIGNAL,NONE DETECTED,Yes,No Apparent Injury,N/A,UNKNOWN,MD,PASSENGER CAR,MOVING CONSTANT SPEED,35,No,2018,TOYT,SD,39.16043006,-77.20189871,2023,11,9
230067205,Property Damage Crash,11/19/2023 08:51:00 AM,FENTON ST,NA,SAME DIRECTION SIDESWIPE,Clear,DRY,Daylight,NO CONTROLS,NONE DETECTED,No,No Apparent Injury,N/A,NOT DISTRACTED,MD,PASSENGER CAR,MOVING CONSTANT SPEED,25,No,2022,GENESIS,GV70,38.99323783,-77.02392032,2023,11,8
230067205,Property Damage Crash,11/19/2023 08:51:00 AM,FENTON ST,NA,SAME DIRECTION SIDESWIPE,Clear,DRY,Daylight,NO CONTROLS,ALCOHOL PRESENT,Yes,No Apparent Injury,N/A,UNKNOWN,MD,ALL TERRAIN VEHICLE (ATV),MOVING CONSTANT SPEED,25,No,2023,FORD,EDGE,38.99323783,-77.02392032,2023,11,8
230067181,Property Damage Crash,11/18/2023 11:47:00 PM,BELTON RD,NA,HEAD ON,Clear,DRY,Medium,NO CONTROLS,NONE DETECTED,Yes,No Apparent Injury,N/A,UNKNOWN,NA,PASSENGER CAR,UNKNOWN,25,No,2020,NISS,KICKS,39.0304451,-77.0178308,2023,11,23
230067173,Property Damage Crash,11/18/2023 11:00:00 PM,COLUMBIA PIKE,NA,STRAIGHT MOVEMENT ANGLE,Clear,DRY,Medium,TRAFFIC SIGNAL,NONE DETECTED,Unknown,No Apparent Injury,N/A,NOT DISTRACTED,MD,PASSENGER CAR,MAKING LEFT TURN,45,No,2023,TOYT,SD,39.03939188,-76.99780953,2023,11,23
230067173,Property Damage Crash,11/18/2023 11:00:00 PM,COLUMBIA PIKE,NA,STRAIGHT MOVEMENT ANGLE,Clear,DRY,Medium,TRAFFIC SIGNAL,NONE DETECTED,Unknown,No Apparent Injury,N/A,NOT DISTRACTED,MD,PASSENGER CAR,MOVING CONSTANT SPEED,45,No,2023,TOYOTA,HIGHLANDER,39.03939188,-76.99780953,2023,11,23
230067169,Property Damage Crash,11/18/2023 10:02:00 PM,OLD GEORGETOWN RD,NA,SINGLE VEHICLE,Clear,DRY,Medium,TRAFFIC SIGNAL,NONE DETECTED,Yes,No Apparent Injury,N/A,OTHER DISTRACTION,MD,PASSENGER CAR,MOVING CONSTANT SPEED,35,No,2014,HOND,SD,39.015293,-77.1187815,2023,11,22
230067164,Property Damage Crash,11/18/2023 09:18:00 PM,BEL PRE RD,NA,SAME DIRECTION SIDESWIPE,Clear,DRY,Medium,NO CONTROLS,NONE DETECTED,Yes,No Apparent Injury,N/A,LOOKED BUT DID NOT SEE,MD,PASSENGER CAR,PASSING,35,No,2006,FORD,F150,39.09185667,-77.06915167,2023,11,21
230067164,Property Damage Crash,11/18/2023 09:18:00 PM,BEL PRE RD,NA,SAME DIRECTION SIDESWIPE,Clear,DRY,Medium,NO CONTROLS,NONE DETECTED,No,No Apparent Injury,N/A,NOT DISTRACTED,MD,TRANSIT BUS,STARTING FROM LANE,5,No,2011,GIUIG,LOW FLOOR,39.09185667,-77.06915167,2023,11,21
230067163,Property Damage Crash,11/18/2023 08:50:00 PM,NEW HAMPSHIRE AVE,NA,SINGLE VEHICLE,Clear,DRY,Medium,N/A,NONE DETECTED,Yes,No Apparent Injury,N/A,UNKNOWN,MD,PASSENGER CAR,MOVING CONSTANT SPEED,5,No,2017,VOLK,JETTA,38.988324,-76.98810283,2023,11,20
230067146,Injury Crash,11/18/2023 07:14:00 PM,PINEY BRANCH RD,PEDESTRIAN,OTHER,Clear,DRY,Medium,NO CONTROLS,NONE DETECTED,No,No Apparent Injury,N/A,NOT DISTRACTED,MD,PASSENGER CAR,MOVING CONSTANT SPEED,30,No,2021,TOYOTA,4RUNNER,38.99802893,-77.00402656,2023,11,19
230067144,Property Damage Crash,11/18/2023 06:50:00 PM,SLIGO AVE,NA,HEAD ON LEFT TURN,Clear,DRY,Medium,STOP SIGN,NONE DETECTED,Yes,No Apparent Injury,N/A,UNKNOWN,MD,(SPORT) UTILITY VEHICLE,MAKING LEFT TURN,30,No,2017,HONDA,TK,38.9911845,-77.01444367,2023,11,18
230067144,Property Damage Crash,11/18/2023 06:50:00 PM,SLIGO AVE,NA,HEAD ON LEFT TURN,Clear,DRY,Medium,STOP SIGN,NONE DETECTED,No,No Apparent Injury,N/A,NOT DISTRACTED,MD,(SPORT) UTILITY VEHICLE,MOVING CONSTANT SPEED,30,No,2018,JEEP,UT,38.9911845,-77.01444367,2023,11,18
230067140,Injury Crash,11/18/2023 06:15:00 PM,VEIRS MILL RD,NA,SAME DIR REAR END,Clear,DRY,Medium,TRAFFIC SIGNAL,NONE DETECTED,No,No Apparent Injury,N/A,NOT DISTRACTED,MD,PASSENGER CAR,STOPPED IN TRAFFIC LANE,45,No,2022,TOYOTA,RAV4,39.06932185,-77.10467731,2023,11,18
230067140,Injury Crash,11/18/2023 06:15:00 PM,VEIRS MILL RD,NA,SAME DIR REAR END,Clear,DRY,Medium,TRAFFIC SIGNAL,ALCOHOL PRESENT,Yes,No Apparent Injury,N/A,INATTENTIVE OR LOST IN THOUGHT,PA,PASSENGER CAR,MOVING CONSTANT SPEED,45,No,2019,FORD,FLEX,39.06932185,-77.10467731,2023,11,18
230067140,Injury Crash,11/18/2023 06:15:00 PM,VEIRS MILL RD,NA,SAME DIR REAR END,Clear,DRY,Medium,TRAFFIC SIGNAL,NONE DETECTED,No,No Apparent Injury,N/A,NOT DISTRACTED,MD,PASSENGER CAR,STOPPED IN TRAFFIC LANE,45,No,2015,HYUNDAI,ELANTRA,39.06932185,-77.10467731,2023,11,18
230067147,Property Damage Crash,11/18/2023 06:08:00 PM,E RANDOLPH RD,NA,SAME DIRECTION SIDESWIPE,Clear,DRY,Medium,N/A,NONE DETECTED,No,No Apparent Injury,N/A,NOT DISTRACTED,MD,PASSENGER CAR,MOVING CONSTANT SPEED,40,No,2023,CHRYSLER,300,39.07555807,-76.99552194,2023,11,18
230067147,Property Damage Crash,11/18/2023 06:08:00 PM,E RANDOLPH RD,NA,SAME DIRECTION SIDESWIPE,Clear,DRY,Medium,N/A,NONE DETECTED,Yes,No Apparent Injury,N/A,UNKNOWN,NA,PASSENGER CAR,CHANGING LANES,40,No,2013,NISSAN,MAXIMA,39.07555807,-76.99552194,2023,11,18
230067138,Injury Crash,11/18/2023 05:42:00 PM,COLUMBIA PIKE,NA,SAME DIR REAR END,Clear,DRY,Medium,NO CONTROLS,NONE DETECTED,No,Possible Minor Injury,N/A,NOT DISTRACTED,MD,PASSENGER CAR,MOVING CONSTANT SPEED,55,No,2019,TOYOTA,CAMRY,39.08184867,-76.94976417,2023,11,17
230067138,Injury Crash,11/18/2023 05:42:00 PM,COLUMBIA PIKE,NA,SAME DIR REAR END,Clear,DRY,Medium,NO CONTROLS,NONE DETECTED,Yes,No Apparent Injury,N/A,UNKNOWN,NA,NA,MOVING CONSTANT SPEED,55,No,0,UNKNOWN,UNKNOWN,39.08184867,-76.94976417,2023,11,17
230067133,Injury Crash,11/18/2023 05:32:00 PM,COLUMBIA PIKE,NA,SAME DIR REAR END,Clear,DRY,Medium,NO CONTROLS,NONE DETECTED,No,Possible Minor Injury,N/A,NOT DISTRACTED,MD,PASSENGER CAR,STOPPED IN TRAFFIC LANE,55,No,2023,TOYOTA,CAMRY,39.08192667,-76.949555,2023,11,17
230067137,Property Damage Crash,11/18/2023 05:32:00 PM,COLUMBIA PIKE,NA,SAME DIR REAR END,Clear,DRY,Medium,NO CONTROLS,NONE DETECTED,No,No Apparent Injury,N/A,UNKNOWN,NA,NA,MOVING CONSTANT SPEED,55,No,0,UNKNOWN,UNKNOWN,39.08175467,-76.94982433,2023,11,17
230067133,Injury Crash,11/18/2023 05:32:00 PM,COLUMBIA PIKE,NA,SAME DIR REAR END,Clear,DRY,Medium,NO CONTROLS,NONE DETECTED,No,Possible Minor Injury,N/A,NOT DISTRACTED,MD,PASSENGER CAR,STOPPED IN TRAFFIC LANE,55,No,2003,HYUNDAI,ELANTRA,39.08192667,-76.949555,2023,11,17
230067137,Property Damage Crash,11/18/2023 05:32:00 PM,COLUMBIA PIKE,NA,SAME DIR REAR END,Clear,DRY,Medium,NO CONTROLS,NONE DETECTED,Yes,No Apparent Injury,N/A,LOOKED BUT DID NOT SEE,MD,PASSENGER CAR,MOVING CONSTANT SPEED,55,No,2013,TOYOTA,CAMRY,39.08175467,-76.94982433,2023,11,17
230067133,Injury Crash,11/18/2023 05:32:00 PM,COLUMBIA PIKE,NA,SAME DIR REAR END,Clear,DRY,Medium,NO CONTROLS,NONE DETECTED,Yes,Possible Minor Injury,N/A,LOOKED BUT DID NOT SEE,MD,PASSENGER CAR,MOVING CONSTANT SPEED,55,No,2004,TOYOTA,COROLLA,39.08192667,-76.949555,2023,11,17
230067133,Injury Crash,11/18/2023 05:32:00 PM,COLUMBIA PIKE,NA,SAME DIR REAR END,Clear,DRY,Medium,NO CONTROLS,NONE DETECTED,Yes,Possible Minor Injury,N/A,LOOKED BUT DID NOT SEE,MD,PASSENGER CAR,MOVING CONSTANT SPEED,55,No,2010,NISSAN,VERSA,39.08192667,-76.949555,2023,11,17
230067133,Injury Crash,11/18/2023 05:32:00 PM,COLUMBIA PIKE,NA,SAME DIR REAR END,Clear,DRY,Medium,NO CONTROLS,NONE DETECTED,No,Possible Minor Injury,N/A,NOT DISTRACTED,MD,PASSENGER CAR,MOVING CONSTANT SPEED,55,No,2012,DODGE,CHARGER,39.08192667,-76.949555,2023,11,17
230067131,Property Damage Crash,11/18/2023 05:24:00 PM,FREDERICK RD,NA,SAME DIR REAR END,Clear,DRY,Medium,TRAFFIC SIGNAL,NONE DETECTED,Yes,No Apparent Injury,N/A,LOOKED BUT DID NOT SEE,VA,PASSENGER CAR,SLOWING OR STOPPING,30,No,2013,HONDA,CIVIC,39.15218363,-77.2115659,2023,11,17
230067131,Property Damage Crash,11/18/2023 05:24:00 PM,FREDERICK RD,NA,SAME DIR REAR END,Clear,DRY,Medium,TRAFFIC SIGNAL,NONE DETECTED,No,No Apparent Injury,N/A,NOT DISTRACTED,MD,(SPORT) UTILITY VEHICLE,SLOWING OR STOPPING,30,No,2009,ACUR,TK,39.15218363,-77.2115659,2023,11,17
230067126,Property Damage Crash,11/18/2023 04:36:00 PM,GERMANTOWN RD,NA,ANGLE MEETS LEFT TURN,Clear,DRY,Daylight,TRAFFIC SIGNAL,NONE DETECTED,Yes,No Apparent Injury,N/A,INATTENTIVE OR LOST IN THOUGHT,MD,PASSENGER CAR,MAKING U TURN,40,No,2015,TOYT,SW,39.18208628,-77.26024133,2023,11,16
230067126,Property Damage Crash,11/18/2023 04:36:00 PM,GERMANTOWN RD,NA,ANGLE MEETS LEFT TURN,Clear,DRY,Daylight,TRAFFIC SIGNAL,NONE DETECTED,No,No Apparent Injury,N/A,NOT DISTRACTED,MD,PASSENGER CAR,MOVING CONSTANT SPEED,40,No,2015,FORD,FOCUS,39.18208628,-77.26024133,2023,11,16