Local Case Number,ACRS Report Type,Crash Date/Time,Road Name,Related Non-Motorist,Collision Type,Weather,Surface Condition,Light,Traffic Control,Driver Substance Abuse,Driver At Fault,Injury Severity,Circumstance,Driver Distracted By,Drivers License State,Vehicle Body Type,Vehicle Movement,Speed Limit,Driverless Vehicle,Vehicle Year,Vehicle Make,Vehicle Model,Latitude,Longitude,Year,Month,Hour
230067117,Property Damage Crash,11/18/2023 03:30:00 PM,EDSON LA,NA,SAME DIR REAR END,Clear,DRY,Daylight,TRAFFIC SIGNAL,NONE DETECTED,Yes,No Apparent Injury,N/A,NOT DISTRACTED,MD,POLICE VEHICLE/EMERGENCY,MAKING RIGHT TURN,30,No,2019,DODGE,CHARGER,39.04020478,-77.10986904,2023,11,15
230067117,Property Damage Crash,11/18/2023 03:30:00 PM,EDSON LA,NA,SAME DIR REAR END,Clear,DRY,Daylight,TRAFFIC SIGNAL,NONE DETECTED,No,No Apparent Injury,N/A,NOT DISTRACTED,MD,(SPORT) UTILITY VEHICLE,SLOWING OR STOPPING,30,No,2020,ACURA,RDX,39.04020478,-77.10986904,2023,11,15
230067113,Property Damage Crash,11/18/2023 02:50:00 PM,FREDERICK RD,NA,SAME DIR REAR END,Clear,DRY,Daylight,TRAFFIC SIGNAL,NONE DETECTED,Yes,No Apparent Injury,N/A,NOT DISTRACTED,MD,PASSENGER CAR,SLOWING OR STOPPING,35,No,2018,CHEV,4S,39.15020353,-77.20946027,2023,11,14
230067113,Property Damage Crash,11/18/2023 02:50:00 PM,FREDERICK RD,NA,SAME DIR REAR END,Clear,DRY,Daylight,TRAFFIC SIGNAL,NONE DETECTED,No,No Apparent Injury,N/A,UNKNOWN,MD,PASSENGER CAR,STOPPED IN TRAFFIC LANE,35,No,2016,TOYOTA,TK,39.15020353,-77.20946027,2023,11,14
230067096,Property Damage Crash,11/18/2023 01:21:00 PM,ROCKVILLE PIKE,NA,STRAIGHT MOVEMENT ANGLE,Clear,DRY,Daylight,STOP SIGN,NONE DETECTED,Yes,No Apparent Injury,N/A,NOT DISTRACTED,MD,PASSENGER CAR,MOVING CONSTANT SPEED,35,No,2022,LEXUS,NX350,39.0384635,-77.10874583,2023,11,13
230067096,Property Damage Crash,11/18/2023 01:21:00 PM,ROCKVILLE PIKE,NA,STRAIGHT MOVEMENT ANGLE,Clear,DRY,Daylight,STOP SIGN,NONE DETECTED,No,No Apparent Injury,N/A,NOT DISTRACTED,VA,PASSENGER CAR,MOVING CONSTANT SPEED,35,No,2019,TOYOTA,COROLLA,39.0384635,-77.10874583,2023,11,13
230067088,Property Damage Crash,11/18/2023 01:08:00 PM,NA,NA,SINGLE VEHICLE,Clear,NA,Daylight,NO CONTROLS,NONE DETECTED,Yes,No Apparent Injury,N/A,LOOKED BUT DID NOT SEE,MD,POLICE VEHICLE/NON EMERGENCY,BACKING,5,No,2017,FORD,TAURUS,39.10873225,-77.01604364,2023,11,13
230067102,Property Damage Crash,11/18/2023 12:56:00 PM,GOOD HOPE RD,NA,SAME DIRECTION RIGHT TURN,Clear,DRY,Daylight,TRAFFIC SIGNAL,NONE DETECTED,No,No Apparent Injury,N/A,NOT DISTRACTED,MD,PASSENGER CAR,MOVING CONSTANT SPEED,35,No,2017,TOYOTA,TACOMA,39.09579457,-77.00194587,2023,11,12
230067102,Property Damage Crash,11/18/2023 12:56:00 PM,GOOD HOPE RD,NA,SAME DIRECTION RIGHT TURN,Clear,DRY,Daylight,TRAFFIC SIGNAL,NONE DETECTED,Yes,No Apparent Injury,N/A,UNKNOWN,MD,PASSENGER CAR,PASSING,35,No,2008,CHEVROLET,EQUINOX,39.09579457,-77.00194587,2023,11,12
230067083,Property Damage Crash,11/18/2023 12:46:00 PM,GOOD HOPE RD,NA,SINGLE VEHICLE,Clear,WET,Daylight,NO CONTROLS,NONE DETECTED,Yes,No Apparent Injury,"N/A, WET",NOT DISTRACTED,MD,PASSENGER CAR,MOVING CONSTANT SPEED,35,No,2009,MITSUBISHI,GALANT,39.09357883,-76.99651933,2023,11,12
230067084,Property Damage Crash,11/18/2023 12:35:00 PM,GEORGIA AVE,NA,SAME DIR REAR END,Clear,DRY,Daylight,NO CONTROLS,NONE DETECTED,Unknown,No Apparent Injury,N/A,NOT DISTRACTED,MD,PASSENGER CAR,SLOWING OR STOPPING,35,No,2019,KIA,STINGER,39.02848766,-77.04712332,2023,11,12
230067084,Property Damage Crash,11/18/2023 12:35:00 PM,GEORGIA AVE,NA,SAME DIR REAR END,Clear,DRY,Daylight,NO CONTROLS,NONE DETECTED,Yes,No Apparent Injury,N/A,LOOKED BUT DID NOT SEE,MD,(SPORT) UTILITY VEHICLE,SLOWING OR STOPPING,35,No,2011,NISSAN,PATHFINDER,39.02848766,-77.04712332,2023,11,12
230067084,Property Damage Crash,11/18/2023 12:35:00 PM,GEORGIA AVE,NA,SAME DIR REAR END,Clear,DRY,Daylight,NO CONTROLS,NONE DETECTED,Unknown,No Apparent Injury,N/A,NOT DISTRACTED,MD,PASSENGER CAR,SLOWING OR STOPPING,35,No,2008,NISS,ALTIMA,39.02848766,-77.04712332,2023,11,12
230067084,Property Damage Crash,11/18/2023 12:35:00 PM,GEORGIA AVE,NA,SAME DIR REAR END,Clear,DRY,Daylight,NO CONTROLS,NONE DETECTED,No,No Apparent Injury,N/A,NOT DISTRACTED,MD,PICKUP TRUCK,SLOWING OR STOPPING,35,No,2015,TOYOTA,TACOMA,39.02848766,-77.04712332,2023,11,12
230067077,Property Damage Crash,11/18/2023 12:25:00 PM,GOSHEN RD,NA,SINGLE VEHICLE,Clear,DRY,Daylight,NO CONTROLS,NONE DETECTED,Yes,No Apparent Injury,N/A,UNKNOWN,MD,VAN,OTHER,35,No,2015,TOYT,VAN,39.16237755,-77.19210121,2023,11,12
230067082,Property Damage Crash,11/18/2023 12:22:00 PM,VEIRS MILL RD,NA,SAME DIR REAR END,Clear,DRY,Daylight,TRAFFIC SIGNAL,ALCOHOL PRESENT,Yes,No Apparent Injury,N/A,UNKNOWN,MD,PASSENGER CAR,SLOWING OR STOPPING,30,No,2010,TOYOTA,COROLLA,38.99079417,-77.02638767,2023,11,12
230067082,Property Damage Crash,11/18/2023 12:22:00 PM,VEIRS MILL RD,NA,SAME DIR REAR END,Clear,DRY,Daylight,TRAFFIC SIGNAL,NONE DETECTED,No,No Apparent Injury,N/A,NOT DISTRACTED,MD,PASSENGER CAR,UNKNOWN,30,No,2017,TOYOTA,COROLLA,38.99079417,-77.02638767,2023,11,12
230067067,Property Damage Crash,11/18/2023 11:00:00 AM,GEORGIA AVE,NA,SAME DIR REAR END,Clear,DRY,Daylight,N/A,NONE DETECTED,Yes,No Apparent Injury,N/A,NOT DISTRACTED,MD,PASSENGER CAR,MOVING CONSTANT SPEED,35,No,2012,CHRYSLER,200,39.01623167,-77.04302333,2023,11,11
230067067,Property Damage Crash,11/18/2023 11:00:00 AM,GEORGIA AVE,NA,SAME DIR REAR END,Clear,DRY,Daylight,N/A,NONE DETECTED,No,No Apparent Injury,N/A,NOT DISTRACTED,MD,PASSENGER CAR,SLOWING OR STOPPING,35,No,2016,TOYOTA,RAV4,39.01623167,-77.04302333,2023,11,11
230067060,Property Damage Crash,11/18/2023 10:07:00 AM,DARNESTOWN RD,NA,SAME DIR REAR END,Clear,DRY,Daylight,NO CONTROLS,NONE DETECTED,No,No Apparent Injury,N/A,NOT DISTRACTED,MD,PASSENGER CAR,STOPPED IN TRAFFIC LANE,40,No,2019,FORD,F150,39.11571,-77.31215333,2023,11,10
230067060,Property Damage Crash,11/18/2023 10:07:00 AM,DARNESTOWN RD,NA,SAME DIR REAR END,Clear,DRY,Daylight,NO CONTROLS,NONE DETECTED,Yes,No Apparent Injury,N/A,INATTENTIVE OR LOST IN THOUGHT,MD,PASSENGER CAR,MOVING CONSTANT SPEED,40,No,2017,SUBA,UT,39.11571,-77.31215333,2023,11,10
230067060,Property Damage Crash,11/18/2023 10:07:00 AM,DARNESTOWN RD,NA,SAME DIR REAR END,Clear,DRY,Daylight,NO CONTROLS,NONE DETECTED,No,No Apparent Injury,N/A,NOT DISTRACTED,MD,PASSENGER CAR,STOPPED IN TRAFFIC LANE,40,No,2014,MAZDA,4S,39.11571,-77.31215333,2023,11,10
230067054,Property Damage Crash,11/18/2023 09:34:00 AM,NA,NA,OTHER,Clear,NA,Daylight,NO CONTROLS,ALCOHOL PRESENT,Yes,No Apparent Injury,N/A,UNKNOWN,DC,PASSENGER CAR,ACCELERATING,0,No,2014,TOYOTA,RAV4,38.962575,-77.08392333,2023,11,9
230067053,Property Damage Crash,11/18/2023 09:30:00 AM,UNIVERSITY BLVD E,NA,ANGLE MEETS RIGHT TURN,Clear,DRY,Daylight,STOP SIGN,NONE DETECTED,No,No Apparent Injury,N/A,NOT DISTRACTED,MD,PICKUP TRUCK,MOVING CONSTANT SPEED,35,No,2008,CHEVROLET,SILVERADO,39.01346898,-77.00365838,2023,11,9
230067053,Property Damage Crash,11/18/2023 09:30:00 AM,UNIVERSITY BLVD E,NA,ANGLE MEETS RIGHT TURN,Clear,DRY,Daylight,STOP SIGN,NONE DETECTED,Yes,No Apparent Injury,N/A,LOOKED BUT DID NOT SEE,DC,PASSENGER CAR,MAKING RIGHT TURN,35,No,2019,MERCEDES BENZ,2DR,39.01346898,-77.00365838,2023,11,9
230067045,Property Damage Crash,11/18/2023 07:30:00 AM,WOOTTON PKWY,NA,SINGLE VEHICLE,Clear,WET,Daylight,TRAFFIC SIGNAL,NONE DETECTED,Yes,No Apparent Injury,"N/A, WET",UNKNOWN,NA,NA,MAKING RIGHT TURN,35,No,0,UNKNOWN,UNKNOWN,39.06957633,-77.169828999999993,2023,11,7
230067042,Injury Crash,11/18/2023 05:00:00 AM,GEORGIA AVE,NA,SAME DIRECTION SIDESWIPE,Clear,DRY,Medium,TRAFFIC SIGNAL,NONE DETECTED,No,Possible Minor Injury,N/A,UNKNOWN,MD,PASSENGER CAR,ACCELERATING,35,No,2016,FORD,ESCAPE,38.98657988,-77.02676019,2023,11,5
230067042,Injury Crash,11/18/2023 05:00:00 AM,GEORGIA AVE,NA,SAME DIRECTION SIDESWIPE,Clear,DRY,Medium,TRAFFIC SIGNAL,NONE DETECTED,Yes,No Apparent Injury,N/A,UNKNOWN,NA,PASSENGER CAR,CHANGING LANES,35,No,2017,MERZ,4DR,38.98657988,-77.02676019,2023,11,5
230067034,Property Damage Crash,11/18/2023 03:26:00 AM,BALLINGER DR,NA,SAME DIRECTION SIDESWIPE,Clear,WET,Medium,NO CONTROLS,NONE DETECTED,Yes,No Apparent Injury,"N/A, WET",INATTENTIVE OR LOST IN THOUGHT,MD,PASSENGER CAR,MOVING CONSTANT SPEED,25,No,2007,TOYOTA,CAMRY,39.0869,-76.93621,2023,11,3
230067018,Property Damage Crash,11/18/2023 12:43:00 AM,MONTROSE RD,NA,SINGLE VEHICLE,Rain,WET,Medium,N/A,NONE DETECTED,Yes,No Apparent Injury,"N/A, WET",UNKNOWN,MD,PASSENGER CAR,MOVING CONSTANT SPEED,35,No,2007,INFINITI,4D,39.05344006,-77.13696582,2023,11,0
230067019,Property Damage Crash,11/18/2023 12:40:00 AM,CLARKSBURG RD,NA,SINGLE VEHICLE,Rain,WET,Medium,YIELD SIGN,NONE DETECTED,Yes,No Apparent Injury,"RAIN, SNOW, WET",NOT DISTRACTED,MD,PASSENGER CAR,MOVING CONSTANT SPEED,20,No,2014,NISSAN,ROGUE,39.22891483,-77.28909117,2023,11,0
230067006,Property Damage Crash,11/17/2023 10:45:00 PM,GEORGIA AVE,NA,SAME DIRECTION SIDESWIPE,Rain,WET,Medium,TRAFFIC SIGNAL,NONE DETECTED,Yes,No Apparent Injury,"SLEET, HAIL, FREEZ. RAIN, WET",UNKNOWN,NA,UNKNOWN,CHANGING LANES,25,No,0,UNKNOWN,UNKNOWN,39.03126833,-77.04819,2023,11,22
230067006,Property Damage Crash,11/17/2023 10:45:00 PM,GEORGIA AVE,NA,SAME DIRECTION SIDESWIPE,Rain,WET,Medium,TRAFFIC SIGNAL,NONE DETECTED,No,No Apparent Injury,"SLEET, HAIL, FREEZ. RAIN, WET",NOT DISTRACTED,MD,PASSENGER CAR,MOVING CONSTANT SPEED,30,No,2004,TOYT,SD,39.03126833,-77.04819,2023,11,22
230067005,Property Damage Crash,11/17/2023 10:35:00 PM,CAPITOL VIEW AVE,NA,SINGLE VEHICLE,Rain,WET,Medium,NO CONTROLS,NONE DETECTED,No,No Apparent Injury,"RAIN, SNOW, WET",NOT DISTRACTED,MD,PASSENGER CAR,NEGOTIATING A CURVE,25,No,2015,TOYOTA,COROLLA,39.02310667,-77.06236667,2023,11,22
230067486,Property Damage Crash,11/17/2023 10:22:00 PM,GEORGIA AVE,NA,SAME DIR REAR END,Rain,WET,Medium,TRAFFIC SIGNAL,NONE DETECTED,Yes,No Apparent Injury,"SLEET, HAIL, FREEZ. RAIN, WET",UNKNOWN,NA,NA,MOVING CONSTANT SPEED,30,No,0,UNKNOWN,UNKNOWN,39.03174684,-77.04829444,2023,11,22
230067486,Property Damage Crash,11/17/2023 10:22:00 PM,GEORGIA AVE,NA,SAME DIR REAR END,Rain,WET,Medium,TRAFFIC SIGNAL,NONE DETECTED,No,No Apparent Injury,"SLEET, HAIL, FREEZ. RAIN, WET",NOT DISTRACTED,MD,PASSENGER CAR,ACCELERATING,30,No,2004,TOYOTA,SD,39.03174684,-77.04829444,2023,11,22
230066990,Injury Crash,11/17/2023 09:08:00 PM,NEW HAMPSHIRE AVE,NA,STRAIGHT MOVEMENT ANGLE,Clear,DRY,Dark,NO CONTROLS,NONE DETECTED,Yes,No Apparent Injury,N/A,LOOKED BUT DID NOT SEE,MD,PASSENGER CAR,BACKING,40,No,2023,CHEVROLET,SUBBURBAN,39.03033217,-76.983957,2023,11,21
230066990,Injury Crash,11/17/2023 09:08:00 PM,NEW HAMPSHIRE AVE,NA,STRAIGHT MOVEMENT ANGLE,Clear,DRY,Dark,NO CONTROLS,NONE DETECTED,No,Possible Minor Injury,N/A,NOT DISTRACTED,DC,PASSENGER CAR,MOVING CONSTANT SPEED,40,No,2019,MITSUBISHI,MIRAGE,39.03033217,-76.983957,2023,11,21
230066964,Injury Crash,11/17/2023 07:06:00 PM,GREAT SENECA HWY,NA,SAME DIR REAR END,Clear,DRY,Medium,NO CONTROLS,NONE DETECTED,No,Possible Minor Injury,N/A,NOT DISTRACTED,MD,PASSENGER CAR,SLOWING OR STOPPING,45,No,2016,JEEP,TK,39.16783073,-77.26762097,2023,11,19
230066964,Injury Crash,11/17/2023 07:06:00 PM,GREAT SENECA HWY,NA,SAME DIR REAR END,Clear,DRY,Medium,NO CONTROLS,NONE DETECTED,Yes,No Apparent Injury,N/A,UNKNOWN,MD,PASSENGER CAR,MOVING CONSTANT SPEED,45,No,2013,HOND,SD,39.16783073,-77.26762097,2023,11,19
230066957,Property Damage Crash,11/17/2023 06:45:00 PM,UNIVERSITY BLVD E,NA,OTHER,Clear,DRY,Medium,TRAFFIC SIGNAL,NONE DETECTED,No,No Apparent Injury,N/A,NOT DISTRACTED,MD,SCHOOL BUS,STOPPED IN TRAFFIC LANE,35,No,2022,THOMAS,BUS,39.020175,-77.01200167,2023,11,18
230066957,Property Damage Crash,11/17/2023 06:45:00 PM,UNIVERSITY BLVD E,NA,OTHER,Clear,DRY,Medium,TRAFFIC SIGNAL,NONE DETECTED,Yes,No Apparent Injury,N/A,INATTENTIVE OR LOST IN THOUGHT,MD,PASSENGER CAR,CHANGING LANES,35,No,2023,TOYT,SD,39.020175,-77.01200167,2023,11,18
230066962,Injury Crash,11/17/2023 06:18:00 PM,RIVER RD,NA,SAME DIR REAR END,Clear,DRY,Medium,NO CONTROLS,NONE DETECTED,Yes,Possible Minor Injury,N/A,LOOKED BUT DID NOT SEE,MD,PASSENGER CAR,MOVING CONSTANT SPEED,35,No,2010,MERZ,E350,38.9906085,-77.15400717,2023,11,18
230066962,Injury Crash,11/17/2023 06:18:00 PM,RIVER RD,NA,SAME DIR REAR END,Clear,DRY,Medium,NO CONTROLS,NONE DETECTED,No,Possible Minor Injury,N/A,NOT DISTRACTED,MD,PASSENGER CAR,SLOWING OR STOPPING,35,No,2022,CHEVY,MALIBU,38.9906085,-77.15400717,2023,11,18
230066947,Property Damage Crash,11/17/2023 05:44:00 PM,FIRST ST,NA,SAME DIR REAR END,Clear,DRY,Medium,NO CONTROLS,NONE DETECTED,No,No Apparent Injury,N/A,NOT DISTRACTED,MD,PASSENGER CAR,MOVING CONSTANT SPEED,35,No,2023,TOYOTA,HIGHLANDER,39.08276343,-77.13675206,2023,11,17
230066947,Property Damage Crash,11/17/2023 05:44:00 PM,FIRST ST,NA,SAME DIR REAR END,Clear,DRY,Medium,NO CONTROLS,NONE DETECTED,Yes,No Apparent Injury,N/A,NOT DISTRACTED,MD,PASSENGER CAR,ACCELERATING,35,No,2013,HYUN,ELANTRA,39.08276343,-77.13675206,2023,11,17
230066940,Injury Crash,11/17/2023 05:25:00 PM,MUDDY BRANCH RD,NA,HEAD ON LEFT TURN,Clear,DRY,Medium,TRAFFIC SIGNAL,NONE DETECTED,Yes,No Apparent Injury,N/A,LOOKED BUT DID NOT SEE,MD,PASSENGER CAR,MAKING LEFT TURN,40,No,2019,TOYOTA,HIGHLANDER,39.13689883,-77.20546983,2023,11,17
230066940,Injury Crash,11/17/2023 05:25:00 PM,MUDDY BRANCH RD,NA,HEAD ON LEFT TURN,Clear,DRY,Medium,TRAFFIC SIGNAL,NONE DETECTED,No,Possible Minor Injury,N/A,NOT DISTRACTED,MD,PASSENGER CAR,MOVING CONSTANT SPEED,40,No,2013,TOYOTA,CAMRY,39.13689883,-77.20546983,2023,11,17
230066938,Injury Crash,11/17/2023 05:21:00 PM,WOODFIELD RD,NA,STRAIGHT MOVEMENT ANGLE,Clear,DRY,Medium,TRAFFIC SIGNAL,NONE DETECTED,No,Suspected Serious Injury,N/A,NOT DISTRACTED,MD,PASSENGER CAR,MAKING LEFT TURN,30,No,2017,VOLK,JETTA,39.15635167,-77.16560267,2023,11,17
230066938,Injury Crash,11/17/2023 05:21:00 PM,WOODFIELD RD,NA,STRAIGHT MOVEMENT ANGLE,Clear,DRY,Medium,TRAFFIC SIGNAL,NONE DETECTED,Yes,Suspected Serious Injury,N/A,UNKNOWN,MD,UNKNOWN,MAKING RIGHT TURN,30,No,2002,FORD,EXPLORER,39.15635167,-77.16560267,2023,11,17
230066963,Property Damage Crash,11/17/2023 05:05:00 PM,RANDOLPH RD,NA,SAME DIRECTION SIDESWIPE,Clear,DRY,Medium,TRAFFIC SIGNAL,NONE DETECTED,No,No Apparent Injury,N/A,NOT DISTRACTED,MD,PASSENGER CAR,STOPPED IN TRAFFIC LANE,35,No,2017,CHEVY,CRUZ,39.05722167,-77.07355767,2023,11,17
230066963,Property Damage Crash,11/17/2023 05:05:00 PM,RANDOLPH RD,NA,SAME DIRECTION SIDESWIPE,Clear,DRY,Medium,TRAFFIC SIGNAL,NONE DETECTED,Yes,No Apparent Injury,N/A,LOOKED BUT DID NOT SEE,MD,AMBULANCE/EMERGENCY,ACCELERATING,35,No,2020,FRHT,AMBULANCE,39.05722167,-77.07355767,2023,11,17
230066932,Injury Crash,11/17/2023 04:10:00 PM,MONTGOMERY VILLAGE AVE,PEDESTRIAN,OTHER,Clear,DRY,Medium,NO CONTROLS,NONE DETECTED,No,No Apparent Injury,N/A,NOT DISTRACTED,MD,PASSENGER CAR,MOVING CONSTANT SPEED,35,No,2009,TOYT,SD,39.17238667,-77.20381167,2023,11,16
230066916,Property Damage Crash,11/17/2023 02:50:00 PM,NEW HAMPSHIRE AVE,NA,OTHER,Clear,DRY,Daylight,TRAFFIC SIGNAL,NONE DETECTED,Yes,No Apparent Injury,N/A,UNKNOWN,MD,(SPORT) UTILITY VEHICLE,MAKING LEFT TURN,40,No,2020,HONDA,PILOT,38.99700833,-77.03159,2023,11,14
230066916,Property Damage Crash,11/17/2023 02:50:00 PM,NEW HAMPSHIRE AVE,NA,OTHER,Clear,DRY,Daylight,TRAFFIC SIGNAL,NONE DETECTED,No,No Apparent Injury,N/A,NOT DISTRACTED,MD,(SPORT) UTILITY VEHICLE,MOVING CONSTANT SPEED,40,No,2019,NISSAN,ROGUE,38.99700833,-77.03159,2023,11,14
230066918,Property Damage Crash,11/17/2023 02:43:00 PM,1400 VEIRS MILL ROAD,NA,SAME DIR REAR END,Clear,DRY,Daylight,N/A,NONE DETECTED,Yes,No Apparent Injury,N/A,OTHER DISTRACTION,MD,PASSENGER CAR,MOVING CONSTANT SPEED,35,No,2016,RAM,TK,39.07778482,-77.12631412,2023,11,14
230066918,Property Damage Crash,11/17/2023 02:43:00 PM,1400 VEIRS MILL ROAD,NA,SAME DIR REAR END,Clear,DRY,Daylight,N/A,NONE DETECTED,No,No Apparent Injury,N/A,NOT DISTRACTED,CA,PASSENGER CAR,STOPPED IN TRAFFIC LANE,35,No,2011,CHEVY,SILVERADO,39.07778482,-77.12631412,2023,11,14
230066918,Property Damage Crash,11/17/2023 02:43:00 PM,1400 VEIRS MILL ROAD,NA,SAME DIR REAR END,Clear,DRY,Daylight,N/A,NONE DETECTED,No,No Apparent Injury,N/A,NOT DISTRACTED,MD,PASSENGER CAR,SLOWING OR STOPPING,35,No,2018,HYUN,4S,39.07778482,-77.12631412,2023,11,14
230066896,Injury Crash,11/17/2023 01:03:00 PM,NA,NA,OTHER,Clear,NA,Daylight,N/A,NONE DETECTED,Yes,Suspected Serious Injury,N/A,NOT DISTRACTED,MD,PASSENGER CAR,ACCELERATING,0,No,2022,MERCEDES,S500,38.962585,-77.08456317,2023,11,13
230066897,Property Damage Crash,11/17/2023 01:01:00 PM,BARITONE CT,NA,HEAD ON LEFT TURN,Clear,DRY,Daylight,NO CONTROLS,NONE DETECTED,Yes,No Apparent Injury,N/A,NOT DISTRACTED,MD,SCHOOL BUS,NEGOTIATING A CURVE,25,No,2016,THOMAS,SCHOOL BUS,39.04312333,-76.994665,2023,11,13
230066897,Property Damage Crash,11/17/2023 01:01:00 PM,BARITONE CT,NA,HEAD ON LEFT TURN,Clear,DRY,Daylight,NO CONTROLS,NONE DETECTED,No,No Apparent Injury,N/A,NO DRIVER PRESENT,MD,VAN,PARKED,25,No,2000,FORD,MAIL TRUCK,39.04312333,-76.994665,2023,11,13
230066890,Injury Crash,11/17/2023 12:30:00 PM,OLD GEORGETOWN RD,PEDESTRIAN,OTHER,Clear,DRY,Daylight,NO CONTROLS,NONE DETECTED,No,No Apparent Injury,N/A,NOT DISTRACTED,NC,PASSENGER CAR,MOVING CONSTANT SPEED,15,No,2013,VW,PASSAT,39.02330696,-77.12405435,2023,11,12
230066887,Property Damage Crash,11/17/2023 11:45:00 AM,MUDDY BRANCH RD,NA,HEAD ON LEFT TURN,Cloudy,DRY,Daylight,TRAFFIC SIGNAL,NONE DETECTED,Yes,No Apparent Injury,N/A,UNKNOWN,MD,"CARGO VAN/LIGHT TRUCK 2 AXLES (OVER 10,000LBS (4,536 KG))",MAKING LEFT TURN,35,No,1999,FORD,E250,39.129068,-77.207473,2023,11,11
230066887,Property Damage Crash,11/17/2023 11:45:00 AM,MUDDY BRANCH RD,NA,HEAD ON LEFT TURN,Cloudy,DRY,Daylight,TRAFFIC SIGNAL,NONE DETECTED,No,No Apparent Injury,N/A,NOT DISTRACTED,MD,PASSENGER CAR,MOVING CONSTANT SPEED,35,No,2008,NISS,PATHFINDER,39.129068,-77.207473,2023,11,11
230066883,Property Damage Crash,11/17/2023 11:33:00 AM,GEORGIA AVE,NA,STRAIGHT MOVEMENT ANGLE,Clear,DRY,Daylight,NO CONTROLS,NONE DETECTED,Yes,No Apparent Injury,N/A,NOT DISTRACTED,MD,(SPORT) UTILITY VEHICLE,MAKING U TURN,30,No,2009,HONDA,CRV,39.15851667,-77.06468167,2023,11,11
230066883,Property Damage Crash,11/17/2023 11:33:00 AM,GEORGIA AVE,NA,STRAIGHT MOVEMENT ANGLE,Clear,DRY,Daylight,NO CONTROLS,NONE DETECTED,No,No Apparent Injury,N/A,NOT DISTRACTED,MD,PASSENGER CAR,MOVING CONSTANT SPEED,30,No,2007,TOYT,4S,39.15851667,-77.06468167,2023,11,11
230066876,Injury Crash,11/17/2023 11:14:00 AM,OLD GEORGETOWN RD,NA,STRAIGHT MOVEMENT ANGLE,Clear,DRY,Daylight,TRAFFIC SIGNAL,NONE DETECTED,Yes,Possible Minor Injury,N/A,LOOKED BUT DID NOT SEE,MD,PASSENGER CAR,MOVING CONSTANT SPEED,40,No,2022,HONDA,HRV,39.03459333,-77.12500167,2023,11,11
230066876,Injury Crash,11/17/2023 11:14:00 AM,OLD GEORGETOWN RD,NA,STRAIGHT MOVEMENT ANGLE,Clear,DRY,Daylight,TRAFFIC SIGNAL,NONE DETECTED,No,No Apparent Injury,N/A,NOT DISTRACTED,MD,PASSENGER CAR,MOVING CONSTANT SPEED,40,No,2019,TOYOTA,COROLLA,39.03459333,-77.12500167,2023,11,11
230066871,Injury Crash,11/17/2023 10:48:00 AM,GEORGIA AVE,NA,STRAIGHT MOVEMENT ANGLE,Clear,DRY,Daylight,N/A,NONE DETECTED,Unknown,Possible Minor Injury,N/A,LOOKED BUT DID NOT SEE,MD,PASSENGER CAR,MAKING LEFT TURN,30,No,2017,NISSAN,ROGUE,39.000725,-77.03358167,2023,11,10
230066871,Injury Crash,11/17/2023 10:48:00 AM,GEORGIA AVE,NA,STRAIGHT MOVEMENT ANGLE,Clear,DRY,Daylight,N/A,NONE DETECTED,Unknown,No Apparent Injury,N/A,LOOKED BUT DID NOT SEE,MD,PASSENGER CAR,MOVING CONSTANT SPEED,30,No,2018,NISSAN,ALTIMA,39.000725,-77.03358167,2023,11,10
230066861,Injury Crash,11/17/2023 09:52:00 AM,TUCKERMAN LA,NA,HEAD ON LEFT TURN,Clear,DRY,Daylight,TRAFFIC SIGNAL,NONE DETECTED,No,Possible Minor Injury,N/A,NOT DISTRACTED,MD,PASSENGER CAR,MOVING CONSTANT SPEED,30,No,2013,LINCOLN,MKX,39.04059983,-77.15896017,2023,11,9
230066861,Injury Crash,11/17/2023 09:52:00 AM,TUCKERMAN LA,NA,HEAD ON LEFT TURN,Clear,DRY,Daylight,TRAFFIC SIGNAL,NONE DETECTED,Yes,Possible Minor Injury,N/A,UNKNOWN,MD,PASSENGER CAR,MAKING LEFT TURN,30,No,2016,KIA,SORENTO,39.04059983,-77.15896017,2023,11,9
230066856,Property Damage Crash,11/17/2023 09:06:00 AM,PINEY BRANCH RD,NA,SAME DIR REAR END,Cloudy,DRY,Daylight,TRAFFIC SIGNAL,NONE DETECTED,No,No Apparent Injury,N/A,NOT DISTRACTED,MD,VAN,STOPPED IN TRAFFIC LANE,30,No,2016,DODGE,RAM,39.00011816,-76.99049976,2023,11,9
230066856,Property Damage Crash,11/17/2023 09:06:00 AM,PINEY BRANCH RD,NA,SAME DIR REAR END,Cloudy,DRY,Daylight,TRAFFIC SIGNAL,NONE DETECTED,Yes,No Apparent Injury,N/A,UNKNOWN,MD,PASSENGER CAR,MOVING CONSTANT SPEED,30,No,2006,HONDA,ACCORD,39.00011816,-76.99049976,2023,11,9
230066973,Property Damage Crash,11/17/2023 07:45:00 AM,GOODHILL RD,NA,SAME DIRECTION SIDESWIPE,Clear,DRY,Daylight,NO CONTROLS,NONE DETECTED,Yes,No Apparent Injury,N/A,UNKNOWN,MD,SCHOOL BUS,UNKNOWN,25,No,2015,THOMAS,BUS,39.06531727,-77.07171654,2023,11,7
230066846,Injury Crash,11/17/2023 07:40:00 AM,BROADWATER DR,NA,OTHER,Cloudy,DRY,Daylight,NO CONTROLS,NONE DETECTED,Yes,Possible Minor Injury,N/A,OTHER DISTRACTION,MD,PASSENGER CAR,MOVING CONSTANT SPEED,25,No,2017,TOYT,SUV,39.169733,-77.19346667,2023,11,7
230066843,Injury Crash,11/17/2023 06:30:00 AM,ASPEN HILL RD,PEDESTRIAN,OTHER,Clear,DRY,Medium,OTHER,NONE DETECTED,Yes,No Apparent Injury,N/A,INATTENTIVE OR LOST IN THOUGHT,MD,PASSENGER CAR,MOVING CONSTANT SPEED,25,No,2020,TOYOTA,CAMRY,39.07093817,-77.10181125,2023,11,6
230066803,Property Damage Crash,11/16/2023 09:29:00 PM,SANDY SPRING RD,NA,SINGLE VEHICLE,Clear,DRY,Medium,NO CONTROLS,NONE DETECTED,Yes,No Apparent Injury,N/A,INATTENTIVE OR LOST IN THOUGHT,MD,PASSENGER CAR,MOVING CONSTANT SPEED,35,No,2017,FORD,EXPLORER,39.10637134,-76.91501015,2023,11,21
230066805,Injury Crash,11/16/2023 08:57:00 PM,S PARK AVE,NA,STRAIGHT MOVEMENT ANGLE,Clear,DRY,Medium,NO CONTROLS,NONE DETECTED,Yes,No Apparent Injury,N/A,UNKNOWN,MD,PASSENGER CAR,MOVING CONSTANT SPEED,25,No,2008,LEXUS,GS 350,38.96336766,-77.08821136,2023,11,20
230066805,Injury Crash,11/16/2023 08:57:00 PM,S PARK AVE,NA,STRAIGHT MOVEMENT ANGLE,Clear,DRY,Medium,NO CONTROLS,NONE DETECTED,Yes,Possible Minor Injury,N/A,UNKNOWN,MD,PASSENGER CAR,MOVING CONSTANT SPEED,25,No,2013,BMW,528I,38.96336766,-77.08821136,2023,11,20
230066787,Property Damage Crash,11/16/2023 07:13:00 PM,GEORGIA AVE,NA,SAME DIRECTION SIDESWIPE,Clear,DRY,Medium,N/A,NONE DETECTED,No,No Apparent Injury,N/A,NOT DISTRACTED,MD,TRANSIT BUS,STOPPED IN TRAFFIC LANE,30,No,2013,NEW,TBU,39.01621167,-77.04279,2023,11,19