Local Case Number,ACRS Report Type,Crash Date/Time,Road Name,Related Non-Motorist,Collision Type,Weather,Surface Condition,Light,Traffic Control,Driver Substance Abuse,Driver At Fault,Injury Severity,Circumstance,Driver Distracted By,Drivers License State,Vehicle Body Type,Vehicle Movement,Speed Limit,Driverless Vehicle,Vehicle Year,Vehicle Make,Vehicle Model,Latitude,Longitude,Year,Month,Hour
230066787,Property Damage Crash,11/16/2023 07:13:00 PM,GEORGIA AVE,NA,SAME DIRECTION SIDESWIPE,Clear,DRY,Medium,N/A,NONE DETECTED,Yes,No Apparent Injury,N/A,UNKNOWN,NA,UNKNOWN,MOVING CONSTANT SPEED,30,No,0,UNKNOWN,UNKNOWN,39.01621167,-77.04279,2023,11,19
230066780,Property Damage Crash,11/16/2023 07:01:00 PM,NA,NA,HEAD ON LEFT TURN,Clear,NA,Medium,STOP SIGN,NONE DETECTED,Yes,No Apparent Injury,N/A,LOOKED BUT DID NOT SEE,NY,(SPORT) UTILITY VEHICLE,MAKING LEFT TURN,15,No,2022,BMW,X7,39.17245667,-77.26676833,2023,11,19
230066780,Property Damage Crash,11/16/2023 07:01:00 PM,NA,NA,HEAD ON LEFT TURN,Clear,NA,Medium,STOP SIGN,NONE DETECTED,No,No Apparent Injury,N/A,NOT DISTRACTED,MD,PASSENGER CAR,MAKING RIGHT TURN,15,No,2010,CHEVY,COBALT,39.17245667,-77.26676833,2023,11,19
230066777,Property Damage Crash,11/16/2023 06:19:00 PM,TRAVILAH RD,NA,HEAD ON,Clear,DRY,Dark,NO CONTROLS,ALCOHOL PRESENT,Unknown,No Apparent Injury,N/A,UNKNOWN,MD,PASSENGER CAR,MOVING CONSTANT SPEED,30,No,2009,NISSAN,ALTIMA,39.070195,-77.26215685,2023,11,18
230066777,Property Damage Crash,11/16/2023 06:19:00 PM,TRAVILAH RD,NA,HEAD ON,Clear,DRY,Dark,NO CONTROLS,NONE DETECTED,Unknown,No Apparent Injury,N/A,NOT DISTRACTED,MD,(SPORT) UTILITY VEHICLE,MOVING CONSTANT SPEED,30,No,2017,VOLVO,X90,39.070195,-77.26215685,2023,11,18
230066764,Injury Crash,11/16/2023 06:05:00 PM,SETTLERS LANDING WAY,PEDESTRIAN,SINGLE VEHICLE,Clear,DRY,Medium,NO CONTROLS,NONE DETECTED,Unknown,No Apparent Injury,N/A,NOT DISTRACTED,MD,PASSENGER CAR,MAKING RIGHT TURN,30,No,2015,TOYT,RAV 4,39.0906019,-77.22631213,2023,11,18
230066759,Property Damage Crash,11/16/2023 06:00:00 PM,QUINCE ORCHARD RD,NA,SAME DIR REAR END,Clear,DRY,Medium,TRAFFIC SIGNAL,NONE DETECTED,No,No Apparent Injury,N/A,NOT DISTRACTED,MD,PASSENGER CAR,STOPPED IN TRAFFIC LANE,40,No,2010,HONDA,CIVIC,39.13998167,-77.22168833,2023,11,18
230066759,Property Damage Crash,11/16/2023 06:00:00 PM,QUINCE ORCHARD RD,NA,SAME DIR REAR END,Clear,DRY,Medium,TRAFFIC SIGNAL,NONE DETECTED,No,No Apparent Injury,N/A,NOT DISTRACTED,MD,PASSENGER CAR,STOPPED IN TRAFFIC LANE,40,No,2012,TOYOTA,SIENNA,39.13998167,-77.22168833,2023,11,18
230066759,Property Damage Crash,11/16/2023 06:00:00 PM,QUINCE ORCHARD RD,NA,SAME DIR REAR END,Clear,DRY,Medium,TRAFFIC SIGNAL,NONE DETECTED,Yes,No Apparent Injury,N/A,UNKNOWN,MD,PASSENGER CAR,MOVING CONSTANT SPEED,40,No,2013,HUNDAI,ELANTRA,39.13998167,-77.22168833,2023,11,18
230066757,Property Damage Crash,11/16/2023 05:55:00 PM,MUDDY BRANCH RD,NA,STRAIGHT MOVEMENT ANGLE,Clear,DRY,Medium,NO CONTROLS,NONE DETECTED,No,No Apparent Injury,N/A,NOT DISTRACTED,MD,STATION WAGON,MOVING CONSTANT SPEED,45,No,2017,TOYT,TK,39.10470077,-77.2199417,2023,11,17
230066757,Property Damage Crash,11/16/2023 05:55:00 PM,MUDDY BRANCH RD,NA,STRAIGHT MOVEMENT ANGLE,Clear,DRY,Medium,NO CONTROLS,NONE DETECTED,Yes,No Apparent Injury,N/A,LOOKED BUT DID NOT SEE,MD,(SPORT) UTILITY VEHICLE,MAKING LEFT TURN,45,No,2022,LEXS,UT,39.10470077,-77.2199417,2023,11,17
230066775,Property Damage Crash,11/16/2023 05:54:00 PM,RIVER RD,NA,SAME DIRECTION RIGHT TURN,Clear,DRY,Dark,NO CONTROLS,NONE DETECTED,No,No Apparent Injury,N/A,NOT DISTRACTED,MD,PASSENGER CAR,MOVING CONSTANT SPEED,35,No,2013,HYUNDAI,VELOSTER,38.97072933,-77.1167175,2023,11,17
230066775,Property Damage Crash,11/16/2023 05:54:00 PM,RIVER RD,NA,SAME DIRECTION RIGHT TURN,Clear,DRY,Dark,NO CONTROLS,NONE DETECTED,Yes,No Apparent Injury,N/A,LOOKED BUT DID NOT SEE,DC,PASSENGER CAR,MAKING LEFT TURN,35,No,2016,BMW,320,38.97072933,-77.1167175,2023,11,17
230066761,Property Damage Crash,11/16/2023 05:50:00 PM,DENNIS AVE,NA,ANGLE MEETS LEFT TURN,Clear,DRY,Medium,NO CONTROLS,NONE DETECTED,Yes,No Apparent Injury,N/A,UNKNOWN,NA,MOTORCYCLE,MOVING CONSTANT SPEED,30,No,2020,SANYOU HOLDING GROUP,YINYOU MOTORCYCLE CO,39.02613,-77.03492,2023,11,17
230066761,Property Damage Crash,11/16/2023 05:50:00 PM,DENNIS AVE,NA,ANGLE MEETS LEFT TURN,Clear,DRY,Medium,NO CONTROLS,NONE DETECTED,No,No Apparent Injury,N/A,NOT DISTRACTED,MD,PASSENGER CAR,MAKING LEFT TURN,30,No,2023,GMC,SIERRA,39.02613,-77.03492,2023,11,17
23002228,Injury Crash,11/16/2023 05:33:00 PM,E GUDE DR,NA,SAME DIR REAR END,Clear,DRY,Medium,N/A,NONE DETECTED,Yes,Possible Minor Injury,N/A,UNKNOWN,NA,PASSENGER CAR,SLOWING OR STOPPING,10,No,0,UNKNOWN,UNKNOWN,39.0976585,-77.13600883,2023,11,17
23002228,Injury Crash,11/16/2023 05:33:00 PM,E GUDE DR,NA,SAME DIR REAR END,Clear,DRY,Medium,N/A,NONE DETECTED,No,Possible Minor Injury,N/A,NOT DISTRACTED,MD,PASSENGER CAR,SLOWING OR STOPPING,0,No,2011,MERCEDES,C300,39.0976585,-77.13600883,2023,11,17
230066753,Injury Crash,11/16/2023 05:26:00 PM,INTERCOUNTY CONNECTOR,NA,SAME DIR REAR END,Clear,DRY,Medium,TRAFFIC SIGNAL,NONE DETECTED,Yes,No Apparent Injury,N/A,NOT DISTRACTED,MD,(SPORT) UTILITY VEHICLE,SLOWING OR STOPPING,50,No,2016,JEEP,GRAND CHEROKEE,39.08904676,-76.99947015,2023,11,17
230066753,Injury Crash,11/16/2023 05:26:00 PM,INTERCOUNTY CONNECTOR,NA,SAME DIR REAR END,Clear,DRY,Medium,TRAFFIC SIGNAL,NONE DETECTED,No,Possible Minor Injury,N/A,NOT DISTRACTED,MD,(SPORT) UTILITY VEHICLE,SLOWING OR STOPPING,50,No,2021,SUBA,IMPREZA,39.08904676,-76.99947015,2023,11,17
230066742,Injury Crash,11/16/2023 04:40:00 PM,OLD COLUMBIA PIKE,NA,HEAD ON,Clear,DRY,Daylight,NO CONTROLS,NONE DETECTED,No,Possible Minor Injury,N/A,NOT DISTRACTED,MD,PASSENGER CAR,MOVING CONSTANT SPEED,25,No,2010,TOYT,SD,39.110815,-76.93370367,2023,11,16
230066742,Injury Crash,11/16/2023 04:40:00 PM,OLD COLUMBIA PIKE,NA,HEAD ON,Clear,DRY,Daylight,NO CONTROLS,NONE DETECTED,No,Possible Minor Injury,N/A,NOT DISTRACTED,ON,PASSENGER CAR,SLOWING OR STOPPING,25,No,2016,LEXUS,RX350,39.110815,-76.93370367,2023,11,16
230066742,Injury Crash,11/16/2023 04:40:00 PM,OLD COLUMBIA PIKE,NA,HEAD ON,Clear,DRY,Daylight,NO CONTROLS,NONE DETECTED,Yes,Possible Minor Injury,N/A,UNKNOWN,MD,PASSENGER CAR,MOVING CONSTANT SPEED,25,No,2019,HYUNDAI,SONATA,39.110815,-76.93370367,2023,11,16
230066738,Property Damage Crash,11/16/2023 04:04:00 PM,GEORGIA AVE,NA,SAME DIRECTION RIGHT TURN,Clear,DRY,Daylight,NO CONTROLS,NONE DETECTED,No,No Apparent Injury,N/A,NOT DISTRACTED,MD,(SPORT) UTILITY VEHICLE,STOPPED IN TRAFFIC LANE,30,No,2018,NISS,TK,39.1472401,-77.06684365,2023,11,16
230066738,Property Damage Crash,11/16/2023 04:04:00 PM,GEORGIA AVE,NA,SAME DIRECTION RIGHT TURN,Clear,DRY,Daylight,NO CONTROLS,NONE DETECTED,Yes,No Apparent Injury,N/A,UNKNOWN,MD,"MEDIUM/HEAVY TRUCKS 3 AXLES (OVER 10,000LBS (4,536KG))",CHANGING LANES,30,No,2017,MACK,DUMPTRUCK,39.1472401,-77.06684365,2023,11,16
230066530,Property Damage Crash,11/16/2023 04:01:00 PM,KEOKUK ST,NA,SAME DIRECTION SIDESWIPE,Clear,DRY,Daylight,NO CONTROLS,NONE DETECTED,Yes,No Apparent Injury,N/A,OTHER DISTRACTION,MD,SCHOOL BUS,SLOWING OR STOPPING,25,No,2021,THOMAS,CONV-MSDE-C8,38.9564974,-77.0976003,2023,11,16
230066530,Property Damage Crash,11/16/2023 04:01:00 PM,KEOKUK ST,NA,SAME DIRECTION SIDESWIPE,Clear,DRY,Daylight,NO CONTROLS,NONE DETECTED,No,No Apparent Injury,N/A,NOT DISTRACTED,MD,PASSENGER CAR,PARKED,25,No,2016,MERCEDES,GLE350,38.9564974,-77.0976003,2023,11,16
230066734,Injury Crash,11/16/2023 03:49:00 PM,NA,NA,SINGLE VEHICLE,Clear,NA,Daylight,N/A,NONE DETECTED,Yes,Possible Minor Injury,N/A,NOT DISTRACTED,MD,PASSENGER CAR,ACCELERATING,15,No,2013,HONDA,CIVIC,39.02448667,-77.12421833,2023,11,15
230066732,Injury Crash,11/16/2023 03:20:00 PM,GEORGIA AVE,BICYCLIST,HEAD ON LEFT TURN,Clear,DRY,Daylight,TRAFFIC SIGNAL,NONE DETECTED,Yes,No Apparent Injury,N/A,UNKNOWN,MD,PASSENGER CAR,MAKING LEFT TURN,25,No,2009,HOND,CR-V,39.17206833,-77.05902167,2023,11,15
230066723,Property Damage Crash,11/16/2023 03:00:00 PM,PARK RD,NA,SAME DIRECTION RIGHT TURN,Clear,DRY,Daylight,TRAFFIC SIGNAL,NONE DETECTED,Yes,No Apparent Injury,N/A,NOT DISTRACTED,MD,PASSENGER CAR,MOVING CONSTANT SPEED,30,No,2019,FORD,4S,39.08686651,-77.14351981,2023,11,15
230066723,Property Damage Crash,11/16/2023 03:00:00 PM,PARK RD,NA,SAME DIRECTION RIGHT TURN,Clear,DRY,Daylight,TRAFFIC SIGNAL,NONE DETECTED,No,No Apparent Injury,N/A,NOT DISTRACTED,MD,TRANSIT BUS,MOVING CONSTANT SPEED,30,No,2013,GILL,BU,39.08686651,-77.14351981,2023,11,15
230066719,Property Damage Crash,11/16/2023 02:27:00 PM,GEORGIA AVE,NA,SAME DIR REAR END,Clear,DRY,Daylight,TRAFFIC SIGNAL,NONE DETECTED,No,No Apparent Injury,N/A,NOT DISTRACTED,MD,SCHOOL BUS,STOPPED IN TRAFFIC LANE,35,No,2021,FORD,E350,39.057209,-77.04988233,2023,11,14
230066719,Property Damage Crash,11/16/2023 02:27:00 PM,GEORGIA AVE,NA,SAME DIR REAR END,Clear,DRY,Daylight,TRAFFIC SIGNAL,NONE DETECTED,Yes,No Apparent Injury,N/A,UNKNOWN,MD,PASSENGER CAR,STOPPED IN TRAFFIC LANE,35,No,2020,HONDA,CRV,39.057209,-77.04988233,2023,11,14
230066707,Property Damage Crash,11/16/2023 02:00:00 PM,NEW HAMPSHIRE AVE,NA,SAME DIR REAR END,Clear,DRY,Daylight,TRAFFIC SIGNAL,NONE DETECTED,Yes,No Apparent Injury,"N/A, VISION OBSTRUCTION (INCL. BLINDED BY SUN)",OTHER DISTRACTION,MD,VAN,MOVING CONSTANT SPEED,40,No,2020,TOYOTA,SIENNA,39.07307692,-77.00285176,2023,11,14
230066707,Property Damage Crash,11/16/2023 02:00:00 PM,NEW HAMPSHIRE AVE,NA,SAME DIR REAR END,Clear,DRY,Daylight,TRAFFIC SIGNAL,NONE DETECTED,No,No Apparent Injury,"N/A, VISION OBSTRUCTION (INCL. BLINDED BY SUN)",NOT DISTRACTED,MD,PASSENGER CAR,STOPPED IN TRAFFIC LANE,40,No,2020,HONDA,CIVIC,39.07307692,-77.00285176,2023,11,14
230066709,Injury Crash,11/16/2023 01:35:00 PM,NORWOOD RD,NA,STRAIGHT MOVEMENT ANGLE,Clear,DRY,Daylight,TRAFFIC SIGNAL,NONE DETECTED,Yes,Possible Minor Injury,N/A,UNKNOWN,MD,PICKUP TRUCK,MOVING CONSTANT SPEED,35,No,2019,FORD,F150,39.12535667,-77.0274,2023,11,13
230066709,Injury Crash,11/16/2023 01:35:00 PM,NORWOOD RD,NA,STRAIGHT MOVEMENT ANGLE,Clear,DRY,Daylight,TRAFFIC SIGNAL,NONE DETECTED,No,No Apparent Injury,N/A,NOT DISTRACTED,MD,PASSENGER CAR,MOVING CONSTANT SPEED,40,No,2015,MERZ,C300,39.12535667,-77.0274,2023,11,13
230066693,Property Damage Crash,11/16/2023 12:09:00 PM,TOURNAY RD,NA,STRAIGHT MOVEMENT ANGLE,Clear,DRY,Daylight,STOP SIGN,NONE DETECTED,Yes,No Apparent Injury,"N/A, VISION OBSTRUCTION (INCL. BLINDED BY SUN)",LOOKED BUT DID NOT SEE,MD,PASSENGER CAR,MOVING CONSTANT SPEED,25,No,2015,TOYOTA,LAND CRUISER,38.94882833,-77.11043167,2023,11,12
230066693,Property Damage Crash,11/16/2023 12:09:00 PM,TOURNAY RD,NA,STRAIGHT MOVEMENT ANGLE,Clear,DRY,Daylight,STOP SIGN,NONE DETECTED,No,No Apparent Injury,"N/A, VISION OBSTRUCTION (INCL. BLINDED BY SUN)",NOT DISTRACTED,MD,PICKUP TRUCK,MOVING CONSTANT SPEED,25,No,2022,CHEVY,COLORADO,38.94882833,-77.11043167,2023,11,12
230066664,Property Damage Crash,11/16/2023 10:55:00 AM,NA,MACHINE OPERATOR/RIDER,SAME DIR REAR END,Clear,NA,Daylight,NO CONTROLS,NONE DETECTED,Yes,No Apparent Injury,N/A,LOOKED BUT DID NOT SEE,MD,PASSENGER CAR,PASSING,15,No,2022,TOYT,SD,39.15458667,-77.06462833,2023,11,10
230066642,Property Damage Crash,11/16/2023 09:15:00 AM,NORTHAMPTON DR,NA,SAME DIR REAR END,Clear,DRY,Daylight,TRAFFIC SIGNAL,NONE DETECTED,No,No Apparent Injury,N/A,NOT DISTRACTED,MD,(SPORT) UTILITY VEHICLE,STOPPED IN TRAFFIC LANE,15,No,2003,JEEP,UT,39.00691667,-76.98077167,2023,11,9
230066642,Property Damage Crash,11/16/2023 09:15:00 AM,NORTHAMPTON DR,NA,SAME DIR REAR END,Clear,DRY,Daylight,TRAFFIC SIGNAL,NONE DETECTED,Yes,No Apparent Injury,N/A,UNKNOWN,MD,SCHOOL BUS,STOPPED IN TRAFFIC LANE,15,No,2016,THOMAS,BUS,39.00691667,-76.98077167,2023,11,9
230066643,Property Damage Crash,11/16/2023 09:08:00 AM,SHADY GROVE RD,NA,SAME DIRECTION SIDESWIPE,Clear,DRY,Daylight,N/A,NONE DETECTED,Yes,No Apparent Injury,N/A,NOT DISTRACTED,MD,POLICE VEHICLE/EMERGENCY,MOVING CONSTANT SPEED,45,No,2014,FORD,TK,39.12906826,-77.16732525,2023,11,9
230066643,Property Damage Crash,11/16/2023 09:08:00 AM,SHADY GROVE RD,NA,SAME DIRECTION SIDESWIPE,Clear,DRY,Daylight,N/A,NONE DETECTED,No,No Apparent Injury,N/A,NOT DISTRACTED,MD,SCHOOL BUS,MOVING CONSTANT SPEED,45,No,2013,THOMAS,BUS,39.12906826,-77.16732525,2023,11,9
230066639,Property Damage Crash,11/16/2023 08:52:00 AM,WOODMONT AVE,NA,OTHER,Clear,DRY,Daylight,TRAFFIC SIGNAL,NONE DETECTED,No,No Apparent Injury,N/A,NOT DISTRACTED,VA,PASSENGER CAR,MAKING LEFT TURN,25,No,2021,TOYOTA,CAMRY,38.98318667,-77.09574833,2023,11,8
230066639,Property Damage Crash,11/16/2023 08:52:00 AM,WOODMONT AVE,NA,OTHER,Clear,DRY,Daylight,TRAFFIC SIGNAL,NONE DETECTED,Yes,No Apparent Injury,N/A,NOT DISTRACTED,MD,TRANSIT BUS,MAKING LEFT TURN,25,No,2016,GILL,BUS,38.98318667,-77.09574833,2023,11,8
230066634,Property Damage Crash,11/16/2023 08:50:00 AM,COLESVILLE RD,NA,SAME DIR REAR END,Clear,DRY,Daylight,NO CONTROLS,NONE DETECTED,Yes,No Apparent Injury,N/A,UNKNOWN,VA,PICKUP TRUCK,MOVING CONSTANT SPEED,40,No,2016,FORD,TK,39.00557643,-77.02252,2023,11,8
230066634,Property Damage Crash,11/16/2023 08:50:00 AM,COLESVILLE RD,NA,SAME DIR REAR END,Clear,DRY,Daylight,NO CONTROLS,NONE DETECTED,Yes,No Apparent Injury,N/A,UNKNOWN,MD,PASSENGER CAR,MOVING CONSTANT SPEED,40,No,2014,JEEP,TK,39.00557643,-77.02252,2023,11,8
230066634,Property Damage Crash,11/16/2023 08:50:00 AM,COLESVILLE RD,NA,SAME DIR REAR END,Clear,DRY,Daylight,NO CONTROLS,NONE DETECTED,No,No Apparent Injury,N/A,NOT DISTRACTED,MD,PASSENGER CAR,SLOWING OR STOPPING,40,No,2022,HYUNDAI,TUCSON,39.00557643,-77.02252,2023,11,8
23066631,Injury Crash,11/16/2023 08:30:00 AM,RIVER RD,NA,STRAIGHT MOVEMENT ANGLE,Clear,DRY,Daylight,TRAFFIC SIGNAL,NONE DETECTED,Yes,No Apparent Injury,N/A,NOT DISTRACTED,MD,PASSENGER CAR,MOVING CONSTANT SPEED,35,No,2021,JEEP,CHEROKEE,38.99106347,-77.15720857,2023,11,8
23066631,Injury Crash,11/16/2023 08:30:00 AM,RIVER RD,NA,STRAIGHT MOVEMENT ANGLE,Clear,DRY,Daylight,TRAFFIC SIGNAL,NONE DETECTED,No,No Apparent Injury,N/A,NOT DISTRACTED,MD,PASSENGER CAR,MOVING CONSTANT SPEED,35,No,2016,TOYOTA,TUNDRA,38.99106347,-77.15720857,2023,11,8
23066631,Injury Crash,11/16/2023 08:30:00 AM,RIVER RD,NA,STRAIGHT MOVEMENT ANGLE,Clear,DRY,Daylight,TRAFFIC SIGNAL,NONE DETECTED,No,Possible Minor Injury,N/A,NOT DISTRACTED,MD,PASSENGER CAR,MOVING CONSTANT SPEED,35,No,2016,NISSAN,ROGUE,38.99106347,-77.15720857,2023,11,8
230066626,Injury Crash,11/16/2023 08:06:00 AM,NA,PEDESTRIAN,OTHER,Clear,NA,Daylight,NO CONTROLS,NONE DETECTED,Yes,No Apparent Injury,"N/A, VISION OBSTRUCTION (INCL. BLINDED BY SUN)",LOOKED BUT DID NOT SEE,MD,PASSENGER CAR,MOVING CONSTANT SPEED,10,No,2019,INFI,UT,39.031155,-77.10003167,2023,11,8
230066629,Injury Crash,11/16/2023 07:59:00 AM,WOODFIELD RD,NA,SAME DIR REAR END,Clear,DRY,Daylight,TRAFFIC SIGNAL,NONE DETECTED,No,Possible Minor Injury,N/A,NOT DISTRACTED,MD,PASSENGER CAR,SLOWING OR STOPPING,35,No,2009,HOND,SD,39.20893795,-77.16965348,2023,11,7
230066629,Injury Crash,11/16/2023 07:59:00 AM,WOODFIELD RD,NA,SAME DIR REAR END,Clear,DRY,Daylight,TRAFFIC SIGNAL,NONE DETECTED,Yes,No Apparent Injury,N/A,NOT DISTRACTED,MD,PASSENGER CAR,SLOWING OR STOPPING,35,No,2004,HOND,TK,39.20893795,-77.16965348,2023,11,7
230066620,Injury Crash,11/16/2023 07:24:00 AM,CHERRY HILL RD,NA,SAME DIR REAR END,Clear,DRY,Daylight,TRAFFIC SIGNAL,NONE DETECTED,No,Possible Minor Injury,N/A,NOT DISTRACTED,MD,(SPORT) UTILITY VEHICLE,STOPPED IN TRAFFIC LANE,30,No,2016,MERZ,GLE300D,39.04631083,-76.95189367,2023,11,7
230066620,Injury Crash,11/16/2023 07:24:00 AM,CHERRY HILL RD,NA,SAME DIR REAR END,Clear,DRY,Daylight,TRAFFIC SIGNAL,NONE DETECTED,Yes,Possible Minor Injury,N/A,NOT DISTRACTED,MD,(SPORT) UTILITY VEHICLE,SLOWING OR STOPPING,30,No,2017,NISSAN,PATHFINDER,39.04631083,-76.95189367,2023,11,7
230066617,Injury Crash,11/16/2023 07:20:00 AM,DARNESTOWN RD,NA,HEAD ON LEFT TURN,Clear,DRY,Daylight,TRAFFIC SIGNAL,NONE DETECTED,No,No Apparent Injury,N/A,NOT DISTRACTED,MD,PASSENGER CAR,MAKING LEFT TURN,40,No,2015,KIA,SD,39.09252833,-77.19388,2023,11,7
230066617,Injury Crash,11/16/2023 07:20:00 AM,DARNESTOWN RD,NA,HEAD ON LEFT TURN,Clear,DRY,Daylight,TRAFFIC SIGNAL,NONE DETECTED,Yes,Possible Minor Injury,N/A,LOOKED BUT DID NOT SEE,MD,PASSENGER CAR,MOVING CONSTANT SPEED,40,No,2020,TOYT,TK,39.09252833,-77.19388,2023,11,7
230068615,Property Damage Crash,11/16/2023 06:22:00 AM,COLUMBIA PIKE,NA,SAME DIR REAR END,Clear,DRY,Medium,NO CONTROLS,NONE DETECTED,Yes,No Apparent Injury,N/A,NOT DISTRACTED,NA,PASSENGER CAR,MOVING CONSTANT SPEED,55,No,2012,TOYOTA,RAV4,39.09550023,-76.9379823,2023,11,6
230068615,Property Damage Crash,11/16/2023 06:22:00 AM,COLUMBIA PIKE,NA,SAME DIR REAR END,Clear,DRY,Medium,NO CONTROLS,NONE DETECTED,No,No Apparent Injury,N/A,NOT DISTRACTED,MD,PASSENGER CAR,MOVING CONSTANT SPEED,55,No,2013,TOYOTA,PRIUS,39.09550023,-76.9379823,2023,11,6
23006602,Property Damage Crash,11/16/2023 02:09:00 AM,RIFFLE FORD RD,NA,SINGLE VEHICLE,Clear,DRY,Dark,NO CONTROLS,NONE DETECTED,Yes,No Apparent Injury,N/A,NOT DISTRACTED,MD,PASSENGER CAR,MOVING CONSTANT SPEED,40,No,2015,BMW,M1,39.14189833,-77.28588667,2023,11,2
230066573,Property Damage Crash,11/15/2023 07:55:00 PM,BEALL AVE #2,NA,SAME DIRECTION LEFT TURN,Clear,DRY,Medium,OTHER,NONE DETECTED,Yes,No Apparent Injury,N/A,UNKNOWN,MD,PASSENGER CAR,MAKING U TURN,15,No,2019,ACUR,UT,39.08764475,-77.16407405,2023,11,19
230066573,Property Damage Crash,11/15/2023 07:55:00 PM,BEALL AVE #2,NA,SAME DIRECTION LEFT TURN,Clear,DRY,Medium,OTHER,NONE DETECTED,No,No Apparent Injury,N/A,NOT DISTRACTED,MD,PASSENGER CAR,MOVING CONSTANT SPEED,15,No,2018,TOYT,4S,39.08764475,-77.16407405,2023,11,19
230066565,Injury Crash,11/15/2023 06:38:00 PM,RANDOLPH RD,NA,SAME DIRECTION SIDESWIPE,Clear,DRY,Medium,NO CONTROLS,NONE DETECTED,Yes,Possible Minor Injury,N/A,UNKNOWN,MD,(SPORT) UTILITY VEHICLE,MOVING CONSTANT SPEED,35,No,2018,TOYOTA,RAV4,39.0534435,-77.10833775,2023,11,18
230066559,Injury Crash,11/15/2023 06:29:00 PM,COLESVILLE RD,NA,SAME DIRECTION SIDESWIPE,Clear,DRY,Medium,NO CONTROLS,NONE DETECTED,No,No Apparent Injury,N/A,NOT DISTRACTED,MD,PASSENGER CAR,MOVING CONSTANT SPEED,35,No,2009,HONDA,ACCORD,39.00282843,-77.02436704,2023,11,18
230066559,Injury Crash,11/15/2023 06:29:00 PM,COLESVILLE RD,NA,SAME DIRECTION SIDESWIPE,Clear,DRY,Medium,NO CONTROLS,NONE DETECTED,Yes,Possible Minor Injury,N/A,NOT DISTRACTED,MD,PASSENGER CAR,MOVING CONSTANT SPEED,35,No,2013,HONDA,CIVIC,39.00282843,-77.02436704,2023,11,18
230066555,Injury Crash,11/15/2023 06:28:00 PM,NA,MACHINE OPERATOR/RIDER,SINGLE VEHICLE,Cloudy,NA,Dark,N/A,NONE DETECTED,Yes,No Apparent Injury,N/A,LOOKED BUT DID NOT SEE,MD,PASSENGER CAR,STARTING FROM PARKED,15,No,2022,HONDA,CR-V,39.05949333,-77.04632667,2023,11,18
230066562,Property Damage Crash,11/15/2023 06:05:00 PM,EISENHOWER MEMORIAL HWY,NA,SAME DIR REAR END,Clear,N/A,Medium,N/A,NONE DETECTED,No,No Apparent Injury,N/A,NOT DISTRACTED,MD,PASSENGER CAR,MOVING CONSTANT SPEED,55,No,2022,LEXUS,ES300H,39.16097627,-77.23212975,2023,11,18
230066562,Property Damage Crash,11/15/2023 06:05:00 PM,EISENHOWER MEMORIAL HWY,NA,SAME DIR REAR END,Clear,N/A,Medium,N/A,NONE DETECTED,Yes,No Apparent Injury,N/A,NOT DISTRACTED,MD,PASSENGER CAR,ACCELERATING,55,No,2021,HONDA,PILOT,39.16097627,-77.23212975,2023,11,18
230066552,Property Damage Crash,11/15/2023 05:56:00 PM,WOODFIELD RD,NA,SAME DIR REAR END,Clear,DRY,Medium,NO CONTROLS,NONE DETECTED,No,No Apparent Injury,N/A,NOT DISTRACTED,MD,(SPORT) UTILITY VEHICLE,STOPPED IN TRAFFIC LANE,35,No,2017,ACURA,RDX,39.25627833,-77.20061667,2023,11,17
230066552,Property Damage Crash,11/15/2023 05:56:00 PM,WOODFIELD RD,NA,SAME DIR REAR END,Clear,DRY,Medium,NO CONTROLS,NONE DETECTED,Yes,No Apparent Injury,N/A,UNKNOWN,MD,PASSENGER CAR,MOVING CONSTANT SPEED,35,No,2018,HYUNDAI,SONATA,39.25627833,-77.20061667,2023,11,17
230065663,Property Damage Crash,11/15/2023 05:51:00 PM,EAST WEST HWY,NA,OTHER,Clear,DRY,Medium,N/A,NONE DETECTED,Yes,No Apparent Injury,N/A,UNKNOWN,MD,PICKUP TRUCK,MOVING CONSTANT SPEED,25,No,2023,TOYT,TACOMA,38.98836529,-77.07512865,2023,11,17
230065663,Property Damage Crash,11/15/2023 05:51:00 PM,EAST WEST HWY,NA,OTHER,Clear,DRY,Medium,N/A,NONE DETECTED,No,No Apparent Injury,N/A,NOT DISTRACTED,MD,PASSENGER CAR,MOVING CONSTANT SPEED,35,No,2008,VOLK,PASSAT,38.98836529,-77.07512865,2023,11,17
230066545,Injury Crash,11/15/2023 05:42:00 PM,ROCKVILLE PIKE,PEDESTRIAN,OTHER,Clear,DRY,Medium,TRAFFIC SIGNAL,NONE DETECTED,Yes,No Apparent Injury,N/A,LOOKED BUT DID NOT SEE,MD,PASSENGER CAR,MAKING LEFT TURN,40,No,2019,NISSAN,ROGUE,39.06202133,-77.12405017,2023,11,17
230064968,Injury Crash,11/15/2023 05:41:00 PM,DAMASCUS RD,NA,HEAD ON LEFT TURN,Clear,DRY,Dark,NO CONTROLS,NONE DETECTED,Yes,No Apparent Injury,N/A,UNKNOWN,MD,PASSENGER CAR,MAKING LEFT TURN,30,No,2003,MITS,ECLIPSE,39.22196393,-77.06020909,2023,11,17
230064968,Injury Crash,11/15/2023 05:41:00 PM,DAMASCUS RD,NA,HEAD ON LEFT TURN,Clear,DRY,Dark,NO CONTROLS,NONE DETECTED,No,Possible Minor Injury,N/A,NOT DISTRACTED,MD,PICKUP TRUCK,MOVING CONSTANT SPEED,30,No,2012,CHEV,COLORADO,39.22196393,-77.06020909,2023,11,17
230066542,Injury Crash,11/15/2023 05:30:00 PM,NEW HAMPSHIRE AVE,NA,HEAD ON LEFT TURN,Clear,DRY,Medium,NO CONTROLS,NONE DETECTED,Yes,Possible Minor Injury,N/A,DISTRACTED BY OUTSIDE PERSON OBJECT OR EVENT,MD,PASSENGER CAR,MAKING LEFT TURN,40,No,2015,HYUN,SD,39.02428167,-76.97936833,2023,11,17
230066542,Injury Crash,11/15/2023 05:30:00 PM,NEW HAMPSHIRE AVE,NA,HEAD ON LEFT TURN,Clear,DRY,Medium,NO CONTROLS,NONE DETECTED,No,No Apparent Injury,N/A,NOT DISTRACTED,MD,PASSENGER CAR,MOVING CONSTANT SPEED,40,No,2017,HONDA,ACCORD,39.02428167,-76.97936833,2023,11,17
230066540,Injury Crash,11/15/2023 05:28:00 PM,OLD COLUMBIA PIKE,NA,HEAD ON,Clear,DRY,Medium,TRAFFIC SIGNAL,NONE DETECTED,No,Possible Minor Injury,N/A,NOT DISTRACTED,MD,PASSENGER CAR,MOVING CONSTANT SPEED,40,No,2015,SUBA,LEGACY,39.07600117,-76.95774733,2023,11,17
230066540,Injury Crash,11/15/2023 05:28:00 PM,OLD COLUMBIA PIKE,NA,HEAD ON,Clear,DRY,Medium,TRAFFIC SIGNAL,NONE DETECTED,Yes,Possible Minor Injury,N/A,LOOKED BUT DID NOT SEE,XX,PASSENGER CAR,MAKING LEFT TURN,40,No,2008,MERCEDES,C300,39.07600117,-76.95774733,2023,11,17