Local Case Number,ACRS Report Type,Crash Date/Time,Road Name,Related Non-Motorist,Collision Type,Weather,Surface Condition,Light,Traffic Control,Driver Substance Abuse,Driver At Fault,Injury Severity,Circumstance,Driver Distracted By,Drivers License State,Vehicle Body Type,Vehicle Movement,Speed Limit,Driverless Vehicle,Vehicle Year,Vehicle Make,Vehicle Model,Latitude,Longitude,Year,Month,Hour
230066541,Injury Crash,11/15/2023 05:27:00 PM,NEW HAMPSHIRE AVE,OTHER PEDALCYCLIST,SINGLE VEHICLE,Clear,DRY,Medium,TRAFFIC SIGNAL,NONE DETECTED,Unknown,No Apparent Injury,N/A,NOT DISTRACTED,MD,PASSENGER CAR,MOVING CONSTANT SPEED,35,No,2014,ACUR,TXL,38.98051756,-76.9895641,2023,11,17
230066546,Property Damage Crash,11/15/2023 05:22:00 PM,MUNCASTER MILL RD,NA,SAME DIR REAR END,Clear,DRY,Dark,N/A,NONE DETECTED,No,No Apparent Injury,N/A,NOT DISTRACTED,MD,(SPORT) UTILITY VEHICLE,STOPPED IN TRAFFIC LANE,40,No,2009,VOLK,TOUAREG,39.131542,-77.12037967,2023,11,17
230066546,Property Damage Crash,11/15/2023 05:22:00 PM,MUNCASTER MILL RD,NA,SAME DIR REAR END,Clear,DRY,Dark,N/A,NONE DETECTED,Yes,No Apparent Injury,N/A,NOT DISTRACTED,MD,PASSENGER CAR,MOVING CONSTANT SPEED,40,No,2008,CHEV,IMPALA,39.131542,-77.12037967,2023,11,17
230066539,Property Damage Crash,11/15/2023 05:06:00 PM,WOODFIELD RD,NA,STRAIGHT MOVEMENT ANGLE,Clear,DRY,Medium,TRAFFIC SIGNAL,NONE DETECTED,Yes,No Apparent Injury,N/A,INATTENTIVE OR LOST IN THOUGHT,MD,PASSENGER CAR,MAKING LEFT TURN,45,No,2006,TOYT,SIENNA,39.18541029,-77.15040248,2023,11,17
230066539,Property Damage Crash,11/15/2023 05:06:00 PM,WOODFIELD RD,NA,STRAIGHT MOVEMENT ANGLE,Clear,DRY,Medium,TRAFFIC SIGNAL,NONE DETECTED,No,No Apparent Injury,N/A,NOT DISTRACTED,MD,PASSENGER CAR,MOVING CONSTANT SPEED,45,No,2013,LEXUS,RX350,39.18541029,-77.15040248,2023,11,17
230066533,Injury Crash,11/15/2023 04:44:00 PM,CORK TREE LA,PEDESTRIAN,OTHER,Clear,DRY,Medium,STOP SIGN,NONE DETECTED,No,Possible Minor Injury,N/A,UNKNOWN,NA,UNKNOWN,MOVING CONSTANT SPEED,10,No,0,UNKNOWN,UNKNOWN,39.1139464,-77.16635814,2023,11,16
230066526,Injury Crash,11/15/2023 04:05:00 PM,MANCHESTER RD,PEDESTRIAN,SINGLE VEHICLE,Clear,DRY,Daylight,NO CONTROLS,NONE DETECTED,Unknown,No Apparent Injury,N/A,LOOKED BUT DID NOT SEE,MD,PASSENGER CAR,MOVING CONSTANT SPEED,10,No,2005,FRHT,TK,39.00338,-77.01125667,2023,11,16
230066528,Property Damage Crash,11/15/2023 03:44:00 PM,SHADY GROVE RD,NA,SINGLE VEHICLE,Clear,DRY,Daylight,TRAFFIC SIGNAL,NONE DETECTED,Yes,No Apparent Injury,N/A,LOOKED BUT DID NOT SEE,MD,PASSENGER CAR,MOVING CONSTANT SPEED,45,No,2017,CHEV,UT,39.1383101,-77.15380685,2023,11,15
230066519,Property Damage Crash,11/15/2023 03:24:00 PM,SHADY GROVE RD,NA,SAME DIRECTION SIDESWIPE,Clear,DRY,Daylight,TRAFFIC SIGNAL,NONE DETECTED,No,No Apparent Injury,N/A,NOT DISTRACTED,MD,PASSENGER CAR,SLOWING OR STOPPING,35,No,2013,MITS,HIGHLANDER,39.10952524,-77.18825812,2023,11,15
230066519,Property Damage Crash,11/15/2023 03:24:00 PM,SHADY GROVE RD,NA,SAME DIRECTION SIDESWIPE,Clear,DRY,Daylight,TRAFFIC SIGNAL,NONE DETECTED,Yes,No Apparent Injury,N/A,LOOKED BUT DID NOT SEE,MD,PASSENGER CAR,SLOWING OR STOPPING,35,No,2019,AUDI,SD,39.10952524,-77.18825812,2023,11,15
230066515,Injury Crash,11/15/2023 03:20:00 PM,BEL PRE RD,NA,SAME DIR REAR END,Cloudy,DRY,Daylight,NO CONTROLS,NONE DETECTED,Yes,No Apparent Injury,N/A,NOT DISTRACTED,MD,PASSENGER CAR,ACCELERATING,35,No,2017,VOLK,JETTA,39.09347633,-77.0793175,2023,11,15
230066515,Injury Crash,11/15/2023 03:20:00 PM,BEL PRE RD,NA,SAME DIR REAR END,Cloudy,DRY,Daylight,NO CONTROLS,NONE DETECTED,No,Possible Minor Injury,N/A,NOT DISTRACTED,MD,(SPORT) UTILITY VEHICLE,STOPPED IN TRAFFIC LANE,35,No,2021,SUBA,CROSSTREK,39.09347633,-77.0793175,2023,11,15
230066509,Property Damage Crash,11/15/2023 02:55:00 PM,FIRST ST,NA,HEAD ON LEFT TURN,Clear,DRY,Daylight,NO CONTROLS,NONE DETECTED,No,No Apparent Injury,N/A,UNKNOWN,MD,PASSENGER CAR,MOVING CONSTANT SPEED,40,No,2023,HYUN,UT,39.08217717,-77.13702417,2023,11,14
230066509,Property Damage Crash,11/15/2023 02:55:00 PM,FIRST ST,NA,HEAD ON LEFT TURN,Clear,DRY,Daylight,NO CONTROLS,NONE DETECTED,Yes,No Apparent Injury,N/A,UNKNOWN,MD,PASSENGER CAR,MAKING LEFT TURN,40,No,2018,TOYT,TK,39.08217717,-77.13702417,2023,11,14
230066498,Property Damage Crash,11/15/2023 02:11:00 PM,COLUMBIA PIKE,NA,HEAD ON LEFT TURN,Clear,DRY,Daylight,TRAFFIC SIGNAL,NONE DETECTED,No,No Apparent Injury,N/A,NOT DISTRACTED,MD,PASSENGER CAR,STARTING FROM LANE,50,No,2013,HONDA,ACCORD,39.09542967,-76.93777867,2023,11,14
230066498,Property Damage Crash,11/15/2023 02:11:00 PM,COLUMBIA PIKE,NA,HEAD ON LEFT TURN,Clear,DRY,Daylight,TRAFFIC SIGNAL,NONE DETECTED,Yes,No Apparent Injury,N/A,NOT DISTRACTED,MD,PASSENGER CAR,MAKING LEFT TURN,50,No,2007,CHEVY,E350,39.09542967,-76.93777867,2023,11,14
230066488,Property Damage Crash,11/15/2023 01:14:00 PM,NA,NA,OTHER,Clear,NA,Daylight,NO CONTROLS,NONE DETECTED,Yes,No Apparent Injury,N/A,NOT DISTRACTED,NA,PASSENGER CAR,MOVING CONSTANT SPEED,15,No,2021,DODGE,RAM,39.05500367,-77.1177475,2023,11,13
230066464,Property Damage Crash,11/15/2023 12:25:00 PM,ANITA CT,OTHER,SINGLE VEHICLE,Clear,DRY,Daylight,N/A,NONE DETECTED,No,No Apparent Injury,N/A,NOT DISTRACTED,MD,OTHER,BACKING,0,No,2018,PETERBUILT,TRASH TRUCK,39.08364589,-77.13610201,2023,11,12
230066468,Injury Crash,11/15/2023 12:00:00 PM,ROCKVILLE PIKE,PEDESTRIAN,OTHER,Clear,DRY,Daylight,TRAFFIC SIGNAL,NONE DETECTED,Yes,No Apparent Injury,N/A,UNKNOWN,NA,(SPORT) UTILITY VEHICLE,RIGHT TURN ON RED,40,No,2020,TOYT,TK,39.07695037,-77.13949521,2023,11,12
230066463,Injury Crash,11/15/2023 12:00:00 PM,RIVER RD,NA,SAME DIR REAR END,Clear,DRY,Daylight,NO CONTROLS,NONE DETECTED,Yes,Possible Minor Injury,N/A,UNKNOWN,MD,PASSENGER CAR,MOVING CONSTANT SPEED,35,No,1994,TOYOTA,CAMRY,39.00024367,-77.176381,2023,11,12
230066462,Property Damage Crash,11/15/2023 11:33:00 AM,MINSTREL TUNE DR,NA,OPPOSITE DIRECTION SIDESWIPE,Clear,DRY,Daylight,NO CONTROLS,NONE DETECTED,Yes,No Apparent Injury,N/A,NOT DISTRACTED,MD,"CARGO VAN/LIGHT TRUCK 2 AXLES (OVER 10,000LBS (4,536 KG))",MOVING CONSTANT SPEED,25,No,2016,FORD,TRANSIT,39.18109395,-77.23334124,2023,11,11
230066436,Property Damage Crash,11/15/2023 10:00:00 AM,RIFFLE FORD RD,NA,SINGLE VEHICLE,Clear,DRY,Daylight,NO CONTROLS,NONE DETECTED,Yes,No Apparent Injury,N/A,UNKNOWN,MD,PASSENGER CAR,MOVING CONSTANT SPEED,30,No,2017,TOYOTA,RAV4,39.1215435,-77.26816283,2023,11,10
230066228,Injury Crash,11/15/2023 09:50:00 AM,FATHER HURLEY BLVD,NA,SAME DIRECTION SIDESWIPE,Clear,DRY,Daylight,NO CONTROLS,NONE DETECTED,Yes,No Apparent Injury,N/A,LOOKED BUT DID NOT SEE,MD,PASSENGER CAR,CHANGING LANES,35,No,2019,CHEVROLET,TRAX,39.19481609,-77.26855391,2023,11,9
230066228,Injury Crash,11/15/2023 09:50:00 AM,FATHER HURLEY BLVD,NA,SAME DIRECTION SIDESWIPE,Clear,DRY,Daylight,NO CONTROLS,NONE DETECTED,No,No Apparent Injury,N/A,NOT DISTRACTED,MD,PASSENGER CAR,MOVING CONSTANT SPEED,35,No,2011,VOLKSWAGEN,JETTA,39.19481609,-77.26855391,2023,11,9
230066450,Property Damage Crash,11/15/2023 09:39:00 AM,EISENHOWER MEMORIAL HWY,NA,SAME DIRECTION RIGHT TURN,Clear,DRY,Daylight,NO CONTROLS,NONE DETECTED,No,No Apparent Injury,N/A,NOT DISTRACTED,MD,PICKUP TRUCK,MOVING CONSTANT SPEED,55,No,2008,CHEVROLET,2500,39.03032,-77.12578667,2023,11,9
230066450,Property Damage Crash,11/15/2023 09:39:00 AM,EISENHOWER MEMORIAL HWY,NA,SAME DIRECTION RIGHT TURN,Clear,DRY,Daylight,NO CONTROLS,NONE DETECTED,Yes,No Apparent Injury,N/A,UNKNOWN,DC,PASSENGER CAR,CHANGING LANES,55,No,2010,TOYOTA,PRIUS,39.03032,-77.12578667,2023,11,9
230066431,Injury Crash,11/15/2023 09:24:00 AM,NA,NA,SINGLE VEHICLE,Clear,NA,Daylight,N/A,NONE DETECTED,Yes,Possible Minor Injury,N/A,NOT DISTRACTED,MD,(SPORT) UTILITY VEHICLE,STARTING FROM LANE,5,No,2015,AUDI,Q5,39.14528183,-77.41430183,2023,11,9
230066426,Property Damage Crash,11/15/2023 08:45:00 AM,MIDCOUNTY HWY,NA,SAME DIR REAR END,Clear,DRY,Daylight,NO CONTROLS,NONE DETECTED,No,No Apparent Injury,N/A,NOT DISTRACTED,MD,PASSENGER CAR,SLOWING OR STOPPING,45,No,2023,LEXS,UT,39.14443018,-77.16365599,2023,11,8
230066426,Property Damage Crash,11/15/2023 08:45:00 AM,MIDCOUNTY HWY,NA,SAME DIR REAR END,Clear,DRY,Daylight,NO CONTROLS,NONE DETECTED,Yes,No Apparent Injury,N/A,NOT DISTRACTED,MD,PASSENGER CAR,SLOWING OR STOPPING,45,No,2015,LNDR,UT,39.14443018,-77.16365599,2023,11,8
230066432,Property Damage Crash,11/15/2023 08:30:00 AM,CONNECTICUT AVE,NA,SAME DIRECTION LEFT TURN,Clear,DRY,Daylight,NO CONTROLS,NONE DETECTED,Unknown,No Apparent Injury,N/A,NOT DISTRACTED,MD,TRANSIT BUS,MAKING LEFT TURN,35,No,2020,GILG,BUS,39.02854433,-77.0759345,2023,11,8
230066432,Property Damage Crash,11/15/2023 08:30:00 AM,CONNECTICUT AVE,NA,SAME DIRECTION LEFT TURN,Clear,DRY,Daylight,NO CONTROLS,NONE DETECTED,Unknown,No Apparent Injury,N/A,NOT DISTRACTED,MD,PASSENGER CAR,MOVING CONSTANT SPEED,35,No,2021,TOYOTA,COROLLA,39.02854433,-77.0759345,2023,11,8
230066422,Injury Crash,11/15/2023 08:23:00 AM,AMHERST AVE,BICYCLIST,SAME DIRECTION LEFT TURN,Clear,DRY,Daylight,NO CONTROLS,NONE DETECTED,Yes,No Apparent Injury,N/A,UNKNOWN,MD,PASSENGER CAR,MAKING LEFT TURN,25,No,2013,HONDA,CRV,39.033292,-77.04715867,2023,11,8
230066417,Injury Crash,11/15/2023 06:42:00 AM,CONNECTICUT AVE,NA,SAME DIRECTION SIDESWIPE,Clear,DRY,Medium,NO CONTROLS,NONE DETECTED,Unknown,No Apparent Injury,N/A,LOOKED BUT DID NOT SEE,MD,(SPORT) UTILITY VEHICLE,CHANGING LANES,35,No,2011,CHEV,TAHOE,38.98836533,-77.07927083,2023,11,6
230066417,Injury Crash,11/15/2023 06:42:00 AM,CONNECTICUT AVE,NA,SAME DIRECTION SIDESWIPE,Clear,DRY,Medium,NO CONTROLS,NONE DETECTED,Unknown,Possible Minor Injury,N/A,NOT DISTRACTED,MD,(SPORT) UTILITY VEHICLE,MOVING CONSTANT SPEED,35,No,2022,TOYOTA,RAV4,38.98836533,-77.07927083,2023,11,6
230066410,Injury Crash,11/15/2023 06:29:00 AM,SANDY SPRING RD,BICYCLIST,STRAIGHT MOVEMENT ANGLE,Clear,DRY,Dark,STOP SIGN,NONE DETECTED,Yes,No Apparent Injury,N/A,LOOKED BUT DID NOT SEE,MD,PASSENGER CAR,STARTING FROM LANE,30,No,2015,DODGE,RAM,39.10559616,-76.91067981,2023,11,6
230066407,Property Damage Crash,11/15/2023 02:51:00 AM,UNIVERSITY BLVD E,NA,STRAIGHT MOVEMENT ANGLE,Clear,DRY,Medium,TRAFFIC SIGNAL,NONE DETECTED,Unknown,No Apparent Injury,N/A,NOT DISTRACTED,MD,PASSENGER CAR,MOVING CONSTANT SPEED,35,No,2020,CHEVROLET,MALIBU,39.01983183,-77.01309,2023,11,2
230066407,Property Damage Crash,11/15/2023 02:51:00 AM,UNIVERSITY BLVD E,NA,STRAIGHT MOVEMENT ANGLE,Clear,DRY,Medium,TRAFFIC SIGNAL,NONE DETECTED,Unknown,No Apparent Injury,N/A,NOT DISTRACTED,VA,PASSENGER CAR,ACCELERATING,35,No,2022,KIA,RIO,39.01983183,-77.01309,2023,11,2
230066402,Property Damage Crash,11/15/2023 01:28:00 AM,NORBECK RD,NA,OTHER,Clear,DRY,Medium,N/A,NONE DETECTED,Yes,No Apparent Injury,"ANIMAL, N/A",NOT DISTRACTED,MD,PASSENGER CAR,MOVING CONSTANT SPEED,50,No,2019,MITSUBISHI,MIRAGE,39.09278401,-77.12279916,2023,11,1
230066401,Property Damage Crash,11/15/2023 12:59:00 AM,NEW HAMPSHIRE AVE,NA,SINGLE VEHICLE,Clear,DRY,Dark,NO CONTROLS,NONE DETECTED,Yes,No Apparent Injury,N/A,INATTENTIVE OR LOST IN THOUGHT,NA,PASSENGER CAR,MOVING CONSTANT SPEED,35,No,2010,VOLK,JETTA,39.05832217,-77.04791183,2023,11,0
230066379,Property Damage Crash,11/14/2023 09:15:00 PM,CONNECTICUT AVE,NA,STRAIGHT MOVEMENT ANGLE,Clear,DRY,Medium,TRAFFIC SIGNAL,NONE DETECTED,Yes,No Apparent Injury,N/A,NOT DISTRACTED,XX,PASSENGER CAR,MOVING CONSTANT SPEED,35,No,2003,HONDA,ACCORD,39.07629417,-77.08072467,2023,11,21
230066379,Property Damage Crash,11/14/2023 09:15:00 PM,CONNECTICUT AVE,NA,STRAIGHT MOVEMENT ANGLE,Clear,DRY,Medium,TRAFFIC SIGNAL,NONE DETECTED,No,No Apparent Injury,N/A,NOT DISTRACTED,IL,PASSENGER CAR,STARTING FROM LANE,35,No,2008,MITSUBISHI,ECLIPSE,39.07629417,-77.08072467,2023,11,21
230066367,Property Damage Crash,11/14/2023 08:00:00 PM,SNOUFFERS SCHOOL RD,NA,ANGLE MEETS LEFT TURN,Clear,DRY,Medium,NO CONTROLS,NONE DETECTED,No,No Apparent Injury,N/A,NOT DISTRACTED,MD,"CARGO VAN/LIGHT TRUCK 2 AXLES (OVER 10,000LBS (4,536 KG))",MOVING CONSTANT SPEED,35,No,2021,ISU,ST,39.16083667,-77.163425,2023,11,20
230066367,Property Damage Crash,11/14/2023 08:00:00 PM,SNOUFFERS SCHOOL RD,NA,ANGLE MEETS LEFT TURN,Clear,DRY,Medium,NO CONTROLS,NONE DETECTED,Yes,No Apparent Injury,N/A,NOT DISTRACTED,MD,PASSENGER CAR,MAKING LEFT TURN,35,No,2019,FORD,FUSION,39.16083667,-77.163425,2023,11,20
230066366,Property Damage Crash,11/14/2023 07:24:00 PM,SNOWDEN FARM PKWY (PROP),NA,OPPOSITE DIRECTION SIDESWIPE,Clear,DRY,Medium,NO CONTROLS,ALCOHOL PRESENT,Yes,No Apparent Injury,N/A,UNKNOWN,MD,PASSENGER CAR,MOVING CONSTANT SPEED,40,No,2023,TOYOTA,COROLLA,39.22396933,-77.24481579,2023,11,19
230066366,Property Damage Crash,11/14/2023 07:24:00 PM,SNOWDEN FARM PKWY (PROP),NA,OPPOSITE DIRECTION SIDESWIPE,Clear,DRY,Medium,NO CONTROLS,NONE DETECTED,No,No Apparent Injury,N/A,NOT DISTRACTED,MD,PASSENGER CAR,MOVING CONSTANT SPEED,40,No,2015,TOYOTA,CAMRY,39.22396933,-77.24481579,2023,11,19
230066360,Injury Crash,11/14/2023 07:08:00 PM,TWINBROOK PKWY,NA,STRAIGHT MOVEMENT ANGLE,Clear,DRY,Medium,STOP SIGN,NONE DETECTED,No,Possible Minor Injury,N/A,NOT DISTRACTED,MD,(SPORT) UTILITY VEHICLE,MOVING CONSTANT SPEED,25,No,2015,NISSAN,ROGUE,39.0757465,-77.11137633,2023,11,19
230066360,Injury Crash,11/14/2023 07:08:00 PM,TWINBROOK PKWY,NA,STRAIGHT MOVEMENT ANGLE,Clear,DRY,Medium,STOP SIGN,NONE DETECTED,Yes,No Apparent Injury,N/A,LOOKED BUT DID NOT SEE,MD,PASSENGER CAR,MOVING CONSTANT SPEED,25,No,2023,TESLA,MODEL 3,39.0757465,-77.11137633,2023,11,19
230066347,Injury Crash,11/14/2023 06:20:00 PM,MUNCASTER RD,NA,SINGLE VEHICLE,Clear,DRY,Dark,NO CONTROLS,NONE DETECTED,Yes,Possible Minor Injury,N/A,UNKNOWN,MD,(SPORT) UTILITY VEHICLE,MOVING CONSTANT SPEED,30,No,2006,HONDA,CRV,39.17598667,-77.11822,2023,11,18
230066354,Property Damage Crash,11/14/2023 06:15:00 PM,CROWN PARK AVE,NA,SAME DIRECTION SIDESWIPE,Clear,DRY,Medium,N/A,NONE DETECTED,Yes,No Apparent Injury,N/A,NOT DISTRACTED,MD,POLICE VEHICLE/NON EMERGENCY,MOVING CONSTANT SPEED,25,No,2020,FORD,F250,39.11362861,-77.20469634,2023,11,18
230066353,Property Damage Crash,11/14/2023 06:04:00 PM,BRADLEY LA,NA,SAME DIRECTION SIDESWIPE,Clear,DRY,Medium,NO CONTROLS,NONE DETECTED,No,No Apparent Injury,N/A,NOT DISTRACTED,MD,PASSENGER CAR,MOVING CONSTANT SPEED,25,No,2023,TOYOTA,SIENNA,38.9771356,-77.0911898,2023,11,18
230066353,Property Damage Crash,11/14/2023 06:04:00 PM,BRADLEY LA,NA,SAME DIRECTION SIDESWIPE,Clear,DRY,Medium,NO CONTROLS,NONE DETECTED,Yes,No Apparent Injury,N/A,OTHER DISTRACTION,NA,PASSENGER CAR,MOVING CONSTANT SPEED,25,No,2015,CADILAC,VMR,38.9771356,-77.0911898,2023,11,18
230066336,Property Damage Crash,11/14/2023 05:10:00 PM,NORBECK RD,NA,SAME DIR REAR END,Clear,DRY,Medium,TRAFFIC SIGNAL,NONE DETECTED,Yes,No Apparent Injury,N/A,UNKNOWN,NA,PASSENGER CAR,SLOWING OR STOPPING,50,No,2017,HONDA,CIVIC,39.09303852,-77.12264395,2023,11,17
230066336,Property Damage Crash,11/14/2023 05:10:00 PM,NORBECK RD,NA,SAME DIR REAR END,Clear,DRY,Medium,TRAFFIC SIGNAL,NONE DETECTED,No,No Apparent Injury,N/A,UNKNOWN,MD,PASSENGER CAR,STOPPED IN TRAFFIC LANE,50,No,2019,AUDI,CV,39.09303852,-77.12264395,2023,11,17
230066330,Property Damage Crash,11/14/2023 04:30:00 PM,GEORGIA AVE,NA,SINGLE VEHICLE,Clear,DRY,Medium,NO CONTROLS,NONE DETECTED,No,No Apparent Injury,N/A,NOT DISTRACTED,MD,PASSENGER CAR,MOVING CONSTANT SPEED,40,No,2018,FORD,FOCUS,39.19518383,-77.06689983,2023,11,16
230066318,Property Damage Crash,11/14/2023 04:13:00 PM,NEW HAMPSHIRE AVE,NA,SAME DIR REAR END,Clear,DRY,Daylight,TRAFFIC SIGNAL,NONE DETECTED,No,No Apparent Injury,"N/A, ROAD UNDER CONSTRUCTION/MAINTENANCE",NOT DISTRACTED,MD,PASSENGER CAR,STOPPED IN TRAFFIC LANE,35,No,2019,SUBARU,SUV,38.98747452,-76.98782456,2023,11,16
230066318,Property Damage Crash,11/14/2023 04:13:00 PM,NEW HAMPSHIRE AVE,NA,SAME DIR REAR END,Clear,DRY,Daylight,TRAFFIC SIGNAL,NONE DETECTED,Yes,No Apparent Injury,"N/A, ROAD UNDER CONSTRUCTION/MAINTENANCE",UNKNOWN,MD,TRANSIT BUS,CHANGING LANES,35,No,2016,NEW,FYER,38.98747452,-76.98782456,2023,11,16
230066349,Property Damage Crash,11/14/2023 04:12:00 PM,NA,NA,OTHER,Clear,NA,Daylight,NO CONTROLS,NONE DETECTED,Yes,No Apparent Injury,N/A,UNKNOWN,NA,PASSENGER CAR,BACKING,5,No,2013,KIA,SOUL,39.03278149,-77.0038849,2023,11,16
230066315,Property Damage Crash,11/14/2023 03:57:00 PM,MIDCOUNTY HWY,NA,SAME DIR REAR END,Clear,DRY,Daylight,TRAFFIC SIGNAL,NONE DETECTED,Yes,No Apparent Injury,N/A,LOOKED BUT DID NOT SEE,MD,SCHOOL BUS,MAKING RIGHT TURN,35,No,2019,THOMAS,CONV-MSDE-C-8,39.14144185,-77.15215886,2023,11,15
230066315,Property Damage Crash,11/14/2023 03:57:00 PM,MIDCOUNTY HWY,NA,SAME DIR REAR END,Clear,DRY,Daylight,TRAFFIC SIGNAL,NONE DETECTED,No,No Apparent Injury,N/A,NOT DISTRACTED,NA,NA,SLOWING OR STOPPING,35,No,0,UNKNOWN,UNKNOWN,39.14144185,-77.15215886,2023,11,15
230066301,Property Damage Crash,11/14/2023 03:17:00 PM,CONNECTICUT AVE,NA,SAME DIR REAR END,Clear,DRY,Daylight,TRAFFIC SIGNAL,NONE DETECTED,Yes,No Apparent Injury,N/A,UNKNOWN,MD,PASSENGER CAR,SLOWING OR STOPPING,35,No,2011,HONDA,ACCORD,39.07979167,-77.08062167,2023,11,15
230066301,Property Damage Crash,11/14/2023 03:17:00 PM,CONNECTICUT AVE,NA,SAME DIR REAR END,Clear,DRY,Daylight,TRAFFIC SIGNAL,NONE DETECTED,No,No Apparent Injury,N/A,NOT DISTRACTED,MD,SCHOOL BUS,SLOWING OR STOPPING,35,No,2015,THOMAS,BUS,39.07979167,-77.08062167,2023,11,15
230066296,Injury Crash,11/14/2023 02:58:00 PM,OLNEY LAYTONSVILLE RD,PEDESTRIAN,SINGLE VEHICLE,Clear,DRY,Daylight,NO CONTROLS,NONE DETECTED,Yes,No Apparent Injury,N/A,NOT DISTRACTED,MD,PASSENGER CAR,SLOWING OR STOPPING,5,No,2013,HOND,ACCORD,39.15419684,-77.06907114,2023,11,14
230066312,Property Damage Crash,11/14/2023 02:12:00 PM,SANDY SPRING RD,NA,STRAIGHT MOVEMENT ANGLE,Clear,DRY,Daylight,STOP SIGN,NONE DETECTED,Yes,No Apparent Injury,N/A,LOOKED BUT DID NOT SEE,XX,PASSENGER CAR,ACCELERATING,5,No,2003,BMW,325X,39.11240283,-76.93021117,2023,11,14
230066312,Property Damage Crash,11/14/2023 02:12:00 PM,SANDY SPRING RD,NA,STRAIGHT MOVEMENT ANGLE,Clear,DRY,Daylight,STOP SIGN,NONE DETECTED,No,No Apparent Injury,N/A,NOT DISTRACTED,MD,PASSENGER CAR,ACCELERATING,5,No,2008,TOYT,4S,39.11240283,-76.93021117,2023,11,14
230066292,Property Damage Crash,11/14/2023 02:01:00 PM,MONTGOMERY VILLAGE AVE,NA,SAME DIR REAR END,Clear,DRY,Daylight,N/A,NONE DETECTED,Yes,No Apparent Injury,N/A,UNKNOWN,MD,PASSENGER CAR,MOVING CONSTANT SPEED,35,No,2021,HONDA,PILOT,39.19035333,-77.1925855,2023,11,14
230066292,Property Damage Crash,11/14/2023 02:01:00 PM,MONTGOMERY VILLAGE AVE,NA,SAME DIR REAR END,Clear,DRY,Daylight,N/A,NONE DETECTED,No,No Apparent Injury,N/A,NOT DISTRACTED,MD,TRANSIT BUS,STOPPED IN TRAFFIC LANE,35,No,2021,GILG,BUS,39.19035333,-77.1925855,2023,11,14
230066273,Injury Crash,11/14/2023 01:20:00 PM,GEORGIA AVE,NA,SAME DIR REAR END,Clear,DRY,Daylight,NO CONTROLS,NONE DETECTED,Yes,No Apparent Injury,N/A,LOOKED BUT DID NOT SEE,MD,PASSENGER CAR,MOVING CONSTANT SPEED,10,No,2012,TOYOTA,RAV 4,39.00632333,-77.05025167,2023,11,13
230066273,Injury Crash,11/14/2023 01:20:00 PM,GEORGIA AVE,NA,SAME DIR REAR END,Clear,DRY,Daylight,NO CONTROLS,NONE DETECTED,No,Possible Minor Injury,N/A,NOT DISTRACTED,MD,PASSENGER CAR,STOPPED IN TRAFFIC LANE,10,No,2004,TOYOTA,CAMRY,39.00632333,-77.05025167,2023,11,13
230066261,Injury Crash,11/14/2023 12:21:00 PM,NA,NA,SAME DIR REAR END,Clear,NA,Daylight,NO CONTROLS,NONE DETECTED,Yes,No Apparent Injury,N/A,INATTENTIVE OR LOST IN THOUGHT,PA,PASSENGER CAR,ACCELERATING,10,No,2013,HYUNDAI,ELANTRA,39.18132708,-77.270371,2023,11,12
230066261,Injury Crash,11/14/2023 12:21:00 PM,NA,NA,SAME DIR REAR END,Clear,NA,Daylight,NO CONTROLS,NONE DETECTED,No,Possible Minor Injury,N/A,NOT DISTRACTED,MD,PASSENGER CAR,PARKED,10,No,2023,KIA,FORTE,39.18132708,-77.270371,2023,11,12
230066261,Injury Crash,11/14/2023 12:21:00 PM,NA,NA,SAME DIR REAR END,Clear,NA,Daylight,NO CONTROLS,NONE DETECTED,No,Possible Minor Injury,N/A,NOT DISTRACTED,MD,PASSENGER CAR,MOVING CONSTANT SPEED,10,No,2017,KIA,FORTE,39.18132708,-77.270371,2023,11,12
230066255,Property Damage Crash,11/14/2023 11:57:00 AM,FREDERICK RD,NA,SAME DIRECTION LEFT TURN,Clear,DRY,Daylight,TRAFFIC SIGNAL,NONE DETECTED,No,No Apparent Injury,N/A,NOT DISTRACTED,MD,"OTHER LIGHT TRUCKS (10,000LBS (4,536KG) OR LESS)",SLOWING OR STOPPING,40,No,2015,INTL,TK,39.10733783,-77.15862567,2023,11,11
230066255,Property Damage Crash,11/14/2023 11:57:00 AM,FREDERICK RD,NA,SAME DIRECTION LEFT TURN,Clear,DRY,Daylight,TRAFFIC SIGNAL,NONE DETECTED,Yes,No Apparent Injury,N/A,UNKNOWN,MD,PASSENGER CAR,SLOWING OR STOPPING,40,No,2009,HONDA,ACCORD,39.10733783,-77.15862567,2023,11,11
230066243,Property Damage Crash,11/14/2023 10:57:00 AM,NATIONAL DR,NA,SINGLE VEHICLE,Clear,DRY,Daylight,STOP SIGN,NONE DETECTED,Yes,No Apparent Injury,N/A,LOOKED BUT DID NOT SEE,MD,TRANSIT BUS,MAKING LEFT TURN,55,No,2016,NEW FLYER,XCELSIOR,39.1130124,-76.9305664,2023,11,10
230066237,Property Damage Crash,11/14/2023 09:30:00 AM,NEW HAMPSHIRE AVE,NA,SAME DIRECTION RIGHT TURN,Clear,DRY,Daylight,NO CONTROLS,NONE DETECTED,Yes,No Apparent Injury,N/A,UNKNOWN,NA,VAN,CHANGING LANES,35,No,2009,CHEVROLET,EXPRESS,39.05459977,-76.99486055,2023,11,9
230066237,Property Damage Crash,11/14/2023 09:30:00 AM,NEW HAMPSHIRE AVE,NA,SAME DIRECTION RIGHT TURN,Clear,DRY,Daylight,NO CONTROLS,NONE DETECTED,No,No Apparent Injury,N/A,NOT DISTRACTED,MD,PASSENGER CAR,MOVING CONSTANT SPEED,35,No,2020,FORD,F150,39.05459977,-76.99486055,2023,11,9
230066205,Injury Crash,11/14/2023 08:28:00 AM,FREDERICK RD,PEDESTRIAN,SINGLE VEHICLE,Clear,DRY,Daylight,N/A,NONE DETECTED,No,No Apparent Injury,N/A,NOT DISTRACTED,MD,(SPORT) UTILITY VEHICLE,SLOWING OR STOPPING,45,No,2008,TOYT,TK RAV4,39.15993144,-77.21981594,2023,11,8
230066207,Injury Crash,11/14/2023 08:23:00 AM,MUNCASTER MILL RD,NA,HEAD ON,Clear,DRY,Daylight,NO CONTROLS,NONE DETECTED,Unknown,Possible Minor Injury,N/A,UNKNOWN,MD,PASSENGER CAR,MOVING CONSTANT SPEED,40,No,2013,HYUNDAI,SONATA,39.11902167,-77.10643,2023,11,8
230066207,Injury Crash,11/14/2023 08:23:00 AM,MUNCASTER MILL RD,NA,HEAD ON,Clear,DRY,Daylight,NO CONTROLS,NONE DETECTED,Unknown,Possible Minor Injury,N/A,NOT DISTRACTED,MD,PASSENGER CAR,MOVING CONSTANT SPEED,40,No,2023,PORS,UT,39.11902167,-77.10643,2023,11,8
230066200,Injury Crash,11/14/2023 07:45:00 AM,GEORGIA AVE,NA,SAME DIR REAR END,Clear,DRY,Daylight,NO CONTROLS,NONE DETECTED,Yes,No Apparent Injury,N/A,NOT DISTRACTED,MD,VAN,MOVING CONSTANT SPEED,45,No,2017,KIA,PV,39.13392167,-77.07005833,2023,11,7
230066200,Injury Crash,11/14/2023 07:45:00 AM,GEORGIA AVE,NA,SAME DIR REAR END,Clear,DRY,Daylight,NO CONTROLS,NONE DETECTED,No,Possible Minor Injury,N/A,NOT DISTRACTED,MD,PASSENGER CAR,SLOWING OR STOPPING,45,No,2014,SUBARU,4S,39.13392167,-77.07005833,2023,11,7