Local Case Number,ACRS Report Type,Crash Date/Time,Road Name,Related Non-Motorist,Collision Type,Weather,Surface Condition,Light,Traffic Control,Driver Substance Abuse,Driver At Fault,Injury Severity,Circumstance,Driver Distracted By,Drivers License State,Vehicle Body Type,Vehicle Movement,Speed Limit,Driverless Vehicle,Vehicle Year,Vehicle Make,Vehicle Model,Latitude,Longitude,Year,Month,Hour
230066195,Property Damage Crash,11/14/2023 07:35:00 AM,GEORGIA AVE,NA,SAME DIR REAR END,Clear,DRY,Daylight,NO CONTROLS,NONE DETECTED,No,No Apparent Injury,N/A,NOT DISTRACTED,MD,(SPORT) UTILITY VEHICLE,STOPPED IN TRAFFIC LANE,45,No,2015,HOND,TK,39.138705,-77.06876,2023,11,7
230066195,Property Damage Crash,11/14/2023 07:35:00 AM,GEORGIA AVE,NA,SAME DIR REAR END,Clear,DRY,Daylight,NO CONTROLS,NONE DETECTED,Yes,No Apparent Injury,N/A,LOOKED BUT DID NOT SEE,MD,PICKUP TRUCK,SLOWING OR STOPPING,45,No,2016,RAM,TK,39.138705,-77.06876,2023,11,7
230066197,Property Damage Crash,11/14/2023 07:30:00 AM,W DEER PARK RD,NA,OTHER,Clear,DRY,Daylight,NO CONTROLS,NONE DETECTED,No,No Apparent Injury,N/A,NOT DISTRACTED,MD,SCHOOL BUS,PARKED,0,No,2013,THOMAS,BUS,39.12893247,-77.19258042,2023,11,7
230066197,Property Damage Crash,11/14/2023 07:30:00 AM,W DEER PARK RD,NA,OTHER,Clear,DRY,Daylight,NO CONTROLS,NONE DETECTED,Yes,No Apparent Injury,N/A,NOT DISTRACTED,MD,PASSENGER CAR,OTHER,25,No,2022,HONDA,CIVIC,39.12893247,-77.19258042,2023,11,7
23002194,Property Damage Crash,11/14/2023 07:15:00 AM,MARTINSBURG RD,NA,SINGLE VEHICLE,Clear,DRY,Daylight,NO CONTROLS,NONE DETECTED,No,No Apparent Injury,"ANIMAL, N/A",NOT DISTRACTED,VA,POLICE VEHICLE/EMERGENCY,MOVING CONSTANT SPEED,35,No,2022,FORD,UT,39.19524233,-77.46515467,2023,11,7
230066186,Property Damage Crash,11/14/2023 01:20:00 AM,UNIVERSITY BLVD E,NA,HEAD ON LEFT TURN,Clear,DRY,Medium,TRAFFIC SIGNAL,NONE DETECTED,Yes,No Apparent Injury,N/A,NOT DISTRACTED,MD,PASSENGER CAR,MAKING LEFT TURN,35,No,2015,TOYOTA,COROLLA,39.01224803,-77.00264623,2023,11,1
230066186,Property Damage Crash,11/14/2023 01:20:00 AM,UNIVERSITY BLVD E,NA,HEAD ON LEFT TURN,Clear,DRY,Medium,TRAFFIC SIGNAL,NONE DETECTED,No,No Apparent Injury,N/A,NOT DISTRACTED,MD,PASSENGER CAR,MOVING CONSTANT SPEED,35,No,2013,INFINITI,3S,39.01224803,-77.00264623,2023,11,1
230066187,Property Damage Crash,11/14/2023 12:45:00 AM,NA,NA,OTHER,Clear,NA,Medium,N/A,NONE DETECTED,Yes,No Apparent Injury,N/A,NOT DISTRACTED,MD,PICKUP TRUCK,ACCELERATING,15,No,2020,FORD,F450,39.222815,-77.28425667,2023,11,0
230066179,Property Damage Crash,11/13/2023 10:57:00 PM,CRICKET HILL DR,NA,SINGLE VEHICLE,Clear,DRY,Medium,NO CONTROLS,ALCOHOL PRESENT,Yes,No Apparent Injury,N/A,OTHER DISTRACTION,MD,PASSENGER CAR,MOVING CONSTANT SPEED,25,No,2020,TESLA,4D,39.14790833,-77.28280667,2023,11,22
230066176,Injury Crash,11/13/2023 10:04:00 PM,FLOWER AVE,NA,HEAD ON,Clear,DRY,Medium,N/A,NONE DETECTED,Yes,Possible Minor Injury,N/A,UNKNOWN,MD,(SPORT) UTILITY VEHICLE,OTHER,35,No,2022,SUBARU,OUTBACK,38.9959655,-77.002999,2023,11,22
230066176,Injury Crash,11/13/2023 10:04:00 PM,FLOWER AVE,NA,HEAD ON,Clear,DRY,Medium,N/A,NONE DETECTED,No,No Apparent Injury,N/A,NOT DISTRACTED,PA,OTHER BUS,SLOWING OR STOPPING,35,No,2017,PREVOST,H345,38.9959655,-77.002999,2023,11,22
230066163,Property Damage Crash,11/13/2023 08:36:00 PM,WOODMONT AVE,NA,SAME DIRECTION RIGHT TURN,Clear,DRY,Medium,TRAFFIC SIGNAL,NONE DETECTED,Yes,No Apparent Injury,N/A,UNKNOWN,NA,PICKUP TRUCK,MAKING RIGHT TURN,30,No,2023,TOYOTA,TACOMA,38.99267333,-77.09683833,2023,11,20
230066163,Property Damage Crash,11/13/2023 08:36:00 PM,WOODMONT AVE,NA,SAME DIRECTION RIGHT TURN,Clear,DRY,Medium,TRAFFIC SIGNAL,NONE DETECTED,No,No Apparent Injury,N/A,NOT DISTRACTED,MD,PASSENGER CAR,MAKING RIGHT TURN,30,No,2021,CADILLAC,CT5,38.99267333,-77.09683833,2023,11,20
230066518,Injury Crash,11/13/2023 07:42:00 PM,CALVERTON BLVD,NA,STRAIGHT MOVEMENT ANGLE,Clear,DRY,Medium,STOP SIGN,NONE DETECTED,No,No Apparent Injury,N/A,NOT DISTRACTED,NY,PASSENGER CAR,MOVING CONSTANT SPEED,30,No,2009,TOYOTA,SCION,39.056826,-76.9472675,2023,11,19
230066518,Injury Crash,11/13/2023 07:42:00 PM,CALVERTON BLVD,NA,STRAIGHT MOVEMENT ANGLE,Clear,DRY,Medium,STOP SIGN,NONE DETECTED,Yes,Possible Minor Injury,N/A,LOOKED BUT DID NOT SEE,DC,PASSENGER CAR,STARTING FROM LANE,30,No,2008,TOYOTA,PRIUS,39.056826,-76.9472675,2023,11,19
230066142,Property Damage Crash,11/13/2023 06:00:00 PM,GEORGIA AVE,NA,SINGLE VEHICLE,Clear,DRY,Dark,NO CONTROLS,NONE DETECTED,Yes,No Apparent Injury,N/A,UNKNOWN,MD,PASSENGER CAR,MOVING CONSTANT SPEED,35,No,2022,FORD,BRONCO,39.209705,-77.06235833,2023,11,18
230066138,Property Damage Crash,11/13/2023 05:50:00 PM,TWINBROOK PKWY,NA,SINGLE VEHICLE,Clear,DRY,Medium,NO CONTROLS,NONE DETECTED,Yes,No Apparent Injury,N/A,INATTENTIVE OR LOST IN THOUGHT,MD,PASSENGER CAR,MOVING CONSTANT SPEED,40,No,2005,TOYOTA,COROLLA,39.070233,-77.1139045,2023,11,17
230066123,Injury Crash,11/13/2023 04:43:00 PM,CONNECTICUT AVE,NA,SAME DIR REAR END,Clear,DRY,Daylight,NO CONTROLS,NONE DETECTED,Yes,No Apparent Injury,N/A,NOT DISTRACTED,MD,PASSENGER CAR,SLOWING OR STOPPING,35,No,2006,TOYOTA,COROLLA,39.002865,-77.07724167,2023,11,16
230066123,Injury Crash,11/13/2023 04:43:00 PM,CONNECTICUT AVE,NA,SAME DIR REAR END,Clear,DRY,Daylight,NO CONTROLS,NONE DETECTED,No,Possible Minor Injury,N/A,NOT DISTRACTED,MD,PASSENGER CAR,SLOWING OR STOPPING,35,No,2015,NISSAN,ALTIMA,39.002865,-77.07724167,2023,11,16
230066130,Property Damage Crash,11/13/2023 04:30:00 PM,ARMISTEAD RD,NA,OTHER,Clear,DRY,Daylight,STOP SIGN,NONE DETECTED,Yes,No Apparent Injury,N/A,INATTENTIVE OR LOST IN THOUGHT,MD,SCHOOL BUS,MAKING LEFT TURN,25,No,2016,THOMAS,BUS,39.01368667,-76.98206167,2023,11,16
230066121,Property Damage Crash,11/13/2023 04:08:00 PM,UNIVERSITY BLVD W,NA,SAME DIR REAR END,Clear,DRY,Daylight,NO CONTROLS,NONE DETECTED,Yes,No Apparent Injury,N/A,NOT DISTRACTED,MD,PASSENGER CAR,CHANGING LANES,40,No,2009,HONDA,ACCORD,39.02472817,-77.019198,2023,11,16
230066121,Property Damage Crash,11/13/2023 04:08:00 PM,UNIVERSITY BLVD W,NA,SAME DIR REAR END,Clear,DRY,Daylight,NO CONTROLS,NONE DETECTED,No,No Apparent Injury,N/A,NOT DISTRACTED,MD,TRANSIT BUS,STOPPED IN TRAFFIC LANE,40,No,2016,GILLIG,BUS,39.02472817,-77.019198,2023,11,16
230066110,Property Damage Crash,11/13/2023 03:50:00 PM,KING FARM BLVD,NA,STRAIGHT MOVEMENT ANGLE,Clear,DRY,Daylight,STOP SIGN,NONE DETECTED,No,No Apparent Injury,N/A,NOT DISTRACTED,MD,PASSENGER CAR,MOVING CONSTANT SPEED,25,No,2014,TOYT,HY,39.11635351,-77.16998475,2023,11,15
230066110,Property Damage Crash,11/13/2023 03:50:00 PM,KING FARM BLVD,NA,STRAIGHT MOVEMENT ANGLE,Clear,DRY,Daylight,STOP SIGN,NONE DETECTED,Yes,No Apparent Injury,N/A,LOOKED BUT DID NOT SEE,MD,PASSENGER CAR,STARTING FROM LANE,25,No,2023,NISS,SD,39.11635351,-77.16998475,2023,11,15
230066113,Property Damage Crash,11/13/2023 03:35:00 PM,CHERRY HILL RD,NA,ANGLE MEETS RIGHT TURN,Clear,DRY,Daylight,NO CONTROLS,NONE DETECTED,No,No Apparent Injury,N/A,NOT DISTRACTED,MD,VAN,MOVING CONSTANT SPEED,35,No,2017,FORD,TRANSIT,39.04983654,-76.95249399,2023,11,15
230066113,Property Damage Crash,11/13/2023 03:35:00 PM,CHERRY HILL RD,NA,ANGLE MEETS RIGHT TURN,Clear,DRY,Daylight,NO CONTROLS,NONE DETECTED,Yes,No Apparent Injury,N/A,OTHER DISTRACTION,NA,VAN,MAKING RIGHT TURN,35,No,0,UNKNOWN,UNKNOWN,39.04983654,-76.95249399,2023,11,15
230066102,Injury Crash,11/13/2023 03:02:00 PM,MIDDLEBROOK RD,NA,STRAIGHT MOVEMENT ANGLE,Clear,DRY,Daylight,STOP SIGN,NONE DETECTED,No,No Apparent Injury,N/A,NOT DISTRACTED,OR,PASSENGER CAR,MOVING CONSTANT SPEED,40,No,2003,TOYT,4S,39.18131333,-77.23180833,2023,11,15
230066102,Injury Crash,11/13/2023 03:02:00 PM,MIDDLEBROOK RD,NA,STRAIGHT MOVEMENT ANGLE,Clear,DRY,Daylight,STOP SIGN,NONE DETECTED,Yes,Possible Minor Injury,N/A,LOOKED BUT DID NOT SEE,MD,PASSENGER CAR,ACCELERATING,40,No,2008,TOYT,SW,39.18131333,-77.23180833,2023,11,15
23066100,Injury Crash,11/13/2023 02:53:00 PM,MUNCASTER MILL RD,NA,SAME DIRECTION LEFT TURN,Clear,DRY,Daylight,TRAFFIC SIGNAL,NONE DETECTED,Yes,Possible Minor Injury,N/A,LOOKED BUT DID NOT SEE,MD,PASSENGER CAR,MAKING LEFT TURN,35,No,2019,KIA,OPTIMA,39.14614667,-77.144595,2023,11,14
23066100,Injury Crash,11/13/2023 02:53:00 PM,MUNCASTER MILL RD,NA,SAME DIRECTION LEFT TURN,Clear,DRY,Daylight,TRAFFIC SIGNAL,NONE DETECTED,Yes,No Apparent Injury,N/A,LOOKED BUT DID NOT SEE,MD,PASSENGER CAR,MOVING CONSTANT SPEED,35,No,2010,TOYOTA,SIENNA,39.14614667,-77.144595,2023,11,14
230066095,Property Damage Crash,11/13/2023 02:43:00 PM,DARNESTOWN RD,NA,SINGLE VEHICLE,Clear,DRY,Daylight,NO CONTROLS,NONE DETECTED,Yes,No Apparent Injury,N/A,UNKNOWN,MD,VAN,OTHER,40,No,2013,CHEVY,ROADTREK,39.11314,-77.26904333,2023,11,14
230066101,Property Damage Crash,11/13/2023 02:20:00 PM,NA,NA,OTHER,Clear,NA,Daylight,NO CONTROLS,NONE DETECTED,Yes,No Apparent Injury,N/A,UNKNOWN,MD,(SPORT) UTILITY VEHICLE,STARTING FROM PARKED,10,No,2008,TOYOTA,SEQUOIA,39.08185592,-77.15215291,2023,11,14
230066145,Property Damage Crash,11/13/2023 01:30:00 PM,CONNECTICUT AVE,NA,SAME DIRECTION SIDESWIPE,Clear,DRY,Daylight,N/A,NONE DETECTED,No,No Apparent Injury,N/A,NOT DISTRACTED,DC,PASSENGER CAR,MOVING CONSTANT SPEED,30,No,2017,ALFA,GIULIA,38.97601281,-77.07702876,2023,11,13
230066145,Property Damage Crash,11/13/2023 01:30:00 PM,CONNECTICUT AVE,NA,SAME DIRECTION SIDESWIPE,Clear,DRY,Daylight,N/A,NONE DETECTED,Yes,No Apparent Injury,N/A,UNKNOWN,NA,"MEDIUM/HEAVY TRUCKS 3 AXLES (OVER 10,000LBS (4,536KG))",MOVING CONSTANT SPEED,30,No,1998,WSTR,DUMP TRUCK,38.97601281,-77.07702876,2023,11,13
230066075,Property Damage Crash,11/13/2023 12:34:00 PM,DENNIS AVE,NA,SINGLE VEHICLE,Clear,DRY,Daylight,N/A,NONE DETECTED,Yes,No Apparent Injury,N/A,OTHER DISTRACTION,MD,PASSENGER CAR,ACCELERATING,50,No,2013,NISS,SEN,39.02512,-77.04748,2023,11,12
230066065,Property Damage Crash,11/13/2023 12:07:00 PM,NA,NA,OTHER,Clear,NA,Daylight,N/A,NONE DETECTED,No,No Apparent Injury,N/A,NOT DISTRACTED,MD,"MEDIUM/HEAVY TRUCKS 3 AXLES (OVER 10,000LBS (4,536KG))",OTHER,15,No,2016,KW,TRUCK,39.12297958,-77.17279453,2023,11,12
230066065,Property Damage Crash,11/13/2023 12:07:00 PM,NA,NA,OTHER,Clear,NA,Daylight,N/A,NONE DETECTED,Yes,No Apparent Injury,N/A,LOOKED BUT DID NOT SEE,MD,"CARGO VAN/LIGHT TRUCK 2 AXLES (OVER 10,000LBS (4,536 KG))",OTHER,15,No,2018,RAM,TRUCK,39.12297958,-77.17279453,2023,11,12
230066054,Property Damage Crash,11/13/2023 11:40:00 AM,LINTON ST,NA,SAME DIRECTION SIDESWIPE,Clear,DRY,Daylight,NO CONTROLS,NONE DETECTED,Yes,No Apparent Injury,N/A,LOOKED BUT DID NOT SEE,MD,"CARGO VAN/LIGHT TRUCK 2 AXLES (OVER 10,000LBS (4,536 KG))",PASSING,25,No,2014,MACK,TK,39.00396833,-76.993645,2023,11,11
230066054,Property Damage Crash,11/13/2023 11:40:00 AM,LINTON ST,NA,SAME DIRECTION SIDESWIPE,Clear,DRY,Daylight,NO CONTROLS,NONE DETECTED,No,No Apparent Injury,N/A,NOT DISTRACTED,MD,POLICE VEHICLE/NON EMERGENCY,PARKED,25,No,2018,DODG,CHARGER,39.00396833,-76.993645,2023,11,11
230066050,Property Damage Crash,11/13/2023 11:21:00 AM,LINTON ST,NA,SAME DIRECTION LEFT TURN,Clear,DRY,Daylight,NO CONTROLS,NONE DETECTED,Yes,No Apparent Injury,N/A,LOOKED BUT DID NOT SEE,MD,"MEDIUM/HEAVY TRUCKS 3 AXLES (OVER 10,000LBS (4,536KG))",BACKING,25,No,2014,MACK,GRANITE,39.00408961,-76.99367311,2023,11,11
230066050,Property Damage Crash,11/13/2023 11:21:00 AM,LINTON ST,NA,SAME DIRECTION LEFT TURN,Clear,DRY,Daylight,NO CONTROLS,NONE DETECTED,No,No Apparent Injury,N/A,NOT DISTRACTED,DC,"OTHER LIGHT TRUCKS (10,000LBS (4,536KG) OR LESS)",SLOWING OR STOPPING,25,No,2020,DODGE,PROMASTER 3500,39.00408961,-76.99367311,2023,11,11
230066029,Injury Crash,11/13/2023 09:52:00 AM,CLOPPER RD,NA,SAME DIR REAR END,Clear,DRY,Daylight,NO CONTROLS,NONE DETECTED,Yes,No Apparent Injury,N/A,INATTENTIVE OR LOST IN THOUGHT,MD,PASSENGER CAR,MOVING CONSTANT SPEED,45,No,2022,HOND,HR-V,39.15491083,-77.25835317,2023,11,9
230066029,Injury Crash,11/13/2023 09:52:00 AM,CLOPPER RD,NA,SAME DIR REAR END,Clear,DRY,Daylight,NO CONTROLS,NONE DETECTED,No,Possible Minor Injury,N/A,NOT DISTRACTED,MD,PASSENGER CAR,STOPPED IN TRAFFIC LANE,45,No,2010,CHRYSLER,SEBRING,39.15491083,-77.25835317,2023,11,9
230066017,Property Damage Crash,11/13/2023 08:50:00 AM,RAMP 5 FR MD200A SB TO SHADY GROVE RD EB,NA,SAME DIRECTION LEFT TURN,Clear,DRY,Daylight,NO CONTROLS,NONE DETECTED,Unknown,No Apparent Injury,N/A,NOT DISTRACTED,MD,TRANSIT BUS,MOVING CONSTANT SPEED,55,No,2019,GILG,BUS,39.12049037,-77.18183193,2023,11,8
230066019,Injury Crash,11/13/2023 08:50:00 AM,UNIVERSITY BLVD E,NA,SAME DIR REAR END,Clear,DRY,Daylight,NO CONTROLS,NONE DETECTED,No,No Apparent Injury,N/A,NOT DISTRACTED,MD,PICKUP TRUCK,STOPPED IN TRAFFIC LANE,35,No,2005,FORD,TRUCK,39.00979518,-76.99986104,2023,11,8
230066019,Injury Crash,11/13/2023 08:50:00 AM,UNIVERSITY BLVD E,NA,SAME DIR REAR END,Clear,DRY,Daylight,NO CONTROLS,NONE DETECTED,Yes,No Apparent Injury,N/A,UNKNOWN,MD,(SPORT) UTILITY VEHICLE,MOVING CONSTANT SPEED,35,No,2016,JEEP,WRANGLER,39.00979518,-76.99986104,2023,11,8
230066017,Property Damage Crash,11/13/2023 08:50:00 AM,RAMP 5 FR MD200A SB TO SHADY GROVE RD EB,NA,SAME DIRECTION LEFT TURN,Clear,DRY,Daylight,NO CONTROLS,NONE DETECTED,Unknown,No Apparent Injury,N/A,LOOKED BUT DID NOT SEE,PA,PICKUP TRUCK,MOVING CONSTANT SPEED,55,No,2017,HONDA,TK,39.12049037,-77.18183193,2023,11,8
230066019,Injury Crash,11/13/2023 08:50:00 AM,UNIVERSITY BLVD E,NA,SAME DIR REAR END,Clear,DRY,Daylight,NO CONTROLS,NONE DETECTED,No,Possible Minor Injury,N/A,NOT DISTRACTED,MD,PASSENGER CAR,STOPPED IN TRAFFIC LANE,35,No,2011,NISSAN,SENTRA,39.00979518,-76.99986104,2023,11,8
23006601,Property Damage Crash,11/13/2023 08:25:00 AM,ASHTON RD,NA,SINGLE VEHICLE,Clear,DRY,Daylight,NO CONTROLS,NONE DETECTED,No,No Apparent Injury,N/A,LOOKED BUT DID NOT SEE,MD,SCHOOL BUS,MOVING CONSTANT SPEED,40,No,2019,THMS,BUS,39.16140617,-76.98339067,2023,11,8
230066014,Injury Crash,11/13/2023 08:23:00 AM,NORTH GATE DR,NA,STRAIGHT MOVEMENT ANGLE,Clear,DRY,Daylight,N/A,NONE DETECTED,Yes,Possible Minor Injury,N/A,LOOKED BUT DID NOT SEE,MD,(SPORT) UTILITY VEHICLE,MAKING LEFT TURN,20,No,2020,HOND,CRV,39.08255167,-77.04876333,2023,11,8
230066014,Injury Crash,11/13/2023 08:23:00 AM,NORTH GATE DR,NA,STRAIGHT MOVEMENT ANGLE,Clear,DRY,Daylight,N/A,NONE DETECTED,No,No Apparent Injury,N/A,NOT DISTRACTED,MD,VAN,MOVING CONSTANT SPEED,20,No,2008,TOYT,VN,39.08255167,-77.04876333,2023,11,8
230066009,Property Damage Crash,11/13/2023 08:00:00 AM,RIVER RD,NA,SAME DIR REAR END,Clear,DRY,Daylight,NO CONTROLS,NONE DETECTED,No,No Apparent Injury,"N/A, VISION OBSTRUCTION (INCL. BLINDED BY SUN)",NOT DISTRACTED,MO,PASSENGER CAR,SLOWING OR STOPPING,35,No,2005,FORD,PU,39.04842,-77.09661833,2023,11,8
230066009,Property Damage Crash,11/13/2023 08:00:00 AM,RIVER RD,NA,SAME DIR REAR END,Clear,DRY,Daylight,NO CONTROLS,NONE DETECTED,Yes,No Apparent Injury,"N/A, VISION OBSTRUCTION (INCL. BLINDED BY SUN)",INATTENTIVE OR LOST IN THOUGHT,MD,PASSENGER CAR,MOVING CONSTANT SPEED,35,No,2020,HONDA,CIVIC,39.04842,-77.09661833,2023,11,8
230066006,Property Damage Crash,11/13/2023 07:40:00 AM,CAPITAL BELTWAY,NA,SAME DIR REAR END,Clear,DRY,Daylight,NO CONTROLS,NONE DETECTED,No,No Apparent Injury,N/A,NOT DISTRACTED,MD,PASSENGER CAR,SLOWING OR STOPPING,55,No,2015,MAZDA,3,39.01710667,-77.09958,2023,11,7
230066006,Property Damage Crash,11/13/2023 07:40:00 AM,CAPITAL BELTWAY,NA,SAME DIR REAR END,Clear,DRY,Daylight,NO CONTROLS,NONE DETECTED,No,No Apparent Injury,N/A,NOT DISTRACTED,MD,POLICE VEHICLE/NON EMERGENCY,SLOWING OR STOPPING,55,No,2021,FORD,EXPLORER,39.01710667,-77.09958,2023,11,7
230066006,Property Damage Crash,11/13/2023 07:40:00 AM,CAPITAL BELTWAY,NA,SAME DIR REAR END,Clear,DRY,Daylight,NO CONTROLS,NONE DETECTED,Yes,No Apparent Injury,N/A,NOT DISTRACTED,AL,VAN,SLOWING OR STOPPING,55,No,2023,FORD,TRANSIT,39.01710667,-77.09958,2023,11,7
230066008,Property Damage Crash,11/13/2023 07:36:00 AM,RIDGE RD,NA,STRAIGHT MOVEMENT ANGLE,Clear,DRY,Daylight,STOP SIGN,NONE DETECTED,Yes,No Apparent Injury,N/A,LOOKED BUT DID NOT SEE,MD,PASSENGER CAR,STARTING FROM LANE,35,No,2016,VOLK,SD,39.2646545,-77.2187045,2023,11,7
230066008,Property Damage Crash,11/13/2023 07:36:00 AM,RIDGE RD,NA,STRAIGHT MOVEMENT ANGLE,Clear,DRY,Daylight,STOP SIGN,NONE DETECTED,No,No Apparent Injury,N/A,NOT DISTRACTED,MD,PASSENGER CAR,MOVING CONSTANT SPEED,35,No,2007,CHEV,TK,39.2646545,-77.2187045,2023,11,7
230066012,Property Damage Crash,11/13/2023 07:29:00 AM,CONNECTICUT AVE,NA,SAME DIRECTION SIDESWIPE,Clear,DRY,Daylight,TRAFFIC SIGNAL,NONE DETECTED,Yes,No Apparent Injury,N/A,UNKNOWN,MD,(SPORT) UTILITY VEHICLE,CHANGING LANES,35,No,2015,HONDA,TK,39.00001405,-77.07693722,2023,11,7
230066012,Property Damage Crash,11/13/2023 07:29:00 AM,CONNECTICUT AVE,NA,SAME DIRECTION SIDESWIPE,Clear,DRY,Daylight,TRAFFIC SIGNAL,NONE DETECTED,No,No Apparent Injury,N/A,NOT DISTRACTED,WV,VAN,STOPPED IN TRAFFIC LANE,35,No,2013,CHEVROLET,EXPRESS,39.00001405,-77.07693722,2023,11,7
230065527,Property Damage Crash,11/13/2023 07:00:00 AM,HAWKINS CREAMERY RD,NA,SINGLE VEHICLE,Clear,DRY,Medium,NO CONTROLS,NONE DETECTED,No,No Apparent Injury,"ANIMAL, N/A",NOT DISTRACTED,MD,POLICE VEHICLE/NON EMERGENCY,MOVING CONSTANT SPEED,30,No,2016,NISSAN,ROGUE,39.24627162,-77.14569302,2023,11,7
230066002,Property Damage Crash,11/13/2023 06:41:00 AM,COLUMBIA PIKE,NA,SAME DIRECTION SIDESWIPE,Clear,DRY,Medium,NO CONTROLS,NONE DETECTED,Unknown,No Apparent Injury,N/A,NOT DISTRACTED,MD,PASSENGER CAR,CHANGING LANES,45,No,2010,KIA,FORTE,39.04880417,-76.98354,2023,11,6
230066002,Property Damage Crash,11/13/2023 06:41:00 AM,COLUMBIA PIKE,NA,SAME DIRECTION SIDESWIPE,Clear,DRY,Medium,NO CONTROLS,NONE DETECTED,Unknown,No Apparent Injury,N/A,NOT DISTRACTED,MD,PASSENGER CAR,CHANGING LANES,45,No,2016,MERZ,C300,39.04880417,-76.98354,2023,11,6
230066000,Injury Crash,11/13/2023 06:20:00 AM,GEORGIA AVE,NA,OTHER,Clear,DRY,Medium,NO CONTROLS,NONE DETECTED,Yes,Possible Minor Injury,N/A,UNKNOWN,MD,PASSENGER CAR,MOVING CONSTANT SPEED,40,No,2004,NISSAN,ALTIMA,39.16210333,-77.06236167,2023,11,6
230066000,Injury Crash,11/13/2023 06:20:00 AM,GEORGIA AVE,NA,OTHER,Clear,DRY,Medium,NO CONTROLS,NONE DETECTED,No,No Apparent Injury,N/A,NOT DISTRACTED,MD,PASSENGER CAR,OTHER,40,No,2016,FORD,F150,39.16210333,-77.06236167,2023,11,6
230066000,Injury Crash,11/13/2023 06:20:00 AM,GEORGIA AVE,NA,OTHER,Clear,DRY,Medium,NO CONTROLS,NONE DETECTED,No,No Apparent Injury,N/A,NOT DISTRACTED,MD,PASSENGER CAR,MOVING CONSTANT SPEED,40,No,2019,TOYOTA,HIGHLANDER,39.16210333,-77.06236167,2023,11,6
230065998,Property Damage Crash,11/13/2023 05:29:00 AM,DAMASCUS RD,NA,STRAIGHT MOVEMENT ANGLE,Clear,DRY,Dark,NO CONTROLS,NONE DETECTED,No,No Apparent Injury,N/A,NOT DISTRACTED,MD,(SPORT) UTILITY VEHICLE,MOVING CONSTANT SPEED,45,No,2010,NISS,ROGUE,39.230725,-77.09213833,2023,11,5
230065989,Property Damage Crash,11/13/2023 01:44:00 AM,NA,NA,STRAIGHT MOVEMENT ANGLE,Clear,NA,Medium,N/A,ALCOHOL PRESENT,Yes,No Apparent Injury,N/A,UNKNOWN,XX,PASSENGER CAR,BACKING,5,No,2015,KIA,PV,38.98848417,-76.98750217,2023,11,1
230065989,Property Damage Crash,11/13/2023 01:44:00 AM,NA,NA,STRAIGHT MOVEMENT ANGLE,Clear,NA,Medium,N/A,NONE DETECTED,No,No Apparent Injury,N/A,NOT DISTRACTED,MD,POLICE VEHICLE/EMERGENCY,STARTING FROM PARKED,5,No,2016,FORD,TK,38.98848417,-76.98750217,2023,11,1
230065981,Property Damage Crash,11/12/2023 10:12:00 PM,COLUMBIA PIKE,NA,SAME DIR REAR END,Clear,DRY,Medium,TRAFFIC SIGNAL,NONE DETECTED,Yes,No Apparent Injury,N/A,NOT DISTRACTED,MD,PASSENGER CAR,MOVING CONSTANT SPEED,50,No,2004,TOYOTA,HB,39.05576,-76.97168,2023,11,22
230065981,Property Damage Crash,11/12/2023 10:12:00 PM,COLUMBIA PIKE,NA,SAME DIR REAR END,Clear,DRY,Medium,TRAFFIC SIGNAL,NONE DETECTED,No,No Apparent Injury,N/A,NOT DISTRACTED,MD,PASSENGER CAR,STOPPED IN TRAFFIC LANE,50,No,2021,TOYOTA,CAMRY,39.05576,-76.97168,2023,11,22
230065976,Injury Crash,11/12/2023 09:14:00 PM,CONNECTICUT AVE,NA,ANGLE MEETS LEFT TURN,Clear,DRY,Medium,TRAFFIC SIGNAL,NONE DETECTED,Yes,Possible Minor Injury,N/A,UNKNOWN,OK,PASSENGER CAR,MAKING LEFT TURN,30,No,2015,HYUNDAI,SONATA,38.97668667,-77.0773,2023,11,21
230065976,Injury Crash,11/12/2023 09:14:00 PM,CONNECTICUT AVE,NA,ANGLE MEETS LEFT TURN,Clear,DRY,Medium,TRAFFIC SIGNAL,NONE DETECTED,No,Possible Minor Injury,N/A,UNKNOWN,MD,PASSENGER CAR,MOVING CONSTANT SPEED,30,No,2020,CHEV,SD,38.97668667,-77.0773,2023,11,21
230065970,Property Damage Crash,11/12/2023 07:06:00 PM,ROCKVILLE PIKE,NA,SAME DIR REAR END,Clear,DRY,Medium,TRAFFIC SIGNAL,NONE DETECTED,No,No Apparent Injury,N/A,NOT DISTRACTED,MD,(SPORT) UTILITY VEHICLE,STARTING FROM LANE,45,No,2016,TOYOTA,RAV4,39.023885,-77.10331333,2023,11,19
230065970,Property Damage Crash,11/12/2023 07:06:00 PM,ROCKVILLE PIKE,NA,SAME DIR REAR END,Clear,DRY,Medium,TRAFFIC SIGNAL,NONE DETECTED,No,No Apparent Injury,N/A,NOT DISTRACTED,MD,PASSENGER CAR,STARTING FROM LANE,45,No,2018,TOYOTA,CAMRY,39.023885,-77.10331333,2023,11,19
230065970,Property Damage Crash,11/12/2023 07:06:00 PM,ROCKVILLE PIKE,NA,SAME DIR REAR END,Clear,DRY,Medium,TRAFFIC SIGNAL,NONE DETECTED,No,No Apparent Injury,N/A,NOT DISTRACTED,MD,PASSENGER CAR,STARTING FROM LANE,45,No,2021,HYUNDAI,VENUE,39.023885,-77.10331333,2023,11,19
230065970,Property Damage Crash,11/12/2023 07:06:00 PM,ROCKVILLE PIKE,NA,SAME DIR REAR END,Clear,DRY,Medium,TRAFFIC SIGNAL,NONE DETECTED,Yes,No Apparent Injury,N/A,UNKNOWN,MD,PASSENGER CAR,CHANGING LANES,45,No,2016,NISSAN,ALTIMA,39.023885,-77.10331333,2023,11,19
230065955,Property Damage Crash,11/12/2023 04:25:00 PM,CALVERTON BLVD,NA,SAME DIR REAR END,Clear,DRY,Daylight,NO CONTROLS,NONE DETECTED,Unknown,No Apparent Injury,N/A,UNKNOWN,NA,NA,SLOWING OR STOPPING,25,No,0,UNKNOWN,UNKNOWN,39.05640233,-76.952876,2023,11,16
230065955,Property Damage Crash,11/12/2023 04:25:00 PM,CALVERTON BLVD,NA,SAME DIR REAR END,Clear,DRY,Daylight,NO CONTROLS,NONE DETECTED,Yes,No Apparent Injury,N/A,UNKNOWN,MD,PASSENGER CAR,SLOWING OR STOPPING,25,No,2019,HOND,CIVIC,39.05640233,-76.952876,2023,11,16
230065955,Property Damage Crash,11/12/2023 04:25:00 PM,CALVERTON BLVD,NA,SAME DIR REAR END,Clear,DRY,Daylight,NO CONTROLS,NONE DETECTED,Unknown,No Apparent Injury,N/A,NOT DISTRACTED,MD,PASSENGER CAR,SLOWING OR STOPPING,25,No,2014,NISS,4S,39.05640233,-76.952876,2023,11,16
230065953,Property Damage Crash,11/12/2023 04:06:00 PM,W MONTGOMERY AVE,NA,SINGLE VEHICLE,Clear,DRY,Daylight,TRAFFIC SIGNAL,NONE DETECTED,Yes,No Apparent Injury,N/A,UNKNOWN,MD,PASSENGER CAR,ACCELERATING,30,No,2019,HONDA,HR-V,39.08733477,-77.17645651,2023,11,16