Local Case Number,ACRS Report Type,Crash Date/Time,Road Name,Related Non-Motorist,Collision Type,Weather,Surface Condition,Light,Traffic Control,Driver Substance Abuse,Driver At Fault,Injury Severity,Circumstance,Driver Distracted By,Drivers License State,Vehicle Body Type,Vehicle Movement,Speed Limit,Driverless Vehicle,Vehicle Year,Vehicle Make,Vehicle Model,Latitude,Longitude,Year,Month,Hour
230065947,Property Damage Crash,11/12/2023 03:03:00 PM,COLUMBIA PIKE,NA,SAME DIR REAR END,Clear,DRY,Daylight,NO CONTROLS,NONE DETECTED,Yes,No Apparent Injury,N/A,INATTENTIVE OR LOST IN THOUGHT,MD,PASSENGER CAR,MOVING CONSTANT SPEED,50,No,2005,TOYOTA,CAMRY,39.05408333,-76.97432167,2023,11,15
230065947,Property Damage Crash,11/12/2023 03:03:00 PM,COLUMBIA PIKE,NA,SAME DIR REAR END,Clear,DRY,Daylight,NO CONTROLS,NONE DETECTED,No,No Apparent Injury,N/A,NOT DISTRACTED,MD,PASSENGER CAR,MOVING CONSTANT SPEED,50,No,2017,JEEP,RENEGADE,39.05408333,-76.97432167,2023,11,15
230065947,Property Damage Crash,11/12/2023 03:03:00 PM,COLUMBIA PIKE,NA,SAME DIR REAR END,Clear,DRY,Daylight,NO CONTROLS,NONE DETECTED,No,No Apparent Injury,N/A,NOT DISTRACTED,NJ,PASSENGER CAR,SLOWING OR STOPPING,50,No,2019,TOYOTA,HIGHLANDER,39.05408333,-76.97432167,2023,11,15
230065938,Property Damage Crash,11/12/2023 02:15:00 PM,ENNALLS AVE,NA,OTHER,Clear,DRY,Daylight,NO CONTROLS,NONE DETECTED,No,No Apparent Injury,N/A,NOT DISTRACTED,MD,PASSENGER CAR,ACCELERATING,25,No,2022,TESLA,SD,39.03189437,-77.07470031,2023,11,14
230065938,Property Damage Crash,11/12/2023 02:15:00 PM,ENNALLS AVE,NA,OTHER,Clear,DRY,Daylight,NO CONTROLS,NONE DETECTED,Yes,No Apparent Injury,N/A,LOOKED BUT DID NOT SEE,MD,PICKUP TRUCK,MAKING LEFT TURN,25,No,2017,NISSAN,FRONTIER,39.03189437,-77.07470031,2023,11,14
230065938,Property Damage Crash,11/12/2023 02:15:00 PM,ENNALLS AVE,NA,OTHER,Clear,DRY,Daylight,NO CONTROLS,NONE DETECTED,No,No Apparent Injury,N/A,NOT DISTRACTED,MD,VAN,MOVING CONSTANT SPEED,25,No,2015,TOYOTA,SIENNA,39.03189437,-77.07470031,2023,11,14
230065940,Injury Crash,11/12/2023 02:10:00 PM,UNIVERSITY BLVD W,NA,SAME DIR REAR END,Clear,DRY,Daylight,NO CONTROLS,NONE DETECTED,Yes,No Apparent Injury,"BACKUP DUE TO REGULAR CONGESTION, N/A",NOT DISTRACTED,MD,PASSENGER CAR,MOVING CONSTANT SPEED,35,No,2014,NISSAN,SENTRA,39.04042333,-77.05466333,2023,11,14
230065940,Injury Crash,11/12/2023 02:10:00 PM,UNIVERSITY BLVD W,NA,SAME DIR REAR END,Clear,DRY,Daylight,NO CONTROLS,NONE DETECTED,No,Possible Minor Injury,"BACKUP DUE TO REGULAR CONGESTION, N/A",NOT DISTRACTED,MD,PASSENGER CAR,SLOWING OR STOPPING,35,No,2012,NISSAN,MURANO,39.04042333,-77.05466333,2023,11,14
230065929,Injury Crash,11/12/2023 01:22:00 PM,CLARKSBURG RD,NA,HEAD ON LEFT TURN,Clear,DRY,Daylight,TRAFFIC SIGNAL,NONE DETECTED,Yes,No Apparent Injury,N/A,UNKNOWN,MD,(SPORT) UTILITY VEHICLE,MOVING CONSTANT SPEED,35,No,2022,JEEP,CHEROKEE,39.23247167,-77.28374167,2023,11,13
230065929,Injury Crash,11/12/2023 01:22:00 PM,CLARKSBURG RD,NA,HEAD ON LEFT TURN,Clear,DRY,Daylight,TRAFFIC SIGNAL,NONE DETECTED,No,No Apparent Injury,N/A,NOT DISTRACTED,MD,PASSENGER CAR,MOVING CONSTANT SPEED,35,No,2022,BMW,SD,39.23247167,-77.28374167,2023,11,13
230065927,Property Damage Crash,11/12/2023 01:07:00 PM,CRYSTAL ROCK DR,NA,STRAIGHT MOVEMENT ANGLE,Clear,DRY,Daylight,NO CONTROLS,NONE DETECTED,Yes,No Apparent Injury,N/A,LOOKED BUT DID NOT SEE,MD,PASSENGER CAR,MAKING LEFT TURN,40,No,2019,JEEP,WRANGLER,39.19019,-77.266943,2023,11,13
230065927,Property Damage Crash,11/12/2023 01:07:00 PM,CRYSTAL ROCK DR,NA,STRAIGHT MOVEMENT ANGLE,Clear,DRY,Daylight,NO CONTROLS,NONE DETECTED,No,No Apparent Injury,N/A,NOT DISTRACTED,MD,PASSENGER CAR,MOVING CONSTANT SPEED,40,No,2008,CHEV,SD,39.19019,-77.266943,2023,11,13
230065934,Property Damage Crash,11/12/2023 12:55:00 PM,NEW HAMPSHIRE AVE,NA,SAME DIRECTION SIDESWIPE,Clear,DRY,Daylight,TRAFFIC SIGNAL,NONE DETECTED,Yes,No Apparent Injury,N/A,UNKNOWN,MD,PICKUP TRUCK,MOVING CONSTANT SPEED,35,No,2008,CHEVROLET,SILVERADO,39.01530554,-76.9778562,2023,11,12
230065934,Property Damage Crash,11/12/2023 12:55:00 PM,NEW HAMPSHIRE AVE,NA,SAME DIRECTION SIDESWIPE,Clear,DRY,Daylight,TRAFFIC SIGNAL,NONE DETECTED,No,No Apparent Injury,N/A,NOT DISTRACTED,MD,TRANSIT BUS,STOPPED IN TRAFFIC LANE,35,No,2019,NEW FLYER,XN40,39.01530554,-76.9778562,2023,11,12
230065923,Property Damage Crash,11/12/2023 12:28:00 PM,UNIVERSITY BLVD E,NA,SAME DIR REAR END,Clear,DRY,Daylight,TRAFFIC SIGNAL,NONE DETECTED,Yes,No Apparent Injury,N/A,NOT DISTRACTED,MD,PASSENGER CAR,SLOWING OR STOPPING,35,No,2006,HONDA,CIVIC,39.01619,-77.00574,2023,11,12
230065923,Property Damage Crash,11/12/2023 12:28:00 PM,UNIVERSITY BLVD E,NA,SAME DIR REAR END,Clear,DRY,Daylight,TRAFFIC SIGNAL,NONE DETECTED,Yes,No Apparent Injury,N/A,NOT DISTRACTED,MD,PASSENGER CAR,CHANGING LANES,35,No,2021,TOYOTA,COROLLA,39.01619,-77.00574,2023,11,12
230065911,Injury Crash,11/12/2023 11:50:00 AM,NA,BICYCLIST,STRAIGHT MOVEMENT ANGLE,Clear,NA,Daylight,N/A,NONE DETECTED,Yes,No Apparent Injury,N/A,LOOKED BUT DID NOT SEE,MD,PASSENGER CAR,SLOWING OR STOPPING,5,No,2019,BUIC,UT,39.15517,-77.06697167,2023,11,11
230065903,Injury Crash,11/12/2023 10:45:00 AM,NA,PEDESTRIAN,OTHER,Clear,NA,Daylight,N/A,NONE DETECTED,Unknown,No Apparent Injury,N/A,NOT DISTRACTED,MD,(SPORT) UTILITY VEHICLE,BACKING,15,No,2017,HOND,TK,39.08271605,-76.94528133,2023,11,10
230065886,Injury Crash,11/12/2023 06:15:00 AM,CHERRY HILL RD,NA,SAME DIRECTION LEFT TURN,Clear,DRY,Medium,TRAFFIC SIGNAL,NONE DETECTED,Yes,Possible Minor Injury,N/A,NOT DISTRACTED,VA,PASSENGER CAR,CHANGING LANES,40,No,2023,HONDA,CIVIC,39.06168752,-76.95954334,2023,11,6
230065886,Injury Crash,11/12/2023 06:15:00 AM,CHERRY HILL RD,NA,SAME DIRECTION LEFT TURN,Clear,DRY,Medium,TRAFFIC SIGNAL,NONE DETECTED,No,No Apparent Injury,N/A,NOT DISTRACTED,MD,PASSENGER CAR,MOVING CONSTANT SPEED,40,No,2011,LEXUS,CT200,39.06168752,-76.95954334,2023,11,6
230065879,Property Damage Crash,11/12/2023 04:19:00 AM,CONNECTICUT AVE,NA,SINGLE VEHICLE,Clear,DRY,Medium,NO CONTROLS,NONE DETECTED,Yes,No Apparent Injury,N/A,NOT DISTRACTED,MD,PASSENGER CAR,MOVING CONSTANT SPEED,35,No,2003,FORD,EXPLORER,39.07845,-77.08033667,2023,11,4
230065035,Property Damage Crash,11/12/2023 04:12:00 AM,SHERIDAN ST,NA,SINGLE VEHICLE,Clear,DRY,Medium,NO CONTROLS,NONE DETECTED,Yes,No Apparent Injury,N/A,NOT DISTRACTED,MD,PASSENGER CAR,MOVING CONSTANT SPEED,35,No,2015,DODGE,DART,38.96880797,-77.00033742,2023,11,4
230065875,Property Damage Crash,11/12/2023 03:29:00 AM,STATESIDE DR,NA,SAME DIRECTION SIDESWIPE,Clear,DRY,Medium,NO CONTROLS,NONE DETECTED,Yes,No Apparent Injury,N/A,UNKNOWN,NA,PASSENGER CAR,ACCELERATING,25,No,2003,INFINITY,FX45,39.01091428,-76.98085569,2023,11,3
230065868,Property Damage Crash,11/12/2023 01:04:00 AM,GEORGIA AVE,NA,SINGLE VEHICLE,Clear,DRY,Medium,NO CONTROLS,ALCOHOL PRESENT,Yes,No Apparent Injury,"ANIMAL, N/A",BY OTHER OCCUPANTS,MD,(SPORT) UTILITY VEHICLE,MOVING CONSTANT SPEED,50,No,2014,HONDA,UT,39.1326021,-77.07066042,2023,11,1
230065861,Injury Crash,11/12/2023 12:33:00 AM,SNOUFFERS SCHOOL RD,NA,HEAD ON LEFT TURN,Clear,N/A,Medium,NO CONTROLS,NONE DETECTED,Yes,No Apparent Injury,N/A,LOOKED BUT DID NOT SEE,MD,PASSENGER CAR,ACCELERATING,40,No,2009,TOYT,SADAN,39.16660283,-77.17112167,2023,11,0
230065861,Injury Crash,11/12/2023 12:33:00 AM,SNOUFFERS SCHOOL RD,NA,HEAD ON LEFT TURN,Clear,N/A,Medium,NO CONTROLS,NONE DETECTED,No,No Apparent Injury,N/A,NOT DISTRACTED,MD,PASSENGER CAR,MOVING CONSTANT SPEED,40,No,2023,SUBA,UT,39.16660283,-77.17112167,2023,11,0
230065860,Injury Crash,11/12/2023 12:03:00 AM,WHITES FERRY RD,NA,OPPOSITE DIRECTION SIDESWIPE,Clear,DRY,Dark,NO CONTROLS,NONE DETECTED,No,No Apparent Injury,N/A,NOT DISTRACTED,MD,(SPORT) UTILITY VEHICLE,MOVING CONSTANT SPEED,35,No,2023,TOYOTA,RAV 4,39.12793667,-77.349755,2023,11,0
230065860,Injury Crash,11/12/2023 12:03:00 AM,WHITES FERRY RD,NA,OPPOSITE DIRECTION SIDESWIPE,Clear,DRY,Dark,NO CONTROLS,NONE DETECTED,Yes,Possible Minor Injury,N/A,INATTENTIVE OR LOST IN THOUGHT,MD,PASSENGER CAR,MOVING CONSTANT SPEED,30,No,2017,HONDA,CIVIC,39.12793667,-77.349755,2023,11,0
230065855,Injury Crash,11/11/2023 11:25:00 PM,PINEY BRANCH RD,NA,SAME DIR REAR END,Clear,DRY,Medium,TRAFFIC SIGNAL,NONE DETECTED,No,No Apparent Injury,N/A,NOT DISTRACTED,MD,PASSENGER CAR,STOPPED IN TRAFFIC LANE,35,No,2016,TOYT,COROLLA,38.99954336,-76.99578963,2023,11,23
230065855,Injury Crash,11/11/2023 11:25:00 PM,PINEY BRANCH RD,NA,SAME DIR REAR END,Clear,DRY,Medium,TRAFFIC SIGNAL,NONE DETECTED,No,Possible Minor Injury,N/A,NOT DISTRACTED,MD,PASSENGER CAR,STOPPED IN TRAFFIC LANE,35,No,2022,LEXUS,RX350L,38.99954336,-76.99578963,2023,11,23
230065855,Injury Crash,11/11/2023 11:25:00 PM,PINEY BRANCH RD,NA,SAME DIR REAR END,Clear,DRY,Medium,TRAFFIC SIGNAL,ALCOHOL PRESENT,Yes,No Apparent Injury,N/A,INATTENTIVE OR LOST IN THOUGHT,MD,PASSENGER CAR,SLOWING OR STOPPING,35,No,2012,GMC,ACADIA,38.99954336,-76.99578963,2023,11,23
230065858,Property Damage Crash,11/11/2023 11:12:00 PM,COLUMBIA PIKE,NA,OTHER,Clear,DRY,Dark,NO CONTROLS,ALCOHOL PRESENT,Yes,No Apparent Injury,N/A,LOOKED BUT DID NOT SEE,MD,PASSENGER CAR,MOVING CONSTANT SPEED,45,No,2004,DODGE,RAM,39.11153278,-76.92915932,2023,11,23
230065853,Property Damage Crash,11/11/2023 11:11:00 PM,CHERRY HILL RD,NA,SAME DIR REAR END,Clear,DRY,Medium,NO CONTROLS,NONE DETECTED,Unknown,No Apparent Injury,N/A,UNKNOWN,MD,PASSENGER CAR,ACCELERATING,35,No,2013,FORD,CP,39.0457,-76.95562683,2023,11,23
230065853,Property Damage Crash,11/11/2023 11:11:00 PM,CHERRY HILL RD,NA,SAME DIR REAR END,Clear,DRY,Medium,NO CONTROLS,NONE DETECTED,Unknown,No Apparent Injury,N/A,UNKNOWN,MD,PASSENGER CAR,ACCELERATING,35,No,2006,ACUR,SD,39.0457,-76.95562683,2023,11,23
230065853,Property Damage Crash,11/11/2023 11:11:00 PM,CHERRY HILL RD,NA,SAME DIR REAR END,Clear,DRY,Medium,NO CONTROLS,NONE DETECTED,Unknown,No Apparent Injury,N/A,UNKNOWN,MD,PASSENGER CAR,SLOWING OR STOPPING,35,No,2015,HOND,SD,39.0457,-76.95562683,2023,11,23
230065853,Property Damage Crash,11/11/2023 11:11:00 PM,CHERRY HILL RD,NA,SAME DIR REAR END,Clear,DRY,Medium,NO CONTROLS,NONE DETECTED,Unknown,No Apparent Injury,N/A,UNKNOWN,MD,PASSENGER CAR,STOPPED IN TRAFFIC LANE,35,No,2018,TOYOTA,RAV4,39.0457,-76.95562683,2023,11,23
230065850,Property Damage Crash,11/11/2023 10:44:00 PM,COLESVILLE RD,NA,SAME DIR REAR END,Clear,DRY,Medium,TRAFFIC SIGNAL,NONE DETECTED,No,No Apparent Injury,N/A,NOT DISTRACTED,DC,PASSENGER CAR,STOPPED IN TRAFFIC LANE,35,No,2018,HONDA,SD,39.0043195,-77.023588,2023,11,22
230065850,Property Damage Crash,11/11/2023 10:44:00 PM,COLESVILLE RD,NA,SAME DIR REAR END,Clear,DRY,Medium,TRAFFIC SIGNAL,NONE DETECTED,Yes,No Apparent Injury,N/A,NOT DISTRACTED,MD,PASSENGER CAR,SLOWING OR STOPPING,35,No,2012,CHEV,SD,39.0043195,-77.023588,2023,11,22
230065850,Property Damage Crash,11/11/2023 10:44:00 PM,COLESVILLE RD,NA,SAME DIR REAR END,Clear,DRY,Medium,TRAFFIC SIGNAL,NONE DETECTED,No,No Apparent Injury,N/A,NOT DISTRACTED,MD,(SPORT) UTILITY VEHICLE,STOPPED IN TRAFFIC LANE,35,No,2005,DODG,PV,39.0043195,-77.023588,2023,11,22
230065844,Property Damage Crash,11/11/2023 10:24:00 PM,NA,NA,OTHER,Clear,NA,Medium,N/A,NONE DETECTED,No,No Apparent Injury,N/A,NOT DISTRACTED,MD,PASSENGER CAR,PARKED,10,No,2019,TOYOTA,COROLLA,39.15550095,-77.2090728,2023,11,22
230065848,Injury Crash,11/11/2023 10:24:00 PM,WARING STATION RD,NA,SAME DIR REAR END,Clear,DRY,Medium,N/A,DRUG AND ALCOHOL CONTRIBUTED,Yes,No Apparent Injury,N/A,UNKNOWN,VA,VAN,MOVING CONSTANT SPEED,30,No,2007,HONDA,ODYSSEY,39.16884767,-77.2469605,2023,11,22
230065848,Injury Crash,11/11/2023 10:24:00 PM,WARING STATION RD,NA,SAME DIR REAR END,Clear,DRY,Medium,N/A,NONE DETECTED,No,No Apparent Injury,N/A,NOT DISTRACTED,MD,PASSENGER CAR,PARKED,0,No,2006,BMW,325,39.16884767,-77.2469605,2023,11,22
230065844,Property Damage Crash,11/11/2023 10:24:00 PM,NA,NA,OTHER,Clear,NA,Medium,N/A,NONE DETECTED,Yes,No Apparent Injury,N/A,UNKNOWN,NA,NA,BACKING,10,No,0,UNKNOWN,UNKNOWN,39.15550095,-77.2090728,2023,11,22
230065842,Property Damage Crash,11/11/2023 09:50:00 PM,CHERRY HILL RD,NA,SAME DIR REAR END,Clear,DRY,Medium,TRAFFIC SIGNAL,NONE DETECTED,Yes,No Apparent Injury,N/A,OTHER CELLULAR PHONE RELATED,MD,PASSENGER CAR,MOVING CONSTANT SPEED,35,No,2011,FORD,CROWN VIC,39.05615631,-76.95437882,2023,11,21
230065842,Property Damage Crash,11/11/2023 09:50:00 PM,CHERRY HILL RD,NA,SAME DIR REAR END,Clear,DRY,Medium,TRAFFIC SIGNAL,NONE DETECTED,No,No Apparent Injury,N/A,NOT DISTRACTED,MD,VAN,STOPPED IN TRAFFIC LANE,0,No,2020,FORD,CG,39.05615631,-76.95437882,2023,11,21
230065833,Injury Crash,11/11/2023 07:38:00 PM,NA,PEDESTRIAN,OTHER,Clear,NA,Medium,NO CONTROLS,NONE DETECTED,Yes,No Apparent Injury,N/A,UNKNOWN,NA,NA,ACCELERATING,15,No,0,UNKNOWN,UNKNOWN,39.03507833,-77.05312667,2023,11,19
230065835,Property Damage Crash,11/11/2023 07:27:00 PM,PERSHING DR,NA,SAME DIR REAR END,Clear,DRY,Medium,TRAFFIC SIGNAL,NONE DETECTED,Yes,No Apparent Injury,N/A,UNKNOWN,NA,(SPORT) UTILITY VEHICLE,UNKNOWN,25,No,2020,DODGE,DURANGO,38.99795,-77.02314,2023,11,19
230065835,Property Damage Crash,11/11/2023 07:27:00 PM,PERSHING DR,NA,SAME DIR REAR END,Clear,DRY,Medium,TRAFFIC SIGNAL,NONE DETECTED,No,No Apparent Injury,N/A,NOT DISTRACTED,DC,PASSENGER CAR,STOPPED IN TRAFFIC LANE,0,No,2014,BMW,I3,38.99795,-77.02314,2023,11,19
230065818,Injury Crash,11/11/2023 05:33:00 PM,SEVEN LOCKS RD,NA,SAME DIR REAR END,Clear,DRY,Medium,NO CONTROLS,NONE DETECTED,Yes,Possible Minor Injury,N/A,NOT DISTRACTED,PA,PASSENGER CAR,SLOWING OR STOPPING,30,No,2012,TOYOTA,CAMRY,39.05399558,-77.16319989,2023,11,17
230065818,Injury Crash,11/11/2023 05:33:00 PM,SEVEN LOCKS RD,NA,SAME DIR REAR END,Clear,DRY,Medium,NO CONTROLS,NONE DETECTED,No,No Apparent Injury,N/A,NOT DISTRACTED,MD,PASSENGER CAR,SLOWING OR STOPPING,30,No,2022,TOYOTA,CAMRY,39.05399558,-77.16319989,2023,11,17
230065818,Injury Crash,11/11/2023 05:33:00 PM,SEVEN LOCKS RD,NA,SAME DIR REAR END,Clear,DRY,Medium,NO CONTROLS,NONE DETECTED,No,No Apparent Injury,N/A,NOT DISTRACTED,MD,(SPORT) UTILITY VEHICLE,SLOWING OR STOPPING,30,No,2018,NISS,UTILITY,39.05399558,-77.16319989,2023,11,17
230066501,Property Damage Crash,11/11/2023 04:15:00 PM,NA,NA,UNKNOWN,Clear,NA,Daylight,N/A,NONE DETECTED,Yes,No Apparent Injury,N/A,UNKNOWN,NA,PASSENGER CAR,PARKING,10,No,2008,CHEV,MALIBU,39.03563967,-77.052534,2023,11,16
230065812,Injury Crash,11/11/2023 03:59:00 PM,DAMASCUS RD,NA,STRAIGHT MOVEMENT ANGLE,Clear,DRY,Daylight,STOP SIGN,NONE DETECTED,Yes,No Apparent Injury,N/A,UNKNOWN,MD,PASSENGER CAR,OTHER,40,No,2013,SUBA,SW,39.25249167,-77.1395015,2023,11,15
230065812,Injury Crash,11/11/2023 03:59:00 PM,DAMASCUS RD,NA,STRAIGHT MOVEMENT ANGLE,Clear,DRY,Daylight,STOP SIGN,NONE DETECTED,No,Suspected Serious Injury,N/A,UNKNOWN,MD,MOTORCYCLE,UNKNOWN,50,No,2000,GATO,748,39.25249167,-77.1395015,2023,11,15
230065802,Injury Crash,11/11/2023 03:00:00 PM,DEMOCRACY BLVD,NA,SAME DIRECTION RIGHT TURN,Clear,DRY,Daylight,NO CONTROLS,NONE DETECTED,Yes,No Apparent Injury,N/A,LOOKED BUT DID NOT SEE,MD,(SPORT) UTILITY VEHICLE,MAKING RIGHT TURN,35,No,2013,LESUX,RX350,39.021698,-77.13740233,2023,11,15
230065800,Injury Crash,11/11/2023 03:00:00 PM,GEORGIA AVE,NA,STRAIGHT MOVEMENT ANGLE,Clear,DRY,Daylight,STOP SIGN,NONE DETECTED,No,No Apparent Injury,N/A,NOT DISTRACTED,MD,PASSENGER CAR,MOVING CONSTANT SPEED,25,No,2016,SUBARU,SW,38.99228667,-77.02641,2023,11,15
230065802,Injury Crash,11/11/2023 03:00:00 PM,DEMOCRACY BLVD,NA,SAME DIRECTION RIGHT TURN,Clear,DRY,Daylight,NO CONTROLS,NONE DETECTED,No,Possible Minor Injury,N/A,NOT DISTRACTED,MD,(SPORT) UTILITY VEHICLE,MOVING CONSTANT SPEED,35,No,2023,FRISKER,OCEAN,39.021698,-77.13740233,2023,11,15
230065800,Injury Crash,11/11/2023 03:00:00 PM,GEORGIA AVE,NA,STRAIGHT MOVEMENT ANGLE,Clear,DRY,Daylight,STOP SIGN,NONE DETECTED,Yes,Possible Minor Injury,N/A,LOOKED BUT DID NOT SEE,MD,PASSENGER CAR,MAKING LEFT TURN,30,No,2021,TOYOTA,RAV4,38.99228667,-77.02641,2023,11,15
230065797,Injury Crash,11/11/2023 02:53:00 PM,GREENCASTLE RD,NA,HEAD ON LEFT TURN,Clear,DRY,Daylight,TRAFFIC SIGNAL,NONE DETECTED,Yes,No Apparent Injury,N/A,LOOKED BUT DID NOT SEE,MD,PASSENGER CAR,MAKING LEFT TURN,55,No,2022,TOYOTA,COROLLA CROSS,39.0955967,-76.938003,2023,11,14
230065797,Injury Crash,11/11/2023 02:53:00 PM,GREENCASTLE RD,NA,HEAD ON LEFT TURN,Clear,DRY,Daylight,TRAFFIC SIGNAL,NONE DETECTED,No,Possible Minor Injury,N/A,NOT DISTRACTED,MD,PASSENGER CAR,MOVING CONSTANT SPEED,55,No,2021,HONDA,PILOT,39.0955967,-76.938003,2023,11,14
230065799,Injury Crash,11/11/2023 02:48:00 PM,GERMANTOWN RD,NA,SAME DIR REAR END,Clear,DRY,Daylight,NO CONTROLS,NONE DETECTED,Yes,No Apparent Injury,N/A,NOT DISTRACTED,MD,(SPORT) UTILITY VEHICLE,MOVING CONSTANT SPEED,40,No,2013,NISS,PATHFINDER TK,39.17330833,-77.27486667,2023,11,14
230065799,Injury Crash,11/11/2023 02:48:00 PM,GERMANTOWN RD,NA,SAME DIR REAR END,Clear,DRY,Daylight,NO CONTROLS,NONE DETECTED,No,No Apparent Injury,N/A,NOT DISTRACTED,MD,PASSENGER CAR,SLOWING OR STOPPING,40,No,2013,HOND,CIVIC 4S,39.17330833,-77.27486667,2023,11,14
230065799,Injury Crash,11/11/2023 02:48:00 PM,GERMANTOWN RD,NA,SAME DIR REAR END,Clear,DRY,Daylight,NO CONTROLS,NONE DETECTED,No,Possible Minor Injury,N/A,NOT DISTRACTED,MD,(SPORT) UTILITY VEHICLE,SLOWING OR STOPPING,40,No,2014,HONDA,CRV SUV,39.17330833,-77.27486667,2023,11,14
230065789,Injury Crash,11/11/2023 01:58:00 PM,FREDERICK RD,NA,SAME DIR REAR END,Clear,DRY,Daylight,TRAFFIC SIGNAL,NONE DETECTED,No,No Apparent Injury,N/A,NOT DISTRACTED,MD,RECREATIONAL VEHICLE,STOPPED IN TRAFFIC LANE,40,No,2022,JEEP,OMPASS,39.10663917,-77.16909783,2023,11,13
230065789,Injury Crash,11/11/2023 01:58:00 PM,FREDERICK RD,NA,SAME DIR REAR END,Clear,DRY,Daylight,TRAFFIC SIGNAL,NONE DETECTED,Yes,No Apparent Injury,N/A,NOT DISTRACTED,MD,"CARGO VAN/LIGHT TRUCK 2 AXLES (OVER 10,000LBS (4,536 KG))",SLOWING OR STOPPING,40,No,2019,FORD,ST,39.10663917,-77.16909783,2023,11,13
230065773,Property Damage Crash,11/11/2023 11:40:00 AM,GEORGIA AVE,NA,SAME DIRECTION RIGHT TURN,Clear,DRY,Daylight,OTHER,NONE DETECTED,No,No Apparent Injury,N/A,NOT DISTRACTED,MD,PASSENGER CAR,SLOWING OR STOPPING,35,No,2018,HONDA,CRV,39.0844255,-77.078425,2023,11,11
230065773,Property Damage Crash,11/11/2023 11:40:00 AM,GEORGIA AVE,NA,SAME DIRECTION RIGHT TURN,Clear,DRY,Daylight,OTHER,NONE DETECTED,Yes,No Apparent Injury,N/A,NOT DISTRACTED,MD,PASSENGER CAR,SLOWING OR STOPPING,35,No,2020,C-HR,TOYOTA,39.0844255,-77.078425,2023,11,11
230065767,Property Damage Crash,11/11/2023 10:49:00 AM,TROLLEY CROSSING CT,NA,OTHER,Clear,DRY,Daylight,NO CONTROLS,NONE DETECTED,No,No Apparent Injury,N/A,NOT DISTRACTED,MD,PASSENGER CAR,PARKED,25,No,2023,TOYT,SD,39.18828017,-77.158401,2023,11,10
230065767,Property Damage Crash,11/11/2023 10:49:00 AM,TROLLEY CROSSING CT,NA,OTHER,Clear,DRY,Daylight,NO CONTROLS,NONE DETECTED,Yes,No Apparent Injury,N/A,UNKNOWN,MD,PASSENGER CAR,BACKING,25,No,2017,LEXUS,4S,39.18828017,-77.158401,2023,11,10
230065758,Property Damage Crash,11/11/2023 10:00:00 AM,SEVEN LOCKS RD,NA,SAME DIRECTION LEFT TURN,Clear,DRY,Daylight,NO CONTROLS,NONE DETECTED,Yes,No Apparent Injury,N/A,INATTENTIVE OR LOST IN THOUGHT,MD,PASSENGER CAR,MAKING U TURN,35,No,2021,TESL,SD,39.01274167,-77.15979667,2023,11,10
230065758,Property Damage Crash,11/11/2023 10:00:00 AM,SEVEN LOCKS RD,NA,SAME DIRECTION LEFT TURN,Clear,DRY,Daylight,NO CONTROLS,NONE DETECTED,No,No Apparent Injury,N/A,NOT DISTRACTED,MD,PASSENGER CAR,MOVING CONSTANT SPEED,35,No,2018,BMW,X1,39.01274167,-77.15979667,2023,11,10
230065738,Property Damage Crash,11/11/2023 07:00:00 AM,EISENHOWER MEMORIAL HWY,NA,SINGLE VEHICLE,Clear,DRY,Daylight,NO CONTROLS,NONE DETECTED,No,No Apparent Injury,N/A,NOT DISTRACTED,OH,PASSENGER CAR,MOVING CONSTANT SPEED,55,No,2021,HONDA,CIVIC,39.18993597,-77.25849788,2023,11,7
230065723,Injury Crash,11/11/2023 01:57:00 AM,LAMBERTON DR,NA,SINGLE VEHICLE,Cloudy,DRY,Dark,NO CONTROLS,ALCOHOL PRESENT,Yes,Possible Minor Injury,N/A,UNKNOWN,MD,PASSENGER CAR,MOVING CONSTANT SPEED,25,No,2007,HONDA,CRV,39.04647861,-77.01146518,2023,11,1
230065714,Injury Crash,11/11/2023 12:17:00 AM,UNIVERSITY BLVD W,PEDESTRIAN,OTHER,Clear,DRY,Medium,NO CONTROLS,NONE DETECTED,No,No Apparent Injury,N/A,NOT DISTRACTED,MD,PASSENGER CAR,MOVING CONSTANT SPEED,35,No,2013,TOYOTA,COROLLA,39.03973071,-77.04286618,2023,11,0
230065694,Injury Crash,11/10/2023 08:56:00 PM,RANDOLPH RD,NA,OTHER,Clear,WET,Medium,TRAFFIC SIGNAL,NONE DETECTED,No,Possible Minor Injury,"N/A, WET",NOT DISTRACTED,MD,PASSENGER CAR,MAKING LEFT TURN,35,No,2011,HONDA,CIVIC,39.0623921,-77.04184838,2023,11,20
230065694,Injury Crash,11/10/2023 08:56:00 PM,RANDOLPH RD,NA,OTHER,Clear,WET,Medium,TRAFFIC SIGNAL,NONE DETECTED,No,No Apparent Injury,"N/A, WET",NOT DISTRACTED,PA,PASSENGER CAR,MOVING CONSTANT SPEED,35,No,2013,MAZDA,CX5,39.0623921,-77.04184838,2023,11,20
230065694,Injury Crash,11/10/2023 08:56:00 PM,RANDOLPH RD,NA,OTHER,Clear,WET,Medium,TRAFFIC SIGNAL,NONE DETECTED,Yes,Possible Minor Injury,"N/A, WET",UNKNOWN,MD,PASSENGER CAR,MOVING CONSTANT SPEED,35,No,2014,HOND,CROSSTOUR,39.0623921,-77.04184838,2023,11,20
230065693,Injury Crash,11/10/2023 08:54:00 PM,MIDCOUNTY HWY,NA,STRAIGHT MOVEMENT ANGLE,Clear,DRY,Dark,TRAFFIC SIGNAL,NONE DETECTED,No,No Apparent Injury,N/A,NOT DISTRACTED,MD,(SPORT) UTILITY VEHICLE,MOVING CONSTANT SPEED,45,No,2011,HOND,PILOT,39.14739278,-77.16921338,2023,11,20
230065693,Injury Crash,11/10/2023 08:54:00 PM,MIDCOUNTY HWY,NA,STRAIGHT MOVEMENT ANGLE,Clear,DRY,Dark,TRAFFIC SIGNAL,NONE DETECTED,Yes,Possible Minor Injury,N/A,UNKNOWN,MD,(SPORT) UTILITY VEHICLE,MAKING LEFT TURN,45,No,2022,NISS,PATHFINDER,39.14739278,-77.16921338,2023,11,20
230065250,Property Damage Crash,11/10/2023 08:24:00 PM,GEORGIA AVE,NA,SAME DIR REAR END,Clear,DRY,Medium,TRAFFIC SIGNAL,NONE DETECTED,Yes,No Apparent Injury,N/A,UNKNOWN,NA,PASSENGER CAR,MOVING CONSTANT SPEED,35,No,2015,HONDA,ACCORD,39.0724598,-77.06486034,2023,11,20
230065250,Property Damage Crash,11/10/2023 08:24:00 PM,GEORGIA AVE,NA,SAME DIR REAR END,Clear,DRY,Medium,TRAFFIC SIGNAL,NONE DETECTED,No,No Apparent Injury,N/A,NOT DISTRACTED,MD,PASSENGER CAR,STOPPED IN TRAFFIC LANE,35,No,2016,TOYOTA,CAMRY,39.0724598,-77.06486034,2023,11,20
230065686,Property Damage Crash,11/10/2023 08:10:00 PM,CLOPPER RD,NA,OPPOSITE DIRECTION SIDESWIPE,Clear,DRY,Medium,NO CONTROLS,NONE DETECTED,Yes,No Apparent Injury,N/A,LOOKED BUT DID NOT SEE,NA,NA,MOVING CONSTANT SPEED,35,No,0,UNKNOWN,UNKNOWN,39.14385215,-77.22413376,2023,11,20