Local Case Number,ACRS Report Type,Crash Date/Time,Road Name,Related Non-Motorist,Collision Type,Weather,Surface Condition,Light,Traffic Control,Driver Substance Abuse,Driver At Fault,Injury Severity,Circumstance,Driver Distracted By,Drivers License State,Vehicle Body Type,Vehicle Movement,Speed Limit,Driverless Vehicle,Vehicle Year,Vehicle Make,Vehicle Model,Latitude,Longitude,Year,Month,Hour
230065686,Property Damage Crash,11/10/2023 08:10:00 PM,CLOPPER RD,NA,OPPOSITE DIRECTION SIDESWIPE,Clear,DRY,Medium,NO CONTROLS,NONE DETECTED,No,No Apparent Injury,N/A,NOT DISTRACTED,MD,(SPORT) UTILITY VEHICLE,MOVING CONSTANT SPEED,35,No,2023,CADILLAC,ESCALADE,39.14385215,-77.22413376,2023,11,20
230065688,Property Damage Crash,11/10/2023 07:45:00 PM,NA,NA,OTHER,Clear,NA,Dark,NO CONTROLS,NONE DETECTED,Yes,No Apparent Injury,N/A,UNKNOWN,NA,(SPORT) UTILITY VEHICLE,BACKING,15,No,2014,DODGE,DURANGO,39.1765865,-77.25852533,2023,11,19
230065688,Property Damage Crash,11/10/2023 07:45:00 PM,NA,NA,OTHER,Clear,NA,Dark,NO CONTROLS,NONE DETECTED,No,No Apparent Injury,N/A,NOT DISTRACTED,MD,PASSENGER CAR,PARKED,15,No,2019,NISSAN,SENTRA,39.1765865,-77.25852533,2023,11,19
230065683,Property Damage Crash,11/10/2023 07:38:00 PM,NA,NA,HEAD ON,Clear,NA,Medium,NO CONTROLS,NONE DETECTED,Yes,No Apparent Injury,N/A,OTHER DISTRACTION,MD,(SPORT) UTILITY VEHICLE,BACKING,5,No,2007,CHEVROLET,TAHOE,39.052915,-76.992565,2023,11,19
230065681,Injury Crash,11/10/2023 06:50:00 PM,NA,PEDESTRIAN,OTHER,Clear,NA,Medium,NO CONTROLS,NONE DETECTED,Yes,No Apparent Injury,N/A,LOOKED BUT DID NOT SEE,NA,NA,MOVING CONSTANT SPEED,5,No,0,UNKNOWN,UNKNOWN,39.11514581,-77.19761533,2023,11,18
230065674,Property Damage Crash,11/10/2023 06:30:00 PM,W MONTGOMERY AVE,NA,STRAIGHT MOVEMENT ANGLE,Clear,WET,Medium,TRAFFIC SIGNAL,NONE DETECTED,Unknown,No Apparent Injury,"RAIN, SNOW, WET",LOOKED BUT DID NOT SEE,WA,PASSENGER CAR,MOVING CONSTANT SPEED,25,No,2013,NISS,SD,39.08899354,-77.17794882,2023,11,18
230065674,Property Damage Crash,11/10/2023 06:30:00 PM,W MONTGOMERY AVE,NA,STRAIGHT MOVEMENT ANGLE,Clear,WET,Medium,TRAFFIC SIGNAL,NONE DETECTED,Unknown,No Apparent Injury,"RAIN, SNOW, WET",LOOKED BUT DID NOT SEE,MD,PASSENGER CAR,MOVING CONSTANT SPEED,30,No,2013,HYUN,4S,39.08899354,-77.17794882,2023,11,18
230065662,Injury Crash,11/10/2023 05:50:00 PM,CONTOUR RD,NA,HEAD ON LEFT TURN,Clear,WET,Medium,TRAFFIC SIGNAL,NONE DETECTED,Yes,Possible Minor Injury,N/A,LOOKED BUT DID NOT SEE,MD,PASSENGER CAR,MAKING LEFT TURN,35,No,2019,VOLKSWAGEN,JETTA,39.15502734,-77.2009298,2023,11,17
230065662,Injury Crash,11/10/2023 05:50:00 PM,CONTOUR RD,NA,HEAD ON LEFT TURN,Clear,WET,Medium,TRAFFIC SIGNAL,NONE DETECTED,No,No Apparent Injury,N/A,NOT DISTRACTED,MD,PASSENGER CAR,MOVING CONSTANT SPEED,35,No,2017,TOYT,TK,39.15502734,-77.2009298,2023,11,17
230065659,Property Damage Crash,11/10/2023 05:37:00 PM,HILDAROSE DR,NA,STRAIGHT MOVEMENT ANGLE,Clear,DRY,Medium,STOP SIGN,NONE DETECTED,Yes,No Apparent Injury,N/A,LOOKED BUT DID NOT SEE,MD,PASSENGER CAR,ACCELERATING,25,No,2017,HYUNADAI,4S,39.020224,-77.04639917,2023,11,17
230065659,Property Damage Crash,11/10/2023 05:37:00 PM,HILDAROSE DR,NA,STRAIGHT MOVEMENT ANGLE,Clear,DRY,Medium,STOP SIGN,NONE DETECTED,No,No Apparent Injury,N/A,NOT DISTRACTED,MD,PASSENGER CAR,MOVING CONSTANT SPEED,25,No,2010,HONDA,CIVIC,39.020224,-77.04639917,2023,11,17
230065655,Property Damage Crash,11/10/2023 04:47:00 PM,GOSHEN RD,NA,SAME DIRECTION SIDESWIPE,Clear,WET,Medium,NO CONTROLS,NONE DETECTED,Yes,No Apparent Injury,"N/A, WET",LOOKED BUT DID NOT SEE,MD,POLICE VEHICLE/NON EMERGENCY,STARTING FROM LANE,35,No,2016,FORD,INTERCEPTOR,39.16025583,-77.192395,2023,11,16
230065655,Property Damage Crash,11/10/2023 04:47:00 PM,GOSHEN RD,NA,SAME DIRECTION SIDESWIPE,Clear,WET,Medium,NO CONTROLS,NONE DETECTED,No,No Apparent Injury,"N/A, WET",NOT DISTRACTED,MD,PICKUP TRUCK,STOPPED IN TRAFFIC LANE,35,No,2014,CHEV,PK,39.16025583,-77.192395,2023,11,16
230065645,Property Damage Crash,11/10/2023 04:26:00 PM,SECOND AVE,NA,STRAIGHT MOVEMENT ANGLE,Clear,WET,Daylight,TRAFFIC SIGNAL,NONE DETECTED,Yes,No Apparent Injury,N/A,LOOKED BUT DID NOT SEE,MD,TRANSIT BUS,MAKING RIGHT TURN,25,No,2016,GILL,BUS,38.99813433,-77.03405733,2023,11,16
230065645,Property Damage Crash,11/10/2023 04:26:00 PM,SECOND AVE,NA,STRAIGHT MOVEMENT ANGLE,Clear,WET,Daylight,TRAFFIC SIGNAL,NONE DETECTED,No,No Apparent Injury,N/A,NOT DISTRACTED,MD,SCHOOL BUS,STOPPED IN TRAFFIC LANE,25,No,2024,THOMAS,PUSH-MSDE-D-12,38.99813433,-77.03405733,2023,11,16
230065639,Property Damage Crash,11/10/2023 04:19:00 PM,MONTGOMERY VILLAGE AVE,NA,ANGLE MEETS LEFT TURN,Clear,N/A,Daylight,NO CONTROLS,NONE DETECTED,Yes,No Apparent Injury,N/A,NOT DISTRACTED,MD,PASSENGER CAR,MOVING CONSTANT SPEED,35,No,2005,NISS,4S,39.15365221,-77.21074038,2023,11,16
230065636,Property Damage Crash,11/10/2023 04:19:00 PM,FALLS RD,NA,SINGLE VEHICLE,Rain,WET,Daylight,TRAFFIC SIGNAL,NONE DETECTED,Yes,No Apparent Injury,"RAIN, SNOW, WET",NOT DISTRACTED,MD,PASSENGER CAR,MAKING LEFT TURN,35,No,2016,MITS,UT,39.0761575,-77.1625607,2023,11,16
230065639,Property Damage Crash,11/10/2023 04:19:00 PM,MONTGOMERY VILLAGE AVE,NA,ANGLE MEETS LEFT TURN,Clear,N/A,Daylight,NO CONTROLS,NONE DETECTED,No,No Apparent Injury,N/A,NOT DISTRACTED,MD,PASSENGER CAR,MOVING CONSTANT SPEED,35,No,2011,FORD,TK,39.15365221,-77.21074038,2023,11,16
230065638,Property Damage Crash,11/10/2023 03:59:00 PM,BEACON RD,NA,SAME DIRECTION SIDESWIPE,Cloudy,WET,Daylight,NO CONTROLS,NONE DETECTED,Yes,No Apparent Injury,"N/A, WET",LOOKED BUT DID NOT SEE,MD,VAN,MAKING LEFT TURN,30,No,2020,DODGE,RAM,39.11047267,-77.05834317,2023,11,15
230065629,Injury Crash,11/10/2023 03:57:00 PM,GEORGIA AVE,NA,SAME DIR REAR END,Clear,WET,Daylight,TRAFFIC SIGNAL,NONE DETECTED,No,Possible Minor Injury,"N/A, WET",NOT DISTRACTED,MD,PASSENGER CAR,SLOWING OR STOPPING,45,No,2019,TOYOTA,SIENNA,39.07257953,-77.06477378,2023,11,15
230065629,Injury Crash,11/10/2023 03:57:00 PM,GEORGIA AVE,NA,SAME DIR REAR END,Clear,WET,Daylight,TRAFFIC SIGNAL,NONE DETECTED,No,Possible Minor Injury,"N/A, WET",NOT DISTRACTED,MD,PASSENGER CAR,SLOWING OR STOPPING,45,No,2022,NISSAN,PATHFINDER,39.07257953,-77.06477378,2023,11,15
230065629,Injury Crash,11/10/2023 03:57:00 PM,GEORGIA AVE,NA,SAME DIR REAR END,Clear,WET,Daylight,TRAFFIC SIGNAL,NONE DETECTED,Yes,Possible Minor Injury,"N/A, WET",NOT DISTRACTED,MD,PICKUP TRUCK,MOVING CONSTANT SPEED,45,No,2006,CHEVROLET,SILVERADO,39.07257953,-77.06477378,2023,11,15
230065633,Injury Crash,11/10/2023 03:40:00 PM,WILKINS AVE,NA,SAME DIR REND LEFT TURN,Cloudy,WET,Daylight,NO CONTROLS,NONE DETECTED,No,No Apparent Injury,N/A,UNKNOWN,NA,NA,MOVING CONSTANT SPEED,35,No,0,UNKNOWN,UNKNOWN,39.05776241,-77.11296694,2023,11,15
230065633,Injury Crash,11/10/2023 03:40:00 PM,WILKINS AVE,NA,SAME DIR REND LEFT TURN,Cloudy,WET,Daylight,NO CONTROLS,NONE DETECTED,Yes,Possible Minor Injury,N/A,UNKNOWN,MD,PASSENGER CAR,MAKING U TURN,35,No,2011,HONDA,CIVIC,39.05776241,-77.11296694,2023,11,15
230065624,Property Damage Crash,11/10/2023 03:30:00 PM,FREDERICK RD,NA,SINGLE VEHICLE,Clear,DRY,Daylight,NO CONTROLS,NONE DETECTED,Yes,No Apparent Injury,N/A,LOOKED BUT DID NOT SEE,MD,PICKUP TRUCK,MOVING CONSTANT SPEED,35,No,2017,RAM,1500,39.15032355,-77.20920863,2023,11,15
230065630,Property Damage Crash,11/10/2023 03:26:00 PM,CONNECTICUT AVE,NA,SAME DIR REAR END,Rain,WET,Daylight,TRAFFIC SIGNAL,NONE DETECTED,Yes,No Apparent Injury,"N/A, WET",NOT DISTRACTED,MD,PASSENGER CAR,SLOWING OR STOPPING,35,No,2011,TOYOTA,COROLLA,39.05040167,-77.07489833,2023,11,15
230065630,Property Damage Crash,11/10/2023 03:26:00 PM,CONNECTICUT AVE,NA,SAME DIR REAR END,Rain,WET,Daylight,TRAFFIC SIGNAL,NONE DETECTED,No,No Apparent Injury,"N/A, WET",NOT DISTRACTED,MD,PASSENGER CAR,STOPPED IN TRAFFIC LANE,35,No,2000,TOYT,CAMRY,39.05040167,-77.07489833,2023,11,15
230065676,Property Damage Crash,11/10/2023 03:21:00 PM,STALEYBRIDGE RD,NA,SAME DIRECTION SIDESWIPE,Clear,DRY,Daylight,N/A,NONE DETECTED,Yes,No Apparent Injury,N/A,UNKNOWN,NA,PASSENGER CAR,PASSING,25,No,2006,TOYOTA,PRIUS,39.1712506,-77.2430461,2023,11,15
230065620,Property Damage Crash,11/10/2023 03:20:00 PM,BATTERY LA,NA,SAME DIR REAR END,Rain,WET,Daylight,NO CONTROLS,NONE DETECTED,Yes,No Apparent Injury,N/A,NOT DISTRACTED,NA,NA,MOVING CONSTANT SPEED,25,No,0,UNKNOWN,UNKNOWN,38.99298232,-77.09675694,2023,11,15
230065622,Property Damage Crash,11/10/2023 03:05:00 PM,GEORGIA AVE,NA,STRAIGHT MOVEMENT ANGLE,Rain,WET,Daylight,TRAFFIC SIGNAL,NONE DETECTED,Unknown,No Apparent Injury,"SLEET, HAIL, FREEZ. RAIN, WET",LOOKED BUT DID NOT SEE,DC,PASSENGER CAR,ACCELERATING,25,No,2018,BMW,230XI,39.041935,-77.05162167,2023,11,15
230065622,Property Damage Crash,11/10/2023 03:05:00 PM,GEORGIA AVE,NA,STRAIGHT MOVEMENT ANGLE,Rain,WET,Daylight,TRAFFIC SIGNAL,NONE DETECTED,Unknown,No Apparent Injury,"SLEET, HAIL, FREEZ. RAIN, WET",LOOKED BUT DID NOT SEE,MD,PASSENGER CAR,MOVING CONSTANT SPEED,25,No,2010,HOND,4S,39.041935,-77.05162167,2023,11,15
230065613,Property Damage Crash,11/10/2023 02:35:00 PM,CLEVELAND DR,NA,STRAIGHT MOVEMENT ANGLE,Cloudy,WET,Daylight,STOP SIGN,NONE DETECTED,No,No Apparent Injury,"N/A, WET",NOT DISTRACTED,MD,PASSENGER CAR,MOVING CONSTANT SPEED,25,No,2019,AUDI,HB,39.07032733,-77.19893767,2023,11,14
230065613,Property Damage Crash,11/10/2023 02:35:00 PM,CLEVELAND DR,NA,STRAIGHT MOVEMENT ANGLE,Cloudy,WET,Daylight,STOP SIGN,NONE DETECTED,Yes,No Apparent Injury,"N/A, WET",NOT DISTRACTED,MD,PASSENGER CAR,MOVING CONSTANT SPEED,25,No,2007,TOYT,VN,39.07032733,-77.19893767,2023,11,14
230065609,Injury Crash,11/10/2023 02:30:00 PM,WISCONSIN AVE,NA,SAME DIR REAR END,Rain,WET,Daylight,TRAFFIC SIGNAL,NONE DETECTED,Yes,No Apparent Injury,"N/A, WET",LOOKED BUT DID NOT SEE,MD,PASSENGER CAR,MOVING CONSTANT SPEED,35,No,2010,NISSAN,ALTIMA,38.99255867,-77.09586883,2023,11,14
230065609,Injury Crash,11/10/2023 02:30:00 PM,WISCONSIN AVE,NA,SAME DIR REAR END,Rain,WET,Daylight,TRAFFIC SIGNAL,NONE DETECTED,No,Possible Minor Injury,"N/A, WET",NOT DISTRACTED,MD,PASSENGER CAR,MOVING CONSTANT SPEED,35,No,2019,TOYOTA,CAMERY,38.99255867,-77.09586883,2023,11,14
230065610,Injury Crash,11/10/2023 02:19:00 PM,DEMOCRACY BLVD,NA,SAME DIR REAR END,Cloudy,WET,Daylight,TRAFFIC SIGNAL,NONE DETECTED,No,Possible Minor Injury,"N/A, WET",NOT DISTRACTED,MD,(SPORT) UTILITY VEHICLE,STOPPED IN TRAFFIC LANE,30,No,2015,GMC,YUKON,39.0232885,-77.1615545,2023,11,14
230065610,Injury Crash,11/10/2023 02:19:00 PM,DEMOCRACY BLVD,NA,SAME DIR REAR END,Cloudy,WET,Daylight,TRAFFIC SIGNAL,NONE DETECTED,No,Possible Minor Injury,"N/A, WET",NOT DISTRACTED,MD,(SPORT) UTILITY VEHICLE,STOPPED IN TRAFFIC LANE,30,No,2017,PORSCHE,CAYENNE,39.0232885,-77.1615545,2023,11,14
230065610,Injury Crash,11/10/2023 02:19:00 PM,DEMOCRACY BLVD,NA,SAME DIR REAR END,Cloudy,WET,Daylight,TRAFFIC SIGNAL,NONE DETECTED,Yes,No Apparent Injury,"N/A, WET",UNKNOWN,XX,PASSENGER CAR,MOVING CONSTANT SPEED,30,No,2019,FORD,FUSION,39.0232885,-77.1615545,2023,11,14
23006564,Property Damage Crash,11/10/2023 02:06:00 PM,DARNESTOWN RD,NA,SINGLE VEHICLE,Rain,WET,Daylight,N/A,NONE DETECTED,Yes,No Apparent Injury,"RAIN, SNOW, WET",UNKNOWN,TX,PASSENGER CAR,MOVING CONSTANT SPEED,40,No,2004,JEEP,WRANGLER,39.09976167,-77.21278,2023,11,14
230065616,Property Damage Crash,11/10/2023 02:04:00 PM,MONTROSE RD,NA,SINGLE VEHICLE,Rain,WET,Daylight,N/A,NONE DETECTED,Yes,No Apparent Injury,"RAIN, SNOW, WET",NOT DISTRACTED,MD,PASSENGER CAR,ACCELERATING,10,No,2010,LEXUS,ES350,39.063839,-77.16083517,2023,11,14
230065603,Property Damage Crash,11/10/2023 02:00:00 PM,ROCKVILLE PIKE,NA,SINGLE VEHICLE,Rain,WET,Daylight,TRAFFIC SIGNAL,NONE DETECTED,Yes,No Apparent Injury,"RAIN, SNOW, WET",LOOKED BUT DID NOT SEE,MD,PASSENGER CAR,MAKING U TURN,35,No,2005,TOYOTA,PRIUS,38.99676667,-77.09662167,2023,11,14
230065598,Injury Crash,11/10/2023 01:53:00 PM,GEORGIA AVE,NA,HEAD ON LEFT TURN,Rain,WET,Daylight,TRAFFIC SIGNAL,NONE DETECTED,No,Possible Minor Injury,N/A,NOT DISTRACTED,MD,PASSENGER CAR,MAKING LEFT TURN,30,No,2017,KIA,SOUL,39.07004433,-77.162023,2023,11,13
230065598,Injury Crash,11/10/2023 01:53:00 PM,GEORGIA AVE,NA,HEAD ON LEFT TURN,Rain,WET,Daylight,TRAFFIC SIGNAL,NONE DETECTED,No,Possible Minor Injury,N/A,NOT DISTRACTED,MD,PASSENGER CAR,MOVING CONSTANT SPEED,30,No,2014,TOYOTA,SCION,39.07004433,-77.162023,2023,11,13
230065596,Injury Crash,11/10/2023 01:51:00 PM,GERMANTOWN RD,NA,STRAIGHT MOVEMENT ANGLE,Rain,WET,Daylight,TRAFFIC SIGNAL,NONE DETECTED,No,Suspected Serious Injury,"RAIN, SNOW, WET",NOT DISTRACTED,SC,PICKUP TRUCK,STARTING FROM LANE,35,No,2021,CHEVROLET,SILVERADO,39.18333733,-77.25714815,2023,11,13
230065596,Injury Crash,11/10/2023 01:51:00 PM,GERMANTOWN RD,NA,STRAIGHT MOVEMENT ANGLE,Rain,WET,Daylight,TRAFFIC SIGNAL,NONE DETECTED,Yes,No Apparent Injury,"RAIN, SNOW, WET",NOT DISTRACTED,VA,PASSENGER CAR,SKIDDING,35,No,2020,HYUNDAI,SANTA FE,39.18333733,-77.25714815,2023,11,13
230065600,Property Damage Crash,11/10/2023 01:46:00 PM,HEMPSTEAD AVE,NA,ANGLE MEETS LEFT HEAD ON,Rain,WET,Daylight,STOP SIGN,NONE DETECTED,No,No Apparent Injury,N/A,NOT DISTRACTED,MD,(SPORT) UTILITY VEHICLE,STOPPED IN TRAFFIC LANE,25,No,2022,TOYOTA,RAV4,39.00081167,-77.11578,2023,11,13
230065600,Property Damage Crash,11/10/2023 01:46:00 PM,HEMPSTEAD AVE,NA,ANGLE MEETS LEFT HEAD ON,Rain,WET,Daylight,STOP SIGN,NONE DETECTED,Yes,No Apparent Injury,N/A,NOT DISTRACTED,MD,(SPORT) UTILITY VEHICLE,MAKING LEFT TURN,25,No,2014,NISS,PATHFINDER,39.00081167,-77.11578,2023,11,13
230065601,Property Damage Crash,11/10/2023 01:45:00 PM,NICHOLSON LA,NA,STRAIGHT MOVEMENT ANGLE,Cloudy,N/A,Medium,NO CONTROLS,NONE DETECTED,No,No Apparent Injury,N/A,NOT DISTRACTED,MD,PASSENGER CAR,MOVING CONSTANT SPEED,25,No,2023,HYUN,ELANTRA,39.04578445,-77.10448699,2023,11,13
230065601,Property Damage Crash,11/10/2023 01:45:00 PM,NICHOLSON LA,NA,STRAIGHT MOVEMENT ANGLE,Cloudy,N/A,Medium,NO CONTROLS,NONE DETECTED,Yes,No Apparent Injury,N/A,INATTENTIVE OR LOST IN THOUGHT,MD,PASSENGER CAR,MAKING LEFT TURN,25,No,2016,HOND,ACCORDSTATE,39.04578445,-77.10448699,2023,11,13
230065569,Injury Crash,11/10/2023 11:24:00 AM,CONNECTICUT AVE,NA,OTHER,Rain,WET,Daylight,TRAFFIC SIGNAL,NONE DETECTED,No,No Apparent Injury,"RAIN, SNOW, WET",NOT DISTRACTED,MD,PASSENGER CAR,MOVING CONSTANT SPEED,35,No,2018,ACURA,TLX,38.99417233,-77.07724867,2023,11,11
230065569,Injury Crash,11/10/2023 11:24:00 AM,CONNECTICUT AVE,NA,OTHER,Rain,WET,Daylight,TRAFFIC SIGNAL,NONE DETECTED,No,No Apparent Injury,"RAIN, SNOW, WET",NOT DISTRACTED,MD,(SPORT) UTILITY VEHICLE,MOVING CONSTANT SPEED,35,No,2017,VOLKSWAGEN,TIGUAN,38.99417233,-77.07724867,2023,11,11
230065569,Injury Crash,11/10/2023 11:24:00 AM,CONNECTICUT AVE,NA,OTHER,Rain,WET,Daylight,TRAFFIC SIGNAL,NONE DETECTED,Yes,No Apparent Injury,"RAIN, SNOW, WET",UNKNOWN,CA,PASSENGER CAR,MAKING LEFT TURN,35,No,2011,NISSAN,SENTRA,38.99417233,-77.07724867,2023,11,11
230065563,Property Damage Crash,11/10/2023 11:00:00 AM,61ST ST,NA,OTHER,Rain,WET,Daylight,NO CONTROLS,NONE DETECTED,Yes,No Apparent Injury,N/A,NOT DISTRACTED,MD,"OTHER LIGHT TRUCKS (10,000LBS (4,536KG) OR LESS)",MOVING CONSTANT SPEED,25,No,2017,MACK,GU712,38.94057836,-77.11942867,2023,11,11
230065549,Property Damage Crash,11/10/2023 10:09:00 AM,MONTROSE PKWY,NA,STRAIGHT MOVEMENT ANGLE,Rain,WET,Daylight,TRAFFIC SIGNAL,NONE DETECTED,Yes,No Apparent Injury,"RAIN, SNOW, WET",INATTENTIVE OR LOST IN THOUGHT,MD,PASSENGER CAR,MOVING CONSTANT SPEED,30,No,2014,TOYOTA,PRIUS,39.05074833,-77.1260695,2023,11,10
230065549,Property Damage Crash,11/10/2023 10:09:00 AM,MONTROSE PKWY,NA,STRAIGHT MOVEMENT ANGLE,Rain,WET,Daylight,TRAFFIC SIGNAL,NONE DETECTED,No,No Apparent Injury,"RAIN, SNOW, WET",NOT DISTRACTED,MD,PASSENGER CAR,MAKING LEFT TURN,30,No,2019,TESLA,MODEL 3,39.05074833,-77.1260695,2023,11,10
230065544,Property Damage Crash,11/10/2023 10:00:00 AM,TUCKERMAN LA,NA,HEAD ON LEFT TURN,Rain,WET,Daylight,TRAFFIC SIGNAL,NONE DETECTED,No,No Apparent Injury,"RAIN, SNOW, WET",NOT DISTRACTED,MD,PASSENGER CAR,SLOWING OR STOPPING,35,No,2019,LEXUS,SUV,39.04047,-77.15912167,2023,11,10
230065544,Property Damage Crash,11/10/2023 10:00:00 AM,TUCKERMAN LA,NA,HEAD ON LEFT TURN,Rain,WET,Daylight,TRAFFIC SIGNAL,NONE DETECTED,Yes,No Apparent Injury,"RAIN, SNOW, WET",NOT DISTRACTED,MD,PASSENGER CAR,ACCELERATING,35,No,2004,NISSAN,VAN,39.04047,-77.15912167,2023,11,10
230065531,Property Damage Crash,11/10/2023 09:30:00 AM,BALTIMORE AVE,NA,OTHER,Rain,WET,Daylight,NO CONTROLS,NONE DETECTED,Yes,No Apparent Injury,N/A,NOT DISTRACTED,MD,SCHOOL BUS,MOVING CONSTANT SPEED,25,No,2016,THOMAS,PUSH MSDE D12,38.9599467,-77.09632161,2023,11,9
230065530,Property Damage Crash,11/10/2023 09:22:00 AM,RIDGE RD,NA,SINGLE VEHICLE,Rain,WET,Daylight,NO CONTROLS,NONE DETECTED,Yes,No Apparent Injury,"RAIN, SNOW, WET",NOT DISTRACTED,MD,PICKUP TRUCK,CHANGING LANES,45,No,2004,CHEVROLET,SILVERADO,39.20028533,-77.25833317,2023,11,9
230065526,Injury Crash,11/10/2023 09:01:00 AM,RIDGE RD,NA,SAME DIRECTION SIDESWIPE,Rain,WET,Daylight,TRAFFIC SIGNAL,NONE DETECTED,Yes,No Apparent Injury,"RAIN, SNOW, WET",DISTRACTED BY OUTSIDE PERSON OBJECT OR EVENT,MD,(SPORT) UTILITY VEHICLE,CHANGING LANES,45,No,2017,HONDA,CRV,39.200253,-77.2584485,2023,11,9
230065526,Injury Crash,11/10/2023 09:01:00 AM,RIDGE RD,NA,SAME DIRECTION SIDESWIPE,Rain,WET,Daylight,TRAFFIC SIGNAL,NONE DETECTED,No,No Apparent Injury,"RAIN, SNOW, WET",NOT DISTRACTED,MD,PASSENGER CAR,SLOWING OR STOPPING,45,No,2015,HYUNDAI,SONATA,39.200253,-77.2584485,2023,11,9
230065528,Property Damage Crash,11/10/2023 09:00:00 AM,CLARKS CROSSING RD,NA,SAME DIRECTION LEFT TURN,Rain,WET,Daylight,NO CONTROLS,NONE DETECTED,Yes,No Apparent Injury,"N/A, RAIN, SNOW",LOOKED BUT DID NOT SEE,MD,(SPORT) UTILITY VEHICLE,STARTING FROM PARKED,20,No,2019,LEXUS,GX460,39.24580598,-77.27120053,2023,11,9
230065528,Property Damage Crash,11/10/2023 09:00:00 AM,CLARKS CROSSING RD,NA,SAME DIRECTION LEFT TURN,Rain,WET,Daylight,NO CONTROLS,NONE DETECTED,No,No Apparent Injury,"N/A, RAIN, SNOW",NOT DISTRACTED,MD,SCHOOL BUS,MOVING CONSTANT SPEED,20,No,2021,THOMAS,SCHOOL BUS,39.24580598,-77.27120053,2023,11,9
230065535,Property Damage Crash,11/10/2023 09:00:00 AM,MASON DR,NA,OTHER,Cloudy,DRY,Daylight,NO CONTROLS,NONE DETECTED,Yes,No Apparent Injury,N/A,UNKNOWN,NA,PASSENGER CAR,MOVING CONSTANT SPEED,20,No,2022,FORD,F250,39.0937759,-77.1427478,2023,11,9
230065524,Injury Crash,11/10/2023 08:37:00 AM,NORBECK RD,NA,SAME DIR REAR END,Rain,WET,Daylight,TRAFFIC SIGNAL,NONE DETECTED,No,No Apparent Injury,N/A,NOT DISTRACTED,MD,PASSENGER CAR,STARTING FROM LANE,35,No,2021,TOYOTA,CAMRY,39.09983325,-77.09854609,2023,11,8
230065524,Injury Crash,11/10/2023 08:37:00 AM,NORBECK RD,NA,SAME DIR REAR END,Rain,WET,Daylight,TRAFFIC SIGNAL,NONE DETECTED,Yes,Possible Minor Injury,N/A,INATTENTIVE OR LOST IN THOUGHT,MD,PASSENGER CAR,SLOWING OR STOPPING,35,No,2022,NISSAN,SENTRA,39.09983325,-77.09854609,2023,11,8
230065524,Injury Crash,11/10/2023 08:37:00 AM,NORBECK RD,NA,SAME DIR REAR END,Rain,WET,Daylight,TRAFFIC SIGNAL,NONE DETECTED,No,No Apparent Injury,N/A,NOT DISTRACTED,MD,PASSENGER CAR,STARTING FROM LANE,35,No,2017,HYUNDAI,4S,39.09983325,-77.09854609,2023,11,8
230065522,Injury Crash,11/10/2023 08:20:00 AM,E RANDOLPH RD,NA,OTHER,Rain,WET,Daylight,NO CONTROLS,NONE DETECTED,Yes,No Apparent Injury,"N/A, RAIN, SNOW",UNKNOWN,MD,PASSENGER CAR,SKIDDING,40,No,2010,NISSAN,VERSA,39.06581937,-76.97606575,2023,11,8
230065522,Injury Crash,11/10/2023 08:20:00 AM,E RANDOLPH RD,NA,OTHER,Rain,WET,Daylight,NO CONTROLS,NONE DETECTED,No,Suspected Serious Injury,"N/A, RAIN, SNOW",NOT DISTRACTED,MD,PASSENGER CAR,MOVING CONSTANT SPEED,40,No,2006,HONDA,CIVIC,39.06581937,-76.97606575,2023,11,8
230065513,Property Damage Crash,11/10/2023 07:08:00 AM,BRADDOCK RD,NA,OPPOSITE DIR BOTH LEFT TURN,Rain,WET,Medium,STOP SIGN,NONE DETECTED,Yes,No Apparent Injury,"RAIN, SNOW, WET",NOT DISTRACTED,MD,PASSENGER CAR,MAKING LEFT TURN,25,No,2021,TOYT,RAV4,39.04521,-76.991295,2023,11,7
230065513,Property Damage Crash,11/10/2023 07:08:00 AM,BRADDOCK RD,NA,OPPOSITE DIR BOTH LEFT TURN,Rain,WET,Medium,STOP SIGN,NONE DETECTED,No,No Apparent Injury,"RAIN, SNOW, WET",NOT DISTRACTED,MD,SCHOOL BUS,MAKING LEFT TURN,25,No,2019,THMS,BUS,39.04521,-76.991295,2023,11,7
230065512,Property Damage Crash,11/10/2023 07:07:00 AM,BEL PRE RD,NA,SINGLE VEHICLE,Rain,WET,Daylight,N/A,NONE DETECTED,Yes,No Apparent Injury,"N/A, WET",INATTENTIVE OR LOST IN THOUGHT,MD,PASSENGER CAR,MAKING LEFT TURN,35,No,2015,NISSAN,SENTRA,39.09190083,-77.07051933,2023,11,7
230065509,Property Damage Crash,11/10/2023 07:05:00 AM,UNIVERSITY BLVD W,NA,HEAD ON LEFT TURN,Rain,WET,Medium,TRAFFIC SIGNAL,NONE DETECTED,No,No Apparent Injury,"RAIN, SNOW, WET",NOT DISTRACTED,MD,PASSENGER CAR,SLOWING OR STOPPING,35,No,2021,CHEV,PK,39.03356517,-77.023717,2023,11,7
230065509,Property Damage Crash,11/10/2023 07:05:00 AM,UNIVERSITY BLVD W,NA,HEAD ON LEFT TURN,Rain,WET,Medium,TRAFFIC SIGNAL,NONE DETECTED,Yes,No Apparent Injury,"RAIN, SNOW, WET",NOT DISTRACTED,MD,PASSENGER CAR,MAKING LEFT TURN,10,No,2009,VOLK,SD,39.03356517,-77.023717,2023,11,7
230065508,Injury Crash,11/10/2023 06:45:00 AM,WAYNE AVE,NA,STRAIGHT MOVEMENT ANGLE,Rain,WET,Daylight,TRAFFIC SIGNAL,NONE DETECTED,Yes,Possible Minor Injury,N/A,UNKNOWN,MD,(SPORT) UTILITY VEHICLE,MOVING CONSTANT SPEED,25,No,2018,CHEVY,TRAVERSE,38.99548571,-77.02441745,2023,11,6
230065508,Injury Crash,11/10/2023 06:45:00 AM,WAYNE AVE,NA,STRAIGHT MOVEMENT ANGLE,Rain,WET,Daylight,TRAFFIC SIGNAL,NONE DETECTED,No,Possible Minor Injury,N/A,NOT DISTRACTED,MD,TRANSIT BUS,MOVING CONSTANT SPEED,25,No,2016,GILLIG,BUS,38.99548571,-77.02441745,2023,11,6
230065504,Property Damage Crash,11/10/2023 05:52:00 AM,N STONESTREET AVE,NA,HEAD ON,Clear,DRY,Dark,NO CONTROLS,NONE DETECTED,Yes,No Apparent Injury,N/A,NOT DISTRACTED,MD,PASSENGER CAR,MOVING CONSTANT SPEED,25,No,2021,HONDA,ACCORD,39.09396242,-77.15052294,2023,11,5
230065503,Injury Crash,11/10/2023 05:37:00 AM,OAKVIEW DR,NA,HEAD ON LEFT TURN,Cloudy,DRY,Medium,TRAFFIC SIGNAL,NONE DETECTED,Yes,No Apparent Injury,N/A,NOT DISTRACTED,MD,PASSENGER CAR,MAKING LEFT TURN,30,No,2012,NISSAN,SENTRA,39.01534158,-76.97784606,2023,11,5
230065503,Injury Crash,11/10/2023 05:37:00 AM,OAKVIEW DR,NA,HEAD ON LEFT TURN,Cloudy,DRY,Medium,TRAFFIC SIGNAL,NONE DETECTED,No,Possible Minor Injury,N/A,NOT DISTRACTED,MD,(SPORT) UTILITY VEHICLE,MOVING CONSTANT SPEED,30,No,2016,SUBARU,FORRESTER,39.01534158,-76.97784606,2023,11,5