Local Case Number,ACRS Report Type,Crash Date/Time,Road Name,Related Non-Motorist,Collision Type,Weather,Surface Condition,Light,Traffic Control,Driver Substance Abuse,Driver At Fault,Injury Severity,Circumstance,Driver Distracted By,Drivers License State,Vehicle Body Type,Vehicle Movement,Speed Limit,Driverless Vehicle,Vehicle Year,Vehicle Make,Vehicle Model,Latitude,Longitude,Year,Month,Hour
230065492,Injury Crash,11/10/2023 12:01:00 AM,UNIVERSITY BLVD E,NA,STRAIGHT MOVEMENT ANGLE,Clear,DRY,Medium,NO CONTROLS,NONE DETECTED,No,Possible Minor Injury,N/A,UNKNOWN,MD,PASSENGER CAR,MOVING CONSTANT SPEED,30,No,2010,NISSAN,ALTIMA,38.99262167,-76.991365,2023,11,0
230065492,Injury Crash,11/10/2023 12:01:00 AM,UNIVERSITY BLVD E,NA,STRAIGHT MOVEMENT ANGLE,Clear,DRY,Medium,NO CONTROLS,NONE DETECTED,Yes,No Apparent Injury,N/A,LOOKED BUT DID NOT SEE,MD,PASSENGER CAR,MOVING CONSTANT SPEED,30,No,2015,NISSAN,SENTRA,38.99262167,-76.991365,2023,11,0
230065489,Injury Crash,11/09/2023 11:05:00 PM,BRINK RD,NA,SINGLE VEHICLE,Clear,DRY,Dark,NO CONTROLS,NONE DETECTED,Yes,No Apparent Injury,N/A,NOT DISTRACTED,MD,PASSENGER CAR,MOVING CONSTANT SPEED,40,No,2016,HONDA,ACCORD,39.20709617,-77.218754,2023,11,23
230065490,Property Damage Crash,11/09/2023 11:02:00 PM,MIDDLEBROOK RD,NA,SAME DIRECTION SIDESWIPE,Clear,DRY,Medium,TRAFFIC SIGNAL,ALCOHOL PRESENT,Yes,No Apparent Injury,N/A,UNKNOWN,MD,PASSENGER CAR,ACCELERATING,40,No,2014,ACUR,4S,39.17526243,-77.25357905,2023,11,23
230065490,Property Damage Crash,11/09/2023 11:02:00 PM,MIDDLEBROOK RD,NA,SAME DIRECTION SIDESWIPE,Clear,DRY,Medium,TRAFFIC SIGNAL,NONE DETECTED,No,No Apparent Injury,N/A,NOT DISTRACTED,MD,PASSENGER CAR,STOPPED IN TRAFFIC LANE,40,No,2019,TOYO,TK,39.17526243,-77.25357905,2023,11,23
230065480,Injury Crash,11/09/2023 09:55:00 PM,WOODFIELD RD,NA,STRAIGHT MOVEMENT ANGLE,Clear,DRY,Medium,TRAFFIC SIGNAL,NONE DETECTED,Yes,Possible Minor Injury,N/A,LOOKED BUT DID NOT SEE,VA,PASSENGER CAR,STARTING FROM LANE,35,No,2009,HOND,HB,39.15207681,-77.17237884,2023,11,21
230065480,Injury Crash,11/09/2023 09:55:00 PM,WOODFIELD RD,NA,STRAIGHT MOVEMENT ANGLE,Clear,DRY,Medium,TRAFFIC SIGNAL,NONE DETECTED,No,Possible Minor Injury,N/A,NOT DISTRACTED,MD,PASSENGER CAR,MOVING CONSTANT SPEED,35,No,2015,TOYOTA,4D,39.15207681,-77.17237884,2023,11,21
230065472,Property Damage Crash,11/09/2023 09:00:00 PM,FREDERICK RD,NA,OTHER,Clear,DRY,Medium,NO CONTROLS,NONE DETECTED,No,No Apparent Injury,N/A,NOT DISTRACTED,MD,PASSENGER CAR,MOVING CONSTANT SPEED,40,No,2020,DODE,RAM,39.10532987,-77.15734644,2023,11,21
230065472,Property Damage Crash,11/09/2023 09:00:00 PM,FREDERICK RD,NA,OTHER,Clear,DRY,Medium,NO CONTROLS,NONE DETECTED,Yes,No Apparent Injury,N/A,LOOKED BUT DID NOT SEE,MD,PASSENGER CAR,MAKING U TURN,40,No,2023,CHEVEROLET,4DR,39.10532987,-77.15734644,2023,11,21
230065472,Property Damage Crash,11/09/2023 09:00:00 PM,FREDERICK RD,NA,OTHER,Clear,DRY,Medium,NO CONTROLS,NONE DETECTED,No,No Apparent Injury,N/A,NOT DISTRACTED,MD,PASSENGER CAR,MOVING CONSTANT SPEED,40,No,2019,HONDA,4DR,39.10532987,-77.15734644,2023,11,21
230065441,Injury Crash,11/09/2023 06:43:00 PM,BROADBIRCH DR,NA,STRAIGHT MOVEMENT ANGLE,Clear,DRY,Medium,TRAFFIC SIGNAL,NONE DETECTED,Yes,Possible Minor Injury,N/A,LOOKED BUT DID NOT SEE,MD,PASSENGER CAR,MAKING LEFT TURN,30,No,2021,MNNI,HB,39.05564689,-76.95733421,2023,11,18
230065441,Injury Crash,11/09/2023 06:43:00 PM,BROADBIRCH DR,NA,STRAIGHT MOVEMENT ANGLE,Clear,DRY,Medium,TRAFFIC SIGNAL,NONE DETECTED,No,Possible Minor Injury,N/A,NOT DISTRACTED,MD,PASSENGER CAR,MOVING CONSTANT SPEED,30,No,2022,HOND,SD,39.05564689,-76.95733421,2023,11,18
230065436,Property Damage Crash,11/09/2023 06:13:00 PM,FREDERICK RD,NA,SINGLE VEHICLE,Cloudy,WET,Dark,NO CONTROLS,NONE DETECTED,No,No Apparent Injury,N/A,NOT DISTRACTED,MD,VAN,MOVING CONSTANT SPEED,50,No,2020,RAM,PROMASTER,39.26860667,-77.30643333,2023,11,18
230065432,Property Damage Crash,11/09/2023 05:56:00 PM,BROADBIRCH DR,NA,SAME DIR REAR END,Clear,DRY,Medium,NO CONTROLS,DRUG PRESENT,Yes,No Apparent Injury,N/A,OTHER DISTRACTION,MD,PASSENGER CAR,BACKING,30,No,2014,CADI,SD,39.055607,-76.95643383,2023,11,17
230065432,Property Damage Crash,11/09/2023 05:56:00 PM,BROADBIRCH DR,NA,SAME DIR REAR END,Clear,DRY,Medium,NO CONTROLS,NONE DETECTED,No,No Apparent Injury,N/A,NOT DISTRACTED,MD,PASSENGER CAR,STOPPED IN TRAFFIC LANE,30,No,2021,MNNI,HB,39.055607,-76.95643383,2023,11,17
230065431,Property Damage Crash,11/09/2023 05:30:00 PM,TWINBROOK PKWY,NA,SAME DIR REAR END,Clear,DRY,Medium,TRAFFIC SIGNAL,NONE DETECTED,No,No Apparent Injury,N/A,NOT DISTRACTED,MD,PASSENGER CAR,STOPPED IN TRAFFIC LANE,35,No,2001,HOND,ACCORD,39.06188,-77.11636333,2023,11,17
230065428,Property Damage Crash,11/09/2023 05:30:00 PM,BROADBIRCH DR,NA,STRAIGHT MOVEMENT ANGLE,Clear,WET,Medium,NO CONTROLS,NONE DETECTED,Yes,No Apparent Injury,N/A,LOOKED BUT DID NOT SEE,MD,VAN,MAKING LEFT TURN,30,No,2015,HOND,VN,39.05562983,-76.95616183,2023,11,17
230065431,Property Damage Crash,11/09/2023 05:30:00 PM,TWINBROOK PKWY,NA,SAME DIR REAR END,Clear,DRY,Medium,TRAFFIC SIGNAL,NONE DETECTED,Yes,No Apparent Injury,N/A,UNKNOWN,NA,PASSENGER CAR,MOVING CONSTANT SPEED,35,No,2001,TOYOTA,CAMRY,39.06188,-77.11636333,2023,11,17
230065431,Property Damage Crash,11/09/2023 05:30:00 PM,TWINBROOK PKWY,NA,SAME DIR REAR END,Clear,DRY,Medium,TRAFFIC SIGNAL,NONE DETECTED,No,No Apparent Injury,N/A,NOT DISTRACTED,MD,(SPORT) UTILITY VEHICLE,STOPPED IN TRAFFIC LANE,35,No,2014,NISS,JUKE,39.06188,-77.11636333,2023,11,17
230065428,Property Damage Crash,11/09/2023 05:30:00 PM,BROADBIRCH DR,NA,STRAIGHT MOVEMENT ANGLE,Clear,WET,Medium,NO CONTROLS,NONE DETECTED,No,No Apparent Injury,N/A,NOT DISTRACTED,MD,PASSENGER CAR,MOVING CONSTANT SPEED,30,No,2017,NISS,SD,39.05562983,-76.95616183,2023,11,17
230065438,Property Damage Crash,11/09/2023 05:17:00 PM,COLESVILLE RD,NA,SAME DIRECTION LEFT TURN,Cloudy,DRY,Medium,OTHER,NONE DETECTED,No,No Apparent Injury,N/A,NOT DISTRACTED,MD,OTHER,MOVING CONSTANT SPEED,35,No,2020,NOVB,BUS,39.0021454,-77.02430688,2023,11,17
230065438,Property Damage Crash,11/09/2023 05:17:00 PM,COLESVILLE RD,NA,SAME DIRECTION LEFT TURN,Cloudy,DRY,Medium,OTHER,NONE DETECTED,Yes,No Apparent Injury,N/A,NOT DISTRACTED,MD,PASSENGER CAR,CHANGING LANES,35,No,2000,FORD,EXPLORER,39.0021454,-77.02430688,2023,11,17
230065422,Property Damage Crash,11/09/2023 04:45:00 PM,CARROLL AVE,NA,SAME DIR REAR END,Rain,WET,Medium,NO CONTROLS,NONE DETECTED,No,No Apparent Injury,"RAIN, SNOW, WET",NOT DISTRACTED,MD,POLICE VEHICLE/EMERGENCY,SLOWING OR STOPPING,25,No,2019,FORD,TK,38.98126745,-77.00336717,2023,11,16
230065422,Property Damage Crash,11/09/2023 04:45:00 PM,CARROLL AVE,NA,SAME DIR REAR END,Rain,WET,Medium,NO CONTROLS,NONE DETECTED,Yes,No Apparent Injury,"RAIN, SNOW, WET",INATTENTIVE OR LOST IN THOUGHT,MD,PASSENGER CAR,SLOWING OR STOPPING,25,No,2018,HONDA,CRV,38.98126745,-77.00336717,2023,11,16
230065415,Property Damage Crash,11/09/2023 04:18:00 PM,WESTLAKE DR,NA,HEAD ON LEFT TURN,Cloudy,WET,Daylight,NO CONTROLS,NONE DETECTED,No,No Apparent Injury,"N/A, WET",NOT DISTRACTED,MD,PASSENGER CAR,MOVING CONSTANT SPEED,30,No,2023,TOYT,CAMRY,39.0262965,-77.147959,2023,11,16
230065415,Property Damage Crash,11/09/2023 04:18:00 PM,WESTLAKE DR,NA,HEAD ON LEFT TURN,Cloudy,WET,Daylight,NO CONTROLS,NONE DETECTED,Yes,No Apparent Injury,"N/A, WET",LOOKED BUT DID NOT SEE,MD,PASSENGER CAR,MAKING LEFT TURN,30,No,2015,NISS,VERSA,39.0262965,-77.147959,2023,11,16
230065407,Injury Crash,11/09/2023 03:46:00 PM,CHAPMAN AVE,PEDESTRIAN,OTHER,Cloudy,DRY,Daylight,TRAFFIC SIGNAL,NONE DETECTED,Yes,No Apparent Injury,N/A,NOT DISTRACTED,MD,PASSENGER CAR,ACCELERATING,25,No,2023,TOYT,SD,39.05874396,-77.11882028,2023,11,15
230065400,Property Damage Crash,11/09/2023 03:16:00 PM,NA,NA,OTHER,Clear,NA,Daylight,N/A,NONE DETECTED,Yes,No Apparent Injury,N/A,NOT DISTRACTED,MD,PASSENGER CAR,ACCELERATING,10,No,2017,HYUNDAI,SONATA,39.15797167,-77.20643167,2023,11,15
230065390,Property Damage Crash,11/09/2023 02:30:00 PM,NEW HAMPSHIRE AVE,NA,HEAD ON LEFT TURN,Clear,DRY,Daylight,N/A,NONE DETECTED,Unknown,No Apparent Injury,N/A,NOT DISTRACTED,MD,PASSENGER CAR,MOVING CONSTANT SPEED,35,No,2009,NISSAN,ALTIMA,39.05822533,-76.99753483,2023,11,14
230065390,Property Damage Crash,11/09/2023 02:30:00 PM,NEW HAMPSHIRE AVE,NA,HEAD ON LEFT TURN,Clear,DRY,Daylight,N/A,NONE DETECTED,Unknown,No Apparent Injury,N/A,NOT DISTRACTED,MA,PASSENGER CAR,MAKING LEFT TURN,35,No,2015,HONDA,ACCORD,39.05822533,-76.99753483,2023,11,14
230065388,Property Damage Crash,11/09/2023 01:55:00 PM,NA,NA,OTHER,Cloudy,NA,Daylight,NO CONTROLS,NONE DETECTED,Yes,No Apparent Injury,N/A,UNKNOWN,NA,PICKUP TRUCK,BACKING,15,No,2016,TOYOTA,TACOMA,38.9969199,-77.02420287,2023,11,13
230065365,Property Damage Crash,11/09/2023 01:20:00 PM,BEL PRE RD,NA,SAME DIRECTION SIDESWIPE,Cloudy,DRY,Daylight,N/A,NONE DETECTED,Yes,No Apparent Injury,N/A,LOOKED BUT DID NOT SEE,MD,"MEDIUM/HEAVY TRUCKS 3 AXLES (OVER 10,000LBS (4,536KG))",MOVING CONSTANT SPEED,30,No,2017,MACK,TRUCK,39.09676985,-77.09607552,2023,11,13
230065368,Property Damage Crash,11/09/2023 01:10:00 PM,NA,NA,OTHER,Clear,NA,Daylight,N/A,NONE DETECTED,Yes,No Apparent Injury,N/A,UNKNOWN,MD,VAN,MOVING CONSTANT SPEED,5,No,2018,CHEVY,VAN,39.083092,-77.14918517,2023,11,13
230065360,Property Damage Crash,11/09/2023 12:53:00 PM,GEORGIA AVE,NA,SAME DIR REAR END,Clear,DRY,Daylight,NO CONTROLS,NONE DETECTED,No,No Apparent Injury,N/A,UNKNOWN,MD,PASSENGER CAR,SLOWING OR STOPPING,25,No,2006,TOYOTA,HIGHLANDER,39.0409965,-77.05174133,2023,11,12
230065360,Property Damage Crash,11/09/2023 12:53:00 PM,GEORGIA AVE,NA,SAME DIR REAR END,Clear,DRY,Daylight,NO CONTROLS,NONE DETECTED,Yes,No Apparent Injury,N/A,UNKNOWN,MD,PASSENGER CAR,MOVING CONSTANT SPEED,25,No,2014,TOYOTA,SIENNA,39.0409965,-77.05174133,2023,11,12
230065361,Property Damage Crash,11/09/2023 12:45:00 PM,NA,NA,OPPOSITE DIRECTION SIDESWIPE,Clear,NA,Daylight,N/A,NONE DETECTED,Yes,No Apparent Injury,N/A,INATTENTIVE OR LOST IN THOUGHT,MD,PASSENGER CAR,PARKING,5,No,2002,LEXUS,GS300,39.05671167,-77.0825,2023,11,12
230065361,Property Damage Crash,11/09/2023 12:45:00 PM,NA,NA,OPPOSITE DIRECTION SIDESWIPE,Clear,NA,Daylight,N/A,NONE DETECTED,No,No Apparent Injury,N/A,UNKNOWN,MD,"CARGO VAN/LIGHT TRUCK 2 AXLES (OVER 10,000LBS (4,536 KG))",PARKED,5,No,2010,CHEVROLET,VAN,39.05671167,-77.0825,2023,11,12
230065353,Injury Crash,11/09/2023 12:14:00 PM,FREDERICK RD,NA,SAME DIR REAR END,Clear,DRY,Daylight,NO CONTROLS,NONE DETECTED,Yes,No Apparent Injury,"N/A, V EXHAUST SYSTEM|R OTHER ROAD",NOT DISTRACTED,MD,PASSENGER CAR,MOVING CONSTANT SPEED,40,No,2014,TOYOTA,CAMRY,39.11171,-77.161515,2023,11,12
230065353,Injury Crash,11/09/2023 12:14:00 PM,FREDERICK RD,NA,SAME DIR REAR END,Clear,DRY,Daylight,NO CONTROLS,NONE DETECTED,Yes,Possible Minor Injury,"N/A, V EXHAUST SYSTEM|R OTHER ROAD",NOT DISTRACTED,MD,PASSENGER CAR,MOVING CONSTANT SPEED,40,No,2005,TOYOTA,COROLLA,39.11171,-77.161515,2023,11,12
230065353,Injury Crash,11/09/2023 12:14:00 PM,FREDERICK RD,NA,SAME DIR REAR END,Clear,DRY,Daylight,NO CONTROLS,NONE DETECTED,No,No Apparent Injury,"N/A, V EXHAUST SYSTEM|R OTHER ROAD",NOT DISTRACTED,MD,(SPORT) UTILITY VEHICLE,SLOWING OR STOPPING,40,No,2016,TOYOTA,RAV4,39.11171,-77.161515,2023,11,12
230065344,Property Damage Crash,11/09/2023 11:55:00 AM,REDLAND BLVD,NA,SAME DIRECTION SIDESWIPE,Clear,DRY,Daylight,STOP SIGN,NONE DETECTED,No,No Apparent Injury,N/A,NOT DISTRACTED,DC,PASSENGER CAR,MOVING CONSTANT SPEED,30,No,2011,CHEVY,SILVERADO,39.11150869,-77.17232363,2023,11,11
230065344,Property Damage Crash,11/09/2023 11:55:00 AM,REDLAND BLVD,NA,SAME DIRECTION SIDESWIPE,Clear,DRY,Daylight,STOP SIGN,NONE DETECTED,Yes,No Apparent Injury,N/A,LOOKED BUT DID NOT SEE,MD,PASSENGER CAR,MAKING LEFT TURN,30,No,2021,LEXS,UT,39.11150869,-77.17232363,2023,11,11
230065348,Property Damage Crash,11/09/2023 11:23:00 AM,NA,NA,HEAD ON,Clear,NA,Daylight,NO CONTROLS,NONE DETECTED,Yes,No Apparent Injury,N/A,UNKNOWN,VA,PASSENGER CAR,PARKING,0,No,1991,TOYOTA,CAMRY,39.20001333,-77.24782833,2023,11,11
230065333,Property Damage Crash,11/09/2023 11:14:00 AM,DURBIN TERR,NA,OTHER,Clear,DRY,Daylight,NO CONTROLS,NONE DETECTED,Yes,No Apparent Injury,N/A,NOT DISTRACTED,MD,"MEDIUM/HEAVY TRUCKS 3 AXLES (OVER 10,000LBS (4,536KG))",BACKING,15,No,2014,MACK,DUMP TRUCK,38.981764,-77.11458883,2023,11,11
230065308,Property Damage Crash,11/09/2023 09:57:00 AM,ROCKVILLE PIKE,PEDESTRIAN,OTHER,Clear,DRY,Daylight,TRAFFIC SIGNAL,NONE DETECTED,No,No Apparent Injury,N/A,NOT DISTRACTED,MD,PASSENGER CAR,STARTING FROM LANE,35,No,2018,LAND,SPORT,39.06179301,-77.12373409,2023,11,9
230065307,Property Damage Crash,11/09/2023 09:42:00 AM,JONES MILL RD,NA,OPPOSITE DIRECTION SIDESWIPE,Clear,DRY,Daylight,NO CONTROLS,NONE DETECTED,Yes,No Apparent Injury,N/A,NOT DISTRACTED,MD,PASSENGER CAR,MAKING U TURN,25,No,2018,FORD,FOCUS,38.99476833,-77.065535,2023,11,9
230065307,Property Damage Crash,11/09/2023 09:42:00 AM,JONES MILL RD,NA,OPPOSITE DIRECTION SIDESWIPE,Clear,DRY,Daylight,NO CONTROLS,NONE DETECTED,No,No Apparent Injury,N/A,NOT DISTRACTED,MD,PASSENGER CAR,MOVING CONSTANT SPEED,25,No,2000,HONDA,CIVIC,38.99476833,-77.065535,2023,11,9
230065304,Property Damage Crash,11/09/2023 09:30:00 AM,BLACKISTONE RD,NA,OTHER,Clear,DRY,Daylight,NO CONTROLS,NONE DETECTED,Yes,No Apparent Injury,N/A,NOT DISTRACTED,MD,"OTHER LIGHT TRUCKS (10,000LBS (4,536KG) OR LESS)",MOVING CONSTANT SPEED,25,No,2019,MACK,GU712,38.9490673,-77.10600097,2023,11,9
230065309,Property Damage Crash,11/09/2023 09:25:00 AM,HAYDEN DR,NA,OTHER,Clear,DRY,Daylight,N/A,NONE DETECTED,No,No Apparent Injury,N/A,NOT DISTRACTED,MD,TRANSIT BUS,ACCELERATING,10,No,2024,GILL,BUS,39.019815,-77.05391167,2023,11,9
230065309,Property Damage Crash,11/09/2023 09:25:00 AM,HAYDEN DR,NA,OTHER,Clear,DRY,Daylight,N/A,NONE DETECTED,Yes,No Apparent Injury,N/A,NOT DISTRACTED,MD,PASSENGER CAR,STOPPED IN TRAFFIC LANE,0,No,2020,HONDA,CIVIC,39.019815,-77.05391167,2023,11,9
230065301,Property Damage Crash,11/09/2023 09:00:00 AM,UNIVERSITY BLVD E,NA,SAME DIR REAR END,Clear,DRY,Daylight,NO CONTROLS,NONE DETECTED,No,No Apparent Injury,N/A,NOT DISTRACTED,MD,PASSENGER CAR,SLOWING OR STOPPING,35,No,2014,TOYOTA,HIGHLANDER,39.01591729,-77.00562943,2023,11,9
230065301,Property Damage Crash,11/09/2023 09:00:00 AM,UNIVERSITY BLVD E,NA,SAME DIR REAR END,Clear,DRY,Daylight,NO CONTROLS,NONE DETECTED,Yes,No Apparent Injury,N/A,NOT DISTRACTED,MD,PICKUP TRUCK,MOVING CONSTANT SPEED,35,No,2004,FORD,PICK UP,39.01591729,-77.00562943,2023,11,9
230065296,Property Damage Crash,11/09/2023 08:56:00 AM,NA,NA,SINGLE VEHICLE,Clear,NA,Daylight,N/A,NONE DETECTED,Yes,No Apparent Injury,N/A,LOOKED BUT DID NOT SEE,MD,PASSENGER CAR,BACKING,0,No,2016,FORD,CMAX,39.148841,-77.223216,2023,11,8
230065300,Property Damage Crash,11/09/2023 08:50:00 AM,CONNECTICUT AVE,NA,ANGLE MEETS LEFT TURN,Clear,DRY,Daylight,N/A,NONE DETECTED,Yes,No Apparent Injury,N/A,LOOKED BUT DID NOT SEE,MD,OTHER,MAKING LEFT TURN,35,No,2000,TOYOTA,TUNDRA,39.07793333,-77.08102167,2023,11,8
230065300,Property Damage Crash,11/09/2023 08:50:00 AM,CONNECTICUT AVE,NA,ANGLE MEETS LEFT TURN,Clear,DRY,Daylight,N/A,NONE DETECTED,No,No Apparent Injury,N/A,NOT DISTRACTED,MD,PASSENGER CAR,MOVING CONSTANT SPEED,35,No,2018,CHEVROLET,TRAVERSE,39.07793333,-77.08102167,2023,11,8
230065291,Property Damage Crash,11/09/2023 08:10:00 AM,GREAT SENECA HWY,NA,SAME DIR REAR END,Clear,DRY,Daylight,NO CONTROLS,NONE DETECTED,No,No Apparent Injury,N/A,NOT DISTRACTED,MD,TRANSIT BUS,STOPPED IN TRAFFIC LANE,50,No,2009,GILL BU,BUS,39.1308571,-77.24055332,2023,11,8
230065291,Property Damage Crash,11/09/2023 08:10:00 AM,GREAT SENECA HWY,NA,SAME DIR REAR END,Clear,DRY,Daylight,NO CONTROLS,NONE DETECTED,Yes,No Apparent Injury,N/A,NOT DISTRACTED,MD,PASSENGER CAR,MOVING CONSTANT SPEED,50,No,2016,VOLK,4S,39.1308571,-77.24055332,2023,11,8
230065277,Injury Crash,11/09/2023 07:00:00 AM,CONNECTICUT AVE,NA,STRAIGHT MOVEMENT ANGLE,Clear,DRY,Daylight,STOP SIGN,NONE DETECTED,No,No Apparent Injury,N/A,NOT DISTRACTED,MD,PASSENGER CAR,MOVING CONSTANT SPEED,35,No,2005,KIA,VN,39.0864755,-77.07400633,2023,11,7
230065277,Injury Crash,11/09/2023 07:00:00 AM,CONNECTICUT AVE,NA,STRAIGHT MOVEMENT ANGLE,Clear,DRY,Daylight,STOP SIGN,NONE DETECTED,Yes,Possible Minor Injury,N/A,UNKNOWN,MD,PASSENGER CAR,MAKING LEFT TURN,35,No,2010,HONDA,CIVIC,39.0864755,-77.07400633,2023,11,7
230065278,Property Damage Crash,11/09/2023 06:50:00 AM,W GUDE DR,NA,SINGLE VEHICLE,Clear,DRY,Medium,NO CONTROLS,NONE DETECTED,No,No Apparent Injury,N/A,NOT DISTRACTED,VA,PASSENGER CAR,MOVING CONSTANT SPEED,40,No,2011,FORD,TAURUS,39.10245689,-77.17549017,2023,11,6
230065376,Injury Crash,11/09/2023 06:29:00 AM,AVENEL RD,PEDESTRIAN,OTHER,Clear,DRY,Medium,STOP SIGN,NONE DETECTED,Yes,No Apparent Injury,N/A,UNKNOWN,NA,NA,MAKING RIGHT TURN,25,No,0,UNKNOWN,UNKNOWN,39.00706072,-76.98051033,2023,11,6
230065258,Property Damage Crash,11/08/2023 09:57:00 PM,MUDDY BRANCH RD,NA,SAME DIR REAR END,Clear,DRY,Medium,TRAFFIC SIGNAL,NONE DETECTED,No,No Apparent Injury,N/A,NOT DISTRACTED,XX,PASSENGER CAR,STOPPED IN TRAFFIC LANE,35,No,2008,HOND,SD,39.13998292,-77.20487898,2023,11,21
230065258,Property Damage Crash,11/08/2023 09:57:00 PM,MUDDY BRANCH RD,NA,SAME DIR REAR END,Clear,DRY,Medium,TRAFFIC SIGNAL,NONE DETECTED,Yes,No Apparent Injury,N/A,UNKNOWN,NA,PASSENGER CAR,STARTING FROM LANE,35,No,2023,TOYOTA,TACOMA,39.13998292,-77.20487898,2023,11,21
230065252,Property Damage Crash,11/08/2023 09:30:00 PM,GEORGIA AVE,NA,HEAD ON LEFT TURN,Clear,DRY,Medium,TRAFFIC SIGNAL,NONE DETECTED,No,No Apparent Injury,N/A,NOT DISTRACTED,MD,PASSENGER CAR,MOVING CONSTANT SPEED,35,No,2008,CHEV,COBALT,39.08386726,-77.07767843,2023,11,21
230065252,Property Damage Crash,11/08/2023 09:30:00 PM,GEORGIA AVE,NA,HEAD ON LEFT TURN,Clear,DRY,Medium,TRAFFIC SIGNAL,NONE DETECTED,Yes,No Apparent Injury,N/A,UNKNOWN,XX,PASSENGER CAR,MAKING LEFT TURN,35,No,2008,TOYOTA,AVALON,39.08386726,-77.07767843,2023,11,21
230065249,Property Damage Crash,11/08/2023 09:09:00 PM,MONTGOMERY VILLAGE AVE,NA,SAME DIR REAR END,Clear,DRY,Medium,TRAFFIC SIGNAL,NONE DETECTED,Yes,No Apparent Injury,N/A,UNKNOWN,MD,PASSENGER CAR,MOVING CONSTANT SPEED,35,No,2012,FORD,PICKUP,39.15924833,-77.20260667,2023,11,21
230065249,Property Damage Crash,11/08/2023 09:09:00 PM,MONTGOMERY VILLAGE AVE,NA,SAME DIR REAR END,Clear,DRY,Medium,TRAFFIC SIGNAL,NONE DETECTED,No,No Apparent Injury,N/A,NOT DISTRACTED,MD,PASSENGER CAR,SLOWING OR STOPPING,35,No,2017,TOYT,4S,39.15924833,-77.20260667,2023,11,21
230065247,Injury Crash,11/08/2023 08:20:00 PM,SAM EIG HWY,NA,SINGLE VEHICLE,Clear,DRY,Dark,N/A,NONE DETECTED,No,Possible Minor Injury,"ANIMAL, N/A",NOT DISTRACTED,MD,POLICE VEHICLE/NON EMERGENCY,MOVING CONSTANT SPEED,45,No,2016,FORD,INTERCEPTOR,39.123,-77.19789167,2023,11,20
230065029,Injury Crash,11/08/2023 08:19:00 PM,NORBECK RD,NA,HEAD ON LEFT TURN,Clear,DRY,Medium,TRAFFIC SIGNAL,NONE DETECTED,No,Possible Minor Injury,N/A,NOT DISTRACTED,MD,PASSENGER CAR,MOVING CONSTANT SPEED,40,No,2010,NISSAN,4D,39.09298047,-77.12278297,2023,11,20
230065029,Injury Crash,11/08/2023 08:19:00 PM,NORBECK RD,NA,HEAD ON LEFT TURN,Clear,DRY,Medium,TRAFFIC SIGNAL,NONE DETECTED,Yes,No Apparent Injury,N/A,LOOKED BUT DID NOT SEE,MD,PASSENGER CAR,MAKING LEFT TURN,40,No,2017,JEEP,CHEROKEE,39.09298047,-77.12278297,2023,11,20
230065232,Property Damage Crash,11/08/2023 07:15:00 PM,NA,NA,OTHER,Cloudy,NA,Medium,NO CONTROLS,NONE DETECTED,Yes,No Apparent Injury,N/A,LOOKED BUT DID NOT SEE,MD,PASSENGER CAR,BACKING,10,No,2005,TOYT,SIENNA,39.18201333,-77.23767167,2023,11,19
230065229,Injury Crash,11/08/2023 07:00:00 PM,BURLINGTON AVE,NA,SAME DIR REAR END,Clear,DRY,Medium,TRAFFIC SIGNAL,NONE DETECTED,No,No Apparent Injury,N/A,NOT DISTRACTED,DC,PASSENGER CAR,STOPPED IN TRAFFIC LANE,25,No,2018,MAZDA,CX5,38.98733657,-77.02648857,2023,11,19
230065229,Injury Crash,11/08/2023 07:00:00 PM,BURLINGTON AVE,NA,SAME DIR REAR END,Clear,DRY,Medium,TRAFFIC SIGNAL,NONE DETECTED,Yes,Possible Minor Injury,N/A,NOT DISTRACTED,DC,PASSENGER CAR,MOVING CONSTANT SPEED,25,No,2020,TOYOTA,CAMRY,38.98733657,-77.02648857,2023,11,19
230065224,Property Damage Crash,11/08/2023 06:26:00 PM,16TH ST,NA,OTHER,Clear,DRY,Medium,N/A,NONE DETECTED,Yes,No Apparent Injury,N/A,UNKNOWN,NA,NA,MOVING CONSTANT SPEED,35,No,0,UNKNOWN,UNKNOWN,38.99552833,-77.03636,2023,11,18
230065224,Property Damage Crash,11/08/2023 06:26:00 PM,16TH ST,NA,OTHER,Clear,DRY,Medium,N/A,NONE DETECTED,No,No Apparent Injury,N/A,NOT DISTRACTED,SC,PASSENGER CAR,CHANGING LANES,35,No,2006,VOLK,PASSAT,38.99552833,-77.03636,2023,11,18
230065219,Injury Crash,11/08/2023 06:13:00 PM,OLD HUNDRED RD,NA,HEAD ON LEFT TURN,Clear,DRY,Medium,NO CONTROLS,NONE DETECTED,No,Possible Minor Injury,N/A,NOT DISTRACTED,MD,PASSENGER CAR,MOVING CONSTANT SPEED,30,No,2005,HONDA,ACCORD,39.27855,-77.32193,2023,11,18
230065219,Injury Crash,11/08/2023 06:13:00 PM,OLD HUNDRED RD,NA,HEAD ON LEFT TURN,Clear,DRY,Medium,NO CONTROLS,NONE DETECTED,Yes,Possible Minor Injury,N/A,UNKNOWN,MD,PICKUP TRUCK,MAKING LEFT TURN,30,No,2005,FORD,F150,39.27855,-77.32193,2023,11,18
230065235,Injury Crash,11/08/2023 06:00:00 PM,RICHTER FARM RD,PEDESTRIAN,OTHER,Clear,DRY,Medium,TRAFFIC SIGNAL,NONE DETECTED,Yes,No Apparent Injury,N/A,LOOKED BUT DID NOT SEE,MD,PASSENGER CAR,ACCELERATING,25,No,2010,TOYTA,4S,39.15420562,-77.28726558,2023,11,18
230065213,Property Damage Crash,11/08/2023 05:44:00 PM,GREAT SENECA HWY,NA,HEAD ON LEFT TURN,Clear,DRY,Medium,TRAFFIC SIGNAL,NONE DETECTED,Yes,No Apparent Injury,N/A,UNKNOWN,MD,PASSENGER CAR,MAKING LEFT TURN,50,No,2017,TOYT,PRIUS,39.12055393,-77.22535558,2023,11,17
230065213,Property Damage Crash,11/08/2023 05:44:00 PM,GREAT SENECA HWY,NA,HEAD ON LEFT TURN,Clear,DRY,Medium,TRAFFIC SIGNAL,NONE DETECTED,No,No Apparent Injury,N/A,NOT DISTRACTED,MD,POLICE VEHICLE/EMERGENCY,MOVING CONSTANT SPEED,50,No,2007,FERRARI,GTB,39.12055393,-77.22535558,2023,11,17
230065201,Injury Crash,11/08/2023 05:31:00 PM,CLOPPER RD,NA,STRAIGHT MOVEMENT ANGLE,Clear,DRY,Medium,NO CONTROLS,NONE DETECTED,Yes,No Apparent Injury,N/A,LOOKED BUT DID NOT SEE,MD,PASSENGER CAR,ACCELERATING,40,No,2015,HOND,TK,39.15652558,-77.26677339,2023,11,17
230065201,Injury Crash,11/08/2023 05:31:00 PM,CLOPPER RD,NA,STRAIGHT MOVEMENT ANGLE,Clear,DRY,Medium,NO CONTROLS,NONE DETECTED,No,Possible Minor Injury,N/A,NOT DISTRACTED,MD,PASSENGER CAR,MOVING CONSTANT SPEED,40,No,2014,HOND,SD,39.15652558,-77.26677339,2023,11,17