Local Case Number,ACRS Report Type,Crash Date/Time,Road Name,Related Non-Motorist,Collision Type,Weather,Surface Condition,Light,Traffic Control,Driver Substance Abuse,Driver At Fault,Injury Severity,Circumstance,Driver Distracted By,Drivers License State,Vehicle Body Type,Vehicle Movement,Speed Limit,Driverless Vehicle,Vehicle Year,Vehicle Make,Vehicle Model,Latitude,Longitude,Year,Month,Hour
230064620,Property Damage Crash,11/06/2023 04:10:00 AM,PARKLAND DR,NA,SAME DIR REAR END,Clear,DRY,Medium,NO CONTROLS,NONE DETECTED,Yes,No Apparent Injury,N/A,UNKNOWN,NA,PASSENGER CAR,MOVING CONSTANT SPEED,25,No,2008,HONDA,ACCORD,39.08537667,-77.08680833,2023,11,4
230064794,Property Damage Crash,11/06/2023 02:45:00 AM,GEORGIA AVE,NA,SAME DIR REAR END,Clear,DRY,Medium,NO CONTROLS,NONE DETECTED,No,No Apparent Injury,N/A,NOT DISTRACTED,MD,PASSENGER CAR,PARKED,30,No,2010,INFINITI,SEDAN,38.99271747,-77.02652262,2023,11,2
230064794,Property Damage Crash,11/06/2023 02:45:00 AM,GEORGIA AVE,NA,SAME DIR REAR END,Clear,DRY,Medium,NO CONTROLS,NONE DETECTED,Yes,No Apparent Injury,N/A,UNKNOWN,MD,(SPORT) UTILITY VEHICLE,ENTERING TRAFFIC LANE,30,No,2017,MERCEDES,UT,38.99271747,-77.02652262,2023,11,2
230064615,Property Damage Crash,11/06/2023 02:00:00 AM,EISENHOWER MEMORIAL HWY,NA,SINGLE VEHICLE,Clear,DRY,Medium,N/A,NONE DETECTED,No,No Apparent Injury,"ANIMAL, N/A",NOT DISTRACTED,FL,PASSENGER CAR,MOVING CONSTANT SPEED,65,No,2021,MERZ,CLA,39.25653733,-77.30578683,2023,11,2
230064613,Property Damage Crash,11/06/2023 01:55:00 AM,PINEY BRANCH RD,NA,SAME DIR REAR END,Clear,DRY,Medium,TRAFFIC SIGNAL,NONE DETECTED,No,No Apparent Injury,N/A,NOT DISTRACTED,MD,PASSENGER CAR,STOPPED IN TRAFFIC LANE,35,No,2008,SUBARU,LEGACY,38.99943943,-76.99591053,2023,11,1
230064613,Property Damage Crash,11/06/2023 01:55:00 AM,PINEY BRANCH RD,NA,SAME DIR REAR END,Clear,DRY,Medium,TRAFFIC SIGNAL,NONE DETECTED,No,No Apparent Injury,N/A,NOT DISTRACTED,MD,PASSENGER CAR,STOPPED IN TRAFFIC LANE,35,No,2016,HONDA,4D,38.99943943,-76.99591053,2023,11,1
230064613,Property Damage Crash,11/06/2023 01:55:00 AM,PINEY BRANCH RD,NA,SAME DIR REAR END,Clear,DRY,Medium,TRAFFIC SIGNAL,NONE DETECTED,Yes,No Apparent Injury,N/A,LOOKED BUT DID NOT SEE,MD,PASSENGER CAR,MOVING CONSTANT SPEED,35,No,2016,NISSAN,SENTRA,38.99943943,-76.99591053,2023,11,1
230064609,Property Damage Crash,11/06/2023 01:02:00 AM,RANDOLPH RD,NA,SAME DIRECTION RIGHT TURN,Clear,DRY,Medium,NO CONTROLS,NONE DETECTED,Yes,No Apparent Injury,N/A,LOOKED BUT DID NOT SEE,MD,PASSENGER CAR,MOVING CONSTANT SPEED,40,No,2014,TOYT,CAMRY,39.05330667,-77.10602667,2023,11,1
230064609,Property Damage Crash,11/06/2023 01:02:00 AM,RANDOLPH RD,NA,SAME DIRECTION RIGHT TURN,Clear,DRY,Medium,NO CONTROLS,NONE DETECTED,No,No Apparent Injury,N/A,NOT DISTRACTED,MD,PASSENGER CAR,MOVING CONSTANT SPEED,40,No,2022,TOYT,SD,39.05330667,-77.10602667,2023,11,1
230064598,Property Damage Crash,11/05/2023 09:07:00 PM,WOODFIELD RD,NA,SINGLE VEHICLE,Clear,DRY,Medium,NO CONTROLS,NONE DETECTED,No,No Apparent Injury,"ANIMAL, N/A",NOT DISTRACTED,MD,POLICE VEHICLE/NON EMERGENCY,MOVING CONSTANT SPEED,40,No,2019,DODGE,CHARGER,39.21174219,-77.17146065,2023,11,21
230064594,Property Damage Crash,11/05/2023 08:22:00 PM,NA,NA,OTHER,Clear,NA,Medium,NO CONTROLS,NONE DETECTED,Yes,No Apparent Injury,N/A,UNKNOWN,NA,PASSENGER CAR,STARTING FROM PARKED,15,No,2010,CHEV,MALIBU,39.05263181,-77.04965155,2023,11,20
230069255,Property Damage Crash,11/05/2023 06:45:00 PM,EAST WEST HWY,NA,SINGLE VEHICLE,Clear,DRY,Medium,TRAFFIC SIGNAL,NONE DETECTED,Yes,No Apparent Injury,N/A,NOT DISTRACTED,MD,POLICE VEHICLE/NON EMERGENCY,MAKING U TURN,35,No,2016,FORD,TAURUS,38.99322077,-77.06353014,2023,11,18
230064575,Property Damage Crash,11/05/2023 06:20:00 PM,NORBECK RD,NA,SINGLE VEHICLE,Clear,DRY,Medium,N/A,NONE DETECTED,No,No Apparent Injury,N/A,NOT DISTRACTED,MD,PASSENGER CAR,MOVING CONSTANT SPEED,35,No,2012,TOYT,4S,39.11833143,-77.02755887,2023,11,18
230064571,Property Damage Crash,11/05/2023 05:55:00 PM,EAST WEST HWY,NA,HEAD ON LEFT TURN,Clear,DRY,Dark,TRAFFIC SIGNAL,NONE DETECTED,Yes,No Apparent Injury,N/A,INATTENTIVE OR LOST IN THOUGHT,MD,PASSENGER CAR,MAKING LEFT TURN,30,No,2008,HONDA,ACCORD,38.99327667,-77.06395667,2023,11,17
230064571,Property Damage Crash,11/05/2023 05:55:00 PM,EAST WEST HWY,NA,HEAD ON LEFT TURN,Clear,DRY,Dark,TRAFFIC SIGNAL,NONE DETECTED,No,No Apparent Injury,N/A,NOT DISTRACTED,MD,PASSENGER CAR,MOVING CONSTANT SPEED,30,No,2023,BMW,530I,38.99327667,-77.06395667,2023,11,17
230064573,Property Damage Crash,11/05/2023 05:50:00 PM,OLNEY SANDY SPRING RD,NA,SAME DIR REAR END,Clear,DRY,Medium,TRAFFIC SIGNAL,NONE DETECTED,No,No Apparent Injury,N/A,NOT DISTRACTED,MD,PASSENGER CAR,STOPPED IN TRAFFIC LANE,35,No,2023,JEEP,UT,39.14947493,-77.02646745,2023,11,17
230064573,Property Damage Crash,11/05/2023 05:50:00 PM,OLNEY SANDY SPRING RD,NA,SAME DIR REAR END,Clear,DRY,Medium,TRAFFIC SIGNAL,NONE DETECTED,Yes,No Apparent Injury,N/A,BY OTHER OCCUPANTS,MD,PASSENGER CAR,MOVING CONSTANT SPEED,35,No,2023,TOYT,UT,39.14947493,-77.02646745,2023,11,17
230064565,Injury Crash,11/05/2023 05:15:00 PM,WOODFIELD RD,NA,HEAD ON LEFT TURN,Clear,DRY,Medium,NO CONTROLS,NONE DETECTED,Yes,Possible Minor Injury,N/A,LOOKED BUT DID NOT SEE,MD,PASSENGER CAR,MAKING LEFT TURN,35,No,2014,TOYOTA,4DS,39.157425,-77.16314,2023,11,17
230064565,Injury Crash,11/05/2023 05:15:00 PM,WOODFIELD RD,NA,HEAD ON LEFT TURN,Clear,DRY,Medium,NO CONTROLS,NONE DETECTED,No,No Apparent Injury,N/A,LOOKED BUT DID NOT SEE,MD,PASSENGER CAR,MOVING CONSTANT SPEED,35,No,2002,TOYOTA,TK,39.157425,-77.16314,2023,11,17
230064572,Property Damage Crash,11/05/2023 05:10:00 PM,NA,NA,SINGLE VEHICLE,Cloudy,NA,Medium,NO CONTROLS,NONE DETECTED,Unknown,No Apparent Injury,N/A,DISTRACTED BY OUTSIDE PERSON OBJECT OR EVENT,MD,PASSENGER CAR,NEGOTIATING A CURVE,10,No,2014,HOND,SD,39.05749416,-77.11768122,2023,11,17
230064561,Property Damage Crash,11/05/2023 03:53:00 PM,NEWPORT MILL RD,NA,SAME DIR REAR END,Clear,DRY,Daylight,NO CONTROLS,ALCOHOL PRESENT,Yes,No Apparent Injury,N/A,UNKNOWN,NA,PASSENGER CAR,UNKNOWN,25,No,2013,HYUNDAI,GENESIS,39.03883942,-77.0706871,2023,11,15
230064542,Property Damage Crash,11/05/2023 01:58:00 PM,NA,PEDESTRIAN,SINGLE VEHICLE,Clear,NA,Daylight,NO CONTROLS,NONE DETECTED,Yes,No Apparent Injury,N/A,UNKNOWN,NA,PASSENGER CAR,MOVING CONSTANT SPEED,15,No,2012,TOYOTA,4S,38.99176207,-77.03202414,2023,11,13
230064534,Property Damage Crash,11/05/2023 12:05:00 PM,GLENN MILL ROAD,NA,OTHER,Clear,DRY,Daylight,NO CONTROLS,NONE DETECTED,Yes,No Apparent Injury,N/A,UNKNOWN,MD,PASSENGER CAR,MOVING CONSTANT SPEED,25,No,2008,LEXU,4S,39.09008867,-77.19459517,2023,11,12
230064244,Property Damage Crash,11/05/2023 12:00:00 PM,NA,NA,OTHER,Clear,NA,Daylight,NO CONTROLS,NONE DETECTED,Yes,No Apparent Injury,N/A,LOOKED BUT DID NOT SEE,NA,NA,PARKING,5,No,0,UNKNOWN,UNKNOWN,39.14130234,-77.1927976,2023,11,12
230064526,Property Damage Crash,11/05/2023 11:28:00 AM,MONTROSE RD,NA,SINGLE VEHICLE,Clear,DRY,Daylight,TRAFFIC SIGNAL,NONE DETECTED,Yes,No Apparent Injury,N/A,NOT DISTRACTED,MD,PASSENGER CAR,MOVING CONSTANT SPEED,25,No,2017,FORD,ESCAPE,39.05565723,-77.14932544,2023,11,11
230064520,Injury Crash,11/05/2023 10:40:00 AM,GREAT SENECA HWY,NA,STRAIGHT MOVEMENT ANGLE,Clear,DRY,Daylight,TRAFFIC SIGNAL,NONE DETECTED,No,No Apparent Injury,N/A,NOT DISTRACTED,CO,PASSENGER CAR,MOVING CONSTANT SPEED,50,No,2017,SUBA,UT,39.12073812,-77.22552593,2023,11,10
230064520,Injury Crash,11/05/2023 10:40:00 AM,GREAT SENECA HWY,NA,STRAIGHT MOVEMENT ANGLE,Clear,DRY,Daylight,TRAFFIC SIGNAL,NONE DETECTED,Yes,Possible Minor Injury,N/A,LOOKED BUT DID NOT SEE,MD,PASSENGER CAR,MAKING LEFT TURN,50,No,2021,FORD,ECOSPORT,39.12073812,-77.22552593,2023,11,10
230064510,Property Damage Crash,11/05/2023 08:56:00 AM,NA,NA,SAME DIRECTION SIDESWIPE,Clear,NA,Daylight,N/A,NONE DETECTED,Yes,No Apparent Injury,N/A,UNKNOWN,NA,PASSENGER CAR,STARTING FROM PARKED,15,No,2021,TOYOTA,TACOMA,38.98981356,-76.98965,2023,11,8
230064506,Injury Crash,11/05/2023 08:50:00 AM,GIRARD ST,NA,OTHER,Clear,DRY,Daylight,STOP SIGN,DRUG PRESENT,Unknown,Possible Minor Injury,N/A,UNKNOWN,XX,PASSENGER CAR,MOVING CONSTANT SPEED,25,No,2023,TOYOTA,TACOMA,39.14971782,-77.18849516,2023,11,8
230064506,Injury Crash,11/05/2023 08:50:00 AM,GIRARD ST,NA,OTHER,Clear,DRY,Daylight,STOP SIGN,NONE DETECTED,Unknown,No Apparent Injury,N/A,UNKNOWN,NA,UNKNOWN,MAKING RIGHT TURN,25,No,0,UNKNOWN,UNKNOWN,39.14971782,-77.18849516,2023,11,8
230064509,Property Damage Crash,11/05/2023 08:35:00 AM,PRELUDE DR,NA,SINGLE VEHICLE,Clear,DRY,Daylight,NO CONTROLS,NONE DETECTED,Yes,No Apparent Injury,"ANIMAL, N/A",NOT DISTRACTED,MD,PASSENGER CAR,MOVING CONSTANT SPEED,30,No,2021,TESLA,4DR,39.03944336,-76.99787744,2023,11,8
230064500,Property Damage Crash,11/05/2023 08:30:00 AM,W EDMONSTON DR,NA,SAME DIR REAR END,Clear,DRY,Daylight,NO CONTROLS,NONE DETECTED,Yes,No Apparent Injury,N/A,NOT DISTRACTED,MD,PASSENGER CAR,MOVING CONSTANT SPEED,35,No,2014,FORD,4S,39.07351017,-77.136933,2023,11,8
230064500,Property Damage Crash,11/05/2023 08:30:00 AM,W EDMONSTON DR,NA,SAME DIR REAR END,Clear,DRY,Daylight,NO CONTROLS,NONE DETECTED,No,No Apparent Injury,N/A,NOT DISTRACTED,MD,VAN,SLOWING OR STOPPING,35,No,2008,CHEV,PV,39.07351017,-77.136933,2023,11,8
230064473,Property Damage Crash,11/05/2023 01:25:00 AM,BRANDERMILL DR,NA,SAME DIRECTION SIDESWIPE,Clear,DRY,Medium,STOP SIGN,ALCOHOL PRESENT,Yes,No Apparent Injury,N/A,UNKNOWN,MD,PASSENGER CAR,MOVING CONSTANT SPEED,25,No,2023,HYUNDAI,SANTA CRUZ,39.1910055,-77.23908617,2023,11,1
230064470,Injury Crash,11/05/2023 12:58:00 AM,MIDCOUNTY HWY,NA,SAME DIRECTION SIDESWIPE,Clear,DRY,Dark,FLASHING TRAFFIC SIGNAL,NONE DETECTED,Yes,No Apparent Injury,N/A,UNKNOWN,MD,PASSENGER CAR,SLOWING OR STOPPING,50,No,2003,HYUNDAI,ELANTRA,39.15201281,-77.17651997,2023,11,0
230064470,Injury Crash,11/05/2023 12:58:00 AM,MIDCOUNTY HWY,NA,SAME DIRECTION SIDESWIPE,Clear,DRY,Dark,FLASHING TRAFFIC SIGNAL,NONE DETECTED,No,Possible Minor Injury,N/A,NOT DISTRACTED,MD,PASSENGER CAR,MOVING CONSTANT SPEED,50,No,2009,TOYOTA,VENZA,39.15201281,-77.17651997,2023,11,0
230064467,Property Damage Crash,11/04/2023 11:38:00 PM,OLD BALTIMORE RD,NA,SINGLE VEHICLE,Clear,DRY,Medium,N/A,ALCOHOL PRESENT,Yes,No Apparent Injury,N/A,LOOKED BUT DID NOT SEE,MD,(SPORT) UTILITY VEHICLE,ACCELERATING,15,No,2021,HONDA,PILOT,39.14975809,-77.05178362,2023,11,23
230064461,Property Damage Crash,11/04/2023 11:18:00 PM,CIDER BARRELL DR,NA,ANGLE MEETS LEFT HEAD ON,Clear,DRY,Medium,NO CONTROLS,NONE DETECTED,No,No Apparent Injury,N/A,NOT DISTRACTED,MD,PASSENGER CAR,STOPPED IN TRAFFIC LANE,25,No,2022,TOYT,CAMRY,39.19094198,-77.24447273,2023,11,23
230064461,Property Damage Crash,11/04/2023 11:18:00 PM,CIDER BARRELL DR,NA,ANGLE MEETS LEFT HEAD ON,Clear,DRY,Medium,NO CONTROLS,NONE DETECTED,Yes,No Apparent Injury,N/A,LOOKED BUT DID NOT SEE,MD,PASSENGER CAR,MAKING LEFT TURN,25,No,2014,VOLKD,PASSAT,39.19094198,-77.24447273,2023,11,23
230064451,Injury Crash,11/04/2023 09:29:00 PM,ROCKVILLE PIKE,NA,STRAIGHT MOVEMENT ANGLE,Clear,DRY,Medium,TRAFFIC SIGNAL,NONE DETECTED,No,Possible Minor Injury,N/A,NOT DISTRACTED,MD,(SPORT) UTILITY VEHICLE,MOVING CONSTANT SPEED,35,No,2014,HONDA,CRV,39.02260333,-77.10335333,2023,11,21
230064451,Injury Crash,11/04/2023 09:29:00 PM,ROCKVILLE PIKE,NA,STRAIGHT MOVEMENT ANGLE,Clear,DRY,Medium,TRAFFIC SIGNAL,NONE DETECTED,Yes,No Apparent Injury,N/A,UNKNOWN,VA,(SPORT) UTILITY VEHICLE,MOVING CONSTANT SPEED,30,No,2018,CHEVROLET,SUBURBAN,39.02260333,-77.10335333,2023,11,21
230064445,Injury Crash,11/04/2023 08:45:00 PM,RIVER RD,NA,STRAIGHT MOVEMENT ANGLE,Clear,DRY,Medium,STOP SIGN,NONE DETECTED,Yes,No Apparent Injury,N/A,LOOKED BUT DID NOT SEE,AZ,PASSENGER CAR,ACCELERATING,35,No,2016,HOND,TK,38.95991833,-77.09643,2023,11,20
230064445,Injury Crash,11/04/2023 08:45:00 PM,RIVER RD,NA,STRAIGHT MOVEMENT ANGLE,Clear,DRY,Medium,STOP SIGN,NONE DETECTED,No,Possible Minor Injury,N/A,NOT DISTRACTED,DC,PASSENGER CAR,MOVING CONSTANT SPEED,35,No,2020,JEEP,UT,38.95991833,-77.09643,2023,11,20
230064449,Property Damage Crash,11/04/2023 07:33:00 PM,TOWN COMMONS BLVD,NA,OTHER,Cloudy,DRY,Medium,N/A,NONE DETECTED,Yes,No Apparent Injury,N/A,UNKNOWN,MD,PASSENGER CAR,BACKING,25,No,2020,MINI,COOPER,39.18119067,-77.2673105,2023,11,19
230064449,Property Damage Crash,11/04/2023 07:33:00 PM,TOWN COMMONS BLVD,NA,OTHER,Cloudy,DRY,Medium,N/A,NONE DETECTED,No,No Apparent Injury,N/A,NOT DISTRACTED,MD,PASSENGER CAR,PARKED,25,No,2013,MERZ,SD,39.18119067,-77.2673105,2023,11,19
230064438,Injury Crash,11/04/2023 07:21:00 PM,GERMANTOWN RD,PEDESTRIAN,OTHER,Clear,DRY,Medium,TRAFFIC SIGNAL,NONE DETECTED,Unknown,No Apparent Injury,N/A,UNKNOWN,NA,UNKNOWN,MAKING RIGHT TURN,40,No,0,UNKNOWN,UNKNOWN,39.17880397,-77.26718663,2023,11,19
230064434,Injury Crash,11/04/2023 07:00:00 PM,LAKELANDS DR,NA,SINGLE VEHICLE,Clear,DRY,Medium,NO CONTROLS,NONE DETECTED,Yes,Possible Minor Injury,N/A,OTHER DISTRACTION,MD,PASSENGER CAR,ACCELERATING,25,No,2020,MAZD,UT,39.11810718,-77.22786042,2023,11,19
230064456,Property Damage Crash,11/04/2023 05:30:00 PM,ODENDHAL AVE,NA,SAME DIRECTION SIDESWIPE,Clear,DRY,Medium,NO CONTROLS,NONE DETECTED,Yes,No Apparent Injury,N/A,UNKNOWN,MD,PASSENGER CAR,MOVING CONSTANT SPEED,30,No,2008,TOYOTA,PRIUS,39.15240048,-77.19591696,2023,11,17
230064454,Property Damage Crash,11/04/2023 05:30:00 PM,NA,NA,OTHER,Clear,NA,Daylight,NO CONTROLS,NONE DETECTED,Yes,No Apparent Injury,N/A,LOOKED BUT DID NOT SEE,MD,PASSENGER CAR,BACKING,5,No,2013,CHEVEROLET,CRUZE,39.11390456,-77.18573494,2023,11,17
230064454,Property Damage Crash,11/04/2023 05:30:00 PM,NA,NA,OTHER,Clear,NA,Daylight,NO CONTROLS,NONE DETECTED,No,No Apparent Injury,N/A,NOT DISTRACTED,MD,PASSENGER CAR,STOPPED IN TRAFFIC LANE,5,No,2022,FORD,MUSTANGE,39.11390456,-77.18573494,2023,11,17
230064456,Property Damage Crash,11/04/2023 05:30:00 PM,ODENDHAL AVE,NA,SAME DIRECTION SIDESWIPE,Clear,DRY,Medium,NO CONTROLS,NONE DETECTED,No,No Apparent Injury,N/A,NOT DISTRACTED,MD,PASSENGER CAR,ACCELERATING,30,No,2017,TOYOTA,TK,39.15240048,-77.19591696,2023,11,17
230064425,Property Damage Crash,11/04/2023 05:27:00 PM,FREDERICK RD,NA,SAME DIRECTION SIDESWIPE,Clear,DRY,Daylight,NO CONTROLS,NONE DETECTED,No,No Apparent Injury,N/A,NOT DISTRACTED,MD,TRANSIT BUS,STOPPED IN TRAFFIC LANE,30,No,2016,GILL,CBU,39.14719083,-77.20557449,2023,11,17
230064425,Property Damage Crash,11/04/2023 05:27:00 PM,FREDERICK RD,NA,SAME DIRECTION SIDESWIPE,Clear,DRY,Daylight,NO CONTROLS,NONE DETECTED,Yes,No Apparent Injury,N/A,NOT DISTRACTED,PA,TRUCK TRACTOR,STOPPED IN TRAFFIC LANE,30,No,2016,FRHT,TT,39.14719083,-77.20557449,2023,11,17
230064525,Injury Crash,11/04/2023 03:00:00 PM,GEORGIA AVE,PEDESTRIAN,OTHER,Clear,DRY,Daylight,UNKNOWN,NONE DETECTED,Unknown,No Apparent Injury,N/A,UNKNOWN,MD,PASSENGER CAR,UNKNOWN,25,No,2013,MAZDA,3,39.08029934,-77.07441062,2023,11,15
230064401,Property Damage Crash,11/04/2023 02:50:00 PM,GREAT SENECA HWY,NA,OTHER,Clear,DRY,Daylight,TRAFFIC SIGNAL,NONE DETECTED,Yes,No Apparent Injury,N/A,LOOKED BUT DID NOT SEE,MD,PASSENGER CAR,CHANGING LANES,50,No,2012,TOYT,MV,39.12130093,-77.22597315,2023,11,14
230064401,Property Damage Crash,11/04/2023 02:50:00 PM,GREAT SENECA HWY,NA,OTHER,Clear,DRY,Daylight,TRAFFIC SIGNAL,NONE DETECTED,No,No Apparent Injury,N/A,LOOKED BUT DID NOT SEE,PA,PASSENGER CAR,CHANGING LANES,50,No,2016,MAZDA,CX-5,39.12130093,-77.22597315,2023,11,14
230064401,Property Damage Crash,11/04/2023 02:50:00 PM,GREAT SENECA HWY,NA,OTHER,Clear,DRY,Daylight,TRAFFIC SIGNAL,NONE DETECTED,No,No Apparent Injury,N/A,NOT DISTRACTED,MD,PASSENGER CAR,MOVING CONSTANT SPEED,50,No,2010,HOND,TK,39.12130093,-77.22597315,2023,11,14
230064393,Property Damage Crash,11/04/2023 01:55:00 PM,HUNGERFORD DR,NA,STRAIGHT MOVEMENT ANGLE,Clear,DRY,Daylight,TRAFFIC SIGNAL,NONE DETECTED,No,No Apparent Injury,N/A,NOT DISTRACTED,MD,PASSENGER CAR,STOPPED IN TRAFFIC LANE,40,No,2017,TOYT,4H,39.09440693,-77.15207254,2023,11,13
230064393,Property Damage Crash,11/04/2023 01:55:00 PM,HUNGERFORD DR,NA,STRAIGHT MOVEMENT ANGLE,Clear,DRY,Daylight,TRAFFIC SIGNAL,NONE DETECTED,No,No Apparent Injury,N/A,NOT DISTRACTED,MD,PASSENGER CAR,SLOWING OR STOPPING,40,No,2021,HONDA,CIVIC,39.09440693,-77.15207254,2023,11,13
230064393,Property Damage Crash,11/04/2023 01:55:00 PM,HUNGERFORD DR,NA,STRAIGHT MOVEMENT ANGLE,Clear,DRY,Daylight,TRAFFIC SIGNAL,NONE DETECTED,Yes,No Apparent Injury,N/A,LOOKED BUT DID NOT SEE,MD,PASSENGER CAR,MAKING RIGHT TURN,40,No,2016,HOND,4S,39.09440693,-77.15207254,2023,11,13
230064393,Property Damage Crash,11/04/2023 01:55:00 PM,HUNGERFORD DR,NA,STRAIGHT MOVEMENT ANGLE,Clear,DRY,Daylight,TRAFFIC SIGNAL,NONE DETECTED,No,No Apparent Injury,N/A,NOT DISTRACTED,MD,PASSENGER CAR,MOVING CONSTANT SPEED,40,No,2015,KIA,UT,39.09440693,-77.15207254,2023,11,13
230064376,Property Damage Crash,11/04/2023 12:47:00 PM,NORBECK RD,NA,SAME DIR REAR END,Clear,DRY,Daylight,TRAFFIC SIGNAL,NONE DETECTED,Yes,No Apparent Injury,N/A,UNKNOWN,MD,PASSENGER CAR,STARTING FROM LANE,40,No,2016,BMW,SEDAN,39.09508167,-77.11312667,2023,11,12
230064376,Property Damage Crash,11/04/2023 12:47:00 PM,NORBECK RD,NA,SAME DIR REAR END,Clear,DRY,Daylight,TRAFFIC SIGNAL,NONE DETECTED,No,No Apparent Injury,N/A,NOT DISTRACTED,VA,PASSENGER CAR,SLOWING OR STOPPING,40,No,2019,CHEVROLET,MALIBU,39.09508167,-77.11312667,2023,11,12
230064376,Property Damage Crash,11/04/2023 12:47:00 PM,NORBECK RD,NA,SAME DIR REAR END,Clear,DRY,Daylight,TRAFFIC SIGNAL,NONE DETECTED,No,No Apparent Injury,N/A,NOT DISTRACTED,MD,PASSENGER CAR,STOPPED IN TRAFFIC LANE,40,No,2017,HYUNDAI,SUV,39.09508167,-77.11312667,2023,11,12
230064398,Property Damage Crash,11/04/2023 12:40:00 PM,NA,NA,OTHER,Clear,NA,Daylight,N/A,NONE DETECTED,Yes,No Apparent Injury,N/A,NOT DISTRACTED,MD,VAN,MAKING LEFT TURN,35,No,2020,DODGE,VAN,39.0837085,-76.9414235,2023,11,12
230064373,Injury Crash,11/04/2023 12:30:00 PM,VEIRS MILL RD,NA,SAME DIR REAR END,Clear,DRY,Daylight,N/A,NONE DETECTED,Unknown,No Apparent Injury,"N/A, PHYSICAL OBSTRUCTION(S)",NOT DISTRACTED,MD,PASSENGER CAR,SLOWING OR STOPPING,45,No,2019,TOYT,SD,39.06935,-77.10493333,2023,11,12
230064373,Injury Crash,11/04/2023 12:30:00 PM,VEIRS MILL RD,NA,SAME DIR REAR END,Clear,DRY,Daylight,N/A,NONE DETECTED,Unknown,Possible Minor Injury,"N/A, PHYSICAL OBSTRUCTION(S)",NOT DISTRACTED,MD,(SPORT) UTILITY VEHICLE,SLOWING OR STOPPING,45,No,2018,FORD,TK,39.06935,-77.10493333,2023,11,12
230064373,Injury Crash,11/04/2023 12:30:00 PM,VEIRS MILL RD,NA,SAME DIR REAR END,Clear,DRY,Daylight,N/A,NONE DETECTED,Unknown,Possible Minor Injury,"N/A, PHYSICAL OBSTRUCTION(S)",NOT DISTRACTED,MD,VAN,SLOWING OR STOPPING,45,No,2012,HOND,VN,39.06935,-77.10493333,2023,11,12
230064372,Injury Crash,11/04/2023 12:20:00 PM,AVENEL RD,NA,OPPOSITE DIRECTION SIDESWIPE,Cloudy,DRY,Daylight,NO CONTROLS,NONE DETECTED,No,No Apparent Injury,N/A,NOT DISTRACTED,MD,PASSENGER CAR,SLOWING OR STOPPING,30,No,2012,HONDA,ACCORD,39.01065395,-76.98007029,2023,11,12
230064372,Injury Crash,11/04/2023 12:20:00 PM,AVENEL RD,NA,OPPOSITE DIRECTION SIDESWIPE,Cloudy,DRY,Daylight,NO CONTROLS,ALCOHOL PRESENT,Yes,Possible Minor Injury,N/A,UNKNOWN,MD,PASSENGER CAR,MOVING CONSTANT SPEED,30,No,2012,HONDA,ACCORD,39.01065395,-76.98007029,2023,11,12
230064362,Injury Crash,11/04/2023 11:45:00 AM,BRIGGS CHANEY RD,NA,STRAIGHT MOVEMENT ANGLE,Clear,N/A,Daylight,TRAFFIC SIGNAL,NONE DETECTED,No,No Apparent Injury,N/A,NOT DISTRACTED,MD,PASSENGER CAR,STOPPED IN TRAFFIC LANE,35,No,2017,TOYOTA,RAV 4,39.08427183,-76.95127317,2023,11,11
230064362,Injury Crash,11/04/2023 11:45:00 AM,BRIGGS CHANEY RD,NA,STRAIGHT MOVEMENT ANGLE,Clear,N/A,Daylight,TRAFFIC SIGNAL,NONE DETECTED,Unknown,No Apparent Injury,N/A,NOT DISTRACTED,MD,PASSENGER CAR,MOVING CONSTANT SPEED,35,No,2016,HOND,SD,39.08427183,-76.95127317,2023,11,11
230064362,Injury Crash,11/04/2023 11:45:00 AM,BRIGGS CHANEY RD,NA,STRAIGHT MOVEMENT ANGLE,Clear,N/A,Daylight,TRAFFIC SIGNAL,NONE DETECTED,Unknown,Possible Minor Injury,N/A,LOOKED BUT DID NOT SEE,MD,PASSENGER CAR,MAKING LEFT TURN,35,No,2006,TOYT,VN,39.08427183,-76.95127317,2023,11,11
230064349,Property Damage Crash,11/04/2023 09:50:00 AM,WATERS LANDING DR,NA,STRAIGHT MOVEMENT ANGLE,Clear,DRY,Daylight,STOP SIGN,NONE DETECTED,Yes,No Apparent Injury,N/A,UNKNOWN,MD,PASSENGER CAR,MAKING LEFT TURN,25,No,2018,HONDA,CIVIC,39.19001856,-77.27027667,2023,11,9
230064349,Property Damage Crash,11/04/2023 09:50:00 AM,WATERS LANDING DR,NA,STRAIGHT MOVEMENT ANGLE,Clear,DRY,Daylight,STOP SIGN,NONE DETECTED,No,No Apparent Injury,N/A,NOT DISTRACTED,MD,PASSENGER CAR,MOVING CONSTANT SPEED,25,No,2014,DODG,CHARGER,39.19001856,-77.27027667,2023,11,9
230064339,Injury Crash,11/04/2023 09:00:00 AM,VEIRS MILL RD,NA,SAME DIR REAR END,Clear,DRY,Daylight,TRAFFIC SIGNAL,NONE DETECTED,No,Possible Minor Injury,N/A,NOT DISTRACTED,MD,PASSENGER CAR,STOPPED IN TRAFFIC LANE,35,No,2019,VOLK,4S,39.08017567,-77.14417183,2023,11,9
230064339,Injury Crash,11/04/2023 09:00:00 AM,VEIRS MILL RD,NA,SAME DIR REAR END,Clear,DRY,Daylight,TRAFFIC SIGNAL,NONE DETECTED,Yes,No Apparent Injury,N/A,NOT DISTRACTED,MD,POLICE VEHICLE/NON EMERGENCY,MOVING CONSTANT SPEED,35,No,2021,FORD,INTERCEPTOR,39.08017567,-77.14417183,2023,11,9
230064332,Property Damage Crash,11/04/2023 07:40:00 AM,COLUMBIA PIKE,NA,SINGLE VEHICLE,Clear,N/A,Daylight,NO CONTROLS,NONE DETECTED,No,No Apparent Injury,"ANIMAL, N/A",NOT DISTRACTED,MD,PASSENGER CAR,MOVING CONSTANT SPEED,55,No,2021,MERZ,SD,39.11851567,-76.92673367,2023,11,7
230072025,Property Damage Crash,11/04/2023 06:00:00 AM,FREDERICK RD,NA,SINGLE VEHICLE,Clear,DRY,Medium,N/A,NONE DETECTED,Yes,No Apparent Injury,N/A,NOT DISTRACTED,MD,POLICE VEHICLE/NON EMERGENCY,MAKING RIGHT TURN,40,No,2016,FORD,INTERCEPTOR,39.12288,-77.17766301,2023,11,6
230064326,Property Damage Crash,11/04/2023 05:39:00 AM,CARROLL AVE,NA,SINGLE VEHICLE,Clear,DRY,Medium,NO CONTROLS,NONE DETECTED,Yes,No Apparent Injury,N/A,UNKNOWN,MD,PASSENGER CAR,MOVING CONSTANT SPEED,25,No,2018,HONDA,CIVIC,38.9808879,-77.00386517,2023,11,5
230064317,Property Damage Crash,11/04/2023 03:45:00 AM,COLUMBIA PIKE,NA,SINGLE VEHICLE,Clear,DRY,Medium,FLASHING TRAFFIC SIGNAL,NONE DETECTED,Yes,No Apparent Injury,N/A,NOT DISTRACTED,MD,PASSENGER CAR,MOVING CONSTANT SPEED,45,No,2012,CHEVY,MUSTANG,39.104415,-76.93266333,2023,11,3
230064318,Property Damage Crash,11/04/2023 03:33:00 AM,RANDOLPH RD,NA,SINGLE VEHICLE,Clear,DRY,Medium,NO CONTROLS,NONE DETECTED,Yes,No Apparent Injury,N/A,UNKNOWN,MD,PASSENGER CAR,MOVING CONSTANT SPEED,35,No,2011,TOYOTA,CAMRY,39.05959874,-77.05935447,2023,11,3