Local Case Number,ACRS Report Type,Crash Date/Time,Road Name,Related Non-Motorist,Collision Type,Weather,Surface Condition,Light,Traffic Control,Driver Substance Abuse,Driver At Fault,Injury Severity,Circumstance,Driver Distracted By,Drivers License State,Vehicle Body Type,Vehicle Movement,Speed Limit,Driverless Vehicle,Vehicle Year,Vehicle Make,Vehicle Model,Latitude,Longitude,Year,Month,Hour
230064463,Property Damage Crash,11/04/2023 03:06:00 AM,HAYWOOD DR,NA,SAME DIR REAR END,Clear,DRY,Medium,NO CONTROLS,NONE DETECTED,Yes,No Apparent Injury,N/A,UNKNOWN,MD,PASSENGER CAR,UNKNOWN,20,Unknown,2002,TOYOTA,TK,39.02609859,-77.05198189,2023,11,3
230064314,Property Damage Crash,11/04/2023 02:51:00 AM,BEL PRE RD,NA,OPPOSITE DIRECTION SIDESWIPE,Clear,DRY,Medium,NO CONTROLS,NONE DETECTED,No,No Apparent Injury,N/A,NOT DISTRACTED,MD,PASSENGER CAR,MOVING CONSTANT SPEED,25,No,2018,NISSAN,SENTRA,39.09333333,-77.08742333,2023,11,2
230064314,Property Damage Crash,11/04/2023 02:51:00 AM,BEL PRE RD,NA,OPPOSITE DIRECTION SIDESWIPE,Clear,DRY,Medium,NO CONTROLS,NONE DETECTED,Yes,No Apparent Injury,N/A,NOT DISTRACTED,MD,PICKUP TRUCK,MOVING CONSTANT SPEED,25,No,2009,TOYOTA,TACOMA,39.09333333,-77.08742333,2023,11,2
230064455,Injury Crash,11/04/2023 02:15:00 AM,GARDINER AVE,NA,SAME DIR REAR END,Clear,DRY,Medium,NO CONTROLS,ALCOHOL PRESENT,Yes,Possible Minor Injury,N/A,UNKNOWN,MD,PASSENGER CAR,MOVING CONSTANT SPEED,35,No,2002,TOYOTA,TACOMA,39.02656651,-77.04910224,2023,11,2
230064453,Injury Crash,11/04/2023 02:15:00 AM,FINCH ST,NA,SAME DIR REAR END,Clear,DRY,Medium,NO CONTROLS,ALCOHOL PRESENT,Yes,Possible Minor Injury,N/A,UNKNOWN,MD,PASSENGER CAR,MOVING CONSTANT SPEED,35,No,2002,TOYOTA,TACOMA,39.02708174,-77.05556464,2023,11,2
230064313,Injury Crash,11/04/2023 02:15:00 AM,DOUGLAS AVE,NA,SAME DIR REAR END,Clear,DRY,Medium,NO CONTROLS,NONE DETECTED,Yes,Possible Minor Injury,N/A,UNKNOWN,MD,PASSENGER CAR,MOVING CONSTANT SPEED,35,No,2002,TOYOTA,TACOMA,39.02445159,-77.04695325,2023,11,2
230064298,Property Damage Crash,11/03/2023 11:00:00 PM,MONTGOMERY VILLAGE AVE,NA,SINGLE VEHICLE,Clear,DRY,Medium,TRAFFIC SIGNAL,NONE DETECTED,Yes,No Apparent Injury,N/A,NOT DISTRACTED,MD,PASSENGER CAR,MAKING LEFT TURN,35,No,2014,HONDA,CIVIC,39.159065,-77.21893333,2023,11,23
230064292,Property Damage Crash,11/03/2023 10:30:00 PM,NORTHAMPTON DR,NA,SAME DIRECTION SIDESWIPE,Clear,DRY,Medium,NO CONTROLS,NONE DETECTED,Yes,No Apparent Injury,N/A,NOT DISTRACTED,MD,PASSENGER CAR,PARKING,15,No,2004,GMC,ENVOY,39.02519564,-77.00308271,2023,11,22
230064294,Property Damage Crash,11/03/2023 10:29:00 PM,COLESVILLE RD,NA,STRAIGHT MOVEMENT ANGLE,Clear,DRY,Medium,STOP SIGN,ALCOHOL PRESENT,Yes,No Apparent Injury,N/A,LOOKED BUT DID NOT SEE,MD,VAN,MOVING CONSTANT SPEED,35,No,2018,FORD,VAN,39.02141167,-77.012095,2023,11,22
230064294,Property Damage Crash,11/03/2023 10:29:00 PM,COLESVILLE RD,NA,STRAIGHT MOVEMENT ANGLE,Clear,DRY,Medium,STOP SIGN,NONE DETECTED,No,No Apparent Injury,N/A,NOT DISTRACTED,MD,(SPORT) UTILITY VEHICLE,MOVING CONSTANT SPEED,35,No,2019,DODG,UT,39.02141167,-77.012095,2023,11,22
230064295,Property Damage Crash,11/03/2023 10:18:00 PM,MUDDY BRANCH RD,NA,SINGLE VEHICLE,Clear,DRY,Medium,NO CONTROLS,ALCOHOL PRESENT,Yes,No Apparent Injury,N/A,UNKNOWN,MD,PICKUP TRUCK,MAKING RIGHT TURN,40,No,2019,DODGE,RAM 2500,39.1400367,-77.2051794,2023,11,22
230064285,Property Damage Crash,11/03/2023 09:01:00 PM,BRADLEY LA,NA,SAME DIR REAR END,Clear,DRY,Medium,TRAFFIC SIGNAL,NONE DETECTED,Yes,No Apparent Injury,N/A,NOT DISTRACTED,MD,PASSENGER CAR,MOVING CONSTANT SPEED,25,No,2022,TOYT,COROLLA,38.97669909,-77.0781336,2023,11,21
230064285,Property Damage Crash,11/03/2023 09:01:00 PM,BRADLEY LA,NA,SAME DIR REAR END,Clear,DRY,Medium,TRAFFIC SIGNAL,NONE DETECTED,No,No Apparent Injury,N/A,NOT DISTRACTED,NY,PASSENGER CAR,MOVING CONSTANT SPEED,25,No,2009,HYUNDAI,SONATA,38.97669909,-77.0781336,2023,11,21
230064251,Property Damage Crash,11/03/2023 05:50:00 PM,VEIRS MILL RD,NA,SAME DIR REAR END,Clear,DRY,Daylight,TRAFFIC SIGNAL,NONE DETECTED,No,No Apparent Injury,N/A,NOT DISTRACTED,MD,PASSENGER CAR,STOPPED IN TRAFFIC LANE,35,No,2014,TOYT,4S,39.07500015,-77.11571313,2023,11,17
230064251,Property Damage Crash,11/03/2023 05:50:00 PM,VEIRS MILL RD,NA,SAME DIR REAR END,Clear,DRY,Daylight,TRAFFIC SIGNAL,NONE DETECTED,Yes,No Apparent Injury,N/A,UNKNOWN,MD,PASSENGER CAR,SLOWING OR STOPPING,35,No,2016,AUDI,TK,39.07500015,-77.11571313,2023,11,17
230064246,Injury Crash,11/03/2023 05:15:00 PM,WISCONSIN AVE,PEDESTRIAN,OPPOSITE DIRECTION SIDESWIPE,Clear,DRY,Daylight,TRAFFIC SIGNAL,NONE DETECTED,Yes,No Apparent Injury,N/A,LOOKED BUT DID NOT SEE,MD,PASSENGER CAR,MAKING U TURN,35,No,2021,TOY,RAV4,38.976962,-77.09091333,2023,11,17
230064222,Property Damage Crash,11/03/2023 03:40:00 PM,ROCKVILLE PIKE,NA,OTHER,Clear,DRY,Daylight,TRAFFIC SIGNAL,NONE DETECTED,Yes,No Apparent Injury,N/A,LOOKED BUT DID NOT SEE,MD,PASSENGER CAR,CHANGING LANES,45,No,2017,ISU,TRUCK,39.02254817,-77.10284383,2023,11,15
230064222,Property Damage Crash,11/03/2023 03:40:00 PM,ROCKVILLE PIKE,NA,OTHER,Clear,DRY,Daylight,TRAFFIC SIGNAL,NONE DETECTED,No,No Apparent Injury,N/A,NOT DISTRACTED,VA,PASSENGER CAR,SLOWING OR STOPPING,45,No,2020,TOYOTA,COROLLA,39.02254817,-77.10284383,2023,11,15
230064222,Property Damage Crash,11/03/2023 03:40:00 PM,ROCKVILLE PIKE,NA,OTHER,Clear,DRY,Daylight,TRAFFIC SIGNAL,NONE DETECTED,No,No Apparent Injury,N/A,NOT DISTRACTED,MD,PASSENGER CAR,SLOWING OR STOPPING,45,No,2016,KIA,SEDONA,39.02254817,-77.10284383,2023,11,15
230064226,Property Damage Crash,11/03/2023 03:28:00 PM,COLESVILLE RD,NA,SAME DIRECTION SIDESWIPE,Clear,DRY,Daylight,NO CONTROLS,NONE DETECTED,No,No Apparent Injury,N/A,NOT DISTRACTED,MD,PASSENGER CAR,MOVING CONSTANT SPEED,30,No,2019,TOYT,4S,38.99894,-77.02598167,2023,11,15
230064226,Property Damage Crash,11/03/2023 03:28:00 PM,COLESVILLE RD,NA,SAME DIRECTION SIDESWIPE,Clear,DRY,Daylight,NO CONTROLS,NONE DETECTED,Yes,No Apparent Injury,N/A,LOOKED BUT DID NOT SEE,MD,PASSENGER CAR,CHANGING LANES,30,No,2009,GILL,HY,38.99894,-77.02598167,2023,11,15
230064209,Property Damage Crash,11/03/2023 03:11:00 PM,CHARLES RD,NA,SAME DIR REAR END,Clear,DRY,Daylight,NO CONTROLS,NONE DETECTED,Yes,No Apparent Injury,N/A,OTHER CELLULAR PHONE RELATED,MD,PASSENGER CAR,PARKED,25,No,2008,HONDA,ACCORD,39.05183197,-77.08413403,2023,11,15
230064209,Property Damage Crash,11/03/2023 03:11:00 PM,CHARLES RD,NA,SAME DIR REAR END,Clear,DRY,Daylight,NO CONTROLS,NONE DETECTED,No,No Apparent Injury,N/A,NOT DISTRACTED,MD,PASSENGER CAR,SLOWING OR STOPPING,25,No,2017,TOYOTA,COROLLA,39.05183197,-77.08413403,2023,11,15
230064207,Property Damage Crash,11/03/2023 02:57:00 PM,NA,NA,OPPOSITE DIRECTION SIDESWIPE,Clear,NA,Daylight,NO CONTROLS,NONE DETECTED,Yes,No Apparent Injury,N/A,NOT DISTRACTED,MD,SCHOOL BUS,PASSING,25,No,2018,FRHT,BUS,39.22705419,-77.24215183,2023,11,14
230064216,Property Damage Crash,11/03/2023 02:55:00 PM,ROLLINS AVE,NA,OTHER,Clear,DRY,Daylight,N/A,NONE DETECTED,Yes,No Apparent Injury,N/A,LOOKED BUT DID NOT SEE,PA,FIRE VEHICLE/EMERGENCY,MOVING CONSTANT SPEED,30,No,2019,PIRC,TK,39.05882483,-77.12176225,2023,11,14
230064216,Property Damage Crash,11/03/2023 02:55:00 PM,ROLLINS AVE,NA,OTHER,Clear,DRY,Daylight,N/A,NONE DETECTED,No,No Apparent Injury,N/A,NOT DISTRACTED,DC,PASSENGER CAR,STOPPED IN TRAFFIC LANE,30,No,2019,KIA,OPTIMA,39.05882483,-77.12176225,2023,11,14
230064198,Injury Crash,11/03/2023 02:53:00 PM,VEIRS MILL RD,NA,STRAIGHT MOVEMENT ANGLE,Clear,DRY,Daylight,TRAFFIC SIGNAL,NONE DETECTED,Yes,No Apparent Injury,N/A,UNKNOWN,MD,PASSENGER CAR,MAKING LEFT TURN,35,No,2021,HONDA,CR-V,39.07507983,-77.11558417,2023,11,14
230064198,Injury Crash,11/03/2023 02:53:00 PM,VEIRS MILL RD,NA,STRAIGHT MOVEMENT ANGLE,Clear,DRY,Daylight,TRAFFIC SIGNAL,NONE DETECTED,No,Possible Minor Injury,N/A,NOT DISTRACTED,MD,PASSENGER CAR,MOVING CONSTANT SPEED,35,No,2015,HONDA,CRV,39.07507983,-77.11558417,2023,11,14
230064198,Injury Crash,11/03/2023 02:53:00 PM,VEIRS MILL RD,NA,STRAIGHT MOVEMENT ANGLE,Clear,DRY,Daylight,TRAFFIC SIGNAL,NONE DETECTED,No,No Apparent Injury,N/A,NOT DISTRACTED,MD,PASSENGER CAR,STOPPED IN TRAFFIC LANE,20,No,2000,TOYT,4S,39.07507983,-77.11558417,2023,11,14
230064214,Property Damage Crash,11/03/2023 02:43:00 PM,NA,NA,SAME DIR REAR END,Clear,NA,Daylight,NO CONTROLS,NONE DETECTED,No,No Apparent Injury,N/A,NOT DISTRACTED,MD,(SPORT) UTILITY VEHICLE,STOPPED IN TRAFFIC LANE,10,No,2022,CHRY,TK,39.0878,-76.9475,2023,11,14
230064214,Property Damage Crash,11/03/2023 02:43:00 PM,NA,NA,SAME DIR REAR END,Clear,NA,Daylight,NO CONTROLS,NONE DETECTED,Yes,No Apparent Injury,N/A,UNKNOWN,NA,(SPORT) UTILITY VEHICLE,UNKNOWN,10,No,2016,HONDA,TK,39.0878,-76.9475,2023,11,14
230064191,Property Damage Crash,11/03/2023 01:59:00 PM,E JEFFERSON ST,NA,STRAIGHT MOVEMENT ANGLE,Clear,DRY,Daylight,NO CONTROLS,NONE DETECTED,Yes,No Apparent Injury,N/A,NOT DISTRACTED,MD,PASSENGER CAR,MAKING LEFT TURN,30,No,2009,HONDA,PILOT,39.055333,-77.12603217,2023,11,13
230064191,Property Damage Crash,11/03/2023 01:59:00 PM,E JEFFERSON ST,NA,STRAIGHT MOVEMENT ANGLE,Clear,DRY,Daylight,NO CONTROLS,NONE DETECTED,No,No Apparent Injury,N/A,NOT DISTRACTED,MD,PASSENGER CAR,MOVING CONSTANT SPEED,30,No,2011,KIA,SORENTO,39.055333,-77.12603217,2023,11,13
230064193,Property Damage Crash,11/03/2023 01:20:00 PM,NEW HAMPSHIRE AVE,NA,SINGLE VEHICLE,Cloudy,DRY,Daylight,NO CONTROLS,NONE DETECTED,No,No Apparent Injury,N/A,NOT DISTRACTED,MD,POLICE VEHICLE/NON EMERGENCY,MOVING CONSTANT SPEED,35,No,2018,DODGE,CHARGER,39.02567248,-76.98050524,2023,11,13
230064172,Injury Crash,11/03/2023 12:19:00 PM,BRADLEY BLVD,NA,SAME DIRECTION SIDESWIPE,Clear,DRY,Daylight,TRAFFIC SIGNAL,NONE DETECTED,No,No Apparent Injury,N/A,NOT DISTRACTED,MD,TRUCK TRACTOR,MAKING LEFT TURN,30,No,1981,KENW,TT,38.97794683,-77.09904883,2023,11,12
230064172,Injury Crash,11/03/2023 12:19:00 PM,BRADLEY BLVD,NA,SAME DIRECTION SIDESWIPE,Clear,DRY,Daylight,TRAFFIC SIGNAL,NONE DETECTED,Yes,No Apparent Injury,N/A,NOT DISTRACTED,DC,PASSENGER CAR,MAKING LEFT TURN,30,No,2023,HONDA,CIVIC,38.97794683,-77.09904883,2023,11,12
230063965,Injury Crash,11/03/2023 12:06:00 PM,PARKLAWN DR,NA,SAME DIR REAR END,Clear,DRY,Daylight,TRAFFIC SIGNAL,NONE DETECTED,No,Possible Minor Injury,N/A,NOT DISTRACTED,MD,PASSENGER CAR,SLOWING OR STOPPING,30,No,2006,HONDA,VN,39.06173464,-77.11574439,2023,11,12
230063965,Injury Crash,11/03/2023 12:06:00 PM,PARKLAWN DR,NA,SAME DIR REAR END,Clear,DRY,Daylight,TRAFFIC SIGNAL,NONE DETECTED,Yes,No Apparent Injury,N/A,LOOKED BUT DID NOT SEE,MD,PASSENGER CAR,SLOWING OR STOPPING,30,No,2009,TOYOA,HB,39.06173464,-77.11574439,2023,11,12
230064162,Property Damage Crash,11/03/2023 11:55:00 AM,BANK ST,NA,STRAIGHT MOVEMENT ANGLE,Clear,DRY,Daylight,STOP SIGN,NONE DETECTED,No,No Apparent Injury,N/A,NOT DISTRACTED,MD,PASSENGER CAR,MOVING CONSTANT SPEED,30,No,2015,TOYT,RAV4,39.14025617,-77.22237967,2023,11,11
230064162,Property Damage Crash,11/03/2023 11:55:00 AM,BANK ST,NA,STRAIGHT MOVEMENT ANGLE,Clear,DRY,Daylight,STOP SIGN,NONE DETECTED,Yes,No Apparent Injury,N/A,UNKNOWN,MD,PASSENGER CAR,MAKING LEFT TURN,30,No,2019,TOYT,CAMRY,39.14025617,-77.22237967,2023,11,11
230064378,Property Damage Crash,11/03/2023 11:00:00 AM,FARM HAVEN DR,NA,OTHER,Clear,DRY,Daylight,N/A,NONE DETECTED,No,No Apparent Injury,N/A,NOT DISTRACTED,NA,VAN,PARKED,15,Unknown,2007,FORD,VAN,39.05906407,-77.14290413,2023,11,11
230064378,Property Damage Crash,11/03/2023 11:00:00 AM,FARM HAVEN DR,NA,OTHER,Clear,DRY,Daylight,N/A,NONE DETECTED,Yes,No Apparent Injury,N/A,LOOKED BUT DID NOT SEE,FL,PASSENGER CAR,BACKING,5,No,2013,JAGUAR,4D,39.05906407,-77.14290413,2023,11,11
230064128,Property Damage Crash,11/03/2023 08:58:00 AM,WELLER RD,NA,SAME DIRECTION SIDESWIPE,Clear,DRY,Daylight,N/A,NONE DETECTED,No,No Apparent Injury,N/A,NOT DISTRACTED,MD,TRANSIT BUS,MOVING CONSTANT SPEED,25,No,2015,GILG,TRANSIT BUS,39.06472583,-77.06625967,2023,11,8
230064128,Property Damage Crash,11/03/2023 08:58:00 AM,WELLER RD,NA,SAME DIRECTION SIDESWIPE,Clear,DRY,Daylight,N/A,NONE DETECTED,Yes,No Apparent Injury,N/A,LOOKED BUT DID NOT SEE,MD,PASSENGER CAR,PARKING,25,No,2015,TOYTA,SIENNA,39.06472583,-77.06625967,2023,11,8
230063018,Property Damage Crash,11/03/2023 08:00:00 AM,BLACKPOOL RD,NA,OTHER,Clear,DRY,Daylight,NO CONTROLS,NONE DETECTED,Yes,No Apparent Injury,N/A,UNKNOWN,NA,VAN,BACKING,25,No,2006,CHEV,EXPRESS,39.0870149,-77.08255791,2023,11,8
230064153,Property Damage Crash,11/03/2023 08:00:00 AM,EAST WEST HWY (W/B COUPLET),NA,STRAIGHT MOVEMENT ANGLE,Clear,DRY,Daylight,TRAFFIC SIGNAL,NONE DETECTED,No,No Apparent Injury,N/A,NOT DISTRACTED,NA,(SPORT) UTILITY VEHICLE,SLOWING OR STOPPING,25,No,2016,SUBARU,FORESTER,38.9851293,-77.09036357,2023,11,8
230064153,Property Damage Crash,11/03/2023 08:00:00 AM,EAST WEST HWY (W/B COUPLET),NA,STRAIGHT MOVEMENT ANGLE,Clear,DRY,Daylight,TRAFFIC SIGNAL,NONE DETECTED,Yes,No Apparent Injury,N/A,NOT DISTRACTED,US,(SPORT) UTILITY VEHICLE,STARTING FROM LANE,25,No,2021,VOLKSWAGEN,TIGUAN,38.9851293,-77.09036357,2023,11,8
230064106,Property Damage Crash,11/03/2023 06:46:00 AM,CONNECTICUT AVE,NA,SAME DIRECTION SIDESWIPE,Clear,DRY,Medium,NO CONTROLS,NONE DETECTED,No,No Apparent Injury,N/A,NOT DISTRACTED,MD,(SPORT) UTILITY VEHICLE,MOVING CONSTANT SPEED,30,No,2010,HONDA,CRV,39.03189437,-77.07470031,2023,11,6
230064106,Property Damage Crash,11/03/2023 06:46:00 AM,CONNECTICUT AVE,NA,SAME DIRECTION SIDESWIPE,Clear,DRY,Medium,NO CONTROLS,NONE DETECTED,Yes,No Apparent Injury,N/A,UNKNOWN,NA,PICKUP TRUCK,CHANGING LANES,30,No,2008,TOYOTA,TK,39.03189437,-77.07470031,2023,11,6
230064104,Injury Crash,11/03/2023 06:45:00 AM,CALVERTON BLVD,NA,STRAIGHT MOVEMENT ANGLE,Clear,DRY,Medium,TRAFFIC SIGNAL,NONE DETECTED,Yes,Possible Minor Injury,N/A,UNKNOWN,MD,PASSENGER CAR,MOVING CONSTANT SPEED,30,No,2002,TOYT,SIENNA,39.056115,-76.95455167,2023,11,6
230064104,Injury Crash,11/03/2023 06:45:00 AM,CALVERTON BLVD,NA,STRAIGHT MOVEMENT ANGLE,Clear,DRY,Medium,TRAFFIC SIGNAL,NONE DETECTED,Yes,No Apparent Injury,N/A,UNKNOWN,MD,PICKUP TRUCK,ACCELERATING,30,No,2004,FORD,F350,39.056115,-76.95455167,2023,11,6
230064099,Property Damage Crash,11/03/2023 05:51:00 AM,OLNEY LAYTONSVILLE RD,NA,SINGLE VEHICLE,Clear,DRY,Medium,TRAFFIC SIGNAL,NONE DETECTED,Yes,No Apparent Injury,N/A,LOOKED BUT DID NOT SEE,MD,PASSENGER CAR,MOVING CONSTANT SPEED,35,No,2017,NISSAN,ALTIMA,39.15352167,-77.067815,2023,11,5
230064098,Property Damage Crash,11/03/2023 05:45:00 AM,COLESVILLE RD,NA,SAME DIR REAR END,Clear,DRY,Medium,NO CONTROLS,NONE DETECTED,No,No Apparent Injury,N/A,NOT DISTRACTED,VA,PASSENGER CAR,MOVING CONSTANT SPEED,35,No,2007,NISSAN,ALTIMA,39.02444602,-77.01111258,2023,11,5
230064098,Property Damage Crash,11/03/2023 05:45:00 AM,COLESVILLE RD,NA,SAME DIR REAR END,Clear,DRY,Medium,NO CONTROLS,NONE DETECTED,Yes,No Apparent Injury,N/A,NOT DISTRACTED,MD,PASSENGER CAR,MOVING CONSTANT SPEED,35,No,2020,HONDA,ACCORD,39.02444602,-77.01111258,2023,11,5
230064098,Property Damage Crash,11/03/2023 05:45:00 AM,COLESVILLE RD,NA,SAME DIR REAR END,Clear,DRY,Medium,NO CONTROLS,NONE DETECTED,No,No Apparent Injury,N/A,NOT DISTRACTED,DC,PASSENGER CAR,MOVING CONSTANT SPEED,35,No,2023,TOYOTA,RAV 4,39.02444602,-77.01111258,2023,11,5
230064095,Property Damage Crash,11/03/2023 05:06:00 AM,COLESVILLE RD,NA,SAME DIR REAR END,Clear,DRY,Medium,N/A,NONE DETECTED,Yes,No Apparent Injury,N/A,NOT DISTRACTED,MD,PASSENGER CAR,SLOWING OR STOPPING,40,No,2009,HONDA,CIVIC,39.02410182,-77.01134455,2023,11,5
230064095,Property Damage Crash,11/03/2023 05:06:00 AM,COLESVILLE RD,NA,SAME DIR REAR END,Clear,DRY,Medium,N/A,NONE DETECTED,No,No Apparent Injury,N/A,NOT DISTRACTED,MD,PASSENGER CAR,SLOWING OR STOPPING,40,No,2016,TOYOTA,CAMRY,39.02410182,-77.01134455,2023,11,5
230064839,Property Damage Crash,11/03/2023 03:15:00 AM,COLUMBIA PIKE,NA,OTHER,Clear,DRY,Dark,TRAFFIC SIGNAL,NONE DETECTED,No,No Apparent Injury,N/A,NOT DISTRACTED,MD,POLICE VEHICLE/NON EMERGENCY,SLOWING OR STOPPING,55,No,2018,FORD,INTERCEPTOR,39.09215517,-77.06908817,2023,11,3
230064091,Property Damage Crash,11/03/2023 12:50:00 AM,CEDAR ST,NA,HEAD ON,Clear,DRY,Medium,TRAFFIC SIGNAL,NONE DETECTED,Yes,No Apparent Injury,N/A,TALKING OR LISTENING TO CELLULAR PHONE,MD,PASSENGER CAR,MAKING RIGHT TURN,20,No,2012,CHEVROLET,VOLT,38.99696167,-77.02168643,2023,11,0
230064087,Injury Crash,11/03/2023 12:12:00 AM,FREDERICK RD,NA,STRAIGHT MOVEMENT ANGLE,Clear,DRY,Medium,TRAFFIC SIGNAL,NONE DETECTED,Yes,No Apparent Injury,N/A,LOOKED BUT DID NOT SEE,MD,PASSENGER CAR,MOVING CONSTANT SPEED,40,No,2019,TOYOTA,CAMRY,39.18126822,-77.23839943,2023,11,0
230064087,Injury Crash,11/03/2023 12:12:00 AM,FREDERICK RD,NA,STRAIGHT MOVEMENT ANGLE,Clear,DRY,Medium,TRAFFIC SIGNAL,NONE DETECTED,No,No Apparent Injury,N/A,NOT DISTRACTED,MD,PASSENGER CAR,STARTING FROM LANE,40,No,2018,HONDA,CRV,39.18126822,-77.23839943,2023,11,0
230064086,Property Damage Crash,11/02/2023 11:00:00 PM,LOCKWOOD DR,NA,SAME DIR REAR END,Clear,DRY,Medium,NO CONTROLS,NONE DETECTED,No,No Apparent Injury,N/A,NOT DISTRACTED,MD,TRANSIT BUS,PARKED,15,No,2013,TBU,MFWL,39.04030156,-76.98902727,2023,11,23
230064086,Property Damage Crash,11/02/2023 11:00:00 PM,LOCKWOOD DR,NA,SAME DIR REAR END,Clear,DRY,Medium,NO CONTROLS,NONE DETECTED,Yes,No Apparent Injury,N/A,UNKNOWN,NA,UNKNOWN,MAKING RIGHT TURN,15,No,0,UNKNOWN,UNKNOWN,39.04030156,-76.98902727,2023,11,23
230064084,Property Damage Crash,11/02/2023 11:00:00 PM,NEW HAMPSHIRE AVE,NA,OTHER,Clear,DRY,Medium,NO CONTROLS,NONE DETECTED,No,No Apparent Injury,"ANIMAL, N/A",NOT DISTRACTED,MD,POLICE VEHICLE/NON EMERGENCY,MOVING CONSTANT SPEED,35,No,2014,DODGE,CHARGER,39.02640883,-76.98140983,2023,11,23
230064079,Injury Crash,11/02/2023 09:56:00 PM,OLD COLUMBIA PIKE,NA,SINGLE VEHICLE,Clear,DRY,Medium,N/A,NONE DETECTED,Yes,Possible Minor Injury,N/A,UNKNOWN,MD,VAN,MOVING CONSTANT SPEED,35,No,2014,CHEVROLET,EXPRESS,39.08084783,-76.95456967,2023,11,21
230064082,Property Damage Crash,11/02/2023 08:41:00 PM,NA,NA,OTHER,Clear,NA,Medium,NO CONTROLS,NONE DETECTED,Yes,No Apparent Injury,N/A,UNKNOWN,NA,PASSENGER CAR,OTHER,10,No,1999,HONDA,UT,38.9969458,-77.03083535,2023,11,20
230064066,Property Damage Crash,11/02/2023 07:54:00 PM,FREDERICK RD,NA,HEAD ON LEFT TURN,Clear,DRY,Medium,TRAFFIC SIGNAL,NONE DETECTED,Yes,No Apparent Injury,N/A,UNKNOWN,CA,PASSENGER CAR,MAKING LEFT TURN,40,No,2023,TESL,3,39.1558589,-77.21603935,2023,11,19
230064066,Property Damage Crash,11/02/2023 07:54:00 PM,FREDERICK RD,NA,HEAD ON LEFT TURN,Clear,DRY,Medium,TRAFFIC SIGNAL,NONE DETECTED,No,No Apparent Injury,N/A,NOT DISTRACTED,MD,(SPORT) UTILITY VEHICLE,MOVING CONSTANT SPEED,40,No,2023,FORD,UT,39.1558589,-77.21603935,2023,11,19
230064061,Property Damage Crash,11/02/2023 07:11:00 PM,WIGHTMAN RD,NA,SAME DIRECTION LEFT TURN,Clear,DRY,Dark,N/A,NONE DETECTED,No,No Apparent Injury,N/A,NOT DISTRACTED,MD,PICKUP TRUCK,MOVING CONSTANT SPEED,30,No,2011,DODG,DAKOTA,39.19912111,-77.20245938,2023,11,19
230064061,Property Damage Crash,11/02/2023 07:11:00 PM,WIGHTMAN RD,NA,SAME DIRECTION LEFT TURN,Clear,DRY,Dark,N/A,NONE DETECTED,Yes,No Apparent Injury,N/A,OTHER DISTRACTION,MD,PASSENGER CAR,OTHER,30,No,2013,TOYT,COROLLA,39.19912111,-77.20245938,2023,11,19
230064058,Property Damage Crash,11/02/2023 06:56:00 PM,PINEY BRANCH RD,NA,SAME DIR REND LEFT TURN,Clear,DRY,Medium,TRAFFIC SIGNAL,NONE DETECTED,No,No Apparent Injury,N/A,NOT DISTRACTED,DC,PASSENGER CAR,STOPPED IN TRAFFIC LANE,35,No,2010,HONDA,CRV,38.9958702,-77.00601348,2023,11,18
230064058,Property Damage Crash,11/02/2023 06:56:00 PM,PINEY BRANCH RD,NA,SAME DIR REND LEFT TURN,Clear,DRY,Medium,TRAFFIC SIGNAL,NONE DETECTED,Yes,No Apparent Injury,N/A,UNKNOWN,NA,PASSENGER CAR,CHANGING LANES,35,No,2004,MAZDA,TRIBUTE,38.9958702,-77.00601348,2023,11,18
230064054,Property Damage Crash,11/02/2023 06:41:00 PM,PRINCE PHILIP DR,NA,HEAD ON LEFT TURN,Clear,DRY,Medium,NO CONTROLS,NONE DETECTED,No,No Apparent Injury,N/A,NOT DISTRACTED,MD,(SPORT) UTILITY VEHICLE,MOVING CONSTANT SPEED,30,No,2020,TOYT,UT,39.15283667,-77.05671167,2023,11,18
230064054,Property Damage Crash,11/02/2023 06:41:00 PM,PRINCE PHILIP DR,NA,HEAD ON LEFT TURN,Clear,DRY,Medium,NO CONTROLS,NONE DETECTED,Yes,No Apparent Injury,N/A,NOT DISTRACTED,MD,PASSENGER CAR,MAKING LEFT TURN,30,No,2023,TESLA,4D,39.15283667,-77.05671167,2023,11,18
230064056,Property Damage Crash,11/02/2023 06:34:00 PM,BALTIMORE RD,NA,SINGLE VEHICLE,Clear,DRY,Medium,N/A,NONE DETECTED,No,No Apparent Injury,"ANIMAL, N/A",NOT DISTRACTED,MD,PASSENGER CAR,MOVING CONSTANT SPEED,25,No,2013,TOYT,PRIUS,39.09368328,-77.11328677,2023,11,18
230064044,Property Damage Crash,11/02/2023 06:21:00 PM,GOSHEN RD,NA,SAME DIR REAR END,Clear,DRY,Medium,TRAFFIC SIGNAL,NONE DETECTED,No,No Apparent Injury,N/A,NOT DISTRACTED,MD,PASSENGER CAR,SLOWING OR STOPPING,35,No,2023,TESL,UT,39.159655,-77.18864333,2023,11,18
230064044,Property Damage Crash,11/02/2023 06:21:00 PM,GOSHEN RD,NA,SAME DIR REAR END,Clear,DRY,Medium,TRAFFIC SIGNAL,NONE DETECTED,Yes,No Apparent Injury,N/A,TALKING OR LISTENING TO CELLULAR PHONE,MD,PASSENGER CAR,SLOWING OR STOPPING,35,No,2010,HOND,CIVIC,39.159655,-77.18864333,2023,11,18
230064040,Property Damage Crash,11/02/2023 05:48:00 PM,BRIGGS CHANEY RD,NA,SAME DIR REAR END,Clear,DRY,Daylight,TRAFFIC SIGNAL,NONE DETECTED,No,No Apparent Injury,N/A,NOT DISTRACTED,MD,PASSENGER CAR,SLOWING OR STOPPING,30,No,2023,KIA,K5,39.08208025,-76.94739791,2023,11,17
230064040,Property Damage Crash,11/02/2023 05:48:00 PM,BRIGGS CHANEY RD,NA,SAME DIR REAR END,Clear,DRY,Daylight,TRAFFIC SIGNAL,NONE DETECTED,Yes,No Apparent Injury,N/A,LOOKED BUT DID NOT SEE,MD,(SPORT) UTILITY VEHICLE,SLOWING OR STOPPING,30,No,2015,DODGE,JOURNEY,39.08208025,-76.94739791,2023,11,17
230064035,Property Damage Crash,11/02/2023 05:40:00 PM,FIRST ST,NA,SAME DIR REAR END,Clear,DRY,Medium,N/A,NONE DETECTED,Yes,No Apparent Injury,N/A,INATTENTIVE OR LOST IN THOUGHT,DC,PASSENGER CAR,MOVING CONSTANT SPEED,25,No,2013,MAZDA,CX-5,39.08329707,-77.13664795,2023,11,17
230064035,Property Damage Crash,11/02/2023 05:40:00 PM,FIRST ST,NA,SAME DIR REAR END,Clear,DRY,Medium,N/A,NONE DETECTED,No,No Apparent Injury,N/A,NOT DISTRACTED,MD,PASSENGER CAR,SLOWING OR STOPPING,25,No,2016,KIA,TK,39.08329707,-77.13664795,2023,11,17
230064031,Property Damage Crash,11/02/2023 04:32:00 PM,E DIAMOND AVENUE,NA,SAME DIR REAR END,Clear,DRY,Daylight,TRAFFIC SIGNAL,NONE DETECTED,No,No Apparent Injury,N/A,NOT DISTRACTED,CA,PASSENGER CAR,STOPPED IN TRAFFIC LANE,25,No,2019,HONDA,HR-V,39.14217568,-77.19345361,2023,11,16