Local Case Number,ACRS Report Type,Crash Date/Time,Road Name,Related Non-Motorist,Collision Type,Weather,Surface Condition,Light,Traffic Control,Driver Substance Abuse,Driver At Fault,Injury Severity,Circumstance,Driver Distracted By,Drivers License State,Vehicle Body Type,Vehicle Movement,Speed Limit,Driverless Vehicle,Vehicle Year,Vehicle Make,Vehicle Model,Latitude,Longitude,Year,Month,Hour
230064031,Property Damage Crash,11/02/2023 04:32:00 PM,E DIAMOND AVENUE,NA,SAME DIR REAR END,Clear,DRY,Daylight,TRAFFIC SIGNAL,NONE DETECTED,Yes,No Apparent Injury,N/A,NOT DISTRACTED,XX,PASSENGER CAR,STARTING FROM PARKED,25,No,2022,TOYT,UT,39.14217568,-77.19345361,2023,11,16
230064024,Injury Crash,11/02/2023 04:25:00 PM,NA,NA,SAME DIRECTION SIDESWIPE,Clear,NA,Medium,STOP SIGN,NONE DETECTED,Yes,No Apparent Injury,N/A,NOT DISTRACTED,MD,(SPORT) UTILITY VEHICLE,MAKING RIGHT TURN,15,No,2020,LEXS,UT,39.09778264,-77.15384045,2023,11,16
230064018,Injury Crash,11/02/2023 04:25:00 PM,NA,"OTHER, PEDESTRIAN",OTHER,Clear,NA,Daylight,NO CONTROLS,NONE DETECTED,Yes,No Apparent Injury,N/A,LOOKED BUT DID NOT SEE,MD,PASSENGER CAR,PARKING,5,No,2002,CHEV,SD,39.15722808,-77.21204947,2023,11,16
230064024,Injury Crash,11/02/2023 04:25:00 PM,NA,NA,SAME DIRECTION SIDESWIPE,Clear,NA,Medium,STOP SIGN,NONE DETECTED,No,Possible Minor Injury,N/A,NOT DISTRACTED,MD,PASSENGER CAR,STARTING FROM PARKED,15,No,2015,MQZDA,4D,39.09778264,-77.15384045,2023,11,16
230064016,Property Damage Crash,11/02/2023 04:00:00 PM,W GUDE DR,NA,SAME DIRECTION RIGHT TURN,Clear,DRY,Daylight,NO CONTROLS,NONE DETECTED,No,No Apparent Injury,N/A,NOT DISTRACTED,MD,PASSENGER CAR,MOVING CONSTANT SPEED,35,No,2015,ACURA,TK,39.10068796,-77.18078635,2023,11,16
230064016,Property Damage Crash,11/02/2023 04:00:00 PM,W GUDE DR,NA,SAME DIRECTION RIGHT TURN,Clear,DRY,Daylight,NO CONTROLS,NONE DETECTED,Yes,No Apparent Injury,N/A,UNKNOWN,MD,PASSENGER CAR,MOVING CONSTANT SPEED,35,No,2008,DODGE,CHARGER,39.10068796,-77.18078635,2023,11,16
230064017,Property Damage Crash,11/02/2023 03:14:00 PM,MUNCASTER MILL RD,NA,SAME DIR REAR END,Clear,DRY,Daylight,NO CONTROLS,NONE DETECTED,Unknown,No Apparent Injury,N/A,NOT DISTRACTED,MD,VAN,STOPPED IN TRAFFIC LANE,35,No,1990,GM,LLV-A,39.14795683,-77.14609383,2023,11,15
230064017,Property Damage Crash,11/02/2023 03:14:00 PM,MUNCASTER MILL RD,NA,SAME DIR REAR END,Clear,DRY,Daylight,NO CONTROLS,NONE DETECTED,Unknown,No Apparent Injury,N/A,UNKNOWN,MD,PICKUP TRUCK,UNKNOWN,35,No,2023,DODGE,1500,39.14795683,-77.14609383,2023,11,15
230063989,Property Damage Crash,11/02/2023 02:24:00 PM,TWINBROOK PKWY,NA,STRAIGHT MOVEMENT ANGLE,Clear,DRY,Daylight,TRAFFIC SIGNAL,NONE DETECTED,No,No Apparent Injury,N/A,NOT DISTRACTED,MD,PASSENGER CAR,MOVING CONSTANT SPEED,40,No,2023,MAZD,CX5,39.07353,-77.11182833,2023,11,14
230063989,Property Damage Crash,11/02/2023 02:24:00 PM,TWINBROOK PKWY,NA,STRAIGHT MOVEMENT ANGLE,Clear,DRY,Daylight,TRAFFIC SIGNAL,NONE DETECTED,Yes,No Apparent Injury,N/A,NOT DISTRACTED,MD,PASSENGER CAR,MOVING CONSTANT SPEED,40,No,2010,FORD,4S,39.07353,-77.11182833,2023,11,14
230063989,Property Damage Crash,11/02/2023 02:24:00 PM,TWINBROOK PKWY,NA,STRAIGHT MOVEMENT ANGLE,Clear,DRY,Daylight,TRAFFIC SIGNAL,NONE DETECTED,No,No Apparent Injury,N/A,NOT DISTRACTED,MD,PASSENGER CAR,STOPPED IN TRAFFIC LANE,40,No,2023,HYUN,SUV,39.07353,-77.11182833,2023,11,14
230063987,Property Damage Crash,11/02/2023 02:20:00 PM,RIDGE RD,NA,STRAIGHT MOVEMENT ANGLE,Clear,DRY,Daylight,TRAFFIC SIGNAL,NONE DETECTED,Yes,No Apparent Injury,N/A,NOT DISTRACTED,MD,(SPORT) UTILITY VEHICLE,MOVING CONSTANT SPEED,30,No,2021,SUBA,CROSSTREK,39.29024838,-77.20497679,2023,11,14
230063987,Property Damage Crash,11/02/2023 02:20:00 PM,RIDGE RD,NA,STRAIGHT MOVEMENT ANGLE,Clear,DRY,Daylight,TRAFFIC SIGNAL,NONE DETECTED,No,No Apparent Injury,N/A,NOT DISTRACTED,MD,(SPORT) UTILITY VEHICLE,ACCELERATING,30,No,2020,JEEP,GRAND CHEROKEE,39.29024838,-77.20497679,2023,11,14
230065043,Property Damage Crash,11/02/2023 02:10:00 PM,FREDERICK RD,NA,SINGLE VEHICLE,Clear,DRY,Daylight,TRAFFIC SIGNAL,NONE DETECTED,Yes,No Apparent Injury,N/A,NOT DISTRACTED,MD,PICKUP TRUCK,STARTING FROM PARKED,35,No,2020,FORD,F550,39.23756199,-77.27799684,2023,11,14
230063970,Property Damage Crash,11/02/2023 01:06:00 PM,NEW HAMPSHIRE AVE,NA,STRAIGHT MOVEMENT ANGLE,Clear,DRY,Daylight,TRAFFIC SIGNAL,NONE DETECTED,Unknown,No Apparent Injury,N/A,NOT DISTRACTED,MD,(SPORT) UTILITY VEHICLE,MOVING CONSTANT SPEED,40,No,2004,LEXS,4H,39.02038484,-76.97667321,2023,11,13
230063970,Property Damage Crash,11/02/2023 01:06:00 PM,NEW HAMPSHIRE AVE,NA,STRAIGHT MOVEMENT ANGLE,Clear,DRY,Daylight,TRAFFIC SIGNAL,NONE DETECTED,Unknown,No Apparent Injury,N/A,LOOKED BUT DID NOT SEE,MD,PASSENGER CAR,MOVING CONSTANT SPEED,40,No,2017,HOND,SD,39.02038484,-76.97667321,2023,11,13
230063974,Property Damage Crash,11/02/2023 12:58:00 PM,PINEY BRANCH RD,NA,UNKNOWN,Clear,DRY,Daylight,N/A,NONE DETECTED,Unknown,No Apparent Injury,N/A,UNKNOWN,NA,(SPORT) UTILITY VEHICLE,UNKNOWN,15,No,2014,HONDA,CRV,38.9971056,-77.0048874,2023,11,12
230063984,Property Damage Crash,11/02/2023 12:29:00 PM,NA,NA,SINGLE VEHICLE,Clear,NA,Daylight,N/A,NONE DETECTED,Yes,No Apparent Injury,N/A,LOOKED BUT DID NOT SEE,MD,"CARGO VAN/LIGHT TRUCK 2 AXLES (OVER 10,000LBS (4,536 KG))",STARTING FROM PARKED,0,No,2023,FREIGHTLINER,BOX TRUCK,39.1146938,-77.1634014,2023,11,12
230063946,Property Damage Crash,11/02/2023 11:27:00 AM,GEORGIA AVE,NA,SAME DIRECTION SIDESWIPE,Clear,DRY,Daylight,N/A,NONE DETECTED,Unknown,No Apparent Injury,N/A,NOT DISTRACTED,MD,PASSENGER CAR,ACCELERATING,30,No,2019,TOYT,WG,38.99721,-77.02955833,2023,11,11
230063946,Property Damage Crash,11/02/2023 11:27:00 AM,GEORGIA AVE,NA,SAME DIRECTION SIDESWIPE,Clear,DRY,Daylight,N/A,NONE DETECTED,Unknown,No Apparent Injury,N/A,NOT DISTRACTED,WV,TRANSIT BUS,CHANGING LANES,30,No,2013,TBU,BUS,38.99721,-77.02955833,2023,11,11
230063936,Property Damage Crash,11/02/2023 10:30:00 AM,NA,NA,OTHER,Clear,NA,Daylight,NO CONTROLS,NONE DETECTED,Yes,No Apparent Injury,N/A,UNKNOWN,NA,NA,UNKNOWN,5,No,0,UNKNOWN,UNKNOWN,39.023628,-77.1481005,2023,11,10
23002162,Property Damage Crash,11/02/2023 10:15:00 AM,NA,NA,SINGLE VEHICLE,Clear,NA,Daylight,NO CONTROLS,NONE DETECTED,Yes,No Apparent Injury,N/A,LOOKED BUT DID NOT SEE,MD,(SPORT) UTILITY VEHICLE,BACKING,10,No,2015,FORD,EXPLORER,39.05558885,-77.09209941,2023,11,10
230063916,Property Damage Crash,11/02/2023 09:20:00 AM,OLD GEORGETOWN RD,NA,OTHER,Clear,DRY,Daylight,NO CONTROLS,NONE DETECTED,No,No Apparent Injury,N/A,NOT DISTRACTED,CO,PASSENGER CAR,MAKING LEFT TURN,30,No,2008,SUBARU,LEGACY,39.018128,-77.1206015,2023,11,9
230063916,Property Damage Crash,11/02/2023 09:20:00 AM,OLD GEORGETOWN RD,NA,OTHER,Clear,DRY,Daylight,NO CONTROLS,NONE DETECTED,Yes,No Apparent Injury,N/A,UNKNOWN,MD,PASSENGER CAR,MAKING LEFT TURN,30,No,2021,KIA,K5,39.018128,-77.1206015,2023,11,9
230063910,Injury Crash,11/02/2023 08:45:00 AM,TUCKERMAN LA,NA,HEAD ON,Clear,DRY,Daylight,NO CONTROLS,NONE DETECTED,Yes,No Apparent Injury,N/A,INATTENTIVE OR LOST IN THOUGHT,MD,PASSENGER CAR,MOVING CONSTANT SPEED,35,No,2015,LEXS,TK,39.02922385,-77.11097588,2023,11,8
230063910,Injury Crash,11/02/2023 08:45:00 AM,TUCKERMAN LA,NA,HEAD ON,Clear,DRY,Daylight,NO CONTROLS,NONE DETECTED,No,Possible Minor Injury,N/A,NOT DISTRACTED,MD,PASSENGER CAR,MOVING CONSTANT SPEED,35,No,2019,HYUNDAI,4S,39.02922385,-77.11097588,2023,11,8
230063909,Property Damage Crash,11/02/2023 08:36:00 AM,TULIP AVE,NA,SAME DIRECTION LEFT TURN,Clear,DRY,Daylight,STOP SIGN,NONE DETECTED,Unknown,No Apparent Injury,N/A,UNKNOWN,DC,PASSENGER CAR,MAKING LEFT TURN,25,No,2022,TOYOTA,RAV 4,38.9774257,-77.01477033,2023,11,8
230063909,Property Damage Crash,11/02/2023 08:36:00 AM,TULIP AVE,NA,SAME DIRECTION LEFT TURN,Clear,DRY,Daylight,STOP SIGN,NONE DETECTED,Unknown,No Apparent Injury,N/A,NOT DISTRACTED,MD,SCHOOL BUS,MAKING LEFT TURN,15,No,2020,THMS,BU,38.9774257,-77.01477033,2023,11,8
230063925,Property Damage Crash,11/02/2023 08:32:00 AM,ROCKBRIDGE RD,NA,OPPOSITE DIRECTION SIDESWIPE,Clear,DRY,Daylight,NO CONTROLS,NONE DETECTED,No,No Apparent Injury,N/A,NOT DISTRACTED,MD,PASSENGER CAR,SLOWING OR STOPPING,25,No,2019,TOYT,COROLLA,39.04425685,-77.022334420000007,2023,11,8
230063925,Property Damage Crash,11/02/2023 08:32:00 AM,ROCKBRIDGE RD,NA,OPPOSITE DIRECTION SIDESWIPE,Clear,DRY,Daylight,NO CONTROLS,NONE DETECTED,Yes,No Apparent Injury,N/A,UNKNOWN,MD,SCHOOL BUS,MAKING RIGHT TURN,25,No,2024,THOMAS,221TS,39.04425685,-77.022334420000007,2023,11,8
230063890,Injury Crash,11/02/2023 06:58:00 AM,METROPOLITAN GROVE RD,BICYCLIST,STRAIGHT MOVEMENT ANGLE,Clear,DRY,Dark,TRAFFIC SIGNAL,NONE DETECTED,Yes,No Apparent Injury,N/A,NOT DISTRACTED,MD,PASSENGER CAR,MAKING RIGHT TURN,25,No,2009,FORD,F150,39.14615537,-77.22819747,2023,11,6
230063884,Property Damage Crash,11/02/2023 04:40:00 AM,VEIRS MILL RD,NA,STRAIGHT MOVEMENT ANGLE,Clear,DRY,Medium,FLASHING TRAFFIC SIGNAL,NONE DETECTED,No,No Apparent Injury,N/A,NOT DISTRACTED,MD,PASSENGER CAR,MOVING CONSTANT SPEED,35,No,2003,ACURA,MDX,39.07712235,-77.12373246,2023,11,4
230063884,Property Damage Crash,11/02/2023 04:40:00 AM,VEIRS MILL RD,NA,STRAIGHT MOVEMENT ANGLE,Clear,DRY,Medium,FLASHING TRAFFIC SIGNAL,NONE DETECTED,Yes,No Apparent Injury,N/A,LOOKED BUT DID NOT SEE,MD,PASSENGER CAR,ENTERING TRAFFIC LANE,35,No,2022,TOYOTA,PRIUS,39.07712235,-77.12373246,2023,11,4
230063876,Injury Crash,11/01/2023 11:43:00 PM,TAMARACK RD,NA,HEAD ON,Clear,DRY,Medium,TRAFFIC SIGNAL,NONE DETECTED,Yes,Possible Minor Injury,N/A,UNKNOWN,XX,PASSENGER CAR,MOVING CONSTANT SPEED,35,No,2012,HYUNDAI,SONATA,39.06776529,-76.98579541,2023,11,23
230063876,Injury Crash,11/01/2023 11:43:00 PM,TAMARACK RD,NA,HEAD ON,Clear,DRY,Medium,TRAFFIC SIGNAL,NONE DETECTED,No,Possible Minor Injury,N/A,NOT DISTRACTED,MD,PASSENGER CAR,UNKNOWN,35,No,2014,NISSAN,MAXIMA,39.06776529,-76.98579541,2023,11,23
230063875,Property Damage Crash,11/01/2023 11:30:00 PM,HEWITT AVE,NA,SAME DIR REAR END,Clear,DRY,Medium,N/A,NONE DETECTED,Yes,No Apparent Injury,N/A,UNKNOWN,MD,PASSENGER CAR,MOVING CONSTANT SPEED,25,No,2016,HONDA,CRV,39.07986867,-77.06360967,2023,11,23
230063861,Property Damage Crash,11/01/2023 08:50:00 PM,ODENDHAL AVE,NA,SAME DIRECTION RIGHT TURN,Clear,DRY,Medium,TRAFFIC SIGNAL,NONE DETECTED,No,No Apparent Injury,N/A,NOT DISTRACTED,MD,PASSENGER CAR,MOVING CONSTANT SPEED,30,No,2015,TOYOTA,SIENNA,39.1400122,-77.19565108,2023,11,20
230063861,Property Damage Crash,11/01/2023 08:50:00 PM,ODENDHAL AVE,NA,SAME DIRECTION RIGHT TURN,Clear,DRY,Medium,TRAFFIC SIGNAL,NONE DETECTED,Yes,No Apparent Injury,N/A,LOOKED BUT DID NOT SEE,MD,PASSENGER CAR,MOVING CONSTANT SPEED,30,No,2022,JEEP,COMPASS,39.1400122,-77.19565108,2023,11,20
230063854,Property Damage Crash,11/01/2023 08:00:00 PM,GEORGIA AVE,NA,SAME DIRECTION SIDESWIPE,Clear,DRY,Medium,TRAFFIC SIGNAL,NONE DETECTED,Yes,No Apparent Injury,N/A,UNKNOWN,NA,PASSENGER CAR,MAKING LEFT TURN,40,No,2023,HYUNDAI,4 DOOR,39.04187196,-77.05178493,2023,11,20
230063854,Property Damage Crash,11/01/2023 08:00:00 PM,GEORGIA AVE,NA,SAME DIRECTION SIDESWIPE,Clear,DRY,Medium,TRAFFIC SIGNAL,NONE DETECTED,No,No Apparent Injury,N/A,NOT DISTRACTED,MD,PASSENGER CAR,STOPPED IN TRAFFIC LANE,40,No,2018,CHEVROLET,SPARK,39.04187196,-77.05178493,2023,11,20
230063850,Property Damage Crash,11/01/2023 07:25:00 PM,ROCKVILLE PIKE,NA,SAME DIR REND LEFT TURN,Clear,DRY,Medium,NO CONTROLS,NONE DETECTED,Yes,No Apparent Injury,N/A,UNKNOWN,MD,(SPORT) UTILITY VEHICLE,MOVING CONSTANT SPEED,35,No,2016,NISSAN,ROGUE,39.0756989,-77.1386121,2023,11,19
230063850,Property Damage Crash,11/01/2023 07:25:00 PM,ROCKVILLE PIKE,NA,SAME DIR REND LEFT TURN,Clear,DRY,Medium,NO CONTROLS,NONE DETECTED,No,No Apparent Injury,N/A,NOT DISTRACTED,MD,PASSENGER CAR,MAKING LEFT TURN,35,No,2014,TOYOTA,COROLLA,39.0756989,-77.1386121,2023,11,19
230063844,Injury Crash,11/01/2023 07:02:00 PM,NEW HAMPSHIRE AVE,PEDESTRIAN,SINGLE VEHICLE,Clear,DRY,Medium,NO CONTROLS,NONE DETECTED,Yes,No Apparent Injury,N/A,LOOKED BUT DID NOT SEE,MD,PASSENGER CAR,MAKING LEFT TURN,5,No,2016,VOLKSWAGEN,GTI SERIES,38.97686288,-76.9923875,2023,11,19
230063832,Property Damage Crash,11/01/2023 05:10:00 PM,FREDERICK RD,NA,STRAIGHT MOVEMENT ANGLE,Cloudy,DRY,Daylight,STOP SIGN,NONE DETECTED,Yes,No Apparent Injury,N/A,NOT DISTRACTED,MD,PASSENGER CAR,ACCELERATING,15,No,2010,MAZDA,3,39.20016298,-77.24652363,2023,11,17
230063832,Property Damage Crash,11/01/2023 05:10:00 PM,FREDERICK RD,NA,STRAIGHT MOVEMENT ANGLE,Cloudy,DRY,Daylight,STOP SIGN,NONE DETECTED,No,No Apparent Injury,N/A,NOT DISTRACTED,MD,PASSENGER CAR,ACCELERATING,15,No,2021,NISS,VERSA,39.20016298,-77.24652363,2023,11,17
230063825,Property Damage Crash,11/01/2023 04:30:00 PM,NA,NA,OTHER,Clear,NA,Daylight,NO CONTROLS,NONE DETECTED,Yes,No Apparent Injury,N/A,LOOKED BUT DID NOT SEE,MD,PASSENGER CAR,BACKING,5,No,2016,HONDA,CIVIC,38.99170767,-77.10256133,2023,11,16
230063814,Property Damage Crash,11/01/2023 03:47:00 PM,COLUMBIA PIKE,NA,SAME DIR REAR END,Clear,DRY,Daylight,TRAFFIC SIGNAL,NONE DETECTED,Yes,No Apparent Injury,N/A,LOOKED BUT DID NOT SEE,MD,PASSENGER CAR,SLOWING OR STOPPING,50,No,2007,FORD,FOCUS,39.05737883,-76.96847037,2023,11,15
230063814,Property Damage Crash,11/01/2023 03:47:00 PM,COLUMBIA PIKE,NA,SAME DIR REAR END,Clear,DRY,Daylight,TRAFFIC SIGNAL,NONE DETECTED,No,No Apparent Injury,N/A,NOT DISTRACTED,MD,PASSENGER CAR,SLOWING OR STOPPING,50,No,2007,MERC,TK,39.05737883,-76.96847037,2023,11,15
230063809,Property Damage Crash,11/01/2023 03:33:00 PM,ROCKVILLE PIKE,NA,SAME DIR REAR END,Cloudy,DRY,Daylight,TRAFFIC SIGNAL,NONE DETECTED,No,No Apparent Injury,N/A,NOT DISTRACTED,MD,PASSENGER CAR,SLOWING OR STOPPING,30,No,2018,VOLKSWAGON,TK,39.0813755,-77.145961,2023,11,15
230063809,Property Damage Crash,11/01/2023 03:33:00 PM,ROCKVILLE PIKE,NA,SAME DIR REAR END,Cloudy,DRY,Daylight,TRAFFIC SIGNAL,NONE DETECTED,Yes,No Apparent Injury,N/A,NOT DISTRACTED,MD,PASSENGER CAR,MOVING CONSTANT SPEED,30,No,2010,TOYT,SD,39.0813755,-77.145961,2023,11,15
230063805,Property Damage Crash,11/01/2023 02:25:00 PM,W DIAMOND AVE,NA,SAME DIRECTION SIDESWIPE,Clear,DRY,Daylight,YIELD SIGN,NONE DETECTED,No,No Apparent Injury,N/A,NOT DISTRACTED,MD,PASSENGER CAR,MOVING CONSTANT SPEED,30,No,2018,FRHT,TR,39.14231672,-77.22037847,2023,11,14
230063805,Property Damage Crash,11/01/2023 02:25:00 PM,W DIAMOND AVE,NA,SAME DIRECTION SIDESWIPE,Clear,DRY,Daylight,YIELD SIGN,NONE DETECTED,Yes,No Apparent Injury,N/A,LOOKED BUT DID NOT SEE,MD,PASSENGER CAR,ENTERING TRAFFIC LANE,30,No,2011,HONDA,CIVIC,39.14231672,-77.22037847,2023,11,14
230063800,Property Damage Crash,11/01/2023 01:43:00 PM,GREENCASTLE RD,NA,HEAD ON LEFT TURN,Clear,DRY,Daylight,NO CONTROLS,NONE DETECTED,No,No Apparent Injury,N/A,NOT DISTRACTED,MD,PASSENGER CAR,MOVING CONSTANT SPEED,40,No,2017,LINCOLN,MKZ,39.07765517,-76.92970967,2023,11,13
230063800,Property Damage Crash,11/01/2023 01:43:00 PM,GREENCASTLE RD,NA,HEAD ON LEFT TURN,Clear,DRY,Daylight,NO CONTROLS,NONE DETECTED,Yes,No Apparent Injury,N/A,NOT DISTRACTED,MD,PASSENGER CAR,MAKING LEFT TURN,40,No,2018,CHEVY,CRUZE,39.07765517,-76.92970967,2023,11,13
230063784,Injury Crash,11/01/2023 12:55:00 PM,SHADY GROVE RD,NA,STRAIGHT MOVEMENT ANGLE,Clear,DRY,Daylight,TRAFFIC SIGNAL,NONE DETECTED,No,Possible Minor Injury,N/A,NOT DISTRACTED,MD,PASSENGER CAR,STARTING FROM PARKED,40,No,2013,VOLVO,S60,39.1119955,-77.18702867,2023,11,12
230063784,Injury Crash,11/01/2023 12:55:00 PM,SHADY GROVE RD,NA,STRAIGHT MOVEMENT ANGLE,Clear,DRY,Daylight,TRAFFIC SIGNAL,NONE DETECTED,Yes,No Apparent Injury,N/A,UNKNOWN,MD,PASSENGER CAR,MOVING CONSTANT SPEED,40,No,2016,FORD,EXPLORER,39.1119955,-77.18702867,2023,11,12
230063774,Property Damage Crash,11/01/2023 12:23:00 PM,FALLS RD,NA,SINGLE VEHICLE,Clear,DRY,Daylight,N/A,NONE DETECTED,No,No Apparent Injury,N/A,NOT DISTRACTED,MD,PASSENGER CAR,MOVING CONSTANT SPEED,35,No,2021,HOND,SD,39.07149845,-77.16741412,2023,11,12
230063768,Property Damage Crash,11/01/2023 10:29:00 AM,NA,NA,OPPOSITE DIRECTION SIDESWIPE,Clear,NA,Daylight,N/A,NONE DETECTED,Yes,No Apparent Injury,N/A,UNKNOWN,DC,VAN,SLOWING OR STOPPING,10,No,2007,DODGE,GRAND CARAVAN,38.98114817,-77.09327767,2023,11,10
230063768,Property Damage Crash,11/01/2023 10:29:00 AM,NA,NA,OPPOSITE DIRECTION SIDESWIPE,Clear,NA,Daylight,N/A,NONE DETECTED,No,No Apparent Injury,N/A,NOT DISTRACTED,MD,PASSENGER CAR,BACKING,10,No,2007,HONDA,CIVIC,38.98114817,-77.09327767,2023,11,10
230063763,Property Damage Crash,11/01/2023 10:23:00 AM,SNOUFFERS SCHOOL RD,NA,HEAD ON LEFT TURN,Clear,N/A,Daylight,NO CONTROLS,NONE DETECTED,Yes,No Apparent Injury,N/A,NOT DISTRACTED,MD,STATION WAGON,MAKING LEFT TURN,40,No,2006,AUDI,A4,39.16004833,-77.16135667,2023,11,10
230063763,Property Damage Crash,11/01/2023 10:23:00 AM,SNOUFFERS SCHOOL RD,NA,HEAD ON LEFT TURN,Clear,N/A,Daylight,NO CONTROLS,NONE DETECTED,No,No Apparent Injury,N/A,NOT DISTRACTED,US,PASSENGER CAR,MOVING CONSTANT SPEED,40,No,2008,CHEV,SD,39.16004833,-77.16135667,2023,11,10
230063760,Injury Crash,11/01/2023 10:05:00 AM,CONNECTICUT AVE,NA,SAME DIR REAR END,Clear,DRY,Daylight,TRAFFIC SIGNAL,NONE DETECTED,Yes,No Apparent Injury,N/A,UNKNOWN,FL,VAN,SLOWING OR STOPPING,35,No,2019,FORD,TRANSIT,38.99701017,-77.07726367,2023,11,10
230063760,Injury Crash,11/01/2023 10:05:00 AM,CONNECTICUT AVE,NA,SAME DIR REAR END,Clear,DRY,Daylight,TRAFFIC SIGNAL,NONE DETECTED,No,No Apparent Injury,N/A,NOT DISTRACTED,MD,(SPORT) UTILITY VEHICLE,STOPPED IN TRAFFIC LANE,35,No,2007,HONDA,CR-V,38.99701017,-77.07726367,2023,11,10
230063760,Injury Crash,11/01/2023 10:05:00 AM,CONNECTICUT AVE,NA,SAME DIR REAR END,Clear,DRY,Daylight,TRAFFIC SIGNAL,NONE DETECTED,No,Possible Minor Injury,N/A,NOT DISTRACTED,MD,(SPORT) UTILITY VEHICLE,STOPPED IN TRAFFIC LANE,35,No,2012,KIA,SOUL,38.99701017,-77.07726367,2023,11,10
230063761,Property Damage Crash,11/01/2023 10:03:00 AM,ASPEN HILL RD,NA,SAME DIRECTION SIDESWIPE,Clear,DRY,Daylight,N/A,NONE DETECTED,No,No Apparent Injury,N/A,LOOKED BUT DID NOT SEE,MD,TRANSIT BUS,STARTING FROM LANE,30,No,2020,GILG,BU,39.0710825,-77.1019165,2023,11,10
230063761,Property Damage Crash,11/01/2023 10:03:00 AM,ASPEN HILL RD,NA,SAME DIRECTION SIDESWIPE,Clear,DRY,Daylight,N/A,NONE DETECTED,Yes,No Apparent Injury,N/A,LOOKED BUT DID NOT SEE,MD,PASSENGER CAR,ACCELERATING,30,No,2024,ACUR,HB,39.0710825,-77.1019165,2023,11,10
230063756,Property Damage Crash,11/01/2023 09:54:00 AM,HENDERSON AVE,NA,STRAIGHT MOVEMENT ANGLE,Clear,DRY,Daylight,STOP SIGN,NONE DETECTED,No,No Apparent Injury,N/A,NOT DISTRACTED,MD,PASSENGER CAR,MOVING CONSTANT SPEED,25,No,2007,HONDA,ACCORD,39.05103833,-77.05258283,2023,11,9
230063756,Property Damage Crash,11/01/2023 09:54:00 AM,HENDERSON AVE,NA,STRAIGHT MOVEMENT ANGLE,Clear,DRY,Daylight,STOP SIGN,NONE DETECTED,Yes,No Apparent Injury,N/A,LOOKED BUT DID NOT SEE,MD,PASSENGER CAR,MOVING CONSTANT SPEED,25,No,2003,HONDA,PILOT,39.05103833,-77.05258283,2023,11,9
230063758,Property Damage Crash,11/01/2023 09:50:00 AM,MUDDY BRANCH RD,NA,SAME DIRECTION RIGHT TURN,Clear,DRY,Daylight,TRAFFIC SIGNAL,NONE DETECTED,No,No Apparent Injury,N/A,NOT DISTRACTED,MD,PASSENGER CAR,MOVING CONSTANT SPEED,35,No,2012,HONDA,CIVIC,39.1150339,-77.21564627,2023,11,9
230063758,Property Damage Crash,11/01/2023 09:50:00 AM,MUDDY BRANCH RD,NA,SAME DIRECTION RIGHT TURN,Clear,DRY,Daylight,TRAFFIC SIGNAL,NONE DETECTED,Yes,No Apparent Injury,N/A,LOOKED BUT DID NOT SEE,MD,PASSENGER CAR,STARTING FROM LANE,35,No,2015,AUDI,Q7,39.1150339,-77.21564627,2023,11,9
230063751,Property Damage Crash,11/01/2023 09:40:00 AM,RIDGE RD,NA,SAME DIR REAR END,Clear,DRY,Daylight,TRAFFIC SIGNAL,NONE DETECTED,Yes,No Apparent Injury,N/A,LOOKED BUT DID NOT SEE,MD,(SPORT) UTILITY VEHICLE,CHANGING LANES,45,No,2015,BMW,X3,39.205095,-77.244385,2023,11,9
230063751,Property Damage Crash,11/01/2023 09:40:00 AM,RIDGE RD,NA,SAME DIR REAR END,Clear,DRY,Daylight,TRAFFIC SIGNAL,NONE DETECTED,No,No Apparent Injury,N/A,NOT DISTRACTED,PA,VAN,STOPPED IN TRAFFIC LANE,45,No,2010,GMC,SAVANA,39.205095,-77.244385,2023,11,9
230063749,Property Damage Crash,11/01/2023 09:30:00 AM,GOSHEN RD,NA,SAME DIR REAR END,Clear,DRY,Daylight,TRAFFIC SIGNAL,NONE DETECTED,Yes,No Apparent Injury,N/A,UNKNOWN,MD,PASSENGER CAR,SLOWING OR STOPPING,30,No,2015,KIA,4S,39.16911054,-77.19065645,2023,11,9
230063749,Property Damage Crash,11/01/2023 09:30:00 AM,GOSHEN RD,NA,SAME DIR REAR END,Clear,DRY,Daylight,TRAFFIC SIGNAL,NONE DETECTED,No,No Apparent Injury,N/A,NOT DISTRACTED,MD,PICKUP TRUCK,SLOWING OR STOPPING,30,No,2005,CHEV,TK,39.16911054,-77.19065645,2023,11,9
230063746,Property Damage Crash,11/01/2023 09:00:00 AM,LINDALE DR,NA,OTHER,Clear,DRY,Daylight,NO CONTROLS,NONE DETECTED,Yes,No Apparent Injury,N/A,UNKNOWN,NA,PASSENGER CAR,MOVING CONSTANT SPEED,15,No,2023,TOYOTA,COROLLA,39.00718317,-77.12165183,2023,11,9
230063735,Property Damage Crash,11/01/2023 07:59:00 AM,FIRST ST,NA,SAME DIR REAR END,Clear,DRY,Daylight,TRAFFIC SIGNAL,NONE DETECTED,No,No Apparent Injury,N/A,NOT DISTRACTED,MD,VAN,ACCELERATING,35,No,2020,NISSAN,HIGH ROOF VAN,39.07993194,-77.13789578,2023,11,7
230063735,Property Damage Crash,11/01/2023 07:59:00 AM,FIRST ST,NA,SAME DIR REAR END,Clear,DRY,Daylight,TRAFFIC SIGNAL,NONE DETECTED,Yes,No Apparent Injury,N/A,NOT DISTRACTED,MD,PASSENGER CAR,ACCELERATING,35,No,2006,TOYOTA,CAMRY,39.07993194,-77.13789578,2023,11,7
230063523,Property Damage Crash,11/01/2023 07:26:00 AM,CHRISTOPHER AVE,NA,STRAIGHT MOVEMENT ANGLE,Clear,DRY,Medium,STOP SIGN,NONE DETECTED,No,No Apparent Injury,N/A,NOT DISTRACTED,MD,"OTHER LIGHT TRUCKS (10,000LBS (4,536KG) OR LESS)",MOVING CONSTANT SPEED,30,No,2011,FRHT,TRUCK,39.15942968,-77.20580035,2023,11,7
230063523,Property Damage Crash,11/01/2023 07:26:00 AM,CHRISTOPHER AVE,NA,STRAIGHT MOVEMENT ANGLE,Clear,DRY,Medium,STOP SIGN,NONE DETECTED,Yes,No Apparent Injury,N/A,LOOKED BUT DID NOT SEE,MD,PASSENGER CAR,MAKING LEFT TURN,30,No,2019,JEEP,SUV,39.15942968,-77.20580035,2023,11,7
230063729,Injury Crash,11/01/2023 07:19:00 AM,COLUMBIA PIKE,NA,STRAIGHT MOVEMENT ANGLE,Clear,DRY,Medium,TRAFFIC SIGNAL,NONE DETECTED,Yes,No Apparent Injury,N/A,NOT DISTRACTED,MD,POLICE VEHICLE/EMERGENCY,MOVING CONSTANT SPEED,40,No,2016,FORD,INTERCEPTOR,39.03118183,-77.00489517,2023,11,7
230063729,Injury Crash,11/01/2023 07:19:00 AM,COLUMBIA PIKE,NA,STRAIGHT MOVEMENT ANGLE,Clear,DRY,Medium,TRAFFIC SIGNAL,NONE DETECTED,No,No Apparent Injury,N/A,NOT DISTRACTED,MD,PASSENGER CAR,STARTING FROM LANE,40,No,2013,HONDA,CIVIC,39.03118183,-77.00489517,2023,11,7