Local Case Number,ACRS Report Type,Crash Date/Time,Road Name,Related Non-Motorist,Collision Type,Weather,Surface Condition,Light,Traffic Control,Driver Substance Abuse,Driver At Fault,Injury Severity,Circumstance,Driver Distracted By,Drivers License State,Vehicle Body Type,Vehicle Movement,Speed Limit,Driverless Vehicle,Vehicle Year,Vehicle Make,Vehicle Model,Latitude,Longitude,Year,Month,Hour
230063724,Property Damage Crash,11/01/2023 05:20:00 AM,BLUHILL RD,NA,OTHER,Clear,DRY,Medium,NO CONTROLS,NONE DETECTED,Yes,No Apparent Injury,N/A,NOT DISTRACTED,MD,PASSENGER CAR,ACCELERATING,30,No,2012,HYUNDA,SONATA,39.06375,-77.065585,2023,11,5
230063723,Property Damage Crash,11/01/2023 04:55:00 AM,STRAVINSKY DR,NA,OTHER,Clear,DRY,Medium,NO CONTROLS,NONE DETECTED,Yes,No Apparent Injury,N/A,NOT DISTRACTED,NA,PASSENGER CAR,MOVING CONSTANT SPEED,25,No,2022,HONDA,CIVIC,39.0728005,-76.9497188,2023,11,4
230063715,Property Damage Crash,11/01/2023 01:53:00 AM,COLESVILLE RD,NA,OTHER,Clear,DRY,Medium,NO CONTROLS,NONE DETECTED,No,No Apparent Injury,N/A,NOT DISTRACTED,MD,POLICE VEHICLE/NON EMERGENCY,MOVING CONSTANT SPEED,40,No,2012,FORD,EXPEDITION,39.02824905,-77.00904684,2023,11,1
230063714,Property Damage Crash,11/01/2023 01:22:00 AM,MUNCASTER MILL RD,NA,SINGLE VEHICLE,Clear,DRY,Medium,N/A,NONE DETECTED,Yes,No Apparent Injury,N/A,OTHER DISTRACTION,MD,PASSENGER CAR,MOVING CONSTANT SPEED,35,No,2011,FORD,FUSION,39.14312656,-77.14014921,2023,11,1
230063708,Property Damage Crash,11/01/2023 12:37:00 AM,STRINGTOWN RD,NA,SINGLE VEHICLE,Clear,DRY,Medium,NO CONTROLS,NONE DETECTED,No,No Apparent Injury,N/A,NOT DISTRACTED,MD,POLICE VEHICLE/NON EMERGENCY,MOVING CONSTANT SPEED,35,No,2021,FORD,EXPLORER,39.24506062,-77.26506127,2023,11,0
230063711,Property Damage Crash,11/01/2023 12:11:00 AM,MACARTHUR BLVD,NA,SINGLE VEHICLE,Clear,N/A,Dark,NO CONTROLS,NONE DETECTED,Yes,No Apparent Injury,N/A,UNKNOWN,MD,PASSENGER CAR,MOVING CONSTANT SPEED,30,No,2021,HOND,UT,38.974171,-77.17309567,2023,11,0
230063703,Property Damage Crash,10/31/2023 11:17:00 PM,RUSSETT RD,NA,SAME DIRECTION SIDESWIPE,Clear,DRY,Medium,NO CONTROLS,ALCOHOL PRESENT,Yes,No Apparent Injury,N/A,NOT DISTRACTED,MD,PASSENGER CAR,MOVING CONSTANT SPEED,25,No,2011,HONDA,PILOT,39.08075517,-77.10061667,2023,10,23
230063683,Property Damage Crash,10/31/2023 09:05:00 PM,RANDOLPH RD,NA,SAME DIRECTION SIDESWIPE,Clear,DRY,Dark,N/A,NONE DETECTED,No,No Apparent Injury,N/A,NOT DISTRACTED,MD,PASSENGER CAR,MOVING CONSTANT SPEED,35,No,2023,MAZDA,CX50,39.05487,-77.08510167,2023,10,21
230063683,Property Damage Crash,10/31/2023 09:05:00 PM,RANDOLPH RD,NA,SAME DIRECTION SIDESWIPE,Clear,DRY,Dark,N/A,NONE DETECTED,Yes,No Apparent Injury,N/A,UNKNOWN,NA,NA,MOVING CONSTANT SPEED,35,Unknown,0,UNKNOWN,UNKNOWN,39.05487,-77.08510167,2023,10,21
230063681,Property Damage Crash,10/31/2023 08:46:00 PM,RIDGE RD,NA,SAME DIR REAR END,Cloudy,DRY,Medium,NO CONTROLS,ALCOHOL PRESENT,Yes,No Apparent Injury,N/A,UNKNOWN,MD,(SPORT) UTILITY VEHICLE,MOVING CONSTANT SPEED,40,No,2008,FORD,EXPLORER,39.27019833,-77.21692167,2023,10,20
230063681,Property Damage Crash,10/31/2023 08:46:00 PM,RIDGE RD,NA,SAME DIR REAR END,Cloudy,DRY,Medium,NO CONTROLS,NONE DETECTED,No,No Apparent Injury,N/A,NOT DISTRACTED,MD,(SPORT) UTILITY VEHICLE,STOPPED IN TRAFFIC LANE,40,No,2013,FORD,ESCAPE,39.27019833,-77.21692167,2023,10,20
230063663,Property Damage Crash,10/31/2023 06:45:00 PM,EMORY GROVE RD,NA,OTHER,Clear,DRY,Dark,NO CONTROLS,NONE DETECTED,No,No Apparent Injury,N/A,NOT DISTRACTED,MD,PASSENGER CAR,MOVING CONSTANT SPEED,30,No,2014,KIA,OPTIMA,39.15406992,-77.17447657,2023,10,18
230063663,Property Damage Crash,10/31/2023 06:45:00 PM,EMORY GROVE RD,NA,OTHER,Clear,DRY,Dark,NO CONTROLS,NONE DETECTED,No,No Apparent Injury,N/A,NOT DISTRACTED,MD,PASSENGER CAR,MOVING CONSTANT SPEED,30,No,2011,KIA,SOUL,39.15406992,-77.17447657,2023,10,18
230063667,Property Damage Crash,10/31/2023 06:34:00 PM,NORBECK RD,NA,OTHER,Clear,DRY,Dark,N/A,NONE DETECTED,No,No Apparent Injury,"ANIMAL, N/A",NOT DISTRACTED,NY,PASSENGER CAR,MOVING CONSTANT SPEED,40,No,2022,MAZDA,CX5,39.10512833,-77.08585167,2023,10,18
230063661,Property Damage Crash,10/31/2023 06:30:00 PM,DAWSON FARM RD,NA,HEAD ON LEFT TURN,Clear,DRY,Medium,TRAFFIC SIGNAL,NONE DETECTED,No,No Apparent Injury,N/A,NOT DISTRACTED,MD,PASSENGER CAR,MOVING CONSTANT SPEED,35,No,2005,FORD,UT,39.16677833,-77.27088,2023,10,18
230063661,Property Damage Crash,10/31/2023 06:30:00 PM,DAWSON FARM RD,NA,HEAD ON LEFT TURN,Clear,DRY,Medium,TRAFFIC SIGNAL,NONE DETECTED,Yes,No Apparent Injury,N/A,NOT DISTRACTED,MD,PASSENGER CAR,ACCELERATING,35,No,2019,FORD,UT,39.16677833,-77.27088,2023,10,18
230063659,Injury Crash,10/31/2023 05:54:00 PM,NA,NA,STRAIGHT MOVEMENT ANGLE,Clear,NA,Medium,NO CONTROLS,NONE DETECTED,No,No Apparent Injury,N/A,NOT DISTRACTED,FL,PASSENGER CAR,STOPPED IN TRAFFIC LANE,15,No,2004,MAZDA,MAZDA 3,39.04374534,-77.11084069,2023,10,17
230063659,Injury Crash,10/31/2023 05:54:00 PM,NA,NA,STRAIGHT MOVEMENT ANGLE,Clear,NA,Medium,NO CONTROLS,DRUG PRESENT,Yes,No Apparent Injury,N/A,UNKNOWN,MD,PASSENGER CAR,MOVING CONSTANT SPEED,35,No,2009,HOND,CIVIC,39.04374534,-77.11084069,2023,10,17
230063652,Injury Crash,10/31/2023 05:49:00 PM,ASPEN HILL RD,PEDESTRIAN,OTHER,Clear,DRY,Daylight,TRAFFIC SIGNAL,NONE DETECTED,Yes,No Apparent Injury,"N/A, VISION OBSTRUCTION (INCL. BLINDED BY SUN)",LOOKED BUT DID NOT SEE,MD,VAN,MAKING LEFT TURN,30,No,2021,CHEVROLET,EXPRESS,39.0712315,-77.09882583,2023,10,17
230063656,Property Damage Crash,10/31/2023 05:33:00 PM,EASLEY ST,NA,OTHER,Clear,DRY,Daylight,NO CONTROLS,NONE DETECTED,No,No Apparent Injury,N/A,NOT DISTRACTED,MD,VAN,MOVING CONSTANT SPEED,25,No,1992,GM,LLV-A,38.99405596,-77.02202564,2023,10,17
230063656,Property Damage Crash,10/31/2023 05:33:00 PM,EASLEY ST,NA,OTHER,Clear,DRY,Daylight,NO CONTROLS,NONE DETECTED,No,No Apparent Injury,N/A,NOT DISTRACTED,MD,VAN,MOVING CONSTANT SPEED,25,No,2021,RAM,CARGO VAN,38.99405596,-77.02202564,2023,10,17
230063645,Property Damage Crash,10/31/2023 05:28:00 PM,ARLINGTON RD,BICYCLIST,OTHER,Clear,DRY,Daylight,TRAFFIC SIGNAL,NONE DETECTED,Yes,No Apparent Injury,N/A,UNKNOWN,NA,UNKNOWN,MAKING RIGHT TURN,25,No,0,UNKNOWN,UNKNOWN,38.98111189,-77.09848336,2023,10,17
230063634,Injury Crash,10/31/2023 05:00:00 PM,COLESVILLE RD,NA,STRAIGHT MOVEMENT ANGLE,Clear,DRY,Daylight,STOP SIGN,NONE DETECTED,No,Possible Minor Injury,N/A,NOT DISTRACTED,MD,PASSENGER CAR,MOVING CONSTANT SPEED,40,No,2016,HONDA,CIVIC,39.02802145,-77.00910025,2023,10,17
230063634,Injury Crash,10/31/2023 05:00:00 PM,COLESVILLE RD,NA,STRAIGHT MOVEMENT ANGLE,Clear,DRY,Daylight,STOP SIGN,NONE DETECTED,Yes,No Apparent Injury,N/A,UNKNOWN,MD,PASSENGER CAR,STARTING FROM LANE,40,No,2016,JEEP,COMPASS,39.02802145,-77.00910025,2023,10,17
230064138,Property Damage Crash,10/31/2023 04:00:00 PM,NA,NA,N/A,Clear,NA,Daylight,N/A,NONE DETECTED,No,No Apparent Injury,N/A,NOT DISTRACTED,MD,PASSENGER CAR,OTHER,5,No,2022,HONDA,CIVIC,39.20347896,-77.24489146,2023,10,16
1230063626,Property Damage Crash,10/31/2023 03:41:00 PM,NA,NA,STRAIGHT MOVEMENT ANGLE,Clear,NA,Daylight,NO CONTROLS,NONE DETECTED,Yes,No Apparent Injury,N/A,NOT DISTRACTED,MD,PASSENGER CAR,ACCELERATING,15,No,2009,NISS,4S,39.12497945,-77.23791584,2023,10,15
1230063626,Property Damage Crash,10/31/2023 03:41:00 PM,NA,NA,STRAIGHT MOVEMENT ANGLE,Clear,NA,Daylight,NO CONTROLS,NONE DETECTED,No,No Apparent Injury,N/A,NOT DISTRACTED,MD,PASSENGER CAR,MOVING CONSTANT SPEED,15,No,2021,SUBA,SD,39.12497945,-77.23791584,2023,10,15
230063609,Property Damage Crash,10/31/2023 03:25:00 PM,DARNESTOWN RD,NA,STRAIGHT MOVEMENT ANGLE,Clear,DRY,Daylight,TRAFFIC SIGNAL,NONE DETECTED,Yes,No Apparent Injury,N/A,NOT DISTRACTED,MD,"OTHER LIGHT TRUCKS (10,000LBS (4,536KG) OR LESS)",MOVING CONSTANT SPEED,40,No,2018,DODGE,PROMASTER,39.11396667,-77.23484333,2023,10,15
230063609,Property Damage Crash,10/31/2023 03:25:00 PM,DARNESTOWN RD,NA,STRAIGHT MOVEMENT ANGLE,Clear,DRY,Daylight,TRAFFIC SIGNAL,NONE DETECTED,No,No Apparent Injury,N/A,NOT DISTRACTED,MD,(SPORT) UTILITY VEHICLE,MAKING LEFT TURN,40,No,2023,HYUN,SANTA FE,39.11396667,-77.23484333,2023,10,15
230063622,Property Damage Crash,10/31/2023 03:11:00 PM,WANEGARDEN DR,NA,SINGLE VEHICLE,Clear,DRY,Daylight,NO CONTROLS,NONE DETECTED,Yes,No Apparent Injury,N/A,NOT DISTRACTED,MD,PASSENGER CAR,OTHER,25,No,1998,TOYT,CAMRY,39.18393326,-77.28443305,2023,10,15
230063616,Property Damage Crash,10/31/2023 02:47:00 PM,GAINSBOROUGH RD,NA,SAME DIRECTION SIDESWIPE,Cloudy,DRY,Daylight,N/A,NONE DETECTED,No,No Apparent Injury,N/A,NOT DISTRACTED,MD,SCHOOL BUS,PARKED,25,No,2021,ICRP,PB10500,39.04752617,-77.16277117,2023,10,14
230063616,Property Damage Crash,10/31/2023 02:47:00 PM,GAINSBOROUGH RD,NA,SAME DIRECTION SIDESWIPE,Cloudy,DRY,Daylight,N/A,NONE DETECTED,Yes,No Apparent Injury,N/A,NOT DISTRACTED,MD,(SPORT) UTILITY VEHICLE,PASSING,25,No,2018,LANDROVER,RANGE ROVER,39.04752617,-77.16277117,2023,10,14
230063625,Property Damage Crash,10/31/2023 11:30:00 AM,MARYLAND AVE,NA,OTHER,Clear,DRY,Daylight,NO CONTROLS,NONE DETECTED,No,No Apparent Injury,N/A,NOT DISTRACTED,MD,PASSENGER CAR,PARKED,15,No,2009,HOND,4S,39.08525821,-77.15100223,2023,10,11
230063625,Property Damage Crash,10/31/2023 11:30:00 AM,MARYLAND AVE,NA,OTHER,Clear,DRY,Daylight,NO CONTROLS,NONE DETECTED,Yes,No Apparent Injury,N/A,NO DRIVER PRESENT,NA,PASSENGER CAR,PARKING,15,No,2018,BMW,3SERIES,39.08525821,-77.15100223,2023,10,11
230063553,Injury Crash,10/31/2023 10:35:00 AM,FREDERICK RD,NA,STRAIGHT MOVEMENT ANGLE,Clear,DRY,Daylight,TRAFFIC SIGNAL,NONE DETECTED,Yes,No Apparent Injury,N/A,NOT DISTRACTED,MD,(SPORT) UTILITY VEHICLE,MOVING CONSTANT SPEED,45,No,2017,SUBARU,FORESTER,39.192155,-77.24219333,2023,10,10
230063553,Injury Crash,10/31/2023 10:35:00 AM,FREDERICK RD,NA,STRAIGHT MOVEMENT ANGLE,Clear,DRY,Daylight,TRAFFIC SIGNAL,NONE DETECTED,No,Possible Minor Injury,N/A,NOT DISTRACTED,MD,PASSENGER CAR,ACCELERATING,45,No,2011,NISSAN,ALTIMA,39.192155,-77.24219333,2023,10,10
230063529,Property Damage Crash,10/31/2023 08:03:00 AM,VEIRS DR,NA,SINGLE VEHICLE,Clear,DRY,Daylight,N/A,NONE DETECTED,Yes,No Apparent Injury,N/A,DISTRACTED BY OUTSIDE PERSON OBJECT OR EVENT,MD,SCHOOL BUS,MOVING CONSTANT SPEED,25,No,2023,THOMAS,SB,39.07721221,-77.19254106,2023,10,8
230063524,Injury Crash,10/31/2023 07:51:00 AM,GREYSWOOD RD,PEDESTRIAN,OTHER,Clear,DRY,Daylight,NO CONTROLS,NONE DETECTED,No,No Apparent Injury,N/A,NOT DISTRACTED,MD,PASSENGER CAR,MOVING CONSTANT SPEED,25,No,2010,LEXUS,IS 250C,39.01833783,-77.13647233,2023,10,7
230063532,Property Damage Crash,10/31/2023 07:45:00 AM,OLD GEORGETOWN RD,NA,OTHER,Clear,DRY,Daylight,NO CONTROLS,NONE DETECTED,No,No Apparent Injury,N/A,NOT DISTRACTED,NJ,PASSENGER CAR,STOPPED IN TRAFFIC LANE,30,No,2018,AUDI,Q3,39.01352693,-77.11767426,2023,10,7
230063532,Property Damage Crash,10/31/2023 07:45:00 AM,OLD GEORGETOWN RD,NA,OTHER,Clear,DRY,Daylight,NO CONTROLS,NONE DETECTED,Yes,No Apparent Injury,N/A,DISTRACTED BY OUTSIDE PERSON OBJECT OR EVENT,MD,PASSENGER CAR,BACKING,30,No,2018,TOYOTA,SEDAN,39.01352693,-77.11767426,2023,10,7
230063525,Property Damage Crash,10/31/2023 07:45:00 AM,MUNCASTER MILL RD,NA,ANGLE MEETS LEFT TURN,Cloudy,DRY,Daylight,TRAFFIC SIGNAL,NONE DETECTED,Yes,No Apparent Injury,N/A,DISTRACTED BY OUTSIDE PERSON OBJECT OR EVENT,MD,VAN,MAKING LEFT TURN,35,No,2015,HOND,PV,39.158825,-77.160465,2023,10,7
230063525,Property Damage Crash,10/31/2023 07:45:00 AM,MUNCASTER MILL RD,NA,ANGLE MEETS LEFT TURN,Cloudy,DRY,Daylight,TRAFFIC SIGNAL,NONE DETECTED,No,No Apparent Injury,N/A,LOOKED BUT DID NOT SEE,MD,(SPORT) UTILITY VEHICLE,MOVING CONSTANT SPEED,35,No,2017,JEEP,UT,39.158825,-77.160465,2023,10,7
230063525,Property Damage Crash,10/31/2023 07:45:00 AM,MUNCASTER MILL RD,NA,ANGLE MEETS LEFT TURN,Cloudy,DRY,Daylight,TRAFFIC SIGNAL,NONE DETECTED,No,No Apparent Injury,N/A,NOT DISTRACTED,MD,VAN,STOPPED IN TRAFFIC LANE,35,No,2014,TOYT,VN,39.158825,-77.160465,2023,10,7
230063520,Property Damage Crash,10/31/2023 07:08:00 AM,GOSHEN RD,NA,SAME DIR REAR END,Clear,DRY,Medium,N/A,NONE DETECTED,Yes,No Apparent Injury,N/A,INATTENTIVE OR LOST IN THOUGHT,MD,SCHOOL BUS,MOVING CONSTANT SPEED,35,No,2013,THOM,SB,39.159515,-77.192175,2023,10,7
230063520,Property Damage Crash,10/31/2023 07:08:00 AM,GOSHEN RD,NA,SAME DIR REAR END,Clear,DRY,Medium,N/A,NONE DETECTED,No,No Apparent Injury,N/A,NOT DISTRACTED,MD,PASSENGER CAR,STOPPED IN TRAFFIC LANE,35,No,2015,HOND,4S,39.159515,-77.192175,2023,10,7
230063516,Injury Crash,10/31/2023 04:55:00 AM,QUINCE ORCHARD RD,NA,OTHER,Clear,DRY,Medium,FLASHING TRAFFIC SIGNAL,NONE DETECTED,Yes,No Apparent Injury,N/A,LOOKED BUT DID NOT SEE,MD,PASSENGER CAR,ACCELERATING,20,No,2019,NISSAN,VERSA,39.14782718,-77.21850187,2023,10,4
230063516,Injury Crash,10/31/2023 04:55:00 AM,QUINCE ORCHARD RD,NA,OTHER,Clear,DRY,Medium,FLASHING TRAFFIC SIGNAL,NONE DETECTED,No,Possible Minor Injury,N/A,NOT DISTRACTED,MD,PASSENGER CAR,MOVING CONSTANT SPEED,40,No,2007,TOYT,SW,39.14782718,-77.21850187,2023,10,4
230063488,Injury Crash,10/30/2023 08:12:00 PM,GEORGIA AVE,NA,STRAIGHT MOVEMENT ANGLE,Rain,WET,Medium,TRAFFIC SIGNAL,NONE DETECTED,Yes,No Apparent Injury,N/A,NOT DISTRACTED,MD,PASSENGER CAR,ACCELERATING,35,No,2015,TOYOTA,PRIUS,39.01567007,-77.04209593,2023,10,20
230063488,Injury Crash,10/30/2023 08:12:00 PM,GEORGIA AVE,NA,STRAIGHT MOVEMENT ANGLE,Rain,WET,Medium,TRAFFIC SIGNAL,NONE DETECTED,No,Possible Minor Injury,N/A,NOT DISTRACTED,DC,PASSENGER CAR,MOVING CONSTANT SPEED,35,No,2019,TOYOTA,UT,39.01567007,-77.04209593,2023,10,20
230063482,Injury Crash,10/30/2023 07:35:00 PM,RANDOLPH RD,NA,SAME DIR REAR END,Rain,WET,Medium,TRAFFIC SIGNAL,NONE DETECTED,Yes,No Apparent Injury,"N/A, WET",UNKNOWN,MD,PASSENGER CAR,SLOWING OR STOPPING,40,No,2013,TOYOTA,SIENNA,39.06645923,-77.03057146,2023,10,19
230063482,Injury Crash,10/30/2023 07:35:00 PM,RANDOLPH RD,NA,SAME DIR REAR END,Rain,WET,Medium,TRAFFIC SIGNAL,NONE DETECTED,No,Possible Minor Injury,"N/A, WET",NOT DISTRACTED,MD,PASSENGER CAR,STOPPED IN TRAFFIC LANE,40,No,2020,GMC,TERRAIN,39.06645923,-77.03057146,2023,10,19
230063482,Injury Crash,10/30/2023 07:35:00 PM,RANDOLPH RD,NA,SAME DIR REAR END,Rain,WET,Medium,TRAFFIC SIGNAL,NONE DETECTED,No,Possible Minor Injury,"N/A, WET",NOT DISTRACTED,MD,PASSENGER CAR,STOPPED IN TRAFFIC LANE,40,No,2002,TOYOTA,AVALON,39.06645923,-77.03057146,2023,10,19
230063486,Property Damage Crash,10/30/2023 07:20:00 PM,GREAT SENECA HWY,NA,SAME DIR REAR END,Cloudy,WET,Medium,TRAFFIC SIGNAL,NONE DETECTED,No,No Apparent Injury,"N/A, WET",NOT DISTRACTED,MD,PASSENGER CAR,STOPPED IN TRAFFIC LANE,50,No,2022,HYUN,KONA,39.10803392,-77.2108695,2023,10,19
230063486,Property Damage Crash,10/30/2023 07:20:00 PM,GREAT SENECA HWY,NA,SAME DIR REAR END,Cloudy,WET,Medium,TRAFFIC SIGNAL,NONE DETECTED,Yes,No Apparent Injury,"N/A, WET",UNKNOWN,MD,PASSENGER CAR,SLOWING OR STOPPING,50,No,2004,CHRY,SEBRING,39.10803392,-77.2108695,2023,10,19
230063478,Property Damage Crash,10/30/2023 07:17:00 PM,COLESVILLE RD,NA,SAME DIRECTION SIDESWIPE,Rain,WET,Medium,TRAFFIC SIGNAL,NONE DETECTED,Yes,No Apparent Injury,N/A,UNKNOWN,NA,PASSENGER CAR,UNKNOWN,35,No,2007,TOYOTA,UK,39.00552,-77.02271,2023,10,19
230063478,Property Damage Crash,10/30/2023 07:17:00 PM,COLESVILLE RD,NA,SAME DIRECTION SIDESWIPE,Rain,WET,Medium,TRAFFIC SIGNAL,NONE DETECTED,No,No Apparent Injury,N/A,NOT DISTRACTED,MD,(SPORT) UTILITY VEHICLE,MOVING CONSTANT SPEED,35,No,2017,SAUB,TK,39.00552,-77.02271,2023,10,19
230063470,Property Damage Crash,10/30/2023 07:00:00 PM,FREDERICK RD,NA,STRAIGHT MOVEMENT ANGLE,Rain,WET,Dark,TRAFFIC SIGNAL,NONE DETECTED,Yes,No Apparent Injury,"SLEET, HAIL, FREEZ. RAIN, WET",LOOKED BUT DID NOT SEE,MD,PASSENGER CAR,MAKING LEFT TURN,40,No,2021,HOND,SD,39.11902333,-77.171718,2023,10,19
230063470,Property Damage Crash,10/30/2023 07:00:00 PM,FREDERICK RD,NA,STRAIGHT MOVEMENT ANGLE,Rain,WET,Dark,TRAFFIC SIGNAL,NONE DETECTED,Yes,No Apparent Injury,"SLEET, HAIL, FREEZ. RAIN, WET",INATTENTIVE OR LOST IN THOUGHT,VA,PASSENGER CAR,MOVING CONSTANT SPEED,40,No,2017,TOYOTA,CAMRY,39.11902333,-77.171718,2023,10,19
230063471,Property Damage Crash,10/30/2023 06:45:00 PM,BRADLEY BLVD,NA,HEAD ON LEFT TURN,Rain,WET,Medium,TRAFFIC SIGNAL,NONE DETECTED,Yes,No Apparent Injury,"RAIN, SNOW, WET",UNKNOWN,VA,"CARGO VAN/LIGHT TRUCK 2 AXLES (OVER 10,000LBS (4,536 KG))",MAKING LEFT TURN,25,No,2004,FORD,F550,38.97711709,-77.10681355,2023,10,18
230063471,Property Damage Crash,10/30/2023 06:45:00 PM,BRADLEY BLVD,NA,HEAD ON LEFT TURN,Rain,WET,Medium,TRAFFIC SIGNAL,NONE DETECTED,No,No Apparent Injury,"RAIN, SNOW, WET",NOT DISTRACTED,MD,(SPORT) UTILITY VEHICLE,MOVING CONSTANT SPEED,25,No,2021,TESLA,MODEL Y,38.97711709,-77.10681355,2023,10,18
230063465,Property Damage Crash,10/30/2023 06:15:00 PM,S FREDERICK RD,NA,STRAIGHT MOVEMENT ANGLE,Rain,WET,Medium,TRAFFIC SIGNAL,NONE DETECTED,Yes,No Apparent Injury,"RAIN, SNOW, TRAFFIC CONTROL DEVICE INOPERATIVE, WET",LOOKED BUT DID NOT SEE,MD,PASSENGER CAR,MAKING LEFT TURN,35,No,2020,TOYT,HB,39.13561217,-77.19209167,2023,10,18
230063465,Property Damage Crash,10/30/2023 06:15:00 PM,S FREDERICK RD,NA,STRAIGHT MOVEMENT ANGLE,Rain,WET,Medium,TRAFFIC SIGNAL,NONE DETECTED,No,No Apparent Injury,"RAIN, SNOW, TRAFFIC CONTROL DEVICE INOPERATIVE, WET",NOT DISTRACTED,MD,PASSENGER CAR,MOVING CONSTANT SPEED,35,No,2013,ACURA,IXL,39.13561217,-77.19209167,2023,10,18
230063461,Property Damage Crash,10/30/2023 05:34:00 PM,COLESVILLE RD,NA,OTHER,Rain,WET,Dark,NO CONTROLS,NONE DETECTED,Yes,No Apparent Injury,N/A,NOT DISTRACTED,MD,PASSENGER CAR,MAKING LEFT TURN,35,No,2014,JEEP,WRANGLER,39.02800244,-77.00910496,2023,10,17
230063461,Property Damage Crash,10/30/2023 05:34:00 PM,COLESVILLE RD,NA,OTHER,Rain,WET,Dark,NO CONTROLS,NONE DETECTED,No,No Apparent Injury,N/A,NOT DISTRACTED,MD,SCHOOL BUS,STOPPED IN TRAFFIC LANE,35,No,2015,THOMAS,CONV MSDE-C-8,39.02800244,-77.00910496,2023,10,17
230063452,Property Damage Crash,10/30/2023 05:30:00 PM,FREDERICK RD,NA,STRAIGHT MOVEMENT ANGLE,Rain,WET,Daylight,NO CONTROLS,NONE DETECTED,Yes,No Apparent Injury,"N/A, RAIN, SNOW",LOOKED BUT DID NOT SEE,MD,PASSENGER CAR,MAKING LEFT TURN,40,No,2016,TOYOTA,CAMRY,39.23060117,-77.2688595,2023,10,17
230063452,Property Damage Crash,10/30/2023 05:30:00 PM,FREDERICK RD,NA,STRAIGHT MOVEMENT ANGLE,Rain,WET,Daylight,NO CONTROLS,NONE DETECTED,No,No Apparent Injury,"N/A, RAIN, SNOW",NOT DISTRACTED,MD,VAN,MOVING CONSTANT SPEED,40,No,2020,FORD,TRANSIT CONNECT,39.23060117,-77.2688595,2023,10,17
230063476,Property Damage Crash,10/30/2023 05:25:00 PM,E RANDOLPH RD,NA,SAME DIR REAR END,Clear,WET,Medium,TRAFFIC SIGNAL,NONE DETECTED,Yes,No Apparent Injury,"RAIN, SNOW, WET",NOT DISTRACTED,MD,(SPORT) UTILITY VEHICLE,SLOWING OR STOPPING,40,No,2018,NISSAN,KICK,39.07598167,-77.00037667,2023,10,17
230063476,Property Damage Crash,10/30/2023 05:25:00 PM,E RANDOLPH RD,NA,SAME DIR REAR END,Clear,WET,Medium,TRAFFIC SIGNAL,NONE DETECTED,No,No Apparent Injury,"RAIN, SNOW, WET",NOT DISTRACTED,MD,(SPORT) UTILITY VEHICLE,STOPPED IN TRAFFIC LANE,40,No,2018,HONDA,CR-V,39.07598167,-77.00037667,2023,10,17
230063462,Property Damage Crash,10/30/2023 05:18:00 PM,VEIRS MILL RD,NA,SAME DIRECTION SIDESWIPE,Rain,UNKNOWN,Daylight,N/A,NONE DETECTED,No,No Apparent Injury,N/A,NOT DISTRACTED,MD,VAN,STARTING FROM LANE,25,No,2012,TOYOTA,SEINNA,39.03909405,-77.0537623,2023,10,17
230063462,Property Damage Crash,10/30/2023 05:18:00 PM,VEIRS MILL RD,NA,SAME DIRECTION SIDESWIPE,Rain,UNKNOWN,Daylight,N/A,NONE DETECTED,Yes,No Apparent Injury,N/A,LOOKED BUT DID NOT SEE,MD,PASSENGER CAR,CHANGING LANES,25,No,2003,FORD,MUSTANG,39.03909405,-77.0537623,2023,10,17
230063450,Property Damage Crash,10/30/2023 05:13:00 PM,BONIFANT RD,NA,STRAIGHT MOVEMENT ANGLE,Rain,WET,Daylight,TRAFFIC SIGNAL,NONE DETECTED,Yes,No Apparent Injury,"RAIN, SNOW, WET",NOT DISTRACTED,MD,PASSENGER CAR,MAKING LEFT TURN,35,No,2018,TOYOTA,CAMRY,39.090885,-77.04499333,2023,10,17
230063450,Property Damage Crash,10/30/2023 05:13:00 PM,BONIFANT RD,NA,STRAIGHT MOVEMENT ANGLE,Rain,WET,Daylight,TRAFFIC SIGNAL,NONE DETECTED,No,No Apparent Injury,"RAIN, SNOW, WET",NOT DISTRACTED,MD,PASSENGER CAR,MOVING CONSTANT SPEED,35,No,2009,CADILLAC,ESCALADE,39.090885,-77.04499333,2023,10,17
230063453,Injury Crash,10/30/2023 05:10:00 PM,MONTROSE RD,NA,SAME DIR BOTH LEFT TURN,Rain,WET,Daylight,TRAFFIC SIGNAL,NONE DETECTED,No,Possible Minor Injury,N/A,NOT DISTRACTED,MD,PASSENGER CAR,MAKING LEFT TURN,35,No,2023,HONDA,ODYSSEY,39.0526905,-77.12629217,2023,10,17
230063453,Injury Crash,10/30/2023 05:10:00 PM,MONTROSE RD,NA,SAME DIR BOTH LEFT TURN,Rain,WET,Daylight,TRAFFIC SIGNAL,NONE DETECTED,Yes,No Apparent Injury,N/A,BY OTHER OCCUPANTS,MD,PASSENGER CAR,MAKING LEFT TURN,35,No,2020,FORD,ECO SPORT,39.0526905,-77.12629217,2023,10,17
230063444,Injury Crash,10/30/2023 04:30:00 PM,FREDERICK RD,NA,STRAIGHT MOVEMENT ANGLE,Rain,WET,Daylight,TRAFFIC SIGNAL,NONE DETECTED,Yes,Possible Minor Injury,N/A,UNKNOWN,XX,PASSENGER CAR,MAKING LEFT TURN,35,No,2018,TOYOTA,COROLLA,39.17843617,-77.23861783,2023,10,16
230063444,Injury Crash,10/30/2023 04:30:00 PM,FREDERICK RD,NA,STRAIGHT MOVEMENT ANGLE,Rain,WET,Daylight,TRAFFIC SIGNAL,NONE DETECTED,No,Possible Minor Injury,N/A,NOT DISTRACTED,MD,PICKUP TRUCK,MOVING CONSTANT SPEED,35,No,2016,RAM,TK,39.17843617,-77.23861783,2023,10,16
230064203,Property Damage Crash,10/30/2023 04:25:00 PM,EDMONSTON DR,NA,SAME DIRECTION SIDESWIPE,Clear,DRY,Daylight,TRAFFIC SIGNAL,NONE DETECTED,No,No Apparent Injury,N/A,NOT DISTRACTED,MD,PASSENGER CAR,MAKING RIGHT TURN,35,No,2021,DODGE,RAM,39.07440002,-77.13582493,2023,10,16
230064203,Property Damage Crash,10/30/2023 04:25:00 PM,EDMONSTON DR,NA,SAME DIRECTION SIDESWIPE,Clear,DRY,Daylight,TRAFFIC SIGNAL,NONE DETECTED,Yes,No Apparent Injury,N/A,NOT DISTRACTED,MD,PASSENGER CAR,MOVING CONSTANT SPEED,35,No,2022,THOMAS,CONV-MSDE-C-8,39.07440002,-77.13582493,2023,10,16
230063435,Injury Crash,10/30/2023 04:12:00 PM,TOWER OAKS BLVD,NA,STRAIGHT MOVEMENT ANGLE,Cloudy,DRY,Medium,NO CONTROLS,NONE DETECTED,No,No Apparent Injury,N/A,NOT DISTRACTED,MD,PASSENGER CAR,MOVING CONSTANT SPEED,25,No,2023,TESL,SD,39.05590985,-77.14755235,2023,10,16
230063435,Injury Crash,10/30/2023 04:12:00 PM,TOWER OAKS BLVD,NA,STRAIGHT MOVEMENT ANGLE,Cloudy,DRY,Medium,NO CONTROLS,NONE DETECTED,Yes,Possible Minor Injury,N/A,NOT DISTRACTED,MD,PASSENGER CAR,MAKING LEFT TURN,25,No,2022,TOYT,SD,39.05590985,-77.14755235,2023,10,16