Local Case Number,ACRS Report Type,Crash Date/Time,Road Name,Related Non-Motorist,Collision Type,Weather,Surface Condition,Light,Traffic Control,Driver Substance Abuse,Driver At Fault,Injury Severity,Circumstance,Driver Distracted By,Drivers License State,Vehicle Body Type,Vehicle Movement,Speed Limit,Driverless Vehicle,Vehicle Year,Vehicle Make,Vehicle Model,Latitude,Longitude,Year,Month,Hour
230063408,Property Damage Crash,10/30/2023 01:55:00 PM,REDLAND RD,NA,SAME DIR REAR END,Cloudy,DRY,Daylight,NO CONTROLS,NONE DETECTED,Yes,No Apparent Injury,N/A,NOT DISTRACTED,MD,"CARGO VAN/LIGHT TRUCK 2 AXLES (OVER 10,000LBS (4,536 KG))",MOVING CONSTANT SPEED,35,No,2011,MACK,TK,39.13389333,-77.14681333,2023,10,13
230063408,Property Damage Crash,10/30/2023 01:55:00 PM,REDLAND RD,NA,SAME DIR REAR END,Cloudy,DRY,Daylight,NO CONTROLS,NONE DETECTED,No,No Apparent Injury,N/A,NOT DISTRACTED,MD,TRANSIT BUS,STOPPED IN TRAFFIC LANE,35,No,2019,GILG,BUS,39.13389333,-77.14681333,2023,10,13
230063405,Property Damage Crash,10/30/2023 01:51:00 PM,SECOND AVE,BICYCLIST,OTHER,Clear,DRY,Daylight,NO CONTROLS,NONE DETECTED,No,No Apparent Injury,"N/A, ROAD UNDER CONSTRUCTION/MAINTENANCE",NOT DISTRACTED,MD,PASSENGER CAR,MAKING RIGHT TURN,30,No,2019,LEXS,4D,38.9971265,-77.0334099,2023,10,13
230063396,Property Damage Crash,10/30/2023 01:08:00 PM,DOGWOOD DR,NA,OTHER,Cloudy,DRY,Daylight,NO CONTROLS,NONE DETECTED,Yes,No Apparent Injury,N/A,NOT DISTRACTED,MD,"OTHER LIGHT TRUCKS (10,000LBS (4,536KG) OR LESS)",BACKING,25,No,2023,INTL,ST,39.13959897,-77.18807574,2023,10,13
230063377,Property Damage Crash,10/30/2023 12:24:00 PM,MONTROSE RD,NA,HEAD ON LEFT TURN,Clear,DRY,Daylight,TRAFFIC SIGNAL,NONE DETECTED,Yes,No Apparent Injury,N/A,NOT DISTRACTED,MD,PASSENGER CAR,MAKING LEFT TURN,40,No,2011,LEXUS,ES350,39.110222,-77.18239517,2023,10,12
230063377,Property Damage Crash,10/30/2023 12:24:00 PM,MONTROSE RD,NA,HEAD ON LEFT TURN,Clear,DRY,Daylight,TRAFFIC SIGNAL,NONE DETECTED,No,No Apparent Injury,N/A,NOT DISTRACTED,MD,PASSENGER CAR,MOVING CONSTANT SPEED,40,No,2002,HONDA,ACCORD,39.110222,-77.18239517,2023,10,12
230063386,Injury Crash,10/30/2023 12:14:00 PM,SHAKESPEARE BLVD,NA,STRAIGHT MOVEMENT ANGLE,Cloudy,DRY,Daylight,STOP SIGN,NONE DETECTED,Yes,No Apparent Injury,N/A,LOOKED BUT DID NOT SEE,XX,PASSENGER CAR,MAKING RIGHT TURN,25,No,2023,NISSAN,ALTIMA,39.19735743,-77.24991357,2023,10,12
230063386,Injury Crash,10/30/2023 12:14:00 PM,SHAKESPEARE BLVD,NA,STRAIGHT MOVEMENT ANGLE,Cloudy,DRY,Daylight,STOP SIGN,NONE DETECTED,No,Possible Minor Injury,N/A,NOT DISTRACTED,MD,PASSENGER CAR,MAKING LEFT TURN,25,No,2017,JEEP,GRAND CHEROKEE,39.19735743,-77.24991357,2023,10,12
230063380,Property Damage Crash,10/30/2023 12:00:00 PM,ROCKVILLE PIKE,NA,OPPOSITE DIR BOTH LEFT TURN,Clear,DRY,Daylight,TRAFFIC SIGNAL,NONE DETECTED,Yes,No Apparent Injury,N/A,LOOKED BUT DID NOT SEE,MD,PASSENGER CAR,MAKING U TURN,5,No,2018,FORD,TK,39.01473467,-77.09977217,2023,10,12
230063380,Property Damage Crash,10/30/2023 12:00:00 PM,ROCKVILLE PIKE,NA,OPPOSITE DIR BOTH LEFT TURN,Clear,DRY,Daylight,TRAFFIC SIGNAL,NONE DETECTED,No,No Apparent Injury,N/A,NOT DISTRACTED,MD,PASSENGER CAR,MAKING LEFT TURN,25,No,2015,TOYOTA,RAV4,39.01473467,-77.09977217,2023,10,12
230063375,Property Damage Crash,10/30/2023 11:48:00 AM,FREDERICK RD,NA,STRAIGHT MOVEMENT ANGLE,Clear,DRY,Daylight,TRAFFIC SIGNAL,NONE DETECTED,No,No Apparent Injury,N/A,NOT DISTRACTED,MD,PASSENGER CAR,MOVING CONSTANT SPEED,30,No,2013,TOYT,CAMRY,39.14419353,-77.20165338,2023,10,11
230063375,Property Damage Crash,10/30/2023 11:48:00 AM,FREDERICK RD,NA,STRAIGHT MOVEMENT ANGLE,Clear,DRY,Daylight,TRAFFIC SIGNAL,NONE DETECTED,Yes,No Apparent Injury,N/A,NOT DISTRACTED,MD,PASSENGER CAR,MAKING LEFT TURN,30,No,2019,HYUN,TUCSON,39.14419353,-77.20165338,2023,10,11
230063369,Injury Crash,10/30/2023 11:45:00 AM,WASHINGTON GROVE LA,NA,STRAIGHT MOVEMENT ANGLE,Clear,DRY,Daylight,NO CONTROLS,NONE DETECTED,No,Possible Minor Injury,N/A,NOT DISTRACTED,MD,PASSENGER CAR,MOVING CONSTANT SPEED,35,No,2007,HOND,CP,39.15065167,-77.16545333,2023,10,11
230063369,Injury Crash,10/30/2023 11:45:00 AM,WASHINGTON GROVE LA,NA,STRAIGHT MOVEMENT ANGLE,Clear,DRY,Daylight,NO CONTROLS,NONE DETECTED,Yes,No Apparent Injury,N/A,LOOKED BUT DID NOT SEE,MD,PASSENGER CAR,MAKING LEFT TURN,35,No,2006,JEEP,TK,39.15065167,-77.16545333,2023,10,11
230063349,Property Damage Crash,10/30/2023 10:46:00 AM,DARNESTOWN RD,NA,SINGLE VEHICLE,Clear,N/A,Daylight,NO CONTROLS,NONE DETECTED,Yes,No Apparent Injury,N/A,UNKNOWN,MD,PASSENGER CAR,MAKING LEFT TURN,40,No,2021,MAZD,HB,39.11295667,-77.269755,2023,10,10
23006335,Property Damage Crash,10/30/2023 10:39:00 AM,FREDERICK RD,NA,SAME DIRECTION SIDESWIPE,Clear,DRY,Daylight,N/A,NONE DETECTED,No,No Apparent Injury,N/A,NOT DISTRACTED,MD,PASSENGER CAR,MOVING CONSTANT SPEED,40,No,2018,HYUN,4S,39.11210111,-77.16192096,2023,10,10
23006335,Property Damage Crash,10/30/2023 10:39:00 AM,FREDERICK RD,NA,SAME DIRECTION SIDESWIPE,Clear,DRY,Daylight,N/A,NONE DETECTED,Yes,No Apparent Injury,N/A,NOT DISTRACTED,MD,OTHER,CHANGING LANES,40,No,2004,AUTOCAR,LEAF TRK,39.11210111,-77.16192096,2023,10,10
230063319,Injury Crash,10/30/2023 08:07:00 AM,DENNIS AVE,NA,SAME DIR REAR END,Clear,DRY,Daylight,NO CONTROLS,NONE DETECTED,No,Possible Minor Injury,N/A,NOT DISTRACTED,MD,PASSENGER CAR,SLOWING OR STOPPING,25,No,2018,CHEV,TRAX,39.02383333,-77.02896833,2023,10,8
230063319,Injury Crash,10/30/2023 08:07:00 AM,DENNIS AVE,NA,SAME DIR REAR END,Clear,DRY,Daylight,NO CONTROLS,NONE DETECTED,Yes,No Apparent Injury,N/A,OTHER DISTRACTION,MD,PASSENGER CAR,SLOWING OR STOPPING,25,No,2014,CHEV,EQUINOX,39.02383333,-77.02896833,2023,10,8
230063317,Property Damage Crash,10/30/2023 07:52:00 AM,WOODMONT AVE,NA,SINGLE VEHICLE,Clear,DRY,Medium,TRAFFIC SIGNAL,NONE DETECTED,Yes,No Apparent Injury,N/A,LOOKED BUT DID NOT SEE,CA,TRUCK TRACTOR,BACKING,25,No,2021,VOLVO,TR,38.98121383,-77.09531767,2023,10,7
230063321,Property Damage Crash,10/30/2023 07:50:00 AM,DALEWOOD DR,NA,HEAD ON LEFT TURN,Clear,DRY,Daylight,STOP SIGN,NONE DETECTED,No,No Apparent Injury,N/A,NOT DISTRACTED,MD,"MEDIUM/HEAVY TRUCKS 3 AXLES (OVER 10,000LBS (4,536KG))",SLOWING OR STOPPING,0,No,2020,CHEVY,4500,39.06100331,-77.06814475,2023,10,7
230063321,Property Damage Crash,10/30/2023 07:50:00 AM,DALEWOOD DR,NA,HEAD ON LEFT TURN,Clear,DRY,Daylight,STOP SIGN,NONE DETECTED,Yes,No Apparent Injury,N/A,NOT DISTRACTED,NA,PASSENGER CAR,PASSING,15,No,2005,TOYOTA,RAV,39.06100331,-77.06814475,2023,10,7
230063316,Property Damage Crash,10/30/2023 07:35:00 AM,ASPEN HILL RD,NA,SAME DIRECTION RIGHT TURN,Clear,DRY,Daylight,TRAFFIC SIGNAL,NONE DETECTED,No,No Apparent Injury,N/A,NOT DISTRACTED,MD,PASSENGER CAR,MAKING RIGHT TURN,30,No,2011,SUBARU,IMPREZA,39.06935804,-77.10472858,2023,10,7
230063316,Property Damage Crash,10/30/2023 07:35:00 AM,ASPEN HILL RD,NA,SAME DIRECTION RIGHT TURN,Clear,DRY,Daylight,TRAFFIC SIGNAL,NONE DETECTED,Yes,No Apparent Injury,N/A,UNKNOWN,NA,PASSENGER CAR,ENTERING TRAFFIC LANE,30,No,2022,TOYOTA,RAV4,39.06935804,-77.10472858,2023,10,7
230063308,Injury Crash,10/30/2023 06:30:00 AM,MIDCOUNTY HWY,NA,SINGLE VEHICLE,Clear,DRY,Dark,NO CONTROLS,NONE DETECTED,No,Possible Minor Injury,N/A,NOT DISTRACTED,MD,(SPORT) UTILITY VEHICLE,MOVING CONSTANT SPEED,50,No,2019,MERZ,GLC300,39.156145,-77.182445,2023,10,6
230063376,Property Damage Crash,10/30/2023 05:20:00 AM,ELMER SCHOOL RD,NA,SINGLE VEHICLE,Clear,DRY,Dark,NO CONTROLS,NONE DETECTED,No,No Apparent Injury,N/A,NOT DISTRACTED,MD,POLICE VEHICLE/NON EMERGENCY,MOVING CONSTANT SPEED,35,No,2023,FORD,UTILITY,39.13651139,-77.48351818,2023,10,5
230063283,Property Damage Crash,10/29/2023 08:02:00 PM,GEORGIA AVE,NA,STRAIGHT MOVEMENT ANGLE,Rain,WET,Medium,TRAFFIC SIGNAL,NONE DETECTED,Yes,No Apparent Injury,"N/A, RAIN, SNOW",UNKNOWN,MD,PASSENGER CAR,MAKING RIGHT TURN,25,No,2015,NISSAN,ALTIMA,39.04189383,-77.05182317,2023,10,20
230063283,Property Damage Crash,10/29/2023 08:02:00 PM,GEORGIA AVE,NA,STRAIGHT MOVEMENT ANGLE,Rain,WET,Medium,TRAFFIC SIGNAL,NONE DETECTED,No,No Apparent Injury,"N/A, RAIN, SNOW",NOT DISTRACTED,DC,PASSENGER CAR,MOVING CONSTANT SPEED,25,No,2023,JEEP,WRANGLER,39.04189383,-77.05182317,2023,10,20
230063280,Injury Crash,10/29/2023 07:42:00 PM,RANDOLPH RD,NA,STRAIGHT MOVEMENT ANGLE,Rain,WET,Medium,NO CONTROLS,NONE DETECTED,Yes,No Apparent Injury,"N/A, WET",UNKNOWN,NA,UNKNOWN,BACKING,35,No,2017,UNKNOWN,UNKNOWN,39.05896359,-77.0690922,2023,10,19
230063280,Injury Crash,10/29/2023 07:42:00 PM,RANDOLPH RD,NA,STRAIGHT MOVEMENT ANGLE,Rain,WET,Medium,NO CONTROLS,NONE DETECTED,No,Possible Minor Injury,"N/A, WET",NOT DISTRACTED,MD,PASSENGER CAR,MOVING CONSTANT SPEED,35,No,2017,HONDA,ACCORD,39.05896359,-77.0690922,2023,10,19
230063262,Property Damage Crash,10/29/2023 05:35:00 PM,NA,NA,OTHER,Clear,NA,Daylight,NO CONTROLS,NONE DETECTED,Yes,No Apparent Injury,N/A,LOOKED BUT DID NOT SEE,MD,PASSENGER CAR,BACKING,20,No,2017,HYUNDAI,ELANTRA,39.057125,-77.08197167,2023,10,17
230063259,Property Damage Crash,10/29/2023 05:29:00 PM,NA,NA,OTHER,Clear,NA,Daylight,NO CONTROLS,NONE DETECTED,No,No Apparent Injury,N/A,NOT DISTRACTED,FL,PASSENGER CAR,OTHER,5,No,2012,TOYOTA,CAMRY,39.11946017,-77.25640167,2023,10,17
230063259,Property Damage Crash,10/29/2023 05:29:00 PM,NA,NA,OTHER,Clear,NA,Daylight,NO CONTROLS,NONE DETECTED,Yes,No Apparent Injury,N/A,UNKNOWN,NA,(SPORT) UTILITY VEHICLE,BACKING,5,No,2013,CHEVY,TAHOE,39.11946017,-77.25640167,2023,10,17
230063251,Property Damage Crash,10/29/2023 03:59:00 PM,DARNESTOWN RD,NA,SAME DIR REAR END,Cloudy,DRY,Daylight,TRAFFIC SIGNAL,NONE DETECTED,No,No Apparent Injury,N/A,NOT DISTRACTED,MD,PASSENGER CAR,STOPPED IN TRAFFIC LANE,30,No,2015,TOYT,AVALON,39.103571,-77.29235933,2023,10,15
230063251,Property Damage Crash,10/29/2023 03:59:00 PM,DARNESTOWN RD,NA,SAME DIR REAR END,Cloudy,DRY,Daylight,TRAFFIC SIGNAL,NONE DETECTED,Yes,No Apparent Injury,N/A,UNKNOWN,MD,PASSENGER CAR,SLOWING OR STOPPING,30,No,2015,VOLK,GOLF,39.103571,-77.29235933,2023,10,15
230063249,Property Damage Crash,10/29/2023 03:45:00 PM,NEW HAMPSHIRE AVE,NA,SAME DIRECTION LEFT TURN,Clear,DRY,Daylight,NO CONTROLS,NONE DETECTED,No,No Apparent Injury,N/A,NOT DISTRACTED,MD,PASSENGER CAR,MOVING CONSTANT SPEED,35,No,2016,NISSAN,ROGUE,39.011161,-76.979146,2023,10,15
230063249,Property Damage Crash,10/29/2023 03:45:00 PM,NEW HAMPSHIRE AVE,NA,SAME DIRECTION LEFT TURN,Clear,DRY,Daylight,NO CONTROLS,NONE DETECTED,Yes,No Apparent Injury,N/A,UNKNOWN,MD,PASSENGER CAR,CHANGING LANES,35,No,2024,SUBARU,OUTBACK,39.011161,-76.979146,2023,10,15
230063241,Property Damage Crash,10/29/2023 03:41:00 PM,NA,NA,OPPOSITE DIRECTION SIDESWIPE,Cloudy,NA,Daylight,NO CONTROLS,ALCOHOL PRESENT,Yes,No Apparent Injury,N/A,UNKNOWN,MD,PASSENGER CAR,MAKING LEFT TURN,5,No,2018,CHEVY,4S,39.07221861,-77.13316566,2023,10,15
230063241,Property Damage Crash,10/29/2023 03:41:00 PM,NA,NA,OPPOSITE DIRECTION SIDESWIPE,Cloudy,NA,Daylight,NO CONTROLS,NONE DETECTED,No,No Apparent Injury,N/A,NOT DISTRACTED,MD,PASSENGER CAR,MAKING RIGHT TURN,0,No,2019,NISSAN,SD,39.07221861,-77.13316566,2023,10,15
230063218,Property Damage Crash,10/29/2023 02:27:00 PM,ASPEN HILL RD,NA,STRAIGHT MOVEMENT ANGLE,Cloudy,DRY,Daylight,N/A,NONE DETECTED,Yes,No Apparent Injury,N/A,LOOKED BUT DID NOT SEE,MD,PASSENGER CAR,ENTERING TRAFFIC LANE,30,No,2000,FORD,RANGER,39.07932333,-77.08462,2023,10,14
230063218,Property Damage Crash,10/29/2023 02:27:00 PM,ASPEN HILL RD,NA,STRAIGHT MOVEMENT ANGLE,Cloudy,DRY,Daylight,N/A,NONE DETECTED,No,No Apparent Injury,N/A,NOT DISTRACTED,MD,PASSENGER CAR,MOVING CONSTANT SPEED,30,No,2014,TOYT,CAMRY,39.07932333,-77.08462,2023,10,14
230063208,Property Damage Crash,10/29/2023 01:10:00 PM,ASPEN HILL RD,NA,SAME DIR REAR END,Clear,N/A,Daylight,NO CONTROLS,NONE DETECTED,Yes,No Apparent Injury,N/A,UNKNOWN,MD,PASSENGER CAR,MOVING CONSTANT SPEED,30,No,2013,HONDA,FIT,39.07361733,-77.09528983,2023,10,13
230063208,Property Damage Crash,10/29/2023 01:10:00 PM,ASPEN HILL RD,NA,SAME DIR REAR END,Clear,N/A,Daylight,NO CONTROLS,NONE DETECTED,Yes,No Apparent Injury,N/A,UNKNOWN,MD,PASSENGER CAR,MOVING CONSTANT SPEED,30,No,2022,HYUNDAI,ACCENT,39.07361733,-77.09528983,2023,10,13
230063208,Property Damage Crash,10/29/2023 01:10:00 PM,ASPEN HILL RD,NA,SAME DIR REAR END,Clear,N/A,Daylight,NO CONTROLS,NONE DETECTED,No,No Apparent Injury,N/A,NOT DISTRACTED,MD,TRANSIT BUS,STOPPED IN TRAFFIC LANE,30,No,2009,GILLIG,G30D102N4,39.07361733,-77.09528983,2023,10,13
230063176,Injury Crash,10/29/2023 09:05:00 AM,MIDDLEBROOK RD,NA,HEAD ON LEFT TURN,Rain,WET,Daylight,TRAFFIC SIGNAL,NONE DETECTED,No,Possible Minor Injury,"N/A, WET",NOT DISTRACTED,MD,(SPORT) UTILITY VEHICLE,MAKING LEFT TURN,40,No,2017,HYUNDAI,TUCSON,39.17508667,-77.25370934,2023,10,9
230063176,Injury Crash,10/29/2023 09:05:00 AM,MIDDLEBROOK RD,NA,HEAD ON LEFT TURN,Rain,WET,Daylight,TRAFFIC SIGNAL,NONE DETECTED,Yes,No Apparent Injury,"N/A, WET",BY MOVING OBJECT IN VEHICLE,MD,PASSENGER CAR,MOVING CONSTANT SPEED,40,No,2018,NISSAN,ALTIMA,39.17508667,-77.25370934,2023,10,9
230063166,Property Damage Crash,10/29/2023 05:55:00 AM,S SUMMIT AVE,NA,STRAIGHT MOVEMENT ANGLE,Clear,N/A,Medium,TRAFFIC SIGNAL,NONE DETECTED,No,No Apparent Injury,N/A,NOT DISTRACTED,MD,POLICE VEHICLE/EMERGENCY,ACCELERATING,25,No,2015,JEEP,UT,39.14121101,-77.19350638,2023,10,5
230063166,Property Damage Crash,10/29/2023 05:55:00 AM,S SUMMIT AVE,NA,STRAIGHT MOVEMENT ANGLE,Clear,N/A,Medium,TRAFFIC SIGNAL,NONE DETECTED,Yes,No Apparent Injury,N/A,LOOKED BUT DID NOT SEE,MD,PASSENGER CAR,MAKING LEFT TURN,25,No,2018,CHEV,HB,39.14121101,-77.19350638,2023,10,5
230063160,Injury Crash,10/29/2023 03:47:00 AM,FLOWER AVE,NA,SINGLE VEHICLE,Clear,DRY,Medium,NO CONTROLS,NONE DETECTED,Yes,Possible Minor Injury,N/A,UNKNOWN,MD,PASSENGER CAR,MOVING CONSTANT SPEED,25,No,2006,BMW,325I,38.99744415,-77.00330932,2023,10,3
230063156,Property Damage Crash,10/29/2023 03:26:00 AM,KEMPTOWN RD,NA,SINGLE VEHICLE,Clear,DRY,Medium,NO CONTROLS,NONE DETECTED,No,No Apparent Injury,N/A,NOT DISTRACTED,MD,POLICE VEHICLE/NON EMERGENCY,MOVING CONSTANT SPEED,40,No,2014,DODGE,CHARGER,39.31970667,-77.19973,2023,10,3
230063152,Property Damage Crash,10/29/2023 02:21:00 AM,RUSSELL AVE,NA,SAME DIR REAR END,Clear,DRY,Medium,TRAFFIC SIGNAL,NONE DETECTED,No,No Apparent Injury,N/A,NOT DISTRACTED,MD,PASSENGER CAR,STOPPED IN TRAFFIC LANE,35,No,2017,FORD,EXPLORER,39.154335,-77.20922333,2023,10,2
230063152,Property Damage Crash,10/29/2023 02:21:00 AM,RUSSELL AVE,NA,SAME DIR REAR END,Clear,DRY,Medium,TRAFFIC SIGNAL,NONE DETECTED,Yes,No Apparent Injury,N/A,LOOKED BUT DID NOT SEE,MD,PASSENGER CAR,MOVING CONSTANT SPEED,35,No,2017,CHEVROLET,MALIBU,39.154335,-77.20922333,2023,10,2
230063148,Property Damage Crash,10/29/2023 01:25:00 AM,GEORGIA AVE,NA,STRAIGHT MOVEMENT ANGLE,Clear,DRY,Medium,FLASHING TRAFFIC SIGNAL,NONE DETECTED,No,No Apparent Injury,N/A,UNKNOWN,NA,NA,UNKNOWN,30,Unknown,0,UNKNOWN,UNKNOWN,38.99946118,-77.03183118,2023,10,1
230063148,Property Damage Crash,10/29/2023 01:25:00 AM,GEORGIA AVE,NA,STRAIGHT MOVEMENT ANGLE,Clear,DRY,Medium,FLASHING TRAFFIC SIGNAL,NONE DETECTED,Yes,No Apparent Injury,N/A,LOOKED BUT DID NOT SEE,PA,PASSENGER CAR,ACCELERATING,30,No,2013,TOYOTA,SDN,38.99946118,-77.03183118,2023,10,1
230063126,Injury Crash,10/28/2023 08:30:00 PM,SANDY SPRING RD,NA,SINGLE VEHICLE,Clear,DRY,Medium,NO CONTROLS,NONE DETECTED,Yes,Possible Minor Injury,N/A,NOT DISTRACTED,MD,(SPORT) UTILITY VEHICLE,MOVING CONSTANT SPEED,40,No,2011,TOYOTA,SUV,39.10647333,-76.914985,2023,10,20
230063124,Property Damage Crash,10/28/2023 08:23:00 PM,DALE DR,NA,STRAIGHT MOVEMENT ANGLE,Clear,DRY,Medium,NO CONTROLS,NONE DETECTED,No,No Apparent Injury,N/A,NOT DISTRACTED,MD,PASSENGER CAR,MOVING CONSTANT SPEED,35,No,2010,MERZ,E350,39.01567007,-77.04209593,2023,10,20
230063124,Property Damage Crash,10/28/2023 08:23:00 PM,DALE DR,NA,STRAIGHT MOVEMENT ANGLE,Clear,DRY,Medium,NO CONTROLS,NONE DETECTED,Yes,No Apparent Injury,N/A,LOOKED BUT DID NOT SEE,TN,PASSENGER CAR,ACCELERATING,35,No,2023,TESLA,3,39.01567007,-77.04209593,2023,10,20
230063121,Property Damage Crash,10/28/2023 08:08:00 PM,SUNDALE DR,NA,SAME DIR REAR END,Clear,DRY,Medium,NO CONTROLS,NONE DETECTED,Yes,No Apparent Injury,N/A,UNKNOWN,DC,PASSENGER CAR,MOVING CONSTANT SPEED,35,No,2018,NISSAN,ALTIMA,38.99771283,-77.04606733,2023,10,20
230063118,Property Damage Crash,10/28/2023 08:07:00 PM,DARNESTOWN RD,NA,SAME DIR REAR END,Cloudy,DRY,Dark,TRAFFIC SIGNAL,NONE DETECTED,No,No Apparent Injury,N/A,NOT DISTRACTED,MD,(SPORT) UTILITY VEHICLE,MOVING CONSTANT SPEED,40,No,2021,HONDA,CRV,39.116037,-77.24683983,2023,10,20
230063118,Property Damage Crash,10/28/2023 08:07:00 PM,DARNESTOWN RD,NA,SAME DIR REAR END,Cloudy,DRY,Dark,TRAFFIC SIGNAL,NONE DETECTED,Yes,No Apparent Injury,N/A,NOT DISTRACTED,MD,VAN,MAKING U TURN,40,No,2023,FORD,TRANSIT,39.116037,-77.24683983,2023,10,20
230063119,Property Damage Crash,10/28/2023 08:00:00 PM,FALLS RD,NA,SINGLE VEHICLE,Clear,DRY,Medium,TRAFFIC SIGNAL,NONE DETECTED,Yes,No Apparent Injury,N/A,INATTENTIVE OR LOST IN THOUGHT,MD,PASSENGER CAR,MOVING CONSTANT SPEED,40,No,2005,HONDA,ACCORD,39.04583717,-77.19172983,2023,10,20
230063117,Injury Crash,10/28/2023 07:56:00 PM,BILLINGTON RD,NA,SINGLE VEHICLE,Clear,DRY,Medium,STOP SIGN,NONE DETECTED,Yes,Possible Minor Injury,N/A,INATTENTIVE OR LOST IN THOUGHT,MD,PASSENGER CAR,MOVING CONSTANT SPEED,35,No,2006,TOYOTA,SOLARA,39.06619633,-76.98278823,2023,10,19
230063113,Property Damage Crash,10/28/2023 07:05:00 PM,NA,NA,OTHER,Clear,NA,Medium,N/A,NONE DETECTED,Yes,No Apparent Injury,N/A,LOOKED BUT DID NOT SEE,NA,PASSENGER CAR,BACKING,15,No,2011,HONDA,4S,39.02524967,-77.07152383,2023,10,19
230063103,Property Damage Crash,10/28/2023 06:40:00 PM,WATER ST,NA,HEAD ON,Clear,DRY,Medium,NO CONTROLS,NONE DETECTED,No,No Apparent Injury,N/A,NOT DISTRACTED,MD,PASSENGER CAR,STOPPED IN TRAFFIC LANE,25,No,2021,HOND,CR-V,39.14046518,-77.20217768,2023,10,18
230063103,Property Damage Crash,10/28/2023 06:40:00 PM,WATER ST,NA,HEAD ON,Clear,DRY,Medium,NO CONTROLS,ALCOHOL PRESENT,Yes,No Apparent Injury,N/A,UNKNOWN,MD,(SPORT) UTILITY VEHICLE,MAKING RIGHT TURN,25,No,2003,GMC,YUKON XL,39.14046518,-77.20217768,2023,10,18
230063098,Injury Crash,10/28/2023 06:12:00 PM,CONNECTICUT AVE,NA,SAME DIR REAR END,Clear,DRY,Medium,NO CONTROLS,NONE DETECTED,Yes,Possible Minor Injury,N/A,UNKNOWN,MD,PASSENGER CAR,CHANGING LANES,35,No,2014,NISSAN,GTR,39.05501333,-77.07384667,2023,10,18
230063098,Injury Crash,10/28/2023 06:12:00 PM,CONNECTICUT AVE,NA,SAME DIR REAR END,Clear,DRY,Medium,NO CONTROLS,NONE DETECTED,No,No Apparent Injury,N/A,NOT DISTRACTED,MD,PICKUP TRUCK,ACCELERATING,35,No,2003,DODG,RAM,39.05501333,-77.07384667,2023,10,18
230063100,Property Damage Crash,10/28/2023 06:05:00 PM,TWINBROOK PKWY,NA,SAME DIRECTION SIDESWIPE,Clear,DRY,Daylight,NO CONTROLS,NONE DETECTED,No,No Apparent Injury,N/A,NOT DISTRACTED,MD,PASSENGER CAR,MOVING CONSTANT SPEED,25,No,2004,LEXUS,LS430,39.05946175,-77.11740592,2023,10,18
230063100,Property Damage Crash,10/28/2023 06:05:00 PM,TWINBROOK PKWY,NA,SAME DIRECTION SIDESWIPE,Clear,DRY,Daylight,NO CONTROLS,NONE DETECTED,Yes,No Apparent Injury,N/A,NOT DISTRACTED,MD,PASSENGER CAR,CHANGING LANES,35,No,2004,ACUR,RSX,39.05946175,-77.11740592,2023,10,18
230063091,Injury Crash,10/28/2023 05:04:00 PM,NA,PEDESTRIAN,SINGLE VEHICLE,Clear,NA,Daylight,NO CONTROLS,NONE DETECTED,Yes,No Apparent Injury,"N/A, VISION OBSTRUCTION (INCL. BLINDED BY SUN)",LOOKED BUT DID NOT SEE,MD,PASSENGER CAR,MOVING CONSTANT SPEED,15,No,2016,BUICK,4S,39.104894,-77.05995717,2023,10,17
230063087,Property Damage Crash,10/28/2023 04:16:00 PM,EDGEWOOD RD,NA,OPPOSITE DIRECTION SIDESWIPE,Clear,DRY,Daylight,N/A,ALCOHOL PRESENT,Yes,No Apparent Injury,N/A,OTHER DISTRACTION,MD,PASSENGER CAR,MOVING CONSTANT SPEED,25,No,2023,CHEV,TAHOE,39.02612667,-77.06054333,2023,10,16
230063081,Property Damage Crash,10/28/2023 03:58:00 PM,DEMOCRACY BLVD,NA,STRAIGHT MOVEMENT ANGLE,Clear,DRY,Daylight,TRAFFIC SIGNAL,NONE DETECTED,No,No Apparent Injury,N/A,NOT DISTRACTED,MD,(SPORT) UTILITY VEHICLE,ACCELERATING,30,No,2023,MAZDA,CX-50,39.02275367,-77.150097830000007,2023,10,15
230063081,Property Damage Crash,10/28/2023 03:58:00 PM,DEMOCRACY BLVD,NA,STRAIGHT MOVEMENT ANGLE,Clear,DRY,Daylight,TRAFFIC SIGNAL,NONE DETECTED,Yes,No Apparent Injury,N/A,INATTENTIVE OR LOST IN THOUGHT,MD,(SPORT) UTILITY VEHICLE,SKIDDING,30,No,2006,LEXUS,RX400,39.02275367,-77.150097830000007,2023,10,15
230063078,Property Damage Crash,10/28/2023 03:57:00 PM,LITTLE SENECA PKWY,NA,SINGLE VEHICLE,Clear,DRY,Daylight,N/A,NONE DETECTED,Yes,No Apparent Injury,N/A,UNKNOWN,MD,PASSENGER CAR,MOVING CONSTANT SPEED,30,No,2014,TOYOTA,CAMRY,39.23174441,-77.24436337,2023,10,15
230063084,Injury Crash,10/28/2023 03:56:00 PM,GEORGIA AVE,NA,SAME DIR REAR END,Clear,DRY,Daylight,TRAFFIC SIGNAL,NONE DETECTED,Yes,No Apparent Injury,N/A,UNKNOWN,MD,PASSENGER CAR,MOVING CONSTANT SPEED,40,No,2004,DODGE,STRATUS,39.08178833,-77.07658167,2023,10,15
230063084,Injury Crash,10/28/2023 03:56:00 PM,GEORGIA AVE,NA,SAME DIR REAR END,Clear,DRY,Daylight,TRAFFIC SIGNAL,NONE DETECTED,No,Possible Minor Injury,N/A,NOT DISTRACTED,MD,PASSENGER CAR,STOPPED IN TRAFFIC LANE,40,No,2020,TOYOTA,HIGHLANDER,39.08178833,-77.07658167,2023,10,15
230063083,Property Damage Crash,10/28/2023 02:30:00 PM,HORNBEAM DR,NA,SINGLE VEHICLE,Clear,DRY,Daylight,NO CONTROLS,NONE DETECTED,Yes,No Apparent Injury,N/A,UNKNOWN,NA,NA,UNKNOWN,25,No,0,UNKNOWN,UNKNOWN,39.11075786,-77.09002361,2023,10,14
230063067,Injury Crash,10/28/2023 01:50:00 PM,GOSHEN RD,NA,SAME DIR REAR END,Clear,DRY,Daylight,NO CONTROLS,NONE DETECTED,Yes,No Apparent Injury,N/A,UNKNOWN,MD,PASSENGER CAR,MOVING CONSTANT SPEED,35,No,2018,HOND,UT,39.15470307,-77.19241082,2023,10,13
230063067,Injury Crash,10/28/2023 01:50:00 PM,GOSHEN RD,NA,SAME DIR REAR END,Clear,DRY,Daylight,NO CONTROLS,NONE DETECTED,No,Possible Minor Injury,N/A,NOT DISTRACTED,MD,PASSENGER CAR,MAKING RIGHT TURN,35,No,2010,GMC,PK,39.15470307,-77.19241082,2023,10,13
230063069,Property Damage Crash,10/28/2023 01:45:00 PM,DENNIS AVE,NA,STRAIGHT MOVEMENT ANGLE,Clear,DRY,Daylight,STOP SIGN,NONE DETECTED,No,No Apparent Injury,N/A,NOT DISTRACTED,MD,(SPORT) UTILITY VEHICLE,ACCELERATING,25,No,2021,TOYT,RAV4,39.02350167,-77.02903,2023,10,13
230063069,Property Damage Crash,10/28/2023 01:45:00 PM,DENNIS AVE,NA,STRAIGHT MOVEMENT ANGLE,Clear,DRY,Daylight,STOP SIGN,NONE DETECTED,Yes,No Apparent Injury,N/A,UNKNOWN,MD,(SPORT) UTILITY VEHICLE,MOVING CONSTANT SPEED,25,No,2018,TOYT,HIGHLANDER,39.02350167,-77.02903,2023,10,13