Local Case Number,ACRS Report Type,Crash Date/Time,Road Name,Related Non-Motorist,Collision Type,Weather,Surface Condition,Light,Traffic Control,Driver Substance Abuse,Driver At Fault,Injury Severity,Circumstance,Driver Distracted By,Drivers License State,Vehicle Body Type,Vehicle Movement,Speed Limit,Driverless Vehicle,Vehicle Year,Vehicle Make,Vehicle Model,Latitude,Longitude,Year,Month,Hour
230063065,Property Damage Crash,10/28/2023 01:13:00 PM,GEORGIA AVE,NA,SAME DIRECTION RIGHT TURN,Clear,DRY,Daylight,TRAFFIC SIGNAL,NONE DETECTED,Yes,No Apparent Injury,N/A,UNKNOWN,NA,"CARGO VAN/LIGHT TRUCK 2 AXLES (OVER 10,000LBS (4,536 KG))",ACCELERATING,35,No,2019,FORD,ECOLINE,39.01536621,-77.04252708,2023,10,13
230063065,Property Damage Crash,10/28/2023 01:13:00 PM,GEORGIA AVE,NA,SAME DIRECTION RIGHT TURN,Clear,DRY,Daylight,TRAFFIC SIGNAL,NONE DETECTED,No,No Apparent Injury,N/A,UNKNOWN,DC,PASSENGER CAR,STOPPED IN TRAFFIC LANE,35,No,2012,INFI,SD,39.01536621,-77.04252708,2023,10,13
230063059,Property Damage Crash,10/28/2023 01:12:00 PM,PINEY BRANCH RD,NA,SAME DIR REAR END,Cloudy,DRY,Daylight,NO CONTROLS,NONE DETECTED,No,No Apparent Injury,N/A,NOT DISTRACTED,MD,PASSENGER CAR,SLOWING OR STOPPING,35,No,2022,TOYOTA,CAMRY,38.99821828,-77.00312588,2023,10,13
230063059,Property Damage Crash,10/28/2023 01:12:00 PM,PINEY BRANCH RD,NA,SAME DIR REAR END,Cloudy,DRY,Daylight,NO CONTROLS,NONE DETECTED,Yes,No Apparent Injury,N/A,UNKNOWN,DC,PASSENGER CAR,MOVING CONSTANT SPEED,35,No,2014,TOYOTA,COROLLA,38.99821828,-77.00312588,2023,10,13
230063051,Property Damage Crash,10/28/2023 12:37:00 PM,HUNGERFORD DR,NA,SAME DIR REAR END,Clear,DRY,Daylight,TRAFFIC SIGNAL,NONE DETECTED,Yes,No Apparent Injury,N/A,UNKNOWN,MD,PASSENGER CAR,SLOWING OR STOPPING,30,No,2017,TOYT,4S,39.08922302,-77.15163803,2023,10,12
230063051,Property Damage Crash,10/28/2023 12:37:00 PM,HUNGERFORD DR,NA,SAME DIR REAR END,Clear,DRY,Daylight,TRAFFIC SIGNAL,NONE DETECTED,No,No Apparent Injury,N/A,NOT DISTRACTED,MD,PASSENGER CAR,STOPPED IN TRAFFIC LANE,30,No,2015,CHEVY,UT,39.08922302,-77.15163803,2023,10,12
230063054,Property Damage Crash,10/28/2023 12:30:00 PM,WOODFIELD RD,NA,SAME DIR REAR END,Clear,DRY,Daylight,NO CONTROLS,NONE DETECTED,No,No Apparent Injury,N/A,NOT DISTRACTED,MD,PASSENGER CAR,SLOWING OR STOPPING,40,No,2013,HONDA,ACCORD,39.264584,-77.20471217,2023,10,12
230063054,Property Damage Crash,10/28/2023 12:30:00 PM,WOODFIELD RD,NA,SAME DIR REAR END,Clear,DRY,Daylight,NO CONTROLS,ALCOHOL PRESENT,Yes,No Apparent Injury,N/A,NOT DISTRACTED,MD,PASSENGER CAR,SLOWING OR STOPPING,40,No,2009,ACURA,MDX,39.264584,-77.20471217,2023,10,12
230063057,Property Damage Crash,10/28/2023 12:29:00 PM,WOODFIELD RD,NA,SAME DIR REAR END,Clear,DRY,Daylight,NO CONTROLS,ALCOHOL PRESENT,Yes,No Apparent Injury,N/A,NOT DISTRACTED,MD,PASSENGER CAR,SLOWING OR STOPPING,40,No,2009,ACURA,MDX,39.26421353,-77.20453346,2023,10,12
230063057,Property Damage Crash,10/28/2023 12:29:00 PM,WOODFIELD RD,NA,SAME DIR REAR END,Clear,DRY,Daylight,NO CONTROLS,NONE DETECTED,No,No Apparent Injury,N/A,NOT DISTRACTED,MD,PASSENGER CAR,SLOWING OR STOPPING,40,No,2021,AUDI,RS5,39.26421353,-77.20453346,2023,10,12
230063063,Fatal Crash,10/28/2023 12:15:00 PM,RAMP 8 FR US 29 SB TO DUSTIN RD,NA,SINGLE VEHICLE,Clear,DRY,Daylight,YIELD SIGN,NONE DETECTED,Yes,Fatal Injury,N/A,UNKNOWN,MD,PASSENGER CAR,MOVING CONSTANT SPEED,30,No,2009,HYUNDAI,ELANTRA,39.12246766,-76.92633791,2023,10,12
230063039,Property Damage Crash,10/28/2023 11:40:00 AM,FENTON ST,NA,OTHER,Clear,DRY,Daylight,NO CONTROLS,NONE DETECTED,No,No Apparent Injury,N/A,UNKNOWN,MD,PASSENGER CAR,MOVING CONSTANT SPEED,30,No,2017,HOND,VN,39.108775,-77.0281485,2023,10,11
230063039,Property Damage Crash,10/28/2023 11:40:00 AM,FENTON ST,NA,OTHER,Clear,DRY,Daylight,NO CONTROLS,NONE DETECTED,Yes,No Apparent Injury,N/A,NOT DISTRACTED,MD,PASSENGER CAR,PARKED,0,No,2011,TOYT,SD,39.108775,-77.0281485,2023,10,11
230063019,Property Damage Crash,10/28/2023 08:15:00 AM,SNOUFFERS SCHOOL RD,NA,ANGLE MEETS LEFT TURN,Clear,DRY,Daylight,NO CONTROLS,NONE DETECTED,Yes,No Apparent Injury,N/A,LOOKED BUT DID NOT SEE,MD,VAN,MAKING LEFT TURN,35,No,2008,DODGE,CARAVAN,39.16736,-77.17354,2023,10,8
230063019,Property Damage Crash,10/28/2023 08:15:00 AM,SNOUFFERS SCHOOL RD,NA,ANGLE MEETS LEFT TURN,Clear,DRY,Daylight,NO CONTROLS,NONE DETECTED,No,No Apparent Injury,N/A,NOT DISTRACTED,MD,PICKUP TRUCK,STOPPED IN TRAFFIC LANE,35,No,2003,FORD,TK,39.16736,-77.17354,2023,10,8
230063019,Property Damage Crash,10/28/2023 08:15:00 AM,SNOUFFERS SCHOOL RD,NA,ANGLE MEETS LEFT TURN,Clear,DRY,Daylight,NO CONTROLS,NONE DETECTED,No,No Apparent Injury,N/A,NOT DISTRACTED,MD,(SPORT) UTILITY VEHICLE,MOVING CONSTANT SPEED,35,No,2007,HONDA,CRV,39.16736,-77.17354,2023,10,8
230063006,Property Damage Crash,10/28/2023 05:05:00 AM,DAMASCUS RD,NA,SINGLE VEHICLE,Clear,DRY,Dark,NO CONTROLS,NONE DETECTED,Yes,No Apparent Injury,N/A,NOT DISTRACTED,MD,PASSENGER CAR,MOVING CONSTANT SPEED,50,No,2012,NISSAN,SENTRA,39.23661333,-77.10138,2023,10,5
230063000,Injury Crash,10/28/2023 02:30:00 AM,ARCTIC AVE,NA,OTHER,Clear,DRY,Dark,NO CONTROLS,NONE DETECTED,Yes,Possible Minor Injury,N/A,UNKNOWN,MD,PASSENGER CAR,MOVING CONSTANT SPEED,25,No,2009,TOYOTA,RAV,39.08532431,-77.09463928,2023,10,2
230062997,Injury Crash,10/28/2023 02:18:00 AM,NORBECK RD,NA,STRAIGHT MOVEMENT ANGLE,Clear,DRY,Medium,FLASHING TRAFFIC SIGNAL,NONE DETECTED,Yes,Possible Minor Injury,N/A,NOT DISTRACTED,MD,PASSENGER CAR,MOVING CONSTANT SPEED,40,No,2022,TOYT,UT,39.109005,-77.08006333,2023,10,2
230062997,Injury Crash,10/28/2023 02:18:00 AM,NORBECK RD,NA,STRAIGHT MOVEMENT ANGLE,Clear,DRY,Medium,FLASHING TRAFFIC SIGNAL,NONE DETECTED,No,Possible Minor Injury,N/A,NOT DISTRACTED,MD,PASSENGER CAR,MOVING CONSTANT SPEED,35,No,2014,FORD,FUSION,39.109005,-77.08006333,2023,10,2
230062994,Property Damage Crash,10/28/2023 01:47:00 AM,NA,NA,OTHER,Clear,NA,Medium,N/A,ALCOHOL PRESENT,Yes,No Apparent Injury,N/A,UNKNOWN,MD,PASSENGER CAR,OTHER,25,No,2000,BMW,323 I,38.99860167,-77.00106,2023,10,1
230062990,Property Damage Crash,10/28/2023 12:57:00 AM,WHITES FERRY RD,NA,SINGLE VEHICLE,Clear,DRY,Dark,N/A,NONE DETECTED,No,No Apparent Injury,"ANIMAL, N/A",NOT DISTRACTED,VA,PASSENGER CAR,MOVING CONSTANT SPEED,40,No,2022,MITSUBISHI,MIRAGE,39.15302833,-77.43988,2023,10,0
230062980,Property Damage Crash,10/27/2023 11:50:00 PM,NA,NA,STRAIGHT MOVEMENT ANGLE,Clear,NA,Medium,NO CONTROLS,NONE DETECTED,No,No Apparent Injury,N/A,NOT DISTRACTED,MD,PASSENGER CAR,SLOWING OR STOPPING,15,No,2020,NISSAN,ROGUE,39.04253167,-77.05171833,2023,10,23
230062980,Property Damage Crash,10/27/2023 11:50:00 PM,NA,NA,STRAIGHT MOVEMENT ANGLE,Clear,NA,Medium,NO CONTROLS,NONE DETECTED,Yes,No Apparent Injury,N/A,UNKNOWN,XX,PASSENGER CAR,BACKING,15,No,2005,NISSAN,SENTRA,39.04253167,-77.05171833,2023,10,23
230062978,Property Damage Crash,10/27/2023 11:50:00 PM,NA,NA,STRAIGHT MOVEMENT ANGLE,Clear,NA,Medium,N/A,NONE DETECTED,No,No Apparent Injury,N/A,NOT DISTRACTED,VA,PASSENGER CAR,MOVING CONSTANT SPEED,15,No,2008,MERCURY,MARINER,39.04679,-77.11339167,2023,10,23
230062978,Property Damage Crash,10/27/2023 11:50:00 PM,NA,NA,STRAIGHT MOVEMENT ANGLE,Clear,NA,Medium,N/A,NONE DETECTED,Yes,No Apparent Injury,N/A,OTHER CELLULAR PHONE RELATED,MD,PASSENGER CAR,MOVING CONSTANT SPEED,15,No,2007,CHEVY,4D,39.04679,-77.11339167,2023,10,23
230062976,Property Damage Crash,10/27/2023 10:30:00 PM,GOSHEN RD,NA,HEAD ON LEFT TURN,Clear,DRY,Medium,TRAFFIC SIGNAL,NONE DETECTED,Yes,No Apparent Injury,N/A,NOT DISTRACTED,MD,PASSENGER CAR,MOVING CONSTANT SPEED,35,No,2023,NISS,UT,39.187575,-77.18652167,2023,10,22
230062976,Property Damage Crash,10/27/2023 10:30:00 PM,GOSHEN RD,NA,HEAD ON LEFT TURN,Clear,DRY,Medium,TRAFFIC SIGNAL,NONE DETECTED,Yes,No Apparent Injury,N/A,NOT DISTRACTED,MD,PASSENGER CAR,MAKING LEFT TURN,35,No,2005,HONDA,ACCORD,39.187575,-77.18652167,2023,10,22
230062968,Property Damage Crash,10/27/2023 09:03:00 PM,FATHER HURLEY BLVD,NA,SAME DIRECTION LEFT TURN,Clear,DRY,Medium,N/A,NONE DETECTED,No,No Apparent Injury,N/A,NOT DISTRACTED,MD,PASSENGER CAR,MOVING CONSTANT SPEED,45,No,2020,HONDA,4DR,39.19351713,-77.26990683,2023,10,21
230062968,Property Damage Crash,10/27/2023 09:03:00 PM,FATHER HURLEY BLVD,NA,SAME DIRECTION LEFT TURN,Clear,DRY,Medium,N/A,NONE DETECTED,Yes,No Apparent Injury,N/A,UNKNOWN,NA,PASSENGER CAR,MOVING CONSTANT SPEED,45,No,2011,HONDA,4S,39.19351713,-77.26990683,2023,10,21
230062960,Injury Crash,10/27/2023 08:04:00 PM,COLUMBIA PIKE,NA,SAME DIR REAR END,Clear,DRY,Medium,N/A,NONE DETECTED,Unknown,No Apparent Injury,N/A,LOOKED BUT DID NOT SEE,MD,PASSENGER CAR,MOVING CONSTANT SPEED,50,No,2022,FORD,EXPLORER,39.08581517,-76.94624127,2023,10,20
230062960,Injury Crash,10/27/2023 08:04:00 PM,COLUMBIA PIKE,NA,SAME DIR REAR END,Clear,DRY,Medium,N/A,NONE DETECTED,Unknown,No Apparent Injury,N/A,LOOKED BUT DID NOT SEE,MD,PASSENGER CAR,MOVING CONSTANT SPEED,50,No,2016,LINC,4H,39.08581517,-76.94624127,2023,10,20
230062949,Property Damage Crash,10/27/2023 06:45:00 PM,COLESVILLE RD,NA,SAME DIRECTION SIDESWIPE,Clear,DRY,Medium,NO CONTROLS,NONE DETECTED,No,No Apparent Injury,N/A,NOT DISTRACTED,MD,TRANSIT BUS,MOVING CONSTANT SPEED,35,No,2010,NWFL,DE4,39.00638533,-77.02190933,2023,10,18
230062949,Property Damage Crash,10/27/2023 06:45:00 PM,COLESVILLE RD,NA,SAME DIRECTION SIDESWIPE,Clear,DRY,Medium,NO CONTROLS,NONE DETECTED,Yes,No Apparent Injury,N/A,NOT DISTRACTED,DC,PASSENGER CAR,MOVING CONSTANT SPEED,35,No,2008,HONDA,HB,39.00638533,-77.02190933,2023,10,18
230062948,Injury Crash,10/27/2023 06:42:00 PM,CONNECTICUT AVE,NA,SAME DIR REAR END,Clear,DRY,Medium,TRAFFIC SIGNAL,NONE DETECTED,Yes,No Apparent Injury,N/A,UNKNOWN,MD,PASSENGER CAR,UNKNOWN,35,No,2016,TOYOTA,COROLLA,39.047402,-77.07582,2023,10,18
230062948,Injury Crash,10/27/2023 06:42:00 PM,CONNECTICUT AVE,NA,SAME DIR REAR END,Clear,DRY,Medium,TRAFFIC SIGNAL,NONE DETECTED,No,Possible Minor Injury,N/A,NOT DISTRACTED,MD,PASSENGER CAR,STOPPED IN TRAFFIC LANE,35,No,2009,MAZDA,MAZDA 3,39.047402,-77.07582,2023,10,18
230062944,Property Damage Crash,10/27/2023 05:33:00 PM,SECOND AVE,NA,SAME DIRECTION SIDESWIPE,Clear,DRY,Daylight,NO CONTROLS,NONE DETECTED,Yes,No Apparent Injury,N/A,LOOKED BUT DID NOT SEE,MD,(SPORT) UTILITY VEHICLE,CHANGING LANES,30,No,2010,HONDA,PILOT,38.995036,-77.03079754,2023,10,17
230062944,Property Damage Crash,10/27/2023 05:33:00 PM,SECOND AVE,NA,SAME DIRECTION SIDESWIPE,Clear,DRY,Daylight,NO CONTROLS,NONE DETECTED,Yes,No Apparent Injury,N/A,LOOKED BUT DID NOT SEE,MD,TRANSIT BUS,STARTING FROM PARKED,30,No,2014,GIL,LOW FLOOR,38.995036,-77.03079754,2023,10,17
230063601,Property Damage Crash,10/27/2023 05:15:00 PM,GREAT SENECA HWY,NA,SAME DIR REAR END,Clear,DRY,Daylight,YIELD SIGN,NONE DETECTED,No,No Apparent Injury,N/A,NOT DISTRACTED,MD,PASSENGER CAR,SLOWING OR STOPPING,50,No,2022,TESLA,MODEL 3,39.10985578,-77.216822,2023,10,17
230063601,Property Damage Crash,10/27/2023 05:15:00 PM,GREAT SENECA HWY,NA,SAME DIR REAR END,Clear,DRY,Daylight,YIELD SIGN,NONE DETECTED,Yes,No Apparent Injury,N/A,NOT DISTRACTED,MD,PASSENGER CAR,ACCELERATING,50,No,2013,INFINITY,G37X,39.10985578,-77.216822,2023,10,17
230062923,Property Damage Crash,10/27/2023 04:26:00 PM,CONNECTICUT AVE,NA,STRAIGHT MOVEMENT ANGLE,Clear,DRY,Daylight,TRAFFIC SIGNAL,NONE DETECTED,Yes,No Apparent Injury,N/A,NOT DISTRACTED,MD,PICKUP TRUCK,PASSING,35,No,2020,CHEVY,PICKUP,39.00026667,-77.07662557,2023,10,16
230062923,Property Damage Crash,10/27/2023 04:26:00 PM,CONNECTICUT AVE,NA,STRAIGHT MOVEMENT ANGLE,Clear,DRY,Daylight,TRAFFIC SIGNAL,NONE DETECTED,No,No Apparent Injury,N/A,NOT DISTRACTED,MD,PASSENGER CAR,STOPPED IN TRAFFIC LANE,35,No,2021,AUDI,A5,39.00026667,-77.07662557,2023,10,16
23002065,Injury Crash,10/27/2023 03:52:00 PM,BEACH DR,NA,SINGLE VEHICLE,Clear,DRY,Daylight,N/A,NONE DETECTED,Yes,Possible Minor Injury,N/A,UNKNOWN,MD,PASSENGER CAR,MOVING CONSTANT SPEED,25,No,2022,TOYOTA,RAV4,39.00855102,-77.08232689,2023,10,15
230062908,Property Damage Crash,10/27/2023 03:44:00 PM,FREDERICK RD,NA,SAME DIR REAR END,Cloudy,DRY,Daylight,NO CONTROLS,NONE DETECTED,Yes,No Apparent Injury,N/A,UNKNOWN,NA,NA,SLOWING OR STOPPING,40,No,0,UNKNOWN,UNKNOWN,39.16339072,-77.22634012,2023,10,15
230062908,Property Damage Crash,10/27/2023 03:44:00 PM,FREDERICK RD,NA,SAME DIR REAR END,Cloudy,DRY,Daylight,NO CONTROLS,NONE DETECTED,No,No Apparent Injury,N/A,NOT DISTRACTED,MD,TRANSIT BUS,STOPPED IN TRAFFIC LANE,40,No,2014,GILL,BU,39.16339072,-77.22634012,2023,10,15
230062886,Injury Crash,10/27/2023 01:47:00 PM,GEORGIA AVE,NA,SAME DIR REAR END,Cloudy,DRY,Daylight,PERSON,NONE DETECTED,Yes,Possible Minor Injury,N/A,NOT DISTRACTED,MD,MOPED,MOVING CONSTANT SPEED,40,No,2016,CABO,50,39.1819085,-77.06306667,2023,10,13
230062886,Injury Crash,10/27/2023 01:47:00 PM,GEORGIA AVE,NA,SAME DIR REAR END,Cloudy,DRY,Daylight,PERSON,NONE DETECTED,No,No Apparent Injury,N/A,NOT DISTRACTED,MD,PASSENGER CAR,STOPPED IN TRAFFIC LANE,40,No,2006,SUBA,IMPREZA,39.1819085,-77.06306667,2023,10,13
230062878,Property Damage Crash,10/27/2023 01:09:00 PM,SECURITY LA,NA,SAME DIR REAR END,Clear,DRY,Daylight,NO CONTROLS,NONE DETECTED,No,No Apparent Injury,N/A,NOT DISTRACTED,MD,(SPORT) UTILITY VEHICLE,PARKED,25,No,2017,NISS,ROGUE,39.04188667,-77.11105833,2023,10,13
230062878,Property Damage Crash,10/27/2023 01:09:00 PM,SECURITY LA,NA,SAME DIR REAR END,Clear,DRY,Daylight,NO CONTROLS,NONE DETECTED,Yes,No Apparent Injury,N/A,UNKNOWN,NA,(SPORT) UTILITY VEHICLE,BACKING,25,No,2019,HONDA,CR-V,39.04188667,-77.11105833,2023,10,13
230062880,Property Damage Crash,10/27/2023 12:57:00 PM,WISCONSIN AVE,NA,SAME DIRECTION SIDESWIPE,Cloudy,DRY,Daylight,N/A,NONE DETECTED,No,No Apparent Injury,N/A,NOT DISTRACTED,DC,TRANSIT BUS,MOVING CONSTANT SPEED,30,No,2010,THOMAS,BUS,38.9675935,-77.08887983,2023,10,12
230062880,Property Damage Crash,10/27/2023 12:57:00 PM,WISCONSIN AVE,NA,SAME DIRECTION SIDESWIPE,Cloudy,DRY,Daylight,N/A,NONE DETECTED,Yes,No Apparent Injury,N/A,UNKNOWN,NA,UNKNOWN,MOVING CONSTANT SPEED,30,No,2000,FORD,F150,38.9675935,-77.08887983,2023,10,12
230062906,Injury Crash,10/27/2023 12:23:00 PM,NA,PEDESTRIAN,OTHER,Clear,NA,Daylight,NO CONTROLS,NONE DETECTED,Yes,No Apparent Injury,N/A,UNKNOWN,NA,PASSENGER CAR,MOVING CONSTANT SPEED,25,No,2006,HONDA,4S,39.16409283,-77.22851217,2023,10,12
230062862,Property Damage Crash,10/27/2023 11:55:00 AM,DARNESTOWN RD,NA,HEAD ON LEFT TURN,Clear,DRY,Daylight,TRAFFIC SIGNAL,NONE DETECTED,No,No Apparent Injury,N/A,NOT DISTRACTED,MD,PICKUP TRUCK,MOVING CONSTANT SPEED,35,No,2018,RAM,2500,39.11728987,-77.251169,2023,10,11
230062862,Property Damage Crash,10/27/2023 11:55:00 AM,DARNESTOWN RD,NA,HEAD ON LEFT TURN,Clear,DRY,Daylight,TRAFFIC SIGNAL,NONE DETECTED,Yes,No Apparent Injury,N/A,LOOKED BUT DID NOT SEE,MD,PASSENGER CAR,MAKING LEFT TURN,30,No,2014,BMW,X3,39.11728987,-77.251169,2023,10,11
230062867,Property Damage Crash,10/27/2023 11:54:00 AM,TUCKERMAN LA,NA,OTHER,Cloudy,DRY,Daylight,N/A,NONE DETECTED,Yes,No Apparent Injury,N/A,UNKNOWN,MD,PASSENGER CAR,STARTING FROM PARKED,5,No,2021,HONDA,ACCORD,39.04084633,-77.17418667,2023,10,11
230062867,Property Damage Crash,10/27/2023 11:54:00 AM,TUCKERMAN LA,NA,OTHER,Cloudy,DRY,Daylight,N/A,NONE DETECTED,No,No Apparent Injury,N/A,UNKNOWN,MD,SCHOOL BUS,MOVING CONSTANT SPEED,35,No,2023,THOMAS,SBCOV EV 310 TS,39.04084633,-77.17418667,2023,10,11
230062847,Injury Crash,10/27/2023 10:30:00 AM,NEW HAMPSHIRE AVE,NA,SAME DIR REAR END,Clear,DRY,Daylight,TRAFFIC SIGNAL,NONE DETECTED,Yes,No Apparent Injury,N/A,NOT DISTRACTED,MD,PASSENGER CAR,MOVING CONSTANT SPEED,35,No,2001,VOLV,SW,39.04016833,-76.99096333,2023,10,10
230062847,Injury Crash,10/27/2023 10:30:00 AM,NEW HAMPSHIRE AVE,NA,SAME DIR REAR END,Clear,DRY,Daylight,TRAFFIC SIGNAL,NONE DETECTED,No,Possible Minor Injury,N/A,NOT DISTRACTED,MD,PASSENGER CAR,STOPPED IN TRAFFIC LANE,35,No,2022,TOYT,UT,39.04016833,-76.99096333,2023,10,10
230062830,Property Damage Crash,10/27/2023 09:00:00 AM,SPENCERVILLE RD,NA,SAME DIR REND RIGHT TURN,Clear,DRY,Daylight,YIELD SIGN,NONE DETECTED,Yes,No Apparent Injury,N/A,LOOKED BUT DID NOT SEE,MD,PASSENGER CAR,SLOWING OR STOPPING,35,No,2006,TOYT,TK,39.12097167,-76.98823167,2023,10,9
230062830,Property Damage Crash,10/27/2023 09:00:00 AM,SPENCERVILLE RD,NA,SAME DIR REND RIGHT TURN,Clear,DRY,Daylight,YIELD SIGN,NONE DETECTED,No,No Apparent Injury,N/A,NOT DISTRACTED,MD,PASSENGER CAR,STOPPED IN TRAFFIC LANE,35,No,2021,TOYT,WG,39.12097167,-76.98823167,2023,10,9
230062825,Property Damage Crash,10/27/2023 08:15:00 AM,MAIN ST,NA,OTHER,Clear,DRY,Daylight,NO CONTROLS,NONE DETECTED,Yes,No Apparent Injury,N/A,NOT DISTRACTED,MD,"OTHER LIGHT TRUCKS (10,000LBS (4,536KG) OR LESS)",MAKING RIGHT TURN,20,No,2018,FREIGHTLINER,TK,39.11610863,-77.23225927,2023,10,8
230062821,Property Damage Crash,10/27/2023 07:25:00 AM,NEW HAMPSHIRE AVE,NA,ANGLE MEETS RIGHT TURN,Clear,DRY,Medium,NO CONTROLS,NONE DETECTED,Yes,No Apparent Injury,N/A,LOOKED BUT DID NOT SEE,MD,VAN,MAKING RIGHT TURN,40,No,2003,CHEVROLET,VAN,39.0225518,-76.97791,2023,10,7
230062821,Property Damage Crash,10/27/2023 07:25:00 AM,NEW HAMPSHIRE AVE,NA,ANGLE MEETS RIGHT TURN,Clear,DRY,Medium,NO CONTROLS,NONE DETECTED,No,No Apparent Injury,N/A,NOT DISTRACTED,MD,PASSENGER CAR,MOVING CONSTANT SPEED,40,No,2015,NISSAN,SENTRA,39.0225518,-76.97791,2023,10,7
230062818,Property Damage Crash,10/27/2023 07:05:00 AM,FAIRLAND RD,NA,SAME DIR REAR END,Clear,DRY,Medium,NO CONTROLS,NONE DETECTED,No,No Apparent Injury,N/A,NOT DISTRACTED,MD,PASSENGER CAR,STOPPED IN TRAFFIC LANE,40,No,2019,MERZ,SD,39.07706333,-76.96841833,2023,10,7
230062818,Property Damage Crash,10/27/2023 07:05:00 AM,FAIRLAND RD,NA,SAME DIR REAR END,Clear,DRY,Medium,NO CONTROLS,NONE DETECTED,Yes,No Apparent Injury,N/A,LOOKED BUT DID NOT SEE,MD,PASSENGER CAR,SLOWING OR STOPPING,40,No,2011,NISS,SD,39.07706333,-76.96841833,2023,10,7
230062813,Injury Crash,10/27/2023 06:35:00 AM,RANDOLPH RD,NA,STRAIGHT MOVEMENT ANGLE,Cloudy,DRY,Medium,OTHER,NONE DETECTED,No,No Apparent Injury,N/A,NOT DISTRACTED,MD,TRANSIT BUS,ACCELERATING,35,No,2010,NWFL,DE4 BU #6554,39.05651167,-77.082405,2023,10,6
230062813,Injury Crash,10/27/2023 06:35:00 AM,RANDOLPH RD,NA,STRAIGHT MOVEMENT ANGLE,Cloudy,DRY,Medium,OTHER,NONE DETECTED,Yes,No Apparent Injury,N/A,LOOKED BUT DID NOT SEE,MD,PASSENGER CAR,MAKING RIGHT TURN,35,No,2000,HOND,SD,39.05651167,-77.082405,2023,10,6
230062810,Property Damage Crash,10/27/2023 04:46:00 AM,COLESVILLE RD,NA,SAME DIR REAR END,Clear,DRY,Medium,N/A,NONE DETECTED,Yes,No Apparent Injury,N/A,NOT DISTRACTED,MD,PASSENGER CAR,SLOWING OR STOPPING,40,No,2014,DODGE,AVENGER,39.02273986,-77.01156713,2023,10,4
230062810,Property Damage Crash,10/27/2023 04:46:00 AM,COLESVILLE RD,NA,SAME DIR REAR END,Clear,DRY,Medium,N/A,NONE DETECTED,No,No Apparent Injury,N/A,NOT DISTRACTED,MD,PICKUP TRUCK,SLOWING OR STOPPING,40,No,2014,FORD,F150,39.02273986,-77.01156713,2023,10,4
230062809,Property Damage Crash,10/27/2023 04:46:00 AM,COLESVILLE RD,NA,OTHER,Clear,DRY,Medium,N/A,NONE DETECTED,No,No Apparent Injury,"ANIMAL, N/A",NOT DISTRACTED,MD,PASSENGER CAR,MOVING CONSTANT SPEED,40,No,2017,NISSAN,VERSA,39.02262691,-77.01168971,2023,10,4
230062804,Property Damage Crash,10/26/2023 11:38:00 PM,N SUMMIT AVE,NA,SINGLE VEHICLE,Clear,DRY,Medium,NO CONTROLS,ALCOHOL PRESENT,Yes,No Apparent Injury,N/A,LOOKED BUT DID NOT SEE,MD,PASSENGER CAR,MOVING CONSTANT SPEED,25,No,2008,NISSAN,SENTRA,39.14764502,-77.19258855,2023,10,23
230062792,Injury Crash,10/26/2023 09:14:00 PM,FREAS DR,PEDESTRIAN,OTHER,Clear,DRY,Dark,N/A,NONE DETECTED,Yes,No Apparent Injury,N/A,UNKNOWN,MD,(SPORT) UTILITY VEHICLE,MOVING CONSTANT SPEED,30,No,2018,HOND,PILOT,39.09659722,-77.23313566,2023,10,21
230062800,Property Damage Crash,10/26/2023 08:28:00 PM,ROCKVILLE PIKE,NA,SAME DIRECTION SIDESWIPE,Clear,DRY,Medium,N/A,NONE DETECTED,No,No Apparent Injury,N/A,NOT DISTRACTED,MD,PASSENGER CAR,ACCELERATING,40,No,2015,NISSAN,MAXIMA,39.04753286,-77.11302466,2023,10,20
230062800,Property Damage Crash,10/26/2023 08:28:00 PM,ROCKVILLE PIKE,NA,SAME DIRECTION SIDESWIPE,Clear,DRY,Medium,N/A,NONE DETECTED,Yes,No Apparent Injury,N/A,NOT DISTRACTED,MD,PASSENGER CAR,ACCELERATING,40,No,2005,HOND,2S,39.04753286,-77.11302466,2023,10,20
230064699,Property Damage Crash,10/26/2023 07:40:00 PM,MONROE ST,NA,SAME DIR REND LEFT TURN,Clear,DRY,Medium,TRAFFIC SIGNAL,NONE DETECTED,No,No Apparent Injury,N/A,NOT DISTRACTED,MD,PASSENGER CAR,MAKING LEFT TURN,25,No,2013,BMW,328I,39.0811294,-77.1497183,2023,10,19
230064699,Property Damage Crash,10/26/2023 07:40:00 PM,MONROE ST,NA,SAME DIR REND LEFT TURN,Clear,DRY,Medium,TRAFFIC SIGNAL,NONE DETECTED,Yes,No Apparent Injury,N/A,LOOKED BUT DID NOT SEE,MD,PASSENGER CAR,MAKING LEFT TURN,25,No,2016,HYUNDAI,SONATA,39.0811294,-77.1497183,2023,10,19
230062775,Property Damage Crash,10/26/2023 06:39:00 PM,MONTGOMERY AVE,NA,SAME DIRECTION SIDESWIPE,Clear,DRY,Medium,TRAFFIC SIGNAL,NONE DETECTED,Unknown,No Apparent Injury,N/A,NOT DISTRACTED,MD,PASSENGER CAR,MOVING CONSTANT SPEED,25,No,2019,VOLKSWAGEN,JETTA,38.9842475,-77.09080533,2023,10,18
230062775,Property Damage Crash,10/26/2023 06:39:00 PM,MONTGOMERY AVE,NA,SAME DIRECTION SIDESWIPE,Clear,DRY,Medium,TRAFFIC SIGNAL,NONE DETECTED,Unknown,No Apparent Injury,N/A,UNKNOWN,NA,PASSENGER CAR,MOVING CONSTANT SPEED,25,No,1998,CHEVY,TAHOE,38.9842475,-77.09080533,2023,10,18
230062763,Property Damage Crash,10/26/2023 06:01:00 PM,POSTOAK RD,NA,STRAIGHT MOVEMENT ANGLE,Cloudy,DRY,Daylight,STOP SIGN,NONE DETECTED,Unknown,No Apparent Injury,N/A,NOT DISTRACTED,MD,(SPORT) UTILITY VEHICLE,STARTING FROM LANE,25,No,2015,TOYOTA,HIGHLANDER,39.05015777,-77.17801185,2023,10,18
230062763,Property Damage Crash,10/26/2023 06:01:00 PM,POSTOAK RD,NA,STRAIGHT MOVEMENT ANGLE,Cloudy,DRY,Daylight,STOP SIGN,NONE DETECTED,Unknown,No Apparent Injury,N/A,NOT DISTRACTED,MD,(SPORT) UTILITY VEHICLE,STARTING FROM LANE,25,No,2012,TOYOTA,RAV4,39.05015777,-77.17801185,2023,10,18
230062780,Property Damage Crash,10/26/2023 05:56:00 PM,VEIRS MILL RD,NA,SAME DIR REAR END,Clear,DRY,Daylight,TRAFFIC SIGNAL,ALCOHOL PRESENT,Yes,No Apparent Injury,N/A,INATTENTIVE OR LOST IN THOUGHT,XX,PASSENGER CAR,MOVING CONSTANT SPEED,30,No,2008,DODGE,CHALLENGER,39.05581982,-77.08185407,2023,10,17