Local Case Number,ACRS Report Type,Crash Date/Time,Road Name,Related Non-Motorist,Collision Type,Weather,Surface Condition,Light,Traffic Control,Driver Substance Abuse,Driver At Fault,Injury Severity,Circumstance,Driver Distracted By,Drivers License State,Vehicle Body Type,Vehicle Movement,Speed Limit,Driverless Vehicle,Vehicle Year,Vehicle Make,Vehicle Model,Latitude,Longitude,Year,Month,Hour
230062780,Property Damage Crash,10/26/2023 05:56:00 PM,VEIRS MILL RD,NA,SAME DIR REAR END,Clear,DRY,Daylight,TRAFFIC SIGNAL,NONE DETECTED,No,No Apparent Injury,N/A,NOT DISTRACTED,MD,NA,MOVING CONSTANT SPEED,30,No,0,UNKNOWN,UNKNOWN,39.05581982,-77.08185407,2023,10,17
230062739,Injury Crash,10/26/2023 04:57:00 PM,NORBECK RD,NA,HEAD ON LEFT TURN,Clear,DRY,Daylight,NO CONTROLS,NONE DETECTED,Yes,Possible Minor Injury,N/A,LOOKED BUT DID NOT SEE,MD,PASSENGER CAR,MAKING LEFT TURN,35,No,2007,BMW,PC,39.11547683,-77.05180917,2023,10,16
230062739,Injury Crash,10/26/2023 04:57:00 PM,NORBECK RD,NA,HEAD ON LEFT TURN,Clear,DRY,Daylight,NO CONTROLS,NONE DETECTED,No,No Apparent Injury,N/A,NOT DISTRACTED,MD,SCHOOL BUS,MAKING RIGHT TURN,35,No,2019,THMS,BU,39.11547683,-77.05180917,2023,10,16
230062739,Injury Crash,10/26/2023 04:57:00 PM,NORBECK RD,NA,HEAD ON LEFT TURN,Clear,DRY,Daylight,NO CONTROLS,NONE DETECTED,No,Possible Minor Injury,N/A,NOT DISTRACTED,MD,PASSENGER CAR,MOVING CONSTANT SPEED,35,No,2020,SUBARU,OUTBACK,39.11547683,-77.05180917,2023,10,16
230062736,Property Damage Crash,10/26/2023 04:50:00 PM,LOST KNIFE RD,NA,SAME DIRECTION SIDESWIPE,Clear,DRY,Daylight,NO CONTROLS,NONE DETECTED,No,No Apparent Injury,N/A,NOT DISTRACTED,MD,PASSENGER CAR,SLOWING OR STOPPING,30,No,2019,KIA,SD,39.15753833,-77.20340833,2023,10,16
230062736,Property Damage Crash,10/26/2023 04:50:00 PM,LOST KNIFE RD,NA,SAME DIRECTION SIDESWIPE,Clear,DRY,Daylight,NO CONTROLS,NONE DETECTED,Yes,No Apparent Injury,N/A,UNKNOWN,NA,NA,MAKING RIGHT TURN,30,No,0,UNKNOWN,UNKNOWN,39.15753833,-77.20340833,2023,10,16
230062740,Injury Crash,10/26/2023 04:41:00 PM,WOOTTON PKWY,PEDESTRIAN,OTHER,Clear,DRY,Daylight,OTHER,NONE DETECTED,Yes,No Apparent Injury,N/A,LOOKED BUT DID NOT SEE,MD,PASSENGER CAR,MOVING CONSTANT SPEED,35,No,2023,TESLA,MODEL,39.0680312,-77.1678512,2023,10,16
230062734,Injury Crash,10/26/2023 04:34:00 PM,NA,PEDESTRIAN,OTHER,Clear,NA,Daylight,NO CONTROLS,NONE DETECTED,Yes,No Apparent Injury,N/A,LOOKED BUT DID NOT SEE,VA,PASSENGER CAR,MAKING LEFT TURN,5,No,2010,NISSAN,XTERRA,38.98181883,-77.09904767,2023,10,16
230063434,Property Damage Crash,10/26/2023 04:02:00 PM,WOODMONT AVE,NA,SAME DIR REAR END,Clear,DRY,Daylight,TRAFFIC SIGNAL,NONE DETECTED,No,No Apparent Injury,N/A,NOT DISTRACTED,VA,PASSENGER CAR,STOPPED IN TRAFFIC LANE,25,No,2024,DODGE,DART,38.99150743,-77.09677036,2023,10,16
230063434,Property Damage Crash,10/26/2023 04:02:00 PM,WOODMONT AVE,NA,SAME DIR REAR END,Clear,DRY,Daylight,TRAFFIC SIGNAL,NONE DETECTED,Yes,No Apparent Injury,N/A,UNKNOWN,NA,UNKNOWN,SLOWING OR STOPPING,25,No,0,UNKNOWN,UNKNOWN,38.99150743,-77.09677036,2023,10,16
230062724,Injury Crash,10/26/2023 03:45:00 PM,ASPEN HILL RD,NA,SAME DIR REAR END,Clear,DRY,Daylight,NO CONTROLS,NONE DETECTED,No,No Apparent Injury,N/A,NOT DISTRACTED,MD,PASSENGER CAR,SLOWING OR STOPPING,35,No,2023,HONDA,PASSPORT,39.0710955,-77.10044633,2023,10,15
230062724,Injury Crash,10/26/2023 03:45:00 PM,ASPEN HILL RD,NA,SAME DIR REAR END,Clear,DRY,Daylight,NO CONTROLS,NONE DETECTED,Yes,Possible Minor Injury,N/A,NOT DISTRACTED,MD,PASSENGER CAR,MOVING CONSTANT SPEED,35,No,2015,TOYOTA,SIENNA,39.0710955,-77.10044633,2023,10,15
230062724,Injury Crash,10/26/2023 03:45:00 PM,ASPEN HILL RD,NA,SAME DIR REAR END,Clear,DRY,Daylight,NO CONTROLS,NONE DETECTED,No,No Apparent Injury,N/A,NOT DISTRACTED,MD,PASSENGER CAR,MOVING CONSTANT SPEED,35,No,2007,CHEVY,EXPRESS,39.0710955,-77.10044633,2023,10,15
230062726,Property Damage Crash,10/26/2023 03:36:00 PM,WOODFIELD RD,NA,SINGLE VEHICLE,Clear,DRY,Daylight,NO CONTROLS,NONE DETECTED,Yes,No Apparent Injury,N/A,INATTENTIVE OR LOST IN THOUGHT,WI,PASSENGER CAR,MOVING CONSTANT SPEED,30,No,2020,NISSAN,ALTIMA,39.27850317,-77.203894,2023,10,15
230062714,Property Damage Crash,10/26/2023 02:31:00 PM,NA,NA,SINGLE VEHICLE,Clear,NA,Daylight,NO CONTROLS,NONE DETECTED,Yes,No Apparent Injury,N/A,UNKNOWN,MD,PASSENGER CAR,MOVING CONSTANT SPEED,30,No,2015,TOYOTA,RAV4,39.12306967,-77.1631995,2023,10,14
230062710,Property Damage Crash,10/26/2023 02:15:00 PM,COCKERVILLE AVE,NA,SAME DIR REAR END,Clear,DRY,Daylight,NO CONTROLS,NONE DETECTED,Yes,No Apparent Injury,N/A,UNKNOWN,MD,PASSENGER CAR,ACCELERATING,30,No,2007,FORD,TK,38.97030233,-77.00285217,2023,10,14
230062703,Injury Crash,10/26/2023 02:00:00 PM,MUNCASTER RD,NA,SINGLE VEHICLE,Clear,DRY,Daylight,N/A,NONE DETECTED,Yes,Possible Minor Injury,N/A,UNKNOWN,MD,MOTORCYCLE,MOVING CONSTANT SPEED,30,No,2007,SUZUKI,SPORT,39.1543429,-77.1310981,2023,10,14
230062691,Property Damage Crash,10/26/2023 01:15:00 PM,NA,NA,OTHER,Clear,NA,Daylight,NO CONTROLS,NONE DETECTED,Yes,No Apparent Injury,N/A,LOOKED BUT DID NOT SEE,MD,PICKUP TRUCK,BACKING,15,No,2009,FORD,F250,39.03959183,-77.05337567,2023,10,13
230062686,Property Damage Crash,10/26/2023 12:54:00 PM,NA,NA,SINGLE VEHICLE,Clear,NA,Daylight,NO CONTROLS,NONE DETECTED,Yes,No Apparent Injury,N/A,LOOKED BUT DID NOT SEE,MD,SCHOOL BUS,NEGOTIATING A CURVE,15,No,2017,THOMAS,SCHOOL BUS,39.0091585,-76.99789383,2023,10,12
230062684,Property Damage Crash,10/26/2023 12:32:00 PM,GEORGIA AVE,NA,HEAD ON LEFT TURN,Clear,DRY,Daylight,N/A,NONE DETECTED,No,No Apparent Injury,N/A,NOT DISTRACTED,MD,PASSENGER CAR,MOVING CONSTANT SPEED,30,No,2023,NISS,SD,38.98650333,-77.02697167,2023,10,12
230062684,Property Damage Crash,10/26/2023 12:32:00 PM,GEORGIA AVE,NA,HEAD ON LEFT TURN,Clear,DRY,Daylight,N/A,NONE DETECTED,Yes,No Apparent Injury,N/A,LOOKED BUT DID NOT SEE,MD,(SPORT) UTILITY VEHICLE,MAKING LEFT TURN,30,No,2015,HOND,UT,38.98650333,-77.02697167,2023,10,12
230062694,Property Damage Crash,10/26/2023 12:22:00 PM,GEORGIA AVE,NA,SAME DIRECTION LEFT TURN,Clear,DRY,Daylight,NO CONTROLS,NONE DETECTED,Yes,No Apparent Injury,N/A,NOT DISTRACTED,MD,PASSENGER CAR,CHANGING LANES,30,No,2019,JEEP,UT,38.99665061,-77.02781858,2023,10,12
230062694,Property Damage Crash,10/26/2023 12:22:00 PM,GEORGIA AVE,NA,SAME DIRECTION LEFT TURN,Clear,DRY,Daylight,NO CONTROLS,NONE DETECTED,No,No Apparent Injury,N/A,NOT DISTRACTED,DC,TRANSIT BUS,MOVING CONSTANT SPEED,30,No,2022,NFLY,548,38.99665061,-77.02781858,2023,10,12
230062679,Property Damage Crash,10/26/2023 12:21:00 PM,ROCKVILLE PIKE,NA,STRAIGHT MOVEMENT ANGLE,Clear,DRY,Daylight,TRAFFIC SIGNAL,NONE DETECTED,No,No Apparent Injury,N/A,NOT DISTRACTED,MD,PASSENGER CAR,STARTING FROM LANE,25,No,2006,LEXS,SMA585,39.04024167,-77.10962667,2023,10,12
230062679,Property Damage Crash,10/26/2023 12:21:00 PM,ROCKVILLE PIKE,NA,STRAIGHT MOVEMENT ANGLE,Clear,DRY,Daylight,TRAFFIC SIGNAL,NONE DETECTED,Yes,No Apparent Injury,N/A,LOOKED BUT DID NOT SEE,MD,(SPORT) UTILITY VEHICLE,MOVING CONSTANT SPEED,40,No,2022,FORD,ECO SPORT,39.04024167,-77.10962667,2023,10,12
230062659,Property Damage Crash,10/26/2023 11:06:00 AM,GERMANTOWN RD,NA,OTHER,Clear,DRY,Daylight,TRAFFIC SIGNAL,NONE DETECTED,Yes,No Apparent Injury,N/A,LOOKED BUT DID NOT SEE,MD,(SPORT) UTILITY VEHICLE,MAKING LEFT TURN,45,No,2019,TOYOTA,HIGHLANDER,39.18832483,-77.25120933,2023,10,11
230062659,Property Damage Crash,10/26/2023 11:06:00 AM,GERMANTOWN RD,NA,OTHER,Clear,DRY,Daylight,TRAFFIC SIGNAL,NONE DETECTED,No,No Apparent Injury,N/A,NOT DISTRACTED,MD,PASSENGER CAR,MOVING CONSTANT SPEED,45,No,2022,TESLA,3,39.18832483,-77.25120933,2023,10,11
230062660,Injury Crash,10/26/2023 10:59:00 AM,SEVEN LOCKS RD,PEDESTRIAN,OTHER,Clear,DRY,Daylight,STOP SIGN,NONE DETECTED,Unknown,No Apparent Injury,N/A,NOT DISTRACTED,MD,PASSENGER CAR,MAKING LEFT TURN,35,No,2019,LEXUS,ES300,38.97446,-77.1616,2023,10,10
230062644,Property Damage Crash,10/26/2023 10:21:00 AM,CONNECTICUT AVE,NA,SINGLE VEHICLE,Cloudy,DRY,Daylight,N/A,NONE DETECTED,Yes,No Apparent Injury,N/A,UNKNOWN,MD,PASSENGER CAR,MOVING CONSTANT SPEED,35,No,2004,HONDA,CIVIC,38.99680733,-77.07718,2023,10,10
230062643,Property Damage Crash,10/26/2023 09:57:00 AM,ZION RD,NA,STRAIGHT MOVEMENT ANGLE,Clear,DRY,Daylight,STOP SIGN,NONE DETECTED,No,No Apparent Injury,N/A,NOT DISTRACTED,MD,PASSENGER CAR,STARTING FROM LANE,40,No,2015,HOND,CR V,39.18473483,-77.10091233,2023,10,9
230062643,Property Damage Crash,10/26/2023 09:57:00 AM,ZION RD,NA,STRAIGHT MOVEMENT ANGLE,Clear,DRY,Daylight,STOP SIGN,NONE DETECTED,Yes,No Apparent Injury,N/A,NOT DISTRACTED,MD,PASSENGER CAR,MOVING CONSTANT SPEED,40,No,2023,KIA,FORTE,39.18473483,-77.10091233,2023,10,9
230062635,Injury Crash,10/26/2023 09:50:00 AM,MEDICAL CENTER DR,NA,HEAD ON LEFT TURN,Clear,DRY,Daylight,NO CONTROLS,NONE DETECTED,No,No Apparent Injury,N/A,NOT DISTRACTED,MD,TRANSIT BUS,MOVING CONSTANT SPEED,30,No,2021,GILG,BUS,39.10336443,-77.19634317,2023,10,9
230062635,Injury Crash,10/26/2023 09:50:00 AM,MEDICAL CENTER DR,NA,HEAD ON LEFT TURN,Clear,DRY,Daylight,NO CONTROLS,NONE DETECTED,Yes,No Apparent Injury,N/A,UNKNOWN,MD,PASSENGER CAR,MAKING LEFT TURN,30,No,2019,TOYT,COROLLA,39.10336443,-77.19634317,2023,10,9
230062636,Property Damage Crash,10/26/2023 09:32:00 AM,CONNECTICUT AVE,NA,SAME DIRECTION SIDESWIPE,Cloudy,DRY,Daylight,NO CONTROLS,NONE DETECTED,Yes,No Apparent Injury,N/A,UNKNOWN,NA,UNKNOWN,MOVING CONSTANT SPEED,35,No,0,UNKNOWN,UNKNOWN,38.99017733,-77.07731917,2023,10,9
230062636,Property Damage Crash,10/26/2023 09:32:00 AM,CONNECTICUT AVE,NA,SAME DIRECTION SIDESWIPE,Cloudy,DRY,Daylight,NO CONTROLS,NONE DETECTED,No,No Apparent Injury,N/A,NOT DISTRACTED,MD,TRANSIT BUS,UNKNOWN,35,No,2013,THOMAS,BUS,38.99017733,-77.07731917,2023,10,9
230062624,Property Damage Crash,10/26/2023 09:09:00 AM,BRIGGS CHANEY RD,NA,OPPOSITE DIR BOTH LEFT TURN,Clear,N/A,Daylight,TRAFFIC SIGNAL,NONE DETECTED,No,No Apparent Injury,N/A,NOT DISTRACTED,MD,PASSENGER CAR,MOVING CONSTANT SPEED,35,No,2017,SUBARU,FORESTER,39.08100067,-76.94647933,2023,10,9
230062624,Property Damage Crash,10/26/2023 09:09:00 AM,BRIGGS CHANEY RD,NA,OPPOSITE DIR BOTH LEFT TURN,Clear,N/A,Daylight,TRAFFIC SIGNAL,NONE DETECTED,Yes,No Apparent Injury,N/A,NOT DISTRACTED,NA,NA,MOVING CONSTANT SPEED,25,No,0,UNKNOWN,UNKNOWN,39.08100067,-76.94647933,2023,10,9
230062626,Property Damage Crash,10/26/2023 09:08:00 AM,LAYHILL RD,NA,SINGLE VEHICLE,Clear,DRY,Daylight,TRAFFIC SIGNAL,NONE DETECTED,Yes,No Apparent Injury,N/A,NOT DISTRACTED,MD,PASSENGER CAR,MOVING CONSTANT SPEED,40,No,2017,LINCOLN,MKX,39.09090617,-77.04478,2023,10,9
230062625,Property Damage Crash,10/26/2023 08:58:00 AM,HALPINE ROAD,PEDESTRIAN,OTHER,Clear,DRY,Daylight,N/A,NONE DETECTED,Unknown,No Apparent Injury,N/A,UNKNOWN,MD,PASSENGER CAR,MOVING CONSTANT SPEED,35,No,2016,FORD,UT,39.0620035,-77.12353017,2023,10,8
230062657,Property Damage Crash,10/26/2023 08:33:00 AM,PRETORIA DR,NA,HEAD ON,Clear,DRY,Daylight,NO CONTROLS,NONE DETECTED,Yes,No Apparent Injury,N/A,UNKNOWN,NA,PASSENGER CAR,UNKNOWN,25,No,2019,HYUNDAI,ELANTRA,39.06016381,-76.94917579,2023,10,8
230062620,Property Damage Crash,10/26/2023 08:12:00 AM,BAUER DR,NA,SAME DIRECTION SIDESWIPE,Clear,DRY,Daylight,NO CONTROLS,NONE DETECTED,No,No Apparent Injury,N/A,NOT DISTRACTED,MD,TRANSIT BUS,STOPPED IN TRAFFIC LANE,30,No,2017,GILG,BU,39.09537433,-77.109365,2023,10,8
230062620,Property Damage Crash,10/26/2023 08:12:00 AM,BAUER DR,NA,SAME DIRECTION SIDESWIPE,Clear,DRY,Daylight,NO CONTROLS,NONE DETECTED,Yes,No Apparent Injury,N/A,UNKNOWN,NA,PASSENGER CAR,CHANGING LANES,30,No,0,KIA,4D,39.09537433,-77.109365,2023,10,8
230062619,Property Damage Crash,10/26/2023 08:04:00 AM,BRIGGS CHANEY RD,NA,SAME DIR REAR END,Clear,DRY,Daylight,NO CONTROLS,NONE DETECTED,No,No Apparent Injury,N/A,NOT DISTRACTED,MD,PASSENGER CAR,SLOWING OR STOPPING,30,No,2008,TOYOTA,PRIUS,39.08083849,-76.94594145,2023,10,8
230062619,Property Damage Crash,10/26/2023 08:04:00 AM,BRIGGS CHANEY RD,NA,SAME DIR REAR END,Clear,DRY,Daylight,NO CONTROLS,NONE DETECTED,Yes,No Apparent Injury,N/A,UNKNOWN,NA,PASSENGER CAR,SLOWING OR STOPPING,40,No,2012,KIA,OPTIMA,39.08083849,-76.94594145,2023,10,8
230062619,Property Damage Crash,10/26/2023 08:04:00 AM,BRIGGS CHANEY RD,NA,SAME DIR REAR END,Clear,DRY,Daylight,NO CONTROLS,NONE DETECTED,No,No Apparent Injury,N/A,UNKNOWN,NA,PASSENGER CAR,SLOWING OR STOPPING,40,No,0,UNKNOWN,UNKNOWN,39.08083849,-76.94594145,2023,10,8
230062617,Property Damage Crash,10/26/2023 08:02:00 AM,VICTORY LA,BICYCLIST,SINGLE VEHICLE,Clear,DRY,Daylight,STOP SIGN,NONE DETECTED,No,No Apparent Injury,N/A,NOT DISTRACTED,MD,PASSENGER CAR,MOVING CONSTANT SPEED,30,No,2020,NISS,SENTRA,39.05007333,-77.17782333,2023,10,8
230062615,Property Damage Crash,10/26/2023 07:35:00 AM,NA,NA,OTHER,Clear,NA,Daylight,N/A,NONE DETECTED,No,No Apparent Injury,N/A,NOT DISTRACTED,MD,SCHOOL BUS,PARKED,0,No,2019,THOMAS,CONV-MSDE-C-8,39.06557667,-77.03793,2023,10,7
230062615,Property Damage Crash,10/26/2023 07:35:00 AM,NA,NA,OTHER,Clear,NA,Daylight,N/A,NONE DETECTED,Yes,No Apparent Injury,N/A,UNKNOWN,MD,PASSENGER CAR,PASSING,0,No,2015,DODGE,CHARGER,39.06557667,-77.03793,2023,10,7
230062613,Injury Crash,10/26/2023 07:20:00 AM,GROSVENOR PL,PEDESTRIAN,SINGLE VEHICLE,Clear,DRY,Medium,NO CONTROLS,NONE DETECTED,Yes,No Apparent Injury,N/A,OTHER DISTRACTION,TX,PASSENGER CAR,MOVING CONSTANT SPEED,20,No,2005,TOYOTA,COROLLA,39.02299667,-77.10580833,2023,10,7
230062612,Property Damage Crash,10/26/2023 07:11:00 AM,MARTINSBURG RD,NA,SINGLE VEHICLE,Clear,DRY,Medium,NO CONTROLS,NONE DETECTED,No,No Apparent Injury,N/A,NOT DISTRACTED,MD,SCHOOL BUS,MOVING CONSTANT SPEED,30,No,2018,THMS,BU,39.18579467,-77.46766333,2023,10,7
230062611,Property Damage Crash,10/26/2023 06:50:00 AM,E RANDOLPH RD,NA,SAME DIRECTION SIDESWIPE,Cloudy,DRY,Dark,NO CONTROLS,NONE DETECTED,Yes,No Apparent Injury,N/A,LOOKED BUT DID NOT SEE,MD,PASSENGER CAR,ENTERING TRAFFIC LANE,35,No,2017,NISS,4S,39.07573976,-77.00149704,2023,10,6
230062611,Property Damage Crash,10/26/2023 06:50:00 AM,E RANDOLPH RD,NA,SAME DIRECTION SIDESWIPE,Cloudy,DRY,Dark,NO CONTROLS,NONE DETECTED,No,No Apparent Injury,N/A,NOT DISTRACTED,MD,PASSENGER CAR,MOVING CONSTANT SPEED,35,No,2018,HOND,UT,39.07573976,-77.00149704,2023,10,6
230062610,Injury Crash,10/26/2023 06:30:00 AM,MACARTHUR BLVD,BICYCLIST,STRAIGHT MOVEMENT ANGLE,Clear,DRY,Medium,TRAFFIC SIGNAL,NONE DETECTED,Yes,No Apparent Injury,N/A,NOT DISTRACTED,VA,PASSENGER CAR,MAKING LEFT TURN,35,No,2012,HYUNDAI,ACCENT,38.96858,-77.13904,2023,10,6
230062608,Property Damage Crash,10/26/2023 03:10:00 AM,LONGDRAFT RD,NA,SAME DIRECTION SIDESWIPE,Clear,DRY,Medium,NO CONTROLS,NONE DETECTED,Yes,No Apparent Injury,N/A,UNKNOWN,NA,VAN,MOVING CONSTANT SPEED,25,No,2019,HONDA,ODYSSEY,39.14967407,-77.23808273,2023,10,3
230062601,Property Damage Crash,10/26/2023 01:21:00 AM,SAM EIG HWY,NA,SINGLE VEHICLE,Clear,DRY,Medium,NO CONTROLS,NONE DETECTED,No,No Apparent Injury,N/A,NOT DISTRACTED,MD,POLICE VEHICLE/NON EMERGENCY,MOVING CONSTANT SPEED,55,No,2016,FORD,INTERCEPTOR,39.12542364,-77.20096115,2023,10,1
230062598,Property Damage Crash,10/25/2023 11:54:00 PM,UNIVERSITY BLVD E,NA,SINGLE VEHICLE,Clear,DRY,Medium,NO CONTROLS,NONE DETECTED,No,No Apparent Injury,N/A,NOT DISTRACTED,MD,POLICE VEHICLE/EMERGENCY,MOVING CONSTANT SPEED,35,No,2023,FORD,EXPLORER,39.01660047,-77.00597202,2023,10,23
230062586,Property Damage Crash,10/25/2023 08:49:00 PM,NEW HAMPSHIRE AVE,NA,SAME DIRECTION RIGHT TURN,Clear,DRY,Medium,TRAFFIC SIGNAL,NONE DETECTED,No,No Apparent Injury,N/A,NOT DISTRACTED,MD,PASSENGER CAR,STARTING FROM LANE,40,No,2018,HONDA,ACCORD,39.01721581,-76.97727905,2023,10,20
230062586,Property Damage Crash,10/25/2023 08:49:00 PM,NEW HAMPSHIRE AVE,NA,SAME DIRECTION RIGHT TURN,Clear,DRY,Medium,TRAFFIC SIGNAL,NONE DETECTED,Yes,No Apparent Injury,N/A,UNKNOWN,NA,PICKUP TRUCK,STARTING FROM LANE,40,No,2008,TOYOTA,TACOMA,39.01721581,-76.97727905,2023,10,20
230062576,Property Damage Crash,10/25/2023 08:00:00 PM,EDGEMOOR LA,NA,SINGLE VEHICLE,Clear,DRY,Medium,TRAFFIC SIGNAL,NONE DETECTED,Yes,No Apparent Injury,N/A,UNKNOWN,MD,PASSENGER CAR,MOVING CONSTANT SPEED,30,No,2014,FORD,ESCAPE,38.97822617,-77.09932767,2023,10,20
230062573,Property Damage Crash,10/25/2023 07:30:00 PM,BRADLEY BLVD,NA,SAME DIRECTION SIDESWIPE,Clear,DRY,Dark,NO CONTROLS,DRUG AND ALCOHOL CONTRIBUTED,Yes,No Apparent Injury,N/A,UNKNOWN,MD,PASSENGER CAR,MOVING CONSTANT SPEED,25,No,2014,FORD,FOCUS,38.978195,-77.094515,2023,10,19
230062567,Property Damage Crash,10/25/2023 06:45:00 PM,ROLLINS AVE,NA,OTHER,Clear,DRY,Medium,TRAFFIC SIGNAL,NONE DETECTED,No,No Apparent Injury,N/A,NOT DISTRACTED,MD,POLICE VEHICLE/EMERGENCY,MOVING CONSTANT SPEED,25,No,2019,CHEVROLET,TAHOE,39.05877525,-77.12055357,2023,10,18
230062567,Property Damage Crash,10/25/2023 06:45:00 PM,ROLLINS AVE,NA,OTHER,Clear,DRY,Medium,TRAFFIC SIGNAL,NONE DETECTED,Yes,No Apparent Injury,N/A,LOOKED BUT DID NOT SEE,MD,PASSENGER CAR,MOVING CONSTANT SPEED,25,No,2017,TOYT,TK,39.05877525,-77.12055357,2023,10,18
230062565,Injury Crash,10/25/2023 06:42:00 PM,CRABBS BRANCH WAY,NA,HEAD ON LEFT TURN,Clear,DRY,Medium,TRAFFIC SIGNAL,NONE DETECTED,Yes,Possible Minor Injury,N/A,NOT DISTRACTED,MD,PASSENGER CAR,MAKING LEFT TURN,35,No,2013,TOYOTA,RAV4,39.11469667,-77.15689167,2023,10,18
230062565,Injury Crash,10/25/2023 06:42:00 PM,CRABBS BRANCH WAY,NA,HEAD ON LEFT TURN,Clear,DRY,Medium,TRAFFIC SIGNAL,NONE DETECTED,No,No Apparent Injury,N/A,NOT DISTRACTED,MD,PASSENGER CAR,MOVING CONSTANT SPEED,35,No,2021,VOLKSWAGON,JETTA,39.11469667,-77.15689167,2023,10,18
230062563,Injury Crash,10/25/2023 06:36:00 PM,NEW HAMPSHIRE AVE,NA,STRAIGHT MOVEMENT ANGLE,Clear,DRY,Medium,NO CONTROLS,NONE DETECTED,No,No Apparent Injury,N/A,NOT DISTRACTED,DC,(SPORT) UTILITY VEHICLE,MOVING CONSTANT SPEED,35,No,2021,TOYOTA,RAV4,38.98434667,-76.98816833,2023,10,18
230062563,Injury Crash,10/25/2023 06:36:00 PM,NEW HAMPSHIRE AVE,NA,STRAIGHT MOVEMENT ANGLE,Clear,DRY,Medium,NO CONTROLS,NONE DETECTED,Yes,Possible Minor Injury,N/A,UNKNOWN,MD,PASSENGER CAR,MOVING CONSTANT SPEED,35,No,2012,TOYOTA,CAMRY,38.98434667,-76.98816833,2023,10,18
230062570,Property Damage Crash,10/25/2023 06:22:00 PM,THAYER AVE,NA,OTHER,Clear,DRY,Medium,NO CONTROLS,NONE DETECTED,Yes,No Apparent Injury,N/A,UNKNOWN,NA,(SPORT) UTILITY VEHICLE,BACKING,35,No,2010,NISSAN,ROGUE,38.99329227,-77.01775623,2023,10,18
230062559,Injury Crash,10/25/2023 06:17:00 PM,FREDERICK RD,NA,HEAD ON LEFT TURN,Cloudy,DRY,Medium,TRAFFIC SIGNAL,NONE DETECTED,No,Possible Minor Injury,N/A,NOT DISTRACTED,MD,POLICE VEHICLE/EMERGENCY,MOVING CONSTANT SPEED,40,No,2017,SUBARU,IMPREZA,39.19837833,-77.24520833,2023,10,18
230062559,Injury Crash,10/25/2023 06:17:00 PM,FREDERICK RD,NA,HEAD ON LEFT TURN,Cloudy,DRY,Medium,TRAFFIC SIGNAL,NONE DETECTED,Yes,No Apparent Injury,N/A,NOT DISTRACTED,MD,"MEDIUM/HEAVY TRUCKS 3 AXLES (OVER 10,000LBS (4,536KG))",MAKING LEFT TURN,40,No,2019,INTERNATIONAL,TOW TRUCK,39.19837833,-77.24520833,2023,10,18
230063772,Property Damage Crash,10/25/2023 05:23:00 PM,OLD GEORGETOWN RD,NA,SAME DIR REAR END,Clear,DRY,Daylight,NO CONTROLS,NONE DETECTED,Yes,No Apparent Injury,N/A,UNKNOWN,MD,PASSENGER CAR,MOVING CONSTANT SPEED,40,No,2013,ACURA,4DR,39.01286589,-77.11723995,2023,10,17
230063772,Property Damage Crash,10/25/2023 05:23:00 PM,OLD GEORGETOWN RD,NA,SAME DIR REAR END,Clear,DRY,Daylight,NO CONTROLS,NONE DETECTED,No,No Apparent Injury,N/A,NOT DISTRACTED,MD,PASSENGER CAR,SLOWING OR STOPPING,40,No,2014,JEEP,PATRIOT,39.01286589,-77.11723995,2023,10,17
230062555,Injury Crash,10/25/2023 05:22:00 PM,PINEY BRANCH RD,NA,SINGLE VEHICLE,Clear,DRY,Daylight,TRAFFIC SIGNAL,NONE DETECTED,Yes,Possible Minor Injury,N/A,UNKNOWN,MD,MOTORCYCLE,SLOWING OR STOPPING,35,No,2019,YAMAHA,YZR3,38.99854902,-77.00107327,2023,10,17
230062546,Property Damage Crash,10/25/2023 04:55:00 PM,PRINCE PHILIP DR,NA,STRAIGHT MOVEMENT ANGLE,Clear,DRY,Daylight,NO CONTROLS,NONE DETECTED,No,No Apparent Injury,N/A,UNKNOWN,MD,PASSENGER CAR,MOVING CONSTANT SPEED,35,No,2012,TOYOTA,PRIUS,39.15115122,-77.05697447,2023,10,16
230062546,Property Damage Crash,10/25/2023 04:55:00 PM,PRINCE PHILIP DR,NA,STRAIGHT MOVEMENT ANGLE,Clear,DRY,Daylight,NO CONTROLS,NONE DETECTED,Yes,No Apparent Injury,N/A,UNKNOWN,MD,PASSENGER CAR,MAKING LEFT TURN,35,No,2018,FORD,ECOSPORT,39.15115122,-77.05697447,2023,10,16
230062529,Property Damage Crash,10/25/2023 03:30:00 PM,WISCONSIN AVE,NA,SAME DIRECTION LEFT TURN,Clear,DRY,Daylight,NO CONTROLS,NONE DETECTED,No,No Apparent Injury,N/A,NOT DISTRACTED,MD,PASSENGER CAR,MOVING CONSTANT SPEED,25,No,2001,SUBA,OUTBACK,38.98599333,-77.09456667,2023,10,15
230062529,Property Damage Crash,10/25/2023 03:30:00 PM,WISCONSIN AVE,NA,SAME DIRECTION LEFT TURN,Clear,DRY,Daylight,NO CONTROLS,NONE DETECTED,Yes,No Apparent Injury,N/A,LOOKED BUT DID NOT SEE,MD,PASSENGER CAR,STARTING FROM PARKED,25,No,2009,TOYOTA,AVALON,38.98599333,-77.09456667,2023,10,15
230062533,Property Damage Crash,10/25/2023 02:43:00 PM,OLD COLUMBIA PIKE,NA,ANGLE MEETS RIGHT TURN,Clear,DRY,Daylight,NO CONTROLS,NONE DETECTED,No,No Apparent Injury,N/A,NOT DISTRACTED,MD,PASSENGER CAR,MOVING CONSTANT SPEED,5,No,2014,VOLKS,JETTA,39.112059,-76.93333967,2023,10,14
230062533,Property Damage Crash,10/25/2023 02:43:00 PM,OLD COLUMBIA PIKE,NA,ANGLE MEETS RIGHT TURN,Clear,DRY,Daylight,NO CONTROLS,NONE DETECTED,Yes,No Apparent Injury,N/A,LOOKED BUT DID NOT SEE,MD,PASSENGER CAR,MAKING RIGHT TURN,5,No,2004,TOYOTA,CAMRY,39.112059,-76.93333967,2023,10,14
230062516,Injury Crash,10/25/2023 02:00:00 PM,FREDERICK RD,NA,SAME DIRECTION SIDESWIPE,Clear,DRY,Daylight,NO CONTROLS,NONE DETECTED,Yes,No Apparent Injury,N/A,UNKNOWN,MD,PASSENGER CAR,MOVING CONSTANT SPEED,40,No,2021,KIA,FORTE,39.1055285,-77.15730833,2023,10,14
230062516,Injury Crash,10/25/2023 02:00:00 PM,FREDERICK RD,NA,SAME DIRECTION SIDESWIPE,Clear,DRY,Daylight,NO CONTROLS,NONE DETECTED,Yes,Possible Minor Injury,N/A,UNKNOWN,MD,PASSENGER CAR,MOVING CONSTANT SPEED,40,No,2022,TOYOTA,CAMRY,39.1055285,-77.15730833,2023,10,14
230062523,Property Damage Crash,10/25/2023 01:48:00 PM,FRIENDSHIP BLVD,NA,SAME DIRECTION SIDESWIPE,Clear,DRY,Daylight,NO CONTROLS,NONE DETECTED,Unknown,No Apparent Injury,N/A,UNKNOWN,XX,(SPORT) UTILITY VEHICLE,MOVING CONSTANT SPEED,25,No,2001,JEEP,GRAND CHEROKEE,38.9604485,-77.08809317,2023,10,13
230062523,Property Damage Crash,10/25/2023 01:48:00 PM,FRIENDSHIP BLVD,NA,SAME DIRECTION SIDESWIPE,Clear,DRY,Daylight,NO CONTROLS,NONE DETECTED,Unknown,No Apparent Injury,N/A,UNKNOWN,MD,(SPORT) UTILITY VEHICLE,PARKING,25,No,2020,MERZ,C230,38.9604485,-77.08809317,2023,10,13