Local Case Number,ACRS Report Type,Crash Date/Time,Road Name,Related Non-Motorist,Collision Type,Weather,Surface Condition,Light,Traffic Control,Driver Substance Abuse,Driver At Fault,Injury Severity,Circumstance,Driver Distracted By,Drivers License State,Vehicle Body Type,Vehicle Movement,Speed Limit,Driverless Vehicle,Vehicle Year,Vehicle Make,Vehicle Model,Latitude,Longitude,Year,Month,Hour
230062509,Property Damage Crash,10/25/2023 01:26:00 PM,WISTERIA DR,NA,STRAIGHT MOVEMENT ANGLE,Clear,DRY,Daylight,NO CONTROLS,NONE DETECTED,Yes,No Apparent Injury,N/A,LOOKED BUT DID NOT SEE,NY,PASSENGER CAR,MAKING LEFT TURN,25,No,2008,TOYOTA,PRIUS,39.17031396,-77.26188202,2023,10,13
230062509,Property Damage Crash,10/25/2023 01:26:00 PM,WISTERIA DR,NA,STRAIGHT MOVEMENT ANGLE,Clear,DRY,Daylight,NO CONTROLS,NONE DETECTED,No,No Apparent Injury,N/A,NOT DISTRACTED,MD,PASSENGER CAR,MOVING CONSTANT SPEED,35,No,1992,NISSAN,240SX,39.17031396,-77.26188202,2023,10,13
230062494,Property Damage Crash,10/25/2023 12:40:00 PM,NA,NA,STRAIGHT MOVEMENT ANGLE,Clear,NA,Daylight,N/A,NONE DETECTED,Yes,No Apparent Injury,N/A,LOOKED BUT DID NOT SEE,MD,PASSENGER CAR,ACCELERATING,15,No,2020,NISSAN,CG,39.1560012,-77.21287642,2023,10,12
230062494,Property Damage Crash,10/25/2023 12:40:00 PM,NA,NA,STRAIGHT MOVEMENT ANGLE,Clear,NA,Daylight,N/A,NONE DETECTED,No,No Apparent Injury,N/A,NOT DISTRACTED,MD,PASSENGER CAR,MOVING CONSTANT SPEED,15,No,2020,TOYT,UT,39.1560012,-77.21287642,2023,10,12
230062941,Injury Crash,10/25/2023 12:25:00 PM,ROCKVILLE PIKE,NA,SAME DIR REAR END,Clear,DRY,Daylight,TRAFFIC SIGNAL,NONE DETECTED,Yes,Possible Minor Injury,N/A,NOT DISTRACTED,XX,PASSENGER CAR,MOVING CONSTANT SPEED,35,No,2003,HONDA,CIVIC,39.07443186,-77.13556663,2023,10,12
230062941,Injury Crash,10/25/2023 12:25:00 PM,ROCKVILLE PIKE,NA,SAME DIR REAR END,Clear,DRY,Daylight,TRAFFIC SIGNAL,NONE DETECTED,No,No Apparent Injury,N/A,NOT DISTRACTED,MD,PICKUP TRUCK,STOPPED IN TRAFFIC LANE,35,No,2016,CHEV,SILVERADO,39.07443186,-77.13556663,2023,10,12
230062941,Injury Crash,10/25/2023 12:25:00 PM,ROCKVILLE PIKE,NA,SAME DIR REAR END,Clear,DRY,Daylight,TRAFFIC SIGNAL,NONE DETECTED,No,No Apparent Injury,N/A,NOT DISTRACTED,MD,PASSENGER CAR,STOPPED IN TRAFFIC LANE,35,No,2022,KIA,SOUL,39.07443186,-77.13556663,2023,10,12
230062485,Property Damage Crash,10/25/2023 12:01:00 PM,CONNECTICUT AVE,NA,STRAIGHT MOVEMENT ANGLE,Clear,DRY,Daylight,TRAFFIC SIGNAL,NONE DETECTED,No,No Apparent Injury,N/A,NOT DISTRACTED,DC,PASSENGER CAR,MOVING CONSTANT SPEED,30,No,2013,VOLKSWAGEN,CC,38.97783333,-77.07727333,2023,10,12
230062485,Property Damage Crash,10/25/2023 12:01:00 PM,CONNECTICUT AVE,NA,STRAIGHT MOVEMENT ANGLE,Clear,DRY,Daylight,TRAFFIC SIGNAL,NONE DETECTED,Yes,No Apparent Injury,N/A,NOT DISTRACTED,MD,VAN,MAKING LEFT TURN,30,No,2013,TOTOTA,SIENNA,38.97783333,-77.07727333,2023,10,12
230062473,Property Damage Crash,10/25/2023 11:09:00 AM,BRADLEY BLVD,NA,SAME DIRECTION RIGHT TURN,Clear,DRY,Daylight,NO CONTROLS,NONE DETECTED,Yes,No Apparent Injury,N/A,NOT DISTRACTED,VA,PASSENGER CAR,MAKING RIGHT TURN,25,No,2023,HYUNDAI,SONATA,38.9775896,-77.09181373,2023,10,11
230063754,Property Damage Crash,10/25/2023 10:15:00 AM,FATHER HURLEY BLVD,NA,SAME DIRECTION SIDESWIPE,Clear,DRY,Daylight,YIELD SIGN,NONE DETECTED,No,No Apparent Injury,N/A,NOT DISTRACTED,MD,PASSENGER CAR,MOVING CONSTANT SPEED,40,No,2014,HONDA,CIVIC,39.19574217,-77.26730833,2023,10,10
230063754,Property Damage Crash,10/25/2023 10:15:00 AM,FATHER HURLEY BLVD,NA,SAME DIRECTION SIDESWIPE,Clear,DRY,Daylight,YIELD SIGN,NONE DETECTED,Yes,No Apparent Injury,N/A,UNKNOWN,NA,PASSENGER CAR,CHANGING LANES,40,No,2001,HONDA,ACCORD,39.19574217,-77.26730833,2023,10,10
230062453,Property Damage Crash,10/25/2023 10:10:00 AM,NA,NA,HEAD ON,Clear,NA,Daylight,NO CONTROLS,NONE DETECTED,Yes,No Apparent Injury,N/A,UNKNOWN,MD,PASSENGER CAR,PARKING,0,No,2015,CHEVY,4D,39.20108769,-77.24881394,2023,10,10
230062455,Property Damage Crash,10/25/2023 09:59:00 AM,LAYTONSVILLE RD,NA,ANGLE MEETS LEFT TURN,Clear,DRY,Daylight,STOP SIGN,NONE DETECTED,Yes,No Apparent Injury,N/A,LOOKED BUT DID NOT SEE,MD,PASSENGER CAR,MAKING LEFT TURN,50,No,2014,BMW,335XI,39.25089608,-77.14384971,2023,10,9
230062455,Property Damage Crash,10/25/2023 09:59:00 AM,LAYTONSVILLE RD,NA,ANGLE MEETS LEFT TURN,Clear,DRY,Daylight,STOP SIGN,NONE DETECTED,No,No Apparent Injury,N/A,NOT DISTRACTED,MD,POLICE VEHICLE/EMERGENCY,MOVING CONSTANT SPEED,50,No,2020,CHEVROLET,TAHOE,39.25089608,-77.14384971,2023,10,9
230062438,Property Damage Crash,10/25/2023 08:28:00 AM,DUTROW DR,NA,OPPOSITE DIRECTION SIDESWIPE,Clear,DRY,Daylight,NO CONTROLS,NONE DETECTED,No,No Apparent Injury,N/A,NOT DISTRACTED,MD,PASSENGER CAR,MOVING CONSTANT SPEED,15,No,2011,BMW,135I,39.244455,-77.282471,2023,10,8
230062438,Property Damage Crash,10/25/2023 08:28:00 AM,DUTROW DR,NA,OPPOSITE DIRECTION SIDESWIPE,Clear,DRY,Daylight,NO CONTROLS,NONE DETECTED,Yes,No Apparent Injury,N/A,NOT DISTRACTED,MD,PASSENGER CAR,NEGOTIATING A CURVE,15,No,2022,TESLA,Y,39.244455,-77.282471,2023,10,8
230062435,Injury Crash,10/25/2023 08:20:00 AM,GREAT SENECA HWY,NA,SAME DIR REAR END,Clear,DRY,Daylight,NO CONTROLS,NONE DETECTED,Yes,No Apparent Injury,"N/A, VISION OBSTRUCTION (INCL. BLINDED BY SUN)",NOT DISTRACTED,MD,PASSENGER CAR,SLOWING OR STOPPING,50,No,2020,PORS,TK,39.10897373,-77.2136575,2023,10,8
230062435,Injury Crash,10/25/2023 08:20:00 AM,GREAT SENECA HWY,NA,SAME DIR REAR END,Clear,DRY,Daylight,NO CONTROLS,NONE DETECTED,No,Possible Minor Injury,"N/A, VISION OBSTRUCTION (INCL. BLINDED BY SUN)",NOT DISTRACTED,MD,PASSENGER CAR,STOPPED IN TRAFFIC LANE,50,No,2019,INFINITY,TK,39.10897373,-77.2136575,2023,10,8
230062427,Injury Crash,10/25/2023 08:00:00 AM,COLESVILLE RD,NA,HEAD ON LEFT TURN,Clear,DRY,Daylight,NO CONTROLS,NONE DETECTED,Yes,No Apparent Injury,N/A,LOOKED BUT DID NOT SEE,MD,PASSENGER CAR,MAKING LEFT TURN,40,No,2010,MAZDA,6,39.0216355,-77.011876,2023,10,8
230062427,Injury Crash,10/25/2023 08:00:00 AM,COLESVILLE RD,NA,HEAD ON LEFT TURN,Clear,DRY,Daylight,NO CONTROLS,NONE DETECTED,No,Possible Minor Injury,N/A,NOT DISTRACTED,MD,PASSENGER CAR,MOVING CONSTANT SPEED,40,No,2014,HONDA,CIVIC,39.0216355,-77.011876,2023,10,8
230062265,Injury Crash,10/25/2023 07:00:00 AM,KEATING ST,PEDESTRIAN,SINGLE VEHICLE,Clear,DRY,Medium,STOP SIGN,NONE DETECTED,Yes,No Apparent Injury,N/A,LOOKED BUT DID NOT SEE,MD,PASSENGER CAR,STARTING FROM LANE,10,No,2021,TOYOTA,CAROLA,39.07669637,-77.08936362,2023,10,7
230062419,Injury Crash,10/25/2023 06:09:00 AM,CASTLE BLVD,PEDESTRIAN,OTHER,Clear,DRY,Medium,NO CONTROLS,NONE DETECTED,No,No Apparent Injury,N/A,LOOKED BUT DID NOT SEE,XX,PASSENGER CAR,MOVING CONSTANT SPEED,25,No,0,UNKNOWN,UNKNOWN,39.08555076,-76.94044895,2023,10,6
230062417,Injury Crash,10/25/2023 05:00:00 AM,FREDERICK RD,NA,HEAD ON,Clear,DRY,Medium,N/A,NONE DETECTED,No,Possible Minor Injury,N/A,NOT DISTRACTED,MD,PASSENGER CAR,MOVING CONSTANT SPEED,30,No,2008,NISSAN,4D,39.14610921,-77.2041736,2023,10,5
230062417,Injury Crash,10/25/2023 05:00:00 AM,FREDERICK RD,NA,HEAD ON,Clear,DRY,Medium,N/A,NONE DETECTED,Yes,Possible Minor Injury,N/A,NOT DISTRACTED,MD,PASSENGER CAR,MAKING LEFT TURN,30,No,1998,HOND,SD,39.14610921,-77.2041736,2023,10,5
230062416,Property Damage Crash,10/25/2023 04:01:00 AM,GREENCASTLE RD,NA,SAME DIRECTION SIDESWIPE,Clear,DRY,Medium,NO CONTROLS,NONE DETECTED,Yes,No Apparent Injury,N/A,UNKNOWN,NA,PASSENGER CAR,UNKNOWN,35,No,2014,HYUNDAI,ELANTRA,39.08830352,-76.93074121,2023,10,4
230062416,Property Damage Crash,10/25/2023 04:01:00 AM,GREENCASTLE RD,NA,SAME DIRECTION SIDESWIPE,Clear,DRY,Medium,NO CONTROLS,NONE DETECTED,Yes,No Apparent Injury,N/A,UNKNOWN,NA,PASSENGER CAR,UNKNOWN,35,No,2010,HYUNDAI,ELANTRA,39.08830352,-76.93074121,2023,10,4
230062408,Property Damage Crash,10/25/2023 12:09:00 AM,NEW HAMPSHIRE AVE,NA,SAME DIRECTION SIDESWIPE,Clear,DRY,Medium,N/A,NONE DETECTED,No,No Apparent Injury,N/A,NOT DISTRACTED,MD,PASSENGER CAR,PARKED,35,No,2013,NISSAN,MAXIMA,39.0349215,-76.987523,2023,10,0
230062408,Property Damage Crash,10/25/2023 12:09:00 AM,NEW HAMPSHIRE AVE,NA,SAME DIRECTION SIDESWIPE,Clear,DRY,Medium,N/A,NONE DETECTED,Yes,No Apparent Injury,N/A,LOOKED BUT DID NOT SEE,MD,PASSENGER CAR,MOVING CONSTANT SPEED,35,No,2022,HYUNDAI,ELANTRA,39.0349215,-76.987523,2023,10,0
230062403,Property Damage Crash,10/24/2023 10:56:00 PM,NORBECK RD,NA,SINGLE VEHICLE,Clear,DRY,Dark,NO CONTROLS,NONE DETECTED,No,No Apparent Injury,N/A,NOT DISTRACTED,MD,PASSENGER CAR,MOVING CONSTANT SPEED,40,No,2023,CHEV,HB,39.09408683,-77.11856649,2023,10,22
230062386,Injury Crash,10/24/2023 08:27:00 PM,UNIVERSITY BLVD E,PEDESTRIAN,SINGLE VEHICLE,Clear,DRY,Medium,NO CONTROLS,NONE DETECTED,No,No Apparent Injury,N/A,NOT DISTRACTED,MD,PASSENGER CAR,MOVING CONSTANT SPEED,20,No,2012,CHEVY,IMPALA,39.00154727,-76.99552645,2023,10,20
230062388,Property Damage Crash,10/24/2023 08:20:00 PM,NA,NA,OTHER,Clear,NA,Medium,N/A,NONE DETECTED,Yes,No Apparent Injury,N/A,UNKNOWN,NA,PASSENGER CAR,BACKING,5,No,2023,CHEVROLET,UTILITY,39.22678833,-77.283855,2023,10,20
230062384,Property Damage Crash,10/24/2023 08:15:00 PM,NICHOLSON LA,NA,OPPOSITE DIRECTION SIDESWIPE,Clear,DRY,Medium,FLASHING TRAFFIC SIGNAL,NONE DETECTED,Yes,No Apparent Injury,N/A,LOOKED BUT DID NOT SEE,MD,PASSENGER CAR,MOVING CONSTANT SPEED,30,No,2022,HONDA,UT,39.04500333,-77.11670533,2023,10,20
230062384,Property Damage Crash,10/24/2023 08:15:00 PM,NICHOLSON LA,NA,OPPOSITE DIRECTION SIDESWIPE,Clear,DRY,Medium,FLASHING TRAFFIC SIGNAL,NONE DETECTED,Yes,No Apparent Injury,N/A,LOOKED BUT DID NOT SEE,MD,PASSENGER CAR,MOVING CONSTANT SPEED,30,No,2007,HYUNDAI,SANTA FE,39.04500333,-77.11670533,2023,10,20
230062382,Property Damage Crash,10/24/2023 08:09:00 PM,RANDOLPH RD,NA,STRAIGHT MOVEMENT ANGLE,Clear,DRY,Medium,TRAFFIC SIGNAL,NONE DETECTED,Yes,No Apparent Injury,N/A,LOOKED BUT DID NOT SEE,MD,(SPORT) UTILITY VEHICLE,UNKNOWN,35,No,2016,TOYT,TK,39.05533333,-77.08351,2023,10,20
230062382,Property Damage Crash,10/24/2023 08:09:00 PM,RANDOLPH RD,NA,STRAIGHT MOVEMENT ANGLE,Clear,DRY,Medium,TRAFFIC SIGNAL,NONE DETECTED,No,No Apparent Injury,N/A,NOT DISTRACTED,MD,PICKUP TRUCK,UNKNOWN,35,No,2019,CHEV,PK,39.05533333,-77.08351,2023,10,20
230062381,Property Damage Crash,10/24/2023 08:05:00 PM,GREAT SENECA HWY,NA,SAME DIR REAR END,Clear,DRY,Medium,TRAFFIC SIGNAL,NONE DETECTED,No,No Apparent Injury,N/A,NOT DISTRACTED,MD,PASSENGER CAR,STOPPED IN TRAFFIC LANE,35,No,2024,CHEVY,4D,39.17389983,-77.2614475,2023,10,20
230062381,Property Damage Crash,10/24/2023 08:05:00 PM,GREAT SENECA HWY,NA,SAME DIR REAR END,Clear,DRY,Medium,TRAFFIC SIGNAL,NONE DETECTED,No,No Apparent Injury,N/A,NOT DISTRACTED,MD,PASSENGER CAR,STOPPED IN TRAFFIC LANE,35,No,2018,KIA,SUV,39.17389983,-77.2614475,2023,10,20
230062381,Property Damage Crash,10/24/2023 08:05:00 PM,GREAT SENECA HWY,NA,SAME DIR REAR END,Clear,DRY,Medium,TRAFFIC SIGNAL,NONE DETECTED,Yes,No Apparent Injury,N/A,LOOKED BUT DID NOT SEE,MD,PASSENGER CAR,MOVING CONSTANT SPEED,35,No,2015,ACUR,UT,39.17389983,-77.2614475,2023,10,20
230062379,Property Damage Crash,10/24/2023 08:00:00 PM,WIGHTMAN RD,NA,SAME DIR REAR END,Clear,DRY,Medium,NO CONTROLS,NONE DETECTED,Yes,No Apparent Injury,N/A,NOT DISTRACTED,TN,PASSENGER CAR,MOVING CONSTANT SPEED,35,No,2008,CHEV,COBALT,39.18928167,-77.190543,2023,10,20
230062379,Property Damage Crash,10/24/2023 08:00:00 PM,WIGHTMAN RD,NA,SAME DIR REAR END,Clear,DRY,Medium,NO CONTROLS,NONE DETECTED,No,No Apparent Injury,N/A,NOT DISTRACTED,MD,PASSENGER CAR,SLOWING OR STOPPING,35,No,2017,ACUR,UT,39.18928167,-77.190543,2023,10,20
230062378,Property Damage Crash,10/24/2023 07:40:00 PM,BRASSIE PL,NA,SAME DIRECTION RIGHT TURN,Clear,DRY,Medium,STOP SIGN,NONE DETECTED,Yes,No Apparent Injury,N/A,LOOKED BUT DID NOT SEE,MD,PASSENGER CAR,STARTING FROM LANE,10,No,2018,TOYOTA,CAMRY,39.17422721,-77.20224102,2023,10,19
230062378,Property Damage Crash,10/24/2023 07:40:00 PM,BRASSIE PL,NA,SAME DIRECTION RIGHT TURN,Clear,DRY,Medium,STOP SIGN,NONE DETECTED,No,No Apparent Injury,N/A,NOT DISTRACTED,MD,POLICE VEHICLE/NON EMERGENCY,MAKING RIGHT TURN,10,No,2021,VOLKSWAGON,ARTEON,39.17422721,-77.20224102,2023,10,19
230062375,Property Damage Crash,10/24/2023 07:02:00 PM,MONTGOMERY AVE,NA,HEAD ON LEFT TURN,Clear,DRY,Medium,TRAFFIC SIGNAL,NONE DETECTED,Yes,No Apparent Injury,N/A,LOOKED BUT DID NOT SEE,MD,PASSENGER CAR,MAKING LEFT TURN,25,No,2017,TOYT,PRIUS,38.9841145,-77.09094217,2023,10,19
230062375,Property Damage Crash,10/24/2023 07:02:00 PM,MONTGOMERY AVE,NA,HEAD ON LEFT TURN,Clear,DRY,Medium,TRAFFIC SIGNAL,NONE DETECTED,No,No Apparent Injury,N/A,NOT DISTRACTED,DC,PASSENGER CAR,STARTING FROM LANE,25,No,2018,INFINITI,HB,38.9841145,-77.09094217,2023,10,19
230062368,Property Damage Crash,10/24/2023 06:54:00 PM,RIDGE RD,NA,SAME DIR REAR END,Clear,DRY,Medium,NO CONTROLS,NONE DETECTED,No,No Apparent Injury,N/A,NOT DISTRACTED,MD,(SPORT) UTILITY VEHICLE,STOPPED IN TRAFFIC LANE,40,No,2019,SUBA,ASCENT,39.26091483,-77.22260733,2023,10,18
230062368,Property Damage Crash,10/24/2023 06:54:00 PM,RIDGE RD,NA,SAME DIR REAR END,Clear,DRY,Medium,NO CONTROLS,NONE DETECTED,Yes,No Apparent Injury,N/A,NOT DISTRACTED,MD,PASSENGER CAR,SLOWING OR STOPPING,40,No,2014,BMW,528I,39.26091483,-77.22260733,2023,10,18
230062361,Property Damage Crash,10/24/2023 06:10:00 PM,FLOWER HILL WAY,NA,OTHER,Clear,DRY,Medium,NO CONTROLS,NONE DETECTED,Yes,No Apparent Injury,N/A,NOT DISTRACTED,MD,PASSENGER CAR,BACKING,25,No,2014,FORD,PK,39.1571945,-77.16253,2023,10,18
230062351,Property Damage Crash,10/24/2023 04:58:00 PM,GEORGIA AVE,NA,SAME DIRECTION SIDESWIPE,Clear,DRY,Daylight,NO CONTROLS,NONE DETECTED,No,No Apparent Injury,N/A,NOT DISTRACTED,MD,PASSENGER CAR,STOPPED IN TRAFFIC LANE,35,No,2021,VOLK,TIGUAN,39.09242901,-77.07982142,2023,10,16
230062351,Property Damage Crash,10/24/2023 04:58:00 PM,GEORGIA AVE,NA,SAME DIRECTION SIDESWIPE,Clear,DRY,Daylight,NO CONTROLS,NONE DETECTED,Yes,No Apparent Injury,N/A,UNKNOWN,NA,PASSENGER CAR,MOVING CONSTANT SPEED,35,No,2010,DODGE,CHARGER,39.09242901,-77.07982142,2023,10,16
230062333,Property Damage Crash,10/24/2023 03:30:00 PM,FIELDCREST RD,NA,SAME DIR REAR END,Clear,DRY,Daylight,NO CONTROLS,NONE DETECTED,No,No Apparent Injury,N/A,NOT DISTRACTED,MD,PASSENGER CAR,SLOWING OR STOPPING,50,No,2019,MERCEDES,S560,39.18541033,-77.13596183,2023,10,15
230062333,Property Damage Crash,10/24/2023 03:30:00 PM,FIELDCREST RD,NA,SAME DIR REAR END,Clear,DRY,Daylight,NO CONTROLS,NONE DETECTED,Yes,No Apparent Injury,N/A,LOOKED BUT DID NOT SEE,MD,PASSENGER CAR,MOVING CONSTANT SPEED,50,No,2022,DODGE,DURANGO,39.18541033,-77.13596183,2023,10,15
230062330,Injury Crash,10/24/2023 02:49:00 PM,WILSON LA,NA,SAME DIR REAR END,Clear,DRY,Daylight,OTHER,NONE DETECTED,No,No Apparent Injury,N/A,NOT DISTRACTED,MD,PASSENGER CAR,STOPPED IN TRAFFIC LANE,35,No,2016,KIA,FORTE 5,38.98686833,-77.13222333,2023,10,14
230062330,Injury Crash,10/24/2023 02:49:00 PM,WILSON LA,NA,SAME DIR REAR END,Clear,DRY,Daylight,OTHER,NONE DETECTED,Yes,Possible Minor Injury,N/A,OTHER DISTRACTION,MD,(SPORT) UTILITY VEHICLE,SLOWING OR STOPPING,35,No,2021,GMC,TERRAIN,38.98686833,-77.13222333,2023,10,14
230062330,Injury Crash,10/24/2023 02:49:00 PM,WILSON LA,NA,SAME DIR REAR END,Clear,DRY,Daylight,OTHER,NONE DETECTED,No,No Apparent Injury,N/A,NOT DISTRACTED,MD,(SPORT) UTILITY VEHICLE,STOPPED IN TRAFFIC LANE,35,No,2022,MERCEDES,GLC,38.98686833,-77.13222333,2023,10,14
230062325,Property Damage Crash,10/24/2023 02:47:00 PM,GERMANTOWN RD,NA,SAME DIR REAR END,Clear,DRY,Daylight,TRAFFIC SIGNAL,NONE DETECTED,No,No Apparent Injury,N/A,NOT DISTRACTED,MD,PASSENGER CAR,STOPPED IN TRAFFIC LANE,40,No,2015,HOND,4S,39.18757333,-77.25261333,2023,10,14
230062325,Property Damage Crash,10/24/2023 02:47:00 PM,GERMANTOWN RD,NA,SAME DIR REAR END,Clear,DRY,Daylight,TRAFFIC SIGNAL,NONE DETECTED,No,No Apparent Injury,N/A,NOT DISTRACTED,MD,PASSENGER CAR,STOPPED IN TRAFFIC LANE,40,No,2013,TOYT,HY,39.18757333,-77.25261333,2023,10,14
230062325,Property Damage Crash,10/24/2023 02:47:00 PM,GERMANTOWN RD,NA,SAME DIR REAR END,Clear,DRY,Daylight,TRAFFIC SIGNAL,NONE DETECTED,Yes,No Apparent Injury,N/A,NOT DISTRACTED,PA,(SPORT) UTILITY VEHICLE,SLOWING OR STOPPING,40,No,2021,TOY,RAV,39.18757333,-77.25261333,2023,10,14
230062316,Property Damage Crash,10/24/2023 02:29:00 PM,COLUMBIA PIKE,NA,HEAD ON LEFT TURN,Clear,DRY,Daylight,TRAFFIC SIGNAL,NONE DETECTED,Yes,No Apparent Injury,N/A,NOT DISTRACTED,MD,TRANSIT BUS,STARTING FROM LANE,45,No,2020,NOVA,BU,39.04652733,-76.9866035,2023,10,14
230062316,Property Damage Crash,10/24/2023 02:29:00 PM,COLUMBIA PIKE,NA,HEAD ON LEFT TURN,Clear,DRY,Daylight,TRAFFIC SIGNAL,NONE DETECTED,No,No Apparent Injury,N/A,NOT DISTRACTED,MD,PASSENGER CAR,MOVING CONSTANT SPEED,45,No,2022,NISSAN,ALTIMA,39.04652733,-76.9866035,2023,10,14
230062318,Injury Crash,10/24/2023 02:00:00 PM,FREDERICK RD,NA,ANGLE MEETS RIGHT TURN,Clear,DRY,Daylight,TRAFFIC SIGNAL,NONE DETECTED,Unknown,Possible Minor Injury,N/A,NOT DISTRACTED,MD,PASSENGER CAR,STARTING FROM LANE,30,No,2017,TOYOTA,COROLLA,39.14997727,-77.20904268,2023,10,14
230062318,Injury Crash,10/24/2023 02:00:00 PM,FREDERICK RD,NA,ANGLE MEETS RIGHT TURN,Clear,DRY,Daylight,TRAFFIC SIGNAL,NONE DETECTED,Unknown,Possible Minor Injury,N/A,NOT DISTRACTED,MD,PASSENGER CAR,MOVING CONSTANT SPEED,30,No,2016,HONDA,CRV,39.14997727,-77.20904268,2023,10,14
230062313,Injury Crash,10/24/2023 01:34:00 PM,NA,PEDESTRIAN,SINGLE VEHICLE,Clear,NA,Daylight,N/A,NONE DETECTED,Yes,No Apparent Injury,N/A,UNKNOWN,MD,PASSENGER CAR,BACKING,0,No,2012,MERZ,TK,39.10780605,-77.16144929,2023,10,13
230062277,Injury Crash,10/24/2023 10:09:00 AM,FIRST ST,NA,SAME DIR REAR END,Clear,DRY,Daylight,YIELD SIGN,NONE DETECTED,Yes,Possible Minor Injury,N/A,UNKNOWN,MD,PASSENGER CAR,SLOWING OR STOPPING,35,No,2015,HOND,SD,39.08157694,-77.1462358,2023,10,10
230062277,Injury Crash,10/24/2023 10:09:00 AM,FIRST ST,NA,SAME DIR REAR END,Clear,DRY,Daylight,YIELD SIGN,NONE DETECTED,No,No Apparent Injury,N/A,NOT DISTRACTED,MD,PASSENGER CAR,STOPPED IN TRAFFIC LANE,35,No,2015,SUBA,SW,39.08157694,-77.1462358,2023,10,10
230062275,Injury Crash,10/24/2023 10:00:00 AM,S SUMMIT AVE,NA,STRAIGHT MOVEMENT ANGLE,Clear,DRY,Daylight,STOP SIGN,NONE DETECTED,Yes,No Apparent Injury,N/A,NOT DISTRACTED,VA,PASSENGER CAR,MAKING LEFT TURN,25,No,2008,ACURA,4D SDN,39.14058006,-77.19366973,2023,10,10
230062278,Property Damage Crash,10/24/2023 10:00:00 AM,GOOD HOPE RD,NA,HEAD ON LEFT TURN,Clear,DRY,Daylight,TRAFFIC SIGNAL,NONE DETECTED,Yes,No Apparent Injury,N/A,NOT DISTRACTED,MD,PASSENGER CAR,MAKING LEFT TURN,30,No,2002,BUICK,4S,39.09585333,-77.00218167,2023,10,10
230062275,Injury Crash,10/24/2023 10:00:00 AM,S SUMMIT AVE,NA,STRAIGHT MOVEMENT ANGLE,Clear,DRY,Daylight,STOP SIGN,NONE DETECTED,No,Possible Minor Injury,N/A,NOT DISTRACTED,MD,PASSENGER CAR,MOVING CONSTANT SPEED,25,No,2005,TOYOTA,SIENNA,39.14058006,-77.19366973,2023,10,10
230062278,Property Damage Crash,10/24/2023 10:00:00 AM,GOOD HOPE RD,NA,HEAD ON LEFT TURN,Clear,DRY,Daylight,TRAFFIC SIGNAL,NONE DETECTED,No,No Apparent Injury,N/A,NOT DISTRACTED,MD,PASSENGER CAR,MOVING CONSTANT SPEED,30,No,2019,TOYT,TK,39.09585333,-77.00218167,2023,10,10
230062250,Property Damage Crash,10/24/2023 08:11:00 AM,WISTERIA DR,NA,SAME DIR REAR END,Clear,DRY,Daylight,NO CONTROLS,NONE DETECTED,Yes,No Apparent Injury,N/A,UNKNOWN,MD,PASSENGER CAR,MOVING CONSTANT SPEED,35,No,2016,VOLK,GTI,39.16636667,-77.25932,2023,10,8
230062250,Property Damage Crash,10/24/2023 08:11:00 AM,WISTERIA DR,NA,SAME DIR REAR END,Clear,DRY,Daylight,NO CONTROLS,NONE DETECTED,No,No Apparent Injury,N/A,NOT DISTRACTED,MD,PICKUP TRUCK,STOPPED IN TRAFFIC LANE,35,No,2023,CHEV,1500,39.16636667,-77.25932,2023,10,8
230062259,Property Damage Crash,10/24/2023 08:09:00 AM,VEIRS MILL RD,NA,SAME DIRECTION RIGHT TURN,Clear,DRY,Daylight,N/A,NONE DETECTED,Yes,No Apparent Injury,N/A,UNKNOWN,NA,PASSENGER CAR,MOVING CONSTANT SPEED,35,No,8888,HONDA,UNKNOWN,39.07866199,-77.13119397,2023,10,8
230062259,Property Damage Crash,10/24/2023 08:09:00 AM,VEIRS MILL RD,NA,SAME DIRECTION RIGHT TURN,Clear,DRY,Daylight,N/A,NONE DETECTED,No,No Apparent Injury,N/A,NOT DISTRACTED,MD,OTHER,MOVING CONSTANT SPEED,35,No,2019,PETERBUILT,MAIL TRUCK,39.07866199,-77.13119397,2023,10,8
230062253,Property Damage Crash,10/24/2023 07:55:00 AM,SEVEN LOCKS RD,NA,SAME DIRECTION SIDESWIPE,Clear,DRY,Daylight,NO CONTROLS,NONE DETECTED,Unknown,No Apparent Injury,N/A,NOT DISTRACTED,MD,PICKUP TRUCK,MOVING CONSTANT SPEED,35,No,2014,FORD,F-350,39.04006511,-77.15912631,2023,10,7
230062253,Property Damage Crash,10/24/2023 07:55:00 AM,SEVEN LOCKS RD,NA,SAME DIRECTION SIDESWIPE,Clear,DRY,Daylight,NO CONTROLS,NONE DETECTED,Unknown,No Apparent Injury,N/A,NOT DISTRACTED,MD,PASSENGER CAR,MOVING CONSTANT SPEED,35,No,2013,MINI,COUNTRYMAN,39.04006511,-77.15912631,2023,10,7
230062249,Property Damage Crash,10/24/2023 07:35:00 AM,E JEFFERSON ST,NA,STRAIGHT MOVEMENT ANGLE,Clear,DRY,Daylight,TRAFFIC SIGNAL,NONE DETECTED,Unknown,No Apparent Injury,N/A,UNKNOWN,MD,PASSENGER CAR,MAKING LEFT TURN,30,No,2015,NISSAN,SENTRA,39.08286898,-77.1511339,2023,10,7
230062249,Property Damage Crash,10/24/2023 07:35:00 AM,E JEFFERSON ST,NA,STRAIGHT MOVEMENT ANGLE,Clear,DRY,Daylight,TRAFFIC SIGNAL,NONE DETECTED,Unknown,No Apparent Injury,N/A,UNKNOWN,MD,PASSENGER CAR,MOVING CONSTANT SPEED,30,No,2024,HONDA,CRV,39.08286898,-77.1511339,2023,10,7
230062248,Property Damage Crash,10/24/2023 07:33:00 AM,DALEWOOD DR,NA,SAME DIRECTION SIDESWIPE,Clear,DRY,Daylight,NO CONTROLS,NONE DETECTED,Yes,No Apparent Injury,N/A,LOOKED BUT DID NOT SEE,MD,"CARGO VAN/LIGHT TRUCK 2 AXLES (OVER 10,000LBS (4,536 KG))",MOVING CONSTANT SPEED,25,No,2013,CHEVROLET,EXPRESS,39.05682667,-77.069749,2023,10,7
230062248,Property Damage Crash,10/24/2023 07:33:00 AM,DALEWOOD DR,NA,SAME DIRECTION SIDESWIPE,Clear,DRY,Daylight,NO CONTROLS,NONE DETECTED,Yes,No Apparent Injury,N/A,LOOKED BUT DID NOT SEE,MD,PASSENGER CAR,ENTERING TRAFFIC LANE,25,No,2016,FORD,ESCAPE,39.05682667,-77.069749,2023,10,7
230062245,Property Damage Crash,10/24/2023 06:59:00 AM,MONROE ST,NA,HEAD ON LEFT TURN,Clear,DRY,Medium,TRAFFIC SIGNAL,NONE DETECTED,No,No Apparent Injury,N/A,NOT DISTRACTED,MD,PASSENGER CAR,MOVING CONSTANT SPEED,30,No,2008,TOYOTA,COROLLA,39.08195517,-77.14919562,2023,10,6
230062245,Property Damage Crash,10/24/2023 06:59:00 AM,MONROE ST,NA,HEAD ON LEFT TURN,Clear,DRY,Medium,TRAFFIC SIGNAL,NONE DETECTED,Yes,No Apparent Injury,N/A,INATTENTIVE OR LOST IN THOUGHT,MD,PASSENGER CAR,MAKING LEFT TURN,30,No,2016,VOLKSWAGON,BEETLE,39.08195517,-77.14919562,2023,10,6