Local Case Number,ACRS Report Type,Crash Date/Time,Road Name,Related Non-Motorist,Collision Type,Weather,Surface Condition,Light,Traffic Control,Driver Substance Abuse,Driver At Fault,Injury Severity,Circumstance,Driver Distracted By,Drivers License State,Vehicle Body Type,Vehicle Movement,Speed Limit,Driverless Vehicle,Vehicle Year,Vehicle Make,Vehicle Model,Latitude,Longitude,Year,Month,Hour
230062228,Injury Crash,10/23/2023 11:08:00 PM,FAIRDALE RD,NA,HEAD ON,Clear,DRY,Medium,NO CONTROLS,NONE DETECTED,No,Possible Minor Injury,N/A,NOT DISTRACTED,MD,POLICE VEHICLE/EMERGENCY,MOVING CONSTANT SPEED,25,No,2012,DODGE,CHARGER,39.08925501,-76.95810866,2023,10,23
230062228,Injury Crash,10/23/2023 11:08:00 PM,FAIRDALE RD,NA,HEAD ON,Clear,DRY,Medium,NO CONTROLS,NONE DETECTED,Yes,Possible Minor Injury,N/A,NOT DISTRACTED,MD,PASSENGER CAR,MOVING CONSTANT SPEED,25,No,2017,MERZ,CLA,39.08925501,-76.95810866,2023,10,23
230062221,Injury Crash,10/23/2023 10:06:00 PM,COLESVILLE RD,NA,SAME DIR REAR END,Clear,DRY,Medium,TRAFFIC SIGNAL,NONE DETECTED,No,No Apparent Injury,N/A,NOT DISTRACTED,MD,PASSENGER CAR,STOPPED IN TRAFFIC LANE,35,No,2017,NISSAN,SENTRA,39.01979019,-77.01322597,2023,10,22
230062221,Injury Crash,10/23/2023 10:06:00 PM,COLESVILLE RD,NA,SAME DIR REAR END,Clear,DRY,Medium,TRAFFIC SIGNAL,NONE DETECTED,Yes,No Apparent Injury,N/A,UNKNOWN,MD,PASSENGER CAR,ACCELERATING,35,No,2011,DODGE,CARAVAN,39.01979019,-77.01322597,2023,10,22
230062221,Injury Crash,10/23/2023 10:06:00 PM,COLESVILLE RD,NA,SAME DIR REAR END,Clear,DRY,Medium,TRAFFIC SIGNAL,NONE DETECTED,No,Possible Minor Injury,N/A,NOT DISTRACTED,MD,PASSENGER CAR,STARTING FROM LANE,35,No,2021,CHEV,TRAILBLAZER,39.01979019,-77.01322597,2023,10,22
230062206,Property Damage Crash,10/23/2023 08:15:00 PM,MONTGOMERY VILLAGE AVE,NA,SAME DIR REAR END,Clear,DRY,Medium,TRAFFIC SIGNAL,NONE DETECTED,Yes,No Apparent Injury,N/A,UNKNOWN,MD,PASSENGER CAR,MOVING CONSTANT SPEED,35,No,2011,BUIC,SD,39.1524342,-77.21260987,2023,10,20
230062206,Property Damage Crash,10/23/2023 08:15:00 PM,MONTGOMERY VILLAGE AVE,NA,SAME DIR REAR END,Clear,DRY,Medium,TRAFFIC SIGNAL,NONE DETECTED,No,No Apparent Injury,N/A,UNKNOWN,MD,PASSENGER CAR,SLOWING OR STOPPING,35,No,2016,NISS,TK,39.1524342,-77.21260987,2023,10,20
230062203,Property Damage Crash,10/23/2023 07:19:00 PM,OLNEY LAYTONSVILLE RD,NA,ANGLE MEETS LEFT TURN,Clear,DRY,Dark,TRAFFIC SIGNAL,NONE DETECTED,No,No Apparent Injury,N/A,NOT DISTRACTED,MD,PASSENGER CAR,MAKING LEFT TURN,40,No,2018,CHEVY,VOLT,39.18384333,-77.11202533,2023,10,19
230062203,Property Damage Crash,10/23/2023 07:19:00 PM,OLNEY LAYTONSVILLE RD,NA,ANGLE MEETS LEFT TURN,Clear,DRY,Dark,TRAFFIC SIGNAL,NONE DETECTED,Yes,No Apparent Injury,N/A,NOT DISTRACTED,MD,PASSENGER CAR,SLOWING OR STOPPING,40,No,2007,HONDA,ACCORD,39.18384333,-77.11202533,2023,10,19
230062197,Injury Crash,10/23/2023 06:59:00 PM,NA,PEDESTRIAN,OTHER,Clear,NA,Medium,NO CONTROLS,NONE DETECTED,Yes,No Apparent Injury,N/A,UNKNOWN,MD,(SPORT) UTILITY VEHICLE,BACKING,25,No,2008,FORD,ESCAPE,38.99646417,-77.023829,2023,10,18
230062187,Property Damage Crash,10/23/2023 05:50:00 PM,FREDERICK RD,NA,HEAD ON LEFT TURN,Clear,DRY,Daylight,TRAFFIC SIGNAL,NONE DETECTED,No,No Apparent Injury,N/A,NOT DISTRACTED,MD,PASSENGER CAR,MOVING CONSTANT SPEED,40,No,2009,BMW,2DR,39.11565183,-77.1662755,2023,10,17
230062187,Property Damage Crash,10/23/2023 05:50:00 PM,FREDERICK RD,NA,HEAD ON LEFT TURN,Clear,DRY,Daylight,TRAFFIC SIGNAL,NONE DETECTED,Yes,No Apparent Injury,N/A,LOOKED BUT DID NOT SEE,MD,VAN,MAKING LEFT TURN,40,No,2020,CHRY,MINIVAN,39.11565183,-77.1662755,2023,10,17
230062185,Injury Crash,10/23/2023 05:28:00 PM,CLOPPER RD,NA,SINGLE VEHICLE,Clear,DRY,Daylight,NO CONTROLS,NONE DETECTED,No,Possible Minor Injury,N/A,NOT DISTRACTED,MD,(SPORT) UTILITY VEHICLE,MOVING CONSTANT SPEED,40,No,2023,MAZD,UT,39.173664,-77.298947,2023,10,17
230062176,Property Damage Crash,10/23/2023 05:20:00 PM,GEORGIA AVE,NA,HEAD ON LEFT TURN,Clear,DRY,Daylight,TRAFFIC SIGNAL,NONE DETECTED,Yes,No Apparent Injury,N/A,LOOKED BUT DID NOT SEE,MD,PASSENGER CAR,MAKING LEFT TURN,40,No,2008,TOYOTA,SOLARA,39.1428625,-77.06769017,2023,10,17
230062176,Property Damage Crash,10/23/2023 05:20:00 PM,GEORGIA AVE,NA,HEAD ON LEFT TURN,Clear,DRY,Daylight,TRAFFIC SIGNAL,NONE DETECTED,No,No Apparent Injury,N/A,NOT DISTRACTED,MD,VAN,MOVING CONSTANT SPEED,40,No,2010,FORD,E 250,39.1428625,-77.06769017,2023,10,17
230062178,Injury Crash,10/23/2023 05:13:00 PM,E GUDE DR,NA,SAME DIR REAR END,Clear,DRY,Daylight,TRAFFIC SIGNAL,NONE DETECTED,No,No Apparent Injury,N/A,NOT DISTRACTED,MD,PASSENGER CAR,STOPPED IN TRAFFIC LANE,40,No,2022,GMC,DENALI,39.09778933,-77.13714833,2023,10,17
230062178,Injury Crash,10/23/2023 05:13:00 PM,E GUDE DR,NA,SAME DIR REAR END,Clear,DRY,Daylight,TRAFFIC SIGNAL,ALCOHOL PRESENT,Yes,Possible Minor Injury,N/A,OTHER DISTRACTION,DC,PASSENGER CAR,MOVING CONSTANT SPEED,40,No,2008,CHEVROLET,SILVERADO,39.09778933,-77.13714833,2023,10,17
230062178,Injury Crash,10/23/2023 05:13:00 PM,E GUDE DR,NA,SAME DIR REAR END,Clear,DRY,Daylight,TRAFFIC SIGNAL,NONE DETECTED,No,No Apparent Injury,N/A,NOT DISTRACTED,MD,PASSENGER CAR,STOPPED IN TRAFFIC LANE,40,No,2009,HOND,PILOT,39.09778933,-77.13714833,2023,10,17
230062171,Injury Crash,10/23/2023 04:47:00 PM,FREDERICK RD,BICYCLIST,SINGLE VEHICLE,Clear,DRY,Daylight,NO CONTROLS,NONE DETECTED,Yes,No Apparent Injury,N/A,LOOKED BUT DID NOT SEE,MD,PASSENGER CAR,MAKING LEFT TURN,30,No,2016,BUICK,4DS6,39.14766339,-77.20591178,2023,10,16
230062163,Property Damage Crash,10/23/2023 04:45:00 PM,BEL PRE RD,NA,SAME DIRECTION SIDESWIPE,Clear,DRY,Daylight,TRAFFIC SIGNAL,NONE DETECTED,No,No Apparent Injury,N/A,NOT DISTRACTED,MD,PASSENGER CAR,STOPPED IN TRAFFIC LANE,35,No,2008,HOND,SD,39.0933305,-77.07918583,2023,10,16
230062163,Property Damage Crash,10/23/2023 04:45:00 PM,BEL PRE RD,NA,SAME DIRECTION SIDESWIPE,Clear,DRY,Daylight,TRAFFIC SIGNAL,NONE DETECTED,Yes,No Apparent Injury,N/A,LOOKED BUT DID NOT SEE,MD,PASSENGER CAR,CHANGING LANES,35,No,2019,TOYOTA,COROLLA,39.0933305,-77.07918583,2023,10,16
230064188,Property Damage Crash,10/23/2023 04:45:00 PM,GREENCASTLE RD,NA,SAME DIR REND RIGHT TURN,Clear,DRY,Daylight,TRAFFIC SIGNAL,NONE DETECTED,Yes,No Apparent Injury,N/A,NOT DISTRACTED,MD,PASSENGER CAR,SLOWING OR STOPPING,20,No,2011,TOYOTA,CAMRY,39.09839886,-76.94425937,2023,10,16
230064188,Property Damage Crash,10/23/2023 04:45:00 PM,GREENCASTLE RD,NA,SAME DIR REND RIGHT TURN,Clear,DRY,Daylight,TRAFFIC SIGNAL,NONE DETECTED,No,No Apparent Injury,N/A,NOT DISTRACTED,MD,PASSENGER CAR,STOPPED IN TRAFFIC LANE,20,No,2015,MERCEDES,GLA 250,39.09839886,-76.94425937,2023,10,16
230062157,Property Damage Crash,10/23/2023 04:11:00 PM,16TH ST,NA,SAME DIR REAR END,Clear,DRY,Daylight,NO CONTROLS,NONE DETECTED,No,No Apparent Injury,N/A,NOT DISTRACTED,MD,PASSENGER CAR,STOPPED IN TRAFFIC LANE,35,No,2014,HONDA,TK,38.9956888,-77.0387233,2023,10,16
230062157,Property Damage Crash,10/23/2023 04:11:00 PM,16TH ST,NA,SAME DIR REAR END,Clear,DRY,Daylight,NO CONTROLS,ALCOHOL PRESENT,Yes,No Apparent Injury,N/A,LOOKED BUT DID NOT SEE,MD,PASSENGER CAR,MOVING CONSTANT SPEED,35,No,2011,ACURA,TK,38.9956888,-77.0387233,2023,10,16
230062157,Property Damage Crash,10/23/2023 04:11:00 PM,16TH ST,NA,SAME DIR REAR END,Clear,DRY,Daylight,NO CONTROLS,NONE DETECTED,No,No Apparent Injury,N/A,NOT DISTRACTED,MD,PASSENGER CAR,STOPPED IN TRAFFIC LANE,35,No,2018,TOYT,COROLLA,38.9956888,-77.0387233,2023,10,16
230062195,Property Damage Crash,10/23/2023 03:30:00 PM,NA,NA,SAME DIRECTION SIDESWIPE,Clear,NA,Daylight,NO CONTROLS,NONE DETECTED,No,No Apparent Injury,N/A,NOT DISTRACTED,MD,PASSENGER CAR,PARKED,0,No,2015,SUBARU,IMPALA,38.9875582,-76.9864994,2023,10,15
230062195,Property Damage Crash,10/23/2023 03:30:00 PM,NA,NA,SAME DIRECTION SIDESWIPE,Clear,NA,Daylight,NO CONTROLS,NONE DETECTED,Yes,No Apparent Injury,N/A,UNKNOWN,NA,PASSENGER CAR,UNKNOWN,5,No,2013,FORD,ESCALADE,38.9875582,-76.9864994,2023,10,15
230062150,Property Damage Crash,10/23/2023 03:24:00 PM,GUE RD,NA,STRAIGHT MOVEMENT ANGLE,Clear,DRY,Daylight,NO CONTROLS,NONE DETECTED,No,No Apparent Injury,N/A,NOT DISTRACTED,MD,OTHER,PARKED,25,No,1989,GM,TRUCK,39.30231308,-77.19202626,2023,10,15
230062150,Property Damage Crash,10/23/2023 03:24:00 PM,GUE RD,NA,STRAIGHT MOVEMENT ANGLE,Clear,DRY,Daylight,NO CONTROLS,NONE DETECTED,Yes,No Apparent Injury,N/A,NOT DISTRACTED,MD,PASSENGER CAR,BACKING,25,No,2023,VW,ATLAS,39.30231308,-77.19202626,2023,10,15
230062144,Injury Crash,10/23/2023 03:04:00 PM,CONNECTICUT AVE,NA,SINGLE VEHICLE,Clear,DRY,Daylight,TRAFFIC SIGNAL,NONE DETECTED,No,Possible Minor Injury,N/A,NOT DISTRACTED,MD,PASSENGER CAR,MOVING CONSTANT SPEED,35,No,2019,HOND,ACCORD,39.03168833,-77.07491,2023,10,15
230062139,Property Damage Crash,10/23/2023 02:35:00 PM,NA,NA,OTHER,Clear,NA,Daylight,N/A,NONE DETECTED,Yes,No Apparent Injury,N/A,NOT DISTRACTED,MD,POLICE VEHICLE/NON EMERGENCY,SLOWING OR STOPPING,5,No,2015,FORD,EXPLORER,38.98559221,-76.98860871,2023,10,14
230062128,Property Damage Crash,10/23/2023 02:11:00 PM,OLNEY LAYTONSVILLE RD,NA,STRAIGHT MOVEMENT ANGLE,Clear,DRY,Daylight,STOP SIGN,NONE DETECTED,Yes,No Apparent Injury,N/A,NOT DISTRACTED,MD,PASSENGER CAR,MAKING LEFT TURN,50,No,2023,LEXSUS,NX350,39.19975333,-77.13404,2023,10,14
230062128,Property Damage Crash,10/23/2023 02:11:00 PM,OLNEY LAYTONSVILLE RD,NA,STRAIGHT MOVEMENT ANGLE,Clear,DRY,Daylight,STOP SIGN,NONE DETECTED,No,No Apparent Injury,N/A,NOT DISTRACTED,MD,PASSENGER CAR,MOVING CONSTANT SPEED,25,No,2003,CHEVY,CAVAILER,39.19975333,-77.13404,2023,10,14
230062123,Property Damage Crash,10/23/2023 02:00:00 PM,NA,NA,SAME DIR REAR END,Clear,NA,Daylight,NO CONTROLS,NONE DETECTED,No,No Apparent Injury,N/A,NOT DISTRACTED,MD,(SPORT) UTILITY VEHICLE,PARKED,0,No,2021,TOYT,UT,39.06070833,-77.0489,2023,10,14
230062123,Property Damage Crash,10/23/2023 02:00:00 PM,NA,NA,SAME DIR REAR END,Clear,NA,Daylight,NO CONTROLS,NONE DETECTED,Yes,No Apparent Injury,N/A,OTHER DISTRACTION,MD,(SPORT) UTILITY VEHICLE,PARKING,0,No,2013,FORD,EXPLORER,39.06070833,-77.0489,2023,10,14
230062114,Property Damage Crash,10/23/2023 01:20:00 PM,SOUTHLAWN LA,NA,STRAIGHT MOVEMENT ANGLE,Clear,DRY,Daylight,STOP SIGN,NONE DETECTED,Unknown,No Apparent Injury,N/A,NOT DISTRACTED,MD,PASSENGER CAR,MAKING LEFT TURN,25,No,2008,FORD,TK,39.09321823,-77.14359678,2023,10,13
230062114,Property Damage Crash,10/23/2023 01:20:00 PM,SOUTHLAWN LA,NA,STRAIGHT MOVEMENT ANGLE,Clear,DRY,Daylight,STOP SIGN,NONE DETECTED,Unknown,No Apparent Injury,N/A,UNKNOWN,MD,PASSENGER CAR,MAKING LEFT TURN,25,No,2004,ACURA,4H,39.09321823,-77.14359678,2023,10,13
230062291,Property Damage Crash,10/23/2023 01:15:00 PM,MEDICAL CENTER WAY,NA,SAME DIRECTION LEFT TURN,Clear,DRY,Daylight,TRAFFIC SIGNAL,NONE DETECTED,Yes,No Apparent Injury,N/A,LOOKED BUT DID NOT SEE,MD,PASSENGER CAR,MAKING LEFT TURN,25,No,2019,MERCEDES,4D,39.09697934,-77.1950081,2023,10,13
230062291,Property Damage Crash,10/23/2023 01:15:00 PM,MEDICAL CENTER WAY,NA,SAME DIRECTION LEFT TURN,Clear,DRY,Daylight,TRAFFIC SIGNAL,NONE DETECTED,No,No Apparent Injury,N/A,NOT DISTRACTED,MD,PASSENGER CAR,MAKING LEFT TURN,25,No,2013,LEXUS,4D,39.09697934,-77.1950081,2023,10,13
230062107,Property Damage Crash,10/23/2023 12:48:00 PM,NA,NA,OTHER,Clear,NA,Daylight,NO CONTROLS,NONE DETECTED,No,No Apparent Injury,N/A,NOT DISTRACTED,MD,"OTHER LIGHT TRUCKS (10,000LBS (4,536KG) OR LESS)",PARKED,10,No,2000,FORD,UTILIMASTER,39.17619333,-77.24361333,2023,10,12
230062107,Property Damage Crash,10/23/2023 12:48:00 PM,NA,NA,OTHER,Clear,NA,Daylight,NO CONTROLS,NONE DETECTED,Yes,No Apparent Injury,N/A,NOT DISTRACTED,MD,SCHOOL BUS,PASSING,10,No,2013,THOM,BU,39.17619333,-77.24361333,2023,10,12
230062102,Property Damage Crash,10/23/2023 12:08:00 PM,NA,NA,OTHER,Clear,NA,Daylight,NO CONTROLS,NONE DETECTED,Yes,No Apparent Injury,N/A,UNKNOWN,NA,PASSENGER CAR,PARKING,15,No,2017,HONDA,4DR,39.15296657,-77.06394071,2023,10,12
230062102,Property Damage Crash,10/23/2023 12:08:00 PM,NA,NA,OTHER,Clear,NA,Daylight,NO CONTROLS,NONE DETECTED,No,No Apparent Injury,N/A,NOT DISTRACTED,MD,PASSENGER CAR,PARKED,15,No,2013,CHEV,TAHOE,39.15296657,-77.06394071,2023,10,12
230062101,Fatal Crash,10/23/2023 12:05:00 PM,COLUMBIA PIKE,NA,SAME DIR REAR END,Clear,DRY,Daylight,TRAFFIC SIGNAL,NONE DETECTED,No,Suspected Serious Injury,N/A,UNKNOWN,MD,PASSENGER CAR,STOPPED IN TRAFFIC LANE,55,No,2109,FORD,ESCAPE,39.10433002,-76.93329246,2023,10,12
230062101,Fatal Crash,10/23/2023 12:05:00 PM,COLUMBIA PIKE,NA,SAME DIR REAR END,Clear,DRY,Daylight,TRAFFIC SIGNAL,NONE DETECTED,Yes,Possible Minor Injury,N/A,NOT DISTRACTED,MD,PASSENGER CAR,MOVING CONSTANT SPEED,55,No,2010,TOYOTA,COROLLA,39.10433002,-76.93329246,2023,10,12
230062091,Property Damage Crash,10/23/2023 11:00:00 AM,EISENHOWER MEMORIAL HWY,NA,SAME DIRECTION SIDESWIPE,Clear,N/A,Daylight,N/A,NONE DETECTED,Yes,No Apparent Injury,N/A,INATTENTIVE OR LOST IN THOUGHT,MD,(SPORT) UTILITY VEHICLE,CHANGING LANES,55,No,2011,MERCEDES,ML350,39.07554869,-77.1668906,2023,10,11
230062091,Property Damage Crash,10/23/2023 11:00:00 AM,EISENHOWER MEMORIAL HWY,NA,SAME DIRECTION SIDESWIPE,Clear,N/A,Daylight,N/A,NONE DETECTED,No,No Apparent Injury,N/A,NOT DISTRACTED,XX,PASSENGER CAR,MOVING CONSTANT SPEED,55,No,2011,HYUNDAI,ACCENT,39.07554869,-77.1668906,2023,10,11
230062060,Property Damage Crash,10/23/2023 09:00:00 AM,NA,NA,OTHER,Clear,NA,Daylight,NO CONTROLS,NONE DETECTED,Yes,No Apparent Injury,N/A,NOT DISTRACTED,MD,SCHOOL BUS,MAKING LEFT TURN,15,No,2014,THOM,BU,39.1191012,-77.21402238,2023,10,9
230062058,Property Damage Crash,10/23/2023 08:47:00 AM,E GUDE DR,NA,SINGLE VEHICLE,Clear,DRY,Daylight,N/A,NONE DETECTED,Yes,No Apparent Injury,N/A,LOOKED BUT DID NOT SEE,MD,PASSENGER CAR,CHANGING LANES,40,No,2008,BMW,M5,39.10668817,-77.15012417,2023,10,8
230062054,Property Damage Crash,10/23/2023 08:40:00 AM,METROPOLITAN GROVE RD,NA,SINGLE VEHICLE,Clear,DRY,Daylight,NO CONTROLS,NONE DETECTED,Yes,No Apparent Injury,N/A,OTHER DISTRACTION,MD,POLICE VEHICLE/NON EMERGENCY,MOVING CONSTANT SPEED,25,No,2015,JEEP,GRAND CHEROKEE,39.14885947,-77.22332934,2023,10,8
230062061,Property Damage Crash,10/23/2023 08:20:00 AM,NA,NA,SAME DIRECTION SIDESWIPE,Clear,NA,Daylight,NO CONTROLS,NONE DETECTED,Yes,No Apparent Injury,N/A,NOT DISTRACTED,DC,(SPORT) UTILITY VEHICLE,CHANGING LANES,15,No,2015,SUBARU,TK,39.058978,-77.04870483,2023,10,8
230062061,Property Damage Crash,10/23/2023 08:20:00 AM,NA,NA,SAME DIRECTION SIDESWIPE,Clear,NA,Daylight,NO CONTROLS,NONE DETECTED,No,No Apparent Injury,N/A,NOT DISTRACTED,MD,VAN,STARTING FROM PARKED,15,No,2005,TOYOTA,SIENNA,39.058978,-77.04870483,2023,10,8
230062049,Injury Crash,10/23/2023 08:06:00 AM,BATCHELLORS FOREST RD,NA,SINGLE VEHICLE,Clear,DRY,Daylight,NO CONTROLS,NONE DETECTED,Yes,Possible Minor Injury,"N/A, VISION OBSTRUCTION (INCL. BLINDED BY SUN)",UNKNOWN,MD,PASSENGER CAR,STARTING FROM LANE,35,No,2002,TOYT,SD,39.13582833,-77.04534833,2023,10,8
230062041,Injury Crash,10/23/2023 06:55:00 AM,NEW HAMPSHIRE AVE,NA,STRAIGHT MOVEMENT ANGLE,Clear,DRY,Medium,TRAFFIC SIGNAL,NONE DETECTED,No,No Apparent Injury,N/A,NOT DISTRACTED,MD,PASSENGER CAR,MOVING CONSTANT SPEED,40,No,2019,CHEVROLET,SILVERADO,39.10624,-77.00171667,2023,10,6
230062041,Injury Crash,10/23/2023 06:55:00 AM,NEW HAMPSHIRE AVE,NA,STRAIGHT MOVEMENT ANGLE,Clear,DRY,Medium,TRAFFIC SIGNAL,NONE DETECTED,Yes,Possible Minor Injury,N/A,NOT DISTRACTED,MD,PASSENGER CAR,MAKING LEFT TURN,40,No,2021,HONDA,CIVIC,39.10624,-77.00171667,2023,10,6
230062041,Injury Crash,10/23/2023 06:55:00 AM,NEW HAMPSHIRE AVE,NA,STRAIGHT MOVEMENT ANGLE,Clear,DRY,Medium,TRAFFIC SIGNAL,NONE DETECTED,No,No Apparent Injury,N/A,NOT DISTRACTED,MD,PASSENGER CAR,STOPPED IN TRAFFIC LANE,40,No,2016,KIA,SORENTO,39.10624,-77.00171667,2023,10,6
230062037,Property Damage Crash,10/23/2023 05:34:00 AM,IDLEWOOD RD,NA,SAME DIR REAR END,Clear,DRY,Medium,NO CONTROLS,NONE DETECTED,Yes,No Apparent Injury,N/A,NOT DISTRACTED,MD,(SPORT) UTILITY VEHICLE,MOVING CONSTANT SPEED,25,No,1997,HOND,TK,39.04993035,-77.08682643,2023,10,5
230062035,Property Damage Crash,10/23/2023 03:13:00 AM,MONTROSE PKWY,NA,SINGLE VEHICLE,Clear,DRY,Medium,NO CONTROLS,ALCOHOL PRESENT,Yes,No Apparent Injury,N/A,NOT DISTRACTED,MD,PASSENGER CAR,MOVING CONSTANT SPEED,35,No,2012,BMW,328,39.05116408,-77.1332586,2023,10,3
230062031,Property Damage Crash,10/23/2023 02:30:00 AM,NEW HAMPSHIRE AVE SERV RD,NA,STRAIGHT MOVEMENT ANGLE,Clear,DRY,Medium,NO CONTROLS,NONE DETECTED,Yes,No Apparent Injury,N/A,UNKNOWN,NA,PASSENGER CAR,UNKNOWN,35,No,2019,KIA,SOUL,39.00901833,-76.979475,2023,10,2
230062030,Property Damage Crash,10/23/2023 01:15:00 AM,CASTLE BLVD,NA,SAME DIRECTION SIDESWIPE,Clear,DRY,Medium,NO CONTROLS,ALCOHOL PRESENT,Yes,No Apparent Injury,N/A,LOOKED BUT DID NOT SEE,MD,PASSENGER CAR,MOVING CONSTANT SPEED,25,No,2008,ACURA,RDX,39.0885456,-76.9397154,2023,10,1
230062030,Property Damage Crash,10/23/2023 01:15:00 AM,CASTLE BLVD,NA,SAME DIRECTION SIDESWIPE,Clear,DRY,Medium,NO CONTROLS,NONE DETECTED,No,No Apparent Injury,N/A,NOT DISTRACTED,DC,PASSENGER CAR,BACKING,25,No,2015,VOLKSWAGEN,JETTA,39.0885456,-76.9397154,2023,10,1
230062026,Property Damage Crash,10/22/2023 11:00:00 PM,MIDDLEBROOK RD,NA,SINGLE VEHICLE,Clear,DRY,Medium,TRAFFIC SIGNAL,NONE DETECTED,Unknown,No Apparent Injury,N/A,UNKNOWN,MD,PASSENGER CAR,MOVING CONSTANT SPEED,35,No,2018,DODG,TK,39.17503,-77.26061167,2023,10,23
230062012,Injury Crash,10/22/2023 08:00:00 PM,FLOWER AVE,PEDESTRIAN,STRAIGHT MOVEMENT ANGLE,Clear,DRY,Medium,STOP SIGN,NONE DETECTED,Yes,No Apparent Injury,N/A,NOT DISTRACTED,NA,PASSENGER CAR,MOVING CONSTANT SPEED,35,No,2009,NISSAN,ALTIMA,38.99261785,-77.00217458,2023,10,20
230062012,Injury Crash,10/22/2023 08:00:00 PM,FLOWER AVE,PEDESTRIAN,STRAIGHT MOVEMENT ANGLE,Clear,DRY,Medium,STOP SIGN,NONE DETECTED,No,No Apparent Injury,N/A,NOT DISTRACTED,MD,PASSENGER CAR,SLOWING OR STOPPING,25,No,2018,TOYOTA,RAV4,38.99261785,-77.00217458,2023,10,20
230062011,Injury Crash,10/22/2023 07:35:00 PM,PARK AVE,NA,SAME DIR REAR END,Clear,DRY,Medium,NO CONTROLS,NONE DETECTED,Yes,Possible Minor Injury,N/A,LOOKED BUT DID NOT SEE,MD,PASSENGER CAR,MOVING CONSTANT SPEED,25,No,2011,MAZDA,3,39.14344948,-77.19489805,2023,10,19
230061998,Injury Crash,10/22/2023 05:27:00 PM,W MONTGOMERY AVE,NA,SAME DIRECTION SIDESWIPE,Clear,DRY,Daylight,NO CONTROLS,NONE DETECTED,No,No Apparent Injury,N/A,NOT DISTRACTED,PA,PASSENGER CAR,MOVING CONSTANT SPEED,35,No,2014,TOYT,TK,39.08570167,-77.168895,2023,10,17
230061998,Injury Crash,10/22/2023 05:27:00 PM,W MONTGOMERY AVE,NA,SAME DIRECTION SIDESWIPE,Clear,DRY,Daylight,NO CONTROLS,NONE DETECTED,Yes,No Apparent Injury,N/A,NOT DISTRACTED,MD,POLICE VEHICLE/NON EMERGENCY,ACCELERATING,35,No,2004,TOYT,CAMRY,39.08570167,-77.168895,2023,10,17
230061978,Property Damage Crash,10/22/2023 03:00:00 PM,MONTGOMERY VILLAGE AVE,NA,SAME DIR REAR END,Clear,DRY,Dark,NO CONTROLS,NONE DETECTED,No,No Apparent Injury,N/A,LOOKED BUT DID NOT SEE,MD,PASSENGER CAR,MOVING CONSTANT SPEED,35,No,2004,TOYT,SD,39.15462307,-77.2088226,2023,10,15
230061978,Property Damage Crash,10/22/2023 03:00:00 PM,MONTGOMERY VILLAGE AVE,NA,SAME DIR REAR END,Clear,DRY,Dark,NO CONTROLS,NONE DETECTED,Yes,No Apparent Injury,N/A,LOOKED BUT DID NOT SEE,MD,PASSENGER CAR,MOVING CONSTANT SPEED,35,No,2008,TOYT,CN,39.15462307,-77.2088226,2023,10,15
230061978,Property Damage Crash,10/22/2023 03:00:00 PM,MONTGOMERY VILLAGE AVE,NA,SAME DIR REAR END,Clear,DRY,Dark,NO CONTROLS,NONE DETECTED,No,No Apparent Injury,N/A,NOT DISTRACTED,MD,PASSENGER CAR,MOVING CONSTANT SPEED,35,No,2022,NISS,SD,39.15462307,-77.2088226,2023,10,15
230061984,Property Damage Crash,10/22/2023 02:54:00 PM,BONIFANT ST,NA,OTHER,Clear,DRY,Daylight,NO CONTROLS,NONE DETECTED,No,No Apparent Injury,N/A,NOT DISTRACTED,MD,PASSENGER CAR,PARKED,25,No,2012,HONDA,ACCORD,38.9934785,-77.02648033,2023,10,14
230061984,Property Damage Crash,10/22/2023 02:54:00 PM,BONIFANT ST,NA,OTHER,Clear,DRY,Daylight,NO CONTROLS,ALCOHOL PRESENT,Yes,No Apparent Injury,N/A,UNKNOWN,MD,PASSENGER CAR,BACKING,25,No,2022,KIA,NIRO,38.9934785,-77.02648033,2023,10,14
230061964,Property Damage Crash,10/22/2023 01:18:00 PM,KNOWLES AVE,NA,SAME DIRECTION SIDESWIPE,Clear,DRY,Daylight,NO CONTROLS,NONE DETECTED,No,No Apparent Injury,N/A,NOT DISTRACTED,MD,PASSENGER CAR,STOPPED IN TRAFFIC LANE,35,No,2012,CHEV,EQUINOX,39.0276894,-77.07811533,2023,10,13
230061964,Property Damage Crash,10/22/2023 01:18:00 PM,KNOWLES AVE,NA,SAME DIRECTION SIDESWIPE,Clear,DRY,Daylight,NO CONTROLS,NONE DETECTED,Yes,No Apparent Injury,N/A,UNKNOWN,NA,PASSENGER CAR,CHANGING LANES,35,No,2018,FORD,EDGE,39.0276894,-77.07811533,2023,10,13
230061961,Property Damage Crash,10/22/2023 12:51:00 PM,NEW HAMPSHIRE AVE,NA,SAME DIR REAR END,Clear,DRY,Daylight,NO CONTROLS,NONE DETECTED,Yes,No Apparent Injury,N/A,NOT DISTRACTED,MD,PASSENGER CAR,CHANGING LANES,35,No,2014,HONDA,ACCORD,39.01965,-76.97679167,2023,10,12
230061961,Property Damage Crash,10/22/2023 12:51:00 PM,NEW HAMPSHIRE AVE,NA,SAME DIR REAR END,Clear,DRY,Daylight,NO CONTROLS,NONE DETECTED,No,No Apparent Injury,N/A,NOT DISTRACTED,MD,PASSENGER CAR,PARKED,35,No,2005,FORD,F150,39.01965,-76.97679167,2023,10,12
230061955,Injury Crash,10/22/2023 12:11:00 PM,ROCKVILLE PIKE,NA,HEAD ON LEFT TURN,Clear,DRY,Daylight,NO CONTROLS,NONE DETECTED,No,Possible Minor Injury,N/A,NOT DISTRACTED,MD,PASSENGER CAR,MOVING CONSTANT SPEED,40,No,1997,BMW,M3,39.03838667,-77.10850167,2023,10,12
230061955,Injury Crash,10/22/2023 12:11:00 PM,ROCKVILLE PIKE,NA,HEAD ON LEFT TURN,Clear,DRY,Daylight,NO CONTROLS,NONE DETECTED,Yes,Possible Minor Injury,N/A,OTHER DISTRACTION,MD,VAN,MAKING LEFT TURN,40,No,2012,MAZD,5,39.03838667,-77.10850167,2023,10,12
230061943,Injury Crash,10/22/2023 10:51:00 AM,BRADMOOR DR,NA,OTHER,Clear,DRY,Daylight,NO CONTROLS,NONE DETECTED,No,Possible Minor Injury,N/A,NOT DISTRACTED,MD,(SPORT) UTILITY VEHICLE,MOVING CONSTANT SPEED,25,No,2024,JEEP,WRANGLER,38.99504933,-77.11915367,2023,10,10
230061943,Injury Crash,10/22/2023 10:51:00 AM,BRADMOOR DR,NA,OTHER,Clear,DRY,Daylight,NO CONTROLS,NONE DETECTED,Yes,Possible Minor Injury,N/A,LOOKED BUT DID NOT SEE,DC,PASSENGER CAR,ENTERING TRAFFIC LANE,25,No,2018,CHRYSLER,FIAT 500,38.99504933,-77.11915367,2023,10,10