Local Case Number,ACRS Report Type,Crash Date/Time,Road Name,Related Non-Motorist,Collision Type,Weather,Surface Condition,Light,Traffic Control,Driver Substance Abuse,Driver At Fault,Injury Severity,Circumstance,Driver Distracted By,Drivers License State,Vehicle Body Type,Vehicle Movement,Speed Limit,Driverless Vehicle,Vehicle Year,Vehicle Make,Vehicle Model,Latitude,Longitude,Year,Month,Hour
230061940,Property Damage Crash,10/22/2023 10:30:00 AM,ARCOLA AVE,NA,SAME DIRECTION SIDESWIPE,Clear,DRY,Daylight,TRAFFIC SIGNAL,NONE DETECTED,Yes,No Apparent Injury,N/A,LOOKED BUT DID NOT SEE,DC,AMBULANCE/EMERGENCY,STARTING FROM LANE,30,No,2019,FRHT,TK,39.04685667,-77.05131333,2023,10,10
230061940,Property Damage Crash,10/22/2023 10:30:00 AM,ARCOLA AVE,NA,SAME DIRECTION SIDESWIPE,Clear,DRY,Daylight,TRAFFIC SIGNAL,NONE DETECTED,No,No Apparent Injury,N/A,NOT DISTRACTED,MD,PASSENGER CAR,STOPPED IN TRAFFIC LANE,30,No,2007,TOYT,PK,39.04685667,-77.05131333,2023,10,10
230061937,Injury Crash,10/22/2023 10:00:00 AM,DENFELD AVE,NA,STRAIGHT MOVEMENT ANGLE,Clear,DRY,Daylight,TRAFFIC SIGNAL,NONE DETECTED,No,No Apparent Injury,N/A,NOT DISTRACTED,OH,PASSENGER CAR,STARTING FROM LANE,25,No,2021,HYUNDAI,KONA,39.03872167,-77.07609667,2023,10,10
230061937,Injury Crash,10/22/2023 10:00:00 AM,DENFELD AVE,NA,STRAIGHT MOVEMENT ANGLE,Clear,DRY,Daylight,TRAFFIC SIGNAL,NONE DETECTED,Yes,No Apparent Injury,N/A,LOOKED BUT DID NOT SEE,MD,PASSENGER CAR,MOVING CONSTANT SPEED,45,No,2006,HONDA,CIVIC,39.03872167,-77.07609667,2023,10,10
230061936,Injury Crash,10/22/2023 09:55:00 AM,WELLER RD,NA,STRAIGHT MOVEMENT ANGLE,Clear,DRY,Daylight,STOP SIGN,NONE DETECTED,Unknown,Possible Minor Injury,N/A,NOT DISTRACTED,MD,PASSENGER CAR,ACCELERATING,25,No,2013,HOND,4S,39.06247217,-77.07853633,2023,10,9
230061936,Injury Crash,10/22/2023 09:55:00 AM,WELLER RD,NA,STRAIGHT MOVEMENT ANGLE,Clear,DRY,Daylight,STOP SIGN,NONE DETECTED,Unknown,No Apparent Injury,N/A,UNKNOWN,MD,PASSENGER CAR,MOVING CONSTANT SPEED,25,No,2019,HONDA,CIVIC,39.06247217,-77.07853633,2023,10,9
230061922,Property Damage Crash,10/22/2023 06:30:00 AM,SANDY SPRING RD,NA,ANGLE MEETS LEFT TURN,Cloudy,DRY,Medium,TRAFFIC SIGNAL,NONE DETECTED,Yes,No Apparent Injury,N/A,NOT DISTRACTED,AB,VAN,MOVING CONSTANT SPEED,45,No,2003,TOYT,PV,39.111794,-76.92891117,2023,10,6
230061922,Property Damage Crash,10/22/2023 06:30:00 AM,SANDY SPRING RD,NA,ANGLE MEETS LEFT TURN,Cloudy,DRY,Medium,TRAFFIC SIGNAL,NONE DETECTED,No,No Apparent Injury,N/A,NOT DISTRACTED,MD,PASSENGER CAR,STARTING FROM LANE,45,No,2013,HONDA,ACCORD,39.111794,-76.92891117,2023,10,6
230061921,Property Damage Crash,10/22/2023 05:51:00 AM,UNIVERSITY BLVD E,NA,SINGLE VEHICLE,Clear,DRY,Medium,N/A,ALCOHOL PRESENT,Yes,No Apparent Injury,N/A,NOT DISTRACTED,MD,PASSENGER CAR,MOVING CONSTANT SPEED,35,No,2015,MAZDA,3,39.0190628,-77.01091391,2023,10,5
230061911,Property Damage Crash,10/22/2023 02:04:00 AM,COLESVILLE RD,NA,SAME DIR REAR END,Clear,DRY,Medium,TRAFFIC SIGNAL,ALCOHOL PRESENT,Yes,No Apparent Injury,N/A,UNKNOWN,MD,PASSENGER CAR,SLOWING OR STOPPING,35,No,2013,TOYOTA,RAV4,39.02095382,-77.01232233,2023,10,2
230061911,Property Damage Crash,10/22/2023 02:04:00 AM,COLESVILLE RD,NA,SAME DIR REAR END,Clear,DRY,Medium,TRAFFIC SIGNAL,NONE DETECTED,No,No Apparent Injury,N/A,NOT DISTRACTED,VA,(SPORT) UTILITY VEHICLE,STOPPED IN TRAFFIC LANE,35,No,2015,LEXUS,RX,39.02095382,-77.01232233,2023,10,2
230061906,Injury Crash,10/22/2023 12:52:00 AM,COLUMBIA PIKE,NA,SAME DIR REAR END,Clear,DRY,Dark,NO CONTROLS,NONE DETECTED,Unknown,Possible Minor Injury,N/A,UNKNOWN,MD,PASSENGER CAR,MOVING CONSTANT SPEED,50,No,2018,HONDA,ACCORD,39.08529856,-76.94671271,2023,10,0
230061906,Injury Crash,10/22/2023 12:52:00 AM,COLUMBIA PIKE,NA,SAME DIR REAR END,Clear,DRY,Dark,NO CONTROLS,NONE DETECTED,Unknown,No Apparent Injury,N/A,UNKNOWN,MD,PASSENGER CAR,MOVING CONSTANT SPEED,50,No,2010,TOYT,HIGHLANDER,39.08529856,-76.94671271,2023,10,0
230061901,Property Damage Crash,10/21/2023 11:34:00 PM,VEIRS MILL RD,NA,SAME DIR REAR END,Clear,DRY,Medium,TRAFFIC SIGNAL,NONE DETECTED,No,No Apparent Injury,N/A,NOT DISTRACTED,MD,PASSENGER CAR,SLOWING OR STOPPING,30,No,2021,NISSAN,ALTIMA,39.05759333,-77.08389,2023,10,23
230061901,Property Damage Crash,10/21/2023 11:34:00 PM,VEIRS MILL RD,NA,SAME DIR REAR END,Clear,DRY,Medium,TRAFFIC SIGNAL,NONE DETECTED,Yes,No Apparent Injury,N/A,LOOKED BUT DID NOT SEE,MD,PASSENGER CAR,MOVING CONSTANT SPEED,30,No,2009,HONDA,CIVIC,39.05759333,-77.08389,2023,10,23
230061894,Injury Crash,10/21/2023 09:15:00 PM,VEIRS MILL RD,NA,SAME DIR REAR END,Clear,DRY,Medium,NO CONTROLS,NONE DETECTED,Yes,No Apparent Injury,N/A,UNKNOWN,NA,(SPORT) UTILITY VEHICLE,MOVING CONSTANT SPEED,40,No,2020,CHEV,EQUINOX,39.07363913,-77.11266005,2023,10,21
230061894,Injury Crash,10/21/2023 09:15:00 PM,VEIRS MILL RD,NA,SAME DIR REAR END,Clear,DRY,Medium,NO CONTROLS,NONE DETECTED,No,Possible Minor Injury,N/A,NOT DISTRACTED,MD,(SPORT) UTILITY VEHICLE,MOVING CONSTANT SPEED,40,No,2020,NISS,ROGUE,39.07363913,-77.11266005,2023,10,21
230061865,Injury Crash,10/21/2023 07:25:00 PM,OLD BALTIMORE RD,NA,SINGLE VEHICLE,Clear,DRY,Medium,NO CONTROLS,NONE DETECTED,Yes,Possible Minor Injury,N/A,LOOKED BUT DID NOT SEE,MD,VAN,MOVING CONSTANT SPEED,35,No,2006,CHEVY,ECONOLINE,39.14382833,-77.05519667,2023,10,19
230061869,Injury Crash,10/21/2023 06:25:00 PM,DEMOCRACY BLVD,NA,UNKNOWN,Clear,DRY,Medium,TRAFFIC SIGNAL,NONE DETECTED,No,Possible Minor Injury,N/A,OTHER CELLULAR PHONE RELATED,MD,(SPORT) UTILITY VEHICLE,MOVING CONSTANT SPEED,45,No,2015,BMW,X5,39.02366311,-77.18291434,2023,10,18
230061869,Injury Crash,10/21/2023 06:25:00 PM,DEMOCRACY BLVD,NA,UNKNOWN,Clear,DRY,Medium,TRAFFIC SIGNAL,NONE DETECTED,Yes,Possible Minor Injury,N/A,OTHER DISTRACTION,VA,(SPORT) UTILITY VEHICLE,STARTING FROM LANE,45,No,2012,KIA,SORENTO,39.02366311,-77.18291434,2023,10,18
230061858,Property Damage Crash,10/21/2023 06:19:00 PM,RIDGE RD,NA,SINGLE VEHICLE,Clear,DRY,Medium,NO CONTROLS,NONE DETECTED,Yes,No Apparent Injury,N/A,BY OTHER OCCUPANTS,MD,PASSENGER CAR,MOVING CONSTANT SPEED,25,No,2013,HONDA,CIVIC,39.287078,-77.20786067,2023,10,18
230061856,Injury Crash,10/21/2023 05:51:00 PM,MONTROSE RD,NA,STRAIGHT MOVEMENT ANGLE,Clear,DRY,Daylight,TRAFFIC SIGNAL,NONE DETECTED,No,Possible Minor Injury,N/A,NOT DISTRACTED,MD,(SPORT) UTILITY VEHICLE,MOVING CONSTANT SPEED,40,No,2013,FORD,EXPLORER,39.05312,-77.13583833,2023,10,17
230061856,Injury Crash,10/21/2023 05:51:00 PM,MONTROSE RD,NA,STRAIGHT MOVEMENT ANGLE,Clear,DRY,Daylight,TRAFFIC SIGNAL,NONE DETECTED,No,No Apparent Injury,N/A,NOT DISTRACTED,MD,(SPORT) UTILITY VEHICLE,MOVING CONSTANT SPEED,40,No,2021,MERZ,GLA250,39.05312,-77.13583833,2023,10,17
230061856,Injury Crash,10/21/2023 05:51:00 PM,MONTROSE RD,NA,STRAIGHT MOVEMENT ANGLE,Clear,DRY,Daylight,TRAFFIC SIGNAL,NONE DETECTED,Yes,Possible Minor Injury,N/A,NOT DISTRACTED,MD,PASSENGER CAR,MAKING LEFT TURN,40,No,2009,HOND,ACCORD,39.05312,-77.13583833,2023,10,17
230061845,Injury Crash,10/21/2023 04:28:00 PM,OLD GEORGETOWN RD,NA,STRAIGHT MOVEMENT ANGLE,Clear,DRY,Daylight,STOP SIGN,NONE DETECTED,No,No Apparent Injury,N/A,NOT DISTRACTED,VA,PASSENGER CAR,MOVING CONSTANT SPEED,30,No,2016,KIA,OPTIMA,38.9893,-77.101845,2023,10,16
230061845,Injury Crash,10/21/2023 04:28:00 PM,OLD GEORGETOWN RD,NA,STRAIGHT MOVEMENT ANGLE,Clear,DRY,Daylight,STOP SIGN,NONE DETECTED,Yes,Possible Minor Injury,N/A,LOOKED BUT DID NOT SEE,VA,PASSENGER CAR,ACCELERATING,30,No,2020,NISSAN,KICKS,38.9893,-77.101845,2023,10,16
230061837,Property Damage Crash,10/21/2023 03:15:00 PM,FENTON ST,NA,SAME DIRECTION SIDESWIPE,Clear,DRY,Daylight,TRAFFIC SIGNAL,NONE DETECTED,No,No Apparent Injury,N/A,NOT DISTRACTED,MD,PASSENGER CAR,MOVING CONSTANT SPEED,25,No,2017,HONDA,SD,38.99671,-77.02531,2023,10,15
230061837,Property Damage Crash,10/21/2023 03:15:00 PM,FENTON ST,NA,SAME DIRECTION SIDESWIPE,Clear,DRY,Daylight,TRAFFIC SIGNAL,NONE DETECTED,Yes,No Apparent Injury,N/A,UNKNOWN,DC,TRANSIT BUS,CHANGING LANES,25,No,2016,TBU,UK,38.99671,-77.02531,2023,10,15
230061836,Property Damage Crash,10/21/2023 02:25:00 PM,NA,NA,SAME DIRECTION SIDESWIPE,Clear,NA,Daylight,N/A,NONE DETECTED,Yes,No Apparent Injury,N/A,UNKNOWN,DC,PASSENGER CAR,PARKING,10,No,2011,SAA,9-3 SE,38.94992835,-77.11883045,2023,10,14
230061824,Injury Crash,10/21/2023 02:15:00 PM,EVERTON ST,NA,HEAD ON,Clear,DRY,Daylight,NO CONTROLS,NONE DETECTED,No,No Apparent Injury,N/A,NOT DISTRACTED,MD,(SPORT) UTILITY VEHICLE,SLOWING OR STOPPING,25,No,2006,ACURA,TK,39.05826683,-77.07633367,2023,10,14
230061824,Injury Crash,10/21/2023 02:15:00 PM,EVERTON ST,NA,HEAD ON,Clear,DRY,Daylight,NO CONTROLS,NONE DETECTED,Yes,Possible Minor Injury,N/A,UNKNOWN,MD,PASSENGER CAR,MOVING CONSTANT SPEED,25,No,2023,CHEVROLET,CRUZE,39.05826683,-77.07633367,2023,10,14
230061818,Property Damage Crash,10/21/2023 01:45:00 PM,FENTON ST,NA,SAME DIRECTION RIGHT TURN,Clear,DRY,Daylight,FLASHING TRAFFIC SIGNAL,NONE DETECTED,No,No Apparent Injury,N/A,NOT DISTRACTED,MH,PASSENGER CAR,STOPPED IN TRAFFIC LANE,25,No,2018,TOYOTA,COROLLA,38.997135,-77.02579,2023,10,13
230061818,Property Damage Crash,10/21/2023 01:45:00 PM,FENTON ST,NA,SAME DIRECTION RIGHT TURN,Clear,DRY,Daylight,FLASHING TRAFFIC SIGNAL,NONE DETECTED,Yes,No Apparent Injury,N/A,UNKNOWN,MD,PASSENGER CAR,SLOWING OR STOPPING,25,No,2006,MERCEDES,SUV,38.997135,-77.02579,2023,10,13
230061817,Property Damage Crash,10/21/2023 01:42:00 PM,SHADY GROVE RD,NA,SINGLE VEHICLE,Clear,DRY,Daylight,NO CONTROLS,NONE DETECTED,Yes,No Apparent Injury,N/A,BY OTHER OCCUPANTS,MD,PASSENGER CAR,ACCELERATING,40,No,2023,TOYT,SD,39.12882167,-77.16708333,2023,10,13
230061811,Injury Crash,10/21/2023 01:25:00 PM,FREDERICK RD,NA,STRAIGHT MOVEMENT ANGLE,Clear,DRY,Daylight,NO CONTROLS,NONE DETECTED,Yes,No Apparent Injury,"BACKUP DUE TO REGULAR CONGESTION, N/A",NOT DISTRACTED,MD,PASSENGER CAR,MAKING LEFT TURN,45,No,2013,VOLKSWAGEN,PASSAT,39.18997246,-77.24147373,2023,10,13
230061811,Injury Crash,10/21/2023 01:25:00 PM,FREDERICK RD,NA,STRAIGHT MOVEMENT ANGLE,Clear,DRY,Daylight,NO CONTROLS,NONE DETECTED,No,Possible Minor Injury,"BACKUP DUE TO REGULAR CONGESTION, N/A",NOT DISTRACTED,MD,PASSENGER CAR,MOVING CONSTANT SPEED,45,No,2009,TOYOTA,COROLLA,39.18997246,-77.24147373,2023,10,13
230061810,Property Damage Crash,10/21/2023 01:06:00 PM,SHADY GROVE RD,NA,SAME DIR REAR END,Clear,DRY,Daylight,TRAFFIC SIGNAL,NONE DETECTED,Yes,No Apparent Injury,N/A,OTHER DISTRACTION,MD,AMBULANCE/EMERGENCY,SLOWING OR STOPPING,45,No,2019,FORD,TK,39.1047335,-77.1906995,2023,10,13
230061810,Property Damage Crash,10/21/2023 01:06:00 PM,SHADY GROVE RD,NA,SAME DIR REAR END,Clear,DRY,Daylight,TRAFFIC SIGNAL,NONE DETECTED,No,No Apparent Injury,N/A,NOT DISTRACTED,MD,PASSENGER CAR,STOPPED IN TRAFFIC LANE,45,No,2022,TOYOTA,AVALON,39.1047335,-77.1906995,2023,10,13
230061804,Injury Crash,10/21/2023 12:33:00 PM,ODENDHAL AVE,NA,SAME DIR REAR END,Clear,DRY,Daylight,TRAFFIC SIGNAL,NONE DETECTED,No,Possible Minor Injury,N/A,NOT DISTRACTED,MD,PASSENGER CAR,STOPPED IN TRAFFIC LANE,30,No,2021,CHEVY,SPARK,39.15226277,-77.1959708,2023,10,12
230061804,Injury Crash,10/21/2023 12:33:00 PM,ODENDHAL AVE,NA,SAME DIR REAR END,Clear,DRY,Daylight,TRAFFIC SIGNAL,NONE DETECTED,Yes,No Apparent Injury,N/A,LOOKED BUT DID NOT SEE,PA,"OTHER LIGHT TRUCKS (10,000LBS (4,536KG) OR LESS)",SLOWING OR STOPPING,30,No,2018,FORD,BOX TRUCK,39.15226277,-77.1959708,2023,10,12
230061802,Property Damage Crash,10/21/2023 12:31:00 PM,BEL PRE RD,NA,STRAIGHT MOVEMENT ANGLE,Clear,DRY,Daylight,N/A,NONE DETECTED,No,No Apparent Injury,N/A,NOT DISTRACTED,MD,PASSENGER CAR,MOVING CONSTANT SPEED,35,No,2015,TOYOTA,COROLLA,39.090826,-77.04607767,2023,10,12
230061802,Property Damage Crash,10/21/2023 12:31:00 PM,BEL PRE RD,NA,STRAIGHT MOVEMENT ANGLE,Clear,DRY,Daylight,N/A,NONE DETECTED,Yes,No Apparent Injury,N/A,LOOKED BUT DID NOT SEE,MD,PASSENGER CAR,MAKING RIGHT TURN,35,No,2017,HYUNDAI,ELANTRA,39.090826,-77.04607767,2023,10,12
230061797,Property Damage Crash,10/21/2023 12:07:00 PM,COLESVILLE RD,NA,SAME DIRECTION RIGHT TURN,Cloudy,DRY,Daylight,TRAFFIC SIGNAL,NONE DETECTED,No,No Apparent Injury,N/A,NOT DISTRACTED,IL,PASSENGER CAR,STOPPED IN TRAFFIC LANE,35,No,2015,AUDI,Q3,38.99730043,-77.02713728,2023,10,12
230061797,Property Damage Crash,10/21/2023 12:07:00 PM,COLESVILLE RD,NA,SAME DIRECTION RIGHT TURN,Cloudy,DRY,Daylight,TRAFFIC SIGNAL,NONE DETECTED,Yes,No Apparent Injury,N/A,UNKNOWN,NA,PASSENGER CAR,CHANGING LANES,35,No,2011,FORD,EXPEDITION,38.99730043,-77.02713728,2023,10,12
230061794,Property Damage Crash,10/21/2023 11:20:00 AM,OLNEY LAYTONSVILLE RD,NA,HEAD ON LEFT TURN,Clear,DRY,Daylight,NO CONTROLS,NONE DETECTED,Yes,No Apparent Injury,N/A,NOT DISTRACTED,MD,PASSENGER CAR,MAKING LEFT TURN,20,No,2018,VOLV,UT,39.153625,-77.06837667,2023,10,11
230061794,Property Damage Crash,10/21/2023 11:20:00 AM,OLNEY LAYTONSVILLE RD,NA,HEAD ON LEFT TURN,Clear,DRY,Daylight,NO CONTROLS,NONE DETECTED,No,No Apparent Injury,N/A,NOT DISTRACTED,MD,PASSENGER CAR,MOVING CONSTANT SPEED,20,No,2016,HOND,ACCORD,39.153625,-77.06837667,2023,10,11
230061790,Injury Crash,10/21/2023 10:50:00 AM,ROCKVILLE PIKE,NA,SAME DIR REAR END,Cloudy,DRY,Daylight,TRAFFIC SIGNAL,NONE DETECTED,No,No Apparent Injury,N/A,NOT DISTRACTED,MD,PASSENGER CAR,SLOWING OR STOPPING,35,No,2018,JEEP,TK,39.0830058,-77.14663268,2023,10,10
230061790,Injury Crash,10/21/2023 10:50:00 AM,ROCKVILLE PIKE,NA,SAME DIR REAR END,Cloudy,DRY,Daylight,TRAFFIC SIGNAL,NONE DETECTED,Yes,Possible Minor Injury,N/A,LOOKED BUT DID NOT SEE,MD,PASSENGER CAR,MOVING CONSTANT SPEED,35,No,2017,HOND,SD,39.0830058,-77.14663268,2023,10,10
230061772,Injury Crash,10/21/2023 09:08:00 AM,E JEFFERSON ST,NA,STRAIGHT MOVEMENT ANGLE,Clear,DRY,Daylight,TRAFFIC SIGNAL,NONE DETECTED,No,Possible Minor Injury,N/A,NOT DISTRACTED,MD,(SPORT) UTILITY VEHICLE,MOVING CONSTANT SPEED,30,No,2016,TOYT,LAND CRUISER,39.08280823,-77.15106942,2023,10,9
230061772,Injury Crash,10/21/2023 09:08:00 AM,E JEFFERSON ST,NA,STRAIGHT MOVEMENT ANGLE,Clear,DRY,Daylight,TRAFFIC SIGNAL,NONE DETECTED,Yes,No Apparent Injury,N/A,NOT DISTRACTED,MD,"OTHER LIGHT TRUCKS (10,000LBS (4,536KG) OR LESS)",ACCELERATING,25,No,2006,FORD,BOX TRUCK,39.08280823,-77.15106942,2023,10,9
230061768,Injury Crash,10/21/2023 08:47:00 AM,WATKINS MILL RD,NA,OTHER,Clear,WET,Daylight,NO CONTROLS,NONE DETECTED,No,No Apparent Injury,"N/A, WET",NOT DISTRACTED,MD,PICKUP TRUCK,MOVING CONSTANT SPEED,35,No,1998,FORD,F150,39.1898925,-77.22111433,2023,10,8
230061768,Injury Crash,10/21/2023 08:47:00 AM,WATKINS MILL RD,NA,OTHER,Clear,WET,Daylight,NO CONTROLS,NONE DETECTED,Yes,Possible Minor Injury,"N/A, WET",NOT DISTRACTED,MD,PASSENGER CAR,SKIDDING,35,No,2007,HONDA,CIVIC,39.1898925,-77.22111433,2023,10,8
230061761,Injury Crash,10/21/2023 06:17:00 AM,VEIRS MILL RD,NA,SAME DIR REAR END,Clear,WET,Dark,STOP SIGN,NONE DETECTED,Yes,Possible Minor Injury,N/A,INATTENTIVE OR LOST IN THOUGHT,MD,(SPORT) UTILITY VEHICLE,MAKING RIGHT TURN,35,No,2013,TOYTA,RAV 4,39.066864,-77.100856,2023,10,6
230061761,Injury Crash,10/21/2023 06:17:00 AM,VEIRS MILL RD,NA,SAME DIR REAR END,Clear,WET,Dark,STOP SIGN,NONE DETECTED,No,No Apparent Injury,N/A,NOT DISTRACTED,MD,PASSENGER CAR,MOVING CONSTANT SPEED,35,No,2020,HONDA,CIVIC,39.066864,-77.100856,2023,10,6
230061761,Injury Crash,10/21/2023 06:17:00 AM,VEIRS MILL RD,NA,SAME DIR REAR END,Clear,WET,Dark,STOP SIGN,NONE DETECTED,No,No Apparent Injury,N/A,NOT DISTRACTED,MD,(SPORT) UTILITY VEHICLE,MOVING CONSTANT SPEED,35,No,2013,HONDA,CRV,39.066864,-77.100856,2023,10,6
230061760,Property Damage Crash,10/21/2023 05:23:00 AM,RANDOLPH RD,NA,SAME DIR REAR END,Rain,WET,Medium,TRAFFIC SIGNAL,NONE DETECTED,No,No Apparent Injury,"RAIN, SNOW, WET",NOT DISTRACTED,MD,"CARGO VAN/LIGHT TRUCK 2 AXLES (OVER 10,000LBS (4,536 KG))",STOPPED IN TRAFFIC LANE,45,No,2013,FORD,YY,39.06658994,-77.03012575,2023,10,5
230061760,Property Damage Crash,10/21/2023 05:23:00 AM,RANDOLPH RD,NA,SAME DIR REAR END,Rain,WET,Medium,TRAFFIC SIGNAL,NONE DETECTED,Yes,No Apparent Injury,"RAIN, SNOW, WET",UNKNOWN,MD,(SPORT) UTILITY VEHICLE,MOVING CONSTANT SPEED,45,No,2014,JEEP,CHEROKEE,39.06658994,-77.03012575,2023,10,5
230061747,Property Damage Crash,10/21/2023 03:35:00 AM,VEIRS MILL RD,NA,SINGLE VEHICLE,Cloudy,WET,Medium,NO CONTROLS,NONE DETECTED,No,No Apparent Injury,N/A,NOT DISTRACTED,MD,POLICE VEHICLE/EMERGENCY,MOVING CONSTANT SPEED,35,No,2016,FORD,POLICE INTERCEPTOR,39.05992189,-77.08876868,2023,10,3
230061741,Property Damage Crash,10/21/2023 12:29:00 AM,EISENHOWER MEMORIAL HWY,NA,OTHER,Clear,DRY,Dark,NO CONTROLS,NONE DETECTED,Yes,No Apparent Injury,N/A,NOT DISTRACTED,VA,PASSENGER CAR,MOVING CONSTANT SPEED,55,No,2013,HONDA,ACCORD,39.14395355,-77.22449015,2023,10,0
230061741,Property Damage Crash,10/21/2023 12:29:00 AM,EISENHOWER MEMORIAL HWY,NA,OTHER,Clear,DRY,Dark,NO CONTROLS,NONE DETECTED,No,No Apparent Injury,N/A,NOT DISTRACTED,MD,PASSENGER CAR,STOPPED IN TRAFFIC LANE,40,No,2008,TOYOTA,PRIUS,39.14395355,-77.22449015,2023,10,0
230061741,Property Damage Crash,10/21/2023 12:29:00 AM,EISENHOWER MEMORIAL HWY,NA,OTHER,Clear,DRY,Dark,NO CONTROLS,NONE DETECTED,No,No Apparent Injury,N/A,NOT DISTRACTED,MD,PASSENGER CAR,MOVING CONSTANT SPEED,55,No,2021,HONDA,CIVIC,39.14395355,-77.22449015,2023,10,0
230061736,Property Damage Crash,10/20/2023 11:00:00 PM,VEIRS MILL RD,NA,STRAIGHT MOVEMENT ANGLE,Rain,WET,Medium,NO CONTROLS,NONE DETECTED,Yes,No Apparent Injury,"RAIN, SNOW, WET",UNKNOWN,NA,UNKNOWN,MOVING CONSTANT SPEED,25,No,0,UNKNOWN,UNKNOWN,39.03950417,-77.054424,2023,10,23
230061736,Property Damage Crash,10/20/2023 11:00:00 PM,VEIRS MILL RD,NA,STRAIGHT MOVEMENT ANGLE,Rain,WET,Medium,NO CONTROLS,NONE DETECTED,No,No Apparent Injury,"RAIN, SNOW, WET",NOT DISTRACTED,MD,PASSENGER CAR,MOVING CONSTANT SPEED,25,No,2019,TOYT,4H,39.03950417,-77.054424,2023,10,23
230061734,Injury Crash,10/20/2023 10:21:00 PM,VEIRS MILL RD,NA,SAME DIR REAR END,Rain,WET,Medium,NO CONTROLS,ALCOHOL PRESENT,Yes,Possible Minor Injury,"RAIN, SNOW, WET",BY OTHER OCCUPANTS,MD,PASSENGER CAR,MOVING CONSTANT SPEED,35,No,2020,HONDA,CIVIC,39.06016937,-77.08944142,2023,10,22
230061734,Injury Crash,10/20/2023 10:21:00 PM,VEIRS MILL RD,NA,SAME DIR REAR END,Rain,WET,Medium,NO CONTROLS,NONE DETECTED,No,No Apparent Injury,"RAIN, SNOW, WET",NOT DISTRACTED,MD,TRANSIT BUS,STOPPED IN TRAFFIC LANE,35,No,2013,NWFL,XDE,39.06016937,-77.08944142,2023,10,22
230061731,Property Damage Crash,10/20/2023 10:19:00 PM,FERNWOOD RD,NA,SAME DIR REAR END,Rain,WET,Medium,TRAFFIC SIGNAL,NONE DETECTED,No,No Apparent Injury,"N/A, WET",NOT DISTRACTED,DC,(SPORT) UTILITY VEHICLE,STOPPED IN TRAFFIC LANE,35,No,2017,TOYOTA,RAV4,39.02646495,-77.13889539,2023,10,22
230061731,Property Damage Crash,10/20/2023 10:19:00 PM,FERNWOOD RD,NA,SAME DIR REAR END,Rain,WET,Medium,TRAFFIC SIGNAL,NONE DETECTED,Yes,No Apparent Injury,"N/A, WET",UNKNOWN,NA,(SPORT) UTILITY VEHICLE,SLOWING OR STOPPING,35,No,9999,KIA,SUV,39.02646495,-77.13889539,2023,10,22
230061725,Injury Crash,10/20/2023 10:07:00 PM,FATHER HURLEY BLVD,NA,STRAIGHT MOVEMENT ANGLE,Rain,WET,Medium,TRAFFIC SIGNAL,NONE DETECTED,Yes,No Apparent Injury,"RAIN, SNOW, WET",NOT DISTRACTED,MD,PICKUP TRUCK,SLOWING OR STOPPING,40,No,2021,DODGE,RAM BIG HORN,39.19889175,-77.26065052,2023,10,22
230061725,Injury Crash,10/20/2023 10:07:00 PM,FATHER HURLEY BLVD,NA,STRAIGHT MOVEMENT ANGLE,Rain,WET,Medium,TRAFFIC SIGNAL,NONE DETECTED,No,Possible Minor Injury,"RAIN, SNOW, WET",NOT DISTRACTED,MD,PASSENGER CAR,MAKING LEFT TURN,40,No,2012,NISSIAN,SENTRA,39.19889175,-77.26065052,2023,10,22
230061723,Property Damage Crash,10/20/2023 09:54:00 PM,GERMANTOWN RD,NA,STRAIGHT MOVEMENT ANGLE,Rain,WET,Medium,TRAFFIC SIGNAL,NONE DETECTED,Yes,No Apparent Injury,"RAIN, SNOW, WET",NOT DISTRACTED,MD,PASSENGER CAR,MAKING LEFT TURN,40,No,2018,HONDA,CLARITY,39.18224129,-77.26026361,2023,10,21
230061723,Property Damage Crash,10/20/2023 09:54:00 PM,GERMANTOWN RD,NA,STRAIGHT MOVEMENT ANGLE,Rain,WET,Medium,TRAFFIC SIGNAL,NONE DETECTED,No,No Apparent Injury,"RAIN, SNOW, WET",NOT DISTRACTED,MD,PASSENGER CAR,MOVING CONSTANT SPEED,40,No,2020,HONDA,CIVIC,39.18224129,-77.26026361,2023,10,21
230061722,Property Damage Crash,10/20/2023 09:48:00 PM,E DIAMOND AVE,NA,OPPOSITE DIRECTION SIDESWIPE,Rain,WET,Medium,NO CONTROLS,NONE DETECTED,Yes,No Apparent Injury,"N/A, WET",UNKNOWN,NA,UNKNOWN,ACCELERATING,30,No,0,UNKNOWN,UNKNOWN,39.14262505,-77.20200258,2023,10,21
230061722,Property Damage Crash,10/20/2023 09:48:00 PM,E DIAMOND AVE,NA,OPPOSITE DIRECTION SIDESWIPE,Rain,WET,Medium,NO CONTROLS,NONE DETECTED,No,No Apparent Injury,"N/A, WET",NOT DISTRACTED,MD,PASSENGER CAR,SLOWING OR STOPPING,30,No,2018,MAZDA,6,39.14262505,-77.20200258,2023,10,21
230061720,Property Damage Crash,10/20/2023 09:35:00 PM,FATHER HURLEY BLVD,NA,SINGLE VEHICLE,Clear,WET,Medium,NO CONTROLS,NONE DETECTED,Yes,No Apparent Injury,"N/A, WET",UNKNOWN,MD,PASSENGER CAR,ACCELERATING,40,No,2006,MERC,CLK500,39.19864333,-77.26188167,2023,10,21
230061721,Property Damage Crash,10/20/2023 09:10:00 PM,NA,NA,OTHER,Cloudy,NA,Medium,NO CONTROLS,NONE DETECTED,Yes,No Apparent Injury,"N/A, WET",NOT DISTRACTED,NA,PASSENGER CAR,BACKING,5,No,2017,TOYOTA,COROLLA,38.99262667,-76.99248667,2023,10,21
230061721,Property Damage Crash,10/20/2023 09:10:00 PM,NA,NA,OTHER,Cloudy,NA,Medium,NO CONTROLS,NONE DETECTED,No,No Apparent Injury,"N/A, WET",NOT DISTRACTED,MD,PASSENGER CAR,PARKED,0,No,2011,SUBA,UT,38.99262667,-76.99248667,2023,10,21
230061702,Property Damage Crash,10/20/2023 07:10:00 PM,NEW HAMPSHIRE AVE,NA,HEAD ON LEFT TURN,Rain,WET,Medium,TRAFFIC SIGNAL,NONE DETECTED,No,No Apparent Injury,"RAIN, SNOW, WET",NOT DISTRACTED,MD,PASSENGER CAR,MOVING CONSTANT SPEED,40,No,2020,TOYT,SD,39.07314917,-77.00283017,2023,10,19
230061702,Property Damage Crash,10/20/2023 07:10:00 PM,NEW HAMPSHIRE AVE,NA,HEAD ON LEFT TURN,Rain,WET,Medium,TRAFFIC SIGNAL,NONE DETECTED,Yes,No Apparent Injury,"RAIN, SNOW, WET",LOOKED BUT DID NOT SEE,MD,PASSENGER CAR,MAKING LEFT TURN,40,No,2018,HOND,SD,39.07314917,-77.00283017,2023,10,19
230061697,Property Damage Crash,10/20/2023 06:38:00 PM,DALE DR,NA,SINGLE VEHICLE,Rain,WET,Medium,NO CONTROLS,NONE DETECTED,Yes,No Apparent Injury,"RAIN, SNOW, WET",NOT DISTRACTED,MD,PASSENGER CAR,MOVING CONSTANT SPEED,30,No,1998,FORD,F-150,39.00625707,-77.02522589,2023,10,18
230061694,Property Damage Crash,10/20/2023 06:25:00 PM,OLD GEORGETOWN RD,NA,SAME DIR REAR END,Rain,WET,Medium,TRAFFIC SIGNAL,NONE DETECTED,Yes,No Apparent Injury,"RAIN, SNOW, WET",LOOKED BUT DID NOT SEE,VA,PASSENGER CAR,SLOWING OR STOPPING,35,No,2015,NISSAN,ROGUE,39.033629,-77.12539217,2023,10,18