Local Case Number,ACRS Report Type,Crash Date/Time,Road Name,Related Non-Motorist,Collision Type,Weather,Surface Condition,Light,Traffic Control,Driver Substance Abuse,Driver At Fault,Injury Severity,Circumstance,Driver Distracted By,Drivers License State,Vehicle Body Type,Vehicle Movement,Speed Limit,Driverless Vehicle,Vehicle Year,Vehicle Make,Vehicle Model,Latitude,Longitude,Year,Month,Hour
230061694,Property Damage Crash,10/20/2023 06:25:00 PM,OLD GEORGETOWN RD,NA,SAME DIR REAR END,Rain,WET,Medium,TRAFFIC SIGNAL,NONE DETECTED,No,No Apparent Injury,"RAIN, SNOW, WET",NOT DISTRACTED,MD,PASSENGER CAR,STOPPED IN TRAFFIC LANE,35,No,2021,SUBA,CROSSTRACK,39.033629,-77.12539217,2023,10,18
230061694,Property Damage Crash,10/20/2023 06:25:00 PM,OLD GEORGETOWN RD,NA,SAME DIR REAR END,Rain,WET,Medium,TRAFFIC SIGNAL,NONE DETECTED,No,No Apparent Injury,"RAIN, SNOW, WET",NOT DISTRACTED,MD,PASSENGER CAR,STOPPED IN TRAFFIC LANE,35,No,2022,MERZ,SUV,39.033629,-77.12539217,2023,10,18
230061695,Property Damage Crash,10/20/2023 06:17:00 PM,MONROE PL,NA,OTHER,Rain,WET,Daylight,TRAFFIC SIGNAL,NONE DETECTED,No,No Apparent Injury,"N/A, RAIN, SNOW",NOT DISTRACTED,MD,TRANSIT BUS,MOVING CONSTANT SPEED,35,No,2019,GILG,BUS,39.08367402,-77.14712403,2023,10,18
230061695,Property Damage Crash,10/20/2023 06:17:00 PM,MONROE PL,NA,OTHER,Rain,WET,Daylight,TRAFFIC SIGNAL,NONE DETECTED,Yes,No Apparent Injury,"N/A, RAIN, SNOW",NOT DISTRACTED,MD,PICKUP TRUCK,SLOWING OR STOPPING,35,No,2011,TOYOTA,TUNDRA,39.08367402,-77.14712403,2023,10,18
230061710,Property Damage Crash,10/20/2023 06:13:00 PM,WISCONSIN AVE,NA,HEAD ON LEFT TURN,Rain,WET,Medium,N/A,NONE DETECTED,Yes,No Apparent Injury,"RAIN, SNOW, WET",UNKNOWN,MD,PASSENGER CAR,MAKING LEFT TURN,25,No,2009,HYUNDAI,ELANTRA,38.98915333,-77.095535,2023,10,18
230061710,Property Damage Crash,10/20/2023 06:13:00 PM,WISCONSIN AVE,NA,HEAD ON LEFT TURN,Rain,WET,Medium,N/A,NONE DETECTED,No,No Apparent Injury,"RAIN, SNOW, WET",NOT DISTRACTED,MD,(SPORT) UTILITY VEHICLE,MOVING CONSTANT SPEED,25,No,2018,VOLKSWAGEN,TIGUAN,38.98915333,-77.095535,2023,10,18
230061692,Property Damage Crash,10/20/2023 05:45:00 PM,AIRPARK RD,NA,SINGLE VEHICLE,Cloudy,WET,Daylight,NO CONTROLS,NONE DETECTED,Yes,No Apparent Injury,"RAIN, SNOW, WET",UNKNOWN,NA,PASSENGER CAR,UNKNOWN,35,No,1995,MAZDA,MIATA,39.15340533,-77.14180783,2023,10,17
230061684,Property Damage Crash,10/20/2023 05:30:00 PM,WILLOW LA,NA,OTHER,Cloudy,DRY,Daylight,NO CONTROLS,NONE DETECTED,No,No Apparent Injury,N/A,NOT DISTRACTED,MD,"CARGO VAN/LIGHT TRUCK 2 AXLES (OVER 10,000LBS (4,536 KG))",PARKED,25,No,2018,DODGE,POSTAL TRUCK,38.98193833,-77.08863667,2023,10,17
230061684,Property Damage Crash,10/20/2023 05:30:00 PM,WILLOW LA,NA,OTHER,Cloudy,DRY,Daylight,NO CONTROLS,NONE DETECTED,Yes,No Apparent Injury,N/A,UNKNOWN,MD,(SPORT) UTILITY VEHICLE,MOVING CONSTANT SPEED,25,No,2023,CHEVROLET,SUV,38.98193833,-77.08863667,2023,10,17
230061674,Injury Crash,10/20/2023 04:26:00 PM,CEDAR LA,NA,SINGLE VEHICLE,Rain,WET,Daylight,TRAFFIC SIGNAL,ALCOHOL PRESENT,Yes,Possible Minor Injury,"RAIN, SNOW, WET",UNKNOWN,MD,PASSENGER CAR,MOVING CONSTANT SPEED,35,No,2018,HYUNDAI,ACCENT,39.00815417,-77.09420133,2023,10,16
230061665,Property Damage Crash,10/20/2023 04:15:00 PM,RANDOLPH RD,NA,SAME DIR REAR END,Cloudy,WET,Daylight,N/A,NONE DETECTED,Yes,No Apparent Injury,"N/A, WET",UNKNOWN,NA,(SPORT) UTILITY VEHICLE,SLOWING OR STOPPING,35,No,2017,CHEVROLET,SUBURBAN,39.062635,-77.04151167,2023,10,16
230061665,Property Damage Crash,10/20/2023 04:15:00 PM,RANDOLPH RD,NA,SAME DIR REAR END,Cloudy,WET,Daylight,N/A,NONE DETECTED,No,No Apparent Injury,"N/A, WET",NOT DISTRACTED,MD,PASSENGER CAR,SLOWING OR STOPPING,35,No,2016,TOYT,4S,39.062635,-77.04151167,2023,10,16
230061662,Property Damage Crash,10/20/2023 04:10:00 PM,RANDOLPH RD,NA,SAME DIR REAR END,Rain,WET,Daylight,NO CONTROLS,NONE DETECTED,No,No Apparent Injury,"N/A, WET",NOT DISTRACTED,MD,PASSENGER CAR,SLOWING OR STOPPING,35,No,2012,TOYOTA,RAV 4,39.06273967,-77.041312,2023,10,16
230061662,Property Damage Crash,10/20/2023 04:10:00 PM,RANDOLPH RD,NA,SAME DIR REAR END,Rain,WET,Daylight,NO CONTROLS,NONE DETECTED,Yes,No Apparent Injury,"N/A, WET",NOT DISTRACTED,MD,PASSENGER CAR,MOVING CONSTANT SPEED,35,No,2019,VOLKSWAGON,JETTA,39.06273967,-77.041312,2023,10,16
230061667,Property Damage Crash,10/20/2023 04:03:00 PM,NA,OTHER,HEAD ON,Rain,NA,Daylight,NO CONTROLS,NONE DETECTED,Yes,No Apparent Injury,"N/A, RAIN, SNOW",UNKNOWN,MD,PASSENGER CAR,PARKING,15,No,2012,MERCEDES,C300,39.05587317,-77.114007,2023,10,16
230061661,Injury Crash,10/20/2023 04:00:00 PM,RUSSELL AVE,NA,HEAD ON LEFT TURN,Rain,WET,Daylight,TRAFFIC SIGNAL,NONE DETECTED,No,No Apparent Injury,"RAIN, SNOW, WET",NOT DISTRACTED,MD,PASSENGER CAR,MOVING CONSTANT SPEED,25,No,2009,LEXS,SD,39.15143342,-77.20754097,2023,10,16
230061661,Injury Crash,10/20/2023 04:00:00 PM,RUSSELL AVE,NA,HEAD ON LEFT TURN,Rain,WET,Daylight,TRAFFIC SIGNAL,NONE DETECTED,Yes,No Apparent Injury,"RAIN, SNOW, WET",UNKNOWN,MD,PICKUP TRUCK,MAKING LEFT TURN,25,No,2000,CHEV,SILVERRADO,39.15143342,-77.20754097,2023,10,16
230061653,Property Damage Crash,10/20/2023 03:48:00 PM,ARCTIC AVE,NA,SAME DIR REAR END,Rain,WET,Daylight,STOP SIGN,NONE DETECTED,Yes,No Apparent Injury,"N/A, WET",LOOKED BUT DID NOT SEE,MD,PASSENGER CAR,MOVING CONSTANT SPEED,25,No,2018,KIA,SOUL,39.07969833,-77.0973405,2023,10,15
230061653,Property Damage Crash,10/20/2023 03:48:00 PM,ARCTIC AVE,NA,SAME DIR REAR END,Rain,WET,Daylight,STOP SIGN,NONE DETECTED,No,No Apparent Injury,"N/A, WET",UNKNOWN,MD,PASSENGER CAR,STOPPED IN TRAFFIC LANE,25,No,2005,FORD,FOCUS,39.07969833,-77.0973405,2023,10,15
230061666,Property Damage Crash,10/20/2023 03:45:00 PM,QUINCE ORCHARD RD,NA,SAME DIR REAR END,Rain,WET,Daylight,NO CONTROLS,NONE DETECTED,Unknown,No Apparent Injury,"RAIN, SNOW, WET",UNKNOWN,NA,PICKUP TRUCK,SLOWING OR STOPPING,30,No,2017,FORD,250,39.10737113,-77.25208052,2023,10,15
230061666,Property Damage Crash,10/20/2023 03:45:00 PM,QUINCE ORCHARD RD,NA,SAME DIR REAR END,Rain,WET,Daylight,NO CONTROLS,NONE DETECTED,Unknown,No Apparent Injury,"RAIN, SNOW, WET",NOT DISTRACTED,MD,PASSENGER CAR,MOVING CONSTANT SPEED,30,No,2018,NISSAN,LEAF,39.10737113,-77.25208052,2023,10,15
230061652,Property Damage Crash,10/20/2023 03:40:00 PM,FREDERICK RD,NA,SAME DIR REAR END,Rain,WET,Daylight,NO CONTROLS,NONE DETECTED,Yes,No Apparent Injury,"N/A, WET",LOOKED BUT DID NOT SEE,MD,PASSENGER CAR,STARTING FROM LANE,40,No,2011,HYUNDAI,KONA,39.12614468,-77.18312177,2023,10,15
230061652,Property Damage Crash,10/20/2023 03:40:00 PM,FREDERICK RD,NA,SAME DIR REAR END,Rain,WET,Daylight,NO CONTROLS,NONE DETECTED,No,No Apparent Injury,"N/A, WET",NOT DISTRACTED,MD,PASSENGER CAR,STOPPED IN TRAFFIC LANE,40,No,2020,TOYOTA,COROLLA,39.12614468,-77.18312177,2023,10,15
230061651,Property Damage Crash,10/20/2023 03:30:00 PM,NEW HAMPSHIRE AVE,NA,SAME DIRECTION RIGHT TURN,Rain,WET,Daylight,TRAFFIC SIGNAL,NONE DETECTED,No,No Apparent Injury,"RAIN, SNOW, WET",NOT DISTRACTED,MD,PASSENGER CAR,MAKING RIGHT TURN,35,No,2019,TOYT,SD,39.02044167,-76.97663,2023,10,15
230061656,Property Damage Crash,10/20/2023 03:30:00 PM,NEW HAMPSHIRE AVE,NA,HEAD ON LEFT TURN,Rain,WET,Daylight,TRAFFIC SIGNAL,NONE DETECTED,No,No Apparent Injury,"RAIN, SNOW, WET",NOT DISTRACTED,MD,PASSENGER CAR,MOVING CONSTANT SPEED,35,No,2000,MERZ,4S,39.02044167,-76.97663,2023,10,15
230061656,Property Damage Crash,10/20/2023 03:30:00 PM,NEW HAMPSHIRE AVE,NA,HEAD ON LEFT TURN,Rain,WET,Daylight,TRAFFIC SIGNAL,NONE DETECTED,Yes,No Apparent Injury,"RAIN, SNOW, WET",LOOKED BUT DID NOT SEE,MD,PASSENGER CAR,MAKING U TURN,35,No,2010,HOND,UT,39.02044167,-76.97663,2023,10,15
230061651,Property Damage Crash,10/20/2023 03:30:00 PM,NEW HAMPSHIRE AVE,NA,SAME DIRECTION RIGHT TURN,Rain,WET,Daylight,TRAFFIC SIGNAL,NONE DETECTED,Yes,No Apparent Injury,"RAIN, SNOW, WET",LOOKED BUT DID NOT SEE,MD,PASSENGER CAR,CHANGING LANES,35,No,2010,HOND,UT,39.02044167,-76.97663,2023,10,15
230061656,Property Damage Crash,10/20/2023 03:30:00 PM,NEW HAMPSHIRE AVE,NA,HEAD ON LEFT TURN,Rain,WET,Daylight,TRAFFIC SIGNAL,NONE DETECTED,No,No Apparent Injury,"RAIN, SNOW, WET",NOT DISTRACTED,MD,PASSENGER CAR,MOVING CONSTANT SPEED,35,No,2005,TOYT,HY,39.02044167,-76.97663,2023,10,15
230061610,Property Damage Crash,10/20/2023 12:41:00 PM,FREDALE ST,NA,OTHER,Cloudy,DRY,Daylight,N/A,NONE DETECTED,Yes,No Apparent Injury,N/A,UNKNOWN,XX,PASSENGER CAR,UNKNOWN,25,No,2009,ACURA,MDX TK,39.06143272,-77.06916793,2023,10,12
230061595,Injury Crash,10/20/2023 11:07:00 AM,LAYHILL RD,NA,STRAIGHT MOVEMENT ANGLE,Clear,DRY,Daylight,TRAFFIC SIGNAL,NONE DETECTED,Yes,Possible Minor Injury,N/A,UNKNOWN,MD,PASSENGER CAR,MOVING CONSTANT SPEED,40,No,2010,TOYT,4S,39.12063667,-77.03476667,2023,10,11
230061595,Injury Crash,10/20/2023 11:07:00 AM,LAYHILL RD,NA,STRAIGHT MOVEMENT ANGLE,Clear,DRY,Daylight,TRAFFIC SIGNAL,NONE DETECTED,No,Possible Minor Injury,N/A,NOT DISTRACTED,MD,(SPORT) UTILITY VEHICLE,MOVING CONSTANT SPEED,40,No,2019,TOYOTA,RAV4,39.12063667,-77.03476667,2023,10,11
230061595,Injury Crash,10/20/2023 11:07:00 AM,LAYHILL RD,NA,STRAIGHT MOVEMENT ANGLE,Clear,DRY,Daylight,TRAFFIC SIGNAL,NONE DETECTED,No,No Apparent Injury,N/A,NOT DISTRACTED,MD,VAN,MOVING CONSTANT SPEED,40,No,2002,FORD,VN,39.12063667,-77.03476667,2023,10,11
230061584,Injury Crash,10/20/2023 10:28:00 AM,PARK RD,NA,OTHER,Clear,DRY,Daylight,TRAFFIC SIGNAL,NONE DETECTED,Yes,No Apparent Injury,N/A,LOOKED BUT DID NOT SEE,MD,PASSENGER CAR,MAKING LEFT TURN,25,No,2018,HOND,RAV4,39.08547682,-77.14662031,2023,10,10
230061584,Injury Crash,10/20/2023 10:28:00 AM,PARK RD,NA,OTHER,Clear,DRY,Daylight,TRAFFIC SIGNAL,NONE DETECTED,No,Possible Minor Injury,N/A,NOT DISTRACTED,VA,PASSENGER CAR,MOVING CONSTANT SPEED,25,No,2017,TOYT,TACOMA,39.08547682,-77.14662031,2023,10,10
230061596,Property Damage Crash,10/20/2023 10:22:00 AM,OLD GEORGETOWN RD,NA,SAME DIR REAR END,Clear,DRY,Daylight,TRAFFIC SIGNAL,NONE DETECTED,Yes,No Apparent Injury,"N/A, ROAD UNDER CONSTRUCTION/MAINTENANCE",LOOKED BUT DID NOT SEE,MD,"MEDIUM/HEAVY TRUCKS 3 AXLES (OVER 10,000LBS (4,536KG))",BACKING,30,No,2014,MIFU,ST,38.98556567,-77.09558367,2023,10,10
230061596,Property Damage Crash,10/20/2023 10:22:00 AM,OLD GEORGETOWN RD,NA,SAME DIR REAR END,Clear,DRY,Daylight,TRAFFIC SIGNAL,NONE DETECTED,No,No Apparent Injury,"N/A, ROAD UNDER CONSTRUCTION/MAINTENANCE",NOT DISTRACTED,DC,PASSENGER CAR,STOPPED IN TRAFFIC LANE,30,No,2017,AUDI,A5,38.98556567,-77.09558367,2023,10,10
230061570,Property Damage Crash,10/20/2023 08:51:00 AM,CHERRY HILL RD,NA,SAME DIRECTION LEFT TURN,Clear,DRY,Daylight,NO CONTROLS,NONE DETECTED,No,No Apparent Injury,N/A,NOT DISTRACTED,MD,POLICE VEHICLE/EMERGENCY,MOVING CONSTANT SPEED,40,No,2014,DODGE,CHARGER,39.05312833,-76.95326833,2023,10,8
230061570,Property Damage Crash,10/20/2023 08:51:00 AM,CHERRY HILL RD,NA,SAME DIRECTION LEFT TURN,Clear,DRY,Daylight,NO CONTROLS,NONE DETECTED,Yes,No Apparent Injury,N/A,LOOKED BUT DID NOT SEE,MD,PASSENGER CAR,MAKING U TURN,40,No,2020,TOYOTA,CAMRY,39.05312833,-76.95326833,2023,10,8
230061569,Injury Crash,10/20/2023 08:50:00 AM,SLIGO CREEK PKWY,BICYCLIST,SAME DIR REAR END,Clear,DRY,Daylight,TRAFFIC SIGNAL,NONE DETECTED,Yes,No Apparent Injury,N/A,UNKNOWN,NA,NA,MOVING CONSTANT SPEED,25,No,0,UNKNOWN,UNKNOWN,39.0077673,-77.02027263,2023,10,8
230061566,Property Damage Crash,10/20/2023 08:09:00 AM,RIDGE RD,NA,SAME DIR REAR END,Cloudy,DRY,Daylight,NO CONTROLS,NONE DETECTED,No,No Apparent Injury,N/A,NOT DISTRACTED,MD,POLICE VEHICLE/EMERGENCY,SLOWING OR STOPPING,40,No,2016,HOND,SD,39.23695,-77.23629667,2023,10,8
230061566,Property Damage Crash,10/20/2023 08:09:00 AM,RIDGE RD,NA,SAME DIR REAR END,Cloudy,DRY,Daylight,NO CONTROLS,NONE DETECTED,Yes,No Apparent Injury,N/A,LOOKED BUT DID NOT SEE,MD,(SPORT) UTILITY VEHICLE,MOVING CONSTANT SPEED,40,No,2015,JEEP,SW,39.23695,-77.23629667,2023,10,8
230061566,Property Damage Crash,10/20/2023 08:09:00 AM,RIDGE RD,NA,SAME DIR REAR END,Cloudy,DRY,Daylight,NO CONTROLS,NONE DETECTED,No,No Apparent Injury,N/A,NOT DISTRACTED,MD,POLICE VEHICLE/EMERGENCY,STOPPED IN TRAFFIC LANE,40,No,2024,SUBA,UT,39.23695,-77.23629667,2023,10,8
230061556,Property Damage Crash,10/20/2023 06:41:00 AM,VEIRS MILL RD,NA,SAME DIRECTION SIDESWIPE,Clear,DRY,Medium,NO CONTROLS,NONE DETECTED,No,No Apparent Injury,N/A,NOT DISTRACTED,MD,PASSENGER CAR,MOVING CONSTANT SPEED,35,No,2018,MAZD,UT,39.0437245,-77.062736,2023,10,6
230061556,Property Damage Crash,10/20/2023 06:41:00 AM,VEIRS MILL RD,NA,SAME DIRECTION SIDESWIPE,Clear,DRY,Medium,NO CONTROLS,NONE DETECTED,Yes,No Apparent Injury,N/A,UNKNOWN,NA,NA,CHANGING LANES,35,No,0,UNKNOWN,UNKNOWN,39.0437245,-77.062736,2023,10,6
230061555,Property Damage Crash,10/20/2023 06:30:00 AM,EISENHOWER MEMORIAL HWY,NA,SAME DIRECTION SIDESWIPE,Clear,DRY,Dark,N/A,NONE DETECTED,Yes,No Apparent Injury,N/A,NOT DISTRACTED,DC,"CARGO VAN/LIGHT TRUCK 2 AXLES (OVER 10,000LBS (4,536 KG))",MOVING CONSTANT SPEED,55,No,2020,PERTERBUILT,TRASH TRUCK,39.03777422,-77.14563271,2023,10,6
230061555,Property Damage Crash,10/20/2023 06:30:00 AM,EISENHOWER MEMORIAL HWY,NA,SAME DIRECTION SIDESWIPE,Clear,DRY,Dark,N/A,NONE DETECTED,No,No Apparent Injury,N/A,NOT DISTRACTED,MD,SCHOOL BUS,MOVING CONSTANT SPEED,55,No,2024,THOMAS,BUS,39.03777422,-77.14563271,2023,10,6
230061532,Injury Crash,10/19/2023 11:10:00 PM,COLUMBIA PIKE,NA,STRAIGHT MOVEMENT ANGLE,Clear,DRY,Medium,FLASHING TRAFFIC SIGNAL,NONE DETECTED,No,Possible Minor Injury,N/A,NOT DISTRACTED,MD,PASSENGER CAR,MAKING LEFT TURN,25,No,2010,NISS,ROGUE,39.06762473,-76.95922253,2023,10,23
230061532,Injury Crash,10/19/2023 11:10:00 PM,COLUMBIA PIKE,NA,STRAIGHT MOVEMENT ANGLE,Clear,DRY,Medium,FLASHING TRAFFIC SIGNAL,NONE DETECTED,Yes,Possible Minor Injury,N/A,UNKNOWN,NA,PASSENGER CAR,ACCELERATING,50,No,2018,CADILLAC,CTSV,39.06762473,-76.95922253,2023,10,23
230061529,Property Damage Crash,10/19/2023 10:17:00 PM,STONEYBROOK DR,NA,OPPOSITE DIR BOTH LEFT TURN,Clear,DRY,Medium,STOP SIGN,NONE DETECTED,No,No Apparent Injury,N/A,NOT DISTRACTED,MD,PASSENGER CAR,MAKING LEFT TURN,25,No,2016,MAZDA,3,39.02102056,-77.06197036,2023,10,22
230061529,Property Damage Crash,10/19/2023 10:17:00 PM,STONEYBROOK DR,NA,OPPOSITE DIR BOTH LEFT TURN,Clear,DRY,Medium,STOP SIGN,NONE DETECTED,Yes,No Apparent Injury,N/A,LOOKED BUT DID NOT SEE,PA,(SPORT) UTILITY VEHICLE,MAKING LEFT TURN,25,No,2021,JEEP,WRANGLER,39.02102056,-77.06197036,2023,10,22
230061527,Property Damage Crash,10/19/2023 09:59:00 PM,DILSTON RD,NA,OTHER,Clear,DRY,Medium,N/A,NONE DETECTED,Yes,No Apparent Injury,N/A,UNKNOWN,NA,NA,MOVING CONSTANT SPEED,25,No,0,UNKNOWN,UNKNOWN,39.01488642,-76.98502164,2023,10,21
230061525,Property Damage Crash,10/19/2023 08:50:00 PM,GALT AVE,NA,SAME DIR REAR END,Clear,DRY,Medium,NO CONTROLS,NONE DETECTED,Yes,No Apparent Injury,N/A,UNKNOWN,NA,PASSENGER CAR,MOVING CONSTANT SPEED,25,No,2004,HONDA,ODYSSEY,39.04954383,-77.05407517,2023,10,20
230061519,Property Damage Crash,10/19/2023 07:35:00 PM,RIDGE RD,NA,SAME DIR REAR END,Clear,DRY,Dark,NO CONTROLS,NONE DETECTED,Yes,No Apparent Injury,N/A,UNKNOWN,MD,PASSENGER CAR,MOVING CONSTANT SPEED,40,No,2016,JEEP,PATRIOT,39.26190603,-77.2215506,2023,10,19
230061519,Property Damage Crash,10/19/2023 07:35:00 PM,RIDGE RD,NA,SAME DIR REAR END,Clear,DRY,Dark,NO CONTROLS,NONE DETECTED,No,No Apparent Injury,N/A,NOT DISTRACTED,MD,PASSENGER CAR,SLOWING OR STOPPING,40,No,2010,VOLVO,SUV,39.26190603,-77.2215506,2023,10,19
230061514,Property Damage Crash,10/19/2023 07:26:00 PM,CONNECTICUT AVE,NA,SINGLE VEHICLE,Clear,DRY,Medium,NO CONTROLS,NONE DETECTED,Yes,No Apparent Injury,N/A,LOOKED BUT DID NOT SEE,MD,PASSENGER CAR,MOVING CONSTANT SPEED,25,No,2010,CHRY,PV,39.08931855,-77.07191052,2023,10,19
230061513,Property Damage Crash,10/19/2023 07:22:00 PM,WATKINS MILL RD,NA,HEAD ON,Clear,DRY,Medium,NO CONTROLS,NONE DETECTED,Unknown,No Apparent Injury,N/A,UNKNOWN,MD,PASSENGER CAR,MOVING CONSTANT SPEED,30,No,2019,INFINITY,SUV,39.19039333,-77.22336167,2023,10,19
230061513,Property Damage Crash,10/19/2023 07:22:00 PM,WATKINS MILL RD,NA,HEAD ON,Clear,DRY,Medium,NO CONTROLS,NONE DETECTED,Unknown,No Apparent Injury,N/A,UNKNOWN,MD,"CARGO VAN/LIGHT TRUCK 2 AXLES (OVER 10,000LBS (4,536 KG))",MOVING CONSTANT SPEED,30,No,2023,FORD,CG,39.19039333,-77.22336167,2023,10,19
230061510,Property Damage Crash,10/19/2023 07:10:00 PM,GEORGIA AVE,NA,SAME DIR REAR END,Clear,DRY,Medium,NO CONTROLS,NONE DETECTED,No,No Apparent Injury,N/A,NOT DISTRACTED,MD,PASSENGER CAR,SLOWING OR STOPPING,35,No,2016,VOLK,SD,39.03474833,-77.04928333,2023,10,19
230061510,Property Damage Crash,10/19/2023 07:10:00 PM,GEORGIA AVE,NA,SAME DIR REAR END,Clear,DRY,Medium,NO CONTROLS,NONE DETECTED,No,No Apparent Injury,N/A,NOT DISTRACTED,MD,PASSENGER CAR,SLOWING OR STOPPING,35,No,2016,HOND,TK,39.03474833,-77.04928333,2023,10,19
230061510,Property Damage Crash,10/19/2023 07:10:00 PM,GEORGIA AVE,NA,SAME DIR REAR END,Clear,DRY,Medium,NO CONTROLS,NONE DETECTED,Yes,No Apparent Injury,N/A,LOOKED BUT DID NOT SEE,MD,PASSENGER CAR,MOVING CONSTANT SPEED,35,No,2016,LEXS,TK,39.03474833,-77.04928333,2023,10,19
230061501,Property Damage Crash,10/19/2023 06:20:00 PM,BOSWELL LA,NA,SINGLE VEHICLE,Clear,DRY,Medium,N/A,NONE DETECTED,Yes,No Apparent Injury,N/A,NOT DISTRACTED,MD,PASSENGER CAR,MOVING CONSTANT SPEED,25,No,2021,BMW,X1,39.070285,-77.216775,2023,10,18
230061497,Property Damage Crash,10/19/2023 05:45:00 PM,GREENTREE RD,NA,STRAIGHT MOVEMENT ANGLE,Clear,DRY,Daylight,STOP SIGN,NONE DETECTED,No,No Apparent Injury,N/A,NOT DISTRACTED,MD,(SPORT) UTILITY VEHICLE,MOVING CONSTANT SPEED,30,No,2014,DODG,TK,39.00098069,-77.12112825,2023,10,17
230061496,Injury Crash,10/19/2023 05:45:00 PM,SNOWDEN FARM PARKWAY,NA,STRAIGHT MOVEMENT ANGLE,Cloudy,DRY,Daylight,STOP SIGN,NONE DETECTED,Yes,Possible Minor Injury,N/A,LOOKED BUT DID NOT SEE,MD,(SPORT) UTILITY VEHICLE,MAKING LEFT TURN,40,No,2023,BWM,X3,39.22346567,-77.24439417,2023,10,17
230061496,Injury Crash,10/19/2023 05:45:00 PM,SNOWDEN FARM PARKWAY,NA,STRAIGHT MOVEMENT ANGLE,Cloudy,DRY,Daylight,STOP SIGN,NONE DETECTED,No,Possible Minor Injury,N/A,NOT DISTRACTED,MD,(SPORT) UTILITY VEHICLE,MOVING CONSTANT SPEED,40,No,2020,MERZ,UT,39.22346567,-77.24439417,2023,10,17
230061497,Property Damage Crash,10/19/2023 05:45:00 PM,GREENTREE RD,NA,STRAIGHT MOVEMENT ANGLE,Clear,DRY,Daylight,STOP SIGN,NONE DETECTED,Yes,No Apparent Injury,N/A,NOT DISTRACTED,MD,PASSENGER CAR,ACCELERATING,20,No,2013,LEXS,GS 40,39.00098069,-77.12112825,2023,10,17
230061490,Property Damage Crash,10/19/2023 05:16:00 PM,ROCKVILLE PIKE,NA,SAME DIRECTION LEFT TURN,Clear,DRY,Daylight,TRAFFIC SIGNAL,NONE DETECTED,Yes,No Apparent Injury,N/A,UNKNOWN,NA,UNKNOWN,MAKING LEFT TURN,35,No,0,UNKNOWN,UNKNOWN,38.99700517,-77.0969905,2023,10,17
230061490,Property Damage Crash,10/19/2023 05:16:00 PM,ROCKVILLE PIKE,NA,SAME DIRECTION LEFT TURN,Clear,DRY,Daylight,TRAFFIC SIGNAL,NONE DETECTED,No,No Apparent Injury,N/A,NOT DISTRACTED,FL,(SPORT) UTILITY VEHICLE,STOPPED IN TRAFFIC LANE,35,No,2023,JEEP,4XE,38.99700517,-77.0969905,2023,10,17
230061485,Property Damage Crash,10/19/2023 04:44:00 PM,E GUDE DR,NA,SAME DIR REAR END,Clear,DRY,Daylight,TRAFFIC SIGNAL,NONE DETECTED,Yes,No Apparent Injury,N/A,NOT DISTRACTED,MD,PASSENGER CAR,MOVING CONSTANT SPEED,40,No,2017,HOND,TK,39.09785037,-77.13686566,2023,10,16
230061485,Property Damage Crash,10/19/2023 04:44:00 PM,E GUDE DR,NA,SAME DIR REAR END,Clear,DRY,Daylight,TRAFFIC SIGNAL,NONE DETECTED,No,No Apparent Injury,N/A,NOT DISTRACTED,MD,PASSENGER CAR,SLOWING OR STOPPING,40,No,2007,SAAB,4S,39.09785037,-77.13686566,2023,10,16
230061481,Property Damage Crash,10/19/2023 04:32:00 PM,NA,NA,SINGLE VEHICLE,Clear,NA,Daylight,NO CONTROLS,NONE DETECTED,Yes,No Apparent Injury,N/A,NOT DISTRACTED,MD,PASSENGER CAR,ACCELERATING,5,No,2023,LNDR,UT,39.01076525,-77.04200716,2023,10,16
230061478,Injury Crash,10/19/2023 03:54:00 PM,EAST WEST HWY,PEDESTRIAN,OTHER,Clear,DRY,Daylight,TRAFFIC SIGNAL,NONE DETECTED,No,No Apparent Injury,N/A,NOT DISTRACTED,MD,SCHOOL BUS,ACCELERATING,35,No,2016,THOMAS,BUS,38.99385617,-77.0514365,2023,10,15
230061484,Property Damage Crash,10/19/2023 03:53:00 PM,BRIGGS CHANEY RD,NA,SAME DIR REAR END,Clear,DRY,Daylight,NO CONTROLS,NONE DETECTED,No,No Apparent Injury,N/A,NOT DISTRACTED,VA,PASSENGER CAR,STOPPED IN TRAFFIC LANE,35,No,2017,TOYOTA,COROLLA,39.09537841,-76.96937269,2023,10,15
230061484,Property Damage Crash,10/19/2023 03:53:00 PM,BRIGGS CHANEY RD,NA,SAME DIR REAR END,Clear,DRY,Daylight,NO CONTROLS,NONE DETECTED,Yes,No Apparent Injury,N/A,NOT DISTRACTED,MD,PASSENGER CAR,SLOWING OR STOPPING,35,No,2019,HONDA,HRV,39.09537841,-76.96937269,2023,10,15
230061471,Property Damage Crash,10/19/2023 03:35:00 PM,GEORGIA AVE,NA,SAME DIR REAR END,Clear,DRY,Daylight,TRAFFIC SIGNAL,NONE DETECTED,Yes,No Apparent Injury,N/A,LOOKED BUT DID NOT SEE,MD,PASSENGER CAR,CHANGING LANES,35,No,2018,MERCEDES,GLC300,39.03767833,-77.05061667,2023,10,15
230061471,Property Damage Crash,10/19/2023 03:35:00 PM,GEORGIA AVE,NA,SAME DIR REAR END,Clear,DRY,Daylight,TRAFFIC SIGNAL,NONE DETECTED,No,No Apparent Injury,N/A,NOT DISTRACTED,MD,PASSENGER CAR,STOPPED IN TRAFFIC LANE,35,No,2008,CHEVY,HHR,39.03767833,-77.05061667,2023,10,15
230061467,Property Damage Crash,10/19/2023 03:07:00 PM,COLUMBIA PIKE,NA,STRAIGHT MOVEMENT ANGLE,Clear,DRY,Daylight,TRAFFIC SIGNAL,NONE DETECTED,No,No Apparent Injury,N/A,NOT DISTRACTED,VA,FIRE VEHICLE/EMERGENCY,MOVING CONSTANT SPEED,40,No,2004,SPARTAN,MARION,39.06248817,-76.96288567,2023,10,15
230061467,Property Damage Crash,10/19/2023 03:07:00 PM,COLUMBIA PIKE,NA,STRAIGHT MOVEMENT ANGLE,Clear,DRY,Daylight,TRAFFIC SIGNAL,NONE DETECTED,Yes,No Apparent Injury,N/A,LOOKED BUT DID NOT SEE,MD,PASSENGER CAR,MAKING LEFT TURN,40,No,2016,TOYOTA,COROLLA,39.06248817,-76.96288567,2023,10,15
230061461,Property Damage Crash,10/19/2023 02:51:00 PM,EISENHOWER MEMORIAL HWY,NA,SINGLE VEHICLE,Clear,DRY,Daylight,NO CONTROLS,NONE DETECTED,No,No Apparent Injury,"ANIMAL, N/A",NOT DISTRACTED,MD,POLICE VEHICLE/NON EMERGENCY,MOVING CONSTANT SPEED,40,No,2012,CHEVY,IMPALA,39.18472778,-77.25767132,2023,10,14
230061453,Property Damage Crash,10/19/2023 02:02:00 PM,COLESVILLE RD,NA,SAME DIRECTION SIDESWIPE,Clear,DRY,Daylight,N/A,NONE DETECTED,Yes,No Apparent Injury,N/A,NOT DISTRACTED,DC,PASSENGER CAR,MOVING CONSTANT SPEED,30,No,2017,VOLK,GOLF,38.99806333,-77.02657833,2023,10,14
230061453,Property Damage Crash,10/19/2023 02:02:00 PM,COLESVILLE RD,NA,SAME DIRECTION SIDESWIPE,Clear,DRY,Daylight,N/A,NONE DETECTED,No,No Apparent Injury,N/A,NOT DISTRACTED,MD,PASSENGER CAR,PARKED,30,No,2009,NISSAN,ALTIMA,38.99806333,-77.02657833,2023,10,14