Local Case Number,ACRS Report Type,Crash Date/Time,Road Name,Related Non-Motorist,Collision Type,Weather,Surface Condition,Light,Traffic Control,Driver Substance Abuse,Driver At Fault,Injury Severity,Circumstance,Driver Distracted By,Drivers License State,Vehicle Body Type,Vehicle Movement,Speed Limit,Driverless Vehicle,Vehicle Year,Vehicle Make,Vehicle Model,Latitude,Longitude,Year,Month,Hour
230061115,Injury Crash,10/17/2023 05:13:00 PM,RIVER RD,NA,SAME DIR REAR END,Cloudy,DRY,Daylight,TRAFFIC SIGNAL,NONE DETECTED,No,No Apparent Injury,N/A,NOT DISTRACTED,VA,PASSENGER CAR,STOPPED IN TRAFFIC LANE,35,No,2019,MAZDA,CX5,38.98937625,-77.1497733,2023,10,17
230061115,Injury Crash,10/17/2023 05:13:00 PM,RIVER RD,NA,SAME DIR REAR END,Cloudy,DRY,Daylight,TRAFFIC SIGNAL,NONE DETECTED,Yes,No Apparent Injury,N/A,LOOKED BUT DID NOT SEE,MD,"OTHER LIGHT TRUCKS (10,000LBS (4,536KG) OR LESS)",MOVING CONSTANT SPEED,35,No,2018,ISU,NRR,38.98937625,-77.1497733,2023,10,17
230061106,Property Damage Crash,10/17/2023 04:02:00 PM,FALLS RD,NA,SAME DIR REAR END,Cloudy,DRY,Daylight,NO CONTROLS,NONE DETECTED,Yes,No Apparent Injury,N/A,NOT DISTRACTED,MD,PASSENGER CAR,SLOWING OR STOPPING,35,No,2007,BUICK,LUCERNE,39.02491333,-77.20631167,2023,10,16
230061106,Property Damage Crash,10/17/2023 04:02:00 PM,FALLS RD,NA,SAME DIR REAR END,Cloudy,DRY,Daylight,NO CONTROLS,NONE DETECTED,No,No Apparent Injury,N/A,NOT DISTRACTED,VA,PASSENGER CAR,STOPPED IN TRAFFIC LANE,35,No,2002,LEXUS,GS300,39.02491333,-77.20631167,2023,10,16
230061103,Property Damage Crash,10/17/2023 04:00:00 PM,DALEWOOD DR,NA,SAME DIRECTION SIDESWIPE,Cloudy,DRY,Daylight,N/A,NONE DETECTED,No,No Apparent Injury,N/A,NOT DISTRACTED,MD,PASSENGER CAR,MAKING LEFT TURN,25,No,2021,TOYOTA,CAMRY,39.06258617,-77.06530726,2023,10,16
230061103,Property Damage Crash,10/17/2023 04:00:00 PM,DALEWOOD DR,NA,SAME DIRECTION SIDESWIPE,Cloudy,DRY,Daylight,N/A,NONE DETECTED,Yes,No Apparent Injury,N/A,UNKNOWN,MD,PASSENGER CAR,MOVING CONSTANT SPEED,25,No,2011,HONDA,CIVIC,39.06258617,-77.06530726,2023,10,16
230061090,Injury Crash,10/17/2023 03:40:00 PM,FREDERICK RD,NA,SAME DIR REAR END,Clear,DRY,Daylight,TRAFFIC SIGNAL,NONE DETECTED,Yes,No Apparent Injury,N/A,LOOKED BUT DID NOT SEE,MD,PASSENGER CAR,ACCELERATING,40,No,2010,LEXUS,SUV,39.12232917,-77.17708733,2023,10,15
230061090,Injury Crash,10/17/2023 03:40:00 PM,FREDERICK RD,NA,SAME DIR REAR END,Clear,DRY,Daylight,TRAFFIC SIGNAL,NONE DETECTED,No,Possible Minor Injury,N/A,NOT DISTRACTED,MD,PASSENGER CAR,ACCELERATING,40,No,2022,TOYOTA,COROLLA,39.12232917,-77.17708733,2023,10,15
230061088,Injury Crash,10/17/2023 03:21:00 PM,VEIRS MILL RD,PEDESTRIAN,N/A,Clear,DRY,Daylight,WARNING SIGN,NONE DETECTED,Yes,No Apparent Injury,N/A,LOOKED BUT DID NOT SEE,MD,PASSENGER CAR,MAKING LEFT TURN,35,No,2020,TOYOTA,SD,39.06165063,-77.09202394,2023,10,15
230061091,Injury Crash,10/17/2023 03:03:00 PM,KEY WEST AVE,NA,SAME DIRECTION SIDESWIPE,Clear,DRY,Daylight,TRAFFIC SIGNAL,NONE DETECTED,Yes,No Apparent Injury,N/A,LOOKED BUT DID NOT SEE,MD,PASSENGER CAR,MOVING CONSTANT SPEED,40,No,2020,HYUN,4S,39.10397333,-77.19190167,2023,10,15
230061091,Injury Crash,10/17/2023 03:03:00 PM,KEY WEST AVE,NA,SAME DIRECTION SIDESWIPE,Clear,DRY,Daylight,TRAFFIC SIGNAL,NONE DETECTED,No,Possible Minor Injury,N/A,NOT DISTRACTED,MD,PASSENGER CAR,MOVING CONSTANT SPEED,40,No,2015,TOYT,SD,39.10397333,-77.19190167,2023,10,15
230061080,Property Damage Crash,10/17/2023 02:00:00 PM,NA,NA,OTHER,Clear,NA,Daylight,N/A,NONE DETECTED,Yes,No Apparent Injury,N/A,UNKNOWN,NA,PASSENGER CAR,ACCELERATING,5,No,2007,HONDA,PILOT,39.057806,-77.0829925,2023,10,14
230061076,Property Damage Crash,10/17/2023 01:35:00 PM,RIDGE RD,NA,SINGLE VEHICLE,Clear,DRY,Daylight,N/A,NONE DETECTED,Yes,No Apparent Injury,N/A,OTHER DISTRACTION,MD,PASSENGER CAR,MOVING CONSTANT SPEED,30,No,2004,VOLK,TK,39.30000483,-77.19980617,2023,10,13
230061055,Property Damage Crash,10/17/2023 12:30:00 PM,ROCKVILLE PIKE,NA,SAME DIR REAR END,Cloudy,DRY,Daylight,TRAFFIC SIGNAL,NONE DETECTED,Yes,No Apparent Injury,N/A,NOT DISTRACTED,MD,PASSENGER CAR,SLOWING OR STOPPING,30,No,2002,BMW,CP,39.08143572,-77.14553794,2023,10,12
230061055,Property Damage Crash,10/17/2023 12:30:00 PM,ROCKVILLE PIKE,NA,SAME DIR REAR END,Cloudy,DRY,Daylight,TRAFFIC SIGNAL,NONE DETECTED,No,No Apparent Injury,N/A,NOT DISTRACTED,MD,PASSENGER CAR,SLOWING OR STOPPING,30,No,2007,HOND,2S,39.08143572,-77.14553794,2023,10,12
230061050,Injury Crash,10/17/2023 12:10:00 PM,GEORGIA AVE,NA,SAME DIR REAR END,Cloudy,DRY,Daylight,TRAFFIC SIGNAL,NONE DETECTED,Yes,No Apparent Injury,N/A,NOT DISTRACTED,MD,PASSENGER CAR,STARTING FROM LANE,25,No,2013,TOYT,PRIUS,39.04309417,-77.05175867,2023,10,12
230061050,Injury Crash,10/17/2023 12:10:00 PM,GEORGIA AVE,NA,SAME DIR REAR END,Cloudy,DRY,Daylight,TRAFFIC SIGNAL,NONE DETECTED,No,Possible Minor Injury,N/A,UNKNOWN,MD,PASSENGER CAR,STOPPED IN TRAFFIC LANE,25,No,2023,HOND,ODYSSEY,39.04309417,-77.05175867,2023,10,12
230061053,Property Damage Crash,10/17/2023 11:54:00 AM,NA,NA,OTHER,Cloudy,NA,Daylight,NO CONTROLS,NONE DETECTED,Yes,No Apparent Injury,N/A,UNKNOWN,DC,PASSENGER CAR,BACKING,10,No,2014,VOLVO,S60,38.97848467,-77.09022733,2023,10,11
230061045,Injury Crash,10/17/2023 11:37:00 AM,MIDDLEBROOK RD,NA,HEAD ON LEFT TURN,Clear,DRY,Daylight,TRAFFIC SIGNAL,NONE DETECTED,No,No Apparent Injury,N/A,NOT DISTRACTED,MD,PASSENGER CAR,MOVING CONSTANT SPEED,40,No,2019,HYUN,4S,39.18031834,-77.26841824,2023,10,11
230061045,Injury Crash,10/17/2023 11:37:00 AM,MIDDLEBROOK RD,NA,HEAD ON LEFT TURN,Clear,DRY,Daylight,TRAFFIC SIGNAL,NONE DETECTED,Yes,Possible Minor Injury,N/A,LOOKED BUT DID NOT SEE,MD,(SPORT) UTILITY VEHICLE,MAKING LEFT TURN,40,No,2016,TOYT,RAV4,39.18031834,-77.26841824,2023,10,11
230061029,Injury Crash,10/17/2023 10:36:00 AM,FREDERICK RD,NA,SAME DIR REAR END,Clear,DRY,Daylight,NO CONTROLS,NONE DETECTED,Yes,No Apparent Injury,N/A,NOT DISTRACTED,MD,PASSENGER CAR,ACCELERATING,30,No,2012,TOYT,HY,39.15093488,-77.21116232,2023,10,10
230061029,Injury Crash,10/17/2023 10:36:00 AM,FREDERICK RD,NA,SAME DIR REAR END,Clear,DRY,Daylight,NO CONTROLS,NONE DETECTED,No,Possible Minor Injury,N/A,NOT DISTRACTED,MD,PASSENGER CAR,STOPPED IN TRAFFIC LANE,30,No,2019,MERZ,UT,39.15093488,-77.21116232,2023,10,10
230061025,Property Damage Crash,10/17/2023 08:57:00 AM,UNIVERSITY BLVD W,NA,SINGLE VEHICLE,Cloudy,DRY,Daylight,TRAFFIC SIGNAL,NONE DETECTED,Yes,No Apparent Injury,N/A,NOT DISTRACTED,MD,PASSENGER CAR,MOVING CONSTANT SPEED,35,No,2021,HOND,SD,39.03562167,-77.02593717,2023,10,8
230061004,Property Damage Crash,10/17/2023 08:40:00 AM,NA,NA,OTHER,Cloudy,NA,Daylight,NO CONTROLS,NONE DETECTED,Yes,No Apparent Injury,N/A,LOOKED BUT DID NOT SEE,MD,SCHOOL BUS,N/A,10,No,2020,THMS,HDX,39.1401348,-77.2042687,2023,10,8
230061001,Injury Crash,10/17/2023 08:15:00 AM,POPLAR AVE,NA,ANGLE MEETS LEFT HEAD ON,Cloudy,DRY,Daylight,STOP SIGN,NONE DETECTED,No,No Apparent Injury,N/A,NOT DISTRACTED,MD,(SPORT) UTILITY VEHICLE,MOVING CONSTANT SPEED,25,No,2015,FORD,EXPLORER,38.97119665,-76.99985253,2023,10,8
230061001,Injury Crash,10/17/2023 08:15:00 AM,POPLAR AVE,NA,ANGLE MEETS LEFT HEAD ON,Cloudy,DRY,Daylight,STOP SIGN,NONE DETECTED,Yes,No Apparent Injury,N/A,NOT DISTRACTED,MD,PASSENGER CAR,MAKING LEFT TURN,25,No,2018,CHEVROLET,MALIBU,38.97119665,-76.99985253,2023,10,8
230060993,Injury Crash,10/17/2023 07:47:00 AM,UNIVERSITY BLVD W,PEDESTRIAN,STRAIGHT MOVEMENT ANGLE,Clear,DRY,Daylight,TRAFFIC SIGNAL,NONE DETECTED,No,No Apparent Injury,N/A,NOT DISTRACTED,MD,PASSENGER CAR,STARTING FROM LANE,35,No,1999,HONDA,SD,39.03368227,-77.02376056,2023,10,7
230060995,Property Damage Crash,10/17/2023 07:41:00 AM,NEW HAMPSHIRE AVE,NA,SAME DIR REAR END,Cloudy,DRY,Daylight,TRAFFIC SIGNAL,NONE DETECTED,No,No Apparent Injury,N/A,NOT DISTRACTED,MD,SCHOOL BUS,STOPPED IN TRAFFIC LANE,40,No,2017,THOMMAS,PUSHER,39.05882654,-76.99784886,2023,10,7
230060995,Property Damage Crash,10/17/2023 07:41:00 AM,NEW HAMPSHIRE AVE,NA,SAME DIR REAR END,Cloudy,DRY,Daylight,TRAFFIC SIGNAL,NONE DETECTED,Yes,No Apparent Injury,N/A,UNKNOWN,NA,NA,UNKNOWN,40,No,0,UNKNOWN,UNKNOWN,39.05882654,-76.99784886,2023,10,7
230060988,Property Damage Crash,10/17/2023 07:30:00 AM,NEW HAMPSHIRE AVE,NA,SAME DIRECTION SIDESWIPE,Clear,DRY,Daylight,TRAFFIC SIGNAL,NONE DETECTED,Yes,No Apparent Injury,N/A,NOT DISTRACTED,NA,UNKNOWN,STARTING FROM LANE,35,No,0,UNKNOWN,UNKNOWN,39.01162985,-76.97891906,2023,10,7
230060988,Property Damage Crash,10/17/2023 07:30:00 AM,NEW HAMPSHIRE AVE,NA,SAME DIRECTION SIDESWIPE,Clear,DRY,Daylight,TRAFFIC SIGNAL,NONE DETECTED,No,No Apparent Injury,N/A,NOT DISTRACTED,MD,TRANSIT BUS,STARTING FROM LANE,35,No,2010,NWFL,BUS,39.01162985,-76.97891906,2023,10,7
230060985,Property Damage Crash,10/17/2023 07:06:00 AM,GRACEFIELD RD,NA,SAME DIRECTION SIDESWIPE,Clear,DRY,Medium,NO CONTROLS,NONE DETECTED,Yes,No Apparent Injury,N/A,NOT DISTRACTED,MD,SCHOOL BUS,MOVING CONSTANT SPEED,15,No,2024,THMS,SB,39.059642,-76.95382883,2023,10,7
230060981,Injury Crash,10/17/2023 06:25:00 AM,VEIRS MILL RD,NA,ANGLE MEETS RIGHT TURN,Clear,DRY,Medium,N/A,NONE DETECTED,No,Possible Minor Injury,N/A,NOT DISTRACTED,MD,MOTORCYCLE,MOVING CONSTANT SPEED,35,No,2001,SUSUKI,GSX-R600,39.0498495,-77.07126917,2023,10,6
230060981,Injury Crash,10/17/2023 06:25:00 AM,VEIRS MILL RD,NA,ANGLE MEETS RIGHT TURN,Clear,DRY,Medium,N/A,NONE DETECTED,Yes,No Apparent Injury,N/A,NOT DISTRACTED,MD,PASSENGER CAR,MAKING RIGHT TURN,35,No,2017,FORD,ESCAPE,39.0498495,-77.07126917,2023,10,6
230060908,Property Damage Crash,10/17/2023 05:40:00 AM,NEW HAMPSHIRE AVE,NA,STRAIGHT MOVEMENT ANGLE,Clear,DRY,Medium,TRAFFIC SIGNAL,NONE DETECTED,Yes,No Apparent Injury,N/A,LOOKED BUT DID NOT SEE,XX,PASSENGER CAR,MAKING LEFT TURN,35,No,2005,CHEVY,AVEO,39.01132833,-76.979195,2023,10,5
230060908,Property Damage Crash,10/17/2023 05:40:00 AM,NEW HAMPSHIRE AVE,NA,STRAIGHT MOVEMENT ANGLE,Clear,DRY,Medium,TRAFFIC SIGNAL,NONE DETECTED,No,No Apparent Injury,N/A,NOT DISTRACTED,MD,PASSENGER CAR,MOVING CONSTANT SPEED,35,No,2003,TOYOTA,4D,39.01132833,-76.979195,2023,10,5
230060908,Property Damage Crash,10/17/2023 05:40:00 AM,NEW HAMPSHIRE AVE,NA,STRAIGHT MOVEMENT ANGLE,Clear,DRY,Medium,TRAFFIC SIGNAL,NONE DETECTED,No,No Apparent Injury,N/A,NOT DISTRACTED,MD,PASSENGER CAR,MOVING CONSTANT SPEED,35,No,2018,FORD,TK,39.01132833,-76.979195,2023,10,5
230060950,Injury Crash,10/16/2023 08:34:00 PM,LAYHILL RD,NA,SAME DIR REAR END,Clear,DRY,Medium,NO CONTROLS,NONE DETECTED,Yes,Possible Minor Injury,N/A,UNKNOWN,MD,PASSENGER CAR,MOVING CONSTANT SPEED,40,No,1998,HONDA,CIVIC,39.10109245,-77.04088488,2023,10,20
230060950,Injury Crash,10/16/2023 08:34:00 PM,LAYHILL RD,NA,SAME DIR REAR END,Clear,DRY,Medium,NO CONTROLS,NONE DETECTED,No,No Apparent Injury,N/A,NOT DISTRACTED,MD,PASSENGER CAR,SLOWING OR STOPPING,40,No,2014,HOND,ACCORD,39.10109245,-77.04088488,2023,10,20
230060960,Property Damage Crash,10/16/2023 07:53:00 PM,VEIRS MILL RD,NA,SAME DIR REAR END,Clear,DRY,Medium,TRAFFIC SIGNAL,NONE DETECTED,Yes,No Apparent Injury,N/A,ADJUSTING AUDIO AND OR CLIMATE CONTROLS,MD,PASSENGER CAR,MOVING CONSTANT SPEED,45,No,2015,LEXUS,IS,39.06894333,-77.10410167,2023,10,19
230060960,Property Damage Crash,10/16/2023 07:53:00 PM,VEIRS MILL RD,NA,SAME DIR REAR END,Clear,DRY,Medium,TRAFFIC SIGNAL,NONE DETECTED,No,No Apparent Injury,N/A,NOT DISTRACTED,MD,PASSENGER CAR,STOPPED IN TRAFFIC LANE,0,No,2004,FORD,F150,39.06894333,-77.10410167,2023,10,19
230060937,Property Damage Crash,10/16/2023 07:33:00 PM,GEORGIA AVE,NA,HEAD ON LEFT TURN,Clear,DRY,Medium,NO CONTROLS,NONE DETECTED,No,No Apparent Injury,N/A,NOT DISTRACTED,MD,PICKUP TRUCK,STOPPED IN TRAFFIC LANE,35,No,2020,CHEV,PK,39.05440667,-77.05048833,2023,10,19
230060937,Property Damage Crash,10/16/2023 07:33:00 PM,GEORGIA AVE,NA,HEAD ON LEFT TURN,Clear,DRY,Medium,NO CONTROLS,NONE DETECTED,Yes,No Apparent Injury,N/A,LOOKED BUT DID NOT SEE,MD,PASSENGER CAR,MAKING LEFT TURN,35,No,2021,HONDA,ACCORD,39.05440667,-77.05048833,2023,10,19
230060937,Property Damage Crash,10/16/2023 07:33:00 PM,GEORGIA AVE,NA,HEAD ON LEFT TURN,Clear,DRY,Medium,NO CONTROLS,NONE DETECTED,No,No Apparent Injury,N/A,NOT DISTRACTED,MD,PASSENGER CAR,MOVING CONSTANT SPEED,35,No,2013,TOYT,TK,39.05440667,-77.05048833,2023,10,19
230060930,Injury Crash,10/16/2023 07:02:00 PM,GEORGIA AVE,PEDESTRIAN,SINGLE VEHICLE,Clear,N/A,Medium,TRAFFIC SIGNAL,NONE DETECTED,Yes,No Apparent Injury,N/A,UNKNOWN,MD,PASSENGER CAR,MAKING RIGHT TURN,25,No,1999,TOYOTA,CAMRY,39.04720007,-77.05195309,2023,10,19
230060921,Injury Crash,10/16/2023 06:47:00 PM,FREDERICK RD,NA,STRAIGHT MOVEMENT ANGLE,Cloudy,DRY,Medium,TRAFFIC SIGNAL,NONE DETECTED,Yes,Possible Minor Injury,N/A,NOT DISTRACTED,MD,PASSENGER CAR,MOVING CONSTANT SPEED,40,No,2000,CHEV,CORVETTE,39.15929274,-77.21906199,2023,10,18
230060921,Injury Crash,10/16/2023 06:47:00 PM,FREDERICK RD,NA,STRAIGHT MOVEMENT ANGLE,Cloudy,DRY,Medium,TRAFFIC SIGNAL,NONE DETECTED,No,No Apparent Injury,N/A,NOT DISTRACTED,MD,(SPORT) UTILITY VEHICLE,MAKING LEFT TURN,40,No,2016,ACUR,RDX,39.15929274,-77.21906199,2023,10,18
230060921,Injury Crash,10/16/2023 06:47:00 PM,FREDERICK RD,NA,STRAIGHT MOVEMENT ANGLE,Cloudy,DRY,Medium,TRAFFIC SIGNAL,NONE DETECTED,Yes,Possible Minor Injury,N/A,NOT DISTRACTED,MD,PASSENGER CAR,MAKING LEFT TURN,40,No,2012,NISS,ALTIMA,39.15929274,-77.21906199,2023,10,18
230060922,Injury Crash,10/16/2023 05:10:00 PM,OAKLYN DR,NA,SINGLE VEHICLE,Clear,DRY,Daylight,NO CONTROLS,ALCOHOL PRESENT,Yes,Possible Minor Injury,N/A,NOT DISTRACTED,MD,PASSENGER CAR,MOVING CONSTANT SPEED,35,No,2018,TOYOTA,CAMRY,38.99958547,-77.20872969,2023,10,17
230060904,Property Damage Crash,10/16/2023 04:17:00 PM,COLESVILLE RD,NA,SAME DIRECTION SIDESWIPE,Clear,DRY,Daylight,NO CONTROLS,NONE DETECTED,Yes,No Apparent Injury,N/A,LOOKED BUT DID NOT SEE,MD,(SPORT) UTILITY VEHICLE,CHANGING LANES,35,No,2022,TOYOTA,JT,39.00578,-77.02237,2023,10,16
230060904,Property Damage Crash,10/16/2023 04:17:00 PM,COLESVILLE RD,NA,SAME DIRECTION SIDESWIPE,Clear,DRY,Daylight,NO CONTROLS,NONE DETECTED,Yes,No Apparent Injury,N/A,NOT DISTRACTED,MD,TRANSIT BUS,CHANGING LANES,35,No,2020,NOVA,BU,39.00578,-77.02237,2023,10,16
230060890,Injury Crash,10/16/2023 04:13:00 PM,CONNECTICUT AVE,NA,HEAD ON LEFT TURN,Clear,N/A,Daylight,NO CONTROLS,NONE DETECTED,No,Possible Minor Injury,N/A,NOT DISTRACTED,MD,PASSENGER CAR,MOVING CONSTANT SPEED,30,No,2021,HOND,CR-V,38.977962,-77.07722033,2023,10,16
230060890,Injury Crash,10/16/2023 04:13:00 PM,CONNECTICUT AVE,NA,HEAD ON LEFT TURN,Clear,N/A,Daylight,NO CONTROLS,NONE DETECTED,Yes,Possible Minor Injury,N/A,UNKNOWN,MD,PASSENGER CAR,CHANGING LANES,30,No,2017,HONDA,ACCORD,38.977962,-77.07722033,2023,10,16
230060890,Injury Crash,10/16/2023 04:13:00 PM,CONNECTICUT AVE,NA,HEAD ON LEFT TURN,Clear,N/A,Daylight,NO CONTROLS,NONE DETECTED,No,Possible Minor Injury,N/A,NOT DISTRACTED,DC,PASSENGER CAR,MOVING CONSTANT SPEED,30,No,2017,MINI,CLUBMAN,38.977962,-77.07722033,2023,10,16
230060892,Property Damage Crash,10/16/2023 04:11:00 PM,GEORGIA AVE,NA,SAME DIRECTION SIDESWIPE,Clear,DRY,Daylight,TRAFFIC SIGNAL,NONE DETECTED,No,No Apparent Injury,N/A,NOT DISTRACTED,MD,PASSENGER CAR,STOPPED IN TRAFFIC LANE,35,No,2015,FORD,F450,39.04683667,-77.050835,2023,10,16
230060892,Property Damage Crash,10/16/2023 04:11:00 PM,GEORGIA AVE,NA,SAME DIRECTION SIDESWIPE,Clear,DRY,Daylight,TRAFFIC SIGNAL,NONE DETECTED,Yes,No Apparent Injury,N/A,NOT DISTRACTED,MD,AMBULANCE/NON EMERGENCY,MAKING LEFT TURN,30,No,2018,FRHT,AM,39.04683667,-77.050835,2023,10,16
230060878,Injury Crash,10/16/2023 03:48:00 PM,VEIRS MILL RD,NA,HEAD ON LEFT TURN,Clear,DRY,Daylight,TRAFFIC SIGNAL,NONE DETECTED,No,No Apparent Injury,N/A,NOT DISTRACTED,MD,VAN,MOVING CONSTANT SPEED,35,No,2007,HONDA,ODYSSEY,39.07430702,-77.11392642,2023,10,15
230060878,Injury Crash,10/16/2023 03:48:00 PM,VEIRS MILL RD,NA,HEAD ON LEFT TURN,Clear,DRY,Daylight,TRAFFIC SIGNAL,NONE DETECTED,Yes,Possible Minor Injury,N/A,LOOKED BUT DID NOT SEE,MD,PASSENGER CAR,MAKING LEFT TURN,35,No,2015,HONDA,CIVIC,39.07430702,-77.11392642,2023,10,15
230060870,Property Damage Crash,10/16/2023 03:24:00 PM,NEW HAMPSHIRE AVE,NA,OTHER,Clear,DRY,Daylight,TRAFFIC SIGNAL,NONE DETECTED,Yes,No Apparent Injury,N/A,UNKNOWN,NJ,PASSENGER CAR,CHANGING LANES,25,No,2021,VOL,WAGON GY,38.9883425,-76.98773567,2023,10,15
230060870,Property Damage Crash,10/16/2023 03:24:00 PM,NEW HAMPSHIRE AVE,NA,OTHER,Clear,DRY,Daylight,TRAFFIC SIGNAL,DRUG PRESENT,No,No Apparent Injury,N/A,NOT DISTRACTED,MD,OTHER BUS,SLOWING OR STOPPING,25,No,2009,GILLIG,LOW FLOOR,38.9883425,-76.98773567,2023,10,15
230060956,Property Damage Crash,10/16/2023 03:06:00 PM,SEVEN LOCKS RD,NA,SAME DIR REAR END,Clear,DRY,Daylight,TRAFFIC SIGNAL,ALCOHOL PRESENT,Yes,No Apparent Injury,N/A,NOT DISTRACTED,MD,PASSENGER CAR,MOVING CONSTANT SPEED,35,No,2018,TOYOTA,CAMRY,39.04086925,-77.15927454,2023,10,15
230060956,Property Damage Crash,10/16/2023 03:06:00 PM,SEVEN LOCKS RD,NA,SAME DIR REAR END,Clear,DRY,Daylight,TRAFFIC SIGNAL,NONE DETECTED,No,No Apparent Injury,N/A,NOT DISTRACTED,MD,PASSENGER CAR,SLOWING OR STOPPING,35,No,2021,SUBARU,FORESTER,39.04086925,-77.15927454,2023,10,15
230060872,Property Damage Crash,10/16/2023 02:54:00 PM,SENECA RD,NA,SINGLE VEHICLE,Clear,DRY,Daylight,N/A,NONE DETECTED,No,No Apparent Injury,N/A,NOT DISTRACTED,MD,SCHOOL BUS,MOVING CONSTANT SPEED,45,No,2018,FRHT,BU,39.095155,-77.296885,2023,10,14
230060852,Injury Crash,10/16/2023 01:18:00 PM,SHADY GROVE RD,NA,STRAIGHT MOVEMENT ANGLE,Cloudy,DRY,Daylight,TRAFFIC SIGNAL,NONE DETECTED,Yes,Possible Minor Injury,N/A,NOT DISTRACTED,MD,(SPORT) UTILITY VEHICLE,MAKING LEFT TURN,40,No,2019,GMC,YUKON,39.10949597,-77.1882816,2023,10,13
230060852,Injury Crash,10/16/2023 01:18:00 PM,SHADY GROVE RD,NA,STRAIGHT MOVEMENT ANGLE,Cloudy,DRY,Daylight,TRAFFIC SIGNAL,NONE DETECTED,Yes,No Apparent Injury,N/A,NOT DISTRACTED,MD,PASSENGER CAR,MOVING CONSTANT SPEED,40,No,2019,MERZ,C300,39.10949597,-77.1882816,2023,10,13
230060847,Property Damage Crash,10/16/2023 01:00:00 PM,COLESVILLE RD,NA,SAME DIRECTION SIDESWIPE,Clear,DRY,Daylight,NO CONTROLS,NONE DETECTED,Yes,No Apparent Injury,N/A,UNKNOWN,DC,TRANSIT BUS,CHANGING LANES,40,No,2010,TBU,TRANSIT BUS,39.01897333,-77.01373167,2023,10,13
230060847,Property Damage Crash,10/16/2023 01:00:00 PM,COLESVILLE RD,NA,SAME DIRECTION SIDESWIPE,Clear,DRY,Daylight,NO CONTROLS,NONE DETECTED,Yes,No Apparent Injury,N/A,UNKNOWN,MD,VAN,MOVING CONSTANT SPEED,40,No,2021,RAM,CG,39.01897333,-77.01373167,2023,10,13
230061109,Property Damage Crash,10/16/2023 12:00:00 PM,GEORGIA AVE,NA,SAME DIRECTION SIDESWIPE,Clear,DRY,Daylight,UNKNOWN,NONE DETECTED,Unknown,No Apparent Injury,N/A,UNKNOWN,MD,PASSENGER CAR,MOVING CONSTANT SPEED,35,No,2009,MAZDA,6,39.05797926,-77.04984223,2023,10,12
230061109,Property Damage Crash,10/16/2023 12:00:00 PM,GEORGIA AVE,NA,SAME DIRECTION SIDESWIPE,Clear,DRY,Daylight,UNKNOWN,NONE DETECTED,Unknown,No Apparent Injury,N/A,UNKNOWN,MD,PASSENGER CAR,MOVING CONSTANT SPEED,35,No,2017,FORD,TK,39.05797926,-77.04984223,2023,10,12
230060823,Injury Crash,10/16/2023 11:10:00 AM,NA,NA,STRAIGHT MOVEMENT ANGLE,Clear,NA,Daylight,N/A,NONE DETECTED,No,Possible Minor Injury,N/A,NOT DISTRACTED,MD,PASSENGER CAR,MOVING CONSTANT SPEED,20,No,2018,HONDA,FIT,39.19969077,-77.24987833,2023,10,11
230060823,Injury Crash,10/16/2023 11:10:00 AM,NA,NA,STRAIGHT MOVEMENT ANGLE,Clear,NA,Daylight,N/A,NONE DETECTED,Yes,No Apparent Injury,N/A,UNKNOWN,MD,PASSENGER CAR,ACCELERATING,20,No,2021,VOLKSWAGEN,JETTA,39.19969077,-77.24987833,2023,10,11
230060807,Injury Crash,10/16/2023 09:51:00 AM,UNIVERSITY BLVD W,NA,STRAIGHT MOVEMENT ANGLE,Clear,DRY,Daylight,TRAFFIC SIGNAL,NONE DETECTED,No,Possible Minor Injury,N/A,NOT DISTRACTED,MD,(SPORT) UTILITY VEHICLE,MOVING CONSTANT SPEED,35,No,2018,NISSAN,PATHFINDER,39.0398275,-77.0552675,2023,10,9
230060807,Injury Crash,10/16/2023 09:51:00 AM,UNIVERSITY BLVD W,NA,STRAIGHT MOVEMENT ANGLE,Clear,DRY,Daylight,TRAFFIC SIGNAL,NONE DETECTED,Yes,Possible Minor Injury,N/A,INATTENTIVE OR LOST IN THOUGHT,MD,(SPORT) UTILITY VEHICLE,MOVING CONSTANT SPEED,35,No,2012,HYUNDAI,TUCSON,39.0398275,-77.0552675,2023,10,9
230060814,Property Damage Crash,10/16/2023 09:15:00 AM,BRIGHTON DR,NA,OTHER,Clear,DRY,Daylight,NO CONTROLS,NONE DETECTED,Yes,No Apparent Injury,N/A,DISTRACTED BY OUTSIDE PERSON OBJECT OR EVENT,MD,PASSENGER CAR,MOVING CONSTANT SPEED,25,No,2021,HONDA,CIVIC,39.12962478,-77.19607738,2023,10,9
230060795,Injury Crash,10/16/2023 09:05:00 AM,BUSHEY DR,NA,STRAIGHT MOVEMENT ANGLE,Clear,DRY,Daylight,TRAFFIC SIGNAL,NONE DETECTED,Unknown,No Apparent Injury,N/A,NOT DISTRACTED,MD,VAN,MOVING CONSTANT SPEED,35,No,2017,FORD,TRANSIT,39.05744067,-77.07786267,2023,10,9
230060795,Injury Crash,10/16/2023 09:05:00 AM,BUSHEY DR,NA,STRAIGHT MOVEMENT ANGLE,Clear,DRY,Daylight,TRAFFIC SIGNAL,NONE DETECTED,Unknown,Possible Minor Injury,N/A,NOT DISTRACTED,MD,PASSENGER CAR,MOVING CONSTANT SPEED,35,No,2007,HOND,CIVIC,39.05744067,-77.07786267,2023,10,9
230060797,Property Damage Crash,10/16/2023 08:34:00 AM,ST PAUL ST,NA,ANGLE MEETS RIGHT TURN,Clear,DRY,Daylight,PERSON,NONE DETECTED,Yes,No Apparent Injury,"N/A, ROAD UNDER CONSTRUCTION/MAINTENANCE",NOT DISTRACTED,MD,STATION WAGON,MAKING RIGHT TURN,25,No,2019,SUBA,FORESTER,39.02995667,-77.07077667,2023,10,8
230060797,Property Damage Crash,10/16/2023 08:34:00 AM,ST PAUL ST,NA,ANGLE MEETS RIGHT TURN,Clear,DRY,Daylight,PERSON,NONE DETECTED,No,No Apparent Injury,"N/A, ROAD UNDER CONSTRUCTION/MAINTENANCE",NOT DISTRACTED,MD,STATION WAGON,STARTING FROM LANE,25,No,2017,SUBA,OUTBACK,39.02995667,-77.07077667,2023,10,8
230060791,Injury Crash,10/16/2023 08:30:00 AM,S FREDERICK RD,NA,HEAD ON LEFT TURN,Clear,DRY,Daylight,TRAFFIC SIGNAL,NONE DETECTED,Yes,No Apparent Injury,N/A,LOOKED BUT DID NOT SEE,MD,PASSENGER CAR,MAKING LEFT TURN,30,No,2017,TOYT,4S,39.13573242,-77.1923719,2023,10,8
230060791,Injury Crash,10/16/2023 08:30:00 AM,S FREDERICK RD,NA,HEAD ON LEFT TURN,Clear,DRY,Daylight,TRAFFIC SIGNAL,NONE DETECTED,No,Possible Minor Injury,N/A,NOT DISTRACTED,MD,PASSENGER CAR,MOVING CONSTANT SPEED,30,No,2015,NISSAN,ALTIMA,39.13573242,-77.1923719,2023,10,8
230060787,Property Damage Crash,10/16/2023 08:17:00 AM,RIVER RD,NA,STRAIGHT MOVEMENT ANGLE,Clear,DRY,Daylight,STOP SIGN,NONE DETECTED,No,No Apparent Injury,N/A,NOT DISTRACTED,MD,PASSENGER CAR,MOVING CONSTANT SPEED,35,No,2023,MERZ,4S,38.97053167,-77.11594833,2023,10,8