Local Case Number,ACRS Report Type,Crash Date/Time,Road Name,Related Non-Motorist,Collision Type,Weather,Surface Condition,Light,Traffic Control,Driver Substance Abuse,Driver At Fault,Injury Severity,Circumstance,Driver Distracted By,Drivers License State,Vehicle Body Type,Vehicle Movement,Speed Limit,Driverless Vehicle,Vehicle Year,Vehicle Make,Vehicle Model,Latitude,Longitude,Year,Month,Hour
230060787,Property Damage Crash,10/16/2023 08:17:00 AM,RIVER RD,NA,STRAIGHT MOVEMENT ANGLE,Clear,DRY,Daylight,STOP SIGN,NONE DETECTED,Yes,No Apparent Injury,N/A,UNKNOWN,MD,(SPORT) UTILITY VEHICLE,MAKING LEFT TURN,35,No,2013,NISSAN,PATHFINDER,38.97053167,-77.11594833,2023,10,8
230060788,Injury Crash,10/16/2023 08:04:00 AM,CONNECTICUT AVE,PEDESTRIAN,OTHER,Clear,DRY,Daylight,TRAFFIC SIGNAL,NONE DETECTED,Yes,No Apparent Injury,N/A,UNKNOWN,XX,PASSENGER CAR,MOVING CONSTANT SPEED,35,No,2023,UNKNOWN,XX,39.06327274,-77.07347936,2023,10,8
230060784,Property Damage Crash,10/16/2023 08:00:00 AM,OLNEY LAYTONSVILLE RD,NA,SAME DIR REAR END,Clear,DRY,Daylight,NO CONTROLS,NONE DETECTED,No,No Apparent Injury,N/A,NOT DISTRACTED,MD,PASSENGER CAR,SLOWING OR STOPPING,40,No,2023,NISSAN,LEAF,39.18860667,-77.11981833,2023,10,8
230060784,Property Damage Crash,10/16/2023 08:00:00 AM,OLNEY LAYTONSVILLE RD,NA,SAME DIR REAR END,Clear,DRY,Daylight,NO CONTROLS,NONE DETECTED,Yes,No Apparent Injury,N/A,UNKNOWN,MD,"CARGO VAN/LIGHT TRUCK 2 AXLES (OVER 10,000LBS (4,536 KG))",SLOWING OR STOPPING,40,No,2004,CHEVROLET,SILVERADO,39.18860667,-77.11981833,2023,10,8
230060784,Property Damage Crash,10/16/2023 08:00:00 AM,OLNEY LAYTONSVILLE RD,NA,SAME DIR REAR END,Clear,DRY,Daylight,NO CONTROLS,NONE DETECTED,No,No Apparent Injury,N/A,NOT DISTRACTED,MD,PASSENGER CAR,SLOWING OR STOPPING,40,No,2020,KIA,SORENTO,39.18860667,-77.11981833,2023,10,8
230060610,Property Damage Crash,10/16/2023 02:46:00 AM,NA,NA,OTHER,Rain,NA,Medium,N/A,NONE DETECTED,Yes,No Apparent Injury,N/A,UNKNOWN,MD,PASSENGER CAR,BACKING,15,No,2020,TOYT,CAMRY,39.08354778,-76.9521967,2023,10,2
230060777,Property Damage Crash,10/16/2023 02:16:00 AM,VALLEYWOOD DR,NA,SAME DIRECTION SIDESWIPE,Clear,DRY,Medium,NO CONTROLS,NONE DETECTED,Yes,No Apparent Injury,N/A,UNKNOWN,MD,PASSENGER CAR,MOVING CONSTANT SPEED,25,No,2011,CADILLAC,CTS,39.05485816,-77.06535212,2023,10,2
230060772,Injury Crash,10/16/2023 01:11:00 AM,GEORGIA AVE,NA,SINGLE VEHICLE,Clear,DRY,Medium,FLASHING TRAFFIC SIGNAL,NONE DETECTED,Yes,Possible Minor Injury,N/A,NOT DISTRACTED,MD,PASSENGER CAR,MOVING CONSTANT SPEED,45,No,2008,LEXUS,ES 350,39.12955,-77.07101667,2023,10,1
230060767,Property Damage Crash,10/15/2023 11:10:00 PM,MONTROSE RD,NA,SINGLE VEHICLE,Clear,DRY,Medium,N/A,ALCOHOL PRESENT,Yes,No Apparent Injury,N/A,NOT DISTRACTED,MD,PASSENGER CAR,MOVING CONSTANT SPEED,35,No,2023,TOYOTA,CAMRY,39.05680167,-77.1653,2023,10,23
230060764,Property Damage Crash,10/15/2023 10:23:00 PM,FREDERICK RD,NA,HEAD ON LEFT TURN,Clear,DRY,Medium,TRAFFIC SIGNAL,NONE DETECTED,Yes,No Apparent Injury,N/A,NOT DISTRACTED,MD,PASSENGER CAR,MAKING LEFT TURN,35,No,2016,ACUR,4S,39.11729958,-77.16915275,2023,10,22
230060764,Property Damage Crash,10/15/2023 10:23:00 PM,FREDERICK RD,NA,HEAD ON LEFT TURN,Clear,DRY,Medium,TRAFFIC SIGNAL,NONE DETECTED,Unknown,No Apparent Injury,N/A,UNKNOWN,NA,PASSENGER CAR,MOVING CONSTANT SPEED,35,No,2014,HONDA,UNKNOWN,39.11729958,-77.16915275,2023,10,22
230060760,Property Damage Crash,10/15/2023 10:06:00 PM,8300 FLOWER AVE,NA,SAME DIR REAR END,Clear,DRY,Medium,NO CONTROLS,NONE DETECTED,Yes,No Apparent Injury,N/A,UNKNOWN,NA,NA,MOVING CONSTANT SPEED,25,No,0,UNKNOWN,UNKNOWN,38.99345363,-77.00223317,2023,10,22
230060760,Property Damage Crash,10/15/2023 10:06:00 PM,8300 FLOWER AVE,NA,SAME DIR REAR END,Clear,DRY,Medium,NO CONTROLS,NONE DETECTED,No,No Apparent Injury,N/A,NOT DISTRACTED,NC,(SPORT) UTILITY VEHICLE,PARKED,25,No,2020,CHEV,EQX,38.99345363,-77.00223317,2023,10,22
230060745,Injury Crash,10/15/2023 07:33:00 PM,GEORGIA AVE,NA,SAME DIRECTION RIGHT TURN,Clear,DRY,Medium,NO CONTROLS,NONE DETECTED,Yes,Possible Minor Injury,N/A,NOT DISTRACTED,MD,PASSENGER CAR,MOVING CONSTANT SPEED,35,No,2017,AUDI,SD,39.01567007,-77.04209593,2023,10,19
230060745,Injury Crash,10/15/2023 07:33:00 PM,GEORGIA AVE,NA,SAME DIRECTION RIGHT TURN,Clear,DRY,Medium,NO CONTROLS,NONE DETECTED,Yes,No Apparent Injury,N/A,NOT DISTRACTED,MD,PASSENGER CAR,MOVING CONSTANT SPEED,35,No,2013,NISSAN,ALTIMA,39.01567007,-77.04209593,2023,10,19
230061310,Property Damage Crash,10/15/2023 07:25:00 PM,GEORGIA AVE,NA,SAME DIR REAR END,Clear,DRY,Dark,NO CONTROLS,NONE DETECTED,No,No Apparent Injury,N/A,UNKNOWN,MD,PASSENGER CAR,STOPPED IN TRAFFIC LANE,45,No,2022,HYUN,SD,39.00608016,-77.03910547,2023,10,19
230061310,Property Damage Crash,10/15/2023 07:25:00 PM,GEORGIA AVE,NA,SAME DIR REAR END,Clear,DRY,Dark,NO CONTROLS,NONE DETECTED,Yes,No Apparent Injury,N/A,UNKNOWN,NA,POLICE VEHICLE/EMERGENCY,MOVING CONSTANT SPEED,40,No,2016,ACURA,UNKNOWN,39.00608016,-77.03910547,2023,10,19
230060740,Property Damage Crash,10/15/2023 07:05:00 PM,DALE DR,NA,HEAD ON LEFT TURN,Clear,N/A,Medium,TRAFFIC SIGNAL,NONE DETECTED,No,No Apparent Injury,N/A,NOT DISTRACTED,MD,PASSENGER CAR,MOVING CONSTANT SPEED,25,No,2005,TOYTA,MATRIX,38.99383483,-77.00896233,2023,10,19
230060740,Property Damage Crash,10/15/2023 07:05:00 PM,DALE DR,NA,HEAD ON LEFT TURN,Clear,N/A,Medium,TRAFFIC SIGNAL,NONE DETECTED,Yes,No Apparent Injury,N/A,UNKNOWN,MD,(SPORT) UTILITY VEHICLE,MAKING LEFT TURN,25,No,2013,HONDA,PILOT,38.99383483,-77.00896233,2023,10,19
230060738,Property Damage Crash,10/15/2023 07:00:00 PM,LOCKWOOD DR,NA,SAME DIRECTION SIDESWIPE,Clear,DRY,Medium,TRAFFIC SIGNAL,NONE DETECTED,Yes,No Apparent Injury,N/A,LOOKED BUT DID NOT SEE,MD,PASSENGER CAR,ACCELERATING,35,No,2010,CHEV,UT,39.0396845,-76.99101883,2023,10,19
230060738,Property Damage Crash,10/15/2023 07:00:00 PM,LOCKWOOD DR,NA,SAME DIRECTION SIDESWIPE,Clear,DRY,Medium,TRAFFIC SIGNAL,NONE DETECTED,No,No Apparent Injury,N/A,NOT DISTRACTED,MD,TRANSIT BUS,ACCELERATING,35,No,2020,NOVA,BU,39.0396845,-76.99101883,2023,10,19
230060736,Property Damage Crash,10/15/2023 06:15:00 PM,OAK LEAF DR,NA,OTHER,Clear,DRY,Medium,N/A,NONE DETECTED,Yes,No Apparent Injury,N/A,NOT DISTRACTED,MD,AMBULANCE/NON EMERGENCY,BACKING,10,No,2016,FRHT,AMBO,39.04064437,-76.99542119,2023,10,18
230060737,Property Damage Crash,10/15/2023 05:48:00 PM,BLACKWELL RD,NA,STRAIGHT MOVEMENT ANGLE,Clear,DRY,Medium,STOP SIGN,NONE DETECTED,No,No Apparent Injury,N/A,NOT DISTRACTED,MD,PASSENGER CAR,MAKING RIGHT TURN,25,No,2017,SUBA,4S,39.09892281,-77.18985666,2023,10,17
230060737,Property Damage Crash,10/15/2023 05:48:00 PM,BLACKWELL RD,NA,STRAIGHT MOVEMENT ANGLE,Clear,DRY,Medium,STOP SIGN,ALCOHOL PRESENT,Yes,No Apparent Injury,N/A,NOT DISTRACTED,MD,PASSENGER CAR,MOVING CONSTANT SPEED,25,No,2004,JEEP,TK,39.09892281,-77.18985666,2023,10,17
230060697,Property Damage Crash,10/15/2023 03:03:00 PM,RUSSELL AVE,NA,SAME DIRECTION SIDESWIPE,Clear,DRY,Daylight,NO CONTROLS,NONE DETECTED,Yes,No Apparent Injury,N/A,LOOKED BUT DID NOT SEE,MD,PASSENGER CAR,MAKING LEFT TURN,0,No,2010,NISS,SD,39.15657835,-77.21219115,2023,10,15
230060693,Injury Crash,10/15/2023 02:23:00 PM,CLOPPER RD,NA,SAME DIR REAR END,Clear,DRY,Daylight,TRAFFIC SIGNAL,NONE DETECTED,No,Possible Minor Injury,N/A,NOT DISTRACTED,MD,PASSENGER CAR,STOPPED IN TRAFFIC LANE,0,No,2019,KIA,SORENTO,39.15916767,-77.27584972,2023,10,14
230060693,Injury Crash,10/15/2023 02:23:00 PM,CLOPPER RD,NA,SAME DIR REAR END,Clear,DRY,Daylight,TRAFFIC SIGNAL,NONE DETECTED,No,No Apparent Injury,N/A,NOT DISTRACTED,MD,PASSENGER CAR,STOPPED IN TRAFFIC LANE,0,No,2021,BMW,X3,39.15916767,-77.27584972,2023,10,14
230060693,Injury Crash,10/15/2023 02:23:00 PM,CLOPPER RD,NA,SAME DIR REAR END,Clear,DRY,Daylight,TRAFFIC SIGNAL,NONE DETECTED,Yes,No Apparent Injury,N/A,LOOKED BUT DID NOT SEE,MD,PASSENGER CAR,SLOWING OR STOPPING,35,No,2008,TOYOTA,CAMRY,39.15916767,-77.27584972,2023,10,14
230060698,Property Damage Crash,10/15/2023 01:50:00 PM,FIRST ST,NA,STRAIGHT MOVEMENT ANGLE,Clear,DRY,Daylight,TRAFFIC SIGNAL,NONE DETECTED,No,No Apparent Injury,N/A,NOT DISTRACTED,MD,PASSENGER CAR,MOVING CONSTANT SPEED,40,No,2022,HOND,SD,39.08457931,-77.13616272,2023,10,13
230060698,Property Damage Crash,10/15/2023 01:50:00 PM,FIRST ST,NA,STRAIGHT MOVEMENT ANGLE,Clear,DRY,Daylight,TRAFFIC SIGNAL,NONE DETECTED,Yes,No Apparent Injury,N/A,NOT DISTRACTED,MD,(SPORT) UTILITY VEHICLE,MAKING LEFT TURN,40,No,2019,CHEVY,SILVERADO,39.08457931,-77.13616272,2023,10,13
230060679,Property Damage Crash,10/15/2023 01:15:00 PM,LAYTONSVILLE RD,NA,STRAIGHT MOVEMENT ANGLE,Clear,DRY,Daylight,TRAFFIC SIGNAL,NONE DETECTED,No,No Apparent Injury,N/A,NOT DISTRACTED,MD,PASSENGER CAR,MOVING CONSTANT SPEED,30,No,2014,VOLKSWAGEN,JETTA,39.21187917,-77.14212033,2023,10,13
230060679,Property Damage Crash,10/15/2023 01:15:00 PM,LAYTONSVILLE RD,NA,STRAIGHT MOVEMENT ANGLE,Clear,DRY,Daylight,TRAFFIC SIGNAL,NONE DETECTED,Yes,No Apparent Injury,N/A,NOT DISTRACTED,MD,PASSENGER CAR,ACCELERATING,30,No,2021,TESLA,MODEL 3,39.21187917,-77.14212033,2023,10,13
230060673,Injury Crash,10/15/2023 12:38:00 PM,CONNECTICUT AVE,NA,STRAIGHT MOVEMENT ANGLE,Clear,DRY,Daylight,STOP SIGN,NONE DETECTED,Yes,Possible Minor Injury,N/A,LOOKED BUT DID NOT SEE,MD,PASSENGER CAR,MOVING CONSTANT SPEED,35,No,2010,JEEP,WRANGLER,39.06151583,-77.073281,2023,10,12
230060673,Injury Crash,10/15/2023 12:38:00 PM,CONNECTICUT AVE,NA,STRAIGHT MOVEMENT ANGLE,Clear,DRY,Daylight,STOP SIGN,NONE DETECTED,No,Possible Minor Injury,N/A,NOT DISTRACTED,MD,(SPORT) UTILITY VEHICLE,MOVING CONSTANT SPEED,35,No,2016,HONDA,SUV,39.06151583,-77.073281,2023,10,12
230060672,Injury Crash,10/15/2023 12:30:00 PM,BEL PRE RD,NA,OTHER,Clear,DRY,Daylight,NO CONTROLS,NONE DETECTED,Yes,Possible Minor Injury,N/A,LOOKED BUT DID NOT SEE,MD,PASSENGER CAR,ACCELERATING,35,No,2017,DODG,CHARGER,39.09061417,-77.04586217,2023,10,12
230060672,Injury Crash,10/15/2023 12:30:00 PM,BEL PRE RD,NA,OTHER,Clear,DRY,Daylight,NO CONTROLS,NONE DETECTED,No,No Apparent Injury,N/A,NOT DISTRACTED,MD,PASSENGER CAR,MOVING CONSTANT SPEED,35,No,2014,HOND,CRV,39.09061417,-77.04586217,2023,10,12
230060663,Property Damage Crash,10/15/2023 11:27:00 AM,GREAT SENECA HWY,NA,OTHER,Clear,DRY,Daylight,N/A,NONE DETECTED,Yes,No Apparent Injury,N/A,LOOKED BUT DID NOT SEE,MD,PASSENGER CAR,BACKING,25,No,2018,JEEP,SUV,39.16890344,-77.26832813,2023,10,11
230060663,Property Damage Crash,10/15/2023 11:27:00 AM,GREAT SENECA HWY,NA,OTHER,Clear,DRY,Daylight,N/A,NONE DETECTED,No,No Apparent Injury,N/A,NOT DISTRACTED,MD,PASSENGER CAR,MOVING CONSTANT SPEED,25,No,2020,HOND,UT,39.16890344,-77.26832813,2023,10,11
230060652,Property Damage Crash,10/15/2023 11:15:00 AM,GOLDSBORO RD,NA,SINGLE VEHICLE,Clear,DRY,Daylight,NO CONTROLS,NONE DETECTED,Yes,No Apparent Injury,N/A,NOT DISTRACTED,MD,PASSENGER CAR,MOVING CONSTANT SPEED,30,No,2001,SUBARU,FORESTER,38.97550772,-77.11234177,2023,10,11
230060634,Injury Crash,10/15/2023 08:00:00 AM,CAPITAL BELTWAY,NA,OTHER,Clear,WET,Daylight,N/A,NONE DETECTED,No,No Apparent Injury,"N/A, WET",NOT DISTRACTED,MD,PASSENGER CAR,SLOWING OR STOPPING,55,No,2006,TOYOTA,COROLLA,39.00633365,-77.07046054,2023,10,8
230060634,Injury Crash,10/15/2023 08:00:00 AM,CAPITAL BELTWAY,NA,OTHER,Clear,WET,Daylight,N/A,NONE DETECTED,Yes,Possible Minor Injury,"N/A, WET",NOT DISTRACTED,MD,PASSENGER CAR,MOVING CONSTANT SPEED,55,No,2005,HONDA,ACCORD,39.00633365,-77.07046054,2023,10,8
230060634,Injury Crash,10/15/2023 08:00:00 AM,CAPITAL BELTWAY,NA,OTHER,Clear,WET,Daylight,N/A,NONE DETECTED,No,No Apparent Injury,"N/A, WET",NOT DISTRACTED,MD,PASSENGER CAR,MOVING CONSTANT SPEED,55,No,2020,DODGE,CHALLENGER,39.00633365,-77.07046054,2023,10,8
230060630,Property Damage Crash,10/15/2023 07:35:00 AM,LAYTONSVILLE RD,NA,SINGLE VEHICLE,Rain,WET,Dark,STOP SIGN,NONE DETECTED,Yes,No Apparent Injury,"N/A, WET",NOT DISTRACTED,VA,(SPORT) UTILITY VEHICLE,SLOWING OR STOPPING,30,No,2005,HUMMER,H2,39.25477748,-77.14359155,2023,10,7
230060624,Property Damage Crash,10/15/2023 06:31:00 AM,N WASHINGTON ST,NA,SINGLE VEHICLE,Clear,DRY,Medium,TRAFFIC SIGNAL,ALCOHOL PRESENT,Yes,No Apparent Injury,N/A,NOT DISTRACTED,MD,PASSENGER CAR,OTHER,25,No,2020,MERZ,SD,39.08699436,-77.15287825,2023,10,6
230060622,Property Damage Crash,10/15/2023 05:30:00 AM,LITTLE SENECA PKWY,NA,SINGLE VEHICLE,Clear,WET,Medium,NO CONTROLS,NONE DETECTED,Yes,No Apparent Injury,"N/A, TOLL BOOTH/PLAZA RELATED, WET",NOT DISTRACTED,MD,PASSENGER CAR,MOVING CONSTANT SPEED,40,No,2016,TOYT,COROLLA,39.22862017,-77.2542065,2023,10,5
230060616,Property Damage Crash,10/15/2023 03:35:00 AM,W DIAMOND AVE,NA,SINGLE VEHICLE,Rain,WET,Medium,TRAFFIC SIGNAL,ALCOHOL PRESENT,Yes,No Apparent Injury,"RAIN, SNOW, WET",LOOKED BUT DID NOT SEE,MD,PASSENGER CAR,MOVING CONSTANT SPEED,35,No,2019,TOYOTA,CAMRY,39.14551517,-77.21963228,2023,10,3
230060428,Injury Crash,10/15/2023 03:11:00 AM,COLUMBIA PIKE,NA,STRAIGHT MOVEMENT ANGLE,Clear,DRY,Medium,TRAFFIC SIGNAL,NONE DETECTED,Yes,No Apparent Injury,N/A,OTHER DISTRACTION,MD,OTHER,MOVING CONSTANT SPEED,50,No,2022,INTEL,TOW TRUCK,39.05794775,-76.96851025,2023,10,3
230060428,Injury Crash,10/15/2023 03:11:00 AM,COLUMBIA PIKE,NA,STRAIGHT MOVEMENT ANGLE,Clear,DRY,Medium,TRAFFIC SIGNAL,NONE DETECTED,No,Possible Minor Injury,N/A,NOT DISTRACTED,MD,PASSENGER CAR,ACCELERATING,25,No,2014,FORD,ESCAPE,39.05794775,-76.96851025,2023,10,3
230060609,Injury Crash,10/15/2023 02:14:00 AM,GEORGIA AVE,NA,SAME DIR REAR END,Clear,WET,Medium,NO CONTROLS,DRUG AND ALCOHOL CONTRIBUTED,Yes,Possible Minor Injury,N/A,UNKNOWN,MD,PASSENGER CAR,MOVING CONSTANT SPEED,35,No,2016,CADILLAC,CTS,39.05967286,-77.05034099,2023,10,2
230060609,Injury Crash,10/15/2023 02:14:00 AM,GEORGIA AVE,NA,SAME DIR REAR END,Clear,WET,Medium,NO CONTROLS,NONE DETECTED,No,Possible Minor Injury,N/A,NOT DISTRACTED,MD,PASSENGER CAR,MOVING CONSTANT SPEED,35,No,2009,TOYOTA,RAV4,39.05967286,-77.05034099,2023,10,2
230060604,Property Damage Crash,10/15/2023 01:34:00 AM,BRINK RD,NA,SAME DIR REAR END,Rain,WET,Dark,NO CONTROLS,NONE DETECTED,No,No Apparent Injury,"N/A, WET",NOT DISTRACTED,MD,PASSENGER CAR,PARKED,40,No,2014,MITSUBISHI,LANCER,39.20752155,-77.22629679,2023,10,1
230060604,Property Damage Crash,10/15/2023 01:34:00 AM,BRINK RD,NA,SAME DIR REAR END,Rain,WET,Dark,NO CONTROLS,NONE DETECTED,Yes,No Apparent Injury,"N/A, WET",EATING OR DRINKING,MD,PASSENGER CAR,MOVING CONSTANT SPEED,40,No,2015,NISSAN,ROGUE,39.20752155,-77.22629679,2023,10,1
230060598,Property Damage Crash,10/15/2023 12:50:00 AM,NA,NA,SAME DIR REAR END,Rain,NA,Medium,NO CONTROLS,NONE DETECTED,No,No Apparent Injury,"RAIN, SNOW, WET",NOT DISTRACTED,MD,PASSENGER CAR,PARKED,10,No,2015,TOYOTA,4S,39.14168717,-77.19519537,2023,10,0
230060598,Property Damage Crash,10/15/2023 12:50:00 AM,NA,NA,SAME DIR REAR END,Rain,NA,Medium,NO CONTROLS,ALCOHOL PRESENT,Yes,No Apparent Injury,"RAIN, SNOW, WET",NOT DISTRACTED,XX,PASSENGER CAR,BACKING,10,No,2013,KIA,OPTIMA,39.14168717,-77.19519537,2023,10,0
230060599,Property Damage Crash,10/15/2023 12:25:00 AM,BRINK RD,NA,HEAD ON LEFT TURN,Rain,WET,Medium,TRAFFIC SIGNAL,NONE DETECTED,No,No Apparent Injury,"N/A, RAIN, SNOW",NOT DISTRACTED,NY,PASSENGER CAR,MOVING CONSTANT SPEED,40,No,2015,AUDI,A4,39.20856333,-77.16944167,2023,10,0
230060599,Property Damage Crash,10/15/2023 12:25:00 AM,BRINK RD,NA,HEAD ON LEFT TURN,Rain,WET,Medium,TRAFFIC SIGNAL,NONE DETECTED,Yes,No Apparent Injury,"N/A, RAIN, SNOW",NOT DISTRACTED,MD,(SPORT) UTILITY VEHICLE,MAKING LEFT TURN,40,No,2009,BUICK,ENCLAVE,39.20856333,-77.16944167,2023,10,0
230060595,Property Damage Crash,10/15/2023 12:16:00 AM,CLOPPER RD,NA,SINGLE VEHICLE,Rain,WET,Dark,NO CONTROLS,NONE DETECTED,Yes,No Apparent Injury,"RAIN, SNOW, WET",UNKNOWN,NA,PASSENGER CAR,MOVING CONSTANT SPEED,35,No,2017,NISS,SD,39.155085,-77.25908333,2023,10,0
230060603,Property Damage Crash,10/14/2023 11:06:00 PM,LINDEN LA,NA,SINGLE VEHICLE,Rain,WET,Dark,RAILWAY CROSSING DEVICE,NONE DETECTED,Yes,No Apparent Injury,"N/A, WET",NOT DISTRACTED,MD,"MEDIUM/HEAVY TRUCKS 3 AXLES (OVER 10,000LBS (4,536KG))",OTHER,0,No,2024,INTERNATIONAL,TOW TRUCK,39.01465123,-77.05610156,2023,10,23
230060590,Property Damage Crash,10/14/2023 11:05:00 PM,NEW HAMPSHIRE AVE,NA,STRAIGHT MOVEMENT ANGLE,Rain,WET,Medium,TRAFFIC SIGNAL,NONE DETECTED,No,No Apparent Injury,"SLEET, HAIL, FREEZ. RAIN, WET",NOT DISTRACTED,MD,PASSENGER CAR,MOVING CONSTANT SPEED,35,No,2017,HONDA,ACCORD,39.01532973,-76.9777484,2023,10,23
230060590,Property Damage Crash,10/14/2023 11:05:00 PM,NEW HAMPSHIRE AVE,NA,STRAIGHT MOVEMENT ANGLE,Rain,WET,Medium,TRAFFIC SIGNAL,NONE DETECTED,Yes,No Apparent Injury,"SLEET, HAIL, FREEZ. RAIN, WET",UNKNOWN,NA,PASSENGER CAR,MAKING LEFT TURN,35,No,2019,HONDA,ACCORD,39.01532973,-76.9777484,2023,10,23
230060588,Property Damage Crash,10/14/2023 11:00:00 PM,NA,NA,OTHER,Rain,NA,Dark,NO CONTROLS,NONE DETECTED,Yes,No Apparent Injury,"RAIN, SNOW, WET",UNKNOWN,NA,NA,BACKING,5,No,0,UNKNOWN,UNKNOWN,39.14422267,-77.21982978,2023,10,23
230060581,Property Damage Crash,10/14/2023 09:45:00 PM,MONTGOMERY VILLAGE AVE,NA,STRAIGHT MOVEMENT ANGLE,Rain,WET,Dark,TRAFFIC SIGNAL,NONE DETECTED,Yes,No Apparent Injury,"RAIN, SNOW, WET",NOT DISTRACTED,MD,PASSENGER CAR,MAKING LEFT TURN,35,No,2021,VOLK,SD,39.15435542,-77.20932542,2023,10,21
230060581,Property Damage Crash,10/14/2023 09:45:00 PM,MONTGOMERY VILLAGE AVE,NA,STRAIGHT MOVEMENT ANGLE,Rain,WET,Dark,TRAFFIC SIGNAL,NONE DETECTED,No,No Apparent Injury,"RAIN, SNOW, WET",NOT DISTRACTED,MD,PASSENGER CAR,MOVING CONSTANT SPEED,35,No,2007,TOYT,4S,39.15435542,-77.20932542,2023,10,21
230060579,Property Damage Crash,10/14/2023 09:36:00 PM,W DIAMOND AVE,NA,SAME DIR REAR END,Rain,WET,Medium,NO CONTROLS,ALCOHOL PRESENT,Yes,No Apparent Injury,"N/A, WET",UNKNOWN,MD,(SPORT) UTILITY VEHICLE,SLOWING OR STOPPING,35,No,2007,TOYT,TK,39.14066403,-77.21422407,2023,10,21
230060579,Property Damage Crash,10/14/2023 09:36:00 PM,W DIAMOND AVE,NA,SAME DIR REAR END,Rain,WET,Medium,NO CONTROLS,NONE DETECTED,No,No Apparent Injury,"N/A, WET",NOT DISTRACTED,MD,PASSENGER CAR,SLOWING OR STOPPING,35,No,2019,VOLK,4S,39.14066403,-77.21422407,2023,10,21
230060572,Injury Crash,10/14/2023 09:09:00 PM,CORDELL AVE,PEDESTRIAN,OTHER,Rain,WET,Medium,TRAFFIC SIGNAL,NONE DETECTED,Yes,No Apparent Injury,"RAIN, SNOW, WET",LOOKED BUT DID NOT SEE,VA,PASSENGER CAR,MAKING LEFT TURN,30,No,2019,TOYOTA,COROLLA,38.99114833,-77.09603667,2023,10,21
230060573,Injury Crash,10/14/2023 09:07:00 PM,FENTON ST,PEDESTRIAN,OTHER,Rain,WET,Medium,TRAFFIC SIGNAL,NONE DETECTED,Yes,No Apparent Injury,"RAIN, SNOW, WET",NOT DISTRACTED,MD,(SPORT) UTILITY VEHICLE,MOVING CONSTANT SPEED,35,No,2018,TOYOTA,RAV4,38.99750567,-77.02716417,2023,10,21
230060576,Property Damage Crash,10/14/2023 08:59:00 PM,NA,NA,SINGLE VEHICLE,Clear,NA,Dark,N/A,NONE DETECTED,No,No Apparent Injury,N/A,LOOKED BUT DID NOT SEE,MD,FIRE VEHICLE/EMERGENCY,ACCELERATING,0,No,2014,FIRE,TRUCK,39.23850095,-77.29233525,2023,10,20
230060575,Property Damage Crash,10/14/2023 08:45:00 PM,RAILROAD ST,NA,SAME DIRECTION SIDESWIPE,Rain,WET,Medium,NO CONTROLS,NONE DETECTED,No,No Apparent Injury,"N/A, WET",NOT DISTRACTED,DC,PASSENGER CAR,MAKING RIGHT TURN,25,No,2002,HONDA,ACCORD,39.13505617,-77.1749875,2023,10,20
230060575,Property Damage Crash,10/14/2023 08:45:00 PM,RAILROAD ST,NA,SAME DIRECTION SIDESWIPE,Rain,WET,Medium,NO CONTROLS,NONE DETECTED,Yes,No Apparent Injury,"N/A, WET",NOT DISTRACTED,MD,TRANSIT BUS,MAKING LEFT TURN,25,No,2017,BUS,BUS,39.13505617,-77.1749875,2023,10,20
230060555,Property Damage Crash,10/14/2023 07:50:00 PM,GERMANTOWN RD,NA,STRAIGHT MOVEMENT ANGLE,Rain,WET,Medium,TRAFFIC SIGNAL,NONE DETECTED,Yes,No Apparent Injury,"SLEET, HAIL, FREEZ. RAIN, WET",UNKNOWN,MD,PASSENGER CAR,MOVING CONSTANT SPEED,40,No,2009,TOYT,4S,39.17547917,-77.27218467,2023,10,19
230060555,Property Damage Crash,10/14/2023 07:50:00 PM,GERMANTOWN RD,NA,STRAIGHT MOVEMENT ANGLE,Rain,WET,Medium,TRAFFIC SIGNAL,NONE DETECTED,No,No Apparent Injury,"SLEET, HAIL, FREEZ. RAIN, WET",UNKNOWN,MD,PASSENGER CAR,STARTING FROM LANE,40,No,2008,TOYT,SD,39.17547917,-77.27218467,2023,10,19
230060560,Property Damage Crash,10/14/2023 07:15:00 PM,OLD GEORGETOWN RD,NA,SAME DIR REAR END,Rain,WET,Medium,TRAFFIC SIGNAL,NONE DETECTED,Yes,No Apparent Injury,"RAIN, SNOW, WET",UNKNOWN,MD,PASSENGER CAR,SLOWING OR STOPPING,35,No,2012,HONDA,CIVIC,39.0399095,-77.1222955,2023,10,19
230060560,Property Damage Crash,10/14/2023 07:15:00 PM,OLD GEORGETOWN RD,NA,SAME DIR REAR END,Rain,WET,Medium,TRAFFIC SIGNAL,NONE DETECTED,No,No Apparent Injury,"RAIN, SNOW, WET",NOT DISTRACTED,MD,(SPORT) UTILITY VEHICLE,SLOWING OR STOPPING,35,No,2022,TOYOTA,CROSS,39.0399095,-77.1222955,2023,10,19
230060550,Property Damage Crash,10/14/2023 07:00:00 PM,NOTLEY RD,NA,SAME DIR REAR END,Rain,WET,Medium,TRAFFIC SIGNAL,NONE DETECTED,Yes,No Apparent Injury,"RAIN, SNOW, WET",LOOKED BUT DID NOT SEE,MD,(SPORT) UTILITY VEHICLE,SLOWING OR STOPPING,30,No,2022,HOND,UT,39.09215,-77.014695,2023,10,19
230060550,Property Damage Crash,10/14/2023 07:00:00 PM,NOTLEY RD,NA,SAME DIR REAR END,Rain,WET,Medium,TRAFFIC SIGNAL,NONE DETECTED,No,No Apparent Injury,"RAIN, SNOW, WET",NOT DISTRACTED,MD,(SPORT) UTILITY VEHICLE,STOPPED IN TRAFFIC LANE,30,No,2014,TOYT,UT,39.09215,-77.014695,2023,10,19
230060558,Property Damage Crash,10/14/2023 07:00:00 PM,HOLLAND MEADOW LA,NA,OTHER,Rain,WET,Medium,NO CONTROLS,NONE DETECTED,Yes,No Apparent Injury,"RAIN, SNOW, WET",UNKNOWN,MD,PASSENGER CAR,BACKING,30,No,2009,SUBARU,SW,39.17897333,-77.12859167,2023,10,19
230060549,Property Damage Crash,10/14/2023 06:44:00 PM,DAMASCUS RD,NA,SINGLE VEHICLE,Rain,WET,Dark,N/A,ALCOHOL PRESENT,Yes,No Apparent Injury,"RAIN, SNOW, WET",NOT DISTRACTED,MD,PASSENGER CAR,MOVING CONSTANT SPEED,40,No,2006,HONDA,RIDGELINE,39.22921096,-77.08465387,2023,10,18
230060540,Property Damage Crash,10/14/2023 06:07:00 PM,RAMP 4 FR IS 270 NB TO MD 189 EB,NA,SINGLE VEHICLE,Rain,WET,Medium,NO CONTROLS,NONE DETECTED,Yes,No Apparent Injury,"RAIN, SNOW, WET",NOT DISTRACTED,MD,PASSENGER CAR,MOVING CONSTANT SPEED,35,No,2018,HOND,HB,39.07253892,-77.16620369,2023,10,18
230060531,Injury Crash,10/14/2023 05:39:00 PM,SHERWOOD FOREST DR,NA,SINGLE VEHICLE,Rain,WET,Medium,N/A,NONE DETECTED,Yes,Possible Minor Injury,"RAIN, SNOW, WET",LOOKED BUT DID NOT SEE,MD,PASSENGER CAR,MOVING CONSTANT SPEED,40,No,2017,DODGE,CHALLENGER,39.07412933,-77.00667061,2023,10,17
230060533,Injury Crash,10/14/2023 05:33:00 PM,MONTROSE PKWY,NA,SINGLE VEHICLE,Rain,WET,Daylight,NO CONTROLS,NONE DETECTED,Yes,Possible Minor Injury,"SLEET, HAIL, FREEZ. RAIN, WET",INATTENTIVE OR LOST IN THOUGHT,MD,PASSENGER CAR,MOVING CONSTANT SPEED,35,No,2006,TOYOTA,COROLLA,39.05135583,-77.1339805,2023,10,17