Local Case Number,ACRS Report Type,Crash Date/Time,Road Name,Related Non-Motorist,Collision Type,Weather,Surface Condition,Light,Traffic Control,Driver Substance Abuse,Driver At Fault,Injury Severity,Circumstance,Driver Distracted By,Drivers License State,Vehicle Body Type,Vehicle Movement,Speed Limit,Driverless Vehicle,Vehicle Year,Vehicle Make,Vehicle Model,Latitude,Longitude,Year,Month,Hour
230060535,Property Damage Crash,10/14/2023 05:22:00 PM,MUNCASTER RD,NA,SINGLE VEHICLE,Cloudy,WET,Daylight,NO CONTROLS,NONE DETECTED,Yes,No Apparent Injury,"RAIN, SNOW, WET",UNKNOWN,MD,PASSENGER CAR,UNKNOWN,40,No,2007,FORD,4S,39.15780517,-77.13002867,2023,10,17
230060530,Injury Crash,10/14/2023 05:22:00 PM,WARING STATION RD,NA,SAME DIR REAR END,Cloudy,WET,Daylight,NO CONTROLS,NONE DETECTED,Yes,Possible Minor Injury,"N/A, WET",INATTENTIVE OR LOST IN THOUGHT,MD,PASSENGER CAR,MOVING CONSTANT SPEED,35,No,2022,TOYT,CAMRY,39.172305,-77.252465,2023,10,17
230060539,Property Damage Crash,10/14/2023 05:15:00 PM,MONTROSE RD,NA,SAME DIR REAR END,Rain,WET,Daylight,TRAFFIC SIGNAL,NONE DETECTED,Yes,No Apparent Injury,"N/A, WET",UNKNOWN,NA,PASSENGER CAR,SLOWING OR STOPPING,40,No,2003,HONDA,ACCORD,39.05329603,-77.13644893,2023,10,17
230060539,Property Damage Crash,10/14/2023 05:15:00 PM,MONTROSE RD,NA,SAME DIR REAR END,Rain,WET,Daylight,TRAFFIC SIGNAL,NONE DETECTED,No,No Apparent Injury,"N/A, WET",NOT DISTRACTED,MD,(SPORT) UTILITY VEHICLE,STOPPED IN TRAFFIC LANE,40,No,2021,FORD,ESCAPE,39.05329603,-77.13644893,2023,10,17
230060517,Property Damage Crash,10/14/2023 04:21:00 PM,OLD GEORGETOWN RD,NA,STRAIGHT MOVEMENT ANGLE,Cloudy,WET,Daylight,STOP SIGN,NONE DETECTED,No,No Apparent Injury,"N/A, WET",NOT DISTRACTED,MD,(SPORT) UTILITY VEHICLE,MOVING CONSTANT SPEED,30,No,2014,BMW,X6,38.98848217,-77.1003545,2023,10,16
230060517,Property Damage Crash,10/14/2023 04:21:00 PM,OLD GEORGETOWN RD,NA,STRAIGHT MOVEMENT ANGLE,Cloudy,WET,Daylight,STOP SIGN,NONE DETECTED,Yes,No Apparent Injury,"N/A, WET",LOOKED BUT DID NOT SEE,DC,PASSENGER CAR,MAKING LEFT TURN,30,No,2018,BMW,330I,38.98848217,-77.1003545,2023,10,16
230060507,Property Damage Crash,10/14/2023 03:40:00 PM,RANDOLPH RD,NA,SAME DIRECTION SIDESWIPE,Rain,WET,Daylight,NO CONTROLS,NONE DETECTED,No,No Apparent Injury,"BACKUP DUE TO REGULAR CONGESTION, N/A, WET",NOT DISTRACTED,MD,PASSENGER CAR,SLOWING OR STOPPING,40,No,2022,TOYT,COROLLA,39.07490167,-77.00422667,2023,10,15
230060507,Property Damage Crash,10/14/2023 03:40:00 PM,RANDOLPH RD,NA,SAME DIRECTION SIDESWIPE,Rain,WET,Daylight,NO CONTROLS,NONE DETECTED,Yes,No Apparent Injury,"BACKUP DUE TO REGULAR CONGESTION, N/A, WET",NOT DISTRACTED,MD,PASSENGER CAR,SLOWING OR STOPPING,40,No,2016,FORD,FUSION,39.07490167,-77.00422667,2023,10,15
230060505,Property Damage Crash,10/14/2023 03:24:00 PM,RIVER RD,NA,SAME DIR REAR END,Rain,WET,Daylight,TRAFFIC SIGNAL,NONE DETECTED,No,No Apparent Injury,N/A,NOT DISTRACTED,VA,PASSENGER CAR,STOPPED IN TRAFFIC LANE,35,No,2014,SUBARU,OUTBACK,38.962768,-77.10059919,2023,10,15
230060505,Property Damage Crash,10/14/2023 03:24:00 PM,RIVER RD,NA,SAME DIR REAR END,Rain,WET,Daylight,TRAFFIC SIGNAL,NONE DETECTED,Yes,No Apparent Injury,N/A,UNKNOWN,VA,PASSENGER CAR,SLOWING OR STOPPING,35,No,2011,FORD,F150,38.962768,-77.10059919,2023,10,15
230060503,Property Damage Crash,10/14/2023 03:11:00 PM,NA,NA,SINGLE VEHICLE,Rain,NA,Daylight,N/A,NONE DETECTED,Yes,No Apparent Injury,"RAIN, SNOW, WET",NOT DISTRACTED,MD,PASSENGER CAR,STARTING FROM PARKED,0,No,2010,VOLKS WAGON,GOLF,39.03068667,-77.07430667,2023,10,15
230060501,Property Damage Crash,10/14/2023 03:00:00 PM,BROADBIRCH DR,NA,HEAD ON LEFT TURN,Rain,WET,Daylight,NO CONTROLS,NONE DETECTED,Yes,No Apparent Injury,"RAIN, SNOW, WET",NOT DISTRACTED,MD,PASSENGER CAR,MAKING LEFT TURN,30,No,2002,TOYOTA,TUNDRA,39.05594167,-76.95486667,2023,10,15
230060501,Property Damage Crash,10/14/2023 03:00:00 PM,BROADBIRCH DR,NA,HEAD ON LEFT TURN,Rain,WET,Daylight,NO CONTROLS,NONE DETECTED,No,No Apparent Injury,"RAIN, SNOW, WET",NOT DISTRACTED,MD,PASSENGER CAR,MOVING CONSTANT SPEED,30,No,2014,TOYOTA,HIGHLANDER,39.05594167,-76.95486667,2023,10,15
230060513,Property Damage Crash,10/14/2023 02:50:00 PM,E GUDE DR,NA,SAME DIR REAR END,Rain,WET,Daylight,TRAFFIC SIGNAL,NONE DETECTED,No,No Apparent Injury,"RAIN, SNOW, WET",NOT DISTRACTED,MD,(SPORT) UTILITY VEHICLE,SLOWING OR STOPPING,35,No,2019,VOLK,ATLAS,39.09758304,-77.13618251,2023,10,14
230060513,Property Damage Crash,10/14/2023 02:50:00 PM,E GUDE DR,NA,SAME DIR REAR END,Rain,WET,Daylight,TRAFFIC SIGNAL,NONE DETECTED,Yes,No Apparent Injury,"RAIN, SNOW, WET",LOOKED BUT DID NOT SEE,NA,PASSENGER CAR,MOVING CONSTANT SPEED,35,No,2003,MITSUBISHI,SDN,39.09758304,-77.13618251,2023,10,14
230060496,Property Damage Crash,10/14/2023 02:30:00 PM,RANDOLPH RD,NA,SINGLE VEHICLE,Rain,WET,Daylight,STOP SIGN,NONE DETECTED,No,No Apparent Injury,"RAIN, SNOW, WET",NOT DISTRACTED,MD,POLICE VEHICLE/NON EMERGENCY,MOVING CONSTANT SPEED,35,No,2012,DODGE,CHARGER,39.0731285,-77.00843617,2023,10,14
230060493,Injury Crash,10/14/2023 02:00:00 PM,WHITES FERRY RD,NA,SINGLE VEHICLE,Rain,WET,Daylight,WARNING SIGN,NONE DETECTED,Yes,Possible Minor Injury,"N/A, WET",NOT DISTRACTED,MD,(SPORT) UTILITY VEHICLE,NEGOTIATING A CURVE,40,No,2011,KIA,SORENTO,39.13235504,-77.38531183,2023,10,14
230060494,Property Damage Crash,10/14/2023 01:54:00 PM,MONTROSE RD,NA,SINGLE VEHICLE,Rain,WET,Daylight,TRAFFIC SIGNAL,NONE DETECTED,Yes,No Apparent Injury,"RAIN, SNOW, WET",NOT DISTRACTED,MD,PASSENGER CAR,MOVING CONSTANT SPEED,35,No,2008,HOND,4S,39.05562839,-77.14888735,2023,10,13
230060490,Injury Crash,10/14/2023 01:42:00 PM,MONTROSE RD,NA,SINGLE VEHICLE,Rain,WET,Daylight,NO CONTROLS,NONE DETECTED,Yes,Possible Minor Injury,"RAIN, SNOW, WET",UNKNOWN,MD,PASSENGER CAR,MOVING CONSTANT SPEED,30,No,2019,NISSAN,KICKS,39.05123917,-77.133611,2023,10,13
230060497,Property Damage Crash,10/14/2023 01:36:00 PM,NA,NA,OTHER,Rain,NA,Daylight,NO CONTROLS,NONE DETECTED,Yes,No Apparent Injury,"SLEET, HAIL, FREEZ. RAIN, WET",NOT DISTRACTED,NA,NA,BACKING,25,No,0,UNKNOWN,UNKNOWN,38.99791217,-77.0260365,2023,10,13
230060497,Property Damage Crash,10/14/2023 01:36:00 PM,NA,NA,OTHER,Rain,NA,Daylight,NO CONTROLS,NONE DETECTED,No,No Apparent Injury,"SLEET, HAIL, FREEZ. RAIN, WET",NOT DISTRACTED,MD,PASSENGER CAR,SLOWING OR STOPPING,25,No,2023,TOYOTA,CAMRY,38.99791217,-77.0260365,2023,10,13
230060486,Property Damage Crash,10/14/2023 01:29:00 PM,UNIVERSITY BLVD E,NA,STRAIGHT MOVEMENT ANGLE,Rain,WET,Daylight,NO CONTROLS,NONE DETECTED,Yes,No Apparent Injury,N/A,NOT DISTRACTED,MD,(SPORT) UTILITY VEHICLE,MAKING LEFT TURN,35,No,2016,NISSAN,ROGUE,39.00153676,-76.9957659,2023,10,13
230060486,Property Damage Crash,10/14/2023 01:29:00 PM,UNIVERSITY BLVD E,NA,STRAIGHT MOVEMENT ANGLE,Rain,WET,Daylight,NO CONTROLS,NONE DETECTED,No,No Apparent Injury,N/A,NOT DISTRACTED,MD,(SPORT) UTILITY VEHICLE,MOVING CONSTANT SPEED,35,No,2021,TOYOTA,HIGHLANDER,39.00153676,-76.9957659,2023,10,13
230060483,Property Damage Crash,10/14/2023 01:26:00 PM,FATHER HURLEY BLVD,NA,SAME DIR REAR END,Rain,WET,Daylight,TRAFFIC SIGNAL,NONE DETECTED,Yes,No Apparent Injury,"N/A, WET",NOT DISTRACTED,MD,PASSENGER CAR,SLOWING OR STOPPING,45,No,2013,NISSAN,SENTRA,39.19926467,-77.26054333,2023,10,13
230060483,Property Damage Crash,10/14/2023 01:26:00 PM,FATHER HURLEY BLVD,NA,SAME DIR REAR END,Rain,WET,Daylight,TRAFFIC SIGNAL,NONE DETECTED,No,No Apparent Injury,"N/A, WET",NOT DISTRACTED,MD,(SPORT) UTILITY VEHICLE,STOPPED IN TRAFFIC LANE,45,No,2021,JEEP,WRANGLER,39.19926467,-77.26054333,2023,10,13
230060479,Property Damage Crash,10/14/2023 01:05:00 PM,RANDOLPH RD,NA,STRAIGHT MOVEMENT ANGLE,Rain,WET,Daylight,NO CONTROLS,NONE DETECTED,No,No Apparent Injury,N/A,NOT DISTRACTED,MD,PASSENGER CAR,MOVING CONSTANT SPEED,35,No,2015,HONDA,CIVIC,39.0561335,-77.083238,2023,10,13
230060479,Property Damage Crash,10/14/2023 01:05:00 PM,RANDOLPH RD,NA,STRAIGHT MOVEMENT ANGLE,Rain,WET,Daylight,NO CONTROLS,NONE DETECTED,Yes,No Apparent Injury,N/A,UNKNOWN,NA,PASSENGER CAR,MAKING RIGHT TURN,35,No,2011,HYUNDAI,ELANTRA,39.0561335,-77.083238,2023,10,13
230066298,Property Damage Crash,10/14/2023 12:51:00 PM,OLD HUNDRED RD,NA,SINGLE VEHICLE,Clear,DRY,Daylight,NO CONTROLS,NONE DETECTED,Yes,No Apparent Injury,N/A,UNKNOWN,OH,TRUCK TRACTOR,MOVING CONSTANT SPEED,30,No,2015,FREIGHTLINER,CASCADIA,39.27987635,-77.31949399,2023,10,12
230060480,Property Damage Crash,10/14/2023 12:40:00 PM,MONTGOMERY VILLAGE AVE,NA,STRAIGHT MOVEMENT ANGLE,Rain,WET,Daylight,NO CONTROLS,NONE DETECTED,No,No Apparent Injury,"N/A, WET",NOT DISTRACTED,MD,AMBULANCE/EMERGENCY,MOVING CONSTANT SPEED,35,No,2013,EPO,N/A,39.1537102,-77.210665,2023,10,12
230060480,Property Damage Crash,10/14/2023 12:40:00 PM,MONTGOMERY VILLAGE AVE,NA,STRAIGHT MOVEMENT ANGLE,Rain,WET,Daylight,NO CONTROLS,NONE DETECTED,Yes,No Apparent Injury,"N/A, WET",LOOKED BUT DID NOT SEE,MD,PASSENGER CAR,MAKING LEFT TURN,35,No,2001,MAZD,SD,39.1537102,-77.210665,2023,10,12
230060477,Property Damage Crash,10/14/2023 12:29:00 PM,WOODMONT AVE,NA,SAME DIRECTION SIDESWIPE,Rain,WET,Daylight,NO CONTROLS,NONE DETECTED,No,No Apparent Injury,"RAIN, SNOW, WET",NOT DISTRACTED,MD,TRANSIT BUS,PARKED,25,No,2022,NEW FLYER,OTHER,38.98766367,-77.0962115,2023,10,12
230060477,Property Damage Crash,10/14/2023 12:29:00 PM,WOODMONT AVE,NA,SAME DIRECTION SIDESWIPE,Rain,WET,Daylight,NO CONTROLS,NONE DETECTED,Yes,No Apparent Injury,"RAIN, SNOW, WET",LOOKED BUT DID NOT SEE,US,PASSENGER CAR,ACCELERATING,25,No,2017,CHRY,PACIFICA,38.98766367,-77.0962115,2023,10,12
230060469,Property Damage Crash,10/14/2023 11:40:00 AM,NA,NA,OTHER,Cloudy,NA,Daylight,NO CONTROLS,NONE DETECTED,Yes,No Apparent Injury,"N/A, WET",LOOKED BUT DID NOT SEE,MD,AMBULANCE/NON EMERGENCY,BACKING,25,No,2020,FRHT,AM,39.16199193,-77.21265195,2023,10,11
230060462,Property Damage Crash,10/14/2023 10:50:00 AM,LONGDRAFT RD,NA,HEAD ON LEFT TURN,Clear,DRY,Daylight,TRAFFIC SIGNAL,NONE DETECTED,Yes,No Apparent Injury,N/A,NOT DISTRACTED,WV,PASSENGER CAR,MAKING LEFT TURN,35,No,2002,TOYOTA,CAMRY,39.15850833,-77.22605217,2023,10,10
230060462,Property Damage Crash,10/14/2023 10:50:00 AM,LONGDRAFT RD,NA,HEAD ON LEFT TURN,Clear,DRY,Daylight,TRAFFIC SIGNAL,NONE DETECTED,No,No Apparent Injury,N/A,NOT DISTRACTED,MD,PASSENGER CAR,MOVING CONSTANT SPEED,35,No,2014,CHRY,SD,39.15850833,-77.22605217,2023,10,10
230060461,Injury Crash,10/14/2023 10:47:00 AM,MONTGOMERY VILLAGE AVE,NA,SAME DIR REAR END,Rain,WET,Daylight,N/A,NONE DETECTED,No,No Apparent Injury,"N/A, WET",NOT DISTRACTED,MD,PASSENGER CAR,SLOWING OR STOPPING,30,No,2018,BMW,4DR,39.15864261,-77.20371363,2023,10,10
230060461,Injury Crash,10/14/2023 10:47:00 AM,MONTGOMERY VILLAGE AVE,NA,SAME DIR REAR END,Rain,WET,Daylight,N/A,NONE DETECTED,Yes,No Apparent Injury,"N/A, WET",UNKNOWN,MD,PASSENGER CAR,CHANGING LANES,30,No,2013,JEEP,GRAND CHEROKEE,39.15864261,-77.20371363,2023,10,10
230060456,Injury Crash,10/14/2023 10:01:00 AM,DEL RAY AVE,NA,STRAIGHT MOVEMENT ANGLE,Rain,WET,Daylight,NO CONTROLS,NONE DETECTED,Yes,No Apparent Injury,"N/A, WET",LOOKED BUT DID NOT SEE,MD,PASSENGER CAR,ACCELERATING,25,No,2023,LEXUS,ES350,38.9882975,-77.100184,2023,10,10
230060456,Injury Crash,10/14/2023 10:01:00 AM,DEL RAY AVE,NA,STRAIGHT MOVEMENT ANGLE,Rain,WET,Daylight,NO CONTROLS,NONE DETECTED,No,Possible Minor Injury,"N/A, WET",NOT DISTRACTED,MD,PASSENGER CAR,MOVING CONSTANT SPEED,25,No,2017,CHEVY,MALIBU,38.9882975,-77.100184,2023,10,10
230060454,Property Damage Crash,10/14/2023 09:39:00 AM,MONTROSE PKWY,NA,SAME DIR REAR END,Rain,WET,Medium,TRAFFIC SIGNAL,NONE DETECTED,Yes,No Apparent Injury,"N/A, RAIN, SNOW",UNKNOWN,NA,UNKNOWN,STARTING FROM LANE,40,No,0,UNKNOWN,UNKNOWN,39.05253667,-77.11578833,2023,10,9
230060454,Property Damage Crash,10/14/2023 09:39:00 AM,MONTROSE PKWY,NA,SAME DIR REAR END,Rain,WET,Medium,TRAFFIC SIGNAL,NONE DETECTED,No,No Apparent Injury,"N/A, RAIN, SNOW",NOT DISTRACTED,MD,(SPORT) UTILITY VEHICLE,STOPPED IN TRAFFIC LANE,40,No,2016,MERCEDES,GLA250,39.05253667,-77.11578833,2023,10,9
230060426,Property Damage Crash,10/14/2023 01:59:00 AM,FREDERICK RD,NA,SINGLE VEHICLE,Clear,DRY,Medium,NO CONTROLS,NONE DETECTED,Yes,No Apparent Injury,N/A,UNKNOWN,NA,PASSENGER CAR,MOVING CONSTANT SPEED,40,No,2005,SCION,TC,39.16771617,-77.22993083,2023,10,1
230060424,Property Damage Crash,10/14/2023 01:23:00 AM,NEW HAMPSHIRE AVE,NA,SINGLE VEHICLE,Clear,DRY,Medium,TRAFFIC SIGNAL,ALCOHOL PRESENT,Yes,No Apparent Injury,N/A,UNKNOWN,MD,VAN,MOVING CONSTANT SPEED,35,No,2015,FORD,TRANSIT,39.02036196,-76.97668039,2023,10,1
230060418,Property Damage Crash,10/13/2023 11:35:00 PM,NA,NA,STRAIGHT MOVEMENT ANGLE,Clear,NA,Medium,YIELD SIGN,NONE DETECTED,No,No Apparent Injury,N/A,UNKNOWN,XX,PASSENGER CAR,MOVING CONSTANT SPEED,0,No,2006,HONDA,CIVIC,39.14495117,-77.22591467,2023,10,23
230060418,Property Damage Crash,10/13/2023 11:35:00 PM,NA,NA,STRAIGHT MOVEMENT ANGLE,Clear,NA,Medium,YIELD SIGN,NONE DETECTED,Yes,No Apparent Injury,N/A,LOOKED BUT DID NOT SEE,MD,POLICE VEHICLE/NON EMERGENCY,MOVING CONSTANT SPEED,0,No,2020,FORD,EXPLORER,39.14495117,-77.22591467,2023,10,23
230060411,Property Damage Crash,10/13/2023 10:35:00 PM,NA,NA,SAME DIR REAR END,Clear,NA,Medium,NO CONTROLS,NONE DETECTED,Yes,No Apparent Injury,N/A,UNKNOWN,NA,PASSENGER CAR,BACKING,15,No,2019,LEXUS,GS,39.05831333,-77.15754167,2023,10,22
230060402,Injury Crash,10/13/2023 09:30:00 PM,EAST WEST HWY,NA,SAME DIR REAR END,Clear,DRY,Medium,TRAFFIC SIGNAL,NONE DETECTED,Yes,Possible Minor Injury,N/A,UNKNOWN,MD,PASSENGER CAR,OTHER,35,No,2012,NISSAN,MAXIMA,38.99565002,-77.04205565,2023,10,21
230060402,Injury Crash,10/13/2023 09:30:00 PM,EAST WEST HWY,NA,SAME DIR REAR END,Clear,DRY,Medium,TRAFFIC SIGNAL,NONE DETECTED,No,No Apparent Injury,N/A,NOT DISTRACTED,MD,PASSENGER CAR,STOPPED IN TRAFFIC LANE,35,No,2007,HOND,SD,38.99565002,-77.04205565,2023,10,21
230060397,Property Damage Crash,10/13/2023 09:23:00 PM,ASHTON RD,NA,HEAD ON LEFT TURN,Clear,DRY,Medium,TRAFFIC SIGNAL,NONE DETECTED,No,No Apparent Injury,N/A,NOT DISTRACTED,MD,PASSENGER CAR,MOVING CONSTANT SPEED,35,No,2016,LEXUS,RC,39.14936417,-77.0124295,2023,10,21
230060397,Property Damage Crash,10/13/2023 09:23:00 PM,ASHTON RD,NA,HEAD ON LEFT TURN,Clear,DRY,Medium,TRAFFIC SIGNAL,NONE DETECTED,Yes,No Apparent Injury,N/A,LOOKED BUT DID NOT SEE,MD,(SPORT) UTILITY VEHICLE,MOVING CONSTANT SPEED,35,No,2022,FORD,BRONCO,39.14936417,-77.0124295,2023,10,21
230060396,Property Damage Crash,10/13/2023 09:17:00 PM,CONNECTICUT AVE,NA,SAME DIRECTION SIDESWIPE,Clear,DRY,Medium,NO CONTROLS,NONE DETECTED,Yes,No Apparent Injury,N/A,NOT DISTRACTED,MD,PASSENGER CAR,MOVING CONSTANT SPEED,35,No,2023,HONDA,ACCORD,39.07218333,-77.07732167,2023,10,21
230060396,Property Damage Crash,10/13/2023 09:17:00 PM,CONNECTICUT AVE,NA,SAME DIRECTION SIDESWIPE,Clear,DRY,Medium,NO CONTROLS,NONE DETECTED,No,No Apparent Injury,N/A,NOT DISTRACTED,MD,PASSENGER CAR,MOVING CONSTANT SPEED,35,No,2014,TOYOTA,COROLLA,39.07218333,-77.07732167,2023,10,21
230060394,Injury Crash,10/13/2023 09:13:00 PM,GREAT SENECA HWY,NA,STRAIGHT MOVEMENT ANGLE,Clear,DRY,Medium,TRAFFIC SIGNAL,NONE DETECTED,No,Suspected Serious Injury,N/A,NOT DISTRACTED,MD,PASSENGER CAR,ACCELERATING,35,No,2012,MAZDA,HB,39.15910167,-77.27528833,2023,10,21
230060394,Injury Crash,10/13/2023 09:13:00 PM,GREAT SENECA HWY,NA,STRAIGHT MOVEMENT ANGLE,Clear,DRY,Medium,TRAFFIC SIGNAL,NONE DETECTED,Yes,No Apparent Injury,N/A,INATTENTIVE OR LOST IN THOUGHT,MD,PASSENGER CAR,MOVING CONSTANT SPEED,40,No,2018,JEEP,COMPASS,39.15910167,-77.27528833,2023,10,21
230060393,Injury Crash,10/13/2023 09:11:00 PM,GOSHEN RD,NA,STRAIGHT MOVEMENT ANGLE,Clear,DRY,Medium,STOP SIGN,NONE DETECTED,No,No Apparent Injury,N/A,NOT DISTRACTED,MD,PASSENGER CAR,MOVING CONSTANT SPEED,40,No,2014,HONDA,ACCORD,39.18703333,-77.18560167,2023,10,21
230060393,Injury Crash,10/13/2023 09:11:00 PM,GOSHEN RD,NA,STRAIGHT MOVEMENT ANGLE,Clear,DRY,Medium,STOP SIGN,NONE DETECTED,Yes,No Apparent Injury,N/A,LOOKED BUT DID NOT SEE,MD,PASSENGER CAR,MAKING LEFT TURN,40,No,2017,SUBA,UT,39.18703333,-77.18560167,2023,10,21
230060385,Property Damage Crash,10/13/2023 08:13:00 PM,FAIRLAND RD,NA,SAME DIR REAR END,Clear,DRY,Medium,NO CONTROLS,NONE DETECTED,Yes,No Apparent Injury,N/A,NOT DISTRACTED,MD,PASSENGER CAR,SLOWING OR STOPPING,35,No,2013,NISS,SENTRA,39.07820467,-76.9802045,2023,10,20
230060385,Property Damage Crash,10/13/2023 08:13:00 PM,FAIRLAND RD,NA,SAME DIR REAR END,Clear,DRY,Medium,NO CONTROLS,NONE DETECTED,No,No Apparent Injury,N/A,NOT DISTRACTED,MD,PASSENGER CAR,SLOWING OR STOPPING,35,No,2017,TOYT,COROLLA,39.07820467,-76.9802045,2023,10,20
230060386,Property Damage Crash,10/13/2023 08:10:00 PM,NA,NA,STRAIGHT MOVEMENT ANGLE,Clear,NA,Medium,NO CONTROLS,NONE DETECTED,Yes,No Apparent Injury,N/A,LOOKED BUT DID NOT SEE,MD,PASSENGER CAR,MOVING CONSTANT SPEED,15,No,2015,NISSAN,ALTIMA,39.09088701,-77.06671158,2023,10,20
230060386,Property Damage Crash,10/13/2023 08:10:00 PM,NA,NA,STRAIGHT MOVEMENT ANGLE,Clear,NA,Medium,NO CONTROLS,NONE DETECTED,No,No Apparent Injury,N/A,NOT DISTRACTED,MD,PASSENGER CAR,PARKING,5,No,2011,HONDA,PILOT,39.09088701,-77.06671158,2023,10,20
230060382,Injury Crash,10/13/2023 07:49:00 PM,FREDERICK RD,NA,STRAIGHT MOVEMENT ANGLE,Clear,DRY,Dark,NO CONTROLS,NONE DETECTED,Yes,No Apparent Injury,N/A,NOT DISTRACTED,MD,PASSENGER CAR,ACCELERATING,40,No,2008,MITZ,LANCER,39.190052,-77.24148067,2023,10,19
230060382,Injury Crash,10/13/2023 07:49:00 PM,FREDERICK RD,NA,STRAIGHT MOVEMENT ANGLE,Clear,DRY,Dark,NO CONTROLS,NONE DETECTED,No,Possible Minor Injury,N/A,NOT DISTRACTED,MD,PASSENGER CAR,MOVING CONSTANT SPEED,40,No,2010,FORD,EDGE,39.190052,-77.24148067,2023,10,19
230060566,Property Damage Crash,10/13/2023 07:38:00 PM,UNIVERSITY BLVD E,NA,SAME DIRECTION SIDESWIPE,Rain,WET,Medium,TRAFFIC SIGNAL,NONE DETECTED,Yes,No Apparent Injury,"BACKUP DUE TO REGULAR CONGESTION, N/A, WET",UNKNOWN,NA,PASSENGER CAR,CHANGING LANES,35,No,2015,ACURA,SEDAN,39.00002906,-76.99550152,2023,10,19
230060566,Property Damage Crash,10/13/2023 07:38:00 PM,UNIVERSITY BLVD E,NA,SAME DIRECTION SIDESWIPE,Rain,WET,Medium,TRAFFIC SIGNAL,NONE DETECTED,No,No Apparent Injury,"BACKUP DUE TO REGULAR CONGESTION, N/A, WET",NOT DISTRACTED,MD,PASSENGER CAR,STARTING FROM LANE,35,No,2016,LEXUS,4S,39.00002906,-76.99550152,2023,10,19
230060376,Injury Crash,10/13/2023 07:25:00 PM,NORBECK RD,NA,HEAD ON LEFT TURN,Clear,DRY,Medium,TRAFFIC SIGNAL,NONE DETECTED,Yes,No Apparent Injury,N/A,LOOKED BUT DID NOT SEE,MD,PASSENGER CAR,MAKING LEFT TURN,40,No,2003,HONDA,ACCORD,39.09295617,-77.122721,2023,10,19
230060376,Injury Crash,10/13/2023 07:25:00 PM,NORBECK RD,NA,HEAD ON LEFT TURN,Clear,DRY,Medium,TRAFFIC SIGNAL,NONE DETECTED,No,Possible Minor Injury,N/A,NOT DISTRACTED,MD,PASSENGER CAR,MOVING CONSTANT SPEED,40,No,2017,MAZDA,4DR,39.09295617,-77.122721,2023,10,19
230060379,Property Damage Crash,10/13/2023 07:09:00 PM,FREDERICK RD,NA,HEAD ON LEFT TURN,Clear,DRY,Medium,TRAFFIC SIGNAL,NONE DETECTED,Yes,No Apparent Injury,N/A,NOT DISTRACTED,ME,PASSENGER CAR,MAKING U TURN,40,No,2012,VOLK,UT,39.11905996,-77.17179205,2023,10,19
230060379,Property Damage Crash,10/13/2023 07:09:00 PM,FREDERICK RD,NA,HEAD ON LEFT TURN,Clear,DRY,Medium,TRAFFIC SIGNAL,NONE DETECTED,No,No Apparent Injury,N/A,NOT DISTRACTED,MD,PASSENGER CAR,MOVING CONSTANT SPEED,40,No,2007,LEXS,SD,39.11905996,-77.17179205,2023,10,19
230060365,Property Damage Crash,10/13/2023 05:40:00 PM,NA,NA,SAME DIRECTION SIDESWIPE,Clear,NA,Daylight,NO CONTROLS,NONE DETECTED,Yes,No Apparent Injury,N/A,INATTENTIVE OR LOST IN THOUGHT,MD,PASSENGER CAR,PARKING,15,No,2008,HONDA,PILOT,39.08076545,-77.07697303,2023,10,17
230060351,Injury Crash,10/13/2023 04:45:00 PM,LEWISDALE RD,NA,STRAIGHT MOVEMENT ANGLE,Clear,DRY,Daylight,STOP SIGN,NONE DETECTED,Yes,No Apparent Injury,N/A,OTHER DISTRACTION,VA,PASSENGER CAR,MOVING CONSTANT SPEED,40,No,2011,CHEVY,EQUINOX,39.28613221,-77.27177466,2023,10,16
230060351,Injury Crash,10/13/2023 04:45:00 PM,LEWISDALE RD,NA,STRAIGHT MOVEMENT ANGLE,Clear,DRY,Daylight,STOP SIGN,NONE DETECTED,No,Possible Minor Injury,N/A,NOT DISTRACTED,MD,PASSENGER CAR,MOVING CONSTANT SPEED,40,No,2001,CHEV,TK,39.28613221,-77.27177466,2023,10,16
230060336,Property Damage Crash,10/13/2023 03:50:00 PM,RAILROAD ST,NA,SAME DIR REAR END,Clear,DRY,Daylight,NO CONTROLS,NONE DETECTED,No,No Apparent Injury,"BACKUP DUE TO REGULAR CONGESTION, N/A",NOT DISTRACTED,MD,SCHOOL BUS,SLOWING OR STOPPING,25,No,2014,THOM,BU,39.13851333,-77.17921833,2023,10,15
230060336,Property Damage Crash,10/13/2023 03:50:00 PM,RAILROAD ST,NA,SAME DIR REAR END,Clear,DRY,Daylight,NO CONTROLS,NONE DETECTED,Yes,No Apparent Injury,"BACKUP DUE TO REGULAR CONGESTION, N/A",NOT DISTRACTED,VA,PASSENGER CAR,ACCELERATING,25,No,2014,MITSUBISHI,LANCER,39.13851333,-77.17921833,2023,10,15
230060327,Property Damage Crash,10/13/2023 03:30:00 PM,UNIVERSITY BLVD E,NA,SAME DIR REAR END,Clear,DRY,Daylight,TRAFFIC SIGNAL,NONE DETECTED,Yes,No Apparent Injury,N/A,LOOKED BUT DID NOT SEE,MD,PASSENGER CAR,CHANGING LANES,35,No,2006,JEEP,UT,39.01911,-77.01071,2023,10,15
230060327,Property Damage Crash,10/13/2023 03:30:00 PM,UNIVERSITY BLVD E,NA,SAME DIR REAR END,Clear,DRY,Daylight,TRAFFIC SIGNAL,NONE DETECTED,No,No Apparent Injury,N/A,NOT DISTRACTED,MD,PASSENGER CAR,SLOWING OR STOPPING,35,No,2010,FORD,CP,39.01911,-77.01071,2023,10,15
230060327,Property Damage Crash,10/13/2023 03:30:00 PM,UNIVERSITY BLVD E,NA,SAME DIR REAR END,Clear,DRY,Daylight,TRAFFIC SIGNAL,NONE DETECTED,No,No Apparent Injury,N/A,NOT DISTRACTED,MD,PASSENGER CAR,SLOWING OR STOPPING,35,No,2023,HYUNDAI,IONIQ 5,39.01911,-77.01071,2023,10,15
230060322,Property Damage Crash,10/13/2023 03:07:00 PM,MIDDLEBROOK RD,NA,OTHER,Clear,DRY,Daylight,STOP SIGN,NONE DETECTED,No,No Apparent Injury,N/A,NOT DISTRACTED,MD,PASSENGER CAR,MOVING CONSTANT SPEED,35,No,2022,TOYOTA,SIENNA,39.18144167,-77.26935833,2023,10,15
230060322,Property Damage Crash,10/13/2023 03:07:00 PM,MIDDLEBROOK RD,NA,OTHER,Clear,DRY,Daylight,STOP SIGN,NONE DETECTED,Yes,No Apparent Injury,N/A,LOOKED BUT DID NOT SEE,WA,PASSENGER CAR,MOVING CONSTANT SPEED,35,No,2020,TOYOTA,CAMRY,39.18144167,-77.26935833,2023,10,15
230060322,Property Damage Crash,10/13/2023 03:07:00 PM,MIDDLEBROOK RD,NA,OTHER,Clear,DRY,Daylight,STOP SIGN,NONE DETECTED,No,No Apparent Injury,N/A,NOT DISTRACTED,MD,PASSENGER CAR,STOPPED IN TRAFFIC LANE,35,No,2014,VOLKSWAGON,JETTA,39.18144167,-77.26935833,2023,10,15