Local Case Number,ACRS Report Type,Crash Date/Time,Road Name,Related Non-Motorist,Collision Type,Weather,Surface Condition,Light,Traffic Control,Driver Substance Abuse,Driver At Fault,Injury Severity,Circumstance,Driver Distracted By,Drivers License State,Vehicle Body Type,Vehicle Movement,Speed Limit,Driverless Vehicle,Vehicle Year,Vehicle Make,Vehicle Model,Latitude,Longitude,Year,Month,Hour
230060328,Property Damage Crash,10/13/2023 03:03:00 PM,ARCOLA AVE,NA,STRAIGHT MOVEMENT ANGLE,Clear,DRY,Daylight,NO CONTROLS,NONE DETECTED,No,No Apparent Injury,"N/A, VISION OBSTRUCTION (INCL. BLINDED BY SUN)",NOT DISTRACTED,MD,PASSENGER CAR,MOVING CONSTANT SPEED,35,No,2015,NISSAN,ROGUE,39.03893833,-77.02770333,2023,10,15
230060328,Property Damage Crash,10/13/2023 03:03:00 PM,ARCOLA AVE,NA,STRAIGHT MOVEMENT ANGLE,Clear,DRY,Daylight,NO CONTROLS,NONE DETECTED,Yes,No Apparent Injury,"N/A, VISION OBSTRUCTION (INCL. BLINDED BY SUN)",LOOKED BUT DID NOT SEE,MD,PASSENGER CAR,MAKING LEFT TURN,25,No,2014,HYUNDAI,SONATA,39.03893833,-77.02770333,2023,10,15
230060319,Property Damage Crash,10/13/2023 02:50:00 PM,COLESVILLE RD,NA,SAME DIR REAR END,Clear,DRY,Daylight,NO CONTROLS,NONE DETECTED,No,No Apparent Injury,N/A,NOT DISTRACTED,XX,PASSENGER CAR,STOPPED IN TRAFFIC LANE,25,No,2016,TOYOTA,COROLLA,39.00417833,-77.02362833,2023,10,14
230060319,Property Damage Crash,10/13/2023 02:50:00 PM,COLESVILLE RD,NA,SAME DIR REAR END,Clear,DRY,Daylight,NO CONTROLS,NONE DETECTED,Yes,No Apparent Injury,N/A,LOOKED BUT DID NOT SEE,DC,PASSENGER CAR,MOVING CONSTANT SPEED,25,No,2018,CHEVY,EQUINOX,39.00417833,-77.02362833,2023,10,14
230060319,Property Damage Crash,10/13/2023 02:50:00 PM,COLESVILLE RD,NA,SAME DIR REAR END,Clear,DRY,Daylight,NO CONTROLS,NONE DETECTED,No,No Apparent Injury,N/A,NOT DISTRACTED,MD,PASSENGER CAR,STOPPED IN TRAFFIC LANE,25,No,2020,HONDA,PILOT,39.00417833,-77.02362833,2023,10,14
230060319,Property Damage Crash,10/13/2023 02:50:00 PM,COLESVILLE RD,NA,SAME DIR REAR END,Clear,DRY,Daylight,NO CONTROLS,NONE DETECTED,No,No Apparent Injury,N/A,NOT DISTRACTED,MD,PASSENGER CAR,STOPPED IN TRAFFIC LANE,25,No,2019,NISSAN,FRONTIER,39.00417833,-77.02362833,2023,10,14
230057311,Property Damage Crash,10/13/2023 02:37:00 PM,WISCONSIN AVE,NA,SAME DIR REAR END,Clear,DRY,Daylight,TRAFFIC SIGNAL,NONE DETECTED,No,No Apparent Injury,N/A,NOT DISTRACTED,XX,PASSENGER CAR,SLOWING OR STOPPING,25,No,2023,MERCEDES-BENZ,E350,38.98683956,-77.09466268,2023,10,14
230057311,Property Damage Crash,10/13/2023 02:37:00 PM,WISCONSIN AVE,NA,SAME DIR REAR END,Clear,DRY,Daylight,TRAFFIC SIGNAL,NONE DETECTED,Yes,No Apparent Injury,N/A,UNKNOWN,MD,PASSENGER CAR,MOVING CONSTANT SPEED,25,No,0,JEEP,WRANGLER,38.98683956,-77.09466268,2023,10,14
230060317,Injury Crash,10/13/2023 02:30:00 PM,GERMANTOWN RD,NA,HEAD ON,Clear,DRY,Daylight,STOP SIGN,NONE DETECTED,No,Possible Minor Injury,N/A,NOT DISTRACTED,MD,PASSENGER CAR,MOVING CONSTANT SPEED,40,No,2020,HYUN,ACCENT,39.11862683,-77.29687533,2023,10,14
230060317,Injury Crash,10/13/2023 02:30:00 PM,GERMANTOWN RD,NA,HEAD ON,Clear,DRY,Daylight,STOP SIGN,NONE DETECTED,Yes,No Apparent Injury,N/A,LOOKED BUT DID NOT SEE,MD,PASSENGER CAR,MAKING LEFT TURN,40,No,2010,BUIC,LUCERNE,39.11862683,-77.29687533,2023,10,14
230060304,Property Damage Crash,10/13/2023 01:30:00 PM,NA,NA,OTHER,Clear,NA,Daylight,N/A,NONE DETECTED,Yes,No Apparent Injury,N/A,UNKNOWN,NA,PASSENGER CAR,BACKING,0,No,2023,CHEVROLET,UNK,39.02911083,-77.13356717,2023,10,13
230060291,Property Damage Crash,10/13/2023 12:55:00 PM,NEW HAMPSHIRE AVE,NA,STRAIGHT MOVEMENT ANGLE,Clear,DRY,Daylight,NO CONTROLS,NONE DETECTED,Yes,No Apparent Injury,N/A,LOOKED BUT DID NOT SEE,MD,PASSENGER CAR,MOVING CONSTANT SPEED,35,No,2014,HOND,4S,38.97692223,-76.99239376,2023,10,12
230060291,Property Damage Crash,10/13/2023 12:55:00 PM,NEW HAMPSHIRE AVE,NA,STRAIGHT MOVEMENT ANGLE,Clear,DRY,Daylight,NO CONTROLS,NONE DETECTED,No,No Apparent Injury,N/A,NOT DISTRACTED,MD,PASSENGER CAR,MOVING CONSTANT SPEED,35,No,2016,ROV,UT,38.97692223,-76.99239376,2023,10,12
230060291,Property Damage Crash,10/13/2023 12:55:00 PM,NEW HAMPSHIRE AVE,NA,STRAIGHT MOVEMENT ANGLE,Clear,DRY,Daylight,NO CONTROLS,NONE DETECTED,No,No Apparent Injury,N/A,LOOKED BUT DID NOT SEE,MD,PASSENGER CAR,MOVING CONSTANT SPEED,35,No,2009,TOYT,UT,38.97692223,-76.99239376,2023,10,12
230060295,Property Damage Crash,10/13/2023 12:35:00 PM,CONNECTICUT AVE,NA,SAME DIR REAR END,Clear,DRY,Daylight,TRAFFIC SIGNAL,NONE DETECTED,No,No Apparent Injury,"BACKUP DUE TO REGULAR CONGESTION, N/A",NOT DISTRACTED,MD,PASSENGER CAR,STOPPED IN TRAFFIC LANE,30,No,2006,DODGE,CARAVAN,38.97729867,-77.0772695,2023,10,12
230060295,Property Damage Crash,10/13/2023 12:35:00 PM,CONNECTICUT AVE,NA,SAME DIR REAR END,Clear,DRY,Daylight,TRAFFIC SIGNAL,NONE DETECTED,No,No Apparent Injury,"BACKUP DUE TO REGULAR CONGESTION, N/A",NOT DISTRACTED,MD,PASSENGER CAR,STOPPED IN TRAFFIC LANE,30,No,2020,KIA,SOUL,38.97729867,-77.0772695,2023,10,12
230060295,Property Damage Crash,10/13/2023 12:35:00 PM,CONNECTICUT AVE,NA,SAME DIR REAR END,Clear,DRY,Daylight,TRAFFIC SIGNAL,NONE DETECTED,Yes,No Apparent Injury,"BACKUP DUE TO REGULAR CONGESTION, N/A",LOOKED BUT DID NOT SEE,DC,PASSENGER CAR,SLOWING OR STOPPING,30,No,2021,FORD,MACH-E,38.97729867,-77.0772695,2023,10,12
230060288,Property Damage Crash,10/13/2023 12:14:00 PM,W DIAMOND AVE,NA,SAME DIR REAR END,Clear,DRY,Daylight,NO CONTROLS,NONE DETECTED,Yes,No Apparent Injury,N/A,NOT DISTRACTED,MD,PASSENGER CAR,CHANGING LANES,35,No,2016,TOYOTA,SD,39.141091780000004,-77.2160753,2023,10,12
230060288,Property Damage Crash,10/13/2023 12:14:00 PM,W DIAMOND AVE,NA,SAME DIR REAR END,Clear,DRY,Daylight,NO CONTROLS,NONE DETECTED,No,No Apparent Injury,N/A,NOT DISTRACTED,MD,SCHOOL BUS,STOPPED IN TRAFFIC LANE,35,No,2016,THOM,BU,39.141091780000004,-77.2160753,2023,10,12
230060286,Property Damage Crash,10/13/2023 11:59:00 AM,WAYNE AVE,NA,OTHER,Clear,DRY,Daylight,TRAFFIC SIGNAL,NONE DETECTED,Unknown,No Apparent Injury,N/A,LOOKED BUT DID NOT SEE,MD,TRANSIT BUS,N/A,10,No,2000,GILL,BUS,38.994285,-77.02699667,2023,10,11
230060286,Property Damage Crash,10/13/2023 11:59:00 AM,WAYNE AVE,NA,OTHER,Clear,DRY,Daylight,TRAFFIC SIGNAL,NONE DETECTED,Unknown,No Apparent Injury,N/A,LOOKED BUT DID NOT SEE,NY,PASSENGER CAR,ACCELERATING,10,No,2019,MERCEDES,BENZ,38.994285,-77.02699667,2023,10,11
230060245,Property Damage Crash,10/13/2023 09:30:00 AM,NA,NA,SAME DIRECTION RIGHT TURN,Clear,NA,Daylight,NO CONTROLS,NONE DETECTED,Yes,No Apparent Injury,N/A,LOOKED BUT DID NOT SEE,MD,SCHOOL BUS,SLOWING OR STOPPING,5,No,2021,FRHT,SB,39.12549845,-77.18535085,2023,10,9
230060245,Property Damage Crash,10/13/2023 09:30:00 AM,NA,NA,SAME DIRECTION RIGHT TURN,Clear,NA,Daylight,NO CONTROLS,NONE DETECTED,No,No Apparent Injury,N/A,NOT DISTRACTED,MD,PASSENGER CAR,PARKED,5,No,2014,TOYT,4S,39.12549845,-77.18535085,2023,10,9
230060246,Property Damage Crash,10/13/2023 09:10:00 AM,GEORGIA AVE,NA,SAME DIRECTION SIDESWIPE,Clear,DRY,Daylight,TRAFFIC SIGNAL,NONE DETECTED,Yes,No Apparent Injury,N/A,NOT DISTRACTED,DC,PASSENGER CAR,MOVING CONSTANT SPEED,35,No,2013,TOYOTA,PRIUS HB,39.04764667,-77.05217167,2023,10,9
230060246,Property Damage Crash,10/13/2023 09:10:00 AM,GEORGIA AVE,NA,SAME DIRECTION SIDESWIPE,Clear,DRY,Daylight,TRAFFIC SIGNAL,NONE DETECTED,No,No Apparent Injury,N/A,NOT DISTRACTED,MD,SCHOOL BUS,MOVING CONSTANT SPEED,35,No,2015,THOM,BU,39.04764667,-77.05217167,2023,10,9
230060465,Property Damage Crash,10/13/2023 07:19:00 AM,ARBUTUS AVE,NA,SAME DIRECTION SIDESWIPE,Cloudy,DRY,Daylight,NO CONTROLS,NONE DETECTED,Yes,No Apparent Injury,N/A,UNKNOWN,NA,SCHOOL BUS,MOVING CONSTANT SPEED,25,No,2019,SCHOOL,BUS,39.070001,-77.097352,2023,10,7
230060222,Injury Crash,10/13/2023 07:15:00 AM,RANDOLPH RD,NA,SAME DIRECTION SIDESWIPE,Clear,DRY,Daylight,TRAFFIC SIGNAL,NONE DETECTED,No,Possible Minor Injury,N/A,NOT DISTRACTED,MD,PASSENGER CAR,MAKING LEFT TURN,35,No,2002,CHEV,VAN,39.06400796,-77.03934728,2023,10,7
230060222,Injury Crash,10/13/2023 07:15:00 AM,RANDOLPH RD,NA,SAME DIRECTION SIDESWIPE,Clear,DRY,Daylight,TRAFFIC SIGNAL,NONE DETECTED,Yes,No Apparent Injury,N/A,NOT DISTRACTED,MD,PASSENGER CAR,MOVING CONSTANT SPEED,35,No,2020,NISSAN,4S,39.06400796,-77.03934728,2023,10,7
230060207,Property Damage Crash,10/13/2023 02:12:00 AM,RIDGE RD,NA,SINGLE VEHICLE,Clear,DRY,Medium,NO CONTROLS,NONE DETECTED,Yes,No Apparent Injury,"ANIMAL, N/A",OTHER DISTRACTION,MD,PASSENGER CAR,MOVING CONSTANT SPEED,40,No,2024,VOLKSWAGON,TAOS,39.20324181,-77.25047333,2023,10,2
NA,Property Damage Crash,10/13/2023 12:30:00 AM,SLIGO CREEK PKWY,NA,SINGLE VEHICLE,Clear,DRY,Dark,STOP SIGN,NONE DETECTED,Yes,No Apparent Injury,N/A,UNKNOWN,NA,PASSENGER CAR,UNKNOWN,25,No,2019,TOYOTA,CAMRY,38.98102458,-76.99454864,2023,10,0
230060188,Property Damage Crash,10/12/2023 10:58:00 PM,FREDERICK RD,NA,STRAIGHT MOVEMENT ANGLE,Clear,DRY,Medium,TRAFFIC SIGNAL,NONE DETECTED,No,No Apparent Injury,N/A,NOT DISTRACTED,MD,PASSENGER CAR,MAKING LEFT TURN,40,No,2018,MAZDA,3,39.19246333,-77.24267833,2023,10,22
230060188,Property Damage Crash,10/12/2023 10:58:00 PM,FREDERICK RD,NA,STRAIGHT MOVEMENT ANGLE,Clear,DRY,Medium,TRAFFIC SIGNAL,NONE DETECTED,Yes,No Apparent Injury,N/A,UNKNOWN,MD,PASSENGER CAR,RIGHT TURN ON RED,40,No,2023,DODGE,CHARGER,39.19246333,-77.24267833,2023,10,22
230060175,Property Damage Crash,10/12/2023 09:07:00 PM,FAIRLAND RD,NA,STRAIGHT MOVEMENT ANGLE,Clear,DRY,Medium,TRAFFIC SIGNAL,NONE DETECTED,No,No Apparent Injury,N/A,NOT DISTRACTED,MD,SCHOOL BUS,MOVING CONSTANT SPEED,30,No,2022,THOMAS,SCHOOL BUS,39.0765335,-76.95777833,2023,10,21
230060175,Property Damage Crash,10/12/2023 09:07:00 PM,FAIRLAND RD,NA,STRAIGHT MOVEMENT ANGLE,Clear,DRY,Medium,TRAFFIC SIGNAL,NONE DETECTED,Yes,No Apparent Injury,N/A,LOOKED BUT DID NOT SEE,MD,PASSENGER CAR,MAKING LEFT TURN,30,No,2009,CHEV,IMPALA,39.0765335,-76.95777833,2023,10,21
230060167,Property Damage Crash,10/12/2023 08:30:00 PM,GERMANTOWN RD,NA,STRAIGHT MOVEMENT ANGLE,Clear,DRY,Medium,TRAFFIC SIGNAL,NONE DETECTED,No,No Apparent Injury,N/A,NOT DISTRACTED,MD,PASSENGER CAR,MOVING CONSTANT SPEED,40,No,2008,MERZ,4S,39.1768095,-77.270425,2023,10,20
230060167,Property Damage Crash,10/12/2023 08:30:00 PM,GERMANTOWN RD,NA,STRAIGHT MOVEMENT ANGLE,Clear,DRY,Medium,TRAFFIC SIGNAL,NONE DETECTED,Yes,No Apparent Injury,N/A,UNKNOWN,NA,NA,MAKING LEFT TURN,40,No,0,UNKNOWN,UNKNOWN,39.1768095,-77.270425,2023,10,20
230060900,Property Damage Crash,10/12/2023 08:00:00 PM,NA,NA,SINGLE VEHICLE,Clear,NA,Dark,NO CONTROLS,NONE DETECTED,Yes,No Apparent Injury,N/A,UNKNOWN,NA,NA,BACKING,5,No,0,UNKNOWN,UNKNOWN,39.14824939,-77.18862433,2023,10,20
230060179,Injury Crash,10/12/2023 07:25:00 PM,RANDOLPH RD,NA,SINGLE VEHICLE,Clear,DRY,Medium,NO CONTROLS,NONE DETECTED,Yes,Suspected Serious Injury,N/A,UNKNOWN,MD,MOTORCYCLE,MOVING CONSTANT SPEED,40,No,1997,SUZUKI,VS8000,39.06016333,-77.046325,2023,10,19
230060121,Injury Crash,10/12/2023 04:25:00 PM,COLUMBIA PIKE,NA,SAME DIR REAR END,Clear,DRY,Daylight,NO CONTROLS,NONE DETECTED,No,Possible Minor Injury,N/A,NOT DISTRACTED,MD,PASSENGER CAR,SLOWING OR STOPPING,55,No,2010,TOYT,CAMRY,39.129891,-76.9204345,2023,10,16
230060121,Injury Crash,10/12/2023 04:25:00 PM,COLUMBIA PIKE,NA,SAME DIR REAR END,Clear,DRY,Daylight,NO CONTROLS,NONE DETECTED,Yes,No Apparent Injury,N/A,NOT DISTRACTED,MD,PASSENGER CAR,SLOWING OR STOPPING,55,No,2015,HOND,ACCORD,39.129891,-76.9204345,2023,10,16
230060121,Injury Crash,10/12/2023 04:25:00 PM,COLUMBIA PIKE,NA,SAME DIR REAR END,Clear,DRY,Daylight,NO CONTROLS,NONE DETECTED,No,No Apparent Injury,N/A,NOT DISTRACTED,PA,VAN,SLOWING OR STOPPING,55,No,2017,CHEVROLET,EXPRESS,39.129891,-76.9204345,2023,10,16
230060125,Property Damage Crash,10/12/2023 04:24:00 PM,ROCKVILLE PIKE,NA,SAME DIR REAR END,Clear,DRY,Daylight,TRAFFIC SIGNAL,NONE DETECTED,Yes,No Apparent Injury,N/A,INATTENTIVE OR LOST IN THOUGHT,MD,(SPORT) UTILITY VEHICLE,MOVING CONSTANT SPEED,35,No,2015,VOLVO,XC60,39.01368667,-77.09903,2023,10,16
230060125,Property Damage Crash,10/12/2023 04:24:00 PM,ROCKVILLE PIKE,NA,SAME DIR REAR END,Clear,DRY,Daylight,TRAFFIC SIGNAL,NONE DETECTED,No,No Apparent Injury,N/A,NOT DISTRACTED,MD,(SPORT) UTILITY VEHICLE,STOPPED IN TRAFFIC LANE,35,No,2021,TESLA,MODEL Y,39.01368667,-77.09903,2023,10,16
230060118,Injury Crash,10/12/2023 04:18:00 PM,CEDAR LA,NA,STRAIGHT MOVEMENT ANGLE,Clear,DRY,Daylight,TRAFFIC SIGNAL,NONE DETECTED,No,No Apparent Injury,N/A,NOT DISTRACTED,MD,PASSENGER CAR,SLOWING OR STOPPING,35,No,2019,ACUR,MDX,39.007985,-77.094725,2023,10,16
230060118,Injury Crash,10/12/2023 04:18:00 PM,CEDAR LA,NA,STRAIGHT MOVEMENT ANGLE,Clear,DRY,Daylight,TRAFFIC SIGNAL,NONE DETECTED,Yes,No Apparent Injury,N/A,INATTENTIVE OR LOST IN THOUGHT,CO,PASSENGER CAR,ACCELERATING,35,No,2023,DODGE,CHARGER,39.007985,-77.094725,2023,10,16
230060115,Property Damage Crash,10/12/2023 03:58:00 PM,BOWIE MILL RD,NA,SAME DIR REAR END,Clear,DRY,Daylight,NO CONTROLS,NONE DETECTED,Yes,No Apparent Injury,N/A,OTHER DISTRACTION,MD,(SPORT) UTILITY VEHICLE,MOVING CONSTANT SPEED,30,No,2013,CHEVROLET,TRAVERSE,39.15829,-77.08612333,2023,10,15
230060115,Property Damage Crash,10/12/2023 03:58:00 PM,BOWIE MILL RD,NA,SAME DIR REAR END,Clear,DRY,Daylight,NO CONTROLS,NONE DETECTED,No,No Apparent Injury,N/A,NOT DISTRACTED,MD,PICKUP TRUCK,STOPPED IN TRAFFIC LANE,30,No,2019,TOYT,TACOMA,39.15829,-77.08612333,2023,10,15
230060115,Property Damage Crash,10/12/2023 03:58:00 PM,BOWIE MILL RD,NA,SAME DIR REAR END,Clear,DRY,Daylight,NO CONTROLS,NONE DETECTED,No,No Apparent Injury,N/A,NOT DISTRACTED,MD,(SPORT) UTILITY VEHICLE,STOPPED IN TRAFFIC LANE,30,No,2018,HONDA,PILOT,39.15829,-77.08612333,2023,10,15
230060111,Injury Crash,10/12/2023 03:46:00 PM,ELLSWORTH DR,BICYCLIST,OTHER,Clear,DRY,Daylight,NO CONTROLS,NONE DETECTED,Yes,No Apparent Injury,N/A,NOT DISTRACTED,MD,PASSENGER CAR,STARTING FROM PARKED,25,No,2014,TOYOTA,PRIUS,38.99732156,-77.02495353,2023,10,15
230060131,Property Damage Crash,10/12/2023 03:40:00 PM,DEMOCRACY BLVD,NA,SAME DIRECTION SIDESWIPE,Clear,DRY,Daylight,NO CONTROLS,NONE DETECTED,No,No Apparent Injury,N/A,NOT DISTRACTED,PA,(SPORT) UTILITY VEHICLE,MOVING CONSTANT SPEED,45,No,2014,JEEP,CHEROKEE,39.02324483,-77.161178,2023,10,15
230060131,Property Damage Crash,10/12/2023 03:40:00 PM,DEMOCRACY BLVD,NA,SAME DIRECTION SIDESWIPE,Clear,DRY,Daylight,NO CONTROLS,NONE DETECTED,Yes,No Apparent Injury,N/A,LOOKED BUT DID NOT SEE,MD,(SPORT) UTILITY VEHICLE,CHANGING LANES,45,No,2014,LANDROVER,RANGE ROVER,39.02324483,-77.161178,2023,10,15
230060098,Property Damage Crash,10/12/2023 03:05:00 PM,GEORGIA AVE,NA,SAME DIRECTION SIDESWIPE,Clear,DRY,Daylight,NO CONTROLS,NONE DETECTED,Yes,No Apparent Injury,N/A,UNKNOWN,NC,"CARGO VAN/LIGHT TRUCK 2 AXLES (OVER 10,000LBS (4,536 KG))",MOVING CONSTANT SPEED,25,No,2013,FORD,F750,39.04019483,-77.05137783,2023,10,15
230060098,Property Damage Crash,10/12/2023 03:05:00 PM,GEORGIA AVE,NA,SAME DIRECTION SIDESWIPE,Clear,DRY,Daylight,NO CONTROLS,NONE DETECTED,No,No Apparent Injury,N/A,NOT DISTRACTED,MD,PASSENGER CAR,MOVING CONSTANT SPEED,25,No,2006,MAZDA,3,39.04019483,-77.05137783,2023,10,15
230060087,Property Damage Crash,10/12/2023 02:27:00 PM,TECH RD,NA,SAME DIRECTION SIDESWIPE,Clear,DRY,Daylight,NO CONTROLS,NONE DETECTED,Yes,No Apparent Injury,N/A,UNKNOWN,NA,UNKNOWN,PASSING,30,No,0,UNKNOWN,UNKNOWN,39.05677683,-76.96735483,2023,10,14
230060087,Property Damage Crash,10/12/2023 02:27:00 PM,TECH RD,NA,SAME DIRECTION SIDESWIPE,Clear,DRY,Daylight,NO CONTROLS,NONE DETECTED,No,No Apparent Injury,N/A,NOT DISTRACTED,MD,SCHOOL BUS,STOPPED IN TRAFFIC LANE,30,No,2018,FRHT,BUS,39.05677683,-76.96735483,2023,10,14
230060079,Property Damage Crash,10/12/2023 02:15:00 PM,RANDOLPH RD,NA,SAME DIRECTION SIDESWIPE,Clear,DRY,Daylight,TRAFFIC SIGNAL,NONE DETECTED,No,No Apparent Injury,N/A,NOT DISTRACTED,MD,SCHOOL BUS,MOVING CONSTANT SPEED,35,No,2021,THMS,SB,39.05937117,-77.06151483,2023,10,14
230060079,Property Damage Crash,10/12/2023 02:15:00 PM,RANDOLPH RD,NA,SAME DIRECTION SIDESWIPE,Clear,DRY,Daylight,TRAFFIC SIGNAL,NONE DETECTED,Yes,No Apparent Injury,N/A,UNKNOWN,MD,PASSENGER CAR,MOVING CONSTANT SPEED,35,No,2019,SUBARU,WRX,39.05937117,-77.06151483,2023,10,14
230060071,Property Damage Crash,10/12/2023 01:28:00 PM,IVY LEAGUE LA,BICYCLIST,SINGLE VEHICLE,Clear,DRY,Daylight,STOP SIGN,NONE DETECTED,No,No Apparent Injury,N/A,NOT DISTRACTED,MD,PASSENGER CAR,STOPPED IN TRAFFIC LANE,25,No,2004,HOND,4S,39.09504651,-77.15341682,2023,10,13
230060070,Property Damage Crash,10/12/2023 01:08:00 PM,NORTHWEST DR,NA,SAME DIRECTION SIDESWIPE,Clear,DRY,Daylight,NO CONTROLS,NONE DETECTED,Yes,No Apparent Injury,N/A,NOT DISTRACTED,MD,SCHOOL BUS,MOVING CONSTANT SPEED,25,No,2014,THOMAS,BUS,39.03696767,-76.99735083,2023,10,13
230060062,Property Damage Crash,10/12/2023 12:11:00 PM,GEORGIA AVE,NA,ANGLE MEETS RIGHT TURN,Clear,DRY,Daylight,NO CONTROLS,NONE DETECTED,No,No Apparent Injury,N/A,NOT DISTRACTED,MD,PASSENGER CAR,MOVING CONSTANT SPEED,35,No,1997,TOYOTA,CAMRY,39.01015292,-77.04082348,2023,10,12
230060062,Property Damage Crash,10/12/2023 12:11:00 PM,GEORGIA AVE,NA,ANGLE MEETS RIGHT TURN,Clear,DRY,Daylight,NO CONTROLS,NONE DETECTED,Yes,No Apparent Injury,N/A,NOT DISTRACTED,MD,PASSENGER CAR,MAKING RIGHT TURN,35,No,2019,TOYOTA,CAMRY,39.01015292,-77.04082348,2023,10,12
230060051,Injury Crash,10/12/2023 11:37:00 AM,DEMOCRACY BLVD,NA,SAME DIR REAR END,Clear,DRY,Daylight,NO CONTROLS,NONE DETECTED,Yes,No Apparent Injury,N/A,NOT DISTRACTED,LA,PASSENGER CAR,MOVING CONSTANT SPEED,35,No,2021,TOYT,SD,39.02292017,-77.13270817,2023,10,11
230060051,Injury Crash,10/12/2023 11:37:00 AM,DEMOCRACY BLVD,NA,SAME DIR REAR END,Clear,DRY,Daylight,NO CONTROLS,NONE DETECTED,No,Possible Minor Injury,N/A,NOT DISTRACTED,MD,PASSENGER CAR,STOPPED IN TRAFFIC LANE,35,No,2017,JEEP,TK,39.02292017,-77.13270817,2023,10,11
230060020,Property Damage Crash,10/12/2023 09:00:00 AM,SPENCERVILLE RD,NA,SAME DIR REAR END,Clear,DRY,Daylight,NO CONTROLS,NONE DETECTED,Yes,No Apparent Injury,N/A,NOT DISTRACTED,MD,PICKUP TRUCK,MOVING CONSTANT SPEED,40,No,2003,FORD,F250,39.119845,-76.985145,2023,10,9
230060020,Property Damage Crash,10/12/2023 09:00:00 AM,SPENCERVILLE RD,NA,SAME DIR REAR END,Clear,DRY,Daylight,NO CONTROLS,NONE DETECTED,No,No Apparent Injury,N/A,NOT DISTRACTED,MD,PASSENGER CAR,STOPPED IN TRAFFIC LANE,40,No,2012,TOYOTA,CAMRY,39.119845,-76.985145,2023,10,9
230060020,Property Damage Crash,10/12/2023 09:00:00 AM,SPENCERVILLE RD,NA,SAME DIR REAR END,Clear,DRY,Daylight,NO CONTROLS,NONE DETECTED,No,No Apparent Injury,N/A,NOT DISTRACTED,XX,(SPORT) UTILITY VEHICLE,SLOWING OR STOPPING,40,No,2012,CHEV,UT,39.119845,-76.985145,2023,10,9
230060013,Injury Crash,10/12/2023 08:46:00 AM,NORBECK RD,NA,SAME DIR REAR END,Clear,DRY,Daylight,NO CONTROLS,NONE DETECTED,Yes,No Apparent Injury,N/A,NOT DISTRACTED,MD,PICKUP TRUCK,MOVING CONSTANT SPEED,40,No,2014,GMC,SIERRA,39.11463483,-77.05413,2023,10,8
230060013,Injury Crash,10/12/2023 08:46:00 AM,NORBECK RD,NA,SAME DIR REAR END,Clear,DRY,Daylight,NO CONTROLS,NONE DETECTED,No,Possible Minor Injury,N/A,NOT DISTRACTED,MD,PASSENGER CAR,ACCELERATING,40,No,2020,TOYOTA,COROLLA,39.11463483,-77.05413,2023,10,8
230060012,Property Damage Crash,10/12/2023 08:22:00 AM,SHADY GROVE RD,NA,SAME DIRECTION LEFT TURN,Clear,DRY,Daylight,NO CONTROLS,NONE DETECTED,No,No Apparent Injury,N/A,NOT DISTRACTED,MD,PASSENGER CAR,MOVING CONSTANT SPEED,45,No,2023,HONDA,PILOT,39.13077686,-77.16074163,2023,10,8
230060012,Property Damage Crash,10/12/2023 08:22:00 AM,SHADY GROVE RD,NA,SAME DIRECTION LEFT TURN,Clear,DRY,Daylight,NO CONTROLS,NONE DETECTED,Yes,No Apparent Injury,N/A,LOOKED BUT DID NOT SEE,DC,TRUCK TRACTOR,CHANGING LANES,45,No,2023,FREIGHTLINER,AA,39.13077686,-77.16074163,2023,10,8
23006007,Property Damage Crash,10/12/2023 08:15:00 AM,AZALEA DR,NA,SAME DIR REAR END,Clear,DRY,Daylight,NO CONTROLS,NONE DETECTED,Yes,No Apparent Injury,N/A,NOT DISTRACTED,MD,PASSENGER CAR,MOVING CONSTANT SPEED,25,No,2009,TOYT,SW,39.09724565,-77.17500936,2023,10,8
230060003,Injury Crash,10/12/2023 07:56:00 AM,GEORGIA AVE,NA,HEAD ON LEFT TURN,Clear,DRY,Daylight,STOP SIGN,NONE DETECTED,No,Possible Minor Injury,N/A,NOT DISTRACTED,MD,PASSENGER CAR,STOPPED IN TRAFFIC LANE,35,No,2017,BMW,4S,39.06679,-77.059595,2023,10,7
230060003,Injury Crash,10/12/2023 07:56:00 AM,GEORGIA AVE,NA,HEAD ON LEFT TURN,Clear,DRY,Daylight,STOP SIGN,NONE DETECTED,No,No Apparent Injury,N/A,NOT DISTRACTED,MD,PASSENGER CAR,MOVING CONSTANT SPEED,35,No,2016,KIA,VN,39.06679,-77.059595,2023,10,7
230060003,Injury Crash,10/12/2023 07:56:00 AM,GEORGIA AVE,NA,HEAD ON LEFT TURN,Clear,DRY,Daylight,STOP SIGN,NONE DETECTED,Yes,No Apparent Injury,N/A,LOOKED BUT DID NOT SEE,MD,PASSENGER CAR,MAKING LEFT TURN,35,No,2015,FORD,HB,39.06679,-77.059595,2023,10,7
230059998,Property Damage Crash,10/12/2023 07:00:00 AM,GEORGIA AVE,NA,STRAIGHT MOVEMENT ANGLE,Clear,DRY,Medium,TRAFFIC SIGNAL,NONE DETECTED,No,No Apparent Injury,N/A,NOT DISTRACTED,MD,PASSENGER CAR,MOVING CONSTANT SPEED,35,No,2013,NISS,SENTRA,39.09295667,-77.079815,2023,10,7
230059998,Property Damage Crash,10/12/2023 07:00:00 AM,GEORGIA AVE,NA,STRAIGHT MOVEMENT ANGLE,Clear,DRY,Medium,TRAFFIC SIGNAL,NONE DETECTED,Yes,No Apparent Injury,N/A,NOT DISTRACTED,MD,VAN,ACCELERATING,40,No,2022,CHRYSLER,VOYAGER,39.09295667,-77.079815,2023,10,7
230059996,Property Damage Crash,10/12/2023 05:46:00 AM,GEORGIA AVE,NA,SINGLE VEHICLE,Clear,DRY,Dark,NO CONTROLS,NONE DETECTED,Yes,No Apparent Injury,"ANIMAL, N/A",NOT DISTRACTED,MD,PASSENGER CAR,MOVING CONSTANT SPEED,40,No,2017,TOYOTA,CAMRY,39.227255,-77.05816167,2023,10,5
230059993,Injury Crash,10/12/2023 03:40:00 AM,COLESVILLE RD,NA,SINGLE VEHICLE,Clear,DRY,Medium,N/A,ALCOHOL PRESENT,Yes,Suspected Serious Injury,N/A,NOT DISTRACTED,MD,PASSENGER CAR,NEGOTIATING A CURVE,35,No,2022,CHEVY,CAMARO,39.00945337,-77.01772396,2023,10,3
230059990,Property Damage Crash,10/12/2023 01:50:00 AM,GEORGIA AVE,NA,SAME DIR REAR END,Clear,DRY,Medium,NO CONTROLS,NONE DETECTED,No,No Apparent Injury,N/A,NOT DISTRACTED,MD,PASSENGER CAR,MOVING CONSTANT SPEED,35,No,2016,HYUNDAI,ACCENT,39.0892125,-77.07991533,2023,10,1
230059990,Property Damage Crash,10/12/2023 01:50:00 AM,GEORGIA AVE,NA,SAME DIR REAR END,Clear,DRY,Medium,NO CONTROLS,NONE DETECTED,Yes,No Apparent Injury,N/A,UNKNOWN,MD,PASSENGER CAR,MOVING CONSTANT SPEED,35,No,2006,SUBARU,IMREZA,39.0892125,-77.07991533,2023,10,1