Local Case Number,ACRS Report Type,Crash Date/Time,Road Name,Related Non-Motorist,Collision Type,Weather,Surface Condition,Light,Traffic Control,Driver Substance Abuse,Driver At Fault,Injury Severity,Circumstance,Driver Distracted By,Drivers License State,Vehicle Body Type,Vehicle Movement,Speed Limit,Driverless Vehicle,Vehicle Year,Vehicle Make,Vehicle Model,Latitude,Longitude,Year,Month,Hour
230059988,Property Damage Crash,10/12/2023 12:57:00 AM,COLUMBIA PIKE,NA,STRAIGHT MOVEMENT ANGLE,Clear,DRY,Medium,FLASHING TRAFFIC SIGNAL,NONE DETECTED,No,No Apparent Injury,N/A,NOT DISTRACTED,MD,PASSENGER CAR,MOVING CONSTANT SPEED,50,No,2009,LEXUS,SD,39.06772117,-76.95913333,2023,10,0
230059988,Property Damage Crash,10/12/2023 12:57:00 AM,COLUMBIA PIKE,NA,STRAIGHT MOVEMENT ANGLE,Clear,DRY,Medium,FLASHING TRAFFIC SIGNAL,NONE DETECTED,Yes,No Apparent Injury,N/A,LOOKED BUT DID NOT SEE,MD,PASSENGER CAR,MOVING CONSTANT SPEED,50,No,2022,TOYT,COROLLA,39.06772117,-76.95913333,2023,10,0
230059983,Property Damage Crash,10/11/2023 10:55:00 PM,ODENDHAL AVE,NA,STRAIGHT MOVEMENT ANGLE,Clear,DRY,Medium,TRAFFIC SIGNAL,NONE DETECTED,No,No Apparent Injury,N/A,NOT DISTRACTED,MD,(SPORT) UTILITY VEHICLE,MOVING CONSTANT SPEED,35,No,2020,TOYOTA,RAV 4,39.15230817,-77.19836133,2023,10,22
230059983,Property Damage Crash,10/11/2023 10:55:00 PM,ODENDHAL AVE,NA,STRAIGHT MOVEMENT ANGLE,Clear,DRY,Medium,TRAFFIC SIGNAL,NONE DETECTED,Yes,No Apparent Injury,N/A,LOOKED BUT DID NOT SEE,MD,PASSENGER CAR,MOVING CONSTANT SPEED,35,No,2002,HONDA,CIVIC,39.15230817,-77.19836133,2023,10,22
230059978,Property Damage Crash,10/11/2023 10:00:00 PM,KEY WEST AVE,NA,SINGLE VEHICLE,Clear,DRY,Medium,N/A,NONE DETECTED,Yes,No Apparent Injury,N/A,UNKNOWN,MD,PASSENGER CAR,MOVING CONSTANT SPEED,35,No,2023,TOYOTA,COROLLA,39.10372898,-77.19094768,2023,10,22
230059954,Injury Crash,10/11/2023 07:48:00 PM,GEORGIA AVE,NA,STRAIGHT MOVEMENT ANGLE,Clear,DRY,Medium,TRAFFIC SIGNAL,NONE DETECTED,No,No Apparent Injury,N/A,NOT DISTRACTED,MD,PASSENGER CAR,MOVING CONSTANT SPEED,25,No,2017,HONDA,CIVIC,39.04310357,-77.05212062,2023,10,19
230059954,Injury Crash,10/11/2023 07:48:00 PM,GEORGIA AVE,NA,STRAIGHT MOVEMENT ANGLE,Clear,DRY,Medium,TRAFFIC SIGNAL,NONE DETECTED,Yes,Possible Minor Injury,N/A,NOT DISTRACTED,MD,PASSENGER CAR,MAKING LEFT TURN,25,No,2017,FORD,EXPLORER,39.04310357,-77.05212062,2023,10,19
230059948,Injury Crash,10/11/2023 07:15:00 PM,NEW HAMPSHIRE AVE,NA,SAME DIR REAR END,Clear,DRY,Medium,TRAFFIC SIGNAL,NONE DETECTED,No,No Apparent Injury,N/A,NOT DISTRACTED,MD,PASSENGER CAR,SLOWING OR STOPPING,40,No,2022,HONDA,HRV,39.03944167,-76.99014333,2023,10,19
230059948,Injury Crash,10/11/2023 07:15:00 PM,NEW HAMPSHIRE AVE,NA,SAME DIR REAR END,Clear,DRY,Medium,TRAFFIC SIGNAL,ALCOHOL PRESENT,Yes,No Apparent Injury,N/A,UNKNOWN,MD,(SPORT) UTILITY VEHICLE,MOVING CONSTANT SPEED,40,No,2015,HONDA,CRV,39.03944167,-76.99014333,2023,10,19
230059948,Injury Crash,10/11/2023 07:15:00 PM,NEW HAMPSHIRE AVE,NA,SAME DIR REAR END,Clear,DRY,Medium,TRAFFIC SIGNAL,NONE DETECTED,No,Possible Minor Injury,N/A,NOT DISTRACTED,MD,PASSENGER CAR,SLOWING OR STOPPING,40,No,2009,HONDA,CIVIC,39.03944167,-76.99014333,2023,10,19
230059922,Injury Crash,10/11/2023 05:21:00 PM,BLACKWELL RD,BICYCLIST,OTHER,Clear,DRY,Daylight,TRAFFIC SIGNAL,NONE DETECTED,Yes,No Apparent Injury,N/A,OTHER DISTRACTION,MD,PASSENGER CAR,RIGHT TURN ON RED,25,No,2018,NISSAN,ROGUE,39.1009517,-77.1915665,2023,10,17
230059912,Injury Crash,10/11/2023 04:31:00 PM,LOCKWOOD DR,NA,OTHER,Cloudy,DRY,Daylight,NO CONTROLS,NONE DETECTED,Yes,No Apparent Injury,N/A,NOT DISTRACTED,MD,SCHOOL BUS,MAKING LEFT TURN,25,No,2024,THMS,SCHOOL BUS,39.041318,-76.98480083,2023,10,16
230059912,Injury Crash,10/11/2023 04:31:00 PM,LOCKWOOD DR,NA,OTHER,Cloudy,DRY,Daylight,NO CONTROLS,NONE DETECTED,No,Possible Minor Injury,N/A,NOT DISTRACTED,MD,PASSENGER CAR,STOPPED IN TRAFFIC LANE,25,No,2015,TOYOTA,COROLLA,39.041318,-76.98480083,2023,10,16
230059901,Property Damage Crash,10/11/2023 04:00:00 PM,GOLD MINE RD,NA,SINGLE VEHICLE,Clear,DRY,Daylight,NO CONTROLS,NONE DETECTED,Yes,No Apparent Injury,N/A,LOOKED BUT DID NOT SEE,MD,SCHOOL BUS,SLOWING OR STOPPING,25,No,2021,THOMAS,SB,39.17459667,-77.03383667,2023,10,16
230059899,Injury Crash,10/11/2023 03:48:00 PM,NA,NA,SAME DIRECTION SIDESWIPE,Clear,NA,Daylight,NO CONTROLS,ALCOHOL PRESENT,Yes,Possible Minor Injury,N/A,NOT DISTRACTED,MD,(SPORT) UTILITY VEHICLE,MOVING CONSTANT SPEED,10,No,2018,JEEP,SUV,39.17844,-77.23934167,2023,10,15
230059892,Injury Crash,10/11/2023 03:29:00 PM,GERMANTOWN RD,NA,SAME DIR REAR END,Clear,DRY,Daylight,TRAFFIC SIGNAL,NONE DETECTED,No,Possible Minor Injury,N/A,NOT DISTRACTED,MD,MOTORCYCLE,STOPPED IN TRAFFIC LANE,45,No,2020,HARLEY DAVIDSON,FLHTK,39.18340617,-77.256934330000007,2023,10,15
230059892,Injury Crash,10/11/2023 03:29:00 PM,GERMANTOWN RD,NA,SAME DIR REAR END,Clear,DRY,Daylight,TRAFFIC SIGNAL,NONE DETECTED,Yes,No Apparent Injury,N/A,NOT DISTRACTED,MD,PASSENGER CAR,SLOWING OR STOPPING,45,No,2004,TOYOTA,CAMRY,39.18340617,-77.256934330000007,2023,10,15
230062693,Property Damage Crash,10/11/2023 02:54:00 PM,NA,NA,UNKNOWN,Clear,NA,Daylight,NO CONTROLS,NONE DETECTED,Yes,No Apparent Injury,N/A,UNKNOWN,NA,NA,BACKING,0,No,0,UNKNOWN,UNKNOWN,39.12753051,-77.2055495,2023,10,14
230059911,Property Damage Crash,10/11/2023 02:20:00 PM,N HORNERS LA,NA,SINGLE VEHICLE,Clear,DRY,Daylight,STOP SIGN,NONE DETECTED,Yes,No Apparent Injury,N/A,LOOKED BUT DID NOT SEE,MD,SCHOOL BUS,BACKING,25,No,2016,THOM,BU,39.09985149,-77.14763046,2023,10,14
230059877,Injury Crash,10/11/2023 02:10:00 PM,SHADY GROVE RD,NA,OPPOSITE DIRECTION SIDESWIPE,Clear,DRY,Daylight,TRAFFIC SIGNAL,NONE DETECTED,No,Possible Minor Injury,N/A,NOT DISTRACTED,MD,PASSENGER CAR,ACCELERATING,35,No,2009,TOYOTA,COROLLA,39.114455,-77.18580167,2023,10,14
230059877,Injury Crash,10/11/2023 02:10:00 PM,SHADY GROVE RD,NA,OPPOSITE DIRECTION SIDESWIPE,Clear,DRY,Daylight,TRAFFIC SIGNAL,NONE DETECTED,Yes,No Apparent Injury,N/A,UNKNOWN,MD,PASSENGER CAR,MOVING CONSTANT SPEED,40,No,2021,TOYOTA,COROLLA,39.114455,-77.18580167,2023,10,14
230059865,Property Damage Crash,10/11/2023 01:35:00 PM,UNIVERSITY BLVD E,NA,SAME DIR REAR END,Clear,DRY,Daylight,TRAFFIC SIGNAL,NONE DETECTED,Yes,No Apparent Injury,N/A,NOT DISTRACTED,MD,PASSENGER CAR,STARTING FROM LANE,35,No,2017,HONDA,ACCORD,39.02008883,-77.01374767,2023,10,13
230059865,Property Damage Crash,10/11/2023 01:35:00 PM,UNIVERSITY BLVD E,NA,SAME DIR REAR END,Clear,DRY,Daylight,TRAFFIC SIGNAL,NONE DETECTED,No,No Apparent Injury,N/A,NOT DISTRACTED,MD,PASSENGER CAR,STARTING FROM LANE,35,No,2006,TOYOTA,CAMRY,39.02008883,-77.01374767,2023,10,13
230059864,Property Damage Crash,10/11/2023 01:25:00 PM,GEORGIA AVE,NA,SAME DIR BOTH LEFT TURN,Clear,DRY,Daylight,TRAFFIC SIGNAL,NONE DETECTED,Unknown,No Apparent Injury,N/A,LOOKED BUT DID NOT SEE,MD,TRANSIT BUS,ACCELERATING,10,No,2016,GILL,BUS,39.009895,-77.040485,2023,10,13
230059864,Property Damage Crash,10/11/2023 01:25:00 PM,GEORGIA AVE,NA,SAME DIR BOTH LEFT TURN,Clear,DRY,Daylight,TRAFFIC SIGNAL,NONE DETECTED,Unknown,No Apparent Injury,N/A,LOOKED BUT DID NOT SEE,MD,PASSENGER CAR,ACCELERATING,15,No,2019,TOYT,COROLLA,39.009895,-77.040485,2023,10,13
230059860,Injury Crash,10/11/2023 01:10:00 PM,ONEILL DR,OTHER CONVEYANCE,OTHER,Clear,DRY,Daylight,NO CONTROLS,NONE DETECTED,Yes,No Apparent Injury,N/A,LOOKED BUT DID NOT SEE,MD,VAN,MAKING RIGHT TURN,40,No,2015,TOYOTA,SIENNA,39.13075,-77.19038,2023,10,13
230059858,Property Damage Crash,10/11/2023 01:00:00 PM,VEIRS MILL RD,NA,SAME DIRECTION RIGHT TURN,Clear,DRY,Daylight,STOP SIGN,NONE DETECTED,Yes,No Apparent Injury,N/A,NOT DISTRACTED,MD,PASSENGER CAR,MAKING RIGHT TURN,35,No,1998,TOYOTA,CAMRY,39.04992667,-77.07135333,2023,10,13
230059909,Property Damage Crash,10/11/2023 01:00:00 PM,NA,NA,OTHER,Clear,NA,Daylight,N/A,NONE DETECTED,Yes,No Apparent Injury,N/A,UNKNOWN,MD,PASSENGER CAR,PARKING,5,No,2011,TOYT,4 RUNNER,39.156031,-77.222629,2023,10,13
230059858,Property Damage Crash,10/11/2023 01:00:00 PM,VEIRS MILL RD,NA,SAME DIRECTION RIGHT TURN,Clear,DRY,Daylight,STOP SIGN,NONE DETECTED,No,No Apparent Injury,N/A,NOT DISTRACTED,MD,TRANSIT BUS,ACCELERATING,35,No,2020,GILLIG,BUS,39.04992667,-77.07135333,2023,10,13
230059855,Property Damage Crash,10/11/2023 12:48:00 PM,NORBECK RD,NA,HEAD ON LEFT TURN,Clear,DRY,Daylight,TRAFFIC SIGNAL,NONE DETECTED,Yes,No Apparent Injury,N/A,NOT DISTRACTED,MD,PASSENGER CAR,MAKING LEFT TURN,40,No,2018,DODGE,CARAVAN,39.09488167,-77.11237667,2023,10,12
230059855,Property Damage Crash,10/11/2023 12:48:00 PM,NORBECK RD,NA,HEAD ON LEFT TURN,Clear,DRY,Daylight,TRAFFIC SIGNAL,NONE DETECTED,No,No Apparent Injury,N/A,NOT DISTRACTED,MD,PASSENGER CAR,MOVING CONSTANT SPEED,40,No,2007,TOYOTA,CAMRY,39.09488167,-77.11237667,2023,10,12
230059851,Injury Crash,10/11/2023 12:38:00 PM,NORBECK RD,NA,STRAIGHT MOVEMENT ANGLE,Clear,DRY,Daylight,NO CONTROLS,NONE DETECTED,No,No Apparent Injury,N/A,NOT DISTRACTED,XX,PASSENGER CAR,MOVING CONSTANT SPEED,35,No,2020,HOND,PV,39.1063335,-77.08442017,2023,10,12
230059851,Injury Crash,10/11/2023 12:38:00 PM,NORBECK RD,NA,STRAIGHT MOVEMENT ANGLE,Clear,DRY,Daylight,NO CONTROLS,NONE DETECTED,Yes,Possible Minor Injury,N/A,LOOKED BUT DID NOT SEE,MD,PASSENGER CAR,ACCELERATING,35,No,2023,SUBA,UT,39.1063335,-77.08442017,2023,10,12
230059846,Property Damage Crash,10/11/2023 12:15:00 PM,SEVEN LOCKS RD,NA,SINGLE VEHICLE,Clear,DRY,Daylight,NO CONTROLS,NONE DETECTED,Yes,No Apparent Injury,N/A,UNKNOWN,DC,PASSENGER CAR,MOVING CONSTANT SPEED,35,No,2019,MINI,COOPER,39.01537,-77.16050667,2023,10,12
230059842,Property Damage Crash,10/11/2023 12:06:00 PM,RIDGE RD,NA,SAME DIR REAR END,Clear,DRY,Daylight,OTHER,NONE DETECTED,No,No Apparent Injury,N/A,NOT DISTRACTED,MD,PASSENGER CAR,STOPPED IN TRAFFIC LANE,45,No,2009,TOYT,YARIS 4S,39.20214167,-77.253205,2023,10,12
230059842,Property Damage Crash,10/11/2023 12:06:00 PM,RIDGE RD,NA,SAME DIR REAR END,Clear,DRY,Daylight,OTHER,NONE DETECTED,Yes,No Apparent Injury,N/A,NOT DISTRACTED,NV,VAN,SLOWING OR STOPPING,45,No,2019,CHEVROLET,EXPRESS VN,39.20214167,-77.253205,2023,10,12
230059841,Property Damage Crash,10/11/2023 12:00:00 PM,GEORGIA AVE,NA,HEAD ON LEFT TURN,Clear,DRY,Daylight,TRAFFIC SIGNAL,NONE DETECTED,Unknown,No Apparent Injury,N/A,NOT DISTRACTED,MD,PASSENGER CAR,MAKING LEFT TURN,35,No,2015,TOYOTA,RAV4,39.05309733,-77.050757,2023,10,12
230059841,Property Damage Crash,10/11/2023 12:00:00 PM,GEORGIA AVE,NA,HEAD ON LEFT TURN,Clear,DRY,Daylight,TRAFFIC SIGNAL,NONE DETECTED,Unknown,No Apparent Injury,N/A,LOOKED BUT DID NOT SEE,MD,PASSENGER CAR,MOVING CONSTANT SPEED,35,No,2011,NISSAN,ROGUE,39.05309733,-77.050757,2023,10,12
230059848,Property Damage Crash,10/11/2023 11:40:00 AM,ROCKVILLE PIKE,NA,SINGLE VEHICLE,Clear,DRY,Daylight,NO CONTROLS,NONE DETECTED,Yes,No Apparent Injury,N/A,OTHER DISTRACTION,DC,PASSENGER CAR,MAKING RIGHT TURN,35,No,2019,TOYOTA,CAMRY,39.07020067,-77.13370867,2023,10,11
230059642,Property Damage Crash,10/11/2023 11:02:00 AM,NA,NA,STRAIGHT MOVEMENT ANGLE,Clear,NA,Daylight,NO CONTROLS,NONE DETECTED,Yes,No Apparent Injury,N/A,UNKNOWN,MD,PASSENGER CAR,STARTING FROM PARKED,15,No,2018,CHEV,SD,39.12005403,-77.20479192,2023,10,11
230059642,Property Damage Crash,10/11/2023 11:02:00 AM,NA,NA,STRAIGHT MOVEMENT ANGLE,Clear,NA,Daylight,NO CONTROLS,NONE DETECTED,No,No Apparent Injury,N/A,NOT DISTRACTED,MD,PASSENGER CAR,MOVING CONSTANT SPEED,15,No,2018,TOYT,RAV4,39.12005403,-77.20479192,2023,10,11
230059814,Property Damage Crash,10/11/2023 09:38:00 AM,MARYLAND AVE,NA,SINGLE VEHICLE,Clear,DRY,Daylight,TRAFFIC SIGNAL,NONE DETECTED,Yes,No Apparent Injury,N/A,NOT DISTRACTED,SC,TRUCK TRACTOR,MAKING RIGHT TURN,25,No,2006,PETERBUILT,SEMI,39.08268459,-77.15113887,2023,10,9
230059804,Property Damage Crash,10/11/2023 08:29:00 AM,NA,NA,OTHER,Clear,NA,Daylight,NO CONTROLS,NONE DETECTED,Yes,No Apparent Injury,N/A,NOT DISTRACTED,MD,PASSENGER CAR,BACKING,15,No,2004,TOYT,TK,39.12450217,-77.20809145,2023,10,8
230059804,Property Damage Crash,10/11/2023 08:29:00 AM,NA,NA,OTHER,Clear,NA,Daylight,NO CONTROLS,NONE DETECTED,No,No Apparent Injury,N/A,NOT DISTRACTED,MD,SCHOOL BUS,STOPPED IN TRAFFIC LANE,15,No,2022,FRHT,BU,39.12450217,-77.20809145,2023,10,8
230059806,Property Damage Crash,10/11/2023 08:28:00 AM,BOWIE MILL RD,NA,STRAIGHT MOVEMENT ANGLE,Clear,DRY,Daylight,TRAFFIC SIGNAL,NONE DETECTED,No,No Apparent Injury,N/A,NOT DISTRACTED,MD,PICKUP TRUCK,MOVING CONSTANT SPEED,30,No,2016,RAM,TK,39.15468333,-77.09504333,2023,10,8
230059806,Property Damage Crash,10/11/2023 08:28:00 AM,BOWIE MILL RD,NA,STRAIGHT MOVEMENT ANGLE,Clear,DRY,Daylight,TRAFFIC SIGNAL,NONE DETECTED,Yes,No Apparent Injury,N/A,NOT DISTRACTED,MD,PASSENGER CAR,MAKING LEFT TURN,30,No,2015,KIA,OPTIMA,39.15468333,-77.09504333,2023,10,8
230059800,Injury Crash,10/11/2023 08:17:00 AM,SOMERVILLE DR,PEDESTRIAN,OTHER,Clear,DRY,Daylight,TRAFFIC SIGNAL,NONE DETECTED,Yes,No Apparent Injury,"N/A, VISION OBSTRUCTION (INCL. BLINDED BY SUN)",LOOKED BUT DID NOT SEE,MD,TRANSIT BUS,MAKING LEFT TURN,25,No,2013,TBU,BUS,39.11719093,-77.16484325,2023,10,8
230059796,Injury Crash,10/11/2023 07:00:00 AM,MONTGOMERY VILLAGE AVE,NA,HEAD ON LEFT TURN,Clear,DRY,Medium,TRAFFIC SIGNAL,NONE DETECTED,Yes,No Apparent Injury,N/A,UNKNOWN,MD,PASSENGER CAR,MAKING LEFT TURN,35,No,2007,FORD,ESCAPE,39.15450353,-77.20944353,2023,10,7
230059796,Injury Crash,10/11/2023 07:00:00 AM,MONTGOMERY VILLAGE AVE,NA,HEAD ON LEFT TURN,Clear,DRY,Medium,TRAFFIC SIGNAL,NONE DETECTED,Yes,Possible Minor Injury,N/A,UNKNOWN,MD,PASSENGER CAR,MOVING CONSTANT SPEED,35,No,2015,NISSAN,VERSA,39.15450353,-77.20944353,2023,10,7
230059795,Property Damage Crash,10/11/2023 06:35:00 AM,QUEEN ELIZABETH DR,NA,OTHER,Clear,DRY,Dark,NO CONTROLS,NONE DETECTED,Yes,No Apparent Injury,N/A,UNKNOWN,NA,NA,MOVING CONSTANT SPEED,25,No,0,UNKNOWN,UNKNOWN,39.16164,-77.07217667,2023,10,6
230059782,Injury Crash,10/11/2023 01:13:00 AM,GEORGIA AVE,NA,OTHER,Clear,N/A,Medium,N/A,NONE DETECTED,Yes,Possible Minor Injury,N/A,NOT DISTRACTED,NC,PASSENGER CAR,MAKING U TURN,30,No,2016,NISSAN,MAXIMA,39.013425,-77.00425333,2023,10,1
230059782,Injury Crash,10/11/2023 01:13:00 AM,GEORGIA AVE,NA,OTHER,Clear,N/A,Medium,N/A,NONE DETECTED,No,Possible Minor Injury,N/A,NOT DISTRACTED,MD,PASSENGER CAR,MOVING CONSTANT SPEED,30,No,2012,INFI,G37,39.013425,-77.00425333,2023,10,1
230059777,Property Damage Crash,10/10/2023 11:39:00 PM,CONNECTICUT AVE,NA,OTHER,Clear,DRY,Medium,TRAFFIC SIGNAL,NONE DETECTED,Yes,No Apparent Injury,N/A,UNKNOWN,MD,PASSENGER CAR,MOVING CONSTANT SPEED,35,No,2021,DODGE,CHARGER,39.06327261,-77.07341306,2023,10,23
230059777,Property Damage Crash,10/10/2023 11:39:00 PM,CONNECTICUT AVE,NA,OTHER,Clear,DRY,Medium,TRAFFIC SIGNAL,NONE DETECTED,Yes,No Apparent Injury,N/A,LOOKED BUT DID NOT SEE,MD,PASSENGER CAR,MAKING LEFT TURN,35,No,2022,KIA,UT,39.06327261,-77.07341306,2023,10,23
230059775,Injury Crash,10/10/2023 10:50:00 PM,NA,NA,HEAD ON LEFT TURN,Clear,NA,Medium,N/A,NONE DETECTED,No,Possible Minor Injury,N/A,LOOKED BUT DID NOT SEE,MD,PASSENGER CAR,PARKING,5,No,2019,HONDA,TK,38.99838761,-77.05938936,2023,10,22
230059775,Injury Crash,10/10/2023 10:50:00 PM,NA,NA,HEAD ON LEFT TURN,Clear,NA,Medium,N/A,NONE DETECTED,Yes,No Apparent Injury,N/A,DISTRACTED BY OUTSIDE PERSON OBJECT OR EVENT,MD,TRANSIT BUS,MAKING LEFT TURN,5,No,2011,GILL,BUS,38.99838761,-77.05938936,2023,10,22
230059763,Injury Crash,10/10/2023 09:17:00 PM,GERMANTOWN RD,NA,SAME DIRECTION SIDESWIPE,Clear,DRY,Medium,NO CONTROLS,NONE DETECTED,No,Possible Minor Injury,N/A,NOT DISTRACTED,MD,PASSENGER CAR,MOVING CONSTANT SPEED,40,No,2018,TOYOTA,CHR,39.18264017,-77.25924133,2023,10,21
230059763,Injury Crash,10/10/2023 09:17:00 PM,GERMANTOWN RD,NA,SAME DIRECTION SIDESWIPE,Clear,DRY,Medium,NO CONTROLS,NONE DETECTED,Yes,No Apparent Injury,N/A,UNKNOWN,NA,NA,CHANGING LANES,40,No,0,UNKNOWN,UNKNOWN,39.18264017,-77.25924133,2023,10,21
230059755,Property Damage Crash,10/10/2023 09:07:00 PM,BONIFANT RD,NA,SAME DIR REAR END,Clear,DRY,Medium,NO CONTROLS,NONE DETECTED,Yes,No Apparent Injury,N/A,NOT DISTRACTED,MD,PASSENGER CAR,SLOWING OR STOPPING,30,No,2014,TOYT,COROLLA,39.09223517,-77.04130733,2023,10,21
230059755,Property Damage Crash,10/10/2023 09:07:00 PM,BONIFANT RD,NA,SAME DIR REAR END,Clear,DRY,Medium,NO CONTROLS,NONE DETECTED,No,No Apparent Injury,N/A,NOT DISTRACTED,DC,PASSENGER CAR,SLOWING OR STOPPING,30,No,2009,TOYT,COROLLA,39.09223517,-77.04130733,2023,10,21
230059753,Property Damage Crash,10/10/2023 08:59:00 PM,BRUNETT AVE,NA,HEAD ON,Clear,DRY,Medium,NO CONTROLS,NONE DETECTED,Yes,No Apparent Injury,N/A,LOOKED BUT DID NOT SEE,MD,PASSENGER CAR,MOVING CONSTANT SPEED,15,No,2016,HOND,HB,39.011715,-77.02158333,2023,10,20
230059968,Property Damage Crash,10/10/2023 07:52:00 PM,COLUMBIA PIKE,NA,SAME DIRECTION SIDESWIPE,Clear,DRY,Medium,NO CONTROLS,NONE DETECTED,No,No Apparent Injury,N/A,NOT DISTRACTED,NA,PASSENGER CAR,MOVING CONSTANT SPEED,45,No,2024,JEEP,WRANGLER,39.09502896,-76.93835486,2023,10,19
230059968,Property Damage Crash,10/10/2023 07:52:00 PM,COLUMBIA PIKE,NA,SAME DIRECTION SIDESWIPE,Clear,DRY,Medium,NO CONTROLS,NONE DETECTED,Yes,No Apparent Injury,N/A,UNKNOWN,DE,PASSENGER CAR,MOVING CONSTANT SPEED,45,No,2019,KIA,FORTE,39.09502896,-76.93835486,2023,10,19
230059732,Property Damage Crash,10/10/2023 07:26:00 PM,NEW HAMPSHIRE AVE,NA,SAME DIRECTION SIDESWIPE,Clear,DRY,Medium,NO CONTROLS,NONE DETECTED,No,No Apparent Injury,N/A,NOT DISTRACTED,MD,TRANSIT BUS,MOVING CONSTANT SPEED,40,No,2014,NABI,TBU,39.03582133,-76.98865676,2023,10,19
230059732,Property Damage Crash,10/10/2023 07:26:00 PM,NEW HAMPSHIRE AVE,NA,SAME DIRECTION SIDESWIPE,Clear,DRY,Medium,NO CONTROLS,NONE DETECTED,Yes,No Apparent Injury,N/A,UNKNOWN,NA,NA,MOVING CONSTANT SPEED,40,No,0,UNKNOWN,UNKNOWN,39.03582133,-76.98865676,2023,10,19
230059730,Injury Crash,10/10/2023 07:15:00 PM,GEORGIA AVE,OTHER PEDALCYCLIST,OTHER,Clear,DRY,Medium,TRAFFIC SIGNAL,NONE DETECTED,Unknown,No Apparent Injury,N/A,LOOKED BUT DID NOT SEE,MD,PASSENGER CAR,ACCELERATING,25,No,2012,NISSAN,VERSA,38.99628167,-77.02824333,2023,10,19
230059733,Property Damage Crash,10/10/2023 07:07:00 PM,NA,NA,SAME DIR REAR END,Clear,NA,Medium,STOP SIGN,NONE DETECTED,Yes,No Apparent Injury,N/A,BY OTHER OCCUPANTS,MD,"OTHER LIGHT TRUCKS (10,000LBS (4,536KG) OR LESS)",ACCELERATING,10,No,2020,HINO,195,39.0101515,-77.04161033,2023,10,19
230059733,Property Damage Crash,10/10/2023 07:07:00 PM,NA,NA,SAME DIR REAR END,Clear,NA,Medium,STOP SIGN,NONE DETECTED,No,No Apparent Injury,N/A,NOT DISTRACTED,MD,PASSENGER CAR,STOPPED IN TRAFFIC LANE,10,No,2004,TOYOTA,4S,39.0101515,-77.04161033,2023,10,19
230059733,Property Damage Crash,10/10/2023 07:07:00 PM,NA,NA,SAME DIR REAR END,Clear,NA,Medium,STOP SIGN,NONE DETECTED,No,No Apparent Injury,N/A,NOT DISTRACTED,OH,PASSENGER CAR,STOPPED IN TRAFFIC LANE,10,No,2021,TOYOTA,4S,39.0101515,-77.04161033,2023,10,19
230059733,Property Damage Crash,10/10/2023 07:07:00 PM,NA,NA,SAME DIR REAR END,Clear,NA,Medium,STOP SIGN,NONE DETECTED,No,No Apparent Injury,N/A,NOT DISTRACTED,XX,PASSENGER CAR,STOPPED IN TRAFFIC LANE,10,No,2005,HONDA,SD,39.0101515,-77.04161033,2023,10,19
230059721,Property Damage Crash,10/10/2023 06:35:00 PM,GEORGIA AVE,NA,STRAIGHT MOVEMENT ANGLE,Clear,DRY,Medium,TRAFFIC SIGNAL,NONE DETECTED,Unknown,No Apparent Injury,N/A,NOT DISTRACTED,MD,PASSENGER CAR,MAKING LEFT TURN,30,No,2019,LEXUS,SU,39.00962,-77.04059833,2023,10,18
230059721,Property Damage Crash,10/10/2023 06:35:00 PM,GEORGIA AVE,NA,STRAIGHT MOVEMENT ANGLE,Clear,DRY,Medium,TRAFFIC SIGNAL,NONE DETECTED,Unknown,No Apparent Injury,N/A,NOT DISTRACTED,MD,PASSENGER CAR,STARTING FROM LANE,30,No,2023,TESLA,SU,39.00962,-77.04059833,2023,10,18
230059719,Injury Crash,10/10/2023 06:00:00 PM,WOODFIELD RD,NA,SAME DIR REAR END,Clear,DRY,Daylight,NO CONTROLS,NONE DETECTED,No,Possible Minor Injury,N/A,NOT DISTRACTED,MD,PASSENGER CAR,STOPPED IN TRAFFIC LANE,45,No,2005,TOYOTA,CAMRY,39.15740046,-77.16321061,2023,10,18
230059719,Injury Crash,10/10/2023 06:00:00 PM,WOODFIELD RD,NA,SAME DIR REAR END,Clear,DRY,Daylight,NO CONTROLS,NONE DETECTED,Yes,No Apparent Injury,N/A,UNKNOWN,NA,UNKNOWN,UNKNOWN,45,No,0,UNKNOWN,UNKNOWN,39.15740046,-77.16321061,2023,10,18
230059712,Injury Crash,10/10/2023 05:40:00 PM,E GUDE DR,NA,HEAD ON LEFT TURN,Clear,DRY,Daylight,TRAFFIC SIGNAL,NONE DETECTED,Yes,No Apparent Injury,N/A,LOOKED BUT DID NOT SEE,MD,PASSENGER CAR,MAKING LEFT TURN,40,No,2015,DODGE SUV,SUV,39.10665167,-77.15238883,2023,10,17
230059712,Injury Crash,10/10/2023 05:40:00 PM,E GUDE DR,NA,HEAD ON LEFT TURN,Clear,DRY,Daylight,TRAFFIC SIGNAL,NONE DETECTED,No,Possible Minor Injury,N/A,NOT DISTRACTED,MD,PASSENGER CAR,MOVING CONSTANT SPEED,40,No,2010,HONDA,CIVIC,39.10665167,-77.15238883,2023,10,17
230059705,Property Damage Crash,10/10/2023 05:13:00 PM,OLNEY SANDY SPRING RD,NA,SAME DIR REAR END,Clear,DRY,Daylight,TRAFFIC SIGNAL,NONE DETECTED,Yes,No Apparent Injury,N/A,UNKNOWN,MD,(SPORT) UTILITY VEHICLE,MOVING CONSTANT SPEED,40,No,2017,FORD,TK,39.14477,-77.04751,2023,10,17
230059705,Property Damage Crash,10/10/2023 05:13:00 PM,OLNEY SANDY SPRING RD,NA,SAME DIR REAR END,Clear,DRY,Daylight,TRAFFIC SIGNAL,NONE DETECTED,No,No Apparent Injury,N/A,NOT DISTRACTED,MD,PASSENGER CAR,SLOWING OR STOPPING,40,No,2012,MAZD,SD,39.14477,-77.04751,2023,10,17
230059706,Injury Crash,10/10/2023 05:07:00 PM,POSTOAK RD,PEDESTRIAN,OTHER,Clear,DRY,Daylight,NO CONTROLS,NONE DETECTED,Yes,No Apparent Injury,N/A,OTHER DISTRACTION,MD,PASSENGER CAR,MAKING LEFT TURN,25,No,2019,AUDI,Q7,39.0500744,-77.178077,2023,10,17
230059704,Injury Crash,10/10/2023 05:03:00 PM,WAYNE AVE,NA,ANGLE MEETS LEFT HEAD ON,Clear,DRY,Daylight,TRAFFIC SIGNAL,NONE DETECTED,Yes,Possible Minor Injury,N/A,NOT DISTRACTED,WA,PICKUP TRUCK,MAKING LEFT TURN,30,No,2021,TOYT,PK,38.99930583,-77.0171455,2023,10,17
230059704,Injury Crash,10/10/2023 05:03:00 PM,WAYNE AVE,NA,ANGLE MEETS LEFT HEAD ON,Clear,DRY,Daylight,TRAFFIC SIGNAL,NONE DETECTED,No,No Apparent Injury,N/A,NOT DISTRACTED,MD,(SPORT) UTILITY VEHICLE,STOPPED IN TRAFFIC LANE,30,No,2018,MAZD,CX5,38.99930583,-77.0171455,2023,10,17
230059704,Injury Crash,10/10/2023 05:03:00 PM,WAYNE AVE,NA,ANGLE MEETS LEFT HEAD ON,Clear,DRY,Daylight,TRAFFIC SIGNAL,NONE DETECTED,No,No Apparent Injury,N/A,NOT DISTRACTED,MD,PASSENGER CAR,STOPPED IN TRAFFIC LANE,30,No,2003,INFI,G35,38.99930583,-77.0171455,2023,10,17