Local Case Number,ACRS Report Type,Crash Date/Time,Road Name,Related Non-Motorist,Collision Type,Weather,Surface Condition,Light,Traffic Control,Driver Substance Abuse,Driver At Fault,Injury Severity,Circumstance,Driver Distracted By,Drivers License State,Vehicle Body Type,Vehicle Movement,Speed Limit,Driverless Vehicle,Vehicle Year,Vehicle Make,Vehicle Model,Latitude,Longitude,Year,Month,Hour
230059699,Injury Crash,10/10/2023 04:45:00 PM,UNIVERSITY BLVD W,PEDESTRIAN,SINGLE VEHICLE,Clear,DRY,Daylight,NO CONTROLS,NONE DETECTED,No,No Apparent Injury,N/A,NOT DISTRACTED,MD,PASSENGER CAR,MOVING CONSTANT SPEED,25,No,2007,HOND,SD,39.04165286,-77.04984895,2023,10,16
230059696,Injury Crash,10/10/2023 04:33:00 PM,NA,NA,SINGLE VEHICLE,Clear,NA,Daylight,NO CONTROLS,NONE DETECTED,Yes,Possible Minor Injury,N/A,LOOKED BUT DID NOT SEE,MD,PASSENGER CAR,MAKING RIGHT TURN,5,No,2020,CHEV,SPARK,39.0571248,-77.117119400000007,2023,10,16
230059654,Injury Crash,10/10/2023 04:30:00 PM,SEVEN LOCKS RD,NA,OTHER,Clear,DRY,Daylight,STOP SIGN,NONE DETECTED,No,Suspected Serious Injury,N/A,UNKNOWN,MD,MOTORCYCLE,MOVING CONSTANT SPEED,35,No,2019,HONDA,EN NC750,39.01262,-77.16049,2023,10,16
230059654,Injury Crash,10/10/2023 04:30:00 PM,SEVEN LOCKS RD,NA,OTHER,Clear,DRY,Daylight,STOP SIGN,NONE DETECTED,Yes,No Apparent Injury,N/A,UNKNOWN,MD,PASSENGER CAR,BACKING,35,No,2014,FORD,HATCHBACK,39.01262,-77.16049,2023,10,16
230059691,Property Damage Crash,10/10/2023 04:16:00 PM,RAILROAD ST,NA,SINGLE VEHICLE,Clear,DRY,Daylight,NO CONTROLS,NONE DETECTED,Yes,No Apparent Injury,N/A,NOT DISTRACTED,MD,SCHOOL BUS,MAKING LEFT TURN,25,No,2005,THOMAS,PUSH-MSDE-D-12,39.13730423,-77.17839412,2023,10,16
230059688,Property Damage Crash,10/10/2023 03:55:00 PM,OLNEY SANDY SPRING RD,NA,SAME DIR REAR END,Clear,DRY,Daylight,TRAFFIC SIGNAL,NONE DETECTED,Yes,No Apparent Injury,N/A,NOT DISTRACTED,MD,TRANSIT BUS,MAKING LEFT TURN,30,No,2013,NEW FLYER,XCELSIOR,39.1514311,-77.06132902,2023,10,15
230059688,Property Damage Crash,10/10/2023 03:55:00 PM,OLNEY SANDY SPRING RD,NA,SAME DIR REAR END,Clear,DRY,Daylight,TRAFFIC SIGNAL,NONE DETECTED,No,No Apparent Injury,N/A,UNKNOWN,NA,NA,MAKING LEFT TURN,30,No,0,UNKNOWN,UNKNOWN,39.1514311,-77.06132902,2023,10,15
230059683,Property Damage Crash,10/10/2023 03:27:00 PM,BURLINGTON AVE,NA,SAME DIRECTION SIDESWIPE,Clear,DRY,Daylight,STOP SIGN,NONE DETECTED,No,No Apparent Injury,N/A,NOT DISTRACTED,MD,SCHOOL BUS,PARKED,25,No,2022,THOMAS,SHCOOL BUS,38.98731859,-77.02641228,2023,10,15
230059683,Property Damage Crash,10/10/2023 03:27:00 PM,BURLINGTON AVE,NA,SAME DIRECTION SIDESWIPE,Clear,DRY,Daylight,STOP SIGN,NONE DETECTED,Yes,No Apparent Injury,N/A,UNKNOWN,NA,NA,MOVING CONSTANT SPEED,25,No,0,UNKNOWN,UNKNOWN,38.98731859,-77.02641228,2023,10,15
230059680,Injury Crash,10/10/2023 03:11:00 PM,TUCKERMAN LA,PEDESTRIAN,OTHER,Clear,DRY,Daylight,SCHOOL ZONE SIGN DEVICE,NONE DETECTED,Yes,No Apparent Injury,N/A,LOOKED BUT DID NOT SEE,MD,PASSENGER CAR,MOVING CONSTANT SPEED,25,No,2018,MAZDA,CX-5,39.0438421,-77.1794784,2023,10,15
2300139854,Injury Crash,10/10/2023 12:30:00 PM,NA,NA,SAME DIR REAR END,Clear,NA,Daylight,NO CONTROLS,NONE DETECTED,Unknown,Possible Minor Injury,N/A,NOT DISTRACTED,MD,PASSENGER CAR,ACCELERATING,15,No,2021,HOND,UT,39.15224911,-77.21340567,2023,10,12
2300139854,Injury Crash,10/10/2023 12:30:00 PM,NA,NA,SAME DIR REAR END,Clear,NA,Daylight,NO CONTROLS,NONE DETECTED,Yes,No Apparent Injury,N/A,NOT DISTRACTED,MD,PASSENGER CAR,BACKING,15,No,2023,FORD,CG,39.15224911,-77.21340567,2023,10,12
230059628,Injury Crash,10/10/2023 11:15:00 AM,LONGDRAFT RD,NA,SINGLE VEHICLE,Clear,DRY,Daylight,STOP SIGN,NONE DETECTED,Yes,Possible Minor Injury,N/A,UNKNOWN,MD,(SPORT) UTILITY VEHICLE,MOVING CONSTANT SPEED,30,No,2017,HONDA,CRV,39.12857984,-77.24422281,2023,10,11
230059621,Injury Crash,10/10/2023 10:34:00 AM,FREDERICK RD,NA,HEAD ON LEFT TURN,Clear,DRY,Daylight,NO CONTROLS,NONE DETECTED,Yes,Possible Minor Injury,N/A,NOT DISTRACTED,MD,PASSENGER CAR,MAKING LEFT TURN,45,No,2014,CHEVROLET,VOLT,39.18994244,-77.24152847,2023,10,10
230059621,Injury Crash,10/10/2023 10:34:00 AM,FREDERICK RD,NA,HEAD ON LEFT TURN,Clear,DRY,Daylight,NO CONTROLS,NONE DETECTED,No,Possible Minor Injury,N/A,NOT DISTRACTED,MD,PASSENGER CAR,MOVING CONSTANT SPEED,45,No,2009,ACUR,TL 4S,39.18994244,-77.24152847,2023,10,10
230059597,Injury Crash,10/10/2023 08:20:00 AM,TUCKERMAN LA,NA,SAME DIR REAR END,Cloudy,DRY,Daylight,NO CONTROLS,NONE DETECTED,Yes,No Apparent Injury,N/A,UNKNOWN,NA,PASSENGER CAR,UNKNOWN,35,No,2015,BMW,320I,39.04114067,-77.16454333,2023,10,8
230059597,Injury Crash,10/10/2023 08:20:00 AM,TUCKERMAN LA,NA,SAME DIR REAR END,Cloudy,DRY,Daylight,NO CONTROLS,NONE DETECTED,No,Possible Minor Injury,N/A,NOT DISTRACTED,MD,PASSENGER CAR,STOPPED IN TRAFFIC LANE,35,No,2022,HONDA,CR-V,39.04114067,-77.16454333,2023,10,8
230059593,Property Damage Crash,10/10/2023 08:05:00 AM,NEW HAMPSHIRE AVE,NA,OTHER,Clear,DRY,Daylight,TRAFFIC SIGNAL,NONE DETECTED,Yes,No Apparent Injury,N/A,UNKNOWN,MD,PASSENGER CAR,MOVING CONSTANT SPEED,35,No,2013,HONDA,CIVIC,38.9874774,-76.98782174,2023,10,8
230059593,Property Damage Crash,10/10/2023 08:05:00 AM,NEW HAMPSHIRE AVE,NA,OTHER,Clear,DRY,Daylight,TRAFFIC SIGNAL,NONE DETECTED,No,No Apparent Injury,N/A,NOT DISTRACTED,MD,PASSENGER CAR,MOVING CONSTANT SPEED,25,No,2006,TOYOTA,SOLARA,38.9874774,-76.98782174,2023,10,8
230059564,Property Damage Crash,10/09/2023 11:37:00 PM,FREDERICK RD,NA,STRAIGHT MOVEMENT ANGLE,Clear,DRY,Medium,TRAFFIC SIGNAL,NONE DETECTED,No,No Apparent Injury,N/A,NOT DISTRACTED,MD,PASSENGER CAR,MOVING CONSTANT SPEED,45,No,2003,TOYOTA,4D,39.20477224,-77.24593341,2023,10,23
230059564,Property Damage Crash,10/09/2023 11:37:00 PM,FREDERICK RD,NA,STRAIGHT MOVEMENT ANGLE,Clear,DRY,Medium,TRAFFIC SIGNAL,NONE DETECTED,Yes,No Apparent Injury,N/A,INATTENTIVE OR LOST IN THOUGHT,MD,PASSENGER CAR,MOVING CONSTANT SPEED,45,No,2011,HOND,4S,39.20477224,-77.24593341,2023,10,23
230059548,Property Damage Crash,10/09/2023 08:45:00 PM,PERRY PKWY,NA,OTHER,Rain,WET,Dark,NO CONTROLS,NONE DETECTED,Yes,No Apparent Injury,"N/A, WET",UNKNOWN,MD,PASSENGER CAR,MOVING CONSTANT SPEED,30,No,2007,HONDA,CIVIC,39.14511893,-77.2139787,2023,10,20
230059549,Property Damage Crash,10/09/2023 08:45:00 PM,NEW HAMPSHIRE AVE,NA,SAME DIR REAR END,Clear,DRY,Medium,N/A,ALCOHOL PRESENT,Yes,No Apparent Injury,N/A,NOT DISTRACTED,MD,VAN,SLOWING OR STOPPING,35,No,2008,FORD,VAN,39.021149,-76.97683233,2023,10,20
230059549,Property Damage Crash,10/09/2023 08:45:00 PM,NEW HAMPSHIRE AVE,NA,SAME DIR REAR END,Clear,DRY,Medium,N/A,NONE DETECTED,No,No Apparent Injury,N/A,NOT DISTRACTED,MD,PASSENGER CAR,SLOWING OR STOPPING,35,No,2019,HONDA,CRV,39.021149,-76.97683233,2023,10,20
230059549,Property Damage Crash,10/09/2023 08:45:00 PM,NEW HAMPSHIRE AVE,NA,SAME DIR REAR END,Clear,DRY,Medium,N/A,NONE DETECTED,No,No Apparent Injury,N/A,NOT DISTRACTED,MD,VAN,SLOWING OR STOPPING,35,No,2006,CHEVROLETE,VAN,39.021149,-76.97683233,2023,10,20
230059542,Property Damage Crash,10/09/2023 07:50:00 PM,NA,NA,OTHER,Clear,NA,Medium,NO CONTROLS,NONE DETECTED,Yes,No Apparent Injury,N/A,NOT DISTRACTED,MD,PASSENGER CAR,BACKING,10,No,2006,HONDA,PILOT,39.00013065,-76.99276539,2023,10,19
230059542,Property Damage Crash,10/09/2023 07:50:00 PM,NA,NA,OTHER,Clear,NA,Medium,NO CONTROLS,NONE DETECTED,No,No Apparent Injury,N/A,NOT DISTRACTED,MD,PASSENGER CAR,PARKED,0,No,2021,HONDA,CIVIC,39.00013065,-76.99276539,2023,10,19
230059537,Injury Crash,10/09/2023 07:30:00 PM,UNIVERSITY BLVD W,OTHER PEDALCYCLIST,SINGLE VEHICLE,Clear,DRY,Dark,NO CONTROLS,NONE DETECTED,Yes,No Apparent Injury,N/A,LOOKED BUT DID NOT SEE,MD,PASSENGER CAR,CHANGING LANES,35,No,2021,TOYOTA,SPORT UTILITY,39.02294531,-77.0167265,2023,10,19
230059528,Injury Crash,10/09/2023 06:36:00 PM,NEEDWOOD RD,NA,HEAD ON,Rain,WET,Dark,N/A,NONE DETECTED,Yes,Possible Minor Injury,"RAIN, SNOW, WET",NOT DISTRACTED,MD,PASSENGER CAR,SKIDDING,35,No,2022,FORD,F150,39.12965167,-77.12655167,2023,10,18
230059528,Injury Crash,10/09/2023 06:36:00 PM,NEEDWOOD RD,NA,HEAD ON,Rain,WET,Dark,N/A,NONE DETECTED,No,Possible Minor Injury,"RAIN, SNOW, WET",NOT DISTRACTED,MD,PASSENGER CAR,STOPPED IN TRAFFIC LANE,35,No,2023,NISSAN,FRONTIER,39.12965167,-77.12655167,2023,10,18
230059516,Injury Crash,10/09/2023 05:45:00 PM,MONTGOMERY VILLAGE AVENUE,NA,SAME DIR REAR END,Rain,WET,Medium,TRAFFIC SIGNAL,NONE DETECTED,No,No Apparent Injury,"RAIN, SNOW, WET",NOT DISTRACTED,MD,(SPORT) UTILITY VEHICLE,STOPPED IN TRAFFIC LANE,45,No,2014,JEEP,TK,39.1490864,-77.21633268,2023,10,17
230059516,Injury Crash,10/09/2023 05:45:00 PM,MONTGOMERY VILLAGE AVENUE,NA,SAME DIR REAR END,Rain,WET,Medium,TRAFFIC SIGNAL,NONE DETECTED,No,Possible Minor Injury,"RAIN, SNOW, WET",NOT DISTRACTED,MD,(SPORT) UTILITY VEHICLE,STOPPED IN TRAFFIC LANE,45,No,2017,TOYT,TK,39.1490864,-77.21633268,2023,10,17
230059516,Injury Crash,10/09/2023 05:45:00 PM,MONTGOMERY VILLAGE AVENUE,NA,SAME DIR REAR END,Rain,WET,Medium,TRAFFIC SIGNAL,NONE DETECTED,Yes,No Apparent Injury,"RAIN, SNOW, WET",LOOKED BUT DID NOT SEE,MD,VAN,SLOWING OR STOPPING,45,No,2011,TOYT,VN,39.1490864,-77.21633268,2023,10,17
230059516,Injury Crash,10/09/2023 05:45:00 PM,MONTGOMERY VILLAGE AVENUE,NA,SAME DIR REAR END,Rain,WET,Medium,TRAFFIC SIGNAL,NONE DETECTED,No,No Apparent Injury,"RAIN, SNOW, WET",NOT DISTRACTED,MD,(SPORT) UTILITY VEHICLE,STOPPED IN TRAFFIC LANE,45,No,2022,BMW,UT,39.1490864,-77.21633268,2023,10,17
230059522,Property Damage Crash,10/09/2023 05:30:00 PM,NA,NA,SAME DIR REAR END,Clear,NA,Daylight,NO CONTROLS,NONE DETECTED,No,No Apparent Injury,N/A,NOT DISTRACTED,MD,PASSENGER CAR,PARKED,0,No,2006,HONDA,CRV,38.98619446,-77.09006384,2023,10,17
230059522,Property Damage Crash,10/09/2023 05:30:00 PM,NA,NA,SAME DIR REAR END,Clear,NA,Daylight,NO CONTROLS,ALCOHOL PRESENT,Yes,No Apparent Injury,N/A,USING OTHER DEVICE CONTROLS INTEGRAL TO VEHICLE,MD,PASSENGER CAR,SLOWING OR STOPPING,0,No,2008,FORD,EXPLORER,38.98619446,-77.09006384,2023,10,17
230059499,Injury Crash,10/09/2023 04:24:00 PM,RANDOLPH RD,NA,SINGLE VEHICLE,Clear,DRY,Daylight,NO CONTROLS,NONE DETECTED,Yes,Possible Minor Injury,N/A,OTHER DISTRACTION,MD,PASSENGER CAR,MOVING CONSTANT SPEED,40,No,2005,TOYOTA,COROLLA,39.06708167,-77.01890667,2023,10,16
230059481,Property Damage Crash,10/09/2023 03:21:00 PM,COLUMBIA PIKE,NA,STRAIGHT MOVEMENT ANGLE,Cloudy,DRY,Daylight,TRAFFIC SIGNAL,NONE DETECTED,Yes,No Apparent Injury,N/A,NOT DISTRACTED,MD,PASSENGER CAR,MAKING RIGHT TURN,35,No,2020,HOND,FIT,39.03945133,-76.99798217,2023,10,15
230059481,Property Damage Crash,10/09/2023 03:21:00 PM,COLUMBIA PIKE,NA,STRAIGHT MOVEMENT ANGLE,Cloudy,DRY,Daylight,TRAFFIC SIGNAL,NONE DETECTED,No,No Apparent Injury,N/A,NOT DISTRACTED,MD,(SPORT) UTILITY VEHICLE,MOVING CONSTANT SPEED,35,No,2009,HOND,PILOT,39.03945133,-76.99798217,2023,10,15
230059482,Injury Crash,10/09/2023 03:20:00 PM,LAYHILL RD,NA,SAME DIR REAR END,Clear,DRY,Daylight,TRAFFIC SIGNAL,NONE DETECTED,No,No Apparent Injury,N/A,NOT DISTRACTED,NC,(SPORT) UTILITY VEHICLE,STOPPED IN TRAFFIC LANE,40,No,2019,NISSN,ROUGE,39.06262333,-77.05059,2023,10,15
230059482,Injury Crash,10/09/2023 03:20:00 PM,LAYHILL RD,NA,SAME DIR REAR END,Clear,DRY,Daylight,TRAFFIC SIGNAL,NONE DETECTED,No,No Apparent Injury,N/A,NOT DISTRACTED,MD,PICKUP TRUCK,STOPPED IN TRAFFIC LANE,40,No,2002,CHEVY,C1500,39.06262333,-77.05059,2023,10,15
230059482,Injury Crash,10/09/2023 03:20:00 PM,LAYHILL RD,NA,SAME DIR REAR END,Clear,DRY,Daylight,TRAFFIC SIGNAL,NONE DETECTED,Yes,Possible Minor Injury,N/A,LOOKED BUT DID NOT SEE,MD,PASSENGER CAR,MOVING CONSTANT SPEED,40,No,2021,TOYT,PRIUS,39.06262333,-77.05059,2023,10,15
230059469,Injury Crash,10/09/2023 02:18:00 PM,ROCKVILLE PIKE,PEDESTRIAN,OTHER,Clear,DRY,Daylight,NO CONTROLS,NONE DETECTED,Yes,No Apparent Injury,N/A,LOOKED BUT DID NOT SEE,MD,PASSENGER CAR,MAKING LEFT TURN,35,No,2012,MITS,TK,39.07618533,-77.13832067,2023,10,14
230059459,Property Damage Crash,10/09/2023 01:30:00 PM,COLESVILLE RD,NA,STRAIGHT MOVEMENT ANGLE,Cloudy,DRY,Daylight,TRAFFIC SIGNAL,NONE DETECTED,Yes,No Apparent Injury,N/A,LOOKED BUT DID NOT SEE,MD,"OTHER LIGHT TRUCKS (10,000LBS (4,536KG) OR LESS)",MOVING CONSTANT SPEED,25,No,2019,ISU,ST,38.99788667,-77.02673667,2023,10,13
230059459,Property Damage Crash,10/09/2023 01:30:00 PM,COLESVILLE RD,NA,STRAIGHT MOVEMENT ANGLE,Cloudy,DRY,Daylight,TRAFFIC SIGNAL,NONE DETECTED,No,No Apparent Injury,N/A,NOT DISTRACTED,MD,PASSENGER CAR,MOVING CONSTANT SPEED,25,No,2013,FIAT,500,38.99788667,-77.02673667,2023,10,13
230059423,Property Damage Crash,10/09/2023 10:28:00 AM,HENDERSON AVE,NA,SAME DIR REAR END,Clear,DRY,Daylight,NO CONTROLS,NONE DETECTED,Yes,No Apparent Injury,N/A,UNKNOWN,NA,NA,MOVING CONSTANT SPEED,20,No,0,UNKNOWN,UNKNOWN,39.05500198,-77.06434042,2023,10,10
230059423,Property Damage Crash,10/09/2023 10:28:00 AM,HENDERSON AVE,NA,SAME DIR REAR END,Clear,DRY,Daylight,NO CONTROLS,NONE DETECTED,No,No Apparent Injury,N/A,NOT DISTRACTED,MD,OTHER,MOVING CONSTANT SPEED,20,No,2019,MAKE,TK,39.05500198,-77.06434042,2023,10,10
230054902,Property Damage Crash,10/09/2023 08:18:00 AM,WATKINS MILL RD,NA,SAME DIR REAR END,Clear,DRY,Daylight,TRAFFIC SIGNAL,NONE DETECTED,No,No Apparent Injury,N/A,NOT DISTRACTED,WV,PASSENGER CAR,MOVING CONSTANT SPEED,40,No,2020,JEEP,4D,39.15741717,-77.22291867,2023,10,8
230054902,Property Damage Crash,10/09/2023 08:18:00 AM,WATKINS MILL RD,NA,SAME DIR REAR END,Clear,DRY,Daylight,TRAFFIC SIGNAL,NONE DETECTED,Yes,No Apparent Injury,N/A,LOOKED BUT DID NOT SEE,PA,PASSENGER CAR,MAKING RIGHT TURN,35,No,2006,TOYOTA,SOLARA,39.15741717,-77.22291867,2023,10,8
230059396,Injury Crash,10/09/2023 05:10:00 AM,NEW HAMPSHIRE AVE,NA,STRAIGHT MOVEMENT ANGLE,Clear,DRY,Medium,TRAFFIC SIGNAL,NONE DETECTED,No,No Apparent Injury,N/A,NOT DISTRACTED,MD,PASSENGER CAR,MOVING CONSTANT SPEED,35,No,2007,HONDA,CIVIC,39.02036221,-76.97661322,2023,10,5
230059396,Injury Crash,10/09/2023 05:10:00 AM,NEW HAMPSHIRE AVE,NA,STRAIGHT MOVEMENT ANGLE,Clear,DRY,Medium,TRAFFIC SIGNAL,NONE DETECTED,Yes,Possible Minor Injury,N/A,LOOKED BUT DID NOT SEE,DC,PASSENGER CAR,MAKING LEFT TURN,25,No,2017,VOLKSWAGON,BEETLE,39.02036221,-76.97661322,2023,10,5
230059396,Injury Crash,10/09/2023 05:10:00 AM,NEW HAMPSHIRE AVE,NA,STRAIGHT MOVEMENT ANGLE,Clear,DRY,Medium,TRAFFIC SIGNAL,NONE DETECTED,No,No Apparent Injury,N/A,NOT DISTRACTED,MD,VAN,SLOWING OR STOPPING,35,No,2007,TOYOTA,SIENNA,39.02036221,-76.97661322,2023,10,5
230059393,Property Damage Crash,10/09/2023 03:40:00 AM,DILSTON RD,NA,HEAD ON,Clear,DRY,Medium,NO CONTROLS,NONE DETECTED,Yes,No Apparent Injury,N/A,UNKNOWN,NA,(SPORT) UTILITY VEHICLE,MOVING CONSTANT SPEED,25,No,2007,HONDA,CRV,39.018215,-76.983405,2023,10,3
230059383,Property Damage Crash,10/08/2023 11:45:00 PM,SPENCERVILLE RD,NA,SINGLE VEHICLE,Clear,DRY,Medium,NO CONTROLS,NONE DETECTED,No,No Apparent Injury,N/A,NOT DISTRACTED,MD,PASSENGER CAR,MOVING CONSTANT SPEED,40,No,2011,TOYT,SD,39.11752833,-76.970075,2023,10,23
230059378,Injury Crash,10/08/2023 11:00:00 PM,STRATTON DR,NA,HEAD ON,Clear,DRY,Dark,NO CONTROLS,ALCOHOL PRESENT,Yes,Possible Minor Injury,N/A,UNKNOWN,MD,MOTORCYCLE,NEGOTIATING A CURVE,25,No,2013,SUZUKI,GW250,39.06357552,-77.17147735,2023,10,23
230059201,Property Damage Crash,10/08/2023 09:03:00 PM,RIDGE RD,NA,SINGLE VEHICLE,Clear,N/A,Dark,NO CONTROLS,ALCOHOL PRESENT,Yes,No Apparent Injury,N/A,NOT DISTRACTED,MD,PASSENGER CAR,MOVING CONSTANT SPEED,30,No,2014,AUDI,A6,39.26726535,-77.22173215,2023,10,21
230059367,Injury Crash,10/08/2023 08:55:00 PM,NA,PEDESTRIAN,SINGLE VEHICLE,Clear,NA,Medium,NO CONTROLS,NONE DETECTED,No,No Apparent Injury,N/A,NOT DISTRACTED,NA,(SPORT) UTILITY VEHICLE,ACCELERATING,5,No,2020,NISSAN,ROUGE,39.06087652,-77.05072432,2023,10,20
230059362,Injury Crash,10/08/2023 08:34:00 PM,FREDERICK RD,NA,SINGLE VEHICLE,Clear,DRY,Medium,NO CONTROLS,NONE DETECTED,Yes,Possible Minor Injury,N/A,UNKNOWN,MD,PASSENGER CAR,MOVING CONSTANT SPEED,45,No,2023,CHEVROLET,MALIBU,39.18547164,-77.23952333,2023,10,20
230059365,Property Damage Crash,10/08/2023 08:33:00 PM,NA,NA,OTHER,Clear,NA,Medium,N/A,NONE DETECTED,Yes,No Apparent Injury,N/A,UNKNOWN,NA,PASSENGER CAR,STARTING FROM PARKED,10,No,2008,HONDA,CR-V,39.04041667,-77.04942167,2023,10,20
230063143,Property Damage Crash,10/08/2023 08:33:00 PM,FERN ST,NA,SAME DIR REAR END,Clear,DRY,Medium,NO CONTROLS,NONE DETECTED,Yes,No Apparent Injury,N/A,UNKNOWN,NA,PASSENGER CAR,MOVING CONSTANT SPEED,25,No,2008,HONDA,CR-V,39.04070335,-77.04932777,2023,10,20
230059353,Property Damage Crash,10/08/2023 07:41:00 PM,FREDERICK RD,NA,HEAD ON LEFT TURN,Clear,DRY,Medium,TRAFFIC SIGNAL,NONE DETECTED,Yes,No Apparent Injury,N/A,NOT DISTRACTED,MD,PASSENGER CAR,MOVING CONSTANT SPEED,45,No,2022,HONDA,CIVIC,39.19820553,-77.24500678,2023,10,19
230059353,Property Damage Crash,10/08/2023 07:41:00 PM,FREDERICK RD,NA,HEAD ON LEFT TURN,Clear,DRY,Medium,TRAFFIC SIGNAL,NONE DETECTED,No,No Apparent Injury,N/A,NOT DISTRACTED,ME,PASSENGER CAR,MOVING CONSTANT SPEED,45,No,2015,MERZ,4S,39.19820553,-77.24500678,2023,10,19
230059682,Injury Crash,10/08/2023 06:56:00 PM,16TH ST,MACHINE OPERATOR/RIDER,OTHER,Clear,DRY,Medium,TRAFFIC SIGNAL,NONE DETECTED,Unknown,No Apparent Injury,N/A,NOT DISTRACTED,MD,STATION WAGON,STARTING FROM LANE,35,No,2020,FORD,INTERCEPTOR,38.99440782,-77.03630577,2023,10,18
230059348,Property Damage Crash,10/08/2023 06:55:00 PM,FENTON ST,NA,STRAIGHT MOVEMENT ANGLE,Clear,DRY,Medium,TRAFFIC SIGNAL,NONE DETECTED,No,No Apparent Injury,N/A,NOT DISTRACTED,MD,PASSENGER CAR,MOVING CONSTANT SPEED,35,No,2023,AUDI,UT,38.99020233,-77.02387483,2023,10,18
230059348,Property Damage Crash,10/08/2023 06:55:00 PM,FENTON ST,NA,STRAIGHT MOVEMENT ANGLE,Clear,DRY,Medium,TRAFFIC SIGNAL,NONE DETECTED,Yes,No Apparent Injury,N/A,LOOKED BUT DID NOT SEE,MD,PASSENGER CAR,MOVING CONSTANT SPEED,35,No,2013,HYUN,SONATA,38.99020233,-77.02387483,2023,10,18
230059348,Property Damage Crash,10/08/2023 06:55:00 PM,FENTON ST,NA,STRAIGHT MOVEMENT ANGLE,Clear,DRY,Medium,TRAFFIC SIGNAL,NONE DETECTED,No,No Apparent Injury,N/A,NOT DISTRACTED,MD,PASSENGER CAR,STOPPED IN TRAFFIC LANE,35,No,2016,CHRY,4H,38.99020233,-77.02387483,2023,10,18
230059326,Property Damage Crash,10/08/2023 05:00:00 PM,KERWIN RD,NA,STRAIGHT MOVEMENT ANGLE,Clear,DRY,Daylight,STOP SIGN,NONE DETECTED,Yes,No Apparent Injury,N/A,UNKNOWN,MD,PASSENGER CAR,MOVING CONSTANT SPEED,25,No,2017,LEXS,ES350,39.02770967,-77.02149033,2023,10,17
230059326,Property Damage Crash,10/08/2023 05:00:00 PM,KERWIN RD,NA,STRAIGHT MOVEMENT ANGLE,Clear,DRY,Daylight,STOP SIGN,NONE DETECTED,No,No Apparent Injury,N/A,NOT DISTRACTED,MD,PASSENGER CAR,RIGHT TURN ON RED,25,No,2018,HOND,ACCORD,39.02770967,-77.02149033,2023,10,17
230059315,Property Damage Crash,10/08/2023 03:25:00 PM,NA,NA,OTHER,Clear,NA,Daylight,NO CONTROLS,NONE DETECTED,Yes,No Apparent Injury,N/A,UNKNOWN,MD,PASSENGER CAR,BACKING,10,No,2012,TOYOTA,CAMRY,39.17168817,-77.20285134,2023,10,15
230059315,Property Damage Crash,10/08/2023 03:25:00 PM,NA,NA,OTHER,Clear,NA,Daylight,NO CONTROLS,NONE DETECTED,No,No Apparent Injury,N/A,NOT DISTRACTED,MD,PASSENGER CAR,PARKED,10,No,2020,TOYOTA,RAV4,39.17168817,-77.20285134,2023,10,15
230059310,Property Damage Crash,10/08/2023 03:20:00 PM,MIDDLEBROOK RD,NA,HEAD ON LEFT TURN,Clear,DRY,Daylight,TRAFFIC SIGNAL,NONE DETECTED,Yes,No Apparent Injury,N/A,UNKNOWN,DC,PASSENGER CAR,MOVING CONSTANT SPEED,40,No,2019,CHEVY,MALIBU,39.175005,-77.253785,2023,10,15
230059310,Property Damage Crash,10/08/2023 03:20:00 PM,MIDDLEBROOK RD,NA,HEAD ON LEFT TURN,Clear,DRY,Daylight,TRAFFIC SIGNAL,NONE DETECTED,No,No Apparent Injury,N/A,NOT DISTRACTED,MD,PASSENGER CAR,MAKING LEFT TURN,40,No,1997,TOYOTA,CELSIOR,39.175005,-77.253785,2023,10,15
230059305,Property Damage Crash,10/08/2023 02:42:00 PM,NEW HAMPSHIRE AVE,NA,SAME DIR REAR END,Cloudy,DRY,Daylight,TRAFFIC SIGNAL,NONE DETECTED,No,No Apparent Injury,N/A,NOT DISTRACTED,MD,PASSENGER CAR,SLOWING OR STOPPING,40,No,2018,KIA,FORTE,39.01142196,-76.97903764,2023,10,14
230059305,Property Damage Crash,10/08/2023 02:42:00 PM,NEW HAMPSHIRE AVE,NA,SAME DIR REAR END,Cloudy,DRY,Daylight,TRAFFIC SIGNAL,NONE DETECTED,Yes,No Apparent Injury,N/A,NOT DISTRACTED,MD,PASSENGER CAR,SLOWING OR STOPPING,40,No,2022,BMW,530,39.01142196,-76.97903764,2023,10,14
23295391,Injury Crash,10/08/2023 01:29:00 PM,RANDOLPH RD,NA,STRAIGHT MOVEMENT ANGLE,Clear,DRY,Daylight,TRAFFIC SIGNAL,NONE DETECTED,No,Possible Minor Injury,N/A,NOT DISTRACTED,MD,PASSENGER CAR,MOVING CONSTANT SPEED,35,No,2023,KIA,SPORTAGE,39.05381783,-77.094299,2023,10,13
23295391,Injury Crash,10/08/2023 01:29:00 PM,RANDOLPH RD,NA,STRAIGHT MOVEMENT ANGLE,Clear,DRY,Daylight,TRAFFIC SIGNAL,NONE DETECTED,Yes,Possible Minor Injury,N/A,LOOKED BUT DID NOT SEE,MD,PASSENGER CAR,MOVING CONSTANT SPEED,35,No,2017,SUBA,LEGACY,39.05381783,-77.094299,2023,10,13
230059290,Property Damage Crash,10/08/2023 01:17:00 PM,DALE DR,BICYCLIST,OTHER,Clear,DRY,Daylight,TRAFFIC SIGNAL,NONE DETECTED,Yes,No Apparent Injury,N/A,UNKNOWN,MD,PASSENGER CAR,MAKING RIGHT TURN,35,No,2021,TOYT,UT,39.00527984,-77.02282108,2023,10,13
230059283,Property Damage Crash,10/08/2023 12:55:00 PM,GEORGIA AVE,NA,SAME DIRECTION LEFT TURN,Clear,DRY,Daylight,NO CONTROLS,NONE DETECTED,Yes,No Apparent Injury,N/A,NOT DISTRACTED,MD,PASSENGER CAR,ENTERING TRAFFIC LANE,35,No,2009,HYUNDAI,SANTA FE,39.05172667,-77.05147833,2023,10,12
230059283,Property Damage Crash,10/08/2023 12:55:00 PM,GEORGIA AVE,NA,SAME DIRECTION LEFT TURN,Clear,DRY,Daylight,NO CONTROLS,NONE DETECTED,No,No Apparent Injury,N/A,NOT DISTRACTED,MD,POLICE VEHICLE/EMERGENCY,PASSING,35,No,2014,DODGE,CHARGER,39.05172667,-77.05147833,2023,10,12
230059286,Property Damage Crash,10/08/2023 12:52:00 PM,FREDERICK RD,NA,HEAD ON LEFT TURN,Clear,DRY,Daylight,TRAFFIC SIGNAL,NONE DETECTED,Yes,No Apparent Injury,N/A,UNKNOWN,MD,PASSENGER CAR,ACCELERATING,45,No,2016,TOYOTA,PRIUS,39.119558,-77.17247433,2023,10,12
230059286,Property Damage Crash,10/08/2023 12:52:00 PM,FREDERICK RD,NA,HEAD ON LEFT TURN,Clear,DRY,Daylight,TRAFFIC SIGNAL,NONE DETECTED,No,No Apparent Injury,N/A,NOT DISTRACTED,MD,PASSENGER CAR,MOVING CONSTANT SPEED,45,No,2012,ACURA,TL,39.119558,-77.17247433,2023,10,12
230059272,Injury Crash,10/08/2023 12:10:00 PM,WOODFIELD RD,NA,SAME DIR REAR END,Clear,DRY,Daylight,NO CONTROLS,NONE DETECTED,Yes,Possible Minor Injury,"BACKUP DUE TO REGULAR CONGESTION, N/A",NOT DISTRACTED,MD,MOTORCYCLE,SLOWING OR STOPPING,30,No,2004,HONDA,MC,39.23849705,-77.18195897,2023,10,12